"id";"data_inversa";"dia_semana";"horario";"uf";"br";"km";"municipio";"causa_acidente";"tipo_acidente";"classificacao_acidente";"fase_dia";"sentido_via";"condicao_metereologica";"tipo_pista";"tracado_via";"uso_solo";"pessoas";"mortos";"feridos_leves";"feridos_graves";"ilesos";"ignorados";"feridos";"veiculos";"latitude";"longitude";"regional";"delegacia";"uop"
100842;2018-01-04;"quinta-feira";"07:00:00";"PA";316;17;"MARITUBA";"Falta de Atenção à Condução";"Saída de leito carroçável";"Sem Vítimas";"Pleno dia";"Crescente";"Sol";"Dupla";"Curva";"Sim";2;0;0;0;1;1;0;2;-1,36480417;-48,29977691;"SPRF-PA";"DEL01-PA";"DEL19/1-UOP05/PA"
100843;2018-01-04;"quinta-feira";"10:30:00";"PR";376;174,7;"MARINGA";"Falta de Atenção à Condução";"Colisão lateral";"Sem Vítimas";"Pleno dia";"Decrescente";"Sol";"Dupla";"Reta";"Sim";2;0;0;0;2;0;0;2;-23,41533303;-51,95252624;"SPRF-PR";"DEL07-PR";"UOP01-DEL09-PR"
100845;2018-01-04;"quinta-feira";"11:05:00";"SC";101;55;"JOINVILLE";"Falta de Atenção à Condução";"Colisão lateral";"Sem Vítimas";"Pleno dia";"Decrescente";"Sol";"Dupla";"Reta";"Não";2;0;0;0;2;0;0;2;-26,43089181;-48,82344604;"SPRF-SC";"DEL03-SC";"UOP01-DEL03-SC"
100846;2018-01-04;"quinta-feira";"09:00:00";"SC";280;234,5;"CANOINHAS";"Não guardar distância de segurança";"Colisão traseira";"Sem Vítimas";"Pleno dia";"Crescente";"Sol";"Simples";"Reta";"Não";2;0;0;0;2;0;0;2;-26,19168722;-50,4077909;"SPRF-SC";"DEL06-SC";"UOP04-DEL06-SC"
100849;2018-01-04;"quinta-feira";"04:30:00";"AL";101;237;"PORTO REAL DO COLEGIO";"Falta de Atenção à Condução";"Colisão com objeto estático";"Sem Vítimas";"Amanhecer";"Crescente";"Nublado";"Dupla";"Declive;Reta";"Não";1;0;0;0;1;0;0;1;-10,12583755;-36,78991962;"SPRF-AL";"DEL02-AL";"UOP02-DEL02-AL"
100861;2018-01-04;"quinta-feira";"09:50:00";"MG";153;14,1;"CENTRALINA";"Falta de Atenção do Pedestre";"Atropelamento de Pedestre";"Com Vítimas Fatais";"Pleno dia";"Decrescente";"Chuva";"Dupla";"Reta";"Não";2;1;0;0;1;0;0;2;-18,54296092;-49,19367068;"SPRF-MG";"DEL15-MG";"UOP03-DEL15-MG"
100864;2018-01-04;"quinta-feira";"10:00:00";"AL";316;35,4;"CANAPI";"Objeto estático sobre o leito carroçável";"Colisão com objeto estático";"Sem Vítimas";"Pleno dia";"Decrescente";"Sol";"Dupla";"Reta";"Sim";4;0;0;0;4;0;0;4;-9,11755797;-37,60487884;"SPRF-AL";"DEL03-AL";"UOP02-DEL03-AL"
100866;2018-01-04;"quinta-feira";"11:30:00";"MG";40;785,1;"JUIZ DE FORA";"Defeito Mecânico no Veículo";"Capotamento";"Sem Vítimas";"Pleno dia";"Decrescente";"Chuva";"Dupla";"Reta";"Não";3;0;0;0;3;0;0;2;-21,73646022;-43,44299912;"SPRF-MG";"DEL05-MG";"UOP01-DEL05-MG"
100867;2018-01-04;"quinta-feira";"10:50:00";"PR";376;588;"CURITIBA";"Não guardar distância de segurança";"Engavetamento";"Sem Vítimas";"Pleno dia";"Decrescente";"Céu Claro";"Dupla";"Reta";"Não";4;0;0;0;3;3;0;6;-25,428255;-49,27348;"SPRF-PR";"DEL01-PR";"UOP06-DEL01-PR"
100869;2018-01-04;"quinta-feira";"10:45:00";"PA";308;8,6;"ANANINDEUA";"Desobediência às normas de trânsito pelo condutor";"Colisão lateral";"Com Vítimas Feridas";"Pleno dia";"Decrescente";"Sol";"Dupla";"Reta";"Sim";2;0;1;0;1;0;1;2;-1,36667045;-48,37132215;"SPRF-PA";"DEL01-PA";"DEL19/1-UOP05/PA"
100871;2018-01-04;"quinta-feira";"09:40:00";"RS";392;16,1;"RIO GRANDE";"Desobediência às normas de trânsito pelo condutor";"Colisão transversal";"Com Vítimas Feridas";"Pleno dia";"Crescente";"Sol";"Dupla";"Reta";"Não";3;0;1;0;1;2;1;4;-32,1016078;-52,16373134;"SPRF-RS";"DEL07-RS";"UOP02-DEL07-RS"
100875;2018-01-04;"quinta-feira";"11:20:00";"RJ";101;295;"ITABORAI";"Ultrapassagem Indevida";"Saída de leito carroçável";"Sem Vítimas";"Pleno dia";"Crescente";"Chuva";"Simples";"Reta";"Sim";2;0;0;0;1;1;0;2;-22,763668;-42,90226;"SPRF-RJ";"DEL02-RJ";"DEL5/2-UOP04/RJ"
100877;2018-01-04;"quinta-feira";"10:50:00";"MS";163;400,3;"NOVA ALVORADA DO SUL";"Falta de Atenção à Condução";"Queda de ocupante de veículo";"Com Vítimas Feridas";"Pleno dia";"Crescente";"Sol";"Simples";"Declive";"Não";2;0;1;0;1;0;1;2;-21,1685949;-54,47592258;"SPRF-MS";"DEL02-MS";"UOP01-DEL02-MS"
100885;2018-01-04;"quinta-feira";"12:30:00";"PR";277;5;"PARANAGUA";"Falta de Atenção à Condução";"Colisão transversal";"Com Vítimas Feridas";"Pleno dia";"Decrescente";"Céu Claro";"Dupla";"Interseção de Vias";"Não";4;0;1;0;3;0;1;2;-25,55626409;-48,5645324;"SPRF-PR";"DEL01-PR";"UOP05-DEL01-PR"
100890;2018-01-04;"quinta-feira";"12:30:00";"PA";10;259;"AURORA DO PARA";"Falta de Atenção à Condução";"Colisão lateral";"Com Vítimas Feridas";"Pleno dia";"Crescente";"Céu Claro";"Simples";"Reta";"Não";3;0;1;0;1;1;1;3;-2,13439;-47,5557;"SPRF-PA";"DEL02-PA";"UOP01-DEL02-PA"
100897;2018-01-04;"quinta-feira";"14:00:00";"RS";285;297;"PASSO FUNDO";"Defeito Mecânico no Veículo";"Incêndio";"Sem Vítimas";"Pleno dia";"Decrescente";"Céu Claro";"Simples";"Reta";"Sim";1;0;0;0;1;0;0;1;-28,23207869;-52,43746698;"SPRF-RS";"DEL08-RS";"UOP03-DEL08-RS"
100909;2018-01-04;"quinta-feira";"14:00:00";"MG";40;545;"NOVA LIMA";"Pista Escorregadia";"Colisão lateral";"Sem Vítimas";"Pleno dia";"Crescente";"Chuva";"Dupla";"Reta";"Sim";4;0;0;0;3;1;0;4;-20,00860185;-43,96517694;"SPRF-MG";"DEL01-MG";"UOP02-DEL01-MG"
100918;2018-01-04;"quinta-feira";"15:30:00";"PR";116;65;"CAMPINA GRANDE DO SUL";"Velocidade Incompatível";"Colisão com objeto estático";"Sem Vítimas";"Pleno dia";"Crescente";"Céu Claro";"Dupla";"Curva";"Não";1;0;0;0;1;0;0;1;-25,310318;-49,002079;"SPRF-PR";"DEL01-PR";"UOP02-DEL01-PR"
100929;2018-01-04;"quinta-feira";"14:50:00";"BA";116;419;"FEIRA DE SANTANA";"Ingestão de Álcool";"Colisão lateral";"Sem Vítimas";"Pleno dia";"Decrescente";"Céu Claro";"Dupla";"Reta";"Sim";2;0;0;0;2;0;0;2;-12,267113;-38,966988;"SPRF-BA";"DEL02-BA";"DEL10/2-UOP02/BA"
100933;2018-01-04;"quinta-feira";"14:25:00";"MT";364;179,3;"PEDRA PRETA";"Defeito na Via";"Tombamento";"Sem Vítimas";"Pleno dia";"Crescente";"Nublado";"Simples";"Aclive";"Não";2;0;0;0;1;1;0;2;-16,60274571;-54,48560133;"SPRF-MT";"DEL02-MT";"UOP01-DEL02-MT"
100937;2018-01-04;"quinta-feira";"15:30:00";"PE";101;11,7;"GOIANA";"Falta de Atenção à Condução";"Colisão lateral";"Sem Vítimas";"Pleno dia";"Decrescente";"Céu Claro";"Múltipla";"Reta";"Não";3;0;0;0;2;1;0;3;-7,61276355;-34,97395006;"SPRF-PE";"DEL01-PE";"UOP02-DEL01-PE"
100943;2018-01-04;"quinta-feira";"16:00:00";"MT";163;777;"SORRISO";"Falta de Atenção à Condução";"Saída de leito carroçável";"Sem Vítimas";"Pleno dia";"Crescente";"Chuva";"Simples";"Reta";"Não";2;0;0;0;2;0;0;1;-12,545702;-55,71182;"SPRF-MT";"DEL06-MT";"UOP01-DEL06-MT"
100949;2018-01-04;"quinta-feira";"15:50:00";"MS";163;487,4;"CAMPO GRANDE";"Falta de Atenção à Condução";"Colisão transversal";"Com Vítimas Feridas";"Pleno dia";"Crescente";"Céu Claro";"Simples";"Interseção de Vias";"Sim";4;0;1;0;1;2;1;3;-20,4212;-54,5459;"SPRF-MS";"DEL01-MS";"UOP02-DEL01-MS"
100954;2018-01-04;"quinta-feira";"17:15:00";"SP";116;392;"MIRACATU";"Falta de Atenção à Condução";"Colisão traseira";"Com Vítimas Feridas";"Pleno dia";"Crescente";"Céu Claro";"Dupla";"Reta";"Não";2;0;1;0;0;1;1;2;-24,28366274;-47,43587494;"SPRF-SP";"DEL04-SP";"UOP02-DEL04-SP"
100961;2018-01-04;"quinta-feira";"16:00:00";"MG";365;253,7;"JOAO PINHEIRO";"Velocidade Incompatível";"Saída de leito carroçável";"Sem Vítimas";"Pleno dia";"Crescente";"Chuva";"Simples";"Curva";"Não";1;0;0;0;1;0;0;1;-17,85550009;-45,46842129;"SPRF-MG";"DEL14-MG";"UOP02-DEL14-MG"
100962;2018-01-04;"quinta-feira";"18:00:00";"GO";60;123;"TEREZOPOLIS DE GOIAS";"Falta de Atenção à Condução";"Colisão frontal";"Com Vítimas Feridas";"Pleno dia";"Decrescente";"Nublado";"Dupla";"Declive;Curva";"Não";3;0;1;0;1;1;1;3;-16,5184;-49,1242;"SPRF-GO";"DEL01-GO";"UOP01-DEL01-GO"
100972;2018-01-04;"quinta-feira";"18:50:00";"MG";381;440,9;"SABARA";"Falta de Atenção à Condução";"Colisão frontal";"Com Vítimas Fatais";"Plena Noite";"Crescente";"Chuva";"Simples";"Aclive;Curva";"Não";3;1;0;0;1;1;0;3;-19,8893;-43,805;"SPRF-MG";"DEL01-MG";"UOP01-DEL01-MG"
100975;2018-01-04;"quinta-feira";"17:45:00";"SC";101;418;"ARARANGUA";"Falta de Atenção à Condução";"Colisão transversal";"Sem Vítimas";"Pleno dia";"Crescente";"Sol";"Simples";"Interseção de Vias";"Sim";3;0;0;0;2;1;0;3;-28,9757924;-49,53272671;"SPRF-SC";"DEL02-SC";"UOP02-DEL02-SC"
100978;2018-01-04;"quinta-feira";"16:30:00";"RS";153;376,5;"CACHOEIRA DO SUL";"Falta de Atenção à Condução";"Saída de leito carroçável";"Com Vítimas Feridas";"Pleno dia";"Crescente";"Sol";"Simples";"Curva";"Sim";1;0;1;0;0;0;1;1;-30,00456563;-52,92023063;"SPRF-RS";"DEL02-RS";"UOP02-DEL02-RS"
100982;2018-01-04;"quinta-feira";"19:10:00";"SC";101;13,2;"GARUVA";"Falta de Atenção à Condução";"Colisão traseira";"Sem Vítimas";"Anoitecer";"Decrescente";"Céu Claro";"Dupla";"Reta";"Não";2;0;0;0;1;1;0;2;-26,09658232;-48,8667612;"SPRF-SC";"DEL03-SC";"UOP01-DEL03-SC"
101000;2018-01-04;"quinta-feira";"16:00:00";"PA";155;311;"MARABA";"Falta de Atenção à Condução";"Colisão traseira";"Com Vítimas Feridas";"Pleno dia";"Crescente";"Nublado";"Simples";"Reta";"Sim";2;0;1;0;1;0;1;2;-5,63468688;-49,10199612;"SPRF-PA";"DEL03-PA";"UOP01-DEL03-PA"
101011;2018-01-04;"quinta-feira";"20:00:00";"BA";101;24;"RIO REAL";"Falta de Atenção à Condução";"Colisão lateral";"Com Vítimas Fatais";"Plena Noite";"Crescente";"Céu Claro";"Simples";"Ponte";"Não";3;1;1;0;1;0;1;2;-11,68944704;-37,90196568;"SPRF-SE";"DEL02-SE";"UOP03-DEL02-SE"
101016;2018-01-04;"quinta-feira";"21:40:00";"PE";101;35,8;"IGARASSU";"Condutor Dormindo";"Colisão traseira";"Com Vítimas Fatais";"Plena Noite";"Crescente";"Vento";"Múltipla";"Aclive";"Não";3;2;0;0;1;0;0;2;-7,7976;-34,9269;"SPRF-PE";"DEL01-PE";"UOP02-DEL01-PE"
101023;2018-01-04;"quinta-feira";"22:10:00";"MS";163;21,1;"MUNDO NOVO";"Falta de Atenção à Condução";"Colisão com objeto estático";"Sem Vítimas";"Plena Noite";"Crescente";"Céu Claro";"Simples";"Declive";"Não";2;0;0;0;1;1;0;2;-23,91887341;-54,28892434;"SPRF-MS";"DEL09-MS";"UOP02-DEL09-MS"
101026;2018-01-04;"quinta-feira";"21:50:00";"MG";381;777;"CAMPANHA";"Condutor Dormindo";"Saída de leito carroçável";"Com Vítimas Feridas";"Plena Noite";"Crescente";"Nublado";"Dupla";"Reta";"Não";1;0;1;0;0;0;1;1;-21,8016;-45,4708;"SPRF-MG";"DEL16-MG";"UOP02-DEL16-MG"
101029;2018-01-04;"quinta-feira";"23:58:00";"MS";163;614;"SAO GABRIEL DO OESTE";"Desobediência às normas de trânsito pelo condutor";"Colisão transversal";"Com Vítimas Feridas";"Plena Noite";"Decrescente";"Céu Claro";"Simples";"Reta";"Sim";2;0;1;0;1;0;1;2;-19,39637525;-54,56716061;"SPRF-MS";"DEL06-MS";"UOP02-DEL06-MS"
101031;2018-01-05;"sexta-feira";"00:30:00";"PR";116;82;"PIRAQUARA";"Condutor Dormindo";"Saída de leito carroçável";"Sem Vítimas";"Plena Noite";"Crescente";"Céu Claro";"Dupla";"Reta";"Não";1;0;0;0;1;0;0;1;-25,415276;-49,067802;"SPRF-PR";"DEL01-PR";"UOP07-DEL01-PR"
101033;2018-01-04;"quinta-feira";"22:50:00";"MG";262;650,2;"ARAXA";"Velocidade Incompatível";"Saída de leito carroçável";"Sem Vítimas";"Plena Noite";"Decrescente";"Chuva";"Simples";"Curva";"Não";1;0;0;0;1;0;0;1;-19,594;-46,941;"SPRF-MG";"DEL08-MG";"UOP01-DEL08-MG"
101035;2018-01-05;"sexta-feira";"01:40:00";"PR";116;95;"SAO JOSE DOS PINHAIS";"Condutor Dormindo";"Colisão traseira";"Sem Vítimas";"Plena Noite";"Crescente";"Céu Claro";"Dupla";"Reta";"Não";2;0;0;0;2;0;0;2;-25,497253;-49,117657;"SPRF-PR";"DEL01-PR";"UOP07-DEL01-PR"
101038;2018-01-05;"sexta-feira";"02:25:00";"RS";386;30,5;"FREDERICO WESTPHALEN";"Ingestão de Álcool";"Colisão frontal";"Com Vítimas Fatais";"Plena Noite";"Crescente";"Céu Claro";"Simples";"Reta";"Não";2;1;1;0;0;0;1;2;-27,33254841;-53,3803609;"SPRF-RS";"DEL08-RS";"UOP02-DEL08-RS"
101039;2018-01-05;"sexta-feira";"02:00:00";"SP";153;52,9;"SAO JOSE DO RIO PRETO";"Falta de Atenção à Condução";"Colisão lateral";"Sem Vítimas";"Plena Noite";"Crescente";"Céu Claro";"Dupla";"Reta";"Sim";4;0;0;0;3;1;0;3;-20,73508272;-49,33807473;"SPRF-SP";"DEL09-SP";"UOP01-DEL09-SP"
101041;2018-01-05;"sexta-feira";"02:45:00";"MG";381;761,4;"TRES CORACOES";"Velocidade Incompatível";"Colisão traseira";"Com Vítimas Feridas";"Plena Noite";"Decrescente";"Nublado";"Dupla";"Reta";"Não";4;0;2;0;1;1;2;3;-21,69438096;-45,35521322;"SPRF-MG";"DEL16-MG";"UOP02-DEL16-MG"
101043;2018-01-05;"sexta-feira";"04:00:00";"PR";376;204,4;"MANDAGUARI";"Falta de Atenção à Condução";"Colisão lateral";"Sem Vítimas";"Plena Noite";"Decrescente";"Ignorado";"Dupla";"Curva;Aclive";"Não";3;0;0;0;2;1;0;3;-23,53195068;-51,71693444;"SPRF-PR";"DEL07-PR";"UOP01-DEL09-PR"
101046;2018-01-05;"sexta-feira";"04:15:00";"GO";60;333;"ACREUNA";"Pista Escorregadia";"Saída de leito carroçável";"Com Vítimas Feridas";"Plena Noite";"Decrescente";"Chuva";"Dupla";"Reta";"Não";2;0;1;0;1;0;1;1;-17,5502;-50,5451;"SPRF-GO";"DEL04-GO";"UOP01-DEL04-GO"
101048;2018-01-05;"sexta-feira";"04:40:00";"ES";101;218;"IBIRACU";"Ultrapassagem Indevida";"Saída de leito carroçável";"Com Vítimas Feridas";"Plena Noite";"Crescente";"Céu Claro";"Simples";"Reta";"Não";3;0;2;0;0;1;2;2;-19,85330938;-40,38254499;"SPRF-ES";"DEL02-ES";"UOP01-DEL02-ES"
101050;2018-01-05;"sexta-feira";"04:45:00";"RJ";40;13;"TRES RIOS";"Velocidade Incompatível";"Colisão com objeto estático";"Sem Vítimas";"Plena Noite";"Crescente";"Chuva";"Dupla";"Curva";"Não";2;0;0;0;1;1;0;2;-22,0728;-43,195;"SPRF-RJ";"DEL06-RJ";"UOP02-DEL05-RJ"
101055;2018-01-05;"sexta-feira";"05:00:00";"RJ";40;125;"RIO DE JANEIRO";"Falta de Atenção à Condução";"Colisão lateral";"Com Vítimas Feridas";"Amanhecer";"Decrescente";"Nublado";"Dupla";"Reta";"Sim";4;0;2;0;1;2;2;5;-22,81262462;-43,28790843;"SPRF-RJ";"DEL01-RJ";"UOP02-DEL01-RJ"
101057;2018-01-05;"sexta-feira";"05:50:00";"RS";470;201,6;"BENTO GONCALVES";"Velocidade Incompatível";"Colisão frontal";"Com Vítimas Feridas";"Amanhecer";"Crescente";"Nublado";"Simples";"Curva";"Não";3;0;2;0;1;0;2;2;-29,07620971;-51,58849508;"SPRF-RS";"DEL06-RS";"UOP01-DEL06-RS"
101058;2018-01-05;"sexta-feira";"05:30:00";"SP";153;14,8;"ICEM";"Defeito na Via";"Saída de leito carroçável";"Com Vítimas Feridas";"Amanhecer";"Crescente";"Céu Claro";"Simples";"Ponte";"Não";3;0;1;0;1;1;1;2;-20,418364;-49,266466;"SPRF-SP";"DEL09-SP";"UOP01-DEL09-SP"
101061;2018-01-05;"sexta-feira";"05:20:00";"RN";304;234,6;"RIACHUELO";"Velocidade Incompatível";"Tombamento";"Sem Vítimas";"Pleno dia";"Crescente";"Céu Claro";"Simples";"Reta";"Não";1;0;0;0;1;0;0;1;-5,761115;-35,864316;"SPRF-RN";"DEL01-RN";"UOP02-DEL01-RN"
101062;2018-01-05;"sexta-feira";"06:30:00";"MG";381;491,8;"BETIM";"Falta de Atenção à Condução";"Saída de leito carroçável";"Sem Vítimas";"Amanhecer";"Decrescente";"Chuva";"Dupla";"Aclive";"Não";2;0;0;0;1;1;0;2;-19,96183135;-44,15537164;"SPRF-MG";"DEL01-MG";"UOP03-DEL01-MG"
101063;2018-01-05;"sexta-feira";"03:50:00";"CE";116;298,6;"JAGUARIBE";"Defeito na Via";"Saída de leito carroçável";"Sem Vítimas";"Plena Noite";"Crescente";"Céu Claro";"Simples";"Curva";"Não";2;0;0;0;2;0;0;1;-5,83860795;-38,55908275;"SPRF-CE";"DEL05-CE";"UOP02-DEL05-CE"
101069;2018-01-05;"sexta-feira";"08:00:00";"SP";153;69,8;"SAO JOSE DO RIO PRETO";"Desobediência às normas de trânsito pelo condutor";"Colisão frontal";"Com Vítimas Feridas";"Pleno dia";"Decrescente";"Nublado";"Simples";"Declive";"Sim";6;0;1;0;5;0;1;4;-20,8551223;-49,40514207;"SPRF-SP";"DEL09-SP";"UOP01-DEL09-SP"
101072;2018-01-05;"sexta-feira";"06:50:00";"ES";101;308;"VIANA";"Ultrapassagem Indevida";"Colisão lateral";"Sem Vítimas";"Pleno dia";"Decrescente";"Sol";"Simples";"Reta";"Sim";2;0;0;0;2;0;0;2;-20,39076;-40,49646;"SPRF-ES";"DEL03-ES";"UOP01-DEL03-ES"
101074;2018-01-05;"sexta-feira";"06:40:00";"MT";163;516;"DIAMANTINO";"Defeito na Via";"Tombamento";"Sem Vítimas";"Pleno dia";"Decrescente";"Nublado";"Simples";"Reta";"Não";2;0;0;0;1;1;0;2;-14,40904;-56,446545;"SPRF-MT";"DEL01-MT";"UOP01-DEL01-MT"
101079;2018-01-01;"segunda-feira";"20:00:00";"BA";116;807,3;"VITORIA DA CONQUISTA";"Falta de Atenção à Condução";"Colisão frontal";"Com Vítimas Fatais";"Plena Noite";"Decrescente";"Céu Claro";"Simples";"Reta";"Não";3;1;0;0;1;1;0;3;-14,778013;-40,731336;"SPRF-BA";"DEL08-BA";"UOP01-DEL08-BA"
101080;2018-01-05;"sexta-feira";"07:40:00";"PE";232;198,7;"SANHARO";"Falta de Atenção à Condução";"Colisão traseira";"Com Vítimas Feridas";"Pleno dia";"Decrescente";"Céu Claro";"Simples";"Reta";"Não";2;0;1;0;1;0;1;2;-8,36912736;-36,59408569;"SPRF-PE";"DEL02-PE";"UOP03-DEL02-PE"
101082;2018-01-05;"sexta-feira";"08:15:00";"BA";242;598;"MUQUEM DE SAO FRANCISCO";"Falta de Atenção à Condução";"Colisão transversal";"Com Vítimas Fatais";"Pleno dia";"Decrescente";"Sol";"Simples";"Interseção de Vias";"Não";8;1;1;2;3;1;3;3;-12,1344948;-43,33445549;"SPRF-BA";"DEL10-BA";"UOP03-DEL06-BA"
101092;2018-01-05;"sexta-feira";"07:50:00";"PI";343;15,5;"PARNAIBA";"Não guardar distância de segurança";"Engavetamento";"Sem Vítimas";"Amanhecer";"Decrescente";"Nublado";"Simples";"Reta";"Sim";3;0;0;0;3;0;0;3;-2,94097;-41,755714;"SPRF-PI";"DEL05-PI";"UOP01-DEL05-PI"
101111;2018-01-05;"sexta-feira";"10:30:00";"CE";222;19;"CAUCAIA";"Não guardar distância de segurança";"Colisão traseira";"Com Vítimas Feridas";"Pleno dia";"Crescente";"Céu Claro";"Simples";"Rotatória";"Não";3;0;0;1;1;1;1;3;-3,7358747;-38,74459647;"SPRF-CE";"DEL01-CE";"UOP01-DEL01-CE"
101113;2018-01-05;"sexta-feira";"12:00:00";"MG";381;363,5;"JOAO MONLEVADE";"Desobediência às normas de trânsito pelo condutor";"Colisão frontal";"Com Vítimas Fatais";"Pleno dia";"Crescente";"Chuva";"Simples";"Curva";"Não";2;1;0;0;1;0;0;2;-19,85072602;-43,21652949;"SPRF-MG";"DEL03-MG";"UOP01-DEL03-MG"
101116;2018-01-05;"sexta-feira";"10:45:00";"CE";222;4,9;"CAUCAIA";"Falta de Atenção à Condução";"Colisão lateral";"Com Vítimas Fatais";"Pleno dia";"Decrescente";"Céu Claro";"Múltipla";"Reta";"Sim";3;1;1;0;1;0;1;3;-3,74283367;-38,61243875;"SPRF-CE";"DEL01-CE";"UOP01-DEL01-CE"
101117;2018-01-05;"sexta-feira";"11:20:00";"RJ";116;235,7;"PIRAI";"Falta de Atenção à Condução";"Colisão com objeto estático";"Com Vítimas Feridas";"Pleno dia";"Crescente";"Chuva";"Dupla";"Curva";"Não";1;0;1;0;0;0;1;1;-22,6335;-43,9046;"SPRF-RJ";"DEL07-RJ";"UOP01-DEL07-RJ"
101120;2018-01-05;"sexta-feira";"11:05:00";"ES";101;336;"GUARAPARI";"Carga excessiva e/ou mal acondicionada";"Derramamento de carga";"Sem Vítimas";"Pleno dia";"Crescente";"Céu Claro";"Simples";"Declive;Curva";"Não";2;0;0;0;1;1;0;2;-20,62892859;-40,53646088;"SPRF-ES";"DEL03-ES";"UOP01-DEL03-ES"
101127;2018-01-05;"sexta-feira";"12:10:00";"PR";476;131,9;"CURITIBA";"Desobediência às normas de trânsito pelo condutor";"Tombamento";"Com Vítimas Feridas";"Pleno dia";"Crescente";"Sol";"Múltipla";"Reta";"Sim";3;0;0;1;1;1;1;3;-25,45934152;-49,25022304;"SPRF-PR";"DEL01-PR";"UOP07-DEL01-PR"
101139;2018-01-05;"sexta-feira";"13:10:00";"MG";40;820,6;"SIMAO PEREIRA";"Velocidade Incompatível";"Saída de leito carroçável";"Com Vítimas Feridas";"Pleno dia";"Decrescente";"Nublado";"Dupla";"Curva";"Não";2;0;1;0;0;4;1;5;-21,95724177;-43,29824419;"SPRF-MG";"DEL05-MG";"UOP01-DEL05-MG"
101146;2018-01-05;"sexta-feira";"14:18:00";"RS";116;480;"TURUCU";"Falta de Atenção à Condução";"Colisão com objeto em movimento";"Sem Vítimas";"Pleno dia";"Crescente";"Céu Claro";"Simples";"Reta";"Não";4;0;0;0;4;0;0;4;-31,4219;-52,1777;"SPRF-RS";"DEL07-RS";"UOP01-DEL07-RS"
101148;2018-01-05;"sexta-feira";"13:10:00";"BA";324;512;"FEIRA DE SANTANA";"Falta de Atenção à Condução";"Colisão lateral";"Com Vítimas Feridas";"Pleno dia";"Crescente";"Céu Claro";"Simples";"Reta";"Sim";2;0;0;1;1;0;1;2;-12,23192611;-38,9549768;"SPRF-BA";"DEL02-BA";"UOP01-DEL02-BA"
101149;2018-01-05;"sexta-feira";"13:00:00";"MT";158;561,9;"AGUA BOA";"Falta de Atenção à Condução";"Saída de leito carroçável";"Com Vítimas Feridas";"Pleno dia";"Decrescente";"Céu Claro";"Simples";"Reta";"Não";3;0;1;0;1;1;1;2;-14,0553;-52,1592;"SPRF-MT";"DEL07-MT";"UOP02-DEL07-MT"
101153;2018-01-05;"sexta-feira";"12:30:00";"BA";116;546,5;"MILAGRES";"Mal Súbito";"Saída de leito carroçável";"Sem Vítimas";"Pleno dia";"Crescente";"Céu Claro";"Simples";"Aclive";"Sim";2;0;0;0;1;2;0;3;-12,87433606;-39,85682398;"SPRF-BA";"DEL03-BA";"UOP02-DEL03-BA"
101156;2018-01-05;"sexta-feira";"13:30:00";"BA";116;518;"ITATIM";"Desobediência às normas de trânsito pelo condutor";"Colisão transversal";"Com Vítimas Feridas";"Pleno dia";"Decrescente";"Céu Claro";"Simples";"Reta";"Sim";4;0;1;0;2;2;1;4;-12,6941161;-39,69912082;"SPRF-BA";"DEL03-BA";"UOP02-DEL03-BA"
101157;2018-01-05;"sexta-feira";"13:56:00";"MS";163;444,5;"CAMPO GRANDE";"Ultrapassagem Indevida";"Saída de leito carroçável";"Sem Vítimas";"Pleno dia";"Crescente";"Céu Claro";"Dupla";"Aclive";"Não";1;0;0;0;1;0;0;1;-20,773202;-54,526213;"SPRF-MS";"DEL01-MS";"UOP01-DEL01-MS"
101158;2018-01-05;"sexta-feira";"14:30:00";"MG";40;462,7;"SETE LAGOAS";"Velocidade Incompatível";"Colisão com objeto estático";"Com Vítimas Feridas";"Pleno dia";"Crescente";"Garoa/Chuvisco";"Dupla";"Declive";"Sim";1;0;1;0;0;0;1;1;-19,419;-44,34;"SPRF-MG";"DEL02-MG";"UOP01-DEL02-MG"
101164;2018-01-05;"sexta-feira";"14:51:00";"PA";316;9;"ANANINDEUA";"Não guardar distância de segurança";"Colisão traseira";"Sem Vítimas";"Pleno dia";"Decrescente";"Ignorado";"Simples";"Reta";"Sim";2;0;0;0;2;0;0;2;-1,366236;-48,367805;"SPRF-PA";"DEL01-PA";"DEL19/1-UOP05/PA"
101173;2018-01-05;"sexta-feira";"14:45:00";"PR";476;180;"CONTENDA";"Condutor Dormindo";"Colisão frontal";"Com Vítimas Feridas";"Pleno dia";"Decrescente";"Céu Claro";"Simples";"Curva";"Não";2;0;0;1;1;0;1;2;-25,70760468;-49,59967732;"SPRF-PR";"DEL01-PR";"UOP06-DEL01-PR"
101177;2018-01-05;"sexta-feira";"15:30:00";"SP";116;132,5;"CACAPAVA";"Falta de Atenção à Condução";"Colisão traseira";"Com Vítimas Feridas";"Pleno dia";"Crescente";"Céu Claro";"Dupla";"Reta";"Sim";3;0;1;0;1;1;1;3;-23,13383792;-45,74906061;"SPRF-SP";"DEL06-SP";"UOP02-DEL02-SP"
101183;2018-01-05;"sexta-feira";"15:00:00";"RS";285;247,5;"CIRIACO";"Carga excessiva e/ou mal acondicionada";"Derramamento de carga";"Com Vítimas Feridas";"Pleno dia";"Crescente";"Céu Claro";"Simples";"Curva";"Sim";3;0;1;0;2;0;1;2;-28,28318357;-51,95277035;"SPRF-RS";"DEL08-RS";"UOP03-DEL08-RS"
101192;2018-01-05;"sexta-feira";"14:00:00";"MG";40;486,6;"ESMERALDAS";"Ingestão de Álcool";"Capotamento";"Com Vítimas Feridas";"Pleno dia";"Crescente";"Chuva";"Dupla";"Reta";"Não";1;0;1;0;0;0;1;1;-19,61431321;-44,21537027;"SPRF-MG";"DEL02-MG";"UOP01-DEL02-MG"