"id";"data_inversa";"dia_semana";"horario";"uf";"br";"km";"municipio";"causa_acidente";"tipo_acidente";"classificacao_acidente";"fase_dia";"sentido_via";"condicao_metereologica";"tipo_pista";"tracado_via";"uso_solo";"pessoas";"mortos";"feridos_leves";"feridos_graves";"ilesos";"ignorados";"feridos";"veiculos";"latitude";"longitude";"regional";"delegacia";"uop"
101200;2018-01-05;"sexta-feira";"10:20:00";"SC";163;114,5;"DIONISIO CERQUEIRA";"Falta de Atenção à Condução";"Tombamento";"Sem Vítimas";"Pleno dia";"Decrescente";"Céu Claro";"Simples";"Curva;Aclive";"Não";2;0;0;0;1;1;0;2;-26,37226172;-53,53118198;"SPRF-SC";"DEL07-SC";"UOP04-DEL07-SC"
101204;2018-01-05;"sexta-feira";"16:10:00";"RJ";101;392,6;"RIO DE JANEIRO";"Falta de Atenção à Condução";"Colisão transversal";"Com Vítimas Feridas";"Pleno dia";"Decrescente";"Nublado";"Dupla";"Retorno Regulamentado";"Não";3;0;1;0;2;0;1;2;-22,88853086;-43,70661736;"SPRF-RJ";"DEL03-RJ";"UOP01-DEL03-RJ"
101205;2018-01-05;"sexta-feira";"16:40:00";"RS";116;363;"SENTINELA DO SUL";"Falta de Atenção à Condução";"Colisão transversal";"Com Vítimas Feridas";"Pleno dia";"Decrescente";"Céu Claro";"Simples";"Interseção de Vias";"Não";4;0;0;1;2;1;1;3;-30,637312;-51,5534842;"SPRF-RS";"DEL02-RS";"UOP03-DEL02-RS"
101207;2018-01-05;"sexta-feira";"17:00:00";"MG";381;344;"BELA VISTA DE MINAS";"Velocidade Incompatível";"Colisão frontal";"Com Vítimas Feridas";"Pleno dia";"Crescente";"Chuva";"Simples";"Curva";"Não";5;0;2;1;2;0;3;2;-19,83180364;-43,09599102;"SPRF-MG";"DEL03-MG";"UOP01-DEL03-MG"
101213;2018-01-05;"sexta-feira";"17:35:00";"PR";277;279,7;"PRUDENTOPOLIS";"Defeito Mecânico no Veículo";"Colisão lateral";"Com Vítimas Feridas";"Pleno dia";"Crescente";"Céu Claro";"Simples";"Curva";"Não";3;0;1;0;1;1;1;3;-25,32097412;-50,9682852;"SPRF-PR";"DEL03-PR";"UOP02-DEL08-PR"
101214;2018-01-05;"sexta-feira";"07:00:00";"MA";226;123,7;"SENADOR ALEXANDRE COSTA";"Falta de Atenção à Condução";"Colisão traseira";"Com Vítimas Feridas";"Pleno dia";"Decrescente";"Céu Claro";"Simples";"Reta";"Não";3;0;1;0;1;1;1;3;-5,27797335;-43,85055542;"SPRF-MA";"DEL03-MA";"UOP02-DEL03-MA"
101217;2018-01-05;"sexta-feira";"17:50:00";"RJ";116;228;"PIRAI";"Falta de Atenção à Condução";"Colisão com objeto estático";"Sem Vítimas";"Pleno dia";"Decrescente";"Chuva";"Dupla";"Curva";"Não";1;0;0;0;1;0;0;1;-22,6335;-43,9046;"SPRF-RJ";"DEL07-RJ";"UOP01-DEL07-RJ"
101219;2018-01-05;"sexta-feira";"16:10:00";"PI";343;318;"ALTOS";"Defeito Mecânico no Veículo";"Colisão lateral";"Sem Vítimas";"Pleno dia";"Decrescente";"Nublado";"Simples";"Curva";"Não";3;0;0;0;3;0;0;3;-5,043957;-42,553181;"SPRF-PI";"DEL01-PI";"UOP01-DEL01-PI"
101221;2018-01-05;"sexta-feira";"17:40:00";"GO";153;498,8;"GOIANIA";"Falta de Atenção à Condução";"Colisão com objeto estático";"Sem Vítimas";"Anoitecer";"Crescente";"Chuva";"Dupla";"Reta";"Sim";1;0;0;0;1;0;0;1;-16,68710403;-49,23345919;"SPRF-GO";"DEL01-GO";"UOP01-DEL01-GO"
101227;2018-01-05;"sexta-feira";"18:00:00";"MG";381;349,6;"JOAO MONLEVADE";"Velocidade Incompatível";"Colisão frontal";"Com Vítimas Feridas";"Anoitecer";"Decrescente";"Chuva";"Simples";"Declive;Curva";"Não";4;0;0;2;1;2;2;4;-19,85926306;-43,10737699;"SPRF-MG";"DEL03-MG";"UOP01-DEL03-MG"
101232;2018-01-05;"sexta-feira";"18:30:00";"MG";381;757,5;"TRES CORACOES";"Velocidade Incompatível";"Colisão com objeto estático";"Com Vítimas Feridas";"Anoitecer";"Crescente";"Chuva";"Dupla";"Reta";"Não";7;0;4;1;1;1;5;3;-21,68341247;-45,34353586;"SPRF-MG";"DEL16-MG";"UOP02-DEL16-MG"
101244;2018-01-05;"sexta-feira";"16:30:00";"RO";319;63;"PORTO VELHO";"Falta de Atenção à Condução";"Colisão transversal";"Com Vítimas Feridas";"Pleno dia";"Decrescente";"Céu Claro";"Dupla";"Reta";"Sim";3;0;2;0;1;0;2;2;-8,753036;-63,886997;"SPRF-RO";"DEL01-RO";"UOP01-DEL01-RO"
101245;2018-01-05;"sexta-feira";"18:30:00";"GO";60;64,5;"ABADIANIA";"Falta de Atenção à Condução";"Colisão com objeto estático";"Com Vítimas Feridas";"Pleno dia";"Decrescente";"Céu Claro";"Dupla";"Reta";"Não";2;0;1;0;1;0;1;2;-16,202004;-48,738191;"SPRF-GO";"DEL02-GO";"UOP01-DEL02-GO"
101249;2018-01-05;"sexta-feira";"17:30:00";"PE";101;54;"PAULISTA";"Falta de Atenção à Condução";"Colisão traseira";"Sem Vítimas";"Anoitecer";"Crescente";"Céu Claro";"Simples";"Viaduto";"Sim";2;0;0;0;2;0;0;2;-7,948435;-34,906761;"SPRF-PE";"DEL01-PE";"UOP02-DEL01-PE"
101251;2018-01-05;"sexta-feira";"18:20:00";"BA";242;328;"LENCOIS";"Velocidade Incompatível";"Tombamento";"Com Vítimas Feridas";"Anoitecer";"Crescente";"Céu Claro";"Simples";"Curva";"Não";2;0;1;0;0;1;1;2;-12,49292367;-41,32828049;"SPRF-BA";"DEL06-BA";"UOP01-DEL06-BA"
101256;2018-01-05;"sexta-feira";"19:25:00";"RS";386;373,2;"PAVERAMA";"Falta de Atenção à Condução";"Colisão transversal";"Com Vítimas Fatais";"Pleno dia";"Decrescente";"Céu Claro";"Dupla";"Rotatória";"Sim";2;1;0;0;1;0;0;2;-29,61656698;-51,78656012;"SPRF-RS";"DEL04-RS";"UOP02-DEL04-RS"
101275;2018-01-05;"sexta-feira";"20:40:00";"MG";116;813,8;"ALEM PARAIBA";"Pista Escorregadia";"Colisão frontal";"Com Vítimas Feridas";"Plena Noite";"Decrescente";"Chuva";"Simples";"Curva";"Não";5;0;3;0;1;1;3;3;-21,8637;-42,6689;"SPRF-MG";"DEL07-MG";"UOP01-DEL07-MG"
101280;2018-01-05;"sexta-feira";"13:00:00";"MT";364;349;"SANTO ANTONIO DO LEVERGER";"Carga excessiva e/ou mal acondicionada";"Tombamento";"Com Vítimas Feridas";"Pleno dia";"Crescente";"Chuva";"Dupla";"Reta";"Não";2;0;1;0;0;1;1;2;-15,79272847;-55,58027387;"SPRF-MT";"DEL02-MT";"UOP02-DEL01-MT"
101285;2018-01-05;"sexta-feira";"21:45:00";"MG";251;442;"GRAO MOGOL";"Falta de Atenção à Condução";"Colisão traseira";"Com Vítimas Feridas";"Plena Noite";"Decrescente";"Nublado";"Simples";"Reta";"Não";12;0;1;0;10;2;1;5;-16,4062;-43,2293;"SPRF-MG";"DEL12-MG";"UOP01-DEL12-MG"
101289;2018-01-05;"sexta-feira";"17:30:00";"PI";316;266,6;"IPIRANGA DO PIAUI";"Defeito Mecânico no Veículo";"Incêndio";"Sem Vítimas";"Pleno dia";"Decrescente";"Nublado";"Simples";"Reta";"Não";1;0;0;0;1;0;0;1;-6,894111;-41,7435;"SPRF-PI";"DEL04-PI";"UOP02-DEL04-PI"
101304;2018-01-05;"sexta-feira";"09:00:00";"PI";135;544;"SAO GONCALO DO GURGUEIA";"Velocidade Incompatível";"Saída de leito carroçável";"Com Vítimas Feridas";"Pleno dia";"Decrescente";"Céu Claro";"Simples";"Curva";"Não";2;0;1;0;0;1;1;2;-10,064223;-45,276653;"SPRF-PI";"DEL03-PI";"UOP02-DEL03-PI"
101307;2018-01-05;"sexta-feira";"22:00:00";"BA";324;608;"SIMOES FILHO";"Defeito Mecânico no Veículo";"Colisão com objeto em movimento";"Com Vítimas Feridas";"Plena Noite";"Crescente";"Céu Claro";"Dupla";"Reta";"Sim";5;0;3;0;1;1;3;3;-12,787;-38,4001;"SPRF-BA";"DEL01-BA";"UOP01-DEL01-BA"
101308;2018-01-05;"sexta-feira";"22:45:00";"PR";277;71;"SAO JOSE DOS PINHAIS";"Defeito Mecânico no Veículo";"Colisão traseira";"Com Vítimas Feridas";"Plena Noite";"Crescente";"Céu Claro";"Dupla";"Curva";"Não";3;0;1;1;1;0;2;2;-25,50979517;-49,12783384;"SPRF-PR";"DEL01-PR";"UOP07-DEL01-PR"
101309;2018-01-05;"sexta-feira";"22:45:00";"MS";158;303;"TRES LAGOAS";"Sinalização da via insuficiente ou inadequada";"Colisão transversal";"Com Vítimas Feridas";"Plena Noite";"Crescente";"Nublado";"Simples";"Reta";"Não";3;0;1;0;1;3;1;5;-20,7598;-51,6951;"SPRF-MS";"DEL07-MS";"UOP01-DEL07-MS"
101310;2018-01-05;"sexta-feira";"20:40:00";"MT";364;181;"PEDRA PRETA";"Defeito Mecânico no Veículo";"Incêndio";"Sem Vítimas";"Plena Noite";"Crescente";"Nublado";"Simples";"Curva";"Não";1;0;0;0;1;0;0;1;-16,59899615;-54,5007062;"SPRF-MT";"DEL02-MT";"UOP01-DEL02-MT"
101320;2018-01-06;"sábado";"00:50:00";"PR";373;258;"PRUDENTOPOLIS";"Falta de Atenção à Condução";"Colisão lateral";"Com Vítimas Feridas";"Plena Noite";"Decrescente";"Nublado";"Simples";"Curva";"Não";2;0;0;1;1;0;1;2;-25,2128;-50,9817;"SPRF-PR";"DEL03-PR";"UOP01-DEL03-PR"
101324;2018-01-06;"sábado";"03:10:00";"SP";116;15,3;"LAVRINHAS";"Defeito Mecânico no Veículo";"Incêndio";"Sem Vítimas";"Plena Noite";"Crescente";"Garoa/Chuvisco";"Dupla";"Curva";"Não";2;0;0;0;1;1;0;2;-22,55987718;-44,83175392;"SPRF-SP";"DEL08-SP";"UOP02-DEL08-SP"
101328;2018-01-06;"sábado";"04:20:00";"SC";101;219;"PALHOCA";"Velocidade Incompatível";"Colisão lateral";"Sem Vítimas";"Plena Noite";"Decrescente";"Nublado";"Dupla";"Reta";"Sim";4;0;0;0;3;1;0;4;-27,68489617;-48,66655089;"SPRF-SC";"DEL01-SC";"UOP02-DEL01-SC"
101330;2018-01-06;"sábado";"03:40:00";"MS";158;100,1;"PARANAIBA";"Falta de Atenção à Condução";"Saída de leito carroçável";"Com Vítimas Feridas";"Amanhecer";"Crescente";"Nublado";"Simples";"Declive";"Não";3;0;2;0;0;2;2;3;-19,70441011;-51,15170002;"SPRF-MS";"DEL08-MS";"UOP01-DEL08-MS"
101331;2018-01-06;"sábado";"03:35:00";"PE";101;51,8;"PAULISTA";"Animais na Pista";"Saída de leito carroçável";"Sem Vítimas";"Amanhecer";"Decrescente";"Nublado";"Dupla";"Curva";"Não";2;0;0;0;1;1;0;2;-7,91959934;-34,89745013;"SPRF-PE";"DEL01-PE";"UOP02-DEL01-PE"
101333;2018-01-06;"sábado";"04:10:00";"RS";472;174,8;"SANTA ROSA";"Condutor Dormindo";"Colisão transversal";"Com Vítimas Feridas";"Plena Noite";"Crescente";"Céu Claro";"Simples";"Curva";"Não";3;0;1;0;1;1;1;3;-27,85647406;-54,51116681;"SPRF-RS";"DEL10-RS";"UOP01-DEL10-RS"
101334;2018-01-06;"sábado";"05:00:00";"GO";153;666,7;"GOIATUBA";"Defeito Mecânico no Veículo";"Saída de leito carroçável";"Sem Vítimas";"Plena Noite";"Crescente";"Céu Claro";"Dupla";"Curva";"Não";1;0;0;0;1;0;0;1;-18,10125288;-49,27464095;"SPRF-GO";"DEL03-GO";"UOP02-DEL03-GO"
101336;2018-01-06;"sábado";"05:00:00";"MG";116;441;"ENGENHEIRO CALDAS";"Velocidade Incompatível";"Colisão lateral";"Com Vítimas Feridas";"Amanhecer";"Crescente";"Céu Claro";"Simples";"Curva";"Não";2;0;0;1;0;1;1;2;-19,07699243;-41,99937612;"SPRF-MG";"DEL06-MG";"UOP02-DEL06-MG"
101339;2018-01-06;"sábado";"04:30:00";"MG";40;179;"JOAO PINHEIRO";"Condutor Dormindo";"Colisão transversal";"Com Vítimas Fatais";"Amanhecer";"Decrescente";"Nevoeiro/Neblina";"Simples";"Curva";"Não";7;1;3;1;1;1;4;3;-17,96722;-45,989456;"SPRF-MG";"DEL14-MG";"UOP02-DEL14-MG"
101363;2018-01-06;"sábado";"07:15:00";"CE";116;7;"FORTALEZA";"Desobediência às normas de trânsito pelo condutor";"Colisão transversal";"Com Vítimas Feridas";"Pleno dia";"Decrescente";"Nublado";"Dupla";"Interseção de Vias";"Sim";3;0;2;0;0;1;2;2;-3,81241249;-38,49967463;"SPRF-CE";"DEL01-CE";"UOP02-DEL01-CE"
101364;2018-01-06;"sábado";"06:40:00";"PB";101;116,8;"CAAPORA";"Não guardar distância de segurança";"Tombamento";"Com Vítimas Feridas";"Pleno dia";"Decrescente";"Céu Claro";"Múltipla";"Declive";"Não";2;0;1;0;0;1;1;2;-7,41947908;-34,96079944;"SPRF-PB";"DEL01-PB";"UOP01-DEL01-PB"
101366;2018-01-06;"sábado";"01:00:00";"MG";251;333,9;"FRUTA DE LEITE";"Velocidade Incompatível";"Tombamento";"Com Vítimas Feridas";"Plena Noite";"Decrescente";"Nublado";"Simples";"Curva;Declive";"Não";1;0;0;1;0;0;1;1;-16,25819147;-42,40435166;"SPRF-MG";"DEL12-MG";"UOP01-DEL12-MG"
101375;2018-01-06;"sábado";"09:15:00";"PR";277;584,7;"CASCAVEL";"Falta de Atenção à Condução";"Colisão traseira";"Com Vítimas Feridas";"Pleno dia";"Decrescente";"Sol";"Simples";"Reta";"Sim";5;0;1;0;3;1;1;4;-24,956297;-53,455727;"SPRF-PR";"DEL04-PR";"UOP01-DEL04-PR"
101381;2018-01-06;"sábado";"09:31:00";"GO";153;205;"URUACU";"Ultrapassagem Indevida";"Colisão lateral";"Com Vítimas Feridas";"Pleno dia";"Crescente";"Chuva";"Simples";"Aclive";"Não";4;0;1;0;2;1;1;4;-14,557212;-49,158016;"SPRF-GO";"DEL07-GO";"UOP02-DEL07-GO"
101384;2018-01-06;"sábado";"09:30:00";"MG";381;314;"ANTONIO DIAS";"Ultrapassagem Indevida";"Tombamento";"Sem Vítimas";"Pleno dia";"Crescente";"Céu Claro";"Simples";"Curva";"Não";2;0;0;0;1;1;0;2;-19,66500786;-42,96479344;"SPRF-MG";"DEL03-MG";"UOP02-DEL03-MG"
101385;2018-01-06;"sábado";"10:35:00";"PR";277;69;"SAO JOSE DOS PINHAIS";"Falta de Atenção do Pedestre";"Atropelamento de Pedestre";"Com Vítimas Feridas";"Pleno dia";"Decrescente";"Céu Claro";"Dupla";"Reta";"Não";3;0;0;1;1;2;1;4;-25,5307;-49,1958;"SPRF-PR";"DEL01-PR";"UOP07-DEL01-PR"
101386;2018-01-06;"sábado";"10:15:00";"SC";101;213;"PALHOCA";"Não guardar distância de segurança";"Colisão traseira";"Sem Vítimas";"Pleno dia";"Decrescente";"Céu Claro";"Múltipla";"Reta";"Sim";2;0;0;0;2;0;0;2;-27,6446;-48,6705;"SPRF-SC";"DEL01-SC";"UOP02-DEL01-SC"
101392;2018-01-06;"sábado";"09:12:00";"PB";101;11,6;"MAMANGUAPE";"Velocidade Incompatível";"Colisão traseira";"Com Vítimas Feridas";"Pleno dia";"Crescente";"Céu Claro";"Dupla";"Reta;Declive";"Sim";3;0;1;0;1;2;1;4;-6,5974559;-35,1448031;"SPRF-PB";"DEL01-PB";"UOP04-DEL01-PB"
101396;2018-01-06;"sábado";"10:50:00";"RJ";493;1;"ITABORAI";"Falta de Atenção à Condução";"Colisão transversal";"Com Vítimas Feridas";"Pleno dia";"Crescente";"Nublado";"Simples";"Reta";"Não";3;0;1;0;2;0;1;3;-22,76985032;-42,92263985;"SPRF-RJ";"DEL04-RJ";"UOP02-DEL04-RJ"
101397;2018-01-06;"sábado";"09:10:00";"BA";116;693;"JEQUIE";"Ultrapassagem Indevida";"Capotamento";"Com Vítimas Feridas";"Pleno dia";"Crescente";"Céu Claro";"Simples";"Reta";"Não";3;0;1;0;1;1;1;2;-14,02237437;-40,19186139;"SPRF-BA";"DEL03-BA";"UOP01-DEL03-BA"
101400;2018-01-06;"sábado";"10:05:00";"MT";364;566,7;"NOBRES";"Fenômenos da Natureza";"Saída de leito carroçável";"Com Vítimas Feridas";"Pleno dia";"Crescente";"Chuva";"Dupla";"Reta";"Não";2;0;1;0;0;3;1;4;-14,732211;-56,318905;"SPRF-MT";"DEL01-MT";"UOP01-DEL01-MT"
101413;2018-01-06;"sábado";"10:40:00";"MT";364;555;"ROSARIO OESTE";"Falta de Atenção à Condução";"Saída de leito carroçável";"Com Vítimas Feridas";"Pleno dia";"Crescente";"Chuva";"Dupla";"Reta";"Não";2;0;2;0;0;0;2;1;-14,813424;-56,420258;"SPRF-MT";"DEL01-MT";"UOP01-DEL01-MT"
101419;2018-01-06;"sábado";"11:30:00";"CE";20;425;"FORTALEZA";"Falta de Atenção à Condução";"Colisão lateral";"Sem Vítimas";"Pleno dia";"Crescente";"Céu Claro";"Dupla";"Reta";"Não";2;0;0;0;2;0;0;2;-3,86507351;-38,51777941;"SPRF-CE";"DEL01-CE";"UOP02-DEL01-CE"
101425;2018-01-06;"sábado";"12:00:00";"PE";232;39;"VITORIA DE SANTO ANTAO";"Falta de Atenção à Condução";"Colisão lateral";"Sem Vítimas";"Pleno dia";"Decrescente";"Céu Claro";"Dupla";"Curva";"Não";2;0;0;0;2;0;0;2;-8,117274;-35,227139;"SPRF-PE";"DEL01-PE";"UOP02-DEL02PE"
101429;2018-01-06;"sábado";"12:30:00";"RS";290;539;"ALEGRETE";"Ingestão de Álcool";"Saída de leito carroçável";"Sem Vítimas";"Pleno dia";"Decrescente";"Céu Claro";"Simples";"Reta";"Não";2;0;0;0;1;1;0;2;-29,99259343;-55,41276455;"SPRF-RS";"DEL13-RS";"UOP02-DEL13-RS"
101430;2018-01-06;"sábado";"09:00:00";"BA";116;19,8;"ABARE";"Falta de Atenção à Condução";"Saída de leito carroçável";"Sem Vítimas";"Pleno dia";"Crescente";"Céu Claro";"Simples";"Declive";"Não";4;0;0;0;1;3;0;3;-8,79400151;-39,26009;"SPRF-PE";"DEL05-PE";"UOP03-DEL05-PE"
101432;2018-01-06;"sábado";"11:00:00";"PE";232;79,2;"GRAVATA";"Falta de Atenção à Condução";"Colisão transversal";"Sem Vítimas";"Pleno dia";"Decrescente";"Céu Claro";"Simples";"Reta";"Não";2;0;0;0;2;0;0;2;-8,19546086;-35,56426764;"SPRF-PE";"DEL01-PE";"UOP02-DEL02PE"
101441;2018-01-06;"sábado";"13:40:00";"SP";116;224;"GUARULHOS";"Falta de Atenção à Condução";"Colisão lateral";"Com Vítimas Feridas";"Pleno dia";"Decrescente";"Nublado";"Múltipla";"Reta";"Não";3;0;1;0;2;0;1;2;-23,463257;-46,53373;"SPRF-SP";"DEL01-SP";"UOP01-DEL01-SP"
101446;2018-01-06;"sábado";"13:30:00";"RN";304;58,7;"MOSSORO";"Mal Súbito";"Colisão frontal";"Com Vítimas Fatais";"Pleno dia";"Crescente";"Nublado";"Simples";"Reta";"Não";6;1;2;2;1;0;4;2;-5,3107643;-37,2764504;"SPRF-RN";"DEL04-RN";"UOP01-DEL04-RN"
101448;2018-01-06;"sábado";"13:15:00";"MT";364;258,7;"JUSCIMEIRA";"Falta de Atenção à Condução";"Colisão lateral";"Sem Vítimas";"Pleno dia";"Crescente";"Nublado";"Simples";"Reta";"Sim";2;0;0;0;2;0;0;2;-16,05093099;-54,8860031;"SPRF-MT";"DEL02-MT";"UOP02-DEL05-MT"
101452;2018-01-06;"sábado";"12:00:00";"PR";153;460,3;"UNIAO DA VITORIA";"Defeito Mecânico no Veículo";"Capotamento";"Com Vítimas Fatais";"Pleno dia";"Decrescente";"Céu Claro";"Simples";"Curva";"Não";5;4;0;0;0;1;0;2;-26,224693;-51,135174;"SPRF-PR";"DEL02-PR";"UOP03-DEL02-PR"
101455;2018-01-06;"sábado";"12:50:00";"PR";277;42;"MORRETES";"Defeito Mecânico no Veículo";"Colisão com objeto estático";"Sem Vítimas";"Pleno dia";"Crescente";"Céu Claro";"Dupla";"Reta";"Não";2;0;0;0;1;2;0;3;-25,477423;-48,834866;"SPRF-PR";"DEL01-PR";"UOP07-DEL01-PR"
101459;2018-01-06;"sábado";"15:10:00";"SC";101;307,3;"LAGUNA";"Ingestão de Álcool";"Colisão traseira";"Com Vítimas Feridas";"Pleno dia";"Decrescente";"Céu Claro";"Simples";"Reta";"Não";3;0;1;0;2;0;1;3;-28,39879298;-48,78448285;"SPRF-SC";"DEL02-SC";"UOP03-DEL02-SC"
101466;2018-01-06;"sábado";"13:25:00";"MT";364;278;"JACIARA";"Falta de Atenção à Condução";"Saída de leito carroçável";"Sem Vítimas";"Pleno dia";"Decrescente";"Chuva";"Dupla";"Curva";"Não";2;0;0;0;1;1;0;2;-15,94568599;-55,00573985;"SPRF-MT";"DEL02-MT";"UOP02-DEL05-MT"
101469;2018-01-06;"sábado";"13:05:00";"SC";470;222,9;"SAO CRISTOVAO DO SUL";"Falta de Atenção à Condução";"Colisão frontal";"Com Vítimas Feridas";"Pleno dia";"Decrescente";"Chuva";"Simples";"Reta";"Não";3;0;0;1;1;1;1;3;-27,31032605;-50,24423218;"SPRF-SC";"DEL02-SC";"UOP03-DEL02-SC"
101478;2018-01-06;"sábado";"15:30:00";"MG";381;800,9;"SAO GONCALO DO SAPUCAI";"Falta de Atenção à Condução";"Saída de leito carroçável";"Sem Vítimas";"Pleno dia";"Crescente";"Nublado";"Dupla";"Curva";"Não";2;0;0;0;2;0;0;2;-21,93683063;-45,61370552;"SPRF-MG";"DEL16-MG";"UOP02-DEL16-MG"
101481;2018-01-06;"sábado";"15:00:00";"BA";101;663,5;"ITAPEBI";"Carga excessiva e/ou mal acondicionada";"Tombamento";"Sem Vítimas";"Pleno dia";"Decrescente";"Céu Claro";"Simples";"Curva";"Não";2;0;0;0;1;1;0;2;-15,9629;-39,5607;"SPRF-BA";"DEL09-BA";"UOP01-DEL09-BA"
101485;2018-01-06;"sábado";"16:10:00";"MG";381;827,9;"SAO SEBASTIAO DA BELA VISTA";"Falta de Atenção à Condução";"Colisão lateral";"Com Vítimas Feridas";"Pleno dia";"Crescente";"Nublado";"Dupla";"Reta";"Não";4;0;1;0;2;1;1;3;-22,10875264;-45,74104434;"SPRF-MG";"DEL16-MG";"UOP01-DEL16-MG"
101503;2018-01-06;"sábado";"14:55:00";"SC";101;107,9;"PENHA";"Falta de Atenção à Condução";"Tombamento";"Com Vítimas Feridas";"Pleno dia";"Crescente";"Céu Claro";"Dupla";"Reta";"Não";2;0;1;0;0;1;1;2;-26,83397025;-48,69801521;"SPRF-SC";"DEL03-SC";"UOP02-DEL03-SC"
101516;2018-01-06;"sábado";"16:20:00";"RJ";40;97;"DUQUE DE CAXIAS";"Defeito Mecânico no Veículo";"Saída de leito carroçável";"Com Vítimas Feridas";"Pleno dia";"Crescente";"Nublado";"Simples";"Curva";"Não";2;0;2;0;0;0;2;1;-22,57364423;-43,27788485;"SPRF-RJ";"DEL06-RJ";"UOP01-DEL06-RJ"
101522;2018-01-06;"sábado";"14:10:00";"PI";316;233,5;"INHUMA";"Falta de Atenção à Condução";"Colisão lateral";"Com Vítimas Feridas";"Pleno dia";"Crescente";"Sol";"Simples";"Reta";"Não";6;0;1;1;3;1;2;3;-6,62777788;-41,72161102;"SPRF-PI";"DEL04-PI";"UOP02-DEL04-PI"
101536;2018-01-06;"sábado";"17:00:00";"SP";116;205;"ARUJA";"Pista Escorregadia";"Colisão traseira";"Sem Vítimas";"Pleno dia";"Crescente";"Chuva";"Múltipla";"Reta";"Não";57;0;0;0;56;1;0;3;-23,3965;-46,3214;"SPRF-SP";"DEL01-SP";"UOP01-DEL01-SP"
101550;2018-01-06;"sábado";"15:20:00";"BA";110;58,8;"JEREMOABO";"Pista Escorregadia";"Colisão lateral";"Com Vítimas Feridas";"Pleno dia";"Crescente";"Chuva";"Simples";"Curva";"Não";3;0;1;0;1;2;1;4;-9,93647955;-38,2924597;"SPRF-BA";"DEL07-BA";"UOP01-DEL07-BA"
101561;2018-01-06;"sábado";"14:00:00";"MS";267;174;"NOVA ANDRADINA";"Defeito Mecânico no Veículo";"Saída de leito carroçável";"Sem Vítimas";"Pleno dia";"Crescente";"Chuva";"Simples";"Reta";"Não";2;0;0;0;1;1;0;2;-21,6159;-53,7086;"SPRF-MS";"DEL02-MS";"DEL3/7-UOP02/MS"
101563;2018-01-06;"sábado";"21:20:00";"MG";381;674,5;"PERDOES";"Falta de Atenção à Condução";"Colisão lateral";"Sem Vítimas";"Plena Noite";"Crescente";"Chuva";"Dupla";"Curva";"Não";2;0;0;0;2;0;0;2;-21,08892068;-45,06715393;"SPRF-MG";"DEL04-MG";"UOP02-DEL04-MG"
101609;2018-01-06;"sábado";"23:30:00";"PE";407;63,8;"PETROLINA";"Animais na Pista";"Atropelamento de Animal";"Com Vítimas Feridas";"Plena Noite";"Decrescente";"Céu Claro";"Simples";"Reta";"Não";3;0;2;0;0;1;2;2;-9,39904;-40,501163;"SPRF-PE";"DEL06-PE";"UOP02-DEL06-PE"
101619;2018-01-06;"sábado";"19:40:00";"RJ";493;7,1;"ITABORAI";"Animais na Pista";"Atropelamento de Animal";"Com Vítimas Feridas";"Plena Noite";"Decrescente";"Nublado";"Simples";"Ponte";"Não";2;0;1;0;0;1;1;2;-22,72133105;-42,9512479;"SPRF-RJ";"DEL04-RJ";"UOP02-DEL04-RJ"
101622;2018-01-07;"domingo";"02:45:00";"MG";381;771,5;"CAMPANHA";"Defeito Mecânico no Veículo";"Saída de leito carroçável";"Sem Vítimas";"Plena Noite";"Crescente";"Nublado";"Dupla";"Reta";"Não";2;0;0;0;1;1;0;2;-21,7696519;-45,42205291;"SPRF-MG";"DEL16-MG";"UOP02-DEL16-MG"
101628;2018-01-07;"domingo";"02:45:00";"MG";381;497,9;"BETIM";"Defeito Mecânico no Veículo";"Incêndio";"Sem Vítimas";"Plena Noite";"Decrescente";"Nublado";"Simples";"Reta";"Não";2;0;0;0;1;1;0;2;-19,9954;-44,208;"SPRF-MG";"DEL01-MG";"UOP03-DEL01-MG"
101632;2018-01-07;"domingo";"03:00:00";"RJ";101;304,7;"SAO GONCALO";"Animais na Pista";"Atropelamento de Animal";"Sem Vítimas";"Plena Noite";"Crescente";"Céu Claro";"Dupla";"Reta";"Não";1;0;0;0;1;0;0;1;-22,78639705;-42,99302098;"SPRF-RJ";"DEL02-RJ";"DEL5/2-UOP04/RJ"
101638;2018-01-07;"domingo";"04:00:00";"MG";381;817,5;"CAREACU";"Falta de Atenção à Condução";"Saída de leito carroçável";"Sem Vítimas";"Plena Noite";"Crescente";"Chuva";"Dupla";"Reta";"Não";1;0;0;0;1;0;0;1;-22,04678284;-45,69033086;"SPRF-MG";"DEL16-MG";"UOP02-DEL16-MG"
101646;2018-01-07;"domingo";"05:50:00";"CE";116;535,5;"PENAFORTE";"Sinalização da via insuficiente ou inadequada";"Colisão frontal";"Com Vítimas Feridas";"Pleno dia";"Decrescente";"Nublado";"Simples";"Reta";"Não";3;0;1;0;1;2;1;4;-7,751534;-39,060038;"SPRF-CE";"DEL05-CE";"UOP03-DEL05-CE"
101647;2018-01-07;"domingo";"03:20:00";"RO";364;9;"VILHENA";"Falta de Atenção à Condução";"Tombamento";"Sem Vítimas";"Plena Noite";"Decrescente";"Chuva";"Dupla";"Reta";"Sim";2;0;0;0;1;2;0;3;-12,75627482;-60,10226905;"SPRF-RO";"DEL04-RO";"UOP01-DEL04-RO"