"id";"data_inversa";"dia_semana";"horario";"uf";"br";"km";"municipio";"causa_acidente";"tipo_acidente";"classificacao_acidente";"fase_dia";"sentido_via";"condicao_metereologica";"tipo_pista";"tracado_via";"uso_solo";"pessoas";"mortos";"feridos_leves";"feridos_graves";"ilesos";"ignorados";"feridos";"veiculos";"latitude";"longitude";"regional";"delegacia";"uop"
101652;2018-01-06;"sábado";"13:10:00";"GO";60;320,7;"ACREUNA";"Velocidade Incompatível";"Saída de leito carroçável";"Sem Vítimas";"Pleno dia";"Crescente";"Chuva";"Dupla";"Reta";"Não";1;0;0;0;1;0;0;1;-17,4933478;-50,45811776;"SPRF-GO";"DEL04-GO";"UOP01-DEL04-GO"
101653;2018-01-07;"domingo";"07:30:00";"MG";50;203,7;"DELTA";"Condutor Dormindo";"Colisão traseira";"Com Vítimas Feridas";"Pleno dia";"Decrescente";"Nublado";"Dupla";"Aclive";"Não";7;0;4;1;1;1;5;3;-19,95398317;-47,80283783;"SPRF-MG";"DEL13-MG";"UOP01-DEL13-MG"
101658;2018-01-07;"domingo";"06:09:00";"MG";40;589;"ITABIRITO";"Condutor Dormindo";"Colisão traseira";"Com Vítimas Feridas";"Amanhecer";"Crescente";"Nublado";"Simples";"Aclive";"Não";3;0;1;0;1;1;1;3;-20,3658;-43,9101;"SPRF-MG";"DEL01-MG";"UOP02-DEL01-MG"
101670;2018-01-07;"domingo";"07:25:00";"BA";116;579,5;"NOVA ITARANA";"Restrição de Visibilidade";"Colisão lateral";"Sem Vítimas";"Pleno dia";"Decrescente";"Céu Claro";"Simples";"Curva";"Não";5;0;0;0;4;3;0;6;-13,10492393;-39,98387218;"SPRF-BA";"DEL03-BA";"UOP02-DEL03-BA"
101674;2018-01-07;"domingo";"03:30:00";"MA";222;652;"ACAILANDIA";"Defeito Mecânico no Veículo";"Incêndio";"Sem Vítimas";"Plena Noite";"Crescente";"Nublado";"Simples";"Reta";"Não";1;0;0;0;0;1;0;1;-4,95394;-47,5019;"SPRF-MA";"DEL04-MA";"UOP03-DEL04-MA"
101679;2018-01-07;"domingo";"06:50:00";"MA";135;5,2;"SAO LUIS";"Falta de Atenção à Condução";"Colisão transversal";"Com Vítimas Feridas";"Amanhecer";"Crescente";"Chuva";"Dupla";"Reta";"Sim";4;0;1;0;2;2;1;4;-2,62300804;-44,25910174;"SPRF-MA";"DEL01-MA";"UOP01-DEL01-MA"
101689;2018-01-07;"domingo";"10:05:00";"MG";381;721;"CARMO DA CACHOEIRA";"Velocidade Incompatível";"Tombamento";"Com Vítimas Feridas";"Pleno dia";"Decrescente";"Nublado";"Dupla";"Curva";"Não";2;0;1;0;1;0;1;2;-21,4403;-45,2096;"SPRF-MG";"DEL04-MG";"UOP02-DEL04-MG"
101692;2018-01-07;"domingo";"10:30:00";"MG";354;713,4;"CAXAMBU";"Velocidade Incompatível";"Colisão frontal";"Com Vítimas Feridas";"Pleno dia";"Crescente";"Chuva";"Simples";"Curva;Aclive";"Não";3;0;2;0;1;0;2;2;-21,977701;-44,932884;"SPRF-MG";"DEL05-MG";"DEL5/4-UOP01/MG"
101696;2018-01-07;"domingo";"07:30:00";"PI";316;30;"DEMERVAL LOBAO";"Carga excessiva e/ou mal acondicionada";"Derramamento de carga";"Sem Vítimas";"Pleno dia";"Decrescente";"Nublado";"Simples";"Reta";"Não";2;0;0;0;1;3;0;4;-5,333146;-42,697548;"SPRF-PI";"DEL01-PI";"UOP02-DEL01-PI"
101701;2018-01-07;"domingo";"05:00:00";"BA";242;352;"PALMEIRAS";"Velocidade Incompatível";"Saída de leito carroçável";"Sem Vítimas";"Amanhecer";"Decrescente";"Garoa/Chuvisco";"Simples";"Curva";"Não";1;0;0;0;1;0;0;1;-12,43206786;-41,50685192;"SPRF-BA";"DEL06-BA";"UOP01-DEL06-BA"
101717;2018-01-07;"domingo";"11:00:00";"PE";101;28,5;"IGARASSU";"Falta de Atenção à Condução";"Colisão traseira";"Com Vítimas Feridas";"Pleno dia";"Crescente";"Sol";"Dupla";"Reta";"Não";3;0;0;1;0;2;1;3;-7,72584901;-34,94140002;"SPRF-PE";"DEL01-PE";"UOP02-DEL01-PE"
101720;2018-01-07;"domingo";"11:20:00";"PR";272;368,2;"CAMPO MOURAO";"Não guardar distância de segurança";"Colisão traseira";"Com Vítimas Feridas";"Pleno dia";"Crescente";"Céu Claro";"Dupla";"Reta";"Sim";3;0;2;0;1;0;2;2;-24,054867;-52,411413;"SPRF-PR";"DEL04-PR";"UOP03-DEL09-PR"
101726;2018-01-07;"domingo";"14:00:00";"RJ";393;121,3;"SAPUCAIA";"Carga excessiva e/ou mal acondicionada";"Tombamento";"Sem Vítimas";"Pleno dia";"Decrescente";"Sol";"Simples";"Curva";"Não";2;0;0;0;1;1;0;2;-21,94368741;-42,83199728;"SPRF-RJ";"DEL06-RJ";"UOP01-DEL05-RJ"
101729;2018-01-07;"domingo";"14:20:00";"MG";146;526,7;"MUZAMBINHO";"Defeito Mecânico no Veículo";"Colisão com objeto estático";"Sem Vítimas";"Pleno dia";"Crescente";"Chuva";"Simples";"Declive;Curva";"Não";2;0;0;0;1;2;0;3;-21,31875168;-46,59046412;"SPRF-MG";"DEL09-MG";"UOP01-DEL09-MG"
101753;2018-01-07;"domingo";"16:00:00";"MG";365;461;"PATROCINIO";"Falta de Atenção à Condução";"Colisão traseira";"Com Vítimas Feridas";"Pleno dia";"Crescente";"Céu Claro";"Simples";"Reta";"Não";7;0;3;0;3;1;3;3;-18,86988366;-46,9015494;"SPRF-MG";"DEL10-MG";"UOP01-DEL10-MG"
101762;2018-01-07;"domingo";"16:10:00";"TO";226;13;"PALMEIRAS DO TOCANTINS";"Defeito na Via";"Tombamento";"Com Vítimas Feridas";"Pleno dia";"Decrescente";"Céu Claro";"Simples";"Reta";"Não";2;0;1;0;1;0;1;1;-6,618478;-47,553204;"SPRF-TO";"DEL02-TO";"UOP03-DEL02-TO"
101767;2018-01-07;"domingo";"14:30:00";"BA";116;79,3;"MACURURE";"Falta de Atenção à Condução";"Colisão traseira";"Com Vítimas Fatais";"Pleno dia";"Decrescente";"Céu Claro";"Simples";"Reta";"Não";7;3;2;1;1;0;3;2;-9,2975542;-39,07208482;"SPRF-BA";"DEL07-BA";"UOP01-DEL07-BA"
101769;2018-01-07;"domingo";"15:00:00";"AM";174;1082,6;"PRESIDENTE FIGUEIREDO";"Falta de Atenção à Condução";"Tombamento";"Com Vítimas Feridas";"Pleno dia";"Crescente";"Céu Claro";"Simples";"Curva";"Não";2;0;2;0;0;0;2;2;-1,34207611;-60,37293077;"SPRF-AM";"DEL01-AM";"UOP02-DEL01-AM"
101774;2018-01-07;"domingo";"16:20:00";"SE";235;50;"ITABAIANA";"Falta de Atenção à Condução";"Colisão transversal";"Sem Vítimas";"Pleno dia";"Crescente";"Céu Claro";"Simples";"Reta";"Sim";2;0;0;0;2;0;0;2;-10,707879;-37,42606;"SPRF-SE";"DEL01-SE";"UOP02-DEL01-SE"
101775;2018-01-07;"domingo";"17:30:00";"PR";376;338,9;"ORTIGUEIRA";"Falta de Atenção à Condução";"Colisão lateral";"Sem Vítimas";"Pleno dia";"Crescente";"Céu Claro";"Simples";"Declive;Curva";"Não";3;0;0;0;2;2;0;4;-24,18922921;-50,96102641;"SPRF-PR";"DEL07-PR";"UOP02-DEL07-PR"
101778;2018-01-07;"domingo";"18:00:00";"GO";153;530;"HIDROLANDIA";"Falta de Atenção à Condução";"Colisão frontal";"Com Vítimas Feridas";"Pleno dia";"Decrescente";"Nublado";"Simples";"Reta";"Sim";2;0;0;1;1;0;1;2;-16,9677;-49,2331;"SPRF-GO";"DEL01-GO";"UOP03-DEL01-GO"
101785;2018-01-07;"domingo";"18:15:00";"RS";116;529,7;"PELOTAS";"Desobediência às normas de trânsito pelo condutor";"Colisão transversal";"Sem Vítimas";"Pleno dia";"Crescente";"Céu Claro";"Simples";"Interseção de Vias";"Sim";6;0;0;0;5;1;0;3;-31,675027;-52,345383;"SPRF-RS";"DEL07-RS";"UOP01-DEL07-RS"
101788;2018-01-07;"domingo";"18:30:00";"RJ";116;125;"MAGE";"Pista Escorregadia";"Colisão com objeto estático";"Sem Vítimas";"Pleno dia";"Decrescente";"Chuva";"Dupla";"Curva";"Não";1;0;0;0;1;0;0;1;-22,663122;-43,114724;"SPRF-RJ";"DEL04-RJ";"UOP02-DEL04-RJ"
101792;2018-01-07;"domingo";"18:00:00";"SP";116;532,5;"BARRA DO TURVO";"Velocidade Incompatível";"Engavetamento";"Sem Vítimas";"Pleno dia";"Decrescente";"Chuva";"Dupla";"Reta";"Não";11;0;0;0;11;0;0;5;-24,756866;-48,50514;"SPRF-SP";"DEL05-SP";"UOP02-DEL05-SP"
101797;2018-01-07;"domingo";"18:00:00";"MS";158;329;"BRASILANDIA";"Restrição de Visibilidade";"Colisão traseira";"Com Vítimas Feridas";"Anoitecer";"Crescente";"Nublado";"Simples";"Reta";"Não";2;0;1;0;1;0;1;2;-21,2564;-52,0415;"SPRF-MS";"DEL07-MS";"UOP01-DEL07-MS"
101799;2018-01-07;"domingo";"18:40:00";"MG";40;597;"OURO PRETO";"Falta de Atenção à Condução";"Saída de leito carroçável";"Com Vítimas Feridas";"Anoitecer";"Crescente";"Nublado";"Dupla";"Declive";"Não";2;0;1;0;0;1;1;2;-20,4208;-43,8811;"SPRF-MG";"DEL05-MG";"UOP02-DEL05-MG"
101800;2018-01-07;"domingo";"19:30:00";"MG";40;516;"CONTAGEM";"Defeito Mecânico no Veículo";"Colisão transversal";"Com Vítimas Feridas";"Plena Noite";"Crescente";"Nublado";"Dupla";"Reta";"Sim";2;0;1;0;1;0;1;2;-19,8278;-44,0836;"SPRF-MG";"DEL01-MG";"UOP03-DEL01-MG"
101806;2018-01-07;"domingo";"20:00:00";"PR";116;112;"CURITIBA";"Falta de Atenção à Condução";"Tombamento";"Sem Vítimas";"Anoitecer";"Decrescente";"Nublado";"Dupla";"Reta";"Sim";1;0;0;0;1;0;0;1;-25,56317481;-49,25687728;"SPRF-PR";"DEL01-PR";"UOP01-DEL01-PR"
101827;2018-01-07;"domingo";"21:58:00";"MG";381;498,9;"BETIM";"Velocidade Incompatível";"Colisão traseira";"Com Vítimas Feridas";"Plena Noite";"Crescente";"Nublado";"Múltipla";"Interseção de Vias";"Sim";6;0;3;0;2;1;3;3;-19,9913922;-44,20717657;"SPRF-MG";"DEL01-MG";"UOP03-DEL01-MG"
101836;2018-01-07;"domingo";"16:00:00";"MA";10;237;"GOVERNADOR EDISON LOBAO";"Ultrapassagem Indevida";"Atropelamento de Pedestre";"Com Vítimas Fatais";"Pleno dia";"Crescente";"Céu Claro";"Simples";"Reta";"Sim";4;2;0;2;0;0;2;2;-5,64818;-47,393967;"SPRF-MA";"DEL04-MA";"UOP01-DEL04-MA"
101839;2018-01-07;"domingo";"22:30:00";"ES";101;66,2;"SAO MATEUS";"Falta de Atenção do Pedestre";"Atropelamento de Pedestre";"Com Vítimas Feridas";"Plena Noite";"Decrescente";"Céu Claro";"Simples";"Reta";"Sim";2;0;1;0;1;0;1;2;-18,71695308;-39,87351269;"SPRF-ES";"DEL04-ES";"UOP02-DEL04-ES"
101840;2018-01-07;"domingo";"20:00:00";"MS";158;88;"PARANAIBA";"Falta de Atenção à Condução";"Tombamento";"Com Vítimas Feridas";"Plena Noite";"Crescente";"Chuva";"Simples";"Reta";"Não";2;0;1;0;0;2;1;3;-19,60248787;-51,21826172;"SPRF-MS";"DEL08-MS";"UOP01-DEL08-MS"
101846;2018-01-07;"domingo";"21:55:00";"TO";153;609,6;"CRIXAS DO TOCANTINS";"Ultrapassagem Indevida";"Colisão transversal";"Sem Vítimas";"Plena Noite";"Crescente";"Céu Claro";"Simples";"Reta";"Não";6;0;0;0;5;1;0;3;-11,18143104;-48,92835372;"SPRF-TO";"DEL02-TO";"UOP02-DEL01-TO"
101860;2018-01-07;"domingo";"23:15:00";"SC";153;114,7;"CONCORDIA";"Falta de Atenção à Condução";"Colisão com objeto em movimento";"Sem Vítimas";"Plena Noite";"Decrescente";"Céu Claro";"Simples";"Curva";"Não";2;0;0;0;2;0;0;2;-27,34536173;-51,98579132;"SPRF-SC";"DEL07-SC";"UOP04-DEL07-SC"
101864;2018-01-08;"segunda-feira";"00:51:00";"RS";290;85;"CACHOEIRINHA";"Ingestão de Álcool";"Colisão traseira";"Com Vítimas Feridas";"Plena Noite";"Crescente";"Céu Claro";"Dupla";"Reta";"Não";2;0;1;0;1;0;1;2;-29,96342113;-51,09691406;"SPRF-RS";"DEL01-RS";"UOP01-DEL01-RS"
101867;2018-01-08;"segunda-feira";"01:00:00";"PE";101;132;"ESCADA";"Pista Escorregadia";"Capotamento";"Com Vítimas Feridas";"Plena Noite";"Decrescente";"Nublado";"Dupla";"Reta";"Não";1;0;0;1;0;0;1;1;-8,3966;-35,2616;"SPRF-PE";"DEL01-PE";"UOP03-DEL01-PE"
101870;2018-01-08;"segunda-feira";"03:00:00";"SP";153;148,5;"PROMISSAO";"Defeito na Via";"Tombamento";"Sem Vítimas";"Plena Noite";"Crescente";"Garoa/Chuvisco";"Simples";"Reta";"Não";1;0;0;0;1;0;0;1;-21,404297;-49,788249;"SPRF-SP";"DEL07-SP";"UOP01-DEL07-SP"
101875;2018-01-08;"segunda-feira";"00:10:00";"PR";373;417,9;"FOZ DO JORDAO";"Falta de Atenção à Condução";"Colisão frontal";"Com Vítimas Fatais";"Plena Noite";"Crescente";"Céu Claro";"Simples";"Curva";"Não";3;1;0;0;1;1;0;3;-25,68276962;-52,14764178;"SPRF-PR";"DEL03-PR";"UOP01-DEL08-PR"
101877;2018-01-07;"domingo";"23:20:00";"PR";153;365,6;"RIO AZUL";"Desobediência às normas de trânsito pelo condutor";"Colisão frontal";"Com Vítimas Fatais";"Plena Noite";"Crescente";"Céu Claro";"Simples";"Reta";"Não";2;1;0;0;1;0;0;2;-25,70197018;-50,78018094;"SPRF-PR";"DEL03-PR";"UOP02-DEL08-PR"
101882;2018-01-08;"segunda-feira";"05:30:00";"ES";101;315,8;"VILA VELHA";"Velocidade Incompatível";"Colisão frontal";"Com Vítimas Fatais";"Amanhecer";"Crescente";"Céu Claro";"Simples";"Curva;Declive";"Não";5;3;0;0;1;2;0;4;-20,475408;-40,471118;"SPRF-ES";"DEL03-ES";"UOP01-DEL03-ES"
101885;2018-01-08;"segunda-feira";"03:00:00";"MG";116;641,5;"DIVINO";"Falta de Atenção à Condução";"Colisão traseira";"Sem Vítimas";"Plena Noite";"Crescente";"Céu Claro";"Simples";"Reta;Aclive";"Não";2;0;0;0;2;0;0;2;-20,65178001;-42,25210905;"SPRF-MG";"DEL07-MG";"UOP03-DEL07-MG"
101887;2018-01-08;"segunda-feira";"06:50:00";"RJ";116;228;"PIRAI";"Carga excessiva e/ou mal acondicionada";"Tombamento";"Com Vítimas Feridas";"Pleno dia";"Decrescente";"Chuva";"Dupla";"Curva";"Não";4;0;2;0;1;1;2;3;-22,6335;-43,9046;"SPRF-RJ";"DEL07-RJ";"UOP01-DEL07-RJ"
101890;2018-01-08;"segunda-feira";"06:45:00";"PR";376;497;"PONTA GROSSA";"Carga excessiva e/ou mal acondicionada";"Derramamento de carga";"Sem Vítimas";"Pleno dia";"Decrescente";"Céu Claro";"Dupla";"Viaduto";"Sim";2;0;0;0;1;1;0;2;-25,14942011;-50,14541566;"SPRF-PR";"DEL03-PR";"UOP04-DEL03-PR"
101898;2018-01-08;"segunda-feira";"05:40:00";"BA";101;248;"CONCEICAO DO ALMEIDA";"Carga excessiva e/ou mal acondicionada";"Tombamento";"Com Vítimas Feridas";"Pleno dia";"Crescente";"Céu Claro";"Simples";"Curva";"Não";2;0;2;0;0;0;2;1;-12,8738;-39,2158;"SPRF-BA";"DEL01-BA";"UOP02-DEL01-BA"
101900;2018-01-08;"segunda-feira";"06:00:00";"GO";452;61,5;"MAURILANDIA";"Defeito na Via";"Saída de leito carroçável";"Sem Vítimas";"Amanhecer";"Decrescente";"Garoa/Chuvisco";"Simples";"Curva";"Não";3;0;0;0;2;2;0;4;-18,001644;-50,375821;"SPRF-GO";"DEL04-GO";"UOP01-DEL04-GO"
101901;2018-01-08;"segunda-feira";"07:40:00";"PR";277;60,4;"SAO JOSE DOS PINHAIS";"Falta de Atenção à Condução";"Colisão traseira";"Sem Vítimas";"Pleno dia";"Decrescente";"Garoa/Chuvisco";"Dupla";"Reta";"Não";2;0;0;0;2;0;0;2;-25,55155334;-49,03856859;"SPRF-PR";"DEL01-PR";"UOP07-DEL01-PR"
101917;2018-01-08;"segunda-feira";"08:00:00";"SP";116;139;"SAO JOSE DOS CAMPOS";"Defeito Mecânico no Veículo";"Derramamento de carga";"Sem Vítimas";"Pleno dia";"Crescente";"Chuva";"Dupla";"Reta";"Não";2;0;0;0;1;1;0;2;-23,161556;-45,804054;"SPRF-SP";"DEL06-SP";"UOP02-DEL02-SP"
101925;2018-01-04;"quinta-feira";"12:50:00";"SC";470;128;"LONTRAS";"Desobediência às normas de trânsito pelo condutor";"Colisão transversal";"Com Vítimas Feridas";"Pleno dia";"Crescente";"Sol";"Simples";"Reta;Declive";"Não";3;0;2;0;0;1;2;3;-27,13606508;-49,54257846;"SPRF-SC";"DEL04-SC";"UOP02-DEL04-SC"
101932;2018-01-08;"segunda-feira";"09:45:00";"PR";277;329,8;"GUARAPUAVA";"Falta de Atenção à Condução";"Colisão traseira";"Com Vítimas Feridas";"Pleno dia";"Decrescente";"Céu Claro";"Simples";"Reta;Aclive";"Não";7;0;2;1;2;4;3;7;-25,35788995;-51,35841519;"SPRF-PR";"DEL03-PR";"UOP01-DEL08-PR"
101934;2018-01-08;"segunda-feira";"10:03:00";"RS";116;46,5;"VACARIA";"Mal Súbito";"Colisão transversal";"Sem Vítimas";"Pleno dia";"Crescente";"Sol";"Simples";"Interseção de Vias";"Não";3;0;0;0;2;1;0;3;-28,5562972;-50,98503583;"SPRF-RS";"DEL05-RS";"UOP03-DEL05-RS"
101937;2018-01-08;"segunda-feira";"10:10:00";"ES";101;422;"ATILIO VIVACQUA";"Falta de Atenção à Condução";"Colisão lateral";"Com Vítimas Feridas";"Pleno dia";"Decrescente";"Céu Claro";"Simples";"Curva";"Não";3;0;0;1;1;2;1;4;-20,97806992;-41,11232042;"SPRF-ES";"DEL03-ES";"UOP02-DEL03-ES"
101939;2018-01-08;"segunda-feira";"09:00:00";"TO";153;549,9;"NOVA ROSALANDIA";"Falta de Atenção à Condução";"Colisão lateral";"Com Vítimas Feridas";"Pleno dia";"Decrescente";"Céu Claro";"Simples";"Reta";"Não";7;0;1;0;5;3;1;7;-10,64711177;-48,9094162;"SPRF-TO";"DEL02-TO";"UOP01-DEL01-TO"
101940;2018-01-08;"segunda-feira";"10:35:00";"SP";116;421,5;"JUQUIA";"Não guardar distância de segurança";"Colisão traseira";"Com Vítimas Feridas";"Pleno dia";"Decrescente";"Chuva";"Dupla";"Reta";"Não";6;0;2;0;4;0;2;2;-24,3214;-47,6373;"SPRF-SP";"DEL05-SP";"UOP01-DEL05-SP"
101946;2018-01-08;"segunda-feira";"09:38:00";"PB";230;40,2;"SANTA RITA";"Defeito Mecânico no Veículo";"Saída de leito carroçável";"Sem Vítimas";"Pleno dia";"Crescente";"Nublado";"Dupla";"Reta";"Não";1;0;0;0;1;0;0;1;-7,16255332;-35,02321243;"SPRF-PB";"DEL01-PB";"UOP01-DEL01-PB"
101950;2018-01-08;"segunda-feira";"11:05:00";"ES";101;66,4;"SAO MATEUS";"Falta de Atenção à Condução";"Colisão transversal";"Com Vítimas Feridas";"Pleno dia";"Crescente";"Céu Claro";"Múltipla";"Interseção de Vias";"Sim";2;0;0;1;1;0;1;2;-18,71839092;-39,87047374;"SPRF-ES";"DEL04-ES";"UOP02-DEL04-ES"
101951;2018-01-08;"segunda-feira";"11:20:00";"ES";101;0,3;"VITORIA";"Falta de Atenção à Condução";"Colisão transversal";"Com Vítimas Feridas";"Pleno dia";"Crescente";"Céu Claro";"Dupla";"Reta";"Sim";3;0;0;1;1;1;1;3;-20,23868371;-40,27742386;"SPRF-ES";"DEL02-ES";"UOP01-DEL02-ES"
101952;2018-01-08;"segunda-feira";"11:30:00";"PR";376;611;"SAO JOSE DOS PINHAIS";"Falta de Atenção à Condução";"Colisão traseira";"Sem Vítimas";"Pleno dia";"Crescente";"Céu Claro";"Dupla";"Reta";"Não";5;0;0;0;2;3;0;5;-25,5307;-49,1958;"SPRF-PR";"DEL01-PR";"UOP07-DEL01-PR"
101953;2018-01-08;"segunda-feira";"10:00:00";"MG";40;460;"SETE LAGOAS";"Falta de Atenção à Condução";"Tombamento";"Sem Vítimas";"Pleno dia";"Decrescente";"Céu Claro";"Dupla";"Retorno Regulamentado";"Não";2;0;0;0;1;1;0;2;-19,4745816;-44,2916576;"SPRF-MG";"DEL02-MG";"UOP01-DEL02-MG"
101961;2018-01-08;"segunda-feira";"12:00:00";"ES";101;144;"LINHARES";"Falta de Atenção à Condução";"Engavetamento";"Sem Vítimas";"Pleno dia";"Crescente";"Céu Claro";"Simples";"Reta";"Sim";3;0;0;0;3;0;0;3;-19,39159;-40,072563;"SPRF-ES";"DEL04-ES";"UOP01-DEL04-ES"
101963;2018-01-08;"segunda-feira";"09:00:00";"MG";364;31,9;"FRUTAL";"Falta de Atenção à Condução";"Capotamento";"Sem Vítimas";"Pleno dia";"Crescente";"Garoa/Chuvisco";"Simples";"Rotatória";"Não";1;0;0;0;1;0;0;1;-20,025185;-48,94096;"SPRF-MG";"DEL13-MG";"UOP02-DEL13-MG"
101967;2018-01-08;"segunda-feira";"12:40:00";"PR";277;69;"SAO JOSE DOS PINHAIS";"Velocidade Incompatível";"Colisão lateral";"Sem Vítimas";"Pleno dia";"Crescente";"Garoa/Chuvisco";"Dupla";"Reta";"Não";2;0;0;0;2;0;0;2;-25,51283664;-49,12243725;"SPRF-PR";"DEL01-PR";"UOP07-DEL01-PR"
101968;2018-01-08;"segunda-feira";"12:40:00";"PR";376;534,2;"PALMEIRA";"Falta de Atenção à Condução";"Colisão transversal";"Com Vítimas Feridas";"Pleno dia";"Decrescente";"Nublado";"Dupla";"Retorno Regulamentado;Reta";"Não";4;0;3;0;1;0;3;2;-25,323383;-49,866806;"SPRF-PR";"DEL01-PR";"UOP06-DEL01-PR"
101976;2018-01-08;"segunda-feira";"13:00:00";"RS";386;432;"NOVA SANTA RITA";"Carga excessiva e/ou mal acondicionada";"Saída de leito carroçável";"Sem Vítimas";"Pleno dia";"Crescente";"Céu Claro";"Dupla";"Reta;Retorno Regulamentado";"Não";2;0;0;0;1;1;0;2;-29,83852203;-51,30383492;"SPRF-RS";"DEL04-RS";"UOP02-DEL04-RS"
101978;2018-01-08;"segunda-feira";"14:10:00";"PR";277;57;"SAO JOSE DOS PINHAIS";"Falta de Atenção à Condução";"Colisão traseira";"Com Vítimas Feridas";"Pleno dia";"Decrescente";"Nublado";"Dupla";"Aclive";"Não";3;0;1;0;1;2;1;4;-25,5307;-49,1958;"SPRF-PR";"DEL01-PR";"UOP07-DEL01-PR"
101983;2018-01-08;"segunda-feira";"13:45:00";"MG";381;761,4;"CAMPANHA";"Velocidade Incompatível";"Saída de leito carroçável";"Com Vítimas Feridas";"Pleno dia";"Crescente";"Chuva";"Dupla";"Curva";"Não";3;0;1;0;1;1;1;3;-21,70281112;-45,36812782;"SPRF-MG";"DEL16-MG";"UOP02-DEL16-MG"
101984;2018-01-08;"segunda-feira";"14:00:00";"RS";386;378,1;"PAVERAMA";"Falta de Atenção à Condução";"Colisão transversal";"Sem Vítimas";"Pleno dia";"Decrescente";"Céu Claro";"Dupla";"Reta";"Não";3;0;0;0;3;0;0;2;-29,65029758;-51,76048008;"SPRF-RS";"DEL04-RS";"UOP02-DEL04-RS"
101986;2018-01-08;"segunda-feira";"09:50:00";"PI";316;58;"MONSENHOR GIL";"Desobediência às normas de trânsito pelo condutor";"Derramamento de carga";"Sem Vítimas";"Pleno dia";"Crescente";"Céu Claro";"Simples";"Rotatória";"Sim";3;0;0;0;2;2;0;4;-5,56171333;-42,61289056;"SPRF-PI";"DEL01-PI";"UOP02-DEL01-PI"
101994;2018-01-08;"segunda-feira";"12:50:00";"SC";282;527,9;"CORDILHEIRA ALTA";"Velocidade Incompatível";"Derramamento de carga";"Sem Vítimas";"Pleno dia";"Decrescente";"Sol";"Simples";"Curva";"Não";2;0;0;0;1;1;0;2;-26,97800587;-52,58816827;"SPRF-SC";"DEL07-SC";"UOP01-DEL07-SC"
101997;2018-01-08;"segunda-feira";"10:00:00";"MG";381;597,3;"CARMOPOLIS DE MINAS";"Defeito Mecânico no Veículo";"Incêndio";"Com Vítimas Feridas";"Pleno dia";"Crescente";"Nublado";"Dupla";"Reta";"Não";2;0;1;0;0;1;1;2;-20,5937;-44,704;"SPRF-MG";"DEL04-MG";"UOP01-DEL04-MG"
101998;2018-01-08;"segunda-feira";"14:50:00";"MG";365;441;"GUIMARANIA";"Falta de Atenção à Condução";"Saída de leito carroçável";"Sem Vítimas";"Pleno dia";"Crescente";"Chuva";"Simples";"Declive;Reta";"Não";1;0;0;0;1;0;0;1;-18,78767;-46,72434;"SPRF-MG";"DEL10-MG";"UOP01-DEL10-MG"
102003;2018-01-08;"segunda-feira";"14:00:00";"PB";101;93,1;"CONDE";"Defeito Mecânico no Veículo";"Danos eventuais";"Com Vítimas Feridas";"Pleno dia";"Crescente";"Sol";"Dupla";"Reta";"Não";3;0;1;0;1;1;1;2;-7,21474987;-34,91171996;"SPRF-PB";"DEL01-PB";"UOP01-DEL01-PB"
102009;2018-01-08;"segunda-feira";"14:00:00";"TO";153;131;"WANDERLANDIA";"Falta de Atenção à Condução";"Colisão traseira";"Com Vítimas Fatais";"Pleno dia";"Crescente";"Sol";"Simples";"Reta";"Não";3;1;0;0;2;0;0;2;-7,09630265;-48,17309484;"SPRF-TO";"DEL02-TO";"UOP01-DEL02-TO"
102021;2018-01-08;"segunda-feira";"15:30:00";"SC";101;40;"JOINVILLE";"Velocidade Incompatível";"Colisão traseira";"Com Vítimas Feridas";"Pleno dia";"Decrescente";"Nublado";"Dupla";"Reta";"Sim";8;0;4;0;4;0;4;5;-26,3166;-48,8733;"SPRF-SC";"DEL03-SC";"UOP01-DEL03-SC"
102026;2018-01-08;"segunda-feira";"15:55:00";"SC";280;27,6;"ARAQUARI";"Falta de Atenção à Condução";"Atropelamento de Pedestre";"Com Vítimas Feridas";"Pleno dia";"Decrescente";"Nublado";"Simples";"Reta";"Sim";4;0;0;1;1;2;1;4;-26,40151833;-48,74341697;"SPRF-SC";"DEL03-SC";"UOP03-DEL03-SC"
102027;2018-01-08;"segunda-feira";"15:25:00";"SP";116;7,8;"QUELUZ";"Pista Escorregadia";"Colisão lateral";"Com Vítimas Feridas";"Pleno dia";"Crescente";"Chuva";"Dupla";"Curva";"Não";6;0;1;0;4;1;1;4;-22,53605277;-44,76954414;"SPRF-SP";"DEL08-SP";"UOP02-DEL08-SP"
102030;2018-01-08;"segunda-feira";"14:10:00";"PI";343;25,5;"PARNAIBA";"Falta de Atenção à Condução";"Colisão transversal";"Sem Vítimas";"Pleno dia";"Decrescente";"Céu Claro";"Simples";"Reta";"Sim";2;0;0;0;2;0;0;2;-3,03011976;-41,77127515;"SPRF-PI";"DEL05-PI";"UOP01-DEL05-PI"
102033;2018-01-08;"segunda-feira";"15:20:00";"PR";277;115;"CAMPO LARGO";"Falta de Atenção à Condução";"Colisão traseira";"Sem Vítimas";"Pleno dia";"Crescente";"Nublado";"Dupla";"Em Obras;Reta";"Sim";3;0;0;0;2;1;0;3;-25,44665775;-49,57632046;"SPRF-PR";"DEL01-PR";"UOP06-DEL01-PR"
102039;2018-01-08;"segunda-feira";"15:50:00";"MS";262;33;"TRES LAGOAS";"Falta de Atenção à Condução";"Colisão traseira";"Com Vítimas Feridas";"Pleno dia";"Decrescente";"Chuva";"Simples";"Reta";"Não";5;0;2;0;2;1;2;4;-20,79281836;-51,90373778;"SPRF-MS";"DEL07-MS";"UOP01-DEL07-MS"