"id";"data_inversa";"dia_semana";"horario";"uf";"br";"km";"municipio";"causa_acidente";"tipo_acidente";"classificacao_acidente";"fase_dia";"sentido_via";"condicao_metereologica";"tipo_pista";"tracado_via";"uso_solo";"pessoas";"mortos";"feridos_leves";"feridos_graves";"ilesos";"ignorados";"feridos";"veiculos";"latitude";"longitude";"regional";"delegacia";"uop"
102358;2018-01-10;"quarta-feira";"09:20:00";"MT";364;270;"JACIARA";"Defeito na Via";"Saída de leito carroçável";"Sem Vítimas";"Pleno dia";"Decrescente";"Sol";"Simples";"Reta";"Não";2;0;0;0;1;1;0;2;-15,968979;-54,94463;"SPRF-MT";"DEL02-MT";"UOP02-DEL05-MT"
102361;2018-01-10;"quarta-feira";"09:00:00";"RJ";393;176;"TRES RIOS";"Falta de Atenção à Condução";"Colisão com objeto estático";"Sem Vítimas";"Pleno dia";"Crescente";"Sol";"Simples";"Reta";"Não";2;0;0;0;1;5;0;6;-22,12584788;-43,23330671;"SPRF-RJ";"DEL05-RJ";"UOP03-DEL05-RJ"
102362;2018-01-10;"quarta-feira";"09:45:00";"SC";282;55,2;"AGUAS MORNAS";"Velocidade Incompatível";"Colisão frontal";"Com Vítimas Feridas";"Pleno dia";"Decrescente";"Chuva";"Simples";"Reta";"Não";3;0;1;1;1;0;2;2;-27,68928534;-48,98447514;"SPRF-SC";"DEL01-SC";"UOP03-DEL01-SC"
102364;2018-01-10;"quarta-feira";"10:30:00";"PR";277;164;"PALMEIRA";"Falta de Atenção à Condução";"Colisão lateral";"Com Vítimas Feridas";"Pleno dia";"Crescente";"Nublado";"Simples";"Reta";"Não";3;0;1;0;1;1;1;3;-25,4500562;-49,95005781;"SPRF-PR";"DEL01-PR";"UOP06-DEL01-PR"
102370;2018-01-10;"quarta-feira";"12:00:00";"MG";381;374;"SAO GONCALO DO RIO ABAIXO";"Falta de Atenção à Condução";"Tombamento";"Com Vítimas Feridas";"Pleno dia";"Crescente";"Céu Claro";"Simples";"Curva";"Não";1;0;1;0;0;0;1;1;-19,85234063;-43,27185273;"SPRF-MG";"DEL01-MG";"UOP01-DEL01-MG"
102371;2018-01-10;"quarta-feira";"13:30:00";"SP";116;54,6;"LORENA";"Avarias e/ou desgaste excessivo no pneu";"Saída de leito carroçável";"Com Vítimas Feridas";"Pleno dia";"Decrescente";"Sol";"Dupla";"Reta";"Não";2;0;2;0;0;0;2;1;-22,76142642;-45,11980355;"SPRF-SP";"DEL08-SP";"UOP01-DEL08-SP"
102373;2018-01-09;"terça-feira";"23:50:00";"PE";232;49;"VITORIA DE SANTO ANTAO";"Condutor Dormindo";"Capotamento";"Com Vítimas Fatais";"Plena Noite";"Decrescente";"Céu Claro";"Dupla";"Curva";"Não";1;1;0;0;0;0;0;1;-8,11389;-35,2915;"SPRF-PE";"DEL01-PE";"UOP02-DEL02PE"
102378;2018-01-10;"quarta-feira";"03:00:00";"BA";324;530;"FEIRA DE SANTANA";"Falta de Atenção à Condução";"Saída de leito carroçável";"Sem Vítimas";"Plena Noite";"Crescente";"Nublado";"Dupla";"Reta";"Não";1;0;0;0;1;0;0;1;-12,267113;-38,966988;"SPRF-BA";"DEL01-BA";"UOP01-DEL01-BA"
102383;2018-01-10;"quarta-feira";"03:30:00";"PE";101;81,7;"JABOATAO DOS GUARARAPES";"Velocidade Incompatível";"Tombamento";"Com Vítimas Feridas";"Plena Noite";"Crescente";"Chuva";"Dupla";"Curva";"Não";1;0;1;0;0;0;1;1;-8,177929;-34,946548;"SPRF-PE";"DEL01-PE";"UOP03-DEL01-PE"
102386;2018-01-10;"quarta-feira";"08:40:00";"MG";40;761,1;"JUIZ DE FORA";"Falta de Atenção do Pedestre";"Atropelamento de Pedestre";"Com Vítimas Fatais";"Pleno dia";"Decrescente";"Céu Claro";"Simples";"Reta";"Não";4;1;0;0;1;2;0;2;-21,5641303;-43,4888693;"SPRF-MG";"DEL05-MG";"UOP01-DEL05-MG"
102389;2018-01-09;"terça-feira";"22:50:00";"CE";20;417;"MARACANAU";"Falta de Atenção à Condução";"Colisão frontal";"Sem Vítimas";"Plena Noite";"Crescente";"Céu Claro";"Simples";"Reta";"Não";2;0;0;0;2;0;0;2;-3,84015857;-38,5984844;"SPRF-CE";"DEL01-CE";"UOP02-DEL01-CE"
102391;2018-01-10;"quarta-feira";"07:00:00";"SC";470;227,4;"PONTE ALTA";"Velocidade Incompatível";"Colisão com objeto estático";"Sem Vítimas";"Pleno dia";"Decrescente";"Chuva";"Simples";"Reta";"Não";1;0;0;0;1;0;0;1;-27,30749922;-50,25608826;"SPRF-SC";"DEL02-SC";"UOP03-DEL02-SC"
102395;2018-01-10;"quarta-feira";"14:25:00";"RJ";40;104;"DUQUE DE CAXIAS";"Falta de Atenção à Condução";"Colisão lateral";"Sem Vítimas";"Pleno dia";"Decrescente";"Céu Claro";"Dupla";"Reta";"Sim";2;0;0;0;2;0;0;2;-22,6374915;-43,2859814;"SPRF-RJ";"DEL01-RJ";"UOP01-DEL01-RJ"
102398;2018-01-10;"quarta-feira";"13:50:00";"SC";101;58;"ARAQUARI";"Velocidade Incompatível";"Colisão com objeto estático";"Sem Vítimas";"Pleno dia";"Decrescente";"Chuva";"Múltipla";"Reta";"Não";2;0;0;0;1;1;0;2;-26,4467;-48,7939;"SPRF-SC";"DEL03-SC";"UOP02-DEL03-SC"
102403;2018-01-10;"quarta-feira";"14:20:00";"PR";277;46;"MORRETES";"Defeito Mecânico no Veículo";"Incêndio";"Sem Vítimas";"Pleno dia";"Crescente";"Nublado";"Múltipla";"Aclive";"Não";2;0;0;0;1;2;0;3;-25,477423;-48,834866;"SPRF-PR";"DEL01-PR";"UOP07-DEL01-PR"
102408;2018-01-10;"quarta-feira";"01:30:00";"RS";290;111,2;"ELDORADO DO SUL";"Condutor Dormindo";"Colisão traseira";"Sem Vítimas";"Plena Noite";"Decrescente";"Céu Claro";"Dupla";"Reta";"Não";3;0;0;0;2;1;0;3;-30,03373495;-51,32596912;"SPRF-RS";"DEL02-RS";"UOP01-DEL02-RS"
102409;2018-01-10;"quarta-feira";"10:20:00";"RJ";40;78,1;"PETROPOLIS";"Velocidade Incompatível";"Tombamento";"Com Vítimas Feridas";"Pleno dia";"Crescente";"Sol";"Simples";"Curva";"Não";2;0;1;0;0;1;1;2;-22,485759;-43,227093;"SPRF-RJ";"DEL06-RJ";"UOP01-DEL06-RJ"
102415;2018-01-10;"quarta-feira";"10:00:00";"ES";101;258,2;"SERRA";"Velocidade Incompatível";"Capotamento";"Com Vítimas Feridas";"Pleno dia";"Decrescente";"Garoa/Chuvisco";"Dupla";"Curva";"Não";2;0;1;0;1;0;1;1;-20,13190767;-40,29459268;"SPRF-ES";"DEL02-ES";"UOP01-DEL02-ES"
102424;2018-01-10;"quarta-feira";"14:40:00";"CE";20;429;"FORTALEZA";"Falta de Atenção à Condução";"Colisão com objeto estático";"Sem Vítimas";"Pleno dia";"Crescente";"Céu Claro";"Dupla";"Reta";"Sim";1;0;0;0;1;0;0;1;-3,87101525;-38,50021845;"SPRF-CE";"DEL01-CE";"UOP02-DEL01-CE"
102428;2018-01-10;"quarta-feira";"15:10:00";"MG";267;144,4;"LIMA DUARTE";"Falta de Atenção à Condução";"Colisão lateral";"Com Vítimas Feridas";"Pleno dia";"Crescente";"Céu Claro";"Simples";"Curva";"Não";3;0;1;0;2;0;1;3;-21,842981;-43,79343;"SPRF-MG";"DEL05-MG";"UOP01-DEL05-MG"
102429;2018-01-10;"quarta-feira";"16:25:00";"SC";116;245,6;"LAGES";"Desobediência às normas de trânsito pelo condutor";"Colisão transversal";"Sem Vítimas";"Pleno dia";"Decrescente";"Chuva";"Simples";"Rotatória";"Sim";2;0;0;0;2;0;0;2;-27,79984933;-50,3637035;"SPRF-SC";"DEL05-SC";"UOP02-DEL05-SC"
102434;2018-01-09;"terça-feira";"22:10:00";"MA";10;277;"IMPERATRIZ";"Defeito Mecânico no Veículo";"Incêndio";"Sem Vítimas";"Plena Noite";"Decrescente";"Céu Claro";"Simples";"Reta";"Não";2;0;0;0;1;3;0;4;-5,312562;-47,494934;"SPRF-MA";"DEL04-MA";"UOP01-DEL04-MA"
102437;2018-01-10;"quarta-feira";"16:00:00";"PR";116;99;"SAO JOSE DOS PINHAIS";"Não guardar distância de segurança";"Colisão traseira";"Sem Vítimas";"Pleno dia";"Crescente";"Garoa/Chuvisco";"Dupla";"Curva";"Sim";3;0;0;0;2;2;0;4;-25,52699798;-49,14048305;"SPRF-PR";"DEL01-PR";"UOP07-DEL01-PR"
102439;2018-01-10;"quarta-feira";"04:00:00";"MT";163;860;"SINOP";"Condutor Dormindo";"Saída de leito carroçável";"Sem Vítimas";"Plena Noite";"Crescente";"Ignorado";"Simples";"Reta";"Não";1;0;0;0;1;0;0;1;-11,864589;-55,502926;"SPRF-MT";"DEL06-MT";"UOP02-DEL06-MT"
102441;2018-01-10;"quarta-feira";"16:50:00";"ES";101;150;"LINHARES";"Falta de Atenção à Condução";"Colisão traseira";"Com Vítimas Feridas";"Pleno dia";"Decrescente";"Céu Claro";"Dupla";"Curva";"Não";3;0;0;1;2;0;1;3;-19,39159;-40,072563;"SPRF-ES";"DEL04-ES";"UOP01-DEL04-ES"
102444;2018-01-10;"quarta-feira";"15:44:00";"CE";116;62,1;"CHOROZINHO";"Não guardar distância de segurança";"Colisão traseira";"Sem Vítimas";"Pleno dia";"Crescente";"Nublado";"Simples";"Reta";"Não";4;0;0;0;3;6;0;9;-4,2695888;-38,4906652;"SPRF-CE";"DEL03-CE";"UOP02-DEL03-CE"
102452;2018-01-10;"quarta-feira";"15:40:00";"RO";364;296,7;"PRESIDENTE MEDICI";"Defeito na Via";"Tombamento";"Sem Vítimas";"Pleno dia";"Crescente";"Sol";"Simples";"Reta;Aclive";"Não";2;0;0;0;1;2;0;3;-11,27500791;-61,90203667;"SPRF-RO";"DEL02-RO";"UOP01-DEL02-RO"
102457;2018-01-10;"quarta-feira";"16:50:00";"MG";381;492,4;"BETIM";"Falta de Atenção à Condução";"Atropelamento de Pedestre";"Com Vítimas Fatais";"Pleno dia";"Crescente";"Céu Claro";"Dupla";"Declive";"Não";3;1;0;0;1;1;0;2;-19,97006153;-44,16018695;"SPRF-MG";"DEL01-MG";"UOP03-DEL01-MG"
102458;2018-01-06;"sábado";"12:50:00";"PR";277;6;"PARANAGUA";"Defeito Mecânico no Veículo";"Incêndio";"Sem Vítimas";"Pleno dia";"Crescente";"Céu Claro";"Dupla";"Reta";"Não";2;0;0;0;1;1;0;2;-25,5205;-48,5095;"SPRF-PR";"DEL01-PR";"UOP05-DEL01-PR"
102459;2018-01-10;"quarta-feira";"06:50:00";"MG";40;761,2;"JUIZ DE FORA";"Ultrapassagem Indevida";"Colisão lateral";"Com Vítimas Feridas";"Pleno dia";"Crescente";"Céu Claro";"Simples";"Reta;Declive";"Não";3;0;1;0;1;2;1;4;-21,56376037;-43,48973913;"SPRF-MG";"DEL05-MG";"UOP01-DEL05-MG"
102460;2018-01-10;"quarta-feira";"15:50:00";"SC";101;133;"BALNEARIO CAMBORIU";"Defeito Mecânico no Veículo";"Colisão com objeto estático";"Sem Vítimas";"Pleno dia";"Crescente";"Chuva";"Dupla";"Reta";"Sim";1;0;0;0;1;0;0;1;-27,0003577;-48,64248738;"SPRF-SC";"DEL04-SC";"UOP03-DEL04-SC"
102463;2018-01-10;"quarta-feira";"17:59:00";"SC";101;307;"LAGUNA";"Falta de Atenção à Condução";"Colisão traseira";"Com Vítimas Feridas";"Pleno dia";"Crescente";"Chuva";"Dupla";"Reta";"Sim";3;0;1;0;1;1;1;3;-28,4008;-48,7864;"SPRF-SC";"DEL02-SC";"UOP03-DEL02-SC"
102468;2018-01-10;"quarta-feira";"17:45:00";"SC";158;104,5;"CUNHA PORA";"Falta de Atenção à Condução";"Colisão lateral";"Sem Vítimas";"Pleno dia";"Crescente";"Nublado";"Simples";"Curva";"Não";4;0;0;0;3;1;0;4;-26,83846972;-53,17408562;"SPRF-SC";"DEL07-SC";"UOP02-DEL07-SC"
102471;2018-01-10;"quarta-feira";"18:25:00";"RS";116;532,1;"CAPAO DO LEAO";"Falta de Atenção à Condução";"Colisão traseira";"Com Vítimas Feridas";"Pleno dia";"Decrescente";"Nublado";"Simples";"Interseção de Vias";"Sim";3;0;0;1;1;2;1;4;-31,7602;-52,4381;"SPRF-RS";"DEL07-RS";"UOP01-DEL07-RS"
102477;2018-01-10;"quarta-feira";"08:10:00";"ES";101;271;"SERRA";"Falta de Atenção à Condução";"Derramamento de carga";"Sem Vítimas";"Pleno dia";"Decrescente";"Chuva";"Dupla";"Reta";"Sim";2;0;0;0;1;1;0;2;-20,22947265;-40,28208286;"SPRF-ES";"DEL02-ES";"UOP01-DEL02-ES"
102478;2018-01-10;"quarta-feira";"02:50:00";"AL";101;40,8;"FLEXEIRAS";"Falta de Atenção à Condução";"Tombamento";"Com Vítimas Feridas";"Plena Noite";"Decrescente";"Céu Claro";"Dupla";"Curva";"Não";2;0;1;0;0;2;1;3;-9,17187328;-35,77498797;"SPRF-AL";"DEL01-AL";"UOP01-DEL01-AL"
102481;2018-01-10;"quarta-feira";"17:30:00";"BA";116;846;"VITORIA DA CONQUISTA";"Desobediência às normas de trânsito pelo condutor";"Colisão frontal";"Com Vítimas Feridas";"Anoitecer";"Crescente";"Céu Claro";"Simples";"Aclive";"Não";3;0;1;1;0;1;2;3;-14,851;-40,8485;"SPRF-BA";"DEL08-BA";"UOP03-DEL08-BA"
102489;2018-01-10;"quarta-feira";"17:00:00";"MS";158;83,5;"PARANAIBA";"Falta de Atenção à Condução";"Colisão frontal";"Com Vítimas Feridas";"Pleno dia";"Crescente";"Nublado";"Simples";"Reta";"Não";3;0;1;0;1;4;1;6;-19,6725;-51,1958;"SPRF-MS";"DEL08-MS";"UOP01-DEL08-MS"
102492;2018-01-10;"quarta-feira";"18:35:00";"PR";153;39,6;"SANTO ANTONIO DA PLATINA";"Defeito Mecânico no Veículo";"Saída de leito carroçável";"Sem Vítimas";"Pleno dia";"Crescente";"Céu Claro";"Simples";"Reta;Declive";"Sim";2;0;0;0;1;2;0;3;-23,27865417;-50,0554651;"SPRF-PR";"DEL07-PR";"UOP04-DEL07-PR"
102493;2018-01-10;"quarta-feira";"19:00:00";"RJ";40;84,3;"PETROPOLIS";"Avarias e/ou desgaste excessivo no pneu";"Colisão com objeto estático";"Com Vítimas Feridas";"Plena Noite";"Crescente";"Nublado";"Simples";"Curva;Túnel";"Não";3;0;1;0;2;0;1;1;-22,524088;-43,235764;"SPRF-RJ";"DEL06-RJ";"UOP01-DEL06-RJ"
102494;2018-01-10;"quarta-feira";"19:20:00";"SP";116;513,5;"CAJATI";"Velocidade Incompatível";"Colisão com objeto estático";"Sem Vítimas";"Anoitecer";"Decrescente";"Chuva";"Simples";"Curva";"Não";2;0;0;0;1;1;0;2;-24,73659;-48,12319;"SPRF-SP";"DEL05-SP";"UAP01-DEL05-SP"
102495;2018-01-10;"quarta-feira";"19:45:00";"MG";153;217;"FRUTAL";"Falta de Atenção à Condução";"Colisão frontal";"Com Vítimas Fatais";"Plena Noite";"Crescente";"Céu Claro";"Simples";"Reta";"Não";3;1;0;0;2;0;0;3;-20,025185;-48,94096;"SPRF-MG";"DEL13-MG";"UOP02-DEL13-MG"
102498;2018-01-10;"quarta-feira";"08:00:00";"SC";282;86,9;"ALFREDO WAGNER";"Velocidade Incompatível";"Saída de leito carroçável";"Sem Vítimas";"Pleno dia";"Crescente";"Chuva";"Simples";"Curva;Declive";"Não";2;0;0;0;1;2;0;3;-27,66383141;-49,20507962;"SPRF-SC";"DEL01-SC";"UOP03-DEL01-SC"
102501;2018-01-10;"quarta-feira";"06:00:00";"SC";116;59,9;"PAPANDUVA";"Falta de Atenção à Condução";"Colisão transversal";"Com Vítimas Feridas";"Pleno dia";"Decrescente";"Chuva";"Simples";"Interseção de Vias";"Não";2;0;1;0;1;0;1;2;-26,38244932;-50,2159281;"SPRF-SC";"DEL06-SC";"UOP02-DEL06-SC"
102508;2018-01-10;"quarta-feira";"17:35:00";"RO";364;27;"VILHENA";"Falta de Atenção à Condução";"Colisão traseira";"Sem Vítimas";"Anoitecer";"Decrescente";"Chuva";"Simples";"Reta";"Não";6;0;0;0;5;3;0;6;-12,723607;-60,257263;"SPRF-RO";"DEL04-RO";"DEL21/4-UOP03/RO"
102509;2018-01-10;"quarta-feira";"18:20:00";"RO";364;237,3;"CACOAL";"Falta de Atenção à Condução";"Colisão transversal";"Com Vítimas Feridas";"Anoitecer";"Decrescente";"Chuva";"Simples";"Reta";"Sim";2;0;0;1;1;0;1;2;-11,44207728;-61,44916004;"SPRF-RO";"DEL02-RO";"UOP02-DEL02-RO"
102510;2018-01-04;"quinta-feira";"00:35:00";"PR";277;723;"FOZ DO IGUACU";"Falta de Atenção à Condução";"Colisão traseira";"Com Vítimas Feridas";"Plena Noite";"Crescente";"Céu Claro";"Dupla";"Reta";"Sim";3;0;1;1;1;0;2;2;-25,498783;-54,529865;"SPRF-PR";"DEL05-PR";"UOP01-DEL05-PR"
102515;2018-01-10;"quarta-feira";"20:40:00";"SP";116;411,3;"JUQUIA";"Falta de Atenção à Condução";"Colisão traseira";"Com Vítimas Feridas";"Plena Noite";"Decrescente";"Chuva";"Dupla";"Reta";"Não";5;0;2;0;2;1;2;3;-24,3214;-47,6373;"SPRF-SP";"DEL05-SP";"UOP01-DEL05-SP"
102517;2018-01-10;"quarta-feira";"20:15:00";"MG";40;676,8;"CARANDAI";"Falta de Atenção à Condução";"Tombamento";"Sem Vítimas";"Plena Noite";"Crescente";"Céu Claro";"Simples";"Reta";"Sim";6;0;0;0;1;5;0;3;-21,02851055;-43,78186941;"SPRF-MG";"DEL05-MG";"UOP02-DEL05-MG"
102519;2018-01-10;"quarta-feira";"20:20:00";"MG";262;480,4;"BOM DESPACHO";"Velocidade Incompatível";"Colisão com objeto estático";"Com Vítimas Feridas";"Plena Noite";"Decrescente";"Céu Claro";"Simples";"Ponte;Reta;Declive";"Não";2;0;1;0;0;1;1;2;-19,78542167;-45,28338159;"SPRF-MG";"DEL08-MG";"UOP03-DEL08-MG"
102520;2018-01-10;"quarta-feira";"11:10:00";"RS";116;529;"CAPAO DO LEAO";"Defeito Mecânico no Veículo";"Colisão lateral";"Sem Vítimas";"Pleno dia";"Decrescente";"Céu Claro";"Simples";"Reta";"Não";2;0;0;0;2;0;0;2;-31,7602;-52,4381;"SPRF-RS";"DEL07-RS";"UOP01-DEL07-RS"
102527;2018-01-10;"quarta-feira";"21:00:00";"GO";153;536,2;"HIDROLANDIA";"Avarias e/ou desgaste excessivo no pneu";"Tombamento";"Sem Vítimas";"Plena Noite";"Decrescente";"Céu Claro";"Dupla";"Aclive";"Não";1;0;0;0;1;0;0;1;-17,01744084;-49,22140014;"SPRF-GO";"DEL01-GO";"UOP03-DEL01-GO"
102529;2018-01-10;"quarta-feira";"18:50:00";"PR";277;146;"PORTO AMAZONAS";"Falta de Atenção à Condução";"Saída de leito carroçável";"Sem Vítimas";"Pleno dia";"Crescente";"Chuva";"Simples";"Curva;Aclive";"Sim";2;0;0;0;1;1;0;2;-25,46984657;-49,79083744;"SPRF-PR";"DEL01-PR";"UOP06-DEL01-PR"
102538;2018-01-10;"quarta-feira";"17:40:00";"BA";242;783,9;"BARREIRAS";"Falta de Atenção à Condução";"Colisão traseira";"Com Vítimas Feridas";"Pleno dia";"Crescente";"Sol";"Simples";"Curva";"Não";2;0;1;0;1;0;1;2;-12,13619637;-44,92688155;"SPRF-BA";"DEL10-BA";"UOP01-DEL10-BA"
102539;2018-01-04;"quinta-feira";"07:35:00";"PA";10;66;"DOM ELISEU";"Defeito Mecânico no Veículo";"Saída de leito carroçável";"Sem Vítimas";"Pleno dia";"Decrescente";"Céu Claro";"Simples";"Reta";"Não";2;0;0;0;1;2;0;3;-4,2853956;-47,50537;"SPRF-PA";"DEL02-PA";"UOP02-DEL02-PA"
102543;2018-01-10;"quarta-feira";"23:50:00";"PR";277;40;"MORRETES";"Defeito Mecânico no Veículo";"Tombamento";"Sem Vítimas";"Plena Noite";"Decrescente";"Chuva";"Dupla";"Curva";"Não";2;0;0;0;1;1;0;2;-25,58262719;-48,86702925;"SPRF-PR";"DEL01-PR";"UOP05-DEL01-PR"
102546;2018-01-10;"quarta-feira";"17:00:00";"PA";155;265;"ELDORADO DO CARAJAS";"Ingestão de Álcool";"Colisão lateral";"Sem Vítimas";"Anoitecer";"Crescente";"Chuva";"Simples";"Curva";"Não";4;0;0;0;3;1;0;3;-6,014546;-49,263309;"SPRF-PA";"DEL03-PA";"UOP01-DEL03-PA"
102547;2018-01-10;"quarta-feira";"19:30:00";"BA";242;528;"OLIVEIRA DOS BREJINHOS";"Animais na Pista";"Atropelamento de Animal";"Sem Vítimas";"Plena Noite";"Decrescente";"Céu Claro";"Simples";"Reta";"Não";2;0;0;0;1;2;0;3;-12,186508;-42,828129;"SPRF-BA";"DEL10-BA";"UOP03-DEL06-BA"
102549;2018-01-11;"quinta-feira";"01:00:00";"SP";116;364,8;"MIRACATU";"Falta de Atenção à Condução";"Tombamento";"Sem Vítimas";"Plena Noite";"Decrescente";"Nublado";"Dupla";"Curva";"Não";2;0;0;0;1;1;0;2;-24,281868;-47,46013;"SPRF-SP";"DEL04-SP";"UOP03-DEL04-SP"
102552;2018-01-10;"quarta-feira";"23:00:00";"MT";70;734;"CACERES";"Falta de Atenção à Condução";"Colisão com objeto estático";"Sem Vítimas";"Plena Noite";"Decrescente";"Céu Claro";"Simples";"Reta";"Sim";1;0;0;0;1;0;0;1;-16,08067792;-57,69979835;"SPRF-MT";"DEL03-MT";"UOP01-DEL03-MT"
102555;2018-01-11;"quinta-feira";"01:30:00";"RJ";101;275;"TANGUA";"Falta de Atenção à Condução";"Saída de leito carroçável";"Com Vítimas Feridas";"Plena Noite";"Crescente";"Céu Claro";"Dupla";"Reta";"Sim";2;0;0;2;0;0;2;1;-22,73654;-42,72913;"SPRF-RJ";"DEL02-RJ";"UOP03-DEL02-RJ"
102557;2018-01-10;"quarta-feira";"23:50:00";"MG";40;731,8;"OLIVEIRA FORTES";"Velocidade Incompatível";"Tombamento";"Sem Vítimas";"Plena Noite";"Crescente";"Céu Claro";"Dupla";"Curva;Declive";"Não";1;0;0;0;0;1;0;1;-21,35754275;-43,58003747;"SPRF-MG";"DEL05-MG";"UOP01-DEL05-MG"
102561;2018-01-11;"quinta-feira";"03:40:00";"SC";282;34,6;"AGUAS MORNAS";"Velocidade Incompatível";"Saída de leito carroçável";"Sem Vítimas";"Plena Noite";"Crescente";"Chuva";"Simples";"Reta";"Não";1;0;0;0;1;0;0;1;-27,70404762;-48,82264137;"SPRF-SC";"DEL01-SC";"UOP03-DEL01-SC"
102562;2018-01-11;"quinta-feira";"04:40:00";"RJ";116;224;"PIRAI";"Defeito Mecânico no Veículo";"Colisão lateral";"Com Vítimas Feridas";"Plena Noite";"Decrescente";"Nublado";"Simples";"Curva";"Não";3;0;2;0;0;1;2;3;-22,6335;-43,9046;"SPRF-RJ";"DEL07-RJ";"UOP01-DEL07-RJ"
102564;2018-01-11;"quinta-feira";"05:20:00";"SC";470;104,2;"APIUNA";"Condutor Dormindo";"Colisão frontal";"Com Vítimas Fatais";"Plena Noite";"Crescente";"Nublado";"Simples";"Curva";"Não";4;1;0;0;2;1;0;3;-27,06435194;-49,39863235;"SPRF-SC";"DEL04-SC";"UOP02-DEL04-SC"
102566;2018-01-11;"quinta-feira";"06:00:00";"PR";376;470,1;"PONTA GROSSA";"Velocidade Incompatível";"Tombamento";"Com Vítimas Feridas";"Amanhecer";"Decrescente";"Nublado";"Dupla";"Curva";"Não";2;0;1;0;0;1;1;2;-25,01685498;-50,33693075;"SPRF-PR";"DEL03-PR";"UOP01-DEL03-PR"
102569;2018-01-11;"quinta-feira";"03:00:00";"SC";282;75;"RANCHO QUEIMADO";"Velocidade Incompatível";"Colisão com objeto estático";"Sem Vítimas";"Plena Noite";"Decrescente";"Chuva";"Simples";"Reta;Declive";"Não";1;0;0;0;1;0;0;1;-27,690931;-49,129143;"SPRF-SC";"DEL01-SC";"UOP03-DEL01-SC"
102574;2018-01-11;"quinta-feira";"06:00:00";"PE";101;46,6;"IGARASSU";"Falta de Atenção à Condução";"Colisão traseira";"Com Vítimas Feridas";"Pleno dia";"Crescente";"Céu Claro";"Múltipla";"Reta";"Sim";3;0;0;2;1;0;2;2;-7,87697908;-34,90558952;"SPRF-PE";"DEL01-PE";"UOP02-DEL01-PE"
102576;2018-01-11;"quinta-feira";"06:45:00";"SC";101;120;"ITAJAI";"Falta de Atenção à Condução";"Derramamento de carga";"Sem Vítimas";"Amanhecer";"Decrescente";"Chuva";"Dupla";"Reta";"Sim";2;0;0;0;1;1;0;2;-26,92041171;-48,70871211;"SPRF-SC";"DEL04-SC";"UOP04-DEL04-SC"
102577;2018-01-11;"quinta-feira";"07:20:00";"ES";101;138,5;"LINHARES";"Falta de Atenção à Condução";"Colisão transversal";"Com Vítimas Feridas";"Pleno dia";"Crescente";"Nublado";"Simples";"Reta";"Não";2;0;0;2;0;0;2;2;-19,30619316;-40,08209199;"SPRF-ES";"DEL04-ES";"UOP01-DEL04-ES"
102579;2018-01-11;"quinta-feira";"07:10:00";"RS";116;249,8;"SAO LEOPOLDO";"Falta de Atenção à Condução";"Colisão lateral";"Com Vítimas Feridas";"Pleno dia";"Decrescente";"Nublado";"Dupla";"Reta";"Sim";4;0;1;0;2;1;1;4;-29,7896741;-51,16357232;"SPRF-RS";"DEL01-RS";"UOP02-DEL01-RS"
102589;2018-01-11;"quinta-feira";"08:20:00";"ES";101;263;"SERRA";"Falta de Atenção à Condução";"Colisão lateral";"Com Vítimas Feridas";"Pleno dia";"Crescente";"Chuva";"Dupla";"Reta";"Não";4;0;1;0;2;1;1;3;-20,16683716;-40,27216405;"SPRF-ES";"DEL02-ES";"UOP01-DEL02-ES"
102591;2018-01-11;"quinta-feira";"08:40:00";"ES";262;6;"CARIACICA";"Falta de Atenção do Pedestre";"Atropelamento de Pedestre";"Com Vítimas Feridas";"Pleno dia";"Decrescente";"Chuva";"Múltipla";"Reta";"Sim";2;0;1;0;1;0;1;2;-20,3404;-40,395;"SPRF-ES";"DEL01-ES";"UOP01-DEL01-ES"
102595;2018-01-11;"quinta-feira";"07:15:00";"MG";116;274,8;"TEOFILO OTONI";"Restrição de Visibilidade";"Colisão transversal";"Com Vítimas Feridas";"Pleno dia";"Crescente";"Céu Claro";"Dupla";"Interseção de Vias";"Sim";4;0;1;0;2;1;1;4;-17,83966654;-41,51324714;"SPRF-MG";"DEL11-MG";"UOP01-DEL11-MG"
102597;2018-01-11;"quinta-feira";"07:15:00";"RS";116;22,6;"VACARIA";"Ultrapassagem Indevida";"Tombamento";"Sem Vítimas";"Amanhecer";"Crescente";"Garoa/Chuvisco";"Simples";"Reta";"Não";5;0;0;0;2;4;0;5;-28,3869029;-50,84518522;"SPRF-RS";"DEL05-RS";"UOP03-DEL05-RS"
102601;2018-01-10;"quarta-feira";"08:40:00";"PR";476;239,5;"LAPA";"Não guardar distância de segurança";"Tombamento";"Sem Vítimas";"Pleno dia";"Crescente";"Céu Claro";"Simples";"Curva";"Não";2;0;0;0;1;3;0;4;-25,86780835;-50,06705317;"SPRF-PR";"DEL02-PR";"UOP04-DEL02-PR"
102603;2018-01-11;"quinta-feira";"05:50:00";"MT";70;37,5;"ALTO ARAGUAIA";"Animais na Pista";"Tombamento";"Sem Vítimas";"Amanhecer";"Decrescente";"Céu Claro";"Simples";"Reta;Declive";"Não";2;0;0;0;1;1;0;2;-17,11498;-53,454;"SPRF-MT";"DEL07-MT";"UOP01-DEL07-MT"
102604;2018-01-11;"quinta-feira";"08:40:00";"MG";40;0;"PARACATU";"Velocidade Incompatível";"Saída de leito carroçável";"Com Vítimas Feridas";"Pleno dia";"Decrescente";"Céu Claro";"Simples";"Ponte";"Não";2;0;2;0;0;0;2;1;-17,0345155;-47,16240227;"SPRF-MG";"DEL14-MG";"UOP01-DEL14-MG"