"id";"data_inversa";"dia_semana";"horario";"uf";"br";"km";"municipio";"causa_acidente";"tipo_acidente";"classificacao_acidente";"fase_dia";"sentido_via";"condicao_metereologica";"tipo_pista";"tracado_via";"uso_solo";"pessoas";"mortos";"feridos_leves";"feridos_graves";"ilesos";"ignorados";"feridos";"veiculos";"latitude";"longitude";"regional";"delegacia";"uop"
102605;2018-01-11;"quinta-feira";"04:38:00";"PR";116;95,1;"SAO JOSE DOS PINHAIS";"Condutor Dormindo";"Saída de leito carroçável";"Sem Vítimas";"Plena Noite";"Crescente";"Nublado";"Dupla";"Reta";"Não";1;0;0;0;1;0;0;1;-25,49800993;-49,11821841;"SPRF-PR";"DEL01-PR";"UOP07-DEL01-PR"
102610;2018-01-11;"quinta-feira";"07:00:00";"MG";40;734,6;"OLIVEIRA FORTES";"Defeito Mecânico no Veículo";"Colisão transversal";"Sem Vítimas";"Pleno dia";"Crescente";"Céu Claro";"Simples";"Reta";"Não";2;0;0;0;2;0;0;2;-21,37608578;-43,57113921;"SPRF-MG";"DEL05-MG";"UOP01-DEL05-MG"
102612;2018-01-11;"quinta-feira";"09:10:00";"SC";101;244;"PALHOCA";"Não guardar distância de segurança";"Colisão traseira";"Sem Vítimas";"Pleno dia";"Decrescente";"Chuva";"Dupla";"Reta";"Não";3;0;0;0;2;3;0;5;-27,9041;-48,6494;"SPRF-SC";"DEL01-SC";"UOP02-DEL01-SC"
102613;2018-01-09;"terça-feira";"21:15:00";"PR";153;37,7;"SANTO ANTONIO DA PLATINA";"Falta de Atenção à Condução";"Saída de leito carroçável";"Sem Vítimas";"Plena Noite";"Decrescente";"Garoa/Chuvisco";"Simples";"Reta";"Não";2;0;0;0;1;1;0;2;-23,2983;-50,0694;"SPRF-PR";"DEL07-PR";"UOP04-DEL07-PR"
102618;2018-01-11;"quinta-feira";"08:10:00";"RJ";40;124;"DUQUE DE CAXIAS";"Desobediência às normas de trânsito pelo condutor";"Queda de ocupante de veículo";"Com Vítimas Feridas";"Pleno dia";"Crescente";"Céu Claro";"Múltipla";"Reta";"Sim";2;0;1;0;1;0;1;2;-22,80609238;-43,28956604;"SPRF-RJ";"DEL01-RJ";"UOP02-DEL01-RJ"
102622;2018-01-11;"quinta-feira";"10:50:00";"PR";277;592;"CASCAVEL";"Falta de Atenção à Condução";"Colisão traseira";"Com Vítimas Feridas";"Pleno dia";"Crescente";"Nublado";"Simples";"Curva";"Sim";2;0;1;0;1;0;1;2;-24,98281478;-53,47326541;"SPRF-PR";"DEL04-PR";"UOP01-DEL04-PR"
102623;2018-01-11;"quinta-feira";"10:12:00";"PR";376;681;"GUARATUBA";"Não guardar distância de segurança";"Engavetamento";"Sem Vítimas";"Pleno dia";"Crescente";"Céu Claro";"Dupla";"Reta";"Não";3;0;0;0;3;0;0;3;-25,883259;-48,57514;"SPRF-PR";"DEL01-PR";"DEL7/1-UOP08/PR"
102624;2018-01-11;"quinta-feira";"10:30:00";"PR";277;36,6;"MORRETES";"Velocidade Incompatível";"Colisão com objeto em movimento";"Sem Vítimas";"Pleno dia";"Crescente";"Chuva";"Dupla";"Curva";"Não";3;0;0;0;2;2;0;4;-25,57217556;-48,83594513;"SPRF-PR";"DEL01-PR";"UOP05-DEL01-PR"
102627;2018-01-11;"quinta-feira";"08:30:00";"CE";222;302;"TIANGUA";"Defeito Mecânico no Veículo";"Colisão com objeto estático";"Com Vítimas Feridas";"Pleno dia";"Decrescente";"Céu Claro";"Simples";"Curva";"Não";1;0;1;0;0;0;1;1;-3,71043841;-40,98213038;"SPRF-CE";"DEL04-CE";"UOP02-DEL04-CE"
102630;2018-01-11;"quinta-feira";"11:10:00";"GO";60;133,4;"GOIANIA";"Falta de Atenção à Condução";"Colisão com objeto estático";"Com Vítimas Feridas";"Pleno dia";"Crescente";"Sol";"Dupla";"Reta";"Não";2;0;1;1;0;0;2;1;-16,58197977;-49,18135798;"SPRF-GO";"DEL01-GO";"UOP01-DEL01-GO"
102633;2018-01-11;"quinta-feira";"10:15:00";"CE";20;416;"MARACANAU";"Falta de Atenção à Condução";"Colisão transversal";"Com Vítimas Feridas";"Pleno dia";"Crescente";"Céu Claro";"Simples";"Interseção de Vias;Em Obras;Reta";"Sim";4;0;1;0;2;1;1;4;-3,87821;-38,626;"SPRF-CE";"DEL01-CE";"UOP02-DEL01-CE"
102634;2018-01-11;"quinta-feira";"10:40:00";"GO";153;185;"CAMPINORTE";"Falta de Atenção à Condução";"Colisão frontal";"Com Vítimas Feridas";"Pleno dia";"Crescente";"Céu Claro";"Simples";"Aclive";"Não";5;0;3;0;1;2;3;4;-14,39178554;-49,1577968;"SPRF-GO";"DEL07-GO";"UOP02-DEL07-GO"
102639;2018-01-06;"sábado";"01:30:00";"MG";40;464,1;"SETE LAGOAS";"Pista Escorregadia";"Saída de leito carroçável";"Com Vítimas Feridas";"Plena Noite";"Crescente";"Nublado";"Dupla";"Aclive";"Não";1;0;0;1;0;0;1;1;-19,4428403;-44,32548964;"SPRF-MG";"DEL02-MG";"UOP01-DEL02-MG"
102642;2018-01-11;"quinta-feira";"11:30:00";"MG";365;6;"MONTES CLAROS";"Defeito Mecânico no Veículo";"Tombamento";"Com Vítimas Feridas";"Pleno dia";"Decrescente";"Céu Claro";"Simples";"Curva";"Não";2;0;1;1;0;0;2;1;-16,816128;-43,915218;"SPRF-MG";"DEL12-MG";"UOP01-DEL12-MG"
102647;2018-01-11;"quinta-feira";"12:15:00";"RJ";116;314;"ITATIAIA";"Falta de Atenção à Condução";"Colisão com objeto estático";"Com Vítimas Feridas";"Pleno dia";"Decrescente";"Sol";"Dupla";"Reta";"Não";6;0;4;0;1;1;4;3;-22,47433389;-44,52368259;"SPRF-RJ";"DEL07-RJ";"DEL5/7-UOP03/RJ"
102651;2018-01-11;"quinta-feira";"12:00:00";"MS";262;147;"RIBAS DO RIO PARDO";"Ultrapassagem Indevida";"Colisão lateral";"Com Vítimas Feridas";"Pleno dia";"Decrescente";"Céu Claro";"Simples";"Reta";"Não";2;0;1;0;1;0;1;2;-20,457264;-52,921388;"SPRF-MS";"DEL07-MS";"UOP02-DEL07-MS"
102652;2018-01-11;"quinta-feira";"11:25:00";"MG";381;481,9;"CONTAGEM";"Falta de Atenção à Condução";"Colisão lateral";"Com Vítimas Feridas";"Pleno dia";"Crescente";"Sol";"Dupla";"Reta";"Sim";3;0;1;0;1;1;1;3;-19,95895896;-44,06427383;"SPRF-MG";"DEL01-MG";"UOP03-DEL01-MG"
102653;2018-01-11;"quinta-feira";"12:45:00";"DF";20;19;"BRASILIA";"Falta de Atenção à Condução";"Colisão lateral";"Com Vítimas Feridas";"Pleno dia";"Crescente";"Céu Claro";"Dupla";"Declive";"Não";3;0;1;0;1;1;1;2;-15,61065434;-47,69771525;"SPRF-DF";"DEL02-DF";"UOP01-DEL02-DF"
102658;2018-01-11;"quinta-feira";"11:13:00";"RJ";101;289;"ITABORAI";"Defeito Mecânico no Veículo";"Colisão lateral";"Com Vítimas Feridas";"Pleno dia";"Crescente";"Céu Claro";"Dupla";"Reta";"Não";3;0;1;0;1;1;1;3;-22,763754;-42,851696;"SPRF-RJ";"DEL02-RJ";"UOP03-DEL02-RJ"
102659;2018-01-11;"quinta-feira";"12:35:00";"PR";116;103,2;"SAO JOSE DOS PINHAIS";"Falta de Atenção à Condução";"Saída de leito carroçável";"Sem Vítimas";"Pleno dia";"Crescente";"Chuva";"Dupla";"Reta";"Não";2;0;0;0;1;1;0;2;-25,57116905;-49,19464231;"SPRF-PR";"DEL01-PR";"UOP07-DEL01-PR"
102662;2018-01-11;"quinta-feira";"12:30:00";"RS";153;553,9;"CACAPAVA DO SUL";"Avarias e/ou desgaste excessivo no pneu";"Saída de leito carroçável";"Sem Vítimas";"Pleno dia";"Crescente";"Sol";"Simples";"Aclive";"Não";1;0;0;0;1;0;0;1;-30,86098986;-53,6160485;"SPRF-RS";"DEL09-RS";"UOP02-DEL09-RS"
102663;2018-01-11;"quinta-feira";"12:50:00";"RN";226;14,7;"MACAIBA";"Ultrapassagem Indevida";"Colisão lateral";"Com Vítimas Feridas";"Pleno dia";"Crescente";"Céu Claro";"Simples";"Reta";"Sim";2;0;1;0;1;0;1;2;-5,85607298;-35,33421608;"SPRF-RN";"DEL01-RN";"UOP02-DEL01-RN"
102665;2018-01-10;"quarta-feira";"05:20:00";"BA";410;27;"TUCANO";"Defeito Mecânico no Veículo";"Tombamento";"Sem Vítimas";"Pleno dia";"Decrescente";"Céu Claro";"Simples";"Reta";"Não";2;0;0;0;1;1;0;2;-10,952253;-38,734093;"SPRF-BA";"DEL07-BA";"UOP02-DEL07-BA"
102670;2018-01-11;"quinta-feira";"13:50:00";"RJ";40;111;"DUQUE DE CAXIAS";"Velocidade Incompatível";"Colisão traseira";"Com Vítimas Feridas";"Pleno dia";"Crescente";"Céu Claro";"Múltipla";"Reta";"Sim";6;0;3;0;2;1;3;3;-22,7008;-43,2901;"SPRF-RJ";"DEL01-RJ";"UOP01-DEL01-RJ"
102676;2018-01-11;"quinta-feira";"13:20:00";"PR";467;107;"CASCAVEL";"Velocidade Incompatível";"Colisão traseira";"Com Vítimas Feridas";"Pleno dia";"Crescente";"Céu Claro";"Dupla";"Curva";"Não";6;0;0;3;2;2;3;4;-24,92072939;-53,48011829;"SPRF-PR";"DEL04-PR";"UOP01-DEL04-PR"
102681;2018-01-11;"quinta-feira";"12:40:00";"RO";364;599;"ITAPUA DO OESTE";"Carga excessiva e/ou mal acondicionada";"Derramamento de carga";"Sem Vítimas";"Pleno dia";"Crescente";"Céu Claro";"Simples";"Reta";"Não";2;0;0;0;1;3;0;4;-9,231028;-63,16914;"SPRF-RO";"DEL03-RO";"UOP04-DEL01-RO"
102683;2018-01-11;"quinta-feira";"15:25:00";"SP";116;182;"SANTA ISABEL";"Defeito Mecânico no Veículo";"Colisão com objeto estático";"Sem Vítimas";"Pleno dia";"Decrescente";"Céu Claro";"Múltipla";"Reta";"Não";1;0;0;0;1;0;0;1;-23,316034;-46,221783;"SPRF-SP";"DEL02-SP";"UOP01-DEL02-SP"
102685;2018-01-11;"quinta-feira";"13:26:00";"RO";364;257,9;"CACOAL";"Velocidade Incompatível";"Tombamento";"Com Vítimas Feridas";"Pleno dia";"Decrescente";"Garoa/Chuvisco";"Simples";"Curva";"Não";1;0;1;0;0;0;1;1;-11,43290179;-61,63256735;"SPRF-RO";"DEL02-RO";"UOP02-DEL02-RO"
102686;2018-01-11;"quinta-feira";"12:10:00";"BA";116;427,3;"FEIRA DE SANTANA";"Carga excessiva e/ou mal acondicionada";"Colisão com objeto em movimento";"Com Vítimas Feridas";"Pleno dia";"Decrescente";"Céu Claro";"Simples";"Reta";"Não";2;0;1;0;0;1;1;2;-12,28001242;-38,99693727;"SPRF-BA";"DEL02-BA";"UOP01-DEL02-BA"
102688;2018-01-09;"terça-feira";"23:35:00";"MG";40;676,8;"CARANDAI";"Falta de Atenção à Condução";"Tombamento";"Sem Vítimas";"Plena Noite";"Crescente";"Céu Claro";"Simples";"Curva";"Não";2;0;0;0;1;2;0;3;-21,02787464;-43,78234148;"SPRF-MG";"DEL05-MG";"UOP02-DEL05-MG"
102693;2018-01-11;"quinta-feira";"16:20:00";"PR";153;156;"VENTANIA";"Falta de Atenção à Condução";"Colisão transversal";"Com Vítimas Feridas";"Pleno dia";"Decrescente";"Garoa/Chuvisco";"Simples";"Reta";"Não";4;0;2;0;1;2;2;4;-24,22897554;-50,22525962;"SPRF-PR";"DEL07-PR";"DEL7/7-UOP08/PR"
102697;2018-01-11;"quinta-feira";"15:00:00";"MT";70;28,8;"BARRA DO GARCAS";"Avarias e/ou desgaste excessivo no pneu";"Tombamento";"Sem Vítimas";"Pleno dia";"Decrescente";"Céu Claro";"Simples";"Curva";"Não";2;0;0;0;1;2;0;3;-15,809309;-52,48341467;"SPRF-MT";"DEL07-MT";"UOP01-DEL07-MT"
102699;2018-01-11;"quinta-feira";"13:50:00";"ES";101;356,8;"ANCHIETA";"Desobediência às normas de trânsito pelo condutor";"Saída de leito carroçável";"Sem Vítimas";"Pleno dia";"Decrescente";"Nublado";"Simples";"Reta";"Não";2;0;0;0;1;1;0;2;-20,806316;-40,645905;"SPRF-ES";"DEL03-ES";"UOP01-DEL03-ES"
102708;2018-01-11;"quinta-feira";"13:30:00";"BA";101;610,4;"MASCOTE";"Velocidade Incompatível";"Saída de leito carroçável";"Com Vítimas Feridas";"Pleno dia";"Crescente";"Garoa/Chuvisco";"Simples";"Declive";"Sim";2;0;1;0;0;1;1;2;-15,578518;-39,408445;"SPRF-BA";"DEL05-BA";"UOP02-DEL05-BA"
102711;2018-01-11;"quinta-feira";"17:50:00";"MG";381;903,2;"CAMBUI";"Velocidade Incompatível";"Saída de leito carroçável";"Com Vítimas Feridas";"Plena Noite";"Decrescente";"Chuva";"Dupla";"Curva";"Não";4;0;2;0;1;1;2;3;-22,64952101;-46,08796058;"SPRF-MG";"DEL16-MG";"UOP03-DEL16-MG"
102718;2018-01-11;"quinta-feira";"17:30:00";"MG";381;386;"SAO GONCALO DO RIO ABAIXO";"Falta de Atenção do Pedestre";"Atropelamento de Pedestre";"Com Vítimas Fatais";"Pleno dia";"Crescente";"Céu Claro";"Simples";"Curva";"Não";2;1;0;0;0;1;0;2;-19,8281;-43,382;"SPRF-MG";"DEL01-MG";"UOP01-DEL01-MG"
102723;2018-01-11;"quinta-feira";"18:20:00";"MG";365;620;"UBERLANDIA";"Velocidade Incompatível";"Colisão traseira";"Com Vítimas Feridas";"Pleno dia";"Crescente";"Sol";"Dupla";"Reta";"Sim";4;0;0;1;3;0;1;4;-18,88780873;-48,26842904;"SPRF-MG";"DEL15-MG";"UOP01-DEL15-MG"
102731;2018-01-11;"quinta-feira";"18:50:00";"PR";277;365;"GUARAPUAVA";"Falta de Atenção à Condução";"Colisão lateral";"Sem Vítimas";"Pleno dia";"Decrescente";"Céu Claro";"Simples";"Reta";"Não";2;0;0;0;2;0;0;2;-25,42905141;-51,65850878;"SPRF-PR";"DEL03-PR";"UOP01-DEL08-PR"
102732;2018-01-11;"quinta-feira";"18:30:00";"CE";20;426,5;"FORTALEZA";"Falta de Atenção à Condução";"Colisão traseira";"Com Vítimas Feridas";"Plena Noite";"Decrescente";"Céu Claro";"Dupla";"Reta";"Não";3;0;0;1;1;2;1;4;-3,9183647;-38,511259;"SPRF-CE";"DEL01-CE";"UOP02-DEL01-CE"
102733;2018-01-11;"quinta-feira";"17:00:00";"RO";364;510;"ARIQUEMES";"Falta de Atenção à Condução";"Colisão frontal";"Com Vítimas Feridas";"Pleno dia";"Crescente";"Nublado";"Simples";"Reta";"Sim";6;0;2;0;1;4;2;5;-9,967013;-63,045021;"SPRF-RO";"DEL03-RO";"UOP01-DEL03-RO"
102735;2018-01-11;"quinta-feira";"19:45:00";"MG";381;734;"CARMO DA CACHOEIRA";"Falta de Atenção à Condução";"Tombamento";"Com Vítimas Feridas";"Plena Noite";"Crescente";"Céu Claro";"Dupla";"Reta";"Não";1;0;1;0;0;0;1;1;-21,5412;-45,2374;"SPRF-MG";"DEL04-MG";"UOP02-DEL04-MG"
102736;2018-01-09;"terça-feira";"02:00:00";"BA";101;427;"MARAU";"Velocidade Incompatível";"Saída de leito carroçável";"Sem Vítimas";"Plena Noite";"Decrescente";"Chuva";"Simples";"Curva";"Sim";1;0;0;0;1;0;0;1;-14,1618;-39,3287;"SPRF-BA";"DEL05-BA";"UOP03-DEL05-BA"
102738;2018-01-11;"quinta-feira";"19:40:00";"RS";158;230,5;"TUPANCIRETA";"Defeito Mecânico no Veículo";"Saída de leito carroçável";"Com Vítimas Feridas";"Pleno dia";"Crescente";"Céu Claro";"Simples";"Curva";"Não";4;0;2;1;0;1;3;2;-28,94664524;-53,64822507;"SPRF-RS";"DEL10-RS";"UOP02-DEL10-RS"
102746;2018-01-11;"quinta-feira";"15:45:00";"MA";10;208;"RIBAMAR FIQUENE";"Falta de Atenção à Condução";"Colisão traseira";"Sem Vítimas";"Pleno dia";"Decrescente";"Chuva";"Simples";"Declive";"Não";3;0;0;0;3;0;0;3;-5,898466;-47,365887;"SPRF-MA";"DEL04-MA";"UOP01-DEL04-MA"
102748;2018-01-11;"quinta-feira";"20:15:00";"RS";468;3,9;"PALMEIRA DAS MISSOES";"Desobediência às normas de trânsito pelo condutor";"Colisão transversal";"Sem Vítimas";"Anoitecer";"Crescente";"Céu Claro";"Simples";"Rotatória";"Não";3;0;0;0;2;1;0;3;-27,863552;-53,350998;"SPRF-RS";"DEL08-RS";"UOP01-DEL08-RS"
102749;2018-01-11;"quinta-feira";"20:40:00";"ES";101;33;"CONCEICAO DA BARRA";"Falta de Atenção à Condução";"Colisão lateral";"Com Vítimas Fatais";"Plena Noite";"Decrescente";"Nublado";"Simples";"Reta";"Sim";6;1;1;3;0;1;4;2;-18,43882541;-39,93290216;"SPRF-ES";"DEL04-ES";"UOP02-DEL04-ES"
102752;2018-01-11;"quinta-feira";"21:05:00";"DF";40;4;"BRASILIA";"Avarias e/ou desgaste excessivo no pneu";"Colisão com objeto em movimento";"Com Vítimas Feridas";"Plena Noite";"Crescente";"Céu Claro";"Simples";"Reta";"Sim";3;0;1;0;1;1;1;3;-16,005884;-47,98364;"SPRF-DF";"DEL01-DF";"UOP01-DEL01-DF"
102758;2018-01-11;"quinta-feira";"20:10:00";"MG";116;125;"ITAOBIM";"Falta de Atenção à Condução";"Colisão lateral";"Sem Vítimas";"Plena Noite";"Decrescente";"Céu Claro";"Simples";"Reta";"Não";3;0;0;0;2;1;0;3;-16,56213;-41,50368;"SPRF-MG";"DEL11-MG";"UOP02-DEL11-MG"
102759;2018-01-11;"quinta-feira";"15:35:00";"MA";316;80,5;"MARANHAOZINHO";"Falta de Atenção à Condução";"Colisão transversal";"Sem Vítimas";"Pleno dia";"Decrescente";"Sol";"Simples";"Reta";"Sim";3;0;0;0;2;1;0;3;-2,24758736;-45,85534709;"SPRF-MA";"DEL02-MA";"UOP02-DEL02-MA"
102762;2018-01-11;"quinta-feira";"21:30:00";"GO";158;201;"CAIAPONIA";"Defeito Mecânico no Veículo";"Saída de leito carroçável";"Sem Vítimas";"Plena Noite";"Decrescente";"Garoa/Chuvisco";"Simples";"Curva";"Não";1;0;0;0;1;0;0;1;-16,9569;-51,8111;"SPRF-GO";"DEL05-GO";"UOP01-DEL05-GO"
102773;2018-01-11;"quinta-feira";"23:50:00";"RS";290;337,2;"SAO SEPE";"Não guardar distância de segurança";"Colisão traseira";"Com Vítimas Feridas";"Plena Noite";"Crescente";"Céu Claro";"Simples";"Aclive";"Não";3;0;1;0;1;2;1;4;-30,37469818;-53,55059211;"SPRF-RS";"DEL09-RS";"UOP02-DEL09-RS"
102774;2018-01-11;"quinta-feira";"18:10:00";"MG";381;791,7;"SAO GONCALO DO SAPUCAI";"Velocidade Incompatível";"Tombamento";"Com Vítimas Feridas";"Pleno dia";"Decrescente";"Nublado";"Dupla";"Curva";"Não";3;0;1;1;0;1;2;2;-21,8949523;-45,54933465;"SPRF-MG";"DEL16-MG";"UOP02-DEL16-MG"
102777;2018-01-12;"sexta-feira";"00:00:00";"SP";116;211;"GUARULHOS";"Falta de Atenção à Condução";"Colisão traseira";"Com Vítimas Fatais";"Plena Noite";"Decrescente";"Céu Claro";"Múltipla";"Declive";"Sim";2;1;0;0;1;0;0;2;-23,463257;-46,53373;"SPRF-SP";"DEL01-SP";"UOP01-DEL01-SP"
102779;2018-01-11;"quinta-feira";"23:00:00";"MS";163;667,6;"RIO VERDE DE MATO GROSSO";"Falta de Atenção à Condução";"Tombamento";"Sem Vítimas";"Plena Noite";"Crescente";"Nublado";"Simples";"Curva";"Não";2;0;0;0;1;1;0;2;-19,137384;-54,75585938;"SPRF-MS";"DEL06-MS";"UOP02-DEL06-MS"
102780;2018-01-12;"sexta-feira";"01:00:00";"SP";116;407,2;"JUQUIA";"Defeito Mecânico no Veículo";"Derramamento de carga";"Sem Vítimas";"Plena Noite";"Decrescente";"Nublado";"Dupla";"Reta";"Não";2;0;0;0;1;3;0;4;-24,3214;-47,6373;"SPRF-SP";"DEL05-SP";"UOP01-DEL05-SP"
102781;2018-01-12;"sexta-feira";"00:40:00";"RS";101;35,3;"TRES CACHOEIRAS";"Falta de Atenção à Condução";"Saída de leito carroçável";"Com Vítimas Feridas";"Plena Noite";"Crescente";"Nublado";"Dupla";"Reta";"Não";2;0;1;0;0;1;1;2;-29,52115193;-49,99768496;"SPRF-RS";"DEL03-RS";"DEL9/3-UOP03/RS"
102783;2018-01-11;"quinta-feira";"10:40:00";"PI";135;286;"CRISTINO CASTRO";"Defeito na Via";"Saída de leito carroçável";"Sem Vítimas";"Pleno dia";"Decrescente";"Céu Claro";"Simples";"Curva";"Não";3;0;0;0;1;2;0;3;-8,629098;-44,019917;"SPRF-PI";"DEL03-PI";"UOP02-DEL03-PI"
102784;2018-01-11;"quinta-feira";"22:40:00";"MG";262;28,7;"REDUTO";"Falta de Atenção à Condução";"Colisão frontal";"Com Vítimas Fatais";"Plena Noite";"Decrescente";"Nublado";"Simples";"Reta";"Não";3;1;0;0;1;1;0;3;-20,24755671;-41,97919706;"SPRF-MG";"DEL06-MG";"UOP03-DEL06-MG"
102786;2018-01-12;"sexta-feira";"03:10:00";"MG";381;620,2;"OLIVEIRA";"Condutor Dormindo";"Colisão com objeto estático";"Com Vítimas Feridas";"Plena Noite";"Crescente";"Nublado";"Dupla";"Reta;Declive";"Não";4;0;2;0;2;0;2;1;-20,76182132;-44,77742046;"SPRF-MG";"DEL04-MG";"UOP01-DEL04-MG"
102788;2018-01-11;"quinta-feira";"23:40:00";"PR";153;146,5;"VENTANIA";"Defeito Mecânico no Veículo";"Tombamento";"Com Vítimas Feridas";"Plena Noite";"Crescente";"Chuva";"Simples";"Declive;Curva";"Não";2;0;1;0;0;1;1;2;-24,18935288;-50,20979404;"SPRF-PR";"DEL07-PR";"DEL7/7-UOP08/PR"
102795;2018-01-12;"sexta-feira";"04:10:00";"RJ";101;257;"RIO BONITO";"Condutor Dormindo";"Saída de leito carroçável";"Com Vítimas Feridas";"Plena Noite";"Crescente";"Céu Claro";"Dupla";"Ponte;Reta";"Não";3;0;1;0;1;1;1;3;-22,698215;-42,578129;"SPRF-RJ";"DEL02-RJ";"UOP03-DEL02-RJ"
102796;2018-01-12;"sexta-feira";"03:25:00";"MG";381;620,5;"OLIVEIRA";"Velocidade Incompatível";"Colisão traseira";"Com Vítimas Fatais";"Plena Noite";"Decrescente";"Céu Claro";"Dupla";"Reta";"Não";12;2;2;1;4;4;3;8;-20,75930357;-44,77655123;"SPRF-MG";"DEL04-MG";"UOP01-DEL04-MG"
102800;2018-01-12;"sexta-feira";"04:10:00";"RN";226;128;"CAMPO REDONDO";"Ingestão de Álcool";"Colisão transversal";"Com Vítimas Feridas";"Plena Noite";"Decrescente";"Céu Claro";"Simples";"Reta";"Não";2;0;0;1;1;0;1;2;-6,1904753;-36,14097074;"SPRF-RN";"DEL03-RN";"UOP02-DEL03-RN"
102801;2018-01-12;"sexta-feira";"04:59:00";"RJ";116;224;"PIRAI";"Defeito Mecânico no Veículo";"Colisão com objeto estático";"Com Vítimas Fatais";"Plena Noite";"Decrescente";"Nublado";"Simples";"Curva";"Não";2;1;0;0;0;1;0;2;-22,6663849;-43,8457785;"SPRF-RJ";"DEL07-RJ";"UOP01-DEL07-RJ"
102805;2018-01-12;"sexta-feira";"05:00:00";"MS";463;15,1;"DOURADOS";"Desobediência às normas de trânsito pelo condutor";"Tombamento";"Sem Vítimas";"Plena Noite";"Crescente";"Céu Claro";"Simples";"Curva";"Não";2;0;0;0;0;3;0;3;-22,23416589;-54,94630503;"SPRF-MS";"DEL04-MS";"UOP01-DEL04-MS"
102806;2018-01-12;"sexta-feira";"06:00:00";"PR";476;131;"CURITIBA";"Não guardar distância de segurança";"Colisão traseira";"Com Vítimas Feridas";"Amanhecer";"Crescente";"Nublado";"Dupla";"Reta";"Sim";2;0;0;1;1;0;1;2;-25,458852;-49,250229;"SPRF-PR";"DEL01-PR";"UOP07-DEL01-PR"
102807;2018-01-12;"sexta-feira";"04:40:00";"SE";101;46;"JAPARATUBA";"Desobediência às normas de trânsito pelo condutor";"Colisão com objeto estático";"Sem Vítimas";"Amanhecer";"Decrescente";"Nublado";"Dupla";"Aclive;Curva";"Não";2;0;0;0;1;1;0;2;-10,593773;-36,940582;"SPRF-SE";"DEL02-SE";"UOP02-DEL02-SE"
102808;2018-01-12;"sexta-feira";"05:45:00";"SP";381;32;"ATIBAIA";"Falta de Atenção à Condução";"Colisão com objeto estático";"Sem Vítimas";"Pleno dia";"Decrescente";"Céu Claro";"Dupla";"Reta";"Sim";2;0;0;0;1;1;0;2;-23,06345962;-46,57044318;"SPRF-SP";"DEL03-SP";"UOP02-DEL03-SP"
102812;2018-01-12;"sexta-feira";"06:00:00";"PR";373;387,9;"PONTA GROSSA";"Mal Súbito";"Saída de leito carroçável";"Com Vítimas Feridas";"Amanhecer";"Crescente";"Nevoeiro/Neblina";"Dupla";"Interseção de Vias";"Sim";2;0;1;0;0;1;1;2;-25,08388872;-50,19043922;"SPRF-PR";"DEL03-PR";"UOP01-DEL08-PR"
102813;2018-01-12;"sexta-feira";"06:00:00";"MG";153;37;"CANAPOLIS";"Condutor Dormindo";"Tombamento";"Sem Vítimas";"Amanhecer";"Crescente";"Nublado";"Dupla";"Reta";"Sim";2;0;0;0;1;1;0;2;-18,7316;-49,1091;"SPRF-MG";"DEL15-MG";"UOP03-DEL15-MG"
102822;2018-01-12;"sexta-feira";"05:30:00";"BA";407;83;"JAGUARARI";"Avarias e/ou desgaste excessivo no pneu";"Saída de leito carroçável";"Com Vítimas Feridas";"Amanhecer";"Decrescente";"Céu Claro";"Simples";"Reta";"Não";3;0;2;1;0;0;3;1;-10,09494;-40,2319;"SPRF-BA";"DEL04-BA";"UOP01-DEL04-BA"
102830;2018-01-12;"sexta-feira";"08:11:00";"SP";116;204;"ARUJA";"Defeito Mecânico no Veículo";"Colisão com objeto estático";"Sem Vítimas";"Pleno dia";"Decrescente";"Nublado";"Dupla";"Reta";"Sim";3;0;0;0;2;1;0;2;-23,41365439;-46,36122996;"SPRF-SP";"DEL01-SP";"UOP02-DEL01-SP"
102831;2018-01-03;"quarta-feira";"01:00:00";"PR";369;193;"ARAPONGAS";"Falta de Atenção à Condução";"Tombamento";"Com Vítimas Feridas";"Plena Noite";"Crescente";"Nublado";"Dupla";"Reta";"Não";2;0;1;0;0;1;1;2;-23,41991;-51,424873;"SPRF-PR";"DEL07-PR";"UOP03-DEL07-PR"
102836;2018-01-12;"sexta-feira";"08:50:00";"SP";116;360;"MIRACATU";"Defeito Mecânico no Veículo";"Saída de leito carroçável";"Sem Vítimas";"Pleno dia";"Crescente";"Céu Claro";"Dupla";"Reta";"Não";1;0;0;0;1;0;0;1;-24,281868;-47,46013;"SPRF-SP";"DEL04-SP";"UOP03-DEL04-SP"
102837;2018-01-12;"sexta-feira";"06:30:00";"PR";153;243,9;"TIBAGI";"Velocidade Incompatível";"Tombamento";"Sem Vítimas";"Amanhecer";"Decrescente";"Nublado";"Simples";"Curva";"Não";2;0;0;0;1;2;0;3;-24,81360063;-50,4849726;"SPRF-PR";"DEL03-PR";"UOP02-DEL03-PR"
102839;2018-01-01;"segunda-feira";"14:45:00";"PR";153;402,5;"MALLET";"Defeito Mecânico no Veículo";"Saída de leito carroçável";"Com Vítimas Fatais";"Pleno dia";"Crescente";"Nublado";"Simples";"Declive;Curva";"Não";3;1;1;0;0;1;1;2;-25,96223116;-50,84363222;"SPRF-PR";"DEL02-PR";"UOP03-DEL02-PR"