"id";"data_inversa";"dia_semana";"horario";"uf";"br";"km";"municipio";"causa_acidente";"tipo_acidente";"classificacao_acidente";"fase_dia";"sentido_via";"condicao_metereologica";"tipo_pista";"tracado_via";"uso_solo";"pessoas";"mortos";"feridos_leves";"feridos_graves";"ilesos";"ignorados";"feridos";"veiculos";"latitude";"longitude";"regional";"delegacia";"uop"
103592;2018-01-14;"domingo";"19:10:00";"BA";116;747;"POCOES";"Velocidade Incompatível";"Colisão traseira";"Com Vítimas Feridas";"Plena Noite";"Crescente";"Nublado";"Simples";"Aclive";"Não";7;0;2;0;4;4;2;8;-14,44265971;-40,35243988;"SPRF-BA";"DEL08-BA";"UOP02-DEL08-BA"
103594;2018-01-14;"domingo";"20:20:00";"BA";116;925,5;"ENCRUZILHADA";"Defeito Mecânico no Veículo";"Incêndio";"Sem Vítimas";"Plena Noite";"Decrescente";"Céu Claro";"Simples";"Reta";"Não";2;0;0;0;1;1;0;2;-15,64551901;-41,30447388;"SPRF-BA";"DEL08-BA";"UOP03-DEL08-BA"
103604;2018-01-14;"domingo";"22:40:00";"PR";277;7,5;"PARANAGUA";"Falta de Atenção à Condução";"Colisão lateral";"Com Vítimas Feridas";"Plena Noite";"Crescente";"Céu Claro";"Dupla";"Reta";"Não";5;0;0;2;2;1;2;4;-25,56292316;-48,59222889;"SPRF-PR";"DEL01-PR";"UOP05-DEL01-PR"
103610;2018-01-14;"domingo";"20:30:00";"MT";364;57;"ALTO GARCAS";"Falta de Atenção à Condução";"Saída de leito carroçável";"Sem Vítimas";"Plena Noite";"Decrescente";"Chuva";"Simples";"Declive";"Não";3;0;0;0;2;2;0;3;-16,944366;-53,530155;"SPRF-MT";"DEL02-MT";"UOP02-DEL02-MT"
103618;2018-01-15;"segunda-feira";"00:10:00";"PR";476;167;"CONTENDA";"Falta de Atenção à Condução";"Colisão transversal";"Sem Vítimas";"Plena Noite";"Decrescente";"Nublado";"Simples";"Reta";"Não";2;0;0;0;2;0;0;2;-25,656544;-49,482616;"SPRF-PR";"DEL01-PR";"UOP06-DEL01-PR"
103622;2018-01-14;"domingo";"23:45:00";"MG";459;77,7;"SENADOR JOSE BENTO";"Ingestão de Álcool";"Colisão frontal";"Com Vítimas Fatais";"Plena Noite";"Crescente";"Céu Claro";"Simples";"Reta";"Não";2;1;0;0;1;0;0;2;-22,15871647;-46,10303432;"SPRF-MG";"DEL09-MG";"UOP01-DEL09-MG"
103623;2018-01-14;"domingo";"21:50:00";"MG";40;517,6;"RIBEIRAO DAS NEVES";"Desobediência às normas de trânsito pelo condutor";"Colisão transversal";"Com Vítimas Fatais";"Plena Noite";"Decrescente";"Nublado";"Dupla";"Reta";"Sim";5;1;0;0;1;3;0;4;-19,82961355;-44,08339262;"SPRF-MG";"DEL01-MG";"UOP03-DEL01-MG"
103626;2018-01-14;"domingo";"21:20:00";"RO";364;429;"JARU";"Falta de Atenção à Condução";"Colisão transversal";"Sem Vítimas";"Plena Noite";"Decrescente";"Céu Claro";"Simples";"Curva";"Não";4;0;0;0;2;3;0;5;-10,41507971;-62,50542909;"SPRF-RO";"DEL03-RO";"UOP02-DEL03-RO"
103636;2018-01-14;"domingo";"14:00:00";"MT";174;120;"MIRASSOL DOESTE";"Falta de Atenção à Condução";"Saída de leito carroçável";"Sem Vítimas";"Pleno dia";"Decrescente";"Céu Claro";"Simples";"Curva";"Não";2;0;0;0;1;1;0;2;-15,82776458;-58,07252884;"SPRF-MT";"DEL03-MT";"UOP01-DEL03-MT"
103640;2018-01-15;"segunda-feira";"02:20:00";"BA";324;440,8;"RIACHAO DO JACUIPE";"Falta de Atenção à Condução";"Colisão traseira";"Com Vítimas Feridas";"Plena Noite";"Decrescente";"Céu Claro";"Simples";"Reta";"Sim";5;0;1;0;3;3;1;7;-11,8116;-39,3858;"SPRF-BA";"DEL02-BA";"UOP01-DEL02-BA"
103650;2018-01-15;"segunda-feira";"05:20:00";"MG";365;670;"MONTE ALEGRE DE MINAS";"Falta de Atenção à Condução";"Colisão traseira";"Com Vítimas Feridas";"Plena Noite";"Crescente";"Céu Claro";"Dupla";"Reta";"Não";2;0;0;1;1;0;1;2;-18,88762021;-48,69827271;"SPRF-MG";"DEL15-MG";"UOP01-DEL15-MG"
103652;2018-01-15;"segunda-feira";"05:50:00";"SP";381;60,2;"MAIRIPORA";"Ingestão de Álcool";"Tombamento";"Com Vítimas Feridas";"Amanhecer";"Crescente";"Nublado";"Dupla";"Declive;Curva";"Não";1;0;1;0;0;0;1;1;-23,3184;-46,5872;"SPRF-SP";"DEL03-SP";"UOP01-DEL03-SP"
103656;2018-01-15;"segunda-feira";"06:45:00";"SP";153;88,8;"JACI";"Desobediência às normas de trânsito pelo condutor";"Colisão frontal";"Com Vítimas Feridas";"Amanhecer";"Crescente";"Nublado";"Simples";"Reta";"Não";8;0;2;0;6;0;2;6;-20,95231821;-49,54846537;"SPRF-SP";"DEL09-SP";"UOP01-DEL09-SP"
103661;2018-01-15;"segunda-feira";"06:16:00";"SP";116;75,9;"ROSEIRA";"Ingestão de Álcool";"Colisão traseira";"Sem Vítimas";"Amanhecer";"Crescente";"Nublado";"Dupla";"Curva";"Não";4;0;0;0;3;1;0;4;-22,87702543;-45,27122932;"SPRF-SP";"DEL06-SP";"UOP01-DEL06-SP"
103673;2018-01-15;"segunda-feira";"07:00:00";"PE";104;38;"CARUARU";"Falta de Atenção à Condução";"Colisão lateral";"Com Vítimas Feridas";"Pleno dia";"Decrescente";"Sol";"Dupla";"Curva";"Não";5;0;2;0;2;1;2;2;-8,0812;-36,0424;"SPRF-PE";"DEL02-PE";"UOP01-DEL02-PE"
103678;2018-01-15;"segunda-feira";"08:20:00";"RJ";116;228;"PIRAI";"Carga excessiva e/ou mal acondicionada";"Colisão com objeto estático";"Sem Vítimas";"Pleno dia";"Decrescente";"Céu Claro";"Dupla";"Curva";"Não";1;0;0;0;1;0;0;1;-22,6335;-43,9046;"SPRF-RJ";"DEL07-RJ";"UOP01-DEL07-RJ"
103691;2018-01-15;"segunda-feira";"09:10:00";"SC";101;265,5;"PAULO LOPES";"Falta de Atenção à Condução";"Engavetamento";"Sem Vítimas";"Pleno dia";"Crescente";"Nublado";"Dupla";"Reta";"Não";6;0;0;0;6;0;0;3;-28,07336345;-48,71340305;"SPRF-SC";"DEL02-SC";"UOP03-DEL02-SC"
103694;2018-01-15;"segunda-feira";"08:20:00";"SP";116;435,3;"REGISTRO";"Falta de Atenção à Condução";"Colisão com objeto estático";"Sem Vítimas";"Pleno dia";"Decrescente";"Nublado";"Dupla";"Reta";"Não";1;0;0;0;1;0;0;1;-24,487978;-47,84402;"SPRF-SP";"DEL05-SP";"UOP01-DEL05-SP"
103698;2018-01-15;"segunda-feira";"08:20:00";"BA";101;684,7;"ITAGIMIRIM";"Falta de Atenção à Condução";"Colisão lateral";"Com Vítimas Feridas";"Pleno dia";"Crescente";"Céu Claro";"Simples";"Reta";"Não";4;0;1;0;2;1;1;2;-16,087132;-39,614777;"SPRF-BA";"DEL09-BA";"UOP01-DEL09-BA"
103700;2018-01-15;"segunda-feira";"09:30:00";"SP";116;476;"JACUPIRANGA";"Falta de Atenção à Condução";"Colisão lateral";"Com Vítimas Feridas";"Pleno dia";"Decrescente";"Céu Claro";"Dupla";"Reta";"Sim";5;0;1;0;3;1;1;3;-24,692978;-48,002632;"SPRF-SP";"DEL05-SP";"UAP01-DEL05-SP"
103708;2018-01-15;"segunda-feira";"10:40:00";"PI";316;296;"PICOS";"Velocidade Incompatível";"Tombamento";"Com Vítimas Feridas";"Pleno dia";"Crescente";"Céu Claro";"Simples";"Curva";"Não";2;0;0;1;0;1;1;2;-7,02663291;-41,55946042;"SPRF-PI";"DEL04-PI";"UOP01-DEL04-PI"
103710;2018-01-15;"segunda-feira";"11:00:00";"PR";116;31,8;"CAMPINA GRANDE DO SUL";"Defeito Mecânico no Veículo";"Incêndio";"Sem Vítimas";"Pleno dia";"Crescente";"Nublado";"Dupla";"Reta;Aclive";"Não";2;0;0;0;1;1;0;2;-25,10457084;-48,83784841;"SPRF-PR";"DEL01-PR";"UOP02-DEL01-PR"
103711;2018-01-15;"segunda-feira";"12:20:00";"SC";101;112,4;"ITAJAI";"Não guardar distância de segurança";"Colisão traseira";"Com Vítimas Feridas";"Pleno dia";"Crescente";"Céu Claro";"Dupla";"Reta";"Sim";4;0;1;0;2;1;1;3;-26,85038375;-48,72442267;"SPRF-SC";"DEL04-SC";"UOP04-DEL04-SC"
103712;2018-01-15;"segunda-feira";"10:00:00";"SE";101;81;"LARANJEIRAS";"Não guardar distância de segurança";"Colisão traseira";"Sem Vítimas";"Pleno dia";"Decrescente";"Sol";"Dupla";"Reta;Declive";"Não";3;0;0;0;3;0;0;3;-10,8207;-37,1389;"SPRF-SE";"DEL01-SE";"UOP01-DEL01-SE"
103726;2018-01-15;"segunda-feira";"13:20:00";"MG";40;503;"ESMERALDAS";"Animais na Pista";"Atropelamento de Animal";"Sem Vítimas";"Pleno dia";"Crescente";"Céu Claro";"Dupla";"Reta";"Sim";1;0;0;0;1;0;0;1;-19,7353;-44,1505;"SPRF-MG";"DEL02-MG";"UOP01-DEL02-MG"
103732;2018-01-15;"segunda-feira";"06:30:00";"MT";364;271;"JACIARA";"Defeito Mecânico no Veículo";"Incêndio";"Sem Vítimas";"Amanhecer";"Decrescente";"Céu Claro";"Dupla";"Reta";"Sim";1;0;0;0;1;0;0;1;-15,96963;-54,953629;"SPRF-MT";"DEL02-MT";"UOP02-DEL05-MT"
103744;2018-01-15;"segunda-feira";"14:30:00";"PR";277;49;"MORRETES";"Falta de Atenção à Condução";"Colisão lateral";"Sem Vítimas";"Pleno dia";"Crescente";"Sol";"Dupla";"Declive;Reta";"Não";3;0;0;0;2;1;0;3;-25,477423;-48,834866;"SPRF-PR";"DEL01-PR";"UOP07-DEL01-PR"
103746;2018-01-12;"sexta-feira";"01:00:00";"MG";381;374;"SAO GONCALO DO RIO ABAIXO";"Ultrapassagem Indevida";"Saída de leito carroçável";"Com Vítimas Feridas";"Plena Noite";"Crescente";"Ignorado";"Simples";"Reta";"Não";1;0;1;0;0;0;1;1;-19,84977743;-43,27682018;"SPRF-MG";"DEL01-MG";"UOP01-DEL01-MG"
103755;2018-01-15;"segunda-feira";"14:00:00";"PE";232;517,6;"SALGUEIRO";"Falta de Atenção à Condução";"Engavetamento";"Sem Vítimas";"Pleno dia";"Crescente";"Céu Claro";"Simples";"Reta";"Não";4;0;0;0;4;0;0;3;-8,06942746;-39,17503595;"SPRF-PE";"DEL05-PE";"UOP01-DEL05-PE"
103757;2018-01-15;"segunda-feira";"11:30:00";"MG";267;281;"AIURUOCA";"Ingestão de Álcool";"Tombamento";"Com Vítimas Feridas";"Pleno dia";"Crescente";"Sol";"Simples";"Curva";"Não";2;0;0;1;0;1;1;2;-21,976034;-44,603436;"SPRF-MG";"DEL05-MG";"DEL5/4-UOP01/MG"
103764;2018-01-15;"segunda-feira";"14:40:00";"SC";101;106;"PENHA";"Falta de Atenção à Condução";"Derramamento de carga";"Com Vítimas Feridas";"Pleno dia";"Crescente";"Nublado";"Dupla";"Curva";"Não";4;0;2;0;2;0;2;3;-26,81244123;-48,683348;"SPRF-SC";"DEL03-SC";"UOP02-DEL03-SC"
103768;2018-01-15;"segunda-feira";"15:30:00";"MG";381;900,9;"CAMBUI";"Falta de Atenção à Condução";"Colisão traseira";"Com Vítimas Feridas";"Pleno dia";"Decrescente";"Céu Claro";"Múltipla";"Reta";"Não";6;0;2;1;2;1;3;4;-22,62871747;-46,07774377;"SPRF-MG";"DEL16-MG";"UOP03-DEL16-MG"
103773;2018-01-15;"segunda-feira";"09:30:00";"PR";153;517;"GENERAL CARNEIRO";"Ultrapassagem Indevida";"Tombamento";"Sem Vítimas";"Pleno dia";"Crescente";"Garoa/Chuvisco";"Simples";"Reta";"Não";2;0;0;0;1;2;0;3;-26,427973;-51,315994;"SPRF-PR";"DEL02-PR";"UOP03-DEL02-PR"
103774;2018-01-15;"segunda-feira";"16:00:00";"SC";101;19,9;"JOINVILLE";"Defeito Mecânico no Veículo";"Incêndio";"Com Vítimas Feridas";"Pleno dia";"Crescente";"Nublado";"Dupla";"Reta";"Não";1;0;1;0;0;0;1;1;-26,13460804;-48,89724735;"SPRF-SC";"DEL03-SC";"UOP01-DEL03-SC"
103778;2018-01-15;"segunda-feira";"16:00:00";"MG";40;417,5;"CURVELO";"Falta de Atenção à Condução";"Colisão lateral";"Sem Vítimas";"Pleno dia";"Decrescente";"Céu Claro";"Simples";"Reta";"Não";2;0;0;0;2;0;0;2;-19,15255549;-44,60220918;"SPRF-MG";"DEL02-MG";"UOP01-DEL02-MG"
103779;2018-01-15;"segunda-feira";"12:00:00";"MA";135;18,2;"SAO LUIS";"Falta de Atenção à Condução";"Colisão transversal";"Sem Vítimas";"Pleno dia";"Decrescente";"Garoa/Chuvisco";"Simples";"Reta;Aclive";"Sim";3;0;0;0;2;1;0;3;-2,55793971;-44,34326649;"SPRF-MA";"DEL01-MA";"UOP01-DEL01-MA"
103784;2018-01-15;"segunda-feira";"17:00:00";"PR";376;493,9;"PONTA GROSSA";"Falta de Atenção à Condução";"Tombamento";"Com Vítimas Feridas";"Pleno dia";"Crescente";"Nublado";"Dupla";"Reta";"Não";2;0;1;0;1;0;1;1;-25,13048247;-50,17194271;"SPRF-PR";"DEL03-PR";"UOP04-DEL03-PR"
103789;2018-01-15;"segunda-feira";"16:38:00";"MT";364;347,6;"SANTO ANTONIO DO LEVERGER";"Defeito Mecânico no Veículo";"Colisão traseira";"Com Vítimas Feridas";"Pleno dia";"Crescente";"Céu Claro";"Dupla";"Curva";"Não";5;0;1;0;3;4;1;8;-15,79258393;-55,5695343;"SPRF-MT";"DEL02-MT";"UOP02-DEL01-MT"
103793;2018-01-15;"segunda-feira";"09:00:00";"BA";116;628;"JAGUAQUARA";"Falta de Atenção à Condução";"Colisão traseira";"Sem Vítimas";"Pleno dia";"Crescente";"Céu Claro";"Simples";"Reta";"Não";3;0;0;0;2;1;0;3;-13,48445416;-40,04382089;"SPRF-BA";"DEL03-BA";"UOP01-DEL03-BA"
103795;2018-01-15;"segunda-feira";"17:40:00";"MG";267;83,3;"JUIZ DE FORA";"Ultrapassagem Indevida";"Colisão frontal";"Com Vítimas Feridas";"Pleno dia";"Crescente";"Nublado";"Simples";"Reta";"Não";2;0;1;0;1;0;1;2;-21,75155824;-43,26422102;"SPRF-MG";"DEL05-MG";"UOP01-DEL05-MG"
103797;2018-01-15;"segunda-feira";"17:26:00";"PR";369;178;"ARAPONGAS";"Defeito Mecânico no Veículo";"Colisão traseira";"Sem Vítimas";"Pleno dia";"Decrescente";"Nublado";"Dupla";"Reta";"Sim";3;0;0;0;3;0;0;3;-23,36140427;-51,39979362;"SPRF-PR";"DEL07-PR";"UOP01-DEL07-PR"
103799;2018-01-15;"segunda-feira";"17:10:00";"SE";101;152,6;"ESTANCIA";"Falta de Atenção à Condução";"Colisão transversal";"Sem Vítimas";"Anoitecer";"Crescente";"Céu Claro";"Simples";"Reta";"Sim";2;0;0;0;2;0;0;2;-11,2687;-37,4421;"SPRF-SE";"DEL02-SE";"UOP01-DEL02-SE"
103800;2018-01-15;"segunda-feira";"16:15:00";"RJ";393;211;"VASSOURAS";"Defeito Mecânico no Veículo";"Tombamento";"Sem Vítimas";"Pleno dia";"Decrescente";"Chuva";"Simples";"Curva";"Não";1;0;0;0;1;0;0;1;-22,28242518;-43,46895218;"SPRF-RJ";"DEL05-RJ";"UOP03-DEL05-RJ"
103801;2018-01-15;"segunda-feira";"18:10:00";"RS";470;287;"MONTENEGRO";"Falta de Atenção à Condução";"Colisão transversal";"Com Vítimas Feridas";"Pleno dia";"Crescente";"Sol";"Simples";"Interseção de Vias";"Não";3;0;2;0;1;0;2;2;-29,65630673;-51,45509005;"SPRF-RS";"DEL04-RS";"UOP02-DEL04-RS"
103807;2018-01-15;"segunda-feira";"15:40:00";"SC";470;182;"POUSO REDONDO";"Restrição de Visibilidade";"Saída de leito carroçável";"Sem Vítimas";"Pleno dia";"Crescente";"Chuva";"Simples";"Reta";"Não";1;0;0;0;1;0;0;1;-27,24730437;-50,00427246;"SPRF-SC";"DEL04-SC";"UOP02-DEL04-SC"
103814;2018-01-15;"segunda-feira";"18:00:00";"SC";282;525,5;"XAXIM";"Carga excessiva e/ou mal acondicionada";"Danos eventuais";"Sem Vítimas";"Pleno dia";"Decrescente";"Nublado";"Simples";"Curva";"Não";2;0;0;0;2;0;0;2;-26,96637129;-52,56813169;"SPRF-SC";"DEL07-SC";"UOP01-DEL07-SC"
103815;2018-01-15;"segunda-feira";"19:30:00";"GO";153;437,9;"ANAPOLIS";"Velocidade Incompatível";"Colisão com objeto estático";"Com Vítimas Feridas";"Plena Noite";"Crescente";"Nublado";"Dupla";"Reta;Declive";"Sim";2;0;1;0;1;0;1;2;-16,29143061;-48,93539071;"SPRF-GO";"DEL02-GO";"UOP01-DEL02-GO"
103820;2018-01-15;"segunda-feira";"17:20:00";"PA";316;59;"CASTANHAL";"Carga excessiva e/ou mal acondicionada";"Tombamento";"Sem Vítimas";"Pleno dia";"Crescente";"Céu Claro";"Dupla";"Declive";"Sim";2;0;0;0;1;1;0;2;-1,2942672;-47,92676;"SPRF-PA";"DEL01-PA";"UOP01-DEL01-PA"
103830;2018-01-15;"segunda-feira";"21:28:00";"SP";116;208,8;"GUARULHOS";"Falta de Atenção do Pedestre";"Atropelamento de Pedestre";"Com Vítimas Fatais";"Plena Noite";"Crescente";"Nublado";"Dupla";"Reta";"Sim";2;1;0;0;0;1;0;2;-23,463257;-46,53373;"SPRF-SP";"DEL01-SP";"UOP01-DEL01-SP"
103833;2018-01-15;"segunda-feira";"22:00:00";"RJ";393;181;"PARAIBA DO SUL";"Sinalização da via insuficiente ou inadequada";"Colisão frontal";"Com Vítimas Feridas";"Plena Noite";"Crescente";"Chuva";"Simples";"Em Obras";"Não";5;0;2;0;2;1;2;3;-22,14018877;-43,25643539;"SPRF-RJ";"DEL05-RJ";"UOP03-DEL05-RJ"
103835;2018-01-15;"segunda-feira";"20:20:00";"MG";40;385,4;"CURVELO";"Condutor Dormindo";"Colisão traseira";"Com Vítimas Feridas";"Plena Noite";"Decrescente";"Céu Claro";"Simples";"Curva";"Não";2;0;1;0;1;0;1;2;-18,90851259;-44,68514462;"SPRF-MG";"DEL02-MG";"UOP01-DEL02-MG"
103838;2018-01-15;"segunda-feira";"20:35:00";"RS";392;153,8;"CANGUCU";"Defeito Mecânico no Veículo";"Danos eventuais";"Sem Vítimas";"Plena Noite";"Decrescente";"Céu Claro";"Simples";"Reta";"Não";2;0;0;0;1;2;0;3;-31,15191753;-52,87914085;"SPRF-RS";"DEL07-RS";"UOP01-DEL07-RS"
103843;2018-01-15;"segunda-feira";"23:36:00";"PR";116;203,9;"RIO NEGRO";"Falta de Atenção à Condução";"Colisão com objeto estático";"Sem Vítimas";"Plena Noite";"Decrescente";"Nublado";"Múltipla";"Reta";"Não";2;0;0;0;0;2;0;2;-26,07073742;-49,73980021;"SPRF-SC";"DEL06-SC";"UOP01-DEL06-SC"
103844;2018-01-15;"segunda-feira";"21:10:00";"SC";282;603,9;"MARAVILHA";"Falta de Atenção do Pedestre";"Saída de leito carroçável";"Sem Vítimas";"Plena Noite";"Decrescente";"Chuva";"Simples";"Aclive";"Não";2;0;0;0;1;1;0;2;-26,79633059;-53,19256192;"SPRF-SC";"DEL07-SC";"UOP02-DEL07-SC"
103845;2018-01-15;"segunda-feira";"21:40:00";"MG";381;542,4;"ITATIAIUCU";"Defeito Mecânico no Veículo";"Saída de leito carroçável";"Sem Vítimas";"Plena Noite";"Crescente";"Nublado";"Dupla";"Reta";"Não";2;0;0;0;1;1;0;2;-20,24368283;-44,4114604;"SPRF-MG";"DEL04-MG";"UOP03-DEL04-MG"
103846;2018-01-15;"segunda-feira";"10:30:00";"PE";424;77;"GARANHUNS";"Desobediência às normas de trânsito pelo condutor";"Colisão lateral";"Com Vítimas Feridas";"Pleno dia";"Decrescente";"Céu Claro";"Simples";"Reta";"Não";2;0;0;1;1;0;1;2;-8,815139;-36,568859;"SPRF-PE";"DEL03-PE";"UOP01-DEL03-PE"
103851;2018-01-16;"terça-feira";"00:15:00";"RJ";116;219;"PARACAMBI";"Falta de Atenção à Condução";"Colisão com objeto estático";"Sem Vítimas";"Plena Noite";"Decrescente";"Céu Claro";"Dupla";"Ponte";"Sim";2;0;0;0;1;1;0;2;-22,68973551;-43,80317688;"SPRF-RJ";"DEL07-RJ";"UOP01-DEL07-RJ"
103852;2018-01-15;"segunda-feira";"22:49:00";"RS";470;174;"VERANOPOLIS";"Falta de Atenção à Condução";"Colisão transversal";"Com Vítimas Feridas";"Plena Noite";"Crescente";"Garoa/Chuvisco";"Simples";"Reta";"Não";2;0;0;1;1;0;1;2;-28,90930049;-51,54543489;"SPRF-RS";"DEL06-RS";"UOP02-DEL06-RS"
103854;2018-01-15;"segunda-feira";"23:15:00";"SC";282;115,8;"ALFREDO WAGNER";"Velocidade Incompatível";"Saída de leito carroçável";"Com Vítimas Feridas";"Plena Noite";"Decrescente";"Nublado";"Simples";"Curva";"Não";5;0;3;1;1;0;4;2;-27,76147817;-49,39818512;"SPRF-SC";"DEL01-SC";"UOP03-DEL01-SC"
103855;2018-01-15;"segunda-feira";"19:40:00";"PB";427;8,5;"PAULISTA";"Animais na Pista";"Capotamento";"Com Vítimas Feridas";"Plena Noite";"Crescente";"Ignorado";"Simples";"Reta";"Não";1;0;1;0;0;0;1;1;-6,66241129;-37,54575169;"SPRF-PB";"DEL03-PB";"UOP02-DEL03-PB"
103856;2018-01-16;"terça-feira";"00:50:00";"RS";158;294,7;"JULIO DE CASTILHOS";"Defeito Mecânico no Veículo";"Colisão frontal";"Com Vítimas Feridas";"Plena Noite";"Decrescente";"Céu Claro";"Simples";"Reta";"Não";6;0;3;1;1;1;4;3;-29,50203599;-53,69830595;"SPRF-RS";"DEL09-RS";"UOP01-DEL09-RS"
103862;2018-01-15;"segunda-feira";"23:10:00";"RS";392;274,1;"SAO SEPE";"Carga excessiva e/ou mal acondicionada";"Derramamento de carga";"Sem Vítimas";"Plena Noite";"Crescente";"Nublado";"Simples";"Reta";"Não";2;0;0;0;1;1;0;2;-30,35830463;-53,51828814;"SPRF-RS";"DEL09-RS";"UOP02-DEL09-RS"
103866;2018-01-16;"terça-feira";"01:20:00";"SP";116;499,5;"CAJATI";"Velocidade Incompatível";"Saída de leito carroçável";"Sem Vítimas";"Plena Noite";"Crescente";"Nublado";"Dupla";"Curva";"Não";2;0;0;0;1;1;0;2;-24,73659;-48,12319;"SPRF-SP";"DEL05-SP";"UAP01-DEL05-SP"
103868;2018-01-14;"domingo";"22:40:00";"MG";381;914,8;"CAMANDUCAIA";"Defeito Mecânico no Veículo";"Danos eventuais";"Sem Vítimas";"Plena Noite";"Crescente";"Ignorado";"Dupla";"Reta";"Não";2;0;0;0;1;1;0;2;-22,72615715;-46,13344789;"SPRF-MG";"DEL16-MG";"UOP03-DEL16-MG"
103872;2018-01-16;"terça-feira";"06:05:00";"SC";470;71;"INDAIAL";"Falta de Atenção à Condução";"Tombamento";"Sem Vítimas";"Pleno dia";"Crescente";"Céu Claro";"Simples";"Interseção de Vias";"Não";1;0;0;0;1;0;0;1;-26,88345111;-49,24639821;"SPRF-SC";"DEL04-SC";"UOP01-DEL04-SC"
103878;2018-01-16;"terça-feira";"06:50:00";"RS";290;154;"ARROIO DOS RATOS";"Desobediência às normas de trânsito pelo condutor";"Colisão lateral";"Sem Vítimas";"Pleno dia";"Decrescente";"Nublado";"Simples";"Declive";"Não";3;0;0;0;2;1;0;3;-30,107643;-51,747883;"SPRF-RS";"DEL02-RS";"UOP01-DEL02-RS"
103888;2018-01-16;"terça-feira";"07:35:00";"GO";153;518,5;"HIDROLANDIA";"Falta de Atenção à Condução";"Colisão traseira";"Com Vítimas Feridas";"Pleno dia";"Crescente";"Sol";"Dupla";"Aclive";"Não";4;0;1;0;2;2;1;5;-16,867;-49,2505;"SPRF-GO";"DEL01-GO";"UOP03-DEL01-GO"
103890;2018-01-16;"terça-feira";"07:45:00";"SP";116;465,3;"PARIQUERA-ACU";"Falta de Atenção à Condução";"Colisão traseira";"Com Vítimas Feridas";"Pleno dia";"Decrescente";"Céu Claro";"Dupla";"Reta";"Não";4;0;1;1;1;1;2;3;-24,7102;-47,884;"SPRF-SP";"DEL05-SP";"UAP01-DEL05-SP"
103893;2018-01-13;"sábado";"03:00:00";"SP";116;535;"BARRA DO TURVO";"Falta de Atenção à Condução";"Colisão traseira";"Com Vítimas Feridas";"Plena Noite";"Crescente";"Nublado";"Dupla";"Reta";"Não";4;0;1;0;1;2;1;4;-24,97075164;-48,3489418;"SPRF-SP";"DEL05-SP";"UOP02-DEL05-SP"
103898;2018-01-16;"terça-feira";"09:00:00";"ES";101;210;"IBIRACU";"Não guardar distância de segurança";"Colisão lateral";"Com Vítimas Feridas";"Pleno dia";"Crescente";"Sol";"Simples";"Reta";"Não";3;0;1;0;1;1;1;3;-19,79779825;-40,37026048;"SPRF-ES";"DEL02-ES";"UOP01-DEL02-ES"
103907;2018-01-16;"terça-feira";"01:30:00";"RS";392;226,1;"CACAPAVA DO SUL";"Velocidade Incompatível";"Tombamento";"Sem Vítimas";"Plena Noite";"Decrescente";"Nublado";"Simples";"Reta";"Não";2;0;0;0;1;2;0;3;-30,70405823;-53,24111938;"SPRF-RS";"DEL09-RS";"UOP02-DEL09-RS"
103908;2018-01-16;"terça-feira";"10:10:00";"GO";153;490,2;"GOIANIA";"Não guardar distância de segurança";"Colisão traseira";"Com Vítimas Feridas";"Pleno dia";"Decrescente";"Sol";"Múltipla";"Reta;Retorno Regulamentado";"Sim";3;0;1;0;1;1;1;3;-16,62778048;-49,20577996;"SPRF-GO";"DEL01-GO";"UOP01-DEL01-GO"
103910;2018-01-16;"terça-feira";"09:40:00";"MG";40;804,2;"MATIAS BARBOSA";"Falta de Atenção à Condução";"Colisão traseira";"Com Vítimas Feridas";"Pleno dia";"Decrescente";"Céu Claro";"Dupla";"Curva";"Não";4;0;1;0;2;1;1;3;-21,86699007;-43,35821182;"SPRF-MG";"DEL05-MG";"UOP01-DEL05-MG"
103915;2018-01-04;"quinta-feira";"13:40:00";"MG";40;593,3;"OURO PRETO";"Mal Súbito";"Colisão lateral";"Com Vítimas Feridas";"Pleno dia";"Crescente";"Chuva";"Simples";"Reta";"Não";4;0;0;1;3;0;1;4;-20,39433154;-43,90435916;"SPRF-MG";"DEL05-MG";"UOP02-DEL05-MG"
103919;2018-01-16;"terça-feira";"09:00:00";"PB";230;321;"SAO MAMEDE";"Falta de Atenção à Condução";"Saída de leito carroçável";"Sem Vítimas";"Pleno dia";"Decrescente";"Céu Claro";"Simples";"Reta";"Não";4;0;0;0;1;3;0;3;-6,9731;-37,1564;"SPRF-PB";"DEL03-PB";"UOP01-DEL03-PB"
103921;2018-01-16;"terça-feira";"09:30:00";"AL";101;220,4;"PORTO REAL DO COLEGIO";"Falta de Atenção à Condução";"Colisão traseira";"Sem Vítimas";"Pleno dia";"Crescente";"Garoa/Chuvisco";"Dupla";"Curva";"Não";5;0;0;0;5;0;0;2;-10,04831766;-36,66955954;"SPRF-AL";"DEL02-AL";"UOP02-DEL02-AL"
103924;2018-01-13;"sábado";"03:00:00";"GO";20;45;"FORMOSA";"Falta de Atenção à Condução";"Saída de leito carroçável";"Sem Vítimas";"Plena Noite";"Crescente";"Céu Claro";"Simples";"Reta";"Não";4;0;0;0;3;2;0;5;-15,366211;-47,104855;"SPRF-DF";"DEL02-DF";"UOP01-DEL02-DF"
103926;2018-01-16;"terça-feira";"10:30:00";"CE";222;218,5;"FORQUILHA";"Desobediência às normas de trânsito pelo condutor";"Colisão lateral";"Com Vítimas Feridas";"Pleno dia";"Decrescente";"Sol";"Simples";"Ponte;Reta;Declive";"Não";3;0;1;1;0;1;2;2;-3,74627141;-40,31091702;"SPRF-CE";"DEL04-CE";"UOP01-DEL04-CE"