"id";"data_inversa";"dia_semana";"horario";"uf";"br";"km";"municipio";"causa_acidente";"tipo_acidente";"classificacao_acidente";"fase_dia";"sentido_via";"condicao_metereologica";"tipo_pista";"tracado_via";"uso_solo";"pessoas";"mortos";"feridos_leves";"feridos_graves";"ilesos";"ignorados";"feridos";"veiculos";"latitude";"longitude";"regional";"delegacia";"uop"
103930;2018-01-16;"terça-feira";"09:35:00";"RO";364;522;"ARIQUEMES";"Pista Escorregadia";"Saída de leito carroçável";"Sem Vítimas";"Pleno dia";"Decrescente";"Chuva";"Simples";"Reta";"Não";4;0;0;0;3;1;0;4;-9,861431;-63,058311;"SPRF-RO";"DEL03-RO";"UOP01-DEL03-RO"
103934;2018-01-16;"terça-feira";"12:25:00";"PR";369;185,7;"ARAPONGAS";"Falta de Atenção à Condução";"Colisão lateral";"Com Vítimas Feridas";"Pleno dia";"Decrescente";"Nublado";"Simples";"Reta";"Sim";2;0;0;1;1;0;1;2;-23,41991;-51,424873;"SPRF-PR";"DEL07-PR";"UOP03-DEL07-PR"
103942;2018-01-16;"terça-feira";"11:15:00";"PB";101;82,9;"BAYEUX";"Não guardar distância de segurança";"Engavetamento";"Sem Vítimas";"Pleno dia";"Decrescente";"Chuva";"Dupla";"Viaduto";"Sim";4;0;0;0;3;1;0;4;-7,13212857;-34,93142188;"SPRF-PB";"DEL01-PB";"UOP01-DEL01-PB"
103943;2018-01-16;"terça-feira";"10:10:00";"MT";364;155;"PEDRA PRETA";"Objeto estático sobre o leito carroçável";"Colisão traseira";"Com Vítimas Feridas";"Pleno dia";"Decrescente";"Céu Claro";"Simples";"Aclive";"Não";3;0;1;0;1;1;1;3;-16,76716;-54,253685;"SPRF-MT";"DEL02-MT";"UOP01-DEL02-MT"
103946;2018-01-16;"terça-feira";"12:20:00";"PB";101;113,7;"ALHANDRA";"Velocidade Incompatível";"Capotamento";"Sem Vítimas";"Pleno dia";"Crescente";"Chuva";"Dupla";"Reta";"Não";1;0;0;0;1;0;0;1;-7,38613044;-34,95702624;"SPRF-PB";"DEL01-PB";"UOP01-DEL01-PB"
103948;2018-01-16;"terça-feira";"11:30:00";"PA";316;63;"CASTANHAL";"Falta de Atenção à Condução";"Colisão transversal";"Com Vítimas Feridas";"Pleno dia";"Crescente";"Céu Claro";"Dupla";"Curva";"Não";4;0;2;0;1;1;2;3;-1,2942672;-47,92676;"SPRF-PA";"DEL01-PA";"UOP01-DEL01-PA"
103949;2018-01-16;"terça-feira";"11:15:00";"SC";101;53,8;"JOINVILLE";"Falta de Atenção à Condução";"Colisão traseira";"Com Vítimas Feridas";"Pleno dia";"Crescente";"Nublado";"Dupla";"Reta";"Não";3;0;0;1;1;1;1;3;-26,41340623;-48,83541671;"SPRF-SC";"DEL03-SC";"UOP01-DEL03-SC"
103952;2018-01-16;"terça-feira";"07:30:00";"PR";280;283,2;"FLOR DA SERRA DO SUL";"Condutor Dormindo";"Saída de leito carroçável";"Sem Vítimas";"Pleno dia";"Decrescente";"Chuva";"Simples";"Curva";"Não";2;0;0;0;1;1;0;2;-26,2581;-53,3088;"SPRF-PR";"DEL02-PR";"UOP01-DEL02-PR"
103953;2018-01-16;"terça-feira";"14:25:00";"SC";101;217,7;"PALHOCA";"Não guardar distância de segurança";"Colisão traseira";"Com Vítimas Feridas";"Pleno dia";"Decrescente";"Céu Claro";"Dupla";"Reta";"Sim";4;0;2;0;1;1;2;3;-27,67109064;-48,67244567;"SPRF-SC";"DEL01-SC";"UOP02-DEL01-SC"
103958;2018-01-16;"terça-feira";"11:30:00";"BA";116;175;"CANUDOS";"Ultrapassagem Indevida";"Colisão lateral";"Com Vítimas Feridas";"Pleno dia";"Crescente";"Sol";"Simples";"Reta";"Não";9;0;5;1;2;1;6;3;-10,09985313;-39,13149834;"SPRF-BA";"DEL07-BA";"UOP02-DEL07-BA"
103959;2018-01-16;"terça-feira";"14:00:00";"PR";376;15,3;"MARINGA";"Velocidade Incompatível";"Saída de leito carroçável";"Sem Vítimas";"Pleno dia";"Decrescente";"Nublado";"Dupla";"Curva";"Não";2;0;0;0;1;1;0;2;-23,41316212;-51,8804982;"SPRF-PR";"DEL07-PR";"UOP01-DEL09-PR"
103962;2018-01-16;"terça-feira";"15:00:00";"SP";116;282;"EMBU DAS ARTES";"Falta de Atenção à Condução";"Colisão traseira";"Com Vítimas Feridas";"Pleno dia";"Decrescente";"Céu Claro";"Dupla";"Reta";"Sim";4;0;1;0;2;1;1;3;-23,66113274;-46,85217261;"SPRF-SP";"DEL04-SP";"UOP01-DEL04-SP"
103964;2018-01-16;"terça-feira";"15:25:00";"SP";381;60;"MAIRIPORA";"Falta de Atenção à Condução";"Colisão com objeto estático";"Com Vítimas Feridas";"Pleno dia";"Crescente";"Céu Claro";"Dupla";"Curva";"Não";1;0;1;0;0;0;1;1;-23,28641017;-46,59039974;"SPRF-SP";"DEL03-SP";"UOP01-DEL03-SP"
103969;2018-01-16;"terça-feira";"09:35:00";"BA";418;59;"NOVA VICOSA";"Falta de Atenção à Condução";"Colisão transversal";"Com Vítimas Feridas";"Pleno dia";"Crescente";"Céu Claro";"Simples";"Interseção de Vias";"Não";3;0;1;1;1;0;2;2;-17,8947;-39,3722;"SPRF-BA";"DEL09-BA";"UOP02-DEL09-BA"
103970;2018-01-16;"terça-feira";"14:00:00";"PA";316;114,5;"SANTA MARIA DO PARA";"Pista Escorregadia";"Colisão lateral";"Com Vítimas Feridas";"Pleno dia";"Crescente";"Chuva";"Simples";"Curva";"Não";6;0;1;4;1;0;5;2;-1,31669605;-47,48388648;"SPRF-PA";"DEL01-PA";"UOP02-DEL01-PA"
103980;2018-01-16;"terça-feira";"16:30:00";"PR";277;130,4;"BALSA NOVA";"Defeito Mecânico no Veículo";"Saída de leito carroçável";"Sem Vítimas";"Pleno dia";"Decrescente";"Nublado";"Dupla";"Curva";"Não";2;0;0;0;1;1;0;2;-25,478306;-49,642614;"SPRF-PR";"DEL01-PR";"UOP06-DEL01-PR"
103982;2018-01-16;"terça-feira";"14:20:00";"MT";70;509,4;"CUIABA";"Defeito na Via";"Tombamento";"Sem Vítimas";"Pleno dia";"Crescente";"Nublado";"Simples";"Curva";"Não";2;0;0;0;1;1;0;2;-15,694761;-56,09182;"SPRF-MT";"DEL02-MT";"UOP02-DEL01-MT"
103987;2018-01-16;"terça-feira";"16:25:00";"PE";232;122;"CARUARU";"Falta de Atenção à Condução";"Colisão traseira";"Com Vítimas Feridas";"Pleno dia";"Crescente";"Sol";"Dupla";"Aclive";"Sim";3;0;1;0;1;1;1;3;-8,30139513;-35,91585428;"SPRF-PE";"DEL02-PE";"UOP03-DEL02-PE"
104000;2018-01-16;"terça-feira";"16:45:00";"MT";163;117,7;"RONDONOPOLIS";"Falta de Atenção à Condução";"Colisão transversal";"Com Vítimas Feridas";"Pleno dia";"Crescente";"Nublado";"Simples";"Reta;Interseção de Vias";"Sim";3;0;1;0;1;3;1;5;-16,50907162;-54,65320587;"SPRF-MT";"DEL02-MT";"UOP01-DEL02-MT"
104001;2018-01-16;"terça-feira";"17:59:00";"PR";116;152,9;"MANDIRITUBA";"Falta de Atenção à Condução";"Colisão transversal";"Sem Vítimas";"Pleno dia";"Decrescente";"Chuva";"Simples";"Interseção de Vias";"Sim";3;0;0;0;2;2;0;4;-25,86242399;-49,36191485;"SPRF-PR";"DEL01-PR";"UOP03-DEL01-PR"
104002;2018-01-16;"terça-feira";"16:20:00";"PE";424;86,2;"GARANHUNS";"Desobediência às normas de trânsito pelo condutor";"Colisão frontal";"Com Vítimas Feridas";"Pleno dia";"Crescente";"Céu Claro";"Simples";"Reta";"Sim";2;0;1;0;1;0;1;2;-8,86728723;-36,5087055;"SPRF-PE";"DEL03-PE";"UOP01-DEL03-PE"
104003;2018-01-16;"terça-feira";"16:00:00";"AL";416;34;"IBATEGUARA";"Falta de Atenção à Condução";"Colisão transversal";"Com Vítimas Fatais";"Pleno dia";"Crescente";"Nublado";"Simples";"Reta";"Não";4;1;0;2;0;1;2;4;-8,972931;-35,939743;"SPRF-AL";"DEL01-AL";"UOP02-DEL01-AL"
104004;2018-01-16;"terça-feira";"15:45:00";"SC";101;443,2;"SANTA ROSA DO SUL";"Defeito Mecânico no Veículo";"Tombamento";"Sem Vítimas";"Pleno dia";"Decrescente";"Nublado";"Dupla";"Reta";"Sim";2;0;0;0;1;1;0;2;-29,13448063;-49,70464236;"SPRF-SC";"DEL02-SC";"UOP02-DEL02-SC"
104007;2018-01-16;"terça-feira";"08:50:00";"PR";153;342,1;"REBOUCAS";"Falta de Atenção à Condução";"Saída de leito carroçável";"Sem Vítimas";"Pleno dia";"Decrescente";"Garoa/Chuvisco";"Simples";"Reta";"Não";1;0;0;0;1;0;0;1;-25,65406095;-50,73108673;"SPRF-PR";"DEL03-PR";"UOP02-DEL08-PR"
104010;2018-01-16;"terça-feira";"18:00:00";"BA";101;874,8;"TEIXEIRA DE FREITAS";"Falta de Atenção à Condução";"Engavetamento";"Com Vítimas Feridas";"Anoitecer";"Crescente";"Nublado";"Simples";"Reta";"Não";4;0;1;0;3;0;1;3;-17,52175616;-39,70735898;"SPRF-BA";"DEL09-BA";"UOP02-DEL09-BA"
104012;2018-01-16;"terça-feira";"17:30:00";"CE";20;356,9;"MARANGUAPE";"Avarias e/ou desgaste excessivo no pneu";"Saída de leito carroçável";"Sem Vítimas";"Anoitecer";"Decrescente";"Céu Claro";"Simples";"Reta";"Não";2;0;0;0;2;0;0;1;-3,89123;-38,68587;"SPRF-CE";"DEL02-CE";"UOP01-DEL02-CE"
104019;2018-01-16;"terça-feira";"20:30:00";"SP";116;200,8;"ARUJA";"Falta de Atenção do Pedestre";"Atropelamento de Pedestre";"Com Vítimas Fatais";"Plena Noite";"Crescente";"Nublado";"Dupla";"Reta";"Não";2;1;0;0;1;0;0;2;-23,3965;-46,3214;"SPRF-SP";"DEL01-SP";"UOP02-DEL01-SP"
104021;2018-01-16;"terça-feira";"06:00:00";"RJ";101;174;"MACAE";"Falta de Atenção à Condução";"Colisão com objeto estático";"Sem Vítimas";"Pleno dia";"Crescente";"Céu Claro";"Simples";"Reta";"Não";2;0;0;0;1;1;0;2;-22,36256371;-41,93428875;"SPRF-RJ";"DEL02-RJ";"UOP04-DEL08-RJ"
104034;2018-01-16;"terça-feira";"22:00:00";"SC";101;193;"BIGUACU";"Ingestão de Álcool";"Colisão transversal";"Com Vítimas Feridas";"Plena Noite";"Decrescente";"Chuva";"Múltipla";"Curva";"Sim";4;0;1;0;3;0;1;3;-27,4897;-48,6559;"SPRF-SC";"DEL01-SC";"UOP01-DEL01-SC"
104045;2018-01-16;"terça-feira";"23:20:00";"PR";376;548,9;"PALMEIRA";"Condutor Dormindo";"Saída de leito carroçável";"Sem Vítimas";"Plena Noite";"Crescente";"Chuva";"Dupla";"Reta";"Não";2;0;0;0;1;2;0;3;-25,4177918;-49,77086663;"SPRF-PR";"DEL01-PR";"UOP06-DEL01-PR"
104048;2018-01-17;"quarta-feira";"01:00:00";"MG";40;329;"FELIXLANDIA";"Fenômenos da Natureza";"Incêndio";"Sem Vítimas";"Plena Noite";"Crescente";"Céu Claro";"Múltipla";"Reta";"Sim";3;0;0;0;2;1;0;2;-18,566071;-45,020832;"SPRF-MG";"DEL14-MG";"UOP02-DEL14-MG"
104050;2018-01-16;"terça-feira";"21:50:00";"SC";101;113,9;"ITAJAI";"Pista Escorregadia";"Saída de leito carroçável";"Sem Vítimas";"Plena Noite";"Crescente";"Chuva";"Múltipla";"Reta";"Sim";1;0;0;0;1;0;0;1;-26,85420314;-48,7267131;"SPRF-SC";"DEL04-SC";"UOP04-DEL04-SC"
104051;2018-01-17;"quarta-feira";"02:00:00";"PR";280;320,5;"BARRACAO";"Falta de Atenção à Condução";"Colisão traseira";"Sem Vítimas";"Plena Noite";"Crescente";"Nevoeiro/Neblina";"Simples";"Reta";"Não";3;0;0;0;2;1;0;3;-26,2502;-53,6352;"SPRF-PR";"DEL02-PR";"UOP02-DEL02-PR"
104054;2018-01-17;"quarta-feira";"03:15:00";"GO";20;21,5;"FORMOSA";"Falta de Atenção à Condução";"Colisão frontal";"Com Vítimas Fatais";"Plena Noite";"Crescente";"Céu Claro";"Simples";"Reta";"Não";5;1;0;3;1;0;3;2;-15,54702697;-47,16494314;"SPRF-DF";"DEL02-DF";"UOP01-DEL02-DF"
104055;2018-01-17;"quarta-feira";"02:40:00";"PR";476;262,8;"SAO MATEUS DO SUL";"Condutor Dormindo";"Saída de leito carroçável";"Sem Vítimas";"Plena Noite";"Crescente";"Chuva";"Simples";"Reta";"Não";2;0;0;0;1;1;0;2;-25,89401075;-50,27100603;"SPRF-PR";"DEL02-PR";"UOP04-DEL02-PR"
104059;2018-01-17;"quarta-feira";"03:00:00";"PB";101;64,9;"SANTA RITA";"Condutor Dormindo";"Saída de leito carroçável";"Sem Vítimas";"Plena Noite";"Decrescente";"Céu Claro";"Dupla";"Curva";"Não";1;0;0;0;1;0;0;1;-7,04203481;-35,05071044;"SPRF-PB";"DEL01-PB";"UOP04-DEL01-PB"
104060;2018-01-17;"quarta-feira";"04:20:00";"SC";101;2,7;"GARUVA";"Defeito Mecânico no Veículo";"Colisão com objeto estático";"Sem Vítimas";"Plena Noite";"Crescente";"Chuva";"Dupla";"Reta";"Não";1;0;0;0;1;0;0;1;-25,99931543;-48,87655449;"SPRF-SC";"DEL03-SC";"UOP01-DEL03-SC"
104061;2018-01-17;"quarta-feira";"04:38:00";"RJ";116;285;"BARRA MANSA";"Ingestão de Álcool";"Saída de leito carroçável";"Sem Vítimas";"Amanhecer";"Decrescente";"Céu Claro";"Dupla";"Reta";"Não";1;0;0;0;1;0;0;1;-22,54465;-44,17177;"SPRF-RJ";"DEL07-RJ";"UOP02-DEL07-RJ"
104063;2018-01-17;"quarta-feira";"03:30:00";"SC";101;282;"IMBITUBA";"Falta de Atenção à Condução";"Colisão traseira";"Com Vítimas Feridas";"Plena Noite";"Decrescente";"Chuva";"Dupla";"Viaduto";"Sim";3;0;1;0;1;1;1;3;-28,21572451;-48,69978547;"SPRF-SC";"DEL02-SC";"UOP03-DEL02-SC"
104064;2018-01-17;"quarta-feira";"03:30:00";"SE";101;131,9;"ESTANCIA";"Condutor Dormindo";"Saída de leito carroçável";"Sem Vítimas";"Plena Noite";"Decrescente";"Céu Claro";"Dupla";"Aclive";"Não";2;0;0;0;1;2;0;3;-11,11015021;-37,37462008;"SPRF-SE";"DEL02-SE";"UOP01-DEL02-SE"
104065;2018-01-17;"quarta-feira";"05:20:00";"RS";386;306,5;"POUSO NOVO";"Velocidade Incompatível";"Colisão traseira";"Com Vítimas Feridas";"Plena Noite";"Decrescente";"Céu Claro";"Dupla";"Reta";"Não";8;0;4;1;1;2;5;4;-29,2106212;-52,176028;"SPRF-RS";"DEL04-RS";"UOP01-DEL04-RS"
104066;2018-01-17;"quarta-feira";"05:30:00";"SP";116;287;"ITAPECERICA DA SERRA";"Avarias e/ou desgaste excessivo no pneu";"Saída de leito carroçável";"Sem Vítimas";"Amanhecer";"Decrescente";"Nublado";"Dupla";"Reta";"Sim";3;0;0;0;3;0;0;3;-23,70430508;-46,87270761;"SPRF-SP";"DEL04-SP";"UOP01-DEL04-SP"
104067;2018-01-17;"quarta-feira";"04:30:00";"TO";153;587,8;"SANTA RITA DO TOCANTINS";"Não guardar distância de segurança";"Colisão traseira";"Com Vítimas Feridas";"Plena Noite";"Decrescente";"Céu Claro";"Simples";"Reta";"Não";3;0;1;0;1;1;1;3;-10,9877723;-48,908794;"SPRF-TO";"DEL02-TO";"UOP01-DEL01-TO"
104068;2018-01-17;"quarta-feira";"05:30:00";"SP";116;150,3;"SAO JOSE DOS CAMPOS";"Condutor Dormindo";"Colisão traseira";"Com Vítimas Feridas";"Plena Noite";"Crescente";"Céu Claro";"Dupla";"Reta";"Sim";3;0;1;0;1;2;1;4;-23,21476575;-45,89505583;"SPRF-SP";"DEL02-SP";"UOP01-DEL02-SP"
104069;2018-01-17;"quarta-feira";"02:50:00";"SC";470;75;"INDAIAL";"Condutor Dormindo";"Tombamento";"Com Vítimas Feridas";"Plena Noite";"Crescente";"Chuva";"Simples";"Reta";"Não";2;0;1;0;0;1;1;2;-26,91048871;-49,27649528;"SPRF-SC";"DEL04-SC";"UOP01-DEL04-SC"
104071;2018-01-17;"quarta-feira";"06:30:00";"RS";290;176,2;"BUTIA";"Falta de Atenção do Pedestre";"Atropelamento de Pedestre";"Com Vítimas Fatais";"Pleno dia";"Decrescente";"Céu Claro";"Simples";"Reta";"Sim";3;1;0;0;1;1;0;3;-30,13204373;-51,97788745;"SPRF-RS";"DEL02-RS";"UOP02-DEL02-RS"
104072;2018-01-16;"terça-feira";"16:10:00";"SC";153;66,8;"IRANI";"Falta de Atenção à Condução";"Colisão transversal";"Com Vítimas Feridas";"Pleno dia";"Crescente";"Céu Claro";"Simples";"Curva";"Sim";3;0;1;0;1;1;1;3;-27,02513432;-51,88560136;"SPRF-SC";"DEL07-SC";"UOP04-DEL07-SC"
104073;2018-01-17;"quarta-feira";"06:00:00";"AL";101;36,5;"JOAQUIM GOMES";"Condutor Dormindo";"Colisão traseira";"Com Vítimas Feridas";"Pleno dia";"Decrescente";"Céu Claro";"Dupla";"Aclive";"Não";2;0;0;1;1;0;1;2;-9,134937;-35,771288;"SPRF-AL";"DEL01-AL";"UOP01-DEL01-AL"
104074;2018-01-17;"quarta-feira";"06:50:00";"RJ";40;109;"DUQUE DE CAXIAS";"Falta de Atenção à Condução";"Colisão com objeto estático";"Com Vítimas Feridas";"Pleno dia";"Decrescente";"Céu Claro";"Múltipla";"Curva";"Sim";2;0;1;0;0;1;1;2;-22,67286247;-43,28487662;"SPRF-RJ";"DEL01-RJ";"UOP01-DEL01-RJ"
104075;2018-01-17;"quarta-feira";"06:10:00";"RN";304;48,9;"MOSSORO";"Falta de Atenção à Condução";"Colisão transversal";"Com Vítimas Feridas";"Pleno dia";"Crescente";"Céu Claro";"Simples";"Retorno Regulamentado";"Sim";2;0;1;0;1;0;1;2;-5,23562988;-37,31785349;"SPRF-RN";"DEL04-RN";"UOP01-DEL04-RN"
104079;2018-01-17;"quarta-feira";"08:25:00";"RS";101;75;"OSORIO";"Defeito Mecânico no Veículo";"Saída de leito carroçável";"Sem Vítimas";"Pleno dia";"Crescente";"Nublado";"Dupla";"Reta";"Não";2;0;0;0;1;1;0;2;-29,79689924;-50,23236215;"SPRF-RS";"DEL03-RS";"UOP01-DEL03-RS"
104081;2018-01-17;"quarta-feira";"08:20:00";"PR";116;2;"CAMPINA GRANDE DO SUL";"Falta de Atenção à Condução";"Colisão traseira";"Com Vítimas Feridas";"Pleno dia";"Decrescente";"Nublado";"Dupla";"Reta";"Não";3;0;0;1;1;1;1;3;-25,06616367;-48,57081413;"SPRF-PR";"DEL01-PR";"UOP02-DEL01-PR"
104083;2018-01-17;"quarta-feira";"07:30:00";"MT";364;481;"JANGADA";"Falta de Atenção à Condução";"Colisão traseira";"Sem Vítimas";"Pleno dia";"Crescente";"Céu Claro";"Simples";"Reta";"Não";6;0;0;0;5;2;0;4;-15,39505;-56,387711;"SPRF-MT";"DEL01-MT";"DEL2/4-UOP02/MT"
104085;2018-01-17;"quarta-feira";"08:50:00";"RS";158;12,5;"IRAI";"Velocidade Incompatível";"Colisão lateral";"Com Vítimas Feridas";"Pleno dia";"Crescente";"Céu Claro";"Simples";"Curva";"Não";6;0;2;0;3;3;2;7;-27,22363275;-53,32364559;"SPRF-RS";"DEL08-RS";"UOP02-DEL08-RS"
104101;2018-01-17;"quarta-feira";"09:45:00";"MG";40;677,6;"CARANDAI";"Falta de Atenção à Condução";"Colisão traseira";"Com Vítimas Fatais";"Pleno dia";"Crescente";"Céu Claro";"Simples";"Reta";"Não";4;1;1;0;0;2;1;3;-21,03324725;-43,77657473;"SPRF-MG";"DEL05-MG";"UOP02-DEL05-MG"
104104;2018-01-17;"quarta-feira";"10:10:00";"MG";40;476,5;"SETE LAGOAS";"Falta de Atenção à Condução";"Saída de leito carroçável";"Com Vítimas Feridas";"Pleno dia";"Crescente";"Céu Claro";"Dupla";"Reta";"Não";3;0;1;0;2;0;1;2;-19,51980324;-44,26604774;"SPRF-MG";"DEL02-MG";"UOP01-DEL02-MG"
104105;2018-01-17;"quarta-feira";"09:00:00";"BA";116;527;"ITATIM";"Velocidade Incompatível";"Colisão frontal";"Com Vítimas Feridas";"Pleno dia";"Decrescente";"Céu Claro";"Simples";"Curva";"Não";3;0;1;0;1;2;1;4;-12,72547731;-39,77300227;"SPRF-BA";"DEL03-BA";"UOP02-DEL03-BA"
104106;2018-01-17;"quarta-feira";"09:35:00";"RS";116;308,8;"GUAIBA";"Falta de Atenção à Condução";"Colisão traseira";"Com Vítimas Feridas";"Pleno dia";"Decrescente";"Sol";"Simples";"Reta";"Não";4;0;0;1;2;1;1;4;-30,1904575;-51,39755934;"SPRF-RS";"DEL02-RS";"UOP01-DEL02-RS"
104107;2018-01-17;"quarta-feira";"10:30:00";"RJ";116;82,9;"TERESOPOLIS";"Falta de Atenção à Condução";"Colisão com objeto estático";"Com Vítimas Feridas";"Pleno dia";"Crescente";"Sol";"Dupla";"Viaduto";"Sim";4;0;1;0;2;1;1;4;-22,41465774;-42,94990987;"SPRF-RJ";"DEL04-RJ";"UOP01-DEL04-RJ"
104109;2018-01-17;"quarta-feira";"11:15:00";"MG";251;510;"FRANCISCO SA";"Falta de Atenção à Condução";"Colisão lateral";"Com Vítimas Feridas";"Pleno dia";"Decrescente";"Sol";"Simples";"Reta";"Não";6;0;2;0;4;0;2;2;-16,6305;-43,6952;"SPRF-MG";"DEL12-MG";"UOP01-DEL12-MG"
104115;2018-01-17;"quarta-feira";"11:10:00";"SC";101;282,3;"IMBITUBA";"Falta de Atenção à Condução";"Colisão traseira";"Sem Vítimas";"Pleno dia";"Crescente";"Céu Claro";"Dupla";"Reta;Aclive";"Sim";2;0;0;0;2;0;0;2;-28,21419358;-48,69980693;"SPRF-SC";"DEL02-SC";"UOP03-DEL02-SC"
104119;2018-01-17;"quarta-feira";"11:00:00";"MG";116;335,3;"CAMPANARIO";"Defeito Mecânico no Veículo";"Tombamento";"Sem Vítimas";"Pleno dia";"Decrescente";"Sol";"Simples";"Reta;Declive";"Não";1;0;0;0;1;0;0;1;-18,27758589;-41,74469948;"SPRF-MG";"DEL11-MG";"UOP01-DEL11-MG"
104123;2018-01-17;"quarta-feira";"11:40:00";"PB";101;112,9;"ALHANDRA";"Falta de Atenção à Condução";"Saída de leito carroçável";"Sem Vítimas";"Pleno dia";"Crescente";"Céu Claro";"Múltipla";"Declive";"Não";2;0;0;0;1;1;0;2;-7,38251837;-34,95701016;"SPRF-PB";"DEL01-PB";"UOP01-DEL01-PB"
104124;2018-01-17;"quarta-feira";"11:07:00";"RN";304;30,9;"MOSSORO";"Falta de Atenção à Condução";"Colisão transversal";"Com Vítimas Feridas";"Pleno dia";"Decrescente";"Céu Claro";"Simples";"Reta";"Não";2;0;0;1;0;1;1;2;-5,12504805;-37,34276066;"SPRF-RN";"DEL04-RN";"UOP02-DEL04-RN"
104126;2018-01-17;"quarta-feira";"12:45:00";"RS";386;382;"TABAI";"Condutor Dormindo";"Colisão lateral";"Com Vítimas Feridas";"Pleno dia";"Decrescente";"Sol";"Dupla";"Reta";"Não";2;0;1;0;1;0;1;2;-29,67448117;-51,73287302;"SPRF-RS";"DEL04-RS";"UOP02-DEL04-RS"
104131;2018-01-17;"quarta-feira";"13:15:00";"RJ";40;8;"COMENDADOR LEVY GASPARIAN";"Falta de Atenção à Condução";"Colisão traseira";"Sem Vítimas";"Pleno dia";"Crescente";"Céu Claro";"Dupla";"Reta";"Não";3;0;0;0;2;2;0;4;-22,04099513;-43,22060108;"SPRF-RJ";"DEL06-RJ";"UOP02-DEL05-RJ"
104138;2018-01-17;"quarta-feira";"11:40:00";"SC";282;529,9;"CORDILHEIRA ALTA";"Não guardar distância de segurança";"Colisão lateral";"Com Vítimas Feridas";"Pleno dia";"Decrescente";"Nublado";"Simples";"Curva";"Sim";2;0;1;0;1;0;1;2;-26,98588156;-52,60460115;"SPRF-SC";"DEL07-SC";"UOP01-DEL07-SC"
104139;2018-01-17;"quarta-feira";"12:00:00";"RJ";356;64;"ITAPERUNA";"Sinalização da via insuficiente ou inadequada";"Tombamento";"Sem Vítimas";"Pleno dia";"Crescente";"Céu Claro";"Simples";"Aclive;Curva";"Não";2;0;0;0;1;1;0;2;-21,205482;-41,888138;"SPRF-RJ";"DEL08-RJ";"UOP03-DEL08-RJ"
104144;2018-01-17;"quarta-feira";"11:50:00";"SC";116;254,3;"LAGES";"Ingestão de Álcool";"Colisão traseira";"Com Vítimas Feridas";"Pleno dia";"Decrescente";"Céu Claro";"Simples";"Em Obras";"Não";3;0;1;0;1;1;1;3;-27,85880749;-50,38733482;"SPRF-SC";"DEL05-SC";"UOP02-DEL05-SC"
104145;2018-01-17;"quarta-feira";"09:00:00";"BA";324;511;"FEIRA DE SANTANA";"Falta de Atenção do Pedestre";"Atropelamento de Pedestre";"Com Vítimas Feridas";"Pleno dia";"Crescente";"Céu Claro";"Simples";"Reta";"Sim";2;0;1;0;1;0;1;2;-12,26248687;-38,98974628;"SPRF-BA";"DEL02-BA";"UOP01-DEL02-BA"
104146;2018-01-17;"quarta-feira";"16:15:00";"SP";116;134,8;"SAO JOSE DOS CAMPOS";"Não guardar distância de segurança";"Colisão traseira";"Com Vítimas Feridas";"Pleno dia";"Decrescente";"Sol";"Dupla";"Reta";"Não";3;0;0;1;1;1;1;3;-23,14364508;-45,76851902;"SPRF-SP";"DEL06-SP";"UOP02-DEL02-SP"
104150;2018-01-17;"quarta-feira";"14:50:00";"RJ";116;163;"RIO DE JANEIRO";"Ultrapassagem Indevida";"Colisão traseira";"Com Vítimas Feridas";"Pleno dia";"Decrescente";"Céu Claro";"Múltipla";"Curva";"Sim";2;0;1;0;1;0;1;2;-22,81823353;-43,32148463;"SPRF-RJ";"DEL01-RJ";"UOP02-DEL01-RJ"
104153;2018-01-17;"quarta-feira";"14:35:00";"PR";116;23;"CAMPINA GRANDE DO SUL";"Falta de Atenção à Condução";"Colisão transversal";"Sem Vítimas";"Pleno dia";"Decrescente";"Sol";"Dupla";"Reta";"Não";3;0;0;0;2;1;0;3;-25,11196271;-48,7560904;"SPRF-PR";"DEL01-PR";"UOP02-DEL01-PR"
104154;2018-01-17;"quarta-feira";"13:50:00";"SP";116;555,5;"BARRA DO TURVO";"Velocidade Incompatível";"Tombamento";"Com Vítimas Feridas";"Pleno dia";"Decrescente";"Nublado";"Simples";"Curva";"Não";2;0;1;0;0;1;1;2;-24,756866;-48,50514;"SPRF-SP";"DEL05-SP";"UOP02-DEL05-SP"
104156;2018-01-17;"quarta-feira";"12:45:00";"PA";316;6;"ANANINDEUA";"Falta de Atenção à Condução";"Colisão com objeto estático";"Com Vítimas Feridas";"Pleno dia";"Decrescente";"Céu Claro";"Múltipla";"Reta";"Sim";3;0;1;0;1;1;1;3;-1,3659343;-48,3726;"SPRF-PA";"DEL01-PA";"DEL19/1-UOP05/PA"
104158;2018-01-17;"quarta-feira";"16:50:00";"RS";116;303;"GUAIBA";"Falta de Atenção à Condução";"Colisão transversal";"Com Vítimas Feridas";"Pleno dia";"Crescente";"Nublado";"Simples";"Reta";"Sim";2;0;0;1;1;0;1;2;-30,147518;-51,364944;"SPRF-RS";"DEL02-RS";"UOP01-DEL02-RS"
104159;2018-01-17;"quarta-feira";"16:05:00";"SC";470;167,8;"POUSO REDONDO";"Velocidade Incompatível";"Colisão frontal";"Com Vítimas Fatais";"Pleno dia";"Crescente";"Sol";"Simples";"Curva";"Sim";3;1;0;0;1;2;0;4;-27,274751;-49,855357;"SPRF-SC";"DEL04-SC";"UOP02-DEL04-SC"