"id";"data_inversa";"dia_semana";"horario";"uf";"br";"km";"municipio";"causa_acidente";"tipo_acidente";"classificacao_acidente";"fase_dia";"sentido_via";"condicao_metereologica";"tipo_pista";"tracado_via";"uso_solo";"pessoas";"mortos";"feridos_leves";"feridos_graves";"ilesos";"ignorados";"feridos";"veiculos";"latitude";"longitude";"regional";"delegacia";"uop"
104160;2018-01-17;"quarta-feira";"16:10:00";"SC";101;51;"JOINVILLE";"Velocidade Incompatível";"Colisão com objeto estático";"Sem Vítimas";"Pleno dia";"Crescente";"Chuva";"Dupla";"Reta";"Não";1;0;0;0;1;0;0;1;-26,4036;-48,839;"SPRF-SC";"DEL03-SC";"UOP01-DEL03-SC"
104162;2018-01-17;"quarta-feira";"14:00:00";"BA";324;534;"FEIRA DE SANTANA";"Falta de Atenção à Condução";"Colisão traseira";"Com Vítimas Feridas";"Pleno dia";"Decrescente";"Céu Claro";"Dupla";"Reta";"Não";2;0;1;0;1;0;1;2;-12,267113;-38,966988;"SPRF-BA";"DEL01-BA";"UOP01-DEL01-BA"
104168;2018-01-17;"quarta-feira";"15:00:00";"PE";232;29;"MORENO";"Desobediência às normas de trânsito pelo condutor";"Colisão lateral";"Sem Vítimas";"Pleno dia";"Crescente";"Céu Claro";"Dupla";"Curva";"Não";2;0;0;0;2;0;0;2;-8,111266;-35,14315;"SPRF-PE";"DEL01-PE";"UOP02-DEL02PE"
104174;2018-01-17;"quarta-feira";"17:40:00";"RS";386;113,1;"SARANDI";"Desobediência às normas de trânsito pelo condutor";"Colisão transversal";"Com Vítimas Feridas";"Pleno dia";"Decrescente";"Céu Claro";"Simples";"Curva";"Não";5;0;3;0;1;1;3;3;-27,81712243;-53,03967963;"SPRF-RS";"DEL08-RS";"UOP01-DEL08-RS"
104175;2018-01-17;"quarta-feira";"17:30:00";"ES";101;202,5;"JOAO NEIVA";"Falta de Atenção à Condução";"Colisão transversal";"Com Vítimas Feridas";"Pleno dia";"Decrescente";"Céu Claro";"Simples";"Curva";"Sim";2;0;1;0;1;0;1;2;-19,74432272;-40,3740558;"SPRF-ES";"DEL04-ES";"UOP01-DEL04-ES"
104179;2018-01-17;"quarta-feira";"18:23:00";"PR";116;12;"COLOMBO";"Falta de Atenção do Pedestre";"Atropelamento de Pedestre";"Com Vítimas Fatais";"Anoitecer";"Decrescente";"Nublado";"Dupla";"Reta";"Sim";3;1;0;0;1;1;0;3;-25,3755;-49,1496;"SPRF-PR";"DEL01-PR";"UOP02-DEL01-PR"
104180;2018-01-17;"quarta-feira";"16:00:00";"SC";101;172,9;"TIJUCAS";"Falta de Atenção à Condução";"Colisão traseira";"Com Vítimas Feridas";"Pleno dia";"Decrescente";"Céu Claro";"Dupla";"Reta";"Não";2;0;1;0;1;0;1;2;-27,31419186;-48,63135407;"SPRF-SC";"DEL04-SC";"UOP03-DEL04-SC"
104184;2018-01-17;"quarta-feira";"16:30:00";"SC";282;217,5;"LAGES";"Falta de Atenção do Pedestre";"Atropelamento de Pedestre";"Com Vítimas Fatais";"Pleno dia";"Decrescente";"Nublado";"Múltipla";"Reta";"Sim";4;1;0;0;2;1;0;2;-27,7979753452;-50,3010132909;"SPRF-SC";"DEL05-SC";"UOP01-DEL05-SC"
104194;2018-01-17;"quarta-feira";"11:10:00";"RS";386;13;"FREDERICO WESTPHALEN";"Defeito Mecânico no Veículo";"Saída de leito carroçável";"Sem Vítimas";"Pleno dia";"Decrescente";"Nublado";"Simples";"Curva";"Não";2;0;0;0;1;1;0;2;-27,22400578;-53,32704663;"SPRF-RS";"DEL08-RS";"UOP02-DEL08-RS"
104195;2018-01-17;"quarta-feira";"18:00:00";"SE";101;151,2;"ESTANCIA";"Falta de Atenção à Condução";"Colisão transversal";"Com Vítimas Feridas";"Anoitecer";"Decrescente";"Céu Claro";"Simples";"Reta";"Sim";3;0;1;0;2;0;1;2;-11,2687;-37,4421;"SPRF-SE";"DEL02-SE";"UOP01-DEL02-SE"
104199;2018-01-17;"quarta-feira";"13:15:00";"RS";285;367;"SALDANHA MARINHO";"Velocidade Incompatível";"Saída de leito carroçável";"Sem Vítimas";"Pleno dia";"Crescente";"Chuva";"Simples";"Reta";"Não";2;0;0;0;1;1;0;2;-28,39440174;-53,05567145;"SPRF-RS";"DEL08-RS";"UOP03-DEL08-RS"
104203;2018-01-17;"quarta-feira";"16:30:00";"RO";364;492,5;"ARIQUEMES";"Defeito na Via";"Colisão traseira";"Sem Vítimas";"Pleno dia";"Crescente";"Céu Claro";"Simples";"Reta";"Não";4;0;0;0;3;2;0;5;-10,09354149;-62,96673483;"SPRF-RO";"DEL03-RO";"UOP01-DEL03-RO"
104205;2018-01-17;"quarta-feira";"14:00:00";"RS";285;367;"SALDANHA MARINHO";"Velocidade Incompatível";"Colisão com objeto estático";"Sem Vítimas";"Pleno dia";"Crescente";"Chuva";"Simples";"Ponte";"Não";2;0;0;0;1;2;0;3;-28,39376938;-53,05413991;"SPRF-RS";"DEL08-RS";"UOP03-DEL08-RS"
104208;2018-01-17;"quarta-feira";"19:20:00";"MT";70;2;"BARRA DO GARCAS";"Falta de Atenção à Condução";"Colisão com objeto estático";"Com Vítimas Feridas";"Plena Noite";"Decrescente";"Céu Claro";"Simples";"Reta";"Sim";2;0;1;0;1;0;1;2;-15,887496;-52,268105;"SPRF-MT";"DEL07-MT";"UOP01-DEL07-MT"
104210;2018-01-17;"quarta-feira";"20:30:00";"PR";376;355,9;"ORTIGUEIRA";"Defeito Mecânico no Veículo";"Tombamento";"Sem Vítimas";"Plena Noite";"Crescente";"Chuva";"Simples";"Aclive";"Não";2;0;0;0;1;1;0;2;-24,2449885;-50,90718985;"SPRF-PR";"DEL03-PR";"UOP02-DEL03-PR"
104214;2018-01-17;"quarta-feira";"19:50:00";"PE";232;7,1;"RECIFE";"Não guardar distância de segurança";"Colisão traseira";"Sem Vítimas";"Plena Noite";"Decrescente";"Céu Claro";"Dupla";"Reta";"Sim";2;0;0;0;2;0;0;2;-8,07380395;-34,96287346;"SPRF-PE";"DEL01-PE";"UOP01-DEL01-PE"
104219;2018-01-10;"quarta-feira";"05:45:00";"CE";116;54;"PACAJUS";"Velocidade Incompatível";"Tombamento";"Sem Vítimas";"Amanhecer";"Decrescente";"Céu Claro";"Dupla";"Curva";"Sim";2;0;0;0;1;1;0;2;-4,19662484;-38,47000122;"SPRF-CE";"DEL03-CE";"UOP02-DEL03-CE"
104223;2018-01-17;"quarta-feira";"22:10:00";"MG";354;743,7;"POUSO ALTO";"Falta de Atenção à Condução";"Colisão transversal";"Com Vítimas Feridas";"Plena Noite";"Decrescente";"Céu Claro";"Simples";"Curva";"Sim";6;0;3;0;2;1;3;3;-22,24175164;-44,93542403;"SPRF-MG";"DEL05-MG";"UOP01-DEL17-MG"
104224;2018-01-17;"quarta-feira";"22:40:00";"MG";354;746;"POUSO ALTO";"Falta de Atenção à Condução";"Colisão lateral";"Com Vítimas Feridas";"Plena Noite";"Decrescente";"Céu Claro";"Simples";"Reta";"Sim";4;0;1;0;2;1;1;3;-22,19409;-44,972885;"SPRF-MG";"DEL05-MG";"UOP01-DEL17-MG"
104226;2018-01-17;"quarta-feira";"18:42:00";"SE";101;93;"NOSSA SENHORA DO SOCORRO";"Objeto estático sobre o leito carroçável";"Atropelamento de Pedestre";"Com Vítimas Feridas";"Plena Noite";"Crescente";"Ignorado";"Dupla";"Reta";"Não";4;0;1;0;1;2;1;4;-10,9116;-37,1585;"SPRF-SE";"DEL01-SE";"UOP01-DEL01-SE"
104228;2018-01-17;"quarta-feira";"23:00:00";"PR";277;112;"CAMPO LARGO";"Não guardar distância de segurança";"Colisão lateral";"Sem Vítimas";"Plena Noite";"Crescente";"Chuva";"Dupla";"Reta";"Não";2;0;0;0;2;0;0;2;-25,459087;-49,52876;"SPRF-PR";"DEL01-PR";"UOP06-DEL01-PR"
104232;2018-01-17;"quarta-feira";"22:50:00";"RS";116;104,7;"SAO MARCOS";"Falta de Atenção à Condução";"Colisão lateral";"Com Vítimas Feridas";"Plena Noite";"Crescente";"Chuva";"Simples";"Curva";"Não";2;0;0;1;1;0;1;2;-28,91026249;-51,11078893;"SPRF-RS";"DEL05-RS";"UOP01-DEL05-RS"
104235;2018-01-17;"quarta-feira";"19:05:00";"BA";116;790,7;"VITORIA DA CONQUISTA";"Ultrapassagem Indevida";"Colisão frontal";"Com Vítimas Fatais";"Plena Noite";"Crescente";"Céu Claro";"Simples";"Aclive;Reta";"Não";9;2;4;0;2;1;4;5;-14,78210275;-40,73893547;"SPRF-BA";"DEL08-BA";"UOP02-DEL08-BA"
104236;2018-01-17;"quarta-feira";"23:45:00";"SP";381;58,9;"MAIRIPORA";"Defeito Mecânico no Veículo";"Incêndio";"Sem Vítimas";"Plena Noite";"Decrescente";"Nublado";"Dupla";"Reta";"Sim";2;0;0;0;1;1;0;2;-23,3184;-46,5872;"SPRF-SP";"DEL03-SP";"UOP01-DEL03-SP"
104239;2018-01-17;"quarta-feira";"21:15:00";"BA";101;316;"PRESIDENTE TANCREDO NEVES";"Ultrapassagem Indevida";"Colisão frontal";"Com Vítimas Feridas";"Plena Noite";"Decrescente";"Céu Claro";"Simples";"Aclive";"Não";2;0;1;0;1;0;1;2;-13,366653;-39,376339;"SPRF-BA";"DEL05-BA";"UOP03-DEL05-BA"
104240;2018-01-18;"quinta-feira";"01:25:00";"MG";365;630,5;"UBERLANDIA";"Velocidade Incompatível";"Colisão traseira";"Com Vítimas Feridas";"Plena Noite";"Decrescente";"Céu Claro";"Dupla";"Reta;Aclive";"Sim";4;0;1;1;1;1;2;3;-18,90148547;-48,35685968;"SPRF-MG";"DEL15-MG";"UOP01-DEL15-MG"
104245;2018-01-18;"quinta-feira";"02:00:00";"RJ";40;25,5;"TRES RIOS";"Condutor Dormindo";"Tombamento";"Com Vítimas Feridas";"Plena Noite";"Crescente";"Céu Claro";"Dupla";"Curva";"Não";1;0;1;0;0;0;1;1;-22,15381276;-43,15843728;"SPRF-RJ";"DEL06-RJ";"UOP02-DEL05-RJ"
104247;2018-01-18;"quinta-feira";"02:20:00";"MT";364;277;"JACIARA";"Defeito Mecânico no Veículo";"Colisão lateral";"Sem Vítimas";"Plena Noite";"Decrescente";"Céu Claro";"Simples";"Reta;Declive";"Não";3;0;0;0;2;2;0;4;-15,950761;-54,999538;"SPRF-MT";"DEL02-MT";"UOP02-DEL05-MT"
104248;2018-01-18;"quinta-feira";"03:30:00";"SP";116;445,4;"REGISTRO";"Velocidade Incompatível";"Colisão traseira";"Com Vítimas Fatais";"Plena Noite";"Decrescente";"Céu Claro";"Dupla";"Reta";"Sim";3;1;0;0;2;0;0;2;-24,487978;-47,84402;"SPRF-SP";"DEL05-SP";"UOP01-DEL05-SP"
104250;2018-01-18;"quinta-feira";"00:50:00";"SC";101;155;"PORTO BELO";"Defeito Mecânico no Veículo";"Tombamento";"Sem Vítimas";"Plena Noite";"Decrescente";"Chuva";"Múltipla";"Interseção de Vias";"Sim";2;0;0;0;1;1;0;2;-27,1719;-48,6115;"SPRF-SC";"DEL04-SC";"UOP03-DEL04-SC"
104252;2018-01-18;"quinta-feira";"04:00:00";"PR";277;199,4;"PALMEIRA";"Falta de Atenção à Condução";"Tombamento";"Sem Vítimas";"Plena Noite";"Crescente";"Chuva";"Simples";"Aclive";"Não";3;0;0;0;2;1;0;2;-25,4684993;-50,27453989;"SPRF-PR";"DEL03-PR";"UOP02-DEL08-PR"
104253;2018-01-18;"quinta-feira";"02:45:00";"PA";10;136;"PARAGOMINAS";"Falta de Atenção à Condução";"Saída de leito carroçável";"Com Vítimas Feridas";"Plena Noite";"Crescente";"Céu Claro";"Simples";"Aclive";"Não";3;0;3;0;0;0;3;1;-3,237973;-47,477101;"SPRF-PA";"DEL02-PA";"UOP01-DEL02-PA"
104257;2018-01-18;"quinta-feira";"03:50:00";"SP";153;267,8;"VERA CRUZ";"Defeito Mecânico no Veículo";"Colisão com objeto estático";"Sem Vítimas";"Plena Noite";"Crescente";"Céu Claro";"Simples";"Reta;Aclive";"Não";2;0;0;0;1;1;0;2;-22,32873068;-49,89857972;"SPRF-SP";"DEL07-SP";"UOP02-DEL07-SP"
104258;2018-01-17;"quarta-feira";"21:50:00";"PA";316;100;"SANTA MARIA DO PARA";"Restrição de Visibilidade";"Tombamento";"Sem Vítimas";"Plena Noite";"Crescente";"Nublado";"Dupla";"Rotatória;Interseção de Vias";"Não";2;0;0;0;1;1;0;2;-1,33959306;-47,58139551;"SPRF-PA";"DEL01-PA";"UOP02-DEL01-PA"
104259;2018-01-18;"quinta-feira";"06:15:00";"MG";40;58;"PARACATU";"Desobediência às normas de trânsito pelo condutor";"Saída de leito carroçável";"Sem Vítimas";"Amanhecer";"Decrescente";"Céu Claro";"Simples";"Reta";"Não";3;0;0;0;2;1;0;2;-17,302397;-46,771729;"SPRF-MG";"DEL14-MG";"UOP01-DEL14-MG"
104264;2018-01-18;"quinta-feira";"06:05:00";"PR";116;86;"PIRAQUARA";"Falta de Atenção à Condução";"Saída de leito carroçável";"Sem Vítimas";"Pleno dia";"Crescente";"Céu Claro";"Dupla";"Reta";"Não";1;0;0;0;1;0;0;1;-25,434765;-49,089371;"SPRF-PR";"DEL01-PR";"UOP07-DEL01-PR"
104276;2018-01-18;"quinta-feira";"06:20:00";"MT";163;849;"SINOP";"Ingestão de Álcool";"Colisão lateral";"Sem Vítimas";"Amanhecer";"Crescente";"Sol";"Simples";"Reta";"Não";3;0;0;0;2;3;0;5;-11,73250385;-55,4617095;"SPRF-MT";"DEL06-MT";"UOP02-DEL06-MT"
104277;2018-01-18;"quinta-feira";"07:20:00";"PR";369;90;"CORNELIO PROCOPIO";"Falta de Atenção à Condução";"Atropelamento de Pedestre";"Com Vítimas Fatais";"Pleno dia";"Decrescente";"Nublado";"Dupla";"Aclive";"Sim";2;1;0;0;1;0;0;2;-23,19588713;-50,65339831;"SPRF-PR";"DEL07-PR";"UOP05-DEL07-PR"
104280;2018-01-18;"quinta-feira";"07:40:00";"SC";101;204;"SAO JOSE";"Falta de Atenção à Condução";"Colisão traseira";"Sem Vítimas";"Pleno dia";"Decrescente";"Céu Claro";"Múltipla";"Reta";"Sim";2;0;0;0;2;0;0;2;-27,5832;-48,6151;"SPRF-SC";"DEL01-SC";"UOP01-DEL01-SC"
104281;2018-01-18;"quinta-feira";"07:48:00";"ES";101;171,1;"LINHARES";"Condutor Dormindo";"Colisão lateral";"Com Vítimas Feridas";"Amanhecer";"Crescente";"Céu Claro";"Simples";"Curva";"Não";4;0;1;0;2;2;1;4;-19,55973943;-40,17509857;"SPRF-ES";"DEL04-ES";"UOP01-DEL04-ES"
104289;2018-01-18;"quinta-feira";"07:50:00";"MT";364;271,4;"JACIARA";"Velocidade Incompatível";"Tombamento";"Sem Vítimas";"Pleno dia";"Decrescente";"Céu Claro";"Dupla";"Curva";"Sim";2;0;0;0;1;3;0;4;-15,970192;-54,95768;"SPRF-MT";"DEL02-MT";"UOP02-DEL05-MT"
104291;2018-01-18;"quinta-feira";"08:10:00";"PE";101;43,8;"IGARASSU";"Falta de Atenção à Condução";"Colisão traseira";"Com Vítimas Feridas";"Pleno dia";"Crescente";"Nublado";"Múltipla";"Reta";"Sim";3;0;0;1;2;0;1;3;-7,84741872;-34,90990022;"SPRF-PE";"DEL01-PE";"UOP02-DEL01-PE"
104295;2018-01-18;"quinta-feira";"08:30:00";"PR";163;143;"CAPITAO LEONIDAS MARQUES";"Falta de Atenção à Condução";"Colisão transversal";"Com Vítimas Feridas";"Pleno dia";"Decrescente";"Céu Claro";"Simples";"Reta";"Não";3;0;1;0;1;2;1;4;-25,47148351;-53,58478546;"SPRF-PR";"DEL04-PR";"UOP05-DEL05-PR"
104300;2018-01-18;"quinta-feira";"09:00:00";"MG";381;456;"BELO HORIZONTE";"Falta de Atenção à Condução";"Colisão traseira";"Com Vítimas Feridas";"Pleno dia";"Decrescente";"Céu Claro";"Simples";"Reta";"Não";6;0;1;0;5;0;1;5;-19,921307;-43,93815;"SPRF-MG";"DEL01-MG";"UOP01-DEL01-MG"
104301;2018-01-18;"quinta-feira";"01:00:00";"PR";476;315;"PAULO FRONTIN";"Falta de Atenção à Condução";"Saída de leito carroçável";"Sem Vítimas";"Plena Noite";"Crescente";"Nublado";"Simples";"Reta";"Não";1;0;0;0;1;0;0;1;-26,034035;-50,698009;"SPRF-PR";"DEL02-PR";"UOP04-DEL02-PR"
104303;2018-01-18;"quinta-feira";"03:40:00";"PR";280;267;"MARMELEIRO";"Condutor Dormindo";"Saída de leito carroçável";"Sem Vítimas";"Plena Noite";"Decrescente";"Nublado";"Simples";"Reta";"Não";1;0;0;0;1;0;0;1;-26,149912;-53,02656;"SPRF-PR";"DEL02-PR";"UOP01-DEL02-PR"
104306;2018-01-18;"quinta-feira";"08:50:00";"MT";364;209;"RONDONOPOLIS";"Velocidade Incompatível";"Tombamento";"Sem Vítimas";"Pleno dia";"Decrescente";"Céu Claro";"Dupla";"Rotatória";"Não";2;0;0;0;1;3;0;4;-16,428949;-54,693382;"SPRF-MT";"DEL02-MT";"UOP01-DEL02-MT"
104308;2018-01-18;"quinta-feira";"09:00:00";"RS";392;66,9;"PELOTAS";"Falta de Atenção à Condução";"Colisão transversal";"Sem Vítimas";"Pleno dia";"Decrescente";"Céu Claro";"Simples";"Em Obras";"Não";2;0;0;0;2;0;0;2;-31,75767694;-52,39909906;"SPRF-RS";"DEL07-RS";"UOP01-DEL07-RS"
104315;2018-01-18;"quinta-feira";"10:50:00";"ES";101;158;"LINHARES";"Não guardar distância de segurança";"Colisão traseira";"Com Vítimas Feridas";"Pleno dia";"Decrescente";"Céu Claro";"Simples";"Reta";"Não";2;0;1;0;1;0;1;2;-19,39159;-40,072563;"SPRF-ES";"DEL04-ES";"UOP01-DEL04-ES"
104318;2018-01-18;"quinta-feira";"11:00:00";"MG";381;872,8;"ESTIVA";"Falta de Atenção à Condução";"Saída de leito carroçável";"Com Vítimas Feridas";"Pleno dia";"Decrescente";"Céu Claro";"Simples";"Reta";"Não";1;0;1;0;0;0;1;1;-22,40725943;-45,95738769;"SPRF-MG";"DEL16-MG";"UOP01-DEL16-MG"
104319;2018-01-18;"quinta-feira";"07:25:00";"SC";116;143;"SANTA CECILIA";"Ultrapassagem Indevida";"Colisão frontal";"Com Vítimas Feridas";"Pleno dia";"Decrescente";"Céu Claro";"Simples";"Curva";"Não";3;0;1;0;1;2;1;4;-26,986475;-50,394382;"SPRF-SC";"DEL06-SC";"UOP02-DEL06-SC"
104320;2018-01-18;"quinta-feira";"11:15:00";"SC";101;204,8;"SAO JOSE";"Falta de Atenção à Condução";"Colisão lateral";"Com Vítimas Feridas";"Pleno dia";"Decrescente";"Céu Claro";"Dupla";"Reta";"Não";4;0;0;1;2;1;1;4;-27,57601157;-48,61374219;"SPRF-SC";"DEL01-SC";"UOP01-DEL01-SC"
104321;2018-01-18;"quinta-feira";"10:35:00";"MG";267;199,6;"BOM JARDIM DE MINAS";"Velocidade Incompatível";"Colisão frontal";"Com Vítimas Fatais";"Pleno dia";"Crescente";"Céu Claro";"Simples";"Curva";"Não";3;1;0;0;1;1;0;3;-21,947702;-44,19149;"SPRF-MG";"DEL05-MG";"UOP01-DEL05-MG"
104322;2018-01-18;"quinta-feira";"08:35:00";"PA";230;73;"SAO DOMINGOS DO ARAGUAIA";"Defeito Mecânico no Veículo";"Colisão transversal";"Sem Vítimas";"Pleno dia";"Crescente";"Céu Claro";"Simples";"Retorno Regulamentado";"Não";3;0;0;0;2;1;0;3;-5,48788649;-48,73960018;"SPRF-PA";"DEL03-PA";"UOP01-DEL03-PA"
104324;2018-01-18;"quinta-feira";"09:40:00";"CE";20;413,4;"MARACANAU";"Falta de Atenção à Condução";"Colisão traseira";"Sem Vítimas";"Pleno dia";"Decrescente";"Nublado";"Simples";"Reta";"Sim";3;0;0;0;2;1;0;3;-3,81932834;-38,63167466;"SPRF-CE";"DEL01-CE";"UOP01-DEL01-CE"
104331;2018-01-18;"quinta-feira";"09:30:00";"AL";101;146,3;"JEQUIA DA PRAIA";"Ultrapassagem Indevida";"Tombamento";"Sem Vítimas";"Pleno dia";"Decrescente";"Céu Claro";"Simples";"Reta";"Não";3;0;0;0;2;1;0;3;-9,862277;-36,143333;"SPRF-AL";"DEL02-AL";"UOP01-DEL02-AL"
104332;2018-01-18;"quinta-feira";"09:35:00";"RO";364;467;"ARIQUEMES";"Defeito na Via";"Colisão lateral";"Com Vítimas Feridas";"Pleno dia";"Crescente";"Céu Claro";"Simples";"Reta";"Não";3;0;1;0;1;2;1;4;-10,210588;-62,773884;"SPRF-RO";"DEL03-RO";"UOP01-DEL03-RO"
104334;2018-01-18;"quinta-feira";"12:00:00";"SP";116;279;"EMBU DAS ARTES";"Desobediência às normas de trânsito pelo condutor";"Colisão com objeto estático";"Sem Vítimas";"Pleno dia";"Crescente";"Céu Claro";"Dupla";"Curva";"Não";2;0;0;0;2;0;0;2;-23,638981;-46,83456659;"SPRF-SP";"DEL04-SP";"UOP01-DEL04-SP"
104336;2018-01-18;"quinta-feira";"12:40:00";"ES";101;147;"LINHARES";"Falta de Atenção à Condução";"Colisão transversal";"Com Vítimas Feridas";"Pleno dia";"Decrescente";"Chuva";"Múltipla";"Reta";"Sim";2;0;0;1;1;0;1;2;-19,39159;-40,072563;"SPRF-ES";"DEL04-ES";"UOP01-DEL04-ES"
104337;2018-01-18;"quinta-feira";"11:30:00";"MT";364;242;"JUSCIMEIRA";"Não guardar distância de segurança";"Colisão traseira";"Sem Vítimas";"Pleno dia";"Decrescente";"Céu Claro";"Simples";"Reta";"Não";3;0;0;0;2;4;0;6;-16,162605;-54,795467;"SPRF-MT";"DEL02-MT";"UOP01-DEL02-MT"
104341;2018-01-18;"quinta-feira";"13:40:00";"GO";153;663;"GOIATUBA";"Velocidade Incompatível";"Colisão traseira";"Com Vítimas Feridas";"Pleno dia";"Crescente";"Céu Claro";"Dupla";"Declive";"Não";3;0;2;0;1;0;2;2;-18,07761181;-49,27725434;"SPRF-GO";"DEL03-GO";"UOP02-DEL03-GO"
104346;2018-01-18;"quinta-feira";"10:25:00";"MS";163;255,4;"DOURADOS";"Objeto estático sobre o leito carroçável";"Colisão traseira";"Com Vítimas Feridas";"Pleno dia";"Crescente";"Céu Claro";"Dupla";"Reta";"Sim";3;0;0;1;1;1;1;3;-22,26362587;-54,80689108;"SPRF-MS";"DEL04-MS";"UOP01-DEL04-MS"
104349;2018-01-18;"quinta-feira";"12:00:00";"PI";343;448,5;"SAO PEDRO DO PIAUI";"Falta de Atenção à Condução";"Colisão frontal";"Com Vítimas Fatais";"Pleno dia";"Decrescente";"Nublado";"Simples";"Reta";"Não";3;1;0;0;1;1;0;3;-5,90668385;-42,6782024;"SPRF-PI";"DEL01-PI";"UOP02-DEL01-PI"
104351;2018-01-18;"quinta-feira";"07:28:00";"PR";376;284,1;"MAUA DA SERRA";"Velocidade Incompatível";"Tombamento";"Com Vítimas Feridas";"Pleno dia";"Decrescente";"Chuva";"Simples";"Curva";"Não";1;0;1;0;0;0;1;1;-23,843894;-51,2573719;"SPRF-PR";"DEL07-PR";"UOP02-DEL07-PR"
104352;2018-01-18;"quinta-feira";"14:15:00";"RS";101;1;"TORRES";"Defeito Mecânico no Veículo";"Colisão lateral";"Sem Vítimas";"Pleno dia";"Crescente";"Céu Claro";"Múltipla";"Em Obras";"Não";3;0;0;0;2;2;0;4;-29,30565488;-49,77255994;"SPRF-RS";"DEL03-RS";"DEL9/3-UOP03/RS"
104353;2018-01-18;"quinta-feira";"13:00:00";"CE";116;19;"EUSEBIO";"Fenômenos da Natureza";"Incêndio";"Sem Vítimas";"Pleno dia";"Crescente";"Céu Claro";"Dupla";"Reta";"Não";1;0;0;0;0;1;0;1;-3,9268;-38,5078;"SPRF-CE";"DEL01-CE";"UOP02-DEL01-CE"
104355;2018-01-18;"quinta-feira";"14:00:00";"MT";364;580;"NOBRES";"Falta de Atenção à Condução";"Colisão traseira";"Sem Vítimas";"Pleno dia";"Crescente";"Céu Claro";"Simples";"Reta";"Não";1;0;0;0;1;0;0;1;-14,655648;-56,294411;"SPRF-MT";"DEL01-MT";"UOP01-DEL01-MT"
104356;2018-01-18;"quinta-feira";"12:01:00";"SC";282;371,2;"ERVAL VELHO";"Velocidade Incompatível";"Colisão frontal";"Com Vítimas Feridas";"Pleno dia";"Crescente";"Chuva";"Simples";"Curva;Declive";"Não";5;0;0;2;1;2;2;4;-27,25835204;-51,4435311;"SPRF-SC";"DEL07-SC";"UOP05-DEL07-SC"
104365;2018-01-18;"quinta-feira";"15:00:00";"ES";101;386,7;"CACHOEIRO DE ITAPEMIRIM";"Falta de Atenção à Condução";"Colisão lateral";"Com Vítimas Feridas";"Pleno dia";"Crescente";"Céu Claro";"Simples";"Curva";"Não";3;0;1;0;1;2;1;4;-20,849371;-41,113132;"SPRF-ES";"DEL03-ES";"UOP01-DEL03-ES"
104367;2018-01-18;"quinta-feira";"15:25:00";"PR";116;157,8;"MANDIRITUBA";"Condutor Dormindo";"Colisão frontal";"Com Vítimas Fatais";"Pleno dia";"Decrescente";"Nublado";"Simples";"Reta";"Não";3;1;0;0;1;2;0;4;-25,86298877;-49,40789754;"SPRF-PR";"DEL01-PR";"UOP03-DEL01-PR"
104369;2018-01-18;"quinta-feira";"14:40:00";"MG";40;524;"CONTAGEM";"Desobediência às normas de trânsito pelo condutor";"Colisão lateral";"Com Vítimas Feridas";"Pleno dia";"Decrescente";"Céu Claro";"Dupla";"Reta";"Sim";3;0;1;0;1;1;1;2;-19,8881;-44,0502;"SPRF-MG";"DEL01-MG";"UOP03-DEL01-MG"
104375;2018-01-18;"quinta-feira";"15:10:00";"TO";153;654,3;"GURUPI";"Ultrapassagem Indevida";"Colisão frontal";"Com Vítimas Fatais";"Pleno dia";"Decrescente";"Céu Claro";"Simples";"Reta";"Não";7;3;0;2;1;1;2;3;-11,5727842;-49,03102109;"SPRF-TO";"DEL02-TO";"UOP02-DEL01-TO"
104382;2018-01-18;"quinta-feira";"15:10:00";"PR";277;434,4;"VIRMOND";"Velocidade Incompatível";"Colisão lateral";"Sem Vítimas";"Pleno dia";"Crescente";"Chuva";"Simples";"Reta;Declive";"Não";2;0;0;0;2;0;0;2;-25,37699267;-52,24038452;"SPRF-PR";"DEL04-PR";"UOP02-DEL04-PR"
104386;2018-01-18;"quinta-feira";"16:50:00";"RJ";116;143;"DUQUE DE CAXIAS";"Defeito Mecânico no Veículo";"Incêndio";"Sem Vítimas";"Pleno dia";"Decrescente";"Sol";"Dupla";"Reta";"Sim";2;0;0;0;1;1;0;2;-22,66977867;-43,27171326;"SPRF-RJ";"DEL04-RJ";"UOP02-DEL04-RJ"
104391;2018-01-18;"quinta-feira";"17:25:00";"ES";101;147;"LINHARES";"Não guardar distância de segurança";"Colisão traseira";"Com Vítimas Feridas";"Pleno dia";"Decrescente";"Céu Claro";"Simples";"Reta";"Não";2;0;1;0;1;0;1;2;-19,36896318;-40,06519943;"SPRF-ES";"DEL04-ES";"UOP01-DEL04-ES"
104392;2018-01-18;"quinta-feira";"17:15:00";"PR";277;245,6;"IRATI";"Defeito Mecânico no Veículo";"Colisão com objeto estático";"Sem Vítimas";"Pleno dia";"Decrescente";"Nublado";"Simples";"Reta";"Não";2;0;0;0;1;1;0;2;-25,44446142;-50,68095088;"SPRF-PR";"DEL03-PR";"UOP02-DEL08-PR"
104397;2018-01-18;"quinta-feira";"17:40:00";"MG";267;222;"ARANTINA";"Falta de Atenção à Condução";"Colisão transversal";"Com Vítimas Feridas";"Anoitecer";"Decrescente";"Céu Claro";"Simples";"Curva";"Não";4;0;1;1;1;1;2;3;-21,9112;-44,2529;"SPRF-MG";"DEL05-MG";"DEL5/4-UOP01/MG"