"id";"data_inversa";"dia_semana";"horario";"uf";"br";"km";"municipio";"causa_acidente";"tipo_acidente";"classificacao_acidente";"fase_dia";"sentido_via";"condicao_metereologica";"tipo_pista";"tracado_via";"uso_solo";"pessoas";"mortos";"feridos_leves";"feridos_graves";"ilesos";"ignorados";"feridos";"veiculos";"latitude";"longitude";"regional";"delegacia";"uop"
104416;2018-01-18;"quinta-feira";"16:15:00";"PR";376;284,1;"MAUA DA SERRA";"Velocidade Incompatível";"Tombamento";"Com Vítimas Feridas";"Pleno dia";"Decrescente";"Garoa/Chuvisco";"Simples";"Curva";"Não";2;0;1;0;0;2;1;3;-23,85588264;-51,25793517;"SPRF-PR";"DEL07-PR";"UOP02-DEL07-PR"
104423;2018-01-18;"quinta-feira";"17:35:00";"RJ";101;316;"SAO GONCALO";"Falta de Atenção à Condução";"Colisão traseira";"Com Vítimas Feridas";"Pleno dia";"Crescente";"Sol";"Simples";"Reta";"Sim";4;0;1;0;2;1;1;4;-22,828388;-43,092102;"SPRF-RJ";"DEL02-RJ";"DEL5/2-UOP04/RJ"
104424;2018-01-18;"quinta-feira";"17:10:00";"MG";381;772,9;"CAMPANHA";"Falta de Atenção à Condução";"Colisão lateral";"Sem Vítimas";"Pleno dia";"Crescente";"Sol";"Dupla";"Reta";"Não";3;0;0;0;3;0;0;2;-21,77282608;-45,42634456;"SPRF-MG";"DEL16-MG";"UOP02-DEL16-MG"
104428;2018-01-18;"quinta-feira";"18:00:00";"MG";40;614,2;"CONGONHAS";"Desobediência às normas de trânsito pelo condutor";"Colisão frontal";"Com Vítimas Feridas";"Pleno dia";"Crescente";"Céu Claro";"Simples";"Curva";"Sim";3;0;0;1;1;1;1;3;-20,53722148;-43,82129958;"SPRF-MG";"DEL05-MG";"UOP02-DEL05-MG"
104429;2018-01-18;"quinta-feira";"17:12:00";"MA";226;535,4;"PORTO FRANCO";"Defeito na Via";"Tombamento";"Sem Vítimas";"Pleno dia";"Decrescente";"Nublado";"Simples";"Reta";"Não";2;0;0;0;1;3;0;4;-6,22133386;-47,1016736;"SPRF-MA";"DEL04-MA";"UOP02-DEL04-MA"
104432;2018-01-18;"quinta-feira";"19:30:00";"MS";163;837,5;"SONORA";"Não guardar distância de segurança";"Colisão traseira";"Com Vítimas Feridas";"Anoitecer";"Decrescente";"Céu Claro";"Simples";"Reta";"Sim";4;0;1;0;2;3;1;5;-17,577387;-54,75821;"SPRF-MS";"DEL06-MS";"UOP01-DEL06-MS"
104433;2018-01-18;"quinta-feira";"15:15:00";"RS";392;199,3;"SANTANA DA BOA VISTA";"Falta de Atenção à Condução";"Colisão transversal";"Sem Vítimas";"Pleno dia";"Decrescente";"Céu Claro";"Simples";"Reta";"Não";2;0;0;0;2;0;0;2;-30,87300096;-53,13625306;"SPRF-RS";"DEL09-RS";"UOP02-DEL09-RS"
104435;2018-01-18;"quinta-feira";"20:30:00";"SC";101;203,2;"SAO JOSE";"Falta de Atenção à Condução";"Engavetamento";"Sem Vítimas";"Plena Noite";"Decrescente";"Nublado";"Múltipla";"Reta;Aclive";"Sim";6;0;0;0;6;0;0;6;-27,56851896;-48,61392796;"SPRF-SC";"DEL01-SC";"UOP01-DEL01-SC"
104437;2018-01-18;"quinta-feira";"18:00:00";"RO";364;482;"ARIQUEMES";"Falta de Atenção à Condução";"Colisão traseira";"Sem Vítimas";"Plena Noite";"Crescente";"Nublado";"Simples";"Reta";"Não";3;0;0;0;2;1;0;3;-10,130206;-62,879295;"SPRF-RO";"DEL03-RO";"UOP01-DEL03-RO"
104438;2018-01-18;"quinta-feira";"20:10:00";"PE";101;65,5;"RECIFE";"Falta de Atenção do Pedestre";"Atropelamento de Pedestre";"Com Vítimas Feridas";"Plena Noite";"Crescente";"Céu Claro";"Dupla";"Reta";"Sim";2;0;1;0;1;0;1;2;-8,030235;-34,942838;"SPRF-PE";"DEL01-PE";"UOP01-DEL01-PE"
104444;2018-01-18;"quinta-feira";"21:30:00";"GO";50;113;"CRISTALINA";"Falta de Atenção à Condução";"Colisão lateral";"Com Vítimas Feridas";"Plena Noite";"Decrescente";"Céu Claro";"Dupla";"Reta";"Não";4;0;0;2;1;3;2;6;-16,80478757;-47,65652418;"SPRF-DF";"DEL01-DF";"UOP02-DEL01-DF"
104445;2018-01-18;"quinta-feira";"21:25:00";"SP";116;511;"CAJATI";"Defeito Mecânico no Veículo";"Incêndio";"Sem Vítimas";"Plena Noite";"Decrescente";"Nublado";"Simples";"Curva;Declive";"Não";2;0;0;0;1;1;0;2;-24,81353733;-48,2093811;"SPRF-SP";"DEL05-SP";"UAP01-DEL05-SP"
104453;2018-01-18;"quinta-feira";"20:30:00";"SC";280;35;"ARAQUARI";"Pista Escorregadia";"Colisão lateral";"Com Vítimas Fatais";"Plena Noite";"Decrescente";"Chuva";"Simples";"Aclive";"Não";3;1;0;0;2;0;0;3;-26,434475;-48,804539;"SPRF-SC";"DEL03-SC";"UOP03-DEL03-SC"
104455;2018-01-18;"quinta-feira";"21:40:00";"AL";101;96,9;"PILAR";"Ultrapassagem Indevida";"Colisão traseira";"Com Vítimas Feridas";"Plena Noite";"Crescente";"Nublado";"Simples";"Ponte";"Não";5;0;1;0;3;1;1;4;-9,597656;-35,956963;"SPRF-AL";"DEL01-AL";"UOP01-DEL01-AL"
104456;2018-01-18;"quinta-feira";"21:00:00";"PE";101;3,5;"GOIANA";"Pista Escorregadia";"Saída de leito carroçável";"Sem Vítimas";"Plena Noite";"Crescente";"Chuva";"Dupla";"Reta;Declive";"Não";1;0;0;0;1;0;0;1;-7,52834914;-34,99205022;"SPRF-PE";"DEL01-PE";"UOP02-DEL01-PE"
104460;2018-01-18;"quinta-feira";"21:30:00";"PE";101;65,5;"RECIFE";"Falta de Atenção à Condução";"Colisão transversal";"Com Vítimas Feridas";"Plena Noite";"Crescente";"Nublado";"Simples";"Reta";"Sim";2;0;0;1;1;0;1;2;-8,030235;-34,942838;"SPRF-PE";"DEL01-PE";"UOP01-DEL01-PE"
104461;2018-01-18;"quinta-feira";"23:40:00";"PR";277;307,1;"GUARAPUAVA";"Velocidade Incompatível";"Tombamento";"Com Vítimas Feridas";"Plena Noite";"Decrescente";"Nublado";"Simples";"Curva";"Não";2;0;1;0;0;2;1;3;-25,31732452;-51,19508475;"SPRF-PR";"DEL03-PR";"UOP01-DEL08-PR"
104462;2018-01-18;"quinta-feira";"22:10:00";"CE";116;162;"RUSSAS";"Animais na Pista";"Atropelamento de Animal";"Sem Vítimas";"Plena Noite";"Crescente";"Céu Claro";"Simples";"Reta";"Sim";2;0;0;0;1;1;0;2;-4,9366444;-37,9996297;"SPRF-CE";"DEL03-CE";"UOP01-DEL03-CE"
104463;2018-01-18;"quinta-feira";"23:50:00";"SP";116;95,5;"PINDAMONHANGABA";"Falta de Atenção à Condução";"Colisão traseira";"Com Vítimas Feridas";"Pleno dia";"Crescente";"Nublado";"Dupla";"Reta";"Não";6;0;0;2;2;2;2;5;-22,96716557;-45,43448567;"SPRF-SP";"DEL06-SP";"UOP01-DEL06-SP"
104471;2018-01-19;"sexta-feira";"01:00:00";"SP";116;208;"GUARULHOS";"Condutor Dormindo";"Saída de leito carroçável";"Sem Vítimas";"Plena Noite";"Decrescente";"Garoa/Chuvisco";"Múltipla";"Reta";"Não";1;0;0;0;1;0;0;1;-23,463257;-46,53373;"SPRF-SP";"DEL01-SP";"UOP01-DEL01-SP"
104474;2018-01-19;"sexta-feira";"01:00:00";"PB";101;53,7;"SANTA RITA";"Condutor Dormindo";"Colisão traseira";"Sem Vítimas";"Plena Noite";"Crescente";"Nublado";"Dupla";"Reta";"Não";3;0;0;0;2;1;0;3;-6,949751;-35,093059;"SPRF-PB";"DEL01-PB";"UOP04-DEL01-PB"
104475;2018-01-19;"sexta-feira";"00:30:00";"MT";364;397;"CUIABA";"Defeito Mecânico no Veículo";"Saída de leito carroçável";"Sem Vítimas";"Plena Noite";"Decrescente";"Céu Claro";"Simples";"Reta";"Sim";2;0;0;0;1;2;0;3;-15,66657914;-55,95989349;"SPRF-MT";"DEL02-MT";"UOP02-DEL01-MT"
104482;2018-01-19;"sexta-feira";"03:45:00";"MG";381;905;"CAMBUI";"Velocidade Incompatível";"Derramamento de carga";"Sem Vítimas";"Plena Noite";"Decrescente";"Nublado";"Dupla";"Curva";"Não";1;0;0;0;1;0;0;1;-22,6662;-46,093;"SPRF-MG";"DEL16-MG";"UOP03-DEL16-MG"
104483;2018-01-19;"sexta-feira";"03:15:00";"PB";101;114,8;"PEDRAS DE FOGO";"Condutor Dormindo";"Colisão traseira";"Com Vítimas Feridas";"Plena Noite";"Decrescente";"Chuva";"Dupla";"Reta";"Não";3;0;1;0;1;2;1;4;-7,40223869;-34,95508001;"SPRF-PB";"DEL01-PB";"UOP01-DEL01-PB"
104485;2018-01-19;"sexta-feira";"03:30:00";"PR";277;112;"CAMPO LARGO";"Falta de Atenção à Condução";"Colisão lateral";"Sem Vítimas";"Plena Noite";"Crescente";"Nublado";"Dupla";"Reta";"Sim";3;0;0;0;2;1;0;3;-25,459087;-49,52876;"SPRF-PR";"DEL01-PR";"UOP06-DEL01-PR"
104486;2018-01-19;"sexta-feira";"05:10:00";"GO";60;70,1;"ABADIANIA";"Condutor Dormindo";"Saída de leito carroçável";"Sem Vítimas";"Plena Noite";"Crescente";"Céu Claro";"Dupla";"Reta";"Não";1;0;0;0;1;0;0;1;-16,24682471;-48,7615782;"SPRF-GO";"DEL02-GO";"UOP01-DEL02-GO"
104491;2018-01-19;"sexta-feira";"05:30:00";"SP";116;471,8;"JACUPIRANGA";"Falta de Atenção à Condução";"Saída de leito carroçável";"Com Vítimas Fatais";"Amanhecer";"Decrescente";"Nublado";"Dupla";"Curva";"Não";11;1;4;0;5;2;4;6;-24,692978;-48,002632;"SPRF-SP";"DEL05-SP";"UAP01-DEL05-SP"
104492;2018-01-19;"sexta-feira";"05:50:00";"GO";153;510;"APARECIDA DE GOIANIA";"Não guardar distância de segurança";"Colisão traseira";"Com Vítimas Feridas";"Amanhecer";"Crescente";"Céu Claro";"Dupla";"Reta";"Sim";2;0;0;1;1;0;1;2;-16,7977;-49,2386;"SPRF-GO";"DEL01-GO";"UOP03-DEL01-GO"
104499;2018-01-19;"sexta-feira";"05:50:00";"PB";230;38,9;"SANTA RITA";"Falta de Atenção à Condução";"Colisão lateral";"Sem Vítimas";"Pleno dia";"Crescente";"Nublado";"Dupla";"Reta;Declive";"Sim";3;0;0;0;3;0;0;2;-7,1384721;-34,9713881;"SPRF-PB";"DEL01-PB";"UOP01-DEL01-PB"
104500;2018-01-19;"sexta-feira";"07:20:00";"PR";163;245;"TOLEDO";"Não guardar distância de segurança";"Colisão traseira";"Com Vítimas Feridas";"Pleno dia";"Crescente";"Céu Claro";"Simples";"Reta";"Sim";2;0;1;0;1;0;1;2;-24,71542381;-53,71309781;"SPRF-PR";"DEL06-PR";"UOP02-DEL06-PR"
104502;2018-01-19;"sexta-feira";"06:25:00";"MG";381;627,4;"OLIVEIRA";"Condutor Dormindo";"Saída de leito carroçável";"Sem Vítimas";"Amanhecer";"Crescente";"Céu Claro";"Dupla";"Reta;Aclive";"Não";1;0;0;0;1;0;0;1;-20,81702095;-44,79664179;"SPRF-MG";"DEL04-MG";"UOP01-DEL04-MG"
104505;2018-01-19;"sexta-feira";"07:30:00";"MG";381;734,9;"CARMO DA CACHOEIRA";"Mal Súbito";"Saída de leito carroçável";"Sem Vítimas";"Pleno dia";"Crescente";"Céu Claro";"Dupla";"Reta";"Não";2;0;0;0;1;2;0;3;-21,53418567;-45,23308349;"SPRF-MG";"DEL04-MG";"UOP02-DEL04-MG"
104506;2018-01-19;"sexta-feira";"07:40:00";"GO";153;504,2;"APARECIDA DE GOIANIA";"Falta de Atenção à Condução";"Colisão lateral";"Com Vítimas Feridas";"Pleno dia";"Decrescente";"Céu Claro";"Dupla";"Reta";"Sim";2;0;0;1;1;0;1;2;-16,73205735;-49,2436409;"SPRF-GO";"DEL01-GO";"UOP01-DEL01-GO"
104508;2018-01-19;"sexta-feira";"07:25:00";"PR";376;488,5;"PONTA GROSSA";"Falta de Atenção à Condução";"Colisão lateral";"Com Vítimas Feridas";"Pleno dia";"Crescente";"Nublado";"Dupla";"Reta";"Sim";3;0;1;0;1;1;1;3;-25,086007;-50,19284248;"SPRF-PR";"DEL03-PR";"UOP04-DEL03-PR"
104513;2018-01-19;"sexta-feira";"05:00:00";"MA";226;574,5;"PORTO FRANCO";"Condutor Dormindo";"Saída de leito carroçável";"Com Vítimas Feridas";"Amanhecer";"Crescente";"Nublado";"Simples";"Declive";"Não";2;0;1;0;0;2;1;3;-6,36196091;-47,34798431;"SPRF-MA";"DEL04-MA";"UOP02-DEL04-MA"
104515;2018-01-19;"sexta-feira";"08:20:00";"RJ";101;265,9;"RIO BONITO";"Falta de Atenção à Condução";"Tombamento";"Com Vítimas Feridas";"Pleno dia";"Crescente";"Sol";"Dupla";"Curva";"Sim";2;0;1;0;0;1;1;2;-22,70895985;-42,65083927;"SPRF-RJ";"DEL02-RJ";"UOP03-DEL02-RJ"
104516;2018-01-19;"sexta-feira";"07:00:00";"MG";262;91;"ABRE CAMPO";"Defeito Mecânico no Veículo";"Saída de leito carroçável";"Sem Vítimas";"Amanhecer";"Crescente";"Céu Claro";"Simples";"Reta";"Não";2;0;0;0;2;0;0;1;-20,33057311;-42,47285485;"SPRF-MG";"DEL03-MG";"UOP03-DEL03-MG"
104526;2018-01-19;"sexta-feira";"07:20:00";"PR";376;488,5;"PONTA GROSSA";"Falta de Atenção à Condução";"Colisão lateral";"Com Vítimas Feridas";"Pleno dia";"Crescente";"Nublado";"Dupla";"Reta;Declive";"Não";2;0;0;1;0;1;1;2;-25,08553088;-50,19225508;"SPRF-PR";"DEL03-PR";"UOP04-DEL03-PR"
104529;2018-01-19;"sexta-feira";"09:00:00";"SP";116;227;"SAO PAULO";"Falta de Atenção à Condução";"Colisão lateral";"Com Vítimas Feridas";"Pleno dia";"Crescente";"Céu Claro";"Múltipla";"Reta";"Sim";2;0;1;0;1;0;1;2;-23,50124568;-46,56434155;"SPRF-SP";"DEL01-SP";"UOP01-DEL01-SP"
104530;2018-01-19;"sexta-feira";"08:40:00";"MG";40;530;"CONTAGEM";"Ultrapassagem Indevida";"Colisão lateral";"Com Vítimas Feridas";"Pleno dia";"Crescente";"Céu Claro";"Dupla";"Curva";"Sim";2;0;1;0;1;0;1;2;-19,91908007;-44,02658612;"SPRF-MG";"DEL01-MG";"UOP03-DEL01-MG"
104533;2018-01-19;"sexta-feira";"08:15:00";"CE";20;20,2;"MARACANAU";"Pista Escorregadia";"Colisão transversal";"Com Vítimas Feridas";"Pleno dia";"Crescente";"Nublado";"Simples";"Declive";"Não";3;0;1;0;1;2;1;4;-3,813829;-38,634709;"SPRF-CE";"DEL02-CE";"UOP02-DEL02-CE"
104541;2018-01-15;"segunda-feira";"14:30:00";"SC";282;131;"CHAPECO";"Falta de Atenção à Condução";"Saída de leito carroçável";"Sem Vítimas";"Pleno dia";"Decrescente";"Chuva";"Dupla";"Reta";"Sim";2;0;0;0;1;1;0;2;-27,06340609;-52,6319012;"SPRF-SC";"DEL05-SC";"UOP01-DEL05-SC"
104551;2018-01-19;"sexta-feira";"09:45:00";"PA";316;5;"ANANINDEUA";"Defeito na Via";"Colisão lateral";"Com Vítimas Feridas";"Pleno dia";"Crescente";"Céu Claro";"Múltipla";"Reta";"Sim";3;0;0;2;1;0;2;2;-1,3659343;-48,3726;"SPRF-PA";"DEL01-PA";"DEL19/1-UOP05/PA"
104552;2018-01-19;"sexta-feira";"09:40:00";"RJ";116;180;"NOVA IGUACU";"Falta de Atenção à Condução";"Colisão traseira";"Sem Vítimas";"Pleno dia";"Decrescente";"Sol";"Dupla";"Reta";"Sim";3;0;0;0;3;0;0;3;-22,74230625;-43,45401764;"SPRF-RJ";"DEL01-RJ";"UOP02-DEL01-RJ"
104557;2018-01-19;"sexta-feira";"10:30:00";"MT";163;56;"RONDONOPOLIS";"Carga excessiva e/ou mal acondicionada";"Tombamento";"Sem Vítimas";"Pleno dia";"Crescente";"Céu Claro";"Simples";"Retorno Regulamentado";"Não";2;0;0;0;1;2;0;3;-17,021475;-54,762337;"SPRF-MT";"DEL02-MT";"DEL2/2-UOP02/MT"
104558;2018-01-19;"sexta-feira";"10:20:00";"PE";407;129;"PETROLINA";"Defeito Mecânico no Veículo";"Colisão lateral";"Sem Vítimas";"Pleno dia";"Crescente";"Céu Claro";"Dupla";"Reta";"Sim";3;0;0;0;3;0;0;3;-9,3588367;-40,4806429;"SPRF-PE";"DEL06-PE";"UOP01-DEL06-PE"
104560;2018-01-19;"sexta-feira";"08:45:00";"RO";364;422;"JARU";"Falta de Atenção à Condução";"Colisão lateral";"Sem Vítimas";"Pleno dia";"Decrescente";"Céu Claro";"Simples";"Reta";"Sim";3;0;0;0;2;3;0;5;-10,459743;-62,455811;"SPRF-RO";"DEL03-RO";"UOP02-DEL03-RO"
104561;2018-01-19;"sexta-feira";"12:15:00";"PR";277;5,6;"PARANAGUA";"Falta de Atenção à Condução";"Saída de leito carroçável";"Sem Vítimas";"Pleno dia";"Crescente";"Céu Claro";"Dupla";"Reta";"Sim";2;0;0;0;1;1;0;2;-25,55707714;-48,56800854;"SPRF-PR";"DEL01-PR";"UOP05-DEL01-PR"
104566;2018-01-19;"sexta-feira";"12:00:00";"GO";20;204;"POSSE";"Defeito Mecânico no Veículo";"Saída de leito carroçável";"Sem Vítimas";"Pleno dia";"Crescente";"Céu Claro";"Simples";"Reta";"Não";2;0;0;0;1;2;0;3;-14,290096;-46,428474;"SPRF-DF";"DEL02-DF";"UOP03-DEL02-DF"
104571;2018-01-19;"sexta-feira";"13:00:00";"RJ";393;178;"PARAIBA DO SUL";"Falta de Atenção à Condução";"Colisão traseira";"Sem Vítimas";"Pleno dia";"Crescente";"Céu Claro";"Simples";"Reta";"Não";2;0;0;0;2;0;0;2;-22,13466328;-43,24898958;"SPRF-RJ";"DEL05-RJ";"UOP03-DEL05-RJ"
104573;2018-01-19;"sexta-feira";"13:00:00";"MG";116;308;"ITAMBACURI";"Falta de Atenção à Condução";"Saída de leito carroçável";"Com Vítimas Feridas";"Pleno dia";"Crescente";"Céu Claro";"Simples";"Reta";"Não";2;0;1;0;0;1;1;2;-18,031582;-41,685352;"SPRF-MG";"DEL11-MG";"UOP01-DEL11-MG"
104574;2018-01-19;"sexta-feira";"07:30:00";"MT";70;263;"PRIMAVERA DO LESTE";"Carga excessiva e/ou mal acondicionada";"Capotamento";"Com Vítimas Feridas";"Pleno dia";"Decrescente";"Céu Claro";"Simples";"Reta";"Não";2;0;1;0;0;1;1;2;-15,579556;-54,19062;"SPRF-MT";"DEL05-MT";"UOP01-DEL05-MT"
104575;2018-01-19;"sexta-feira";"11:30:00";"CE";116;6;"FORTALEZA";"Falta de Atenção à Condução";"Colisão traseira";"Com Vítimas Feridas";"Pleno dia";"Crescente";"Céu Claro";"Múltipla";"Reta";"Sim";2;0;0;1;1;0;1;2;-3,80569929;-38,50278854;"SPRF-CE";"DEL01-CE";"UOP02-DEL01-CE"
104579;2018-01-19;"sexta-feira";"09:30:00";"MT";163;983;"TERRA NOVA DO NORTE";"Objeto estático sobre o leito carroçável";"Saída de leito carroçável";"Sem Vítimas";"Pleno dia";"Crescente";"Céu Claro";"Simples";"Declive";"Não";2;0;0;0;1;2;0;3;-10,517362;-55,231255;"SPRF-MT";"DEL06-MT";"UOP02-DEL06-MT"
104581;2018-01-19;"sexta-feira";"13:40:00";"PR";158;221;"CAMPO MOURAO";"Falta de Atenção à Condução";"Colisão lateral";"Com Vítimas Feridas";"Pleno dia";"Crescente";"Céu Claro";"Simples";"Reta";"Não";4;0;1;1;1;1;2;4;-24,070397;-52,353501;"SPRF-PR";"DEL04-PR";"UOP03-DEL09-PR"
104588;2018-01-17;"quarta-feira";"11:15:00";"RJ";40;109;"DUQUE DE CAXIAS";"Carga excessiva e/ou mal acondicionada";"Tombamento";"Sem Vítimas";"Pleno dia";"Crescente";"Céu Claro";"Simples";"Curva";"Não";2;0;0;0;1;1;0;2;-22,67105081;-43,28484535;"SPRF-RJ";"DEL01-RJ";"UOP01-DEL01-RJ"
104589;2018-01-19;"sexta-feira";"10:55:00";"RO";319;63,4;"PORTO VELHO";"Falta de Atenção à Condução";"Colisão transversal";"Sem Vítimas";"Pleno dia";"Decrescente";"Céu Claro";"Dupla";"Reta";"Sim";3;0;0;0;3;0;0;2;-8,76094099;-63,88522983;"SPRF-RO";"DEL01-RO";"UOP01-DEL01-RO"
104591;2018-01-19;"sexta-feira";"14:20:00";"MG";381;908,2;"CAMBUI";"Velocidade Incompatível";"Saída de leito carroçável";"Sem Vítimas";"Pleno dia";"Decrescente";"Chuva";"Dupla";"Curva";"Não";2;0;0;0;1;1;0;2;-22,68476157;-46,10238078;"SPRF-MG";"DEL16-MG";"UOP03-DEL16-MG"
104593;2018-01-19;"sexta-feira";"14:00:00";"PR";376;490,4;"PONTA GROSSA";"Velocidade Incompatível";"Saída de leito carroçável";"Sem Vítimas";"Pleno dia";"Crescente";"Nublado";"Dupla";"Reta";"Sim";1;0;0;0;1;0;0;1;-25,10382634;-50,19627571;"SPRF-PR";"DEL03-PR";"UOP04-DEL03-PR"
104595;2018-01-19;"sexta-feira";"14:13:00";"DF";60;13,3;"BRASILIA";"Falta de Atenção à Condução";"Colisão lateral";"Com Vítimas Feridas";"Pleno dia";"Decrescente";"Nublado";"Dupla";"Reta";"Não";3;0;1;0;1;2;1;4;-15,7784;-47,9286;"SPRF-DF";"DEL01-DF";"UOP01-DEL03-DF"
104598;2018-01-19;"sexta-feira";"14:00:00";"SC";101;0,8;"GARUVA";"Defeito Mecânico no Veículo";"Colisão com objeto estático";"Com Vítimas Feridas";"Pleno dia";"Crescente";"Chuva";"Dupla";"Reta";"Não";3;0;2;0;0;1;2;2;-25,98278908;-48,88587611;"SPRF-SC";"DEL03-SC";"UOP01-DEL03-SC"
104602;2018-01-19;"sexta-feira";"13:20:00";"ES";101;330,1;"GUARAPARI";"Falta de Atenção à Condução";"Colisão traseira";"Com Vítimas Feridas";"Pleno dia";"Crescente";"Céu Claro";"Simples";"Curva";"Sim";4;0;2;0;2;0;2;2;-20,66715;-40,49785;"SPRF-ES";"DEL03-ES";"UOP01-DEL03-ES"
104606;2018-01-19;"sexta-feira";"13:50:00";"MG";116;16;"AGUAS VERMELHAS";"Defeito Mecânico no Veículo";"Colisão lateral";"Sem Vítimas";"Pleno dia";"Decrescente";"Céu Claro";"Simples";"Reta";"Sim";4;0;0;0;1;4;0;5;-15,811852;-41,381606;"SPRF-BA";"DEL08-BA";"UOP03-DEL08-BA"
104610;2018-01-19;"sexta-feira";"14:15:00";"MS";262;49,5;"TRES LAGOAS";"Falta de Atenção à Condução";"Tombamento";"Com Vítimas Feridas";"Pleno dia";"Crescente";"Sol";"Simples";"Aclive";"Não";2;0;1;0;1;0;1;1;-20,75165936;-52,05987705;"SPRF-MS";"DEL07-MS";"UOP01-DEL07-MS"
104612;2018-01-19;"sexta-feira";"14:25:00";"MG";381;713,3;"CARMO DA CACHOEIRA";"Defeito Mecânico no Veículo";"Colisão com objeto estático";"Sem Vítimas";"Pleno dia";"Decrescente";"Céu Claro";"Dupla";"Reta";"Não";2;0;0;0;1;1;0;2;-21,3797327;-45,19461147;"SPRF-MG";"DEL04-MG";"UOP02-DEL04-MG"
104616;2018-01-19;"sexta-feira";"15:50:00";"RS";470;217,8;"BENTO GONCALVES";"Falta de Atenção à Condução";"Colisão transversal";"Com Vítimas Feridas";"Pleno dia";"Crescente";"Céu Claro";"Simples";"Curva";"Sim";6;0;1;0;5;0;1;3;-29,17798122;-51,51843309;"SPRF-RS";"DEL06-RS";"UOP01-DEL06-RS"
104620;2018-01-19;"sexta-feira";"14:00:00";"BA";116;849,8;"VITORIA DA CONQUISTA";"Ultrapassagem Indevida";"Colisão lateral";"Sem Vítimas";"Pleno dia";"Crescente";"Sol";"Simples";"Reta";"Não";3;0;0;0;2;1;0;3;-15,054604;-40,981208;"SPRF-BA";"DEL08-BA";"UOP03-DEL08-BA"
104634;2018-01-19;"sexta-feira";"16:30:00";"MG";381;872,5;"ESTIVA";"Velocidade Incompatível";"Saída de leito carroçável";"Com Vítimas Feridas";"Pleno dia";"Crescente";"Chuva";"Dupla";"Reta;Declive";"Não";2;0;1;0;0;1;1;2;-22,41007634;-45,96192598;"SPRF-MG";"DEL16-MG";"UOP01-DEL16-MG"
104638;2018-01-19;"sexta-feira";"16:40:00";"SP";116;145,4;"SAO JOSE DOS CAMPOS";"Não guardar distância de segurança";"Engavetamento";"Sem Vítimas";"Pleno dia";"Crescente";"Chuva";"Dupla";"Reta";"Sim";6;0;0;0;6;0;0;6;-23,18871848;-45,85827645;"SPRF-SP";"DEL02-SP";"UOP01-DEL02-SP"
104643;2018-01-19;"sexta-feira";"17:20:00";"PR";376;653;"TIJUCAS DO SUL";"Velocidade Incompatível";"Saída de leito carroçável";"Sem Vítimas";"Pleno dia";"Decrescente";"Chuva";"Dupla";"Curva";"Não";1;0;0;0;1;0;0;1;-25,928534;-49,199314;"SPRF-PR";"DEL01-PR";"DEL7/1-UOP08/PR"
104646;2018-01-19;"sexta-feira";"12:40:00";"RO";435;34;"VILHENA";"Defeito Mecânico no Veículo";"Derramamento de carga";"Com Vítimas Feridas";"Pleno dia";"Decrescente";"Sol";"Dupla";"Curva;Aclive";"Não";2;0;1;0;0;2;1;3;-12,839409;-60,375942;"SPRF-RO";"DEL04-RO";"UOP02-DEL04-RO"
104658;2018-01-19;"sexta-feira";"17:00:00";"PE";101;41;"IGARASSU";"Falta de Atenção do Pedestre";"Atropelamento de Pedestre";"Com Vítimas Fatais";"Anoitecer";"Crescente";"Chuva";"Dupla";"Reta";"Sim";4;3;0;0;1;0;0;2;-7,833006;-34,91359055;"SPRF-PE";"DEL01-PE";"UOP02-DEL01-PE"
104661;2018-01-19;"sexta-feira";"17:00:00";"MG";381;516,3;"IGARAPE";"Ingestão de Álcool";"Colisão lateral";"Sem Vítimas";"Pleno dia";"Crescente";"Sol";"Dupla";"Curva;Aclive";"Não";2;0;0;0;1;1;0;2;-20,10097444;-44,31942701;"SPRF-MG";"DEL01-MG";"UOP03-DEL01-MG"
104669;2018-01-19;"sexta-feira";"17:30:00";"MG";262;398;"PARA DE MINAS";"Falta de Atenção à Condução";"Saída de leito carroçável";"Com Vítimas Feridas";"Pleno dia";"Crescente";"Céu Claro";"Dupla";"Reta";"Não";2;0;1;0;0;1;1;2;-19,89153013;-44,58185434;"SPRF-MG";"DEL01-MG";"UOP03-DEL01-MG"
104672;2018-01-19;"sexta-feira";"17:40:00";"MG";381;586,1;"CARMOPOLIS DE MINAS";"Velocidade Incompatível";"Colisão com objeto em movimento";"Sem Vítimas";"Pleno dia";"Decrescente";"Sol";"Dupla";"Curva";"Não";4;0;0;0;3;1;0;4;-20,5331;-44,639;"SPRF-MG";"DEL04-MG";"UOP01-DEL04-MG"
104676;2018-01-19;"sexta-feira";"14:40:00";"SC";280;100;"SAO BENTO DO SUL";"Falta de Atenção à Condução";"Colisão traseira";"Com Vítimas Feridas";"Pleno dia";"Crescente";"Nublado";"Simples";"Reta";"Não";2;0;0;1;1;0;1;2;-26,371477;-49,330688;"SPRF-SC";"DEL06-SC";"UOP03-DEL06-SC"
104679;2018-01-19;"sexta-feira";"18:10:00";"PR";116;114,9;"CURITIBA";"Não guardar distância de segurança";"Engavetamento";"Com Vítimas Feridas";"Plena Noite";"Crescente";"Chuva";"Dupla";"Reta";"Sim";6;0;1;0;4;2;1;6;-25,54494726;-49,2999503;"SPRF-PR";"DEL01-PR";"UOP01-DEL01-PR"