"id";"data_inversa";"dia_semana";"horario";"uf";"br";"km";"municipio";"causa_acidente";"tipo_acidente";"classificacao_acidente";"fase_dia";"sentido_via";"condicao_metereologica";"tipo_pista";"tracado_via";"uso_solo";"pessoas";"mortos";"feridos_leves";"feridos_graves";"ilesos";"ignorados";"feridos";"veiculos";"latitude";"longitude";"regional";"delegacia";"uop"
104680;2018-01-19;"sexta-feira";"18:45:00";"PR";369;153,8;"LONDRINA";"Desobediência às normas de trânsito pelo condutor";"Colisão transversal";"Com Vítimas Feridas";"Pleno dia";"Crescente";"Nublado";"Dupla";"Interseção de Vias";"Sim";2;0;1;0;1;0;1;2;-23,297949;-51,196541;"SPRF-PR";"DEL07-PR";"UOP01-DEL07-PR"
104681;2018-01-19;"sexta-feira";"18:00:00";"GO";20;3,3;"FORMOSA";"Ingestão de Álcool";"Saída de leito carroçável";"Sem Vítimas";"Pleno dia";"Crescente";"Céu Claro";"Simples";"Reta";"Não";3;0;0;0;1;2;0;3;-15,56598343;-47,31863022;"SPRF-DF";"DEL02-DF";"UOP01-DEL02-DF"
104684;2018-01-19;"sexta-feira";"17:00:00";"MT";364;257,7;"JUSCIMEIRA";"Falta de Atenção à Condução";"Colisão traseira";"Sem Vítimas";"Pleno dia";"Crescente";"Céu Claro";"Simples";"Reta";"Não";3;0;0;0;2;5;0;7;-16,05894474;-54,88243706;"SPRF-MT";"DEL02-MT";"UOP01-DEL02-MT"
104686;2018-01-19;"sexta-feira";"17:05:00";"MG";381;448,9;"SANTA LUZIA";"Falta de Atenção à Condução";"Colisão traseira";"Com Vítimas Feridas";"Pleno dia";"Crescente";"Céu Claro";"Simples";"Curva";"Sim";7;0;1;0;5;2;1;8;-19,81908654;-43,81157756;"SPRF-MG";"DEL01-MG";"UOP01-DEL01-MG"
104688;2018-01-19;"sexta-feira";"16:20:00";"SC";282;290,9;"SAO JOSE DO CERRITO";"Mal Súbito";"Saída de leito carroçável";"Sem Vítimas";"Pleno dia";"Crescente";"Céu Claro";"Simples";"Reta";"Não";1;0;0;0;1;0;0;1;-27,55094185;-50,84616154;"SPRF-SC";"DEL05-SC";"UOP02-DEL05-SC"
104700;2018-01-19;"sexta-feira";"18:20:00";"SC";282;54,2;"AGUAS MORNAS";"Falta de Atenção à Condução";"Colisão lateral";"Sem Vítimas";"Pleno dia";"Crescente";"Céu Claro";"Simples";"Curva";"Não";3;0;0;0;2;3;0;5;-27,68762692;-48,975631;"SPRF-SC";"DEL01-SC";"UOP03-DEL01-SC"
104701;2018-01-19;"sexta-feira";"19:30:00";"MG";267;132,3;"JUIZ DE FORA";"Velocidade Incompatível";"Tombamento";"Com Vítimas Feridas";"Plena Noite";"Decrescente";"Céu Claro";"Simples";"Curva";"Não";2;0;1;0;0;1;1;2;-21,764648;-43,35065;"SPRF-MG";"DEL05-MG";"UOP01-DEL05-MG"
104704;2018-01-19;"sexta-feira";"19:15:00";"PE";101;102;"CABO DE SANTO AGOSTINHO";"Pista Escorregadia";"Saída de leito carroçável";"Sem Vítimas";"Plena Noite";"Decrescente";"Chuva";"Dupla";"Reta";"Não";2;0;0;0;1;1;0;2;-8,285452;-35,058605;"SPRF-PE";"DEL01-PE";"UOP03-DEL01-PE"
104709;2018-01-14;"domingo";"21:10:00";"PR";277;36;"MORRETES";"Velocidade Incompatível";"Colisão traseira";"Com Vítimas Feridas";"Plena Noite";"Decrescente";"Chuva";"Dupla";"Curva;Declive";"Não";12;0;4;1;6;3;5;11;-25,477423;-48,834866;"SPRF-PR";"DEL01-PR";"UOP05-DEL01-PR"
104711;2018-01-19;"sexta-feira";"15:15:00";"PR";476;219,9;"LAPA";"Objeto estático sobre o leito carroçável";"Colisão traseira";"Sem Vítimas";"Pleno dia";"Crescente";"Céu Claro";"Simples";"Reta";"Não";3;0;0;0;2;2;0;4;-25,82305564;-49,91745487;"SPRF-PR";"DEL02-PR";"UOP04-DEL02-PR"
104712;2018-01-19;"sexta-feira";"20:05:00";"PR";373;183,4;"PONTA GROSSA";"Desobediência às normas de trânsito pelo condutor";"Colisão transversal";"Com Vítimas Feridas";"Pleno dia";"Decrescente";"Nublado";"Dupla";"Interseção de Vias";"Não";6;0;4;0;2;0;4;2;-25,03949352;-50,27827352;"SPRF-PR";"DEL03-PR";"UOP01-DEL03-PR"
104719;2018-01-19;"sexta-feira";"20:50:00";"MG";153;58;"MONTE ALEGRE DE MINAS";"Velocidade Incompatível";"Capotamento";"Com Vítimas Fatais";"Plena Noite";"Crescente";"Céu Claro";"Dupla";"Rotatória";"Não";2;1;0;1;0;0;1;1;-18,87997559;-49,05807495;"SPRF-MG";"DEL15-MG";"UOP03-DEL15-MG"
104722;2018-01-19;"sexta-feira";"17:35:00";"MG";381;936,8;"EXTREMA";"Falta de Atenção à Condução";"Colisão lateral";"Sem Vítimas";"Pleno dia";"Crescente";"Chuva";"Dupla";"Curva";"Sim";3;0;0;0;2;1;0;3;-22,80918287;-46,27744649;"SPRF-MG";"DEL16-MG";"UOP03-DEL16-MG"
104724;2018-01-15;"segunda-feira";"21:45:00";"MS";262;118,1;"AGUA CLARA";"Defeito Mecânico no Veículo";"Colisão frontal";"Com Vítimas Feridas";"Plena Noite";"Crescente";"Nublado";"Simples";"Declive";"Não";2;0;0;2;0;0;2;2;-20,50528035;-52,66745796;"SPRF-MS";"DEL07-MS";"UOP02-DEL07-MS"
104726;2018-01-19;"sexta-feira";"13:00:00";"BA";101;715,5;"EUNAPOLIS";"Falta de Atenção à Condução";"Colisão transversal";"Com Vítimas Feridas";"Pleno dia";"Crescente";"Céu Claro";"Simples";"Reta";"Sim";3;0;0;1;2;0;1;2;-16,35109743;-39,57995026;"SPRF-BA";"DEL09-BA";"UOP01-DEL09-BA"
104727;2018-01-19;"sexta-feira";"20:30:00";"PR";116;91;"PIRAQUARA";"Pista Escorregadia";"Colisão lateral";"Com Vítimas Feridas";"Plena Noite";"Crescente";"Chuva";"Dupla";"Reta";"Não";4;0;1;1;1;1;2;3;-25,50123518;-49,12090302;"SPRF-PR";"DEL01-PR";"UOP07-DEL01-PR"
104728;2018-01-19;"sexta-feira";"20:10:00";"PE";101;64;"RECIFE";"Falta de Atenção do Pedestre";"Atropelamento de Pedestre";"Com Vítimas Feridas";"Plena Noite";"Crescente";"Nublado";"Dupla";"Reta";"Não";2;0;1;0;1;0;1;2;-8,03029225;-34,94288588;"SPRF-PE";"DEL01-PE";"UOP01-DEL01-PE"
104730;2018-01-19;"sexta-feira";"20:15:00";"MG";381;356;"JOAO MONLEVADE";"Falta de Atenção à Condução";"Saída de leito carroçável";"Sem Vítimas";"Plena Noite";"Decrescente";"Céu Claro";"Simples";"Reta";"Sim";2;0;0;0;2;0;0;2;-19,8092;-43,1737;"SPRF-MG";"DEL03-MG";"UOP01-DEL03-MG"
104731;2018-01-19;"sexta-feira";"14:15:00";"MT";70;694;"CACERES";"Pista Escorregadia";"Colisão frontal";"Com Vítimas Fatais";"Pleno dia";"Crescente";"Chuva";"Simples";"Curva;Aclive";"Não";2;1;0;0;1;0;0;2;-16,25277636;-57,46537864;"SPRF-MT";"DEL03-MT";"UOP01-DEL03-MT"
104732;2018-01-19;"sexta-feira";"20:55:00";"PR";376;170,8;"MARINGA";"Falta de Atenção à Condução";"Colisão transversal";"Sem Vítimas";"Plena Noite";"Crescente";"Nublado";"Dupla";"Rotatória";"Sim";3;0;0;0;2;3;0;5;-23,41020451;-51,98740339;"SPRF-PR";"DEL07-PR";"UOP01-DEL09-PR"
104734;2018-01-19;"sexta-feira";"20:00:00";"CE";222;306;"TIANGUA";"Velocidade Incompatível";"Saída de leito carroçável";"Sem Vítimas";"Plena Noite";"Crescente";"Nublado";"Simples";"Curva";"Não";2;0;0;0;1;1;0;2;-3,6952724;-40,9716128;"SPRF-CE";"DEL04-CE";"UOP02-DEL04-CE"
104741;2018-01-19;"sexta-feira";"17:05:00";"MT";364;562;"NOBRES";"Falta de Atenção à Condução";"Saída de leito carroçável";"Sem Vítimas";"Pleno dia";"Crescente";"Chuva";"Dupla";"Reta";"Não";2;0;0;0;1;3;0;4;-14,780396;-56,369183;"SPRF-MT";"DEL01-MT";"UOP01-DEL01-MT"
104743;2018-01-19;"sexta-feira";"18:00:00";"MG";381;247;"SANTANA DO PARAISO";"Não guardar distância de segurança";"Colisão traseira";"Com Vítimas Feridas";"Pleno dia";"Crescente";"Céu Claro";"Simples";"Reta";"Não";4;0;1;0;3;0;1;3;-19,43204401;-42,50614643;"SPRF-MG";"DEL06-MG";"UOP01-DEL06-MG"
104744;2018-01-19;"sexta-feira";"22:50:00";"PR";116;93;"SAO JOSE DOS PINHAIS";"Desobediência às normas de trânsito pelo condutor";"Colisão traseira";"Com Vítimas Feridas";"Plena Noite";"Decrescente";"Chuva";"Dupla";"Reta";"Não";2;0;0;1;1;0;1;2;-25,51955909;-49,13392693;"SPRF-PR";"DEL01-PR";"UOP07-DEL01-PR"
104745;2018-01-19;"sexta-feira";"21:00:00";"TO";153;603,7;"CRIXAS DO TOCANTINS";"Defeito Mecânico no Veículo";"Incêndio";"Sem Vítimas";"Plena Noite";"Crescente";"Céu Claro";"Simples";"Reta";"Não";2;0;0;0;1;1;0;2;-11,128633;-48,923149;"SPRF-TO";"DEL02-TO";"UOP02-DEL01-TO"
104746;2018-01-19;"sexta-feira";"23:00:00";"PR";277;199,2;"PALMEIRA";"Falta de Atenção à Condução";"Saída de leito carroçável";"Sem Vítimas";"Plena Noite";"Decrescente";"Chuva";"Simples";"Reta";"Não";2;0;0;0;1;1;0;2;-25,42992;-50,006817;"SPRF-PR";"DEL03-PR";"UOP02-DEL08-PR"
104755;2018-01-19;"sexta-feira";"23:00:00";"RS";290;86,6;"PORTO ALEGRE";"Defeito Mecânico no Veículo";"Colisão traseira";"Sem Vítimas";"Plena Noite";"Crescente";"Céu Claro";"Dupla";"Reta";"Não";4;0;0;0;4;0;0;2;-29,96787327;-51,12321496;"SPRF-RS";"DEL01-RS";"UOP01-DEL01-RS"
104766;2018-01-19;"sexta-feira";"23:00:00";"MG";365;702;"MONTE ALEGRE DE MINAS";"Falta de Atenção à Condução";"Tombamento";"Sem Vítimas";"Plena Noite";"Decrescente";"Céu Claro";"Dupla";"Reta";"Não";2;0;0;0;1;1;0;2;-18,8802;-48,9993;"SPRF-MG";"DEL15-MG";"UOP03-DEL15-MG"
104767;2018-01-20;"sábado";"00:20:00";"BA";101;367;"GANDU";"Falta de Atenção à Condução";"Colisão lateral";"Sem Vítimas";"Plena Noite";"Crescente";"Céu Claro";"Simples";"Reta";"Sim";2;0;0;0;1;1;0;2;-13,7511868;-39,4882199;"SPRF-BA";"DEL05-BA";"UOP03-DEL05-BA"
104769;2018-01-20;"sábado";"00:40:00";"RS";116;474,9;"CAMAQUA";"Falta de Atenção à Condução";"Colisão traseira";"Sem Vítimas";"Plena Noite";"Decrescente";"Céu Claro";"Simples";"Reta";"Não";2;0;0;0;2;0;0;2;-30,8502;-51,8125;"SPRF-RS";"DEL07-RS";"UOP01-DEL07-RS"
104770;2018-01-20;"sábado";"00:10:00";"RN";110;46,8;"MOSSORO";"Falta de Atenção à Condução";"Colisão traseira";"Sem Vítimas";"Plena Noite";"Decrescente";"Céu Claro";"Simples";"Reta";"Sim";2;0;0;0;2;0;0;2;-5,18804;-37,3441;"SPRF-RN";"DEL04-RN";"UOP01-DEL04-RN"
104779;2018-01-20;"sábado";"02:20:00";"ES";101;169;"ARACRUZ";"Condutor Dormindo";"Saída de leito carroçável";"Com Vítimas Feridas";"Plena Noite";"Crescente";"Céu Claro";"Simples";"Reta";"Não";1;0;1;0;0;0;1;1;-19,820759;-40,273678;"SPRF-ES";"DEL04-ES";"UOP01-DEL04-ES"
104782;2018-01-20;"sábado";"02:00:00";"RJ";116;252;"PIRAI";"Falta de Atenção à Condução";"Colisão traseira";"Com Vítimas Feridas";"Plena Noite";"Decrescente";"Nublado";"Simples";"Curva";"Não";4;0;1;0;2;1;1;2;-22,6604497;-43,8351945;"SPRF-RJ";"DEL07-RJ";"UOP02-DEL07-RJ"
104784;2018-01-20;"sábado";"02:50:00";"MG";40;466;"SETE LAGOAS";"Condutor Dormindo";"Colisão traseira";"Com Vítimas Feridas";"Plena Noite";"Crescente";"Céu Claro";"Dupla";"Aclive";"Não";3;0;1;0;1;1;1;3;-19,4745674;-44,2917711;"SPRF-MG";"DEL02-MG";"UOP01-DEL02-MG"
104785;2018-01-20;"sábado";"03:45:00";"RJ";393;248,9;"BARRA DO PIRAI";"Condutor Dormindo";"Colisão frontal";"Com Vítimas Feridas";"Plena Noite";"Crescente";"Nublado";"Simples";"Curva";"Não";5;0;1;0;2;2;1;4;-22,439171;-43,78299;"SPRF-RJ";"DEL05-RJ";"UOP04-DEL05-RJ"
104789;2018-01-20;"sábado";"03:40:00";"MT";364;139,1;"PEDRA PRETA";"Falta de Atenção à Condução";"Tombamento";"Sem Vítimas";"Plena Noite";"Crescente";"Céu Claro";"Simples";"Curva";"Não";2;0;0;0;1;1;0;2;-16,808228;-54,08886;"SPRF-MT";"DEL02-MT";"UOP01-DEL02-MT"
104795;2018-01-20;"sábado";"05:45:00";"MG";262;83;"ABRE CAMPO";"Falta de Atenção à Condução";"Colisão traseira";"Com Vítimas Feridas";"Amanhecer";"Crescente";"Céu Claro";"Simples";"Reta";"Não";3;0;1;1;1;0;2;2;-20,33690101;-42,41168976;"SPRF-MG";"DEL03-MG";"UOP03-DEL03-MG"
104797;2018-01-20;"sábado";"04:30:00";"SP";116;549;"BARRA DO TURVO";"Velocidade Incompatível";"Saída de leito carroçável";"Com Vítimas Feridas";"Amanhecer";"Decrescente";"Nublado";"Dupla";"Curva";"Não";1;0;1;0;0;0;1;1;-24,756866;-48,50514;"SPRF-SP";"DEL05-SP";"UOP02-DEL05-SP"
104799;2018-01-20;"sábado";"03:40:00";"MA";135;170;"SAO MATEUS DO MARANHAO";"Animais na Pista";"Colisão frontal";"Com Vítimas Fatais";"Plena Noite";"Crescente";"Céu Claro";"Simples";"Reta";"Não";3;1;1;1;0;0;2;2;-4,0396;-44,4673;"SPRF-MA";"DEL01-MA";"UOP02-DEL01-MA"
104800;2018-01-20;"sábado";"06:30:00";"RS";293;136,8;"CANDIOTA";"Falta de Atenção à Condução";"Colisão lateral";"Sem Vítimas";"Amanhecer";"Crescente";"Céu Claro";"Simples";"Reta";"Sim";2;0;0;0;1;1;0;2;-31,47050837;-53,65421585;"SPRF-RS";"DEL11-RS";"UOP03-DEL11-RS"
104801;2018-01-20;"sábado";"05:45:00";"PI";316;308;"PICOS";"Falta de Atenção à Condução";"Colisão frontal";"Com Vítimas Feridas";"Amanhecer";"Crescente";"Nublado";"Múltipla";"Reta";"Sim";3;0;0;1;1;1;1;3;-7,07604296;-41,47229433;"SPRF-PI";"DEL04-PI";"UOP01-DEL04-PI"
104808;2018-01-20;"sábado";"03:25:00";"MG";381;771,1;"CAMPANHA";"Condutor Dormindo";"Derramamento de carga";"Sem Vítimas";"Plena Noite";"Decrescente";"Nublado";"Dupla";"Reta";"Não";2;0;0;0;1;1;0;2;-21,76785911;-45,41931295;"SPRF-MG";"DEL16-MG";"UOP02-DEL16-MG"
104809;2018-01-20;"sábado";"06:30:00";"MG";365;494;"PATROCINIO";"Condutor Dormindo";"Colisão frontal";"Com Vítimas Fatais";"Amanhecer";"Decrescente";"Céu Claro";"Simples";"Reta";"Não";3;1;0;0;1;1;0;3;-18,90516;-47,17293;"SPRF-MG";"DEL10-MG";"UOP01-DEL10-MG"
104812;2018-01-20;"sábado";"07:55:00";"MG";153;191,9;"FRUTAL";"Defeito Mecânico no Veículo";"Saída de leito carroçável";"Sem Vítimas";"Pleno dia";"Crescente";"Céu Claro";"Simples";"Reta";"Não";2;0;0;0;1;1;0;2;-20,025185;-48,94096;"SPRF-MG";"DEL13-MG";"UOP02-DEL13-MG"
104817;2018-01-20;"sábado";"02:30:00";"PR";153;236,2;"TIBAGI";"Objeto estático sobre o leito carroçável";"Saída de leito carroçável";"Com Vítimas Feridas";"Plena Noite";"Crescente";"Nublado";"Simples";"Declive;Reta";"Não";2;0;0;1;0;1;1;2;-24,76013056;-50,4700166;"SPRF-PR";"DEL03-PR";"UOP02-DEL03-PR"
104820;2018-01-20;"sábado";"06:20:00";"PI";316;309;"PICOS";"Ingestão de Álcool";"Colisão lateral";"Sem Vítimas";"Pleno dia";"Decrescente";"Céu Claro";"Simples";"Rotatória";"Sim";2;0;0;0;2;0;0;2;-7,0755106;-41,46711767;"SPRF-PI";"DEL04-PI";"UOP01-DEL04-PI"
104823;2018-01-20;"sábado";"07:30:00";"SP";116;272,8;"TABOAO DA SERRA";"Falta de Atenção do Pedestre";"Atropelamento de Pedestre";"Com Vítimas Feridas";"Pleno dia";"Crescente";"Nublado";"Simples";"Reta";"Sim";3;0;0;2;1;0;2;2;-23,6078;-46,7529;"SPRF-SP";"DEL04-SP";"UOP01-DEL04-SP"
104828;2018-01-20;"sábado";"09:30:00";"GO";40;15,3;"LUZIANIA";"Falta de Atenção do Pedestre";"Atropelamento de Pedestre";"Com Vítimas Feridas";"Pleno dia";"Crescente";"Céu Claro";"Dupla";"Reta";"Sim";2;0;1;0;1;0;1;2;-16,17048407;-47,93001294;"SPRF-DF";"DEL01-DF";"UOP01-DEL01-DF"
104843;2018-01-20;"sábado";"10:45:00";"SC";282;5;"SAO JOSE";"Falta de Atenção à Condução";"Colisão lateral";"Com Vítimas Feridas";"Pleno dia";"Crescente";"Sol";"Múltipla";"Reta";"Sim";4;0;2;0;2;0;2;3;-27,588425;-48,612919;"SPRF-SC";"DEL01-SC";"UOP01-DEL01-SC"
104856;2018-01-20;"sábado";"11:30:00";"RS";290;96,2;"PORTO ALEGRE";"Restrição de Visibilidade";"Colisão traseira";"Sem Vítimas";"Pleno dia";"Crescente";"Sol";"Dupla";"Reta";"Sim";2;0;0;0;2;0;0;2;-29,99342972;-51,20533079;"SPRF-RS";"DEL01-RS";"UOP01-DEL01-RS"
104879;2018-01-13;"sábado";"06:20:00";"RO";364;637,8;"CANDEIAS DO JAMARI";"Falta de Atenção à Condução";"Colisão transversal";"Com Vítimas Fatais";"Amanhecer";"Crescente";"Nublado";"Simples";"Reta";"Não";4;1;0;0;2;1;0;3;-9,03039115;-63,41790587;"SPRF-RO";"DEL03-RO";"UOP04-DEL01-RO"
104908;2018-01-20;"sábado";"16:00:00";"GO";153;513;"APARECIDA DE GOIANIA";"Falta de Atenção à Condução";"Colisão traseira";"Com Vítimas Feridas";"Pleno dia";"Crescente";"Céu Claro";"Dupla";"Reta";"Sim";3;0;1;0;2;0;1;2;-16,8244;-49,2421;"SPRF-GO";"DEL01-GO";"UOP03-DEL01-GO"
104933;2018-01-20;"sábado";"17:50:00";"PR";376;651,1;"TIJUCAS DO SUL";"Carga excessiva e/ou mal acondicionada";"Derramamento de carga";"Sem Vítimas";"Pleno dia";"Crescente";"Nublado";"Dupla";"Curva;Aclive";"Não";2;0;0;0;1;1;0;2;-25,84491466;-49,07350302;"SPRF-PR";"DEL01-PR";"DEL7/1-UOP08/PR"
104950;2018-01-20;"sábado";"18:05:00";"RS";153;517,5;"CACAPAVA DO SUL";"Condutor Dormindo";"Saída de leito carroçável";"Com Vítimas Feridas";"Pleno dia";"Decrescente";"Céu Claro";"Simples";"Reta";"Não";1;0;1;0;0;0;1;1;-30,63755764;-53,39798018;"SPRF-RS";"DEL09-RS";"UOP02-DEL09-RS"
104954;2018-01-20;"sábado";"18:45:00";"RJ";116;73,9;"TERESOPOLIS";"Velocidade Incompatível";"Colisão frontal";"Com Vítimas Feridas";"Anoitecer";"Crescente";"Chuva";"Simples";"Curva";"Sim";2;0;0;1;1;0;1;2;-22,35251094;-42,94184178;"SPRF-RJ";"DEL04-RJ";"UOP01-DEL04-RJ"
104957;2018-01-20;"sábado";"19:50:00";"SC";470;191,6;"POUSO REDONDO";"Defeito Mecânico no Veículo";"Tombamento";"Sem Vítimas";"Anoitecer";"Decrescente";"Nublado";"Simples";"Curva";"Não";1;0;0;0;1;0;0;1;-27,28341547;-50,07090122;"SPRF-SC";"DEL04-SC";"UOP02-DEL04-SC"
104962;2018-01-20;"sábado";"17:30:00";"MG";50;21;"UBERLANDIA";"Carga excessiva e/ou mal acondicionada";"Tombamento";"Com Vítimas Feridas";"Pleno dia";"Decrescente";"Céu Claro";"Dupla";"Viaduto";"Sim";4;0;3;0;0;1;3;3;-18,9113;-48,2622;"SPRF-MG";"DEL15-MG";"UOP02-DEL15-MG"
104969;2018-01-20;"sábado";"15:30:00";"MT";70;647;"CACERES";"Mal Súbito";"Colisão frontal";"Com Vítimas Fatais";"Pleno dia";"Crescente";"Nublado";"Simples";"Reta";"Não";3;1;0;0;2;0;0;3;-15,99350996;-57,19844252;"SPRF-MT";"DEL03-MT";"UOP02-DEL03-MT"
104977;2018-01-20;"sábado";"20:25:00";"CE";222;22;"CAUCAIA";"Falta de Atenção à Condução";"Colisão traseira";"Com Vítimas Feridas";"Plena Noite";"Crescente";"Céu Claro";"Simples";"Reta";"Não";3;0;0;1;0;2;1;3;-3,73339351;-38,75113964;"SPRF-CE";"DEL01-CE";"UOP01-DEL01-CE"
104981;2018-01-20;"sábado";"20:40:00";"CE";222;313,6;"TIANGUA";"Desobediência às normas de trânsito pelo condutor";"Colisão lateral";"Com Vítimas Feridas";"Plena Noite";"Decrescente";"Céu Claro";"Simples";"Reta";"Sim";4;0;1;0;1;2;1;4;-3,73592549;-41,00368023;"SPRF-CE";"DEL04-CE";"UOP02-DEL04-CE"
104990;2018-01-20;"sábado";"21:25:00";"MG";381;665,1;"PERDOES";"Velocidade Incompatível";"Derramamento de carga";"Sem Vítimas";"Plena Noite";"Crescente";"Céu Claro";"Dupla";"Curva;Declive";"Não";2;0;0;0;1;2;0;3;-21,046404;-45,000592;"SPRF-MG";"DEL04-MG";"UOP02-DEL04-MG"
104992;2018-01-20;"sábado";"19:00:00";"BA";116;360;"SERRINHA";"Ingestão de Álcool";"Colisão lateral";"Com Vítimas Feridas";"Plena Noite";"Crescente";"Céu Claro";"Simples";"Aclive";"Sim";2;0;0;1;1;0;1;2;-11,66461;-39,00782;"SPRF-BA";"DEL02-BA";"DEL10/2-UOP02/BA"
105003;2018-01-20;"sábado";"23:00:00";"SP";381;34;"ATIBAIA";"Ingestão de Álcool";"Colisão traseira";"Sem Vítimas";"Plena Noite";"Crescente";"Chuva";"Dupla";"Reta";"Sim";2;0;0;0;2;0;0;2;-23,080086;-46,569866;"SPRF-SP";"DEL03-SP";"UOP02-DEL03-SP"
105008;2018-01-20;"sábado";"21:10:00";"SP";116;359;"MIRACATU";"Desobediência às normas de trânsito pelo condutor";"Derramamento de carga";"Sem Vítimas";"Plena Noite";"Decrescente";"Garoa/Chuvisco";"Dupla";"Curva";"Não";2;0;0;0;1;1;0;2;-24,10952633;-47,26912737;"SPRF-SP";"DEL04-SP";"UOP03-DEL04-SP"
105009;2018-01-20;"sábado";"22:30:00";"PI";402;3,8;"BURITI DOS LOPES";"Ingestão de Álcool";"Tombamento";"Com Vítimas Feridas";"Plena Noite";"Crescente";"Nublado";"Simples";"Curva;Declive";"Não";1;0;1;0;0;0;1;1;-3,10726328;-41,87064528;"SPRF-PI";"DEL05-PI";"UOP01-DEL05-PI"
105010;2018-01-20;"sábado";"18:10:00";"PA";316;169,1;"SANTA LUZIA DO PARA";"Falta de Atenção à Condução";"Tombamento";"Com Vítimas Feridas";"Anoitecer";"Crescente";"Céu Claro";"Simples";"Reta";"Sim";2;0;1;0;0;1;1;2;-1,34055303;-47,06371307;"SPRF-PA";"DEL01-PA";"UOP03-DEL01-PA"
105013;2018-01-20;"sábado";"23:10:00";"BA";242;497;"OLIVEIRA DOS BREJINHOS";"Ingestão de Álcool";"Colisão frontal";"Com Vítimas Fatais";"Plena Noite";"Crescente";"Céu Claro";"Simples";"Reta";"Não";3;1;0;0;1;1;0;3;-12,317386;-42,89646;"SPRF-BA";"DEL06-BA";"UOP01-DEL06-BA"
105014;2018-01-20;"sábado";"19:00:00";"MT";163;573;"NOVA MUTUM";"Não guardar distância de segurança";"Tombamento";"Sem Vítimas";"Plena Noite";"Decrescente";"Chuva";"Simples";"Reta";"Não";2;0;0;0;1;3;0;4;-13,829317;-56,082653;"SPRF-MT";"DEL01-MT";"UOP01-DEL01-MT"
105018;2018-01-20;"sábado";"20:28:00";"MG";116;395,1;"GOVERNADOR VALADARES";"Velocidade Incompatível";"Colisão frontal";"Com Vítimas Fatais";"Plena Noite";"Decrescente";"Céu Claro";"Simples";"Reta";"Não";7;1;1;1;1;3;2;4;-18,72260783;-41,98912919;"SPRF-MG";"DEL06-MG";"UOP01-DEL06-MG"
105020;2018-01-21;"domingo";"00:25:00";"MG";381;350;"JOAO MONLEVADE";"Falta de Atenção à Condução";"Saída de leito carroçável";"Sem Vítimas";"Plena Noite";"Decrescente";"Céu Claro";"Simples";"Interseção de Vias;Curva;Aclive";"Não";2;0;0;0;1;1;0;2;-19,8092;-43,1737;"SPRF-MG";"DEL03-MG";"UOP01-DEL03-MG"
105027;2018-01-20;"sábado";"22:30:00";"MG";116;32,8;"SAO FRANCISCO";"Falta de Atenção do Pedestre";"Atropelamento de Pedestre";"Com Vítimas Fatais";"Plena Noite";"Decrescente";"Céu Claro";"Simples";"Reta";"Sim";3;1;0;1;0;1;1;2;-15,9446;-44,854;"SPRF-BA";"DEL08-BA";"UOP03-DEL08-BA"
105036;2018-01-21;"domingo";"03:00:00";"PR";116;83;"PIRAQUARA";"Condutor Dormindo";"Saída de leito carroçável";"Sem Vítimas";"Plena Noite";"Decrescente";"Céu Claro";"Dupla";"Reta";"Não";1;0;0;0;1;0;0;1;-25,420872;-49,072365;"SPRF-PR";"DEL01-PR";"UOP07-DEL01-PR"
105061;2018-01-21;"domingo";"05:00:00";"RJ";101;54;"CAMPOS DOS GOYTACAZES";"Ingestão de Álcool";"Colisão lateral";"Sem Vítimas";"Amanhecer";"Crescente";"Céu Claro";"Simples";"Reta";"Sim";3;0;0;0;2;1;0;3;-21,669363;-41,311115;"SPRF-RJ";"DEL08-RJ";"UOP01-DEL08-RJ"
105092;2018-01-21;"domingo";"07:00:00";"CE";20;200;"BOA VIAGEM";"Desobediência às normas de trânsito pelo condutor";"Colisão frontal";"Com Vítimas Feridas";"Pleno dia";"Decrescente";"Céu Claro";"Simples";"Reta";"Não";4;0;0;2;1;1;2;3;-5,14437451;-39,7433424;"SPRF-CE";"DEL02-CE";"UOP02-DEL02-CE"
105097;2018-01-21;"domingo";"09:10:00";"SP";116;112,1;"TAUBATE";"Ingestão de Álcool";"Colisão traseira";"Com Vítimas Feridas";"Pleno dia";"Crescente";"Nublado";"Dupla";"Reta";"Sim";3;0;2;0;1;0;2;2;-23,04184793;-45,57162589;"SPRF-SP";"DEL06-SP";"UOP02-DEL02-SP"
105105;2018-01-01;"segunda-feira";"19:25:00";"RS";285;304;"PASSO FUNDO";"Falta de Atenção à Condução";"Colisão frontal";"Com Vítimas Feridas";"Anoitecer";"Decrescente";"Chuva";"Simples";"Declive";"Não";3;0;0;1;1;1;1;3;-28,23448048;-52,52399969;"SPRF-RS";"DEL08-RS";"UOP03-DEL08-RS"
105106;2018-01-21;"domingo";"10:00:00";"SP";116;338;"JUQUITIBA";"Falta de Atenção do Pedestre";"Atropelamento de Pedestre";"Com Vítimas Fatais";"Pleno dia";"Crescente";"Céu Claro";"Dupla";"Reta";"Não";3;1;0;0;1;1;0;3;-23,9900235;-47,14811629;"SPRF-SP";"DEL04-SP";"UOP03-DEL04-SP"
105115;2018-01-21;"domingo";"10:10:00";"GO";153;507,4;"APARECIDA DE GOIANIA";"Ingestão de Álcool";"Colisão lateral";"Sem Vítimas";"Pleno dia";"Crescente";"Céu Claro";"Dupla";"Reta";"Sim";4;0;0;0;3;2;0;4;-16,76822153;-49,23921976;"SPRF-GO";"DEL01-GO";"UOP03-DEL01-GO"
105116;2018-01-21;"domingo";"06:40:00";"MT";364;608;"DIAMANTINO";"Velocidade Incompatível";"Tombamento";"Sem Vítimas";"Pleno dia";"Decrescente";"Céu Claro";"Simples";"Curva";"Não";2;0;0;0;1;3;0;4;-14,462832;-56,267361;"SPRF-MT";"DEL01-MT";"UOP01-DEL01-MT"