"id";"data_inversa";"dia_semana";"horario";"uf";"br";"km";"municipio";"causa_acidente";"tipo_acidente";"classificacao_acidente";"fase_dia";"sentido_via";"condicao_metereologica";"tipo_pista";"tracado_via";"uso_solo";"pessoas";"mortos";"feridos_leves";"feridos_graves";"ilesos";"ignorados";"feridos";"veiculos";"latitude";"longitude";"regional";"delegacia";"uop"
105453;2018-01-22;"segunda-feira";"15:10:00";"PR";476;115,7;"COLOMBO";"Falta de Atenção à Condução";"Colisão lateral";"Sem Vítimas";"Pleno dia";"Crescente";"Céu Claro";"Dupla";"Interseção de Vias";"Sim";6;0;0;0;5;1;0;3;-25,34831653;-49,16240123;"SPRF-PR";"DEL01-PR";"UOP01-DEL01-PR"
105455;2018-01-22;"segunda-feira";"15:30:00";"MG";381;893;"CAMBUI";"Velocidade Incompatível";"Saída de leito carroçável";"Sem Vítimas";"Pleno dia";"Decrescente";"Nublado";"Dupla";"Reta";"Não";1;0;0;0;1;0;0;1;-22,5754;-46,0424;"SPRF-MG";"DEL16-MG";"UOP03-DEL16-MG"
105456;2018-01-22;"segunda-feira";"10:50:00";"RO";364;674;"CANDEIAS DO JAMARI";"Defeito Mecânico no Veículo";"Saída de leito carroçável";"Sem Vítimas";"Pleno dia";"Crescente";"Céu Claro";"Simples";"Reta";"Não";2;0;0;0;1;2;0;3;-8,78087391;-63,54342788;"SPRF-RO";"DEL01-RO";"UOP01-DEL01-RO"
105460;2018-01-22;"segunda-feira";"09:30:00";"MT";364;10;"ALTO ARAGUAIA";"Sinalização da via insuficiente ou inadequada";"Colisão transversal";"Com Vítimas Feridas";"Pleno dia";"Crescente";"Céu Claro";"Simples";"Reta;Em Obras;Aclive";"Não";3;0;1;0;1;3;1;5;-17,272038;-53,288433;"SPRF-MT";"DEL02-MT";"UOP02-DEL02-MT"
105464;2018-01-22;"segunda-feira";"16:25:00";"MG";459;24;"CALDAS";"Pista Escorregadia";"Colisão frontal";"Com Vítimas Feridas";"Pleno dia";"Crescente";"Chuva";"Simples";"Curva";"Não";4;0;0;3;1;0;3;2;-21,86253429;-46,42100215;"SPRF-MG";"DEL09-MG";"UOP01-DEL09-MG"
105465;2018-01-22;"segunda-feira";"14:30:00";"MG";381;278;"JAGUARACU";"Condutor Dormindo";"Saída de leito carroçável";"Com Vítimas Feridas";"Pleno dia";"Crescente";"Céu Claro";"Simples";"Curva";"Não";9;0;5;0;2;2;5;5;-19,5699804;-42,71308422;"SPRF-MG";"DEL03-MG";"UOP02-DEL03-MG"
105468;2018-01-22;"segunda-feira";"16:20:00";"SP";116;165;"JACAREI";"Falta de Atenção à Condução";"Colisão traseira";"Sem Vítimas";"Pleno dia";"Crescente";"Céu Claro";"Dupla";"Reta";"Não";3;0;0;0;3;0;0;3;-23,3055;-45,967;"SPRF-SP";"DEL02-SP";"UOP01-DEL02-SP"
105471;2018-01-22;"segunda-feira";"17:00:00";"PR";277;21,4;"MORRETES";"Falta de Atenção à Condução";"Saída de leito carroçável";"Sem Vítimas";"Pleno dia";"Decrescente";"Nublado";"Dupla";"Reta";"Não";2;0;0;0;1;1;0;2;-25,53299316;-48,715868;"SPRF-PR";"DEL01-PR";"UOP05-DEL01-PR"
105474;2018-01-22;"segunda-feira";"15:50:00";"PA";155;336;"MARABA";"Falta de Atenção à Condução";"Colisão traseira";"Com Vítimas Feridas";"Pleno dia";"Crescente";"Céu Claro";"Simples";"Reta";"Não";5;0;1;1;2;1;2;4;-5,422975;-49,076244;"SPRF-PA";"DEL03-PA";"UOP01-DEL03-PA"
105477;2018-01-22;"segunda-feira";"16:50:00";"MG";262;385;"MATEUS LEME";"Falta de Atenção à Condução";"Saída de leito carroçável";"Com Vítimas Feridas";"Pleno dia";"Crescente";"Chuva";"Dupla";"Declive";"Não";1;0;1;0;0;0;1;1;-19,9201;-44,4779;"SPRF-MG";"DEL01-MG";"UOP03-DEL01-MG"
105480;2018-01-22;"segunda-feira";"17:00:00";"SP";153;75,5;"BADY BASSITT";"Defeito na Via";"Tombamento";"Sem Vítimas";"Pleno dia";"Crescente";"Céu Claro";"Dupla";"Curva";"Não";2;0;0;0;1;2;0;3;-20,89722002;-49,43827355;"SPRF-SP";"DEL09-SP";"UOP01-DEL09-SP"
105482;2018-01-22;"segunda-feira";"17:55:00";"SC";101;214,7;"PALHOCA";"Velocidade Incompatível";"Engavetamento";"Sem Vítimas";"Pleno dia";"Decrescente";"Chuva";"Dupla";"Viaduto";"Sim";7;0;0;0;5;2;0;7;-27,66327076;-48,67584944;"SPRF-SC";"DEL01-SC";"UOP02-DEL01-SC"
105483;2018-01-22;"segunda-feira";"17:50:00";"SP";116;385;"MIRACATU";"Falta de Atenção do Pedestre";"Atropelamento de Pedestre";"Com Vítimas Feridas";"Pleno dia";"Decrescente";"Céu Claro";"Dupla";"Reta";"Não";3;0;0;1;1;1;1;3;-24,281868;-47,46013;"SPRF-SP";"DEL04-SP";"UOP02-DEL04-SP"
105485;2018-01-22;"segunda-feira";"13:40:00";"BA";101;838;"PRADO";"Desobediência às normas de trânsito pelo condutor";"Colisão frontal";"Sem Vítimas";"Pleno dia";"Decrescente";"Céu Claro";"Simples";"Curva";"Não";3;0;0;0;2;2;0;4;-17,2283;-39,6193;"SPRF-BA";"DEL09-BA";"UOP01-DEL09-BA"
105486;2018-01-22;"segunda-feira";"16:00:00";"GO";153;492,9;"GOIANIA";"Defeito Mecânico no Veículo";"Saída de leito carroçável";"Sem Vítimas";"Pleno dia";"Crescente";"Céu Claro";"Dupla";"Declive;Reta;Viaduto";"Sim";2;0;0;0;1;1;0;2;-16,64526774;-49,210926;"SPRF-GO";"DEL01-GO";"UOP01-DEL01-GO"
105487;2018-01-22;"segunda-feira";"18:15:00";"RJ";393;160,3;"TRES RIOS";"Falta de Atenção à Condução";"Colisão frontal";"Com Vítimas Feridas";"Anoitecer";"Crescente";"Chuva";"Simples";"Curva;Aclive";"Não";6;0;1;4;0;2;5;5;-22,11092903;-43,11189651;"SPRF-RJ";"DEL06-RJ";"UOP01-DEL05-RJ"
105491;2018-01-22;"segunda-feira";"18:20:00";"PR";277;507,6;"GUARANIACU";"Falta de Atenção à Condução";"Tombamento";"Sem Vítimas";"Anoitecer";"Decrescente";"Céu Claro";"Simples";"Reta";"Não";2;0;0;0;1;3;0;4;-25,1039;-52,8686;"SPRF-PR";"DEL04-PR";"UOP04-DEL04-PR"
105496;2018-01-22;"segunda-feira";"10:35:00";"MA";10;232,7;"GOVERNADOR EDISON LOBAO";"Falta de Atenção à Condução";"Colisão lateral";"Com Vítimas Feridas";"Pleno dia";"Crescente";"Nublado";"Simples";"Reta";"Não";4;0;1;1;1;1;2;3;-5,68019438;-47,37258102;"SPRF-MA";"DEL04-MA";"UOP01-DEL04-MA"
105499;2018-01-22;"segunda-feira";"16:30:00";"MA";222;600;"BOM JESUS DAS SELVAS";"Pista Escorregadia";"Saída de leito carroçável";"Com Vítimas Feridas";"Pleno dia";"Crescente";"Nublado";"Simples";"Reta";"Não";1;0;1;0;0;0;1;1;-4,4203963;-46,765644;"SPRF-MA";"DEL04-MA";"UOP03-DEL04-MA"
105503;2018-01-22;"segunda-feira";"18:20:00";"CE";222;154,4;"IRAUCUBA";"Animais na Pista";"Atropelamento de Animal";"Com Vítimas Fatais";"Plena Noite";"Crescente";"Céu Claro";"Simples";"Reta";"Não";3;1;0;0;1;1;0;3;-3,73507746;-39,82709397;"SPRF-CE";"DEL04-CE";"UOP03-DEL04-CE"
105509;2018-01-22;"segunda-feira";"19:20:00";"PR";476;129;"CURITIBA";"Falta de Atenção à Condução";"Saída de leito carroçável";"Com Vítimas Feridas";"Plena Noite";"Crescente";"Chuva";"Dupla";"Curva";"Sim";3;0;0;1;1;2;1;4;-25,440983;-49,233715;"SPRF-PR";"DEL01-PR";"UOP07-DEL01-PR"
105511;2018-01-22;"segunda-feira";"16:30:00";"RS";472;466,5;"ITAQUI";"Defeito Mecânico no Veículo";"Saída de leito carroçável";"Sem Vítimas";"Pleno dia";"Decrescente";"Céu Claro";"Simples";"Curva";"Não";1;0;0;0;1;0;0;1;-29,1612777;-56,35917664;"SPRF-RS";"DEL12-RS";"UOP01-DEL12-RS"
105512;2018-01-22;"segunda-feira";"19:20:00";"CE";116;534,6;"PENAFORTE";"Falta de Atenção à Condução";"Colisão frontal";"Com Vítimas Fatais";"Plena Noite";"Crescente";"Céu Claro";"Simples";"Reta";"Não";3;1;1;0;0;1;1;3;-7,743892;-39,055122;"SPRF-CE";"DEL05-CE";"UOP03-DEL05-CE"
105514;2018-01-22;"segunda-feira";"20:15:00";"SP";381;54;"MAIRIPORA";"Velocidade Incompatível";"Colisão com objeto estático";"Sem Vítimas";"Plena Noite";"Decrescente";"Chuva";"Dupla";"Curva";"Não";1;0;0;0;1;0;0;1;-23,3184;-46,5872;"SPRF-SP";"DEL03-SP";"UOP01-DEL03-SP"
105515;2018-01-22;"segunda-feira";"19:30:00";"MG";381;569;"ITAGUARA";"Falta de Atenção à Condução";"Colisão lateral";"Com Vítimas Feridas";"Plena Noite";"Crescente";"Céu Claro";"Dupla";"Reta";"Não";5;0;1;0;4;0;1;2;-20,4199;-44,5318;"SPRF-MG";"DEL04-MG";"UOP03-DEL04-MG"
105516;2018-01-22;"segunda-feira";"19:30:00";"MT";163;714;"SORRISO";"Falta de Atenção à Condução";"Colisão transversal";"Sem Vítimas";"Plena Noite";"Crescente";"Céu Claro";"Simples";"Interseção de Vias";"Sim";2;0;0;0;1;1;0;2;-12,545702;-55,71182;"SPRF-MT";"DEL06-MT";"UOP01-DEL06-MT"
105517;2018-01-22;"segunda-feira";"19:00:00";"RO";364;345,6;"JI-PARANA";"Desobediência às normas de trânsito pelo condutor";"Colisão lateral";"Com Vítimas Feridas";"Anoitecer";"Crescente";"Céu Claro";"Múltipla";"Reta";"Sim";2;0;1;0;1;0;1;2;-10,86775288;-61,9654923;"SPRF-RO";"DEL02-RO";"UOP01-DEL02-RO"
105522;2018-01-22;"segunda-feira";"21:00:00";"ES";101;271;"SERRA";"Falta de Atenção à Condução";"Atropelamento de Pedestre";"Com Vítimas Feridas";"Plena Noite";"Crescente";"Céu Claro";"Dupla";"Reta";"Sim";2;0;0;1;1;0;1;2;-20,22301955;-40,28833508;"SPRF-ES";"DEL02-ES";"UOP01-DEL02-ES"
105523;2018-01-22;"segunda-feira";"21:30:00";"BA";418;49;"CARAVELAS";"Animais na Pista";"Saída de leito carroçável";"Com Vítimas Feridas";"Plena Noite";"Crescente";"Céu Claro";"Simples";"Reta";"Não";4;0;2;1;0;2;3;3;-17,726667;-39,536831;"SPRF-BA";"DEL09-BA";"UOP02-DEL09-BA"
105525;2018-01-22;"segunda-feira";"20:30:00";"ES";101;202,2;"JOAO NEIVA";"Condutor Dormindo";"Colisão com objeto estático";"Com Vítimas Feridas";"Plena Noite";"Crescente";"Nublado";"Simples";"Viaduto";"Não";2;0;1;0;1;0;1;1;-19,7579;-40,3788;"SPRF-ES";"DEL04-ES";"UOP01-DEL04-ES"
105527;2018-01-22;"segunda-feira";"20:15:00";"TO";153;4,7;"XAMBIOA";"Ingestão de Álcool";"Colisão lateral";"Com Vítimas Fatais";"Plena Noite";"Decrescente";"Céu Claro";"Simples";"Curva";"Não";3;1;0;0;1;1;0;3;-6,42618938;-48,53021622;"SPRF-TO";"DEL02-TO";"UOP01-DEL02-TO"
105530;2018-01-22;"segunda-feira";"20:45:00";"MS";158;333,9;"BRASILANDIA";"Falta de Atenção à Condução";"Colisão traseira";"Com Vítimas Feridas";"Plena Noite";"Decrescente";"Céu Claro";"Simples";"Reta";"Não";3;0;1;0;1;1;1;3;-21,2564;-52,0415;"SPRF-MS";"DEL07-MS";"UOP01-DEL07-MS"
105537;2018-01-22;"segunda-feira";"19:20:00";"PR";369;409,9;"MAMBORE";"Velocidade Incompatível";"Saída de leito carroçável";"Com Vítimas Feridas";"Pleno dia";"Crescente";"Nublado";"Simples";"Reta";"Não";1;0;1;0;0;0;1;1;-24,3389381;-52,70662291;"SPRF-PR";"DEL04-PR";"UOP03-DEL04-PR"
105544;2018-01-23;"terça-feira";"00:10:00";"GO";60;20;"ALEXANIA";"Condutor Dormindo";"Saída de leito carroçável";"Sem Vítimas";"Plena Noite";"Crescente";"Céu Claro";"Simples";"Reta";"Sim";1;0;0;0;1;0;0;1;-16,11803816;-48,39636326;"SPRF-DF";"DEL01-DF";"UOP01-DEL03-DF"
105546;2018-01-23;"terça-feira";"00:50:00";"PR";376;637;"SAO JOSE DOS PINHAIS";"Falta de Atenção à Condução";"Colisão traseira";"Sem Vítimas";"Plena Noite";"Decrescente";"Nublado";"Múltipla";"Reta;Aclive";"Não";9;0;0;0;8;1;0;4;-25,75017359;-49,12811187;"SPRF-PR";"DEL01-PR";"DEL7/1-UOP08/PR"
105547;2018-01-22;"segunda-feira";"10:40:00";"MG";153;90;"PRATA";"Não guardar distância de segurança";"Saída de leito carroçável";"Com Vítimas Feridas";"Pleno dia";"Decrescente";"Céu Claro";"Simples";"Declive";"Não";2;0;1;0;0;1;1;2;-19,16073548;-48,95878226;"SPRF-MG";"DEL15-MG";"UOP03-DEL15-MG"
105550;2018-01-23;"terça-feira";"00:00:00";"MG";262;159;"SAO DOMINGOS DO PRATA";"Condutor Dormindo";"Derramamento de carga";"Sem Vítimas";"Plena Noite";"Decrescente";"Céu Claro";"Simples";"Reta";"Não";1;0;0;0;1;0;0;1;-19,96138701;-42,82437947;"SPRF-MG";"DEL03-MG";"UOP03-DEL03-MG"
105553;2018-01-23;"terça-feira";"01:20:00";"PR";277;480,1;"NOVA LARANJEIRAS";"Não guardar distância de segurança";"Colisão traseira";"Com Vítimas Feridas";"Plena Noite";"Crescente";"Céu Claro";"Simples";"Curva";"Não";3;0;0;1;2;0;1;2;-25,27421998;-52,59964731;"SPRF-PR";"DEL04-PR";"UOP02-DEL04-PR"
105554;2018-01-23;"terça-feira";"02:00:00";"MG";381;579;"CARMOPOLIS DE MINAS";"Condutor Dormindo";"Saída de leito carroçável";"Com Vítimas Fatais";"Plena Noite";"Decrescente";"Céu Claro";"Dupla";"Curva";"Não";2;1;0;0;0;2;0;3;-20,47802229;-44,58523388;"SPRF-MG";"DEL04-MG";"UOP01-DEL04-MG"
105558;2018-01-22;"segunda-feira";"21:00:00";"SC";280;239,2;"CANOINHAS";"Ultrapassagem Indevida";"Tombamento";"Com Vítimas Feridas";"Plena Noite";"Crescente";"Nublado";"Simples";"Curva";"Não";3;0;0;1;0;2;1;3;-26,21131181;-50,44909205;"SPRF-SC";"DEL06-SC";"UOP04-DEL06-SC"
105559;2018-01-23;"terça-feira";"02:40:00";"MG";381;870,5;"POUSO ALEGRE";"Falta de Atenção à Condução";"Colisão traseira";"Com Vítimas Feridas";"Plena Noite";"Decrescente";"Céu Claro";"Dupla";"Reta";"Não";2;0;1;0;1;0;1;2;-22,39404699;-45,95707655;"SPRF-MG";"DEL16-MG";"UOP01-DEL16-MG"
105560;2018-01-23;"terça-feira";"02:25:00";"RS";290;14,5;"SANTO ANTONIO DA PATRULHA";"Condutor Dormindo";"Saída de leito carroçável";"Com Vítimas Feridas";"Plena Noite";"Decrescente";"Nublado";"Dupla";"Reta";"Não";1;0;1;0;0;0;1;1;-29,8656;-50,4054;"SPRF-RS";"DEL03-RS";"UOP02-DEL03-RS"
105561;2018-01-23;"terça-feira";"02:15:00";"RJ";101;184,5;"CASIMIRO DE ABREU";"Condutor Dormindo";"Capotamento";"Sem Vítimas";"Plena Noite";"Crescente";"Nublado";"Simples";"Reta";"Não";2;0;0;0;2;0;0;2;-22,4315204;-42,0294621;"SPRF-RJ";"DEL02-RJ";"UOP04-DEL08-RJ"
105566;2018-01-22;"segunda-feira";"21:50:00";"RO";364;396;"OURO PRETO DO OESTE";"Ultrapassagem Indevida";"Colisão transversal";"Com Vítimas Feridas";"Plena Noite";"Crescente";"Garoa/Chuvisco";"Simples";"Reta";"Não";3;0;0;1;1;2;1;4;-10,631429;-62,320072;"SPRF-RO";"DEL03-RO";"UOP02-DEL03-RO"
105568;2018-01-23;"terça-feira";"05:15:00";"RJ";116;168,4;"SAO JOAO DE MERITI";"Falta de Atenção à Condução";"Colisão traseira";"Com Vítimas Feridas";"Amanhecer";"Decrescente";"Céu Claro";"Múltipla";"Reta";"Sim";4;0;1;2;1;0;3;2;-22,79400122;-43,36425215;"SPRF-RJ";"DEL01-RJ";"UOP02-DEL01-RJ"
105569;2018-01-23;"terça-feira";"04:10:00";"MT";163;604;"NOVA MUTUM";"Restrição de Visibilidade";"Saída de leito carroçável";"Com Vítimas Feridas";"Plena Noite";"Crescente";"Chuva";"Simples";"Declive;Reta";"Não";2;0;1;0;0;3;1;4;-13,76806424;-56,05602264;"SPRF-MT";"DEL01-MT";"UOP01-DEL01-MT"
105571;2018-01-23;"terça-feira";"04:10:00";"MS";163;626,5;"SAO GABRIEL DO OESTE";"Velocidade Incompatível";"Saída de leito carroçável";"Com Vítimas Feridas";"Plena Noite";"Crescente";"Nublado";"Simples";"Reta";"Não";2;0;2;0;0;0;2;1;-19,30518963;-54,62582588;"SPRF-MS";"DEL06-MS";"UOP02-DEL06-MS"
105578;2018-01-23;"terça-feira";"08:10:00";"SP";116;16,6;"LAVRINHAS";"Falta de Atenção à Condução";"Saída de leito carroçável";"Sem Vítimas";"Pleno dia";"Crescente";"Céu Claro";"Dupla";"Curva";"Não";1;0;0;0;1;0;0;1;-22,55853751;-44,84327316;"SPRF-SP";"DEL08-SP";"UOP02-DEL08-SP"
105581;2018-01-23;"terça-feira";"07:10:00";"RJ";40;124;"DUQUE DE CAXIAS";"Falta de Atenção à Condução";"Colisão lateral";"Sem Vítimas";"Pleno dia";"Crescente";"Céu Claro";"Múltipla";"Interseção de Vias";"Sim";2;0;0;0;2;0;0;2;-22,8147;-43,2881;"SPRF-RJ";"DEL01-RJ";"UOP02-DEL01-RJ"
105592;2018-01-23;"terça-feira";"03:30:00";"MG";40;457;"PARAOPEBA";"Falta de Atenção à Condução";"Saída de leito carroçável";"Sem Vítimas";"Plena Noite";"Crescente";"Céu Claro";"Dupla";"Curva";"Não";1;0;0;0;1;0;0;1;-19,3881;-44,3354;"SPRF-MG";"DEL02-MG";"UOP01-DEL02-MG"
105593;2018-01-23;"terça-feira";"08:00:00";"BA";324;549;"AMELIA RODRIGUES";"Defeito Mecânico no Veículo";"Colisão lateral";"Com Vítimas Feridas";"Pleno dia";"Decrescente";"Céu Claro";"Dupla";"Reta";"Não";4;0;1;0;2;1;1;3;-12,44908588;-38,71178627;"SPRF-BA";"DEL01-BA";"UOP01-DEL01-BA"
105594;2018-01-23;"terça-feira";"02:00:00";"MT";364;150,2;"PEDRA PRETA";"Ingestão de Álcool";"Tombamento";"Sem Vítimas";"Plena Noite";"Decrescente";"Céu Claro";"Simples";"Reta";"Não";2;0;0;0;1;2;0;3;-16,7905807;-54,20741971;"SPRF-MT";"DEL02-MT";"UOP01-DEL02-MT"
105601;2018-01-23;"terça-feira";"09:58:00";"SC";101;121,9;"ITAJAI";"Não guardar distância de segurança";"Engavetamento";"Sem Vítimas";"Pleno dia";"Decrescente";"Céu Claro";"Dupla";"Reta";"Sim";3;0;0;0;3;0;0;3;-26,92842161;-48,70513916;"SPRF-SC";"DEL04-SC";"UOP04-DEL04-SC"
105605;2018-01-23;"terça-feira";"08:15:00";"MG";116;415;"GOVERNADOR VALADARES";"Não guardar distância de segurança";"Colisão traseira";"Com Vítimas Feridas";"Pleno dia";"Decrescente";"Nublado";"Simples";"Curva";"Sim";5;0;1;0;3;2;1;5;-18,88456406;-41,94771856;"SPRF-MG";"DEL06-MG";"UOP01-DEL06-MG"
105609;2018-01-23;"terça-feira";"10:15:00";"RS";386;303;"POUSO NOVO";"Não guardar distância de segurança";"Colisão traseira";"Sem Vítimas";"Pleno dia";"Crescente";"Chuva";"Simples";"Declive;Curva";"Não";3;0;0;0;2;1;0;3;-29,18689864;-52,18950033;"SPRF-RS";"DEL04-RS";"UOP01-DEL04-RS"
105612;2018-01-23;"terça-feira";"09:50:00";"GO";60;38,9;"GOIANIA";"Falta de Atenção à Condução";"Tombamento";"Com Vítimas Feridas";"Pleno dia";"Decrescente";"Sol";"Dupla";"Rotatória";"Sim";2;0;1;0;0;1;1;2;-16,6777;-49,2676;"SPRF-GO";"DEL01-GO";"UOP03-DEL01-GO"
105615;2018-01-23;"terça-feira";"11:00:00";"SP";116;307;"SAO LOURENCO DA SERRA";"Carga excessiva e/ou mal acondicionada";"Derramamento de carga";"Sem Vítimas";"Pleno dia";"Crescente";"Céu Claro";"Dupla";"Curva";"Sim";2;0;0;0;1;1;0;2;-23,85587463;-46,94065332;"SPRF-SP";"DEL04-SP";"UOP01-DEL04-SP"
105616;2018-01-23;"terça-feira";"11:00:00";"RJ";116;220;"PIRAI";"Velocidade Incompatível";"Colisão com objeto estático";"Sem Vítimas";"Pleno dia";"Crescente";"Céu Claro";"Simples";"Curva";"Não";2;0;0;0;1;1;0;2;-22,6335;-43,9046;"SPRF-RJ";"DEL07-RJ";"UOP01-DEL07-RJ"
105626;2018-01-23;"terça-feira";"11:30:00";"PB";101;126;"CAAPORA";"Não guardar distância de segurança";"Colisão traseira";"Com Vítimas Feridas";"Pleno dia";"Decrescente";"Nublado";"Dupla";"Reta";"Sim";4;0;2;0;2;0;2;2;-7,4937763;-34,98312;"SPRF-PB";"DEL01-PB";"UOP01-DEL01-PB"
105634;2018-01-23;"terça-feira";"10:30:00";"MG";381;499;"BETIM";"Falta de Atenção à Condução";"Colisão com objeto estático";"Sem Vítimas";"Pleno dia";"Crescente";"Sol";"Dupla";"Reta";"Sim";1;0;0;0;1;0;0;1;-19,99554104;-44,20850158;"SPRF-MG";"DEL01-MG";"UOP03-DEL01-MG"
105642;2018-01-23;"terça-feira";"13:00:00";"GO";364;89,6;"CACHOEIRA ALTA";"Falta de Atenção à Condução";"Colisão transversal";"Com Vítimas Feridas";"Pleno dia";"Decrescente";"Céu Claro";"Dupla";"Interseção de Vias";"Não";6;0;4;0;2;0;4;2;-18,50440525;-51,07014477;"SPRF-GO";"DEL05-GO";"UOP02-DEL05-GO"
105647;2018-01-23;"terça-feira";"10:55:00";"RO";319;57;"PORTO VELHO";"Falta de Atenção à Condução";"Colisão lateral";"Com Vítimas Fatais";"Pleno dia";"Decrescente";"Céu Claro";"Simples";"Curva";"Sim";2;1;0;0;1;0;0;2;-8,74274855;-63,91622543;"SPRF-RO";"DEL01-RO";"UOP01-DEL01-RO"
105648;2018-01-23;"terça-feira";"14:10:00";"DF";70;12,3;"BRASILIA";"Defeito Mecânico no Veículo";"Colisão traseira";"Com Vítimas Feridas";"Pleno dia";"Decrescente";"Céu Claro";"Dupla";"Reta";"Sim";6;0;2;0;4;0;2;2;-15,79321369;-48,16061762;"SPRF-DF";"DEL01-DF";"UOP02-DEL03-DF"
105651;2018-01-23;"terça-feira";"14:30:00";"MG";262;590,3;"CAMPOS ALTOS";"Velocidade Incompatível";"Saída de leito carroçável";"Sem Vítimas";"Pleno dia";"Decrescente";"Chuva";"Simples";"Curva";"Não";2;0;0;0;1;1;0;2;-19,66712949;-46,15402043;"SPRF-MG";"DEL08-MG";"UOP02-DEL08-MG"
105654;2018-01-23;"terça-feira";"09:10:00";"SP";116;513,3;"CAJATI";"Defeito Mecânico no Veículo";"Tombamento";"Sem Vítimas";"Pleno dia";"Decrescente";"Céu Claro";"Simples";"Curva";"Não";1;0;0;0;1;0;0;1;-24,73659;-48,12319;"SPRF-SP";"DEL05-SP";"UAP01-DEL05-SP"
105660;2018-01-23;"terça-feira";"06:15:00";"CE";222;102;"UMIRIM";"Condutor Dormindo";"Tombamento";"Com Vítimas Feridas";"Pleno dia";"Decrescente";"Garoa/Chuvisco";"Simples";"Curva";"Não";1;0;1;0;0;0;1;1;-3,63540497;-39,48742748;"SPRF-CE";"DEL04-CE";"UOP03-DEL04-CE"
105662;2018-01-23;"terça-feira";"15:30:00";"GO";60;421,5;"RIO VERDE";"Condutor Dormindo";"Colisão traseira";"Com Vítimas Fatais";"Pleno dia";"Crescente";"Céu Claro";"Dupla";"Curva";"Não";4;1;1;0;1;1;1;3;-17,814939;-51,264257;"SPRF-GO";"DEL04-GO";"UOP01-DEL04-GO"
105663;2018-01-23;"terça-feira";"14:50:00";"RJ";116;207;"SEROPEDICA";"Falta de Atenção à Condução";"Colisão com objeto estático";"Sem Vítimas";"Pleno dia";"Crescente";"Céu Claro";"Dupla";"Reta";"Não";2;0;0;0;2;0;0;2;-22,71630051;-43,71674538;"SPRF-RJ";"DEL01-RJ";"UOP03-DEL01-RJ"
105670;2018-01-23;"terça-feira";"14:00:00";"BA";324;587;"CANDEIAS";"Falta de Atenção à Condução";"Colisão lateral";"Sem Vítimas";"Pleno dia";"Crescente";"Céu Claro";"Simples";"Reta";"Não";3;0;0;0;2;2;0;4;-12,6095642;-38,4950116;"SPRF-BA";"DEL01-BA";"UOP01-DEL01-BA"
105671;2018-01-23;"terça-feira";"15:50:00";"SP";116;182,3;"SANTA ISABEL";"Falta de Atenção à Condução";"Colisão com objeto estático";"Sem Vítimas";"Pleno dia";"Decrescente";"Garoa/Chuvisco";"Múltipla";"Declive";"Não";2;0;0;0;1;1;0;2;-23,34634292;-46,16503984;"SPRF-SP";"DEL02-SP";"UOP01-DEL02-SP"
105675;2018-01-23;"terça-feira";"15:50:00";"SC";101;163;"TIJUCAS";"Falta de Atenção à Condução";"Colisão traseira";"Sem Vítimas";"Pleno dia";"Crescente";"Sol";"Dupla";"Viaduto";"Não";2;0;0;0;2;0;0;2;-27,2414;-48,6306;"SPRF-SC";"DEL04-SC";"UOP03-DEL04-SC"
105676;2018-01-23;"terça-feira";"16:15:00";"ES";101;288,3;"CARIACICA";"Sinalização da via insuficiente ou inadequada";"Atropelamento de Pedestre";"Com Vítimas Feridas";"Pleno dia";"Decrescente";"Céu Claro";"Dupla";"Reta";"Sim";3;0;0;1;1;1;1;3;-20,2735853;-40,3934589;"SPRF-ES";"DEL01-ES";"UOP01-DEL01-ES"
105679;2018-01-23;"terça-feira";"16:45:00";"RS";386;443,5;"CANOAS";"Condutor Dormindo";"Colisão lateral";"Com Vítimas Feridas";"Pleno dia";"Crescente";"Nublado";"Dupla";"Reta";"Não";3;0;0;1;1;1;1;3;-29,89006688;-51,20573044;"SPRF-RS";"DEL01-RS";"UOP01-DEL01-RS"
105682;2018-01-23;"terça-feira";"13:25:00";"RO";364;186,2;"PIMENTA BUENO";"Condutor Dormindo";"Colisão lateral";"Sem Vítimas";"Pleno dia";"Decrescente";"Sol";"Simples";"Reta";"Não";4;0;0;0;3;2;0;5;-11,74170264;-61,11442271;"SPRF-RO";"DEL02-RO";"UOP02-DEL02-RO"
105686;2018-01-23;"terça-feira";"14:30:00";"RS";285;525;"VITORIA DAS MISSOES";"Não guardar distância de segurança";"Colisão frontal";"Sem Vítimas";"Pleno dia";"Decrescente";"Chuva";"Simples";"Reta";"Não";2;0;0;0;2;0;0;2;-28,40499076;-54,54334259;"SPRF-RS";"DEL10-RS";"UOP01-DEL10-RS"
105689;2018-01-23;"terça-feira";"17:00:00";"PR";277;139,6;"BALSA NOVA";"Falta de Atenção à Condução";"Colisão traseira";"Com Vítimas Feridas";"Pleno dia";"Crescente";"Sol";"Dupla";"Reta";"Não";3;0;1;0;1;2;1;4;-25,4638353;-49,72911447;"SPRF-PR";"DEL01-PR";"UOP06-DEL01-PR"
105690;2018-01-23;"terça-feira";"17:30:00";"RS";0;0;"TERRA DE AREIA";"Condutor Dormindo";"Saída de leito carroçável";"Sem Vítimas";"Pleno dia";"Não Informado";"Nublado";"Dupla";"Reta";"Sim";2;0;0;0;1;1;0;2;-29,607334;-50,085892;"SPRF-RS";"DEL03-RS";"DEL9/3-UOP03/RS"