"id";"data_inversa";"dia_semana";"horario";"uf";"br";"km";"municipio";"causa_acidente";"tipo_acidente";"classificacao_acidente";"fase_dia";"sentido_via";"condicao_metereologica";"tipo_pista";"tracado_via";"uso_solo";"pessoas";"mortos";"feridos_leves";"feridos_graves";"ilesos";"ignorados";"feridos";"veiculos";"latitude";"longitude";"regional";"delegacia";"uop"
105691;2018-01-23;"terça-feira";"16:45:00";"MG";262;671,5;"ARAXA";"Velocidade Incompatível";"Saída de leito carroçável";"Com Vítimas Feridas";"Pleno dia";"Crescente";"Chuva";"Simples";"Curva";"Não";2;0;0;1;0;1;1;2;-19,5972933;-46,93650604;"SPRF-MG";"DEL08-MG";"UOP01-DEL08-MG"
105694;2018-01-23;"terça-feira";"16:15:00";"MG";50;28;"ARAGUARI";"Falta de Atenção à Condução";"Saída de leito carroçável";"Com Vítimas Feridas";"Pleno dia";"Decrescente";"Sol";"Dupla";"Reta";"Não";2;0;1;0;1;0;1;2;-18,61819637;-48,10700225;"SPRF-MG";"DEL15-MG";"UOP02-DEL15-MG"
105698;2018-01-23;"terça-feira";"14:30:00";"PR";277;101;"CURITIBA";"Falta de Atenção à Condução";"Colisão traseira";"Com Vítimas Feridas";"Pleno dia";"Decrescente";"Céu Claro";"Dupla";"Reta";"Sim";9;0;7;0;2;0;7;2;-25,43044312;-49,37792301;"SPRF-PR";"DEL01-PR";"UOP06-DEL01-PR"
105699;2018-01-23;"terça-feira";"17:30:00";"SP";116;376;"MIRACATU";"Defeito na Via";"Tombamento";"Com Vítimas Feridas";"Pleno dia";"Decrescente";"Sol";"Dupla";"Reta";"Não";2;0;1;0;0;1;1;2;-24,281868;-47,46013;"SPRF-SP";"DEL04-SP";"UOP02-DEL04-SP"
105700;2018-01-23;"terça-feira";"17:40:00";"MG";459;95,5;"POUSO ALEGRE";"Velocidade Incompatível";"Tombamento";"Com Vítimas Fatais";"Pleno dia";"Crescente";"Nublado";"Simples";"Curva";"Não";2;1;1;0;0;0;1;1;-22,19236823;-45,97957316;"SPRF-MG";"DEL09-MG";"UOP01-DEL09-MG"
105701;2018-01-23;"terça-feira";"18:20:00";"MG";381;485;"BETIM";"Falta de Atenção à Condução";"Colisão transversal";"Com Vítimas Feridas";"Pleno dia";"Crescente";"Nublado";"Dupla";"Aclive";"Sim";5;0;2;0;2;1;2;4;-19,95583779;-44,10736084;"SPRF-MG";"DEL01-MG";"UOP03-DEL01-MG"
105703;2018-01-23;"terça-feira";"18:20:00";"ES";101;265;"SERRA";"Falta de Atenção à Condução";"Colisão traseira";"Com Vítimas Feridas";"Anoitecer";"Decrescente";"Céu Claro";"Dupla";"Reta";"Sim";3;0;1;0;1;1;1;3;-20,18318259;-40,26610225;"SPRF-ES";"DEL02-ES";"UOP01-DEL02-ES"
105719;2018-01-23;"terça-feira";"19:00:00";"SP";381;2,9;"VARGEM";"Pista Escorregadia";"Saída de leito carroçável";"Sem Vítimas";"Pleno dia";"Crescente";"Chuva";"Dupla";"Curva;Declive";"Não";2;0;0;0;1;1;0;2;-22,87834987;-46,39807463;"SPRF-SP";"DEL03-SP";"UOP02-DEL03-SP"
105721;2018-01-23;"terça-feira";"18:30:00";"MT";70;22,4;"BARRA DO GARCAS";"Ultrapassagem Indevida";"Colisão frontal";"Com Vítimas Feridas";"Pleno dia";"Crescente";"Céu Claro";"Simples";"Declive";"Não";3;0;0;1;1;2;1;4;-15,8410312;-52,44452385;"SPRF-MT";"DEL07-MT";"UOP01-DEL07-MT"
105722;2018-01-23;"terça-feira";"18:40:00";"SP";101;51;"UBATUBA";"Falta de Atenção à Condução";"Colisão lateral";"Sem Vítimas";"Pleno dia";"Decrescente";"Céu Claro";"Simples";"Curva";"Sim";4;0;0;0;3;1;0;3;-23,46489973;-45,06205559;"SPRF-SP";"DEL06-SP";"UOP01-DEL06-SP"
105724;2018-01-23;"terça-feira";"18:35:00";"PR";376;247;"PRESIDENTE CASTELO BRANCO";"Ultrapassagem Indevida";"Colisão com objeto estático";"Com Vítimas Feridas";"Anoitecer";"Crescente";"Céu Claro";"Simples";"Reta";"Sim";3;0;0;2;0;1;2;2;-23,31577444;-52,10946858;"SPRF-PR";"DEL07-PR";"UOP03-DEL07-PR"
105725;2018-01-23;"terça-feira";"16:30:00";"PE";408;62;"CARPINA";"Falta de Atenção à Condução";"Colisão transversal";"Com Vítimas Feridas";"Plena Noite";"Crescente";"Chuva";"Simples";"Reta";"Sim";2;0;1;0;1;0;1;2;-7,8512573;-35,255013;"SPRF-PE";"DEL01-PE";"UOP01-DEL01-PE"
105730;2018-01-23;"terça-feira";"14:20:00";"BA";324;7,2;"FEIRA DE SANTANA";"Velocidade Incompatível";"Tombamento";"Com Vítimas Feridas";"Pleno dia";"Decrescente";"Sol";"Dupla";"Curva";"Sim";2;0;0;1;0;2;1;3;-12,26888934;-38,98893356;"SPRF-BA";"DEL02-BA";"UOP01-DEL02-BA"
105736;2018-01-23;"terça-feira";"16:30:00";"MT";163;561;"NOVA MUTUM";"Ultrapassagem Indevida";"Colisão frontal";"Sem Vítimas";"Pleno dia";"Decrescente";"Céu Claro";"Simples";"Reta";"Não";4;0;0;0;3;1;0;3;-14,13998811;-56,10335827;"SPRF-MT";"DEL01-MT";"UOP01-DEL01-MT"
105737;2018-01-23;"terça-feira";"19:50:00";"BA";116;14,6;"VITORIA DA CONQUISTA";"Não guardar distância de segurança";"Colisão traseira";"Com Vítimas Feridas";"Plena Noite";"Decrescente";"Céu Claro";"Simples";"Aclive;Viaduto";"Não";3;0;0;2;0;1;2;2;-14,895278;-40,862101;"SPRF-BA";"DEL08-BA";"UOP01-DEL08-BA"
105743;2018-01-23;"terça-feira";"22:05:00";"SP";116;22,5;"LAVRINHAS";"Falta de Atenção à Condução";"Tombamento";"Com Vítimas Feridas";"Plena Noite";"Crescente";"Céu Claro";"Dupla";"Curva";"Não";2;0;1;0;0;1;1;2;-22,58620909;-44,8818864;"SPRF-SP";"DEL08-SP";"UOP02-DEL08-SP"
105748;2018-01-23;"terça-feira";"07:15:00";"PA";163;542,6;"TRAIRAO";"Condutor Dormindo";"Saída de leito carroçável";"Com Vítimas Fatais";"Amanhecer";"Crescente";"Nublado";"Dupla";"Curva";"Não";2;1;0;0;0;1;0;2;-5,25839543;-56,05270391;"SPRF-PA";"DEL05-PA";"UOP01-DEL05-PA"
105749;2018-01-23;"terça-feira";"21:25:00";"PR";373;217,7;"IMBITUVA";"Falta de Atenção à Condução";"Tombamento";"Com Vítimas Feridas";"Plena Noite";"Decrescente";"Nublado";"Simples";"Curva";"Não";2;0;1;0;0;1;1;2;-25,15780286;-50,54738492;"SPRF-PR";"DEL03-PR";"UOP01-DEL03-PR"
105750;2018-01-23;"terça-feira";"20:30:00";"RJ";116;85,4;"TERESOPOLIS";"Pista Escorregadia";"Colisão transversal";"Com Vítimas Feridas";"Plena Noite";"Decrescente";"Nublado";"Simples";"Curva";"Não";3;0;2;0;1;0;2;3;-22,43227236;-42,94802427;"SPRF-RJ";"DEL04-RJ";"UOP01-DEL04-RJ"
105755;2018-01-23;"terça-feira";"22:00:00";"BA";324;516;"FEIRA DE SANTANA";"Falta de Atenção à Condução";"Colisão lateral";"Sem Vítimas";"Plena Noite";"Decrescente";"Céu Claro";"Simples";"Reta";"Sim";2;0;0;0;2;0;0;2;-12,24029275;-38,94010078;"SPRF-BA";"DEL02-BA";"UOP01-DEL02-BA"
105757;2018-01-24;"quarta-feira";"00:15:00";"SC";101;4;"GARUVA";"Velocidade Incompatível";"Saída de leito carroçável";"Sem Vítimas";"Plena Noite";"Decrescente";"Chuva";"Múltipla";"Reta";"Não";1;0;0;0;1;0;0;1;-26,018;-48,8622;"SPRF-SC";"DEL03-SC";"UOP01-DEL03-SC"
105758;2018-01-24;"quarta-feira";"00:35:00";"PR";116;12,5;"CAMPINA GRANDE DO SUL";"Velocidade Incompatível";"Saída de leito carroçável";"Sem Vítimas";"Plena Noite";"Crescente";"Chuva";"Dupla";"Curva";"Não";2;0;0;0;1;1;0;2;-25,091291;-48,647835;"SPRF-PR";"DEL01-PR";"UOP02-DEL01-PR"
105762;2018-01-24;"quarta-feira";"01:00:00";"BA";101;703,4;"EUNAPOLIS";"Condutor Dormindo";"Capotamento";"Com Vítimas Fatais";"Plena Noite";"Decrescente";"Céu Claro";"Simples";"Curva";"Não";3;3;0;0;0;0;0;1;-16,26423886;-39,58632081;"SPRF-BA";"DEL09-BA";"UOP01-DEL09-BA"
105765;2018-01-24;"quarta-feira";"02:10:00";"PR";277;241,3;"IRATI";"Condutor Dormindo";"Saída de leito carroçável";"Sem Vítimas";"Plena Noite";"Crescente";"Céu Claro";"Simples";"Curva";"Não";1;0;0;0;1;0;0;1;-25,44928118;-50,64070702;"SPRF-PR";"DEL03-PR";"UOP02-DEL08-PR"
105766;2018-01-23;"terça-feira";"19:05:00";"SC";470;45;"GASPAR";"Falta de Atenção à Condução";"Tombamento";"Sem Vítimas";"Pleno dia";"Decrescente";"Chuva";"Simples";"Curva";"Não";2;0;0;0;1;1;0;2;-26,8723884;-49,01527762;"SPRF-SC";"DEL04-SC";"UOP01-DEL04-SC"
105767;2018-01-24;"quarta-feira";"01:20:00";"GO";50;206,7;"CAMPO ALEGRE DE GOIAS";"Avarias e/ou desgaste excessivo no pneu";"Incêndio";"Sem Vítimas";"Plena Noite";"Decrescente";"Céu Claro";"Simples";"Reta";"Sim";2;0;0;0;1;1;0;2;-17,6227569;-47,77513203;"SPRF-GO";"DEL06-GO";"UOP01-DEL06-GO"
105768;2018-01-24;"quarta-feira";"01:00:00";"PE";101;203;"XEXEU";"Falta de Atenção à Condução";"Tombamento";"Sem Vítimas";"Plena Noite";"Crescente";"Garoa/Chuvisco";"Dupla";"Curva";"Não";1;0;0;0;1;0;0;1;-8,79466;-35,6261;"SPRF-PE";"DEL01-PE";"UOP03-DEL01-PE"
105769;2018-01-24;"quarta-feira";"03:20:00";"RJ";116;187;"QUEIMADOS";"Falta de Atenção à Condução";"Colisão traseira";"Com Vítimas Feridas";"Plena Noite";"Decrescente";"Céu Claro";"Múltipla";"Reta";"Não";4;0;1;0;2;1;1;4;-22,74084183;-43,52407694;"SPRF-RJ";"DEL01-RJ";"UOP03-DEL01-RJ"
105771;2018-01-24;"quarta-feira";"04:20:00";"MG";365;188,3;"BURITIZEIRO";"Carga excessiva e/ou mal acondicionada";"Colisão lateral";"Com Vítimas Feridas";"Amanhecer";"Decrescente";"Céu Claro";"Simples";"Curva";"Não";2;0;2;0;0;0;2;2;-17,440193;-45,155651;"SPRF-MG";"DEL12-MG";"UOP01-DEL12-MG"
105774;2018-01-23;"terça-feira";"14:00:00";"SC";101;330,9;"TUBARAO";"Falta de Atenção à Condução";"Colisão traseira";"Com Vítimas Feridas";"Pleno dia";"Crescente";"Céu Claro";"Dupla";"Reta";"Não";2;0;1;0;1;0;1;2;-28,45187575;-48,97390088;"SPRF-SC";"DEL02-SC";"UOP01-DEL02-SC"
105776;2018-01-24;"quarta-feira";"05:30:00";"PR";369;186;"ARAPONGAS";"Falta de Atenção à Condução";"Colisão traseira";"Com Vítimas Feridas";"Plena Noite";"Crescente";"Nublado";"Simples";"Reta";"Sim";2;0;1;0;1;0;1;2;-23,41991;-51,424873;"SPRF-PR";"DEL07-PR";"UOP03-DEL07-PR"
105777;2018-01-24;"quarta-feira";"04:55:00";"PR";163;305,6;"MERCEDES";"Condutor Dormindo";"Saída de leito carroçável";"Com Vítimas Feridas";"Plena Noite";"Decrescente";"Ignorado";"Simples";"Reta";"Não";2;0;0;1;0;2;1;3;-24,43005143;-54,16806668;"SPRF-PR";"DEL06-PR";"UOP02-DEL06-PR"
105778;2018-01-24;"quarta-feira";"05:35:00";"MG";40;511,5;"RIBEIRAO DAS NEVES";"Velocidade Incompatível";"Colisão traseira";"Com Vítimas Fatais";"Amanhecer";"Crescente";"Céu Claro";"Dupla";"Reta";"Não";2;1;0;0;1;0;0;2;-19,77351462;-44,12440822;"SPRF-MG";"DEL01-MG";"UOP03-DEL01-MG"
105782;2018-01-24;"quarta-feira";"05:00:00";"SP";116;461,6;"PARIQUERA-ACU";"Falta de Atenção à Condução";"Colisão traseira";"Sem Vítimas";"Amanhecer";"Decrescente";"Nublado";"Dupla";"Reta";"Não";3;0;0;0;2;2;0;4;-24,7102;-47,884;"SPRF-SP";"DEL05-SP";"UOP01-DEL05-SP"
105783;2018-01-24;"quarta-feira";"06:40:00";"PR";376;676;"GUARATUBA";"Defeito Mecânico no Veículo";"Incêndio";"Sem Vítimas";"Pleno dia";"Crescente";"Céu Claro";"Simples";"Reta";"Não";2;0;0;0;1;1;0;2;-25,883259;-48,57514;"SPRF-PR";"DEL01-PR";"DEL7/1-UOP08/PR"
105784;2018-01-24;"quarta-feira";"06:50:00";"ES";262;64;"MARECHAL FLORIANO";"Velocidade Incompatível";"Saída de leito carroçável";"Com Vítimas Feridas";"Pleno dia";"Crescente";"Sol";"Simples";"Curva";"Não";2;0;1;0;0;1;1;2;-20,417;-40,8139;"SPRF-ES";"DEL01-ES";"UOP02-DEL01-ES"
105785;2018-01-24;"quarta-feira";"07:00:00";"PR";277;584;"CASCAVEL";"Falta de Atenção à Condução";"Colisão lateral";"Sem Vítimas";"Pleno dia";"Crescente";"Céu Claro";"Simples";"Reta";"Sim";5;0;0;0;4;1;0;3;-24,96416084;-53,40684235;"SPRF-PR";"DEL04-PR";"UOP01-DEL04-PR"
105787;2018-01-24;"quarta-feira";"07:40:00";"RJ";116;143;"DUQUE DE CAXIAS";"Defeito Mecânico no Veículo";"Colisão com objeto estático";"Sem Vítimas";"Pleno dia";"Decrescente";"Céu Claro";"Dupla";"Reta";"Sim";1;0;0;0;1;0;0;1;-22,6720455;-43,2803327;"SPRF-RJ";"DEL04-RJ";"UOP02-DEL04-RJ"
105790;2018-01-24;"quarta-feira";"05:00:00";"BA";101;392;"IBIRAPITANGA";"Velocidade Incompatível";"Tombamento";"Com Vítimas Fatais";"Amanhecer";"Crescente";"Ignorado";"Simples";"Curva";"Não";2;1;0;0;0;1;0;2;-13,9427458;-39,4793565;"SPRF-BA";"DEL05-BA";"UOP03-DEL05-BA"
105792;2018-01-24;"quarta-feira";"06:50:00";"MG";40;532,6;"BELO HORIZONTE";"Falta de Atenção à Condução";"Colisão traseira";"Sem Vítimas";"Pleno dia";"Crescente";"Céu Claro";"Dupla";"Reta";"Sim";3;0;0;0;3;0;0;3;-19,92482044;-44,01117666;"SPRF-MG";"DEL01-MG";"UOP03-DEL01-MG"
105793;2018-01-24;"quarta-feira";"07:00:00";"MT";364;296,2;"JACIARA";"Falta de Atenção à Condução";"Saída de leito carroçável";"Com Vítimas Feridas";"Pleno dia";"Decrescente";"Céu Claro";"Dupla";"Reta";"Não";2;0;0;1;0;1;1;2;-15,86264026;-55,12703117;"SPRF-MT";"DEL02-MT";"UOP02-DEL05-MT"
105794;2018-01-23;"terça-feira";"18:30:00";"BA";242;330;"LENCOIS";"Defeito Mecânico no Veículo";"Tombamento";"Sem Vítimas";"Plena Noite";"Decrescente";"Céu Claro";"Simples";"Reta";"Não";1;0;0;0;1;0;0;1;-12,488052;-41,149837;"SPRF-BA";"DEL06-BA";"UOP01-DEL06-BA"
105797;2018-01-23;"terça-feira";"22:35:00";"SC";101;310,6;"LAGUNA";"Condutor Dormindo";"Colisão traseira";"Com Vítimas Feridas";"Plena Noite";"Crescente";"Nublado";"Múltipla";"Reta";"Sim";3;0;1;0;1;1;1;3;-28,41948525;-48,79526138;"SPRF-SC";"DEL02-SC";"UOP01-DEL02-SC"
105799;2018-01-13;"sábado";"12:30:00";"PR";163;142,7;"CAPITAO LEONIDAS MARQUES";"Velocidade Incompatível";"Saída de leito carroçável";"Com Vítimas Feridas";"Pleno dia";"Decrescente";"Nublado";"Dupla";"Declive;Curva";"Não";2;0;1;0;0;1;1;2;-25,47714968;-53,590689;"SPRF-PR";"DEL04-PR";"UOP05-DEL05-PR"
105800;2018-01-24;"quarta-feira";"07:20:00";"RS";158;198,9;"CRUZ ALTA";"Desobediência às normas de trânsito pelo condutor";"Colisão frontal";"Sem Vítimas";"Pleno dia";"Crescente";"Nublado";"Simples";"Interseção de Vias";"Sim";3;0;0;0;2;1;0;3;-28,675961;-53,59412491;"SPRF-RS";"DEL10-RS";"UOP02-DEL10-RS"
105808;2018-01-24;"quarta-feira";"08:20:00";"ES";101;1,9;"VITORIA";"Não guardar distância de segurança";"Engavetamento";"Com Vítimas Feridas";"Pleno dia";"Crescente";"Céu Claro";"Dupla";"Reta";"Não";4;0;1;0;3;0;1;4;-20,247168;-40,284327;"SPRF-ES";"DEL02-ES";"UOP01-DEL02-ES"
105812;2018-01-24;"quarta-feira";"09:20:00";"SC";101;235,9;"PALHOCA";"Falta de Atenção à Condução";"Colisão lateral";"Com Vítimas Feridas";"Pleno dia";"Decrescente";"Céu Claro";"Dupla";"Reta";"Não";2;0;1;0;1;0;1;2;-27,81900406;-48,63116795;"SPRF-SC";"DEL01-SC";"UOP02-DEL01-SC"
105818;2018-01-24;"quarta-feira";"07:30:00";"PR";116;194;"RIO NEGRO";"Condutor Dormindo";"Saída de leito carroçável";"Sem Vítimas";"Pleno dia";"Crescente";"Nublado";"Simples";"Reta";"Não";1;0;0;0;1;0;0;1;-25,987011;-49,665298;"SPRF-SC";"DEL06-SC";"UOP01-DEL06-SC"
105821;2018-01-24;"quarta-feira";"10:10:00";"PR";116;14;"CAMPINA GRANDE DO SUL";"Velocidade Incompatível";"Tombamento";"Com Vítimas Feridas";"Pleno dia";"Decrescente";"Céu Claro";"Dupla";"Curva";"Não";2;0;1;0;0;1;1;2;-25,09944461;-48,67815882;"SPRF-PR";"DEL01-PR";"UOP02-DEL01-PR"
105826;2018-01-21;"domingo";"06:00:00";"PE";101;51;"PAULISTA";"Velocidade Incompatível";"Saída de leito carroçável";"Sem Vítimas";"Pleno dia";"Decrescente";"Chuva";"Dupla";"Curva";"Sim";2;0;0;0;1;2;0;3;-7,92075284;-34,89206582;"SPRF-PE";"DEL01-PE";"UOP02-DEL01-PE"
105832;2018-01-09;"terça-feira";"11:30:00";"MA";10;347;"ACAILANDIA";"Falta de Atenção à Condução";"Colisão traseira";"Sem Vítimas";"Pleno dia";"Decrescente";"Céu Claro";"Simples";"Reta";"Não";3;0;0;0;2;1;0;3;-4,718942;-47,497746;"SPRF-MA";"DEL04-MA";"UOP03-DEL04-MA"
105836;2018-01-24;"quarta-feira";"11:25:00";"SC";101;204,3;"SAO JOSE";"Falta de Atenção à Condução";"Colisão lateral";"Sem Vítimas";"Pleno dia";"Decrescente";"Sol";"Dupla";"Reta";"Sim";3;0;0;0;3;0;0;3;-27,58050432;-48,61459082;"SPRF-SC";"DEL01-SC";"UOP01-DEL01-SC"
105839;2018-01-24;"quarta-feira";"09:30:00";"BA";101;837,5;"ITAMARAJU";"Velocidade Incompatível";"Saída de leito carroçável";"Sem Vítimas";"Pleno dia";"Crescente";"Chuva";"Simples";"Curva";"Não";1;0;0;0;1;0;0;1;-17,12075404;-39,56790451;"SPRF-BA";"DEL09-BA";"UOP01-DEL09-BA"
105840;2018-01-24;"quarta-feira";"11:25:00";"SC";101;206;"SAO JOSE";"Falta de Atenção à Condução";"Colisão traseira";"Com Vítimas Feridas";"Pleno dia";"Decrescente";"Céu Claro";"Dupla";"Reta";"Sim";3;0;1;0;1;1;1;3;-27,6001;-48,6225;"SPRF-SC";"DEL01-SC";"UOP01-DEL01-SC"
105841;2018-01-24;"quarta-feira";"11:30:00";"SP";116;216,6;"GUARULHOS";"Não guardar distância de segurança";"Colisão traseira";"Com Vítimas Feridas";"Pleno dia";"Crescente";"Céu Claro";"Múltipla";"Reta";"Sim";3;0;1;0;2;0;1;2;-23,463257;-46,53373;"SPRF-SP";"DEL01-SP";"UOP01-DEL01-SP"
105842;2018-01-24;"quarta-feira";"12:00:00";"MG";40;771,7;"JUIZ DE FORA";"Velocidade Incompatível";"Colisão transversal";"Com Vítimas Feridas";"Pleno dia";"Decrescente";"Céu Claro";"Dupla";"Curva";"Não";7;0;2;0;4;1;2;3;-21,63559404;-43,44046444;"SPRF-MG";"DEL05-MG";"UOP01-DEL05-MG"
105843;2018-01-24;"quarta-feira";"11:30:00";"SC";280;128,3;"RIO NEGRINHO";"Falta de Atenção à Condução";"Colisão traseira";"Sem Vítimas";"Pleno dia";"Decrescente";"Céu Claro";"Simples";"Reta";"Não";2;0;0;0;2;0;0;2;-26,24341532;-49,51384127;"SPRF-SC";"DEL06-SC";"UOP03-DEL06-SC"
105844;2018-01-24;"quarta-feira";"10:30:00";"MG";262;616,2;"IBIA";"Falta de Atenção à Condução";"Tombamento";"Sem Vítimas";"Pleno dia";"Decrescente";"Sol";"Simples";"Reta";"Não";2;0;0;0;1;1;0;2;-19,4938;-46,549;"SPRF-MG";"DEL08-MG";"UOP02-DEL08-MG"
105845;2018-01-16;"terça-feira";"20:25:00";"PR";277;9;"PARANAGUA";"Pista Escorregadia";"Saída de leito carroçável";"Com Vítimas Feridas";"Plena Noite";"Crescente";"Chuva";"Simples";"Reta";"Não";3;0;2;0;0;1;2;2;-25,56651;-48,60713;"SPRF-PR";"DEL01-PR";"UOP05-DEL01-PR"
105852;2018-01-24;"quarta-feira";"14:00:00";"RS";285;162;"MUITOS CAPOES";"Velocidade Incompatível";"Derramamento de carga";"Sem Vítimas";"Pleno dia";"Crescente";"Nublado";"Simples";"Curva";"Não";2;0;0;0;1;1;0;2;-28,318995;-51,246716;"SPRF-RS";"DEL05-RS";"UOP03-DEL05-RS"
105854;2018-01-24;"quarta-feira";"13:00:00";"MS";163;444,2;"CAMPO GRANDE";"Avarias e/ou desgaste excessivo no pneu";"Colisão transversal";"Sem Vítimas";"Pleno dia";"Decrescente";"Chuva";"Simples";"Declive";"Não";5;0;0;0;4;1;0;3;-20,77986898;-54,52514648;"SPRF-MS";"DEL01-MS";"UOP01-DEL01-MS"
105856;2018-01-24;"quarta-feira";"09:40:00";"PR";476;143,8;"CURITIBA";"Não guardar distância de segurança";"Colisão lateral";"Com Vítimas Feridas";"Pleno dia";"Decrescente";"Nublado";"Dupla";"Reta";"Sim";3;0;0;1;1;1;1;3;-25,53359822;-49,31859791;"SPRF-PR";"DEL01-PR";"UOP06-DEL01-PR"
105861;2018-01-24;"quarta-feira";"14:50:00";"ES";262;18,9;"VIANA";"Falta de Atenção à Condução";"Colisão transversal";"Com Vítimas Feridas";"Pleno dia";"Crescente";"Céu Claro";"Simples";"Reta";"Sim";5;0;2;0;1;2;2;3;-20,39362932;-40,48726514;"SPRF-ES";"DEL01-ES";"UOP01-DEL01-ES"
105867;2018-01-24;"quarta-feira";"15:44:00";"SP";116;212;"GUARULHOS";"Falta de Atenção à Condução";"Colisão traseira";"Sem Vítimas";"Pleno dia";"Crescente";"Céu Claro";"Múltipla";"Aclive";"Sim";5;0;0;0;3;2;0;5;-23,4385462;-46,43419862;"SPRF-SP";"DEL01-SP";"UOP01-DEL01-SP"
105868;2018-01-24;"quarta-feira";"08:35:00";"SC";116;221;"CORREIA PINTO";"Falta de Atenção à Condução";"Colisão com objeto estático";"Com Vítimas Feridas";"Pleno dia";"Decrescente";"Nublado";"Simples";"Reta";"Sim";2;0;1;0;0;1;1;2;-27,585733;-50,365551;"SPRF-SC";"DEL05-SC";"UOP03-DEL05-SC"
105882;2018-01-24;"quarta-feira";"16:35:00";"SC";280;133,5;"RIO NEGRINHO";"Falta de Atenção à Condução";"Colisão transversal";"Com Vítimas Feridas";"Pleno dia";"Decrescente";"Céu Claro";"Simples";"Interseção de Vias";"Sim";2;0;0;1;1;0;1;2;-26,26796567;-49,55394298;"SPRF-SC";"DEL06-SC";"UOP03-DEL06-SC"
105884;2018-01-24;"quarta-feira";"17:20:00";"MG";40;460;"SETE LAGOAS";"Pista Escorregadia";"Saída de leito carroçável";"Com Vítimas Feridas";"Pleno dia";"Crescente";"Chuva";"Dupla";"Curva";"Não";4;0;3;1;0;0;4;1;-19,4746392;-44,2916773;"SPRF-MG";"DEL02-MG";"UOP01-DEL02-MG"
105891;2018-01-24;"quarta-feira";"15:00:00";"PR";163;99,5;"CAPANEMA";"Falta de Atenção à Condução";"Colisão traseira";"Com Vítimas Feridas";"Pleno dia";"Decrescente";"Nublado";"Simples";"Reta;Declive";"Não";4;0;1;0;3;0;1;3;-25,60112822;-53,77387047;"SPRF-PR";"DEL02-PR";"UOP02-DEL02-PR"
105893;2018-01-24;"quarta-feira";"16:30:00";"SE";235;50;"ITABAIANA";"Falta de Atenção à Condução";"Colisão com objeto estático";"Sem Vítimas";"Pleno dia";"Decrescente";"Céu Claro";"Simples";"Reta";"Sim";1;0;0;0;1;0;0;1;-10,707879;-37,42606;"SPRF-SE";"DEL01-SE";"UOP02-DEL01-SE"
105896;2018-01-24;"quarta-feira";"18:40:00";"RJ";40;106;"DUQUE DE CAXIAS";"Falta de Atenção à Condução";"Colisão com objeto em movimento";"Com Vítimas Feridas";"Pleno dia";"Crescente";"Céu Claro";"Dupla";"Reta";"Sim";2;0;1;0;1;0;1;2;-22,65320517;-43,28375101;"SPRF-RJ";"DEL01-RJ";"UOP01-DEL01-RJ"
105909;2018-01-24;"quarta-feira";"19:10:00";"RS";285;440,2;"BOZANO";"Velocidade Incompatível";"Saída de leito carroçável";"Sem Vítimas";"Anoitecer";"Crescente";"Garoa/Chuvisco";"Simples";"Curva;Declive";"Não";5;0;0;0;4;1;0;3;-28,34850374;-53,72880936;"SPRF-RS";"DEL10-RS";"UOP01-DEL10-RS"
105916;2018-01-24;"quarta-feira";"19:00:00";"SE";101;130;"ESTANCIA";"Defeito Mecânico no Veículo";"Incêndio";"Sem Vítimas";"Plena Noite";"Decrescente";"Céu Claro";"Dupla";"Reta";"Não";2;0;0;0;1;1;0;2;-11,1093;-37,3743;"SPRF-SE";"DEL02-SE";"UOP01-DEL02-SE"
105917;2018-01-24;"quarta-feira";"16:30:00";"MG";40;332,8;"FELIXLANDIA";"Defeito Mecânico no Veículo";"Saída de leito carroçável";"Com Vítimas Feridas";"Pleno dia";"Crescente";"Chuva";"Dupla";"Declive;Curva";"Não";4;0;2;1;1;0;3;2;-18,598295;-45,010262;"SPRF-MG";"DEL14-MG";"UOP02-DEL14-MG"
105919;2018-01-24;"quarta-feira";"19:55:00";"RJ";40;118;"DUQUE DE CAXIAS";"Falta de Atenção à Condução";"Colisão traseira";"Com Vítimas Feridas";"Plena Noite";"Crescente";"Nublado";"Múltipla";"Reta";"Sim";2;0;0;1;1;0;1;2;-22,76058054;-43,28699112;"SPRF-RJ";"DEL01-RJ";"UOP01-DEL01-RJ"
105921;2018-01-24;"quarta-feira";"12:40:00";"BA";101;403,1;"IBIRAPITANGA";"Velocidade Incompatível";"Tombamento";"Com Vítimas Feridas";"Pleno dia";"Crescente";"Chuva";"Simples";"Curva";"Não";2;0;1;0;0;1;1;2;-14,015853;-39,436539;"SPRF-BA";"DEL05-BA";"UOP03-DEL05-BA"
105922;2018-01-05;"sexta-feira";"13:10:00";"MA";222;289,5;"VITORIA DO MEARIM";"Pista Escorregadia";"Colisão transversal";"Sem Vítimas";"Pleno dia";"Decrescente";"Chuva";"Simples";"Reta";"Não";3;0;0;0;2;1;0;3;-3,44920966;-44,84049171;"SPRF-MA";"DEL02-MA";"UI04-DEL02-MA"
105923;2018-01-24;"quarta-feira";"19:10:00";"MT";163;110,5;"RONDONOPOLIS";"Falta de Atenção à Condução";"Saída de leito carroçável";"Sem Vítimas";"Anoitecer";"Crescente";"Céu Claro";"Dupla";"Reta;Declive";"Não";2;0;0;0;1;1;0;2;-16,565665;-54,68111157;"SPRF-MT";"DEL02-MT";"UOP01-DEL02-MT"
105928;2018-01-24;"quarta-feira";"19:40:00";"SC";101;220;"PALHOCA";"Falta de Atenção à Condução";"Colisão lateral";"Com Vítimas Feridas";"Pleno dia";"Decrescente";"Chuva";"Dupla";"Reta";"Não";6;0;3;2;1;0;5;2;-27,702;-48,6594;"SPRF-SC";"DEL01-SC";"UOP02-DEL01-SC"