"id";"data_inversa";"dia_semana";"horario";"uf";"br";"km";"municipio";"causa_acidente";"tipo_acidente";"classificacao_acidente";"fase_dia";"sentido_via";"condicao_metereologica";"tipo_pista";"tracado_via";"uso_solo";"pessoas";"mortos";"feridos_leves";"feridos_graves";"ilesos";"ignorados";"feridos";"veiculos";"latitude";"longitude";"regional";"delegacia";"uop"
105933;2018-01-24;"quarta-feira";"20:15:00";"AL";101;85;"RIO LARGO";"Falta de Atenção à Condução";"Colisão lateral";"Sem Vítimas";"Plena Noite";"Decrescente";"Céu Claro";"Simples";"Reta";"Não";4;0;0;0;3;3;0;6;-9,464002;-35,879585;"SPRF-AL";"DEL01-AL";"UOP01-DEL01-AL"
105934;2018-01-24;"quarta-feira";"17:10:00";"MA";135;37;"BACABEIRA";"Pista Escorregadia";"Tombamento";"Sem Vítimas";"Pleno dia";"Crescente";"Chuva";"Dupla";"Reta";"Não";1;0;0;0;1;0;0;1;-2,867076;-44,374821;"SPRF-MA";"DEL01-MA";"UOP01-DEL01-MA"
105936;2018-01-24;"quarta-feira";"21:00:00";"CE";222;340,1;"TIANGUA";"Velocidade Incompatível";"Colisão traseira";"Com Vítimas Feridas";"Plena Noite";"Decrescente";"Chuva";"Simples";"Reta";"Não";8;0;2;4;2;0;6;2;-3,87470209;-41,17263794;"SPRF-CE";"DEL04-CE";"UOP02-DEL04-CE"
105943;2018-01-24;"quarta-feira";"23:00:00";"SC";470;57,6;"BLUMENAU";"Ingestão de Álcool";"Colisão frontal";"Com Vítimas Feridas";"Plena Noite";"Crescente";"Nublado";"Simples";"Reta";"Sim";3;0;0;1;1;1;1;3;-26,87644007;-49,12573099;"SPRF-SC";"DEL04-SC";"UOP01-DEL04-SC"
105945;2018-01-24;"quarta-feira";"18:05:00";"SC";101;258;"PAULO LOPES";"Condutor Dormindo";"Saída de leito carroçável";"Com Vítimas Feridas";"Pleno dia";"Decrescente";"Chuva";"Dupla";"Curva";"Não";2;0;1;1;0;0;2;1;-28,01868397;-48,69541347;"SPRF-SC";"DEL02-SC";"UOP03-DEL02-SC"
105949;2018-01-24;"quarta-feira";"23:00:00";"MG";40;671,5;"CARANDAI";"Falta de Atenção à Condução";"Tombamento";"Sem Vítimas";"Plena Noite";"Decrescente";"Céu Claro";"Simples";"Reta";"Não";2;0;0;0;1;1;0;2;-20,9948;-43,7775;"SPRF-MG";"DEL05-MG";"UOP02-DEL05-MG"
105950;2018-01-24;"quarta-feira";"18:30:00";"MT";364;349,4;"SANTO ANTONIO DO LEVERGER";"Velocidade Incompatível";"Colisão traseira";"Com Vítimas Feridas";"Pleno dia";"Crescente";"Sol";"Dupla";"Declive";"Não";5;0;2;0;2;3;2;6;-15,79372704;-55,58653307;"SPRF-MT";"DEL02-MT";"UOP02-DEL01-MT"
105955;2018-01-24;"quarta-feira";"23:40:00";"CE";116;483;"MILAGRES";"Animais na Pista";"Atropelamento de Animal";"Sem Vítimas";"Plena Noite";"Crescente";"Nublado";"Simples";"Reta";"Não";2;0;0;0;1;1;0;2;-7,328624;-38,937444;"SPRF-CE";"DEL05-CE";"UOP03-DEL05-CE"
105957;2018-01-25;"quinta-feira";"01:15:00";"SP";153;313;"RIBEIRAO DO SUL";"Condutor Dormindo";"Colisão lateral";"Sem Vítimas";"Plena Noite";"Crescente";"Nublado";"Simples";"Reta";"Não";2;0;0;0;2;0;0;2;-22,70430533;-49,88960266;"SPRF-SP";"DEL07-SP";"UOP03-DEL07-SP"
105959;2018-01-24;"quarta-feira";"23:58:00";"MG";381;180,8;"GOVERNADOR VALADARES";"Defeito Mecânico no Veículo";"Queda de ocupante de veículo";"Com Vítimas Feridas";"Plena Noite";"Decrescente";"Céu Claro";"Simples";"Curva";"Não";3;0;0;1;1;1;1;2;-19,01049875;-42,13749558;"SPRF-MG";"DEL06-MG";"UOP01-DEL06-MG"
105962;2018-01-24;"quarta-feira";"07:20:00";"RO";364;40;"VILHENA";"Defeito Mecânico no Veículo";"Incêndio";"Sem Vítimas";"Pleno dia";"Crescente";"Céu Claro";"Simples";"Reta";"Não";2;0;0;0;1;2;0;3;-12,635082;-60,329987;"SPRF-RO";"DEL04-RO";"DEL21/4-UOP03/RO"
105963;2018-01-25;"quinta-feira";"04:00:00";"RJ";40;123;"DUQUE DE CAXIAS";"Falta de Atenção à Condução";"Capotamento";"Sem Vítimas";"Plena Noite";"Crescente";"Céu Claro";"Dupla";"Reta";"Sim";1;0;0;0;0;1;0;1;-22,79999995;-43,29045025;"SPRF-RJ";"DEL01-RJ";"UOP01-DEL01-RJ"
105964;2018-01-25;"quinta-feira";"03:30:00";"GO";60;113,9;"GOIANAPOLIS";"Carga excessiva e/ou mal acondicionada";"Colisão com objeto estático";"Sem Vítimas";"Plena Noite";"Crescente";"Chuva";"Dupla";"Declive;Reta";"Não";1;0;0;0;1;0;0;1;-16,46268715;-49,06290677;"SPRF-GO";"DEL01-GO";"UOP01-DEL01-GO"
105968;2018-01-25;"quinta-feira";"04:50:00";"PR";116;89;"PIRAQUARA";"Condutor Dormindo";"Incêndio";"Sem Vítimas";"Plena Noite";"Crescente";"Céu Claro";"Dupla";"Reta";"Não";2;0;0;0;1;1;0;2;-25,454243;-49,088184;"SPRF-PR";"DEL01-PR";"UOP07-DEL01-PR"
105969;2018-01-25;"quinta-feira";"03:45:00";"SP";116;131,9;"CACAPAVA";"Falta de Atenção à Condução";"Colisão traseira";"Com Vítimas Feridas";"Plena Noite";"Crescente";"Céu Claro";"Dupla";"Reta";"Sim";3;0;1;0;1;1;1;3;-23,13128094;-45,74398402;"SPRF-SP";"DEL06-SP";"UOP02-DEL02-SP"
105971;2018-01-25;"quinta-feira";"04:45:00";"SC";101;274,3;"IMBITUBA";"Falta de Atenção à Condução";"Colisão traseira";"Sem Vítimas";"Plena Noite";"Decrescente";"Nublado";"Dupla";"Reta";"Sim";2;0;0;0;2;0;0;2;-28,1522418;-48,69220555;"SPRF-SC";"DEL02-SC";"UOP03-DEL02-SC"
105974;2018-01-25;"quinta-feira";"05:20:00";"PR";376;506;"PONTA GROSSA";"Condutor Dormindo";"Colisão traseira";"Com Vítimas Feridas";"Plena Noite";"Decrescente";"Ignorado";"Dupla";"Reta";"Sim";3;0;1;0;1;2;1;4;-25,095474;-50,162373;"SPRF-PR";"DEL03-PR";"UOP04-DEL03-PR"
105975;2018-01-25;"quinta-feira";"05:30:00";"SC";470;15,7;"ILHOTA";"Defeito Mecânico no Veículo";"Incêndio";"Sem Vítimas";"Plena Noite";"Crescente";"Nublado";"Simples";"Curva";"Não";1;0;0;0;1;0;0;1;-26,84115168;-48,79225933;"SPRF-SC";"DEL04-SC";"UOP04-DEL04-SC"
105976;2018-01-25;"quinta-feira";"06:15:00";"RS";158;266,8;"JULIO DE CASTILHOS";"Falta de Atenção à Condução";"Colisão frontal";"Com Vítimas Feridas";"Amanhecer";"Crescente";"Nevoeiro/Neblina";"Simples";"Reta";"Não";2;0;1;0;1;0;1;2;-29,24356984;-53,66546631;"SPRF-RS";"DEL09-RS";"UOP01-DEL09-RS"
105981;2018-01-24;"quarta-feira";"19:30:00";"BA";116;23,9;"VITORIA DA CONQUISTA";"Falta de Atenção à Condução";"Tombamento";"Sem Vítimas";"Plena Noite";"Decrescente";"Nublado";"Simples";"Reta";"Não";1;0;0;0;1;0;0;1;-14,8673789;-40,7998538;"SPRF-PE";"DEL05-PE";"UOP03-DEL05-PE"
105983;2018-01-25;"quinta-feira";"06:00:00";"RN";226;109,3;"SANTA CRUZ";"Falta de Atenção à Condução";"Colisão traseira";"Com Vítimas Feridas";"Pleno dia";"Decrescente";"Céu Claro";"Simples";"Aclive";"Sim";4;0;2;0;1;1;2;3;-6,2298574;-36,023075;"SPRF-RN";"DEL03-RN";"UOP02-DEL03-RN"
105984;2018-01-24;"quarta-feira";"20:00:00";"MG";381;816,2;"CAREACU";"Defeito Mecânico no Veículo";"Colisão com objeto estático";"Sem Vítimas";"Plena Noite";"Decrescente";"Chuva";"Dupla";"Reta";"Não";1;0;0;0;1;0;0;1;-22,04348112;-45,68742072;"SPRF-MG";"DEL16-MG";"UOP02-DEL16-MG"
105987;2018-01-09;"terça-feira";"13:05:00";"PR";376;616,7;"SAO JOSE DOS PINHAIS";"Falta de Atenção à Condução";"Colisão lateral";"Com Vítimas Feridas";"Pleno dia";"Decrescente";"Garoa/Chuvisco";"Dupla";"Reta";"Não";3;0;0;2;1;0;2;2;-25,58435937;-49,17592049;"SPRF-PR";"DEL01-PR";"DEL7/1-UOP08/PR"
105989;2018-01-25;"quinta-feira";"07:30:00";"MG";381;936,2;"EXTREMA";"Velocidade Incompatível";"Tombamento";"Com Vítimas Feridas";"Pleno dia";"Crescente";"Céu Claro";"Dupla";"Curva";"Não";2;0;0;1;0;1;1;2;-22,80843136;-46,27779272;"SPRF-MG";"DEL16-MG";"UOP03-DEL16-MG"
105995;2018-01-25;"quinta-feira";"07:20:00";"MG";381;778;"CAMPANHA";"Defeito Mecânico no Veículo";"Tombamento";"Com Vítimas Feridas";"Pleno dia";"Decrescente";"Céu Claro";"Dupla";"Reta";"Não";3;0;1;0;1;1;1;3;-21,8030702;-45,47260183;"SPRF-MG";"DEL16-MG";"UOP02-DEL16-MG"
105997;2018-01-25;"quinta-feira";"06:30:00";"PA";316;61;"CASTANHAL";"Falta de Atenção à Condução";"Colisão transversal";"Sem Vítimas";"Pleno dia";"Crescente";"Chuva";"Simples";"Reta";"Sim";2;0;0;0;2;0;0;2;-1,29717175;-47,93418646;"SPRF-PA";"DEL01-PA";"UOP01-DEL01-PA"
105999;2018-01-25;"quinta-feira";"08:20:00";"GO";364;234,6;"JATAI";"Falta de Atenção à Condução";"Colisão traseira";"Com Vítimas Feridas";"Pleno dia";"Crescente";"Chuva";"Simples";"Reta";"Não";6;0;1;0;5;0;1;2;-17,80572051;-52,04107225;"SPRF-GO";"DEL05-GO";"UOP01-DEL05-GO"
106006;2018-01-25;"quinta-feira";"08:00:00";"PE";101;68,1;"RECIFE";"Velocidade Incompatível";"Colisão traseira";"Sem Vítimas";"Pleno dia";"Decrescente";"Sol";"Dupla";"Viaduto";"Sim";4;0;0;0;3;1;0;4;-8,05861994;-34,94579;"SPRF-PE";"DEL01-PE";"UOP01-DEL01-PE"
106008;2018-01-25;"quinta-feira";"05:00:00";"BA";101;60,8;"ENTRE RIOS";"Falta de Atenção à Condução";"Colisão traseira";"Com Vítimas Feridas";"Pleno dia";"Decrescente";"Sol";"Simples";"Reta";"Não";4;0;1;0;2;4;1;7;-11,94486642;-38,06180996;"SPRF-BA";"DEL01-BA";"UOP04-DEL01-BA"
106013;2018-01-25;"quinta-feira";"07:30:00";"MT";163;860;"SINOP";"Ultrapassagem Indevida";"Saída de leito carroçável";"Sem Vítimas";"Pleno dia";"Decrescente";"Sol";"Simples";"Reta";"Não";2;0;0;0;1;2;0;3;-11,864589;-55,502926;"SPRF-MT";"DEL06-MT";"UOP02-DEL06-MT"
106016;2018-01-25;"quinta-feira";"09:05:00";"MG";251;420,2;"GRAO MOGOL";"Defeito na Via";"Saída de leito carroçável";"Com Vítimas Feridas";"Pleno dia";"Crescente";"Céu Claro";"Simples";"Curva";"Não";2;0;1;0;0;1;1;2;-16,35354017;-43,15886021;"SPRF-MG";"DEL12-MG";"UOP01-DEL12-MG"
106020;2018-01-25;"quinta-feira";"10:20:00";"MG";381;535;"ITATIAIUCU";"Falta de Atenção à Condução";"Colisão com objeto estático";"Sem Vítimas";"Pleno dia";"Crescente";"Céu Claro";"Dupla";"Reta";"Não";1;0;0;0;1;0;0;1;-20,1951;-44,3845;"SPRF-MG";"DEL04-MG";"UOP03-DEL04-MG"
106023;2018-01-14;"domingo";"03:00:00";"BA";418;102;"NOVA VICOSA";"Defeito Mecânico no Veículo";"Incêndio";"Sem Vítimas";"Plena Noite";"Crescente";"Nublado";"Simples";"Reta";"Não";1;0;0;0;1;0;0;1;-17,8947;-39,3722;"SPRF-BA";"DEL09-BA";"UOP02-DEL09-BA"
106026;2018-01-25;"quinta-feira";"06:50:00";"MT";364;487;"JANGADA";"Desobediência às normas de trânsito pelo condutor";"Colisão frontal";"Com Vítimas Feridas";"Pleno dia";"Crescente";"Céu Claro";"Simples";"Reta";"Não";4;0;3;0;0;4;3;6;-15,350019;-56,415577;"SPRF-MT";"DEL01-MT";"DEL2/4-UOP02/MT"
106030;2018-01-25;"quinta-feira";"11:00:00";"SC";101;57;"ARAQUARI";"Falta de Atenção à Condução";"Tombamento";"Sem Vítimas";"Pleno dia";"Crescente";"Nublado";"Dupla";"Reta";"Não";2;0;0;0;1;1;0;2;-26,4403;-48,801;"SPRF-SC";"DEL03-SC";"UOP01-DEL03-SC"
106031;2018-01-25;"quinta-feira";"08:00:00";"CE";222;61,6;"SAO GONCALO DO AMARANTE";"Falta de Atenção à Condução";"Tombamento";"Sem Vítimas";"Pleno dia";"Crescente";"Chuva";"Simples";"Reta";"Não";1;0;0;0;1;0;0;1;-3,6683941;-39,0951124;"SPRF-CE";"DEL01-CE";"UOP03-DEL01-CE"
106033;2018-01-25;"quinta-feira";"09:00:00";"RO";319;64,6;"PORTO VELHO";"Falta de Atenção à Condução";"Colisão lateral";"Sem Vítimas";"Pleno dia";"Crescente";"Sol";"Dupla";"Reta";"Sim";3;0;0;0;3;0;0;3;-8,76994727;-63,88370365;"SPRF-RO";"DEL01-RO";"UOP01-DEL01-RO"
106034;2018-01-25;"quinta-feira";"11:45:00";"RS";386;436;"NOVA SANTA RITA";"Falta de Atenção à Condução";"Colisão lateral";"Sem Vítimas";"Pleno dia";"Crescente";"Céu Claro";"Dupla";"Reta";"Não";2;0;0;0;2;0;0;2;-29,850487;-51,266758;"SPRF-RS";"DEL04-RS";"UOP02-DEL04-RS"
106035;2018-01-25;"quinta-feira";"10:40:00";"SP";116;564;"BARRA DO TURVO";"Falta de Atenção à Condução";"Tombamento";"Com Vítimas Feridas";"Pleno dia";"Crescente";"Nublado";"Simples";"Declive;Curva";"Não";2;0;1;0;0;1;1;2;-25,03564058;-48,5373795;"SPRF-SP";"DEL05-SP";"UOP02-DEL05-SP"
106036;2018-01-25;"quinta-feira";"11:50:00";"RJ";101;60;"CAMPOS DOS GOYTACAZES";"Falta de Atenção à Condução";"Colisão lateral";"Sem Vítimas";"Pleno dia";"Crescente";"Céu Claro";"Simples";"Interseção de Vias";"Sim";3;0;0;0;3;0;0;2;-21,720467;-41,314461;"SPRF-RJ";"DEL08-RJ";"UOP01-DEL08-RJ"
106037;2018-01-25;"quinta-feira";"12:10:00";"SC";101;41;"JOINVILLE";"Falta de Atenção do Pedestre";"Atropelamento de Pedestre";"Com Vítimas Fatais";"Pleno dia";"Crescente";"Nublado";"Dupla";"Curva";"Sim";3;1;0;0;1;1;0;3;-26,324;-48,8672;"SPRF-SC";"DEL03-SC";"UOP01-DEL03-SC"
106038;2018-01-25;"quinta-feira";"09:00:00";"RO";319;63,1;"PORTO VELHO";"Falta de Atenção à Condução";"Colisão lateral";"Sem Vítimas";"Pleno dia";"Decrescente";"Nublado";"Dupla";"Interseção de Vias";"Sim";3;0;0;0;3;0;0;3;-8,75873931;-63,88610959;"SPRF-RO";"DEL01-RO";"UOP01-DEL01-RO"
106040;2018-01-25;"quinta-feira";"11:45:00";"PR";476;128,4;"CURITIBA";"Falta de Atenção à Condução";"Colisão traseira";"Com Vítimas Feridas";"Pleno dia";"Decrescente";"Nublado";"Múltipla";"Curva";"Sim";4;0;1;0;3;0;1;3;-25,43544625;-49,23364162;"SPRF-PR";"DEL01-PR";"UOP07-DEL01-PR"
106041;2018-01-25;"quinta-feira";"11:40:00";"BA";116;581;"NOVA ITARANA";"Não guardar distância de segurança";"Colisão lateral";"Com Vítimas Feridas";"Pleno dia";"Crescente";"Céu Claro";"Simples";"Declive";"Sim";3;0;2;0;1;0;2;2;-13,1044328;-39,99188393;"SPRF-BA";"DEL03-BA";"UOP02-DEL03-BA"
106045;2018-01-25;"quinta-feira";"12:30:00";"MG";40;612,9;"CONGONHAS";"Falta de Atenção à Condução";"Colisão traseira";"Sem Vítimas";"Pleno dia";"Crescente";"Céu Claro";"Simples";"Reta";"Não";4;0;0;0;4;0;0;2;-20,52758645;-43,82539881;"SPRF-MG";"DEL05-MG";"UOP02-DEL05-MG"
106047;2018-01-25;"quinta-feira";"11:40:00";"BA";20;100,5;"SAO DESIDERIO";"Condutor Dormindo";"Colisão traseira";"Com Vítimas Feridas";"Pleno dia";"Crescente";"Céu Claro";"Simples";"Reta";"Não";4;0;2;0;1;1;2;4;-13,066942;-46,010284;"SPRF-BA";"DEL10-BA";"UOP01-DEL10-BA"
106050;2018-01-25;"quinta-feira";"13:40:00";"PA";10;22;"DOM ELISEU";"Ultrapassagem Indevida";"Saída de leito carroçável";"Com Vítimas Feridas";"Pleno dia";"Decrescente";"Céu Claro";"Simples";"Reta";"Não";2;0;2;0;0;0;2;1;-4,2840474;-47,5581729;"SPRF-PA";"DEL02-PA";"UOP02-DEL02-PA"
106052;2018-01-25;"quinta-feira";"12:35:00";"SP";101;26,7;"UBATUBA";"Defeito Mecânico no Veículo";"Incêndio";"Sem Vítimas";"Pleno dia";"Crescente";"Céu Claro";"Simples";"Reta";"Não";1;0;0;0;1;0;0;1;-23,36373133;-44,95260556;"SPRF-SP";"DEL06-SP";"UOP01-DEL06-SP"
106055;2018-01-25;"quinta-feira";"13:30:00";"RS";101;44;"TERRA DE AREIA";"Falta de Atenção à Condução";"Colisão traseira";"Sem Vítimas";"Pleno dia";"Decrescente";"Chuva";"Múltipla";"Reta";"Sim";3;0;0;0;2;3;0;5;-29,5671677;-50,05264878;"SPRF-RS";"DEL03-RS";"DEL9/3-UOP03/RS"
106058;2018-01-25;"quinta-feira";"13:30:00";"MG";381;443;"SABARA";"Falta de Atenção à Condução";"Colisão lateral";"Com Vítimas Feridas";"Pleno dia";"Decrescente";"Céu Claro";"Simples";"Curva";"Não";3;0;1;0;1;3;1;5;-19,8893;-43,805;"SPRF-MG";"DEL01-MG";"UOP01-DEL01-MG"
106061;2018-01-25;"quinta-feira";"14:30:00";"PR";376;347,8;"ORTIGUEIRA";"Mal Súbito";"Saída de leito carroçável";"Sem Vítimas";"Pleno dia";"Crescente";"Nublado";"Simples";"Curva";"Não";1;0;0;0;1;0;0;1;-24,208803;-50,949875;"SPRF-PR";"DEL07-PR";"UOP02-DEL07-PR"
106064;2018-01-25;"quinta-feira";"13:15:00";"BA";324;533;"FEIRA DE SANTANA";"Falta de Atenção à Condução";"Colisão lateral";"Sem Vítimas";"Pleno dia";"Decrescente";"Sol";"Dupla";"Reta;Interseção de Vias";"Não";2;0;0;0;2;0;0;2;-12,35744158;-38,82851601;"SPRF-BA";"DEL01-BA";"UOP01-DEL01-BA"
106066;2018-01-19;"sexta-feira";"11:50:00";"MG";267;263;"AIURUOCA";"Velocidade Incompatível";"Tombamento";"Com Vítimas Feridas";"Pleno dia";"Decrescente";"Céu Claro";"Simples";"Declive";"Não";2;0;0;1;0;2;1;3;-21,976034;-44,603436;"SPRF-MG";"DEL05-MG";"DEL5/4-UOP01/MG"
106072;2018-01-25;"quinta-feira";"12:05:00";"PR";277;638,3;"CEU AZUL";"Falta de Atenção à Condução";"Colisão com objeto estático";"Sem Vítimas";"Pleno dia";"Crescente";"Céu Claro";"Simples";"Reta";"Não";1;0;0;0;1;0;0;1;-25,15967024;-53,85328455;"SPRF-PR";"DEL05-PR";"UOP02-DEL05-PR"
106074;2018-01-25;"quinta-feira";"14:55:00";"MG";262;566,6;"CORREGO DANTA";"Velocidade Incompatível";"Tombamento";"Com Vítimas Feridas";"Pleno dia";"Decrescente";"Céu Claro";"Simples";"Curva";"Não";3;0;2;0;0;1;2;2;-19,7376225;-46,01005554;"SPRF-MG";"DEL08-MG";"UOP02-DEL08-MG"
106081;2018-01-25;"quinta-feira";"15:30:00";"SP";116;144,6;"SAO JOSE DOS CAMPOS";"Velocidade Incompatível";"Engavetamento";"Sem Vítimas";"Pleno dia";"Crescente";"Céu Claro";"Múltipla";"Reta;Aclive";"Não";5;0;0;0;4;2;0;5;-23,18480229;-45,8506304;"SPRF-SP";"DEL02-SP";"UOP01-DEL02-SP"
106087;2018-01-25;"quinta-feira";"13:00:00";"MG";381;836;"SAO SEBASTIAO DA BELA VISTA";"Falta de Atenção à Condução";"Colisão traseira";"Com Vítimas Feridas";"Pleno dia";"Crescente";"Céu Claro";"Dupla";"Reta";"Não";4;0;0;1;2;1;1;3;-22,14347813;-45,81807375;"SPRF-MG";"DEL16-MG";"UOP01-DEL16-MG"
106088;2018-01-25;"quinta-feira";"15:50:00";"SC";101;217,4;"PALHOCA";"Ingestão de Álcool";"Colisão lateral";"Sem Vítimas";"Pleno dia";"Crescente";"Nublado";"Dupla";"Reta";"Sim";3;0;0;0;2;2;0;4;-27,67280758;-48,67174691;"SPRF-SC";"DEL01-SC";"UOP02-DEL01-SC"
106089;2018-01-25;"quinta-feira";"16:25:00";"MG";153;147,4;"CAMPO FLORIDO";"Velocidade Incompatível";"Colisão frontal";"Com Vítimas Feridas";"Pleno dia";"Decrescente";"Chuva";"Simples";"Reta";"Não";3;0;0;1;1;2;1;4;-19,761019;-48,572624;"SPRF-MG";"DEL13-MG";"UOP02-DEL13-MG"
106091;2018-01-25;"quinta-feira";"15:30:00";"MT";364;135,5;"PEDRA PRETA";"Defeito Mecânico no Veículo";"Colisão frontal";"Sem Vítimas";"Pleno dia";"Decrescente";"Garoa/Chuvisco";"Simples";"Curva";"Não";3;0;0;0;2;1;0;3;-16,82558517;-54,05918719;"SPRF-MT";"DEL02-MT";"UOP01-DEL02-MT"
106096;2018-01-25;"quinta-feira";"16:40:00";"MT";364;345;"SANTO ANTONIO DO LEVERGER";"Defeito Mecânico no Veículo";"Saída de leito carroçável";"Sem Vítimas";"Pleno dia";"Crescente";"Céu Claro";"Dupla";"Curva";"Não";2;0;0;0;1;1;0;2;-15,817847;-55,533951;"SPRF-MT";"DEL02-MT";"UOP02-DEL01-MT"
106099;2018-01-25;"quinta-feira";"17:10:00";"MG";365;489;"PATROCINIO";"Falta de Atenção à Condução";"Colisão lateral";"Com Vítimas Feridas";"Pleno dia";"Decrescente";"Sol";"Simples";"Reta";"Não";2;0;1;0;0;1;1;2;-18,9436;-46,9923;"SPRF-MG";"DEL10-MG";"UOP01-DEL10-MG"
106100;2018-01-25;"quinta-feira";"16:43:00";"PR";277;302,5;"PRUDENTOPOLIS";"Falta de Atenção à Condução";"Colisão traseira";"Sem Vítimas";"Pleno dia";"Decrescente";"Garoa/Chuvisco";"Simples";"Reta";"Não";3;0;0;0;3;0;0;3;-25,30976926;-51,16845042;"SPRF-PR";"DEL03-PR";"UOP01-DEL08-PR"
106102;2018-01-25;"quinta-feira";"15:40:00";"MG";50;198;"UBERABA";"Falta de Atenção à Condução";"Colisão com objeto estático";"Sem Vítimas";"Pleno dia";"Crescente";"Céu Claro";"Múltipla";"Reta";"Não";2;0;0;0;1;1;0;2;-19,9231;-47,8242;"SPRF-MG";"DEL13-MG";"UOP01-DEL13-MG"
106103;2018-01-25;"quinta-feira";"17:20:00";"MG";116;527,7;"CARATINGA";"Desobediência às normas de trânsito pelo condutor";"Colisão transversal";"Com Vítimas Feridas";"Pleno dia";"Crescente";"Sol";"Dupla";"Reta";"Não";2;0;1;0;1;0;1;2;-19,77841525;-42,13367343;"SPRF-MG";"DEL06-MG";"UOP02-DEL06-MG"
106105;2018-01-25;"quinta-feira";"17:00:00";"SP";116;511,3;"BARRA DO TURVO";"Velocidade Incompatível";"Tombamento";"Com Vítimas Feridas";"Pleno dia";"Decrescente";"Nublado";"Dupla";"Curva";"Não";3;0;1;0;1;1;1;2;-24,756866;-48,50514;"SPRF-SP";"DEL05-SP";"UAP01-DEL05-SP"
106109;2018-01-25;"quinta-feira";"17:40:00";"SP";116;150,3;"SAO JOSE DOS CAMPOS";"Defeito Mecânico no Veículo";"Colisão com objeto estático";"Sem Vítimas";"Pleno dia";"Crescente";"Nublado";"Dupla";"Reta";"Sim";4;0;0;0;2;2;0;4;-23,21529552;-45,89511089;"SPRF-SP";"DEL02-SP";"UOP01-DEL02-SP"
106110;2018-01-25;"quinta-feira";"15:55:00";"BA";116;640,5;"JAGUAQUARA";"Falta de Atenção à Condução";"Colisão lateral";"Com Vítimas Feridas";"Pleno dia";"Decrescente";"Céu Claro";"Simples";"Curva;Aclive";"Não";13;0;2;0;10;2;2;4;-13,58053;-40,080366;"SPRF-BA";"DEL03-BA";"UOP01-DEL03-BA"
106114;2018-01-25;"quinta-feira";"13:30:00";"RO";429;73;"ALVORADA DOESTE";"Velocidade Incompatível";"Saída de leito carroçável";"Sem Vítimas";"Pleno dia";"Crescente";"Céu Claro";"Simples";"Reta";"Não";2;0;0;0;2;0;0;2;-11,22390966;-62,16900229;"SPRF-RO";"DEL02-RO";"UOP03-DEL02-RO"
106116;2018-01-25;"quinta-feira";"18:00:00";"SE";101;73;"MARUIM";"Defeito Mecânico no Veículo";"Incêndio";"Sem Vítimas";"Plena Noite";"Crescente";"Ignorado";"Simples";"Reta";"Não";2;0;0;0;1;1;0;2;-10,73794;-37,081974;"SPRF-SE";"DEL01-SE";"UOP01-DEL01-SE"
106126;2018-01-25;"quinta-feira";"16:00:00";"PR";116;93;"SAO JOSE DOS PINHAIS";"Defeito Mecânico no Veículo";"Incêndio";"Com Vítimas Feridas";"Pleno dia";"Crescente";"Céu Claro";"Dupla";"Reta";"Não";2;0;0;1;0;1;1;2;-25,482296;-49,105915;"SPRF-PR";"DEL01-PR";"UOP07-DEL01-PR"
106127;2018-01-25;"quinta-feira";"19:00:00";"RJ";40;81;"DUQUE DE CAXIAS";"Defeito Mecânico no Veículo";"Tombamento";"Sem Vítimas";"Anoitecer";"Crescente";"Nublado";"Simples";"Declive";"Não";1;0;0;0;1;0;0;1;-22,52097763;-43,22826505;"SPRF-RJ";"DEL06-RJ";"UOP01-DEL06-RJ"
106128;2018-01-25;"quinta-feira";"14:00:00";"BA";101;434;"UBAITABA";"Falta de Atenção à Condução";"Engavetamento";"Com Vítimas Feridas";"Pleno dia";"Decrescente";"Céu Claro";"Simples";"Reta";"Não";3;0;1;0;2;0;1;3;-14,2201;-39,3166;"SPRF-BA";"DEL05-BA";"UOP01-DEL05-BA"
106129;2018-01-25;"quinta-feira";"18:50:00";"PI";316;297;"PICOS";"Carga excessiva e/ou mal acondicionada";"Tombamento";"Sem Vítimas";"Plena Noite";"Decrescente";"Nevoeiro/Neblina";"Simples";"Reta";"Não";2;0;0;0;1;1;0;2;-7,02589231;-41,56042099;"SPRF-PI";"DEL04-PI";"UOP01-DEL04-PI"
106135;2018-01-25;"quinta-feira";"16:30:00";"MT";70;581,8;"NOSSA SENHORA DO LIVRAMENTO";"Falta de Atenção à Condução";"Tombamento";"Com Vítimas Feridas";"Pleno dia";"Decrescente";"Chuva";"Simples";"Curva";"Não";3;0;1;0;1;2;1;3;-15,79018121;-56,65072203;"SPRF-MT";"DEL03-MT";"UOP02-DEL03-MT"
106140;2018-01-25;"quinta-feira";"20:37:00";"SC";101;31,5;"JOINVILLE";"Falta de Atenção à Condução";"Colisão traseira";"Com Vítimas Feridas";"Plena Noite";"Crescente";"Chuva";"Dupla";"Reta";"Não";3;0;1;0;1;2;1;4;-26,24075593;-48,91244685;"SPRF-SC";"DEL03-SC";"UOP01-DEL03-SC"
106141;2018-01-25;"quinta-feira";"16:15:00";"MT";163;540;"DIAMANTINO";"Pista Escorregadia";"Saída de leito carroçável";"Sem Vítimas";"Pleno dia";"Crescente";"Chuva";"Simples";"Reta";"Não";2;0;0;0;1;1;0;2;-14,40904;-56,446545;"SPRF-MT";"DEL01-MT";"UOP01-DEL01-MT"
106143;2018-01-25;"quinta-feira";"04:00:00";"MT";70;577,5;"NOSSA SENHORA DO LIVRAMENTO";"Falta de Atenção à Condução";"Saída de leito carroçável";"Sem Vítimas";"Plena Noite";"Decrescente";"Nublado";"Simples";"Curva";"Não";2;0;0;0;1;1;0;2;-15,74386728;-56,54634777;"SPRF-MT";"DEL03-MT";"UOP02-DEL03-MT"