"id";"data_inversa";"dia_semana";"horario";"uf";"br";"km";"municipio";"causa_acidente";"tipo_acidente";"classificacao_acidente";"fase_dia";"sentido_via";"condicao_metereologica";"tipo_pista";"tracado_via";"uso_solo";"pessoas";"mortos";"feridos_leves";"feridos_graves";"ilesos";"ignorados";"feridos";"veiculos";"latitude";"longitude";"regional";"delegacia";"uop"
106146;2018-01-25;"quinta-feira";"19:00:00";"PE";428;173,7;"PETROLINA";"Ingestão de Álcool";"Colisão transversal";"Com Vítimas Fatais";"Plena Noite";"Decrescente";"Nublado";"Simples";"Reta";"Não";2;1;0;0;1;0;0;2;-9,26071848;-40,42947561;"SPRF-PE";"DEL06-PE";"UOP01-DEL06-PE"
106149;2018-01-25;"quinta-feira";"20:45:00";"SC";282;54,9;"AGUAS MORNAS";"Sinalização da via insuficiente ou inadequada";"Colisão lateral";"Sem Vítimas";"Plena Noite";"Crescente";"Garoa/Chuvisco";"Simples";"Curva";"Não";4;0;0;0;3;2;0;5;-27,68965585;-48,98171782;"SPRF-SC";"DEL01-SC";"UOP03-DEL01-SC"
106159;2018-01-25;"quinta-feira";"20:58:00";"RO";364;522;"ARIQUEMES";"Defeito na Via";"Saída de leito carroçável";"Com Vítimas Feridas";"Plena Noite";"Decrescente";"Nublado";"Simples";"Reta";"Não";1;0;1;0;0;0;1;1;-9,861431;-63,058311;"SPRF-RO";"DEL03-RO";"UOP01-DEL03-RO"
106166;2018-01-26;"sexta-feira";"00:35:00";"MG";381;864,9;"POUSO ALEGRE";"Defeito Mecânico no Veículo";"Colisão traseira";"Sem Vítimas";"Plena Noite";"Decrescente";"Nublado";"Dupla";"Reta;Declive";"Não";3;0;0;0;3;0;0;3;-22,35447156;-45,92784936;"SPRF-MG";"DEL16-MG";"UOP01-DEL16-MG"
106167;2018-01-26;"sexta-feira";"00:30:00";"PR";116;77,8;"QUATRO BARRAS";"Falta de Atenção à Condução";"Colisão traseira";"Com Vítimas Feridas";"Plena Noite";"Crescente";"Céu Claro";"Dupla";"Reta";"Não";3;0;0;1;1;2;1;4;-25,38894578;-49,05469613;"SPRF-PR";"DEL01-PR";"UOP07-DEL01-PR"
106169;2018-01-25;"quinta-feira";"21:00:00";"BA";242;645;"MUQUEM DE SAO FRANCISCO";"Defeito Mecânico no Veículo";"Saída de leito carroçável";"Com Vítimas Feridas";"Plena Noite";"Crescente";"Chuva";"Simples";"Reta";"Não";1;0;1;0;0;0;1;1;-12,20144892;-43,66001129;"SPRF-BA";"DEL10-BA";"UOP03-DEL06-BA"
106173;2018-01-25;"quinta-feira";"22:30:00";"MT";70;19;"BARRA DO GARCAS";"Falta de Atenção à Condução";"Saída de leito carroçável";"Sem Vítimas";"Plena Noite";"Decrescente";"Garoa/Chuvisco";"Simples";"Curva;Ponte;Aclive";"Não";1;0;0;0;1;0;0;1;-15,851003;-52,416199;"SPRF-MT";"DEL07-MT";"UOP01-DEL07-MT"
106176;2018-01-26;"sexta-feira";"01:35:00";"RS";116;435,7;"CRISTAL";"Falta de Atenção à Condução";"Colisão frontal";"Com Vítimas Fatais";"Plena Noite";"Decrescente";"Nublado";"Simples";"Reta";"Não";4;1;0;0;1;2;0;4;-31,03830031;-52,04401731;"SPRF-RS";"DEL02-RS";"UOP03-DEL02-RS"
106177;2018-01-26;"sexta-feira";"00:15:00";"MG";381;673,6;"PERDOES";"Condutor Dormindo";"Saída de leito carroçável";"Sem Vítimas";"Plena Noite";"Decrescente";"Ignorado";"Dupla";"Aclive";"Não";1;0;0;0;1;0;0;1;-21,08122393;-45,06090323;"SPRF-MG";"DEL04-MG";"UOP02-DEL04-MG"
106179;2018-01-26;"sexta-feira";"02:45:00";"PR";116;65,3;"QUATRO BARRAS";"Falta de Atenção à Condução";"Colisão com objeto estático";"Sem Vítimas";"Plena Noite";"Crescente";"Garoa/Chuvisco";"Dupla";"Declive;Curva";"Não";2;0;0;0;1;1;0;2;-25,31101557;-49,00468826;"SPRF-PR";"DEL01-PR";"UOP02-DEL01-PR"
106181;2018-01-26;"sexta-feira";"01:50:00";"RJ";116;187;"NOVA IGUACU";"Objeto estático sobre o leito carroçável";"Colisão com objeto estático";"Sem Vítimas";"Plena Noite";"Decrescente";"Céu Claro";"Dupla";"Reta";"Não";3;0;0;0;2;1;0;2;-22,74064393;-43,52579355;"SPRF-RJ";"DEL01-RJ";"UOP03-DEL01-RJ"
106182;2018-01-26;"sexta-feira";"03:50:00";"SP";116;389;"MIRACATU";"Falta de Atenção à Condução";"Colisão traseira";"Com Vítimas Feridas";"Plena Noite";"Decrescente";"Nublado";"Dupla";"Reta";"Não";4;0;1;0;2;2;1;4;-24,27241576;-47,40500808;"SPRF-SP";"DEL04-SP";"UOP02-DEL04-SP"
106185;2018-01-26;"sexta-feira";"04:00:00";"MG";40;647,8;"CRISTIANO OTONI";"Condutor Dormindo";"Colisão frontal";"Com Vítimas Feridas";"Plena Noite";"Decrescente";"Nublado";"Simples";"Declive;Curva";"Não";3;0;2;0;1;0;2;2;-20,8659499;-43,79699707;"SPRF-MG";"DEL05-MG";"UOP02-DEL05-MG"
106187;2018-01-26;"sexta-feira";"04:50:00";"SP";116;381;"MIRACATU";"Condutor Dormindo";"Saída de leito carroçável";"Com Vítimas Feridas";"Plena Noite";"Decrescente";"Nublado";"Dupla";"Reta";"Não";2;0;1;0;0;1;1;2;-24,21659643;-47,36772537;"SPRF-SP";"DEL04-SP";"UOP02-DEL04-SP"
106189;2018-01-26;"sexta-feira";"03:10:00";"PI";316;0,7;"TERESINA";"Defeito Mecânico no Veículo";"Colisão frontal";"Sem Vítimas";"Plena Noite";"Crescente";"Nublado";"Múltipla";"Reta";"Sim";2;0;0;0;2;0;0;2;-5,12785967;-42,80495256;"SPRF-PI";"DEL01-PI";"UOP02-DEL01-PI"
106191;2018-01-26;"sexta-feira";"06:00:00";"ES";101;337,8;"GUARAPARI";"Falta de Atenção à Condução";"Colisão transversal";"Com Vítimas Feridas";"Amanhecer";"Decrescente";"Céu Claro";"Simples";"Reta";"Não";5;0;0;1;1;3;1;4;-20,63979248;-40,54629117;"SPRF-ES";"DEL03-ES";"UOP01-DEL03-ES"
106192;2018-01-26;"sexta-feira";"06:05:00";"MG";365;651;"UBERLANDIA";"Falta de Atenção à Condução";"Colisão com objeto estático";"Sem Vítimas";"Amanhecer";"Decrescente";"Céu Claro";"Dupla";"Reta";"Não";2;0;0;0;1;1;0;2;-18,88395935;-48,47590551;"SPRF-MG";"DEL15-MG";"UOP01-DEL15-MG"
106195;2018-01-26;"sexta-feira";"05:50:00";"RS";290;36,5;"SANTO ANTONIO DA PATRULHA";"Condutor Dormindo";"Saída de leito carroçável";"Sem Vítimas";"Plena Noite";"Decrescente";"Nublado";"Múltipla";"Reta";"Não";2;0;0;0;1;1;0;2;-29,88504787;-50,62244846;"SPRF-RS";"DEL03-RS";"UOP02-DEL03-RS"
106196;2018-01-26;"sexta-feira";"05:20:00";"RJ";101;139,8;"CARAPEBUS";"Condutor Dormindo";"Tombamento";"Sem Vítimas";"Amanhecer";"Crescente";"Céu Claro";"Dupla";"Reta";"Não";3;0;0;0;2;2;0;4;-22,17693957;-41,74871084;"SPRF-RJ";"DEL02-RJ";"UOP04-DEL08-RJ"
106200;2018-01-26;"sexta-feira";"06:50:00";"MG";40;604,3;"CONGONHAS";"Animais na Pista";"Colisão traseira";"Sem Vítimas";"Amanhecer";"Crescente";"Sol";"Simples";"Curva";"Não";4;0;0;0;3;1;0;4;-20,4579894;-43,83809639;"SPRF-MG";"DEL05-MG";"UOP02-DEL05-MG"
106203;2018-01-26;"sexta-feira";"06:00:00";"MT";364;312;"JACIARA";"Falta de Atenção à Condução";"Saída de leito carroçável";"Sem Vítimas";"Amanhecer";"Crescente";"Nublado";"Dupla";"Reta";"Não";2;0;0;0;1;1;0;2;-15,812568;-55,256477;"SPRF-MT";"DEL02-MT";"UOP02-DEL05-MT"
106204;2018-01-26;"sexta-feira";"07:20:00";"GO";60;113,5;"GOIANAPOLIS";"Falta de Atenção à Condução";"Colisão transversal";"Com Vítimas Feridas";"Pleno dia";"Crescente";"Céu Claro";"Dupla";"Reta";"Não";3;0;2;0;1;0;2;2;-16,46024841;-49,0601482;"SPRF-GO";"DEL01-GO";"UOP01-DEL01-GO"
106205;2018-01-26;"sexta-feira";"07:20:00";"RS";386;348,5;"ESTRELA";"Falta de Atenção à Condução";"Colisão lateral";"Com Vítimas Feridas";"Pleno dia";"Decrescente";"Céu Claro";"Dupla";"Reta";"Sim";4;0;2;0;2;0;2;3;-29,4716873;-51,9531709;"SPRF-RS";"DEL04-RS";"UOP01-DEL04-RS"
106209;2018-01-26;"sexta-feira";"07:00:00";"MG";364;0;"PLANURA";"Não guardar distância de segurança";"Colisão traseira";"Com Vítimas Feridas";"Pleno dia";"Decrescente";"Céu Claro";"Simples";"Ponte";"Não";3;0;1;0;1;1;1;3;-20,15394154;-48,68808031;"SPRF-MG";"DEL13-MG";"UOP02-DEL13-MG"
106211;2018-01-26;"sexta-feira";"07:10:00";"PR";376;596,5;"CURITIBA";"Velocidade Incompatível";"Colisão traseira";"Sem Vítimas";"Pleno dia";"Crescente";"Garoa/Chuvisco";"Dupla";"Reta";"Sim";2;0;0;0;2;0;0;2;-25,50590526;-49,34087886;"SPRF-PR";"DEL01-PR";"UOP06-DEL01-PR"
106221;2018-01-26;"sexta-feira";"06:20:00";"MA";135;7,6;"SAO LUIS";"Falta de Atenção à Condução";"Colisão traseira";"Com Vítimas Feridas";"Pleno dia";"Crescente";"Ignorado";"Dupla";"Retorno Regulamentado";"Sim";2;0;1;0;1;0;1;2;-2,6404078;-44,27163005;"SPRF-MA";"DEL01-MA";"UOP01-DEL01-MA"
106223;2018-01-26;"sexta-feira";"08:15:00";"MG";381;862,4;"POUSO ALEGRE";"Mal Súbito";"Saída de leito carroçável";"Com Vítimas Feridas";"Pleno dia";"Crescente";"Nublado";"Dupla";"Curva";"Não";1;0;0;1;0;0;1;1;-22,33466475;-45,92169285;"SPRF-MG";"DEL16-MG";"UOP01-DEL16-MG"
106226;2018-01-26;"sexta-feira";"07:30:00";"SP";153;183,8;"LINS";"Falta de Atenção à Condução";"Colisão traseira";"Sem Vítimas";"Pleno dia";"Decrescente";"Céu Claro";"Múltipla";"Reta";"Não";3;0;0;0;2;1;0;3;-21,71154418;-49,80893065;"SPRF-SP";"DEL07-SP";"UOP01-DEL07-SP"
106231;2018-01-26;"sexta-feira";"07:50:00";"SC";282;643,7;"SAO MIGUEL DO OESTE";"Não guardar distância de segurança";"Colisão lateral";"Com Vítimas Feridas";"Pleno dia";"Crescente";"Céu Claro";"Simples";"Curva";"Não";4;0;0;1;2;1;1;4;-26,77013186;-53,47660072;"SPRF-SC";"DEL07-SC";"UOP03-DEL07-SC"
106238;2018-01-26;"sexta-feira";"08:40:00";"SP";116;17,5;"LAVRINHAS";"Pista Escorregadia";"Colisão com objeto estático";"Com Vítimas Feridas";"Pleno dia";"Crescente";"Chuva";"Dupla";"Curva";"Não";2;0;1;0;1;0;1;2;-22,55658484;-44,85219162;"SPRF-SP";"DEL08-SP";"UOP02-DEL08-SP"
106239;2018-01-16;"terça-feira";"16:28:00";"SC";116;81,6;"MONTE CASTELO";"Falta de Atenção à Condução";"Colisão traseira";"Com Vítimas Feridas";"Pleno dia";"Decrescente";"Nublado";"Múltipla";"Reta";"Não";4;0;1;0;2;1;1;3;-26,57069015;-50,22160465;"SPRF-SC";"DEL06-SC";"UOP02-DEL06-SC"
106256;2018-01-26;"sexta-feira";"09:00:00";"MT";70;73,3;"GENERAL CARNEIRO";"Defeito Mecânico no Veículo";"Tombamento";"Sem Vítimas";"Pleno dia";"Decrescente";"Céu Claro";"Simples";"Reta";"Não";2;0;0;0;1;1;0;2;-15,69109457;-52,80583799;"SPRF-MT";"DEL07-MT";"UOP01-DEL07-MT"
106259;2018-01-26;"sexta-feira";"10:30:00";"CE";116;38;"HORIZONTE";"Não guardar distância de segurança";"Colisão traseira";"Sem Vítimas";"Pleno dia";"Crescente";"Nublado";"Dupla";"Reta";"Sim";2;0;0;0;1;1;0;2;-4,11188428;-38,49203932;"SPRF-CE";"DEL01-CE";"UOP02-DEL01-CE"
106260;2018-01-26;"sexta-feira";"09:10:00";"RO";364;711;"PORTO VELHO";"Falta de Atenção à Condução";"Colisão traseira";"Sem Vítimas";"Pleno dia";"Decrescente";"Céu Claro";"Dupla";"Reta";"Sim";2;0;0;0;2;0;0;2;-8,78183349;-63,86509717;"SPRF-RO";"DEL01-RO";"UOP01-DEL01-RO"
106261;2018-01-26;"sexta-feira";"11:50:00";"PR";476;76,7;"RIO BRANCO DO SUL";"Falta de Atenção à Condução";"Colisão frontal";"Com Vítimas Feridas";"Pleno dia";"Decrescente";"Nublado";"Simples";"Curva;Declive";"Não";5;0;3;0;1;2;3;4;-25,10820683;-49,10748428;"SPRF-PR";"DEL01-PR";"UOP01-DEL01-PR"
106262;2018-01-26;"sexta-feira";"11:45:00";"GO";60;234,3;"CEZARINA";"Condutor Dormindo";"Colisão com objeto estático";"Sem Vítimas";"Pleno dia";"Crescente";"Sol";"Dupla";"Curva";"Não";1;0;0;0;1;0;0;1;-17,07681018;-49,82439816;"SPRF-GO";"DEL01-GO";"UOP02-DEL01-GO"
106264;2018-01-26;"sexta-feira";"11:10:00";"PR";369;150;"LONDRINA";"Não guardar distância de segurança";"Colisão traseira";"Com Vítimas Feridas";"Pleno dia";"Decrescente";"Céu Claro";"Dupla";"Reta";"Sim";2;0;1;0;1;0;1;2;-23,29289452;-51,16230992;"SPRF-PR";"DEL07-PR";"UOP01-DEL07-PR"
106267;2018-01-26;"sexta-feira";"11:50:00";"PR";376;491;"PONTA GROSSA";"Não guardar distância de segurança";"Colisão traseira";"Sem Vítimas";"Pleno dia";"Crescente";"Céu Claro";"Dupla";"Declive";"Sim";3;0;0;0;3;0;0;2;-25,095474;-50,162373;"SPRF-PR";"DEL03-PR";"UOP04-DEL03-PR"
106270;2018-01-26;"sexta-feira";"12:25:00";"SC";470;195,2;"POUSO REDONDO";"Velocidade Incompatível";"Tombamento";"Com Vítimas Feridas";"Pleno dia";"Decrescente";"Nublado";"Simples";"Curva";"Não";3;0;1;0;1;2;1;4;-27,30349013;-50,07849455;"SPRF-SC";"DEL04-SC";"UOP02-DEL04-SC"
106275;2018-01-26;"sexta-feira";"12:15:00";"SC";101;108,2;"PENHA";"Falta de Atenção à Condução";"Colisão traseira";"Com Vítimas Feridas";"Pleno dia";"Crescente";"Nublado";"Múltipla";"Curva";"Não";2;0;1;0;1;0;1;2;-26,83212214;-48,69512171;"SPRF-SC";"DEL03-SC";"UOP02-DEL03-SC"
106285;2018-01-26;"sexta-feira";"12:20:00";"RJ";101;325;"NITEROI";"Falta de Atenção à Condução";"Colisão traseira";"Com Vítimas Feridas";"Pleno dia";"Decrescente";"Céu Claro";"Múltipla";"Reta";"Não";17;0;14;0;3;0;14;3;-22,9068467;-43,1728965;"SPRF-RJ";"DEL02-RJ";"UOP02-DEL02-RJ"
106294;2018-01-26;"sexta-feira";"14:30:00";"PR";277;35,6;"MORRETES";"Defeito Mecânico no Veículo";"Incêndio";"Sem Vítimas";"Pleno dia";"Crescente";"Nublado";"Dupla";"Aclive";"Não";2;0;0;0;1;1;0;2;-25,57295946;-48,83283913;"SPRF-PR";"DEL01-PR";"UOP05-DEL01-PR"
106297;2018-01-26;"sexta-feira";"14:00:00";"SC";282;52;"AGUAS MORNAS";"Velocidade Incompatível";"Colisão frontal";"Com Vítimas Feridas";"Pleno dia";"Decrescente";"Chuva";"Simples";"Curva";"Não";5;0;3;0;1;1;3;3;-27,69654323;-48,96430492;"SPRF-SC";"DEL01-SC";"UOP03-DEL01-SC"
106300;2018-01-26;"sexta-feira";"13:30:00";"PE";101;84;"JABOATAO DOS GUARARAPES";"Falta de Atenção à Condução";"Colisão lateral";"Sem Vítimas";"Pleno dia";"Decrescente";"Céu Claro";"Dupla";"Reta";"Sim";2;0;0;0;2;0;0;2;-8,1816;-34,9613;"SPRF-PE";"DEL01-PE";"UOP03-DEL01-PE"
106301;2018-01-26;"sexta-feira";"13:10:00";"BA";324;608;"SIMOES FILHO";"Sinalização da via insuficiente ou inadequada";"Colisão com objeto estático";"Sem Vítimas";"Pleno dia";"Decrescente";"Nublado";"Simples";"Curva";"Sim";2;0;0;0;1;1;0;2;-12,787;-38,4001;"SPRF-BA";"DEL01-BA";"UOP01-DEL01-BA"
106303;2018-01-26;"sexta-feira";"13:40:00";"BA";101;116;"ALAGOINHAS";"Ultrapassagem Indevida";"Colisão frontal";"Com Vítimas Fatais";"Pleno dia";"Decrescente";"Sol";"Simples";"Reta";"Não";4;2;0;0;1;3;0;5;-12,1676;-38,4651;"SPRF-BA";"DEL01-BA";"UOP04-DEL01-BA"
106307;2018-01-26;"sexta-feira";"15:29:00";"GO";60;106;"ANAPOLIS";"Ingestão de Álcool";"Tombamento";"Com Vítimas Feridas";"Pleno dia";"Decrescente";"Nublado";"Dupla";"Declive";"Não";1;0;1;0;0;0;1;1;-16,4232;-49,0134;"SPRF-GO";"DEL02-GO";"UOP01-DEL02-GO"
106310;2018-01-26;"sexta-feira";"14:30:00";"MG";153;181,5;"FRUTAL";"Pista Escorregadia";"Colisão lateral";"Com Vítimas Feridas";"Pleno dia";"Decrescente";"Garoa/Chuvisco";"Simples";"Reta";"Não";4;0;1;1;2;0;2;2;-20,025185;-48,94096;"SPRF-MG";"DEL13-MG";"UOP02-DEL13-MG"
106312;2018-01-26;"sexta-feira";"14:30:00";"PE";423;173;"AGUAS BELAS";"Animais na Pista";"Saída de leito carroçável";"Sem Vítimas";"Pleno dia";"Crescente";"Céu Claro";"Simples";"Reta";"Não";2;0;0;0;1;2;0;3;-9,1102;-37,1248;"SPRF-PE";"DEL03-PE";"UOP01-DEL03-PE"
106315;2018-01-26;"sexta-feira";"15:35:00";"RS";386;411,5;"MONTENEGRO";"Velocidade Incompatível";"Saída de leito carroçável";"Com Vítimas Feridas";"Pleno dia";"Decrescente";"Céu Claro";"Dupla";"Curva";"Sim";6;0;3;1;0;2;4;3;-29,805767;-51,50371757;"SPRF-RS";"DEL04-RS";"UOP02-DEL04-RS"
106319;2018-01-26;"sexta-feira";"16:15:00";"SP";116;560;"BARRA DO TURVO";"Velocidade Incompatível";"Tombamento";"Com Vítimas Feridas";"Pleno dia";"Crescente";"Garoa/Chuvisco";"Dupla";"Curva";"Não";2;0;1;0;0;3;1;4;-25,02872273;-48,52721214;"SPRF-SP";"DEL05-SP";"UOP02-DEL05-SP"
106321;2018-01-26;"sexta-feira";"13:40:00";"PE";101;84;"JABOATAO DOS GUARARAPES";"Não guardar distância de segurança";"Colisão traseira";"Com Vítimas Feridas";"Pleno dia";"Crescente";"Nublado";"Dupla";"Reta";"Não";4;0;2;0;2;0;2;2;-8,1816;-34,9613;"SPRF-PE";"DEL01-PE";"UOP03-DEL01-PE"
106322;2018-01-26;"sexta-feira";"16:30:00";"PR";376;621;"SAO JOSE DOS PINHAIS";"Não guardar distância de segurança";"Colisão traseira";"Com Vítimas Feridas";"Pleno dia";"Decrescente";"Nublado";"Dupla";"Reta";"Sim";3;0;1;0;1;1;1;3;-25,62098074;-49,16759491;"SPRF-PR";"DEL01-PR";"DEL7/1-UOP08/PR"
106326;2018-01-26;"sexta-feira";"16:40:00";"SC";282;58,3;"RANCHO QUEIMADO";"Desobediência às normas de trânsito pelo condutor";"Colisão transversal";"Com Vítimas Feridas";"Pleno dia";"Decrescente";"Chuva";"Simples";"Rotatória";"Não";3;0;1;0;2;0;1;2;-27,68087649;-49,00598556;"SPRF-SC";"DEL01-SC";"UOP03-DEL01-SC"
106337;2018-01-26;"sexta-feira";"17:10:00";"RS";116;112,7;"SAO MARCOS";"Falta de Atenção à Condução";"Colisão transversal";"Com Vítimas Feridas";"Pleno dia";"Decrescente";"Céu Claro";"Simples";"Reta";"Não";2;0;1;0;1;0;1;2;-28,95409548;-51,08098575;"SPRF-RS";"DEL05-RS";"UOP01-DEL05-RS"
106339;2018-01-26;"sexta-feira";"17:40:00";"GO";153;494;"GOIANIA";"Não guardar distância de segurança";"Engavetamento";"Com Vítimas Feridas";"Pleno dia";"Decrescente";"Céu Claro";"Dupla";"Reta";"Sim";4;0;1;0;3;0;1;4;-16,6614;-49,2218;"SPRF-GO";"DEL01-GO";"UOP01-DEL01-GO"
106348;2018-01-26;"sexta-feira";"18:20:00";"GO";60;389;"RIO VERDE";"Falta de Atenção à Condução";"Colisão lateral";"Com Vítimas Feridas";"Pleno dia";"Decrescente";"Céu Claro";"Dupla";"Reta";"Não";2;0;1;0;1;0;1;2;-17,819;-50,943;"SPRF-GO";"DEL04-GO";"UOP01-DEL04-GO"
106361;2018-01-26;"sexta-feira";"17:30:00";"ES";101;377;"ICONHA";"Falta de Atenção à Condução";"Colisão traseira";"Sem Vítimas";"Pleno dia";"Decrescente";"Céu Claro";"Simples";"Reta";"Sim";2;0;0;0;2;0;0;2;-20,79290863;-40,80874264;"SPRF-ES";"DEL03-ES";"UOP01-DEL03-ES"
106372;2018-01-26;"sexta-feira";"19:00:00";"ES";101;326,3;"GUARAPARI";"Não guardar distância de segurança";"Engavetamento";"Sem Vítimas";"Anoitecer";"Decrescente";"Céu Claro";"Simples";"Aclive";"Não";3;0;0;0;3;0;0;3;-20,5655;-40,4823;"SPRF-ES";"DEL03-ES";"UOP01-DEL03-ES"
106375;2018-01-26;"sexta-feira";"19:15:00";"MT";163;593;"NOVA MUTUM";"Restrição de Visibilidade";"Tombamento";"Sem Vítimas";"Plena Noite";"Decrescente";"Nublado";"Dupla";"Retorno Regulamentado";"Sim";2;0;0;0;1;3;0;4;-13,829317;-56,082653;"SPRF-MT";"DEL01-MT";"UOP01-DEL01-MT"
106379;2018-01-26;"sexta-feira";"19:15:00";"SC";470;187;"POUSO REDONDO";"Velocidade Incompatível";"Tombamento";"Sem Vítimas";"Plena Noite";"Decrescente";"Garoa/Chuvisco";"Simples";"Reta";"Não";2;0;0;0;1;2;0;3;-27,25459143;-50,04029989;"SPRF-SC";"DEL04-SC";"UOP02-DEL04-SC"
106381;2018-01-26;"sexta-feira";"20:30:00";"GO";364;261;"JATAI";"Falta de Atenção à Condução";"Colisão transversal";"Com Vítimas Feridas";"Plena Noite";"Crescente";"Céu Claro";"Simples";"Reta";"Não";4;0;1;0;2;1;1;3;-17,664186;-52,232548;"SPRF-GO";"DEL05-GO";"UOP01-DEL05-GO"
106387;2018-01-26;"sexta-feira";"18:25:00";"PR";369;37,5;"ANDIRA";"Falta de Atenção à Condução";"Colisão lateral";"Sem Vítimas";"Pleno dia";"Decrescente";"Sol";"Simples";"Reta";"Sim";3;0;0;0;3;0;0;2;-23,04568054;-50,23292986;"SPRF-PR";"DEL07-PR";"UOP05-DEL07-PR"
106392;2018-01-26;"sexta-feira";"20:00:00";"BA";101;231;"SAPEACU";"Desobediência às normas de trânsito pelo condutor";"Colisão lateral";"Com Vítimas Feridas";"Plena Noite";"Crescente";"Céu Claro";"Simples";"Curva";"Não";5;0;2;0;2;1;2;3;-12,729378;-39,1817288;"SPRF-BA";"DEL01-BA";"UOP02-DEL01-BA"
106398;2018-01-26;"sexta-feira";"20:31:00";"TO";153;757,6;"ALVORADA";"Velocidade Incompatível";"Tombamento";"Com Vítimas Feridas";"Plena Noite";"Decrescente";"Céu Claro";"Simples";"Rotatória";"Sim";4;0;1;0;2;1;1;2;-12,47108052;-49,11858827;"SPRF-TO";"DEL02-TO";"UOP02-DEL01-TO"
106399;2018-01-26;"sexta-feira";"20:30:00";"SP";116;548;"BARRA DO TURVO";"Velocidade Incompatível";"Colisão com objeto estático";"Sem Vítimas";"Plena Noite";"Crescente";"Garoa/Chuvisco";"Simples";"Curva;Declive";"Não";2;0;0;0;1;2;0;3;-24,9568922;-48,46353114;"SPRF-SP";"DEL05-SP";"UOP02-DEL05-SP"
106408;2018-01-26;"sexta-feira";"21:00:00";"BA";101;891,6;"CARAVELAS";"Ultrapassagem Indevida";"Saída de leito carroçável";"Com Vítimas Fatais";"Plena Noite";"Decrescente";"Nublado";"Simples";"Reta";"Não";3;1;0;1;1;0;1;2;-17,6331977;-39,76149559;"SPRF-BA";"DEL09-BA";"UOP02-DEL09-BA"
106414;2018-01-26;"sexta-feira";"20:30:00";"PE";101;96;"JABOATAO DOS GUARARAPES";"Velocidade Incompatível";"Colisão lateral";"Com Vítimas Feridas";"Plena Noite";"Decrescente";"Céu Claro";"Dupla";"Reta";"Não";3;0;0;2;1;0;2;2;-8,252492;-35,01785;"SPRF-PE";"DEL01-PE";"UOP03-DEL01-PE"
106430;2018-01-27;"sábado";"00:05:00";"SP";381;61,5;"MAIRIPORA";"Condutor Dormindo";"Colisão com objeto estático";"Com Vítimas Feridas";"Plena Noite";"Decrescente";"Nublado";"Dupla";"Curva";"Não";2;0;1;0;0;1;1;2;-23,290788;-46,579869;"SPRF-SP";"DEL03-SP";"UOP01-DEL03-SP"
106432;2018-01-27;"sábado";"01:00:00";"RJ";116;314;"ITATIAIA";"Condutor Dormindo";"Colisão traseira";"Com Vítimas Feridas";"Plena Noite";"Crescente";"Nublado";"Dupla";"Reta";"Não";3;0;0;1;1;1;1;3;-22,496592;-44,563713;"SPRF-RJ";"DEL07-RJ";"DEL5/7-UOP03/RJ"
106434;2018-01-26;"sexta-feira";"23:00:00";"SC";101;35;"JOINVILLE";"Falta de Atenção à Condução";"Colisão lateral";"Sem Vítimas";"Plena Noite";"Crescente";"Nublado";"Dupla";"Reta";"Não";2;0;0;0;1;1;0;2;-26,2766;-48,8928;"SPRF-SC";"DEL03-SC";"UOP01-DEL03-SC"
106440;2018-01-27;"sábado";"00:45:00";"SP";116;37,8;"CACHOEIRA PAULISTA";"Falta de Atenção à Condução";"Colisão com objeto estático";"Sem Vítimas";"Plena Noite";"Decrescente";"Garoa/Chuvisco";"Dupla";"Curva";"Sim";2;0;0;0;1;1;0;2;-22,66971058;-44,99016609;"SPRF-SP";"DEL08-SP";"UOP02-DEL08-SP"
106444;2018-01-27;"sábado";"03:35:00";"PR";373;180,5;"PONTA GROSSA";"Falta de Atenção à Condução";"Atropelamento de Pedestre";"Com Vítimas Fatais";"Plena Noite";"Crescente";"Céu Claro";"Simples";"Reta";"Sim";4;1;0;0;1;2;0;2;-25,04099047;-50,25318682;"SPRF-PR";"DEL03-PR";"UOP01-DEL03-PR"
106450;2018-01-27;"sábado";"05:00:00";"SC";470;146,8;"RIO DO SUL";"Condutor Dormindo";"Colisão frontal";"Com Vítimas Fatais";"Plena Noite";"Crescente";"Nublado";"Simples";"Reta";"Não";2;1;0;0;1;0;0;2;-27,24246832;-49,68837798;"SPRF-SC";"DEL04-SC";"UOP02-DEL04-SC"
106454;2018-01-27;"sábado";"04:50:00";"ES";262;157;"IBATIBA";"Condutor Dormindo";"Colisão frontal";"Com Vítimas Feridas";"Amanhecer";"Decrescente";"Céu Claro";"Simples";"Reta";"Não";2;0;0;1;1;0;1;2;-20,2316;-41,4947;"SPRF-ES";"DEL01-ES";"UOP02-DEL01-ES"
106457;2018-01-27;"sábado";"04:50:00";"MG";381;516;"IGARAPE";"Falta de Atenção à Condução";"Colisão traseira";"Com Vítimas Feridas";"Plena Noite";"Crescente";"Nublado";"Dupla";"Reta";"Não";4;0;1;1;1;3;2;5;-20,1055;-44,3215;"SPRF-MG";"DEL01-MG";"UOP03-DEL01-MG"
106458;2018-01-27;"sábado";"04:30:00";"PE";101;81;"JABOATAO DOS GUARARAPES";"Desobediência às normas de trânsito pelo condutor";"Colisão frontal";"Com Vítimas Fatais";"Amanhecer";"Crescente";"Nublado";"Simples";"Reta";"Sim";2;1;0;0;1;0;0;2;-8,1711;-34,9379;"SPRF-PE";"DEL01-PE";"UOP03-DEL01-PE"