"id";"data_inversa";"dia_semana";"horario";"uf";"br";"km";"municipio";"causa_acidente";"tipo_acidente";"classificacao_acidente";"fase_dia";"sentido_via";"condicao_metereologica";"tipo_pista";"tracado_via";"uso_solo";"pessoas";"mortos";"feridos_leves";"feridos_graves";"ilesos";"ignorados";"feridos";"veiculos";"latitude";"longitude";"regional";"delegacia";"uop"
106461;2018-01-27;"sábado";"04:50:00";"MT";70;334;"DOM AQUINO";"Falta de Atenção do Pedestre";"Atropelamento de Pedestre";"Com Vítimas Fatais";"Plena Noite";"Decrescente";"Céu Claro";"Simples";"Reta";"Não";4;1;0;0;1;2;0;4;-15,520861;-54,751083;"SPRF-MT";"DEL05-MT";"UOP01-DEL05-MT"
106464;2018-01-27;"sábado";"03:50:00";"GO";153;52;"BURITI ALEGRE";"Condutor Dormindo";"Saída de leito carroçável";"Sem Vítimas";"Plena Noite";"Crescente";"Nublado";"Dupla";"Curva";"Não";2;0;0;0;1;1;0;2;-18;-49;"SPRF-GO";"DEL07-GO";"UOP01-DEL07-GO"
106466;2018-01-27;"sábado";"05:00:00";"AL";101;149,9;"JEQUIA DA PRAIA";"Velocidade Incompatível";"Tombamento";"Sem Vítimas";"Pleno dia";"Crescente";"Céu Claro";"Simples";"Curva";"Não";2;0;0;0;1;3;0;4;-9,89039288;-36,13609314;"SPRF-AL";"DEL02-AL";"UOP01-DEL02-AL"
106468;2018-01-27;"sábado";"06:40:00";"RS";290;450,9;"SAO GABRIEL";"Falta de Atenção à Condução";"Capotamento";"Com Vítimas Feridas";"Amanhecer";"Decrescente";"Nublado";"Simples";"Aclive;Curva";"Não";2;0;1;0;0;1;1;2;-30,24349725;-54,62707043;"SPRF-RS";"DEL11-RS";"UOP02-DEL11-RS"
106472;2018-01-26;"sexta-feira";"13:20:00";"RJ";393;234;"VASSOURAS";"Falta de Atenção à Condução";"Colisão lateral";"Com Vítimas Feridas";"Pleno dia";"Crescente";"Sol";"Simples";"Curva";"Sim";2;0;1;0;1;0;1;2;-22,40073272;-43,66392463;"SPRF-RJ";"DEL05-RJ";"UOP03-DEL05-RJ"
106490;2018-01-27;"sábado";"07:40:00";"RS";386;430,7;"NOVA SANTA RITA";"Ingestão de Álcool";"Colisão com objeto estático";"Sem Vítimas";"Pleno dia";"Crescente";"Céu Claro";"Dupla";"Reta";"Não";1;0;0;0;1;0;0;1;-29,82976273;-51,31995085;"SPRF-RS";"DEL04-RS";"UOP02-DEL04-RS"
106511;2018-01-27;"sábado";"10:00:00";"MG";116;242;"TEOFILO OTONI";"Ultrapassagem Indevida";"Tombamento";"Sem Vítimas";"Pleno dia";"Decrescente";"Céu Claro";"Simples";"Curva";"Não";2;0;0;0;1;1;0;2;-17,59199415;-41,49149895;"SPRF-MG";"DEL11-MG";"UOP01-DEL11-MG"
106515;2018-01-27;"sábado";"08:00:00";"MG";251;315,1;"SALINAS";"Velocidade Incompatível";"Saída de leito carroçável";"Com Vítimas Feridas";"Pleno dia";"Crescente";"Nublado";"Simples";"Reta";"Não";3;0;2;0;1;0;2;1;-16,1532403;-42,31243016;"SPRF-MG";"DEL12-MG";"UOP01-DEL12-MG"
106526;2018-01-27;"sábado";"11:30:00";"ES";101;17;"PEDRO CANARIO";"Defeito Mecânico no Veículo";"Tombamento";"Sem Vítimas";"Pleno dia";"Crescente";"Céu Claro";"Dupla";"Curva";"Não";2;0;0;0;1;1;0;2;-18,31706561;-39,95242596;"SPRF-ES";"DEL04-ES";"UOP02-DEL04-ES"
106530;2018-01-27;"sábado";"11:20:00";"MG";153;132,3;"PRATA";"Não guardar distância de segurança";"Colisão traseira";"Com Vítimas Feridas";"Pleno dia";"Decrescente";"Nublado";"Simples";"Reta;Aclive";"Não";3;0;1;0;1;2;1;4;-19,501832;-48,849946;"SPRF-MG";"DEL15-MG";"UOP03-DEL15-MG"
106541;2018-01-27;"sábado";"12:00:00";"MT";70;732,5;"CACERES";"Desobediência às normas de trânsito pelo condutor";"Colisão traseira";"Sem Vítimas";"Pleno dia";"Crescente";"Chuva";"Simples";"Reta";"Sim";4;0;0;0;3;2;0;5;-16,090567;-57,687902;"SPRF-MT";"DEL03-MT";"UOP01-DEL03-MT"
106542;2018-01-27;"sábado";"12:20:00";"RJ";116;200,1;"SEROPEDICA";"Falta de Atenção à Condução";"Colisão traseira";"Com Vítimas Fatais";"Pleno dia";"Decrescente";"Céu Claro";"Dupla";"Reta";"Sim";7;1;3;0;2;1;3;6;-22,72629569;-43,65095615;"SPRF-RJ";"DEL01-RJ";"UOP03-DEL01-RJ"
106545;2018-01-27;"sábado";"13:59:00";"MG";50;61;"UBERLANDIA";"Mal Súbito";"Saída de leito carroçável";"Com Vítimas Feridas";"Pleno dia";"Decrescente";"Céu Claro";"Dupla";"Reta";"Não";3;0;1;0;2;0;1;3;-18,82311695;-48,24508667;"SPRF-MG";"DEL15-MG";"UOP02-DEL15-MG"
106556;2018-01-27;"sábado";"13:20:00";"MA";135;7,7;"SAO LUIS";"Ingestão de Álcool";"Colisão transversal";"Sem Vítimas";"Pleno dia";"Crescente";"Garoa/Chuvisco";"Dupla";"Declive";"Sim";2;0;0;0;2;0;0;2;-2,64122448;-44,2721616;"SPRF-MA";"DEL01-MA";"UOP01-DEL01-MA"
106563;2018-01-27;"sábado";"13:30:00";"BA";324;558;"SAO SEBASTIAO DO PASSE";"Defeito Mecânico no Veículo";"Tombamento";"Sem Vítimas";"Pleno dia";"Decrescente";"Céu Claro";"Dupla";"Reta";"Não";2;0;0;0;1;1;0;2;-12,5139;-38,4952;"SPRF-BA";"DEL01-BA";"UOP01-DEL01-BA"
106567;2018-01-27;"sábado";"15:40:00";"PR";376;652;"TIJUCAS DO SUL";"Condutor Dormindo";"Colisão traseira";"Sem Vítimas";"Pleno dia";"Decrescente";"Céu Claro";"Dupla";"Reta";"Não";3;0;0;0;2;1;0;3;-25,928534;-49,199314;"SPRF-PR";"DEL01-PR";"DEL7/1-UOP08/PR"
106571;2018-01-27;"sábado";"15:00:00";"RS";290;162,8;"BUTIA";"Condutor Dormindo";"Colisão lateral";"Com Vítimas Feridas";"Pleno dia";"Decrescente";"Nublado";"Simples";"Reta";"Não";3;0;1;0;1;1;1;3;-30,11399584;-51,83687291;"SPRF-RS";"DEL02-RS";"UOP02-DEL02-RS"
106574;2018-01-27;"sábado";"16:20:00";"MG";381;864,1;"POUSO ALEGRE";"Carga excessiva e/ou mal acondicionada";"Tombamento";"Sem Vítimas";"Pleno dia";"Crescente";"Nublado";"Dupla";"Reta;Aclive";"Sim";2;0;0;0;1;1;0;2;-22,3557;-45,9278;"SPRF-MG";"DEL16-MG";"UOP01-DEL16-MG"
106577;2018-01-27;"sábado";"15:40:00";"CE";222;39;"CAUCAIA";"Falta de Atenção à Condução";"Colisão lateral";"Sem Vítimas";"Pleno dia";"Crescente";"Chuva";"Simples";"Reta";"Não";3;0;0;0;2;1;0;3;-3,688685;-38,898586;"SPRF-CE";"DEL01-CE";"UOP01-DEL01-CE"
106579;2018-01-27;"sábado";"09:20:00";"RO";364;558;"ALTO PARAISO";"Mal Súbito";"Saída de leito carroçável";"Com Vítimas Feridas";"Pleno dia";"Decrescente";"Nublado";"Simples";"Reta";"Não";2;0;0;1;0;1;1;2;-9,57861885;-63,07424784;"SPRF-RO";"DEL03-RO";"UOP01-DEL03-RO"
106581;2018-01-27;"sábado";"16:45:00";"RJ";393;243;"VASSOURAS";"Defeito Mecânico no Veículo";"Colisão com objeto estático";"Sem Vítimas";"Pleno dia";"Crescente";"Nublado";"Simples";"Declive";"Não";1;0;0;0;1;0;0;1;-22,43233186;-43,73708725;"SPRF-RJ";"DEL05-RJ";"UOP03-DEL05-RJ"
106582;2018-01-27;"sábado";"17:00:00";"PR";163;278;"QUATRO PONTES";"Velocidade Incompatível";"Colisão transversal";"Com Vítimas Feridas";"Pleno dia";"Crescente";"Céu Claro";"Simples";"Interseção de Vias";"Não";5;0;0;2;1;2;2;4;-24,58666595;-53,98140991;"SPRF-PR";"DEL06-PR";"UOP02-DEL06-PR"
106587;2018-01-27;"sábado";"17:55:00";"RS";158;335,4;"SANTA MARIA";"Falta de Atenção à Condução";"Colisão transversal";"Sem Vítimas";"Pleno dia";"Crescente";"Chuva";"Simples";"Interseção de Vias;Reta";"Sim";7;0;0;0;6;1;0;4;-29,70773982;-53,87385354;"SPRF-RS";"DEL09-RS";"UOP01-DEL09-RS"
106590;2018-01-27;"sábado";"18:00:00";"GO";60;99;"ANAPOLIS";"Ingestão de Álcool";"Tombamento";"Sem Vítimas";"Pleno dia";"Crescente";"Céu Claro";"Dupla";"Viaduto";"Sim";2;0;0;0;2;0;0;1;-16,39486582;-48,962937;"SPRF-GO";"DEL02-GO";"UOP01-DEL02-GO"
106598;2018-01-27;"sábado";"15:30:00";"MT";364;474;"JANGADA";"Pista Escorregadia";"Saída de leito carroçável";"Com Vítimas Feridas";"Pleno dia";"Decrescente";"Chuva";"Simples";"Declive";"Não";4;0;1;0;2;2;1;4;-15,432544;-56,339233;"SPRF-MT";"DEL01-MT";"DEL2/4-UOP02/MT"
106604;2018-01-27;"sábado";"18:05:00";"MT";364;214;"RONDONOPOLIS";"Falta de Atenção à Condução";"Colisão com objeto estático";"Sem Vítimas";"Pleno dia";"Crescente";"Nublado";"Dupla";"Reta";"Não";2;0;0;0;1;1;0;2;-16,392454;-54,714062;"SPRF-MT";"DEL02-MT";"UOP01-DEL02-MT"
106611;2018-01-27;"sábado";"15:30:00";"RO";364;658;"CANDEIAS DO JAMARI";"Falta de Atenção à Condução";"Colisão lateral";"Sem Vítimas";"Pleno dia";"Crescente";"Céu Claro";"Simples";"Reta";"Não";4;0;0;0;2;2;0;3;-8,77447489;-63,48567456;"SPRF-RO";"DEL01-RO";"UOP01-DEL01-RO"
106612;2018-01-27;"sábado";"17:50:00";"PR";373;183,7;"PONTA GROSSA";"Ingestão de Álcool";"Tombamento";"Com Vítimas Feridas";"Pleno dia";"Crescente";"Céu Claro";"Simples";"Curva";"Não";2;0;1;0;0;1;1;2;-25,03989206;-50,28082162;"SPRF-PR";"DEL03-PR";"UOP01-DEL03-PR"
106614;2018-01-27;"sábado";"17:30:00";"SC";282;535,2;"CHAPECO";"Desobediência às normas de trânsito pelo condutor";"Colisão transversal";"Sem Vítimas";"Pleno dia";"Decrescente";"Sol";"Simples";"Rotatória";"Sim";3;0;0;0;2;2;0;4;-26,99949985;-52,64613032;"SPRF-SC";"DEL07-SC";"UOP01-DEL07-SC"
106632;2018-01-27;"sábado";"19:45:00";"PR";376;357,7;"ORTIGUEIRA";"Ultrapassagem Indevida";"Colisão frontal";"Com Vítimas Fatais";"Anoitecer";"Crescente";"Céu Claro";"Simples";"Reta";"Não";3;1;0;1;1;0;1;2;-24,25885937;-50,89553833;"SPRF-PR";"DEL03-PR";"UOP02-DEL03-PR"
106639;2018-01-27;"sábado";"19:10:00";"PA";316;143;"CAPANEMA";"Não guardar distância de segurança";"Colisão lateral";"Com Vítimas Feridas";"Plena Noite";"Crescente";"Garoa/Chuvisco";"Simples";"Declive";"Não";7;0;5;0;1;1;5;2;-1,23037418;-47,21511841;"SPRF-PA";"DEL01-PA";"UOP03-DEL01-PA"
106641;2018-01-27;"sábado";"18:30:00";"MS";163;808,8;"SONORA";"Falta de Atenção à Condução";"Colisão lateral";"Com Vítimas Feridas";"Anoitecer";"Decrescente";"Nublado";"Simples";"Reta";"Não";3;0;1;0;1;2;1;4;-17,838137;-54,714106;"SPRF-MS";"DEL06-MS";"UOP01-DEL06-MS"
106643;2018-01-27;"sábado";"18:25:00";"MT";70;540;"NOSSA SENHORA DO LIVRAMENTO";"Falta de Atenção à Condução";"Tombamento";"Sem Vítimas";"Plena Noite";"Crescente";"Chuva";"Simples";"Reta";"Não";1;0;0;0;1;0;0;1;-15,67923765;-56,30218506;"SPRF-MT";"DEL01-MT";"DEL2/4-UOP02/MT"
106647;2018-01-27;"sábado";"18:40:00";"PI";316;6;"TERESINA";"Não guardar distância de segurança";"Colisão traseira";"Com Vítimas Feridas";"Plena Noite";"Crescente";"Chuva";"Simples";"Reta";"Sim";2;0;1;0;1;0;1;2;-5,147021;-42,774391;"SPRF-PI";"DEL01-PI";"UOP02-DEL01-PI"
106657;2018-01-27;"sábado";"21:20:00";"RJ";116;8,7;"SAPUCAIA";"Condutor Dormindo";"Tombamento";"Com Vítimas Feridas";"Plena Noite";"Decrescente";"Céu Claro";"Simples";"Reta";"Não";1;0;1;0;0;0;1;1;-21,9290043;-42,70371258;"SPRF-RJ";"DEL04-RJ";"UOP01-DEL04-RJ"
106661;2018-01-27;"sábado";"19:35:00";"SC";282;535,2;"CHAPECO";"Desobediência às normas de trânsito pelo condutor";"Colisão transversal";"Sem Vítimas";"Pleno dia";"Decrescente";"Céu Claro";"Simples";"Reta";"Sim";3;0;0;0;2;2;0;4;-26,99958111;-52,6461786;"SPRF-SC";"DEL07-SC";"UOP01-DEL07-SC"
106669;2018-01-27;"sábado";"18:50:00";"SC";101;157;"PORTO BELO";"Não guardar distância de segurança";"Colisão traseira";"Sem Vítimas";"Pleno dia";"Decrescente";"Sol";"Múltipla";"Reta";"Sim";2;0;0;0;2;0;0;2;-27,18528782;-48,611691;"SPRF-SC";"DEL04-SC";"UOP03-DEL04-SC"
106673;2018-01-27;"sábado";"22:30:00";"SE";101;94,4;"NOSSA SENHORA DO SOCORRO";"Velocidade Incompatível";"Colisão traseira";"Com Vítimas Feridas";"Plena Noite";"Decrescente";"Céu Claro";"Dupla";"Reta;Declive";"Sim";4;0;2;0;0;2;2;2;-10,9472468;-37,0730823;"SPRF-SE";"DEL01-SE";"UOP01-DEL01-SE"
106682;2018-01-28;"domingo";"00:15:00";"PR";376;671;"GUARATUBA";"Falta de Atenção à Condução";"Saída de leito carroçável";"Sem Vítimas";"Plena Noite";"Decrescente";"Nevoeiro/Neblina";"Dupla";"Reta";"Não";2;0;0;0;1;1;0;2;-25,883259;-48,57514;"SPRF-PR";"DEL01-PR";"DEL7/1-UOP08/PR"
106690;2018-01-28;"domingo";"02:00:00";"RJ";393;243,1;"VASSOURAS";"Falta de Atenção à Condução";"Colisão transversal";"Com Vítimas Feridas";"Pleno dia";"Crescente";"Céu Claro";"Simples";"Reta";"Sim";2;0;1;0;1;0;1;2;-22,43251532;-43,73618871;"SPRF-RJ";"DEL05-RJ";"UOP03-DEL05-RJ"
106695;2018-01-28;"domingo";"02:00:00";"MG";251;474;"FRANCISCO SA";"Falta de Atenção à Condução";"Saída de leito carroçável";"Com Vítimas Feridas";"Plena Noite";"Crescente";"Céu Claro";"Simples";"Reta";"Não";1;0;1;0;0;0;1;1;-16,4663;-43,4385;"SPRF-MG";"DEL12-MG";"UOP01-DEL12-MG"
106698;2018-01-27;"sábado";"19:45:00";"MT";364;39,2;"ALTO ARAGUAIA";"Falta de Atenção à Condução";"Colisão lateral";"Sem Vítimas";"Plena Noite";"Decrescente";"Céu Claro";"Simples";"Reta";"Não";3;0;0;0;2;3;0;5;-17,09112957;-53,4665518;"SPRF-MT";"DEL02-MT";"UOP02-DEL02-MT"
106703;2018-01-28;"domingo";"02:00:00";"GO";153;699,3;"ITUMBIARA";"Ingestão de Álcool";"Saída de leito carroçável";"Sem Vítimas";"Plena Noite";"Crescente";"Chuva";"Dupla";"Reta";"Sim";2;0;0;0;1;1;0;2;-18,38365171;-49,2084994;"SPRF-GO";"DEL03-GO";"UOP02-DEL03-GO"
106710;2018-01-28;"domingo";"02:50:00";"MS";163;823;"SONORA";"Condutor Dormindo";"Saída de leito carroçável";"Sem Vítimas";"Plena Noite";"Decrescente";"Céu Claro";"Dupla";"Reta";"Não";4;0;0;0;3;1;0;2;-17,717985;-54,753274;"SPRF-MS";"DEL06-MS";"UOP01-DEL06-MS"
106716;2018-01-28;"domingo";"02:50:00";"PE";423;94,2;"GARANHUNS";"Ingestão de Álcool";"Colisão frontal";"Com Vítimas Feridas";"Plena Noite";"Crescente";"Céu Claro";"Simples";"Curva";"Sim";3;0;1;0;1;1;1;3;-8,87932637;-36,47982091;"SPRF-PE";"DEL03-PE";"UOP01-DEL03-PE"
106729;2018-01-28;"domingo";"05:40:00";"AL";101;167,7;"TEOTONIO VILELA";"Desobediência às normas de trânsito pelo condutor";"Colisão lateral";"Com Vítimas Fatais";"Amanhecer";"Crescente";"Céu Claro";"Simples";"Interseção de Vias";"Não";2;1;0;0;0;1;0;2;-9,89874;-36,29735;"SPRF-AL";"DEL02-AL";"UOP02-DEL02-AL"
106739;2018-01-24;"quarta-feira";"22:20:00";"SC";101;29;"JOINVILLE";"Defeito Mecânico no Veículo";"Colisão traseira";"Com Vítimas Feridas";"Plena Noite";"Decrescente";"Nublado";"Dupla";"Reta";"Sim";3;0;1;0;1;1;1;3;-26,2283;-48,9165;"SPRF-SC";"DEL03-SC";"UOP01-DEL03-SC"
106740;2018-01-28;"domingo";"06:00:00";"BA";101;113;"ALAGOINHAS";"Falta de Atenção à Condução";"Colisão transversal";"Com Vítimas Feridas";"Amanhecer";"Crescente";"Céu Claro";"Simples";"Reta;Em Obras";"Não";3;0;2;0;1;0;2;2;-12,1698;-38,4378;"SPRF-BA";"DEL01-BA";"UOP04-DEL01-BA"
106741;2018-01-27;"sábado";"23:50:00";"SC";282;217,9;"LAGES";"Falta de Atenção à Condução";"Colisão lateral";"Sem Vítimas";"Plena Noite";"Crescente";"Nublado";"Dupla";"Reta;Interseção de Vias";"Sim";3;0;0;0;2;1;0;3;-27,79777085;-50,30193597;"SPRF-SC";"DEL05-SC";"UOP01-DEL05-SC"
106752;2018-01-28;"domingo";"05:00:00";"MG";381;723,3;"CARMO DA CACHOEIRA";"Falta de Atenção à Condução";"Saída de leito carroçável";"Sem Vítimas";"Plena Noite";"Crescente";"Ignorado";"Dupla";"Reta";"Não";2;0;0;0;1;1;0;2;-21,4571;-45,2109;"SPRF-MG";"DEL04-MG";"UOP02-DEL04-MG"
106758;2018-01-28;"domingo";"08:50:00";"PR";369;484;"CORBELIA";"Defeito Mecânico no Veículo";"Danos eventuais";"Com Vítimas Feridas";"Pleno dia";"Crescente";"Nublado";"Simples";"Reta";"Não";3;0;1;0;1;1;1;3;-24,6679;-53,2227;"SPRF-PR";"DEL04-PR";"UOP03-DEL04-PR"
106762;2018-01-28;"domingo";"04:31:00";"BA";242;246,6;"ITABERABA";"Falta de Atenção à Condução";"Saída de leito carroçável";"Sem Vítimas";"Plena Noite";"Crescente";"Céu Claro";"Simples";"Curva";"Não";2;0;0;0;1;1;0;2;-12,50831368;-40,44685364;"SPRF-BA";"DEL06-BA";"UOP02-DEL06-BA"
106764;2018-01-28;"domingo";"09:25:00";"MG";116;58,4;"MEDINA";"Falta de Atenção à Condução";"Tombamento";"Sem Vítimas";"Pleno dia";"Crescente";"Céu Claro";"Simples";"Reta";"Não";2;0;0;0;1;2;0;3;-16,222961;-41,47729;"SPRF-MG";"DEL11-MG";"UOP02-DEL11-MG"
106782;2018-01-28;"domingo";"10:10:00";"TO";226;9;"PALMEIRAS DO TOCANTINS";"Pista Escorregadia";"Saída de leito carroçável";"Com Vítimas Feridas";"Pleno dia";"Crescente";"Chuva";"Simples";"Reta";"Não";2;0;1;0;0;2;1;3;-6,593669;-47,52792;"SPRF-TO";"DEL02-TO";"UOP03-DEL02-TO"
106784;2018-01-28;"domingo";"11:50:00";"MG";381;566,8;"ITAGUARA";"Carga excessiva e/ou mal acondicionada";"Derramamento de carga";"Sem Vítimas";"Pleno dia";"Crescente";"Sol";"Dupla";"Curva";"Não";2;0;0;0;1;1;0;2;-20,39906163;-44,50676276;"SPRF-MG";"DEL04-MG";"UOP03-DEL04-MG"
106788;2018-01-28;"domingo";"09:05:00";"RO";364;435;"JARU";"Defeito na Via";"Colisão traseira";"Sem Vítimas";"Pleno dia";"Crescente";"Nublado";"Simples";"Declive";"Não";3;0;0;0;2;2;0;4;-10,36997165;-62,56042242;"SPRF-RO";"DEL03-RO";"UOP02-DEL03-RO"
106790;2018-01-28;"domingo";"12:20:00";"GO";60;113,9;"GOIANAPOLIS";"Velocidade Incompatível";"Colisão com objeto estático";"Sem Vítimas";"Pleno dia";"Crescente";"Chuva";"Dupla";"Reta;Declive";"Não";2;0;0;0;1;1;0;2;-16,46268715;-49,06290677;"SPRF-GO";"DEL01-GO";"UOP01-DEL01-GO"
106811;2018-01-28;"domingo";"05:30:00";"MT";163;1096,6;"GUARANTA DO NORTE";"Desobediência às normas de trânsito pelo condutor";"Colisão frontal";"Com Vítimas Feridas";"Amanhecer";"Decrescente";"Chuva";"Simples";"Reta";"Não";3;0;2;0;0;5;2;7;-9,74594121;-54,88855362;"SPRF-MT";"DEL06-MT";"UOP02-DEL06-MT"
106812;2018-01-28;"domingo";"14:30:00";"ES";101;144;"LINHARES";"Desobediência às normas de trânsito pelo condutor";"Colisão transversal";"Com Vítimas Feridas";"Pleno dia";"Crescente";"Sol";"Simples";"Interseção de Vias";"Não";3;0;0;2;1;0;2;2;-19,3587046;-40,06440818;"SPRF-ES";"DEL04-ES";"UOP01-DEL04-ES"
106813;2018-01-28;"domingo";"13:30:00";"MT";364;348,9;"SANTO ANTONIO DO LEVERGER";"Defeito Mecânico no Veículo";"Saída de leito carroçável";"Sem Vítimas";"Pleno dia";"Crescente";"Céu Claro";"Dupla";"Curva;Declive";"Não";1;0;0;0;1;0;0;1;-15,79295559;-55,58088541;"SPRF-MT";"DEL02-MT";"UOP02-DEL01-MT"
106815;2018-01-28;"domingo";"10:50:00";"BA";101;587,2;"CAMACAN";"Falta de Atenção à Condução";"Colisão lateral";"Sem Vítimas";"Pleno dia";"Crescente";"Garoa/Chuvisco";"Simples";"Curva";"Não";3;0;0;0;2;1;0;3;-15,40424461;-39,46757913;"SPRF-BA";"DEL05-BA";"UOP02-DEL05-BA"
106824;2018-01-28;"domingo";"15:30:00";"MG";381;600,8;"CARMOPOLIS DE MINAS";"Velocidade Incompatível";"Tombamento";"Sem Vítimas";"Pleno dia";"Decrescente";"Sol";"Dupla";"Reta";"Não";2;0;0;0;1;1;0;2;-20,60340371;-44,72058586;"SPRF-MG";"DEL04-MG";"UOP01-DEL04-MG"
106826;2018-01-28;"domingo";"15:30:00";"SP";116;334,8;"JUQUITIBA";"Defeito Mecânico no Veículo";"Colisão com objeto estático";"Sem Vítimas";"Pleno dia";"Crescente";"Nublado";"Dupla";"Reta";"Não";2;0;0;0;1;1;0;2;-23,94330635;-47,09590495;"SPRF-SP";"DEL04-SP";"UOP03-DEL04-SP"
106835;2018-01-28;"domingo";"16:00:00";"SP";381;65,6;"MAIRIPORA";"Falta de Atenção à Condução";"Colisão com objeto estático";"Sem Vítimas";"Pleno dia";"Decrescente";"Céu Claro";"Dupla";"Reta";"Sim";2;0;0;0;1;1;0;2;-23,32334109;-46,58237457;"SPRF-SP";"DEL03-SP";"DEL6/3-UOP03/SP"
106837;2018-01-28;"domingo";"16:10:00";"PR";373;183;"PONTA GROSSA";"Falta de Atenção à Condução";"Colisão lateral";"Sem Vítimas";"Pleno dia";"Decrescente";"Nublado";"Dupla";"Interseção de Vias";"Sim";3;0;0;0;2;2;0;4;-25,095474;-50,162373;"SPRF-PR";"DEL03-PR";"UOP01-DEL03-PR"
106847;2018-01-28;"domingo";"17:00:00";"MG";381;352;"JOAO MONLEVADE";"Carga excessiva e/ou mal acondicionada";"Derramamento de carga";"Sem Vítimas";"Pleno dia";"Decrescente";"Céu Claro";"Simples";"Reta";"Não";2;0;0;0;1;1;0;2;-19,8092;-43,1737;"SPRF-MG";"DEL03-MG";"UOP01-DEL03-MG"
106848;2018-01-28;"domingo";"17:10:00";"GO";153;104;"SANTA TEREZA DE GOIAS";"Falta de Atenção à Condução";"Colisão frontal";"Com Vítimas Feridas";"Pleno dia";"Crescente";"Nublado";"Simples";"Reta";"Não";3;0;1;0;1;1;1;3;-13,685077;-49,023098;"SPRF-GO";"DEL07-GO";"UOP01-DEL07-GO"
106849;2018-01-27;"sábado";"05:40:00";"BA";116;591;"BREJOES";"Avarias e/ou desgaste excessivo no pneu";"Tombamento";"Com Vítimas Feridas";"Amanhecer";"Decrescente";"Céu Claro";"Simples";"Reta";"Não";2;0;1;0;0;2;1;3;-13,12207083;-39,99183297;"SPRF-BA";"DEL03-BA";"UOP02-DEL03-BA"
106857;2018-01-28;"domingo";"17:25:00";"GO";364;372;"SANTA RITA DO ARAGUAIA";"Falta de Atenção à Condução";"Saída de leito carroçável";"Com Vítimas Feridas";"Anoitecer";"Crescente";"Ignorado";"Simples";"Reta";"Não";2;0;0;1;0;1;1;2;-17,37379102;-53,09245795;"SPRF-GO";"DEL05-GO";"UOP01-DEL05-GO"
106863;2018-01-28;"domingo";"18:15:00";"SP";116;71,1;"APARECIDA";"Falta de Atenção à Condução";"Tombamento";"Sem Vítimas";"Pleno dia";"Decrescente";"Nublado";"Dupla";"Reta";"Sim";2;0;0;0;1;2;0;3;-22,85695743;-45,23152828;"SPRF-SP";"DEL08-SP";"UOP01-DEL08-SP"
106885;2018-01-28;"domingo";"19:00:00";"MG";381;744,9;"TRES CORACOES";"Condutor Dormindo";"Saída de leito carroçável";"Sem Vítimas";"Anoitecer";"Decrescente";"Chuva";"Dupla";"Reta";"Não";2;0;0;0;1;1;0;2;-21,61797029;-45,24446393;"SPRF-MG";"DEL16-MG";"UOP02-DEL16-MG"
106893;2018-01-28;"domingo";"18:30:00";"BA";116;813,5;"VITORIA DA CONQUISTA";"Ultrapassagem Indevida";"Colisão frontal";"Com Vítimas Fatais";"Anoitecer";"Crescente";"Céu Claro";"Simples";"Reta";"Sim";5;1;0;0;2;2;0;5;-14,80482525;-40,78255624;"SPRF-BA";"DEL08-BA";"UOP01-DEL08-BA"
106897;2018-01-28;"domingo";"11:40:00";"MG";381;480;"BETIM";"Não guardar distância de segurança";"Saída de leito carroçável";"Sem Vítimas";"Pleno dia";"Crescente";"Céu Claro";"Dupla";"Curva";"Sim";2;0;0;0;1;1;0;2;-19,9586;-44,0608;"SPRF-MG";"DEL01-MG";"UOP03-DEL01-MG"
106902;2018-01-28;"domingo";"16:30:00";"SE";101;199;"CRISTINAPOLIS";"Falta de Atenção à Condução";"Colisão frontal";"Com Vítimas Feridas";"Pleno dia";"Crescente";"Céu Claro";"Simples";"Reta";"Sim";2;0;1;0;1;0;1;2;-11,4646;-37,7461;"SPRF-SE";"DEL02-SE";"UOP03-DEL02-SE"
106931;2018-01-28;"domingo";"13:00:00";"RJ";101;144,5;"MACAE";"Falta de Atenção à Condução";"Tombamento";"Com Vítimas Feridas";"Pleno dia";"Crescente";"Céu Claro";"Dupla";"Reta";"Não";1;0;1;0;0;0;1;1;-22,2169084;-41,75645828;"SPRF-RJ";"DEL02-RJ";"UOP04-DEL08-RJ"
106933;2018-01-28;"domingo";"22:00:00";"RN";304;229,6;"RIACHUELO";"Falta de Atenção à Condução";"Tombamento";"Com Vítimas Feridas";"Plena Noite";"Crescente";"Céu Claro";"Simples";"Reta";"Não";2;0;2;0;0;0;2;1;-5,749324;-35,905886;"SPRF-RN";"DEL01-RN";"UOP02-DEL01-RN"
106938;2018-01-28;"domingo";"23:30:00";"SP";116;146;"SAO JOSE DOS CAMPOS";"Não guardar distância de segurança";"Colisão traseira";"Com Vítimas Feridas";"Plena Noite";"Decrescente";"Chuva";"Dupla";"Reta";"Sim";4;0;1;0;2;1;1;3;-23,19558964;-45,87143898;"SPRF-SP";"DEL02-SP";"UOP01-DEL02-SP"
106941;2018-01-28;"domingo";"22:43:00";"MT";174;257;"VALE DE SAO DOMINGOS";"Falta de Atenção à Condução";"Saída de leito carroçável";"Sem Vítimas";"Plena Noite";"Decrescente";"Nublado";"Simples";"Reta";"Não";2;0;0;0;1;1;0;2;-15,43904;-59,10603;"SPRF-MT";"DEL04-MT";"UOP01-DEL04-MT"