"id";"data_inversa";"dia_semana";"horario";"uf";"br";"km";"municipio";"causa_acidente";"tipo_acidente";"classificacao_acidente";"fase_dia";"sentido_via";"condicao_metereologica";"tipo_pista";"tracado_via";"uso_solo";"pessoas";"mortos";"feridos_leves";"feridos_graves";"ilesos";"ignorados";"feridos";"veiculos";"latitude";"longitude";"regional";"delegacia";"uop"
108007;2018-02-02;"sexta-feira";"07:35:00";"ES";101;283,5;"CARIACICA";"Defeito Mecânico no Veículo";"Saída de leito carroçável";"Com Vítimas Feridas";"Pleno dia";"Crescente";"Nublado";"Dupla";"Reta";"Sim";2;0;0;2;0;0;2;1;-20,23684155;-40,36992252;"SPRF-ES";"DEL01-ES";"UOP01-DEL01-ES"
108011;2018-02-02;"sexta-feira";"07:40:00";"MT";70;523;"VARZEA GRANDE";"Falta de Atenção à Condução";"Engavetamento";"Sem Vítimas";"Pleno dia";"Decrescente";"Céu Claro";"Simples";"Reta";"Sim";4;0;0;0;3;2;0;5;-15,6478;-56,1332;"SPRF-MT";"DEL01-MT";"DEL2/4-UOP02/MT"
108016;2018-02-02;"sexta-feira";"08:20:00";"MG";40;563;"NOVA LIMA";"Falta de Atenção à Condução";"Colisão lateral";"Com Vítimas Feridas";"Pleno dia";"Crescente";"Nublado";"Dupla";"Curva";"Sim";2;0;1;0;1;0;1;2;-20,1602;-43,9646;"SPRF-MG";"DEL01-MG";"UOP02-DEL01-MG"
108018;2018-02-02;"sexta-feira";"08:10:00";"SC";282;502,7;"XANXERE";"Falta de Atenção à Condução";"Colisão transversal";"Com Vítimas Feridas";"Pleno dia";"Crescente";"Sol";"Dupla";"Interseção de Vias";"Sim";3;0;1;0;2;0;1;2;-26,88588198;-52,39727532;"SPRF-SC";"DEL07-SC";"UOP01-DEL07-SC"
108022;2018-02-02;"sexta-feira";"08:15:00";"PA";10;177;"PARAGOMINAS";"Velocidade Incompatível";"Tombamento";"Com Vítimas Feridas";"Pleno dia";"Crescente";"Céu Claro";"Simples";"Rotatória";"Não";3;0;1;0;0;2;1;3;-2,885434;-47,434994;"SPRF-PA";"DEL02-PA";"UOP01-DEL02-PA"
108029;2018-02-02;"sexta-feira";"09:48:00";"SC";470;116,1;"IBIRAMA";"Ultrapassagem Indevida";"Colisão frontal";"Com Vítimas Fatais";"Pleno dia";"Decrescente";"Céu Claro";"Simples";"Reta";"Sim";4;2;0;0;1;1;0;3;-27,08308574;-49,4823736;"SPRF-SC";"DEL04-SC";"UOP02-DEL04-SC"
108030;2018-02-02;"sexta-feira";"09:00:00";"RS";153;47;"ERECHIM";"Falta de Atenção à Condução";"Colisão transversal";"Sem Vítimas";"Pleno dia";"Crescente";"Céu Claro";"Simples";"Reta";"Sim";4;0;0;0;4;0;0;2;-27,645304;-52,249981;"SPRF-RS";"DEL08-RS";"UOP04-DEL08-RS"
108034;2018-02-02;"sexta-feira";"09:40:00";"SC";282;16,3;"PALHOCA";"Mal Súbito";"Atropelamento de Pedestre";"Com Vítimas Fatais";"Pleno dia";"Crescente";"Céu Claro";"Simples";"Reta";"Sim";3;1;0;0;1;1;0;2;-27,658611;-48,681847;"SPRF-SC";"DEL01-SC";"UOP02-DEL01-SC"
108036;2018-02-02;"sexta-feira";"09:25:00";"MG";40;462,2;"SETE LAGOAS";"Velocidade Incompatível";"Colisão traseira";"Com Vítimas Feridas";"Pleno dia";"Crescente";"Chuva";"Dupla";"Curva";"Não";4;0;2;0;1;2;2;4;-19,42776082;-44,3372198;"SPRF-MG";"DEL02-MG";"UOP01-DEL02-MG"
108040;2018-02-02;"sexta-feira";"10:00:00";"SC";101;58;"ARAQUARI";"Velocidade Incompatível";"Tombamento";"Com Vítimas Feridas";"Pleno dia";"Decrescente";"Céu Claro";"Dupla";"Curva";"Não";1;0;1;0;0;0;1;1;-26,4467;-48,7939;"SPRF-SC";"DEL03-SC";"UOP02-DEL03-SC"
108043;2018-02-02;"sexta-feira";"08:48:00";"SC";282;315;"VARGEM";"Condutor Dormindo";"Colisão traseira";"Sem Vítimas";"Pleno dia";"Crescente";"Céu Claro";"Simples";"Reta";"Não";3;0;0;0;2;1;0;3;-27,445721;-51,002831;"SPRF-SC";"DEL07-SC";"UOP06-DEL07-SC"
108046;2018-02-02;"sexta-feira";"09:31:00";"MT";163;66;"RONDONOPOLIS";"Falta de Atenção à Condução";"Saída de leito carroçável";"Com Vítimas Feridas";"Pleno dia";"Decrescente";"Garoa/Chuvisco";"Dupla";"Reta";"Não";2;0;1;0;0;2;1;3;-16,9331684;-54,73221302;"SPRF-MT";"DEL02-MT";"DEL2/2-UOP02/MT"
108049;2018-02-02;"sexta-feira";"03:20:00";"MS";60;515;"NIOAQUE";"Defeito Mecânico no Veículo";"Tombamento";"Com Vítimas Feridas";"Plena Noite";"Crescente";"Céu Claro";"Simples";"Declive;Curva";"Não";1;0;0;1;0;0;1;1;-21,135727;-55,83045;"SPRF-MS";"DEL05-MS";"UOP01-DEL05-MS"
108054;2018-02-02;"sexta-feira";"10:00:00";"MS";163;355,2;"NOVA ALVORADA DO SUL";"Falta de Atenção à Condução";"Colisão lateral";"Com Vítimas Feridas";"Pleno dia";"Crescente";"Céu Claro";"Simples";"Reta";"Não";3;0;2;0;0;2;2;4;-21,55175198;-54,41403866;"SPRF-MS";"DEL02-MS";"UOP02-DEL02-MS"
108055;2018-02-02;"sexta-feira";"11:05:00";"SC";101;242,3;"PALHOCA";"Carga excessiva e/ou mal acondicionada";"Colisão transversal";"Com Vítimas Feridas";"Pleno dia";"Decrescente";"Céu Claro";"Dupla";"Reta";"Não";3;0;1;0;1;1;1;3;-27,87752528;-48,64689675;"SPRF-SC";"DEL01-SC";"UOP02-DEL01-SC"
108061;2018-02-02;"sexta-feira";"10:40:00";"RJ";116;123;"MAGE";"Mal Súbito";"Colisão lateral";"Com Vítimas Feridas";"Pleno dia";"Crescente";"Céu Claro";"Dupla";"Reta";"Sim";2;0;2;0;0;0;2;2;-22,640835;-43,06292;"SPRF-RJ";"DEL04-RJ";"UOP02-DEL04-RJ"
108079;2018-02-02;"sexta-feira";"11:45:00";"PE";232;549;"PARNAMIRIM";"Falta de Atenção à Condução";"Saída de leito carroçável";"Com Vítimas Fatais";"Pleno dia";"Decrescente";"Céu Claro";"Simples";"Reta";"Não";1;1;0;0;0;0;0;1;-8,090978;-39,578655;"SPRF-PE";"DEL05-PE";"UOP01-DEL05-PE"
108085;2018-02-02;"sexta-feira";"13:40:00";"AL";316;264;"SATUBA";"Falta de Atenção à Condução";"Colisão lateral";"Sem Vítimas";"Pleno dia";"Decrescente";"Céu Claro";"Dupla";"Aclive";"Não";2;0;0;0;1;1;0;2;-9,563767;-35,82474;"SPRF-AL";"DEL02-AL";"UOP01-DEL02-AL"
108090;2018-02-02;"sexta-feira";"13:45:00";"MG";116;528,8;"CARATINGA";"Pista Escorregadia";"Colisão traseira";"Com Vítimas Feridas";"Pleno dia";"Crescente";"Chuva";"Dupla";"Reta";"Sim";2;0;1;0;1;0;1;2;-19,7902;-42,139526;"SPRF-MG";"DEL06-MG";"UOP02-DEL06-MG"
108091;2018-02-02;"sexta-feira";"13:15:00";"TO";226;9;"PALMEIRAS DO TOCANTINS";"Defeito Mecânico no Veículo";"Tombamento";"Com Vítimas Feridas";"Pleno dia";"Crescente";"Nublado";"Simples";"Aclive";"Não";2;0;1;0;0;1;1;2;-6,593669;-47,52792;"SPRF-TO";"DEL02-TO";"UOP03-DEL02-TO"
108095;2018-02-02;"sexta-feira";"08:30:00";"SC";480;123,8;"CHAPECO";"Desobediência às normas de trânsito pelo condutor";"Colisão traseira";"Sem Vítimas";"Pleno dia";"Decrescente";"Céu Claro";"Múltipla";"Aclive";"Sim";4;0;0;0;3;2;0;5;-27,0968;-52,6186;"SPRF-SC";"DEL07-SC";"UOP01-DEL07-SC"
108098;2018-02-02;"sexta-feira";"14:45:00";"SP";116;474;"JACUPIRANGA";"Defeito Mecânico no Veículo";"Incêndio";"Sem Vítimas";"Pleno dia";"Decrescente";"Chuva";"Dupla";"Reta";"Não";2;0;0;0;1;1;0;2;-24,692978;-48,002632;"SPRF-SP";"DEL05-SP";"UAP01-DEL05-SP"
108099;2018-02-02;"sexta-feira";"15:30:00";"PR";153;204,3;"TIBAGI";"Desobediência às normas de trânsito pelo condutor";"Colisão com objeto estático";"Com Vítimas Feridas";"Pleno dia";"Decrescente";"Sol";"Simples";"Em Obras";"Não";3;0;0;1;2;0;1;2;-24,50140294;-50,44351101;"SPRF-PR";"DEL03-PR";"UOP02-DEL03-PR"
108108;2018-02-02;"sexta-feira";"15:40:00";"SC";470;9,7;"NAVEGANTES";"Falta de Atenção à Condução";"Colisão lateral";"Com Vítimas Feridas";"Pleno dia";"Crescente";"Céu Claro";"Simples";"Reta";"Não";3;0;1;0;1;1;1;3;-26,83875341;-48,7174058;"SPRF-SC";"DEL04-SC";"UOP04-DEL04-SC"
108112;2018-02-02;"sexta-feira";"15:00:00";"PR";116;6;"CAMPINA GRANDE DO SUL";"Falta de Atenção à Condução";"Colisão lateral";"Com Vítimas Feridas";"Pleno dia";"Crescente";"Céu Claro";"Simples";"Reta";"Sim";2;0;1;0;1;0;1;2;-25,3669;-49,0996;"SPRF-PR";"DEL01-PR";"UOP02-DEL01-PR"
108115;2018-02-02;"sexta-feira";"15:40:00";"BA";324;614;"SALVADOR";"Falta de Atenção à Condução";"Colisão lateral";"Com Vítimas Feridas";"Pleno dia";"Decrescente";"Céu Claro";"Dupla";"Reta";"Sim";2;0;1;0;1;0;1;2;-12,971561;-38,511154;"SPRF-BA";"DEL01-BA";"UOP01-DEL01-BA"
108119;2018-02-02;"sexta-feira";"14:20:00";"PR";277;725,5;"FOZ DO IGUACU";"Falta de Atenção à Condução";"Colisão transversal";"Com Vítimas Feridas";"Pleno dia";"Decrescente";"Céu Claro";"Dupla";"Interseção de Vias;Curva;Declive";"Sim";2;0;0;1;1;0;1;2;-25,5109668;-54,54984695;"SPRF-PR";"DEL05-PR";"UOP03-DEL05-PR"
108123;2018-02-02;"sexta-feira";"14:20:00";"MA";135;96;"ITAPECURU MIRIM";"Falta de Atenção à Condução";"Colisão traseira";"Sem Vítimas";"Pleno dia";"Decrescente";"Chuva";"Simples";"Em Obras";"Sim";3;0;0;0;3;0;0;3;-3,334748;-44,448353;"SPRF-MA";"DEL01-MA";"UOP02-DEL01-MA"
108125;2018-02-02;"sexta-feira";"14:25:00";"MT";364;328;"CAMPO VERDE";"Falta de Atenção à Condução";"Colisão traseira";"Sem Vítimas";"Pleno dia";"Decrescente";"Céu Claro";"Dupla";"Reta";"Não";2;0;0;0;2;0;0;2;-15,815773;-55,394379;"SPRF-MT";"DEL02-MT";"UOP02-DEL01-MT"
108127;2018-02-02;"sexta-feira";"15:00:00";"CE";222;223,9;"SOBRAL";"Pista Escorregadia";"Colisão com objeto estático";"Sem Vítimas";"Pleno dia";"Crescente";"Chuva";"Simples";"Reta";"Não";1;0;0;0;1;0;0;1;-3,71200925;-40,34295728;"SPRF-CE";"DEL04-CE";"UOP01-DEL04-CE"
108128;2018-02-02;"sexta-feira";"15:00:00";"MT";364;276;"JACIARA";"Defeito Mecânico no Veículo";"Saída de leito carroçável";"Sem Vítimas";"Amanhecer";"Decrescente";"Nublado";"Simples";"Declive;Reta";"Não";3;0;0;0;2;2;0;3;-15,953446;-54,99099;"SPRF-MT";"DEL02-MT";"UOP02-DEL05-MT"
108130;2018-02-02;"sexta-feira";"15:30:00";"RJ";493;2;"ITABORAI";"Condutor Dormindo";"Colisão com objeto estático";"Com Vítimas Feridas";"Pleno dia";"Decrescente";"Céu Claro";"Simples";"Reta";"Sim";2;0;1;0;1;0;1;1;-22,76351373;-42,92879558;"SPRF-RJ";"DEL04-RJ";"UOP02-DEL04-RJ"
108135;2018-02-02;"sexta-feira";"16:30:00";"MG";262;401,7;"PARA DE MINAS";"Velocidade Incompatível";"Saída de leito carroçável";"Com Vítimas Feridas";"Anoitecer";"Crescente";"Chuva";"Dupla";"Curva";"Não";1;0;1;0;0;0;1;1;-19,88564828;-44,61812854;"SPRF-MG";"DEL08-MG";"UOP03-DEL08-MG"
108136;2018-02-02;"sexta-feira";"16:20:00";"GO";153;516,8;"HIDROLANDIA";"Falta de Atenção à Condução";"Tombamento";"Com Vítimas Feridas";"Pleno dia";"Crescente";"Chuva";"Múltipla";"Reta";"Não";1;0;1;0;0;0;1;1;-16,85988321;-49,24914061;"SPRF-GO";"DEL01-GO";"UOP03-DEL01-GO"
108138;2018-02-02;"sexta-feira";"16:30:00";"SE";235;49;"ITABAIANA";"Desobediência às normas de trânsito pelo condutor";"Colisão transversal";"Com Vítimas Feridas";"Pleno dia";"Crescente";"Céu Claro";"Simples";"Reta";"Não";2;0;1;0;1;0;1;2;-10,72179719;-37,41872549;"SPRF-SE";"DEL01-SE";"UOP02-DEL01-SE"
108139;2018-02-02;"sexta-feira";"15:30:00";"MT";163;725;"SORRISO";"Velocidade Incompatível";"Colisão traseira";"Sem Vítimas";"Pleno dia";"Crescente";"Sol";"Simples";"Reta";"Não";9;0;0;0;8;2;0;5;-12,6974842;-55,8109532;"SPRF-MT";"DEL06-MT";"UOP01-DEL06-MT"
108141;2018-02-02;"sexta-feira";"17:25:00";"RS";116;31,3;"VACARIA";"Não guardar distância de segurança";"Colisão traseira";"Com Vítimas Feridas";"Pleno dia";"Crescente";"Céu Claro";"Simples";"Reta";"Não";3;0;1;0;2;0;1;2;-28,45659434;-50,88568019;"SPRF-RS";"DEL05-RS";"UOP03-DEL05-RS"
108146;2018-02-02;"sexta-feira";"18:00:00";"MG";381;505;"BETIM";"Falta de Atenção à Condução";"Colisão lateral";"Com Vítimas Feridas";"Anoitecer";"Crescente";"Chuva";"Dupla";"Reta";"Sim";2;0;1;0;1;0;1;2;-20,03476961;-44,24333516;"SPRF-MG";"DEL01-MG";"UOP03-DEL01-MG"
108160;2018-02-02;"sexta-feira";"19:15:00";"SC";116;117,5;"SANTA CECILIA";"Velocidade Incompatível";"Tombamento";"Sem Vítimas";"Pleno dia";"Crescente";"Céu Claro";"Simples";"Curva";"Não";2;0;0;0;1;1;0;2;-26,8198888;-50,35081565;"SPRF-SC";"DEL06-SC";"UOP02-DEL06-SC"
108165;2018-02-02;"sexta-feira";"17:26:00";"PA";230;589;"VITORIA DO XINGU";"Falta de Atenção à Condução";"Tombamento";"Com Vítimas Feridas";"Anoitecer";"Crescente";"Nublado";"Simples";"Aclive";"Não";1;0;0;1;0;0;1;1;-2,8839;-52,0046;"SPRF-PA";"DEL04-PA";"UOP01-DEL04-PA"
108174;2018-02-02;"sexta-feira";"18:00:00";"PR";476;197,8;"LAPA";"Carga excessiva e/ou mal acondicionada";"Tombamento";"Sem Vítimas";"Pleno dia";"Decrescente";"Céu Claro";"Simples";"Rotatória";"Sim";2;0;0;0;1;1;0;2;-25,76454836;-49,73788619;"SPRF-PR";"DEL01-PR";"UOP06-DEL01-PR"
108178;2018-02-02;"sexta-feira";"20:30:00";"ES";101;374;"ICONHA";"Falta de Atenção à Condução";"Colisão traseira";"Com Vítimas Feridas";"Plena Noite";"Decrescente";"Nublado";"Simples";"Reta";"Não";2;0;0;1;1;0;1;2;-20,79354;-40,811462;"SPRF-ES";"DEL03-ES";"UOP01-DEL03-ES"
108181;2018-02-02;"sexta-feira";"21:15:00";"RJ";40;123;"DUQUE DE CAXIAS";"Desobediência às normas de trânsito pelo condutor";"Colisão lateral";"Com Vítimas Feridas";"Plena Noite";"Crescente";"Céu Claro";"Múltipla";"Reta";"Sim";6;0;3;0;3;0;3;3;-22,8061;-43,2894;"SPRF-RJ";"DEL01-RJ";"UOP01-DEL01-RJ"
108183;2018-02-02;"sexta-feira";"21:20:00";"MG";116;783,8;"LEOPOLDINA";"Velocidade Incompatível";"Tombamento";"Sem Vítimas";"Plena Noite";"Crescente";"Céu Claro";"Simples";"Curva";"Não";2;0;0;0;1;1;0;2;-21,532427;-42,64342;"SPRF-MG";"DEL07-MG";"UOP01-DEL07-MG"
108186;2018-02-02;"sexta-feira";"19:40:00";"MT";364;41;"ALTO GARCAS";"Defeito Mecânico no Veículo";"Incêndio";"Sem Vítimas";"Plena Noite";"Crescente";"Nublado";"Simples";"Aclive;Reta";"Não";2;0;0;0;1;1;0;2;-17,074661;-53,466282;"SPRF-MT";"DEL02-MT";"UOP02-DEL02-MT"
108187;2018-02-02;"sexta-feira";"20:20:00";"PE";232;330,7;"CUSTODIA";"Ingestão de Álcool";"Colisão frontal";"Com Vítimas Feridas";"Plena Noite";"Crescente";"Céu Claro";"Simples";"Reta";"Sim";4;0;1;0;3;0;1;3;-8,09028;-37,6513;"SPRF-PE";"DEL03-PE";"UOP02-DEL03-PE"
108190;2018-02-02;"sexta-feira";"19:10:00";"SC";282;450,5;"PONTE SERRADA";"Falta de Atenção à Condução";"Colisão traseira";"Com Vítimas Feridas";"Pleno dia";"Crescente";"Céu Claro";"Simples";"Reta";"Não";2;0;0;1;1;0;1;2;-26,91596252;-51,95829607;"SPRF-SC";"DEL07-SC";"UOP04-DEL07-SC"
108193;2018-01-22;"segunda-feira";"07:50:00";"RO";364;27;"VILHENA";"Falta de Atenção à Condução";"Colisão transversal";"Sem Vítimas";"Pleno dia";"Crescente";"Céu Claro";"Simples";"Reta";"Não";3;0;0;0;2;3;0;5;-12,723607;-60,257263;"SPRF-RO";"DEL04-RO";"DEL21/4-UOP03/RO"
108196;2018-02-02;"sexta-feira";"21:20:00";"PA";155;260;"ELDORADO DO CARAJAS";"Ultrapassagem Indevida";"Saída de leito carroçável";"Com Vítimas Feridas";"Plena Noite";"Decrescente";"Céu Claro";"Simples";"Curva";"Não";3;0;1;0;1;1;1;3;-6,049573;-49,291492;"SPRF-PA";"DEL03-PA";"UOP01-DEL03-PA"
108199;2018-02-02;"sexta-feira";"22:10:00";"MG";381;639;"SANTO ANTONIO DO AMPARO";"Mal Súbito";"Colisão traseira";"Com Vítimas Feridas";"Plena Noite";"Crescente";"Nublado";"Dupla";"Reta";"Não";3;0;1;0;1;2;1;4;-20,89715511;-44,85404491;"SPRF-MG";"DEL04-MG";"UOP01-DEL04-MG"
108205;2018-02-02;"sexta-feira";"23:05:00";"SP";116;315,5;"JUQUITIBA";"Velocidade Incompatível";"Saída de leito carroçável";"Com Vítimas Feridas";"Plena Noite";"Crescente";"Nublado";"Dupla";"Curva";"Sim";3;0;1;0;1;1;1;3;-23,90503926;-46,99173331;"SPRF-SP";"DEL04-SP";"UOP03-DEL04-SP"
108211;2018-02-02;"sexta-feira";"23:25:00";"RJ";116;227,9;"PIRAI";"Velocidade Incompatível";"Colisão lateral";"Sem Vítimas";"Plena Noite";"Decrescente";"Céu Claro";"Dupla";"Curva";"Não";2;0;0;0;2;0;0;2;-22,66756107;-43,84300232;"SPRF-RJ";"DEL07-RJ";"UOP01-DEL07-RJ"
108214;2018-02-02;"sexta-feira";"23:45:00";"SP";116;317,9;"JUQUITIBA";"Falta de Atenção à Condução";"Tombamento";"Sem Vítimas";"Plena Noite";"Decrescente";"Nublado";"Dupla";"Reta";"Sim";2;0;0;0;0;2;0;2;-23,92284536;-46,99248701;"SPRF-SP";"DEL04-SP";"UOP03-DEL04-SP"
108219;2018-02-02;"sexta-feira";"23:25:00";"SP";116;482;"JACUPIRANGA";"Falta de Atenção à Condução";"Capotamento";"Com Vítimas Feridas";"Plena Noite";"Crescente";"Garoa/Chuvisco";"Dupla";"Reta";"Não";3;0;0;1;2;0;1;2;-24,692978;-48,002632;"SPRF-SP";"DEL05-SP";"UAP01-DEL05-SP"
108221;2018-02-02;"sexta-feira";"23:00:00";"GO";153;71;"PORANGATU";"Ingestão de Álcool";"Colisão frontal";"Sem Vítimas";"Plena Noite";"Decrescente";"Nublado";"Simples";"Reta";"Sim";3;0;0;0;3;0;0;2;-13,45846;-49,135578;"SPRF-GO";"DEL07-GO";"UOP01-DEL07-GO"
108223;2018-02-02;"sexta-feira";"17:30:00";"BA";101;338;"PRESIDENTE TANCREDO NEVES";"Carga excessiva e/ou mal acondicionada";"Derramamento de carga";"Sem Vítimas";"Anoitecer";"Decrescente";"Céu Claro";"Simples";"Curva";"Não";5;0;0;0;4;2;0;5;-13,5349;-39,4484;"SPRF-BA";"DEL05-BA";"UOP03-DEL05-BA"
108225;2018-02-03;"sábado";"00:10:00";"GO";158;258,8;"JATAI";"Falta de Atenção à Condução";"Colisão traseira";"Com Vítimas Feridas";"Plena Noite";"Crescente";"Céu Claro";"Simples";"Reta";"Não";11;0;9;0;1;2;9;4;-17,81295184;-51,78735137;"SPRF-GO";"DEL05-GO";"UOP01-DEL05-GO"
108234;2018-02-03;"sábado";"01:15:00";"PR";369;201,6;"APUCARANA";"Desobediência às normas de trânsito pelo condutor";"Colisão transversal";"Com Vítimas Feridas";"Plena Noite";"Crescente";"Céu Claro";"Simples";"Reta";"Sim";2;0;1;0;1;0;1;2;-23,5513;-51,461266;"SPRF-PR";"DEL07-PR";"UOP03-DEL07-PR"
108245;2018-02-03;"sábado";"03:10:00";"ES";101;147,9;"LINHARES";"Falta de Atenção à Condução";"Colisão transversal";"Com Vítimas Feridas";"Plena Noite";"Crescente";"Nublado";"Múltipla";"Interseção de Vias";"Sim";3;0;2;0;1;0;2;2;-19,39159;-40,072563;"SPRF-ES";"DEL04-ES";"UOP01-DEL04-ES"
108249;2018-02-03;"sábado";"04:30:00";"RJ";393;155,5;"TRES RIOS";"Velocidade Incompatível";"Tombamento";"Com Vítimas Feridas";"Plena Noite";"Decrescente";"Nublado";"Simples";"Rotatória";"Não";4;0;1;0;3;0;1;1;-22,10622245;-43,07712436;"SPRF-RJ";"DEL06-RJ";"UOP01-DEL05-RJ"
108250;2018-02-03;"sábado";"04:40:00";"PR";116;4;"QUATRO BARRAS";"Desobediência às normas de trânsito pelo condutor";"Colisão frontal";"Com Vítimas Feridas";"Plena Noite";"Decrescente";"Nublado";"Dupla";"Aclive";"Sim";2;0;1;0;1;0;1;2;-25,36277708;-49,08036947;"SPRF-PR";"DEL01-PR";"UOP02-DEL01-PR"
108262;2018-02-03;"sábado";"06:45:00";"GO";70;29;"COCALZINHO DE GOIAS";"Falta de Atenção à Condução";"Colisão frontal";"Com Vítimas Fatais";"Amanhecer";"Crescente";"Nevoeiro/Neblina";"Simples";"Declive;Reta";"Não";6;1;3;0;0;4;3;6;-15,754;-48,4181;"SPRF-DF";"DEL01-DF";"UOP02-DEL03-DF"
108265;2018-02-03;"sábado";"01:00:00";"RS";472;181;"SANTO CRISTO";"Velocidade Incompatível";"Tombamento";"Com Vítimas Feridas";"Plena Noite";"Crescente";"Céu Claro";"Simples";"Curva";"Não";3;0;2;0;0;1;2;2;-27,824354;-54,663242;"SPRF-RS";"DEL10-RS";"UOP01-DEL10-RS"
108279;2018-02-03;"sábado";"08:10:00";"GO";153;191;"URUACU";"Condutor Dormindo";"Colisão frontal";"Com Vítimas Fatais";"Pleno dia";"Crescente";"Nublado";"Simples";"Reta";"Não";2;1;1;0;0;0;1;2;-14,437541;-49,156738;"SPRF-GO";"DEL07-GO";"UOP02-DEL07-GO"
108280;2018-02-03;"sábado";"07:00:00";"PR";376;323,1;"ORTIGUEIRA";"Condutor Dormindo";"Tombamento";"Sem Vítimas";"Pleno dia";"Decrescente";"Céu Claro";"Simples";"Declive;Curva";"Não";2;0;0;0;1;1;0;2;-24,04403904;-51,07805637;"SPRF-PR";"DEL07-PR";"UOP02-DEL07-PR"
108284;2018-02-03;"sábado";"04:00:00";"BA";101;825;"ITAMARAJU";"Carga excessiva e/ou mal acondicionada";"Tombamento";"Sem Vítimas";"Plena Noite";"Crescente";"Nublado";"Simples";"Curva";"Não";2;0;0;0;1;1;0;2;-17,1435;-39,5687;"SPRF-BA";"DEL09-BA";"UOP01-DEL09-BA"
108289;2018-02-03;"sábado";"07:30:00";"PR";376;667;"GUARATUBA";"Defeito Mecânico no Veículo";"Colisão traseira";"Sem Vítimas";"Pleno dia";"Crescente";"Céu Claro";"Dupla";"Curva";"Não";3;0;0;0;2;2;0;4;-25,883259;-48,57514;"SPRF-PR";"DEL01-PR";"DEL7/1-UOP08/PR"
108290;2018-02-03;"sábado";"08:30:00";"MG";354;705,3;"CAXAMBU";"Velocidade Incompatível";"Saída de leito carroçável";"Com Vítimas Feridas";"Pleno dia";"Crescente";"Sol";"Simples";"Curva";"Sim";1;0;0;1;0;0;1;1;-21,99434669;-44,92660571;"SPRF-MG";"DEL05-MG";"DEL5/4-UOP01/MG"
108291;2018-02-03;"sábado";"08:00:00";"MG";381;333,8;"NOVA ERA";"Pista Escorregadia";"Saída de leito carroçável";"Sem Vítimas";"Pleno dia";"Crescente";"Chuva";"Simples";"Curva";"Não";1;0;0;0;1;0;0;1;-19,78608797;-43,04512024;"SPRF-MG";"DEL03-MG";"UOP01-DEL03-MG"
108294;2018-02-03;"sábado";"07:20:00";"CE";222;54;"SAO GONCALO DO AMARANTE";"Falta de Atenção à Condução";"Colisão frontal";"Com Vítimas Fatais";"Pleno dia";"Crescente";"Chuva";"Simples";"Reta";"Não";3;1;0;0;1;3;0;5;-3,66913;-39,027512;"SPRF-CE";"DEL01-CE";"UOP03-DEL01-CE"
108297;2018-02-03;"sábado";"09:40:00";"TO";153;177,7;"ARAGUAINA";"Velocidade Incompatível";"Saída de leito carroçável";"Com Vítimas Feridas";"Pleno dia";"Crescente";"Nublado";"Simples";"Reta";"Não";2;0;1;0;0;1;1;2;-7,46065905;-48,37235235;"SPRF-TO";"DEL02-TO";"UOP01-DEL02-TO"
108298;2018-02-03;"sábado";"09:10:00";"RJ";116;139;"MAGE";"Falta de Atenção à Condução";"Engavetamento";"Sem Vítimas";"Pleno dia";"Crescente";"Céu Claro";"Dupla";"Reta";"Não";7;0;0;0;5;3;0;8;-22,65488835;-43,23806763;"SPRF-RJ";"DEL04-RJ";"UOP02-DEL04-RJ"
108301;2018-02-02;"sexta-feira";"02:30:00";"MT";70;47,6;"BARRA DO GARCAS";"Falta de Atenção à Condução";"Saída de leito carroçável";"Sem Vítimas";"Plena Noite";"Decrescente";"Céu Claro";"Simples";"Reta";"Não";1;0;0;0;1;0;0;1;-15,74518022;-52,61923841;"SPRF-MT";"DEL07-MT";"UOP01-DEL07-MT"
108306;2018-02-03;"sábado";"09:00:00";"MS";262;239,5;"RIBAS DO RIO PARDO";"Falta de Atenção à Condução";"Colisão traseira";"Com Vítimas Feridas";"Pleno dia";"Decrescente";"Céu Claro";"Simples";"Reta";"Sim";3;0;2;0;1;0;2;2;-20,45687083;-53,75494111;"SPRF-MS";"DEL01-MS";"UOP01-DEL01-MS"
108308;2018-02-03;"sábado";"07:00:00";"CE";222;107,5;"ITAPAJE";"Desobediência às normas de trânsito pelo condutor";"Tombamento";"Sem Vítimas";"Pleno dia";"Decrescente";"Chuva";"Simples";"Curva";"Não";1;0;0;0;1;0;0;1;-3,762722;-39,47500391;"SPRF-CE";"DEL04-CE";"UOP03-DEL04-CE"
108312;2018-02-03;"sábado";"05:30:00";"BA";324;402,6;"NOVA FATIMA";"Condutor Dormindo";"Colisão lateral";"Sem Vítimas";"Pleno dia";"Crescente";"Sol";"Simples";"Curva";"Sim";2;0;0;0;2;0;0;2;-11,60028133;-39,63738441;"SPRF-BA";"DEL04-BA";"UOP02-DEL04-BA"
108325;2018-02-03;"sábado";"12:00:00";"MG";40;597;"OURO PRETO";"Velocidade Incompatível";"Saída de leito carroçável";"Sem Vítimas";"Pleno dia";"Crescente";"Céu Claro";"Dupla";"Reta";"Não";1;0;0;0;1;0;0;1;-20,41933123;-43,88386846;"SPRF-MG";"DEL05-MG";"UOP02-DEL05-MG"
108329;2018-02-03;"sábado";"12:30:00";"SP";116;485,5;"CAJATI";"Defeito Mecânico no Veículo";"Colisão com objeto estático";"Sem Vítimas";"Pleno dia";"Crescente";"Sol";"Dupla";"Curva";"Não";2;0;0;0;2;0;0;1;-24,73659;-48,12319;"SPRF-SP";"DEL05-SP";"UAP01-DEL05-SP"