"id";"data_inversa";"dia_semana";"horario";"uf";"br";"km";"municipio";"causa_acidente";"tipo_acidente";"classificacao_acidente";"fase_dia";"sentido_via";"condicao_metereologica";"tipo_pista";"tracado_via";"uso_solo";"pessoas";"mortos";"feridos_leves";"feridos_graves";"ilesos";"ignorados";"feridos";"veiculos";"latitude";"longitude";"regional";"delegacia";"uop"
108807;2018-02-05;"segunda-feira";"06:30:00";"GO";50;177,2;"CAMPO ALEGRE DE GOIAS";"Defeito Mecânico no Veículo";"Incêndio";"Sem Vítimas";"Amanhecer";"Crescente";"Nublado";"Dupla";"Reta";"Não";2;0;0;0;1;1;0;2;-17,39047901;-47,78092046;"SPRF-GO";"DEL06-GO";"UOP01-DEL06-GO"
108808;2018-02-05;"segunda-feira";"06:05:00";"MT";364;329;"CAMPO VERDE";"Falta de Atenção à Condução";"Colisão traseira";"Com Vítimas Feridas";"Pleno dia";"Crescente";"Céu Claro";"Simples";"Reta";"Não";3;0;1;0;1;1;1;3;-15,818277;-55,402821;"SPRF-MT";"DEL02-MT";"UOP02-DEL01-MT"
108809;2018-02-05;"segunda-feira";"06:30:00";"MG";116;517,2;"UBAPORANGA";"Falta de Atenção à Condução";"Tombamento";"Sem Vítimas";"Pleno dia";"Crescente";"Chuva";"Simples";"Reta";"Não";2;0;0;0;1;1;0;2;-19,635754;-42,10591;"SPRF-MG";"DEL06-MG";"UOP02-DEL06-MG"
108810;2018-02-05;"segunda-feira";"07:30:00";"RS";101;79,3;"OSORIO";"Falta de Atenção à Condução";"Colisão transversal";"Sem Vítimas";"Pleno dia";"Decrescente";"Céu Claro";"Dupla";"Curva";"Sim";2;0;0;0;2;0;0;2;-29,89227859;-50,27229312;"SPRF-RS";"DEL03-RS";"UOP01-DEL03-RS"
108816;2018-02-04;"domingo";"21:30:00";"MG";262;123;"RIO CASCA";"Velocidade Incompatível";"Saída de leito carroçável";"Com Vítimas Feridas";"Plena Noite";"Decrescente";"Chuva";"Simples";"Curva";"Não";2;0;2;0;0;0;2;1;-20,20985077;-42,67102718;"SPRF-MG";"DEL03-MG";"UOP03-DEL03-MG"
108819;2018-02-05;"segunda-feira";"07:30:00";"PR";277;710,6;"SANTA TEREZINHA DE ITAIPU";"Falta de Atenção à Condução";"Colisão transversal";"Com Vítimas Feridas";"Pleno dia";"Crescente";"Sol";"Dupla";"Retorno Regulamentado";"Sim";3;0;1;0;1;1;1;3;-25,45272283;-54,41875811;"SPRF-PR";"DEL05-PR";"UOP01-DEL05-PR"
108834;2018-02-05;"segunda-feira";"08:30:00";"PR";476;82;"BOCAIUVA DO SUL";"Falta de Atenção à Condução";"Colisão lateral";"Com Vítimas Feridas";"Pleno dia";"Crescente";"Céu Claro";"Simples";"Curva";"Não";4;0;0;2;1;2;2;4;-25,138002;-49,104736;"SPRF-PR";"DEL01-PR";"UOP01-DEL01-PR"
108835;2018-02-05;"segunda-feira";"08:25:00";"PR";277;669;"MEDIANEIRA";"Mal Súbito";"Colisão traseira";"Com Vítimas Feridas";"Pleno dia";"Crescente";"Céu Claro";"Dupla";"Reta;Aclive";"Sim";7;0;5;0;1;1;5;3;-25,28567947;-54,09942627;"SPRF-PR";"DEL05-PR";"UOP02-DEL05-PR"
108841;2018-02-05;"segunda-feira";"07:15:00";"PR";373;222,4;"IMBITUVA";"Condutor Dormindo";"Colisão traseira";"Com Vítimas Feridas";"Pleno dia";"Decrescente";"Nublado";"Simples";"Reta";"Não";4;0;1;0;2;1;1;3;-25,18101019;-50,58787194;"SPRF-PR";"DEL03-PR";"UOP01-DEL03-PR"
108852;2018-02-05;"segunda-feira";"07:45:00";"PR";376;244;"APUCARANA";"Defeito Mecânico no Veículo";"Colisão com objeto estático";"Sem Vítimas";"Pleno dia";"Crescente";"Céu Claro";"Simples";"Curva";"Não";1;0;0;0;1;0;0;1;-23,58059806;-51,4188264;"SPRF-PR";"DEL07-PR";"UOP03-DEL07-PR"
108854;2018-02-05;"segunda-feira";"09:15:00";"MG";40;697;"BARBACENA";"Velocidade Incompatível";"Saída de leito carroçável";"Com Vítimas Feridas";"Pleno dia";"Crescente";"Chuva";"Dupla";"Curva;Retorno Regulamentado;Declive";"Não";2;0;1;0;0;1;1;2;-21,18088038;-43,75571519;"SPRF-MG";"DEL05-MG";"UOP02-DEL05-MG"
108855;2018-02-05;"segunda-feira";"08:20:00";"BA";418;89,1;"NOVA VICOSA";"Falta de Atenção à Condução";"Colisão traseira";"Com Vítimas Feridas";"Pleno dia";"Crescente";"Nublado";"Simples";"Reta";"Sim";2;0;1;0;1;0;1;2;-17,88384235;-39,86904144;"SPRF-BA";"DEL09-BA";"UOP02-DEL09-BA"
108857;2018-02-05;"segunda-feira";"07:00:00";"RJ";116;179;"NOVA IGUACU";"Falta de Atenção à Condução";"Colisão com objeto estático";"Sem Vítimas";"Pleno dia";"Decrescente";"Garoa/Chuvisco";"Dupla";"Curva";"Sim";1;0;0;0;0;1;0;1;-22,76351884;-43,42758179;"SPRF-RJ";"DEL01-RJ";"UOP02-DEL01-RJ"
108862;2018-02-05;"segunda-feira";"10:00:00";"RJ";40;18;"TRES RIOS";"Velocidade Incompatível";"Saída de leito carroçável";"Com Vítimas Feridas";"Pleno dia";"Decrescente";"Chuva";"Dupla";"Curva";"Não";2;0;2;0;0;0;2;1;-22,1014;-43,171;"SPRF-RJ";"DEL06-RJ";"UOP02-DEL05-RJ"
108864;2018-02-04;"domingo";"21:00:00";"BA";242;180,6;"ITABERABA";"Não guardar distância de segurança";"Colisão com objeto em movimento";"Com Vítimas Feridas";"Plena Noite";"Decrescente";"Céu Claro";"Simples";"Reta";"Não";7;0;1;0;5;2;1;4;-12,52507183;-40,26901245;"SPRF-BA";"DEL06-BA";"UOP02-DEL06-BA"
108877;2018-02-05;"segunda-feira";"10:40:00";"MG";381;686,7;"LAVRAS";"Não guardar distância de segurança";"Colisão lateral";"Sem Vítimas";"Pleno dia";"Crescente";"Chuva";"Dupla";"Curva";"Não";3;0;0;0;2;1;0;3;-21,177522;-45,124456;"SPRF-MG";"DEL04-MG";"UOP02-DEL04-MG"
108900;2018-02-05;"segunda-feira";"12:25:00";"PR";476;132,8;"CURITIBA";"Falta de Atenção à Condução";"Colisão traseira";"Com Vítimas Feridas";"Pleno dia";"Crescente";"Céu Claro";"Dupla";"Reta";"Sim";3;0;1;0;2;0;1;3;-25,46759811;-49,25321387;"SPRF-PR";"DEL01-PR";"UOP07-DEL01-PR"
108904;2018-02-05;"segunda-feira";"12:38:00";"SP";381;65;"MAIRIPORA";"Velocidade Incompatível";"Colisão traseira";"Sem Vítimas";"Pleno dia";"Decrescente";"Sol";"Múltipla";"Reta";"Não";3;0;0;0;2;1;0;3;-23,32222891;-46,58076447;"SPRF-SP";"DEL03-SP";"DEL6/3-UOP03/SP"
108905;2018-02-05;"segunda-feira";"12:33:00";"MT";163;951;"NOVA SANTA HELENA";"Não guardar distância de segurança";"Colisão traseira";"Com Vítimas Feridas";"Pleno dia";"Crescente";"Nublado";"Simples";"Reta";"Não";4;0;2;0;1;2;2;4;-10,848306;-55,180339;"SPRF-MT";"DEL06-MT";"UOP02-DEL06-MT"
108909;2018-02-05;"segunda-feira";"10:40:00";"MG";381;686,7;"LAVRAS";"Velocidade Incompatível";"Capotamento";"Sem Vítimas";"Pleno dia";"Crescente";"Chuva";"Dupla";"Curva;Declive";"Não";3;0;0;0;3;0;0;3;-21,17692873;-45,12495875;"SPRF-MG";"DEL04-MG";"UOP02-DEL04-MG"
108920;2018-02-05;"segunda-feira";"08:35:00";"SP";153;183,8;"LINS";"Falta de Atenção à Condução";"Colisão com objeto estático";"Sem Vítimas";"Pleno dia";"Crescente";"Céu Claro";"Simples";"Reta";"Não";1;0;0;0;1;0;0;1;-21,71154418;-49,80893065;"SPRF-SP";"DEL07-SP";"UOP01-DEL07-SP"
108922;2018-02-05;"segunda-feira";"13:30:00";"BA";324;521;"FEIRA DE SANTANA";"Falta de Atenção à Condução";"Colisão com objeto estático";"Com Vítimas Feridas";"Pleno dia";"Decrescente";"Céu Claro";"Dupla";"Reta";"Sim";5;0;3;0;1;1;3;3;-12,29402393;-38,90657687;"SPRF-BA";"DEL01-BA";"UOP01-DEL01-BA"
108923;2018-02-05;"segunda-feira";"14:10:00";"RJ";40;110,9;"DUQUE DE CAXIAS";"Falta de Atenção à Condução";"Colisão com objeto estático";"Com Vítimas Feridas";"Pleno dia";"Crescente";"Chuva";"Dupla";"Reta";"Sim";3;0;1;0;1;1;1;3;-22,69217052;-43,28759193;"SPRF-RJ";"DEL01-RJ";"UOP01-DEL01-RJ"
108925;2018-02-05;"segunda-feira";"13:30:00";"RJ";116;164,2;"RIO DE JANEIRO";"Falta de Atenção à Condução";"Colisão traseira";"Com Vítimas Feridas";"Pleno dia";"Decrescente";"Chuva";"Simples";"Reta";"Sim";3;0;1;0;2;0;1;2;-22,81366959;-43,32962245;"SPRF-RJ";"DEL01-RJ";"UOP02-DEL01-RJ"
108926;2018-02-05;"segunda-feira";"15:22:00";"MG";40;504;"ESMERALDAS";"Condutor Dormindo";"Saída de leito carroçável";"Sem Vítimas";"Pleno dia";"Crescente";"Chuva";"Dupla";"Reta";"Não";3;0;0;0;2;1;0;2;-19,7426;-44,1485;"SPRF-MG";"DEL02-MG";"UOP01-DEL02-MG"
108928;2018-02-05;"segunda-feira";"12:00:00";"RJ";116;192;"QUEIMADOS";"Velocidade Incompatível";"Colisão com objeto estático";"Sem Vítimas";"Pleno dia";"Decrescente";"Chuva";"Dupla";"Curva";"Não";2;0;0;0;1;1;0;2;-22,72928421;-43,58433008;"SPRF-RJ";"DEL01-RJ";"UOP03-DEL01-RJ"
108930;2018-02-05;"segunda-feira";"08:00:00";"MT";364;20;"ALTO ARAGUAIA";"Defeito Mecânico no Veículo";"Incêndio";"Sem Vítimas";"Pleno dia";"Decrescente";"Céu Claro";"Simples";"Reta";"Não";2;0;0;0;1;1;0;2;-17,213366;-53,348312;"SPRF-MT";"DEL02-MT";"UOP02-DEL02-MT"
108933;2018-02-05;"segunda-feira";"14:00:00";"MG";365;549;"ESTRELA DO SUL";"Defeito Mecânico no Veículo";"Colisão frontal";"Sem Vítimas";"Pleno dia";"Crescente";"Chuva";"Simples";"Curva;Declive;Ponte";"Não";4;0;0;0;4;0;0;2;-18,93006121;-47,67260402;"SPRF-MG";"DEL10-MG";"UOP01-DEL10-MG"
108937;2018-02-05;"segunda-feira";"16:10:00";"SC";282;254,2;"SAO JOSE DO CERRITO";"Falta de Atenção à Condução";"Saída de leito carroçável";"Sem Vítimas";"Pleno dia";"Decrescente";"Céu Claro";"Simples";"Reta";"Não";1;0;0;0;1;0;0;1;-27,67562323;-50,56526184;"SPRF-SC";"DEL05-SC";"UOP02-DEL05-SC"
108938;2018-02-05;"segunda-feira";"14:50:00";"RJ";116;189,6;"QUEIMADOS";"Defeito Mecânico no Veículo";"Colisão traseira";"Com Vítimas Feridas";"Pleno dia";"Decrescente";"Chuva";"Dupla";"Reta";"Não";2;0;1;0;1;0;1;2;-22,73571622;-43,55143815;"SPRF-RJ";"DEL01-RJ";"UOP03-DEL01-RJ"
108939;2018-02-05;"segunda-feira";"15:20:00";"BA";101;947,1;"MUCURI";"Velocidade Incompatível";"Tombamento";"Sem Vítimas";"Pleno dia";"Decrescente";"Nublado";"Simples";"Declive;Curva";"Não";2;0;0;0;1;2;0;3;-18,10180272;-39,88912582;"SPRF-BA";"DEL09-BA";"UOP02-DEL09-BA"
108948;2018-02-05;"segunda-feira";"15:45:00";"MG";116;482,4;"DOM CAVATI";"Falta de Atenção à Condução";"Colisão traseira";"Com Vítimas Feridas";"Pleno dia";"Decrescente";"Chuva";"Simples";"Reta";"Não";3;0;1;0;2;0;1;3;-19,374363;-42,106747;"SPRF-MG";"DEL06-MG";"UOP02-DEL06-MG"
108949;2018-01-11;"quinta-feira";"10:00:00";"SP";116;370;"MIRACATU";"Falta de Atenção à Condução";"Colisão traseira";"Sem Vítimas";"Pleno dia";"Decrescente";"Céu Claro";"Múltipla";"Reta";"Não";6;0;0;0;5;1;0;3;-24,15724812;-47,32596874;"SPRF-SP";"DEL04-SP";"UOP02-DEL04-SP"
108959;2018-02-05;"segunda-feira";"16:40:00";"MG";40;583,3;"ITABIRITO";"Pista Escorregadia";"Colisão frontal";"Com Vítimas Fatais";"Pleno dia";"Decrescente";"Chuva";"Dupla";"Curva";"Não";5;1;0;2;0;2;2;4;-20,32191183;-43,93152887;"SPRF-MG";"DEL01-MG";"UOP02-DEL01-MG"
108966;2018-02-05;"segunda-feira";"01:15:00";"MA";316;216;"GOVERNADOR NEWTON BELLO";"Ingestão de Álcool";"Colisão lateral";"Sem Vítimas";"Plena Noite";"Decrescente";"Nublado";"Simples";"Reta";"Não";2;0;0;0;1;1;0;2;-3,439641;-45,67065;"SPRF-MA";"DEL02-MA";"UI04-DEL02-MA"
108970;2018-02-05;"segunda-feira";"19:10:00";"MG";116;501,7;"INHAPIM";"Falta de Atenção do Pedestre";"Atropelamento de Pedestre";"Com Vítimas Fatais";"Anoitecer";"Crescente";"Nublado";"Simples";"Reta";"Não";5;1;0;0;2;2;0;5;-19,56274214;-42,12255743;"SPRF-MG";"DEL06-MG";"UOP02-DEL06-MG"
108982;2018-02-05;"segunda-feira";"15:15:00";"RJ";116;87,8;"TERESOPOLIS";"Fenômenos da Natureza";"Saída de leito carroçável";"Sem Vítimas";"Pleno dia";"Decrescente";"Chuva";"Simples";"Curva";"Não";1;0;0;0;1;0;0;1;-22,45212906;-42,95352817;"SPRF-RJ";"DEL04-RJ";"UOP01-DEL04-RJ"
108986;2018-02-05;"segunda-feira";"19:30:00";"PE";407;124;"PETROLINA";"Falta de Atenção à Condução";"Colisão lateral";"Com Vítimas Feridas";"Plena Noite";"Decrescente";"Nublado";"Simples";"Reta";"Sim";3;0;1;0;1;1;1;3;-9,37367957;-40,538654;"SPRF-PE";"DEL06-PE";"UOP01-DEL06-PE"
108991;2018-02-05;"segunda-feira";"16:20:00";"MT";364;38,5;"ALTO ARAGUAIA";"Falta de Atenção à Condução";"Tombamento";"Sem Vítimas";"Pleno dia";"Crescente";"Céu Claro";"Simples";"Reta";"Não";2;0;0;0;1;1;0;2;-17,09705587;-53,46414107;"SPRF-MT";"DEL02-MT";"UOP02-DEL02-MT"
108992;2018-02-05;"segunda-feira";"18:30:00";"RJ";116;173;"BELFORD ROXO";"Falta de Atenção à Condução";"Colisão lateral";"Com Vítimas Feridas";"Anoitecer";"Crescente";"Chuva";"Múltipla";"Reta";"Sim";3;0;1;0;1;1;1;3;-22,798059;-43,357342;"SPRF-RJ";"DEL01-RJ";"UOP02-DEL01-RJ"
108994;2018-02-05;"segunda-feira";"19:15:00";"SC";282;501,3;"XANXERE";"Falta de Atenção à Condução";"Colisão transversal";"Com Vítimas Feridas";"Pleno dia";"Crescente";"Sol";"Dupla";"Rotatória";"Sim";3;0;2;0;1;0;2;2;-26,88243675;-52,38134265;"SPRF-SC";"DEL07-SC";"UOP01-DEL07-SC"
109000;2018-02-05;"segunda-feira";"20:00:00";"MT";70;268;"PRIMAVERA DO LESTE";"Falta de Atenção à Condução";"Colisão lateral";"Com Vítimas Feridas";"Plena Noite";"Decrescente";"Nublado";"Simples";"Declive";"Não";5;0;2;1;1;1;3;3;-15,536777;-54,197769;"SPRF-MT";"DEL05-MT";"UOP01-DEL05-MT"
109004;2018-02-05;"segunda-feira";"19:40:00";"MS";163;324,5;"RIO BRILHANTE";"Falta de Atenção à Condução";"Colisão transversal";"Com Vítimas Feridas";"Plena Noite";"Decrescente";"Céu Claro";"Simples";"Reta";"Não";7;0;5;0;1;1;5;3;-21,77146148;-54,52517599;"SPRF-MS";"DEL02-MS";"UOP02-DEL02-MS"
109007;2018-02-05;"segunda-feira";"18:35:00";"SC";282;412,5;"CATANDUVAS";"Falta de Atenção à Condução";"Colisão transversal";"Com Vítimas Feridas";"Anoitecer";"Crescente";"Nublado";"Simples";"Reta";"Não";2;0;0;1;1;0;1;2;-27,04999382;-51,70088615;"SPRF-SC";"DEL07-SC";"UOP05-DEL07-SC"
109009;2018-02-05;"segunda-feira";"22:20:00";"RS";101;66;"MAQUINE";"Falta de Atenção à Condução";"Colisão com objeto estático";"Sem Vítimas";"Plena Noite";"Decrescente";"Céu Claro";"Simples";"Reta";"Não";3;0;0;0;2;3;0;5;-29,7171032;-50,1917772;"SPRF-RS";"DEL03-RS";"UOP01-DEL03-RS"
109014;2018-02-05;"segunda-feira";"23:35:00";"ES";101;365,8;"ANCHIETA";"Pista Escorregadia";"Colisão lateral";"Sem Vítimas";"Plena Noite";"Decrescente";"Chuva";"Simples";"Curva";"Não";3;0;0;0;2;1;0;3;-20,806316;-40,645905;"SPRF-ES";"DEL03-ES";"UOP01-DEL03-ES"
109016;2018-02-05;"segunda-feira";"22:40:00";"MT";364;228,5;"RONDONOPOLIS";"Não guardar distância de segurança";"Colisão traseira";"Sem Vítimas";"Plena Noite";"Crescente";"Céu Claro";"Dupla";"Aclive";"Não";3;0;0;0;2;4;0;6;-16,27788166;-54,76878742;"SPRF-MT";"DEL02-MT";"UOP01-DEL02-MT"
109017;2018-02-05;"segunda-feira";"18:30:00";"BA";116;643;"JAGUAQUARA";"Defeito Mecânico no Veículo";"Colisão transversal";"Com Vítimas Fatais";"Plena Noite";"Decrescente";"Nublado";"Simples";"Declive";"Não";8;1;1;3;2;1;4;7;-13,58153503;-40,08065164;"SPRF-BA";"DEL03-BA";"UOP01-DEL03-BA"
109020;2018-02-06;"terça-feira";"00:05:00";"RJ";116;175;"NOVA IGUACU";"Falta de Atenção à Condução";"Colisão traseira";"Com Vítimas Feridas";"Plena Noite";"Decrescente";"Chuva";"Múltipla";"Reta";"Sim";2;0;1;0;1;0;1;2;-22,76284116;-43,42095941;"SPRF-RJ";"DEL01-RJ";"UOP02-DEL01-RJ"
109021;2018-02-05;"segunda-feira";"23:25:00";"MG";365;181,9;"BURITIZEIRO";"Velocidade Incompatível";"Colisão traseira";"Com Vítimas Feridas";"Plena Noite";"Crescente";"Garoa/Chuvisco";"Simples";"Reta";"Não";5;0;1;0;2;3;1;5;-17,41621908;-45,10329931;"SPRF-MG";"DEL12-MG";"UOP01-DEL12-MG"
109024;2018-02-05;"segunda-feira";"22:00:00";"BA";110;340;"ALAGOINHAS";"Falta de Atenção à Condução";"Tombamento";"Com Vítimas Feridas";"Plena Noite";"Crescente";"Céu Claro";"Dupla";"Interseção de Vias";"Não";2;0;1;0;0;1;1;2;-12,16220562;-38,41599762;"SPRF-BA";"DEL01-BA";"UOP04-DEL01-BA"
109025;2018-02-06;"terça-feira";"01:00:00";"RS";101;63,7;"MAQUINE";"Condutor Dormindo";"Saída de leito carroçável";"Com Vítimas Feridas";"Plena Noite";"Crescente";"Céu Claro";"Dupla";"Reta";"Não";2;0;1;0;1;0;1;1;-29,696211;-50,167812;"SPRF-RS";"DEL03-RS";"UOP01-DEL03-RS"
109028;2018-02-06;"terça-feira";"01:30:00";"MG";40;793,2;"JUIZ DE FORA";"Fenômenos da Natureza";"Colisão traseira";"Sem Vítimas";"Plena Noite";"Decrescente";"Chuva";"Dupla";"Reta";"Sim";4;0;0;0;4;0;0;2;-21,79790142;-43,41271948;"SPRF-MG";"DEL05-MG";"UOP01-DEL05-MG"
109029;2018-02-06;"terça-feira";"00:30:00";"RS";285;98,6;"MONTE ALEGRE DOS CAMPOS";"Defeito Mecânico no Veículo";"Incêndio";"Sem Vítimas";"Plena Noite";"Crescente";"Nublado";"Simples";"Curva";"Não";2;0;0;0;1;2;0;3;-28,58753644;-50,76585889;"SPRF-RS";"DEL05-RS";"UOP03-DEL05-RS"
109030;2018-02-06;"terça-feira";"03:30:00";"MG";381;528;"BRUMADINHO";"Falta de Atenção à Condução";"Colisão com objeto estático";"Sem Vítimas";"Plena Noite";"Crescente";"Chuva";"Dupla";"Curva";"Não";2;0;0;0;1;1;0;2;-20,1634;-44,3399;"SPRF-MG";"DEL04-MG";"UOP03-DEL04-MG"
109031;2018-02-05;"segunda-feira";"22:00:00";"MT";163;639,2;"NOVA MUTUM";"Restrição de Visibilidade";"Saída de leito carroçável";"Com Vítimas Feridas";"Plena Noite";"Crescente";"Chuva";"Simples";"Reta";"Não";19;0;19;0;0;0;19;1;-13,829317;-56,082653;"SPRF-MT";"DEL01-MT";"UOP01-DEL01-MT"
109033;2018-02-06;"terça-feira";"02:00:00";"BA";116;431;"FEIRA DE SANTANA";"Condutor Dormindo";"Colisão com objeto estático";"Sem Vítimas";"Plena Noite";"Crescente";"Céu Claro";"Dupla";"Reta";"Sim";1;0;0;0;1;0;0;1;-12,267113;-38,966988;"SPRF-BA";"DEL02-BA";"UOP01-DEL02-BA"
109035;2018-02-06;"terça-feira";"03:55:00";"RJ";101;299;"SAO GONCALO";"Velocidade Incompatível";"Colisão traseira";"Sem Vítimas";"Plena Noite";"Decrescente";"Céu Claro";"Dupla";"Reta";"Sim";2;0;0;0;2;0;0;2;-22,774326;-42,938232;"SPRF-RJ";"DEL02-RJ";"DEL5/2-UOP04/RJ"
109038;2018-02-06;"terça-feira";"03:30:00";"MG";381;689,8;"LAVRAS";"Velocidade Incompatível";"Saída de leito carroçável";"Sem Vítimas";"Plena Noite";"Crescente";"Chuva";"Dupla";"Curva";"Não";1;0;0;0;1;0;0;1;-21,199042;-45,119365;"SPRF-MG";"DEL04-MG";"UOP02-DEL04-MG"
109039;2018-02-06;"terça-feira";"05:00:00";"MG";381;504;"BETIM";"Falta de Atenção à Condução";"Colisão traseira";"Com Vítimas Feridas";"Plena Noite";"Decrescente";"Garoa/Chuvisco";"Dupla";"Aclive";"Não";3;0;1;0;1;1;1;3;-20,03534011;-44,2440623;"SPRF-MG";"DEL01-MG";"UOP03-DEL01-MG"
109042;2018-02-06;"terça-feira";"04:30:00";"TO";153;252,1;"COLINAS DO TOCANTINS";"Ultrapassagem Indevida";"Saída de leito carroçável";"Sem Vítimas";"Amanhecer";"Crescente";"Garoa/Chuvisco";"Simples";"Reta";"Não";2;0;0;0;1;2;0;3;-8,09935554;-48,46813984;"SPRF-TO";"DEL02-TO";"UOP02-DEL02-TO"
109044;2018-02-06;"terça-feira";"06:10:00";"SC";101;383,8;"ICARA";"Falta de Atenção à Condução";"Colisão traseira";"Sem Vítimas";"Amanhecer";"Crescente";"Céu Claro";"Dupla";"Reta";"Não";3;0;0;0;3;0;0;3;-28,76508511;-49,29463057;"SPRF-SC";"DEL02-SC";"UOP02-DEL02-SC"
109046;2018-02-06;"terça-feira";"06:00:00";"SP";116;156,8;"SAO JOSE DOS CAMPOS";"Falta de Atenção à Condução";"Colisão traseira";"Com Vítimas Fatais";"Amanhecer";"Crescente";"Nublado";"Dupla";"Reta";"Não";5;1;1;0;2;3;1;6;-23,252568;-45,93929;"SPRF-SP";"DEL02-SP";"UOP01-DEL02-SP"
109050;2018-02-06;"terça-feira";"05:00:00";"MG";251;493,8;"FRANCISCO SA";"Velocidade Incompatível";"Saída de leito carroçável";"Com Vítimas Feridas";"Plena Noite";"Crescente";"Nublado";"Simples";"Reta";"Não";2;0;1;0;0;1;1;2;-16,53272109;-43,58516089;"SPRF-MG";"DEL12-MG";"UOP01-DEL12-MG"
109051;2018-02-06;"terça-feira";"05:10:00";"RJ";116;186,7;"QUEIMADOS";"Velocidade Incompatível";"Tombamento";"Sem Vítimas";"Plena Noite";"Decrescente";"Chuva";"Simples";"Reta";"Não";3;0;0;0;3;0;0;3;-22,73989192;-43,52776873;"SPRF-RJ";"DEL01-RJ";"UOP03-DEL01-RJ"
109054;2018-02-06;"terça-feira";"07:00:00";"RS";290;1;"OSORIO";"Velocidade Incompatível";"Colisão lateral";"Sem Vítimas";"Pleno dia";"Crescente";"Céu Claro";"Dupla";"Reta";"Sim";3;0;0;0;2;1;0;3;-29,894957;-50,286026;"SPRF-RS";"DEL03-RS";"UOP02-DEL03-RS"
109055;2018-02-06;"terça-feira";"06:00:00";"MG";50;85;"UBERLANDIA";"Falta de Atenção à Condução";"Colisão traseira";"Sem Vítimas";"Amanhecer";"Decrescente";"Nublado";"Dupla";"Reta";"Não";3;0;0;0;2;2;0;4;-19,0159;-48,2066;"SPRF-MG";"DEL15-MG";"UOP01-DEL15-MG"
109059;2018-02-06;"terça-feira";"05:00:00";"PE";101;47;"ABREU E LIMA";"Falta de Atenção à Condução";"Colisão lateral";"Com Vítimas Feridas";"Pleno dia";"Crescente";"Céu Claro";"Múltipla";"Reta";"Sim";3;0;1;0;1;1;1;3;-7,8893;-34,9037;"SPRF-PE";"DEL01-PE";"UOP02-DEL01-PE"
109060;2018-02-06;"terça-feira";"06:45:00";"RJ";116;318;"ITATIAIA";"Falta de Atenção à Condução";"Colisão com objeto estático";"Sem Vítimas";"Pleno dia";"Crescente";"Céu Claro";"Dupla";"Reta";"Sim";2;0;0;0;1;1;0;2;-22,496592;-44,563713;"SPRF-RJ";"DEL07-RJ";"DEL5/7-UOP03/RJ"
109064;2018-02-06;"terça-feira";"07:40:00";"PR";116;134,5;"FAZENDA RIO GRANDE";"Falta de Atenção à Condução";"Colisão com objeto estático";"Sem Vítimas";"Pleno dia";"Crescente";"Céu Claro";"Múltipla";"Reta";"Não";2;0;0;0;1;1;0;2;-25,71473196;-49,31833487;"SPRF-PR";"DEL01-PR";"UOP03-DEL01-PR"
109078;2018-02-06;"terça-feira";"08:30:00";"RS";386;443;"CANOAS";"Falta de Atenção à Condução";"Colisão lateral";"Com Vítimas Feridas";"Pleno dia";"Crescente";"Sol";"Dupla";"Reta";"Não";4;0;2;0;1;1;2;3;-29,889194;-51,213398;"SPRF-RS";"DEL01-RS";"UOP01-DEL01-RS"
109079;2018-02-06;"terça-feira";"07:40:00";"PR";476;145;"CURITIBA";"Falta de Atenção à Condução";"Colisão traseira";"Com Vítimas Feridas";"Pleno dia";"Decrescente";"Céu Claro";"Dupla";"Reta";"Sim";2;0;1;0;1;0;1;2;-25,4289541;-49,267137;"SPRF-PR";"DEL01-PR";"UOP06-DEL01-PR"
109080;2018-02-06;"terça-feira";"08:30:00";"PR";376;474,7;"PONTA GROSSA";"Condutor Dormindo";"Saída de leito carroçável";"Com Vítimas Feridas";"Pleno dia";"Crescente";"Céu Claro";"Dupla";"Curva";"Não";2;0;1;0;0;1;1;2;-25,03832705;-50,29541016;"SPRF-PR";"DEL03-PR";"UOP01-DEL03-PR"
109084;2018-02-06;"terça-feira";"09:00:00";"ES";101;240,5;"SERRA";"Pista Escorregadia";"Colisão lateral";"Com Vítimas Feridas";"Pleno dia";"Crescente";"Chuva";"Dupla";"Aclive";"Não";4;0;3;0;1;0;3;2;-20,129093;-40,308125;"SPRF-ES";"DEL02-ES";"UOP01-DEL02-ES"
109085;2018-02-06;"terça-feira";"01:00:00";"BA";410;2;"RIBEIRA DO POMBAL";"Falta de Atenção à Condução";"Colisão com objeto estático";"Com Vítimas Feridas";"Plena Noite";"Crescente";"Céu Claro";"Simples";"Reta";"Sim";4;0;3;0;1;0;3;2;-10,8271674;-38,5489637;"SPRF-BA";"DEL07-BA";"UOP02-DEL07-BA"
109092;2018-02-06;"terça-feira";"05:00:00";"MG";262;359;"BETIM";"Não guardar distância de segurança";"Colisão lateral";"Sem Vítimas";"Amanhecer";"Crescente";"Nublado";"Dupla";"Reta";"Não";2;0;0;0;2;0;0;2;-19,97845903;-44,25355048;"SPRF-MG";"DEL01-MG";"UOP03-DEL01-MG"
109093;2018-02-06;"terça-feira";"06:40:00";"BA";242;845;"BARREIRAS";"Falta de Atenção à Condução";"Tombamento";"Sem Vítimas";"Pleno dia";"Decrescente";"Sol";"Simples";"Reta";"Não";2;0;0;0;1;2;0;3;-12,083839;-45,458887;"SPRF-BA";"DEL10-BA";"UOP01-DEL10-BA"
109095;2018-02-06;"terça-feira";"09:15:00";"SP";116;357,5;"MIRACATU";"Velocidade Incompatível";"Tombamento";"Com Vítimas Fatais";"Pleno dia";"Decrescente";"Céu Claro";"Dupla";"Curva;Aclive";"Não";2;1;0;0;0;1;0;2;-24,10285718;-47,25696707;"SPRF-SP";"DEL04-SP";"UOP03-DEL04-SP"