"id";"data_inversa";"dia_semana";"horario";"uf";"br";"km";"municipio";"causa_acidente";"tipo_acidente";"classificacao_acidente";"fase_dia";"sentido_via";"condicao_metereologica";"tipo_pista";"tracado_via";"uso_solo";"pessoas";"mortos";"feridos_leves";"feridos_graves";"ilesos";"ignorados";"feridos";"veiculos";"latitude";"longitude";"regional";"delegacia";"uop"
109098;2018-02-06;"terça-feira";"08:35:00";"AP";210;7;"MACAPA";"Falta de Atenção à Condução";"Danos eventuais";"Com Vítimas Feridas";"Pleno dia";"Decrescente";"Sol";"Dupla";"Reta";"Não";3;0;1;0;2;0;1;2;0,098343;-51,119862;"SPRF-AP";"DEL01-AP";"UOP01-DEL01-AP"
109099;2018-02-06;"terça-feira";"06:50:00";"MG";40;615,8;"CONGONHAS";"Defeito na Via";"Colisão lateral";"Com Vítimas Feridas";"Pleno dia";"Decrescente";"Chuva";"Simples";"Reta;Declive";"Não";3;0;1;0;2;0;1;2;-20,54726397;-43,81834745;"SPRF-MG";"DEL05-MG";"UOP02-DEL05-MG"
109100;2018-01-01;"segunda-feira";"20:15:00";"RJ";116;261;"BARRA MANSA";"Pista Escorregadia";"Colisão com objeto em movimento";"Sem Vítimas";"Plena Noite";"Crescente";"Chuva";"Dupla";"Curva";"Não";6;0;0;0;5;2;0;7;-22,54465;-44,17177;"SPRF-RJ";"DEL07-RJ";"UOP02-DEL07-RJ"
109101;2018-02-06;"terça-feira";"08:10:00";"BA";101;831;"ITAMARAJU";"Defeito Mecânico no Veículo";"Tombamento";"Sem Vítimas";"Pleno dia";"Crescente";"Sol";"Simples";"Curva";"Não";2;0;0;0;1;1;0;2;-17,1774;-39,5802;"SPRF-BA";"DEL09-BA";"UOP01-DEL09-BA"
109102;2018-01-06;"sábado";"17:45:00";"SP";153;146,8;"PROMISSAO";"Mal Súbito";"Saída de leito carroçável";"Com Vítimas Feridas";"Pleno dia";"Decrescente";"Nublado";"Simples";"Reta";"Não";1;0;0;1;0;0;1;1;-21,39232339;-49,78973135;"SPRF-SP";"DEL07-SP";"UOP01-DEL07-SP"
109103;2018-02-06;"terça-feira";"08:30:00";"PA";230;116;"MARABA";"Falta de Atenção à Condução";"Colisão lateral";"Sem Vítimas";"Pleno dia";"Decrescente";"Chuva";"Simples";"Reta";"Sim";3;0;0;0;2;1;0;3;-5,3508349;-49,1120197;"SPRF-PA";"DEL03-PA";"UOP01-DEL03-PA"
109105;2018-02-06;"terça-feira";"07:00:00";"RO";364;16;"VILHENA";"Falta de Atenção à Condução";"Colisão traseira";"Com Vítimas Feridas";"Pleno dia";"Decrescente";"Céu Claro";"Dupla";"Reta";"Sim";3;0;0;1;1;2;1;4;-12,734379;-60,156971;"SPRF-RO";"DEL04-RO";"UOP01-DEL04-RO"
109106;2018-02-06;"terça-feira";"07:40:00";"PE";232;530,3;"SALGUEIRO";"Defeito Mecânico no Veículo";"Incêndio";"Sem Vítimas";"Pleno dia";"Decrescente";"Céu Claro";"Simples";"Reta";"Não";1;0;0;0;1;0;0;1;-8,07525392;-39,28853095;"SPRF-PE";"DEL05-PE";"UOP01-DEL05-PE"
109107;2018-02-06;"terça-feira";"09:50:00";"SC";470;175,8;"POUSO REDONDO";"Falta de Atenção à Condução";"Colisão frontal";"Com Vítimas Feridas";"Pleno dia";"Crescente";"Céu Claro";"Simples";"Reta";"Sim";2;0;1;0;1;0;1;2;-27,25757669;-49,93193865;"SPRF-SC";"DEL04-SC";"UOP02-DEL04-SC"
109110;2018-02-06;"terça-feira";"10:25:00";"RJ";116;72;"TERESOPOLIS";"Avarias e/ou desgaste excessivo no pneu";"Tombamento";"Sem Vítimas";"Pleno dia";"Crescente";"Chuva";"Simples";"Curva";"Sim";2;0;0;0;2;0;0;1;-22,35374226;-42,94242114;"SPRF-RJ";"DEL04-RJ";"UOP01-DEL04-RJ"
109113;2018-02-06;"terça-feira";"09:45:00";"CE";116;62,3;"CHOROZINHO";"Não guardar distância de segurança";"Colisão traseira";"Sem Vítimas";"Pleno dia";"Crescente";"Céu Claro";"Simples";"Aclive";"Não";4;0;0;0;3;2;0;5;-4,27308377;-38,49170834;"SPRF-CE";"DEL03-CE";"UOP02-DEL03-CE"
109114;2018-02-06;"terça-feira";"07:00:00";"PI";343;82;"CAXINGO";"Falta de Atenção à Condução";"Colisão transversal";"Com Vítimas Feridas";"Pleno dia";"Decrescente";"Nublado";"Simples";"Reta";"Não";2;0;1;0;1;0;1;2;-3,425235;-41,738342;"SPRF-PI";"DEL05-PI";"UOP01-DEL05-PI"
109116;2018-02-06;"terça-feira";"11:05:00";"PR";116;111;"CURITIBA";"Falta de Atenção à Condução";"Colisão traseira";"Com Vítimas Feridas";"Pleno dia";"Crescente";"Céu Claro";"Múltipla";"Reta";"Não";5;0;2;0;2;1;2;3;-25,55791273;-49,26849952;"SPRF-PR";"DEL01-PR";"UOP01-DEL01-PR"
109117;2018-02-05;"segunda-feira";"20:00:00";"BA";20;167;"SAO DESIDERIO";"Condutor Dormindo";"Tombamento";"Com Vítimas Feridas";"Plena Noite";"Crescente";"Céu Claro";"Simples";"Reta";"Não";2;0;1;0;0;1;1;2;-12,479832;-45,885891;"SPRF-BA";"DEL10-BA";"UOP01-DEL10-BA"
109120;2018-02-06;"terça-feira";"11:10:00";"RJ";116;167,6;"SAO JOAO DE MERITI";"Falta de Atenção à Condução";"Colisão lateral";"Sem Vítimas";"Pleno dia";"Decrescente";"Nublado";"Múltipla";"Reta";"Sim";4;0;0;0;4;0;0;3;-22,79774183;-43,35812897;"SPRF-RJ";"DEL01-RJ";"UOP02-DEL01-RJ"
109125;2018-02-06;"terça-feira";"11:20:00";"RS";386;268,9;"FONTOURA XAVIER";"Falta de Atenção à Condução";"Colisão traseira";"Com Vítimas Feridas";"Pleno dia";"Decrescente";"Céu Claro";"Simples";"Reta";"Sim";3;0;0;1;1;1;1;3;-28,9747975;-52,36848414;"SPRF-RS";"DEL04-RS";"NPF/DEL04-RS"
109135;2018-02-06;"terça-feira";"13:15:00";"SP";381;66,9;"MAIRIPORA";"Falta de Atenção do Pedestre";"Atropelamento de Pedestre";"Com Vítimas Feridas";"Pleno dia";"Decrescente";"Céu Claro";"Dupla";"Reta";"Sim";3;0;0;1;1;1;1;3;-23,3184;-46,5872;"SPRF-SP";"DEL03-SP";"DEL6/3-UOP03/SP"
109144;2018-02-06;"terça-feira";"12:20:00";"PE";101;139,8;"RIBEIRAO";"Falta de Atenção à Condução";"Colisão traseira";"Com Vítimas Fatais";"Pleno dia";"Crescente";"Céu Claro";"Dupla";"Curva";"Não";3;1;0;0;2;0;0;2;-8,436181;-35,329523;"SPRF-PE";"DEL01-PE";"UOP03-DEL01-PE"
109148;2018-02-06;"terça-feira";"09:30:00";"PR";158;347,2;"MARQUINHO";"Defeito Mecânico no Veículo";"Colisão transversal";"Com Vítimas Fatais";"Pleno dia";"Decrescente";"Céu Claro";"Simples";"Reta";"Não";2;1;0;0;1;0;0;2;-25,1138;-52,25461;"SPRF-PR";"DEL04-PR";"UOP02-DEL04-PR"
109157;2018-02-06;"terça-feira";"13:05:00";"PB";101;58,5;"SANTA RITA";"Falta de Atenção à Condução";"Colisão transversal";"Com Vítimas Feridas";"Pleno dia";"Decrescente";"Céu Claro";"Dupla";"Retorno Regulamentado";"Não";2;0;1;0;0;1;1;2;-6,9890359;-35,0707611;"SPRF-PB";"DEL01-PB";"UOP04-DEL01-PB"
109158;2018-02-06;"terça-feira";"12:30:00";"MG";116;718,9;"MURIAE";"Pista Escorregadia";"Colisão com objeto estático";"Sem Vítimas";"Pleno dia";"Decrescente";"Céu Claro";"Simples";"Curva";"Não";3;0;0;0;2;1;0;3;-21,22125667;-42,39394002;"SPRF-MG";"DEL07-MG";"UOP02-DEL07-MG"
109165;2018-02-06;"terça-feira";"14:15:00";"PE";116;31,8;"SALGUEIRO";"Falta de Atenção à Condução";"Tombamento";"Com Vítimas Fatais";"Pleno dia";"Decrescente";"Céu Claro";"Simples";"Declive;Curva";"Não";3;1;0;0;1;1;0;3;-8,11969754;-39,12162568;"SPRF-PE";"DEL05-PE";"UOP01-DEL05-PE"
109172;2018-02-06;"terça-feira";"15:40:00";"MG";116;579;"MANHUACU";"Velocidade Incompatível";"Tombamento";"Com Vítimas Feridas";"Pleno dia";"Decrescente";"Chuva";"Simples";"Curva";"Não";3;0;2;0;0;1;2;2;-20,1771455;-42,1875;"SPRF-MG";"DEL06-MG";"UOP03-DEL06-MG"
109179;2018-02-06;"terça-feira";"16:20:00";"RS";101;13,9;"DOM PEDRO DE ALCANTARA";"Condutor Dormindo";"Saída de leito carroçável";"Com Vítimas Feridas";"Pleno dia";"Crescente";"Céu Claro";"Múltipla";"Reta";"Sim";2;0;0;1;1;0;1;1;-29,3965495;-49,8481346;"SPRF-RS";"DEL03-RS";"DEL9/3-UOP03/RS"
109181;2018-02-06;"terça-feira";"13:27:00";"MT";163;732,8;"SORRISO";"Defeito Mecânico no Veículo";"Saída de leito carroçável";"Sem Vítimas";"Pleno dia";"Crescente";"Céu Claro";"Simples";"Curva";"Não";2;0;0;0;1;2;0;3;-12,545702;-55,71182;"SPRF-MT";"DEL06-MT";"UOP01-DEL06-MT"
109188;2018-02-06;"terça-feira";"15:40:00";"PE";101;82;"JABOATAO DOS GUARARAPES";"Falta de Atenção à Condução";"Colisão lateral";"Sem Vítimas";"Plena Noite";"Decrescente";"Céu Claro";"Dupla";"Em Obras";"Não";1;0;0;0;1;0;0;1;-8,1768;-34,9443;"SPRF-PE";"DEL01-PE";"UOP03-DEL01-PE"
109189;2018-02-06;"terça-feira";"16:00:00";"PI";343;0;"TERESINA";"Falta de Atenção à Condução";"Colisão lateral";"Sem Vítimas";"Pleno dia";"Crescente";"Céu Claro";"Simples";"Rotatória";"Não";2;0;0;0;2;0;0;2;-5,0786332;-42,74917603;"SPRF-PI";"DEL05-PI";"UOP01-DEL05-PI"
109194;2018-01-05;"sexta-feira";"07:00:00";"ES";262;4,6;"CARIACICA";"Desobediência às normas de trânsito pelo condutor";"Colisão lateral";"Com Vítimas Feridas";"Pleno dia";"Decrescente";"Nublado";"Múltipla";"Interseção de Vias";"Sim";2;0;1;0;1;0;1;2;-20,33818869;-40,38496703;"SPRF-ES";"DEL01-ES";"UOP01-DEL01-ES"
109195;2018-02-06;"terça-feira";"15:40:00";"MG";381;888,6;"CAMBUI";"Velocidade Incompatível";"Saída de leito carroçável";"Sem Vítimas";"Pleno dia";"Decrescente";"Chuva";"Dupla";"Curva";"Não";3;0;0;0;2;2;0;4;-22,53241768;-46,02821946;"SPRF-MG";"DEL16-MG";"UOP03-DEL16-MG"
109197;2018-02-06;"terça-feira";"17:45:00";"RS";116;636,9;"ARROIO GRANDE";"Falta de Atenção à Condução";"Colisão lateral";"Sem Vítimas";"Pleno dia";"Crescente";"Céu Claro";"Simples";"Reta";"Não";2;0;0;0;2;0;0;2;-32,31963355;-53,1401825;"SPRF-RS";"DEL07-RS";"UOP03-DEL07-RS"
109200;2018-02-06;"terça-feira";"18:08:00";"RS";392;114,5;"CANGUCU";"Desobediência às normas de trânsito pelo condutor";"Colisão frontal";"Com Vítimas Feridas";"Pleno dia";"Crescente";"Céu Claro";"Simples";"Ponte";"Não";5;0;1;0;4;0;1;2;-31,42853164;-52,65880464;"SPRF-RS";"DEL07-RS";"UOP01-DEL07-RS"
109204;2018-02-06;"terça-feira";"18:30:00";"ES";101;420;"ITAPEMIRIM";"Falta de Atenção à Condução";"Colisão transversal";"Com Vítimas Feridas";"Anoitecer";"Crescente";"Nublado";"Simples";"Interseção de Vias";"Não";5;0;0;4;1;0;4;2;-21,011595;-40,83424;"SPRF-ES";"DEL03-ES";"UOP02-DEL03-ES"
109205;2018-02-06;"terça-feira";"17:45:00";"MS";163;454;"CAMPO GRANDE";"Falta de Atenção à Condução";"Danos eventuais";"Sem Vítimas";"Pleno dia";"Decrescente";"Céu Claro";"Múltipla";"Reta";"Não";1;0;0;0;1;0;0;1;-20,68522765;-54,55374956;"SPRF-MS";"DEL01-MS";"UOP01-DEL01-MS"
109209;2018-02-06;"terça-feira";"18:50:00";"ES";262;2,1;"CARIACICA";"Não guardar distância de segurança";"Colisão traseira";"Com Vítimas Feridas";"Anoitecer";"Crescente";"Nublado";"Dupla";"Reta";"Sim";4;0;1;0;1;3;1;5;-20,3318737;-40,364514;"SPRF-ES";"DEL01-ES";"UOP01-DEL01-ES"
109210;2018-02-06;"terça-feira";"18:50:00";"SC";101;134;"BALNEARIO CAMBORIU";"Falta de Atenção à Condução";"Colisão traseira";"Com Vítimas Feridas";"Pleno dia";"Crescente";"Céu Claro";"Dupla";"Reta";"Sim";7;0;1;0;5;1;1;6;-27,00670939;-48,63489533;"SPRF-SC";"DEL04-SC";"UOP03-DEL04-SC"
109212;2018-02-06;"terça-feira";"09:30:00";"BA";116;743,4;"POCOES";"Falta de Atenção à Condução";"Tombamento";"Com Vítimas Fatais";"Pleno dia";"Decrescente";"Céu Claro";"Simples";"Curva";"Não";3;1;1;0;0;1;1;2;-14,5172;-40,3787;"SPRF-BA";"DEL08-BA";"UOP02-DEL08-BA"
109217;2018-02-06;"terça-feira";"19:30:00";"PR";376;524,6;"PONTA GROSSA";"Velocidade Incompatível";"Engavetamento";"Com Vítimas Feridas";"Anoitecer";"Decrescente";"Céu Claro";"Dupla";"Declive";"Não";10;0;0;2;7;2;2;10;-25,2695361;-49,94522095;"SPRF-PR";"DEL03-PR";"UOP04-DEL03-PR"
109218;2018-02-06;"terça-feira";"18:50:00";"SC";282;501,8;"XANXERE";"Falta de Atenção à Condução";"Colisão transversal";"Sem Vítimas";"Pleno dia";"Crescente";"Sol";"Simples";"Reta";"Não";2;0;0;0;2;0;0;2;-26,88655505;-52,37457275;"SPRF-SC";"DEL07-SC";"UOP01-DEL07-SC"
109219;2018-02-06;"terça-feira";"18:20:00";"MT";163;735;"SORRISO";"Falta de Atenção à Condução";"Colisão frontal";"Sem Vítimas";"Anoitecer";"Crescente";"Garoa/Chuvisco";"Simples";"Reta";"Não";3;0;0;0;2;3;0;5;-12,69318398;-55,7937956;"SPRF-MT";"DEL06-MT";"UOP01-DEL06-MT"
109222;2018-02-06;"terça-feira";"18:10:00";"PA";222;243;"MARABA";"Desobediência às normas de trânsito pelo condutor";"Colisão lateral";"Sem Vítimas";"Plena Noite";"Crescente";"Ignorado";"Simples";"Reta";"Não";2;0;0;0;2;0;0;2;-5,339671;-49,08239;"SPRF-PA";"DEL03-PA";"UOP01-DEL03-PA"
109226;2018-02-06;"terça-feira";"18:30:00";"PE";423;105,8;"GARANHUNS";"Falta de Atenção à Condução";"Colisão frontal";"Sem Vítimas";"Plena Noite";"Crescente";"Céu Claro";"Simples";"Declive;Reta";"Não";2;0;0;0;0;2;0;2;-8,88235803;-36,57073975;"SPRF-PE";"DEL03-PE";"UOP01-DEL03-PE"
109227;2018-02-06;"terça-feira";"17:20:00";"ES";259;79;"COLATINA";"Fenômenos da Natureza";"Danos eventuais";"Com Vítimas Feridas";"Anoitecer";"Crescente";"Chuva";"Simples";"Curva";"Sim";1;0;1;0;0;0;1;1;-19,522627;-40,825562;"SPRF-ES";"DEL02-ES";"UOP01-DEL02-ES"
109230;2018-02-06;"terça-feira";"15:50:00";"RO";364;667;"CANDEIAS DO JAMARI";"Falta de Atenção à Condução";"Saída de leito carroçável";"Sem Vítimas";"Pleno dia";"Crescente";"Garoa/Chuvisco";"Dupla";"Reta";"Não";2;0;0;0;1;3;0;4;-8,775691;-63,479378;"SPRF-RO";"DEL01-RO";"UOP01-DEL01-RO"
109235;2018-02-06;"terça-feira";"15:30:00";"RO";364;93,2;"VILHENA";"Falta de Atenção à Condução";"Colisão traseira";"Sem Vítimas";"Pleno dia";"Crescente";"Céu Claro";"Simples";"Reta";"Não";3;0;0;0;2;2;0;4;-12,33304797;-60,63194272;"SPRF-RO";"DEL04-RO";"DEL21/4-UOP03/RO"
109236;2018-02-06;"terça-feira";"18:00:00";"PR";153;396;"PAULO FRONTIN";"Ultrapassagem Indevida";"Tombamento";"Sem Vítimas";"Anoitecer";"Decrescente";"Céu Claro";"Simples";"Reta";"Não";1;0;0;0;1;0;0;1;-26,040195;-50,83627;"SPRF-PR";"DEL02-PR";"UOP03-DEL02-PR"
109239;2018-02-06;"terça-feira";"20:00:00";"PB";101;54,2;"SANTA RITA";"Falta de Atenção à Condução";"Colisão traseira";"Sem Vítimas";"Plena Noite";"Crescente";"Céu Claro";"Múltipla";"Reta";"Não";2;0;0;0;2;0;0;2;-6,96339968;-35,08564017;"SPRF-PB";"DEL01-PB";"UOP04-DEL01-PB"
109240;2018-02-06;"terça-feira";"17:10:00";"BA";242;372;"SEABRA";"Falta de Atenção à Condução";"Colisão transversal";"Com Vítimas Fatais";"Pleno dia";"Decrescente";"Chuva";"Simples";"Reta;Interseção de Vias";"Sim";5;1;0;1;2;1;1;3;-12,47144193;-41,6835022;"SPRF-BA";"DEL10-BA";"UOP03-DEL06-BA"
109247;2018-02-06;"terça-feira";"21:50:00";"SP";116;189;"SAO PAULO";"Falta de Atenção à Condução";"Colisão traseira";"Sem Vítimas";"Plena Noite";"Crescente";"Nublado";"Dupla";"Reta";"Não";2;0;0;0;2;0;0;2;-23,5489;-46,6388;"SPRF-SP";"DEL02-SP";"UOP01-DEL02-SP"
109248;2018-02-06;"terça-feira";"20:50:00";"PR";153;398;"PAULO FRONTIN";"Velocidade Incompatível";"Tombamento";"Sem Vítimas";"Plena Noite";"Decrescente";"Céu Claro";"Simples";"Curva";"Não";2;0;0;0;1;2;0;3;-25,97656441;-50,8392334;"SPRF-PR";"DEL02-PR";"UOP03-DEL02-PR"
109251;2018-02-06;"terça-feira";"23:00:00";"SP";116;416;"JUQUIA";"Defeito Mecânico no Veículo";"Incêndio";"Sem Vítimas";"Plena Noite";"Crescente";"Céu Claro";"Dupla";"Reta";"Não";2;0;0;0;1;2;0;3;-24,3214;-47,6373;"SPRF-SP";"DEL05-SP";"UOP01-DEL05-SP"
109254;2018-02-06;"terça-feira";"21:40:00";"MG";40;464,2;"SETE LAGOAS";"Velocidade Incompatível";"Saída de leito carroçável";"Com Vítimas Feridas";"Plena Noite";"Crescente";"Garoa/Chuvisco";"Dupla";"Curva";"Não";1;0;1;0;0;0;1;1;-19,431;-44,337;"SPRF-MG";"DEL02-MG";"UOP01-DEL02-MG"
109259;2018-02-06;"terça-feira";"22:40:00";"MG";381;273;"TIMOTEO";"Fenômenos da Natureza";"Colisão frontal";"Com Vítimas Feridas";"Plena Noite";"Crescente";"Chuva";"Simples";"Interseção de Vias";"Não";3;0;2;0;0;1;2;3;-19,5973384;-42,7540346;"SPRF-MG";"DEL03-MG";"UOP02-DEL03-MG"
109260;2018-02-06;"terça-feira";"22:50:00";"SP";116;362;"MIRACATU";"Defeito Mecânico no Veículo";"Colisão traseira";"Sem Vítimas";"Plena Noite";"Crescente";"Nublado";"Dupla";"Declive;Curva";"Não";2;0;0;0;2;0;0;2;-24,281868;-47,46013;"SPRF-SP";"DEL04-SP";"UOP03-DEL04-SP"
109262;2018-02-07;"quarta-feira";"00:05:00";"PR";116;74;"QUATRO BARRAS";"Ingestão de Álcool";"Colisão lateral";"Com Vítimas Feridas";"Plena Noite";"Decrescente";"Nublado";"Dupla";"Reta";"Não";3;0;1;0;1;2;1;4;-25,365171;-49,042229;"SPRF-PR";"DEL01-PR";"UOP07-DEL01-PR"
109264;2018-02-07;"quarta-feira";"01:30:00";"SP";116;339,5;"JUQUITIBA";"Defeito Mecânico no Veículo";"Colisão com objeto em movimento";"Sem Vítimas";"Plena Noite";"Decrescente";"Nublado";"Dupla";"Aclive;Reta";"Não";3;0;0;0;2;1;0;3;-24,00271945;-47,15291429;"SPRF-SP";"DEL04-SP";"UOP03-DEL04-SP"
109269;2018-02-07;"quarta-feira";"00:05:00";"RJ";116;225;"PIRAI";"Velocidade Incompatível";"Colisão com objeto estático";"Sem Vítimas";"Plena Noite";"Crescente";"Chuva";"Dupla";"Curva";"Não";1;0;0;0;1;0;0;1;-22,66090804;-43,8381958;"SPRF-RJ";"DEL07-RJ";"UOP01-DEL07-RJ"
109271;2018-02-07;"quarta-feira";"00:00:00";"PE";101;94;"CABO DE SANTO AGOSTINHO";"Velocidade Incompatível";"Colisão com objeto estático";"Sem Vítimas";"Plena Noite";"Crescente";"Céu Claro";"Dupla";"Curva";"Não";2;0;0;0;1;1;0;2;-8,247741;-35,008291;"SPRF-PE";"DEL01-PE";"UOP03-DEL01-PE"
109273;2018-02-07;"quarta-feira";"03:10:00";"GO";40;123,9;"CRISTALINA";"Condutor Dormindo";"Tombamento";"Com Vítimas Feridas";"Plena Noite";"Decrescente";"Céu Claro";"Dupla";"Reta";"Não";2;0;1;0;0;1;1;2;-16,86856412;-47,38761613;"SPRF-DF";"DEL01-DF";"UOP02-DEL01-DF"
109276;2018-02-07;"quarta-feira";"02:45:00";"AL";101;121;"SAO MIGUEL DOS CAMPOS";"Carga excessiva e/ou mal acondicionada";"Tombamento";"Sem Vítimas";"Plena Noite";"Crescente";"Céu Claro";"Simples";"Curva";"Não";2;0;0;0;1;1;0;2;-9,6909519;-36,03374004;"SPRF-AL";"DEL02-AL";"UOP01-DEL02-AL"
109278;2018-02-07;"quarta-feira";"03:45:00";"MG";153;44;"CANAPOLIS";"Velocidade Incompatível";"Colisão traseira";"Com Vítimas Feridas";"Plena Noite";"Crescente";"Céu Claro";"Dupla";"Reta";"Não";2;0;1;0;1;0;1;2;-18,7782;-49,077;"SPRF-MG";"DEL15-MG";"UOP03-DEL15-MG"
109280;2018-02-07;"quarta-feira";"06:40:00";"SC";101;210;"SAO JOSE";"Não guardar distância de segurança";"Colisão traseira";"Com Vítimas Feridas";"Pleno dia";"Decrescente";"Céu Claro";"Dupla";"Reta";"Sim";3;0;1;0;2;0;1;3;-27,6235;-48,6524;"SPRF-SC";"DEL01-SC";"UOP01-DEL01-SC"
109289;2018-02-07;"quarta-feira";"08:00:00";"MG";267;238,2;"SERITINGA";"Carga excessiva e/ou mal acondicionada";"Tombamento";"Com Vítimas Feridas";"Pleno dia";"Decrescente";"Céu Claro";"Simples";"Curva";"Não";2;0;0;1;0;1;1;2;-21,929;-44,442;"SPRF-MG";"DEL05-MG";"DEL5/4-UOP01/MG"
109291;2018-02-07;"quarta-feira";"07:25:00";"MG";381;680,3;"RIBEIRAO VERMELHO";"Falta de Atenção à Condução";"Saída de leito carroçável";"Sem Vítimas";"Pleno dia";"Crescente";"Nublado";"Dupla";"Reta";"Não";1;0;0;0;1;0;0;1;-21,13323262;-45,10304139;"SPRF-MG";"DEL04-MG";"UOP02-DEL04-MG"
109295;2018-02-07;"quarta-feira";"05:10:00";"RO";364;99;"VILHENA";"Falta de Atenção à Condução";"Colisão lateral";"Com Vítimas Feridas";"Amanhecer";"Crescente";"Nublado";"Simples";"Reta";"Não";5;0;1;0;3;1;1;2;-12,281245;-60,640785;"SPRF-RO";"DEL04-RO";"DEL21/4-UOP03/RO"
109300;2018-02-07;"quarta-feira";"04:30:00";"BA";242;242;"RUY BARBOSA";"Pista Escorregadia";"Saída de leito carroçável";"Sem Vítimas";"Plena Noite";"Decrescente";"Chuva";"Simples";"Curva;Declive";"Não";2;0;0;0;2;0;0;2;-12,45535079;-40,59036255;"SPRF-BA";"DEL06-BA";"UOP02-DEL06-BA"
109303;2018-02-07;"quarta-feira";"08:40:00";"RJ";101;411;"ITAGUAI";"Falta de Atenção à Condução";"Colisão traseira";"Com Vítimas Feridas";"Pleno dia";"Decrescente";"Céu Claro";"Dupla";"Reta";"Sim";2;0;0;1;1;0;1;2;-22,91665804;-43,92196655;"SPRF-RJ";"DEL03-RJ";"UOP01-DEL03-RJ"
109304;2018-02-07;"quarta-feira";"09:05:00";"TO";153;321;"GUARAI";"Carga excessiva e/ou mal acondicionada";"Tombamento";"Com Vítimas Feridas";"Pleno dia";"Decrescente";"Nublado";"Simples";"Reta";"Não";2;0;1;0;0;2;1;3;-8,718998;-48,506355;"SPRF-TO";"DEL02-TO";"UOP02-DEL02-TO"
109309;2018-02-07;"quarta-feira";"09:25:00";"TO";226;45;"DARCINOPOLIS";"Falta de Atenção à Condução";"Colisão transversal";"Com Vítimas Feridas";"Pleno dia";"Decrescente";"Nublado";"Simples";"Interseção de Vias";"Sim";2;0;0;1;1;0;1;2;-6,750274;-47,783001;"SPRF-TO";"DEL02-TO";"UOP03-DEL02-TO"
109311;2018-02-07;"quarta-feira";"10:15:00";"ES";101;147;"LINHARES";"Falta de Atenção à Condução";"Colisão transversal";"Com Vítimas Feridas";"Pleno dia";"Decrescente";"Nublado";"Múltipla";"Reta;Retorno Regulamentado";"Sim";3;0;1;0;1;1;1;3;-19,39159;-40,072563;"SPRF-ES";"DEL04-ES";"UOP01-DEL04-ES"
109314;2018-02-07;"quarta-feira";"07:30:00";"MA";222;292;"VITORIA DO MEARIM";"Defeito na Via";"Saída de leito carroçável";"Com Vítimas Feridas";"Pleno dia";"Crescente";"Nublado";"Simples";"Reta";"Não";1;0;1;0;0;0;1;1;-3,46007;-44,8727;"SPRF-MA";"DEL02-MA";"UI04-DEL02-MA"
109317;2018-02-07;"quarta-feira";"11:00:00";"SC";470;53;"BLUMENAU";"Desobediência às normas de trânsito pelo condutor";"Colisão transversal";"Com Vítimas Feridas";"Pleno dia";"Decrescente";"Céu Claro";"Simples";"Reta";"Sim";2;0;1;0;1;0;1;2;-26,86155782;-49,08163816;"SPRF-SC";"DEL04-SC";"UOP01-DEL04-SC"
109328;2018-02-07;"quarta-feira";"11:35:00";"RS";116;40,3;"VACARIA";"Desobediência às normas de trânsito pelo condutor";"Colisão transversal";"Sem Vítimas";"Pleno dia";"Decrescente";"Sol";"Simples";"Interseção de Vias";"Sim";3;0;0;0;2;1;0;3;-28,52050457;-50,94183862;"SPRF-RS";"DEL05-RS";"UOP03-DEL05-RS"
109330;2018-02-07;"quarta-feira";"09:40:00";"RO";364;198;"PIMENTA BUENO";"Falta de Atenção à Condução";"Colisão lateral";"Com Vítimas Feridas";"Pleno dia";"Decrescente";"Sol";"Simples";"Interseção de Vias;Reta";"Sim";2;0;0;1;1;0;1;2;-11,670465;-61,191475;"SPRF-RO";"DEL02-RO";"UOP02-DEL02-RO"
109331;2018-02-07;"quarta-feira";"09:45:00";"PR";280;320;"BARRACAO";"Desobediência às normas de trânsito pelo condutor";"Colisão transversal";"Com Vítimas Feridas";"Pleno dia";"Crescente";"Nublado";"Simples";"Interseção de Vias";"Não";2;0;1;0;1;0;1;2;-26,2502;-53,6352;"SPRF-PR";"DEL02-PR";"UOP02-DEL02-PR"
109334;2018-02-07;"quarta-feira";"10:30:00";"PI";226;265,1;"TERESINA";"Falta de Atenção à Condução";"Colisão traseira";"Sem Vítimas";"Pleno dia";"Decrescente";"Nublado";"Simples";"Reta";"Sim";2;0;0;0;2;0;0;2;-5,08134527;-42,74995727;"SPRF-PI";"DEL01-PI";"UOP01-DEL01-PI"
109335;2018-01-06;"sábado";"10:37:00";"BA";116;621,5;"JAGUAQUARA";"Não guardar distância de segurança";"Colisão traseira";"Com Vítimas Fatais";"Pleno dia";"Crescente";"Céu Claro";"Simples";"Reta";"Não";7;1;0;1;4;1;1;4;-13,46326886;-40,03471076;"SPRF-BA";"DEL03-BA";"UOP01-DEL03-BA"
109341;2018-02-07;"quarta-feira";"10:30:00";"RS";470;208;"BENTO GONCALVES";"Falta de Atenção à Condução";"Colisão transversal";"Sem Vítimas";"Pleno dia";"Decrescente";"Céu Claro";"Simples";"Reta;Aclive";"Não";4;0;0;0;4;0;0;2;-29,10470546;-51,54364301;"SPRF-RS";"DEL06-RS";"UOP01-DEL06-RS"