"id";"data_inversa";"dia_semana";"horario";"uf";"br";"km";"municipio";"causa_acidente";"tipo_acidente";"classificacao_acidente";"fase_dia";"sentido_via";"condicao_metereologica";"tipo_pista";"tracado_via";"uso_solo";"pessoas";"mortos";"feridos_leves";"feridos_graves";"ilesos";"ignorados";"feridos";"veiculos";"latitude";"longitude";"regional";"delegacia";"uop"
109343;2018-02-07;"quarta-feira";"11:35:00";"MT";70;422;"CAMPO VERDE";"Falta de Atenção à Condução";"Colisão transversal";"Sem Vítimas";"Pleno dia";"Crescente";"Céu Claro";"Simples";"Reta";"Sim";2;0;0;0;2;0;0;2;-15,753669;-55,356331;"SPRF-MT";"DEL02-MT";"UOP02-DEL01-MT"
109347;2018-02-07;"quarta-feira";"12:45:00";"MG";365;49,7;"CLARO DOS POCOES";"Defeito Mecânico no Veículo";"Incêndio";"Sem Vítimas";"Pleno dia";"Decrescente";"Nublado";"Simples";"Reta";"Não";2;0;0;0;1;1;0;2;-16,93853429;-44,23950036;"SPRF-MG";"DEL12-MG";"UOP01-DEL12-MG"
109348;2018-02-07;"quarta-feira";"09:00:00";"PA";10;218;"IPIXUNA DO PARA";"Desobediência às normas de trânsito pelo condutor";"Saída de leito carroçável";"Sem Vítimas";"Pleno dia";"Decrescente";"Garoa/Chuvisco";"Simples";"Curva";"Não";2;0;0;0;1;1;0;2;-2,3995819;-47,5334787;"SPRF-PA";"DEL02-PA";"UOP01-DEL02-PA"
109351;2018-02-07;"quarta-feira";"13:20:00";"GO";153;495,2;"GOIANIA";"Velocidade Incompatível";"Colisão traseira";"Com Vítimas Feridas";"Pleno dia";"Crescente";"Sol";"Múltipla";"Reta;Aclive";"Sim";2;0;1;0;1;0;1;2;-16,66676062;-49,22540042;"SPRF-GO";"DEL01-GO";"UOP01-DEL01-GO"
109353;2018-02-07;"quarta-feira";"09:30:00";"PR";277;332;"GUARAPUAVA";"Velocidade Incompatível";"Colisão traseira";"Sem Vítimas";"Pleno dia";"Decrescente";"Nublado";"Dupla";"Curva";"Não";2;0;0;0;1;1;0;2;-25,3558807;-51,37546067;"SPRF-PR";"DEL03-PR";"UOP01-DEL08-PR"
109360;2018-02-07;"quarta-feira";"13:25:00";"RS";470;199,8;"BENTO GONCALVES";"Velocidade Incompatível";"Colisão frontal";"Sem Vítimas";"Pleno dia";"Decrescente";"Céu Claro";"Simples";"Curva";"Não";2;0;0;0;2;0;0;2;-29,07177443;-51,5801239;"SPRF-RS";"DEL06-RS";"UOP01-DEL06-RS"
109361;2018-02-07;"quarta-feira";"08:00:00";"SC";116;117,6;"SANTA CECILIA";"Velocidade Incompatível";"Tombamento";"Com Vítimas Feridas";"Pleno dia";"Decrescente";"Céu Claro";"Simples";"Curva";"Não";4;0;3;0;0;1;3;2;-26,82056669;-50,35136729;"SPRF-SC";"DEL06-SC";"UOP02-DEL06-SC"
109363;2018-02-07;"quarta-feira";"14:15:00";"PR";116;154,9;"MANDIRITUBA";"Carga excessiva e/ou mal acondicionada";"Incêndio";"Sem Vítimas";"Pleno dia";"Decrescente";"Céu Claro";"Simples";"Curva;Aclive";"Não";2;0;0;0;1;1;0;2;-25,779367;-49,326534;"SPRF-PR";"DEL01-PR";"UOP03-DEL01-PR"
109365;2018-02-07;"quarta-feira";"08:15:00";"PR";153;29,4;"SANTO ANTONIO DA PLATINA";"Falta de Atenção à Condução";"Colisão traseira";"Sem Vítimas";"Pleno dia";"Decrescente";"Céu Claro";"Simples";"Reta";"Não";3;0;0;0;2;3;0;5;-23,22620305;-50,01639605;"SPRF-PR";"DEL07-PR";"UOP04-DEL07-PR"
109367;2018-02-07;"quarta-feira";"14:25:00";"ES";101;146;"LINHARES";"Não guardar distância de segurança";"Colisão traseira";"Com Vítimas Feridas";"Pleno dia";"Decrescente";"Nublado";"Múltipla";"Reta";"Sim";3;0;1;0;2;0;1;2;-19,3702891;-40,06537378;"SPRF-ES";"DEL04-ES";"UOP01-DEL04-ES"
109368;2018-02-07;"quarta-feira";"14:20:00";"RS";392;52;"RIO GRANDE";"Falta de Atenção à Condução";"Colisão lateral";"Com Vítimas Feridas";"Pleno dia";"Decrescente";"Céu Claro";"Múltipla";"Reta";"Não";5;0;1;0;3;2;1;4;-31,851908;-52,326347;"SPRF-RS";"DEL07-RS";"UOP02-DEL07-RS"
109370;2018-02-07;"quarta-feira";"14:45:00";"MG";381;757;"TRES CORACOES";"Defeito Mecânico no Veículo";"Saída de leito carroçável";"Com Vítimas Feridas";"Pleno dia";"Decrescente";"Sol";"Dupla";"Reta";"Não";2;0;1;0;0;1;1;2;-21,67796295;-45,34060299;"SPRF-MG";"DEL16-MG";"UOP02-DEL16-MG"
109372;2018-02-07;"quarta-feira";"09:40:00";"AM";174;1084;"PRESIDENTE FIGUEIREDO";"Falta de Atenção à Condução";"Colisão frontal";"Com Vítimas Feridas";"Pleno dia";"Decrescente";"Céu Claro";"Simples";"Curva";"Não";5;0;2;0;2;3;2;6;-2,034824;-60,02544;"SPRF-AM";"DEL01-AM";"UOP02-DEL01-AM"
109374;2018-02-07;"quarta-feira";"03:30:00";"PI";135;488;"MONTE ALEGRE DO PIAUI";"Defeito Mecânico no Veículo";"Saída de leito carroçável";"Sem Vítimas";"Plena Noite";"Crescente";"Chuva";"Simples";"Declive";"Não";2;0;0;0;1;1;0;2;-9,731755;-45,162125;"SPRF-PI";"DEL03-PI";"UOP02-DEL03-PI"
109377;2018-02-07;"quarta-feira";"12:55:00";"AP";210;2,9;"MACAPA";"Falta de Atenção à Condução";"Colisão lateral";"Com Vítimas Feridas";"Pleno dia";"Decrescente";"Chuva";"Simples";"Reta";"Sim";2;0;1;0;1;0;1;2;0,08661386;-51,08499348;"SPRF-AP";"DEL01-AP";"UOP01-DEL01-AP"
109381;2018-02-07;"quarta-feira";"15:19:00";"MS";262;324;"CAMPO GRANDE";"Falta de Atenção à Condução";"Colisão traseira";"Sem Vítimas";"Pleno dia";"Crescente";"Céu Claro";"Simples";"Reta";"Sim";3;0;0;0;2;1;0;3;-20,46724438;-54,54099298;"SPRF-MS";"DEL01-MS";"UOP01-DEL01-MS"
109386;2018-02-07;"quarta-feira";"13:33:00";"ES";101;187,8;"ARACRUZ";"Defeito Mecânico no Veículo";"Saída de leito carroçável";"Sem Vítimas";"Pleno dia";"Crescente";"Céu Claro";"Simples";"Declive";"Não";2;0;0;0;1;2;0;3;-19,616537;-40,215447;"SPRF-ES";"DEL04-ES";"UOP01-DEL04-ES"
109389;2018-02-07;"quarta-feira";"15:25:00";"MT";364;329;"SANTO ANTONIO DO LEVERGER";"Não guardar distância de segurança";"Colisão traseira";"Sem Vítimas";"Pleno dia";"Decrescente";"Nublado";"Simples";"Reta";"Sim";2;0;0;0;1;1;0;2;-15,82264477;-55,42327881;"SPRF-MT";"DEL02-MT";"UOP02-DEL01-MT"
109391;2018-02-07;"quarta-feira";"16:15:00";"SC";101;162,2;"TIJUCAS";"Falta de Atenção à Condução";"Colisão traseira";"Com Vítimas Feridas";"Pleno dia";"Crescente";"Céu Claro";"Dupla";"Reta";"Sim";2;0;1;0;1;0;1;2;-27,2307429;-48,62934092;"SPRF-SC";"DEL04-SC";"UOP03-DEL04-SC"
109392;2018-02-07;"quarta-feira";"10:00:00";"MG";365;477;"PATROCINIO";"Falta de Atenção à Condução";"Colisão traseira";"Com Vítimas Feridas";"Pleno dia";"Crescente";"Sol";"Simples";"Reta";"Não";7;0;3;0;3;1;3;4;-18,9436;-46,9923;"SPRF-MG";"DEL10-MG";"UOP01-DEL10-MG"
109395;2018-02-07;"quarta-feira";"16:30:00";"SC";101;203,9;"SAO JOSE";"Carga excessiva e/ou mal acondicionada";"Colisão traseira";"Sem Vítimas";"Pleno dia";"Crescente";"Céu Claro";"Dupla";"Reta";"Sim";5;0;0;0;4;1;0;5;-27,57418241;-48,61357299;"SPRF-SC";"DEL01-SC";"UOP01-DEL01-SC"
109398;2018-02-07;"quarta-feira";"13:00:00";"MT";364;470;"VARZEA GRANDE";"Defeito Mecânico no Veículo";"Saída de leito carroçável";"Sem Vítimas";"Pleno dia";"Crescente";"Céu Claro";"Dupla";"Reta";"Não";2;0;0;0;1;2;0;3;-15,462242;-56,319843;"SPRF-MT";"DEL01-MT";"DEL2/4-UOP02/MT"
109399;2018-02-07;"quarta-feira";"16:50:00";"PR";376;115;"ALTO PARANA";"Falta de Atenção à Condução";"Saída de leito carroçável";"Sem Vítimas";"Pleno dia";"Crescente";"Céu Claro";"Dupla";"Aclive";"Não";2;0;0;0;2;0;0;2;-23,10120739;-52,36221313;"SPRF-PR";"DEL07-PR";"UOP02-DEL09-PR"
109400;2018-02-07;"quarta-feira";"16:30:00";"SC";101;109;"PENHA";"Não guardar distância de segurança";"Colisão traseira";"Sem Vítimas";"Pleno dia";"Crescente";"Sol";"Múltipla";"Curva";"Sim";3;0;0;0;3;0;0;3;-26,8349;-48,7062;"SPRF-SC";"DEL03-SC";"UOP02-DEL03-SC"
109404;2018-02-07;"quarta-feira";"16:10:00";"MS";163;602;"SAO GABRIEL DO OESTE";"Ultrapassagem Indevida";"Colisão traseira";"Com Vítimas Feridas";"Pleno dia";"Crescente";"Céu Claro";"Dupla";"Reta";"Não";6;0;1;0;4;1;1;3;-19,416415;-54,5535168;"SPRF-MS";"DEL06-MS";"UOP02-DEL06-MS"
109412;2018-02-07;"quarta-feira";"14:50:00";"SC";282;632,3;"DESCANSO";"Falta de Atenção à Condução";"Colisão lateral";"Com Vítimas Feridas";"Pleno dia";"Crescente";"Chuva";"Simples";"Reta";"Não";4;0;0;1;2;2;1;4;-26,82286919;-53,408508;"SPRF-SC";"DEL07-SC";"UOP03-DEL07-SC"
109414;2018-02-07;"quarta-feira";"18:00:00";"RJ";116;280,3;"BARRA MANSA";"Defeito na Via";"Colisão traseira";"Com Vítimas Feridas";"Pleno dia";"Crescente";"Chuva";"Dupla";"Reta";"Não";6;0;1;0;4;1;1;6;-22,51128831;-44,21928406;"SPRF-RJ";"DEL07-RJ";"UOP02-DEL07-RJ"
109415;2018-02-07;"quarta-feira";"17:38:00";"PR";376;143;"PRESIDENTE CASTELO BRANCO";"Desobediência às normas de trânsito pelo condutor";"Colisão transversal";"Com Vítimas Feridas";"Pleno dia";"Decrescente";"Céu Claro";"Simples";"Reta";"Sim";3;0;1;0;1;2;1;4;-23,278519;-52,1521;"SPRF-PR";"DEL07-PR";"UOP02-DEL09-PR"
109416;2018-02-07;"quarta-feira";"18:15:00";"RS";116;52,8;"VACARIA";"Carga excessiva e/ou mal acondicionada";"Derramamento de carga";"Sem Vítimas";"Pleno dia";"Crescente";"Céu Claro";"Simples";"Declive;Reta";"Não";3;0;0;0;2;1;0;3;-28,58567109;-51,02866441;"SPRF-RS";"DEL05-RS";"UOP03-DEL05-RS"
109417;2018-02-02;"sexta-feira";"15:05:00";"SC";282;592;"SAUDADES";"Falta de Atenção à Condução";"Colisão traseira";"Com Vítimas Feridas";"Pleno dia";"Decrescente";"Céu Claro";"Simples";"Reta";"Não";3;0;1;0;1;1;1;3;-26,825869;-53,091843;"SPRF-SC";"DEL07-SC";"UOP02-DEL07-SC"
109418;2018-02-07;"quarta-feira";"17:20:00";"RJ";116;278;"BARRA MANSA";"Pista Escorregadia";"Colisão lateral";"Com Vítimas Feridas";"Pleno dia";"Crescente";"Chuva";"Dupla";"Curva";"Não";2;0;1;0;0;1;1;2;-22,48867869;-44,24555898;"SPRF-RJ";"DEL07-RJ";"UOP02-DEL07-RJ"
109431;2018-02-07;"quarta-feira";"18:50:00";"PR";116;116;"CURITIBA";"Falta de Atenção à Condução";"Colisão traseira";"Sem Vítimas";"Anoitecer";"Crescente";"Nublado";"Dupla";"Reta";"Sim";3;0;0;0;2;2;0;4;-25,55978725;-49,30664063;"SPRF-PR";"DEL01-PR";"UOP03-DEL01-PR"
109435;2018-02-07;"quarta-feira";"19:10:00";"MG";381;591,3;"CARMOPOLIS DE MINAS";"Falta de Atenção à Condução";"Colisão lateral";"Sem Vítimas";"Anoitecer";"Crescente";"Nublado";"Dupla";"Aclive;Curva";"Sim";3;0;0;0;2;4;0;6;-20,55458211;-44,66114081;"SPRF-MG";"DEL04-MG";"UOP01-DEL04-MG"
109443;2018-02-07;"quarta-feira";"20:15:00";"MG";381;493;"BETIM";"Falta de Atenção à Condução";"Saída de leito carroçável";"Com Vítimas Feridas";"Plena Noite";"Crescente";"Céu Claro";"Dupla";"Reta";"Não";1;0;1;0;0;0;1;1;-19,966;-44,1775;"SPRF-MG";"DEL01-MG";"UOP03-DEL01-MG"
109444;2018-02-07;"quarta-feira";"19:20:00";"CE";222;313,2;"TIANGUA";"Falta de Atenção à Condução";"Colisão transversal";"Com Vítimas Feridas";"Plena Noite";"Crescente";"Chuva";"Simples";"Reta";"Sim";2;0;1;0;1;0;1;2;-3,72512629;-40,99756326;"SPRF-CE";"DEL04-CE";"UOP02-DEL04-CE"
109447;2018-02-07;"quarta-feira";"20:55:00";"RJ";116;300;"RESENDE";"Velocidade Incompatível";"Engavetamento";"Sem Vítimas";"Plena Noite";"Decrescente";"Nublado";"Dupla";"Reta";"Não";4;0;0;0;2;3;0;5;-22,45554997;-44,39440515;"SPRF-RJ";"DEL07-RJ";"DEL5/7-UOP03/RJ"
109448;2018-02-07;"quarta-feira";"20:40:00";"SC";101;212,5;"PALHOCA";"Falta de Atenção à Condução";"Saída de leito carroçável";"Sem Vítimas";"Plena Noite";"Decrescente";"Nublado";"Múltipla";"Reta";"Não";1;0;0;0;1;0;0;1;-27,63365558;-48,66205479;"SPRF-SC";"DEL01-SC";"UOP02-DEL01-SC"
109449;2018-02-07;"quarta-feira";"19:00:00";"MG";365;278;"JOAO PINHEIRO";"Carga excessiva e/ou mal acondicionada";"Derramamento de carga";"Sem Vítimas";"Anoitecer";"Decrescente";"Céu Claro";"Simples";"Reta";"Não";2;0;0;0;1;1;0;2;-18,003447;-45,626137;"SPRF-MG";"DEL14-MG";"UOP02-DEL14-MG"
109452;2018-02-07;"quarta-feira";"20:05:00";"PR";376;534,1;"PALMEIRA";"Falta de Atenção à Condução";"Colisão traseira";"Com Vítimas Feridas";"Plena Noite";"Decrescente";"Céu Claro";"Dupla";"Reta";"Não";4;0;0;1;2;2;1;4;-25,29685439;-49,89050388;"SPRF-PR";"DEL01-PR";"UOP06-DEL01-PR"
109456;2018-02-07;"quarta-feira";"20:50:00";"MG";50;34;"ARAGUARI";"Defeito Mecânico no Veículo";"Tombamento";"Com Vítimas Feridas";"Plena Noite";"Decrescente";"Nublado";"Dupla";"Reta";"Não";2;0;1;0;0;2;1;3;-18,55440838;-48,05209641;"SPRF-MG";"DEL15-MG";"UOP02-DEL15-MG"
109457;2018-02-07;"quarta-feira";"20:45:00";"RN";304;48;"MOSSORO";"Objeto estático sobre o leito carroçável";"Danos eventuais";"Sem Vítimas";"Plena Noite";"Crescente";"Céu Claro";"Dupla";"Reta";"Sim";3;0;0;0;2;1;0;3;-5,23701632;-37,32032773;"SPRF-RN";"DEL04-RN";"UOP01-DEL04-RN"
109460;2018-02-07;"quarta-feira";"21:25:00";"SC";101;200,3;"SAO JOSE";"Falta de Atenção à Condução";"Tombamento";"Com Vítimas Feridas";"Plena Noite";"Decrescente";"Nublado";"Múltipla";"Curva";"Sim";4;0;1;1;1;2;2;4;-27,54416896;-48,62039745;"SPRF-SC";"DEL01-SC";"UOP01-DEL01-SC"
109463;2018-02-07;"quarta-feira";"18:40:00";"SC";282;416,9;"XAXIM";"Velocidade Incompatível";"Saída de leito carroçável";"Sem Vítimas";"Pleno dia";"Crescente";"Chuva";"Simples";"Reta";"Não";1;0;0;0;1;0;0;1;-26,92941643;-52,50297546;"SPRF-SC";"DEL07-SC";"UOP05-DEL07-SC"
109472;2018-02-07;"quarta-feira";"21:30:00";"SC";280;69,5;"JARAGUA DO SUL";"Falta de Atenção à Condução";"Colisão lateral";"Com Vítimas Feridas";"Plena Noite";"Crescente";"Nublado";"Simples";"Reta";"Não";3;0;1;0;2;0;1;3;-26,4664112;-49,12247282;"SPRF-SC";"DEL03-SC";"UOP03-DEL03-SC"
109476;2018-02-07;"quarta-feira";"20:42:00";"MS";163;367;"NOVA ALVORADA DO SUL";"Condutor Dormindo";"Saída de leito carroçável";"Sem Vítimas";"Plena Noite";"Decrescente";"Céu Claro";"Simples";"Curva";"Não";2;0;0;0;1;1;0;2;-21,44431107;-54,37587351;"SPRF-MS";"DEL02-MS";"UOP01-DEL02-MS"
109477;2018-02-07;"quarta-feira";"21:30:00";"PR";467;71,6;"TOLEDO";"Velocidade Incompatível";"Colisão traseira";"Sem Vítimas";"Plena Noite";"Decrescente";"Céu Claro";"Dupla";"Reta";"Não";2;0;0;0;1;1;0;2;-24,714073;-53,743504;"SPRF-PR";"DEL04-PR";"UOP01-DEL04-PR"
109479;2018-02-07;"quarta-feira";"22:30:00";"GO";153;534;"HIDROLANDIA";"Ingestão de Álcool";"Colisão traseira";"Com Vítimas Feridas";"Plena Noite";"Decrescente";"Céu Claro";"Dupla";"Reta";"Não";2;0;1;0;1;0;1;2;-17,0016;-49,2231;"SPRF-GO";"DEL01-GO";"UOP03-DEL01-GO"
109486;2018-02-07;"quarta-feira";"23:06:00";"TO";153;551;"OLIVEIRA DE FATIMA";"Defeito na Via";"Tombamento";"Com Vítimas Feridas";"Plena Noite";"Crescente";"Ignorado";"Simples";"Reta";"Não";2;0;1;0;0;2;1;3;-10,657446;-48,908852;"SPRF-TO";"DEL02-TO";"UOP01-DEL01-TO"
109488;2018-02-08;"quinta-feira";"00:10:00";"SP";116;332,9;"MIRACATU";"Falta de Atenção à Condução";"Colisão traseira";"Sem Vítimas";"Plena Noite";"Crescente";"Céu Claro";"Dupla";"Curva;Aclive";"Não";3;0;0;0;2;1;0;3;-24,281868;-47,46013;"SPRF-SP";"DEL04-SP";"UOP03-DEL04-SP"
109489;2018-02-07;"quarta-feira";"23:50:00";"MT";364;348;"SANTO ANTONIO DO LEVERGER";"Falta de Atenção à Condução";"Colisão traseira";"Sem Vítimas";"Plena Noite";"Decrescente";"Céu Claro";"Dupla";"Reta";"Não";3;0;0;0;2;2;0;4;-15,80458216;-55,58047776;"SPRF-MT";"DEL02-MT";"UOP02-DEL01-MT"
109491;2018-02-07;"quarta-feira";"21:40:00";"PB";104;188;"ALCANTIL";"Falta de Atenção à Condução";"Colisão frontal";"Com Vítimas Fatais";"Plena Noite";"Decrescente";"Céu Claro";"Simples";"Reta";"Não";2;1;0;0;1;0;0;2;-7,69793558;-36,06182814;"SPRF-PB";"DEL02-PB";"UOP03-DEL02-PB"
109492;2018-02-08;"quinta-feira";"03:15:00";"MG";40;470;"SETE LAGOAS";"Falta de Atenção do Pedestre";"Atropelamento de Pedestre";"Com Vítimas Fatais";"Plena Noite";"Decrescente";"Céu Claro";"Dupla";"Reta";"Sim";2;1;0;0;1;0;0;2;-19,4788597;-44,2902415;"SPRF-MG";"DEL02-MG";"UOP01-DEL02-MG"
109493;2018-02-08;"quinta-feira";"01:40:00";"PE";423;154,8;"IATI";"Velocidade Incompatível";"Colisão lateral";"Com Vítimas Fatais";"Plena Noite";"Crescente";"Céu Claro";"Simples";"Declive";"Não";3;2;0;1;0;0;1;3;-9,05870216;-36,93740845;"SPRF-PE";"DEL03-PE";"UOP01-DEL03-PE"
109494;2018-02-07;"quarta-feira";"10:00:00";"RO";364;44,9;"VILHENA";"Ultrapassagem Indevida";"Saída de leito carroçável";"Com Vítimas Feridas";"Pleno dia";"Decrescente";"Nublado";"Simples";"Reta";"Não";3;0;1;0;1;1;1;3;-12,5939689;-60,34417872;"SPRF-RO";"DEL04-RO";"DEL21/4-UOP03/RO"
109497;2018-02-08;"quinta-feira";"04:30:00";"SP";116;455,5;"REGISTRO";"Animais na Pista";"Atropelamento de Animal";"Sem Vítimas";"Plena Noite";"Crescente";"Céu Claro";"Dupla";"Curva";"Não";2;0;0;0;1;1;0;2;-24,487978;-47,84402;"SPRF-SP";"DEL05-SP";"UOP01-DEL05-SP"
109498;2018-02-08;"quinta-feira";"01:30:00";"MA";10;360;"ITINGA DO MARANHAO";"Desobediência às normas de trânsito pelo condutor";"Colisão lateral";"Com Vítimas Feridas";"Plena Noite";"Decrescente";"Nublado";"Simples";"Reta";"Não";4;0;0;1;2;3;1;6;-4,602148;-47,492451;"SPRF-MA";"DEL04-MA";"UOP03-DEL04-MA"
109502;2018-02-08;"quinta-feira";"03:15:00";"MA";10;255,2;"IMPERATRIZ";"Ingestão de Álcool";"Colisão frontal";"Sem Vítimas";"Plena Noite";"Crescente";"Céu Claro";"Simples";"Reta";"Sim";3;0;0;0;2;1;0;3;-5,50698151;-47,47174526;"SPRF-MA";"DEL04-MA";"UOP01-DEL04-MA"
109504;2018-02-08;"quinta-feira";"05:15:00";"MG";153;70;"MONTE ALEGRE DE MINAS";"Condutor Dormindo";"Capotamento";"Sem Vítimas";"Amanhecer";"Decrescente";"Céu Claro";"Simples";"Reta";"Não";1;0;0;0;1;0;0;1;-18,871014;-48,881233;"SPRF-MG";"DEL15-MG";"UOP03-DEL15-MG"
109506;2018-02-08;"quinta-feira";"04:00:00";"SP";116;389;"MIRACATU";"Falta de Atenção à Condução";"Colisão lateral";"Com Vítimas Feridas";"Plena Noite";"Crescente";"Nevoeiro/Neblina";"Dupla";"Reta";"Não";6;0;5;0;1;0;5;2;-24,276197;-47,414336;"SPRF-SP";"DEL04-SP";"UOP02-DEL04-SP"
109507;2018-02-08;"quinta-feira";"05:30:00";"SP";116;305,9;"SAO LOURENCO DA SERRA";"Velocidade Incompatível";"Tombamento";"Com Vítimas Feridas";"Amanhecer";"Crescente";"Céu Claro";"Dupla";"Curva";"Não";2;0;1;0;0;1;1;2;-23,81047533;-46,92260742;"SPRF-SP";"DEL04-SP";"UOP01-DEL04-SP"
109513;2018-02-08;"quinta-feira";"06:00:00";"MG";381;478;"CONTAGEM";"Falta de Atenção à Condução";"Colisão lateral";"Com Vítimas Feridas";"Amanhecer";"Crescente";"Sol";"Dupla";"Reta";"Sim";3;0;1;0;1;1;1;3;-19,9643;-44,044;"SPRF-MG";"DEL01-MG";"UOP03-DEL01-MG"
109517;2018-02-08;"quinta-feira";"03:00:00";"MT";364;348,9;"SANTO ANTONIO DO LEVERGER";"Velocidade Incompatível";"Saída de leito carroçável";"Sem Vítimas";"Plena Noite";"Crescente";"Céu Claro";"Dupla";"Reta";"Não";1;0;0;0;1;0;0;1;-15,792999;-55,581506;"SPRF-MT";"DEL02-MT";"UOP02-DEL01-MT"
109519;2018-02-08;"quinta-feira";"06:41:00";"RS";290;106,1;"ELDORADO DO SUL";"Falta de Atenção à Condução";"Colisão lateral";"Com Vítimas Feridas";"Pleno dia";"Decrescente";"Sol";"Dupla";"Reta";"Não";4;0;1;0;2;1;1;3;-29,99928523;-51,29553282;"SPRF-RS";"DEL02-RS";"UOP01-DEL02-RS"
109525;2018-02-08;"quinta-feira";"07:30:00";"SC";153;96,7;"CONCORDIA";"Falta de Atenção à Condução";"Colisão traseira";"Com Vítimas Feridas";"Pleno dia";"Crescente";"Céu Claro";"Simples";"Rotatória";"Não";2;0;1;0;1;0;1;2;-27,22288351;-51,94885254;"SPRF-SC";"DEL07-SC";"UOP04-DEL07-SC"
109527;2018-02-08;"quinta-feira";"06:30:00";"MG";116;4,4;"DIVISA ALEGRE";"Velocidade Incompatível";"Colisão transversal";"Com Vítimas Feridas";"Pleno dia";"Decrescente";"Nublado";"Simples";"Reta";"Não";5;0;3;0;1;1;3;3;-15,74059764;-41,33728937;"SPRF-BA";"DEL08-BA";"UOP03-DEL08-BA"
109534;2018-02-08;"quinta-feira";"08:00:00";"RS";392;88,3;"PELOTAS";"Condutor Dormindo";"Colisão traseira";"Com Vítimas Feridas";"Pleno dia";"Crescente";"Céu Claro";"Simples";"Reta";"Não";3;0;1;0;1;2;1;4;-31,61855704;-52,50841625;"SPRF-RS";"DEL07-RS";"UOP01-DEL07-RS"
109546;2018-02-08;"quinta-feira";"07:45:00";"SP";116;109,8;"TAUBATE";"Defeito Mecânico no Veículo";"Colisão traseira";"Com Vítimas Feridas";"Pleno dia";"Decrescente";"Sol";"Dupla";"Reta";"Sim";5;0;1;0;3;1;1;5;-23,04097639;-45,54852668;"SPRF-SP";"DEL06-SP";"UOP01-DEL06-SP"
109569;2018-02-08;"quinta-feira";"07:00:00";"MT";364;17;"ALTO ARAGUAIA";"Ultrapassagem Indevida";"Colisão lateral";"Sem Vítimas";"Pleno dia";"Decrescente";"Céu Claro";"Simples";"Aclive;Curva";"Não";3;0;0;0;2;3;0;5;-17,222406;-53,324528;"SPRF-MT";"DEL02-MT";"UOP02-DEL02-MT"
109575;2018-02-08;"quinta-feira";"11:10:00";"PE";232;102;"BEZERROS";"Defeito Mecânico no Veículo";"Tombamento";"Com Vítimas Feridas";"Pleno dia";"Crescente";"Céu Claro";"Dupla";"Curva;Viaduto";"Sim";1;0;1;0;0;0;1;1;-8,247367;-35,759151;"SPRF-PE";"DEL01-PE";"UOP02-DEL02PE"
109576;2018-02-08;"quinta-feira";"11:00:00";"ES";101;283,6;"CARIACICA";"Defeito Mecânico no Veículo";"Colisão lateral";"Sem Vítimas";"Pleno dia";"Crescente";"Céu Claro";"Dupla";"Reta";"Não";3;0;0;0;2;1;0;3;-20,240244;-40,36972672;"SPRF-ES";"DEL01-ES";"UOP01-DEL01-ES"
109577;2018-02-08;"quinta-feira";"10:45:00";"PA";316;23;"BENEVIDES";"Não guardar distância de segurança";"Colisão traseira";"Com Vítimas Feridas";"Pleno dia";"Decrescente";"Céu Claro";"Dupla";"Reta";"Não";2;0;1;0;1;0;1;2;-1,3617675;-48,2451;"SPRF-PA";"DEL01-PA";"DEL19/1-UOP05/PA"
109580;2018-02-08;"quinta-feira";"11:39:00";"PR";277;139,6;"BALSA NOVA";"Não guardar distância de segurança";"Colisão traseira";"Com Vítimas Feridas";"Pleno dia";"Decrescente";"Céu Claro";"Dupla";"Reta";"Sim";3;0;1;0;2;0;1;2;-25,47303326;-49,7227478;"SPRF-PR";"DEL01-PR";"UOP06-DEL01-PR"
109584;2018-02-08;"quinta-feira";"12:40:00";"PR";376;139;"NOVA ESPERANCA";"Velocidade Incompatível";"Tombamento";"Sem Vítimas";"Pleno dia";"Crescente";"Céu Claro";"Dupla";"Retorno Regulamentado";"Não";2;0;0;0;1;3;0;4;-23,196;-52,2019;"SPRF-PR";"DEL07-PR";"UOP02-DEL09-PR"
109585;2018-02-08;"quinta-feira";"10:50:00";"MG";381;735,4;"CARMO DA CACHOEIRA";"Velocidade Incompatível";"Colisão com objeto estático";"Sem Vítimas";"Pleno dia";"Crescente";"Céu Claro";"Dupla";"Reta";"Não";1;0;0;0;0;1;0;1;-21,54582271;-45,24028169;"SPRF-MG";"DEL04-MG";"UOP02-DEL04-MG"
109587;2018-02-08;"quinta-feira";"13:00:00";"GO";153;320;"RIANAPOLIS";"Não guardar distância de segurança";"Colisão lateral";"Com Vítimas Feridas";"Pleno dia";"Crescente";"Céu Claro";"Dupla";"Reta";"Sim";2;0;0;1;1;0;1;2;-15,447845;-49,505455;"SPRF-GO";"DEL02-GO";"UOP02-DEL02-GO"
109590;2018-02-08;"quinta-feira";"13:10:00";"ES";101;285,3;"CARIACICA";"Falta de Atenção à Condução";"Queda de ocupante de veículo";"Com Vítimas Feridas";"Pleno dia";"Crescente";"Céu Claro";"Dupla";"Reta;Retorno Regulamentado";"Não";3;0;1;0;1;1;1;3;-20,3827977;-40,4596271;"SPRF-ES";"DEL01-ES";"UOP01-DEL01-ES"
109591;2018-02-08;"quinta-feira";"13:20:00";"MG";381;1,6;"BETIM";"Não guardar distância de segurança";"Colisão traseira";"Com Vítimas Feridas";"Pleno dia";"Crescente";"Sol";"Dupla";"Reta";"Sim";5;0;2;0;3;0;2;2;-19,98754573;-44,16915894;"SPRF-MG";"DEL01-MG";"UOP03-DEL01-MG"