"id";"data_inversa";"dia_semana";"horario";"uf";"br";"km";"municipio";"causa_acidente";"tipo_acidente";"classificacao_acidente";"fase_dia";"sentido_via";"condicao_metereologica";"tipo_pista";"tracado_via";"uso_solo";"pessoas";"mortos";"feridos_leves";"feridos_graves";"ilesos";"ignorados";"feridos";"veiculos";"latitude";"longitude";"regional";"delegacia";"uop"
109846;2018-02-09;"sexta-feira";"13:20:00";"PR";376;165,2;"MARINGA";"Falta de Atenção à Condução";"Colisão lateral";"Com Vítimas Feridas";"Pleno dia";"Decrescente";"Sol";"Dupla";"Reta";"Não";3;0;0;1;1;2;1;4;-23,38266778;-52,03215113;"SPRF-PR";"DEL07-PR";"UOP01-DEL09-PR"
109848;2018-02-09;"sexta-feira";"03:30:00";"PI";135;261;"ALVORADA DO GURGUEIA";"Defeito na Via";"Saída de leito carroçável";"Sem Vítimas";"Plena Noite";"Crescente";"Garoa/Chuvisco";"Simples";"Reta";"Não";2;0;0;0;1;1;0;2;-8,45598;-43,89204;"SPRF-PI";"DEL03-PI";"UOP02-DEL03-PI"
109850;2018-02-09;"sexta-feira";"08:00:00";"PR";116;96;"SAO JOSE DOS PINHAIS";"Falta de Atenção à Condução";"Colisão traseira";"Sem Vítimas";"Pleno dia";"Crescente";"Céu Claro";"Múltipla";"Reta";"Não";3;0;0;0;2;1;0;3;-25,504848;-49,123226;"SPRF-PR";"DEL01-PR";"UOP07-DEL01-PR"
109855;2018-02-09;"sexta-feira";"13:40:00";"MG";381;658,4;"SANTO ANTONIO DO AMPARO";"Falta de Atenção à Condução";"Colisão com objeto estático";"Sem Vítimas";"Pleno dia";"Decrescente";"Céu Claro";"Múltipla";"Reta";"Sim";2;0;0;0;1;1;0;2;-21,0093;-44,98;"SPRF-MG";"DEL04-MG";"UOP02-DEL04-MG"
109859;2018-02-09;"sexta-feira";"06:00:00";"PR";376;614;"CURITIBA";"Defeito Mecânico no Veículo";"Colisão com objeto estático";"Sem Vítimas";"Pleno dia";"Crescente";"Céu Claro";"Dupla";"Reta";"Sim";2;0;0;0;1;1;0;2;-25,428255;-49,27348;"SPRF-PR";"DEL01-PR";"DEL7/1-UOP08/PR"
109860;2018-02-09;"sexta-feira";"14:15:00";"MG";262;611,3;"IBIA";"Falta de Atenção à Condução";"Colisão com objeto estático";"Com Vítimas Feridas";"Pleno dia";"Crescente";"Chuva";"Simples";"Reta";"Não";2;0;1;0;1;0;1;2;-19,4938;-46,549;"SPRF-MG";"DEL08-MG";"UOP02-DEL08-MG"
109862;2018-02-09;"sexta-feira";"14:00:00";"PR";277;653;"MATELANDIA";"Mal Súbito";"Colisão frontal";"Com Vítimas Feridas";"Pleno dia";"Crescente";"Céu Claro";"Simples";"Curva";"Não";3;0;2;0;1;0;2;3;-25,213331;-53,95145;"SPRF-PR";"DEL05-PR";"UOP02-DEL05-PR"
109867;2018-01-04;"quinta-feira";"16:30:00";"MS";262;364,8;"CAMPO GRANDE";"Falta de Atenção à Condução";"Colisão traseira";"Com Vítimas Feridas";"Pleno dia";"Crescente";"Céu Claro";"Simples";"Reta";"Sim";7;0;1;0;6;0;1;2;-20,47834089;-54,75773156;"SPRF-MS";"DEL01-MS";"UOP03-DEL01-MS"
109873;2018-02-09;"sexta-feira";"11:10:00";"SC";282;394;"JOACABA";"Velocidade Incompatível";"Colisão lateral";"Sem Vítimas";"Pleno dia";"Decrescente";"Chuva";"Simples";"Curva";"Não";3;0;0;0;2;1;0;3;-27,16017;-51,58284;"SPRF-SC";"DEL07-SC";"UOP05-DEL07-SC"
109876;2018-01-12;"sexta-feira";"13:30:00";"MT";364;361;"SANTO ANTONIO DO LEVERGER";"Não guardar distância de segurança";"Colisão traseira";"Sem Vítimas";"Pleno dia";"Decrescente";"Sol";"Simples";"Reta";"Não";3;0;0;0;2;4;0;6;-15,75947684;-55,65756708;"SPRF-MT";"DEL02-MT";"UOP02-DEL01-MT"
109882;2018-02-09;"sexta-feira";"13:40:00";"MT";163;601;"NOVA MUTUM";"Falta de Atenção à Condução";"Saída de leito carroçável";"Sem Vítimas";"Pleno dia";"Decrescente";"Chuva";"Dupla";"Reta";"Sim";2;0;0;0;1;1;0;2;-13,829317;-56,082653;"SPRF-MT";"DEL01-MT";"UOP01-DEL01-MT"
109883;2018-02-09;"sexta-feira";"11:45:00";"RO";435;83,8;"COLORADO DO OESTE";"Ingestão de Álcool";"Colisão transversal";"Sem Vítimas";"Pleno dia";"Crescente";"Céu Claro";"Dupla";"Interseção de Vias";"Sim";3;0;0;0;2;2;0;4;-13,11709597;-60,52124211;"SPRF-RO";"DEL04-RO";"UOP02-DEL04-RO"
109884;2018-02-09;"sexta-feira";"14:45:00";"MT";70;511;"CUIABA";"Falta de Atenção à Condução";"Colisão traseira";"Sem Vítimas";"Pleno dia";"Decrescente";"Céu Claro";"Simples";"Curva";"Não";3;0;0;0;2;4;0;6;-15,694595;-56,105263;"SPRF-MT";"DEL02-MT";"UOP02-DEL01-MT"
109887;2018-02-09;"sexta-feira";"15:45:00";"ES";262;23;"VIANA";"Defeito Mecânico no Veículo";"Tombamento";"Com Vítimas Feridas";"Pleno dia";"Decrescente";"Chuva";"Simples";"Curva";"Não";3;0;2;0;0;2;2;3;-20,3737;-40,5186;"SPRF-ES";"DEL01-ES";"UOP01-DEL01-ES"
109891;2018-02-09;"sexta-feira";"15:00:00";"BA";101;746;"ITABELA";"Ultrapassagem Indevida";"Colisão frontal";"Com Vítimas Feridas";"Pleno dia";"Crescente";"Nublado";"Simples";"Curva";"Não";2;0;1;0;1;0;1;2;-16,5772;-39,5577;"SPRF-BA";"DEL09-BA";"UOP01-DEL09-BA"
109893;2018-02-09;"sexta-feira";"15:00:00";"SP";153;326,7;"SAO PEDRO DO TURVO";"Fenômenos da Natureza";"Colisão lateral";"Sem Vítimas";"Pleno dia";"Crescente";"Sol";"Simples";"Reta";"Não";4;0;0;0;3;1;0;3;-22,81922577;-49,88548279;"SPRF-SP";"DEL07-SP";"UOP03-DEL07-SP"
109895;2018-02-09;"sexta-feira";"16:15:00";"SC";101;111,2;"NAVEGANTES";"Falta de Atenção à Condução";"Colisão com objeto estático";"Sem Vítimas";"Pleno dia";"Crescente";"Nublado";"Dupla";"Interseção de Vias";"Não";2;0;0;0;1;1;0;2;-26,83984825;-48,71595383;"SPRF-SC";"DEL04-SC";"UOP04-DEL04-SC"
109903;2018-02-09;"sexta-feira";"16:40:00";"MG";267;213,6;"BOM JARDIM DE MINAS";"Falta de Atenção à Condução";"Colisão transversal";"Com Vítimas Feridas";"Pleno dia";"Decrescente";"Sol";"Simples";"Interseção de Vias";"Não";5;0;2;1;2;0;3;2;-21,93675101;-44,19329613;"SPRF-MG";"DEL05-MG";"DEL5/4-UOP01/MG"
109907;2018-02-09;"sexta-feira";"09:40:00";"MA";135;123,4;"MIRANDA DO NORTE";"Ultrapassagem Indevida";"Colisão frontal";"Com Vítimas Feridas";"Pleno dia";"Crescente";"Nublado";"Simples";"Reta";"Não";11;0;1;1;1;8;2;10;-3,54494684;-44,57084656;"SPRF-MA";"DEL01-MA";"UOP02-DEL01-MA"
109909;2018-02-09;"sexta-feira";"17:10:00";"SC";470;185,6;"POUSO REDONDO";"Velocidade Incompatível";"Colisão frontal";"Com Vítimas Feridas";"Pleno dia";"Decrescente";"Chuva";"Simples";"Curva";"Não";5;0;3;0;1;1;3;3;-27,25531629;-50,0415659;"SPRF-SC";"DEL04-SC";"UOP02-DEL04-SC"
109913;2018-02-09;"sexta-feira";"16:45:00";"PR";376;672;"GUARATUBA";"Velocidade Incompatível";"Colisão traseira";"Sem Vítimas";"Pleno dia";"Crescente";"Nublado";"Dupla";"Reta";"Não";3;0;0;0;2;1;0;3;-25,883259;-48,57514;"SPRF-PR";"DEL01-PR";"DEL7/1-UOP08/PR"
109932;2018-02-09;"sexta-feira";"18:00:00";"SC";470;67;"INDAIAL";"Desobediência às normas de trânsito pelo condutor";"Colisão transversal";"Com Vítimas Feridas";"Pleno dia";"Crescente";"Chuva";"Simples";"Reta";"Não";2;0;1;0;1;0;1;2;-26,87185597;-49,23110962;"SPRF-SC";"DEL04-SC";"UOP01-DEL04-SC"
109933;2018-02-09;"sexta-feira";"17:00:00";"PE";104;87,8;"AGRESTINA";"Falta de Atenção do Pedestre";"Atropelamento de Pedestre";"Com Vítimas Fatais";"Anoitecer";"Decrescente";"Céu Claro";"Simples";"Reta";"Não";2;1;0;0;1;0;0;2;-8,46014735;-35,94177246;"SPRF-PE";"DEL02-PE";"UOP01-DEL02-PE"
109940;2018-02-09;"sexta-feira";"17:10:00";"MT";163;746;"SORRISO";"Falta de Atenção à Condução";"Tombamento";"Com Vítimas Feridas";"Pleno dia";"Decrescente";"Nublado";"Simples";"Rotatória";"Sim";2;0;1;0;0;2;1;3;-12,545702;-55,71182;"SPRF-MT";"DEL06-MT";"UOP01-DEL06-MT"
109941;2018-02-09;"sexta-feira";"14:30:00";"MT";163;706;"SORRISO";"Falta de Atenção à Condução";"Colisão traseira";"Com Vítimas Feridas";"Pleno dia";"Crescente";"Céu Claro";"Simples";"Reta";"Não";3;0;1;0;2;0;1;2;-12,545702;-55,71182;"SPRF-MT";"DEL06-MT";"UOP01-DEL06-MT"
109948;2018-02-09;"sexta-feira";"18:50:00";"PR";376;447;"TIBAGI";"Ultrapassagem Indevida";"Colisão transversal";"Com Vítimas Feridas";"Anoitecer";"Decrescente";"Céu Claro";"Simples";"Reta";"Não";6;0;1;0;2;3;1;5;-24,85684586;-50,45788765;"SPRF-PR";"DEL03-PR";"UOP02-DEL03-PR"
109958;2018-02-09;"sexta-feira";"13:30:00";"SC";282;581,2;"PINHALZINHO";"Falta de Atenção à Condução";"Colisão frontal";"Com Vítimas Feridas";"Pleno dia";"Decrescente";"Chuva";"Simples";"Reta";"Sim";3;0;1;0;2;0;1;3;-26,82849931;-52,99837177;"SPRF-SC";"DEL07-SC";"UOP02-DEL07-SC"
109959;2018-02-09;"sexta-feira";"15:00:00";"SC";101;11;"GARUVA";"Não guardar distância de segurança";"Colisão traseira";"Sem Vítimas";"Pleno dia";"Crescente";"Chuva";"Dupla";"Reta";"Não";3;0;0;0;2;1;0;3;-26,0812;-48,8616;"SPRF-SC";"DEL03-SC";"UOP01-DEL03-SC"
109966;2018-02-09;"sexta-feira";"19:15:00";"PR";376;324;"ORTIGUEIRA";"Velocidade Incompatível";"Saída de leito carroçável";"Sem Vítimas";"Anoitecer";"Crescente";"Chuva";"Simples";"Reta";"Não";1;0;0;0;1;0;0;1;-24,07279762;-51,05872393;"SPRF-PR";"DEL07-PR";"UOP02-DEL07-PR"
109967;2018-02-09;"sexta-feira";"17:55:00";"MA";10;156;"PORTO FRANCO";"Falta de Atenção à Condução";"Colisão transversal";"Sem Vítimas";"Pleno dia";"Crescente";"Chuva";"Simples";"Reta";"Sim";3;0;0;0;2;2;0;4;-6,3497251;-47,3754683;"SPRF-MA";"DEL04-MA";"UOP02-DEL04-MA"
109969;2018-02-09;"sexta-feira";"16:00:00";"SC";280;208;"TRES BARRAS";"Carga excessiva e/ou mal acondicionada";"Derramamento de carga";"Sem Vítimas";"Pleno dia";"Crescente";"Sol";"Simples";"Reta";"Não";2;0;0;0;2;0;0;2;-26,169422;-50,148941;"SPRF-SC";"DEL06-SC";"UOP04-DEL06-SC"
109975;2018-02-09;"sexta-feira";"18:50:00";"PR";116;42;"CAMPINA GRANDE DO SUL";"Velocidade Incompatível";"Colisão com objeto estático";"Sem Vítimas";"Pleno dia";"Crescente";"Chuva";"Dupla";"Reta";"Não";2;0;0;0;1;1;0;2;-25,176117;-48,874256;"SPRF-PR";"DEL01-PR";"UOP02-DEL01-PR"
109976;2018-02-09;"sexta-feira";"17:40:00";"CE";116;37;"HORIZONTE";"Falta de Atenção à Condução";"Colisão lateral";"Com Vítimas Feridas";"Anoitecer";"Crescente";"Céu Claro";"Dupla";"Reta";"Sim";3;0;1;0;2;0;1;2;-4,04889486;-38,50694085;"SPRF-CE";"DEL01-CE";"UOP02-DEL01-CE"
109979;2018-02-09;"sexta-feira";"15:40:00";"MT";70;172;"GENERAL CARNEIRO";"Falta de Atenção à Condução";"Saída de leito carroçável";"Sem Vítimas";"Pleno dia";"Decrescente";"Céu Claro";"Simples";"Reta";"Não";4;0;0;0;3;4;0;7;-15,620054;-53,540615;"SPRF-MT";"DEL05-MT";"UOP01-DEL05-MT"
109982;2018-02-09;"sexta-feira";"18:50:00";"RJ";116;211;"SEROPEDICA";"Falta de Atenção à Condução";"Saída de leito carroçável";"Com Vítimas Feridas";"Anoitecer";"Crescente";"Céu Claro";"Múltipla";"Reta";"Sim";4;0;4;0;0;0;4;1;-22,718443;-43,700897;"SPRF-RJ";"DEL01-RJ";"UOP03-DEL01-RJ"
109986;2018-02-09;"sexta-feira";"20:00:00";"SC";470;84,5;"RODEIO";"Falta de Atenção à Condução";"Colisão traseira";"Com Vítimas Feridas";"Plena Noite";"Decrescente";"Chuva";"Simples";"Reta";"Não";2;0;1;0;1;0;1;2;-26,9591802;-49,34710979;"SPRF-SC";"DEL04-SC";"UOP01-DEL04-SC"
109997;2018-02-09;"sexta-feira";"18:54:00";"MG";50;204;"DELTA";"Falta de Atenção à Condução";"Colisão traseira";"Com Vítimas Feridas";"Anoitecer";"Crescente";"Chuva";"Dupla";"Reta";"Não";4;0;1;2;1;0;3;2;-19,96026;-47,79872;"SPRF-MG";"DEL13-MG";"UOP01-DEL13-MG"
110000;2018-02-09;"sexta-feira";"16:55:00";"SC";282;516;"XAXIM";"Não guardar distância de segurança";"Saída de leito carroçável";"Sem Vítimas";"Pleno dia";"Decrescente";"Chuva";"Simples";"Curva";"Não";2;0;0;0;1;1;0;2;-26,930862;-52,499157;"SPRF-SC";"DEL07-SC";"UOP01-DEL07-SC"
110001;2018-02-09;"sexta-feira";"16:35:00";"SC";282;304;"VARGEM";"Falta de Atenção à Condução";"Colisão frontal";"Com Vítimas Feridas";"Pleno dia";"Decrescente";"Garoa/Chuvisco";"Simples";"Curva";"Não";6;0;4;0;1;1;4;3;-27,50600661;-50,92667878;"SPRF-SC";"DEL07-SC";"UOP06-DEL07-SC"
110006;2018-02-09;"sexta-feira";"20:30:00";"PR";163;291;"MARECHAL CANDIDO RONDON";"Fenômenos da Natureza";"Colisão frontal";"Com Vítimas Feridas";"Plena Noite";"Crescente";"Chuva";"Simples";"Reta";"Não";16;0;6;5;5;0;11;3;-24,5173;-54,0879;"SPRF-PR";"DEL06-PR";"UOP02-DEL06-PR"
110009;2018-02-09;"sexta-feira";"21:00:00";"RJ";40;73;"PETROPOLIS";"Carga excessiva e/ou mal acondicionada";"Derramamento de carga";"Com Vítimas Feridas";"Plena Noite";"Decrescente";"Céu Claro";"Simples";"Reta";"Não";2;0;0;1;1;0;1;2;-22,459973;-43,220683;"SPRF-RJ";"DEL06-RJ";"UOP01-DEL06-RJ"
110011;2018-02-09;"sexta-feira";"21:10:00";"MG";153;18,1;"CENTRALINA";"Falta de Atenção à Condução";"Atropelamento de Pedestre";"Com Vítimas Feridas";"Plena Noite";"Crescente";"Nublado";"Dupla";"Reta";"Sim";2;0;0;1;1;0;1;2;-18,58571059;-49,19294997;"SPRF-MG";"DEL15-MG";"UOP03-DEL15-MG"
110019;2018-02-09;"sexta-feira";"20:10:00";"MG";381;272;"CORONEL FABRICIANO";"Falta de Atenção à Condução";"Colisão lateral";"Sem Vítimas";"Plena Noite";"Decrescente";"Nublado";"Simples";"Reta";"Não";5;0;0;0;4;2;0;4;-19,519085;-42,62925;"SPRF-MG";"DEL03-MG";"UOP02-DEL03-MG"
110026;2018-02-09;"sexta-feira";"19:00:00";"SC";470;225,6;"SAO CRISTOVAO DO SUL";"Ultrapassagem Indevida";"Saída de leito carroçável";"Com Vítimas Feridas";"Anoitecer";"Crescente";"Nublado";"Simples";"Reta";"Não";1;0;1;0;0;0;1;1;-27,32667326;-50,35734887;"SPRF-SC";"DEL02-SC";"UOP03-DEL02-SC"
110028;2018-02-09;"sexta-feira";"21:40:00";"PR";277;44;"CURITIBA";"Falta de Atenção à Condução";"Engavetamento";"Sem Vítimas";"Plena Noite";"Decrescente";"Nevoeiro/Neblina";"Dupla";"Declive";"Não";6;0;0;0;5;1;0;6;-25,428255;-49,27348;"SPRF-PR";"DEL01-PR";"UOP07-DEL01-PR"
110030;2018-02-09;"sexta-feira";"20:20:00";"MA";222;667;"ACAILANDIA";"Ingestão de Álcool";"Colisão lateral";"Sem Vítimas";"Plena Noite";"Decrescente";"Chuva";"Simples";"Reta";"Não";6;0;0;0;4;2;0;5;-4,95394;-47,5019;"SPRF-MA";"DEL04-MA";"UOP03-DEL04-MA"
110035;2018-02-09;"sexta-feira";"20:10:00";"RS";116;427,2;"CRISTAL";"Velocidade Incompatível";"Colisão traseira";"Sem Vítimas";"Anoitecer";"Crescente";"Chuva";"Simples";"Curva;Declive";"Sim";3;0;0;0;2;1;0;3;-30,998945;-52,050245;"SPRF-RS";"DEL02-RS";"UOP03-DEL02-RS"
110036;2018-02-09;"sexta-feira";"16:10:00";"MT";70;513;"VARZEA GRANDE";"Desobediência às normas de trânsito pelo condutor";"Colisão transversal";"Sem Vítimas";"Pleno dia";"Decrescente";"Céu Claro";"Simples";"Reta";"Sim";4;0;0;0;3;3;0;6;-15,6478;-56,1332;"SPRF-MT";"DEL01-MT";"DEL2/4-UOP02/MT"
110043;2018-02-09;"sexta-feira";"21:05:00";"MG";40;356;"FELIXLANDIA";"Falta de Atenção à Condução";"Colisão traseira";"Com Vítimas Feridas";"Plena Noite";"Decrescente";"Céu Claro";"Simples";"Curva";"Não";8;0;3;0;4;2;3;4;-18,730549;-44,882553;"SPRF-MG";"DEL02-MG";"UOP01-DEL02-MG"
110050;2018-02-09;"sexta-feira";"20:15:00";"SC";470;175,7;"POUSO REDONDO";"Falta de Atenção à Condução";"Tombamento";"Com Vítimas Feridas";"Plena Noite";"Decrescente";"Chuva";"Simples";"Curva";"Sim";2;0;1;0;1;0;1;2;-27,25514684;-49,94596124;"SPRF-SC";"DEL04-SC";"UOP02-DEL04-SC"
110056;2018-02-09;"sexta-feira";"19:30:00";"MA";316;472;"CODO";"Animais na Pista";"Atropelamento de Animal";"Com Vítimas Feridas";"Plena Noite";"Crescente";"Céu Claro";"Simples";"Reta";"Não";4;0;2;0;2;0;2;2;-4,577238;-43,966751;"SPRF-MA";"DEL03-MA";"UOP02-DEL03-MA"
110058;2018-02-10;"sábado";"00:05:00";"SP";116;8;"QUELUZ";"Velocidade Incompatível";"Colisão com objeto estático";"Sem Vítimas";"Plena Noite";"Crescente";"Céu Claro";"Dupla";"Reta";"Sim";3;0;0;0;2;1;0;3;-22,536327;-44,7714;"SPRF-SP";"DEL08-SP";"UOP02-DEL08-SP"
110065;2018-02-10;"sábado";"00:45:00";"ES";101;427,2;"ATILIO VIVACQUA";"Condutor Dormindo";"Colisão frontal";"Com Vítimas Fatais";"Plena Noite";"Crescente";"Nublado";"Simples";"Curva";"Não";3;2;0;0;1;0;0;2;-20,91465;-41,19869;"SPRF-ES";"DEL03-ES";"UOP02-DEL03-ES"
110067;2018-02-10;"sábado";"00:10:00";"BA";101;534,8;"SAO JOSE DA VITORIA";"Velocidade Incompatível";"Tombamento";"Com Vítimas Feridas";"Plena Noite";"Decrescente";"Céu Claro";"Simples";"Curva";"Não";2;0;1;0;0;1;1;2;-15,06151489;-39,32830811;"SPRF-BA";"DEL05-BA";"UOP01-DEL05-BA"
110074;2018-02-10;"sábado";"00:50:00";"MA";10;262;"IMPERATRIZ";"Ingestão de Álcool";"Colisão transversal";"Sem Vítimas";"Plena Noite";"Decrescente";"Céu Claro";"Simples";"Reta";"Sim";2;0;0;0;1;1;0;2;-5,445326;-47,472542;"SPRF-MA";"DEL04-MA";"UOP01-DEL04-MA"
110081;2018-02-10;"sábado";"02:30:00";"MT";70;269;"PRIMAVERA DO LESTE";"Defeito na Via";"Saída de leito carroçável";"Com Vítimas Feridas";"Plena Noite";"Decrescente";"Céu Claro";"Simples";"Reta";"Não";2;0;1;0;0;1;1;2;-15,531341;-54,204807;"SPRF-MT";"DEL05-MT";"UOP01-DEL05-MT"
110082;2018-02-10;"sábado";"02:00:00";"PE";101;22;"IGARASSU";"Condutor Dormindo";"Colisão traseira";"Com Vítimas Feridas";"Plena Noite";"Decrescente";"Vento";"Múltipla";"Aclive";"Não";2;0;1;0;0;1;1;2;-7,6845;-34,9234;"SPRF-PE";"DEL01-PE";"UOP02-DEL01-PE"
110085;2018-02-10;"sábado";"00:30:00";"RO";364;477;"ARIQUEMES";"Defeito na Via";"Saída de leito carroçável";"Sem Vítimas";"Plena Noite";"Decrescente";"Chuva";"Simples";"Reta";"Não";2;0;0;0;2;0;0;1;-10,153078;-62,841434;"SPRF-RO";"DEL03-RO";"UOP01-DEL03-RO"
110090;2018-02-10;"sábado";"04:20:00";"RS";386;288,6;"POUSO NOVO";"Condutor Dormindo";"Colisão lateral";"Com Vítimas Feridas";"Plena Noite";"Decrescente";"Nublado";"Simples";"Curva";"Não";4;0;2;0;1;1;2;3;-29,08217263;-52,26441992;"SPRF-RS";"DEL04-RS";"UOP01-DEL04-RS"
110091;2018-02-09;"sexta-feira";"23:05:00";"MT";364;64;"ALTO GARCAS";"Pista Escorregadia";"Colisão frontal";"Com Vítimas Fatais";"Plena Noite";"Decrescente";"Chuva";"Simples";"Reta";"Não";3;1;0;0;1;2;0;4;-16,93197408;-53,59825304;"SPRF-MT";"DEL02-MT";"UOP02-DEL02-MT"
110092;2018-02-10;"sábado";"05:35:00";"PR";376;349,8;"ORTIGUEIRA";"Velocidade Incompatível";"Tombamento";"Sem Vítimas";"Plena Noite";"Decrescente";"Chuva";"Simples";"Curva";"Não";2;0;0;0;1;2;0;3;-24,1804965;-50,9634943;"SPRF-PR";"DEL03-PR";"UOP02-DEL03-PR"
110097;2018-02-10;"sábado";"04:50:00";"PB";230;172,5;"CAMPINA GRANDE";"Ultrapassagem Indevida";"Colisão frontal";"Com Vítimas Fatais";"Amanhecer";"Crescente";"Chuva";"Simples";"Aclive";"Não";2;1;0;0;0;1;0;2;-7,17970003;-36,00509927;"SPRF-PB";"DEL02-PB";"UOP02-DEL02-PB"
110099;2018-02-10;"sábado";"04:40:00";"MT";70;267,8;"PRIMAVERA DO LESTE";"Velocidade Incompatível";"Colisão traseira";"Com Vítimas Feridas";"Plena Noite";"Decrescente";"Céu Claro";"Simples";"Declive";"Não";4;0;2;0;1;3;2;5;-15,53823418;-54,1967332;"SPRF-MT";"DEL05-MT";"UOP01-DEL05-MT"
110102;2018-02-10;"sábado";"04:30:00";"BA";242;731;"CRISTOPOLIS";"Objeto estático sobre o leito carroçável";"Colisão traseira";"Com Vítimas Fatais";"Amanhecer";"Crescente";"Nevoeiro/Neblina";"Simples";"Reta";"Não";3;1;0;0;1;1;0;3;-12,199716;-44,482427;"SPRF-BA";"DEL10-BA";"UOP01-DEL10-BA"
110107;2018-02-10;"sábado";"05:00:00";"SC";280;171;"MAFRA";"Falta de Atenção à Condução";"Colisão lateral";"Sem Vítimas";"Amanhecer";"Crescente";"Nevoeiro/Neblina";"Simples";"Rotatória";"Sim";2;0;0;0;2;0;0;2;-26,142044;-49,816677;"SPRF-SC";"DEL06-SC";"UOP01-DEL06-SC"
110111;2018-02-10;"sábado";"06:10:00";"SC";280;171;"MAFRA";"Falta de Atenção à Condução";"Colisão lateral";"Sem Vítimas";"Amanhecer";"Crescente";"Nublado";"Simples";"Rotatória";"Sim";3;0;0;0;2;1;0;3;-26,142044;-49,816677;"SPRF-SC";"DEL06-SC";"UOP01-DEL06-SC"
110118;2018-02-10;"sábado";"07:33:00";"PR";153;2,1;"JACAREZINHO";"Pista Escorregadia";"Saída de leito carroçável";"Sem Vítimas";"Amanhecer";"Decrescente";"Chuva";"Simples";"Reta";"Não";1;0;0;0;1;0;0;1;-23,01631653;-49,91477964;"SPRF-PR";"DEL07-PR";"UOP04-DEL07-PR"
110123;2018-02-10;"sábado";"06:30:00";"AL";101;34,4;"JOAQUIM GOMES";"Defeito Mecânico no Veículo";"Colisão com objeto estático";"Sem Vítimas";"Pleno dia";"Decrescente";"Chuva";"Dupla";"Curva";"Não";2;0;0;0;1;2;0;3;-9,11801598;-35,76432457;"SPRF-AL";"DEL01-AL";"UOP01-DEL01-AL"
110124;2018-02-10;"sábado";"08:20:00";"SC";101;142;"ITAPEMA";"Defeito Mecânico no Veículo";"Colisão lateral";"Sem Vítimas";"Pleno dia";"Crescente";"Céu Claro";"Múltipla";"Reta";"Sim";3;0;0;0;2;1;0;3;-27,0645;-48,5958;"SPRF-SC";"DEL04-SC";"UOP03-DEL04-SC"
110126;2018-02-10;"sábado";"05:45:00";"PI";135;409;"REDENCAO DO GURGUEIA";"Defeito na Via";"Tombamento";"Sem Vítimas";"Pleno dia";"Decrescente";"Chuva";"Simples";"Reta";"Não";2;0;0;0;1;1;0;2;-9,474765;-44,608776;"SPRF-PI";"DEL03-PI";"UOP02-DEL03-PI"
110127;2018-01-30;"terça-feira";"21:50:00";"PR";376;362,6;"ORTIGUEIRA";"Velocidade Incompatível";"Tombamento";"Com Vítimas Feridas";"Plena Noite";"Decrescente";"Nublado";"Simples";"Curva";"Não";3;0;1;1;0;1;2;3;-24,29014153;-50,8775273;"SPRF-PR";"DEL03-PR";"UOP02-DEL03-PR"
110130;2018-02-10;"sábado";"05:45:00";"RO";364;769,6;"PORTO VELHO";"Falta de Atenção à Condução";"Saída de leito carroçável";"Com Vítimas Feridas";"Amanhecer";"Crescente";"Nublado";"Simples";"Reta";"Não";1;0;0;1;0;0;1;1;-9;-64;"SPRF-RO";"DEL01-RO";"UOP02-DEL01-RO"
110138;2018-02-10;"sábado";"06:10:00";"SC";282;335,7;"CAMPOS NOVOS";"Ingestão de Álcool";"Colisão frontal";"Com Vítimas Feridas";"Pleno dia";"Decrescente";"Céu Claro";"Simples";"Reta";"Não";2;0;1;0;1;0;1;2;-27,3941074;-51,18968815;"SPRF-SC";"DEL07-SC";"UOP06-DEL07-SC"
110147;2018-02-10;"sábado";"08:30:00";"PR";277;729,3;"FOZ DO IGUACU";"Falta de Atenção à Condução";"Colisão lateral";"Sem Vítimas";"Pleno dia";"Decrescente";"Nublado";"Simples";"Curva;Aclive";"Sim";4;0;0;0;1;3;0;4;-25,507555;-54,583755;"SPRF-PR";"DEL05-PR";"UOP03-DEL05-PR"
110148;2018-02-10;"sábado";"06:15:00";"RO";364;254;"CACOAL";"Falta de Atenção à Condução";"Colisão traseira";"Sem Vítimas";"Amanhecer";"Decrescente";"Garoa/Chuvisco";"Simples";"Reta";"Não";4;0;0;0;3;2;0;5;-11,436327;-61,597439;"SPRF-RO";"DEL02-RO";"UOP02-DEL02-RO"
110151;2018-02-10;"sábado";"05:45:00";"MT";163;520;"DIAMANTINO";"Pista Escorregadia";"Saída de leito carroçável";"Sem Vítimas";"Amanhecer";"Decrescente";"Nublado";"Simples";"Reta";"Não";2;0;0;0;1;2;0;3;-14,34821739;-56,43264771;"SPRF-MT";"DEL01-MT";"UOP01-DEL01-MT"
110152;2018-02-10;"sábado";"10:14:00";"PR";277;319,7;"GUARAPUAVA";"Falta de Atenção à Condução";"Saída de leito carroçável";"Com Vítimas Feridas";"Pleno dia";"Decrescente";"Nublado";"Simples";"Reta";"Não";2;0;1;0;0;1;1;2;-25,37187039;-51,26456738;"SPRF-PR";"DEL03-PR";"UOP01-DEL08-PR"
110157;2018-02-09;"sexta-feira";"18:00:00";"PE";232;408;"SERRA TALHADA";"Falta de Atenção à Condução";"Colisão transversal";"Sem Vítimas";"Plena Noite";"Crescente";"Nublado";"Simples";"Reta";"Sim";2;0;0;0;2;0;0;2;-7,98356646;-38,28136683;"SPRF-PE";"DEL04-PE";"UOP01-DEL04-PE"
110158;2018-02-10;"sábado";"10:20:00";"SC";101;134;"BALNEARIO CAMBORIU";"Falta de Atenção à Condução";"Colisão traseira";"Com Vítimas Feridas";"Pleno dia";"Crescente";"Céu Claro";"Dupla";"Reta";"Sim";6;0;3;0;3;0;3;4;-27,00530232;-48,62548828;"SPRF-SC";"DEL04-SC";"UOP03-DEL04-SC"