"id";"data_inversa";"dia_semana";"horario";"uf";"br";"km";"municipio";"causa_acidente";"tipo_acidente";"classificacao_acidente";"fase_dia";"sentido_via";"condicao_metereologica";"tipo_pista";"tracado_via";"uso_solo";"pessoas";"mortos";"feridos_leves";"feridos_graves";"ilesos";"ignorados";"feridos";"veiculos";"latitude";"longitude";"regional";"delegacia";"uop"
110159;2018-02-10;"sábado";"10:05:00";"PR";376;488,3;"PONTA GROSSA";"Ingestão de Álcool";"Colisão traseira";"Sem Vítimas";"Pleno dia";"Crescente";"Nublado";"Dupla";"Reta";"Sim";3;0;0;0;2;1;0;3;-25,08684265;-50,19927979;"SPRF-PR";"DEL03-PR";"UOP04-DEL03-PR"
110164;2018-02-10;"sábado";"09:20:00";"CE";116;228,8;"ALTO SANTO";"Defeito na Via";"Colisão frontal";"Com Vítimas Fatais";"Pleno dia";"Crescente";"Chuva";"Simples";"Curva";"Não";3;1;1;0;0;1;1;3;-5,46395683;-38,36521281;"SPRF-CE";"DEL03-CE";"UOP01-DEL03-CE"
110167;2018-02-10;"sábado";"11:00:00";"MS";163;670;"RIO VERDE DE MATO GROSSO";"Velocidade Incompatível";"Colisão frontal";"Sem Vítimas";"Pleno dia";"Decrescente";"Chuva";"Simples";"Reta";"Não";2;0;0;0;2;0;0;2;-19,0413488;-54,8135376;"SPRF-MS";"DEL06-MS";"UOP02-DEL06-MS"
110176;2018-02-10;"sábado";"10:15:00";"PA";316;8,4;"ANANINDEUA";"Ingestão de Álcool";"Colisão traseira";"Sem Vítimas";"Pleno dia";"Crescente";"Sol";"Dupla";"Reta";"Sim";2;0;0;0;2;0;0;2;-1,3659343;-48,3726;"SPRF-PA";"DEL01-PA";"DEL19/1-UOP05/PA"
110178;2018-02-10;"sábado";"11:20:00";"MG";40;777,3;"JUIZ DE FORA";"Velocidade Incompatível";"Tombamento";"Com Vítimas Feridas";"Pleno dia";"Decrescente";"Céu Claro";"Simples";"Interseção de Vias";"Não";2;0;1;0;0;1;1;2;-21,67861217;-43,4492917;"SPRF-MG";"DEL05-MG";"UOP01-DEL05-MG"
110179;2018-02-10;"sábado";"10:30:00";"MG";116;420,3;"ALPERCATA";"Desobediência às normas de trânsito pelo condutor";"Colisão lateral";"Com Vítimas Feridas";"Pleno dia";"Decrescente";"Céu Claro";"Simples";"Curva";"Não";9;0;3;0;6;0;3;4;-18,93008185;-41,93806458;"SPRF-MG";"DEL06-MG";"UOP01-DEL06-MG"
110194;2018-02-10;"sábado";"10:40:00";"PE";232;185;"BELO JARDIM";"Ultrapassagem Indevida";"Colisão lateral";"Com Vítimas Feridas";"Pleno dia";"Crescente";"Sol";"Simples";"Aclive;Reta";"Não";6;0;0;1;1;4;1;5;-8,335981;-36,424465;"SPRF-PE";"DEL02-PE";"UOP03-DEL02-PE"
110195;2018-02-10;"sábado";"12:10:00";"PR";116;126;"CURITIBA";"Falta de Atenção à Condução";"Colisão traseira";"Com Vítimas Fatais";"Pleno dia";"Decrescente";"Céu Claro";"Dupla";"Reta";"Sim";4;1;0;0;1;2;0;4;-25,4289541;-49,267137;"SPRF-PR";"DEL01-PR";"UOP03-DEL01-PR"
110197;2018-02-10;"sábado";"12:00:00";"MG";262;35,3;"MANHUACU";"Falta de Atenção à Condução";"Engavetamento";"Com Vítimas Feridas";"Pleno dia";"Decrescente";"Nublado";"Simples";"Reta";"Sim";9;0;2;0;6;1;2;4;-20,25980033;-42,01889564;"SPRF-MG";"DEL06-MG";"UOP03-DEL06-MG"
110200;2018-02-10;"sábado";"12:23:00";"PR";376;625;"SAO JOSE DOS PINHAIS";"Velocidade Incompatível";"Colisão traseira";"Com Vítimas Feridas";"Pleno dia";"Crescente";"Céu Claro";"Dupla";"Reta;Declive";"Não";3;0;0;1;1;1;1;3;-25,65623696;-49,15633407;"SPRF-PR";"DEL01-PR";"DEL7/1-UOP08/PR"
110223;2018-02-10;"sábado";"13:00:00";"PA";230;115,8;"MARABA";"Não guardar distância de segurança";"Colisão traseira";"Com Vítimas Feridas";"Pleno dia";"Crescente";"Céu Claro";"Dupla";"Reta";"Sim";2;0;0;1;1;0;1;2;-5,35078675;-49,09309387;"SPRF-PA";"DEL03-PA";"UOP01-DEL03-PA"
110239;2018-02-10;"sábado";"13:40:00";"PB";230;117;"INGA";"Velocidade Incompatível";"Tombamento";"Com Vítimas Feridas";"Pleno dia";"Crescente";"Sol";"Dupla";"Reta";"Não";1;0;0;1;0;0;1;1;-7,2405435;-35,6232286;"SPRF-PB";"DEL01-PB";"UOP03-DEL01-PB"
110251;2018-02-10;"sábado";"15:20:00";"MG";381;376;"SAO GONCALO DO RIO ABAIXO";"Não guardar distância de segurança";"Colisão lateral";"Com Vítimas Feridas";"Pleno dia";"Decrescente";"Sol";"Simples";"Declive;Curva";"Não";5;0;1;0;3;1;1;2;-19,85077;-43,29943;"SPRF-MG";"DEL01-MG";"UOP01-DEL01-MG"
110259;2018-02-10;"sábado";"14:00:00";"PE";232;411;"SERRA TALHADA";"Pista Escorregadia";"Colisão lateral";"Sem Vítimas";"Pleno dia";"Crescente";"Chuva";"Simples";"Reta";"Sim";2;0;0;0;2;0;0;2;-7,97984775;-38,30887556;"SPRF-PE";"DEL04-PE";"UOP01-DEL04-PE"
110260;2018-02-10;"sábado";"16:00:00";"PR";376;307,4;"MAUA DA SERRA";"Falta de Atenção à Condução";"Tombamento";"Com Vítimas Feridas";"Pleno dia";"Decrescente";"Chuva";"Simples";"Curva";"Não";2;0;1;0;0;3;1;4;-23,8991;-51,2249;"SPRF-PR";"DEL07-PR";"UOP02-DEL07-PR"
110266;2018-02-10;"sábado";"15:00:00";"MA";316;614,5;"TIMON";"Defeito na Via";"Colisão lateral";"Com Vítimas Fatais";"Pleno dia";"Crescente";"Céu Claro";"Dupla";"Reta";"Sim";2;1;0;0;1;0;0;2;-5,08484215;-42,83883154;"SPRF-MA";"DEL03-MA";"UOP02-DEL03-MA"
110273;2018-02-10;"sábado";"16:30:00";"MG";40;469,7;"SETE LAGOAS";"Carga excessiva e/ou mal acondicionada";"Tombamento";"Sem Vítimas";"Pleno dia";"Crescente";"Nublado";"Dupla";"Curva";"Sim";1;0;0;0;1;0;0;1;-19,46739018;-44,29569992;"SPRF-MG";"DEL02-MG";"UOP01-DEL02-MG"
110276;2018-02-10;"sábado";"15:40:00";"RN";101;103;"PARNAMIRIM";"Falta de Atenção do Pedestre";"Atropelamento de Pedestre";"Com Vítimas Feridas";"Pleno dia";"Crescente";"Nublado";"Dupla";"Reta";"Sim";3;0;1;1;1;0;2;2;-5,8901177;-35,2486765;"SPRF-RN";"DEL01-RN";"UOP01-DEL01-RN"
110286;2018-02-10;"sábado";"15:10:00";"TO";153;305;"PRESIDENTE KENNEDY";"Velocidade Incompatível";"Colisão frontal";"Sem Vítimas";"Pleno dia";"Crescente";"Céu Claro";"Simples";"Ponte";"Não";5;0;0;0;4;3;0;6;-8,578798;-48,48317;"SPRF-TO";"DEL02-TO";"UOP02-DEL02-TO"
110292;2018-02-10;"sábado";"17:15:00";"SP";116;151,7;"SAO JOSE DOS CAMPOS";"Falta de Atenção à Condução";"Colisão lateral";"Sem Vítimas";"Pleno dia";"Crescente";"Nublado";"Múltipla";"Reta";"Não";3;0;0;0;2;1;0;3;-23,22422131;-45,90489686;"SPRF-SP";"DEL02-SP";"UOP01-DEL02-SP"
110294;2018-02-10;"sábado";"14:45:00";"MG";381;416;"NOVA UNIAO";"Carga excessiva e/ou mal acondicionada";"Derramamento de carga";"Sem Vítimas";"Pleno dia";"Decrescente";"Chuva";"Simples";"Declive";"Sim";2;0;0;0;1;1;0;2;-19,6888;-43,5868;"SPRF-MG";"DEL01-MG";"UOP01-DEL01-MG"
110299;2018-02-10;"sábado";"16:00:00";"RJ";101;474;"ANGRA DOS REIS";"Sinalização da via insuficiente ou inadequada";"Danos eventuais";"Com Vítimas Feridas";"Pleno dia";"Decrescente";"Céu Claro";"Simples";"Reta";"Sim";3;0;1;0;2;0;1;2;-23,00715;-44,318436;"SPRF-RJ";"DEL03-RJ";"UOP03-DEL03-RJ"
110311;2018-02-10;"sábado";"16:50:00";"MT";364;344;"SANTO ANTONIO DO LEVERGER";"Falta de Atenção à Condução";"Colisão traseira";"Com Vítimas Feridas";"Pleno dia";"Decrescente";"Céu Claro";"Dupla";"Reta";"Não";8;0;1;0;6;5;1;8;-15,819493;-55,525009;"SPRF-MT";"DEL02-MT";"UOP02-DEL01-MT"
110316;2018-02-10;"sábado";"18:15:00";"RS";290;591;"ALEGRETE";"Defeito Mecânico no Veículo";"Colisão lateral";"Sem Vítimas";"Pleno dia";"Crescente";"Nublado";"Simples";"Reta";"Não";2;0;0;0;2;0;0;2;-29,821039;-55,881728;"SPRF-RS";"DEL13-RS";"UOP02-DEL13-RS"
110321;2018-02-10;"sábado";"17:20:00";"MT";163;1109;"GUARANTA DO NORTE";"Defeito Mecânico no Veículo";"Tombamento";"Com Vítimas Feridas";"Pleno dia";"Decrescente";"Céu Claro";"Simples";"Curva";"Não";2;0;1;0;0;2;1;3;-9,78596;-54,908;"SPRF-MT";"DEL06-MT";"UOP02-DEL06-MT"
110330;2018-02-10;"sábado";"18:40:00";"RJ";116;235,6;"PIRAI";"Pista Escorregadia";"Colisão com objeto estático";"Sem Vítimas";"Anoitecer";"Crescente";"Chuva";"Dupla";"Reta";"Não";1;0;0;0;1;0;0;1;-22,6596916;-43,8680777;"SPRF-RJ";"DEL07-RJ";"UOP01-DEL07-RJ"
110335;2018-01-26;"sexta-feira";"04:10:00";"RJ";116;240;"PIRAI";"Pista Escorregadia";"Engavetamento";"Sem Vítimas";"Plena Noite";"Decrescente";"Céu Claro";"Dupla";"Reta";"Não";6;0;0;0;5;1;0;6;-22,6335;-43,9046;"SPRF-RJ";"DEL07-RJ";"UOP01-DEL07-RJ"
110343;2018-02-10;"sábado";"18:30:00";"PR";277;634,5;"CEU AZUL";"Falta de Atenção à Condução";"Colisão lateral";"Com Vítimas Feridas";"Pleno dia";"Crescente";"Céu Claro";"Simples";"Curva";"Não";6;0;1;1;1;4;2;6;-25,13649722;-53,82661363;"SPRF-PR";"DEL05-PR";"UOP02-DEL05-PR"
110355;2018-02-10;"sábado";"15:10:00";"MT";163;111;"RONDONOPOLIS";"Velocidade Incompatível";"Colisão com objeto estático";"Sem Vítimas";"Pleno dia";"Crescente";"Chuva";"Dupla";"Reta";"Não";2;0;0;0;1;3;0;4;-16,569801;-54,683422;"SPRF-MT";"DEL02-MT";"UOP01-DEL02-MT"
110360;2018-02-10;"sábado";"20:05:00";"ES";101;370,6;"ICONHA";"Desobediência às normas de trânsito pelo condutor";"Colisão transversal";"Sem Vítimas";"Plena Noite";"Crescente";"Céu Claro";"Simples";"Reta";"Não";6;0;0;0;6;0;0;2;-20,7708822;-40,76341326;"SPRF-ES";"DEL03-ES";"UOP01-DEL03-ES"
110369;2018-02-10;"sábado";"20:00:00";"BA";116;8;"VITORIA DA CONQUISTA";"Defeito Mecânico no Veículo";"Colisão frontal";"Com Vítimas Feridas";"Plena Noite";"Crescente";"Nublado";"Simples";"Reta";"Sim";5;0;3;0;2;0;3;3;-14,846626;-40,888596;"SPRF-BA";"DEL08-BA";"UOP01-DEL08-BA"
110388;2018-02-10;"sábado";"21:20:00";"MG";153;28;"CENTRALINA";"Defeito Mecânico no Veículo";"Incêndio";"Sem Vítimas";"Plena Noite";"Crescente";"Céu Claro";"Dupla";"Reta";"Não";2;0;0;0;1;2;0;3;-18,6699;-49,1616;"SPRF-MG";"DEL15-MG";"UOP03-DEL15-MG"
110402;2018-02-10;"sábado";"21:25:00";"SC";116;172,2;"PONTE ALTA DO NORTE";"Falta de Atenção do Pedestre";"Atropelamento de Pedestre";"Com Vítimas Feridas";"Plena Noite";"Crescente";"Chuva";"Simples";"Reta;Declive";"Não";2;0;0;1;1;0;1;2;-27,158812;-50,46488;"SPRF-SC";"DEL05-SC";"UOP03-DEL05-SC"
110419;2018-02-10;"sábado";"23:15:00";"PA";10;284,5;"MAE DO RIO";"Falta de Atenção à Condução";"Colisão traseira";"Sem Vítimas";"Plena Noite";"Decrescente";"Céu Claro";"Simples";"Aclive";"Não";3;0;0;0;2;2;0;4;-1,9735282;-47,5252637;"SPRF-PA";"DEL02-PA";"UOP01-DEL02-PA"
110422;2018-02-11;"domingo";"01:40:00";"RJ";116;239;"PIRAI";"Ingestão de Álcool";"Colisão com objeto estático";"Com Vítimas Feridas";"Plena Noite";"Crescente";"Chuva";"Dupla";"Reta";"Sim";3;0;0;1;1;1;1;2;-22,6596916;-43,8680777;"SPRF-RJ";"DEL07-RJ";"UOP01-DEL07-RJ"
110425;2018-02-10;"sábado";"22:30:00";"PR";163;106,4;"CAPANEMA";"Velocidade Incompatível";"Tombamento";"Com Vítimas Feridas";"Plena Noite";"Decrescente";"Nublado";"Simples";"Curva";"Não";2;0;0;1;0;2;1;3;-25,61132006;-53,7155625;"SPRF-PR";"DEL02-PR";"UOP02-DEL02-PR"
110438;2018-02-11;"domingo";"01:40:00";"TO";153;132;"ARAGUAINA";"Velocidade Incompatível";"Saída de leito carroçável";"Sem Vítimas";"Plena Noite";"Crescente";"Chuva";"Dupla";"Rotatória";"Não";3;0;0;0;2;1;0;2;-7,107471;-48,181976;"SPRF-TO";"DEL02-TO";"UOP01-DEL02-TO"
110446;2018-02-11;"domingo";"04:50:00";"MG";365;662,2;"MONTE ALEGRE DE MINAS";"Ingestão de Álcool";"Tombamento";"Com Vítimas Feridas";"Plena Noite";"Decrescente";"Céu Claro";"Dupla";"Reta";"Não";2;0;1;0;0;2;1;3;-18,89189;-48,640094;"SPRF-MG";"DEL15-MG";"UOP01-DEL15-MG"
110456;2018-02-11;"domingo";"06:29:00";"MG";365;508,9;"PATROCINIO";"Falta de Atenção à Condução";"Colisão lateral";"Sem Vítimas";"Amanhecer";"Crescente";"Céu Claro";"Simples";"Reta";"Não";7;0;0;0;7;0;0;2;-18,9445306;-47,29249;"SPRF-MG";"DEL10-MG";"UOP01-DEL10-MG"
110457;2018-02-11;"domingo";"04:30:00";"MG";40;621,3;"CONSELHEIRO LAFAIETE";"Animais na Pista";"Colisão com objeto estático";"Sem Vítimas";"Plena Noite";"Crescente";"Nevoeiro/Neblina";"Simples";"Reta";"Sim";1;0;0;0;1;0;0;1;-20,59203377;-43,80437315;"SPRF-MG";"DEL05-MG";"UOP02-DEL05-MG"
110466;2018-02-11;"domingo";"04:00:00";"BA";367;42,5;"PORTO SEGURO";"Fenômenos da Natureza";"Colisão frontal";"Com Vítimas Feridas";"Plena Noite";"Decrescente";"Nevoeiro/Neblina";"Simples";"Reta";"Não";2;0;2;0;0;0;2;2;-16,71652699;-39,25415039;"SPRF-BA";"DEL09-BA";"UOP01-DEL09-BA"
110475;2018-02-11;"domingo";"05:25:00";"MT";174;322;"PONTES E LACERDA";"Defeito Mecânico no Veículo";"Saída de leito carroçável";"Com Vítimas Feridas";"Amanhecer";"Crescente";"Nublado";"Simples";"Reta";"Não";3;0;1;0;1;1;1;2;-14,948811;-59,290131;"SPRF-MT";"DEL04-MT";"UOP01-DEL04-MT"
110482;2018-02-11;"domingo";"07:50:00";"PR";163;185;"SANTA TEREZA DO OESTE";"Velocidade Incompatível";"Tombamento";"Com Vítimas Feridas";"Amanhecer";"Crescente";"Céu Claro";"Dupla";"Curva";"Não";1;0;1;0;0;0;1;1;-25,1403;-53,5855;"SPRF-PR";"DEL04-PR";"UOP05-DEL05-PR"
110490;2018-02-11;"domingo";"09:20:00";"PR";376;307,1;"MAUA DA SERRA";"Avarias e/ou desgaste excessivo no pneu";"Tombamento";"Sem Vítimas";"Pleno dia";"Crescente";"Garoa/Chuvisco";"Dupla";"Curva";"Não";2;0;0;0;1;3;0;4;-23,95072407;-51,11859083;"SPRF-PR";"DEL07-PR";"UOP02-DEL07-PR"
110494;2018-02-11;"domingo";"09:25:00";"PR";277;278,1;"PRUDENTOPOLIS";"Carga excessiva e/ou mal acondicionada";"Derramamento de carga";"Com Vítimas Feridas";"Pleno dia";"Crescente";"Chuva";"Simples";"Curva";"Não";3;0;0;1;1;1;1;3;-25,32913171;-50,95847368;"SPRF-PR";"DEL03-PR";"UOP02-DEL08-PR"
110505;2018-02-11;"domingo";"09:50:00";"PR";277;8,4;"PARANAGUA";"Falta de Atenção à Condução";"Colisão traseira";"Com Vítimas Feridas";"Pleno dia";"Decrescente";"Nublado";"Dupla";"Reta";"Não";3;0;1;0;1;2;1;4;-25,5205;-48,5095;"SPRF-PR";"DEL01-PR";"UOP05-DEL01-PR"
110507;2018-02-11;"domingo";"08:10:00";"SC";282;53,8;"AGUAS MORNAS";"Velocidade Incompatível";"Colisão frontal";"Com Vítimas Feridas";"Pleno dia";"Decrescente";"Nublado";"Simples";"Curva";"Não";3;0;2;0;1;0;2;2;-27,6854112;-48,97187407;"SPRF-SC";"DEL01-SC";"UOP03-DEL01-SC"
110513;2018-02-11;"domingo";"09:40:00";"MG";50;31,7;"ARAGUARI";"Defeito Mecânico no Veículo";"Danos eventuais";"Sem Vítimas";"Pleno dia";"Decrescente";"Céu Claro";"Dupla";"Reta";"Não";2;0;0;0;1;2;0;3;-18,65505969;-48,1454802;"SPRF-MG";"DEL15-MG";"UOP02-DEL15-MG"
110516;2018-02-11;"domingo";"08:20:00";"BA";101;750,1;"ITABELA";"Velocidade Incompatível";"Colisão frontal";"Sem Vítimas";"Pleno dia";"Decrescente";"Céu Claro";"Simples";"Curva";"Não";4;0;0;0;4;0;0;2;-16,61033657;-39,54608202;"SPRF-BA";"DEL09-BA";"UOP01-DEL09-BA"
110517;2018-02-11;"domingo";"09:40:00";"SC";158;123;"CAIBI";"Falta de Atenção à Condução";"Colisão frontal";"Com Vítimas Fatais";"Pleno dia";"Crescente";"Nevoeiro/Neblina";"Simples";"Curva";"Não";5;1;1;1;1;1;2;3;-27,07013195;-53,22738647;"SPRF-SC";"DEL07-SC";"UOP02-DEL07-SC"
110529;2018-02-11;"domingo";"10:00:00";"PI";316;294,5;"PICOS";"Falta de Atenção à Condução";"Tombamento";"Com Vítimas Feridas";"Pleno dia";"Crescente";"Céu Claro";"Simples";"Curva";"Não";2;0;1;0;0;1;1;2;-7,0265312;-41,56007767;"SPRF-PI";"DEL04-PI";"UOP01-DEL04-PI"
110533;2018-02-11;"domingo";"12:20:00";"MG";381;938,3;"EXTREMA";"Falta de Atenção à Condução";"Colisão com objeto estático";"Sem Vítimas";"Pleno dia";"Crescente";"Sol";"Dupla";"Reta";"Não";2;0;0;0;1;3;0;4;-22,81787144;-46,296272;"SPRF-MG";"DEL16-MG";"UOP03-DEL16-MG"
110534;2018-02-11;"domingo";"04:45:00";"RO";364;286;"PRESIDENTE MEDICI";"Defeito na Via";"Saída de leito carroçável";"Sem Vítimas";"Amanhecer";"Decrescente";"Céu Claro";"Simples";"Reta";"Não";2;0;0;0;1;3;0;4;-11,35262561;-61,85474396;"SPRF-RO";"DEL02-RO";"UOP01-DEL02-RO"
110536;2018-01-29;"segunda-feira";"15:40:00";"GO";60;394;"RIO VERDE";"Defeito Mecânico no Veículo";"Incêndio";"Sem Vítimas";"Pleno dia";"Crescente";"Céu Claro";"Dupla";"Reta";"Sim";2;0;0;0;1;2;0;3;-17,8228;-50,9983;"SPRF-GO";"DEL04-GO";"UOP01-DEL04-GO"
110537;2018-02-11;"domingo";"12:45:00";"SP";116;359,5;"MIRACATU";"Carga excessiva e/ou mal acondicionada";"Tombamento";"Com Vítimas Feridas";"Pleno dia";"Decrescente";"Céu Claro";"Dupla";"Curva;Aclive";"Não";2;0;1;0;0;1;1;2;-24,281868;-47,46013;"SPRF-SP";"DEL04-SP";"UOP03-DEL04-SP"
110547;2018-02-11;"domingo";"12:10:00";"CE";20;416;"CAUCAIA";"Falta de Atenção à Condução";"Saída de leito carroçável";"Com Vítimas Feridas";"Pleno dia";"Decrescente";"Nublado";"Simples";"Reta";"Sim";4;0;4;0;0;0;4;1;-3,81393689;-38,63459766;"SPRF-CE";"DEL01-CE";"UOP02-DEL01-CE"
110553;2018-02-11;"domingo";"11:30:00";"PR";376;665;"GUARATUBA";"Defeito Mecânico no Veículo";"Saída de leito carroçável";"Sem Vítimas";"Pleno dia";"Crescente";"Nublado";"Múltipla";"Curva";"Não";2;0;0;0;1;1;0;2;-25,85798777;-48,94958496;"SPRF-PR";"DEL01-PR";"DEL7/1-UOP08/PR"
110561;2018-02-11;"domingo";"13:35:00";"MG";116;12,9;"DIVISA ALEGRE";"Falta de Atenção à Condução";"Colisão traseira";"Com Vítimas Feridas";"Pleno dia";"Crescente";"Céu Claro";"Simples";"Aclive";"Não";3;0;1;0;1;2;1;4;-15,76278465;-41,33316144;"SPRF-BA";"DEL08-BA";"UOP03-DEL08-BA"
110562;2018-02-11;"domingo";"14:25:00";"MT";70;501;"CUIABA";"Defeito Mecânico no Veículo";"Tombamento";"Sem Vítimas";"Pleno dia";"Decrescente";"Céu Claro";"Simples";"Curva";"Não";2;0;0;0;1;2;0;3;-15,61155233;-56,14947508;"SPRF-MT";"DEL02-MT";"UOP02-DEL01-MT"
110587;2018-02-11;"domingo";"17:30:00";"GO";364;285;"MINEIROS";"Ultrapassagem Indevida";"Colisão lateral";"Sem Vítimas";"Pleno dia";"Decrescente";"Céu Claro";"Simples";"Reta";"Não";6;0;0;0;5;6;0;11;-17,608862;-52,427864;"SPRF-GO";"DEL05-GO";"UOP01-DEL05-GO"
110603;2018-02-11;"domingo";"11:00:00";"MS";163;784;"COXIM";"Defeito Mecânico no Veículo";"Saída de leito carroçável";"Sem Vítimas";"Pleno dia";"Crescente";"Céu Claro";"Simples";"Declive";"Não";2;0;0;0;1;2;0;3;-18,09364427;-55,24543762;"SPRF-MS";"DEL06-MS";"UOP01-DEL06-MS"
110625;2018-02-11;"domingo";"18:50:00";"SC";282;96,6;"ALFREDO WAGNER";"Desobediência às normas de trânsito pelo condutor";"Colisão frontal";"Com Vítimas Fatais";"Pleno dia";"Crescente";"Nublado";"Simples";"Curva";"Não";3;1;0;0;1;1;0;3;-27,71015593;-49,2680114;"SPRF-SC";"DEL01-SC";"UOP03-DEL01-SC"
110627;2018-02-11;"domingo";"14:00:00";"PI";135;337;"SANTA LUZ";"Defeito na Via";"Saída de leito carroçável";"Com Vítimas Fatais";"Pleno dia";"Crescente";"Céu Claro";"Simples";"Curva";"Não";3;2;0;0;0;3;0;4;-8,983537;-44,282722;"SPRF-PI";"DEL03-PI";"UOP02-DEL03-PI"
110628;2018-02-11;"domingo";"17:00:00";"MA";135;5;"SAO LUIS";"Falta de Atenção à Condução";"Colisão lateral";"Sem Vítimas";"Anoitecer";"Crescente";"Chuva";"Dupla";"Reta";"Sim";2;0;0;0;2;0;0;2;-2,621546;-44,258041;"SPRF-MA";"DEL01-MA";"UOP01-DEL01-MA"
110629;2018-02-11;"domingo";"19:50:00";"PR";373;247,3;"GUAMIRANGA";"Falta de Atenção à Condução";"Colisão transversal";"Com Vítimas Feridas";"Anoitecer";"Crescente";"Chuva";"Simples";"Rotatória";"Sim";4;0;1;0;2;2;1;4;-25,19186;-50,805153;"SPRF-PR";"DEL03-PR";"UOP01-DEL03-PR"
110645;2018-02-11;"domingo";"14:00:00";"MG";381;372;"SAO GONCALO DO RIO ABAIXO";"Animais na Pista";"Tombamento";"Com Vítimas Feridas";"Pleno dia";"Decrescente";"Céu Claro";"Simples";"Declive";"Não";2;0;0;1;0;1;1;2;-19,8281;-43,382;"SPRF-MG";"DEL01-MG";"UOP01-DEL01-MG"
110669;2018-02-11;"domingo";"21:00:00";"MG";153;56;"MONTE ALEGRE DE MINAS";"Defeito Mecânico no Veículo";"Colisão traseira";"Com Vítimas Feridas";"Plena Noite";"Decrescente";"Céu Claro";"Dupla";"Reta";"Não";4;0;1;1;1;2;2;4;-18,87;-49,0638;"SPRF-MG";"DEL15-MG";"UOP03-DEL15-MG"
110673;2018-02-11;"domingo";"21:30:00";"MT";163;654;"LUCAS DO RIO VERDE";"Falta de Atenção à Condução";"Saída de leito carroçável";"Sem Vítimas";"Plena Noite";"Decrescente";"Garoa/Chuvisco";"Simples";"Reta";"Não";2;0;0;0;1;2;0;3;-13,050703;-55,91154;"SPRF-MT";"DEL06-MT";"UOP01-DEL06-MT"
110678;2018-02-11;"domingo";"22:00:00";"BA";116;377;"SERRINHA";"Defeito Mecânico no Veículo";"Incêndio";"Sem Vítimas";"Plena Noite";"Crescente";"Céu Claro";"Simples";"Reta";"Não";2;0;0;0;1;1;0;2;-11,76653692;-38,98635864;"SPRF-BA";"DEL02-BA";"DEL10/2-UOP02/BA"
110681;2018-02-11;"domingo";"20:00:00";"PA";316;105,4;"SANTA MARIA DO PARA";"Falta de Atenção à Condução";"Colisão frontal";"Com Vítimas Feridas";"Anoitecer";"Crescente";"Céu Claro";"Simples";"Ponte";"Sim";3;0;1;0;2;0;1;3;-1,33815043;-47,54384995;"SPRF-PA";"DEL01-PA";"UOP02-DEL01-PA"
110691;2018-02-12;"segunda-feira";"00:15:00";"SC";470;183,7;"POUSO REDONDO";"Condutor Dormindo";"Tombamento";"Com Vítimas Feridas";"Plena Noite";"Decrescente";"Garoa/Chuvisco";"Simples";"Reta";"Não";1;0;1;0;0;0;1;1;-27,2593584;-50,05091754;"SPRF-SC";"DEL04-SC";"UOP02-DEL04-SC"
110692;2018-02-11;"domingo";"22:10:00";"PI";343;187;"PIRIPIRI";"Ingestão de Álcool";"Colisão frontal";"Sem Vítimas";"Plena Noite";"Crescente";"Garoa/Chuvisco";"Simples";"Reta";"Sim";2;0;0;0;2;0;0;2;-4,298594;-41,767929;"SPRF-PI";"DEL02-PI";"UOP01-DEL02-PI"
110698;2018-02-12;"segunda-feira";"00:45:00";"PB";230;368,4;"MALTA";"Falta de Atenção à Condução";"Colisão frontal";"Com Vítimas Fatais";"Plena Noite";"Crescente";"Céu Claro";"Simples";"Reta";"Não";3;1;0;0;1;1;0;3;-6,91688387;-37,4647522;"SPRF-PB";"DEL03-PB";"UOP02-DEL03-PB"
110706;2018-02-12;"segunda-feira";"02:45:00";"RS";386;408,9;"TRIUNFO";"Condutor Dormindo";"Saída de leito carroçável";"Com Vítimas Feridas";"Plena Noite";"Crescente";"Nublado";"Simples";"Declive";"Não";2;0;1;0;1;0;1;1;-29,79606947;-51,52790025;"SPRF-RS";"DEL04-RS";"UOP02-DEL04-RS"
110708;2018-02-12;"segunda-feira";"03:00:00";"SC";470;183;"POUSO REDONDO";"Velocidade Incompatível";"Saída de leito carroçável";"Com Vítimas Feridas";"Plena Noite";"Crescente";"Chuva";"Simples";"Reta";"Não";2;0;1;0;0;1;1;2;-27,258292;-50,04684448;"SPRF-SC";"DEL04-SC";"UOP02-DEL04-SC"
110713;2018-02-12;"segunda-feira";"04:20:00";"MG";381;839,1;"SAO SEBASTIAO DA BELA VISTA";"Falta de Atenção à Condução";"Colisão com objeto estático";"Sem Vítimas";"Plena Noite";"Crescente";"Céu Claro";"Dupla";"Reta";"Não";2;0;0;0;1;1;0;2;-22,1648108;-45,83243066;"SPRF-MG";"DEL16-MG";"UOP01-DEL16-MG"
110714;2018-02-12;"segunda-feira";"04:00:00";"MG";50;77;"UBERLANDIA";"Falta de Atenção à Condução";"Colisão traseira";"Com Vítimas Feridas";"Plena Noite";"Crescente";"Céu Claro";"Dupla";"Reta";"Sim";4;0;2;0;1;3;2;5;-18,9444;-48,2185;"SPRF-MG";"DEL15-MG";"UOP01-DEL15-MG"
110717;2018-02-12;"segunda-feira";"06:25:00";"SC";101;188;"BIGUACU";"Velocidade Incompatível";"Colisão com objeto estático";"Com Vítimas Feridas";"Amanhecer";"Decrescente";"Céu Claro";"Dupla";"Reta";"Não";4;0;1;0;3;0;1;4;-27,43491763;-48,62602104;"SPRF-SC";"DEL01-SC";"UOP01-DEL01-SC"
110731;2018-02-11;"domingo";"21:30:00";"BA";101;550;"SAO JOSE DA VITORIA";"Ingestão de Álcool";"Colisão frontal";"Sem Vítimas";"Plena Noite";"Crescente";"Céu Claro";"Simples";"Curva";"Não";2;0;0;0;1;1;0;2;-15,1359;-39,3793;"SPRF-BA";"DEL05-BA";"UOP02-DEL05-BA"