"id";"data_inversa";"dia_semana";"horario";"uf";"br";"km";"municipio";"causa_acidente";"tipo_acidente";"classificacao_acidente";"fase_dia";"sentido_via";"condicao_metereologica";"tipo_pista";"tracado_via";"uso_solo";"pessoas";"mortos";"feridos_leves";"feridos_graves";"ilesos";"ignorados";"feridos";"veiculos";"latitude";"longitude";"regional";"delegacia";"uop"
110732;2018-02-12;"segunda-feira";"05:30:00";"MT";364;240,9;"JUSCIMEIRA";"Falta de Atenção à Condução";"Saída de leito carroçável";"Sem Vítimas";"Amanhecer";"Crescente";"Nublado";"Simples";"Desvio Temporário";"Não";2;0;0;0;1;1;0;2;-16,17169347;-54,79195505;"SPRF-MT";"DEL02-MT";"UOP01-DEL02-MT"
110735;2018-02-12;"segunda-feira";"08:50:00";"MG";262;435;"NOVA SERRANA";"Falta de Atenção à Condução";"Tombamento";"Com Vítimas Feridas";"Pleno dia";"Decrescente";"Céu Claro";"Dupla";"Curva";"Não";1;0;1;0;0;0;1;1;-19,8799;-44,9153;"SPRF-MG";"DEL08-MG";"UOP03-DEL08-MG"
110736;2018-02-12;"segunda-feira";"09:00:00";"GO";60;48,6;"ABADIANIA";"Defeito Mecânico no Veículo";"Saída de leito carroçável";"Com Vítimas Feridas";"Pleno dia";"Decrescente";"Céu Claro";"Dupla";"Curva";"Não";1;0;1;0;0;0;1;1;-16,15757729;-48,61323865;"SPRF-GO";"DEL02-GO";"UOP01-DEL02-GO"
110741;2018-02-12;"segunda-feira";"09:00:00";"GO";364;200,9;"JATAI";"Velocidade Incompatível";"Capotamento";"Com Vítimas Feridas";"Pleno dia";"Crescente";"Sol";"Dupla";"Rotatória";"Não";2;0;1;0;0;2;1;3;-17,91499034;-51,76467448;"SPRF-GO";"DEL05-GO";"UOP01-DEL05-GO"
110755;2018-02-12;"segunda-feira";"08:50:00";"RO";364;521;"ARIQUEMES";"Desobediência às normas de trânsito pelo condutor";"Colisão traseira";"Com Vítimas Feridas";"Pleno dia";"Decrescente";"Nublado";"Simples";"Reta";"Não";4;0;1;0;3;0;1;2;-9,87961;-63,057255;"SPRF-RO";"DEL03-RO";"UOP01-DEL03-RO"
110757;2018-02-12;"segunda-feira";"10:15:00";"PE";101;76,3;"RECIFE";"Falta de Atenção à Condução";"Colisão traseira";"Com Vítimas Feridas";"Pleno dia";"Crescente";"Nublado";"Dupla";"Reta";"Sim";4;0;1;0;3;0;1;3;-8,12263074;-34,94343555;"SPRF-PE";"DEL01-PE";"UOP01-DEL01-PE"
110761;2018-02-12;"segunda-feira";"12:20:00";"RS";116;368,1;"TAPES";"Falta de Atenção à Condução";"Colisão traseira";"Com Vítimas Fatais";"Pleno dia";"Crescente";"Nublado";"Simples";"Reta";"Não";7;1;1;2;2;1;3;5;-30,680371;-51,573159;"SPRF-RS";"DEL02-RS";"UOP03-DEL02-RS"
110776;2018-02-12;"segunda-feira";"13:30:00";"SC";101;54,1;"JOINVILLE";"Pista Escorregadia";"Colisão com objeto estático";"Sem Vítimas";"Pleno dia";"Crescente";"Chuva";"Dupla";"Reta";"Não";4;0;0;0;3;1;0;4;-26,42671155;-48,82706895;"SPRF-SC";"DEL03-SC";"UOP01-DEL03-SC"
110787;2018-02-11;"domingo";"23:00:00";"MG";251;415,5;"GRAO MOGOL";"Ultrapassagem Indevida";"Tombamento";"Com Vítimas Feridas";"Plena Noite";"Decrescente";"Céu Claro";"Simples";"Reta";"Não";2;0;1;0;0;2;1;3;-16,28800054;-43,02185134;"SPRF-MG";"DEL12-MG";"UOP01-DEL12-MG"
110795;2018-02-12;"segunda-feira";"12:00:00";"MG";381;744,9;"TRES CORACOES";"Defeito Mecânico no Veículo";"Colisão lateral";"Sem Vítimas";"Pleno dia";"Crescente";"Sol";"Dupla";"Curva;Aclive";"Não";3;0;0;0;2;2;0;4;-21,6190477;-45,25133801;"SPRF-MG";"DEL16-MG";"UOP02-DEL16-MG"
110796;2018-02-12;"segunda-feira";"12:20:00";"RJ";116;99;"GUAPIMIRIM";"Condutor Dormindo";"Tombamento";"Com Vítimas Feridas";"Pleno dia";"Decrescente";"Céu Claro";"Simples";"Curva";"Não";2;0;1;0;1;0;1;1;-22,503282;-42,999221;"SPRF-RJ";"DEL04-RJ";"UOP02-DEL04-RJ"
110815;2018-02-12;"segunda-feira";"14:30:00";"PE";428;185,9;"PETROLINA";"Falta de Atenção à Condução";"Colisão frontal";"Com Vítimas Feridas";"Pleno dia";"Crescente";"Céu Claro";"Simples";"Reta";"Sim";3;0;1;0;2;0;1;2;-9,3473653;-40,4740515;"SPRF-PE";"DEL06-PE";"UOP01-DEL06-PE"
110818;2018-02-12;"segunda-feira";"14:00:00";"AL";101;56,5;"FLEXEIRAS";"Fenômenos da Natureza";"Saída de leito carroçável";"Com Vítimas Feridas";"Pleno dia";"Crescente";"Ignorado";"Simples";"Curva";"Não";1;0;0;1;0;0;1;1;-9,26938883;-35,78913935;"SPRF-AL";"DEL01-AL";"UOP01-DEL01-AL"
110821;2018-02-12;"segunda-feira";"13:30:00";"PI";135;339;"BOM JESUS";"Avarias e/ou desgaste excessivo no pneu";"Tombamento";"Sem Vítimas";"Pleno dia";"Crescente";"Céu Claro";"Simples";"Reta";"Não";1;0;0;0;1;0;0;1;-8,995856;-44,295994;"SPRF-PI";"DEL03-PI";"UOP02-DEL03-PI"
110822;2018-02-12;"segunda-feira";"15:00:00";"SC";480;127,6;"CHAPECO";"Falta de Atenção à Condução";"Colisão lateral";"Com Vítimas Feridas";"Pleno dia";"Crescente";"Nublado";"Simples";"Interseção de Vias";"Sim";2;0;1;0;1;0;1;2;-27,0968;-52,6186;"SPRF-SC";"DEL07-SC";"UOP01-DEL07-SC"
110824;2018-02-12;"segunda-feira";"16:00:00";"PR";116;167,8;"QUITANDINHA";"Falta de Atenção do Pedestre";"Atropelamento de Pedestre";"Com Vítimas Feridas";"Pleno dia";"Crescente";"Nublado";"Simples";"Ponte;Reta";"Não";4;0;0;1;1;2;1;2;-25,872978;-49,498203;"SPRF-PR";"DEL01-PR";"UOP03-DEL01-PR"
110826;2018-02-11;"domingo";"20:20:00";"MT";70;67,4;"GENERAL CARNEIRO";"Falta de Atenção à Condução";"Tombamento";"Com Vítimas Feridas";"Plena Noite";"Crescente";"Céu Claro";"Simples";"Reta";"Sim";2;0;1;0;0;2;1;3;-15,70592953;-52,75307289;"SPRF-MT";"DEL07-MT";"UOP01-DEL07-MT"
110830;2018-02-12;"segunda-feira";"16:10:00";"RS";290;448,5;"SAO GABRIEL";"Avarias e/ou desgaste excessivo no pneu";"Saída de leito carroçável";"Sem Vítimas";"Pleno dia";"Crescente";"Céu Claro";"Simples";"Curva";"Não";1;0;0;0;1;0;0;1;-30,24483192;-54,60617065;"SPRF-RS";"DEL11-RS";"UOP02-DEL11-RS"
110842;2018-02-12;"segunda-feira";"17:00:00";"SC";282;535,3;"CHAPECO";"Desobediência às normas de trânsito pelo condutor";"Colisão transversal";"Sem Vítimas";"Pleno dia";"Crescente";"Nublado";"Simples";"Reta";"Sim";2;0;0;0;1;1;0;2;-26,9996929;-52,64641539;"SPRF-SC";"DEL07-SC";"UOP01-DEL07-SC"
110850;2018-02-12;"segunda-feira";"16:20:00";"PR";116;26;"CAMPINA GRANDE DO SUL";"Velocidade Incompatível";"Colisão com objeto estático";"Sem Vítimas";"Pleno dia";"Decrescente";"Chuva";"Dupla";"Curva";"Não";2;0;0;0;1;1;0;2;-25,106836;-48,785343;"SPRF-PR";"DEL01-PR";"UOP02-DEL01-PR"
110855;2018-02-12;"segunda-feira";"17:30:00";"MT";364;400;"CUIABA";"Falta de Atenção à Condução";"Colisão lateral";"Sem Vítimas";"Pleno dia";"Crescente";"Céu Claro";"Simples";"Reta";"Sim";3;0;0;0;1;2;0;3;-15,675622;-55,938293;"SPRF-MT";"DEL02-MT";"UOP02-DEL01-MT"
110860;2018-02-12;"segunda-feira";"18:30:00";"MG";381;519;"IGARAPE";"Velocidade Incompatível";"Saída de leito carroçável";"Com Vítimas Feridas";"Anoitecer";"Decrescente";"Céu Claro";"Dupla";"Curva";"Não";2;0;1;0;0;1;1;2;-20,10865165;-44,31485653;"SPRF-MG";"DEL01-MG";"UOP03-DEL01-MG"
110866;2018-02-12;"segunda-feira";"19:00:00";"MT";364;436;"VARZEA GRANDE";"Falta de Atenção à Condução";"Colisão transversal";"Com Vítimas Feridas";"Anoitecer";"Crescente";"Nublado";"Simples";"Reta";"Não";3;0;1;0;1;2;1;4;-15,641729;-56,130344;"SPRF-MT";"DEL01-MT";"DEL2/4-UOP02/MT"
110871;2018-02-12;"segunda-feira";"21:30:00";"SP";381;84,7;"SAO PAULO";"Falta de Atenção à Condução";"Colisão traseira";"Com Vítimas Feridas";"Plena Noite";"Decrescente";"Nublado";"Dupla";"Reta";"Sim";4;0;0;2;1;1;2;3;-23,4505542;-46,56990767;"SPRF-SP";"DEL03-SP";"DEL6/3-UOP03/SP"
110878;2018-02-12;"segunda-feira";"20:30:00";"SC";470;4,2;"NAVEGANTES";"Falta de Atenção à Condução";"Colisão transversal";"Com Vítimas Fatais";"Plena Noite";"Crescente";"Garoa/Chuvisco";"Simples";"Interseção de Vias";"Não";4;2;0;0;0;2;0;3;-26,85791795;-48,69269771;"SPRF-SC";"DEL04-SC";"UOP04-DEL04-SC"
110880;2018-02-12;"segunda-feira";"20:00:00";"MT";70;612,3;"POCONE";"Objeto estático sobre o leito carroçável";"Colisão com objeto estático";"Sem Vítimas";"Plena Noite";"Decrescente";"Chuva";"Simples";"Declive";"Não";2;0;0;0;1;1;0;2;-15,9001299;-56,89798415;"SPRF-MT";"DEL03-MT";"UOP02-DEL03-MT"
110882;2018-02-12;"segunda-feira";"20:00:00";"MT";163;1032,5;"PEIXOTO DE AZEVEDO";"Defeito Mecânico no Veículo";"Colisão lateral";"Sem Vítimas";"Plena Noite";"Crescente";"Nublado";"Simples";"Reta;Declive";"Não";4;0;0;0;3;4;0;7;-10,223473;-54,980145;"SPRF-MT";"DEL06-MT";"UOP02-DEL06-MT"
110884;2018-02-12;"segunda-feira";"21:30:00";"TO";153;272;"BRASILANDIA DO TOCANTINS";"Velocidade Incompatível";"Colisão traseira";"Com Vítimas Fatais";"Plena Noite";"Crescente";"Céu Claro";"Simples";"Reta";"Sim";3;1;0;1;1;0;1;2;-8,282424;-48,469296;"SPRF-TO";"DEL02-TO";"UOP02-DEL02-TO"
110891;2018-02-12;"segunda-feira";"23:00:00";"MS";262;210;"RIBAS DO RIO PARDO";"Animais na Pista";"Atropelamento de Animal";"Com Vítimas Feridas";"Pleno dia";"Decrescente";"Garoa/Chuvisco";"Simples";"Reta";"Não";2;0;0;1;0;2;1;3;-20,4655851;-53,5291468;"SPRF-MS";"DEL07-MS";"UOP02-DEL07-MS"
110913;2018-02-13;"terça-feira";"06:05:00";"ES";101;61;"SAO MATEUS";"Não guardar distância de segurança";"Colisão traseira";"Com Vítimas Feridas";"Pleno dia";"Crescente";"Sol";"Simples";"Reta";"Sim";3;0;0;1;1;2;1;4;-18,681532;-39,863647;"SPRF-ES";"DEL04-ES";"UOP02-DEL04-ES"
110931;2018-02-13;"terça-feira";"05:30:00";"GO";60;35,5;"GOIANIA";"Desobediência às normas de trânsito pelo condutor";"Tombamento";"Com Vítimas Feridas";"Amanhecer";"Crescente";"Céu Claro";"Dupla";"Rotatória";"Sim";2;0;2;0;0;0;2;1;-16,6868912;-49,2647943;"SPRF-GO";"DEL01-GO";"UOP02-DEL01-GO"
110935;2018-02-01;"quinta-feira";"00:05:00";"MG";365;317,5;"SAO GONCALO DO ABAETE";"Velocidade Incompatível";"Saída de leito carroçável";"Sem Vítimas";"Plena Noite";"Decrescente";"Chuva";"Simples";"Curva";"Não";2;0;0;0;1;1;0;2;-18,23695;-45,85572;"SPRF-MG";"DEL10-MG";"UOP01-DEL10-MG"
110940;2018-02-13;"terça-feira";"06:45:00";"RO";364;36;"VILHENA";"Falta de Atenção à Condução";"Colisão transversal";"Sem Vítimas";"Pleno dia";"Crescente";"Nublado";"Simples";"Reta";"Não";4;0;0;0;4;0;0;3;-12,66466;-60,310337;"SPRF-RO";"DEL04-RO";"DEL21/4-UOP03/RO"
110944;2018-02-13;"terça-feira";"01:00:00";"MG";116;165,2;"PADRE PARAISO";"Velocidade Incompatível";"Tombamento";"Sem Vítimas";"Plena Noite";"Crescente";"Céu Claro";"Simples";"Curva";"Não";2;0;0;0;1;2;0;3;-17,0679;-41,4821;"SPRF-MG";"DEL11-MG";"UOP02-DEL11-MG"
110953;2018-02-13;"terça-feira";"11:15:00";"MG";381;857,4;"POUSO ALEGRE";"Falta de Atenção do Pedestre";"Atropelamento de Pedestre";"Com Vítimas Fatais";"Pleno dia";"Crescente";"Céu Claro";"Dupla";"Reta";"Não";3;1;0;0;1;1;0;3;-22,30122328;-45,90052088;"SPRF-MG";"DEL16-MG";"UOP01-DEL16-MG"
110956;2018-02-13;"terça-feira";"08:40:00";"SC";282;489,9;"FAXINAL DOS GUEDES";"Ingestão de Álcool";"Colisão frontal";"Com Vítimas Feridas";"Pleno dia";"Crescente";"Sol";"Simples";"Reta";"Sim";3;0;0;2;1;0;2;2;-26,87422495;-52,28196148;"SPRF-SC";"DEL07-SC";"UOP01-DEL07-SC"
110959;2018-02-13;"terça-feira";"10:00:00";"MA";316;578;"CAXIAS";"Falta de Atenção à Condução";"Colisão lateral";"Sem Vítimas";"Pleno dia";"Crescente";"Céu Claro";"Simples";"Reta";"Não";2;0;0;0;2;0;0;2;-4,952184;-43,135693;"SPRF-MA";"DEL03-MA";"UOP02-DEL03-MA"
110968;2018-02-13;"terça-feira";"11:20:00";"BA";101;751,2;"ITABELA";"Velocidade Incompatível";"Capotamento";"Com Vítimas Fatais";"Pleno dia";"Decrescente";"Céu Claro";"Simples";"Curva;Declive";"Não";2;1;0;0;0;3;0;4;-16,575466;-39,553665;"SPRF-BA";"DEL09-BA";"UOP01-DEL09-BA"
110981;2018-02-13;"terça-feira";"11:30:00";"RN";101;99,5;"NATAL";"Falta de Atenção à Condução";"Colisão transversal";"Sem Vítimas";"Pleno dia";"Crescente";"Céu Claro";"Dupla";"Reta";"Sim";3;0;0;0;3;0;0;3;-5,876894;-35,223623;"SPRF-RN";"DEL01-RN";"UOP01-DEL01-RN"
110988;2018-02-13;"terça-feira";"13:25:00";"MG";365;524;"MONTE CARMELO";"Falta de Atenção à Condução";"Colisão transversal";"Com Vítimas Fatais";"Pleno dia";"Crescente";"Céu Claro";"Simples";"Interseção de Vias;Reta";"Não";6;2;0;0;1;4;0;5;-18,725183;-47,499004;"SPRF-MG";"DEL10-MG";"UOP01-DEL10-MG"
110995;2018-02-13;"terça-feira";"13:20:00";"MG";381;600,6;"CARMOPOLIS DE MINAS";"Condutor Dormindo";"Colisão traseira";"Com Vítimas Feridas";"Pleno dia";"Crescente";"Céu Claro";"Dupla";"Aclive;Reta";"Não";3;0;1;0;1;4;1;6;-20,60440286;-44,72216452;"SPRF-MG";"DEL04-MG";"UOP01-DEL04-MG"
111004;2018-02-13;"terça-feira";"13:00:00";"PR";476;253,9;"ANTONIO OLINTO";"Falta de Atenção à Condução";"Colisão lateral";"Com Vítimas Feridas";"Pleno dia";"Decrescente";"Nublado";"Simples";"Curva";"Não";6;0;2;0;3;1;2;3;-25,89184104;-50,18711578;"SPRF-PR";"DEL02-PR";"UOP04-DEL02-PR"
111005;2018-02-13;"terça-feira";"11:52:00";"MG";50;72;"UBERLANDIA";"Velocidade Incompatível";"Saída de leito carroçável";"Com Vítimas Feridas";"Pleno dia";"Decrescente";"Nublado";"Múltipla";"Reta";"Sim";1;0;1;0;0;0;1;1;-18,9051;-48,2318;"SPRF-MG";"DEL15-MG";"UOP01-DEL15-MG"
111006;2018-02-01;"quinta-feira";"16:30:00";"PR";277;417;"CANTAGALO";"Carga excessiva e/ou mal acondicionada";"Capotamento";"Com Vítimas Feridas";"Pleno dia";"Decrescente";"Céu Claro";"Simples";"Curva";"Não";2;0;1;0;0;1;1;2;-25,40406631;-52,10694195;"SPRF-PR";"DEL04-PR";"UOP02-DEL04-PR"
111008;2018-02-13;"terça-feira";"15:40:00";"SP";116;425,5;"JUQUIA";"Velocidade Incompatível";"Colisão com objeto estático";"Sem Vítimas";"Pleno dia";"Crescente";"Chuva";"Dupla";"Curva";"Não";1;0;0;0;1;0;0;1;-24,3214;-47,6373;"SPRF-SP";"DEL05-SP";"UOP01-DEL05-SP"
111023;2018-02-13;"terça-feira";"16:25:00";"MA";135;23;"SAO LUIS";"Falta de Atenção à Condução";"Colisão lateral";"Sem Vítimas";"Pleno dia";"Decrescente";"Nublado";"Dupla";"Reta";"Sim";3;0;0;0;3;0;0;2;-2,75573816;-44,3507123;"SPRF-MA";"DEL01-MA";"UOP01-DEL01-MA"
111029;2018-02-13;"terça-feira";"17:10:00";"SC";101;195,6;"BIGUACU";"Falta de Atenção à Condução";"Colisão traseira";"Com Vítimas Feridas";"Pleno dia";"Decrescente";"Sol";"Dupla";"Reta";"Sim";5;0;0;2;1;3;2;5;-27,49551787;-48,65903777;"SPRF-SC";"DEL01-SC";"UOP01-DEL01-SC"
111041;2018-02-13;"terça-feira";"18:20:00";"SC";470;66,4;"INDAIAL";"Velocidade Incompatível";"Colisão traseira";"Com Vítimas Feridas";"Pleno dia";"Crescente";"Nublado";"Simples";"Reta";"Sim";8;0;4;0;3;1;4;6;-26,870063;-49,207891;"SPRF-SC";"DEL04-SC";"UOP01-DEL04-SC"
111045;2018-02-13;"terça-feira";"18:00:00";"GO";40;0,8;"VALPARAISO DE GOIAS";"Não guardar distância de segurança";"Colisão traseira";"Com Vítimas Feridas";"Pleno dia";"Decrescente";"Sol";"Dupla";"Reta";"Sim";3;0;1;0;2;0;1;2;-16,03657472;-47,97111511;"SPRF-DF";"DEL01-DF";"UOP01-DEL01-DF"
111048;2018-02-13;"terça-feira";"15:15:00";"PR";153;522,5;"GENERAL CARNEIRO";"Defeito Mecânico no Veículo";"Tombamento";"Com Vítimas Feridas";"Pleno dia";"Decrescente";"Nublado";"Simples";"Curva;Aclive;Interseção de Vias";"Não";2;0;1;0;0;1;1;2;-26,60817437;-51,48124695;"SPRF-PR";"DEL02-PR";"UOP03-DEL02-PR"
111050;2018-02-13;"terça-feira";"16:10:00";"MG";146;601,1;"POCOS DE CALDAS";"Condutor Dormindo";"Colisão lateral";"Sem Vítimas";"Pleno dia";"Crescente";"Nublado";"Simples";"Curva";"Não";2;0;0;0;2;0;0;2;-21,79010706;-46,44195557;"SPRF-MG";"DEL09-MG";"UOP01-DEL09-MG"
111053;2018-02-13;"terça-feira";"06:35:00";"SC";101;84,1;"BARRA VELHA";"Falta de Atenção à Condução";"Colisão transversal";"Sem Vítimas";"Pleno dia";"Decrescente";"Céu Claro";"Dupla";"Reta";"Sim";2;0;0;0;2;0;0;2;-26,63109827;-48,70419502;"SPRF-SC";"DEL03-SC";"UOP02-DEL03-SC"
111054;2018-02-13;"terça-feira";"16:35:00";"MT";70;508;"CUIABA";"Fenômenos da Natureza";"Colisão frontal";"Com Vítimas Feridas";"Pleno dia";"Decrescente";"Chuva";"Simples";"Declive";"Não";6;0;3;1;1;1;4;3;-15,69781631;-56,05975632;"SPRF-MT";"DEL02-MT";"UOP02-DEL01-MT"
111056;2018-02-13;"terça-feira";"19:15:00";"PR";277;13,7;"PARANAGUA";"Falta de Atenção do Pedestre";"Atropelamento de Pedestre";"Com Vítimas Fatais";"Pleno dia";"Decrescente";"Chuva";"Dupla";"Reta";"Não";3;1;0;0;1;1;0;2;-25,56598156;-48,62411499;"SPRF-PR";"DEL01-PR";"UOP05-DEL01-PR"
111063;2018-02-13;"terça-feira";"19:30:00";"PR";116;15,3;"CAMPINA GRANDE DO SUL";"Pista Escorregadia";"Colisão com objeto estático";"Sem Vítimas";"Plena Noite";"Crescente";"Chuva";"Dupla";"Reta";"Não";2;0;0;0;1;1;0;2;-25,083649;-48,642849;"SPRF-PR";"DEL01-PR";"UOP02-DEL01-PR"
111069;2018-02-13;"terça-feira";"14:40:00";"MT";163;519;"DIAMANTINO";"Falta de Atenção à Condução";"Tombamento";"Sem Vítimas";"Pleno dia";"Decrescente";"Chuva";"Simples";"Reta";"Não";2;0;0;0;1;2;0;3;-14,4439896;-56,12915039;"SPRF-MT";"DEL01-MT";"UOP01-DEL01-MT"
111071;2018-02-13;"terça-feira";"18:20:00";"CE";116;61,4;"CHOROZINHO";"Desobediência às normas de trânsito pelo condutor";"Saída de leito carroçável";"Com Vítimas Feridas";"Plena Noite";"Crescente";"Nublado";"Simples";"Ponte";"Não";1;0;1;0;0;0;1;1;-4,3006773;-38,49809;"SPRF-CE";"DEL03-CE";"UOP02-DEL03-CE"
111081;2018-02-13;"terça-feira";"17:50:00";"RO";364;710;"PORTO VELHO";"Falta de Atenção à Condução";"Colisão lateral";"Sem Vítimas";"Anoitecer";"Crescente";"Chuva";"Dupla";"Interseção de Vias";"Sim";4;0;0;0;3;2;0;4;-8,78477438;-63,85997689;"SPRF-RO";"DEL01-RO";"UOP01-DEL01-RO"
111086;2018-02-13;"terça-feira";"20:30:00";"PR";116;14;"CAMPINA GRANDE DO SUL";"Desobediência às normas de trânsito pelo condutor";"Colisão traseira";"Sem Vítimas";"Pleno dia";"Crescente";"Garoa/Chuvisco";"Dupla";"Curva";"Não";2;0;0;0;2;0;0;2;-25,098421;-48,673969;"SPRF-PR";"DEL01-PR";"UOP02-DEL01-PR"
111087;2018-02-13;"terça-feira";"14:30:00";"AC";364;188;"BUJARI";"Não guardar distância de segurança";"Colisão traseira";"Sem Vítimas";"Pleno dia";"Decrescente";"Chuva";"Simples";"Reta;Em Obras";"Não";2;0;0;0;2;0;0;2;-9,67264;-68,190498;"SPRF-AC";"DEL01-AC";"UOP01-DEL01-AC"
111096;2018-02-13;"terça-feira";"18:50:00";"PA";222;241,4;"MARABA";"Falta de Atenção do Pedestre";"Atropelamento de Pedestre";"Com Vítimas Fatais";"Plena Noite";"Crescente";"Garoa/Chuvisco";"Simples";"Reta";"Sim";3;1;0;0;1;1;0;3;-5,34395018;-49,08622742;"SPRF-PA";"DEL03-PA";"UOP01-DEL03-PA"
111101;2018-02-13;"terça-feira";"21:55:00";"SC";116;247,8;"LAGES";"Desobediência às normas de trânsito pelo condutor";"Colisão transversal";"Com Vítimas Feridas";"Plena Noite";"Crescente";"Nublado";"Simples";"Interseção de Vias";"Sim";7;0;5;0;1;1;5;3;-27,81799369;-50,37286162;"SPRF-SC";"DEL05-SC";"UOP02-DEL05-SC"
111105;2018-02-13;"terça-feira";"21:50:00";"PR";369;502;"CORBELIA";"Condutor Dormindo";"Saída de leito carroçável";"Com Vítimas Feridas";"Plena Noite";"Decrescente";"Garoa/Chuvisco";"Simples";"Reta";"Não";2;0;1;0;0;1;1;2;-24,801;-53,2905;"SPRF-PR";"DEL04-PR";"UOP03-DEL04-PR"
111108;2018-02-13;"terça-feira";"20:30:00";"PB";116;3,5;"CACHOEIRA DOS INDIOS";"Velocidade Incompatível";"Colisão com objeto estático";"Sem Vítimas";"Plena Noite";"Crescente";"Chuva";"Simples";"Reta";"Não";1;0;0;0;1;0;0;1;-6,926947;-38,72742;"SPRF-CE";"DEL05-CE";"UOP03-DEL05-CE"
111110;2018-02-13;"terça-feira";"14:45:00";"MG";262;548;"LUZ";"Velocidade Incompatível";"Tombamento";"Com Vítimas Feridas";"Pleno dia";"Decrescente";"Céu Claro";"Simples";"Curva";"Não";2;0;1;0;0;1;1;2;-19,71982289;-45,87738812;"SPRF-MG";"DEL08-MG";"UOP02-DEL08-MG"
111114;2018-02-13;"terça-feira";"22:20:00";"PR";376;419,9;"TIBAGI";"Ultrapassagem Indevida";"Colisão lateral";"Sem Vítimas";"Plena Noite";"Crescente";"Céu Claro";"Simples";"Reta";"Não";4;0;0;0;2;3;0;5;-24,68665996;-50,59086084;"SPRF-PR";"DEL03-PR";"UOP02-DEL03-PR"
111115;2018-02-13;"terça-feira";"22:00:00";"BA";242;866;"BARREIRAS";"Defeito Mecânico no Veículo";"Incêndio";"Sem Vítimas";"Plena Noite";"Crescente";"Céu Claro";"Simples";"Reta";"Não";2;0;0;0;1;2;0;3;-12,070577;-45,63828;"SPRF-BA";"DEL10-BA";"UOP01-DEL10-BA"
111117;2018-02-13;"terça-feira";"17:00:00";"RO";364;410;"JARU";"Falta de Atenção à Condução";"Saída de leito carroçável";"Sem Vítimas";"Pleno dia";"Decrescente";"Nublado";"Simples";"Reta";"Não";2;0;0;0;1;2;0;3;-10,532772;-62,398327;"SPRF-RO";"DEL03-RO";"UOP02-DEL03-RO"
111123;2018-02-13;"terça-feira";"22:40:00";"MG";50;68,9;"UBERLANDIA";"Defeito Mecânico no Veículo";"Saída de leito carroçável";"Sem Vítimas";"Plena Noite";"Decrescente";"Nublado";"Dupla";"Interseção de Vias";"Sim";2;0;0;0;1;1;0;2;-18,88549798;-48,26568604;"SPRF-MG";"DEL15-MG";"UOP01-DEL15-MG"
111138;2018-02-14;"quarta-feira";"01:00:00";"PR";376;469,7;"PONTA GROSSA";"Falta de Atenção do Pedestre";"Atropelamento de Pedestre";"Com Vítimas Fatais";"Plena Noite";"Decrescente";"Nublado";"Dupla";"Reta";"Não";2;1;0;0;0;1;0;2;-25,0196621;-50,33935547;"SPRF-PR";"DEL03-PR";"UOP01-DEL03-PR"
111143;2018-02-13;"terça-feira";"20:20:00";"BA";242;329;"LENCOIS";"Velocidade Incompatível";"Tombamento";"Com Vítimas Fatais";"Plena Noite";"Crescente";"Céu Claro";"Simples";"Curva";"Não";2;2;0;0;0;0;0;1;-12,49787838;-41,32987976;"SPRF-BA";"DEL06-BA";"UOP01-DEL06-BA"
111144;2018-02-13;"terça-feira";"13:00:00";"MA";316;315;"OLHO DAGUA DAS CUNHAS";"Velocidade Incompatível";"Tombamento";"Sem Vítimas";"Pleno dia";"Decrescente";"Céu Claro";"Simples";"Reta";"Não";1;0;0;0;1;0;0;1;-4,029052;-45,105927;"SPRF-MA";"DEL02-MA";"DEL18/2-UOP03/MA"
111147;2018-02-14;"quarta-feira";"02:35:00";"MG";267;84,9;"JUIZ DE FORA";"Ingestão de Álcool";"Colisão frontal";"Com Vítimas Fatais";"Plena Noite";"Crescente";"Céu Claro";"Simples";"Curva";"Não";8;3;2;2;1;0;4;2;-21,7508;-43,2763;"SPRF-MG";"DEL05-MG";"UOP01-DEL05-MG"
111151;2018-02-14;"quarta-feira";"04:30:00";"MG";381;852,9;"POUSO ALEGRE";"Condutor Dormindo";"Colisão com objeto estático";"Com Vítimas Feridas";"Plena Noite";"Decrescente";"Ignorado";"Dupla";"Reta";"Não";3;0;1;0;1;1;1;2;-22,2554476;-45,88842199;"SPRF-MG";"DEL16-MG";"UOP01-DEL16-MG"
111156;2018-02-14;"quarta-feira";"04:40:00";"SP";116;51,1;"LORENA";"Ingestão de Álcool";"Colisão traseira";"Sem Vítimas";"Plena Noite";"Decrescente";"Nublado";"Dupla";"Reta";"Sim";2;0;0;0;2;0;0;2;-22,74200941;-45,09272933;"SPRF-SP";"DEL08-SP";"UOP03-DEL08-SP"
111158;2018-02-13;"terça-feira";"22:30:00";"ES";259;79;"COLATINA";"Desobediência às normas de trânsito pelo condutor";"Colisão com objeto estático";"Com Vítimas Feridas";"Plena Noite";"Crescente";"Nublado";"Simples";"Aclive";"Sim";1;0;1;0;0;0;1;1;-19,522627;-40,825562;"SPRF-ES";"DEL02-ES";"UOP01-DEL02-ES"