"id";"data_inversa";"dia_semana";"horario";"uf";"br";"km";"municipio";"causa_acidente";"tipo_acidente";"classificacao_acidente";"fase_dia";"sentido_via";"condicao_metereologica";"tipo_pista";"tracado_via";"uso_solo";"pessoas";"mortos";"feridos_leves";"feridos_graves";"ilesos";"ignorados";"feridos";"veiculos";"latitude";"longitude";"regional";"delegacia";"uop"
111161;2018-02-14;"quarta-feira";"06:25:00";"RS";290;4,6;"OSORIO";"Falta de Atenção à Condução";"Saída de leito carroçável";"Com Vítimas Feridas";"Amanhecer";"Crescente";"Céu Claro";"Dupla";"Reta";"Não";2;0;1;0;0;1;1;2;-29,89770416;-50,32000464;"SPRF-RS";"DEL03-RS";"UOP02-DEL03-RS"
111165;2018-02-14;"quarta-feira";"04:50:00";"MT";163;1046;"MATUPA";"Ultrapassagem Indevida";"Colisão frontal";"Com Vítimas Fatais";"Amanhecer";"Crescente";"Nublado";"Simples";"Reta";"Não";2;1;0;0;1;0;0;2;-10,0582;-54,9072;"SPRF-MT";"DEL06-MT";"UOP02-DEL06-MT"
111167;2018-02-13;"terça-feira";"15:40:00";"MS";436;17;"APARECIDA DO TABOADO";"Falta de Atenção à Condução";"Derramamento de carga";"Sem Vítimas";"Pleno dia";"Crescente";"Nublado";"Simples";"Rotatória";"Não";2;0;0;0;1;3;0;4;-20,08757463;-51,12930709;"SPRF-MS";"DEL08-MS";"UOP01-DEL08-MS"
111173;2018-02-14;"quarta-feira";"07:41:00";"SC";280;52,3;"GUARAMIRIM";"Falta de Atenção à Condução";"Colisão transversal";"Com Vítimas Feridas";"Pleno dia";"Crescente";"Nublado";"Simples";"Interseção de Vias";"Sim";2;0;0;1;1;0;1;2;-26,46994031;-48,96772108;"SPRF-SC";"DEL03-SC";"UOP03-DEL03-SC"
111182;2018-02-14;"quarta-feira";"07:30:00";"AL";101;129,6;"SAO MIGUEL DOS CAMPOS";"Falta de Atenção à Condução";"Colisão transversal";"Com Vítimas Feridas";"Pleno dia";"Decrescente";"Nublado";"Simples";"Reta";"Não";3;0;2;0;1;0;2;2;-9,75493068;-36,06813041;"SPRF-AL";"DEL02-AL";"UOP01-DEL02-AL"
111183;2018-02-14;"quarta-feira";"08:05:00";"SC";101;239;"PALHOCA";"Velocidade Incompatível";"Colisão traseira";"Com Vítimas Feridas";"Pleno dia";"Decrescente";"Céu Claro";"Dupla";"Reta";"Sim";3;0;0;1;1;1;1;3;-27,8602;-48,6446;"SPRF-SC";"DEL01-SC";"UOP02-DEL01-SC"
111198;2018-02-14;"quarta-feira";"06:10:00";"MT";163;961;"NOVA SANTA HELENA";"Condutor Dormindo";"Saída de leito carroçável";"Com Vítimas Feridas";"Pleno dia";"Decrescente";"Céu Claro";"Simples";"Declive;Curva";"Não";3;0;1;0;1;2;1;3;-10,848306;-55,180339;"SPRF-MT";"DEL06-MT";"UOP02-DEL06-MT"
111204;2018-02-14;"quarta-feira";"09:20:00";"RJ";101;466;"ANGRA DOS REIS";"Avarias e/ou desgaste excessivo no pneu";"Tombamento";"Com Vítimas Feridas";"Pleno dia";"Crescente";"Chuva";"Simples";"Curva";"Não";2;0;1;1;0;0;2;1;-23,01402032;-44,20967102;"SPRF-RJ";"DEL03-RJ";"UOP03-DEL03-RJ"
111213;2018-02-14;"quarta-feira";"10:30:00";"PR";277;103,9;"CAMPO LARGO";"Mal Súbito";"Colisão traseira";"Com Vítimas Feridas";"Pleno dia";"Crescente";"Garoa/Chuvisco";"Dupla";"Reta;Aclive";"Não";3;0;2;0;1;0;2;2;-25,43397353;-49,41226602;"SPRF-PR";"DEL01-PR";"UOP06-DEL01-PR"
111228;2018-02-14;"quarta-feira";"11:14:00";"MS";163;373,7;"NOVA ALVORADA DO SUL";"Falta de Atenção do Pedestre";"Atropelamento de Pedestre";"Com Vítimas Fatais";"Pleno dia";"Crescente";"Nublado";"Simples";"Declive";"Não";2;1;0;0;1;0;0;2;-21,397691;-54,406301;"SPRF-MS";"DEL02-MS";"UOP01-DEL02-MS"
111237;2018-02-14;"quarta-feira";"12:45:00";"SP";116;544,6;"BARRA DO TURVO";"Velocidade Incompatível";"Tombamento";"Com Vítimas Feridas";"Pleno dia";"Decrescente";"Nublado";"Dupla";"Curva";"Não";2;0;0;1;0;1;1;2;-24,756866;-48,50514;"SPRF-SP";"DEL05-SP";"UOP02-DEL05-SP"
111239;2018-02-14;"quarta-feira";"11:45:00";"MT";163;854;"SINOP";"Falta de Atenção à Condução";"Colisão transversal";"Sem Vítimas";"Pleno dia";"Crescente";"Céu Claro";"Simples";"Aclive;Interseção de Vias";"Sim";3;0;0;0;2;4;0;6;-11,864589;-55,502926;"SPRF-MT";"DEL06-MT";"UOP02-DEL06-MT"
111241;2018-02-14;"quarta-feira";"12:30:00";"GO";452;171,4;"ITUMBIARA";"Falta de Atenção à Condução";"Colisão traseira";"Sem Vítimas";"Pleno dia";"Decrescente";"Céu Claro";"Simples";"Aclive";"Não";3;0;0;0;2;1;0;3;-18,419622;-49,21568;"SPRF-GO";"DEL03-GO";"UOP02-DEL03-GO"
111245;2018-02-14;"quarta-feira";"12:30:00";"SP";153;64;"SAO JOSE DO RIO PRETO";"Falta de Atenção à Condução";"Colisão traseira";"Com Vítimas Feridas";"Pleno dia";"Crescente";"Nublado";"Simples";"Reta";"Sim";2;0;1;0;1;0;1;2;-20,83213612;-49,36073273;"SPRF-SP";"DEL09-SP";"UOP01-DEL09-SP"
111246;2018-02-14;"quarta-feira";"13:40:00";"MG";267;200,1;"BOM JARDIM DE MINAS";"Defeito Mecânico no Veículo";"Tombamento";"Com Vítimas Feridas";"Pleno dia";"Decrescente";"Céu Claro";"Simples";"Declive";"Não";4;0;1;2;0;1;3;3;-21,93443262;-44,08334384;"SPRF-MG";"DEL05-MG";"UOP01-DEL05-MG"
111250;2018-02-14;"quarta-feira";"13:00:00";"RN";304;33,3;"MOSSORO";"Defeito na Via";"Tombamento";"Com Vítimas Feridas";"Pleno dia";"Crescente";"Chuva";"Dupla";"Reta";"Sim";3;0;1;0;1;1;1;3;-5,1841285;-37,3477805;"SPRF-RN";"DEL04-RN";"UOP02-DEL04-RN"
111252;2018-02-14;"quarta-feira";"14:10:00";"GO";414;391;"CORUMBA DE GOIAS";"Condutor Dormindo";"Saída de leito carroçável";"Sem Vítimas";"Pleno dia";"Crescente";"Sol";"Simples";"Curva";"Não";1;0;0;0;1;0;0;1;-15,90458223;-48,8007009;"SPRF-GO";"DEL02-GO";"UOP01-DEL02-GO"
111253;2018-02-14;"quarta-feira";"12:20:00";"PR";116;28,7;"CAMPINA GRANDE DO SUL";"Velocidade Incompatível";"Saída de leito carroçável";"Sem Vítimas";"Pleno dia";"Decrescente";"Céu Claro";"Simples";"Declive;Curva";"Não";2;0;0;0;1;1;0;2;-25,11069979;-48,80699781;"SPRF-PR";"DEL01-PR";"UOP02-DEL01-PR"
111262;2018-02-06;"terça-feira";"08:00:00";"RJ";116;71;"TERESOPOLIS";"Condutor Dormindo";"Colisão frontal";"Com Vítimas Feridas";"Pleno dia";"Decrescente";"Chuva";"Simples";"Reta";"Sim";4;0;1;1;1;1;2;4;-22,35027005;-42,94030327;"SPRF-RJ";"DEL04-RJ";"UOP01-DEL04-RJ"
111263;2018-02-14;"quarta-feira";"13:40:00";"PR";153;136;"VENTANIA";"Carga excessiva e/ou mal acondicionada";"Tombamento";"Sem Vítimas";"Pleno dia";"Crescente";"Nublado";"Simples";"Curva";"Não";2;0;0;0;1;3;0;4;-24,04726251;-50,24551478;"SPRF-PR";"DEL07-PR";"DEL7/7-UOP08/PR"
111272;2018-02-14;"quarta-feira";"11:45:00";"PR";369;20;"CAMBARA";"Desobediência às normas de trânsito pelo condutor";"Colisão lateral";"Com Vítimas Feridas";"Pleno dia";"Crescente";"Nublado";"Simples";"Reta;Declive;Interseção de Vias";"Sim";2;0;1;0;1;0;1;2;-23,0371454;-50,08165863;"SPRF-PR";"DEL07-PR";"UOP04-DEL07-PR"
111279;2018-02-14;"quarta-feira";"15:40:00";"MG";262;33,5;"MANHUACU";"Falta de Atenção à Condução";"Colisão traseira";"Com Vítimas Feridas";"Pleno dia";"Crescente";"Céu Claro";"Simples";"Reta";"Não";2;0;0;1;1;0;1;2;-20,2665391;-42,0435309;"SPRF-MG";"DEL06-MG";"UOP03-DEL06-MG"
111283;2018-02-14;"quarta-feira";"15:00:00";"AL";101;245;"PORTO REAL DO COLEGIO";"Pista Escorregadia";"Colisão lateral";"Sem Vítimas";"Pleno dia";"Crescente";"Chuva";"Simples";"Curva";"Sim";3;0;0;0;2;1;0;3;-10,183442;-36,828979;"SPRF-AL";"DEL02-AL";"UOP02-DEL02-AL"
111300;2018-02-14;"quarta-feira";"15:45:00";"RS";285;424,8;"PANAMBI";"Falta de Atenção à Condução";"Colisão lateral";"Sem Vítimas";"Pleno dia";"Crescente";"Sol";"Simples";"Curva";"Não";3;0;0;0;2;1;0;3;-28,3308465;-53,58257695;"SPRF-RS";"DEL10-RS";"UOP01-DEL10-RS"
111301;2018-02-14;"quarta-feira";"16:45:00";"SP";116;160,5;"JACAREI";"Defeito Mecânico no Veículo";"Saída de leito carroçável";"Sem Vítimas";"Pleno dia";"Crescente";"Nublado";"Dupla";"Reta";"Sim";1;0;0;0;1;0;0;1;-23,3055;-45,967;"SPRF-SP";"DEL02-SP";"UOP01-DEL02-SP"
111304;2018-02-14;"quarta-feira";"16:30:00";"RN";304;95,9;"ACU";"Falta de Atenção à Condução";"Colisão traseira";"Com Vítimas Fatais";"Pleno dia";"Decrescente";"Nublado";"Simples";"Aclive";"Não";3;1;0;1;0;1;1;2;-5,55732529;-37,05973706;"SPRF-RN";"DEL04-RN";"UOP01-DEL04-RN"
111313;2018-02-14;"quarta-feira";"18:20:00";"ES";101;268,5;"SERRA";"Falta de Atenção à Condução";"Engavetamento";"Com Vítimas Feridas";"Anoitecer";"Crescente";"Céu Claro";"Dupla";"Reta";"Sim";6;0;2;0;4;0;2;5;-20,21524729;-40,26979566;"SPRF-ES";"DEL02-ES";"UOP01-DEL02-ES"
111319;2018-02-14;"quarta-feira";"18:00:00";"ES";101;116,9;"SOORETAMA";"Falta de Atenção à Condução";"Colisão traseira";"Com Vítimas Feridas";"Pleno dia";"Crescente";"Céu Claro";"Simples";"Reta";"Não";2;0;1;0;1;0;1;2;-19,197422;-40,098118;"SPRF-ES";"DEL04-ES";"UOP01-DEL04-ES"
111328;2018-02-14;"quarta-feira";"18:09:00";"MT";364;402,8;"CUIABA";"Falta de Atenção à Condução";"Colisão traseira";"Sem Vítimas";"Anoitecer";"Crescente";"Céu Claro";"Múltipla";"Reta";"Sim";2;0;0;0;1;1;0;2;-15,67064324;-55,96366882;"SPRF-MT";"DEL02-MT";"UOP02-DEL01-MT"
111329;2018-02-14;"quarta-feira";"15:45:00";"PR";376;102,7;"PARANAVAI";"Carga excessiva e/ou mal acondicionada";"Derramamento de carga";"Sem Vítimas";"Pleno dia";"Decrescente";"Sol";"Simples";"Em Obras";"Não";2;0;0;0;1;2;0;3;-23,04688005;-52,46658325;"SPRF-PR";"DEL07-PR";"UOP02-DEL09-PR"
111330;2018-02-14;"quarta-feira";"18:40:00";"ES";101;459,6;"MIMOSO DO SUL";"Velocidade Incompatível";"Tombamento";"Sem Vítimas";"Anoitecer";"Crescente";"Céu Claro";"Simples";"Reta";"Não";1;0;0;0;1;0;0;1;-21,21642047;-41,29760742;"SPRF-ES";"DEL03-ES";"UOP02-DEL03-ES"
111334;2018-02-14;"quarta-feira";"19:23:00";"SP";116;26,7;"SILVEIRAS";"Objeto estático sobre o leito carroçável";"Tombamento";"Sem Vítimas";"Anoitecer";"Crescente";"Garoa/Chuvisco";"Dupla";"Declive";"Não";2;0;0;0;2;0;0;2;-22,61645291;-44,90297457;"SPRF-SP";"DEL08-SP";"UOP02-DEL08-SP"
111339;2018-02-14;"quarta-feira";"17:00:00";"PA";10;1;"DOM ELISEU";"Falta de Atenção do Pedestre";"Atropelamento de Pedestre";"Com Vítimas Feridas";"Pleno dia";"Crescente";"Céu Claro";"Simples";"Ponte";"Não";2;0;1;0;1;0;1;2;-4,2853956;-47,50537;"SPRF-PA";"DEL02-PA";"UOP02-DEL02-PA"
111352;2018-02-14;"quarta-feira";"22:20:00";"SP";153;342,1;"OURINHOS";"Falta de Atenção à Condução";"Colisão lateral";"Sem Vítimas";"Plena Noite";"Decrescente";"Nublado";"Dupla";"Reta";"Não";2;0;0;0;2;0;0;2;-22,95207062;-49,90951538;"SPRF-SP";"DEL07-SP";"UOP03-DEL07-SP"
111353;2018-02-14;"quarta-feira";"20:40:00";"SC";470;177,9;"POUSO REDONDO";"Falta de Atenção à Condução";"Colisão frontal";"Com Vítimas Fatais";"Plena Noite";"Crescente";"Céu Claro";"Simples";"Reta";"Sim";3;1;0;0;1;1;0;3;-27,252649;-49,952226;"SPRF-SC";"DEL04-SC";"UOP02-DEL04-SC"
111354;2018-02-14;"quarta-feira";"22:30:00";"GO";153;405,5;"PIRENOPOLIS";"Mal Súbito";"Saída de leito carroçável";"Com Vítimas Fatais";"Plena Noite";"Crescente";"Céu Claro";"Simples";"Reta";"Não";1;1;0;0;0;0;0;1;-16,06759123;-49,06004114;"SPRF-GO";"DEL02-GO";"UOP01-DEL02-GO"
111357;2018-02-14;"quarta-feira";"21:40:00";"MT";70;289,2;"PRIMAVERA DO LESTE";"Falta de Atenção à Condução";"Colisão transversal";"Sem Vítimas";"Plena Noite";"Decrescente";"Céu Claro";"Simples";"Reta";"Não";3;0;0;0;2;2;0;4;-15,5772411;-54,3786621;"SPRF-MT";"DEL05-MT";"UOP01-DEL05-MT"
111363;2018-02-14;"quarta-feira";"19:20:00";"GO";60;179;"ABADIA DE GOIAS";"Falta de Atenção à Condução";"Saída de leito carroçável";"Sem Vítimas";"Plena Noite";"Crescente";"Céu Claro";"Dupla";"Declive";"Não";2;0;0;0;1;1;0;2;-16,7638;-49,466;"SPRF-GO";"DEL01-GO";"UOP02-DEL01-GO"
111370;2018-02-14;"quarta-feira";"23:16:00";"SC";282;153,8;"AGRONOMICA";"Velocidade Incompatível";"Colisão frontal";"Sem Vítimas";"Plena Noite";"Crescente";"Céu Claro";"Simples";"Reta";"Sim";3;0;0;0;2;1;0;3;-27,268736;-49,730062;"SPRF-SC";"DEL05-SC";"UOP01-DEL05-SC"
111373;2018-02-14;"quarta-feira";"23:00:00";"RS";392;280,7;"SAO SEPE";"Não guardar distância de segurança";"Colisão traseira";"Sem Vítimas";"Plena Noite";"Crescente";"Céu Claro";"Simples";"Reta;Declive";"Não";2;0;0;0;2;0;0;2;-30,30213538;-53,53728257;"SPRF-RS";"DEL09-RS";"UOP02-DEL09-RS"
111375;2018-02-14;"quarta-feira";"22:30:00";"MG";116;449,5;"ENGENHEIRO CALDAS";"Condutor Dormindo";"Saída de leito carroçável";"Sem Vítimas";"Plena Noite";"Decrescente";"Céu Claro";"Simples";"Reta";"Não";1;0;0;0;1;0;0;1;-19,21992;-42,046467;"SPRF-MG";"DEL06-MG";"UOP02-DEL06-MG"
111376;2018-02-15;"quinta-feira";"00:10:00";"PR";277;406,3;"CANDOI";"Velocidade Incompatível";"Tombamento";"Com Vítimas Feridas";"Plena Noite";"Crescente";"Céu Claro";"Simples";"Curva";"Não";3;0;1;1;1;0;2;2;-25,42715227;-52,01889038;"SPRF-PR";"DEL04-PR";"UOP02-DEL04-PR"
111378;2018-02-15;"quinta-feira";"01:50:00";"RJ";116;235,7;"PIRAI";"Falta de Atenção à Condução";"Tombamento";"Sem Vítimas";"Plena Noite";"Crescente";"Chuva";"Dupla";"Curva";"Não";1;0;0;0;1;0;0;1;-22,6631125;-43,8549793;"SPRF-RJ";"DEL07-RJ";"UOP01-DEL07-RJ"
111379;2018-02-14;"quarta-feira";"20:40:00";"RS";287;358;"JAGUARI";"Defeito Mecânico no Veículo";"Tombamento";"Sem Vítimas";"Plena Noite";"Decrescente";"Céu Claro";"Simples";"Curva";"Não";2;0;0;0;1;1;0;2;-29,50535426;-54,69200134;"SPRF-RS";"DEL12-RS";"UOP02-DEL12-RS"
111380;2018-02-15;"quinta-feira";"01:35:00";"SE";101;159,3;"SANTA LUZIA DO ITANHY";"Pista Escorregadia";"Tombamento";"Sem Vítimas";"Plena Noite";"Decrescente";"Chuva";"Simples";"Reta";"Não";1;0;0;0;1;0;0;1;-11,2996278;-37,48260498;"SPRF-SE";"DEL02-SE";"UOP01-DEL02-SE"
111384;2018-02-15;"quinta-feira";"04:30:00";"SC";282;384,2;"JOACABA";"Falta de Atenção à Condução";"Colisão traseira";"Com Vítimas Feridas";"Plena Noite";"Crescente";"Nublado";"Simples";"Curva;Aclive";"Não";5;0;1;0;3;1;1;3;-27,20154904;-51,51553631;"SPRF-SC";"DEL07-SC";"UOP05-DEL07-SC"
111390;2018-02-15;"quinta-feira";"04:20:00";"RN";304;25,9;"MOSSORO";"Falta de Atenção à Condução";"Colisão lateral";"Sem Vítimas";"Plena Noite";"Decrescente";"Céu Claro";"Simples";"Reta";"Não";3;0;0;0;2;3;0;5;-5,08139036;-37,33346879;"SPRF-RN";"DEL04-RN";"UOP02-DEL04-RN"
111391;2018-02-14;"quarta-feira";"21:00:00";"PE";101;208;"XEXEU";"Velocidade Incompatível";"Saída de leito carroçável";"Com Vítimas Fatais";"Pleno dia";"Crescente";"Céu Claro";"Dupla";"Curva";"Não";1;1;0;0;0;0;0;1;-8,79466;-35,6261;"SPRF-PE";"DEL01-PE";"UOP03-DEL01-PE"
111395;2018-02-14;"quarta-feira";"22:20:00";"MA";316;543;"CAXIAS";"Velocidade Incompatível";"Saída de leito carroçável";"Com Vítimas Feridas";"Plena Noite";"Crescente";"Chuva";"Simples";"Reta";"Não";2;0;1;0;0;1;1;2;-4,864172;-43,419834;"SPRF-MA";"DEL03-MA";"UOP02-DEL03-MA"
111397;2018-02-15;"quinta-feira";"02:10:00";"PB";230;152,9;"CAMPINA GRANDE";"Defeito Mecânico no Veículo";"Saída de leito carroçável";"Sem Vítimas";"Plena Noite";"Decrescente";"Nublado";"Simples";"Curva";"Sim";1;0;0;0;1;0;0;1;-7,2773144;-35,88907778;"SPRF-PB";"DEL02-PB";"UOP01-DEL02-PB"
111398;2018-02-15;"quinta-feira";"05:50:00";"BA";420;81,1;"SALVADOR";"Falta de Atenção à Condução";"Colisão traseira";"Com Vítimas Feridas";"Pleno dia";"Decrescente";"Céu Claro";"Dupla";"Reta";"Sim";3;0;0;1;1;1;1;3;-12,88765832;-38,4403038;"SPRF-BA";"DEL01-BA";"UOP01-DEL01-BA"
111405;2018-02-15;"quinta-feira";"08:15:00";"MG";381;479;"CONTAGEM";"Falta de Atenção à Condução";"Colisão traseira";"Com Vítimas Feridas";"Pleno dia";"Decrescente";"Céu Claro";"Dupla";"Aclive";"Sim";3;0;1;1;0;1;2;3;-19,961;-44,0517;"SPRF-MG";"DEL01-MG";"UOP03-DEL01-MG"
111406;2018-02-15;"quinta-feira";"07:40:00";"PR";376;200;"MARIALVA";"Mal Súbito";"Colisão lateral";"Sem Vítimas";"Pleno dia";"Crescente";"Sol";"Dupla";"Reta";"Não";4;0;0;0;3;2;0;5;-23,509514;-51,721405;"SPRF-PR";"DEL07-PR";"UOP01-DEL09-PR"
111408;2018-02-15;"quinta-feira";"08:15:00";"RS";386;343,1;"LAJEADO";"Falta de Atenção à Condução";"Engavetamento";"Com Vítimas Feridas";"Pleno dia";"Crescente";"Céu Claro";"Simples";"Reta";"Sim";5;0;1;0;4;0;1;5;-29,43499735;-52,00133421;"SPRF-RS";"DEL04-RS";"UOP01-DEL04-RS"
111413;2018-01-18;"quinta-feira";"17:20:00";"BA";116;427;"FEIRA DE SANTANA";"Defeito na Via";"Tombamento";"Sem Vítimas";"Pleno dia";"Decrescente";"Céu Claro";"Dupla";"Curva";"Não";2;0;0;0;1;1;0;2;-12,267113;-38,966988;"SPRF-BA";"DEL02-BA";"UOP01-DEL02-BA"
111418;2018-02-15;"quinta-feira";"09:10:00";"PR";116;154;"MANDIRITUBA";"Ultrapassagem Indevida";"Saída de leito carroçável";"Com Vítimas Feridas";"Pleno dia";"Decrescente";"Nublado";"Simples";"Reta;Declive";"Não";2;0;1;0;0;1;1;2;-25,779367;-49,326534;"SPRF-PR";"DEL01-PR";"UOP03-DEL01-PR"
111424;2018-02-15;"quinta-feira";"09:34:00";"ES";262;151,9;"IBATIBA";"Condutor Dormindo";"Colisão frontal";"Com Vítimas Feridas";"Pleno dia";"Crescente";"Céu Claro";"Simples";"Curva";"Não";4;0;0;2;1;1;2;3;-20,21636178;-41,451736;"SPRF-ES";"DEL01-ES";"UOP02-DEL01-ES"
111425;2018-02-15;"quinta-feira";"08:20:00";"MG";381;297;"ANTONIO DIAS";"Falta de Atenção à Condução";"Colisão frontal";"Com Vítimas Feridas";"Pleno dia";"Decrescente";"Céu Claro";"Simples";"Reta";"Não";2;0;1;0;1;0;1;2;-19,5932665;-42,7418053;"SPRF-MG";"DEL03-MG";"UOP02-DEL03-MG"
111427;2018-02-15;"quinta-feira";"08:20:00";"GO";40;3,2;"VALPARAISO DE GOIAS";"Não guardar distância de segurança";"Colisão lateral";"Sem Vítimas";"Pleno dia";"Crescente";"Céu Claro";"Dupla";"Reta";"Sim";2;0;0;0;2;0;0;2;-16,07782534;-47,98595299;"SPRF-DF";"DEL01-DF";"UOP01-DEL01-DF"
111429;2018-02-15;"quinta-feira";"06:00:00";"BA";242;350;"LENCOIS";"Defeito Mecânico no Veículo";"Tombamento";"Sem Vítimas";"Pleno dia";"Decrescente";"Nublado";"Simples";"Reta";"Não";2;0;0;0;1;3;0;4;-12,495302;-41,321171;"SPRF-BA";"DEL06-BA";"UOP01-DEL06-BA"
111430;2018-02-15;"quinta-feira";"09:05:00";"CE";222;301,4;"TIANGUA";"Defeito Mecânico no Veículo";"Saída de leito carroçável";"Sem Vítimas";"Pleno dia";"Decrescente";"Céu Claro";"Simples";"Curva";"Não";1;0;0;0;1;0;0;1;-3,66282635;-40,94331266;"SPRF-CE";"DEL04-CE";"UOP02-DEL04-CE"
111431;2018-02-15;"quinta-feira";"04:30:00";"AC";317;247;"XAPURI";"Falta de Atenção à Condução";"Saída de leito carroçável";"Com Vítimas Fatais";"Amanhecer";"Crescente";"Ignorado";"Simples";"Reta";"Não";1;1;0;0;0;0;0;1;-10,811497;-68,456589;"SPRF-AC";"DEL01-AC";"UOP02-DEL01-AC"
111435;2018-02-15;"quinta-feira";"09:30:00";"PE";101;55;"PAULISTA";"Condutor Dormindo";"Colisão com objeto estático";"Sem Vítimas";"Pleno dia";"Decrescente";"Céu Claro";"Dupla";"Reta";"Não";1;0;0;0;1;0;0;1;-7,9566;-34,9117;"SPRF-PE";"DEL01-PE";"UOP02-DEL01-PE"
111437;2018-02-15;"quinta-feira";"10:50:00";"GO";60;11,3;"SANTO ANTONIO DO DESCOBERTO";"Falta de Atenção à Condução";"Colisão traseira";"Com Vítimas Feridas";"Pleno dia";"Crescente";"Céu Claro";"Dupla";"Aclive;Curva";"Não";3;0;1;0;1;2;1;4;-16,11529645;-48,32490552;"SPRF-DF";"DEL01-DF";"UOP01-DEL03-DF"
111445;2018-02-15;"quinta-feira";"11:00:00";"PR";116;134,6;"FAZENDA RIO GRANDE";"Falta de Atenção à Condução";"Colisão com objeto estático";"Sem Vítimas";"Pleno dia";"Crescente";"Céu Claro";"Múltipla";"Reta";"Sim";2;0;0;0;1;1;0;2;-25,71083692;-49,32037354;"SPRF-PR";"DEL01-PR";"UOP03-DEL01-PR"
111447;2018-02-15;"quinta-feira";"11:20:00";"MG";262;368;"JUATUBA";"Falta de Atenção à Condução";"Danos eventuais";"Sem Vítimas";"Pleno dia";"Decrescente";"Sol";"Dupla";"Reta";"Não";3;0;0;0;2;1;0;3;-19,96205485;-44,33558464;"SPRF-MG";"DEL01-MG";"UOP03-DEL01-MG"
111448;2018-02-15;"quinta-feira";"11:15:00";"PE";232;105,2;"BEZERROS";"Velocidade Incompatível";"Saída de leito carroçável";"Com Vítimas Feridas";"Pleno dia";"Crescente";"Chuva";"Dupla";"Declive;Curva";"Não";1;0;1;0;0;0;1;1;-8,261171;-35,787946;"SPRF-PE";"DEL02-PE";"UOP03-DEL02-PE"
111449;2018-02-15;"quinta-feira";"11:35:00";"MS";163;614,8;"SAO GABRIEL DO OESTE";"Desobediência às normas de trânsito pelo condutor";"Colisão transversal";"Com Vítimas Feridas";"Pleno dia";"Decrescente";"Céu Claro";"Simples";"Reta";"Sim";2;0;0;1;1;0;1;2;-19,3936;-54,5635;"SPRF-MS";"DEL06-MS";"UOP02-DEL06-MS"
111450;2018-02-15;"quinta-feira";"11:20:00";"PE";101;45;"IGARASSU";"Falta de Atenção à Condução";"Colisão traseira";"Sem Vítimas";"Pleno dia";"Decrescente";"Sol";"Múltipla";"Reta";"Sim";3;0;0;0;2;1;0;3;-7,8728;-34,9061;"SPRF-PE";"DEL01-PE";"UOP02-DEL01-PE"
111453;2018-01-27;"sábado";"05:40:00";"SC";101;192,1;"BIGUACU";"Falta de Atenção do Pedestre";"Atropelamento de Pedestre";"Com Vítimas Fatais";"Plena Noite";"Crescente";"Nublado";"Dupla";"Reta";"Não";3;1;0;0;1;1;0;3;-27,48583355;-48,64832993;"SPRF-SC";"DEL01-SC";"UOP01-DEL01-SC"
111454;2018-02-15;"quinta-feira";"11:50:00";"MG";153;124;"PRATA";"Falta de Atenção à Condução";"Colisão traseira";"Com Vítimas Feridas";"Pleno dia";"Decrescente";"Sol";"Simples";"Reta";"Não";5;0;0;2;2;2;2;4;-19,2984;-48,9145;"SPRF-MG";"DEL15-MG";"UOP03-DEL15-MG"
111460;2018-02-15;"quinta-feira";"12:55:00";"MG";381;545,9;"ITATIAIUCU";"Não guardar distância de segurança";"Colisão com objeto estático";"Sem Vítimas";"Pleno dia";"Crescente";"Sol";"Dupla";"Reta";"Não";2;0;0;0;1;1;0;2;-20,26144764;-44,42105284;"SPRF-MG";"DEL04-MG";"UOP03-DEL04-MG"
111463;2018-02-15;"quinta-feira";"06:50:00";"MS";267;80,2;"BATAGUASSU";"Condutor Dormindo";"Tombamento";"Sem Vítimas";"Amanhecer";"Decrescente";"Céu Claro";"Simples";"Reta";"Não";2;0;0;0;1;3;0;4;-21,714626;-52,422653;"SPRF-MS";"DEL02-MS";"DEL3/7-UOP01/MS"
111464;2018-02-15;"quinta-feira";"14:00:00";"MG";40;631,1;"CONSELHEIRO LAFAIETE";"Desobediência às normas de trânsito pelo condutor";"Colisão transversal";"Com Vítimas Feridas";"Pleno dia";"Decrescente";"Céu Claro";"Simples";"Reta;Declive";"Sim";3;0;1;0;2;0;1;2;-20,67076745;-43,79988581;"SPRF-MG";"DEL05-MG";"UOP02-DEL05-MG"
111468;2018-02-15;"quinta-feira";"13:45:00";"SC";116;247,8;"LAGES";"Falta de Atenção à Condução";"Colisão com objeto estático";"Sem Vítimas";"Pleno dia";"Crescente";"Nublado";"Simples";"Interseção de Vias;Reta";"Sim";2;0;0;0;2;0;0;2;-27,81758092;-50,37270069;"SPRF-SC";"DEL05-SC";"UOP02-DEL05-SC"
111472;2018-02-15;"quinta-feira";"13:45:00";"BA";116;404;"FEIRA DE SANTANA";"Defeito Mecânico no Veículo";"Colisão frontal";"Com Vítimas Feridas";"Pleno dia";"Decrescente";"Nublado";"Simples";"Declive";"Não";4;0;1;0;2;1;1;4;-12,0713965;-38,9709661;"SPRF-BA";"DEL02-BA";"DEL10/2-UOP02/BA"
111475;2018-02-15;"quinta-feira";"13:50:00";"MT";163;955;"NOVA SANTA HELENA";"Falta de Atenção à Condução";"Colisão transversal";"Com Vítimas Feridas";"Pleno dia";"Crescente";"Céu Claro";"Simples";"Interseção de Vias";"Sim";6;0;1;0;4;1;1;3;-10,84869053;-55,18753409;"SPRF-MT";"DEL06-MT";"UOP02-DEL06-MT"