"id";"data_inversa";"dia_semana";"horario";"uf";"br";"km";"municipio";"causa_acidente";"tipo_acidente";"classificacao_acidente";"fase_dia";"sentido_via";"condicao_metereologica";"tipo_pista";"tracado_via";"uso_solo";"pessoas";"mortos";"feridos_leves";"feridos_graves";"ilesos";"ignorados";"feridos";"veiculos";"latitude";"longitude";"regional";"delegacia";"uop"
112179;2018-02-15;"quinta-feira";"07:30:00";"RJ";116;198;"QUEIMADOS";"Falta de Atenção à Condução";"Colisão lateral";"Sem Vítimas";"Pleno dia";"Decrescente";"Céu Claro";"Dupla";"Reta";"Não";3;0;0;0;2;1;0;3;-22,72805714;-43,64730835;"SPRF-RJ";"DEL01-RJ";"UOP03-DEL01-RJ"
112188;2018-02-18;"domingo";"19:16:00";"PR";116;205,8;"RIO NEGRO";"Falta de Atenção à Condução";"Colisão lateral";"Sem Vítimas";"Plena Noite";"Decrescente";"Céu Claro";"Simples";"Reta";"Não";6;0;0;0;5;1;0;3;-26,09502161;-49,78042603;"SPRF-SC";"DEL06-SC";"UOP01-DEL06-SC"
112196;2018-02-18;"domingo";"19:30:00";"SC";470;126,8;"LONTRAS";"Ingestão de Álcool";"Colisão transversal";"Com Vítimas Feridas";"Plena Noite";"Decrescente";"Céu Claro";"Simples";"Reta";"Sim";3;0;1;0;1;1;1;3;-27,135261;-49,54159396;"SPRF-SC";"DEL04-SC";"UOP02-DEL04-SC"
112202;2018-02-18;"domingo";"21:45:00";"PR";376;312;"ORTIGUEIRA";"Desobediência às normas de trânsito pelo condutor";"Tombamento";"Com Vítimas Feridas";"Plena Noite";"Decrescente";"Nublado";"Simples";"Curva";"Não";2;0;1;0;0;1;1;2;-23,98123371;-51,08779907;"SPRF-PR";"DEL07-PR";"UOP02-DEL07-PR"
112215;2018-02-18;"domingo";"20:30:00";"BA";116;375;"SANTA BARBARA";"Carga excessiva e/ou mal acondicionada";"Tombamento";"Com Vítimas Feridas";"Plena Noite";"Crescente";"Céu Claro";"Simples";"Reta";"Não";2;0;1;0;0;1;1;2;-11,9579;-38,9678;"SPRF-BA";"DEL02-BA";"DEL10/2-UOP02/BA"
112218;2018-02-18;"domingo";"18:50:00";"PE";232;413;"SERRA TALHADA";"Objeto estático sobre o leito carroçável";"Colisão traseira";"Sem Vítimas";"Plena Noite";"Crescente";"Nublado";"Simples";"Ponte";"Sim";3;0;0;0;1;2;0;3;-7,988571;-38,329723;"SPRF-PE";"DEL04-PE";"UOP01-DEL04-PE"
112220;2018-02-18;"domingo";"23:25:00";"RS";290;125;"ELDORADO DO SUL";"Falta de Atenção à Condução";"Colisão lateral";"Sem Vítimas";"Plena Noite";"Decrescente";"Nublado";"Simples";"Reta";"Não";3;0;0;0;2;2;0;4;-30,055038;-51,458992;"SPRF-RS";"DEL02-RS";"UOP01-DEL02-RS"
112223;2018-02-18;"domingo";"21:00:00";"PE";232;409;"SERRA TALHADA";"Ingestão de Álcool";"Colisão lateral";"Com Vítimas Feridas";"Plena Noite";"Decrescente";"Chuva";"Simples";"Interseção de Vias";"Sim";3;0;1;0;0;2;1;3;-7,981944;-38,289467;"SPRF-PE";"DEL04-PE";"UOP01-DEL04-PE"
112226;2018-02-18;"domingo";"23:50:00";"BA";101;368;"GANDU";"Velocidade Incompatível";"Colisão traseira";"Sem Vítimas";"Plena Noite";"Decrescente";"Céu Claro";"Simples";"Reta";"Não";4;0;0;0;3;1;0;3;-13,765885;-39,491101;"SPRF-BA";"DEL05-BA";"UOP03-DEL05-BA"
112227;2018-02-19;"segunda-feira";"00:10:00";"MG";40;641,6;"CONSELHEIRO LAFAIETE";"Restrição de Visibilidade";"Saída de leito carroçável";"Sem Vítimas";"Plena Noite";"Crescente";"Nublado";"Simples";"Reta";"Não";1;0;0;0;1;0;0;1;-20,75826469;-43,80494052;"SPRF-MG";"DEL05-MG";"UOP02-DEL05-MG"
112228;2018-02-19;"segunda-feira";"00:00:00";"SC";101;225;"PALHOCA";"Defeito Mecânico no Veículo";"Colisão com objeto estático";"Com Vítimas Feridas";"Plena Noite";"Decrescente";"Nublado";"Dupla";"Reta";"Não";4;0;1;0;2;1;1;3;-27,71127158;-48,65409848;"SPRF-SC";"DEL01-SC";"UOP02-DEL01-SC"
112232;2018-02-18;"domingo";"19:30:00";"RO";364;467;"CACAULANDIA";"Defeito na Via";"Derramamento de carga";"Sem Vítimas";"Plena Noite";"Crescente";"Céu Claro";"Simples";"Reta";"Não";2;0;0;0;1;2;0;3;-10,206804;-62,779879;"SPRF-RO";"DEL03-RO";"UOP01-DEL03-RO"
112235;2018-02-19;"segunda-feira";"02:00:00";"BA";116;532;"ITATIM";"Velocidade Incompatível";"Colisão frontal";"Com Vítimas Feridas";"Plena Noite";"Crescente";"Céu Claro";"Simples";"Declive";"Não";5;0;4;0;0;1;4;2;-12,75511408;-39,80005533;"SPRF-BA";"DEL03-BA";"UOP02-DEL03-BA"
112236;2018-02-19;"segunda-feira";"02:20:00";"MG";381;844,5;"SAO SEBASTIAO DA BELA VISTA";"Falta de Atenção à Condução";"Colisão lateral";"Com Vítimas Feridas";"Plena Noite";"Crescente";"Nublado";"Dupla";"Reta";"Não";56;0;1;0;54;2;1;4;-22,19870122;-45,85470202;"SPRF-MG";"DEL16-MG";"UOP01-DEL16-MG"
112241;2018-02-19;"segunda-feira";"04:10:00";"PE";101;74;"RECIFE";"Falta de Atenção à Condução";"Tombamento";"Com Vítimas Feridas";"Plena Noite";"Crescente";"Céu Claro";"Dupla";"Curva";"Não";2;0;1;0;0;1;1;2;-8,1107;-34,9462;"SPRF-PE";"DEL01-PE";"UOP01-DEL01-PE"
112243;2018-02-19;"segunda-feira";"02:30:00";"TO";226;25;"PALMEIRAS DO TOCANTINS";"Falta de Atenção à Condução";"Tombamento";"Sem Vítimas";"Plena Noite";"Crescente";"Nublado";"Simples";"Reta";"Não";2;0;0;0;1;1;0;2;-6,638903;-47,658455;"SPRF-TO";"DEL02-TO";"UOP03-DEL02-TO"
112245;2018-02-19;"segunda-feira";"04:40:00";"RS";116;384,6;"TAPES";"Falta de Atenção à Condução";"Saída de leito carroçável";"Com Vítimas Fatais";"Plena Noite";"Decrescente";"Céu Claro";"Simples";"Reta";"Não";1;1;0;0;0;0;0;1;-30,6095498;-51,54373169;"SPRF-RS";"DEL02-RS";"UOP03-DEL02-RS"
112247;2018-02-19;"segunda-feira";"04:30:00";"MG";262;520,6;"LUZ";"Velocidade Incompatível";"Colisão traseira";"Com Vítimas Feridas";"Plena Noite";"Crescente";"Nublado";"Simples";"Reta";"Não";3;0;1;0;1;2;1;4;-19,801857;-45,68594;"SPRF-MG";"DEL08-MG";"UOP03-DEL08-MG"
112248;2018-02-19;"segunda-feira";"05:15:00";"PI";343;327;"TERESINA";"Restrição de Visibilidade";"Tombamento";"Com Vítimas Feridas";"Amanhecer";"Crescente";"Nevoeiro/Neblina";"Simples";"Curva";"Não";3;0;2;1;0;0;3;1;-5,071425;-42,625938;"SPRF-PI";"DEL01-PI";"UOP01-DEL01-PI"
112253;2018-02-19;"segunda-feira";"05:20:00";"RS";101;62,6;"MAQUINE";"Não guardar distância de segurança";"Colisão traseira";"Com Vítimas Feridas";"Plena Noite";"Decrescente";"Céu Claro";"Múltipla";"Reta";"Sim";3;0;1;0;2;0;1;2;-29,69472034;-50,16401112;"SPRF-RS";"DEL03-RS";"UOP01-DEL03-RS"
112269;2018-02-19;"segunda-feira";"05:30:00";"RJ";116;224;"PIRAI";"Defeito Mecânico no Veículo";"Colisão lateral";"Sem Vítimas";"Amanhecer";"Decrescente";"Céu Claro";"Dupla";"Curva";"Não";4;0;0;0;3;1;0;4;-22,68118293;-43,82858276;"SPRF-RJ";"DEL07-RJ";"UOP01-DEL07-RJ"
112270;2018-02-19;"segunda-feira";"07:23:00";"SP";116;294;"ITAPECERICA DA SERRA";"Falta de Atenção à Condução";"Colisão traseira";"Com Vítimas Feridas";"Amanhecer";"Crescente";"Céu Claro";"Dupla";"Reta";"Sim";2;0;1;0;1;0;1;2;-23,71776282;-46,88183784;"SPRF-SP";"DEL04-SP";"UOP01-DEL04-SP"
112273;2018-02-19;"segunda-feira";"07:50:00";"MG";365;372,6;"PATOS DE MINAS";"Pista Escorregadia";"Colisão frontal";"Com Vítimas Fatais";"Pleno dia";"Crescente";"Chuva";"Simples";"Reta";"Não";2;1;1;0;0;0;1;2;-18,54616;-46,207702;"SPRF-MG";"DEL10-MG";"UOP01-DEL10-MG"
112275;2018-02-19;"segunda-feira";"07:10:00";"RS";386;168,5;"CARAZINHO";"Falta de Atenção à Condução";"Saída de leito carroçável";"Com Vítimas Feridas";"Pleno dia";"Crescente";"Chuva";"Simples";"Reta";"Não";1;0;1;0;0;0;1;1;-28,22614967;-52,81870915;"SPRF-RS";"DEL08-RS";"UOP01-DEL08-RS"
112279;2018-02-15;"quinta-feira";"18:45:00";"PB";101;83,7;"BAYEUX";"Velocidade Incompatível";"Colisão traseira";"Com Vítimas Feridas";"Plena Noite";"Decrescente";"Nublado";"Dupla";"Reta";"Sim";3;0;1;0;1;1;1;3;-7,137928;-34,924718;"SPRF-PB";"DEL01-PB";"UOP01-DEL01-PB"
112286;2018-02-19;"segunda-feira";"06:31:00";"MT";70;222;"GENERAL CARNEIRO";"Falta de Atenção à Condução";"Tombamento";"Sem Vítimas";"Pleno dia";"Decrescente";"Céu Claro";"Simples";"Reta";"Não";2;0;0;0;1;2;0;3;-15,660037;-53,869675;"SPRF-MT";"DEL05-MT";"UOP01-DEL05-MT"
112292;2018-02-19;"segunda-feira";"09:10:00";"PR";153;89,3;"CONSELHEIRO MAIRINCK";"Condutor Dormindo";"Colisão transversal";"Com Vítimas Feridas";"Pleno dia";"Decrescente";"Céu Claro";"Simples";"Curva";"Não";3;0;2;0;0;1;2;3;-23,630192;-50,169033;"SPRF-PR";"DEL07-PR";"DEL7/7-UOP08/PR"
112294;2018-02-19;"segunda-feira";"09:45:00";"PR";277;118;"CAMPO LARGO";"Falta de Atenção à Condução";"Capotamento";"Com Vítimas Feridas";"Pleno dia";"Crescente";"Céu Claro";"Dupla";"Reta";"Sim";3;0;0;1;2;0;1;2;-25,43514589;-49,53253442;"SPRF-PR";"DEL01-PR";"UOP06-DEL01-PR"
112295;2018-02-19;"segunda-feira";"10:00:00";"MG";381;668,4;"PERDOES";"Não guardar distância de segurança";"Colisão lateral";"Com Vítimas Feridas";"Pleno dia";"Crescente";"Nublado";"Dupla";"Reta";"Não";7;0;4;0;2;2;4;5;-21,0548003;-45,03020295;"SPRF-MG";"DEL04-MG";"UOP02-DEL04-MG"
112298;2018-02-19;"segunda-feira";"10:00:00";"PE";101;79;"JABOATAO DOS GUARARAPES";"Ultrapassagem Indevida";"Colisão frontal";"Com Vítimas Feridas";"Pleno dia";"Decrescente";"Nublado";"Dupla";"Reta";"Sim";5;0;0;2;2;1;2;4;-8,1533;-34,9421;"SPRF-PE";"DEL01-PE";"UOP01-DEL01-PE"
112300;2018-02-19;"segunda-feira";"09:00:00";"MS";463;33;"PONTA PORA";"Falta de Atenção à Condução";"Saída de leito carroçável";"Com Vítimas Feridas";"Pleno dia";"Crescente";"Nublado";"Simples";"Rotatória";"Não";2;0;1;0;0;1;1;2;-22,300425;-55,095078;"SPRF-MS";"DEL04-MS";"UOP03-DEL04-MS"
112301;2018-02-19;"segunda-feira";"09:00:00";"RJ";116;238;"PIRAI";"Falta de Atenção à Condução";"Colisão traseira";"Sem Vítimas";"Pleno dia";"Decrescente";"Céu Claro";"Dupla";"Reta";"Não";3;0;0;0;3;0;0;3;-22,664669;-43,883373;"SPRF-RJ";"DEL07-RJ";"UOP01-DEL07-RJ"
112304;2018-02-19;"segunda-feira";"10:20:00";"PR";116;32,5;"CAMPINA GRANDE DO SUL";"Velocidade Incompatível";"Tombamento";"Com Vítimas Feridas";"Pleno dia";"Decrescente";"Nublado";"Dupla";"Curva";"Não";2;0;1;0;0;1;1;2;-25,10552056;-48,844696;"SPRF-PR";"DEL01-PR";"UOP02-DEL01-PR"
112306;2018-02-19;"segunda-feira";"10:30:00";"SC";101;115;"ITAJAI";"Falta de Atenção à Condução";"Tombamento";"Sem Vítimas";"Pleno dia";"Crescente";"Nublado";"Múltipla";"Reta";"Não";3;0;0;0;2;2;0;4;-26,8793;-48,7258;"SPRF-SC";"DEL04-SC";"UOP04-DEL04-SC"
112309;2018-02-19;"segunda-feira";"05:30:00";"MG";365;662;"MONTE ALEGRE DE MINAS";"Falta de Atenção à Condução";"Saída de leito carroçável";"Com Vítimas Feridas";"Plena Noite";"Crescente";"Ignorado";"Dupla";"Retorno Regulamentado";"Não";1;0;1;0;0;0;1;1;-18,85171113;-48,82873535;"SPRF-MG";"DEL15-MG";"UOP01-DEL15-MG"
112324;2018-02-19;"segunda-feira";"11:10:00";"MS";163;452;"CAMPO GRANDE";"Pista Escorregadia";"Tombamento";"Com Vítimas Feridas";"Pleno dia";"Decrescente";"Chuva";"Simples";"Declive";"Não";2;0;1;0;0;2;1;3;-20,6834183;-54,559592;"SPRF-MS";"DEL01-MS";"UOP01-DEL01-MS"
112329;2018-02-19;"segunda-feira";"11:45:00";"MT";364;382;"SANTO ANTONIO DO LEVERGER";"Não guardar distância de segurança";"Colisão traseira";"Com Vítimas Feridas";"Pleno dia";"Crescente";"Nublado";"Simples";"Reta";"Não";5;0;1;0;3;5;1;9;-15,70298;-55,782345;"SPRF-MT";"DEL02-MT";"UOP02-DEL01-MT"
112336;2018-02-19;"segunda-feira";"13:20:00";"GO";452;68;"MAURILANDIA";"Não guardar distância de segurança";"Saída de leito carroçável";"Com Vítimas Feridas";"Pleno dia";"Crescente";"Céu Claro";"Simples";"Reta";"Não";2;0;1;0;0;2;1;3;-18,027122;-50,320889;"SPRF-GO";"DEL04-GO";"UOP01-DEL04-GO"
112337;2018-02-19;"segunda-feira";"13:00:00";"GO";452;87,2;"MAURILANDIA";"Ultrapassagem Indevida";"Colisão lateral";"Com Vítimas Fatais";"Pleno dia";"Decrescente";"Céu Claro";"Simples";"Reta";"Não";3;1;0;1;0;1;1;2;-18,06854549;-50,15066595;"SPRF-GO";"DEL03-GO";"UOP02-DEL03-GO"
112342;2018-02-19;"segunda-feira";"13:20:00";"SP";381;49;"MAIRIPORA";"Falta de Atenção à Condução";"Colisão traseira";"Com Vítimas Feridas";"Pleno dia";"Crescente";"Nublado";"Dupla";"Reta";"Não";2;0;0;1;1;0;1;2;-23,208024;-46,59171;"SPRF-SP";"DEL03-SP";"UOP01-DEL03-SP"
112343;2018-02-19;"segunda-feira";"13:40:00";"CE";222;297;"TIANGUA";"Falta de Atenção à Condução";"Colisão frontal";"Com Vítimas Fatais";"Pleno dia";"Crescente";"Nublado";"Simples";"Curva";"Não";4;2;0;0;1;1;0;3;-3,658263;-40,92482;"SPRF-CE";"DEL04-CE";"UOP02-DEL04-CE"
112346;2018-02-19;"segunda-feira";"09:19:00";"MG";50;197;"UBERABA";"Falta de Atenção à Condução";"Colisão com objeto estático";"Sem Vítimas";"Pleno dia";"Crescente";"Céu Claro";"Dupla";"Reta";"Não";2;0;0;0;0;2;0;2;-19,9146;-47,8299;"SPRF-MG";"DEL13-MG";"UOP01-DEL13-MG"
112347;2018-02-19;"segunda-feira";"13:40:00";"PR";277;4,5;"PARANAGUA";"Não guardar distância de segurança";"Engavetamento";"Sem Vítimas";"Pleno dia";"Crescente";"Céu Claro";"Dupla";"Interseção de Vias";"Sim";4;0;0;0;3;2;0;5;-25,5205;-48,5095;"SPRF-PR";"DEL01-PR";"UOP05-DEL01-PR"
112349;2018-02-19;"segunda-feira";"13:20:00";"GO";70;152,6;"JARAGUA";"Ingestão de Álcool";"Colisão transversal";"Com Vítimas Feridas";"Pleno dia";"Decrescente";"Céu Claro";"Simples";"Reta";"Não";2;0;0;1;1;0;1;2;-15,895278;-49,501085;"SPRF-GO";"DEL02-GO";"UOP02-DEL02-GO"
112350;2018-02-19;"segunda-feira";"13:15:00";"RJ";116;95,3;"GUAPIMIRIM";"Falta de Atenção à Condução";"Colisão lateral";"Com Vítimas Feridas";"Pleno dia";"Crescente";"Ignorado";"Dupla";"Curva";"Não";2;0;0;1;1;0;1;2;-22,47068549;-42,9977417;"SPRF-RJ";"DEL04-RJ";"UOP02-DEL04-RJ"
112355;2018-02-19;"segunda-feira";"13:30:00";"RS";153;627,8;"HULHA NEGRA";"Desobediência às normas de trânsito pelo condutor";"Colisão transversal";"Com Vítimas Feridas";"Pleno dia";"Crescente";"Céu Claro";"Simples";"Interseção de Vias";"Não";3;0;2;0;1;0;2;2;-31,32665977;-53,97720337;"SPRF-RS";"DEL11-RS";"UOP03-DEL11-RS"
112360;2018-02-19;"segunda-feira";"14:30:00";"RS";158;230,2;"TUPANCIRETA";"Desobediência às normas de trânsito pelo condutor";"Colisão frontal";"Sem Vítimas";"Pleno dia";"Decrescente";"Nublado";"Simples";"Declive;Reta";"Não";2;0;0;0;2;0;0;2;-28,94401511;-53,64729275;"SPRF-RS";"DEL10-RS";"UOP02-DEL10-RS"
112362;2018-02-19;"segunda-feira";"14:40:00";"SC";470;180,8;"POUSO REDONDO";"Falta de Atenção à Condução";"Tombamento";"Com Vítimas Feridas";"Pleno dia";"Crescente";"Chuva";"Simples";"Curva";"Não";1;0;1;0;0;0;1;1;-27,25135662;-49,99486116;"SPRF-SC";"DEL04-SC";"UOP02-DEL04-SC"
112365;2018-02-19;"segunda-feira";"13:20:00";"MG";262;46,9;"MANHUACU";"Carga excessiva e/ou mal acondicionada";"Tombamento";"Com Vítimas Feridas";"Pleno dia";"Crescente";"Nublado";"Simples";"Curva";"Não";2;0;1;0;1;0;1;1;-20,25671243;-42,11213562;"SPRF-MG";"DEL06-MG";"UOP03-DEL06-MG"
112373;2018-02-19;"segunda-feira";"14:20:00";"MG";40;737,7;"SANTOS DUMONT";"Defeito Mecânico no Veículo";"Colisão com objeto estático";"Com Vítimas Feridas";"Pleno dia";"Decrescente";"Nublado";"Simples";"Curva";"Não";1;0;1;0;0;0;1;1;-21,40157504;-43,56588147;"SPRF-MG";"DEL05-MG";"UOP01-DEL05-MG"
112376;2018-02-19;"segunda-feira";"14:10:00";"PR";163;158,9;"SANTA LUCIA";"Velocidade Incompatível";"Saída de leito carroçável";"Sem Vítimas";"Pleno dia";"Decrescente";"Chuva";"Simples";"Reta";"Não";1;0;0;0;1;0;0;1;-25,34775978;-53,58595296;"SPRF-PR";"DEL04-PR";"UOP05-DEL05-PR"
112381;2018-02-19;"segunda-feira";"12:50:00";"MG";262;655;"IBIA";"Falta de Atenção à Condução";"Danos eventuais";"Com Vítimas Feridas";"Pleno dia";"Crescente";"Céu Claro";"Simples";"Reta";"Não";1;0;1;0;0;0;1;1;-19,578;-46,694;"SPRF-MG";"DEL08-MG";"UOP01-DEL08-MG"
112386;2018-02-19;"segunda-feira";"14:45:00";"RO";364;64;"VILHENA";"Pista Escorregadia";"Colisão lateral";"Com Vítimas Feridas";"Pleno dia";"Crescente";"Chuva";"Simples";"Declive";"Não";3;0;0;1;1;3;1;5;-12,53817501;-60,37600998;"SPRF-RO";"DEL04-RO";"DEL21/4-UOP03/RO"
112388;2018-02-19;"segunda-feira";"16:00:00";"BA";242;731;"CRISTOPOLIS";"Defeito Mecânico no Veículo";"Tombamento";"Sem Vítimas";"Pleno dia";"Decrescente";"Céu Claro";"Simples";"Reta";"Não";2;0;0;0;1;3;0;4;-12,201569;-44,478785;"SPRF-BA";"DEL10-BA";"UOP01-DEL10-BA"
112396;2018-02-19;"segunda-feira";"16:35:00";"RS";285;293,4;"PASSO FUNDO";"Não guardar distância de segurança";"Colisão traseira";"Com Vítimas Feridas";"Pleno dia";"Decrescente";"Chuva";"Simples";"Curva";"Não";2;0;1;0;1;0;1;2;-28,23049121;-52,39775685;"SPRF-RS";"DEL08-RS";"UOP03-DEL08-RS"
112398;2018-02-19;"segunda-feira";"17:10:00";"GO";153;505,8;"APARECIDA DE GOIANIA";"Falta de Atenção à Condução";"Colisão traseira";"Com Vítimas Feridas";"Pleno dia";"Crescente";"Nublado";"Múltipla";"Reta";"Sim";3;0;1;0;1;2;1;4;-16,74682284;-49,2408601;"SPRF-GO";"DEL01-GO";"UOP01-DEL01-GO"
112401;2018-02-19;"segunda-feira";"17:00:00";"GO";153;514;"APARECIDA DE GOIANIA";"Falta de Atenção à Condução";"Colisão traseira";"Sem Vítimas";"Pleno dia";"Crescente";"Céu Claro";"Dupla";"Retorno Regulamentado";"Sim";3;0;0;0;3;0;0;3;-16,84134761;-49,24278259;"SPRF-GO";"DEL01-GO";"UOP03-DEL01-GO"
112403;2018-02-19;"segunda-feira";"17:10:00";"MG";40;632,5;"CONSELHEIRO LAFAIETE";"Falta de Atenção à Condução";"Colisão lateral";"Com Vítimas Feridas";"Pleno dia";"Crescente";"Chuva";"Simples";"Reta";"Sim";3;0;1;0;2;0;1;2;-20,68129302;-43,79437387;"SPRF-MG";"DEL05-MG";"UOP02-DEL05-MG"
112405;2018-02-19;"segunda-feira";"17:20:00";"GO";153;521;"HIDROLANDIA";"Falta de Atenção à Condução";"Colisão traseira";"Com Vítimas Feridas";"Pleno dia";"Decrescente";"Sol";"Dupla";"Reta";"Sim";3;0;1;0;1;1;1;3;-16,88417858;-49,25341219;"SPRF-GO";"DEL01-GO";"UOP03-DEL01-GO"
112406;2018-02-19;"segunda-feira";"11:45:00";"SC";153;43;"VARGEM BONITA";"Velocidade Incompatível";"Colisão frontal";"Com Vítimas Fatais";"Pleno dia";"Decrescente";"Chuva";"Simples";"Curva;Aclive";"Não";2;1;0;0;1;0;0;2;-26,868542;-51,748859;"SPRF-SC";"DEL07-SC";"UOP07-DEL07-SC"
112411;2018-02-19;"segunda-feira";"17:30:00";"PE";104;16;"TAQUARITINGA DO NORTE";"Pista Escorregadia";"Saída de leito carroçável";"Com Vítimas Feridas";"Anoitecer";"Crescente";"Chuva";"Simples";"Curva";"Não";1;0;0;1;0;0;1;1;-7,923709;-36,116184;"SPRF-PE";"DEL02-PE";"UOP01-DEL02-PE"
112412;2018-02-19;"segunda-feira";"11:00:00";"SC";282;413,4;"CATANDUVAS";"Falta de Atenção à Condução";"Tombamento";"Com Vítimas Feridas";"Pleno dia";"Decrescente";"Nublado";"Simples";"Curva;Aclive";"Não";1;0;1;0;0;0;1;1;-27,05071316;-51,70030771;"SPRF-SC";"DEL07-SC";"UOP05-DEL07-SC"
112418;2018-02-19;"segunda-feira";"17:00:00";"MG";381;563;"ITAGUARA";"Carga excessiva e/ou mal acondicionada";"Derramamento de carga";"Sem Vítimas";"Pleno dia";"Decrescente";"Céu Claro";"Dupla";"Curva";"Sim";2;0;0;0;1;1;0;2;-20,3877;-44,491;"SPRF-MG";"DEL04-MG";"UOP03-DEL04-MG"
112419;2018-02-19;"segunda-feira";"17:20:00";"MT";163;943;"ITAUBA";"Ultrapassagem Indevida";"Saída de leito carroçável";"Sem Vítimas";"Pleno dia";"Crescente";"Nublado";"Simples";"Reta";"Não";2;0;0;0;1;2;0;3;-11,0618;-55,2773;"SPRF-MT";"DEL06-MT";"UOP02-DEL06-MT"
112426;2018-02-19;"segunda-feira";"17:50:00";"MA";135;5,7;"SAO LUIS";"Pista Escorregadia";"Colisão transversal";"Sem Vítimas";"Pleno dia";"Crescente";"Chuva";"Dupla";"Reta";"Sim";3;0;0;0;2;2;0;4;-2,62663045;-44,26185516;"SPRF-MA";"DEL01-MA";"UOP01-DEL01-MA"
112431;2018-02-19;"segunda-feira";"15:30:00";"SC";470;191,1;"POUSO REDONDO";"Velocidade Incompatível";"Colisão lateral";"Com Vítimas Feridas";"Pleno dia";"Decrescente";"Nublado";"Simples";"Curva";"Não";3;0;1;0;1;3;1;5;-27,28293393;-50,07414937;"SPRF-SC";"DEL04-SC";"UOP02-DEL04-SC"
112432;2018-02-19;"segunda-feira";"19:00:00";"BA";101;841;"VEREDA";"Falta de Atenção à Condução";"Capotamento";"Com Vítimas Feridas";"Plena Noite";"Decrescente";"Céu Claro";"Simples";"Curva";"Não";5;0;0;5;0;0;5;1;-17,2503;-39,6256;"SPRF-BA";"DEL09-BA";"UOP02-DEL09-BA"
112435;2018-02-19;"segunda-feira";"19:15:00";"SC";101;40,2;"JOINVILLE";"Restrição de Visibilidade";"Colisão frontal";"Com Vítimas Feridas";"Plena Noite";"Crescente";"Garoa/Chuvisco";"Simples";"Aclive";"Sim";2;0;1;0;1;0;1;2;-26,31520202;-48,87423864;"SPRF-SC";"DEL03-SC";"UOP01-DEL03-SC"
112444;2018-02-19;"segunda-feira";"15:20:00";"BA";101;575;"CAMACAN";"Desobediência às normas de trânsito pelo condutor";"Colisão frontal";"Com Vítimas Fatais";"Pleno dia";"Decrescente";"Chuva";"Simples";"Curva";"Não";2;1;0;0;1;0;0;2;-15,3071;-39,4948;"SPRF-BA";"DEL05-BA";"UOP02-DEL05-BA"
112446;2018-02-19;"segunda-feira";"17:15:00";"MG";153;91,5;"PRATA";"Condutor Dormindo";"Tombamento";"Com Vítimas Feridas";"Pleno dia";"Crescente";"Céu Claro";"Simples";"Reta";"Não";2;0;1;0;0;1;1;2;-19,2984;-48,9145;"SPRF-MG";"DEL15-MG";"UOP03-DEL15-MG"
112451;2018-02-19;"segunda-feira";"20:50:00";"RJ";116;310,4;"ITATIAIA";"Falta de Atenção à Condução";"Atropelamento de Pedestre";"Com Vítimas Feridas";"Plena Noite";"Decrescente";"Nublado";"Simples";"Reta";"Não";2;0;0;1;0;1;1;2;-22,45950868;-44,43813904;"SPRF-RJ";"DEL07-RJ";"DEL5/7-UOP03/RJ"
112454;2018-02-19;"segunda-feira";"21:10:00";"RJ";40;103;"DUQUE DE CAXIAS";"Condutor Dormindo";"Colisão traseira";"Com Vítimas Feridas";"Plena Noite";"Decrescente";"Nublado";"Dupla";"Reta";"Sim";4;0;2;0;1;1;2;3;-22,6289;-43,2855;"SPRF-RJ";"DEL01-RJ";"UOP01-DEL01-RJ"
112468;2018-02-19;"segunda-feira";"23:50:00";"MG";381;540,3;"ITATIAIUCU";"Velocidade Incompatível";"Colisão transversal";"Com Vítimas Feridas";"Plena Noite";"Decrescente";"Chuva";"Dupla";"Declive;Curva";"Não";5;0;3;1;1;0;4;2;-20,23514029;-44,40100908;"SPRF-MG";"DEL04-MG";"UOP03-DEL04-MG"
112471;2018-02-20;"terça-feira";"01:45:00";"PR";376;422,1;"TIBAGI";"Ingestão de Álcool";"Colisão com objeto estático";"Sem Vítimas";"Plena Noite";"Decrescente";"Garoa/Chuvisco";"Simples";"Curva";"Não";4;0;0;0;3;1;0;4;-24,69639811;-50,58280885;"SPRF-PR";"DEL03-PR";"UOP02-DEL03-PR"
112472;2018-02-19;"segunda-feira";"20:30:00";"RO";364;499;"ARIQUEMES";"Defeito na Via";"Colisão frontal";"Com Vítimas Feridas";"Plena Noite";"Crescente";"Nublado";"Simples";"Curva";"Não";4;0;2;0;1;1;2;3;-10,037506;-62,976601;"SPRF-RO";"DEL03-RO";"UOP01-DEL03-RO"
112480;2018-02-20;"terça-feira";"04:50:00";"AL";423;87;"DELMIRO GOUVEIA";"Animais na Pista";"Atropelamento de Animal";"Sem Vítimas";"Amanhecer";"Decrescente";"Céu Claro";"Simples";"Reta";"Não";4;0;0;0;4;0;0;2;-9,35015763;-38,04496765;"SPRF-BA";"DEL07-BA";"UOP01-DEL07-BA"
112483;2018-02-20;"terça-feira";"06:00:00";"ES";101;400;"ITAPEMIRIM";"Não guardar distância de segurança";"Colisão traseira";"Com Vítimas Feridas";"Pleno dia";"Decrescente";"Céu Claro";"Simples";"Reta";"Não";2;0;1;0;0;1;1;2;-20,87549359;-40,95703125;"SPRF-ES";"DEL03-ES";"UOP02-DEL03-ES"