"id";"data_inversa";"dia_semana";"horario";"uf";"br";"km";"municipio";"causa_acidente";"tipo_acidente";"classificacao_acidente";"fase_dia";"sentido_via";"condicao_metereologica";"tipo_pista";"tracado_via";"uso_solo";"pessoas";"mortos";"feridos_leves";"feridos_graves";"ilesos";"ignorados";"feridos";"veiculos";"latitude";"longitude";"regional";"delegacia";"uop"
112486;2018-02-20;"terça-feira";"06:20:00";"SC";282;384;"JOACABA";"Falta de Atenção à Condução";"Tombamento";"Sem Vítimas";"Pleno dia";"Crescente";"Céu Claro";"Simples";"Rotatória";"Não";1;0;0;0;1;0;0;1;-27,20316167;-51,5104267;"SPRF-SC";"DEL07-SC";"UOP05-DEL07-SC"
112489;2018-02-20;"terça-feira";"07:00:00";"BA";242;658;"MUQUEM DE SAO FRANCISCO";"Falta de Atenção à Condução";"Saída de leito carroçável";"Sem Vítimas";"Pleno dia";"Decrescente";"Chuva";"Simples";"Declive;Curva";"Não";2;0;0;0;1;2;0;3;-12,065;-43,5425;"SPRF-BA";"DEL10-BA";"UOP03-DEL06-BA"
112492;2018-02-20;"terça-feira";"07:20:00";"PR";163;265;"TOLEDO";"Falta de Atenção à Condução";"Colisão transversal";"Com Vítimas Feridas";"Amanhecer";"Decrescente";"Céu Claro";"Simples";"Interseção de Vias";"Não";3;0;1;0;1;1;1;3;-24,654506;-53,83163452;"SPRF-PR";"DEL06-PR";"UOP02-DEL06-PR"
112504;2018-02-20;"terça-feira";"04:00:00";"BA";101;403;"IBIRAPITANGA";"Velocidade Incompatível";"Tombamento";"Com Vítimas Feridas";"Plena Noite";"Crescente";"Céu Claro";"Simples";"Curva";"Não";1;0;1;0;0;0;1;1;-14,0139;-39,4361;"SPRF-BA";"DEL05-BA";"UOP03-DEL05-BA"
112505;2018-01-03;"quarta-feira";"20:40:00";"PR";376;411,7;"TIBAGI";"Velocidade Incompatível";"Colisão traseira";"Com Vítimas Feridas";"Plena Noite";"Decrescente";"Nublado";"Simples";"Reta";"Não";3;0;1;0;1;4;1;6;-24,63257852;-50,63849419;"SPRF-PR";"DEL03-PR";"UOP02-DEL03-PR"
112511;2018-02-20;"terça-feira";"07:55:00";"RS";285;550,9;"SAO LUIZ GONZAGA";"Falta de Atenção à Condução";"Colisão lateral";"Sem Vítimas";"Pleno dia";"Crescente";"Nublado";"Simples";"Aclive";"Não";4;0;0;0;1;3;0;4;-28,41724098;-54,80263959;"SPRF-RS";"DEL10-RS";"UOP01-DEL10-RS"
112516;2018-02-20;"terça-feira";"09:20:00";"SC";101;350;"JAGUARUNA";"Falta de Atenção à Condução";"Colisão lateral";"Sem Vítimas";"Pleno dia";"Crescente";"Nublado";"Dupla";"Reta";"Sim";3;0;0;0;2;1;0;3;-28,58753644;-49,04676676;"SPRF-SC";"DEL02-SC";"UOP01-DEL02-SC"
112520;2018-02-20;"terça-feira";"09:45:00";"ES";101;391;"RIO NOVO DO SUL";"Ultrapassagem Indevida";"Colisão frontal";"Com Vítimas Fatais";"Pleno dia";"Crescente";"Sol";"Simples";"Reta";"Não";4;1;0;1;1;1;1;3;-20,862984;-40,93674;"SPRF-ES";"DEL03-ES";"UOP02-DEL03-ES"
112521;2018-02-20;"terça-feira";"09:15:00";"MG";40;461,3;"SETE LAGOAS";"Carga excessiva e/ou mal acondicionada";"Tombamento";"Sem Vítimas";"Pleno dia";"Crescente";"Chuva";"Dupla";"Curva";"Não";1;0;0;0;1;0;0;1;-19,41327462;-44,33834195;"SPRF-MG";"DEL02-MG";"UOP01-DEL02-MG"
112525;2018-02-20;"terça-feira";"07:00:00";"RS";470;330;"TRIUNFO";"Desobediência às normas de trânsito pelo condutor";"Colisão transversal";"Com Vítimas Feridas";"Pleno dia";"Crescente";"Nublado";"Simples";"Declive;Curva";"Não";5;0;3;0;1;1;3;3;-29,89236541;-51,70828343;"SPRF-RS";"DEL04-RS";"UOP02-DEL04-RS"
112529;2018-02-20;"terça-feira";"06:30:00";"MG";40;455,3;"CAETANOPOLIS";"Velocidade Incompatível";"Saída de leito carroçável";"Sem Vítimas";"Pleno dia";"Decrescente";"Chuva";"Dupla";"Reta";"Não";1;0;0;0;0;1;0;1;-19,3706;-44,3361;"SPRF-MG";"DEL02-MG";"UOP01-DEL02-MG"
112540;2018-02-20;"terça-feira";"11:00:00";"CE";222;301,9;"TIANGUA";"Falta de Atenção à Condução";"Tombamento";"Com Vítimas Feridas";"Pleno dia";"Decrescente";"Céu Claro";"Simples";"Curva";"Não";2;0;1;0;0;1;1;2;-3,66307861;-40,94924212;"SPRF-CE";"DEL04-CE";"UOP02-DEL04-CE"
112543;2018-02-20;"terça-feira";"11:30:00";"RJ";40;121;"DUQUE DE CAXIAS";"Falta de Atenção à Condução";"Colisão lateral";"Com Vítimas Feridas";"Pleno dia";"Crescente";"Céu Claro";"Múltipla";"Interseção de Vias";"Sim";2;0;1;0;1;0;1;2;-22,80530117;-43,28887939;"SPRF-RJ";"DEL01-RJ";"UOP01-DEL01-RJ"
112544;2018-02-20;"terça-feira";"11:15:00";"PI";343;344,7;"TERESINA";"Não guardar distância de segurança";"Engavetamento";"Com Vítimas Feridas";"Pleno dia";"Decrescente";"Garoa/Chuvisco";"Múltipla";"Reta";"Sim";7;0;3;0;3;2;3;7;-5,099217;-42,764908;"SPRF-PI";"DEL01-PI";"UOP01-DEL01-PI"
112546;2018-02-20;"terça-feira";"10:50:00";"PR";476;118;"COLOMBO";"Falta de Atenção à Condução";"Colisão traseira";"Com Vítimas Feridas";"Pleno dia";"Crescente";"Céu Claro";"Múltipla";"Interseção de Vias";"Sim";4;0;2;0;1;1;2;4;-25,35634;-49,180828;"SPRF-PR";"DEL01-PR";"UOP01-DEL01-PR"
112549;2018-02-20;"terça-feira";"10:00:00";"RJ";101;295,4;"ITABORAI";"Falta de Atenção à Condução";"Atropelamento de Pedestre";"Com Vítimas Feridas";"Pleno dia";"Crescente";"Sol";"Dupla";"Reta";"Sim";2;0;0;1;1;0;1;2;-22,76548172;-42,90484003;"SPRF-RJ";"DEL02-RJ";"DEL5/2-UOP04/RJ"
112553;2018-02-20;"terça-feira";"11:50:00";"RN";101;153;"GOIANINHA";"Falta de Atenção à Condução";"Colisão traseira";"Com Vítimas Fatais";"Pleno dia";"Crescente";"Céu Claro";"Dupla";"Reta";"Não";2;1;0;0;1;0;0;2;-6,308154;-35,188699;"SPRF-RN";"DEL01-RN";"UOP01-DEL01-RN"
112555;2018-02-20;"terça-feira";"12:20:00";"PE";101;51,7;"PAULISTA";"Desobediência às normas de trânsito pelo condutor";"Colisão traseira";"Sem Vítimas";"Pleno dia";"Decrescente";"Nublado";"Múltipla";"Reta";"Sim";5;0;0;0;4;1;0;5;-7,92010994;-34,89474166;"SPRF-PE";"DEL01-PE";"UOP02-DEL01-PE"
112556;2018-02-20;"terça-feira";"07:00:00";"SC";280;33,1;"ARAQUARI";"Carga excessiva e/ou mal acondicionada";"Derramamento de carga";"Sem Vítimas";"Pleno dia";"Crescente";"Céu Claro";"Simples";"Reta";"Não";2;0;0;0;1;1;0;2;-26,4262349;-48,78825687;"SPRF-SC";"DEL03-SC";"UOP03-DEL03-SC"
112557;2018-02-20;"terça-feira";"12:50:00";"PR";376;415,3;"TIBAGI";"Defeito Mecânico no Veículo";"Saída de leito carroçável";"Com Vítimas Feridas";"Pleno dia";"Crescente";"Chuva";"Simples";"Curva";"Não";2;0;1;0;0;1;1;2;-24,509916;-50,41404;"SPRF-PR";"DEL03-PR";"UOP02-DEL03-PR"
112563;2018-02-20;"terça-feira";"11:50:00";"CE";20;306,6;"CANINDE";"Defeito na Via";"Saída de leito carroçável";"Sem Vítimas";"Pleno dia";"Crescente";"Chuva";"Dupla";"Rotatória";"Sim";2;0;0;0;1;1;0;2;-4,34615928;-39,30743696;"SPRF-CE";"DEL02-CE";"UOP01-DEL02-CE"
112564;2018-02-20;"terça-feira";"10:30:00";"BA";407;129,2;"SENHOR DO BONFIM";"Falta de Atenção à Condução";"Colisão transversal";"Sem Vítimas";"Pleno dia";"Decrescente";"Céu Claro";"Simples";"Interseção de Vias";"Sim";3;0;0;0;3;0;0;2;-10,48042;-40,16754;"SPRF-BA";"DEL04-BA";"UOP01-DEL04-BA"
112566;2018-02-20;"terça-feira";"13:20:00";"PR";376;667;"GUARATUBA";"Defeito Mecânico no Veículo";"Saída de leito carroçável";"Sem Vítimas";"Pleno dia";"Crescente";"Sol";"Dupla";"Curva";"Não";1;0;0;0;1;0;0;1;-25,883259;-48,57514;"SPRF-PR";"DEL01-PR";"DEL7/1-UOP08/PR"
112569;2018-02-20;"terça-feira";"12:10:00";"MT";364;583;"NOBRES";"Falta de Atenção à Condução";"Tombamento";"Com Vítimas Feridas";"Pleno dia";"Decrescente";"Nublado";"Dupla";"Curva";"Não";2;0;1;0;0;1;1;2;-14,58757056;-56,22940063;"SPRF-MT";"DEL01-MT";"UOP01-DEL01-MT"
112571;2018-02-20;"terça-feira";"14:07:00";"MG";40;526;"CONTAGEM";"Não guardar distância de segurança";"Colisão traseira";"Com Vítimas Feridas";"Pleno dia";"Decrescente";"Chuva";"Dupla";"Reta";"Sim";4;0;2;0;2;0;2;2;-19,9054;-44,0476;"SPRF-MG";"DEL01-MG";"UOP03-DEL01-MG"
112572;2018-02-20;"terça-feira";"11:20:00";"MT";364;56;"ALTO GARCAS";"Falta de Atenção à Condução";"Tombamento";"Sem Vítimas";"Pleno dia";"Decrescente";"Nublado";"Simples";"Declive";"Não";2;0;0;0;1;2;0;3;-16,952635;-53,526108;"SPRF-MT";"DEL02-MT";"UOP02-DEL02-MT"
112586;2018-02-20;"terça-feira";"14:30:00";"RS";293;120,8;"PINHEIRO MACHADO";"Falta de Atenção à Condução";"Tombamento";"Sem Vítimas";"Pleno dia";"Decrescente";"Nublado";"Múltipla";"Declive";"Não";2;0;0;0;1;1;0;2;-31,52819164;-53,5077401;"SPRF-RS";"DEL11-RS";"UOP03-DEL11-RS"
112588;2018-02-20;"terça-feira";"14:15:00";"MG";381;525,1;"BRUMADINHO";"Velocidade Incompatível";"Colisão traseira";"Com Vítimas Feridas";"Pleno dia";"Crescente";"Sol";"Dupla";"Curva;Aclive";"Não";5;0;1;0;3;3;1;6;-20,15041059;-44,32515038;"SPRF-MG";"DEL04-MG";"UOP03-DEL04-MG"
112590;2018-02-20;"terça-feira";"15:05:00";"MG";381;524,5;"BRUMADINHO";"Falta de Atenção à Condução";"Colisão traseira";"Com Vítimas Feridas";"Pleno dia";"Crescente";"Chuva";"Dupla";"Reta";"Não";4;0;3;0;0;2;3;4;-20,1408531;-44,31850241;"SPRF-MG";"DEL04-MG";"UOP03-DEL04-MG"
112595;2018-02-20;"terça-feira";"15:30:00";"PI";316;266,5;"IPIRANGA DO PIAUI";"Pista Escorregadia";"Tombamento";"Com Vítimas Feridas";"Pleno dia";"Crescente";"Chuva";"Simples";"Reta";"Não";1;0;1;0;0;0;1;1;-6,82985;-41,7415;"SPRF-PI";"DEL04-PI";"UOP02-DEL04-PI"
112596;2018-02-20;"terça-feira";"16:00:00";"GO";414;416,6;"ANAPOLIS";"Pista Escorregadia";"Colisão frontal";"Com Vítimas Feridas";"Pleno dia";"Decrescente";"Chuva";"Simples";"Aclive";"Não";4;0;1;0;3;0;1;2;-16,3287;-48,9534;"SPRF-GO";"DEL02-GO";"UOP01-DEL02-GO"
112597;2018-02-20;"terça-feira";"15:30:00";"MG";40;820,5;"SIMAO PEREIRA";"Velocidade Incompatível";"Saída de leito carroçável";"Com Vítimas Feridas";"Pleno dia";"Crescente";"Chuva";"Dupla";"Curva";"Não";1;0;1;0;0;0;1;1;-21,95840429;-43,29899885;"SPRF-MG";"DEL05-MG";"UOP01-DEL05-MG"
112598;2018-02-20;"terça-feira";"15:50:00";"MG";146;513;"POCOS DE CALDAS";"Defeito Mecânico no Veículo";"Saída de leito carroçável";"Com Vítimas Feridas";"Pleno dia";"Crescente";"Céu Claro";"Simples";"Curva";"Não";2;0;1;0;1;0;1;2;-21,8045136;-46,4991637;"SPRF-MG";"DEL09-MG";"UOP01-DEL09-MG"
112599;2018-02-20;"terça-feira";"11:40:00";"PI";316;236;"INHUMA";"Animais na Pista";"Saída de leito carroçável";"Sem Vítimas";"Pleno dia";"Crescente";"Nublado";"Simples";"Declive";"Não";2;0;0;0;1;1;0;2;-6,6687455;-41,708115;"SPRF-PI";"DEL04-PI";"UOP02-DEL04-PI"
112613;2018-02-20;"terça-feira";"16:30:00";"RJ";393;216;"VASSOURAS";"Pista Escorregadia";"Colisão lateral";"Sem Vítimas";"Pleno dia";"Decrescente";"Chuva";"Simples";"Curva";"Não";3;0;0;0;2;1;0;3;-22,31458714;-43,52173805;"SPRF-RJ";"DEL05-RJ";"UOP03-DEL05-RJ"
112614;2018-02-20;"terça-feira";"17:45:00";"GO";153;90;"SANTA TEREZA DE GOIAS";"Defeito Mecânico no Veículo";"Saída de leito carroçável";"Com Vítimas Feridas";"Pleno dia";"Decrescente";"Nublado";"Simples";"Reta";"Não";2;0;1;0;0;1;1;2;-13,572134;-49,046021;"SPRF-GO";"DEL07-GO";"UOP01-DEL07-GO"
112615;2018-02-20;"terça-feira";"17:30:00";"RS";116;40;"VACARIA";"Desobediência às normas de trânsito pelo condutor";"Colisão transversal";"Sem Vítimas";"Pleno dia";"Crescente";"Céu Claro";"Simples";"Rotatória";"Sim";3;0;0;0;3;0;0;2;-28,518393;-50,939423;"SPRF-RS";"DEL05-RS";"UOP03-DEL05-RS"
112616;2018-02-20;"terça-feira";"17:55:00";"GO";60;394;"RIO VERDE";"Falta de Atenção à Condução";"Colisão lateral";"Com Vítimas Feridas";"Pleno dia";"Decrescente";"Nublado";"Dupla";"Viaduto";"Não";2;0;1;0;1;0;1;2;-17,823156;-50,997273;"SPRF-GO";"DEL04-GO";"UOP01-DEL04-GO"
112622;2018-02-20;"terça-feira";"11:30:00";"RO";364;464;"ARIQUEMES";"Defeito na Via";"Colisão lateral";"Com Vítimas Feridas";"Pleno dia";"Crescente";"Ignorado";"Simples";"Ponte";"Não";4;0;1;0;1;3;1;5;-10,229249;-62,75489;"SPRF-RO";"DEL03-RO";"UOP01-DEL03-RO"
112626;2018-02-20;"terça-feira";"16:25:00";"SC";470;234,4;"SAO CRISTOVAO DO SUL";"Não guardar distância de segurança";"Colisão traseira";"Sem Vítimas";"Pleno dia";"Decrescente";"Nublado";"Simples";"Rotatória";"Não";2;0;0;0;2;0;0;2;-27,30223169;-50,42449951;"SPRF-SC";"DEL05-SC";"UOP03-DEL05-SC"
112627;2018-02-20;"terça-feira";"16:20:00";"PR";369;387,6;"MAMBORE";"Falta de Atenção à Condução";"Colisão transversal";"Com Vítimas Feridas";"Pleno dia";"Decrescente";"Céu Claro";"Simples";"Interseção de Vias;Curva";"Não";3;0;1;0;1;1;1;3;-24,26929297;-52,51077756;"SPRF-PR";"DEL04-PR";"UOP03-DEL04-PR"
112629;2018-02-20;"terça-feira";"18:45:00";"BA";116;741,7;"POCOES";"Falta de Atenção do Pedestre";"Atropelamento de Pedestre";"Com Vítimas Fatais";"Plena Noite";"Decrescente";"Céu Claro";"Simples";"Aclive";"Não";2;1;0;0;1;0;0;2;-14,406596;-40,354691;"SPRF-BA";"DEL08-BA";"UOP02-DEL08-BA"
112635;2018-02-20;"terça-feira";"18:50:00";"BA";324;580;"CANDEIAS";"Falta de Atenção do Pedestre";"Atropelamento de Pedestre";"Com Vítimas Fatais";"Plena Noite";"Crescente";"Vento";"Dupla";"Reta";"Sim";2;1;0;0;1;0;0;2;-12,58704517;-38,53042603;"SPRF-BA";"DEL01-BA";"UOP01-DEL01-BA"
112637;2018-02-20;"terça-feira";"19:00:00";"MG";40;462,8;"SETE LAGOAS";"Fenômenos da Natureza";"Saída de leito carroçável";"Com Vítimas Feridas";"Plena Noite";"Crescente";"Chuva";"Dupla";"Reta";"Não";2;0;1;0;1;0;1;1;-19,42254381;-44,33847908;"SPRF-MG";"DEL02-MG";"UOP01-DEL02-MG"
112645;2018-02-20;"terça-feira";"15:00:00";"PA";163;620;"TRAIRAO";"Velocidade Incompatível";"Tombamento";"Sem Vítimas";"Pleno dia";"Decrescente";"Garoa/Chuvisco";"Simples";"Curva";"Não";3;0;0;0;1;2;0;3;-4,72060195;-56,0215764;"SPRF-PA";"DEL05-PA";"UOP01-DEL05-PA"
112646;2018-02-20;"terça-feira";"20:05:00";"SC";101;38,5;"JOINVILLE";"Falta de Atenção à Condução";"Colisão com objeto estático";"Sem Vítimas";"Plena Noite";"Crescente";"Céu Claro";"Múltipla";"Reta";"Sim";1;0;0;0;1;0;0;1;-26,29740683;-48,88369876;"SPRF-SC";"DEL03-SC";"UOP01-DEL03-SC"
112649;2018-02-20;"terça-feira";"09:30:00";"RS";0;0;"SANTANA DA BOA VISTA";"Velocidade Incompatível";"Saída de leito carroçável";"Sem Vítimas";"Plena Noite";"Não Informado";"Chuva";"Simples";"Curva";"Não";2;0;0;0;1;1;0;2;-30,82294819;-53,17527652;"SPRF-RS";"DEL09-RS";"UOP02-DEL09-RS"
112651;2018-02-20;"terça-feira";"20:50:00";"SP";116;285,1;"ITAPECERICA DA SERRA";"Falta de Atenção à Condução";"Colisão traseira";"Sem Vítimas";"Plena Noite";"Decrescente";"Nublado";"Dupla";"Reta";"Sim";3;0;0;0;2;1;0;3;-23,68778062;-46,861099;"SPRF-SP";"DEL04-SP";"UOP01-DEL04-SP"
112653;2018-02-20;"terça-feira";"19:45:00";"SC";470;131,9;"LONTRAS";"Falta de Atenção à Condução";"Colisão transversal";"Com Vítimas Feridas";"Plena Noite";"Crescente";"Nublado";"Simples";"Interseção de Vias";"Não";5;0;2;0;3;0;2;2;-27,16044291;-49,55655277;"SPRF-SC";"DEL04-SC";"UOP02-DEL04-SC"
112657;2018-02-20;"terça-feira";"20:00:00";"SC";116;178;"SAO CRISTOVAO DO SUL";"Restrição de Visibilidade";"Colisão traseira";"Sem Vítimas";"Plena Noite";"Crescente";"Céu Claro";"Simples";"Reta";"Não";5;0;0;0;4;1;0;5;-27,2644;-50,4421;"SPRF-SC";"DEL05-SC";"UOP03-DEL05-SC"
112660;2018-02-20;"terça-feira";"19:30:00";"RS";158;96;"PALMEIRA DAS MISSOES";"Falta de Atenção à Condução";"Colisão lateral";"Com Vítimas Feridas";"Plena Noite";"Crescente";"Chuva";"Simples";"Reta";"Não";2;0;1;0;0;1;1;2;-27,864237;-53,332207;"SPRF-RS";"DEL08-RS";"UOP02-DEL08-RS"
112661;2018-02-20;"terça-feira";"21:45:00";"PR";376;635;"SAO JOSE DOS PINHAIS";"Falta de Atenção à Condução";"Colisão lateral";"Sem Vítimas";"Plena Noite";"Crescente";"Nublado";"Dupla";"Reta";"Não";3;0;0;0;2;1;0;3;-25,5307;-49,1958;"SPRF-PR";"DEL01-PR";"DEL7/1-UOP08/PR"
112662;2018-02-20;"terça-feira";"20:00:00";"TO";226;23;"PALMEIRAS DO TOCANTINS";"Defeito na Via";"Tombamento";"Com Vítimas Feridas";"Plena Noite";"Decrescente";"Céu Claro";"Simples";"Reta";"Não";2;0;1;0;0;1;1;2;-6,63551;-47,640892;"SPRF-TO";"DEL02-TO";"UOP03-DEL02-TO"
112666;2018-02-20;"terça-feira";"21:45:00";"MG";365;494,2;"PATROCINIO";"Desobediência às normas de trânsito pelo condutor";"Colisão traseira";"Com Vítimas Feridas";"Plena Noite";"Decrescente";"Céu Claro";"Simples";"Aclive";"Não";4;0;1;0;2;1;1;3;-18,9436;-46,9923;"SPRF-MG";"DEL10-MG";"UOP01-DEL10-MG"
112669;2018-02-20;"terça-feira";"18:20:00";"GO";60;385;"RIO VERDE";"Ingestão de Álcool";"Saída de leito carroçável";"Sem Vítimas";"Pleno dia";"Decrescente";"Céu Claro";"Dupla";"Curva";"Sim";2;0;0;0;1;1;0;2;-17,81184424;-50,92825759;"SPRF-GO";"DEL04-GO";"UOP01-DEL04-GO"
112670;2018-02-20;"terça-feira";"22:20:00";"PE";101;69;"RECIFE";"Falta de Atenção à Condução";"Colisão traseira";"Com Vítimas Feridas";"Plena Noite";"Crescente";"Nublado";"Simples";"Reta";"Não";2;0;1;0;1;0;1;2;-8,0578381;-34,8828969;"SPRF-PE";"DEL01-PE";"UOP01-DEL01-PE"
112671;2018-02-20;"terça-feira";"21:40:00";"SP";116;312;"SAO LOURENCO DA SERRA";"Desobediência às normas de trânsito pelo condutor";"Colisão lateral";"Com Vítimas Feridas";"Plena Noite";"Crescente";"Ignorado";"Dupla";"Reta";"Sim";2;0;0;1;1;0;1;2;-23,8557;-46,9406;"SPRF-SP";"DEL04-SP";"UOP01-DEL04-SP"
112672;2018-02-20;"terça-feira";"20:00:00";"MT";364;183;"PEDRA PRETA";"Ultrapassagem Indevida";"Colisão traseira";"Com Vítimas Feridas";"Plena Noite";"Decrescente";"Garoa/Chuvisco";"Simples";"Reta";"Não";3;0;1;0;1;2;1;4;-16,55884357;-54,56036737;"SPRF-MT";"DEL02-MT";"UOP01-DEL02-MT"
112675;2018-02-20;"terça-feira";"22:30:00";"MG";381;524,6;"BRUMADINHO";"Falta de Atenção à Condução";"Colisão traseira";"Com Vítimas Feridas";"Plena Noite";"Crescente";"Nublado";"Dupla";"Declive;Reta";"Não";4;0;1;0;3;0;1;2;-20,14018389;-44,31798302;"SPRF-MG";"DEL04-MG";"UOP03-DEL04-MG"
112677;2018-02-20;"terça-feira";"23:00:00";"TO";153;244;"COLINAS DO TOCANTINS";"Falta de Atenção à Condução";"Tombamento";"Com Vítimas Feridas";"Plena Noite";"Decrescente";"Céu Claro";"Dupla";"Curva";"Sim";2;0;1;0;1;0;1;1;-8,029835;-48,465752;"SPRF-TO";"DEL02-TO";"UOP01-DEL02-TO"
112680;2018-02-20;"terça-feira";"23:42:00";"MG";381;805;"SAO GONCALO DO SAPUCAI";"Falta de Atenção à Condução";"Colisão com objeto estático";"Sem Vítimas";"Plena Noite";"Crescente";"Garoa/Chuvisco";"Múltipla";"Reta";"Não";1;0;0;0;1;0;0;1;-21,97036998;-45,6308341;"SPRF-MG";"DEL16-MG";"UOP02-DEL16-MG"
112682;2018-02-20;"terça-feira";"22:00:00";"SC";282;82,9;"ALFREDO WAGNER";"Velocidade Incompatível";"Saída de leito carroçável";"Sem Vítimas";"Plena Noite";"Crescente";"Garoa/Chuvisco";"Simples";"Curva";"Não";1;0;0;0;1;0;0;1;-27,66559829;-49,17579063;"SPRF-SC";"DEL01-SC";"UOP03-DEL01-SC"
112684;2018-02-20;"terça-feira";"21:00:00";"MT";70;241,8;"POXOREO";"Velocidade Incompatível";"Tombamento";"Com Vítimas Feridas";"Plena Noite";"Crescente";"Chuva";"Simples";"Curva";"Não";1;0;1;0;0;0;1;1;-15,61518402;-54,04230595;"SPRF-MT";"DEL05-MT";"UOP01-DEL05-MT"
112687;2018-02-21;"quarta-feira";"01:10:00";"ES";101;119,2;"LINHARES";"Velocidade Incompatível";"Colisão traseira";"Com Vítimas Feridas";"Plena Noite";"Decrescente";"Céu Claro";"Simples";"Reta";"Não";3;0;0;1;1;4;1;6;-19,13675557;-40,07146239;"SPRF-ES";"DEL04-ES";"UOP01-DEL04-ES"
112690;2018-02-21;"quarta-feira";"02:00:00";"MG";381;889;"CAMBUI";"Velocidade Incompatível";"Tombamento";"Com Vítimas Feridas";"Plena Noite";"Crescente";"Chuva";"Dupla";"Curva";"Não";1;0;1;0;0;0;1;1;-22,5382;-46,0369;"SPRF-MG";"DEL16-MG";"UOP03-DEL16-MG"
112691;2018-02-21;"quarta-feira";"02:30:00";"MG";381;724;"CARMO DA CACHOEIRA";"Pista Escorregadia";"Saída de leito carroçável";"Sem Vítimas";"Plena Noite";"Decrescente";"Chuva";"Dupla";"Curva";"Não";2;0;0;0;1;1;0;2;-21,464;-45,2058;"SPRF-MG";"DEL04-MG";"UOP02-DEL04-MG"
112695;2018-02-21;"quarta-feira";"03:45:00";"SC";101;379,8;"ICARA";"Condutor Dormindo";"Colisão traseira";"Com Vítimas Feridas";"Plena Noite";"Crescente";"Céu Claro";"Dupla";"Ponte";"Sim";2;0;1;0;1;0;1;2;-28,74672418;-49,26018907;"SPRF-SC";"DEL02-SC";"UOP01-DEL02-SC"
112697;2018-02-21;"quarta-feira";"05:40:00";"MG";365;393,2;"PATOS DE MINAS";"Não guardar distância de segurança";"Colisão traseira";"Com Vítimas Feridas";"Amanhecer";"Crescente";"Céu Claro";"Simples";"Reta";"Não";11;0;2;0;8;2;2;4;-18,579351;-46,51844;"SPRF-MG";"DEL10-MG";"UOP01-DEL10-MG"
112698;2018-02-21;"quarta-feira";"06:35:00";"AL";101;120,4;"PILAR";"Não guardar distância de segurança";"Colisão traseira";"Com Vítimas Feridas";"Pleno dia";"Decrescente";"Céu Claro";"Simples";"Declive";"Não";5;0;1;0;3;1;1;5;-9,70935705;-36,03871155;"SPRF-AL";"DEL02-AL";"UOP01-DEL02-AL"
112699;2018-02-21;"quarta-feira";"01:00:00";"AL";423;36,9;"CANAPI";"Defeito Mecânico no Veículo";"Saída de leito carroçável";"Sem Vítimas";"Plena Noite";"Decrescente";"Céu Claro";"Simples";"Reta";"Não";1;0;0;0;1;0;0;1;-9,224357;-37,609487;"SPRF-AL";"DEL03-AL";"UOP02-DEL03-AL"
112705;2018-02-21;"quarta-feira";"06:40:00";"PR";277;40;"MORRETES";"Defeito Mecânico no Veículo";"Tombamento";"Sem Vítimas";"Pleno dia";"Decrescente";"Céu Claro";"Dupla";"Reta";"Não";2;0;0;0;1;1;0;2;-25,477423;-48,834866;"SPRF-PR";"DEL01-PR";"UOP05-DEL01-PR"
112706;2018-02-21;"quarta-feira";"06:50:00";"PE";101;78,3;"JABOATAO DOS GUARARAPES";"Falta de Atenção à Condução";"Colisão transversal";"Com Vítimas Feridas";"Pleno dia";"Crescente";"Sol";"Simples";"Reta";"Sim";2;0;1;0;1;0;1;2;-8,14295945;-34,94677006;"SPRF-PE";"DEL01-PE";"UOP01-DEL01-PE"
112716;2018-02-20;"terça-feira";"18:30:00";"MG";381;251;"IPATINGA";"Fenômenos da Natureza";"Colisão lateral";"Com Vítimas Feridas";"Anoitecer";"Decrescente";"Chuva";"Simples";"Reta";"Sim";3;0;1;0;2;0;1;3;-19,46400264;-42,53425598;"SPRF-MG";"DEL06-MG";"UOP01-DEL06-MG"
112720;2018-02-21;"quarta-feira";"07:20:00";"RS";386;305,2;"POUSO NOVO";"Defeito Mecânico no Veículo";"Tombamento";"Com Vítimas Fatais";"Pleno dia";"Crescente";"Céu Claro";"Simples";"Curva";"Não";3;1;1;0;0;1;1;2;-29,1977259;-52,18505859;"SPRF-RS";"DEL04-RS";"UOP01-DEL04-RS"
112722;2018-02-21;"quarta-feira";"06:45:00";"SP";116;287,3;"ITAPECERICA DA SERRA";"Condutor Dormindo";"Colisão com objeto estático";"Com Vítimas Feridas";"Amanhecer";"Decrescente";"Céu Claro";"Dupla";"Curva";"Sim";1;0;1;0;0;0;1;1;-23,70205872;-46,87072426;"SPRF-SP";"DEL04-SP";"UOP01-DEL04-SP"
112732;2018-02-21;"quarta-feira";"04:30:00";"RS";392;276,5;"SAO SEPE";"Condutor Dormindo";"Saída de leito carroçável";"Sem Vítimas";"Plena Noite";"Decrescente";"Ignorado";"Simples";"Curva;Aclive";"Não";2;0;0;0;1;2;0;3;-30,3337686;-53,53431702;"SPRF-RS";"DEL09-RS";"UOP02-DEL09-RS"
112736;2018-01-29;"segunda-feira";"06:55:00";"SC";101;351,5;"JAGUARUNA";"Falta de Atenção à Condução";"Saída de leito carroçável";"Com Vítimas Feridas";"Pleno dia";"Crescente";"Céu Claro";"Dupla";"Curva";"Sim";2;0;1;0;1;0;1;2;-28,602;-49,0531;"SPRF-SC";"DEL02-SC";"UOP01-DEL02-SC"