"id";"data_inversa";"dia_semana";"horario";"uf";"br";"km";"municipio";"causa_acidente";"tipo_acidente";"classificacao_acidente";"fase_dia";"sentido_via";"condicao_metereologica";"tipo_pista";"tracado_via";"uso_solo";"pessoas";"mortos";"feridos_leves";"feridos_graves";"ilesos";"ignorados";"feridos";"veiculos";"latitude";"longitude";"regional";"delegacia";"uop"
113098;2018-02-22;"quinta-feira";"07:30:00";"GO";414;417,6;"ABADIANIA";"Objeto estático sobre o leito carroçável";"Colisão traseira";"Sem Vítimas";"Pleno dia";"Crescente";"Céu Claro";"Simples";"Reta;Ponte";"Não";5;0;0;0;5;0;0;3;-16,10920132;-48,87666894;"SPRF-GO";"DEL02-GO";"UOP01-DEL02-GO"
113099;2018-02-22;"quinta-feira";"07:40:00";"GO";414;417,6;"ABADIANIA";"Defeito Mecânico no Veículo";"Colisão com objeto estático";"Sem Vítimas";"Pleno dia";"Crescente";"Céu Claro";"Simples";"Reta;Ponte";"Não";5;0;0;0;5;0;0;5;-16,10919523;-48,876656;"SPRF-GO";"DEL02-GO";"UOP01-DEL02-GO"
113100;2018-02-22;"quinta-feira";"11:10:00";"MG";116;736;"LARANJAL";"Desobediência às normas de trânsito pelo condutor";"Colisão traseira";"Sem Vítimas";"Pleno dia";"Crescente";"Céu Claro";"Simples";"Reta";"Não";2;0;0;0;2;0;0;2;-21,374926;-42,47731;"SPRF-MG";"DEL07-MG";"UOP02-DEL07-MG"
113101;2018-02-22;"quinta-feira";"14:28:00";"SP";116;114,4;"TAUBATE";"Não guardar distância de segurança";"Colisão traseira";"Com Vítimas Feridas";"Pleno dia";"Decrescente";"Céu Claro";"Dupla";"Reta";"Sim";3;0;0;1;1;1;1;3;-23,04507299;-45,58431154;"SPRF-SP";"DEL06-SP";"UOP02-DEL02-SP"
113103;2018-01-24;"quarta-feira";"05:10:00";"SP";116;400;"MIRACATU";"Condutor Dormindo";"Saída de leito carroçável";"Com Vítimas Feridas";"Amanhecer";"Decrescente";"Nublado";"Dupla";"Reta";"Não";1;0;0;1;0;0;1;1;-24,281868;-47,46013;"SPRF-SP";"DEL04-SP";"UOP02-DEL04-SP"
113115;2018-02-22;"quinta-feira";"15:30:00";"SC";101;212;"PALHOCA";"Não guardar distância de segurança";"Colisão traseira";"Com Vítimas Feridas";"Pleno dia";"Decrescente";"Sol";"Dupla";"Reta";"Sim";3;0;1;0;2;0;1;3;-27,63974019;-48,66668701;"SPRF-SC";"DEL01-SC";"UOP02-DEL01-SC"
113117;2018-02-22;"quinta-feira";"15:30:00";"RS";386;137,2;"SARANDI";"Falta de Atenção à Condução";"Colisão traseira";"Sem Vítimas";"Pleno dia";"Decrescente";"Céu Claro";"Simples";"Reta";"Não";2;0;0;0;2;0;0;2;-27,9618432;-52,9124834;"SPRF-RS";"DEL08-RS";"UOP01-DEL08-RS"
113127;2018-02-22;"quinta-feira";"15:40:00";"PR";277;112;"CAMPO LARGO";"Condutor Dormindo";"Colisão traseira";"Com Vítimas Feridas";"Pleno dia";"Crescente";"Céu Claro";"Dupla";"Reta";"Não";4;0;2;0;1;1;2;3;-25,4339451;-49,43758964;"SPRF-PR";"DEL01-PR";"UOP06-DEL01-PR"
113128;2018-02-22;"quinta-feira";"16:00:00";"GO";60;109;"GOIANAPOLIS";"Falta de Atenção à Condução";"Saída de leito carroçável";"Sem Vítimas";"Pleno dia";"Crescente";"Chuva";"Dupla";"Reta";"Não";1;0;0;0;1;0;0;1;-16,4478;-49,0224;"SPRF-GO";"DEL01-GO";"UOP01-DEL01-GO"
113129;2018-02-22;"quinta-feira";"16:00:00";"PI";135;371;"BOM JESUS";"Falta de Atenção à Condução";"Colisão traseira";"Sem Vítimas";"Pleno dia";"Crescente";"Céu Claro";"Simples";"Reta";"Sim";3;0;0;0;3;0;0;2;-9,19835963;-44,4493103;"SPRF-PI";"DEL03-PI";"UOP02-DEL03-PI"
113131;2018-02-22;"quinta-feira";"15:50:00";"RS";386;145,5;"SARANDI";"Falta de Atenção à Condução";"Colisão frontal";"Com Vítimas Feridas";"Pleno dia";"Crescente";"Céu Claro";"Simples";"Reta";"Não";5;0;1;1;3;0;2;5;-27,98106191;-52,90397644;"SPRF-RS";"DEL08-RS";"UOP01-DEL08-RS"
113132;2018-02-22;"quinta-feira";"16:20:00";"MG";381;486;"BETIM";"Falta de Atenção à Condução";"Colisão lateral";"Sem Vítimas";"Pleno dia";"Crescente";"Céu Claro";"Dupla";"Reta";"Sim";2;0;0;0;2;0;0;2;-19,95588721;-44,10817328;"SPRF-MG";"DEL01-MG";"UOP03-DEL01-MG"
113133;2018-02-22;"quinta-feira";"17:00:00";"MG";0;0;"SANTOS DUMONT";"Falta de Atenção à Condução";"Saída de leito carroçável";"Sem Vítimas";"Anoitecer";"Não Informado";"Nublado";"Dupla";"Declive";"Não";4;0;0;0;3;1;0;4;-21,4358;-43,5525;"SPRF-MG";"DEL05-MG";"UOP01-DEL05-MG"
113135;2018-02-22;"quinta-feira";"16:20:00";"SC";101;205;"SAO JOSE";"Falta de Atenção à Condução";"Colisão traseira";"Sem Vítimas";"Pleno dia";"Decrescente";"Sol";"Múltipla";"Reta";"Sim";3;0;0;0;2;2;0;4;-27,58466783;-48,61566281;"SPRF-SC";"DEL01-SC";"UOP01-DEL01-SC"
113138;2018-02-22;"quinta-feira";"17:15:00";"PR";376;372,4;"ORTIGUEIRA";"Falta de Atenção à Condução";"Colisão transversal";"Sem Vítimas";"Pleno dia";"Crescente";"Céu Claro";"Simples";"Reta";"Não";3;0;0;0;2;1;0;3;-24,208803;-50,949875;"SPRF-PR";"DEL03-PR";"UOP02-DEL03-PR"
113143;2018-02-22;"quinta-feira";"17:30:00";"SP";381;65;"MAIRIPORA";"Falta de Atenção à Condução";"Colisão traseira";"Sem Vítimas";"Pleno dia";"Decrescente";"Céu Claro";"Múltipla";"Reta";"Sim";3;0;0;0;2;1;0;3;-23,32212435;-46,5808484;"SPRF-SP";"DEL03-SP";"DEL6/3-UOP03/SP"
113146;2018-02-22;"quinta-feira";"11:30:00";"SC";101;302,5;"LAGUNA";"Condutor Dormindo";"Colisão com objeto estático";"Sem Vítimas";"Pleno dia";"Crescente";"Nublado";"Dupla";"Reta";"Não";1;0;0;0;1;0;0;1;-28,36019175;-48,7486527;"SPRF-SC";"DEL02-SC";"UOP03-DEL02-SC"
113151;2018-02-22;"quinta-feira";"16:45:00";"MT";364;50;"ALTO GARCAS";"Objeto estático sobre o leito carroçável";"Colisão frontal";"Sem Vítimas";"Pleno dia";"Crescente";"Chuva";"Simples";"Reta";"Não";4;0;0;0;3;7;0;10;-17,00032198;-53,50204468;"SPRF-MT";"DEL02-MT";"UOP02-DEL02-MT"
113154;2018-02-22;"quinta-feira";"18:20:00";"MG";381;707,2;"NEPOMUCENO";"Velocidade Incompatível";"Tombamento";"Com Vítimas Fatais";"Anoitecer";"Decrescente";"Nublado";"Dupla";"Curva";"Não";2;1;0;0;0;1;0;2;-21,3366608;-45,17520078;"SPRF-MG";"DEL04-MG";"UOP02-DEL04-MG"
113155;2018-02-22;"quinta-feira";"18:35:00";"RS";116;231;"SAO MARCOS";"Desobediência às normas de trânsito pelo condutor";"Colisão transversal";"Com Vítimas Feridas";"Pleno dia";"Decrescente";"Céu Claro";"Dupla";"Retorno Regulamentado";"Sim";2;0;1;0;1;0;1;2;-29;-51;"SPRF-RS";"DEL01-RS";"UOP02-DEL01-RS"
113166;2018-02-22;"quinta-feira";"06:40:00";"RJ";116;263;"VOLTA REDONDA";"Falta de Atenção à Condução";"Colisão lateral";"Sem Vítimas";"Plena Noite";"Decrescente";"Chuva";"Dupla";"Curva";"Não";3;0;0;0;2;2;0;4;-22,53412216;-44,19525146;"SPRF-RJ";"DEL07-RJ";"UOP02-DEL07-RJ"
113168;2018-02-22;"quinta-feira";"19:22:00";"SP";153;72,3;"SAO JOSE DO RIO PRETO";"Falta de Atenção à Condução";"Colisão transversal";"Sem Vítimas";"Anoitecer";"Decrescente";"Céu Claro";"Simples";"Retorno Regulamentado";"Sim";3;0;0;0;1;3;0;4;-20,8699018;-49,41530845;"SPRF-SP";"DEL09-SP";"UOP01-DEL09-SP"
113172;2018-02-22;"quinta-feira";"18:30:00";"MG";381;765;"CAMPANHA";"Falta de Atenção à Condução";"Colisão traseira";"Com Vítimas Feridas";"Plena Noite";"Decrescente";"Chuva";"Dupla";"Reta";"Não";3;0;1;0;1;1;1;3;-21,7395;-45,3854;"SPRF-MG";"DEL16-MG";"UOP02-DEL16-MG"
113176;2018-02-22;"quinta-feira";"18:30:00";"SC";101;115;"ITAJAI";"Falta de Atenção à Condução";"Colisão com objeto estático";"Sem Vítimas";"Plena Noite";"Decrescente";"Céu Claro";"Simples";"Viaduto;Interseção de Vias";"Sim";2;0;0;0;1;1;0;2;-26,86955428;-48,73002822;"SPRF-SC";"DEL04-SC";"UOP04-DEL04-SC"
113185;2018-02-22;"quinta-feira";"18:15:00";"RJ";116;263,3;"BARRA MANSA";"Objeto estático sobre o leito carroçável";"Colisão com objeto estático";"Sem Vítimas";"Anoitecer";"Crescente";"Nublado";"Dupla";"Curva";"Não";3;0;0;0;2;3;0;5;-22,54465;-44,17177;"SPRF-RJ";"DEL07-RJ";"UOP02-DEL07-RJ"
113186;2018-02-22;"quinta-feira";"19:05:00";"MT";163;794;"SINOP";"Falta de Atenção à Condução";"Colisão traseira";"Sem Vítimas";"Plena Noite";"Crescente";"Chuva";"Simples";"Reta";"Não";4;0;0;0;3;1;0;4;-12,01648714;-55,5166626;"SPRF-MT";"DEL06-MT";"UOP01-DEL06-MT"
113188;2018-02-22;"quinta-feira";"18:50:00";"MT";364;459;"VARZEA GRANDE";"Defeito Mecânico no Veículo";"Capotamento";"Sem Vítimas";"Anoitecer";"Decrescente";"Chuva";"Simples";"Reta";"Não";2;0;0;0;1;3;0;4;-15,535929;-56,276119;"SPRF-MT";"DEL01-MT";"DEL2/4-UOP02/MT"
113193;2018-02-22;"quinta-feira";"18:55:00";"BA";324;366,7;"SAO JOSE DO JACUIPE";"Falta de Atenção à Condução";"Engavetamento";"Sem Vítimas";"Plena Noite";"Decrescente";"Céu Claro";"Simples";"Reta";"Não";4;0;0;0;4;0;0;4;-11,41676416;-39,91470337;"SPRF-BA";"DEL04-BA";"UOP02-DEL04-BA"
113216;2018-02-22;"quinta-feira";"21:00:00";"RJ";101;298;"ITABORAI";"Falta de Atenção à Condução";"Colisão traseira";"Sem Vítimas";"Plena Noite";"Crescente";"Céu Claro";"Dupla";"Reta";"Sim";5;0;0;0;4;1;0;4;-22,7714;-42,928959;"SPRF-RJ";"DEL02-RJ";"DEL5/2-UOP04/RJ"
113221;2018-02-22;"quinta-feira";"21:22:00";"MG";50;116,2;"UBERABA";"Falta de Atenção à Condução";"Colisão lateral";"Com Vítimas Fatais";"Plena Noite";"Crescente";"Céu Claro";"Dupla";"Reta";"Não";6;1;2;2;0;2;4;4;-19,28242145;-48,12133936;"SPRF-MG";"DEL13-MG";"UOP01-DEL13-MG"
113223;2018-02-22;"quinta-feira";"21:00:00";"RJ";356;147;"CAMPOS DOS GOYTACAZES";"Ingestão de Álcool";"Colisão frontal";"Com Vítimas Feridas";"Pleno dia";"Crescente";"Chuva";"Simples";"Curva";"Sim";8;0;4;1;2;2;5;5;-21,77432597;-41,28314495;"SPRF-RJ";"DEL08-RJ";"UOP02-DEL08-RJ"
113224;2018-02-22;"quinta-feira";"15:30:00";"SC";282;292,9;"SAO JOSE DO CERRITO";"Não guardar distância de segurança";"Colisão traseira";"Sem Vítimas";"Pleno dia";"Crescente";"Céu Claro";"Simples";"Ponte";"Não";2;0;0;0;2;0;0;2;-27,537967;-50,862543;"SPRF-SC";"DEL07-SC";"UOP06-DEL07-SC"
113225;2018-02-22;"quinta-feira";"22:10:00";"SP";381;33;"ATIBAIA";"Ingestão de Álcool";"Colisão frontal";"Com Vítimas Feridas";"Plena Noite";"Crescente";"Céu Claro";"Dupla";"Retorno Regulamentado";"Não";3;0;0;2;1;0;2;2;-23,05511794;-46,5701144;"SPRF-SP";"DEL03-SP";"UOP02-DEL03-SP"
113235;2018-02-22;"quinta-feira";"21:45:00";"TO";153;314;"GUARAI";"Defeito Mecânico no Veículo";"Derramamento de carga";"Com Vítimas Feridas";"Plena Noite";"Decrescente";"Nublado";"Simples";"Aclive";"Não";1;0;1;0;0;0;1;1;-8,657502;-48,494919;"SPRF-TO";"DEL02-TO";"UOP02-DEL02-TO"
113237;2018-02-22;"quinta-feira";"21:15:00";"BA";101;617;"MASCOTE";"Falta de Atenção à Condução";"Saída de leito carroçável";"Sem Vítimas";"Plena Noite";"Crescente";"Céu Claro";"Simples";"Curva";"Não";1;0;0;0;1;0;0;1;-15,62912;-39,437384;"SPRF-BA";"DEL05-BA";"UOP02-DEL05-BA"
113242;2018-02-23;"sexta-feira";"00:05:00";"SP";116;414,3;"JUQUIA";"Velocidade Incompatível";"Tombamento";"Sem Vítimas";"Plena Noite";"Crescente";"Nublado";"Simples";"Curva";"Sim";1;0;0;0;1;0;0;1;-24,3214;-47,6373;"SPRF-SP";"DEL05-SP";"UOP01-DEL05-SP"
113246;2018-02-22;"quinta-feira";"06:30:00";"GO";153;30;"PORANGATU";"Fenômenos da Natureza";"Tombamento";"Com Vítimas Feridas";"Amanhecer";"Decrescente";"Chuva";"Simples";"Declive";"Não";1;0;0;1;0;0;1;1;-13,086911;-49,192348;"SPRF-GO";"DEL07-GO";"UOP01-DEL07-GO"
113250;2018-02-23;"sexta-feira";"01:30:00";"PR";116;22;"ANTONINA";"Falta de Atenção à Condução";"Tombamento";"Com Vítimas Feridas";"Plena Noite";"Decrescente";"Garoa/Chuvisco";"Dupla";"Curva";"Não";2;0;1;0;0;1;1;2;-25,109226;-48,746597;"SPRF-PR";"DEL01-PR";"UOP02-DEL01-PR"
113252;2018-02-23;"sexta-feira";"02:55:00";"PR";376;489,5;"PONTA GROSSA";"Falta de Atenção do Pedestre";"Atropelamento de Pedestre";"Com Vítimas Fatais";"Plena Noite";"Crescente";"Céu Claro";"Dupla";"Reta";"Sim";2;1;0;0;0;1;0;2;-25,09948834;-50,19741297;"SPRF-PR";"DEL03-PR";"UOP04-DEL03-PR"
113253;2018-02-22;"quinta-feira";"23:55:00";"PR";376;674;"GUARATUBA";"Velocidade Incompatível";"Saída de leito carroçável";"Sem Vítimas";"Plena Noite";"Crescente";"Céu Claro";"Dupla";"Reta";"Não";2;0;0;0;1;1;0;2;-25,883259;-48,57514;"SPRF-PR";"DEL01-PR";"DEL7/1-UOP08/PR"
113254;2018-02-23;"sexta-feira";"02:45:00";"SC";101;166,2;"TIJUCAS";"Defeito Mecânico no Veículo";"Incêndio";"Sem Vítimas";"Plena Noite";"Crescente";"Céu Claro";"Dupla";"Reta";"Não";1;0;0;0;1;0;0;1;-27,2667832;-48,6316;"SPRF-SC";"DEL04-SC";"UOP03-DEL04-SC"
113257;2018-02-23;"sexta-feira";"03:45:00";"RS";101;84,5;"OSORIO";"Animais na Pista";"Atropelamento de Animal";"Sem Vítimas";"Plena Noite";"Decrescente";"Céu Claro";"Dupla";"Aclive";"Não";2;0;0;0;1;1;0;2;-29,9003;-50,2738;"SPRF-RS";"DEL03-RS";"UOP01-DEL03-RS"
113258;2018-02-23;"sexta-feira";"03:50:00";"SP";116;520,3;"CAJATI";"Condutor Dormindo";"Saída de leito carroçável";"Sem Vítimas";"Plena Noite";"Decrescente";"Nublado";"Dupla";"Reta";"Não";2;0;0;0;1;1;0;2;-24,73659;-48,12319;"SPRF-SP";"DEL05-SP";"UAP01-DEL05-SP"
113259;2018-02-23;"sexta-feira";"04:00:00";"PE";101;2,1;"GOIANA";"Velocidade Incompatível";"Saída de leito carroçável";"Sem Vítimas";"Plena Noite";"Crescente";"Nublado";"Dupla";"Reta";"Não";3;0;0;0;2;1;0;3;-7,52312994;-34,99301999;"SPRF-PE";"DEL01-PE";"UOP02-DEL01-PE"
113261;2018-02-23;"sexta-feira";"05:15:00";"PR";163;257;"TOLEDO";"Condutor Dormindo";"Colisão frontal";"Com Vítimas Fatais";"Amanhecer";"Crescente";"Ignorado";"Simples";"Reta";"Não";3;1;0;1;1;0;1;2;-24,66674264;-53,80981207;"SPRF-PR";"DEL06-PR";"UOP02-DEL06-PR"
113262;2018-02-23;"sexta-feira";"02:40:00";"MG";116;240;"TEOFILO OTONI";"Falta de Atenção à Condução";"Tombamento";"Com Vítimas Feridas";"Plena Noite";"Crescente";"Céu Claro";"Simples";"Curva";"Não";2;0;1;0;0;2;1;3;-17,85721155;-41,51342869;"SPRF-MG";"DEL11-MG";"UOP01-DEL11-MG"
113269;2018-02-23;"sexta-feira";"06:45:00";"PR";476;133;"CURITIBA";"Falta de Atenção à Condução";"Colisão lateral";"Sem Vítimas";"Pleno dia";"Crescente";"Céu Claro";"Múltipla";"Viaduto";"Sim";3;0;0;0;2;1;0;3;-25,5148686;-49,27883182;"SPRF-PR";"DEL01-PR";"UOP07-DEL01-PR"
113271;2018-02-23;"sexta-feira";"06:00:00";"MG";262;375;"JUATUBA";"Defeito Mecânico no Veículo";"Saída de leito carroçável";"Com Vítimas Feridas";"Amanhecer";"Decrescente";"Nublado";"Dupla";"Reta";"Não";1;0;0;1;0;0;1;1;-19,93374384;-44,39422417;"SPRF-MG";"DEL01-MG";"UOP03-DEL01-MG"
113272;2018-02-22;"quinta-feira";"17:50:00";"MG";365;666,3;"MONTE ALEGRE DE MINAS";"Avarias e/ou desgaste excessivo no pneu";"Saída de leito carroçável";"Sem Vítimas";"Plena Noite";"Decrescente";"Nublado";"Dupla";"Curva";"Não";2;0;0;0;1;1;0;2;-18,89041112;-48,67273808;"SPRF-MG";"DEL15-MG";"UOP01-DEL15-MG"
113274;2018-02-23;"sexta-feira";"07:00:00";"DF";20;17;"BRASILIA";"Velocidade Incompatível";"Capotamento";"Sem Vítimas";"Pleno dia";"Crescente";"Céu Claro";"Dupla";"Reta";"Não";1;0;0;0;1;0;0;1;-15,62042383;-47,71525949;"SPRF-DF";"DEL02-DF";"UOP01-DEL02-DF"
113282;2018-02-23;"sexta-feira";"06:00:00";"TO";242;467,3;"FORMOSO DO ARAGUAIA";"Falta de Atenção à Condução";"Tombamento";"Com Vítimas Feridas";"Amanhecer";"Crescente";"Nublado";"Simples";"Reta";"Não";2;0;1;0;0;2;1;3;-11,797097;-49,52928;"SPRF-TO";"DEL02-TO";"UOP02-DEL01-TO"
113285;2018-02-23;"sexta-feira";"07:15:00";"PB";230;24,1;"JOAO PESSOA";"Falta de Atenção à Condução";"Colisão lateral";"Com Vítimas Feridas";"Pleno dia";"Decrescente";"Céu Claro";"Dupla";"Reta";"Sim";3;0;1;0;1;1;1;3;-7,167898;-34,864117;"SPRF-PB";"DEL01-PB";"UOP01-DEL01-PB"
113288;2018-02-23;"sexta-feira";"04:00:00";"MT";0;0;"DIAMANTINO";"Restrição de Visibilidade";"Colisão lateral";"Com Vítimas Feridas";"Plena Noite";"Não Informado";"Nevoeiro/Neblina";"Simples";"Reta";"Não";4;0;1;0;2;1;1;3;-14,44531948;-56,10992432;"SPRF-MT";"DEL01-MT";"UOP01-DEL01-MT"
113290;2018-01-03;"quarta-feira";"16:41:00";"MT";163;110,8;"RONDONOPOLIS";"Pista Escorregadia";"Colisão lateral";"Sem Vítimas";"Pleno dia";"Crescente";"Chuva";"Dupla";"Reta";"Não";3;0;0;0;2;2;0;4;-16,5714134;-54,6838662;"SPRF-MT";"DEL02-MT";"UOP01-DEL02-MT"
113294;2018-02-23;"sexta-feira";"08:30:00";"RN";101;125,5;"SAO JOSE DE MIPIBU";"Desobediência às normas de trânsito pelo condutor";"Colisão transversal";"Com Vítimas Feridas";"Pleno dia";"Crescente";"Céu Claro";"Dupla";"Reta";"Não";5;0;0;1;3;1;1;3;-6,07871832;-35,23418963;"SPRF-RN";"DEL01-RN";"UOP01-DEL01-RN"
113297;2018-02-23;"sexta-feira";"08:00:00";"ES";101;292,3;"CARIACICA";"Falta de Atenção à Condução";"Colisão lateral";"Com Vítimas Feridas";"Pleno dia";"Crescente";"Nublado";"Simples";"Declive";"Sim";2;0;1;0;1;0;1;2;-20,27507967;-40,39123535;"SPRF-ES";"DEL01-ES";"UOP01-DEL01-ES"
113302;2018-02-23;"sexta-feira";"08:00:00";"PR";376;671,3;"GUARATUBA";"Condutor Dormindo";"Saída de leito carroçável";"Com Vítimas Feridas";"Pleno dia";"Decrescente";"Céu Claro";"Múltipla";"Reta;Aclive";"Não";1;0;1;0;0;0;1;1;-25,883259;-48,57514;"SPRF-PR";"DEL01-PR";"DEL7/1-UOP08/PR"
113305;2018-02-23;"sexta-feira";"07:45:00";"RN";110;45;"MOSSORO";"Ingestão de Álcool";"Colisão traseira";"Sem Vítimas";"Pleno dia";"Crescente";"Céu Claro";"Simples";"Reta";"Sim";2;0;0;0;2;0;0;2;-5,19441542;-37,31357577;"SPRF-RN";"DEL04-RN";"UOP01-DEL04-RN"
113306;2018-02-23;"sexta-feira";"07:25:00";"RN";110;34,8;"MOSSORO";"Ingestão de Álcool";"Colisão lateral";"Sem Vítimas";"Pleno dia";"Crescente";"Céu Claro";"Simples";"Curva";"Não";2;0;0;0;2;0;0;2;-5,167109;-37,224977;"SPRF-RN";"DEL04-RN";"UOP01-DEL04-RN"
113309;2018-02-23;"sexta-feira";"08:49:00";"PR";116;95,5;"SAO JOSE DOS PINHAIS";"Defeito Mecânico no Veículo";"Saída de leito carroçável";"Com Vítimas Feridas";"Pleno dia";"Decrescente";"Nublado";"Dupla";"Aclive";"Não";2;0;2;0;0;0;2;1;-25,50103294;-49,12047107;"SPRF-PR";"DEL01-PR";"UOP07-DEL01-PR"
113312;2018-01-14;"domingo";"11:52:00";"MT";364;202,4;"RONDONOPOLIS";"Falta de Atenção à Condução";"Atropelamento de Pedestre";"Com Vítimas Feridas";"Pleno dia";"Crescente";"Céu Claro";"Dupla";"Reta";"Sim";2;0;1;0;1;0;1;2;-16,48036367;-54,65113895;"SPRF-MT";"DEL02-MT";"UOP01-DEL02-MT"
113314;2018-02-23;"sexta-feira";"08:15:00";"GO";452;134,1;"BOM JESUS DE GOIAS";"Falta de Atenção à Condução";"Colisão traseira";"Sem Vítimas";"Pleno dia";"Crescente";"Céu Claro";"Simples";"Reta";"Sim";3;0;0;0;2;4;0;6;-18,21790309;-49,7461191;"SPRF-GO";"DEL03-GO";"UOP02-DEL03-GO"
113319;2018-02-23;"sexta-feira";"04:40:00";"RO";364;423;"JARU";"Defeito Mecânico no Veículo";"Colisão lateral";"Com Vítimas Feridas";"Plena Noite";"Crescente";"Nublado";"Simples";"Ponte";"Sim";2;0;1;0;1;0;1;2;-10,45270084;-62,46139526;"SPRF-RO";"DEL03-RO";"UOP02-DEL03-RO"
113320;2018-02-16;"sexta-feira";"12:30:00";"MG";381;349;"BELA VISTA DE MINAS";"Carga excessiva e/ou mal acondicionada";"Tombamento";"Sem Vítimas";"Pleno dia";"Crescente";"Céu Claro";"Simples";"Curva";"Sim";1;0;0;0;1;0;0;1;-19,81839009;-43,05885315;"SPRF-MG";"DEL03-MG";"UOP01-DEL03-MG"
113322;2018-02-23;"sexta-feira";"10:00:00";"RS";470;237;"CARLOS BARBOSA";"Desobediência às normas de trânsito pelo condutor";"Colisão frontal";"Com Vítimas Fatais";"Pleno dia";"Crescente";"Céu Claro";"Simples";"Reta";"Não";2;1;0;0;1;0;0;2;-29,31035137;-51,48489475;"SPRF-RS";"DEL06-RS";"UOP01-DEL06-RS"
113323;2018-02-23;"sexta-feira";"09:40:00";"PE";232;17;"JABOATAO DOS GUARARAPES";"Condutor Dormindo";"Saída de leito carroçável";"Sem Vítimas";"Pleno dia";"Crescente";"Céu Claro";"Dupla";"Reta";"Não";4;0;0;0;3;1;0;4;-8,095685;-35,045914;"SPRF-PE";"DEL01-PE";"UOP01-DEL01-PE"
113325;2018-02-23;"sexta-feira";"07:40:00";"MG";116;409,8;"GOVERNADOR VALADARES";"Falta de Atenção à Condução";"Colisão traseira";"Com Vítimas Feridas";"Pleno dia";"Crescente";"Céu Claro";"Múltipla";"Reta";"Sim";3;0;0;1;1;1;1;3;-18,8473553;-41,9801116;"SPRF-MG";"DEL06-MG";"UOP01-DEL06-MG"
113336;2018-02-23;"sexta-feira";"02:00:00";"MS";262;95;"AGUA CLARA";"Não guardar distância de segurança";"Colisão traseira";"Sem Vítimas";"Plena Noite";"Decrescente";"Céu Claro";"Simples";"Reta";"Não";2;0;0;0;2;0;0;2;-20,431;-52,8691;"SPRF-MS";"DEL07-MS";"UOP02-DEL07-MS"
113350;2018-02-23;"sexta-feira";"03:00:00";"PR";153;146;"VENTANIA";"Defeito Mecânico no Veículo";"Tombamento";"Sem Vítimas";"Plena Noite";"Decrescente";"Céu Claro";"Simples";"Curva";"Não";1;0;0;0;0;1;0;1;-24,15803126;-50,21964312;"SPRF-PR";"DEL07-PR";"DEL7/7-UOP08/PR"
113355;2018-02-23;"sexta-feira";"10:53:00";"RO";364;308,9;"PRESIDENTE MEDICI";"Falta de Atenção à Condução";"Colisão transversal";"Com Vítimas Feridas";"Pleno dia";"Decrescente";"Céu Claro";"Múltipla";"Reta";"Sim";3;0;1;0;1;3;1;5;-11,16431959;-61,901604;"SPRF-RO";"DEL02-RO";"UOP01-DEL02-RO"
113358;2018-02-23;"sexta-feira";"10:30:00";"PR";153;29,8;"SANTO ANTONIO DA PLATINA";"Não guardar distância de segurança";"Colisão traseira";"Sem Vítimas";"Pleno dia";"Crescente";"Céu Claro";"Simples";"Reta;Aclive";"Não";3;0;0;0;3;0;0;2;-23,22746504;-50,02212524;"SPRF-PR";"DEL07-PR";"UOP04-DEL07-PR"
113363;2018-02-23;"sexta-feira";"13:10:00";"PR";116;94;"SAO JOSE DOS PINHAIS";"Falta de Atenção à Condução";"Colisão traseira";"Sem Vítimas";"Pleno dia";"Crescente";"Nublado";"Dupla";"Declive";"Não";3;0;0;0;2;1;0;3;-25,489584;-49,112045;"SPRF-PR";"DEL01-PR";"UOP07-DEL01-PR"
113364;2018-02-23;"sexta-feira";"13:10:00";"GO";60;128,7;"GOIANIA";"Defeito Mecânico no Veículo";"Saída de leito carroçável";"Com Vítimas Feridas";"Pleno dia";"Decrescente";"Nublado";"Dupla";"Reta";"Não";2;0;1;0;1;0;1;1;-16,55602734;-49,15291952;"SPRF-GO";"DEL01-GO";"UOP01-DEL01-GO"
113366;2018-02-22;"quinta-feira";"21:00:00";"PA";163;535;"TRAIRAO";"Condutor Dormindo";"Colisão com objeto em movimento";"Com Vítimas Feridas";"Plena Noite";"Crescente";"Nublado";"Simples";"Reta";"Não";2;0;1;0;0;2;1;3;-5,293183;-55,989254;"SPRF-PA";"DEL05-PA";"UOP01-DEL05-PA"
113373;2018-02-23;"sexta-feira";"13:00:00";"MG";40;614;"CONGONHAS";"Mal Súbito";"Colisão frontal";"Com Vítimas Fatais";"Pleno dia";"Crescente";"Sol";"Simples";"Curva";"Não";5;1;0;0;3;1;0;5;-20,53310306;-43,82272214;"SPRF-MG";"DEL05-MG";"UOP02-DEL05-MG"
113380;2018-02-23;"sexta-feira";"09:00:00";"SC";116;64,2;"PAPANDUVA";"Falta de Atenção à Condução";"Colisão lateral";"Sem Vítimas";"Pleno dia";"Decrescente";"Céu Claro";"Simples";"Reta";"Não";2;0;0;0;2;0;0;2;-26,370754;-50,144875;"SPRF-SC";"DEL06-SC";"UOP02-DEL06-SC"
113387;2018-02-23;"sexta-feira";"12:45:00";"BA";116;803,4;"VITORIA DA CONQUISTA";"Não guardar distância de segurança";"Colisão traseira";"Com Vítimas Feridas";"Pleno dia";"Crescente";"Sol";"Simples";"Reta";"Não";3;0;1;0;2;0;1;2;-14,7619339596;-40,7004645467;"SPRF-BA";"DEL08-BA";"UOP01-DEL08-BA"