"id";"data_inversa";"dia_semana";"horario";"uf";"br";"km";"municipio";"causa_acidente";"tipo_acidente";"classificacao_acidente";"fase_dia";"sentido_via";"condicao_metereologica";"tipo_pista";"tracado_via";"uso_solo";"pessoas";"mortos";"feridos_leves";"feridos_graves";"ilesos";"ignorados";"feridos";"veiculos";"latitude";"longitude";"regional";"delegacia";"uop"
113768;2018-02-24;"sábado";"20:45:00";"PR";272;384,8;"FAROL";"Não guardar distância de segurança";"Colisão traseira";"Com Vítimas Fatais";"Plena Noite";"Decrescente";"Céu Claro";"Simples";"Reta;Aclive";"Não";4;1;0;2;1;0;2;2;-24,062119;-52,562434;"SPRF-PR";"DEL04-PR";"UOP03-DEL09-PR"
113775;2018-02-24;"sábado";"20:50:00";"GO";153;138;"MARA ROSA";"Mal Súbito";"Saída de leito carroçável";"Com Vítimas Fatais";"Plena Noite";"Decrescente";"Céu Claro";"Simples";"Declive";"Não";2;1;0;0;0;1;0;2;-13,976104;-49,090424;"SPRF-GO";"DEL07-GO";"UOP01-DEL07-GO"
113776;2018-02-24;"sábado";"20:20:00";"BA";101;172,9;"FEIRA DE SANTANA";"Defeito Mecânico no Veículo";"Incêndio";"Sem Vítimas";"Plena Noite";"Decrescente";"Céu Claro";"Simples";"Reta";"Não";2;0;0;0;1;3;0;4;-12,38724575;-38,88529301;"SPRF-BA";"DEL01-BA";"UOP03-DEL01-BA"
113778;2018-02-24;"sábado";"20:40:00";"ES";101;32,6;"CONCEICAO DA BARRA";"Mal Súbito";"Colisão transversal";"Com Vítimas Feridas";"Plena Noite";"Crescente";"Céu Claro";"Simples";"Declive";"Sim";3;0;0;1;1;2;1;4;-18,43104475;-39,9340629;"SPRF-ES";"DEL04-ES";"UOP02-DEL04-ES"
113791;2018-02-24;"sábado";"22:30:00";"MG";381;633,5;"OLIVEIRA";"Condutor Dormindo";"Tombamento";"Com Vítimas Feridas";"Plena Noite";"Crescente";"Nublado";"Dupla";"Curva";"Não";3;0;2;0;0;1;2;2;-20,8519;-44,8354;"SPRF-MG";"DEL04-MG";"UOP01-DEL04-MG"
113796;2018-02-24;"sábado";"23:20:00";"GO";60;113,9;"GOIANAPOLIS";"Pista Escorregadia";"Saída de leito carroçável";"Sem Vítimas";"Plena Noite";"Crescente";"Chuva";"Dupla";"Reta;Declive";"Não";1;0;0;0;1;0;0;1;-16,46268715;-49,06290677;"SPRF-GO";"DEL01-GO";"UOP01-DEL01-GO"
113803;2018-02-24;"sábado";"22:15:00";"MA";10;320;"ACAILANDIA";"Ingestão de Álcool";"Colisão lateral";"Sem Vítimas";"Plena Noite";"Crescente";"Chuva";"Simples";"Reta";"Sim";3;0;0;0;2;3;0;5;-4,952405;-47,503384;"SPRF-MA";"DEL04-MA";"UOP03-DEL04-MA"
113807;2018-02-25;"domingo";"00:10:00";"PR";277;259,2;"IRATI";"Defeito Mecânico no Veículo";"Colisão com objeto estático";"Sem Vítimas";"Plena Noite";"Decrescente";"Nublado";"Simples";"Reta";"Não";2;0;0;0;1;2;0;3;-25,39972982;-50,79938114;"SPRF-PR";"DEL03-PR";"UOP02-DEL08-PR"
113808;2018-02-25;"domingo";"00:30:00";"RN";101;145;"GOIANINHA";"Ingestão de Substâncias Psicoativas";"Tombamento";"Com Vítimas Feridas";"Plena Noite";"Decrescente";"Céu Claro";"Dupla";"Reta";"Não";3;0;1;0;0;2;1;3;-6,217325;-35,215743;"SPRF-RN";"DEL01-RN";"UOP01-DEL01-RN"
113810;2018-02-24;"sábado";"20:00:00";"SC";158;123;"CAIBI";"Falta de Atenção à Condução";"Colisão frontal";"Sem Vítimas";"Plena Noite";"Crescente";"Céu Claro";"Simples";"Curva";"Não";4;0;0;0;1;3;0;3;-27,072136;-53,248234;"SPRF-SC";"DEL07-SC";"UOP02-DEL07-SC"
113830;2018-02-25;"domingo";"02:20:00";"BA";116;818,8;"VITORIA DA CONQUISTA";"Velocidade Incompatível";"Tombamento";"Com Vítimas Feridas";"Plena Noite";"Decrescente";"Céu Claro";"Simples";"Declive;Reta";"Sim";2;0;1;0;0;1;1;2;-14,827092;-40,825454;"SPRF-BA";"DEL08-BA";"UOP01-DEL08-BA"
113831;2018-02-25;"domingo";"00:20:00";"GO";80;410,4;"SAO MIGUEL DO ARAGUAIA";"Falta de Atenção à Condução";"Colisão traseira";"Com Vítimas Feridas";"Plena Noite";"Crescente";"Céu Claro";"Simples";"Reta";"Não";5;0;0;3;1;2;3;4;-13,23860871;-50,55496216;"SPRF-GO";"DEL07-GO";"UOP01-DEL07-GO"
113851;2018-02-25;"domingo";"04:15:00";"RJ";101;476;"ANGRA DOS REIS";"Ingestão de Álcool";"Colisão frontal";"Sem Vítimas";"Plena Noite";"Crescente";"Céu Claro";"Simples";"Curva";"Sim";2;0;0;0;2;0;0;2;-23,00137983;-44,23439026;"SPRF-RJ";"DEL03-RJ";"UOP03-DEL03-RJ"
113871;2018-02-25;"domingo";"06:55:00";"MG";262;377;"JUATUBA";"Falta de Atenção à Condução";"Colisão traseira";"Sem Vítimas";"Pleno dia";"Crescente";"Nublado";"Dupla";"Reta";"Sim";3;0;0;0;2;1;0;3;-19,9322;-44,417;"SPRF-MG";"DEL01-MG";"UOP03-DEL01-MG"
113878;2018-02-24;"sábado";"23:00:00";"MT";174;357;"CONQUISTA DOESTE";"Animais na Pista";"Atropelamento de Animal";"Sem Vítimas";"Plena Noite";"Crescente";"Céu Claro";"Simples";"Reta";"Não";2;0;0;0;1;1;0;2;-14,68988137;-59,40856934;"SPRF-MT";"DEL04-MT";"UOP01-DEL04-MT"
113879;2018-02-25;"domingo";"06:50:00";"SP";116;184;"SANTA ISABEL";"Falta de Atenção à Condução";"Colisão transversal";"Sem Vítimas";"Amanhecer";"Decrescente";"Céu Claro";"Dupla";"Curva";"Não";2;0;0;0;2;0;0;2;-23,316034;-46,221783;"SPRF-SP";"DEL02-SP";"UOP01-DEL02-SP"
113880;2018-02-11;"domingo";"10:30:00";"PR";476;132,9;"CURITIBA";"Não guardar distância de segurança";"Queda de ocupante de veículo";"Com Vítimas Feridas";"Pleno dia";"Crescente";"Nublado";"Dupla";"Reta";"Sim";2;0;1;0;1;0;1;2;-25,4289541;-49,267137;"SPRF-PR";"DEL01-PR";"UOP07-DEL01-PR"
113891;2018-02-25;"domingo";"05:30:00";"RS";116;366,8;"SENTINELA DO SUL";"Animais na Pista";"Atropelamento de Animal";"Sem Vítimas";"Plena Noite";"Decrescente";"Nublado";"Simples";"Declive";"Não";1;0;0;0;1;0;0;1;-30,66942202;-51,56897932;"SPRF-RS";"DEL02-RS";"UOP03-DEL02-RS"
113897;2018-02-25;"domingo";"07:50:00";"MG";40;512;"RIBEIRAO DAS NEVES";"Mal Súbito";"Colisão lateral";"Sem Vítimas";"Pleno dia";"Crescente";"Céu Claro";"Dupla";"Reta";"Não";2;0;0;0;2;0;0;2;-19,7985;-44,1048;"SPRF-MG";"DEL01-MG";"UOP03-DEL01-MG"
113900;2018-01-31;"quarta-feira";"19:30:00";"AL";101;62;"MESSIAS";"Falta de Atenção à Condução";"Tombamento";"Sem Vítimas";"Plena Noite";"Decrescente";"Céu Claro";"Dupla";"Curva";"Não";2;0;0;0;1;2;0;3;-9,301606;-35,821159;"SPRF-AL";"DEL01-AL";"UOP01-DEL01-AL"
113917;2018-02-25;"domingo";"08:30:00";"CE";222;203,9;"FORQUILHA";"Defeito Mecânico no Veículo";"Tombamento";"Sem Vítimas";"Pleno dia";"Crescente";"Céu Claro";"Simples";"Curva";"Não";2;0;0;0;1;3;0;4;-3,77990478;-40,226596;"SPRF-CE";"DEL04-CE";"UOP01-DEL04-CE"
113923;2018-02-25;"domingo";"09:00:00";"MG";364;287,1;"SANTA VITORIA";"Não guardar distância de segurança";"Tombamento";"Sem Vítimas";"Pleno dia";"Decrescente";"Sol";"Simples";"Reta;Aclive";"Não";3;0;0;0;1;3;0;4;-19,04702303;-50,49378097;"SPRF-MG";"DEL15-MG";"UOP03-DEL15-MG"
113936;2018-02-03;"sábado";"06:40:00";"SC";282;533,4;"CHAPECO";"Falta de Atenção à Condução";"Colisão frontal";"Com Vítimas Feridas";"Pleno dia";"Decrescente";"Céu Claro";"Simples";"Curva";"Não";2;0;0;1;1;0;1;2;-26,99599961;-52,62888089;"SPRF-SC";"DEL07-SC";"UOP01-DEL07-SC"
113943;2018-02-25;"domingo";"10:45:00";"AL";101;93;"PILAR";"Falta de Atenção à Condução";"Colisão lateral";"Sem Vítimas";"Pleno dia";"Decrescente";"Céu Claro";"Simples";"Reta";"Não";3;0;0;0;1;2;0;3;-9,597656;-35,956963;"SPRF-AL";"DEL01-AL";"UOP01-DEL01-AL"
113947;2018-02-25;"domingo";"11:20:00";"GO";153;56;"PORANGATU";"Ingestão de Álcool";"Colisão lateral";"Com Vítimas Feridas";"Pleno dia";"Crescente";"Céu Claro";"Simples";"Declive";"Não";4;0;2;0;1;1;2;3;-13,4056506;-49,12467957;"SPRF-GO";"DEL07-GO";"UOP01-DEL07-GO"
113950;2018-02-25;"domingo";"12:20:00";"PB";101;42,1;"MAMANGUAPE";"Defeito na Via";"Colisão traseira";"Sem Vítimas";"Pleno dia";"Decrescente";"Chuva";"Dupla";"Declive";"Sim";3;0;0;0;2;1;0;3;-6,85738504;-35,13404131;"SPRF-PB";"DEL01-PB";"UOP04-DEL01-PB"
113977;2018-02-25;"domingo";"09:00:00";"MS";158;145,8;"APARECIDA DO TABOADO";"Não guardar distância de segurança";"Colisão traseira";"Com Vítimas Feridas";"Pleno dia";"Crescente";"Chuva";"Simples";"Reta";"Sim";3;0;1;0;1;2;1;4;-20,087124;-51,09403;"SPRF-MS";"DEL08-MS";"UOP01-DEL08-MS"
113982;2018-02-25;"domingo";"14:20:00";"GO";60;386,9;"RIO VERDE";"Defeito Mecânico no Veículo";"Tombamento";"Sem Vítimas";"Pleno dia";"Crescente";"Nublado";"Dupla";"Reta";"Sim";2;0;0;0;1;1;0;2;-17,80910589;-50,92607631;"SPRF-GO";"DEL04-GO";"UOP01-DEL04-GO"
113986;2018-02-25;"domingo";"13:50:00";"SC";282;54,2;"AGUAS MORNAS";"Não guardar distância de segurança";"Saída de leito carroçável";"Com Vítimas Feridas";"Pleno dia";"Crescente";"Chuva";"Simples";"Aclive";"Não";4;0;3;0;1;0;3;4;-27,6873632;-48,97540794;"SPRF-SC";"DEL01-SC";"UOP03-DEL01-SC"
113991;2018-02-25;"domingo";"15:00:00";"PE";101;127,2;"ESCADA";"Desobediência às normas de trânsito pelo condutor";"Colisão transversal";"Sem Vítimas";"Pleno dia";"Decrescente";"Nublado";"Dupla";"Reta";"Sim";2;0;0;0;0;2;0;2;-8,38110608;-35,23429868;"SPRF-PE";"DEL01-PE";"UOP03-DEL01-PE"
113993;2018-02-25;"domingo";"15:15:00";"RS";290;2,6;"OSORIO";"Falta de Atenção à Condução";"Colisão lateral";"Com Vítimas Feridas";"Pleno dia";"Crescente";"Céu Claro";"Dupla";"Reta";"Não";3;0;1;0;1;1;1;3;-29,8976;-50,2994;"SPRF-RS";"DEL03-RS";"UOP02-DEL03-RS"
113996;2018-02-25;"domingo";"15:10:00";"MG";40;532;"BELO HORIZONTE";"Não guardar distância de segurança";"Colisão traseira";"Com Vítimas Feridas";"Pleno dia";"Decrescente";"Nublado";"Dupla";"Reta";"Sim";2;0;0;1;1;0;1;2;-19,923473;-44,017219;"SPRF-MG";"DEL01-MG";"UOP03-DEL01-MG"
113997;2018-02-25;"domingo";"16:05:00";"PR";277;41;"MORRETES";"Velocidade Incompatível";"Colisão traseira";"Com Vítimas Feridas";"Pleno dia";"Decrescente";"Sol";"Dupla";"Declive";"Não";5;0;0;2;2;4;2;7;-25,59481187;-48,90767598;"SPRF-PR";"DEL01-PR";"UOP07-DEL01-PR"
113999;2018-02-25;"domingo";"14:50:00";"MS";163;525,4;"JARAGUARI";"Falta de Atenção à Condução";"Saída de leito carroçável";"Com Vítimas Feridas";"Pleno dia";"Crescente";"Nublado";"Simples";"Curva";"Não";2;0;1;0;0;1;1;2;-20,110403;-54,443432;"SPRF-MS";"DEL01-MS";"UOP02-DEL01-MS"
114000;2018-02-25;"domingo";"14:40:00";"MT";70;498,2;"CUIABA";"Falta de Atenção à Condução";"Colisão frontal";"Com Vítimas Fatais";"Pleno dia";"Crescente";"Nublado";"Dupla";"Reta";"Não";5;1;0;0;1;4;0;5;-15,668393;-56,009443;"SPRF-MT";"DEL02-MT";"UOP02-DEL01-MT"
114001;2018-02-25;"domingo";"16:05:00";"SP";116;74,1;"APARECIDA";"Defeito Mecânico no Veículo";"Colisão traseira";"Sem Vítimas";"Pleno dia";"Crescente";"Nublado";"Dupla";"Reta";"Não";4;0;0;0;3;1;0;4;-22,87378056;-45,25414138;"SPRF-SP";"DEL08-SP";"UOP01-DEL08-SP"
114003;2018-02-25;"domingo";"15:45:00";"RS";290;4;"OSORIO";"Falta de Atenção à Condução";"Colisão lateral";"Sem Vítimas";"Pleno dia";"Crescente";"Céu Claro";"Dupla";"Reta";"Não";3;0;0;0;2;1;0;3;-29,898134;-50,31419;"SPRF-RS";"DEL03-RS";"UOP02-DEL03-RS"
114004;2018-02-25;"domingo";"16:15:00";"SP";153;89,8;"JACI";"Não guardar distância de segurança";"Colisão traseira";"Sem Vítimas";"Pleno dia";"Decrescente";"Chuva";"Simples";"Reta";"Não";3;0;0;0;2;1;0;3;-20,95755587;-49,55807292;"SPRF-SP";"DEL09-SP";"UOP01-DEL09-SP"
114005;2018-02-25;"domingo";"16:15:00";"PE";232;203,5;"PESQUEIRA";"Falta de Atenção à Condução";"Colisão lateral";"Com Vítimas Feridas";"Anoitecer";"Decrescente";"Nublado";"Simples";"Reta";"Não";3;0;1;0;1;2;1;4;-8,37215;-36,63735;"SPRF-PE";"DEL02-PE";"UOP03-DEL02-PE"
114013;2018-02-25;"domingo";"15:50:00";"MT";364;522;"ROSARIO OESTE";"Defeito na Via";"Tombamento";"Sem Vítimas";"Pleno dia";"Crescente";"Céu Claro";"Simples";"Reta";"Não";2;0;0;0;1;1;0;2;-15,076138;-56,518116;"SPRF-MT";"DEL01-MT";"DEL2/4-UOP02/MT"
114019;2018-02-25;"domingo";"17:20:00";"GO";364;290;"MINEIROS";"Falta de Atenção à Condução";"Colisão lateral";"Com Vítimas Feridas";"Pleno dia";"Crescente";"Céu Claro";"Simples";"Reta";"Não";3;0;1;0;1;2;1;4;-17,589972;-52,467594;"SPRF-GO";"DEL05-GO";"UOP01-DEL05-GO"
114020;2018-02-25;"domingo";"15:27:00";"SC";101;57,5;"ARAQUARI";"Falta de Atenção à Condução";"Saída de leito carroçável";"Sem Vítimas";"Pleno dia";"Crescente";"Céu Claro";"Simples";"Interseção de Vias";"Não";2;0;0;0;1;1;0;2;-26,43855138;-48,80524665;"SPRF-SC";"DEL03-SC";"UOP01-DEL03-SC"
114027;2018-02-25;"domingo";"15:40:00";"SC";280;115,8;"SAO BENTO DO SUL";"Falta de Atenção à Condução";"Colisão transversal";"Sem Vítimas";"Pleno dia";"Crescente";"Sol";"Simples";"Interseção de Vias";"Não";2;0;0;0;2;0;0;2;-26,28176776;-49,41522516;"SPRF-SC";"DEL06-SC";"UOP03-DEL06-SC"
114035;2018-02-25;"domingo";"17:30:00";"MT";163;539;"DIAMANTINO";"Não guardar distância de segurança";"Colisão frontal";"Sem Vítimas";"Anoitecer";"Decrescente";"Nublado";"Simples";"Declive";"Não";3;0;0;0;2;4;0;6;-14,40904;-56,446545;"SPRF-MT";"DEL01-MT";"UOP01-DEL01-MT"
114042;2018-02-25;"domingo";"19:00:00";"BA";324;514,5;"FEIRA DE SANTANA";"Falta de Atenção à Condução";"Colisão lateral";"Com Vítimas Feridas";"Plena Noite";"Crescente";"Céu Claro";"Simples";"Reta";"Sim";2;0;1;0;1;0;1;2;-12,2361443;-38,94862746;"SPRF-BA";"DEL02-BA";"UOP01-DEL02-BA"
114049;2018-02-25;"domingo";"16:00:00";"MT";364;350,8;"SANTO ANTONIO DO LEVERGER";"Falta de Atenção à Condução";"Saída de leito carroçável";"Com Vítimas Feridas";"Pleno dia";"Decrescente";"Céu Claro";"Dupla";"Reta";"Não";2;0;1;0;0;2;1;3;-15,802961;-55,563975;"SPRF-MT";"DEL02-MT";"UOP02-DEL01-MT"
114056;2018-02-25;"domingo";"18:15:00";"PR";373;177,5;"PONTA GROSSA";"Defeito Mecânico no Veículo";"Colisão com objeto estático";"Sem Vítimas";"Anoitecer";"Decrescente";"Céu Claro";"Dupla";"Curva";"Sim";1;0;0;0;1;0;0;1;-25,05201288;-50,23361206;"SPRF-PR";"DEL03-PR";"UOP01-DEL03-PR"
114063;2018-02-25;"domingo";"18:00:00";"MT";174;586;"COMODORO";"Não guardar distância de segurança";"Colisão traseira";"Com Vítimas Feridas";"Pleno dia";"Crescente";"Céu Claro";"Simples";"Aclive";"Não";5;0;1;0;3;1;1;5;-12,84498;-60,070732;"SPRF-RO";"DEL04-RO";"UOP01-DEL04-RO"
114068;2018-02-25;"domingo";"20:10:00";"RS";153;50,2;"ERECHIM";"Desobediência às normas de trânsito pelo condutor";"Colisão frontal";"Com Vítimas Fatais";"Plena Noite";"Crescente";"Céu Claro";"Simples";"Reta";"Sim";3;1;0;0;1;1;0;3;-27,65592513;-52,27314234;"SPRF-RS";"DEL08-RS";"UOP04-DEL08-RS"
114074;2018-02-25;"domingo";"19:00:00";"MG";40;597;"OURO PRETO";"Falta de Atenção à Condução";"Saída de leito carroçável";"Sem Vítimas";"Plena Noite";"Crescente";"Chuva";"Dupla";"Reta";"Não";2;0;0;0;1;1;0;2;-20,41760181;-43,88784885;"SPRF-MG";"DEL05-MG";"UOP02-DEL05-MG"
114076;2018-02-25;"domingo";"08:00:00";"SC";470;270,8;"CURITIBANOS";"Velocidade Incompatível";"Tombamento";"Com Vítimas Fatais";"Pleno dia";"Decrescente";"Céu Claro";"Simples";"Curva";"Não";9;1;3;4;0;2;7;4;-27,31787084;-50,75614929;"SPRF-SC";"DEL07-SC";"UOP06-DEL07-SC"
114081;2018-02-25;"domingo";"13:00:00";"SC";282;395;"JOACABA";"Velocidade Incompatível";"Saída de leito carroçável";"Sem Vítimas";"Pleno dia";"Decrescente";"Céu Claro";"Simples";"Curva";"Não";2;0;0;0;1;1;0;2;-27,156887;-51,592079;"SPRF-SC";"DEL07-SC";"UOP05-DEL07-SC"
114093;2018-02-25;"domingo";"22:00:00";"PE";101;77;"RECIFE";"Não guardar distância de segurança";"Colisão traseira";"Com Vítimas Feridas";"Plena Noite";"Crescente";"Céu Claro";"Simples";"Em Obras;Reta";"Sim";3;0;1;0;2;0;1;3;-8,132859;-34,946521;"SPRF-PE";"DEL01-PE";"UOP01-DEL01-PE"
114096;2018-02-25;"domingo";"21:50:00";"MG";381;780,1;"CAMPANHA";"Defeito Mecânico no Veículo";"Colisão traseira";"Com Vítimas Feridas";"Plena Noite";"Crescente";"Nublado";"Dupla";"Curva";"Não";6;0;1;0;5;0;1;3;-21,81626087;-45,49235065;"SPRF-MG";"DEL16-MG";"UOP02-DEL16-MG"
114109;2018-02-25;"domingo";"15:30:00";"MG";251;243;"SANTA CRUZ DE SALINAS";"Falta de Atenção à Condução";"Tombamento";"Com Vítimas Feridas";"Pleno dia";"Decrescente";"Céu Claro";"Simples";"Reta";"Não";2;0;1;0;1;0;1;1;-16,0083;-41,7867;"SPRF-MG";"DEL11-MG";"UOP02-DEL11-MG"
114113;2018-02-25;"domingo";"23:30:00";"RS";158;301,6;"ITAARA";"Velocidade Incompatível";"Colisão frontal";"Com Vítimas Feridas";"Plena Noite";"Decrescente";"Céu Claro";"Simples";"Reta";"Não";3;0;0;2;0;1;2;3;-29,545322;-53,754673;"SPRF-RS";"DEL09-RS";"UOP01-DEL09-RS"
114115;2018-02-25;"domingo";"23:00:00";"RS";392;83,7;"PELOTAS";"Ingestão de Álcool";"Saída de leito carroçável";"Com Vítimas Feridas";"Plena Noite";"Decrescente";"Céu Claro";"Simples";"Reta";"Não";4;0;2;0;1;1;2;2;-31,64987378;-52,47698524;"SPRF-RS";"DEL07-RS";"UOP01-DEL07-RS"
114119;2018-02-25;"domingo";"21:00:00";"GO";50;123;"IPAMERI";"Condutor Dormindo";"Colisão traseira";"Com Vítimas Feridas";"Plena Noite";"Decrescente";"Nublado";"Dupla";"Reta";"Não";3;0;1;1;0;1;2;3;-16,9488;-47,7319;"SPRF-GO";"DEL06-GO";"UOP01-DEL06-GO"
114122;2018-02-25;"domingo";"23:30:00";"PE";316;244;"BELEM DE SAO FRANCISCO";"Animais na Pista";"Saída de leito carroçável";"Com Vítimas Feridas";"Plena Noite";"Crescente";"Céu Claro";"Simples";"Reta";"Não";2;0;1;0;1;0;1;1;-8,653268;-39,018822;"SPRF-PE";"DEL05-PE";"UOP03-DEL05-PE"
114124;2018-02-25;"domingo";"22:35:00";"PR";476;332,1;"PAULO FRONTIN";"Falta de Atenção à Condução";"Saída de leito carroçável";"Com Vítimas Feridas";"Plena Noite";"Crescente";"Céu Claro";"Simples";"Ponte";"Não";2;0;1;0;0;1;1;2;-26,11941893;-50,82798892;"SPRF-PR";"DEL02-PR";"UOP03-DEL02-PR"
114126;2018-02-26;"segunda-feira";"00:40:00";"SP";116;359,1;"JUQUITIBA";"Falta de Atenção à Condução";"Colisão lateral";"Sem Vítimas";"Plena Noite";"Decrescente";"Céu Claro";"Dupla";"Curva";"Não";3;0;0;0;2;1;0;3;-24;-47;"SPRF-SP";"DEL04-SP";"UOP03-DEL04-SP"
114132;2018-02-26;"segunda-feira";"02:40:00";"MG";153;44;"MONTE ALEGRE DE MINAS";"Falta de Atenção à Condução";"Saída de leito carroçável";"Sem Vítimas";"Plena Noite";"Crescente";"Chuva";"Dupla";"Reta";"Não";1;0;0;0;1;0;0;1;-18,7782;-49,077;"SPRF-MG";"DEL15-MG";"UOP03-DEL15-MG"
114133;2018-02-26;"segunda-feira";"02:30:00";"SP";116;320,5;"JUQUITIBA";"Falta de Atenção à Condução";"Colisão traseira";"Com Vítimas Feridas";"Plena Noite";"Decrescente";"Céu Claro";"Dupla";"Reta";"Sim";3;0;1;0;1;1;1;3;-23,93432902;-47,01492906;"SPRF-SP";"DEL04-SP";"UOP03-DEL04-SP"
114135;2018-02-26;"segunda-feira";"00:30:00";"RS";285;580;"SAO LUIZ GONZAGA";"Condutor Dormindo";"Saída de leito carroçável";"Com Vítimas Feridas";"Plena Noite";"Crescente";"Céu Claro";"Simples";"Curva";"Não";2;0;0;1;0;1;1;2;-28,433741;-55,095108;"SPRF-RS";"DEL12-RS";"UOP01-DEL12-RS"
114136;2018-02-26;"segunda-feira";"03:00:00";"GO";153;556,1;"PROFESSOR JAMIL";"Condutor Dormindo";"Saída de leito carroçável";"Sem Vítimas";"Pleno dia";"Decrescente";"Céu Claro";"Dupla";"Reta";"Não";1;0;0;0;1;0;0;1;-17,1923;-49,2091;"SPRF-GO";"DEL03-GO";"UOP01-DEL03-GO"
114139;2018-02-25;"domingo";"22:00:00";"PI";135;271;"ALVORADA DO GURGUEIA";"Defeito na Via";"Saída de leito carroçável";"Com Vítimas Feridas";"Plena Noite";"Crescente";"Céu Claro";"Simples";"Reta";"Não";2;0;1;0;0;1;1;2;-8,534155;-43,934566;"SPRF-PI";"DEL03-PI";"UOP02-DEL03-PI"
114142;2018-02-26;"segunda-feira";"06:00:00";"MG";40;588;"ITABIRITO";"Velocidade Incompatível";"Tombamento";"Sem Vítimas";"Pleno dia";"Crescente";"Céu Claro";"Simples";"Reta";"Sim";3;0;0;0;2;1;0;3;-20,35657041;-43,9094439;"SPRF-MG";"DEL01-MG";"UOP02-DEL01-MG"
114143;2018-02-26;"segunda-feira";"07:00:00";"SE";101;23;"MALHADA DOS BOIS";"Defeito Mecânico no Veículo";"Incêndio";"Sem Vítimas";"Pleno dia";"Crescente";"Céu Claro";"Simples";"Reta";"Sim";3;0;0;0;3;0;0;1;-10,295593;-36,883125;"SPRF-SE";"DEL02-SE";"UOP02-DEL02-SE"
114145;2018-02-25;"domingo";"23:45:00";"MA";222;622,7;"ACAILANDIA";"Falta de Atenção à Condução";"Colisão com objeto estático";"Com Vítimas Feridas";"Plena Noite";"Crescente";"Chuva";"Simples";"Declive";"Não";5;0;1;0;3;5;1;8;-4,95412975;-47,50351191;"SPRF-MA";"DEL04-MA";"UOP03-DEL04-MA"
114149;2018-02-26;"segunda-feira";"05:30:00";"MT";163;917,6;"ITAUBA";"Falta de Atenção à Condução";"Saída de leito carroçável";"Sem Vítimas";"Amanhecer";"Crescente";"Nevoeiro/Neblina";"Simples";"Reta";"Não";2;0;0;0;1;2;0;3;-11,0618;-55,2773;"SPRF-MT";"DEL06-MT";"UOP02-DEL06-MT"
114150;2018-02-26;"segunda-feira";"07:00:00";"BA";324;470;"TANQUINHO";"Falta de Atenção à Condução";"Saída de leito carroçável";"Com Vítimas Feridas";"Pleno dia";"Crescente";"Céu Claro";"Simples";"Reta";"Não";1;0;1;0;0;0;1;1;-11,979055;-39,10421;"SPRF-BA";"DEL02-BA";"UOP01-DEL02-BA"
114153;2018-02-26;"segunda-feira";"07:30:00";"PE";101;77;"JABOATAO DOS GUARARAPES";"Falta de Atenção à Condução";"Colisão traseira";"Com Vítimas Feridas";"Pleno dia";"Crescente";"Céu Claro";"Simples";"Reta";"Sim";2;0;1;0;1;0;1;2;-8,1334375;-34,9469375;"SPRF-PE";"DEL01-PE";"UOP01-DEL01-PE"
114159;2018-01-30;"terça-feira";"04:20:00";"PR";376;443,8;"TIBAGI";"Condutor Dormindo";"Tombamento";"Sem Vítimas";"Plena Noite";"Crescente";"Chuva";"Simples";"Reta";"Não";2;0;0;0;1;1;0;2;-24,88768226;-50,43651581;"SPRF-PR";"DEL03-PR";"UOP02-DEL03-PR"
114166;2018-02-26;"segunda-feira";"09:00:00";"PR";277;10,1;"PARANAGUA";"Defeito Mecânico no Veículo";"Colisão com objeto estático";"Sem Vítimas";"Pleno dia";"Decrescente";"Sol";"Dupla";"Curva;Interseção de Vias";"Não";2;0;0;0;1;2;0;3;-25,568109;-48,616779;"SPRF-PR";"DEL01-PR";"UOP05-DEL01-PR"
114167;2018-02-26;"segunda-feira";"08:30:00";"RJ";116;182;"NOVA IGUACU";"Falta de Atenção à Condução";"Colisão lateral";"Com Vítimas Feridas";"Pleno dia";"Decrescente";"Céu Claro";"Múltipla";"Reta";"Sim";3;0;1;0;1;1;1;3;-22,77491529;-43,39805603;"SPRF-RJ";"DEL01-RJ";"UOP02-DEL01-RJ"
114171;2018-02-26;"segunda-feira";"09:50:00";"SP";116;223,9;"GUARULHOS";"Falta de Atenção à Condução";"Tombamento";"Com Vítimas Feridas";"Pleno dia";"Crescente";"Nublado";"Múltipla";"Reta";"Sim";3;0;2;0;1;0;2;2;-23,48778767;-46,54449893;"SPRF-SP";"DEL01-SP";"UOP01-DEL01-SP"
114177;2018-02-26;"segunda-feira";"08:30:00";"MS";262;183,7;"RIBAS DO RIO PARDO";"Não guardar distância de segurança";"Tombamento";"Sem Vítimas";"Pleno dia";"Crescente";"Céu Claro";"Simples";"Reta";"Não";1;0;0;0;1;0;0;1;-20,443508;-53,7596;"SPRF-MS";"DEL07-MS";"UOP02-DEL07-MS"
114185;2018-02-26;"segunda-feira";"10:20:00";"SC";470;205,9;"PONTE ALTA";"Velocidade Incompatível";"Saída de leito carroçável";"Com Vítimas Fatais";"Pleno dia";"Decrescente";"Céu Claro";"Simples";"Curva;Declive";"Não";3;2;0;0;0;1;0;2;-27,28962;-50,16952;"SPRF-SC";"DEL02-SC";"UOP03-DEL02-SC"
114186;2018-02-26;"segunda-feira";"10:40:00";"MG";251;473;"FRANCISCO SA";"Pista Escorregadia";"Colisão traseira";"Com Vítimas Feridas";"Pleno dia";"Crescente";"Chuva";"Simples";"Declive;Curva";"Não";3;0;1;0;1;1;1;3;-16,4701;-43,4471;"SPRF-MG";"DEL12-MG";"UOP01-DEL12-MG"