"id";"data_inversa";"dia_semana";"horario";"uf";"br";"km";"municipio";"causa_acidente";"tipo_acidente";"classificacao_acidente";"fase_dia";"sentido_via";"condicao_metereologica";"tipo_pista";"tracado_via";"uso_solo";"pessoas";"mortos";"feridos_leves";"feridos_graves";"ilesos";"ignorados";"feridos";"veiculos";"latitude";"longitude";"regional";"delegacia";"uop"
114190;2018-02-26;"segunda-feira";"10:40:00";"MG";365;16,5;"MONTES CLAROS";"Pista Escorregadia";"Tombamento";"Com Vítimas Feridas";"Pleno dia";"Decrescente";"Chuva";"Simples";"Declive";"Não";2;0;1;0;0;1;1;2;-16,81092547;-43,84908809;"SPRF-MG";"DEL12-MG";"UOP01-DEL12-MG"
114196;2018-02-24;"sábado";"06:50:00";"PR";163;313,5;"TERRA ROXA";"Condutor Dormindo";"Colisão com objeto estático";"Com Vítimas Feridas";"Amanhecer";"Crescente";"Céu Claro";"Simples";"Curva";"Não";3;0;1;1;1;0;2;2;-24,36690548;-54,14845204;"SPRF-PR";"DEL06-PR";"UOP02-DEL06-PR"
114198;2018-02-26;"segunda-feira";"12:05:00";"SC";470;62;"INDAIAL";"Falta de Atenção à Condução";"Colisão traseira";"Com Vítimas Feridas";"Pleno dia";"Crescente";"Sol";"Simples";"Reta";"Sim";4;0;1;0;3;0;1;3;-26,92574323;-49,1960907;"SPRF-SC";"DEL04-SC";"UOP01-DEL04-SC"
114204;2018-02-26;"segunda-feira";"12:00:00";"SC";101;210;"PALHOCA";"Desobediência às normas de trânsito pelo condutor";"Colisão lateral";"Com Vítimas Feridas";"Pleno dia";"Crescente";"Céu Claro";"Dupla";"Reta";"Sim";3;0;0;1;2;0;1;3;-27,6235;-48,6524;"SPRF-SC";"DEL01-SC";"UOP01-DEL01-SC"
114220;2018-02-26;"segunda-feira";"13:30:00";"ES";101;246,1;"SERRA";"Falta de Atenção à Condução";"Colisão traseira";"Com Vítimas Feridas";"Pleno dia";"Crescente";"Nublado";"Dupla";"Reta";"Não";3;0;1;0;1;1;1;3;-20,06363973;-40,37640385;"SPRF-ES";"DEL02-ES";"UOP01-DEL02-ES"
114229;2018-02-26;"segunda-feira";"13:00:00";"PE";101;93;"CABO DE SANTO AGOSTINHO";"Falta de Atenção à Condução";"Colisão traseira";"Sem Vítimas";"Pleno dia";"Crescente";"Céu Claro";"Dupla";"Reta";"Não";2;0;0;0;2;0;0;2;-8,2462;-35,0058;"SPRF-PE";"DEL01-PE";"UOP03-DEL01-PE"
114241;2018-02-26;"segunda-feira";"13:25:00";"PR";277;592;"CASCAVEL";"Falta de Atenção à Condução";"Colisão transversal";"Com Vítimas Feridas";"Pleno dia";"Decrescente";"Sol";"Simples";"Reta";"Sim";2;0;1;0;1;0;1;2;-24,956297;-53,455727;"SPRF-PR";"DEL04-PR";"UOP01-DEL04-PR"
114242;2018-02-26;"segunda-feira";"12:20:00";"MG";40;465;"SETE LAGOAS";"Pista Escorregadia";"Colisão com objeto estático";"Sem Vítimas";"Pleno dia";"Decrescente";"Chuva";"Dupla";"Curva";"Não";2;0;0;0;1;1;0;2;-19,4495;-44,3176;"SPRF-MG";"DEL02-MG";"UOP01-DEL02-MG"
114243;2018-01-15;"segunda-feira";"06:40:00";"MG";116;674,8;"MIRADOURO";"Falta de Atenção à Condução";"Colisão traseira";"Com Vítimas Feridas";"Amanhecer";"Crescente";"Ignorado";"Simples";"Reta";"Não";2;0;1;0;1;0;1;2;-20,891035;-42,34286;"SPRF-MG";"DEL07-MG";"UOP03-DEL07-MG"
114245;2018-02-26;"segunda-feira";"10:30:00";"MT";158;577,2;"AGUA BOA";"Falta de Atenção à Condução";"Tombamento";"Sem Vítimas";"Pleno dia";"Crescente";"Céu Claro";"Simples";"Reta";"Não";2;0;0;0;1;3;0;4;-14,0553;-52,1592;"SPRF-MT";"DEL07-MT";"UOP02-DEL07-MT"
114249;2018-02-26;"segunda-feira";"14:10:00";"MG";381;674,4;"PERDOES";"Velocidade Incompatível";"Colisão com objeto estático";"Sem Vítimas";"Pleno dia";"Decrescente";"Chuva";"Dupla";"Curva";"Não";1;0;0;0;1;0;0;1;-21,08902168;-45,06924232;"SPRF-MG";"DEL04-MG";"UOP02-DEL04-MG"
114252;2018-02-26;"segunda-feira";"14:57:00";"SP";153;55,7;"SAO JOSE DO RIO PRETO";"Desobediência às normas de trânsito pelo condutor";"Colisão transversal";"Com Vítimas Feridas";"Pleno dia";"Decrescente";"Garoa/Chuvisco";"Simples";"Rotatória";"Sim";5;0;4;0;1;0;4;2;-20,76221352;-49,34642315;"SPRF-SP";"DEL09-SP";"UOP01-DEL09-SP"
114253;2018-02-26;"segunda-feira";"14:00:00";"MG";381;943,5;"EXTREMA";"Velocidade Incompatível";"Colisão traseira";"Sem Vítimas";"Pleno dia";"Decrescente";"Chuva";"Dupla";"Reta;Aclive";"Não";3;0;0;0;1;2;0;3;-22,84220454;-46,33000244;"SPRF-MG";"DEL16-MG";"UOP03-DEL16-MG"
114257;2018-02-26;"segunda-feira";"13:20:00";"RJ";101;277;"TANGUA";"Falta de Atenção à Condução";"Colisão traseira";"Com Vítimas Feridas";"Pleno dia";"Decrescente";"Céu Claro";"Dupla";"Reta;Retorno Regulamentado;Declive";"Sim";3;0;0;1;1;1;1;3;-22,739443;-42,748337;"SPRF-RJ";"DEL02-RJ";"UOP03-DEL02-RJ"
114260;2018-02-26;"segunda-feira";"15:30:00";"RS";158;276;"JULIO DE CASTILHOS";"Falta de Atenção à Condução";"Colisão lateral";"Com Vítimas Feridas";"Pleno dia";"Crescente";"Céu Claro";"Simples";"Reta";"Não";6;0;2;2;2;0;4;2;-29,343157;-53,673649;"SPRF-RS";"DEL09-RS";"UOP01-DEL09-RS"
114265;2018-02-26;"segunda-feira";"16:05:00";"PE";101;90;"CABO DE SANTO AGOSTINHO";"Velocidade Incompatível";"Colisão frontal";"Com Vítimas Fatais";"Pleno dia";"Crescente";"Céu Claro";"Dupla";"Reta";"Não";4;2;1;1;0;0;2;2;-8,217273;-34,98854;"SPRF-PE";"DEL01-PE";"UOP03-DEL01-PE"
114270;2018-02-26;"segunda-feira";"16:00:00";"RJ";40;111;"DUQUE DE CAXIAS";"Pista Escorregadia";"Colisão traseira";"Sem Vítimas";"Pleno dia";"Crescente";"Chuva";"Múltipla";"Reta";"Sim";5;0;0;0;4;1;0;3;-22,7008;-43,2901;"SPRF-RJ";"DEL01-RJ";"UOP01-DEL01-RJ"
114272;2018-02-26;"segunda-feira";"16:10:00";"PR";376;668;"GUARATUBA";"Falta de Atenção à Condução";"Colisão traseira";"Com Vítimas Feridas";"Pleno dia";"Crescente";"Céu Claro";"Dupla";"Curva";"Não";3;0;0;1;1;2;1;4;-25,883259;-48,57514;"SPRF-PR";"DEL01-PR";"DEL7/1-UOP08/PR"
114279;2018-02-26;"segunda-feira";"13:30:00";"MG";381;211,9;"NAQUE";"Defeito Mecânico no Veículo";"Tombamento";"Com Vítimas Fatais";"Pleno dia";"Decrescente";"Céu Claro";"Simples";"Curva";"Não";3;1;0;0;1;2;0;3;-19,230751;-42,32869;"SPRF-MG";"DEL06-MG";"UOP01-DEL06-MG"
114281;2018-02-26;"segunda-feira";"15:00:00";"MT";163;686;"LUCAS DO RIO VERDE";"Falta de Atenção à Condução";"Saída de leito carroçável";"Com Vítimas Feridas";"Pleno dia";"Crescente";"Nublado";"Simples";"Reta";"Não";2;0;1;0;0;3;1;4;-13,050703;-55,91154;"SPRF-MT";"DEL06-MT";"UOP01-DEL06-MT"
114282;2018-02-26;"segunda-feira";"13:00:00";"MT";364;330;"SANTO ANTONIO DO LEVERGER";"Falta de Atenção à Condução";"Saída de leito carroçável";"Com Vítimas Feridas";"Pleno dia";"Decrescente";"Nublado";"Dupla";"Aclive";"Não";2;0;1;0;0;2;1;3;-15,820525;-55,411106;"SPRF-MT";"DEL02-MT";"UOP02-DEL01-MT"
114283;2018-02-26;"segunda-feira";"16:45:00";"RS";116;522,7;"PELOTAS";"Não guardar distância de segurança";"Colisão lateral";"Sem Vítimas";"Pleno dia";"Decrescente";"Sol";"Dupla";"Reta";"Sim";2;0;0;0;2;0;0;2;-31,772423;-52,34297;"SPRF-RS";"DEL07-RS";"UOP01-DEL07-RS"
114299;2018-02-09;"sexta-feira";"21:00:00";"RS";472;404;"SAO BORJA";"Falta de Atenção à Condução";"Colisão traseira";"Sem Vítimas";"Plena Noite";"Decrescente";"Chuva";"Simples";"Reta";"Não";3;0;0;0;2;2;0;4;-28,71708737;-56,14906311;"SPRF-RS";"DEL12-RS";"UOP01-DEL12-RS"
114310;2018-02-26;"segunda-feira";"17:55:00";"MG";381;344;"BELA VISTA DE MINAS";"Velocidade Incompatível";"Colisão frontal";"Com Vítimas Feridas";"Pleno dia";"Crescente";"Garoa/Chuvisco";"Simples";"Curva";"Não";4;0;2;0;2;0;2;2;-19,830753;-43,091476;"SPRF-MG";"DEL03-MG";"UOP01-DEL03-MG"
114314;2018-02-26;"segunda-feira";"17:50:00";"BA";242;780;"BARREIRAS";"Velocidade Incompatível";"Tombamento";"Com Vítimas Feridas";"Anoitecer";"Crescente";"Chuva";"Simples";"Curva";"Não";2;0;1;0;1;0;1;1;-12,150034;-44,886901;"SPRF-BA";"DEL10-BA";"UOP01-DEL10-BA"
114318;2018-02-26;"segunda-feira";"17:25:00";"MG";267;63,2;"BICAS";"Velocidade Incompatível";"Colisão frontal";"Com Vítimas Fatais";"Pleno dia";"Decrescente";"Chuva";"Simples";"Curva";"Não";3;1;0;0;2;0;0;2;-21,73329454;-43,08916442;"SPRF-MG";"DEL05-MG";"UOP01-DEL05-MG"
114322;2018-02-26;"segunda-feira";"17:25:00";"MS";163;266,9;"DOURADOS";"Carga excessiva e/ou mal acondicionada";"Tombamento";"Sem Vítimas";"Pleno dia";"Crescente";"Nublado";"Dupla";"Rotatória";"Não";1;0;0;0;1;0;0;1;-22,221565;-54,806004;"SPRF-MS";"DEL04-MS";"UOP01-DEL04-MS"
114327;2018-02-23;"sexta-feira";"17:05:00";"MG";364;32,8;"FRUTAL";"Velocidade Incompatível";"Colisão frontal";"Com Vítimas Fatais";"Pleno dia";"Crescente";"Sol";"Simples";"Ponte";"Sim";2;1;1;0;0;0;1;2;-20,0036152;-48,942122;"SPRF-MG";"DEL13-MG";"UOP02-DEL13-MG"
114331;2018-02-26;"segunda-feira";"18:10:00";"RS";290;101;"PORTO ALEGRE";"Falta de Atenção à Condução";"Colisão com objeto em movimento";"Com Vítimas Feridas";"Pleno dia";"Crescente";"Céu Claro";"Dupla";"Reta";"Não";3;0;0;2;1;0;2;2;-29,985779;-51,246201;"SPRF-RS";"DEL01-RS";"UOP01-DEL01-RS"
114332;2018-02-26;"segunda-feira";"14:50:00";"MG";40;126;"JOAO PINHEIRO";"Ingestão de Álcool";"Colisão lateral";"Com Vítimas Feridas";"Pleno dia";"Crescente";"Céu Claro";"Simples";"Reta";"Sim";2;0;1;0;1;0;1;2;-17,689611;-46,318035;"SPRF-MG";"DEL14-MG";"UOP01-DEL14-MG"
114335;2018-02-26;"segunda-feira";"13:45:00";"SC";116;139,8;"SANTA CECILIA";"Falta de Atenção à Condução";"Colisão frontal";"Com Vítimas Feridas";"Pleno dia";"Decrescente";"Céu Claro";"Simples";"Reta";"Não";3;0;0;1;2;0;1;3;-26,96502065;-50,41067957;"SPRF-SC";"DEL06-SC";"UOP02-DEL06-SC"
114337;2018-02-26;"segunda-feira";"19:00:00";"SC";470;224;"SAO CRISTOVAO DO SUL";"Falta de Atenção à Condução";"Colisão com objeto estático";"Sem Vítimas";"Plena Noite";"Crescente";"Chuva";"Simples";"Reta";"Não";2;0;0;0;1;1;0;2;-27,32696;-50,342205;"SPRF-SC";"DEL02-SC";"UOP03-DEL02-SC"
114338;2018-02-26;"segunda-feira";"18:40:00";"ES";262;4;"CARIACICA";"Falta de Atenção à Condução";"Colisão transversal";"Com Vítimas Feridas";"Plena Noite";"Crescente";"Nublado";"Dupla";"Reta";"Sim";2;0;1;0;1;0;1;2;-20,34205168;-40,37314653;"SPRF-ES";"DEL01-ES";"UOP01-DEL01-ES"
114345;2018-02-26;"segunda-feira";"19:50:00";"GO";60;184,4;"GUAPO";"Falta de Atenção à Condução";"Colisão traseira";"Com Vítimas Feridas";"Plena Noite";"Decrescente";"Vento";"Dupla";"Aclive";"Não";3;0;0;1;1;1;1;3;-16,79778;-49,512111;"SPRF-GO";"DEL01-GO";"UOP02-DEL01-GO"
114353;2018-02-26;"segunda-feira";"19:50:00";"RS";290;578;"ALEGRETE";"Animais na Pista";"Atropelamento de Animal";"Sem Vítimas";"Anoitecer";"Decrescente";"Nublado";"Simples";"Reta";"Não";3;0;0;0;1;2;0;3;-29,80761959;-55,76876879;"SPRF-RS";"DEL13-RS";"UOP02-DEL13-RS"
114354;2018-02-26;"segunda-feira";"20:20:00";"SC";101;135,3;"BALNEARIO CAMBORIU";"Não guardar distância de segurança";"Colisão com objeto em movimento";"Com Vítimas Feridas";"Plena Noite";"Crescente";"Céu Claro";"Dupla";"Ponte";"Não";2;0;1;0;1;0;1;2;-27,00714124;-48,61987628;"SPRF-SC";"DEL04-SC";"UOP03-DEL04-SC"
114358;2018-02-26;"segunda-feira";"21:10:00";"MG";365;471,1;"PATROCINIO";"Ingestão de Álcool";"Colisão lateral";"Com Vítimas Fatais";"Plena Noite";"Crescente";"Céu Claro";"Simples";"Curva";"Não";4;1;0;0;1;3;0;5;-18,91586;-46,97498;"SPRF-MG";"DEL10-MG";"UOP01-DEL10-MG"
114362;2018-02-26;"segunda-feira";"20:55:00";"MG";116;725;"MURIAE";"Objeto estático sobre o leito carroçável";"Saída de leito carroçável";"Sem Vítimas";"Plena Noite";"Crescente";"Chuva";"Simples";"Reta";"Não";3;0;0;0;1;2;0;3;-21,27062339;-42,4050851;"SPRF-MG";"DEL07-MG";"UOP02-DEL07-MG"
114368;2018-02-26;"segunda-feira";"21:10:00";"MG";116;296,4;"ITAMBACURI";"Defeito Mecânico no Veículo";"Saída de leito carroçável";"Com Vítimas Feridas";"Plena Noite";"Crescente";"Céu Claro";"Simples";"Declive";"Não";3;0;1;0;1;2;1;3;-18,04664423;-41,66152954;"SPRF-MG";"DEL11-MG";"UOP01-DEL11-MG"
114369;2018-02-26;"segunda-feira";"20:50:00";"MT";163;589;"NOVA MUTUM";"Ultrapassagem Indevida";"Saída de leito carroçável";"Com Vítimas Feridas";"Plena Noite";"Decrescente";"Nublado";"Simples";"Reta";"Não";3;0;2;0;0;1;2;2;-13,829317;-56,082653;"SPRF-MT";"DEL01-MT";"UOP01-DEL01-MT"
114374;2018-02-26;"segunda-feira";"19:00:00";"SP";153;164,5;"PROMISSAO";"Ultrapassagem Indevida";"Colisão frontal";"Com Vítimas Fatais";"Plena Noite";"Crescente";"Chuva";"Simples";"Reta";"Não";3;1;0;0;1;2;0;4;-21,54776791;-49,78245051;"SPRF-SP";"DEL07-SP";"UOP01-DEL07-SP"
114375;2018-02-26;"segunda-feira";"23:00:00";"DF";20;15,6;"BRASILIA";"Velocidade Incompatível";"Colisão traseira";"Com Vítimas Fatais";"Plena Noite";"Decrescente";"Céu Claro";"Dupla";"Aclive";"Sim";3;1;0;0;1;2;0;4;-15,647723;-47,71757126;"SPRF-DF";"DEL02-DF";"UOP01-DEL02-DF"
114376;2018-02-26;"segunda-feira";"22:45:00";"ES";262;167;"IBATIBA";"Velocidade Incompatível";"Tombamento";"Com Vítimas Feridas";"Plena Noite";"Crescente";"Nublado";"Simples";"Curva";"Não";2;0;2;0;0;0;2;1;-20,25255464;-41,56603385;"SPRF-ES";"DEL01-ES";"UOP02-DEL01-ES"
114380;2018-02-26;"segunda-feira";"20:00:00";"PA";316;210;"SANTA LUZIA DO PARA";"Defeito Mecânico no Veículo";"Colisão frontal";"Com Vítimas Feridas";"Plena Noite";"Crescente";"Céu Claro";"Simples";"Declive";"Não";2;0;1;0;1;0;1;2;-1,30422227;-47,09560542;"SPRF-PA";"DEL01-PA";"UOP03-DEL01-PA"
114381;2018-02-26;"segunda-feira";"22:50:00";"RS";386;423;"MONTENEGRO";"Falta de Atenção à Condução";"Saída de leito carroçável";"Sem Vítimas";"Plena Noite";"Decrescente";"Céu Claro";"Simples";"Rotatória";"Sim";2;0;0;0;2;0;0;2;-29,816875;-51,392719;"SPRF-RS";"DEL04-RS";"UOP02-DEL04-RS"
114383;2018-02-26;"segunda-feira";"22:30:00";"MG";40;644;"CONSELHEIRO LAFAIETE";"Defeito Mecânico no Veículo";"Incêndio";"Sem Vítimas";"Plena Noite";"Crescente";"Nublado";"Simples";"Curva";"Não";2;0;0;0;1;1;0;2;-20,7896;-43,8107;"SPRF-MG";"DEL05-MG";"UOP02-DEL05-MG"
114385;2018-02-26;"segunda-feira";"19:00:00";"AL";101;143;"SAO MIGUEL DOS CAMPOS";"Defeito Mecânico no Veículo";"Danos eventuais";"Sem Vítimas";"Plena Noite";"Decrescente";"Céu Claro";"Simples";"Reta";"Não";2;0;0;0;1;1;0;2;-9,78019;-36,0983;"SPRF-AL";"DEL02-AL";"UOP01-DEL02-AL"
114387;2018-02-27;"terça-feira";"00:30:00";"MG";381;937,2;"EXTREMA";"Condutor Dormindo";"Saída de leito carroçável";"Sem Vítimas";"Plena Noite";"Decrescente";"Chuva";"Dupla";"Curva";"Não";1;0;0;0;1;0;0;1;-22,81358037;-46,28899117;"SPRF-MG";"DEL16-MG";"UOP03-DEL16-MG"
114388;2018-02-26;"segunda-feira";"23:30:00";"SC";470;157;"TROMBUDO CENTRAL";"Velocidade Incompatível";"Colisão frontal";"Com Vítimas Fatais";"Plena Noite";"Crescente";"Nublado";"Simples";"Curva";"Não";3;1;0;0;1;1;0;3;-27,279268;-49,755289;"SPRF-SC";"DEL04-SC";"UOP02-DEL04-SC"
114389;2018-02-26;"segunda-feira";"21:39:00";"RO";364;709;"PORTO VELHO";"Defeito Mecânico no Veículo";"Derramamento de carga";"Sem Vítimas";"Plena Noite";"Crescente";"Nublado";"Dupla";"Reta";"Não";2;0;0;0;1;1;0;2;-8,78886997;-63,8527;"SPRF-RO";"DEL01-RO";"UOP01-DEL01-RO"
114390;2018-02-27;"terça-feira";"00:40:00";"PR";116;59;"CAMPINA GRANDE DO SUL";"Falta de Atenção à Condução";"Saída de leito carroçável";"Com Vítimas Feridas";"Plena Noite";"Decrescente";"Céu Claro";"Dupla";"Reta;Aclive";"Não";2;0;1;0;0;1;1;2;-25,303358;-48,94379;"SPRF-PR";"DEL01-PR";"UOP02-DEL01-PR"
114395;2018-02-26;"segunda-feira";"18:00:00";"MT";70;695,1;"CACERES";"Falta de Atenção à Condução";"Colisão com objeto estático";"Com Vítimas Feridas";"Anoitecer";"Crescente";"Chuva";"Simples";"Curva";"Não";3;0;1;0;1;1;1;2;-16,25289781;-57,46511847;"SPRF-MT";"DEL03-MT";"UOP01-DEL03-MT"
114402;2018-02-27;"terça-feira";"02:15:00";"SP";116;222;"GUARULHOS";"Condutor Dormindo";"Colisão com objeto estático";"Sem Vítimas";"Plena Noite";"Decrescente";"Céu Claro";"Múltipla";"Reta";"Sim";2;0;0;0;1;1;0;2;-23,471531;-46,518002;"SPRF-SP";"DEL01-SP";"UOP01-DEL01-SP"
114403;2018-02-27;"terça-feira";"02:46:00";"SP";116;15,9;"LAVRINHAS";"Condutor Dormindo";"Colisão com objeto estático";"Sem Vítimas";"Plena Noite";"Decrescente";"Nublado";"Dupla";"Reta";"Não";1;0;0;0;1;0;0;1;-22,5581511;-44,83733173;"SPRF-SP";"DEL08-SP";"UOP02-DEL08-SP"
114436;2018-02-27;"terça-feira";"05:25:00";"ES";101;387;"ICONHA";"Velocidade Incompatível";"Tombamento";"Com Vítimas Feridas";"Amanhecer";"Crescente";"Nublado";"Simples";"Curva";"Não";2;0;0;1;0;1;1;2;-20,84863539;-40,87529629;"SPRF-ES";"DEL03-ES";"UOP01-DEL03-ES"
114437;2018-02-27;"terça-feira";"05:00:00";"RN";226;155,7;"CURRAIS NOVOS";"Velocidade Incompatível";"Colisão frontal";"Com Vítimas Feridas";"Amanhecer";"Decrescente";"Céu Claro";"Simples";"Curva";"Não";4;0;2;0;1;2;2;4;-6,201923;-36,394093;"SPRF-RN";"DEL03-RN";"UOP02-DEL03-RN"
114439;2018-02-27;"terça-feira";"01:15:00";"MG";381;819;"CAREACU";"Condutor Dormindo";"Saída de leito carroçável";"Sem Vítimas";"Plena Noite";"Crescente";"Chuva";"Dupla";"Reta";"Não";2;0;0;0;1;1;0;2;-22,0676;-45,7027;"SPRF-MG";"DEL16-MG";"UOP02-DEL16-MG"
114440;2018-02-27;"terça-feira";"04:45:00";"MS";163;722;"COXIM";"Condutor Dormindo";"Colisão frontal";"Com Vítimas Fatais";"Amanhecer";"Decrescente";"Céu Claro";"Simples";"Reta";"Não";3;1;1;0;0;1;1;3;-18,55123044;-54,74189043;"SPRF-MS";"DEL06-MS";"UOP01-DEL06-MS"
114441;2018-02-27;"terça-feira";"06:25:00";"TO";153;614,2;"ALIANCA DO TOCANTINS";"Condutor Dormindo";"Colisão lateral";"Sem Vítimas";"Amanhecer";"Decrescente";"Céu Claro";"Simples";"Reta";"Não";3;0;0;0;2;1;0;3;-11,28414066;-48,93825531;"SPRF-TO";"DEL02-TO";"UOP02-DEL01-TO"
114442;2018-02-27;"terça-feira";"04:50:00";"PA";316;63;"CASTANHAL";"Falta de Atenção à Condução";"Colisão traseira";"Sem Vítimas";"Amanhecer";"Decrescente";"Nublado";"Dupla";"Reta";"Sim";2;0;0;0;2;0;0;2;-1,2942672;-47,92676;"SPRF-PA";"DEL01-PA";"UOP01-DEL01-PA"
114443;2018-02-27;"terça-feira";"05:25:00";"MS";163;276,3;"DOURADOS";"Velocidade Incompatível";"Colisão com objeto estático";"Com Vítimas Fatais";"Amanhecer";"Crescente";"Céu Claro";"Dupla";"Rotatória";"Não";2;1;0;0;0;2;0;3;-22,15927;-54,64621;"SPRF-MS";"DEL04-MS";"UOP01-DEL04-MS"
114445;2018-02-27;"terça-feira";"05:50:00";"MS";163;575,1;"BANDEIRANTES";"Falta de Atenção à Condução";"Colisão transversal";"Com Vítimas Feridas";"Pleno dia";"Decrescente";"Céu Claro";"Simples";"Retorno Regulamentado";"Sim";5;0;1;0;3;1;1;3;-19,6858637;-54,34250406;"SPRF-MS";"DEL06-MS";"UOP02-DEL06-MS"
114446;2018-02-27;"terça-feira";"05:30:00";"PE";101;54,7;"PAULISTA";"Pista Escorregadia";"Saída de leito carroçável";"Com Vítimas Feridas";"Pleno dia";"Decrescente";"Nublado";"Simples";"Curva";"Não";1;0;0;1;0;0;1;1;-7,94309931;-34,90468971;"SPRF-PE";"DEL01-PE";"UOP02-DEL01-PE"
114453;2018-02-27;"terça-feira";"07:10:00";"PR";277;584;"CASCAVEL";"Desobediência às normas de trânsito pelo condutor";"Queda de ocupante de veículo";"Com Vítimas Feridas";"Pleno dia";"Crescente";"Céu Claro";"Simples";"Reta";"Sim";3;0;1;0;0;2;1;3;-24,97308669;-53,39842801;"SPRF-PR";"DEL04-PR";"UOP01-DEL04-PR"
114456;2018-02-27;"terça-feira";"07:20:00";"GO";40;1,5;"VALPARAISO DE GOIAS";"Mal Súbito";"Colisão lateral";"Sem Vítimas";"Pleno dia";"Decrescente";"Céu Claro";"Dupla";"Reta";"Sim";5;0;0;0;3;2;0;5;-16,06692896;-47,98072815;"SPRF-DF";"DEL01-DF";"UOP01-DEL01-DF"
114466;2018-02-27;"terça-feira";"05:00:00";"RS";290;650;"URUGUAIANA";"Defeito Mecânico no Veículo";"Incêndio";"Sem Vítimas";"Amanhecer";"Crescente";"Céu Claro";"Simples";"Reta";"Não";2;0;0;0;1;1;0;2;-30,019154;-56,419773;"SPRF-RS";"DEL13-RS";"UOP02-DEL13-RS"
114471;2018-02-27;"terça-feira";"04:00:00";"RO";364;635;"ITAPUA DO OESTE";"Restrição de Visibilidade";"Saída de leito carroçável";"Sem Vítimas";"Plena Noite";"Crescente";"Nublado";"Simples";"Reta";"Não";2;0;0;0;1;2;0;3;-9,054713;-63,41069;"SPRF-RO";"DEL03-RO";"UOP04-DEL01-RO"
114473;2018-02-27;"terça-feira";"08:10:00";"MG";381;478;"CONTAGEM";"Não guardar distância de segurança";"Queda de ocupante de veículo";"Com Vítimas Feridas";"Pleno dia";"Decrescente";"Céu Claro";"Dupla";"Reta";"Sim";5;0;2;1;1;1;3;4;-19,9643;-44,044;"SPRF-MG";"DEL01-MG";"UOP03-DEL01-MG"
114475;2018-02-25;"domingo";"21:10:00";"RJ";116;12,5;"SAPUCAIA";"Condutor Dormindo";"Saída de leito carroçável";"Com Vítimas Feridas";"Plena Noite";"Decrescente";"Chuva";"Simples";"Curva";"Não";1;0;1;0;0;0;1;1;-21,95196188;-42,72879124;"SPRF-RJ";"DEL04-RJ";"UOP01-DEL04-RJ"
114493;2018-02-27;"terça-feira";"06:40:00";"BA";242;550;"OLIVEIRA DOS BREJINHOS";"Falta de Atenção à Condução";"Colisão lateral";"Com Vítimas Feridas";"Pleno dia";"Crescente";"Céu Claro";"Simples";"Reta";"Não";5;0;1;0;3;2;1;4;-12,060322;-42,962222;"SPRF-BA";"DEL10-BA";"UOP03-DEL06-BA"
114494;2018-02-24;"sábado";"05:30:00";"PR";467;92;"CASCAVEL";"Velocidade Incompatível";"Saída de leito carroçável";"Com Vítimas Feridas";"Amanhecer";"Crescente";"Céu Claro";"Dupla";"Curva";"Não";2;0;1;0;0;1;1;2;-24,8543;-53,5952;"SPRF-PR";"DEL04-PR";"UOP05-DEL05-PR"
114495;2018-02-27;"terça-feira";"06:30:00";"MT";364;171,5;"PEDRA PRETA";"Condutor Dormindo";"Colisão frontal";"Com Vítimas Feridas";"Pleno dia";"Crescente";"Céu Claro";"Simples";"Reta";"Não";2;0;1;0;1;0;1;2;-16,644754;-54,423527;"SPRF-MT";"DEL02-MT";"UOP01-DEL02-MT"
114496;2018-02-27;"terça-feira";"08:30:00";"ES";101;242;"SERRA";"Falta de Atenção à Condução";"Colisão com objeto estático";"Sem Vítimas";"Pleno dia";"Crescente";"Céu Claro";"Múltipla";"Reta";"Sim";2;0;0;0;0;2;0;2;-20,0739904;-40,36239624;"SPRF-ES";"DEL02-ES";"UOP01-DEL02-ES"
114499;2018-02-27;"terça-feira";"09:10:00";"ES";101;67;"SAO MATEUS";"Velocidade Incompatível";"Tombamento";"Sem Vítimas";"Pleno dia";"Decrescente";"Sol";"Simples";"Reta";"Não";1;0;0;0;1;0;0;1;-18,720545;-39,865883;"SPRF-ES";"DEL04-ES";"UOP02-DEL04-ES"
114502;2018-02-27;"terça-feira";"09:30:00";"PR";469;21;"FOZ DO IGUACU";"Não guardar distância de segurança";"Colisão traseira";"Com Vítimas Feridas";"Pleno dia";"Decrescente";"Céu Claro";"Simples";"Reta";"Sim";3;0;1;0;2;0;1;2;-25,61153863;-54,4858253;"SPRF-PR";"DEL05-PR";"UOP04-DEL05-PR"
114507;2018-02-27;"terça-feira";"08:40:00";"BA";116;654;"JEQUIE";"Ultrapassagem Indevida";"Colisão traseira";"Sem Vítimas";"Pleno dia";"Crescente";"Céu Claro";"Simples";"Reta";"Não";2;0;0;0;2;0;0;2;-13,787872;-40,108401;"SPRF-BA";"DEL03-BA";"UOP01-DEL03-BA"
114513;2018-02-27;"terça-feira";"10:20:00";"RS";386;301,9;"POUSO NOVO";"Falta de Atenção à Condução";"Colisão traseira";"Com Vítimas Feridas";"Pleno dia";"Crescente";"Sol";"Dupla";"Reta";"Não";2;0;1;0;1;0;1;2;-29,17058;-52,220757;"SPRF-RS";"DEL04-RS";"UOP01-DEL04-RS"