"id";"data_inversa";"dia_semana";"horario";"uf";"br";"km";"municipio";"causa_acidente";"tipo_acidente";"classificacao_acidente";"fase_dia";"sentido_via";"condicao_metereologica";"tipo_pista";"tracado_via";"uso_solo";"pessoas";"mortos";"feridos_leves";"feridos_graves";"ilesos";"ignorados";"feridos";"veiculos";"latitude";"longitude";"regional";"delegacia";"uop"
114517;2018-02-27;"terça-feira";"07:30:00";"MG";116;537,6;"SANTA RITA DE MINAS";"Pista Escorregadia";"Colisão frontal";"Sem Vítimas";"Pleno dia";"Decrescente";"Chuva";"Simples";"Curva";"Não";3;0;0;0;2;1;0;3;-19,86065558;-42,1338129;"SPRF-MG";"DEL06-MG";"UOP02-DEL06-MG"
114519;2018-02-07;"quarta-feira";"14:30:00";"PR";277;103,5;"CURITIBA";"Falta de Atenção à Condução";"Colisão lateral";"Com Vítimas Feridas";"Pleno dia";"Crescente";"Céu Claro";"Dupla";"Aclive";"Não";4;0;2;0;1;2;2;4;-25,428255;-49,27348;"SPRF-PR";"DEL01-PR";"UOP06-DEL01-PR"
114526;2018-02-27;"terça-feira";"11:50:00";"MG";381;494,5;"BETIM";"Falta de Atenção à Condução";"Tombamento";"Com Vítimas Feridas";"Pleno dia";"Decrescente";"Nublado";"Dupla";"Curva";"Não";3;0;2;0;0;1;2;2;-19,9731;-44,1843;"SPRF-MG";"DEL01-MG";"UOP03-DEL01-MG"
114527;2018-02-27;"terça-feira";"12:00:00";"MG";365;5;"MONTES CLAROS";"Defeito Mecânico no Veículo";"Tombamento";"Com Vítimas Feridas";"Pleno dia";"Decrescente";"Céu Claro";"Simples";"Curva;Declive";"Não";2;0;1;0;0;1;1;2;-16,802439;-43,902325;"SPRF-MG";"DEL12-MG";"UOP01-DEL12-MG"
114535;2018-02-27;"terça-feira";"12:50:00";"RS";285;381,7;"SANTA BARBARA DO SUL";"Falta de Atenção à Condução";"Colisão traseira";"Sem Vítimas";"Pleno dia";"Decrescente";"Nublado";"Simples";"Reta";"Não";3;0;0;0;2;2;0;4;-28,43265218;-53,18501025;"SPRF-RS";"DEL10-RS";"UOP01-DEL10-RS"
114538;2018-02-27;"terça-feira";"09:20:00";"SC";116;5;"MAFRA";"Desobediência às normas de trânsito pelo condutor";"Colisão transversal";"Com Vítimas Feridas";"Pleno dia";"Decrescente";"Céu Claro";"Simples";"Interseção de Vias";"Sim";3;0;1;0;1;1;1;3;-26,140944;-49,815083;"SPRF-SC";"DEL06-SC";"UOP01-DEL06-SC"
114543;2018-02-27;"terça-feira";"13:40:00";"MG";381;351;"JOAO MONLEVADE";"Desobediência às normas de trânsito pelo condutor";"Engavetamento";"Com Vítimas Fatais";"Pleno dia";"Decrescente";"Céu Claro";"Simples";"Ponte";"Não";10;2;3;2;2;1;5;6;-19,8274583;-43,1553295;"SPRF-MG";"DEL03-MG";"UOP01-DEL03-MG"
114545;2018-02-27;"terça-feira";"08:15:00";"RO";364;641;"ITAPUA DO OESTE";"Carga excessiva e/ou mal acondicionada";"Tombamento";"Sem Vítimas";"Pleno dia";"Decrescente";"Nublado";"Simples";"Reta";"Não";2;0;0;0;1;1;0;2;-8,86336203;-63,31420898;"SPRF-RO";"DEL03-RO";"UOP04-DEL01-RO"
114548;2018-02-27;"terça-feira";"13:50:00";"PE";101;44,2;"IGARASSU";"Falta de Atenção à Condução";"Colisão traseira";"Sem Vítimas";"Pleno dia";"Crescente";"Sol";"Múltipla";"Reta";"Sim";3;0;0;0;3;0;0;3;-7,85657986;-34,90768433;"SPRF-PE";"DEL01-PE";"UOP02-DEL01-PE"
114551;2018-02-27;"terça-feira";"12:10:00";"BA";110;357;"CATU";"Defeito Mecânico no Veículo";"Tombamento";"Com Vítimas Feridas";"Pleno dia";"Decrescente";"Céu Claro";"Simples";"Curva";"Sim";2;0;2;0;0;0;2;2;-12,2801;-38,3705;"SPRF-BA";"DEL01-BA";"UOP04-DEL01-BA"
114552;2018-02-27;"terça-feira";"14:00:00";"RJ";116;268;"BARRA MANSA";"Falta de Atenção à Condução";"Colisão com objeto estático";"Sem Vítimas";"Pleno dia";"Crescente";"Céu Claro";"Dupla";"Curva";"Não";2;0;0;0;1;1;0;2;-22,560883;-44,122238;"SPRF-RJ";"DEL07-RJ";"UOP02-DEL07-RJ"
114554;2018-02-27;"terça-feira";"14:30:00";"RJ";116;277;"BARRA MANSA";"Falta de Atenção à Condução";"Colisão com objeto estático";"Sem Vítimas";"Pleno dia";"Crescente";"Céu Claro";"Simples";"Curva;Aclive";"Não";1;0;0;0;1;0;0;1;-22,561834;-44,165886;"SPRF-RJ";"DEL07-RJ";"UOP02-DEL07-RJ"
114556;2018-02-27;"terça-feira";"14:35:00";"PE";232;6,5;"RECIFE";"Falta de Atenção à Condução";"Colisão lateral";"Com Vítimas Feridas";"Pleno dia";"Decrescente";"Céu Claro";"Dupla";"Reta";"Não";4;0;1;0;2;1;1;3;-8,072261;-34,957794;"SPRF-PE";"DEL01-PE";"UOP01-DEL01-PE"
114557;2018-02-27;"terça-feira";"12:30:00";"MG";251;327,5;"SALINAS";"Defeito Mecânico no Veículo";"Incêndio";"Sem Vítimas";"Pleno dia";"Crescente";"Céu Claro";"Simples";"Reta";"Não";2;0;0;0;1;1;0;2;-16,2311;-42,3766;"SPRF-MG";"DEL12-MG";"UOP01-DEL12-MG"
114558;2018-02-20;"terça-feira";"09:45:00";"PR";476;11,1;"ADRIANOPOLIS";"Velocidade Incompatível";"Colisão lateral";"Com Vítimas Feridas";"Pleno dia";"Decrescente";"Nublado";"Simples";"Curva";"Não";3;0;1;0;1;2;1;4;-24,71923523;-49,00202062;"SPRF-PR";"DEL01-PR";"UOP01-DEL01-PR"
114560;2018-02-27;"terça-feira";"14:20:00";"MG";40;762,1;"JUIZ DE FORA";"Velocidade Incompatível";"Colisão traseira";"Com Vítimas Feridas";"Pleno dia";"Crescente";"Chuva";"Simples";"Curva";"Não";6;0;1;0;4;1;1;6;-21,5699;-43,4778;"SPRF-MG";"DEL05-MG";"UOP01-DEL05-MG"
114563;2018-02-26;"segunda-feira";"21:30:00";"SC";470;160,2;"TROMBUDO CENTRAL";"Falta de Atenção à Condução";"Colisão com objeto estático";"Sem Vítimas";"Plena Noite";"Decrescente";"Chuva";"Simples";"Reta";"Não";1;0;0;0;1;0;0;1;-27,286278;-49,798035;"SPRF-SC";"DEL04-SC";"UOP02-DEL04-SC"
114567;2018-02-27;"terça-feira";"14:30:00";"CE";116;40,6;"HORIZONTE";"Desobediência às normas de trânsito pelo condutor";"Colisão traseira";"Sem Vítimas";"Pleno dia";"Decrescente";"Céu Claro";"Dupla";"Reta";"Sim";2;0;0;0;2;0;0;2;-4,10321838;-38,49900663;"SPRF-CE";"DEL01-CE";"UOP02-DEL01-CE"
114568;2018-02-27;"terça-feira";"15:30:00";"PR";277;654,8;"MATELANDIA";"Falta de Atenção à Condução";"Colisão lateral";"Sem Vítimas";"Pleno dia";"Decrescente";"Céu Claro";"Simples";"Declive";"Sim";5;0;0;0;4;1;0;3;-25,222408;-53,951351;"SPRF-PR";"DEL05-PR";"UOP02-DEL05-PR"
114569;2018-02-27;"terça-feira";"15:05:00";"RS";101;26,9;"TRES CACHOEIRAS";"Falta de Atenção à Condução";"Colisão lateral";"Com Vítimas Feridas";"Pleno dia";"Decrescente";"Céu Claro";"Dupla";"Reta";"Não";6;0;3;1;1;1;4;3;-29,463486;-49,94815973;"SPRF-RS";"DEL03-RS";"DEL9/3-UOP03/RS"
114570;2018-02-27;"terça-feira";"14:45:00";"MT";163;955;"NOVA SANTA HELENA";"Falta de Atenção à Condução";"Colisão transversal";"Com Vítimas Feridas";"Pleno dia";"Crescente";"Céu Claro";"Simples";"Interseção de Vias";"Sim";5;0;1;0;3;2;1;4;-10,84873267;-55,18755555;"SPRF-MT";"DEL06-MT";"UOP02-DEL06-MT"
114575;2018-02-27;"terça-feira";"14:25:00";"SC";282;629;"IRACEMINHA";"Desobediência às normas de trânsito pelo condutor";"Colisão frontal";"Sem Vítimas";"Pleno dia";"Crescente";"Chuva";"Simples";"Reta";"Não";6;0;0;0;6;0;0;3;-26,819656;-53,375282;"SPRF-SC";"DEL07-SC";"UOP02-DEL07-SC"
114582;2018-02-27;"terça-feira";"14:30:00";"RO";364;720;"PORTO VELHO";"Falta de Atenção à Condução";"Colisão lateral";"Sem Vítimas";"Pleno dia";"Crescente";"Céu Claro";"Dupla";"Reta";"Não";2;0;0;0;2;0;0;2;-8,816374;-63,92131212;"SPRF-RO";"DEL01-RO";"UOP01-DEL01-RO"
114583;2018-02-27;"terça-feira";"15:50:00";"MG";381;828;"SAO SEBASTIAO DA BELA VISTA";"Falta de Atenção à Condução";"Saída de leito carroçável";"Sem Vítimas";"Pleno dia";"Crescente";"Chuva";"Dupla";"Reta";"Não";1;0;0;0;1;0;0;1;-22,1178;-45,7549;"SPRF-MG";"DEL16-MG";"UOP01-DEL16-MG"
114587;2018-02-27;"terça-feira";"16:30:00";"BA";116;644;"JAGUAQUARA";"Velocidade Incompatível";"Colisão traseira";"Sem Vítimas";"Pleno dia";"Crescente";"Céu Claro";"Simples";"Curva";"Não";3;0;0;0;2;2;0;4;-13,594875;-40,084793;"SPRF-BA";"DEL03-BA";"UOP01-DEL03-BA"
114597;2018-02-27;"terça-feira";"16:37:00";"PR";376;617;"SAO JOSE DOS PINHAIS";"Falta de Atenção à Condução";"Colisão lateral";"Sem Vítimas";"Pleno dia";"Crescente";"Nublado";"Dupla";"Reta";"Sim";5;0;0;0;3;2;0;5;-25,57836923;-49,18006182;"SPRF-PR";"DEL01-PR";"DEL7/1-UOP08/PR"
114599;2018-02-27;"terça-feira";"17:00:00";"TO";153;320;"GUARAI";"Ultrapassagem Indevida";"Tombamento";"Sem Vítimas";"Anoitecer";"Decrescente";"Céu Claro";"Simples";"Reta";"Não";2;0;0;0;1;3;0;4;-8,710052;-48,505608;"SPRF-TO";"DEL02-TO";"UOP02-DEL02-TO"
114600;2018-02-27;"terça-feira";"15:00:00";"SC";116;170,9;"PONTE ALTA DO NORTE";"Velocidade Incompatível";"Tombamento";"Com Vítimas Feridas";"Pleno dia";"Crescente";"Chuva";"Simples";"Curva";"Não";1;0;1;0;0;0;1;1;-27,1990871;-50,46572506;"SPRF-SC";"DEL05-SC";"UOP03-DEL05-SC"
114602;2018-02-27;"terça-feira";"17:55:00";"PR";376;13;"MARINGA";"Não guardar distância de segurança";"Colisão traseira";"Com Vítimas Feridas";"Anoitecer";"Crescente";"Nublado";"Dupla";"Reta";"Sim";3;0;1;0;1;1;1;2;-23,4273;-51,9375;"SPRF-PR";"DEL07-PR";"UOP01-DEL09-PR"
114607;2018-02-27;"terça-feira";"17:30:00";"SC";470;145;"RIO DO SUL";"Desobediência às normas de trânsito pelo condutor";"Colisão lateral";"Com Vítimas Feridas";"Pleno dia";"Crescente";"Chuva";"Simples";"Interseção de Vias";"Sim";3;0;2;0;1;0;2;2;-27,22126162;-49,66077268;"SPRF-SC";"DEL04-SC";"UOP02-DEL04-SC"
114608;2018-02-27;"terça-feira";"17:40:00";"MG";267;251,6;"CARVALHOS";"Velocidade Incompatível";"Tombamento";"Com Vítimas Feridas";"Anoitecer";"Decrescente";"Chuva";"Simples";"Curva";"Não";2;0;1;0;0;2;1;3;-21,93516896;-44,46052554;"SPRF-MG";"DEL05-MG";"DEL5/4-UOP01/MG"
114619;2018-02-27;"terça-feira";"18:30:00";"MG";40;577;"ITABIRITO";"Ingestão de Álcool";"Colisão traseira";"Com Vítimas Feridas";"Plena Noite";"Crescente";"Céu Claro";"Simples";"Reta";"Não";4;0;1;0;2;1;1;3;-20,2752;-43,9488;"SPRF-MG";"DEL01-MG";"UOP02-DEL01-MG"
114622;2018-02-27;"terça-feira";"19:00:00";"RN";110;66,6;"MOSSORO";"Deficiência ou não Acionamento do Sistema de Iluminação/Sinalização do Veículo";"Colisão traseira";"Com Vítimas Feridas";"Plena Noite";"Crescente";"Céu Claro";"Simples";"Reta";"Não";4;0;0;1;2;1;1;4;-5,31113357;-37,32948303;"SPRF-RN";"DEL04-RN";"UOP01-DEL04-RN"
114624;2018-02-27;"terça-feira";"18:50:00";"PR";376;5,2;"APUCARANA";"Falta de Atenção à Condução";"Colisão traseira";"Com Vítimas Feridas";"Plena Noite";"Crescente";"Nublado";"Simples";"Reta";"Sim";4;0;1;0;2;2;1;4;-23,54828588;-51,4507654;"SPRF-PR";"DEL07-PR";"UOP03-DEL07-PR"
114628;2018-02-27;"terça-feira";"19:35:00";"SC";101;113;"ITAJAI";"Pista Escorregadia";"Queda de ocupante de veículo";"Com Vítimas Feridas";"Plena Noite";"Decrescente";"Garoa/Chuvisco";"Múltipla";"Reta";"Não";3;0;1;0;1;1;1;3;-26,8622;-48,7286;"SPRF-SC";"DEL04-SC";"UOP04-DEL04-SC"
114636;2018-02-27;"terça-feira";"18:40:00";"MT";70;522;"VARZEA GRANDE";"Não guardar distância de segurança";"Colisão traseira";"Sem Vítimas";"Anoitecer";"Decrescente";"Céu Claro";"Dupla";"Reta";"Sim";3;0;0;0;2;4;0;6;-15,6495099;-56,195144;"SPRF-MT";"DEL01-MT";"DEL2/4-UOP02/MT"
114639;2018-02-27;"terça-feira";"17:00:00";"SC";153;51;"VARGEM BONITA";"Falta de Atenção à Condução";"Colisão lateral";"Com Vítimas Feridas";"Pleno dia";"Decrescente";"Nublado";"Simples";"Reta";"Não";3;0;1;0;1;1;1;3;-26,915266;-51,800182;"SPRF-SC";"DEL07-SC";"UOP07-DEL07-SC"
114643;2018-02-27;"terça-feira";"19:30:00";"SP";116;108,7;"TAUBATE";"Objeto estático sobre o leito carroçável";"Incêndio";"Sem Vítimas";"Plena Noite";"Crescente";"Nublado";"Dupla";"Reta";"Sim";4;0;0;0;3;1;0;2;-23,023352;-45,537693;"SPRF-SP";"DEL06-SP";"UOP01-DEL06-SP"
114645;2018-02-27;"terça-feira";"20:30:00";"MS";163;476,5;"CAMPO GRANDE";"Ingestão de Álcool";"Colisão traseira";"Sem Vítimas";"Plena Noite";"Decrescente";"Céu Claro";"Simples";"Reta";"Sim";4;0;0;0;3;1;0;4;-20,46046949;-54,6295166;"SPRF-MS";"DEL01-MS";"UOP01-DEL01-MS"
114647;2018-02-27;"terça-feira";"20:00:00";"GO";60;1;"SANTO ANTONIO DO DESCOBERTO";"Falta de Atenção à Condução";"Saída de leito carroçável";"Sem Vítimas";"Plena Noite";"Crescente";"Céu Claro";"Dupla";"Reta";"Não";1;0;0;0;1;0;0;1;-16,07088786;-48,26431274;"SPRF-DF";"DEL01-DF";"UOP01-DEL03-DF"
114650;2018-02-27;"terça-feira";"22:15:00";"SP";116;182;"SANTA ISABEL";"Falta de Atenção do Pedestre";"Atropelamento de Pedestre";"Com Vítimas Feridas";"Plena Noite";"Decrescente";"Céu Claro";"Dupla";"Reta";"Sim";2;0;1;0;1;0;1;2;-23,34422597;-46,1605382;"SPRF-SP";"DEL02-SP";"UOP01-DEL02-SP"
114652;2018-02-27;"terça-feira";"21:20:00";"MT";364;90;"ALTO GARCAS";"Ultrapassagem Indevida";"Colisão frontal";"Sem Vítimas";"Plena Noite";"Crescente";"Céu Claro";"Simples";"Curva";"Não";3;0;0;0;2;2;0;4;-16,862089;-53,726192;"SPRF-MT";"DEL02-MT";"UOP02-DEL02-MT"
114653;2018-02-27;"terça-feira";"21:00:00";"RJ";116;193;"QUEIMADOS";"Falta de Atenção à Condução";"Colisão lateral";"Sem Vítimas";"Pleno dia";"Crescente";"Garoa/Chuvisco";"Dupla";"Reta";"Sim";4;0;0;0;3;1;0;4;-22,739573;-43,528702;"SPRF-RJ";"DEL01-RJ";"UOP03-DEL01-RJ"
114662;2018-02-27;"terça-feira";"16:25:00";"PR";476;218,7;"LAPA";"Velocidade Incompatível";"Tombamento";"Sem Vítimas";"Pleno dia";"Decrescente";"Chuva";"Simples";"Curva;Declive";"Não";2;0;0;0;1;2;0;3;-25,80976853;-49,90699142;"SPRF-PR";"DEL02-PR";"UOP04-DEL02-PR"
114663;2018-02-27;"terça-feira";"22:50:00";"SP";153;16,2;"NOVA GRANADA";"Defeito Mecânico no Veículo";"Incêndio";"Sem Vítimas";"Plena Noite";"Decrescente";"Chuva";"Simples";"Reta";"Não";2;0;0;0;1;2;0;3;-20,427299;-49,273193;"SPRF-SP";"DEL09-SP";"UOP01-DEL09-SP"
114667;2018-02-27;"terça-feira";"17:20:00";"PR";476;238;"LAPA";"Velocidade Incompatível";"Tombamento";"Sem Vítimas";"Pleno dia";"Decrescente";"Chuva";"Simples";"Curva";"Não";2;0;0;0;1;1;0;2;-25,872885;-50,054314;"SPRF-PR";"DEL02-PR";"UOP04-DEL02-PR"
114672;2018-02-27;"terça-feira";"23:30:00";"GO";153;657;"GOIATUBA";"Ingestão de Álcool";"Saída de leito carroçável";"Sem Vítimas";"Plena Noite";"Crescente";"Céu Claro";"Dupla";"Reta";"Não";1;0;0;0;1;0;0;1;-18,0277;-49,265;"SPRF-GO";"DEL03-GO";"UOP01-DEL03-GO"
114675;2018-02-28;"quarta-feira";"03:45:00";"PR";376;353,9;"ORTIGUEIRA";"Condutor Dormindo";"Colisão com objeto estático";"Com Vítimas Feridas";"Plena Noite";"Decrescente";"Céu Claro";"Simples";"Reta";"Não";2;0;1;0;1;0;1;1;-24,22316019;-50,93005848;"SPRF-PR";"DEL03-PR";"UOP02-DEL03-PR"
114677;2018-02-28;"quarta-feira";"03:00:00";"SC";101;367;"SANGAO";"Falta de Atenção à Condução";"Saída de leito carroçável";"Sem Vítimas";"Plena Noite";"Crescente";"Céu Claro";"Dupla";"Reta";"Não";2;0;0;0;1;1;0;2;-28,6939;-49,1694;"SPRF-SC";"DEL02-SC";"UOP01-DEL02-SC"
114679;2018-02-28;"quarta-feira";"04:10:00";"RJ";116;29;"SAPUCAIA";"Condutor Dormindo";"Colisão com objeto estático";"Sem Vítimas";"Plena Noite";"Crescente";"Nublado";"Simples";"Aclive";"Não";1;0;0;0;1;0;0;1;-22,0774118;-42,7971881;"SPRF-RJ";"DEL04-RJ";"UOP01-DEL04-RJ"
114682;2018-02-28;"quarta-feira";"06:05:00";"SP";116;516;"CAJATI";"Condutor Dormindo";"Tombamento";"Sem Vítimas";"Amanhecer";"Decrescente";"Céu Claro";"Dupla";"Reta";"Não";1;0;0;0;1;0;0;1;-24,928753;-48,271626;"SPRF-SP";"DEL05-SP";"UAP01-DEL05-SP"
114685;2018-02-28;"quarta-feira";"06:56:00";"PR";277;586;"CASCAVEL";"Desobediência às normas de trânsito pelo condutor";"Colisão transversal";"Com Vítimas Feridas";"Pleno dia";"Crescente";"Chuva";"Simples";"Reta";"Sim";14;0;12;1;0;1;13;5;-25,02817;-53,55983;"SPRF-PR";"DEL04-PR";"UOP01-DEL04-PR"
114691;2018-02-28;"quarta-feira";"07:15:00";"PE";101;48,3;"ABREU E LIMA";"Falta de Atenção à Condução";"Colisão lateral";"Sem Vítimas";"Pleno dia";"Decrescente";"Sol";"Múltipla";"Reta";"Sim";3;0;0;0;2;1;0;3;-7,9148;-34,8984;"SPRF-PE";"DEL01-PE";"UOP02-DEL01-PE"
114694;2018-02-28;"quarta-feira";"07:30:00";"PR";376;197,9;"MARIALVA";"Falta de Atenção à Condução";"Saída de leito carroçável";"Com Vítimas Feridas";"Pleno dia";"Decrescente";"Nublado";"Dupla";"Curva";"Não";3;0;1;0;1;2;1;4;-23,49945893;-51,76886559;"SPRF-PR";"DEL07-PR";"UOP01-DEL09-PR"
114695;2018-02-28;"quarta-feira";"06:40:00";"RJ";40;38,1;"AREAL";"Velocidade Incompatível";"Tombamento";"Com Vítimas Feridas";"Pleno dia";"Decrescente";"Nublado";"Dupla";"Curva";"Não";2;0;1;0;1;0;1;1;-22,22962;-43,118694;"SPRF-RJ";"DEL06-RJ";"UOP02-DEL05-RJ"
114706;2018-02-28;"quarta-feira";"06:00:00";"RO";364;524;"ARIQUEMES";"Defeito na Via";"Colisão traseira";"Sem Vítimas";"Amanhecer";"Crescente";"Céu Claro";"Simples";"Curva;Aclive";"Não";3;0;0;0;2;2;0;4;-9,84113586;-63,06097627;"SPRF-RO";"DEL03-RO";"UOP01-DEL03-RO"
114708;2018-02-28;"quarta-feira";"07:40:00";"SC";101;123;"ITAJAI";"Velocidade Incompatível";"Colisão lateral";"Com Vítimas Feridas";"Pleno dia";"Decrescente";"Céu Claro";"Dupla";"Reta";"Sim";4;0;0;1;1;2;1;4;-26,9434;-48,6917;"SPRF-SC";"DEL04-SC";"UOP04-DEL04-SC"
114709;2018-02-28;"quarta-feira";"08:00:00";"MG";381;845,7;"POUSO ALEGRE";"Defeito Mecânico no Veículo";"Saída de leito carroçável";"Sem Vítimas";"Pleno dia";"Decrescente";"Nublado";"Dupla";"Reta";"Não";1;0;0;0;1;0;0;1;-22,2075;-45,8643;"SPRF-MG";"DEL16-MG";"UOP01-DEL16-MG"
114712;2018-02-28;"quarta-feira";"07:20:00";"MG";153;98,7;"MONTE ALEGRE DE MINAS";"Objeto estático sobre o leito carroçável";"Colisão traseira";"Com Vítimas Feridas";"Pleno dia";"Decrescente";"Céu Claro";"Simples";"Aclive";"Não";4;0;1;0;2;1;1;3;-18,8878;-49,051;"SPRF-MG";"DEL15-MG";"UOP03-DEL15-MG"
114717;2018-02-28;"quarta-feira";"07:10:00";"MT";70;514;"VARZEA GRANDE";"Não guardar distância de segurança";"Engavetamento";"Com Vítimas Feridas";"Pleno dia";"Decrescente";"Céu Claro";"Simples";"Reta";"Sim";3;0;1;0;2;0;1;3;-15,70766277;-56,1277771;"SPRF-MT";"DEL01-MT";"DEL2/4-UOP02/MT"
114723;2018-02-28;"quarta-feira";"06:50:00";"SC";470;67,8;"INDAIAL";"Não guardar distância de segurança";"Colisão traseira";"Com Vítimas Fatais";"Pleno dia";"Decrescente";"Céu Claro";"Simples";"Reta";"Sim";3;1;0;0;2;0;0;3;-26,87084151;-49,21949565;"SPRF-SC";"DEL04-SC";"UOP01-DEL04-SC"
114725;2018-02-28;"quarta-feira";"08:15:00";"PR";476;255;"ANTONIO OLINTO";"Falta de Atenção à Condução";"Tombamento";"Sem Vítimas";"Pleno dia";"Decrescente";"Céu Claro";"Simples";"Curva";"Não";2;0;0;0;1;2;0;3;-25,891479;-50,197521;"SPRF-PR";"DEL02-PR";"UOP04-DEL02-PR"
114726;2018-02-28;"quarta-feira";"08:20:00";"RS";386;294,5;"POUSO NOVO";"Velocidade Incompatível";"Tombamento";"Sem Vítimas";"Pleno dia";"Decrescente";"Céu Claro";"Simples";"Curva";"Não";2;0;0;0;1;1;0;2;-29,121178;-52,248886;"SPRF-RS";"DEL04-RS";"UOP01-DEL04-RS"
114727;2018-02-28;"quarta-feira";"08:20:00";"PR";277;489,7;"NOVA LARANJEIRAS";"Avarias e/ou desgaste excessivo no pneu";"Colisão com objeto em movimento";"Sem Vítimas";"Pleno dia";"Decrescente";"Chuva";"Simples";"Curva";"Não";3;0;0;0;2;1;0;3;-25,25711666;-52,62382507;"SPRF-PR";"DEL04-PR";"UOP02-DEL04-PR"
114734;2018-02-28;"quarta-feira";"09:45:00";"SC";470;242,6;"CURITIBANOS";"Velocidade Incompatível";"Tombamento";"Com Vítimas Feridas";"Pleno dia";"Decrescente";"Nublado";"Simples";"Interseção de Vias";"Não";1;0;1;0;0;0;1;1;-27,311794;-50,498703;"SPRF-SC";"DEL05-SC";"UOP03-DEL05-SC"
114737;2018-02-28;"quarta-feira";"09:40:00";"SC";101;387,8;"ICARA";"Desobediência às normas de trânsito pelo condutor";"Colisão lateral";"Com Vítimas Feridas";"Pleno dia";"Crescente";"Céu Claro";"Dupla";"Reta";"Não";3;0;1;0;2;0;1;2;-28,7903081;-49,33891296;"SPRF-SC";"DEL02-SC";"UOP02-DEL02-SC"
114738;2018-02-20;"terça-feira";"08:30:00";"PR";476;332,8;"PAULA FREITAS";"Defeito na Via";"Derramamento de carga";"Sem Vítimas";"Pleno dia";"Decrescente";"Céu Claro";"Dupla";"Reta";"Não";2;0;0;0;1;2;0;3;-26,1206449;-50,83737731;"SPRF-PR";"DEL02-PR";"UOP03-DEL02-PR"
114747;2018-02-28;"quarta-feira";"11:30:00";"BA";324;561;"SAO SEBASTIAO DO PASSE";"Falta de Atenção à Condução";"Saída de leito carroçável";"Com Vítimas Feridas";"Pleno dia";"Decrescente";"Céu Claro";"Dupla";"Reta";"Não";3;0;1;0;2;0;1;1;-12,509497;-38,630214;"SPRF-BA";"DEL01-BA";"UOP01-DEL01-BA"
114755;2018-02-28;"quarta-feira";"12:40:00";"SC";280;22;"ARAQUARI";"Velocidade Incompatível";"Capotamento";"Com Vítimas Feridas";"Pleno dia";"Crescente";"Céu Claro";"Simples";"Reta";"Não";1;0;1;0;0;0;1;1;-26,370924;-48,702;"SPRF-SC";"DEL03-SC";"UOP03-DEL03-SC"
114760;2018-02-28;"quarta-feira";"13:00:00";"PI";407;455;"JAICOS";"Falta de Atenção à Condução";"Colisão com objeto estático";"Com Vítimas Fatais";"Pleno dia";"Crescente";"Céu Claro";"Simples";"Reta";"Não";4;1;2;0;1;0;2;2;-7,269011;-41,215919;"SPRF-PI";"DEL04-PI";"UOP01-DEL04-PI"
114761;2018-02-28;"quarta-feira";"11:20:00";"SC";101;137;"BALNEARIO CAMBORIU";"Velocidade Incompatível";"Colisão traseira";"Sem Vítimas";"Pleno dia";"Crescente";"Céu Claro";"Dupla";"Reta";"Não";2;0;0;0;2;0;0;2;-27,024;-48,6074;"SPRF-SC";"DEL04-SC";"UOP03-DEL04-SC"
114764;2018-02-28;"quarta-feira";"12:45:00";"MG";40;635;"CONSELHEIRO LAFAIETE";"Falta de Atenção do Pedestre";"Saída de leito carroçável";"Sem Vítimas";"Pleno dia";"Crescente";"Céu Claro";"Simples";"Reta";"Não";1;0;0;0;1;0;0;1;-20,7198;-43,7985;"SPRF-MG";"DEL05-MG";"UOP02-DEL05-MG"
114773;2018-02-28;"quarta-feira";"12:30:00";"PR";476;180,5;"LAPA";"Defeito Mecânico no Veículo";"Derramamento de carga";"Sem Vítimas";"Pleno dia";"Crescente";"Céu Claro";"Simples";"Reta";"Não";2;0;0;0;1;1;0;2;-25,71044755;-49,60329009;"SPRF-PR";"DEL01-PR";"UOP06-DEL01-PR"
114777;2018-02-28;"quarta-feira";"14:00:00";"RS";158;327;"SANTA MARIA";"Falta de Atenção à Condução";"Colisão traseira";"Sem Vítimas";"Pleno dia";"Decrescente";"Sol";"Dupla";"Reta";"Sim";2;0;0;0;2;0;0;2;-29,71545513;-53,81058544;"SPRF-RS";"DEL09-RS";"UOP01-DEL09-RS"
114778;2018-02-28;"quarta-feira";"13:20:00";"ES";101;373;"ICONHA";"Falta de Atenção à Condução";"Colisão frontal";"Com Vítimas Feridas";"Pleno dia";"Crescente";"Chuva";"Simples";"Reta";"Não";4;0;1;0;2;1;1;4;-20,79720143;-40,82244873;"SPRF-ES";"DEL03-ES";"UOP01-DEL03-ES"
114780;2018-02-28;"quarta-feira";"12:40:00";"MT";70;10,7;"BARRA DO GARCAS";"Falta de Atenção à Condução";"Colisão lateral";"Com Vítimas Feridas";"Pleno dia";"Crescente";"Sol";"Simples";"Reta";"Não";2;0;1;0;1;0;1;2;-15,8916202;-52,2618826;"SPRF-MT";"DEL07-MT";"UOP01-DEL07-MT"
114786;2018-02-28;"quarta-feira";"14:00:00";"SC";153;96;"CONCORDIA";"Falta de Atenção à Condução";"Colisão traseira";"Com Vítimas Feridas";"Pleno dia";"Crescente";"Céu Claro";"Simples";"Rotatória";"Não";2;0;0;1;1;0;1;2;-27,212648;-51,952137;"SPRF-SC";"DEL07-SC";"UOP04-DEL07-SC"
114787;2018-02-28;"quarta-feira";"13:20:00";"RS";392;15,9;"RIO GRANDE";"Desobediência às normas de trânsito pelo condutor";"Engavetamento";"Sem Vítimas";"Pleno dia";"Decrescente";"Céu Claro";"Dupla";"Reta";"Não";4;0;0;0;3;1;0;4;-32,110714;-52,15937;"SPRF-RS";"DEL07-RS";"UOP02-DEL07-RS"