"id";"data_inversa";"dia_semana";"horario";"uf";"br";"km";"municipio";"causa_acidente";"tipo_acidente";"classificacao_acidente";"fase_dia";"sentido_via";"condicao_metereologica";"tipo_pista";"tracado_via";"uso_solo";"pessoas";"mortos";"feridos_leves";"feridos_graves";"ilesos";"ignorados";"feridos";"veiculos";"latitude";"longitude";"regional";"delegacia";"uop"
115349;2018-03-02;"sexta-feira";"19:40:00";"PB";230;18;"JOAO PESSOA";"Defeito Mecânico no Veículo";"Saída de leito carroçável";"Sem Vítimas";"Plena Noite";"Crescente";"Céu Claro";"Dupla";"Curva;Declive";"Sim";1;0;0;0;1;0;0;1;-7,1198;-34,8453;"SPRF-PB";"DEL01-PB";"UOP01-DEL01-PB"
115351;2018-03-02;"sexta-feira";"20:05:00";"MT";364;139;"PEDRA PRETA";"Falta de Atenção à Condução";"Tombamento";"Com Vítimas Feridas";"Plena Noite";"Crescente";"Céu Claro";"Simples";"Curva;Aclive";"Não";2;0;1;0;0;1;1;2;-16,78291664;-54,16049485;"SPRF-MT";"DEL02-MT";"UOP01-DEL02-MT"
115363;2018-03-02;"sexta-feira";"18:20:00";"MS";267;27;"BATAGUASSU";"Desobediência às normas de trânsito pelo condutor";"Tombamento";"Com Vítimas Feridas";"Plena Noite";"Decrescente";"Chuva";"Simples";"Interseção de Vias";"Não";2;0;1;0;0;3;1;4;-21,722993;-52,397034;"SPRF-MS";"DEL02-MS";"DEL3/7-UOP01/MS"
115365;2018-03-02;"sexta-feira";"22:15:00";"AL";104;74;"MESSIAS";"Falta de Atenção à Condução";"Colisão lateral";"Sem Vítimas";"Plena Noite";"Crescente";"Céu Claro";"Simples";"Curva";"Não";3;0;0;0;2;1;0;3;-9,364956;-35,836121;"SPRF-AL";"DEL01-AL";"UOP02-DEL01-AL"
115366;2018-03-02;"sexta-feira";"20:30:00";"SC";282;643,6;"SAO MIGUEL DO OESTE";"Falta de Atenção à Condução";"Colisão transversal";"Sem Vítimas";"Plena Noite";"Decrescente";"Nublado";"Simples";"Curva";"Não";2;0;0;0;2;0;0;2;-26,768974;-53,469772;"SPRF-SC";"DEL07-SC";"UOP03-DEL07-SC"
115371;2018-03-02;"sexta-feira";"22:50:00";"PR";376;435,6;"TIBAGI";"Ultrapassagem Indevida";"Colisão frontal";"Com Vítimas Feridas";"Plena Noite";"Decrescente";"Nublado";"Simples";"Em Obras";"Não";4;0;1;0;2;3;1;6;-24,781954;-50,513286;"SPRF-PR";"DEL03-PR";"UOP02-DEL03-PR"
115373;2018-03-02;"sexta-feira";"23:00:00";"PR";277;273,6;"PRUDENTOPOLIS";"Velocidade Incompatível";"Capotamento";"Com Vítimas Fatais";"Plena Noite";"Decrescente";"Chuva";"Simples";"Curva;Declive";"Não";1;1;0;0;0;0;0;1;-25,35363461;-50,92469126;"SPRF-PR";"DEL03-PR";"UOP02-DEL08-PR"
115377;2018-03-02;"sexta-feira";"23:16:00";"SP";116;61,6;"GUARATINGUETA";"Falta de Atenção à Condução";"Colisão transversal";"Com Vítimas Feridas";"Plena Noite";"Decrescente";"Nublado";"Dupla";"Reta";"Não";3;0;0;1;1;1;1;3;-22,80239344;-45,17044365;"SPRF-SP";"DEL08-SP";"UOP01-DEL08-SP"
115385;2018-03-03;"sábado";"00:08:00";"SP";116;165,2;"JACAREI";"Falta de Atenção à Condução";"Saída de leito carroçável";"Sem Vítimas";"Plena Noite";"Decrescente";"Garoa/Chuvisco";"Dupla";"Reta";"Não";2;0;0;0;2;0;0;1;-23,29702837;-46,00719539;"SPRF-SP";"DEL02-SP";"UOP01-DEL02-SP"
115386;2018-03-03;"sábado";"00:20:00";"RS";448;22;"PORTO ALEGRE";"Não guardar distância de segurança";"Colisão traseira";"Com Vítimas Feridas";"Plena Noite";"Crescente";"Céu Claro";"Dupla";"Aclive";"Não";3;0;1;0;2;0;1;2;-29,970848;-51,2002631;"SPRF-RS";"DEL01-RS";"UOP01-DEL01-RS"
115387;2018-03-02;"sexta-feira";"23:30:00";"MG";267;169,9;"LIMA DUARTE";"Pista Escorregadia";"Colisão frontal";"Com Vítimas Fatais";"Plena Noite";"Decrescente";"Chuva";"Simples";"Reta";"Não";3;1;0;0;1;1;0;3;-21,86140459;-43,84239367;"SPRF-MG";"DEL05-MG";"UOP01-DEL05-MG"
115390;2018-03-02;"sexta-feira";"22:40:00";"GO";60;179,8;"ABADIA DE GOIAS";"Falta de Atenção do Pedestre";"Tombamento";"Sem Vítimas";"Plena Noite";"Decrescente";"Céu Claro";"Múltipla";"Aclive";"Não";3;0;0;0;2;1;0;3;-16,80191176;-49,52705383;"SPRF-GO";"DEL01-GO";"UOP02-DEL01-GO"
115393;2018-03-03;"sábado";"00:30:00";"AL";316;243;"ATALAIA";"Condutor Dormindo";"Saída de leito carroçável";"Sem Vítimas";"Plena Noite";"Crescente";"Céu Claro";"Simples";"Curva";"Sim";1;0;0;0;1;0;0;1;-9,510221;-36,004715;"SPRF-AL";"DEL01-AL";"UOP01-DEL01-AL"
115395;2018-03-03;"sábado";"00:15:00";"PR";376;676;"GUARATUBA";"Falta de Atenção à Condução";"Saída de leito carroçável";"Sem Vítimas";"Plena Noite";"Crescente";"Nublado";"Dupla";"Reta";"Não";1;0;0;0;1;0;0;1;-25,92840703;-48,91364336;"SPRF-PR";"DEL01-PR";"DEL7/1-UOP08/PR"
115396;2018-03-03;"sábado";"00:05:00";"GO";20;160;"ALVORADA DO NORTE";"Condutor Dormindo";"Colisão traseira";"Com Vítimas Feridas";"Plena Noite";"Crescente";"Nublado";"Simples";"Reta";"Não";2;0;1;0;1;0;1;2;-14,61786;-46,61105;"SPRF-DF";"DEL02-DF";"UOP03-DEL02-DF"
115401;2018-03-03;"sábado";"01:50:00";"MG";365;693,7;"MONTE ALEGRE DE MINAS";"Defeito na Via";"Saída de leito carroçável";"Com Vítimas Feridas";"Plena Noite";"Decrescente";"Céu Claro";"Dupla";"Reta;Declive";"Não";2;0;1;0;0;2;1;3;-18,877;-48,9141;"SPRF-MG";"DEL15-MG";"UOP03-DEL15-MG"
115407;2018-03-03;"sábado";"02:30:00";"GO";153;91;"SANTA TEREZA DE GOIAS";"Ingestão de Substâncias Psicoativas";"Saída de leito carroçável";"Com Vítimas Feridas";"Plena Noite";"Crescente";"Céu Claro";"Simples";"Curva";"Não";2;0;1;0;0;1;1;2;-13,579263;-49,041691;"SPRF-GO";"DEL07-GO";"UOP01-DEL07-GO"
115410;2018-03-03;"sábado";"05:20:00";"PR";116;42;"CAMPINA GRANDE DO SUL";"Velocidade Incompatível";"Tombamento";"Sem Vítimas";"Plena Noite";"Decrescente";"Garoa/Chuvisco";"Dupla";"Curva";"Não";2;0;0;0;1;1;0;2;-25,176117;-48,874256;"SPRF-PR";"DEL01-PR";"UOP02-DEL01-PR"
115418;2018-03-03;"sábado";"06:15:00";"PE";232;40,9;"VITORIA DE SANTO ANTAO";"Falta de Atenção à Condução";"Colisão traseira";"Sem Vítimas";"Pleno dia";"Crescente";"Nublado";"Dupla";"Reta";"Não";2;0;0;0;2;0;0;2;-8,113941;-35,242632;"SPRF-PE";"DEL01-PE";"UOP02-DEL02PE"
115429;2018-03-03;"sábado";"06:20:00";"MS";163;556,2;"BANDEIRANTES";"Desobediência às normas de trânsito pelo condutor";"Colisão frontal";"Com Vítimas Fatais";"Amanhecer";"Crescente";"Céu Claro";"Simples";"Aclive";"Não";5;1;0;0;1;3;0;4;-19,849182;-54,369423;"SPRF-MS";"DEL06-MS";"UOP02-DEL06-MS"
115430;2018-03-03;"sábado";"06:50:00";"BA";110;2;"PAULO AFONSO";"Desobediência às normas de trânsito pelo condutor";"Colisão lateral";"Com Vítimas Feridas";"Amanhecer";"Crescente";"Céu Claro";"Simples";"Interseção de Vias";"Sim";2;0;0;1;1;0;1;2;-9,4219676;-38,20289612;"SPRF-BA";"DEL07-BA";"UOP01-DEL07-BA"
115434;2018-03-03;"sábado";"00:20:00";"MG";381;599,3;"CARMOPOLIS DE MINAS";"Restrição de Visibilidade";"Colisão traseira";"Com Vítimas Feridas";"Plena Noite";"Crescente";"Chuva";"Dupla";"Reta;Aclive";"Não";5;0;2;0;2;2;2;6;-20,59673399;-44,70791448;"SPRF-MG";"DEL04-MG";"UOP01-DEL04-MG"
115435;2018-03-03;"sábado";"06:15:00";"MT";163;854;"SINOP";"Falta de Atenção à Condução";"Colisão transversal";"Sem Vítimas";"Pleno dia";"Crescente";"Céu Claro";"Simples";"Reta";"Não";5;0;0;0;4;2;0;4;-11,69406523;-55,45168877;"SPRF-MT";"DEL06-MT";"UOP02-DEL06-MT"
115441;2018-03-03;"sábado";"07:30:00";"BA";324;563;"AMELIA RODRIGUES";"Falta de Atenção à Condução";"Colisão lateral";"Sem Vítimas";"Pleno dia";"Decrescente";"Céu Claro";"Dupla";"Reta";"Não";3;0;0;0;2;1;0;3;-12,50093975;-38,64440918;"SPRF-BA";"DEL01-BA";"UOP01-DEL01-BA"
115445;2018-03-03;"sábado";"07:40:00";"SP";116;204;"ARUJA";"Condutor Dormindo";"Colisão lateral";"Sem Vítimas";"Pleno dia";"Crescente";"Nublado";"Múltipla";"Reta";"Não";2;0;0;0;2;0;0;2;-23,424017;-46,3979861;"SPRF-SP";"DEL01-SP";"UOP02-DEL01-SP"
115447;2018-03-03;"sábado";"08:50:00";"MG";381;829,5;"SAO SEBASTIAO DA BELA VISTA";"Velocidade Incompatível";"Saída de leito carroçável";"Sem Vítimas";"Pleno dia";"Decrescente";"Nublado";"Dupla";"Curva";"Não";2;0;0;0;1;1;0;2;-22,1198199;-45,75981081;"SPRF-MG";"DEL16-MG";"UOP01-DEL16-MG"
115450;2018-03-03;"sábado";"06:00:00";"AC";364;268;"SENA MADUREIRA";"Falta de Atenção à Condução";"Colisão frontal";"Com Vítimas Fatais";"Amanhecer";"Crescente";"Nevoeiro/Neblina";"Simples";"Reta";"Não";8;2;0;0;1;6;0;5;-9,091918;-68,625565;"SPRF-AC";"DEL01-AC";"UOP01-DEL01-AC"
115454;2018-03-03;"sábado";"09:10:00";"PR";376;345,5;"ORTIGUEIRA";"Defeito Mecânico no Veículo";"Tombamento";"Com Vítimas Feridas";"Pleno dia";"Crescente";"Sol";"Simples";"Curva;Aclive";"Não";2;0;1;0;0;1;1;2;-24,18434193;-50,96008301;"SPRF-PR";"DEL07-PR";"UOP02-DEL07-PR"
115456;2018-03-03;"sábado";"08:50:00";"SC";101;27;"JOINVILLE";"Velocidade Incompatível";"Colisão traseira";"Com Vítimas Feridas";"Pleno dia";"Decrescente";"Céu Claro";"Dupla";"Reta";"Sim";4;0;1;0;2;2;1;5;-26,2102;-48,9156;"SPRF-SC";"DEL03-SC";"UOP01-DEL03-SC"
115461;2018-03-03;"sábado";"08:20:00";"TO";153;761,3;"ALVORADA";"Defeito Mecânico no Veículo";"Tombamento";"Com Vítimas Feridas";"Pleno dia";"Crescente";"Céu Claro";"Simples";"Reta";"Não";3;0;0;2;0;1;2;2;-12,481249;-49,117729;"SPRF-TO";"DEL02-TO";"UOP02-DEL01-TO"
115467;2018-03-03;"sábado";"08:50:00";"TO";153;613,5;"ALIANCA DO TOCANTINS";"Desobediência às normas de trânsito pelo condutor";"Colisão frontal";"Com Vítimas Fatais";"Pleno dia";"Decrescente";"Céu Claro";"Simples";"Reta";"Não";3;1;0;0;1;1;0;3;-11,211725;-48,931347;"SPRF-TO";"DEL02-TO";"UOP02-DEL01-TO"
115468;2018-03-03;"sábado";"09:00:00";"SE";101;166,2;"ESTANCIA";"Fenômenos da Natureza";"Colisão com objeto em movimento";"Sem Vítimas";"Pleno dia";"Decrescente";"Chuva";"Simples";"Curva";"Não";3;0;0;0;2;2;0;4;-11,2414;-37,4316;"SPRF-SE";"DEL02-SE";"UOP01-DEL02-SE"
115472;2018-03-03;"sábado";"09:20:00";"MT";70;521;"VARZEA GRANDE";"Falta de Atenção à Condução";"Colisão frontal";"Com Vítimas Feridas";"Pleno dia";"Crescente";"Céu Claro";"Simples";"Reta";"Não";3;0;0;1;1;2;1;4;-15,6495291;-56,1951755;"SPRF-MT";"DEL01-MT";"DEL2/4-UOP02/MT"
115473;2018-03-03;"sábado";"10:35:00";"SC";101;35,7;"JOINVILLE";"Falta de Atenção à Condução";"Colisão transversal";"Com Vítimas Feridas";"Pleno dia";"Crescente";"Céu Claro";"Dupla";"Reta";"Não";3;0;1;0;1;3;1;5;-26,276559;-48,894154;"SPRF-SC";"DEL03-SC";"UOP01-DEL03-SC"
115479;2018-03-03;"sábado";"10:30:00";"BA";101;838,2;"VEREDA";"Ultrapassagem Indevida";"Colisão lateral";"Com Vítimas Feridas";"Pleno dia";"Crescente";"Céu Claro";"Simples";"Curva";"Não";5;0;1;0;3;3;1;6;-17,2283;-39,6193;"SPRF-BA";"DEL09-BA";"UOP01-DEL09-BA"
115495;2018-03-03;"sábado";"11:25:00";"SC";101;391,5;"CRICIUMA";"Defeito Mecânico no Veículo";"Danos eventuais";"Sem Vítimas";"Pleno dia";"Decrescente";"Céu Claro";"Simples";"Reta";"Sim";2;0;0;0;1;1;0;2;-28,8061;-49,3729;"SPRF-SC";"DEL02-SC";"UOP02-DEL02-SC"
115497;2018-03-03;"sábado";"10:20:00";"MS";158;61;"PARANAIBA";"Defeito na Via";"Tombamento";"Com Vítimas Feridas";"Pleno dia";"Crescente";"Céu Claro";"Simples";"Reta";"Não";2;0;1;0;0;1;1;2;-19,433294;-51,367973;"SPRF-MS";"DEL08-MS";"UOP01-DEL08-MS"
115499;2018-03-03;"sábado";"13:55:00";"MG";381;816,1;"CAREACU";"Defeito Mecânico no Veículo";"Colisão lateral";"Com Vítimas Feridas";"Pleno dia";"Decrescente";"Sol";"Dupla";"Curva";"Não";4;0;1;0;2;1;1;3;-22,03765864;-45,6841135;"SPRF-MG";"DEL16-MG";"UOP02-DEL16-MG"
115503;2018-03-03;"sábado";"14:00:00";"SP";381;41;"SAO PAULO";"Velocidade Incompatível";"Tombamento";"Com Vítimas Feridas";"Pleno dia";"Decrescente";"Céu Claro";"Dupla";"Reta";"Sim";2;0;1;0;1;0;1;1;-23,463382;-46,571416;"SPRF-SP";"DEL03-SP";"UOP01-DEL03-SP"
115512;2018-03-03;"sábado";"14:40:00";"CE";222;303,3;"TIANGUA";"Falta de Atenção à Condução";"Tombamento";"Com Vítimas Feridas";"Pleno dia";"Crescente";"Nublado";"Simples";"Curva";"Não";2;0;1;0;0;1;1;2;-3,66281629;-40,95291138;"SPRF-CE";"DEL04-CE";"UOP02-DEL04-CE"
115513;2018-03-03;"sábado";"15:00:00";"PR";376;336;"ORTIGUEIRA";"Pista Escorregadia";"Colisão frontal";"Com Vítimas Feridas";"Pleno dia";"Decrescente";"Chuva";"Simples";"Declive";"Não";6;0;2;0;4;0;2;2;-24,12168856;-51,02027178;"SPRF-PR";"DEL07-PR";"UOP02-DEL07-PR"
115519;2018-03-03;"sábado";"15:30:00";"PR";277;137,1;"BALSA NOVA";"Velocidade Incompatível";"Colisão traseira";"Com Vítimas Feridas";"Pleno dia";"Crescente";"Chuva";"Dupla";"Curva;Declive";"Não";5;0;0;2;2;1;2;3;-25,47084424;-49,69409997;"SPRF-PR";"DEL01-PR";"UOP06-DEL01-PR"
115522;2018-03-03;"sábado";"14:40:00";"CE";222;231,2;"FORTALEZA";"Desobediência às normas de trânsito pelo condutor";"Colisão frontal";"Com Vítimas Feridas";"Pleno dia";"Decrescente";"Céu Claro";"Simples";"Reta";"Não";2;0;0;1;1;0;1;2;-3,736774;-38,56923;"SPRF-CE";"DEL04-CE";"UOP01-DEL04-CE"
115526;2018-03-03;"sábado";"15:10:00";"BA";242;159;"RAFAEL JAMBEIRO";"Defeito Mecânico no Veículo";"Saída de leito carroçável";"Sem Vítimas";"Pleno dia";"Crescente";"Sol";"Simples";"Reta";"Não";2;0;0;0;1;1;0;2;-12,493668;-39,68045;"SPRF-BA";"DEL06-BA";"UOP02-DEL06-BA"
115528;2018-03-03;"sábado";"14:40:00";"PR";153;501,5;"GENERAL CARNEIRO";"Avarias e/ou desgaste excessivo no pneu";"Colisão lateral";"Com Vítimas Feridas";"Pleno dia";"Decrescente";"Chuva";"Simples";"Curva";"Não";3;0;1;0;1;1;1;3;-26,48286556;-51,33224487;"SPRF-PR";"DEL02-PR";"UOP03-DEL02-PR"
115533;2018-03-03;"sábado";"10:40:00";"SP";116;25,2;"LAVRINHAS";"Defeito Mecânico no Veículo";"Incêndio";"Sem Vítimas";"Pleno dia";"Crescente";"Sol";"Dupla";"Reta";"Não";1;0;0;0;1;0;0;1;-22,605968;-44,895092;"SPRF-SP";"DEL08-SP";"UOP02-DEL08-SP"
115534;2018-03-03;"sábado";"16:30:00";"MG";40;562;"NOVA LIMA";"Pista Escorregadia";"Colisão com objeto estático";"Sem Vítimas";"Anoitecer";"Crescente";"Chuva";"Dupla";"Curva";"Não";2;0;0;0;2;0;0;2;-20,1524;-43,9626;"SPRF-MG";"DEL01-MG";"UOP02-DEL01-MG"
115537;2018-03-03;"sábado";"15:40:00";"MT";163;843;"SINOP";"Desobediência às normas de trânsito pelo condutor";"Tombamento";"Com Vítimas Feridas";"Pleno dia";"Crescente";"Céu Claro";"Simples";"Reta";"Não";8;0;4;0;3;1;4;4;-11,80485061;-55,48009872;"SPRF-MT";"DEL06-MT";"UOP02-DEL06-MT"
115540;2018-03-03;"sábado";"14:30:00";"MT";364;195;"RONDONOPOLIS";"Falta de Atenção à Condução";"Saída de leito carroçável";"Sem Vítimas";"Pleno dia";"Decrescente";"Céu Claro";"Simples";"Reta";"Não";3;0;0;0;2;2;0;4;-16,52137;-54,599709;"SPRF-MT";"DEL02-MT";"UOP01-DEL02-MT"
115542;2018-03-03;"sábado";"10:40:00";"MG";251;293;"SALINAS";"Falta de Atenção à Condução";"Colisão lateral";"Com Vítimas Feridas";"Pleno dia";"Crescente";"Céu Claro";"Simples";"Declive";"Não";4;0;1;0;2;3;1;6;-16,0596;-42,1865;"SPRF-MG";"DEL11-MG";"UOP02-DEL11-MG"
115543;2018-03-03;"sábado";"17:05:00";"PE";101;77,1;"RECIFE";"Ultrapassagem Indevida";"Colisão lateral";"Com Vítimas Feridas";"Anoitecer";"Crescente";"Nublado";"Simples";"Curva;Em Obras";"Sim";2;0;1;0;0;1;1;2;-8,129677;-34,944164;"SPRF-PE";"DEL01-PE";"UOP01-DEL01-PE"
115545;2018-03-03;"sábado";"14:28:00";"RJ";393;287;"VOLTA REDONDA";"Sinalização da via insuficiente ou inadequada";"Colisão lateral";"Sem Vítimas";"Pleno dia";"Decrescente";"Céu Claro";"Simples";"Interseção de Vias";"Sim";2;0;0;0;2;0;0;2;-22,51151387;-44,08734512;"SPRF-RJ";"DEL05-RJ";"UOP04-DEL05-RJ"
115552;2018-03-03;"sábado";"16:30:00";"PR";376;600;"CURITIBA";"Não guardar distância de segurança";"Colisão traseira";"Sem Vítimas";"Pleno dia";"Crescente";"Nublado";"Dupla";"Reta";"Sim";4;0;0;0;3;1;0;4;-25,53624594;-49,32243347;"SPRF-PR";"DEL01-PR";"UOP06-DEL01-PR"
115554;2018-03-03;"sábado";"17:45:00";"MG";381;504;"BETIM";"Não guardar distância de segurança";"Colisão lateral";"Sem Vítimas";"Pleno dia";"Decrescente";"Céu Claro";"Dupla";"Reta";"Sim";2;0;0;0;2;0;0;2;-20,03136444;-44,23743108;"SPRF-MG";"DEL01-MG";"UOP03-DEL01-MG"
115564;2018-03-03;"sábado";"17:30:00";"PA";10;78;"ULIANOPOLIS";"Falta de Atenção à Condução";"Derramamento de carga";"Sem Vítimas";"Anoitecer";"Crescente";"Céu Claro";"Simples";"Reta";"Sim";2;0;0;0;1;1;0;2;-3,721266;-47,489651;"SPRF-PA";"DEL02-PA";"UOP02-DEL02-PA"
115567;2018-03-03;"sábado";"18:20:00";"PE";232;62,4;"POMBOS";"Velocidade Incompatível";"Saída de leito carroçável";"Com Vítimas Fatais";"Plena Noite";"Decrescente";"Céu Claro";"Dupla";"Curva";"Não";2;1;0;0;0;1;0;2;-8,15711815;-35,42816162;"SPRF-PE";"DEL01-PE";"UOP02-DEL02PE"
115570;2018-03-03;"sábado";"13:00:00";"MT";70;715;"CACERES";"Falta de Atenção à Condução";"Danos eventuais";"Sem Vítimas";"Pleno dia";"Decrescente";"Céu Claro";"Simples";"Reta";"Não";1;0;0;0;1;0;0;1;-16,20264141;-57,57599831;"SPRF-MT";"DEL03-MT";"UOP01-DEL03-MT"
115573;2018-03-03;"sábado";"18:10:00";"RJ";393;275;"BARRA DO PIRAI";"Defeito Mecânico no Veículo";"Colisão com objeto estático";"Sem Vítimas";"Anoitecer";"Decrescente";"Céu Claro";"Simples";"Reta";"Sim";1;0;0;0;1;0;0;1;-22,48543711;-43,91908318;"SPRF-RJ";"DEL05-RJ";"UOP04-DEL05-RJ"
115575;2018-03-03;"sábado";"15:35:00";"SC";282;407,5;"CATANDUVAS";"Falta de Atenção à Condução";"Saída de leito carroçável";"Com Vítimas Feridas";"Pleno dia";"Decrescente";"Céu Claro";"Simples";"Curva;Aclive";"Não";2;0;2;0;0;0;2;1;-27,083517;-51,662014;"SPRF-SC";"DEL07-SC";"UOP05-DEL07-SC"
115583;2018-03-03;"sábado";"19:18:00";"BA";110;2,2;"PAULO AFONSO";"Falta de Atenção do Pedestre";"Atropelamento de Pedestre";"Com Vítimas Feridas";"Plena Noite";"Decrescente";"Céu Claro";"Simples";"Curva";"Sim";2;0;1;0;1;0;1;2;-9,40029069;-38,17268372;"SPRF-BA";"DEL07-BA";"UOP01-DEL07-BA"
115602;2018-03-03;"sábado";"19:20:00";"MT";163;110,5;"RONDONOPOLIS";"Falta de Atenção à Condução";"Saída de leito carroçável";"Sem Vítimas";"Plena Noite";"Crescente";"Céu Claro";"Dupla";"Reta";"Não";2;0;0;0;1;2;0;3;-16,569801;-54,683422;"SPRF-MT";"DEL02-MT";"UOP01-DEL02-MT"
115606;2018-03-03;"sábado";"19:20:00";"BA";20;39;"CORRENTINA";"Condutor Dormindo";"Colisão frontal";"Sem Vítimas";"Anoitecer";"Crescente";"Céu Claro";"Simples";"Reta";"Não";5;0;0;0;4;4;0;7;-13,612104;-46,125139;"SPRF-BA";"DEL10-BA";"UOP01-DEL10-BA"
115615;2018-03-03;"sábado";"11:30:00";"MA";10;299;"CIDELANDIA";"Ingestão de Álcool";"Colisão traseira";"Com Vítimas Feridas";"Pleno dia";"Decrescente";"Sol";"Simples";"Reta";"Sim";2;0;1;0;1;0;1;2;-5,122542;-47,547592;"SPRF-MA";"DEL04-MA";"UOP03-DEL04-MA"
115617;2018-03-03;"sábado";"20:50:00";"BA";101;442;"UBAITABA";"Falta de Atenção do Pedestre";"Atropelamento de Pedestre";"Com Vítimas Fatais";"Plena Noite";"Decrescente";"Céu Claro";"Simples";"Curva";"Não";2;1;0;0;1;0;0;2;-14,31824992;-39,32022435;"SPRF-BA";"DEL05-BA";"UOP01-DEL05-BA"
115619;2018-03-03;"sábado";"19:40:00";"MT";364;197;"RONDONOPOLIS";"Defeito Mecânico no Veículo";"Colisão traseira";"Com Vítimas Feridas";"Plena Noite";"Decrescente";"Céu Claro";"Simples";"Reta";"Não";6;0;1;0;3;3;1;6;-16,511227;-54,615227;"SPRF-MT";"DEL02-MT";"UOP01-DEL02-MT"
115622;2018-03-03;"sábado";"21:00:00";"MG";251;472,8;"FRANCISCO SA";"Velocidade Incompatível";"Tombamento";"Com Vítimas Fatais";"Plena Noite";"Decrescente";"Céu Claro";"Simples";"Curva";"Não";2;2;0;0;0;0;0;2;-16,472;-43,4251;"SPRF-MG";"DEL12-MG";"UOP01-DEL12-MG"
115626;2018-03-03;"sábado";"20:25:00";"SC";282;514,5;"XAXIM";"Ingestão de Álcool";"Colisão transversal";"Sem Vítimas";"Plena Noite";"Crescente";"Chuva";"Simples";"Curva";"Não";2;0;0;0;2;0;0;2;-26,93431383;-52,50709534;"SPRF-SC";"DEL07-SC";"UOP01-DEL07-SC"
115627;2018-03-03;"sábado";"22:15:00";"GO";364;290;"MINEIROS";"Ingestão de Álcool";"Colisão frontal";"Com Vítimas Feridas";"Plena Noite";"Crescente";"Céu Claro";"Simples";"Curva";"Não";3;0;1;0;1;2;1;4;-17,589972;-52,467594;"SPRF-GO";"DEL05-GO";"UOP01-DEL05-GO"
115629;2018-03-03;"sábado";"20:26:00";"RS";290;526;"ALEGRETE";"Defeito Mecânico no Veículo";"Incêndio";"Sem Vítimas";"Plena Noite";"Decrescente";"Céu Claro";"Simples";"Reta";"Não";3;0;0;0;2;1;0;2;-30,052022;-55,303812;"SPRF-RS";"DEL13-RS";"UOP02-DEL13-RS"
115630;2018-03-03;"sábado";"19:40:00";"PI";343;468,7;"ANGICAL DO PIAUI";"Ingestão de Álcool";"Colisão traseira";"Com Vítimas Feridas";"Plena Noite";"Decrescente";"Céu Claro";"Simples";"Reta";"Sim";3;0;1;1;1;0;2;3;-6,068401;-42,736458;"SPRF-PI";"DEL01-PI";"UOP02-DEL01-PI"
115633;2018-03-03;"sábado";"22:35:00";"GO";414;403,7;"ABADIANIA";"Ingestão de Álcool";"Colisão traseira";"Com Vítimas Feridas";"Plena Noite";"Crescente";"Céu Claro";"Simples";"Reta;Aclive";"Não";2;0;0;1;1;0;1;2;-16,012417;-48,839442;"SPRF-GO";"DEL02-GO";"UOP01-DEL02-GO"
115638;2018-03-03;"sábado";"23:00:00";"MG";40;751,8;"SANTOS DUMONT";"Ingestão de Álcool";"Colisão transversal";"Com Vítimas Feridas";"Pleno dia";"Decrescente";"Chuva";"Simples";"Curva";"Não";2;0;1;0;1;0;1;2;-21,4989;-43,5357;"SPRF-MG";"DEL05-MG";"UOP01-DEL05-MG"
115640;2018-03-03;"sábado";"19:45:00";"PR";153;521;"GENERAL CARNEIRO";"Defeito Mecânico no Veículo";"Colisão traseira";"Sem Vítimas";"Anoitecer";"Crescente";"Chuva";"Múltipla";"Reta;Aclive";"Não";3;0;0;0;2;2;0;4;-26,60694652;-51,46957397;"SPRF-PR";"DEL02-PR";"UOP03-DEL02-PR"
115641;2018-03-03;"sábado";"22:00:00";"RS";386;352,3;"ESTRELA";"Falta de Atenção à Condução";"Tombamento";"Sem Vítimas";"Plena Noite";"Decrescente";"Céu Claro";"Dupla";"Curva";"Não";2;0;0;0;1;1;0;2;-29,491436;-51,95174;"SPRF-RS";"DEL04-RS";"UOP01-DEL04-RS"
115658;2018-03-04;"domingo";"01:40:00";"MG";365;658;"UBERLANDIA";"Condutor Dormindo";"Colisão traseira";"Sem Vítimas";"Plena Noite";"Decrescente";"Nublado";"Dupla";"Aclive";"Não";3;0;0;0;2;4;0;6;-18,8644;-48,5846;"SPRF-MG";"DEL15-MG";"UOP01-DEL15-MG"
115662;2018-03-04;"domingo";"02:00:00";"PR";277;25;"MORRETES";"Condutor Dormindo";"Tombamento";"Sem Vítimas";"Amanhecer";"Decrescente";"Garoa/Chuvisco";"Dupla";"Reta";"Não";2;0;0;0;1;3;0;4;-25,56474273;-48,8218689;"SPRF-PR";"DEL01-PR";"UOP05-DEL01-PR"
115668;2018-03-04;"domingo";"02:30:00";"RJ";116;266,8;"BARRA MANSA";"Falta de Atenção à Condução";"Colisão traseira";"Com Vítimas Feridas";"Plena Noite";"Crescente";"Chuva";"Dupla";"Reta";"Não";4;0;0;1;1;2;1;2;-22,560883;-44,122238;"SPRF-RJ";"DEL07-RJ";"UOP02-DEL07-RJ"
115670;2018-03-04;"domingo";"01:00:00";"PR";476;145,3;"CURITIBA";"Falta de Atenção à Condução";"Colisão traseira";"Com Vítimas Feridas";"Plena Noite";"Crescente";"Nublado";"Dupla";"Reta";"Sim";2;0;1;1;0;0;2;2;-25,547749;-49,32095;"SPRF-PR";"DEL01-PR";"UOP06-DEL01-PR"