"id";"data_inversa";"dia_semana";"horario";"uf";"br";"km";"municipio";"causa_acidente";"tipo_acidente";"classificacao_acidente";"fase_dia";"sentido_via";"condicao_metereologica";"tipo_pista";"tracado_via";"uso_solo";"pessoas";"mortos";"feridos_leves";"feridos_graves";"ilesos";"ignorados";"feridos";"veiculos";"latitude";"longitude";"regional";"delegacia";"uop"
116052;2018-03-05;"segunda-feira";"16:00:00";"MG";40;651,1;"CRISTIANO OTONI";"Agressão Externa";"Saída de leito carroçável";"Com Vítimas Feridas";"Pleno dia";"Crescente";"Sol";"Simples";"Reta";"Não";4;0;1;0;0;3;1;3;-20,83671358;-43,80227029;"SPRF-MG";"DEL05-MG";"UOP02-DEL05-MG"
116060;2018-03-05;"segunda-feira";"16:30:00";"SE";101;34;"CAPELA";"Não guardar distância de segurança";"Colisão traseira";"Sem Vítimas";"Pleno dia";"Decrescente";"Céu Claro";"Simples";"Reta";"Sim";3;0;0;0;2;4;0;6;-10,51886833;-36,95388794;"SPRF-SE";"DEL02-SE";"UOP02-DEL02-SE"
116061;2018-03-05;"segunda-feira";"18:30:00";"RN";110;48;"MOSSORO";"Desobediência às normas de trânsito pelo condutor";"Colisão transversal";"Com Vítimas Feridas";"Plena Noite";"Crescente";"Céu Claro";"Simples";"Reta";"Sim";3;0;0;1;1;1;1;3;-5,2086603;-37,33277947;"SPRF-RN";"DEL04-RN";"UOP01-DEL04-RN"
116065;2018-03-05;"segunda-feira";"17:45:00";"SP";381;71;"MAIRIPORA";"Falta de Atenção à Condução";"Colisão com objeto estático";"Sem Vítimas";"Pleno dia";"Decrescente";"Garoa/Chuvisco";"Dupla";"Curva";"Não";1;0;0;0;1;0;0;1;-23,353086;-46,551313;"SPRF-SP";"DEL03-SP";"DEL6/3-UOP03/SP"
116066;2018-03-05;"segunda-feira";"14:30:00";"MS";262;357,5;"CAMPO GRANDE";"Não guardar distância de segurança";"Colisão traseira";"Sem Vítimas";"Pleno dia";"Crescente";"Sol";"Simples";"Aclive";"Não";2;0;0;0;2;0;0;2;-20,542614;-54,693268;"SPRF-MS";"DEL01-MS";"UOP03-DEL01-MS"
116068;2018-01-30;"terça-feira";"00:05:00";"RS";116;494,5;"PELOTAS";"Condutor Dormindo";"Colisão traseira";"Com Vítimas Feridas";"Plena Noite";"Crescente";"Nublado";"Simples";"Reta";"Não";3;0;1;0;1;2;1;4;-31,772423;-52,34297;"SPRF-RS";"DEL07-RS";"UOP01-DEL07-RS"
116072;2018-03-05;"segunda-feira";"14:50:00";"MT";158;429;"RIBEIRAO CASCALHEIRA";"Falta de Atenção à Condução";"Saída de leito carroçável";"Com Vítimas Feridas";"Pleno dia";"Crescente";"Sol";"Simples";"Reta";"Não";2;0;1;0;0;2;1;3;-12,9672;-51,8726;"SPRF-MT";"DEL07-MT";"UOP02-DEL07-MT"
116073;2018-03-05;"segunda-feira";"17:00:00";"CE";116;256,1;"ALTO SANTO";"Defeito Mecânico no Veículo";"Saída de leito carroçável";"Sem Vítimas";"Anoitecer";"Crescente";"Céu Claro";"Simples";"Reta";"Não";1;0;0;0;0;1;0;1;-5,5025388;-38,41300964;"SPRF-CE";"DEL05-CE";"UOP02-DEL05-CE"
116077;2018-03-05;"segunda-feira";"20:00:00";"SP";116;218;"GUARULHOS";"Condutor Dormindo";"Colisão traseira";"Com Vítimas Feridas";"Pleno dia";"Crescente";"Céu Claro";"Múltipla";"Reta";"Sim";3;0;1;0;2;0;1;2;-23,45702621;-46,47847652;"SPRF-SP";"DEL01-SP";"UOP01-DEL01-SP"
116080;2018-03-05;"segunda-feira";"19:40:00";"RJ";116;187,5;"NOVA IGUACU";"Falta de Atenção do Pedestre";"Atropelamento de Pedestre";"Com Vítimas Fatais";"Plena Noite";"Decrescente";"Nublado";"Dupla";"Reta";"Não";3;1;0;0;1;2;0;4;-22,73913991;-43,53094876;"SPRF-RJ";"DEL01-RJ";"UOP03-DEL01-RJ"
116083;2018-02-09;"sexta-feira";"14:20:00";"MG";262;611,4;"IBIA";"Velocidade Incompatível";"Colisão com objeto estático";"Com Vítimas Feridas";"Pleno dia";"Decrescente";"Garoa/Chuvisco";"Simples";"Curva";"Não";4;0;0;3;0;2;3;3;-19,5885143;-46,31427705;"SPRF-MG";"DEL08-MG";"UOP02-DEL08-MG"
116085;2018-03-05;"segunda-feira";"16:50:00";"MA";135;22,9;"SAO LUIS";"Falta de Atenção à Condução";"Colisão frontal";"Com Vítimas Feridas";"Pleno dia";"Decrescente";"Sol";"Dupla";"Reta";"Sim";2;0;0;1;1;0;1;2;-2,746056;-44,342411;"SPRF-MA";"DEL01-MA";"UOP01-DEL01-MA"
116086;2018-03-05;"segunda-feira";"19:00:00";"MT";70;516;"VARZEA GRANDE";"Fenômenos da Natureza";"Atropelamento de Pedestre";"Com Vítimas Feridas";"Plena Noite";"Crescente";"Chuva";"Simples";"Reta";"Sim";5;0;2;0;1;3;2;5;-15,69576437;-56,16760254;"SPRF-MT";"DEL01-MT";"DEL2/4-UOP02/MT"
116093;2018-03-05;"segunda-feira";"16:00:00";"MG";40;280;"TRES MARIAS";"Falta de Atenção à Condução";"Saída de leito carroçável";"Com Vítimas Feridas";"Pleno dia";"Crescente";"Céu Claro";"Simples";"Reta";"Sim";3;0;1;1;0;1;2;2;-18,2492214;-45,1767941;"SPRF-MG";"DEL14-MG";"UOP02-DEL14-MG"
116095;2018-03-05;"segunda-feira";"21:00:00";"MG";40;456;"CAETANOPOLIS";"Falta de Atenção à Condução";"Colisão traseira";"Com Vítimas Feridas";"Plena Noite";"Crescente";"Céu Claro";"Dupla";"Reta;Aclive";"Não";3;0;1;0;1;1;1;3;-19,3794;-44,338;"SPRF-MG";"DEL02-MG";"UOP01-DEL02-MG"
116100;2018-03-05;"segunda-feira";"17:40:00";"PR";376;660;"CAMPO LARGO";"Não guardar distância de segurança";"Tombamento";"Com Vítimas Feridas";"Pleno dia";"Decrescente";"Garoa/Chuvisco";"Dupla";"Curva";"Não";2;0;2;0;0;0;2;1;-25,445097;-49,50071;"SPRF-PR";"DEL01-PR";"DEL7/1-UOP08/PR"
116102;2018-03-05;"segunda-feira";"17:30:00";"PR";376;660;"TIJUCAS DO SUL";"Velocidade Incompatível";"Saída de leito carroçável";"Sem Vítimas";"Pleno dia";"Decrescente";"Chuva";"Dupla";"Curva";"Não";2;0;0;0;1;2;0;3;-25,85135924;-48,99351854;"SPRF-PR";"DEL01-PR";"DEL7/1-UOP08/PR"
116104;2018-02-27;"terça-feira";"22:15:00";"SC";101;130;"BALNEARIO CAMBORIU";"Falta de Atenção à Condução";"Atropelamento de Pedestre";"Com Vítimas Fatais";"Plena Noite";"Crescente";"Nublado";"Múltipla";"Reta";"Não";2;1;0;0;0;1;0;2;-26,9907;-48,6629;"SPRF-SC";"DEL04-SC";"UOP03-DEL04-SC"
116105;2018-03-05;"segunda-feira";"18:00:00";"RS";285;329;"CARAZINHO";"Não guardar distância de segurança";"Colisão traseira";"Sem Vítimas";"Anoitecer";"Crescente";"Céu Claro";"Simples";"Curva";"Não";3;0;0;0;2;1;0;3;-28,285379;-52,704105;"SPRF-RS";"DEL08-RS";"UOP03-DEL08-RS"
116107;2018-03-05;"segunda-feira";"20:00:00";"PR";277;73;"SAO JOSE DOS PINHAIS";"Falta de Atenção à Condução";"Colisão traseira";"Com Vítimas Feridas";"Plena Noite";"Crescente";"Nublado";"Dupla";"Reta";"Sim";3;0;0;1;1;1;1;3;-25,50227643;-49,14926738;"SPRF-PR";"DEL01-PR";"UOP07-DEL01-PR"
116108;2018-03-05;"segunda-feira";"21:50:00";"GO";60;2,9;"ALEXANIA";"Falta de Atenção à Condução";"Colisão traseira";"Com Vítimas Feridas";"Plena Noite";"Decrescente";"Céu Claro";"Dupla";"Reta";"Não";2;0;0;1;1;0;1;2;-16,094168;-48,517212;"SPRF-DF";"DEL01-DF";"UOP01-DEL03-DF"
116109;2018-03-05;"segunda-feira";"19:55:00";"PR";376;253,3;"CALIFORNIA";"Defeito Mecânico no Veículo";"Colisão com objeto estático";"Sem Vítimas";"Plena Noite";"Crescente";"Céu Claro";"Dupla";"Reta";"Não";2;0;0;0;1;1;0;2;-23,63328521;-51,378099;"SPRF-PR";"DEL07-PR";"UOP03-DEL07-PR"
116111;2018-03-05;"segunda-feira";"12:05:00";"MG";381;217;"BELO ORIENTE";"Velocidade Incompatível";"Tombamento";"Com Vítimas Feridas";"Pleno dia";"Decrescente";"Céu Claro";"Simples";"Curva";"Não";2;0;1;0;0;2;1;3;-19,39414886;-42,48376608;"SPRF-MG";"DEL06-MG";"UOP01-DEL06-MG"
116119;2018-03-05;"segunda-feira";"21:05:00";"MG";381;700,7;"LAVRAS";"Velocidade Incompatível";"Colisão com objeto estático";"Com Vítimas Feridas";"Plena Noite";"Crescente";"Céu Claro";"Dupla";"Curva";"Não";2;0;1;0;0;1;1;2;-21,287348;-45,143683;"SPRF-MG";"DEL04-MG";"UOP02-DEL04-MG"
116126;2018-03-05;"segunda-feira";"20:45:00";"PR";277;4,3;"PARANAGUA";"Ultrapassagem Indevida";"Colisão frontal";"Com Vítimas Feridas";"Plena Noite";"Crescente";"Céu Claro";"Simples";"Aclive";"Não";4;0;1;0;2;3;1;6;-25,55359262;-48,55133057;"SPRF-PR";"DEL01-PR";"UOP05-DEL01-PR"
116127;2018-03-05;"segunda-feira";"23:30:00";"SC";101;232,6;"PALHOCA";"Defeito na Via";"Colisão com objeto estático";"Com Vítimas Feridas";"Plena Noite";"Decrescente";"Céu Claro";"Dupla";"Declive;Reta";"Sim";2;0;1;0;0;2;1;3;-27,80137252;-48,6375314;"SPRF-SC";"DEL01-SC";"UOP02-DEL01-SC"
116131;2018-03-06;"terça-feira";"00:30:00";"MG";381;627,6;"OLIVEIRA";"Condutor Dormindo";"Colisão traseira";"Com Vítimas Feridas";"Plena Noite";"Crescente";"Céu Claro";"Dupla";"Reta";"Não";2;0;1;0;1;0;1;2;-20,8187;-44,7998;"SPRF-MG";"DEL04-MG";"UOP01-DEL04-MG"
116132;2018-03-06;"terça-feira";"02:30:00";"PI";343;326,5;"TERESINA";"Desobediência às normas de trânsito pelo condutor";"Colisão lateral";"Sem Vítimas";"Plena Noite";"Decrescente";"Garoa/Chuvisco";"Simples";"Interseção de Vias";"Não";2;0;0;0;2;0;0;2;-5,07179366;-42,73406982;"SPRF-PI";"DEL01-PI";"UOP01-DEL01-PI"
116135;2018-03-06;"terça-feira";"01:20:00";"MS";262;466;"ANASTACIO";"Falta de Atenção à Condução";"Colisão lateral";"Sem Vítimas";"Plena Noite";"Crescente";"Nublado";"Simples";"Reta";"Não";2;0;0;0;2;0;0;2;-20,523962;-55,59563;"SPRF-MS";"DEL03-MS";"UOP01-DEL03-MS"
116140;2018-03-06;"terça-feira";"05:50:00";"PR";116;103;"SAO JOSE DOS PINHAIS";"Falta de Atenção à Condução";"Colisão traseira";"Com Vítimas Feridas";"Amanhecer";"Crescente";"Nevoeiro/Neblina";"Dupla";"Reta";"Não";6;0;1;0;4;3;1;7;-25,559525;-49,151039;"SPRF-PR";"DEL01-PR";"UOP07-DEL01-PR"
116145;2018-03-06;"terça-feira";"05:15:00";"SP";116;342;"MIRACATU";"Restrição de Visibilidade";"Atropelamento de Pedestre";"Com Vítimas Fatais";"Amanhecer";"Crescente";"Nevoeiro/Neblina";"Dupla";"Reta";"Não";3;1;0;0;1;2;0;4;-24,01849;-47,16989;"SPRF-SP";"DEL04-SP";"UOP03-DEL04-SP"
116146;2018-03-06;"terça-feira";"05:45:00";"MG";153;42,1;"CANAPOLIS";"Condutor Dormindo";"Colisão traseira";"Com Vítimas Feridas";"Amanhecer";"Crescente";"Nublado";"Dupla";"Reta;Aclive";"Não";3;0;1;0;1;2;1;4;-18,7621;-49,0752;"SPRF-MG";"DEL15-MG";"UOP03-DEL15-MG"
116147;2018-03-05;"segunda-feira";"13:42:00";"MG";40;487;"RIBEIRAO DAS NEVES";"Falta de Atenção à Condução";"Danos eventuais";"Sem Vítimas";"Pleno dia";"Decrescente";"Céu Claro";"Dupla";"Reta";"Não";2;0;0;0;0;2;0;2;-19,75765668;-44,14924622;"SPRF-MG";"DEL02-MG";"UOP01-DEL02-MG"
116155;2018-03-06;"terça-feira";"06:00:00";"MT";364;279;"JACIARA";"Falta de Atenção à Condução";"Saída de leito carroçável";"Sem Vítimas";"Pleno dia";"Decrescente";"Céu Claro";"Dupla";"Reta";"Não";2;0;0;0;1;2;0;3;-15,942506;-55,014496;"SPRF-MT";"DEL02-MT";"UOP02-DEL05-MT"
116162;2018-03-06;"terça-feira";"07:30:00";"GO";153;662,8;"GOIATUBA";"Velocidade Incompatível";"Colisão traseira";"Com Vítimas Fatais";"Pleno dia";"Crescente";"Sol";"Dupla";"Declive";"Não";4;1;0;1;1;1;1;3;-18,0724;-49,2697;"SPRF-GO";"DEL03-GO";"UOP02-DEL03-GO"
116163;2018-03-06;"terça-feira";"07:00:00";"PE";232;70;"GRAVATA";"Condutor Dormindo";"Tombamento";"Sem Vítimas";"Pleno dia";"Decrescente";"Nublado";"Simples";"Reta";"Sim";1;0;0;0;1;0;0;1;-8,183444;-35,492966;"SPRF-PE";"DEL01-PE";"UOP02-DEL02PE"
116164;2018-03-06;"terça-feira";"06:40:00";"MG";262;450,5;"NOVA SERRANA";"Falta de Atenção à Condução";"Colisão traseira";"Com Vítimas Feridas";"Pleno dia";"Decrescente";"Céu Claro";"Simples";"Reta";"Não";3;0;1;0;2;0;1;2;-19,863728;-44,997971;"SPRF-MG";"DEL08-MG";"UOP03-DEL08-MG"
116171;2018-03-06;"terça-feira";"07:40:00";"RJ";116;310;"RESENDE";"Velocidade Incompatível";"Colisão lateral";"Sem Vítimas";"Pleno dia";"Decrescente";"Céu Claro";"Dupla";"Reta";"Não";3;0;0;0;2;1;0;3;-22,459236;-44,434776;"SPRF-RJ";"DEL07-RJ";"DEL5/7-UOP03/RJ"
116175;2018-03-02;"sexta-feira";"16:00:00";"AC";364;271,1;"SENA MADUREIRA";"Falta de Atenção à Condução";"Colisão traseira";"Com Vítimas Feridas";"Pleno dia";"Decrescente";"Chuva";"Simples";"Reta";"Não";6;0;3;0;3;0;3;2;-9,08989254;-68,65287781;"SPRF-AC";"DEL01-AC";"UOP01-DEL01-AC"
116176;2018-03-06;"terça-feira";"08:30:00";"AL";104;91;"RIO LARGO";"Falta de Atenção à Condução";"Colisão lateral";"Sem Vítimas";"Pleno dia";"Crescente";"Céu Claro";"Dupla";"Reta";"Sim";2;0;0;0;2;0;0;2;-9,49869376;-35,81203938;"SPRF-AL";"DEL01-AL";"UOP01-DEL01-AL"
116178;2018-03-06;"terça-feira";"07:50:00";"SP";116;449;"REGISTRO";"Falta de Atenção à Condução";"Colisão lateral";"Com Vítimas Feridas";"Pleno dia";"Crescente";"Céu Claro";"Dupla";"Reta";"Não";3;0;1;0;1;1;1;3;-24,54314658;-47,8607941;"SPRF-SP";"DEL05-SP";"UOP01-DEL05-SP"
116185;2018-03-06;"terça-feira";"08:00:00";"MG";381;491;"BETIM";"Falta de Atenção à Condução";"Colisão lateral";"Sem Vítimas";"Pleno dia";"Crescente";"Céu Claro";"Dupla";"Interseção de Vias";"Sim";2;0;0;0;2;0;0;2;-19,9616;-44,1603;"SPRF-MG";"DEL01-MG";"UOP03-DEL01-MG"
116191;2018-03-06;"terça-feira";"08:00:00";"SP";116;516;"CAJATI";"Falta de Atenção à Condução";"Tombamento";"Sem Vítimas";"Pleno dia";"Crescente";"Céu Claro";"Simples";"Aclive;Reta";"Não";2;0;0;0;1;1;0;2;-24,87401351;-48,21896911;"SPRF-SP";"DEL05-SP";"UAP01-DEL05-SP"
116195;2018-03-06;"terça-feira";"08:20:00";"GO";153;433,3;"ANAPOLIS";"Carga excessiva e/ou mal acondicionada";"Capotamento";"Sem Vítimas";"Pleno dia";"Crescente";"Céu Claro";"Simples";"Rotatória";"Sim";1;0;0;0;1;0;0;1;-16,272389;-48,973357;"SPRF-GO";"DEL02-GO";"UOP01-DEL02-GO"
116196;2018-03-06;"terça-feira";"09:00:00";"MG";381;490;"BETIM";"Não guardar distância de segurança";"Colisão traseira";"Com Vítimas Feridas";"Pleno dia";"Crescente";"Céu Claro";"Dupla";"Reta";"Sim";2;0;1;0;1;0;1;2;-19,9585;-44,151;"SPRF-MG";"DEL01-MG";"UOP03-DEL01-MG"
116205;2018-03-06;"terça-feira";"14:14:00";"PR";376;105,3;"PARANAVAI";"Falta de Atenção à Condução";"Colisão lateral";"Com Vítimas Fatais";"Pleno dia";"Crescente";"Céu Claro";"Simples";"Reta;Em Obras";"Sim";3;1;0;0;1;1;0;3;-23,059259;-52,436863;"SPRF-PR";"DEL07-PR";"UOP02-DEL09-PR"
116216;2018-03-06;"terça-feira";"12:40:00";"RS";386;356,4;"ESTRELA";"Sinalização da via insuficiente ou inadequada";"Engavetamento";"Com Vítimas Feridas";"Pleno dia";"Decrescente";"Sol";"Dupla";"Reta;Declive;Em Obras";"Não";3;0;1;0;2;0;1;3;-29,522612;-51,935017;"SPRF-RS";"DEL04-RS";"UOP01-DEL04-RS"
116219;2018-03-06;"terça-feira";"14:40:00";"SC";470;318;"CAMPOS NOVOS";"Falta de Atenção à Condução";"Colisão lateral";"Com Vítimas Feridas";"Pleno dia";"Decrescente";"Nublado";"Simples";"Reta";"Sim";3;0;0;1;1;2;1;4;-27,40350803;-51,20454222;"SPRF-SC";"DEL07-SC";"UOP06-DEL07-SC"
116220;2018-03-06;"terça-feira";"12:23:00";"SP";116;51,6;"LORENA";"Defeito Mecânico no Veículo";"Colisão traseira";"Com Vítimas Feridas";"Pleno dia";"Decrescente";"Céu Claro";"Dupla";"Reta";"Sim";2;0;1;0;1;0;1;2;-22,741575;-45,092064;"SPRF-SP";"DEL08-SP";"UOP01-DEL08-SP"
116230;2018-03-06;"terça-feira";"13:00:00";"PI";343;292,1;"ALTOS";"Falta de Atenção à Condução";"Colisão lateral";"Sem Vítimas";"Pleno dia";"Crescente";"Céu Claro";"Simples";"Reta";"Não";2;0;0;0;2;0;0;2;-4,957365;-42,361111;"SPRF-PI";"DEL01-PI";"UOP03-DEL01-PI"
116231;2018-01-04;"quinta-feira";"08:00:00";"MG";116;54;"MEDINA";"Falta de Atenção à Condução";"Colisão lateral";"Com Vítimas Fatais";"Pleno dia";"Crescente";"Nublado";"Simples";"Curva";"Não";8;2;0;2;2;2;2;4;-16,222961;-41,47729;"SPRF-MG";"DEL11-MG";"UOP02-DEL11-MG"
116232;2018-03-06;"terça-feira";"11:45:00";"SP";381;15;"BRAGANCA PAULISTA";"Falta de Atenção à Condução";"Colisão traseira";"Com Vítimas Fatais";"Pleno dia";"Decrescente";"Céu Claro";"Dupla";"Reta";"Não";3;1;0;0;1;1;0;3;-22,95183351;-46,47951722;"SPRF-SP";"DEL03-SP";"UOP02-DEL03-SP"
116241;2018-03-06;"terça-feira";"15:00:00";"PE";101;209;"XEXEU";"Falta de Atenção à Condução";"Colisão traseira";"Com Vítimas Feridas";"Pleno dia";"Decrescente";"Céu Claro";"Dupla";"Reta";"Não";3;0;0;1;1;1;1;3;-8,835364;-35,640138;"SPRF-PE";"DEL01-PE";"UOP03-DEL01-PE"
116242;2018-03-06;"terça-feira";"15:20:00";"MG";381;391;"SAO GONCALO DO RIO ABAIXO";"Velocidade Incompatível";"Colisão frontal";"Com Vítimas Feridas";"Pleno dia";"Decrescente";"Céu Claro";"Simples";"Reta";"Não";4;0;1;0;2;2;1;5;-19,80372739;-43,40837839;"SPRF-MG";"DEL01-MG";"UOP01-DEL01-MG"
116243;2018-03-06;"terça-feira";"14:40:00";"MT";163;1009;"TERRA NOVA DO NORTE";"Ingestão de Álcool";"Tombamento";"Com Vítimas Feridas";"Pleno dia";"Crescente";"Céu Claro";"Simples";"Reta";"Não";2;0;1;0;0;1;1;2;-10,41893647;-55,05455017;"SPRF-MT";"DEL06-MT";"UOP02-DEL06-MT"
116248;2018-03-06;"terça-feira";"13:20:00";"MG";116;557,3;"MANHUACU";"Velocidade Incompatível";"Colisão frontal";"Com Vítimas Feridas";"Pleno dia";"Decrescente";"Sol";"Simples";"Curva;Declive";"Não";3;0;0;1;2;0;1;2;-20,010616;-42,152865;"SPRF-MG";"DEL06-MG";"UOP02-DEL06-MG"
116249;2018-03-06;"terça-feira";"14:40:00";"MG";381;921,3;"CAMANDUCAIA";"Velocidade Incompatível";"Capotamento";"Com Vítimas Feridas";"Pleno dia";"Crescente";"Céu Claro";"Dupla";"Curva";"Não";1;0;0;1;0;0;1;1;-22,76264627;-46,16980787;"SPRF-MG";"DEL16-MG";"UOP03-DEL16-MG"
116250;2018-03-06;"terça-feira";"12:10:00";"SC";101;199;"SAO JOSE";"Falta de Atenção à Condução";"Tombamento";"Com Vítimas Feridas";"Pleno dia";"Decrescente";"Céu Claro";"Dupla";"Reta";"Sim";3;0;1;0;1;2;1;4;-27,5402;-48,6226;"SPRF-SC";"DEL01-SC";"UOP01-DEL01-SC"
116256;2018-03-06;"terça-feira";"15:30:00";"BA";242;346;"PALMEIRAS";"Pista Escorregadia";"Colisão frontal";"Com Vítimas Fatais";"Pleno dia";"Decrescente";"Chuva";"Simples";"Curva";"Não";4;1;0;1;1;2;1;4;-12,43925866;-41,52351379;"SPRF-BA";"DEL06-BA";"UOP01-DEL06-BA"
116260;2018-03-06;"terça-feira";"16:30:00";"RJ";116;165;"RIO DE JANEIRO";"Não guardar distância de segurança";"Engavetamento";"Com Vítimas Feridas";"Pleno dia";"Crescente";"Sol";"Múltipla";"Reta";"Sim";4;0;2;0;2;0;2;4;-22,80765339;-43,34004803;"SPRF-RJ";"DEL01-RJ";"UOP02-DEL01-RJ"
116264;2018-03-06;"terça-feira";"14:40:00";"PI";230;310;"FLORIANO";"Falta de Atenção à Condução";"Colisão transversal";"Com Vítimas Feridas";"Pleno dia";"Decrescente";"Céu Claro";"Simples";"Reta";"Sim";2;0;1;0;1;0;1;2;-6,77507994;-43,00735474;"SPRF-PI";"DEL03-PI";"UOP01-DEL03-PI"
116267;2018-03-06;"terça-feira";"13:05:00";"SC";116;0,5;"MAFRA";"Não guardar distância de segurança";"Colisão traseira";"Com Vítimas Feridas";"Pleno dia";"Decrescente";"Nublado";"Simples";"Reta";"Não";4;0;1;0;2;1;1;3;-26,11475283;-49,78980303;"SPRF-SC";"DEL06-SC";"UOP01-DEL06-SC"
116269;2018-03-06;"terça-feira";"15:00:00";"AC";364;123,1;"RIO BRANCO";"Desobediência às normas de trânsito pelo condutor";"Colisão traseira";"Com Vítimas Feridas";"Pleno dia";"Decrescente";"Céu Claro";"Dupla";"Reta";"Sim";3;0;0;2;1;0;2;3;-10,01593871;-67,8197937;"SPRF-AC";"DEL01-AC";"UOP01-DEL01-AC"
116272;2018-03-06;"terça-feira";"17:25:00";"MG";262;466,2;"BOM DESPACHO";"Velocidade Incompatível";"Colisão lateral";"Com Vítimas Fatais";"Pleno dia";"Crescente";"Nublado";"Simples";"Aclive";"Não";4;1;1;0;2;0;1;3;-19,7892657;-45,2369608;"SPRF-MG";"DEL08-MG";"UOP03-DEL08-MG"
116275;2018-03-06;"terça-feira";"17:40:00";"AL";316;266,5;"SATUBA";"Desobediência às normas de trânsito pelo condutor";"Colisão lateral";"Com Vítimas Fatais";"Anoitecer";"Decrescente";"Céu Claro";"Simples";"Curva";"Não";6;1;2;1;0;2;3;4;-9,587583;-35,878014;"SPRF-AL";"DEL02-AL";"UOP01-DEL02-AL"
116279;2018-03-06;"terça-feira";"13:00:00";"GO";60;107;"ANAPOLIS";"Defeito Mecânico no Veículo";"Colisão com objeto estático";"Com Vítimas Feridas";"Pleno dia";"Crescente";"Céu Claro";"Múltipla";"Reta";"Não";1;0;1;0;0;0;1;1;-16,431;-49,018;"SPRF-GO";"DEL02-GO";"UOP01-DEL02-GO"
116282;2018-03-06;"terça-feira";"12:00:00";"PA";230;114;"MARABA";"Não guardar distância de segurança";"Engavetamento";"Sem Vítimas";"Pleno dia";"Decrescente";"Céu Claro";"Dupla";"Declive";"Sim";3;0;0;0;3;0;0;3;-5,35655219;-49,09172058;"SPRF-PA";"DEL03-PA";"UOP01-DEL03-PA"
116302;2018-03-06;"terça-feira";"18:58:00";"SC";101;100;"BALNEARIO PICARRAS";"Deficiência ou não Acionamento do Sistema de Iluminação/Sinalização do Veículo";"Colisão traseira";"Com Vítimas Feridas";"Plena Noite";"Crescente";"Nublado";"Dupla";"Reta";"Não";3;0;1;0;1;1;1;3;-26,766;-48,6863;"SPRF-SC";"DEL03-SC";"UOP02-DEL03-SC"
116305;2018-03-06;"terça-feira";"19:40:00";"PR";163;165,4;"LINDOESTE";"Desobediência às normas de trânsito pelo condutor";"Colisão lateral";"Com Vítimas Feridas";"Anoitecer";"Crescente";"Céu Claro";"Simples";"Reta;Em Obras";"Não";3;0;1;0;1;2;1;4;-25,3033;-53,5758;"SPRF-PR";"DEL04-PR";"UOP05-DEL05-PR"
116309;2018-03-06;"terça-feira";"19:05:00";"PR";153;364,3;"RIO AZUL";"Defeito Mecânico no Veículo";"Saída de leito carroçável";"Com Vítimas Feridas";"Pleno dia";"Crescente";"Céu Claro";"Simples";"Reta";"Não";1;0;1;0;0;0;1;1;-25,706642;-50,783718;"SPRF-PR";"DEL03-PR";"UOP02-DEL08-PR"
116314;2018-03-06;"terça-feira";"18:40:00";"MT";70;522;"VARZEA GRANDE";"Desobediência às normas de trânsito pelo condutor";"Colisão frontal";"Com Vítimas Feridas";"Plena Noite";"Decrescente";"Céu Claro";"Simples";"Reta";"Sim";3;0;1;0;1;1;1;3;-15,66386661;-56,18536949;"SPRF-MT";"DEL01-MT";"DEL2/4-UOP02/MT"
116315;2018-03-06;"terça-feira";"19:55:00";"SC";116;12;"MAFRA";"Falta de Atenção à Condução";"Saída de leito carroçável";"Com Vítimas Feridas";"Plena Noite";"Crescente";"Chuva";"Simples";"Reta";"Não";3;0;2;0;1;0;2;1;-26,178778;-49,86721;"SPRF-SC";"DEL06-SC";"UOP01-DEL06-SC"
116318;2018-03-06;"terça-feira";"20:40:00";"RS";386;248,6;"SOLEDADE";"Falta de Atenção à Condução";"Colisão com objeto estático";"Com Vítimas Feridas";"Plena Noite";"Decrescente";"Céu Claro";"Simples";"Reta";"Sim";1;0;1;0;0;0;1;1;-28,8280007;-52,4651708;"SPRF-RS";"DEL04-RS";"NPF/DEL04-RS"
116325;2018-03-06;"terça-feira";"20:45:00";"PA";10;7;"DOM ELISEU";"Animais na Pista";"Atropelamento de Animal";"Com Vítimas Feridas";"Plena Noite";"Decrescente";"Céu Claro";"Simples";"Reta";"Não";2;0;1;0;0;1;1;2;-4,3821494;-47,5359073;"SPRF-PA";"DEL02-PA";"UOP02-DEL02-PA"
116327;2018-03-06;"terça-feira";"21:25:00";"PR";116;32,4;"CAMPINA GRANDE DO SUL";"Velocidade Incompatível";"Tombamento";"Sem Vítimas";"Plena Noite";"Decrescente";"Chuva";"Dupla";"Curva";"Não";1;0;0;0;1;0;0;1;-25,109568;-48,84329069;"SPRF-PR";"DEL01-PR";"UOP02-DEL01-PR"
116328;2018-03-06;"terça-feira";"21:30:00";"PR";376;88,2;"PARANAVAI";"Defeito Mecânico no Veículo";"Colisão traseira";"Sem Vítimas";"Plena Noite";"Crescente";"Nublado";"Simples";"Aclive";"Não";3;0;0;0;2;2;0;4;-23,034239;-52,479462;"SPRF-PR";"DEL07-PR";"UOP02-DEL09-PR"
116330;2018-03-06;"terça-feira";"21:55:00";"MG";381;863,5;"POUSO ALEGRE";"Falta de Atenção à Condução";"Colisão lateral";"Sem Vítimas";"Plena Noite";"Crescente";"Céu Claro";"Múltipla";"Aclive;Reta";"Não";2;0;0;0;1;1;0;2;-22,3478;-45,9265;"SPRF-MG";"DEL16-MG";"UOP01-DEL16-MG"