"id";"data_inversa";"dia_semana";"horario";"uf";"br";"km";"municipio";"causa_acidente";"tipo_acidente";"classificacao_acidente";"fase_dia";"sentido_via";"condicao_metereologica";"tipo_pista";"tracado_via";"uso_solo";"pessoas";"mortos";"feridos_leves";"feridos_graves";"ilesos";"ignorados";"feridos";"veiculos";"latitude";"longitude";"regional";"delegacia";"uop"
116332;2018-03-05;"segunda-feira";"15:20:00";"MT";0;0;"CUIABA";"Falta de Atenção à Condução";"Tombamento";"Sem Vítimas";"Pleno dia";"Não Informado";"Céu Claro";"Simples";"Rotatória";"Não";2;0;0;0;1;1;0;2;-15,7011578;-55,874351;"SPRF-MT";"DEL02-MT";"UOP02-DEL01-MT"
116334;2018-03-06;"terça-feira";"22:00:00";"GO";153;491,1;"GOIANIA";"Falta de Atenção à Condução";"Colisão com objeto estático";"Com Vítimas Feridas";"Plena Noite";"Decrescente";"Céu Claro";"Simples";"Reta";"Sim";3;0;0;1;1;2;1;4;-16,639;-49,2063;"SPRF-GO";"DEL01-GO";"UOP01-DEL01-GO"
116336;2018-03-06;"terça-feira";"20:15:00";"PR";476;242;"LAPA";"Desobediência às normas de trânsito pelo condutor";"Tombamento";"Com Vítimas Feridas";"Plena Noite";"Crescente";"Chuva";"Simples";"Curva";"Não";1;0;1;0;0;0;1;1;-25,858768;-50,08609;"SPRF-PR";"DEL02-PR";"UOP04-DEL02-PR"
116337;2018-03-06;"terça-feira";"21:30:00";"CE";222;312;"TIANGUA";"Desobediência às normas de trânsito pelo condutor";"Colisão transversal";"Sem Vítimas";"Plena Noite";"Decrescente";"Nevoeiro/Neblina";"Simples";"Reta";"Sim";2;0;0;0;2;0;0;2;-3,7029983;-40,9874617;"SPRF-CE";"DEL04-CE";"UOP02-DEL04-CE"
116340;2018-03-06;"terça-feira";"18:36:00";"MG";381;899,9;"CAMBUI";"Falta de Atenção à Condução";"Colisão com objeto estático";"Sem Vítimas";"Anoitecer";"Crescente";"Nublado";"Múltipla";"Reta";"Sim";3;0;0;0;0;3;0;2;-22,62850951;-46,07808525;"SPRF-MG";"DEL16-MG";"UOP03-DEL16-MG"
116355;2018-02-22;"quinta-feira";"22:38:00";"MT";174;378,8;"CONQUISTA DOESTE";"Falta de Atenção à Condução";"Colisão traseira";"Com Vítimas Fatais";"Plena Noite";"Decrescente";"Céu Claro";"Simples";"Reta";"Sim";3;1;0;0;1;1;0;3;-14,54657399;-59,54230744;"SPRF-MT";"DEL04-MT";"UOP01-DEL04-MT"
116357;2018-03-06;"terça-feira";"23:28:00";"GO";50;186,4;"CAMPO ALEGRE DE GOIAS";"Condutor Dormindo";"Colisão traseira";"Com Vítimas Feridas";"Plena Noite";"Crescente";"Nublado";"Dupla";"Reta";"Não";5;0;3;0;1;1;3;3;-17,46135748;-47,80935645;"SPRF-GO";"DEL06-GO";"UOP01-DEL06-GO"
116362;2018-03-06;"terça-feira";"23:20:00";"PR";116;7,7;"CAMPINA GRANDE DO SUL";"Velocidade Incompatível";"Colisão com objeto estático";"Sem Vítimas";"Plena Noite";"Crescente";"Chuva";"Dupla";"Curva;Declive";"Não";2;0;0;0;1;1;0;2;-25,08235;-48,615093;"SPRF-PR";"DEL01-PR";"UOP02-DEL01-PR"
116363;2018-03-07;"quarta-feira";"00:30:00";"SP";116;502;"CAJATI";"Falta de Atenção à Condução";"Tombamento";"Sem Vítimas";"Plena Noite";"Crescente";"Chuva";"Simples";"Curva";"Não";2;0;0;0;1;1;0;2;-24,78424096;-48,17779541;"SPRF-SP";"DEL05-SP";"UAP01-DEL05-SP"
116364;2018-03-07;"quarta-feira";"02:50:00";"RS";386;304,7;"POUSO NOVO";"Defeito Mecânico no Veículo";"Tombamento";"Com Vítimas Feridas";"Plena Noite";"Crescente";"Céu Claro";"Simples";"Curva;Declive";"Não";2;0;1;0;0;1;1;2;-29,20371974;-52,18162537;"SPRF-RS";"DEL04-RS";"UOP01-DEL04-RS"
116368;2018-03-07;"quarta-feira";"03:20:00";"RJ";101;234;"SILVA JARDIM";"Condutor Dormindo";"Colisão com objeto estático";"Sem Vítimas";"Plena Noite";"Crescente";"Céu Claro";"Dupla";"Reta";"Não";1;0;0;0;1;0;0;1;-22,602955;-42,388344;"SPRF-RJ";"DEL02-RJ";"UOP03-DEL02-RJ"
116373;2018-03-07;"quarta-feira";"04:50:00";"BA";324;536;"CONCEICAO DO JACUIPE";"Defeito Mecânico no Veículo";"Tombamento";"Com Vítimas Feridas";"Amanhecer";"Crescente";"Céu Claro";"Dupla";"Reta";"Não";1;0;1;0;0;0;1;1;-12,3759423;-38,8045867;"SPRF-BA";"DEL01-BA";"UOP01-DEL01-BA"
116375;2018-03-07;"quarta-feira";"05:30:00";"ES";101;215,5;"IBIRACU";"Falta de Atenção à Condução";"Derramamento de carga";"Com Vítimas Feridas";"Amanhecer";"Crescente";"Nublado";"Simples";"Curva";"Sim";2;0;1;0;0;1;1;2;-19,83704158;-40,38059235;"SPRF-ES";"DEL02-ES";"UOP01-DEL02-ES"
116376;2018-03-07;"quarta-feira";"05:45:00";"RJ";116;183;"NOVA IGUACU";"Falta de Atenção à Condução";"Colisão traseira";"Sem Vítimas";"Amanhecer";"Decrescente";"Céu Claro";"Múltipla";"Reta";"Sim";5;0;0;0;3;2;0;3;-22,751593;-43,438511;"SPRF-RJ";"DEL01-RJ";"UOP02-DEL01-RJ"
116377;2018-03-07;"quarta-feira";"00:36:00";"RS";116;56,4;"VACARIA";"Velocidade Incompatível";"Colisão com objeto estático";"Com Vítimas Feridas";"Plena Noite";"Decrescente";"Céu Claro";"Simples";"Curva";"Não";1;0;1;0;0;0;1;1;-28,61293199;-51,04269505;"SPRF-RS";"DEL05-RS";"UOP03-DEL05-RS"
116383;2018-03-07;"quarta-feira";"06:55:00";"PR";376;650;"TIJUCAS DO SUL";"Velocidade Incompatível";"Tombamento";"Sem Vítimas";"Pleno dia";"Crescente";"Nublado";"Dupla";"Curva";"Não";3;0;0;0;2;1;0;3;-25,85057277;-49,08416748;"SPRF-PR";"DEL01-PR";"DEL7/1-UOP08/PR"
116388;2018-03-07;"quarta-feira";"07:25:00";"MG";381;338;"NOVA ERA";"Avarias e/ou desgaste excessivo no pneu";"Colisão frontal";"Com Vítimas Feridas";"Pleno dia";"Decrescente";"Chuva";"Simples";"Curva;Aclive";"Não";3;0;0;1;1;1;1;3;-19,79656669;-43,05337071;"SPRF-MG";"DEL03-MG";"UOP01-DEL03-MG"
116401;2018-03-07;"quarta-feira";"07:04:00";"BA";101;97;"ALAGOINHAS";"Falta de Atenção à Condução";"Colisão traseira";"Com Vítimas Feridas";"Pleno dia";"Decrescente";"Céu Claro";"Simples";"Reta";"Não";6;0;2;0;3;1;2;4;-12,07937403;-38,34612608;"SPRF-BA";"DEL01-BA";"UOP04-DEL01-BA"
116403;2018-03-07;"quarta-feira";"07:05:00";"PR";376;649,3;"TIJUCAS DO SUL";"Velocidade Incompatível";"Colisão traseira";"Sem Vítimas";"Pleno dia";"Crescente";"Céu Claro";"Dupla";"Reta";"Não";3;0;0;0;2;1;0;3;-25,848101;-49,09103394;"SPRF-PR";"DEL01-PR";"DEL7/1-UOP08/PR"
116404;2018-03-07;"quarta-feira";"08:00:00";"MG";153;23;"CENTRALINA";"Condutor Dormindo";"Tombamento";"Com Vítimas Feridas";"Pleno dia";"Decrescente";"Céu Claro";"Dupla";"Curva";"Não";1;0;1;0;0;0;1;1;-18,6299;-49,1844;"SPRF-MG";"DEL15-MG";"UOP03-DEL15-MG"
116406;2018-03-07;"quarta-feira";"08:00:00";"CE";222;26,5;"CAUCAIA";"Falta de Atenção à Condução";"Saída de leito carroçável";"Com Vítimas Feridas";"Pleno dia";"Crescente";"Nublado";"Simples";"Reta";"Não";4;0;4;0;0;0;4;1;-3,723467;-38,785534;"SPRF-CE";"DEL01-CE";"UOP01-DEL01-CE"
116408;2018-03-07;"quarta-feira";"08:10:00";"PE";232;18,2;"JABOATAO DOS GUARARAPES";"Falta de Atenção à Condução";"Colisão traseira";"Sem Vítimas";"Pleno dia";"Decrescente";"Céu Claro";"Dupla";"Reta";"Não";5;0;0;0;4;1;0;3;-8,09725242;-35,05595148;"SPRF-PE";"DEL01-PE";"UOP01-DEL01-PE"
116415;2018-03-07;"quarta-feira";"07:55:00";"SC";282;234,5;"SAO JOSE DO CERRITO";"Desobediência às normas de trânsito pelo condutor";"Colisão frontal";"Com Vítimas Feridas";"Pleno dia";"Decrescente";"Céu Claro";"Simples";"Curva";"Não";2;0;2;0;0;0;2;2;-27,783495;-50,463604;"SPRF-SC";"DEL05-SC";"UOP02-DEL05-SC"
116417;2018-03-07;"quarta-feira";"08:50:00";"MG";381;767,7;"CAMPANHA";"Falta de Atenção à Condução";"Saída de leito carroçável";"Com Vítimas Feridas";"Pleno dia";"Decrescente";"Céu Claro";"Dupla";"Curva";"Não";1;0;1;0;0;0;1;1;-21,75011297;-45,38959622;"SPRF-MG";"DEL16-MG";"UOP02-DEL16-MG"
116419;2018-03-07;"quarta-feira";"09:00:00";"GO";452;120;"BOM JESUS DE GOIAS";"Defeito na Via";"Saída de leito carroçável";"Com Vítimas Feridas";"Pleno dia";"Decrescente";"Céu Claro";"Simples";"Reta";"Não";2;0;1;0;0;1;1;2;-18,13019116;-50,00152588;"SPRF-GO";"DEL03-GO";"UOP02-DEL03-GO"
116421;2018-03-07;"quarta-feira";"08:25:00";"SC";282;53,6;"AGUAS MORNAS";"Desobediência às normas de trânsito pelo condutor";"Colisão frontal";"Com Vítimas Fatais";"Pleno dia";"Crescente";"Nublado";"Simples";"Curva";"Não";6;1;2;2;0;1;4;4;-27,691511;-48,970215;"SPRF-SC";"DEL01-SC";"UOP03-DEL01-SC"
116427;2018-03-07;"quarta-feira";"09:00:00";"RJ";101;130;"CARAPEBUS";"Agressão Externa";"Tombamento";"Com Vítimas Feridas";"Pleno dia";"Decrescente";"Céu Claro";"Dupla";"Reta";"Não";1;0;1;0;0;0;1;1;-22,1128993;-41,700435;"SPRF-RJ";"DEL02-RJ";"UOP04-DEL08-RJ"
116428;2018-03-07;"quarta-feira";"05:30:00";"AM";174;1100;"PRESIDENTE FIGUEIREDO";"Falta de Atenção à Condução";"Colisão lateral";"Sem Vítimas";"Amanhecer";"Decrescente";"Chuva";"Simples";"Reta";"Não";2;0;0;0;2;0;0;2;-1,17820065;-60,4385376;"SPRF-AM";"DEL01-AM";"UOP02-DEL01-AM"
116433;2018-03-07;"quarta-feira";"09:20:00";"RJ";493;4;"ITABORAI";"Defeito na Via";"Tombamento";"Sem Vítimas";"Pleno dia";"Decrescente";"Céu Claro";"Simples";"Desvio Temporário";"Não";2;0;0;0;1;1;0;2;-22,748209;-42,95015;"SPRF-RJ";"DEL04-RJ";"UOP02-DEL04-RJ"
116436;2018-03-07;"quarta-feira";"09:30:00";"PB";230;165;"CAMPINA GRANDE";"Desobediência às normas de trânsito pelo condutor";"Colisão transversal";"Com Vítimas Feridas";"Pleno dia";"Decrescente";"Sol";"Dupla";"Interseção de Vias";"Não";3;0;1;0;1;1;1;3;-7,20172565;-35,95069885;"SPRF-PB";"DEL02-PB";"UOP02-DEL02-PB"
116438;2018-03-07;"quarta-feira";"10:30:00";"PA";316;61;"CASTANHAL";"Desobediência às normas de trânsito pelo condutor";"Colisão transversal";"Com Vítimas Fatais";"Pleno dia";"Crescente";"Céu Claro";"Dupla";"Reta";"Sim";4;2;0;0;1;2;0;4;-1,296296;-47,919842;"SPRF-PA";"DEL01-PA";"UOP01-DEL01-PA"
116442;2018-03-07;"quarta-feira";"10:20:00";"RO";364;238,9;"CACOAL";"Falta de Atenção à Condução";"Colisão transversal";"Sem Vítimas";"Pleno dia";"Crescente";"Chuva";"Simples";"Interseção de Vias";"Sim";4;0;0;0;3;1;0;2;-11,438849;-61,454727;"SPRF-RO";"DEL02-RO";"UOP02-DEL02-RO"
116447;2018-03-07;"quarta-feira";"12:00:00";"PR";376;666,3;"GUARATUBA";"Defeito Mecânico no Veículo";"Colisão traseira";"Sem Vítimas";"Pleno dia";"Crescente";"Nublado";"Múltipla";"Curva";"Não";3;0;0;0;2;1;0;3;-25,86663801;-48,94683838;"SPRF-PR";"DEL01-PR";"DEL7/1-UOP08/PR"
116449;2018-03-07;"quarta-feira";"12:15:00";"PR";116;76,8;"QUATRO BARRAS";"Velocidade Incompatível";"Colisão com objeto estático";"Sem Vítimas";"Pleno dia";"Crescente";"Chuva";"Dupla";"Reta";"Sim";2;0;0;0;1;1;0;2;-25,38621665;-49,05234575;"SPRF-PR";"DEL01-PR";"UOP07-DEL01-PR"
116450;2018-03-07;"quarta-feira";"12:30:00";"GO";80;165;"VILA PROPICIO";"Pista Escorregadia";"Colisão lateral";"Com Vítimas Feridas";"Pleno dia";"Crescente";"Chuva";"Simples";"Curva";"Não";3;0;2;0;1;0;2;2;-15,208875;-48,697312;"SPRF-GO";"DEL07-GO";"UOP02-DEL07-GO"
116452;2018-03-07;"quarta-feira";"12:10:00";"SP";381;25,9;"BRAGANCA PAULISTA";"Falta de Atenção à Condução";"Colisão com objeto estático";"Sem Vítimas";"Pleno dia";"Crescente";"Céu Claro";"Dupla";"Reta";"Não";1;0;0;0;1;0;0;1;-23,025824;-46,535239;"SPRF-SP";"DEL03-SP";"UOP02-DEL03-SP"
116458;2018-03-07;"quarta-feira";"12:50:00";"RS";285;216,4;"CASEIROS";"Defeito Mecânico no Veículo";"Colisão com objeto em movimento";"Sem Vítimas";"Pleno dia";"Decrescente";"Céu Claro";"Simples";"Reta";"Não";3;0;0;0;2;1;0;2;-28,267836;-51,672283;"SPRF-RS";"DEL08-RS";"UOP05-DEL08-RS"
116461;2018-01-04;"quinta-feira";"14:30:00";"MG";381;348;"BELA VISTA DE MINAS";"Pista Escorregadia";"Colisão frontal";"Com Vítimas Feridas";"Pleno dia";"Crescente";"Chuva";"Simples";"Curva";"Não";5;0;3;0;1;1;3;3;-19,7784;-43,0437;"SPRF-MG";"DEL03-MG";"UOP01-DEL03-MG"
116465;2018-03-07;"quarta-feira";"11:50:00";"ES";262;158,9;"IBATIBA";"Falta de Atenção à Condução";"Colisão lateral";"Com Vítimas Feridas";"Pleno dia";"Crescente";"Céu Claro";"Simples";"Reta";"Sim";2;0;0;1;1;0;1;2;-20,2322;-41,5031;"SPRF-ES";"DEL01-ES";"UOP02-DEL01-ES"
116468;2018-03-07;"quarta-feira";"12:20:00";"MT";174;290,4;"PONTES E LACERDA";"Desobediência às normas de trânsito pelo condutor";"Colisão transversal";"Sem Vítimas";"Pleno dia";"Crescente";"Sol";"Simples";"Reta";"Não";2;0;0;0;2;0;0;2;-15,21201533;-59,31942901;"SPRF-MT";"DEL04-MT";"UOP01-DEL04-MT"
116472;2018-03-07;"quarta-feira";"14:00:00";"PR";376;266,1;"MARILANDIA DO SUL";"Não guardar distância de segurança";"Colisão traseira";"Com Vítimas Feridas";"Pleno dia";"Crescente";"Céu Claro";"Simples";"Reta";"Sim";5;0;2;0;2;1;2;4;-23,71852898;-51,30667621;"SPRF-PR";"DEL07-PR";"UOP03-DEL07-PR"
116475;2018-03-07;"quarta-feira";"14:00:00";"RS";158;271;"JULIO DE CASTILHOS";"Falta de Atenção à Condução";"Colisão traseira";"Com Vítimas Feridas";"Pleno dia";"Crescente";"Sol";"Simples";"Aclive";"Não";7;0;3;0;3;2;3;6;-29,300816;-53,673004;"SPRF-RS";"DEL09-RS";"UOP01-DEL09-RS"
116476;2018-03-07;"quarta-feira";"12:30:00";"MG";381;547,5;"RIO MANSO";"Carga excessiva e/ou mal acondicionada";"Derramamento de carga";"Sem Vítimas";"Pleno dia";"Decrescente";"Sol";"Dupla";"Curva;Aclive";"Sim";2;0;0;0;1;1;0;2;-20,2843;-44,4322;"SPRF-MG";"DEL04-MG";"UOP03-DEL04-MG"
116479;2018-02-03;"sábado";"18:00:00";"BA";242;777,9;"BARREIRAS";"Velocidade Incompatível";"Colisão transversal";"Com Vítimas Fatais";"Plena Noite";"Decrescente";"Chuva";"Simples";"Curva";"Não";3;1;0;0;1;2;0;4;-12,15178031;-44,88677859;"SPRF-BA";"DEL10-BA";"UOP01-DEL10-BA"
116482;2018-03-07;"quarta-feira";"11:45:00";"TO";153;502;"PARAISO DO TOCANTINS";"Condutor Dormindo";"Saída de leito carroçável";"Sem Vítimas";"Pleno dia";"Decrescente";"Garoa/Chuvisco";"Simples";"Reta;Declive";"Não";2;0;0;0;1;1;0;2;-10,218507;-48,875092;"SPRF-TO";"DEL02-TO";"UOP01-DEL01-TO"
116483;2018-03-07;"quarta-feira";"13:50:00";"BA";242;343;"LENCOIS";"Defeito na Via";"Saída de leito carroçável";"Sem Vítimas";"Pleno dia";"Crescente";"Chuva";"Simples";"Reta";"Não";4;0;0;0;2;3;0;5;-12,47010104;-41,40815735;"SPRF-BA";"DEL06-BA";"UOP01-DEL06-BA"
116484;2018-03-07;"quarta-feira";"15:35:00";"MA";135;12,1;"SAO LUIS";"Falta de Atenção à Condução";"Colisão lateral";"Sem Vítimas";"Pleno dia";"Decrescente";"Sol";"Dupla";"Reta";"Sim";2;0;0;0;2;0;0;2;-2,62539062;-44,25850085;"SPRF-MA";"DEL01-MA";"UOP01-DEL01-MA"
116486;2018-03-07;"quarta-feira";"16:00:00";"MG";251;484,6;"FRANCISCO SA";"Velocidade Incompatível";"Colisão traseira";"Com Vítimas Feridas";"Pleno dia";"Decrescente";"Nublado";"Simples";"Reta";"Não";3;0;1;0;2;0;1;2;-16,4937;-43,5214;"SPRF-MG";"DEL12-MG";"UOP01-DEL12-MG"
116487;2018-03-07;"quarta-feira";"16:00:00";"CE";222;339;"TIANGUA";"Falta de Atenção à Condução";"Tombamento";"Com Vítimas Feridas";"Pleno dia";"Crescente";"Céu Claro";"Simples";"Curva";"Não";2;0;1;0;0;2;1;3;-3,8768;-41,1789;"SPRF-CE";"DEL04-CE";"UOP02-DEL04-CE"
116489;2018-03-07;"quarta-feira";"10:00:00";"BA";242;329;"LENCOIS";"Defeito Mecânico no Veículo";"Colisão lateral";"Sem Vítimas";"Pleno dia";"Decrescente";"Sol";"Dupla";"Aclive";"Não";3;0;0;0;2;2;0;4;-12,49557676;-41,31958008;"SPRF-BA";"DEL06-BA";"UOP01-DEL06-BA"
116494;2018-03-07;"quarta-feira";"15:45:00";"MT";364;56,5;"ALTO GARCAS";"Falta de Atenção à Condução";"Tombamento";"Sem Vítimas";"Pleno dia";"Crescente";"Chuva";"Simples";"Reta";"Não";2;0;0;0;1;1;0;2;-16,952635;-53,526108;"SPRF-MT";"DEL02-MT";"UOP02-DEL02-MT"
116500;2018-03-07;"quarta-feira";"16:30:00";"RJ";116;278,9;"BARRA MANSA";"Pista Escorregadia";"Colisão traseira";"Com Vítimas Feridas";"Pleno dia";"Crescente";"Chuva";"Dupla";"Declive";"Não";5;0;1;0;2;2;1;5;-22,55271;-44,17778;"SPRF-RJ";"DEL07-RJ";"UOP02-DEL07-RJ"
116505;2018-03-07;"quarta-feira";"14:50:00";"CE";116;423;"IPAUMIRIM";"Carga excessiva e/ou mal acondicionada";"Derramamento de carga";"Sem Vítimas";"Pleno dia";"Crescente";"Céu Claro";"Simples";"Reta";"Não";1;0;0;0;1;0;0;1;-6,807229;-38,755329;"SPRF-CE";"DEL05-CE";"UOP03-DEL05-CE"
116508;2018-03-07;"quarta-feira";"17:40:00";"PR";376;362;"ORTIGUEIRA";"Falta de Atenção à Condução";"Colisão traseira";"Com Vítimas Feridas";"Pleno dia";"Decrescente";"Céu Claro";"Simples";"Curva";"Não";6;0;4;0;1;2;4;4;-24,36155873;-50,81727147;"SPRF-PR";"DEL03-PR";"UOP02-DEL03-PR"
116510;2018-03-07;"quarta-feira";"17:58:00";"GO";40;95;"CRISTALINA";"Falta de Atenção à Condução";"Colisão lateral";"Com Vítimas Feridas";"Anoitecer";"Crescente";"Chuva";"Simples";"Reta";"Sim";3;0;0;1;1;1;1;3;-16,750555;-47,607549;"SPRF-DF";"DEL01-DF";"UOP02-DEL01-DF"
116512;2018-03-07;"quarta-feira";"18:40:00";"PR";369;163,2;"CAMBE";"Falta de Atenção à Condução";"Colisão traseira";"Sem Vítimas";"Pleno dia";"Decrescente";"Céu Claro";"Dupla";"Reta;Aclive";"Sim";3;0;0;0;2;2;0;4;-23,297088;-51,279001;"SPRF-PR";"DEL07-PR";"UOP01-DEL07-PR"
116515;2018-03-07;"quarta-feira";"11:20:00";"SC";280;127;"RIO NEGRINHO";"Falta de Atenção do Pedestre";"Atropelamento de Pedestre";"Com Vítimas Feridas";"Pleno dia";"Crescente";"Céu Claro";"Simples";"Reta";"Não";3;0;1;0;1;1;1;3;-26,239437;-49,504192;"SPRF-SC";"DEL06-SC";"UOP03-DEL06-SC"
116519;2018-03-07;"quarta-feira";"17:10:00";"MT";70;506;"CUIABA";"Falta de Atenção à Condução";"Colisão frontal";"Com Vítimas Feridas";"Pleno dia";"Crescente";"Chuva";"Simples";"Reta";"Não";3;0;1;0;1;1;1;3;-15,60482;-56,127838;"SPRF-MT";"DEL02-MT";"UOP02-DEL01-MT"
116521;2018-03-07;"quarta-feira";"18:50:00";"RS";290;85;"PORTO ALEGRE";"Falta de Atenção à Condução";"Colisão lateral";"Com Vítimas Feridas";"Plena Noite";"Decrescente";"Nublado";"Simples";"Reta";"Não";2;0;1;0;1;0;1;2;-29,9683194;-51,10719681;"SPRF-RS";"DEL01-RS";"UOP01-DEL01-RS"
116524;2018-03-07;"quarta-feira";"17:50:00";"MS";463;108,7;"CAMPO GRANDE";"Falta de Atenção à Condução";"Colisão transversal";"Com Vítimas Feridas";"Anoitecer";"Crescente";"Céu Claro";"Dupla";"Curva";"Sim";4;0;2;0;1;2;2;4;-20,4697105;-54,6201211;"SPRF-MS";"DEL04-MS";"UOP03-DEL04-MS"
116525;2018-03-07;"quarta-feira";"18:20:00";"ES";262;147,3;"IBATIBA";"Falta de Atenção à Condução";"Colisão transversal";"Com Vítimas Feridas";"Plena Noite";"Decrescente";"Chuva";"Simples";"Curva";"Não";4;0;0;1;2;2;1;5;-20,2209;-41,4191;"SPRF-ES";"DEL01-ES";"UOP02-DEL01-ES"
116533;2018-03-07;"quarta-feira";"18:20:00";"MG";40;686,7;"RESSAQUINHA";"Desobediência às normas de trânsito pelo condutor";"Colisão transversal";"Com Vítimas Feridas";"Plena Noite";"Crescente";"Céu Claro";"Simples";"Reta";"Não";4;0;0;2;1;1;2;3;-21,1037;-43,7614;"SPRF-MG";"DEL05-MG";"UOP02-DEL05-MG"
116537;2018-03-07;"quarta-feira";"17:50:00";"SC";158;102,5;"CUNHA PORA";"Falta de Atenção à Condução";"Colisão traseira";"Com Vítimas Feridas";"Pleno dia";"Crescente";"Céu Claro";"Simples";"Reta";"Não";3;0;1;0;1;1;1;3;-26,83632532;-53,17657471;"SPRF-SC";"DEL07-SC";"UOP02-DEL07-SC"
116539;2018-03-07;"quarta-feira";"19:50:00";"RS";287;528,8;"SAO BORJA";"Falta de Atenção à Condução";"Colisão lateral";"Sem Vítimas";"Plena Noite";"Crescente";"Céu Claro";"Simples";"Reta";"Não";3;0;0;0;2;1;0;2;-28,68646737;-55,92380051;"SPRF-RS";"DEL12-RS";"UOP01-DEL12-RS"
116542;2018-03-07;"quarta-feira";"14:00:00";"MT";158;390;"RIBEIRAO CASCALHEIRA";"Falta de Atenção à Condução";"Colisão traseira";"Com Vítimas Feridas";"Pleno dia";"Crescente";"Céu Claro";"Simples";"Reta";"Não";2;0;0;1;1;0;1;2;-12,71000913;-51,771698;"SPRF-MT";"DEL07-MT";"UOP02-DEL07-MT"
116543;2018-03-07;"quarta-feira";"12:40:00";"MT";163;648;"SORRISO";"Falta de Atenção à Condução";"Tombamento";"Sem Vítimas";"Pleno dia";"Decrescente";"Chuva";"Simples";"Reta";"Não";2;0;0;0;1;1;0;2;-12,9162295;-55,85723877;"SPRF-MT";"DEL06-MT";"UOP01-DEL06-MT"
116547;2018-03-07;"quarta-feira";"07:55:00";"GO";60;378;"RIO VERDE";"Falta de Atenção à Condução";"Colisão traseira";"Sem Vítimas";"Plena Noite";"Crescente";"Nublado";"Dupla";"Reta";"Não";2;0;0;0;1;1;0;2;-17,7481;-50,8763;"SPRF-GO";"DEL04-GO";"UOP01-DEL04-GO"
116550;2018-03-07;"quarta-feira";"18:20:00";"PR";369;163,2;"CAMBE";"Velocidade Incompatível";"Colisão traseira";"Com Vítimas Feridas";"Pleno dia";"Decrescente";"Céu Claro";"Dupla";"Reta;Aclive";"Sim";6;0;2;0;4;0;2;6;-23,297088;-51,279001;"SPRF-PR";"DEL07-PR";"UOP01-DEL07-PR"
116554;2018-03-07;"quarta-feira";"21:00:00";"MG";365;397,5;"PATOS DE MINAS";"Falta de Atenção à Condução";"Colisão traseira";"Com Vítimas Fatais";"Pleno dia";"Crescente";"Céu Claro";"Simples";"Aclive";"Não";3;1;0;0;1;1;0;3;-18,627135;-46,400056;"SPRF-MG";"DEL10-MG";"UOP01-DEL10-MG"
116555;2018-03-07;"quarta-feira";"20:45:00";"SP";116;487;"CAJATI";"Defeito Mecânico no Veículo";"Tombamento";"Sem Vítimas";"Plena Noite";"Crescente";"Chuva";"Dupla";"Reta";"Não";1;0;0;0;1;0;0;1;-24,7310031;-48,098396;"SPRF-SP";"DEL05-SP";"UAP01-DEL05-SP"
116560;2018-03-03;"sábado";"12:35:00";"RO";364;279;"PRESIDENTE MEDICI";"Ultrapassagem Indevida";"Colisão frontal";"Com Vítimas Fatais";"Pleno dia";"Decrescente";"Céu Claro";"Simples";"Reta";"Não";5;2;1;0;1;4;1;7;-11,382097;-61,795319;"SPRF-RO";"DEL02-RO";"UOP01-DEL02-RO"
116563;2018-03-07;"quarta-feira";"21:40:00";"BA";242;779,9;"BARREIRAS";"Pista Escorregadia";"Saída de leito carroçável";"Sem Vítimas";"Plena Noite";"Crescente";"Chuva";"Simples";"Curva";"Não";2;0;0;0;1;2;0;3;-12,152795;-44,885383;"SPRF-BA";"DEL10-BA";"UOP01-DEL10-BA"
116571;2018-03-03;"sábado";"17:00:00";"PR";277;535,1;"IBEMA";"Defeito Mecânico no Veículo";"Colisão com objeto em movimento";"Com Vítimas Feridas";"Pleno dia";"Decrescente";"Céu Claro";"Simples";"Curva";"Sim";6;0;1;0;4;2;1;4;-25,11442537;-53,00189853;"SPRF-PR";"DEL04-PR";"UOP04-DEL04-PR"
116574;2018-03-07;"quarta-feira";"22:00:00";"SP";153;63,7;"SAO JOSE DO RIO PRETO";"Falta de Atenção à Condução";"Colisão traseira";"Com Vítimas Feridas";"Plena Noite";"Decrescente";"Garoa/Chuvisco";"Dupla";"Reta";"Sim";3;0;1;0;1;1;1;3;-20,827238;-49,359091;"SPRF-SP";"DEL09-SP";"UOP01-DEL09-SP"
116578;2018-02-24;"sábado";"08:50:00";"MG";262;466,1;"BOM DESPACHO";"Velocidade Incompatível";"Tombamento";"Com Vítimas Feridas";"Pleno dia";"Decrescente";"Garoa/Chuvisco";"Simples";"Reta;Declive";"Não";10;0;5;0;4;4;5;9;-19,78692589;-45,16572297;"SPRF-MG";"DEL08-MG";"UOP03-DEL08-MG"
116581;2018-03-07;"quarta-feira";"18:40:00";"PR";376;455;"TIBAGI";"Velocidade Incompatível";"Saída de leito carroçável";"Sem Vítimas";"Anoitecer";"Crescente";"Nublado";"Simples";"Reta";"Não";2;0;0;0;1;1;0;2;-24,91300472;-50,41562701;"SPRF-PR";"DEL03-PR";"UOP02-DEL03-PR"
116587;2018-03-07;"quarta-feira";"21:52:00";"PR";369;411,4;"JURANDA";"Falta de Atenção à Condução";"Colisão transversal";"Com Vítimas Fatais";"Plena Noite";"Decrescente";"Céu Claro";"Simples";"Reta";"Não";4;1;0;0;1;3;0;5;-24,34584547;-52,72888184;"SPRF-PR";"DEL04-PR";"UOP03-DEL04-PR"