"id";"data_inversa";"dia_semana";"horario";"uf";"br";"km";"municipio";"causa_acidente";"tipo_acidente";"classificacao_acidente";"fase_dia";"sentido_via";"condicao_metereologica";"tipo_pista";"tracado_via";"uso_solo";"pessoas";"mortos";"feridos_leves";"feridos_graves";"ilesos";"ignorados";"feridos";"veiculos";"latitude";"longitude";"regional";"delegacia";"uop"
116588;2018-03-07;"quarta-feira";"20:45:00";"PR";116;27;"CAMPINA GRANDE DO SUL";"Defeito Mecânico no Veículo";"Colisão com objeto estático";"Sem Vítimas";"Plena Noite";"Decrescente";"Nublado";"Dupla";"Curva";"Não";2;0;0;0;1;1;0;2;-25,108404;-48,795074;"SPRF-PR";"DEL01-PR";"UOP02-DEL01-PR"
116590;2018-03-08;"quinta-feira";"00:00:00";"GO";80;120;"BARRO ALTO";"Não guardar distância de segurança";"Colisão traseira";"Com Vítimas Feridas";"Plena Noite";"Decrescente";"Nublado";"Simples";"Reta";"Não";2;0;0;1;1;0;1;2;-15,08007969;-48,86306763;"SPRF-GO";"DEL07-GO";"UOP02-DEL07-GO"
116593;2018-03-08;"quinta-feira";"01:00:00";"ES";101;188,3;"ARACRUZ";"Fenômenos da Natureza";"Colisão com objeto estático";"Sem Vítimas";"Plena Noite";"Decrescente";"Chuva";"Simples";"Curva";"Não";3;0;0;0;2;1;0;2;-19,68009106;-40,27107239;"SPRF-ES";"DEL04-ES";"UOP01-DEL04-ES"
116594;2018-03-07;"quarta-feira";"23:00:00";"SC";101;232;"PALHOCA";"Falta de Atenção à Condução";"Colisão lateral";"Com Vítimas Feridas";"Plena Noite";"Decrescente";"Nublado";"Dupla";"Declive";"Não";6;0;4;0;1;1;4;3;-27,8032;-48,6381;"SPRF-SC";"DEL01-SC";"UOP02-DEL01-SC"
116598;2018-03-07;"quarta-feira";"22:30:00";"RO";364;799;"PORTO VELHO";"Falta de Atenção à Condução";"Tombamento";"Com Vítimas Fatais";"Plena Noite";"Decrescente";"Nublado";"Simples";"Ponte";"Não";2;1;0;0;1;0;0;2;-9,674507;-65,44786;"SPRF-RO";"DEL01-RO";"UOP02-DEL01-RO"
116606;2018-03-08;"quinta-feira";"04:50:00";"PE";232;8,9;"RECIFE";"Ingestão de Álcool";"Colisão com objeto estático";"Com Vítimas Feridas";"Pleno dia";"Crescente";"Céu Claro";"Múltipla";"Reta";"Não";2;0;1;0;0;1;1;2;-8,07755898;-34,97777581;"SPRF-PE";"DEL01-PE";"UOP01-DEL01-PE"
116607;2018-03-08;"quinta-feira";"03:32:00";"MA";316;265,5;"SANTA INES";"Mal Súbito";"Saída de leito carroçável";"Com Vítimas Fatais";"Plena Noite";"Crescente";"Céu Claro";"Simples";"Reta";"Não";1;1;0;0;0;0;0;1;-3,677107;-45,354866;"SPRF-MA";"DEL02-MA";"UI04-DEL02-MA"
116608;2018-03-08;"quinta-feira";"00:20:00";"RO";364;645,6;"CANDEIAS DO JAMARI";"Falta de Atenção à Condução";"Saída de leito carroçável";"Com Vítimas Feridas";"Plena Noite";"Crescente";"Céu Claro";"Simples";"Reta";"Não";2;0;1;0;0;1;1;2;-8,96616;-63,426777;"SPRF-RO";"DEL03-RO";"UOP04-DEL01-RO"
116609;2018-03-08;"quinta-feira";"05:45:00";"MG";50;30;"ARAGUARI";"Falta de Atenção à Condução";"Saída de leito carroçável";"Sem Vítimas";"Amanhecer";"Decrescente";"Nublado";"Simples";"Desvio Temporário";"Não";2;0;0;0;1;1;0;2;-18,63323257;-48,11462402;"SPRF-MG";"DEL15-MG";"UOP02-DEL15-MG"
116611;2018-03-08;"quinta-feira";"06:05:00";"PB";230;28,8;"JOAO PESSOA";"Falta de Atenção à Condução";"Colisão lateral";"Com Vítimas Feridas";"Pleno dia";"Decrescente";"Céu Claro";"Dupla";"Reta";"Sim";2;0;0;1;0;1;1;2;-7,1663;-34,9;"SPRF-PB";"DEL01-PB";"UOP01-DEL01-PB"
116612;2018-03-07;"quarta-feira";"23:00:00";"MG";153;13;"ARAPORA";"Condutor Dormindo";"Colisão traseira";"Com Vítimas Feridas";"Plena Noite";"Decrescente";"Nublado";"Dupla";"Reta";"Não";4;0;0;1;3;0;1;2;-18,5417;-49,1935;"SPRF-MG";"DEL15-MG";"UOP03-DEL15-MG"
116615;2018-03-08;"quinta-feira";"06:45:00";"TO";153;353;"FORTALEZA DO TABOCAO";"Agressão Externa";"Saída de leito carroçável";"Com Vítimas Feridas";"Pleno dia";"Decrescente";"Céu Claro";"Simples";"Reta";"Não";3;0;2;0;0;1;2;2;-9,005037;-48,501423;"SPRF-TO";"DEL02-TO";"UOP02-DEL02-TO"
116616;2018-03-08;"quinta-feira";"04:40:00";"PR";116;25;"CAMPINA GRANDE DO SUL";"Falta de Atenção à Condução";"Colisão traseira";"Sem Vítimas";"Plena Noite";"Crescente";"Nublado";"Dupla";"Reta";"Não";2;0;0;0;1;1;0;2;-25,107843;-48,775494;"SPRF-PR";"DEL01-PR";"UOP02-DEL01-PR"
116617;2018-03-08;"quinta-feira";"06:48:00";"RS";293;90;"PIRATINI";"Condutor Dormindo";"Tombamento";"Sem Vítimas";"Amanhecer";"Crescente";"Céu Claro";"Simples";"Reta";"Não";1;0;0;0;1;0;0;1;-31,62064369;-53,25708389;"SPRF-RS";"DEL07-RS";"UOP01-DEL07-RS"
116618;2018-03-08;"quinta-feira";"05:45:00";"MA";135;6,6;"SAO LUIS";"Falta de Atenção à Condução";"Colisão traseira";"Com Vítimas Feridas";"Amanhecer";"Crescente";"Céu Claro";"Dupla";"Reta";"Não";3;0;1;0;1;1;1;3;-2,63203209;-44,31349128;"SPRF-MA";"DEL01-MA";"UOP01-DEL01-MA"
116622;2018-03-07;"quarta-feira";"23:10:00";"SP";116;40,6;"CACHOEIRA PAULISTA";"Condutor Dormindo";"Colisão traseira";"Com Vítimas Feridas";"Plena Noite";"Crescente";"Nublado";"Dupla";"Reta";"Não";3;0;0;2;0;1;2;3;-22,680805;-45,006889;"SPRF-SP";"DEL08-SP";"UOP02-DEL08-SP"
116623;2018-03-08;"quinta-feira";"06:00:00";"MT";364;56,5;"ALTO GARCAS";"Falta de Atenção à Condução";"Saída de leito carroçável";"Sem Vítimas";"Amanhecer";"Decrescente";"Nevoeiro/Neblina";"Simples";"Reta";"Não";2;0;0;0;1;2;0;3;-16,952635;-53,526108;"SPRF-MT";"DEL02-MT";"UOP02-DEL02-MT"
116625;2018-03-08;"quinta-feira";"06:20:00";"RS";287;357,4;"JAGUARI";"Condutor Dormindo";"Colisão traseira";"Com Vítimas Feridas";"Amanhecer";"Crescente";"Nublado";"Simples";"Reta";"Não";2;0;0;1;1;0;1;2;-29,49582134;-54,67822556;"SPRF-RS";"DEL12-RS";"UOP02-DEL12-RS"
116626;2018-03-07;"quarta-feira";"20:30:00";"MG";381;239,1;"SANTANA DO PARAISO";"Ultrapassagem Indevida";"Colisão frontal";"Com Vítimas Fatais";"Plena Noite";"Decrescente";"Nublado";"Simples";"Curva";"Não";2;1;0;0;1;0;0;2;-19,3243;-42,4169;"SPRF-MG";"DEL06-MG";"UOP01-DEL06-MG"
116628;2018-03-08;"quinta-feira";"06:00:00";"SP";116;401;"MIRACATU";"Desobediência às normas de trânsito pelo condutor";"Colisão lateral";"Sem Vítimas";"Amanhecer";"Crescente";"Garoa/Chuvisco";"Dupla";"Reta;Aclive";"Não";2;0;0;0;2;0;0;2;-24,313951;-47,5129673;"SPRF-SP";"DEL04-SP";"UOP02-DEL04-SP"
116629;2018-03-08;"quinta-feira";"05:50:00";"MG";50;193;"DELTA";"Condutor Dormindo";"Colisão traseira";"Com Vítimas Feridas";"Amanhecer";"Decrescente";"Nublado";"Dupla";"Reta";"Não";3;0;1;0;1;2;1;4;-19,8854;-47,8498;"SPRF-MG";"DEL13-MG";"UOP01-DEL13-MG"
116630;2018-03-08;"quinta-feira";"06:20:00";"MG";50;189;"UBERABA";"Condutor Dormindo";"Colisão traseira";"Com Vítimas Feridas";"Amanhecer";"Decrescente";"Nublado";"Dupla";"Reta";"Não";3;0;1;0;1;1;1;3;-19,8548;-47,8705;"SPRF-MG";"DEL13-MG";"UOP01-DEL13-MG"
116631;2018-03-08;"quinta-feira";"07:30:00";"GO";153;261,2;"NOVA GLORIA";"Não guardar distância de segurança";"Colisão traseira";"Com Vítimas Feridas";"Pleno dia";"Decrescente";"Chuva";"Dupla";"Ponte";"Não";4;0;1;0;2;2;1;4;-15,008574;-49,416649;"SPRF-GO";"DEL07-GO";"UOP02-DEL07-GO"
116634;2018-03-08;"quinta-feira";"05:30:00";"PA";230;1102;"ITAITUBA";"Defeito Mecânico no Veículo";"Colisão traseira";"Sem Vítimas";"Amanhecer";"Crescente";"Nublado";"Simples";"Ponte;Declive";"Não";3;0;0;0;2;4;0;6;-4,273904;-55,98663;"SPRF-PA";"DEL05-PA";"UOP01-DEL05-PA"
116647;2018-03-08;"quinta-feira";"00:30:00";"GO";20;142;"FLORES DE GOIAS";"Falta de Atenção à Condução";"Tombamento";"Sem Vítimas";"Plena Noite";"Crescente";"Chuva";"Dupla";"Curva";"Sim";2;0;0;0;1;2;0;3;-14,759251;-46,671932;"SPRF-DF";"DEL02-DF";"UOP03-DEL02-DF"
116651;2018-03-08;"quinta-feira";"04:10:00";"RN";405;163,2;"RAFAEL FERNANDES";"Desobediência às normas de trânsito pelo condutor";"Tombamento";"Sem Vítimas";"Pleno dia";"Decrescente";"Céu Claro";"Simples";"Reta";"Não";2;0;0;0;2;0;0;2;-6,132635;-38,206673;"SPRF-RN";"DEL04-RN";"UOP02-DEL04-RN"
116655;2018-03-08;"quinta-feira";"08:50:00";"MG";381;929,6;"ITAPEVA";"Falta de Atenção à Condução";"Saída de leito carroçável";"Sem Vítimas";"Pleno dia";"Decrescente";"Nublado";"Dupla";"Reta";"Não";2;0;0;0;1;2;0;3;-22,77367874;-46,2384671;"SPRF-MG";"DEL16-MG";"UOP03-DEL16-MG"
116658;2018-03-08;"quinta-feira";"09:50:00";"RJ";393;259,3;"BARRA DO PIRAI";"Avarias e/ou desgaste excessivo no pneu";"Colisão frontal";"Com Vítimas Fatais";"Pleno dia";"Decrescente";"Chuva";"Simples";"Reta";"Não";4;2;0;0;1;1;0;3;-22,471031;-43,869862;"SPRF-RJ";"DEL05-RJ";"UOP04-DEL05-RJ"
116664;2018-03-08;"quinta-feira";"10:10:00";"GO";50;306;"CUMARI";"Defeito Mecânico no Veículo";"Colisão lateral";"Com Vítimas Feridas";"Pleno dia";"Crescente";"Céu Claro";"Simples";"Em Obras;Declive;Reta";"Não";11;0;1;0;9;11;1;21;-18,3636;-48,0502;"SPRF-GO";"DEL06-GO";"UOP01-DEL06-GO"
116666;2018-03-08;"quinta-feira";"09:35:00";"MG";381;454;"SABARA";"Falta de Atenção do Pedestre";"Atropelamento de Pedestre";"Com Vítimas Feridas";"Pleno dia";"Crescente";"Céu Claro";"Simples";"Reta";"Sim";2;0;0;1;1;0;1;2;-19,8316618;-43,8437627;"SPRF-MG";"DEL01-MG";"UOP01-DEL01-MG"
116667;2018-01-28;"domingo";"07:15:00";"SC";101;82;"BARRA VELHA";"Desobediência às normas de trânsito pelo condutor";"Colisão transversal";"Com Vítimas Feridas";"Amanhecer";"Crescente";"Céu Claro";"Dupla";"Rotatória";"Não";5;0;1;1;1;2;2;3;-26,6219;-48,7163;"SPRF-SC";"DEL03-SC";"UOP02-DEL03-SC"
116679;2018-03-08;"quinta-feira";"10:45:00";"PR";116;113,7;"CURITIBA";"Falta de Atenção à Condução";"Colisão traseira";"Sem Vítimas";"Pleno dia";"Crescente";"Céu Claro";"Dupla";"Interseção de Vias";"Sim";3;0;0;0;2;2;0;4;-25,54685559;-49,290483;"SPRF-PR";"DEL01-PR";"UOP01-DEL01-PR"
116688;2018-03-08;"quinta-feira";"08:00:00";"MG";116;258;"TEOFILO OTONI";"Desobediência às normas de trânsito pelo condutor";"Tombamento";"Com Vítimas Fatais";"Pleno dia";"Crescente";"Garoa/Chuvisco";"Simples";"Aclive";"Não";5;1;2;0;1;1;2;3;-17,48036186;-41,49398804;"SPRF-MG";"DEL11-MG";"UOP01-DEL11-MG"
116689;2018-03-08;"quinta-feira";"12:15:00";"RS";472;579;"URUGUAIANA";"Falta de Atenção à Condução";"Colisão lateral";"Com Vítimas Feridas";"Pleno dia";"Crescente";"Céu Claro";"Simples";"Reta";"Sim";4;0;2;0;1;1;2;3;-29,7872936;-57,0839231;"SPRF-RS";"DEL13-RS";"UOP01-DEL13-RS"
116690;2018-03-08;"quinta-feira";"12:15:00";"PE";424;68,3;"CAETES";"Falta de Atenção à Condução";"Colisão lateral";"Com Vítimas Feridas";"Pleno dia";"Crescente";"Céu Claro";"Simples";"Reta";"Não";2;0;0;1;1;0;1;2;-8,77059408;-36,63282216;"SPRF-PE";"DEL03-PE";"UOP01-DEL03-PE"
116691;2018-03-08;"quinta-feira";"11:40:00";"BA";116;845;"VITORIA DA CONQUISTA";"Velocidade Incompatível";"Colisão frontal";"Sem Vítimas";"Pleno dia";"Crescente";"Nublado";"Simples";"Reta;Declive";"Não";3;0;0;0;2;2;0;4;-15,022727;-40,951915;"SPRF-BA";"DEL08-BA";"UOP01-DEL08-BA"
116693;2018-03-08;"quinta-feira";"12:35:00";"GO";60;243;"INDIARA";"Falta de Atenção à Condução";"Colisão traseira";"Com Vítimas Feridas";"Pleno dia";"Decrescente";"Nublado";"Dupla";"Reta";"Não";2;0;1;0;1;0;1;2;-17,1073;-49,8994;"SPRF-GO";"DEL01-GO";"UOP02-DEL01-GO"
116694;2018-03-08;"quinta-feira";"12:15:00";"ES";101;222,1;"IBIRACU";"Velocidade Incompatível";"Colisão frontal";"Com Vítimas Fatais";"Pleno dia";"Crescente";"Sol";"Simples";"Curva";"Não";4;1;2;1;0;0;3;2;-19,87073854;-40,41136567;"SPRF-ES";"DEL02-ES";"UOP01-DEL02-ES"
116695;2018-03-08;"quinta-feira";"12:55:00";"SC";101;384,4;"ICARA";"Falta de Atenção à Condução";"Saída de leito carroçável";"Com Vítimas Feridas";"Pleno dia";"Decrescente";"Céu Claro";"Dupla";"Reta";"Sim";2;0;1;0;0;1;1;2;-28,7692682;-49,3045837;"SPRF-SC";"DEL02-SC";"UOP02-DEL02-SC"
116696;2018-03-08;"quinta-feira";"13:00:00";"TO";153;352,6;"FORTALEZA DO TABOCAO";"Falta de Atenção à Condução";"Tombamento";"Com Vítimas Feridas";"Pleno dia";"Decrescente";"Chuva";"Simples";"Declive";"Não";2;0;2;0;0;0;2;1;-9,00133394;-48,50103146;"SPRF-TO";"DEL02-TO";"UOP02-DEL02-TO"
116697;2018-03-08;"quinta-feira";"13:30:00";"MG";116;412;"GOVERNADOR VALADARES";"Falta de Atenção à Condução";"Colisão transversal";"Com Vítimas Feridas";"Pleno dia";"Crescente";"Nublado";"Dupla";"Retorno Regulamentado";"Sim";2;0;0;1;1;0;1;2;-18,87392513;-41,96708679;"SPRF-MG";"DEL06-MG";"UOP01-DEL06-MG"
116698;2018-03-08;"quinta-feira";"06:00:00";"GO";153;261;"NOVA GLORIA";"Desobediência às normas de trânsito pelo condutor";"Colisão frontal";"Sem Vítimas";"Pleno dia";"Crescente";"Chuva";"Simples";"Reta";"Não";3;0;0;0;2;3;0;5;-15,001026;-49,411549;"SPRF-GO";"DEL07-GO";"UOP02-DEL07-GO"
116711;2018-03-08;"quinta-feira";"13:20:00";"RJ";116;228;"PIRAI";"Pista Escorregadia";"Colisão com objeto estático";"Sem Vítimas";"Pleno dia";"Crescente";"Chuva";"Dupla";"Reta";"Sim";1;0;0;0;1;0;0;1;-22,66701194;-43,86909485;"SPRF-RJ";"DEL07-RJ";"UOP01-DEL07-RJ"
116712;2018-03-08;"quinta-feira";"07:30:00";"AL";316;202;"MARIBONDO";"Defeito na Via";"Danos eventuais";"Sem Vítimas";"Pleno dia";"Crescente";"Céu Claro";"Simples";"Reta";"Sim";2;0;0;0;1;1;0;2;-9,582176;-36,308826;"SPRF-AL";"DEL03-AL";"UOP01-DEL03-AL"
116717;2018-03-08;"quinta-feira";"13:40:00";"DF";80;17;"BRASILIA";"Falta de Atenção à Condução";"Colisão frontal";"Com Vítimas Fatais";"Pleno dia";"Crescente";"Chuva";"Dupla";"Curva";"Não";3;1;0;0;2;0;0;3;-15,692071;-48,205139;"SPRF-DF";"DEL01-DF";"UOP02-DEL03-DF"
116718;2018-03-08;"quinta-feira";"14:30:00";"GO";60;229,6;"CEZARINA";"Defeito na Via";"Saída de leito carroçável";"Com Vítimas Feridas";"Pleno dia";"Crescente";"Chuva";"Dupla";"Declive";"Não";2;0;2;0;0;0;2;1;-17,05153299;-49,79033947;"SPRF-GO";"DEL01-GO";"UOP02-DEL01-GO"
116719;2018-03-08;"quinta-feira";"13:37:00";"SC";280;129,3;"RIO NEGRINHO";"Defeito na Via";"Tombamento";"Sem Vítimas";"Pleno dia";"Decrescente";"Céu Claro";"Simples";"Curva";"Sim";2;0;0;0;1;1;0;2;-26,243179;-49,513199;"SPRF-SC";"DEL06-SC";"UOP03-DEL06-SC"
116725;2018-03-08;"quinta-feira";"14:49:00";"MG";365;477,9;"PATROCINIO";"Fenômenos da Natureza";"Colisão transversal";"Com Vítimas Fatais";"Pleno dia";"Crescente";"Chuva";"Simples";"Curva";"Não";4;1;1;0;1;2;1;4;-18,91527;-47,03984;"SPRF-MG";"DEL10-MG";"UOP01-DEL10-MG"
116728;2018-03-08;"quinta-feira";"07:30:00";"MG";262;575;"CORREGO DANTA";"Falta de Atenção à Condução";"Atropelamento de Pedestre";"Com Vítimas Feridas";"Pleno dia";"Decrescente";"Nublado";"Simples";"Curva";"Não";3;0;0;2;0;1;2;3;-19,72961;-46,018539;"SPRF-MG";"DEL08-MG";"UOP02-DEL08-MG"
116729;2018-03-08;"quinta-feira";"15:00:00";"MG";40;792,9;"JUIZ DE FORA";"Velocidade Incompatível";"Colisão com objeto estático";"Sem Vítimas";"Pleno dia";"Decrescente";"Chuva";"Dupla";"Curva";"Não";2;0;0;0;2;0;0;1;-21,7911;-43,4152;"SPRF-MG";"DEL05-MG";"UOP01-DEL05-MG"
116732;2018-03-08;"quinta-feira";"13:50:00";"RJ";101;91;"CAMPOS DOS GOYTACAZES";"Pista Escorregadia";"Capotamento";"Com Vítimas Feridas";"Pleno dia";"Decrescente";"Chuva";"Dupla";"Reta";"Não";3;0;1;2;0;0;3;1;-21,851267;-41,520466;"SPRF-RJ";"DEL08-RJ";"UOP02-DEL08-RJ"
116741;2018-03-08;"quinta-feira";"15:00:00";"MT";70;25;"BARRA DO GARCAS";"Não guardar distância de segurança";"Colisão traseira";"Com Vítimas Feridas";"Pleno dia";"Crescente";"Garoa/Chuvisco";"Simples";"Aclive";"Não";5;0;4;0;0;1;4;2;-15,832575;-52,465672;"SPRF-MT";"DEL07-MT";"UOP01-DEL07-MT"
116743;2018-03-08;"quinta-feira";"16:25:00";"RS";293;15,6;"CAPAO DO LEAO";"Falta de Atenção à Condução";"Colisão transversal";"Com Vítimas Feridas";"Pleno dia";"Crescente";"Sol";"Simples";"Interseção de Vias";"Não";3;0;1;0;1;1;1;3;-31,750315;-52,471096;"SPRF-RS";"DEL07-RS";"UOP01-DEL07-RS"
116745;2018-03-08;"quinta-feira";"15:30:00";"MT";364;270;"JACIARA";"Falta de Atenção à Condução";"Tombamento";"Sem Vítimas";"Pleno dia";"Decrescente";"Céu Claro";"Dupla";"Aclive";"Não";2;0;0;0;1;2;0;3;-15,968979;-54,94463;"SPRF-MT";"DEL02-MT";"UOP02-DEL05-MT"
116749;2018-03-08;"quinta-feira";"16:30:00";"SC";101;336,6;"TUBARAO";"Falta de Atenção à Condução";"Colisão lateral";"Com Vítimas Feridas";"Pleno dia";"Crescente";"Sol";"Dupla";"Reta";"Sim";2;0;0;1;1;0;1;2;-28,4791;-49,0338;"SPRF-SC";"DEL02-SC";"UOP01-DEL02-SC"
116760;2018-03-08;"quinta-feira";"16:30:00";"ES";262;28;"VIANA";"Velocidade Incompatível";"Colisão lateral";"Sem Vítimas";"Pleno dia";"Decrescente";"Chuva";"Simples";"Curva";"Não";6;0;0;0;5;1;0;5;-20,3852;-40,5545;"SPRF-ES";"DEL01-ES";"UOP01-DEL01-ES"
116765;2018-03-08;"quinta-feira";"16:30:00";"MA";316;452;"PERITORO";"Sinalização da via insuficiente ou inadequada";"Colisão lateral";"Com Vítimas Feridas";"Pleno dia";"Crescente";"Garoa/Chuvisco";"Simples";"Curva";"Não";3;0;1;0;1;1;1;3;-4,424599;-44,214434;"SPRF-MA";"DEL03-MA";"UOP01-DEL03-MA"
116772;2018-03-08;"quinta-feira";"16:15:00";"RO";364;26;"VILHENA";"Não guardar distância de segurança";"Colisão traseira";"Sem Vítimas";"Pleno dia";"Crescente";"Céu Claro";"Simples";"Aclive";"Não";4;0;0;0;3;5;0;8;-12,723949;-60,248085;"SPRF-RO";"DEL04-RO";"UOP01-DEL04-RO"
116774;2018-03-08;"quinta-feira";"17:30:00";"PR";476;355;"UNIAO DA VITORIA";"Falta de Atenção à Condução";"Colisão transversal";"Sem Vítimas";"Anoitecer";"Crescente";"Céu Claro";"Simples";"Reta";"Não";4;0;0;0;3;1;0;4;-26,18871526;-50,97793579;"SPRF-PR";"DEL02-PR";"UOP03-DEL02-PR"
116780;2018-03-08;"quinta-feira";"18:40:00";"CE";20;429,5;"FORTALEZA";"Falta de Atenção à Condução";"Colisão traseira";"Sem Vítimas";"Plena Noite";"Crescente";"Céu Claro";"Dupla";"Aclive";"Sim";2;0;0;0;2;0;0;2;-3,86973527;-38,50364685;"SPRF-CE";"DEL01-CE";"UOP02-DEL01-CE"
116782;2018-03-08;"quinta-feira";"18:50:00";"PR";277;644,7;"CEU AZUL";"Desobediência às normas de trânsito pelo condutor";"Colisão frontal";"Com Vítimas Fatais";"Pleno dia";"Decrescente";"Céu Claro";"Simples";"Aclive";"Não";3;1;1;0;0;1;1;3;-25,173632;-53,886024;"SPRF-PR";"DEL05-PR";"UOP02-DEL05-PR"
116790;2018-03-08;"quinta-feira";"19:30:00";"PR";277;610;"SANTA TEREZA DO OESTE";"Desobediência às normas de trânsito pelo condutor";"Colisão transversal";"Com Vítimas Feridas";"Plena Noite";"Decrescente";"Céu Claro";"Simples";"Reta";"Sim";2;0;1;0;1;0;1;2;-25,051109;-53,622143;"SPRF-PR";"DEL05-PR";"UOP02-DEL05-PR"
116791;2018-03-08;"quinta-feira";"19:40:00";"SP";116;439;"REGISTRO";"Ingestão de Álcool";"Colisão traseira";"Sem Vítimas";"Plena Noite";"Decrescente";"Céu Claro";"Dupla";"Reta";"Sim";3;0;0;0;2;1;0;3;-24,47715001;-47,83172607;"SPRF-SP";"DEL05-SP";"UOP01-DEL05-SP"
116796;2018-03-08;"quinta-feira";"16:30:00";"MG";40;615,8;"CONGONHAS";"Velocidade Incompatível";"Colisão transversal";"Com Vítimas Feridas";"Pleno dia";"Crescente";"Chuva";"Simples";"Reta;Viaduto";"Não";3;0;1;0;1;1;1;3;-20,54767587;-43,81793171;"SPRF-MG";"DEL05-MG";"UOP02-DEL05-MG"
116800;2018-03-08;"quinta-feira";"20:20:00";"PE";101;77;"RECIFE";"Falta de Atenção à Condução";"Colisão transversal";"Com Vítimas Feridas";"Plena Noite";"Decrescente";"Céu Claro";"Dupla";"Reta";"Sim";3;0;1;0;2;0;1;2;-8,1368;-34,9474;"SPRF-PE";"DEL01-PE";"UOP01-DEL01-PE"
116813;2018-03-08;"quinta-feira";"21:00:00";"PE";428;183,4;"PETROLINA";"Não guardar distância de segurança";"Colisão traseira";"Com Vítimas Feridas";"Plena Noite";"Decrescente";"Céu Claro";"Simples";"Reta";"Sim";3;0;1;0;1;1;1;2;-9,324209;-40,462154;"SPRF-PE";"DEL06-PE";"UOP01-DEL06-PE"
116814;2018-03-08;"quinta-feira";"21:30:00";"RJ";116;78;"TERESOPOLIS";"Falta de Atenção à Condução";"Colisão frontal";"Com Vítimas Feridas";"Plena Noite";"Decrescente";"Chuva";"Simples";"Reta";"Sim";2;0;0;1;1;0;1;2;-22,374075;-42,952648;"SPRF-RJ";"DEL04-RJ";"UOP01-DEL04-RJ"
116815;2018-03-08;"quinta-feira";"19:30:00";"PA";316;0;"BELEM";"Defeito Mecânico no Veículo";"Colisão traseira";"Sem Vítimas";"Plena Noite";"Crescente";"Ignorado";"Dupla";"Declive;Túnel";"Sim";2;0;0;0;2;0;0;2;-1,405913;-48,43406;"SPRF-PA";"DEL01-PA";"DEL19/1-UOP05/PA"
116817;2018-03-08;"quinta-feira";"22:00:00";"SP";381;59,8;"MAIRIPORA";"Falta de Atenção à Condução";"Colisão traseira";"Com Vítimas Feridas";"Plena Noite";"Decrescente";"Garoa/Chuvisco";"Dupla";"Curva";"Não";3;0;1;0;1;1;1;3;-23,2851021;-46,58956289;"SPRF-SP";"DEL03-SP";"UOP01-DEL03-SP"
116821;2018-03-08;"quinta-feira";"22:40:00";"MG";262;367,1;"JUATUBA";"Velocidade Incompatível";"Saída de leito carroçável";"Com Vítimas Feridas";"Plena Noite";"Decrescente";"Chuva";"Dupla";"Curva";"Não";2;0;1;0;0;1;1;2;-19,9619;-44,3358;"SPRF-MG";"DEL01-MG";"UOP03-DEL01-MG"
116822;2018-03-08;"quinta-feira";"23:10:00";"SP";116;35,9;"CACHOEIRA PAULISTA";"Falta de Atenção à Condução";"Colisão traseira";"Com Vítimas Feridas";"Plena Noite";"Decrescente";"Garoa/Chuvisco";"Dupla";"Reta";"Não";6;0;1;0;5;0;1;2;-22,658939;-44,967152;"SPRF-SP";"DEL08-SP";"UOP02-DEL08-SP"
116827;2018-03-08;"quinta-feira";"23:55:00";"RJ";40;36;"AREAL";"Falta de Atenção à Condução";"Tombamento";"Com Vítimas Fatais";"Plena Noite";"Decrescente";"Nublado";"Dupla";"Curva";"Não";3;1;0;0;0;2;0;3;-22,2232;-43,126;"SPRF-RJ";"DEL06-RJ";"UOP02-DEL05-RJ"
116828;2018-03-08;"quinta-feira";"23:20:00";"MG";381;480;"CONTAGEM";"Não guardar distância de segurança";"Colisão lateral";"Com Vítimas Feridas";"Plena Noite";"Crescente";"Chuva";"Múltipla";"Reta";"Sim";3;0;1;0;1;1;1;2;-19,96229687;-44,0496397;"SPRF-MG";"DEL01-MG";"UOP03-DEL01-MG"
116829;2018-03-09;"sexta-feira";"01:00:00";"TO";153;196;"NOVA OLINDA";"Falta de Atenção à Condução";"Colisão traseira";"Com Vítimas Fatais";"Plena Noite";"Decrescente";"Céu Claro";"Simples";"Reta";"Sim";3;1;0;0;1;1;0;3;-7,6122;-48,426266;"SPRF-TO";"DEL02-TO";"UOP01-DEL02-TO"
116834;2018-03-09;"sexta-feira";"02:00:00";"PR";116;66;"CAMPINA GRANDE DO SUL";"Condutor Dormindo";"Saída de leito carroçável";"Sem Vítimas";"Plena Noite";"Decrescente";"Nublado";"Dupla";"Curva";"Não";2;0;0;0;1;1;0;2;-25,310339;-49,012131;"SPRF-PR";"DEL01-PR";"UOP02-DEL01-PR"
116835;2018-03-09;"sexta-feira";"02:10:00";"SP";116;22,6;"LAVRINHAS";"Pista Escorregadia";"Colisão com objeto estático";"Sem Vítimas";"Plena Noite";"Decrescente";"Chuva";"Dupla";"Reta";"Não";2;0;0;0;1;1;0;2;-22,58681058;-44,88276755;"SPRF-SP";"DEL08-SP";"UOP02-DEL08-SP"
116837;2018-03-09;"sexta-feira";"02:00:00";"BA";418;103;"CARAVELAS";"Condutor Dormindo";"Colisão lateral";"Com Vítimas Feridas";"Pleno dia";"Crescente";"Nublado";"Simples";"Reta";"Não";3;0;1;0;1;2;1;4;-17,734264;-39,553185;"SPRF-BA";"DEL09-BA";"UOP02-DEL09-BA"