"id";"data_inversa";"dia_semana";"horario";"uf";"br";"km";"municipio";"causa_acidente";"tipo_acidente";"classificacao_acidente";"fase_dia";"sentido_via";"condicao_metereologica";"tipo_pista";"tracado_via";"uso_solo";"pessoas";"mortos";"feridos_leves";"feridos_graves";"ilesos";"ignorados";"feridos";"veiculos";"latitude";"longitude";"regional";"delegacia";"uop"
117146;2018-03-10;"sábado";"05:55:00";"BA";324;533;"FEIRA DE SANTANA";"Falta de Atenção à Condução";"Colisão traseira";"Com Vítimas Feridas";"Amanhecer";"Crescente";"Céu Claro";"Dupla";"Reta";"Não";2;0;1;0;1;0;1;2;-12,36222053;-38,82307649;"SPRF-BA";"DEL01-BA";"UOP01-DEL01-BA"
117154;2018-03-10;"sábado";"07:00:00";"PE";101;81;"JABOATAO DOS GUARARAPES";"Não guardar distância de segurança";"Colisão traseira";"Sem Vítimas";"Pleno dia";"Crescente";"Céu Claro";"Dupla";"Reta";"Não";4;0;0;0;4;0;0;4;-8,1711;-34,9379;"SPRF-PE";"DEL01-PE";"UOP03-DEL01-PE"
117156;2018-03-10;"sábado";"07:10:00";"SP";116;23,4;"LAVRINHAS";"Carga excessiva e/ou mal acondicionada";"Derramamento de carga";"Sem Vítimas";"Pleno dia";"Crescente";"Céu Claro";"Dupla";"Reta";"Não";3;0;0;0;2;1;0;3;-22,589794;-44,885368;"SPRF-SP";"DEL08-SP";"UOP02-DEL08-SP"
117157;2018-03-10;"sábado";"06:30:00";"SC";163;81,7;"GUARACIABA";"Velocidade Incompatível";"Colisão frontal";"Com Vítimas Feridas";"Amanhecer";"Decrescente";"Céu Claro";"Simples";"Reta;Declive";"Não";4;0;1;0;1;3;1;5;-26,641624;-53,518425;"SPRF-SC";"DEL07-SC";"UOP03-DEL07-SC"
117162;2018-03-10;"sábado";"06:45:00";"SC";280;242;"CANOINHAS";"Falta de Atenção à Condução";"Colisão lateral";"Com Vítimas Feridas";"Pleno dia";"Decrescente";"Céu Claro";"Simples";"Curva";"Não";3;0;1;0;2;0;1;2;-26,232462;-50,466469;"SPRF-SC";"DEL06-SC";"UOP04-DEL06-SC"
117168;2018-03-10;"sábado";"07:20:00";"RS";158;478,9;"ROSARIO DO SUL";"Desobediência às normas de trânsito pelo condutor";"Colisão lateral";"Sem Vítimas";"Pleno dia";"Crescente";"Céu Claro";"Simples";"Reta";"Não";3;0;0;0;3;0;0;2;-30,28397399;-54,96528625;"SPRF-RS";"DEL11-RS";"UOP02-DEL11-RS"
117170;2018-03-10;"sábado";"08:30:00";"PR";277;592;"CASCAVEL";"Defeito Mecânico no Veículo";"Colisão lateral";"Com Vítimas Feridas";"Pleno dia";"Decrescente";"Sol";"Simples";"Viaduto";"Não";4;0;2;0;1;1;2;3;-25,02817;-53,55983;"SPRF-PR";"DEL04-PR";"UOP01-DEL04-PR"
117174;2018-03-10;"sábado";"08:20:00";"MT";163;1005;"TERRA NOVA DO NORTE";"Não guardar distância de segurança";"Colisão lateral";"Sem Vítimas";"Pleno dia";"Decrescente";"Chuva";"Simples";"Reta";"Não";5;0;0;0;4;2;0;4;-10,365996;-55,045767;"SPRF-MT";"DEL06-MT";"UOP02-DEL06-MT"
117181;2018-03-10;"sábado";"10:05:00";"RJ";116;192;"QUEIMADOS";"Não guardar distância de segurança";"Engavetamento";"Com Vítimas Feridas";"Pleno dia";"Crescente";"Céu Claro";"Dupla";"Reta";"Sim";10;0;1;3;5;1;4;8;-22,73185705;-43,60198975;"SPRF-RJ";"DEL01-RJ";"UOP03-DEL01-RJ"
117183;2018-01-09;"terça-feira";"15:30:00";"PB";230;33,7;"BAYEUX";"Falta de Atenção à Condução";"Colisão lateral";"Com Vítimas Feridas";"Pleno dia";"Crescente";"Céu Claro";"Dupla";"Reta";"Sim";3;0;1;0;2;0;1;3;-7,13416724;-34,92906153;"SPRF-PB";"DEL01-PB";"UOP01-DEL01-PB"
117202;2018-03-10;"sábado";"12:00:00";"PE";101;40,1;"IGARASSU";"Falta de Atenção do Pedestre";"Atropelamento de Pedestre";"Com Vítimas Feridas";"Pleno dia";"Decrescente";"Céu Claro";"Múltipla";"Reta";"Sim";2;0;0;1;1;0;1;2;-7,8302;-34,9141;"SPRF-PE";"DEL01-PE";"UOP02-DEL01-PE"
117206;2018-03-10;"sábado";"08:45:00";"MG";381;509;"IGARAPE";"Ingestão de Álcool";"Colisão lateral";"Sem Vítimas";"Pleno dia";"Decrescente";"Céu Claro";"Dupla";"Reta";"Sim";2;0;0;0;2;0;0;2;-20,0553;-44,2849;"SPRF-MG";"DEL01-MG";"UOP03-DEL01-MG"
117207;2018-03-10;"sábado";"11:40:00";"PE";116;82;"BELEM DE SAO FRANCISCO";"Velocidade Incompatível";"Tombamento";"Com Vítimas Feridas";"Pleno dia";"Decrescente";"Nublado";"Simples";"Declive";"Não";3;0;1;0;1;3;1;5;-8,542338;-39,223984;"SPRF-PE";"DEL05-PE";"UOP03-DEL05-PE"
117208;2018-03-10;"sábado";"11:35:00";"MT";163;536;"DIAMANTINO";"Falta de Atenção à Condução";"Colisão frontal";"Sem Vítimas";"Pleno dia";"Decrescente";"Céu Claro";"Simples";"Reta";"Não";3;0;0;0;2;1;0;3;-14,23776249;-56,11335754;"SPRF-MT";"DEL01-MT";"UOP01-DEL01-MT"
117209;2018-03-10;"sábado";"12:30:00";"PR";277;110;"CAMPO LARGO";"Falta de Atenção à Condução";"Colisão lateral";"Com Vítimas Feridas";"Pleno dia";"Crescente";"Sol";"Dupla";"Reta;Declive";"Não";6;0;1;0;5;0;1;3;-25,43955426;-49,42313433;"SPRF-PR";"DEL01-PR";"UOP06-DEL01-PR"
117213;2018-03-10;"sábado";"12:55:00";"MG";365;472;"JOAO PINHEIRO";"Falta de Atenção à Condução";"Colisão frontal";"Com Vítimas Feridas";"Pleno dia";"Crescente";"Nublado";"Simples";"Aclive";"Não";5;0;1;0;3;1;1;4;-18;-46;"SPRF-MG";"DEL10-MG";"UOP01-DEL10-MG"
117215;2018-03-10;"sábado";"13:00:00";"ES";101;230;"FUNDAO";"Falta de Atenção à Condução";"Queda de ocupante de veículo";"Com Vítimas Feridas";"Pleno dia";"Decrescente";"Chuva";"Simples";"Curva";"Não";2;0;1;0;1;0;1;2;-19,93389715;-40,40493943;"SPRF-ES";"DEL02-ES";"UOP01-DEL02-ES"
117220;2018-03-10;"sábado";"13:15:00";"SC";470;42;"GASPAR";"Falta de Atenção à Condução";"Colisão frontal";"Com Vítimas Feridas";"Pleno dia";"Crescente";"Chuva";"Simples";"Em Obras;Desvio Temporário;Reta";"Sim";5;0;0;1;3;2;1;6;-26,89820003;-48,98596913;"SPRF-SC";"DEL04-SC";"UOP01-DEL04-SC"
117229;2018-02-18;"domingo";"07:00:00";"MT";364;20;"ALTO ARAGUAIA";"Defeito na Via";"Colisão lateral";"Sem Vítimas";"Pleno dia";"Decrescente";"Chuva";"Simples";"Aclive";"Não";3;0;0;0;2;3;0;5;-17,213366;-53,348312;"SPRF-MT";"DEL02-MT";"UOP02-DEL02-MT"
117233;2018-03-10;"sábado";"12:20:00";"MT";163;970;"TERRA NOVA DO NORTE";"Defeito Mecânico no Veículo";"Tombamento";"Sem Vítimas";"Pleno dia";"Crescente";"Céu Claro";"Simples";"Declive";"Não";2;0;0;0;1;2;0;3;-10,72941335;-55,13513178;"SPRF-MT";"DEL06-MT";"UOP02-DEL06-MT"
117235;2018-03-10;"sábado";"14:10:00";"SP";116;209,2;"GUARULHOS";"Velocidade Incompatível";"Colisão com objeto estático";"Sem Vítimas";"Pleno dia";"Crescente";"Chuva";"Múltipla";"Reta";"Sim";2;0;0;0;1;2;0;3;-23,48340065;-46,52366638;"SPRF-SP";"DEL01-SP";"UOP01-DEL01-SP"
117238;2018-03-10;"sábado";"14:10:00";"SE";101;131,3;"ESTANCIA";"Falta de Atenção à Condução";"Colisão com objeto estático";"Sem Vítimas";"Pleno dia";"Crescente";"Sol";"Dupla";"Reta";"Não";1;0;0;0;1;0;0;1;-11,1178;-37,3775;"SPRF-SE";"DEL02-SE";"UOP01-DEL02-SE"
117244;2018-03-10;"sábado";"15:05:00";"BA";116;424;"FEIRA DE SANTANA";"Desobediência às normas de trânsito pelo condutor";"Colisão frontal";"Com Vítimas Feridas";"Pleno dia";"Crescente";"Céu Claro";"Simples";"Reta";"Sim";4;0;1;0;2;1;1;4;-12,24041373;-38,9828711;"SPRF-BA";"DEL02-BA";"UOP01-DEL02-BA"
117245;2018-03-10;"sábado";"14:15:00";"SC";101;46,4;"JOINVILLE";"Falta de Atenção à Condução";"Saída de leito carroçável";"Com Vítimas Feridas";"Pleno dia";"Decrescente";"Sol";"Dupla";"Reta";"Não";2;0;1;0;0;2;1;3;-26,3667;-48,858;"SPRF-SC";"DEL03-SC";"UOP01-DEL03-SC"
117249;2018-03-10;"sábado";"05:40:00";"AL";101;234,3;"PORTO REAL DO COLEGIO";"Velocidade Incompatível";"Saída de leito carroçável";"Com Vítimas Feridas";"Amanhecer";"Crescente";"Ignorado";"Dupla";"Curva";"Não";2;0;1;0;0;1;1;2;-10,117305;-36,769201;"SPRF-AL";"DEL02-AL";"UOP02-DEL02-AL"
117275;2018-03-10;"sábado";"16:00:00";"RN";405;106,6;"ITAU";"Ingestão de Álcool";"Tombamento";"Com Vítimas Feridas";"Pleno dia";"Crescente";"Céu Claro";"Simples";"Declive";"Não";2;0;1;0;0;1;1;2;-5,823638;-37,973045;"SPRF-RN";"DEL04-RN";"UOP02-DEL04-RN"
117276;2018-03-10;"sábado";"14:10:00";"MT";364;14;"ALTO ARAGUAIA";"Carga excessiva e/ou mal acondicionada";"Tombamento";"Sem Vítimas";"Pleno dia";"Crescente";"Céu Claro";"Simples";"Rotatória";"Não";2;0;0;0;1;1;0;2;-17,249552;-53,318714;"SPRF-MT";"DEL02-MT";"UOP02-DEL02-MT"
117279;2018-03-10;"sábado";"16:45:00";"ES";101;215,1;"IBIRACU";"Falta de Atenção à Condução";"Colisão lateral";"Sem Vítimas";"Pleno dia";"Crescente";"Nublado";"Dupla";"Reta";"Sim";2;0;0;0;2;0;0;2;-19,83911047;-40,38309569;"SPRF-ES";"DEL02-ES";"UOP01-DEL02-ES"
117280;2018-03-10;"sábado";"15:30:00";"SC";470;101;"APIUNA";"Ingestão de Álcool";"Colisão lateral";"Com Vítimas Feridas";"Pleno dia";"Crescente";"Sol";"Simples";"Reta";"Sim";2;0;0;1;1;0;1;2;-27,053085;-49,390018;"SPRF-SC";"DEL04-SC";"UOP02-DEL04-SC"
117283;2018-03-10;"sábado";"15:20:00";"PA";316;56;"CASTANHAL";"Não guardar distância de segurança";"Colisão lateral";"Sem Vítimas";"Pleno dia";"Decrescente";"Nublado";"Dupla";"Reta";"Sim";3;0;0;0;1;2;0;3;-1,3060707;-48,0071125;"SPRF-PA";"DEL01-PA";"UOP01-DEL01-PA"
117291;2018-03-10;"sábado";"15:15:00";"MS";267;376,6;"MARACAJU";"Falta de Atenção à Condução";"Colisão traseira";"Com Vítimas Feridas";"Pleno dia";"Decrescente";"Sol";"Simples";"Reta";"Não";3;0;1;0;1;1;1;3;-21,658839;-55,261593;"SPRF-MS";"DEL05-MS";"UOP01-DEL05-MS"
117297;2018-03-10;"sábado";"16:20:00";"SC";101;93;"BARRA VELHA";"Não guardar distância de segurança";"Colisão com objeto estático";"Com Vítimas Feridas";"Pleno dia";"Crescente";"Céu Claro";"Dupla";"Reta";"Não";4;0;2;0;2;0;2;3;-26,7046;-48,7005;"SPRF-SC";"DEL03-SC";"UOP02-DEL03-SC"
117305;2018-03-10;"sábado";"17:40:00";"SP";116;544;"BARRA DO TURVO";"Velocidade Incompatível";"Tombamento";"Com Vítimas Feridas";"Plena Noite";"Decrescente";"Céu Claro";"Simples";"Curva;Declive";"Não";2;0;1;0;0;1;1;2;-24,9647253;-48,42463016;"SPRF-SP";"DEL05-SP";"UOP02-DEL05-SP"
117316;2018-03-10;"sábado";"15:35:00";"PR";476;239;"LAPA";"Velocidade Incompatível";"Colisão frontal";"Com Vítimas Feridas";"Pleno dia";"Decrescente";"Chuva";"Dupla";"Curva";"Não";3;0;1;1;0;3;2;5;-25,870127;-50,063599;"SPRF-PR";"DEL02-PR";"UOP04-DEL02-PR"
117320;2018-03-10;"sábado";"17:30:00";"BA";324;562,1;"SAO SEBASTIAO DO PASSE";"Defeito Mecânico no Veículo";"Colisão com objeto estático";"Sem Vítimas";"Pleno dia";"Decrescente";"Céu Claro";"Múltipla";"Reta";"Não";1;0;0;0;1;0;0;1;-12,51276028;-38,62998962;"SPRF-BA";"DEL01-BA";"UOP01-DEL01-BA"
117322;2018-03-10;"sábado";"11:40:00";"BA";116;265;"TUCANO";"Sinalização da via insuficiente ou inadequada";"Colisão lateral";"Sem Vítimas";"Pleno dia";"Crescente";"Sol";"Simples";"Declive;Em Obras;Reta";"Não";3;0;0;0;2;4;0;6;-10,9533265;-38,79753113;"SPRF-BA";"DEL07-BA";"UOP02-DEL07-BA"
117323;2018-03-10;"sábado";"19:15:00";"GO";452;172;"ITUMBIARA";"Velocidade Incompatível";"Colisão frontal";"Com Vítimas Feridas";"Plena Noite";"Crescente";"Chuva";"Simples";"Reta";"Não";3;0;0;1;1;3;1;5;-18,34256007;-49,42470074;"SPRF-GO";"DEL03-GO";"UOP02-DEL03-GO"
117328;2018-03-10;"sábado";"19:05:00";"MG";381;949,6;"EXTREMA";"Falta de Atenção à Condução";"Colisão lateral";"Com Vítimas Feridas";"Plena Noite";"Decrescente";"Céu Claro";"Dupla";"Reta";"Não";6;0;1;0;4;2;1;4;-22,87816206;-46,37130618;"SPRF-MG";"DEL16-MG";"UOP03-DEL16-MG"
117337;2018-03-10;"sábado";"14:00:00";"SC";116;117,5;"SANTA CECILIA";"Velocidade Incompatível";"Tombamento";"Com Vítimas Feridas";"Pleno dia";"Decrescente";"Nublado";"Simples";"Curva";"Não";2;0;1;0;0;1;1;2;-26,777237;-50,347702;"SPRF-SC";"DEL06-SC";"UOP02-DEL06-SC"
117355;2018-03-10;"sábado";"19:00:00";"GO";452;79;"MAURILANDIA";"Velocidade Incompatível";"Colisão traseira";"Sem Vítimas";"Plena Noite";"Crescente";"Chuva";"Simples";"Declive;Reta;Interseção de Vias";"Sim";3;0;0;0;2;1;0;3;-18,052679;-50,220856;"SPRF-GO";"DEL04-GO";"UOP01-DEL04-GO"
117358;2018-03-10;"sábado";"22:15:00";"CE";116;153,7;"RUSSAS";"Desobediência às normas de trânsito pelo condutor";"Colisão lateral";"Com Vítimas Fatais";"Plena Noite";"Decrescente";"Céu Claro";"Simples";"Reta";"Não";2;1;0;0;0;1;0;2;-4,87536696;-38,02455512;"SPRF-CE";"DEL03-CE";"UOP01-DEL03-CE"
117368;2018-03-10;"sábado";"18:45:00";"GO";153;321;"RIANAPOLIS";"Ingestão de Álcool";"Colisão frontal";"Com Vítimas Feridas";"Plena Noite";"Decrescente";"Céu Claro";"Simples";"Reta";"Não";2;0;1;0;1;0;1;2;-15,456578;-49,502522;"SPRF-GO";"DEL02-GO";"UOP02-DEL02-GO"
117373;2018-03-10;"sábado";"23:35:00";"BA";116;423,2;"FEIRA DE SANTANA";"Falta de Atenção à Condução";"Colisão transversal";"Sem Vítimas";"Plena Noite";"Crescente";"Céu Claro";"Simples";"Interseção de Vias";"Sim";4;0;0;0;3;1;0;4;-12,24473356;-38,98635864;"SPRF-BA";"DEL02-BA";"UOP01-DEL02-BA"
117378;2018-03-10;"sábado";"21:00:00";"SC";101;387,5;"ICARA";"Animais na Pista";"Atropelamento de Animal";"Sem Vítimas";"Plena Noite";"Crescente";"Céu Claro";"Dupla";"Reta";"Não";1;0;0;0;1;0;0;1;-28,7862;-49,3387;"SPRF-SC";"DEL02-SC";"UOP02-DEL02-SC"
117383;2018-03-10;"sábado";"23:05:00";"RO";364;374,2;"OURO PRETO DO OESTE";"Falta de Atenção à Condução";"Colisão transversal";"Com Vítimas Feridas";"Plena Noite";"Crescente";"Céu Claro";"Simples";"Interseção de Vias";"Não";4;0;2;0;2;0;2;2;-10,74157245;-62,17849731;"SPRF-RO";"DEL02-RO";"UOP01-DEL02-RO"
117390;2018-03-10;"sábado";"23:00:00";"MG";50;54;"UBERLANDIA";"Pista Escorregadia";"Saída de leito carroçável";"Sem Vítimas";"Plena Noite";"Decrescente";"Chuva";"Dupla";"Curva";"Não";2;0;0;0;1;1;0;2;-18,9146078;-48,2753801;"SPRF-MG";"DEL15-MG";"UOP02-DEL15-MG"
117404;2018-03-11;"domingo";"03:15:00";"MG";381;946,2;"EXTREMA";"Condutor Dormindo";"Colisão com objeto estático";"Sem Vítimas";"Plena Noite";"Crescente";"Nublado";"Dupla";"Curva";"Não";1;0;0;0;1;0;0;1;-22,86058568;-46,34333611;"SPRF-MG";"DEL16-MG";"UOP03-DEL16-MG"
117421;2018-01-27;"sábado";"05:50:00";"BA";415;56,5;"ITABUNA";"Velocidade Incompatível";"Saída de leito carroçável";"Com Vítimas Feridas";"Pleno dia";"Decrescente";"Céu Claro";"Simples";"Curva";"Não";1;0;1;0;0;0;1;1;-14,8487;-39,3673;"SPRF-BA";"DEL05-BA";"UOP01-DEL05-BA"
117428;2018-03-11;"domingo";"06:50:00";"SE";235;51;"ITABAIANA";"Desobediência às normas de trânsito pelo condutor";"Colisão transversal";"Com Vítimas Feridas";"Pleno dia";"Crescente";"Céu Claro";"Simples";"Reta";"Sim";2;0;0;1;1;0;1;2;-10,700226;-37,431423;"SPRF-SE";"DEL01-SE";"UOP02-DEL01-SE"
117435;2018-03-11;"domingo";"05:45:00";"MS";163;777,7;"COXIM";"Ingestão de Álcool";"Colisão traseira";"Com Vítimas Feridas";"Pleno dia";"Crescente";"Céu Claro";"Dupla";"Reta";"Não";3;0;1;0;1;2;1;4;-18,12828446;-54,69941497;"SPRF-MS";"DEL06-MS";"UOP01-DEL06-MS"
117441;2018-03-11;"domingo";"05:50:00";"MS";163;132;"NAVIRAI";"Defeito Mecânico no Veículo";"Incêndio";"Sem Vítimas";"Amanhecer";"Decrescente";"Céu Claro";"Simples";"Reta";"Não";2;0;0;0;1;2;0;3;-23,027817;-54,280693;"SPRF-MS";"DEL09-MS";"UOP01-DEL09-MS"
117442;2018-03-11;"domingo";"07:10:00";"MG";354;732,3;"POUSO ALTO";"Velocidade Incompatível";"Tombamento";"Com Vítimas Feridas";"Amanhecer";"Crescente";"Garoa/Chuvisco";"Simples";"Curva;Declive";"Não";4;0;1;1;1;1;2;3;-22,18081369;-44,97688296;"SPRF-MG";"DEL05-MG";"UOP01-DEL17-MG"
117443;2018-03-11;"domingo";"04:30:00";"MS";163;339,8;"RIO BRILHANTE";"Condutor Dormindo";"Saída de leito carroçável";"Sem Vítimas";"Plena Noite";"Crescente";"Céu Claro";"Simples";"Curva";"Não";1;0;0;0;1;0;0;1;-21,66891486;-54,44068909;"SPRF-MS";"DEL02-MS";"UOP02-DEL02-MS"
117448;2018-03-11;"domingo";"00:10:00";"ES";101;126;"SOORETAMA";"Ingestão de Álcool";"Colisão traseira";"Sem Vítimas";"Plena Noite";"Crescente";"Céu Claro";"Simples";"Reta";"Sim";2;0;0;0;2;0;0;2;-19,19705344;-40,0932312;"SPRF-ES";"DEL04-ES";"UOP01-DEL04-ES"
117451;2018-03-11;"domingo";"08:15:00";"SP";116;551;"BARRA DO TURVO";"Velocidade Incompatível";"Tombamento";"Sem Vítimas";"Pleno dia";"Decrescente";"Nublado";"Dupla";"Curva";"Não";1;0;0;0;1;0;0;1;-24,966731;-48,467546;"SPRF-SP";"DEL05-SP";"UOP02-DEL05-SP"
117452;2018-03-11;"domingo";"06:00:00";"MT";364;350;"SANTO ANTONIO DO LEVERGER";"Condutor Dormindo";"Tombamento";"Com Vítimas Feridas";"Amanhecer";"Decrescente";"Nublado";"Dupla";"Reta";"Não";2;0;1;0;0;2;1;3;-15,805171;-55,556934;"SPRF-MT";"DEL02-MT";"UOP02-DEL01-MT"
117459;2018-01-26;"sexta-feira";"18:30:00";"PR";376;589,2;"CURITIBA";"Não guardar distância de segurança";"Queda de ocupante de veículo";"Com Vítimas Feridas";"Pleno dia";"Crescente";"Sol";"Dupla";"Reta";"Não";2;0;0;1;1;0;1;2;-25,45319498;-49,36500549;"SPRF-PR";"DEL01-PR";"UOP06-DEL01-PR"
117460;2018-03-11;"domingo";"09:45:00";"AL";101;122,1;"SAO MIGUEL DOS CAMPOS";"Velocidade Incompatível";"Tombamento";"Sem Vítimas";"Pleno dia";"Crescente";"Céu Claro";"Simples";"Curva";"Não";2;0;0;0;1;3;0;4;-9,69416691;-36,03378296;"SPRF-AL";"DEL02-AL";"UOP01-DEL02-AL"
117461;2018-03-11;"domingo";"08:45:00";"PA";10;318;"IRITUIA";"Ingestão de Álcool";"Colisão frontal";"Com Vítimas Feridas";"Pleno dia";"Crescente";"Céu Claro";"Simples";"Reta";"Sim";3;0;0;1;1;1;1;3;-1,627098;-47,481216;"SPRF-PA";"DEL01-PA";"UOP02-DEL01-PA"
117468;2018-03-11;"domingo";"10:30:00";"SC";101;350,4;"JAGUARUNA";"Falta de Atenção à Condução";"Colisão lateral";"Sem Vítimas";"Pleno dia";"Crescente";"Céu Claro";"Dupla";"Curva";"Não";3;0;0;0;2;3;0;5;-28,5956;-49,0473;"SPRF-SC";"DEL02-SC";"UOP01-DEL02-SC"
117470;2018-03-11;"domingo";"10:30:00";"MG";381;454,6;"SABARA";"Falta de Atenção à Condução";"Colisão com objeto estático";"Sem Vítimas";"Pleno dia";"Crescente";"Chuva";"Simples";"Reta";"Sim";2;0;0;0;1;1;0;2;-19,8419009;-43,86646628;"SPRF-MG";"DEL01-MG";"UOP01-DEL01-MG"
117472;2018-03-10;"sábado";"23:00:00";"MA";230;568,4;"CAROLINA";"Condutor Dormindo";"Saída de leito carroçável";"Com Vítimas Fatais";"Plena Noite";"Decrescente";"Ignorado";"Simples";"Reta";"Não";2;1;0;0;0;2;0;3;-7,356863;-47,419799;"SPRF-MA";"DEL05-MA";"UOP01-DEL05-MA"
117476;2018-03-11;"domingo";"11:30:00";"PR";277;645,2;"CEU AZUL";"Ultrapassagem Indevida";"Colisão lateral";"Sem Vítimas";"Pleno dia";"Decrescente";"Céu Claro";"Simples";"Curva";"Não";3;0;0;0;2;1;0;3;-25,173714;-53,895894;"SPRF-PR";"DEL05-PR";"UOP02-DEL05-PR"
117477;2018-03-11;"domingo";"09:00:00";"PA";155;258;"ELDORADO DO CARAJAS";"Falta de Atenção à Condução";"Colisão traseira";"Com Vítimas Feridas";"Pleno dia";"Crescente";"Chuva";"Simples";"Reta";"Não";4;0;2;0;1;1;2;3;-6,063889;-49,302532;"SPRF-PA";"DEL03-PA";"UOP01-DEL03-PA"
117482;2018-03-11;"domingo";"12:05:00";"PR";277;18;"PARANAGUA";"Defeito Mecânico no Veículo";"Tombamento";"Sem Vítimas";"Pleno dia";"Decrescente";"Céu Claro";"Dupla";"Reta";"Não";2;0;0;0;1;1;0;2;-25,53973527;-48,72088913;"SPRF-PR";"DEL01-PR";"UOP05-DEL01-PR"
117483;2018-03-11;"domingo";"11:30:00";"PR";376;661,9;"TIJUCAS DO SUL";"Defeito Mecânico no Veículo";"Colisão traseira";"Sem Vítimas";"Pleno dia";"Crescente";"Céu Claro";"Múltipla";"Declive;Reta";"Não";3;0;0;0;2;2;0;4;-25,85551615;-48,98254395;"SPRF-PR";"DEL01-PR";"DEL7/1-UOP08/PR"
117484;2018-03-11;"domingo";"11:05:00";"RO";364;245,4;"CACOAL";"Defeito Mecânico no Veículo";"Colisão frontal";"Com Vítimas Feridas";"Pleno dia";"Crescente";"Céu Claro";"Simples";"Reta";"Não";5;0;2;0;2;2;2;4;-11,43956312;-61,52210712;"SPRF-RO";"DEL02-RO";"UOP02-DEL02-RO"
117494;2018-03-11;"domingo";"11:15:00";"RS";386;306;"POUSO NOVO";"Defeito Mecânico no Veículo";"Saída de leito carroçável";"Sem Vítimas";"Pleno dia";"Crescente";"Sol";"Simples";"Curva";"Não";2;0;0;0;2;0;0;1;-29,20833195;-52,18083948;"SPRF-RS";"DEL04-RS";"UOP01-DEL04-RS"
117504;2018-03-11;"domingo";"13:00:00";"MS";262;377;"TERENOS";"Falta de Atenção à Condução";"Tombamento";"Sem Vítimas";"Pleno dia";"Crescente";"Sol";"Simples";"Reta";"Não";2;0;0;0;1;1;0;2;-20,48748686;-54,82040405;"SPRF-MS";"DEL01-MS";"UOP03-DEL01-MS"
117506;2018-03-11;"domingo";"14:25:00";"PR";369;150;"LONDRINA";"Ingestão de Álcool";"Engavetamento";"Com Vítimas Feridas";"Pleno dia";"Decrescente";"Céu Claro";"Dupla";"Reta";"Sim";5;0;1;1;3;0;2;3;-23,29286496;-51,16286337;"SPRF-PR";"DEL07-PR";"UOP01-DEL07-PR"
117509;2018-03-11;"domingo";"13:20:00";"MT";163;854;"NOVA SANTA HELENA";"Ingestão de Álcool";"Colisão transversal";"Com Vítimas Fatais";"Pleno dia";"Crescente";"Céu Claro";"Simples";"Reta";"Sim";3;1;0;0;1;2;0;4;-11;-55;"SPRF-MT";"DEL06-MT";"UOP02-DEL06-MT"
117510;2018-03-11;"domingo";"13:35:00";"SP";153;119,1;"UBARANA";"Falta de Atenção à Condução";"Colisão frontal";"Com Vítimas Feridas";"Pleno dia";"Crescente";"Céu Claro";"Simples";"Reta";"Não";3;0;0;1;1;1;1;3;-21,162096;-49,71114;"SPRF-SP";"DEL09-SP";"UOP01-DEL09-SP"
117513;2018-03-11;"domingo";"14:48:00";"CE";122;71,2;"CHOROZINHO";"Desobediência às normas de trânsito pelo pedestre";"Atropelamento de Pedestre";"Com Vítimas Fatais";"Pleno dia";"Decrescente";"Sol";"Simples";"Reta";"Não";3;1;0;0;1;3;0;5;-4,3217604;-38,4889858;"SPRF-CE";"DEL03-CE";"UOP02-DEL03-CE"
117517;2018-03-11;"domingo";"14:00:00";"MT";163;593;"NOVA MUTUM";"Ingestão de Álcool";"Queda de ocupante de veículo";"Sem Vítimas";"Pleno dia";"Decrescente";"Nublado";"Simples";"Reta";"Não";4;0;0;0;3;2;0;5;-13,85408057;-56,08039856;"SPRF-MT";"DEL01-MT";"UOP01-DEL01-MT"
117523;2018-03-11;"domingo";"15:30:00";"SE";101;66,1;"ROSARIO DO CATETE";"Defeito na Via";"Colisão frontal";"Com Vítimas Feridas";"Pleno dia";"Crescente";"Céu Claro";"Simples";"Reta";"Não";5;0;4;0;0;1;4;4;-10,72403198;-37,06375122;"SPRF-SE";"DEL02-SE";"UOP02-DEL02-SE"
117525;2018-03-11;"domingo";"15:45:00";"SC";101;208,9;"SAO JOSE";"Falta de Atenção à Condução";"Colisão traseira";"Sem Vítimas";"Pleno dia";"Decrescente";"Céu Claro";"Dupla";"Reta";"Não";5;0;0;0;4;1;0;5;-27,6102248;-48,6389637;"SPRF-SC";"DEL01-SC";"UOP01-DEL01-SC"
117527;2018-03-11;"domingo";"15:35:00";"TO";153;588,4;"SANTA RITA DO TOCANTINS";"Ingestão de Álcool";"Colisão frontal";"Com Vítimas Feridas";"Pleno dia";"Decrescente";"Nublado";"Simples";"Reta";"Não";3;0;0;1;1;3;1;5;-10,99276085;-48,90867591;"SPRF-TO";"DEL02-TO";"UOP01-DEL01-TO"
117538;2018-03-11;"domingo";"16:45:00";"RJ";116;43;"TERESOPOLIS";"Falta de Atenção à Condução";"Colisão com objeto estático";"Com Vítimas Feridas";"Pleno dia";"Decrescente";"Céu Claro";"Simples";"Curva";"Não";2;0;1;0;1;0;1;1;-22,161964;-42,812279;"SPRF-RJ";"DEL04-RJ";"UOP01-DEL04-RJ"
117542;2018-03-11;"domingo";"17:00:00";"MG";381;521,5;"BRUMADINHO";"Velocidade Incompatível";"Tombamento";"Com Vítimas Feridas";"Pleno dia";"Crescente";"Céu Claro";"Dupla";"Curva";"Não";2;0;0;1;1;0;1;2;-20,1265;-44,3024;"SPRF-MG";"DEL04-MG";"UOP03-DEL04-MG"