"id";"data_inversa";"dia_semana";"horario";"uf";"br";"km";"municipio";"causa_acidente";"tipo_acidente";"classificacao_acidente";"fase_dia";"sentido_via";"condicao_metereologica";"tipo_pista";"tracado_via";"uso_solo";"pessoas";"mortos";"feridos_leves";"feridos_graves";"ilesos";"ignorados";"feridos";"veiculos";"latitude";"longitude";"regional";"delegacia";"uop"
117543;2018-03-11;"domingo";"16:10:00";"ES";101;359;"ANCHIETA";"Velocidade Incompatível";"Colisão frontal";"Com Vítimas Fatais";"Pleno dia";"Decrescente";"Chuva";"Simples";"Reta";"Não";5;2;0;1;1;1;1;3;-20,69766;-40,7114856;"SPRF-ES";"DEL03-ES";"UOP01-DEL03-ES"
117556;2018-03-11;"domingo";"19:40:00";"PR";376;616;"SAO JOSE DOS PINHAIS";"Falta de Atenção à Condução";"Colisão lateral";"Com Vítimas Feridas";"Plena Noite";"Decrescente";"Céu Claro";"Dupla";"Aclive;Curva";"Não";2;0;0;1;0;1;1;2;-25,5307;-49,1958;"SPRF-PR";"DEL01-PR";"DEL7/1-UOP08/PR"
117562;2018-03-11;"domingo";"17:40:00";"PE";232;331;"CUSTODIA";"Falta de Atenção à Condução";"Colisão lateral";"Com Vítimas Feridas";"Anoitecer";"Crescente";"Céu Claro";"Simples";"Reta";"Sim";3;0;0;1;2;0;1;3;-8,088689;-37,627972;"SPRF-PE";"DEL03-PE";"UOP02-DEL03-PE"
117566;2018-03-11;"domingo";"17:40:00";"RS";101;21;"TRES CACHOEIRAS";"Falta de Atenção à Condução";"Colisão transversal";"Sem Vítimas";"Pleno dia";"Crescente";"Nublado";"Dupla";"Reta";"Não";3;0;0;0;2;1;0;3;-29,434448;-49,893349;"SPRF-RS";"DEL03-RS";"DEL9/3-UOP03/RS"
117570;2018-03-11;"domingo";"17:10:00";"SC";116;0,1;"MAFRA";"Desobediência às normas de trânsito pelo condutor";"Colisão frontal";"Com Vítimas Feridas";"Pleno dia";"Decrescente";"Céu Claro";"Simples";"Ponte;Em Obras;Reta";"Sim";3;0;1;0;1;1;1;3;-26,108942;-49,784187;"SPRF-SC";"DEL06-SC";"UOP01-DEL06-SC"
117576;2018-02-19;"segunda-feira";"18:15:00";"PB";104;115,2;"LAGOA SECA";"Não guardar distância de segurança";"Engavetamento";"Com Vítimas Feridas";"Plena Noite";"Decrescente";"Nublado";"Simples";"Reta";"Não";4;0;1;0;3;0;1;3;-7,16882396;-35,85928917;"SPRF-PB";"DEL02-PB";"UOP04-DEL02-PB"
117586;2018-03-11;"domingo";"19:10:00";"PR";373;174;"PONTA GROSSA";"Velocidade Incompatível";"Queda de ocupante de veículo";"Com Vítimas Feridas";"Anoitecer";"Decrescente";"Chuva";"Dupla";"Retorno Regulamentado";"Sim";4;0;1;0;1;3;1;4;-25,07067292;-50,21850586;"SPRF-PR";"DEL03-PR";"UOP01-DEL03-PR"
117614;2018-03-11;"domingo";"20:30:00";"SP";116;326;"JUQUITIBA";"Sinalização da via insuficiente ou inadequada";"Colisão traseira";"Com Vítimas Feridas";"Plena Noite";"Decrescente";"Céu Claro";"Dupla";"Reta";"Sim";4;0;1;0;2;1;1;4;-23,93774156;-47,06407785;"SPRF-SP";"DEL04-SP";"UOP03-DEL04-SP"
117617;2018-03-11;"domingo";"19:00:00";"MT";163;111;"RONDONOPOLIS";"Pista Escorregadia";"Colisão com objeto estático";"Sem Vítimas";"Plena Noite";"Decrescente";"Chuva";"Dupla";"Reta";"Não";2;0;0;0;1;1;0;2;-16,569801;-54,683422;"SPRF-MT";"DEL02-MT";"UOP01-DEL02-MT"
117622;2018-03-11;"domingo";"21:00:00";"GO";364;310;"MINEIROS";"Defeito Mecânico no Veículo";"Colisão frontal";"Sem Vítimas";"Plena Noite";"Decrescente";"Nublado";"Simples";"Curva;Declive";"Sim";3;0;0;0;2;1;0;3;-17,488049;-52,553318;"SPRF-GO";"DEL05-GO";"UOP01-DEL05-GO"
117627;2018-03-11;"domingo";"15:40:00";"RO";364;279;"PRESIDENTE MEDICI";"Defeito na Via";"Tombamento";"Sem Vítimas";"Pleno dia";"Crescente";"Céu Claro";"Simples";"Reta";"Não";2;0;0;0;1;3;0;4;-11,382097;-61,795319;"SPRF-RO";"DEL02-RO";"UOP01-DEL02-RO"
117648;2018-03-11;"domingo";"22:45:00";"MT";163;576;"NOVA MUTUM";"Condutor Dormindo";"Saída de leito carroçável";"Com Vítimas Feridas";"Plena Noite";"Decrescente";"Nublado";"Simples";"Curva";"Não";2;0;1;0;0;2;1;3;-14,02068809;-56,09687805;"SPRF-MT";"DEL01-MT";"UOP01-DEL01-MT"
117649;2018-03-11;"domingo";"23:50:00";"SC";101;84;"BARRA VELHA";"Não guardar distância de segurança";"Colisão traseira";"Com Vítimas Feridas";"Plena Noite";"Decrescente";"Céu Claro";"Múltipla";"Reta";"Não";5;0;2;0;2;1;2;4;-26,6321;-48,703;"SPRF-SC";"DEL03-SC";"UOP02-DEL03-SC"
117653;2018-03-11;"domingo";"21:45:00";"SC";116;41,7;"PAPANDUVA";"Ultrapassagem Indevida";"Colisão frontal";"Com Vítimas Feridas";"Plena Noite";"Decrescente";"Céu Claro";"Simples";"Reta";"Não";4;0;0;1;2;1;1;4;-26,39325;-50,155151;"SPRF-SC";"DEL06-SC";"UOP01-DEL06-SC"
117654;2018-03-11;"domingo";"22:55:00";"SC";282;299,7;"VARGEM";"Defeito Mecânico no Veículo";"Tombamento";"Sem Vítimas";"Plena Noite";"Decrescente";"Céu Claro";"Simples";"Reta";"Não";1;0;0;0;1;0;0;1;-27,519346;-50,909714;"SPRF-SC";"DEL07-SC";"UOP06-DEL07-SC"
117657;2018-03-12;"segunda-feira";"00:20:00";"PA";10;304,3;"IRITUIA";"Ingestão de Álcool";"Colisão transversal";"Com Vítimas Fatais";"Plena Noite";"Crescente";"Céu Claro";"Simples";"Curva";"Não";5;1;0;2;1;1;2;3;-1,767835;-47,513028;"SPRF-PA";"DEL02-PA";"UOP01-DEL02-PA"
117662;2018-03-12;"segunda-feira";"00:01:00";"ES";262;44,3;"MARECHAL FLORIANO";"Restrição de Visibilidade";"Saída de leito carroçável";"Com Vítimas Feridas";"Plena Noite";"Crescente";"Chuva";"Simples";"Reta";"Não";2;0;1;0;0;1;1;2;-20,392057;-40,6703295;"SPRF-ES";"DEL01-ES";"UOP01-DEL01-ES"
117663;2018-03-11;"domingo";"21:00:00";"MG";381;350;"JOAO MONLEVADE";"Condutor Dormindo";"Saída de leito carroçável";"Sem Vítimas";"Plena Noite";"Decrescente";"Nublado";"Simples";"Reta";"Não";1;0;0;0;1;0;0;1;-19,85585233;-43,11035156;"SPRF-MG";"DEL03-MG";"UOP01-DEL03-MG"
117668;2018-03-12;"segunda-feira";"01:40:00";"SP";381;54,9;"MAIRIPORA";"Ingestão de Álcool";"Colisão frontal";"Com Vítimas Feridas";"Plena Noite";"Crescente";"Céu Claro";"Múltipla";"Curva;Aclive";"Não";4;0;1;2;0;1;3;3;-23,253123;-46,59482;"SPRF-SP";"DEL03-SP";"UOP01-DEL03-SP"
117673;2018-03-12;"segunda-feira";"02:00:00";"MT";163;98,6;"RONDONOPOLIS";"Animais na Pista";"Atropelamento de Animal";"Sem Vítimas";"Plena Noite";"Decrescente";"Nevoeiro/Neblina";"Dupla";"Reta";"Não";2;0;0;0;1;2;0;3;-16,676683;-54,673016;"SPRF-MT";"DEL02-MT";"DEL2/2-UOP02/MT"
117674;2018-03-12;"segunda-feira";"04:30:00";"PR";277;660,1;"MATELANDIA";"Falta de Atenção à Condução";"Colisão traseira";"Com Vítimas Feridas";"Plena Noite";"Decrescente";"Céu Claro";"Dupla";"Curva";"Não";3;0;0;1;1;1;1;3;-25,251387;-53,990307;"SPRF-PR";"DEL05-PR";"UOP02-DEL05-PR"
117681;2018-03-12;"segunda-feira";"03:45:00";"RJ";116;222;"PIRAI";"Restrição de Visibilidade";"Derramamento de carga";"Sem Vítimas";"Plena Noite";"Decrescente";"Céu Claro";"Dupla";"Curva";"Não";2;0;0;0;1;1;0;2;-22,68198542;-43,82858276;"SPRF-RJ";"DEL07-RJ";"UOP01-DEL07-RJ"
117684;2018-03-12;"segunda-feira";"06:10:00";"PE";408;94;"SAO LOURENCO DA MATA";"Agressão Externa";"Colisão traseira";"Com Vítimas Fatais";"Pleno dia";"Crescente";"Céu Claro";"Dupla";"Reta";"Sim";3;1;0;0;1;1;0;3;-8,010036;-35,042782;"SPRF-PE";"DEL01-PE";"UOP01-DEL01-PE"
117692;2018-03-12;"segunda-feira";"07:00:00";"PR";277;172,5;"PALMEIRA";"Falta de Atenção à Condução";"Colisão frontal";"Com Vítimas Feridas";"Pleno dia";"Crescente";"Céu Claro";"Simples";"Reta";"Não";3;0;1;0;1;2;1;4;-25,42219112;-50,09216309;"SPRF-PR";"DEL03-PR";"UOP02-DEL08-PR"
117712;2018-03-12;"segunda-feira";"06:10:00";"BA";116;361,6;"SERRINHA";"Falta de Atenção à Condução";"Colisão frontal";"Com Vítimas Feridas";"Pleno dia";"Crescente";"Céu Claro";"Simples";"Reta";"Sim";6;0;3;1;1;1;4;3;-11,72597453;-38,98805382;"SPRF-BA";"DEL02-BA";"DEL10/2-UOP02/BA"
117725;2018-03-12;"segunda-feira";"06:40:00";"BA";116;563;"BREJOES";"Falta de Atenção à Condução";"Colisão transversal";"Com Vítimas Feridas";"Pleno dia";"Decrescente";"Céu Claro";"Simples";"Interseção de Vias;Reta";"Não";3;0;3;0;0;0;3;2;-12,98047133;-39,94148254;"SPRF-BA";"DEL03-BA";"UOP02-DEL03-BA"
117735;2018-03-04;"domingo";"17:50:00";"SC";158;130,3;"CAIBI";"Desobediência às normas de trânsito pelo condutor";"Colisão transversal";"Com Vítimas Feridas";"Pleno dia";"Crescente";"Céu Claro";"Simples";"Curva";"Não";4;0;1;0;3;0;1;2;-27,04567234;-53,22189331;"SPRF-SC";"DEL07-SC";"UOP02-DEL07-SC"
117736;2018-03-12;"segunda-feira";"09:00:00";"MT";163;829,1;"SINOP";"Falta de Atenção à Condução";"Colisão traseira";"Com Vítimas Feridas";"Pleno dia";"Crescente";"Nublado";"Dupla";"Reta";"Sim";2;0;1;0;1;0;1;2;-11,87944609;-55,50018311;"SPRF-MT";"DEL06-MT";"UOP01-DEL06-MT"
117737;2018-03-12;"segunda-feira";"07:35:00";"MA";135;5,9;"SAO LUIS";"Não guardar distância de segurança";"Colisão traseira";"Sem Vítimas";"Pleno dia";"Decrescente";"Céu Claro";"Dupla";"Reta";"Sim";2;0;0;0;2;0;0;2;-2,62846851;-44,26277071;"SPRF-MA";"DEL01-MA";"UOP01-DEL01-MA"
117741;2018-03-12;"segunda-feira";"09:20:00";"RS";290;719;"URUGUAIANA";"Desobediência às normas de trânsito pelo condutor";"Colisão traseira";"Sem Vítimas";"Pleno dia";"Decrescente";"Céu Claro";"Simples";"Rotatória";"Sim";3;0;0;0;2;1;0;3;-29,77309436;-57,05053478;"SPRF-RS";"DEL13-RS";"UOP01-DEL13-RS"
117742;2018-03-12;"segunda-feira";"10:35:00";"PE";428;185;"PETROLINA";"Desobediência às normas de trânsito pelo condutor";"Queda de ocupante de veículo";"Com Vítimas Feridas";"Pleno dia";"Decrescente";"Nublado";"Simples";"Reta";"Não";2;0;1;0;0;1;1;2;-9,340178;-40,470364;"SPRF-PE";"DEL06-PE";"UOP01-DEL06-PE"
117743;2018-03-12;"segunda-feira";"09:48:00";"PR";487;126;"TUNEIRAS DO OESTE";"Falta de Atenção à Condução";"Colisão transversal";"Com Vítimas Fatais";"Pleno dia";"Crescente";"Sol";"Simples";"Reta";"Sim";3;1;0;0;1;1;0;3;-23,86957;-52,868519;"SPRF-PR";"DEL04-PR";"UOP03-DEL09-PR"
117748;2018-03-12;"segunda-feira";"10:50:00";"PR";277;235,5;"IRATI";"Falta de Atenção à Condução";"Saída de leito carroçável";"Com Vítimas Feridas";"Pleno dia";"Crescente";"Céu Claro";"Simples";"Reta";"Sim";2;0;1;0;0;1;1;2;-25,46559429;-50,60646057;"SPRF-PR";"DEL03-PR";"UOP02-DEL08-PR"
117751;2018-03-12;"segunda-feira";"10:50:00";"BA";324;523;"FEIRA DE SANTANA";"Falta de Atenção à Condução";"Colisão com objeto estático";"Sem Vítimas";"Pleno dia";"Decrescente";"Céu Claro";"Dupla";"Reta";"Sim";2;0;0;0;1;1;0;2;-12,3018812;-38,8958251;"SPRF-BA";"DEL01-BA";"UOP01-DEL01-BA"
117757;2018-03-12;"segunda-feira";"07:30:00";"RO";364;415,8;"JARU";"Ultrapassagem Indevida";"Saída de leito carroçável";"Sem Vítimas";"Pleno dia";"Decrescente";"Céu Claro";"Simples";"Declive";"Não";2;0;0;0;1;1;0;2;-10,4971;-62,4213;"SPRF-RO";"DEL03-RO";"UOP02-DEL03-RO"
117758;2018-03-12;"segunda-feira";"12:24:00";"SC";470;88,9;"ASCURRA";"Falta de Atenção à Condução";"Colisão lateral";"Com Vítimas Feridas";"Pleno dia";"Decrescente";"Céu Claro";"Simples";"Curva";"Não";3;0;1;0;1;1;1;3;-26,98082859;-49,37049866;"SPRF-SC";"DEL04-SC";"UOP01-DEL04-SC"
117760;2018-03-12;"segunda-feira";"08:47:00";"SC";282;523,7;"XAXIM";"Falta de Atenção à Condução";"Colisão transversal";"Sem Vítimas";"Pleno dia";"Crescente";"Sol";"Simples";"Reta";"Não";3;0;0;0;2;1;0;3;-26,96551068;-52,5537014;"SPRF-SC";"DEL07-SC";"UOP01-DEL07-SC"
117763;2018-03-12;"segunda-feira";"08:00:00";"RO";364;377,5;"OURO PRETO DO OESTE";"Falta de Atenção à Condução";"Saída de leito carroçável";"Com Vítimas Feridas";"Pleno dia";"Decrescente";"Céu Claro";"Simples";"Reta";"Não";2;0;0;1;0;2;1;3;-10,741806;-62,214688;"SPRF-RO";"DEL02-RO";"UOP01-DEL02-RO"
117765;2018-03-12;"segunda-feira";"09:20:00";"RJ";101;191,7;"CASIMIRO DE ABREU";"Condutor Dormindo";"Colisão com objeto estático";"Com Vítimas Feridas";"Pleno dia";"Decrescente";"Sol";"Dupla";"Reta";"Sim";21;0;19;0;1;1;19;3;-22,471486;-42,078882;"SPRF-RJ";"DEL02-RJ";"UOP04-DEL08-RJ"
117766;2018-03-12;"segunda-feira";"12:50:00";"PE";101;177,9;"JOAQUIM NABUCO";"Desobediência às normas de trânsito pelo condutor";"Colisão lateral";"Com Vítimas Feridas";"Pleno dia";"Decrescente";"Céu Claro";"Dupla";"Reta";"Não";4;0;1;0;2;1;1;4;-8,62075946;-35,54939747;"SPRF-PE";"DEL01-PE";"UOP03-DEL01-PE"
117774;2018-03-12;"segunda-feira";"13:14:00";"SP";153;259;"MARILIA";"Carga excessiva e/ou mal acondicionada";"Colisão com objeto em movimento";"Sem Vítimas";"Pleno dia";"Decrescente";"Céu Claro";"Simples";"Reta";"Não";2;0;0;0;2;0;0;2;-22,26815;-49,9236101;"SPRF-SP";"DEL07-SP";"UOP02-DEL07-SP"
117776;2018-03-12;"segunda-feira";"12:50:00";"MS";163;817,8;"PEDRO GOMES";"Ingestão de Álcool";"Colisão traseira";"Com Vítimas Feridas";"Pleno dia";"Decrescente";"Céu Claro";"Múltipla";"Reta";"Não";4;0;1;0;1;2;1;3;-17,765217;-54,751021;"SPRF-MS";"DEL06-MS";"UOP01-DEL06-MS"
117782;2018-03-12;"segunda-feira";"13:45:00";"PR";476;143;"CURITIBA";"Objeto estático sobre o leito carroçável";"Tombamento";"Sem Vítimas";"Pleno dia";"Decrescente";"Céu Claro";"Simples";"Curva";"Não";2;0;0;0;1;1;0;2;-25,543802;-49,305328;"SPRF-PR";"DEL01-PR";"UOP06-DEL01-PR"
117784;2018-02-01;"quinta-feira";"09:15:00";"PB";230;35;"BAYEUX";"Não guardar distância de segurança";"Engavetamento";"Sem Vítimas";"Pleno dia";"Crescente";"Céu Claro";"Dupla";"Reta";"Sim";5;0;0;0;4;1;0;4;-7,12692506;-34,94113199;"SPRF-PB";"DEL01-PB";"UOP01-DEL01-PB"
117787;2018-02-06;"terça-feira";"12:30:00";"GO";50;106;"CRISTALINA";"Objeto estático sobre o leito carroçável";"Tombamento";"Sem Vítimas";"Pleno dia";"Decrescente";"Céu Claro";"Dupla";"Curva";"Não";2;0;0;0;1;1;0;2;-16,769066;-47,614;"SPRF-DF";"DEL01-DF";"UOP02-DEL01-DF"
117789;2018-03-12;"segunda-feira";"13:20:00";"PA";222;244;"MARABA";"Desobediência às normas de trânsito pelo condutor";"Colisão transversal";"Com Vítimas Feridas";"Pleno dia";"Crescente";"Sol";"Simples";"Interseção de Vias";"Sim";2;0;1;0;1;0;1;2;-5,347676;-49,080456;"SPRF-PA";"DEL03-PA";"UOP01-DEL03-PA"
117792;2018-03-12;"segunda-feira";"15:15:00";"ES";259;47;"COLATINA";"Desobediência às normas de trânsito pelo condutor";"Colisão lateral";"Com Vítimas Feridas";"Pleno dia";"Crescente";"Céu Claro";"Simples";"Curva";"Sim";2;0;1;0;1;0;1;2;-19,5249464;-40,5906587;"SPRF-ES";"DEL02-ES";"UOP01-DEL02-ES"
117793;2018-03-12;"segunda-feira";"14:30:00";"MT";364;316,4;"CAMPO VERDE";"Carga excessiva e/ou mal acondicionada";"Colisão com objeto estático";"Sem Vítimas";"Pleno dia";"Crescente";"Céu Claro";"Múltipla";"Reta";"Não";2;0;0;0;1;1;0;2;-15,806851;-55,292187;"SPRF-MT";"DEL02-MT";"UOP02-DEL05-MT"
117794;2018-03-12;"segunda-feira";"11:30:00";"PR";373;420,1;"CANDOI";"Falta de Atenção à Condução";"Tombamento";"Sem Vítimas";"Pleno dia";"Crescente";"Céu Claro";"Simples";"Reta";"Não";2;0;0;0;1;2;0;3;-25,696572;-52;"SPRF-PR";"DEL03-PR";"UOP01-DEL08-PR"
117796;2018-03-12;"segunda-feira";"15:25:00";"PR";277;584;"CASCAVEL";"Desobediência às normas de trânsito pelo condutor";"Colisão transversal";"Com Vítimas Feridas";"Pleno dia";"Crescente";"Sol";"Dupla";"Interseção de Vias";"Sim";3;0;0;1;1;1;1;3;-25,02817;-53,55983;"SPRF-PR";"DEL04-PR";"UOP01-DEL04-PR"
117799;2018-03-12;"segunda-feira";"16:00:00";"PR";376;202,5;"MANDAGUARI";"Mal Súbito";"Capotamento";"Com Vítimas Feridas";"Pleno dia";"Crescente";"Sol";"Dupla";"Reta";"Não";2;0;1;0;0;1;1;2;-23,50785627;-51,7289114;"SPRF-PR";"DEL07-PR";"UOP01-DEL09-PR"
117800;2018-03-12;"segunda-feira";"09:10:00";"SC";280;93;"CORUPA";"Defeito Mecânico no Veículo";"Tombamento";"Sem Vítimas";"Pleno dia";"Crescente";"Céu Claro";"Simples";"Curva";"Não";2;0;0;0;1;1;0;2;-26,399784;-49,297508;"SPRF-SC";"DEL06-SC";"UOP03-DEL06-SC"
117813;2018-03-12;"segunda-feira";"13:40:00";"RO";364;47,5;"VILHENA";"Velocidade Incompatível";"Tombamento";"Sem Vítimas";"Pleno dia";"Crescente";"Chuva";"Simples";"Aclive;Reta";"Não";3;0;0;0;2;6;0;8;-12,575587;-60,346729;"SPRF-RO";"DEL04-RO";"DEL21/4-UOP03/RO"
117817;2018-03-12;"segunda-feira";"16:00:00";"MT";70;517;"VARZEA GRANDE";"Falta de Atenção à Condução";"Colisão frontal";"Com Vítimas Feridas";"Pleno dia";"Crescente";"Céu Claro";"Simples";"Reta";"Sim";4;0;1;0;2;2;1;5;-15,70105263;-56,16348267;"SPRF-MT";"DEL01-MT";"DEL2/4-UOP02/MT"
117818;2018-03-12;"segunda-feira";"16:50:00";"PR";376;230;"APUCARANA";"Falta de Atenção à Condução";"Colisão com objeto estático";"Sem Vítimas";"Pleno dia";"Crescente";"Nublado";"Dupla";"Curva";"Sim";2;0;0;0;1;1;0;2;-23,5652459;-51,53411865;"SPRF-PR";"DEL07-PR";"UOP03-DEL07-PR"
117821;2018-03-12;"segunda-feira";"16:55:00";"CE";116;53,7;"PACAJUS";"Velocidade Incompatível";"Tombamento";"Sem Vítimas";"Pleno dia";"Decrescente";"Céu Claro";"Dupla";"Curva";"Não";2;0;0;0;1;1;0;2;-4,2045;-38,4708;"SPRF-CE";"DEL03-CE";"UOP02-DEL03-CE"
117828;2018-03-12;"segunda-feira";"16:10:00";"RJ";116;267,7;"BARRA MANSA";"Falta de Atenção à Condução";"Colisão lateral";"Com Vítimas Feridas";"Anoitecer";"Crescente";"Céu Claro";"Dupla";"Curva";"Não";4;0;0;1;2;1;1;4;-22,560883;-44,122238;"SPRF-RJ";"DEL07-RJ";"UOP02-DEL07-RJ"
117830;2018-03-12;"segunda-feira";"16:30:00";"RS";290;141,5;"ELDORADO DO SUL";"Ultrapassagem Indevida";"Colisão lateral";"Com Vítimas Feridas";"Pleno dia";"Decrescente";"Céu Claro";"Simples";"Reta";"Não";3;0;1;0;1;1;1;3;-30,086048;-51,61882;"SPRF-RS";"DEL02-RS";"UOP01-DEL02-RS"
117831;2018-03-12;"segunda-feira";"16:30:00";"PE";101;52;"PAULISTA";"Falta de Atenção à Condução";"Colisão frontal";"Com Vítimas Feridas";"Pleno dia";"Crescente";"Sol";"Simples";"Declive;Curva";"Sim";2;0;0;1;1;0;1;2;-7,9324;-34,9017;"SPRF-PE";"DEL01-PE";"UOP02-DEL01-PE"
117832;2018-03-12;"segunda-feira";"10:40:00";"MT";70;717,9;"CACERES";"Falta de Atenção à Condução";"Tombamento";"Sem Vítimas";"Pleno dia";"Decrescente";"Céu Claro";"Simples";"Reta";"Não";2;0;0;0;1;3;0;4;-16,1790634;-57,60835379;"SPRF-MT";"DEL03-MT";"UOP01-DEL03-MT"
117835;2018-03-12;"segunda-feira";"16:40:00";"MT";364;258;"JUSCIMEIRA";"Falta de Atenção à Condução";"Colisão lateral";"Com Vítimas Feridas";"Anoitecer";"Decrescente";"Céu Claro";"Simples";"Reta";"Não";3;0;1;0;1;2;1;4;-16,05901091;-54,88357544;"SPRF-MT";"DEL02-MT";"UOP01-DEL02-MT"
117841;2018-03-12;"segunda-feira";"17:30:00";"SC";280;55,5;"GUARAMIRIM";"Falta de Atenção à Condução";"Colisão lateral";"Com Vítimas Feridas";"Anoitecer";"Crescente";"Nublado";"Simples";"Curva";"Não";2;0;1;0;1;0;1;2;-26,475843;-48,993786;"SPRF-SC";"DEL03-SC";"UOP03-DEL03-SC"
117846;2018-03-12;"segunda-feira";"18:10:00";"ES";262;94;"DOMINGOS MARTINS";"Desobediência às normas de trânsito pelo condutor";"Colisão lateral";"Com Vítimas Feridas";"Plena Noite";"Crescente";"Céu Claro";"Simples";"Reta";"Não";4;0;2;0;2;0;2;3;-20,3819635;-41,03187561;"SPRF-ES";"DEL01-ES";"UOP02-DEL01-ES"
117847;2018-03-12;"segunda-feira";"17:00:00";"BA";324;550;"AMELIA RODRIGUES";"Defeito Mecânico no Veículo";"Saída de leito carroçável";"Sem Vítimas";"Pleno dia";"Crescente";"Céu Claro";"Múltipla";"Reta";"Não";1;0;0;0;1;0;0;1;-12,45096659;-38,7085762;"SPRF-BA";"DEL01-BA";"UOP01-DEL01-BA"
117852;2018-03-12;"segunda-feira";"18:50:00";"ES";101;310,7;"VILA VELHA";"Falta de Atenção à Condução";"Colisão com objeto estático";"Com Vítimas Fatais";"Plena Noite";"Crescente";"Céu Claro";"Simples";"Reta";"Não";1;1;0;0;0;0;0;1;-20,432292;-40,459481;"SPRF-ES";"DEL03-ES";"UOP01-DEL03-ES"
117854;2018-03-12;"segunda-feira";"18:10:00";"MS";267;374;"MARACAJU";"Falta de Atenção à Condução";"Tombamento";"Sem Vítimas";"Plena Noite";"Decrescente";"Ignorado";"Simples";"Curva";"Não";2;0;0;0;1;1;0;2;-21,66293234;-55,24603844;"SPRF-MS";"DEL05-MS";"UOP01-DEL05-MS"
117863;2018-03-12;"segunda-feira";"20:00:00";"GO";50;120,8;"IPAMERI";"Defeito Mecânico no Veículo";"Incêndio";"Sem Vítimas";"Plena Noite";"Decrescente";"Céu Claro";"Dupla";"Reta";"Não";2;0;0;0;1;1;0;2;-16,9309;-47,7117;"SPRF-GO";"DEL06-GO";"UOP01-DEL06-GO"
117865;2018-03-12;"segunda-feira";"21:15:00";"SC";470;157,1;"TROMBUDO CENTRAL";"Velocidade Incompatível";"Tombamento";"Com Vítimas Feridas";"Plena Noite";"Crescente";"Céu Claro";"Simples";"Curva";"Não";2;0;1;0;0;1;1;2;-27,2851461;-49,77218628;"SPRF-SC";"DEL04-SC";"UOP02-DEL04-SC"
117866;2018-03-12;"segunda-feira";"16:30:00";"PA";155;343;"MARABA";"Falta de Atenção à Condução";"Colisão transversal";"Com Vítimas Fatais";"Pleno dia";"Crescente";"Céu Claro";"Simples";"Reta";"Sim";4;1;0;1;1;1;1;3;-5,369574;-49,077969;"SPRF-PA";"DEL03-PA";"UOP01-DEL03-PA"
117867;2018-03-12;"segunda-feira";"21:00:00";"PR";277;491;"GUARANIACU";"Falta de Atenção à Condução";"Tombamento";"Sem Vítimas";"Plena Noite";"Decrescente";"Céu Claro";"Simples";"Reta";"Não";2;0;0;0;1;1;0;2;-25,17263082;-52,6815033;"SPRF-PR";"DEL04-PR";"UOP02-DEL04-PR"
117868;2018-03-12;"segunda-feira";"20:55:00";"SC";101;79;"ARAQUARI";"Falta de Atenção à Condução";"Colisão com objeto estático";"Sem Vítimas";"Plena Noite";"Decrescente";"Nublado";"Dupla";"Reta";"Não";3;0;0;0;2;1;0;2;-26,5972;-48,7233;"SPRF-SC";"DEL03-SC";"UOP02-DEL03-SC"
117873;2018-03-12;"segunda-feira";"19:30:00";"MT";364;155,4;"PEDRA PRETA";"Falta de Atenção à Condução";"Saída de leito carroçável";"Sem Vítimas";"Plena Noite";"Decrescente";"Nublado";"Simples";"Reta";"Não";2;0;0;0;1;1;0;2;-16,76716;-54,253685;"SPRF-MT";"DEL02-MT";"UOP01-DEL02-MT"
117876;2018-03-12;"segunda-feira";"19:50:00";"MG";40;596,7;"OURO PRETO";"Falta de Atenção à Condução";"Saída de leito carroçável";"Sem Vítimas";"Plena Noite";"Crescente";"Céu Claro";"Dupla";"Curva;Declive";"Não";2;0;0;0;1;1;0;2;-20,41902959;-43,88408035;"SPRF-MG";"DEL05-MG";"UOP02-DEL05-MG"
117878;2018-03-12;"segunda-feira";"20:30:00";"SC";470;96;"APIUNA";"Falta de Atenção à Condução";"Colisão frontal";"Com Vítimas Fatais";"Plena Noite";"Decrescente";"Céu Claro";"Simples";"Reta";"Não";2;1;0;0;1;0;0;2;-27,004184;-49,37439;"SPRF-SC";"DEL04-SC";"UOP01-DEL04-SC"
117880;2018-03-12;"segunda-feira";"16:30:00";"SP";116;279;"EMBU DAS ARTES";"Pista Escorregadia";"Colisão lateral";"Sem Vítimas";"Pleno dia";"Decrescente";"Chuva";"Dupla";"Reta";"Sim";3;0;0;0;2;1;0;3;-23,64307945;-46,83857918;"SPRF-SP";"DEL04-SP";"UOP01-DEL04-SP"
117881;2018-03-12;"segunda-feira";"20:40:00";"MG";251;474;"FRANCISCO SA";"Velocidade Incompatível";"Tombamento";"Com Vítimas Feridas";"Plena Noite";"Crescente";"Céu Claro";"Simples";"Reta";"Não";3;0;1;0;1;1;1;2;-16,4663;-43,4385;"SPRF-MG";"DEL12-MG";"UOP01-DEL12-MG"