"id";"data_inversa";"dia_semana";"horario";"uf";"br";"km";"municipio";"causa_acidente";"tipo_acidente";"classificacao_acidente";"fase_dia";"sentido_via";"condicao_metereologica";"tipo_pista";"tracado_via";"uso_solo";"pessoas";"mortos";"feridos_leves";"feridos_graves";"ilesos";"ignorados";"feridos";"veiculos";"latitude";"longitude";"regional";"delegacia";"uop"
117883;2018-03-12;"segunda-feira";"22:40:00";"PA";316;52,5;"CASTANHAL";"Desobediência às normas de trânsito pelo pedestre";"Atropelamento de Pedestre";"Com Vítimas Feridas";"Plena Noite";"Crescente";"Nublado";"Dupla";"Reta";"Não";2;0;1;0;1;0;1;2;-1,306961;-48,034779;"SPRF-PA";"DEL01-PA";"UOP01-DEL01-PA"
117884;2018-03-12;"segunda-feira";"21:30:00";"SP";116;546;"BARRA DO TURVO";"Não guardar distância de segurança";"Colisão traseira";"Com Vítimas Feridas";"Plena Noite";"Crescente";"Chuva";"Dupla";"Curva";"Não";3;0;1;0;1;1;1;3;-24,89141948;-48,2258606;"SPRF-SP";"DEL05-SP";"UOP02-DEL05-SP"
117888;2018-03-12;"segunda-feira";"23:20:00";"BA";420;277,5;"UBAIRA";"Defeito na Via";"Saída de leito carroçável";"Com Vítimas Fatais";"Plena Noite";"Decrescente";"Chuva";"Simples";"Aclive;Curva";"Sim";3;1;0;1;0;1;1;2;-13,26870563;-39,62948799;"SPRF-BA";"DEL01-BA";"UOP02-DEL01-BA"
117889;2018-03-12;"segunda-feira";"23:30:00";"SP";116;65;"GUARATINGUETA";"Defeito na Via";"Colisão com objeto estático";"Sem Vítimas";"Plena Noite";"Decrescente";"Garoa/Chuvisco";"Dupla";"Curva";"Sim";2;0;0;0;1;1;0;2;-22,823273;-45,192806;"SPRF-SP";"DEL08-SP";"UOP01-DEL08-SP"
117890;2018-03-12;"segunda-feira";"23:30:00";"SP";116;446;"REGISTRO";"Ingestão de álcool e/ou substâncias psicoativas pelo pedestre";"Atropelamento de Pedestre";"Com Vítimas Fatais";"Plena Noite";"Crescente";"Chuva";"Dupla";"Reta";"Sim";2;1;0;0;1;0;0;2;-24,51936071;-47,85202025;"SPRF-SP";"DEL05-SP";"UOP01-DEL05-SP"
117897;2018-03-12;"segunda-feira";"23:40:00";"MG";153;119;"PRATA";"Defeito Mecânico no Veículo";"Incêndio";"Sem Vítimas";"Plena Noite";"Crescente";"Céu Claro";"Simples";"Declive";"Não";2;0;0;0;1;1;0;2;-19,435578;-48,888941;"SPRF-MG";"DEL15-MG";"UOP03-DEL15-MG"
117901;2018-03-13;"terça-feira";"00:30:00";"MG";262;639,5;"IBIA";"Condutor Dormindo";"Saída de leito carroçável";"Sem Vítimas";"Plena Noite";"Decrescente";"Céu Claro";"Simples";"Reta";"Não";2;0;0;0;1;2;0;3;-19,592907;-46,489998;"SPRF-MG";"DEL08-MG";"UOP01-DEL08-MG"
117902;2018-03-13;"terça-feira";"02:15:00";"CE";222;291,9;"FRECHEIRINHA";"Velocidade Incompatível";"Tombamento";"Com Vítimas Feridas";"Plena Noite";"Crescente";"Céu Claro";"Simples";"Curva";"Não";2;0;1;0;1;0;1;1;-3,682876;-40,88377;"SPRF-CE";"DEL04-CE";"UOP02-DEL04-CE"
117906;2018-03-13;"terça-feira";"05:10:00";"SC";101;71,6;"ARAQUARI";"Falta de Atenção à Condução";"Colisão traseira";"Com Vítimas Fatais";"Plena Noite";"Decrescente";"Nublado";"Dupla";"Reta";"Não";4;1;0;1;1;1;1;4;-26,5289;-48,7149;"SPRF-SC";"DEL03-SC";"UOP02-DEL03-SC"
117909;2018-03-13;"terça-feira";"05:10:00";"MG";146;510;"POCOS DE CALDAS";"Velocidade Incompatível";"Tombamento";"Com Vítimas Fatais";"Amanhecer";"Decrescente";"Céu Claro";"Simples";"Declive;Curva";"Não";1;1;0;0;0;0;0;1;-21,772954;-46,422151;"SPRF-MG";"DEL09-MG";"UOP01-DEL09-MG"
117912;2018-03-13;"terça-feira";"05:50:00";"SC";470;64,8;"INDAIAL";"Falta de Atenção à Condução";"Colisão traseira";"Sem Vítimas";"Amanhecer";"Decrescente";"Céu Claro";"Simples";"Reta";"Não";3;0;0;0;2;1;0;3;-26,8681809;-49,20982361;"SPRF-SC";"DEL04-SC";"UOP01-DEL04-SC"
117913;2018-03-13;"terça-feira";"06:40:00";"RS";392;68;"PELOTAS";"Velocidade Incompatível";"Derramamento de carga";"Sem Vítimas";"Pleno dia";"Decrescente";"Céu Claro";"Simples";"Rotatória";"Sim";2;0;0;0;1;2;0;3;-31,748537;-52,402313;"SPRF-RS";"DEL07-RS";"UOP01-DEL07-RS"
117914;2018-03-13;"terça-feira";"06:40:00";"MG";381;734;"CARMO DA CACHOEIRA";"Condutor Dormindo";"Saída de leito carroçável";"Com Vítimas Feridas";"Pleno dia";"Crescente";"Céu Claro";"Dupla";"Reta";"Não";2;0;1;0;1;0;1;1;-21,5412;-45,2374;"SPRF-MG";"DEL04-MG";"UOP02-DEL04-MG"
117915;2018-03-13;"terça-feira";"06:05:00";"PR";476;281;"SAO MATEUS DO SUL";"Falta de Atenção à Condução";"Colisão transversal";"Com Vítimas Fatais";"Amanhecer";"Crescente";"Céu Claro";"Simples";"Reta";"Sim";3;1;0;0;1;2;0;4;-25,876148;-50,425007;"SPRF-PR";"DEL02-PR";"UOP04-DEL02-PR"
117919;2018-03-13;"terça-feira";"06:10:00";"MG";116;395;"GOVERNADOR VALADARES";"Falta de Atenção à Condução";"Colisão transversal";"Com Vítimas Feridas";"Pleno dia";"Crescente";"Céu Claro";"Dupla";"Reta";"Sim";5;0;0;2;1;2;2;4;-18,721837;-41,989142;"SPRF-MG";"DEL06-MG";"UOP01-DEL06-MG"
117920;2018-03-13;"terça-feira";"07:00:00";"PR";476;152;"ARAUCARIA";"Falta de Atenção à Condução";"Colisão lateral";"Sem Vítimas";"Pleno dia";"Crescente";"Céu Claro";"Dupla";"Curva";"Sim";2;0;0;0;2;0;0;2;-25,5687276;-49,38148499;"SPRF-PR";"DEL01-PR";"UOP06-DEL01-PR"
117923;2018-03-13;"terça-feira";"06:00:00";"ES";101;450,2;"MIMOSO DO SUL";"Falta de Atenção à Condução";"Tombamento";"Sem Vítimas";"Amanhecer";"Crescente";"Céu Claro";"Simples";"Curva";"Não";2;0;0;0;1;1;0;2;-21,14214966;-41,27563477;"SPRF-ES";"DEL03-ES";"UOP02-DEL03-ES"
117927;2018-03-13;"terça-feira";"06:35:00";"SP";116;279,5;"EMBU DAS ARTES";"Falta de Atenção à Condução";"Colisão traseira";"Com Vítimas Feridas";"Amanhecer";"Decrescente";"Nublado";"Dupla";"Declive";"Sim";5;0;2;0;2;1;2;4;-23,64311876;-46,83861673;"SPRF-SP";"DEL04-SP";"UOP01-DEL04-SP"
117929;2018-02-17;"sábado";"06:45:00";"PB";230;112,1;"INGA";"Falta de Atenção à Condução";"Colisão traseira";"Com Vítimas Feridas";"Pleno dia";"Crescente";"Céu Claro";"Dupla";"Reta";"Não";3;0;2;0;0;1;2;2;-7,21612169;-35,5940643;"SPRF-PB";"DEL01-PB";"UOP03-DEL01-PB"
117930;2018-03-13;"terça-feira";"07:25:00";"SC";280;21,9;"ARAQUARI";"Falta de Atenção à Condução";"Colisão transversal";"Com Vítimas Fatais";"Pleno dia";"Decrescente";"Nublado";"Simples";"Reta";"Não";3;1;0;0;1;1;0;3;-26,370432;-48,692196;"SPRF-SC";"DEL03-SC";"UOP03-DEL03-SC"
117935;2018-03-13;"terça-feira";"09:10:00";"PE";101;71;"RECIFE";"Falta de Atenção à Condução";"Colisão traseira";"Sem Vítimas";"Pleno dia";"Decrescente";"Céu Claro";"Dupla";"Reta";"Sim";2;0;0;0;2;0;0;2;-8,0857;-34,9457;"SPRF-PE";"DEL01-PE";"UOP01-DEL01-PE"
117947;2018-03-11;"domingo";"19:00:00";"RO";364;1065;"PORTO VELHO";"Condutor Dormindo";"Saída de leito carroçável";"Sem Vítimas";"Plena Noite";"Crescente";"Nublado";"Simples";"Reta";"Não";1;0;0;0;0;1;0;1;-9,674507;-65,44786;"SPRF-RO";"DEL01-RO";"UOP02-DEL01-RO"
117949;2018-03-13;"terça-feira";"08:30:00";"PR";373;237,4;"IMBITUVA";"Velocidade Incompatível";"Tombamento";"Com Vítimas Feridas";"Pleno dia";"Decrescente";"Sol";"Simples";"Aclive;Curva";"Não";2;0;0;1;0;1;1;2;-25,1800924;-50,7272424;"SPRF-PR";"DEL03-PR";"UOP01-DEL03-PR"
117950;2018-02-24;"sábado";"01:20:00";"SP";381;30;"ATIBAIA";"Ingestão de Álcool";"Colisão lateral";"Sem Vítimas";"Plena Noite";"Decrescente";"Céu Claro";"Dupla";"Reta";"Sim";3;0;0;0;2;1;0;3;-23,048935;-46,564892;"SPRF-SP";"DEL03-SP";"UOP02-DEL03-SP"
117955;2018-03-13;"terça-feira";"09:00:00";"SP";116;217;"GUARULHOS";"Não guardar distância de segurança";"Colisão lateral";"Com Vítimas Feridas";"Pleno dia";"Crescente";"Nublado";"Múltipla";"Reta";"Sim";2;0;0;1;0;1;1;2;-23,45529397;-46,4744854;"SPRF-SP";"DEL01-SP";"UOP01-DEL01-SP"
117957;2018-03-13;"terça-feira";"07:00:00";"MG";40;511;"RIBEIRAO DAS NEVES";"Falta de Atenção à Condução";"Colisão lateral";"Com Vítimas Feridas";"Pleno dia";"Decrescente";"Céu Claro";"Dupla";"Retorno Regulamentado";"Sim";2;0;1;0;1;0;1;2;-19,78237281;-44,11654472;"SPRF-MG";"DEL01-MG";"UOP03-DEL01-MG"
117963;2018-03-13;"terça-feira";"08:40:00";"SP";153;156,5;"PROMISSAO";"Carga excessiva e/ou mal acondicionada";"Tombamento";"Sem Vítimas";"Pleno dia";"Crescente";"Sol";"Simples";"Aclive";"Não";2;0;0;0;1;1;0;2;-21,471409;-49,781815;"SPRF-SP";"DEL07-SP";"UOP01-DEL07-SP"
117966;2018-03-13;"terça-feira";"10:10:00";"BA";116;589;"IRAJUBA";"Ultrapassagem Indevida";"Colisão frontal";"Com Vítimas Feridas";"Pleno dia";"Crescente";"Céu Claro";"Múltipla";"Curva";"Não";4;0;1;1;1;1;2;3;-13,22122975;-40,03143311;"SPRF-BA";"DEL03-BA";"UOP02-DEL03-BA"
117967;2018-03-13;"terça-feira";"08:15:00";"RS";392;44,5;"RIO GRANDE";"Falta de Atenção à Condução";"Saída de leito carroçável";"Sem Vítimas";"Pleno dia";"Decrescente";"Céu Claro";"Dupla";"Reta";"Não";2;0;0;0;2;0;0;1;-31,930166;-52,312592;"SPRF-RS";"DEL07-RS";"UOP02-DEL07-RS"
117974;2018-03-13;"terça-feira";"11:00:00";"PR";476;152,5;"ARAUCARIA";"Falta de Atenção à Condução";"Colisão lateral";"Sem Vítimas";"Pleno dia";"Crescente";"Céu Claro";"Dupla";"Reta";"Sim";2;0;0;0;2;0;0;2;-25,57341432;-49,38697815;"SPRF-PR";"DEL01-PR";"UOP06-DEL01-PR"
117992;2018-03-13;"terça-feira";"12:05:00";"MG";381;503,5;"BETIM";"Falta de Atenção à Condução";"Colisão lateral";"Sem Vítimas";"Pleno dia";"Crescente";"Céu Claro";"Dupla";"Reta";"Não";3;0;0;0;2;2;0;4;-20,0304;-44,236;"SPRF-MG";"DEL01-MG";"UOP03-DEL01-MG"
117993;2018-03-13;"terça-feira";"11:00:00";"SC";101;103;"BALNEARIO PICARRAS";"Falta de Atenção à Condução";"Colisão traseira";"Sem Vítimas";"Pleno dia";"Decrescente";"Céu Claro";"Dupla";"Reta";"Não";4;0;0;0;3;1;0;4;-26,7931;-48,6806;"SPRF-SC";"DEL03-SC";"UOP02-DEL03-SC"
117996;2018-03-13;"terça-feira";"08:20:00";"RJ";40;96;"DUQUE DE CAXIAS";"Velocidade Incompatível";"Tombamento";"Sem Vítimas";"Pleno dia";"Decrescente";"Nublado";"Simples";"Curva";"Não";2;0;0;0;1;1;0;2;-22,5862;-43,2622;"SPRF-RJ";"DEL06-RJ";"UOP01-DEL06-RJ"
117998;2018-03-13;"terça-feira";"13:30:00";"PR";153;517;"GENERAL CARNEIRO";"Defeito Mecânico no Veículo";"Colisão com objeto estático";"Com Vítimas Feridas";"Pleno dia";"Decrescente";"Céu Claro";"Simples";"Curva;Declive";"Não";1;0;1;0;0;0;1;1;-26,5827513;-51,44990802;"SPRF-PR";"DEL02-PR";"UOP03-DEL02-PR"
118006;2018-03-13;"terça-feira";"09:15:00";"PR";163;63,4;"PEROLA DOESTE";"Falta de Atenção à Condução";"Colisão traseira";"Sem Vítimas";"Pleno dia";"Crescente";"Sol";"Simples";"Reta;Aclive";"Não";3;0;0;0;2;2;0;4;-25,8498;-53,7495;"SPRF-PR";"DEL02-PR";"UOP02-DEL02-PR"
118017;2018-02-06;"terça-feira";"02:00:00";"AL";101;161,3;"CAMPO ALEGRE";"Condutor Dormindo";"Saída de leito carroçável";"Sem Vítimas";"Plena Noite";"Crescente";"Céu Claro";"Simples";"Reta";"Não";2;0;0;0;1;1;0;2;-9,782379;-36,351135;"SPRF-AL";"DEL02-AL";"UOP02-DEL02-AL"
118018;2018-03-13;"terça-feira";"15:29:00";"ES";101;121,5;"SOORETAMA";"Falta de Atenção à Condução";"Colisão frontal";"Com Vítimas Fatais";"Pleno dia";"Crescente";"Céu Claro";"Simples";"Reta";"Não";2;1;0;0;1;0;0;2;-19,1574957;-40,08191526;"SPRF-ES";"DEL04-ES";"UOP01-DEL04-ES"
118022;2018-03-10;"sábado";"01:00:00";"MG";262;801,8;"UBERABA";"Defeito Mecânico no Veículo";"Saída de leito carroçável";"Com Vítimas Feridas";"Plena Noite";"Decrescente";"Céu Claro";"Dupla";"Reta";"Sim";2;0;1;0;0;1;1;2;-19,775097;-47,972019;"SPRF-MG";"DEL13-MG";"UOP01-DEL13-MG"
118025;2018-03-13;"terça-feira";"16:38:00";"MG";40;282,5;"TRES MARIAS";"Falta de Atenção à Condução";"Colisão lateral";"Sem Vítimas";"Pleno dia";"Crescente";"Garoa/Chuvisco";"Simples";"Aclive";"Sim";3;0;0;0;2;1;0;3;-18,249315;-45,202118;"SPRF-MG";"DEL14-MG";"UOP02-DEL14-MG"
118027;2018-03-11;"domingo";"19:05:00";"MG";381;508,4;"SAO JOAQUIM DE BICAS";"Defeito Mecânico no Veículo";"Incêndio";"Sem Vítimas";"Plena Noite";"Decrescente";"Nublado";"Dupla";"Curva";"Sim";2;0;0;0;1;1;0;2;-20,0494;-44,2767;"SPRF-MG";"DEL01-MG";"UOP03-DEL01-MG"
118032;2018-03-13;"terça-feira";"17:00:00";"SP";116;227,7;"SAO PAULO";"Defeito Mecânico no Veículo";"Danos eventuais";"Sem Vítimas";"Pleno dia";"Decrescente";"Céu Claro";"Múltipla";"Reta";"Sim";2;0;0;0;1;1;0;2;-23,50292222;-46,5656805;"SPRF-SP";"DEL01-SP";"UOP01-DEL01-SP"
118034;2018-03-13;"terça-feira";"18:00:00";"GO";60;209,3;"GUAPO";"Defeito Mecânico no Veículo";"Saída de leito carroçável";"Com Vítimas Feridas";"Anoitecer";"Crescente";"Sol";"Dupla";"Curva";"Não";2;0;1;0;0;1;1;2;-16,9324;-49,6679;"SPRF-GO";"DEL01-GO";"UOP02-DEL01-GO"
118035;2018-03-13;"terça-feira";"18:20:00";"PR";376;496;"PONTA GROSSA";"Não guardar distância de segurança";"Colisão traseira";"Com Vítimas Feridas";"Anoitecer";"Decrescente";"Chuva";"Dupla";"Reta";"Não";4;0;1;0;2;2;1;4;-25,10674092;-50,19309998;"SPRF-PR";"DEL03-PR";"UOP04-DEL03-PR"
118040;2018-03-13;"terça-feira";"17:15:00";"SC";116;224,1;"CORREIA PINTO";"Avarias e/ou desgaste excessivo no pneu";"Danos eventuais";"Sem Vítimas";"Pleno dia";"Crescente";"Sol";"Simples";"Reta";"Não";2;0;0;0;2;0;0;2;-27,585733;-50,365551;"SPRF-SC";"DEL05-SC";"UOP03-DEL05-SC"
118041;2018-03-13;"terça-feira";"18:15:00";"SC";116;224,3;"CORREIA PINTO";"Falta de Atenção à Condução";"Colisão traseira";"Com Vítimas Feridas";"Pleno dia";"Decrescente";"Céu Claro";"Simples";"Reta";"Não";3;0;1;0;1;1;1;3;-27,585733;-50,365551;"SPRF-SC";"DEL05-SC";"UOP03-DEL05-SC"
118050;2018-03-13;"terça-feira";"17:30:00";"PR";369;153;"LONDRINA";"Falta de Atenção à Condução";"Colisão traseira";"Com Vítimas Feridas";"Anoitecer";"Decrescente";"Céu Claro";"Dupla";"Reta";"Sim";5;0;1;1;0;3;2;3;-23,30190112;-51,15210772;"SPRF-PR";"DEL07-PR";"UOP01-DEL07-PR"
118053;2018-03-13;"terça-feira";"17:45:00";"GO";153;119;"ESTRELA DO NORTE";"Pista Escorregadia";"Saída de leito carroçável";"Com Vítimas Feridas";"Anoitecer";"Decrescente";"Chuva";"Simples";"Reta";"Não";2;0;1;0;1;0;1;1;-13,814095;-49,039848;"SPRF-GO";"DEL07-GO";"UOP01-DEL07-GO"
118054;2018-03-13;"terça-feira";"18:00:00";"PE";232;181;"BELO JARDIM";"Falta de Atenção à Condução";"Colisão transversal";"Com Vítimas Feridas";"Plena Noite";"Decrescente";"Céu Claro";"Simples";"Interseção de Vias";"Sim";3;0;1;0;2;0;1;2;-8,34628;-36,437763;"SPRF-PE";"DEL02-PE";"UOP03-DEL02-PE"
118055;2018-03-13;"terça-feira";"17:50:00";"MG";262;505,2;"LUZ";"Não guardar distância de segurança";"Engavetamento";"Com Vítimas Feridas";"Pleno dia";"Decrescente";"Céu Claro";"Simples";"Reta";"Não";5;0;0;1;3;1;1;5;-19,77962676;-45,54669857;"SPRF-MG";"DEL08-MG";"UOP03-DEL08-MG"
118057;2018-03-13;"terça-feira";"16:50:00";"MG";381;931;"ITAPEVA";"Carga excessiva e/ou mal acondicionada";"Derramamento de carga";"Sem Vítimas";"Pleno dia";"Decrescente";"Nublado";"Dupla";"Curva";"Não";2;0;0;0;1;1;0;2;-22,78742853;-46,24205589;"SPRF-MG";"DEL16-MG";"UOP03-DEL16-MG"
118058;2018-03-13;"terça-feira";"17:00:00";"MG";381;921,1;"CAMANDUCAIA";"Velocidade Incompatível";"Colisão com objeto estático";"Sem Vítimas";"Pleno dia";"Crescente";"Chuva";"Dupla";"Declive;Curva";"Não";2;0;0;0;1;1;0;2;-22,76107521;-46,16898715;"SPRF-MG";"DEL16-MG";"UOP03-DEL16-MG"
118060;2018-03-13;"terça-feira";"17:00:00";"MG";381;920,3;"CAMANDUCAIA";"Velocidade Incompatível";"Colisão com objeto estático";"Sem Vítimas";"Pleno dia";"Crescente";"Chuva";"Dupla";"Reta";"Não";1;0;0;0;1;0;0;1;-22,76098617;-46,1634618;"SPRF-MG";"DEL16-MG";"UOP03-DEL16-MG"
118063;2018-03-13;"terça-feira";"19:00:00";"PR";376;665;"GUARATUBA";"Defeito Mecânico no Veículo";"Tombamento";"Com Vítimas Feridas";"Plena Noite";"Crescente";"Nublado";"Dupla";"Curva";"Não";4;0;0;1;2;1;1;3;-25,86012142;-48,95082858;"SPRF-PR";"DEL01-PR";"DEL7/1-UOP08/PR"
118067;2018-03-13;"terça-feira";"20:15:00";"PR";369;41,4;"ANDIRA";"Defeito Mecânico no Veículo";"Saída de leito carroçável";"Sem Vítimas";"Plena Noite";"Crescente";"Céu Claro";"Simples";"Reta";"Não";1;0;0;0;1;0;0;1;-23,07108527;-50,26476122;"SPRF-PR";"DEL07-PR";"UOP05-DEL07-PR"
118068;2018-03-13;"terça-feira";"14:30:00";"MA";135;97,4;"ITAPECURU MIRIM";"Pista Escorregadia";"Saída de leito carroçável";"Com Vítimas Feridas";"Pleno dia";"Decrescente";"Chuva";"Simples";"Reta";"Não";2;0;0;1;0;1;1;2;-3,34343779;-44,45755005;"SPRF-MA";"DEL01-MA";"UOP02-DEL01-MA"
118072;2018-03-13;"terça-feira";"17:00:00";"MG";40;642;"CONSELHEIRO LAFAIETE";"Agressão Externa";"Colisão com objeto estático";"Sem Vítimas";"Pleno dia";"Decrescente";"Sol";"Simples";"Reta";"Não";1;0;0;0;1;0;0;1;-20,76446069;-43,80563378;"SPRF-MG";"DEL05-MG";"UOP02-DEL05-MG"
118075;2018-03-13;"terça-feira";"20:30:00";"SC";101;215;"PALHOCA";"Não guardar distância de segurança";"Colisão lateral";"Sem Vítimas";"Plena Noite";"Crescente";"Nublado";"Dupla";"Aclive;Curva";"Sim";2;0;0;0;2;0;0;2;-27,6601;-48,6774;"SPRF-SC";"DEL01-SC";"UOP02-DEL01-SC"
118079;2018-03-13;"terça-feira";"16:00:00";"PR";476;254,8;"SAO MATEUS DO SUL";"Defeito Mecânico no Veículo";"Colisão frontal";"Sem Vítimas";"Pleno dia";"Crescente";"Céu Claro";"Simples";"Reta";"Não";2;0;0;0;2;0;0;2;-25,892168;-50,188038;"SPRF-PR";"DEL02-PR";"UOP04-DEL02-PR"
118083;2018-03-13;"terça-feira";"20:15:00";"RO";364;819,5;"PORTO VELHO";"Falta de Atenção à Condução";"Saída de leito carroçável";"Sem Vítimas";"Plena Noite";"Crescente";"Céu Claro";"Simples";"Reta";"Não";2;0;0;0;1;1;0;2;-9,289634;-64,571421;"SPRF-RO";"DEL01-RO";"UOP02-DEL01-RO"
118086;2018-03-13;"terça-feira";"22:40:00";"ES";101;146,7;"LINHARES";"Carga excessiva e/ou mal acondicionada";"Colisão com objeto estático";"Sem Vítimas";"Plena Noite";"Crescente";"Céu Claro";"Múltipla";"Interseção de Vias";"Sim";1;0;0;0;1;0;0;1;-19,3940679;-40,06439209;"SPRF-ES";"DEL04-ES";"UOP01-DEL04-ES"
118090;2018-03-13;"terça-feira";"19:30:00";"RS";471;484,6;"RIO GRANDE";"Objeto estático sobre o leito carroçável";"Colisão com objeto estático";"Sem Vítimas";"Plena Noite";"Crescente";"Céu Claro";"Simples";"Reta";"Não";4;0;0;0;3;1;0;3;-32,227108;-52,472321;"SPRF-RS";"DEL07-RS";"UOP02-DEL07-RS"
118091;2018-03-14;"quarta-feira";"00:10:00";"RS";392;114,3;"CANGUCU";"Falta de Atenção à Condução";"Tombamento";"Com Vítimas Feridas";"Plena Noite";"Crescente";"Céu Claro";"Simples";"Reta";"Não";3;0;1;0;1;1;1;3;-31,432425;-52,656174;"SPRF-RS";"DEL07-RS";"UOP01-DEL07-RS"
118092;2018-03-14;"quarta-feira";"00:45:00";"AL";423;101,3;"DELMIRO GOUVEIA";"Falta de Atenção à Condução";"Colisão lateral";"Com Vítimas Feridas";"Plena Noite";"Decrescente";"Céu Claro";"Simples";"Reta";"Não";2;0;0;1;1;0;1;2;-9,394478;-38,16552;"SPRF-BA";"DEL07-BA";"UOP01-DEL07-BA"
118095;2018-03-13;"terça-feira";"21:50:00";"BA";101;643;"ILHEUS";"Desobediência às normas de trânsito pelo condutor";"Capotamento";"Com Vítimas Feridas";"Plena Noite";"Decrescente";"Nublado";"Simples";"Curva";"Não";2;0;0;1;0;1;1;2;-15;-39;"SPRF-BA";"DEL05-BA";"UOP02-DEL05-BA"
118099;2018-03-14;"quarta-feira";"01:50:00";"SC";101;412;"ARARANGUA";"Falta de Atenção à Condução";"Colisão traseira";"Sem Vítimas";"Plena Noite";"Decrescente";"Ignorado";"Dupla";"Ponte";"Não";3;0;0;0;2;1;0;3;-28,93365075;-49,51812744;"SPRF-SC";"DEL02-SC";"UOP02-DEL02-SC"
118103;2018-03-13;"terça-feira";"21:30:00";"MT";70;265;"PRIMAVERA DO LESTE";"Falta de Atenção à Condução";"Saída de leito carroçável";"Com Vítimas Feridas";"Plena Noite";"Crescente";"Nublado";"Simples";"Reta";"Não";2;0;1;0;0;2;1;3;-15,561902;-54,191902;"SPRF-MT";"DEL05-MT";"UOP01-DEL05-MT"
118105;2018-03-14;"quarta-feira";"02:20:00";"MG";381;782;"CAMPANHA";"Defeito Mecânico no Veículo";"Saída de leito carroçável";"Sem Vítimas";"Plena Noite";"Decrescente";"Chuva";"Dupla";"Curva";"Não";1;0;0;0;1;0;0;1;-21,8331;-45,5012;"SPRF-MG";"DEL16-MG";"UOP02-DEL16-MG"
118106;2018-03-13;"terça-feira";"18:00:00";"SC";470;160;"TROMBUDO CENTRAL";"Falta de Atenção à Condução";"Colisão transversal";"Com Vítimas Feridas";"Pleno dia";"Crescente";"Sol";"Simples";"Interseção de Vias";"Sim";3;0;1;1;1;0;2;2;-27,285866;-49,78300899;"SPRF-SC";"DEL04-SC";"UOP02-DEL04-SC"
118109;2018-03-14;"quarta-feira";"05:20:00";"SP";381;58;"MAIRIPORA";"Condutor Dormindo";"Colisão traseira";"Sem Vítimas";"Pleno dia";"Crescente";"Céu Claro";"Dupla";"Reta";"Não";2;0;0;0;2;0;0;2;-23,27678162;-46,58588156;"SPRF-SP";"DEL03-SP";"UOP01-DEL03-SP"
118110;2018-03-14;"quarta-feira";"07:10:00";"RJ";493;18;"MAGE";"Falta de Atenção à Condução";"Colisão transversal";"Com Vítimas Feridas";"Pleno dia";"Crescente";"Sol";"Simples";"Reta";"Sim";2;0;1;0;1;0;1;2;-22,668736;-43,018757;"SPRF-RJ";"DEL04-RJ";"UOP02-DEL04-RJ"
118112;2018-03-14;"quarta-feira";"05:30:00";"SC";116;143,9;"SANTA CECILIA";"Falta de Atenção à Condução";"Tombamento";"Sem Vítimas";"Amanhecer";"Crescente";"Céu Claro";"Simples";"Curva";"Não";1;0;0;0;1;0;0;1;-26,986475;-50,394382;"SPRF-SC";"DEL06-SC";"UOP02-DEL06-SC"
118113;2018-03-14;"quarta-feira";"05:40:00";"SC";116;112;"SANTA CECILIA";"Falta de Atenção à Condução";"Tombamento";"Com Vítimas Feridas";"Amanhecer";"Crescente";"Céu Claro";"Simples";"Curva";"Não";1;0;0;1;0;0;1;1;-26,777237;-50,347702;"SPRF-SC";"DEL06-SC";"UOP02-DEL06-SC"
118115;2018-03-14;"quarta-feira";"10:37:00";"SP";116;222,3;"GUARULHOS";"Falta de Atenção à Condução";"Colisão traseira";"Com Vítimas Feridas";"Pleno dia";"Decrescente";"Céu Claro";"Múltipla";"Reta";"Sim";3;0;1;0;1;1;1;3;-23,47363;-46,521711;"SPRF-SP";"DEL01-SP";"UOP01-DEL01-SP"
118116;2018-03-14;"quarta-feira";"06:30:00";"MG";116;658,9;"SAO FRANCISCO DO GLORIA";"Velocidade Incompatível";"Tombamento";"Com Vítimas Feridas";"Amanhecer";"Decrescente";"Céu Claro";"Simples";"Aclive;Curva";"Sim";2;0;0;1;0;1;1;2;-20,7706904;-42,29970301;"SPRF-MG";"DEL07-MG";"UOP03-DEL07-MG"
118119;2018-03-14;"quarta-feira";"06:00:00";"SC";101;222,7;"PALHOCA";"Falta de Atenção à Condução";"Saída de leito carroçável";"Sem Vítimas";"Pleno dia";"Decrescente";"Céu Claro";"Dupla";"Reta";"Não";2;0;0;0;1;1;0;2;-27,7172;-48,6476;"SPRF-SC";"DEL01-SC";"UOP02-DEL01-SC"
118120;2018-03-14;"quarta-feira";"10:25:00";"SP";381;78,8;"SAO PAULO";"Defeito Mecânico no Veículo";"Colisão traseira";"Sem Vítimas";"Pleno dia";"Crescente";"Céu Claro";"Dupla";"Declive";"Sim";3;0;0;0;2;2;0;4;-23,40538723;-46,57993299;"SPRF-SP";"DEL03-SP";"DEL6/3-UOP03/SP"
118124;2018-03-14;"quarta-feira";"07:50:00";"ES";101;261,2;"SERRA";"Desobediência às normas de trânsito pelo condutor";"Colisão frontal";"Com Vítimas Feridas";"Pleno dia";"Decrescente";"Sol";"Simples";"Reta";"Sim";4;0;0;1;1;3;1;5;-20,15430413;-40,2778101;"SPRF-ES";"DEL02-ES";"UOP01-DEL02-ES"
118131;2018-03-14;"quarta-feira";"06:40:00";"SC";470;66;"INDAIAL";"Desobediência às normas de trânsito pelo condutor";"Colisão traseira";"Sem Vítimas";"Pleno dia";"Crescente";"Nublado";"Simples";"Reta";"Não";3;0;0;0;2;1;0;3;-26,86976962;-49,20275331;"SPRF-SC";"DEL04-SC";"UOP01-DEL04-SC"