"id";"data_inversa";"dia_semana";"horario";"uf";"br";"km";"municipio";"causa_acidente";"tipo_acidente";"classificacao_acidente";"fase_dia";"sentido_via";"condicao_metereologica";"tipo_pista";"tracado_via";"uso_solo";"pessoas";"mortos";"feridos_leves";"feridos_graves";"ilesos";"ignorados";"feridos";"veiculos";"latitude";"longitude";"regional";"delegacia";"uop"
118357;2018-03-15;"quinta-feira";"08:20:00";"SP";116;484,2;"CAJATI";"Falta de Atenção à Condução";"Colisão traseira";"Com Vítimas Feridas";"Pleno dia";"Decrescente";"Sol";"Dupla";"Reta";"Não";3;0;1;0;1;1;1;3;-24,72313268;-48,08303833;"SPRF-SP";"DEL05-SP";"UAP01-DEL05-SP"
118365;2018-03-15;"quinta-feira";"09:30:00";"CE";116;5;"FORTALEZA";"Falta de Atenção à Condução";"Colisão lateral";"Com Vítimas Feridas";"Pleno dia";"Crescente";"Céu Claro";"Dupla";"Reta";"Sim";2;0;1;0;1;0;1;2;-3,8038;-38,5032;"SPRF-CE";"DEL01-CE";"UOP02-DEL01-CE"
118368;2018-03-15;"quinta-feira";"07:30:00";"MG";262;456,9;"NOVA SERRANA";"Falta de Atenção à Condução";"Colisão frontal";"Com Vítimas Feridas";"Pleno dia";"Crescente";"Céu Claro";"Simples";"Reta";"Não";5;0;2;1;1;2;3;5;-19,859983;-45,006966;"SPRF-MG";"DEL08-MG";"UOP03-DEL08-MG"
118383;2018-03-15;"quinta-feira";"10:25:00";"MG";40;773,8;"JUIZ DE FORA";"Falta de Atenção à Condução";"Colisão traseira";"Com Vítimas Feridas";"Pleno dia";"Crescente";"Céu Claro";"Dupla";"Curva";"Não";3;0;1;0;2;0;1;2;-21,6517;-43,4346;"SPRF-MG";"DEL05-MG";"UOP01-DEL05-MG"
118384;2018-03-15;"quinta-feira";"11:00:00";"SE";235;51;"ITABAIANA";"Desobediência às normas de trânsito pelo condutor";"Colisão transversal";"Com Vítimas Feridas";"Pleno dia";"Decrescente";"Sol";"Simples";"Curva";"Sim";2;0;0;1;1;0;1;2;-10,68942338;-37,43810567;"SPRF-SE";"DEL01-SE";"UOP02-DEL01-SE"
118385;2018-03-15;"quinta-feira";"10:40:00";"ES";101;263;"SERRA";"Falta de Atenção à Condução";"Saída de leito carroçável";"Sem Vítimas";"Pleno dia";"Decrescente";"Céu Claro";"Dupla";"Reta";"Não";2;0;0;0;1;1;0;2;-20,15370518;-40,27793884;"SPRF-ES";"DEL02-ES";"UOP01-DEL02-ES"
118387;2018-03-15;"quinta-feira";"11:40:00";"RJ";116;317;"ITATIAIA";"Defeito Mecânico no Veículo";"Tombamento";"Sem Vítimas";"Pleno dia";"Crescente";"Céu Claro";"Simples";"Curva";"Sim";2;0;0;0;1;1;0;2;-22,467085;-44,500671;"SPRF-RJ";"DEL07-RJ";"DEL5/7-UOP03/RJ"
118404;2018-03-15;"quinta-feira";"13:20:00";"PR";277;41;"MORRETES";"Defeito Mecânico no Veículo";"Colisão traseira";"Sem Vítimas";"Pleno dia";"Decrescente";"Sol";"Dupla";"Reta";"Não";3;0;0;0;2;3;0;5;-25,4859728;-48,84375581;"SPRF-PR";"DEL01-PR";"UOP07-DEL01-PR"
118406;2018-03-15;"quinta-feira";"13:00:00";"PE";101;83,8;"JABOATAO DOS GUARARAPES";"Não guardar distância de segurança";"Colisão traseira";"Sem Vítimas";"Pleno dia";"Crescente";"Sol";"Simples";"Reta";"Sim";3;0;0;0;3;0;0;3;-8,180874;-34,94837;"SPRF-PE";"DEL01-PE";"UOP03-DEL01-PE"
118409;2018-03-15;"quinta-feira";"12:50:00";"PR";376;412,5;"TIBAGI";"Falta de Atenção à Condução";"Colisão traseira";"Sem Vítimas";"Pleno dia";"Decrescente";"Céu Claro";"Simples";"Reta";"Não";2;0;0;0;2;0;0;2;-24,63668028;-50,63457012;"SPRF-PR";"DEL03-PR";"UOP02-DEL03-PR"
118410;2018-02-27;"terça-feira";"23:30:00";"MT";163;745;"SORRISO";"Animais na Pista";"Atropelamento de Animal";"Sem Vítimas";"Plena Noite";"Crescente";"Céu Claro";"Simples";"Reta";"Não";2;0;0;0;1;2;0;3;-12,57600991;-55,72952271;"SPRF-MT";"DEL06-MT";"UOP01-DEL06-MT"
118413;2018-03-15;"quinta-feira";"17:47:00";"PE";101;68,9;"RECIFE";"Ultrapassagem Indevida";"Colisão lateral";"Com Vítimas Feridas";"Anoitecer";"Decrescente";"Céu Claro";"Simples";"Reta";"Sim";2;0;1;0;1;0;1;2;-8,0595;-34,9458;"SPRF-PE";"DEL01-PE";"UOP01-DEL01-PE"
118420;2018-03-15;"quinta-feira";"07:00:00";"MS";158;29;"PARANAIBA";"Ultrapassagem Indevida";"Saída de leito carroçável";"Sem Vítimas";"Pleno dia";"Crescente";"Céu Claro";"Simples";"Aclive;Reta";"Não";4;0;0;0;2;2;0;3;-19,213806;-51,52718;"SPRF-MS";"DEL08-MS";"UOP01-DEL08-MS"
118421;2018-03-15;"quinta-feira";"13:50:00";"MG";40;660,2;"CARANDAI";"Falta de Atenção à Condução";"Colisão traseira";"Sem Vítimas";"Pleno dia";"Decrescente";"Céu Claro";"Simples";"Reta";"Sim";3;0;0;0;2;1;0;3;-20,90234198;-43,82739455;"SPRF-MG";"DEL05-MG";"UOP02-DEL05-MG"
118422;2018-01-30;"terça-feira";"17:00:00";"PR";277;136;"BALSA NOVA";"Não guardar distância de segurança";"Colisão traseira";"Sem Vítimas";"Pleno dia";"Crescente";"Sol";"Dupla";"Reta";"Não";4;0;0;0;3;4;0;7;-25,47462762;-49,70642656;"SPRF-PR";"DEL01-PR";"UOP06-DEL01-PR"
118427;2018-03-15;"quinta-feira";"15:00:00";"TO";153;668,5;"GURUPI";"Velocidade Incompatível";"Saída de leito carroçável";"Sem Vítimas";"Pleno dia";"Crescente";"Céu Claro";"Dupla";"Reta";"Sim";2;0;0;0;1;1;0;2;-11,71557;-49,076123;"SPRF-TO";"DEL02-TO";"UOP02-DEL01-TO"
118432;2018-03-15;"quinta-feira";"13:15:00";"SC";470;225,1;"SAO CRISTOVAO DO SUL";"Velocidade Incompatível";"Colisão com objeto estático";"Sem Vítimas";"Pleno dia";"Decrescente";"Chuva";"Simples";"Reta";"Não";1;0;0;0;1;0;0;1;-27,30452991;-50,25650027;"SPRF-SC";"DEL02-SC";"UOP03-DEL02-SC"
118437;2018-03-15;"quinta-feira";"15:00:00";"SC";101;66,2;"ARAQUARI";"Fenômenos da Natureza";"Tombamento";"Sem Vítimas";"Pleno dia";"Decrescente";"Vento";"Dupla";"Curva";"Não";2;0;0;0;1;1;0;2;-26,4878;-48,7343;"SPRF-SC";"DEL03-SC";"UOP02-DEL03-SC"
118442;2018-03-15;"quinta-feira";"14:40:00";"GO";60;166;"GOIANIA";"Velocidade Incompatível";"Tombamento";"Com Vítimas Feridas";"Pleno dia";"Decrescente";"Sol";"Dupla";"Viaduto";"Sim";1;0;1;0;0;0;1;1;-16,7129;-49,358;"SPRF-GO";"DEL01-GO";"UOP02-DEL01-GO"
118444;2018-03-15;"quinta-feira";"09:05:00";"MA";135;163,5;"MIRANDA DO NORTE";"Falta de Atenção à Condução";"Colisão traseira";"Com Vítimas Feridas";"Pleno dia";"Decrescente";"Sol";"Simples";"Reta";"Não";2;0;1;0;1;0;1;2;-3,560108;-44,586227;"SPRF-MA";"DEL01-MA";"UOP02-DEL01-MA"
118445;2018-03-15;"quinta-feira";"16:00:00";"GO";20;26;"FORMOSA";"Defeito na Via";"Capotamento";"Sem Vítimas";"Pleno dia";"Crescente";"Sol";"Simples";"Reta";"Não";2;0;0;0;1;2;0;3;-15,528576;-47,129608;"SPRF-DF";"DEL02-DF";"UOP01-DEL02-DF"
118448;2018-03-15;"quinta-feira";"13:00:00";"BA";415;52,7;"ITABUNA";"Desobediência às normas de trânsito pelo condutor";"Colisão traseira";"Com Vítimas Feridas";"Pleno dia";"Crescente";"Céu Claro";"Simples";"Reta";"Sim";4;0;1;1;2;0;2;3;-14,841609;-39,331336;"SPRF-BA";"DEL05-BA";"UOP01-DEL05-BA"
118451;2018-03-15;"quinta-feira";"15:10:00";"SP";0;0;"JACAREI";"Falta de Atenção à Condução";"Colisão lateral";"Sem Vítimas";"Pleno dia";"Não Informado";"Céu Claro";"Simples";"Retorno Regulamentado";"Sim";2;0;0;0;2;0;0;2;-23,26135016;-45,94988896;"SPRF-SP";"DEL02-SP";"UOP01-DEL02-SP"
118454;2018-03-15;"quinta-feira";"15:45:00";"SC";116;259,9;"CAPAO ALTO";"Falta de Atenção à Condução";"Saída de leito carroçável";"Sem Vítimas";"Pleno dia";"Decrescente";"Nublado";"Simples";"Aclive";"Não";1;0;0;0;1;0;0;1;-27,90463117;-50,43617249;"SPRF-SC";"DEL05-SC";"UOP02-DEL05-SC"
118457;2018-03-15;"quinta-feira";"15:40:00";"SC";282;504,5;"XANXERE";"Desobediência às normas de trânsito pelo condutor";"Colisão transversal";"Sem Vítimas";"Pleno dia";"Decrescente";"Chuva";"Simples";"Interseção de Vias";"Sim";3;0;0;0;3;0;0;3;-26,88388077;-52,41645813;"SPRF-SC";"DEL07-SC";"UOP01-DEL07-SC"
118462;2018-03-15;"quinta-feira";"17:00:00";"PR";476;145;"CURITIBA";"Desobediência às normas de trânsito pelo condutor";"Colisão transversal";"Com Vítimas Feridas";"Pleno dia";"Decrescente";"Chuva";"Dupla";"Reta";"Sim";3;0;0;1;1;1;1;3;-25,54615863;-49,3183136;"SPRF-PR";"DEL01-PR";"UOP06-DEL01-PR"
118466;2018-03-15;"quinta-feira";"17:10:00";"RJ";116;183;"NOVA IGUACU";"Não guardar distância de segurança";"Tombamento";"Com Vítimas Fatais";"Pleno dia";"Crescente";"Céu Claro";"Múltipla";"Reta";"Sim";8;1;1;0;6;0;1;7;-22,751593;-43,438511;"SPRF-RJ";"DEL01-RJ";"UOP02-DEL01-RJ"
118473;2018-03-15;"quinta-feira";"10:00:00";"PR";476;203;"LAPA";"Velocidade Incompatível";"Colisão com objeto estático";"Sem Vítimas";"Pleno dia";"Decrescente";"Nublado";"Simples";"Reta";"Não";2;0;0;0;1;1;0;2;-25,777454;-49,784622;"SPRF-PR";"DEL02-PR";"UOP04-DEL02-PR"
118474;2018-03-15;"quinta-feira";"17:10:00";"MG";381;722;"CARMO DA CACHOEIRA";"Defeito Mecânico no Veículo";"Colisão com objeto estático";"Sem Vítimas";"Pleno dia";"Decrescente";"Céu Claro";"Dupla";"Curva";"Não";2;0;0;0;1;1;0;2;-21,44376184;-45,20862037;"SPRF-MG";"DEL04-MG";"UOP02-DEL04-MG"
118477;2018-03-15;"quinta-feira";"20:20:00";"SC";282;511,9;"XANXERE";"Condutor Dormindo";"Saída de leito carroçável";"Sem Vítimas";"Plena Noite";"Decrescente";"Chuva";"Simples";"Aclive";"Não";1;0;0;0;1;0;0;1;-26,90615084;-52,46589661;"SPRF-SC";"DEL07-SC";"UOP01-DEL07-SC"
118500;2018-03-15;"quinta-feira";"19:15:00";"MS";60;383;"CAMPO GRANDE";"Falta de Atenção à Condução";"Colisão traseira";"Com Vítimas Fatais";"Plena Noite";"Decrescente";"Céu Claro";"Simples";"Reta";"Não";4;1;0;1;1;1;1;3;-20,552626;-54,668953;"SPRF-MS";"DEL01-MS";"UOP04-DEL01-MS"
118502;2018-03-15;"quinta-feira";"10:00:00";"PR";153;389,1;"MALLET";"Agressão Externa";"Tombamento";"Sem Vítimas";"Pleno dia";"Decrescente";"Céu Claro";"Simples";"Reta";"Não";1;0;0;0;1;0;0;1;-25,890056;-50,837638;"SPRF-PR";"DEL02-PR";"UOP03-DEL02-PR"
118505;2018-03-15;"quinta-feira";"20:30:00";"MG";365;621;"UBERLANDIA";"Falta de Atenção à Condução";"Colisão com objeto estático";"Com Vítimas Feridas";"Plena Noite";"Decrescente";"Céu Claro";"Dupla";"Reta";"Sim";3;0;0;1;1;2;1;4;-18,889108;-48,269288;"SPRF-MG";"DEL15-MG";"UOP01-DEL15-MG"
118506;2018-03-15;"quinta-feira";"17:30:00";"MT";364;460;"VARZEA GRANDE";"Não guardar distância de segurança";"Colisão traseira";"Sem Vítimas";"Anoitecer";"Decrescente";"Nublado";"Simples";"Curva";"Não";3;0;0;0;2;3;0;5;-15,527167;-56,274605;"SPRF-MT";"DEL01-MT";"DEL2/4-UOP02/MT"
118510;2018-03-15;"quinta-feira";"20:00:00";"SC";101;1,3;"GARUVA";"Defeito Mecânico no Veículo";"Colisão traseira";"Com Vítimas Feridas";"Plena Noite";"Crescente";"Céu Claro";"Múltipla";"Reta";"Não";3;0;1;0;2;0;1;3;-25,9929743;-48,8817187;"SPRF-SC";"DEL03-SC";"UOP01-DEL03-SC"
118513;2018-03-15;"quinta-feira";"22:00:00";"PR";376;676;"GUARATUBA";"Falta de Atenção à Condução";"Colisão com objeto estático";"Sem Vítimas";"Plena Noite";"Crescente";"Céu Claro";"Múltipla";"Curva";"Não";2;0;0;0;1;1;0;2;-25,932;-48,91185;"SPRF-PR";"DEL01-PR";"DEL7/1-UOP08/PR"
118514;2018-03-15;"quinta-feira";"22:00:00";"RS";392;101;"MORRO REDONDO";"Falta de Atenção à Condução";"Colisão frontal";"Com Vítimas Feridas";"Plena Noite";"Crescente";"Céu Claro";"Simples";"Curva";"Não";4;0;0;2;1;2;2;4;-31,530113;-52,584564;"SPRF-RS";"DEL07-RS";"UOP01-DEL07-RS"
118517;2018-03-15;"quinta-feira";"21:55:00";"RS";101;51,9;"TERRA DE AREIA";"Falta de Atenção à Condução";"Colisão traseira";"Com Vítimas Feridas";"Plena Noite";"Crescente";"Nublado";"Dupla";"Reta";"Não";3;0;0;1;1;1;1;3;-29,62417297;-50,09854046;"SPRF-RS";"DEL03-RS";"DEL9/3-UOP03/RS"
118518;2018-03-15;"quinta-feira";"20:00:00";"MT";364;350;"SANTO ANTONIO DO LEVERGER";"Velocidade Incompatível";"Saída de leito carroçável";"Com Vítimas Feridas";"Plena Noite";"Crescente";"Céu Claro";"Dupla";"Curva";"Não";1;0;1;0;0;0;1;1;-15,805171;-55,556934;"SPRF-MT";"DEL02-MT";"UOP02-DEL01-MT"
118520;2018-03-15;"quinta-feira";"21:00:00";"SC";470;158,8;"TROMBUDO CENTRAL";"Falta de Atenção à Condução";"Colisão lateral";"Com Vítimas Feridas";"Plena Noite";"Crescente";"Céu Claro";"Simples";"Reta";"Não";4;0;1;0;2;1;1;3;-27,28670985;-49,77939606;"SPRF-SC";"DEL04-SC";"UOP02-DEL04-SC"
118524;2018-03-15;"quinta-feira";"18:10:00";"PR";376;157,8;"MANDAGUACU";"Desobediência às normas de trânsito pelo condutor";"Colisão transversal";"Com Vítimas Fatais";"Anoitecer";"Decrescente";"Nublado";"Dupla";"Em Obras";"Não";2;1;0;0;1;0;0;2;-23,35107;-52,09123;"SPRF-PR";"DEL07-PR";"UOP01-DEL09-PR"
118525;2018-03-15;"quinta-feira";"18:50:00";"PR";158;522,2;"PATO BRANCO";"Desobediência às normas de trânsito pelo condutor";"Colisão traseira";"Com Vítimas Feridas";"Anoitecer";"Decrescente";"Garoa/Chuvisco";"Simples";"Curva;Declive";"Sim";7;0;4;0;3;0;4;3;-26,20228;-52,678215;"SPRF-PR";"DEL02-PR";"UOP01-DEL02-PR"
118528;2018-03-15;"quinta-feira";"17:20:00";"SC";282;584,6;"PINHALZINHO";"Carga excessiva e/ou mal acondicionada";"Tombamento";"Com Vítimas Feridas";"Pleno dia";"Crescente";"Nublado";"Simples";"Declive;Curva";"Não";2;0;1;0;0;1;1;2;-26,831865;-53,016579;"SPRF-SC";"DEL07-SC";"UOP02-DEL07-SC"
118530;2018-03-15;"quinta-feira";"20:30:00";"RS";293;166,5;"HULHA NEGRA";"Defeito Mecânico no Veículo";"Tombamento";"Sem Vítimas";"Plena Noite";"Decrescente";"Céu Claro";"Simples";"Reta";"Não";1;0;0;0;1;0;0;1;-31,3254067;-53,9855184;"SPRF-RS";"DEL11-RS";"UOP03-DEL11-RS"
118539;2018-03-15;"quinta-feira";"23:15:00";"MG";116;702,1;"MURIAE";"Falta de Atenção à Condução";"Colisão frontal";"Sem Vítimas";"Plena Noite";"Crescente";"Nublado";"Simples";"Curva";"Sim";4;0;0;0;4;0;0;2;-21,1049481;-42,379401;"SPRF-MG";"DEL07-MG";"UOP02-DEL07-MG"
118541;2018-03-15;"quinta-feira";"19:00:00";"RS";392;3;"RIO GRANDE";"Animais na Pista";"Danos eventuais";"Com Vítimas Feridas";"Anoitecer";"Decrescente";"Céu Claro";"Simples";"Reta";"Sim";6;0;1;0;4;1;1;4;-32,062267;-52,089527;"SPRF-RS";"DEL07-RS";"UOP02-DEL07-RS"
118542;2018-03-16;"sexta-feira";"01:00:00";"MG";40;198,5;"JOAO PINHEIRO";"Condutor Dormindo";"Colisão com objeto estático";"Sem Vítimas";"Plena Noite";"Decrescente";"Céu Claro";"Simples";"Reta";"Não";2;0;0;0;1;1;0;2;-18,00556;-45,829597;"SPRF-MG";"DEL14-MG";"UOP02-DEL14-MG"
118544;2018-03-16;"sexta-feira";"02:00:00";"BA";101;912;"NOVA VICOSA";"Condutor Dormindo";"Colisão com objeto estático";"Com Vítimas Feridas";"Plena Noite";"Decrescente";"Nublado";"Simples";"Curva";"Não";1;0;0;1;0;0;1;1;-17,8147;-39,7887;"SPRF-BA";"DEL09-BA";"UOP02-DEL09-BA"
118545;2018-03-16;"sexta-feira";"01:40:00";"MG";40;592,9;"OURO PRETO";"Falta de Atenção à Condução";"Tombamento";"Com Vítimas Feridas";"Plena Noite";"Decrescente";"Céu Claro";"Simples";"Reta";"Não";2;0;1;0;0;1;1;2;-20,40191553;-43,89812708;"SPRF-MG";"DEL05-MG";"UOP02-DEL05-MG"
118547;2018-03-15;"quinta-feira";"03:20:00";"RS";386;414;"TRIUNFO";"Velocidade Incompatível";"Tombamento";"Com Vítimas Feridas";"Plena Noite";"Decrescente";"Chuva";"Simples";"Curva;Declive";"Não";1;0;1;0;0;0;1;1;-29,82373921;-51,56748961;"SPRF-RS";"DEL04-RS";"UOP02-DEL04-RS"
118549;2018-03-16;"sexta-feira";"04:20:00";"SE";101;102;"SAO CRISTOVAO";"Condutor Dormindo";"Saída de leito carroçável";"Com Vítimas Feridas";"Plena Noite";"Decrescente";"Céu Claro";"Dupla";"Reta";"Não";3;0;2;0;0;1;2;2;-10,947036;-37,207318;"SPRF-SE";"DEL02-SE";"UOP01-DEL02-SE"
118555;2018-03-16;"sexta-feira";"04:30:00";"SC";470;104,9;"APIUNA";"Mal Súbito";"Colisão frontal";"Sem Vítimas";"Plena Noite";"Crescente";"Céu Claro";"Simples";"Reta";"Sim";3;0;0;0;3;0;0;3;-27,06321501;-49,40785646;"SPRF-SC";"DEL04-SC";"UOP02-DEL04-SC"
118556;2018-03-16;"sexta-feira";"04:00:00";"PR";153;365,7;"RIO AZUL";"Falta de Atenção à Condução";"Tombamento";"Com Vítimas Feridas";"Plena Noite";"Crescente";"Céu Claro";"Simples";"Reta";"Não";1;0;1;0;0;0;1;1;-25,708061;-50,783958;"SPRF-PR";"DEL03-PR";"UOP02-DEL08-PR"
118557;2018-03-16;"sexta-feira";"05:10:00";"GO";153;159;"CAMPINORTE";"Defeito Mecânico no Veículo";"Incêndio";"Sem Vítimas";"Amanhecer";"Crescente";"Céu Claro";"Simples";"Curva";"Sim";3;0;0;0;2;1;0;2;-14,159916;-49,122505;"SPRF-GO";"DEL07-GO";"UOP02-DEL07-GO"
118560;2018-03-16;"sexta-feira";"04:15:00";"RO";364;296,2;"PRESIDENTE MEDICI";"Defeito na Via";"Colisão traseira";"Com Vítimas Feridas";"Amanhecer";"Decrescente";"Garoa/Chuvisco";"Simples";"Reta";"Não";3;0;0;1;1;4;1;6;-11,279629;-61,901979;"SPRF-RO";"DEL02-RO";"UOP01-DEL02-RO"
118565;2018-03-16;"sexta-feira";"06:00:00";"RS";116;258;"ESTEIO";"Desobediência às normas de trânsito pelo condutor";"Colisão transversal";"Com Vítimas Feridas";"Amanhecer";"Decrescente";"Nublado";"Múltipla";"Túnel";"Sim";2;0;1;0;1;0;1;2;-29,86158;-51,180912;"SPRF-RS";"DEL01-RS";"UOP02-DEL01-RS"
118567;2018-03-16;"sexta-feira";"06:15:00";"SC";101;215,5;"PALHOCA";"Ingestão de Álcool";"Colisão lateral";"Sem Vítimas";"Pleno dia";"Crescente";"Céu Claro";"Dupla";"Curva";"Sim";3;0;0;0;3;0;0;3;-27,6601;-48,6774;"SPRF-SC";"DEL01-SC";"UOP02-DEL01-SC"
118570;2018-03-16;"sexta-feira";"07:20:00";"SC";470;54,2;"BLUMENAU";"Velocidade Incompatível";"Engavetamento";"Com Vítimas Feridas";"Pleno dia";"Crescente";"Sol";"Simples";"Reta";"Sim";5;0;1;0;4;0;1;5;-26,86321841;-49,09725398;"SPRF-SC";"DEL04-SC";"UOP01-DEL04-SC"
118575;2018-03-16;"sexta-feira";"07:20:00";"ES";101;293;"CARIACICA";"Falta de Atenção à Condução";"Colisão traseira";"Com Vítimas Feridas";"Pleno dia";"Decrescente";"Céu Claro";"Múltipla";"Reta";"Sim";2;0;0;1;1;0;1;2;-20,31531062;-40,39558053;"SPRF-ES";"DEL01-ES";"UOP01-DEL01-ES"
118583;2018-03-16;"sexta-feira";"08:00:00";"MG";381;366,6;"SAO GONCALO DO RIO ABAIXO";"Velocidade Incompatível";"Tombamento";"Com Vítimas Feridas";"Pleno dia";"Crescente";"Nublado";"Simples";"Curva";"Não";2;0;1;0;0;2;1;3;-19,83389278;-43,37127686;"SPRF-MG";"DEL03-MG";"UOP01-DEL03-MG"
118585;2018-03-16;"sexta-feira";"06:15:00";"AL";101;221,4;"PORTO REAL DO COLEGIO";"Falta de Atenção à Condução";"Colisão traseira";"Sem Vítimas";"Pleno dia";"Crescente";"Céu Claro";"Dupla";"Reta";"Não";2;0;0;0;2;0;0;2;-10,04999391;-36,67785645;"SPRF-AL";"DEL02-AL";"UOP02-DEL02-AL"
118588;2018-03-16;"sexta-feira";"06:20:00";"SP";116;174,2;"JACAREI";"Velocidade Incompatível";"Colisão traseira";"Sem Vítimas";"Pleno dia";"Decrescente";"Céu Claro";"Dupla";"Aclive;Reta";"Não";2;0;0;0;2;0;0;2;-23,32061695;-46,09070865;"SPRF-SP";"DEL02-SP";"UOP01-DEL02-SP"
118594;2018-03-16;"sexta-feira";"08:00:00";"PR";277;3;"PARANAGUA";"Desobediência às normas de trânsito pelo condutor";"Colisão traseira";"Sem Vítimas";"Pleno dia";"Decrescente";"Céu Claro";"Simples";"Reta";"Sim";3;0;0;0;2;2;0;4;-25,52261465;-48,52661133;"SPRF-PR";"DEL01-PR";"UOP05-DEL01-PR"
118596;2018-03-16;"sexta-feira";"08:25:00";"BA";415;20,6;"ILHEUS";"Falta de Atenção à Condução";"Colisão traseira";"Com Vítimas Feridas";"Pleno dia";"Decrescente";"Chuva";"Simples";"Curva";"Não";6;0;2;0;4;0;2;2;-14,801059;-39,149618;"SPRF-BA";"DEL05-BA";"UOP01-DEL05-BA"
118598;2018-03-16;"sexta-feira";"09:15:00";"SC";280;59;"GUARAMIRIM";"Desobediência às normas de trânsito pelo condutor";"Colisão transversal";"Com Vítimas Feridas";"Pleno dia";"Crescente";"Céu Claro";"Simples";"Curva";"Sim";4;0;1;0;2;1;1;4;-26,4754998;-49,03126627;"SPRF-SC";"DEL03-SC";"UOP03-DEL03-SC"
118599;2018-03-16;"sexta-feira";"09:25:00";"SP";116;16,3;"LAVRINHAS";"Defeito Mecânico no Veículo";"Colisão com objeto estático";"Sem Vítimas";"Pleno dia";"Crescente";"Céu Claro";"Dupla";"Curva";"Não";2;0;0;0;1;1;0;2;-22,55918327;-44,84213899;"SPRF-SP";"DEL08-SP";"UOP02-DEL08-SP"
118601;2018-03-15;"quinta-feira";"04:00:00";"MT";163;526,8;"DIAMANTINO";"Falta de Atenção à Condução";"Saída de leito carroçável";"Sem Vítimas";"Plena Noite";"Crescente";"Nublado";"Simples";"Curva";"Não";2;0;0;0;1;1;0;2;-14,43734008;-56,11816406;"SPRF-MT";"DEL01-MT";"UOP01-DEL01-MT"
118605;2018-03-16;"sexta-feira";"08:57:00";"MT";163;854;"SINOP";"Desobediência às normas de trânsito pelo condutor";"Colisão lateral";"Com Vítimas Fatais";"Pleno dia";"Crescente";"Céu Claro";"Simples";"Interseção de Vias";"Sim";5;1;0;1;1;3;1;5;-11,693128;-55,451511;"SPRF-MT";"DEL06-MT";"UOP02-DEL06-MT"
118606;2018-03-16;"sexta-feira";"09:50:00";"MG";381;692,3;"LAVRAS";"Avarias e/ou desgaste excessivo no pneu";"Colisão lateral";"Com Vítimas Feridas";"Pleno dia";"Decrescente";"Céu Claro";"Dupla";"Curva";"Não";5;0;1;0;3;1;1;3;-21,2265;-45,1307;"SPRF-MG";"DEL04-MG";"UOP02-DEL04-MG"
118611;2018-03-16;"sexta-feira";"09:40:00";"PR";116;107;"SAO JOSE DOS PINHAIS";"Velocidade Incompatível";"Saída de leito carroçável";"Sem Vítimas";"Pleno dia";"Crescente";"Céu Claro";"Dupla";"Reta";"Não";2;0;0;0;1;1;0;2;-25,569897;-49,187782;"SPRF-PR";"DEL01-PR";"UOP07-DEL01-PR"
118613;2018-03-16;"sexta-feira";"10:00:00";"RN";406;22;"MACAU";"Desobediência às normas de trânsito pelo condutor";"Colisão transversal";"Com Vítimas Fatais";"Pleno dia";"Decrescente";"Céu Claro";"Simples";"Interseção de Vias";"Não";6;2;1;1;0;2;2;4;-5,21211673;-36,45833105;"SPRF-RN";"DEL02-RN";"UOP01-DEL02-RN"
118619;2018-03-16;"sexta-feira";"05:30:00";"BA";116;913,9;"ENCRUZILHADA";"Falta de Atenção à Condução";"Colisão traseira";"Com Vítimas Fatais";"Amanhecer";"Decrescente";"Nevoeiro/Neblina";"Simples";"Declive";"Não";3;1;0;0;1;1;0;3;-15,54631437;-41,25366211;"SPRF-BA";"DEL08-BA";"UOP03-DEL08-BA"
118623;2018-03-16;"sexta-feira";"10:50:00";"PE";424;89,2;"GARANHUNS";"Sinalização da via insuficiente ou inadequada";"Tombamento";"Sem Vítimas";"Pleno dia";"Crescente";"Céu Claro";"Simples";"Curva";"Sim";2;0;0;0;1;2;0;3;-8,89185566;-36,50402516;"SPRF-PE";"DEL03-PE";"UOP01-DEL03-PE"
118624;2018-03-15;"quinta-feira";"21:45:00";"TO";226;45;"DARCINOPOLIS";"Fenômenos da Natureza";"Saída de leito carroçável";"Sem Vítimas";"Plena Noite";"Decrescente";"Ignorado";"Simples";"Declive";"Não";2;0;0;0;1;1;0;2;-6,750274;-47,783001;"SPRF-TO";"DEL02-TO";"UOP03-DEL02-TO"
118627;2018-03-16;"sexta-feira";"08:40:00";"AC";364;123;"RIO BRANCO";"Falta de Atenção à Condução";"Colisão transversal";"Com Vítimas Feridas";"Pleno dia";"Crescente";"Céu Claro";"Dupla";"Reta";"Não";2;0;1;0;1;0;1;2;-10,011705;-67,782433;"SPRF-AC";"DEL01-AC";"UOP01-DEL01-AC"
118631;2018-03-16;"sexta-feira";"06:30:00";"RJ";354;15;"RESENDE";"Falta de Atenção à Condução";"Saída de leito carroçável";"Com Vítimas Feridas";"Pleno dia";"Crescente";"Céu Claro";"Simples";"Curva;Declive;Ponte";"Não";2;0;1;0;0;1;1;2;-22,445492;-44,728962;"SPRF-RJ";"DEL07-RJ";"DEL5/7-UOP03/RJ"
118632;2018-03-16;"sexta-feira";"11:05:00";"PR";277;70;"SAO JOSE DOS PINHAIS";"Desobediência às normas de trânsito pelo condutor";"Tombamento";"Com Vítimas Feridas";"Pleno dia";"Crescente";"Sol";"Simples";"Curva";"Não";2;0;1;0;0;2;1;3;-25,51393938;-49,13085938;"SPRF-PR";"DEL01-PR";"UOP07-DEL01-PR"