"id";"data_inversa";"dia_semana";"horario";"uf";"br";"km";"municipio";"causa_acidente";"tipo_acidente";"classificacao_acidente";"fase_dia";"sentido_via";"condicao_metereologica";"tipo_pista";"tracado_via";"uso_solo";"pessoas";"mortos";"feridos_leves";"feridos_graves";"ilesos";"ignorados";"feridos";"veiculos";"latitude";"longitude";"regional";"delegacia";"uop"
118932;2018-03-17;"sábado";"10:15:00";"BA";116;633;"JAGUAQUARA";"Falta de Atenção à Condução";"Colisão transversal";"Sem Vítimas";"Pleno dia";"Crescente";"Céu Claro";"Múltipla";"Reta";"Sim";3;0;0;0;2;2;0;4;-13,51976171;-40,06228928;"SPRF-BA";"DEL03-BA";"UOP01-DEL03-BA"
118939;2018-03-17;"sábado";"12:45:00";"RS";386;258,8;"FONTOURA XAVIER";"Falta de Atenção à Condução";"Colisão frontal";"Com Vítimas Fatais";"Pleno dia";"Crescente";"Sol";"Simples";"Reta";"Não";3;1;0;0;1;1;0;3;-28,9120147;-52,3979187;"SPRF-RS";"DEL04-RS";"NPF/DEL04-RS"
118950;2018-03-17;"sábado";"12:10:00";"RJ";393;165,8;"RIO DE JANEIRO";"Falta de Atenção à Condução";"Colisão transversal";"Com Vítimas Feridas";"Pleno dia";"Decrescente";"Céu Claro";"Simples";"Interseção de Vias";"Sim";4;0;1;0;2;2;1;4;-22,815594;-43,287968;"SPRF-RJ";"DEL06-RJ";"UOP01-DEL05-RJ"
118952;2018-03-17;"sábado";"13:15:00";"GO";153;600;"MORRINHOS";"Falta de Atenção à Condução";"Saída de leito carroçável";"Com Vítimas Feridas";"Pleno dia";"Crescente";"Céu Claro";"Dupla";"Reta";"Não";3;0;0;1;1;1;1;3;-17,552;-49,2059;"SPRF-GO";"DEL03-GO";"UOP01-DEL03-GO"
118955;2018-03-17;"sábado";"13:30:00";"SP";116;189;"SANTA ISABEL";"Ingestão de Álcool";"Colisão traseira";"Sem Vítimas";"Pleno dia";"Crescente";"Céu Claro";"Dupla";"Aclive;Reta";"Não";3;0;0;0;2;1;0;3;-23,36340906;-46,22337497;"SPRF-SP";"DEL02-SP";"UOP01-DEL02-SP"
118958;2018-03-17;"sábado";"14:50:00";"MG";40;279,8;"TRES MARIAS";"Desobediência às normas de trânsito pelo condutor";"Colisão traseira";"Com Vítimas Feridas";"Pleno dia";"Decrescente";"Céu Claro";"Simples";"Aclive";"Não";6;0;1;0;4;1;1;4;-18,2487723;-45,1705699;"SPRF-MG";"DEL14-MG";"UOP02-DEL14-MG"
118961;2018-03-17;"sábado";"14:40:00";"PR";376;323;"ORTIGUEIRA";"Velocidade Incompatível";"Saída de leito carroçável";"Com Vítimas Feridas";"Pleno dia";"Crescente";"Chuva";"Simples";"Curva;Declive";"Não";2;0;1;0;0;1;1;2;-24,04270161;-51,07681274;"SPRF-PR";"DEL07-PR";"UOP02-DEL07-PR"
118965;2018-03-17;"sábado";"14:20:00";"TO";153;413,2;"MIRANORTE";"Ingestão de álcool e/ou substâncias psicoativas pelo pedestre";"Colisão lateral";"Sem Vítimas";"Pleno dia";"Decrescente";"Nublado";"Dupla";"Curva";"Sim";4;0;0;0;4;0;0;2;-9,523778;-48,592304;"SPRF-TO";"DEL02-TO";"UOP01-DEL01-TO"
118967;2018-03-17;"sábado";"13:45:00";"RO";364;376;"OURO PRETO DO OESTE";"Ultrapassagem Indevida";"Colisão transversal";"Sem Vítimas";"Pleno dia";"Crescente";"Céu Claro";"Dupla";"Declive";"Não";3;0;0;0;2;1;0;3;-10,74058688;-62,20302075;"SPRF-RO";"DEL02-RO";"UOP01-DEL02-RO"
118969;2018-03-17;"sábado";"13:30:00";"MG";381;341;"BELA VISTA DE MINAS";"Velocidade Incompatível";"Derramamento de carga";"Sem Vítimas";"Pleno dia";"Crescente";"Céu Claro";"Simples";"Reta;Aclive";"Não";2;0;0;0;1;1;0;2;-19,79261172;-43,0512143;"SPRF-MG";"DEL03-MG";"UOP01-DEL03-MG"
118972;2018-03-17;"sábado";"14:45:00";"PR";376;438,8;"TIBAGI";"Velocidade Incompatível";"Saída de leito carroçável";"Sem Vítimas";"Pleno dia";"Decrescente";"Céu Claro";"Simples";"Curva";"Não";2;0;0;0;1;2;0;3;-24,79957664;-50,49506843;"SPRF-PR";"DEL03-PR";"UOP02-DEL03-PR"
118976;2018-03-17;"sábado";"11:10:00";"MG";116;409,8;"GOVERNADOR VALADARES";"Não guardar distância de segurança";"Colisão lateral";"Com Vítimas Feridas";"Pleno dia";"Decrescente";"Sol";"Dupla";"Reta";"Sim";3;0;1;0;2;0;1;3;-18,84751268;-41,97988537;"SPRF-MG";"DEL06-MG";"UOP01-DEL06-MG"
118982;2018-03-17;"sábado";"16:30:00";"PR";277;122;"BALSA NOVA";"Desobediência às normas de trânsito pelo condutor";"Colisão traseira";"Sem Vítimas";"Pleno dia";"Decrescente";"Céu Claro";"Dupla";"Reta";"Sim";4;0;0;0;3;2;0;5;-25,44699485;-49,56595659;"SPRF-PR";"DEL01-PR";"UOP06-DEL01-PR"
118983;2018-03-17;"sábado";"16:44:00";"RN";304;98,7;"ACU";"Não guardar distância de segurança";"Colisão traseira";"Com Vítimas Feridas";"Pleno dia";"Decrescente";"Sol";"Simples";"Reta";"Não";3;0;2;0;1;0;2;2;-5,57243776;-37,03494491;"SPRF-RN";"DEL04-RN";"UOP01-DEL04-RN"
118986;2018-03-17;"sábado";"13:15:00";"PR";376;172,8;"MARINGA";"Carga excessiva e/ou mal acondicionada";"Derramamento de carga";"Sem Vítimas";"Pleno dia";"Decrescente";"Sol";"Dupla";"Rotatória";"Sim";1;0;0;0;1;0;0;1;-23,41849628;-51,97181654;"SPRF-PR";"DEL07-PR";"UOP01-DEL09-PR"
118989;2018-03-17;"sábado";"16:30:00";"MG";365;49;"CLARO DOS POCOES";"Não guardar distância de segurança";"Tombamento";"Com Vítimas Feridas";"Pleno dia";"Crescente";"Chuva";"Simples";"Reta";"Não";2;0;1;0;0;1;1;2;-16,932888;-44,236683;"SPRF-MG";"DEL12-MG";"UOP01-DEL12-MG"
118991;2018-03-17;"sábado";"16:15:00";"GO";153;67;"PORANGATU";"Pista Escorregadia";"Tombamento";"Sem Vítimas";"Pleno dia";"Decrescente";"Chuva";"Simples";"Reta";"Não";1;0;0;0;1;0;0;1;-13,4063884;-49,1313439;"SPRF-GO";"DEL07-GO";"UOP01-DEL07-GO"
119006;2018-03-17;"sábado";"15:25:00";"MG";262;632,2;"IBIA";"Falta de Atenção à Condução";"Saída de leito carroçável";"Com Vítimas Feridas";"Pleno dia";"Crescente";"Céu Claro";"Múltipla";"Rotatória";"Não";2;0;1;0;0;1;1;2;-19,59084415;-46,4982605;"SPRF-MG";"DEL08-MG";"UOP01-DEL08-MG"
119018;2018-03-17;"sábado";"13:50:00";"RO";364;394,5;"OURO PRETO DO OESTE";"Ultrapassagem Indevida";"Saída de leito carroçável";"Sem Vítimas";"Pleno dia";"Crescente";"Céu Claro";"Simples";"Aclive";"Não";2;0;0;0;1;3;0;4;-10,641622;-62,311542;"SPRF-RO";"DEL03-RO";"UOP02-DEL03-RO"
119024;2018-03-17;"sábado";"19:20:00";"PE";232;411;"SERRA TALHADA";"Restrição de Visibilidade";"Atropelamento de Pedestre";"Com Vítimas Feridas";"Plena Noite";"Decrescente";"Nublado";"Simples";"Declive";"Sim";3;0;0;2;0;1;2;2;-7,9844377;-38,2674408;"SPRF-PE";"DEL04-PE";"UOP01-DEL04-PE"
119029;2018-03-17;"sábado";"15:45:00";"SC";280;106,3;"SAO BENTO DO SUL";"Velocidade Incompatível";"Tombamento";"Com Vítimas Fatais";"Pleno dia";"Decrescente";"Nevoeiro/Neblina";"Simples";"Aclive;Curva";"Não";3;1;0;1;1;0;1;3;-26,34860558;-49,36962438;"SPRF-SC";"DEL06-SC";"UOP03-DEL06-SC"
119031;2018-03-17;"sábado";"19:35:00";"RS";290;668,5;"URUGUAIANA";"Deficiência ou não Acionamento do Sistema de Iluminação/Sinalização do Veículo";"Colisão traseira";"Com Vítimas Feridas";"Plena Noite";"Decrescente";"Céu Claro";"Simples";"Reta";"Não";4;0;0;1;1;2;1;4;-29,967588;-56,565005;"SPRF-RS";"DEL13-RS";"UOP01-DEL13-RS"
119033;2018-03-17;"sábado";"20:15:00";"RN";304;108,1;"ACU";"Desobediência às normas de trânsito pelo condutor";"Colisão lateral";"Com Vítimas Feridas";"Plena Noite";"Decrescente";"Céu Claro";"Simples";"Curva";"Sim";3;0;1;0;1;1;1;3;-5,58638676;-36,95294502;"SPRF-RN";"DEL04-RN";"UOP01-DEL04-RN"
119059;2018-03-17;"sábado";"20:00:00";"AL";424;103,4;"MARECHAL DEODORO";"Velocidade Incompatível";"Tombamento";"Sem Vítimas";"Plena Noite";"Crescente";"Céu Claro";"Simples";"Rotatória";"Sim";2;0;0;0;1;1;0;2;-9,703379;-35,809669;"SPRF-AL";"DEL02-AL";"UOP01-DEL02-AL"
119063;2018-03-17;"sábado";"17:40:00";"MG";116;458,9;"ENGENHEIRO CALDAS";"Ingestão de Álcool";"Colisão frontal";"Com Vítimas Feridas";"Anoitecer";"Crescente";"Chuva";"Simples";"Curva";"Não";2;0;2;0;0;0;2;2;-19,25698214;-42,057724;"SPRF-MG";"DEL06-MG";"UOP02-DEL06-MG"
119064;2018-03-17;"sábado";"22:30:00";"ES";101;308,8;"VIANA";"Velocidade Incompatível";"Colisão frontal";"Com Vítimas Fatais";"Plena Noite";"Crescente";"Nublado";"Simples";"Curva";"Não";2;1;0;0;1;0;0;2;-20,48105459;-40,47225952;"SPRF-ES";"DEL03-ES";"UOP01-DEL03-ES"
119074;2018-03-17;"sábado";"23:15:00";"BA";242;393;"SEABRA";"Ingestão de Álcool";"Colisão frontal";"Sem Vítimas";"Plena Noite";"Crescente";"Céu Claro";"Simples";"Reta";"Sim";3;0;0;0;2;2;0;4;-12,42885125;-41,78125195;"SPRF-BA";"DEL10-BA";"UOP03-DEL06-BA"
119077;2018-03-18;"domingo";"00:20:00";"AL";101;58,9;"MESSIAS";"Falta de Atenção à Condução";"Capotamento";"Com Vítimas Feridas";"Plena Noite";"Crescente";"Céu Claro";"Dupla";"Reta";"Não";1;0;0;1;0;0;1;1;-9,279366;-35,798428;"SPRF-AL";"DEL01-AL";"UOP01-DEL01-AL"
119078;2018-03-17;"sábado";"23:50:00";"PR";376;108;"PARANAVAI";"Condutor Dormindo";"Colisão com objeto estático";"Com Vítimas Feridas";"Plena Noite";"Crescente";"Céu Claro";"Simples";"Rotatória";"Sim";2;0;1;0;0;2;1;3;-23,06817338;-52,42588878;"SPRF-PR";"DEL07-PR";"UOP02-DEL09-PR"
119079;2018-03-17;"sábado";"07:40:00";"MG";251;263;"SALINAS";"Falta de Atenção à Condução";"Saída de leito carroçável";"Sem Vítimas";"Pleno dia";"Decrescente";"Céu Claro";"Simples";"Reta";"Não";2;0;0;0;1;1;0;2;-15,9994;-41,9354;"SPRF-MG";"DEL11-MG";"UOP02-DEL11-MG"
119081;2018-03-17;"sábado";"10:10:00";"MG";262;62,8;"MATIPO";"Velocidade Incompatível";"Tombamento";"Com Vítimas Feridas";"Pleno dia";"Crescente";"Céu Claro";"Simples";"Curva";"Não";2;0;0;1;0;1;1;2;-20,292633;-42,226898;"SPRF-MG";"DEL06-MG";"UOP03-DEL06-MG"
119085;2018-03-17;"sábado";"18:45:00";"MG";116;25;"CACHOEIRA DE PAJEU";"Falta de Atenção à Condução";"Colisão lateral";"Com Vítimas Feridas";"Plena Noite";"Crescente";"Céu Claro";"Simples";"Interseção de Vias";"Sim";3;0;0;1;1;1;1;3;-15,87313527;-41,4309454;"SPRF-BA";"DEL08-BA";"UOP03-DEL08-BA"
119088;2018-03-17;"sábado";"23:10:00";"MT";70;532;"VARZEA GRANDE";"Defeito Mecânico no Veículo";"Incêndio";"Sem Vítimas";"Plena Noite";"Decrescente";"Céu Claro";"Simples";"Aclive";"Não";2;0;0;0;1;2;0;3;-15,6627096;-56,21704102;"SPRF-MT";"DEL01-MT";"DEL2/4-UOP02/MT"
119093;2018-03-18;"domingo";"02:20:00";"MG";50;118;"UBERABA";"Desobediência às normas de trânsito pelo condutor";"Colisão traseira";"Sem Vítimas";"Plena Noite";"Decrescente";"Céu Claro";"Dupla";"Reta";"Não";4;0;0;0;2;5;0;7;-19,2995;-48,1139;"SPRF-MG";"DEL13-MG";"UOP01-DEL13-MG"
119096;2018-03-18;"domingo";"02:05:00";"RS";101;37,8;"TRES FORQUILHAS";"Velocidade Incompatível";"Tombamento";"Com Vítimas Feridas";"Plena Noite";"Crescente";"Nublado";"Dupla";"Curva";"Não";2;0;1;1;0;0;2;1;-29,53603234;-50,00601053;"SPRF-RS";"DEL03-RS";"DEL9/3-UOP03/RS"
119102;2018-03-18;"domingo";"03:50:00";"SP";116;439;"CAJATI";"Defeito Mecânico no Veículo";"Incêndio";"Sem Vítimas";"Amanhecer";"Crescente";"Céu Claro";"Dupla";"Reta";"Não";2;0;0;0;1;1;0;2;-24,73061694;-48,10638428;"SPRF-SP";"DEL05-SP";"UOP01-DEL05-SP"
119103;2018-03-18;"domingo";"04:05:00";"MG";381;592,3;"CARMOPOLIS DE MINAS";"Velocidade Incompatível";"Colisão com objeto estático";"Com Vítimas Fatais";"Plena Noite";"Decrescente";"Nublado";"Dupla";"Reta";"Não";2;1;0;0;0;1;0;2;-20,5635;-44,6683;"SPRF-MG";"DEL04-MG";"UOP01-DEL04-MG"
119112;2018-03-18;"domingo";"04:50:00";"BA";116;750,2;"POCOES";"Falta de Atenção à Condução";"Colisão traseira";"Sem Vítimas";"Plena Noite";"Decrescente";"Nublado";"Simples";"Reta";"Não";3;0;0;0;2;2;0;4;-14,476983;-40,335187;"SPRF-BA";"DEL08-BA";"UOP02-DEL08-BA"
119146;2018-03-18;"domingo";"07:00:00";"MG";251;474;"FRANCISCO SA";"Defeito Mecânico no Veículo";"Saída de leito carroçável";"Com Vítimas Feridas";"Pleno dia";"Crescente";"Céu Claro";"Simples";"Curva;Declive";"Não";1;0;1;0;0;0;1;1;-16,4663;-43,4385;"SPRF-MG";"DEL12-MG";"UOP01-DEL12-MG"
119148;2018-03-18;"domingo";"08:00:00";"RJ";393;160;"TRES RIOS";"Velocidade Incompatível";"Tombamento";"Com Vítimas Feridas";"Pleno dia";"Crescente";"Céu Claro";"Simples";"Curva";"Não";2;0;1;0;0;1;1;2;-22,11999384;-43,1124115;"SPRF-RJ";"DEL06-RJ";"UOP01-DEL05-RJ"
119154;2018-03-14;"quarta-feira";"00:38:00";"ES";101;147,9;"LINHARES";"Desobediência às normas de trânsito pelo condutor";"Colisão com objeto estático";"Sem Vítimas";"Plena Noite";"Decrescente";"Céu Claro";"Múltipla";"Interseção de Vias";"Sim";1;0;0;0;1;0;0;1;-19,38804635;-40,06732911;"SPRF-ES";"DEL04-ES";"UOP01-DEL04-ES"
119157;2018-03-17;"sábado";"16:30:00";"SC";116;133,5;"SANTA CECILIA";"Falta de Atenção à Condução";"Colisão lateral";"Com Vítimas Feridas";"Pleno dia";"Decrescente";"Sol";"Simples";"Curva";"Não";3;0;1;0;1;1;1;3;-26,91588;-50,445751;"SPRF-SC";"DEL06-SC";"UOP02-DEL06-SC"
119162;2018-03-18;"domingo";"07:25:00";"SP";381;57,3;"MAIRIPORA";"Não guardar distância de segurança";"Colisão traseira";"Sem Vítimas";"Pleno dia";"Decrescente";"Céu Claro";"Dupla";"Reta";"Não";6;0;0;0;5;1;0;6;-23,1907664;-46,5846632;"SPRF-SP";"DEL03-SP";"UOP01-DEL03-SP"
119170;2018-03-18;"domingo";"10:15:00";"MG";116;653;"FERVEDOURO";"Condutor Dormindo";"Colisão traseira";"Com Vítimas Feridas";"Pleno dia";"Crescente";"Sol";"Simples";"Reta";"Sim";3;0;1;0;1;1;1;3;-20,72715002;-42,28089882;"SPRF-MG";"DEL07-MG";"UOP03-DEL07-MG"
119172;2018-03-18;"domingo";"09:55:00";"PB";101;96,1;"CONDE";"Desobediência às normas de trânsito pelo condutor";"Colisão lateral";"Com Vítimas Feridas";"Pleno dia";"Decrescente";"Céu Claro";"Dupla";"Reta";"Não";3;0;2;0;0;1;2;3;-7,2384;-34,9267;"SPRF-PB";"DEL01-PB";"UOP01-DEL01-PB"
119173;2018-03-18;"domingo";"11:10:00";"BA";116;550;"MILAGRES";"Não guardar distância de segurança";"Colisão frontal";"Sem Vítimas";"Pleno dia";"Decrescente";"Nublado";"Simples";"Declive";"Não";3;0;0;0;2;2;0;4;-12,90294828;-39,86099213;"SPRF-BA";"DEL03-BA";"UOP02-DEL03-BA"
119180;2018-03-18;"domingo";"11:57:00";"TO";153;482,7;"PARAISO DO TOCANTINS";"Condutor Dormindo";"Tombamento";"Com Vítimas Feridas";"Pleno dia";"Decrescente";"Nublado";"Simples";"Reta";"Não";3;0;1;0;0;2;1;3;-10,07027655;-48,84933472;"SPRF-TO";"DEL02-TO";"UOP01-DEL01-TO"
119184;2018-03-18;"domingo";"12:00:00";"RS";386;305,9;"POUSO NOVO";"Defeito Mecânico no Veículo";"Colisão frontal";"Com Vítimas Feridas";"Pleno dia";"Decrescente";"Céu Claro";"Simples";"Curva";"Não";5;0;1;1;2;2;2;6;-29,186541;-52,18951;"SPRF-RS";"DEL04-RS";"UOP01-DEL04-RS"
119221;2018-03-18;"domingo";"16:20:00";"PR";153;82;"CONSELHEIRO MAIRINCK";"Falta de Atenção à Condução";"Colisão transversal";"Sem Vítimas";"Pleno dia";"Decrescente";"Céu Claro";"Simples";"Reta";"Não";2;0;0;0;1;1;0;2;-23,6213;-50,147507;"SPRF-PR";"DEL07-PR";"DEL7/7-UOP08/PR"
119245;2018-03-18;"domingo";"17:10:00";"MS";267;125;"NOVA ANDRADINA";"Velocidade Incompatível";"Tombamento";"Com Vítimas Feridas";"Pleno dia";"Crescente";"Céu Claro";"Simples";"Rotatória";"Sim";3;0;1;0;1;1;1;2;-21,75585;-53,261928;"SPRF-MS";"DEL02-MS";"DEL3/7-UOP02/MS"
119246;2018-03-18;"domingo";"17:30:00";"RS";101;50,8;"TERRA DE AREIA";"Defeito Mecânico no Veículo";"Colisão lateral";"Com Vítimas Fatais";"Pleno dia";"Crescente";"Chuva";"Dupla";"Reta";"Não";4;1;0;1;2;0;1;2;-29,615007;-50,091541;"SPRF-RS";"DEL03-RS";"DEL9/3-UOP03/RS"
119248;2018-03-18;"domingo";"16:50:00";"MT";364;276,9;"JACIARA";"Não guardar distância de segurança";"Colisão traseira";"Com Vítimas Feridas";"Anoitecer";"Decrescente";"Céu Claro";"Simples";"Declive";"Não";4;0;2;0;1;3;2;5;-15,953446;-54,99099;"SPRF-MT";"DEL02-MT";"UOP02-DEL05-MT"
119251;2018-03-18;"domingo";"16:07:00";"SC";153;7,6;"AGUA DOCE";"Pista Escorregadia";"Colisão frontal";"Sem Vítimas";"Pleno dia";"Crescente";"Chuva";"Simples";"Reta";"Não";2;0;0;0;2;0;0;2;-26,652559;-51,528454;"SPRF-SC";"DEL07-SC";"UOP07-DEL07-SC"
119255;2018-03-18;"domingo";"18:45:00";"SP";153;72,8;"SAO JOSE DO RIO PRETO";"Falta de Atenção à Condução";"Colisão transversal";"Com Vítimas Feridas";"Plena Noite";"Crescente";"Céu Claro";"Simples";"Rotatória;Reta;Retorno Regulamentado";"Não";3;0;2;0;1;0;2;2;-20,87607501;-49,41998541;"SPRF-SP";"DEL09-SP";"UOP01-DEL09-SP"
119259;2018-03-18;"domingo";"18:00:00";"MT";163;903;"CLAUDIA";"Desobediência às normas de trânsito pelo condutor";"Colisão traseira";"Com Vítimas Feridas";"Anoitecer";"Decrescente";"Ignorado";"Simples";"Declive";"Não";6;0;2;0;3;1;2;2;-11,34541095;-55,33126831;"SPRF-MT";"DEL06-MT";"UOP02-DEL06-MT"
119276;2018-03-18;"domingo";"19:50:00";"MG";116;659;"SAO FRANCISCO DO GLORIA";"Velocidade Incompatível";"Tombamento";"Com Vítimas Feridas";"Plena Noite";"Crescente";"Céu Claro";"Simples";"Curva";"Não";2;0;0;1;0;1;1;2;-20,77158173;-42,29960455;"SPRF-MG";"DEL07-MG";"UOP03-DEL07-MG"
119280;2018-03-18;"domingo";"18:50:00";"MG";381;488,7;"BETIM";"Falta de Atenção à Condução";"Colisão traseira";"Sem Vítimas";"Plena Noite";"Crescente";"Nublado";"Dupla";"Curva";"Sim";3;0;0;0;2;1;0;3;-19,95576216;-44,13122177;"SPRF-MG";"DEL01-MG";"UOP03-DEL01-MG"
119282;2018-03-18;"domingo";"15:00:00";"PR";476;233;"LAPA";"Velocidade Incompatível";"Tombamento";"Com Vítimas Feridas";"Pleno dia";"Crescente";"Sol";"Dupla";"Curva";"Não";3;0;2;0;0;2;2;3;-25,81163641;-49,90938663;"SPRF-PR";"DEL02-PR";"UOP04-DEL02-PR"
119286;2018-03-18;"domingo";"17:00:00";"PR";376;644;"TIJUCAS DO SUL";"Carga excessiva e/ou mal acondicionada";"Derramamento de carga";"Sem Vítimas";"Pleno dia";"Decrescente";"Céu Claro";"Simples";"Viaduto";"Não";2;0;0;0;1;1;0;2;-25,81719953;-49,13085938;"SPRF-PR";"DEL01-PR";"DEL7/1-UOP08/PR"
119317;2018-03-18;"domingo";"18:40:00";"BA";110;233;"OLINDINA";"Restrição de Visibilidade";"Colisão traseira";"Com Vítimas Feridas";"Plena Noite";"Crescente";"Céu Claro";"Simples";"Reta";"Não";3;0;2;0;1;0;2;2;-11,3138;-38,3857;"SPRF-BA";"DEL07-BA";"UOP02-DEL07-BA"
119324;2018-03-18;"domingo";"20:00:00";"MT";163;29,7;"ITIQUIRA";"Avarias e/ou desgaste excessivo no pneu";"Saída de leito carroçável";"Com Vítimas Feridas";"Plena Noite";"Decrescente";"Céu Claro";"Dupla";"Reta";"Não";2;0;1;0;0;2;1;3;-17,262486;-54,763142;"SPRF-MT";"DEL02-MT";"DEL2/2-UOP02/MT"
119325;2018-03-18;"domingo";"19:00:00";"RS";285;623,7;"SANTO ANTONIO DAS MISSOES";"Avarias e/ou desgaste excessivo no pneu";"Colisão lateral";"Com Vítimas Feridas";"Plena Noite";"Crescente";"Céu Claro";"Simples";"Reta";"Não";4;0;1;0;2;1;1;3;-28,52315348;-55,51567554;"SPRF-RS";"DEL12-RS";"UOP01-DEL12-RS"
119328;2018-03-18;"domingo";"20:30:00";"RJ";465;18;"NOVA IGUACU";"Ingestão de Álcool";"Colisão traseira";"Com Vítimas Feridas";"Plena Noite";"Decrescente";"Céu Claro";"Simples";"Reta";"Sim";6;0;1;0;4;1;1;4;-22,77238283;-43,43582153;"SPRF-RJ";"DEL01-RJ";"UOP03-DEL01-RJ"
119330;2018-03-18;"domingo";"23:30:00";"PR";376;102,2;"PARANAVAI";"Falta de Atenção à Condução";"Colisão transversal";"Com Vítimas Feridas";"Plena Noite";"Crescente";"Nublado";"Dupla";"Em Obras";"Não";2;0;1;0;1;0;1;2;-23,04435266;-52,46658325;"SPRF-PR";"DEL07-PR";"UOP02-DEL09-PR"
119333;2018-03-18;"domingo";"23:20:00";"RJ";116;70;"TERESOPOLIS";"Desobediência às normas de trânsito pelo condutor";"Colisão transversal";"Com Vítimas Fatais";"Plena Noite";"Crescente";"Nublado";"Simples";"Reta";"Não";7;1;0;5;1;0;5;2;-22,3457688;-42,9395341;"SPRF-RJ";"DEL04-RJ";"UOP01-DEL04-RJ"
119334;2018-03-19;"segunda-feira";"00:15:00";"RS";386;42,6;"SEBERI";"Ingestão de Álcool";"Colisão transversal";"Com Vítimas Feridas";"Plena Noite";"Decrescente";"Garoa/Chuvisco";"Simples";"Reta";"Não";4;0;0;1;2;1;1;3;-27,420906;-53,42049;"SPRF-RS";"DEL08-RS";"UOP02-DEL08-RS"
119343;2018-03-19;"segunda-feira";"00:15:00";"RJ";101;193;"CASIMIRO DE ABREU";"Ingestão de álcool e/ou substâncias psicoativas pelo pedestre";"Saída de leito carroçável";"Com Vítimas Fatais";"Plena Noite";"Crescente";"Céu Claro";"Dupla";"Reta";"Não";6;1;2;0;2;1;2;4;-22,4836725;-42,2015431;"SPRF-RJ";"DEL02-RJ";"UOP04-DEL08-RJ"
119346;2018-03-19;"segunda-feira";"03:00:00";"MG";365;625;"UBERLANDIA";"Falta de Atenção do Pedestre";"Atropelamento de Pedestre";"Com Vítimas Fatais";"Plena Noite";"Crescente";"Céu Claro";"Múltipla";"Curva";"Sim";2;1;0;0;0;1;0;2;-18,90493053;-48,28816563;"SPRF-MG";"DEL15-MG";"UOP01-DEL15-MG"
119350;2018-03-19;"segunda-feira";"03:25:00";"MG";381;941,2;"EXTREMA";"Falta de Atenção do Pedestre";"Atropelamento de Pedestre";"Com Vítimas Fatais";"Plena Noite";"Decrescente";"Céu Claro";"Dupla";"Reta";"Não";4;1;0;0;2;1;0;3;-22,82968806;-46,31470621;"SPRF-MG";"DEL16-MG";"UOP03-DEL16-MG"
119356;2018-03-19;"segunda-feira";"05:20:00";"PR";277;683,3;"SAO MIGUEL DO IGUACU";"Falta de Atenção à Condução";"Queda de ocupante de veículo";"Com Vítimas Feridas";"Amanhecer";"Crescente";"Céu Claro";"Dupla";"Curva";"Sim";3;0;1;0;1;1;1;3;-25,332716;-54,192101;"SPRF-PR";"DEL05-PR";"UOP01-DEL05-PR"
119359;2018-03-19;"segunda-feira";"05:30:00";"TO";153;719;"FIGUEIROPOLIS";"Pista Escorregadia";"Saída de leito carroçável";"Com Vítimas Feridas";"Plena Noite";"Decrescente";"Chuva";"Simples";"Reta";"Não";1;0;1;0;0;0;1;1;-12,112899;-49,179928;"SPRF-TO";"DEL02-TO";"UOP02-DEL01-TO"
119360;2018-03-19;"segunda-feira";"06:20:00";"RS";116;302;"GUAIBA";"Velocidade Incompatível";"Tombamento";"Sem Vítimas";"Amanhecer";"Decrescente";"Chuva";"Simples";"Curva;Desvio Temporário;Em Obras";"Sim";1;0;0;0;1;0;0;1;-30,139704;-51,359425;"SPRF-RS";"DEL02-RS";"UOP01-DEL02-RS"
119363;2018-03-19;"segunda-feira";"06:59:00";"RN";101;110,4;"PARNAMIRIM";"Falta de Atenção à Condução";"Colisão lateral";"Com Vítimas Feridas";"Pleno dia";"Crescente";"Sol";"Dupla";"Reta";"Não";4;0;2;0;2;0;2;3;-5,94953926;-35,26477218;"SPRF-RN";"DEL01-RN";"UOP01-DEL01-RN"
119364;2018-03-19;"segunda-feira";"06:30:00";"DF";80;32,9;"BRASILIA";"Defeito Mecânico no Veículo";"Incêndio";"Sem Vítimas";"Pleno dia";"Crescente";"Céu Claro";"Simples";"Aclive;Reta";"Não";2;0;0;0;1;2;0;3;-15,56766808;-48,19691235;"SPRF-DF";"DEL01-DF";"UOP02-DEL03-DF"
119365;2018-03-19;"segunda-feira";"06:31:00";"GO";60;26;"ALEXANIA";"Condutor Dormindo";"Capotamento";"Com Vítimas Feridas";"Pleno dia";"Decrescente";"Nublado";"Simples";"Curva";"Sim";1;0;1;0;0;0;1;1;-16,09727857;-48,47854614;"SPRF-DF";"DEL01-DF";"UOP01-DEL03-DF"
119378;2018-03-16;"sexta-feira";"00:05:00";"MG";262;505;"LUZ";"Falta de Atenção à Condução";"Saída de leito carroçável";"Sem Vítimas";"Plena Noite";"Decrescente";"Céu Claro";"Simples";"Reta";"Não";1;0;0;0;1;0;0;1;-19,77833449;-45,54107666;"SPRF-MG";"DEL08-MG";"UOP03-DEL08-MG"
119380;2018-03-19;"segunda-feira";"07:45:00";"PR";116;124,3;"FAZENDA RIO GRANDE";"Falta de Atenção à Condução";"Colisão lateral";"Com Vítimas Feridas";"Pleno dia";"Decrescente";"Nublado";"Dupla";"Reta";"Sim";4;0;1;0;2;1;1;4;-25,62666887;-49,31601763;"SPRF-PR";"DEL01-PR";"UOP03-DEL01-PR"