"id";"data_inversa";"dia_semana";"horario";"uf";"br";"km";"municipio";"causa_acidente";"tipo_acidente";"classificacao_acidente";"fase_dia";"sentido_via";"condicao_metereologica";"tipo_pista";"tracado_via";"uso_solo";"pessoas";"mortos";"feridos_leves";"feridos_graves";"ilesos";"ignorados";"feridos";"veiculos";"latitude";"longitude";"regional";"delegacia";"uop"
119384;2018-03-19;"segunda-feira";"08:00:00";"SC";282;18,9;"PALHOCA";"Falta de Atenção à Condução";"Colisão lateral";"Com Vítimas Feridas";"Pleno dia";"Decrescente";"Céu Claro";"Simples";"Reta";"Sim";3;0;1;0;1;1;1;3;-27,672798;-48,694286;"SPRF-SC";"DEL01-SC";"UOP02-DEL01-SC"
119387;2018-03-19;"segunda-feira";"06:10:00";"SC";282;183,7;"BOCAINA DO SUL";"Ingestão de Álcool";"Colisão frontal";"Com Vítimas Fatais";"Amanhecer";"Crescente";"Nevoeiro/Neblina";"Simples";"Curva";"Não";4;1;2;0;0;1;2;3;-27,73362;-49,968296;"SPRF-SC";"DEL05-SC";"UOP01-DEL05-SC"
119389;2018-03-19;"segunda-feira";"07:30:00";"MT";163;746;"SORRISO";"Desobediência às normas de trânsito pelo condutor";"Colisão lateral";"Sem Vítimas";"Pleno dia";"Decrescente";"Céu Claro";"Dupla";"Retorno Regulamentado";"Não";3;0;0;0;2;3;0;5;-12,697567;-55,8110218;"SPRF-MT";"DEL06-MT";"UOP01-DEL06-MT"
119391;2018-03-19;"segunda-feira";"08:50:00";"MG";50;195,5;"DELTA";"Falta de Atenção à Condução";"Colisão traseira";"Com Vítimas Feridas";"Pleno dia";"Crescente";"Sol";"Dupla";"Reta";"Não";2;0;1;0;1;0;1;2;-19,9005;-47,8395;"SPRF-MG";"DEL13-MG";"UOP01-DEL13-MG"
119392;2018-02-23;"sexta-feira";"18:30:00";"SP";459;2,2;"PIQUETE";"Falta de Atenção à Condução";"Colisão lateral";"Com Vítimas Feridas";"Anoitecer";"Decrescente";"Nublado";"Simples";"Curva;Declive";"Não";4;0;0;1;1;2;1;3;-22,56845997;-45,21134198;"SPRF-SP";"DEL08-SP";"UOP03-DEL08-SP"
119395;2018-03-19;"segunda-feira";"07:10:00";"SE";101;163,5;"SANTA LUZIA DO ITANHY";"Condutor Dormindo";"Saída de leito carroçável";"Sem Vítimas";"Pleno dia";"Decrescente";"Céu Claro";"Simples";"Curva";"Não";1;0;0;0;1;0;0;1;-11,32001651;-37,52846003;"SPRF-SE";"DEL02-SE";"UOP01-DEL02-SE"
119401;2018-03-16;"sexta-feira";"08:43:00";"SC";163;104;"SAO JOSE DO CEDRO";"Falta de Atenção à Condução";"Saída de leito carroçável";"Sem Vítimas";"Pleno dia";"Decrescente";"Céu Claro";"Simples";"Aclive;Curva";"Não";2;0;0;0;1;1;0;2;-26,453856;-53,510422;"SPRF-SC";"DEL07-SC";"UOP03-DEL07-SC"
119411;2018-03-19;"segunda-feira";"10:10:00";"RS";293;132,5;"CANDIOTA";"Desobediência às normas de trânsito pelo condutor";"Colisão transversal";"Sem Vítimas";"Pleno dia";"Decrescente";"Céu Claro";"Simples";"Interseção de Vias";"Não";2;0;0;0;2;0;0;2;-31,47949826;-53,61459446;"SPRF-RS";"DEL11-RS";"UOP03-DEL11-RS"
119413;2018-03-19;"segunda-feira";"10:30:00";"BA";407;3,4;"JUAZEIRO";"Não guardar distância de segurança";"Colisão traseira";"Com Vítimas Feridas";"Pleno dia";"Decrescente";"Céu Claro";"Simples";"Reta";"Sim";2;0;0;1;1;0;1;2;-9,431397;-40,498207;"SPRF-PE";"DEL06-PE";"UOP01-DEL06-PE"
119414;2018-03-19;"segunda-feira";"10:25:00";"RS";470;222,9;"GARIBALDI";"Defeito Mecânico no Veículo";"Colisão frontal";"Com Vítimas Feridas";"Pleno dia";"Decrescente";"Garoa/Chuvisco";"Simples";"Reta";"Não";4;0;2;0;1;1;2;3;-29,222181;-51,516316;"SPRF-RS";"DEL06-RS";"UOP01-DEL06-RS"
119415;2018-03-13;"terça-feira";"19:35:00";"PR";116;159,5;"MANDIRITUBA";"Falta de Atenção à Condução";"Colisão transversal";"Com Vítimas Feridas";"Plena Noite";"Crescente";"Céu Claro";"Simples";"Rotatória";"Sim";3;0;0;2;1;0;2;2;-25,867712;-49,3647;"SPRF-PR";"DEL01-PR";"UOP03-DEL01-PR"
119422;2018-03-19;"segunda-feira";"10:55:00";"RO";364;522,1;"ARIQUEMES";"Falta de Atenção à Condução";"Colisão traseira";"Sem Vítimas";"Pleno dia";"Decrescente";"Sol";"Simples";"Reta";"Sim";4;0;0;0;3;3;0;6;-9,861431;-63,058311;"SPRF-RO";"DEL03-RO";"UOP01-DEL03-RO"
119428;2018-03-19;"segunda-feira";"12:10:00";"PR";476;139;"CURITIBA";"Pista Escorregadia";"Colisão com objeto estático";"Com Vítimas Feridas";"Pleno dia";"Decrescente";"Nublado";"Múltipla";"Reta";"Sim";1;0;1;0;0;0;1;1;-25,4319582;-49,24346924;"SPRF-PR";"DEL01-PR";"UOP01-DEL01-PR"
119437;2018-03-19;"segunda-feira";"10:40:00";"RO";364;299;"PRESIDENTE MEDICI";"Ingestão de Álcool";"Saída de leito carroçável";"Com Vítimas Feridas";"Pleno dia";"Decrescente";"Chuva";"Simples";"Reta";"Não";2;0;2;0;0;0;2;1;-11,2537;-61,902061;"SPRF-RO";"DEL02-RO";"UOP01-DEL02-RO"
119439;2018-03-19;"segunda-feira";"10:50:00";"MT";364;458;"VARZEA GRANDE";"Falta de Atenção à Condução";"Colisão com objeto estático";"Sem Vítimas";"Pleno dia";"Crescente";"Nublado";"Simples";"Reta";"Não";2;0;0;0;1;3;0;4;-15,544446;-56,274193;"SPRF-MT";"DEL01-MT";"DEL2/4-UOP02/MT"
119440;2018-03-19;"segunda-feira";"13:40:00";"PR";163;164,5;"LINDOESTE";"Velocidade Incompatível";"Colisão frontal";"Com Vítimas Feridas";"Pleno dia";"Decrescente";"Chuva";"Simples";"Aclive";"Não";3;0;1;0;1;3;1;5;-25,3309;-53,5907;"SPRF-PR";"DEL04-PR";"UOP05-DEL05-PR"
119453;2018-03-19;"segunda-feira";"15:00:00";"SP";116;211;"GUARULHOS";"Pista Escorregadia";"Colisão lateral";"Com Vítimas Feridas";"Pleno dia";"Crescente";"Chuva";"Múltipla";"Reta";"Sim";2;0;1;0;1;0;1;2;-23,43230523;-46,41958863;"SPRF-SP";"DEL01-SP";"UOP01-DEL01-SP"
119455;2018-03-19;"segunda-feira";"13:00:00";"SP";116;339;"JUQUITIBA";"Fenômenos da Natureza";"Saída de leito carroçável";"Com Vítimas Feridas";"Pleno dia";"Crescente";"Chuva";"Dupla";"Curva;Declive";"Não";2;0;1;0;0;1;1;2;-24,00224257;-47,15230165;"SPRF-SP";"DEL04-SP";"UOP03-DEL04-SP"
119456;2018-03-19;"segunda-feira";"09:30:00";"MG";50;28;"ARAGUARI";"Defeito Mecânico no Veículo";"Saída de leito carroçável";"Sem Vítimas";"Pleno dia";"Crescente";"Céu Claro";"Dupla";"Curva";"Não";2;0;0;0;1;1;0;2;-18,6416;-48,1246;"SPRF-MG";"DEL15-MG";"UOP02-DEL15-MG"
119457;2018-03-19;"segunda-feira";"14:30:00";"BA";101;494;"ITAJUIPE";"Falta de Atenção do Pedestre";"Atropelamento de Pedestre";"Com Vítimas Feridas";"Pleno dia";"Decrescente";"Céu Claro";"Simples";"Reta";"Não";2;0;0;1;1;0;1;2;-14,72606222;-39,34898546;"SPRF-BA";"DEL05-BA";"UOP01-DEL05-BA"
119458;2018-03-19;"segunda-feira";"13:50:00";"SP";116;220,8;"GUARULHOS";"Falta de Atenção à Condução";"Colisão com objeto em movimento";"Com Vítimas Feridas";"Pleno dia";"Decrescente";"Nublado";"Múltipla";"Reta";"Não";3;0;1;0;2;0;1;2;-23,424015;-46,3979838;"SPRF-SP";"DEL01-SP";"UOP01-DEL01-SP"
119467;2018-03-19;"segunda-feira";"12:00:00";"MG";153;57;"MONTE ALEGRE DE MINAS";"Velocidade Incompatível";"Saída de leito carroçável";"Sem Vítimas";"Pleno dia";"Crescente";"Céu Claro";"Dupla";"Curva";"Não";1;0;0;0;1;0;0;1;-18,8769;-49,0577;"SPRF-MG";"DEL15-MG";"UOP03-DEL15-MG"
119469;2018-03-19;"segunda-feira";"12:30:00";"MA";135;172;"SAO MATEUS DO MARANHAO";"Não guardar distância de segurança";"Colisão lateral";"Sem Vítimas";"Pleno dia";"Crescente";"Céu Claro";"Simples";"Reta";"Não";2;0;0;0;2;0;0;2;-3,9492008;-44,480896;"SPRF-MA";"DEL01-MA";"UOP02-DEL01-MA"
119471;2018-03-19;"segunda-feira";"16:00:00";"SP";381;65;"MAIRIPORA";"Mal Súbito";"Colisão traseira";"Com Vítimas Feridas";"Pleno dia";"Decrescente";"Nublado";"Dupla";"Reta";"Sim";5;0;3;0;1;1;3;3;-23,322403;-46,5813407;"SPRF-SP";"DEL03-SP";"DEL6/3-UOP03/SP"
119475;2018-03-19;"segunda-feira";"16:25:00";"PR";277;166,3;"PALMEIRA";"Falta de Atenção à Condução";"Colisão traseira";"Com Vítimas Fatais";"Pleno dia";"Decrescente";"Nublado";"Simples";"Reta";"Não";4;1;0;0;1;3;0;5;-25,440309;-49,972954;"SPRF-PR";"DEL01-PR";"UOP06-DEL01-PR"
119480;2018-03-19;"segunda-feira";"14:50:00";"SP";116;102,1;"PINDAMONHANGABA";"Ingestão de Álcool";"Colisão lateral";"Sem Vítimas";"Pleno dia";"Crescente";"Céu Claro";"Dupla";"Reta";"Não";2;0;0;0;2;0;0;2;-22,994991;-45,489536;"SPRF-SP";"DEL06-SP";"UOP01-DEL06-SP"
119481;2018-03-19;"segunda-feira";"16:30:00";"RJ";116;167,3;"SAO JOAO DE MERITI";"Não guardar distância de segurança";"Colisão traseira";"Com Vítimas Feridas";"Pleno dia";"Decrescente";"Sol";"Múltipla";"Reta";"Sim";6;0;1;0;3;2;1;6;-22,80530117;-43,34861755;"SPRF-RJ";"DEL01-RJ";"UOP02-DEL01-RJ"
119487;2018-03-19;"segunda-feira";"17:15:00";"PR";277;536;"IBEMA";"Velocidade Incompatível";"Saída de leito carroçável";"Com Vítimas Feridas";"Pleno dia";"Decrescente";"Céu Claro";"Simples";"Curva;Declive";"Sim";2;0;1;0;0;1;1;2;-25,1164878;-53,0102242;"SPRF-PR";"DEL04-PR";"UOP04-DEL04-PR"
119488;2018-03-19;"segunda-feira";"14:15:00";"SC";280;123,1;"SAO BENTO DO SUL";"Avarias e/ou desgaste excessivo no pneu";"Colisão lateral";"Com Vítimas Feridas";"Pleno dia";"Crescente";"Céu Claro";"Simples";"Reta;Aclive";"Sim";8;0;4;2;2;0;6;2;-26,244202;-49,46558;"SPRF-SC";"DEL06-SC";"UOP03-DEL06-SC"
119492;2018-03-19;"segunda-feira";"18:00:00";"SE";101;84,1;"NOSSA SENHORA DO SOCORRO";"Condutor Dormindo";"Colisão lateral";"Com Vítimas Feridas";"Anoitecer";"Crescente";"Céu Claro";"Dupla";"Reta";"Não";4;0;1;0;1;2;1;4;-10,836647;-37,137785;"SPRF-SE";"DEL01-SE";"UOP01-DEL01-SE"
119497;2018-03-19;"segunda-feira";"18:50:00";"PE";424;91,7;"GARANHUNS";"Sinalização da via insuficiente ou inadequada";"Colisão frontal";"Com Vítimas Feridas";"Plena Noite";"Crescente";"Céu Claro";"Simples";"Curva";"Sim";2;0;0;1;0;1;1;2;-8,91138015;-36,49336338;"SPRF-PE";"DEL03-PE";"UOP01-DEL03-PE"
119501;2018-03-19;"segunda-feira";"17:30:00";"MT";70;521;"VARZEA GRANDE";"Falta de Atenção à Condução";"Colisão transversal";"Com Vítimas Feridas";"Anoitecer";"Crescente";"Nublado";"Simples";"Interseção de Vias";"Não";2;0;1;0;1;0;1;2;-15,68832177;-56,16982342;"SPRF-MT";"DEL01-MT";"DEL2/4-UOP02/MT"
119503;2018-03-19;"segunda-feira";"18:00:00";"PI";343;596;"FLORIANO";"Defeito Mecânico no Veículo";"Colisão lateral";"Sem Vítimas";"Anoitecer";"Decrescente";"Céu Claro";"Simples";"Reta";"Sim";6;0;0;0;5;2;0;5;-6,805063;-43,0508;"SPRF-PI";"DEL03-PI";"UOP01-DEL03-PI"
119514;2018-03-19;"segunda-feira";"18:00:00";"RS";386;165,3;"ALMIRANTE TAMANDARE DO SUL";"Velocidade Incompatível";"Saída de leito carroçável";"Com Vítimas Feridas";"Pleno dia";"Decrescente";"Nublado";"Simples";"Reta";"Não";3;0;1;0;2;0;1;2;-28,200201;-52,828358;"SPRF-RS";"DEL08-RS";"UOP01-DEL08-RS"
119525;2018-03-19;"segunda-feira";"21:15:00";"AL";101;176;"TEOTONIO VILELA";"Animais na Pista";"Atropelamento de Animal";"Com Vítimas Feridas";"Plena Noite";"Decrescente";"Céu Claro";"Dupla";"Reta";"Sim";2;0;1;0;1;0;1;2;-9,899678;-36,283047;"SPRF-AL";"DEL02-AL";"UOP02-DEL02-AL"
119526;2018-03-19;"segunda-feira";"21:25:00";"GO";60;26;"ALEXANIA";"Velocidade Incompatível";"Saída de leito carroçável";"Sem Vítimas";"Plena Noite";"Crescente";"Chuva";"Dupla";"Reta;Declive";"Não";1;0;0;0;1;0;0;1;-16,10490648;-48,45209864;"SPRF-DF";"DEL01-DF";"UOP01-DEL03-DF"
119527;2018-03-19;"segunda-feira";"10:20:00";"PA";230;680;"BRASIL NOVO";"Pista Escorregadia";"Saída de leito carroçável";"Sem Vítimas";"Pleno dia";"Decrescente";"Céu Claro";"Simples";"Aclive";"Não";1;0;0;0;1;0;0;1;-3,33550907;-52,57301331;"SPRF-PA";"DEL04-PA";"UOP01-DEL04-PA"
119528;2018-03-19;"segunda-feira";"21:20:00";"SP";116;523,6;"BARRA DO TURVO";"Defeito Mecânico no Veículo";"Colisão traseira";"Com Vítimas Feridas";"Plena Noite";"Decrescente";"Nublado";"Dupla";"Reta";"Não";4;0;2;0;1;1;2;3;-24,91632;-48,256073;"SPRF-SP";"DEL05-SP";"UOP02-DEL05-SP"
119535;2018-03-19;"segunda-feira";"22:00:00";"BA";116;11;"VITORIA DA CONQUISTA";"Ingestão de Álcool";"Atropelamento de Pedestre";"Com Vítimas Feridas";"Plena Noite";"Crescente";"Céu Claro";"Simples";"Reta";"Não";4;0;0;1;1;2;1;3;-14,87179633;-40,87188721;"SPRF-BA";"DEL08-BA";"UOP01-DEL08-BA"
119537;2018-03-19;"segunda-feira";"17:25:00";"MT";163;873;"SINOP";"Defeito Mecânico no Veículo";"Saída de leito carroçável";"Sem Vítimas";"Pleno dia";"Crescente";"Ignorado";"Simples";"Reta";"Não";2;0;0;0;1;3;0;4;-11,539842;-55,393103;"SPRF-MT";"DEL06-MT";"UOP02-DEL06-MT"
119538;2018-03-19;"segunda-feira";"21:00:00";"MG";381;913;"CAMANDUCAIA";"Falta de Atenção à Condução";"Saída de leito carroçável";"Sem Vítimas";"Plena Noite";"Crescente";"Céu Claro";"Dupla";"Reta";"Não";2;0;0;0;1;2;0;3;-22,7281;-46,1343;"SPRF-MG";"DEL16-MG";"UOP03-DEL16-MG"
119539;2018-03-19;"segunda-feira";"22:00:00";"MG";381;348,5;"NOVA ERA";"Defeito Mecânico no Veículo";"Saída de leito carroçável";"Com Vítimas Feridas";"Plena Noite";"Decrescente";"Nublado";"Simples";"Reta";"Não";1;0;1;0;0;0;1;1;-19,7784;-43,0437;"SPRF-MG";"DEL03-MG";"UOP01-DEL03-MG"
119540;2018-03-19;"segunda-feira";"21:20:00";"SC";101;14,4;"GARUVA";"Falta de Atenção à Condução";"Colisão com objeto estático";"Sem Vítimas";"Plena Noite";"Decrescente";"Chuva";"Dupla";"Reta";"Não";2;0;0;0;1;1;0;2;-26,100446;-48,8686064;"SPRF-SC";"DEL03-SC";"UOP01-DEL03-SC"
119541;2018-03-19;"segunda-feira";"21:50:00";"MG";40;516;"RIBEIRAO DAS NEVES";"Falta de Atenção à Condução";"Colisão traseira";"Com Vítimas Feridas";"Plena Noite";"Crescente";"Céu Claro";"Dupla";"Reta";"Não";2;0;0;1;1;0;1;2;-19,8278;-44,0836;"SPRF-MG";"DEL01-MG";"UOP03-DEL01-MG"
119544;2018-03-19;"segunda-feira";"22:30:00";"BA";101;0;"RIO REAL";"Não guardar distância de segurança";"Colisão lateral";"Com Vítimas Feridas";"Plena Noite";"Decrescente";"Céu Claro";"Simples";"Reta;Declive";"Não";3;0;1;0;1;1;1;3;-11,5206;-37,8012;"SPRF-SE";"DEL02-SE";"UOP03-DEL02-SE"
119548;2018-03-19;"segunda-feira";"22:50:00";"SC";470;82,4;"RODEIO";"Falta de Atenção à Condução";"Saída de leito carroçável";"Com Vítimas Feridas";"Plena Noite";"Crescente";"Céu Claro";"Simples";"Curva";"Não";2;0;1;0;0;1;1;2;-26,949856;-49,324567;"SPRF-SC";"DEL04-SC";"UOP01-DEL04-SC"
119550;2018-03-20;"terça-feira";"00:20:00";"TO";153;153,4;"ARAGUAINA";"Ingestão de Álcool";"Colisão lateral";"Com Vítimas Feridas";"Plena Noite";"Decrescente";"Nublado";"Simples";"Curva";"Não";3;0;0;1;1;1;1;3;-7,272882;-48,266262;"SPRF-TO";"DEL02-TO";"UOP01-DEL02-TO"
119551;2018-03-20;"terça-feira";"00:00:00";"SP";116;178,5;"GUARAREMA";"Defeito Mecânico no Veículo";"Incêndio";"Sem Vítimas";"Plena Noite";"Decrescente";"Céu Claro";"Dupla";"Reta";"Não";2;0;0;0;1;1;0;2;-23,32776462;-46,12802982;"SPRF-SP";"DEL02-SP";"UOP01-DEL02-SP"
119559;2018-03-20;"terça-feira";"03:15:00";"RJ";116;280;"BARRA MANSA";"Defeito Mecânico no Veículo";"Incêndio";"Sem Vítimas";"Plena Noite";"Decrescente";"Céu Claro";"Dupla";"Reta";"Não";1;0;0;0;1;0;0;1;-22,547443;-44,183659;"SPRF-RJ";"DEL07-RJ";"UOP02-DEL07-RJ"
119561;2018-03-20;"terça-feira";"00:10:00";"MG";116;449,7;"ENGENHEIRO CALDAS";"Condutor Dormindo";"Saída de leito carroçável";"Sem Vítimas";"Plena Noite";"Crescente";"Céu Claro";"Simples";"Curva";"Não";1;0;0;0;1;0;0;1;-19,14200591;-42,02008724;"SPRF-MG";"DEL06-MG";"UOP02-DEL06-MG"
119562;2018-03-20;"terça-feira";"03:30:00";"MT";364;130,9;"PEDRA PRETA";"Falta de Atenção à Condução";"Colisão frontal";"Com Vítimas Fatais";"Plena Noite";"Crescente";"Céu Claro";"Simples";"Reta";"Não";3;2;0;0;0;4;0;6;-16,829859;-54,0158;"SPRF-MT";"DEL02-MT";"UOP01-DEL02-MT"
119566;2018-03-20;"terça-feira";"02:40:00";"SC";101;354,9;"SANGAO";"Condutor Dormindo";"Tombamento";"Sem Vítimas";"Plena Noite";"Crescente";"Céu Claro";"Dupla";"Reta";"Não";2;0;0;0;2;0;0;2;-28,62671988;-49,08279419;"SPRF-SC";"DEL02-SC";"UOP01-DEL02-SC"
119567;2018-03-20;"terça-feira";"05:10:00";"GO";60;72,8;"ABADIANIA";"Condutor Dormindo";"Colisão traseira";"Com Vítimas Feridas";"Plena Noite";"Decrescente";"Céu Claro";"Dupla";"Reta;Aclive";"Não";5;0;2;0;3;0;2;2;-16,25554894;-48,76266718;"SPRF-GO";"DEL02-GO";"UOP01-DEL02-GO"
119570;2018-03-20;"terça-feira";"05:00:00";"RN";304;39,2;"MOSSORO";"Carga excessiva e/ou mal acondicionada";"Tombamento";"Com Vítimas Feridas";"Amanhecer";"Crescente";"Céu Claro";"Dupla";"Interseção de Vias";"Sim";1;0;0;1;0;0;1;1;-5,188467;-37,374104;"SPRF-RN";"DEL04-RN";"UOP02-DEL04-RN"
119573;2018-03-20;"terça-feira";"00:10:00";"MG";40;632,9;"CONSELHEIRO LAFAIETE";"Agressão Externa";"Colisão com objeto em movimento";"Com Vítimas Feridas";"Plena Noite";"Crescente";"Céu Claro";"Simples";"Reta";"Sim";3;0;0;1;1;1;1;2;-20,6851957;-43,79264653;"SPRF-MG";"DEL05-MG";"UOP02-DEL05-MG"
119574;2018-03-19;"segunda-feira";"18:45:00";"SC";280;1;"SAO FRANCISCO DO SUL";"Falta de Atenção à Condução";"Colisão traseira";"Sem Vítimas";"Anoitecer";"Crescente";"Nublado";"Simples";"Curva";"Sim";3;0;0;0;3;0;0;3;-26,235107;-48,628109;"SPRF-SC";"DEL03-SC";"UOP03-DEL03-SC"
119601;2018-03-20;"terça-feira";"08:40:00";"PR";376;665,1;"GUARATUBA";"Defeito Mecânico no Veículo";"Tombamento";"Com Vítimas Feridas";"Pleno dia";"Crescente";"Céu Claro";"Dupla";"Curva";"Não";2;0;1;0;0;1;1;2;-25,85675197;-48,95370483;"SPRF-PR";"DEL01-PR";"DEL7/1-UOP08/PR"
119603;2018-03-20;"terça-feira";"09:05:00";"GO";153;201;"URUACU";"Falta de Atenção à Condução";"Colisão transversal";"Com Vítimas Feridas";"Pleno dia";"Decrescente";"Céu Claro";"Simples";"Reta";"Sim";2;0;1;0;1;0;1;2;-14,5423792;-49,16244507;"SPRF-GO";"DEL07-GO";"UOP02-DEL07-GO"
119610;2018-03-20;"terça-feira";"07:50:00";"PR";277;482;"NOVA LARANJEIRAS";"Ultrapassagem Indevida";"Colisão lateral";"Com Vítimas Feridas";"Pleno dia";"Decrescente";"Céu Claro";"Simples";"Curva";"Não";2;0;1;0;1;0;1;2;-25,28319601;-52,59910583;"SPRF-PR";"DEL04-PR";"UOP02-DEL04-PR"
119615;2018-03-20;"terça-feira";"09:20:00";"PI";316;1,6;"TERESINA";"Falta de Atenção à Condução";"Colisão lateral";"Sem Vítimas";"Pleno dia";"Crescente";"Céu Claro";"Dupla";"Curva";"Sim";2;0;0;0;1;1;0;2;-5,124257;-42,797875;"SPRF-PI";"DEL01-PI";"UOP02-DEL01-PI"
119620;2018-03-20;"terça-feira";"10:10:00";"PR";376;3;"APUCARANA";"Falta de Atenção à Condução";"Colisão lateral";"Com Vítimas Feridas";"Pleno dia";"Decrescente";"Céu Claro";"Simples";"Reta";"Sim";3;0;1;0;2;0;1;3;-23,5513;-51,461266;"SPRF-PR";"DEL07-PR";"UOP01-DEL09-PR"
119622;2018-03-20;"terça-feira";"08:25:00";"PE";232;521,9;"SALGUEIRO";"Não guardar distância de segurança";"Colisão frontal";"Com Vítimas Feridas";"Pleno dia";"Crescente";"Céu Claro";"Simples";"Reta";"Não";5;0;1;0;3;1;1;3;-8,062629;-39,213411;"SPRF-PE";"DEL05-PE";"UOP01-DEL05-PE"
119624;2018-03-20;"terça-feira";"11:10:00";"SP";153;90;"JACI";"Condutor Dormindo";"Colisão traseira";"Com Vítimas Feridas";"Pleno dia";"Crescente";"Sol";"Simples";"Reta";"Não";4;0;1;0;2;1;1;3;-20,95845;-49,559746;"SPRF-SP";"DEL09-SP";"UOP01-DEL09-SP"
119625;2018-03-20;"terça-feira";"11:00:00";"RS";386;229,4;"SOLEDADE";"Não guardar distância de segurança";"Colisão traseira";"Com Vítimas Feridas";"Pleno dia";"Decrescente";"Chuva";"Simples";"Curva";"Não";3;0;1;0;2;0;1;3;-28,68824;-52,586773;"SPRF-RS";"DEL04-RS";"NPF/DEL04-RS"
119627;2018-03-20;"terça-feira";"11:10:00";"MT";163;718,9;"SORRISO";"Falta de Atenção à Condução";"Colisão traseira";"Com Vítimas Fatais";"Pleno dia";"Decrescente";"Sol";"Simples";"Reta";"Não";8;1;1;0;5;2;1;6;-12,6975321;-55,8109278;"SPRF-MT";"DEL06-MT";"UOP01-DEL06-MT"
119634;2018-03-20;"terça-feira";"11:45:00";"SC";282;384;"JOACABA";"Defeito Mecânico no Veículo";"Colisão lateral";"Sem Vítimas";"Pleno dia";"Crescente";"Céu Claro";"Simples";"Ponte";"Não";3;0;0;0;2;1;0;3;-27,20299;-51,515095;"SPRF-SC";"DEL07-SC";"UOP05-DEL07-SC"
119635;2018-03-20;"terça-feira";"11:40:00";"AL";423;74,9;"AGUA BRANCA";"Falta de Atenção à Condução";"Colisão lateral";"Com Vítimas Feridas";"Pleno dia";"Crescente";"Céu Claro";"Simples";"Reta";"Não";4;0;1;0;3;0;1;2;-9,31366;-37,934082;"SPRF-AL";"DEL03-AL";"UOP02-DEL03-AL"
119642;2018-03-20;"terça-feira";"13:40:00";"SC";101;37,8;"JOINVILLE";"Falta de Atenção à Condução";"Colisão lateral";"Com Vítimas Feridas";"Pleno dia";"Decrescente";"Nublado";"Dupla";"Curva";"Sim";2;0;1;0;1;0;1;2;-26,293;-48,8845;"SPRF-SC";"DEL03-SC";"UOP01-DEL03-SC"
119645;2018-03-20;"terça-feira";"13:45:00";"MG";40;783,9;"JUIZ DE FORA";"Desobediência às normas de trânsito pelo condutor";"Colisão traseira";"Com Vítimas Feridas";"Pleno dia";"Crescente";"Nublado";"Dupla";"Aclive";"Não";3;0;0;1;2;0;1;3;-21,7283;-43,4373;"SPRF-MG";"DEL05-MG";"UOP01-DEL05-MG"
119653;2018-03-20;"terça-feira";"14:10:00";"RJ";116;95;"GUAPIMIRIM";"Condutor Dormindo";"Colisão com objeto estático";"Sem Vítimas";"Pleno dia";"Decrescente";"Nublado";"Dupla";"Curva";"Não";1;0;0;0;1;0;0;1;-22,473751;-43,001179;"SPRF-RJ";"DEL04-RJ";"UOP02-DEL04-RJ"
119656;2018-03-20;"terça-feira";"14:10:00";"SC";470;75,5;"INDAIAL";"Falta de Atenção à Condução";"Colisão lateral";"Com Vítimas Feridas";"Pleno dia";"Crescente";"Nublado";"Simples";"Curva";"Sim";4;0;1;0;3;0;1;4;-26,91479771;-49,28027451;"SPRF-SC";"DEL04-SC";"UOP01-DEL04-SC"
119664;2018-03-20;"terça-feira";"10:40:00";"MG";262;789,7;"UBERABA";"Ultrapassagem Indevida";"Colisão lateral";"Sem Vítimas";"Pleno dia";"Crescente";"Céu Claro";"Simples";"Declive";"Não";3;0;0;0;2;1;0;3;-19,766218;-47,87801;"SPRF-MG";"DEL13-MG";"UOP01-DEL13-MG"
119667;2018-03-20;"terça-feira";"15:30:00";"MG";262;196;"JOAO MONLEVADE";"Não guardar distância de segurança";"Colisão traseira";"Sem Vítimas";"Pleno dia";"Crescente";"Céu Claro";"Simples";"Interseção de Vias";"Não";2;0;0;0;2;0;0;2;-19,86489362;-43,11378479;"SPRF-MG";"DEL03-MG";"UOP01-DEL03-MG"
119671;2018-03-20;"terça-feira";"16:00:00";"MG";381;494,1;"BETIM";"Restrição de Visibilidade";"Colisão traseira";"Com Vítimas Feridas";"Pleno dia";"Crescente";"Sol";"Dupla";"Reta;Declive";"Sim";2;0;1;0;1;0;1;2;-19,9731;-44,1843;"SPRF-MG";"DEL01-MG";"UOP03-DEL01-MG"
119672;2018-03-20;"terça-feira";"16:00:00";"RJ";40;92;"PETROPOLIS";"Velocidade Incompatível";"Colisão lateral";"Com Vítimas Feridas";"Pleno dia";"Crescente";"Chuva";"Simples";"Curva";"Não";3;0;1;0;2;0;1;2;-22,56075687;-43,25248718;"SPRF-RJ";"DEL06-RJ";"UOP01-DEL06-RJ"
119674;2018-03-20;"terça-feira";"16:30:00";"MG";40;638,4;"CONSELHEIRO LAFAIETE";"Falta de Atenção à Condução";"Engavetamento";"Com Vítimas Feridas";"Pleno dia";"Decrescente";"Nublado";"Simples";"Reta;Declive";"Não";5;0;0;2;2;1;2;4;-20,73139677;-43,80008429;"SPRF-MG";"DEL05-MG";"UOP02-DEL05-MG"
119676;2018-03-20;"terça-feira";"16:29:00";"MG";381;658,2;"SANTO ANTONIO DO AMPARO";"Falta de Atenção à Condução";"Colisão com objeto estático";"Sem Vítimas";"Pleno dia";"Decrescente";"Céu Claro";"Múltipla";"Reta";"Não";2;0;0;0;1;1;0;2;-21,0047;-44,9719;"SPRF-MG";"DEL04-MG";"UOP02-DEL04-MG"