"id";"data_inversa";"dia_semana";"horario";"uf";"br";"km";"municipio";"causa_acidente";"tipo_acidente";"classificacao_acidente";"fase_dia";"sentido_via";"condicao_metereologica";"tipo_pista";"tracado_via";"uso_solo";"pessoas";"mortos";"feridos_leves";"feridos_graves";"ilesos";"ignorados";"feridos";"veiculos";"latitude";"longitude";"regional";"delegacia";"uop"
119936;2018-03-21;"quarta-feira";"18:05:00";"RS";290;305,1;"CACAPAVA DO SUL";"Falta de Atenção à Condução";"Colisão traseira";"Sem Vítimas";"Anoitecer";"Decrescente";"Céu Claro";"Simples";"Reta";"Não";3;0;0;0;2;1;0;3;-30,328127;-53,258999;"SPRF-RS";"DEL09-RS";"UOP02-DEL09-RS"
119937;2018-03-21;"quarta-feira";"16:00:00";"PR";153;217,9;"TIBAGI";"Falta de Atenção à Condução";"Colisão traseira";"Sem Vítimas";"Pleno dia";"Decrescente";"Céu Claro";"Simples";"Reta";"Não";3;0;0;0;2;2;0;4;-24,59062198;-50,43704689;"SPRF-PR";"DEL03-PR";"UOP02-DEL03-PR"
119944;2018-03-21;"quarta-feira";"07:00:00";"RO";364;480;"ARIQUEMES";"Defeito na Via";"Saída de leito carroçável";"Sem Vítimas";"Pleno dia";"Decrescente";"Nublado";"Simples";"Reta";"Não";2;0;0;0;1;3;0;4;-10,137469;-62,862759;"SPRF-RO";"DEL03-RO";"UOP01-DEL03-RO"
119945;2018-03-21;"quarta-feira";"19:40:00";"MG";381;491;"BETIM";"Falta de Atenção à Condução";"Colisão traseira";"Com Vítimas Feridas";"Plena Noite";"Decrescente";"Céu Claro";"Múltipla";"Reta";"Sim";3;0;1;0;1;1;1;3;-19,9616;-44,1603;"SPRF-MG";"DEL01-MG";"UOP03-DEL01-MG"
119949;2018-03-21;"quarta-feira";"19:15:00";"PE";407;60;"PETROLINA";"Defeito Mecânico no Veículo";"Incêndio";"Sem Vítimas";"Plena Noite";"Crescente";"Céu Claro";"Simples";"Reta";"Não";2;0;0;0;1;1;0;2;-8,859024;-40,77908;"SPRF-PE";"DEL06-PE";"UOP02-DEL06-PE"
119951;2018-03-21;"quarta-feira";"19:07:00";"MT";364;43,9;"ALTO GARCAS";"Falta de Atenção do Pedestre";"Atropelamento de Pedestre";"Com Vítimas Fatais";"Plena Noite";"Crescente";"Nublado";"Simples";"Reta";"Não";3;1;0;0;1;2;0;4;-17,057762;-53,473564;"SPRF-MT";"DEL02-MT";"UOP02-DEL02-MT"
119962;2018-03-21;"quarta-feira";"18:45:00";"MG";354;719;"POUSO ALTO";"Velocidade Incompatível";"Colisão lateral";"Sem Vítimas";"Anoitecer";"Decrescente";"Chuva";"Simples";"Reta";"Não";3;0;0;0;3;0;0;3;-22,09049661;-44,94804385;"SPRF-MG";"DEL05-MG";"UOP01-DEL17-MG"
119966;2018-03-21;"quarta-feira";"21:50:00";"SP";116;321;"JUQUITIBA";"Falta de Atenção à Condução";"Colisão traseira";"Com Vítimas Feridas";"Plena Noite";"Decrescente";"Céu Claro";"Dupla";"Reta";"Não";3;0;1;0;1;2;1;4;-23,94107556;-47,07092285;"SPRF-SP";"DEL04-SP";"UOP03-DEL04-SP"
119967;2018-03-21;"quarta-feira";"20:40:00";"RO";364;158,3;"PIMENTA BUENO";"Defeito Mecânico no Veículo";"Colisão lateral";"Sem Vítimas";"Plena Noite";"Crescente";"Céu Claro";"Simples";"Aclive";"Não";9;0;0;0;7;5;0;9;-11,93575719;-60,96001267;"SPRF-RO";"DEL02-RO";"UOP02-DEL02-RO"
119971;2018-03-21;"quarta-feira";"19:00:00";"MT";70;269;"PRIMAVERA DO LESTE";"Desobediência às normas de trânsito pelo condutor";"Colisão traseira";"Sem Vítimas";"Anoitecer";"Crescente";"Céu Claro";"Simples";"Reta";"Não";4;0;0;0;3;1;0;4;-15,531341;-54,204807;"SPRF-MT";"DEL05-MT";"UOP01-DEL05-MT"
119974;2018-03-21;"quarta-feira";"19:00:00";"BA";242;190;"ITABERABA";"Agressão Externa";"Saída de leito carroçável";"Com Vítimas Feridas";"Plena Noite";"Decrescente";"Céu Claro";"Simples";"Reta";"Não";4;0;3;0;0;2;3;3;-12,51995;-39,957306;"SPRF-BA";"DEL06-BA";"UOP02-DEL06-BA"
119980;2018-03-21;"quarta-feira";"10:15:00";"MG";267;77,6;"JUIZ DE FORA";"Defeito na Via";"Saída de leito carroçável";"Sem Vítimas";"Pleno dia";"Decrescente";"Chuva";"Simples";"Reta";"Não";2;0;0;0;1;2;0;3;-21,7608;-43,2216;"SPRF-MG";"DEL05-MG";"UOP01-DEL05-MG"
119982;2018-03-21;"quarta-feira";"19:50:00";"PR";476;333,9;"PAULA FREITAS";"Não guardar distância de segurança";"Colisão traseira";"Com Vítimas Feridas";"Plena Noite";"Decrescente";"Céu Claro";"Simples";"Reta";"Não";2;0;1;0;1;0;1;2;-26,121088;-50,83979;"SPRF-PR";"DEL02-PR";"UOP03-DEL02-PR"
119983;2018-03-21;"quarta-feira";"22:25:00";"SC";101;281,5;"IMBITUBA";"Falta de Atenção do Pedestre";"Atropelamento de Pedestre";"Com Vítimas Feridas";"Plena Noite";"Decrescente";"Nublado";"Dupla";"Reta";"Sim";2;0;0;1;1;0;1;2;-28,2178;-48,7001;"SPRF-SC";"DEL02-SC";"UOP03-DEL02-SC"
119987;2018-03-21;"quarta-feira";"23:20:00";"MG";381;340,3;"NOVA ERA";"Desobediência às normas de trânsito pelo condutor";"Colisão transversal";"Com Vítimas Feridas";"Plena Noite";"Crescente";"Nublado";"Simples";"Reta";"Não";2;0;1;0;0;1;1;2;-19,80965907;-43,06343973;"SPRF-MG";"DEL03-MG";"UOP01-DEL03-MG"
119989;2018-03-21;"quarta-feira";"23:35:00";"MG";365;636;"UBERLANDIA";"Falta de Atenção à Condução";"Colisão traseira";"Com Vítimas Feridas";"Plena Noite";"Decrescente";"Céu Claro";"Dupla";"Reta";"Não";3;0;1;0;1;2;1;4;-18,8987;-48,3783;"SPRF-MG";"DEL15-MG";"UOP01-DEL15-MG"
119990;2018-03-21;"quarta-feira";"23:45:00";"SP";116;461,2;"PARIQUERA-ACU";"Falta de Atenção à Condução";"Colisão traseira";"Com Vítimas Feridas";"Plena Noite";"Decrescente";"Chuva";"Dupla";"Reta";"Não";4;0;1;0;2;2;1;4;-24,62048865;-47,89375603;"SPRF-SP";"DEL05-SP";"UOP01-DEL05-SP"
119991;2018-03-21;"quarta-feira";"11:40:00";"GO";153;597;"MORRINHOS";"Velocidade Incompatível";"Saída de leito carroçável";"Sem Vítimas";"Plena Noite";"Decrescente";"Céu Claro";"Simples";"Interseção de Vias";"Não";1;0;0;0;1;0;0;1;-17,5271;-49,2152;"SPRF-GO";"DEL03-GO";"UOP01-DEL03-GO"
119994;2018-03-21;"quarta-feira";"22:15:00";"PR";116;99;"SAO JOSE DOS PINHAIS";"Falta de Atenção à Condução";"Tombamento";"Sem Vítimas";"Plena Noite";"Decrescente";"Nublado";"Dupla";"Curva";"Não";2;0;0;0;1;1;0;2;-25,526846;-49,140408;"SPRF-PR";"DEL01-PR";"UOP07-DEL01-PR"
120000;2018-03-22;"quinta-feira";"02:10:00";"SC";101;295,5;"IMBITUBA";"Defeito Mecânico no Veículo";"Tombamento";"Sem Vítimas";"Plena Noite";"Decrescente";"Céu Claro";"Múltipla";"Curva";"Sim";2;0;0;0;1;1;0;2;-28,3342;-48,7325;"SPRF-SC";"DEL02-SC";"UOP03-DEL02-SC"
120001;2018-03-22;"quinta-feira";"03:30:00";"MG";381;796;"SAO GONCALO DO SAPUCAI";"Condutor Dormindo";"Colisão traseira";"Com Vítimas Feridas";"Plena Noite";"Decrescente";"Céu Claro";"Dupla";"Reta";"Não";2;0;1;0;1;0;1;2;-21,9175;-45,5906;"SPRF-MG";"DEL16-MG";"UOP02-DEL16-MG"
120006;2018-03-22;"quinta-feira";"04:10:00";"SP";116;69,6;"APARECIDA";"Carga excessiva e/ou mal acondicionada";"Derramamento de carga";"Sem Vítimas";"Plena Noite";"Decrescente";"Nublado";"Dupla";"Reta";"Não";5;0;0;0;4;3;0;6;-22,858329;-45,233383;"SPRF-SP";"DEL08-SP";"UOP01-DEL08-SP"
120008;2018-03-22;"quinta-feira";"06:00:00";"RS";116;308,9;"GUAIBA";"Condutor Dormindo";"Colisão frontal";"Com Vítimas Feridas";"Amanhecer";"Decrescente";"Céu Claro";"Simples";"Em Obras";"Não";4;0;1;0;1;2;1;4;-30,2018538;-51,3999753;"SPRF-RS";"DEL02-RS";"UOP01-DEL02-RS"
120010;2018-03-21;"quarta-feira";"09:50:00";"SC";282;486,8;"FAXINAL DOS GUEDES";"Não guardar distância de segurança";"Colisão traseira";"Sem Vítimas";"Pleno dia";"Crescente";"Sol";"Simples";"Reta";"Não";2;0;0;0;2;0;0;2;-26,86695585;-52,2530365;"SPRF-SC";"DEL07-SC";"UOP01-DEL07-SC"
120017;2018-03-22;"quinta-feira";"05:40:00";"PA";316;43;"SANTA IZABEL DO PARA";"Condutor Dormindo";"Colisão com objeto estático";"Sem Vítimas";"Amanhecer";"Decrescente";"Céu Claro";"Dupla";"Reta";"Não";3;0;0;0;2;1;0;3;-1,28537;-48,062698;"SPRF-PA";"DEL01-PA";"UOP01-DEL01-PA"
120018;2018-03-22;"quinta-feira";"03:45:00";"MG";267;73,5;"JUIZ DE FORA";"Velocidade Incompatível";"Derramamento de carga";"Sem Vítimas";"Plena Noite";"Crescente";"Nublado";"Simples";"Curva";"Não";2;0;0;0;1;1;0;2;-21,7522;-43,1917;"SPRF-MG";"DEL05-MG";"UOP01-DEL05-MG"
120022;2018-03-22;"quinta-feira";"06:30:00";"RJ";116;266;"BARRA MANSA";"Pista Escorregadia";"Colisão traseira";"Sem Vítimas";"Pleno dia";"Crescente";"Chuva";"Dupla";"Curva";"Não";4;0;0;0;3;1;0;4;-22,560883;-44,122238;"SPRF-RJ";"DEL07-RJ";"UOP02-DEL07-RJ"
120028;2018-03-22;"quinta-feira";"07:00:00";"SC";280;44,2;"GUARAMIRIM";"Falta de Atenção à Condução";"Colisão lateral";"Sem Vítimas";"Pleno dia";"Crescente";"Céu Claro";"Simples";"Curva";"Não";2;0;0;0;2;0;0;2;-26,4754067;-48,9883993;"SPRF-SC";"DEL03-SC";"UOP03-DEL03-SC"
120032;2018-03-22;"quinta-feira";"07:55:00";"RS";116;256,8;"ESTEIO";"Não guardar distância de segurança";"Colisão traseira";"Com Vítimas Feridas";"Pleno dia";"Crescente";"Céu Claro";"Dupla";"Reta";"Sim";5;0;1;0;2;2;1;5;-29,843962;-51,177292;"SPRF-RS";"DEL01-RS";"UOP02-DEL01-RS"
120044;2018-03-22;"quinta-feira";"06:30:00";"RN";101;103;"PARNAMIRIM";"Falta de Atenção à Condução";"Queda de ocupante de veículo";"Com Vítimas Feridas";"Pleno dia";"Crescente";"Céu Claro";"Simples";"Curva";"Sim";2;0;1;0;1;0;1;2;-5,89034;-35,248951;"SPRF-RN";"DEL01-RN";"UOP01-DEL01-RN"
120047;2018-03-22;"quinta-feira";"08:10:00";"SP";116;509;"CAJATI";"Velocidade Incompatível";"Tombamento";"Sem Vítimas";"Pleno dia";"Decrescente";"Céu Claro";"Simples";"Curva";"Não";1;0;0;0;1;0;0;1;-24,79047481;-48,18603516;"SPRF-SP";"DEL05-SP";"UAP01-DEL05-SP"
120050;2018-03-22;"quinta-feira";"09:10:00";"RJ";101;410;"ITAGUAI";"Falta de Atenção à Condução";"Colisão transversal";"Com Vítimas Feridas";"Pleno dia";"Decrescente";"Garoa/Chuvisco";"Dupla";"Reta";"Sim";4;0;0;1;1;2;1;4;-22,889908;-43,840076;"SPRF-RJ";"DEL03-RJ";"UOP01-DEL03-RJ"
120063;2018-03-22;"quinta-feira";"09:47:00";"RJ";40;115;"DUQUE DE CAXIAS";"Avarias e/ou desgaste excessivo no pneu";"Colisão traseira";"Com Vítimas Feridas";"Pleno dia";"Decrescente";"Chuva";"Múltipla";"Aclive";"Não";3;0;1;0;2;0;1;2;-22,7374;-43,2883;"SPRF-RJ";"DEL01-RJ";"UOP01-DEL01-RJ"
120064;2018-03-22;"quinta-feira";"10:45:00";"ES";101;293,2;"CARIACICA";"Velocidade Incompatível";"Colisão transversal";"Com Vítimas Feridas";"Pleno dia";"Decrescente";"Nublado";"Dupla";"Reta";"Sim";2;0;0;1;1;0;1;2;-20,31805235;-40,39586216;"SPRF-ES";"DEL01-ES";"UOP01-DEL01-ES"
120066;2018-01-30;"terça-feira";"14:00:00";"PB";230;478,1;"MARIZOPOLIS";"Desobediência às normas de trânsito pelo condutor";"Colisão traseira";"Com Vítimas Feridas";"Pleno dia";"Crescente";"Céu Claro";"Simples";"Reta;Interseção de Vias";"Não";4;0;1;0;1;3;1;5;-6,843385;-38,337818;"SPRF-PB";"DEL03-PB";"UOP03-DEL03-PB"
120073;2018-03-22;"quinta-feira";"11:20:00";"PR";277;43;"MORRETES";"Defeito Mecânico no Veículo";"Colisão com objeto estático";"Sem Vítimas";"Pleno dia";"Decrescente";"Nublado";"Dupla";"Reta";"Não";2;0;0;0;1;2;0;3;-25,59323274;-48,95095825;"SPRF-PR";"DEL01-PR";"UOP07-DEL01-PR"
120075;2018-03-22;"quinta-feira";"05:30:00";"AM";174;895;"MANAUS";"Desobediência às normas de trânsito pelo condutor";"Colisão traseira";"Com Vítimas Feridas";"Amanhecer";"Decrescente";"Céu Claro";"Simples";"Reta";"Sim";7;0;4;0;2;2;4;4;-2,880593;-60,03524;"SPRF-AM";"DEL01-AM";"UOP01-DEL01-AM"
120076;2018-03-22;"quinta-feira";"11:00:00";"RJ";101;184;"CASIMIRO DE ABREU";"Condutor Dormindo";"Colisão frontal";"Sem Vítimas";"Pleno dia";"Decrescente";"Céu Claro";"Simples";"Reta";"Não";2;0;0;0;2;0;0;2;-22,428635;-42,026089;"SPRF-RJ";"DEL02-RJ";"UOP04-DEL08-RJ"
120091;2018-03-22;"quinta-feira";"11:20:00";"SC";101;131;"BALNEARIO CAMBORIU";"Defeito Mecânico no Veículo";"Saída de leito carroçável";"Sem Vítimas";"Pleno dia";"Decrescente";"Céu Claro";"Dupla";"Reta";"Não";1;0;0;0;1;0;0;1;-26,9965;-48,6555;"SPRF-SC";"DEL04-SC";"UOP03-DEL04-SC"
120094;2018-03-22;"quinta-feira";"13:15:00";"MA";226;547,7;"PORTO FRANCO";"Ultrapassagem Indevida";"Saída de leito carroçável";"Sem Vítimas";"Pleno dia";"Decrescente";"Nublado";"Simples";"Reta";"Não";3;0;0;0;2;1;0;2;-6,26451969;-47,20386505;"SPRF-MA";"DEL04-MA";"UOP02-DEL04-MA"
120096;2018-03-22;"quinta-feira";"14:00:00";"SP";153;50,4;"SAO JOSE DO RIO PRETO";"Condutor Dormindo";"Colisão traseira";"Com Vítimas Feridas";"Pleno dia";"Crescente";"Céu Claro";"Simples";"Reta";"Não";2;0;0;1;1;0;1;2;-20,71251187;-49,33902813;"SPRF-SP";"DEL09-SP";"UOP01-DEL09-SP"
120098;2018-03-22;"quinta-feira";"12:10:00";"RS";293;189;"BAGE";"Falta de Atenção à Condução";"Colisão transversal";"Sem Vítimas";"Pleno dia";"Decrescente";"Céu Claro";"Simples";"Interseção de Vias";"Não";3;0;0;0;2;1;0;3;-31,265631;-54,137402;"SPRF-RS";"DEL11-RS";"UOP03-DEL11-RS"
120102;2018-03-22;"quinta-feira";"12:30:00";"MG";251;521,8;"MONTES CLAROS";"Defeito Mecânico no Veículo";"Incêndio";"Sem Vítimas";"Pleno dia";"Decrescente";"Sol";"Simples";"Reta";"Não";2;0;0;0;1;1;0;2;-16,6699;-43,7914;"SPRF-MG";"DEL12-MG";"UOP01-DEL12-MG"
120104;2018-03-22;"quinta-feira";"13:28:00";"PR";369;521,8;"CASCAVEL";"Desobediência às normas de trânsito pelo condutor";"Colisão transversal";"Com Vítimas Feridas";"Pleno dia";"Decrescente";"Céu Claro";"Simples";"Reta";"Não";4;0;1;0;2;1;1;3;-24,93874784;-53,39767456;"SPRF-PR";"DEL04-PR";"UOP01-DEL04-PR"
120106;2018-03-22;"quinta-feira";"14:00:00";"GO";60;60,5;"ABADIANIA";"Defeito Mecânico no Veículo";"Colisão traseira";"Com Vítimas Feridas";"Pleno dia";"Crescente";"Céu Claro";"Dupla";"Reta";"Sim";2;0;1;0;1;0;1;2;-16,19147812;-48,70617718;"SPRF-GO";"DEL02-GO";"UOP01-DEL02-GO"
120107;2018-03-22;"quinta-feira";"11:30:00";"PR";376;671,5;"GUARATUBA";"Defeito Mecânico no Veículo";"Saída de leito carroçável";"Sem Vítimas";"Pleno dia";"Decrescente";"Céu Claro";"Dupla";"Reta";"Não";1;0;0;0;1;0;0;1;-25,89258494;-48,93310547;"SPRF-PR";"DEL01-PR";"DEL7/1-UOP08/PR"
120109;2018-03-22;"quinta-feira";"13:30:00";"TO";153;132;"ARAGUAINA";"Velocidade Incompatível";"Saída de leito carroçável";"Sem Vítimas";"Pleno dia";"Crescente";"Chuva";"Simples";"Declive";"Não";2;0;0;0;1;1;0;2;-7,107471;-48,181976;"SPRF-TO";"DEL02-TO";"UOP01-DEL02-TO"
120111;2018-03-22;"quinta-feira";"12:20:00";"RJ";116;259;"BARRA MANSA";"Falta de Atenção à Condução";"Engavetamento";"Com Vítimas Feridas";"Pleno dia";"Crescente";"Céu Claro";"Dupla";"Reta";"Não";4;0;1;0;3;0;1;3;-22,560883;-44,122238;"SPRF-RJ";"DEL07-RJ";"UOP02-DEL07-RJ"
120115;2018-03-22;"quinta-feira";"14:05:00";"MG";354;729,9;"POUSO ALTO";"Velocidade Incompatível";"Colisão com objeto estático";"Sem Vítimas";"Pleno dia";"Decrescente";"Chuva";"Simples";"Declive;Curva";"Não";2;0;0;0;1;1;0;2;-22,158746;-44,963842;"SPRF-MG";"DEL05-MG";"UOP01-DEL17-MG"
120118;2018-03-22;"quinta-feira";"14:40:00";"MS";163;480;"CAMPO GRANDE";"Falta de Atenção à Condução";"Colisão lateral";"Com Vítimas Feridas";"Pleno dia";"Crescente";"Céu Claro";"Dupla";"Interseção de Vias";"Sim";4;0;1;0;2;1;1;4;-20,47970779;-54,55926418;"SPRF-MS";"DEL01-MS";"UOP01-DEL01-MS"
120119;2018-03-22;"quinta-feira";"15:40:00";"PB";230;17;"JOAO PESSOA";"Falta de Atenção à Condução";"Colisão lateral";"Com Vítimas Feridas";"Pleno dia";"Crescente";"Céu Claro";"Dupla";"Reta";"Sim";3;0;1;0;2;0;1;2;-7,1182278;-34,8443474;"SPRF-PB";"DEL01-PB";"UOP01-DEL01-PB"
120126;2018-03-22;"quinta-feira";"12:40:00";"PE";110;247;"PETROLANDIA";"Defeito Mecânico no Veículo";"Colisão com objeto em movimento";"Com Vítimas Feridas";"Pleno dia";"Crescente";"Céu Claro";"Simples";"Reta";"Não";7;0;0;1;3;4;1;5;-9,039303;-38,257042;"SPRF-BA";"DEL07-BA";"UOP01-DEL07-BA"
120127;2018-03-22;"quinta-feira";"05:30:00";"MG";116;257;"TEOFILO OTONI";"Condutor Dormindo";"Saída de leito carroçável";"Sem Vítimas";"Amanhecer";"Decrescente";"Céu Claro";"Simples";"Reta";"Não";1;0;0;0;1;0;0;1;-17,64353127;-41,49676144;"SPRF-MG";"DEL11-MG";"UOP01-DEL11-MG"
120135;2018-03-22;"quinta-feira";"17:00:00";"ES";101;269,7;"SERRA";"Defeito Mecânico no Veículo";"Colisão traseira";"Com Vítimas Feridas";"Pleno dia";"Crescente";"Nublado";"Dupla";"Interseção de Vias";"Sim";2;0;1;0;1;0;1;2;-20,22311016;-40,27056813;"SPRF-ES";"DEL02-ES";"UOP01-DEL02-ES"
120137;2018-03-22;"quinta-feira";"17:30:00";"SC";101;200,8;"SAO JOSE";"Não guardar distância de segurança";"Colisão traseira";"Com Vítimas Feridas";"Pleno dia";"Decrescente";"Céu Claro";"Múltipla";"Declive";"Sim";2;0;1;0;1;0;1;2;-27,5572;-48,6188;"SPRF-SC";"DEL01-SC";"UOP01-DEL01-SC"
120138;2018-03-22;"quinta-feira";"17:00:00";"PR";376;176,8;"MARINGA";"Falta de Atenção do Pedestre";"Atropelamento de Pedestre";"Com Vítimas Feridas";"Pleno dia";"Decrescente";"Céu Claro";"Dupla";"Interseção de Vias";"Sim";2;0;1;0;0;1;1;2;-23,41253156;-51,93225268;"SPRF-PR";"DEL07-PR";"UOP01-DEL09-PR"
120139;2018-03-22;"quinta-feira";"15:20:00";"RO";364;11,7;"VILHENA";"Desobediência às normas de trânsito pelo condutor";"Colisão lateral";"Com Vítimas Feridas";"Pleno dia";"Crescente";"Céu Claro";"Simples";"Interseção de Vias";"Sim";2;0;0;1;1;0;1;2;-12,74617683;-60,11969805;"SPRF-RO";"DEL04-RO";"UOP01-DEL04-RO"
120141;2018-03-22;"quinta-feira";"14:15:00";"CE";20;410;"CAUCAIA";"Falta de Atenção à Condução";"Colisão frontal";"Com Vítimas Fatais";"Pleno dia";"Crescente";"Nublado";"Múltipla";"Desvio Temporário";"Sim";4;1;1;1;0;1;2;3;-3,79787688;-38,64523981;"SPRF-CE";"DEL01-CE";"UOP01-DEL01-CE"
120142;2018-03-22;"quinta-feira";"16:30:00";"GO";153;441,7;"ANAPOLIS";"Pista Escorregadia";"Colisão com objeto estático";"Sem Vítimas";"Pleno dia";"Decrescente";"Chuva";"Dupla";"Reta";"Sim";1;0;0;0;1;0;0;1;-16,325272;-48,922024;"SPRF-GO";"DEL02-GO";"UOP01-DEL02-GO"
120144;2018-03-22;"quinta-feira";"16:00:00";"MG";381;517;"IGARAPE";"Velocidade Incompatível";"Colisão com objeto estático";"Sem Vítimas";"Pleno dia";"Decrescente";"Nublado";"Dupla";"Curva";"Sim";2;0;0;0;1;1;0;2;-20,111;-44,326;"SPRF-MG";"DEL01-MG";"UOP03-DEL01-MG"
120145;2018-03-22;"quinta-feira";"17:00:00";"MG";262;382;"JUATUBA";"Velocidade Incompatível";"Tombamento";"Com Vítimas Feridas";"Pleno dia";"Crescente";"Nublado";"Dupla";"Curva";"Não";2;0;0;1;0;1;1;2;-19,932;-44,4595;"SPRF-MG";"DEL01-MG";"UOP03-DEL01-MG"
120152;2018-03-22;"quinta-feira";"14:00:00";"SC";101;430,8;"SOMBRIO";"Objeto estático sobre o leito carroçável";"Colisão lateral";"Sem Vítimas";"Pleno dia";"Crescente";"Sol";"Dupla";"Reta";"Sim";2;0;0;0;2;0;0;2;-29,08857687;-49,6321106;"SPRF-SC";"DEL02-SC";"UOP02-DEL02-SC"
120174;2018-03-22;"quinta-feira";"18:00:00";"MG";459;101,4;"POUSO ALEGRE";"Falta de Atenção à Condução";"Colisão transversal";"Com Vítimas Feridas";"Pleno dia";"Decrescente";"Chuva";"Dupla";"Curva";"Sim";4;0;2;0;1;1;2;3;-22,22054722;-45,9134531;"SPRF-MG";"DEL16-MG";"UOP01-DEL16-MG"
120178;2018-03-22;"quinta-feira";"19:30:00";"PA";308;151,5;"CAPANEMA";"Desobediência às normas de trânsito pelo condutor";"Colisão traseira";"Com Vítimas Feridas";"Plena Noite";"Decrescente";"Ignorado";"Simples";"Reta";"Sim";2;0;0;1;0;1;1;2;-1,21064;-47,182743;"SPRF-PA";"DEL01-PA";"UOP03-DEL01-PA"
120179;2018-03-06;"terça-feira";"18:40:00";"SC";101;44,7;"JOINVILLE";"Falta de Atenção à Condução";"Colisão traseira";"Sem Vítimas";"Anoitecer";"Decrescente";"Chuva";"Dupla";"Aclive";"Não";3;0;0;0;2;1;0;3;-26,349;-48,8573;"SPRF-SC";"DEL03-SC";"UOP01-DEL03-SC"
120182;2018-03-22;"quinta-feira";"20:30:00";"RJ";116;227;"PIRAI";"Defeito Mecânico no Veículo";"Colisão com objeto estático";"Sem Vítimas";"Plena Noite";"Crescente";"Nevoeiro/Neblina";"Dupla";"Curva";"Não";2;0;0;0;1;1;0;2;-22,672081;-43,817894;"SPRF-RJ";"DEL07-RJ";"UOP01-DEL07-RJ"
120183;2018-03-22;"quinta-feira";"16:55:00";"SC";282;495,9;"XANXERE";"Falta de Atenção à Condução";"Atropelamento de Pedestre";"Com Vítimas Feridas";"Pleno dia";"Crescente";"Céu Claro";"Simples";"Reta;Em Obras";"Não";2;0;0;1;0;1;1;2;-26,84980377;-52,38349915;"SPRF-SC";"DEL07-SC";"UOP01-DEL07-SC"
120184;2018-03-22;"quinta-feira";"17:30:00";"MG";365;731,5;"CANAPOLIS";"Velocidade Incompatível";"Colisão frontal";"Com Vítimas Fatais";"Pleno dia";"Crescente";"Chuva";"Simples";"Declive";"Não";2;1;0;0;1;0;0;2;-18,89647;-49,25864;"SPRF-MG";"DEL15-MG";"UOP03-DEL15-MG"
120186;2018-03-22;"quinta-feira";"19:45:00";"BA";101;856;"TEIXEIRA DE FREITAS";"Sinalização da via insuficiente ou inadequada";"Colisão lateral";"Com Vítimas Feridas";"Plena Noite";"Crescente";"Garoa/Chuvisco";"Simples";"Curva";"Não";4;0;2;0;1;1;2;3;-17,3686;-39,65;"SPRF-BA";"DEL09-BA";"UOP02-DEL09-BA"
120194;2018-03-22;"quinta-feira";"20:00:00";"MS";163;131,1;"NAVIRAI";"Falta de Atenção à Condução";"Colisão traseira";"Com Vítimas Feridas";"Plena Noite";"Crescente";"Céu Claro";"Simples";"Reta";"Não";4;0;2;0;1;2;2;5;-23,04056149;-54,26902771;"SPRF-MS";"DEL09-MS";"UOP01-DEL09-MS"
120195;2018-03-22;"quinta-feira";"19:45:00";"MT";364;217;"RONDONOPOLIS";"Defeito Mecânico no Veículo";"Colisão traseira";"Sem Vítimas";"Plena Noite";"Crescente";"Chuva";"Dupla";"Reta;Declive";"Não";3;0;0;0;2;2;0;4;-16,369701;-54,723713;"SPRF-MT";"DEL02-MT";"UOP01-DEL02-MT"
120201;2018-03-22;"quinta-feira";"22:20:00";"SP";116;70,6;"APARECIDA";"Falta de Atenção à Condução";"Colisão traseira";"Sem Vítimas";"Pleno dia";"Decrescente";"Nublado";"Dupla";"Curva;Viaduto";"Sim";3;0;0;0;2;1;0;3;-22,8531264;-45,22857785;"SPRF-SP";"DEL08-SP";"UOP01-DEL08-SP"
120203;2018-03-22;"quinta-feira";"19:35:00";"MG";40;640,3;"CONSELHEIRO LAFAIETE";"Falta de Atenção à Condução";"Tombamento";"Sem Vítimas";"Plena Noite";"Crescente";"Chuva";"Simples";"Reta";"Não";2;0;0;0;1;1;0;2;-20,75551192;-43,80523682;"SPRF-MG";"DEL05-MG";"UOP02-DEL05-MG"
120204;2018-03-22;"quinta-feira";"22:30:00";"RS";158;194,7;"CRUZ ALTA";"Desobediência às normas de trânsito pelo condutor";"Colisão lateral";"Sem Vítimas";"Plena Noite";"Crescente";"Céu Claro";"Dupla";"Interseção de Vias";"Sim";2;0;0;0;1;1;0;2;-28,65203063;-53,58306885;"SPRF-RS";"DEL10-RS";"UOP02-DEL10-RS"
120207;2018-03-22;"quinta-feira";"23:30:00";"MG";365;651;"UBERLANDIA";"Condutor Dormindo";"Colisão traseira";"Com Vítimas Feridas";"Plena Noite";"Decrescente";"Céu Claro";"Dupla";"Reta";"Não";3;0;1;0;1;2;1;4;-18,87160503;-48,54657702;"SPRF-MG";"DEL15-MG";"UOP01-DEL15-MG"
120212;2018-03-22;"quinta-feira";"23:10:00";"MS";262;202;"AGUA CLARA";"Condutor Dormindo";"Colisão traseira";"Com Vítimas Feridas";"Plena Noite";"Crescente";"Céu Claro";"Simples";"Reta";"Não";3;0;1;0;1;3;1;5;-20;-53;"SPRF-MS";"DEL07-MS";"UOP02-DEL07-MS"
120218;2018-03-23;"sexta-feira";"01:15:00";"SP";153;137,9;"PROMISSAO";"Desobediência às normas de trânsito pelo condutor";"Colisão com objeto estático";"Com Vítimas Feridas";"Plena Noite";"Crescente";"Céu Claro";"Simples";"Reta";"Não";2;0;1;0;0;1;1;2;-21,301086;-49,793598;"SPRF-SP";"DEL07-SP";"UOP01-DEL07-SP"