"id";"data_inversa";"dia_semana";"horario";"uf";"br";"km";"municipio";"causa_acidente";"tipo_acidente";"classificacao_acidente";"fase_dia";"sentido_via";"condicao_metereologica";"tipo_pista";"tracado_via";"uso_solo";"pessoas";"mortos";"feridos_leves";"feridos_graves";"ilesos";"ignorados";"feridos";"veiculos";"latitude";"longitude";"regional";"delegacia";"uop"
120221;2018-03-23;"sexta-feira";"02:49:00";"PR";376;655;"TIJUCAS DO SUL";"Condutor Dormindo";"Saída de leito carroçável";"Sem Vítimas";"Plena Noite";"Decrescente";"Nevoeiro/Neblina";"Dupla";"Curva";"Não";2;0;0;0;1;1;0;2;-25,84192135;-49,04159546;"SPRF-PR";"DEL01-PR";"DEL7/1-UOP08/PR"
120222;2018-03-23;"sexta-feira";"03:30:00";"RJ";101;285;"ITABORAI";"Agressão Externa";"Colisão traseira";"Sem Vítimas";"Plena Noite";"Decrescente";"Céu Claro";"Dupla";"Reta";"Não";4;0;0;0;4;0;0;3;-22,74992;-42,816509;"SPRF-RJ";"DEL02-RJ";"UOP03-DEL02-RJ"
120223;2018-03-23;"sexta-feira";"03:15:00";"SC";282;69;"RANCHO QUEIMADO";"Defeito Mecânico no Veículo";"Saída de leito carroçável";"Com Vítimas Feridas";"Plena Noite";"Decrescente";"Céu Claro";"Simples";"Reta";"Não";2;0;2;0;0;0;2;1;-27,690144;-49,083813;"SPRF-SC";"DEL01-SC";"UOP03-DEL01-SC"
120224;2018-03-23;"sexta-feira";"01:30:00";"SP";116;57,5;"GUARATINGUETA";"Condutor Dormindo";"Saída de leito carroçável";"Sem Vítimas";"Plena Noite";"Decrescente";"Nublado";"Dupla";"Reta";"Sim";5;0;0;0;5;0;0;5;-22,77456411;-45,13804793;"SPRF-SP";"DEL08-SP";"UOP01-DEL08-SP"
120225;2018-03-23;"sexta-feira";"04:30:00";"SE";101;21,6;"MALHADA DOS BOIS";"Condutor Dormindo";"Colisão traseira";"Sem Vítimas";"Amanhecer";"Decrescente";"Nublado";"Simples";"Reta;Aclive";"Sim";3;0;0;0;3;0;0;2;-10,295593;-36,883125;"SPRF-SE";"DEL02-SE";"UOP02-DEL02-SE"
120228;2018-03-23;"sexta-feira";"04:30:00";"RJ";116;294;"PORTO REAL";"Falta de Atenção à Condução";"Colisão traseira";"Com Vítimas Feridas";"Plena Noite";"Decrescente";"Céu Claro";"Dupla";"Reta";"Não";3;0;1;0;1;2;1;4;-22,449371;-44,321712;"SPRF-RJ";"DEL07-RJ";"DEL5/7-UOP03/RJ"
120229;2018-03-23;"sexta-feira";"05:15:00";"SC";101;6;"GARUVA";"Condutor Dormindo";"Tombamento";"Com Vítimas Feridas";"Amanhecer";"Crescente";"Céu Claro";"Dupla";"Reta";"Sim";1;0;1;0;0;0;1;1;-26,0361;-48,8601;"SPRF-SC";"DEL03-SC";"UOP01-DEL03-SC"
120233;2018-03-23;"sexta-feira";"06:20:00";"MG";262;877;"CAMPO FLORIDO";"Não guardar distância de segurança";"Colisão traseira";"Com Vítimas Feridas";"Pleno dia";"Crescente";"Céu Claro";"Simples";"Reta";"Sim";3;0;1;0;1;6;1;8;-19,766943;-48,580914;"SPRF-MG";"DEL13-MG";"UOP01-DEL13-MG"
120234;2018-03-23;"sexta-feira";"05:35:00";"SC";101;252,5;"PAULO LOPES";"Defeito Mecânico no Veículo";"Incêndio";"Sem Vítimas";"Plena Noite";"Decrescente";"Céu Claro";"Múltipla";"Aclive;Reta";"Sim";1;0;0;0;1;0;0;1;-27,96728487;-48,67948651;"SPRF-SC";"DEL02-SC";"UOP03-DEL02-SC"
120238;2018-03-23;"sexta-feira";"05:30:00";"PE";116;36,2;"SALGUEIRO";"Agressão Externa";"Saída de leito carroçável";"Sem Vítimas";"Amanhecer";"Decrescente";"Céu Claro";"Simples";"Reta";"Não";2;0;0;0;0;2;0;2;-8,155601;-39,109115;"SPRF-PE";"DEL05-PE";"UOP01-DEL05-PE"
120242;2018-03-22;"quinta-feira";"22:10:00";"PA";230;720;"MEDICILANDIA";"Velocidade Incompatível";"Tombamento";"Com Vítimas Feridas";"Plena Noite";"Crescente";"Céu Claro";"Simples";"Curva";"Não";2;0;1;0;0;1;1;2;-3,44600252;-52,85728455;"SPRF-PA";"DEL04-PA";"UOP01-DEL04-PA"
120245;2018-03-23;"sexta-feira";"05:10:00";"SC";282;591,9;"SAUDADES";"Condutor Dormindo";"Saída de leito carroçável";"Com Vítimas Feridas";"Plena Noite";"Crescente";"Nevoeiro/Neblina";"Simples";"Interseção de Vias";"Sim";2;0;1;0;0;1;1;2;-26,826925;-53,082031;"SPRF-SC";"DEL07-SC";"UOP02-DEL07-SC"
120250;2018-03-23;"sexta-feira";"07:30:00";"GO";153;675,7;"GOIATUBA";"Não guardar distância de segurança";"Tombamento";"Sem Vítimas";"Pleno dia";"Crescente";"Céu Claro";"Dupla";"Curva";"Não";3;0;0;0;2;1;0;2;-18,1855;-49,2895;"SPRF-GO";"DEL03-GO";"UOP02-DEL03-GO"
120251;2018-03-23;"sexta-feira";"07:00:00";"MG";381;344;"BELA VISTA DE MINAS";"Velocidade Incompatível";"Colisão frontal";"Com Vítimas Feridas";"Pleno dia";"Crescente";"Chuva";"Simples";"Curva";"Não";4;0;2;0;2;0;2;2;-19,83566157;-43,09649494;"SPRF-MG";"DEL03-MG";"UOP01-DEL03-MG"
120260;2018-03-23;"sexta-feira";"06:30:00";"MT";163;873;"SINOP";"Ingestão de Álcool";"Saída de leito carroçável";"Sem Vítimas";"Amanhecer";"Crescente";"Céu Claro";"Simples";"Declive";"Não";2;0;0;0;1;2;0;3;-11,54234591;-55,39450407;"SPRF-MT";"DEL06-MT";"UOP02-DEL06-MT"
120264;2018-03-23;"sexta-feira";"08:35:00";"TO";153;670,9;"GURUPI";"Desobediência às normas de trânsito pelo condutor";"Atropelamento de Pedestre";"Com Vítimas Fatais";"Pleno dia";"Decrescente";"Céu Claro";"Dupla";"Reta";"Sim";3;1;0;0;1;2;0;4;-11,70998;-49,074718;"SPRF-TO";"DEL02-TO";"UOP02-DEL01-TO"
120266;2018-03-23;"sexta-feira";"07:40:00";"MG";381;485,4;"BETIM";"Falta de Atenção à Condução";"Colisão traseira";"Com Vítimas Fatais";"Pleno dia";"Crescente";"Nublado";"Dupla";"Reta";"Sim";3;1;0;0;2;0;0;3;-19,9561;-44,1064;"SPRF-MG";"DEL01-MG";"UOP03-DEL01-MG"
120271;2018-03-23;"sexta-feira";"09:15:00";"MG";116;774,2;"LEOPOLDINA";"Velocidade Incompatível";"Tombamento";"Com Vítimas Feridas";"Pleno dia";"Decrescente";"Céu Claro";"Simples";"Curva;Declive";"Não";2;0;1;0;0;1;1;2;-21,5410415;-42,6538058;"SPRF-MG";"DEL07-MG";"UOP01-DEL07-MG"
120273;2018-03-23;"sexta-feira";"09:00:00";"SC";101;85;"BARRA VELHA";"Falta de Atenção à Condução";"Colisão traseira";"Com Vítimas Feridas";"Pleno dia";"Crescente";"Sol";"Múltipla";"Em Obras";"Não";4;0;2;0;2;0;2;2;-26,6372;-48,6962;"SPRF-SC";"DEL03-SC";"UOP02-DEL03-SC"
120276;2018-03-23;"sexta-feira";"09:45:00";"MG";381;827,5;"SAO SEBASTIAO DA BELA VISTA";"Falta de Atenção à Condução";"Colisão traseira";"Sem Vítimas";"Pleno dia";"Decrescente";"Sol";"Dupla";"Reta";"Não";3;0;0;0;1;2;0;3;-22,11039725;-45,74528396;"SPRF-MG";"DEL16-MG";"UOP01-DEL16-MG"
120282;2018-03-23;"sexta-feira";"09:45:00";"PB";230;165;"CAMPINA GRANDE";"Não guardar distância de segurança";"Colisão traseira";"Sem Vítimas";"Pleno dia";"Crescente";"Céu Claro";"Simples";"Reta";"Sim";2;0;0;0;2;0;0;2;-7,2051;-35,951;"SPRF-PB";"DEL02-PB";"UOP02-DEL02-PB"
120284;2018-03-23;"sexta-feira";"09:50:00";"RS";448;11;"CANOAS";"Falta de Atenção à Condução";"Colisão com objeto em movimento";"Com Vítimas Feridas";"Pleno dia";"Crescente";"Sol";"Dupla";"Reta";"Não";2;0;1;0;1;0;1;2;-29,88817396;-51,24009574;"SPRF-RS";"DEL01-RS";"UOP01-DEL01-RS"
120285;2018-03-23;"sexta-feira";"08:00:00";"PA";230;1115;"ITAITUBA";"Defeito na Via";"Colisão lateral";"Com Vítimas Feridas";"Pleno dia";"Crescente";"Chuva";"Simples";"Curva;Declive";"Não";3;0;0;1;1;5;1;7;-4,391734;-55,90028;"SPRF-PA";"DEL05-PA";"UOP01-DEL05-PA"
120289;2018-03-23;"sexta-feira";"08:35:00";"MT";364;316;"CAMPO VERDE";"Defeito Mecânico no Veículo";"Colisão traseira";"Sem Vítimas";"Pleno dia";"Decrescente";"Céu Claro";"Dupla";"Reta";"Não";2;0;0;0;2;0;0;2;-15,806851;-55,292187;"SPRF-MT";"DEL02-MT";"UOP02-DEL05-MT"
120293;2018-03-23;"sexta-feira";"11:00:00";"BA";324;557;"AMELIA RODRIGUES";"Falta de Atenção à Condução";"Saída de leito carroçável";"Sem Vítimas";"Pleno dia";"Decrescente";"Céu Claro";"Dupla";"Reta;Declive";"Não";5;0;0;0;4;1;0;2;-12,44569296;-38,71959549;"SPRF-BA";"DEL01-BA";"UOP01-DEL01-BA"
120296;2018-03-23;"sexta-feira";"11:12:00";"MG";381;340;"BELA VISTA DE MINAS";"Desobediência às normas de trânsito pelo condutor";"Colisão lateral";"Com Vítimas Feridas";"Pleno dia";"Decrescente";"Céu Claro";"Múltipla";"Aclive";"Sim";3;0;1;0;2;0;1;2;-19,7784;-43,0437;"SPRF-MG";"DEL03-MG";"UOP01-DEL03-MG"
120300;2018-03-23;"sexta-feira";"12:00:00";"MA";135;92;"ITAPECURU MIRIM";"Falta de Atenção à Condução";"Colisão lateral";"Sem Vítimas";"Pleno dia";"Decrescente";"Sol";"Simples";"Reta";"Sim";2;0;0;0;2;0;0;2;-3,30088;-44,418568;"SPRF-MA";"DEL01-MA";"UOP02-DEL01-MA"
120303;2018-03-23;"sexta-feira";"12:10:00";"RS";386;233,4;"SOLEDADE";"Falta de Atenção à Condução";"Saída de leito carroçável";"Com Vítimas Feridas";"Pleno dia";"Crescente";"Garoa/Chuvisco";"Simples";"Aclive;Reta";"Não";2;0;1;0;1;0;1;1;-28,7318494;-52,55547702;"SPRF-RS";"DEL04-RS";"NPF/DEL04-RS"
120304;2018-03-23;"sexta-feira";"03:30:00";"MT";163;1108;"GUARANTA DO NORTE";"Falta de Atenção à Condução";"Tombamento";"Com Vítimas Feridas";"Plena Noite";"Crescente";"Céu Claro";"Simples";"Curva";"Não";2;0;0;1;0;2;1;3;-9,60210399;-54,89387512;"SPRF-MT";"DEL06-MT";"UOP02-DEL06-MT"
120307;2018-03-23;"sexta-feira";"11:30:00";"MT";163;840,8;"SINOP";"Falta de Atenção à Condução";"Colisão frontal";"Com Vítimas Feridas";"Pleno dia";"Crescente";"Céu Claro";"Simples";"Reta";"Sim";4;0;0;2;1;2;2;4;-11,82165317;-55,48782349;"SPRF-MT";"DEL06-MT";"UOP02-DEL06-MT"
120312;2018-03-07;"quarta-feira";"18:15:00";"SP";116;43,8;"CANAS";"Falta de Atenção à Condução";"Colisão traseira";"Com Vítimas Feridas";"Anoitecer";"Decrescente";"Céu Claro";"Dupla";"Reta";"Não";3;0;0;1;2;0;1;3;-22,697359;-45,030148;"SPRF-SP";"DEL08-SP";"UOP02-DEL08-SP"
120320;2018-03-23;"sexta-feira";"13:20:00";"RS";470;201;"BENTO GONCALVES";"Falta de Atenção à Condução";"Saída de leito carroçável";"Com Vítimas Feridas";"Pleno dia";"Decrescente";"Chuva";"Simples";"Curva";"Não";2;0;2;0;0;0;2;1;-29,0765754;-51,587677;"SPRF-RS";"DEL06-RS";"UOP01-DEL06-RS"
120321;2018-03-23;"sexta-feira";"13:25:00";"MG";365;630;"UBERLANDIA";"Pista Escorregadia";"Saída de leito carroçável";"Com Vítimas Feridas";"Pleno dia";"Crescente";"Chuva";"Dupla";"Curva";"Não";2;0;2;0;0;0;2;1;-18,90368807;-48,34877014;"SPRF-MG";"DEL15-MG";"UOP01-DEL15-MG"
120326;2018-03-23;"sexta-feira";"13:30:00";"SP";153;184;"GUAICARA";"Defeito Mecânico no Veículo";"Colisão traseira";"Com Vítimas Feridas";"Pleno dia";"Decrescente";"Céu Claro";"Simples";"Aclive";"Não";8;0;4;0;3;2;4;5;-21,712618;-49,81052;"SPRF-SP";"DEL07-SP";"UOP01-DEL07-SP"
120327;2018-03-23;"sexta-feira";"14:00:00";"GO";364;279,9;"MINEIROS";"Falta de Atenção à Condução";"Tombamento";"Com Vítimas Feridas";"Pleno dia";"Decrescente";"Chuva";"Simples";"Ponte";"Não";1;0;1;0;0;0;1;1;-17,630621;-52,37748;"SPRF-GO";"DEL05-GO";"UOP01-DEL05-GO"
120329;2018-03-23;"sexta-feira";"13:45:00";"SP";381;84,9;"SAO PAULO";"Não guardar distância de segurança";"Colisão lateral";"Com Vítimas Fatais";"Pleno dia";"Decrescente";"Sol";"Dupla";"Reta";"Sim";3;1;0;0;0;2;0;3;-23,44510105;-46,57774384;"SPRF-SP";"DEL03-SP";"DEL6/3-UOP03/SP"
120332;2018-03-23;"sexta-feira";"10:10:00";"BA";101;937;"MUCURI";"Não guardar distância de segurança";"Colisão traseira";"Com Vítimas Feridas";"Pleno dia";"Crescente";"Céu Claro";"Simples";"Reta";"Não";3;0;1;0;2;0;1;3;-18,01498;-39,86196;"SPRF-BA";"DEL09-BA";"UOP02-DEL09-BA"
120333;2018-03-23;"sexta-feira";"11:30:00";"MT";158;376;"CANABRAVA DO NORTE";"Pista Escorregadia";"Colisão frontal";"Com Vítimas Feridas";"Pleno dia";"Decrescente";"Chuva";"Simples";"Reta";"Não";4;0;0;1;2;3;1;5;-11,23750588;-51,6774264;"SPRF-MT";"DEL07-MT";"UOP02-DEL07-MT"
120339;2018-03-23;"sexta-feira";"14:50:00";"RS";290;94,1;"PORTO ALEGRE";"Condutor Dormindo";"Tombamento";"Com Vítimas Feridas";"Pleno dia";"Decrescente";"Céu Claro";"Simples";"Curva";"Sim";2;0;0;1;0;1;1;2;-29,97507621;-51,19850993;"SPRF-RS";"DEL01-RS";"UOP01-DEL01-RS"
120341;2018-03-23;"sexta-feira";"15:10:00";"GO";153;507,6;"APARECIDA DE GOIANIA";"Falta de Atenção à Condução";"Colisão traseira";"Com Vítimas Feridas";"Pleno dia";"Decrescente";"Sol";"Dupla";"Reta";"Sim";3;0;1;0;2;0;1;3;-16,76973569;-49,23910344;"SPRF-GO";"DEL01-GO";"UOP03-DEL01-GO"
120342;2018-03-23;"sexta-feira";"14:40:00";"DF";60;28;"BRASILIA";"Não guardar distância de segurança";"Colisão traseira";"Com Vítimas Feridas";"Pleno dia";"Crescente";"Céu Claro";"Dupla";"Reta";"Não";4;0;1;0;2;1;1;3;-16,020638;-48,250832;"SPRF-DF";"DEL01-DF";"UOP01-DEL03-DF"
120347;2018-03-23;"sexta-feira";"14:20:00";"ES";101;282,5;"CARIACICA";"Desobediência às normas de trânsito pelo condutor";"Colisão lateral";"Com Vítimas Feridas";"Pleno dia";"Decrescente";"Céu Claro";"Simples";"Viaduto";"Não";2;0;0;1;1;0;1;2;-20,2300482;-40,3674812;"SPRF-ES";"DEL01-ES";"UOP01-DEL01-ES"
120349;2018-03-23;"sexta-feira";"13:55:00";"BA";101;675;"ITAGIMIRIM";"Velocidade Incompatível";"Saída de leito carroçável";"Com Vítimas Feridas";"Pleno dia";"Crescente";"Céu Claro";"Simples";"Reta";"Não";2;0;2;0;0;0;2;1;-16,03459493;-39,60983276;"SPRF-BA";"DEL09-BA";"UOP01-DEL09-BA"
120351;2018-03-23;"sexta-feira";"15:30:00";"SP";116;436;"REGISTRO";"Condutor Dormindo";"Saída de leito carroçável";"Com Vítimas Feridas";"Pleno dia";"Decrescente";"Céu Claro";"Dupla";"Reta";"Não";1;0;1;0;0;0;1;1;-24,4570243;-47,8141861;"SPRF-SP";"DEL05-SP";"UOP01-DEL05-SP"
120354;2018-03-23;"sexta-feira";"06:30:00";"MT";70;213;"GENERAL CARNEIRO";"Condutor Dormindo";"Saída de leito carroçável";"Sem Vítimas";"Pleno dia";"Decrescente";"Céu Claro";"Simples";"Curva";"Não";1;0;0;0;1;0;0;1;-15,711537;-53,828487;"SPRF-MT";"DEL05-MT";"UOP01-DEL05-MT"
120361;2018-03-23;"sexta-feira";"16:30:00";"GO";60;14,8;"ALEXANIA";"Condutor Dormindo";"Colisão lateral";"Com Vítimas Feridas";"Pleno dia";"Decrescente";"Nublado";"Dupla";"Curva;Declive";"Não";2;0;0;1;1;0;1;2;-16,10930785;-48,35879532;"SPRF-DF";"DEL01-DF";"UOP01-DEL03-DF"
120369;2018-03-23;"sexta-feira";"16:10:00";"CE";116;405,9;"UMARI";"Defeito na Via";"Colisão traseira";"Sem Vítimas";"Pleno dia";"Crescente";"Nublado";"Simples";"Reta;Ponte";"Não";3;0;0;0;2;1;0;3;-6,65984392;-38,81872559;"SPRF-CE";"DEL05-CE";"UOP01-DEL05-CE"
120371;2018-03-23;"sexta-feira";"17:00:00";"RJ";116;10,8;"SAPUCAIA";"Desobediência às normas de trânsito pelo condutor";"Colisão traseira";"Com Vítimas Feridas";"Anoitecer";"Decrescente";"Chuva";"Simples";"Reta";"Não";3;0;1;1;1;0;2;2;-21,9445606;-42,723115;"SPRF-RJ";"DEL04-RJ";"UOP01-DEL04-RJ"
120375;2018-03-23;"sexta-feira";"17:30:00";"PE";423;37;"CACHOEIRINHA";"Desobediência às normas de trânsito pelo condutor";"Colisão traseira";"Com Vítimas Feridas";"Anoitecer";"Crescente";"Céu Claro";"Simples";"Reta";"Não";3;0;1;0;1;1;1;3;-8,48021429;-36,22416615;"SPRF-PE";"DEL02-PE";"UOP03-DEL02-PE"
120378;2018-03-23;"sexta-feira";"17:55:00";"PB";101;83;"BAYEUX";"Falta de Atenção à Condução";"Colisão traseira";"Com Vítimas Feridas";"Plena Noite";"Crescente";"Céu Claro";"Dupla";"Reta";"Sim";3;0;1;0;2;0;1;2;-7,1352768;-34,9280708;"SPRF-PB";"DEL01-PB";"UOP01-DEL01-PB"
120382;2018-03-23;"sexta-feira";"16:30:00";"RS";468;4;"PALMEIRA DAS MISSOES";"Falta de Atenção à Condução";"Colisão transversal";"Com Vítimas Feridas";"Pleno dia";"Crescente";"Chuva";"Simples";"Interseção de Vias";"Não";5;0;4;0;1;0;4;2;-27,863552;-53,350998;"SPRF-RS";"DEL08-RS";"UOP01-DEL08-RS"
120397;2018-03-23;"sexta-feira";"17:35:00";"BA";101;899,2;"CARAVELAS";"Defeito Mecânico no Veículo";"Derramamento de carga";"Sem Vítimas";"Anoitecer";"Decrescente";"Céu Claro";"Simples";"Curva";"Não";2;0;0;0;1;1;0;2;-17,7187;-39,7675;"SPRF-BA";"DEL09-BA";"UOP02-DEL09-BA"
120398;2018-03-23;"sexta-feira";"15:20:00";"RN";427;99;"CAICO";"Falta de Atenção à Condução";"Colisão traseira";"Com Vítimas Feridas";"Pleno dia";"Decrescente";"Céu Claro";"Simples";"Em Obras";"Sim";3;0;0;1;2;0;1;3;-6,459299;-37,09848;"SPRF-RN";"DEL03-RN";"UOP01-DEL03-RN"
120403;2018-03-19;"segunda-feira";"09:00:00";"GO";60;50;"APARECIDA DE GOIANIA";"Desobediência às normas de trânsito pelo condutor";"Derramamento de carga";"Sem Vítimas";"Pleno dia";"Crescente";"Nublado";"Dupla";"Curva";"Sim";1;0;0;0;1;0;0;1;-16,8101;-49,2397;"SPRF-GO";"DEL01-GO";"UOP03-DEL01-GO"
120414;2018-03-23;"sexta-feira";"19:05:00";"MA";135;121,9;"MIRANDA DO NORTE";"Ultrapassagem Indevida";"Colisão lateral";"Sem Vítimas";"Plena Noite";"Decrescente";"Chuva";"Simples";"Reta";"Não";2;0;0;0;2;0;0;2;-3,534737;-44,562477;"SPRF-MA";"DEL01-MA";"UOP02-DEL01-MA"
120427;2018-03-23;"sexta-feira";"08:15:00";"SC";153;74,1;"CONCORDIA";"Velocidade Incompatível";"Tombamento";"Com Vítimas Feridas";"Pleno dia";"Decrescente";"Céu Claro";"Simples";"Curva";"Não";2;0;0;1;0;1;1;2;-27,078651;-51,904682;"SPRF-SC";"DEL07-SC";"UOP04-DEL07-SC"
120428;2018-03-23;"sexta-feira";"20:30:00";"RS";285;194,1;"LAGOA VERMELHA";"Desobediência às normas de trânsito pelo condutor";"Colisão lateral";"Com Vítimas Feridas";"Plena Noite";"Crescente";"Céu Claro";"Simples";"Reta";"Não";3;0;1;0;2;0;1;3;-28,242066;-51,498464;"SPRF-RS";"DEL08-RS";"UOP05-DEL08-RS"
120434;2018-03-23;"sexta-feira";"20:25:00";"PR";116;205;"RIO NEGRO";"Desobediência às normas de trânsito pelo condutor";"Colisão traseira";"Com Vítimas Feridas";"Plena Noite";"Decrescente";"Céu Claro";"Simples";"Reta";"Não";4;0;0;1;2;2;1;4;-26,101749;-49,780796;"SPRF-SC";"DEL06-SC";"UOP01-DEL06-SC"
120437;2018-03-23;"sexta-feira";"18:10:00";"RO";364;320;"PRESIDENTE MEDICI";"Defeito Mecânico no Veículo";"Saída de leito carroçável";"Sem Vítimas";"Plena Noite";"Crescente";"Chuva";"Simples";"Reta";"Não";2;0;0;0;1;2;0;3;-11,069378;-61,923172;"SPRF-RO";"DEL02-RO";"UOP01-DEL02-RO"
120438;2018-03-23;"sexta-feira";"21:10:00";"PR";373;183,3;"PONTA GROSSA";"Desobediência às normas de trânsito pelo condutor";"Colisão transversal";"Com Vítimas Feridas";"Plena Noite";"Decrescente";"Céu Claro";"Dupla";"Interseção de Vias";"Não";4;0;1;0;2;2;1;4;-25,0408155;-50,28442383;"SPRF-PR";"DEL03-PR";"UOP01-DEL03-PR"
120439;2018-03-23;"sexta-feira";"07:50:00";"MT";70;454,1;"SANTO ANTONIO DO LEVERGER";"Velocidade Incompatível";"Saída de leito carroçável";"Com Vítimas Feridas";"Pleno dia";"Decrescente";"Céu Claro";"Dupla";"Curva";"Não";2;0;1;0;0;1;1;2;-15,802889;-55,57754;"SPRF-MT";"DEL02-MT";"UOP02-DEL01-MT"
120441;2018-03-23;"sexta-feira";"21:00:00";"MG";116;702,7;"MURIAE";"Desobediência às normas de trânsito pelo condutor";"Tombamento";"Com Vítimas Feridas";"Plena Noite";"Decrescente";"Nublado";"Múltipla";"Rotatória";"Sim";2;0;1;0;0;1;1;2;-21,12505229;-42,381531;"SPRF-MG";"DEL07-MG";"UOP02-DEL07-MG"
120443;2018-03-23;"sexta-feira";"21:40:00";"PR";376;166,7;"MARINGA";"Deficiência ou não Acionamento do Sistema de Iluminação/Sinalização do Veículo";"Colisão traseira";"Com Vítimas Feridas";"Plena Noite";"Decrescente";"Céu Claro";"Dupla";"Reta";"Não";3;0;0;1;1;1;1;3;-23,409788;-51,987453;"SPRF-PR";"DEL07-PR";"UOP01-DEL09-PR"
120447;2018-03-23;"sexta-feira";"21:00:00";"PR";277;7;"PARANAGUA";"Falta de Atenção à Condução";"Colisão traseira";"Com Vítimas Feridas";"Plena Noite";"Decrescente";"Nublado";"Dupla";"Reta";"Não";2;0;0;1;1;0;1;2;-25,56102614;-48,5925293;"SPRF-PR";"DEL01-PR";"UOP05-DEL01-PR"
120448;2018-03-23;"sexta-feira";"21:15:00";"PR";376;166,7;"MARINGA";"Não guardar distância de segurança";"Engavetamento";"Com Vítimas Feridas";"Plena Noite";"Decrescente";"Céu Claro";"Dupla";"Reta";"Não";8;0;2;0;5;2;2;6;-23,409788;-51,987453;"SPRF-PR";"DEL07-PR";"UOP01-DEL09-PR"
120458;2018-03-23;"sexta-feira";"23:00:00";"PE";423;169,5;"AGUAS BELAS";"Desobediência às normas de trânsito pelo condutor";"Colisão frontal";"Com Vítimas Fatais";"Plena Noite";"Decrescente";"Céu Claro";"Simples";"Reta";"Não";2;1;0;0;1;0;0;2;-9,127866;-37,05024;"SPRF-PE";"DEL03-PE";"UOP01-DEL03-PE"
120460;2018-03-24;"sábado";"04:00:00";"MG";40;626;"CONSELHEIRO LAFAIETE";"Defeito Mecânico no Veículo";"Danos eventuais";"Sem Vítimas";"Plena Noite";"Crescente";"Céu Claro";"Simples";"Reta";"Sim";3;0;0;0;3;0;0;1;-20,63254327;-43,81225348;"SPRF-MG";"DEL05-MG";"UOP02-DEL05-MG"
120463;2018-03-24;"sábado";"05:00:00";"SC";101;191;"BIGUACU";"Velocidade Incompatível";"Tombamento";"Com Vítimas Feridas";"Plena Noite";"Crescente";"Chuva";"Dupla";"Curva";"Não";3;0;1;0;1;1;1;3;-27,477;-48,641;"SPRF-SC";"DEL01-SC";"UOP01-DEL01-SC"
120465;2018-03-24;"sábado";"02:40:00";"MS";163;600,1;"SAO GABRIEL DO OESTE";"Ingestão de Álcool";"Saída de leito carroçável";"Com Vítimas Feridas";"Plena Noite";"Decrescente";"Céu Claro";"Dupla";"Reta";"Não";3;0;2;0;0;2;2;3;-19,497798;-54,478866;"SPRF-MS";"DEL06-MS";"UOP02-DEL06-MS"
120466;2018-03-24;"sábado";"02:50:00";"GO";20;12,2;"FORMOSA";"Falta de Atenção à Condução";"Tombamento";"Sem Vítimas";"Plena Noite";"Crescente";"Chuva";"Simples";"Reta";"Não";1;0;0;0;1;0;0;1;-15,56641234;-47,24768043;"SPRF-DF";"DEL02-DF";"UOP01-DEL02-DF"
120471;2018-03-23;"sexta-feira";"20:00:00";"PI";222;43,5;"BRASILEIRA";"Falta de Atenção à Condução";"Colisão traseira";"Sem Vítimas";"Plena Noite";"Crescente";"Chuva";"Simples";"Reta";"Sim";3;0;0;0;1;2;0;3;-4,086505;-41,560806;"SPRF-PI";"DEL02-PI";"UOP01-DEL02-PI"
120478;2018-03-23;"sexta-feira";"21:30:00";"GO";60;265;"INDIARA";"Falta de Atenção à Condução";"Colisão traseira";"Com Vítimas Feridas";"Plena Noite";"Decrescente";"Chuva";"Dupla";"Curva";"Não";3;0;1;0;1;2;1;4;-17,20524565;-50,09418011;"SPRF-GO";"DEL01-GO";"UOP02-DEL01-GO"
120479;2018-03-24;"sábado";"05:45:00";"RS";392;257,6;"CACAPAVA DO SUL";"Desobediência às normas de trânsito pelo condutor";"Colisão transversal";"Com Vítimas Feridas";"Amanhecer";"Crescente";"Nublado";"Simples";"Interseção de Vias";"Sim";3;0;0;1;1;2;1;4;-30,501806;-53,47575;"SPRF-RS";"DEL09-RS";"UOP02-DEL09-RS"
120480;2018-03-24;"sábado";"06:15:00";"MG";267;121,1;"JUIZ DE FORA";"Falta de Atenção à Condução";"Colisão lateral";"Sem Vítimas";"Pleno dia";"Crescente";"Céu Claro";"Simples";"Reta";"Sim";6;0;0;0;5;2;0;6;-21,771578;-43,29119;"SPRF-MG";"DEL05-MG";"UOP01-DEL05-MG"
120481;2018-03-24;"sábado";"01:00:00";"SC";470;121,9;"IBIRAMA";"Ingestão de Álcool";"Colisão frontal";"Com Vítimas Feridas";"Plena Noite";"Decrescente";"Nublado";"Simples";"Curva";"Não";3;0;2;0;1;0;2;2;-27,09229386;-49,52142119;"SPRF-SC";"DEL04-SC";"UOP02-DEL04-SC"
120483;2018-03-24;"sábado";"06:00:00";"DF";20;6;"BRASILIA";"Ingestão de Álcool";"Colisão traseira";"Sem Vítimas";"Pleno dia";"Decrescente";"Céu Claro";"Dupla";"Reta";"Sim";2;0;0;0;2;0;0;2;-15,6613873;-47,79258728;"SPRF-DF";"DEL02-DF";"UOP01-DEL02-DF"
120485;2018-03-24;"sábado";"06:30:00";"BA";116;514;"ITATIM";"Falta de Atenção à Condução";"Colisão traseira";"Sem Vítimas";"Pleno dia";"Crescente";"Nublado";"Simples";"Aclive;Reta";"Não";2;0;0;0;2;0;0;2;-12,67383627;-39,65171814;"SPRF-BA";"DEL03-BA";"UOP02-DEL03-BA"