"id";"data_inversa";"dia_semana";"horario";"uf";"br";"km";"municipio";"causa_acidente";"tipo_acidente";"classificacao_acidente";"fase_dia";"sentido_via";"condicao_metereologica";"tipo_pista";"tracado_via";"uso_solo";"pessoas";"mortos";"feridos_leves";"feridos_graves";"ilesos";"ignorados";"feridos";"veiculos";"latitude";"longitude";"regional";"delegacia";"uop"
120491;2018-03-23;"sexta-feira";"21:22:00";"GO";60;235,1;"INDIARA";"Fenômenos da Natureza";"Saída de leito carroçável";"Com Vítimas Feridas";"Plena Noite";"Decrescente";"Chuva";"Dupla";"Aclive";"Não";2;0;1;0;0;2;1;3;-17,0794;-49,8299;"SPRF-GO";"DEL01-GO";"UOP02-DEL01-GO"
120495;2018-03-24;"sábado";"03:00:00";"PE";316;238;"BELEM DE SAO FRANCISCO";"Defeito Mecânico no Veículo";"Saída de leito carroçável";"Sem Vítimas";"Plena Noite";"Crescente";"Céu Claro";"Simples";"Reta";"Não";1;0;0;0;1;0;0;1;-8,59731588;-39,15046692;"SPRF-PE";"DEL05-PE";"UOP03-DEL05-PE"
120497;2018-03-23;"sexta-feira";"16:55:00";"RO";435;35;"VILHENA";"Falta de Atenção à Condução";"Capotamento";"Com Vítimas Feridas";"Pleno dia";"Crescente";"Céu Claro";"Simples";"Declive;Curva";"Não";1;0;1;0;0;0;1;1;-12,847389;-60,378979;"SPRF-RO";"DEL04-RO";"UOP02-DEL04-RO"
120498;2018-03-24;"sábado";"05:20:00";"RS";101;4,6;"TORRES";"Desobediência às normas de trânsito pelo condutor";"Colisão frontal";"Com Vítimas Fatais";"Plena Noite";"Decrescente";"Céu Claro";"Dupla";"Reta;Aclive";"Não";50;2;17;28;1;2;45;6;-29,33632784;-49,7851038;"SPRF-RS";"DEL03-RS";"DEL9/3-UOP03/RS"
120499;2018-03-24;"sábado";"05:30:00";"MT";364;502,2;"JANGADA";"Ingestão de Álcool";"Colisão traseira";"Com Vítimas Feridas";"Amanhecer";"Crescente";"Céu Claro";"Dupla";"Reta";"Sim";3;0;1;0;1;2;1;4;-15,241585;-56,483437;"SPRF-MT";"DEL01-MT";"DEL2/4-UOP02/MT"
120505;2018-03-23;"sexta-feira";"22:10:00";"MG";365;387;"PATOS DE MINAS";"Pista Escorregadia";"Colisão traseira";"Com Vítimas Feridas";"Plena Noite";"Crescente";"Chuva";"Simples";"Reta";"Não";12;0;6;4;0;2;10;4;-18,626773;-46,304361;"SPRF-MG";"DEL10-MG";"UOP01-DEL10-MG"
120512;2018-03-24;"sábado";"04:15:00";"SC";116;156,7;"SANTA CECILIA";"Velocidade Incompatível";"Colisão frontal";"Com Vítimas Fatais";"Plena Noite";"Decrescente";"Chuva";"Simples";"Curva";"Não";2;1;0;0;1;0;0;2;-27,083289;-50,437984;"SPRF-SC";"DEL06-SC";"UOP02-DEL06-SC"
120514;2018-03-24;"sábado";"01:30:00";"SC";101;25;"JOINVILLE";"Falta de Atenção à Condução";"Colisão traseira";"Com Vítimas Feridas";"Plena Noite";"Decrescente";"Nublado";"Dupla";"Reta";"Não";4;0;1;0;2;1;1;3;-26,1925;-48,912;"SPRF-SC";"DEL03-SC";"UOP01-DEL03-SC"
120521;2018-03-23;"sexta-feira";"19:50:00";"RS";472;510,5;"ITAQUI";"Falta de Atenção à Condução";"Colisão lateral";"Sem Vítimas";"Plena Noite";"Crescente";"Nublado";"Simples";"Curva";"Não";3;0;0;0;1;2;0;3;-29,37499498;-56,65374756;"SPRF-RS";"DEL13-RS";"UOP01-DEL13-RS"
120524;2018-03-24;"sábado";"07:45:00";"MG";50;138,6;"UBERABA";"Condutor Dormindo";"Colisão traseira";"Com Vítimas Feridas";"Pleno dia";"Crescente";"Céu Claro";"Dupla";"Reta";"Não";4;0;1;0;2;1;1;3;-19,4686;-48,0558;"SPRF-MG";"DEL13-MG";"UOP01-DEL13-MG"
120525;2018-03-23;"sexta-feira";"23:15:00";"MT";70;652,3;"CACERES";"Animais na Pista";"Atropelamento de Animal";"Sem Vítimas";"Plena Noite";"Crescente";"Céu Claro";"Simples";"Reta";"Não";1;0;0;0;1;0;0;1;-15,999313;-57,205695;"SPRF-MT";"DEL03-MT";"UOP02-DEL03-MT"
120528;2018-03-24;"sábado";"03:30:00";"SP";116;301;"SAO LOURENCO DA SERRA";"Falta de Atenção à Condução";"Derramamento de carga";"Sem Vítimas";"Plena Noite";"Crescente";"Nevoeiro/Neblina";"Dupla";"Reta";"Não";1;0;0;0;1;0;0;1;-23,80442383;-46,92193419;"SPRF-SP";"DEL04-SP";"UOP01-DEL04-SP"
120529;2018-03-24;"sábado";"04:10:00";"BA";324;480;"TANQUINHO";"Condutor Dormindo";"Tombamento";"Com Vítimas Feridas";"Plena Noite";"Crescente";"Céu Claro";"Simples";"Curva";"Não";2;0;1;0;0;1;1;2;-12,00036827;-39,0763092;"SPRF-BA";"DEL02-BA";"UOP01-DEL02-BA"
120531;2018-03-24;"sábado";"08:20:00";"PE";104;63,9;"CARUARU";"Defeito Mecânico no Veículo";"Colisão traseira";"Com Vítimas Feridas";"Pleno dia";"Decrescente";"Céu Claro";"Dupla";"Reta";"Sim";3;0;1;0;2;0;1;3;-8,2792;-35,98141;"SPRF-PE";"DEL02-PE";"UOP01-DEL02-PE"
120535;2018-02-20;"terça-feira";"09:30:00";"PB";101;120;"CAAPORA";"Defeito Mecânico no Veículo";"Colisão com objeto estático";"Sem Vítimas";"Pleno dia";"Decrescente";"Céu Claro";"Dupla";"Declive";"Não";1;0;0;0;1;0;0;1;-7,47549578;-34,97840881;"SPRF-PB";"DEL01-PB";"UOP01-DEL01-PB"
120537;2018-03-24;"sábado";"06:30:00";"SP";116;515;"CAJATI";"Velocidade Incompatível";"Tombamento";"Sem Vítimas";"Pleno dia";"Decrescente";"Céu Claro";"Dupla";"Reta";"Não";1;0;0;0;1;0;0;1;-24,80792792;-48,21350098;"SPRF-SP";"DEL05-SP";"UAP01-DEL05-SP"
120540;2018-03-24;"sábado";"01:15:00";"RJ";393;289;"VOLTA REDONDA";"Desobediência às normas de trânsito pelo condutor";"Colisão transversal";"Sem Vítimas";"Plena Noite";"Decrescente";"Céu Claro";"Dupla";"Interseção de Vias";"Sim";3;0;0;0;2;1;0;3;-22,51689661;-44,10865098;"SPRF-RJ";"DEL05-RJ";"UOP04-DEL05-RJ"
120541;2018-03-24;"sábado";"09:10:00";"RS";116;354,2;"SAO LOURENCO DO SUL";"Falta de Atenção à Condução";"Tombamento";"Sem Vítimas";"Pleno dia";"Decrescente";"Chuva";"Simples";"Reta";"Sim";2;0;0;0;1;2;0;3;-31,23502268;-51,99970722;"SPRF-RS";"DEL02-RS";"UOP03-DEL02-RS"
120548;2018-03-24;"sábado";"08:30:00";"MG";381;597;"CARMOPOLIS DE MINAS";"Falta de Atenção à Condução";"Colisão com objeto estático";"Sem Vítimas";"Pleno dia";"Crescente";"Sol";"Múltipla";"Reta";"Não";2;0;0;0;1;1;0;2;-20,5937;-44,704;"SPRF-MG";"DEL04-MG";"UOP01-DEL04-MG"
120549;2018-03-24;"sábado";"09:00:00";"PR";277;38;"MORRETES";"Velocidade Incompatível";"Tombamento";"Com Vítimas Feridas";"Pleno dia";"Decrescente";"Céu Claro";"Múltipla";"Curva";"Não";4;0;0;2;1;3;2;5;-25,5758918;-48,84933472;"SPRF-PR";"DEL01-PR";"UOP05-DEL01-PR"
120550;2018-03-24;"sábado";"10:00:00";"MG";356;276,5;"MURIAE";"Velocidade Incompatível";"Tombamento";"Com Vítimas Feridas";"Pleno dia";"Decrescente";"Sol";"Simples";"Curva";"Não";3;0;1;0;0;2;1;3;-21,125526;-42,375477;"SPRF-MG";"DEL07-MG";"UOP02-DEL07-MG"
120552;2018-02-01;"quinta-feira";"21:45:00";"PB";230;78,3;"RIACHAO DO POCO";"Deficiência ou não Acionamento do Sistema de Iluminação/Sinalização do Veículo";"Colisão traseira";"Sem Vítimas";"Plena Noite";"Crescente";"Céu Claro";"Dupla";"Reta;Declive";"Não";4;0;0;0;1;3;0;3;-7,181122;-35,310689;"SPRF-PB";"DEL01-PB";"UOP03-DEL01-PB"
120561;2018-03-24;"sábado";"10:45:00";"SP";116;7,8;"QUELUZ";"Falta de Atenção à Condução";"Colisão traseira";"Com Vítimas Feridas";"Pleno dia";"Crescente";"Céu Claro";"Dupla";"Reta";"Sim";4;0;1;0;2;1;1;3;-22,53594437;-44,76984251;"SPRF-SP";"DEL08-SP";"UOP02-DEL08-SP"
120579;2018-03-24;"sábado";"12:00:00";"PE";101;137,5;"PRIMAVERA";"Falta de Atenção à Condução";"Tombamento";"Sem Vítimas";"Pleno dia";"Crescente";"Chuva";"Simples";"Curva";"Não";1;0;0;0;1;0;0;1;-8,4193;-35,3166;"SPRF-PE";"DEL01-PE";"UOP03-DEL01-PE"
120583;2018-03-24;"sábado";"11:40:00";"AL";101;114;"PILAR";"Velocidade Incompatível";"Saída de leito carroçável";"Sem Vítimas";"Pleno dia";"Crescente";"Chuva";"Simples";"Curva";"Não";2;0;0;0;1;1;0;2;-9,628554;-36,030724;"SPRF-AL";"DEL02-AL";"UOP01-DEL02-AL"
120584;2018-03-24;"sábado";"13:15:00";"TO";153;341,7;"GUARAI";"Condutor Dormindo";"Colisão lateral";"Com Vítimas Feridas";"Pleno dia";"Crescente";"Céu Claro";"Simples";"Reta";"Não";3;0;1;0;1;1;1;3;-8,86835989;-48,50573729;"SPRF-TO";"DEL02-TO";"UOP02-DEL02-TO"
120587;2018-03-24;"sábado";"12:20:00";"PA";316;8,5;"ANANINDEUA";"Desobediência às normas de trânsito pelo condutor";"Colisão transversal";"Sem Vítimas";"Pleno dia";"Decrescente";"Sol";"Dupla";"Reta";"Sim";2;0;0;0;2;0;0;2;-1,36608054;-48,36645126;"SPRF-PA";"DEL01-PA";"DEL19/1-UOP05/PA"
120592;2018-03-24;"sábado";"13:15:00";"GO";50;103,3;"CRISTALINA";"Falta de Atenção à Condução";"Saída de leito carroçável";"Com Vítimas Feridas";"Pleno dia";"Crescente";"Garoa/Chuvisco";"Dupla";"Reta";"Não";2;0;1;0;0;1;1;2;-16,80235;-47,65432;"SPRF-DF";"DEL01-DF";"UOP02-DEL01-DF"
120594;2018-03-24;"sábado";"08:15:00";"MG";0;0;"TRES CORACOES";"Ingestão de Substâncias Psicoativas";"Colisão lateral";"Sem Vítimas";"Pleno dia";"Não Informado";"Sol";"Simples";"Curva";"Não";6;0;0;0;3;3;0;4;-21,630245;-45,394869;"SPRF-MG";"DEL16-MG";"UOP02-DEL16-MG"
120600;2018-03-24;"sábado";"13:20:00";"RS";116;390;"CAMAQUA";"Falta de Atenção à Condução";"Colisão transversal";"Com Vítimas Feridas";"Pleno dia";"Crescente";"Chuva";"Simples";"Reta";"Não";6;0;5;0;1;0;5;3;-30,82486457;-51,71642303;"SPRF-RS";"DEL02-RS";"UOP03-DEL02-RS"
120601;2018-03-24;"sábado";"10:40:00";"MT";70;514;"CUIABA";"Defeito Mecânico no Veículo";"Colisão com objeto em movimento";"Sem Vítimas";"Pleno dia";"Crescente";"Sol";"Simples";"Reta";"Não";5;0;0;0;3;5;0;8;-15,69576437;-56,10443115;"SPRF-MT";"DEL01-MT";"DEL2/4-UOP02/MT"
120603;2018-03-24;"sábado";"12:00:00";"SC";101;111;"NAVEGANTES";"Falta de Atenção à Condução";"Tombamento";"Sem Vítimas";"Pleno dia";"Decrescente";"Nublado";"Simples";"Curva";"Não";2;0;0;0;1;1;0;2;-26,8439454;-48,71910098;"SPRF-SC";"DEL04-SC";"UOP04-DEL04-SC"
120604;2018-03-24;"sábado";"14:50:00";"RJ";116;169;"SAO JOAO DE MERITI";"Falta de Atenção à Condução";"Colisão lateral";"Sem Vítimas";"Pleno dia";"Crescente";"Céu Claro";"Múltipla";"Reta";"Não";2;0;0;0;2;0;0;2;-22,787143;-43,3788376;"SPRF-RJ";"DEL01-RJ";"UOP02-DEL01-RJ"
120605;2018-03-24;"sábado";"12:10:00";"MG";381;276;"JAGUARACU";"Falta de Atenção à Condução";"Saída de leito carroçável";"Com Vítimas Feridas";"Pleno dia";"Decrescente";"Céu Claro";"Simples";"Curva";"Não";1;0;0;1;0;0;1;1;-19,5932665;-42,7418053;"SPRF-MG";"DEL03-MG";"UOP02-DEL03-MG"
120607;2018-03-24;"sábado";"14:50:00";"GO";50;272,4;"CATALAO";"Falta de Atenção à Condução";"Saída de leito carroçável";"Com Vítimas Feridas";"Pleno dia";"Crescente";"Céu Claro";"Simples";"Reta";"Não";2;0;0;1;0;1;1;2;-18,12497064;-47,90313721;"SPRF-GO";"DEL06-GO";"UOP01-DEL06-GO"
120609;2018-03-24;"sábado";"15:00:00";"SC";101;63;"ARAQUARI";"Ingestão de Álcool";"Colisão traseira";"Sem Vítimas";"Pleno dia";"Decrescente";"Céu Claro";"Dupla";"Curva";"Sim";3;0;0;0;2;1;0;3;-26,465;-48,7497;"SPRF-SC";"DEL03-SC";"UOP02-DEL03-SC"
120611;2018-03-24;"sábado";"14:00:00";"PR";277;168;"PALMEIRA";"Velocidade Incompatível";"Tombamento";"Sem Vítimas";"Pleno dia";"Crescente";"Nublado";"Simples";"Curva";"Não";2;0;0;0;1;1;0;2;-25,43541233;-49,97933236;"SPRF-PR";"DEL01-PR";"UOP06-DEL01-PR"
120612;2018-03-24;"sábado";"14:10:00";"PR";277;167,2;"PALMEIRA";"Velocidade Incompatível";"Colisão traseira";"Com Vítimas Feridas";"Pleno dia";"Decrescente";"Céu Claro";"Simples";"Curva";"Não";4;0;2;0;1;1;2;3;-25,43464207;-49,98063684;"SPRF-PR";"DEL01-PR";"UOP06-DEL01-PR"
120615;2018-03-24;"sábado";"14:10:00";"BA";0;0;"SIMOES FILHO";"Falta de Atenção à Condução";"Colisão com objeto estático";"Sem Vítimas";"Pleno dia";"Não Informado";"Chuva";"Múltipla";"Reta";"Não";1;0;0;0;1;0;0;1;-12,75146132;-38,43212843;"SPRF-BA";"DEL01-BA";"UOP01-DEL01-BA"
120618;2018-03-24;"sábado";"14:00:00";"MT";163;590;"NOVA MUTUM";"Falta de Atenção à Condução";"Tombamento";"Sem Vítimas";"Pleno dia";"Decrescente";"Sol";"Simples";"Reta";"Não";2;0;0;0;1;2;0;3;-13,8834122;-56,08932495;"SPRF-MT";"DEL01-MT";"UOP01-DEL01-MT"
120620;2018-03-24;"sábado";"15:10:00";"TO";226;25;"PALMEIRAS DO TOCANTINS";"Defeito na Via";"Saída de leito carroçável";"Sem Vítimas";"Pleno dia";"Crescente";"Céu Claro";"Simples";"Reta";"Não";2;0;0;0;1;2;0;3;-6,638903;-47,658455;"SPRF-TO";"DEL02-TO";"UOP03-DEL02-TO"
120621;2018-03-24;"sábado";"10:00:00";"RS";392;61;"PELOTAS";"Velocidade Incompatível";"Colisão transversal";"Sem Vítimas";"Pleno dia";"Crescente";"Chuva";"Simples";"Curva";"Sim";3;0;0;0;2;1;0;3;-31,787077;-52,351822;"SPRF-RS";"DEL07-RS";"UOP01-DEL07-RS"
120628;2018-03-24;"sábado";"15:30:00";"PR";376;615,1;"SAO JOSE DOS PINHAIS";"Desobediência às normas de trânsito pelo condutor";"Colisão lateral";"Com Vítimas Feridas";"Pleno dia";"Crescente";"Céu Claro";"Dupla";"Reta";"Sim";7;0;2;0;3;3;2;5;-25,57304656;-49,18051687;"SPRF-PR";"DEL01-PR";"DEL7/1-UOP08/PR"
120630;2018-03-24;"sábado";"10:20:00";"BA";101;515,4;"MASCOTE";"Restrição de Visibilidade";"Colisão traseira";"Com Vítimas Feridas";"Pleno dia";"Crescente";"Garoa/Chuvisco";"Simples";"Curva";"Não";3;0;1;0;1;1;1;3;-15,609403;-39,431594;"SPRF-BA";"DEL05-BA";"UOP01-DEL05-BA"
120632;2018-03-24;"sábado";"15:30:00";"MG";40;289,5;"TRES MARIAS";"Não guardar distância de segurança";"Colisão com objeto estático";"Com Vítimas Feridas";"Pleno dia";"Decrescente";"Céu Claro";"Simples";"Reta";"Não";3;0;1;0;1;2;1;4;-18,248829;-45,174572;"SPRF-MG";"DEL14-MG";"UOP02-DEL14-MG"
120633;2018-03-24;"sábado";"16:15:00";"PR";277;214,7;"FERNANDES PINHEIRO";"Ingestão de Álcool";"Colisão traseira";"Sem Vítimas";"Pleno dia";"Crescente";"Céu Claro";"Simples";"Reta";"Não";3;0;0;0;2;1;0;3;-25,47551282;-50,47874451;"SPRF-PR";"DEL03-PR";"UOP02-DEL08-PR"
120634;2018-03-24;"sábado";"15:20:00";"ES";101;61,1;"SAO MATEUS";"Falta de Atenção à Condução";"Colisão transversal";"Com Vítimas Feridas";"Pleno dia";"Crescente";"Céu Claro";"Simples";"Interseção de Vias";"Sim";2;0;1;0;1;0;1;2;-18,72137293;-39,78752173;"SPRF-ES";"DEL04-ES";"UOP02-DEL04-ES"
120639;2018-03-24;"sábado";"12:30:00";"PI";135;277,9;"ALVORADA DO GURGUEIA";"Defeito na Via";"Colisão transversal";"Com Vítimas Feridas";"Pleno dia";"Decrescente";"Chuva";"Simples";"Reta";"Não";3;0;1;0;1;1;1;3;-8,567893;-43,967385;"SPRF-PI";"DEL03-PI";"UOP02-DEL03-PI"
120644;2018-03-24;"sábado";"16:00:00";"PI";316;1,4;"TERESINA";"Não guardar distância de segurança";"Tombamento";"Com Vítimas Fatais";"Pleno dia";"Crescente";"Sol";"Dupla";"Curva";"Sim";3;1;1;0;0;1;1;2;-5,12428523;-42,79788041;"SPRF-PI";"DEL01-PI";"UOP02-DEL01-PI"
120652;2018-03-24;"sábado";"18:00:00";"RS";153;23,7;"TRES ARROIOS";"Desobediência às normas de trânsito pelo condutor";"Colisão frontal";"Com Vítimas Fatais";"Anoitecer";"Crescente";"Chuva";"Simples";"Reta";"Não";4;1;0;0;1;2;0;3;-27,488779;-52,115074;"SPRF-RS";"DEL08-RS";"UOP04-DEL08-RS"
120661;2018-03-24;"sábado";"15:00:00";"RO";364;285;"PRESIDENTE MEDICI";"Não guardar distância de segurança";"Saída de leito carroçável";"Com Vítimas Feridas";"Pleno dia";"Crescente";"Céu Claro";"Simples";"Reta";"Não";1;0;1;0;0;0;1;1;-11,362835;-61,846085;"SPRF-RO";"DEL02-RO";"UOP01-DEL02-RO"
120662;2018-03-24;"sábado";"18:50:00";"MG";262;800,9;"UBERABA";"Ingestão de Álcool";"Colisão frontal";"Com Vítimas Feridas";"Anoitecer";"Decrescente";"Céu Claro";"Dupla";"Reta";"Sim";20;0;4;5;10;2;9;12;-19,777964;-47,9268;"SPRF-MG";"DEL13-MG";"UOP01-DEL13-MG"
120663;2018-03-24;"sábado";"17:00:00";"MS";262;143,2;"AGUA CLARA";"Falta de Atenção à Condução";"Colisão lateral";"Com Vítimas Feridas";"Anoitecer";"Crescente";"Nublado";"Simples";"Declive";"Sim";2;0;1;0;1;0;1;2;-20,44631563;-52,86209106;"SPRF-MS";"DEL07-MS";"UOP02-DEL07-MS"
120671;2018-03-24;"sábado";"18:30:00";"PR";376;471,4;"PONTA GROSSA";"Falta de Atenção à Condução";"Colisão traseira";"Sem Vítimas";"Anoitecer";"Crescente";"Céu Claro";"Dupla";"Interseção de Vias;Retorno Regulamentado;Reta";"Não";4;0;0;0;3;1;0;3;-25,02403695;-50,32675982;"SPRF-PR";"DEL03-PR";"UOP01-DEL03-PR"
120677;2018-03-24;"sábado";"18:35:00";"RO";364;362;"JI-PARANA";"Falta de Atenção à Condução";"Derramamento de carga";"Sem Vítimas";"Anoitecer";"Crescente";"Céu Claro";"Simples";"Reta;Aclive";"Não";4;0;0;0;3;2;0;4;-10,7779895;-62,06987321;"SPRF-RO";"DEL02-RO";"UOP01-DEL02-RO"
120684;2018-03-24;"sábado";"18:50:00";"SC";101;364;"SANGAO";"Falta de Atenção à Condução";"Colisão traseira";"Com Vítimas Feridas";"Plena Noite";"Decrescente";"Céu Claro";"Dupla";"Aclive";"Não";4;0;1;2;1;0;3;2;-28,6808;-49,143;"SPRF-SC";"DEL02-SC";"UOP01-DEL02-SC"
120685;2018-03-24;"sábado";"19:20:00";"RJ";116;177,4;"NOVA IGUACU";"Falta de Atenção à Condução";"Engavetamento";"Sem Vítimas";"Plena Noite";"Crescente";"Céu Claro";"Dupla";"Reta";"Sim";4;0;0;0;4;0;0;4;-22,780552;-43,392086;"SPRF-RJ";"DEL01-RJ";"UOP02-DEL01-RJ"
120690;2018-03-24;"sábado";"18:55:00";"PR";163;13,7;"BOM JESUS DO SUL";"Falta de Atenção à Condução";"Saída de leito carroçável";"Sem Vítimas";"Plena Noite";"Crescente";"Chuva";"Simples";"Curva";"Não";2;0;0;0;1;1;0;2;-26,2271;-53,6429;"SPRF-PR";"DEL02-PR";"UOP02-DEL02-PR"
120695;2018-03-24;"sábado";"15:00:00";"MT";364;459;"VARZEA GRANDE";"Pista Escorregadia";"Colisão com objeto estático";"Sem Vítimas";"Pleno dia";"Crescente";"Nublado";"Simples";"Curva;Declive";"Não";2;0;0;0;1;1;0;2;-15,535929;-56,276119;"SPRF-MT";"DEL01-MT";"DEL2/4-UOP02/MT"
120697;2018-03-24;"sábado";"19:30:00";"RS";290;722,8;"URUGUAIANA";"Ingestão de Álcool";"Saída de leito carroçável";"Sem Vítimas";"Plena Noite";"Crescente";"Nublado";"Simples";"Reta";"Sim";1;0;0;0;1;0;0;1;-29,756443;-57,063598;"SPRF-RS";"DEL13-RS";"UOP01-DEL13-RS"
120701;2018-03-24;"sábado";"16:30:00";"BA";242;300;"ANDARAI";"Pista Escorregadia";"Saída de leito carroçável";"Sem Vítimas";"Pleno dia";"Decrescente";"Chuva";"Simples";"Curva";"Não";2;0;0;0;1;1;0;2;-12,47144193;-40,94467163;"SPRF-BA";"DEL06-BA";"UOP01-DEL06-BA"
120702;2018-03-24;"sábado";"20:25:00";"GO";153;396,4;"PIRENOPOLIS";"Defeito Mecânico no Veículo";"Incêndio";"Sem Vítimas";"Plena Noite";"Decrescente";"Céu Claro";"Simples";"Reta";"Sim";2;0;0;0;1;1;0;2;-16,009773;-49,125004;"SPRF-GO";"DEL02-GO";"UOP02-DEL02-GO"
120713;2018-03-24;"sábado";"21:25:00";"MG";381;512;"IGARAPE";"Defeito Mecânico no Veículo";"Incêndio";"Sem Vítimas";"Plena Noite";"Decrescente";"Céu Claro";"Múltipla";"Reta";"Sim";2;0;0;0;1;1;0;2;-20,07018122;-44,29865599;"SPRF-MG";"DEL01-MG";"UOP03-DEL01-MG"
120716;2018-03-24;"sábado";"09:15:00";"RS";392;207,8;"SANTANA DA BOA VISTA";"Velocidade Incompatível";"Saída de leito carroçável";"Sem Vítimas";"Pleno dia";"Crescente";"Chuva";"Simples";"Curva";"Não";2;0;0;0;1;1;0;2;-30,82188864;-53,17501366;"SPRF-RS";"DEL09-RS";"UOP02-DEL09-RS"
120719;2018-03-23;"sexta-feira";"20:00:00";"AC";317;154;"CAPIXABA";"Objeto estático sobre o leito carroçável";"Colisão com objeto estático";"Com Vítimas Feridas";"Plena Noite";"Crescente";"Céu Claro";"Simples";"Reta";"Não";9;0;2;2;4;1;4;4;-10,602827;-67,738914;"SPRF-AC";"DEL01-AC";"UOP02-DEL01-AC"
120726;2018-03-24;"sábado";"14:10:00";"MG";116;536,6;"SANTA RITA DE MINAS";"Velocidade Incompatível";"Tombamento";"Com Vítimas Feridas";"Pleno dia";"Decrescente";"Sol";"Simples";"Curva";"Não";7;0;4;0;2;2;4;6;-19,854831;-42,140896;"SPRF-MG";"DEL06-MG";"UOP02-DEL06-MG"
120729;2018-03-24;"sábado";"22:00:00";"PE";101;94;"CABO DE SANTO AGOSTINHO";"Pista Escorregadia";"Colisão com objeto estático";"Sem Vítimas";"Plena Noite";"Crescente";"Chuva";"Simples";"Reta";"Sim";1;0;0;0;1;0;0;1;-8,2494;-35,0088;"SPRF-PE";"DEL01-PE";"UOP03-DEL01-PE"
120731;2018-03-24;"sábado";"22:50:00";"RJ";116;221,1;"PIRAI";"Ingestão de Álcool";"Colisão frontal";"Com Vítimas Feridas";"Plena Noite";"Crescente";"Céu Claro";"Simples";"Curva";"Não";3;0;1;0;1;2;1;4;-22,6663924;-43,8434267;"SPRF-RJ";"DEL07-RJ";"UOP01-DEL07-RJ"
120732;2018-03-24;"sábado";"22:30:00";"CE";222;91;"UMIRIM";"Ingestão de Álcool";"Colisão com objeto estático";"Com Vítimas Feridas";"Plena Noite";"Decrescente";"Céu Claro";"Simples";"Interseção de Vias";"Sim";3;0;2;0;1;0;2;2;-3,680739;-39,355988;"SPRF-CE";"DEL04-CE";"UOP03-DEL04-CE"
120737;2018-03-24;"sábado";"22:30:00";"BA";101;38,7;"ESPLANADA";"Não guardar distância de segurança";"Colisão traseira";"Com Vítimas Feridas";"Plena Noite";"Decrescente";"Garoa/Chuvisco";"Simples";"Reta";"Não";4;0;0;1;1;2;1;4;-11,801909;-37,957306;"SPRF-SE";"DEL02-SE";"UOP03-DEL02-SE"
120743;2018-03-24;"sábado";"16:25:00";"RS";392;241;"CACAPAVA DO SUL";"Pista Escorregadia";"Saída de leito carroçável";"Com Vítimas Feridas";"Pleno dia";"Crescente";"Chuva";"Simples";"Curva";"Não";2;0;1;0;0;2;1;3;-30,604622;-53,368252;"SPRF-RS";"DEL09-RS";"UOP02-DEL09-RS"
120744;2018-03-24;"sábado";"18:25:00";"RO";364;627,8;"ITAPUA DO OESTE";"Pista Escorregadia";"Colisão lateral";"Sem Vítimas";"Anoitecer";"Crescente";"Chuva";"Simples";"Reta";"Não";3;0;0;0;2;3;0;5;-9,07633184;-63,35266113;"SPRF-RO";"DEL03-RO";"UOP04-DEL01-RO"
120746;2018-03-24;"sábado";"19:40:00";"RS";392;248;"CACAPAVA DO SUL";"Pista Escorregadia";"Colisão com objeto estático";"Com Vítimas Feridas";"Plena Noite";"Decrescente";"Chuva";"Simples";"Curva;Ponte;Declive";"Não";2;0;0;1;0;2;1;3;-30,555132;-53,409817;"SPRF-RS";"DEL09-RS";"UOP02-DEL09-RS"
120749;2018-03-25;"domingo";"00:40:00";"MT";163;664,9;"LUCAS DO RIO VERDE";"Ingestão de Álcool";"Colisão frontal";"Com Vítimas Fatais";"Plena Noite";"Crescente";"Nublado";"Simples";"Reta";"Não";3;1;0;0;1;2;0;4;-13,3214759;-56,04537964;"SPRF-MT";"DEL06-MT";"UOP01-DEL06-MT"
120751;2018-03-25;"domingo";"01:10:00";"RJ";393;140,3;"SAPUCAIA";"Falta de Atenção à Condução";"Saída de leito carroçável";"Sem Vítimas";"Plena Noite";"Decrescente";"Céu Claro";"Simples";"Curva";"Não";2;0;0;0;1;1;0;2;-21,994415;-42,913506;"SPRF-RJ";"DEL06-RJ";"UOP01-DEL05-RJ"
120770;2018-03-25;"domingo";"01:00:00";"RJ";393;188,3;"PARAIBA DO SUL";"Defeito Mecânico no Veículo";"Incêndio";"Sem Vítimas";"Plena Noite";"Crescente";"Nublado";"Simples";"Reta";"Não";1;0;0;0;1;0;0;1;-22,1435298;-43,2865733;"SPRF-RJ";"DEL05-RJ";"UOP03-DEL05-RJ"
120773;2018-03-25;"domingo";"00:30:00";"MT";364;38;"ALTO GARCAS";"Defeito na Via";"Saída de leito carroçável";"Com Vítimas Feridas";"Plena Noite";"Decrescente";"Céu Claro";"Simples";"Reta";"Não";3;0;2;0;0;1;2;2;-17,100924;-53,461533;"SPRF-MT";"DEL02-MT";"UOP02-DEL02-MT"
120786;2018-03-25;"domingo";"05:30:00";"TO";153;569,3;"FATIMA";"Ingestão de Álcool";"Colisão frontal";"Com Vítimas Fatais";"Amanhecer";"Decrescente";"Nublado";"Simples";"Reta";"Não";3;1;0;0;1;2;0;4;-10,8424746;-48,9045655;"SPRF-TO";"DEL02-TO";"UOP01-DEL01-TO"