"id";"data_inversa";"dia_semana";"horario";"uf";"br";"km";"municipio";"causa_acidente";"tipo_acidente";"classificacao_acidente";"fase_dia";"sentido_via";"condicao_metereologica";"tipo_pista";"tracado_via";"uso_solo";"pessoas";"mortos";"feridos_leves";"feridos_graves";"ilesos";"ignorados";"feridos";"veiculos";"latitude";"longitude";"regional";"delegacia";"uop"
120794;2018-03-24;"sábado";"20:35:00";"MG";381;725,1;"CARMO DA CACHOEIRA";"Falta de Atenção à Condução";"Colisão traseira";"Sem Vítimas";"Plena Noite";"Crescente";"Céu Claro";"Dupla";"Aclive";"Não";3;0;0;0;2;2;0;4;-21,4726;-45,2041;"SPRF-MG";"DEL04-MG";"UOP02-DEL04-MG"
120795;2018-03-25;"domingo";"04:45:00";"AL";316;213,4;"MARIBONDO";"Pista Escorregadia";"Colisão frontal";"Com Vítimas Feridas";"Amanhecer";"Decrescente";"Chuva";"Simples";"Reta";"Não";2;0;1;0;1;0;1;2;-9,521623;-36,233906;"SPRF-AL";"DEL01-AL";"UOP01-DEL01-AL"
120800;2018-03-25;"domingo";"07:30:00";"PR";116;85;"PIRAQUARA";"Mal Súbito";"Saída de leito carroçável";"Com Vítimas Feridas";"Pleno dia";"Decrescente";"Nublado";"Dupla";"Curva";"Não";2;0;1;0;0;1;1;2;-25,430342;-49,083466;"SPRF-PR";"DEL01-PR";"UOP07-DEL01-PR"
120821;2018-03-25;"domingo";"07:40:00";"MG";262;480,1;"BOM DESPACHO";"Velocidade Incompatível";"Saída de leito carroçável";"Com Vítimas Feridas";"Pleno dia";"Crescente";"Céu Claro";"Simples";"Aclive;Reta";"Não";2;0;1;0;0;1;1;2;-19,78514404;-45,28073693;"SPRF-MG";"DEL08-MG";"UOP03-DEL08-MG"
120823;2018-03-25;"domingo";"09:05:00";"SC";470;186;"POUSO REDONDO";"Pista Escorregadia";"Colisão com objeto estático";"Sem Vítimas";"Pleno dia";"Decrescente";"Chuva";"Simples";"Reta";"Não";2;0;0;0;1;1;0;2;-27,25406208;-50,03206283;"SPRF-SC";"DEL04-SC";"UOP02-DEL04-SC"
120831;2018-03-25;"domingo";"10:50:00";"SC";101;34;"JOINVILLE";"Pista Escorregadia";"Colisão lateral";"Com Vítimas Feridas";"Pleno dia";"Decrescente";"Chuva";"Dupla";"Aclive";"Não";2;0;1;0;1;0;1;2;-26,268;-48,896;"SPRF-SC";"DEL03-SC";"UOP01-DEL03-SC"
120833;2018-03-25;"domingo";"10:40:00";"MG";40;464;"SETE LAGOAS";"Velocidade Incompatível";"Saída de leito carroçável";"Com Vítimas Feridas";"Pleno dia";"Decrescente";"Céu Claro";"Dupla";"Reta;Declive";"Não";5;0;1;0;3;2;1;4;-19,4435;-44,3247;"SPRF-MG";"DEL02-MG";"UOP01-DEL02-MG"
120834;2018-03-25;"domingo";"07:05:00";"RO";364;800;"PORTO VELHO";"Ingestão de Álcool";"Colisão traseira";"Com Vítimas Feridas";"Pleno dia";"Crescente";"Nublado";"Simples";"Reta";"Sim";3;0;1;0;1;3;1;5;-9,25800239;-64,40846443;"SPRF-RO";"DEL01-RO";"UOP02-DEL01-RO"
120835;2018-03-25;"domingo";"11:15:00";"MG";262;788;"UBERABA";"Defeito Mecânico no Veículo";"Colisão traseira";"Com Vítimas Feridas";"Pleno dia";"Decrescente";"Céu Claro";"Simples";"Reta";"Não";3;0;1;0;1;2;1;4;-19,766218;-47,87801;"SPRF-MG";"DEL13-MG";"UOP01-DEL13-MG"
120836;2018-03-25;"domingo";"05:25:00";"CE";116;314,8;"JAGUARIBE";"Desobediência às normas de trânsito pelo condutor";"Colisão frontal";"Com Vítimas Feridas";"Amanhecer";"Crescente";"Nublado";"Simples";"Reta";"Não";2;0;1;0;0;1;1;2;-5,950603;-38,631394;"SPRF-CE";"DEL05-CE";"UOP02-DEL05-CE"
120837;2018-03-25;"domingo";"09:00:00";"PR";153;75,9;"CONSELHEIRO MAIRINCK";"Falta de Atenção à Condução";"Tombamento";"Com Vítimas Feridas";"Pleno dia";"Crescente";"Céu Claro";"Simples";"Curva";"Não";2;0;1;0;0;2;1;3;-23,515888;-50,114449;"SPRF-PR";"DEL07-PR";"DEL7/7-UOP08/PR"
120838;2018-03-25;"domingo";"11:15:00";"PR";116;55;"CAMPINA GRANDE DO SUL";"Falta de Atenção à Condução";"Colisão traseira";"Sem Vítimas";"Pleno dia";"Decrescente";"Céu Claro";"Dupla";"Aclive";"Não";3;0;0;0;2;3;0;5;-25,272853;-48,921057;"SPRF-PR";"DEL01-PR";"UOP02-DEL01-PR"
120852;2018-03-25;"domingo";"08:30:00";"SC";282;68,5;"RANCHO QUEIMADO";"Velocidade Incompatível";"Colisão frontal";"Com Vítimas Fatais";"Pleno dia";"Crescente";"Chuva";"Simples";"Curva";"Não";5;3;0;0;1;1;0;3;-27,690144;-49,083813;"SPRF-SC";"DEL01-SC";"UOP03-DEL01-SC"
120855;2018-03-25;"domingo";"08:30:00";"PR";277;371,9;"GUARAPUAVA";"Velocidade Incompatível";"Colisão frontal";"Com Vítimas Feridas";"Pleno dia";"Crescente";"Chuva";"Simples";"Reta;Declive";"Não";3;0;1;0;2;0;1;2;-25,407379;-51,711211;"SPRF-PR";"DEL03-PR";"UOP01-DEL08-PR"
120860;2018-03-25;"domingo";"12:50:00";"ES";101;135,5;"LINHARES";"Velocidade Incompatível";"Colisão transversal";"Com Vítimas Feridas";"Pleno dia";"Crescente";"Sol";"Simples";"Interseção de Vias";"Não";3;0;0;1;1;2;1;4;-19,27958171;-40,0873741;"SPRF-ES";"DEL04-ES";"UOP01-DEL04-ES"
120862;2018-03-25;"domingo";"12:50:00";"GO";153;508,2;"APARECIDA DE GOIANIA";"Velocidade Incompatível";"Colisão traseira";"Com Vítimas Fatais";"Pleno dia";"Crescente";"Nublado";"Dupla";"Reta;Declive";"Sim";2;1;0;0;1;0;0;2;-16,7804;-49,2371;"SPRF-GO";"DEL01-GO";"UOP03-DEL01-GO"
120867;2018-03-25;"domingo";"13:55:00";"MG";381;659;"SANTO ANTONIO DO AMPARO";"Falta de Atenção à Condução";"Colisão com objeto estático";"Sem Vítimas";"Pleno dia";"Decrescente";"Céu Claro";"Múltipla";"Reta";"Não";2;0;0;0;1;1;0;2;-21,0093;-44,98;"SPRF-MG";"DEL04-MG";"UOP02-DEL04-MG"
120874;2018-03-24;"sábado";"22:00:00";"MA";222;305;"VITORIA DO MEARIM";"Não guardar distância de segurança";"Colisão traseira";"Com Vítimas Fatais";"Plena Noite";"Crescente";"Garoa/Chuvisco";"Simples";"Reta";"Não";2;1;0;0;0;1;0;2;-3,549928;-44,910158;"SPRF-MA";"DEL02-MA";"UI04-DEL02-MA"
120881;2018-03-25;"domingo";"12:10:00";"MT";364;520;"ROSARIO OESTE";"Falta de Atenção à Condução";"Colisão frontal";"Com Vítimas Fatais";"Pleno dia";"Crescente";"Chuva";"Simples";"Reta";"Não";4;1;1;0;1;2;1;5;-15,09401;-56,519306;"SPRF-MT";"DEL01-MT";"DEL2/4-UOP02/MT"
120890;2018-03-25;"domingo";"12:45:00";"PR";373;434,1;"CHOPINZINHO";"Carga excessiva e/ou mal acondicionada";"Tombamento";"Com Vítimas Feridas";"Pleno dia";"Decrescente";"Nublado";"Simples";"Curva";"Não";2;0;1;0;0;1;1;2;-25,77516059;-52,26745605;"SPRF-PR";"DEL02-PR";"UOP01-DEL02-PR"
120898;2018-03-25;"domingo";"16:10:00";"BA";242;538;"OLIVEIRA DOS BREJINHOS";"Condutor Dormindo";"Colisão traseira";"Sem Vítimas";"Pleno dia";"Crescente";"Nublado";"Simples";"Reta";"Não";3;0;0;0;2;4;0;6;-12,10085;-42,919033;"SPRF-BA";"DEL10-BA";"UOP03-DEL06-BA"
120905;2018-03-25;"domingo";"17:00:00";"SP";116;10,4;"QUELUZ";"Falta de Atenção à Condução";"Colisão traseira";"Com Vítimas Feridas";"Pleno dia";"Decrescente";"Sol";"Dupla";"Reta";"Não";3;0;1;0;1;1;1;3;-22,544369;-44,7878;"SPRF-SP";"DEL08-SP";"UOP02-DEL08-SP"
120910;2018-03-25;"domingo";"17:00:00";"SP";116;307,5;"SAO LOURENCO DA SERRA";"Desobediência às normas de trânsito pelo condutor";"Colisão lateral";"Sem Vítimas";"Anoitecer";"Decrescente";"Céu Claro";"Dupla";"Curva";"Não";3;0;0;0;2;1;0;3;-23,83057624;-46,92672729;"SPRF-SP";"DEL04-SP";"UOP01-DEL04-SP"
120915;2018-03-25;"domingo";"16:45:00";"PR";116;37,8;"CAMPINA GRANDE DO SUL";"Falta de Atenção do Pedestre";"Atropelamento de Pedestre";"Com Vítimas Feridas";"Pleno dia";"Decrescente";"Céu Claro";"Dupla";"Reta";"Sim";3;0;0;1;1;1;1;2;-25,146555;-48,858281;"SPRF-PR";"DEL01-PR";"UOP02-DEL01-PR"
120921;2018-03-25;"domingo";"17:45:00";"MG";381;816;"CAREACU";"Condutor Dormindo";"Colisão lateral";"Com Vítimas Fatais";"Pleno dia";"Crescente";"Céu Claro";"Dupla";"Curva";"Não";3;1;1;0;0;1;1;3;-22,03810616;-45,68484843;"SPRF-MG";"DEL16-MG";"UOP02-DEL16-MG"
120925;2018-03-25;"domingo";"18:00:00";"SP";116;330;"JUQUITIBA";"Velocidade Incompatível";"Saída de leito carroçável";"Sem Vítimas";"Anoitecer";"Decrescente";"Garoa/Chuvisco";"Dupla";"Reta";"Não";2;0;0;0;1;1;0;2;-23,94860617;-47,10456848;"SPRF-SP";"DEL04-SP";"UOP03-DEL04-SP"
120926;2018-03-25;"domingo";"13:00:00";"MT";364;464;"VARZEA GRANDE";"Velocidade Incompatível";"Colisão frontal";"Com Vítimas Feridas";"Pleno dia";"Crescente";"Chuva";"Simples";"Declive";"Não";3;0;1;0;1;3;1;5;-15,494163;-56,277405;"SPRF-MT";"DEL01-MT";"DEL2/4-UOP02/MT"
120941;2018-03-25;"domingo";"19:00:00";"MG";381;901;"CAMBUI";"Defeito Mecânico no Veículo";"Colisão com objeto estático";"Sem Vítimas";"Plena Noite";"Decrescente";"Céu Claro";"Dupla";"Reta";"Sim";1;0;0;0;1;0;0;1;-22,62915815;-46,07745493;"SPRF-MG";"DEL16-MG";"UOP03-DEL16-MG"
120944;2018-03-25;"domingo";"12:20:00";"MG";116;297,8;"ITAMBACURI";"Condutor Dormindo";"Colisão frontal";"Com Vítimas Feridas";"Pleno dia";"Crescente";"Céu Claro";"Múltipla";"Reta";"Não";3;0;0;1;0;3;1;4;-18,02183358;-41,63269043;"SPRF-MG";"DEL11-MG";"UOP01-DEL11-MG"
120945;2018-03-25;"domingo";"19:10:00";"MA";10;235;"IMPERATRIZ";"Falta de Atenção à Condução";"Colisão traseira";"Com Vítimas Feridas";"Plena Noite";"Crescente";"Chuva";"Simples";"Reta";"Não";4;0;0;1;3;0;1;3;-5,663064;-47,384014;"SPRF-MA";"DEL04-MA";"UOP01-DEL04-MA"
120952;2018-03-25;"domingo";"19:00:00";"RN";304;299,3;"MACAIBA";"Falta de Atenção à Condução";"Colisão traseira";"Com Vítimas Feridas";"Plena Noite";"Decrescente";"Céu Claro";"Dupla";"Reta";"Não";2;0;0;1;0;1;1;2;-5,869131;-35,329449;"SPRF-RN";"DEL01-RN";"UOP02-DEL01-RN"
120955;2018-03-25;"domingo";"14:15:00";"PR";277;47;"MORRETES";"Defeito Mecânico no Veículo";"Colisão com objeto estático";"Sem Vítimas";"Pleno dia";"Decrescente";"Chuva";"Dupla";"Reta";"Não";2;0;0;0;1;1;0;2;-25,59307792;-48,8822937;"SPRF-PR";"DEL01-PR";"UOP07-DEL01-PR"
120972;2018-03-25;"domingo";"20:10:00";"PE";104;95;"AGRESTINA";"Ingestão de Álcool";"Colisão frontal";"Com Vítimas Feridas";"Plena Noite";"Decrescente";"Ignorado";"Simples";"Reta";"Não";4;0;2;0;2;0;2;2;-8,48595509;-35,94177246;"SPRF-PE";"DEL02-PE";"UOP01-DEL02-PE"
120973;2018-03-25;"domingo";"18:30:00";"PI";316;43;"LAGOA DO PIAUI";"Falta de Atenção à Condução";"Colisão frontal";"Com Vítimas Feridas";"Plena Noite";"Decrescente";"Céu Claro";"Simples";"Reta";"Não";6;0;0;5;1;0;5;2;-5,4410223;-42,63175964;"SPRF-PI";"DEL01-PI";"UOP02-DEL01-PI"
120974;2018-03-25;"domingo";"20:00:00";"MS";262;758,2;"CORUMBA";"Falta de Atenção à Condução";"Tombamento";"Com Vítimas Feridas";"Plena Noite";"Crescente";"Nublado";"Simples";"Curva";"Não";2;0;1;0;0;2;1;3;-19,14188428;-57,62439609;"SPRF-MS";"DEL03-MS";"UOP03-DEL03-MS"
120982;2018-03-25;"domingo";"21:00:00";"MT";158;796,9;"BARRA DO GARCAS";"Falta de Atenção à Condução";"Queda de ocupante de veículo";"Sem Vítimas";"Plena Noite";"Crescente";"Céu Claro";"Simples";"Reta";"Sim";3;0;0;0;2;2;0;4;-15,87548816;-52,31414795;"SPRF-MT";"DEL07-MT";"UOP01-DEL07-MT"
120985;2018-03-25;"domingo";"21:50:00";"MG";153;128;"PRATA";"Falta de Atenção à Condução";"Colisão com objeto estático";"Sem Vítimas";"Plena Noite";"Crescente";"Nublado";"Simples";"Reta";"Não";1;0;0;0;1;0;0;1;-19,4720343;-48,87088895;"SPRF-MG";"DEL15-MG";"UOP03-DEL15-MG"
120990;2018-03-25;"domingo";"19:30:00";"MS";163;204,9;"CAARAPO";"Falta de Atenção à Condução";"Tombamento";"Com Vítimas Feridas";"Plena Noite";"Decrescente";"Nublado";"Simples";"Reta";"Não";2;0;1;0;0;1;1;2;-22,65710616;-54,80804443;"SPRF-MS";"DEL04-MS";"UOP02-DEL04-MS"
120995;2018-03-25;"domingo";"22:30:00";"PR";376;616;"SAO JOSE DOS PINHAIS";"Não guardar distância de segurança";"Saída de leito carroçável";"Sem Vítimas";"Plena Noite";"Decrescente";"Céu Claro";"Dupla";"Declive";"Não";5;0;0;0;3;2;0;5;-25,57711117;-49,17907476;"SPRF-PR";"DEL01-PR";"DEL7/1-UOP08/PR"
120997;2018-03-25;"domingo";"22:50:00";"MG";381;556,9;"ITAGUARA";"Desobediência às normas de trânsito pelo condutor";"Danos eventuais";"Sem Vítimas";"Plena Noite";"Decrescente";"Céu Claro";"Dupla";"Aclive";"Não";2;0;0;0;1;1;0;2;-20,3498;-44,4447;"SPRF-MG";"DEL04-MG";"UOP03-DEL04-MG"
120998;2018-03-25;"domingo";"21:40:00";"PE";101;63;"RECIFE";"Restrição de Visibilidade";"Atropelamento de Pedestre";"Com Vítimas Feridas";"Plena Noite";"Decrescente";"Chuva";"Dupla";"Desvio Temporário";"Sim";5;0;0;3;1;1;3;3;-8,0174;-34,9413;"SPRF-PE";"DEL01-PE";"UOP02-DEL01-PE"
120999;2018-03-25;"domingo";"19:20:00";"MA";135;134;"MATOES DO NORTE";"Falta de Atenção à Condução";"Colisão traseira";"Com Vítimas Fatais";"Plena Noite";"Crescente";"Nublado";"Simples";"Reta";"Sim";3;1;0;0;1;3;0;5;-3,62451682;-44,55565989;"SPRF-MA";"DEL01-MA";"UOP02-DEL01-MA"
121003;2018-03-25;"domingo";"22:00:00";"SC";470;301;"CAMPOS NOVOS";"Condutor Dormindo";"Colisão frontal";"Sem Vítimas";"Plena Noite";"Crescente";"Céu Claro";"Simples";"Curva";"Não";2;0;0;0;2;0;0;2;-27,373833;-51,056301;"SPRF-SC";"DEL07-SC";"UOP06-DEL07-SC"
121008;2018-03-25;"domingo";"22:20:00";"MG";262;826;"UBERABA";"Defeito Mecânico no Veículo";"Colisão traseira";"Com Vítimas Fatais";"Plena Noite";"Crescente";"Chuva";"Dupla";"Reta";"Não";7;1;3;2;1;0;5;2;-19,762056;-48,138805;"SPRF-MG";"DEL13-MG";"UOP01-DEL13-MG"
121015;2018-03-26;"segunda-feira";"01:50:00";"MT";364;275;"JACIARA";"Ingestão de Álcool";"Saída de leito carroçável";"Sem Vítimas";"Plena Noite";"Crescente";"Ignorado";"Simples";"Reta";"Não";2;0;0;0;1;2;0;3;-15,95336558;-54,99158263;"SPRF-MT";"DEL02-MT";"UOP02-DEL05-MT"
121018;2018-03-25;"domingo";"23:40:00";"SC";101;302,5;"LAGUNA";"Condutor Dormindo";"Colisão com objeto estático";"Com Vítimas Fatais";"Plena Noite";"Crescente";"Nublado";"Múltipla";"Reta";"Sim";4;1;0;2;0;1;2;2;-28,3728;-48,7601;"SPRF-SC";"DEL02-SC";"UOP03-DEL02-SC"
121020;2018-03-25;"domingo";"22:40:00";"MG";262;5,5;"MARTINS SOARES";"Falta de Atenção à Condução";"Saída de leito carroçável";"Sem Vítimas";"Plena Noite";"Crescente";"Céu Claro";"Simples";"Curva";"Não";2;0;0;0;1;2;0;3;-20,257633;-41,801701;"SPRF-MG";"DEL06-MG";"UOP03-DEL06-MG"
121022;2018-03-26;"segunda-feira";"05:20:00";"SC";101;117,2;"ITAJAI";"Velocidade Incompatível";"Tombamento";"Sem Vítimas";"Amanhecer";"Crescente";"Garoa/Chuvisco";"Simples";"Rotatória";"Sim";2;0;0;0;1;1;0;2;-26,8961;-48,7188;"SPRF-SC";"DEL04-SC";"UOP04-DEL04-SC"
121023;2018-03-26;"segunda-feira";"04:45:00";"SP";153;18,8;"NOVA GRANADA";"Condutor Dormindo";"Colisão traseira";"Com Vítimas Feridas";"Plena Noite";"Decrescente";"Céu Claro";"Simples";"Reta";"Não";3;0;1;0;1;2;1;4;-20,46016793;-49,28847671;"SPRF-SP";"DEL09-SP";"UOP01-DEL09-SP"
121027;2018-03-26;"segunda-feira";"06:00:00";"PR";376;2,3;"APUCARANA";"Condutor Dormindo";"Tombamento";"Sem Vítimas";"Pleno dia";"Crescente";"Céu Claro";"Simples";"Curva";"Não";1;0;0;0;1;0;0;1;-23,5513;-51,461266;"SPRF-PR";"DEL07-PR";"UOP03-DEL07-PR"
121032;2018-03-26;"segunda-feira";"06:00:00";"RJ";101;100;"CAMPOS DOS GOYTACAZES";"Velocidade Incompatível";"Saída de leito carroçável";"Com Vítimas Feridas";"Amanhecer";"Crescente";"Céu Claro";"Dupla";"Reta";"Não";1;0;1;0;0;0;1;1;-21,881136;-41,590717;"SPRF-RJ";"DEL08-RJ";"UOP02-DEL08-RJ"
121036;2018-03-26;"segunda-feira";"07:10:00";"CE";116;1,6;"FORTALEZA";"Não guardar distância de segurança";"Colisão lateral";"Sem Vítimas";"Pleno dia";"Decrescente";"Nublado";"Dupla";"Reta";"Sim";2;0;0;0;2;0;0;2;-3,766275;-38,5174286;"SPRF-CE";"DEL01-CE";"UOP02-DEL01-CE"
121039;2018-03-26;"segunda-feira";"06:51:00";"PE";101;67;"RECIFE";"Falta de Atenção à Condução";"Colisão lateral";"Sem Vítimas";"Pleno dia";"Crescente";"Nublado";"Dupla";"Reta";"Sim";3;0;0;0;2;1;0;3;-8,048048;-34,945452;"SPRF-PE";"DEL01-PE";"UOP01-DEL01-PE"
121040;2018-03-26;"segunda-feira";"05:15:00";"RS";285;598,9;"SANTO ANTONIO DAS MISSOES";"Defeito Mecânico no Veículo";"Incêndio";"Sem Vítimas";"Plena Noite";"Decrescente";"Céu Claro";"Simples";"Reta";"Não";2;0;0;0;1;1;0;2;-28,489384;-55,26339;"SPRF-RS";"DEL12-RS";"UOP01-DEL12-RS"
121047;2018-03-26;"segunda-feira";"07:45:00";"GO";60;11,9;"ALEXANIA";"Restrição de Visibilidade";"Colisão lateral";"Com Vítimas Feridas";"Pleno dia";"Decrescente";"Céu Claro";"Dupla";"Aclive;Reta";"Não";2;0;1;0;1;0;1;2;-16,094168;-48,517212;"SPRF-DF";"DEL01-DF";"UOP01-DEL03-DF"
121049;2018-03-26;"segunda-feira";"07:30:00";"SC";101;398,4;"MARACAJA";"Condutor Dormindo";"Colisão traseira";"Sem Vítimas";"Pleno dia";"Crescente";"Nublado";"Dupla";"Declive";"Não";2;0;0;0;2;0;0;2;-28,8434;-49,4302;"SPRF-SC";"DEL02-SC";"UOP02-DEL02-SC"
121050;2018-03-26;"segunda-feira";"07:50:00";"RJ";393;189;"PARAIBA DO SUL";"Falta de Atenção à Condução";"Colisão com objeto estático";"Com Vítimas Feridas";"Pleno dia";"Crescente";"Céu Claro";"Simples";"Reta";"Não";2;0;1;0;1;0;1;2;-22,1620697;-43,3151293;"SPRF-RJ";"DEL05-RJ";"UOP03-DEL05-RJ"
121055;2018-03-26;"segunda-feira";"07:45:00";"SC";101;49;"JOINVILLE";"Velocidade Incompatível";"Colisão com objeto estático";"Com Vítimas Feridas";"Pleno dia";"Crescente";"Chuva";"Dupla";"Curva";"Sim";1;0;1;0;0;0;1;1;-26,3869;-48,8425;"SPRF-SC";"DEL03-SC";"UOP01-DEL03-SC"
121077;2018-03-26;"segunda-feira";"09:13:00";"SC";101;185;"BIGUACU";"Carga excessiva e/ou mal acondicionada";"Colisão com objeto em movimento";"Com Vítimas Feridas";"Pleno dia";"Crescente";"Nublado";"Dupla";"Reta";"Não";2;0;1;0;1;0;1;2;-27,4343;-48,6256;"SPRF-SC";"DEL01-SC";"UOP01-DEL01-SC"
121081;2018-03-26;"segunda-feira";"09:30:00";"PR";277;47,6;"MORRETES";"Mal Súbito";"Colisão lateral";"Com Vítimas Feridas";"Pleno dia";"Crescente";"Chuva";"Dupla";"Aclive";"Não";5;0;3;0;1;2;3;4;-25,59075561;-48,89602661;"SPRF-PR";"DEL01-PR";"UOP07-DEL01-PR"
121083;2018-03-26;"segunda-feira";"09:16:00";"PB";101;84,1;"BAYEUX";"Sinalização da via insuficiente ou inadequada";"Colisão traseira";"Sem Vítimas";"Pleno dia";"Decrescente";"Sol";"Dupla";"Reta";"Sim";2;0;0;0;2;0;0;2;-7,140165;-34,922444;"SPRF-PB";"DEL01-PB";"UOP01-DEL01-PB"
121084;2018-03-26;"segunda-feira";"09:30:00";"BA";101;269;"SANTO ANTONIO DE JESUS";"Velocidade Incompatível";"Colisão frontal";"Com Vítimas Feridas";"Pleno dia";"Decrescente";"Chuva";"Simples";"Curva";"Não";9;0;1;1;6;1;2;3;-13,016454;-39,289272;"SPRF-BA";"DEL01-BA";"UOP02-DEL01-BA"
121088;2018-03-26;"segunda-feira";"10:00:00";"RS";386;440;"CANOAS";"Falta de Atenção à Condução";"Colisão lateral";"Com Vítimas Feridas";"Pleno dia";"Crescente";"Garoa/Chuvisco";"Dupla";"Ponte";"Sim";5;0;3;0;1;1;3;3;-29,878265;-51,241951;"SPRF-RS";"DEL01-RS";"UOP01-DEL01-RS"
121102;2018-03-26;"segunda-feira";"11:10:00";"MG";365;626;"UBERLANDIA";"Desobediência às normas de trânsito pelo condutor";"Colisão traseira";"Com Vítimas Feridas";"Pleno dia";"Decrescente";"Céu Claro";"Dupla";"Reta";"Sim";2;0;1;0;1;0;1;2;-18,90927281;-48,30959095;"SPRF-MG";"DEL15-MG";"UOP01-DEL15-MG"
121105;2018-03-26;"segunda-feira";"08:45:00";"MT";364;348;"SANTO ANTONIO DO LEVERGER";"Defeito Mecânico no Veículo";"Saída de leito carroçável";"Sem Vítimas";"Pleno dia";"Crescente";"Nublado";"Dupla";"Reta";"Não";1;0;0;0;1;0;0;1;-15,80417;-55,554317;"SPRF-MT";"DEL02-MT";"UOP02-DEL01-MT"
121111;2018-03-26;"segunda-feira";"11:50:00";"ES";101;256,2;"SERRA";"Falta de Atenção à Condução";"Colisão traseira";"Com Vítimas Feridas";"Pleno dia";"Decrescente";"Céu Claro";"Dupla";"Declive";"Sim";2;0;1;0;1;0;1;2;-20,12317032;-40,30504435;"SPRF-ES";"DEL02-ES";"UOP01-DEL02-ES"
121121;2018-03-26;"segunda-feira";"12:00:00";"MA";316;532;"CAXIAS";"Defeito Mecânico no Veículo";"Saída de leito carroçável";"Sem Vítimas";"Pleno dia";"Crescente";"Chuva";"Simples";"Reta";"Não";3;0;0;0;3;0;0;1;-4,828565;-43,511826;"SPRF-MA";"DEL03-MA";"UOP02-DEL03-MA"
121124;2018-03-26;"segunda-feira";"11:10:00";"BA";420;339;"JAGUAQUARA";"Falta de Atenção à Condução";"Colisão frontal";"Com Vítimas Fatais";"Pleno dia";"Decrescente";"Céu Claro";"Simples";"Reta";"Não";3;1;2;0;0;0;2;2;-13,48871894;-39,95262982;"SPRF-BA";"DEL03-BA";"UOP01-DEL03-BA"
121126;2018-03-26;"segunda-feira";"11:10:00";"PR";376;660,3;"TIJUCAS DO SUL";"Velocidade Incompatível";"Colisão com objeto estático";"Sem Vítimas";"Pleno dia";"Decrescente";"Chuva";"Dupla";"Curva";"Não";2;0;0;0;1;1;0;2;-25,85180863;-48,99765015;"SPRF-PR";"DEL01-PR";"DEL7/1-UOP08/PR"
121129;2018-03-26;"segunda-feira";"13:15:00";"ES";101;242;"SERRA";"Carga excessiva e/ou mal acondicionada";"Colisão com objeto estático";"Sem Vítimas";"Pleno dia";"Crescente";"Sol";"Múltipla";"Reta";"Sim";2;0;0;0;1;1;0;2;-20,03250773;-40,39662123;"SPRF-ES";"DEL02-ES";"UOP01-DEL02-ES"
121130;2018-03-26;"segunda-feira";"14:00:00";"MA";135;84;"ITAPECURU MIRIM";"Não guardar distância de segurança";"Colisão traseira";"Sem Vítimas";"Pleno dia";"Decrescente";"Chuva";"Simples";"Reta";"Não";2;0;0;0;2;0;0;2;-3,249975;-44,382427;"SPRF-MA";"DEL01-MA";"UOP02-DEL01-MA"
121134;2018-03-26;"segunda-feira";"13:30:00";"PR";376;650;"TIJUCAS DO SUL";"Não guardar distância de segurança";"Colisão transversal";"Com Vítimas Feridas";"Pleno dia";"Decrescente";"Garoa/Chuvisco";"Dupla";"Reta";"Não";4;0;1;0;2;2;1;4;-25,8468651;-49,08004761;"SPRF-PR";"DEL01-PR";"DEL7/1-UOP08/PR"
121135;2018-03-26;"segunda-feira";"09:15:00";"PR";277;129,4;"BALSA NOVA";"Condutor Dormindo";"Saída de leito carroçável";"Com Vítimas Feridas";"Pleno dia";"Crescente";"Céu Claro";"Dupla";"Reta";"Não";2;0;0;1;0;1;1;2;-25,4701435;-49,7250676;"SPRF-PR";"DEL01-PR";"UOP06-DEL01-PR"
121137;2018-03-26;"segunda-feira";"11:50:00";"BA";242;334;"LENCOIS";"Falta de Atenção à Condução";"Colisão traseira";"Com Vítimas Feridas";"Pleno dia";"Crescente";"Sol";"Simples";"Reta";"Não";4;0;1;0;2;4;1;7;-12,48082797;-41,36077881;"SPRF-BA";"DEL06-BA";"UOP01-DEL06-BA"
121138;2018-03-26;"segunda-feira";"14:25:00";"TO";153;517,9;"PUGMIL";"Objeto estático sobre o leito carroçável";"Colisão traseira";"Com Vítimas Feridas";"Pleno dia";"Decrescente";"Garoa/Chuvisco";"Simples";"Reta";"Não";3;0;1;0;1;4;1;6;-10,38943186;-48,89410615;"SPRF-TO";"DEL02-TO";"UOP01-DEL01-TO"
121140;2018-03-26;"segunda-feira";"14:20:00";"ES";262;79,7;"DOMINGOS MARTINS";"Falta de Atenção à Condução";"Colisão lateral";"Com Vítimas Feridas";"Pleno dia";"Decrescente";"Céu Claro";"Simples";"Curva";"Não";4;0;1;0;2;4;1;7;-20,40813996;-40,93732942;"SPRF-ES";"DEL01-ES";"UOP02-DEL01-ES"
121142;2018-03-26;"segunda-feira";"14:40:00";"GO";414;425,5;"ABADIANIA";"Ultrapassagem Indevida";"Tombamento";"Sem Vítimas";"Pleno dia";"Crescente";"Céu Claro";"Simples";"Reta";"Sim";2;0;0;0;1;1;0;2;-16,16554822;-48,89456749;"SPRF-GO";"DEL02-GO";"UOP01-DEL02-GO"
121145;2018-03-26;"segunda-feira";"15:00:00";"BA";324;614;"SALVADOR";"Falta de Atenção do Pedestre";"Atropelamento de Pedestre";"Com Vítimas Feridas";"Pleno dia";"Decrescente";"Céu Claro";"Simples";"Reta";"Não";2;0;1;0;1;0;1;2;-12,86339155;-38,42479385;"SPRF-BA";"DEL01-BA";"UOP01-DEL01-BA"