"id";"data_inversa";"dia_semana";"horario";"uf";"br";"km";"municipio";"causa_acidente";"tipo_acidente";"classificacao_acidente";"fase_dia";"sentido_via";"condicao_metereologica";"tipo_pista";"tracado_via";"uso_solo";"pessoas";"mortos";"feridos_leves";"feridos_graves";"ilesos";"ignorados";"feridos";"veiculos";"latitude";"longitude";"regional";"delegacia";"uop"
121146;2018-03-26;"segunda-feira";"13:25:00";"SC";101;335;"TUBARAO";"Falta de Atenção à Condução";"Colisão transversal";"Sem Vítimas";"Pleno dia";"Crescente";"Nublado";"Múltipla";"Viaduto;Interseção de Vias";"Sim";4;0;0;0;2;2;0;4;-28,4745;-49,0267;"SPRF-SC";"DEL02-SC";"UOP01-DEL02-SC"
121154;2018-03-26;"segunda-feira";"08:00:00";"SC";101;48,9;"JOINVILLE";"Falta de Atenção à Condução";"Colisão traseira";"Com Vítimas Feridas";"Pleno dia";"Crescente";"Nublado";"Dupla";"Reta";"Sim";7;0;3;0;4;0;3;6;-26,3829;-48,851;"SPRF-SC";"DEL03-SC";"UOP01-DEL03-SC"
121161;2018-03-22;"quinta-feira";"11:15:00";"SC";470;126;"IBIRAMA";"Falta de Atenção à Condução";"Colisão frontal";"Com Vítimas Fatais";"Pleno dia";"Crescente";"Nublado";"Simples";"Reta";"Sim";3;1;0;0;1;1;0;3;-27,129;-49,538277;"SPRF-SC";"DEL04-SC";"UOP02-DEL04-SC"
121164;2018-03-26;"segunda-feira";"16:40:00";"PE";232;332;"CUSTODIA";"Falta de Atenção à Condução";"Colisão traseira";"Com Vítimas Feridas";"Pleno dia";"Decrescente";"Garoa/Chuvisco";"Simples";"Reta";"Sim";3;0;1;0;1;1;1;3;-8,08883449;-37,62647599;"SPRF-PE";"DEL03-PE";"UOP02-DEL03-PE"
121166;2018-03-26;"segunda-feira";"13:00:00";"PI";135;336,7;"SANTA LUZ";"Fenômenos da Natureza";"Colisão lateral";"Com Vítimas Feridas";"Pleno dia";"Decrescente";"Chuva";"Simples";"Reta";"Não";4;0;1;0;2;3;1;5;-8,973167;-44,272016;"SPRF-PI";"DEL03-PI";"UOP02-DEL03-PI"
121169;2018-03-26;"segunda-feira";"15:30:00";"SP";116;545;"BARRA DO TURVO";"Pista Escorregadia";"Colisão com objeto em movimento";"Sem Vítimas";"Pleno dia";"Crescente";"Chuva";"Simples";"Reta";"Não";3;0;0;0;2;1;0;3;-24,95375341;-48,44686031;"SPRF-SP";"DEL05-SP";"UOP02-DEL05-SP"
121179;2018-03-26;"segunda-feira";"12:00:00";"MT";364;567;"NOBRES";"Velocidade Incompatível";"Saída de leito carroçável";"Com Vítimas Fatais";"Pleno dia";"Crescente";"Chuva";"Dupla";"Curva;Ponte";"Não";2;1;0;0;0;2;0;3;-14,746673;-56,327179;"SPRF-MT";"DEL01-MT";"UOP01-DEL01-MT"
121187;2018-03-26;"segunda-feira";"18:00:00";"PR";277;549;"CATANDUVAS";"Falta de Atenção à Condução";"Colisão transversal";"Sem Vítimas";"Pleno dia";"Crescente";"Nublado";"Simples";"Interseção de Vias";"Não";2;0;0;0;2;0;0;2;-25,09034581;-53,16764832;"SPRF-PR";"DEL04-PR";"UOP04-DEL04-PR"
121189;2018-03-26;"segunda-feira";"18:25:00";"BA";101;98;"ALAGOINHAS";"Falta de Atenção à Condução";"Saída de leito carroçável";"Com Vítimas Feridas";"Plena Noite";"Decrescente";"Nublado";"Simples";"Rotatória";"Não";1;0;1;0;0;0;1;1;-12,0890101;-38,34159851;"SPRF-BA";"DEL01-BA";"UOP04-DEL01-BA"
121190;2018-03-26;"segunda-feira";"18:30:00";"BA";20;82,5;"SAO DESIDERIO";"Falta de Atenção à Condução";"Colisão traseira";"Com Vítimas Fatais";"Anoitecer";"Decrescente";"Céu Claro";"Simples";"Reta";"Não";4;2;0;0;1;1;0;3;-13,236076;-46,046718;"SPRF-BA";"DEL10-BA";"UOP01-DEL10-BA"
121195;2018-03-26;"segunda-feira";"19:25:00";"TO";153;399,5;"RIO DOS BOIS";"Defeito na Via";"Tombamento";"Sem Vítimas";"Plena Noite";"Decrescente";"Céu Claro";"Simples";"Curva";"Não";4;0;0;0;4;0;0;4;-9,401731;-48,56609;"SPRF-TO";"DEL02-TO";"UOP02-DEL02-TO"
121197;2018-03-26;"segunda-feira";"19:00:00";"ES";101;22,4;"CONCEICAO DA BARRA";"Velocidade Incompatível";"Colisão frontal";"Com Vítimas Feridas";"Plena Noite";"Crescente";"Céu Claro";"Simples";"Curva;Declive";"Não";3;0;1;0;1;1;1;3;-18,342905;-39,959049;"SPRF-ES";"DEL04-ES";"UOP02-DEL04-ES"
121200;2018-03-26;"segunda-feira";"18:50:00";"SC";280;132,6;"RIO NEGRINHO";"Mal Súbito";"Colisão com objeto estático";"Sem Vítimas";"Plena Noite";"Crescente";"Chuva";"Simples";"Reta";"Não";1;0;0;0;1;0;0;1;-26,261322;-49,548141;"SPRF-SC";"DEL06-SC";"UOP03-DEL06-SC"
121206;2018-03-26;"segunda-feira";"19:40:00";"PR";153;345,3;"IRATI";"Defeito Mecânico no Veículo";"Colisão lateral";"Com Vítimas Feridas";"Plena Noite";"Decrescente";"Chuva";"Simples";"Aclive";"Não";3;0;2;0;1;0;2;2;-25,60933278;-50,69160461;"SPRF-PR";"DEL03-PR";"UOP02-DEL08-PR"
121207;2018-03-26;"segunda-feira";"16:25:00";"MG";50;29;"ARAGUARI";"Defeito Mecânico no Veículo";"Colisão traseira";"Sem Vítimas";"Pleno dia";"Crescente";"Céu Claro";"Dupla";"Curva;Aclive";"Não";2;0;0;0;1;1;0;2;-18,61854587;-48,10250547;"SPRF-MG";"DEL15-MG";"UOP02-DEL15-MG"
121208;2018-03-26;"segunda-feira";"19:20:00";"PR";116;157;"MANDIRITUBA";"Falta de Atenção à Condução";"Colisão frontal";"Com Vítimas Feridas";"Plena Noite";"Crescente";"Chuva";"Simples";"Declive;Reta";"Não";4;0;1;1;0;2;2;3;-25,867712;-49,3647;"SPRF-PR";"DEL01-PR";"UOP03-DEL01-PR"
121213;2018-03-26;"segunda-feira";"20:30:00";"SC";280;132,6;"RIO NEGRINHO";"Restrição de Visibilidade";"Colisão com objeto estático";"Sem Vítimas";"Plena Noite";"Crescente";"Chuva";"Simples";"Reta";"Não";2;0;0;0;1;1;0;2;-26,261322;-49,548141;"SPRF-SC";"DEL06-SC";"UOP03-DEL06-SC"
121217;2018-03-26;"segunda-feira";"20:50:00";"RJ";116;287;"BARRA MANSA";"Falta de Atenção à Condução";"Colisão com objeto estático";"Sem Vítimas";"Pleno dia";"Crescente";"Céu Claro";"Dupla";"Curva";"Sim";1;0;0;0;1;0;0;1;-22,547443;-44,183659;"SPRF-RJ";"DEL07-RJ";"UOP02-DEL07-RJ"
121218;2018-03-26;"segunda-feira";"21:00:00";"MG";40;234;"SAO GONCALO DO ABAETE";"Carga excessiva e/ou mal acondicionada";"Tombamento";"Com Vítimas Feridas";"Plena Noite";"Crescente";"Céu Claro";"Simples";"Reta";"Não";2;0;1;0;0;1;1;2;-18,021683;-45,540188;"SPRF-MG";"DEL14-MG";"UOP02-DEL14-MG"
121219;2018-03-26;"segunda-feira";"19:50:00";"PR";277;37,5;"MORRETES";"Falta de Atenção à Condução";"Colisão traseira";"Com Vítimas Feridas";"Plena Noite";"Decrescente";"Chuva";"Dupla";"Curva;Declive";"Não";4;0;1;0;2;1;1;2;-25,5747027;-48,8500292;"SPRF-PR";"DEL01-PR";"UOP05-DEL01-PR"
121224;2018-03-26;"segunda-feira";"22:00:00";"RJ";116;293;"PORTO REAL";"Falta de Atenção à Condução";"Colisão com objeto estático";"Sem Vítimas";"Plena Noite";"Decrescente";"Céu Claro";"Dupla";"Reta";"Não";2;0;0;0;1;1;0;2;-22,449371;-44,321712;"SPRF-RJ";"DEL07-RJ";"DEL5/7-UOP03/RJ"
121226;2018-03-26;"segunda-feira";"20:25:00";"RS";386;52,8;"SEBERI";"Ultrapassagem Indevida";"Tombamento";"Com Vítimas Feridas";"Plena Noite";"Decrescente";"Céu Claro";"Simples";"Reta";"Não";1;0;1;0;0;0;1;1;-27,468069;-53,40454102;"SPRF-RS";"DEL08-RS";"UOP02-DEL08-RS"
121227;2018-03-26;"segunda-feira";"22:00:00";"SC";470;34;"GASPAR";"Falta de Atenção à Condução";"Saída de leito carroçável";"Com Vítimas Feridas";"Plena Noite";"Decrescente";"Chuva";"Simples";"Reta";"Não";2;0;1;0;0;1;1;2;-26,9029457;-48,93399596;"SPRF-SC";"DEL04-SC";"UOP01-DEL04-SC"
121228;2018-03-26;"segunda-feira";"22:40:00";"SC";101;154,5;"PORTO BELO";"Falta de Atenção à Condução";"Saída de leito carroçável";"Sem Vítimas";"Plena Noite";"Decrescente";"Céu Claro";"Dupla";"Reta";"Sim";2;0;0;0;1;1;0;2;-27,17013655;-48,60813904;"SPRF-SC";"DEL04-SC";"UOP03-DEL04-SC"
121234;2018-03-26;"segunda-feira";"23:00:00";"MG";381;491,4;"BETIM";"Falta de Atenção à Condução";"Colisão lateral";"Com Vítimas Feridas";"Plena Noite";"Crescente";"Céu Claro";"Dupla";"Reta";"Sim";2;0;1;0;1;0;1;2;-19,959849;-44,154651;"SPRF-MG";"DEL01-MG";"UOP03-DEL01-MG"
121238;2018-03-26;"segunda-feira";"20:28:00";"RS";290;296,6;"CACHOEIRA DO SUL";"Defeito Mecânico no Veículo";"Saída de leito carroçável";"Sem Vítimas";"Plena Noite";"Crescente";"Céu Claro";"Simples";"Reta";"Não";2;0;0;0;1;2;0;3;-30,30807147;-53,16820743;"SPRF-RS";"DEL02-RS";"UOP02-DEL02-RS"
121239;2018-03-27;"terça-feira";"00:05:00";"MG";354;716,5;"CAXAMBU";"Carga excessiva e/ou mal acondicionada";"Tombamento";"Com Vítimas Feridas";"Plena Noite";"Crescente";"Céu Claro";"Simples";"Curva";"Não";1;0;1;0;0;0;1;1;-22,05255043;-44,92858887;"SPRF-MG";"DEL05-MG";"UOP01-DEL17-MG"
121249;2018-03-27;"terça-feira";"01:55:00";"PR";116;33,9;"CAMPINA GRANDE DO SUL";"Velocidade Incompatível";"Tombamento";"Sem Vítimas";"Plena Noite";"Decrescente";"Céu Claro";"Dupla";"Curva";"Não";2;0;0;0;1;1;0;2;-25,11462938;-48,84665251;"SPRF-PR";"DEL01-PR";"UOP02-DEL01-PR"
121250;2018-03-27;"terça-feira";"00:40:00";"MT";364;243;"JUSCIMEIRA";"Carga excessiva e/ou mal acondicionada";"Derramamento de carga";"Sem Vítimas";"Plena Noite";"Decrescente";"Chuva";"Simples";"Desvio Temporário";"Sim";1;0;0;0;1;0;0;1;-16,155529;-54,800541;"SPRF-MT";"DEL02-MT";"UOP01-DEL02-MT"
121251;2018-03-26;"segunda-feira";"16:05:00";"RO";435;24;"VILHENA";"Falta de Atenção à Condução";"Derramamento de carga";"Sem Vítimas";"Pleno dia";"Decrescente";"Céu Claro";"Simples";"Reta";"Não";2;0;0;0;1;2;0;3;-12,775492;-60,327389;"SPRF-RO";"DEL04-RO";"UOP02-DEL04-RO"
121252;2018-03-26;"segunda-feira";"15:35:00";"RO";435;78;"COLORADO DO OESTE";"Ultrapassagem Indevida";"Colisão frontal";"Com Vítimas Fatais";"Pleno dia";"Decrescente";"Nublado";"Simples";"Declive";"Não";4;1;0;0;2;2;0;5;-13,109055;-60,47057;"SPRF-RO";"DEL04-RO";"UOP02-DEL04-RO"
121254;2018-03-27;"terça-feira";"02:30:00";"MG";40;564,5;"NOVA LIMA";"Falta de Atenção à Condução";"Tombamento";"Com Vítimas Feridas";"Plena Noite";"Crescente";"Nublado";"Simples";"Reta";"Sim";1;0;1;0;0;0;1;1;-20,16498802;-43,96500474;"SPRF-MG";"DEL01-MG";"UOP02-DEL01-MG"
121255;2018-03-27;"terça-feira";"02:00:00";"MG";153;79,5;"PRATA";"Velocidade Incompatível";"Saída de leito carroçável";"Sem Vítimas";"Plena Noite";"Crescente";"Céu Claro";"Simples";"Aclive";"Não";1;0;0;0;1;0;0;1;-19,3023;-48,90829;"SPRF-MG";"DEL15-MG";"UOP03-DEL15-MG"
121257;2018-03-27;"terça-feira";"03:50:00";"SP";116;71,6;"APARECIDA";"Objeto estático sobre o leito carroçável";"Colisão com objeto estático";"Sem Vítimas";"Plena Noite";"Decrescente";"Nublado";"Dupla";"Reta";"Sim";1;0;0;0;1;0;0;1;-22,85989365;-45,23427486;"SPRF-SP";"DEL08-SP";"UOP01-DEL08-SP"
121260;2018-03-27;"terça-feira";"05:00:00";"PR";376;444;"IPIRANGA";"Condutor Dormindo";"Colisão com objeto estático";"Sem Vítimas";"Plena Noite";"Crescente";"Garoa/Chuvisco";"Simples";"Reta";"Não";2;0;0;0;1;1;0;2;-24,84282677;-50,47668457;"SPRF-PR";"DEL03-PR";"UOP02-DEL03-PR"
121261;2018-03-27;"terça-feira";"05:40:00";"GO";153;143;"CAMPINORTE";"Não guardar distância de segurança";"Colisão traseira";"Com Vítimas Feridas";"Pleno dia";"Crescente";"Céu Claro";"Simples";"Reta";"Não";2;0;1;0;1;0;1;2;-14,020253;-49,086842;"SPRF-GO";"DEL07-GO";"UOP01-DEL07-GO"
121264;2018-03-27;"terça-feira";"04:05:00";"GO";153;195;"URUACU";"Condutor Dormindo";"Saída de leito carroçável";"Sem Vítimas";"Plena Noite";"Decrescente";"Céu Claro";"Simples";"Aclive;Reta";"Não";1;0;0;0;1;0;0;1;-14,471585;-49,155964;"SPRF-GO";"DEL07-GO";"UOP02-DEL07-GO"
121265;2018-03-27;"terça-feira";"05:30:00";"PR";373;183,3;"PONTA GROSSA";"Falta de Atenção à Condução";"Colisão transversal";"Sem Vítimas";"Amanhecer";"Decrescente";"Nublado";"Simples";"Interseção de Vias";"Não";3;0;0;0;2;1;0;3;-25,04703639;-50,27824402;"SPRF-PR";"DEL03-PR";"UOP01-DEL03-PR"
121269;2018-03-27;"terça-feira";"06:00:00";"MG";153;139,5;"PRATA";"Ultrapassagem Indevida";"Colisão frontal";"Com Vítimas Feridas";"Amanhecer";"Crescente";"Céu Claro";"Simples";"Reta";"Não";4;0;0;1;2;3;1;6;-19,56108417;-48,82873535;"SPRF-MG";"DEL15-MG";"UOP03-DEL15-MG"
121280;2018-03-27;"terça-feira";"07:10:00";"AL";101;74,4;"MESSIAS";"Velocidade Incompatível";"Tombamento";"Com Vítimas Feridas";"Pleno dia";"Decrescente";"Nublado";"Simples";"Curva";"Não";2;0;1;0;0;1;1;2;-9,37203784;-35,83261142;"SPRF-AL";"DEL01-AL";"UOP01-DEL01-AL"
121286;2018-03-09;"sexta-feira";"11:40:00";"RN";304;40,5;"MOSSORO";"Falta de Atenção à Condução";"Tombamento";"Sem Vítimas";"Pleno dia";"Crescente";"Sol";"Dupla";"Retorno Regulamentado";"Sim";2;0;0;0;1;1;0;2;-5,23069382;-37,32091856;"SPRF-RN";"DEL04-RN";"UOP01-DEL04-RN"
121288;2018-03-27;"terça-feira";"02:40:00";"ES";262;40,3;"DOMINGOS MARTINS";"Condutor Dormindo";"Saída de leito carroçável";"Sem Vítimas";"Plena Noite";"Crescente";"Nublado";"Simples";"Curva";"Sim";1;0;0;0;1;0;0;1;-20,38278633;-40,63991368;"SPRF-ES";"DEL01-ES";"UOP01-DEL01-ES"
121290;2018-03-27;"terça-feira";"08:20:00";"GO";153;48,7;"PORANGATU";"Defeito na Via";"Colisão frontal";"Com Vítimas Feridas";"Pleno dia";"Decrescente";"Sol";"Simples";"Reta";"Não";4;0;0;1;2;2;1;4;-13,233616;-49,144352;"SPRF-GO";"DEL07-GO";"UOP01-DEL07-GO"
121294;2018-03-27;"terça-feira";"08:40:00";"SC";282;219;"LAGES";"Velocidade Incompatível";"Colisão traseira";"Com Vítimas Feridas";"Pleno dia";"Crescente";"Sol";"Dupla";"Reta";"Não";3;0;2;0;1;0;2;2;-27,795521;-50,323608;"SPRF-SC";"DEL05-SC";"UOP01-DEL05-SC"
121302;2018-03-12;"segunda-feira";"12:35:00";"BA";101;349;"WENCESLAU GUIMARAES";"Velocidade Incompatível";"Colisão transversal";"Sem Vítimas";"Pleno dia";"Decrescente";"Chuva";"Simples";"Curva";"Não";4;0;0;0;2;2;0;2;-13,695156;-39,479238;"SPRF-BA";"DEL05-BA";"UOP03-DEL05-BA"
121305;2018-03-27;"terça-feira";"03:30:00";"MT";163;583;"NOVA MUTUM";"Falta de Atenção à Condução";"Saída de leito carroçável";"Com Vítimas Feridas";"Plena Noite";"Decrescente";"Chuva";"Simples";"Declive;Reta";"Não";2;0;1;0;0;1;1;2;-13,9713848;-56,09962463;"SPRF-MT";"DEL01-MT";"UOP01-DEL01-MT"
121306;2018-03-27;"terça-feira";"07:40:00";"MA";135;131,6;"MIRANDA DO NORTE";"Defeito Mecânico no Veículo";"Colisão traseira";"Com Vítimas Feridas";"Pleno dia";"Crescente";"Sol";"Simples";"Reta";"Não";4;0;1;0;3;0;1;3;-3,560108;-44,586227;"SPRF-MA";"DEL01-MA";"UOP02-DEL01-MA"
121308;2018-03-27;"terça-feira";"05:10:00";"MT";163;556;"DIAMANTINO";"Velocidade Incompatível";"Colisão lateral";"Sem Vítimas";"Amanhecer";"Crescente";"Chuva";"Simples";"Reta";"Não";5;0;0;0;4;1;0;2;-14,24308686;-56,11816406;"SPRF-MT";"DEL01-MT";"UOP01-DEL01-MT"
121310;2018-03-27;"terça-feira";"10:00:00";"SP";381;54;"ATIBAIA";"Condutor Dormindo";"Colisão traseira";"Com Vítimas Feridas";"Pleno dia";"Crescente";"Céu Claro";"Dupla";"Aclive";"Sim";4;0;1;0;2;2;1;4;-23,16056331;-46,5737915;"SPRF-SP";"DEL03-SP";"UOP01-DEL03-SP"
121311;2018-03-27;"terça-feira";"08:00:00";"RJ";465;22;"RIO DE JANEIRO";"Falta de Atenção à Condução";"Colisão lateral";"Com Vítimas Feridas";"Pleno dia";"Crescente";"Sol";"Simples";"Reta";"Sim";3;0;1;0;2;0;1;2;-22,863579;-43,601479;"SPRF-RJ";"DEL01-RJ";"UOP03-DEL01-RJ"
121312;2018-03-27;"terça-feira";"09:05:00";"RO";364;425,3;"JARU";"Falta de Atenção à Condução";"Colisão traseira";"Com Vítimas Feridas";"Pleno dia";"Decrescente";"Céu Claro";"Simples";"Declive";"Sim";4;0;1;0;2;7;1;10;-10,44054609;-62,47306824;"SPRF-RO";"DEL03-RO";"UOP02-DEL03-RO"
121313;2018-03-27;"terça-feira";"10:50:00";"SC";101;150;"ITAPEMA";"Falta de Atenção à Condução";"Colisão traseira";"Com Vítimas Feridas";"Pleno dia";"Decrescente";"Nublado";"Dupla";"Reta";"Sim";4;0;1;0;2;1;1;3;-27,1267;-48,6095;"SPRF-SC";"DEL04-SC";"UOP03-DEL04-SC"
121314;2018-03-27;"terça-feira";"11:00:00";"GO";153;197;"URUACU";"Velocidade Incompatível";"Colisão traseira";"Sem Vítimas";"Pleno dia";"Crescente";"Céu Claro";"Simples";"Aclive";"Não";3;0;0;0;2;1;0;3;-14,488358;-49,153423;"SPRF-GO";"DEL07-GO";"UOP02-DEL07-GO"
121323;2018-03-27;"terça-feira";"11:20:00";"SP";381;66;"MAIRIPORA";"Não guardar distância de segurança";"Colisão traseira";"Sem Vítimas";"Pleno dia";"Crescente";"Céu Claro";"Dupla";"Reta";"Sim";4;0;0;0;3;3;0;6;-23,3306654;-46,5779825;"SPRF-SP";"DEL03-SP";"DEL6/3-UOP03/SP"
121328;2018-03-27;"terça-feira";"10:30:00";"PE";316;67;"TRINDADE";"Pista Escorregadia";"Tombamento";"Sem Vítimas";"Pleno dia";"Decrescente";"Céu Claro";"Simples";"Reta";"Não";1;0;0;0;1;0;0;1;-7,794591;-40,202305;"SPRF-PE";"DEL05-PE";"UOP02-DEL05-PE"
121330;2018-03-27;"terça-feira";"08:50:00";"MT";364;586;"JANGADA";"Ultrapassagem Indevida";"Colisão lateral";"Sem Vítimas";"Pleno dia";"Crescente";"Chuva";"Simples";"Curva";"Não";5;0;0;0;4;4;0;7;-15,32127393;-56,434021;"SPRF-MT";"DEL01-MT";"UOP01-DEL01-MT"
121336;2018-03-27;"terça-feira";"13:10:00";"SE";101;91;"NOSSA SENHORA DO SOCORRO";"Velocidade Incompatível";"Colisão traseira";"Sem Vítimas";"Pleno dia";"Crescente";"Céu Claro";"Dupla";"Interseção de Vias";"Sim";4;0;0;0;2;2;0;4;-10,89939068;-37,13080645;"SPRF-SE";"DEL01-SE";"UOP01-DEL01-SE"
121337;2018-03-27;"terça-feira";"10:45:00";"RN";226;249;"JUCURUTU";"Restrição de Visibilidade";"Capotamento";"Com Vítimas Feridas";"Pleno dia";"Decrescente";"Céu Claro";"Simples";"Curva";"Não";1;0;1;0;0;0;1;1;-6,028039;-37,02113;"SPRF-RN";"DEL03-RN";"UOP01-DEL03-RN"
121340;2018-03-25;"domingo";"12:00:00";"MG";381;500;"BETIM";"Falta de Atenção à Condução";"Colisão traseira";"Sem Vítimas";"Pleno dia";"Crescente";"Nublado";"Dupla";"Curva";"Sim";5;0;0;0;4;1;0;5;-20,002554;-44,21196;"SPRF-MG";"DEL01-MG";"UOP03-DEL01-MG"
121341;2018-03-27;"terça-feira";"12:20:00";"RS";392;118;"CANGUCU";"Velocidade Incompatível";"Colisão com objeto estático";"Sem Vítimas";"Pleno dia";"Decrescente";"Garoa/Chuvisco";"Simples";"Rotatória";"Sim";1;0;0;0;1;0;0;1;-31,407227;-52,681717;"SPRF-RS";"DEL07-RS";"UOP01-DEL07-RS"
121352;2018-03-27;"terça-feira";"13:30:00";"MT";163;783;"SORRISO";"Velocidade Incompatível";"Colisão frontal";"Com Vítimas Fatais";"Pleno dia";"Crescente";"Chuva";"Simples";"Reta";"Não";8;1;1;3;0;4;4;5;-12,32926911;-55,58258057;"SPRF-MT";"DEL06-MT";"UOP01-DEL06-MT"
121354;2018-01-23;"terça-feira";"01:00:00";"DF";70;10,8;"BRASILIA";"Velocidade Incompatível";"Colisão traseira";"Com Vítimas Feridas";"Plena Noite";"Crescente";"Céu Claro";"Dupla";"Reta";"Sim";2;0;1;0;1;0;1;2;-15,78908928;-48,14736751;"SPRF-DF";"DEL01-DF";"UOP02-DEL03-DF"
121355;2018-03-27;"terça-feira";"14:45:00";"ES";101;146,4;"LINHARES";"Desobediência às normas de trânsito pelo condutor";"Colisão lateral";"Com Vítimas Feridas";"Pleno dia";"Crescente";"Sol";"Múltipla";"Reta";"Sim";5;0;1;0;4;0;1;2;-19,37313829;-40,06602287;"SPRF-ES";"DEL04-ES";"UOP01-DEL04-ES"
121359;2018-03-27;"terça-feira";"14:10:00";"SP";153;34,2;"NOVA GRANADA";"Defeito Mecânico no Veículo";"Saída de leito carroçável";"Com Vítimas Feridas";"Pleno dia";"Decrescente";"Céu Claro";"Simples";"Reta";"Não";2;0;1;0;0;1;1;2;-20,575247;-49,318287;"SPRF-SP";"DEL09-SP";"UOP01-DEL09-SP"
121362;2018-03-27;"terça-feira";"15:50:00";"SC";101;353;"JAGUARUNA";"Falta de Atenção à Condução";"Colisão traseira";"Com Vítimas Feridas";"Pleno dia";"Crescente";"Céu Claro";"Dupla";"Reta";"Não";4;0;0;2;1;1;2;3;-28,5980997;-49,0496986;"SPRF-SC";"DEL02-SC";"UOP01-DEL02-SC"
121363;2018-03-27;"terça-feira";"16:00:00";"PE";101;168;"JOAQUIM NABUCO";"Avarias e/ou desgaste excessivo no pneu";"Incêndio";"Sem Vítimas";"Pleno dia";"Decrescente";"Nublado";"Dupla";"Reta";"Não";2;0;0;0;1;2;0;3;-8,5769;-35,489;"SPRF-PE";"DEL01-PE";"UOP03-DEL01-PE"
121365;2018-03-27;"terça-feira";"15:30:00";"RJ";116;282,7;"BARRA MANSA";"Animais na Pista";"Colisão traseira";"Com Vítimas Feridas";"Pleno dia";"Decrescente";"Céu Claro";"Simples";"Curva";"Não";5;0;3;0;1;1;3;3;-22,547443;-44,183659;"SPRF-RJ";"DEL07-RJ";"UOP02-DEL07-RJ"
121368;2018-03-15;"quinta-feira";"13:30:00";"RO";364;141,3;"PIMENTA BUENO";"Falta de Atenção à Condução";"Colisão traseira";"Com Vítimas Feridas";"Pleno dia";"Crescente";"Céu Claro";"Simples";"Declive";"Não";4;0;2;0;1;3;2;5;-12,01457203;-60,85882902;"SPRF-RO";"DEL02-RO";"UOP02-DEL02-RO"
121373;2018-03-27;"terça-feira";"16:00:00";"PE";423;97;"GARANHUNS";"Falta de Atenção à Condução";"Colisão traseira";"Sem Vítimas";"Pleno dia";"Decrescente";"Céu Claro";"Simples";"Reta";"Sim";3;0;0;0;2;1;0;3;-8,87873275;-36,49678588;"SPRF-PE";"DEL03-PE";"UOP01-DEL03-PE"
121381;2018-03-27;"terça-feira";"16:20:00";"PR";476;352,7;"UNIAO DA VITORIA";"Defeito na Via";"Colisão traseira";"Sem Vítimas";"Pleno dia";"Decrescente";"Chuva";"Simples";"Reta;Declive";"Não";3;0;0;0;2;2;0;4;-26,197689;-50,992706;"SPRF-PR";"DEL02-PR";"UOP03-DEL02-PR"
121382;2018-03-27;"terça-feira";"17:15:00";"ES";101;413,4;"ITAPEMIRIM";"Falta de Atenção à Condução";"Colisão transversal";"Com Vítimas Feridas";"Pleno dia";"Crescente";"Céu Claro";"Simples";"Reta";"Não";2;0;0;1;1;0;1;2;-20,91938137;-41,07587195;"SPRF-ES";"DEL03-ES";"UOP02-DEL03-ES"
121383;2018-03-27;"terça-feira";"17:30:00";"PR";277;4;"PARANAGUA";"Carga excessiva e/ou mal acondicionada";"Danos eventuais";"Sem Vítimas";"Pleno dia";"Crescente";"Céu Claro";"Dupla";"Rotatória";"Sim";2;0;0;0;1;1;0;2;-25,5205;-48,5095;"SPRF-PR";"DEL01-PR";"UOP05-DEL01-PR"
121384;2018-03-27;"terça-feira";"16:40:00";"RS";290;720;"URUGUAIANA";"Falta de Atenção à Condução";"Derramamento de carga";"Sem Vítimas";"Pleno dia";"Decrescente";"Céu Claro";"Simples";"Curva";"Sim";2;0;0;0;1;1;0;2;-29,766502;-57,058228;"SPRF-RS";"DEL13-RS";"UOP01-DEL13-RS"
121385;2018-03-27;"terça-feira";"16:30:00";"RS";290;720;"URUGUAIANA";"Falta de Atenção à Condução";"Colisão lateral";"Com Vítimas Feridas";"Pleno dia";"Decrescente";"Céu Claro";"Simples";"Retorno Regulamentado";"Sim";3;0;2;0;1;0;2;2;-29,77510587;-57,04238892;"SPRF-RS";"DEL13-RS";"UOP01-DEL13-RS"
121390;2018-03-27;"terça-feira";"17:00:00";"RO";364;21;"VILHENA";"Ultrapassagem Indevida";"Colisão frontal";"Com Vítimas Feridas";"Pleno dia";"Crescente";"Garoa/Chuvisco";"Simples";"Declive";"Não";2;0;2;0;0;0;2;2;-12,725612;-60,201996;"SPRF-RO";"DEL04-RO";"UOP01-DEL04-RO"
121391;2018-03-27;"terça-feira";"07:00:00";"MT";364;458;"VARZEA GRANDE";"Falta de Atenção à Condução";"Colisão com objeto estático";"Sem Vítimas";"Pleno dia";"Crescente";"Céu Claro";"Simples";"Curva";"Não";2;0;0;0;1;2;0;3;-15,544446;-56,274193;"SPRF-MT";"DEL01-MT";"DEL2/4-UOP02/MT"
121398;2018-03-27;"terça-feira";"17:30:00";"PR";277;729,5;"FOZ DO IGUACU";"Falta de Atenção à Condução";"Colisão lateral";"Sem Vítimas";"Pleno dia";"Crescente";"Chuva";"Dupla";"Viaduto";"Sim";3;0;0;0;2;1;0;3;-25,507555;-54,583755;"SPRF-PR";"DEL05-PR";"UOP03-DEL05-PR"
121400;2018-03-22;"quinta-feira";"17:55:00";"PR";376;668,3;"GUARATUBA";"Velocidade Incompatível";"Saída de leito carroçável";"Com Vítimas Feridas";"Anoitecer";"Crescente";"Nublado";"Dupla";"Curva";"Não";2;0;1;0;0;1;1;2;-25,86787371;-48,93447876;"SPRF-PR";"DEL01-PR";"DEL7/1-UOP08/PR"