"id";"data_inversa";"dia_semana";"horario";"uf";"br";"km";"municipio";"causa_acidente";"tipo_acidente";"classificacao_acidente";"fase_dia";"sentido_via";"condicao_metereologica";"tipo_pista";"tracado_via";"uso_solo";"pessoas";"mortos";"feridos_leves";"feridos_graves";"ilesos";"ignorados";"feridos";"veiculos";"latitude";"longitude";"regional";"delegacia";"uop"
121699;2018-03-28;"quarta-feira";"22:00:00";"RS";386;206,3;"VICTOR GRAEFF";"Defeito Mecânico no Veículo";"Saída de leito carroçável";"Com Vítimas Feridas";"Plena Noite";"Decrescente";"Nublado";"Simples";"Reta";"Não";2;0;1;0;0;1;1;2;-28,50844;-52,64193;"SPRF-RS";"DEL04-RS";"NPF/DEL04-RS"
121703;2018-03-29;"quinta-feira";"01:45:00";"MG";381;649;"SANTO ANTONIO DO AMPARO";"Falta de Atenção à Condução";"Colisão com objeto estático";"Com Vítimas Feridas";"Plena Noite";"Decrescente";"Céu Claro";"Dupla";"Reta";"Não";2;0;1;0;0;1;1;2;-20,9548;-44,9114;"SPRF-MG";"DEL04-MG";"UOP01-DEL04-MG"
121705;2018-03-29;"quinta-feira";"04:00:00";"PR";277;5,2;"PARANAGUA";"Desobediência às normas de trânsito pelo condutor";"Colisão transversal";"Com Vítimas Feridas";"Plena Noite";"Crescente";"Nublado";"Dupla";"Rotatória";"Sim";4;0;0;1;2;2;1;4;-25,53975914;-48,53767565;"SPRF-PR";"DEL01-PR";"UOP05-DEL01-PR"
121706;2018-03-29;"quinta-feira";"00:50:00";"GO";50;162,4;"CAMPO ALEGRE DE GOIAS";"Condutor Dormindo";"Saída de leito carroçável";"Sem Vítimas";"Plena Noite";"Crescente";"Céu Claro";"Dupla";"Reta";"Não";3;0;0;0;2;1;0;2;-17,2714;-47,7665;"SPRF-GO";"DEL06-GO";"UOP01-DEL06-GO"
121708;2018-03-29;"quinta-feira";"03:15:00";"MA";316;516,7;"CAXIAS";"Falta de Atenção à Condução";"Colisão traseira";"Sem Vítimas";"Plena Noite";"Crescente";"Céu Claro";"Simples";"Aclive";"Não";2;0;0;0;2;0;0;2;-4,767907;-43,63253;"SPRF-MA";"DEL03-MA";"UOP02-DEL03-MA"
121710;2018-03-29;"quinta-feira";"03:05:00";"MS";163;679,8;"RIO VERDE DE MATO GROSSO";"Falta de Atenção à Condução";"Colisão com objeto estático";"Com Vítimas Feridas";"Plena Noite";"Decrescente";"Nublado";"Simples";"Rotatória";"Sim";3;0;0;1;1;2;1;4;-18,91927801;-54,83757019;"SPRF-MS";"DEL06-MS";"UOP02-DEL06-MS"
121714;2018-03-29;"quinta-feira";"04:00:00";"BA";116;897,2;"CANDIDO SALES";"Condutor Dormindo";"Saída de leito carroçável";"Com Vítimas Feridas";"Plena Noite";"Decrescente";"Chuva";"Simples";"Reta";"Não";2;0;2;0;0;0;2;1;-15,41228;-41,21257;"SPRF-BA";"DEL08-BA";"UOP03-DEL08-BA"
121717;2018-03-29;"quinta-feira";"05:40:00";"MT";70;6,8;"BARRA DO GARCAS";"Velocidade Incompatível";"Colisão traseira";"Com Vítimas Feridas";"Amanhecer";"Decrescente";"Céu Claro";"Dupla";"Reta";"Sim";4;0;0;2;1;2;2;4;-15,878268;-52,306705;"SPRF-MT";"DEL07-MT";"UOP01-DEL07-MT"
121719;2018-03-29;"quinta-feira";"01:40:00";"SE";101;41,1;"JAPARATUBA";"Pista Escorregadia";"Saída de leito carroçável";"Sem Vítimas";"Plena Noite";"Crescente";"Garoa/Chuvisco";"Dupla";"Reta";"Não";2;0;0;0;1;1;0;2;-10,54182109;-36,96487427;"SPRF-SE";"DEL02-SE";"UOP02-DEL02-SE"
121722;2018-03-29;"quinta-feira";"03:30:00";"MG";50;115,3;"UBERABA";"Condutor Dormindo";"Saída de leito carroçável";"Sem Vítimas";"Plena Noite";"Decrescente";"Céu Claro";"Dupla";"Curva";"Não";2;0;0;0;1;1;0;2;-19,26968555;-48,12670469;"SPRF-MG";"DEL13-MG";"UOP01-DEL13-MG"
121740;2018-03-29;"quinta-feira";"05:10:00";"MG";116;788;"LEOPOLDINA";"Velocidade Incompatível";"Tombamento";"Com Vítimas Feridas";"Amanhecer";"Crescente";"Céu Claro";"Simples";"Curva";"Não";2;0;1;0;0;1;1;2;-21,65888402;-42,72573167;"SPRF-MG";"DEL07-MG";"UOP01-DEL07-MG"
121741;2018-03-29;"quinta-feira";"07:30:00";"BA";324;552,9;"AMELIA RODRIGUES";"Não guardar distância de segurança";"Saída de leito carroçável";"Sem Vítimas";"Pleno dia";"Decrescente";"Nublado";"Dupla";"Reta";"Não";2;0;0;0;1;2;0;3;-12,46249787;-38,69449143;"SPRF-BA";"DEL01-BA";"UOP01-DEL01-BA"
121743;2018-03-29;"quinta-feira";"08:50:00";"RN";304;54,9;"MOSSORO";"Falta de Atenção à Condução";"Colisão traseira";"Sem Vítimas";"Pleno dia";"Decrescente";"Nublado";"Simples";"Aclive";"Não";2;0;0;0;2;0;0;2;-5,27219956;-37,2966385;"SPRF-RN";"DEL04-RN";"UOP01-DEL04-RN"
121747;2018-03-29;"quinta-feira";"09:10:00";"PR";376;672;"GUARATUBA";"Defeito Mecânico no Veículo";"Engavetamento";"Com Vítimas Feridas";"Pleno dia";"Crescente";"Céu Claro";"Dupla";"Em Obras";"Não";5;0;2;0;3;0;2;3;-25,9026031;-48,92415762;"SPRF-PR";"DEL01-PR";"DEL7/1-UOP08/PR"
121749;2018-03-29;"quinta-feira";"08:00:00";"GO";80;176;"URUACU";"Ultrapassagem Indevida";"Tombamento";"Com Vítimas Feridas";"Pleno dia";"Crescente";"Céu Claro";"Simples";"Reta";"Não";2;0;1;0;0;2;1;3;-14,67393997;-49,14459229;"SPRF-GO";"DEL07-GO";"UOP02-DEL07-GO"
121750;2018-03-29;"quinta-feira";"09:00:00";"SP";153;281,1;"OCAUCU";"Falta de Atenção à Condução";"Colisão lateral";"Com Vítimas Feridas";"Pleno dia";"Decrescente";"Sol";"Simples";"Reta";"Não";4;0;0;1;2;1;1;2;-22,42622286;-49,85955454;"SPRF-SP";"DEL07-SP";"UOP02-DEL07-SP"
121755;2018-03-29;"quinta-feira";"09:30:00";"RN";304;296,3;"MACAIBA";"Não guardar distância de segurança";"Engavetamento";"Com Vítimas Feridas";"Pleno dia";"Crescente";"Chuva";"Simples";"Reta";"Sim";6;0;1;0;5;0;1;5;-5,865555;-35,354652;"SPRF-RN";"DEL01-RN";"UOP02-DEL01-RN"
121760;2018-03-29;"quinta-feira";"10:40:00";"BA";116;358,9;"SERRINHA";"Falta de Atenção à Condução";"Colisão transversal";"Sem Vítimas";"Pleno dia";"Crescente";"Nublado";"Simples";"Retorno Regulamentado";"Sim";3;0;0;0;2;1;0;3;-11,66726205;-39,0010035;"SPRF-BA";"DEL02-BA";"DEL10/2-UOP02/BA"
121762;2018-03-29;"quinta-feira";"06:20:00";"RS";392;306,5;"SAO SEPE";"Falta de Atenção à Condução";"Colisão lateral";"Sem Vítimas";"Amanhecer";"Crescente";"Ignorado";"Simples";"Declive;Reta";"Não";2;0;0;0;0;2;0;2;-30,096249;-53,633038;"SPRF-RS";"DEL09-RS";"UOP01-DEL09-RS"
121772;2018-03-29;"quinta-feira";"11:00:00";"RJ";116;177,9;"NOVA IGUACU";"Falta de Atenção à Condução";"Colisão lateral";"Sem Vítimas";"Pleno dia";"Decrescente";"Sol";"Dupla";"Reta";"Sim";2;0;0;0;2;0;0;2;-22,74839136;-43,44340682;"SPRF-RJ";"DEL01-RJ";"UOP02-DEL01-RJ"
121775;2018-03-29;"quinta-feira";"06:30:00";"RJ";116;27,6;"SAPUCAIA";"Falta de Atenção à Condução";"Colisão lateral";"Com Vítimas Feridas";"Pleno dia";"Crescente";"Céu Claro";"Simples";"Curva";"Não";2;0;0;1;1;0;1;2;-22,05382325;-42,79312134;"SPRF-RJ";"DEL04-RJ";"UOP01-DEL04-RJ"
121787;2018-03-29;"quinta-feira";"11:00:00";"PA";316;28;"BENEVIDES";"Falta de Atenção à Condução";"Colisão lateral";"Sem Vítimas";"Pleno dia";"Decrescente";"Céu Claro";"Dupla";"Reta";"Não";3;0;0;0;2;2;0;4;-1,32527;-48,232117;"SPRF-PA";"DEL01-PA";"DEL19/1-UOP05/PA"
121789;2018-03-29;"quinta-feira";"09:20:00";"SC";282;494,4;"XANXERE";"Não guardar distância de segurança";"Colisão traseira";"Sem Vítimas";"Pleno dia";"Crescente";"Nublado";"Simples";"Curva";"Não";3;0;0;0;2;2;0;4;-26,87185597;-52,33268738;"SPRF-SC";"DEL07-SC";"UOP01-DEL07-SC"
121794;2018-03-29;"quinta-feira";"08:45:00";"BA";242;245;"BOA VISTA DO TUPIM";"Falta de Atenção à Condução";"Colisão lateral";"Com Vítimas Fatais";"Pleno dia";"Decrescente";"Céu Claro";"Simples";"Reta";"Não";4;1;1;0;1;1;1;3;-12,451974;-40,60233;"SPRF-BA";"DEL06-BA";"UOP02-DEL06-BA"
121795;2018-03-29;"quinta-feira";"13:00:00";"PR";373;173,1;"PONTA GROSSA";"Falta de Atenção à Condução";"Colisão traseira";"Com Vítimas Feridas";"Pleno dia";"Crescente";"Nublado";"Dupla";"Reta";"Sim";2;0;1;0;1;0;1;2;-25,06320924;-50,22125244;"SPRF-PR";"DEL03-PR";"UOP01-DEL03-PR"
121796;2018-03-29;"quinta-feira";"13:50:00";"RS";386;37;"FREDERICO WESTPHALEN";"Falta de Atenção à Condução";"Colisão traseira";"Com Vítimas Feridas";"Pleno dia";"Decrescente";"Sol";"Simples";"Reta";"Sim";2;0;1;0;1;0;1;2;-27,382351;-53,399605;"SPRF-RS";"DEL08-RS";"UOP02-DEL08-RS"
121798;2018-03-29;"quinta-feira";"13:50:00";"GO";60;48;"APARECIDA DE GOIANIA";"Desobediência às normas de trânsito pelo condutor";"Colisão lateral";"Com Vítimas Feridas";"Pleno dia";"Decrescente";"Céu Claro";"Dupla";"Reta";"Sim";4;0;1;0;2;1;1;3;-16,8101;-49,2397;"SPRF-GO";"DEL01-GO";"UOP03-DEL01-GO"
121799;2018-03-29;"quinta-feira";"12:20:00";"ES";262;31;"DOMINGOS MARTINS";"Falta de Atenção à Condução";"Tombamento";"Com Vítimas Fatais";"Pleno dia";"Decrescente";"Céu Claro";"Dupla";"Curva";"Não";1;1;0;0;0;0;0;1;-20,379;-40,568;"SPRF-ES";"DEL01-ES";"UOP01-DEL01-ES"
121801;2018-03-29;"quinta-feira";"13:50:00";"SC";101;403;"MARACAJA";"Falta de Atenção à Condução";"Colisão com objeto estático";"Sem Vítimas";"Pleno dia";"Decrescente";"Chuva";"Dupla";"Curva";"Sim";1;0;0;0;1;0;0;1;-28,88943226;-49,45426941;"SPRF-SC";"DEL02-SC";"UOP02-DEL02-SC"
121812;2018-03-29;"quinta-feira";"11:50:00";"MT";163;611,6;"NOVA MUTUM";"Falta de Atenção à Condução";"Colisão frontal";"Com Vítimas Feridas";"Pleno dia";"Crescente";"Céu Claro";"Simples";"Curva";"Não";3;0;1;0;1;2;1;4;-13,77673399;-56,06185913;"SPRF-MT";"DEL01-MT";"UOP01-DEL01-MT"
121817;2018-03-29;"quinta-feira";"14:50:00";"SP";116;536;"BARRA DO TURVO";"Velocidade Incompatível";"Colisão com objeto estático";"Sem Vítimas";"Pleno dia";"Crescente";"Chuva";"Dupla";"Curva;Declive";"Não";1;0;0;0;1;0;0;1;-24,9694717;-48,36008549;"SPRF-SP";"DEL05-SP";"UOP02-DEL05-SP"
121820;2018-03-29;"quinta-feira";"14:45:00";"PR";277;651,5;"MATELANDIA";"Ultrapassagem Indevida";"Colisão lateral";"Com Vítimas Feridas";"Pleno dia";"Decrescente";"Céu Claro";"Simples";"Reta";"Não";3;0;0;1;1;1;1;3;-25,20145;-53,94702;"SPRF-PR";"DEL05-PR";"UOP02-DEL05-PR"
121825;2018-03-29;"quinta-feira";"13:10:00";"SC";101;58;"ARAQUARI";"Falta de Atenção à Condução";"Colisão lateral";"Sem Vítimas";"Pleno dia";"Crescente";"Nublado";"Dupla";"Reta";"Não";2;0;0;0;1;1;0;2;-26,4467;-48,7939;"SPRF-SC";"DEL03-SC";"UOP02-DEL03-SC"
121827;2018-03-29;"quinta-feira";"14:30:00";"CE";116;67,2;"CHOROZINHO";"Falta de Atenção à Condução";"Colisão transversal";"Com Vítimas Feridas";"Pleno dia";"Decrescente";"Céu Claro";"Simples";"Interseção de Vias";"Não";2;0;1;0;1;0;1;2;-4,3334205;-38,479787;"SPRF-CE";"DEL03-CE";"UOP02-DEL03-CE"
121830;2018-03-29;"quinta-feira";"14:45:00";"ES";101;234,7;"FUNDAO";"Desobediência às normas de trânsito pelo condutor";"Colisão frontal";"Com Vítimas Feridas";"Pleno dia";"Crescente";"Céu Claro";"Simples";"Curva";"Não";3;0;1;1;1;0;2;2;-19,99141741;-40,41320801;"SPRF-ES";"DEL02-ES";"UOP01-DEL02-ES"
121835;2018-03-29;"quinta-feira";"11:00:00";"MA";226;85;"CAXIAS";"Falta de Atenção à Condução";"Colisão frontal";"Com Vítimas Fatais";"Pleno dia";"Decrescente";"Céu Claro";"Simples";"Reta";"Não";3;2;0;0;1;0;0;2;-5,224909;-43,451706;"SPRF-MA";"DEL03-MA";"UOP02-DEL03-MA"
121838;2018-03-29;"quinta-feira";"13:25:00";"RO";364;365;"JI-PARANA";"Falta de Atenção à Condução";"Saída de leito carroçável";"Sem Vítimas";"Pleno dia";"Decrescente";"Nublado";"Simples";"Reta";"Não";2;0;0;0;1;2;0;3;-10,771606;-62,101334;"SPRF-RO";"DEL02-RO";"UOP01-DEL02-RO"
121839;2018-03-29;"quinta-feira";"15:00:00";"ES";262;5,3;"CARIACICA";"Falta de Atenção à Condução";"Colisão transversal";"Com Vítimas Feridas";"Pleno dia";"Decrescente";"Céu Claro";"Múltipla";"Interseção de Vias";"Sim";2;0;0;1;1;0;1;2;-20,3383488;-40,3921428;"SPRF-ES";"DEL01-ES";"UOP01-DEL01-ES"
121841;2018-03-29;"quinta-feira";"14:00:00";"BA";116;783,9;"PLANALTO";"Desobediência às normas de trânsito pelo condutor";"Colisão traseira";"Sem Vítimas";"Pleno dia";"Decrescente";"Nublado";"Simples";"Reta";"Não";4;0;0;0;3;3;0;6;-14,684117;-40,538718;"SPRF-BA";"DEL08-BA";"UOP02-DEL08-BA"
121843;2018-03-29;"quinta-feira";"15:00:00";"BA";20;112,3;"SAO DESIDERIO";"Defeito Mecânico no Veículo";"Incêndio";"Sem Vítimas";"Pleno dia";"Decrescente";"Céu Claro";"Simples";"Reta";"Não";2;0;0;0;1;2;0;3;-12,91221384;-45,97846985;"SPRF-BA";"DEL10-BA";"UOP01-DEL10-BA"
121850;2018-03-29;"quinta-feira";"14:50:00";"SC";101;73;"ARAQUARI";"Falta de Atenção à Condução";"Colisão traseira";"Com Vítimas Feridas";"Pleno dia";"Decrescente";"Nublado";"Dupla";"Reta";"Sim";3;0;0;2;1;0;2;3;-26,53982857;-48,71211592;"SPRF-SC";"DEL03-SC";"UOP02-DEL03-SC"
121851;2018-03-29;"quinta-feira";"16:20:00";"PE";428;189,1;"PETROLINA";"Falta de Atenção à Condução";"Colisão lateral";"Sem Vítimas";"Pleno dia";"Decrescente";"Céu Claro";"Dupla";"Reta";"Não";2;0;0;0;1;1;0;2;-9,372067;-40,486843;"SPRF-PE";"DEL06-PE";"UOP01-DEL06-PE"
121853;2018-03-29;"quinta-feira";"16:10:00";"SC";101;199;"BIGUACU";"Pista Escorregadia";"Colisão com objeto estático";"Sem Vítimas";"Pleno dia";"Crescente";"Chuva";"Dupla";"Reta";"Não";1;0;0;0;1;0;0;1;-27,49633403;-48,65624999;"SPRF-SC";"DEL01-SC";"UOP01-DEL01-SC"
121854;2018-03-29;"quinta-feira";"16:40:00";"PE";101;102;"CABO DE SANTO AGOSTINHO";"Falta de Atenção à Condução";"Colisão lateral";"Com Vítimas Feridas";"Pleno dia";"Crescente";"Ignorado";"Simples";"Curva";"Sim";2;0;1;0;1;0;1;2;-8,29402001;-35,05782902;"SPRF-PE";"DEL01-PE";"UOP03-DEL01-PE"
121858;2018-03-29;"quinta-feira";"16:30:00";"SP";116;372;"MIRACATU";"Falta de Atenção à Condução";"Colisão com objeto estático";"Sem Vítimas";"Pleno dia";"Crescente";"Chuva";"Dupla";"Reta";"Não";2;0;0;0;1;1;0;2;-24,16399;-47,331214;"SPRF-SP";"DEL04-SP";"UOP02-DEL04-SP"
121862;2018-03-29;"quinta-feira";"16:30:00";"CE";222;224,7;"SOBRAL";"Velocidade Incompatível";"Saída de leito carroçável";"Sem Vítimas";"Pleno dia";"Crescente";"Chuva";"Simples";"Reta";"Sim";1;0;0;0;1;0;0;1;-3,715998;-40,335827;"SPRF-CE";"DEL04-CE";"UOP01-DEL04-CE"
121865;2018-03-29;"quinta-feira";"03:40:00";"MT";158;630,8;"AGUA BOA";"Falta de Atenção à Condução";"Derramamento de carga";"Sem Vítimas";"Plena Noite";"Crescente";"Céu Claro";"Simples";"Curva";"Não";2;0;0;0;1;2;0;3;-14,53896645;-52,31067753;"SPRF-MT";"DEL07-MT";"UOP02-DEL07-MT"
121866;2018-03-29;"quinta-feira";"12:30:00";"MT";364;133,2;"PEDRA PRETA";"Falta de Atenção à Condução";"Colisão com objeto estático";"Sem Vítimas";"Pleno dia";"Decrescente";"Nublado";"Simples";"Declive";"Não";2;0;0;0;1;2;0;3;-16,827572;-54,049259;"SPRF-MT";"DEL02-MT";"UOP01-DEL02-MT"
121870;2018-03-29;"quinta-feira";"16:30:00";"SC";470;7;"NAVEGANTES";"Desobediência às normas de trânsito pelo condutor";"Colisão transversal";"Com Vítimas Feridas";"Pleno dia";"Crescente";"Garoa/Chuvisco";"Simples";"Reta";"Sim";3;0;0;1;1;1;1;3;-26,84499;-48,71505;"SPRF-SC";"DEL04-SC";"UOP04-DEL04-SC"
121874;2018-03-29;"quinta-feira";"17:30:00";"RJ";356;10;"ITAPERUNA";"Falta de Atenção à Condução";"Colisão transversal";"Com Vítimas Feridas";"Anoitecer";"Crescente";"Céu Claro";"Simples";"Reta";"Não";3;0;1;1;1;0;2;2;-21,175032;-42,097176;"SPRF-RJ";"DEL08-RJ";"UOP03-DEL08-RJ"
121878;2018-03-29;"quinta-feira";"17:57:00";"BA";116;422;"FEIRA DE SANTANA";"Desobediência às normas de trânsito pelo condutor";"Colisão frontal";"Com Vítimas Feridas";"Pleno dia";"Decrescente";"Céu Claro";"Simples";"Reta";"Sim";2;0;1;0;1;0;1;2;-12,23122884;-38,96872044;"SPRF-BA";"DEL02-BA";"UOP01-DEL02-BA"
121886;2018-03-14;"quarta-feira";"06:30:00";"SC";282;17;"PALHOCA";"Falta de Atenção à Condução";"Colisão transversal";"Com Vítimas Feridas";"Pleno dia";"Decrescente";"Céu Claro";"Simples";"Reta";"Sim";2;0;0;1;0;1;1;2;-27,665707;-48,688065;"SPRF-SC";"DEL01-SC";"UOP02-DEL01-SC"
121889;2018-03-29;"quinta-feira";"18:30:00";"SP";116;16,5;"LAVRINHAS";"Condutor Dormindo";"Colisão com objeto estático";"Sem Vítimas";"Plena Noite";"Crescente";"Céu Claro";"Dupla";"Reta";"Não";2;0;0;0;1;1;0;2;-22,55822;-44,837948;"SPRF-SP";"DEL08-SP";"UOP02-DEL08-SP"
121905;2018-03-29;"quinta-feira";"18:40:00";"RJ";116;178;"NOVA IGUACU";"Falta de Atenção à Condução";"Colisão lateral";"Com Vítimas Feridas";"Plena Noite";"Crescente";"Céu Claro";"Dupla";"Reta";"Não";3;0;2;0;0;1;2;2;-22,774963;-43,400814;"SPRF-RJ";"DEL01-RJ";"UOP02-DEL01-RJ"
121911;2018-03-29;"quinta-feira";"16:30:00";"PR";376;676,7;"TIJUCAS DO SUL";"Desobediência às normas de trânsito pelo condutor";"Colisão lateral";"Com Vítimas Feridas";"Pleno dia";"Crescente";"Chuva";"Múltipla";"Declive";"Não";4;0;0;1;3;0;1;3;-25,82956109;-49,0196228;"SPRF-PR";"DEL01-PR";"DEL7/1-UOP08/PR"
121912;2018-03-29;"quinta-feira";"19:35:00";"ES";101;393;"RIO NOVO DO SUL";"Ultrapassagem Indevida";"Colisão transversal";"Com Vítimas Feridas";"Plena Noite";"Crescente";"Céu Claro";"Simples";"Interseção de Vias";"Não";3;0;1;0;1;1;1;3;-20,87292728;-40,9185791;"SPRF-ES";"DEL03-ES";"UOP02-DEL03-ES"
121918;2018-03-29;"quinta-feira";"18:30:00";"MG";116;744,8;"LEOPOLDINA";"Falta de Atenção à Condução";"Colisão transversal";"Com Vítimas Feridas";"Plena Noite";"Crescente";"Céu Claro";"Simples";"Interseção de Vias";"Não";4;0;2;0;1;1;2;3;-21,42750347;-42,51159668;"SPRF-MG";"DEL07-MG";"UOP01-DEL07-MG"
121921;2018-03-29;"quinta-feira";"19:00:00";"GO";153;676,2;"PANAMA";"Falta de Atenção à Condução";"Colisão traseira";"Com Vítimas Feridas";"Plena Noite";"Crescente";"Céu Claro";"Dupla";"Reta";"Não";3;0;1;0;1;2;1;4;-18,1933;-49,2847;"SPRF-GO";"DEL03-GO";"UOP02-DEL03-GO"
121925;2018-03-29;"quinta-feira";"18:00:00";"MT";174;453;"COMODORO";"Falta de Atenção à Condução";"Tombamento";"Com Vítimas Fatais";"Plena Noite";"Decrescente";"Céu Claro";"Simples";"Reta";"Não";2;1;0;0;0;2;0;3;-13,947194;-59,761421;"SPRF-MT";"DEL04-MT";"UOP01-DEL04-MT"
121935;2018-03-29;"quinta-feira";"16:25:00";"SC";282;470;"PONTE SERRADA";"Ultrapassagem Indevida";"Colisão frontal";"Com Vítimas Feridas";"Pleno dia";"Crescente";"Chuva";"Simples";"Reta";"Não";3;0;0;1;1;1;1;3;-26,862293;-52,12109;"SPRF-SC";"DEL07-SC";"UOP01-DEL07-SC"
121938;2018-03-29;"quinta-feira";"20:40:00";"AL";104;93,2;"RIO LARGO";"Falta de Atenção à Condução";"Colisão lateral";"Com Vítimas Feridas";"Plena Noite";"Decrescente";"Céu Claro";"Dupla";"Reta";"Sim";2;0;0;1;0;1;1;2;-9,5275555;-35,79860962;"SPRF-AL";"DEL01-AL";"UOP01-DEL01-AL"
121939;2018-03-29;"quinta-feira";"20:10:00";"RN";304;284;"MACAIBA";"Ultrapassagem Indevida";"Colisão lateral";"Sem Vítimas";"Plena Noite";"Crescente";"Nublado";"Simples";"Reta";"Não";3;0;0;0;2;1;0;3;-5,882964;-35,467523;"SPRF-RN";"DEL01-RN";"UOP02-DEL01-RN"
121945;2018-03-29;"quinta-feira";"20:10:00";"PE";232;82;"GRAVATA";"Falta de Atenção à Condução";"Colisão transversal";"Com Vítimas Feridas";"Plena Noite";"Crescente";"Nublado";"Dupla";"Reta";"Sim";2;0;1;0;1;0;1;2;-8,193437;-35,551865;"SPRF-PE";"DEL01-PE";"UOP02-DEL02PE"
121946;2018-03-29;"quinta-feira";"21:00:00";"MG";381;350;"JOAO MONLEVADE";"Velocidade Incompatível";"Saída de leito carroçável";"Sem Vítimas";"Plena Noite";"Crescente";"Nublado";"Simples";"Curva";"Não";1;0;0;0;1;0;0;1;-19,80547003;-43,10554504;"SPRF-MG";"DEL03-MG";"UOP01-DEL03-MG"
121947;2018-03-29;"quinta-feira";"16:00:00";"MT";364;165;"PEDRA PRETA";"Falta de Atenção à Condução";"Saída de leito carroçável";"Sem Vítimas";"Plena Noite";"Decrescente";"Chuva";"Simples";"Reta";"Não";2;0;0;0;1;1;0;2;-16,678316;-54,297913;"SPRF-MT";"DEL02-MT";"UOP01-DEL02-MT"
121948;2018-03-29;"quinta-feira";"20:00:00";"CE";116;68,6;"CHOROZINHO";"Defeito Mecânico no Veículo";"Incêndio";"Sem Vítimas";"Plena Noite";"Decrescente";"Nublado";"Simples";"Reta";"Sim";1;0;0;0;1;0;0;1;-4,3334205;-38,479787;"SPRF-CE";"DEL03-CE";"UOP02-DEL03-CE"
121953;2018-03-29;"quinta-feira";"16:30:00";"MA";230;470;"RIACHAO";"Desobediência às normas de trânsito pelo condutor";"Colisão transversal";"Com Vítimas Feridas";"Pleno dia";"Decrescente";"Céu Claro";"Simples";"Reta";"Sim";3;0;1;0;1;2;1;4;-7,38289592;-46,64451599;"SPRF-MA";"DEL05-MA";"UOP01-DEL05-MA"
121957;2018-03-29;"quinta-feira";"21:15:00";"RS";386;354,6;"ESTRELA";"Desobediência às normas de trânsito pelo condutor";"Colisão traseira";"Com Vítimas Feridas";"Plena Noite";"Crescente";"Nublado";"Dupla";"Curva;Retorno Regulamentado";"Não";3;0;1;0;1;1;1;3;-29,506611;-51,943012;"SPRF-RS";"DEL04-RS";"UOP01-DEL04-RS"
121959;2018-03-29;"quinta-feira";"21:50:00";"RJ";465;1;"SEROPEDICA";"Falta de Atenção à Condução";"Colisão traseira";"Com Vítimas Feridas";"Plena Noite";"Crescente";"Céu Claro";"Simples";"Reta";"Sim";2;0;1;0;0;1;1;2;-22,719835;-43,725739;"SPRF-RJ";"DEL01-RJ";"UOP03-DEL01-RJ"
121963;2018-03-29;"quinta-feira";"22:00:00";"AL";101;113,5;"PILAR";"Velocidade Incompatível";"Tombamento";"Sem Vítimas";"Pleno dia";"Crescente";"Céu Claro";"Simples";"Curva";"Não";1;0;0;0;1;0;0;1;-9,628554;-36,030724;"SPRF-AL";"DEL02-AL";"UOP01-DEL02-AL"
121972;2018-03-29;"quinta-feira";"21:35:00";"SC";282;61,8;"RANCHO QUEIMADO";"Falta de Atenção à Condução";"Colisão com objeto estático";"Sem Vítimas";"Plena Noite";"Decrescente";"Chuva";"Simples";"Reta";"Não";1;0;0;0;1;0;0;1;-27,68698628;-49,0345788;"SPRF-SC";"DEL01-SC";"UOP03-DEL01-SC"
121980;2018-03-29;"quinta-feira";"22:50:00";"SP";116;565;"BARRA DO TURVO";"Pista Escorregadia";"Engavetamento";"Com Vítimas Feridas";"Plena Noite";"Crescente";"Garoa/Chuvisco";"Dupla";"Curva";"Não";9;0;2;0;6;1;2;5;-25,03708281;-48,54721069;"SPRF-SP";"DEL05-SP";"UOP02-DEL05-SP"
121990;2018-03-30;"sexta-feira";"00:30:00";"SP";116;72;"APARECIDA";"Falta de Atenção à Condução";"Colisão traseira";"Com Vítimas Feridas";"Plena Noite";"Crescente";"Céu Claro";"Dupla";"Reta";"Não";3;0;1;0;1;2;1;4;-22,863543;-45,237461;"SPRF-SP";"DEL08-SP";"UOP01-DEL08-SP"
121993;2018-03-29;"quinta-feira";"22:45:00";"SC";101;10;"GARUVA";"Falta de Atenção à Condução";"Colisão transversal";"Sem Vítimas";"Plena Noite";"Decrescente";"Nublado";"Dupla";"Reta";"Sim";3;0;0;0;2;1;0;3;-26,0722;-48,8608;"SPRF-SC";"DEL03-SC";"UOP01-DEL03-SC"
121996;2018-03-30;"sexta-feira";"01:25:00";"PR";116;13;"COLOMBO";"Objeto estático sobre o leito carroçável";"Colisão traseira";"Com Vítimas Feridas";"Plena Noite";"Decrescente";"Nublado";"Dupla";"Reta";"Não";2;0;1;0;0;1;1;2;-25,3785;-49,1564;"SPRF-PR";"DEL01-PR";"UOP02-DEL01-PR"
122004;2018-03-29;"quinta-feira";"23:30:00";"PA";222;232,7;"MARABA";"Falta de Atenção à Condução";"Colisão frontal";"Com Vítimas Fatais";"Plena Noite";"Crescente";"Céu Claro";"Simples";"Reta";"Não";4;1;0;0;1;2;0;4;-5,24002494;-49,05052185;"SPRF-PA";"DEL03-PA";"UOP01-DEL03-PA"
122011;2018-03-30;"sexta-feira";"04:30:00";"BA";101;165;"CONCEICAO DO JACUIPE";"Falta de Atenção à Condução";"Colisão lateral";"Com Vítimas Fatais";"Amanhecer";"Crescente";"Chuva";"Simples";"Reta";"Sim";6;2;2;0;1;1;2;2;-12,35744158;-38,80940049;"SPRF-BA";"DEL01-BA";"UOP03-DEL01-BA"