"id";"data_inversa";"dia_semana";"horario";"uf";"br";"km";"municipio";"causa_acidente";"tipo_acidente";"classificacao_acidente";"fase_dia";"sentido_via";"condicao_metereologica";"tipo_pista";"tracado_via";"uso_solo";"pessoas";"mortos";"feridos_leves";"feridos_graves";"ilesos";"ignorados";"feridos";"veiculos";"latitude";"longitude";"regional";"delegacia";"uop"
122019;2018-03-30;"sexta-feira";"05:55:00";"RS";392;333,7;"SANTA MARIA";"Falta de Atenção à Condução";"Colisão frontal";"Com Vítimas Fatais";"Plena Noite";"Crescente";"Nublado";"Simples";"Reta";"Não";3;1;0;0;1;1;0;3;-29,878284;-53,736355;"SPRF-RS";"DEL09-RS";"UOP01-DEL09-RS"
122023;2018-03-29;"quinta-feira";"22:10:00";"MG";381;821;"CAREACU";"Falta de Atenção à Condução";"Colisão traseira";"Sem Vítimas";"Plena Noite";"Decrescente";"Céu Claro";"Dupla";"Reta";"Não";3;0;0;0;2;1;0;3;-22,0854;-45,7026;"SPRF-MG";"DEL16-MG";"UOP02-DEL16-MG"
122027;2018-03-30;"sexta-feira";"05:30:00";"BA";116;531;"ITATIM";"Condutor Dormindo";"Colisão com objeto estático";"Sem Vítimas";"Pleno dia";"Crescente";"Céu Claro";"Simples";"Reta";"Não";1;0;0;0;1;0;0;1;-12,754944;-39,799988;"SPRF-BA";"DEL03-BA";"UOP02-DEL03-BA"
122031;2018-03-30;"sexta-feira";"07:20:00";"SC";280;40,9;"GUARAMIRIM";"Falta de Atenção à Condução";"Colisão lateral";"Com Vítimas Feridas";"Pleno dia";"Crescente";"Céu Claro";"Simples";"Reta";"Não";3;0;1;0;1;1;1;3;-26,44940372;-48,84614825;"SPRF-SC";"DEL03-SC";"UOP03-DEL03-SC"
122043;2018-03-30;"sexta-feira";"07:30:00";"SP";116;509;"CAJATI";"Velocidade Incompatível";"Tombamento";"Sem Vítimas";"Pleno dia";"Decrescente";"Céu Claro";"Simples";"Curva";"Não";1;0;0;0;1;0;0;1;-24,78922807;-48,1791687;"SPRF-SP";"DEL05-SP";"UAP01-DEL05-SP"
122050;2018-03-30;"sexta-feira";"08:20:00";"SP";459;2;"PIQUETE";"Condutor Dormindo";"Colisão lateral";"Sem Vítimas";"Pleno dia";"Crescente";"Céu Claro";"Simples";"Curva";"Não";3;0;0;0;2;1;0;3;-22,57766513;-45,22002697;"SPRF-SP";"DEL08-SP";"UOP03-DEL08-SP"
122063;2018-03-30;"sexta-feira";"07:45:00";"PR";376;679,7;"GUARATUBA";"Velocidade Incompatível";"Saída de leito carroçável";"Com Vítimas Feridas";"Pleno dia";"Crescente";"Nublado";"Dupla";"Curva";"Não";2;0;0;1;0;1;1;2;-25,95927941;-48,90151978;"SPRF-PR";"DEL01-PR";"DEL7/1-UOP08/PR"
122065;2018-03-30;"sexta-feira";"08:40:00";"PE";101;3,3;"GOIANA";"Fenômenos da Natureza";"Saída de leito carroçável";"Sem Vítimas";"Pleno dia";"Crescente";"Chuva";"Dupla";"Curva;Declive";"Não";1;0;0;0;1;0;0;1;-7,5328;-34,9909;"SPRF-PE";"DEL01-PE";"UOP02-DEL01-PE"
122066;2018-03-30;"sexta-feira";"08:40:00";"MT";163;551,9;"DIAMANTINO";"Falta de Atenção à Condução";"Colisão frontal";"Com Vítimas Fatais";"Pleno dia";"Crescente";"Chuva";"Simples";"Curva";"Não";5;2;0;1;1;2;1;4;-14,22311983;-56,08520508;"SPRF-MT";"DEL01-MT";"UOP01-DEL01-MT"
122067;2018-03-30;"sexta-feira";"09:40:00";"RJ";116;195;"QUEIMADOS";"Falta de Atenção do Pedestre";"Atropelamento de Pedestre";"Com Vítimas Fatais";"Pleno dia";"Crescente";"Céu Claro";"Dupla";"Reta";"Não";3;1;0;0;1;1;0;3;-22,73312366;-43,61434937;"SPRF-RJ";"DEL01-RJ";"UOP03-DEL01-RJ"
122070;2018-02-27;"terça-feira";"10:00:00";"AL";101;37,2;"JOAQUIM GOMES";"Velocidade Incompatível";"Tombamento";"Com Vítimas Feridas";"Pleno dia";"Decrescente";"Sol";"Dupla";"Curva";"Não";2;0;0;1;0;1;1;2;-9,14393956;-35,76894164;"SPRF-AL";"DEL01-AL";"UOP01-DEL01-AL"
122071;2018-02-12;"segunda-feira";"10:10:00";"SE";101;124,2;"ITAPORANGA DAJUDA";"Falta de Atenção do Pedestre";"Atropelamento de Pedestre";"Com Vítimas Fatais";"Pleno dia";"Decrescente";"Céu Claro";"Dupla";"Declive;Reta";"Não";2;1;0;0;1;0;0;2;-11,05603997;-37,36494;"SPRF-SE";"DEL02-SE";"UOP01-DEL02-SE"
122074;2018-03-30;"sexta-feira";"07:30:00";"PR";153;468;"PORTO VITORIA";"Velocidade Incompatível";"Colisão frontal";"Com Vítimas Fatais";"Pleno dia";"Crescente";"Nublado";"Simples";"Aclive";"Não";7;2;0;2;1;2;2;4;-26,284528;-51,193452;"SPRF-PR";"DEL02-PR";"UOP03-DEL02-PR"
122077;2018-03-30;"sexta-feira";"11:20:00";"RN";110;49,3;"MOSSORO";"Falta de Atenção à Condução";"Colisão transversal";"Com Vítimas Feridas";"Pleno dia";"Decrescente";"Céu Claro";"Dupla";"Retorno Regulamentado";"Sim";2;0;1;0;1;0;1;2;-5,21646;-37,329269;"SPRF-RN";"DEL04-RN";"UOP01-DEL04-RN"
122079;2018-03-30;"sexta-feira";"10:35:00";"RS";392;35,5;"RIO GRANDE";"Não guardar distância de segurança";"Saída de leito carroçável";"Sem Vítimas";"Pleno dia";"Decrescente";"Céu Claro";"Dupla";"Curva";"Não";6;0;0;0;4;2;0;4;-31,98711231;-52,28781939;"SPRF-RS";"DEL07-RS";"UOP02-DEL07-RS"
122083;2018-03-30;"sexta-feira";"11:30:00";"MG";40;511,1;"CONTAGEM";"Falta de Atenção à Condução";"Colisão traseira";"Com Vítimas Feridas";"Pleno dia";"Decrescente";"Céu Claro";"Dupla";"Reta";"Sim";7;0;5;0;1;1;5;3;-19,782818;-44,116431;"SPRF-MG";"DEL01-MG";"UOP03-DEL01-MG"
122086;2018-03-30;"sexta-feira";"11:20:00";"BA";324;530;"FEIRA DE SANTANA";"Falta de Atenção à Condução";"Colisão lateral";"Com Vítimas Feridas";"Pleno dia";"Crescente";"Céu Claro";"Dupla";"Reta";"Não";2;0;1;0;1;0;1;2;-12,338407;-38,8488596;"SPRF-BA";"DEL01-BA";"UOP01-DEL01-BA"
122087;2018-03-29;"quinta-feira";"20:00:00";"SC";470;281,8;"BRUNOPOLIS";"Desobediência às normas de trânsito pelo condutor";"Colisão frontal";"Com Vítimas Feridas";"Plena Noite";"Decrescente";"Céu Claro";"Simples";"Curva";"Não";6;0;1;2;2;1;3;4;-27,33517505;-50,87219238;"SPRF-SC";"DEL07-SC";"UOP06-DEL07-SC"
122089;2018-03-29;"quinta-feira";"19:00:00";"SC";282;348;"CAMPOS NOVOS";"Defeito Mecânico no Veículo";"Incêndio";"Sem Vítimas";"Plena Noite";"Crescente";"Nublado";"Simples";"Reta";"Não";2;0;0;0;1;1;0;2;-27,361637;-51,273197;"SPRF-SC";"DEL07-SC";"UOP06-DEL07-SC"
122096;2018-03-30;"sexta-feira";"11:00:00";"CE";116;170,4;"RUSSAS";"Velocidade Incompatível";"Tombamento";"Sem Vítimas";"Pleno dia";"Crescente";"Chuva";"Simples";"Declive";"Não";2;0;0;0;1;1;0;2;-4,97192825;-38,00559282;"SPRF-CE";"DEL03-CE";"UOP01-DEL03-CE"
122102;2018-03-30;"sexta-feira";"08:20:00";"MG";50;138,6;"UBERABA";"Falta de Atenção à Condução";"Colisão traseira";"Com Vítimas Feridas";"Pleno dia";"Crescente";"Céu Claro";"Dupla";"Reta";"Não";7;0;4;0;2;1;4;4;-19,46;-48,0585;"SPRF-MG";"DEL13-MG";"UOP01-DEL13-MG"
122103;2018-03-30;"sexta-feira";"14:00:00";"PE";101;65;"RECIFE";"Falta de Atenção do Pedestre";"Atropelamento de Pedestre";"Com Vítimas Feridas";"Pleno dia";"Decrescente";"Céu Claro";"Simples";"Reta";"Sim";2;0;0;1;0;1;1;2;-8,025235;-34,94338989;"SPRF-PE";"DEL01-PE";"UOP01-DEL01-PE"
122112;2018-03-28;"quarta-feira";"21:10:00";"PR";116;52;"CAMPINA GRANDE DO SUL";"Falta de Atenção à Condução";"Saída de leito carroçável";"Sem Vítimas";"Plena Noite";"Crescente";"Chuva";"Dupla";"Reta";"Não";2;0;0;0;1;1;0;2;-25,249104;-48,908455;"SPRF-PR";"DEL01-PR";"UOP02-DEL01-PR"
122114;2018-03-30;"sexta-feira";"13:15:00";"MT";364;458;"VARZEA GRANDE";"Condutor Dormindo";"Saída de leito carroçável";"Sem Vítimas";"Pleno dia";"Crescente";"Nublado";"Simples";"Curva;Declive";"Não";1;0;0;0;1;0;0;1;-15,544446;-56,274193;"SPRF-MT";"DEL01-MT";"DEL2/4-UOP02/MT"
122150;2018-03-30;"sexta-feira";"17:30:00";"MG";381;754,6;"TRES CORACOES";"Falta de Atenção à Condução";"Saída de leito carroçável";"Sem Vítimas";"Pleno dia";"Crescente";"Céu Claro";"Dupla";"Reta";"Sim";2;0;0;0;1;1;0;2;-21,6688;-45,3256;"SPRF-MG";"DEL16-MG";"UOP02-DEL16-MG"
122151;2018-03-30;"sexta-feira";"18:00:00";"RJ";116;7;"SAPUCAIA";"Falta de Atenção à Condução";"Colisão lateral";"Com Vítimas Feridas";"Anoitecer";"Crescente";"Céu Claro";"Simples";"Curva";"Não";2;0;1;0;1;0;1;2;-21,92387747;-42,70145121;"SPRF-RJ";"DEL04-RJ";"UOP01-DEL04-RJ"
122156;2018-03-30;"sexta-feira";"00:00:00";"MT";158;396,4;"CANABRAVA DO NORTE";"Velocidade Incompatível";"Tombamento";"Sem Vítimas";"Plena Noite";"Crescente";"Céu Claro";"Dupla";"Interseção de Vias";"Não";2;0;0;0;0;3;0;3;-11,12585486;-51,75470352;"SPRF-MT";"DEL07-MT";"UOP02-DEL07-MT"
122170;2018-03-30;"sexta-feira";"19:10:00";"RJ";116;188,8;"QUEIMADOS";"Falta de Atenção à Condução";"Colisão com objeto estático";"Sem Vítimas";"Plena Noite";"Crescente";"Céu Claro";"Dupla";"Reta";"Não";1;0;0;0;1;0;0;1;-22,73607245;-43,54260564;"SPRF-RJ";"DEL01-RJ";"UOP03-DEL01-RJ"
122175;2018-03-29;"quinta-feira";"15:00:00";"MT";174;539,1;"COMODORO";"Velocidade Incompatível";"Tombamento";"Com Vítimas Feridas";"Pleno dia";"Crescente";"Ignorado";"Simples";"Curva";"Não";2;0;1;0;0;2;1;3;-13,193828;-59,86502;"SPRF-MT";"DEL04-MT";"UOP01-DEL04-MT"
122180;2018-03-30;"sexta-feira";"18:00:00";"RN";304;91,7;"ACU";"Defeito Mecânico no Veículo";"Saída de leito carroçável";"Com Vítimas Feridas";"Plena Noite";"Crescente";"Céu Claro";"Simples";"Reta";"Não";3;0;1;0;1;1;1;2;-5,534629;-37,093372;"SPRF-RN";"DEL04-RN";"UOP01-DEL04-RN"
122197;2018-03-30;"sexta-feira";"20:40:00";"PI";343;342,6;"TERESINA";"Fenômenos da Natureza";"Saída de leito carroçável";"Com Vítimas Feridas";"Plena Noite";"Crescente";"Garoa/Chuvisco";"Simples";"Reta";"Não";7;0;4;0;2;3;4;6;-5,08284;-42,750385;"SPRF-PI";"DEL01-PI";"UOP01-DEL01-PI"
122203;2018-03-30;"sexta-feira";"16:50:00";"RO";364;407;"JARU";"Ultrapassagem Indevida";"Colisão transversal";"Com Vítimas Fatais";"Pleno dia";"Decrescente";"Chuva";"Simples";"Reta";"Não";6;1;1;0;2;4;1;7;-10,60122029;-62,34741211;"SPRF-RO";"DEL03-RO";"UOP02-DEL03-RO"
122206;2018-03-30;"sexta-feira";"21:30:00";"PI";343;331;"TERESINA";"Falta de Atenção à Condução";"Colisão traseira";"Sem Vítimas";"Plena Noite";"Decrescente";"Nublado";"Simples";"Reta";"Não";1;0;0;0;1;0;0;1;-5,05753727;-42,6704656;"SPRF-PI";"DEL01-PI";"UOP01-DEL01-PI"
122210;2018-03-30;"sexta-feira";"20:15:00";"RS";392;219,7;"SANTANA DA BOA VISTA";"Defeito Mecânico no Veículo";"Incêndio";"Sem Vítimas";"Plena Noite";"Decrescente";"Céu Claro";"Simples";"Reta;Aclive";"Não";2;0;0;0;1;2;0;3;-30,73031774;-53,2085681;"SPRF-RS";"DEL09-RS";"UOP02-DEL09-RS"
122216;2018-03-31;"sábado";"02:50:00";"RJ";116;180,5;"NOVA IGUACU";"Deficiência ou não Acionamento do Sistema de Iluminação/Sinalização do Veículo";"Colisão traseira";"Sem Vítimas";"Plena Noite";"Decrescente";"Céu Claro";"Dupla";"Reta";"Sim";3;0;0;0;1;2;0;3;-22,73948129;-43,46628338;"SPRF-RJ";"DEL01-RJ";"UOP02-DEL01-RJ"
122232;2018-03-31;"sábado";"06:00:00";"MT";70;514;"CUIABA";"Desobediência às normas de trânsito pelo condutor";"Colisão transversal";"Com Vítimas Feridas";"Pleno dia";"Crescente";"Céu Claro";"Simples";"Reta";"Sim";3;0;1;0;1;1;1;3;-15,650426;-55,998444;"SPRF-MT";"DEL01-MT";"DEL2/4-UOP02/MT"
122236;2018-03-31;"sábado";"06:30:00";"MT";163;834,5;"SINOP";"Falta de Atenção à Condução";"Saída de leito carroçável";"Sem Vítimas";"Pleno dia";"Decrescente";"Céu Claro";"Simples";"Curva";"Sim";2;0;0;0;1;2;0;3;-11,87272661;-55,49880981;"SPRF-MT";"DEL06-MT";"UOP01-DEL06-MT"
122243;2018-03-31;"sábado";"07:18:00";"ES";101;142,3;"LINHARES";"Defeito Mecânico no Veículo";"Colisão lateral";"Com Vítimas Feridas";"Pleno dia";"Crescente";"Sol";"Múltipla";"Reta";"Sim";2;0;1;0;0;1;1;2;-19,3577936;-40,07263184;"SPRF-ES";"DEL04-ES";"UOP01-DEL04-ES"
122254;2018-03-31;"sábado";"08:20:00";"RS";470;188;"VERANOPOLIS";"Velocidade Incompatível";"Saída de leito carroçável";"Sem Vítimas";"Pleno dia";"Crescente";"Chuva";"Simples";"Curva";"Não";1;0;0;0;1;0;0;1;-29,01399513;-51,56066179;"SPRF-RS";"DEL06-RS";"UOP02-DEL06-RS"
122266;2018-03-31;"sábado";"11:10:00";"MG";381;498,1;"BETIM";"Falta de Atenção à Condução";"Colisão traseira";"Com Vítimas Feridas";"Pleno dia";"Decrescente";"Nublado";"Dupla";"Reta";"Sim";7;0;2;0;2;3;2;4;-19,9954;-44,208;"SPRF-MG";"DEL01-MG";"UOP03-DEL01-MG"
122279;2018-03-31;"sábado";"12:50:00";"SC";101;165;"TIJUCAS";"Falta de Atenção à Condução";"Colisão com objeto estático";"Com Vítimas Feridas";"Pleno dia";"Decrescente";"Chuva";"Dupla";"Reta";"Não";3;0;1;0;1;2;1;4;-27,2595;-48,6316;"SPRF-SC";"DEL04-SC";"UOP03-DEL04-SC"
122285;2018-03-31;"sábado";"13:50:00";"PI";343;341,1;"TERESINA";"Ingestão de Álcool";"Colisão lateral";"Com Vítimas Feridas";"Pleno dia";"Decrescente";"Céu Claro";"Simples";"Curva";"Não";2;0;1;0;1;0;1;2;-5,077812;-42,744255;"SPRF-PI";"DEL01-PI";"UOP01-DEL01-PI"
122288;2018-03-31;"sábado";"14:15:00";"MG";50;39;"ARAGUARI";"Falta de Atenção à Condução";"Colisão traseira";"Com Vítimas Feridas";"Pleno dia";"Decrescente";"Céu Claro";"Simples";"Reta";"Sim";2;0;1;0;1;0;1;2;-18,6747;-48,1781;"SPRF-MG";"DEL15-MG";"UOP02-DEL15-MG"
122292;2018-03-31;"sábado";"13:25:00";"BA";116;812;"VITORIA DA CONQUISTA";"Velocidade Incompatível";"Colisão traseira";"Com Vítimas Feridas";"Pleno dia";"Decrescente";"Céu Claro";"Simples";"Reta";"Não";2;0;1;0;1;0;1;2;-14,79839;-40,77031;"SPRF-BA";"DEL08-BA";"UOP01-DEL08-BA"
122298;2018-03-31;"sábado";"14:20:00";"MG";354;708,7;"CAXAMBU";"Velocidade Incompatível";"Tombamento";"Com Vítimas Feridas";"Pleno dia";"Decrescente";"Céu Claro";"Simples";"Reta";"Não";2;0;1;0;0;1;1;2;-22,06504474;-44,93568423;"SPRF-MG";"DEL05-MG";"DEL5/4-UOP01/MG"
122302;2018-03-31;"sábado";"14:35:00";"RJ";116;182,7;"NOVA IGUACU";"Condutor Dormindo";"Colisão traseira";"Sem Vítimas";"Pleno dia";"Crescente";"Sol";"Dupla";"Reta";"Sim";3;0;0;0;3;0;0;3;-22,73901758;-43,48121813;"SPRF-RJ";"DEL01-RJ";"UOP02-DEL01-RJ"
122305;2018-03-31;"sábado";"15:00:00";"SC";101;79;"ARAQUARI";"Falta de Atenção à Condução";"Colisão lateral";"Sem Vítimas";"Pleno dia";"Decrescente";"Nublado";"Múltipla";"Reta";"Não";3;0;0;0;3;0;0;3;-26,5972;-48,7233;"SPRF-SC";"DEL03-SC";"UOP02-DEL03-SC"
122309;2018-03-31;"sábado";"15:25:00";"SP";116;449,6;"REGISTRO";"Não guardar distância de segurança";"Colisão lateral";"Sem Vítimas";"Pleno dia";"Crescente";"Chuva";"Dupla";"Reta";"Não";2;0;0;0;1;1;0;2;-24,534566;-47,858127;"SPRF-SP";"DEL05-SP";"UOP01-DEL05-SP"
122322;2018-03-31;"sábado";"17:10:00";"MG";459;20,4;"CALDAS";"Não guardar distância de segurança";"Colisão traseira";"Com Vítimas Feridas";"Anoitecer";"Crescente";"Céu Claro";"Simples";"Reta";"Não";2;0;1;0;1;0;1;2;-21,869579;-46,419968;"SPRF-MG";"DEL09-MG";"UOP01-DEL09-MG"
122332;2018-03-31;"sábado";"09:30:00";"PR";116;50,9;"CAMPINA GRANDE DO SUL";"Pista Escorregadia";"Saída de leito carroçável";"Com Vítimas Feridas";"Pleno dia";"Crescente";"Garoa/Chuvisco";"Dupla";"Curva";"Não";3;0;1;0;2;0;1;2;-25,242548;-48,902889;"SPRF-PR";"DEL01-PR";"UOP02-DEL01-PR"
122334;2018-03-31;"sábado";"12:00:00";"RJ";101;268;"RIO BONITO";"Falta de Atenção à Condução";"Colisão frontal";"Com Vítimas Fatais";"Pleno dia";"Crescente";"Sol";"Dupla";"Reta";"Não";3;1;0;0;1;1;0;3;-22,711325;-42,669285;"SPRF-RJ";"DEL02-RJ";"UOP03-DEL02-RJ"
122337;2018-03-31;"sábado";"15:30:00";"RS";293;103,1;"PINHEIRO MACHADO";"Condutor Dormindo";"Colisão lateral";"Com Vítimas Feridas";"Pleno dia";"Decrescente";"Nublado";"Simples";"Reta";"Não";3;0;2;0;0;3;2;5;-31,5926325;-53,33938372;"SPRF-RS";"DEL11-RS";"UOP03-DEL11-RS"
122340;2018-03-31;"sábado";"16:00:00";"PB";104;184,7;"ALCANTIL";"Ingestão de Álcool";"Colisão frontal";"Com Vítimas Fatais";"Pleno dia";"Crescente";"Chuva";"Simples";"Aclive;Curva";"Não";5;2;0;1;1;1;1;3;-7,668985;-36,080901;"SPRF-PB";"DEL02-PB";"UOP03-DEL02-PB"
122346;2018-03-31;"sábado";"19:00:00";"GO";60;79,3;"ANAPOLIS";"Defeito Mecânico no Veículo";"Saída de leito carroçável";"Sem Vítimas";"Plena Noite";"Crescente";"Nublado";"Dupla";"Reta";"Não";1;0;0;0;1;0;0;1;-16,30117232;-48,81441504;"SPRF-GO";"DEL02-GO";"UOP01-DEL02-GO"
122353;2018-03-31;"sábado";"18:10:00";"RO";364;711;"PORTO VELHO";"Falta de Atenção à Condução";"Colisão lateral";"Com Vítimas Feridas";"Plena Noite";"Decrescente";"Chuva";"Dupla";"Retorno Regulamentado;Reta";"Sim";2;0;1;0;1;0;1;2;-8,78383746;-63,86185437;"SPRF-RO";"DEL01-RO";"UOP01-DEL01-RO"
122359;2018-03-31;"sábado";"15:20:00";"MT";364;277,3;"JACIARA";"Ingestão de Álcool";"Colisão lateral";"Sem Vítimas";"Pleno dia";"Crescente";"Céu Claro";"Dupla";"Reta";"Não";3;0;0;0;2;2;0;4;-15,950761;-54,999538;"SPRF-MT";"DEL02-MT";"UOP02-DEL05-MT"
122370;2018-03-31;"sábado";"20:50:00";"SP";153;150,1;"PROMISSAO";"Ultrapassagem Indevida";"Colisão lateral";"Com Vítimas Fatais";"Plena Noite";"Decrescente";"Nublado";"Simples";"Reta";"Não";3;1;0;0;1;1;0;3;-21,417488;-49,787224;"SPRF-SP";"DEL07-SP";"UOP01-DEL07-SP"
122375;2018-03-31;"sábado";"19:30:00";"BA";101;410;"GANDU";"Falta de Atenção à Condução";"Colisão frontal";"Com Vítimas Fatais";"Plena Noite";"Decrescente";"Céu Claro";"Simples";"Reta";"Não";2;1;0;0;1;0;0;2;-13,7681894;-39,4916056;"SPRF-BA";"DEL05-BA";"UOP03-DEL05-BA"
122422;2018-04-01;"domingo";"04:00:00";"BA";116;20,1;"VITORIA DA CONQUISTA";"Condutor Dormindo";"Colisão frontal";"Com Vítimas Fatais";"Plena Noite";"Crescente";"Céu Claro";"Simples";"Reta";"Não";3;1;0;0;2;0;0;2;-14,888982;-40,816401;"SPRF-BA";"DEL08-BA";"UOP01-DEL08-BA"
122426;2018-03-31;"sábado";"23:30:00";"MT";158;624;"AGUA BOA";"Falta de Atenção à Condução";"Saída de leito carroçável";"Com Vítimas Feridas";"Plena Noite";"Crescente";"Céu Claro";"Simples";"Aclive;Reta";"Não";3;0;1;0;1;2;1;4;-14,46260719;-52,26882935;"SPRF-MT";"DEL07-MT";"UOP02-DEL07-MT"
122433;2018-04-01;"domingo";"05:45:00";"SP";116;204;"ARUJA";"Não guardar distância de segurança";"Colisão traseira";"Com Vítimas Feridas";"Amanhecer";"Crescente";"Céu Claro";"Dupla";"Reta";"Sim";4;0;2;0;2;0;2;2;-23,41286585;-46,3615045;"SPRF-SP";"DEL01-SP";"UOP02-DEL01-SP"
122436;2018-04-01;"domingo";"06:30:00";"MG";116;689,7;"MURIAE";"Falta de Atenção à Condução";"Colisão lateral";"Com Vítimas Feridas";"Pleno dia";"Crescente";"Céu Claro";"Simples";"Curva";"Não";4;0;1;0;2;1;1;3;-21;-42,366377;"SPRF-MG";"DEL07-MG";"UOP02-DEL07-MG"
122444;2018-04-01;"domingo";"07:25:00";"MT";163;652,9;"LUCAS DO RIO VERDE";"Falta de Atenção à Condução";"Colisão lateral";"Com Vítimas Feridas";"Pleno dia";"Crescente";"Nublado";"Simples";"Reta";"Não";4;0;0;2;1;2;2;4;-13,34686501;-56,06323242;"SPRF-MT";"DEL06-MT";"UOP01-DEL06-MT"
122445;2018-04-01;"domingo";"06:10:00";"BA";116;640;"JAGUAQUARA";"Velocidade Incompatível";"Tombamento";"Com Vítimas Feridas";"Pleno dia";"Crescente";"Céu Claro";"Simples";"Curva";"Não";2;0;1;0;0;2;1;3;-13,5777673;-40,08026541;"SPRF-BA";"DEL03-BA";"UOP01-DEL03-BA"
122448;2018-04-01;"domingo";"08:30:00";"AL";101;98;"PILAR";"Pista Escorregadia";"Colisão lateral";"Sem Vítimas";"Pleno dia";"Crescente";"Chuva";"Simples";"Curva";"Não";4;0;0;0;3;1;0;3;-9,5520004;-35,96717834;"SPRF-AL";"DEL01-AL";"UOP01-DEL01-AL"
122449;2018-04-01;"domingo";"08:30:00";"PR";277;36;"CURITIBA";"Defeito Mecânico no Veículo";"Saída de leito carroçável";"Sem Vítimas";"Pleno dia";"Decrescente";"Nublado";"Dupla";"Declive";"Não";2;0;0;0;1;1;0;2;-25,476524;-49,259937;"SPRF-PR";"DEL01-PR";"UOP05-DEL01-PR"
122453;2018-04-01;"domingo";"08:00:00";"ES";262;55,5;"MARECHAL FLORIANO";"Velocidade Incompatível";"Tombamento";"Sem Vítimas";"Pleno dia";"Decrescente";"Céu Claro";"Simples";"Curva";"Não";2;0;0;0;1;1;0;2;-20,41273337;-40,75056016;"SPRF-ES";"DEL01-ES";"UOP01-DEL01-ES"
122455;2018-04-01;"domingo";"07:20:00";"BA";242;341;"LENCOIS";"Pista Escorregadia";"Tombamento";"Sem Vítimas";"Pleno dia";"Decrescente";"Sol";"Simples";"Curva";"Não";2;0;0;0;1;1;0;2;-12,46876014;-41,46102905;"SPRF-BA";"DEL06-BA";"UOP01-DEL06-BA"
122459;2018-04-01;"domingo";"10:20:00";"MG";381;353,7;"JOAO MONLEVADE";"Defeito Mecânico no Veículo";"Saída de leito carroçável";"Com Vítimas Feridas";"Pleno dia";"Crescente";"Sol";"Simples";"Reta";"Não";7;0;6;0;0;1;6;3;-19,85387449;-43,1343627;"SPRF-MG";"DEL03-MG";"UOP01-DEL03-MG"
122468;2018-04-01;"domingo";"09:50:00";"RJ";116;182;"NOVA IGUACU";"Falta de Atenção do Pedestre";"Atropelamento de Pedestre";"Com Vítimas Feridas";"Pleno dia";"Decrescente";"Céu Claro";"Dupla";"Reta";"Não";2;0;1;0;1;0;1;2;-22,7383886;-43,482249;"SPRF-RJ";"DEL01-RJ";"UOP02-DEL01-RJ"
122478;2018-04-01;"domingo";"09:05:00";"MG";356;276,5;"EUGENOPOLIS";"Velocidade Incompatível";"Tombamento";"Com Vítimas Fatais";"Pleno dia";"Crescente";"Céu Claro";"Simples";"Curva;Declive;Ponte";"Não";2;1;0;0;0;2;0;3;-21,12443681;-42,28049755;"SPRF-MG";"DEL07-MG";"UOP02-DEL07-MG"
122495;2018-04-01;"domingo";"14:30:00";"RS";290;2,6;"OSORIO";"Falta de Atenção à Condução";"Colisão traseira";"Com Vítimas Feridas";"Pleno dia";"Crescente";"Nublado";"Dupla";"Reta";"Não";4;0;1;0;2;3;1;5;-29,8976;-50,2996;"SPRF-RS";"DEL03-RS";"UOP02-DEL03-RS"
122505;2018-04-01;"domingo";"12:23:00";"MT";364;347,9;"SANTO ANTONIO DO LEVERGER";"Defeito Mecânico no Veículo";"Colisão traseira";"Com Vítimas Feridas";"Pleno dia";"Crescente";"Nublado";"Dupla";"Curva;Declive";"Não";3;0;1;0;1;1;1;3;-15,807347;-55,546921;"SPRF-MT";"DEL02-MT";"UOP02-DEL01-MT"
122510;2018-04-01;"domingo";"13:40:00";"SC";470;156;"TROMBUDO CENTRAL";"Falta de Atenção à Condução";"Colisão transversal";"Sem Vítimas";"Pleno dia";"Decrescente";"Garoa/Chuvisco";"Simples";"Reta";"Não";2;0;0;0;2;0;0;2;-27,281332;-49,760201;"SPRF-SC";"DEL04-SC";"UOP02-DEL04-SC"
122522;2018-04-01;"domingo";"15:50:00";"SC";101;187;"BIGUACU";"Ingestão de Álcool";"Colisão com objeto estático";"Sem Vítimas";"Pleno dia";"Decrescente";"Céu Claro";"Múltipla";"Reta";"Não";2;0;0;0;1;1;0;2;-27,4514;-48,6336;"SPRF-SC";"DEL01-SC";"UOP01-DEL01-SC"
122526;2018-04-01;"domingo";"10:00:00";"MA";10;141;"ESTREITO";"Velocidade Incompatível";"Tombamento";"Com Vítimas Feridas";"Pleno dia";"Crescente";"Céu Claro";"Simples";"Reta";"Não";1;0;1;0;0;0;1;1;-6,485252;-47,387012;"SPRF-MA";"DEL04-MA";"UOP02-DEL04-MA"
122564;2018-04-01;"domingo";"17:20:00";"RS";472;553;"URUGUAIANA";"Ingestão de álcool e/ou substâncias psicoativas pelo pedestre";"Colisão com objeto estático";"Sem Vítimas";"Pleno dia";"Crescente";"Céu Claro";"Simples";"Ponte";"Não";1;0;0;0;1;0;0;1;-29,65941605;-56,90093994;"SPRF-RS";"DEL13-RS";"UOP01-DEL13-RS"
122566;2018-04-01;"domingo";"17:20:00";"RN";427;99;"CAICO";"Ingestão de Álcool";"Colisão lateral";"Sem Vítimas";"Anoitecer";"Crescente";"Nublado";"Simples";"Curva";"Sim";2;0;0;0;2;0;0;2;-6,459299;-37,09848;"SPRF-RN";"DEL03-RN";"UOP01-DEL03-RN"
122579;2018-04-01;"domingo";"18:30:00";"MG";381;478;"CONTAGEM";"Falta de Atenção à Condução";"Colisão lateral";"Com Vítimas Feridas";"Plena Noite";"Decrescente";"Céu Claro";"Múltipla";"Declive";"Sim";3;0;1;0;2;0;1;3;-19,96268007;-44,04045582;"SPRF-MG";"DEL01-MG";"UOP03-DEL01-MG"