"id";"data_inversa";"dia_semana";"horario";"uf";"br";"km";"municipio";"causa_acidente";"tipo_acidente";"classificacao_acidente";"fase_dia";"sentido_via";"condicao_metereologica";"tipo_pista";"tracado_via";"uso_solo";"pessoas";"mortos";"feridos_leves";"feridos_graves";"ilesos";"ignorados";"feridos";"veiculos";"latitude";"longitude";"regional";"delegacia";"uop"
122588;2018-04-01;"domingo";"17:45:00";"DF";20;15;"BRASILIA";"Pista Escorregadia";"Tombamento";"Sem Vítimas";"Anoitecer";"Crescente";"Chuva";"Dupla";"Reta";"Não";2;0;0;0;1;1;0;2;-15,62832698;-47,72254944;"SPRF-DF";"DEL02-DF";"UOP01-DEL02-DF"
122594;2018-04-01;"domingo";"17:30:00";"MT";174;98;"CACERES";"Ingestão de Álcool";"Colisão transversal";"Com Vítimas Feridas";"Anoitecer";"Decrescente";"Céu Claro";"Simples";"Reta";"Sim";3;0;1;0;1;1;1;3;-15,848042;-57,85099;"SPRF-MT";"DEL03-MT";"UOP01-DEL03-MT"
122615;2018-04-01;"domingo";"20:10:00";"PR";376;492,3;"PONTA GROSSA";"Ingestão de Álcool";"Saída de leito carroçável";"Sem Vítimas";"Plena Noite";"Decrescente";"Nublado";"Dupla";"Reta";"Não";1;0;0;0;1;0;0;1;-25,10674092;-50,19447327;"SPRF-PR";"DEL03-PR";"UOP04-DEL03-PR"
122618;2018-04-01;"domingo";"21:00:00";"GO";153;49;"PORANGATU";"Defeito na Via";"Tombamento";"Com Vítimas Feridas";"Plena Noite";"Crescente";"Céu Claro";"Simples";"Reta";"Não";2;0;1;0;0;1;1;2;-13,242126;-49,141426;"SPRF-GO";"DEL07-GO";"UOP01-DEL07-GO"
122624;2018-04-01;"domingo";"20:20:00";"RJ";116;283;"BARRA MANSA";"Fenômenos da Natureza";"Saída de leito carroçável";"Com Vítimas Feridas";"Plena Noite";"Crescente";"Chuva";"Dupla";"Reta";"Não";2;0;1;0;0;1;1;2;-22,47829943;-44,27672625;"SPRF-RJ";"DEL07-RJ";"UOP02-DEL07-RJ"
122625;2018-04-01;"domingo";"21:25:00";"MA";135;22,8;"SAO LUIS";"Não guardar distância de segurança";"Saída de leito carroçável";"Sem Vítimas";"Plena Noite";"Decrescente";"Céu Claro";"Dupla";"Reta";"Não";2;0;0;0;1;1;0;2;-2,75167127;-44,34701353;"SPRF-MA";"DEL01-MA";"UOP01-DEL01-MA"
122626;2018-04-01;"domingo";"20:50:00";"RS";386;324,5;"MARQUES DE SOUZA";"Falta de Atenção à Condução";"Colisão transversal";"Com Vítimas Feridas";"Plena Noite";"Decrescente";"Nublado";"Simples";"Reta";"Sim";9;0;2;0;6;1;2;4;-29,3261139;-52,10190207;"SPRF-RS";"DEL04-RS";"UOP01-DEL04-RS"
122629;2018-04-01;"domingo";"22:00:00";"CE";222;73,8;"SAO GONCALO DO AMARANTE";"Desobediência às normas de trânsito pelo condutor";"Colisão frontal";"Com Vítimas Fatais";"Plena Noite";"Decrescente";"Nublado";"Simples";"Reta";"Não";2;1;0;0;1;0;0;2;-3,67323191;-39,20452311;"SPRF-CE";"DEL01-CE";"UOP03-DEL01-CE"
122634;2018-04-01;"domingo";"22:20:00";"SC";153;5,3;"AGUA DOCE";"Defeito Mecânico no Veículo";"Incêndio";"Sem Vítimas";"Plena Noite";"Decrescente";"Céu Claro";"Simples";"Reta";"Não";2;0;0;0;1;2;0;3;-26,643061;-51,51313;"SPRF-SC";"DEL07-SC";"UOP07-DEL07-SC"
122645;2018-04-01;"domingo";"23:20:00";"MG";381;801,9;"SAO GONCALO DO SAPUCAI";"Ingestão de Álcool";"Colisão lateral";"Com Vítimas Feridas";"Plena Noite";"Crescente";"Céu Claro";"Dupla";"Reta";"Não";5;0;2;0;2;1;2;3;-21,94470744;-45,61980486;"SPRF-MG";"DEL16-MG";"UOP02-DEL16-MG"
122656;2018-04-01;"domingo";"22:00:00";"MG";153;71;"MONTE ALEGRE DE MINAS";"Agressão Externa";"Colisão com objeto estático";"Sem Vítimas";"Plena Noite";"Decrescente";"Chuva";"Simples";"Reta";"Não";2;0;0;0;1;1;0;2;-18,99237797;-49,01848982;"SPRF-MG";"DEL15-MG";"UOP03-DEL15-MG"
122657;2018-04-02;"segunda-feira";"01:50:00";"MG";381;830,5;"SAO SEBASTIAO DA BELA VISTA";"Falta de Atenção à Condução";"Saída de leito carroçável";"Com Vítimas Feridas";"Plena Noite";"Crescente";"Céu Claro";"Dupla";"Reta";"Não";2;0;1;0;0;1;1;2;-22,1218;-45,7727;"SPRF-MG";"DEL16-MG";"UOP01-DEL16-MG"
122659;2018-04-01;"domingo";"20:15:00";"MA";10;167,5;"PORTO FRANCO";"Mal Súbito";"Queda de ocupante de veículo";"Com Vítimas Fatais";"Plena Noite";"Decrescente";"Nublado";"Simples";"Reta";"Não";2;1;0;0;0;1;0;2;-6,252902;-47,353036;"SPRF-MA";"DEL04-MA";"UOP02-DEL04-MA"
122665;2018-04-02;"segunda-feira";"00:50:00";"SP";116;407,5;"JUQUIA";"Falta de Atenção à Condução";"Colisão traseira";"Com Vítimas Feridas";"Plena Noite";"Decrescente";"Nublado";"Dupla";"Reta";"Não";5;0;1;0;3;1;1;4;-24,31456238;-47,52822876;"SPRF-SP";"DEL05-SP";"UOP01-DEL05-SP"
122669;2018-04-02;"segunda-feira";"05:30:00";"PR";277;107;"CAMPO LARGO";"Falta de Atenção à Condução";"Colisão traseira";"Com Vítimas Feridas";"Amanhecer";"Decrescente";"Nublado";"Dupla";"Reta";"Não";5;0;3;0;2;0;3;2;-25,4358338;-49,43710327;"SPRF-PR";"DEL01-PR";"UOP06-DEL01-PR"
122671;2018-04-02;"segunda-feira";"05:10:00";"RS";158;198,6;"CRUZ ALTA";"Desobediência às normas de trânsito pelo condutor";"Colisão lateral";"Com Vítimas Feridas";"Plena Noite";"Crescente";"Garoa/Chuvisco";"Simples";"Reta";"Não";2;0;1;0;1;0;1;2;-28,668705;-53,591545;"SPRF-RS";"DEL10-RS";"UOP02-DEL10-RS"
122676;2018-04-02;"segunda-feira";"06:30:00";"TO";153;636;"ALIANCA DO TOCANTINS";"Desobediência às normas de trânsito pelo condutor";"Colisão lateral";"Com Vítimas Feridas";"Pleno dia";"Crescente";"Chuva";"Simples";"Reta";"Não";3;0;1;0;1;2;1;4;-11,361217;-48,960964;"SPRF-TO";"DEL02-TO";"UOP02-DEL01-TO"
122694;2018-04-02;"segunda-feira";"07:40:00";"BA";324;593;"SIMOES FILHO";"Condutor Dormindo";"Saída de leito carroçável";"Sem Vítimas";"Pleno dia";"Decrescente";"Céu Claro";"Dupla";"Reta";"Não";2;0;0;0;1;1;0;2;-12,7555528;-38,42880249;"SPRF-BA";"DEL01-BA";"UOP01-DEL01-BA"
122695;2018-04-02;"segunda-feira";"07:45:00";"RS";386;343,9;"LAJEADO";"Velocidade Incompatível";"Colisão frontal";"Sem Vítimas";"Pleno dia";"Crescente";"Garoa/Chuvisco";"Simples";"Reta";"Sim";3;0;0;0;3;0;0;2;-29,4441554;-51,9812406;"SPRF-RS";"DEL04-RS";"UOP01-DEL04-RS"
122702;2018-04-02;"segunda-feira";"08:15:00";"TO";153;666;"GURUPI";"Velocidade Incompatível";"Colisão traseira";"Com Vítimas Feridas";"Pleno dia";"Crescente";"Chuva";"Simples";"Reta";"Não";3;0;1;0;2;0;1;2;-11,70095718;-49,07258034;"SPRF-TO";"DEL02-TO";"UOP02-DEL01-TO"
122703;2018-04-02;"segunda-feira";"07:10:00";"MG";381;372;"SAO GONCALO DO RIO ABAIXO";"Velocidade Incompatível";"Colisão frontal";"Com Vítimas Fatais";"Pleno dia";"Decrescente";"Céu Claro";"Simples";"Reta";"Não";5;1;0;1;2;2;1;4;-19,85585233;-43,22021484;"SPRF-MG";"DEL01-MG";"UOP01-DEL01-MG"
122707;2018-04-02;"segunda-feira";"06:40:00";"SC";116;78,7;"MONTE CASTELO";"Desobediência às normas de trânsito pelo condutor";"Colisão lateral";"Com Vítimas Feridas";"Pleno dia";"Decrescente";"Céu Claro";"Simples";"Reta";"Não";2;0;1;0;1;0;1;2;-26,54430856;-50,22537231;"SPRF-SC";"DEL06-SC";"UOP02-DEL06-SC"
122708;2018-04-02;"segunda-feira";"07:50:00";"PR";376;667,9;"GUARATUBA";"Velocidade Incompatível";"Colisão lateral";"Com Vítimas Feridas";"Pleno dia";"Crescente";"Nublado";"Dupla";"Curva";"Não";3;0;1;0;2;0;1;2;-25,8639928;-48,93447876;"SPRF-PR";"DEL01-PR";"DEL7/1-UOP08/PR"
122711;2018-04-02;"segunda-feira";"08:35:00";"MG";262;362;"JUATUBA";"Não guardar distância de segurança";"Colisão traseira";"Com Vítimas Feridas";"Pleno dia";"Decrescente";"Sol";"Dupla";"Reta";"Sim";4;0;1;0;2;1;1;4;-19,9723;-44,2986;"SPRF-MG";"DEL01-MG";"UOP03-DEL01-MG"
122715;2018-04-02;"segunda-feira";"09:10:00";"CE";116;21;"ITAITINGA";"Não guardar distância de segurança";"Engavetamento";"Com Vítimas Feridas";"Pleno dia";"Decrescente";"Chuva";"Dupla";"Reta;Declive";"Sim";3;0;1;0;2;0;1;3;-3,937474;-38,508843;"SPRF-CE";"DEL01-CE";"UOP02-DEL01-CE"
122716;2018-04-02;"segunda-feira";"08:55:00";"RS";116;146,1;"CAXIAS DO SUL";"Não guardar distância de segurança";"Colisão traseira";"Sem Vítimas";"Pleno dia";"Crescente";"Chuva";"Dupla";"Reta";"Sim";3;0;0;0;3;0;0;3;-29,142286;-51,136219;"SPRF-RS";"DEL05-RS";"UOP01-DEL05-RS"
122721;2018-04-02;"segunda-feira";"09:45:00";"SC";116;214,9;"PONTE ALTA";"Não guardar distância de segurança";"Colisão lateral";"Sem Vítimas";"Pleno dia";"Decrescente";"Céu Claro";"Simples";"Curva";"Não";4;0;0;0;3;1;0;4;-27,48974;-50,375561;"SPRF-SC";"DEL05-SC";"UOP03-DEL05-SC"
122724;2018-04-02;"segunda-feira";"10:35:00";"PE";101;70,2;"RECIFE";"Falta de Atenção à Condução";"Colisão frontal";"Com Vítimas Feridas";"Pleno dia";"Decrescente";"Sol";"Dupla";"Reta";"Sim";2;0;1;0;1;0;1;2;-8,0778;-34,9429;"SPRF-PE";"DEL01-PE";"UOP01-DEL01-PE"
122726;2018-04-02;"segunda-feira";"10:05:00";"MG";116;694;"MURIAE";"Mal Súbito";"Colisão lateral";"Com Vítimas Feridas";"Pleno dia";"Decrescente";"Sol";"Simples";"Reta";"Não";4;0;1;0;2;2;1;4;-21,08321873;-42,37289429;"SPRF-MG";"DEL07-MG";"UOP02-DEL07-MG"
122728;2018-04-02;"segunda-feira";"10:40:00";"PR";376;182;"MARINGA";"Falta de Atenção à Condução";"Colisão lateral";"Com Vítimas Feridas";"Pleno dia";"Crescente";"Céu Claro";"Múltipla";"Reta";"Não";3;0;1;0;2;0;1;3;-23,43684;-51,878807;"SPRF-PR";"DEL07-PR";"UOP01-DEL09-PR"
122730;2018-04-02;"segunda-feira";"07:40:00";"BA";116;673,3;"JEQUIE";"Condutor Dormindo";"Colisão traseira";"Com Vítimas Feridas";"Pleno dia";"Decrescente";"Céu Claro";"Simples";"Reta";"Não";4;0;1;0;2;1;1;3;-13,862;-40,113;"SPRF-BA";"DEL03-BA";"UOP01-DEL03-BA"
122732;2018-04-01;"domingo";"07:00:00";"MG";365;325;"SAO GONCALO DO ABAETE";"Condutor Dormindo";"Tombamento";"Sem Vítimas";"Pleno dia";"Crescente";"Céu Claro";"Dupla";"Reta";"Não";3;0;0;0;3;0;0;3;-18,13960944;-45,74226379;"SPRF-MG";"DEL10-MG";"UOP01-DEL10-MG"
122734;2018-03-20;"terça-feira";"08:15:00";"PR";116;106,5;"SAO JOSE DOS PINHAIS";"Velocidade Incompatível";"Colisão lateral";"Sem Vítimas";"Pleno dia";"Crescente";"Céu Claro";"Dupla";"Reta";"Não";3;0;0;0;2;2;0;4;-25,568306;-49,177998;"SPRF-PR";"DEL01-PR";"UOP07-DEL01-PR"
122737;2018-02-07;"quarta-feira";"01:10:00";"MS";262;304,5;"CAMPO GRANDE";"Velocidade Incompatível";"Colisão traseira";"Com Vítimas Feridas";"Plena Noite";"Crescente";"Céu Claro";"Simples";"Reta";"Não";4;0;1;0;1;2;1;4;-20,48646507;-54,33352126;"SPRF-MS";"DEL01-MS";"UOP01-DEL01-MS"
122752;2018-04-02;"segunda-feira";"07:50:00";"MG";262;589,7;"CAMPOS ALTOS";"Pista Escorregadia";"Saída de leito carroçável";"Com Vítimas Feridas";"Pleno dia";"Decrescente";"Chuva";"Simples";"Curva";"Não";4;0;0;3;0;1;3;3;-19,666414;-46,16032;"SPRF-MG";"DEL08-MG";"UOP02-DEL08-MG"
122755;2018-04-02;"segunda-feira";"11:10:00";"MG";381;896;"CAMBUI";"Defeito Mecânico no Veículo";"Tombamento";"Sem Vítimas";"Pleno dia";"Decrescente";"Céu Claro";"Dupla";"Reta";"Sim";1;0;0;0;1;0;0;1;-22,59543969;-46,05628693;"SPRF-MG";"DEL16-MG";"UOP03-DEL16-MG"
122757;2018-04-02;"segunda-feira";"10:56:00";"RJ";101;331;"RIO DE JANEIRO";"Falta de Atenção à Condução";"Colisão lateral";"Com Vítimas Feridas";"Pleno dia";"Decrescente";"Sol";"Dupla";"Ponte";"Não";3;0;1;1;0;1;2;2;-22,867664;-43,19556;"SPRF-RJ";"DEL02-RJ";"UOP02-DEL02-RJ"
122758;2018-04-02;"segunda-feira";"08:50:00";"RO";364;179,3;"PIMENTA BUENO";"Falta de Atenção à Condução";"Tombamento";"Com Vítimas Feridas";"Pleno dia";"Crescente";"Céu Claro";"Simples";"Declive;Reta";"Não";3;0;2;0;0;5;2;7;-11,78429233;-61,06838465;"SPRF-RO";"DEL02-RO";"UOP02-DEL02-RO"
122759;2018-04-02;"segunda-feira";"12:15:00";"RJ";101;303;"SAO GONCALO";"Falta de Atenção à Condução";"Tombamento";"Sem Vítimas";"Pleno dia";"Crescente";"Céu Claro";"Dupla";"Curva";"Sim";1;0;0;0;1;0;0;1;-22,782822;-42,976677;"SPRF-RJ";"DEL02-RJ";"DEL5/2-UOP04/RJ"
122764;2018-03-06;"terça-feira";"20:30:00";"SC";282;223;"LAGES";"Defeito Mecânico no Veículo";"Colisão com objeto estático";"Sem Vítimas";"Plena Noite";"Decrescente";"Ignorado";"Simples";"Rotatória";"Sim";3;0;0;0;1;2;0;3;-27,800127;-50,362751;"SPRF-SC";"DEL05-SC";"UOP01-DEL05-SC"
122767;2018-04-02;"segunda-feira";"14:15:00";"MG";381;851,8;"POUSO ALEGRE";"Pista Escorregadia";"Danos eventuais";"Com Vítimas Feridas";"Pleno dia";"Crescente";"Chuva";"Dupla";"Reta";"Não";2;0;1;0;0;1;1;2;-22,25267843;-45,88788088;"SPRF-MG";"DEL16-MG";"UOP01-DEL16-MG"
122768;2018-04-02;"segunda-feira";"14:50:00";"GO";153;505,2;"APARECIDA DE GOIANIA";"Desobediência às normas de trânsito pelo condutor";"Colisão lateral";"Com Vítimas Feridas";"Pleno dia";"Crescente";"Céu Claro";"Múltipla";"Reta";"Sim";5;0;2;1;1;1;3;3;-16,7537;-49,2411;"SPRF-GO";"DEL01-GO";"UOP01-DEL01-GO"
122773;2018-04-02;"segunda-feira";"15:00:00";"PA";316;14;"MARITUBA";"Falta de Atenção à Condução";"Saída de leito carroçável";"Com Vítimas Feridas";"Pleno dia";"Decrescente";"Chuva";"Dupla";"Reta";"Não";2;0;1;0;1;0;1;2;-1,36492215;-48,31169128;"SPRF-PA";"DEL01-PA";"DEL19/1-UOP05/PA"
122774;2018-04-02;"segunda-feira";"15:30:00";"SC";280;17,7;"SAO FRANCISCO DO SUL";"Desobediência às normas de trânsito pelo condutor";"Queda de ocupante de veículo";"Com Vítimas Feridas";"Pleno dia";"Decrescente";"Sol";"Simples";"Reta";"Não";3;0;3;0;0;0;3;2;-26,36190467;-48,66310626;"SPRF-SC";"DEL03-SC";"UOP03-DEL03-SC"
122781;2018-03-24;"sábado";"17:03:00";"TO";153;550,4;"OLIVEIRA DE FATIMA";"Defeito na Via";"Colisão frontal";"Com Vítimas Feridas";"Pleno dia";"Crescente";"Céu Claro";"Simples";"Reta";"Não";4;0;1;0;3;0;1;2;-10,648081;-48,909473;"SPRF-TO";"DEL02-TO";"UOP01-DEL01-TO"
122784;2018-04-02;"segunda-feira";"16:22:00";"SP";116;228,9;"SAO PAULO";"Falta de Atenção à Condução";"Colisão com objeto estático";"Com Vítimas Feridas";"Pleno dia";"Decrescente";"Nublado";"Múltipla";"Aclive";"Sim";2;0;1;0;1;0;1;2;-23,5035519;-46,56692505;"SPRF-SP";"DEL01-SP";"UOP01-DEL01-SP"
122785;2018-04-02;"segunda-feira";"13:30:00";"SC";101;326,9;"CAPIVARI DE BAIXO";"Defeito Mecânico no Veículo";"Incêndio";"Sem Vítimas";"Pleno dia";"Decrescente";"Céu Claro";"Múltipla";"Reta";"Sim";1;0;0;0;1;0;0;1;-28,43005289;-48,94752502;"SPRF-SC";"DEL02-SC";"UOP01-DEL02-SC"
122787;2018-04-02;"segunda-feira";"16:40:00";"RS";158;326,4;"SANTA MARIA";"Não guardar distância de segurança";"Colisão lateral";"Com Vítimas Feridas";"Pleno dia";"Decrescente";"Nublado";"Simples";"Rotatória";"Sim";2;0;1;0;1;0;1;2;-29,728384;-53,803284;"SPRF-RS";"DEL09-RS";"UOP01-DEL09-RS"
122790;2018-04-02;"segunda-feira";"16:40:00";"MG";40;664,5;"CARANDAI";"Falta de Atenção à Condução";"Colisão traseira";"Com Vítimas Feridas";"Pleno dia";"Decrescente";"Chuva";"Simples";"Reta";"Não";3;0;2;0;0;1;2;3;-20,9447;-43,8088;"SPRF-MG";"DEL05-MG";"UOP02-DEL05-MG"
122791;2018-04-02;"segunda-feira";"16:50:00";"SC";101;192,8;"BIGUACU";"Falta de Atenção à Condução";"Colisão lateral";"Com Vítimas Feridas";"Pleno dia";"Decrescente";"Sol";"Múltipla";"Reta";"Sim";3;0;1;0;1;1;1;3;-27,4897;-48,6559;"SPRF-SC";"DEL01-SC";"UOP01-DEL01-SC"
122792;2018-04-02;"segunda-feira";"15:50:00";"MG";50;154,2;"UBERABA";"Condutor Dormindo";"Saída de leito carroçável";"Com Vítimas Feridas";"Pleno dia";"Decrescente";"Céu Claro";"Dupla";"Reta";"Não";1;0;1;0;0;0;1;1;-19,6076;-48,0223;"SPRF-MG";"DEL13-MG";"UOP01-DEL13-MG"
122793;2018-04-02;"segunda-feira";"16:40:00";"GO";80;127;"VILA PROPICIO";"Mal Súbito";"Saída de leito carroçável";"Com Vítimas Feridas";"Pleno dia";"Crescente";"Garoa/Chuvisco";"Simples";"Curva";"Não";1;0;1;0;0;0;1;1;-15,208875;-48,697312;"SPRF-GO";"DEL07-GO";"UOP02-DEL07-GO"
122795;2018-04-02;"segunda-feira";"16:55:00";"SC";280;22,5;"ARAQUARI";"Falta de Atenção à Condução";"Colisão transversal";"Com Vítimas Feridas";"Pleno dia";"Crescente";"Céu Claro";"Simples";"Reta";"Não";3;0;0;1;1;2;1;4;-26,37116173;-48,70691746;"SPRF-SC";"DEL03-SC";"UOP03-DEL03-SC"
122800;2018-04-02;"segunda-feira";"15:00:00";"MS";262;71,8;"TRES LAGOAS";"Não guardar distância de segurança";"Colisão traseira";"Sem Vítimas";"Pleno dia";"Decrescente";"Chuva";"Simples";"Aclive";"Não";4;0;0;0;3;6;0;9;-20,671244;-52,251648;"SPRF-MS";"DEL07-MS";"UOP02-DEL07-MS"
122806;2018-04-02;"segunda-feira";"16:10:00";"MT";163;514;"DIAMANTINO";"Falta de Atenção à Condução";"Colisão frontal";"Com Vítimas Feridas";"Pleno dia";"Crescente";"Garoa/Chuvisco";"Simples";"Reta";"Não";3;0;2;0;0;4;2;6;-14,50648535;-56,20193481;"SPRF-MT";"DEL01-MT";"UOP01-DEL01-MT"
122809;2018-04-02;"segunda-feira";"15:05:00";"RO";364;715;"PORTO VELHO";"Não guardar distância de segurança";"Colisão traseira";"Sem Vítimas";"Pleno dia";"Crescente";"Sol";"Dupla";"Interseção de Vias";"Sim";2;0;0;0;2;0;0;2;-8,78454786;-63,89703155;"SPRF-RO";"DEL01-RO";"UOP01-DEL01-RO"
122811;2018-04-02;"segunda-feira";"17:35:00";"SC";470;146,5;"RIO DO SUL";"Falta de Atenção à Condução";"Colisão transversal";"Com Vítimas Feridas";"Anoitecer";"Crescente";"Céu Claro";"Simples";"Curva";"Sim";3;0;1;0;1;2;1;4;-27,23215643;-49,67152566;"SPRF-SC";"DEL04-SC";"UOP02-DEL04-SC"
122812;2018-04-02;"segunda-feira";"17:55:00";"SC";101;212;"PALHOCA";"Não guardar distância de segurança";"Engavetamento";"Com Vítimas Feridas";"Anoitecer";"Decrescente";"Céu Claro";"Múltipla";"Reta";"Sim";5;0;2;0;3;0;2;3;-27,63301081;-48,66196632;"SPRF-SC";"DEL01-SC";"UOP02-DEL01-SC"
122849;2018-04-02;"segunda-feira";"18:20:00";"MS";163;614,2;"SAO GABRIEL DO OESTE";"Desobediência às normas de trânsito pelo condutor";"Colisão lateral";"Com Vítimas Feridas";"Anoitecer";"Decrescente";"Céu Claro";"Simples";"Reta";"Sim";2;0;1;0;1;0;1;2;-19,39209542;-54,5814826;"SPRF-MS";"DEL06-MS";"UOP02-DEL06-MS"
122853;2018-04-02;"segunda-feira";"20:25:00";"ES";101;367,9;"ANCHIETA";"Velocidade Incompatível";"Saída de leito carroçável";"Com Vítimas Feridas";"Plena Noite";"Decrescente";"Céu Claro";"Simples";"Reta";"Não";1;0;0;1;0;0;1;1;-20,79078224;-40,80047607;"SPRF-ES";"DEL03-ES";"UOP01-DEL03-ES"
122858;2018-04-02;"segunda-feira";"20:40:00";"SP";459;7,1;"PIQUETE";"Falta de Atenção à Condução";"Colisão com objeto estático";"Com Vítimas Feridas";"Plena Noite";"Crescente";"Nublado";"Simples";"Curva;Declive";"Não";2;0;1;0;0;1;1;2;-22,57378;-45,193432;"SPRF-SP";"DEL08-SP";"UOP03-DEL08-SP"
122859;2018-04-02;"segunda-feira";"18:30:00";"MT";364;442;"VARZEA GRANDE";"Falta de Atenção à Condução";"Queda de ocupante de veículo";"Com Vítimas Feridas";"Plena Noite";"Decrescente";"Chuva";"Simples";"Declive";"Não";2;0;0;1;0;1;1;2;-15,647788;-56,197014;"SPRF-MT";"DEL01-MT";"DEL2/4-UOP02/MT"
122861;2018-04-02;"segunda-feira";"20:30:00";"BA";242;552;"UTINGA";"Defeito na Via";"Capotamento";"Com Vítimas Feridas";"Plena Noite";"Decrescente";"Céu Claro";"Simples";"Reta";"Não";4;0;4;0;0;0;4;1;-12,032142;-41,01142;"SPRF-BA";"DEL10-BA";"UOP03-DEL06-BA"
122863;2018-04-02;"segunda-feira";"20:30:00";"PE";104;17,3;"TAQUARITINGA DO NORTE";"Desobediência às normas de trânsito pelo condutor";"Colisão frontal";"Com Vítimas Fatais";"Plena Noite";"Decrescente";"Céu Claro";"Simples";"Reta";"Não";3;1;1;1;0;0;2;2;-7,93384976;-36,1208421;"SPRF-PE";"DEL02-PE";"UOP01-DEL02-PE"
122864;2018-04-02;"segunda-feira";"21:00:00";"SP";116;176;"GUARAREMA";"Falta de Atenção à Condução";"Colisão lateral";"Com Vítimas Feridas";"Plena Noite";"Crescente";"Céu Claro";"Dupla";"Reta;Declive";"Não";4;0;1;0;2;2;1;5;-23,32162744;-46,10832912;"SPRF-SP";"DEL02-SP";"UOP01-DEL02-SP"
122867;2018-04-02;"segunda-feira";"19:30:00";"GO";60;99,9;"ANAPOLIS";"Velocidade Incompatível";"Derramamento de carga";"Com Vítimas Feridas";"Plena Noite";"Decrescente";"Nublado";"Dupla";"Viaduto";"Sim";3;0;2;0;0;2;2;3;-16,39541321;-48,96147251;"SPRF-GO";"DEL02-GO";"UOP01-DEL02-GO"
122869;2018-04-02;"segunda-feira";"19:30:00";"RJ";101;217;"SILVA JARDIM";"Ingestão de Álcool";"Colisão lateral";"Sem Vítimas";"Plena Noite";"Decrescente";"Céu Claro";"Simples";"Reta";"Não";2;0;0;0;2;0;0;2;-22,50766;-42,291695;"SPRF-RJ";"DEL02-RJ";"UOP03-DEL02-RJ"
122873;2018-04-02;"segunda-feira";"22:40:00";"PR";376;506;"PONTA GROSSA";"Velocidade Incompatível";"Colisão traseira";"Com Vítimas Feridas";"Plena Noite";"Crescente";"Nublado";"Dupla";"Reta";"Não";3;0;1;0;0;2;1;3;-25,19068993;-50,08144766;"SPRF-PR";"DEL03-PR";"UOP04-DEL03-PR"
122876;2018-04-02;"segunda-feira";"22:35:00";"MG";116;751,9;"LEOPOLDINA";"Velocidade Incompatível";"Colisão lateral";"Com Vítimas Feridas";"Plena Noite";"Crescente";"Nublado";"Simples";"Curva;Declive";"Não";3;0;1;0;1;3;1;5;-21,49651911;-42,58575439;"SPRF-MG";"DEL07-MG";"UOP01-DEL07-MG"
122879;2018-03-14;"quarta-feira";"16:25:00";"SC";282;394,3;"JOACABA";"Velocidade Incompatível";"Colisão traseira";"Com Vítimas Feridas";"Pleno dia";"Decrescente";"Chuva";"Simples";"Reta";"Não";5;0;1;0;4;0;1;3;-27,15904921;-51,57757044;"SPRF-SC";"DEL07-SC";"UOP05-DEL07-SC"
122883;2018-04-02;"segunda-feira";"20:40:00";"MS";158;258,5;"TRES LAGOAS";"Animais na Pista";"Atropelamento de Animal";"Sem Vítimas";"Plena Noite";"Decrescente";"Nublado";"Simples";"Reta";"Não";2;0;0;0;1;3;0;4;-20,659103;-51,795643;"SPRF-MS";"DEL07-MS";"UOP01-DEL07-MS"
122885;2018-04-02;"segunda-feira";"19:30:00";"RJ";40;87;"PETROPOLIS";"Defeito Mecânico no Veículo";"Colisão com objeto estático";"Sem Vítimas";"Plena Noite";"Decrescente";"Nublado";"Dupla";"Curva;Aclive";"Não";2;0;0;0;1;1;0;2;-22,5577;-43,2279;"SPRF-RJ";"DEL06-RJ";"UOP01-DEL06-RJ"
122886;2018-04-03;"terça-feira";"00:15:00";"PR";277;188,9;"PALMEIRA";"Condutor Dormindo";"Colisão traseira";"Com Vítimas Fatais";"Plena Noite";"Decrescente";"Céu Claro";"Simples";"Aclive;Reta";"Não";4;1;1;0;1;1;1;3;-25,44148227;-50,17666072;"SPRF-PR";"DEL03-PR";"UOP02-DEL08-PR"
122887;2018-04-02;"segunda-feira";"23:50:00";"SC";280;125,9;"RIO NEGRINHO";"Ingestão de Álcool";"Atropelamento de Pedestre";"Com Vítimas Feridas";"Plena Noite";"Decrescente";"Nublado";"Simples";"Reta";"Não";3;0;1;0;1;2;1;4;-26,237638;-49,484337;"SPRF-SC";"DEL06-SC";"UOP03-DEL06-SC"
122889;2018-04-03;"terça-feira";"00:50:00";"MG";381;883,5;"ESTIVA";"Animais na Pista";"Atropelamento de Animal";"Sem Vítimas";"Plena Noite";"Decrescente";"Nublado";"Dupla";"Reta";"Não";2;0;0;0;1;1;0;2;-22,4872413;-46,01099968;"SPRF-MG";"DEL16-MG";"UOP01-DEL16-MG"
122894;2018-04-03;"terça-feira";"00:25:00";"SC";282;485,1;"FAXINAL DOS GUEDES";"Condutor Dormindo";"Colisão frontal";"Com Vítimas Feridas";"Plena Noite";"Decrescente";"Nublado";"Simples";"Reta";"Não";6;0;3;1;2;0;4;2;-26,857132;-52,245258;"SPRF-SC";"DEL07-SC";"UOP01-DEL07-SC"