"id";"data_inversa";"dia_semana";"horario";"uf";"br";"km";"municipio";"causa_acidente";"tipo_acidente";"classificacao_acidente";"fase_dia";"sentido_via";"condicao_metereologica";"tipo_pista";"tracado_via";"uso_solo";"pessoas";"mortos";"feridos_leves";"feridos_graves";"ilesos";"ignorados";"feridos";"veiculos";"latitude";"longitude";"regional";"delegacia";"uop"
123769;2018-04-06;"sexta-feira";"10:30:00";"BA";116;863,9;"VITORIA DA CONQUISTA";"Mal Súbito";"Saída de leito carroçável";"Com Vítimas Feridas";"Pleno dia";"Decrescente";"Sol";"Simples";"Reta";"Não";2;0;1;0;0;1;1;2;-15,15781198;-41,05542734;"SPRF-BA";"DEL08-BA";"UOP03-DEL08-BA"
123774;2018-04-06;"sexta-feira";"11:25:00";"PR";277;5;"PARANAGUA";"Desobediência às normas de trânsito pelo condutor";"Colisão lateral";"Sem Vítimas";"Pleno dia";"Crescente";"Nublado";"Dupla";"Rotatória";"Sim";3;0;0;0;2;5;0;7;-25,55626893;-48,56458873;"SPRF-PR";"DEL01-PR";"UOP05-DEL01-PR"
123788;2018-04-06;"sexta-feira";"08:30:00";"PA";230;1103;"ITAITUBA";"Defeito Mecânico no Veículo";"Saída de leito carroçável";"Com Vítimas Feridas";"Pleno dia";"Crescente";"Nublado";"Simples";"Declive";"Não";4;0;1;0;0;4;1;4;-4,273904;-55,98663;"SPRF-PA";"DEL05-PA";"UOP01-DEL05-PA"
123801;2018-04-06;"sexta-feira";"12:45:00";"RO";364;235,3;"CACOAL";"Desobediência às normas de trânsito pelo condutor";"Colisão transversal";"Com Vítimas Feridas";"Pleno dia";"Crescente";"Sol";"Simples";"Interseção de Vias";"Sim";2;0;1;0;1;0;1;2;-11,450608;-61,430256;"SPRF-RO";"DEL02-RO";"UOP02-DEL02-RO"
123812;2018-04-06;"sexta-feira";"12:50:00";"MG";116;415;"GOVERNADOR VALADARES";"Não guardar distância de segurança";"Engavetamento";"Sem Vítimas";"Pleno dia";"Decrescente";"Chuva";"Simples";"Ponte";"Sim";5;0;0;0;5;0;0;5;-18,88350832;-41,95217371;"SPRF-MG";"DEL06-MG";"UOP01-DEL06-MG"
123825;2018-04-06;"sexta-feira";"14:40:00";"SC";101;118,7;"ITAJAI";"Falta de Atenção à Condução";"Colisão lateral";"Com Vítimas Feridas";"Pleno dia";"Crescente";"Céu Claro";"Dupla";"Reta";"Sim";5;0;2;0;2;1;2;3;-26,9045;-48,7153;"SPRF-SC";"DEL04-SC";"UOP04-DEL04-SC"
123829;2018-04-06;"sexta-feira";"13:50:00";"TO";153;500;"PARAISO DO TOCANTINS";"Falta de Atenção à Condução";"Colisão traseira";"Sem Vítimas";"Pleno dia";"Decrescente";"Chuva";"Simples";"Reta;Declive";"Não";3;0;0;0;2;3;0;5;-10,22843727;-48,87748718;"SPRF-TO";"DEL02-TO";"UOP01-DEL01-TO"
123838;2018-04-06;"sexta-feira";"16:00:00";"PE";101;81,6;"JABOATAO DOS GUARARAPES";"Velocidade Incompatível";"Colisão traseira";"Sem Vítimas";"Pleno dia";"Decrescente";"Nublado";"Múltipla";"Reta";"Sim";5;0;0;0;5;0;0;5;-8,17829444;-34,94778281;"SPRF-PE";"DEL01-PE";"UOP03-DEL01-PE"
123878;2018-04-06;"sexta-feira";"16:05:00";"MG";267;299,1;"BAEPENDI";"Avarias e/ou desgaste excessivo no pneu";"Tombamento";"Com Vítimas Feridas";"Pleno dia";"Decrescente";"Chuva";"Simples";"Curva";"Não";2;0;1;0;1;0;1;1;-21,94197573;-44,88878757;"SPRF-MG";"DEL05-MG";"DEL5/4-UOP01/MG"
123903;2018-04-06;"sexta-feira";"16:30:00";"PR";116;94;"SAO JOSE DOS PINHAIS";"Falta de Atenção à Condução";"Colisão lateral";"Sem Vítimas";"Pleno dia";"Decrescente";"Nublado";"Dupla";"Reta";"Não";3;0;0;0;2;2;0;4;-25,489584;-49,112045;"SPRF-PR";"DEL01-PR";"UOP07-DEL01-PR"
123905;2018-04-06;"sexta-feira";"17:15:00";"RS";392;65,5;"PELOTAS";"Falta de Atenção à Condução";"Colisão transversal";"Sem Vítimas";"Pleno dia";"Crescente";"Sol";"Simples";"Reta";"Não";3;0;0;0;2;2;0;4;-31,765205;-52,38192;"SPRF-RS";"DEL07-RS";"UOP01-DEL07-RS"
123915;2018-04-06;"sexta-feira";"16:10:00";"MT";364;517;"ROSARIO OESTE";"Defeito na Via";"Saída de leito carroçável";"Com Vítimas Feridas";"Pleno dia";"Crescente";"Céu Claro";"Simples";"Reta";"Não";3;0;0;1;1;1;1;2;-15,12081;-56,521225;"SPRF-MT";"DEL01-MT";"DEL2/4-UOP02/MT"
123918;2018-04-06;"sexta-feira";"17:45:00";"SC";101;202;"SAO JOSE";"Falta de Atenção à Condução";"Colisão transversal";"Com Vítimas Feridas";"Pleno dia";"Crescente";"Céu Claro";"Múltipla";"Reta";"Sim";3;0;1;0;1;1;1;3;-27,5651;-48,6144;"SPRF-SC";"DEL01-SC";"UOP01-DEL01-SC"
123923;2018-04-06;"sexta-feira";"18:00:00";"PR";376;156;"MANDAGUACU";"Falta de Atenção à Condução";"Colisão lateral";"Sem Vítimas";"Anoitecer";"Decrescente";"Céu Claro";"Múltipla";"Reta";"Não";4;0;0;0;3;2;0;5;-23,343191;-52,090416;"SPRF-PR";"DEL07-PR";"UOP01-DEL09-PR"
123926;2018-04-06;"sexta-feira";"15:15:00";"MG";262;554;"LUZ";"Velocidade Incompatível";"Tombamento";"Com Vítimas Feridas";"Pleno dia";"Decrescente";"Sol";"Simples";"Curva";"Não";2;0;0;1;0;1;1;2;-19,740187;-45,860352;"SPRF-MG";"DEL08-MG";"UOP02-DEL08-MG"
123927;2018-04-06;"sexta-feira";"17:20:00";"PR";376;511;"PONTA GROSSA";"Falta de Atenção à Condução";"Engavetamento";"Com Vítimas Feridas";"Pleno dia";"Crescente";"Céu Claro";"Dupla";"Declive;Reta";"Não";4;0;1;0;3;0;1;4;-25,19500042;-50,07911682;"SPRF-PR";"DEL03-PR";"UOP04-DEL03-PR"
123928;2018-04-06;"sexta-feira";"17:00:00";"MT";163;786;"VERA";"Falta de Atenção à Condução";"Colisão frontal";"Com Vítimas Feridas";"Pleno dia";"Decrescente";"Céu Claro";"Simples";"Rotatória";"Não";7;0;2;0;4;3;2;6;-12,28499197;-55,56335449;"SPRF-MT";"DEL06-MT";"UOP01-DEL06-MT"
123929;2018-04-06;"sexta-feira";"15:00:00";"MG";381;700,9;"LAVRAS";"Velocidade Incompatível";"Colisão com objeto estático";"Com Vítimas Feridas";"Pleno dia";"Crescente";"Chuva";"Dupla";"Curva";"Não";2;0;1;0;0;1;1;2;-21,288;-45,1454;"SPRF-MG";"DEL04-MG";"UOP02-DEL04-MG"
123934;2018-04-06;"sexta-feira";"18:15:00";"PI";343;341,6;"TERESINA";"Falta de Atenção à Condução";"Colisão lateral";"Com Vítimas Feridas";"Plena Noite";"Decrescente";"Nublado";"Dupla";"Rotatória";"Sim";2;0;0;1;1;0;1;2;-5,077812;-42,744255;"SPRF-PI";"DEL01-PI";"UOP01-DEL01-PI"
123943;2018-04-06;"sexta-feira";"12:30:00";"SC";116;11;"MAFRA";"Falta de Atenção à Condução";"Colisão com objeto estático";"Com Vítimas Feridas";"Pleno dia";"Decrescente";"Sol";"Simples";"Em Obras";"Não";1;0;1;0;0;0;1;1;-26,176352;-49,85812;"SPRF-SC";"DEL06-SC";"UOP01-DEL06-SC"
123960;2018-04-06;"sexta-feira";"18:45:00";"CE";116;97,3;"MORADA NOVA";"Ultrapassagem Indevida";"Capotamento";"Com Vítimas Feridas";"Plena Noite";"Crescente";"Céu Claro";"Simples";"Reta";"Não";4;0;2;0;2;0;2;2;-4,510503;-38,351479;"SPRF-CE";"DEL03-CE";"UOP02-DEL03-CE"
123977;2018-04-06;"sexta-feira";"11:40:00";"BA";242;292,3;"LAJEDINHO";"Agressão Externa";"Tombamento";"Com Vítimas Feridas";"Pleno dia";"Decrescente";"Céu Claro";"Simples";"Curva;Declive";"Não";2;0;1;0;0;2;1;3;-12,444396;-40,827194;"SPRF-BA";"DEL06-BA";"UOP02-DEL06-BA"
123978;2018-04-06;"sexta-feira";"18:30:00";"CE";20;419,7;"MARACANAU";"Ultrapassagem Indevida";"Colisão lateral";"Com Vítimas Feridas";"Plena Noite";"Crescente";"Céu Claro";"Simples";"Reta";"Sim";3;0;0;1;1;2;1;4;-3,84569114;-38,57678008;"SPRF-CE";"DEL01-CE";"UOP02-DEL01-CE"
123980;2018-04-06;"sexta-feira";"19:44:00";"PR";277;584;"CASCAVEL";"Desobediência às normas de trânsito pelo condutor";"Colisão lateral";"Com Vítimas Feridas";"Plena Noite";"Crescente";"Céu Claro";"Simples";"Reta";"Sim";3;0;1;0;2;0;1;2;-24,9644575;-53,4091866;"SPRF-PR";"DEL04-PR";"UOP01-DEL04-PR"
123996;2018-04-06;"sexta-feira";"18:30:00";"MT";174;79;"CACERES";"Falta de Atenção à Condução";"Colisão traseira";"Com Vítimas Feridas";"Plena Noite";"Decrescente";"Céu Claro";"Simples";"Reta";"Não";2;0;0;1;1;0;1;2;-15,990339;-57,753582;"SPRF-MT";"DEL03-MT";"UOP01-DEL03-MT"
124000;2018-04-06;"sexta-feira";"19:45:00";"RO";364;352,9;"JI-PARANA";"Defeito Mecânico no Veículo";"Incêndio";"Sem Vítimas";"Plena Noite";"Crescente";"Nublado";"Simples";"Aclive";"Não";2;0;0;0;1;1;0;2;-10,82134;-62,015869;"SPRF-RO";"DEL02-RO";"UOP01-DEL02-RO"
124011;2018-04-06;"sexta-feira";"19:20:00";"MA";222;665;"ACAILANDIA";"Velocidade Incompatível";"Colisão traseira";"Com Vítimas Fatais";"Plena Noite";"Crescente";"Céu Claro";"Simples";"Reta";"Sim";3;1;0;0;1;2;0;4;-4,903;-47,398;"SPRF-MA";"DEL04-MA";"UOP03-DEL04-MA"
124020;2018-04-06;"sexta-feira";"12:50:00";"SC";158;133,9;"CAIBI";"Velocidade Incompatível";"Tombamento";"Com Vítimas Fatais";"Pleno dia";"Crescente";"Céu Claro";"Simples";"Curva";"Não";2;1;0;0;0;2;0;3;-27,000408;-53,22601318;"SPRF-SC";"DEL07-SC";"UOP02-DEL07-SC"
124036;2018-04-06;"sexta-feira";"17:20:00";"GO";364;1;"SAO SIMAO";"Desobediência às normas de trânsito pelo condutor";"Colisão transversal";"Com Vítimas Feridas";"Pleno dia";"Decrescente";"Céu Claro";"Simples";"Rotatória";"Não";3;0;0;1;1;3;1;5;-19,040205;-50,510254;"SPRF-GO";"DEL05-GO";"UOP02-DEL05-GO"
124041;2018-04-06;"sexta-feira";"22:20:00";"GO";414;324;"COCALZINHO DE GOIAS";"Falta de Atenção à Condução";"Colisão transversal";"Com Vítimas Feridas";"Plena Noite";"Crescente";"Céu Claro";"Simples";"Interseção de Vias";"Não";5;0;3;0;1;1;3;4;-15,42015216;-48,62364292;"SPRF-GO";"DEL02-GO";"UOP01-DEL02-GO"
124049;2018-04-06;"sexta-feira";"23:00:00";"BA";242;514;"OLIVEIRA DOS BREJINHOS";"Não guardar distância de segurança";"Colisão traseira";"Com Vítimas Feridas";"Plena Noite";"Decrescente";"Céu Claro";"Simples";"Reta";"Não";3;0;1;0;1;1;1;3;-12,24833;-42,765296;"SPRF-BA";"DEL10-BA";"UOP03-DEL06-BA"
124050;2018-04-06;"sexta-feira";"18:21:00";"PR";153;111,3;"IBAITI";"Falta de Atenção do Pedestre";"Atropelamento de Pedestre";"Com Vítimas Fatais";"Anoitecer";"Decrescente";"Céu Claro";"Simples";"Reta";"Sim";2;1;0;0;1;0;0;2;-23,864837;-50,200677;"SPRF-PR";"DEL07-PR";"DEL7/7-UOP08/PR"
124056;2018-04-06;"sexta-feira";"10:40:00";"MG";381;411,7;"CONTAGEM";"Falta de Atenção à Condução";"Colisão frontal";"Com Vítimas Feridas";"Plena Noite";"Crescente";"Céu Claro";"Simples";"Reta";"Não";3;0;1;0;1;1;1;3;-19,9605;-44,0357;"SPRF-MG";"DEL01-MG";"UOP01-DEL01-MG"
124070;2018-04-06;"sexta-feira";"22:00:00";"RJ";40;114;"DUQUE DE CAXIAS";"Pista Escorregadia";"Colisão transversal";"Com Vítimas Feridas";"Plena Noite";"Decrescente";"Chuva";"Múltipla";"Reta";"Sim";10;0;6;1;2;1;7;4;-22,74673901;-43,28716278;"SPRF-RJ";"DEL01-RJ";"UOP01-DEL01-RJ"
124074;2018-04-07;"sábado";"02:55:00";"PR";277;1,7;"PARANAGUA";"Ingestão de Álcool";"Colisão traseira";"Com Vítimas Fatais";"Plena Noite";"Decrescente";"Nublado";"Dupla";"Reta";"Sim";4;1;0;0;1;3;0;5;-25,55039838;-48,55076462;"SPRF-PR";"DEL01-PR";"UOP05-DEL01-PR"
124080;2018-04-07;"sábado";"03:20:00";"MG";381;857,9;"POUSO ALEGRE";"Velocidade Incompatível";"Colisão traseira";"Sem Vítimas";"Plena Noite";"Decrescente";"Ignorado";"Dupla";"Reta";"Não";3;0;0;0;2;1;0;3;-22,3045;-45,9014;"SPRF-MG";"DEL16-MG";"UOP01-DEL16-MG"
124084;2018-04-07;"sábado";"04:20:00";"GO";60;128,1;"GOIANAPOLIS";"Condutor Dormindo";"Colisão traseira";"Com Vítimas Feridas";"Plena Noite";"Crescente";"Céu Claro";"Dupla";"Reta";"Não";2;0;1;0;1;0;1;2;-16,5498;-49,1518;"SPRF-GO";"DEL01-GO";"UOP01-DEL01-GO"
124089;2018-04-07;"sábado";"06:00:00";"SC";101;135,6;"BALNEARIO CAMBORIU";"Não guardar distância de segurança";"Colisão traseira";"Com Vítimas Feridas";"Amanhecer";"Decrescente";"Chuva";"Dupla";"Reta";"Sim";3;0;1;0;2;0;1;3;-27,0081;-48,617;"SPRF-SC";"DEL04-SC";"UOP03-DEL04-SC"
124091;2018-04-07;"sábado";"05:00:00";"SC";282;20,2;"PALHOCA";"Falta de Atenção à Condução";"Colisão frontal";"Com Vítimas Fatais";"Amanhecer";"Decrescente";"Céu Claro";"Simples";"Curva";"Sim";2;1;0;0;1;0;0;2;-27,68907;-48,717541;"SPRF-SC";"DEL01-SC";"UOP02-DEL01-SC"
124092;2018-04-07;"sábado";"04:50:00";"MT";364;18,5;"ALTO ARAGUAIA";"Fenômenos da Natureza";"Colisão frontal";"Com Vítimas Fatais";"Plena Noite";"Crescente";"Nevoeiro/Neblina";"Simples";"Reta";"Não";3;1;0;0;1;2;0;4;-17,215357;-53,329689;"SPRF-MT";"DEL02-MT";"UOP02-DEL02-MT"
124108;2018-04-07;"sábado";"02:30:00";"AL";101;113;"PILAR";"Velocidade Incompatível";"Colisão frontal";"Sem Vítimas";"Plena Noite";"Crescente";"Céu Claro";"Simples";"Curva";"Não";2;0;0;0;2;0;0;2;-9,628554;-36,030724;"SPRF-AL";"DEL02-AL";"UOP01-DEL02-AL"
124114;2018-04-07;"sábado";"05:10:00";"PA";10;16;"DOM ELISEU";"Animais na Pista";"Atropelamento de Animal";"Sem Vítimas";"Amanhecer";"Decrescente";"Chuva";"Simples";"Reta";"Sim";1;0;0;0;1;0;0;1;-4,310556;-47,554464;"SPRF-PA";"DEL02-PA";"UOP02-DEL02-PA"
124116;2018-04-07;"sábado";"05:45:00";"RS";470;162,7;"VILA FLORES";"Não guardar distância de segurança";"Colisão traseira";"Com Vítimas Fatais";"Amanhecer";"Decrescente";"Céu Claro";"Simples";"Reta";"Não";8;1;3;0;4;0;3;4;-28,82331988;-51,587677;"SPRF-RS";"DEL06-RS";"UOP02-DEL06-RS"
124136;2018-04-07;"sábado";"04:35:00";"RS";158;103,1;"PALMEIRA DAS MISSOES";"Desobediência às normas de trânsito pelo condutor";"Colisão transversal";"Com Vítimas Fatais";"Plena Noite";"Crescente";"Céu Claro";"Simples";"Reta";"Não";4;1;0;1;1;1;1;3;-27,921684;-53,330056;"SPRF-RS";"DEL08-RS";"UOP02-DEL08-RS"
124159;2018-04-07;"sábado";"08:20:00";"BA";116;858,5;"VITORIA DA CONQUISTA";"Falta de Atenção à Condução";"Colisão transversal";"Com Vítimas Feridas";"Pleno dia";"Decrescente";"Céu Claro";"Simples";"Interseção de Vias";"Não";5;0;2;0;2;1;2;3;-15,116104;-41,030119;"SPRF-BA";"DEL08-BA";"UOP03-DEL08-BA"
124191;2018-04-07;"sábado";"10:35:00";"MG";381;495;"BETIM";"Falta de Atenção à Condução";"Colisão lateral";"Com Vítimas Feridas";"Pleno dia";"Decrescente";"Céu Claro";"Dupla";"Curva";"Sim";4;0;2;0;1;1;2;3;-19,9754;-44,1937;"SPRF-MG";"DEL01-MG";"UOP03-DEL01-MG"
124192;2018-04-07;"sábado";"11:00:00";"BA";410;5;"RIBEIRA DO POMBAL";"Desobediência às normas de trânsito pelo condutor";"Capotamento";"Sem Vítimas";"Pleno dia";"Crescente";"Céu Claro";"Simples";"Reta";"Não";5;0;0;0;4;1;0;3;-10,839252;-38,56847;"SPRF-BA";"DEL07-BA";"UOP02-DEL07-BA"
124193;2018-04-07;"sábado";"09:30:00";"PI";407;554,6;"JACOBINA DO PIAUI";"Pista Escorregadia";"Colisão lateral";"Com Vítimas Feridas";"Pleno dia";"Crescente";"Chuva";"Simples";"Reta;Aclive";"Não";6;0;2;4;0;0;6;2;-7,970647;-41,187424;"SPRF-PI";"DEL04-PI";"UOP01-DEL04-PI"
124201;2018-04-07;"sábado";"11:55:00";"PR";376;410,9;"TIBAGI";"Falta de Atenção à Condução";"Colisão transversal";"Com Vítimas Feridas";"Pleno dia";"Crescente";"Sol";"Simples";"Reta";"Sim";3;0;1;0;1;4;1;6;-24,62469427;-50,64510047;"SPRF-PR";"DEL03-PR";"UOP02-DEL03-PR"
124203;2018-04-07;"sábado";"12:10:00";"GO";60;44;"ABADIANIA";"Não guardar distância de segurança";"Colisão traseira";"Com Vítimas Feridas";"Pleno dia";"Crescente";"Céu Claro";"Dupla";"Reta";"Sim";4;0;1;0;2;1;1;3;-16,12440785;-48,59308451;"SPRF-GO";"DEL02-GO";"UOP01-DEL02-GO"
124239;2018-04-07;"sábado";"11:28:00";"MT";70;528;"VARZEA GRANDE";"Ingestão de Álcool";"Colisão traseira";"Com Vítimas Feridas";"Pleno dia";"Crescente";"Céu Claro";"Simples";"Rotatória";"Sim";3;0;1;0;2;0;1;2;-15,649207;-56,19486;"SPRF-MT";"DEL01-MT";"DEL2/4-UOP02/MT"
124288;2018-04-07;"sábado";"14:35:00";"SC";101;201,3;"SAO JOSE";"Defeito Mecânico no Veículo";"Colisão com objeto estático";"Com Vítimas Feridas";"Pleno dia";"Decrescente";"Céu Claro";"Múltipla";"Reta";"Sim";4;0;1;0;2;1;1;3;-27,5572;-48,6188;"SPRF-SC";"DEL01-SC";"UOP01-DEL01-SC"
124297;2018-04-07;"sábado";"15:15:00";"MG";381;700,9;"LAVRAS";"Velocidade Incompatível";"Tombamento";"Com Vítimas Feridas";"Pleno dia";"Crescente";"Sol";"Dupla";"Curva";"Não";2;0;1;0;0;2;1;3;-21,288;-45,1454;"SPRF-MG";"DEL04-MG";"UOP02-DEL04-MG"
124311;2018-04-07;"sábado";"14:00:00";"PA";10;309;"IRITUIA";"Agressão Externa";"Colisão com objeto em movimento";"Com Vítimas Fatais";"Pleno dia";"Decrescente";"Céu Claro";"Simples";"Reta";"Não";3;1;1;0;0;1;1;2;-1,738583;-47,503338;"SPRF-PA";"DEL01-PA";"UOP02-DEL01-PA"
124313;2018-04-06;"sexta-feira";"08:40:00";"BA";242;247,3;"ITABERABA";"Defeito Mecânico no Veículo";"Saída de leito carroçável";"Com Vítimas Feridas";"Pleno dia";"Decrescente";"Céu Claro";"Simples";"Reta";"Não";2;0;1;1;0;0;2;1;-12,510683;-40,452563;"SPRF-BA";"DEL06-BA";"UOP02-DEL06-BA"
124315;2018-04-07;"sábado";"15:30:00";"SP";116;341;"MIRACATU";"Condutor Dormindo";"Tombamento";"Com Vítimas Feridas";"Pleno dia";"Decrescente";"Céu Claro";"Dupla";"Reta";"Sim";4;0;2;1;0;1;3;2;-24,01045227;-47,16388017;"SPRF-SP";"DEL04-SP";"UOP03-DEL04-SP"
124317;2018-04-07;"sábado";"14:00:00";"PA";222;70;"RONDON DO PARA";"Pista Escorregadia";"Danos eventuais";"Sem Vítimas";"Pleno dia";"Crescente";"Chuva";"Simples";"Aclive";"Não";2;0;0;0;1;1;0;2;-4,571386;-47,842285;"SPRF-PA";"DEL02-PA";"UOP02-DEL02-PA"
124322;2018-04-07;"sábado";"16:04:00";"RJ";116;273,4;"BARRA MANSA";"Falta de Atenção à Condução";"Derramamento de carga";"Sem Vítimas";"Pleno dia";"Crescente";"Céu Claro";"Dupla";"Curva";"Sim";2;0;0;0;1;1;0;2;-22,560883;-44,122238;"SPRF-RJ";"DEL07-RJ";"UOP02-DEL07-RJ"
124326;2018-04-07;"sábado";"16:10:00";"MG";251;427,9;"GRAO MOGOL";"Velocidade Incompatível";"Saída de leito carroçável";"Sem Vítimas";"Pleno dia";"Crescente";"Céu Claro";"Simples";"Curva";"Não";2;0;0;0;1;1;0;2;-16,3101;-43,1055;"SPRF-MG";"DEL12-MG";"UOP01-DEL12-MG"
124338;2018-04-07;"sábado";"15:25:00";"PR";376;666,7;"GUARATUBA";"Velocidade Incompatível";"Saída de leito carroçável";"Sem Vítimas";"Pleno dia";"Crescente";"Céu Claro";"Simples";"Curva;Declive";"Não";1;0;0;0;1;0;0;1;-25,866094;-48,946101;"SPRF-PR";"DEL01-PR";"DEL7/1-UOP08/PR"
124342;2018-04-07;"sábado";"17:00:00";"PE";101;194,1;"PALMARES";"Falta de Atenção à Condução";"Colisão transversal";"Com Vítimas Fatais";"Anoitecer";"Crescente";"Céu Claro";"Dupla";"Reta";"Não";2;1;0;0;1;0;0;2;-8,735288;-35,609851;"SPRF-PE";"DEL01-PE";"UOP03-DEL01-PE"
124347;2018-04-07;"sábado";"18:10:00";"RN";304;138,1;"ANGICOS";"Animais na Pista";"Atropelamento de Animal";"Com Vítimas Feridas";"Plena Noite";"Decrescente";"Céu Claro";"Simples";"Reta";"Não";4;0;2;0;1;1;2;3;-5,663784;-36,698831;"SPRF-RN";"DEL04-RN";"UOP01-DEL04-RN"
124360;2018-04-07;"sábado";"17:40:00";"PI";316;6,1;"TERESINA";"Ingestão de Álcool";"Colisão traseira";"Sem Vítimas";"Anoitecer";"Crescente";"Nublado";"Múltipla";"Reta";"Sim";2;0;0;0;2;0;0;2;-5,15249553;-42,77283311;"SPRF-PI";"DEL01-PI";"UOP02-DEL01-PI"
124384;2018-04-07;"sábado";"18:35:00";"CE";116;375,7;"ICO";"Falta de Atenção à Condução";"Colisão transversal";"Com Vítimas Feridas";"Anoitecer";"Crescente";"Nublado";"Simples";"Rotatória;Reta";"Sim";3;0;1;0;1;1;1;3;-6,40534586;-38,8455534;"SPRF-CE";"DEL05-CE";"UOP01-DEL05-CE"
124402;2018-04-07;"sábado";"19:55:00";"PR";373;186;"PONTA GROSSA";"Animais na Pista";"Atropelamento de Animal";"Com Vítimas Feridas";"Plena Noite";"Crescente";"Céu Claro";"Simples";"Reta";"Não";7;0;5;0;1;2;5;4;-25,06569719;-50,35583496;"SPRF-PR";"DEL03-PR";"UOP01-DEL03-PR"
124410;2018-04-07;"sábado";"18:20:00";"BA";101;817;"ITAMARAJU";"Falta de Atenção à Condução";"Tombamento";"Com Vítimas Feridas";"Anoitecer";"Crescente";"Nublado";"Simples";"Curva";"Não";1;0;1;0;0;0;1;1;-17,0847;-39,5712;"SPRF-BA";"DEL09-BA";"UOP01-DEL09-BA"
124428;2018-04-07;"sábado";"19:45:00";"SC";282;211,7;"LAGES";"Ingestão de Álcool";"Colisão frontal";"Sem Vítimas";"Plena Noite";"Decrescente";"Céu Claro";"Simples";"Curva";"Não";3;0;0;0;2;1;0;3;-27,780222;-50,241741;"SPRF-SC";"DEL05-SC";"UOP01-DEL05-SC"
124430;2018-04-07;"sábado";"19:45:00";"PR";277;506,1;"GUARANIACU";"Falta de Atenção à Condução";"Colisão transversal";"Com Vítimas Feridas";"Plena Noite";"Decrescente";"Céu Claro";"Simples";"Curva";"Não";6;0;3;1;1;2;4;4;-25,13160921;-52,77763367;"SPRF-PR";"DEL04-PR";"UOP04-DEL04-PR"
124438;2018-04-07;"sábado";"21:50:00";"SC";280;7;"SAO FRANCISCO DO SUL";"Desobediência às normas de trânsito pelo condutor";"Colisão transversal";"Com Vítimas Feridas";"Plena Noite";"Decrescente";"Céu Claro";"Simples";"Reta";"Sim";3;0;1;0;1;3;1;5;-26,271294;-48,641315;"SPRF-SC";"DEL03-SC";"UOP03-DEL03-SC"
124447;2018-04-07;"sábado";"22:25:00";"BA";116;473,2;"SANTO ESTEVAO";"Falta de Atenção à Condução";"Colisão traseira";"Com Vítimas Fatais";"Plena Noite";"Decrescente";"Céu Claro";"Dupla";"Reta;Desvio Temporário;Em Obras";"Sim";3;1;0;0;1;1;0;3;-12,4956;-39,34135;"SPRF-BA";"DEL02-BA";"UOP01-DEL02-BA"
124449;2018-04-07;"sábado";"19:00:00";"RO";364;380;"OURO PRETO DO OESTE";"Agressão Externa";"Saída de leito carroçável";"Com Vítimas Feridas";"Plena Noite";"Decrescente";"Chuva";"Simples";"Reta";"Sim";3;0;1;0;0;2;1;3;-10,73871;-62,226395;"SPRF-RO";"DEL02-RO";"UOP01-DEL02-RO"
124478;2018-04-07;"sábado";"23:30:00";"MT";163;578;"NOVA MUTUM";"Falta de Atenção à Condução";"Tombamento";"Com Vítimas Feridas";"Plena Noite";"Decrescente";"Nublado";"Simples";"Reta";"Não";3;0;2;0;0;2;2;3;-13,94928817;-56,09737242;"SPRF-MT";"DEL01-MT";"UOP01-DEL01-MT"
124482;2018-04-07;"sábado";"15:30:00";"PR";153;506,5;"GENERAL CARNEIRO";"Condutor Dormindo";"Saída de leito carroçável";"Com Vítimas Feridas";"Pleno dia";"Decrescente";"Céu Claro";"Simples";"Reta";"Não";2;0;1;0;0;1;1;2;-26,53939433;-51,38717651;"SPRF-PR";"DEL02-PR";"UOP03-DEL02-PR"
124496;2018-04-07;"sábado";"19:40:00";"MA";316;529,5;"CAXIAS";"Pista Escorregadia";"Saída de leito carroçável";"Com Vítimas Feridas";"Plena Noite";"Crescente";"Chuva";"Simples";"Reta";"Não";1;0;0;1;0;0;1;1;-4,82175973;-43,53298187;"SPRF-MA";"DEL03-MA";"UOP02-DEL03-MA"
124518;2018-04-07;"sábado";"18:50:00";"SC";101;434;"SOMBRIO";"Avarias e/ou desgaste excessivo no pneu";"Tombamento";"Com Vítimas Feridas";"Plena Noite";"Crescente";"Céu Claro";"Dupla";"Reta";"Sim";5;0;2;0;1;3;2;5;-29,0965;-49,6338;"SPRF-SC";"DEL02-SC";"UOP02-DEL02-SC"
124523;2018-04-07;"sábado";"12:10:00";"SC";116;83;"MONTE CASTELO";"Defeito Mecânico no Veículo";"Derramamento de carga";"Sem Vítimas";"Pleno dia";"Decrescente";"Céu Claro";"Simples";"Aclive";"Não";2;0;0;0;1;1;0;2;-26,57895654;-50,22238702;"SPRF-SC";"DEL06-SC";"UOP02-DEL06-SC"
124537;2018-04-08;"domingo";"04:30:00";"ES";259;46,6;"COLATINA";"Velocidade Incompatível";"Colisão frontal";"Com Vítimas Feridas";"Amanhecer";"Crescente";"Nublado";"Simples";"Reta";"Não";3;0;0;1;1;1;1;3;-19,53001431;-40,58491766;"SPRF-ES";"DEL02-ES";"UOP01-DEL02-ES"
124538;2018-04-08;"domingo";"03:40:00";"GO";50;176,8;"CAMPO ALEGRE DE GOIAS";"Condutor Dormindo";"Saída de leito carroçável";"Com Vítimas Feridas";"Plena Noite";"Crescente";"Nevoeiro/Neblina";"Dupla";"Reta";"Não";2;0;1;0;1;0;1;1;-17,3808;-47,7853;"SPRF-GO";"DEL06-GO";"UOP01-DEL06-GO"