"id";"data_inversa";"dia_semana";"horario";"uf";"br";"km";"municipio";"causa_acidente";"tipo_acidente";"classificacao_acidente";"fase_dia";"sentido_via";"condicao_metereologica";"tipo_pista";"tracado_via";"uso_solo";"pessoas";"mortos";"feridos_leves";"feridos_graves";"ilesos";"ignorados";"feridos";"veiculos";"latitude";"longitude";"regional";"delegacia";"uop"
124543;2018-04-08;"domingo";"04:10:00";"MT";163;760;"SORRISO";"Pista Escorregadia";"Saída de leito carroçável";"Com Vítimas Feridas";"Plena Noite";"Decrescente";"Chuva";"Simples";"Reta";"Não";2;0;2;0;0;0;2;1;-12,48266044;-55,67891692;"SPRF-MT";"DEL06-MT";"UOP01-DEL06-MT"
124548;2018-04-08;"domingo";"05:20:00";"GO";364;293,5;"MINEIROS";"Desobediência às normas de trânsito pelo condutor";"Colisão frontal";"Com Vítimas Fatais";"Plena Noite";"Crescente";"Céu Claro";"Simples";"Reta";"Não";7;3;3;0;0;1;3;3;-17,58575;-52,498674;"SPRF-GO";"DEL05-GO";"UOP01-DEL05-GO"
124551;2018-04-08;"domingo";"05:50:00";"CE";222;301,5;"TIANGUA";"Defeito Mecânico no Veículo";"Tombamento";"Com Vítimas Feridas";"Amanhecer";"Decrescente";"Nublado";"Simples";"Curva";"Sim";2;0;2;0;0;0;2;1;-3,661595;-40,940029;"SPRF-CE";"DEL04-CE";"UOP02-DEL04-CE"
124552;2018-04-08;"domingo";"04:50:00";"PE";116;26,5;"SALGUEIRO";"Ingestão de Álcool";"Colisão traseira";"Sem Vítimas";"Amanhecer";"Decrescente";"Chuva";"Simples";"Reta";"Sim";2;0;0;0;1;1;0;2;-8,069921;-39,13364;"SPRF-PE";"DEL05-PE";"UOP01-DEL05-PE"
124557;2018-04-08;"domingo";"05:40:00";"MG";381;405;"BOM JESUS DO AMPARO";"Carga excessiva e/ou mal acondicionada";"Tombamento";"Com Vítimas Feridas";"Amanhecer";"Crescente";"Céu Claro";"Simples";"Curva";"Não";1;0;1;0;0;0;1;1;-19,73669344;-43,51311207;"SPRF-MG";"DEL01-MG";"UOP01-DEL01-MG"
124574;2018-04-08;"domingo";"07:15:00";"RS";287;309,4;"SAO PEDRO DO SUL";"Condutor Dormindo";"Colisão frontal";"Com Vítimas Fatais";"Pleno dia";"Crescente";"Sol";"Simples";"Reta";"Não";5;3;1;0;0;1;1;3;-29,67254222;-54,45716858;"SPRF-RS";"DEL09-RS";"UOP01-DEL09-RS"
124577;2018-04-08;"domingo";"06:49:00";"SC";116;0,1;"MAFRA";"Ingestão de Álcool";"Colisão traseira";"Com Vítimas Feridas";"Pleno dia";"Crescente";"Céu Claro";"Simples";"Ponte";"Não";4;0;1;2;1;0;3;2;-26,108942;-49,784187;"SPRF-SC";"DEL06-SC";"UOP01-DEL06-SC"
124585;2018-04-08;"domingo";"04:50:00";"MT";163;782;"SORRISO";"Pista Escorregadia";"Tombamento";"Com Vítimas Feridas";"Amanhecer";"Decrescente";"Chuva";"Simples";"Reta";"Não";2;0;1;0;0;1;1;2;-12,32835722;-55,58645368;"SPRF-MT";"DEL06-MT";"UOP01-DEL06-MT"
124598;2018-04-08;"domingo";"06:25:00";"BA";20;92;"SAO DESIDERIO";"Condutor Dormindo";"Colisão frontal";"Com Vítimas Fatais";"Pleno dia";"Decrescente";"Céu Claro";"Simples";"Reta";"Não";4;2;0;0;2;0;0;2;-13,139859;-46,025496;"SPRF-BA";"DEL10-BA";"UOP01-DEL10-BA"
124600;2018-04-08;"domingo";"06:10:00";"PR";376;496,1;"PONTA GROSSA";"Desobediência às normas de trânsito pelo condutor";"Colisão traseira";"Sem Vítimas";"Amanhecer";"Decrescente";"Céu Claro";"Dupla";"Reta";"Sim";2;0;0;0;1;1;0;2;-25,14621697;-50,15224457;"SPRF-PR";"DEL03-PR";"UOP04-DEL03-PR"
124610;2018-04-08;"domingo";"08:20:00";"ES";101;222,1;"IBIRACU";"Carga excessiva e/ou mal acondicionada";"Tombamento";"Com Vítimas Feridas";"Pleno dia";"Decrescente";"Garoa/Chuvisco";"Simples";"Curva";"Não";2;0;1;0;0;1;1;2;-19,87042813;-40,41056603;"SPRF-ES";"DEL02-ES";"UOP01-DEL02-ES"
124632;2018-04-08;"domingo";"10:00:00";"GO";60;83;"ANAPOLIS";"Avarias e/ou desgaste excessivo no pneu";"Capotamento";"Com Vítimas Feridas";"Pleno dia";"Crescente";"Céu Claro";"Dupla";"Declive;Reta";"Não";2;0;1;0;0;1;1;2;-16,3149;-48,846;"SPRF-GO";"DEL02-GO";"UOP01-DEL02-GO"
124638;2018-04-08;"domingo";"07:00:00";"PE";101;135;"ESCADA";"Velocidade Incompatível";"Tombamento";"Sem Vítimas";"Pleno dia";"Decrescente";"Nublado";"Dupla";"Curva";"Não";2;0;0;0;1;1;0;2;-8,4127;-35,3004;"SPRF-PE";"DEL01-PE";"UOP03-DEL01-PE"
124642;2018-04-08;"domingo";"10:48:00";"PR";116;94,8;"SAO JOSE DOS PINHAIS";"Velocidade Incompatível";"Derramamento de carga";"Sem Vítimas";"Pleno dia";"Decrescente";"Sol";"Dupla";"Reta";"Não";2;0;0;0;1;2;0;3;-25,489584;-49,112045;"SPRF-PR";"DEL01-PR";"UOP07-DEL01-PR"
124650;2018-04-08;"domingo";"12:40:00";"ES";101;98,2;"JAGUARE";"Falta de Atenção à Condução";"Colisão lateral";"Com Vítimas Feridas";"Pleno dia";"Decrescente";"Chuva";"Simples";"Reta";"Não";5;0;0;1;3;2;1;5;-18,96394917;-39,98778608;"SPRF-ES";"DEL04-ES";"UOP02-DEL04-ES"
124654;2018-04-08;"domingo";"13:10:00";"PA";10;36;"DOM ELISEU";"Não guardar distância de segurança";"Colisão traseira";"Sem Vítimas";"Pleno dia";"Decrescente";"Céu Claro";"Simples";"Reta";"Não";2;0;0;0;2;0;0;2;-4,2870487;-47,5570206;"SPRF-PA";"DEL02-PA";"UOP02-DEL02-PA"
124656;2018-04-08;"domingo";"13:40:00";"BA";101;756,9;"ITABELA";"Condutor Dormindo";"Colisão frontal";"Com Vítimas Fatais";"Pleno dia";"Decrescente";"Céu Claro";"Simples";"Reta";"Não";5;1;0;1;1;4;1;6;-16,6467;-39,5142;"SPRF-BA";"DEL09-BA";"UOP01-DEL09-BA"
124663;2018-04-08;"domingo";"10:00:00";"PE";424;132,1;"CORRENTES";"Ingestão de Álcool";"Colisão frontal";"Com Vítimas Fatais";"Pleno dia";"Decrescente";"Nublado";"Simples";"Curva";"Não";2;1;0;0;1;0;0;2;-9,11706008;-36,35306239;"SPRF-PE";"DEL03-PE";"UOP01-DEL03-PE"
124672;2018-04-08;"domingo";"12:30:00";"MT";364;308,8;"CAMPO VERDE";"Condutor Dormindo";"Colisão traseira";"Com Vítimas Feridas";"Pleno dia";"Crescente";"Céu Claro";"Dupla";"Reta";"Não";3;0;1;0;1;4;1;6;-15,818614;-55,220947;"SPRF-MT";"DEL02-MT";"UOP02-DEL05-MT"
124682;2018-04-08;"domingo";"16:00:00";"SC";116;12;"MAFRA";"Não guardar distância de segurança";"Colisão traseira";"Sem Vítimas";"Pleno dia";"Crescente";"Céu Claro";"Simples";"Reta";"Não";3;0;0;0;2;2;0;4;-26,178778;-49,86721;"SPRF-SC";"DEL06-SC";"UOP01-DEL06-SC"
124693;2018-04-08;"domingo";"15:25:00";"PR";376;501,6;"PONTA GROSSA";"Falta de Atenção à Condução";"Colisão lateral";"Com Vítimas Feridas";"Pleno dia";"Crescente";"Sol";"Dupla";"Aclive;Reta";"Não";3;0;1;0;1;2;1;4;-25,16635319;-50,11537492;"SPRF-PR";"DEL03-PR";"UOP04-DEL03-PR"
124696;2018-04-08;"domingo";"15:20:00";"CE";116;298,5;"JAGUARIBE";"Defeito na Via";"Tombamento";"Com Vítimas Feridas";"Pleno dia";"Decrescente";"Chuva";"Simples";"Curva";"Não";2;0;2;0;0;0;2;1;-5,83797313;-38,55841737;"SPRF-CE";"DEL05-CE";"UOP02-DEL05-CE"
124714;2018-04-08;"domingo";"18:00:00";"PE";104;78,3;"AGRESTINA";"Ultrapassagem Indevida";"Colisão frontal";"Sem Vítimas";"Plena Noite";"Crescente";"Nublado";"Simples";"Reta";"Não";2;0;0;0;1;1;0;2;-8,42422021;-35,91815473;"SPRF-PE";"DEL02-PE";"UOP01-DEL02-PE"
124737;2018-04-08;"domingo";"19:20:00";"GO";414;0;"ABADIANIA";"Ultrapassagem Indevida";"Colisão frontal";"Com Vítimas Feridas";"Plena Noite";"Crescente";"Céu Claro";"Simples";"Reta;Aclive";"Não";6;0;2;0;2;2;2;3;-16,204729;-48,912642;"SPRF-GO";"DEL07-GO";"UOP01-DEL07-GO"
124751;2018-04-08;"domingo";"15:03:00";"MG";116;580;"MANHUACU";"Condutor Dormindo";"Saída de leito carroçável";"Com Vítimas Fatais";"Pleno dia";"Decrescente";"Nublado";"Simples";"Curva";"Não";1;1;0;0;0;0;0;1;-20,2267646;-42,17599869;"SPRF-MG";"DEL06-MG";"UOP03-DEL06-MG"
124756;2018-04-08;"domingo";"19:30:00";"PR";376;503,7;"PONTA GROSSA";"Ingestão de Álcool";"Colisão lateral";"Sem Vítimas";"Anoitecer";"Crescente";"Céu Claro";"Dupla";"Reta;Aclive";"Sim";3;0;0;0;2;1;0;3;-25,17891297;-50,0978896;"SPRF-PR";"DEL03-PR";"UOP04-DEL03-PR"
124773;2018-04-08;"domingo";"21:00:00";"PA";10;190;"IPIXUNA DO PARA";"Desobediência às normas de trânsito pelo condutor";"Colisão frontal";"Com Vítimas Fatais";"Plena Noite";"Crescente";"Céu Claro";"Simples";"Reta";"Não";7;1;2;1;2;1;3;3;-2,885434;-47,434994;"SPRF-PA";"DEL02-PA";"UOP01-DEL02-PA"
124784;2018-04-08;"domingo";"21:30:00";"PR";277;602;"CASCAVEL";"Não guardar distância de segurança";"Colisão traseira";"Com Vítimas Feridas";"Plena Noite";"Crescente";"Céu Claro";"Múltipla";"Aclive";"Não";3;0;0;1;1;1;1;3;-24,96863007;-53,40385437;"SPRF-PR";"DEL04-PR";"UOP01-DEL04-PR"
124796;2018-04-08;"domingo";"19:15:00";"BA";101;819;"ITAMARAJU";"Ingestão de Álcool";"Colisão frontal";"Com Vítimas Feridas";"Plena Noite";"Decrescente";"Nublado";"Simples";"Reta";"Não";7;0;0;4;2;3;4;6;-17,0985;-39,5657;"SPRF-BA";"DEL09-BA";"UOP01-DEL09-BA"
124801;2018-04-08;"domingo";"18:30:00";"RO";364;416,3;"JARU";"Velocidade Incompatível";"Colisão transversal";"Com Vítimas Feridas";"Anoitecer";"Crescente";"Nublado";"Simples";"Curva";"Não";7;0;3;1;2;1;4;3;-10,49364575;-62,42391407;"SPRF-RO";"DEL03-RO";"UOP02-DEL03-RO"
124802;2018-04-08;"domingo";"13:10:00";"RO";364;99;"VILHENA";"Defeito na Via";"Saída de leito carroçável";"Sem Vítimas";"Pleno dia";"Decrescente";"Chuva";"Simples";"Reta;Aclive";"Não";2;0;0;0;1;1;0;2;-12,281245;-60,640785;"SPRF-RO";"DEL04-RO";"DEL21/4-UOP03/RO"
124804;2018-04-08;"domingo";"19:30:00";"BA";242;346;"PALMEIRAS";"Velocidade Incompatível";"Tombamento";"Com Vítimas Feridas";"Plena Noite";"Decrescente";"Céu Claro";"Simples";"Curva";"Não";1;0;1;0;0;0;1;1;-12,4721;-41,45353;"SPRF-BA";"DEL06-BA";"UOP01-DEL06-BA"
124805;2018-04-08;"domingo";"23:30:00";"PI";343;325,6;"ALTOS";"Ultrapassagem Indevida";"Colisão frontal";"Com Vítimas Feridas";"Plena Noite";"Decrescente";"Garoa/Chuvisco";"Simples";"Declive";"Não";3;0;1;0;0;2;1;3;-5,06461207;-42,60755539;"SPRF-PI";"DEL01-PI";"UOP01-DEL01-PI"
124810;2018-04-08;"domingo";"20:00:00";"CE";222;283,1;"FRECHEIRINHA";"Avarias e/ou desgaste excessivo no pneu";"Incêndio";"Sem Vítimas";"Plena Noite";"Decrescente";"Chuva";"Simples";"Reta";"Não";3;0;0;0;1;2;0;3;-3,733312;-40,835819;"SPRF-CE";"DEL04-CE";"UOP02-DEL04-CE"
124832;2018-04-09;"segunda-feira";"03:40:00";"SC";101;417,5;"ARARANGUA";"Falta de Atenção à Condução";"Colisão com objeto estático";"Sem Vítimas";"Plena Noite";"Crescente";"Céu Claro";"Múltipla";"Reta";"Sim";1;0;0;0;1;0;0;1;-28,9784;-49,5348;"SPRF-SC";"DEL02-SC";"UOP02-DEL02-SC"
124861;2018-04-09;"segunda-feira";"06:37:00";"MG";262;40,3;"MANHUACU";"Falta de Atenção à Condução";"Colisão traseira";"Com Vítimas Feridas";"Pleno dia";"Decrescente";"Céu Claro";"Simples";"Reta";"Não";2;0;1;0;1;0;1;2;-20,273359;-42,049168;"SPRF-MG";"DEL06-MG";"UOP03-DEL06-MG"
124864;2018-04-09;"segunda-feira";"07:25:00";"SC";470;173,8;"POUSO REDONDO";"Defeito Mecânico no Veículo";"Saída de leito carroçável";"Com Vítimas Feridas";"Pleno dia";"Crescente";"Nublado";"Simples";"Reta";"Sim";6;0;4;0;1;1;4;5;-27,26439578;-49,921875;"SPRF-SC";"DEL04-SC";"UOP02-DEL04-SC"
124868;2018-04-09;"segunda-feira";"07:45:00";"GO";153;503,2;"GOIANIA";"Falta de Atenção à Condução";"Colisão traseira";"Sem Vítimas";"Pleno dia";"Decrescente";"Sol";"Dupla";"Curva";"Sim";3;0;0;0;3;0;0;3;-16,7366;-49,243;"SPRF-GO";"DEL01-GO";"UOP01-DEL01-GO"
124875;2018-04-09;"segunda-feira";"07:30:00";"PR";369;207;"APUCARANA";"Objeto estático sobre o leito carroçável";"Colisão com objeto estático";"Com Vítimas Feridas";"Amanhecer";"Decrescente";"Céu Claro";"Simples";"Reta";"Sim";4;0;2;0;2;0;2;2;-23,562911;-51,488319;"SPRF-PR";"DEL07-PR";"UOP03-DEL07-PR"
124877;2018-04-09;"segunda-feira";"07:00:00";"SC";282;537,9;"CHAPECO";"Falta de Atenção à Condução";"Colisão lateral";"Sem Vítimas";"Pleno dia";"Crescente";"Céu Claro";"Simples";"Curva";"Não";2;0;0;0;2;0;0;2;-27,00530232;-52,66433716;"SPRF-SC";"DEL07-SC";"UOP01-DEL07-SC"
124879;2018-04-09;"segunda-feira";"07:40:00";"SC";101;140;"BALNEARIO CAMBORIU";"Não guardar distância de segurança";"Colisão lateral";"Com Vítimas Feridas";"Pleno dia";"Crescente";"Céu Claro";"Simples";"Reta";"Não";2;0;1;0;1;0;1;2;-27,0478;-48,5981;"SPRF-SC";"DEL04-SC";"UOP03-DEL04-SC"
124882;2018-04-09;"segunda-feira";"08:00:00";"RS";116;246,9;"SAO LEOPOLDO";"Desobediência às normas de trânsito pelo condutor";"Colisão traseira";"Com Vítimas Feridas";"Pleno dia";"Decrescente";"Nublado";"Dupla";"Reta";"Sim";3;0;1;0;2;0;1;3;-29,76277545;-51,15260124;"SPRF-RS";"DEL01-RS";"UOP02-DEL01-RS"
124883;2018-04-09;"segunda-feira";"07:50:00";"MG";50;166,3;"UBERABA";"Condutor Dormindo";"Saída de leito carroçável";"Com Vítimas Feridas";"Pleno dia";"Crescente";"Céu Claro";"Dupla";"Reta";"Não";2;0;1;0;1;0;1;1;-19,7093;-47,9834;"SPRF-MG";"DEL13-MG";"UOP01-DEL13-MG"
124914;2018-04-09;"segunda-feira";"05:45:00";"RJ";40;78;"PETROPOLIS";"Velocidade Incompatível";"Tombamento";"Com Vítimas Feridas";"Amanhecer";"Crescente";"Céu Claro";"Simples";"Curva;Declive";"Não";2;0;1;0;0;2;1;3;-22,486128;-43,226917;"SPRF-RJ";"DEL06-RJ";"UOP01-DEL06-RJ"
124931;2018-04-09;"segunda-feira";"09:00:00";"ES";101;390,6;"RIO NOVO DO SUL";"Condutor Dormindo";"Colisão lateral";"Com Vítimas Feridas";"Pleno dia";"Crescente";"Céu Claro";"Simples";"Reta";"Não";2;0;1;0;1;0;1;2;-20,85658061;-40,87937786;"SPRF-ES";"DEL03-ES";"UOP02-DEL03-ES"
124934;2018-04-09;"segunda-feira";"09:05:00";"PR";277;590;"CASCAVEL";"Desobediência às normas de trânsito pelo condutor";"Colisão transversal";"Com Vítimas Feridas";"Pleno dia";"Crescente";"Céu Claro";"Simples";"Reta";"Não";3;0;2;0;1;0;2;2;-24,98160888;-53,45688969;"SPRF-PR";"DEL04-PR";"UOP01-DEL04-PR"
124937;2018-04-09;"segunda-feira";"10:00:00";"PR";376;665;"GUARATUBA";"Falta de Atenção à Condução";"Tombamento";"Sem Vítimas";"Pleno dia";"Crescente";"Céu Claro";"Dupla";"Curva";"Não";3;0;0;0;2;3;0;5;-25,86015039;-48,95089924;"SPRF-PR";"DEL01-PR";"DEL7/1-UOP08/PR"
124942;2018-04-09;"segunda-feira";"10:15:00";"PR";476;144;"CURITIBA";"Desobediência às normas de trânsito pelo condutor";"Tombamento";"Com Vítimas Feridas";"Pleno dia";"Crescente";"Céu Claro";"Dupla";"Curva";"Sim";2;0;1;0;0;1;1;2;-25,542501;-49,313011;"SPRF-PR";"DEL01-PR";"UOP06-DEL01-PR"
124944;2018-04-09;"segunda-feira";"10:20:00";"RJ";116;280,3;"BARRA MANSA";"Falta de Atenção do Pedestre";"Atropelamento de Pedestre";"Com Vítimas Fatais";"Pleno dia";"Crescente";"Céu Claro";"Dupla";"Reta";"Sim";4;1;0;0;2;2;0;5;-22,50168388;-44,22840357;"SPRF-RJ";"DEL07-RJ";"UOP02-DEL07-RJ"
124960;2018-04-09;"segunda-feira";"05:30:00";"PA";163;666,6;"ITAITUBA";"Defeito na Via";"Colisão lateral";"Sem Vítimas";"Amanhecer";"Crescente";"Nublado";"Simples";"Reta";"Não";4;0;0;0;3;4;0;6;-4,41;-55,78994751;"SPRF-PA";"DEL05-PA";"UOP01-DEL05-PA"
124985;2018-04-09;"segunda-feira";"12:45:00";"MG";116;289;"TEOFILO OTONI";"Falta de Atenção à Condução";"Colisão lateral";"Sem Vítimas";"Pleno dia";"Decrescente";"Nublado";"Dupla";"Reta";"Sim";2;0;0;0;2;0;0;2;-17,99440722;-41,56951904;"SPRF-MG";"DEL11-MG";"UOP01-DEL11-MG"
124987;2018-04-09;"segunda-feira";"13:00:00";"RS";116;36,9;"VACARIA";"Ingestão de Álcool";"Colisão transversal";"Com Vítimas Feridas";"Pleno dia";"Crescente";"Céu Claro";"Simples";"Reta";"Sim";2;0;1;0;1;0;1;2;-28,49839628;-50,91738224;"SPRF-RS";"DEL05-RS";"UOP03-DEL05-RS"
124991;2018-04-09;"segunda-feira";"13:00:00";"BA";110;371;"ALAGOINHAS";"Desobediência às normas de trânsito pelo condutor";"Colisão transversal";"Com Vítimas Feridas";"Pleno dia";"Decrescente";"Céu Claro";"Simples";"Interseção de Vias";"Não";2;0;1;0;0;1;1;2;-12,0067;-38,3628;"SPRF-BA";"DEL01-BA";"UOP04-DEL01-BA"
125001;2018-04-09;"segunda-feira";"13:40:00";"SC";101;208,2;"SAO JOSE";"Desobediência às normas de trânsito pelo condutor";"Colisão frontal";"Com Vítimas Feridas";"Pleno dia";"Crescente";"Sol";"Múltipla";"Reta";"Sim";3;0;2;0;1;0;2;2;-27,60425421;-48,63339007;"SPRF-SC";"DEL01-SC";"UOP01-DEL01-SC"
125002;2018-04-09;"segunda-feira";"13:40:00";"MG";116;275,5;"TEOFILO OTONI";"Pista Escorregadia";"Tombamento";"Com Vítimas Fatais";"Pleno dia";"Crescente";"Céu Claro";"Simples";"Reta";"Sim";3;1;0;0;1;1;0;3;-17,8769566;-41,5162663;"SPRF-MG";"DEL11-MG";"UOP01-DEL11-MG"
125016;2018-04-09;"segunda-feira";"11:10:00";"PI";316;1,8;"TERESINA";"Falta de Atenção à Condução";"Colisão lateral";"Com Vítimas Feridas";"Pleno dia";"Decrescente";"Céu Claro";"Simples";"Rotatória";"Sim";2;0;1;0;0;1;1;2;-5,128619;-42,807068;"SPRF-PI";"DEL01-PI";"UOP02-DEL01-PI"
125633;2018-03-22;"quinta-feira";"17:45:00";"SP";116;340,7;"MIRACATU";"Falta de Atenção à Condução";"Colisão traseira";"Com Vítimas Feridas";"Anoitecer";"Crescente";"Nublado";"Dupla";"Curva";"Sim";3;0;2;0;0;1;2;3;-24,00958002;-47,16224302;"SPRF-SP";"DEL04-SP";"UOP03-DEL04-SP"
126773;2018-04-09;"segunda-feira";"16:15:00";"RS";116;526;"PELOTAS";"Falta de Atenção à Condução";"Colisão traseira";"Com Vítimas Feridas";"Pleno dia";"Decrescente";"Céu Claro";"Simples";"Reta";"Sim";5;0;1;0;3;4;1;7;-31,74466447;-52,40389735;"SPRF-RS";"DEL07-RS";"UOP01-DEL07-RS"
126795;2018-04-09;"segunda-feira";"13:15:00";"PR";153;144,5;"VENTANIA";"Não guardar distância de segurança";"Engavetamento";"Com Vítimas Feridas";"Pleno dia";"Decrescente";"Céu Claro";"Simples";"Curva";"Não";5;0;3;0;0;2;3;3;-24,11586219;-50,24466092;"SPRF-PR";"DEL07-PR";"DEL7/7-UOP08/PR"
126833;2018-04-09;"segunda-feira";"17:35:00";"SC";470;136,7;"RIO DO SUL";"Falta de Atenção à Condução";"Colisão transversal";"Com Vítimas Fatais";"Pleno dia";"Crescente";"Sol";"Simples";"Reta";"Sim";3;1;0;0;2;0;0;3;-27,17948513;-49,59664106;"SPRF-SC";"DEL04-SC";"UOP02-DEL04-SC"
126835;2018-04-09;"segunda-feira";"18:30:00";"PI";343;599;"FLORIANO";"Falta de Atenção à Condução";"Colisão lateral";"Com Vítimas Feridas";"Plena Noite";"Crescente";"Céu Claro";"Simples";"Reta";"Sim";2;0;0;1;1;0;1;2;-6,827629;-43,064651;"SPRF-PI";"DEL03-PI";"UOP01-DEL03-PI"
126838;2018-04-09;"segunda-feira";"18:30:00";"MG";50;83;"UBERLANDIA";"Ingestão de Álcool";"Tombamento";"Com Vítimas Feridas";"Plena Noite";"Crescente";"Céu Claro";"Dupla";"Declive";"Não";4;0;2;0;1;1;2;3;-18,98941472;-48,21152687;"SPRF-MG";"DEL15-MG";"UOP01-DEL15-MG"
126840;2018-04-09;"segunda-feira";"14:00:00";"MS";163;306,2;"DOURADINA";"Falta de Atenção à Condução";"Saída de leito carroçável";"Com Vítimas Feridas";"Pleno dia";"Crescente";"Céu Claro";"Simples";"Reta";"Não";1;0;1;0;0;0;1;1;-21,92935148;-54,53372955;"SPRF-MS";"DEL02-MS";"UOP02-DEL02-MS"
126847;2018-04-09;"segunda-feira";"18:10:00";"PR";369;457,9;"UBIRATA";"Velocidade Incompatível";"Engavetamento";"Sem Vítimas";"Anoitecer";"Decrescente";"Céu Claro";"Simples";"Reta";"Não";7;0;0;0;7;0;0;3;-24,553;-53,0579;"SPRF-PR";"DEL04-PR";"UOP03-DEL04-PR"
126848;2018-04-09;"segunda-feira";"21:05:00";"SP";116;43,9;"CANAS";"Falta de Atenção do Pedestre";"Atropelamento de Pedestre";"Com Vítimas Fatais";"Plena Noite";"Crescente";"Céu Claro";"Dupla";"Reta";"Não";2;1;0;0;0;1;0;2;-22,697359;-45,030148;"SPRF-SP";"DEL08-SP";"UOP02-DEL08-SP"
126850;2018-04-09;"segunda-feira";"21:00:00";"BA";324;581,1;"CANDEIAS";"Restrição de Visibilidade";"Colisão traseira";"Com Vítimas Feridas";"Plena Noite";"Crescente";"Chuva";"Dupla";"Reta";"Não";3;0;0;2;1;0;2;2;-12,61092186;-38,49102402;"SPRF-BA";"DEL01-BA";"UOP01-DEL01-BA"
126854;2018-04-09;"segunda-feira";"19:00:00";"GO";60;444;"JATAI";"Condutor Dormindo";"Colisão traseira";"Com Vítimas Feridas";"Plena Noite";"Crescente";"Céu Claro";"Dupla";"Reta";"Não";2;0;1;0;1;0;1;2;-17,8449;-51,4691;"SPRF-GO";"DEL05-GO";"UOP01-DEL05-GO"
126855;2018-04-09;"segunda-feira";"21:15:00";"PR";376;2,8;"APUCARANA";"Velocidade Incompatível";"Colisão traseira";"Com Vítimas Feridas";"Plena Noite";"Crescente";"Céu Claro";"Simples";"Reta";"Sim";2;0;0;1;1;0;1;2;-23,560684;-51,434691;"SPRF-PR";"DEL07-PR";"UOP03-DEL07-PR"
126857;2018-04-09;"segunda-feira";"18:20:00";"SC";280;4,6;"SAO FRANCISCO DO SUL";"Falta de Atenção à Condução";"Colisão transversal";"Com Vítimas Feridas";"Anoitecer";"Decrescente";"Céu Claro";"Simples";"Rotatória";"Sim";3;0;1;0;1;2;1;4;-26,25769489;-48,62292409;"SPRF-SC";"DEL03-SC";"UOP03-DEL03-SC"
126858;2018-04-09;"segunda-feira";"21:10:00";"PR";376;305,8;"MAUA DA SERRA";"Condutor Dormindo";"Colisão traseira";"Com Vítimas Feridas";"Plena Noite";"Crescente";"Céu Claro";"Múltipla";"Reta";"Não";4;0;0;2;1;3;2;6;-23,94358581;-51,12738848;"SPRF-PR";"DEL07-PR";"UOP02-DEL07-PR"
126873;2018-04-09;"segunda-feira";"18:30:00";"GO";153;14,5;"PORANGATU";"Condutor Dormindo";"Colisão lateral";"Com Vítimas Feridas";"Plena Noite";"Crescente";"Céu Claro";"Simples";"Reta";"Não";2;0;0;1;1;0;1;2;-12,954226;-49,137566;"SPRF-GO";"DEL07-GO";"UOP01-DEL07-GO"
126882;2018-04-09;"segunda-feira";"17:45:00";"RJ";116;137;"DUQUE DE CAXIAS";"Ingestão de Álcool";"Colisão traseira";"Com Vítimas Feridas";"Pleno dia";"Decrescente";"Céu Claro";"Dupla";"Reta";"Sim";3;0;2;0;1;0;2;2;-22,648236;-43,228859;"SPRF-RJ";"DEL04-RJ";"UOP02-DEL04-RJ"
126885;2018-04-09;"segunda-feira";"21:13:00";"PR";376;670;"GUARATUBA";"Defeito Mecânico no Veículo";"Saída de leito carroçável";"Sem Vítimas";"Plena Noite";"Decrescente";"Nublado";"Dupla";"Reta;Aclive";"Não";2;0;0;0;1;1;0;2;-25,87930329;-48,93413544;"SPRF-PR";"DEL01-PR";"DEL7/1-UOP08/PR"
126886;2018-04-09;"segunda-feira";"16:17:00";"MT";70;694;"CACERES";"Velocidade Incompatível";"Tombamento";"Com Vítimas Feridas";"Pleno dia";"Crescente";"Céu Claro";"Simples";"Curva";"Não";2;0;1;0;0;1;1;2;-16,2832332;-57,46673584;"SPRF-MT";"DEL03-MT";"UOP01-DEL03-MT"
126889;2018-04-09;"segunda-feira";"14:00:00";"PE";116;83;"BELEM DE SAO FRANCISCO";"Ingestão de Álcool";"Tombamento";"Sem Vítimas";"Pleno dia";"Crescente";"Céu Claro";"Simples";"Curva";"Não";2;0;0;0;1;1;0;2;-8,550911;-39,226807;"SPRF-PE";"DEL05-PE";"UOP03-DEL05-PE"
126891;2018-04-09;"segunda-feira";"19:15:00";"MT";364;106,7;"ALTO GARCAS";"Falta de Atenção à Condução";"Colisão transversal";"Sem Vítimas";"Plena Noite";"Crescente";"Céu Claro";"Simples";"Declive";"Não";4;0;0;0;3;1;0;3;-16,846182;-53,808365;"SPRF-MT";"DEL02-MT";"UOP02-DEL02-MT"
126896;2018-04-09;"segunda-feira";"22:40:00";"PA";222;237;"MARABA";"Falta de Atenção à Condução";"Queda de ocupante de veículo";"Com Vítimas Fatais";"Plena Noite";"Crescente";"Céu Claro";"Simples";"Ponte";"Sim";3;2;0;0;1;0;0;2;-5,294009;-49,075771;"SPRF-PA";"DEL03-PA";"UOP01-DEL03-PA"
126898;2018-04-10;"terça-feira";"00:10:00";"SC";282;155;"BOM RETIRO";"Ingestão de Álcool";"Colisão transversal";"Sem Vítimas";"Plena Noite";"Decrescente";"Céu Claro";"Simples";"Reta";"Não";2;0;0;0;2;0;0;2;-27,75168;-49,707371;"SPRF-SC";"DEL05-SC";"UOP01-DEL05-SC"