"id";"data_inversa";"dia_semana";"horario";"uf";"br";"km";"municipio";"causa_acidente";"tipo_acidente";"classificacao_acidente";"fase_dia";"sentido_via";"condicao_metereologica";"tipo_pista";"tracado_via";"uso_solo";"pessoas";"mortos";"feridos_leves";"feridos_graves";"ilesos";"ignorados";"feridos";"veiculos";"latitude";"longitude";"regional";"delegacia";"uop"
126901;2018-04-10;"terça-feira";"01:20:00";"GO";60;114;"GOIANAPOLIS";"Condutor Dormindo";"Tombamento";"Com Vítimas Feridas";"Plena Noite";"Crescente";"Céu Claro";"Dupla";"Declive;Reta";"Não";2;0;2;0;0;0;2;1;-16,4633;-49,0636;"SPRF-GO";"DEL01-GO";"UOP01-DEL01-GO"
126902;2018-04-09;"segunda-feira";"08:10:00";"RS";287;490,7;"SAO BORJA";"Ingestão de Álcool";"Tombamento";"Com Vítimas Feridas";"Pleno dia";"Crescente";"Céu Claro";"Simples";"Reta";"Não";1;0;1;0;0;0;1;1;-28,84038823;-55,71154118;"SPRF-RS";"DEL12-RS";"UOP01-DEL12-RS"
126903;2018-04-10;"terça-feira";"02:00:00";"SC";101;9;"GARUVA";"Animais na Pista";"Colisão traseira";"Com Vítimas Feridas";"Plena Noite";"Decrescente";"Ignorado";"Dupla";"Reta";"Não";3;0;1;0;1;1;1;3;-26,05386761;-48,85945211;"SPRF-SC";"DEL03-SC";"UOP01-DEL03-SC"
126904;2018-04-10;"terça-feira";"02:23:00";"SP";116;192,4;"SANTA ISABEL";"Condutor Dormindo";"Colisão traseira";"Com Vítimas Feridas";"Plena Noite";"Decrescente";"Céu Claro";"Dupla";"Aclive";"Sim";3;0;0;1;1;2;1;4;-23,37741335;-46,2526077;"SPRF-SP";"DEL02-SP";"UOP01-DEL02-SP"
126907;2018-04-09;"segunda-feira";"13:40:00";"SC";282;223,1;"LAGES";"Falta de Atenção à Condução";"Colisão lateral";"Com Vítimas Feridas";"Pleno dia";"Decrescente";"Céu Claro";"Simples";"Rotatória";"Sim";2;0;1;0;1;0;1;2;-27,79974807;-50,36330938;"SPRF-SC";"DEL05-SC";"UOP02-DEL05-SC"
126908;2018-04-10;"terça-feira";"01:30:00";"PR";277;730;"FOZ DO IGUACU";"Defeito na Via";"Colisão com objeto estático";"Sem Vítimas";"Plena Noite";"Crescente";"Céu Claro";"Dupla";"Declive";"Sim";2;0;0;0;1;1;0;2;-25,507555;-54,583755;"SPRF-PR";"DEL05-PR";"UOP03-DEL05-PR"
126909;2018-04-10;"terça-feira";"00:05:00";"MA";316;565,1;"CAXIAS";"Pista Escorregadia";"Tombamento";"Com Vítimas Feridas";"Plena Noite";"Decrescente";"Chuva";"Simples";"Declive";"Não";1;0;1;0;0;0;1;1;-4,90292348;-43,24526104;"SPRF-MA";"DEL03-MA";"UOP02-DEL03-MA"
126910;2018-04-10;"terça-feira";"05:00:00";"MG";40;627,3;"CONSELHEIRO LAFAIETE";"Falta de Atenção à Condução";"Colisão traseira";"Com Vítimas Feridas";"Plena Noite";"Crescente";"Céu Claro";"Simples";"Reta";"Sim";2;0;1;0;0;1;1;2;-20,64180552;-43,81284624;"SPRF-MG";"DEL05-MG";"UOP02-DEL05-MG"
126911;2018-04-10;"terça-feira";"04:00:00";"RS";386;397;"TRIUNFO";"Defeito Mecânico no Veículo";"Tombamento";"Sem Vítimas";"Plena Noite";"Decrescente";"Céu Claro";"Simples";"Aclive";"Não";2;0;0;0;1;1;0;2;-29,74149726;-51,61948371;"SPRF-RS";"DEL04-RS";"UOP02-DEL04-RS"
126915;2018-04-10;"terça-feira";"01:38:00";"MG";50;108,6;"UBERABA";"Condutor Dormindo";"Saída de leito carroçável";"Com Vítimas Feridas";"Plena Noite";"Decrescente";"Céu Claro";"Dupla";"Reta";"Não";2;0;0;1;0;1;1;2;-19,2156;-48,1471;"SPRF-MG";"DEL13-MG";"UOP01-DEL13-MG"
126920;2018-04-10;"terça-feira";"03:45:00";"MG";40;587;"ITABIRITO";"Falta de Atenção à Condução";"Saída de leito carroçável";"Sem Vítimas";"Plena Noite";"Decrescente";"Céu Claro";"Simples";"Curva";"Sim";2;0;0;0;1;1;0;2;-20,34976472;-43,91772342;"SPRF-MG";"DEL01-MG";"UOP02-DEL01-MG"
126921;2018-04-10;"terça-feira";"06:00:00";"BA";116;539;"ITATIM";"Condutor Dormindo";"Saída de leito carroçável";"Com Vítimas Feridas";"Pleno dia";"Decrescente";"Céu Claro";"Simples";"Reta";"Não";2;0;1;0;0;1;1;2;-12,8123924;-39,82448727;"SPRF-BA";"DEL03-BA";"UOP02-DEL03-BA"
126934;2018-04-09;"segunda-feira";"17:10:00";"RJ";116;175;"RIO DE JANEIRO";"Não guardar distância de segurança";"Colisão lateral";"Com Vítimas Feridas";"Anoitecer";"Crescente";"Céu Claro";"Dupla";"Reta";"Sim";2;0;1;0;1;0;1;2;-22,789236;-43,372753;"SPRF-RJ";"DEL01-RJ";"UOP02-DEL01-RJ"
126941;2018-04-10;"terça-feira";"08:25:00";"SC";101;213;"PALHOCA";"Não guardar distância de segurança";"Colisão traseira";"Com Vítimas Feridas";"Pleno dia";"Decrescente";"Céu Claro";"Múltipla";"Reta";"Sim";4;0;1;0;2;1;1;4;-27,63743533;-48,66536736;"SPRF-SC";"DEL01-SC";"UOP02-DEL01-SC"
126942;2018-04-02;"segunda-feira";"18:15:00";"SC";116;5,1;"MAFRA";"Falta de Atenção do Pedestre";"Atropelamento de Pedestre";"Com Vítimas Fatais";"Anoitecer";"Decrescente";"Céu Claro";"Simples";"Declive";"Não";3;1;0;0;1;1;0;2;-26,140944;-49,815083;"SPRF-SC";"DEL06-SC";"UOP01-DEL06-SC"
126953;2018-04-10;"terça-feira";"07:20:00";"TO";153;548,1;"NOVA ROSALANDIA";"Defeito na Via";"Tombamento";"Sem Vítimas";"Pleno dia";"Decrescente";"Céu Claro";"Simples";"Reta";"Não";2;0;0;0;1;3;0;4;-10,63001926;-48,91071439;"SPRF-TO";"DEL02-TO";"UOP01-DEL01-TO"
126959;2018-04-10;"terça-feira";"08:10:00";"BA";116;703,4;"JEQUIE";"Ultrapassagem Indevida";"Colisão frontal";"Com Vítimas Fatais";"Pleno dia";"Decrescente";"Céu Claro";"Simples";"Reta";"Não";3;1;0;1;0;1;1;3;-14,096829;-40,219404;"SPRF-BA";"DEL03-BA";"UOP01-DEL03-BA"
126965;2018-04-10;"terça-feira";"00:15:00";"MA";316;565,1;"CAXIAS";"Falta de Atenção à Condução";"Colisão lateral";"Sem Vítimas";"Plena Noite";"Decrescente";"Chuva";"Simples";"Declive";"Não";4;0;0;0;4;0;0;4;-4,90301256;-43,24519667;"SPRF-MA";"DEL03-MA";"UOP02-DEL03-MA"
126969;2018-04-10;"terça-feira";"10:00:00";"PR";476;178;"CONTENDA";"Falta de Atenção à Condução";"Saída de leito carroçável";"Sem Vítimas";"Pleno dia";"Decrescente";"Céu Claro";"Simples";"Curva";"Não";2;0;0;0;1;1;0;2;-25,699764;-49,572849;"SPRF-PR";"DEL01-PR";"UOP06-DEL01-PR"
126971;2018-04-10;"terça-feira";"11:40:00";"TO";226;35;"PALMEIRAS DO TOCANTINS";"Defeito na Via";"Tombamento";"Com Vítimas Feridas";"Pleno dia";"Decrescente";"Nublado";"Simples";"Declive;Reta";"Não";2;0;1;0;0;3;1;4;-6,6888095;-47,7431076;"SPRF-TO";"DEL02-TO";"UOP03-DEL02-TO"
126975;2018-04-10;"terça-feira";"10:40:00";"RO";364;693;"CANDEIAS DO JAMARI";"Falta de Atenção à Condução";"Colisão traseira";"Sem Vítimas";"Pleno dia";"Decrescente";"Céu Claro";"Dupla";"Reta";"Sim";5;0;0;0;4;2;0;4;-8,79797931;-63,71197534;"SPRF-RO";"DEL01-RO";"UOP01-DEL01-RO"
126976;2018-04-10;"terça-feira";"11:55:00";"PR";376;491,7;"PONTA GROSSA";"Velocidade Incompatível";"Colisão traseira";"Com Vítimas Feridas";"Pleno dia";"Crescente";"Céu Claro";"Dupla";"Reta";"Não";5;0;1;0;3;2;1;6;-25,1145128;-50,187639;"SPRF-PR";"DEL03-PR";"UOP04-DEL03-PR"
126978;2018-04-10;"terça-feira";"12:40:00";"PR";277;7,5;"PARANAGUA";"Falta de Atenção à Condução";"Colisão transversal";"Sem Vítimas";"Pleno dia";"Crescente";"Céu Claro";"Dupla";"Reta";"Sim";3;0;0;0;2;2;0;4;-25,50779564;-48,51724237;"SPRF-PR";"DEL01-PR";"UOP05-DEL01-PR"
126980;2018-04-10;"terça-feira";"10:55:00";"MG";381;439,6;"SABARA";"Desobediência às normas de trânsito pelo condutor";"Colisão transversal";"Com Vítimas Feridas";"Pleno dia";"Crescente";"Sol";"Simples";"Reta;Aclive";"Não";3;0;0;2;1;0;2;2;-19,78802628;-43,70944977;"SPRF-MG";"DEL01-MG";"UOP01-DEL01-MG"
126988;2018-04-10;"terça-feira";"13:30:00";"BA";101;535,2;"SAO JOSE DA VITORIA";"Velocidade Incompatível";"Colisão frontal";"Com Vítimas Feridas";"Pleno dia";"Decrescente";"Nublado";"Simples";"Curva";"Não";5;0;2;1;1;1;3;4;-15,032234;-39,330072;"SPRF-BA";"DEL05-BA";"UOP01-DEL05-BA"
126993;2018-04-10;"terça-feira";"10:00:00";"MG";262;101,9;"ABRE CAMPO";"Condutor Dormindo";"Saída de leito carroçável";"Com Vítimas Feridas";"Pleno dia";"Crescente";"Céu Claro";"Simples";"Curva";"Não";1;0;1;0;0;0;1;1;-20,289152;-42,523285;"SPRF-MG";"DEL03-MG";"UOP03-DEL03-MG"
126995;2018-04-10;"terça-feira";"12:40:00";"MG";40;463,5;"SETE LAGOAS";"Não guardar distância de segurança";"Colisão traseira";"Com Vítimas Feridas";"Pleno dia";"Crescente";"Céu Claro";"Dupla";"Em Obras";"Não";5;0;2;0;1;2;2;4;-19,427;-44,337;"SPRF-MG";"DEL02-MG";"UOP01-DEL02-MG"
126997;2018-04-10;"terça-feira";"06:30:00";"PR";153;174,2;"TIBAGI";"Defeito Mecânico no Veículo";"Tombamento";"Sem Vítimas";"Amanhecer";"Decrescente";"Céu Claro";"Simples";"Curva";"Não";2;0;0;0;1;1;0;2;-24,43581945;-50,41909218;"SPRF-PR";"DEL03-PR";"UOP02-DEL03-PR"
126998;2018-04-10;"terça-feira";"13:00:00";"MT";364;265;"SAO PEDRO DA CIPA";"Desobediência às normas de trânsito pelo condutor";"Colisão lateral";"Com Vítimas Feridas";"Pleno dia";"Decrescente";"Sol";"Simples";"Reta";"Sim";4;0;0;3;1;0;3;2;-16,004408;-54,920021;"SPRF-MT";"DEL02-MT";"UOP02-DEL05-MT"
127007;2018-04-10;"terça-feira";"15:30:00";"CE";116;491,6;"MILAGRES";"Falta de Atenção à Condução";"Colisão frontal";"Com Vítimas Fatais";"Pleno dia";"Crescente";"Céu Claro";"Simples";"Reta";"Não";8;1;0;3;1;4;3;5;-7,396106;-38,961644;"SPRF-CE";"DEL05-CE";"UOP03-DEL05-CE"
127011;2018-04-10;"terça-feira";"15:45:00";"RS";116;311,5;"GUAIBA";"Falta de Atenção à Condução";"Engavetamento";"Com Vítimas Feridas";"Pleno dia";"Crescente";"Céu Claro";"Simples";"Reta";"Não";4;0;1;0;3;0;1;3;-30,209583;-51,403286;"SPRF-RS";"DEL02-RS";"UOP01-DEL02-RS"
127014;2018-04-10;"terça-feira";"15:10:00";"SC";101;335;"TUBARAO";"Carga excessiva e/ou mal acondicionada";"Derramamento de carga";"Com Vítimas Feridas";"Pleno dia";"Crescente";"Céu Claro";"Múltipla";"Reta";"Sim";3;0;0;1;1;1;1;3;-28,4745;-49,0267;"SPRF-SC";"DEL02-SC";"UOP01-DEL02-SC"
127019;2018-04-10;"terça-feira";"15:20:00";"RS";290;339,6;"SAO SEPE";"Falta de Atenção à Condução";"Colisão traseira";"Com Vítimas Feridas";"Pleno dia";"Decrescente";"Céu Claro";"Simples";"Reta;Em Obras";"Não";3;0;1;0;1;1;1;3;-30,372793;-53,56879;"SPRF-RS";"DEL09-RS";"UOP02-DEL09-RS"
127029;2018-04-10;"terça-feira";"18:20:00";"SC";101;234;"PALHOCA";"Falta de Atenção à Condução";"Colisão traseira";"Com Vítimas Feridas";"Plena Noite";"Crescente";"Céu Claro";"Dupla";"Declive;Curva";"Não";2;0;1;0;1;0;1;2;-27,8181;-48,6313;"SPRF-SC";"DEL01-SC";"UOP02-DEL01-SC"
127031;2018-04-10;"terça-feira";"18:10:00";"MG";381;351;"NOVA ERA";"Falta de Atenção à Condução";"Colisão transversal";"Sem Vítimas";"Plena Noite";"Decrescente";"Céu Claro";"Simples";"Interseção de Vias";"Não";3;0;0;0;3;0;0;2;-19,7784;-43,0437;"SPRF-MG";"DEL03-MG";"UOP01-DEL03-MG"
127037;2018-04-10;"terça-feira";"19:00:00";"MG";364;31,2;"FRUTAL";"Restrição de Visibilidade";"Colisão traseira";"Com Vítimas Fatais";"Plena Noite";"Crescente";"Céu Claro";"Simples";"Reta";"Não";3;1;0;0;1;1;0;3;-20,00980655;-48,92823458;"SPRF-MG";"DEL13-MG";"UOP02-DEL13-MG"
127039;2018-04-10;"terça-feira";"18:00:00";"RJ";116;165,1;"RIO DE JANEIRO";"Velocidade Incompatível";"Colisão traseira";"Com Vítimas Feridas";"Plena Noite";"Crescente";"Ignorado";"Dupla";"Reta";"Sim";3;0;1;0;2;0;1;3;-22,80933628;-43,33705723;"SPRF-RJ";"DEL01-RJ";"UOP02-DEL01-RJ"
127047;2018-04-10;"terça-feira";"19:00:00";"MG";116;698,8;"MURIAE";"Falta de Atenção à Condução";"Colisão lateral";"Com Vítimas Feridas";"Plena Noite";"Decrescente";"Céu Claro";"Simples";"Curva";"Não";4;0;2;0;2;0;2;3;-21,07771497;-42,37207677;"SPRF-MG";"DEL07-MG";"UOP02-DEL07-MG"
127049;2018-04-10;"terça-feira";"19:00:00";"GO";20;103;"VILA BOA";"Pista Escorregadia";"Saída de leito carroçável";"Com Vítimas Feridas";"Plena Noite";"Crescente";"Chuva";"Simples";"Reta";"Não";2;0;0;1;1;0;1;1;-14,927938;-46,972652;"SPRF-DF";"DEL02-DF";"UOP03-DEL02-DF"
127050;2018-04-10;"terça-feira";"16:10:00";"MT";158;557,8;"AGUA BOA";"Falta de Atenção à Condução";"Tombamento";"Sem Vítimas";"Pleno dia";"Decrescente";"Nublado";"Simples";"Reta";"Não";2;0;0;0;1;1;0;2;-14,0868996;-52,1609674;"SPRF-MT";"DEL07-MT";"UOP02-DEL07-MT"
127051;2018-04-10;"terça-feira";"16:50:00";"PB";230;508,1;"CAJAZEIRAS";"Desobediência às normas de trânsito pelo condutor";"Colisão transversal";"Com Vítimas Feridas";"Pleno dia";"Crescente";"Nublado";"Simples";"Reta";"Não";3;0;0;1;1;1;1;3;-6,890721;-38,58725;"SPRF-PB";"DEL03-PB";"UOP03-DEL03-PB"
127055;2018-04-10;"terça-feira";"19:15:00";"TO";153;490;"PARAISO DO TOCANTINS";"Ingestão de Álcool";"Colisão frontal";"Com Vítimas Feridas";"Plena Noite";"Crescente";"Ignorado";"Simples";"Reta";"Sim";2;0;0;1;1;0;1;2;-10,124991;-48,884209;"SPRF-TO";"DEL02-TO";"UOP01-DEL01-TO"
127058;2018-04-10;"terça-feira";"18:30:00";"RJ";116;272;"BARRA MANSA";"Ingestão de Álcool";"Colisão traseira";"Sem Vítimas";"Anoitecer";"Decrescente";"Céu Claro";"Dupla";"Curva";"Não";2;0;0;0;2;0;0;2;-22,55275114;-44,18031693;"SPRF-RJ";"DEL07-RJ";"UOP02-DEL07-RJ"
127059;2018-04-10;"terça-feira";"19:25:00";"RS";116;525,8;"PELOTAS";"Não guardar distância de segurança";"Colisão traseira";"Sem Vítimas";"Plena Noite";"Crescente";"Céu Claro";"Simples";"Reta";"Sim";3;0;0;0;2;3;0;5;-31,738207;-52,395412;"SPRF-RS";"DEL07-RS";"UOP01-DEL07-RS"
127061;2018-04-10;"terça-feira";"19:35:00";"SP";116;336;"JUQUITIBA";"Defeito Mecânico no Veículo";"Incêndio";"Sem Vítimas";"Plena Noite";"Decrescente";"Nublado";"Dupla";"Reta";"Não";1;0;0;0;1;0;0;1;-23,97561;-47,14231;"SPRF-SP";"DEL04-SP";"UOP03-DEL04-SP"
127065;2018-04-10;"terça-feira";"20:20:00";"MG";146;535,4;"MUZAMBINHO";"Desobediência às normas de trânsito pelo condutor";"Colisão frontal";"Com Vítimas Fatais";"Plena Noite";"Crescente";"Céu Claro";"Simples";"Reta";"Não";3;1;0;1;1;0;1;2;-21,355358;-46,524742;"SPRF-MG";"DEL09-MG";"UOP01-DEL09-MG"
127066;2018-04-10;"terça-feira";"19:54:00";"SP";116;102;"PINDAMONHANGABA";"Falta de Atenção do Pedestre";"Atropelamento de Pedestre";"Com Vítimas Fatais";"Plena Noite";"Decrescente";"Céu Claro";"Dupla";"Reta";"Não";2;1;0;0;0;1;0;2;-22,994991;-45,489536;"SPRF-SP";"DEL06-SP";"UOP01-DEL06-SP"
127069;2018-04-10;"terça-feira";"17:30:00";"PR";476;240;"LAPA";"Defeito na Via";"Tombamento";"Sem Vítimas";"Anoitecer";"Decrescente";"Céu Claro";"Simples";"Reta";"Não";2;0;0;0;1;1;0;2;-25,864338;-50,069801;"SPRF-PR";"DEL02-PR";"UOP04-DEL02-PR"
127075;2018-04-10;"terça-feira";"20:50:00";"MG";381;336;"NOVA ERA";"Fenômenos da Natureza";"Colisão transversal";"Sem Vítimas";"Plena Noite";"Decrescente";"Céu Claro";"Simples";"Curva";"Não";3;0;0;0;2;1;0;3;-19,7784;-43,0437;"SPRF-MG";"DEL03-MG";"UOP01-DEL03-MG"
127076;2018-04-10;"terça-feira";"20:50:00";"PR";277;10;"PARANAGUA";"Falta de Atenção do Pedestre";"Atropelamento de Pedestre";"Com Vítimas Feridas";"Pleno dia";"Crescente";"Céu Claro";"Dupla";"Reta";"Não";3;0;1;0;1;2;1;4;-25,56688165;-48,62145156;"SPRF-PR";"DEL01-PR";"UOP05-DEL01-PR"
127077;2018-04-10;"terça-feira";"20:00:00";"PI";407;555,2;"JACOBINA DO PIAUI";"Condutor Dormindo";"Saída de leito carroçável";"Com Vítimas Fatais";"Plena Noite";"Decrescente";"Céu Claro";"Simples";"Reta";"Não";1;1;0;0;0;0;0;1;-8,006076;-41,181104;"SPRF-PI";"DEL04-PI";"UOP01-DEL04-PI"
127079;2018-04-10;"terça-feira";"21:30:00";"PR";376;490,4;"PONTA GROSSA";"Falta de Atenção à Condução";"Colisão lateral";"Com Vítimas Feridas";"Pleno dia";"Crescente";"Ignorado";"Dupla";"Curva";"Sim";2;0;1;0;1;0;1;2;-25,10674092;-50,19309998;"SPRF-PR";"DEL03-PR";"UOP04-DEL03-PR"
127083;2018-04-10;"terça-feira";"22:50:00";"ES";262;37;"DOMINGOS MARTINS";"Falta de Atenção à Condução";"Colisão lateral";"Com Vítimas Feridas";"Plena Noite";"Crescente";"Chuva";"Simples";"Curva";"Não";5;0;2;0;3;0;2;3;-20,382;-40,6078;"SPRF-ES";"DEL01-ES";"UOP01-DEL01-ES"
127086;2018-04-10;"terça-feira";"22:00:00";"PR";376;642,4;"TIJUCAS DO SUL";"Defeito Mecânico no Veículo";"Incêndio";"Sem Vítimas";"Plena Noite";"Decrescente";"Garoa/Chuvisco";"Dupla";"Reta";"Não";1;0;0;0;1;0;0;1;-25,8159633;-49,13019955;"SPRF-PR";"DEL01-PR";"DEL7/1-UOP08/PR"
127087;2018-04-10;"terça-feira";"16:15:00";"GO";414;0;"PORANGATU";"Defeito Mecânico no Veículo";"Colisão com objeto estático";"Com Vítimas Feridas";"Pleno dia";"Crescente";"Sol";"Simples";"Reta";"Não";2;0;1;0;1;0;1;1;-13,441067;-49,132744;"SPRF-GO";"DEL07-GO";"UOP01-DEL07-GO"
127088;2018-04-10;"terça-feira";"21:40:00";"SC";101;207;"SAO JOSE";"Deficiência ou não Acionamento do Sistema de Iluminação/Sinalização do Veículo";"Colisão lateral";"Sem Vítimas";"Plena Noite";"Crescente";"Céu Claro";"Dupla";"Aclive;Curva";"Sim";3;0;0;0;3;0;0;3;-27,60148747;-48,62599958;"SPRF-SC";"DEL01-SC";"UOP01-DEL01-SC"
127090;2018-04-10;"terça-feira";"18:50:00";"MA";230;388,4;"BALSAS";"Defeito na Via";"Tombamento";"Com Vítimas Feridas";"Plena Noite";"Decrescente";"Nublado";"Simples";"Declive";"Não";3;0;1;0;1;2;1;4;-7,521335;-46,04969;"SPRF-MA";"DEL05-MA";"UOP01-DEL05-MA"
127091;2018-04-10;"terça-feira";"23:35:00";"RS";392;288,2;"SAO SEPE";"Animais na Pista";"Tombamento";"Sem Vítimas";"Plena Noite";"Decrescente";"Nublado";"Simples";"Reta";"Não";2;0;0;0;1;2;0;3;-30,237663;-53,550243;"SPRF-RS";"DEL09-RS";"UOP02-DEL09-RS"
127092;2018-04-11;"quarta-feira";"02:50:00";"SP";116;64,4;"GUARATINGUETA";"Ingestão de Álcool";"Colisão traseira";"Sem Vítimas";"Plena Noite";"Crescente";"Céu Claro";"Dupla";"Reta";"Não";2;0;0;0;2;0;0;2;-22,820558;-45,187911;"SPRF-SP";"DEL08-SP";"UOP01-DEL08-SP"
127094;2018-04-10;"terça-feira";"23:48:00";"PR";376;677;"GUARATUBA";"Velocidade Incompatível";"Saída de leito carroçável";"Sem Vítimas";"Plena Noite";"Decrescente";"Céu Claro";"Dupla";"Curva";"Não";2;0;0;0;1;1;0;2;-25,94214624;-48,90649796;"SPRF-PR";"DEL01-PR";"DEL7/1-UOP08/PR"
127101;2018-04-11;"quarta-feira";"05:30:00";"MG";50;205;"DELTA";"Condutor Dormindo";"Colisão traseira";"Com Vítimas Feridas";"Amanhecer";"Crescente";"Céu Claro";"Dupla";"Reta";"Não";3;0;1;0;1;2;1;4;-19,9743;-47,7898;"SPRF-MG";"DEL13-MG";"UOP01-DEL13-MG"
127106;2018-04-11;"quarta-feira";"06:15:00";"RS";290;50,3;"GLORINHA";"Defeito Mecânico no Veículo";"Colisão traseira";"Com Vítimas Fatais";"Amanhecer";"Decrescente";"Nublado";"Dupla";"Reta";"Não";3;1;0;0;1;1;0;3;-29,908211;-50,760804;"SPRF-RS";"DEL03-RS";"UOP02-DEL03-RS"
127115;2018-04-11;"quarta-feira";"07:20:00";"RS";470;164;"VILA FLORES";"Velocidade Incompatível";"Colisão frontal";"Com Vítimas Feridas";"Pleno dia";"Decrescente";"Céu Claro";"Simples";"Reta";"Não";3;0;2;0;1;0;2;2;-28,82444572;-51,58473969;"SPRF-RS";"DEL06-RS";"UOP02-DEL06-RS"
127122;2018-04-11;"quarta-feira";"07:00:00";"PR";277;0;"PARANAGUA";"Falta de Atenção à Condução";"Colisão traseira";"Com Vítimas Feridas";"Plena Noite";"Decrescente";"Céu Claro";"Dupla";"Reta";"Não";4;0;1;1;2;0;2;3;-25,5604067;-48,5849762;"SPRF-PR";"DEL01-PR";"UOP05-DEL01-PR"
127128;2018-04-11;"quarta-feira";"08:20:00";"PB";101;90;"JOAO PESSOA";"Pista Escorregadia";"Tombamento";"Com Vítimas Fatais";"Pleno dia";"Crescente";"Chuva";"Dupla";"Aclive";"Sim";5;2;0;0;1;2;0;4;-7,1777479;-34,8993435;"SPRF-PB";"DEL01-PB";"UOP01-DEL01-PB"
127132;2018-04-11;"quarta-feira";"07:00:00";"MT";163;534;"JUSCIMEIRA";"Falta de Atenção à Condução";"Saída de leito carroçável";"Com Vítimas Feridas";"Pleno dia";"Crescente";"Céu Claro";"Simples";"Reta";"Não";3;0;1;0;1;1;1;2;-16,160118;-54,796425;"SPRF-MT";"DEL01-MT";"UOP01-DEL01-MT"
127133;2018-03-15;"quinta-feira";"07:15:00";"RS";392;207,3;"SANTANA DA BOA VISTA";"Desobediência às normas de trânsito pelo condutor";"Colisão frontal";"Com Vítimas Feridas";"Pleno dia";"Decrescente";"Chuva";"Simples";"Curva";"Não";3;0;0;1;1;2;1;4;-30,84682645;-53,17657471;"SPRF-RS";"DEL09-RS";"UOP02-DEL09-RS"
127134;2018-04-11;"quarta-feira";"09:05:00";"SP";116;514,3;"CAJATI";"Defeito Mecânico no Veículo";"Saída de leito carroçável";"Sem Vítimas";"Pleno dia";"Decrescente";"Sol";"Dupla";"Curva";"Não";1;0;0;0;1;0;0;1;-24,864433;-48,212658;"SPRF-SP";"DEL05-SP";"UAP01-DEL05-SP"
127136;2018-04-11;"quarta-feira";"05:30:00";"MG";146;577,7;"BOTELHOS";"Velocidade Incompatível";"Tombamento";"Com Vítimas Feridas";"Amanhecer";"Crescente";"Céu Claro";"Simples";"Curva";"Não";1;0;1;0;0;0;1;1;-21,6082805;-46,40968323;"SPRF-MG";"DEL09-MG";"UOP01-DEL09-MG"
127149;2018-04-11;"quarta-feira";"11:15:00";"SC";470;56;"BLUMENAU";"Falta de Atenção à Condução";"Colisão lateral";"Com Vítimas Feridas";"Pleno dia";"Decrescente";"Céu Claro";"Simples";"Curva";"Não";2;0;1;0;1;0;1;2;-26,87101378;-49,10743564;"SPRF-SC";"DEL04-SC";"UOP01-DEL04-SC"
127153;2018-04-11;"quarta-feira";"11:30:00";"SC";280;255,8;"CANOINHAS";"Falta de Atenção à Condução";"Tombamento";"Com Vítimas Feridas";"Pleno dia";"Crescente";"Céu Claro";"Simples";"Curva";"Não";1;0;0;1;0;0;1;1;-26,265293;-50,58884;"SPRF-SC";"DEL06-SC";"UOP04-DEL06-SC"
127156;2018-04-11;"quarta-feira";"13:25:00";"GO";153;503,4;"GOIANIA";"Falta de Atenção à Condução";"Colisão lateral";"Com Vítimas Feridas";"Pleno dia";"Crescente";"Nublado";"Dupla";"Reta";"Sim";4;0;2;0;1;1;2;3;-16,7366;-49,243;"SPRF-GO";"DEL01-GO";"UOP01-DEL01-GO"
127162;2018-04-11;"quarta-feira";"14:20:00";"SC";282;399,2;"JOACABA";"Falta de Atenção à Condução";"Colisão traseira";"Com Vítimas Feridas";"Pleno dia";"Crescente";"Céu Claro";"Simples";"Aclive";"Não";4;0;1;0;2;1;1;4;-27,14111102;-51,61660194;"SPRF-SC";"DEL07-SC";"UOP05-DEL07-SC"
127163;2018-04-11;"quarta-feira";"12:15:00";"MS";158;357,2;"BRASILANDIA";"Condutor Dormindo";"Colisão traseira";"Com Vítimas Feridas";"Pleno dia";"Crescente";"Sol";"Simples";"Reta";"Não";2;0;1;0;0;1;1;2;-21,2679399;-51,86782837;"SPRF-MS";"DEL07-MS";"UOP01-DEL07-MS"
127178;2018-04-11;"quarta-feira";"15:30:00";"GO";452;148,5;"BOM JESUS DE GOIAS";"Defeito na Via";"Tombamento";"Com Vítimas Feridas";"Pleno dia";"Crescente";"Céu Claro";"Simples";"Reta";"Não";2;0;0;1;0;1;1;2;-18,27891026;-49,62524414;"SPRF-GO";"DEL03-GO";"UOP02-DEL03-GO"
127185;2018-04-11;"quarta-feira";"07:05:00";"MG";262;826,3;"UBERABA";"Falta de Atenção à Condução";"Colisão transversal";"Com Vítimas Feridas";"Pleno dia";"Crescente";"Céu Claro";"Dupla";"Reta";"Não";3;0;0;1;1;2;1;4;-19,762056;-48,138805;"SPRF-MG";"DEL13-MG";"UOP01-DEL13-MG"
127186;2018-01-14;"domingo";"14:10:00";"SE";101;98,2;"SAO CRISTOVAO";"Ingestão de Álcool";"Colisão com objeto em movimento";"Com Vítimas Feridas";"Pleno dia";"Crescente";"Céu Claro";"Dupla";"Reta";"Não";4;0;0;1;1;2;1;4;-10,93641972;-37,19055979;"SPRF-SE";"DEL02-SE";"UOP01-DEL02-SE"
127187;2018-04-11;"quarta-feira";"15:00:00";"BA";101;245,1;"CONCEICAO DO ALMEIDA";"Pista Escorregadia";"Colisão com objeto estático";"Com Vítimas Feridas";"Pleno dia";"Decrescente";"Chuva";"Simples";"Declive;Reta;Ponte";"Não";2;0;2;0;0;0;2;1;-12,843352;-39,204778;"SPRF-BA";"DEL01-BA";"UOP02-DEL01-BA"