"id";"data_inversa";"dia_semana";"horario";"uf";"br";"km";"municipio";"causa_acidente";"tipo_acidente";"classificacao_acidente";"fase_dia";"sentido_via";"condicao_metereologica";"tipo_pista";"tracado_via";"uso_solo";"pessoas";"mortos";"feridos_leves";"feridos_graves";"ilesos";"ignorados";"feridos";"veiculos";"latitude";"longitude";"regional";"delegacia";"uop"
127188;2018-04-11;"quarta-feira";"16:45:00";"TO";153;552,5;"OLIVEIRA DE FATIMA";"Defeito na Via";"Colisão frontal";"Com Vítimas Feridas";"Pleno dia";"Crescente";"Céu Claro";"Simples";"Reta;Aclive";"Não";3;0;1;0;1;2;1;4;-10,671032;-48,907997;"SPRF-TO";"DEL02-TO";"UOP01-DEL01-TO"
127190;2018-04-11;"quarta-feira";"17:20:00";"ES";101;1;"SERRA";"Defeito Mecânico no Veículo";"Colisão com objeto em movimento";"Com Vítimas Feridas";"Pleno dia";"Crescente";"Nublado";"Dupla";"Reta";"Sim";3;0;1;1;1;0;2;2;-20,24303235;-40,28137207;"SPRF-ES";"DEL02-ES";"UOP01-DEL02-ES"
127193;2018-04-11;"quarta-feira";"17:10:00";"PR";153;459,4;"UNIAO DA VITORIA";"Velocidade Incompatível";"Colisão com objeto estático";"Com Vítimas Fatais";"Pleno dia";"Decrescente";"Céu Claro";"Simples";"Curva";"Não";2;1;0;0;0;1;0;2;-26,229432;-51,140569;"SPRF-PR";"DEL02-PR";"UOP03-DEL02-PR"
127206;2018-04-11;"quarta-feira";"18:20:00";"SP";116;135;"SAO JOSE DOS CAMPOS";"Falta de Atenção à Condução";"Colisão lateral";"Com Vítimas Feridas";"Plena Noite";"Crescente";"Céu Claro";"Dupla";"Reta";"Sim";3;0;1;0;2;0;1;3;-23,144499;-45,77021;"SPRF-SP";"DEL06-SP";"UOP02-DEL02-SP"
127213;2018-04-11;"quarta-feira";"15:10:00";"SC";116;30,3;"ITAIOPOLIS";"Condutor Dormindo";"Colisão traseira";"Sem Vítimas";"Pleno dia";"Decrescente";"Céu Claro";"Simples";"Curva";"Não";2;0;0;0;2;0;0;2;-26,31315111;-49,96425021;"SPRF-SC";"DEL06-SC";"UOP01-DEL06-SC"
127216;2018-04-11;"quarta-feira";"19:00:00";"RS";158;565;"SANTANA DO LIVRAMENTO";"Animais na Pista";"Atropelamento de Animal";"Com Vítimas Feridas";"Plena Noite";"Crescente";"Céu Claro";"Simples";"Reta";"Sim";2;0;1;0;1;0;1;2;-30,87576351;-55,51317036;"SPRF-RS";"DEL11-RS";"UOP01-DEL11-RS"
127223;2018-04-11;"quarta-feira";"20:00:00";"BA";116;29,3;"VITORIA DA CONQUISTA";"Fenômenos da Natureza";"Colisão traseira";"Com Vítimas Feridas";"Plena Noite";"Decrescente";"Nevoeiro/Neblina";"Simples";"Aclive";"Sim";3;0;1;0;1;3;1;5;-14,83869452;-40,81953049;"SPRF-PE";"DEL05-PE";"UOP03-DEL05-PE"
127225;2018-04-11;"quarta-feira";"19:30:00";"BA";101;1;"RIO REAL";"Velocidade Incompatível";"Tombamento";"Com Vítimas Feridas";"Plena Noite";"Crescente";"Nublado";"Dupla";"Reta;Aclive";"Não";3;0;2;0;0;1;2;2;-11,52409671;-37,80670166;"SPRF-SE";"DEL02-SE";"UOP03-DEL02-SE"
127226;2018-04-11;"quarta-feira";"20:35:00";"BA";101;87,3;"ALAGOINHAS";"Falta de Atenção à Condução";"Colisão traseira";"Com Vítimas Feridas";"Plena Noite";"Crescente";"Nublado";"Simples";"Aclive";"Não";8;0;4;2;1;1;6;3;-12,02209656;-38,28301311;"SPRF-BA";"DEL01-BA";"UOP04-DEL01-BA"
127228;2018-04-11;"quarta-feira";"20:00:00";"RS";116;375,1;"TAPES";"Ingestão de Álcool";"Tombamento";"Sem Vítimas";"Plena Noite";"Decrescente";"Céu Claro";"Simples";"Reta";"Não";2;0;0;0;1;1;0;2;-30,753981;-51,637945;"SPRF-RS";"DEL02-RS";"UOP03-DEL02-RS"
127243;2018-04-11;"quarta-feira";"20:50:00";"SC";101;362,2;"SANGAO";"Animais na Pista";"Atropelamento de Animal";"Com Vítimas Feridas";"Plena Noite";"Decrescente";"Céu Claro";"Múltipla";"Reta";"Não";3;0;1;0;1;1;1;3;-28,66785146;-49,11736518;"SPRF-SC";"DEL02-SC";"UOP01-DEL02-SC"
127245;2018-04-11;"quarta-feira";"21:00:00";"ES";101;285;"CARIACICA";"Falta de Atenção à Condução";"Colisão lateral";"Sem Vítimas";"Plena Noite";"Crescente";"Chuva";"Dupla";"Curva";"Sim";3;0;0;0;2;1;0;3;-20,26099755;-40,37861288;"SPRF-ES";"DEL01-ES";"UOP01-DEL01-ES"
127246;2018-04-11;"quarta-feira";"22:20:00";"BA";242;811;"BARREIRAS";"Defeito Mecânico no Veículo";"Tombamento";"Com Vítimas Feridas";"Plena Noite";"Decrescente";"Céu Claro";"Simples";"Declive";"Não";2;0;1;0;0;1;1;2;-12,121922;-45,142685;"SPRF-BA";"DEL10-BA";"UOP01-DEL10-BA"
127247;2018-04-11;"quarta-feira";"21:50:00";"MG";251;482,2;"FRANCISCO SA";"Falta de Atenção à Condução";"Atropelamento de Pedestre";"Com Vítimas Feridas";"Plena Noite";"Crescente";"Garoa/Chuvisco";"Simples";"Reta";"Sim";3;0;0;1;0;2;1;2;-16,4822;-43,5068;"SPRF-MG";"DEL12-MG";"UOP01-DEL12-MG"
127250;2018-04-11;"quarta-feira";"22:25:00";"MG";116;527,3;"CARATINGA";"Falta de Atenção à Condução";"Colisão com objeto estático";"Sem Vítimas";"Plena Noite";"Decrescente";"Céu Claro";"Simples";"Curva";"Sim";1;0;0;0;0;1;0;1;-19,776563;-42,133251;"SPRF-MG";"DEL06-MG";"UOP02-DEL06-MG"
127251;2018-04-11;"quarta-feira";"23:10:00";"MA";222;658;"ACAILANDIA";"Falta de Atenção à Condução";"Colisão traseira";"Sem Vítimas";"Plena Noite";"Crescente";"Chuva";"Simples";"Aclive;Reta";"Não";4;0;0;0;3;1;0;4;-4,8745581;-47,3489735;"SPRF-MA";"DEL04-MA";"UOP03-DEL04-MA"
127253;2018-04-11;"quarta-feira";"23:40:00";"AL";101;108,5;"PILAR";"Defeito Mecânico no Veículo";"Tombamento";"Com Vítimas Feridas";"Plena Noite";"Decrescente";"Nublado";"Simples";"Curva";"Não";3;0;0;3;0;0;3;1;-9,586626;-35,9893;"SPRF-AL";"DEL02-AL";"UOP01-DEL02-AL"
127258;2018-04-12;"quinta-feira";"01:10:00";"RJ";116;326;"ITATIAIA";"Carga excessiva e/ou mal acondicionada";"Derramamento de carga";"Sem Vítimas";"Plena Noite";"Decrescente";"Nublado";"Dupla";"Reta";"Não";3;0;0;0;2;1;0;3;-22,495203;-44,570347;"SPRF-RJ";"DEL07-RJ";"DEL5/7-UOP03/RJ"
127262;2018-04-12;"quinta-feira";"05:20:00";"MG";381;505;"BETIM";"Defeito Mecânico no Veículo";"Colisão lateral";"Com Vítimas Feridas";"Pleno dia";"Decrescente";"Céu Claro";"Dupla";"Reta";"Sim";3;0;1;0;2;0;1;2;-20,0384;-44,2529;"SPRF-MG";"DEL01-MG";"UOP03-DEL01-MG"
127263;2018-04-12;"quinta-feira";"05:30:00";"MG";40;778,8;"JUIZ DE FORA";"Condutor Dormindo";"Colisão traseira";"Com Vítimas Feridas";"Amanhecer";"Crescente";"Nublado";"Dupla";"Reta";"Não";4;0;1;0;2;1;1;3;-21,689;-43,4498;"SPRF-MG";"DEL05-MG";"UOP01-DEL05-MG"
127270;2018-04-12;"quinta-feira";"05:45:00";"RS";116;302,9;"GUAIBA";"Ultrapassagem Indevida";"Colisão com objeto estático";"Com Vítimas Fatais";"Amanhecer";"Crescente";"Céu Claro";"Simples";"Reta;Em Obras";"Não";4;1;0;0;2;1;0;4;-30,1424042;-51,3629914;"SPRF-RS";"DEL02-RS";"UOP01-DEL02-RS"
127271;2018-04-12;"quinta-feira";"06:30:00";"SC";470;11,9;"NAVEGANTES";"Desobediência às normas de trânsito pelo condutor";"Colisão com objeto estático";"Com Vítimas Feridas";"Amanhecer";"Decrescente";"Nublado";"Simples";"Interseção de Vias";"Sim";6;0;2;1;2;1;3;4;-26,83360646;-48,73633862;"SPRF-SC";"DEL04-SC";"UOP04-DEL04-SC"
127273;2018-04-12;"quinta-feira";"06:00:00";"AL";101;108,5;"PILAR";"Defeito Mecânico no Veículo";"Colisão lateral";"Com Vítimas Feridas";"Pleno dia";"Decrescente";"Chuva";"Simples";"Curva";"Não";4;0;1;0;2;3;1;6;-9,586626;-35,9893;"SPRF-AL";"DEL02-AL";"UOP01-DEL02-AL"
127277;2018-04-12;"quinta-feira";"07:00:00";"RS";116;251,2;"SAPUCAIA DO SUL";"Desobediência às normas de trânsito pelo condutor";"Colisão lateral";"Com Vítimas Feridas";"Pleno dia";"Decrescente";"Céu Claro";"Múltipla";"Reta";"Sim";3;0;2;0;1;0;2;3;-29,800453;-51,16552;"SPRF-RS";"DEL01-RS";"UOP02-DEL01-RS"
127279;2018-04-12;"quinta-feira";"07:10:00";"PR";277;6,6;"PARANAGUA";"Falta de Atenção à Condução";"Colisão lateral";"Com Vítimas Feridas";"Pleno dia";"Crescente";"Céu Claro";"Múltipla";"Rotatória";"Sim";3;0;1;0;1;1;1;3;-25,514913;-48,52247788;"SPRF-PR";"DEL01-PR";"UOP05-DEL01-PR"
127280;2018-04-12;"quinta-feira";"07:00:00";"RJ";101;327;"NITEROI";"Não guardar distância de segurança";"Colisão lateral";"Com Vítimas Feridas";"Pleno dia";"Decrescente";"Céu Claro";"Múltipla";"Reta";"Não";2;0;1;0;1;0;1;2;-22,87902204;-43,11138153;"SPRF-RJ";"DEL02-RJ";"UOP02-DEL02-RJ"
127284;2018-04-12;"quinta-feira";"07:20:00";"MT";364;391,5;"SANTO ANTONIO DO LEVERGER";"Ingestão de Álcool";"Colisão frontal";"Sem Vítimas";"Pleno dia";"Crescente";"Céu Claro";"Simples";"Reta";"Não";3;0;0;0;2;2;0;4;-15,701123;-55,874622;"SPRF-MT";"DEL02-MT";"UOP02-DEL01-MT"
127290;2018-04-12;"quinta-feira";"08:05:00";"PR";376;422,9;"TIBAGI";"Desobediência às normas de trânsito pelo condutor";"Colisão traseira";"Com Vítimas Feridas";"Pleno dia";"Crescente";"Céu Claro";"Simples";"Reta";"Não";3;0;0;1;2;0;1;3;-24,7001411;-50,57735056;"SPRF-PR";"DEL03-PR";"UOP02-DEL03-PR"
127299;2018-04-12;"quinta-feira";"09:20:00";"RS";448;0,5;"SAPUCAIA DO SUL";"Falta de Atenção à Condução";"Colisão com objeto estático";"Sem Vítimas";"Pleno dia";"Decrescente";"Céu Claro";"Dupla";"Reta";"Não";2;0;0;0;1;1;0;2;-29,82936708;-51,17614239;"SPRF-RS";"DEL01-RS";"UOP02-DEL01-RS"
127304;2018-04-12;"quinta-feira";"06:30:00";"MT";163;924;"ITAUBA";"Defeito na Via";"Saída de leito carroçável";"Sem Vítimas";"Amanhecer";"Crescente";"Céu Claro";"Simples";"Reta";"Não";2;0;0;0;1;1;0;2;-11,09999893;-55,297966;"SPRF-MT";"DEL06-MT";"UOP02-DEL06-MT"
127311;2018-04-12;"quinta-feira";"10:30:00";"BA";101;63;"ENTRE RIOS";"Não guardar distância de segurança";"Saída de leito carroçável";"Com Vítimas Feridas";"Pleno dia";"Crescente";"Nublado";"Simples";"Reta";"Não";1;0;1;0;0;0;1;1;-11,93185233;-38,04977417;"SPRF-BA";"DEL01-BA";"UOP04-DEL01-BA"
127312;2018-04-12;"quinta-feira";"11:00:00";"PR";476;183,4;"CONTENDA";"Desobediência às normas de trânsito pelo condutor";"Colisão transversal";"Com Vítimas Feridas";"Pleno dia";"Decrescente";"Sol";"Simples";"Reta";"Sim";5;0;2;0;2;1;2;3;-25,7186234;-49,64451045;"SPRF-PR";"DEL01-PR";"UOP06-DEL01-PR"
127320;2018-04-12;"quinta-feira";"09:00:00";"PR";373;479,5;"CORONEL VIVIDA";"Velocidade Incompatível";"Colisão traseira";"Sem Vítimas";"Pleno dia";"Crescente";"Sol";"Simples";"Reta";"Não";2;0;0;0;1;1;0;2;-25,98921789;-52,5548172;"SPRF-PR";"DEL02-PR";"UOP01-DEL02-PR"
127325;2018-02-11;"domingo";"17:00:00";"BA";101;386;"IBIRAPITANGA";"Velocidade Incompatível";"Tombamento";"Com Vítimas Feridas";"Anoitecer";"Crescente";"Céu Claro";"Simples";"Curva";"Não";3;0;1;0;1;1;1;2;-13,9103;-39,4816;"SPRF-BA";"DEL05-BA";"UOP03-DEL05-BA"
127327;2018-04-12;"quinta-feira";"07:40:00";"PR";153;38,1;"SANTO ANTONIO DA PLATINA";"Falta de Atenção à Condução";"Saída de leito carroçável";"Com Vítimas Feridas";"Pleno dia";"Crescente";"Céu Claro";"Simples";"Reta";"Não";1;0;1;0;0;0;1;1;-23,26784231;-50,06435394;"SPRF-PR";"DEL07-PR";"UOP04-DEL07-PR"
127328;2018-04-12;"quinta-feira";"11:40:00";"PE";101;69,5;"RECIFE";"Falta de Atenção à Condução";"Colisão lateral";"Com Vítimas Feridas";"Pleno dia";"Crescente";"Nublado";"Dupla";"Reta";"Sim";2;0;1;0;1;0;1;2;-8,063456;-34,944633;"SPRF-PE";"DEL01-PE";"UOP01-DEL01-PE"
127338;2018-04-12;"quinta-feira";"13:40:00";"PR";376;497,8;"PONTA GROSSA";"Velocidade Incompatível";"Tombamento";"Com Vítimas Feridas";"Pleno dia";"Crescente";"Céu Claro";"Simples";"Curva";"Sim";2;0;1;0;0;1;1;2;-25,14944132;-50,1467514;"SPRF-PR";"DEL03-PR";"UOP04-DEL03-PR"
127340;2018-04-12;"quinta-feira";"09:00:00";"BA";116;645;"JAGUAQUARA";"Falta de Atenção à Condução";"Tombamento";"Sem Vítimas";"Pleno dia";"Crescente";"Chuva";"Simples";"Reta";"Não";2;0;0;0;1;1;0;2;-13,62492539;-40,09157896;"SPRF-BA";"DEL03-BA";"UOP01-DEL03-BA"
127343;2018-04-12;"quinta-feira";"08:30:00";"PR";116;148,1;"MANDIRITUBA";"Velocidade Incompatível";"Colisão lateral";"Com Vítimas Feridas";"Pleno dia";"Decrescente";"Céu Claro";"Simples";"Curva";"Não";4;0;1;0;1;2;1;4;-25,82921343;-49,33598734;"SPRF-PR";"DEL01-PR";"UOP03-DEL01-PR"
127345;2018-04-12;"quinta-feira";"11:00:00";"AL";101;115,5;"PILAR";"Velocidade Incompatível";"Colisão traseira";"Sem Vítimas";"Pleno dia";"Crescente";"Céu Claro";"Simples";"Reta";"Não";3;0;0;0;2;3;0;5;-9,628554;-36,030724;"SPRF-AL";"DEL02-AL";"UOP01-DEL02-AL"
127347;2018-04-12;"quinta-feira";"12:42:00";"MS";158;4;"CASSILANDIA";"Desobediência às normas de trânsito pelo condutor";"Colisão lateral";"Com Vítimas Feridas";"Pleno dia";"Crescente";"Céu Claro";"Simples";"Reta";"Sim";2;0;1;0;1;0;1;2;-19,121956;-51,723255;"SPRF-MS";"DEL08-MS";"UOP01-DEL08-MS"
127350;2018-04-11;"quarta-feira";"03:00:00";"BA";242;637;"MUQUEM DE SAO FRANCISCO";"Falta de Atenção à Condução";"Colisão lateral";"Com Vítimas Feridas";"Plena Noite";"Decrescente";"Céu Claro";"Simples";"Reta";"Não";2;0;1;0;0;2;1;3;-12,21450543;-43,55290055;"SPRF-BA";"DEL10-BA";"UOP03-DEL06-BA"
127354;2018-04-12;"quinta-feira";"11:30:00";"PR";376;672;"GUARATUBA";"Defeito Mecânico no Veículo";"Colisão traseira";"Com Vítimas Fatais";"Pleno dia";"Crescente";"Céu Claro";"Múltipla";"Declive;Reta;Em Obras";"Não";3;1;0;0;1;1;0;3;-25,89690887;-48,92967224;"SPRF-PR";"DEL01-PR";"DEL7/1-UOP08/PR"
127356;2018-04-12;"quinta-feira";"14:50:00";"SC";470;9,4;"NAVEGANTES";"Falta de Atenção à Condução";"Colisão traseira";"Com Vítimas Feridas";"Pleno dia";"Crescente";"Sol";"Simples";"Reta";"Não";3;0;1;0;1;1;1;3;-26,84214264;-48,71594162;"SPRF-SC";"DEL04-SC";"UOP04-DEL04-SC"
127358;2018-04-12;"quinta-feira";"14:00:00";"RJ";116;177,7;"NOVA IGUACU";"Não guardar distância de segurança";"Colisão traseira";"Com Vítimas Feridas";"Pleno dia";"Decrescente";"Sol";"Múltipla";"Reta";"Sim";2;0;1;0;1;0;1;2;-22,74753055;-43,44483376;"SPRF-RJ";"DEL01-RJ";"UOP02-DEL01-RJ"
127364;2018-04-12;"quinta-feira";"17:50:00";"TO";153;705,8;"CARIRI DO TOCANTINS";"Ultrapassagem Indevida";"Saída de leito carroçável";"Com Vítimas Feridas";"Anoitecer";"Decrescente";"Céu Claro";"Simples";"Declive";"Não";2;0;1;0;0;1;1;2;-12,021952;-49,199877;"SPRF-TO";"DEL02-TO";"UOP02-DEL01-TO"
127374;2018-04-12;"quinta-feira";"18:40:00";"RJ";393;104;"SAPUCAIA";"Defeito Mecânico no Veículo";"Colisão traseira";"Com Vítimas Fatais";"Plena Noite";"Decrescente";"Céu Claro";"Simples";"Rotatória";"Sim";4;2;1;0;1;0;1;3;-21,874243;-42,66758;"SPRF-RJ";"DEL06-RJ";"UOP01-DEL05-RJ"
127376;2018-04-12;"quinta-feira";"15:30:00";"RS";158;246,8;"JULIO DE CASTILHOS";"Falta de Atenção à Condução";"Colisão frontal";"Com Vítimas Feridas";"Pleno dia";"Crescente";"Céu Claro";"Simples";"Interseção de Vias";"Não";2;0;0;1;1;0;1;2;-29,08851327;-53,65088046;"SPRF-RS";"DEL10-RS";"UOP02-DEL10-RS"
127381;2018-04-12;"quinta-feira";"14:20:00";"MT";364;185;"PEDRA PRETA";"Falta de Atenção à Condução";"Colisão traseira";"Com Vítimas Feridas";"Pleno dia";"Decrescente";"Sol";"Simples";"Aclive";"Não";3;0;1;0;1;3;1;5;-16,578337;-54,531353;"SPRF-MT";"DEL02-MT";"UOP01-DEL02-MT"
127385;2018-04-12;"quinta-feira";"19:20:00";"MG";153;9,1;"ARAPORA";"Desobediência às normas de trânsito pelo condutor";"Colisão traseira";"Com Vítimas Feridas";"Plena Noite";"Decrescente";"Céu Claro";"Dupla";"Retorno Regulamentado";"Não";3;0;2;0;1;0;2;2;-18,49822434;-49,18898821;"SPRF-MG";"DEL15-MG";"UOP03-DEL15-MG"
127388;2018-04-12;"quinta-feira";"16:30:00";"PA";316;64;"CASTANHAL";"Falta de Atenção à Condução";"Colisão traseira";"Sem Vítimas";"Pleno dia";"Crescente";"Céu Claro";"Dupla";"Reta";"Sim";3;0;0;0;2;1;0;3;-1,29627612;-47,92180538;"SPRF-PA";"DEL01-PA";"UOP01-DEL01-PA"
127393;2018-04-12;"quinta-feira";"15:40:00";"GO";153;196;"URUACU";"Velocidade Incompatível";"Colisão traseira";"Com Vítimas Feridas";"Pleno dia";"Decrescente";"Céu Claro";"Simples";"Aclive";"Não";5;0;1;1;1;2;2;4;-14,479928;-49,154346;"SPRF-GO";"DEL07-GO";"UOP02-DEL07-GO"
127397;2018-02-21;"quarta-feira";"18:00:00";"PR";476;130;"CURITIBA";"Falta de Atenção à Condução";"Colisão transversal";"Com Vítimas Feridas";"Anoitecer";"Crescente";"Ignorado";"Dupla";"Curva";"Não";3;0;1;0;1;1;1;3;-25,54553912;-49,30217743;"SPRF-PR";"DEL01-PR";"UOP07-DEL01-PR"
127412;2018-04-12;"quinta-feira";"17:49:00";"PR";376;178;"MARINGA";"Falta de Atenção à Condução";"Colisão lateral";"Com Vítimas Feridas";"Pleno dia";"Crescente";"Céu Claro";"Múltipla";"Reta";"Sim";3;0;1;0;2;0;1;2;-23,417737;-51,917713;"SPRF-PR";"DEL07-PR";"UOP01-DEL09-PR"
127418;2018-04-12;"quinta-feira";"19:20:00";"MG";40;704,9;"BARBACENA";"Falta de Atenção à Condução";"Colisão traseira";"Com Vítimas Feridas";"Plena Noite";"Crescente";"Nublado";"Dupla";"Reta";"Não";2;0;0;1;1;0;1;2;-21,23917362;-43,72336087;"SPRF-MG";"DEL05-MG";"UOP02-DEL05-MG"
127425;2018-04-12;"quinta-feira";"19:10:00";"MS";0;0;"NOVA ALVORADA DO SUL";"Falta de Atenção à Condução";"Colisão com objeto estático";"Sem Vítimas";"Plena Noite";"Não Informado";"Céu Claro";"Dupla";"Viaduto";"Não";2;0;0;0;1;1;0;2;-21,52949767;-54,21888113;"SPRF-MS";"DEL02-MS";"UOP01-DEL02-MS"
127431;2018-04-13;"sexta-feira";"06:40:00";"BA";101;703,5;"EUNAPOLIS";"Velocidade Incompatível";"Capotamento";"Com Vítimas Fatais";"Amanhecer";"Decrescente";"Nublado";"Simples";"Curva;Declive";"Não";3;1;2;0;0;0;2;1;-16,2616;-39,5882;"SPRF-BA";"DEL09-BA";"UOP01-DEL09-BA"
127434;2018-04-12;"quinta-feira";"22:30:00";"BA";116;531,9;"ITATIM";"Condutor Dormindo";"Tombamento";"Sem Vítimas";"Plena Noite";"Crescente";"Garoa/Chuvisco";"Simples";"Reta;Declive";"Não";2;0;0;0;1;1;0;2;-12,74132128;-39,7875452;"SPRF-BA";"DEL03-BA";"UOP02-DEL03-BA"
127435;2018-04-13;"sexta-feira";"07:40:00";"PR";376;4,1;"MARINGA";"Falta de Atenção à Condução";"Colisão traseira";"Com Vítimas Feridas";"Pleno dia";"Decrescente";"Sol";"Dupla";"Curva";"Sim";3;0;1;0;2;0;1;2;-23,38073374;-51,96019652;"SPRF-PR";"DEL07-PR";"UOP01-DEL09-PR"
127440;2018-04-13;"sexta-feira";"07:30:00";"TO";153;173;"ARAGUAINA";"Carga excessiva e/ou mal acondicionada";"Colisão lateral";"Sem Vítimas";"Pleno dia";"Crescente";"Nublado";"Simples";"Reta";"Não";4;0;0;0;3;2;0;4;-7,419757;-48,361626;"SPRF-TO";"DEL02-TO";"UOP01-DEL02-TO"
127445;2018-04-13;"sexta-feira";"06:00:00";"MT";364;605;"DIAMANTINO";"Velocidade Incompatível";"Tombamento";"Com Vítimas Feridas";"Pleno dia";"Decrescente";"Céu Claro";"Simples";"Curva";"Não";3;0;1;0;1;3;1;5;-14,472566;-56,242756;"SPRF-MT";"DEL01-MT";"UOP01-DEL01-MT"
127449;2018-04-13;"sexta-feira";"09:08:00";"MG";381;911,7;"CAMANDUCAIA";"Falta de Atenção à Condução";"Colisão traseira";"Com Vítimas Feridas";"Pleno dia";"Decrescente";"Sol";"Dupla";"Reta";"Não";3;0;1;0;1;3;1;5;-22,7059;-46,12;"SPRF-MG";"DEL16-MG";"UOP03-DEL16-MG"
127459;2018-04-13;"sexta-feira";"08:02:00";"AL";101;149,8;"SAO MIGUEL DOS CAMPOS";"Defeito Mecânico no Veículo";"Saída de leito carroçável";"Com Vítimas Feridas";"Pleno dia";"Crescente";"Chuva";"Simples";"Curva";"Não";2;0;1;0;0;1;1;2;-9,809752;-36,11702;"SPRF-AL";"DEL02-AL";"UOP01-DEL02-AL"
127462;2018-04-13;"sexta-feira";"10:00:00";"PI";343;640;"JERUMENHA";"Falta de Atenção à Condução";"Saída de leito carroçável";"Com Vítimas Feridas";"Pleno dia";"Decrescente";"Céu Claro";"Simples";"Reta";"Não";1;0;1;0;0;0;1;1;-7,008149;-43,337887;"SPRF-PI";"DEL03-PI";"UOP01-DEL03-PI"
127465;2018-04-13;"sexta-feira";"09:40:00";"PR";369;517,4;"CASCAVEL";"Não guardar distância de segurança";"Colisão lateral";"Com Vítimas Feridas";"Pleno dia";"Decrescente";"Céu Claro";"Simples";"Curva";"Não";6;0;1;3;1;1;4;3;-24,9042;-53,3706;"SPRF-PR";"DEL04-PR";"UOP01-DEL04-PR"
127466;2018-04-13;"sexta-feira";"09:40:00";"PE";428;141,5;"PETROLINA";"Desobediência às normas de trânsito pelo condutor";"Colisão lateral";"Sem Vítimas";"Pleno dia";"Crescente";"Nublado";"Simples";"Reta";"Não";3;0;0;0;2;1;0;3;-8,999874;-40,272125;"SPRF-PE";"DEL06-PE";"UOP01-DEL06-PE"
127470;2018-04-12;"quinta-feira";"19:30:00";"BA";242;208,6;"ITABERABA";"Falta de Atenção do Pedestre";"Atropelamento de Pedestre";"Com Vítimas Fatais";"Plena Noite";"Decrescente";"Garoa/Chuvisco";"Simples";"Reta";"Não";2;1;0;0;0;1;0;2;-12,51652531;-40,3312397;"SPRF-BA";"DEL06-BA";"UOP02-DEL06-BA"
127475;2018-04-13;"sexta-feira";"09:10:00";"GO";153;524,6;"HIDROLANDIA";"Defeito Mecânico no Veículo";"Incêndio";"Sem Vítimas";"Pleno dia";"Crescente";"Céu Claro";"Dupla";"Reta";"Não";2;0;0;0;1;1;0;2;-16,92479304;-49,25308228;"SPRF-GO";"DEL01-GO";"UOP03-DEL01-GO"
127479;2018-04-12;"quinta-feira";"19:00:00";"BA";116;644;"JAGUAQUARA";"Ultrapassagem Indevida";"Colisão lateral";"Com Vítimas Feridas";"Plena Noite";"Crescente";"Chuva";"Múltipla";"Curva";"Não";4;0;0;1;2;1;1;4;-13,61431181;-40,09200511;"SPRF-BA";"DEL03-BA";"UOP01-DEL03-BA"
127481;2018-04-13;"sexta-feira";"10:40:00";"AL";104;22,1;"UNIAO DOS PALMARES";"Velocidade Incompatível";"Colisão frontal";"Com Vítimas Feridas";"Pleno dia";"Decrescente";"Chuva";"Simples";"Curva";"Não";4;0;1;2;1;0;3;2;-9,07498272;-36,03658343;"SPRF-AL";"DEL01-AL";"UOP02-DEL01-AL"
127482;2018-04-13;"sexta-feira";"11:15:00";"PR";376;430,7;"TIBAGI";"Falta de Atenção à Condução";"Colisão transversal";"Com Vítimas Feridas";"Pleno dia";"Decrescente";"Céu Claro";"Simples";"Reta";"Não";3;0;0;2;0;1;2;3;-24,74535027;-50,53739905;"SPRF-PR";"DEL03-PR";"UOP02-DEL03-PR"
127485;2018-02-23;"sexta-feira";"22:15:00";"SC";101;205,9;"SAO JOSE";"Falta de Atenção à Condução";"Colisão lateral";"Sem Vítimas";"Plena Noite";"Decrescente";"Nublado";"Dupla";"Reta";"Sim";4;0;0;0;3;2;0;5;-27,59101508;-48,61777103;"SPRF-SC";"DEL01-SC";"UOP01-DEL01-SC"
127488;2018-04-12;"quinta-feira";"17:30:00";"RS";392;254,4;"CACAPAVA DO SUL";"Velocidade Incompatível";"Tombamento";"Sem Vítimas";"Pleno dia";"Decrescente";"Chuva";"Simples";"Declive;Curva";"Não";2;0;0;0;1;1;0;2;-30,51838733;-53,45691919;"SPRF-RS";"DEL09-RS";"UOP02-DEL09-RS"
127490;2018-04-13;"sexta-feira";"05:00:00";"PE";101;92;"CABO DE SANTO AGOSTINHO";"Falta de Atenção à Condução";"Saída de leito carroçável";"Com Vítimas Feridas";"Pleno dia";"Decrescente";"Nublado";"Dupla";"Reta";"Sim";2;0;1;0;0;1;1;2;-8,2379;-35,0024;"SPRF-PE";"DEL01-PE";"UOP03-DEL01-PE"
127491;2018-04-12;"quinta-feira";"21:40:00";"PR";277;365,8;"GUARAPUAVA";"Falta de Atenção à Condução";"Saída de leito carroçável";"Com Vítimas Feridas";"Plena Noite";"Crescente";"Nublado";"Simples";"Reta";"Não";1;0;1;0;0;0;1;1;-25,42746;-51,65998;"SPRF-PR";"DEL03-PR";"UOP01-DEL08-PR"
127498;2018-04-13;"sexta-feira";"12:00:00";"GO";452;141,8;"BOM JESUS DE GOIAS";"Mal Súbito";"Colisão frontal";"Com Vítimas Fatais";"Pleno dia";"Decrescente";"Céu Claro";"Simples";"Reta";"Não";3;2;0;0;0;4;0;6;-18,253103;-49,6862466;"SPRF-GO";"DEL03-GO";"UOP02-DEL03-GO"