"id";"data_inversa";"dia_semana";"horario";"uf";"br";"km";"municipio";"causa_acidente";"tipo_acidente";"classificacao_acidente";"fase_dia";"sentido_via";"condicao_metereologica";"tipo_pista";"tracado_via";"uso_solo";"pessoas";"mortos";"feridos_leves";"feridos_graves";"ilesos";"ignorados";"feridos";"veiculos";"latitude";"longitude";"regional";"delegacia";"uop"
127511;2018-04-13;"sexta-feira";"03:45:00";"SP";116;409;"JUQUIA";"Condutor Dormindo";"Saída de leito carroçável";"Com Vítimas Feridas";"Plena Noite";"Decrescente";"Nevoeiro/Neblina";"Dupla";"Reta";"Não";2;0;1;0;0;1;1;2;-24,33051894;-47,62412979;"SPRF-SP";"DEL05-SP";"UOP01-DEL05-SP"
127513;2018-04-13;"sexta-feira";"13:32:00";"RS";116;150;"CAXIAS DO SUL";"Não guardar distância de segurança";"Colisão traseira";"Sem Vítimas";"Pleno dia";"Decrescente";"Chuva";"Dupla";"Reta";"Sim";4;0;0;0;3;1;0;4;-29,168428;-51,158337;"SPRF-RS";"DEL05-RS";"UOP01-DEL05-RS"
127517;2018-04-13;"sexta-feira";"02:45:00";"SP";116;451,2;"REGISTRO";"Animais na Pista";"Atropelamento de Animal";"Com Vítimas Feridas";"Plena Noite";"Crescente";"Nevoeiro/Neblina";"Dupla";"Reta";"Não";1;0;1;0;0;0;1;1;-24,55067546;-47,86369801;"SPRF-SP";"DEL05-SP";"UOP01-DEL05-SP"
127522;2018-04-13;"sexta-feira";"09:25:00";"MA";10;146,3;"PORTO FRANCO";"Defeito na Via";"Saída de leito carroçável";"Com Vítimas Feridas";"Pleno dia";"Crescente";"Nublado";"Simples";"Reta";"Não";2;0;1;0;0;2;1;3;-6,442968;-47,396965;"SPRF-MA";"DEL04-MA";"UOP02-DEL04-MA"
127525;2018-04-13;"sexta-feira";"14:15:00";"PR";376;232,3;"APUCARANA";"Não guardar distância de segurança";"Colisão lateral";"Com Vítimas Feridas";"Pleno dia";"Crescente";"Céu Claro";"Dupla";"Declive;Reta";"Não";3;0;1;0;2;0;1;3;-23,568236;-51,514405;"SPRF-PR";"DEL07-PR";"UOP03-DEL07-PR"
127527;2018-04-13;"sexta-feira";"13:43:00";"MG";381;437,2;"SABARA";"Condutor Dormindo";"Colisão frontal";"Com Vítimas Feridas";"Pleno dia";"Crescente";"Céu Claro";"Simples";"Reta";"Sim";3;0;2;0;0;1;2;3;-19,78562358;-43,72413754;"SPRF-MG";"DEL01-MG";"UOP01-DEL01-MG"
127528;2018-03-29;"quinta-feira";"06:00:00";"PR";153;114,4;"IBAITI";"Falta de Atenção à Condução";"Derramamento de carga";"Sem Vítimas";"Pleno dia";"Decrescente";"Céu Claro";"Simples";"Reta";"Não";2;0;0;0;1;2;0;3;-23,890615;-50,201808;"SPRF-PR";"DEL07-PR";"DEL7/7-UOP08/PR"
127534;2018-04-12;"quinta-feira";"20:45:00";"MG";251;361,9;"PADRE CARVALHO";"Defeito Mecânico no Veículo";"Incêndio";"Sem Vítimas";"Plena Noite";"Crescente";"Nublado";"Simples";"Curva";"Não";2;0;0;0;1;1;0;2;-16,2692;-42,6026;"SPRF-MG";"DEL12-MG";"UOP01-DEL12-MG"
127535;2018-04-13;"sexta-feira";"13:20:00";"MS";163;488,2;"CAMPO GRANDE";"Não guardar distância de segurança";"Saída de leito carroçável";"Com Vítimas Feridas";"Pleno dia";"Crescente";"Céu Claro";"Simples";"Reta;Declive";"Sim";3;0;1;0;1;1;1;3;-20,429964;-54,544442;"SPRF-MS";"DEL01-MS";"UOP02-DEL01-MS"
127539;2018-04-13;"sexta-feira";"14:15:00";"RS";158;321,9;"SANTA MARIA";"Falta de Atenção do Pedestre";"Atropelamento de Pedestre";"Com Vítimas Feridas";"Pleno dia";"Crescente";"Chuva";"Simples";"Rotatória";"Sim";3;0;1;0;1;1;1;3;-29,69499629;-53,77520621;"SPRF-RS";"DEL09-RS";"UOP01-DEL09-RS"
127541;2018-04-13;"sexta-feira";"14:00:00";"CE";116;14,8;"FORTALEZA";"Falta de Atenção à Condução";"Colisão com objeto estático";"Com Vítimas Feridas";"Pleno dia";"Decrescente";"Céu Claro";"Dupla";"Reta";"Sim";2;0;1;0;0;1;1;2;-3,882;-38,501;"SPRF-CE";"DEL01-CE";"UOP02-DEL01-CE"
127545;2018-04-13;"sexta-feira";"14:45:00";"SP";116;223;"GUARULHOS";"Não guardar distância de segurança";"Colisão lateral";"Com Vítimas Feridas";"Pleno dia";"Decrescente";"Céu Claro";"Múltipla";"Reta";"Sim";2;0;1;0;1;0;1;2;-23,4763155;-46,52576923;"SPRF-SP";"DEL01-SP";"UOP01-DEL01-SP"
127546;2018-04-13;"sexta-feira";"13:00:00";"PR";376;307,1;"MAUA DA SERRA";"Velocidade Incompatível";"Tombamento";"Com Vítimas Feridas";"Pleno dia";"Crescente";"Céu Claro";"Dupla";"Declive;Curva";"Não";2;0;1;0;0;2;1;3;-23,95110647;-51,11775566;"SPRF-PR";"DEL07-PR";"UOP02-DEL07-PR"
127553;2018-04-13;"sexta-feira";"15:15:00";"CE";116;62,4;"CHOROZINHO";"Não guardar distância de segurança";"Colisão frontal";"Com Vítimas Feridas";"Pleno dia";"Decrescente";"Céu Claro";"Simples";"Reta";"Não";3;0;1;0;2;0;1;2;-4,28778407;-38,49613667;"SPRF-CE";"DEL03-CE";"UOP02-DEL03-CE"
127556;2018-01-10;"quarta-feira";"04:15:00";"SP";116;376,9;"MIRACATU";"Falta de Atenção à Condução";"Colisão traseira";"Sem Vítimas";"Plena Noite";"Decrescente";"Nublado";"Dupla";"Reta";"Não";3;0;0;0;2;1;0;3;-24,281868;-47,46013;"SPRF-SP";"DEL04-SP";"UOP02-DEL04-SP"
127557;2018-04-13;"sexta-feira";"14:35:00";"MA";135;5,8;"SAO LUIS";"Falta de Atenção à Condução";"Colisão transversal";"Sem Vítimas";"Pleno dia";"Crescente";"Nublado";"Dupla";"Reta";"Sim";3;0;0;0;2;2;0;4;-2,621546;-44,258041;"SPRF-MA";"DEL01-MA";"UOP01-DEL01-MA"
127561;2018-04-13;"sexta-feira";"15:40:00";"SP";116;357;"MIRACATU";"Defeito Mecânico no Veículo";"Colisão traseira";"Com Vítimas Feridas";"Pleno dia";"Crescente";"Céu Claro";"Dupla";"Túnel";"Não";3;0;1;0;1;1;1;3;-24,15614193;-47,32552886;"SPRF-SP";"DEL04-SP";"UOP03-DEL04-SP"
127563;2018-04-13;"sexta-feira";"08:26:00";"SC";101;208,3;"SAO JOSE";"Falta de Atenção à Condução";"Colisão lateral";"Sem Vítimas";"Pleno dia";"Decrescente";"Céu Claro";"Múltipla";"Reta";"Sim";2;0;0;0;2;0;0;2;-27,607;-48,635;"SPRF-SC";"DEL01-SC";"UOP01-DEL01-SC"
127565;2018-04-13;"sexta-feira";"15:45:00";"SC";470;56;"BLUMENAU";"Falta de Atenção à Condução";"Colisão transversal";"Com Vítimas Feridas";"Pleno dia";"Crescente";"Sol";"Simples";"Curva";"Não";3;0;2;0;1;0;2;2;-26,87104;-49,111069;"SPRF-SC";"DEL04-SC";"UOP01-DEL04-SC"
127567;2018-02-23;"sexta-feira";"17:15:00";"SC";101;208,9;"SAO JOSE";"Falta de Atenção à Condução";"Colisão lateral";"Com Vítimas Feridas";"Pleno dia";"Decrescente";"Céu Claro";"Dupla";"Reta";"Sim";3;0;0;2;1;0;2;3;-27,61035314;-48,63914609;"SPRF-SC";"DEL01-SC";"UOP01-DEL01-SC"
127570;2018-04-13;"sexta-feira";"15:30:00";"BA";101;729,8;"EUNAPOLIS";"Velocidade Incompatível";"Tombamento";"Sem Vítimas";"Pleno dia";"Crescente";"Céu Claro";"Simples";"Declive;Curva";"Não";8;0;0;0;7;4;0;11;-16,4568;-39,5726;"SPRF-BA";"DEL09-BA";"UOP01-DEL09-BA"
127577;2018-04-13;"sexta-feira";"13:20:00";"BA";242;378;"SEABRA";"Falta de Atenção à Condução";"Tombamento";"Com Vítimas Feridas";"Pleno dia";"Decrescente";"Nublado";"Simples";"Curva";"Não";2;0;1;0;0;2;1;3;-12,48853767;-41,72985077;"SPRF-BA";"DEL10-BA";"UOP03-DEL06-BA"
127581;2018-04-13;"sexta-feira";"09:00:00";"MG";262;510,5;"LUZ";"Falta de Atenção à Condução";"Colisão frontal";"Com Vítimas Fatais";"Pleno dia";"Decrescente";"Céu Claro";"Simples";"Reta";"Não";6;2;0;2;1;2;2;6;-19,78996457;-45,6155777;"SPRF-MG";"DEL08-MG";"UOP03-DEL08-MG"
127585;2018-03-20;"terça-feira";"19:50:00";"MT";163;532;"DIAMANTINO";"Pista Escorregadia";"Colisão transversal";"Com Vítimas Fatais";"Plena Noite";"Crescente";"Chuva";"Simples";"Reta";"Não";3;1;0;0;1;4;0;6;-14,25240421;-56,14082336;"SPRF-MT";"DEL01-MT";"UOP01-DEL01-MT"
127588;2018-04-13;"sexta-feira";"16:40:00";"RS";468;3,9;"PALMEIRA DAS MISSOES";"Desobediência às normas de trânsito pelo condutor";"Colisão transversal";"Com Vítimas Feridas";"Pleno dia";"Decrescente";"Céu Claro";"Simples";"Interseção de Vias";"Não";4;0;2;0;2;0;2;2;-27,86666885;-53,33248079;"SPRF-RS";"DEL08-RS";"UOP01-DEL08-RS"
127594;2018-04-13;"sexta-feira";"17:15:00";"RJ";116;298,6;"RESENDE";"Falta de Atenção à Condução";"Colisão traseira";"Com Vítimas Feridas";"Pleno dia";"Crescente";"Céu Claro";"Dupla";"Reta";"Sim";3;0;2;0;1;0;2;2;-22,450125;-44,330193;"SPRF-RJ";"DEL07-RJ";"DEL5/7-UOP03/RJ"
127601;2018-04-13;"sexta-feira";"16:45:00";"MG";262;802,7;"UBERABA";"Velocidade Incompatível";"Colisão traseira";"Com Vítimas Fatais";"Anoitecer";"Crescente";"Chuva";"Dupla";"Aclive";"Sim";4;1;1;0;1;1;1;3;-19,771314;-47,910497;"SPRF-MG";"DEL13-MG";"UOP01-DEL13-MG"
127602;2018-04-13;"sexta-feira";"16:00:00";"RN";304;196,3;"LAJES";"Fenômenos da Natureza";"Colisão frontal";"Com Vítimas Feridas";"Pleno dia";"Crescente";"Chuva";"Simples";"Curva";"Não";5;0;3;1;0;1;4;4;-5,712302;-36,195572;"SPRF-RN";"DEL01-RN";"UOP03-DEL01-RN"
127612;2018-04-13;"sexta-feira";"18:15:00";"MG";381;481;"CONTAGEM";"Não guardar distância de segurança";"Colisão lateral";"Com Vítimas Feridas";"Plena Noite";"Decrescente";"Céu Claro";"Dupla";"Reta";"Sim";4;0;1;0;1;3;1;5;-19,959;-44,0704;"SPRF-MG";"DEL01-MG";"UOP03-DEL01-MG"
127620;2018-04-13;"sexta-feira";"19:00:00";"BA";324;445;"RIACHAO DO JACUIPE";"Ultrapassagem Indevida";"Colisão lateral";"Com Vítimas Feridas";"Plena Noite";"Decrescente";"Céu Claro";"Simples";"Reta";"Não";5;0;3;1;0;1;4;3;-11,81363008;-39,38321829;"SPRF-BA";"DEL02-BA";"UOP01-DEL02-BA"
127631;2018-04-13;"sexta-feira";"19:35:00";"PR";277;36;"MORRETES";"Falta de Atenção à Condução";"Colisão traseira";"Com Vítimas Feridas";"Plena Noite";"Decrescente";"Nublado";"Dupla";"Reta";"Não";3;0;1;0;1;1;1;3;-25,58146595;-48,8671875;"SPRF-PR";"DEL01-PR";"UOP05-DEL01-PR"
127632;2018-04-13;"sexta-feira";"16:15:00";"RJ";40;82;"PETROPOLIS";"Falta de Atenção à Condução";"Colisão lateral";"Sem Vítimas";"Pleno dia";"Decrescente";"Céu Claro";"Simples";"Reta";"Não";3;0;0;0;2;1;0;3;-22,53707522;-43,22236061;"SPRF-RJ";"DEL06-RJ";"UOP01-DEL06-RJ"
127637;2018-04-13;"sexta-feira";"19:50:00";"SC";470;70;"INDAIAL";"Falta de Atenção à Condução";"Colisão transversal";"Com Vítimas Feridas";"Plena Noite";"Crescente";"Céu Claro";"Simples";"Retorno Regulamentado";"Sim";2;0;0;1;0;1;1;2;-26,88005745;-49,24262166;"SPRF-SC";"DEL04-SC";"UOP01-DEL04-SC"
127641;2018-04-13;"sexta-feira";"18:00:00";"MT";364;461;"VARZEA GRANDE";"Ultrapassagem Indevida";"Colisão frontal";"Com Vítimas Feridas";"Anoitecer";"Decrescente";"Céu Claro";"Simples";"Reta";"Não";4;0;0;1;0;3;1;3;-15,518422;-56,272984;"SPRF-MT";"DEL01-MT";"DEL2/4-UOP02/MT"
127645;2018-04-13;"sexta-feira";"20:30:00";"MG";381;685,2;"RIBEIRAO VERMELHO";"Não guardar distância de segurança";"Colisão traseira";"Com Vítimas Feridas";"Plena Noite";"Crescente";"Céu Claro";"Dupla";"Curva";"Não";3;0;1;0;2;0;1;2;-21,1716;-45,1264;"SPRF-MG";"DEL04-MG";"UOP02-DEL04-MG"
127649;2018-04-13;"sexta-feira";"20:30:00";"RS";386;331,8;"MARQUES DE SOUZA";"Falta de Atenção à Condução";"Colisão lateral";"Com Vítimas Fatais";"Plena Noite";"Crescente";"Garoa/Chuvisco";"Simples";"Reta";"Não";7;1;2;2;1;1;4;3;-29,37383565;-52,05981016;"SPRF-RS";"DEL04-RS";"UOP01-DEL04-RS"
127651;2018-04-13;"sexta-feira";"19:35:00";"PR";116;111;"CURITIBA";"Falta de Atenção à Condução";"Colisão traseira";"Com Vítimas Feridas";"Plena Noite";"Crescente";"Céu Claro";"Dupla";"Reta";"Sim";6;0;1;1;3;1;2;6;-25,569897;-49,187782;"SPRF-PR";"DEL01-PR";"UOP01-DEL01-PR"
127660;2018-04-13;"sexta-feira";"16:40:00";"MT";364;151,6;"PEDRA PRETA";"Falta de Atenção à Condução";"Tombamento";"Com Vítimas Feridas";"Pleno dia";"Crescente";"Céu Claro";"Simples";"Reta";"Não";3;0;2;0;0;2;2;3;-16,788549;-54,216064;"SPRF-MT";"DEL02-MT";"UOP01-DEL02-MT"
127662;2018-04-13;"sexta-feira";"19:45:00";"MG";50;135,9;"UBERABA";"Velocidade Incompatível";"Saída de leito carroçável";"Sem Vítimas";"Plena Noite";"Decrescente";"Chuva";"Dupla";"Reta";"Não";1;0;0;0;1;0;0;1;-19,4428;-48,0639;"SPRF-MG";"DEL13-MG";"UOP01-DEL13-MG"
127663;2018-04-13;"sexta-feira";"18:10:00";"PB";101;120,7;"CAAPORA";"Condutor Dormindo";"Colisão com objeto estático";"Sem Vítimas";"Plena Noite";"Decrescente";"Nublado";"Múltipla";"Curva";"Não";1;0;0;0;1;0;0;1;-7,4377837;-34,97672439;"SPRF-PB";"DEL01-PB";"UOP01-DEL01-PB"
127668;2018-04-13;"sexta-feira";"22:50:00";"GO";60;101;"ANAPOLIS";"Falta de Atenção à Condução";"Saída de leito carroçável";"Com Vítimas Feridas";"Plena Noite";"Decrescente";"Céu Claro";"Dupla";"Reta";"Sim";3;0;1;0;1;1;1;3;-16,4022;-48,9745;"SPRF-GO";"DEL02-GO";"UOP01-DEL02-GO"
127683;2018-04-13;"sexta-feira";"23:50:00";"RJ";116;93;"GUAPIMIRIM";"Defeito Mecânico no Veículo";"Incêndio";"Sem Vítimas";"Plena Noite";"Crescente";"Nevoeiro/Neblina";"Simples";"Curva";"Não";1;0;0;0;1;0;0;1;-22,464163;-42,992157;"SPRF-RJ";"DEL04-RJ";"UOP02-DEL04-RJ"
127690;2018-04-13;"sexta-feira";"20:00:00";"SC";282;106,4;"ALFREDO WAGNER";"Defeito na Via";"Tombamento";"Com Vítimas Feridas";"Plena Noite";"Decrescente";"Céu Claro";"Simples";"Reta";"Não";2;0;1;0;0;1;1;2;-27,697609;-49,344734;"SPRF-SC";"DEL01-SC";"UOP03-DEL01-SC"
127691;2018-04-14;"sábado";"03:05:00";"RJ";116;177;"NOVA IGUACU";"Ingestão de Álcool";"Colisão lateral";"Sem Vítimas";"Plena Noite";"Crescente";"Céu Claro";"Dupla";"Reta";"Sim";4;0;0;0;4;0;0;4;-22,780552;-43,392086;"SPRF-RJ";"DEL01-RJ";"UOP02-DEL01-RJ"
127702;2018-04-14;"sábado";"03:40:00";"SC";282;507,6;"XANXERE";"Condutor Dormindo";"Saída de leito carroçável";"Com Vítimas Feridas";"Plena Noite";"Crescente";"Céu Claro";"Simples";"Curva";"Não";2;0;1;0;0;2;1;3;-26,886171;-52,43911;"SPRF-SC";"DEL07-SC";"UOP01-DEL07-SC"
127719;2018-04-14;"sábado";"07:10:00";"RJ";393;161,9;"TRES RIOS";"Falta de Atenção à Condução";"Saída de leito carroçável";"Com Vítimas Feridas";"Pleno dia";"Crescente";"Céu Claro";"Simples";"Curva";"Não";2;0;1;0;0;1;1;2;-22,127502;-43,147022;"SPRF-RJ";"DEL06-RJ";"UOP01-DEL05-RJ"
127727;2018-04-14;"sábado";"07:30:00";"RN";304;268,5;"IELMO MARINHO";"Defeito Mecânico no Veículo";"Saída de leito carroçável";"Com Vítimas Fatais";"Pleno dia";"Crescente";"Céu Claro";"Simples";"Curva";"Não";3;1;0;0;0;2;0;3;-5,867916;-35,593094;"SPRF-RN";"DEL01-RN";"UOP02-DEL01-RN"
127743;2018-04-12;"quinta-feira";"23:06:00";"SP";116;220;"GUARULHOS";"Falta de Atenção à Condução";"Colisão lateral";"Sem Vítimas";"Plena Noite";"Crescente";"Céu Claro";"Múltipla";"Reta";"Sim";4;0;0;0;3;1;0;4;-23,46658948;-46,50441254;"SPRF-SP";"DEL01-SP";"UOP01-DEL01-SP"
127747;2018-04-14;"sábado";"07:45:00";"PR";376;526,7;"PONTA GROSSA";"Velocidade Incompatível";"Colisão traseira";"Com Vítimas Feridas";"Pleno dia";"Crescente";"Sol";"Dupla";"Reta";"Não";6;0;1;0;4;1;1;5;-25,27399902;-49,92845714;"SPRF-PR";"DEL03-PR";"UOP04-DEL03-PR"
127751;2018-04-14;"sábado";"08:20:00";"MT";163;783;"SORRISO";"Falta de Atenção à Condução";"Saída de leito carroçável";"Com Vítimas Feridas";"Pleno dia";"Decrescente";"Nublado";"Simples";"Reta";"Não";2;0;2;0;0;0;2;1;-12,33731869;-55,59356689;"SPRF-MT";"DEL06-MT";"UOP01-DEL06-MT"
127754;2018-04-14;"sábado";"08:30:00";"RJ";101;61;"CAMPOS DOS GOYTACAZES";"Defeito Mecânico no Veículo";"Colisão com objeto em movimento";"Com Vítimas Feridas";"Pleno dia";"Crescente";"Céu Claro";"Simples";"Reta";"Não";3;0;1;0;1;1;1;3;-21,726534;-41,32132;"SPRF-RJ";"DEL08-RJ";"UOP01-DEL08-RJ"
127757;2018-04-14;"sábado";"10:00:00";"PR";376;175;"MARINGA";"Desobediência às normas de trânsito pelo condutor";"Colisão transversal";"Com Vítimas Feridas";"Pleno dia";"Decrescente";"Sol";"Dupla";"Reta;Declive;Retorno Regulamentado";"Sim";2;0;0;1;1;0;1;2;-23,4146537;-51,95036975;"SPRF-PR";"DEL07-PR";"UOP01-DEL09-PR"
127758;2018-04-14;"sábado";"07:30:00";"PR";116;18,5;"ANTONINA";"Velocidade Incompatível";"Colisão com objeto estático";"Sem Vítimas";"Pleno dia";"Decrescente";"Chuva";"Dupla";"Curva";"Não";1;0;0;0;1;0;0;1;-25,105368;-48,716076;"SPRF-PR";"DEL01-PR";"UOP02-DEL01-PR"
127759;2018-04-14;"sábado";"10:25:00";"BA";242;786;"BARREIRAS";"Falta de Atenção à Condução";"Colisão transversal";"Sem Vítimas";"Pleno dia";"Crescente";"Céu Claro";"Simples";"Reta";"Sim";3;0;0;0;2;2;0;4;-12,137304;-44,921067;"SPRF-BA";"DEL10-BA";"UOP01-DEL10-BA"
127761;2018-04-14;"sábado";"10:19:00";"SC";153;71,8;"IRANI";"Falta de Atenção à Condução";"Colisão traseira";"Com Vítimas Feridas";"Pleno dia";"Crescente";"Céu Claro";"Simples";"Curva";"Não";2;0;0;1;1;0;1;2;-27,05794;-51,890205;"SPRF-SC";"DEL07-SC";"UOP04-DEL07-SC"
127765;2018-04-14;"sábado";"00:45:00";"RO";364;849;"PORTO VELHO";"Condutor Dormindo";"Colisão frontal";"Com Vítimas Feridas";"Plena Noite";"Crescente";"Nublado";"Simples";"Reta";"Não";6;0;1;0;5;0;1;2;-9,45346444;-64,74014103;"SPRF-RO";"DEL01-RO";"UOP02-DEL01-RO"
127767;2018-04-14;"sábado";"09:55:00";"RO";319;63,4;"PORTO VELHO";"Ingestão de Álcool";"Colisão transversal";"Com Vítimas Feridas";"Pleno dia";"Decrescente";"Sol";"Dupla";"Reta";"Sim";6;0;1;1;4;0;2;2;-8,76098729;-63,88530493;"SPRF-RO";"DEL01-RO";"UOP01-DEL01-RO"
127769;2018-04-14;"sábado";"10:50:00";"BA";116;508;"SANTA TERESINHA";"Pista Escorregadia";"Colisão lateral";"Com Vítimas Feridas";"Pleno dia";"Crescente";"Chuva";"Múltipla";"Reta";"Não";4;0;1;0;2;1;1;3;-12,6525;-39,6122;"SPRF-BA";"DEL03-BA";"UOP02-DEL03-BA"
127773;2018-04-14;"sábado";"11:10:00";"SP";116;279;"EMBU DAS ARTES";"Falta de Atenção à Condução";"Colisão lateral";"Com Vítimas Feridas";"Pleno dia";"Crescente";"Céu Claro";"Dupla";"Reta";"Sim";3;0;1;0;1;1;1;3;-23,64217033;-46,83802128;"SPRF-SP";"DEL04-SP";"UOP01-DEL04-SP"
127783;2018-04-14;"sábado";"09:50:00";"MG";116;407,9;"GOVERNADOR VALADARES";"Não guardar distância de segurança";"Colisão traseira";"Com Vítimas Feridas";"Pleno dia";"Crescente";"Céu Claro";"Simples";"Reta";"Sim";3;0;2;0;1;0;2;2;-18,83223593;-41,98934913;"SPRF-MG";"DEL06-MG";"UOP01-DEL06-MG"
127785;2018-04-14;"sábado";"10:30:00";"MG";116;681,5;"MIRADOURO";"Defeito Mecânico no Veículo";"Incêndio";"Sem Vítimas";"Pleno dia";"Decrescente";"Sol";"Simples";"Reta";"Não";2;0;0;0;1;1;0;2;-20,95603155;-42,35025432;"SPRF-MG";"DEL07-MG";"UOP02-DEL07-MG"
127787;2018-04-14;"sábado";"12:50:00";"MG";381;345;"BELA VISTA DE MINAS";"Velocidade Incompatível";"Tombamento";"Com Vítimas Feridas";"Pleno dia";"Decrescente";"Céu Claro";"Simples";"Curva";"Não";2;0;1;0;0;1;1;2;-19,7784;-43,0437;"SPRF-MG";"DEL03-MG";"UOP01-DEL03-MG"
127793;2018-04-14;"sábado";"12:49:00";"PR";376;112;"PARANAVAI";"Desobediência às normas de trânsito pelo condutor";"Colisão lateral";"Com Vítimas Feridas";"Pleno dia";"Crescente";"Céu Claro";"Simples";"Reta";"Não";4;0;1;0;2;2;1;4;-23,093431;-52,384197;"SPRF-PR";"DEL07-PR";"UOP02-DEL09-PR"
127794;2018-04-14;"sábado";"13:00:00";"MG";153;37;"CANAPOLIS";"Mal Súbito";"Colisão traseira";"Com Vítimas Feridas";"Pleno dia";"Crescente";"Céu Claro";"Dupla";"Reta";"Não";3;0;0;1;1;2;1;4;-18,73159509;-49,1094017;"SPRF-MG";"DEL15-MG";"UOP03-DEL15-MG"
127799;2018-04-14;"sábado";"10:00:00";"BA";101;759;"ITABELA";"Desobediência às normas de trânsito pelo condutor";"Colisão transversal";"Sem Vítimas";"Pleno dia";"Decrescente";"Chuva";"Simples";"Reta";"Não";2;0;0;0;1;1;0;2;-16,6681;-39,5044;"SPRF-BA";"DEL09-BA";"UOP01-DEL09-BA"
127802;2018-04-14;"sábado";"12:45:00";"MT";174;80,8;"CACERES";"Velocidade Incompatível";"Colisão frontal";"Com Vítimas Feridas";"Pleno dia";"Crescente";"Chuva";"Simples";"Reta";"Não";3;0;0;1;1;2;1;4;-15,982719;-57,75857;"SPRF-MT";"DEL03-MT";"UOP01-DEL03-MT"
127803;2018-04-14;"sábado";"13:00:00";"MG";50;103,9;"UBERABA";"Falta de Atenção à Condução";"Colisão traseira";"Com Vítimas Feridas";"Pleno dia";"Crescente";"Céu Claro";"Dupla";"Reta";"Não";4;0;0;2;1;2;2;4;-19,1818;-48,1571;"SPRF-MG";"DEL13-MG";"UOP01-DEL13-MG"
127804;2018-04-14;"sábado";"12:55:00";"ES";101;321,3;"GUARAPARI";"Falta de Atenção à Condução";"Colisão transversal";"Com Vítimas Feridas";"Pleno dia";"Crescente";"Sol";"Simples";"Reta";"Não";3;0;0;1;1;1;1;3;-20,52329162;-40,47897846;"SPRF-ES";"DEL03-ES";"UOP01-DEL03-ES"
127806;2018-04-14;"sábado";"14:00:00";"SP";116;504;"CAJATI";"Velocidade Incompatível";"Colisão com objeto estático";"Com Vítimas Feridas";"Pleno dia";"Decrescente";"Garoa/Chuvisco";"Dupla";"Curva;Declive";"Não";3;0;2;0;0;1;2;2;-24,796965;-48,208924;"SPRF-SP";"DEL05-SP";"UAP01-DEL05-SP"
127810;2018-04-14;"sábado";"13:45:00";"RS";116;422,8;"CRISTAL";"Falta de Atenção à Condução";"Saída de leito carroçável";"Sem Vítimas";"Pleno dia";"Decrescente";"Céu Claro";"Simples";"Reta";"Não";2;0;0;0;1;1;0;2;-30,976444;-52,009829;"SPRF-RS";"DEL02-RS";"UOP03-DEL02-RS"
127813;2018-03-01;"quinta-feira";"16:30:00";"AL";101;47,4;"FLEXEIRAS";"Pista Escorregadia";"Colisão frontal";"Com Vítimas Fatais";"Pleno dia";"Crescente";"Chuva";"Simples";"Aclive;Curva";"Não";5;3;0;0;1;1;0;3;-9,214156;-35,775002;"SPRF-AL";"DEL01-AL";"UOP01-DEL01-AL"
127814;2018-04-14;"sábado";"13:00:00";"TO";153;196;"NOVA OLINDA";"Ingestão de Álcool";"Colisão traseira";"Sem Vítimas";"Pleno dia";"Decrescente";"Nublado";"Simples";"Reta";"Não";4;0;0;0;4;0;0;2;-7,60806317;-48,42571735;"SPRF-TO";"DEL02-TO";"UOP01-DEL02-TO"
127818;2018-04-14;"sábado";"09:10:00";"TO";153;479,4;"BARROLANDIA";"Velocidade Incompatível";"Colisão lateral";"Sem Vítimas";"Pleno dia";"Decrescente";"Garoa/Chuvisco";"Simples";"Curva;Declive";"Não";3;0;0;0;1;4;0;5;-10,056145;-48,822709;"SPRF-TO";"DEL02-TO";"UOP01-DEL01-TO"
127829;2018-04-14;"sábado";"16:00:00";"PR";376;134;"ORTIGUEIRA";"Falta de Atenção à Condução";"Saída de leito carroçável";"Com Vítimas Feridas";"Pleno dia";"Crescente";"Céu Claro";"Simples";"Curva";"Não";2;0;1;0;0;2;1;3;-24,18328491;-50,95960356;"SPRF-PR";"DEL07-PR";"UOP02-DEL09-PR"
127832;2018-04-14;"sábado";"15:40:00";"PE";423;103,2;"GARANHUNS";"Defeito Mecânico no Veículo";"Queda de ocupante de veículo";"Com Vítimas Feridas";"Pleno dia";"Crescente";"Garoa/Chuvisco";"Simples";"Reta";"Não";3;0;1;1;1;0;2;2;-8,87499;-36,548246;"SPRF-PE";"DEL03-PE";"UOP01-DEL03-PE"
127833;2018-04-14;"sábado";"16:00:00";"ES";262;46,2;"MARECHAL FLORIANO";"Desobediência às normas de trânsito pelo condutor";"Colisão lateral";"Com Vítimas Feridas";"Pleno dia";"Decrescente";"Céu Claro";"Simples";"Retorno Regulamentado";"Sim";2;0;0;1;0;1;1;2;-20,4081399;-40,6741241;"SPRF-ES";"DEL01-ES";"UOP01-DEL01-ES"
127840;2018-04-14;"sábado";"15:25:00";"RJ";393;200;"RIO DAS FLORES";"Defeito Mecânico no Veículo";"Incêndio";"Sem Vítimas";"Pleno dia";"Crescente";"Nublado";"Simples";"Reta";"Não";1;0;0;0;1;0;0;1;-22,23079177;-43,42221737;"SPRF-RJ";"DEL05-RJ";"UOP03-DEL05-RJ"
127855;2018-04-14;"sábado";"16:30:00";"AC";364;124;"RIO BRANCO";"Ultrapassagem Indevida";"Colisão lateral";"Com Vítimas Fatais";"Pleno dia";"Decrescente";"Garoa/Chuvisco";"Dupla";"Rotatória";"Sim";4;2;0;0;1;1;0;3;-10,011523;-67,791466;"SPRF-AC";"DEL01-AC";"UOP01-DEL01-AC"