"id";"data_inversa";"dia_semana";"horario";"uf";"br";"km";"municipio";"causa_acidente";"tipo_acidente";"classificacao_acidente";"fase_dia";"sentido_via";"condicao_metereologica";"tipo_pista";"tracado_via";"uso_solo";"pessoas";"mortos";"feridos_leves";"feridos_graves";"ilesos";"ignorados";"feridos";"veiculos";"latitude";"longitude";"regional";"delegacia";"uop"
127857;2018-04-14;"sábado";"18:00:00";"MT";163;722;"SORRISO";"Falta de Atenção à Condução";"Colisão lateral";"Sem Vítimas";"Anoitecer";"Crescente";"Nublado";"Simples";"Reta";"Não";3;0;0;0;2;1;0;3;-12,79672;-55,83423;"SPRF-MT";"DEL06-MT";"UOP01-DEL06-MT"
127859;2018-04-14;"sábado";"19:00:00";"BA";116;854,8;"VITORIA DA CONQUISTA";"Desobediência às normas de trânsito pelo condutor";"Colisão frontal";"Com Vítimas Fatais";"Plena Noite";"Crescente";"Nublado";"Simples";"Reta";"Não";3;1;0;0;1;1;0;3;-15,08818531;-41,01318107;"SPRF-BA";"DEL08-BA";"UOP03-DEL08-BA"
127862;2018-04-14;"sábado";"19:15:00";"PE";101;68,1;"RECIFE";"Não guardar distância de segurança";"Colisão lateral";"Sem Vítimas";"Plena Noite";"Decrescente";"Nublado";"Dupla";"Rotatória";"Sim";3;0;0;0;1;2;0;3;-8,052624;-34,946124;"SPRF-PE";"DEL01-PE";"UOP01-DEL01-PE"
127871;2018-04-14;"sábado";"19:50:00";"SC";101;287,9;"IMBITUBA";"Ingestão de Álcool";"Colisão lateral";"Sem Vítimas";"Plena Noite";"Crescente";"Nublado";"Dupla";"Reta";"Sim";5;0;0;0;4;1;0;3;-28,26372632;-48,70316505;"SPRF-SC";"DEL02-SC";"UOP03-DEL02-SC"
127872;2018-04-14;"sábado";"17:00:00";"SC";282;525,7;"XAXIM";"Velocidade Incompatível";"Colisão lateral";"Com Vítimas Feridas";"Pleno dia";"Decrescente";"Nublado";"Simples";"Curva";"Não";4;0;1;1;2;0;2;4;-26,96847498;-52,57269144;"SPRF-SC";"DEL07-SC";"UOP01-DEL07-SC"
127888;2018-04-14;"sábado";"18:40:00";"BA";116;320,1;"ARACI";"Ingestão de Álcool";"Colisão frontal";"Com Vítimas Feridas";"Plena Noite";"Crescente";"Céu Claro";"Simples";"Reta";"Sim";4;0;2;0;1;2;2;4;-11,34069832;-38,9585495;"SPRF-BA";"DEL02-BA";"DEL10/2-UOP02/BA"
127889;2018-04-14;"sábado";"19:20:00";"PR";116;81;"PIRAQUARA";"Falta de Atenção do Pedestre";"Atropelamento de Pedestre";"Com Vítimas Feridas";"Plena Noite";"Crescente";"Chuva";"Dupla";"Curva";"Não";3;0;1;0;1;1;1;3;-25,409674;-49,063251;"SPRF-PR";"DEL01-PR";"UOP07-DEL01-PR"
127890;2018-04-14;"sábado";"20:20:00";"ES";101;270,6;"SERRA";"Falta de Atenção à Condução";"Colisão lateral";"Com Vítimas Feridas";"Plena Noite";"Decrescente";"Nublado";"Múltipla";"Interseção de Vias";"Sim";3;0;1;0;1;1;1;3;-20,0966462;-40,3392931;"SPRF-ES";"DEL02-ES";"UOP01-DEL02-ES"
127894;2018-04-14;"sábado";"19:30:00";"PR";487;117;"TUNEIRAS DO OESTE";"Não guardar distância de segurança";"Colisão traseira";"Com Vítimas Feridas";"Plena Noite";"Crescente";"Céu Claro";"Simples";"Reta";"Não";3;0;0;1;1;1;1;2;-23,866522;-52,877548;"SPRF-PR";"DEL04-PR";"UOP03-DEL09-PR"
127895;2018-04-14;"sábado";"21:45:00";"CE";222;117;"ITAPAJE";"Ultrapassagem Indevida";"Colisão frontal";"Com Vítimas Fatais";"Plena Noite";"Decrescente";"Nublado";"Simples";"Curva";"Não";3;1;0;0;1;2;0;4;-3,732208;-39,552933;"SPRF-CE";"DEL04-CE";"UOP03-DEL04-CE"
127900;2018-04-14;"sábado";"13:40:00";"MT";364;464;"VARZEA GRANDE";"Pista Escorregadia";"Colisão frontal";"Com Vítimas Feridas";"Pleno dia";"Crescente";"Chuva";"Simples";"Declive;Ponte";"Não";5;0;0;1;3;1;1;3;-15,494163;-56,277405;"SPRF-MT";"DEL01-MT";"DEL2/4-UOP02/MT"
127903;2018-04-14;"sábado";"20:30:00";"RS";392;294,7;"SAO SEPE";"Falta de Atenção à Condução";"Colisão transversal";"Com Vítimas Feridas";"Plena Noite";"Crescente";"Nublado";"Simples";"Reta";"Sim";3;0;2;0;0;1;2;3;-30,186571;-53,565659;"SPRF-RS";"DEL09-RS";"UOP02-DEL09-RS"
127918;2018-04-14;"sábado";"18:40:00";"MG";116;15,7;"AGUAS VERMELHAS";"Desobediência às normas de trânsito pelo condutor";"Colisão frontal";"Com Vítimas Fatais";"Plena Noite";"Decrescente";"Céu Claro";"Simples";"Reta";"Não";3;1;0;0;2;0;0;2;-15,81047;-41,37836;"SPRF-BA";"DEL08-BA";"UOP03-DEL08-BA"
127930;2018-04-14;"sábado";"23:45:00";"PR";376;491,6;"PONTA GROSSA";"Falta de Atenção à Condução";"Capotamento";"Com Vítimas Feridas";"Plena Noite";"Decrescente";"Ignorado";"Dupla";"Reta";"Sim";2;0;1;0;0;1;1;2;-25,11420194;-50,18829346;"SPRF-PR";"DEL03-PR";"UOP04-DEL03-PR"
127935;2018-04-15;"domingo";"02:01:00";"SE";101;74,9;"MARUIM";"Condutor Dormindo";"Colisão frontal";"Sem Vítimas";"Plena Noite";"Crescente";"Chuva";"Simples";"Em Obras;Reta";"Não";3;0;0;0;1;2;0;3;-10,76724886;-37,11681604;"SPRF-SE";"DEL01-SE";"UOP01-DEL01-SE"
127945;2018-04-15;"domingo";"01:40:00";"MG";262;424,1;"SAO GONCALO DO PARA";"Condutor Dormindo";"Colisão traseira";"Com Vítimas Feridas";"Plena Noite";"Crescente";"Nublado";"Dupla";"Reta";"Não";4;0;0;2;1;2;2;4;-19,8909;-44,8191;"SPRF-MG";"DEL08-MG";"UOP03-DEL08-MG"
127950;2018-04-15;"domingo";"02:30:00";"MA";135;2;"SAO LUIS";"Restrição de Visibilidade";"Colisão transversal";"Sem Vítimas";"Plena Noite";"Decrescente";"Céu Claro";"Dupla";"Curva";"Não";2;0;0;0;1;1;0;2;-2,53073;-44,3068;"SPRF-MA";"DEL01-MA";"UOP01-DEL01-MA"
127961;2018-04-15;"domingo";"04:00:00";"SP";116;355;"MIRACATU";"Velocidade Incompatível";"Colisão traseira";"Com Vítimas Feridas";"Plena Noite";"Decrescente";"Chuva";"Dupla";"Reta";"Não";5;0;3;1;1;0;4;2;-24,07651994;-47,25092053;"SPRF-SP";"DEL04-SP";"UOP03-DEL04-SP"
127963;2018-04-15;"domingo";"05:35:00";"GO";153;494,4;"GOIANIA";"Falta de Atenção do Pedestre";"Atropelamento de Pedestre";"Com Vítimas Fatais";"Plena Noite";"Decrescente";"Céu Claro";"Dupla";"Reta;Declive";"Sim";4;1;0;0;2;1;0;2;-16,6615195;-49,2218399;"SPRF-GO";"DEL01-GO";"UOP01-DEL01-GO"
127968;2018-04-15;"domingo";"06:00:00";"MG";40;414;"CURVELO";"Condutor Dormindo";"Saída de leito carroçável";"Com Vítimas Feridas";"Pleno dia";"Decrescente";"Céu Claro";"Simples";"Curva";"Não";1;0;0;1;0;0;1;1;-19,1648;-44,5195;"SPRF-MG";"DEL02-MG";"UOP01-DEL02-MG"
127981;2018-04-14;"sábado";"22:30:00";"SP";116;461,7;"PARIQUERA-ACU";"Ingestão de Álcool";"Tombamento";"Com Vítimas Feridas";"Plena Noite";"Decrescente";"Chuva";"Dupla";"Reta";"Não";1;0;1;0;0;0;1;1;-24,62129249;-47,89405525;"SPRF-SP";"DEL05-SP";"UOP01-DEL05-SP"
127984;2018-04-15;"domingo";"06:00:00";"SC";282;636;"DESCANSO";"Condutor Dormindo";"Colisão traseira";"Sem Vítimas";"Pleno dia";"Crescente";"Céu Claro";"Simples";"Reta;Aclive";"Não";3;0;0;0;2;1;0;3;-26,813717;-53,435055;"SPRF-SC";"DEL07-SC";"UOP03-DEL07-SC"
127996;2018-04-15;"domingo";"05:30:00";"BA";101;739,8;"ITABELA";"Velocidade Incompatível";"Saída de leito carroçável";"Com Vítimas Feridas";"Amanhecer";"Decrescente";"Nublado";"Simples";"Reta";"Não";1;0;1;0;0;0;1;1;-16,53252865;-39,566558;"SPRF-BA";"DEL09-BA";"UOP01-DEL09-BA"
127998;2018-03-28;"quarta-feira";"21:00:00";"PR";277;2;"PARANAGUA";"Não guardar distância de segurança";"Colisão lateral";"Sem Vítimas";"Plena Noite";"Crescente";"Chuva";"Dupla";"Reta";"Sim";2;0;0;0;2;0;0;2;-25,54584888;-48,54335502;"SPRF-PR";"DEL01-PR";"UOP05-DEL01-PR"
128017;2018-02-28;"quarta-feira";"11:55:00";"MT";364;165,9;"PEDRA PRETA";"Condutor Dormindo";"Colisão lateral";"Com Vítimas Feridas";"Pleno dia";"Crescente";"Céu Claro";"Simples";"Reta";"Não";3;0;1;0;1;4;1;6;-16,678316;-54,297913;"SPRF-MT";"DEL02-MT";"UOP01-DEL02-MT"
128020;2018-04-15;"domingo";"10:10:00";"PR";116;171;"QUITANDINHA";"Falta de Atenção à Condução";"Tombamento";"Sem Vítimas";"Pleno dia";"Decrescente";"Nublado";"Dupla";"Aclive";"Não";2;0;0;0;1;1;0;2;-25,87727;-49,490139;"SPRF-PR";"DEL01-PR";"UOP03-DEL01-PR"
128021;2018-04-15;"domingo";"12:10:00";"SP";381;81;"SAO PAULO";"Velocidade Incompatível";"Colisão traseira";"Com Vítimas Feridas";"Pleno dia";"Crescente";"Garoa/Chuvisco";"Múltipla";"Reta";"Não";5;0;1;0;4;0;1;4;-23,43098337;-46,56994237;"SPRF-SP";"DEL03-SP";"DEL6/3-UOP03/SP"
128022;2018-04-15;"domingo";"11:08:00";"MA";135;115;"MIRANDA DO NORTE";"Não guardar distância de segurança";"Engavetamento";"Sem Vítimas";"Pleno dia";"Crescente";"Céu Claro";"Simples";"Reta";"Sim";3;0;0;0;3;0;0;3;-3,47793;-44,535435;"SPRF-MA";"DEL01-MA";"UOP02-DEL01-MA"
128026;2018-04-15;"domingo";"13:00:00";"PR";158;499;"CORONEL VIVIDA";"Velocidade Incompatível";"Colisão lateral";"Sem Vítimas";"Pleno dia";"Crescente";"Chuva";"Simples";"Reta";"Não";3;0;0;0;2;1;0;3;-26,05214225;-52,62466907;"SPRF-PR";"DEL02-PR";"UOP01-DEL02-PR"
128032;2018-04-14;"sábado";"22:30:00";"BA";101;618;"MASCOTE";"Ingestão de Álcool";"Saída de leito carroçável";"Com Vítimas Feridas";"Plena Noite";"Crescente";"Garoa/Chuvisco";"Simples";"Curva";"Não";5;0;3;2;0;0;5;1;-15,62939;-39,437141;"SPRF-BA";"DEL05-BA";"UOP02-DEL05-BA"
128039;2018-04-15;"domingo";"13:51:00";"BA";110;302,8;"INHAMBUPE";"Carga excessiva e/ou mal acondicionada";"Tombamento";"Com Vítimas Feridas";"Pleno dia";"Crescente";"Céu Claro";"Simples";"Reta";"Sim";1;0;1;0;0;0;1;1;-11,82153634;-38,35775003;"SPRF-BA";"DEL01-BA";"UOP04-DEL01-BA"
128040;2018-04-15;"domingo";"13:50:00";"CE";20;268,5;"CANINDE";"Desobediência às normas de trânsito pelo condutor";"Colisão traseira";"Com Vítimas Feridas";"Pleno dia";"Decrescente";"Céu Claro";"Simples";"Reta";"Não";5;0;2;0;3;0;2;2;-4,66668;-39,4016;"SPRF-CE";"DEL02-CE";"UOP01-DEL02-CE"
128048;2018-04-15;"domingo";"13:00:00";"MT";364;348,9;"SANTO ANTONIO DO LEVERGER";"Velocidade Incompatível";"Saída de leito carroçável";"Com Vítimas Feridas";"Pleno dia";"Crescente";"Garoa/Chuvisco";"Dupla";"Curva";"Não";1;0;0;1;0;0;1;1;-15,79293494;-55,58119118;"SPRF-MT";"DEL02-MT";"UOP02-DEL01-MT"
128068;2018-04-15;"domingo";"14:00:00";"PR";153;24,3;"JACAREZINHO";"Falta de Atenção à Condução";"Colisão transversal";"Com Vítimas Feridas";"Pleno dia";"Crescente";"Céu Claro";"Simples";"Interseção de Vias";"Não";4;0;2;1;1;0;3;2;-23,18885667;-49,98580804;"SPRF-PR";"DEL07-PR";"UOP04-DEL07-PR"
128073;2018-04-15;"domingo";"14:30:00";"CE";304;48,4;"ARACATI";"Falta de Atenção à Condução";"Saída de leito carroçável";"Sem Vítimas";"Pleno dia";"Crescente";"Céu Claro";"Dupla";"Retorno Regulamentado";"Sim";2;0;0;0;1;1;0;2;-4,5732559;-37,7623489;"SPRF-CE";"DEL03-CE";"UOP03-DEL03-CE"
128076;2018-04-15;"domingo";"16:30:00";"MG";40;468,4;"SETE LAGOAS";"Pista Escorregadia";"Colisão com objeto estático";"Sem Vítimas";"Pleno dia";"Decrescente";"Chuva";"Dupla";"Curva";"Não";1;0;0;0;1;0;0;1;-19,462;-44,299;"SPRF-MG";"DEL02-MG";"UOP01-DEL02-MG"
128079;2018-04-15;"domingo";"17:15:00";"RS";285;503,3;"ENTRE-IJUIS";"Falta de Atenção à Condução";"Colisão frontal";"Com Vítimas Feridas";"Pleno dia";"Crescente";"Nublado";"Simples";"Reta";"Não";2;0;0;1;1;0;1;2;-28,391027;-54,32655;"SPRF-RS";"DEL10-RS";"UOP01-DEL10-RS"
128084;2018-04-15;"domingo";"15:00:00";"BA";116;639;"JAGUAQUARA";"Falta de Atenção à Condução";"Tombamento";"Com Vítimas Feridas";"Pleno dia";"Decrescente";"Chuva";"Simples";"Aclive";"Não";2;0;0;1;0;1;1;2;-13,568418;-40,078176;"SPRF-BA";"DEL03-BA";"UOP01-DEL03-BA"
128091;2018-04-15;"domingo";"17:00:00";"RS";158;262,7;"JULIO DE CASTILHOS";"Não guardar distância de segurança";"Colisão traseira";"Com Vítimas Feridas";"Pleno dia";"Crescente";"Chuva";"Simples";"Reta";"Sim";4;0;2;0;2;0;2;3;-29,221632;-53,669697;"SPRF-RS";"DEL10-RS";"UOP02-DEL10-RS"
128103;2018-04-15;"domingo";"18:30:00";"PE";428;185;"PETROLINA";"Desobediência às normas de trânsito pelo condutor";"Colisão lateral";"Com Vítimas Feridas";"Plena Noite";"Crescente";"Céu Claro";"Simples";"Reta";"Sim";3;0;1;0;1;1;1;3;-9,35225;-40,47645;"SPRF-PE";"DEL06-PE";"UOP01-DEL06-PE"
128109;2018-04-15;"domingo";"18:30:00";"BA";116;807,6;"VITORIA DA CONQUISTA";"Falta de Atenção à Condução";"Colisão frontal";"Com Vítimas Fatais";"Plena Noite";"Crescente";"Chuva";"Simples";"Reta";"Não";3;1;1;0;1;0;1;2;-14,77322265;-40,72013855;"SPRF-BA";"DEL08-BA";"UOP01-DEL08-BA"
128114;2018-04-15;"domingo";"18:15:00";"BA";116;601,1;"IRAJUBA";"Ingestão de Álcool";"Colisão frontal";"Com Vítimas Feridas";"Plena Noite";"Crescente";"Nublado";"Simples";"Aclive";"Não";3;0;1;0;1;1;1;3;-13,238612;-40,017915;"SPRF-BA";"DEL03-BA";"UOP02-DEL03-BA"
128115;2018-04-15;"domingo";"17:30:00";"GO";80;131;"BARRO ALTO";"Carga excessiva e/ou mal acondicionada";"Tombamento";"Com Vítimas Feridas";"Pleno dia";"Decrescente";"Nublado";"Dupla";"Curva";"Sim";1;0;0;1;0;0;1;1;-14,99188249;-48,90872955;"SPRF-GO";"DEL07-GO";"UOP02-DEL07-GO"
128116;2018-04-15;"domingo";"19:15:00";"PR";376;242,1;"APUCARANA";"Deficiência ou não Acionamento do Sistema de Iluminação/Sinalização do Veículo";"Colisão traseira";"Sem Vítimas";"Plena Noite";"Decrescente";"Céu Claro";"Simples";"Curva";"Não";4;0;0;0;4;0;0;2;-23,58082221;-51,43575668;"SPRF-PR";"DEL07-PR";"UOP03-DEL07-PR"
128117;2018-04-15;"domingo";"14:30:00";"MT";364;348,9;"SANTO ANTONIO DO LEVERGER";"Defeito Mecânico no Veículo";"Colisão lateral";"Com Vítimas Fatais";"Pleno dia";"Crescente";"Céu Claro";"Dupla";"Curva";"Não";4;1;0;0;2;2;0;5;-15,79328079;-55,58154523;"SPRF-MT";"DEL02-MT";"UOP02-DEL01-MT"
128128;2018-04-15;"domingo";"18:55:00";"SC";101;203;"SAO JOSE";"Falta de Atenção à Condução";"Colisão lateral";"Com Vítimas Feridas";"Plena Noite";"Decrescente";"Nublado";"Múltipla";"Reta;Aclive";"Sim";4;0;1;0;1;2;1;4;-27,56778664;-48,61381162;"SPRF-SC";"DEL01-SC";"UOP01-DEL01-SC"
128155;2018-04-15;"domingo";"07:30:00";"PR";476;192,4;"LAPA";"Velocidade Incompatível";"Colisão frontal";"Com Vítimas Feridas";"Plena Noite";"Crescente";"Chuva";"Simples";"Curva";"Não";3;0;0;1;1;2;1;4;-25,73029365;-49,70629983;"SPRF-PR";"DEL01-PR";"UOP06-DEL01-PR"
128163;2018-04-15;"domingo";"13:30:00";"PR";116;5;"CAMPINA GRANDE DO SUL";"Defeito Mecânico no Veículo";"Saída de leito carroçável";"Com Vítimas Feridas";"Pleno dia";"Decrescente";"Chuva";"Dupla";"Declive;Curva";"Não";2;0;1;0;0;1;1;2;-25,083086;-48,60001;"SPRF-PR";"DEL01-PR";"UOP02-DEL01-PR"
128166;2018-04-15;"domingo";"18:40:00";"RO";364;583;"ITAPUA DO OESTE";"Agressão Externa";"Saída de leito carroçável";"Sem Vítimas";"Plena Noite";"Crescente";"Céu Claro";"Simples";"Reta";"Não";2;0;0;0;1;3;0;4;-9,371221;-63,133057;"SPRF-RO";"DEL03-RO";"UOP04-DEL01-RO"
128179;2018-04-15;"domingo";"16:50:00";"GO";153;130;"ESTRELA DO NORTE";"Falta de Atenção à Condução";"Colisão lateral";"Com Vítimas Feridas";"Pleno dia";"Crescente";"Céu Claro";"Simples";"Aclive";"Não";7;0;0;1;5;3;1;6;-13,909805;-49,064304;"SPRF-GO";"DEL07-GO";"UOP01-DEL07-GO"
128185;2018-04-15;"domingo";"22:50:00";"RJ";116;108;"GUAPIMIRIM";"Falta de Atenção à Condução";"Colisão traseira";"Com Vítimas Feridas";"Plena Noite";"Crescente";"Chuva";"Dupla";"Reta";"Sim";2;0;1;0;1;0;1;2;-22,5618599;-42,99776103;"SPRF-RJ";"DEL04-RJ";"UOP02-DEL04-RJ"
128192;2018-04-15;"domingo";"21:50:00";"GO";153;418,7;"ANAPOLIS";"Objeto estático sobre o leito carroçável";"Colisão com objeto estático";"Com Vítimas Feridas";"Pleno dia";"Decrescente";"Chuva";"Simples";"Reta";"Não";1;0;1;0;0;0;1;1;-16,16598101;-49,04333353;"SPRF-GO";"DEL02-GO";"UOP01-DEL02-GO"
128193;2018-04-16;"segunda-feira";"00:05:00";"BA";324;486,8;"SANTA BARBARA";"Velocidade Incompatível";"Saída de leito carroçável";"Com Vítimas Fatais";"Plena Noite";"Crescente";"Céu Claro";"Simples";"Curva";"Não";2;1;0;0;0;1;0;2;-12,029804;-39,028341;"SPRF-BA";"DEL02-BA";"UOP01-DEL02-BA"
128198;2018-04-16;"segunda-feira";"00:00:00";"GO";40;9,3;"LUZIANIA";"Pista Escorregadia";"Saída de leito carroçável";"Com Vítimas Feridas";"Plena Noite";"Decrescente";"Chuva";"Dupla";"Reta";"Sim";1;0;1;0;0;0;1;1;-16,131158;-47,957739;"SPRF-DF";"DEL01-DF";"UOP01-DEL01-DF"
128208;2018-04-16;"segunda-feira";"00:45:00";"SC";101;6,3;"GARUVA";"Falta de Atenção à Condução";"Colisão traseira";"Com Vítimas Fatais";"Plena Noite";"Crescente";"Garoa/Chuvisco";"Dupla";"Viaduto;Reta";"Sim";4;2;0;0;1;1;0;3;-26,02931037;-48,86115789;"SPRF-SC";"DEL03-SC";"UOP01-DEL03-SC"
128211;2018-04-16;"segunda-feira";"05:00:00";"SP";153;257,1;"MARILIA";"Ingestão de Álcool";"Colisão lateral";"Com Vítimas Feridas";"Plena Noite";"Crescente";"Nublado";"Dupla";"Rotatória";"Sim";2;0;1;0;1;0;1;2;-22,239838;-49,919655;"SPRF-SP";"DEL07-SP";"UOP02-DEL07-SP"
128215;2018-04-15;"domingo";"23:00:00";"PR";476;219,7;"LAPA";"Falta de Atenção à Condução";"Tombamento";"Com Vítimas Feridas";"Plena Noite";"Decrescente";"Nublado";"Simples";"Curva";"Não";2;0;1;0;0;2;1;3;-25,817854;-49,911182;"SPRF-PR";"DEL02-PR";"UOP04-DEL02-PR"
128216;2018-04-16;"segunda-feira";"06:00:00";"PR";376;74,3;"GUAIRACA";"Defeito Mecânico no Veículo";"Colisão com objeto em movimento";"Com Vítimas Feridas";"Amanhecer";"Crescente";"Céu Claro";"Simples";"Reta";"Não";3;0;1;0;1;2;1;4;-22,952368;-52,705612;"SPRF-PR";"DEL07-PR";"UOP02-DEL09-PR"
128217;2018-04-16;"segunda-feira";"05:00:00";"SP";116;357;"MIRACATU";"Defeito Mecânico no Veículo";"Incêndio";"Sem Vítimas";"Amanhecer";"Decrescente";"Chuva";"Dupla";"Reta;Aclive";"Não";1;0;0;0;1;0;0;1;-24,09880263;-47,25460857;"SPRF-SP";"DEL04-SP";"UOP03-DEL04-SP"
128218;2018-04-15;"domingo";"18:30:00";"BA";116;890,3;"CANDIDO SALES";"Ultrapassagem Indevida";"Colisão frontal";"Com Vítimas Fatais";"Plena Noite";"Crescente";"Céu Claro";"Simples";"Aclive;Reta";"Não";7;1;2;0;1;3;2;4;-15,36365311;-41,17950439;"SPRF-BA";"DEL08-BA";"UOP03-DEL08-BA"
128221;2018-04-16;"segunda-feira";"06:20:00";"SC";470;136;"RIO DO SUL";"Defeito Mecânico no Veículo";"Colisão lateral";"Sem Vítimas";"Amanhecer";"Decrescente";"Chuva";"Simples";"Reta";"Sim";2;0;0;0;2;0;0;2;-27,17445524;-49,58906651;"SPRF-SC";"DEL04-SC";"UOP02-DEL04-SC"
128222;2018-04-16;"segunda-feira";"01:05:00";"RJ";101;262;"RIO BONITO";"Falta de Atenção à Condução";"Colisão com objeto estático";"Sem Vítimas";"Plena Noite";"Crescente";"Chuva";"Simples";"Curva";"Não";1;0;0;0;1;0;0;1;-22,713675;-42,620529;"SPRF-RJ";"DEL02-RJ";"UOP03-DEL02-RJ"
128236;2018-04-16;"segunda-feira";"07:40:00";"SE";235;4;"NOSSA SENHORA DO SOCORRO";"Não guardar distância de segurança";"Engavetamento";"Sem Vítimas";"Pleno dia";"Decrescente";"Céu Claro";"Dupla";"Reta";"Sim";4;0;0;0;4;0;0;4;-10,90608052;-37,11197734;"SPRF-SE";"DEL01-SE";"UOP01-DEL01-SE"
128246;2018-04-16;"segunda-feira";"08:15:00";"SC";101;119,8;"ITAJAI";"Falta de Atenção à Condução";"Colisão traseira";"Com Vítimas Feridas";"Pleno dia";"Decrescente";"Nublado";"Dupla";"Reta";"Não";3;0;0;1;1;1;1;3;-26,91067494;-48,7126565;"SPRF-SC";"DEL04-SC";"UOP04-DEL04-SC"
128247;2018-04-15;"domingo";"18:20:00";"PA";163;610;"TRAIRAO";"Velocidade Incompatível";"Saída de leito carroçável";"Com Vítimas Feridas";"Anoitecer";"Crescente";"Céu Claro";"Simples";"Declive";"Não";2;0;1;0;0;2;1;3;-4,71954758;-56,01879547;"SPRF-PA";"DEL05-PA";"UOP01-DEL05-PA"
128251;2018-04-16;"segunda-feira";"06:30:00";"PR";153;138,9;"VENTANIA";"Carga excessiva e/ou mal acondicionada";"Derramamento de carga";"Sem Vítimas";"Amanhecer";"Decrescente";"Céu Claro";"Simples";"Curva";"Não";2;0;0;0;1;1;0;2;-24,18723891;-50,21079887;"SPRF-PR";"DEL07-PR";"UOP04-DEL07-PR"
128258;2018-04-16;"segunda-feira";"08:20:00";"SC";282;48;"AGUAS MORNAS";"Objeto estático sobre o leito carroçável";"Colisão com objeto estático";"Com Vítimas Feridas";"Pleno dia";"Decrescente";"Garoa/Chuvisco";"Simples";"Curva";"Não";4;0;1;0;2;1;1;3;-27,714352;-48,938072;"SPRF-SC";"DEL01-SC";"UOP03-DEL01-SC"
128260;2018-02-10;"sábado";"11:55:00";"SC";116;246,5;"LAGES";"Desobediência às normas de trânsito pelo condutor";"Colisão transversal";"Sem Vítimas";"Pleno dia";"Decrescente";"Céu Claro";"Simples";"Rotatória";"Sim";2;0;0;0;2;0;0;2;-27,799794;-50,363695;"SPRF-SC";"DEL05-SC";"UOP02-DEL05-SC"
128262;2018-04-16;"segunda-feira";"08:45:00";"SP";381;61;"MAIRIPORA";"Velocidade Incompatível";"Colisão lateral";"Com Vítimas Feridas";"Pleno dia";"Decrescente";"Chuva";"Dupla";"Curva";"Não";3;0;3;0;0;0;3;2;-23,34134174;-46,5738163;"SPRF-SP";"DEL03-SP";"UOP01-DEL03-SP"
128267;2018-04-16;"segunda-feira";"10:20:00";"SC";470;50,8;"BLUMENAU";"Falta de Atenção à Condução";"Colisão traseira";"Com Vítimas Feridas";"Pleno dia";"Crescente";"Céu Claro";"Simples";"Reta";"Sim";3;0;1;0;2;0;1;3;-26,85998726;-49,06343132;"SPRF-SC";"DEL04-SC";"UOP01-DEL04-SC"
128268;2018-04-16;"segunda-feira";"10:20:00";"MG";40;189,5;"JOAO PINHEIRO";"Falta de Atenção à Condução";"Colisão lateral";"Com Vítimas Feridas";"Pleno dia";"Crescente";"Céu Claro";"Simples";"Reta";"Não";2;0;1;0;1;0;1;2;-17,997673;-45,906742;"SPRF-MG";"DEL14-MG";"UOP02-DEL14-MG"
128270;2018-03-07;"quarta-feira";"08:15:00";"MT";364;116,8;"ALTO GARCAS";"Desobediência às normas de trânsito pelo condutor";"Engavetamento";"Com Vítimas Feridas";"Pleno dia";"Crescente";"Céu Claro";"Simples";"Reta";"Não";6;0;2;1;2;6;3;11;-16,864014;-53,872082;"SPRF-MT";"DEL02-MT";"UOP02-DEL02-MT"
128272;2018-04-16;"segunda-feira";"10:29:00";"RJ";101;328,1;"RIO DE JANEIRO";"Falta de Atenção à Condução";"Colisão lateral";"Com Vítimas Feridas";"Pleno dia";"Decrescente";"Céu Claro";"Múltipla";"Reta";"Não";3;0;1;0;2;0;1;3;-22,86921599;-43,16665649;"SPRF-RJ";"DEL02-RJ";"UOP02-DEL02-RJ"
128273;2018-04-16;"segunda-feira";"13:50:00";"MG";381;939,2;"EXTREMA";"Falta de Atenção à Condução";"Saída de leito carroçável";"Com Vítimas Feridas";"Pleno dia";"Crescente";"Sol";"Dupla";"Reta";"Não";1;0;1;0;0;0;1;1;-22,82362141;-46,30844057;"SPRF-MG";"DEL16-MG";"UOP03-DEL16-MG"
128285;2018-04-16;"segunda-feira";"06:30:00";"MG";381;673,2;"PERDOES";"Condutor Dormindo";"Colisão traseira";"Com Vítimas Feridas";"Pleno dia";"Decrescente";"Sol";"Dupla";"Reta";"Não";4;0;2;0;1;2;2;4;-21,07952476;-45,06006891;"SPRF-MG";"DEL04-MG";"UOP02-DEL04-MG"
128287;2018-04-16;"segunda-feira";"14:40:00";"RJ";40;93;"PETROPOLIS";"Pista Escorregadia";"Colisão com objeto estático";"Sem Vítimas";"Pleno dia";"Decrescente";"Nublado";"Simples";"Curva";"Não";1;0;0;0;1;0;0;1;-22,55118561;-43,22536469;"SPRF-RJ";"DEL06-RJ";"UOP01-DEL06-RJ"
128292;2018-04-16;"segunda-feira";"16:25:00";"MG";381;459,3;"BELO HORIZONTE";"Falta de Atenção à Condução";"Saída de leito carroçável";"Com Vítimas Feridas";"Pleno dia";"Decrescente";"Céu Claro";"Dupla";"Reta";"Não";2;0;1;0;0;1;1;2;-19,84394828;-43,88586737;"SPRF-MG";"DEL01-MG";"UOP01-DEL01-MG"