"id";"data_inversa";"dia_semana";"horario";"uf";"br";"km";"municipio";"causa_acidente";"tipo_acidente";"classificacao_acidente";"fase_dia";"sentido_via";"condicao_metereologica";"tipo_pista";"tracado_via";"uso_solo";"pessoas";"mortos";"feridos_leves";"feridos_graves";"ilesos";"ignorados";"feridos";"veiculos";"latitude";"longitude";"regional";"delegacia";"uop"
128295;2018-04-16;"segunda-feira";"12:00:00";"MG";40;676,8;"CARANDAI";"Falta de Atenção à Condução";"Colisão traseira";"Com Vítimas Feridas";"Pleno dia";"Crescente";"Nublado";"Simples";"Reta";"Não";6;0;2;3;1;0;5;2;-21,0341;-43,7751;"SPRF-MG";"DEL05-MG";"UOP02-DEL05-MG"
128297;2018-04-16;"segunda-feira";"11:15:00";"RO";364;293;"PRESIDENTE MEDICI";"Falta de Atenção à Condução";"Saída de leito carroçável";"Com Vítimas Feridas";"Pleno dia";"Crescente";"Sol";"Simples";"Reta";"Não";3;0;1;0;1;1;1;3;-11,30478;-61,889454;"SPRF-RO";"DEL02-RO";"UOP01-DEL02-RO"
128298;2018-04-15;"domingo";"20:00:00";"RS";293;156;"HULHA NEGRA";"Ultrapassagem Indevida";"Colisão lateral";"Com Vítimas Feridas";"Plena Noite";"Crescente";"Céu Claro";"Simples";"Reta";"Não";2;0;1;0;1;0;1;2;-31,392803;-53,829441;"SPRF-RS";"DEL11-RS";"UOP03-DEL11-RS"
128299;2018-04-16;"segunda-feira";"08:45:00";"SP";116;511,1;"CAJATI";"Velocidade Incompatível";"Tombamento";"Com Vítimas Feridas";"Pleno dia";"Crescente";"Chuva";"Dupla";"Curva";"Não";2;0;1;0;0;1;1;2;-24,73659;-48,12319;"SPRF-SP";"DEL05-SP";"UAP01-DEL05-SP"
128300;2018-04-16;"segunda-feira";"11:10:00";"MG";381;478,5;"CONTAGEM";"Falta de Atenção à Condução";"Colisão lateral";"Com Vítimas Feridas";"Pleno dia";"Crescente";"Nublado";"Dupla";"Aclive";"Sim";4;0;1;0;2;1;1;3;-19,9643;-44,044;"SPRF-MG";"DEL01-MG";"UOP03-DEL01-MG"
128302;2018-04-16;"segunda-feira";"11:15:00";"SC";280;128;"RIO NEGRINHO";"Falta de Atenção do Pedestre";"Atropelamento de Pedestre";"Com Vítimas Feridas";"Pleno dia";"Crescente";"Nublado";"Simples";"Reta";"Sim";2;0;0;1;1;0;1;2;-26,24285719;-49,51231778;"SPRF-SC";"DEL06-SC";"UOP03-DEL06-SC"
128304;2018-04-16;"segunda-feira";"05:00:00";"MG";262;87;"ABRE CAMPO";"Defeito Mecânico no Veículo";"Incêndio";"Sem Vítimas";"Amanhecer";"Decrescente";"Nublado";"Simples";"Curva";"Não";2;0;0;0;1;1;0;2;-20,333214;-42,437653;"SPRF-MG";"DEL03-MG";"UOP03-DEL03-MG"
128305;2018-01-27;"sábado";"16:30:00";"BA";116;692;"JEQUIE";"Não guardar distância de segurança";"Colisão frontal";"Com Vítimas Feridas";"Pleno dia";"Decrescente";"Céu Claro";"Simples";"Reta";"Não";3;0;1;0;1;2;1;4;-14,011;-40,187;"SPRF-BA";"DEL03-BA";"UOP01-DEL03-BA"
128306;2018-04-16;"segunda-feira";"15:10:00";"RS";116;258;"ESTEIO";"Falta de Atenção à Condução";"Colisão transversal";"Com Vítimas Feridas";"Pleno dia";"Crescente";"Céu Claro";"Simples";"Retorno Regulamentado";"Sim";4;0;2;0;1;1;2;3;-29,86090637;-51,18147338;"SPRF-RS";"DEL01-RS";"UOP02-DEL01-RS"
128307;2018-04-16;"segunda-feira";"17:20:00";"RJ";40;93,8;"DUQUE DE CAXIAS";"Velocidade Incompatível";"Saída de leito carroçável";"Com Vítimas Feridas";"Anoitecer";"Crescente";"Nublado";"Simples";"Curva";"Não";2;0;0;2;0;0;2;1;-22,55677964;-43,26219747;"SPRF-RJ";"DEL06-RJ";"UOP01-DEL06-RJ"
128309;2018-04-16;"segunda-feira";"14:40:00";"RS";116;245,9;"SAO LEOPOLDO";"Não guardar distância de segurança";"Colisão traseira";"Com Vítimas Feridas";"Pleno dia";"Crescente";"Sol";"Dupla";"Reta";"Sim";2;0;1;0;1;0;1;2;-29,75315407;-51,15164638;"SPRF-RS";"DEL01-RS";"UOP02-DEL01-RS"
128313;2018-01-11;"quinta-feira";"14:00:00";"MT";174;207;"PORTO ESPERIDIAO";"Não guardar distância de segurança";"Tombamento";"Com Vítimas Feridas";"Pleno dia";"Crescente";"Céu Claro";"Simples";"Reta";"Não";3;0;2;0;0;2;2;3;-15,66237903;-58,73428345;"SPRF-MT";"DEL04-MT";"UOP01-DEL04-MT"
128314;2018-03-24;"sábado";"05:15:00";"MG";262;478,7;"BOM DESPACHO";"Ingestão de Álcool";"Colisão com objeto estático";"Com Vítimas Feridas";"Amanhecer";"Crescente";"Céu Claro";"Simples";"Reta";"Sim";3;0;1;0;1;1;1;3;-19,783918;-45,25713;"SPRF-MG";"DEL08-MG";"UOP03-DEL08-MG"
128317;2018-04-16;"segunda-feira";"12:00:00";"GO";50;116,5;"CRISTALINA";"Condutor Dormindo";"Saída de leito carroçável";"Com Vítimas Feridas";"Pleno dia";"Decrescente";"Céu Claro";"Dupla";"Reta";"Não";2;0;1;0;1;0;1;1;-16,9309;-47,7117;"SPRF-DF";"DEL01-DF";"UOP02-DEL01-DF"
128324;2018-04-16;"segunda-feira";"17:30:00";"MG";381;212,5;"BELO ORIENTE";"Ultrapassagem Indevida";"Colisão lateral";"Com Vítimas Feridas";"Anoitecer";"Crescente";"Céu Claro";"Simples";"Reta";"Sim";5;0;2;0;2;2;2;5;-19,316;-42,3999;"SPRF-MG";"DEL06-MG";"UOP01-DEL06-MG"
128331;2018-04-16;"segunda-feira";"15:30:00";"SC";282;619,8;"IRACEMINHA";"Defeito Mecânico no Veículo";"Colisão traseira";"Com Vítimas Feridas";"Pleno dia";"Decrescente";"Céu Claro";"Simples";"Reta";"Não";4;0;1;0;2;1;1;3;-26,794798;-53,299477;"SPRF-SC";"DEL07-SC";"UOP02-DEL07-SC"
128338;2018-04-16;"segunda-feira";"18:30:00";"TO";153;495;"PARAISO DO TOCANTINS";"Defeito Mecânico no Veículo";"Colisão traseira";"Sem Vítimas";"Plena Noite";"Crescente";"Nublado";"Simples";"Aclive";"Sim";4;0;0;0;2;3;0;5;-10,18707;-48,880074;"SPRF-TO";"DEL02-TO";"UOP01-DEL01-TO"
128341;2018-04-16;"segunda-feira";"13:20:00";"RS";386;50,2;"SEBERI";"Falta de Atenção do Pedestre";"Colisão transversal";"Com Vítimas Feridas";"Pleno dia";"Crescente";"Sol";"Simples";"Reta";"Sim";4;0;2;0;1;1;2;4;-27,491682;-53,389172;"SPRF-RS";"DEL08-RS";"UOP02-DEL08-RS"
128351;2018-04-16;"segunda-feira";"11:00:00";"SP";116;360;"MIRACATU";"Avarias e/ou desgaste excessivo no pneu";"Tombamento";"Sem Vítimas";"Pleno dia";"Decrescente";"Nublado";"Dupla";"Curva";"Não";2;0;0;0;1;1;0;2;-24,11318393;-47,26949751;"SPRF-SP";"DEL04-SP";"UOP03-DEL04-SP"
128352;2018-04-16;"segunda-feira";"18:20:00";"SP";116;214;"GUARULHOS";"Falta de Atenção à Condução";"Colisão lateral";"Com Vítimas Feridas";"Plena Noite";"Decrescente";"Ignorado";"Múltipla";"Reta";"Sim";2;0;1;0;1;0;1;2;-23,44459046;-46,44777806;"SPRF-SP";"DEL01-SP";"UOP01-DEL01-SP"
128357;2018-03-26;"segunda-feira";"16:50:00";"MG";153;1;"ARAPORA";"Velocidade Incompatível";"Colisão frontal";"Com Vítimas Fatais";"Pleno dia";"Decrescente";"Chuva";"Simples";"Reta;Ponte";"Sim";5;1;0;1;2;1;1;5;-18,4331;-49,1911;"SPRF-MG";"DEL15-MG";"UOP03-DEL15-MG"
128360;2018-04-16;"segunda-feira";"19:00:00";"MA";135;20;"SAO LUIS";"Falta de Atenção à Condução";"Colisão lateral";"Sem Vítimas";"Plena Noite";"Crescente";"Céu Claro";"Dupla";"Reta";"Sim";2;0;0;0;2;0;0;2;-2,56602326;-44,32776244;"SPRF-MA";"DEL01-MA";"UOP01-DEL01-MA"
128368;2018-04-12;"quinta-feira";"15:50:00";"RJ";116;276;"BARRA MANSA";"Falta de Atenção à Condução";"Colisão lateral";"Com Vítimas Feridas";"Pleno dia";"Crescente";"Céu Claro";"Dupla";"Reta";"Não";4;0;2;0;2;0;2;2;-22,561834;-44,165886;"SPRF-RJ";"DEL07-RJ";"UOP02-DEL07-RJ"
128376;2018-04-16;"segunda-feira";"13:45:00";"ES";101;45,9;"CONCEICAO DA BARRA";"Falta de Atenção à Condução";"Colisão traseira";"Com Vítimas Feridas";"Pleno dia";"Decrescente";"Chuva";"Simples";"Reta";"Não";3;0;1;0;2;0;1;2;-18,55075238;-39,90305454;"SPRF-ES";"DEL04-ES";"UOP02-DEL04-ES"
128378;2018-04-16;"segunda-feira";"20:25:00";"GO";60;233,8;"CEZARINA";"Falta de Atenção à Condução";"Colisão traseira";"Com Vítimas Feridas";"Plena Noite";"Crescente";"Céu Claro";"Dupla";"Reta";"Não";3;0;0;1;1;4;1;6;-17,0716;-49,8138;"SPRF-GO";"DEL01-GO";"UOP02-DEL01-GO"
128382;2018-04-16;"segunda-feira";"18:05:00";"RJ";116;180,9;"NOVA IGUACU";"Não guardar distância de segurança";"Engavetamento";"Com Vítimas Feridas";"Anoitecer";"Decrescente";"Nublado";"Múltipla";"Reta";"Sim";5;0;1;0;3;1;1;5;-22,73939484;-43,46858606;"SPRF-RJ";"DEL01-RJ";"UOP02-DEL01-RJ"
128387;2018-04-16;"segunda-feira";"20:05:00";"SC";282;537,7;"CHAPECO";"Falta de Atenção à Condução";"Colisão lateral";"Sem Vítimas";"Plena Noite";"Crescente";"Céu Claro";"Simples";"Curva";"Não";4;0;0;0;3;1;0;3;-27,000408;-52,67055988;"SPRF-SC";"DEL07-SC";"UOP01-DEL07-SC"
128390;2018-04-16;"segunda-feira";"18:50:00";"MG";381;862;"POUSO ALEGRE";"Defeito Mecânico no Veículo";"Incêndio";"Sem Vítimas";"Plena Noite";"Decrescente";"Céu Claro";"Dupla";"Aclive";"Não";2;0;0;0;1;1;0;2;-22,3394;-45,9252;"SPRF-MG";"DEL16-MG";"UOP01-DEL16-MG"
128391;2018-04-13;"sexta-feira";"06:10:00";"RJ";116;249;"PIRAI";"Defeito Mecânico no Veículo";"Incêndio";"Sem Vítimas";"Pleno dia";"Crescente";"Céu Claro";"Dupla";"Reta";"Não";1;0;0;0;1;0;0;1;-22,624538;-43,917652;"SPRF-RJ";"DEL07-RJ";"UOP01-DEL07-RJ"
128395;2018-04-15;"domingo";"05:10:00";"PR";153;474,1;"PORTO VITORIA";"Pista Escorregadia";"Colisão com objeto estático";"Sem Vítimas";"Plena Noite";"Decrescente";"Chuva";"Múltipla";"Curva";"Não";2;0;0;0;1;2;0;3;-26,32619125;-51,23937607;"SPRF-PR";"DEL02-PR";"UOP03-DEL02-PR"
128406;2018-04-17;"terça-feira";"01:00:00";"BA";116;0,7;"JEQUIE";"Falta de Atenção à Condução";"Colisão lateral";"Com Vítimas Feridas";"Plena Noite";"Decrescente";"Céu Claro";"Simples";"Reta";"Não";3;0;1;0;1;1;1;3;-13,885185;-40,139269;"SPRF-PE";"DEL05-PE";"UOP03-DEL05-PE"
128408;2018-04-17;"terça-feira";"00:30:00";"MS";262;42;"TRES LAGOAS";"Falta de Atenção à Condução";"Tombamento";"Com Vítimas Feridas";"Plena Noite";"Decrescente";"Céu Claro";"Simples";"Aclive";"Não";2;0;1;0;0;3;1;4;-20,771008;-51,986938;"SPRF-MS";"DEL07-MS";"UOP01-DEL07-MS"
128413;2018-04-17;"terça-feira";"05:40:00";"PR";277;364,9;"GUARAPUAVA";"Falta de Atenção à Condução";"Saída de leito carroçável";"Com Vítimas Feridas";"Plena Noite";"Crescente";"Céu Claro";"Simples";"Reta";"Não";2;0;1;0;0;1;1;2;-25,436231;-51,648474;"SPRF-PR";"DEL03-PR";"UOP01-DEL08-PR"
128415;2018-04-17;"terça-feira";"05:30:00";"RJ";116;171,3;"SAO JOAO DE MERITI";"Não guardar distância de segurança";"Colisão traseira";"Com Vítimas Feridas";"Amanhecer";"Crescente";"Céu Claro";"Múltipla";"Reta";"Sim";3;0;1;0;2;0;1;2;-22,78156278;-43,38979483;"SPRF-RJ";"DEL01-RJ";"UOP02-DEL01-RJ"
128416;2018-04-17;"terça-feira";"06:25:00";"MG";40;566;"NOVA LIMA";"Defeito Mecânico no Veículo";"Tombamento";"Com Vítimas Feridas";"Amanhecer";"Decrescente";"Nublado";"Simples";"Reta";"Não";1;0;1;0;0;0;1;1;-20,1863;-43,9677;"SPRF-MG";"DEL01-MG";"UOP02-DEL01-MG"
128419;2018-04-17;"terça-feira";"05:35:00";"CE";20;403,3;"CAUCAIA";"Objeto estático sobre o leito carroçável";"Colisão traseira";"Com Vítimas Feridas";"Amanhecer";"Crescente";"Chuva";"Simples";"Reta";"Não";2;0;0;1;1;0;1;2;-3,779411;-38,687853;"SPRF-CE";"DEL01-CE";"UOP01-DEL01-CE"
128420;2018-04-17;"terça-feira";"05:40:00";"MT";163;119;"RONDONOPOLIS";"Falta de Atenção à Condução";"Colisão traseira";"Com Vítimas Feridas";"Amanhecer";"Crescente";"Céu Claro";"Simples";"Interseção de Vias";"Sim";2;0;1;0;1;0;1;2;-16,49216216;-54,64684501;"SPRF-MT";"DEL02-MT";"UOP01-DEL02-MT"
128422;2018-04-17;"terça-feira";"06:30:00";"SC";282;4,8;"SAO JOSE";"Não guardar distância de segurança";"Colisão traseira";"Com Vítimas Feridas";"Amanhecer";"Decrescente";"Céu Claro";"Dupla";"Reta";"Sim";5;0;3;0;2;0;3;4;-27,592646;-48,604034;"SPRF-SC";"DEL01-SC";"UOP01-DEL01-SC"
128423;2018-04-17;"terça-feira";"05:15:00";"SP";116;112,9;"TAUBATE";"Falta de Atenção à Condução";"Colisão traseira";"Com Vítimas Feridas";"Amanhecer";"Decrescente";"Céu Claro";"Dupla";"Reta";"Sim";3;0;1;0;1;2;1;4;-23,041592;-45,570652;"SPRF-SP";"DEL06-SP";"UOP02-DEL02-SP"
128425;2018-02-19;"segunda-feira";"07:30:00";"PB";230;22,4;"JOAO PESSOA";"Ultrapassagem Indevida";"Colisão com objeto estático";"Com Vítimas Feridas";"Pleno dia";"Decrescente";"Sol";"Dupla";"Reta";"Sim";3;0;0;2;1;0;2;2;-7,15639;-34,85736;"SPRF-PB";"DEL01-PB";"UOP01-DEL01-PB"
128428;2018-04-17;"terça-feira";"07:40:00";"SE";101;154,1;"ESTANCIA";"Falta de Atenção do Pedestre";"Atropelamento de Pedestre";"Com Vítimas Feridas";"Pleno dia";"Decrescente";"Céu Claro";"Simples";"Reta";"Sim";2;0;1;0;0;1;1;2;-11,2850455;-37,45275199;"SPRF-SE";"DEL02-SE";"UOP01-DEL02-SE"
128432;2018-04-17;"terça-feira";"07:25:00";"PR";277;3,5;"PARANAGUA";"Não guardar distância de segurança";"Colisão traseira";"Sem Vítimas";"Pleno dia";"Decrescente";"Chuva";"Simples";"Reta";"Sim";3;0;0;0;2;3;0;5;-25,53898073;-48,55810583;"SPRF-PR";"DEL01-PR";"UOP05-DEL01-PR"
128438;2018-04-17;"terça-feira";"08:00:00";"SC";470;98,7;"APIUNA";"Falta de Atenção à Condução";"Colisão lateral";"Com Vítimas Feridas";"Pleno dia";"Crescente";"Céu Claro";"Simples";"Curva";"Não";3;0;0;1;2;0;1;3;-27,027225;-49,379697;"SPRF-SC";"DEL04-SC";"UOP01-DEL04-SC"
128439;2018-04-17;"terça-feira";"08:10:00";"SC";470;73,7;"INDAIAL";"Falta de Atenção à Condução";"Colisão transversal";"Com Vítimas Feridas";"Pleno dia";"Crescente";"Nublado";"Simples";"Interseção de Vias";"Sim";3;0;0;1;2;0;1;3;-26,90097474;-49,26786125;"SPRF-SC";"DEL04-SC";"UOP01-DEL04-SC"
128441;2018-03-05;"segunda-feira";"11:45:00";"MG";251;471;"FRANCISCO SA";"Pista Escorregadia";"Colisão traseira";"Com Vítimas Feridas";"Pleno dia";"Crescente";"Chuva";"Simples";"Declive";"Não";4;0;0;1;3;0;1;2;-16,4775;-43,4201;"SPRF-MG";"DEL12-MG";"UOP01-DEL12-MG"
128446;2018-03-22;"quinta-feira";"14:00:00";"AL";316;215;"ATALAIA";"Defeito Mecânico no Veículo";"Tombamento";"Sem Vítimas";"Pleno dia";"Crescente";"Céu Claro";"Simples";"Reta";"Não";1;0;0;0;1;0;0;1;-9,515592;-36,227467;"SPRF-AL";"DEL01-AL";"UOP01-DEL01-AL"
128449;2018-04-17;"terça-feira";"08:30:00";"CE";20;421,3;"MARACANAU";"Falta de Atenção à Condução";"Colisão lateral";"Sem Vítimas";"Pleno dia";"Crescente";"Nublado";"Dupla";"Reta";"Sim";2;0;0;0;2;0;0;2;-3,76999;-38,670063;"SPRF-CE";"DEL01-CE";"UOP02-DEL01-CE"
128456;2018-04-17;"terça-feira";"09:30:00";"BA";101;456;"AURELINO LEAL";"Desobediência às normas de trânsito pelo condutor";"Colisão frontal";"Com Vítimas Fatais";"Pleno dia";"Crescente";"Céu Claro";"Simples";"Aclive";"Não";3;1;2;0;0;0;2;2;-14,4078;-39,3252;"SPRF-BA";"DEL05-BA";"UOP01-DEL05-BA"
128463;2018-04-17;"terça-feira";"07:40:00";"MT";364;254,6;"JUSCIMEIRA";"Agressão Externa";"Colisão traseira";"Sem Vítimas";"Pleno dia";"Decrescente";"Sol";"Simples";"Aclive";"Não";5;0;0;0;4;5;0;8;-16,083904;-54,871682;"SPRF-MT";"DEL02-MT";"UOP01-DEL02-MT"
128465;2018-04-17;"terça-feira";"11:00:00";"PA";316;6,2;"ANANINDEUA";"Falta de Atenção do Pedestre";"Atropelamento de Pedestre";"Com Vítimas Fatais";"Pleno dia";"Decrescente";"Nublado";"Dupla";"Interseção de Vias";"Sim";3;1;0;0;1;1;0;2;-1,37567473;-48,39048922;"SPRF-PA";"DEL01-PA";"DEL19/1-UOP05/PA"
128472;2018-04-05;"quinta-feira";"23:25:00";"MG";116;586,7;"MANHUACU";"Desobediência às normas de trânsito pelo condutor";"Colisão lateral";"Com Vítimas Feridas";"Plena Noite";"Crescente";"Nublado";"Simples";"Reta";"Sim";4;0;3;0;1;0;3;2;-20,23771733;-42,16419697;"SPRF-MG";"DEL06-MG";"UOP03-DEL06-MG"
128476;2018-04-17;"terça-feira";"12:13:00";"PE";232;71,9;"GRAVATA";"Defeito Mecânico no Veículo";"Colisão com objeto estático";"Sem Vítimas";"Pleno dia";"Decrescente";"Chuva";"Dupla";"Reta";"Não";1;0;0;0;1;0;0;1;-8,18638659;-35,4987359;"SPRF-PE";"DEL01-PE";"UOP02-DEL02PE"
128478;2018-04-12;"quinta-feira";"16:50:00";"GO";153;583;"PROFESSOR JAMIL";"Velocidade Incompatível";"Saída de leito carroçável";"Com Vítimas Feridas";"Anoitecer";"Crescente";"Nublado";"Dupla";"Curva";"Não";2;0;1;0;0;1;1;2;-17,4071;-49,2247;"SPRF-GO";"DEL03-GO";"UOP01-DEL03-GO"
128480;2018-04-17;"terça-feira";"13:10:00";"MT";158;429;"RIBEIRAO CASCALHEIRA";"Falta de Atenção à Condução";"Tombamento";"Sem Vítimas";"Pleno dia";"Crescente";"Nublado";"Simples";"Reta";"Não";2;0;0;0;1;2;0;3;-12,97779492;-51,87663674;"SPRF-MT";"DEL07-MT";"UOP02-DEL07-MT"
128486;2018-04-17;"terça-feira";"13:00:00";"PR";467;90;"CASCAVEL";"Ultrapassagem Indevida";"Saída de leito carroçável";"Com Vítimas Feridas";"Pleno dia";"Decrescente";"Sol";"Dupla";"Curva";"Não";6;0;1;0;4;1;1;5;-24,8439;-53,6077;"SPRF-PR";"DEL04-PR";"UOP01-DEL04-PR"
128488;2018-04-17;"terça-feira";"14:00:00";"PE";101;75;"RECIFE";"Falta de Atenção do Pedestre";"Atropelamento de Pedestre";"Com Vítimas Feridas";"Pleno dia";"Crescente";"Céu Claro";"Simples";"Reta";"Não";3;0;0;1;1;1;1;2;-8,1194;-34,9429;"SPRF-PE";"DEL01-PE";"UOP01-DEL01-PE"
128490;2018-04-17;"terça-feira";"13:15:00";"SC";470;144,9;"RIO DO SUL";"Falta de Atenção à Condução";"Colisão transversal";"Com Vítimas Feridas";"Pleno dia";"Decrescente";"Nublado";"Simples";"Reta";"Sim";3;0;1;0;2;0;1;2;-27,22047929;-49,65946913;"SPRF-SC";"DEL04-SC";"UOP02-DEL04-SC"
128496;2018-04-17;"terça-feira";"14:30:00";"AL";316;209;"MARIBONDO";"Falta de Atenção à Condução";"Saída de leito carroçável";"Com Vítimas Feridas";"Pleno dia";"Crescente";"Chuva";"Simples";"Curva";"Não";3;0;2;0;1;0;2;1;-9,521623;-36,233906;"SPRF-AL";"DEL01-AL";"UOP01-DEL01-AL"
128497;2018-04-17;"terça-feira";"11:00:00";"MT";174;282,9;"PONTES E LACERDA";"Falta de Atenção à Condução";"Colisão lateral";"Com Vítimas Feridas";"Pleno dia";"Decrescente";"Céu Claro";"Simples";"Declive";"Não";3;0;2;0;1;0;2;2;-15,287908;-59,2800046;"SPRF-MT";"DEL04-MT";"UOP01-DEL04-MT"
128501;2018-04-17;"terça-feira";"10:30:00";"RJ";356;60;"ITAPERUNA";"Agressão Externa";"Tombamento";"Sem Vítimas";"Pleno dia";"Crescente";"Céu Claro";"Simples";"Curva";"Não";2;0;0;0;2;0;0;2;-21,349068;-41,713776;"SPRF-RJ";"DEL08-RJ";"UOP03-DEL08-RJ"
128502;2018-04-17;"terça-feira";"15:50:00";"RS";392;351,1;"SANTA MARIA";"Defeito Mecânico no Veículo";"Colisão transversal";"Com Vítimas Fatais";"Pleno dia";"Decrescente";"Sol";"Simples";"Reta";"Sim";3;1;0;0;1;1;0;3;-29,73227817;-53,80037069;"SPRF-RS";"DEL09-RS";"UOP01-DEL09-RS"
128507;2018-04-17;"terça-feira";"17:15:00";"GO";452;0;"RIO VERDE";"Ingestão de Álcool";"Saída de leito carroçável";"Sem Vítimas";"Pleno dia";"Crescente";"Céu Claro";"Múltipla";"Reta";"Sim";2;0;0;0;1;2;0;3;-17,786345;-50,901516;"SPRF-GO";"DEL04-GO";"UOP01-DEL04-GO"
128513;2018-04-17;"terça-feira";"15:15:00";"RS";290;90;"PORTO ALEGRE";"Carga excessiva e/ou mal acondicionada";"Derramamento de carga";"Com Vítimas Feridas";"Pleno dia";"Decrescente";"Sol";"Dupla";"Reta";"Não";3;0;1;0;1;1;1;3;-29,968733;-51,16456473;"SPRF-RS";"DEL01-RS";"UOP01-DEL01-RS"
128514;2018-04-17;"terça-feira";"15:00:00";"RO";319;64,1;"PORTO VELHO";"Não guardar distância de segurança";"Colisão traseira";"Com Vítimas Feridas";"Pleno dia";"Crescente";"Céu Claro";"Múltipla";"Reta";"Sim";3;0;1;0;1;1;1;3;-8,76738124;-63,8842696;"SPRF-RO";"DEL01-RO";"UOP01-DEL01-RO"
128515;2018-04-17;"terça-feira";"15:00:00";"MG";40;739,5;"SANTOS DUMONT";"Desobediência às normas de trânsito pelo condutor";"Colisão transversal";"Com Vítimas Feridas";"Pleno dia";"Crescente";"Nublado";"Simples";"Curva";"Não";3;0;2;0;1;0;2;2;-21,4261452;-43,55712175;"SPRF-MG";"DEL05-MG";"UOP01-DEL05-MG"
128518;2018-04-17;"terça-feira";"17:30:00";"MG";267;144,9;"LIMA DUARTE";"Ultrapassagem Indevida";"Tombamento";"Sem Vítimas";"Pleno dia";"Decrescente";"Céu Claro";"Simples";"Curva";"Não";3;0;0;0;2;2;0;3;-21,8025574;-43,69468412;"SPRF-MG";"DEL05-MG";"UOP01-DEL05-MG"
128523;2018-04-17;"terça-feira";"17:50:00";"CE";116;68,7;"CHOROZINHO";"Desobediência às normas de trânsito pelo condutor";"Colisão transversal";"Com Vítimas Feridas";"Plena Noite";"Decrescente";"Nublado";"Simples";"Reta";"Não";2;0;1;0;1;0;1;2;-4,322551;-38,489371;"SPRF-CE";"DEL03-CE";"UOP02-DEL03-CE"
128524;2018-04-17;"terça-feira";"16:00:00";"RO";364;489,5;"ARIQUEMES";"Falta de Atenção à Condução";"Colisão traseira";"Com Vítimas Feridas";"Pleno dia";"Crescente";"Nublado";"Simples";"Declive";"Não";4;0;0;1;3;0;1;2;-10,107738;-62,938251;"SPRF-RO";"DEL03-RO";"UOP01-DEL03-RO"
128526;2018-04-17;"terça-feira";"17:35:00";"RJ";116;225,9;"PIRAI";"Defeito Mecânico no Veículo";"Tombamento";"Sem Vítimas";"Anoitecer";"Decrescente";"Céu Claro";"Simples";"Curva";"Não";1;0;0;0;1;0;0;1;-22,679905;-43,814217;"SPRF-RJ";"DEL07-RJ";"UOP01-DEL07-RJ"
128538;2018-04-17;"terça-feira";"19:00:00";"RS";116;27;"VACARIA";"Ingestão de álcool e/ou substâncias psicoativas pelo pedestre";"Colisão lateral";"Com Vítimas Feridas";"Plena Noite";"Crescente";"Céu Claro";"Simples";"Reta";"Não";4;0;1;0;1;2;1;4;-28,422174;-50,86562;"SPRF-RS";"DEL05-RS";"UOP03-DEL05-RS"
128540;2018-04-17;"terça-feira";"18:45:00";"MG";40;500;"PEDRO LEOPOLDO";"Desobediência às normas de trânsito pelo condutor";"Colisão traseira";"Com Vítimas Fatais";"Plena Noite";"Decrescente";"Céu Claro";"Dupla";"Declive";"Não";3;1;0;0;1;1;0;3;-19,7116;-44,1633;"SPRF-MG";"DEL02-MG";"UOP01-DEL02-MG"
128544;2018-04-17;"terça-feira";"19:20:00";"SP";116;200;"ARUJA";"Falta de Atenção à Condução";"Colisão lateral";"Com Vítimas Feridas";"Plena Noite";"Decrescente";"Nublado";"Dupla";"Reta";"Sim";4;0;2;0;1;1;2;3;-23,40277967;-46,32080019;"SPRF-SP";"DEL01-SP";"UOP02-DEL01-SP"
128548;2018-04-17;"terça-feira";"18:15:00";"MS";60;421,2;"SIDROLANDIA";"Falta de Atenção à Condução";"Colisão transversal";"Com Vítimas Fatais";"Plena Noite";"Crescente";"Nublado";"Simples";"Reta";"Não";3;1;0;0;1;1;0;3;-20,921488;-54,952244;"SPRF-MS";"DEL01-MS";"UOP04-DEL01-MS"
128556;2018-04-17;"terça-feira";"19:30:00";"PR";277;687,5;"SAO MIGUEL DO IGUACU";"Falta de Atenção à Condução";"Colisão lateral";"Com Vítimas Feridas";"Plena Noite";"Decrescente";"Céu Claro";"Dupla";"Declive";"Sim";6;0;2;0;3;1;2;3;-25,343779;-54,224457;"SPRF-PR";"DEL05-PR";"UOP01-DEL05-PR"
128559;2018-04-17;"terça-feira";"20:00:00";"RJ";393;281;"VOLTA REDONDA";"Falta de Atenção à Condução";"Colisão transversal";"Com Vítimas Feridas";"Plena Noite";"Crescente";"Céu Claro";"Simples";"Reta";"Sim";3;0;1;0;2;0;1;3;-22,4773696;-44,01602238;"SPRF-RJ";"DEL05-RJ";"UOP04-DEL05-RJ"
128566;2018-04-17;"terça-feira";"20:40:00";"MG";153;109;"MONTE ALEGRE DE MINAS";"Agressão Externa";"Saída de leito carroçável";"Sem Vítimas";"Pleno dia";"Crescente";"Céu Claro";"Múltipla";"Reta";"Não";2;0;0;0;1;1;0;2;-18,8878;-49,051;"SPRF-MG";"DEL15-MG";"UOP03-DEL15-MG"
128567;2018-04-17;"terça-feira";"21:10:00";"MG";381;725,9;"CARMO DA CACHOEIRA";"Falta de Atenção do Pedestre";"Atropelamento de Pedestre";"Com Vítimas Feridas";"Plena Noite";"Crescente";"Nublado";"Dupla";"Reta";"Não";2;0;0;1;1;0;1;2;-21,4726;-45,2041;"SPRF-MG";"DEL04-MG";"UOP02-DEL04-MG"