"id";"data_inversa";"dia_semana";"horario";"uf";"br";"km";"municipio";"causa_acidente";"tipo_acidente";"classificacao_acidente";"fase_dia";"sentido_via";"condicao_metereologica";"tipo_pista";"tracado_via";"uso_solo";"pessoas";"mortos";"feridos_leves";"feridos_graves";"ilesos";"ignorados";"feridos";"veiculos";"latitude";"longitude";"regional";"delegacia";"uop"
128572;2018-04-17;"terça-feira";"11:15:00";"SC";116;117,5;"SANTA CECILIA";"Velocidade Incompatível";"Tombamento";"Com Vítimas Feridas";"Pleno dia";"Decrescente";"Nublado";"Simples";"Curva";"Não";2;0;0;1;0;1;1;2;-26,777237;-50,347702;"SPRF-SC";"DEL06-SC";"UOP02-DEL06-SC"
128575;2018-04-17;"terça-feira";"20:15:00";"MT";163;527,4;"DIAMANTINO";"Pista Escorregadia";"Colisão lateral";"Com Vítimas Fatais";"Plena Noite";"Crescente";"Garoa/Chuvisco";"Simples";"Reta";"Não";6;2;1;0;2;6;1;10;-14,396465;-56,111812;"SPRF-MT";"DEL01-MT";"UOP01-DEL01-MT"
128578;2018-04-17;"terça-feira";"21:30:00";"BA";324;580;"CANDEIAS";"Falta de Atenção à Condução";"Colisão traseira";"Com Vítimas Feridas";"Plena Noite";"Decrescente";"Céu Claro";"Dupla";"Reta";"Não";3;0;1;0;1;1;1;3;-12,6105218;-38,4941612;"SPRF-BA";"DEL01-BA";"UOP01-DEL01-BA"
128599;2018-04-17;"terça-feira";"15:40:00";"MG";381;198,1;"PERIQUITO";"Velocidade Incompatível";"Capotamento";"Com Vítimas Fatais";"Pleno dia";"Crescente";"Nublado";"Simples";"Curva";"Não";4;1;0;1;0;2;1;3;-19,13549871;-42,21334308;"SPRF-MG";"DEL06-MG";"UOP01-DEL06-MG"
128628;2018-04-17;"terça-feira";"21:00:00";"TO";153;106;"WANDERLANDIA";"Defeito na Via";"Tombamento";"Com Vítimas Feridas";"Plena Noite";"Decrescente";"Nublado";"Simples";"Reta;Declive";"Não";3;0;2;0;1;0;2;1;-6,926148;-48,064026;"SPRF-TO";"DEL02-TO";"UOP01-DEL02-TO"
128634;2018-04-17;"terça-feira";"22:40:00";"TO";153;369;"FORTALEZA DO TABOCAO";"Defeito Mecânico no Veículo";"Saída de leito carroçável";"Com Vítimas Feridas";"Plena Noite";"Crescente";"Céu Claro";"Simples";"Curva";"Não";1;0;1;0;0;0;1;1;-9,236448;-48,54803467;"SPRF-TO";"DEL02-TO";"UOP02-DEL02-TO"
128639;2018-04-17;"terça-feira";"23:20:00";"MT";70;515;"VARZEA GRANDE";"Ingestão de Álcool";"Colisão transversal";"Sem Vítimas";"Plena Noite";"Crescente";"Céu Claro";"Simples";"Reta";"Sim";2;0;0;0;2;0;0;2;-15,70229205;-56,15493178;"SPRF-MT";"DEL01-MT";"DEL2/4-UOP02/MT"
128645;2018-04-18;"quarta-feira";"05:25:00";"PR";116;31;"CAMPINA GRANDE DO SUL";"Falta de Atenção à Condução";"Colisão traseira";"Com Vítimas Feridas";"Amanhecer";"Crescente";"Céu Claro";"Dupla";"Aclive";"Não";3;0;0;1;1;3;1;5;-25,101589;-48,830654;"SPRF-PR";"DEL01-PR";"UOP02-DEL01-PR"
128657;2018-04-18;"quarta-feira";"07:20:00";"MG";381;720,8;"CARMO DA CACHOEIRA";"Defeito Mecânico no Veículo";"Derramamento de carga";"Sem Vítimas";"Pleno dia";"Decrescente";"Céu Claro";"Dupla";"Curva";"Não";1;0;0;0;1;0;0;1;-21,4336;-45,2101;"SPRF-MG";"DEL04-MG";"UOP02-DEL04-MG"
128663;2018-04-18;"quarta-feira";"07:00:00";"MS";163;466,2;"CAMPO GRANDE";"Velocidade Incompatível";"Tombamento";"Com Vítimas Feridas";"Pleno dia";"Decrescente";"Céu Claro";"Dupla";"Rotatória";"Sim";2;0;1;0;0;1;1;2;-20,58222643;-54,5836345;"SPRF-MS";"DEL01-MS";"UOP01-DEL01-MS"
128667;2018-03-19;"segunda-feira";"16:40:00";"SP";116;100,3;"PINDAMONHANGABA";"Mal Súbito";"Colisão com objeto estático";"Com Vítimas Feridas";"Pleno dia";"Decrescente";"Céu Claro";"Dupla";"Reta";"Não";2;0;1;0;0;1;1;2;-22,986555;-45,472767;"SPRF-SP";"DEL06-SP";"UOP01-DEL06-SP"
128669;2018-04-18;"quarta-feira";"08:40:00";"SP";116;51,4;"LORENA";"Sinalização da via insuficiente ou inadequada";"Colisão com objeto estático";"Sem Vítimas";"Pleno dia";"Decrescente";"Céu Claro";"Dupla";"Reta";"Não";2;0;0;0;1;1;0;2;-22,741575;-45,092064;"SPRF-SP";"DEL08-SP";"UOP03-DEL08-SP"
128671;2018-04-18;"quarta-feira";"06:50:00";"MT";163;1106;"GUARANTA DO NORTE";"Velocidade Incompatível";"Saída de leito carroçável";"Com Vítimas Feridas";"Pleno dia";"Crescente";"Céu Claro";"Simples";"Declive;Curva";"Não";2;0;1;0;0;2;1;3;-9,85792213;-54,8815155;"SPRF-MT";"DEL06-MT";"UOP02-DEL06-MT"
128673;2018-01-26;"sexta-feira";"18:07:00";"SP";116;139,4;"SAO JOSE DOS CAMPOS";"Não guardar distância de segurança";"Engavetamento";"Com Vítimas Feridas";"Pleno dia";"Crescente";"Nublado";"Dupla";"Aclive";"Sim";5;0;1;0;4;0;1;4;-23,16327154;-45,80742942;"SPRF-SP";"DEL06-SP";"UOP02-DEL02-SP"
128674;2018-04-18;"quarta-feira";"08:40:00";"MG";116;527,2;"CARATINGA";"Falta de Atenção à Condução";"Colisão com objeto estático";"Com Vítimas Feridas";"Pleno dia";"Decrescente";"Céu Claro";"Simples";"Curva";"Sim";2;0;1;0;1;0;1;2;-19,764146;-42,1320287;"SPRF-MG";"DEL06-MG";"UOP02-DEL06-MG"
128677;2018-04-17;"terça-feira";"18:45:00";"AM";174;1094;"PRESIDENTE FIGUEIREDO";"Condutor Dormindo";"Colisão com objeto estático";"Com Vítimas Feridas";"Plena Noite";"Decrescente";"Nublado";"Simples";"Reta";"Não";2;0;1;0;0;1;1;2;-1,24170119;-60,41381836;"SPRF-AM";"DEL01-AM";"UOP02-DEL01-AM"
128678;2018-04-18;"quarta-feira";"10:15:00";"SC";101;204;"SAO JOSE";"Falta de Atenção à Condução";"Colisão traseira";"Com Vítimas Feridas";"Pleno dia";"Crescente";"Céu Claro";"Múltipla";"Reta";"Sim";3;0;0;1;1;2;1;4;-27,5832;-48,6151;"SPRF-SC";"DEL01-SC";"UOP01-DEL01-SC"
128679;2018-04-18;"quarta-feira";"08:40:00";"SP";116;189,9;"SANTA ISABEL";"Defeito Mecânico no Veículo";"Saída de leito carroçável";"Sem Vítimas";"Pleno dia";"Decrescente";"Céu Claro";"Dupla";"Reta;Declive";"Não";2;0;0;0;1;1;0;2;-23,36320608;-46,22288676;"SPRF-SP";"DEL02-SP";"UOP01-DEL02-SP"
128680;2018-04-18;"quarta-feira";"10:30:00";"SP";116;210,7;"GUARULHOS";"Desobediência às normas de trânsito pelo pedestre";"Colisão lateral";"Com Vítimas Feridas";"Pleno dia";"Decrescente";"Céu Claro";"Múltipla";"Reta";"Sim";2;0;1;0;1;0;1;2;-23,42987912;-46,41325593;"SPRF-SP";"DEL01-SP";"UOP01-DEL01-SP"
128681;2018-04-18;"quarta-feira";"10:30:00";"MG";354;713;"CAXAMBU";"Falta de Atenção à Condução";"Colisão transversal";"Sem Vítimas";"Pleno dia";"Crescente";"Céu Claro";"Simples";"Curva";"Não";2;0;0;0;2;0;0;2;-22,07902793;-44,94318008;"SPRF-MG";"DEL05-MG";"DEL5/4-UOP01/MG"
128686;2018-04-18;"quarta-feira";"10:00:00";"RJ";116;78;"TERESOPOLIS";"Defeito Mecânico no Veículo";"Colisão frontal";"Com Vítimas Feridas";"Pleno dia";"Crescente";"Sol";"Simples";"Reta";"Sim";3;0;1;1;1;0;2;2;-22,39452313;-42,95276642;"SPRF-RJ";"DEL04-RJ";"UOP01-DEL04-RJ"
128692;2018-02-18;"domingo";"04:30:00";"MT";163;546,4;"DIAMANTINO";"Falta de Atenção à Condução";"Colisão frontal";"Com Vítimas Fatais";"Pleno dia";"Crescente";"Chuva";"Simples";"Reta";"Não";4;1;0;0;2;3;0;6;-14,24175578;-56,13121033;"SPRF-MT";"DEL01-MT";"UOP01-DEL01-MT"
128696;2018-03-10;"sábado";"12:45:00";"CE";116;36,3;"HORIZONTE";"Condutor Dormindo";"Colisão traseira";"Com Vítimas Feridas";"Pleno dia";"Crescente";"Céu Claro";"Dupla";"Reta";"Sim";2;0;1;0;1;0;1;2;-4,0756;-38,5001;"SPRF-CE";"DEL01-CE";"UOP02-DEL01-CE"
128698;2018-04-18;"quarta-feira";"11:00:00";"RR";401;0;"BOA VISTA";"Falta de Atenção à Condução";"Colisão lateral";"Sem Vítimas";"Pleno dia";"Crescente";"Sol";"Múltipla";"Reta";"Sim";2;0;0;0;2;0;0;2;2,80166253;-60,68123996;"SPRF-RR";"DEL01-RR";"UOP01-DEL01-RR"
128699;2018-04-18;"quarta-feira";"12:40:00";"PR";376;497,8;"PONTA GROSSA";"Falta de Atenção à Condução";"Tombamento";"Com Vítimas Feridas";"Pleno dia";"Crescente";"Céu Claro";"Dupla";"Curva";"Sim";2;0;1;0;0;2;1;3;-25,1515002;-50,14400482;"SPRF-PR";"DEL03-PR";"UOP04-DEL03-PR"
128703;2018-04-18;"quarta-feira";"03:00:00";"GO";50;102;"CRISTALINA";"Falta de Atenção à Condução";"Tombamento";"Sem Vítimas";"Plena Noite";"Crescente";"Céu Claro";"Dupla";"Reta";"Não";2;0;0;0;1;1;0;2;-16,9309;-47,7117;"SPRF-DF";"DEL01-DF";"UOP02-DEL01-DF"
128704;2018-04-18;"quarta-feira";"12:05:00";"RS";386;305;"POUSO NOVO";"Velocidade Incompatível";"Saída de leito carroçável";"Com Vítimas Feridas";"Pleno dia";"Crescente";"Céu Claro";"Dupla";"Em Obras;Curva";"Não";1;0;1;0;0;0;1;1;-29,20786;-52,18214;"SPRF-RS";"DEL04-RS";"UOP01-DEL04-RS"
128711;2018-04-18;"quarta-feira";"14:00:00";"ES";101;293;"CARIACICA";"Falta de Atenção à Condução";"Colisão transversal";"Com Vítimas Feridas";"Pleno dia";"Crescente";"Céu Claro";"Múltipla";"Interseção de Vias";"Sim";2;0;1;0;1;0;1;2;-20,31793664;-40,39598286;"SPRF-ES";"DEL01-ES";"UOP01-DEL01-ES"
128712;2018-04-18;"quarta-feira";"13:25:00";"MA";135;45;"BACABEIRA";"Falta de Atenção à Condução";"Colisão traseira";"Sem Vítimas";"Pleno dia";"Decrescente";"Céu Claro";"Dupla";"Reta";"Sim";2;0;0;0;2;0;0;2;-2,923712;-44,340145;"SPRF-MA";"DEL01-MA";"UOP01-DEL01-MA"
128717;2018-04-18;"quarta-feira";"13:55:00";"PE";101;48;"ABREU E LIMA";"Falta de Atenção do Pedestre";"Atropelamento de Pedestre";"Com Vítimas Feridas";"Pleno dia";"Crescente";"Sol";"Múltipla";"Reta";"Sim";3;0;1;0;1;1;1;3;-7,898;-34,9025;"SPRF-PE";"DEL01-PE";"UOP02-DEL01-PE"
128720;2018-04-18;"quarta-feira";"14:05:00";"RS";386;335,3;"MARQUES DE SOUZA";"Falta de Atenção à Condução";"Saída de leito carroçável";"Com Vítimas Feridas";"Pleno dia";"Decrescente";"Céu Claro";"Simples";"Reta";"Não";2;0;1;0;0;1;1;2;-29,38554057;-52,05289987;"SPRF-RS";"DEL04-RS";"UOP01-DEL04-RS"
128728;2018-04-18;"quarta-feira";"14:40:00";"RN";405;54,9;"FELIPE GUERRA";"Condutor Dormindo";"Colisão frontal";"Com Vítimas Feridas";"Pleno dia";"Decrescente";"Sol";"Simples";"Reta";"Não";3;0;0;1;1;2;1;4;-5,489237;-37,696262;"SPRF-RN";"DEL04-RN";"UOP02-DEL04-RN"
128731;2018-04-18;"quarta-feira";"15:50:00";"PR";116;128,8;"FAZENDA RIO GRANDE";"Falta de Atenção à Condução";"Colisão lateral";"Com Vítimas Feridas";"Pleno dia";"Decrescente";"Céu Claro";"Dupla";"Aclive";"Sim";3;0;1;0;1;1;1;3;-25,66485356;-49,31393623;"SPRF-PR";"DEL01-PR";"UOP03-DEL01-PR"
128733;2018-04-18;"quarta-feira";"15:40:00";"GO";60;461,5;"JATAI";"Falta de Atenção à Condução";"Tombamento";"Com Vítimas Feridas";"Pleno dia";"Decrescente";"Céu Claro";"Dupla";"Curva";"Não";1;0;1;0;0;0;1;1;-17,9230154;-51,6901085;"SPRF-GO";"DEL05-GO";"UOP01-DEL05-GO"
128734;2018-04-18;"quarta-feira";"11:30:00";"PE";424;51;"CAETES";"Velocidade Incompatível";"Saída de leito carroçável";"Com Vítimas Feridas";"Pleno dia";"Decrescente";"Sol";"Simples";"Curva;Declive";"Não";2;0;2;0;0;0;2;1;-8,721552;-36,7756;"SPRF-PE";"DEL03-PE";"UOP01-DEL03-PE"
128737;2018-04-18;"quarta-feira";"14:50:00";"MT";163;829;"SINOP";"Falta de Atenção à Condução";"Colisão traseira";"Com Vítimas Feridas";"Pleno dia";"Crescente";"Céu Claro";"Dupla";"Retorno Regulamentado";"Sim";5;0;1;0;3;3;1;6;-11,91218;-55,50839;"SPRF-MT";"DEL06-MT";"UOP01-DEL06-MT"
128738;2018-04-18;"quarta-feira";"15:00:00";"SC";470;226,8;"PONTE ALTA";"Falta de Atenção à Condução";"Colisão traseira";"Com Vítimas Feridas";"Pleno dia";"Decrescente";"Céu Claro";"Simples";"Aclive";"Não";2;0;1;0;1;0;1;2;-27,309647;-50,128212;"SPRF-SC";"DEL05-SC";"UOP03-DEL05-SC"
128741;2018-04-18;"quarta-feira";"17:00:00";"SC";101;204,8;"SAO JOSE";"Não guardar distância de segurança";"Colisão lateral";"Com Vítimas Feridas";"Pleno dia";"Decrescente";"Sol";"Múltipla";"Reta";"Sim";2;0;1;0;1;0;1;2;-27,5832;-48,6151;"SPRF-SC";"DEL01-SC";"UOP01-DEL01-SC"
128743;2018-04-18;"quarta-feira";"15:00:00";"MS";163;478,1;"CAMPO GRANDE";"Não guardar distância de segurança";"Colisão lateral";"Com Vítimas Feridas";"Pleno dia";"Decrescente";"Nublado";"Simples";"Reta";"Sim";2;0;1;0;0;1;1;2;-20,496015;-54,558751;"SPRF-MS";"DEL01-MS";"UOP01-DEL01-MS"
128745;2018-04-18;"quarta-feira";"16:40:00";"SP";116;472;"JACUPIRANGA";"Falta de Atenção à Condução";"Colisão traseira";"Com Vítimas Feridas";"Pleno dia";"Crescente";"Sol";"Dupla";"Reta";"Não";7;0;1;0;5;1;1;3;-24,67317825;-47,97919295;"SPRF-SP";"DEL05-SP";"UAP01-DEL05-SP"
128746;2018-04-18;"quarta-feira";"15:21:00";"SC";101;63;"ARAQUARI";"Falta de Atenção à Condução";"Colisão traseira";"Com Vítimas Fatais";"Pleno dia";"Crescente";"Céu Claro";"Dupla";"Reta";"Não";3;1;0;0;1;1;0;3;-26,46295273;-48,75302825;"SPRF-SC";"DEL03-SC";"UOP02-DEL03-SC"
128751;2018-04-18;"quarta-feira";"18:20:00";"PE";104;118,9;"PANELAS";"Velocidade Incompatível";"Tombamento";"Com Vítimas Feridas";"Plena Noite";"Decrescente";"Nublado";"Simples";"Curva";"Não";2;0;1;0;0;2;1;3;-8,69125113;-36,02361202;"SPRF-PE";"DEL02-PE";"UOP01-DEL02-PE"
128760;2018-04-18;"quarta-feira";"16:20:00";"MG";116;410;"GOVERNADOR VALADARES";"Falta de Atenção à Condução";"Colisão traseira";"Com Vítimas Feridas";"Pleno dia";"Decrescente";"Nublado";"Dupla";"Reta";"Sim";2;0;0;1;1;0;1;2;-18,85437128;-41,97621703;"SPRF-MG";"DEL06-MG";"UOP01-DEL06-MG"
128769;2018-04-18;"quarta-feira";"14:45:00";"MT";364;539;"ROSARIO OESTE";"Ingestão de Álcool";"Colisão lateral";"Sem Vítimas";"Pleno dia";"Crescente";"Céu Claro";"Simples";"Reta";"Não";3;0;0;0;2;4;0;6;-14,84724009;-56,44397736;"SPRF-MT";"DEL01-MT";"UOP01-DEL01-MT"
128770;2018-04-18;"quarta-feira";"20:00:00";"RN";110;47,2;"MOSSORO";"Não guardar distância de segurança";"Colisão traseira";"Com Vítimas Feridas";"Plena Noite";"Crescente";"Nublado";"Simples";"Reta";"Sim";4;0;1;0;2;1;1;4;-5,2050219;-37,3279367;"SPRF-RN";"DEL04-RN";"UOP01-DEL04-RN"
128772;2018-04-18;"quarta-feira";"19:30:00";"MG";365;371,5;"PATOS DE MINAS";"Ultrapassagem Indevida";"Colisão traseira";"Sem Vítimas";"Plena Noite";"Decrescente";"Céu Claro";"Simples";"Declive";"Não";3;0;0;0;2;2;0;4;-18,54559;-46,20747;"SPRF-MG";"DEL10-MG";"UOP01-DEL10-MG"
128775;2018-04-18;"quarta-feira";"20:40:00";"PR";376;126,9;"ALTO PARANA";"Falta de Atenção à Condução";"Colisão traseira";"Com Vítimas Feridas";"Plena Noite";"Decrescente";"Céu Claro";"Dupla";"Aclive";"Não";3;0;1;0;1;1;1;3;-23,15757623;-52,26385043;"SPRF-PR";"DEL07-PR";"UOP02-DEL09-PR"
128780;2018-04-18;"quarta-feira";"20:10:00";"RS";116;397,7;"CAMAQUA";"Falta de Atenção à Condução";"Colisão transversal";"Sem Vítimas";"Plena Noite";"Decrescente";"Nublado";"Simples";"Rotatória";"Sim";3;0;0;0;2;1;0;3;-30,85979487;-51,78714752;"SPRF-RS";"DEL02-RS";"UOP03-DEL02-RS"
128789;2018-04-18;"quarta-feira";"17:30:00";"MA";135;41,4;"BACABEIRA";"Falta de Atenção à Condução";"Tombamento";"Sem Vítimas";"Anoitecer";"Crescente";"Nublado";"Dupla";"Reta";"Não";2;0;0;0;1;1;0;2;-2,90271011;-44,36463833;"SPRF-MA";"DEL01-MA";"UOP01-DEL01-MA"
128790;2018-04-18;"quarta-feira";"22:22:00";"MG";381;487,8;"BETIM";"Falta de Atenção à Condução";"Engavetamento";"Com Vítimas Fatais";"Plena Noite";"Crescente";"Céu Claro";"Múltipla";"Reta";"Sim";14;2;4;0;7;1;4;11;-19,95751687;-44,12256896;"SPRF-MG";"DEL01-MG";"UOP03-DEL01-MG"
128791;2018-04-18;"quarta-feira";"17:45:00";"SC";280;92,1;"CORUPA";"Velocidade Incompatível";"Capotamento";"Com Vítimas Fatais";"Anoitecer";"Decrescente";"Céu Claro";"Simples";"Declive;Curva";"Não";4;1;1;0;2;0;1;4;-26,3949162;-49,29450631;"SPRF-SC";"DEL06-SC";"UOP03-DEL06-SC"
128792;2018-04-18;"quarta-feira";"21:50:00";"MT";364;464;"VARZEA GRANDE";"Pista Escorregadia";"Colisão frontal";"Com Vítimas Feridas";"Plena Noite";"Crescente";"Chuva";"Simples";"Curva";"Não";4;0;1;0;2;2;1;4;-15,494163;-56,277405;"SPRF-MT";"DEL01-MT";"DEL2/4-UOP02/MT"
128793;2018-04-18;"quarta-feira";"22:00:00";"RS";101;22,2;"TRES CACHOEIRAS";"Falta de Atenção à Condução";"Colisão traseira";"Com Vítimas Feridas";"Plena Noite";"Decrescente";"Céu Claro";"Dupla";"Reta";"Sim";3;0;1;0;1;1;1;3;-29,439827;-49,901169;"SPRF-RS";"DEL03-RS";"DEL9/3-UOP03/RS"
128796;2018-04-18;"quarta-feira";"22:50:00";"SP";116;347,3;"MIRACATU";"Falta de Atenção à Condução";"Colisão traseira";"Com Vítimas Feridas";"Plena Noite";"Crescente";"Nublado";"Dupla";"Declive";"Não";3;0;1;0;1;1;1;3;-24,04999938;-47,20014217;"SPRF-SP";"DEL04-SP";"UOP03-DEL04-SP"
128797;2018-04-18;"quarta-feira";"22:15:00";"SC";282;325,3;"CAMPOS NOVOS";"Defeito Mecânico no Veículo";"Incêndio";"Sem Vítimas";"Plena Noite";"Decrescente";"Céu Claro";"Simples";"Interseção de Vias";"Não";2;0;0;0;1;1;0;2;-27,3745017;-51,06846571;"SPRF-SC";"DEL07-SC";"UOP06-DEL07-SC"
128802;2018-04-18;"quarta-feira";"23:55:00";"PR";277;8,5;"PARANAGUA";"Falta de Atenção à Condução";"Colisão traseira";"Sem Vítimas";"Plena Noite";"Decrescente";"Céu Claro";"Dupla";"Reta";"Não";3;0;0;0;2;4;0;6;-25,56425221;-48,59578371;"SPRF-PR";"DEL01-PR";"UOP05-DEL01-PR"
128805;2018-04-18;"quarta-feira";"23:55:00";"MG";116;147;"PONTO DOS VOLANTES";"Desobediência às normas de trânsito pelo condutor";"Colisão frontal";"Com Vítimas Fatais";"Plena Noite";"Decrescente";"Céu Claro";"Simples";"Curva";"Não";3;1;0;1;1;0;1;2;-16,85449107;-41,47750854;"SPRF-MG";"DEL11-MG";"UOP02-DEL11-MG"
128808;2018-04-19;"quinta-feira";"04:15:00";"MG";40;478,9;"SETE LAGOAS";"Velocidade Incompatível";"Colisão traseira";"Com Vítimas Feridas";"Plena Noite";"Crescente";"Céu Claro";"Dupla";"Declive";"Não";32;0;11;0;21;0;11;2;-19,5391;-44,2525;"SPRF-MG";"DEL02-MG";"UOP01-DEL02-MG"
128812;2018-04-18;"quarta-feira";"22:00:00";"MG";251;473;"FRANCISCO SA";"Defeito Mecânico no Veículo";"Saída de leito carroçável";"Com Vítimas Feridas";"Pleno dia";"Crescente";"Céu Claro";"Simples";"Curva";"Não";1;0;1;0;0;0;1;1;-16,4673;-43,4322;"SPRF-MG";"DEL12-MG";"UOP01-DEL12-MG"
128815;2018-04-18;"quarta-feira";"17:20:00";"RS";392;10,6;"RIO GRANDE";"Falta de Atenção à Condução";"Colisão traseira";"Com Vítimas Feridas";"Pleno dia";"Decrescente";"Céu Claro";"Dupla";"Reta";"Não";3;0;1;0;1;4;1;6;-32,11803828;-52,12330341;"SPRF-RS";"DEL07-RS";"UOP02-DEL07-RS"
128834;2018-04-19;"quinta-feira";"08:45:00";"SP";153;66,8;"SAO JOSE DO RIO PRETO";"Não guardar distância de segurança";"Colisão traseira";"Com Vítimas Feridas";"Pleno dia";"Crescente";"Céu Claro";"Simples";"Em Obras;Reta";"Sim";7;0;2;0;5;0;2;2;-20,84703049;-49,374755;"SPRF-SP";"DEL09-SP";"UOP01-DEL09-SP"
128836;2018-04-19;"quinta-feira";"08:30:00";"MG";116;257;"TEOFILO OTONI";"Velocidade Incompatível";"Saída de leito carroçável";"Com Vítimas Feridas";"Pleno dia";"Decrescente";"Céu Claro";"Simples";"Curva;Declive";"Não";2;0;0;1;0;1;1;2;-17,62210016;-41,49742126;"SPRF-MG";"DEL11-MG";"UOP01-DEL11-MG"
128837;2018-04-19;"quinta-feira";"07:30:00";"MG";381;366;"SAO GONCALO DO RIO ABAIXO";"Desobediência às normas de trânsito pelo condutor";"Colisão lateral";"Sem Vítimas";"Pleno dia";"Crescente";"Céu Claro";"Simples";"Reta";"Não";3;0;0;0;2;1;0;3;-19,85262318;-43,2142067;"SPRF-MG";"DEL03-MG";"UOP01-DEL03-MG"
128838;2018-04-06;"sexta-feira";"07:10:00";"PR";376;675;"GUARATUBA";"Velocidade Incompatível";"Colisão traseira";"Com Vítimas Fatais";"Pleno dia";"Crescente";"Céu Claro";"Dupla";"Reta";"Não";4;1;0;0;2;1;0;4;-25,84933689;-49,01687622;"SPRF-PR";"DEL01-PR";"DEL7/1-UOP08/PR"
128840;2018-04-19;"quinta-feira";"06:00:00";"PE";101;93,5;"CABO DE SANTO AGOSTINHO";"Condutor Dormindo";"Colisão traseira";"Com Vítimas Feridas";"Pleno dia";"Crescente";"Chuva";"Simples";"Reta";"Sim";3;0;1;0;1;1;1;3;-8,247969;-35,000359;"SPRF-PE";"DEL01-PE";"UOP03-DEL01-PE"
128851;2018-04-19;"quinta-feira";"09:00:00";"SP";116;362;"MIRACATU";"Velocidade Incompatível";"Derramamento de carga";"Sem Vítimas";"Pleno dia";"Decrescente";"Céu Claro";"Dupla";"Curva";"Não";2;0;0;0;1;1;0;2;-24,12766643;-47,27222532;"SPRF-SP";"DEL04-SP";"UOP03-DEL04-SP"
128858;2018-04-13;"sexta-feira";"02:00:00";"PE";101;138,5;"ESCADA";"Falta de Atenção à Condução";"Saída de leito carroçável";"Sem Vítimas";"Plena Noite";"Crescente";"Nublado";"Dupla";"Reta";"Não";2;0;0;0;1;2;0;3;-8,4268;-35,3213;"SPRF-PE";"DEL01-PE";"UOP03-DEL01-PE"
128859;2018-04-19;"quinta-feira";"10:20:00";"MG";40;757,6;"EWBANK DA CAMARA";"Velocidade Incompatível";"Tombamento";"Com Vítimas Feridas";"Pleno dia";"Decrescente";"Céu Claro";"Simples";"Curva";"Sim";3;0;1;1;0;1;2;2;-21,5422;-43,5118;"SPRF-MG";"DEL05-MG";"UOP01-DEL05-MG"
128863;2018-03-07;"quarta-feira";"16:30:00";"SC";101;205,1;"SAO JOSE";"Falta de Atenção à Condução";"Colisão traseira";"Sem Vítimas";"Pleno dia";"Crescente";"Nublado";"Dupla";"Reta";"Sim";2;0;0;0;2;0;0;2;-27,58455277;-48,61571515;"SPRF-SC";"DEL01-SC";"UOP01-DEL01-SC"
128864;2018-04-19;"quinta-feira";"10:50:00";"MG";365;740,8;"ITUIUTABA";"Falta de Atenção à Condução";"Colisão traseira";"Sem Vítimas";"Pleno dia";"Crescente";"Céu Claro";"Simples";"Reta;Em Obras";"Não";3;0;0;0;2;4;0;6;-18,91010726;-49,35752749;"SPRF-MG";"DEL15-MG";"UOP03-DEL15-MG"
128865;2018-04-19;"quinta-feira";"10:00:00";"SP";381;0,1;"VARGEM";"Falta de Atenção à Condução";"Colisão traseira";"Com Vítimas Feridas";"Pleno dia";"Crescente";"Céu Claro";"Múltipla";"Reta;Aclive";"Não";5;0;1;0;3;1;1;4;-22,878674;-46,372143;"SPRF-SP";"DEL03-SP";"UOP02-DEL03-SP"
128866;2018-04-19;"quinta-feira";"10:00:00";"RS";468;84,4;"BOM PROGRESSO";"Desobediência às normas de trânsito pelo condutor";"Colisão transversal";"Com Vítimas Fatais";"Pleno dia";"Crescente";"Céu Claro";"Simples";"Interseção de Vias";"Não";5;1;1;1;2;0;2;2;-27,58666586;-53,87031734;"SPRF-RS";"DEL08-RS";"UOP02-DEL08-RS"
128868;2018-04-19;"quinta-feira";"11:05:00";"PR";376;430,6;"TIBAGI";"Falta de Atenção à Condução";"Engavetamento";"Com Vítimas Feridas";"Pleno dia";"Crescente";"Sol";"Simples";"Aclive";"Sim";8;0;1;4;2;1;5;6;-24,74135529;-50,53759485;"SPRF-PR";"DEL03-PR";"UOP02-DEL03-PR"
128869;2018-04-19;"quinta-feira";"10:40:00";"DF";20;12;"BRASILIA";"Agressão Externa";"Colisão com objeto estático";"Com Vítimas Feridas";"Pleno dia";"Decrescente";"Céu Claro";"Dupla";"Reta";"Não";5;0;4;0;1;0;4;2;-15,642812;-47,757786;"SPRF-DF";"DEL02-DF";"UOP01-DEL02-DF"
128872;2018-03-22;"quinta-feira";"20:30:00";"SC";282;436,8;"VARGEM BONITA";"Falta de Atenção à Condução";"Colisão transversal";"Com Vítimas Fatais";"Plena Noite";"Decrescente";"Chuva";"Simples";"Rotatória";"Não";3;1;0;0;1;1;0;3;-26,96858973;-51,85684204;"SPRF-SC";"DEL07-SC";"UOP04-DEL07-SC"
128873;2018-04-19;"quinta-feira";"10:40:00";"RJ";393;114;"SAPUCAIA";"Velocidade Incompatível";"Colisão com objeto estático";"Com Vítimas Feridas";"Pleno dia";"Decrescente";"Sol";"Simples";"Curva";"Não";2;0;1;0;0;1;1;2;-21,92187692;-42,76778787;"SPRF-RJ";"DEL06-RJ";"UOP01-DEL05-RJ"
128876;2018-04-19;"quinta-feira";"10:45:00";"PR";376;587;"CURITIBA";"Carga excessiva e/ou mal acondicionada";"Tombamento";"Com Vítimas Feridas";"Pleno dia";"Decrescente";"Céu Claro";"Simples";"Curva;Aclive";"Sim";3;0;2;0;0;1;2;2;-25,42971029;-49,36509132;"SPRF-PR";"DEL01-PR";"UOP06-DEL01-PR"