"id";"data_inversa";"dia_semana";"horario";"uf";"br";"km";"municipio";"causa_acidente";"tipo_acidente";"classificacao_acidente";"fase_dia";"sentido_via";"condicao_metereologica";"tipo_pista";"tracado_via";"uso_solo";"pessoas";"mortos";"feridos_leves";"feridos_graves";"ilesos";"ignorados";"feridos";"veiculos";"latitude";"longitude";"regional";"delegacia";"uop"
129719;2018-04-23;"segunda-feira";"07:40:00";"SC";101;317,8;"PESCARIA BRAVA";"Falta de Atenção à Condução";"Colisão lateral";"Com Vítimas Feridas";"Pleno dia";"Crescente";"Céu Claro";"Dupla";"Curva";"Sim";2;0;1;0;1;0;1;2;-28,42659493;-48,86268675;"SPRF-SC";"DEL02-SC";"UOP01-DEL02-SC"
129721;2018-04-23;"segunda-feira";"07:40:00";"PR";116;122;"CURITIBA";"Falta de Atenção à Condução";"Colisão traseira";"Com Vítimas Feridas";"Pleno dia";"Decrescente";"Céu Claro";"Dupla";"Reta";"Não";2;0;1;0;1;0;1;2;-25,551222;-49,305038;"SPRF-PR";"DEL01-PR";"UOP03-DEL01-PR"
129724;2018-04-23;"segunda-feira";"07:40:00";"RS";392;31,9;"RIO GRANDE";"Falta de Atenção à Condução";"Saída de leito carroçável";"Com Vítimas Feridas";"Pleno dia";"Decrescente";"Céu Claro";"Dupla";"Viaduto";"Não";2;0;1;0;0;1;1;2;-32,044205;-52,280273;"SPRF-RS";"DEL07-RS";"UOP02-DEL07-RS"
129733;2018-04-23;"segunda-feira";"13:50:00";"MG";40;573;"ITABIRITO";"Desobediência às normas de trânsito pelo condutor";"Colisão frontal";"Com Vítimas Fatais";"Pleno dia";"Crescente";"Céu Claro";"Simples";"Reta";"Não";3;1;0;0;1;1;0;3;-20,246;-43,9643;"SPRF-MG";"DEL01-MG";"UOP02-DEL01-MG"
129741;2018-04-23;"segunda-feira";"14:00:00";"RN";101;106,7;"PARNAMIRIM";"Falta de Atenção à Condução";"Colisão traseira";"Com Vítimas Feridas";"Pleno dia";"Crescente";"Chuva";"Dupla";"Reta";"Sim";3;0;1;0;2;0;1;3;-5,9144464;-35,26236892;"SPRF-RN";"DEL01-RN";"UOP01-DEL01-RN"
129750;2018-04-23;"segunda-feira";"14:15:00";"PR";277;103;"CAMPO LARGO";"Defeito Mecânico no Veículo";"Colisão com objeto em movimento";"Sem Vítimas";"Pleno dia";"Decrescente";"Sol";"Dupla";"Declive";"Sim";2;0;0;0;2;0;0;2;-25,42901265;-49,39331889;"SPRF-PR";"DEL01-PR";"UOP06-DEL01-PR"
129756;2018-04-23;"segunda-feira";"12:00:00";"PR";376;654;"TIJUCAS DO SUL";"Desobediência às normas de trânsito pelo condutor";"Colisão com objeto estático";"Com Vítimas Feridas";"Pleno dia";"Decrescente";"Sol";"Dupla";"Reta";"Não";2;0;1;0;0;1;1;2;-25,84223034;-49,01830316;"SPRF-PR";"DEL01-PR";"DEL7/1-UOP08/PR"
129770;2018-04-23;"segunda-feira";"12:30:00";"BA";116;582;"BREJOES";"Falta de Atenção à Condução";"Saída de leito carroçável";"Sem Vítimas";"Pleno dia";"Decrescente";"Céu Claro";"Simples";"Curva";"Não";2;0;0;0;1;1;0;2;-12,969365;-39,932018;"SPRF-BA";"DEL03-BA";"UOP02-DEL03-BA"
129771;2018-04-23;"segunda-feira";"08:30:00";"AL";424;105;"MARECHAL DEODORO";"Falta de Atenção à Condução";"Tombamento";"Sem Vítimas";"Pleno dia";"Decrescente";"Céu Claro";"Simples";"Aclive";"Não";3;0;0;0;1;2;0;3;-9,703379;-35,809669;"SPRF-AL";"DEL02-AL";"UOP01-DEL02-AL"
129777;2018-04-23;"segunda-feira";"09:05:00";"RS";158;339,2;"SANTA MARIA";"Mal Súbito";"Saída de leito carroçável";"Com Vítimas Feridas";"Pleno dia";"Decrescente";"Chuva";"Simples";"Reta";"Não";1;0;1;0;0;0;1;1;-29,729515;-53,911518;"SPRF-RS";"DEL09-RS";"UOP01-DEL09-RS"
129778;2018-04-23;"segunda-feira";"13:20:00";"MA";222;273;"ARARI";"Falta de Atenção à Condução";"Colisão lateral";"Sem Vítimas";"Pleno dia";"Crescente";"Nublado";"Simples";"Reta";"Não";5;0;0;0;4;1;0;4;-3,47778191;-44,76654053;"SPRF-MA";"DEL01-MA";"UOP02-DEL01-MA"
129779;2018-04-23;"segunda-feira";"15:50:00";"RS";470;28,5;"BARRACAO";"Ingestão de Álcool";"Colisão frontal";"Com Vítimas Feridas";"Pleno dia";"Decrescente";"Céu Claro";"Simples";"Declive;Curva";"Não";4;0;0;1;3;0;1;2;-27,824659;-51,438723;"SPRF-RS";"DEL08-RS";"UOP05-DEL08-RS"
129781;2018-04-23;"segunda-feira";"15:35:00";"MG";381;726,7;"CARMO DA CACHOEIRA";"Velocidade Incompatível";"Tombamento";"Com Vítimas Feridas";"Pleno dia";"Decrescente";"Céu Claro";"Dupla";"Aclive;Curva";"Não";2;0;1;0;0;1;1;2;-21,47843962;-45,20112276;"SPRF-MG";"DEL04-MG";"UOP02-DEL04-MG"
129782;2018-04-23;"segunda-feira";"15:45:00";"SC";101;124,9;"ITAJAI";"Não guardar distância de segurança";"Engavetamento";"Com Vítimas Feridas";"Pleno dia";"Crescente";"Sol";"Dupla";"Reta";"Sim";8;0;3;1;4;0;4;5;-26,94812881;-48,68308336;"SPRF-SC";"DEL04-SC";"UOP04-DEL04-SC"
129784;2018-04-23;"segunda-feira";"15:55:00";"CE";20;417,3;"MARACANAU";"Não guardar distância de segurança";"Colisão traseira";"Com Vítimas Feridas";"Pleno dia";"Crescente";"Céu Claro";"Simples";"Reta";"Sim";2;0;1;0;1;0;1;2;-3,84146808;-38,59524441;"SPRF-CE";"DEL01-CE";"UOP02-DEL01-CE"
129795;2018-04-23;"segunda-feira";"09:20:00";"PE";232;409,3;"SERRA TALHADA";"Falta de Atenção à Condução";"Colisão traseira";"Sem Vítimas";"Pleno dia";"Crescente";"Céu Claro";"Simples";"Reta";"Sim";2;0;0;0;2;0;0;2;-7,98156899;-38,29072237;"SPRF-PE";"DEL04-PE";"UOP01-DEL04-PE"
129796;2018-04-23;"segunda-feira";"17:12:00";"PR";116;126;"FAZENDA RIO GRANDE";"Falta de Atenção à Condução";"Colisão com objeto em movimento";"Com Vítimas Feridas";"Pleno dia";"Decrescente";"Céu Claro";"Dupla";"Reta";"Sim";2;0;1;0;1;0;1;2;-25,63825711;-49,31303132;"SPRF-PR";"DEL01-PR";"UOP03-DEL01-PR"
129797;2018-04-23;"segunda-feira";"13:30:00";"PR";376;181,3;"SARANDI";"Desobediência às normas de trânsito pelo condutor";"Colisão lateral";"Com Vítimas Feridas";"Pleno dia";"Decrescente";"Céu Claro";"Dupla";"Reta";"Sim";3;0;1;0;2;0;1;3;-23,43333885;-51,88476384;"SPRF-PR";"DEL07-PR";"UOP01-DEL09-PR"
129800;2018-04-23;"segunda-feira";"12:45:00";"RO";364;70;"VILHENA";"Defeito na Via";"Colisão lateral";"Com Vítimas Feridas";"Pleno dia";"Decrescente";"Céu Claro";"Simples";"Reta";"Não";4;0;1;0;2;5;1;7;-12,467237;-60,498768;"SPRF-RO";"DEL04-RO";"DEL21/4-UOP03/RO"
129801;2018-04-23;"segunda-feira";"11:20:00";"MT";364;349;"SANTO ANTONIO DO LEVERGER";"Velocidade Incompatível";"Colisão com objeto estático";"Com Vítimas Feridas";"Pleno dia";"Crescente";"Céu Claro";"Dupla";"Reta";"Não";2;0;0;1;0;2;1;3;-15,79283171;-55,58015585;"SPRF-MT";"DEL02-MT";"UOP02-DEL01-MT"
129803;2018-04-23;"segunda-feira";"12:00:00";"PR";116;32,5;"CAMPINA GRANDE DO SUL";"Velocidade Incompatível";"Tombamento";"Com Vítimas Feridas";"Pleno dia";"Decrescente";"Céu Claro";"Dupla";"Aclive;Curva";"Não";2;0;1;0;0;1;1;2;-25,10498;-48,839775;"SPRF-PR";"DEL01-PR";"UOP02-DEL01-PR"
129805;2018-04-23;"segunda-feira";"18:15:00";"ES";101;144;"LINHARES";"Ingestão de Álcool";"Colisão traseira";"Sem Vítimas";"Plena Noite";"Decrescente";"Nublado";"Múltipla";"Reta";"Sim";4;0;0;0;4;0;0;4;-19,38275742;-40,0667873;"SPRF-ES";"DEL04-ES";"UOP01-DEL04-ES"
129806;2018-04-23;"segunda-feira";"07:50:00";"MG";365;167,3;"BURITIZEIRO";"Falta de Atenção à Condução";"Colisão lateral";"Com Vítimas Feridas";"Pleno dia";"Crescente";"Sol";"Simples";"Reta";"Não";3;0;1;0;1;1;1;3;-17,38261;-44,97942;"SPRF-MG";"DEL12-MG";"UOP01-DEL12-MG"
129809;2018-04-06;"sexta-feira";"08:30:00";"MG";40;746,5;"SANTOS DUMONT";"Velocidade Incompatível";"Tombamento";"Com Vítimas Feridas";"Pleno dia";"Crescente";"Nublado";"Simples";"Curva";"Sim";4;0;1;1;0;2;2;3;-21,47159059;-43,55026066;"SPRF-MG";"DEL05-MG";"UOP01-DEL05-MG"
129811;2018-04-23;"segunda-feira";"08:35:00";"BA";101;150;"CORACAO DE MARIA";"Não guardar distância de segurança";"Saída de leito carroçável";"Sem Vítimas";"Pleno dia";"Crescente";"Céu Claro";"Simples";"Reta";"Não";2;0;0;0;1;1;0;2;-12,2885;-38,7091;"SPRF-BA";"DEL01-BA";"UOP03-DEL01-BA"
129812;2018-04-23;"segunda-feira";"08:00:00";"CE";222;58,8;"SAO GONCALO DO AMARANTE";"Desobediência às normas de trânsito pelo condutor";"Colisão lateral";"Com Vítimas Feridas";"Pleno dia";"Decrescente";"Céu Claro";"Simples";"Reta";"Não";5;0;0;2;2;3;2;6;-3,67069655;-39,07012939;"SPRF-CE";"DEL01-CE";"UOP03-DEL01-CE"
129816;2018-04-23;"segunda-feira";"17:00:00";"MA";230;667,8;"ESTREITO";"Falta de Atenção à Condução";"Colisão transversal";"Com Vítimas Feridas";"Pleno dia";"Crescente";"Nublado";"Simples";"Reta";"Sim";3;0;0;1;1;1;1;3;-6,5595462;-47,45717168;"SPRF-MA";"DEL04-MA";"UOP02-DEL04-MA"
129819;2018-04-23;"segunda-feira";"17:30:00";"RJ";393;281,1;"VOLTA REDONDA";"Falta de Atenção à Condução";"Colisão transversal";"Com Vítimas Feridas";"Anoitecer";"Decrescente";"Céu Claro";"Simples";"Interseção de Vias";"Sim";3;0;1;0;1;1;1;3;-22,4734471;-44,05895736;"SPRF-RJ";"DEL05-RJ";"UOP04-DEL05-RJ"
129822;2018-04-23;"segunda-feira";"18:20:00";"PI";343;312,4;"ALTOS";"Ultrapassagem Indevida";"Colisão frontal";"Com Vítimas Feridas";"Plena Noite";"Crescente";"Céu Claro";"Simples";"Reta";"Não";3;0;0;1;1;2;1;4;-5,039865;-42,49408;"SPRF-PI";"DEL01-PI";"UOP01-DEL01-PI"
129825;2018-04-23;"segunda-feira";"18:50:00";"RS";392;351,8;"SANTA MARIA";"Falta de Atenção à Condução";"Engavetamento";"Com Vítimas Feridas";"Plena Noite";"Crescente";"Céu Claro";"Simples";"Reta";"Sim";4;0;2;0;2;0;2;4;-29,727333;-53,80431;"SPRF-RS";"DEL09-RS";"UOP01-DEL09-RS"
129830;2018-04-23;"segunda-feira";"09:30:00";"MG";381;304,8;"NOVA ERA";"Velocidade Incompatível";"Colisão frontal";"Com Vítimas Feridas";"Pleno dia";"Crescente";"Chuva";"Simples";"Curva";"Não";4;0;2;0;1;1;2;3;-19,7609;-43,0306;"SPRF-MG";"DEL03-MG";"UOP02-DEL03-MG"
129831;2018-04-23;"segunda-feira";"18:10:00";"RJ";393;179,5;"PARAIBA DO SUL";"Velocidade Incompatível";"Colisão lateral";"Com Vítimas Feridas";"Plena Noite";"Decrescente";"Céu Claro";"Simples";"Reta";"Não";3;0;0;1;1;1;1;3;-22,1435651;-43,286695;"SPRF-RJ";"DEL05-RJ";"UOP03-DEL05-RJ"
129832;2018-04-23;"segunda-feira";"11:00:00";"RO";364;398;"OURO PRETO DO OESTE";"Defeito na Via";"Tombamento";"Sem Vítimas";"Pleno dia";"Crescente";"Céu Claro";"Simples";"Reta";"Não";2;0;0;0;1;3;0;4;-10,617642;-62,331509;"SPRF-RO";"DEL03-RO";"UOP02-DEL03-RO"
129839;2018-04-23;"segunda-feira";"17:00:00";"PB";230;15,5;"JOAO PESSOA";"Falta de Atenção à Condução";"Colisão lateral";"Sem Vítimas";"Anoitecer";"Crescente";"Céu Claro";"Múltipla";"Curva";"Sim";2;0;0;0;2;0;0;2;-7,1053921;-34,8446936;"SPRF-PB";"DEL01-PB";"UOP01-DEL01-PB"
129842;2018-04-23;"segunda-feira";"11:40:00";"MA";135;162;"SAO MATEUS DO MARANHAO";"Desobediência às normas de trânsito pelo condutor";"Colisão traseira";"Sem Vítimas";"Pleno dia";"Crescente";"Garoa/Chuvisco";"Simples";"Reta";"Não";8;0;0;0;8;0;0;3;-3,86528224;-44,49840546;"SPRF-MA";"DEL01-MA";"UOP02-DEL01-MA"
129849;2018-04-23;"segunda-feira";"20:10:00";"MG";262;560;"CORREGO DANTA";"Falta de Atenção à Condução";"Derramamento de carga";"Com Vítimas Feridas";"Plena Noite";"Decrescente";"Céu Claro";"Simples";"Reta";"Não";2;0;1;0;0;1;1;2;-19,737259;-46,013737;"SPRF-MG";"DEL08-MG";"UOP02-DEL08-MG"
129859;2018-04-23;"segunda-feira";"17:00:00";"BA";101;659,8;"ITAPEBI";"Velocidade Incompatível";"Tombamento";"Com Vítimas Feridas";"Anoitecer";"Crescente";"Chuva";"Simples";"Curva";"Não";2;0;1;0;0;1;1;2;-15,9229;-39,5595;"SPRF-BA";"DEL05-BA";"UOP02-DEL05-BA"
129866;2018-04-23;"segunda-feira";"22:50:00";"BA";324;620,1;"SALVADOR";"Falta de Atenção à Condução";"Colisão traseira";"Com Vítimas Feridas";"Plena Noite";"Decrescente";"Nublado";"Múltipla";"Reta";"Sim";5;0;2;0;2;1;2;4;-12,91531375;-38,46148119;"SPRF-BA";"DEL01-BA";"UOP01-DEL01-BA"
129870;2018-04-24;"terça-feira";"00:20:00";"PR";116;6,3;"CAMPINA GRANDE DO SUL";"Falta de Atenção à Condução";"Saída de leito carroçável";"Sem Vítimas";"Plena Noite";"Decrescente";"Céu Claro";"Dupla";"Curva";"Não";2;0;0;0;1;1;0;2;-25,08708;-48,607861;"SPRF-PR";"DEL01-PR";"UOP02-DEL01-PR"
129872;2018-04-23;"segunda-feira";"16:00:00";"PR";476;316,8;"PAULO FRONTIN";"Falta de Atenção à Condução";"Colisão frontal";"Com Vítimas Fatais";"Pleno dia";"Crescente";"Céu Claro";"Simples";"Curva";"Não";3;1;1;0;0;2;1;4;-26,04790081;-50,70642382;"SPRF-PR";"DEL02-PR";"UOP04-DEL02-PR"
129874;2018-04-23;"segunda-feira";"20:30:00";"MT";158;780;"CANABRAVA DO NORTE";"Defeito Mecânico no Veículo";"Incêndio";"Sem Vítimas";"Plena Noite";"Crescente";"Céu Claro";"Simples";"Reta";"Não";2;0;0;0;1;2;0;3;-11,2747133;-51,64793015;"SPRF-MT";"DEL07-MT";"UOP01-DEL07-MT"
129877;2018-04-24;"terça-feira";"03:30:00";"SP";116;93;"PINDAMONHANGABA";"Falta de Atenção à Condução";"Colisão traseira";"Com Vítimas Feridas";"Plena Noite";"Crescente";"Nublado";"Dupla";"Reta";"Sim";2;0;1;0;1;0;1;2;-22,956636;-45,413212;"SPRF-SP";"DEL06-SP";"UOP01-DEL06-SP"
129881;2018-04-24;"terça-feira";"04:10:00";"SP";116;85;"PINDAMONHANGABA";"Não guardar distância de segurança";"Colisão traseira";"Com Vítimas Feridas";"Plena Noite";"Decrescente";"Nublado";"Dupla";"Reta";"Não";3;0;1;0;1;1;1;3;-22,922148;-45,344574;"SPRF-SP";"DEL06-SP";"UOP01-DEL06-SP"
129882;2018-04-24;"terça-feira";"04:50:00";"RJ";40;40,1;"AREAL";"Condutor Dormindo";"Colisão traseira";"Com Vítimas Feridas";"Plena Noite";"Crescente";"Céu Claro";"Dupla";"Reta";"Não";4;0;2;0;1;2;2;4;-22,241974;-43,10735285;"SPRF-RJ";"DEL06-RJ";"UOP02-DEL05-RJ"
129883;2018-04-23;"segunda-feira";"12:30:00";"CE";116;68,4;"CHOROZINHO";"Não guardar distância de segurança";"Queda de ocupante de veículo";"Com Vítimas Feridas";"Pleno dia";"Decrescente";"Céu Claro";"Simples";"Reta";"Não";2;0;1;0;0;1;1;2;-4,32066615;-38,49101272;"SPRF-CE";"DEL03-CE";"UOP02-DEL03-CE"
129884;2018-04-24;"terça-feira";"04:00:00";"DF";20;54;"BRASILIA";"Defeito Mecânico no Veículo";"Tombamento";"Sem Vítimas";"Plena Noite";"Decrescente";"Céu Claro";"Dupla";"Declive";"Não";1;0;0;0;1;0;0;1;-15,578154;-47,384861;"SPRF-DF";"DEL02-DF";"UOP01-DEL02-DF"
129887;2018-04-24;"terça-feira";"02:20:00";"RO";364;340;"JI-PARANA";"Defeito Mecânico no Veículo";"Danos eventuais";"Sem Vítimas";"Plena Noite";"Crescente";"Céu Claro";"Dupla";"Reta";"Sim";2;0;0;0;1;1;0;2;-10,89127839;-61,93084359;"SPRF-RO";"DEL02-RO";"UOP01-DEL02-RO"
129890;2018-04-24;"terça-feira";"06:15:00";"RS";386;368,7;"FAZENDA VILANOVA";"Desobediência às normas de trânsito pelo condutor";"Colisão transversal";"Com Vítimas Feridas";"Amanhecer";"Crescente";"Céu Claro";"Dupla";"Reta;Declive";"Sim";2;0;1;0;1;0;1;2;-29,581799;-51,839783;"SPRF-RS";"DEL04-RS";"UOP02-DEL04-RS"
129907;2018-04-24;"terça-feira";"07:20:00";"MT";70;510;"CUIABA";"Falta de Atenção à Condução";"Colisão traseira";"Com Vítimas Feridas";"Pleno dia";"Crescente";"Céu Claro";"Simples";"Reta";"Sim";2;0;1;0;1;0;1;2;-15,650426;-55,998444;"SPRF-MT";"DEL02-MT";"UOP02-DEL01-MT"
129908;2018-04-24;"terça-feira";"06:15:00";"RS";290;404,2;"SANTA MARGARIDA DO SUL";"Desobediência às normas de trânsito pelo condutor";"Colisão frontal";"Com Vítimas Fatais";"Amanhecer";"Crescente";"Nublado";"Simples";"Reta";"Não";2;1;1;0;0;0;1;2;-30,36377579;-54,19350475;"SPRF-RS";"DEL09-RS";"UOP02-DEL09-RS"
129910;2018-04-24;"terça-feira";"08:30:00";"PR";376;617;"SAO JOSE DOS PINHAIS";"Falta de Atenção à Condução";"Colisão traseira";"Com Vítimas Feridas";"Pleno dia";"Decrescente";"Céu Claro";"Dupla";"Curva";"Não";3;0;1;0;1;1;1;3;-25,60355675;-49,17289311;"SPRF-PR";"DEL01-PR";"DEL7/1-UOP08/PR"
129912;2018-04-24;"terça-feira";"02:30:00";"MG";267;202,3;"BOM JARDIM DE MINAS";"Velocidade Incompatível";"Tombamento";"Com Vítimas Feridas";"Plena Noite";"Crescente";"Nublado";"Simples";"Curva";"Não";2;0;1;0;0;1;1;2;-21,95036972;-44,18237686;"SPRF-MG";"DEL05-MG";"UOP01-DEL05-MG"
129914;2018-04-24;"terça-feira";"08:30:00";"RJ";101;407;"ITAGUAI";"Falta de Atenção à Condução";"Colisão traseira";"Com Vítimas Feridas";"Pleno dia";"Crescente";"Sol";"Dupla";"Reta";"Sim";2;0;1;0;1;0;1;2;-22,87672;-43,816319;"SPRF-RJ";"DEL03-RJ";"UOP01-DEL03-RJ"
129920;2018-04-24;"terça-feira";"09:25:00";"GO";153;498;"GOIANIA";"Não guardar distância de segurança";"Colisão traseira";"Com Vítimas Feridas";"Pleno dia";"Crescente";"Céu Claro";"Dupla";"Aclive";"Sim";5;0;2;0;2;2;2;5;-16,6939;-49,2321;"SPRF-GO";"DEL01-GO";"UOP01-DEL01-GO"
129922;2018-04-24;"terça-feira";"09:50:00";"SC";470;60;"BLUMENAU";"Falta de Atenção à Condução";"Colisão traseira";"Com Vítimas Feridas";"Pleno dia";"Crescente";"Céu Claro";"Simples";"Retorno Regulamentado";"Sim";4;0;1;0;3;0;1;3;-26,88415796;-49,14692849;"SPRF-SC";"DEL04-SC";"UOP01-DEL04-SC"
129929;2018-04-24;"terça-feira";"10:30:00";"CE";116;466,1;"MILAGRES";"Velocidade Incompatível";"Tombamento";"Com Vítimas Feridas";"Pleno dia";"Decrescente";"Céu Claro";"Simples";"Declive;Curva";"Não";2;0;1;0;0;1;1;2;-7,237792;-38,841671;"SPRF-CE";"DEL05-CE";"UOP03-DEL05-CE"
129930;2018-04-24;"terça-feira";"10:40:00";"PR";376;327,4;"ORTIGUEIRA";"Desobediência às normas de trânsito pelo condutor";"Colisão frontal";"Com Vítimas Fatais";"Pleno dia";"Crescente";"Céu Claro";"Simples";"Curva";"Não";6;3;0;0;2;1;0;4;-24,08993899;-51,05003357;"SPRF-PR";"DEL07-PR";"UOP02-DEL07-PR"
129931;2018-04-24;"terça-feira";"10:10:00";"TO";153;719,9;"FIGUEIROPOLIS";"Falta de Atenção à Condução";"Colisão traseira";"Com Vítimas Feridas";"Pleno dia";"Decrescente";"Sol";"Simples";"Reta";"Sim";4;0;1;0;2;2;1;4;-12,140758;-49,168194;"SPRF-TO";"DEL02-TO";"UOP02-DEL01-TO"
129933;2018-04-24;"terça-feira";"08:00:00";"ES";482;21;"CACHOEIRO DE ITAPEMIRIM";"Falta de Atenção à Condução";"Colisão frontal";"Com Vítimas Fatais";"Pleno dia";"Decrescente";"Céu Claro";"Simples";"Reta";"Não";3;1;0;0;1;1;0;3;-20,806412;-41,082581;"SPRF-ES";"DEL03-ES";"UOP02-DEL03-ES"
129935;2018-04-24;"terça-feira";"11:20:00";"GO";153;498,1;"GOIANIA";"Desobediência às normas de trânsito pelo condutor";"Colisão transversal";"Sem Vítimas";"Pleno dia";"Crescente";"Sol";"Dupla";"Curva";"Sim";2;0;0;0;1;1;0;2;-16,67179762;-49,22833622;"SPRF-GO";"DEL01-GO";"UOP01-DEL01-GO"
129938;2018-04-24;"terça-feira";"07:30:00";"RJ";101;269;"RIO BONITO";"Velocidade Incompatível";"Tombamento";"Sem Vítimas";"Pleno dia";"Decrescente";"Céu Claro";"Dupla";"Reta";"Sim";1;0;0;0;1;0;0;1;-22,7172479;-42,6828632;"SPRF-RJ";"DEL02-RJ";"UOP03-DEL02-RJ"
129942;2018-04-24;"terça-feira";"12:00:00";"AL";104;55,1;"MURICI";"Desobediência às normas de trânsito pelo pedestre";"Atropelamento de Pedestre";"Com Vítimas Fatais";"Pleno dia";"Decrescente";"Céu Claro";"Simples";"Reta";"Não";3;1;0;0;1;1;0;3;-9,30688;-35,940841;"SPRF-AL";"DEL01-AL";"UOP02-DEL01-AL"
129943;2018-04-24;"terça-feira";"07:20:00";"RJ";356;16,4;"ITAPERUNA";"Falta de Atenção à Condução";"Colisão traseira";"Com Vítimas Feridas";"Pleno dia";"Crescente";"Céu Claro";"Simples";"Reta";"Não";5;0;3;0;2;0;3;2;-21,175032;-42,097176;"SPRF-RJ";"DEL08-RJ";"UOP03-DEL08-RJ"
129949;2018-04-23;"segunda-feira";"07:30:00";"MA";230;413,3;"BALSAS";"Falta de Atenção à Condução";"Colisão frontal";"Com Vítimas Fatais";"Pleno dia";"Crescente";"Céu Claro";"Simples";"Reta";"Não";4;1;0;1;1;1;1;4;-7,500588;-46,119267;"SPRF-MA";"DEL05-MA";"UOP01-DEL05-MA"
129955;2018-04-24;"terça-feira";"10:09:00";"RO";364;460,6;"CACAULANDIA";"Ultrapassagem Indevida";"Colisão traseira";"Sem Vítimas";"Pleno dia";"Crescente";"Sol";"Simples";"Reta";"Não";3;0;0;0;2;6;0;8;-10,24676072;-62,7351048;"SPRF-RO";"DEL03-RO";"UOP02-DEL03-RO"
129956;2018-04-24;"terça-feira";"12:50:00";"SP";381;86,3;"SAO PAULO";"Falta de Atenção à Condução";"Colisão com objeto estático";"Com Vítimas Feridas";"Pleno dia";"Crescente";"Céu Claro";"Dupla";"Reta";"Sim";6;0;1;0;4;1;1;5;-23,4678068;-46,570197;"SPRF-SP";"DEL03-SP";"DEL6/3-UOP03/SP"
129959;2018-04-13;"sexta-feira";"05:00:00";"PR";116;57;"CAMPINA GRANDE DO SUL";"Falta de Atenção à Condução";"Colisão traseira";"Sem Vítimas";"Amanhecer";"Decrescente";"Nevoeiro/Neblina";"Dupla";"Reta";"Não";2;0;0;0;1;1;0;2;-25,288559;-48,932999;"SPRF-PR";"DEL01-PR";"UOP02-DEL01-PR"
129966;2018-04-24;"terça-feira";"10:30:00";"MT";174;304;"PONTES E LACERDA";"Falta de Atenção à Condução";"Capotamento";"Sem Vítimas";"Pleno dia";"Crescente";"Céu Claro";"Simples";"Aclive";"Não";2;0;0;0;1;3;0;4;-15,099405;-59,304176;"SPRF-MT";"DEL04-MT";"UOP01-DEL04-MT"
129968;2018-04-24;"terça-feira";"12:00:00";"MG";40;627,5;"CONSELHEIRO LAFAIETE";"Falta de Atenção à Condução";"Atropelamento de Pedestre";"Com Vítimas Feridas";"Pleno dia";"Decrescente";"Céu Claro";"Simples";"Reta";"Sim";3;0;1;0;1;1;1;2;-20,6443105;-43,81089091;"SPRF-MG";"DEL05-MG";"UOP02-DEL05-MG"
129969;2018-04-19;"quinta-feira";"20:00:00";"MS";60;508,9;"NIOAQUE";"Defeito Mecânico no Veículo";"Saída de leito carroçável";"Com Vítimas Fatais";"Plena Noite";"Crescente";"Céu Claro";"Simples";"Curva;Declive";"Não";3;1;0;1;0;1;1;2;-21,17553812;-55,63656271;"SPRF-MS";"DEL05-MS";"UOP01-DEL05-MS"
129972;2018-04-24;"terça-feira";"11:00:00";"MT";158;201;"CANABRAVA DO NORTE";"Defeito Mecânico no Veículo";"Tombamento";"Sem Vítimas";"Pleno dia";"Decrescente";"Sol";"Simples";"Curva";"Não";2;0;0;0;1;3;0;4;-11,128852;-51,702858;"SPRF-MT";"DEL07-MT";"UOP02-DEL07-MT"
129979;2018-04-16;"segunda-feira";"22:50:00";"AM";174;1045;"PRESIDENTE FIGUEIREDO";"Falta de Atenção à Condução";"Saída de leito carroçável";"Sem Vítimas";"Plena Noite";"Crescente";"Céu Claro";"Simples";"Aclive";"Não";2;0;0;0;1;1;0;2;-1,74226607;-60,15169144;"SPRF-AM";"DEL01-AM";"UOP02-DEL01-AM"
129982;2018-04-24;"terça-feira";"14:30:00";"PI";343;435;"LAGOINHA DO PIAUI";"Não guardar distância de segurança";"Colisão lateral";"Sem Vítimas";"Pleno dia";"Crescente";"Sol";"Simples";"Reta";"Não";2;0;0;0;2;0;0;2;-5,811213;-42,621487;"SPRF-PI";"DEL01-PI";"UOP02-DEL01-PI"
129987;2018-04-24;"terça-feira";"17:10:00";"GO";60;28,7;"ALEXANIA";"Fenômenos da Natureza";"Colisão traseira";"Com Vítimas Fatais";"Anoitecer";"Crescente";"Céu Claro";"Simples";"Reta";"Sim";4;1;0;1;1;2;1;4;-16,0963;-48,5202;"SPRF-DF";"DEL01-DF";"UOP01-DEL03-DF"
129989;2018-04-24;"terça-feira";"16:30:00";"SC";280;48,4;"GUARAMIRIM";"Falta de Atenção à Condução";"Engavetamento";"Com Vítimas Feridas";"Pleno dia";"Decrescente";"Céu Claro";"Simples";"Aclive";"Sim";5;0;1;0;4;0;1;5;-26,455114;-48,927788;"SPRF-SC";"DEL03-SC";"UOP03-DEL03-SC"
129992;2018-04-24;"terça-feira";"17:25:00";"SC";280;52,3;"GUARAMIRIM";"Falta de Atenção à Condução";"Colisão traseira";"Com Vítimas Feridas";"Pleno dia";"Crescente";"Céu Claro";"Simples";"Reta";"Não";2;0;1;0;1;0;1;2;-26,468904;-48,96492;"SPRF-SC";"DEL03-SC";"UOP03-DEL03-SC"