"id";"data_inversa";"dia_semana";"horario";"uf";"br";"km";"municipio";"causa_acidente";"tipo_acidente";"classificacao_acidente";"fase_dia";"sentido_via";"condicao_metereologica";"tipo_pista";"tracado_via";"uso_solo";"pessoas";"mortos";"feridos_leves";"feridos_graves";"ilesos";"ignorados";"feridos";"veiculos";"latitude";"longitude";"regional";"delegacia";"uop"
129994;2018-04-24;"terça-feira";"17:30:00";"ES";101;191,9;"ARACRUZ";"Falta de Atenção à Condução";"Colisão lateral";"Com Vítimas Feridas";"Anoitecer";"Crescente";"Nublado";"Simples";"Reta;Aclive";"Não";4;0;2;1;1;0;3;3;-19,68914232;-40,28686523;"SPRF-ES";"DEL04-ES";"UOP01-DEL04-ES"
129996;2018-04-24;"terça-feira";"15:10:00";"MG";116;658,4;"FERVEDOURO";"Defeito Mecânico no Veículo";"Incêndio";"Sem Vítimas";"Pleno dia";"Decrescente";"Céu Claro";"Simples";"Curva";"Não";2;0;0;0;1;1;0;2;-20,7609294;-42,30302811;"SPRF-MG";"DEL07-MG";"UOP03-DEL07-MG"
130004;2018-04-24;"terça-feira";"17:45:00";"RS";158;316,7;"ITAARA";"Carga excessiva e/ou mal acondicionada";"Colisão lateral";"Com Vítimas Feridas";"Anoitecer";"Decrescente";"Céu Claro";"Simples";"Curva";"Não";3;0;1;0;1;1;1;3;-29,652288;-53,764927;"SPRF-RS";"DEL09-RS";"UOP01-DEL09-RS"
130010;2018-04-24;"terça-feira";"07:00:00";"MG";251;250;"CURRAL DE DENTRO";"Defeito Mecânico no Veículo";"Colisão com objeto estático";"Sem Vítimas";"Pleno dia";"Crescente";"Nublado";"Simples";"Reta";"Sim";5;0;0;0;1;4;0;5;-15,9797;-41,8358;"SPRF-MG";"DEL11-MG";"UOP02-DEL11-MG"
130011;2018-04-24;"terça-feira";"18:50:00";"PE";101;181,8;"PALMARES";"Falta de Atenção à Condução";"Saída de leito carroçável";"Com Vítimas Feridas";"Plena Noite";"Crescente";"Garoa/Chuvisco";"Simples";"Reta";"Não";2;0;1;0;0;2;1;3;-8,66316635;-35,56789398;"SPRF-PE";"DEL01-PE";"UOP03-DEL01-PE"
130012;2018-04-24;"terça-feira";"19:08:00";"PR";369;131;"IBIPORA";"Falta de Atenção à Condução";"Colisão com objeto estático";"Sem Vítimas";"Plena Noite";"Decrescente";"Céu Claro";"Dupla";"Reta";"Não";1;0;0;0;1;0;0;1;-23,26188901;-50,99140383;"SPRF-PR";"DEL07-PR";"UOP01-DEL07-PR"
130018;2018-04-24;"terça-feira";"18:00:00";"RO";364;342,9;"JI-PARANA";"Não guardar distância de segurança";"Colisão traseira";"Sem Vítimas";"Anoitecer";"Crescente";"Chuva";"Dupla";"Reta";"Sim";2;0;0;0;2;0;0;2;-10,8791919;-61,94442093;"SPRF-RO";"DEL02-RO";"UOP01-DEL02-RO"
130033;2018-04-24;"terça-feira";"11:00:00";"MG";50;174;"UBERABA";"Desobediência às normas de trânsito pelo condutor";"Colisão frontal";"Com Vítimas Feridas";"Pleno dia";"Crescente";"Céu Claro";"Dupla";"Interseção de Vias";"Não";2;0;0;1;0;1;1;2;-19,7787;-47,97;"SPRF-MG";"DEL13-MG";"UOP01-DEL13-MG"
130034;2018-04-24;"terça-feira";"21:00:00";"PR";277;133,1;"BALSA NOVA";"Falta de Atenção à Condução";"Saída de leito carroçável";"Sem Vítimas";"Pleno dia";"Crescente";"Céu Claro";"Dupla";"Reta";"Não";2;0;0;0;1;1;0;2;-25,471561;-49,66403592;"SPRF-PR";"DEL01-PR";"UOP06-DEL01-PR"
130039;2018-04-24;"terça-feira";"20:35:00";"SC";116;7,8;"MAFRA";"Falta de Atenção à Condução";"Colisão traseira";"Com Vítimas Feridas";"Plena Noite";"Decrescente";"Céu Claro";"Simples";"Reta";"Sim";3;0;0;1;1;1;1;3;-26,156963;-49,837788;"SPRF-SC";"DEL06-SC";"UOP01-DEL06-SC"
130044;2018-04-24;"terça-feira";"21:00:00";"PA";316;256;"CACHOEIRA DO PIRIA";"Avarias e/ou desgaste excessivo no pneu";"Saída de leito carroçável";"Com Vítimas Feridas";"Plena Noite";"Crescente";"Nublado";"Simples";"Reta";"Não";2;0;1;0;0;1;1;2;-1,804133;-46,457386;"SPRF-PA";"DEL01-PA";"UOP04-DEL01-PA"
130046;2018-04-24;"terça-feira";"23:30:00";"SP";381;68;"MAIRIPORA";"Velocidade Incompatível";"Tombamento";"Sem Vítimas";"Plena Noite";"Decrescente";"Céu Claro";"Dupla";"Curva";"Não";1;0;0;0;1;0;0;1;-23,3220302;-46,5829565;"SPRF-SP";"DEL03-SP";"DEL6/3-UOP03/SP"
130049;2018-04-25;"quarta-feira";"01:15:00";"PR";476;141,7;"CURITIBA";"Falta de Atenção à Condução";"Danos eventuais";"Sem Vítimas";"Plena Noite";"Decrescente";"Céu Claro";"Dupla";"Declive;Reta";"Sim";5;0;0;0;3;2;0;4;-25,528614;-49,298798;"SPRF-PR";"DEL01-PR";"UOP07-DEL01-PR"
130051;2018-04-25;"quarta-feira";"00:10:00";"SP";381;39;"ATIBAIA";"Falta de Atenção à Condução";"Colisão lateral";"Com Vítimas Feridas";"Plena Noite";"Decrescente";"Céu Claro";"Dupla";"Curva";"Não";3;0;1;0;1;1;1;3;-23,125792;-46,576069;"SPRF-SP";"DEL03-SP";"UOP01-DEL03-SP"
130052;2018-04-25;"quarta-feira";"01:15:00";"AL";101;90,1;"RIO LARGO";"Condutor Dormindo";"Tombamento";"Com Vítimas Feridas";"Plena Noite";"Decrescente";"Nublado";"Dupla";"Reta";"Não";2;0;1;0;0;1;1;2;-9,48016;-35,885441;"SPRF-AL";"DEL01-AL";"UOP01-DEL01-AL"
130054;2018-04-25;"quarta-feira";"01:00:00";"PR";277;47;"MORRETES";"Falta de Atenção à Condução";"Colisão traseira";"Com Vítimas Feridas";"Plena Noite";"Decrescente";"Céu Claro";"Múltipla";"Reta";"Não";3;0;1;0;1;2;1;4;-25,58256093;-48,96011934;"SPRF-PR";"DEL01-PR";"UOP07-DEL01-PR"
130060;2018-04-25;"quarta-feira";"04:55:00";"PB";101;64;"SANTA RITA";"Condutor Dormindo";"Saída de leito carroçável";"Sem Vítimas";"Amanhecer";"Crescente";"Nublado";"Dupla";"Reta";"Não";2;0;0;0;1;1;0;2;-7,03735;-35,0541765;"SPRF-PB";"DEL01-PB";"UOP04-DEL01-PB"
130061;2018-03-11;"domingo";"14:30:00";"GO";158;80,8;"PIRANHAS";"Pista Escorregadia";"Tombamento";"Com Vítimas Feridas";"Pleno dia";"Crescente";"Garoa/Chuvisco";"Simples";"Curva";"Não";3;0;2;0;0;2;2;4;-16,379013;-51,85284;"SPRF-GO";"DEL04-GO";"UOP01-DEL04-GO"
130064;2018-04-25;"quarta-feira";"05:00:00";"MT";364;198;"RONDONOPOLIS";"Falta de Atenção à Condução";"Colisão lateral";"Com Vítimas Fatais";"Amanhecer";"Decrescente";"Céu Claro";"Simples";"Reta";"Não";3;1;0;0;1;3;0;5;-16,52551819;-54,59324809;"SPRF-MT";"DEL02-MT";"UOP01-DEL02-MT"
130068;2018-04-25;"quarta-feira";"06:09:00";"SP";381;68,3;"MAIRIPORA";"Não guardar distância de segurança";"Colisão lateral";"Sem Vítimas";"Amanhecer";"Decrescente";"Céu Claro";"Dupla";"Curva;Declive";"Não";3;0;0;0;2;2;0;4;-23,34391075;-46,5718174;"SPRF-SP";"DEL03-SP";"DEL6/3-UOP03/SP"
130072;2018-04-25;"quarta-feira";"01:15:00";"SC";282;420,2;"VARGEM BONITA";"Condutor Dormindo";"Tombamento";"Com Vítimas Feridas";"Plena Noite";"Crescente";"Céu Claro";"Simples";"Curva";"Não";2;0;0;1;0;1;1;2;-27,014505;-51,736427;"SPRF-SC";"DEL07-SC";"UOP05-DEL07-SC"
130076;2018-04-25;"quarta-feira";"06:40:00";"PR";376;316,9;"ORTIGUEIRA";"Defeito Mecânico no Veículo";"Tombamento";"Com Vítimas Feridas";"Pleno dia";"Decrescente";"Céu Claro";"Simples";"Curva";"Não";2;0;1;0;0;1;1;2;-24,00689464;-51,08936632;"SPRF-PR";"DEL07-PR";"UOP02-DEL07-PR"
130082;2018-04-25;"quarta-feira";"07:25:00";"ES";101;297,4;"CARIACICA";"Falta de Atenção à Condução";"Colisão lateral";"Com Vítimas Feridas";"Pleno dia";"Crescente";"Céu Claro";"Dupla";"Reta";"Sim";3;0;1;0;1;1;1;3;-20,35138682;-40,41389465;"SPRF-ES";"DEL01-ES";"UOP01-DEL01-ES"
130094;2018-04-25;"quarta-feira";"06:40:00";"PE";101;98;"CABO DE SANTO AGOSTINHO";"Agressão Externa";"Saída de leito carroçável";"Com Vítimas Feridas";"Pleno dia";"Decrescente";"Céu Claro";"Dupla";"Reta";"Não";2;0;0;1;1;0;1;1;-8,257218;-35,040382;"SPRF-PE";"DEL01-PE";"UOP03-DEL01-PE"
130095;2018-04-25;"quarta-feira";"08:20:00";"PR";116;98;"SAO JOSE DOS PINHAIS";"Desobediência às normas de trânsito pelo condutor";"Colisão lateral";"Com Vítimas Feridas";"Pleno dia";"Crescente";"Céu Claro";"Dupla";"Reta";"Não";2;0;0;1;1;0;1;2;-25,55630281;-49,14992359;"SPRF-PR";"DEL01-PR";"UOP01-DEL01-PR"
130096;2018-04-25;"quarta-feira";"08:03:00";"MG";381;597,6;"CARMOPOLIS DE MINAS";"Falta de Atenção à Condução";"Colisão traseira";"Sem Vítimas";"Pleno dia";"Crescente";"Sol";"Dupla";"Reta;Declive";"Não";6;0;0;0;5;1;0;6;-20,5937;-44,704;"SPRF-MG";"DEL04-MG";"UOP01-DEL04-MG"
130103;2018-04-07;"sábado";"03:29:00";"GO";60;304;"ACREUNA";"Desobediência às normas de trânsito pelo condutor";"Colisão frontal";"Com Vítimas Fatais";"Plena Noite";"Decrescente";"Ignorado";"Dupla";"Viaduto";"Sim";2;1;0;0;1;0;0;2;-17,3798;-50,3687;"SPRF-GO";"DEL04-GO";"UOP01-DEL04-GO"
130106;2018-04-25;"quarta-feira";"08:00:00";"PE";424;101;"GARANHUNS";"Falta de Atenção à Condução";"Colisão lateral";"Sem Vítimas";"Pleno dia";"Crescente";"Garoa/Chuvisco";"Simples";"Reta";"Não";2;0;0;0;2;0;0;2;-8,96711;-36,51826;"SPRF-PE";"DEL03-PE";"UOP01-DEL03-PE"
130109;2018-04-25;"quarta-feira";"10:00:00";"MG";40;524;"CONTAGEM";"Não guardar distância de segurança";"Colisão traseira";"Com Vítimas Feridas";"Pleno dia";"Crescente";"Sol";"Dupla";"Reta";"Sim";2;0;0;1;1;0;1;2;-19,8881;-44,0502;"SPRF-MG";"DEL01-MG";"UOP03-DEL01-MG"
130110;2018-04-25;"quarta-feira";"09:40:00";"SP";153;223,4;"MARILIA";"Mal Súbito";"Saída de leito carroçável";"Com Vítimas Feridas";"Pleno dia";"Crescente";"Céu Claro";"Simples";"Reta";"Não";1;0;0;1;0;0;1;1;-22,023203;-49,907215;"SPRF-SP";"DEL07-SP";"UOP02-DEL07-SP"
130111;2018-04-25;"quarta-feira";"09:30:00";"SP";116;229;"SAO PAULO";"Defeito na Via";"Tombamento";"Sem Vítimas";"Pleno dia";"Decrescente";"Céu Claro";"Múltipla";"Reta";"Sim";1;0;0;0;1;0;0;1;-23,51313446;-46,57653809;"SPRF-SP";"DEL01-SP";"UOP01-DEL01-SP"
130114;2018-04-25;"quarta-feira";"10:30:00";"TO";153;153,9;"ARAGUAINA";"Não guardar distância de segurança";"Colisão traseira";"Com Vítimas Feridas";"Pleno dia";"Crescente";"Céu Claro";"Simples";"Declive";"Não";4;0;1;0;2;2;1;4;-7,272882;-48,266262;"SPRF-TO";"DEL02-TO";"UOP01-DEL02-TO"
130115;2018-03-10;"sábado";"20:45:00";"MG";251;359,8;"PADRE CARVALHO";"Velocidade Incompatível";"Colisão frontal";"Com Vítimas Fatais";"Plena Noite";"Decrescente";"Nublado";"Simples";"Declive;Curva";"Não";9;3;1;4;0;2;5;5;-16,265;-42,5863;"SPRF-MG";"DEL12-MG";"UOP01-DEL12-MG"
130119;2018-04-25;"quarta-feira";"10:45:00";"RS";290;310;"CACAPAVA DO SUL";"Falta de Atenção à Condução";"Colisão lateral";"Sem Vítimas";"Pleno dia";"Decrescente";"Sol";"Simples";"Declive;Curva";"Não";3;0;0;0;2;1;0;3;-30,335514;-53,301731;"SPRF-RS";"DEL09-RS";"UOP02-DEL09-RS"
130125;2018-04-25;"quarta-feira";"11:15:00";"CE";20;14,6;"MARACANAU";"Falta de Atenção à Condução";"Colisão transversal";"Com Vítimas Feridas";"Pleno dia";"Decrescente";"Céu Claro";"Simples";"Reta";"Sim";3;0;1;1;1;0;2;2;-3,84233163;-38,59346867;"SPRF-CE";"DEL02-CE";"UOP02-DEL02-CE"
130129;2018-04-25;"quarta-feira";"11:55:00";"RS";285;296;"PASSO FUNDO";"Falta de Atenção à Condução";"Colisão lateral";"Com Vítimas Feridas";"Pleno dia";"Decrescente";"Céu Claro";"Simples";"Reta";"Sim";2;0;1;0;0;1;1;2;-28,23650766;-52,4226594;"SPRF-RS";"DEL08-RS";"UOP03-DEL08-RS"
130130;2018-04-25;"quarta-feira";"09:30:00";"CE";116;437,9;"BARRO";"Desobediência às normas de trânsito pelo pedestre";"Atropelamento de Pedestre";"Com Vítimas Feridas";"Pleno dia";"Decrescente";"Céu Claro";"Simples";"Reta";"Não";3;0;0;1;1;3;1;5;-7,028856;-38,768599;"SPRF-CE";"DEL05-CE";"UOP03-DEL05-CE"
130136;2018-04-25;"quarta-feira";"11:30:00";"PR";476;141,7;"CURITIBA";"Falta de Atenção à Condução";"Colisão traseira";"Com Vítimas Feridas";"Pleno dia";"Decrescente";"Sol";"Dupla";"Reta";"Sim";2;0;0;1;1;0;1;2;-25,53113439;-49,29943085;"SPRF-PR";"DEL01-PR";"UOP07-DEL01-PR"
130139;2018-04-25;"quarta-feira";"12:10:00";"ES";101;269;"SERRA";"Falta de Atenção à Condução";"Colisão lateral";"Com Vítimas Feridas";"Pleno dia";"Decrescente";"Céu Claro";"Múltipla";"Reta";"Sim";4;0;1;0;2;1;1;3;-20,21664673;-40,2697089;"SPRF-ES";"DEL02-ES";"UOP01-DEL02-ES"
130140;2018-04-25;"quarta-feira";"12:15:00";"PE";101;66,9;"RECIFE";"Falta de Atenção à Condução";"Colisão lateral";"Sem Vítimas";"Pleno dia";"Decrescente";"Nublado";"Simples";"Desvio Temporário;Em Obras";"Sim";2;0;0;0;2;0;0;2;-8,04012472;-34,94223929;"SPRF-PE";"DEL01-PE";"UOP01-DEL01-PE"
130142;2018-04-25;"quarta-feira";"09:40:00";"BA";101;293;"VALENCA";"Velocidade Incompatível";"Colisão frontal";"Com Vítimas Feridas";"Pleno dia";"Decrescente";"Chuva";"Simples";"Curva";"Não";4;0;2;1;0;1;3;3;-13,26915535;-39,32496071;"SPRF-BA";"DEL01-BA";"UOP02-DEL01-BA"
130143;2018-04-25;"quarta-feira";"10:00:00";"ES";259;51;"COLATINA";"Desobediência às normas de trânsito pelo condutor";"Colisão transversal";"Com Vítimas Feridas";"Pleno dia";"Decrescente";"Céu Claro";"Simples";"Reta";"Sim";2;0;1;0;1;0;1;2;-19,504515;-40,612694;"SPRF-ES";"DEL02-ES";"UOP01-DEL02-ES"
130145;2018-04-25;"quarta-feira";"11:40:00";"GO";158;170;"CAIAPONIA";"Mal Súbito";"Colisão frontal";"Sem Vítimas";"Pleno dia";"Decrescente";"Céu Claro";"Simples";"Curva";"Não";3;0;0;0;2;3;0;5;-17,03399019;-51,85196926;"SPRF-GO";"DEL05-GO";"UOP01-DEL05-GO"
130152;2018-01-06;"sábado";"15:00:00";"MG";365;387;"PATOS DE MINAS";"Defeito Mecânico no Veículo";"Saída de leito carroçável";"Sem Vítimas";"Pleno dia";"Decrescente";"Chuva";"Simples";"Declive";"Não";3;0;0;0;2;2;0;4;-18,6250992;-46,30119324;"SPRF-MG";"DEL10-MG";"UOP01-DEL10-MG"
130154;2018-04-25;"quarta-feira";"09:50:00";"CE";20;426;"FORTALEZA";"Falta de Atenção à Condução";"Tombamento";"Sem Vítimas";"Pleno dia";"Decrescente";"Céu Claro";"Dupla";"Reta";"Não";2;0;0;0;1;1;0;2;-3,76999;-38,670063;"SPRF-CE";"DEL01-CE";"UOP02-DEL01-CE"
130158;2018-04-25;"quarta-feira";"15:00:00";"SE";235;94,2;"CARIRA";"Avarias e/ou desgaste excessivo no pneu";"Tombamento";"Com Vítimas Feridas";"Pleno dia";"Decrescente";"Céu Claro";"Simples";"Curva";"Não";2;0;1;0;0;2;1;3;-10,471586;-37,665539;"SPRF-SE";"DEL01-SE";"UOP02-DEL01-SE"
130160;2018-04-25;"quarta-feira";"10:00:00";"BA";242;262;"LAJEDINHO";"Defeito Mecânico no Veículo";"Incêndio";"Sem Vítimas";"Pleno dia";"Crescente";"Nublado";"Simples";"Declive";"Não";2;0;0;0;1;2;0;3;-12,44004824;-40,76563369;"SPRF-BA";"DEL06-BA";"UOP02-DEL06-BA"
130162;2018-04-25;"quarta-feira";"15:30:00";"PI";230;193,2;"OEIRAS";"Falta de Atenção do Pedestre";"Atropelamento de Pedestre";"Com Vítimas Fatais";"Pleno dia";"Crescente";"Céu Claro";"Simples";"Reta";"Sim";5;1;0;2;0;2;2;3;-6,991226;-42,098868;"SPRF-PI";"DEL04-PI";"UOP01-DEL04-PI"
130164;2018-04-25;"quarta-feira";"15:00:00";"MG";365;746;"ITUIUTABA";"Mal Súbito";"Colisão frontal";"Com Vítimas Fatais";"Pleno dia";"Decrescente";"Céu Claro";"Simples";"Reta";"Não";3;1;1;0;1;0;1;2;-18,91652;-49,40285;"SPRF-MG";"DEL15-MG";"UOP03-DEL15-MG"
130165;2018-04-25;"quarta-feira";"15:50:00";"MG";153;6;"ARAPORA";"Defeito Mecânico no Veículo";"Saída de leito carroçável";"Com Vítimas Feridas";"Pleno dia";"Crescente";"Céu Claro";"Dupla";"Reta";"Não";2;0;1;0;0;1;1;2;-18,4812;-49,1885;"SPRF-MG";"DEL15-MG";"UOP03-DEL15-MG"
130179;2018-04-25;"quarta-feira";"15:45:00";"SP";116;509;"CAJATI";"Defeito Mecânico no Veículo";"Tombamento";"Com Vítimas Feridas";"Pleno dia";"Crescente";"Sol";"Simples";"Curva;Desvio Temporário;Em Obras";"Não";2;0;1;0;0;2;1;3;-24,822051;-48,214136;"SPRF-SP";"DEL05-SP";"UAP01-DEL05-SP"
130180;2018-04-25;"quarta-feira";"17:54:00";"PR";277;586,2;"CASCAVEL";"Desobediência às normas de trânsito pelo condutor";"Colisão transversal";"Com Vítimas Feridas";"Pleno dia";"Crescente";"Céu Claro";"Simples";"Reta";"Sim";2;0;1;0;1;0;1;2;-25,02817;-53,55983;"SPRF-PR";"DEL04-PR";"UOP01-DEL04-PR"
130182;2018-04-25;"quarta-feira";"12:20:00";"MG";381;347;"BELA VISTA DE MINAS";"Falta de Atenção à Condução";"Saída de leito carroçável";"Com Vítimas Feridas";"Pleno dia";"Crescente";"Céu Claro";"Simples";"Curva";"Não";1;0;1;0;0;0;1;1;-19,83712232;-43,09696198;"SPRF-MG";"DEL03-MG";"UOP01-DEL03-MG"
130187;2018-04-25;"quarta-feira";"18:01:00";"GO";153;501,7;"GOIANIA";"Falta de Atenção à Condução";"Colisão traseira";"Com Vítimas Feridas";"Plena Noite";"Crescente";"Vento";"Dupla";"Reta";"Sim";4;0;0;1;2;2;1;5;-16,7189;-49,2382;"SPRF-GO";"DEL01-GO";"UOP01-DEL01-GO"
130207;2018-04-25;"quarta-feira";"19:50:00";"PR";376;546,9;"PALMEIRA";"Falta de Atenção à Condução";"Saída de leito carroçável";"Com Vítimas Fatais";"Plena Noite";"Decrescente";"Céu Claro";"Dupla";"Reta";"Não";3;1;0;0;1;2;0;4;-25,403311;-49,786059;"SPRF-PR";"DEL01-PR";"UOP06-DEL01-PR"
130215;2018-04-25;"quarta-feira";"20:00:00";"SC";101;276,9;"IMBITUBA";"Falta de Atenção à Condução";"Colisão transversal";"Com Vítimas Feridas";"Plena Noite";"Decrescente";"Céu Claro";"Simples";"Reta";"Não";2;0;1;0;1;0;1;2;-28,18248454;-48,69569778;"SPRF-SC";"DEL02-SC";"UOP03-DEL02-SC"
130220;2018-04-26;"quinta-feira";"02:00:00";"MG";116;781,4;"LEOPOLDINA";"Velocidade Incompatível";"Tombamento";"Com Vítimas Feridas";"Plena Noite";"Decrescente";"Céu Claro";"Simples";"Curva";"Não";2;0;1;0;0;1;1;2;-21,62239921;-42,69545674;"SPRF-MG";"DEL07-MG";"UOP01-DEL07-MG"
130221;2018-04-25;"quarta-feira";"21:30:00";"MS";60;374,5;"CAMPO GRANDE";"Falta de Atenção à Condução";"Colisão lateral";"Com Vítimas Feridas";"Plena Noite";"Crescente";"Céu Claro";"Simples";"Reta";"Não";3;0;1;0;1;2;1;4;-20,58791;-54,72002;"SPRF-MS";"DEL01-MS";"UOP04-DEL01-MS"
130222;2018-04-25;"quarta-feira";"18:50:00";"AC";364;131,4;"RIO BRANCO";"Desobediência às normas de trânsito pelo condutor";"Colisão frontal";"Com Vítimas Fatais";"Plena Noite";"Crescente";"Chuva";"Simples";"Curva";"Não";4;1;0;0;3;0;0;2;-10,01290083;-67,84156322;"SPRF-AC";"DEL01-AC";"UOP01-DEL01-AC"
130226;2018-04-25;"quarta-feira";"12:45:00";"RO";364;450,6;"JARU";"Não guardar distância de segurança";"Colisão traseira";"Com Vítimas Feridas";"Pleno dia";"Decrescente";"Nublado";"Simples";"Reta";"Não";4;0;1;0;2;5;1;8;-10,299619;-62,653793;"SPRF-RO";"DEL03-RO";"UOP02-DEL03-RO"
130227;2018-04-25;"quarta-feira";"21:00:00";"MS";163;603;"SAO GABRIEL DO OESTE";"Condutor Dormindo";"Colisão traseira";"Com Vítimas Feridas";"Plena Noite";"Crescente";"Céu Claro";"Dupla";"Reta";"Não";3;0;1;0;1;2;1;4;-19,473897;-54,496261;"SPRF-MS";"DEL06-MS";"UOP02-DEL06-MS"
130229;2018-04-26;"quinta-feira";"02:30:00";"RS";290;344,1;"SAO SEPE";"Falta de Atenção à Condução";"Colisão traseira";"Com Vítimas Feridas";"Plena Noite";"Crescente";"Nevoeiro/Neblina";"Simples";"Aclive";"Não";3;0;1;0;1;2;1;4;-30,367035;-53,606186;"SPRF-RS";"DEL09-RS";"UOP02-DEL09-RS"
130233;2018-04-26;"quinta-feira";"04:40:00";"PR";153;475;"PORTO VITORIA";"Condutor Dormindo";"Tombamento";"Com Vítimas Feridas";"Plena Noite";"Crescente";"Céu Claro";"Simples";"Curva";"Não";2;0;1;0;0;1;1;2;-26,3495752;-51,25089884;"SPRF-PR";"DEL02-PR";"UOP03-DEL02-PR"
130238;2018-04-26;"quinta-feira";"05:30:00";"PR";376;371,7;"ORTIGUEIRA";"Falta de Atenção à Condução";"Colisão traseira";"Com Vítimas Feridas";"Plena Noite";"Decrescente";"Céu Claro";"Simples";"Reta;Aclive";"Não";3;0;1;0;1;1;1;3;-24,35419284;-50,8226037;"SPRF-PR";"DEL03-PR";"UOP02-DEL03-PR"
130239;2018-04-26;"quinta-feira";"05:00:00";"MG";381;550,5;"ITAGUARA";"Condutor Dormindo";"Colisão traseira";"Com Vítimas Feridas";"Amanhecer";"Decrescente";"Ignorado";"Dupla";"Reta";"Não";2;0;1;0;1;0;1;2;-20,301548;-44,442732;"SPRF-MG";"DEL04-MG";"UOP03-DEL04-MG"
130242;2018-04-25;"quarta-feira";"22:00:00";"PR";376;628,9;"SAO JOSE DOS PINHAIS";"Condutor Dormindo";"Colisão lateral";"Com Vítimas Feridas";"Plena Noite";"Decrescente";"Céu Claro";"Dupla";"Reta";"Não";4;0;0;1;2;1;1;4;-25,6885905;-49,14613217;"SPRF-PR";"DEL01-PR";"DEL7/1-UOP08/PR"
130245;2018-04-26;"quinta-feira";"03:40:00";"BA";110;66,5;"JEREMOABO";"Velocidade Incompatível";"Tombamento";"Com Vítimas Feridas";"Plena Noite";"Decrescente";"Céu Claro";"Simples";"Curva";"Não";2;0;1;0;1;0;1;1;-9,9841;-38,3126;"SPRF-BA";"DEL07-BA";"UOP01-DEL07-BA"
130248;2018-04-25;"quarta-feira";"19:30:00";"SC";153;110,3;"CONCORDIA";"Velocidade Incompatível";"Saída de leito carroçável";"Com Vítimas Feridas";"Plena Noite";"Crescente";"Céu Claro";"Simples";"Curva";"Não";2;0;0;1;0;1;1;2;-27,313625;-51,984699;"SPRF-SC";"DEL07-SC";"UOP04-DEL07-SC"
130249;2018-04-26;"quinta-feira";"06:55:00";"SC";470;123,1;"IBIRAMA";"Ultrapassagem Indevida";"Colisão frontal";"Com Vítimas Fatais";"Pleno dia";"Crescente";"Céu Claro";"Simples";"Curva";"Não";3;1;0;0;1;1;0;3;-27,10589452;-49,52259064;"SPRF-SC";"DEL04-SC";"UOP02-DEL04-SC"
130253;2018-03-02;"sexta-feira";"04:30:00";"PR";277;588;"CASCAVEL";"Falta de Atenção do Pedestre";"Atropelamento de Pedestre";"Com Vítimas Feridas";"Plena Noite";"Decrescente";"Nublado";"Simples";"Reta";"Sim";2;0;1;0;1;0;1;2;-25,02817;-53,55983;"SPRF-PR";"DEL04-PR";"UOP01-DEL04-PR"
130255;2018-04-25;"quarta-feira";"20:15:00";"MT";364;545,7;"ROSARIO OESTE";"Falta de Atenção do Pedestre";"Atropelamento de Pedestre";"Com Vítimas Fatais";"Plena Noite";"Decrescente";"Nublado";"Dupla";"Reta";"Não";3;1;0;0;1;2;0;4;-14,88773;-56,463554;"SPRF-MT";"DEL01-MT";"UOP01-DEL01-MT"
130257;2018-04-26;"quinta-feira";"06:00:00";"MG";365;658;"MONTE ALEGRE DE MINAS";"Ingestão de Álcool";"Tombamento";"Sem Vítimas";"Amanhecer";"Crescente";"Vento";"Dupla";"Interseção de Vias;Em Obras";"Não";2;0;0;0;1;2;0;3;-18,863614;-48,58410984;"SPRF-MG";"DEL15-MG";"UOP01-DEL15-MG"
130262;2018-04-26;"quinta-feira";"07:45:00";"MG";40;490;"ESMERALDAS";"Desobediência às normas de trânsito pelo condutor";"Colisão traseira";"Com Vítimas Feridas";"Pleno dia";"Crescente";"Sol";"Dupla";"Retorno Regulamentado";"Não";2;0;0;1;1;0;1;2;-19,6331;-44,2047;"SPRF-MG";"DEL02-MG";"UOP01-DEL02-MG"
130264;2018-02-24;"sábado";"04:40:00";"BA";116;751;"POCOES";"Falta de Atenção à Condução";"Colisão lateral";"Sem Vítimas";"Amanhecer";"Crescente";"Céu Claro";"Simples";"Curva";"Não";4;0;0;0;3;1;0;3;-14,48438992;-40,33801932;"SPRF-BA";"DEL08-BA";"UOP02-DEL08-BA"
130266;2018-04-26;"quinta-feira";"03:10:00";"PA";163;574;"TRAIRAO";"Falta de Atenção à Condução";"Colisão traseira";"Sem Vítimas";"Plena Noite";"Crescente";"Nevoeiro/Neblina";"Simples";"Declive";"Não";3;0;0;0;2;5;0;7;-5,06979522;-56,15678251;"SPRF-PA";"DEL05-PA";"UOP01-DEL05-PA"
130271;2018-04-03;"terça-feira";"14:20:00";"AL";423;8,5;"OURO BRANCO";"Desobediência às normas de trânsito pelo condutor";"Colisão transversal";"Com Vítimas Fatais";"Pleno dia";"Decrescente";"Céu Claro";"Simples";"Reta";"Sim";2;1;0;0;1;0;0;2;-9,1441126;-37,3637519;"SPRF-AL";"DEL03-AL";"UOP02-DEL03-AL"
130282;2018-04-26;"quinta-feira";"09:05:00";"PR";376;346;"ARAPOTI";"Velocidade Incompatível";"Saída de leito carroçável";"Com Vítimas Feridas";"Pleno dia";"Crescente";"Céu Claro";"Simples";"Curva";"Não";2;0;1;0;0;2;1;3;-24;-50;"SPRF-PR";"DEL07-PR";"UOP02-DEL07-PR"