"id";"data_inversa";"dia_semana";"horario";"uf";"br";"km";"municipio";"causa_acidente";"tipo_acidente";"classificacao_acidente";"fase_dia";"sentido_via";"condicao_metereologica";"tipo_pista";"tracado_via";"uso_solo";"pessoas";"mortos";"feridos_leves";"feridos_graves";"ilesos";"ignorados";"feridos";"veiculos";"latitude";"longitude";"regional";"delegacia";"uop"
131085;2018-04-29;"domingo";"21:10:00";"MG";262;547,5;"LUZ";"Velocidade Incompatível";"Tombamento";"Com Vítimas Feridas";"Plena Noite";"Decrescente";"Céu Claro";"Simples";"Declive;Curva";"Não";4;0;3;0;0;1;3;2;-19,740187;-45,860352;"SPRF-MG";"DEL08-MG";"UOP02-DEL08-MG"
131092;2018-04-29;"domingo";"21:27:00";"MS";163;556,7;"BANDEIRANTES";"Falta de Atenção à Condução";"Colisão traseira";"Com Vítimas Feridas";"Plena Noite";"Crescente";"Céu Claro";"Simples";"Aclive";"Não";3;0;0;1;1;1;1;3;-19,84536;-54,36947;"SPRF-MS";"DEL01-MS";"UOP02-DEL01-MS"
131106;2018-04-29;"domingo";"23:55:00";"PR";116;90,5;"PIRAQUARA";"Ingestão de Álcool";"Colisão traseira";"Com Vítimas Fatais";"Plena Noite";"Crescente";"Céu Claro";"Dupla";"Reta";"Não";3;1;0;0;1;1;0;3;-25,4932508;-49,11467493;"SPRF-PR";"DEL01-PR";"UOP01-DEL01-PR"
131108;2018-04-30;"segunda-feira";"00:05:00";"RS";293;49,5;"CERRITO";"Falta de Atenção à Condução";"Colisão com objeto estático";"Com Vítimas Feridas";"Plena Noite";"Decrescente";"Céu Claro";"Simples";"Reta";"Não";3;0;1;0;1;2;1;4;-31,733391;-52,816689;"SPRF-RS";"DEL07-RS";"UOP01-DEL07-RS"
131113;2018-04-30;"segunda-feira";"02:00:00";"SP";381;54;"MAIRIPORA";"Condutor Dormindo";"Colisão traseira";"Com Vítimas Feridas";"Plena Noite";"Crescente";"Céu Claro";"Dupla";"Curva";"Sim";3;0;1;0;1;2;1;4;-23,24846576;-46,59266197;"SPRF-SP";"DEL03-SP";"UOP01-DEL03-SP"
131119;2018-04-30;"segunda-feira";"03:50:00";"MT";364;601;"DIAMANTINO";"Agressão Externa";"Incêndio";"Sem Vítimas";"Plena Noite";"Decrescente";"Céu Claro";"Simples";"Reta";"Não";1;0;0;0;0;1;0;1;-14,41739033;-56,30990982;"SPRF-MT";"DEL01-MT";"UOP01-DEL01-MT"
131120;2018-04-30;"segunda-feira";"04:00:00";"PA";316;73;"CASTANHAL";"Defeito Mecânico no Veículo";"Tombamento";"Com Vítimas Feridas";"Plena Noite";"Crescente";"Céu Claro";"Dupla";"Reta";"Não";1;0;1;0;0;0;1;1;-1,3093375;-47,9941103;"SPRF-PA";"DEL01-PA";"UOP01-DEL01-PA"
131122;2018-04-30;"segunda-feira";"00:20:00";"BA";101;269,3;"SANTO ANTONIO DE JESUS";"Ingestão de Álcool";"Colisão frontal";"Sem Vítimas";"Plena Noite";"Crescente";"Chuva";"Simples";"Declive;Curva";"Não";2;0;0;0;1;1;0;2;-13,01809139;-39,28999901;"SPRF-BA";"DEL01-BA";"UOP02-DEL01-BA"
131124;2018-04-30;"segunda-feira";"05:30:00";"ES";101;304;"VIANA";"Velocidade Incompatível";"Colisão com objeto estático";"Sem Vítimas";"Amanhecer";"Crescente";"Chuva";"Dupla";"Reta";"Sim";1;0;0;0;1;0;0;1;-20,38275801;-40,45932323;"SPRF-ES";"DEL01-ES";"UOP01-DEL01-ES"
131127;2018-04-30;"segunda-feira";"02:20:00";"BA";116;501;"SANTA TERESINHA";"Condutor Dormindo";"Colisão frontal";"Com Vítimas Fatais";"Plena Noite";"Crescente";"Céu Claro";"Simples";"Reta";"Não";3;1;1;0;0;1;1;3;-12,61347395;-39,56990272;"SPRF-BA";"DEL03-BA";"UOP02-DEL03-BA"
131131;2018-04-30;"segunda-feira";"05:30:00";"RS";101;33,9;"TRES CACHOEIRAS";"Falta de Atenção à Condução";"Saída de leito carroçável";"Com Vítimas Feridas";"Amanhecer";"Crescente";"Chuva";"Dupla";"Reta";"Não";3;0;1;0;1;1;1;2;-29,51264652;-49,98909652;"SPRF-RS";"DEL03-RS";"DEL9/3-UOP03/RS"
131138;2018-04-30;"segunda-feira";"07:05:00";"SC";101;100,4;"PENHA";"Mal Súbito";"Colisão lateral";"Com Vítimas Feridas";"Pleno dia";"Crescente";"Céu Claro";"Dupla";"Reta";"Não";3;0;1;0;1;1;1;3;-26,76458396;-48,68650761;"SPRF-SC";"DEL03-SC";"UOP02-DEL03-SC"
131139;2018-04-30;"segunda-feira";"07:35:00";"PR";277;335,1;"GUARAPUAVA";"Fenômenos da Natureza";"Colisão traseira";"Com Vítimas Feridas";"Pleno dia";"Decrescente";"Sol";"Dupla";"Aclive;Reta";"Não";3;0;1;0;1;1;1;3;-25,34449145;-51,39339924;"SPRF-PR";"DEL03-PR";"UOP01-DEL08-PR"
131152;2018-04-30;"segunda-feira";"08:00:00";"RN";226;245,5;"JUCURUTU";"Falta de Atenção à Condução";"Colisão transversal";"Com Vítimas Feridas";"Pleno dia";"Crescente";"Céu Claro";"Simples";"Interseção de Vias";"Sim";3;0;0;2;1;0;2;2;-6,033119;-37,01395;"SPRF-RN";"DEL03-RN";"UOP01-DEL03-RN"
131153;2018-04-30;"segunda-feira";"09:00:00";"PE";232;20,5;"JABOATAO DOS GUARARAPES";"Desobediência às normas de trânsito pelo condutor";"Colisão transversal";"Com Vítimas Feridas";"Pleno dia";"Crescente";"Chuva";"Dupla";"Curva";"Não";4;0;2;1;1;0;3;2;-8,095424;-35,072281;"SPRF-PE";"DEL01-PE";"UOP01-DEL01-PE"
131156;2018-04-30;"segunda-feira";"08:15:00";"MS";158;231;"TRES LAGOAS";"Falta de Atenção à Condução";"Tombamento";"Com Vítimas Feridas";"Pleno dia";"Decrescente";"Céu Claro";"Simples";"Aclive;Reta";"Não";2;0;1;0;0;3;1;4;-20,639647;-51,759888;"SPRF-MS";"DEL07-MS";"UOP01-DEL07-MS"
131157;2018-04-30;"segunda-feira";"08:00:00";"MT";364;191;"RONDONOPOLIS";"Falta de Atenção à Condução";"Tombamento";"Com Vítimas Feridas";"Pleno dia";"Decrescente";"Céu Claro";"Simples";"Reta";"Não";3;0;1;0;1;2;1;3;-16,547836;-54,575493;"SPRF-MT";"DEL02-MT";"UOP01-DEL02-MT"
131163;2018-04-30;"segunda-feira";"08:45:00";"RO";364;711;"PORTO VELHO";"Falta de Atenção à Condução";"Colisão traseira";"Sem Vítimas";"Pleno dia";"Crescente";"Céu Claro";"Dupla";"Reta";"Sim";2;0;0;0;2;0;0;2;-8,78024833;-63,86760503;"SPRF-RO";"DEL01-RO";"UOP01-DEL01-RO"
131166;2018-04-30;"segunda-feira";"10:15:00";"PR";116;28;"CAMPINA GRANDE DO SUL";"Velocidade Incompatível";"Tombamento";"Com Vítimas Feridas";"Pleno dia";"Decrescente";"Sol";"Dupla";"Curva;Declive";"Não";2;0;1;0;0;1;1;2;-25,106691;-48,804073;"SPRF-PR";"DEL01-PR";"UOP02-DEL01-PR"
131173;2018-04-30;"segunda-feira";"10:40:00";"SC";101;204;"SAO JOSE";"Não guardar distância de segurança";"Colisão traseira";"Com Vítimas Feridas";"Pleno dia";"Crescente";"Céu Claro";"Múltipla";"Reta";"Sim";4;0;1;0;2;1;1;3;-27,575;-48,613;"SPRF-SC";"DEL01-SC";"UOP01-DEL01-SC"
131174;2018-04-30;"segunda-feira";"11:00:00";"RS";158;274,5;"JULIO DE CASTILHOS";"Ultrapassagem Indevida";"Colisão lateral";"Com Vítimas Fatais";"Pleno dia";"Crescente";"Nublado";"Simples";"Reta;Aclive";"Não";8;2;0;0;2;7;0;8;-29,32891068;-53,67645264;"SPRF-RS";"DEL09-RS";"UOP01-DEL09-RS"
131176;2018-04-30;"segunda-feira";"07:35:00";"ES";262;151;"IBATIBA";"Avarias e/ou desgaste excessivo no pneu";"Tombamento";"Com Vítimas Feridas";"Pleno dia";"Crescente";"Céu Claro";"Simples";"Curva";"Não";3;0;2;1;0;0;3;1;-20,21487477;-41,44917369;"SPRF-ES";"DEL01-ES";"UOP02-DEL01-ES"
131184;2018-04-30;"segunda-feira";"11:30:00";"RO";364;516;"ARIQUEMES";"Defeito Mecânico no Veículo";"Colisão transversal";"Com Vítimas Feridas";"Pleno dia";"Crescente";"Céu Claro";"Simples";"Interseção de Vias";"Sim";4;0;0;1;1;3;1;5;-9,91581127;-63,05513978;"SPRF-RO";"DEL03-RO";"UOP01-DEL03-RO"
131187;2018-04-30;"segunda-feira";"07:00:00";"BA";242;337;"LENCOIS";"Velocidade Incompatível";"Tombamento";"Com Vítimas Feridas";"Pleno dia";"Decrescente";"Céu Claro";"Simples";"Curva";"Não";2;0;1;0;0;2;1;3;-12,505608;-41,209255;"SPRF-BA";"DEL06-BA";"UOP01-DEL06-BA"
131189;2018-04-30;"segunda-feira";"07:00:00";"PE";101;192;"PALMARES";"Velocidade Incompatível";"Saída de leito carroçável";"Com Vítimas Feridas";"Pleno dia";"Crescente";"Chuva";"Dupla";"Reta";"Não";2;0;0;2;0;0;2;1;-8,71149674;-35,60900956;"SPRF-PE";"DEL01-PE";"UOP03-DEL01-PE"
131193;2018-04-30;"segunda-feira";"13:45:00";"MG";365;580;"INDIANOPOLIS";"Condutor Dormindo";"Colisão lateral";"Com Vítimas Feridas";"Pleno dia";"Crescente";"Céu Claro";"Simples";"Reta";"Não";2;0;1;0;1;0;1;2;-18,91662024;-47,82011033;"SPRF-MG";"DEL15-MG";"UOP02-DEL15-MG"
131198;2018-04-30;"segunda-feira";"14:00:00";"RJ";393;238;"VASSOURAS";"Desobediência às normas de trânsito pelo condutor";"Colisão transversal";"Sem Vítimas";"Pleno dia";"Decrescente";"Sol";"Simples";"Interseção de Vias";"Sim";2;0;0;0;2;0;0;2;-22,42942615;-43,6973986;"SPRF-RJ";"DEL05-RJ";"UOP03-DEL05-RJ"
131200;2018-04-30;"segunda-feira";"12:45:00";"RN";304;41,8;"MOSSORO";"Falta de Atenção à Condução";"Colisão com objeto estático";"Sem Vítimas";"Pleno dia";"Decrescente";"Chuva";"Dupla";"Reta";"Não";1;0;0;0;1;0;0;1;-5,21314639;-37,37163976;"SPRF-RN";"DEL04-RN";"UOP01-DEL04-RN"
131201;2018-04-28;"sábado";"22:00:00";"MG";116;448,6;"ENGENHEIRO CALDAS";"Desobediência às normas de trânsito pelo condutor";"Colisão frontal";"Com Vítimas Fatais";"Plena Noite";"Decrescente";"Céu Claro";"Simples";"Curva";"Não";2;1;0;0;0;1;0;2;-19,132488;-42,01668;"SPRF-MG";"DEL06-MG";"UOP02-DEL06-MG"
131204;2018-04-30;"segunda-feira";"14:00:00";"CE";20;394,3;"CAUCAIA";"Falta de Atenção do Pedestre";"Atropelamento de Pedestre";"Com Vítimas Feridas";"Pleno dia";"Crescente";"Chuva";"Simples";"Reta";"Não";5;0;0;1;1;5;1;5;-3,82756969;-38,75259692;"SPRF-CE";"DEL01-CE";"UOP01-DEL01-CE"
131211;2018-04-30;"segunda-feira";"09:00:00";"PE";424;74,2;"CAETES";"Defeito na Via";"Saída de leito carroçável";"Com Vítimas Feridas";"Pleno dia";"Crescente";"Chuva";"Simples";"Reta";"Não";1;0;1;0;0;0;1;1;-8,805146;-36,583351;"SPRF-PE";"DEL03-PE";"UOP01-DEL03-PE"
131212;2018-04-30;"segunda-feira";"15:20:00";"SP";381;86;"SAO PAULO";"Falta de Atenção à Condução";"Atropelamento de Pedestre";"Com Vítimas Feridas";"Pleno dia";"Decrescente";"Céu Claro";"Dupla";"Reta";"Não";2;0;0;1;1;0;1;2;-23,4642173;-46,57143238;"SPRF-SP";"DEL03-SP";"DEL6/3-UOP03/SP"
131217;2018-04-30;"segunda-feira";"14:30:00";"RS";116;162,5;"CAXIAS DO SUL";"Velocidade Incompatível";"Tombamento";"Sem Vítimas";"Pleno dia";"Crescente";"Nublado";"Simples";"Curva";"Sim";2;0;0;0;1;1;0;2;-29,25056261;-51,15931749;"SPRF-RS";"DEL05-RS";"UOP02-DEL05-RS"
131219;2018-04-30;"segunda-feira";"16:35:00";"SC";101;204;"SAO JOSE";"Falta de Atenção à Condução";"Colisão transversal";"Com Vítimas Feridas";"Pleno dia";"Crescente";"Céu Claro";"Dupla";"Interseção de Vias";"Sim";2;0;1;0;1;0;1;2;-27,57368313;-48,61381162;"SPRF-SC";"DEL01-SC";"UOP01-DEL01-SC"
131220;2018-04-30;"segunda-feira";"16:50:00";"MG";40;524;"CONTAGEM";"Desobediência às normas de trânsito pelo pedestre";"Atropelamento de Pedestre";"Com Vítimas Feridas";"Pleno dia";"Decrescente";"Céu Claro";"Dupla";"Reta";"Sim";2;0;0;1;1;0;1;2;-19,8813041;-44,0507104;"SPRF-MG";"DEL01-MG";"UOP03-DEL01-MG"
131224;2018-04-30;"segunda-feira";"15:30:00";"MA";10;323;"ACAILANDIA";"Não guardar distância de segurança";"Colisão traseira";"Com Vítimas Feridas";"Anoitecer";"Crescente";"Garoa/Chuvisco";"Simples";"Reta";"Sim";6;0;2;0;3;1;2;3;-4,93601403;-47,50350952;"SPRF-MA";"DEL04-MA";"UOP03-DEL04-MA"
131237;2018-04-30;"segunda-feira";"18:20:00";"PR";376;4,1;"APUCARANA";"Ingestão de Álcool";"Colisão transversal";"Com Vítimas Feridas";"Plena Noite";"Decrescente";"Céu Claro";"Simples";"Reta";"Sim";2;0;1;0;1;0;1;2;-23,55497869;-51,44519068;"SPRF-PR";"DEL07-PR";"UOP03-DEL07-PR"
131240;2018-04-30;"segunda-feira";"18:45:00";"MG";50;151,9;"UBERABA";"Condutor Dormindo";"Colisão traseira";"Com Vítimas Feridas";"Anoitecer";"Crescente";"Céu Claro";"Dupla";"Reta";"Não";3;0;0;1;1;4;1;6;-19,583;-48,0312;"SPRF-MG";"DEL13-MG";"UOP01-DEL13-MG"
131244;2018-03-31;"sábado";"16:00:00";"GO";60;4;"SANTO ANTONIO DO DESCOBERTO";"Defeito Mecânico no Veículo";"Colisão com objeto em movimento";"Sem Vítimas";"Pleno dia";"Crescente";"Nublado";"Dupla";"Reta";"Não";3;0;0;0;2;1;0;3;-16,10651448;-48,29452515;"SPRF-DF";"DEL01-DF";"UOP01-DEL03-DF"
131245;2018-04-30;"segunda-feira";"17:20:00";"AC";364;213,6;"SENA MADUREIRA";"Defeito na Via";"Saída de leito carroçável";"Com Vítimas Feridas";"Pleno dia";"Decrescente";"Céu Claro";"Simples";"Reta";"Não";2;0;1;0;0;1;1;2;-9,50299;-68,34362;"SPRF-AC";"DEL01-AC";"UOP01-DEL01-AC"
131251;2018-04-30;"segunda-feira";"19:10:00";"BA";116;425;"FEIRA DE SANTANA";"Falta de Atenção à Condução";"Colisão traseira";"Com Vítimas Feridas";"Plena Noite";"Crescente";"Garoa/Chuvisco";"Simples";"Aclive";"Sim";2;0;1;0;1;0;1;2;-12,25262584;-38,98884773;"SPRF-BA";"DEL02-BA";"UOP01-DEL02-BA"
131252;2018-04-30;"segunda-feira";"18:00:00";"DF";40;3,3;"BRASILIA";"Falta de Atenção à Condução";"Engavetamento";"Com Vítimas Feridas";"Anoitecer";"Decrescente";"Céu Claro";"Dupla";"Reta";"Sim";6;0;1;0;5;0;1;6;-16,00557645;-47,98356056;"SPRF-DF";"DEL01-DF";"UOP01-DEL01-DF"
131256;2018-04-18;"quarta-feira";"04:30:00";"PR";376;591;"CURITIBA";"Falta de Atenção à Condução";"Colisão traseira";"Com Vítimas Feridas";"Plena Noite";"Crescente";"Nevoeiro/Neblina";"Dupla";"Reta";"Sim";4;0;3;0;1;0;3;2;-25,4657877;-49,35680437;"SPRF-PR";"DEL01-PR";"UOP06-DEL01-PR"
131260;2018-04-30;"segunda-feira";"20:00:00";"PR";476;192;"LAPA";"Falta de Atenção à Condução";"Tombamento";"Com Vítimas Feridas";"Plena Noite";"Crescente";"Céu Claro";"Dupla";"Reta";"Não";3;0;1;0;1;2;1;3;-25,7293;-49,701283;"SPRF-PR";"DEL01-PR";"UOP06-DEL01-PR"
131262;2018-04-30;"segunda-feira";"19:30:00";"RJ";101;54;"CAMPOS DOS GOYTACAZES";"Falta de Atenção à Condução";"Colisão lateral";"Com Vítimas Feridas";"Plena Noite";"Decrescente";"Céu Claro";"Simples";"Reta";"Não";2;0;1;0;1;0;1;2;-21,669363;-41,311115;"SPRF-RJ";"DEL08-RJ";"UOP01-DEL08-RJ"
131264;2018-04-30;"segunda-feira";"19:00:00";"MA";135;34,5;"BACABEIRA";"Pista Escorregadia";"Tombamento";"Com Vítimas Feridas";"Plena Noite";"Crescente";"Chuva";"Dupla";"Reta";"Não";2;0;1;0;0;1;1;2;-2,840073;-44,374596;"SPRF-MA";"DEL01-MA";"UOP01-DEL01-MA"
131267;2018-04-30;"segunda-feira";"21:00:00";"PA";316;7;"ANANINDEUA";"Falta de Atenção à Condução";"Colisão transversal";"Com Vítimas Feridas";"Plena Noite";"Decrescente";"Nublado";"Dupla";"Reta";"Sim";3;0;0;1;2;0;1;2;-1,366236;-48,367805;"SPRF-PA";"DEL01-PA";"DEL19/1-UOP05/PA"
131270;2018-04-30;"segunda-feira";"18:55:00";"PR";277;723;"FOZ DO IGUACU";"Velocidade Incompatível";"Colisão frontal";"Sem Vítimas";"Plena Noite";"Decrescente";"Vento";"Dupla";"Retorno Regulamentado";"Sim";2;0;0;0;2;0;0;2;-25,498783;-54,529865;"SPRF-PR";"DEL05-PR";"UOP01-DEL05-PR"
131275;2018-04-30;"segunda-feira";"20:40:00";"RS";290;321,9;"CACAPAVA DO SUL";"Falta de Atenção à Condução";"Tombamento";"Com Vítimas Feridas";"Plena Noite";"Crescente";"Nublado";"Simples";"Curva";"Não";2;0;1;0;0;1;1;2;-30,374401;-53,399715;"SPRF-RS";"DEL09-RS";"UOP02-DEL09-RS"
131280;2018-04-30;"segunda-feira";"23:00:00";"MG";381;691,2;"LAVRAS";"Falta de Atenção à Condução";"Colisão traseira";"Com Vítimas Feridas";"Plena Noite";"Decrescente";"Céu Claro";"Dupla";"Reta";"Não";3;0;0;2;1;0;2;2;-21,2187;-45,1273;"SPRF-MG";"DEL04-MG";"UOP02-DEL04-MG"
131282;2018-04-30;"segunda-feira";"20:30:00";"SC";470;225;"SAO CRISTOVAO DO SUL";"Ultrapassagem Indevida";"Colisão frontal";"Com Vítimas Feridas";"Plena Noite";"Crescente";"Céu Claro";"Simples";"Curva";"Não";6;0;3;0;2;1;3;4;-27,328018;-50,351475;"SPRF-SC";"DEL05-SC";"UOP03-DEL05-SC"
131287;2018-05-01;"terça-feira";"00:45:00";"SP";381;58,3;"MAIRIPORA";"Falta de Atenção à Condução";"Colisão traseira";"Com Vítimas Feridas";"Plena Noite";"Crescente";"Nublado";"Dupla";"Reta";"Não";3;0;1;0;1;3;1;5;-23,28018175;-46,58629596;"SPRF-SP";"DEL03-SP";"UOP01-DEL03-SP"
131289;2018-04-30;"segunda-feira";"23:10:00";"MT";364;203;"RONDONOPOLIS";"Pista Escorregadia";"Queda de ocupante de veículo";"Com Vítimas Feridas";"Plena Noite";"Decrescente";"Céu Claro";"Dupla";"Curva";"Sim";4;0;1;1;1;2;2;4;-16,475554;-54,653446;"SPRF-MT";"DEL02-MT";"UOP01-DEL02-MT"
131291;2018-05-01;"terça-feira";"01:25:00";"SP";116;516;"CAJATI";"Velocidade Incompatível";"Colisão traseira";"Com Vítimas Feridas";"Plena Noite";"Crescente";"Céu Claro";"Dupla";"Aclive;Reta";"Não";3;0;1;0;1;1;1;3;-24,85462108;-48,21610451;"SPRF-SP";"DEL05-SP";"UAP01-DEL05-SP"
131300;2018-05-01;"terça-feira";"01:50:00";"SC";101;257,8;"PAULO LOPES";"Defeito Mecânico no Veículo";"Danos eventuais";"Sem Vítimas";"Plena Noite";"Decrescente";"Nublado";"Simples";"Aclive;Reta";"Não";2;0;0;0;1;1;0;2;-28,0021;-48,6903;"SPRF-SC";"DEL02-SC";"UOP03-DEL02-SC"
131305;2018-05-01;"terça-feira";"02:30:00";"MA";316;589;"CAXIAS";"Condutor Dormindo";"Colisão lateral";"Sem Vítimas";"Plena Noite";"Decrescente";"Nevoeiro/Neblina";"Simples";"Aclive;Reta";"Não";3;0;0;0;1;2;0;3;-4,9951325;-43,04802775;"SPRF-MA";"DEL03-MA";"UOP02-DEL03-MA"
131306;2018-05-01;"terça-feira";"03:00:00";"PE";116;1;"SALGUEIRO";"Falta de Atenção à Condução";"Saída de leito carroçável";"Com Vítimas Feridas";"Plena Noite";"Crescente";"Garoa/Chuvisco";"Simples";"Reta";"Não";1;0;0;1;0;0;1;1;-7,868017;-39,092056;"SPRF-PE";"DEL05-PE";"UOP01-DEL05-PE"
131307;2018-05-01;"terça-feira";"04:40:00";"RJ";40;25;"TRES RIOS";"Velocidade Incompatível";"Tombamento";"Com Vítimas Feridas";"Amanhecer";"Decrescente";"Céu Claro";"Dupla";"Curva";"Não";2;0;1;0;0;1;1;2;-22,1572;-43,1574;"SPRF-RJ";"DEL06-RJ";"UOP02-DEL05-RJ"
131308;2018-05-01;"terça-feira";"05:00:00";"BA";324;622;"SALVADOR";"Não guardar distância de segurança";"Colisão traseira";"Com Vítimas Feridas";"Amanhecer";"Crescente";"Chuva";"Dupla";"Reta";"Não";2;0;1;0;1;0;1;2;-12,93796611;-38,4719802;"SPRF-BA";"DEL01-BA";"UOP01-DEL01-BA"
131313;2018-05-01;"terça-feira";"05:40:00";"MS";163;486;"CAMPO GRANDE";"Falta de Atenção à Condução";"Colisão lateral";"Com Vítimas Feridas";"Pleno dia";"Crescente";"Céu Claro";"Simples";"Reta";"Sim";3;0;1;0;1;1;1;3;-20,4299;-54,5445;"SPRF-MS";"DEL01-MS";"UOP02-DEL01-MS"
131320;2018-05-01;"terça-feira";"07:15:00";"MT";163;925;"ITAUBA";"Defeito na Via";"Tombamento";"Sem Vítimas";"Pleno dia";"Crescente";"Céu Claro";"Simples";"Reta";"Não";2;0;0;0;0;3;0;3;-11,02115369;-55,25985718;"SPRF-MT";"DEL06-MT";"UOP02-DEL06-MT"
131322;2018-05-01;"terça-feira";"08:30:00";"MG";381;934,4;"EXTREMA";"Velocidade Incompatível";"Tombamento";"Sem Vítimas";"Pleno dia";"Decrescente";"Céu Claro";"Simples";"Curva";"Não";2;0;0;0;1;1;0;2;-22,80540996;-46,25977364;"SPRF-MG";"DEL16-MG";"UOP03-DEL16-MG"
131330;2018-05-01;"terça-feira";"10:00:00";"MG";381;704,4;"LAVRAS";"Carga excessiva e/ou mal acondicionada";"Derramamento de carga";"Sem Vítimas";"Pleno dia";"Crescente";"Céu Claro";"Dupla";"Curva";"Não";2;0;0;0;1;1;0;2;-21,31751233;-45,16771317;"SPRF-MG";"DEL04-MG";"UOP02-DEL04-MG"
131334;2018-05-01;"terça-feira";"10:50:00";"RS";386;337,9;"LAJEADO";"Falta de Atenção à Condução";"Colisão lateral";"Sem Vítimas";"Pleno dia";"Decrescente";"Nublado";"Simples";"Curva";"Não";3;0;0;0;2;1;0;3;-29,41281566;-52,02617526;"SPRF-RS";"DEL04-RS";"UOP01-DEL04-RS"
131335;2018-05-01;"terça-feira";"08:55:00";"AL";101;46,8;"FLEXEIRAS";"Avarias e/ou desgaste excessivo no pneu";"Saída de leito carroçável";"Com Vítimas Feridas";"Pleno dia";"Decrescente";"Chuva";"Simples";"Curva";"Não";2;0;1;0;0;1;1;2;-9,21920186;-35,7754755;"SPRF-AL";"DEL01-AL";"UOP01-DEL01-AL"
131347;2018-05-01;"terça-feira";"12:22:00";"MG";381;361;"JOAO MONLEVADE";"Ultrapassagem Indevida";"Colisão frontal";"Com Vítimas Feridas";"Pleno dia";"Crescente";"Céu Claro";"Simples";"Curva";"Sim";3;0;0;1;1;2;1;4;-19,84753713;-43,20540905;"SPRF-MG";"DEL03-MG";"UOP01-DEL03-MG"
131350;2018-05-01;"terça-feira";"09:49:00";"GO";153;334,6;"JARAGUA";"Defeito na Via";"Capotamento";"Com Vítimas Feridas";"Pleno dia";"Decrescente";"Céu Claro";"Simples";"Aclive";"Não";3;0;2;1;0;0;3;2;-15,548038;-49,432594;"SPRF-GO";"DEL02-GO";"UOP02-DEL02-GO"
131351;2018-05-01;"terça-feira";"13:00:00";"BA";101;878;"TEIXEIRA DE FREITAS";"Falta de Atenção à Condução";"Colisão transversal";"Com Vítimas Feridas";"Pleno dia";"Crescente";"Céu Claro";"Simples";"Interseção de Vias";"Sim";4;0;1;1;1;1;2;3;-17,5466;-39,7192;"SPRF-BA";"DEL09-BA";"UOP02-DEL09-BA"
131358;2018-05-01;"terça-feira";"11:30:00";"MT";364;259;"JUSCIMEIRA";"Falta de Atenção à Condução";"Colisão lateral";"Com Vítimas Feridas";"Pleno dia";"Decrescente";"Sol";"Simples";"Reta";"Sim";3;0;1;0;1;1;1;3;-16,048325;-54,887131;"SPRF-MT";"DEL02-MT";"UOP02-DEL05-MT"
131370;2018-05-01;"terça-feira";"14:10:00";"RJ";393;216;"VASSOURAS";"Falta de Atenção à Condução";"Colisão lateral";"Sem Vítimas";"Pleno dia";"Crescente";"Céu Claro";"Simples";"Curva";"Não";3;0;0;0;2;1;0;3;-22,32012;-43,529716;"SPRF-RJ";"DEL05-RJ";"UOP03-DEL05-RJ"
131372;2018-05-01;"terça-feira";"16:00:00";"GO";153;247;"SAO LUIZ DO NORTE";"Falta de Atenção à Condução";"Saída de leito carroçável";"Com Vítimas Feridas";"Pleno dia";"Crescente";"Céu Claro";"Simples";"Reta";"Não";2;0;1;0;0;1;1;2;-14,877201;-49,33485;"SPRF-GO";"DEL07-GO";"UOP02-DEL07-GO"
131373;2018-05-01;"terça-feira";"15:30:00";"BA";116;439,3;"FEIRA DE SANTANA";"Falta de Atenção à Condução";"Colisão com objeto estático";"Com Vítimas Feridas";"Pleno dia";"Crescente";"Céu Claro";"Dupla";"Curva";"Não";1;0;1;0;0;0;1;1;-12,30176449;-39,03991699;"SPRF-BA";"DEL02-BA";"UOP01-DEL02-BA"
131388;2018-05-01;"terça-feira";"17:30:00";"SC";470;98;"APIUNA";"Falta de Atenção à Condução";"Colisão frontal";"Com Vítimas Feridas";"Pleno dia";"Crescente";"Nublado";"Simples";"Reta";"Não";5;0;3;1;1;0;4;3;-27,01857423;-49,37091172;"SPRF-SC";"DEL04-SC";"UOP01-DEL04-SC"
131390;2018-05-01;"terça-feira";"16:50:00";"GO";364;315,6;"MINEIROS";"Ultrapassagem Indevida";"Colisão frontal";"Com Vítimas Fatais";"Pleno dia";"Decrescente";"Céu Claro";"Simples";"Curva";"Não";3;1;0;0;1;1;0;3;-17,437828;-52,604626;"SPRF-GO";"DEL05-GO";"UOP01-DEL05-GO"
131391;2018-05-01;"terça-feira";"14:30:00";"RS";116;40,3;"VACARIA";"Falta de Atenção à Condução";"Colisão transversal";"Com Vítimas Feridas";"Pleno dia";"Decrescente";"Céu Claro";"Simples";"Rotatória";"Sim";18;0;1;0;17;0;1;2;-28,52054228;-50,94183326;"SPRF-RS";"DEL05-RS";"UOP03-DEL05-RS"
131394;2018-05-01;"terça-feira";"16:30:00";"MG";381;821,9;"CAREACU";"Defeito Mecânico no Veículo";"Incêndio";"Sem Vítimas";"Pleno dia";"Crescente";"Sol";"Dupla";"Reta";"Não";2;0;0;0;1;1;0;2;-22,08332892;-45,70209795;"SPRF-MG";"DEL16-MG";"UOP02-DEL16-MG"
131402;2018-05-01;"terça-feira";"13:30:00";"BA";101;640;"MASCOTE";"Defeito Mecânico no Veículo";"Colisão com objeto estático";"Com Vítimas Feridas";"Pleno dia";"Crescente";"Céu Claro";"Simples";"Declive";"Não";3;0;1;0;1;1;1;2;-15,7889;-39,5079;"SPRF-BA";"DEL05-BA";"UOP02-DEL05-BA"