"id";"data_inversa";"dia_semana";"horario";"uf";"br";"km";"municipio";"causa_acidente";"tipo_acidente";"classificacao_acidente";"fase_dia";"sentido_via";"condicao_metereologica";"tipo_pista";"tracado_via";"uso_solo";"pessoas";"mortos";"feridos_leves";"feridos_graves";"ilesos";"ignorados";"feridos";"veiculos";"latitude";"longitude";"regional";"delegacia";"uop"
131405;2018-05-01;"terça-feira";"18:30:00";"SC";470;49,1;"BLUMENAU";"Falta de Atenção à Condução";"Colisão frontal";"Com Vítimas Fatais";"Plena Noite";"Crescente";"Nublado";"Simples";"Curva";"Sim";3;1;0;0;1;1;0;3;-26,86395538;-49,04692501;"SPRF-SC";"DEL04-SC";"UOP01-DEL04-SC"
131429;2018-05-01;"terça-feira";"18:45:00";"PR";116;83,5;"PIRAQUARA";"Desobediência às normas de trânsito pelo condutor";"Colisão lateral";"Com Vítimas Feridas";"Plena Noite";"Decrescente";"Céu Claro";"Dupla";"Curva;Aclive";"Não";3;0;1;0;0;2;1;3;-25,42479224;-49,07552123;"SPRF-PR";"DEL01-PR";"UOP01-DEL01-PR"
131434;2018-05-01;"terça-feira";"07:20:00";"RO";364;50,5;"VILHENA";"Falta de Atenção à Condução";"Tombamento";"Sem Vítimas";"Pleno dia";"Crescente";"Céu Claro";"Simples";"Reta";"Não";2;0;0;0;1;2;0;3;-12,551123;-60,358524;"SPRF-RO";"DEL04-RO";"DEL21/4-UOP03/RO"
131436;2018-05-01;"terça-feira";"15:55:00";"BA";101;302,3;"VALENCA";"Pista Escorregadia";"Colisão com objeto estático";"Sem Vítimas";"Pleno dia";"Crescente";"Chuva";"Simples";"Interseção de Vias;Reta;Rotatória;Declive;Retorno Regulamentado";"Sim";1;0;0;0;1;0;0;1;-13,28403463;-39,32186007;"SPRF-BA";"DEL05-BA";"UOP03-DEL05-BA"
131442;2018-05-01;"terça-feira";"20:30:00";"ES";259;46,2;"COLATINA";"Defeito Mecânico no Veículo";"Queda de ocupante de veículo";"Com Vítimas Feridas";"Plena Noite";"Crescente";"Céu Claro";"Simples";"Curva";"Não";3;0;1;0;1;1;1;3;-19,58760964;-40,51139832;"SPRF-ES";"DEL02-ES";"UOP01-DEL02-ES"
131444;2018-05-01;"terça-feira";"17:30:00";"RO";364;690;"CANDEIAS DO JAMARI";"Carga excessiva e/ou mal acondicionada";"Tombamento";"Com Vítimas Feridas";"Pleno dia";"Decrescente";"Céu Claro";"Simples";"Curva";"Sim";3;0;0;2;0;1;2;1;-8,7959565;-63,68428946;"SPRF-RO";"DEL01-RO";"UOP01-DEL01-RO"
131446;2018-05-01;"terça-feira";"21:00:00";"BA";101;506,9;"ITABUNA";"Desobediência às normas de trânsito pelo condutor";"Colisão frontal";"Com Vítimas Feridas";"Plena Noite";"Decrescente";"Céu Claro";"Simples";"Reta";"Sim";2;0;1;0;1;0;1;2;-14,7953;-39,2905;"SPRF-BA";"DEL05-BA";"UOP01-DEL05-BA"
131453;2018-05-01;"terça-feira";"14:45:00";"SC";470;228,7;"SAO CRISTOVAO DO SUL";"Defeito Mecânico no Veículo";"Tombamento";"Com Vítimas Feridas";"Pleno dia";"Crescente";"Chuva";"Simples";"Curva";"Não";2;0;1;0;0;1;1;2;-27,321127;-50,378922;"SPRF-SC";"DEL05-SC";"UOP03-DEL05-SC"
131456;2018-05-01;"terça-feira";"21:03:00";"GO";153;109;"SANTA TEREZA DE GOIAS";"Defeito na Via";"Tombamento";"Sem Vítimas";"Plena Noite";"Decrescente";"Céu Claro";"Simples";"Curva";"Não";2;0;0;0;1;2;0;3;-13,72571123;-49,02168274;"SPRF-GO";"DEL07-GO";"UOP01-DEL07-GO"
131466;2018-05-01;"terça-feira";"16:27:00";"MG";262;121;"RIO CASCA";"Ingestão de Álcool";"Colisão traseira";"Com Vítimas Feridas";"Pleno dia";"Decrescente";"Céu Claro";"Simples";"Reta";"Sim";2;0;1;0;1;0;1;2;-20,21818474;-42,65136353;"SPRF-MG";"DEL03-MG";"UOP03-DEL03-MG"
131472;2018-05-02;"quarta-feira";"00:50:00";"RJ";116;311,1;"RESENDE";"Animais na Pista";"Atropelamento de Animal";"Com Vítimas Fatais";"Plena Noite";"Decrescente";"Céu Claro";"Dupla";"Reta";"Sim";3;1;1;0;1;0;1;2;-22,460867;-44,442963;"SPRF-RJ";"DEL07-RJ";"DEL5/7-UOP03/RJ"
131482;2018-05-02;"quarta-feira";"04:15:00";"RJ";40;0,7;"COMENDADOR LEVY GASPARIAN";"Velocidade Incompatível";"Tombamento";"Sem Vítimas";"Plena Noite";"Crescente";"Céu Claro";"Dupla";"Curva";"Não";2;0;0;0;1;1;0;2;-22,0107;-43,259;"SPRF-RJ";"DEL06-RJ";"UOP02-DEL05-RJ"
131501;2018-05-02;"quarta-feira";"07:45:00";"PR";376;191,3;"MARIALVA";"Falta de Atenção à Condução";"Colisão traseira";"Com Vítimas Feridas";"Pleno dia";"Crescente";"Céu Claro";"Dupla";"Reta;Declive";"Não";2;0;1;0;1;0;1;2;-23,48352606;-51,82145825;"SPRF-PR";"DEL07-PR";"UOP01-DEL09-PR"
131503;2018-05-02;"quarta-feira";"07:40:00";"SP";116;288;"ITAPECERICA DA SERRA";"Falta de Atenção à Condução";"Colisão traseira";"Com Vítimas Feridas";"Amanhecer";"Decrescente";"Céu Claro";"Dupla";"Interseção de Vias";"Não";2;0;1;0;1;0;1;2;-23,70686904;-46,87434107;"SPRF-SP";"DEL04-SP";"UOP01-DEL04-SP"
131506;2018-05-02;"quarta-feira";"06:20:00";"SC";280;107,1;"SAO BENTO DO SUL";"Deficiência ou não Acionamento do Sistema de Iluminação/Sinalização do Veículo";"Colisão frontal";"Com Vítimas Feridas";"Amanhecer";"Decrescente";"Nevoeiro/Neblina";"Simples";"Curva;Declive";"Não";3;0;0;1;1;1;1;3;-26,343979;-49,37566;"SPRF-SC";"DEL06-SC";"UOP03-DEL06-SC"
131520;2018-05-02;"quarta-feira";"08:25:00";"RS";116;245;"SAO LEOPOLDO";"Falta de Atenção à Condução";"Colisão traseira";"Com Vítimas Feridas";"Pleno dia";"Crescente";"Céu Claro";"Simples";"Reta";"Sim";2;0;1;0;1;0;1;2;-29,74762112;-51,15139425;"SPRF-RS";"DEL01-RS";"UOP02-DEL01-RS"
131524;2018-05-02;"quarta-feira";"08:20:00";"PE";101;51;"ABREU E LIMA";"Desobediência às normas de trânsito pelo condutor";"Colisão transversal";"Sem Vítimas";"Pleno dia";"Decrescente";"Nublado";"Múltipla";"Interseção de Vias";"Sim";2;0;0;0;2;0;0;2;-7,916796;-34,897282;"SPRF-PE";"DEL01-PE";"UOP02-DEL01-PE"
131532;2018-05-02;"quarta-feira";"06:35:00";"RS";287;386,1;"SANTIAGO";"Condutor Dormindo";"Colisão traseira";"Com Vítimas Feridas";"Plena Noite";"Crescente";"Céu Claro";"Simples";"Aclive;Reta";"Não";4;0;0;2;1;1;2;3;-29,27769602;-54,79257347;"SPRF-RS";"DEL12-RS";"UOP02-DEL12-RS"
131536;2018-05-02;"quarta-feira";"09:30:00";"MG";40;824,9;"SIMAO PEREIRA";"Velocidade Incompatível";"Colisão com objeto estático";"Com Vítimas Feridas";"Pleno dia";"Crescente";"Céu Claro";"Dupla";"Curva";"Não";1;0;1;0;0;0;1;1;-21,9904;-43,2843;"SPRF-MG";"DEL05-MG";"UOP01-DEL05-MG"
131537;2018-04-09;"segunda-feira";"06:50:00";"BA";101;385,7;"GANDU";"Falta de Atenção à Condução";"Tombamento";"Com Vítimas Feridas";"Pleno dia";"Crescente";"Céu Claro";"Simples";"Curva";"Não";1;0;1;0;0;0;1;1;-13,908;-39,4804;"SPRF-BA";"DEL05-BA";"UOP03-DEL05-BA"
131541;2018-05-02;"quarta-feira";"10:45:00";"RN";304;112,1;"ACU";"Desobediência às normas de trânsito pelo condutor";"Colisão transversal";"Com Vítimas Feridas";"Pleno dia";"Crescente";"Sol";"Simples";"Interseção de Vias";"Não";3;0;1;0;1;1;1;3;-5,60362133;-36,91786051;"SPRF-RN";"DEL04-RN";"UOP01-DEL04-RN"
131556;2018-05-02;"quarta-feira";"11:05:00";"MG";381;443;"SABARA";"Falta de Atenção à Condução";"Colisão traseira";"Com Vítimas Feridas";"Pleno dia";"Crescente";"Céu Claro";"Simples";"Curva";"Não";9;0;0;3;4;2;3;6;-19,80954804;-43,76722455;"SPRF-MG";"DEL01-MG";"UOP01-DEL01-MG"
131558;2018-05-02;"quarta-feira";"08:30:00";"RO";364;116;"PIMENTA BUENO";"Defeito na Via";"Colisão lateral";"Com Vítimas Feridas";"Pleno dia";"Crescente";"Sol";"Simples";"Curva;Declive";"Não";3;0;1;0;1;5;1;7;-12,156614;-60,714489;"SPRF-RO";"DEL02-RO";"UOP02-DEL02-RO"
131562;2018-05-02;"quarta-feira";"12:10:00";"RJ";116;167;"SAO JOAO DE MERITI";"Falta de Atenção à Condução";"Colisão lateral";"Com Vítimas Feridas";"Pleno dia";"Crescente";"Sol";"Múltipla";"Reta";"Sim";4;0;2;0;2;0;2;3;-22,80079119;-43,35582733;"SPRF-RJ";"DEL01-RJ";"UOP02-DEL01-RJ"
131565;2018-05-02;"quarta-feira";"13:15:00";"BA";20;137,9;"SAO DESIDERIO";"Falta de Atenção à Condução";"Colisão transversal";"Com Vítimas Feridas";"Pleno dia";"Decrescente";"Sol";"Simples";"Interseção de Vias";"Sim";2;0;0;1;1;0;1;2;-12,75766;-45,944641;"SPRF-BA";"DEL10-BA";"UOP01-DEL10-BA"
131566;2018-05-02;"quarta-feira";"12:20:00";"RJ";101;14;"CAMPOS DOS GOYTACAZES";"Condutor Dormindo";"Colisão transversal";"Com Vítimas Feridas";"Pleno dia";"Crescente";"Céu Claro";"Simples";"Reta";"Não";3;0;1;0;2;0;1;3;-21,3406484;-41,33514762;"SPRF-RJ";"DEL08-RJ";"UOP01-DEL08-RJ"
131573;2018-05-02;"quarta-feira";"13:30:00";"PE";101;91,8;"CABO DE SANTO AGOSTINHO";"Desobediência às normas de trânsito pelo condutor";"Colisão transversal";"Com Vítimas Feridas";"Pleno dia";"Decrescente";"Nublado";"Simples";"Reta";"Não";2;0;1;0;1;0;1;2;-8,24051709;-34,98663895;"SPRF-PE";"DEL01-PE";"UOP03-DEL01-PE"
131577;2018-05-02;"quarta-feira";"11:30:00";"MA";135;79,3;"SANTA RITA";"Falta de Atenção à Condução";"Tombamento";"Com Vítimas Feridas";"Pleno dia";"Decrescente";"Céu Claro";"Simples";"Reta";"Não";3;0;1;1;0;2;2;3;-3,212155;-44,36219;"SPRF-MA";"DEL01-MA";"UOP02-DEL01-MA"
131581;2018-05-02;"quarta-feira";"13:20:00";"PR";369;93,1;"CORNELIO PROCOPIO";"Velocidade Incompatível";"Tombamento";"Sem Vítimas";"Pleno dia";"Crescente";"Céu Claro";"Simples";"Curva";"Não";2;0;0;0;1;2;0;3;-23,21147356;-50,66706598;"SPRF-PR";"DEL07-PR";"UOP05-DEL07-PR"
131584;2018-01-06;"sábado";"22:00:00";"PA";222;242,8;"MARABA";"Ingestão de Álcool";"Colisão frontal";"Sem Vítimas";"Plena Noite";"Crescente";"Nublado";"Simples";"Reta";"Sim";3;0;0;0;2;1;0;3;-5,33815378;-49,08307323;"SPRF-PA";"DEL03-PA";"UOP01-DEL03-PA"
131585;2018-05-02;"quarta-feira";"15:15:00";"GO";60;355,2;"RIO VERDE";"Falta de Atenção à Condução";"Colisão traseira";"Com Vítimas Feridas";"Pleno dia";"Crescente";"Céu Claro";"Dupla";"Reta";"Não";3;0;1;0;1;1;1;3;-17,59814697;-50,73603589;"SPRF-GO";"DEL04-GO";"UOP01-DEL04-GO"
131586;2018-05-02;"quarta-feira";"15:00:00";"BA";242;656;"MUQUEM DE SAO FRANCISCO";"Defeito na Via";"Tombamento";"Sem Vítimas";"Pleno dia";"Decrescente";"Sol";"Simples";"Reta";"Não";2;0;0;0;1;1;0;2;-12,218726;-43,816411;"SPRF-BA";"DEL10-BA";"UOP03-DEL06-BA"
131593;2018-05-02;"quarta-feira";"14:35:00";"SC";101;47;"JOINVILLE";"Ingestão de álcool e/ou substâncias psicoativas pelo pedestre";"Atropelamento de Pedestre";"Com Vítimas Feridas";"Pleno dia";"Crescente";"Chuva";"Dupla";"Reta";"Não";3;0;1;0;1;1;1;3;-26,3752;-48,8549;"SPRF-SC";"DEL03-SC";"UOP01-DEL03-SC"
131598;2018-05-02;"quarta-feira";"16:25:00";"ES";101;414,3;"MIMOSO DO SUL";"Defeito Mecânico no Veículo";"Tombamento";"Com Vítimas Feridas";"Pleno dia";"Crescente";"Céu Claro";"Simples";"Rotatória";"Não";1;0;1;0;0;0;1;1;-21,12934558;-41,28052443;"SPRF-ES";"DEL03-ES";"UOP02-DEL03-ES"
131603;2018-05-02;"quarta-feira";"17:00:00";"AL";101;88;"RIO LARGO";"Falta de Atenção à Condução";"Colisão lateral";"Sem Vítimas";"Anoitecer";"Decrescente";"Céu Claro";"Simples";"Curva";"Não";4;0;0;0;3;4;0;7;-9,48016;-35,885441;"SPRF-AL";"DEL01-AL";"UOP01-DEL01-AL"
131608;2018-05-02;"quarta-feira";"16:15:00";"TO";153;101,1;"WANDERLANDIA";"Falta de Atenção à Condução";"Colisão lateral";"Com Vítimas Feridas";"Pleno dia";"Decrescente";"Sol";"Simples";"Reta";"Não";3;0;0;1;1;1;1;3;-6,901632;-48,027467;"SPRF-TO";"DEL02-TO";"UOP01-DEL02-TO"
131612;2018-05-02;"quarta-feira";"16:30:00";"CE";20;276;"CANINDE";"Não guardar distância de segurança";"Colisão traseira";"Com Vítimas Feridas";"Pleno dia";"Crescente";"Céu Claro";"Simples";"Reta";"Não";4;0;1;0;3;0;1;2;-4,60192048;-39,36847687;"SPRF-CE";"DEL02-CE";"UOP01-DEL02-CE"
131616;2018-05-02;"quarta-feira";"17:00:00";"SC";282;56,4;"RANCHO QUEIMADO";"Velocidade Incompatível";"Tombamento";"Sem Vítimas";"Plena Noite";"Decrescente";"Chuva";"Simples";"Curva";"Não";1;0;0;0;1;0;0;1;-27,691633;-48,991375;"SPRF-SC";"DEL01-SC";"UOP03-DEL01-SC"
131619;2018-05-02;"quarta-feira";"17:50:00";"BA";324;552,4;"AMELIA RODRIGUES";"Falta de Atenção à Condução";"Saída de leito carroçável";"Sem Vítimas";"Anoitecer";"Decrescente";"Nublado";"Dupla";"Reta";"Não";1;0;0;0;1;0;0;1;-12,45987653;-38,69779587;"SPRF-BA";"DEL01-BA";"UOP01-DEL01-BA"
131632;2018-05-02;"quarta-feira";"18:00:00";"MG";116;617;"ORIZANIA";"Velocidade Incompatível";"Colisão traseira";"Com Vítimas Feridas";"Anoitecer";"Decrescente";"Céu Claro";"Simples";"Aclive;Reta";"Não";7;0;2;2;2;1;4;3;-20,45914262;-42,17403531;"SPRF-MG";"DEL07-MG";"UOP03-DEL07-MG"
131636;2018-05-02;"quarta-feira";"19:25:00";"PR";376;101;"PARANAVAI";"Falta de Atenção à Condução";"Colisão traseira";"Com Vítimas Feridas";"Plena Noite";"Decrescente";"Céu Claro";"Simples";"Reta";"Não";5;0;2;0;2;1;2;3;-23,03616;-52,47793;"SPRF-PR";"DEL07-PR";"UOP02-DEL09-PR"
131637;2018-05-02;"quarta-feira";"18:20:00";"SC";116;24,5;"ITAIOPOLIS";"Falta de Atenção à Condução";"Colisão frontal";"Com Vítimas Feridas";"Plena Noite";"Crescente";"Nublado";"Simples";"Interseção de Vias";"Não";3;0;1;0;1;1;1;3;-26,2701063;-49,91924912;"SPRF-SC";"DEL06-SC";"UOP01-DEL06-SC"
131648;2018-05-02;"quarta-feira";"20:00:00";"RJ";40;98,9;"DUQUE DE CAXIAS";"Velocidade Incompatível";"Colisão traseira";"Com Vítimas Feridas";"Plena Noite";"Crescente";"Nublado";"Simples";"Reta";"Não";4;0;2;0;1;1;2;3;-22,585203;-43,276721;"SPRF-RJ";"DEL06-RJ";"UOP01-DEL06-RJ"
131651;2018-05-02;"quarta-feira";"19:30:00";"PR";277;724,8;"FOZ DO IGUACU";"Defeito Mecânico no Veículo";"Colisão lateral";"Com Vítimas Feridas";"Plena Noite";"Decrescente";"Céu Claro";"Dupla";"Aclive;Reta";"Sim";6;0;1;0;4;1;1;4;-25,50734378;-54,54497398;"SPRF-PR";"DEL05-PR";"UOP03-DEL05-PR"
131653;2018-05-02;"quarta-feira";"17:00:00";"MA";10;192;"RIBAMAR FIQUENE";"Defeito na Via";"Colisão lateral";"Com Vítimas Feridas";"Pleno dia";"Crescente";"Céu Claro";"Simples";"Reta";"Não";3;0;1;0;1;1;1;3;-6,04196135;-47,38248554;"SPRF-MA";"DEL04-MA";"UOP01-DEL04-MA"
131656;2018-05-02;"quarta-feira";"20:20:00";"PR";376;619;"SAO JOSE DOS PINHAIS";"Falta de Atenção à Condução";"Colisão lateral";"Com Vítimas Feridas";"Plena Noite";"Crescente";"Nublado";"Múltipla";"Reta";"Não";3;0;1;0;2;0;1;2;-25,60314071;-49,17299856;"SPRF-PR";"DEL01-PR";"DEL7/1-UOP08/PR"
131661;2018-05-02;"quarta-feira";"21:10:00";"PE";101;67,9;"RECIFE";"Falta de Atenção à Condução";"Colisão traseira";"Com Vítimas Feridas";"Plena Noite";"Decrescente";"Nublado";"Múltipla";"Reta";"Sim";3;0;1;1;1;0;2;2;-8,049807;-34,945635;"SPRF-PE";"DEL01-PE";"UOP01-DEL01-PE"
131664;2018-05-02;"quarta-feira";"21:20:00";"RJ";101;310;"SAO GONCALO";"Desobediência às normas de trânsito pelo condutor";"Colisão traseira";"Sem Vítimas";"Plena Noite";"Decrescente";"Céu Claro";"Dupla";"Reta";"Sim";5;0;0;0;5;0;0;5;-22,797176;-43,044071;"SPRF-RJ";"DEL02-RJ";"DEL5/2-UOP04/RJ"
131673;2018-05-02;"quarta-feira";"21:50:00";"PR";376;531,7;"PALMEIRA";"Falta de Atenção à Condução";"Saída de leito carroçável";"Sem Vítimas";"Plena Noite";"Decrescente";"Nublado";"Simples";"Curva";"Não";2;0;0;0;1;1;0;2;-25,30926976;-49,88582611;"SPRF-PR";"DEL01-PR";"UOP06-DEL01-PR"
131675;2018-05-02;"quarta-feira";"23:25:00";"SP";116;175;"JACAREI";"Condutor Dormindo";"Colisão traseira";"Com Vítimas Feridas";"Plena Noite";"Decrescente";"Céu Claro";"Dupla";"Aclive";"Sim";3;0;2;0;0;1;2;3;-23,32039034;-46,09009174;"SPRF-SP";"DEL02-SP";"UOP01-DEL02-SP"
131678;2018-05-02;"quarta-feira";"21:30:00";"MT";158;621;"AGUA BOA";"Condutor Dormindo";"Saída de leito carroçável";"Sem Vítimas";"Plena Noite";"Crescente";"Céu Claro";"Simples";"Reta";"Não";2;0;0;0;0;3;0;3;-14,337543;-52,16830717;"SPRF-MT";"DEL07-MT";"UOP02-DEL07-MT"
131682;2018-05-02;"quarta-feira";"22:00:00";"BA";110;19,8;"PAULO AFONSO";"Falta de Atenção à Condução";"Saída de leito carroçável";"Com Vítimas Feridas";"Plena Noite";"Decrescente";"Nublado";"Simples";"Curva";"Não";1;0;0;1;0;0;1;1;-9,402343;-38,2413082;"SPRF-BA";"DEL07-BA";"UOP01-DEL07-BA"
131685;2018-05-03;"quinta-feira";"02:15:00";"MG";381;442;"SABARA";"Velocidade Incompatível";"Saída de leito carroçável";"Com Vítimas Fatais";"Plena Noite";"Decrescente";"Céu Claro";"Simples";"Curva";"Sim";2;1;0;1;0;0;1;1;-19,80966917;-43,76636624;"SPRF-MG";"DEL01-MG";"UOP01-DEL01-MG"
131686;2018-05-03;"quinta-feira";"04:30:00";"RJ";101;307,9;"SAO GONCALO";"Agressão Externa";"Colisão traseira";"Sem Vítimas";"Plena Noite";"Decrescente";"Céu Claro";"Dupla";"Reta";"Sim";2;0;0;0;2;0;0;2;-22,79675583;-43,0346489;"SPRF-RJ";"DEL02-RJ";"DEL5/2-UOP04/RJ"
131689;2018-05-03;"quinta-feira";"04:40:00";"RR";401;2,8;"CANTA";"Desobediência às normas de trânsito pelo pedestre";"Atropelamento de Pedestre";"Com Vítimas Feridas";"Amanhecer";"Crescente";"Garoa/Chuvisco";"Simples";"Reta";"Não";3;0;0;1;1;1;1;3;2,793126;-60,665259;"SPRF-RR";"DEL01-RR";"UOP01-DEL01-RR"
131692;2018-05-03;"quinta-feira";"06:30:00";"PR";376;545,3;"PALMEIRA";"Falta de Atenção à Condução";"Colisão traseira";"Sem Vítimas";"Amanhecer";"Crescente";"Céu Claro";"Dupla";"Reta";"Não";2;0;0;0;2;0;0;2;-25,42331515;-49,76419665;"SPRF-PR";"DEL01-PR";"UOP06-DEL01-PR"
131694;2018-05-03;"quinta-feira";"05:30:00";"RJ";116;274;"BARRA MANSA";"Carga excessiva e/ou mal acondicionada";"Derramamento de carga";"Sem Vítimas";"Amanhecer";"Decrescente";"Nublado";"Dupla";"Reta";"Não";1;0;0;0;1;0;0;1;-22,561834;-44,165886;"SPRF-RJ";"DEL07-RJ";"UOP02-DEL07-RJ"
131697;2018-05-03;"quinta-feira";"06:00:00";"SC";163;67;"SAO MIGUEL DO OESTE";"Falta de Atenção à Condução";"Colisão transversal";"Com Vítimas Feridas";"Amanhecer";"Decrescente";"Céu Claro";"Dupla";"Curva";"Sim";2;0;1;0;1;0;1;2;-26,759436;-53,500553;"SPRF-SC";"DEL07-SC";"UOP03-DEL07-SC"
131701;2018-05-03;"quinta-feira";"06:20:00";"MG";0;0;"GOVERNADOR VALADARES";"Falta de Atenção à Condução";"Atropelamento de Pedestre";"Com Vítimas Feridas";"Amanhecer";"Não Informado";"Céu Claro";"Simples";"Reta";"Não";3;0;1;0;1;1;1;3;-18,68182132;-41,98838353;"SPRF-MG";"DEL06-MG";"UOP01-DEL06-MG"
131708;2018-05-03;"quinta-feira";"06:30:00";"MT";364;349;"SANTO ANTONIO DO LEVERGER";"Velocidade Incompatível";"Saída de leito carroçável";"Com Vítimas Fatais";"Pleno dia";"Crescente";"Céu Claro";"Dupla";"Declive;Curva";"Não";2;1;0;0;0;2;0;3;-15,805045;-55,5546;"SPRF-MT";"DEL02-MT";"UOP02-DEL01-MT"
131711;2018-05-03;"quinta-feira";"05:23:00";"BA";324;415;"NOVA FATIMA";"Condutor Dormindo";"Capotamento";"Com Vítimas Feridas";"Amanhecer";"Crescente";"Nublado";"Simples";"Reta";"Não";1;0;0;1;0;0;1;1;-11,65651302;-39,57784474;"SPRF-BA";"DEL04-BA";"UOP02-DEL04-BA"
131712;2018-05-03;"quinta-feira";"08:00:00";"SC";282;334;"CAMPOS NOVOS";"Ultrapassagem Indevida";"Colisão frontal";"Com Vítimas Feridas";"Pleno dia";"Decrescente";"Céu Claro";"Simples";"Curva";"Não";4;0;1;0;2;2;1;5;-27,3934787;-51,17295384;"SPRF-SC";"DEL07-SC";"UOP06-DEL07-SC"
131718;2018-03-20;"terça-feira";"04:40:00";"PB";116;9,2;"CACHOEIRA DOS INDIOS";"Pista Escorregadia";"Saída de leito carroçável";"Com Vítimas Feridas";"Amanhecer";"Decrescente";"Chuva";"Simples";"Curva";"Sim";2;0;1;0;0;2;1;3;-6,97340401;-38,73525023;"SPRF-CE";"DEL05-CE";"UOP03-DEL05-CE"
131719;2018-05-03;"quinta-feira";"07:50:00";"SC";101;107;"PENHA";"Velocidade Incompatível";"Saída de leito carroçável";"Sem Vítimas";"Pleno dia";"Decrescente";"Chuva";"Dupla";"Curva";"Não";1;0;0;0;1;0;0;1;-26,8262;-48,6904;"SPRF-SC";"DEL03-SC";"UOP02-DEL03-SC"
131722;2018-05-03;"quinta-feira";"08:50:00";"RO";364;515,5;"ARIQUEMES";"Desobediência às normas de trânsito pelo condutor";"Colisão transversal";"Sem Vítimas";"Pleno dia";"Crescente";"Nublado";"Simples";"Reta";"Sim";5;0;0;0;4;1;0;3;-9,92424488;-63,05495203;"SPRF-RO";"DEL03-RO";"UOP01-DEL03-RO"
131728;2018-05-03;"quinta-feira";"11:10:00";"BA";101;108;"ALAGOINHAS";"Desobediência às normas de trânsito pelo condutor";"Colisão transversal";"Com Vítimas Feridas";"Pleno dia";"Crescente";"Céu Claro";"Simples";"Interseção de Vias";"Sim";4;0;2;0;1;1;2;3;-12,1502;-38,3981;"SPRF-BA";"DEL01-BA";"UOP04-DEL01-BA"
131730;2018-05-03;"quinta-feira";"11:00:00";"SC";101;215;"PALHOCA";"Falta de Atenção à Condução";"Queda de ocupante de veículo";"Com Vítimas Feridas";"Pleno dia";"Decrescente";"Céu Claro";"Dupla";"Reta";"Não";3;0;1;0;1;1;1;3;-27,6601;-48,6774;"SPRF-SC";"DEL01-SC";"UOP02-DEL01-SC"
131732;2018-05-03;"quinta-feira";"07:50:00";"SC";470;181;"POUSO REDONDO";"Desobediência às normas de trânsito pelo condutor";"Colisão frontal";"Com Vítimas Fatais";"Pleno dia";"Crescente";"Nublado";"Simples";"Reta";"Não";2;1;0;0;1;0;0;2;-27,24976046;-49,98832405;"SPRF-SC";"DEL04-SC";"UOP02-DEL04-SC"
131737;2018-05-03;"quinta-feira";"11:55:00";"PR";376;652,2;"TIJUCAS DO SUL";"Velocidade Incompatível";"Tombamento";"Sem Vítimas";"Pleno dia";"Crescente";"Céu Claro";"Dupla";"Curva";"Não";2;0;0;0;1;2;0;3;-25,84206;-49,05797;"SPRF-PR";"DEL01-PR";"DEL7/1-UOP08/PR"
131739;2018-05-03;"quinta-feira";"05:30:00";"PE";101;113,9;"ESCADA";"Velocidade Incompatível";"Saída de leito carroçável";"Sem Vítimas";"Amanhecer";"Crescente";"Chuva";"Dupla";"Curva";"Sim";1;0;0;0;1;0;0;1;-8,335;-35,1309;"SPRF-PE";"DEL01-PE";"UOP03-DEL01-PE"
131740;2018-05-03;"quinta-feira";"12:15:00";"ES";101;241,4;"SERRA";"Falta de Atenção à Condução";"Colisão transversal";"Com Vítimas Feridas";"Pleno dia";"Crescente";"Sol";"Simples";"Interseção de Vias";"Não";2;0;0;1;1;0;1;2;-20,02928219;-40,39784247;"SPRF-ES";"DEL02-ES";"UOP01-DEL02-ES"
131752;2018-05-03;"quinta-feira";"13:00:00";"MG";50;0;"UBERLANDIA";"Falta de Atenção à Condução";"Tombamento";"Com Vítimas Feridas";"Pleno dia";"Crescente";"Sol";"Simples";"Curva";"Não";2;0;0;1;0;2;1;3;-18,8595087;-48,25229645;"SPRF-MG";"DEL15-MG";"UOP01-DEL15-MG"
131754;2018-05-03;"quinta-feira";"11:50:00";"MS";463;0,6;"DOURADOS";"Falta de Atenção à Condução";"Colisão transversal";"Com Vítimas Feridas";"Pleno dia";"Crescente";"Sol";"Simples";"Interseção de Vias";"Sim";2;0;1;0;1;0;1;2;-22,2591925;-54,81118798;"SPRF-MS";"DEL04-MS";"UOP01-DEL04-MS"
131757;2018-05-03;"quinta-feira";"11:00:00";"MT";163;821,5;"SINOP";"Falta de Atenção à Condução";"Colisão traseira";"Com Vítimas Feridas";"Pleno dia";"Crescente";"Céu Claro";"Simples";"Reta";"Sim";3;0;1;0;1;2;1;4;-11,98187131;-55,5170086;"SPRF-MT";"DEL06-MT";"UOP01-DEL06-MT"
131759;2018-05-03;"quinta-feira";"13:15:00";"SC";280;53,4;"GUARAMIRIM";"Falta de Atenção à Condução";"Colisão traseira";"Com Vítimas Feridas";"Pleno dia";"Crescente";"Sol";"Simples";"Reta";"Sim";5;0;0;1;3;1;1;5;-26,46879626;-48,9645946;"SPRF-SC";"DEL03-SC";"UOP03-DEL03-SC"
131762;2018-05-03;"quinta-feira";"07:40:00";"PE";428;27,6;"CABROBO";"Falta de Atenção à Condução";"Tombamento";"Sem Vítimas";"Pleno dia";"Decrescente";"Céu Claro";"Simples";"Reta";"Não";2;0;0;0;1;2;0;3;-8,50055;-39,455471;"SPRF-PE";"DEL05-PE";"UOP03-DEL05-PE"