"id";"data_inversa";"dia_semana";"horario";"uf";"br";"km";"municipio";"causa_acidente";"tipo_acidente";"classificacao_acidente";"fase_dia";"sentido_via";"condicao_metereologica";"tipo_pista";"tracado_via";"uso_solo";"pessoas";"mortos";"feridos_leves";"feridos_graves";"ilesos";"ignorados";"feridos";"veiculos";"latitude";"longitude";"regional";"delegacia";"uop"
131765;2018-05-03;"quinta-feira";"10:00:00";"RO";364;571;"ITAPUA DO OESTE";"Desobediência às normas de trânsito pelo condutor";"Colisão lateral";"Sem Vítimas";"Pleno dia";"Decrescente";"Céu Claro";"Simples";"Reta";"Não";4;0;0;0;3;2;0;4;-9,472481;-63,101765;"SPRF-RO";"DEL03-RO";"UOP04-DEL01-RO"
131767;2018-05-03;"quinta-feira";"08:50:00";"PE";423;44,8;"CACHOEIRINHA";"Defeito Mecânico no Veículo";"Capotamento";"Com Vítimas Feridas";"Pleno dia";"Decrescente";"Céu Claro";"Simples";"Reta";"Não";3;0;3;0;0;0;3;1;-8,5306423;-36,26340419;"SPRF-PE";"DEL03-PE";"UOP01-DEL03-PE"
131771;2018-05-03;"quinta-feira";"14:45:00";"MG";381;487,2;"BETIM";"Desobediência às normas de trânsito pelo condutor";"Colisão lateral";"Com Vítimas Feridas";"Pleno dia";"Crescente";"Sol";"Dupla";"Declive;Curva";"Sim";2;0;1;0;1;0;1;2;-19,9572;-44,1243;"SPRF-MG";"DEL01-MG";"UOP03-DEL01-MG"
131773;2018-05-03;"quinta-feira";"15:20:00";"AL";101;22;"JOAQUIM GOMES";"Falta de Atenção à Condução";"Colisão traseira";"Com Vítimas Feridas";"Pleno dia";"Crescente";"Céu Claro";"Simples";"Reta";"Sim";2;0;0;1;1;0;1;2;-9,0402;-35,695751;"SPRF-AL";"DEL01-AL";"UOP01-DEL01-AL"
131776;2018-05-03;"quinta-feira";"15:20:00";"MG";381;928,3;"ITAPEVA";"Falta de Atenção à Condução";"Tombamento";"Com Vítimas Feridas";"Pleno dia";"Decrescente";"Sol";"Dupla";"Reta";"Sim";2;0;1;0;1;0;1;1;-22,7708;-46,2339;"SPRF-MG";"DEL16-MG";"UOP03-DEL16-MG"
131778;2018-05-03;"quinta-feira";"15:25:00";"MG";50;178;"UBERABA";"Velocidade Incompatível";"Tombamento";"Com Vítimas Feridas";"Pleno dia";"Decrescente";"Céu Claro";"Dupla";"Desvio Temporário";"Sim";2;0;1;0;0;2;1;3;-19,7783;-47,9318;"SPRF-MG";"DEL13-MG";"UOP01-DEL13-MG"
131782;2018-05-03;"quinta-feira";"15:10:00";"MT";364;441,2;"VARZEA GRANDE";"Falta de Atenção à Condução";"Colisão traseira";"Sem Vítimas";"Pleno dia";"Decrescente";"Céu Claro";"Simples";"Reta";"Sim";3;0;0;0;2;3;0;5;-15,66651117;-56,18305206;"SPRF-MT";"DEL01-MT";"DEL2/4-UOP02/MT"
131787;2018-05-03;"quinta-feira";"15:00:00";"PR";277;129;"BALSA NOVA";"Falta de Atenção à Condução";"Saída de leito carroçável";"Com Vítimas Fatais";"Pleno dia";"Decrescente";"Céu Claro";"Simples";"Curva";"Não";2;1;0;1;0;0;1;1;-25,472939;-49,63538;"SPRF-PR";"DEL01-PR";"UOP06-DEL01-PR"
131788;2018-05-03;"quinta-feira";"13:30:00";"PR";277;140;"BALSA NOVA";"Falta de Atenção à Condução";"Colisão traseira";"Com Vítimas Feridas";"Pleno dia";"Crescente";"Céu Claro";"Múltipla";"Reta";"Não";3;0;0;1;1;2;1;4;-25,46452877;-49,73100716;"SPRF-PR";"DEL01-PR";"UOP06-DEL01-PR"
131789;2018-05-03;"quinta-feira";"16:28:00";"MG";459;92,4;"POUSO ALEGRE";"Desobediência às normas de trânsito pelo condutor";"Colisão traseira";"Com Vítimas Feridas";"Pleno dia";"Crescente";"Céu Claro";"Simples";"Reta;Declive";"Não";3;0;1;1;1;0;2;2;-22,18552738;-45,98474085;"SPRF-MG";"DEL09-MG";"UOP01-DEL09-MG"
131792;2018-05-03;"quinta-feira";"15:10:00";"MG";262;903;"CAMPO FLORIDO";"Falta de Atenção à Condução";"Saída de leito carroçável";"Com Vítimas Feridas";"Pleno dia";"Crescente";"Céu Claro";"Dupla";"Curva";"Não";2;0;1;0;0;1;1;2;-19,67176668;-48,77371788;"SPRF-MG";"DEL13-MG";"UOP02-DEL13-MG"
131794;2018-05-03;"quinta-feira";"13:00:00";"MT";163;1112;"GUARANTA DO NORTE";"Velocidade Incompatível";"Colisão lateral";"Com Vítimas Feridas";"Pleno dia";"Crescente";"Céu Claro";"Dupla";"Curva";"Não";3;0;1;0;1;6;1;8;-9,601445;-54,890759;"SPRF-MT";"DEL06-MT";"UOP02-DEL06-MT"
131800;2018-05-03;"quinta-feira";"17:00:00";"BA";101;830;"ITAMARAJU";"Falta de Atenção à Condução";"Saída de leito carroçável";"Com Vítimas Feridas";"Pleno dia";"Crescente";"Céu Claro";"Simples";"Curva";"Não";1;0;1;0;0;0;1;1;-17,1774;-39,5802;"SPRF-BA";"DEL09-BA";"UOP01-DEL09-BA"
131802;2018-05-03;"quinta-feira";"18:00:00";"PR";376;668,9;"GUARATUBA";"Falta de Atenção à Condução";"Tombamento";"Sem Vítimas";"Anoitecer";"Crescente";"Nublado";"Dupla";"Curva";"Não";3;0;0;0;2;1;0;3;-25,87034506;-48,93379211;"SPRF-PR";"DEL01-PR";"DEL7/1-UOP08/PR"
131805;2018-05-03;"quinta-feira";"18:00:00";"MG";381;321;"NOVA ERA";"Desobediência às normas de trânsito pelo condutor";"Colisão traseira";"Com Vítimas Fatais";"Anoitecer";"Crescente";"Céu Claro";"Simples";"Reta;Declive";"Não";9;2;2;0;4;1;2;7;-19,7609;-43,0306;"SPRF-MG";"DEL03-MG";"UOP02-DEL03-MG"
131819;2018-05-03;"quinta-feira";"18:00:00";"MG";116;114;"ITAOBIM";"Falta de Atenção à Condução";"Colisão transversal";"Com Vítimas Fatais";"Amanhecer";"Decrescente";"Céu Claro";"Simples";"Rotatória";"Sim";3;1;0;0;1;2;0;4;-16,56742862;-41,50566101;"SPRF-MG";"DEL11-MG";"UOP02-DEL11-MG"
131821;2018-05-03;"quinta-feira";"18:55:00";"SC";470;6;"NAVEGANTES";"Falta de Atenção à Condução";"Colisão com objeto estático";"Sem Vítimas";"Plena Noite";"Crescente";"Céu Claro";"Simples";"Em Obras";"Não";1;0;0;0;1;0;0;1;-26,85033982;-48,71172667;"SPRF-SC";"DEL04-SC";"UOP04-DEL04-SC"
131826;2018-05-03;"quinta-feira";"18:41:00";"RJ";40;111;"DUQUE DE CAXIAS";"Falta de Atenção à Condução";"Colisão com objeto em movimento";"Com Vítimas Feridas";"Plena Noite";"Decrescente";"Céu Claro";"Múltipla";"Reta";"Sim";3;0;1;0;2;0;1;2;-22,69733734;-43,28784943;"SPRF-RJ";"DEL01-RJ";"UOP01-DEL01-RJ"
131828;2018-05-03;"quinta-feira";"17:28:00";"GO";153;164,1;"CAMPINORTE";"Avarias e/ou desgaste excessivo no pneu";"Colisão frontal";"Com Vítimas Feridas";"Pleno dia";"Crescente";"Sol";"Simples";"Reta";"Não";2;0;1;0;1;0;1;2;-14,204637;-49,129734;"SPRF-GO";"DEL07-GO";"UOP02-DEL07-GO"
131837;2018-05-03;"quinta-feira";"19:20:00";"BA";101;107;"ALAGOINHAS";"Não guardar distância de segurança";"Colisão traseira";"Com Vítimas Feridas";"Plena Noite";"Crescente";"Céu Claro";"Simples";"Reta";"Sim";2;0;1;0;1;0;1;2;-12,1332;-38,3923;"SPRF-BA";"DEL01-BA";"UOP04-DEL01-BA"
131840;2018-05-03;"quinta-feira";"19:30:00";"SC";282;223,5;"LAGES";"Falta de Atenção à Condução";"Colisão lateral";"Com Vítimas Feridas";"Plena Noite";"Decrescente";"Nublado";"Simples";"Declive;Curva";"Sim";3;0;1;0;1;1;1;3;-27,79762849;-50,35310984;"SPRF-SC";"DEL05-SC";"UOP02-DEL05-SC"
131843;2018-05-03;"quinta-feira";"20:40:00";"MG";381;842,9;"SAO SEBASTIAO DA BELA VISTA";"Falta de Atenção à Condução";"Colisão traseira";"Com Vítimas Feridas";"Plena Noite";"Crescente";"Céu Claro";"Dupla";"Reta";"Não";4;0;1;1;1;2;2;5;-22,18776263;-45,84513187;"SPRF-MG";"DEL16-MG";"UOP01-DEL16-MG"
131852;2018-05-03;"quinta-feira";"21:55:00";"MG";381;649,4;"SANTO ANTONIO DO AMPARO";"Desobediência às normas de trânsito pelo pedestre";"Atropelamento de Pedestre";"Com Vítimas Fatais";"Plena Noite";"Crescente";"Céu Claro";"Dupla";"Reta";"Não";3;1;0;0;1;1;0;3;-20,9548;-44,9114;"SPRF-MG";"DEL04-MG";"UOP01-DEL04-MG"
131856;2018-05-03;"quinta-feira";"13:20:00";"SC";470;194;"POUSO REDONDO";"Falta de Atenção à Condução";"Saída de leito carroçável";"Com Vítimas Feridas";"Pleno dia";"Decrescente";"Sol";"Simples";"Curva";"Não";2;0;1;0;0;1;1;2;-27,300501;-50,080284;"SPRF-SC";"DEL04-SC";"UOP02-DEL04-SC"
131861;2018-05-03;"quinta-feira";"22:54:00";"MG";262;481,5;"BOM DESPACHO";"Não guardar distância de segurança";"Colisão traseira";"Com Vítimas Feridas";"Plena Noite";"Crescente";"Céu Claro";"Simples";"Reta";"Não";3;0;1;0;1;1;1;3;-19,783918;-45,25713;"SPRF-MG";"DEL08-MG";"UOP03-DEL08-MG"
131865;2018-05-03;"quinta-feira";"23:00:00";"AL";101;73,8;"MESSIAS";"Falta de Atenção à Condução";"Atropelamento de Pedestre";"Com Vítimas Feridas";"Plena Noite";"Crescente";"Nublado";"Dupla";"Reta";"Não";3;0;0;1;2;0;1;3;-9,387234;-35,836433;"SPRF-AL";"DEL01-AL";"UOP01-DEL01-AL"
131871;2018-05-03;"quinta-feira";"18:00:00";"MA";230;568,4;"CAROLINA";"Defeito Mecânico no Veículo";"Incêndio";"Sem Vítimas";"Pleno dia";"Crescente";"Céu Claro";"Simples";"Reta";"Não";2;0;0;0;1;2;0;3;-7,35735945;-47,42042542;"SPRF-MA";"DEL05-MA";"UOP01-DEL05-MA"
131873;2018-05-03;"quinta-feira";"23:40:00";"BA";116;454,6;"SANTO ESTEVAO";"Avarias e/ou desgaste excessivo no pneu";"Saída de leito carroçável";"Com Vítimas Feridas";"Plena Noite";"Decrescente";"Nublado";"Dupla";"Reta";"Não";1;0;1;0;0;0;1;1;-12,415391;-39,190601;"SPRF-BA";"DEL02-BA";"UOP01-DEL02-BA"
131875;2018-05-04;"sexta-feira";"01:25:00";"SC";101;231;"PALHOCA";"Não guardar distância de segurança";"Colisão lateral";"Com Vítimas Feridas";"Plena Noite";"Crescente";"Céu Claro";"Dupla";"Reta";"Não";3;0;1;0;1;1;1;3;-27,78726412;-48,63583088;"SPRF-SC";"DEL01-SC";"UOP02-DEL01-SC"
131882;2018-05-04;"sexta-feira";"04:40:00";"SC";280;57;"GUARAMIRIM";"Restrição de Visibilidade";"Colisão lateral";"Com Vítimas Feridas";"Plena Noite";"Decrescente";"Nublado";"Simples";"Reta";"Sim";2;0;1;0;0;1;1;2;-26,47755016;-49,01383996;"SPRF-SC";"DEL03-SC";"UOP03-DEL03-SC"
131884;2018-05-04;"sexta-feira";"02:55:00";"PA";316;79;"SAO FRANCISCO DO PARA";"Desobediência às normas de trânsito pelo condutor";"Colisão lateral";"Com Vítimas Feridas";"Plena Noite";"Crescente";"Chuva";"Simples";"Reta";"Não";2;0;1;0;1;0;1;2;-1,3133949;-47,72640109;"SPRF-PA";"DEL01-PA";"UOP01-DEL01-PA"
131886;2018-03-24;"sábado";"21:00:00";"GO";158;188,9;"PIRANHAS";"Condutor Dormindo";"Colisão lateral";"Com Vítimas Fatais";"Plena Noite";"Decrescente";"Céu Claro";"Simples";"Reta";"Não";4;1;1;0;1;4;1;7;-16,429823;-51,796246;"SPRF-GO";"DEL05-GO";"UOP01-DEL05-GO"
131892;2018-05-04;"sexta-feira";"04:05:00";"RO";364;519,5;"ARIQUEMES";"Defeito Mecânico no Veículo";"Incêndio";"Sem Vítimas";"Plena Noite";"Crescente";"Nublado";"Simples";"Reta";"Sim";2;0;0;0;1;1;0;2;-9,888696;-63,056728;"SPRF-RO";"DEL03-RO";"UOP01-DEL03-RO"
131894;2018-05-04;"sexta-feira";"03:20:00";"MG";116;398;"GOVERNADOR VALADARES";"Velocidade Incompatível";"Saída de leito carroçável";"Com Vítimas Feridas";"Plena Noite";"Crescente";"Ignorado";"Simples";"Curva";"Não";3;0;2;0;0;2;2;3;-18,74655078;-41,98319077;"SPRF-MG";"DEL06-MG";"UOP01-DEL06-MG"
131900;2018-05-04;"sexta-feira";"07:25:00";"PR";116;119,5;"CURITIBA";"Falta de Atenção à Condução";"Colisão lateral";"Com Vítimas Feridas";"Pleno dia";"Decrescente";"Nevoeiro/Neblina";"Dupla";"Aclive";"Sim";4;0;1;0;3;0;1;3;-25,57993695;-49,31286335;"SPRF-PR";"DEL01-PR";"UOP03-DEL01-PR"
131902;2018-05-04;"sexta-feira";"06:12:00";"MS";60;508,7;"MARACAJU";"Velocidade Incompatível";"Colisão frontal";"Com Vítimas Feridas";"Amanhecer";"Decrescente";"Céu Claro";"Simples";"Curva";"Não";5;0;1;1;2;2;2;4;-21,219746;-55,54541;"SPRF-MS";"DEL05-MS";"UOP01-DEL05-MS"
131913;2018-05-04;"sexta-feira";"07:28:00";"PB";101;120,8;"CAAPORA";"Não guardar distância de segurança";"Colisão traseira";"Com Vítimas Feridas";"Pleno dia";"Crescente";"Sol";"Dupla";"Aclive";"Não";2;0;1;0;0;1;1;2;-7,441286;-34,97778;"SPRF-PB";"DEL01-PB";"UOP01-DEL01-PB"
131914;2018-05-04;"sexta-feira";"05:20:00";"MA";10;244,9;"DAVINOPOLIS";"Ingestão de Álcool";"Colisão traseira";"Com Vítimas Feridas";"Plena Noite";"Crescente";"Céu Claro";"Simples";"Reta";"Não";7;0;2;2;2;1;4;3;-5,587289;-47,434743;"SPRF-MA";"DEL04-MA";"UOP01-DEL04-MA"
131916;2018-05-04;"sexta-feira";"08:20:00";"MG";381;737,2;"TRES CORACOES";"Velocidade Incompatível";"Colisão com objeto estático";"Com Vítimas Feridas";"Pleno dia";"Crescente";"Céu Claro";"Dupla";"Curva";"Não";3;0;1;0;1;2;1;3;-21,56363218;-45,24433494;"SPRF-MG";"DEL16-MG";"UOP02-DEL16-MG"
131931;2018-05-04;"sexta-feira";"08:25:00";"SC";101;380,9;"ICARA";"Restrição de Visibilidade";"Colisão traseira";"Com Vítimas Feridas";"Pleno dia";"Decrescente";"Céu Claro";"Dupla";"Viaduto";"Sim";3;0;1;0;2;0;1;2;-28,7544;-49,2763;"SPRF-SC";"DEL02-SC";"UOP02-DEL02-SC"
131933;2018-05-04;"sexta-feira";"10:34:00";"SC";101;90,8;"BARRA VELHA";"Desobediência às normas de trânsito pelo condutor";"Colisão frontal";"Com Vítimas Fatais";"Pleno dia";"Crescente";"Céu Claro";"Simples";"Reta";"Sim";2;1;0;0;1;0;0;2;-26,67619887;-48,69164228;"SPRF-SC";"DEL03-SC";"UOP02-DEL03-SC"
131937;2018-05-04;"sexta-feira";"09:10:00";"MS";158;279,9;"TRES LAGOAS";"Desobediência às normas de trânsito pelo condutor";"Colisão lateral";"Com Vítimas Feridas";"Pleno dia";"Crescente";"Céu Claro";"Dupla";"Reta";"Não";2;0;1;0;1;0;1;2;-20,819618;-51,725964;"SPRF-MS";"DEL07-MS";"UOP01-DEL07-MS"
131939;2018-05-04;"sexta-feira";"11:20:00";"PR";376;218;"JANDAIA DO SUL";"Falta de Atenção à Condução";"Colisão lateral";"Com Vítimas Feridas";"Pleno dia";"Crescente";"Céu Claro";"Simples";"Reta";"Não";2;0;1;0;1;0;1;2;-23,59861862;-51,62704814;"SPRF-PR";"DEL07-PR";"UOP03-DEL07-PR"
131940;2018-05-04;"sexta-feira";"09:35:00";"TO";153;420,1;"MIRANORTE";"Falta de Atenção à Condução";"Colisão lateral";"Sem Vítimas";"Pleno dia";"Decrescente";"Céu Claro";"Simples";"Curva";"Não";5;0;0;0;1;6;0;5;-9,578962;-48,619572;"SPRF-TO";"DEL02-TO";"UOP01-DEL01-TO"
131941;2018-05-04;"sexta-feira";"11:25:00";"SP";381;77;"SAO PAULO";"Falta de Atenção à Condução";"Colisão traseira";"Com Vítimas Feridas";"Pleno dia";"Decrescente";"Céu Claro";"Dupla";"Reta";"Sim";3;0;1;0;1;1;1;3;-23,39325064;-46,57156468;"SPRF-SP";"DEL03-SP";"DEL6/3-UOP03/SP"
131947;2018-05-04;"sexta-feira";"11:00:00";"TO";226;48;"DARCINOPOLIS";"Carga excessiva e/ou mal acondicionada";"Capotamento";"Sem Vítimas";"Pleno dia";"Crescente";"Céu Claro";"Simples";"Reta";"Não";2;0;0;0;2;0;0;1;-6,824;-47,866;"SPRF-TO";"DEL02-TO";"UOP03-DEL02-TO"
131954;2018-05-04;"sexta-feira";"10:00:00";"RO";364;739;"PORTO VELHO";"Condutor Dormindo";"Colisão frontal";"Com Vítimas Fatais";"Pleno dia";"Crescente";"Céu Claro";"Simples";"Declive";"Não";2;1;0;0;1;0;0;2;-8,9691;-63,99449;"SPRF-RO";"DEL01-RO";"UOP02-DEL01-RO"
131957;2018-05-04;"sexta-feira";"10:00:00";"SC";282;635;"DESCANSO";"Não guardar distância de segurança";"Colisão traseira";"Sem Vítimas";"Pleno dia";"Decrescente";"Céu Claro";"Simples";"Reta";"Não";4;0;0;0;2;2;0;4;-26,81805791;-53,42878819;"SPRF-SC";"DEL07-SC";"UOP03-DEL07-SC"
131966;2018-05-04;"sexta-feira";"14:20:00";"ES";101;165,5;"LINHARES";"Desobediência às normas de trânsito pelo condutor";"Colisão frontal";"Com Vítimas Feridas";"Pleno dia";"Decrescente";"Céu Claro";"Simples";"Reta";"Não";6;0;1;1;4;0;2;4;-19,51800071;-40,14304669;"SPRF-ES";"DEL04-ES";"UOP01-DEL04-ES"
131968;2018-01-20;"sábado";"23:30:00";"SE";235;10,7;"NOSSA SENHORA DO SOCORRO";"Defeito Mecânico no Veículo";"Tombamento";"Sem Vítimas";"Plena Noite";"Decrescente";"Céu Claro";"Simples";"Reta";"Não";1;0;0;0;1;0;0;1;-10,87851156;-37,15338112;"SPRF-SE";"DEL01-SE";"UOP01-DEL01-SE"
131975;2018-05-04;"sexta-feira";"16:00:00";"RJ";493;15;"GUAPIMIRIM";"Falta de Atenção à Condução";"Colisão frontal";"Com Vítimas Feridas";"Pleno dia";"Decrescente";"Céu Claro";"Simples";"Reta";"Não";6;0;2;0;3;1;2;3;-22,665804;-42,991043;"SPRF-RJ";"DEL04-RJ";"UOP02-DEL04-RJ"
131978;2018-05-04;"sexta-feira";"12:30:00";"ES";262;101,5;"VENDA NOVA DO IMIGRANTE";"Desobediência às normas de trânsito pelo condutor";"Colisão lateral";"Com Vítimas Feridas";"Pleno dia";"Decrescente";"Nublado";"Simples";"Curva;Aclive";"Não";4;0;1;0;2;1;1;3;-20,3438;-41,1098;"SPRF-ES";"DEL01-ES";"UOP02-DEL01-ES"
131983;2018-05-04;"sexta-feira";"07:50:00";"MG";153;130;"MONTE ALEGRE DE MINAS";"Mal Súbito";"Saída de leito carroçável";"Com Vítimas Feridas";"Pleno dia";"Decrescente";"Céu Claro";"Simples";"Reta";"Não";3;0;1;0;0;2;1;3;-18,8878;-49,051;"SPRF-MG";"DEL15-MG";"UOP03-DEL15-MG"
131984;2018-05-04;"sexta-feira";"15:30:00";"PE";101;80,6;"JABOATAO DOS GUARARAPES";"Sinalização da via insuficiente ou inadequada";"Colisão transversal";"Com Vítimas Feridas";"Pleno dia";"Crescente";"Ignorado";"Simples";"Reta";"Sim";2;0;1;0;1;0;1;2;-8,15851533;-34,94067013;"SPRF-PE";"DEL01-PE";"UOP03-DEL01-PE"
131987;2018-05-04;"sexta-feira";"16:30:00";"BA";101;56,6;"ENTRE RIOS";"Falta de Atenção à Condução";"Colisão frontal";"Com Vítimas Fatais";"Pleno dia";"Decrescente";"Nublado";"Simples";"Aclive";"Não";3;1;1;0;1;0;1;2;-11,9074;-38,0424;"SPRF-BA";"DEL01-BA";"UOP04-DEL01-BA"
131989;2018-05-04;"sexta-feira";"14:50:00";"MT";364;545,8;"ROSARIO OESTE";"Falta de Atenção à Condução";"Saída de leito carroçável";"Com Vítimas Feridas";"Pleno dia";"Crescente";"Chuva";"Dupla";"Reta";"Não";2;0;1;0;1;0;1;1;-14,813424;-56,420258;"SPRF-MT";"DEL01-MT";"UOP01-DEL01-MT"
131994;2018-05-04;"sexta-feira";"16:00:00";"RN";304;304,9;"PARNAMIRIM";"Desobediência às normas de trânsito pelo condutor";"Colisão traseira";"Com Vítimas Feridas";"Amanhecer";"Crescente";"Céu Claro";"Dupla";"Reta";"Sim";3;0;0;1;1;1;1;3;-5,88483;-35,281769;"SPRF-RN";"DEL01-RN";"UOP02-DEL01-RN"
132000;2018-05-04;"sexta-feira";"12:00:00";"RJ";393;106;"SAPUCAIA";"Falta de Atenção à Condução";"Colisão transversal";"Com Vítimas Feridas";"Pleno dia";"Crescente";"Céu Claro";"Simples";"Reta";"Sim";2;0;0;1;1;0;1;2;-21,874243;-42,66758;"SPRF-RJ";"DEL06-RJ";"UOP01-DEL05-RJ"
132008;2018-05-04;"sexta-feira";"18:00:00";"BA";242;602;"MUQUEM DE SAO FRANCISCO";"Pista Escorregadia";"Saída de leito carroçável";"Com Vítimas Feridas";"Plena Noite";"Crescente";"Chuva";"Simples";"Declive";"Não";2;0;1;0;0;2;1;3;-12,14439635;-43,36784363;"SPRF-BA";"DEL10-BA";"UOP03-DEL06-BA"
132012;2018-05-04;"sexta-feira";"16:45:00";"RR";174;502;"BOA VISTA";"Falta de Atenção à Condução";"Colisão transversal";"Com Vítimas Feridas";"Pleno dia";"Decrescente";"Céu Claro";"Dupla";"Curva";"Sim";2;0;1;0;1;0;1;2;2,79885404;-60,69708967;"SPRF-RR";"DEL01-RR";"UOP01-DEL01-RR"
132016;2018-04-06;"sexta-feira";"14:58:00";"RS";285;292;"PASSO FUNDO";"Defeito Mecânico no Veículo";"Queda de ocupante de veículo";"Com Vítimas Feridas";"Pleno dia";"Crescente";"Sol";"Dupla";"Reta";"Sim";2;0;0;1;1;0;1;1;-28,23589327;-52,37829382;"SPRF-RS";"DEL08-RS";"UOP03-DEL08-RS"
132021;2018-05-04;"sexta-feira";"18:45:00";"SE";101;195,4;"CRISTINAPOLIS";"Falta de Atenção à Condução";"Colisão com objeto estático";"Com Vítimas Feridas";"Plena Noite";"Decrescente";"Céu Claro";"Simples";"Declive;Reta";"Não";2;0;1;0;0;1;1;2;-11,4527;-37,7361;"SPRF-SE";"DEL02-SE";"UOP03-DEL02-SE"
132023;2018-05-04;"sexta-feira";"18:00:00";"SC";282;20,7;"PALHOCA";"Desobediência às normas de trânsito pelo condutor";"Colisão frontal";"Com Vítimas Fatais";"Plena Noite";"Decrescente";"Ignorado";"Simples";"Reta";"Sim";6;1;2;0;2;1;2;6;-27,6880966;-48,7144348;"SPRF-SC";"DEL01-SC";"UOP02-DEL01-SC"
132030;2018-05-04;"sexta-feira";"15:15:00";"MG";381;299;"ANTONIO DIAS";"Falta de Atenção à Condução";"Saída de leito carroçável";"Com Vítimas Feridas";"Pleno dia";"Crescente";"Céu Claro";"Simples";"Em Obras";"Sim";2;0;1;0;0;1;1;2;-19,618351;-42,846618;"SPRF-MG";"DEL03-MG";"UOP02-DEL03-MG"
132033;2018-05-04;"sexta-feira";"18:15:00";"MG";381;262;"CORONEL FABRICIANO";"Defeito Mecânico no Veículo";"Colisão com objeto em movimento";"Com Vítimas Feridas";"Plena Noite";"Decrescente";"Céu Claro";"Simples";"Reta;Ponte";"Sim";3;0;1;0;1;1;1;2;-19,53237029;-42,60184765;"SPRF-MG";"DEL03-MG";"UOP02-DEL03-MG"
132035;2018-05-04;"sexta-feira";"19:15:00";"SP";381;60;"MAIRIPORA";"Falta de Atenção à Condução";"Tombamento";"Com Vítimas Feridas";"Plena Noite";"Crescente";"Céu Claro";"Dupla";"Curva";"Não";2;0;1;0;1;0;1;1;-23,291374;-46,585461;"SPRF-SP";"DEL03-SP";"UOP01-DEL03-SP"
132048;2018-05-04;"sexta-feira";"19:00:00";"PE";423;131,7;"SALOA";"Velocidade Incompatível";"Saída de leito carroçável";"Com Vítimas Fatais";"Plena Noite";"Crescente";"Garoa/Chuvisco";"Simples";"Curva";"Não";3;1;0;0;0;2;0;3;-8,9636808;-36,760562;"SPRF-PE";"DEL03-PE";"UOP01-DEL03-PE"
132052;2018-05-04;"sexta-feira";"19:00:00";"MA";135;0,3;"SAO LUIS";"Falta de Atenção à Condução";"Colisão traseira";"Sem Vítimas";"Plena Noite";"Decrescente";"Nublado";"Dupla";"Reta";"Sim";2;0;0;0;2;0;0;2;-2,580456;-44,241947;"SPRF-MA";"DEL01-MA";"UOP01-DEL01-MA"
132054;2018-05-04;"sexta-feira";"19:45:00";"ES";101;79,8;"SAO MATEUS";"Defeito Mecânico no Veículo";"Colisão transversal";"Sem Vítimas";"Plena Noite";"Decrescente";"Céu Claro";"Simples";"Reta";"Não";3;0;0;0;1;2;0;3;-18,720545;-39,865883;"SPRF-ES";"DEL04-ES";"UOP02-DEL04-ES"
132061;2018-05-04;"sexta-feira";"19:30:00";"PE";316;362,6;"PETROLANDIA";"Ingestão de Álcool";"Colisão traseira";"Com Vítimas Fatais";"Anoitecer";"Decrescente";"Nublado";"Simples";"Reta";"Sim";2;1;0;0;1;0;0;2;-8,95509976;-38,22303859;"SPRF-PE";"DEL04-PE";"UOP03-DEL04-PE"
132063;2018-05-04;"sexta-feira";"20:50:00";"SC";470;186,7;"POUSO REDONDO";"Velocidade Incompatível";"Tombamento";"Com Vítimas Feridas";"Plena Noite";"Decrescente";"Nublado";"Simples";"Curva";"Não";2;0;1;0;0;1;1;2;-27,261072;-50,053226;"SPRF-SC";"DEL04-SC";"UOP02-DEL04-SC"
132072;2018-05-04;"sexta-feira";"21:40:00";"PI";407;568;"PAULISTANA";"Falta de Atenção à Condução";"Colisão frontal";"Com Vítimas Fatais";"Plena Noite";"Crescente";"Céu Claro";"Simples";"Reta";"Não";2;1;0;0;1;0;0;2;-8,094282;-41,164337;"SPRF-PI";"DEL04-PI";"UOP01-DEL04-PI"
132075;2018-05-04;"sexta-feira";"22:00:00";"PR";369;27,3;"CAMBARA";"Condutor Dormindo";"Saída de leito carroçável";"Com Vítimas Feridas";"Plena Noite";"Decrescente";"Céu Claro";"Simples";"Declive";"Não";2;0;1;0;0;1;1;2;-23,03454872;-50,14921904;"SPRF-PR";"DEL07-PR";"UOP05-DEL07-PR"
132082;2018-05-04;"sexta-feira";"22:50:00";"PR";376;175;"MARINGA";"Falta de Atenção à Condução";"Colisão traseira";"Com Vítimas Feridas";"Plena Noite";"Crescente";"Nublado";"Dupla";"Reta";"Sim";3;0;1;0;1;1;1;3;-23,41402852;-51,92816734;"SPRF-PR";"DEL07-PR";"UOP01-DEL09-PR"
132084;2018-05-04;"sexta-feira";"22:50:00";"MG";381;924,4;"ITAPEVA";"Velocidade Incompatível";"Tombamento";"Com Vítimas Feridas";"Plena Noite";"Decrescente";"Céu Claro";"Dupla";"Curva";"Não";2;0;1;0;0;1;1;2;-22,77024603;-46,19396925;"SPRF-MG";"DEL16-MG";"UOP03-DEL16-MG"
132086;2018-05-04;"sexta-feira";"22:29:00";"BA";110;16;"PAULO AFONSO";"Ingestão de Álcool";"Colisão frontal";"Com Vítimas Feridas";"Plena Noite";"Crescente";"Nublado";"Simples";"Reta";"Não";2;0;1;0;1;0;1;2;-9,5628;-38,2225;"SPRF-BA";"DEL07-BA";"UOP01-DEL07-BA"