"id";"data_inversa";"dia_semana";"horario";"uf";"br";"km";"municipio";"causa_acidente";"tipo_acidente";"classificacao_acidente";"fase_dia";"sentido_via";"condicao_metereologica";"tipo_pista";"tracado_via";"uso_solo";"pessoas";"mortos";"feridos_leves";"feridos_graves";"ilesos";"ignorados";"feridos";"veiculos";"latitude";"longitude";"regional";"delegacia";"uop"
132088;2018-05-04;"sexta-feira";"17:00:00";"MA";230;473;"RIACHAO";"Falta de Atenção à Condução";"Tombamento";"Sem Vítimas";"Pleno dia";"Crescente";"Céu Claro";"Simples";"Aclive";"Não";2;0;0;0;1;3;0;4;-7,422111;-46,667156;"SPRF-MA";"DEL05-MA";"UOP01-DEL05-MA"
132093;2018-05-04;"sexta-feira";"23:30:00";"PE";232;211,9;"PESQUEIRA";"Falta de Atenção à Condução";"Colisão transversal";"Com Vítimas Fatais";"Plena Noite";"Crescente";"Nublado";"Simples";"Reta";"Sim";3;1;0;1;1;0;1;2;-8,37286367;-36,71298265;"SPRF-PE";"DEL02-PE";"UOP03-DEL02-PE"
132098;2018-04-09;"segunda-feira";"18:40:00";"RS";116;113;"SAO MARCOS";"Falta de Atenção à Condução";"Colisão frontal";"Com Vítimas Feridas";"Plena Noite";"Crescente";"Céu Claro";"Simples";"Reta";"Sim";2;0;0;1;1;0;1;2;-28,956675;-51,080162;"SPRF-RS";"DEL05-RS";"UOP01-DEL05-RS"
132107;2018-05-04;"sexta-feira";"16:45:00";"PR";153;153,9;"VENTANIA";"Velocidade Incompatível";"Tombamento";"Sem Vítimas";"Pleno dia";"Decrescente";"Céu Claro";"Simples";"Curva;Aclive";"Não";3;0;0;0;2;2;0;4;-24,186244;-50,21095;"SPRF-PR";"DEL07-PR";"UOP04-DEL07-PR"
132113;2018-05-05;"sábado";"03:00:00";"GO";60;33,5;"ALEXANIA";"Falta de Atenção à Condução";"Colisão traseira";"Com Vítimas Feridas";"Plena Noite";"Decrescente";"Céu Claro";"Dupla";"Aclive";"Sim";2;0;0;1;0;1;1;2;-16,09434071;-48,51747572;"SPRF-DF";"DEL01-DF";"UOP01-DEL03-DF"
132117;2018-05-04;"sexta-feira";"16:00:00";"RO";364;1035;"PORTO VELHO";"Falta de Atenção à Condução";"Colisão traseira";"Com Vítimas Feridas";"Pleno dia";"Crescente";"Sol";"Simples";"Reta";"Não";5;0;0;2;2;3;2;5;-9,76681363;-66,30146027;"SPRF-RO";"DEL01-RO";"UOP02-DEL01-RO"
132118;2018-05-05;"sábado";"04:32:00";"SC";101;137,5;"BALNEARIO CAMBORIU";"Falta de Atenção à Condução";"Colisão traseira";"Com Vítimas Feridas";"Plena Noite";"Decrescente";"Céu Claro";"Dupla";"Reta";"Sim";2;0;0;1;1;0;1;2;-27,024;-48,6074;"SPRF-SC";"DEL04-SC";"UOP03-DEL04-SC"
132122;2018-05-05;"sábado";"03:55:00";"SC";280;26,2;"ARAQUARI";"Ultrapassagem Indevida";"Colisão frontal";"Com Vítimas Fatais";"Plena Noite";"Crescente";"Céu Claro";"Simples";"Curva";"Não";3;1;0;0;1;2;0;4;-26,39118732;-48,73579144;"SPRF-SC";"DEL03-SC";"UOP03-DEL03-SC"
132123;2018-05-05;"sábado";"05:35:00";"PR";116;162;"QUITANDINHA";"Defeito Mecânico no Veículo";"Incêndio";"Sem Vítimas";"Plena Noite";"Decrescente";"Nublado";"Dupla";"Reta";"Não";2;0;0;0;1;1;0;2;-25,867712;-49,3647;"SPRF-PR";"DEL01-PR";"UOP03-DEL01-PR"
132132;2018-05-05;"sábado";"06:20:00";"GO";60;429;"RIO VERDE";"Desobediência às normas de trânsito pelo condutor";"Colisão lateral";"Sem Vítimas";"Amanhecer";"Crescente";"Céu Claro";"Dupla";"Reta";"Não";2;0;0;0;2;0;0;2;-17,8248;-51,319;"SPRF-GO";"DEL04-GO";"UOP01-DEL04-GO"
132133;2018-05-05;"sábado";"06:30:00";"PR";277;634,6;"CEU AZUL";"Falta de Atenção à Condução";"Colisão traseira";"Com Vítimas Feridas";"Pleno dia";"Decrescente";"Céu Claro";"Simples";"Reta";"Não";3;0;2;0;1;0;2;2;-25,132233;-53,824944;"SPRF-PR";"DEL05-PR";"UOP02-DEL05-PR"
132140;2018-05-05;"sábado";"06:30:00";"MG";40;511,6;"RIBEIRAO DAS NEVES";"Não guardar distância de segurança";"Colisão traseira";"Com Vítimas Feridas";"Amanhecer";"Decrescente";"Ignorado";"Dupla";"Reta";"Não";2;0;1;0;1;0;1;2;-19,78898534;-44,11321878;"SPRF-MG";"DEL01-MG";"UOP03-DEL01-MG"
132144;2018-05-05;"sábado";"08:00:00";"PA";316;9;"MARITUBA";"Falta de Atenção à Condução";"Colisão traseira";"Com Vítimas Feridas";"Pleno dia";"Decrescente";"Nublado";"Dupla";"Declive";"Sim";3;0;2;0;1;0;2;2;-1,36549565;-48,36314108;"SPRF-PA";"DEL01-PA";"DEL19/1-UOP05/PA"
132145;2018-05-05;"sábado";"07:45:00";"SP";381;80;"SAO PAULO";"Falta de Atenção à Condução";"Colisão traseira";"Com Vítimas Feridas";"Pleno dia";"Crescente";"Céu Claro";"Dupla";"Reta";"Sim";4;0;1;0;3;0;1;3;-23,41938796;-46,57914197;"SPRF-SP";"DEL03-SP";"DEL6/3-UOP03/SP"
132150;2018-05-05;"sábado";"06:10:00";"MT";158;429;"RIBEIRAO CASCALHEIRA";"Falta de Atenção à Condução";"Tombamento";"Sem Vítimas";"Pleno dia";"Crescente";"Céu Claro";"Simples";"Reta";"Não";2;0;0;0;1;2;0;3;-13,03064872;-51,89254761;"SPRF-MT";"DEL07-MT";"UOP02-DEL07-MT"
132152;2018-05-05;"sábado";"08:40:00";"RJ";116;220;"PIRAI";"Falta de Atenção à Condução";"Tombamento";"Sem Vítimas";"Pleno dia";"Crescente";"Céu Claro";"Dupla";"Curva";"Não";3;0;0;0;2;1;0;3;-22,67563932;-43,8166523;"SPRF-RJ";"DEL07-RJ";"UOP01-DEL07-RJ"
132153;2018-05-05;"sábado";"09:10:00";"MG";381;497;"BETIM";"Falta de Atenção à Condução";"Colisão lateral";"Com Vítimas Fatais";"Pleno dia";"Decrescente";"Céu Claro";"Dupla";"Reta";"Sim";2;1;0;0;1;0;0;2;-19,97573656;-44,19716652;"SPRF-MG";"DEL01-MG";"UOP03-DEL01-MG"
132169;2018-05-05;"sábado";"11:00:00";"GO";80;132;"BARRO ALTO";"Defeito na Via";"Saída de leito carroçável";"Com Vítimas Fatais";"Pleno dia";"Crescente";"Céu Claro";"Simples";"Curva";"Sim";2;1;0;0;0;1;0;2;-14,98458636;-48,92486572;"SPRF-GO";"DEL07-GO";"UOP02-DEL07-GO"
132175;2018-05-05;"sábado";"11:40:00";"DF";70;4;"BRASILIA";"Falta de Atenção à Condução";"Colisão traseira";"Com Vítimas Feridas";"Pleno dia";"Decrescente";"Céu Claro";"Dupla";"Curva";"Sim";3;0;1;0;2;0;1;2;-15,798115;-48,089317;"SPRF-DF";"DEL01-DF";"UOP02-DEL03-DF"
132181;2018-05-05;"sábado";"12:10:00";"MG";381;700,6;"LAVRAS";"Velocidade Incompatível";"Colisão com objeto estático";"Com Vítimas Feridas";"Pleno dia";"Crescente";"Céu Claro";"Dupla";"Declive;Curva";"Não";3;0;1;0;1;1;1;3;-21,28732502;-45,14356792;"SPRF-MG";"DEL04-MG";"UOP02-DEL04-MG"
132183;2018-04-03;"terça-feira";"12:20:00";"PE";424;99,3;"GARANHUNS";"Sinalização da via insuficiente ou inadequada";"Capotamento";"Com Vítimas Feridas";"Pleno dia";"Decrescente";"Céu Claro";"Simples";"Curva";"Não";4;0;2;0;2;0;2;2;-8,95316031;-36,50748253;"SPRF-PE";"DEL03-PE";"UOP01-DEL03-PE"
132185;2018-05-05;"sábado";"11:30:00";"MS";163;466,2;"CAMPO GRANDE";"Defeito Mecânico no Veículo";"Tombamento";"Sem Vítimas";"Pleno dia";"Crescente";"Nublado";"Simples";"Rotatória";"Sim";2;0;0;0;1;1;0;2;-20,58245211;-54,58357925;"SPRF-MS";"DEL01-MS";"UOP01-DEL01-MS"
132188;2018-05-05;"sábado";"11:40:00";"MT";364;254,4;"JUSCIMEIRA";"Ultrapassagem Indevida";"Saída de leito carroçável";"Com Vítimas Feridas";"Pleno dia";"Crescente";"Céu Claro";"Simples";"Declive";"Não";2;0;1;0;0;2;1;3;-16,089214;-54,869465;"SPRF-MT";"DEL02-MT";"UOP01-DEL02-MT"
132191;2018-05-05;"sábado";"09:00:00";"PA";163;526;"TRAIRAO";"Defeito na Via";"Tombamento";"Sem Vítimas";"Pleno dia";"Crescente";"Céu Claro";"Simples";"Reta";"Não";2;0;0;0;1;3;0;4;-5,3343127;-55,9241303;"SPRF-PA";"DEL05-PA";"UOP01-DEL05-PA"
132194;2018-05-05;"sábado";"11:29:00";"RS";290;726;"URUGUAIANA";"Carga excessiva e/ou mal acondicionada";"Derramamento de carga";"Sem Vítimas";"Pleno dia";"Crescente";"Nublado";"Simples";"Reta";"Não";2;0;0;0;1;1;0;2;-29,740353;-57,09568;"SPRF-RS";"DEL13-RS";"UOP01-DEL13-RS"
132196;2018-05-05;"sábado";"09:30:00";"SC";101;419,9;"ARARANGUA";"Velocidade Incompatível";"Colisão traseira";"Com Vítimas Fatais";"Pleno dia";"Crescente";"Céu Claro";"Múltipla";"Viaduto";"Sim";4;1;1;0;1;3;1;6;-28,992;-49,5487;"SPRF-SC";"DEL02-SC";"UOP02-DEL02-SC"
132197;2018-05-05;"sábado";"11:00:00";"PR";476;122;"CURITIBA";"Falta de Atenção à Condução";"Derramamento de carga";"Sem Vítimas";"Pleno dia";"Decrescente";"Céu Claro";"Dupla";"Reta";"Sim";2;0;0;0;1;1;0;2;-25,385775;-49,203377;"SPRF-PR";"DEL01-PR";"UOP01-DEL01-PR"
132200;2018-05-05;"sábado";"07:00:00";"MT";70;670,9;"CACERES";"Falta de Atenção à Condução";"Tombamento";"Sem Vítimas";"Pleno dia";"Decrescente";"Céu Claro";"Simples";"Reta";"Sim";2;0;0;0;1;1;0;2;-16,05637149;-57,2593689;"SPRF-MT";"DEL03-MT";"UOP02-DEL03-MT"
132203;2018-05-05;"sábado";"13:55:00";"ES";101;256;"SERRA";"Defeito Mecânico no Veículo";"Incêndio";"Sem Vítimas";"Pleno dia";"Decrescente";"Chuva";"Simples";"Reta";"Sim";1;0;0;0;1;0;0;1;-20,11832319;-40,31270027;"SPRF-ES";"DEL02-ES";"UOP01-DEL02-ES"
132205;2018-05-05;"sábado";"12:00:00";"MG";50;198;"DELTA";"Falta de Atenção à Condução";"Colisão traseira";"Com Vítimas Feridas";"Pleno dia";"Crescente";"Céu Claro";"Dupla";"Reta";"Não";5;0;1;0;2;2;1;5;-19,9231;-47,8242;"SPRF-MG";"DEL13-MG";"UOP01-DEL13-MG"
132208;2018-05-05;"sábado";"15:40:00";"ES";101;65;"SAO MATEUS";"Falta de Atenção à Condução";"Colisão transversal";"Com Vítimas Feridas";"Pleno dia";"Crescente";"Céu Claro";"Dupla";"Reta";"Não";2;0;1;0;1;0;1;2;-18,720916;-39,86559749;"SPRF-ES";"DEL04-ES";"UOP02-DEL04-ES"
132209;2018-05-05;"sábado";"14:20:00";"MS";163;648,7;"SAO GABRIEL DO OESTE";"Falta de Atenção à Condução";"Saída de leito carroçável";"Com Vítimas Feridas";"Pleno dia";"Decrescente";"Céu Claro";"Simples";"Reta";"Não";3;0;1;0;1;2;1;3;-19,4163943;-54,5535282;"SPRF-MS";"DEL06-MS";"UOP02-DEL06-MS"
132211;2018-05-05;"sábado";"06:40:00";"PI";135;433;"MONTE ALEGRE DO PIAUI";"Defeito na Via";"Tombamento";"Sem Vítimas";"Pleno dia";"Decrescente";"Céu Claro";"Simples";"Reta";"Não";2;0;0;0;1;3;0;4;-9,559519;-44,768368;"SPRF-PI";"DEL03-PI";"UOP02-DEL03-PI"
132212;2018-05-05;"sábado";"15:55:00";"MG";365;3;"MONTES CLAROS";"Falta de Atenção do Pedestre";"Atropelamento de Pedestre";"Com Vítimas Feridas";"Pleno dia";"Decrescente";"Céu Claro";"Simples";"Reta";"Não";3;0;0;1;1;1;1;3;-16,79007941;-43,89450073;"SPRF-MG";"DEL12-MG";"UOP01-DEL12-MG"
132226;2018-05-05;"sábado";"16:30:00";"BA";324;614;"SALVADOR";"Velocidade Incompatível";"Colisão lateral";"Com Vítimas Feridas";"Pleno dia";"Crescente";"Chuva";"Dupla";"Reta";"Não";3;0;1;0;2;0;1;3;-12,86835451;-38,42514899;"SPRF-BA";"DEL01-BA";"UOP01-DEL01-BA"
132235;2018-05-05;"sábado";"16:20:00";"MG";381;908,7;"CAMBUI";"Defeito Mecânico no Veículo";"Colisão com objeto estático";"Sem Vítimas";"Pleno dia";"Decrescente";"Céu Claro";"Múltipla";"Curva";"Não";3;0;0;0;2;1;0;2;-22,68345971;-46,10096541;"SPRF-MG";"DEL16-MG";"UOP03-DEL16-MG"
132237;2018-05-05;"sábado";"16:30:00";"RN";304;231,1;"RIACHUELO";"Falta de Atenção à Condução";"Tombamento";"Com Vítimas Feridas";"Pleno dia";"Crescente";"Nublado";"Simples";"Curva";"Não";2;0;1;0;0;1;1;2;-5,75093163;-35,89817047;"SPRF-RN";"DEL01-RN";"UOP02-DEL01-RN"
132238;2018-05-05;"sábado";"13:30:00";"MG";116;690,7;"MURIAE";"Velocidade Incompatível";"Saída de leito carroçável";"Com Vítimas Feridas";"Pleno dia";"Decrescente";"Céu Claro";"Simples";"Curva";"Não";2;0;0;1;0;1;1;2;-20,99285532;-42,36087799;"SPRF-MG";"DEL07-MG";"UOP02-DEL07-MG"
132244;2018-05-05;"sábado";"18:50:00";"TO";153;147;"ARAGUAINA";"Falta de Atenção à Condução";"Colisão lateral";"Com Vítimas Feridas";"Anoitecer";"Decrescente";"Céu Claro";"Simples";"Interseção de Vias";"Sim";3;0;0;2;1;0;2;2;-7,232;-48,253;"SPRF-TO";"DEL02-TO";"UOP01-DEL02-TO"
132250;2018-05-05;"sábado";"18:35:00";"TO";153;490,1;"PARAISO DO TOCANTINS";"Ingestão de Álcool";"Queda de ocupante de veículo";"Com Vítimas Feridas";"Anoitecer";"Decrescente";"Céu Claro";"Simples";"Reta";"Não";2;0;1;0;0;1;1;2;-10,12559427;-48,88465501;"SPRF-TO";"DEL02-TO";"UOP01-DEL01-TO"
132254;2018-05-05;"sábado";"19:10:00";"CE";20;389,8;"CAUCAIA";"Ingestão de Álcool";"Colisão traseira";"Com Vítimas Fatais";"Plena Noite";"Decrescente";"Vento";"Simples";"Reta";"Não";4;1;1;0;0;2;1;3;-3,85466338;-38,78517151;"SPRF-CE";"DEL01-CE";"UOP01-DEL01-CE"
132258;2018-05-05;"sábado";"17:00:00";"MT";70;661,9;"CACERES";"Ultrapassagem Indevida";"Colisão frontal";"Com Vítimas Feridas";"Anoitecer";"Decrescente";"Nublado";"Simples";"Reta";"Não";6;0;0;1;1;4;1;4;-16,06857851;-57,27378845;"SPRF-MT";"DEL03-MT";"UOP02-DEL03-MT"
132271;2018-05-05;"sábado";"20:00:00";"SP";116;502,5;"CAJATI";"Defeito Mecânico no Veículo";"Capotamento";"Com Vítimas Feridas";"Plena Noite";"Crescente";"Nublado";"Simples";"Curva";"Não";1;0;1;0;0;0;1;1;-24,78237075;-48,18260193;"SPRF-SP";"DEL05-SP";"UAP01-DEL05-SP"
132277;2018-05-05;"sábado";"08:30:00";"BA";110;142;"CICERO DANTAS";"Ingestão de Álcool";"Colisão traseira";"Com Vítimas Feridas";"Plena Noite";"Crescente";"Céu Claro";"Simples";"Reta";"Não";2;0;0;1;1;0;1;2;-10,6059;-38,3839;"SPRF-BA";"DEL07-BA";"UOP02-DEL07-BA"
132279;2018-05-05;"sábado";"20:49:00";"SP";116;72,2;"APARECIDA";"Ingestão de Álcool";"Colisão com objeto estático";"Sem Vítimas";"Plena Noite";"Crescente";"Céu Claro";"Dupla";"Aclive;Curva";"Não";1;0;0;0;1;0;0;1;-22,863543;-45,237461;"SPRF-SP";"DEL08-SP";"UOP01-DEL08-SP"
132291;2018-05-04;"sexta-feira";"07:30:00";"BA";242;369;"PALMEIRAS";"Falta de Atenção à Condução";"Tombamento";"Sem Vítimas";"Pleno dia";"Decrescente";"Céu Claro";"Simples";"Curva";"Não";3;0;0;0;2;2;0;3;-12,45547;-41,61194;"SPRF-BA";"DEL06-BA";"UOP01-DEL06-BA"
132296;2018-05-05;"sábado";"21:05:00";"SC";163;106;"GUARUJA DO SUL";"Ingestão de Álcool";"Colisão lateral";"Sem Vítimas";"Plena Noite";"Crescente";"Céu Claro";"Simples";"Reta";"Não";4;0;0;0;3;2;0;5;-26,437506;-53,516956;"SPRF-SC";"DEL07-SC";"UOP04-DEL07-SC"
132300;2018-05-05;"sábado";"23:20:00";"MG";381;332;"NOVA ERA";"Falta de Atenção à Condução";"Saída de leito carroçável";"Com Vítimas Feridas";"Plena Noite";"Decrescente";"Nublado";"Simples";"Curva";"Não";2;0;1;0;0;1;1;2;-19,7784;-43,0437;"SPRF-MG";"DEL03-MG";"UOP01-DEL03-MG"
132305;2018-05-05;"sábado";"23:50:00";"GO";153;498,1;"GOIANIA";"Ingestão de Álcool";"Colisão traseira";"Com Vítimas Feridas";"Plena Noite";"Decrescente";"Céu Claro";"Múltipla";"Reta";"Sim";4;0;1;0;3;0;1;2;-16,69142214;-49,23243463;"SPRF-GO";"DEL01-GO";"UOP01-DEL01-GO"
132307;2018-05-05;"sábado";"23:50:00";"MT";158;693;"NOVA XAVANTINA";"Falta de Atenção à Condução";"Colisão lateral";"Sem Vítimas";"Plena Noite";"Crescente";"Céu Claro";"Simples";"Reta";"Não";3;0;0;0;2;2;0;4;-14,81407643;-52,30192566;"SPRF-MT";"DEL07-MT";"UOP01-DEL07-MT"
132315;2018-05-06;"domingo";"01:30:00";"PA";316;10;"MARITUBA";"Ingestão de Álcool";"Colisão traseira";"Com Vítimas Feridas";"Plena Noite";"Decrescente";"Ignorado";"Dupla";"Reta";"Sim";4;0;1;0;3;0;1;3;-1,365636;-48,358788;"SPRF-PA";"DEL01-PA";"DEL19/1-UOP05/PA"
132316;2018-05-05;"sábado";"23:20:00";"MT";163;559,8;"DIAMANTINO";"Falta de Atenção à Condução";"Saída de leito carroçável";"Com Vítimas Fatais";"Plena Noite";"Crescente";"Nublado";"Simples";"Reta";"Não";3;1;0;1;0;1;1;2;-14,16487257;-56,09172821;"SPRF-MT";"DEL01-MT";"UOP01-DEL01-MT"
132328;2018-03-16;"sexta-feira";"05:25:00";"BA";116;913,8;"ENCRUZILHADA";"Restrição de Visibilidade";"Colisão frontal";"Com Vítimas Fatais";"Amanhecer";"Decrescente";"Nevoeiro/Neblina";"Simples";"Declive";"Não";3;1;0;1;0;3;1;5;-15,54366825;-41,25366211;"SPRF-BA";"DEL08-BA";"UOP03-DEL08-BA"
132331;2018-05-06;"domingo";"05:50:00";"PE";101;3,7;"GOIANA";"Defeito Mecânico no Veículo";"Saída de leito carroçável";"Com Vítimas Feridas";"Pleno dia";"Crescente";"Chuva";"Dupla";"Curva";"Não";2;0;1;0;0;1;1;2;-7,5328;-34,9909;"SPRF-PE";"DEL01-PE";"UOP02-DEL01-PE"
132332;2018-05-06;"domingo";"01:20:00";"RJ";116;118,4;"MAGE";"Falta de Atenção à Condução";"Saída de leito carroçável";"Sem Vítimas";"Plena Noite";"Decrescente";"Céu Claro";"Simples";"Reta";"Não";1;0;0;0;0;1;0;1;-22,61269991;-43,0332005;"SPRF-RJ";"DEL04-RJ";"UOP02-DEL04-RJ"
132336;2018-05-06;"domingo";"07:35:00";"PR";376;305,9;"MAUA DA SERRA";"Falta de Atenção à Condução";"Tombamento";"Com Vítimas Feridas";"Pleno dia";"Decrescente";"Céu Claro";"Dupla";"Curva";"Não";1;0;1;0;0;0;1;1;-23,939;-51,121;"SPRF-PR";"DEL07-PR";"UOP02-DEL07-PR"
132343;2018-05-06;"domingo";"07:00:00";"MS";158;11;"CASSILANDIA";"Mal Súbito";"Saída de leito carroçável";"Com Vítimas Feridas";"Pleno dia";"Crescente";"Céu Claro";"Simples";"Declive";"Não";2;0;1;0;0;2;1;3;-19,1299238;-51,71058655;"SPRF-MS";"DEL08-MS";"UOP01-DEL08-MS"
132345;2018-05-06;"domingo";"04:40:00";"RO";364;504;"ARIQUEMES";"Defeito na Via";"Colisão frontal";"Com Vítimas Feridas";"Plena Noite";"Crescente";"Céu Claro";"Simples";"Reta";"Não";3;0;1;0;1;5;1;7;-10,00241;-63,009264;"SPRF-RO";"DEL03-RO";"UOP01-DEL03-RO"
132349;2018-05-06;"domingo";"10:05:00";"MG";381;852,9;"POUSO ALEGRE";"Condutor Dormindo";"Colisão com objeto estático";"Com Vítimas Feridas";"Pleno dia";"Decrescente";"Céu Claro";"Dupla";"Reta;Declive";"Não";5;0;2;0;1;3;2;5;-22,26219609;-45,89019835;"SPRF-MG";"DEL16-MG";"UOP01-DEL16-MG"
132353;2018-05-06;"domingo";"08:40:00";"BA";101;750;"ITABELA";"Falta de Atenção à Condução";"Colisão com objeto estático";"Com Vítimas Feridas";"Pleno dia";"Crescente";"Céu Claro";"Simples";"Curva";"Não";1;0;1;0;0;0;1;1;-16,6091;-39,5458;"SPRF-BA";"DEL09-BA";"UOP01-DEL09-BA"
132358;2018-05-06;"domingo";"09:45:00";"MG";381;559,9;"ITAGUARA";"Falta de Atenção à Condução";"Engavetamento";"Com Vítimas Feridas";"Pleno dia";"Crescente";"Céu Claro";"Dupla";"Reta";"Não";9;0;1;0;7;1;1;8;-20,3637;-44,4681;"SPRF-MG";"DEL04-MG";"UOP03-DEL04-MG"
132362;2018-05-06;"domingo";"05:00:00";"MG";365;25,6;"MONTES CLAROS";"Ultrapassagem Indevida";"Colisão frontal";"Com Vítimas Fatais";"Amanhecer";"Decrescente";"Ignorado";"Simples";"Reta";"Não";6;1;0;2;1;3;2;5;-16,6556;-43,7194;"SPRF-MG";"DEL12-MG";"UOP01-DEL12-MG"
132368;2018-05-06;"domingo";"11:00:00";"PI";316;408;"MARCOLANDIA";"Desobediência às normas de trânsito pelo condutor";"Tombamento";"Com Vítimas Feridas";"Pleno dia";"Crescente";"Sol";"Simples";"Declive;Curva";"Não";2;0;1;0;0;1;1;2;-7,407478;-40,714928;"SPRF-PI";"DEL04-PI";"UOP03-DEL04-PI"
132372;2018-05-06;"domingo";"12:00:00";"CE";222;301;"TIANGUA";"Defeito Mecânico no Veículo";"Tombamento";"Com Vítimas Feridas";"Pleno dia";"Decrescente";"Céu Claro";"Simples";"Curva";"Não";3;0;1;0;1;3;1;5;-3,661595;-40,940029;"SPRF-CE";"DEL04-CE";"UOP02-DEL04-CE"
132373;2018-05-06;"domingo";"12:50:00";"AL";101;108;"PILAR";"Velocidade Incompatível";"Tombamento";"Sem Vítimas";"Pleno dia";"Crescente";"Céu Claro";"Simples";"Aclive";"Não";2;0;0;0;1;1;0;2;-9,586626;-35,9893;"SPRF-AL";"DEL02-AL";"UOP01-DEL02-AL"
132380;2018-05-06;"domingo";"11:48:00";"SC";116;202;"PONTE ALTA";"Velocidade Incompatível";"Saída de leito carroçável";"Com Vítimas Feridas";"Pleno dia";"Decrescente";"Sol";"Simples";"Reta";"Não";1;0;1;0;0;0;1;1;-27,43997445;-50,39766311;"SPRF-SC";"DEL05-SC";"UOP03-DEL05-SC"
132391;2018-05-06;"domingo";"06:00:00";"SP";116;401;"MIRACATU";"Falta de Atenção à Condução";"Colisão transversal";"Com Vítimas Fatais";"Amanhecer";"Decrescente";"Céu Claro";"Dupla";"Reta;Rotatória";"Não";2;1;0;0;1;0;0;2;-24,31658623;-47,51469433;"SPRF-SP";"DEL04-SP";"UOP02-DEL04-SP"
132397;2018-05-06;"domingo";"11:30:00";"MT";364;268,6;"JACIARA";"Falta de Atenção à Condução";"Colisão transversal";"Com Vítimas Fatais";"Pleno dia";"Decrescente";"Céu Claro";"Simples";"Reta";"Sim";5;1;1;1;1;2;2;4;-15,97684256;-54,93610382;"SPRF-MT";"DEL02-MT";"UOP02-DEL05-MT"
132398;2018-05-06;"domingo";"14:40:00";"SP";153;62,2;"SAO JOSE DO RIO PRETO";"Falta de Atenção à Condução";"Colisão traseira";"Com Vítimas Feridas";"Pleno dia";"Decrescente";"Céu Claro";"Dupla";"Reta";"Sim";5;0;3;0;1;1;3;3;-20,8146375;-49,35689911;"SPRF-SP";"DEL09-SP";"UOP01-DEL09-SP"
132399;2018-05-06;"domingo";"14:55:00";"SC";101;111;"NAVEGANTES";"Falta de Atenção à Condução";"Colisão lateral";"Com Vítimas Feridas";"Pleno dia";"Decrescente";"Céu Claro";"Dupla";"Reta";"Não";4;0;1;0;2;1;1;3;-26,8397;-48,714;"SPRF-SC";"DEL04-SC";"UOP04-DEL04-SC"
132400;2018-05-06;"domingo";"05:10:00";"MT";158;411,2;"RIBEIRAO CASCALHEIRA";"Falta de Atenção à Condução";"Colisão lateral";"Com Vítimas Feridas";"Plena Noite";"Crescente";"Nublado";"Simples";"Reta";"Não";5;0;1;1;1;4;2;6;-12,92325676;-51,81976318;"SPRF-MT";"DEL07-MT";"UOP02-DEL07-MT"
132405;2018-05-06;"domingo";"15:40:00";"BA";242;333;"LENCOIS";"Desobediência às normas de trânsito pelo condutor";"Colisão transversal";"Com Vítimas Feridas";"Pleno dia";"Crescente";"Nublado";"Dupla";"Reta";"Não";6;0;3;0;2;2;3;4;-12,47848149;-41,35974884;"SPRF-BA";"DEL06-BA";"UOP01-DEL06-BA"
132406;2018-05-06;"domingo";"15:00:00";"MS";262;281,2;"RIBAS DO RIO PARDO";"Falta de Atenção à Condução";"Colisão lateral";"Com Vítimas Feridas";"Pleno dia";"Decrescente";"Céu Claro";"Simples";"Aclive";"Não";5;0;1;0;3;1;1;3;-20,40483571;-53,88732148;"SPRF-MS";"DEL01-MS";"UOP01-DEL01-MS"
132410;2018-05-06;"domingo";"11:30:00";"MA";230;329,5;"SAO RAIMUNDO DAS MANGABEIRAS";"Falta de Atenção à Condução";"Saída de leito carroçável";"Com Vítimas Fatais";"Pleno dia";"Decrescente";"Céu Claro";"Simples";"Reta";"Não";5;1;1;3;0;0;4;1;-7,07261457;-45,59532166;"SPRF-MA";"DEL05-MA";"UOP01-DEL05-MA"
132433;2018-05-06;"domingo";"18:00:00";"TO";153;141,5;"ARAGUAINA";"Desobediência às normas de trânsito pelo condutor";"Colisão transversal";"Com Vítimas Feridas";"Anoitecer";"Crescente";"Céu Claro";"Múltipla";"Rotatória";"Sim";5;0;2;0;2;1;2;3;-7,1789465;-48,22289944;"SPRF-TO";"DEL02-TO";"UOP01-DEL02-TO"
132441;2018-05-06;"domingo";"16:30:00";"SP";116;23,2;"LAVRINHAS";"Objeto estático sobre o leito carroçável";"Colisão traseira";"Com Vítimas Feridas";"Pleno dia";"Decrescente";"Chuva";"Dupla";"Reta";"Não";8;0;2;0;5;1;2;3;-22,589794;-44,885368;"SPRF-SP";"DEL08-SP";"UOP02-DEL08-SP"
132450;2018-05-06;"domingo";"18:50:00";"MG";381;597,4;"CARMOPOLIS DE MINAS";"Ingestão de Álcool";"Colisão lateral";"Sem Vítimas";"Plena Noite";"Crescente";"Céu Claro";"Dupla";"Reta";"Não";2;0;0;0;2;0;0;2;-20,5937;-44,704;"SPRF-MG";"DEL04-MG";"UOP01-DEL04-MG"
132455;2018-05-06;"domingo";"16:45:00";"PA";163;627;"TRAIRAO";"Desobediência às normas de trânsito pelo condutor";"Colisão transversal";"Com Vítimas Fatais";"Anoitecer";"Decrescente";"Céu Claro";"Simples";"Reta";"Sim";3;1;0;0;1;1;0;3;-4,69635893;-55,99187364;"SPRF-PA";"DEL05-PA";"UOP01-DEL05-PA"
132460;2018-05-06;"domingo";"18:20:00";"MT";364;176;"PEDRA PRETA";"Ingestão de Álcool";"Colisão frontal";"Com Vítimas Fatais";"Anoitecer";"Decrescente";"Céu Claro";"Simples";"Reta";"Sim";3;1;0;0;0;2;0;3;-16,626677;-54,446693;"SPRF-MT";"DEL02-MT";"UOP01-DEL02-MT"