"id";"data_inversa";"dia_semana";"horario";"uf";"br";"km";"municipio";"causa_acidente";"tipo_acidente";"classificacao_acidente";"fase_dia";"sentido_via";"condicao_metereologica";"tipo_pista";"tracado_via";"uso_solo";"pessoas";"mortos";"feridos_leves";"feridos_graves";"ilesos";"ignorados";"feridos";"veiculos";"latitude";"longitude";"regional";"delegacia";"uop"
132779;2018-05-08;"terça-feira";"07:40:00";"BA";116;757;"POCOES";"Mal Súbito";"Colisão lateral";"Com Vítimas Feridas";"Pleno dia";"Decrescente";"Céu Claro";"Simples";"Reta";"Não";3;0;1;0;1;3;1;5;-14,521768;-40,3745533;"SPRF-BA";"DEL08-BA";"UOP02-DEL08-BA"
132787;2018-05-08;"terça-feira";"08:30:00";"MG";381;285;"JAGUARACU";"Desobediência às normas de trânsito pelo condutor";"Colisão lateral";"Com Vítimas Feridas";"Pleno dia";"Crescente";"Nublado";"Simples";"Curva";"Não";4;0;2;0;1;1;2;3;-19,606468;-42,759761;"SPRF-MG";"DEL03-MG";"UOP02-DEL03-MG"
132796;2018-05-08;"terça-feira";"09:40:00";"PA";316;0;"BELEM";"Falta de Atenção à Condução";"Colisão lateral";"Sem Vítimas";"Pleno dia";"Decrescente";"Céu Claro";"Dupla";"Reta";"Sim";3;0;0;0;2;2;0;4;-1,405913;-48,43406;"SPRF-PA";"DEL01-PA";"DEL19/1-UOP05/PA"
132798;2018-05-08;"terça-feira";"08:50:00";"PA";316;1;"BELEM";"Falta de Atenção à Condução";"Colisão traseira";"Sem Vítimas";"Pleno dia";"Decrescente";"Sol";"Dupla";"Reta";"Sim";2;0;0;0;2;0;0;2;-1,40389936;-48,42984796;"SPRF-PA";"DEL01-PA";"DEL19/1-UOP05/PA"
132799;2018-04-18;"quarta-feira";"18:30:00";"RS";392;67,1;"PELOTAS";"Desobediência às normas de trânsito pelo condutor";"Colisão transversal";"Com Vítimas Feridas";"Plena Noite";"Decrescente";"Céu Claro";"Simples";"Rotatória";"Sim";4;0;0;2;1;1;2;3;-31,75648818;-52,4001503;"SPRF-RS";"DEL07-RS";"UOP01-DEL07-RS"
132804;2018-05-08;"terça-feira";"10:20:00";"SC";101;96;"BALNEARIO PICARRAS";"Falta de Atenção à Condução";"Colisão traseira";"Com Vítimas Feridas";"Pleno dia";"Crescente";"Chuva";"Dupla";"Reta";"Não";3;0;1;0;1;1;1;3;-26,7318;-48,7009;"SPRF-SC";"DEL03-SC";"UOP02-DEL03-SC"
132806;2018-05-04;"sexta-feira";"11:20:00";"RJ";101;321,9;"NITEROI";"Falta de Atenção do Pedestre";"Atropelamento de Pedestre";"Sem Vítimas";"Pleno dia";"Crescente";"Céu Claro";"Dupla";"Reta";"Sim";2;0;0;0;2;0;0;2;-22,869852;-43,110458;"SPRF-RJ";"DEL02-RJ";"UOP02-DEL02-RJ"
132809;2018-05-08;"terça-feira";"08:30:00";"RN";405;2,8;"MOSSORO";"Falta de Atenção à Condução";"Colisão traseira";"Com Vítimas Feridas";"Pleno dia";"Crescente";"Céu Claro";"Dupla";"Viaduto";"Sim";2;0;1;0;1;0;1;2;-5,192827;-37,371124;"SPRF-RN";"DEL04-RN";"UOP02-DEL04-RN"
132812;2018-05-08;"terça-feira";"08:30:00";"RJ";101;333;"RIO DE JANEIRO";"Falta de Atenção à Condução";"Colisão traseira";"Com Vítimas Feridas";"Pleno dia";"Decrescente";"Nublado";"Múltipla";"Reta";"Sim";4;0;1;0;3;0;1;3;-22,878471;-43,21072;"SPRF-RJ";"DEL02-RJ";"UOP02-DEL02-RJ"
132815;2018-05-08;"terça-feira";"03:45:00";"BA";242;605;"MUQUEM DE SAO FRANCISCO";"Defeito Mecânico no Veículo";"Incêndio";"Sem Vítimas";"Amanhecer";"Crescente";"Céu Claro";"Simples";"Reta";"Não";1;0;0;0;1;0;0;1;-12,164863;-43,386907;"SPRF-BA";"DEL10-BA";"UOP03-DEL06-BA"
132818;2018-05-08;"terça-feira";"10:50:00";"PR";376;200,4;"MARIALVA";"Falta de Atenção à Condução";"Colisão lateral";"Com Vítimas Feridas";"Pleno dia";"Crescente";"Céu Claro";"Dupla";"Aclive";"Não";4;0;1;0;2;2;1;5;-23,50478173;-51,74361879;"SPRF-PR";"DEL07-PR";"UOP01-DEL09-PR"
132819;2018-05-08;"terça-feira";"11:50:00";"PR";476;156;"CURITIBA";"Falta de Atenção do Pedestre";"Atropelamento de Pedestre";"Com Vítimas Feridas";"Pleno dia";"Decrescente";"Garoa/Chuvisco";"Múltipla";"Reta";"Sim";3;0;1;0;1;1;1;3;-25,4289541;-49,267137;"SPRF-PR";"DEL01-PR";"UOP06-DEL01-PR"
132827;2018-05-08;"terça-feira";"08:50:00";"BA";101;792,5;"ITAMARAJU";"Falta de Atenção à Condução";"Colisão traseira";"Com Vítimas Feridas";"Pleno dia";"Crescente";"Céu Claro";"Simples";"Reta";"Não";2;0;1;0;1;0;1;2;-16,8977;-39,5237;"SPRF-BA";"DEL09-BA";"UOP01-DEL09-BA"
132832;2018-05-08;"terça-feira";"13:20:00";"GO";452;143,5;"BOM JESUS DE GOIAS";"Falta de Atenção à Condução";"Colisão traseira";"Com Vítimas Feridas";"Pleno dia";"Decrescente";"Sol";"Simples";"Aclive";"Não";3;0;0;1;1;1;1;3;-18,07732624;-50,13370514;"SPRF-GO";"DEL03-GO";"UOP02-DEL03-GO"
132833;2018-05-08;"terça-feira";"12:30:00";"PE";232;68,9;"GRAVATA";"Defeito Mecânico no Veículo";"Incêndio";"Sem Vítimas";"Pleno dia";"Crescente";"Céu Claro";"Dupla";"Reta";"Não";1;0;0;0;1;0;0;1;-8,183444;-35,492966;"SPRF-PE";"DEL01-PE";"UOP02-DEL02PE"
132836;2018-05-08;"terça-feira";"11:35:00";"PR";476;224,4;"LAPA";"Defeito Mecânico no Veículo";"Tombamento";"Sem Vítimas";"Pleno dia";"Crescente";"Nublado";"Simples";"Curva";"Não";2;0;0;0;1;1;0;2;-25,85024449;-49,94428754;"SPRF-PR";"DEL02-PR";"UOP04-DEL02-PR"
132841;2018-04-13;"sexta-feira";"06:00:00";"BA";101;862,5;"TEIXEIRA DE FREITAS";"Velocidade Incompatível";"Colisão frontal";"Com Vítimas Feridas";"Pleno dia";"Crescente";"Chuva";"Simples";"Curva;Declive";"Não";6;0;1;3;1;1;4;3;-17,41714;-39,68231;"SPRF-BA";"DEL09-BA";"UOP02-DEL09-BA"
132842;2018-04-18;"quarta-feira";"18:20:00";"RS";470;195;"BENTO GONCALVES";"Defeito Mecânico no Veículo";"Tombamento";"Com Vítimas Feridas";"Anoitecer";"Decrescente";"Céu Claro";"Simples";"Curva";"Não";3;0;1;1;0;1;2;3;-29,05011567;-51,57501966;"SPRF-RS";"DEL06-RS";"UOP01-DEL06-RS"
132844;2018-05-08;"terça-feira";"13:50:00";"CE";116;56,4;"PACAJUS";"Defeito Mecânico no Veículo";"Colisão traseira";"Sem Vítimas";"Pleno dia";"Decrescente";"Céu Claro";"Simples";"Reta";"Não";7;0;0;0;6;1;0;4;-4,22632766;-38,47738266;"SPRF-CE";"DEL03-CE";"UOP02-DEL03-CE"
132847;2018-05-08;"terça-feira";"14:22:00";"SP";116;110,4;"TAUBATE";"Pista Escorregadia";"Queda de ocupante de veículo";"Com Vítimas Fatais";"Pleno dia";"Decrescente";"Chuva";"Múltipla";"Reta";"Sim";3;1;0;0;1;2;0;4;-23,034126;-45,5527;"SPRF-SP";"DEL06-SP";"UOP01-DEL06-SP"
132850;2018-05-08;"terça-feira";"07:30:00";"SP";116;567;"BARRA DO TURVO";"Restrição de Visibilidade";"Colisão lateral";"Sem Vítimas";"Pleno dia";"Crescente";"Chuva";"Dupla";"Declive;Curva";"Não";1;0;0;0;1;0;0;1;-25,05722243;-48,5556221;"SPRF-SP";"DEL05-SP";"UOP02-DEL05-SP"
132852;2018-05-08;"terça-feira";"11:40:00";"SC";280;80,3;"CORUPA";"Desobediência às normas de trânsito pelo condutor";"Colisão transversal";"Com Vítimas Feridas";"Pleno dia";"Decrescente";"Garoa/Chuvisco";"Simples";"Reta";"Não";5;0;3;0;1;1;3;3;-26,43918747;-49,22979265;"SPRF-SC";"DEL06-SC";"UOP03-DEL06-SC"
132853;2018-05-08;"terça-feira";"14:00:00";"SC";116;4;"MAFRA";"Falta de Atenção à Condução";"Colisão lateral";"Sem Vítimas";"Pleno dia";"Decrescente";"Nublado";"Simples";"Reta";"Sim";3;0;0;0;2;1;0;3;-26,13775073;-49,81043726;"SPRF-SC";"DEL06-SC";"UOP01-DEL06-SC"
132856;2018-05-08;"terça-feira";"15:10:00";"MG";116;678,4;"MURIAE";"Falta de Atenção à Condução";"Colisão lateral";"Com Vítimas Feridas";"Pleno dia";"Crescente";"Nublado";"Simples";"Reta";"Não";5;0;2;1;1;1;3;3;-21,01016319;-42,36877441;"SPRF-MG";"DEL07-MG";"UOP02-DEL07-MG"
132860;2018-05-08;"terça-feira";"12:45:00";"SC";470;199,8;"PONTE ALTA";"Desobediência às normas de trânsito pelo condutor";"Colisão transversal";"Com Vítimas Feridas";"Pleno dia";"Crescente";"Céu Claro";"Simples";"Rotatória";"Não";2;0;1;0;1;0;1;2;-27,30863811;-50,13370514;"SPRF-SC";"DEL05-SC";"UOP03-DEL05-SC"
132879;2018-05-08;"terça-feira";"17:20:00";"MG";381;828;"SAO SEBASTIAO DA BELA VISTA";"Falta de Atenção à Condução";"Colisão lateral";"Com Vítimas Feridas";"Pleno dia";"Crescente";"Céu Claro";"Dupla";"Reta";"Não";3;0;1;0;2;0;1;2;-22,11856259;-45,75768817;"SPRF-MG";"DEL16-MG";"UOP01-DEL16-MG"
132880;2018-05-08;"terça-feira";"16:25:00";"SP";116;133;"CACAPAVA";"Desobediência às normas de trânsito pelo condutor";"Colisão traseira";"Sem Vítimas";"Pleno dia";"Crescente";"Sol";"Dupla";"Reta";"Sim";3;0;0;0;2;1;0;3;-23,135967;-45,753292;"SPRF-SP";"DEL06-SP";"UOP02-DEL02-SP"
132885;2018-05-08;"terça-feira";"15:15:00";"SC";282;45,5;"AGUAS MORNAS";"Velocidade Incompatível";"Colisão lateral";"Com Vítimas Feridas";"Pleno dia";"Crescente";"Garoa/Chuvisco";"Simples";"Curva";"Não";5;0;4;0;1;0;4;2;-27,71933976;-48,92241955;"SPRF-SC";"DEL01-SC";"UOP03-DEL01-SC"
132887;2018-05-08;"terça-feira";"14:00:00";"BA";407;141,1;"SENHOR DO BONFIM";"Mal Súbito";"Colisão transversal";"Com Vítimas Feridas";"Pleno dia";"Decrescente";"Céu Claro";"Simples";"Reta";"Não";3;0;1;0;2;0;1;3;-10,584557;-40,134156;"SPRF-BA";"DEL04-BA";"UOP01-DEL04-BA"
132889;2018-05-08;"terça-feira";"14:40:00";"PA";10;181,7;"IPIXUNA DO PARA";"Ultrapassagem Indevida";"Tombamento";"Com Vítimas Feridas";"Pleno dia";"Crescente";"Céu Claro";"Simples";"Reta;Aclive";"Não";2;0;1;0;0;1;1;2;-2,885434;-47,434994;"SPRF-PA";"DEL02-PA";"UOP01-DEL02-PA"
132893;2018-05-08;"terça-feira";"17:45:00";"PR";153;460;"UNIAO DA VITORIA";"Defeito Mecânico no Veículo";"Tombamento";"Com Vítimas Feridas";"Pleno dia";"Decrescente";"Céu Claro";"Simples";"Declive";"Não";2;0;1;0;0;1;1;2;-26,232924;-51,145458;"SPRF-PR";"DEL02-PR";"UOP03-DEL02-PR"
132897;2018-05-08;"terça-feira";"15:00:00";"PR";116;26;"CAMPINA GRANDE DO SUL";"Falta de Atenção à Condução";"Saída de leito carroçável";"Com Vítimas Feridas";"Pleno dia";"Decrescente";"Céu Claro";"Dupla";"Reta";"Não";2;0;1;0;0;1;1;2;-25,106836;-48,785343;"SPRF-PR";"DEL01-PR";"UOP02-DEL01-PR"
132905;2018-05-08;"terça-feira";"17:00:00";"GO";50;313,7;"CUMARI";"Falta de Atenção à Condução";"Tombamento";"Com Vítimas Feridas";"Pleno dia";"Crescente";"Céu Claro";"Simples";"Curva";"Não";2;0;1;0;0;2;1;3;-18,4188;-48,0735;"SPRF-GO";"DEL06-GO";"UOP01-DEL06-GO"
132911;2018-05-08;"terça-feira";"19:00:00";"MG";381;909,7;"CAMANDUCAIA";"Velocidade Incompatível";"Atropelamento de Pedestre";"Com Vítimas Fatais";"Plena Noite";"Crescente";"Céu Claro";"Dupla";"Reta;Declive";"Não";5;1;1;1;1;2;2;5;-22,69088868;-46,10894767;"SPRF-MG";"DEL16-MG";"UOP03-DEL16-MG"
132914;2018-05-08;"terça-feira";"19:00:00";"SP";153;67,5;"SAO JOSE DO RIO PRETO";"Defeito Mecânico no Veículo";"Incêndio";"Sem Vítimas";"Plena Noite";"Crescente";"Céu Claro";"Simples";"Reta";"Sim";2;0;0;0;1;1;0;2;-20,85056151;-49,38462283;"SPRF-SP";"DEL09-SP";"UOP01-DEL09-SP"
132915;2018-05-08;"terça-feira";"18:40:00";"BA";242;892;"LUIS EDUARDO MAGALHAES";"Velocidade Incompatível";"Colisão transversal";"Com Vítimas Feridas";"Plena Noite";"Decrescente";"Céu Claro";"Simples";"Reta";"Não";6;0;1;0;4;1;1;5;-12,101957;-45,875463;"SPRF-BA";"DEL10-BA";"UOP01-DEL10-BA"
132929;2018-05-08;"terça-feira";"21:00:00";"PR";116;174,7;"QUITANDINHA";"Fenômenos da Natureza";"Incêndio";"Sem Vítimas";"Plena Noite";"Decrescente";"Nublado";"Simples";"Aclive";"Sim";1;0;0;0;1;0;0;1;-25,87727;-49,490139;"SPRF-PR";"DEL01-PR";"UOP03-DEL01-PR"
132940;2018-05-08;"terça-feira";"22:10:00";"SC";101;403,6;"MARACAJA";"Velocidade Incompatível";"Colisão traseira";"Com Vítimas Fatais";"Plena Noite";"Crescente";"Nublado";"Dupla";"Reta";"Sim";3;1;0;0;1;1;0;3;-28,87739139;-49,45701599;"SPRF-SC";"DEL02-SC";"UOP02-DEL02-SC"
132944;2018-05-09;"quarta-feira";"00:25:00";"MG";262;16,5;"MARTINS SOARES";"Velocidade Incompatível";"Saída de leito carroçável";"Com Vítimas Feridas";"Plena Noite";"Decrescente";"Céu Claro";"Simples";"Curva;Declive";"Não";2;0;1;0;0;1;1;2;-20,25709413;-41,88417971;"SPRF-MG";"DEL06-MG";"UOP03-DEL06-MG"
132947;2018-05-09;"quarta-feira";"04:35:00";"PR";116;178,1;"QUITANDINHA";"Condutor Dormindo";"Colisão lateral";"Sem Vítimas";"Plena Noite";"Decrescente";"Garoa/Chuvisco";"Simples";"Curva";"Não";2;0;0;0;2;0;0;2;-25,90806543;-49,57961775;"SPRF-PR";"DEL01-PR";"UOP03-DEL01-PR"
132948;2018-05-09;"quarta-feira";"04:15:00";"PR";116;86;"PIRAQUARA";"Condutor Dormindo";"Saída de leito carroçável";"Sem Vítimas";"Plena Noite";"Decrescente";"Céu Claro";"Dupla";"Reta";"Não";1;0;0;0;1;0;0;1;-25,434765;-49,089371;"SPRF-PR";"DEL01-PR";"UOP01-DEL01-PR"
132949;2018-05-09;"quarta-feira";"04:30:00";"PB";101;114,5;"CAAPORA";"Agressão Externa";"Saída de leito carroçável";"Com Vítimas Feridas";"Amanhecer";"Crescente";"Céu Claro";"Dupla";"Reta";"Não";1;0;1;0;0;0;1;1;-7,4003;-34,9551;"SPRF-PB";"DEL01-PB";"UOP01-DEL01-PB"
132957;2018-05-09;"quarta-feira";"04:10:00";"MG";365;825,5;"SANTA VITORIA";"Defeito na Via";"Tombamento";"Com Vítimas Feridas";"Plena Noite";"Decrescente";"Céu Claro";"Simples";"Interseção de Vias";"Não";3;0;1;0;0;2;1;3;-18,87653213;-50,12308426;"SPRF-MG";"DEL15-MG";"UOP03-DEL15-MG"
132960;2018-05-09;"quarta-feira";"06:30:00";"BA";407;136,2;"SENHOR DO BONFIM";"Condutor Dormindo";"Saída de leito carroçável";"Sem Vítimas";"Pleno dia";"Decrescente";"Nublado";"Simples";"Reta";"Não";2;0;0;0;1;1;0;2;-10,57759698;-40,13528824;"SPRF-BA";"DEL04-BA";"UOP01-DEL04-BA"
132964;2018-05-09;"quarta-feira";"07:15:00";"PB";101;34,7;"MAMANGUAPE";"Defeito Mecânico no Veículo";"Saída de leito carroçável";"Sem Vítimas";"Pleno dia";"Decrescente";"Nublado";"Dupla";"Reta";"Não";1;0;0;0;1;0;0;1;-6,79403;-35,13778;"SPRF-PB";"DEL01-PB";"UOP04-DEL01-PB"
132976;2018-05-09;"quarta-feira";"08:15:00";"PA";316;7;"ANANINDEUA";"Falta de Atenção à Condução";"Colisão lateral";"Com Vítimas Feridas";"Pleno dia";"Decrescente";"Céu Claro";"Múltipla";"Reta";"Sim";5;0;1;0;3;2;1;6;-1,36801118;-48,37589264;"SPRF-PA";"DEL01-PA";"DEL19/1-UOP05/PA"
132979;2018-05-09;"quarta-feira";"05:40:00";"BA";101;666,6;"ITAPEBI";"Velocidade Incompatível";"Tombamento";"Com Vítimas Feridas";"Amanhecer";"Decrescente";"Céu Claro";"Simples";"Curva";"Não";2;0;1;0;0;1;1;2;-15,971;-39,562;"SPRF-BA";"DEL09-BA";"UOP01-DEL09-BA"
132982;2018-05-09;"quarta-feira";"01:20:00";"PR";153;115,9;"IBAITI";"Defeito Mecânico no Veículo";"Incêndio";"Sem Vítimas";"Plena Noite";"Crescente";"Céu Claro";"Simples";"Curva";"Não";2;0;0;0;1;1;0;2;-23,901263;-50,205134;"SPRF-PR";"DEL07-PR";"UOP04-DEL07-PR"
132984;2018-05-09;"quarta-feira";"08:51:00";"PR";376;235,1;"APUCARANA";"Defeito Mecânico no Veículo";"Colisão frontal";"Com Vítimas Feridas";"Pleno dia";"Decrescente";"Céu Claro";"Simples";"Curva";"Não";2;0;1;0;1;0;1;2;-23,58282811;-51,4867723;"SPRF-PR";"DEL07-PR";"UOP03-DEL07-PR"
132996;2018-05-06;"domingo";"07:20:00";"MG";381;551,2;"ITAGUARA";"Velocidade Incompatível";"Tombamento";"Com Vítimas Feridas";"Pleno dia";"Crescente";"Nublado";"Dupla";"Curva";"Não";2;0;1;0;0;1;1;2;-20,3137;-44,4517;"SPRF-MG";"DEL04-MG";"UOP03-DEL04-MG"
132997;2018-04-27;"sexta-feira";"07:45:00";"SC";153;59;"IRANI";"Desobediência às normas de trânsito pelo condutor";"Colisão transversal";"Com Vítimas Feridas";"Pleno dia";"Decrescente";"Céu Claro";"Simples";"Rotatória;Interseção de Vias";"Não";5;0;1;0;3;1;1;3;-26,967562;-51,850391;"SPRF-SC";"DEL07-SC";"UOP04-DEL07-SC"
133003;2018-05-09;"quarta-feira";"09:55:00";"RJ";393;171,2;"TRES RIOS";"Falta de Atenção à Condução";"Tombamento";"Com Vítimas Feridas";"Pleno dia";"Decrescente";"Céu Claro";"Simples";"Reta";"Não";2;0;1;0;0;1;1;2;-22,12420301;-43,19576919;"SPRF-RJ";"DEL06-RJ";"UOP01-DEL05-RJ"
133005;2018-05-09;"quarta-feira";"07:40:00";"SC";470;155,5;"AGRONOMICA";"Velocidade Incompatível";"Colisão frontal";"Com Vítimas Fatais";"Amanhecer";"Crescente";"Garoa/Chuvisco";"Simples";"Curva";"Sim";9;1;0;2;1;5;2;5;-27,277105;-49,751972;"SPRF-SC";"DEL04-SC";"UOP02-DEL04-SC"
133008;2018-05-09;"quarta-feira";"09:40:00";"SC";280;179,7;"MAFRA";"Falta de Atenção à Condução";"Colisão traseira";"Sem Vítimas";"Pleno dia";"Decrescente";"Céu Claro";"Simples";"Aclive";"Não";3;0;0;0;2;4;0;6;-26,177687;-49,878315;"SPRF-SC";"DEL06-SC";"UOP01-DEL06-SC"
133009;2018-05-07;"segunda-feira";"21:00:00";"AL";101;20;"JOAQUIM GOMES";"Sinalização da via insuficiente ou inadequada";"Saída de leito carroçável";"Sem Vítimas";"Plena Noite";"Crescente";"Nublado";"Simples";"Reta";"Não";1;0;0;0;1;0;0;1;-9,03005208;-35,68157673;"SPRF-AL";"DEL01-AL";"UOP01-DEL01-AL"
133012;2018-05-09;"quarta-feira";"05:50:00";"MS";419;286,9;"NIOAQUE";"Defeito Mecânico no Veículo";"Incêndio";"Com Vítimas Feridas";"Amanhecer";"Crescente";"Céu Claro";"Simples";"Reta";"Não";4;0;0;1;1;2;1;3;-20,847863;-55,906503;"SPRF-MS";"DEL03-MS";"UOP01-DEL03-MS"
133023;2018-05-09;"quarta-feira";"08:00:00";"TO";226;12,5;"PALMEIRAS DO TOCANTINS";"Defeito Mecânico no Veículo";"Tombamento";"Sem Vítimas";"Pleno dia";"Decrescente";"Céu Claro";"Simples";"Reta";"Não";2;0;0;0;1;2;0;3;-6,62641377;-47,5831604;"SPRF-TO";"DEL02-TO";"UOP03-DEL02-TO"
133027;2018-05-09;"quarta-feira";"11:40:00";"PR";277;51;"SAO JOSE DOS PINHAIS";"Velocidade Incompatível";"Saída de leito carroçável";"Sem Vítimas";"Pleno dia";"Decrescente";"Nublado";"Dupla";"Curva";"Não";2;0;0;0;1;1;0;2;-25,5856458;-48,9566033;"SPRF-PR";"DEL01-PR";"UOP07-DEL01-PR"
133029;2018-05-09;"quarta-feira";"12:20:00";"ES";101;301,5;"VIANA";"Falta de Atenção à Condução";"Colisão traseira";"Sem Vítimas";"Pleno dia";"Decrescente";"Chuva";"Dupla";"Curva";"Sim";2;0;0;0;2;0;0;2;-20,3682318;-40,4438708;"SPRF-ES";"DEL01-ES";"UOP01-DEL01-ES"
133031;2018-05-09;"quarta-feira";"12:20:00";"SE";101;0,1;"PROPRIA";"Falta de Atenção à Condução";"Colisão transversal";"Com Vítimas Feridas";"Pleno dia";"Crescente";"Céu Claro";"Simples";"Reta";"Sim";2;0;1;0;1;0;1;2;-10,207334;-36,820004;"SPRF-SE";"DEL02-SE";"UOP02-DEL02-SE"
133039;2018-05-09;"quarta-feira";"13:15:00";"SC";280;20,6;"BALNEARIO BARRA DO SUL";"Desobediência às normas de trânsito pelo condutor";"Colisão traseira";"Com Vítimas Feridas";"Pleno dia";"Decrescente";"Céu Claro";"Simples";"Reta";"Não";2;0;0;1;1;0;1;2;-26,37033987;-48,68823051;"SPRF-SC";"DEL03-SC";"UOP03-DEL03-SC"
133041;2018-05-09;"quarta-feira";"07:15:00";"SC";282;451,7;"PONTE SERRADA";"Velocidade Incompatível";"Tombamento";"Com Vítimas Feridas";"Pleno dia";"Decrescente";"Céu Claro";"Simples";"Curva";"Não";2;0;1;0;0;1;1;2;-26,912806;-51,962536;"SPRF-SC";"DEL07-SC";"UOP04-DEL07-SC"
133045;2018-05-09;"quarta-feira";"13:20:00";"SC";101;214;"PALHOCA";"Falta de Atenção à Condução";"Colisão lateral";"Com Vítimas Feridas";"Pleno dia";"Crescente";"Garoa/Chuvisco";"Múltipla";"Reta";"Sim";3;0;1;0;1;1;1;3;-27,63806739;-48,6657992;"SPRF-SC";"DEL01-SC";"UOP02-DEL01-SC"
133046;2018-05-09;"quarta-feira";"13:20:00";"RS";153;44,5;"ERECHIM";"Velocidade Incompatível";"Saída de leito carroçável";"Com Vítimas Feridas";"Pleno dia";"Crescente";"Céu Claro";"Simples";"Curva;Interseção de Vias";"Não";2;0;1;0;0;1;1;2;-27,62234561;-52,23747969;"SPRF-RS";"DEL08-RS";"UOP04-DEL08-RS"
133057;2018-05-09;"quarta-feira";"14:10:00";"RJ";465;2;"SEROPEDICA";"Desobediência às normas de trânsito pelo condutor";"Colisão transversal";"Com Vítimas Fatais";"Pleno dia";"Crescente";"Céu Claro";"Simples";"Reta";"Sim";2;1;0;0;1;0;0;2;-22,727266;-43,718712;"SPRF-RJ";"DEL01-RJ";"UOP03-DEL01-RJ"
133058;2018-04-19;"quinta-feira";"17:10:00";"RS";101;86,3;"OSORIO";"Desobediência às normas de trânsito pelo condutor";"Colisão frontal";"Com Vítimas Feridas";"Pleno dia";"Decrescente";"Céu Claro";"Dupla";"Reta";"Sim";3;0;0;1;2;0;1;2;-29,88130427;-50,26370645;"SPRF-RS";"DEL03-RS";"UOP01-DEL03-RS"
133063;2018-05-09;"quarta-feira";"12:00:00";"MG";251;487,6;"FRANCISCO SA";"Falta de Atenção à Condução";"Colisão transversal";"Com Vítimas Feridas";"Pleno dia";"Crescente";"Sol";"Simples";"Reta";"Não";2;0;0;1;1;0;1;2;-16,5076;-43,5452;"SPRF-MG";"DEL12-MG";"UOP01-DEL12-MG"
133072;2018-05-09;"quarta-feira";"14:45:00";"MT";70;292;"PRIMAVERA DO LESTE";"Defeito na Via";"Saída de leito carroçável";"Sem Vítimas";"Pleno dia";"Decrescente";"Céu Claro";"Simples";"Reta";"Não";2;0;0;0;1;1;0;2;-15,578867;-54,403877;"SPRF-MT";"DEL05-MT";"UOP01-DEL05-MT"
133098;2018-05-09;"quarta-feira";"18:00:00";"MT";364;276,8;"JACIARA";"Defeito Mecânico no Veículo";"Colisão lateral";"Com Vítimas Fatais";"Plena Noite";"Decrescente";"Céu Claro";"Simples";"Reta";"Não";14;2;0;2;9;8;2;20;-15,95142623;-54,99755859;"SPRF-MT";"DEL02-MT";"UOP02-DEL05-MT"
133105;2018-05-09;"quarta-feira";"18:30:00";"DF";60;0,5;"BRASILIA";"Falta de Atenção à Condução";"Colisão lateral";"Com Vítimas Feridas";"Anoitecer";"Decrescente";"Céu Claro";"Dupla";"Reta";"Sim";3;0;1;0;1;1;1;3;-15,882499;-48,060212;"SPRF-DF";"DEL01-DF";"UOP01-DEL03-DF"
133107;2018-05-09;"quarta-feira";"18:40:00";"PE";101;95;"CABO DE SANTO AGOSTINHO";"Não guardar distância de segurança";"Colisão traseira";"Com Vítimas Feridas";"Plena Noite";"Crescente";"Chuva";"Múltipla";"Reta";"Não";3;0;1;0;2;0;1;3;-8,2516;-35,0177;"SPRF-PE";"DEL01-PE";"UOP03-DEL01-PE"
133113;2018-05-09;"quarta-feira";"20:00:00";"MG";381;486,4;"BETIM";"Velocidade Incompatível";"Colisão traseira";"Com Vítimas Feridas";"Anoitecer";"Decrescente";"Céu Claro";"Dupla";"Reta";"Sim";4;0;1;0;2;1;1;3;-19,95580857;-44,11060086;"SPRF-MG";"DEL01-MG";"UOP03-DEL01-MG"
133114;2018-04-20;"sexta-feira";"10:15:00";"RS";392;39;"RIO GRANDE";"Falta de Atenção à Condução";"Colisão lateral";"Com Vítimas Feridas";"Pleno dia";"Crescente";"Céu Claro";"Simples";"Reta";"Sim";3;0;0;1;1;1;1;3;-31,963549;-52,303131;"SPRF-RS";"DEL07-RS";"UOP02-DEL07-RS"
133118;2018-05-09;"quarta-feira";"17:50:00";"PB";230;157;"CAMPINA GRANDE";"Falta de Atenção à Condução";"Colisão lateral";"Com Vítimas Feridas";"Plena Noite";"Crescente";"Chuva";"Simples";"Reta";"Sim";2;0;1;0;1;0;1;2;-7,264;-35,9199;"SPRF-PB";"DEL02-PB";"UOP01-DEL02-PB"
133129;2018-05-09;"quarta-feira";"21:30:00";"GO";153;199;"URUACU";"Falta de Atenção à Condução";"Colisão transversal";"Com Vítimas Feridas";"Plena Noite";"Crescente";"Céu Claro";"Simples";"Reta";"Sim";6;0;3;2;1;0;5;2;-14,50479;-49,148914;"SPRF-GO";"DEL07-GO";"UOP02-DEL07-GO"
133134;2018-05-09;"quarta-feira";"22:00:00";"PR";376;346,9;"ORTIGUEIRA";"Velocidade Incompatível";"Saída de leito carroçável";"Sem Vítimas";"Plena Noite";"Crescente";"Céu Claro";"Simples";"Curva";"Não";2;0;0;0;1;1;0;2;-24,18747379;-50,96076965;"SPRF-PR";"DEL07-PR";"UOP02-DEL07-PR"
133136;2018-05-09;"quarta-feira";"22:15:00";"PR";163;333;"GUAIRA";"Falta de Atenção à Condução";"Colisão transversal";"Com Vítimas Feridas";"Plena Noite";"Crescente";"Ignorado";"Simples";"Retorno Regulamentado";"Não";3;0;1;0;1;1;1;3;-24,19986617;-54,2017336;"SPRF-PR";"DEL06-PR";"UOP01-DEL06-PR"