"id";"data_inversa";"dia_semana";"horario";"uf";"br";"km";"municipio";"causa_acidente";"tipo_acidente";"classificacao_acidente";"fase_dia";"sentido_via";"condicao_metereologica";"tipo_pista";"tracado_via";"uso_solo";"pessoas";"mortos";"feridos_leves";"feridos_graves";"ilesos";"ignorados";"feridos";"veiculos";"latitude";"longitude";"regional";"delegacia";"uop"
133140;2018-05-09;"quarta-feira";"21:50:00";"GO";153;563,4;"PROFESSOR JAMIL";"Falta de Atenção à Condução";"Colisão traseira";"Sem Vítimas";"Plena Noite";"Crescente";"Céu Claro";"Dupla";"Reta";"Não";2;0;0;0;1;1;0;2;-17,23430365;-49,23514634;"SPRF-GO";"DEL03-GO";"UOP01-DEL03-GO"
133141;2018-05-09;"quarta-feira";"22:00:00";"PI";407;552;"JACOBINA DO PIAUI";"Falta de Atenção do Pedestre";"Atropelamento de Pedestre";"Com Vítimas Feridas";"Plena Noite";"Decrescente";"Céu Claro";"Simples";"Reta";"Não";2;0;0;1;0;1;1;2;-7,952888;-41,190628;"SPRF-PI";"DEL04-PI";"UOP01-DEL04-PI"
133145;2018-05-09;"quarta-feira";"22:00:00";"SC";280;76,6;"JARAGUA DO SUL";"Ingestão de Álcool";"Colisão lateral";"Com Vítimas Feridas";"Plena Noite";"Decrescente";"Céu Claro";"Simples";"Reta";"Sim";2;0;1;0;1;0;1;2;-26,45724373;-49,18374959;"SPRF-SC";"DEL03-SC";"UOP03-DEL03-SC"
133148;2018-05-09;"quarta-feira";"23:30:00";"PA";163;625;"TRAIRAO";"Defeito Mecânico no Veículo";"Danos eventuais";"Sem Vítimas";"Plena Noite";"Crescente";"Céu Claro";"Simples";"Reta";"Sim";2;0;0;0;1;2;0;3;-4,6998;-55,9952;"SPRF-PA";"DEL05-PA";"UOP01-DEL05-PA"
133149;2018-05-10;"quinta-feira";"01:25:00";"SC";101;192;"BIGUACU";"Falta de Atenção à Condução";"Colisão transversal";"Com Vítimas Feridas";"Plena Noite";"Decrescente";"Chuva";"Dupla";"Reta";"Sim";2;0;0;1;1;0;1;2;-27,47993521;-48,64475718;"SPRF-SC";"DEL01-SC";"UOP01-DEL01-SC"
133152;2018-05-10;"quinta-feira";"01:15:00";"RJ";393;161,9;"TRES RIOS";"Falta de Atenção à Condução";"Capotamento";"Com Vítimas Feridas";"Plena Noite";"Decrescente";"Céu Claro";"Simples";"Reta";"Não";1;0;1;0;0;0;1;1;-22,113419;-43,122557;"SPRF-RJ";"DEL06-RJ";"UOP01-DEL05-RJ"
133159;2018-05-10;"quinta-feira";"02:15:00";"PR";376;490;"PONTA GROSSA";"Falta de Atenção à Condução";"Colisão lateral";"Com Vítimas Feridas";"Plena Noite";"Crescente";"Céu Claro";"Dupla";"Interseção de Vias";"Sim";4;0;1;0;2;1;1;3;-25,10123845;-50,19725204;"SPRF-PR";"DEL03-PR";"UOP04-DEL03-PR"
133167;2018-05-10;"quinta-feira";"04:25:00";"BA";116;477;"SANTO ESTEVAO";"Defeito Mecânico no Veículo";"Saída de leito carroçável";"Sem Vítimas";"Amanhecer";"Crescente";"Céu Claro";"Dupla";"Reta";"Não";1;0;0;0;1;0;0;1;-12,47278281;-39,29122925;"SPRF-BA";"DEL02-BA";"UOP01-DEL02-BA"
133175;2018-05-10;"quinta-feira";"05:30:00";"RJ";465;2,2;"SEROPEDICA";"Desobediência às normas de trânsito pelo condutor";"Colisão transversal";"Com Vítimas Feridas";"Amanhecer";"Crescente";"Céu Claro";"Simples";"Reta";"Não";2;0;1;0;1;0;1;2;-22,727266;-43,718712;"SPRF-RJ";"DEL01-RJ";"UOP03-DEL01-RJ"
133177;2018-05-10;"quinta-feira";"06:20:00";"SC";101;196,5;"BIGUACU";"Falta de Atenção à Condução";"Atropelamento de Pedestre";"Com Vítimas Feridas";"Pleno dia";"Crescente";"Céu Claro";"Dupla";"Reta";"Sim";2;0;0;1;1;0;1;2;-27,5185;-48,6383;"SPRF-SC";"DEL01-SC";"UOP01-DEL01-SC"
133178;2018-05-09;"quarta-feira";"23:45:00";"MG";381;576,8;"ITAGUARA";"Ultrapassagem Indevida";"Tombamento";"Sem Vítimas";"Plena Noite";"Decrescente";"Céu Claro";"Dupla";"Reta";"Sim";2;0;0;0;1;1;0;2;-20,4635;-44,5754;"SPRF-MG";"DEL04-MG";"UOP03-DEL04-MG"
133182;2018-05-09;"quarta-feira";"18:45:00";"AM";174;905;"MANAUS";"Desobediência às normas de trânsito pelo condutor";"Colisão frontal";"Com Vítimas Fatais";"Anoitecer";"Decrescente";"Nublado";"Simples";"Declive";"Sim";6;1;1;2;1;1;3;3;-2,7933683;-60,03680706;"SPRF-AM";"DEL01-AM";"UOP01-DEL01-AM"
133187;2018-04-20;"sexta-feira";"16:00:00";"RS";386;423,5;"MONTENEGRO";"Defeito Mecânico no Veículo";"Danos eventuais";"Sem Vítimas";"Pleno dia";"Decrescente";"Sol";"Simples";"Reta";"Sim";2;0;0;0;1;3;0;4;-29,81765462;-51,38777733;"SPRF-RS";"DEL04-RS";"UOP02-DEL04-RS"
133199;2018-03-31;"sábado";"23:30:00";"MG";381;388;"BARAO DE COCAIS";"Falta de Atenção à Condução";"Tombamento";"Com Vítimas Feridas";"Plena Noite";"Crescente";"Céu Claro";"Simples";"Curva";"Não";3;0;1;0;1;1;1;2;-19,79642536;-43,42414856;"SPRF-MG";"DEL01-MG";"UOP01-DEL01-MG"
133200;2018-05-10;"quinta-feira";"08:10:00";"PI";343;6,4;"PARNAIBA";"Falta de Atenção à Condução";"Colisão lateral";"Com Vítimas Feridas";"Pleno dia";"Decrescente";"Nublado";"Simples";"Reta";"Sim";3;0;0;1;1;1;1;3;-2,8973097;-41,70982003;"SPRF-PI";"DEL05-PI";"UOP01-DEL05-PI"
133201;2018-04-17;"terça-feira";"19:35:00";"RS";153;43;"ERECHIM";"Ultrapassagem Indevida";"Tombamento";"Com Vítimas Feridas";"Plena Noite";"Crescente";"Céu Claro";"Simples";"Declive;Curva";"Não";2;0;0;1;1;0;1;2;-27,6092508;-52,2399033;"SPRF-RS";"DEL08-RS";"UOP04-DEL08-RS"
133205;2018-04-20;"sexta-feira";"17:50:00";"RS";392;79;"PELOTAS";"Falta de Atenção à Condução";"Colisão frontal";"Com Vítimas Feridas";"Anoitecer";"Crescente";"Chuva";"Simples";"Reta";"Não";5;0;1;2;1;1;3;4;-31,681973;-52,446751;"SPRF-RS";"DEL07-RS";"UOP01-DEL07-RS"
133207;2018-05-10;"quinta-feira";"00:00:00";"PR";116;24;"ANTONINA";"Velocidade Incompatível";"Colisão traseira";"Sem Vítimas";"Plena Noite";"Crescente";"Nevoeiro/Neblina";"Dupla";"Aclive";"Não";2;0;0;0;2;0;0;2;-25,108854;-48,765644;"SPRF-PR";"DEL01-PR";"UOP02-DEL01-PR"
133214;2018-05-10;"quinta-feira";"09:10:00";"MG";116;727,7;"LARANJAL";"Falta de Atenção à Condução";"Colisão com objeto estático";"Com Vítimas Fatais";"Pleno dia";"Decrescente";"Sol";"Simples";"Reta;Declive;Ponte";"Não";2;1;0;0;0;1;0;2;-21,28844466;-42,41696835;"SPRF-MG";"DEL07-MG";"UOP02-DEL07-MG"
133225;2018-05-10;"quinta-feira";"10:00:00";"MG";381;597,9;"CARMOPOLIS DE MINAS";"Não guardar distância de segurança";"Colisão traseira";"Com Vítimas Feridas";"Pleno dia";"Decrescente";"Céu Claro";"Dupla";"Reta;Aclive";"Não";3;0;1;0;1;1;1;3;-20,5937;-44,704;"SPRF-MG";"DEL04-MG";"UOP01-DEL04-MG"
133226;2018-05-10;"quinta-feira";"09:00:00";"MG";40;272,3;"SAO GONCALO DO ABAETE";"Não guardar distância de segurança";"Colisão transversal";"Com Vítimas Feridas";"Pleno dia";"Crescente";"Céu Claro";"Simples";"Reta";"Não";4;0;1;0;2;1;1;3;-18,184822;-45,26078;"SPRF-MG";"DEL14-MG";"UOP02-DEL14-MG"
133231;2018-05-10;"quinta-feira";"09:30:00";"BA";367;80,7;"EUNAPOLIS";"Avarias e/ou desgaste excessivo no pneu";"Tombamento";"Com Vítimas Feridas";"Pleno dia";"Decrescente";"Chuva";"Simples";"Curva";"Não";4;0;1;0;2;1;1;3;-16,369566;-39,544456;"SPRF-BA";"DEL09-BA";"UOP01-DEL09-BA"
133247;2018-05-10;"quinta-feira";"13:35:00";"SP";116;545,2;"BARRA DO TURVO";"Velocidade Incompatível";"Tombamento";"Com Vítimas Feridas";"Pleno dia";"Decrescente";"Céu Claro";"Dupla";"Curva";"Não";1;0;1;0;0;0;1;1;-24,756866;-48,50514;"SPRF-SP";"DEL05-SP";"UOP02-DEL05-SP"
133248;2018-05-10;"quinta-feira";"11:30:00";"ES";101;370;"ANCHIETA";"Falta de Atenção à Condução";"Colisão transversal";"Com Vítimas Feridas";"Pleno dia";"Crescente";"Nublado";"Simples";"Interseção de Vias";"Não";3;0;1;0;1;3;1;5;-20,77094119;-40,76341867;"SPRF-ES";"DEL03-ES";"UOP01-DEL03-ES"
133252;2018-05-10;"quinta-feira";"13:00:00";"RJ";354;2;"RESENDE";"Sinalização da via insuficiente ou inadequada";"Colisão lateral";"Sem Vítimas";"Pleno dia";"Decrescente";"Sol";"Simples";"Curva";"Não";4;0;0;0;3;1;0;3;-22,3876;-44,750172;"SPRF-RJ";"DEL07-RJ";"DEL5/7-UOP03/RJ"
133256;2018-05-10;"quinta-feira";"14:06:00";"SP";116;57,1;"GUARATINGUETA";"Falta de Atenção à Condução";"Colisão traseira";"Com Vítimas Feridas";"Pleno dia";"Decrescente";"Sol";"Dupla";"Reta";"Sim";4;0;2;0;1;1;2;3;-22,77458;-45,138115;"SPRF-SP";"DEL08-SP";"UOP01-DEL08-SP"
133260;2018-02-22;"quinta-feira";"13:30:00";"PE";232;33,5;"MORENO";"Falta de Atenção à Condução";"Colisão com objeto estático";"Sem Vítimas";"Pleno dia";"Crescente";"Céu Claro";"Dupla";"Reta";"Não";2;0;0;0;1;1;0;2;-8,10564361;-35,17685473;"SPRF-PE";"DEL01-PE";"UOP02-DEL02PE"
133261;2018-05-02;"quarta-feira";"10:15:00";"RO";364;570,1;"ALTO PARAISO";"Falta de Atenção à Condução";"Saída de leito carroçável";"Com Vítimas Feridas";"Plena Noite";"Decrescente";"Céu Claro";"Simples";"Curva";"Não";2;0;0;1;0;1;1;2;-9,48009056;-63,10282946;"SPRF-RO";"DEL03-RO";"UOP04-DEL01-RO"
133262;2018-05-10;"quinta-feira";"14:00:00";"PR";376;664;"GUARATUBA";"Defeito Mecânico no Veículo";"Saída de leito carroçável";"Com Vítimas Feridas";"Pleno dia";"Crescente";"Céu Claro";"Múltipla";"Curva";"Não";1;0;1;0;0;0;1;1;-25,85551615;-48,95507813;"SPRF-PR";"DEL01-PR";"DEL7/1-UOP08/PR"
133268;2018-05-10;"quinta-feira";"14:40:00";"SC";282;503,7;"XANXERE";"Desobediência às normas de trânsito pelo condutor";"Colisão lateral";"Sem Vítimas";"Pleno dia";"Crescente";"Céu Claro";"Múltipla";"Interseção de Vias";"Sim";2;0;0;0;2;0;0;2;-26,88379911;-52,40143776;"SPRF-SC";"DEL07-SC";"UOP01-DEL07-SC"
133275;2018-05-10;"quinta-feira";"11:20:00";"MA";135;2,2;"SAO LUIS";"Falta de Atenção à Condução";"Tombamento";"Com Vítimas Feridas";"Pleno dia";"Decrescente";"Ignorado";"Dupla";"Declive";"Não";3;0;1;0;1;1;1;3;-2,6539653;-44,30477142;"SPRF-MA";"DEL01-MA";"UOP01-DEL01-MA"
133282;2018-04-18;"quarta-feira";"00:45:00";"RS";290;155,3;"ARROIO DOS RATOS";"Desobediência às normas de trânsito pelo pedestre";"Atropelamento de Pedestre";"Com Vítimas Feridas";"Plena Noite";"Crescente";"Nublado";"Simples";"Declive";"Não";4;0;0;1;2;1;1;2;-30,10585561;-51,76054001;"SPRF-RS";"DEL02-RS";"UOP01-DEL02-RS"
133283;2018-05-10;"quinta-feira";"16:00:00";"PA";316;63;"CASTANHAL";"Desobediência às normas de trânsito pelo condutor";"Colisão lateral";"Com Vítimas Feridas";"Pleno dia";"Crescente";"Céu Claro";"Dupla";"Reta";"Sim";2;0;0;1;1;0;1;2;-1,2958578;-47,9114145;"SPRF-PA";"DEL01-PA";"UOP01-DEL01-PA"
133289;2018-05-10;"quinta-feira";"14:20:00";"MS";60;598,8;"JARDIM";"Falta de Atenção à Condução";"Colisão traseira";"Sem Vítimas";"Pleno dia";"Crescente";"Céu Claro";"Simples";"Reta";"Não";2;0;0;0;2;0;0;2;-21,4444662;-56,0962138;"SPRF-MS";"DEL05-MS";"UOP01-DEL05-MS"
133298;2018-05-10;"quinta-feira";"17:50:00";"CE";222;143,1;"IRAUCUBA";"Falta de Atenção à Condução";"Colisão lateral";"Com Vítimas Fatais";"Anoitecer";"Crescente";"Céu Claro";"Simples";"Reta";"Não";4;1;0;0;1;2;0;4;-3,762094;-39,736046;"SPRF-CE";"DEL04-CE";"UOP03-DEL04-CE"
133299;2018-05-10;"quinta-feira";"17:50:00";"SC";470;193,5;"POUSO REDONDO";"Falta de Atenção à Condução";"Tombamento";"Com Vítimas Feridas";"Plena Noite";"Crescente";"Céu Claro";"Simples";"Curva";"Não";2;0;1;0;0;1;1;2;-27,2928645;-50,07871449;"SPRF-SC";"DEL04-SC";"UOP02-DEL04-SC"
133305;2018-05-10;"quinta-feira";"17:35:00";"TO";153;760;"ALVORADA";"Falta de Atenção à Condução";"Tombamento";"Sem Vítimas";"Pleno dia";"Decrescente";"Céu Claro";"Simples";"Curva";"Sim";2;0;0;0;1;2;0;3;-12,472284;-49,118473;"SPRF-TO";"DEL02-TO";"UOP02-DEL01-TO"
133310;2018-03-22;"quinta-feira";"15:30:00";"BA";324;582;"CANDEIAS";"Carga excessiva e/ou mal acondicionada";"Colisão com objeto em movimento";"Com Vítimas Feridas";"Pleno dia";"Decrescente";"Céu Claro";"Dupla";"Reta";"Não";3;0;0;1;1;1;1;3;-12,69393294;-38,46450806;"SPRF-BA";"DEL01-BA";"UOP01-DEL01-BA"
133313;2018-05-10;"quinta-feira";"18:30:00";"RS";116;247,5;"SAO LEOPOLDO";"Falta de Atenção à Condução";"Colisão transversal";"Com Vítimas Fatais";"Plena Noite";"Crescente";"Céu Claro";"Dupla";"Reta";"Sim";3;1;0;0;1;1;0;3;-29,77127839;-51,15391904;"SPRF-RS";"DEL01-RS";"UOP02-DEL01-RS"
133323;2018-03-01;"quinta-feira";"23:00:00";"PR";376;617,2;"SAO JOSE DOS PINHAIS";"Desobediência às normas de trânsito pelo condutor";"Colisão frontal";"Com Vítimas Feridas";"Plena Noite";"Decrescente";"Garoa/Chuvisco";"Dupla";"Reta";"Sim";3;0;1;1;1;0;2;3;-25,58827844;-49,17480469;"SPRF-PR";"DEL01-PR";"DEL7/1-UOP08/PR"
133326;2018-05-10;"quinta-feira";"14:00:00";"MG";381;435,1;"SABARA";"Falta de Atenção à Condução";"Colisão com objeto estático";"Sem Vítimas";"Pleno dia";"Decrescente";"Céu Claro";"Simples";"Curva";"Não";1;0;0;0;1;0;0;1;-19,79481019;-43,6782074;"SPRF-MG";"DEL01-MG";"UOP01-DEL01-MG"
133330;2018-05-10;"quinta-feira";"19:00:00";"MS";262;698,3;"CORUMBA";"Defeito Mecânico no Veículo";"Saída de leito carroçável";"Com Vítimas Feridas";"Plena Noite";"Crescente";"Céu Claro";"Simples";"Reta";"Não";2;0;1;0;1;0;1;2;-19,57046563;-57,18143463;"SPRF-MS";"DEL03-MS";"UOP03-DEL03-MS"
133332;2018-05-10;"quinta-feira";"20:07:00";"MG";40;611,4;"CONGONHAS";"Falta de Atenção do Pedestre";"Atropelamento de Pedestre";"Com Vítimas Feridas";"Plena Noite";"Crescente";"Céu Claro";"Simples";"Curva;Declive";"Sim";2;0;0;1;1;0;1;2;-20,516758;-43,838062;"SPRF-MG";"DEL05-MG";"UOP02-DEL05-MG"
133333;2018-05-10;"quinta-feira";"20:05:00";"SC";101;198,1;"BIGUACU";"Falta de Atenção à Condução";"Colisão lateral";"Com Vítimas Feridas";"Plena Noite";"Decrescente";"Nublado";"Dupla";"Reta";"Sim";4;0;2;0;1;1;2;3;-27,5341;-48,6298;"SPRF-SC";"DEL01-SC";"UOP01-DEL01-SC"
133337;2018-05-10;"quinta-feira";"20:00:00";"SP";153;72,6;"SAO JOSE DO RIO PRETO";"Falta de Atenção à Condução";"Colisão traseira";"Sem Vítimas";"Plena Noite";"Crescente";"Céu Claro";"Simples";"Aclive";"Sim";4;0;0;0;2;2;0;3;-20,87666646;-49,42038774;"SPRF-SP";"DEL09-SP";"UOP01-DEL09-SP"
133341;2018-05-06;"domingo";"03:40:00";"PR";376;494,5;"PONTA GROSSA";"Falta de Atenção à Condução";"Colisão traseira";"Sem Vítimas";"Plena Noite";"Crescente";"Céu Claro";"Dupla";"Reta";"Sim";3;0;0;0;1;2;0;3;-25,13298362;-50,16805083;"SPRF-PR";"DEL03-PR";"UOP04-DEL03-PR"
133342;2018-05-10;"quinta-feira";"21:10:00";"MG";381;575,3;"ITAGUARA";"Defeito Mecânico no Veículo";"Incêndio";"Sem Vítimas";"Plena Noite";"Crescente";"Céu Claro";"Dupla";"Reta";"Não";2;0;0;0;1;11;0;12;-20,4563;-44,5696;"SPRF-MG";"DEL04-MG";"UOP03-DEL04-MG"
133349;2018-05-10;"quinta-feira";"22:40:00";"ES";259;55;"LINHARES";"Defeito Mecânico no Veículo";"Capotamento";"Com Vítimas Feridas";"Plena Noite";"Decrescente";"Céu Claro";"Simples";"Curva";"Sim";1;0;1;0;0;0;1;1;-19;-40;"SPRF-ES";"DEL02-ES";"UOP01-DEL02-ES"
133353;2018-05-10;"quinta-feira";"20:30:00";"SC";116;74;"MONTE CASTELO";"Defeito Mecânico no Veículo";"Incêndio";"Sem Vítimas";"Plena Noite";"Decrescente";"Céu Claro";"Simples";"Reta";"Não";1;0;0;0;1;0;0;1;-26,50068742;-50,23361206;"SPRF-SC";"DEL06-SC";"UOP02-DEL06-SC"
133356;2018-05-10;"quinta-feira";"23:40:00";"RJ";493;25;"MAGE";"Falta de Atenção à Condução";"Colisão traseira";"Com Vítimas Feridas";"Plena Noite";"Crescente";"Céu Claro";"Simples";"Reta";"Não";6;0;1;0;4;1;1;3;-22,657885;-43,079643;"SPRF-RJ";"DEL04-RJ";"UOP02-DEL04-RJ"
133360;2018-05-11;"sexta-feira";"01:40:00";"CE";116;284,4;"JAGUARIBE";"Defeito Mecânico no Veículo";"Incêndio";"Sem Vítimas";"Plena Noite";"Crescente";"Céu Claro";"Simples";"Reta";"Não";2;0;0;0;1;2;0;3;-5,739789;-38,514736;"SPRF-CE";"DEL05-CE";"UOP02-DEL05-CE"
133364;2018-05-11;"sexta-feira";"04:00:00";"MG";381;343;"BELA VISTA DE MINAS";"Falta de Atenção à Condução";"Tombamento";"Com Vítimas Feridas";"Plena Noite";"Decrescente";"Nevoeiro/Neblina";"Simples";"Curva";"Não";1;0;0;1;0;0;1;1;-19,82412304;-43,08273017;"SPRF-MG";"DEL03-MG";"UOP01-DEL03-MG"
133365;2018-05-11;"sexta-feira";"04:55:00";"PR";376;202;"MANDAGUARI";"Falta de Atenção à Condução";"Saída de leito carroçável";"Sem Vítimas";"Amanhecer";"Decrescente";"Céu Claro";"Dupla";"Reta";"Não";2;0;0;0;1;1;0;2;-23,509514;-51,721405;"SPRF-PR";"DEL07-PR";"UOP01-DEL09-PR"
133366;2018-05-11;"sexta-feira";"05:40:00";"SC";470;116,1;"IBIRAMA";"Falta de Atenção à Condução";"Tombamento";"Com Vítimas Feridas";"Plena Noite";"Decrescente";"Céu Claro";"Simples";"Reta";"Não";2;0;2;0;0;0;2;1;-27,08268454;-49,48272765;"SPRF-SC";"DEL04-SC";"UOP02-DEL04-SC"
133367;2018-05-11;"sexta-feira";"06:10:00";"CE";20;428;"FORTALEZA";"Desobediência às normas de trânsito pelo condutor";"Colisão transversal";"Com Vítimas Feridas";"Pleno dia";"Crescente";"Nublado";"Múltipla";"Em Obras;Declive;Curva";"Sim";2;0;1;0;1;0;1;2;-3,86815102;-38,51025045;"SPRF-CE";"DEL01-CE";"UOP02-DEL01-CE"
133368;2018-05-11;"sexta-feira";"06:15:00";"MG";381;931,4;"EXTREMA";"Velocidade Incompatível";"Tombamento";"Sem Vítimas";"Amanhecer";"Crescente";"Sol";"Dupla";"Curva";"Não";3;0;0;0;1;2;0;3;-22,7926;-46,2459;"SPRF-MG";"DEL16-MG";"UOP03-DEL16-MG"
133370;2018-05-10;"quinta-feira";"17:00:00";"MT";174;570,1;"COMODORO";"Falta de Atenção à Condução";"Colisão lateral";"Com Vítimas Fatais";"Anoitecer";"Crescente";"Céu Claro";"Simples";"Reta";"Não";3;1;0;0;1;4;0;6;-13,015439;-59,932053;"SPRF-RO";"DEL04-RO";"UOP01-DEL04-RO"
133371;2018-05-11;"sexta-feira";"05:36:00";"RO";435;42;"VILHENA";"Falta de Atenção à Condução";"Colisão frontal";"Com Vítimas Fatais";"Amanhecer";"Decrescente";"Céu Claro";"Simples";"Reta";"Não";6;2;0;0;3;1;0;5;-12,903851;-60,374413;"SPRF-RO";"DEL04-RO";"UOP02-DEL04-RO"
133373;2018-05-11;"sexta-feira";"07:11:00";"RJ";116;172,3;"MESQUITA";"Falta de Atenção à Condução";"Colisão traseira";"Com Vítimas Fatais";"Pleno dia";"Decrescente";"Sol";"Múltipla";"Reta";"Sim";4;1;1;0;2;0;1;3;-22,77428218;-43,40251923;"SPRF-RJ";"DEL01-RJ";"UOP02-DEL01-RJ"
133384;2018-05-11;"sexta-feira";"08:00:00";"PR";163;148;"SANTA LUCIA";"Pista Escorregadia";"Saída de leito carroçável";"Com Vítimas Feridas";"Pleno dia";"Decrescente";"Chuva";"Simples";"Curva";"Não";2;0;1;0;0;2;1;3;-25,4376;-53,5767;"SPRF-PR";"DEL04-PR";"UOP05-DEL05-PR"
133387;2018-05-11;"sexta-feira";"08:00:00";"RJ";40;116,9;"DUQUE DE CAXIAS";"Falta de Atenção à Condução";"Colisão lateral";"Com Vítimas Feridas";"Pleno dia";"Decrescente";"Céu Claro";"Simples";"Reta";"Não";5;0;5;0;0;0;5;3;-22,7438786;-43,28828345;"SPRF-RJ";"DEL01-RJ";"UOP01-DEL01-RJ"
133392;2018-05-11;"sexta-feira";"07:00:00";"MG";262;432,8;"NOVA SERRANA";"Falta de Atenção à Condução";"Colisão traseira";"Com Vítimas Feridas";"Pleno dia";"Decrescente";"Céu Claro";"Dupla";"Aclive;Reta";"Não";4;0;0;1;1;2;1;4;-19,8891;-44,8905;"SPRF-MG";"DEL08-MG";"UOP03-DEL08-MG"
133398;2018-05-11;"sexta-feira";"06:20:00";"PR";158;525,4;"PATO BRANCO";"Condutor Dormindo";"Capotamento";"Com Vítimas Feridas";"Amanhecer";"Crescente";"Nublado";"Simples";"Declive;Curva";"Não";1;0;1;0;0;0;1;1;-26,24758198;-52,7050209;"SPRF-PR";"DEL02-PR";"UOP01-DEL02-PR"
133410;2018-05-11;"sexta-feira";"09:50:00";"PR";376;307;"MAUA DA SERRA";"Desobediência às normas de trânsito pelo condutor";"Tombamento";"Com Vítimas Feridas";"Pleno dia";"Crescente";"Sol";"Dupla";"Curva";"Não";2;0;1;0;0;1;1;2;-23,93554499;-51,13823349;"SPRF-PR";"DEL07-PR";"UOP02-DEL07-PR"
133428;2018-05-11;"sexta-feira";"09:40:00";"RJ";116;315;"ITATIAIA";"Falta de Atenção à Condução";"Colisão traseira";"Sem Vítimas";"Pleno dia";"Decrescente";"Sol";"Dupla";"Reta";"Não";3;0;0;0;2;1;0;3;-22,48044077;-44,53368187;"SPRF-RJ";"DEL07-RJ";"DEL5/7-UOP03/RJ"
133429;2018-05-11;"sexta-feira";"10:50:00";"RO";364;236,8;"CACOAL";"Carga excessiva e/ou mal acondicionada";"Colisão com objeto estático";"Sem Vítimas";"Pleno dia";"Decrescente";"Céu Claro";"Simples";"Reta";"Sim";2;0;0;0;1;2;0;3;-11,44401123;-61,44492019;"SPRF-RO";"DEL02-RO";"UOP02-DEL02-RO"
133431;2018-05-11;"sexta-feira";"12:00:00";"GO";364;176;"JATAI";"Falta de Atenção à Condução";"Colisão traseira";"Com Vítimas Feridas";"Pleno dia";"Crescente";"Céu Claro";"Simples";"Reta";"Não";3;0;1;0;1;2;1;4;-17,988262;-51,582535;"SPRF-GO";"DEL05-GO";"UOP01-DEL05-GO"
133434;2018-05-11;"sexta-feira";"11:20:00";"MS";60;213,8;"CAMAPUA";"Ultrapassagem Indevida";"Saída de leito carroçável";"Com Vítimas Feridas";"Pleno dia";"Crescente";"Céu Claro";"Simples";"Aclive;Reta";"Não";8;0;1;0;6;1;1;4;-19,65002428;-54,0953064;"SPRF-MS";"DEL06-MS";"UOP02-DEL06-MS"
133438;2018-05-11;"sexta-feira";"09:40:00";"MG";40;80;"PARACATU";"Falta de Atenção à Condução";"Saída de leito carroçável";"Com Vítimas Feridas";"Pleno dia";"Crescente";"Sol";"Simples";"Reta";"Não";2;0;1;0;0;1;1;2;-17,461292;-46,660458;"SPRF-MG";"DEL14-MG";"UOP01-DEL14-MG"
133439;2018-05-11;"sexta-feira";"11:47:00";"MG";40;725,5;"BARBACENA";"Desobediência às normas de trânsito pelo condutor";"Colisão lateral";"Sem Vítimas";"Pleno dia";"Crescente";"Céu Claro";"Dupla";"Reta";"Não";3;0;0;0;2;1;0;3;-21,3205;-43,584;"SPRF-MG";"DEL05-MG";"UOP01-DEL05-MG"
133450;2018-05-11;"sexta-feira";"13:41:00";"SC";101;183;"BIGUACU";"Falta de Atenção à Condução";"Capotamento";"Sem Vítimas";"Pleno dia";"Crescente";"Nublado";"Dupla";"Reta";"Não";3;0;0;0;2;1;0;3;-27,40219572;-48,62783431;"SPRF-SC";"DEL01-SC";"UOP01-DEL01-SC"
133457;2018-05-11;"sexta-feira";"13:10:00";"MS";163;403,2;"NOVA ALVORADA DO SUL";"Pista Escorregadia";"Colisão lateral";"Com Vítimas Feridas";"Pleno dia";"Crescente";"Chuva";"Simples";"Curva";"Não";12;0;1;0;10;1;1;5;-21,1438;-54,4768;"SPRF-MS";"DEL02-MS";"UOP01-DEL02-MS"
133470;2018-05-11;"sexta-feira";"13:30:00";"MT";364;183,3;"PEDRA PRETA";"Falta de Atenção à Condução";"Colisão traseira";"Com Vítimas Feridas";"Pleno dia";"Decrescente";"Céu Claro";"Simples";"Reta";"Não";6;0;2;0;4;0;2;3;-16,588358;-54,5158;"SPRF-MT";"DEL02-MT";"UOP01-DEL02-MT"
133471;2018-05-11;"sexta-feira";"12:30:00";"SC";101;356;"SANGAO";"Falta de Atenção à Condução";"Saída de leito carroçável";"Com Vítimas Feridas";"Pleno dia";"Decrescente";"Nublado";"Dupla";"Reta";"Não";1;0;1;0;0;0;1;1;-28,6268744;-49,08272535;"SPRF-SC";"DEL02-SC";"UOP01-DEL02-SC"
133472;2018-05-11;"sexta-feira";"12:40:00";"AC";317;20;"PORTO ACRE";"Não guardar distância de segurança";"Colisão transversal";"Com Vítimas Feridas";"Pleno dia";"Crescente";"Céu Claro";"Simples";"Interseção de Vias";"Sim";2;0;1;0;1;0;1;2;-9,755836;-67,35482;"SPRF-AC";"DEL01-AC";"UOP01-DEL01-AC"
133475;2018-05-11;"sexta-feira";"15:05:00";"PE";101;77;"RECIFE";"Falta de Atenção à Condução";"Colisão transversal";"Com Vítimas Feridas";"Pleno dia";"Decrescente";"Céu Claro";"Simples";"Reta";"Sim";2;0;1;0;1;0;1;2;-8,112359;-34,945558;"SPRF-PE";"DEL01-PE";"UOP01-DEL01-PE"
133478;2018-05-11;"sexta-feira";"12:45:00";"SC";101;158;"PORTO BELO";"Falta de Atenção à Condução";"Colisão transversal";"Sem Vítimas";"Pleno dia";"Decrescente";"Céu Claro";"Dupla";"Reta";"Não";3;0;0;0;3;0;0;3;-27,18331035;-48,61271667;"SPRF-SC";"DEL04-SC";"UOP03-DEL04-SC"