"id";"data_inversa";"dia_semana";"horario";"uf";"br";"km";"municipio";"causa_acidente";"tipo_acidente";"classificacao_acidente";"fase_dia";"sentido_via";"condicao_metereologica";"tipo_pista";"tracado_via";"uso_solo";"pessoas";"mortos";"feridos_leves";"feridos_graves";"ilesos";"ignorados";"feridos";"veiculos";"latitude";"longitude";"regional";"delegacia";"uop"
134002;2018-05-13;"domingo";"13:38:00";"MT";70;510,2;"CUIABA";"Ingestão de Álcool";"Colisão lateral";"Sem Vítimas";"Pleno dia";"Decrescente";"Céu Claro";"Dupla";"Rotatória";"Sim";2;0;0;0;1;1;0;2;-15,660376;-56,005229;"SPRF-MT";"DEL02-MT";"UOP02-DEL01-MT"
134028;2018-05-13;"domingo";"15:20:00";"RJ";101;312;"SAO GONCALO";"Falta de Atenção à Condução";"Colisão lateral";"Sem Vítimas";"Pleno dia";"Decrescente";"Céu Claro";"Dupla";"Reta";"Sim";3;0;0;0;3;0;0;3;-22,805479;-43,061592;"SPRF-RJ";"DEL02-RJ";"DEL5/2-UOP04/RJ"
134033;2018-04-11;"quarta-feira";"15:30:00";"MG";116;714;"MURIAE";"Mal Súbito";"Queda de ocupante de veículo";"Com Vítimas Feridas";"Pleno dia";"Crescente";"Céu Claro";"Simples";"Em Obras";"Não";3;0;1;0;0;2;1;2;-21,19211496;-42,36997873;"SPRF-MG";"DEL07-MG";"UOP02-DEL07-MG"
134053;2018-05-13;"domingo";"07:10:00";"MS";267;177;"NOVA ALVORADA DO SUL";"Condutor Dormindo";"Saída de leito carroçável";"Com Vítimas Feridas";"Pleno dia";"Decrescente";"Céu Claro";"Simples";"Declive;Reta";"Não";1;0;1;0;0;0;1;1;-21,611617;-53,74747;"SPRF-MS";"DEL02-MS";"DEL3/7-UOP02/MS"
134074;2018-05-13;"domingo";"18:00:00";"PE";101;188,9;"PALMARES";"Desobediência às normas de trânsito pelo condutor";"Colisão traseira";"Com Vítimas Feridas";"Anoitecer";"Decrescente";"Céu Claro";"Dupla";"Declive";"Não";10;0;7;1;1;1;8;3;-8,693369;-35,608992;"SPRF-PE";"DEL01-PE";"UOP03-DEL01-PE"
134107;2018-05-13;"domingo";"19:00:00";"GO";40;29;"LUZIANIA";"Defeito Mecânico no Veículo";"Colisão com objeto estático";"Com Vítimas Feridas";"Plena Noite";"Decrescente";"Céu Claro";"Dupla";"Reta";"Sim";2;0;1;0;0;1;1;2;-16,273718;-47,871456;"SPRF-DF";"DEL01-DF";"UOP01-DEL01-DF"
134110;2018-05-13;"domingo";"19:30:00";"PA";230;115;"MARABA";"Ingestão de Álcool";"Capotamento";"Com Vítimas Feridas";"Anoitecer";"Crescente";"Céu Claro";"Dupla";"Reta;Declive";"Sim";5;0;1;2;1;1;3;2;-5,35446137;-49,09260035;"SPRF-PA";"DEL03-PA";"UOP01-DEL03-PA"
134121;2018-05-13;"domingo";"20:05:00";"PR";277;3;"PARANAGUA";"Falta de Atenção à Condução";"Colisão lateral";"Com Vítimas Feridas";"Plena Noite";"Crescente";"Céu Claro";"Simples";"Reta";"Sim";2;0;0;1;0;1;1;2;-25,53841441;-48,55802536;"SPRF-PR";"DEL01-PR";"UOP05-DEL01-PR"
134130;2018-05-13;"domingo";"19:00:00";"TO";226;11;"PALMEIRAS DO TOCANTINS";"Ingestão de Álcool";"Colisão transversal";"Sem Vítimas";"Plena Noite";"Crescente";"Céu Claro";"Simples";"Rotatória";"Sim";3;0;0;0;2;1;0;3;-6,6144776;-47,54573822;"SPRF-TO";"DEL02-TO";"UOP03-DEL02-TO"
134133;2018-05-13;"domingo";"20:15:00";"RJ";40;2,5;"COMENDADOR LEVY GASPARIAN";"Condutor Dormindo";"Saída de leito carroçável";"Com Vítimas Feridas";"Plena Noite";"Decrescente";"Céu Claro";"Dupla";"Curva";"Não";5;0;5;0;0;0;5;2;-22,00791014;-43,24754924;"SPRF-RJ";"DEL06-RJ";"UOP02-DEL05-RJ"
134148;2018-05-13;"domingo";"18:20:00";"MG";262;561;"CORREGO DANTA";"Falta de Atenção à Condução";"Tombamento";"Com Vítimas Feridas";"Anoitecer";"Decrescente";"Nublado";"Simples";"Curva";"Não";2;0;1;0;1;0;1;1;-19,74473169;-45,96064389;"SPRF-MG";"DEL08-MG";"UOP02-DEL08-MG"
134149;2018-05-13;"domingo";"19:55:00";"PE";232;413,1;"SERRA TALHADA";"Animais na Pista";"Colisão traseira";"Com Vítimas Feridas";"Plena Noite";"Decrescente";"Céu Claro";"Simples";"Reta";"Sim";2;0;0;1;1;0;1;2;-7,984974;-38,32305;"SPRF-PE";"DEL04-PE";"UOP01-DEL04-PE"
134172;2018-05-13;"domingo";"23:10:00";"TO";153;675,4;"GURUPI";"Ingestão de Álcool";"Colisão frontal";"Sem Vítimas";"Plena Noite";"Crescente";"Céu Claro";"Simples";"Reta";"Não";2;0;0;0;1;1;0;2;-11,75621715;-49,09313142;"SPRF-TO";"DEL02-TO";"UOP02-DEL01-TO"
134175;2018-05-13;"domingo";"21:12:00";"SC";116;222,8;"CORREIA PINTO";"Falta de Atenção à Condução";"Colisão frontal";"Com Vítimas Fatais";"Plena Noite";"Crescente";"Céu Claro";"Simples";"Reta";"Não";3;1;0;0;1;1;0;3;-27,60935965;-50,351758;"SPRF-SC";"DEL05-SC";"UOP03-DEL05-SC"
134181;2018-05-13;"domingo";"23:00:00";"MG";262;609,5;"IBIA";"Falta de Atenção à Condução";"Engavetamento";"Com Vítimas Feridas";"Plena Noite";"Decrescente";"Nublado";"Simples";"Curva";"Não";6;0;4;0;2;0;4;3;-19,59634268;-46,29878998;"SPRF-MG";"DEL08-MG";"UOP02-DEL08-MG"
134183;2018-05-14;"segunda-feira";"01:00:00";"BA";116;455;"SANTO ESTEVAO";"Agressão Externa";"Colisão com objeto estático";"Com Vítimas Fatais";"Plena Noite";"Decrescente";"Nublado";"Dupla";"Declive";"Não";2;1;0;0;0;1;0;2;-12,4106759;-39,18250322;"SPRF-BA";"DEL02-BA";"UOP01-DEL02-BA"
134193;2018-05-14;"segunda-feira";"01:40:00";"RJ";116;172,7;"BELFORD ROXO";"Falta de Atenção à Condução";"Colisão traseira";"Com Vítimas Feridas";"Plena Noite";"Crescente";"Nublado";"Múltipla";"Reta";"Sim";5;0;1;0;1;3;1;3;-22,77558797;-43,39975387;"SPRF-RJ";"DEL01-RJ";"UOP02-DEL01-RJ"
134194;2018-05-14;"segunda-feira";"03:30:00";"AL";316;270,5;"SATUBA";"Velocidade Incompatível";"Colisão com objeto estático";"Sem Vítimas";"Plena Noite";"Decrescente";"Garoa/Chuvisco";"Simples";"Curva";"Sim";2;0;0;0;1;1;0;2;-9,567017;-35,807751;"SPRF-AL";"DEL02-AL";"UOP01-DEL02-AL"
134198;2018-05-14;"segunda-feira";"03:45:00";"MG";381;349;"JOAO MONLEVADE";"Velocidade Incompatível";"Tombamento";"Com Vítimas Feridas";"Plena Noite";"Crescente";"Céu Claro";"Simples";"Declive;Curva";"Não";3;0;1;1;0;1;2;2;-19,85944469;-43,10706854;"SPRF-MG";"DEL03-MG";"UOP01-DEL03-MG"
134201;2018-05-14;"segunda-feira";"04:00:00";"GO";20;18;"FORMOSA";"Falta de Atenção à Condução";"Colisão lateral";"Com Vítimas Feridas";"Plena Noite";"Crescente";"Céu Claro";"Simples";"Reta";"Não";16;0;2;0;13;1;2;2;-15,556626;-47,195999;"SPRF-DF";"DEL02-DF";"UOP01-DEL02-DF"
134202;2018-05-14;"segunda-feira";"05:00:00";"CE";116;24,2;"ITAITINGA";"Velocidade Incompatível";"Colisão traseira";"Com Vítimas Feridas";"Pleno dia";"Decrescente";"Nublado";"Dupla";"Curva";"Sim";3;0;1;0;1;1;1;2;-3,9708;-38,5147;"SPRF-CE";"DEL01-CE";"UOP02-DEL01-CE"
134211;2018-05-13;"domingo";"21:00:00";"MA";316;315,8;"OLHO DAGUA DAS CUNHAS";"Restrição de Visibilidade";"Derramamento de carga";"Sem Vítimas";"Plena Noite";"Crescente";"Nublado";"Simples";"Reta";"Não";2;0;0;0;1;1;0;2;-4,029052;-45,105927;"SPRF-MA";"DEL02-MA";"DEL18/2-UOP03/MA"
134218;2018-05-13;"domingo";"22:50:00";"PR";476;339;"PAULA FREITAS";"Falta de Atenção à Condução";"Colisão frontal";"Com Vítimas Feridas";"Plena Noite";"Decrescente";"Nublado";"Simples";"Reta";"Não";2;0;1;0;1;0;1;2;-26,157049;-50,883564;"SPRF-PR";"DEL02-PR";"UOP03-DEL02-PR"
134226;2018-05-14;"segunda-feira";"05:30:00";"PA";316;114,2;"SANTA MARIA DO PARA";"Desobediência às normas de trânsito pelo condutor";"Colisão frontal";"Com Vítimas Fatais";"Plena Noite";"Crescente";"Nevoeiro/Neblina";"Simples";"Declive;Curva";"Não";8;1;2;0;4;1;2;4;-1,31654835;-47,48377919;"SPRF-PA";"DEL01-PA";"UOP02-DEL01-PA"
134228;2018-05-14;"segunda-feira";"07:20:00";"ES";101;212,7;"IBIRACU";"Não guardar distância de segurança";"Colisão traseira";"Com Vítimas Feridas";"Pleno dia";"Crescente";"Nublado";"Simples";"Reta";"Sim";3;0;1;1;1;0;2;2;-19,82267468;-40,3700915;"SPRF-ES";"DEL02-ES";"UOP01-DEL02-ES"
134232;2018-05-14;"segunda-feira";"07:20:00";"SE";101;149;"ESTANCIA";"Falta de Atenção à Condução";"Colisão traseira";"Sem Vítimas";"Pleno dia";"Crescente";"Sol";"Simples";"Declive";"Sim";4;0;0;0;3;2;0;5;-11,2414;-37,4316;"SPRF-SE";"DEL02-SE";"UOP01-DEL02-SE"
134242;2018-05-14;"segunda-feira";"06:00:00";"PR";376;173;"MARINGA";"Defeito Mecânico no Veículo";"Saída de leito carroçável";"Com Vítimas Feridas";"Pleno dia";"Decrescente";"Céu Claro";"Dupla";"Declive";"Sim";2;0;1;0;0;1;1;2;-23,4191;-51,968166;"SPRF-PR";"DEL07-PR";"UOP01-DEL09-PR"
134247;2018-05-14;"segunda-feira";"09:05:00";"BA";20;143;"SAO DESIDERIO";"Ingestão de Álcool";"Tombamento";"Com Vítimas Feridas";"Pleno dia";"Crescente";"Céu Claro";"Simples";"Curva";"Não";2;0;1;0;0;2;1;3;-12,685396;-45,930135;"SPRF-BA";"DEL10-BA";"UOP01-DEL10-BA"
134249;2018-05-14;"segunda-feira";"05:50:00";"AM";174;965;"MANAUS";"Condutor Dormindo";"Colisão traseira";"Sem Vítimas";"Amanhecer";"Crescente";"Chuva";"Simples";"Reta";"Não";5;0;0;0;4;2;0;5;-2,2625953;-60,03890991;"SPRF-AM";"DEL01-AM";"UOP02-DEL01-AM"
134259;2018-05-14;"segunda-feira";"08:05:00";"RO";364;223,7;"PIMENTA BUENO";"Não guardar distância de segurança";"Engavetamento";"Com Vítimas Feridas";"Pleno dia";"Crescente";"Céu Claro";"Simples";"Reta";"Não";7;0;0;2;4;6;2;10;-11,520192;-61,346535;"SPRF-RO";"DEL02-RO";"UOP02-DEL02-RO"
134260;2018-05-14;"segunda-feira";"08:15:00";"BA";116;807,5;"VITORIA DA CONQUISTA";"Desobediência às normas de trânsito pelo pedestre";"Atropelamento de Pedestre";"Com Vítimas Feridas";"Pleno dia";"Decrescente";"Céu Claro";"Simples";"Reta";"Não";3;0;0;1;1;1;1;3;-14,77911509;-40,73275566;"SPRF-BA";"DEL08-BA";"UOP01-DEL08-BA"
134262;2018-05-14;"segunda-feira";"10:15:00";"MG";381;686,7;"LAVRAS";"Pista Escorregadia";"Tombamento";"Com Vítimas Feridas";"Pleno dia";"Decrescente";"Sol";"Dupla";"Curva";"Não";2;0;1;0;0;1;1;2;-21,179;-45,1221;"SPRF-MG";"DEL04-MG";"UOP02-DEL04-MG"
134266;2018-05-14;"segunda-feira";"10:00:00";"GO";153;494,3;"GOIANIA";"Não guardar distância de segurança";"Colisão traseira";"Sem Vítimas";"Pleno dia";"Crescente";"Céu Claro";"Dupla";"Reta";"Sim";3;0;0;0;1;2;0;3;-16,6614;-49,2218;"SPRF-GO";"DEL01-GO";"UOP01-DEL01-GO"
134268;2018-02-26;"segunda-feira";"17:30:00";"SP";381;61;"MAIRIPORA";"Falta de Atenção à Condução";"Colisão traseira";"Sem Vítimas";"Anoitecer";"Decrescente";"Nublado";"Múltipla";"Curva";"Sim";3;0;0;0;3;0;0;3;-23,2888735;-46,58198049;"SPRF-SP";"DEL03-SP";"UOP01-DEL03-SP"
134271;2018-05-12;"sábado";"19:45:00";"MG";153;117,2;"PRATA";"Desobediência às normas de trânsito pelo condutor";"Colisão lateral";"Com Vítimas Feridas";"Pleno dia";"Decrescente";"Céu Claro";"Simples";"Reta";"Não";5;0;2;0;2;2;2;5;-19,36216637;-48,90001774;"SPRF-MG";"DEL15-MG";"UOP03-DEL15-MG"
134275;2018-04-25;"quarta-feira";"11:02:00";"MT";364;401;"CUIABA";"Desobediência às normas de trânsito pelo condutor";"Colisão transversal";"Com Vítimas Feridas";"Pleno dia";"Crescente";"Céu Claro";"Dupla";"Retorno Regulamentado";"Sim";2;0;1;0;1;0;1;2;-15,67207;-55,946564;"SPRF-MT";"DEL02-MT";"UOP02-DEL01-MT"
134276;2018-05-14;"segunda-feira";"06:30:00";"MT";70;91,5;"GENERAL CARNEIRO";"Velocidade Incompatível";"Tombamento";"Com Vítimas Feridas";"Amanhecer";"Decrescente";"Céu Claro";"Simples";"Curva";"Não";2;0;1;0;0;3;1;4;-15,57608079;-52,87565231;"SPRF-MT";"DEL07-MT";"UOP01-DEL07-MT"
134277;2018-05-14;"segunda-feira";"10:00:00";"BA";242;404;"SEABRA";"Defeito Mecânico no Veículo";"Tombamento";"Com Vítimas Feridas";"Pleno dia";"Decrescente";"Céu Claro";"Dupla";"Reta";"Não";2;0;1;0;0;1;1;2;-12,483265;-41,721115;"SPRF-BA";"DEL10-BA";"UOP03-DEL06-BA"
134279;2018-05-14;"segunda-feira";"12:40:00";"SE";235;51,6;"ITABAIANA";"Desobediência às normas de trânsito pelo condutor";"Colisão transversal";"Com Vítimas Feridas";"Pleno dia";"Crescente";"Céu Claro";"Múltipla";"Reta";"Sim";2;0;1;0;1;0;1;2;-10,6965597;-37,43546247;"SPRF-SE";"DEL01-SE";"UOP02-DEL01-SE"
134280;2018-05-14;"segunda-feira";"11:15:00";"PI";343;347,4;"TERESINA";"Falta de Atenção à Condução";"Colisão lateral";"Sem Vítimas";"Pleno dia";"Decrescente";"Céu Claro";"Dupla";"Reta";"Sim";2;0;0;0;2;0;0;2;-5,11691187;-42,782709;"SPRF-PI";"DEL01-PI";"UOP01-DEL01-PI"
134282;2018-05-13;"domingo";"23:30:00";"BA";407;211;"CAPIM GROSSO";"Condutor Dormindo";"Saída de leito carroçável";"Sem Vítimas";"Pleno dia";"Crescente";"Ignorado";"Simples";"Reta";"Não";2;0;0;0;1;1;0;2;-11,20248274;-40,04108906;"SPRF-BA";"DEL04-BA";"UOP02-DEL04-BA"
134284;2018-03-21;"quarta-feira";"05:45:00";"BA";101;435,6;"UBAITABA";"Ultrapassagem Indevida";"Colisão frontal";"Com Vítimas Fatais";"Amanhecer";"Decrescente";"Nevoeiro/Neblina";"Simples";"Reta";"Não";10;1;3;3;2;2;6;6;-14,2315;-39,3193;"SPRF-BA";"DEL05-BA";"UOP01-DEL05-BA"
134285;2018-04-21;"sábado";"06:20:00";"SC";282;533,8;"CORDILHEIRA ALTA";"Ingestão de Álcool";"Colisão frontal";"Com Vítimas Feridas";"Pleno dia";"Crescente";"Céu Claro";"Simples";"Reta";"Não";5;0;2;0;1;2;2;5;-26,99688052;-52,63242424;"SPRF-SC";"DEL07-SC";"UOP01-DEL07-SC"
134291;2018-05-14;"segunda-feira";"13:30:00";"MG";116;415;"GOVERNADOR VALADARES";"Falta de Atenção à Condução";"Colisão traseira";"Com Vítimas Feridas";"Pleno dia";"Crescente";"Céu Claro";"Simples";"Reta";"Sim";2;0;1;0;1;0;1;2;-18,88320377;-41,95326805;"SPRF-MG";"DEL06-MG";"UOP01-DEL06-MG"
134292;2018-05-14;"segunda-feira";"13:20:00";"SP";381;62,6;"MAIRIPORA";"Não guardar distância de segurança";"Tombamento";"Com Vítimas Feridas";"Pleno dia";"Decrescente";"Sol";"Dupla";"Aclive;Reta";"Não";3;0;1;0;1;1;1;3;-23,29863;-46,571742;"SPRF-SP";"DEL03-SP";"UOP01-DEL03-SP"
134303;2018-05-14;"segunda-feira";"13:40:00";"PE";232;182;"BELO JARDIM";"Não guardar distância de segurança";"Engavetamento";"Com Vítimas Feridas";"Pleno dia";"Decrescente";"Céu Claro";"Simples";"Reta";"Não";5;0;1;0;4;0;1;3;-8,348325;-36,447908;"SPRF-PE";"DEL02-PE";"UOP03-DEL02-PE"
134307;2018-05-14;"segunda-feira";"13:00:00";"GO";414;309,2;"VILA PROPICIO";"Condutor Dormindo";"Saída de leito carroçável";"Com Vítimas Feridas";"Pleno dia";"Decrescente";"Céu Claro";"Simples";"Reta";"Não";1;0;1;0;0;0;1;1;-15,28998068;-48,67827415;"SPRF-GO";"DEL02-GO";"UOP01-DEL02-GO"
134310;2018-05-01;"terça-feira";"23:30:00";"MG";262;31,5;"REDUTO";"Condutor Dormindo";"Saída de leito carroçável";"Com Vítimas Fatais";"Plena Noite";"Decrescente";"Céu Claro";"Simples";"Aclive";"Não";1;1;0;0;0;0;0;1;-20,255184;-42,002052;"SPRF-MG";"DEL06-MG";"UOP03-DEL06-MG"
134313;2018-05-14;"segunda-feira";"15:45:00";"RJ";40;113;"DUQUE DE CAXIAS";"Desobediência às normas de trânsito pelo condutor";"Colisão traseira";"Com Vítimas Feridas";"Pleno dia";"Decrescente";"Nublado";"Múltipla";"Viaduto";"Sim";4;0;2;0;1;1;2;3;-22,6439908;-43,2859814;"SPRF-RJ";"DEL01-RJ";"UOP01-DEL01-RJ"
134315;2018-05-14;"segunda-feira";"11:20:00";"MG";262;539,2;"LUZ";"Velocidade Incompatível";"Tombamento";"Com Vítimas Feridas";"Pleno dia";"Decrescente";"Nublado";"Simples";"Curva";"Não";4;0;2;0;1;3;2;5;-19,747673;-45,823006;"SPRF-MG";"DEL08-MG";"UOP02-DEL08-MG"
134316;2018-05-14;"segunda-feira";"15:40:00";"BA";324;550;"AMELIA RODRIGUES";"Falta de Atenção à Condução";"Colisão traseira";"Sem Vítimas";"Pleno dia";"Crescente";"Céu Claro";"Múltipla";"Reta";"Não";3;0;0;0;2;2;0;4;-12,44996291;-38,71089118;"SPRF-BA";"DEL01-BA";"UOP01-DEL01-BA"
134318;2018-05-14;"segunda-feira";"09:45:00";"RS";285;76,5;"BOM JESUS";"Velocidade Incompatível";"Tombamento";"Com Vítimas Fatais";"Pleno dia";"Crescente";"Céu Claro";"Simples";"Curva";"Não";2;1;0;1;0;0;1;1;-28,6422385;-50,56841612;"SPRF-RS";"DEL05-RS";"UOP03-DEL05-RS"
134320;2018-02-28;"quarta-feira";"20:10:00";"RJ";116;264,8;"BARRA MANSA";"Fenômenos da Natureza";"Colisão traseira";"Com Vítimas Feridas";"Plena Noite";"Crescente";"Chuva";"Simples";"Curva";"Sim";8;0;5;2;0;1;7;3;-22,54472293;-44,19589524;"SPRF-RJ";"DEL07-RJ";"UOP02-DEL07-RJ"
134324;2018-05-14;"segunda-feira";"16:18:00";"MG";153;28,8;"CENTRALINA";"Falta de Atenção à Condução";"Colisão traseira";"Com Vítimas Feridas";"Pleno dia";"Decrescente";"Nublado";"Dupla";"Reta";"Não";6;0;1;2;2;1;3;3;-18,67154339;-49,16043163;"SPRF-MG";"DEL15-MG";"UOP03-DEL15-MG"
134325;2018-05-09;"quarta-feira";"06:01:00";"MT";163;766;"SORRISO";"Falta de Atenção à Condução";"Colisão lateral";"Sem Vítimas";"Pleno dia";"Decrescente";"Céu Claro";"Simples";"Reta";"Não";1;0;0;0;0;1;0;1;-12,46168959;-55,66678047;"SPRF-MT";"DEL06-MT";"UOP01-DEL06-MT"
134326;2018-05-14;"segunda-feira";"15:15:00";"MS";163;440,6;"CAMPO GRANDE";"Falta de Atenção à Condução";"Engavetamento";"Com Vítimas Feridas";"Pleno dia";"Decrescente";"Sol";"Simples";"Reta";"Não";10;0;7;0;2;1;7;5;-20,81196454;-54,51828003;"SPRF-MS";"DEL01-MS";"UOP01-DEL01-MS"
134328;2018-05-14;"segunda-feira";"13:00:00";"RO";364;471;"ARIQUEMES";"Ultrapassagem Indevida";"Colisão transversal";"Com Vítimas Feridas";"Pleno dia";"Crescente";"Céu Claro";"Simples";"Reta";"Não";3;0;1;0;1;2;1;4;-10,191759;-62,804893;"SPRF-RO";"DEL03-RO";"UOP01-DEL03-RO"
134329;2018-05-14;"segunda-feira";"16:30:00";"PB";101;88,9;"JOAO PESSOA";"Falta de Atenção à Condução";"Colisão com objeto estático";"Sem Vítimas";"Pleno dia";"Decrescente";"Sol";"Dupla";"Retorno Regulamentado";"Sim";1;0;0;0;0;1;0;1;-7,18146397;-34,90063012;"SPRF-PB";"DEL01-PB";"UOP01-DEL01-PB"
134331;2018-05-14;"segunda-feira";"15:20:00";"BA";242;416;"SEABRA";"Defeito Mecânico no Veículo";"Colisão com objeto em movimento";"Com Vítimas Fatais";"Pleno dia";"Crescente";"Céu Claro";"Simples";"Reta";"Não";2;1;0;0;0;1;0;2;-12,39902396;-41,88228607;"SPRF-BA";"DEL10-BA";"UOP03-DEL06-BA"
134334;2018-05-14;"segunda-feira";"17:10:00";"RJ";101;318,9;"NITEROI";"Não guardar distância de segurança";"Colisão traseira";"Com Vítimas Feridas";"Anoitecer";"Decrescente";"Céu Claro";"Múltipla";"Reta";"Não";2;0;0;1;1;0;1;2;-22,8272883;-43,0637646;"SPRF-RJ";"DEL02-RJ";"DEL5/2-UOP04/RJ"
134340;2018-05-14;"segunda-feira";"16:30:00";"PI";316;211,6;"VALENCA DO PIAUI";"Defeito Mecânico no Veículo";"Colisão transversal";"Com Vítimas Feridas";"Pleno dia";"Crescente";"Céu Claro";"Simples";"Interseção de Vias";"Não";4;0;2;0;2;0;2;2;-6,39821303;-41,7559433;"SPRF-PI";"DEL04-PI";"UOP02-DEL04-PI"
134344;2018-05-14;"segunda-feira";"15:10:00";"BA";101;535;"SAO JOSE DA VITORIA";"Velocidade Incompatível";"Saída de leito carroçável";"Com Vítimas Feridas";"Pleno dia";"Decrescente";"Chuva";"Simples";"Curva";"Não";1;0;1;0;0;0;1;1;-15,0218;-39,3291;"SPRF-BA";"DEL05-BA";"UOP01-DEL05-BA"
134353;2018-05-14;"segunda-feira";"17:45:00";"MG";381;359,6;"JOAO MONLEVADE";"Desobediência às normas de trânsito pelo condutor";"Colisão transversal";"Com Vítimas Feridas";"Anoitecer";"Decrescente";"Céu Claro";"Simples";"Reta";"Sim";3;0;2;0;1;0;2;2;-19,83841412;-43,18483114;"SPRF-MG";"DEL03-MG";"UOP01-DEL03-MG"
134355;2018-05-14;"segunda-feira";"18:00:00";"PR";373;185,3;"PONTA GROSSA";"Desobediência às normas de trânsito pelo condutor";"Colisão lateral";"Sem Vítimas";"Plena Noite";"Decrescente";"Nublado";"Simples";"Curva";"Não";3;0;0;0;3;0;0;3;-25,047479;-50;"SPRF-PR";"DEL03-PR";"UOP01-DEL03-PR"
134364;2018-05-14;"segunda-feira";"18:20:00";"MG";40;499;"ESMERALDAS";"Defeito Mecânico no Veículo";"Colisão com objeto em movimento";"Com Vítimas Feridas";"Anoitecer";"Decrescente";"Céu Claro";"Dupla";"Reta";"Não";4;0;2;0;2;0;2;3;-19,7048;-44,1699;"SPRF-MG";"DEL02-MG";"UOP01-DEL02-MG"
134366;2018-05-14;"segunda-feira";"16:00:00";"PR";277;582,5;"CASCAVEL";"Falta de Atenção à Condução";"Colisão transversal";"Sem Vítimas";"Anoitecer";"Decrescente";"Céu Claro";"Simples";"Reta";"Não";2;0;0;0;2;0;0;2;-24,97399876;-53,39091875;"SPRF-PR";"DEL04-PR";"UOP01-DEL04-PR"
134373;2018-05-14;"segunda-feira";"18:35:00";"RS";448;3,9;"ESTEIO";"Falta de Atenção à Condução";"Colisão traseira";"Com Vítimas Feridas";"Plena Noite";"Decrescente";"Céu Claro";"Dupla";"Reta";"Não";3;0;1;0;1;1;1;3;-29,84568777;-51,20152976;"SPRF-RS";"DEL01-RS";"UOP02-DEL01-RS"
134375;2018-05-14;"segunda-feira";"16:47:00";"RO";364;552;"ALTO PARAISO";"Ultrapassagem Indevida";"Capotamento";"Com Vítimas Fatais";"Pleno dia";"Crescente";"Céu Claro";"Simples";"Reta";"Não";6;1;1;0;2;8;1;11;-9,63377;-63,073883;"SPRF-RO";"DEL03-RO";"UOP01-DEL03-RO"
134382;2018-05-14;"segunda-feira";"19:30:00";"RJ";116;41;"TERESOPOLIS";"Falta de Atenção à Condução";"Colisão frontal";"Com Vítimas Feridas";"Plena Noite";"Crescente";"Céu Claro";"Simples";"Reta";"Não";3;0;1;0;2;0;1;2;-22,14764;-42,7965;"SPRF-RJ";"DEL04-RJ";"UOP01-DEL04-RJ"
134385;2018-05-14;"segunda-feira";"15:00:00";"MT";70;227;"POXOREO";"Defeito Mecânico no Veículo";"Tombamento";"Com Vítimas Feridas";"Pleno dia";"Crescente";"Céu Claro";"Simples";"Curva";"Não";7;0;3;0;3;3;3;6;-15,655768;-53,921059;"SPRF-MT";"DEL05-MT";"UOP01-DEL05-MT"
134386;2018-05-14;"segunda-feira";"19:00:00";"PR";116;37;"CAMPINA GRANDE DO SUL";"Falta de Atenção à Condução";"Saída de leito carroçável";"Com Vítimas Feridas";"Plena Noite";"Decrescente";"Nublado";"Dupla";"Reta";"Sim";3;0;1;0;0;2;1;3;-25,139929;-48,856182;"SPRF-PR";"DEL01-PR";"UOP02-DEL01-PR"
134388;2018-05-14;"segunda-feira";"20:00:00";"MA";10;219,3;"GOVERNADOR EDISON LOBAO";"Objeto estático sobre o leito carroçável";"Tombamento";"Sem Vítimas";"Plena Noite";"Decrescente";"Céu Claro";"Simples";"Reta";"Não";3;0;0;0;1;4;0;5;-5,799889;-47,35902;"SPRF-MA";"DEL04-MA";"UOP01-DEL04-MA"
134390;2018-05-14;"segunda-feira";"17:30:00";"SC";470;10;"NAVEGANTES";"Falta de Atenção à Condução";"Tombamento";"Sem Vítimas";"Anoitecer";"Crescente";"Céu Claro";"Simples";"Curva";"Não";2;0;0;0;1;1;0;2;-26,83964913;-48,71618342;"SPRF-SC";"DEL04-SC";"UOP04-DEL04-SC"
134395;2018-05-14;"segunda-feira";"20:30:00";"PR";277;660;"MATELANDIA";"Velocidade Incompatível";"Tombamento";"Sem Vítimas";"Plena Noite";"Crescente";"Céu Claro";"Dupla";"Declive;Curva";"Não";2;0;0;0;1;1;0;2;-25,251387;-53,990307;"SPRF-PR";"DEL05-PR";"UOP02-DEL05-PR"
134397;2018-05-14;"segunda-feira";"20:10:00";"RS";158;82,9;"BOA VISTA DAS MISSOES";"Falta de Atenção à Condução";"Saída de leito carroçável";"Com Vítimas Fatais";"Plena Noite";"Decrescente";"Céu Claro";"Simples";"Declive";"Não";1;1;0;0;0;0;0;1;-27,75403832;-53,31922531;"SPRF-RS";"DEL08-RS";"UOP02-DEL08-RS"
134400;2018-05-14;"segunda-feira";"21:20:00";"PE";101;71,9;"RECIFE";"Falta de Atenção à Condução";"Colisão lateral";"Com Vítimas Feridas";"Plena Noite";"Crescente";"Chuva";"Dupla";"Reta";"Sim";3;0;1;1;1;0;2;2;-8,084228;-34,944597;"SPRF-PE";"DEL01-PE";"UOP01-DEL01-PE"
134407;2018-05-14;"segunda-feira";"22:30:00";"MG";381;853,4;"POUSO ALEGRE";"Não guardar distância de segurança";"Colisão traseira";"Com Vítimas Feridas";"Plena Noite";"Decrescente";"Nublado";"Dupla";"Reta;Aclive";"Não";3;0;0;1;1;1;1;3;-22,2713;-45,8926;"SPRF-MG";"DEL16-MG";"UOP01-DEL16-MG"