"id";"data_inversa";"dia_semana";"horario";"uf";"br";"km";"municipio";"causa_acidente";"tipo_acidente";"classificacao_acidente";"fase_dia";"sentido_via";"condicao_metereologica";"tipo_pista";"tracado_via";"uso_solo";"pessoas";"mortos";"feridos_leves";"feridos_graves";"ilesos";"ignorados";"feridos";"veiculos";"latitude";"longitude";"regional";"delegacia";"uop"
134411;2018-05-14;"segunda-feira";"19:30:00";"SC";282;233,7;"LAGES";"Defeito Mecânico no Veículo";"Danos eventuais";"Sem Vítimas";"Plena Noite";"Crescente";"Nublado";"Simples";"Curva";"Não";4;0;0;0;3;4;0;7;-27,78615359;-50,45577943;"SPRF-SC";"DEL05-SC";"UOP02-DEL05-SC"
134432;2018-05-15;"terça-feira";"07:10:00";"SC";101;111,4;"ITAJAI";"Falta de Atenção à Condução";"Tombamento";"Com Vítimas Feridas";"Pleno dia";"Crescente";"Céu Claro";"Dupla";"Interseção de Vias";"Sim";2;0;1;0;0;1;1;2;-26,842835;-48,71771336;"SPRF-SC";"DEL04-SC";"UOP04-DEL04-SC"
134433;2018-04-03;"terça-feira";"11:50:00";"SC";280;31;"ARAQUARI";"Falta de Atenção à Condução";"Saída de leito carroçável";"Com Vítimas Feridas";"Pleno dia";"Decrescente";"Céu Claro";"Simples";"Reta";"Sim";3;0;0;1;0;2;1;3;-26,416498;-48,771812;"SPRF-SC";"DEL03-SC";"UOP03-DEL03-SC"
134436;2018-05-12;"sábado";"04:50:00";"MG";116;377,8;"MATHIAS LOBATO";"Desobediência às normas de trânsito pelo condutor";"Colisão lateral";"Com Vítimas Feridas";"Plena Noite";"Decrescente";"Céu Claro";"Simples";"Curva";"Não";3;0;0;1;1;1;1;3;-18,5926076;-41,92509681;"SPRF-MG";"DEL06-MG";"UOP01-DEL06-MG"
134437;2018-05-15;"terça-feira";"06:40:00";"MG";251;400;"GRAO MOGOL";"Condutor Dormindo";"Colisão traseira";"Com Vítimas Feridas";"Pleno dia";"Decrescente";"Céu Claro";"Simples";"Aclive";"Não";3;0;0;1;1;2;1;4;-16,228;-42,9031;"SPRF-MG";"DEL12-MG";"UOP01-DEL12-MG"
134441;2018-05-15;"terça-feira";"08:40:00";"MG";381;907,2;"CAMBUI";"Velocidade Incompatível";"Tombamento";"Com Vítimas Feridas";"Pleno dia";"Decrescente";"Céu Claro";"Dupla";"Curva";"Não";5;0;2;0;0;4;2;4;-22,679;-46,0995;"SPRF-MG";"DEL16-MG";"UOP03-DEL16-MG"
134445;2018-04-26;"quinta-feira";"07:00:00";"RS";158;235,4;"TUPANCIRETA";"Ultrapassagem Indevida";"Colisão frontal";"Com Vítimas Fatais";"Amanhecer";"Crescente";"Nevoeiro/Neblina";"Simples";"Reta";"Não";4;1;1;0;1;3;1;6;-28,990873;-53,650022;"SPRF-RS";"DEL10-RS";"UOP02-DEL10-RS"
134450;2018-04-07;"sábado";"04:00:00";"MA";10;268;"IMPERATRIZ";"Restrição de Visibilidade";"Colisão frontal";"Com Vítimas Feridas";"Plena Noite";"Decrescente";"Chuva";"Simples";"Declive";"Não";5;0;3;2;0;0;5;2;-5,427237;-47,472755;"SPRF-MA";"DEL04-MA";"UOP01-DEL04-MA"
134451;2018-05-15;"terça-feira";"09:05:00";"PB";101;121,1;"CAAPORA";"Velocidade Incompatível";"Saída de leito carroçável";"Com Vítimas Feridas";"Pleno dia";"Crescente";"Chuva";"Dupla";"Curva;Declive";"Não";2;0;1;0;0;1;1;2;-7,45856032;-34,98083353;"SPRF-PB";"DEL01-PB";"UOP01-DEL01-PB"
134455;2018-05-15;"terça-feira";"09:05:00";"RS";386;276,4;"SAO JOSE DO HERVAL";"Velocidade Incompatível";"Saída de leito carroçável";"Com Vítimas Feridas";"Pleno dia";"Decrescente";"Chuva";"Simples";"Curva";"Não";2;0;1;0;1;0;1;1;-29,00416193;-52,35019684;"SPRF-RS";"DEL04-RS";"NPF/DEL04-RS"
134456;2018-05-14;"segunda-feira";"20:00:00";"MA";226;479;"SITIO NOVO";"Defeito na Via";"Tombamento";"Com Vítimas Feridas";"Plena Noite";"Decrescente";"Céu Claro";"Simples";"Reta";"Não";2;0;1;0;0;1;1;2;-6,037126;-46,634636;"SPRF-MA";"DEL04-MA";"UOP02-DEL04-MA"
134458;2018-05-15;"terça-feira";"10:15:00";"RJ";116;222;"PIRAI";"Agressão Externa";"Derramamento de carga";"Sem Vítimas";"Pleno dia";"Decrescente";"Céu Claro";"Simples";"Curva";"Não";2;0;0;0;1;1;0;2;-22,679905;-43,814217;"SPRF-RJ";"DEL07-RJ";"UOP01-DEL07-RJ"
134470;2018-05-15;"terça-feira";"11:55:00";"PR";116;113;"CURITIBA";"Não guardar distância de segurança";"Colisão lateral";"Com Vítimas Feridas";"Pleno dia";"Decrescente";"Céu Claro";"Dupla";"Reta";"Não";3;0;1;0;1;2;1;4;-25,569897;-49,187782;"SPRF-PR";"DEL01-PR";"UOP01-DEL01-PR"
134471;2018-05-15;"terça-feira";"12:00:00";"DF";60;4;"BRASILIA";"Falta de Atenção à Condução";"Colisão traseira";"Com Vítimas Feridas";"Pleno dia";"Crescente";"Céu Claro";"Dupla";"Reta";"Sim";2;0;1;0;1;0;1;2;-15,89373242;-48,09881642;"SPRF-DF";"DEL01-DF";"UOP01-DEL03-DF"
134475;2018-05-15;"terça-feira";"12:00:00";"RJ";116;239;"PIRAI";"Velocidade Incompatível";"Tombamento";"Com Vítimas Feridas";"Pleno dia";"Decrescente";"Nublado";"Dupla";"Curva";"Não";2;0;1;0;0;1;1;2;-22,658323;-43,889694;"SPRF-RJ";"DEL07-RJ";"UOP01-DEL07-RJ"
134479;2018-05-15;"terça-feira";"12:30:00";"PR";277;255,9;"IRATI";"Falta de Atenção à Condução";"Colisão traseira";"Com Vítimas Feridas";"Pleno dia";"Decrescente";"Céu Claro";"Simples";"Reta";"Não";4;0;1;1;2;0;2;2;-25,41346015;-50,77129573;"SPRF-PR";"DEL03-PR";"UOP02-DEL08-PR"
134483;2018-05-06;"domingo";"13:30:00";"PR";376;590;"CURITIBA";"Falta de Atenção à Condução";"Colisão lateral";"Sem Vítimas";"Pleno dia";"Crescente";"Céu Claro";"Dupla";"Reta";"Sim";3;0;0;0;2;1;0;3;-25,4535823;-49,36179;"SPRF-PR";"DEL01-PR";"UOP06-DEL01-PR"
134484;2018-05-15;"terça-feira";"12:50:00";"RS";472;144;"TRES DE MAIO";"Pista Escorregadia";"Colisão frontal";"Com Vítimas Feridas";"Pleno dia";"Decrescente";"Chuva";"Simples";"Reta";"Não";3;0;3;0;0;0;3;2;-27,7738611;-54,3345058;"SPRF-RS";"DEL10-RS";"UOP01-DEL10-RS"
134486;2018-05-15;"terça-feira";"09:25:00";"MG";116;488,9;"INHAPIM";"Velocidade Incompatível";"Colisão frontal";"Com Vítimas Feridas";"Pleno dia";"Decrescente";"Sol";"Simples";"Reta";"Não";3;0;2;0;1;0;2;3;-19,454453;-42,132913;"SPRF-MG";"DEL06-MG";"UOP02-DEL06-MG"
134492;2018-05-15;"terça-feira";"12:00:00";"CE";20;426,7;"FORTALEZA";"Falta de Atenção à Condução";"Tombamento";"Sem Vítimas";"Pleno dia";"Decrescente";"Sol";"Dupla";"Reta";"Não";1;0;0;0;1;0;0;1;-3,86827948;-38,50986958;"SPRF-CE";"DEL01-CE";"UOP02-DEL01-CE"
134521;2018-05-15;"terça-feira";"16:25:00";"SC";470;60;"BLUMENAU";"Ingestão de Álcool";"Colisão lateral";"Sem Vítimas";"Pleno dia";"Decrescente";"Céu Claro";"Simples";"Reta";"Não";2;0;0;0;2;0;0;2;-26,88401745;-49,14673269;"SPRF-SC";"DEL04-SC";"UOP01-DEL04-SC"
134522;2018-05-15;"terça-feira";"15:40:00";"RN";226;166,1;"CURRAIS NOVOS";"Falta de Atenção à Condução";"Tombamento";"Com Vítimas Feridas";"Pleno dia";"Decrescente";"Céu Claro";"Simples";"Curva";"Não";3;0;1;0;1;1;1;2;-6,20591984;-36,36710644;"SPRF-RN";"DEL03-RN";"UOP02-DEL03-RN"
134523;2018-05-15;"terça-feira";"16:00:00";"PR";476;61;"TUNAS DO PARANA";"Falta de Atenção à Condução";"Colisão transversal";"Com Vítimas Feridas";"Pleno dia";"Decrescente";"Garoa/Chuvisco";"Simples";"Curva";"Não";4;0;0;2;1;1;2;3;-25,01226337;-49,07869341;"SPRF-PR";"DEL01-PR";"UOP01-DEL01-PR"
134535;2018-05-15;"terça-feira";"14:20:00";"SC";280;34;"ARAQUARI";"Falta de Atenção à Condução";"Colisão traseira";"Com Vítimas Feridas";"Pleno dia";"Crescente";"Sol";"Simples";"Reta";"Não";3;0;1;0;1;2;1;4;-26,42927872;-48,79465373;"SPRF-SC";"DEL03-SC";"UOP03-DEL03-SC"
134536;2018-05-15;"terça-feira";"12:15:00";"RO";319;58;"PORTO VELHO";"Defeito Mecânico no Veículo";"Colisão com objeto estático";"Sem Vítimas";"Pleno dia";"Crescente";"Céu Claro";"Simples";"Rotatória";"Sim";5;0;0;0;2;4;0;5;-8,74396803;-63,91569436;"SPRF-RO";"DEL01-RO";"UOP01-DEL01-RO"
134537;2018-05-15;"terça-feira";"17:00:00";"ES";101;293,2;"CARIACICA";"Não guardar distância de segurança";"Colisão lateral";"Com Vítimas Feridas";"Pleno dia";"Crescente";"Nublado";"Múltipla";"Reta";"Sim";2;0;0;1;1;0;1;2;-20,31686008;-40,39636005;"SPRF-ES";"DEL01-ES";"UOP01-DEL01-ES"
134547;2018-05-15;"terça-feira";"18:50:00";"SP";116;347,8;"MIRACATU";"Falta de Atenção à Condução";"Atropelamento de Pedestre";"Com Vítimas Feridas";"Plena Noite";"Crescente";"Céu Claro";"Dupla";"Reta";"Não";2;0;1;0;0;1;1;2;-24,0516469;-47,20264614;"SPRF-SP";"DEL04-SP";"UOP03-DEL04-SP"
134553;2018-05-15;"terça-feira";"15:35:00";"MA";10;243;"IMPERATRIZ";"Desobediência às normas de trânsito pelo condutor";"Colisão lateral";"Com Vítimas Feridas";"Pleno dia";"Decrescente";"Céu Claro";"Simples";"Reta";"Não";3;0;1;0;2;0;1;2;-5,60354;-47,423855;"SPRF-MA";"DEL04-MA";"UOP01-DEL04-MA"
134559;2018-05-15;"terça-feira";"12:40:00";"MT";174;125;"CACERES";"Falta de Atenção à Condução";"Tombamento";"Com Vítimas Feridas";"Pleno dia";"Decrescente";"Sol";"Simples";"Declive;Reta";"Não";3;0;3;0;0;0;3;1;-15,81868096;-58,08334351;"SPRF-MT";"DEL03-MT";"UOP01-DEL03-MT"
134564;2018-05-15;"terça-feira";"18:40:00";"BA";110;58,8;"JEREMOABO";"Defeito na Via";"Colisão frontal";"Com Vítimas Feridas";"Plena Noite";"Crescente";"Chuva";"Simples";"Em Obras";"Não";3;0;2;0;1;0;2;2;-9,93536254;-38,29327583;"SPRF-BA";"DEL07-BA";"UOP01-DEL07-BA"
134567;2018-05-15;"terça-feira";"17:00:00";"RJ";101;254;"RIO BONITO";"Velocidade Incompatível";"Colisão traseira";"Com Vítimas Fatais";"Pleno dia";"Decrescente";"Céu Claro";"Dupla";"Reta";"Sim";4;1;0;0;1;2;0;4;-22,692238;-42,549614;"SPRF-RJ";"DEL02-RJ";"UOP03-DEL02-RJ"
134569;2018-05-15;"terça-feira";"17:40:00";"PR";476;45;"TUNAS DO PARANA";"Velocidade Incompatível";"Colisão frontal";"Com Vítimas Feridas";"Pleno dia";"Decrescente";"Chuva";"Simples";"Curva";"Não";3;0;0;1;1;1;1;3;-24,9137;-49,09547;"SPRF-PR";"DEL01-PR";"UOP01-DEL01-PR"
134571;2018-05-13;"domingo";"00:00:00";"PI";316;345;"FRANCISCO SANTOS";"Falta de Atenção à Condução";"Colisão transversal";"Com Vítimas Feridas";"Plena Noite";"Decrescente";"Céu Claro";"Simples";"Reta";"Não";4;0;2;0;2;0;2;2;-7,11848043;-41,16409779;"SPRF-PI";"DEL04-PI";"UOP01-DEL04-PI"
134575;2018-05-15;"terça-feira";"19:35:00";"RO";364;273,9;"CACOAL";"Desobediência às normas de trânsito pelo condutor";"Colisão transversal";"Com Vítimas Feridas";"Plena Noite";"Crescente";"Céu Claro";"Simples";"Reta";"Não";7;0;3;0;2;2;3;3;-11,38641;-61,748619;"SPRF-RO";"DEL02-RO";"UOP02-DEL02-RO"
134578;2018-05-01;"terça-feira";"13:40:00";"MG";116;124,6;"ITAOBIM";"Velocidade Incompatível";"Tombamento";"Com Vítimas Feridas";"Pleno dia";"Crescente";"Céu Claro";"Simples";"Curva";"Não";2;0;0;1;0;1;1;2;-16,638869;-41,500785;"SPRF-MG";"DEL11-MG";"UOP02-DEL11-MG"
134582;2018-04-29;"domingo";"16:30:00";"MG";40;442,5;"PARAOPEBA";"Defeito Mecânico no Veículo";"Incêndio";"Sem Vítimas";"Pleno dia";"Decrescente";"Céu Claro";"Dupla";"Reta";"Não";2;0;0;0;1;1;0;2;-19,27333151;-44,41890109;"SPRF-MG";"DEL02-MG";"UOP01-DEL02-MG"
134585;2018-05-15;"terça-feira";"17:15:00";"SC";282;407;"CATANDUVAS";"Velocidade Incompatível";"Colisão frontal";"Com Vítimas Fatais";"Pleno dia";"Decrescente";"Chuva";"Simples";"Reta;Aclive";"Não";5;1;2;0;1;1;2;3;-27,09293;-51,65966;"SPRF-SC";"DEL07-SC";"UOP05-DEL07-SC"
134591;2018-05-15;"terça-feira";"22:40:00";"PE";101;33;"IGARASSU";"Defeito Mecânico no Veículo";"Colisão traseira";"Com Vítimas Feridas";"Plena Noite";"Decrescente";"Céu Claro";"Simples";"Reta";"Não";3;0;1;0;1;1;1;3;-7,75898;-34,93549493;"SPRF-PE";"DEL01-PE";"UOP02-DEL01-PE"
134592;2018-05-15;"terça-feira";"23:00:00";"BA";110;1,8;"PAULO AFONSO";"Falta de Atenção do Pedestre";"Atropelamento de Pedestre";"Com Vítimas Feridas";"Plena Noite";"Crescente";"Chuva";"Simples";"Reta";"Não";2;0;1;0;1;0;1;2;-9,43347761;-38,20265204;"SPRF-BA";"DEL07-BA";"UOP01-DEL07-BA"
134594;2018-05-15;"terça-feira";"23:30:00";"PR";277;421,3;"CANTAGALO";"Desobediência às normas de trânsito pelo condutor";"Colisão transversal";"Com Vítimas Feridas";"Plena Noite";"Decrescente";"Nublado";"Simples";"Interseção de Vias";"Sim";3;0;0;1;1;1;1;3;-25,3789468;-52,12408662;"SPRF-PR";"DEL04-PR";"UOP02-DEL04-PR"
134599;2018-05-15;"terça-feira";"23:30:00";"PR";376;595;"CAMPO LARGO";"Falta de Atenção do Pedestre";"Atropelamento de Pedestre";"Com Vítimas Fatais";"Plena Noite";"Decrescente";"Garoa/Chuvisco";"Dupla";"Reta";"Sim";2;1;0;0;0;1;0;2;-25,445097;-49,50071;"SPRF-PR";"DEL01-PR";"UOP06-DEL01-PR"
134600;2018-05-15;"terça-feira";"23:30:00";"RO";364;484;"ARIQUEMES";"Falta de Atenção à Condução";"Saída de leito carroçável";"Com Vítimas Feridas";"Plena Noite";"Crescente";"Nublado";"Simples";"Reta";"Não";2;0;1;0;0;2;1;3;-10,123089;-62,896049;"SPRF-RO";"DEL03-RO";"UOP01-DEL03-RO"
134605;2018-05-15;"terça-feira";"19:00:00";"PE";101;74;"RECIFE";"Defeito na Via";"Tombamento";"Sem Vítimas";"Plena Noite";"Decrescente";"Céu Claro";"Dupla";"Curva";"Sim";2;0;0;0;1;1;0;2;-8,1107;-34,9462;"SPRF-PE";"DEL01-PE";"UOP01-DEL01-PE"
134608;2018-05-16;"quarta-feira";"04:15:00";"ES";101;29;"CONCEICAO DA BARRA";"Defeito na Via";"Tombamento";"Com Vítimas Feridas";"Amanhecer";"Crescente";"Céu Claro";"Simples";"Reta";"Não";1;0;0;1;0;0;1;1;-18,42526264;-39,93490577;"SPRF-ES";"DEL04-ES";"UOP02-DEL04-ES"
134615;2018-05-16;"quarta-feira";"05:10:00";"MS";262;451,3;"DOIS IRMAOS DO BURITI";"Falta de Atenção à Condução";"Colisão frontal";"Com Vítimas Feridas";"Pleno dia";"Crescente";"Garoa/Chuvisco";"Simples";"Reta";"Não";5;0;3;0;2;0;3;2;-20,54878096;-55,46752268;"SPRF-MS";"DEL03-MS";"UOP01-DEL03-MS"
134624;2018-05-16;"quarta-feira";"06:50:00";"MS";163;572;"BANDEIRANTES";"Desobediência às normas de trânsito pelo condutor";"Colisão lateral";"Com Vítimas Feridas";"Pleno dia";"Crescente";"Nublado";"Simples";"Reta";"Não";3;0;1;0;1;3;1;5;-19,71789;-54,351187;"SPRF-MS";"DEL01-MS";"UOP02-DEL01-MS"
134625;2018-05-16;"quarta-feira";"06:10:00";"MT";163;104;"RONDONOPOLIS";"Condutor Dormindo";"Saída de leito carroçável";"Com Vítimas Fatais";"Pleno dia";"Crescente";"Céu Claro";"Dupla";"Reta";"Não";2;1;0;0;1;0;0;2;-16,628778;-54,6973;"SPRF-MT";"DEL02-MT";"DEL2/2-UOP02/MT"
134627;2018-05-16;"quarta-feira";"08:09:00";"PR";376;90;"PARANAVAI";"Falta de Atenção à Condução";"Colisão traseira";"Com Vítimas Feridas";"Pleno dia";"Decrescente";"Chuva";"Simples";"Reta";"Não";3;0;1;0;0;2;1;3;-23,034239;-52,479462;"SPRF-PR";"DEL07-PR";"UOP02-DEL09-PR"
134645;2018-05-16;"quarta-feira";"09:00:00";"GO";20;185;"SIMOLANDIA";"Velocidade Incompatível";"Saída de leito carroçável";"Sem Vítimas";"Pleno dia";"Crescente";"Céu Claro";"Dupla";"Retorno Regulamentado";"Não";2;0;0;0;1;1;0;2;-14,443042;-46,462242;"SPRF-DF";"DEL02-DF";"UOP03-DEL02-DF"
134646;2018-05-16;"quarta-feira";"04:30:00";"PI";135;285;"CRISTINO CASTRO";"Defeito na Via";"Tombamento";"Com Vítimas Feridas";"Plena Noite";"Decrescente";"Céu Claro";"Simples";"Curva";"Não";3;0;0;2;0;2;2;3;-8,62176;-44,014717;"SPRF-PI";"DEL03-PI";"UOP02-DEL03-PI"
134668;2018-05-15;"terça-feira";"17:50:00";"MG";365;487;"PATROCINIO";"Ultrapassagem Indevida";"Saída de leito carroçável";"Sem Vítimas";"Anoitecer";"Crescente";"Céu Claro";"Simples";"Aclive";"Não";2;0;0;0;1;2;0;3;-18,896;-47,113;"SPRF-MG";"DEL10-MG";"UOP01-DEL10-MG"
134669;2018-05-16;"quarta-feira";"12:05:00";"SC";101;117,9;"ITAJAI";"Falta de Atenção à Condução";"Colisão lateral";"Com Vítimas Feridas";"Pleno dia";"Crescente";"Céu Claro";"Dupla";"Reta";"Sim";3;0;1;0;1;1;1;3;-26,895496;-48,719368;"SPRF-SC";"DEL04-SC";"UOP04-DEL04-SC"
134671;2018-05-16;"quarta-feira";"11:10:00";"PE";101;74;"RECIFE";"Ultrapassagem Indevida";"Colisão lateral";"Sem Vítimas";"Pleno dia";"Crescente";"Sol";"Dupla";"Curva";"Sim";3;0;0;0;2;2;0;4;-8,105505;-34,948618;"SPRF-PE";"DEL01-PE";"UOP01-DEL01-PE"
134672;2018-05-16;"quarta-feira";"12:00:00";"SC";470;99;"APIUNA";"Falta de Atenção à Condução";"Colisão com objeto estático";"Com Vítimas Feridas";"Pleno dia";"Decrescente";"Céu Claro";"Simples";"Aclive";"Sim";3;0;1;0;1;1;1;3;-27,01554912;-49,37075615;"SPRF-SC";"DEL04-SC";"UOP01-DEL04-SC"
134681;2018-05-16;"quarta-feira";"08:30:00";"MG";116;519,3;"UBAPORANGA";"Velocidade Incompatível";"Saída de leito carroçável";"Com Vítimas Feridas";"Pleno dia";"Decrescente";"Nublado";"Simples";"Curva;Declive";"Não";2;0;1;0;0;1;1;2;-19,7100815;-42,12130845;"SPRF-MG";"DEL06-MG";"UOP02-DEL06-MG"
134687;2018-05-16;"quarta-feira";"10:30:00";"GO";158;202;"PIRANHAS";"Falta de Atenção à Condução";"Colisão traseira";"Sem Vítimas";"Pleno dia";"Crescente";"Nublado";"Simples";"Aclive";"Não";3;0;0;0;2;5;0;7;-16,44077755;-51,69875264;"SPRF-GO";"DEL05-GO";"UOP01-DEL05-GO"
134704;2018-05-16;"quarta-feira";"14:50:00";"PE";101;76,4;"RECIFE";"Falta de Atenção à Condução";"Colisão transversal";"Com Vítimas Fatais";"Pleno dia";"Crescente";"Céu Claro";"Simples";"Reta;Desvio Temporário;Em Obras";"Sim";2;1;0;0;1;0;0;2;-8,124896;-34,943718;"SPRF-PE";"DEL01-PE";"UOP01-DEL01-PE"
134713;2018-05-16;"quarta-feira";"14:15:00";"MT";163;795;"VERA";"Falta de Atenção à Condução";"Saída de leito carroçável";"Sem Vítimas";"Pleno dia";"Crescente";"Céu Claro";"Simples";"Reta";"Não";1;0;0;0;1;0;0;1;-12,2265;-55,54401;"SPRF-MT";"DEL06-MT";"UOP01-DEL06-MT"
134714;2018-05-16;"quarta-feira";"15:00:00";"CE";116;16;"EUSEBIO";"Defeito Mecânico no Veículo";"Danos eventuais";"Sem Vítimas";"Pleno dia";"Crescente";"Céu Claro";"Dupla";"Reta";"Sim";2;0;0;0;1;1;0;2;-3,89269585;-38,50245327;"SPRF-CE";"DEL01-CE";"UOP02-DEL01-CE"
134717;2018-05-16;"quarta-feira";"16:00:00";"ES";101;357,7;"ANCHIETA";"Restrição de Visibilidade";"Colisão traseira";"Com Vítimas Feridas";"Pleno dia";"Crescente";"Sol";"Simples";"Interseção de Vias";"Não";3;0;0;1;2;0;1;2;-20,69020602;-40,7017386;"SPRF-ES";"DEL03-ES";"UOP01-DEL03-ES"
134721;2018-05-16;"quarta-feira";"16:30:00";"DF";80;0,5;"BRASILIA";"Velocidade Incompatível";"Capotamento";"Com Vítimas Feridas";"Pleno dia";"Decrescente";"Sol";"Simples";"Curva;Declive";"Não";1;0;1;0;0;0;1;1;-15,50592644;-48,19808364;"SPRF-DF";"DEL01-DF";"UOP02-DEL03-DF"
134735;2018-05-16;"quarta-feira";"17:20:00";"PR";373;265,7;"PRUDENTOPOLIS";"Falta de Atenção à Condução";"Colisão traseira";"Com Vítimas Feridas";"Pleno dia";"Crescente";"Céu Claro";"Simples";"Reta";"Sim";3;0;0;1;1;2;1;4;-25,202054;-50,981156;"SPRF-PR";"DEL03-PR";"UOP01-DEL03-PR"
134751;2018-05-16;"quarta-feira";"18:50:00";"RJ";116;302,5;"RESENDE";"Falta de Atenção à Condução";"Colisão traseira";"Com Vítimas Feridas";"Plena Noite";"Decrescente";"Chuva";"Dupla";"Reta";"Não";5;0;0;2;2;1;2;4;-22,450125;-44,330193;"SPRF-RJ";"DEL07-RJ";"DEL5/7-UOP03/RJ"
134754;2018-05-16;"quarta-feira";"18:50:00";"ES";101;268,7;"SERRA";"Desobediência às normas de trânsito pelo condutor";"Colisão traseira";"Com Vítimas Fatais";"Plena Noite";"Crescente";"Céu Claro";"Múltipla";"Reta";"Sim";3;1;0;0;1;2;0;4;-20,21452239;-40,27010679;"SPRF-ES";"DEL02-ES";"UOP01-DEL02-ES"
134755;2018-05-16;"quarta-feira";"18:15:00";"MG";262;594,6;"CAMPOS ALTOS";"Pista Escorregadia";"Colisão frontal";"Com Vítimas Feridas";"Anoitecer";"Crescente";"Chuva";"Simples";"Reta";"Não";2;0;0;1;1;0;1;2;-19,65358086;-46,1813736;"SPRF-MG";"DEL08-MG";"UOP02-DEL08-MG"
134759;2018-05-16;"quarta-feira";"19:30:00";"CE";116;16;"EUSEBIO";"Falta de Atenção à Condução";"Colisão lateral";"Sem Vítimas";"Plena Noite";"Crescente";"Céu Claro";"Dupla";"Aclive";"Sim";2;0;0;0;2;0;0;2;-3,892261;-38,50246;"SPRF-CE";"DEL01-CE";"UOP02-DEL01-CE"
134760;2018-05-16;"quarta-feira";"18:20:00";"SP";116;146;"SAO JOSE DOS CAMPOS";"Falta de Atenção à Condução";"Colisão traseira";"Com Vítimas Feridas";"Plena Noite";"Crescente";"Nublado";"Dupla";"Reta";"Sim";3;0;1;0;1;2;1;4;-23,19333461;-45,86912155;"SPRF-SP";"DEL02-SP";"UOP01-DEL02-SP"
134767;2018-02-09;"sexta-feira";"19:30:00";"BA";420;255;"MUTUIPE";"Objeto estático sobre o leito carroçável";"Colisão com objeto estático";"Com Vítimas Feridas";"Plena Noite";"Crescente";"Ignorado";"Simples";"Curva";"Não";1;0;0;1;0;0;1;1;-13,22846626;-39,49492693;"SPRF-BA";"DEL01-BA";"UOP02-DEL01-BA"
134774;2018-05-16;"quarta-feira";"18:15:00";"SC";282;564,7;"NOVA ERECHIM";"Avarias e/ou desgaste excessivo no pneu";"Colisão frontal";"Com Vítimas Feridas";"Plena Noite";"Crescente";"Nublado";"Simples";"Reta";"Não";2;0;0;1;1;0;1;2;-26,898739;-52,877975;"SPRF-SC";"DEL07-SC";"UOP02-DEL07-SC"
134780;2018-05-16;"quarta-feira";"20:30:00";"SP";116;546;"BARRA DO TURVO";"Defeito Mecânico no Veículo";"Incêndio";"Sem Vítimas";"Plena Noite";"Decrescente";"Céu Claro";"Dupla";"Reta";"Não";2;0;0;0;1;1;0;2;-24,96767691;-48,43972921;"SPRF-SP";"DEL05-SP";"UOP02-DEL05-SP"
134781;2018-05-17;"quinta-feira";"01:30:00";"SE";235;70;"FREI PAULO";"Defeito Mecânico no Veículo";"Saída de leito carroçável";"Com Vítimas Feridas";"Plena Noite";"Decrescente";"Céu Claro";"Simples";"Reta";"Não";3;0;2;1;0;0;3;1;-10,56251;-37,516956;"SPRF-SE";"DEL01-SE";"UOP02-DEL01-SE"
134783;2018-05-17;"quinta-feira";"00:10:00";"SC";101;399,5;"MARACAJA";"Condutor Dormindo";"Tombamento";"Sem Vítimas";"Plena Noite";"Crescente";"Céu Claro";"Dupla";"Reta";"Não";1;0;0;0;1;0;0;1;-28,84614911;-49,43309069;"SPRF-SC";"DEL02-SC";"UOP02-DEL02-SC"
134785;2018-05-17;"quinta-feira";"02:30:00";"MG";40;599,2;"OURO PRETO";"Falta de Atenção à Condução";"Colisão traseira";"Com Vítimas Feridas";"Plena Noite";"Decrescente";"Céu Claro";"Simples";"Reta";"Não";3;0;1;0;1;2;1;4;-20,426651;-43,861796;"SPRF-MG";"DEL05-MG";"UOP02-DEL05-MG"
134788;2018-05-17;"quinta-feira";"03:00:00";"MG";381;888,7;"CAMBUI";"Velocidade Incompatível";"Colisão com objeto estático";"Com Vítimas Feridas";"Plena Noite";"Decrescente";"Céu Claro";"Dupla";"Curva";"Não";3;0;1;0;1;1;1;2;-22,5323929;-46,02814344;"SPRF-MG";"DEL16-MG";"UOP03-DEL16-MG"
134790;2018-05-17;"quinta-feira";"02:15:00";"RS";386;157,2;"ALMIRANTE TAMANDARE DO SUL";"Desobediência às normas de trânsito pelo condutor";"Colisão transversal";"Com Vítimas Feridas";"Plena Noite";"Decrescente";"Céu Claro";"Simples";"Reta";"Não";2;0;0;1;1;0;1;2;-28,133848;-52,848679;"SPRF-RS";"DEL08-RS";"UOP01-DEL08-RS"
134791;2018-05-17;"quinta-feira";"00:30:00";"SP";116;553;"BARRA DO TURVO";"Falta de Atenção à Condução";"Colisão traseira";"Com Vítimas Feridas";"Plena Noite";"Decrescente";"Nublado";"Dupla";"Declive;Reta";"Não";2;0;1;0;1;0;1;2;-24,96676264;-48,43460083;"SPRF-SP";"DEL05-SP";"UOP02-DEL05-SP"
134796;2018-05-16;"quarta-feira";"23:45:00";"PB";230;245,6;"JUAZEIRINHO";"Não guardar distância de segurança";"Colisão traseira";"Com Vítimas Feridas";"Plena Noite";"Decrescente";"Céu Claro";"Simples";"Reta";"Não";5;0;2;1;2;0;3;2;-7,071795;-36,612028;"SPRF-PB";"DEL02-PB";"UOP02-DEL02-PB"