"id";"data_inversa";"dia_semana";"horario";"uf";"br";"km";"municipio";"causa_acidente";"tipo_acidente";"classificacao_acidente";"fase_dia";"sentido_via";"condicao_metereologica";"tipo_pista";"tracado_via";"uso_solo";"pessoas";"mortos";"feridos_leves";"feridos_graves";"ilesos";"ignorados";"feridos";"veiculos";"latitude";"longitude";"regional";"delegacia";"uop"
135114;2018-05-18;"sexta-feira";"15:45:00";"BA";242;590;"MUQUEM DE SAO FRANCISCO";"Agressão Externa";"Saída de leito carroçável";"Com Vítimas Feridas";"Pleno dia";"Crescente";"Céu Claro";"Simples";"Reta";"Não";2;0;0;2;0;0;2;1;-12,16162288;-43,28906111;"SPRF-BA";"DEL10-BA";"UOP03-DEL06-BA"
135125;2018-05-18;"sexta-feira";"19:00:00";"RN";101;100;"PARNAMIRIM";"Falta de Atenção à Condução";"Colisão lateral";"Sem Vítimas";"Plena Noite";"Decrescente";"Céu Claro";"Dupla";"Curva";"Sim";2;0;0;0;2;0;0;2;-5,880965;-35,225444;"SPRF-RN";"DEL01-RN";"UOP01-DEL01-RN"
135128;2018-05-18;"sexta-feira";"18:00:00";"CE";116;56,7;"PACAJUS";"Defeito Mecânico no Veículo";"Engavetamento";"Com Vítimas Feridas";"Plena Noite";"Decrescente";"Nublado";"Simples";"Aclive";"Não";6;0;0;3;2;2;3;5;-4,22581408;-38,476924;"SPRF-CE";"DEL03-CE";"UOP02-DEL03-CE"
135133;2018-05-18;"sexta-feira";"17:55:00";"SC";163;67;"SAO MIGUEL DO OESTE";"Velocidade Incompatível";"Colisão traseira";"Com Vítimas Feridas";"Plena Noite";"Crescente";"Chuva";"Dupla";"Declive;Retorno Regulamentado";"Sim";5;0;1;1;3;0;2;4;-26,759436;-53,500553;"SPRF-SC";"DEL07-SC";"UOP03-DEL07-SC"
135138;2018-05-18;"sexta-feira";"16:30:00";"MT";174;122;"CACERES";"Falta de Atenção à Condução";"Saída de leito carroçável";"Sem Vítimas";"Anoitecer";"Decrescente";"Garoa/Chuvisco";"Simples";"Declive";"Não";1;0;0;0;1;0;0;1;-15,82743428;-58,07244301;"SPRF-MT";"DEL03-MT";"UOP01-DEL03-MT"
135145;2018-05-18;"sexta-feira";"21:12:00";"BA";324;357;"CAPIM GROSSO";"Ingestão de Álcool";"Colisão transversal";"Com Vítimas Fatais";"Plena Noite";"Decrescente";"Nublado";"Simples";"Reta";"Não";4;1;0;0;2;1;0;3;-11,38903593;-39,98522669;"SPRF-BA";"DEL04-BA";"UOP02-DEL04-BA"
135148;2018-05-18;"sexta-feira";"21:10:00";"PE";110;104;"SERTANIA";"Carga excessiva e/ou mal acondicionada";"Capotamento";"Com Vítimas Fatais";"Plena Noite";"Decrescente";"Nublado";"Simples";"Curva";"Não";3;2;1;0;0;0;1;1;-8,39961957;-37,33986845;"SPRF-PE";"DEL03-PE";"UOP02-DEL03-PE"
135154;2018-05-18;"sexta-feira";"21:20:00";"ES";101;269,7;"SERRA";"Velocidade Incompatível";"Colisão traseira";"Com Vítimas Feridas";"Plena Noite";"Crescente";"Céu Claro";"Múltipla";"Interseção de Vias";"Sim";4;0;1;0;2;1;1;3;-20,22307492;-40,27046529;"SPRF-ES";"DEL02-ES";"UOP01-DEL02-ES"
135157;2018-05-18;"sexta-feira";"22:15:00";"SP";116;223;"GUARULHOS";"Ingestão de Álcool";"Colisão traseira";"Com Vítimas Feridas";"Plena Noite";"Decrescente";"Céu Claro";"Múltipla";"Reta";"Sim";2;0;1;0;1;0;1;2;-23,47928852;-46,53073132;"SPRF-SP";"DEL01-SP";"UOP01-DEL01-SP"
135159;2018-05-18;"sexta-feira";"20:50:00";"SC";470;231,9;"SAO CRISTOVAO DO SUL";"Velocidade Incompatível";"Colisão lateral";"Com Vítimas Fatais";"Plena Noite";"Crescente";"Chuva";"Simples";"Curva";"Não";3;1;0;0;1;1;0;3;-27,30572095;-50,39574254;"SPRF-SC";"DEL05-SC";"UOP03-DEL05-SC"
135170;2018-05-19;"sábado";"00:10:00";"ES";262;115,4;"CONCEICAO DO CASTELO";"Ultrapassagem Indevida";"Colisão frontal";"Com Vítimas Feridas";"Plena Noite";"Crescente";"Céu Claro";"Simples";"Interseção de Vias";"Sim";5;0;2;1;2;0;3;3;-20,3200479;-41,22269991;"SPRF-ES";"DEL01-ES";"UOP02-DEL01-ES"
135171;2018-05-18;"sexta-feira";"21:00:00";"RJ";101;154,2;"MACAE";"Falta de Atenção à Condução";"Colisão traseira";"Com Vítimas Feridas";"Plena Noite";"Crescente";"Nublado";"Simples";"Reta";"Não";6;0;3;1;2;0;4;3;-22,25716691;-41,83425844;"SPRF-RJ";"DEL02-RJ";"UOP04-DEL08-RJ"
135190;2018-05-19;"sábado";"02:30:00";"MG";381;670,9;"PERDOES";"Ingestão de Álcool";"Colisão lateral";"Com Vítimas Feridas";"Plena Noite";"Decrescente";"Céu Claro";"Dupla";"Reta";"Não";4;0;1;0;2;1;1;3;-21,06063302;-45,04968122;"SPRF-MG";"DEL04-MG";"UOP02-DEL04-MG"
135193;2018-05-19;"sábado";"04:30:00";"PR";153;139,1;"VENTANIA";"Velocidade Incompatível";"Colisão transversal";"Com Vítimas Fatais";"Plena Noite";"Crescente";"Chuva";"Simples";"Curva";"Não";4;1;0;0;2;4;0;7;-24,232613;-50,231232;"SPRF-PR";"DEL07-PR";"UOP04-DEL07-PR"
135196;2018-05-19;"sábado";"04:30:00";"PR";116;42;"CAMPINA GRANDE DO SUL";"Velocidade Incompatível";"Saída de leito carroçável";"Sem Vítimas";"Plena Noite";"Crescente";"Chuva";"Dupla";"Curva";"Não";2;0;0;0;1;1;0;2;-25,176117;-48,874256;"SPRF-PR";"DEL01-PR";"UOP02-DEL01-PR"
135198;2018-05-19;"sábado";"05:30:00";"ES";101;310,9;"VILA VELHA";"Condutor Dormindo";"Colisão com objeto estático";"Com Vítimas Feridas";"Amanhecer";"Crescente";"Céu Claro";"Simples";"Reta";"Não";1;0;0;1;0;0;1;1;-20,4324755;-40,45952;"SPRF-ES";"DEL03-ES";"UOP01-DEL03-ES"
135202;2018-05-19;"sábado";"01:00:00";"RS";285;606,5;"SANTO ANTONIO DAS MISSOES";"Velocidade Incompatível";"Tombamento";"Com Vítimas Feridas";"Plena Noite";"Crescente";"Garoa/Chuvisco";"Simples";"Declive";"Não";2;0;1;0;0;1;1;2;-28,493546;-55,344425;"SPRF-RS";"DEL12-RS";"UOP01-DEL12-RS"
135208;2018-05-19;"sábado";"07:00:00";"SC";101;263,8;"GAROPABA";"Falta de Atenção à Condução";"Colisão traseira";"Com Vítimas Feridas";"Amanhecer";"Decrescente";"Céu Claro";"Dupla";"Curva";"Não";4;0;2;0;1;1;2;4;-28,0575;-48,7175;"SPRF-SC";"DEL02-SC";"UOP03-DEL02-SC"
135209;2018-05-19;"sábado";"06:35:00";"SC";101;313,4;"LAGUNA";"Ingestão de Álcool";"Colisão traseira";"Com Vítimas Feridas";"Amanhecer";"Decrescente";"Chuva";"Dupla";"Ponte";"Sim";4;0;2;0;1;2;2;4;-28,43850625;-48,83100986;"SPRF-SC";"DEL02-SC";"UOP01-DEL02-SC"
135216;2018-05-19;"sábado";"06:55:00";"PR";277;248,3;"IRATI";"Velocidade Incompatível";"Tombamento";"Com Vítimas Fatais";"Pleno dia";"Crescente";"Céu Claro";"Simples";"Curva";"Não";5;1;1;0;1;4;1;7;-25,4398643;-50,71065903;"SPRF-PR";"DEL03-PR";"UOP02-DEL08-PR"
135223;2018-05-19;"sábado";"07:30:00";"PB";101;117,5;"CAAPORA";"Falta de Atenção à Condução";"Colisão lateral";"Sem Vítimas";"Pleno dia";"Decrescente";"Sol";"Dupla";"Reta;Aclive";"Não";2;0;0;0;2;0;0;2;-7,45170936;-34,97993231;"SPRF-PB";"DEL01-PB";"UOP01-DEL01-PB"
135234;2018-05-19;"sábado";"09:00:00";"GO";158;48,2;"BOM JARDIM DE GOIAS";"Falta de Atenção à Condução";"Colisão traseira";"Com Vítimas Feridas";"Pleno dia";"Decrescente";"Chuva";"Simples";"Reta";"Não";4;0;2;0;1;3;2;6;-16,225178;-52,085976;"SPRF-GO";"DEL04-GO";"UOP01-DEL04-GO"
135243;2018-05-19;"sábado";"08:11:00";"MT";163;607;"NOVA MUTUM";"Pista Escorregadia";"Colisão traseira";"Com Vítimas Feridas";"Pleno dia";"Crescente";"Chuva";"Simples";"Reta";"Não";5;0;3;0;1;2;3;5;-13,73621682;-56,04898453;"SPRF-MT";"DEL01-MT";"UOP01-DEL01-MT"
135244;2018-05-19;"sábado";"08:30:00";"MT";163;610;"NOVA MUTUM";"Falta de Atenção à Condução";"Saída de leito carroçável";"Com Vítimas Feridas";"Pleno dia";"Crescente";"Chuva";"Simples";"Reta";"Não";2;0;1;0;0;3;1;4;-13,74171957;-56,05070114;"SPRF-MT";"DEL01-MT";"UOP01-DEL01-MT"
135248;2018-05-19;"sábado";"07:45:00";"SP";116;364;"MIRACATU";"Fenômenos da Natureza";"Tombamento";"Com Vítimas Feridas";"Pleno dia";"Decrescente";"Chuva";"Dupla";"Curva";"Não";1;0;1;0;0;0;1;1;-24,14675359;-47,29682922;"SPRF-SP";"DEL04-SP";"UOP03-DEL04-SP"
135250;2018-05-19;"sábado";"11:45:00";"MG";381;815;"CAREACU";"Velocidade Incompatível";"Colisão traseira";"Com Vítimas Feridas";"Pleno dia";"Decrescente";"Chuva";"Dupla";"Curva";"Não";5;0;2;0;1;2;2;4;-22,03266121;-45,67605615;"SPRF-MG";"DEL16-MG";"UOP02-DEL16-MG"
135252;2018-05-19;"sábado";"12:00:00";"PR";116;32,3;"CAMPINA GRANDE DO SUL";"Velocidade Incompatível";"Tombamento";"Com Vítimas Feridas";"Pleno dia";"Decrescente";"Nublado";"Dupla";"Curva";"Não";1;0;1;0;0;0;1;1;-25,10498;-48,839775;"SPRF-PR";"DEL01-PR";"UOP02-DEL01-PR"
135255;2018-05-19;"sábado";"12:45:00";"PI";135;363;"BOM JESUS";"Falta de Atenção à Condução";"Saída de leito carroçável";"Com Vítimas Feridas";"Pleno dia";"Crescente";"Céu Claro";"Simples";"Reta";"Não";4;0;1;0;2;1;1;3;-9,147805;-44,412312;"SPRF-PI";"DEL03-PI";"UOP02-DEL03-PI"
135256;2018-05-19;"sábado";"12:25:00";"ES";101;329,1;"GUARAPARI";"Velocidade Incompatível";"Saída de leito carroçável";"Com Vítimas Feridas";"Pleno dia";"Crescente";"Céu Claro";"Simples";"Curva";"Não";2;0;0;1;0;1;1;2;-20,5860602;-40,4975117;"SPRF-ES";"DEL03-ES";"UOP01-DEL03-ES"
135268;2018-05-19;"sábado";"13:45:00";"MG";40;562,5;"NOVA LIMA";"Pista Escorregadia";"Colisão traseira";"Com Vítimas Feridas";"Pleno dia";"Crescente";"Chuva";"Dupla";"Curva";"Não";15;0;10;0;4;2;10;7;-20,14709249;-43,95956039;"SPRF-MG";"DEL01-MG";"UOP02-DEL01-MG"
135269;2018-05-19;"sábado";"13:05:00";"MG";40;474,5;"SETE LAGOAS";"Desobediência às normas de trânsito pelo condutor";"Saída de leito carroçável";"Com Vítimas Feridas";"Pleno dia";"Decrescente";"Chuva";"Dupla";"Declive";"Não";2;0;1;0;0;1;1;2;-19,5079;-44,2734;"SPRF-MG";"DEL02-MG";"UOP01-DEL02-MG"
135271;2018-05-19;"sábado";"13:00:00";"MG";459;105,9;"POUSO ALEGRE";"Velocidade Incompatível";"Colisão frontal";"Com Vítimas Feridas";"Pleno dia";"Crescente";"Chuva";"Simples";"Curva";"Sim";3;0;2;0;1;0;2;2;-22,227884;-45,903973;"SPRF-MG";"DEL16-MG";"UOP01-DEL16-MG"
135273;2018-05-19;"sábado";"13:55:00";"ES";101;144,1;"LINHARES";"Desobediência às normas de trânsito pelo condutor";"Colisão transversal";"Com Vítimas Feridas";"Pleno dia";"Crescente";"Sol";"Múltipla";"Interseção de Vias";"Sim";3;0;0;1;1;1;1;3;-19,40572578;-40,06507874;"SPRF-ES";"DEL04-ES";"UOP01-DEL04-ES"
135275;2018-05-19;"sábado";"13:00:00";"MT";163;928;"ITAUBA";"Mal Súbito";"Saída de leito carroçável";"Sem Vítimas";"Pleno dia";"Crescente";"Céu Claro";"Simples";"Aclive";"Não";2;0;0;0;0;3;0;3;-11,01204485;-55,25204123;"SPRF-MT";"DEL06-MT";"UOP02-DEL06-MT"
135278;2018-05-19;"sábado";"13:33:00";"MG";381;940,3;"EXTREMA";"Velocidade Incompatível";"Colisão com objeto estático";"Com Vítimas Fatais";"Pleno dia";"Decrescente";"Céu Claro";"Dupla";"Curva";"Não";2;1;0;0;0;1;0;2;-22,82554971;-46,31216347;"SPRF-MG";"DEL16-MG";"UOP03-DEL16-MG"
135279;2018-05-19;"sábado";"14:20:00";"RJ";116;140;"DUQUE DE CAXIAS";"Não guardar distância de segurança";"Colisão lateral";"Com Vítimas Feridas";"Pleno dia";"Crescente";"Nublado";"Dupla";"Reta";"Sim";5;0;2;0;2;1;2;3;-22,659101;-43,251824;"SPRF-RJ";"DEL04-RJ";"UOP02-DEL04-RJ"
135281;2018-05-19;"sábado";"13:00:00";"RO";364;473,9;"ARIQUEMES";"Velocidade Incompatível";"Colisão traseira";"Sem Vítimas";"Pleno dia";"Decrescente";"Céu Claro";"Simples";"Reta";"Não";4;0;0;0;3;5;0;8;-10,181381;-62,81987;"SPRF-RO";"DEL03-RO";"UOP01-DEL03-RO"
135282;2018-05-19;"sábado";"08:00:00";"PR";280;276,8;"MARMELEIRO";"Pista Escorregadia";"Saída de leito carroçável";"Com Vítimas Feridas";"Pleno dia";"Decrescente";"Ignorado";"Simples";"Curva";"Não";2;0;1;0;0;1;1;2;-26,227;-53,1695;"SPRF-PR";"DEL02-PR";"UOP01-DEL02-PR"
135285;2018-05-19;"sábado";"13:00:00";"MG";251;275,8;"SALINAS";"Condutor Dormindo";"Saída de leito carroçável";"Com Vítimas Feridas";"Pleno dia";"Crescente";"Céu Claro";"Simples";"Curva";"Não";2;0;1;0;0;1;1;2;-15,9854;-42,0427;"SPRF-MG";"DEL11-MG";"UOP02-DEL11-MG"
135293;2018-05-19;"sábado";"15:00:00";"MG";381;531;"ITATIAIUCU";"Pista Escorregadia";"Saída de leito carroçável";"Com Vítimas Feridas";"Pleno dia";"Crescente";"Chuva";"Dupla";"Declive;Curva";"Não";3;0;1;0;2;0;1;2;-20,162888;-44,358392;"SPRF-MG";"DEL04-MG";"UOP03-DEL04-MG"
135296;2018-04-17;"terça-feira";"06:45:00";"RS";285;267,8;"MATO CASTELHANO";"Ultrapassagem Indevida";"Colisão frontal";"Com Vítimas Feridas";"Pleno dia";"Crescente";"Céu Claro";"Simples";"Reta";"Não";6;0;2;1;2;2;3;6;-28,29788137;-52,1522416;"SPRF-RS";"DEL08-RS";"UOP03-DEL08-RS"
135297;2018-05-19;"sábado";"15:15:00";"BA";116;816;"VITORIA DA CONQUISTA";"Ingestão de Álcool";"Colisão frontal";"Sem Vítimas";"Pleno dia";"Decrescente";"Sol";"Simples";"Reta";"Sim";3;0;0;0;2;1;0;3;-14,811955;-40,795335;"SPRF-BA";"DEL08-BA";"UOP01-DEL08-BA"
135298;2018-05-19;"sábado";"15:40:00";"MG";381;362;"JOAO MONLEVADE";"Velocidade Incompatível";"Colisão frontal";"Com Vítimas Fatais";"Pleno dia";"Crescente";"Nublado";"Simples";"Curva";"Sim";6;2;0;2;1;1;2;3;-19,84961597;-43,20882082;"SPRF-MG";"DEL03-MG";"UOP01-DEL03-MG"
135299;2018-05-19;"sábado";"15:00:00";"RJ";116;287;"BARRA MANSA";"Avarias e/ou desgaste excessivo no pneu";"Colisão com objeto estático";"Com Vítimas Feridas";"Pleno dia";"Crescente";"Chuva";"Dupla";"Reta";"Sim";4;0;1;0;2;1;1;3;-22,44970535;-44,31329012;"SPRF-RJ";"DEL07-RJ";"UOP02-DEL07-RJ"
135300;2018-05-19;"sábado";"15:25:00";"MG";40;48,8;"PARACATU";"Pista Escorregadia";"Saída de leito carroçável";"Com Vítimas Feridas";"Pleno dia";"Decrescente";"Chuva";"Simples";"Curva";"Não";1;0;1;0;0;0;1;1;-17,241491;-46,818447;"SPRF-MG";"DEL14-MG";"UOP01-DEL14-MG"
135303;2018-05-19;"sábado";"15:20:00";"MG";153;109;"PRATA";"Falta de Atenção à Condução";"Colisão transversal";"Com Vítimas Feridas";"Pleno dia";"Decrescente";"Nublado";"Simples";"Reta";"Sim";3;0;1;0;1;2;1;4;-19,30254705;-48,90714459;"SPRF-MG";"DEL15-MG";"UOP03-DEL15-MG"
135304;2018-05-19;"sábado";"15:40:00";"BA";116;837,6;"VITORIA DA CONQUISTA";"Desobediência às normas de trânsito pelo condutor";"Colisão lateral";"Com Vítimas Feridas";"Pleno dia";"Crescente";"Céu Claro";"Simples";"Reta";"Não";4;0;0;1;1;2;1;4;-14,967201;-40,910637;"SPRF-BA";"DEL08-BA";"UOP01-DEL08-BA"
135305;2018-05-19;"sábado";"16:15:00";"BA";101;700,9;"EUNAPOLIS";"Ingestão de Álcool";"Colisão frontal";"Com Vítimas Feridas";"Pleno dia";"Decrescente";"Céu Claro";"Simples";"Reta";"Não";5;0;0;1;3;1;1;4;-16,2616;-39,5882;"SPRF-BA";"DEL09-BA";"UOP01-DEL09-BA"
135325;2018-05-19;"sábado";"09:00:00";"MA";135;164,9;"SAO MATEUS DO MARANHAO";"Defeito na Via";"Colisão traseira";"Sem Vítimas";"Pleno dia";"Decrescente";"Céu Claro";"Simples";"Reta";"Não";3;0;0;0;2;2;0;4;-3,96046066;-44,51557159;"SPRF-MA";"DEL01-MA";"UOP02-DEL01-MA"
135327;2018-05-19;"sábado";"17:35:00";"SP";153;55,9;"SAO JOSE DO RIO PRETO";"Falta de Atenção à Condução";"Colisão transversal";"Sem Vítimas";"Anoitecer";"Decrescente";"Nublado";"Simples";"Interseção de Vias";"Sim";3;0;0;0;2;1;0;3;-20,76073879;-49,34574723;"SPRF-SP";"DEL09-SP";"UOP01-DEL09-SP"
135328;2018-05-19;"sábado";"15:15:00";"SC";470;282;"BRUNOPOLIS";"Velocidade Incompatível";"Colisão frontal";"Com Vítimas Feridas";"Pleno dia";"Crescente";"Garoa/Chuvisco";"Simples";"Curva";"Não";7;0;4;1;1;1;5;3;-27,33375;-50,87084;"SPRF-SC";"DEL07-SC";"UOP06-DEL07-SC"
135342;2018-05-19;"sábado";"19:15:00";"SC";101;109,5;"PENHA";"Falta de Atenção à Condução";"Tombamento";"Com Vítimas Feridas";"Plena Noite";"Crescente";"Nublado";"Dupla";"Curva";"Não";2;0;0;1;0;1;1;2;-26,83470741;-48,70048192;"SPRF-SC";"DEL03-SC";"UOP02-DEL03-SC"
135343;2018-05-19;"sábado";"19:00:00";"PR";476;326,3;"PAULO FRONTIN";"Ingestão de Álcool";"Colisão frontal";"Sem Vítimas";"Plena Noite";"Crescente";"Céu Claro";"Simples";"Reta";"Não";3;0;0;0;2;2;0;4;-26,093042;-50,780262;"SPRF-PR";"DEL02-PR";"UOP03-DEL02-PR"
135344;2018-05-19;"sábado";"19:15:00";"CE";20;308;"CANINDE";"Desobediência às normas de trânsito pelo condutor";"Colisão transversal";"Sem Vítimas";"Plena Noite";"Decrescente";"Céu Claro";"Simples";"Reta";"Sim";7;0;0;0;7;0;0;2;-4,34381;-39,29514;"SPRF-CE";"DEL02-CE";"UOP01-DEL02-CE"
135346;2018-05-19;"sábado";"18:30:00";"RS";470;284;"MONTENEGRO";"Restrição de Visibilidade";"Colisão traseira";"Com Vítimas Feridas";"Plena Noite";"Decrescente";"Chuva";"Simples";"Reta";"Não";2;0;0;1;1;0;1;2;-29,65822268;-51,45326614;"SPRF-RS";"DEL04-RS";"UOP02-DEL04-RS"
135353;2018-05-19;"sábado";"16:30:00";"MG";381;705,8;"LAVRAS";"Velocidade Incompatível";"Saída de leito carroçável";"Com Vítimas Feridas";"Pleno dia";"Crescente";"Chuva";"Dupla";"Curva";"Não";2;0;1;1;0;0;2;1;-21,3237;-45,1662;"SPRF-MG";"DEL04-MG";"UOP02-DEL04-MG"
135359;2018-05-19;"sábado";"20:30:00";"MG";40;435;"PARAOPEBA";"Falta de Atenção do Pedestre";"Tombamento";"Com Vítimas Feridas";"Plena Noite";"Decrescente";"Céu Claro";"Dupla";"Reta";"Não";3;0;3;0;0;0;3;1;-19,2284;-44,4391;"SPRF-MG";"DEL02-MG";"UOP01-DEL02-MG"
135364;2018-05-19;"sábado";"17:10:00";"MA";10;250;"IMPERATRIZ";"Falta de Atenção à Condução";"Colisão transversal";"Com Vítimas Feridas";"Pleno dia";"Decrescente";"Céu Claro";"Simples";"Interseção de Vias";"Sim";4;0;1;1;2;0;2;2;-5,550874;-47,459305;"SPRF-MA";"DEL04-MA";"UOP01-DEL04-MA"
135374;2018-05-19;"sábado";"18:20:00";"RJ";101;260;"RIO BONITO";"Defeito Mecânico no Veículo";"Tombamento";"Com Vítimas Feridas";"Anoitecer";"Decrescente";"Chuva";"Dupla";"Curva";"Não";2;0;1;0;1;0;1;1;-22,705261;-42,605854;"SPRF-RJ";"DEL02-RJ";"UOP03-DEL02-RJ"
135380;2018-05-19;"sábado";"22:00:00";"MG";381;530,2;"RIO MANSO";"Condutor Dormindo";"Colisão traseira";"Com Vítimas Feridas";"Plena Noite";"Decrescente";"Nublado";"Dupla";"Reta";"Não";3;0;1;0;1;1;1;3;-20,1629;-44,3577;"SPRF-MG";"DEL04-MG";"UOP03-DEL04-MG"
135384;2018-05-19;"sábado";"21:50:00";"PA";10;271,8;"MAE DO RIO";"Desobediência às normas de trânsito pelo condutor";"Colisão frontal";"Com Vítimas Feridas";"Plena Noite";"Crescente";"Céu Claro";"Simples";"Reta";"Sim";4;0;2;0;1;2;2;4;-2,05342;-47,55283;"SPRF-PA";"DEL02-PA";"UOP01-DEL02-PA"
135388;2018-05-19;"sábado";"21:45:00";"TO";153;785;"TALISMA";"Pista Escorregadia";"Tombamento";"Com Vítimas Feridas";"Plena Noite";"Crescente";"Chuva";"Simples";"Reta";"Não";2;0;1;0;0;1;1;2;-12,74993284;-49,0836525;"SPRF-TO";"DEL02-TO";"UOP02-DEL01-TO"
135396;2018-05-19;"sábado";"21:45:00";"SC";470;50;"BLUMENAU";"Ingestão de Álcool";"Colisão lateral";"Com Vítimas Feridas";"Plena Noite";"Crescente";"Céu Claro";"Simples";"Curva";"Sim";4;0;1;0;3;0;1;4;-26,859768;-49,074493;"SPRF-SC";"DEL04-SC";"UOP01-DEL04-SC"
135400;2018-05-19;"sábado";"22:30:00";"PR";272;564;"GUAIRA";"Falta de Atenção à Condução";"Tombamento";"Com Vítimas Feridas";"Plena Noite";"Decrescente";"Céu Claro";"Simples";"Rotatória";"Não";2;0;1;0;0;1;1;2;-24,1059029;-54,23808575;"SPRF-PR";"DEL06-PR";"UAP01-DEL06-PR"
135405;2018-05-19;"sábado";"22:10:00";"RS";392;253,3;"CACAPAVA DO SUL";"Ingestão de Álcool";"Tombamento";"Com Vítimas Feridas";"Plena Noite";"Decrescente";"Céu Claro";"Simples";"Declive;Curva";"Não";2;0;1;0;0;2;1;3;-30,526354;-53,447735;"SPRF-RS";"DEL09-RS";"UOP02-DEL09-RS"
135408;2018-05-19;"sábado";"23:45:00";"BA";242;775;"BARREIRAS";"Falta de Atenção à Condução";"Colisão lateral";"Sem Vítimas";"Plena Noite";"Decrescente";"Céu Claro";"Simples";"Curva";"Não";4;0;0;0;3;2;0;4;-12,167794;-44,87097;"SPRF-BA";"DEL10-BA";"UOP01-DEL10-BA"
135409;2018-05-19;"sábado";"22:40:00";"MT";364;488;"JANGADA";"Ingestão de Álcool";"Saída de leito carroçável";"Sem Vítimas";"Plena Noite";"Decrescente";"Nublado";"Simples";"Reta";"Não";2;0;0;0;1;1;0;2;-15,341755;-56,418949;"SPRF-MT";"DEL01-MT";"DEL2/4-UOP02/MT"
135413;2018-05-20;"domingo";"02:10:00";"MG";381;674,6;"PERDOES";"Velocidade Incompatível";"Saída de leito carroçável";"Sem Vítimas";"Plena Noite";"Decrescente";"Chuva";"Dupla";"Curva";"Não";2;0;0;0;1;1;0;2;-21,0913;-45,0724;"SPRF-MG";"DEL04-MG";"UOP02-DEL04-MG"
135418;2018-05-20;"domingo";"03:25:00";"PR";116;114,8;"CURITIBA";"Velocidade Incompatível";"Derramamento de carga";"Sem Vítimas";"Plena Noite";"Decrescente";"Nublado";"Dupla";"Reta";"Sim";2;0;0;0;1;1;0;2;-25,545694;-49,29761365;"SPRF-PR";"DEL01-PR";"UOP01-DEL01-PR"
135423;2018-05-20;"domingo";"03:20:00";"PI";343;264,5;"CAMPO MAIOR";"Falta de Atenção à Condução";"Colisão transversal";"Com Vítimas Feridas";"Plena Noite";"Crescente";"Nublado";"Simples";"Reta";"Sim";2;0;0;1;1;0;1;2;-4,827662;-42,162594;"SPRF-PI";"DEL01-PI";"UOP03-DEL01-PI"
135433;2018-05-20;"domingo";"04:20:00";"MG";40;789,9;"JUIZ DE FORA";"Falta de Atenção à Condução";"Colisão traseira";"Com Vítimas Feridas";"Plena Noite";"Decrescente";"Nevoeiro/Neblina";"Dupla";"Reta";"Não";2;0;1;0;1;0;1;2;-21,7755;-43,4327;"SPRF-MG";"DEL05-MG";"UOP01-DEL05-MG"
135434;2018-05-20;"domingo";"04:00:00";"PE";407;43,7;"PETROLINA";"Falta de Atenção à Condução";"Colisão traseira";"Com Vítimas Fatais";"Plena Noite";"Crescente";"Céu Claro";"Simples";"Reta";"Não";3;2;0;0;0;1;0;2;-8,76826;-40,88753;"SPRF-PE";"DEL06-PE";"UOP02-DEL06-PE"
135435;2018-05-20;"domingo";"05:40:00";"TO";153;787,9;"TALISMA";"Deficiência ou não Acionamento do Sistema de Iluminação/Sinalização do Veículo";"Colisão traseira";"Sem Vítimas";"Amanhecer";"Decrescente";"Nublado";"Simples";"Reta";"Não";4;0;0;0;3;4;0;6;-12,701752;-49,073166;"SPRF-TO";"DEL02-TO";"UOP02-DEL01-TO"
135453;2018-05-08;"terça-feira";"13:00:00";"MG";262;747,9;"SACRAMENTO";"Velocidade Incompatível";"Colisão lateral";"Sem Vítimas";"Pleno dia";"Crescente";"Céu Claro";"Simples";"Reta";"Não";5;0;0;0;4;5;0;9;-19,641796;-47,507908;"SPRF-MG";"DEL08-MG";"UOP01-DEL08-MG"
135454;2018-05-20;"domingo";"04:10:00";"PE";232;368,7;"FLORES";"Condutor Dormindo";"Tombamento";"Com Vítimas Feridas";"Amanhecer";"Crescente";"Céu Claro";"Simples";"Reta";"Não";1;0;1;0;0;0;1;1;-8,04449543;-37,88593411;"SPRF-PE";"DEL04-PE";"UOP01-DEL04-PE"
135456;2018-05-19;"sábado";"01:00:00";"MG";116;25;"CACHOEIRA DE PAJEU";"Falta de Atenção à Condução";"Saída de leito carroçável";"Sem Vítimas";"Plena Noite";"Decrescente";"Céu Claro";"Simples";"Interseção de Vias";"Sim";2;0;0;0;1;1;0;1;-15,87284632;-41,43133163;"SPRF-BA";"DEL08-BA";"UOP03-DEL08-BA"
135457;2018-04-15;"domingo";"20:00:00";"RS";285;494,3;"ENTRE-IJUIS";"Velocidade Incompatível";"Saída de leito carroçável";"Com Vítimas Feridas";"Plena Noite";"Decrescente";"Céu Claro";"Simples";"Reta";"Não";1;0;0;1;0;0;1;1;-28,37551826;-54,24509972;"SPRF-RS";"DEL10-RS";"UOP01-DEL10-RS"
135459;2018-05-20;"domingo";"09:25:00";"MG";40;687,6;"RESSAQUINHA";"Falta de Atenção à Condução";"Tombamento";"Com Vítimas Feridas";"Pleno dia";"Decrescente";"Sol";"Simples";"Reta";"Não";4;0;2;0;1;1;2;2;-21,101887;-43,763497;"SPRF-MG";"DEL05-MG";"UOP02-DEL05-MG"