"id";"data_inversa";"dia_semana";"horario";"uf";"br";"km";"municipio";"causa_acidente";"tipo_acidente";"classificacao_acidente";"fase_dia";"sentido_via";"condicao_metereologica";"tipo_pista";"tracado_via";"uso_solo";"pessoas";"mortos";"feridos_leves";"feridos_graves";"ilesos";"ignorados";"feridos";"veiculos";"latitude";"longitude";"regional";"delegacia";"uop"
135462;2018-05-20;"domingo";"09:00:00";"GO";153;698;"ITUMBIARA";"Mal Súbito";"Tombamento";"Com Vítimas Feridas";"Pleno dia";"Crescente";"Céu Claro";"Simples";"Curva";"Sim";2;0;1;0;0;1;1;2;-18,3777;-49,2106;"SPRF-GO";"DEL03-GO";"UOP02-DEL03-GO"
135464;2018-05-20;"domingo";"09:30:00";"SP";116;513;"CAJATI";"Falta de Atenção à Condução";"Saída de leito carroçável";"Sem Vítimas";"Pleno dia";"Crescente";"Sol";"Dupla";"Curva;Aclive";"Não";2;0;0;0;1;1;0;2;-24,851469;-48,21723;"SPRF-SP";"DEL05-SP";"UAP01-DEL05-SP"
135482;2018-05-20;"domingo";"10:00:00";"MT";70;77;"GENERAL CARNEIRO";"Falta de Atenção à Condução";"Saída de leito carroçável";"Com Vítimas Feridas";"Pleno dia";"Crescente";"Céu Claro";"Simples";"Curva";"Não";2;0;1;0;0;2;1;3;-15,671157;-52,804817;"SPRF-MT";"DEL07-MT";"UOP01-DEL07-MT"
135483;2018-05-20;"domingo";"10:45:00";"MG";354;703,2;"CAXAMBU";"Falta de Atenção à Condução";"Colisão lateral";"Com Vítimas Feridas";"Pleno dia";"Crescente";"Céu Claro";"Simples";"Curva";"Sim";2;0;1;0;1;0;1;2;-21,97605114;-44,92310375;"SPRF-MG";"DEL05-MG";"DEL5/4-UOP01/MG"
135514;2018-05-20;"domingo";"13:43:00";"MG";381;723;"CARMO DA CACHOEIRA";"Velocidade Incompatível";"Tombamento";"Sem Vítimas";"Pleno dia";"Decrescente";"Céu Claro";"Dupla";"Curva";"Não";2;0;0;0;1;1;0;2;-21,4571;-45,2109;"SPRF-MG";"DEL04-MG";"UOP02-DEL04-MG"
135520;2018-05-20;"domingo";"12:15:00";"PA";10;181,3;"IPIXUNA DO PARA";"Defeito Mecânico no Veículo";"Derramamento de carga";"Sem Vítimas";"Pleno dia";"Crescente";"Céu Claro";"Simples";"Reta";"Não";2;0;0;0;1;2;0;3;-2,85737;-47,44026;"SPRF-PA";"DEL02-PA";"UOP01-DEL02-PA"
135527;2018-05-20;"domingo";"15:00:00";"CE";116;93,5;"OCARA";"Falta de Atenção à Condução";"Colisão transversal";"Com Vítimas Feridas";"Pleno dia";"Decrescente";"Céu Claro";"Simples";"Reta";"Sim";3;0;2;0;1;0;2;2;-4,49877773;-38,36073875;"SPRF-CE";"DEL03-CE";"UOP02-DEL03-CE"
135532;2018-05-20;"domingo";"15:50:00";"GO";153;50;"APARECIDA DE GOIANIA";"Falta de Atenção à Condução";"Colisão traseira";"Com Vítimas Feridas";"Pleno dia";"Decrescente";"Sol";"Dupla";"Retorno Regulamentado";"Sim";2;0;1;0;1;0;1;2;-16,78670007;-49,24544334;"SPRF-GO";"DEL07-GO";"UOP01-DEL07-GO"
135536;2018-05-20;"domingo";"17:10:00";"MG";381;391,3;"BARAO DE COCAIS";"Falta de Atenção do Pedestre";"Atropelamento de Pedestre";"Com Vítimas Fatais";"Pleno dia";"Crescente";"Nublado";"Simples";"Reta";"Não";4;1;0;0;1;2;0;3;-19,80643907;-43,40251923;"SPRF-MG";"DEL01-MG";"UOP01-DEL01-MG"
135542;2018-05-20;"domingo";"14:30:00";"MG";116;571,8;"MANHUACU";"Velocidade Incompatível";"Tombamento";"Com Vítimas Feridas";"Pleno dia";"Crescente";"Sol";"Simples";"Reta;Declive";"Não";2;0;1;0;0;1;1;2;-20,11175971;-42,17738807;"SPRF-MG";"DEL06-MG";"UOP03-DEL06-MG"
135558;2018-05-20;"domingo";"18:00:00";"PB";230;0,8;"CABEDELO";"Desobediência às normas de trânsito pelo condutor";"Colisão traseira";"Com Vítimas Feridas";"Plena Noite";"Crescente";"Céu Claro";"Simples";"Reta";"Sim";3;0;0;1;2;0;1;3;-6,99662993;-34,82769012;"SPRF-PB";"DEL01-PB";"UOP01-DEL01-PB"
135560;2018-05-20;"domingo";"18:45:00";"MG";40;611,2;"CONGONHAS";"Falta de Atenção à Condução";"Colisão lateral";"Com Vítimas Feridas";"Plena Noite";"Crescente";"Céu Claro";"Simples";"Reta";"Não";8;0;4;0;2;4;4;7;-20,517;-43,8375;"SPRF-MG";"DEL05-MG";"UOP02-DEL05-MG"
135565;2018-05-20;"domingo";"16:30:00";"RO";364;562;"ALTO PARAISO";"Não guardar distância de segurança";"Colisão traseira";"Sem Vítimas";"Pleno dia";"Crescente";"Céu Claro";"Simples";"Reta;Declive";"Não";5;0;0;0;4;1;0;5;-9,543718;-63,076283;"SPRF-RO";"DEL03-RO";"UOP04-DEL01-RO"
135567;2018-05-20;"domingo";"18:30:00";"RN";304;31,8;"MOSSORO";"Ingestão de Álcool";"Colisão lateral";"Sem Vítimas";"Plena Noite";"Crescente";"Céu Claro";"Simples";"Reta";"Sim";3;0;0;0;2;1;0;3;-5,13404302;-37,34478738;"SPRF-RN";"DEL04-RN";"UOP02-DEL04-RN"
135571;2018-05-20;"domingo";"15:40:00";"BA";242;329;"LENCOIS";"Velocidade Incompatível";"Tombamento";"Com Vítimas Feridas";"Pleno dia";"Crescente";"Céu Claro";"Simples";"Curva";"Não";2;0;1;0;0;1;1;2;-12,47278281;-41,4541626;"SPRF-BA";"DEL06-BA";"UOP01-DEL06-BA"
135588;2018-05-20;"domingo";"18:15:00";"MA";222;200;"ITAPECURU MIRIM";"Falta de Atenção à Condução";"Colisão com objeto em movimento";"Com Vítimas Fatais";"Anoitecer";"Decrescente";"Garoa/Chuvisco";"Simples";"Reta;Declive";"Não";2;1;0;0;0;1;0;2;-3,42153224;-44,34527707;"SPRF-MA";"DEL01-MA";"DEL18/1-UOP03/MA"
135590;2018-05-20;"domingo";"18:15:00";"MG";40;644,5;"CRISTIANO OTONI";"Falta de Atenção à Condução";"Colisão traseira";"Com Vítimas Feridas";"Plena Noite";"Decrescente";"Céu Claro";"Simples";"Reta";"Não";3;0;1;0;1;1;1;3;-20,78163997;-43,81173028;"SPRF-MG";"DEL05-MG";"UOP02-DEL05-MG"
135599;2018-05-20;"domingo";"21:00:00";"TO";153;699,1;"CARIRI DO TOCANTINS";"Ingestão de Álcool";"Colisão com objeto estático";"Com Vítimas Feridas";"Plena Noite";"Crescente";"Céu Claro";"Simples";"Interseção de Vias";"Não";3;0;1;1;1;0;2;2;-11,952789;-49,195595;"SPRF-TO";"DEL02-TO";"UOP02-DEL01-TO"
135601;2018-05-20;"domingo";"17:10:00";"SP";116;544;"BARRA DO TURVO";"Falta de Atenção à Condução";"Tombamento";"Com Vítimas Feridas";"Pleno dia";"Decrescente";"Sol";"Dupla";"Curva";"Não";2;0;1;0;0;2;1;3;-24,91134942;-48,256073;"SPRF-SP";"DEL05-SP";"UOP02-DEL05-SP"
135603;2018-05-20;"domingo";"20:20:00";"PR";376;594,9;"CURITIBA";"Falta de Atenção do Pedestre";"Atropelamento de Pedestre";"Com Vítimas Feridas";"Plena Noite";"Decrescente";"Céu Claro";"Dupla";"Reta";"Sim";4;0;0;1;2;2;1;5;-25,4931086;-49,34379995;"SPRF-PR";"DEL01-PR";"UOP06-DEL01-PR"
135606;2018-05-20;"domingo";"11:40:00";"PR";163;13,1;"BOM JESUS DO SUL";"Velocidade Incompatível";"Tombamento";"Sem Vítimas";"Pleno dia";"Decrescente";"Sol";"Simples";"Aclive;Curva";"Não";2;0;0;0;1;1;0;2;-26,22063557;-53,64130497;"SPRF-PR";"DEL02-PR";"UOP02-DEL02-PR"
135608;2018-05-20;"domingo";"19:30:00";"PE";424;97,7;"GARANHUNS";"Ingestão de Álcool";"Colisão frontal";"Sem Vítimas";"Plena Noite";"Crescente";"Céu Claro";"Simples";"Reta";"Não";2;0;0;0;1;1;0;2;-8,9454448;-36,50988579;"SPRF-PE";"DEL03-PE";"UOP01-DEL03-PE"
135610;2018-05-20;"domingo";"21:20:00";"SE";101;174;"SANTA LUZIA DO ITANHY";"Desobediência às normas de trânsito pelo condutor";"Tombamento";"Com Vítimas Fatais";"Plena Noite";"Decrescente";"Céu Claro";"Simples";"Declive;Reta";"Não";2;1;0;0;0;1;0;2;-11,3419396;-37,6066714;"SPRF-SE";"DEL02-SE";"UOP01-DEL02-SE"
135623;2018-04-24;"terça-feira";"18:30:00";"BA";116;473;"SANTO ESTEVAO";"Restrição de Visibilidade";"Saída de leito carroçável";"Com Vítimas Feridas";"Plena Noite";"Decrescente";"Chuva";"Dupla";"Reta";"Sim";2;0;0;1;0;1;1;2;-12,49457119;-39,33895111;"SPRF-BA";"DEL02-BA";"UOP01-DEL02-BA"
135628;2018-05-20;"domingo";"19:30:00";"GO";40;25,5;"LUZIANIA";"Não guardar distância de segurança";"Atropelamento de Pedestre";"Com Vítimas Fatais";"Plena Noite";"Crescente";"Nublado";"Dupla";"Reta";"Não";2;1;0;0;1;0;0;2;-16,252751;-47,900453;"SPRF-DF";"DEL01-DF";"UOP01-DEL01-DF"
135629;2018-05-20;"domingo";"14:30:00";"MT";174;488;"COMODORO";"Defeito Mecânico no Veículo";"Colisão frontal";"Sem Vítimas";"Pleno dia";"Crescente";"Céu Claro";"Simples";"Reta";"Não";3;0;0;0;2;4;0;6;-13,638852;-59,798595;"SPRF-MT";"DEL04-MT";"UOP01-DEL04-MT"
135631;2018-05-20;"domingo";"23:30:00";"SP";116;306,6;"SAO LOURENCO DA SERRA";"Falta de Atenção do Pedestre";"Atropelamento de Pedestre";"Com Vítimas Fatais";"Plena Noite";"Crescente";"Céu Claro";"Dupla";"Reta";"Sim";3;1;0;0;1;1;0;3;-23,84883907;-46,93828225;"SPRF-SP";"DEL04-SP";"UOP01-DEL04-SP"
135633;2018-05-20;"domingo";"23:50:00";"SP";116;68,8;"APARECIDA";"Condutor Dormindo";"Colisão traseira";"Com Vítimas Feridas";"Plena Noite";"Decrescente";"Nublado";"Dupla";"Curva";"Sim";7;0;1;1;5;0;2;6;-22,83846864;-45,22308469;"SPRF-SP";"DEL08-SP";"UOP01-DEL08-SP"
135635;2018-05-20;"domingo";"23:00:00";"SC";470;155,7;"AGRONOMICA";"Falta de Atenção à Condução";"Colisão traseira";"Sem Vítimas";"Plena Noite";"Crescente";"Nublado";"Simples";"Reta";"Não";2;0;0;0;2;0;0;2;-27,27454256;-49,74649608;"SPRF-SC";"DEL04-SC";"UOP02-DEL04-SC"
135651;2018-05-20;"domingo";"22:50:00";"MG";116;659,1;"SAO FRANCISCO DO GLORIA";"Falta de Atenção à Condução";"Colisão transversal";"Com Vítimas Feridas";"Pleno dia";"Crescente";"Céu Claro";"Simples";"Interseção de Vias";"Sim";2;0;1;0;1;0;1;2;-20,773113;-42,3004666;"SPRF-MG";"DEL07-MG";"UOP03-DEL07-MG"
135667;2018-05-21;"segunda-feira";"07:00:00";"MT";70;67,5;"GENERAL CARNEIRO";"Ingestão de Álcool";"Colisão com objeto estático";"Com Vítimas Feridas";"Amanhecer";"Crescente";"Céu Claro";"Simples";"Reta";"Sim";2;0;1;0;1;0;1;2;-15,70610321;-52,75355279;"SPRF-MT";"DEL07-MT";"UOP01-DEL07-MT"
135673;2018-05-21;"segunda-feira";"07:50:00";"PR";116;3;"CAMPINA GRANDE DO SUL";"Restrição de Visibilidade";"Colisão traseira";"Com Vítimas Feridas";"Pleno dia";"Decrescente";"Sol";"Dupla";"Declive";"Não";2;0;1;0;1;0;1;2;-25,071724;-48,585697;"SPRF-PR";"DEL01-PR";"UOP02-DEL01-PR"
135678;2018-05-21;"segunda-feira";"09:00:00";"PR";376;174,5;"MARINGA";"Falta de Atenção à Condução";"Colisão lateral";"Com Vítimas Feridas";"Pleno dia";"Decrescente";"Céu Claro";"Dupla";"Interseção de Vias";"Sim";2;0;1;0;1;0;1;2;-23,41568253;-51,9546032;"SPRF-PR";"DEL07-PR";"UOP01-DEL09-PR"
135685;2018-05-21;"segunda-feira";"08:30:00";"MS";163;505,9;"JARAGUARI";"Condutor Dormindo";"Colisão traseira";"Com Vítimas Feridas";"Pleno dia";"Crescente";"Céu Claro";"Dupla";"Reta";"Não";3;0;1;0;2;0;1;2;-20,276874;-54,49077;"SPRF-MS";"DEL01-MS";"UOP02-DEL01-MS"
135686;2018-05-21;"segunda-feira";"07:30:00";"MG";365;406;"PATOS DE MINAS";"Velocidade Incompatível";"Saída de leito carroçável";"Sem Vítimas";"Pleno dia";"Crescente";"Nevoeiro/Neblina";"Simples";"Interseção de Vias";"Não";1;0;0;0;1;0;0;1;-18,632778;-46,47139;"SPRF-MG";"DEL10-MG";"UOP01-DEL10-MG"
135699;2018-05-21;"segunda-feira";"10:00:00";"MG";381;402;"BOM JESUS DO AMPARO";"Falta de Atenção à Condução";"Colisão traseira";"Com Vítimas Feridas";"Pleno dia";"Crescente";"Céu Claro";"Simples";"Reta";"Não";7;0;4;0;3;0;4;3;-19,75075002;-43,48443724;"SPRF-MG";"DEL01-MG";"UOP01-DEL01-MG"
135710;2018-05-21;"segunda-feira";"13:50:00";"SP";116;293;"ITAPECERICA DA SERRA";"Não guardar distância de segurança";"Colisão traseira";"Com Vítimas Feridas";"Pleno dia";"Crescente";"Céu Claro";"Dupla";"Reta";"Não";2;0;1;0;0;1;1;2;-23,74719799;-46,90062404;"SPRF-SP";"DEL04-SP";"UOP01-DEL04-SP"
135711;2018-05-21;"segunda-feira";"14:04:00";"GO";153;498,7;"GOIANIA";"Não guardar distância de segurança";"Colisão traseira";"Com Vítimas Feridas";"Pleno dia";"Crescente";"Sol";"Dupla";"Reta";"Sim";3;0;2;0;1;0;2;2;-16,6939;-49,2321;"SPRF-GO";"DEL01-GO";"UOP01-DEL01-GO"
135723;2018-05-21;"segunda-feira";"14:30:00";"PR";376;108,8;"PARANAVAI";"Desobediência às normas de trânsito pelo pedestre";"Atropelamento de Pedestre";"Com Vítimas Feridas";"Pleno dia";"Decrescente";"Céu Claro";"Dupla";"Retorno Regulamentado";"Não";3;0;0;1;1;1;1;2;-23,07600449;-52,4159036;"SPRF-PR";"DEL07-PR";"UOP02-DEL09-PR"
135739;2018-05-21;"segunda-feira";"16:50:00";"ES";101;271;"SERRA";"Falta de Atenção do Pedestre";"Atropelamento de Pedestre";"Com Vítimas Feridas";"Pleno dia";"Crescente";"Céu Claro";"Dupla";"Curva";"Sim";3;0;1;0;1;1;1;3;-20,23224106;-40,27659237;"SPRF-ES";"DEL02-ES";"UOP01-DEL02-ES"
135740;2018-04-09;"segunda-feira";"20:00:00";"PR";476;22;"ADRIANOPOLIS";"Velocidade Incompatível";"Colisão lateral";"Com Vítimas Feridas";"Plena Noite";"Crescente";"Céu Claro";"Simples";"Curva";"Não";5;0;0;2;2;1;2;3;-24,768118;-49,025734;"SPRF-PR";"DEL01-PR";"UOP01-DEL01-PR"
135741;2018-05-21;"segunda-feira";"11:30:00";"RO";364;723;"PORTO VELHO";"Velocidade Incompatível";"Colisão traseira";"Com Vítimas Feridas";"Pleno dia";"Crescente";"Céu Claro";"Dupla";"Reta";"Não";3;0;0;1;1;1;1;3;-8,83485626;-63,93782794;"SPRF-RO";"DEL01-RO";"UOP01-DEL01-RO"
135744;2018-05-21;"segunda-feira";"17:00:00";"RJ";356;64;"ITAPERUNA";"Velocidade Incompatível";"Tombamento";"Com Vítimas Feridas";"Anoitecer";"Crescente";"Nublado";"Simples";"Curva";"Não";2;0;1;0;0;1;1;2;-21,349068;-41,713776;"SPRF-RJ";"DEL08-RJ";"UOP03-DEL08-RJ"
135752;2018-05-21;"segunda-feira";"17:30:00";"MG";365;164,5;"PIRAPORA";"Carga excessiva e/ou mal acondicionada";"Derramamento de carga";"Com Vítimas Fatais";"Anoitecer";"Decrescente";"Ignorado";"Simples";"Reta";"Sim";2;1;0;0;1;0;0;2;-17,36996786;-44,9360387;"SPRF-MG";"DEL12-MG";"UOP01-DEL12-MG"
135756;2018-05-21;"segunda-feira";"18:30:00";"CE";20;419,1;"MARACANAU";"Falta de Atenção à Condução";"Colisão lateral";"Sem Vítimas";"Plena Noite";"Crescente";"Céu Claro";"Dupla";"Reta";"Não";2;0;0;0;2;0;0;2;-3,8439011;-38,5847625;"SPRF-CE";"DEL01-CE";"UOP02-DEL01-CE"
135763;2018-05-21;"segunda-feira";"17:30:00";"SC";280;187,3;"MAFRA";"Ultrapassagem Indevida";"Colisão lateral";"Sem Vítimas";"Pleno dia";"Crescente";"Céu Claro";"Simples";"Declive";"Não";12;0;0;0;11;1;0;5;-26,16790458;-49,94892991;"SPRF-SC";"DEL06-SC";"UOP01-DEL06-SC"
135781;2018-05-21;"segunda-feira";"19:30:00";"PR";373;455;"CHOPINZINHO";"Velocidade Incompatível";"Colisão frontal";"Com Vítimas Feridas";"Plena Noite";"Crescente";"Céu Claro";"Simples";"Curva";"Não";2;0;1;0;1;0;1;2;-25,95773599;-52,41130829;"SPRF-PR";"DEL02-PR";"UOP01-DEL02-PR"
135788;2018-05-21;"segunda-feira";"18:02:00";"BA";101;223;"CRUZ DAS ALMAS";"Desobediência às normas de trânsito pelo condutor";"Colisão traseira";"Com Vítimas Fatais";"Anoitecer";"Crescente";"Nublado";"Simples";"Reta";"Não";4;1;1;1;0;1;2;3;-12,6814;-39,1408;"SPRF-BA";"DEL01-BA";"UOP02-DEL01-BA"
135792;2018-05-21;"segunda-feira";"23:35:00";"SC";101;125,5;"ITAJAI";"Sinalização da via insuficiente ou inadequada";"Colisão traseira";"Com Vítimas Feridas";"Plena Noite";"Decrescente";"Nublado";"Dupla";"Curva";"Não";2;0;0;1;1;0;1;2;-26,95114705;-48,6800766;"SPRF-SC";"DEL04-SC";"UOP04-DEL04-SC"
135793;2018-05-21;"segunda-feira";"22:30:00";"ES";259;35,8;"COLATINA";"Falta de Atenção à Condução";"Saída de leito carroçável";"Com Vítimas Feridas";"Plena Noite";"Crescente";"Céu Claro";"Simples";"Reta";"Não";2;0;1;0;0;1;1;2;-19,55459367;-40,50117373;"SPRF-ES";"DEL02-ES";"UOP01-DEL02-ES"
135798;2018-05-05;"sábado";"17:10:00";"MG";116;73;"MEDINA";"Ingestão de Álcool";"Colisão transversal";"Com Vítimas Feridas";"Anoitecer";"Decrescente";"Ignorado";"Simples";"Reta";"Sim";2;0;1;0;1;0;1;2;-16,21071855;-41,47338867;"SPRF-MG";"DEL11-MG";"UOP02-DEL11-MG"
135799;2018-05-22;"terça-feira";"02:50:00";"SP";116;72;"APARECIDA";"Animais na Pista";"Atropelamento de Animal";"Com Vítimas Feridas";"Plena Noite";"Crescente";"Céu Claro";"Dupla";"Reta";"Não";2;0;1;0;1;0;1;2;-22,863543;-45,237461;"SPRF-SP";"DEL08-SP";"UOP01-DEL08-SP"
135800;2018-05-22;"terça-feira";"04:50:00";"PE";232;41,8;"VITORIA DE SANTO ANTAO";"Não guardar distância de segurança";"Colisão traseira";"Com Vítimas Feridas";"Amanhecer";"Crescente";"Céu Claro";"Dupla";"Reta";"Não";3;0;0;1;0;2;1;3;-8,115188;-35,251433;"SPRF-PE";"DEL01-PE";"UOP02-DEL02PE"
135807;2018-05-21;"segunda-feira";"21:40:00";"RJ";116;281;"BARRA MANSA";"Falta de Atenção à Condução";"Colisão com objeto estático";"Sem Vítimas";"Plena Noite";"Decrescente";"Céu Claro";"Múltipla";"Reta";"Não";2;0;0;0;2;0;0;2;-22,547443;-44,183659;"SPRF-RJ";"DEL07-RJ";"UOP02-DEL07-RJ"
135818;2018-05-21;"segunda-feira";"07:00:00";"RJ";493;24;"MAGE";"Falta de Atenção à Condução";"Colisão traseira";"Com Vítimas Feridas";"Pleno dia";"Decrescente";"Sol";"Simples";"Curva";"Não";4;0;0;2;2;0;2;2;-22,65715;-43,070721;"SPRF-RJ";"DEL04-RJ";"UOP02-DEL04-RJ"
135830;2018-05-22;"terça-feira";"08:25:00";"PR";277;729;"FOZ DO IGUACU";"Falta de Atenção à Condução";"Colisão transversal";"Sem Vítimas";"Pleno dia";"Crescente";"Céu Claro";"Dupla";"Reta";"Sim";3;0;0;0;2;1;0;3;-25,50923163;-54,57874627;"SPRF-PR";"DEL05-PR";"UOP03-DEL05-PR"
135831;2018-05-22;"terça-feira";"08:30:00";"PB";230;25,8;"JOAO PESSOA";"Não guardar distância de segurança";"Colisão traseira";"Com Vítimas Feridas";"Pleno dia";"Crescente";"Céu Claro";"Múltipla";"Reta";"Sim";2;0;0;1;1;0;1;2;-7,16962162;-34,87635612;"SPRF-PB";"DEL01-PB";"UOP01-DEL01-PB"
135836;2018-05-22;"terça-feira";"07:36:00";"GO";60;107;"GOIANAPOLIS";"Defeito Mecânico no Veículo";"Engavetamento";"Com Vítimas Feridas";"Pleno dia";"Crescente";"Céu Claro";"Múltipla";"Declive;Reta";"Não";5;0;2;0;3;0;2;3;-16,431;-49,018;"SPRF-GO";"DEL02-GO";"UOP01-DEL02-GO"
135840;2018-05-22;"terça-feira";"09:30:00";"GO";70;19,4;"COCALZINHO DE GOIAS";"Falta de Atenção à Condução";"Colisão lateral";"Com Vítimas Feridas";"Pleno dia";"Crescente";"Céu Claro";"Simples";"Reta;Declive";"Não";2;0;1;0;1;0;1;2;-15,74326603;-48,36966455;"SPRF-DF";"DEL01-DF";"UOP02-DEL03-DF"
135845;2018-05-22;"terça-feira";"10:45:00";"BA";101;713;"EUNAPOLIS";"Falta de Atenção à Condução";"Tombamento";"Com Vítimas Feridas";"Pleno dia";"Decrescente";"Nublado";"Simples";"Reta;Declive";"Sim";2;0;1;0;1;0;1;2;-16,3237;-39,588;"SPRF-BA";"DEL09-BA";"UOP01-DEL09-BA"
135848;2018-05-22;"terça-feira";"09:50:00";"SC";282;437,1;"IRANI";"Desobediência às normas de trânsito pelo condutor";"Colisão transversal";"Com Vítimas Feridas";"Pleno dia";"Decrescente";"Céu Claro";"Simples";"Reta";"Não";3;0;1;0;1;1;1;3;-26,969479;-51,85473919;"SPRF-SC";"DEL07-SC";"UOP04-DEL07-SC"
135851;2018-03-29;"quinta-feira";"19:30:00";"SP";381;58;"MAIRIPORA";"Não guardar distância de segurança";"Colisão traseira";"Com Vítimas Feridas";"Plena Noite";"Crescente";"Nublado";"Dupla";"Reta";"Não";3;0;1;0;1;1;1;2;-23,273442;-46,585058;"SPRF-SP";"DEL03-SP";"UOP01-DEL03-SP"
135852;2018-04-27;"sexta-feira";"11:40:00";"MG";262;155,9;"SAO DOMINGOS DO PRATA";"Defeito Mecânico no Veículo";"Capotamento";"Com Vítimas Fatais";"Pleno dia";"Decrescente";"Céu Claro";"Simples";"Curva;Declive";"Não";2;2;0;0;0;0;0;1;-19,97183625;-42,802324;"SPRF-MG";"DEL03-MG";"UOP03-DEL03-MG"
135876;2018-05-22;"terça-feira";"14:52:00";"GO";40;11;"LUZIANIA";"Falta de Atenção à Condução";"Colisão lateral";"Sem Vítimas";"Pleno dia";"Crescente";"Céu Claro";"Dupla";"Reta";"Sim";2;0;0;0;2;0;0;2;-16,1338233;-47,9551326;"SPRF-DF";"DEL01-DF";"UOP01-DEL01-DF"
135878;2018-05-22;"terça-feira";"14:20:00";"MS";262;323,5;"CAMPO GRANDE";"Desobediência às normas de trânsito pelo condutor";"Colisão frontal";"Com Vítimas Fatais";"Pleno dia";"Crescente";"Céu Claro";"Simples";"Reta";"Não";3;1;0;0;1;1;0;3;-20,468794;-54,511434;"SPRF-MS";"DEL01-MS";"UOP01-DEL01-MS"
135886;2018-05-22;"terça-feira";"13:30:00";"MT";364;378;"SANTO ANTONIO DO LEVERGER";"Falta de Atenção à Condução";"Tombamento";"Com Vítimas Feridas";"Pleno dia";"Decrescente";"Céu Claro";"Simples";"Reta";"Não";1;0;1;0;0;0;1;1;-15,70236245;-55,80925405;"SPRF-MT";"DEL02-MT";"UOP02-DEL01-MT"
135891;2018-05-22;"terça-feira";"10:00:00";"PI";135;337;"SANTA LUZ";"Defeito na Via";"Tombamento";"Sem Vítimas";"Pleno dia";"Decrescente";"Céu Claro";"Simples";"Curva";"Não";2;0;0;0;1;2;0;3;-8,983537;-44,282722;"SPRF-PI";"DEL03-PI";"UOP02-DEL03-PI"
135906;2018-05-22;"terça-feira";"15:00:00";"GO";60;458;"JATAI";"Falta de Atenção à Condução";"Saída de leito carroçável";"Sem Vítimas";"Pleno dia";"Decrescente";"Céu Claro";"Dupla";"Curva";"Não";2;0;0;0;1;2;0;3;-17,9236455;-51,6973959;"SPRF-GO";"DEL05-GO";"UOP01-DEL05-GO"
135907;2018-05-22;"terça-feira";"13:20:00";"MG";40;777,8;"JUIZ DE FORA";"Falta de Atenção do Pedestre";"Atropelamento de Pedestre";"Com Vítimas Feridas";"Pleno dia";"Decrescente";"Céu Claro";"Simples";"Curva";"Não";2;0;0;1;1;0;1;2;-21,67804769;-43,44732285;"SPRF-MG";"DEL05-MG";"UOP01-DEL05-MG"
135932;2018-05-22;"terça-feira";"20:00:00";"ES";101;144;"LINHARES";"Falta de Atenção à Condução";"Colisão traseira";"Com Vítimas Feridas";"Plena Noite";"Decrescente";"Céu Claro";"Múltipla";"Interseção de Vias";"Sim";2;0;1;0;1;0;1;2;-19,35347132;-40,06402194;"SPRF-ES";"DEL04-ES";"UOP01-DEL04-ES"
135945;2018-05-22;"terça-feira";"22:09:00";"RS";386;298,3;"POUSO NOVO";"Ingestão de Álcool";"Saída de leito carroçável";"Com Vítimas Feridas";"Plena Noite";"Decrescente";"Céu Claro";"Simples";"Curva";"Não";1;0;1;0;0;0;1;1;-29,164648;-52,220501;"SPRF-RS";"DEL04-RS";"UOP01-DEL04-RS"
135950;2018-05-22;"terça-feira";"21:50:00";"DF";60;30;"BRASILIA";"Falta de Atenção à Condução";"Colisão lateral";"Sem Vítimas";"Plena Noite";"Decrescente";"Céu Claro";"Dupla";"Reta";"Sim";3;0;0;0;2;1;0;3;-16,04101885;-48,25623301;"SPRF-DF";"DEL01-DF";"UOP01-DEL03-DF"
135978;2018-05-23;"quarta-feira";"07:30:00";"PE";408;94;"SAO LOURENCO DA MATA";"Não guardar distância de segurança";"Colisão traseira";"Com Vítimas Feridas";"Pleno dia";"Crescente";"Chuva";"Dupla";"Curva";"Não";3;0;1;0;2;0;1;3;-8,00730169;-35,0437367;"SPRF-PE";"DEL01-PE";"UOP01-DEL01-PE"
135983;2018-03-03;"sábado";"14:50:00";"BA";116;907,9;"CANDIDO SALES";"Falta de Atenção à Condução";"Colisão traseira";"Com Vítimas Feridas";"Pleno dia";"Crescente";"Céu Claro";"Simples";"Reta";"Não";2;0;1;0;1;0;1;2;-15,49735578;-41,23855591;"SPRF-BA";"DEL08-BA";"UOP03-DEL08-BA"
135996;2018-05-23;"quarta-feira";"10:30:00";"PR";376;243,2;"APUCARANA";"Velocidade Incompatível";"Tombamento";"Com Vítimas Feridas";"Pleno dia";"Crescente";"Sol";"Simples";"Curva";"Não";2;0;0;1;0;1;1;2;-23,58160884;-51,4217931;"SPRF-PR";"DEL07-PR";"UOP03-DEL07-PR"
136001;2018-05-23;"quarta-feira";"11:15:00";"PE";232;256;"ARCOVERDE";"Falta de Atenção à Condução";"Colisão frontal";"Com Vítimas Feridas";"Pleno dia";"Crescente";"Céu Claro";"Simples";"Reta";"Não";4;0;4;0;0;0;4;2;-8,41517069;-37,08165765;"SPRF-PE";"DEL03-PE";"UOP02-DEL03-PE"
136025;2018-05-04;"sexta-feira";"17:50:00";"MS";158;284,7;"TRES LAGOAS";"Desobediência às normas de trânsito pelo condutor";"Colisão com objeto estático";"Com Vítimas Feridas";"Anoitecer";"Crescente";"Céu Claro";"Simples";"Reta";"Não";2;0;0;1;0;1;1;2;-20,86554889;-51,74560547;"SPRF-MS";"DEL07-MS";"UOP01-DEL07-MS"