"id";"data_inversa";"dia_semana";"horario";"uf";"br";"km";"municipio";"causa_acidente";"tipo_acidente";"classificacao_acidente";"fase_dia";"sentido_via";"condicao_metereologica";"tipo_pista";"tracado_via";"uso_solo";"pessoas";"mortos";"feridos_leves";"feridos_graves";"ilesos";"ignorados";"feridos";"veiculos";"latitude";"longitude";"regional";"delegacia";"uop"
136942;2018-05-31;"quinta-feira";"00:55:00";"RS";116;41,1;"VACARIA";"Desobediência às normas de trânsito pelo pedestre";"Atropelamento de Pedestre";"Com Vítimas Feridas";"Plena Noite";"Crescente";"Nublado";"Simples";"Reta";"Não";3;0;0;1;1;1;1;2;-28,52524617;-50,94702601;"SPRF-RS";"DEL05-RS";"UOP03-DEL05-RS"
136945;2018-05-30;"quarta-feira";"23:50:00";"MT";163;1037;"MATUPA";"Ingestão de Álcool";"Atropelamento de Pedestre";"Com Vítimas Feridas";"Plena Noite";"Crescente";"Céu Claro";"Simples";"Reta";"Sim";4;0;1;0;2;2;1;5;-10,18958024;-54,94983673;"SPRF-MT";"DEL06-MT";"UOP02-DEL06-MT"
136946;2018-04-01;"domingo";"02:00:00";"BA";101;234;"CONCEICAO DO ALMEIDA";"Falta de Atenção à Condução";"Atropelamento de Pedestre";"Com Vítimas Fatais";"Plena Noite";"Crescente";"Ignorado";"Simples";"Aclive";"Não";2;1;0;0;1;0;0;2;-12,75756189;-39,18334007;"SPRF-BA";"DEL01-BA";"UOP02-DEL01-BA"
136947;2018-05-30;"quarta-feira";"22:00:00";"BA";407;166;"FILADELFIA";"Animais na Pista";"Atropelamento de Animal";"Sem Vítimas";"Plena Noite";"Crescente";"Nublado";"Simples";"Reta";"Não";2;0;0;0;2;0;0;1;-10,82318969;-40,11434555;"SPRF-BA";"DEL04-BA";"UOP01-DEL04-BA"
136949;2018-05-31;"quinta-feira";"02:00:00";"MG";267;112,6;"JUIZ DE FORA";"Ingestão de Álcool";"Atropelamento de Pedestre";"Com Vítimas Feridas";"Plena Noite";"Crescente";"Céu Claro";"Simples";"Reta";"Não";3;0;0;1;1;1;1;3;-21,70959415;-43,41656891;"SPRF-MG";"N/A";"N/A"
136951;2018-05-31;"quinta-feira";"01:57:00";"SP";116;91,5;"PINDAMONHANGABA";"Falta de Atenção à Condução";"Atropelamento de Pedestre";"Com Vítimas Feridas";"Plena Noite";"Crescente";"Céu Claro";"Dupla";"Reta";"Não";4;0;0;1;1;2;1;3;-22,948011;-45,396046;"SPRF-SP";"DEL06-SP";"UOP01-DEL06-SP"
136958;2018-05-31;"quinta-feira";"02:35:00";"PR";476;242,6;"LAPA";"Velocidade Incompatível";"Tombamento";"Com Vítimas Feridas";"Plena Noite";"Decrescente";"Nublado";"Simples";"Curva";"Não";2;0;1;0;0;1;1;2;-25,85941665;-50,08860111;"SPRF-PR";"DEL02-PR";"UOP04-DEL02-PR"
136962;2018-05-31;"quinta-feira";"06:10:00";"PA";316;10;"MARITUBA";"Falta de Atenção à Condução";"Colisão lateral";"Sem Vítimas";"Pleno dia";"Decrescente";"Céu Claro";"Dupla";"Reta";"Sim";2;0;0;0;2;0;0;2;-1,365636;-48,358788;"SPRF-PA";"DEL01-PA";"DEL19/1-UOP05/PA"
136964;2018-05-31;"quinta-feira";"06:10:00";"SP";381;82,5;"SAO PAULO";"Agressão Externa";"Colisão com objeto estático";"Com Vítimas Feridas";"Pleno dia";"Crescente";"Céu Claro";"Dupla";"Reta";"Não";4;0;0;2;1;1;2;4;-23,4338732;-46,5687754;"SPRF-SP";"DEL03-SP";"DEL6/3-UOP03/SP"
136965;2018-05-31;"quinta-feira";"06:00:00";"SP";116;131;"CACAPAVA";"Não guardar distância de segurança";"Colisão traseira";"Com Vítimas Feridas";"Amanhecer";"Decrescente";"Nublado";"Dupla";"Reta";"Sim";3;0;2;0;1;0;2;2;-23,127428;-45,736378;"SPRF-SP";"DEL06-SP";"UOP02-DEL02-SP"
136974;2018-05-31;"quinta-feira";"06:35:00";"PI";343;348;"TERESINA";"Ingestão de Álcool";"Colisão lateral";"Com Vítimas Feridas";"Pleno dia";"Decrescente";"Céu Claro";"Simples";"Reta";"Sim";5;0;1;0;3;2;1;5;-5,11769196;-42,7843827;"SPRF-PI";"DEL01-PI";"UOP01-DEL01-PI"
136980;2018-05-31;"quinta-feira";"05:30:00";"RR";174;399;"IRACEMA";"Falta de Atenção à Condução";"Colisão frontal";"Com Vítimas Feridas";"Amanhecer";"Crescente";"Nevoeiro/Neblina";"Simples";"Reta";"Não";4;0;0;2;0;3;2;5;2,076;-61,0822;"SPRF-RR";"DEL01-RR";"UOP01-DEL01-RR"
136981;2018-05-30;"quarta-feira";"12:05:00";"PR";373;478,4;"CORONEL VIVIDA";"Falta de Atenção à Condução";"Atropelamento de Pedestre";"Com Vítimas Feridas";"Pleno dia";"Decrescente";"Céu Claro";"Simples";"Reta;Declive";"Sim";2;0;1;0;1;0;1;2;-25,987791;-52,547966;"SPRF-PR";"DEL02-PR";"UOP01-DEL02-PR"
136987;2018-05-31;"quinta-feira";"09:30:00";"MG";153;78;"PRATA";"Ultrapassagem Indevida";"Colisão traseira";"Com Vítimas Feridas";"Pleno dia";"Crescente";"Céu Claro";"Simples";"Curva;Aclive";"Não";7;0;4;0;2;6;4;10;-19,04836198;-49,01122302;"SPRF-MG";"DEL15-MG";"UOP03-DEL15-MG"
136988;2018-05-31;"quinta-feira";"08:10:00";"MG";381;921,3;"CAMANDUCAIA";"Velocidade Incompatível";"Tombamento";"Sem Vítimas";"Pleno dia";"Crescente";"Sol";"Dupla";"Curva;Declive";"Sim";2;0;0;0;1;1;0;2;-22,7658;-46,1763;"SPRF-MG";"DEL16-MG";"UOP03-DEL16-MG"
136990;2018-05-31;"quinta-feira";"09:30:00";"RJ";393;254;"BARRA DO PIRAI";"Ultrapassagem Indevida";"Colisão frontal";"Sem Vítimas";"Pleno dia";"Decrescente";"Céu Claro";"Simples";"Curva";"Não";3;0;0;0;2;1;0;3;-22,453514;-43,833321;"SPRF-RJ";"DEL05-RJ";"UOP04-DEL05-RJ"
136991;2018-05-04;"sexta-feira";"07:20:00";"MG";381;428;"CAETE";"Velocidade Incompatível";"Colisão frontal";"Com Vítimas Fatais";"Pleno dia";"Crescente";"Céu Claro";"Simples";"Curva";"Não";6;1;0;0;2;5;0;7;-19,78436876;-43,66498053;"SPRF-MG";"DEL01-MG";"UOP01-DEL01-MG"
136998;2018-05-31;"quinta-feira";"10:35:00";"PR";163;142,8;"CAPITAO LEONIDAS MARQUES";"Não guardar distância de segurança";"Colisão traseira";"Com Vítimas Feridas";"Pleno dia";"Crescente";"Sol";"Simples";"Curva";"Não";3;0;1;0;2;0;1;2;-25,47677729;-53,59038021;"SPRF-PR";"DEL04-PR";"UOP05-DEL05-PR"
137008;2018-05-31;"quinta-feira";"12:25:00";"GO";153;554;"PIRACANJUBA";"Falta de Atenção à Condução";"Colisão transversal";"Com Vítimas Feridas";"Pleno dia";"Decrescente";"Céu Claro";"Dupla";"Reta";"Não";3;0;0;1;1;1;1;3;-17,1765;-49,2104;"SPRF-GO";"DEL03-GO";"UOP01-DEL03-GO"
137011;2018-05-31;"quinta-feira";"12:40:00";"SC";101;40,9;"JOINVILLE";"Falta de Atenção à Condução";"Colisão lateral";"Com Vítimas Feridas";"Pleno dia";"Decrescente";"Céu Claro";"Múltipla";"Curva;Interseção de Vias;Aclive";"Sim";3;0;1;0;1;2;1;4;-26,3166;-48,8733;"SPRF-SC";"DEL03-SC";"UOP01-DEL03-SC"
137013;2018-05-31;"quinta-feira";"13:30:00";"TO";153;478,5;"BARROLANDIA";"Ultrapassagem Indevida";"Tombamento";"Com Vítimas Feridas";"Pleno dia";"Crescente";"Céu Claro";"Simples";"Curva;Aclive";"Não";2;0;1;0;0;2;1;3;-10,055622;-48,822029;"SPRF-TO";"DEL02-TO";"UOP01-DEL01-TO"
137017;2018-05-31;"quinta-feira";"12:50:00";"PE";101;112;"CABO DE SANTO AGOSTINHO";"Carga excessiva e/ou mal acondicionada";"Tombamento";"Sem Vítimas";"Pleno dia";"Decrescente";"Céu Claro";"Dupla";"Curva";"Não";2;0;0;0;1;3;0;4;-8,327062;-35,11662;"SPRF-PE";"DEL01-PE";"UOP03-DEL01-PE"
137023;2018-05-31;"quinta-feira";"14:00:00";"MG";40;717,6;"BARBACENA";"Velocidade Incompatível";"Tombamento";"Sem Vítimas";"Pleno dia";"Crescente";"Nublado";"Dupla";"Curva;Declive";"Não";2;0;0;0;1;1;0;2;-21,2872;-43,6421;"SPRF-MG";"DEL05-MG";"UOP01-DEL05-MG"
137033;2018-05-31;"quinta-feira";"16:20:00";"BA";116;423,7;"FEIRA DE SANTANA";"Desobediência às normas de trânsito pelo condutor";"Colisão transversal";"Com Vítimas Feridas";"Pleno dia";"Crescente";"Céu Claro";"Simples";"Reta";"Sim";5;0;0;2;1;4;2;6;-12,23564513;-38,97782581;"SPRF-BA";"DEL02-BA";"UOP01-DEL02-BA"
137036;2018-04-29;"domingo";"05:20:00";"SC";101;12,9;"GARUVA";"Condutor Dormindo";"Colisão traseira";"Com Vítimas Fatais";"Plena Noite";"Decrescente";"Céu Claro";"Dupla";"Reta";"Não";21;1;14;1;4;2;15;4;-26,14946;-48,90932;"SPRF-SC";"DEL03-SC";"UOP01-DEL03-SC"
137038;2018-05-31;"quinta-feira";"14:30:00";"RS";386;417,2;"MONTENEGRO";"Velocidade Incompatível";"Saída de leito carroçável";"Sem Vítimas";"Pleno dia";"Crescente";"Céu Claro";"Dupla";"Rotatória";"Não";2;0;0;0;1;3;0;4;-29,81979403;-51,45064676;"SPRF-RS";"DEL04-RS";"UOP02-DEL04-RS"
137040;2018-05-31;"quinta-feira";"16:30:00";"RJ";116;222,1;"PIRAI";"Defeito Mecânico no Veículo";"Tombamento";"Sem Vítimas";"Pleno dia";"Decrescente";"Nublado";"Simples";"Curva";"Não";2;0;0;0;1;1;0;2;-22,679905;-43,814217;"SPRF-RJ";"DEL07-RJ";"UOP01-DEL07-RJ"
137044;2018-05-31;"quinta-feira";"18:00:00";"PR";116;152;"MANDIRITUBA";"Desobediência às normas de trânsito pelo condutor";"Colisão frontal";"Com Vítimas Feridas";"Plena Noite";"Crescente";"Nublado";"Simples";"Aclive;Reta";"Não";2;0;0;1;1;0;1;2;-25,859756;-49,360634;"SPRF-PR";"DEL01-PR";"UOP03-DEL01-PR"
137047;2018-05-31;"quinta-feira";"18:10:00";"ES";101;144;"LINHARES";"Ingestão de Álcool";"Colisão frontal";"Sem Vítimas";"Plena Noite";"Decrescente";"Céu Claro";"Simples";"Reta";"Sim";3;0;0;0;2;2;0;4;-19,35945066;-40,06441403;"SPRF-ES";"DEL04-ES";"UOP01-DEL04-ES"
137066;2018-05-11;"sexta-feira";"08:00:00";"RS";470;56;"LAGOA VERMELHA";"Falta de Atenção à Condução";"Colisão traseira";"Com Vítimas Feridas";"Pleno dia";"Crescente";"Nublado";"Simples";"Aclive";"Não";3;0;1;0;1;1;1;3;-28,060379;-51,459317;"SPRF-RS";"DEL08-RS";"UOP05-DEL08-RS"
137070;2018-05-31;"quinta-feira";"19:10:00";"SP";116;348;"MIRACATU";"Carga excessiva e/ou mal acondicionada";"Derramamento de carga";"Com Vítimas Feridas";"Plena Noite";"Decrescente";"Céu Claro";"Dupla";"Reta";"Não";2;0;1;0;0;1;1;2;-24,18723891;-47,35981822;"SPRF-SP";"DEL04-SP";"UOP03-DEL04-SP"
137071;2018-03-09;"sexta-feira";"18:00:00";"MS";262;116;"AGUA CLARA";"Defeito na Via";"Colisão frontal";"Com Vítimas Feridas";"Anoitecer";"Crescente";"Nublado";"Simples";"Reta";"Não";4;0;1;2;0;3;3;5;-20,54793707;-52,54074097;"SPRF-MS";"DEL07-MS";"UOP02-DEL07-MS"
137072;2018-05-31;"quinta-feira";"20:20:00";"MG";40;750;"SANTOS DUMONT";"Velocidade Incompatível";"Tombamento";"Com Vítimas Feridas";"Plena Noite";"Decrescente";"Céu Claro";"Dupla";"Curva";"Sim";2;0;1;0;0;1;1;2;-21,4903;-43,535;"SPRF-MG";"DEL05-MG";"UOP01-DEL05-MG"
137073;2018-05-31;"quinta-feira";"20:00:00";"MG";365;471;"PATROCINIO";"Velocidade Incompatível";"Tombamento";"Sem Vítimas";"Plena Noite";"Crescente";"Céu Claro";"Dupla";"Rotatória";"Não";2;0;0;0;1;1;0;2;-18,92035;-46,98169;"SPRF-MG";"DEL10-MG";"UOP01-DEL10-MG"
137080;2018-05-11;"sexta-feira";"19:40:00";"RS";116;254;"SAPUCAIA DO SUL";"Defeito Mecânico no Veículo";"Colisão traseira";"Com Vítimas Feridas";"Plena Noite";"Decrescente";"Chuva";"Múltipla";"Reta";"Sim";2;0;1;0;1;0;1;2;-29,826548;-51,172413;"SPRF-RS";"DEL01-RS";"UOP02-DEL01-RS"
137082;2018-05-31;"quinta-feira";"21:00:00";"SC";470;88,6;"RODEIO";"Falta de Atenção à Condução";"Derramamento de carga";"Sem Vítimas";"Plena Noite";"Crescente";"Céu Claro";"Simples";"Curva";"Não";2;0;0;0;1;1;0;2;-26,94797188;-49,36537916;"SPRF-SC";"DEL04-SC";"UOP01-DEL04-SC"
137085;2018-05-31;"quinta-feira";"20:30:00";"PR";277;26,1;"MORRETES";"Desobediência às normas de trânsito pelo condutor";"Colisão traseira";"Com Vítimas Fatais";"Plena Noite";"Crescente";"Céu Claro";"Dupla";"Reta";"Não";2;1;0;0;1;0;0;2;-25,5358;-48,763816;"SPRF-PR";"DEL01-PR";"UOP05-DEL01-PR"
137091;2018-05-31;"quinta-feira";"20:15:00";"MG";381;849,9;"POUSO ALEGRE";"Velocidade Incompatível";"Colisão lateral";"Com Vítimas Feridas";"Plena Noite";"Crescente";"Céu Claro";"Dupla";"Reta";"Não";4;0;1;0;1;2;1;3;-22,2377038;-45,87979138;"SPRF-MG";"DEL16-MG";"UOP01-DEL16-MG"
137112;2018-05-31;"quinta-feira";"21:35:00";"MA";230;470;"RIACHAO";"Ingestão de Álcool";"Colisão lateral";"Sem Vítimas";"Plena Noite";"Crescente";"Céu Claro";"Simples";"Reta";"Sim";3;0;0;0;2;1;0;3;-7,422111;-46,667156;"SPRF-MA";"DEL05-MA";"UOP01-DEL05-MA"
137119;2018-05-31;"quinta-feira";"23:35:00";"MT";364;817,7;"CAMPO NOVO DO PARECIS";"Condutor Dormindo";"Colisão frontal";"Com Vítimas Feridas";"Plena Noite";"Decrescente";"Céu Claro";"Simples";"Reta";"Não";3;0;1;0;2;0;1;2;-14,17885328;-57,99013138;"SPRF-MT";"DEL01-MT";"UOP01-DEL01-MT"
137123;2018-06-01;"sexta-feira";"01:00:00";"BA";242;236;"ITABERABA";"Velocidade Incompatível";"Tombamento";"Com Vítimas Fatais";"Plena Noite";"Decrescente";"Céu Claro";"Simples";"Curva";"Não";2;1;0;0;0;2;0;3;-12,47719;-40,53784;"SPRF-BA";"DEL06-BA";"UOP02-DEL06-BA"
137134;2018-06-01;"sexta-feira";"05:50:00";"SC";116;155,1;"SANTA CECILIA";"Desobediência às normas de trânsito pelo condutor";"Saída de leito carroçável";"Com Vítimas Feridas";"Amanhecer";"Crescente";"Chuva";"Simples";"Curva";"Não";2;0;1;0;0;1;1;2;-26,986475;-50,394382;"SPRF-SC";"DEL06-SC";"UOP02-DEL06-SC"
137141;2018-06-01;"sexta-feira";"06:30:00";"CE";122;69,2;"CHOROZINHO";"Ingestão de Álcool";"Colisão frontal";"Com Vítimas Feridas";"Pleno dia";"Crescente";"Céu Claro";"Simples";"Reta";"Sim";2;0;1;0;1;0;1;2;-4,32775377;-38,48500013;"SPRF-CE";"DEL03-CE";"UOP02-DEL03-CE"
137142;2018-06-01;"sexta-feira";"08:20:00";"RJ";393;162,1;"TRES RIOS";"Velocidade Incompatível";"Tombamento";"Com Vítimas Feridas";"Pleno dia";"Crescente";"Céu Claro";"Simples";"Curva";"Não";2;0;1;0;0;1;1;2;-22,11403021;-43,12381089;"SPRF-RJ";"DEL06-RJ";"UOP01-DEL05-RJ"
137143;2018-06-01;"sexta-feira";"07:35:00";"SC";101;5;"GARUVA";"Defeito Mecânico no Veículo";"Colisão traseira";"Com Vítimas Feridas";"Pleno dia";"Decrescente";"Sol";"Dupla";"Reta";"Não";5;0;1;0;3;1;1;3;-26,00449283;-48,87113571;"SPRF-SC";"DEL03-SC";"UOP01-DEL03-SC"
137150;2018-06-01;"sexta-feira";"08:10:00";"SC";101;176,4;"BIGUACU";"Defeito Mecânico no Veículo";"Tombamento";"Com Vítimas Feridas";"Pleno dia";"Crescente";"Céu Claro";"Dupla";"Curva";"Não";2;0;1;0;0;1;1;2;-27,34026595;-48,62751599;"SPRF-SC";"DEL01-SC";"UOP01-DEL01-SC"
137158;2018-05-06;"domingo";"20:00:00";"MS";158;163;"APARECIDA DO TABOADO";"Falta de Atenção à Condução";"Colisão lateral";"Com Vítimas Feridas";"Plena Noite";"Crescente";"Céu Claro";"Simples";"Reta";"Não";2;0;1;0;1;0;1;2;-20,11139198;-51,17156982;"SPRF-MS";"DEL08-MS";"UOP01-DEL08-MS"
137159;2018-06-01;"sexta-feira";"09:15:00";"RJ";101;407,6;"ITAGUAI";"Falta de Atenção à Condução";"Colisão lateral";"Sem Vítimas";"Pleno dia";"Decrescente";"Céu Claro";"Dupla";"Interseção de Vias";"Sim";3;0;0;0;2;1;0;3;-22,88167113;-43,82493496;"SPRF-RJ";"DEL03-RJ";"UOP01-DEL03-RJ"
137163;2018-06-01;"sexta-feira";"09:40:00";"MG";40;756,6;"EWBANK DA CAMARA";"Velocidade Incompatível";"Tombamento";"Com Vítimas Feridas";"Pleno dia";"Crescente";"Céu Claro";"Simples";"Curva";"Não";2;0;0;1;0;1;1;2;-21,53904266;-43,5106203;"SPRF-MG";"DEL05-MG";"UOP01-DEL05-MG"
137166;2018-05-09;"quarta-feira";"13:15:00";"RS";287;248;"SANTA MARIA";"Não guardar distância de segurança";"Engavetamento";"Com Vítimas Feridas";"Pleno dia";"Crescente";"Céu Claro";"Simples";"Reta";"Sim";13;0;9;0;2;4;9;7;-29,696018;-53,850956;"SPRF-RS";"DEL09-RS";"UOP01-DEL09-RS"
137168;2018-05-16;"quarta-feira";"08:22:00";"TO";153;138,9;"ARAGUAINA";"Falta de Atenção à Condução";"Colisão traseira";"Com Vítimas Fatais";"Pleno dia";"Crescente";"Céu Claro";"Dupla";"Retorno Regulamentado";"Sim";2;1;0;0;1;0;0;2;-7,16217542;-48,20582986;"SPRF-TO";"DEL02-TO";"UOP01-DEL02-TO"
137170;2018-06-01;"sexta-feira";"10:20:00";"PA";230;117,1;"MARABA";"Desobediência às normas de trânsito pelo condutor";"Colisão lateral";"Sem Vítimas";"Pleno dia";"Decrescente";"Céu Claro";"Simples";"Reta";"Não";2;0;0;0;2;0;0;2;-5,35550665;-49,09102254;"SPRF-PA";"DEL03-PA";"UOP01-DEL03-PA"
137171;2018-06-01;"sexta-feira";"08:00:00";"RO";174;0;"VILHENA";"Desobediência às normas de trânsito pelo condutor";"Colisão transversal";"Sem Vítimas";"Pleno dia";"Decrescente";"Nublado";"Dupla";"Interseção de Vias";"Não";3;0;0;0;2;2;0;4;-12,74063061;-60,13201475;"SPRF-RO";"DEL04-RO";"UOP01-DEL04-RO"
137183;2018-06-01;"sexta-feira";"09:20:00";"MA";135;100;"ITAPECURU MIRIM";"Falta de Atenção à Condução";"Tombamento";"Sem Vítimas";"Pleno dia";"Decrescente";"Céu Claro";"Simples";"Reta";"Não";2;0;0;0;1;2;0;3;-3,362013;-44,472363;"SPRF-MA";"DEL01-MA";"UOP02-DEL01-MA"
137189;2018-06-01;"sexta-feira";"13:00:00";"TO";153;361,2;"FORTALEZA DO TABOCAO";"Desobediência às normas de trânsito pelo condutor";"Colisão lateral";"Com Vítimas Feridas";"Pleno dia";"Decrescente";"Céu Claro";"Simples";"Reta";"Não";4;0;2;0;1;1;2;4;-9,073142;-48,522137;"SPRF-TO";"DEL02-TO";"UOP02-DEL02-TO"
137192;2018-06-01;"sexta-feira";"11:00:00";"PI";135;310;"CRISTINO CASTRO";"Defeito na Via";"Tombamento";"Com Vítimas Feridas";"Pleno dia";"Crescente";"Céu Claro";"Simples";"Reta";"Não";2;0;1;0;0;2;1;3;-8,771895;-44,180386;"SPRF-PI";"DEL03-PI";"UOP02-DEL03-PI"
137197;2018-06-01;"sexta-feira";"12:30:00";"MS";163;449,4;"CAMPO GRANDE";"Defeito Mecânico no Veículo";"Colisão lateral";"Sem Vítimas";"Pleno dia";"Crescente";"Chuva";"Simples";"Reta";"Não";2;0;0;0;2;0;0;2;-20,730894;-54,539594;"SPRF-MS";"DEL01-MS";"UOP01-DEL01-MS"
137200;2018-06-01;"sexta-feira";"12:50:00";"MT";163;1099;"GUARANTA DO NORTE";"Defeito na Via";"Tombamento";"Com Vítimas Feridas";"Pleno dia";"Crescente";"Céu Claro";"Simples";"Reta";"Não";2;0;1;0;0;2;1;3;-9,92652474;-54,90488095;"SPRF-MT";"DEL06-MT";"UOP02-DEL06-MT"
137201;2018-06-01;"sexta-feira";"14:00:00";"RS";287;278,1;"SAO PEDRO DO SUL";"Ultrapassagem Indevida";"Colisão frontal";"Com Vítimas Feridas";"Pleno dia";"Decrescente";"Garoa/Chuvisco";"Simples";"Reta;Aclive";"Não";4;0;2;1;1;0;3;2;-29,65363;-54,15101;"SPRF-RS";"DEL09-RS";"UOP01-DEL09-RS"
137202;2018-06-01;"sexta-feira";"13:00:00";"MT";364;384;"CUIABA";"Condutor Dormindo";"Colisão lateral";"Sem Vítimas";"Pleno dia";"Decrescente";"Céu Claro";"Simples";"Curva";"Não";4;0;0;0;2;4;0;6;-15,702577;-55,800434;"SPRF-MT";"DEL02-MT";"UOP02-DEL01-MT"
137206;2018-06-01;"sexta-feira";"16:00:00";"PA";308;86;"SAO FRANCISCO DO PARA";"Ultrapassagem Indevida";"Colisão transversal";"Sem Vítimas";"Pleno dia";"Crescente";"Céu Claro";"Simples";"Reta";"Sim";3;0;0;0;2;1;0;3;-1,313247;-47,727169;"SPRF-PA";"DEL01-PA";"UOP02-DEL01-PA"
137224;2018-06-01;"sexta-feira";"17:00:00";"RJ";116;258;"VOLTA REDONDA";"Defeito Mecânico no Veículo";"Colisão frontal";"Com Vítimas Feridas";"Anoitecer";"Decrescente";"Céu Claro";"Simples";"Curva";"Sim";3;0;2;1;0;0;3;2;-22,560883;-44,122238;"SPRF-RJ";"DEL07-RJ";"UOP02-DEL07-RJ"
137226;2018-06-01;"sexta-feira";"16:00:00";"MG";116;773;"LEOPOLDINA";"Falta de Atenção à Condução";"Colisão transversal";"Sem Vítimas";"Pleno dia";"Decrescente";"Sol";"Múltipla";"Interseção de Vias";"Não";3;0;0;0;2;1;0;3;-21,571748;-42,67949224;"SPRF-MG";"DEL07-MG";"UOP01-DEL07-MG"
137227;2018-06-01;"sexta-feira";"17:20:00";"RJ";116;126,1;"MAGE";"Falta de Atenção do Pedestre";"Atropelamento de Pedestre";"Com Vítimas Fatais";"Anoitecer";"Decrescente";"Céu Claro";"Dupla";"Reta";"Não";4;1;0;0;2;1;0;2;-22,654894;-43,086365;"SPRF-RJ";"DEL04-RJ";"UOP02-DEL04-RJ"
137228;2018-06-01;"sexta-feira";"16:45:00";"RS";153;347,8;"NOVO CABRAIS";"Falta de Atenção à Condução";"Colisão frontal";"Com Vítimas Feridas";"Pleno dia";"Crescente";"Chuva";"Simples";"Reta";"Não";5;0;3;0;1;2;3;4;-29,74261885;-52,96096802;"SPRF-RS";"DEL02-RS";"UOP02-DEL02-RS"
137231;2018-06-01;"sexta-feira";"18:51:00";"BA";101;807;"ITAMARAJU";"Desobediência às normas de trânsito pelo condutor";"Colisão lateral";"Com Vítimas Feridas";"Plena Noite";"Crescente";"Garoa/Chuvisco";"Simples";"Reta";"Sim";3;0;2;0;1;0;2;2;-17,0105;-39,545;"SPRF-BA";"DEL09-BA";"UOP01-DEL09-BA"
137238;2018-06-01;"sexta-feira";"16:00:00";"SC";470;54,7;"BLUMENAU";"Ingestão de Álcool";"Colisão transversal";"Sem Vítimas";"Pleno dia";"Decrescente";"Nublado";"Simples";"Reta";"Não";2;0;0;0;2;0;0;2;-26,86588871;-49,10006225;"SPRF-SC";"DEL04-SC";"UOP01-DEL04-SC"
137239;2018-06-01;"sexta-feira";"16:45:00";"RS";386;360,9;"ESTRELA";"Falta de Atenção à Condução";"Colisão transversal";"Com Vítimas Fatais";"Pleno dia";"Decrescente";"Chuva";"Simples";"Reta";"Não";4;1;0;1;1;1;1;3;-29,55434513;-51,89889908;"SPRF-RS";"DEL04-RS";"UOP02-DEL04-RS"
137240;2018-06-01;"sexta-feira";"17:40:00";"PA";163;998;"SANTAREM";"Falta de Atenção à Condução";"Colisão lateral";"Com Vítimas Feridas";"Pleno dia";"Crescente";"Céu Claro";"Simples";"Declive;Curva;Em Obras";"Sim";2;0;0;1;1;0;1;2;-2,490091;-54,733437;"SPRF-PA";"DEL05-PA";"UOP01-DEL05-PA"
137243;2018-06-01;"sexta-feira";"17:10:00";"RJ";116;179,8;"NOVA IGUACU";"Não guardar distância de segurança";"Colisão lateral";"Com Vítimas Feridas";"Pleno dia";"Crescente";"Sol";"Dupla";"Reta";"Sim";4;0;2;0;1;1;2;3;-22,769873;-43,408077;"SPRF-RJ";"DEL01-RJ";"UOP02-DEL01-RJ"
137244;2018-06-01;"sexta-feira";"15:30:00";"GO";20;72,6;"FORMOSA";"Falta de Atenção à Condução";"Colisão transversal";"Com Vítimas Fatais";"Pleno dia";"Decrescente";"Sol";"Simples";"Reta";"Não";3;1;0;0;1;1;0;3;-15,15795749;-47,11404204;"SPRF-DF";"DEL02-DF";"UOP01-DEL02-DF"
137252;2018-06-01;"sexta-feira";"19:30:00";"SC";116;29,7;"ITAIOPOLIS";"Falta de Atenção à Condução";"Colisão traseira";"Com Vítimas Feridas";"Plena Noite";"Decrescente";"Nublado";"Simples";"Reta";"Não";2;0;1;0;1;0;1;2;-26,273455;-49,921173;"SPRF-SC";"DEL06-SC";"UOP01-DEL06-SC"
137255;2018-06-01;"sexta-feira";"14:00:00";"SC";101;224,5;"PALHOCA";"Velocidade Incompatível";"Colisão traseira";"Com Vítimas Feridas";"Pleno dia";"Crescente";"Sol";"Dupla";"Reta";"Não";3;0;0;2;1;0;2;2;-27,7336;-48,6407;"SPRF-SC";"DEL01-SC";"UOP02-DEL01-SC"
137258;2018-06-01;"sexta-feira";"18:00:00";"PA";316;33,5;"SANTA IZABEL DO PARA";"Mal Súbito";"Colisão lateral";"Sem Vítimas";"Plena Noite";"Crescente";"Chuva";"Dupla";"Reta";"Sim";3;0;0;0;2;2;0;4;-1,289763;-48,156025;"SPRF-PA";"DEL01-PA";"DEL19/1-UOP05/PA"
137263;2018-06-01;"sexta-feira";"14:30:00";"MT";364;26;"ALTO ARAGUAIA";"Ultrapassagem Indevida";"Colisão frontal";"Com Vítimas Feridas";"Pleno dia";"Crescente";"Céu Claro";"Simples";"Reta";"Não";4;0;2;0;1;3;2;6;-17,176785;-53,384537;"SPRF-MT";"DEL02-MT";"UOP02-DEL02-MT"
137264;2018-06-01;"sexta-feira";"19:30:00";"RS";285;482;"ENTRE-IJUIS";"Desobediência às normas de trânsito pelo condutor";"Colisão lateral";"Sem Vítimas";"Plena Noite";"Crescente";"Chuva";"Simples";"Reta";"Não";3;0;0;0;2;1;0;3;-28,370903;-54,11123;"SPRF-RS";"DEL10-RS";"UOP01-DEL10-RS"
137268;2018-06-01;"sexta-feira";"14:15:00";"SC";101;39;"JOINVILLE";"Defeito Mecânico no Veículo";"Incêndio";"Sem Vítimas";"Pleno dia";"Decrescente";"Nublado";"Dupla";"Reta";"Sim";1;0;0;0;1;0;0;1;-26,3096;-48,878;"SPRF-SC";"DEL03-SC";"UOP01-DEL03-SC"