"id";"data_inversa";"dia_semana";"horario";"uf";"br";"km";"municipio";"causa_acidente";"tipo_acidente";"classificacao_acidente";"fase_dia";"sentido_via";"condicao_metereologica";"tipo_pista";"tracado_via";"uso_solo";"pessoas";"mortos";"feridos_leves";"feridos_graves";"ilesos";"ignorados";"feridos";"veiculos";"latitude";"longitude";"regional";"delegacia";"uop"
137647;2018-06-03;"domingo";"17:05:00";"PR";376;177,4;"MARINGA";"Ingestão de Álcool";"Colisão traseira";"Sem Vítimas";"Anoitecer";"Crescente";"Chuva";"Múltipla";"Reta";"Sim";4;0;0;0;4;0;0;3;-23,41454048;-51,92653656;"SPRF-PR";"DEL07-PR";"UOP01-DEL09-PR"
137650;2018-06-03;"domingo";"15:50:00";"ES";101;299,4;"VIANA";"Ingestão de Álcool";"Colisão traseira";"Com Vítimas Feridas";"Pleno dia";"Crescente";"Nublado";"Múltipla";"Reta";"Sim";4;0;1;0;2;1;1;4;-20,3572914;-40,42785823;"SPRF-ES";"DEL01-ES";"UOP01-DEL01-ES"
137654;2018-03-24;"sábado";"18:20:00";"SE";101;191,9;"CRISTINAPOLIS";"Desobediência às normas de trânsito pelo condutor";"Colisão frontal";"Com Vítimas Feridas";"Plena Noite";"Crescente";"Garoa/Chuvisco";"Simples";"Reta";"Não";2;0;0;1;1;0;1;2;-11,430297;-37,726784;"SPRF-SE";"DEL02-SE";"UOP03-DEL02-SE"
137661;2018-06-03;"domingo";"15:05:00";"BA";116;776,8;"PLANALTO";"Defeito Mecânico no Veículo";"Incêndio";"Sem Vítimas";"Pleno dia";"Decrescente";"Nublado";"Simples";"Reta;Declive";"Sim";2;0;0;0;1;2;0;3;-14,66945624;-40,46882629;"SPRF-BA";"DEL08-BA";"UOP02-DEL08-BA"
137668;2018-06-03;"domingo";"18:20:00";"SC";101;44;"JOINVILLE";"Falta de Atenção à Condução";"Colisão lateral";"Com Vítimas Feridas";"Plena Noite";"Decrescente";"Nublado";"Dupla";"Reta";"Sim";4;0;1;0;2;1;1;3;-26,349;-48,8573;"SPRF-SC";"DEL03-SC";"UOP01-DEL03-SC"
137672;2018-06-03;"domingo";"18:35:00";"RS";158;322,2;"SANTA MARIA";"Falta de Atenção do Pedestre";"Atropelamento de Pedestre";"Com Vítimas Feridas";"Plena Noite";"Decrescente";"Céu Claro";"Simples";"Curva";"Sim";4;0;0;1;1;3;1;4;-29,69613331;-53,77687454;"SPRF-RS";"DEL09-RS";"UOP01-DEL09-RS"
137677;2018-06-03;"domingo";"18:10:00";"CE";116;16;"EUSEBIO";"Não guardar distância de segurança";"Colisão lateral";"Com Vítimas Feridas";"Plena Noite";"Crescente";"Céu Claro";"Dupla";"Reta";"Sim";3;0;0;1;1;1;1;3;-3,8998;-38,5038;"SPRF-CE";"DEL01-CE";"UOP02-DEL01-CE"
137687;2018-06-03;"domingo";"14:00:00";"AM";174;1013;"PRESIDENTE FIGUEIREDO";"Defeito Mecânico no Veículo";"Saída de leito carroçável";"Sem Vítimas";"Pleno dia";"Decrescente";"Chuva";"Simples";"Declive";"Não";2;0;0;0;1;1;0;2;-1,81947638;-60,14345169;"SPRF-AM";"DEL01-AM";"UOP02-DEL01-AM"
137689;2018-06-03;"domingo";"17:00:00";"SP";381;65;"MAIRIPORA";"Velocidade Incompatível";"Colisão lateral";"Com Vítimas Feridas";"Pleno dia";"Decrescente";"Nublado";"Dupla";"Reta";"Não";4;0;0;1;2;2;1;4;-23,28590212;-46,58816606;"SPRF-SP";"DEL03-SP";"DEL6/3-UOP03/SP"
137693;2018-06-03;"domingo";"18:20:00";"PR";116;152;"MANDIRITUBA";"Falta de Atenção à Condução";"Colisão transversal";"Com Vítimas Feridas";"Plena Noite";"Crescente";"Nublado";"Simples";"Interseção de Vias";"Não";5;0;2;0;2;1;2;3;-25,859756;-49,360634;"SPRF-PR";"DEL01-PR";"UOP03-DEL01-PR"
137696;2018-06-03;"domingo";"18:20:00";"MG";262;477;"BOM DESPACHO";"Desobediência às normas de trânsito pelo condutor";"Colisão transversal";"Com Vítimas Feridas";"Anoitecer";"Crescente";"Céu Claro";"Simples";"Rotatória;Interseção de Vias";"Sim";4;0;2;0;2;0;2;2;-19,783918;-45,25713;"SPRF-MG";"DEL08-MG";"UOP03-DEL08-MG"
137698;2018-06-03;"domingo";"19:30:00";"PR";376;346,3;"ORTIGUEIRA";"Velocidade Incompatível";"Tombamento";"Com Vítimas Feridas";"Plena Noite";"Crescente";"Chuva";"Simples";"Aclive";"Não";2;0;1;0;0;1;1;2;-24,1806619;-50,96119881;"SPRF-PR";"DEL07-PR";"UOP02-DEL07-PR"
137717;2018-06-03;"domingo";"20:30:00";"BA";242;392;"SEABRA";"Falta de Atenção à Condução";"Colisão transversal";"Com Vítimas Feridas";"Plena Noite";"Decrescente";"Garoa/Chuvisco";"Simples";"Reta";"Sim";4;0;1;1;1;2;2;4;-12,42826;-41,77597;"SPRF-BA";"DEL10-BA";"UOP03-DEL06-BA"
137728;2018-06-03;"domingo";"22:00:00";"TO";230;73;"LUZINOPOLIS";"Objeto estático sobre o leito carroçável";"Colisão com objeto estático";"Com Vítimas Feridas";"Plena Noite";"Decrescente";"Céu Claro";"Simples";"Reta";"Não";3;0;0;1;1;1;1;3;-6,1600869;-47,8658093;"SPRF-TO";"DEL02-TO";"UOP03-DEL02-TO"
137731;2018-06-03;"domingo";"22:00:00";"MG";262;603,7;"CAMPOS ALTOS";"Defeito Mecânico no Veículo";"Colisão traseira";"Com Vítimas Feridas";"Plena Noite";"Decrescente";"Céu Claro";"Simples";"Reta";"Não";4;0;0;1;2;1;1;3;-19,666414;-46,16032;"SPRF-MG";"DEL08-MG";"UOP02-DEL08-MG"
137732;2018-06-03;"domingo";"22:20:00";"SP";116;288,3;"ITAPECERICA DA SERRA";"Defeito Mecânico no Veículo";"Colisão traseira";"Com Vítimas Feridas";"Plena Noite";"Decrescente";"Garoa/Chuvisco";"Dupla";"Reta";"Não";3;0;1;0;1;1;1;3;-23,73776185;-46,89661503;"SPRF-SP";"DEL04-SP";"UOP01-DEL04-SP"
137734;2018-06-03;"domingo";"18:40:00";"MA";135;165;"SAO MATEUS DO MARANHAO";"Falta de Atenção do Pedestre";"Tombamento";"Com Vítimas Fatais";"Plena Noite";"Decrescente";"Céu Claro";"Simples";"Reta";"Não";3;1;0;1;0;1;1;1;-3,98482082;-44,47265625;"SPRF-MA";"DEL01-MA";"UOP02-DEL01-MA"
137736;2018-06-03;"domingo";"15:40:00";"SC";116;252,6;"LAGES";"Desobediência às normas de trânsito pelo condutor";"Colisão traseira";"Sem Vítimas";"Pleno dia";"Decrescente";"Céu Claro";"Simples";"Reta";"Não";4;0;0;0;2;2;0;4;-27,85645509;-50,3852427;"SPRF-SC";"DEL05-SC";"UOP02-DEL05-SC"
137741;2018-06-03;"domingo";"23:15:00";"MG";40;553;"NOVA LIMA";"Ingestão de Álcool";"Colisão lateral";"Sem Vítimas";"Plena Noite";"Decrescente";"Céu Claro";"Dupla";"Reta";"Sim";3;0;0;0;2;1;0;3;-20,07850486;-43,98204803;"SPRF-MG";"DEL01-MG";"UOP02-DEL01-MG"
137742;2018-06-03;"domingo";"21:30:00";"MT";364;1234;"COMODORO";"Condutor Dormindo";"Saída de leito carroçável";"Com Vítimas Fatais";"Plena Noite";"Crescente";"Céu Claro";"Simples";"Reta";"Não";2;1;0;0;0;3;0;4;-13,74589;-59,69663;"SPRF-MT";"DEL04-MT";"UOP01-DEL04-MT"
137743;2018-06-03;"domingo";"22:00:00";"MA";316;619,4;"TIMON";"Falta de Atenção à Condução";"Colisão traseira";"Com Vítimas Fatais";"Plena Noite";"Crescente";"Céu Claro";"Simples";"Reta";"Sim";8;1;1;3;2;1;4;2;-5,12670025;-42,82219112;"SPRF-MA";"DEL03-MA";"UOP02-DEL03-MA"
137744;2018-06-03;"domingo";"22:30:00";"SP";116;348;"MIRACATU";"Defeito na Via";"Tombamento";"Com Vítimas Feridas";"Plena Noite";"Decrescente";"Garoa/Chuvisco";"Dupla";"Curva;Aclive";"Não";2;0;1;0;0;1;1;2;-24,04800866;-47,19767162;"SPRF-SP";"DEL04-SP";"UOP03-DEL04-SP"
137746;2018-06-03;"domingo";"23:30:00";"CE";222;126;"ITAPAJE";"Falta de Atenção à Condução";"Colisão frontal";"Sem Vítimas";"Plena Noite";"Crescente";"Céu Claro";"Simples";"Aclive";"Não";4;0;0;0;3;3;0;6;-3,702419;-39,609097;"SPRF-CE";"DEL04-CE";"UOP03-DEL04-CE"
137747;2018-06-03;"domingo";"23:40:00";"PR";116;28;"CAMPINA GRANDE DO SUL";"Falta de Atenção à Condução";"Tombamento";"Com Vítimas Feridas";"Plena Noite";"Decrescente";"Chuva";"Dupla";"Reta";"Não";2;0;1;0;0;2;1;3;-25,106691;-48,804073;"SPRF-PR";"DEL01-PR";"UOP02-DEL01-PR"
137750;2018-06-04;"segunda-feira";"00:25:00";"PR";369;142,9;"IBIPORA";"Ingestão de Álcool";"Colisão traseira";"Com Vítimas Feridas";"Pleno dia";"Decrescente";"Nublado";"Simples";"Reta";"Sim";2;0;1;0;1;0;1;2;-23,29259889;-51,09160597;"SPRF-PR";"DEL07-PR";"UOP01-DEL07-PR"
137752;2018-06-03;"domingo";"23:39:00";"SP";381;69,5;"MAIRIPORA";"Velocidade Incompatível";"Colisão traseira";"Com Vítimas Feridas";"Plena Noite";"Decrescente";"Garoa/Chuvisco";"Dupla";"Curva";"Não";4;0;1;0;3;0;1;3;-23,28914986;-46,58175075;"SPRF-SP";"DEL03-SP";"DEL6/3-UOP03/SP"
137758;2018-06-03;"domingo";"13:30:00";"MG";267;225,3;"BOM JARDIM DE MINAS";"Velocidade Incompatível";"Saída de leito carroçável";"Com Vítimas Feridas";"Pleno dia";"Decrescente";"Céu Claro";"Simples";"Curva";"Não";2;0;1;0;0;1;1;2;-21,93986099;-44,21379089;"SPRF-MG";"DEL05-MG";"DEL5/4-UOP01/MG"
137761;2018-06-04;"segunda-feira";"02:00:00";"RJ";116;305;"RESENDE";"Pista Escorregadia";"Colisão traseira";"Com Vítimas Feridas";"Plena Noite";"Decrescente";"Chuva";"Dupla";"Reta";"Não";5;0;2;0;3;0;2;4;-22,459236;-44,434776;"SPRF-RJ";"DEL07-RJ";"DEL5/7-UOP03/RJ"
137764;2018-06-04;"segunda-feira";"01:45:00";"PA";10;92;"ULIANOPOLIS";"Condutor Dormindo";"Colisão traseira";"Sem Vítimas";"Plena Noite";"Decrescente";"Céu Claro";"Simples";"Aclive";"Não";3;0;0;0;2;4;0;6;-3,63543;-47,48837;"SPRF-PA";"DEL02-PA";"UOP02-DEL02-PA"
137770;2018-06-04;"segunda-feira";"04:30:00";"BA";110;344;"ALAGOINHAS";"Ingestão de Álcool";"Colisão frontal";"Com Vítimas Feridas";"Plena Noite";"Decrescente";"Nublado";"Simples";"Curva";"Sim";2;0;1;0;1;0;1;2;-12,194;-38,4185;"SPRF-BA";"DEL01-BA";"UOP04-DEL01-BA"
137775;2018-06-04;"segunda-feira";"05:10:00";"BA";101;63,7;"ENTRE RIOS";"Condutor Dormindo";"Colisão frontal";"Com Vítimas Feridas";"Amanhecer";"Decrescente";"Nublado";"Simples";"Declive";"Não";3;0;1;2;0;0;3;2;-11,95603641;-38,08505058;"SPRF-BA";"DEL01-BA";"UOP04-DEL01-BA"
137778;2018-04-04;"quarta-feira";"17:30:00";"PE";423;126,2;"SALOA";"Falta de Atenção à Condução";"Colisão frontal";"Com Vítimas Fatais";"Pleno dia";"Crescente";"Céu Claro";"Simples";"Aclive";"Não";4;2;0;0;2;0;0;3;-8,919696;-36,711971;"SPRF-PE";"DEL03-PE";"UOP01-DEL03-PE"
137780;2018-06-04;"segunda-feira";"07:10:00";"PI";343;42,5;"BURITI DOS LOPES";"Velocidade Incompatível";"Colisão lateral";"Com Vítimas Feridas";"Pleno dia";"Crescente";"Céu Claro";"Simples";"Curva";"Não";2;0;0;1;1;0;1;2;-3,16284118;-41,82224751;"SPRF-PI";"DEL05-PI";"UOP01-DEL05-PI"
137782;2018-06-04;"segunda-feira";"04:40:00";"PI";316;401;"FRANCISCO MACEDO";"Condutor Dormindo";"Colisão traseira";"Com Vítimas Feridas";"Amanhecer";"Crescente";"Céu Claro";"Simples";"Reta";"Não";3;0;1;0;1;2;1;4;-7,3648503;-40,75629473;"SPRF-PI";"DEL04-PI";"UOP03-DEL04-PI"
137796;2018-06-04;"segunda-feira";"07:20:00";"RO";364;239,2;"CACOAL";"Desobediência às normas de trânsito pelo condutor";"Colisão transversal";"Com Vítimas Feridas";"Pleno dia";"Decrescente";"Céu Claro";"Simples";"Reta";"Sim";4;0;0;1;2;5;1;8;-11,434251;-61,462673;"SPRF-RO";"DEL02-RO";"UOP02-DEL02-RO"
137797;2018-06-04;"segunda-feira";"08:15:00";"SP";153;256,8;"MARILIA";"Falta de Atenção à Condução";"Tombamento";"Com Vítimas Feridas";"Pleno dia";"Decrescente";"Nublado";"Dupla";"Rotatória";"Sim";3;0;1;0;1;1;1;2;-22,23778325;-49,91895676;"SPRF-SP";"DEL07-SP";"UOP02-DEL07-SP"
137808;2018-06-04;"segunda-feira";"09:00:00";"MG";365;163;"PIRAPORA";"Desobediência às normas de trânsito pelo condutor";"Colisão lateral";"Com Vítimas Feridas";"Pleno dia";"Crescente";"Céu Claro";"Simples";"Reta";"Não";3;0;1;0;2;0;1;2;-17,371075;-44,945316;"SPRF-MG";"DEL12-MG";"UOP01-DEL12-MG"
137810;2018-06-02;"sábado";"06:05:00";"PR";163;266;"TOLEDO";"Restrição de Visibilidade";"Colisão lateral";"Sem Vítimas";"Amanhecer";"Crescente";"Chuva";"Simples";"Reta";"Não";3;0;0;0;1;2;0;3;-24,62642056;-53,89892578;"SPRF-PR";"DEL04-PR";"UOP01-DEL04-PR"
137811;2018-05-21;"segunda-feira";"02:30:00";"MG";459;35;"CALDAS";"Falta de Atenção do Pedestre";"Atropelamento de Pedestre";"Com Vítimas Fatais";"Plena Noite";"Crescente";"Céu Claro";"Simples";"Reta";"Não";2;1;0;0;1;0;0;2;-21,966175;-46,336096;"SPRF-MG";"DEL09-MG";"UOP01-DEL09-MG"
137813;2018-05-12;"sábado";"18:30:00";"RS";293;189;"BAGE";"Falta de Atenção à Condução";"Colisão lateral";"Com Vítimas Feridas";"Plena Noite";"Decrescente";"Céu Claro";"Simples";"Rotatória";"Não";5;0;1;0;2;2;1;4;-31,265631;-54,137402;"SPRF-RS";"DEL11-RS";"UOP03-DEL11-RS"
137814;2018-01-06;"sábado";"09:00:00";"PR";277;2,7;"PARANAGUA";"Falta de Atenção à Condução";"Capotamento";"Com Vítimas Feridas";"Pleno dia";"Decrescente";"Nublado";"Dupla";"Reta";"Não";3;0;1;0;0;3;1;4;-25,5350068;-48,5307312;"SPRF-PR";"DEL01-PR";"UOP05-DEL01-PR"
137818;2018-06-04;"segunda-feira";"10:00:00";"BA";116;623,6;"JAGUAQUARA";"Condutor Dormindo";"Colisão frontal";"Com Vítimas Feridas";"Pleno dia";"Decrescente";"Nublado";"Simples";"Reta";"Não";3;0;0;1;1;2;1;4;-13,44094;-40,0300825;"SPRF-BA";"DEL03-BA";"UOP01-DEL03-BA"
137820;2018-06-04;"segunda-feira";"10:00:00";"PR";369;58;"BANDEIRANTES";"Falta de Atenção à Condução";"Colisão transversal";"Com Vítimas Feridas";"Pleno dia";"Decrescente";"Céu Claro";"Simples";"Reta";"Sim";2;0;1;0;1;0;1;2;-23,1211798;-50,37881244;"SPRF-PR";"DEL07-PR";"UOP05-DEL07-PR"
137822;2018-06-04;"segunda-feira";"09:50:00";"BA";324;359;"CAPIM GROSSO";"Falta de Atenção à Condução";"Colisão com objeto estático";"Com Vítimas Feridas";"Pleno dia";"Decrescente";"Céu Claro";"Simples";"Reta";"Sim";2;0;1;0;1;0;1;2;-11,39753926;-39,96101439;"SPRF-BA";"DEL04-BA";"UOP02-DEL04-BA"
137824;2018-06-04;"segunda-feira";"11:12:00";"RS";386;323,1;"MARQUES DE SOUZA";"Avarias e/ou desgaste excessivo no pneu";"Saída de leito carroçável";"Com Vítimas Feridas";"Pleno dia";"Crescente";"Nublado";"Simples";"Curva;Declive";"Não";2;0;2;0;0;0;2;1;-29,31425715;-52,10447875;"SPRF-RS";"DEL04-RS";"UOP01-DEL04-RS"
137825;2018-06-04;"segunda-feira";"11:20:00";"PR";277;32;"MORRETES";"Velocidade Incompatível";"Tombamento";"Sem Vítimas";"Pleno dia";"Crescente";"Garoa/Chuvisco";"Dupla";"Curva";"Não";2;0;0;0;1;2;0;3;-25,56052284;-48,81563544;"SPRF-PR";"DEL01-PR";"UOP05-DEL01-PR"
137829;2018-06-04;"segunda-feira";"06:30:00";"RS";470;19;"BARRACAO";"Carga excessiva e/ou mal acondicionada";"Capotamento";"Sem Vítimas";"Amanhecer";"Decrescente";"Céu Claro";"Simples";"Reta";"Não";2;0;0;0;2;0;0;1;-27,662331;-51,456161;"SPRF-RS";"DEL08-RS";"UOP05-DEL08-RS"
137831;2018-06-04;"segunda-feira";"09:58:00";"SC";470;113,6;"IBIRAMA";"Defeito Mecânico no Veículo";"Colisão frontal";"Com Vítimas Feridas";"Pleno dia";"Crescente";"Nublado";"Simples";"Reta";"Sim";4;0;0;1;2;1;1;3;-27,091105;-49,470123;"SPRF-SC";"DEL04-SC";"UOP02-DEL04-SC"
137837;2018-05-18;"sexta-feira";"07:25:00";"AM";174;895;"MANAUS";"Falta de Atenção à Condução";"Atropelamento de Pedestre";"Com Vítimas Feridas";"Pleno dia";"Crescente";"Céu Claro";"Simples";"Reta";"Não";2;0;0;1;1;0;1;2;-2,526976;-60,021114;"SPRF-AM";"DEL01-AM";"UOP01-DEL01-AM"
137841;2018-06-04;"segunda-feira";"11:30:00";"MT";163;729;"SORRISO";"Falta de Atenção à Condução";"Tombamento";"Sem Vítimas";"Pleno dia";"Decrescente";"Céu Claro";"Simples";"Reta";"Não";2;0;0;0;1;3;0;4;-12,73170409;-55,83046496;"SPRF-MT";"DEL06-MT";"UOP01-DEL06-MT"
137842;2018-06-04;"segunda-feira";"12:15:00";"SC";282;514,4;"XAXIM";"Falta de Atenção do Pedestre";"Tombamento";"Sem Vítimas";"Pleno dia";"Crescente";"Garoa/Chuvisco";"Simples";"Reta";"Não";1;0;0;0;1;0;0;1;-26,91644492;-52,49258995;"SPRF-SC";"DEL07-SC";"UOP01-DEL07-SC"
137844;2018-06-04;"segunda-feira";"14:15:00";"SP";153;277,4;"OCAUCU";"Falta de Atenção à Condução";"Saída de leito carroçável";"Com Vítimas Feridas";"Pleno dia";"Crescente";"Nublado";"Simples";"Reta";"Não";4;0;1;0;2;1;1;3;-22,387245;-49,865219;"SPRF-SP";"DEL07-SP";"UOP02-DEL07-SP"
137847;2018-06-04;"segunda-feira";"09:45:00";"PR";376;650,9;"TIJUCAS DO SUL";"Velocidade Incompatível";"Tombamento";"Com Vítimas Feridas";"Pleno dia";"Crescente";"Nublado";"Dupla";"Curva";"Não";4;0;2;1;0;1;3;2;-25,8453202;-49,07558441;"SPRF-PR";"DEL01-PR";"DEL7/1-UOP08/PR"
137859;2018-06-04;"segunda-feira";"14:10:00";"CE";116;26;"ITAITINGA";"Não guardar distância de segurança";"Colisão lateral";"Com Vítimas Feridas";"Pleno dia";"Crescente";"Céu Claro";"Dupla";"Reta";"Sim";4;0;1;0;2;1;1;3;-3,97818499;-38,51416111;"SPRF-CE";"DEL01-CE";"UOP02-DEL01-CE"
137866;2018-06-04;"segunda-feira";"13:50:00";"MG";381;543,9;"RIO MANSO";"Falta de Atenção à Condução";"Colisão lateral";"Sem Vítimas";"Pleno dia";"Crescente";"Nublado";"Dupla";"Aclive;Curva";"Não";2;0;0;0;2;0;0;2;-20,2548;-44,414;"SPRF-MG";"DEL04-MG";"UOP03-DEL04-MG"
137870;2018-06-04;"segunda-feira";"16:25:00";"RS";153;53,4;"ERECHIM";"Falta de Atenção à Condução";"Colisão transversal";"Com Vítimas Feridas";"Pleno dia";"Crescente";"Garoa/Chuvisco";"Simples";"Declive";"Sim";3;0;1;0;1;1;1;3;-27,67594628;-52,2905767;"SPRF-RS";"DEL08-RS";"UOP04-DEL08-RS"
137877;2018-05-03;"quinta-feira";"19:15:00";"RS";470;71;"LAGOA VERMELHA";"Desobediência às normas de trânsito pelo condutor";"Colisão transversal";"Com Vítimas Feridas";"Plena Noite";"Crescente";"Céu Claro";"Simples";"Curva";"Não";5;0;1;0;3;2;1;4;-28,203295;-51,525402;"SPRF-RS";"DEL08-RS";"UOP05-DEL08-RS"
137878;2018-05-15;"terça-feira";"14:55:00";"SP";116;493;"CAJATI";"Defeito Mecânico no Veículo";"Incêndio";"Sem Vítimas";"Pleno dia";"Decrescente";"Ignorado";"Dupla";"Reta";"Não";2;0;0;0;1;1;0;2;-24,77068126;-48,17032814;"SPRF-SP";"DEL05-SP";"UAP01-DEL05-SP"
137879;2018-06-04;"segunda-feira";"17:15:00";"BA";116;441,9;"FEIRA DE SANTANA";"Velocidade Incompatível";"Tombamento";"Com Vítimas Feridas";"Anoitecer";"Crescente";"Céu Claro";"Dupla";"Curva";"Não";2;0;1;0;0;1;1;2;-12,35329136;-39,09471989;"SPRF-BA";"DEL02-BA";"UOP01-DEL02-BA"
137880;2018-06-04;"segunda-feira";"17:50:00";"PE";232;212,2;"PESQUEIRA";"Desobediência às normas de trânsito pelo condutor";"Colisão frontal";"Com Vítimas Fatais";"Plena Noite";"Crescente";"Céu Claro";"Simples";"Reta";"Sim";2;1;0;0;1;0;0;2;-8,374241;-36,71564;"SPRF-PE";"DEL02-PE";"UOP03-DEL02-PE"
137881;2018-06-04;"segunda-feira";"17:15:00";"SC";280;50,5;"GUARAMIRIM";"Falta de Atenção à Condução";"Colisão lateral";"Com Vítimas Feridas";"Pleno dia";"Decrescente";"Céu Claro";"Simples";"Reta";"Não";2;0;1;0;1;0;1;2;-26,46363493;-48,95064605;"SPRF-SC";"DEL03-SC";"UOP03-DEL03-SC"
137884;2018-06-04;"segunda-feira";"16:20:00";"RO";319;58,3;"PORTO VELHO";"Não guardar distância de segurança";"Colisão traseira";"Com Vítimas Feridas";"Pleno dia";"Decrescente";"Céu Claro";"Dupla";"Interseção de Vias";"Sim";3;0;1;0;2;0;1;2;-8,74324695;-63,91258299;"SPRF-RO";"DEL01-RO";"UOP01-DEL01-RO"
137893;2018-06-04;"segunda-feira";"17:50:00";"PI";316;309;"PICOS";"Defeito Mecânico no Veículo";"Colisão lateral";"Com Vítimas Feridas";"Anoitecer";"Crescente";"Céu Claro";"Simples";"Reta";"Sim";3;0;1;0;2;0;1;2;-7,07789555;-41,48943901;"SPRF-PI";"DEL04-PI";"UOP01-DEL04-PI"
137895;2018-06-04;"segunda-feira";"18:00:00";"RS";470;214;"BENTO GONCALVES";"Falta de Atenção à Condução";"Engavetamento";"Com Vítimas Feridas";"Plena Noite";"Crescente";"Chuva";"Simples";"Reta";"Não";4;0;2;0;2;0;2;4;-29,15742698;-51,53106093;"SPRF-RS";"DEL06-RS";"UOP01-DEL06-RS"
137897;2018-06-04;"segunda-feira";"18:55:00";"PR";277;421;"CANTAGALO";"Falta de Atenção do Pedestre";"Atropelamento de Pedestre";"Com Vítimas Feridas";"Plena Noite";"Decrescente";"Chuva";"Simples";"Interseção de Vias";"Sim";3;0;0;1;1;1;1;3;-25,37631016;-52,12931693;"SPRF-PR";"DEL04-PR";"UOP02-DEL04-PR"
137898;2018-06-04;"segunda-feira";"18:05:00";"MT";364;436;"VARZEA GRANDE";"Desobediência às normas de trânsito pelo condutor";"Colisão transversal";"Com Vítimas Feridas";"Anoitecer";"Crescente";"Nublado";"Dupla";"Reta";"Sim";4;0;0;2;2;0;2;2;-15,64584962;-56,19884491;"SPRF-MT";"DEL01-MT";"DEL2/4-UOP02/MT"
137902;2018-06-04;"segunda-feira";"16:15:00";"PR";476;289;"SAO MATEUS DO SUL";"Falta de Atenção à Condução";"Colisão frontal";"Com Vítimas Feridas";"Pleno dia";"Decrescente";"Chuva";"Simples";"Reta";"Não";3;0;0;1;1;1;1;3;-25,930927;-50,472496;"SPRF-PR";"DEL02-PR";"UOP04-DEL02-PR"
137911;2018-06-04;"segunda-feira";"17:45:00";"GO";60;113;"TEREZOPOLIS DE GOIAS";"Objeto estático sobre o leito carroçável";"Colisão com objeto estático";"Com Vítimas Feridas";"Anoitecer";"Crescente";"Ignorado";"Dupla";"Reta";"Não";2;0;1;0;1;0;1;2;-16,4572;-49,0567;"SPRF-GO";"DEL01-GO";"UOP01-DEL01-GO"
137925;2018-06-04;"segunda-feira";"21:35:00";"GO";40;3,6;"VALPARAISO DE GOIAS";"Defeito Mecânico no Veículo";"Tombamento";"Sem Vítimas";"Anoitecer";"Crescente";"Céu Claro";"Dupla";"Reta";"Sim";2;0;0;0;1;1;0;2;-16,09603772;-47,9804297;"SPRF-DF";"DEL01-DF";"UOP01-DEL01-DF"
137941;2018-06-04;"segunda-feira";"20:15:00";"MG";381;446,1;"SANTA LUZIA";"Desobediência às normas de trânsito pelo condutor";"Colisão lateral";"Sem Vítimas";"Plena Noite";"Decrescente";"Céu Claro";"Simples";"Reta";"Não";6;0;0;0;5;1;0;4;-19,80957832;-43,7901333;"SPRF-MG";"DEL01-MG";"UOP01-DEL01-MG"
137942;2018-06-04;"segunda-feira";"22:20:00";"BA";415;25;"ILHEUS";"Ingestão de Álcool";"Colisão traseira";"Com Vítimas Feridas";"Plena Noite";"Crescente";"Nublado";"Simples";"Reta";"Não";2;0;0;1;0;1;1;2;-14,8482;-39,281986;"SPRF-BA";"DEL05-BA";"UOP01-DEL05-BA"
137943;2018-06-04;"segunda-feira";"20:15:00";"SC";470;184,2;"POUSO REDONDO";"Velocidade Incompatível";"Colisão com objeto estático";"Com Vítimas Feridas";"Pleno dia";"Crescente";"Chuva";"Simples";"Reta";"Não";6;0;2;1;2;1;3;3;-27,253036;-50,026642;"SPRF-SC";"DEL04-SC";"UOP02-DEL04-SC"
137951;2018-06-04;"segunda-feira";"21:10:00";"MG";262;9;"MARTINS SOARES";"Falta de Atenção à Condução";"Derramamento de carga";"Sem Vítimas";"Plena Noite";"Decrescente";"Nublado";"Simples";"Curva";"Não";2;0;0;0;1;1;0;2;-20,250532;-41,835052;"SPRF-MG";"DEL06-MG";"UOP03-DEL06-MG"
137952;2018-06-05;"terça-feira";"00:05:00";"PA";316;21;"BENEVIDES";"Não guardar distância de segurança";"Colisão traseira";"Com Vítimas Feridas";"Plena Noite";"Decrescente";"Ignorado";"Dupla";"Reta";"Não";2;0;1;0;1;0;1;2;-1,36095897;-48,2624352;"SPRF-PA";"DEL01-PA";"DEL19/1-UOP05/PA"
137953;2018-06-05;"terça-feira";"00:30:00";"MT";364;275,2;"JACIARA";"Defeito Mecânico no Veículo";"Saída de leito carroçável";"Com Vítimas Feridas";"Plena Noite";"Decrescente";"Nublado";"Simples";"Aclive";"Sim";1;0;1;0;0;0;1;1;-15,950856;-54,982376;"SPRF-MT";"DEL02-MT";"UOP02-DEL05-MT"
137955;2018-06-05;"terça-feira";"00:10:00";"BA";407;5;"JUAZEIRO";"Falta de Atenção à Condução";"Colisão com objeto estático";"Com Vítimas Feridas";"Plena Noite";"Crescente";"Céu Claro";"Simples";"Rotatória";"Sim";2;0;1;0;0;1;1;2;-9,447785;-40,490437;"SPRF-PE";"DEL06-PE";"UOP01-DEL06-PE"
137957;2018-06-05;"terça-feira";"04:25:00";"GO";60;39;"GOIANIA";"Carga excessiva e/ou mal acondicionada";"Tombamento";"Com Vítimas Feridas";"Plena Noite";"Decrescente";"Vento";"Dupla";"Curva";"Sim";3;0;1;0;1;1;1;2;-16,6777;-49,2676;"SPRF-GO";"DEL01-GO";"UOP03-DEL01-GO"