"id";"data_inversa";"dia_semana";"horario";"uf";"br";"km";"municipio";"causa_acidente";"tipo_acidente";"classificacao_acidente";"fase_dia";"sentido_via";"condicao_metereologica";"tipo_pista";"tracado_via";"uso_solo";"pessoas";"mortos";"feridos_leves";"feridos_graves";"ilesos";"ignorados";"feridos";"veiculos";"latitude";"longitude";"regional";"delegacia";"uop"
138255;2018-06-06;"quarta-feira";"16:25:00";"SC";470;174;"POUSO REDONDO";"Não guardar distância de segurança";"Saída de leito carroçável";"Com Vítimas Feridas";"Anoitecer";"Crescente";"Céu Claro";"Simples";"Aclive";"Não";1;0;0;1;0;0;1;1;-27,258179;-49,929146;"SPRF-SC";"DEL04-SC";"UOP02-DEL04-SC"
138268;2018-06-06;"quarta-feira";"13:45:00";"RS";470;191,8;"VERANOPOLIS";"Não guardar distância de segurança";"Colisão traseira";"Sem Vítimas";"Pleno dia";"Crescente";"Céu Claro";"Simples";"Curva";"Não";2;0;0;0;2;0;0;2;-29,03380882;-51,56647682;"SPRF-RS";"DEL06-RS";"UOP02-DEL06-RS"
138270;2018-06-06;"quarta-feira";"18:20:00";"MG";116;470,8;"TARUMIRIM";"Sinalização da via insuficiente ou inadequada";"Tombamento";"Com Vítimas Feridas";"Plena Noite";"Decrescente";"Céu Claro";"Simples";"Interseção de Vias";"Não";3;0;0;1;2;0;1;2;-19,316459;-42,07354903;"SPRF-MG";"DEL06-MG";"UOP02-DEL06-MG"
138277;2018-06-06;"quarta-feira";"15:35:00";"RJ";116;89;"TERESOPOLIS";"Falta de Atenção à Condução";"Colisão traseira";"Com Vítimas Feridas";"Pleno dia";"Decrescente";"Sol";"Simples";"Interseção de Vias";"Sim";3;0;2;0;1;0;2;2;-22,46275882;-42,98785508;"SPRF-RJ";"DEL04-RJ";"UOP02-DEL04-RJ"
138278;2018-06-06;"quarta-feira";"18:30:00";"ES";101;269,5;"SERRA";"Falta de Atenção à Condução";"Colisão transversal";"Com Vítimas Feridas";"Plena Noite";"Crescente";"Céu Claro";"Múltipla";"Reta";"Sim";4;0;1;0;3;0;1;4;-20,22651795;-40,27076662;"SPRF-ES";"DEL02-ES";"UOP01-DEL02-ES"
138280;2018-06-06;"quarta-feira";"10:00:00";"MG";354;712,1;"CAXAMBU";"Velocidade Incompatível";"Saída de leito carroçável";"Sem Vítimas";"Pleno dia";"Crescente";"Chuva";"Simples";"Curva";"Não";3;0;0;0;3;0;0;1;-22,05845699;-44,92840732;"SPRF-MG";"DEL05-MG";"DEL5/4-UOP01/MG"
138281;2018-06-06;"quarta-feira";"18:00:00";"MS";262;559,3;"MIRANDA";"Ingestão de Álcool";"Colisão frontal";"Com Vítimas Feridas";"Anoitecer";"Crescente";"Céu Claro";"Simples";"Reta";"Não";4;0;1;0;1;2;1;3;-20,223994;-56,401496;"SPRF-MS";"DEL03-MS";"UOP02-DEL03-MS"
138284;2018-06-06;"quarta-feira";"18:00:00";"RS";471;150,7;"SANTA CRUZ DO SUL";"Falta de Atenção à Condução";"Colisão com objeto estático";"Com Vítimas Feridas";"Anoitecer";"Crescente";"Céu Claro";"Simples";"Interseção de Vias";"Sim";2;0;0;1;1;0;1;2;-29,77907288;-52,41551399;"SPRF-RS";"DEL02-RS";"UOP02-DEL02-RS"
138287;2018-06-06;"quarta-feira";"19:01:00";"BA";324;546,3;"AMELIA RODRIGUES";"Falta de Atenção à Condução";"Tombamento";"Com Vítimas Feridas";"Plena Noite";"Decrescente";"Nublado";"Dupla";"Reta";"Não";1;0;1;0;0;0;1;1;-12,42484194;-38,73882294;"SPRF-BA";"DEL01-BA";"UOP01-DEL01-BA"
138292;2018-06-06;"quarta-feira";"19:00:00";"SC";116;247,4;"LAGES";"Falta de Atenção à Condução";"Colisão transversal";"Com Vítimas Feridas";"Plena Noite";"Crescente";"Céu Claro";"Simples";"Reta";"Sim";2;0;1;0;1;0;1;2;-27,804199;-50,365093;"SPRF-SC";"DEL05-SC";"UOP02-DEL05-SC"
138293;2018-06-06;"quarta-feira";"19:30:00";"BA";324;512,3;"FEIRA DE SANTANA";"Falta de Atenção do Pedestre";"Atropelamento de Pedestre";"Com Vítimas Feridas";"Plena Noite";"Crescente";"Céu Claro";"Simples";"Reta";"Sim";2;0;0;1;0;1;1;2;-12,2318;-38,95548;"SPRF-BA";"DEL02-BA";"UOP01-DEL02-BA"
138295;2018-06-06;"quarta-feira";"19:30:00";"SC";280;21,6;"ARAQUARI";"Falta de Atenção à Condução";"Colisão lateral";"Com Vítimas Fatais";"Plena Noite";"Decrescente";"Céu Claro";"Simples";"Reta";"Não";6;1;2;1;1;2;3;5;-26,37076282;-48,69755924;"SPRF-SC";"DEL03-SC";"UOP03-DEL03-SC"
138296;2018-06-06;"quarta-feira";"18:48:00";"RS";392;691,1;"ROQUE GONZALES";"Falta de Atenção à Condução";"Colisão traseira";"Com Vítimas Fatais";"Plena Noite";"Decrescente";"Céu Claro";"Simples";"Aclive;Reta";"Não";5;2;0;0;3;0;0;2;-28,08338703;-55,05542994;"SPRF-RS";"DEL10-RS";"UOP01-DEL10-RS"
138297;2018-06-06;"quarta-feira";"19:00:00";"PI";343;610;"FLORIANO";"Falta de Atenção à Condução";"Saída de leito carroçável";"Com Vítimas Feridas";"Plena Noite";"Decrescente";"Céu Claro";"Simples";"Curva";"Não";2;0;1;0;0;2;1;3;-6,891387;-43,136589;"SPRF-PI";"DEL03-PI";"UOP01-DEL03-PI"
138301;2018-06-07;"quinta-feira";"06:10:00";"SC";101;208,8;"SAO JOSE";"Mal Súbito";"Colisão lateral";"Com Vítimas Feridas";"Pleno dia";"Decrescente";"Céu Claro";"Dupla";"Reta";"Não";3;0;1;0;1;1;1;3;-27,6082996;-48,63707542;"SPRF-SC";"DEL01-SC";"UOP01-DEL01-SC"
138302;2018-06-07;"quinta-feira";"05:35:00";"GO";20;228,2;"POSSE";"Velocidade Incompatível";"Tombamento";"Com Vítimas Feridas";"Amanhecer";"Decrescente";"Céu Claro";"Simples";"Reta";"Não";3;0;1;0;1;1;1;2;-14,127853;-46,315601;"SPRF-DF";"DEL02-DF";"UOP03-DEL02-DF"
138309;2018-06-06;"quarta-feira";"23:00:00";"SC";101;314,1;"LAGUNA";"Falta de Atenção à Condução";"Colisão traseira";"Com Vítimas Feridas";"Plena Noite";"Crescente";"Céu Claro";"Dupla";"Reta;Ponte";"Não";4;0;0;1;1;2;1;4;-28,4353;-48,8347;"SPRF-SC";"DEL02-SC";"UOP01-DEL02-SC"
138312;2018-06-07;"quinta-feira";"01:45:00";"PR";376;472,6;"PONTA GROSSA";"Falta de Atenção à Condução";"Saída de leito carroçável";"Sem Vítimas";"Plena Noite";"Crescente";"Chuva";"Dupla";"Curva";"Não";2;0;0;0;1;1;0;2;-25,02642847;-50,31415343;"SPRF-PR";"DEL03-PR";"UOP01-DEL03-PR"
138313;2018-06-07;"quinta-feira";"01:47:00";"PR";376;472,6;"PONTA GROSSA";"Falta de Atenção do Pedestre";"Atropelamento de Pedestre";"Com Vítimas Fatais";"Plena Noite";"Crescente";"Chuva";"Dupla";"Reta";"Não";3;1;0;0;1;1;0;3;-25,03647041;-50,29755056;"SPRF-PR";"DEL03-PR";"UOP01-DEL03-PR"
138318;2018-06-06;"quarta-feira";"17:30:00";"BA";242;607;"MUQUEM DE SAO FRANCISCO";"Ultrapassagem Indevida";"Colisão traseira";"Sem Vítimas";"Plena Noite";"Crescente";"Céu Claro";"Simples";"Reta";"Não";2;0;0;0;1;1;0;2;-12,1776855;-43,39455843;"SPRF-BA";"DEL10-BA";"UOP03-DEL06-BA"
138321;2018-06-06;"quarta-feira";"22:00:00";"ES";101;67;"SAO MATEUS";"Falta de Atenção à Condução";"Colisão traseira";"Com Vítimas Feridas";"Plena Noite";"Decrescente";"Céu Claro";"Simples";"Reta";"Sim";3;0;1;0;1;2;1;4;-18,720545;-39,865883;"SPRF-ES";"DEL04-ES";"UOP02-DEL04-ES"
138324;2018-06-06;"quarta-feira";"19:45:00";"PR";277;102,9;"CAMPO LARGO";"Não guardar distância de segurança";"Capotamento";"Com Vítimas Feridas";"Plena Noite";"Decrescente";"Garoa/Chuvisco";"Dupla";"Reta";"Não";1;0;1;0;0;0;1;1;-25,42867352;-49,39175516;"SPRF-PR";"DEL01-PR";"UOP06-DEL01-PR"
138325;2018-06-07;"quinta-feira";"07:50:00";"CE";20;417;"MARACANAU";"Desobediência às normas de trânsito pelo condutor";"Colisão lateral";"Com Vítimas Feridas";"Pleno dia";"Decrescente";"Garoa/Chuvisco";"Dupla";"Reta";"Sim";2;0;1;0;1;0;1;2;-3,84826;-38,570668;"SPRF-CE";"DEL01-CE";"UOP02-DEL01-CE"
138326;2018-06-07;"quinta-feira";"01:30:00";"GO";153;694,2;"ITUMBIARA";"Condutor Dormindo";"Colisão traseira";"Com Vítimas Feridas";"Plena Noite";"Decrescente";"Ignorado";"Dupla";"Reta";"Não";3;0;1;0;1;1;1;3;-18,33073636;-49,22565937;"SPRF-GO";"DEL03-GO";"UOP02-DEL03-GO"
138328;2018-06-06;"quarta-feira";"18:35:00";"MA";10;192;"RIBAMAR FIQUENE";"Ingestão de Álcool";"Colisão lateral";"Sem Vítimas";"Plena Noite";"Crescente";"Céu Claro";"Múltipla";"Reta";"Não";3;0;0;0;2;1;0;3;-6,03626;-47,382572;"SPRF-MA";"DEL04-MA";"UOP01-DEL04-MA"
138330;2018-06-06;"quarta-feira";"20:00:00";"MG";262;191;"BELA VISTA DE MINAS";"Animais na Pista";"Atropelamento de Animal";"Sem Vítimas";"Plena Noite";"Crescente";"Céu Claro";"Simples";"Reta";"Não";2;0;0;0;1;1;0;2;-19,87487297;-43,07574156;"SPRF-MG";"DEL03-MG";"UOP01-DEL03-MG"
138331;2018-06-07;"quinta-feira";"05:50:00";"BA";242;192;"ITABERABA";"Defeito na Via";"Tombamento";"Sem Vítimas";"Pleno dia";"Decrescente";"Céu Claro";"Simples";"Reta";"Não";2;0;0;0;1;2;0;3;-12,52097;-40,179338;"SPRF-BA";"DEL06-BA";"UOP02-DEL06-BA"
138335;2018-06-07;"quinta-feira";"08:00:00";"MG";365;623,9;"UBERLANDIA";"Não guardar distância de segurança";"Colisão traseira";"Com Vítimas Feridas";"Pleno dia";"Crescente";"Sol";"Dupla";"Reta";"Sim";4;0;2;0;1;1;2;3;-18,8974;-48,2715;"SPRF-MG";"DEL15-MG";"UOP01-DEL15-MG"
138339;2018-06-07;"quinta-feira";"03:30:00";"PR";476;253,9;"ANTONIO OLINTO";"Condutor Dormindo";"Saída de leito carroçável";"Com Vítimas Fatais";"Plena Noite";"Decrescente";"Chuva";"Simples";"Reta";"Não";2;1;0;0;0;1;0;2;-25,885603;-50,182251;"SPRF-PR";"DEL02-PR";"UOP04-DEL02-PR"
138340;2018-06-06;"quarta-feira";"19:50:00";"MG";381;680,1;"PERDOES";"Não guardar distância de segurança";"Colisão traseira";"Com Vítimas Feridas";"Plena Noite";"Crescente";"Céu Claro";"Dupla";"Reta;Declive";"Não";4;0;1;0;2;2;1;5;-21,1266185;-45,09939194;"SPRF-MG";"DEL04-MG";"UOP02-DEL04-MG"
138341;2018-06-07;"quinta-feira";"08:17:00";"PA";222;23;"DOM ELISEU";"Desobediência às normas de trânsito pelo condutor";"Colisão lateral";"Com Vítimas Feridas";"Pleno dia";"Crescente";"Céu Claro";"Simples";"Reta";"Não";3;0;0;1;1;2;1;4;-4,2837736;-47,5584057;"SPRF-PA";"DEL02-PA";"UOP02-DEL02-PA"
138344;2018-06-07;"quinta-feira";"05:40:00";"BA";242;875;"LUIS EDUARDO MAGALHAES";"Ultrapassagem Indevida";"Capotamento";"Com Vítimas Feridas";"Pleno dia";"Decrescente";"Céu Claro";"Simples";"Reta";"Não";4;0;1;0;2;1;1;3;-12,07893864;-45,69934845;"SPRF-BA";"DEL10-BA";"UOP01-DEL10-BA"
138346;2018-06-07;"quinta-feira";"01:00:00";"PI";407;428;"GEMINIANO";"Falta de Atenção à Condução";"Saída de leito carroçável";"Com Vítimas Feridas";"Plena Noite";"Decrescente";"Céu Claro";"Simples";"Reta";"Não";3;0;3;0;0;0;3;1;-7,116813;-41,407291;"SPRF-PI";"DEL04-PI";"UOP01-DEL04-PI"
138348;2018-06-06;"quarta-feira";"19:20:00";"GO";60;383;"RIO VERDE";"Falta de Atenção à Condução";"Colisão com objeto estático";"Com Vítimas Feridas";"Anoitecer";"Decrescente";"Céu Claro";"Dupla";"Reta";"Sim";2;0;1;0;0;2;1;3;-17,7980269;-50,9160331;"SPRF-GO";"DEL04-GO";"UOP01-DEL04-GO"
138349;2018-05-10;"quinta-feira";"15:35:00";"RS";153;5,5;"MARCELINO RAMOS";"Falta de Atenção à Condução";"Colisão lateral";"Com Vítimas Feridas";"Pleno dia";"Crescente";"Céu Claro";"Simples";"Curva";"Não";3;0;2;0;1;0;2;2;-27,40873;-52,016018;"SPRF-RS";"DEL08-RS";"UOP04-DEL08-RS"
138350;2018-06-07;"quinta-feira";"07:30:00";"MT";70;516,9;"VARZEA GRANDE";"Desobediência às normas de trânsito pelo condutor";"Colisão transversal";"Com Vítimas Feridas";"Pleno dia";"Crescente";"Nublado";"Simples";"Interseção de Vias";"Sim";3;0;1;0;2;0;1;3;-15,70167234;-56,15955591;"SPRF-MT";"DEL01-MT";"DEL2/4-UOP02/MT"
138357;2018-06-06;"quarta-feira";"19:09:00";"PR";163;289;"MARECHAL CANDIDO RONDON";"Agressão Externa";"Saída de leito carroçável";"Com Vítimas Feridas";"Plena Noite";"Crescente";"Céu Claro";"Simples";"Curva";"Sim";4;0;1;0;3;0;1;3;-24,52344884;-54,05980145;"SPRF-PR";"DEL06-PR";"UOP02-DEL06-PR"
138360;2018-06-06;"quarta-feira";"07:00:00";"PB";116;9,3;"CACHOEIRA DOS INDIOS";"Defeito Mecânico no Veículo";"Tombamento";"Com Vítimas Feridas";"Pleno dia";"Crescente";"Céu Claro";"Simples";"Curva";"Não";1;0;1;0;0;0;1;1;-6,973314;-38,735187;"SPRF-CE";"DEL05-CE";"UOP03-DEL05-CE"
138362;2018-06-07;"quinta-feira";"08:45:00";"SP";116;344,8;"JUQUITIBA";"Falta de Atenção à Condução";"Tombamento";"Com Vítimas Feridas";"Pleno dia";"Crescente";"Nublado";"Dupla";"Reta";"Não";2;0;1;0;0;1;1;2;-23,97032;-47,13462;"SPRF-SP";"DEL04-SP";"UOP03-DEL04-SP"
138366;2018-06-06;"quarta-feira";"19:20:00";"RS";392;37,6;"RIO GRANDE";"Falta de Atenção do Pedestre";"Atropelamento de Pedestre";"Com Vítimas Fatais";"Plena Noite";"Crescente";"Céu Claro";"Dupla";"Reta";"Não";3;1;0;0;1;1;0;3;-31,981192;-52,295605;"SPRF-RS";"DEL07-RS";"UOP02-DEL07-RS"
138369;2018-06-06;"quarta-feira";"19:00:00";"BA";407;231;"CAPIM GROSSO";"Falta de Atenção à Condução";"Colisão frontal";"Com Vítimas Feridas";"Plena Noite";"Decrescente";"Nublado";"Simples";"Curva";"Sim";4;0;0;2;2;0;2;2;-11,3882818;-39,9870885;"SPRF-BA";"DEL04-BA";"UOP02-DEL04-BA"
138376;2018-05-18;"sexta-feira";"05:30:00";"RS";285;507;"ENTRE-IJUIS";"Falta de Atenção à Condução";"Saída de leito carroçável";"Com Vítimas Feridas";"Plena Noite";"Decrescente";"Chuva";"Simples";"Reta";"Não";3;0;2;0;0;1;2;2;-28,397076;-54,354954;"SPRF-RS";"DEL10-RS";"UOP01-DEL10-RS"
138385;2018-06-07;"quinta-feira";"10:25:00";"SC";101;23;"JOINVILLE";"Falta de Atenção à Condução";"Colisão traseira";"Com Vítimas Feridas";"Pleno dia";"Crescente";"Garoa/Chuvisco";"Múltipla";"Reta";"Sim";4;0;2;0;1;1;2;3;-26,16882834;-48,90725612;"SPRF-SC";"DEL03-SC";"UOP01-DEL03-SC"
138388;2018-06-07;"quinta-feira";"09:45:00";"PA";316;8;"ANANINDEUA";"Desobediência às normas de trânsito pelo condutor";"Colisão transversal";"Com Vítimas Feridas";"Pleno dia";"Crescente";"Céu Claro";"Dupla";"Reta";"Sim";2;0;0;1;1;0;1;2;-1,36709949;-48,37257743;"SPRF-PA";"DEL01-PA";"DEL19/1-UOP05/PA"
138392;2018-06-07;"quinta-feira";"11:49:00";"PA";316;66;"CASTANHAL";"Falta de Atenção à Condução";"Colisão lateral";"Sem Vítimas";"Pleno dia";"Crescente";"Céu Claro";"Dupla";"Reta";"Sim";3;0;0;0;2;1;0;3;-1,29629364;-47,91711688;"SPRF-PA";"DEL01-PA";"UOP01-DEL01-PA"
138393;2018-05-19;"sábado";"01:40:00";"RJ";116;250;"PIRAI";"Defeito Mecânico no Veículo";"Incêndio";"Sem Vítimas";"Plena Noite";"Crescente";"Céu Claro";"Dupla";"Reta";"Não";2;0;0;0;1;1;0;2;-22,624538;-43,917652;"SPRF-RJ";"DEL07-RJ";"UOP01-DEL07-RJ"
138397;2018-06-07;"quinta-feira";"10:00:00";"CE";116;150,1;"PALHANO";"Defeito na Via";"Saída de leito carroçável";"Sem Vítimas";"Pleno dia";"Decrescente";"Nublado";"Simples";"Reta";"Não";2;0;0;0;1;2;0;3;-4,837617;-38,04631;"SPRF-CE";"DEL03-CE";"UOP01-DEL03-CE"
138399;2018-06-07;"quinta-feira";"12:10:00";"GO";153;301,5;"RIALMA";"Falta de Atenção à Condução";"Colisão transversal";"Com Vítimas Feridas";"Pleno dia";"Decrescente";"Céu Claro";"Simples";"Interseção de Vias";"Sim";3;0;2;1;0;0;3;2;-15,31332688;-49,57237244;"SPRF-GO";"DEL02-GO";"UOP02-DEL02-GO"
138412;2018-06-04;"segunda-feira";"23:40:00";"PR";476;212,8;"LAPA";"Fenômenos da Natureza";"Tombamento";"Com Vítimas Feridas";"Plena Noite";"Decrescente";"Garoa/Chuvisco";"Múltipla";"Curva";"Não";1;0;1;0;0;0;1;1;-25,780834;-49,866035;"SPRF-PR";"DEL02-PR";"UOP04-DEL02-PR"
138413;2018-06-06;"quarta-feira";"20:15:00";"SC";101;217;"PALHOCA";"Falta de Atenção à Condução";"Colisão traseira";"Com Vítimas Feridas";"Plena Noite";"Decrescente";"Nublado";"Dupla";"Reta";"Sim";3;0;1;0;1;1;1;3;-27,6771;-48,67;"SPRF-SC";"DEL01-SC";"UOP02-DEL01-SC"
138414;2018-06-07;"quinta-feira";"14:00:00";"BA";242;832,7;"BARREIRAS";"Não guardar distância de segurança";"Colisão traseira";"Com Vítimas Feridas";"Pleno dia";"Decrescente";"Céu Claro";"Simples";"Reta";"Não";3;0;1;0;2;0;1;3;-12,1026794;-45,33511519;"SPRF-BA";"DEL10-BA";"UOP01-DEL10-BA"
138416;2018-06-07;"quinta-feira";"13:35:00";"PI";316;15;"TERESINA";"Desobediência às normas de trânsito pelo condutor";"Colisão lateral";"Com Vítimas Fatais";"Pleno dia";"Decrescente";"Céu Claro";"Simples";"Reta";"Não";2;1;0;0;1;0;0;2;-5,226193;-42,750168;"SPRF-PI";"DEL01-PI";"UOP02-DEL01-PI"
138417;2018-06-07;"quinta-feira";"10:30:00";"PR";376;450,4;"TIBAGI";"Velocidade Incompatível";"Tombamento";"Sem Vítimas";"Pleno dia";"Crescente";"Chuva";"Simples";"Curva";"Não";4;0;0;0;2;4;0;6;-24,87958455;-50,44063568;"SPRF-PR";"DEL03-PR";"UOP02-DEL03-PR"
138420;2018-06-06;"quarta-feira";"17:40:00";"MG";267;20,7;"ARGIRITA";"Defeito Mecânico no Veículo";"Incêndio";"Sem Vítimas";"Anoitecer";"Decrescente";"Nublado";"Simples";"Reta";"Não";2;0;0;0;1;1;0;2;-21,59330748;-42,79296577;"SPRF-MG";"DEL07-MG";"UOP01-DEL07-MG"
138421;2018-04-21;"sábado";"13:50:00";"MT";364;100,5;"ALTO GARCAS";"Falta de Atenção à Condução";"Colisão frontal";"Com Vítimas Feridas";"Pleno dia";"Crescente";"Chuva";"Simples";"Curva;Declive";"Não";3;0;0;1;1;3;1;5;-16,841412;-53,777138;"SPRF-MT";"DEL02-MT";"UOP02-DEL02-MT"
138423;2018-06-07;"quinta-feira";"14:15:00";"PI";343;3,2;"TERESINA";"Desobediência às normas de trânsito pelo condutor";"Colisão traseira";"Sem Vítimas";"Pleno dia";"Crescente";"Céu Claro";"Múltipla";"Interseção de Vias";"Sim";2;0;0;0;2;0;0;2;-5,08093084;-42,77808395;"SPRF-PI";"DEL01-PI";"UOP01-DEL01-PI"
138424;2018-06-07;"quinta-feira";"11:20:00";"SE";101;151;"ESTANCIA";"Falta de Atenção à Condução";"Colisão traseira";"Com Vítimas Feridas";"Pleno dia";"Decrescente";"Céu Claro";"Simples";"Reta";"Sim";2;0;0;1;1;0;1;2;-11,272801;-37,446603;"SPRF-SE";"DEL02-SE";"UOP01-DEL02-SE"
138428;2018-06-07;"quinta-feira";"12:20:00";"PR";376;665;"GUARATUBA";"Falta de Atenção à Condução";"Colisão traseira";"Com Vítimas Feridas";"Pleno dia";"Crescente";"Garoa/Chuvisco";"Dupla";"Curva";"Não";3;0;2;1;0;0;3;2;-25,86107721;-48,95130157;"SPRF-PR";"DEL01-PR";"DEL7/1-UOP08/PR"
138433;2018-06-07;"quinta-feira";"14:50:00";"RN";304;33,3;"MOSSORO";"Falta de Atenção à Condução";"Colisão lateral";"Com Vítimas Feridas";"Pleno dia";"Decrescente";"Chuva";"Dupla";"Reta";"Não";3;0;1;0;2;0;1;2;-5,143619;-37,346798;"SPRF-RN";"DEL04-RN";"UOP02-DEL04-RN"
138438;2018-06-07;"quinta-feira";"13:30:00";"SP";116;111,9;"TAUBATE";"Avarias e/ou desgaste excessivo no pneu";"Queda de ocupante de veículo";"Com Vítimas Feridas";"Pleno dia";"Decrescente";"Garoa/Chuvisco";"Dupla";"Reta";"Sim";3;0;1;1;1;0;2;2;-23,038872;-45,560974;"SPRF-SP";"DEL06-SP";"UOP02-DEL02-SP"
138441;2018-06-07;"quinta-feira";"16:00:00";"SC";470;136;"RIO DO SUL";"Desobediência às normas de trânsito pelo condutor";"Colisão transversal";"Com Vítimas Feridas";"Pleno dia";"Crescente";"Céu Claro";"Simples";"Rotatória";"Sim";4;0;2;0;1;1;2;3;-27,194323;-49,624554;"SPRF-SC";"DEL04-SC";"UOP02-DEL04-SC"
138443;2018-06-07;"quinta-feira";"16:10:00";"GO";153;505,1;"APARECIDA DE GOIANIA";"Falta de Atenção à Condução";"Colisão traseira";"Com Vítimas Feridas";"Pleno dia";"Crescente";"Céu Claro";"Múltipla";"Reta";"Sim";3;0;1;0;2;0;1;2;-16,7537;-49,2411;"SPRF-GO";"DEL01-GO";"UOP01-DEL01-GO"
138445;2018-06-07;"quinta-feira";"12:50:00";"SC";470;246;"CURITIBANOS";"Velocidade Incompatível";"Tombamento";"Com Vítimas Feridas";"Pleno dia";"Decrescente";"Sol";"Simples";"Reta";"Não";1;0;1;0;0;0;1;1;-27,31487257;-50,54779161;"SPRF-SC";"DEL05-SC";"UOP03-DEL05-SC"
138456;2018-06-07;"quinta-feira";"17:00:00";"AL";101;181,7;"JUNQUEIRO";"Falta de Atenção à Condução";"Colisão transversal";"Com Vítimas Feridas";"Anoitecer";"Decrescente";"Nublado";"Simples";"Curva";"Não";3;0;1;0;1;4;1;6;-9,89647253;-36,40918281;"SPRF-AL";"DEL02-AL";"UOP02-DEL02-AL"
138457;2018-06-07;"quinta-feira";"16:55:00";"SC";101;60,4;"ARAQUARI";"Não guardar distância de segurança";"Engavetamento";"Com Vítimas Feridas";"Pleno dia";"Decrescente";"Céu Claro";"Dupla";"Reta";"Não";5;0;1;2;1;1;3;5;-26,45324599;-48,78102422;"SPRF-SC";"DEL03-SC";"UOP02-DEL03-SC"
138460;2018-06-07;"quinta-feira";"16:45:00";"BA";242;584;"IBOTIRAMA";"Defeito Mecânico no Veículo";"Incêndio";"Sem Vítimas";"Pleno dia";"Crescente";"Céu Claro";"Simples";"Reta";"Não";2;0;0;0;1;2;0;3;-12,17675211;-43,21466267;"SPRF-BA";"DEL10-BA";"UOP03-DEL06-BA"
138462;2018-06-07;"quinta-feira";"16:45:00";"PE";423;93,4;"GARANHUNS";"Velocidade Incompatível";"Colisão lateral";"Com Vítimas Feridas";"Pleno dia";"Crescente";"Nublado";"Dupla";"Interseção de Vias";"Sim";4;0;1;0;2;2;1;4;-8,87370819;-36,46914303;"SPRF-PE";"DEL03-PE";"UOP01-DEL03-PE"
138463;2018-04-26;"quinta-feira";"10:00:00";"MT";70;270,5;"PRIMAVERA DO LESTE";"Defeito na Via";"Saída de leito carroçável";"Sem Vítimas";"Pleno dia";"Crescente";"Céu Claro";"Simples";"Aclive";"Sim";2;0;0;0;1;1;0;2;-15,529581;-54,213173;"SPRF-MT";"DEL05-MT";"UOP01-DEL05-MT"
138464;2018-06-07;"quinta-feira";"15:40:00";"RS";116;201;"PICADA CAFE";"Velocidade Incompatível";"Tombamento";"Com Vítimas Feridas";"Pleno dia";"Decrescente";"Sol";"Simples";"Curva";"Não";2;0;1;0;0;2;1;3;-29,48811594;-51,14224792;"SPRF-RS";"DEL05-RS";"UOP02-DEL05-RS"
138465;2018-06-07;"quinta-feira";"16:40:00";"BA";324;577;"SAO SEBASTIAO DO PASSE";"Não guardar distância de segurança";"Colisão lateral";"Sem Vítimas";"Pleno dia";"Decrescente";"Sol";"Dupla";"Reta";"Não";3;0;0;0;2;1;0;3;-12,58926392;-38,52278519;"SPRF-BA";"DEL01-BA";"UOP01-DEL01-BA"
138474;2018-06-07;"quinta-feira";"17:50:00";"RJ";354;7,8;"RESENDE";"Defeito Mecânico no Veículo";"Tombamento";"Com Vítimas Fatais";"Anoitecer";"Crescente";"Nublado";"Simples";"Curva";"Não";2;1;0;0;0;1;0;2;-22,409323;-44,749821;"SPRF-RJ";"DEL07-RJ";"DEL5/7-UOP03/RJ"
138476;2018-06-07;"quinta-feira";"16:10:00";"CE";116;325,8;"JAGUARIBE";"Velocidade Incompatível";"Saída de leito carroçável";"Com Vítimas Feridas";"Pleno dia";"Crescente";"Garoa/Chuvisco";"Simples";"Curva";"Não";2;0;2;0;0;0;2;1;-6,046;-38,647;"SPRF-CE";"DEL05-CE";"UOP02-DEL05-CE"
138477;2018-06-07;"quinta-feira";"17:35:00";"RS";290;718;"URUGUAIANA";"Defeito Mecânico no Veículo";"Saída de leito carroçável";"Com Vítimas Feridas";"Anoitecer";"Crescente";"Céu Claro";"Simples";"Reta";"Não";2;0;1;0;1;0;1;1;-29,774612;-57,04377;"SPRF-RS";"DEL13-RS";"UOP01-DEL13-RS"
138479;2018-06-07;"quinta-feira";"18:10:00";"PR";476;278,5;"SAO MATEUS DO SUL";"Ingestão de Álcool";"Colisão frontal";"Sem Vítimas";"Anoitecer";"Crescente";"Céu Claro";"Simples";"Reta";"Sim";3;0;0;0;2;1;0;3;-25,868753;-50,396477;"SPRF-PR";"DEL02-PR";"UOP04-DEL02-PR"
138483;2018-06-07;"quinta-feira";"15:20:00";"PR";277;194,6;"PALMEIRA";"Defeito Mecânico no Veículo";"Tombamento";"Com Vítimas Feridas";"Pleno dia";"Crescente";"Nublado";"Simples";"Reta";"Não";2;0;1;0;1;0;1;1;-25,46418006;-50,22825837;"SPRF-PR";"DEL03-PR";"UOP02-DEL08-PR"
138486;2018-06-07;"quinta-feira";"18:25:00";"SC";101;11;"GARUVA";"Falta de Atenção à Condução";"Colisão lateral";"Com Vítimas Feridas";"Plena Noite";"Crescente";"Nublado";"Dupla";"Reta";"Não";3;0;1;0;1;1;1;3;-26,06942772;-48,85957539;"SPRF-SC";"DEL03-SC";"UOP01-DEL03-SC"
138490;2018-06-07;"quinta-feira";"18:50:00";"PR";376;595;"CURITIBA";"Não guardar distância de segurança";"Engavetamento";"Sem Vítimas";"Plena Noite";"Crescente";"Garoa/Chuvisco";"Dupla";"Reta";"Sim";5;0;0;0;4;2;0;6;-25,49612214;-49,34285045;"SPRF-PR";"DEL01-PR";"UOP06-DEL01-PR"