"id";"data_inversa";"dia_semana";"horario";"uf";"br";"km";"municipio";"causa_acidente";"tipo_acidente";"classificacao_acidente";"fase_dia";"sentido_via";"condicao_metereologica";"tipo_pista";"tracado_via";"uso_solo";"pessoas";"mortos";"feridos_leves";"feridos_graves";"ilesos";"ignorados";"feridos";"veiculos";"latitude";"longitude";"regional";"delegacia";"uop"
138773;2018-06-08;"sexta-feira";"07:20:00";"MT";364;716;"DIAMANTINO";"Restrição de Visibilidade";"Colisão frontal";"Com Vítimas Fatais";"Pleno dia";"Crescente";"Nevoeiro/Neblina";"Simples";"Reta";"Não";3;1;0;0;1;2;0;4;-14,16986578;-57,22503662;"SPRF-MT";"DEL01-MT";"UOP01-DEL01-MT"
138776;2018-06-08;"sexta-feira";"19:30:00";"CE";20;84;"TAUA";"Falta de Atenção à Condução";"Colisão traseira";"Com Vítimas Fatais";"Plena Noite";"Crescente";"Céu Claro";"Simples";"Reta";"Não";6;1;0;1;3;3;1;7;-6,00073121;-40,27976811;"SPRF-CE";"DEL02-CE";"UOP02-DEL02-CE"
138778;2018-06-08;"sexta-feira";"20:30:00";"SC";470;7,9;"NAVEGANTES";"Falta de Atenção à Condução";"Colisão transversal";"Com Vítimas Feridas";"Plena Noite";"Decrescente";"Vento";"Simples";"Reta";"Sim";2;0;1;0;1;0;1;2;-26,84499;-48,71505;"SPRF-SC";"DEL04-SC";"UOP04-DEL04-SC"
138781;2018-06-08;"sexta-feira";"21:30:00";"PA";222;63;"DOM ELISEU";"Ingestão de Álcool";"Saída de leito carroçável";"Com Vítimas Feridas";"Plena Noite";"Decrescente";"Céu Claro";"Simples";"Reta";"Não";2;0;1;0;0;1;1;2;-4,511282;-47,824986;"SPRF-PA";"DEL02-PA";"UOP02-DEL02-PA"
138782;2018-06-08;"sexta-feira";"20:20:00";"CE";116;85,5;"OCARA";"Defeito na Via";"Colisão traseira";"Sem Vítimas";"Plena Noite";"Crescente";"Céu Claro";"Simples";"Reta";"Não";3;0;0;0;2;2;0;4;-4,43541318;-38,39241028;"SPRF-CE";"DEL03-CE";"UOP02-DEL03-CE"
138786;2018-06-08;"sexta-feira";"19:10:00";"PR";153;27,7;"JACAREZINHO";"Deficiência ou não Acionamento do Sistema de Iluminação/Sinalização do Veículo";"Colisão traseira";"Com Vítimas Feridas";"Plena Noite";"Decrescente";"Céu Claro";"Simples";"Reta";"Não";4;0;0;2;1;2;2;4;-23,20510244;-49,98570789;"SPRF-PR";"DEL07-PR";"UOP04-DEL07-PR"
138787;2018-06-08;"sexta-feira";"15:00:00";"MT";364;311,5;"JACIARA";"Falta de Atenção à Condução";"Colisão traseira";"Sem Vítimas";"Pleno dia";"Decrescente";"Céu Claro";"Simples";"Reta";"Não";3;0;0;0;2;5;0;7;-15,813992;-55,247578;"SPRF-MT";"DEL02-MT";"UOP02-DEL05-MT"
138791;2018-05-19;"sábado";"08:15:00";"RS";290;364,7;"VILA NOVA DO SUL";"Defeito Mecânico no Veículo";"Saída de leito carroçável";"Sem Vítimas";"Pleno dia";"Decrescente";"Chuva";"Simples";"Reta;Aclive";"Não";3;0;0;0;2;10;0;12;-30,36272972;-53,8156271;"SPRF-RS";"DEL09-RS";"UOP02-DEL09-RS"
138793;2018-06-08;"sexta-feira";"20:30:00";"PI";135;333;"SANTA LUZ";"Defeito na Via";"Tombamento";"Com Vítimas Feridas";"Plena Noite";"Crescente";"Céu Claro";"Simples";"Reta";"Não";2;0;1;0;0;1;1;2;-8,95329;-44,264828;"SPRF-PI";"DEL03-PI";"UOP02-DEL03-PI"
138808;2018-06-08;"sexta-feira";"20:00:00";"PE";232;59,5;"POMBOS";"Falta de Atenção do Pedestre";"Atropelamento de Pedestre";"Com Vítimas Feridas";"Plena Noite";"Decrescente";"Céu Claro";"Dupla";"Reta";"Sim";2;0;0;1;1;0;1;2;-8,147123;-35,398911;"SPRF-PE";"DEL01-PE";"UOP02-DEL02PE"
138810;2018-06-08;"sexta-feira";"23:40:00";"PR";376;667;"GUARATUBA";"Defeito Mecânico no Veículo";"Saída de leito carroçável";"Com Vítimas Feridas";"Plena Noite";"Decrescente";"Nublado";"Dupla";"Aclive";"Não";3;0;1;0;1;2;1;3;-25,8671014;-48,93368114;"SPRF-PR";"DEL01-PR";"DEL7/1-UOP08/PR"
138814;2018-06-08;"sexta-feira";"23:45:00";"RO";364;157;"PIMENTA BUENO";"Condutor Dormindo";"Tombamento";"Com Vítimas Feridas";"Plena Noite";"Crescente";"Céu Claro";"Simples";"Curva";"Não";2;0;1;0;0;2;1;3;-11,937226;-60,960377;"SPRF-RO";"DEL02-RO";"UOP02-DEL02-RO"
138815;2018-06-09;"sábado";"00:00:00";"ES";101;147;"LINHARES";"Condutor Dormindo";"Saída de leito carroçável";"Com Vítimas Feridas";"Plena Noite";"Crescente";"Céu Claro";"Simples";"Reta";"Sim";2;0;1;0;0;1;1;2;-19,37677181;-40,06634474;"SPRF-ES";"DEL04-ES";"UOP01-DEL04-ES"
138816;2018-06-08;"sexta-feira";"23:57:00";"BA";135;171;"BARREIRAS";"Falta de Atenção à Condução";"Colisão traseira";"Com Vítimas Feridas";"Plena Noite";"Decrescente";"Céu Claro";"Simples";"Reta";"Não";3;0;1;0;1;4;1;6;-12,107007;-44,981208;"SPRF-BA";"DEL10-BA";"UOP01-DEL10-BA"
138819;2018-06-08;"sexta-feira";"23:50:00";"PI";343;623;"FLORIANO";"Defeito na Via";"Tombamento";"Sem Vítimas";"Plena Noite";"Decrescente";"Céu Claro";"Simples";"Reta";"Não";2;0;0;0;1;2;0;3;-6,86885628;-43,11136213;"SPRF-PI";"DEL03-PI";"UOP01-DEL03-PI"
138822;2018-06-09;"sábado";"01:00:00";"SP";381;49,3;"ATIBAIA";"Velocidade Incompatível";"Colisão com objeto estático";"Sem Vítimas";"Plena Noite";"Crescente";"Nevoeiro/Neblina";"Dupla";"Reta;Declive";"Não";2;0;0;0;1;1;0;2;-23,21218236;-46,59312487;"SPRF-SP";"DEL03-SP";"UOP01-DEL03-SP"
138826;2018-06-09;"sábado";"02:50:00";"RN";101;96,4;"NATAL";"Ingestão de Álcool";"Saída de leito carroçável";"Com Vítimas Fatais";"Plena Noite";"Crescente";"Garoa/Chuvisco";"Dupla";"Reta";"Sim";4;1;1;1;0;1;2;3;-5,851494;-35,210018;"SPRF-RN";"DEL01-RN";"UOP01-DEL01-RN"
138836;2018-06-09;"sábado";"04:00:00";"BA";101;817,2;"ITAMARAJU";"Velocidade Incompatível";"Capotamento";"Com Vítimas Feridas";"Plena Noite";"Crescente";"Nublado";"Simples";"Curva";"Não";1;0;1;0;0;0;1;1;-16,9698;-39,5528;"SPRF-BA";"DEL09-BA";"UOP01-DEL09-BA"
138838;2018-06-09;"sábado";"04:10:00";"GO";50;166,6;"CAMPO ALEGRE DE GOIAS";"Condutor Dormindo";"Tombamento";"Com Vítimas Feridas";"Plena Noite";"Decrescente";"Ignorado";"Dupla";"Curva;Declive";"Não";2;0;1;0;0;1;1;2;-17,3036;-47,7611;"SPRF-GO";"DEL06-GO";"UOP01-DEL06-GO"
138839;2018-06-09;"sábado";"05:10:00";"GO";50;271,3;"CATALAO";"Ingestão de Álcool";"Colisão lateral";"Com Vítimas Fatais";"Plena Noite";"Crescente";"Céu Claro";"Simples";"Aclive";"Não";2;1;0;0;1;0;0;2;-18,1158;-47,8936;"SPRF-GO";"DEL06-GO";"UOP01-DEL06-GO"
138851;2018-06-09;"sábado";"04:50:00";"PR";153;373,3;"RIO AZUL";"Condutor Dormindo";"Saída de leito carroçável";"Com Vítimas Feridas";"Plena Noite";"Decrescente";"Céu Claro";"Simples";"Declive";"Não";2;0;2;0;0;0;2;1;-25,8159633;-50,8445549;"SPRF-PR";"DEL03-PR";"UOP02-DEL08-PR"
138859;2018-06-09;"sábado";"06:45:00";"RJ";101;317;"SAO GONCALO";"Defeito Mecânico no Veículo";"Incêndio";"Sem Vítimas";"Pleno dia";"Crescente";"Céu Claro";"Dupla";"Reta";"Não";1;0;0;0;1;0;0;1;-22,837111;-43,094929;"SPRF-RJ";"DEL02-RJ";"DEL5/2-UOP04/RJ"
138863;2018-06-08;"sexta-feira";"20:10:00";"RJ";40;51;"PETROPOLIS";"Falta de Atenção do Pedestre";"Atropelamento de Pedestre";"Com Vítimas Feridas";"Plena Noite";"Crescente";"Garoa/Chuvisco";"Simples";"Reta";"Não";2;0;1;0;0;1;1;2;-22,3368;-43,1328;"SPRF-RJ";"DEL06-RJ";"UOP01-DEL06-RJ"
138875;2018-06-09;"sábado";"07:30:00";"MG";40;517;"RIBEIRAO DAS NEVES";"Desobediência às normas de trânsito pelo condutor";"Colisão traseira";"Com Vítimas Feridas";"Pleno dia";"Decrescente";"Céu Claro";"Dupla";"Reta";"Sim";2;0;1;0;1;0;1;2;-19,8255903;-44,08398405;"SPRF-MG";"DEL01-MG";"UOP03-DEL01-MG"
138876;2018-06-09;"sábado";"08:30:00";"SC";280;25,8;"ARAQUARI";"Falta de Atenção à Condução";"Colisão traseira";"Com Vítimas Feridas";"Pleno dia";"Crescente";"Sol";"Simples";"Reta";"Não";5;0;2;0;3;0;2;4;-26,38837135;-48,73247623;"SPRF-SC";"DEL03-SC";"UOP03-DEL03-SC"
138878;2018-06-09;"sábado";"09:45:00";"SP";153;79,9;"BADY BASSITT";"Falta de Atenção à Condução";"Colisão traseira";"Com Vítimas Feridas";"Pleno dia";"Decrescente";"Céu Claro";"Simples";"Reta;Declive";"Não";2;0;1;0;1;0;1;2;-20,90850085;-49,4778192;"SPRF-SP";"DEL09-SP";"UOP01-DEL09-SP"
138879;2018-06-09;"sábado";"09:00:00";"GO";364;186;"JATAI";"Condutor Dormindo";"Tombamento";"Sem Vítimas";"Pleno dia";"Decrescente";"Céu Claro";"Simples";"Aclive";"Não";2;0;0;0;1;3;0;4;-17,946882;-51,65892;"SPRF-GO";"DEL05-GO";"UOP01-DEL05-GO"
138880;2018-06-09;"sábado";"09:10:00";"SC";280;25,5;"ARAQUARI";"Defeito Mecânico no Veículo";"Colisão com objeto em movimento";"Com Vítimas Feridas";"Pleno dia";"Crescente";"Sol";"Simples";"Reta";"Sim";3;0;1;0;2;0;1;3;-26,38644915;-48,73017398;"SPRF-SC";"DEL03-SC";"UOP03-DEL03-SC"
138882;2018-06-09;"sábado";"10:20:00";"MG";381;490;"BETIM";"Desobediência às normas de trânsito pelo condutor";"Queda de ocupante de veículo";"Com Vítimas Feridas";"Pleno dia";"Crescente";"Céu Claro";"Dupla";"Aclive";"Sim";3;0;0;1;0;2;1;3;-19,9585;-44,151;"SPRF-MG";"DEL01-MG";"UOP03-DEL01-MG"
138884;2018-06-09;"sábado";"08:00:00";"MG";50;190;"UBERABA";"Ingestão de Álcool";"Colisão traseira";"Sem Vítimas";"Pleno dia";"Decrescente";"Céu Claro";"Dupla";"Reta";"Não";2;0;0;0;1;1;0;2;-19,862;-47,8656;"SPRF-MG";"DEL13-MG";"UOP01-DEL13-MG"
138885;2018-06-09;"sábado";"10:25:00";"SC";101;27,5;"JOINVILLE";"Desobediência às normas de trânsito pelo condutor";"Colisão lateral";"Com Vítimas Fatais";"Pleno dia";"Decrescente";"Sol";"Múltipla";"Reta";"Sim";4;1;0;0;1;4;0;6;-26,2102;-48,9156;"SPRF-SC";"DEL03-SC";"UOP01-DEL03-SC"
138892;2018-06-09;"sábado";"10:50:00";"MG";40;40,3;"PARACATU";"Velocidade Incompatível";"Colisão frontal";"Com Vítimas Feridas";"Pleno dia";"Crescente";"Céu Claro";"Simples";"Curva;Aclive";"Sim";5;0;4;0;1;0;4;2;-17,21015;-46,880947;"SPRF-MG";"DEL14-MG";"UOP01-DEL14-MG"
138895;2018-06-09;"sábado";"09:50:00";"MT";364;209,9;"RONDONOPOLIS";"Falta de Atenção à Condução";"Colisão lateral";"Com Vítimas Fatais";"Pleno dia";"Crescente";"Sol";"Dupla";"Curva";"Não";3;1;0;0;1;1;0;3;-16,428949;-54,693382;"SPRF-MT";"DEL02-MT";"UOP01-DEL02-MT"
138900;2018-06-09;"sábado";"11:55:00";"SC";470;67;"INDAIAL";"Não guardar distância de segurança";"Colisão traseira";"Sem Vítimas";"Pleno dia";"Crescente";"Céu Claro";"Dupla";"Reta";"Não";3;0;0;0;2;1;0;3;-26,87150665;-49,19766247;"SPRF-SC";"DEL04-SC";"UOP01-DEL04-SC"
138901;2018-06-09;"sábado";"11:15:00";"SP";116;22,5;"LAVRINHAS";"Falta de Atenção à Condução";"Colisão com objeto estático";"Sem Vítimas";"Pleno dia";"Crescente";"Sol";"Dupla";"Reta";"Não";2;0;0;0;1;1;0;2;-22,583685;-44,877731;"SPRF-SP";"DEL08-SP";"UOP02-DEL08-SP"
138904;2018-06-09;"sábado";"11:43:00";"PR";376;505,4;"PONTA GROSSA";"Falta de Atenção à Condução";"Colisão traseira";"Com Vítimas Feridas";"Pleno dia";"Decrescente";"Nublado";"Dupla";"Aclive";"Não";4;0;1;0;2;1;1;3;-25,18742784;-50,08582234;"SPRF-PR";"DEL03-PR";"UOP04-DEL03-PR"
138917;2018-05-02;"quarta-feira";"13:40:00";"SE";235;4,7;"NOSSA SENHORA DO SOCORRO";"Não guardar distância de segurança";"Colisão traseira";"Com Vítimas Fatais";"Pleno dia";"Decrescente";"Céu Claro";"Dupla";"Curva;Declive";"Sim";3;1;0;0;1;1;0;3;-10,90610159;-37,11206133;"SPRF-SE";"DEL01-SE";"UOP01-DEL01-SE"
138918;2018-06-09;"sábado";"13:41:00";"PR";277;3,3;"PARANAGUA";"Ingestão de Substâncias Psicoativas";"Atropelamento de Pedestre";"Com Vítimas Feridas";"Pleno dia";"Crescente";"Céu Claro";"Dupla";"Reta";"Sim";4;0;0;1;1;2;1;3;-25,51316477;-48,52147222;"SPRF-PR";"DEL01-PR";"UOP05-DEL01-PR"
138920;2018-06-09;"sábado";"10:55:00";"RJ";393;152;"TRES RIOS";"Velocidade Incompatível";"Tombamento";"Sem Vítimas";"Pleno dia";"Crescente";"Nublado";"Simples";"Curva";"Não";2;0;0;0;1;1;0;2;-22,08498495;-43,05453715;"SPRF-RJ";"DEL06-RJ";"UOP01-DEL05-RJ"
138926;2018-06-09;"sábado";"14:15:00";"SC";101;403,3;"MARACAJA";"Falta de Atenção à Condução";"Colisão lateral";"Com Vítimas Feridas";"Pleno dia";"Crescente";"Sol";"Dupla";"Reta";"Não";5;0;2;1;1;2;3;4;-28,8806;-49,4591;"SPRF-SC";"DEL02-SC";"UOP02-DEL02-SC"
138932;2018-06-09;"sábado";"14:35:00";"GO";80;23;"PADRE BERNARDO";"Falta de Atenção à Condução";"Colisão traseira";"Com Vítimas Feridas";"Pleno dia";"Decrescente";"Céu Claro";"Simples";"Aclive";"Não";3;0;1;0;1;1;1;3;-15,35499;-48,229968;"SPRF-DF";"DEL01-DF";"UOP02-DEL03-DF"
138938;2018-06-09;"sábado";"15:15:00";"SC";101;192;"BIGUACU";"Não guardar distância de segurança";"Colisão lateral";"Com Vítimas Feridas";"Pleno dia";"Decrescente";"Céu Claro";"Dupla";"Curva";"Não";3;0;2;0;0;1;2;2;-27,4897;-48,6559;"SPRF-SC";"DEL01-SC";"UOP01-DEL01-SC"
138939;2018-05-22;"terça-feira";"07:40:00";"RS";116;62,7;"CAMPESTRE DA SERRA";"Velocidade Incompatível";"Tombamento";"Com Vítimas Feridas";"Amanhecer";"Decrescente";"Céu Claro";"Simples";"Curva;Declive";"Não";2;0;0;1;0;1;1;2;-28,656662;-51,05431;"SPRF-RS";"DEL05-RS";"UOP03-DEL05-RS"
138940;2018-06-09;"sábado";"15:50:00";"SC";101;202;"BIGUACU";"Falta de Atenção à Condução";"Colisão lateral";"Com Vítimas Feridas";"Pleno dia";"Decrescente";"Sol";"Múltipla";"Reta";"Sim";3;0;1;0;1;1;1;3;-27,5651;-48,6144;"SPRF-SC";"DEL01-SC";"UOP01-DEL01-SC"
138943;2018-06-09;"sábado";"15:30:00";"BA";101;119,5;"ARAMARI";"Ultrapassagem Indevida";"Tombamento";"Com Vítimas Feridas";"Pleno dia";"Decrescente";"Nublado";"Simples";"Reta";"Não";1;0;1;0;0;0;1;1;-12,16004027;-38,49469289;"SPRF-BA";"DEL01-BA";"UOP04-DEL01-BA"
138949;2018-06-09;"sábado";"16:00:00";"BA";116;8,4;"VITORIA DA CONQUISTA";"Ingestão de Álcool";"Atropelamento de Pedestre";"Com Vítimas Fatais";"Pleno dia";"Crescente";"Céu Claro";"Dupla";"Curva";"Não";4;1;0;0;2;1;0;2;-14,84862975;-40,88471353;"SPRF-BA";"DEL08-BA";"UOP01-DEL08-BA"
138953;2018-06-09;"sábado";"17:00:00";"PE";101;85;"JABOATAO DOS GUARARAPES";"Falta de Atenção à Condução";"Colisão lateral";"Com Vítimas Fatais";"Pleno dia";"Crescente";"Céu Claro";"Simples";"Reta";"Sim";2;1;0;0;1;0;0;2;-8,1846;-34,9681;"SPRF-PE";"DEL01-PE";"UOP03-DEL01-PE"
138960;2018-06-09;"sábado";"17:20:00";"DF";60;11;"BRASILIA";"Falta de Atenção à Condução";"Colisão traseira";"Com Vítimas Feridas";"Anoitecer";"Crescente";"Céu Claro";"Dupla";"Reta";"Não";3;0;2;0;1;0;2;2;-15,911784;-48,157192;"SPRF-DF";"DEL01-DF";"UOP01-DEL03-DF"
138964;2018-06-09;"sábado";"17:15:00";"SC";101;88;"BARRA VELHA";"Não guardar distância de segurança";"Colisão traseira";"Com Vítimas Feridas";"Pleno dia";"Decrescente";"Céu Claro";"Simples";"Reta";"Sim";3;0;1;0;2;0;1;2;-26,6597;-48,6883;"SPRF-SC";"DEL03-SC";"UOP02-DEL03-SC"
138965;2018-06-09;"sábado";"16:40:00";"MS";163;475,8;"CAMPO GRANDE";"Desobediência às normas de trânsito pelo condutor";"Colisão transversal";"Com Vítimas Feridas";"Anoitecer";"Decrescente";"Céu Claro";"Simples";"Reta";"Sim";4;0;0;1;3;0;1;2;-20,514005;-54,562548;"SPRF-MS";"DEL01-MS";"UOP01-DEL01-MS"
138970;2018-06-09;"sábado";"18:15:00";"SC";101;158;"PORTO BELO";"Falta de Atenção à Condução";"Colisão traseira";"Sem Vítimas";"Plena Noite";"Decrescente";"Céu Claro";"Dupla";"Reta";"Não";3;0;0;0;2;1;0;3;-27,199;-48,6146;"SPRF-SC";"DEL04-SC";"UOP03-DEL04-SC"
138977;2018-06-09;"sábado";"16:30:00";"BA";101;353;"WENCESLAU GUIMARAES";"Falta de Atenção à Condução";"Colisão traseira";"Sem Vítimas";"Pleno dia";"Decrescente";"Nublado";"Simples";"Aclive";"Não";3;0;0;0;1;2;0;3;-13,641174;-39,487305;"SPRF-BA";"DEL05-BA";"UOP03-DEL05-BA"
138980;2018-06-09;"sábado";"17:00:00";"MG";116;509,5;"UBAPORANGA";"Ingestão de Álcool";"Atropelamento de Pedestre";"Com Vítimas Feridas";"Anoitecer";"Decrescente";"Nublado";"Simples";"Reta";"Sim";4;0;1;0;1;2;1;3;-19,625883;-42,105977;"SPRF-MG";"DEL06-MG";"UOP02-DEL06-MG"
138981;2018-06-09;"sábado";"18:00:00";"BA";242;808,4;"BARREIRAS";"Desobediência às normas de trânsito pelo condutor";"Colisão transversal";"Com Vítimas Feridas";"Plena Noite";"Decrescente";"Céu Claro";"Simples";"Declive";"Não";5;0;3;0;1;2;3;4;-12,129985;-45,120949;"SPRF-BA";"DEL10-BA";"UOP01-DEL10-BA"
138986;2018-06-09;"sábado";"04:30:00";"AL";101;64;"MESSIAS";"Condutor Dormindo";"Saída de leito carroçável";"Sem Vítimas";"Amanhecer";"Crescente";"Céu Claro";"Dupla";"Reta";"Não";1;0;0;0;1;0;0;1;-9,315422;-35,830303;"SPRF-AL";"DEL01-AL";"UOP01-DEL01-AL"
138998;2018-06-09;"sábado";"16:30:00";"MG";381;722,5;"CARMO DA CACHOEIRA";"Defeito Mecânico no Veículo";"Tombamento";"Sem Vítimas";"Pleno dia";"Decrescente";"Céu Claro";"Dupla";"Curva";"Não";2;0;0;0;1;1;0;2;-21,4485;-45,2114;"SPRF-MG";"DEL04-MG";"UOP02-DEL04-MG"
138999;2018-06-09;"sábado";"19:40:00";"PR";476;163;"ARAUCARIA";"Não guardar distância de segurança";"Colisão traseira";"Com Vítimas Feridas";"Plena Noite";"Decrescente";"Céu Claro";"Simples";"Reta";"Não";6;0;3;1;1;1;4;4;-25,633638;-49,460007;"SPRF-PR";"DEL01-PR";"UOP06-DEL01-PR"
139010;2018-06-05;"terça-feira";"05:25:00";"RO";435;35,6;"VILHENA";"Velocidade Incompatível";"Tombamento";"Sem Vítimas";"Amanhecer";"Crescente";"Nevoeiro/Neblina";"Simples";"Curva;Declive";"Não";2;0;0;0;1;1;0;2;-12,85831936;-60,3769514;"SPRF-RO";"DEL04-RO";"UOP02-DEL04-RO"
139011;2018-06-09;"sábado";"17:35:00";"PR";476;352,5;"UNIAO DA VITORIA";"Defeito Mecânico no Veículo";"Saída de leito carroçável";"Sem Vítimas";"Anoitecer";"Crescente";"Céu Claro";"Simples";"Reta;Aclive";"Não";2;0;0;0;1;1;0;2;-26,197681;-50,99411;"SPRF-PR";"DEL02-PR";"UOP03-DEL02-PR"
139013;2018-06-09;"sábado";"20:30:00";"PR";369;170;"ROLANDIA";"Velocidade Incompatível";"Colisão transversal";"Com Vítimas Feridas";"Plena Noite";"Decrescente";"Céu Claro";"Simples";"Rotatória";"Não";5;0;2;0;2;2;2;4;-23,30089604;-51,34532148;"SPRF-PR";"DEL07-PR";"UOP01-DEL07-PR"
139019;2018-06-09;"sábado";"18:30:00";"MG";262;406,7;"PARA DE MINAS";"Falta de Atenção à Condução";"Colisão lateral";"Com Vítimas Feridas";"Plena Noite";"Decrescente";"Céu Claro";"Dupla";"Reta";"Não";3;0;1;0;1;1;1;3;-19,9003;-44,6598;"SPRF-MG";"DEL08-MG";"UOP03-DEL08-MG"
139020;2018-06-09;"sábado";"20:00:00";"MG";153;244,2;"FRONTEIRA";"Falta de Atenção à Condução";"Colisão traseira";"Com Vítimas Feridas";"Plena Noite";"Crescente";"Céu Claro";"Simples";"Reta";"Sim";3;0;0;1;1;2;1;4;-20,28679382;-49,1989553;"SPRF-MG";"DEL13-MG";"UOP02-DEL13-MG"
139034;2018-06-09;"sábado";"17:50:00";"MG";365;115,3;"JEQUITAI";"Falta de Atenção à Condução";"Colisão com objeto estático";"Com Vítimas Feridas";"Anoitecer";"Crescente";"Céu Claro";"Simples";"Reta";"Não";1;0;1;0;0;0;1;1;-17,188395;-44,659599;"SPRF-MG";"DEL12-MG";"UOP01-DEL12-MG"
139052;2018-06-09;"sábado";"20:50:00";"MG";116;739,5;"LARANJAL";"Mal Súbito";"Saída de leito carroçável";"Com Vítimas Feridas";"Plena Noite";"Decrescente";"Nublado";"Simples";"Reta";"Não";1;0;1;0;0;0;1;1;-21,38700949;-42,48493552;"SPRF-MG";"DEL07-MG";"UOP01-DEL07-MG"
139055;2018-06-09;"sábado";"23:50:00";"PR";376;231,5;"APUCARANA";"Falta de Atenção à Condução";"Colisão lateral";"Com Vítimas Feridas";"Plena Noite";"Decrescente";"Vento";"Dupla";"Aclive;Reta";"Não";4;0;2;0;1;1;2;3;-23,56647516;-51,52367857;"SPRF-PR";"DEL07-PR";"UOP03-DEL07-PR"
139058;2018-06-09;"sábado";"23:15:00";"PI";135;344;"BOM JESUS";"Defeito na Via";"Tombamento";"Com Vítimas Feridas";"Plena Noite";"Decrescente";"Céu Claro";"Simples";"Curva";"Não";2;0;0;1;0;2;1;3;-9,03645;-44,306923;"SPRF-PI";"DEL03-PI";"UOP02-DEL03-PI"
139066;2018-06-10;"domingo";"00:50:00";"MG";262;823,7;"UBERABA";"Falta de Atenção à Condução";"Colisão transversal";"Com Vítimas Feridas";"Plena Noite";"Crescente";"Céu Claro";"Dupla";"Reta";"Não";6;0;0;3;1;3;3;5;-19,762056;-48,138805;"SPRF-MG";"DEL13-MG";"UOP01-DEL13-MG"
139070;2018-06-10;"domingo";"01:00:00";"GO";70;45,4;"COCALZINHO DE GOIAS";"Defeito Mecânico no Veículo";"Incêndio";"Sem Vítimas";"Plena Noite";"Decrescente";"Céu Claro";"Simples";"Reta";"Não";1;0;0;0;1;0;0;1;-15,76078396;-48,57615341;"SPRF-DF";"DEL01-DF";"UOP02-DEL03-DF"
139072;2018-06-10;"domingo";"01:40:00";"PR";277;6,6;"PARANAGUA";"Falta de Atenção à Condução";"Colisão traseira";"Com Vítimas Feridas";"Plena Noite";"Crescente";"Nublado";"Simples";"Reta";"Não";2;0;1;0;1;0;1;2;-25,51398238;-48,52191713;"SPRF-PR";"DEL01-PR";"UOP05-DEL01-PR"
139077;2018-06-10;"domingo";"01:50:00";"CE";222;216,6;"SOBRAL";"Falta de Atenção à Condução";"Colisão lateral";"Sem Vítimas";"Plena Noite";"Crescente";"Céu Claro";"Simples";"Reta";"Não";2;0;0;0;0;2;0;2;-3,760283;-40,29459;"SPRF-CE";"DEL04-CE";"UOP01-DEL04-CE"
139079;2018-06-09;"sábado";"12:00:00";"BA";324;571,1;"SAO SEBASTIAO DO PASSE";"Não guardar distância de segurança";"Tombamento";"Sem Vítimas";"Pleno dia";"Decrescente";"Nublado";"Dupla";"Reta";"Não";2;0;0;0;1;2;0;3;-12,55925508;-38,56389999;"SPRF-BA";"DEL01-BA";"UOP01-DEL01-BA"
139116;2018-06-10;"domingo";"03:40:00";"SC";280;32;"ARAQUARI";"Ingestão de álcool e/ou substâncias psicoativas pelo pedestre";"Atropelamento de Pedestre";"Com Vítimas Feridas";"Plena Noite";"Crescente";"Nublado";"Simples";"Aclive;Curva";"Não";2;0;0;1;1;0;1;2;-26,420618;-48,779335;"SPRF-SC";"DEL03-SC";"UOP03-DEL03-SC"
139120;2018-06-10;"domingo";"05:10:00";"MS";163;512,8;"JARAGUARI";"Falta de Atenção à Condução";"Colisão traseira";"Com Vítimas Feridas";"Amanhecer";"Decrescente";"Nublado";"Dupla";"Reta";"Não";3;0;1;0;1;3;1;5;-20,21711992;-54,47351128;"SPRF-MS";"DEL01-MS";"UOP02-DEL01-MS"
139134;2018-06-10;"domingo";"06:50:00";"RS";290;125,5;"ELDORADO DO SUL";"Desobediência às normas de trânsito pelo condutor";"Colisão frontal";"Com Vítimas Feridas";"Pleno dia";"Crescente";"Chuva";"Simples";"Reta";"Não";5;0;1;0;2;4;1;7;-30,055799;-51,469893;"SPRF-RS";"DEL02-RS";"UOP01-DEL02-RS"
139137;2018-06-10;"domingo";"06:45:00";"ES";101;408;"ITAPEMIRIM";"Velocidade Incompatível";"Tombamento";"Sem Vítimas";"Amanhecer";"Crescente";"Céu Claro";"Simples";"Curva";"Não";1;0;0;0;1;0;0;1;-20,8930556;-41,00168467;"SPRF-ES";"DEL03-ES";"UOP02-DEL03-ES"
139144;2018-06-10;"domingo";"03:30:00";"RO";364;306;"PRESIDENTE MEDICI";"Falta de Atenção à Condução";"Colisão lateral";"Sem Vítimas";"Plena Noite";"Decrescente";"Ignorado";"Simples";"Reta";"Não";2;0;0;0;2;0;0;2;-11,190473;-61,901489;"SPRF-RO";"DEL02-RO";"UOP01-DEL02-RO"
139157;2018-06-10;"domingo";"00:15:00";"MG";381;848;"POUSO ALEGRE";"Velocidade Incompatível";"Tombamento";"Com Vítimas Feridas";"Plena Noite";"Decrescente";"Céu Claro";"Dupla";"Curva";"Não";2;0;1;0;0;1;1;2;-22,23150185;-45,87588608;"SPRF-MG";"DEL16-MG";"UOP01-DEL16-MG"
139158;2018-05-09;"quarta-feira";"22:30:00";"RS";392;207,6;"SANTANA DA BOA VISTA";"Pista Escorregadia";"Colisão frontal";"Com Vítimas Feridas";"Plena Noite";"Decrescente";"Chuva";"Simples";"Curva;Declive";"Não";3;0;0;1;1;4;1;6;-30,82466188;-53,17320585;"SPRF-RS";"DEL09-RS";"UOP02-DEL09-RS"