"id";"data_inversa";"dia_semana";"horario";"uf";"br";"km";"municipio";"causa_acidente";"tipo_acidente";"classificacao_acidente";"fase_dia";"sentido_via";"condicao_metereologica";"tipo_pista";"tracado_via";"uso_solo";"pessoas";"mortos";"feridos_leves";"feridos_graves";"ilesos";"ignorados";"feridos";"veiculos";"latitude";"longitude";"regional";"delegacia";"uop"
139163;2018-06-10;"domingo";"02:15:00";"MA";226;237;"TUNTUM";"Falta de Atenção à Condução";"Saída de leito carroçável";"Com Vítimas Feridas";"Plena Noite";"Decrescente";"Ignorado";"Simples";"Reta";"Não";2;0;1;0;0;2;1;3;-5,32265;-44,608459;"SPRF-MA";"DEL03-MA";"UOP01-DEL03-MA"
139165;2018-06-10;"domingo";"10:15:00";"MG";381;439,1;"SABARA";"Defeito Mecânico no Veículo";"Saída de leito carroçável";"Com Vítimas Feridas";"Pleno dia";"Crescente";"Sol";"Simples";"Curva;Declive";"Não";1;0;0;1;0;0;1;1;-19,78738018;-43,74300588;"SPRF-MG";"DEL01-MG";"UOP01-DEL01-MG"
139178;2018-06-10;"domingo";"09:45:00";"SC";153;59;"IRANI";"Desobediência às normas de trânsito pelo condutor";"Colisão transversal";"Com Vítimas Feridas";"Pleno dia";"Decrescente";"Céu Claro";"Simples";"Interseção de Vias";"Não";4;0;1;0;2;1;1;3;-26,96981367;-51,85435295;"SPRF-SC";"DEL07-SC";"UOP04-DEL07-SC"
139196;2018-06-10;"domingo";"14:00:00";"PE";101;50;"ABREU E LIMA";"Não guardar distância de segurança";"Colisão traseira";"Com Vítimas Feridas";"Pleno dia";"Crescente";"Céu Claro";"Dupla";"Reta";"Sim";3;0;1;0;1;1;1;3;-7,9148;-34,8984;"SPRF-PE";"DEL01-PE";"UOP02-DEL01-PE"
139198;2018-05-18;"sexta-feira";"15:30:00";"RS";285;385,1;"SANTA BARBARA DO SUL";"Desobediência às normas de trânsito pelo condutor";"Colisão lateral";"Com Vítimas Feridas";"Pleno dia";"Decrescente";"Chuva";"Simples";"Curva";"Não";4;0;1;0;2;1;1;3;-28,424404;-53,201801;"SPRF-RS";"DEL10-RS";"UOP01-DEL10-RS"
139202;2018-06-10;"domingo";"10:40:00";"BA";101;612,5;"MASCOTE";"Carga excessiva e/ou mal acondicionada";"Derramamento de carga";"Sem Vítimas";"Pleno dia";"Decrescente";"Céu Claro";"Simples";"Reta";"Não";2;0;0;0;1;1;0;2;-15,590493;-39,422784;"SPRF-BA";"DEL05-BA";"UOP02-DEL05-BA"
139203;2018-06-10;"domingo";"12:30:00";"MG";381;544,9;"ITATIAIUCU";"Velocidade Incompatível";"Colisão traseira";"Com Vítimas Feridas";"Pleno dia";"Decrescente";"Céu Claro";"Dupla";"Reta";"Não";2;0;1;0;1;0;1;2;-20,2605;-44,4207;"SPRF-MG";"DEL04-MG";"UOP03-DEL04-MG"
139211;2018-06-10;"domingo";"11:00:00";"PR";476;313,9;"PAULO FRONTIN";"Velocidade Incompatível";"Tombamento";"Com Vítimas Feridas";"Pleno dia";"Decrescente";"Céu Claro";"Simples";"Curva";"Não";2;0;1;0;0;1;1;2;-26,028959;-50,679947;"SPRF-PR";"DEL02-PR";"UOP04-DEL02-PR"
139212;2018-06-10;"domingo";"15:44:00";"PE";101;71;"RECIFE";"Falta de Atenção do Pedestre";"Atropelamento de Pedestre";"Com Vítimas Fatais";"Pleno dia";"Decrescente";"Céu Claro";"Dupla";"Reta";"Sim";3;1;0;0;1;1;0;3;-8,078001;-34,942927;"SPRF-PE";"DEL01-PE";"UOP01-DEL01-PE"
139214;2018-06-10;"domingo";"15:30:00";"GO";40;15,3;"LUZIANIA";"Falta de Atenção à Condução";"Colisão lateral";"Com Vítimas Feridas";"Pleno dia";"Decrescente";"Sol";"Dupla";"Reta";"Sim";2;0;0;1;1;0;1;2;-16,1671;-47,930161;"SPRF-DF";"DEL01-DF";"UOP01-DEL01-DF"
139217;2018-06-10;"domingo";"16:50:00";"RS";290;148;"ARROIO DOS RATOS";"Avarias e/ou desgaste excessivo no pneu";"Tombamento";"Sem Vítimas";"Anoitecer";"Decrescente";"Nublado";"Simples";"Reta";"Não";2;0;0;0;1;1;0;2;-30,107178;-51,686199;"SPRF-RS";"DEL02-RS";"UOP01-DEL02-RS"
139220;2018-06-10;"domingo";"16:40:00";"MG";262;366,3;"JUATUBA";"Falta de Atenção do Pedestre";"Atropelamento de Pedestre";"Com Vítimas Feridas";"Pleno dia";"Decrescente";"Sol";"Dupla";"Curva";"Sim";2;0;0;1;1;0;1;2;-19,97447814;-44,32750583;"SPRF-MG";"DEL01-MG";"UOP03-DEL01-MG"
139222;2018-06-10;"domingo";"16:20:00";"BA";116;24,1;"VITORIA DA CONQUISTA";"Falta de Atenção à Condução";"Colisão transversal";"Sem Vítimas";"Pleno dia";"Decrescente";"Nublado";"Simples";"Interseção de Vias";"Sim";3;0;0;0;2;2;0;4;-14,865581;-40,799864;"SPRF-PE";"DEL05-PE";"UOP03-DEL05-PE"
139226;2018-06-10;"domingo";"17:30:00";"RJ";101;247;"SILVA JARDIM";"Não guardar distância de segurança";"Colisão lateral";"Com Vítimas Feridas";"Pleno dia";"Decrescente";"Céu Claro";"Dupla";"Reta";"Não";4;0;2;0;1;1;2;3;-22,658882;-42,494251;"SPRF-RJ";"DEL02-RJ";"UOP03-DEL02-RJ"
139231;2018-06-10;"domingo";"15:00:00";"SC";282;45,7;"AGUAS MORNAS";"Condutor Dormindo";"Colisão lateral";"Com Vítimas Feridas";"Pleno dia";"Crescente";"Céu Claro";"Simples";"Reta";"Não";4;0;2;0;2;0;2;3;-27,719851;-48,916126;"SPRF-SC";"DEL01-SC";"UOP03-DEL01-SC"
139235;2018-06-10;"domingo";"18:00:00";"PE";232;182;"BELO JARDIM";"Desobediência às normas de trânsito pelo condutor";"Colisão lateral";"Sem Vítimas";"Plena Noite";"Crescente";"Nublado";"Simples";"Reta";"Não";2;0;0;0;2;0;0;2;-8,3486149;-36,44944451;"SPRF-PE";"DEL02-PE";"UOP03-DEL02-PE"
139240;2018-06-10;"domingo";"18:00:00";"AL";101;186,5;"JUNQUEIRO";"Ultrapassagem Indevida";"Colisão lateral";"Sem Vítimas";"Plena Noite";"Crescente";"Nublado";"Simples";"Curva";"Não";3;0;0;0;2;1;0;3;-9,89785214;-36,460087;"SPRF-AL";"DEL02-AL";"UOP02-DEL02-AL"
139242;2018-06-10;"domingo";"09:00:00";"MG";116;38,4;"CACHOEIRA DE PAJEU";"Falta de Atenção à Condução";"Colisão lateral";"Sem Vítimas";"Pleno dia";"Decrescente";"Nublado";"Simples";"Curva";"Não";2;0;0;0;1;1;0;2;-15,9671;-41,4041;"SPRF-BA";"DEL08-BA";"UOP03-DEL08-BA"
139260;2018-06-10;"domingo";"11:20:00";"MG";251;248,4;"CURRAL DE DENTRO";"Desobediência às normas de trânsito pelo condutor";"Colisão traseira";"Com Vítimas Feridas";"Pleno dia";"Crescente";"Céu Claro";"Simples";"Reta";"Não";3;0;1;0;1;2;1;4;-15,984427;-41,827046;"SPRF-MG";"DEL11-MG";"UOP02-DEL11-MG"
139262;2018-06-10;"domingo";"17:50:00";"BA";101;351;"WENCESLAU GUIMARAES";"Falta de Atenção à Condução";"Colisão frontal";"Com Vítimas Feridas";"Plena Noite";"Decrescente";"Ignorado";"Simples";"Curva";"Não";2;0;0;1;1;0;1;2;-13,66833906;-39,47979927;"SPRF-BA";"DEL05-BA";"UOP03-DEL05-BA"
139263;2018-06-10;"domingo";"16:50:00";"SC";280;218,4;"TRES BARRAS";"Falta de Atenção à Condução";"Colisão lateral";"Com Vítimas Feridas";"Pleno dia";"Crescente";"Nublado";"Simples";"Reta";"Não";5;0;3;0;1;1;3;3;-26,174183;-50,245552;"SPRF-SC";"DEL06-SC";"UOP04-DEL06-SC"
139272;2018-06-10;"domingo";"14:35:00";"MT";364;4,8;"ALTO ARAGUAIA";"Falta de Atenção à Condução";"Colisão lateral";"Com Vítimas Feridas";"Pleno dia";"Crescente";"Céu Claro";"Simples";"Reta";"Não";3;0;0;1;1;1;1;3;-17,296303;-53,238197;"SPRF-MT";"DEL02-MT";"UOP02-DEL02-MT"
139273;2018-06-10;"domingo";"18:55:00";"RS";101;52,8;"TERRA DE AREIA";"Falta de Atenção à Condução";"Colisão com objeto estático";"Sem Vítimas";"Plena Noite";"Decrescente";"Nublado";"Dupla";"Reta";"Não";1;0;0;0;1;0;0;1;-29,622686;-50,097198;"SPRF-RS";"DEL03-RS";"DEL9/3-UOP03/RS"
139282;2018-06-10;"domingo";"20:20:00";"RS";290;149,5;"ELDORADO DO SUL";"Desobediência às normas de trânsito pelo condutor";"Colisão frontal";"Com Vítimas Feridas";"Plena Noite";"Decrescente";"Nublado";"Simples";"Reta";"Não";5;0;0;2;3;0;2;3;-30,106575;-51,696537;"SPRF-RS";"DEL02-RS";"UOP01-DEL02-RS"
139291;2018-06-10;"domingo";"20:50:00";"MG";50;115,6;"UBERABA";"Falta de Atenção à Condução";"Colisão transversal";"Com Vítimas Fatais";"Plena Noite";"Crescente";"Céu Claro";"Dupla";"Reta;Em Obras";"Não";4;2;0;0;1;2;0;4;-19,271588;-48,125039;"SPRF-MG";"DEL13-MG";"UOP01-DEL13-MG"
139296;2018-06-10;"domingo";"14:30:00";"MA";230;331;"SAO RAIMUNDO DAS MANGABEIRAS";"Defeito na Via";"Colisão lateral";"Com Vítimas Feridas";"Pleno dia";"Decrescente";"Céu Claro";"Simples";"Reta";"Não";4;0;2;0;1;1;2;3;-7,022264;-45,480907;"SPRF-MA";"DEL05-MA";"UOP01-DEL05-MA"
139306;2018-06-07;"quinta-feira";"00:40:00";"BA";101;98;"ALAGOINHAS";"Falta de Atenção à Condução";"Saída de leito carroçável";"Sem Vítimas";"Plena Noite";"Crescente";"Chuva";"Simples";"Interseção de Vias";"Não";1;0;0;0;1;0;0;1;-12,07772394;-38,3446708;"SPRF-BA";"DEL01-BA";"UOP04-DEL01-BA"
139311;2018-06-10;"domingo";"22:00:00";"PE";232;83;"GRAVATA";"Falta de Atenção à Condução";"Colisão transversal";"Com Vítimas Fatais";"Plena Noite";"Decrescente";"Nublado";"Dupla";"Reta";"Sim";3;1;0;1;1;0;1;2;-8,193439;-35,543007;"SPRF-PE";"DEL01-PE";"UOP02-DEL02PE"
139314;2018-06-10;"domingo";"16:00:00";"MT";70;192;"GENERAL CARNEIRO";"Falta de Atenção à Condução";"Saída de leito carroçável";"Sem Vítimas";"Pleno dia";"Crescente";"Céu Claro";"Simples";"Reta";"Não";2;0;0;0;1;1;0;2;-15,721946;-53,677078;"SPRF-MT";"DEL05-MT";"UOP01-DEL05-MT"
139318;2018-06-10;"domingo";"16:40:00";"MT";158;683;"CANABRAVA DO NORTE";"Falta de Atenção à Condução";"Colisão frontal";"Com Vítimas Fatais";"Pleno dia";"Crescente";"Céu Claro";"Simples";"Reta";"Não";3;1;0;0;1;2;0;4;-11,13764508;-51,70063019;"SPRF-MT";"DEL07-MT";"UOP01-DEL07-MT"
139319;2018-06-10;"domingo";"20:00:00";"AM";174;958,1;"MANAUS";"Objeto estático sobre o leito carroçável";"Colisão com objeto estático";"Com Vítimas Feridas";"Plena Noite";"Crescente";"Nublado";"Simples";"Reta";"Não";6;0;3;0;2;2;3;4;-2,32914645;-60,04749298;"SPRF-AM";"DEL01-AM";"UOP01-DEL01-AM"
139337;2018-06-10;"domingo";"20:00:00";"PE";428;94;"SANTA MARIA DA BOA VISTA";"Animais na Pista";"Saída de leito carroçável";"Sem Vítimas";"Plena Noite";"Crescente";"Céu Claro";"Simples";"Reta";"Não";1;0;0;0;1;0;0;1;-8,81586775;-39,91950989;"SPRF-PE";"DEL06-PE";"UOP03-DEL06-PE"
139340;2018-06-11;"segunda-feira";"01:10:00";"PI";316;68;"MONSENHOR GIL";"Desobediência às normas de trânsito pelo condutor";"Colisão lateral";"Com Vítimas Fatais";"Plena Noite";"Decrescente";"Céu Claro";"Simples";"Reta";"Sim";8;2;2;2;1;2;4;5;-5,5917264;-42,61339188;"SPRF-PI";"DEL01-PI";"UOP02-DEL01-PI"
139349;2018-06-11;"segunda-feira";"03:00:00";"BA";101;839;"VEREDA";"Condutor Dormindo";"Capotamento";"Com Vítimas Fatais";"Plena Noite";"Crescente";"Céu Claro";"Simples";"Curva";"Não";1;1;0;0;0;0;0;1;-17,236;-39,6182;"SPRF-BA";"DEL09-BA";"UOP01-DEL09-BA"
139351;2018-06-10;"domingo";"23:50:00";"MG";116;257,9;"TEOFILO OTONI";"Falta de Atenção à Condução";"Saída de leito carroçável";"Com Vítimas Feridas";"Plena Noite";"Crescente";"Nublado";"Simples";"Reta";"Não";2;0;1;0;0;1;1;2;-17,8673812;-41,5162663;"SPRF-MG";"DEL11-MG";"UOP01-DEL11-MG"
139352;2018-06-11;"segunda-feira";"02:40:00";"PB";230;118,3;"RIACHAO DO BACAMARTE";"Condutor Dormindo";"Saída de leito carroçável";"Sem Vítimas";"Plena Noite";"Decrescente";"Céu Claro";"Dupla";"Reta";"Não";3;0;0;0;3;0;0;1;-7,242672;-35,632706;"SPRF-PB";"DEL01-PB";"UOP03-DEL01-PB"
139354;2018-06-11;"segunda-feira";"02:50:00";"PB";230;118,5;"RIACHAO DO BACAMARTE";"Falta de Atenção à Condução";"Engavetamento";"Com Vítimas Fatais";"Plena Noite";"Decrescente";"Céu Claro";"Dupla";"Reta";"Não";3;1;0;0;2;0;0;3;-7,24253365;-35,63191295;"SPRF-PB";"DEL01-PB";"UOP03-DEL01-PB"
139365;2018-06-11;"segunda-feira";"06:20:00";"PR";376;161;"MARINGA";"Não guardar distância de segurança";"Colisão traseira";"Com Vítimas Feridas";"Pleno dia";"Decrescente";"Céu Claro";"Dupla";"Reta";"Não";2;0;1;0;1;0;1;2;-23,352516;-52,09127;"SPRF-PR";"DEL07-PR";"UOP01-DEL09-PR"
139385;2018-06-11;"segunda-feira";"07:30:00";"RS";116;528;"BARRA DO RIBEIRO";"Desobediência às normas de trânsito pelo condutor";"Colisão transversal";"Com Vítimas Feridas";"Pleno dia";"Decrescente";"Chuva";"Simples";"Reta";"Sim";3;0;1;0;1;1;1;3;-30,34457;-51,42852;"SPRF-RS";"DEL07-RS";"UOP01-DEL07-RS"
139386;2018-06-11;"segunda-feira";"07:15:00";"MG";262;27,3;"REDUTO";"Velocidade Incompatível";"Tombamento";"Com Vítimas Feridas";"Pleno dia";"Decrescente";"Nevoeiro/Neblina";"Simples";"Curva";"Não";2;0;1;0;0;1;1;2;-20,240572;-41,96632;"SPRF-MG";"DEL06-MG";"UOP03-DEL06-MG"
139400;2018-06-11;"segunda-feira";"09:00:00";"RS";287;249,3;"SANTA MARIA";"Falta de Atenção do Pedestre";"Atropelamento de Pedestre";"Com Vítimas Feridas";"Pleno dia";"Decrescente";"Sol";"Simples";"Desvio Temporário;Reta;Em Obras";"Sim";4;0;0;1;1;2;1;2;-29,694006;-53,861;"SPRF-RS";"DEL09-RS";"UOP01-DEL09-RS"
139406;2018-06-11;"segunda-feira";"09:15:00";"MG";365;434;"PATOS DE MINAS";"Defeito Mecânico no Veículo";"Tombamento";"Sem Vítimas";"Pleno dia";"Decrescente";"Céu Claro";"Simples";"Ponte";"Não";1;0;0;0;1;0;0;1;-18,76733;-46,67791;"SPRF-MG";"DEL10-MG";"UOP01-DEL10-MG"
139407;2018-06-11;"segunda-feira";"00:20:00";"RS";116;459,7;"SAO LOURENCO DO SUL";"Não guardar distância de segurança";"Colisão traseira";"Com Vítimas Feridas";"Plena Noite";"Decrescente";"Chuva";"Simples";"Reta";"Não";2;0;1;0;0;1;1;2;-31,27911019;-52,00697333;"SPRF-RS";"DEL02-RS";"UOP03-DEL02-RS"
139419;2018-03-15;"quinta-feira";"21:45:00";"MG";381;481;"BETIM";"Velocidade Incompatível";"Colisão lateral";"Com Vítimas Feridas";"Plena Noite";"Crescente";"Céu Claro";"Dupla";"Reta";"Sim";4;0;2;1;1;0;3;2;-19,959;-44,0704;"SPRF-MG";"DEL01-MG";"UOP03-DEL01-MG"
139427;2018-05-02;"quarta-feira";"04:30:00";"SE";235;20;"ARACAJU";"Falta de Atenção à Condução";"Capotamento";"Com Vítimas Feridas";"Amanhecer";"Decrescente";"Chuva";"Simples";"Curva;Declive";"Não";1;0;1;0;0;0;1;1;-10,9472468;-37,0730823;"SPRF-SE";"DEL01-SE";"UOP01-DEL01-SE"
139428;2018-06-11;"segunda-feira";"08:55:00";"RO";364;631,4;"CANDEIAS DO JAMARI";"Defeito na Via";"Colisão traseira";"Sem Vítimas";"Pleno dia";"Crescente";"Céu Claro";"Dupla";"Reta";"Não";3;0;0;0;2;1;0;3;-9,07700989;-63,38493347;"SPRF-RO";"DEL03-RO";"UOP04-DEL01-RO"
139433;2018-06-11;"segunda-feira";"08:35:00";"GO";60;259,3;"INDIARA";"Defeito Mecânico no Veículo";"Tombamento";"Sem Vítimas";"Pleno dia";"Crescente";"Céu Claro";"Dupla";"Reta";"Não";2;0;0;0;1;3;0;4;-17,1596;-50,0359;"SPRF-GO";"DEL01-GO";"UOP02-DEL01-GO"
139434;2018-06-11;"segunda-feira";"10:45:00";"RN";101;144,9;"GOIANINHA";"Falta de Atenção à Condução";"Colisão traseira";"Com Vítimas Feridas";"Pleno dia";"Decrescente";"Céu Claro";"Dupla";"Reta";"Sim";3;0;1;1;0;1;2;2;-6,24643632;-35,21690547;"SPRF-RN";"DEL01-RN";"UOP01-DEL01-RN"
139437;2018-06-11;"segunda-feira";"08:20:00";"RS";290;297,1;"CACAPAVA DO SUL";"Condutor Dormindo";"Colisão com objeto estático";"Com Vítimas Feridas";"Pleno dia";"Crescente";"Nublado";"Simples";"Ponte";"Não";1;0;1;0;0;0;1;1;-30,310987;-53,177296;"SPRF-RS";"DEL09-RS";"UOP02-DEL09-RS"
139458;2018-06-11;"segunda-feira";"12:45:00";"MG";267;251,9;"CARVALHOS";"Velocidade Incompatível";"Tombamento";"Com Vítimas Feridas";"Pleno dia";"Decrescente";"Céu Claro";"Simples";"Curva";"Não";2;0;1;0;0;1;1;2;-21,93412863;-44,50870514;"SPRF-MG";"DEL05-MG";"DEL5/4-UOP01/MG"
139461;2018-06-11;"segunda-feira";"13:20:00";"ES";262;19,5;"VIANA";"Desobediência às normas de trânsito pelo condutor";"Colisão transversal";"Com Vítimas Feridas";"Pleno dia";"Crescente";"Nublado";"Simples";"Reta";"Sim";3;0;1;0;1;1;1;3;-20,38839992;-40,4945004;"SPRF-ES";"DEL01-ES";"UOP01-DEL01-ES"
139467;2018-06-11;"segunda-feira";"14:10:00";"SP";116;227;"GUARULHOS";"Falta de Atenção à Condução";"Colisão lateral";"Com Vítimas Feridas";"Pleno dia";"Crescente";"Céu Claro";"Múltipla";"Curva";"Não";4;0;1;0;1;2;1;3;-23,4963482;-46,55842137;"SPRF-SP";"DEL01-SP";"UOP01-DEL01-SP"
139480;2018-06-11;"segunda-feira";"14:25:00";"GO";40;8,3;"LUZIANIA";"Falta de Atenção à Condução";"Colisão lateral";"Com Vítimas Feridas";"Pleno dia";"Decrescente";"Sol";"Dupla";"Reta";"Sim";3;0;1;0;2;0;1;2;-16,11678069;-47,96688426;"SPRF-DF";"DEL01-DF";"UOP01-DEL01-DF"
139484;2018-06-11;"segunda-feira";"13:00:00";"MT";163;816;"SINOP";"Condutor Dormindo";"Saída de leito carroçável";"Com Vítimas Feridas";"Pleno dia";"Crescente";"Sol";"Simples";"Reta";"Não";2;0;1;0;0;1;1;2;-12,038143;-55,517288;"SPRF-MT";"DEL06-MT";"UOP01-DEL06-MT"
139485;2018-06-11;"segunda-feira";"14:28:00";"PR";277;721,8;"FOZ DO IGUACU";"Não guardar distância de segurança";"Colisão lateral";"Com Vítimas Feridas";"Pleno dia";"Decrescente";"Céu Claro";"Dupla";"Reta";"Sim";5;0;1;2;1;1;3;3;-25,49422406;-54,51874673;"SPRF-PR";"DEL05-PR";"UOP01-DEL05-PR"
139490;2018-06-11;"segunda-feira";"16:00:00";"PE";407;127;"PETROLINA";"Desobediência às normas de trânsito pelo condutor";"Colisão transversal";"Com Vítimas Feridas";"Pleno dia";"Crescente";"Céu Claro";"Simples";"Interseção de Vias";"Sim";2;0;1;0;1;0;1;2;-9,39143113;-40,51915526;"SPRF-PE";"DEL06-PE";"UOP01-DEL06-PE"
139491;2018-06-11;"segunda-feira";"16:20:00";"BA";116;574;"BREJOES";"Ingestão de Álcool";"Colisão traseira";"Com Vítimas Fatais";"Pleno dia";"Decrescente";"Nublado";"Simples";"Reta;Declive";"Sim";2;1;0;0;1;0;0;2;-13,07695447;-39,96161252;"SPRF-BA";"DEL03-BA";"UOP02-DEL03-BA"
139496;2018-06-09;"sábado";"22:00:00";"RS";116;62,7;"CAMPESTRE DA SERRA";"Velocidade Incompatível";"Saída de leito carroçável";"Com Vítimas Feridas";"Plena Noite";"Crescente";"Nublado";"Simples";"Curva";"Não";1;0;1;0;0;0;1;1;-28,66031556;-51,05908871;"SPRF-RS";"DEL05-RS";"UOP03-DEL05-RS"
139500;2018-06-11;"segunda-feira";"11:00:00";"MA";230;89,8;"SAO JOAO DOS PATOS";"Falta de Atenção à Condução";"Colisão frontal";"Com Vítimas Feridas";"Pleno dia";"Decrescente";"Céu Claro";"Simples";"Curva";"Não";2;0;1;0;1;0;1;2;-6,492675;-43,710655;"SPRF-PI";"DEL03-PI";"UOP01-DEL03-PI"
139504;2018-06-11;"segunda-feira";"17:45:00";"ES";101;235,9;"FUNDAO";"Falta de Atenção à Condução";"Colisão lateral";"Com Vítimas Feridas";"Plena Noite";"Decrescente";"Nublado";"Simples";"Reta";"Não";4;0;0;1;2;1;1;4;-19,98550903;-40,41385174;"SPRF-ES";"DEL02-ES";"UOP01-DEL02-ES"
139507;2018-06-11;"segunda-feira";"17:50:00";"MG";381;386,2;"SAO GONCALO DO RIO ABAIXO";"Desobediência às normas de trânsito pelo condutor";"Colisão traseira";"Sem Vítimas";"Anoitecer";"Decrescente";"Céu Claro";"Simples";"Curva";"Não";2;0;0;0;2;0;0;2;-19,83154743;-43,37633946;"SPRF-MG";"DEL01-MG";"UOP01-DEL01-MG"
139514;2018-06-11;"segunda-feira";"18:00:00";"CE";20;417,6;"MARACANAU";"Desobediência às normas de trânsito pelo condutor";"Colisão transversal";"Com Vítimas Feridas";"Anoitecer";"Crescente";"Céu Claro";"Simples";"Interseção de Vias";"Sim";3;0;1;0;1;1;1;3;-3,84292039;-38,59077036;"SPRF-CE";"DEL01-CE";"UOP02-DEL01-CE"
139515;2018-06-11;"segunda-feira";"18:45:00";"PR";476;128,3;"CURITIBA";"Falta de Atenção à Condução";"Engavetamento";"Com Vítimas Feridas";"Anoitecer";"Decrescente";"Céu Claro";"Múltipla";"Curva";"Sim";3;0;1;0;2;0;1;3;-25,43456455;-49,23342705;"SPRF-PR";"DEL01-PR";"UOP07-DEL01-PR"
139518;2018-06-11;"segunda-feira";"15:15:00";"PR";277;472,3;"NOVA LARANJEIRAS";"Não guardar distância de segurança";"Colisão frontal";"Com Vítimas Feridas";"Pleno dia";"Decrescente";"Chuva";"Simples";"Reta";"Não";8;0;2;1;2;3;3;3;-25,30789249;-52,55101919;"SPRF-PR";"DEL04-PR";"UOP02-DEL04-PR"
139526;2018-06-11;"segunda-feira";"05:30:00";"PA";316;39;"SANTA IZABEL DO PARA";"Ultrapassagem Indevida";"Colisão traseira";"Com Vítimas Feridas";"Pleno dia";"Crescente";"Céu Claro";"Dupla";"Reta";"Não";2;0;1;0;1;0;1;2;-1,28005822;-48,12638283;"SPRF-PA";"DEL01-PA";"UOP01-DEL01-PA"
139533;2018-06-11;"segunda-feira";"18:40:00";"RJ";116;256;"PIRAI";"Falta de Atenção à Condução";"Colisão traseira";"Com Vítimas Feridas";"Plena Noite";"Crescente";"Céu Claro";"Múltipla";"Reta;Aclive";"Não";3;0;1;0;1;1;1;3;-22,624538;-43,917652;"SPRF-RJ";"DEL07-RJ";"UOP02-DEL07-RJ"
139539;2018-06-11;"segunda-feira";"15:00:00";"SC";116;143,1;"SANTA CECILIA";"Falta de Atenção à Condução";"Colisão transversal";"Com Vítimas Feridas";"Pleno dia";"Crescente";"Chuva";"Simples";"Reta";"Não";4;0;2;0;2;0;2;2;-26,986475;-50,394382;"SPRF-SC";"DEL06-SC";"UOP02-DEL06-SC"
139540;2018-06-11;"segunda-feira";"20:00:00";"RS";116;404,4;"CAMAQUA";"Não guardar distância de segurança";"Colisão lateral";"Com Vítimas Feridas";"Plena Noite";"Crescente";"Nublado";"Simples";"Reta";"Não";3;0;1;0;1;1;1;3;-30,89227;-51,84561;"SPRF-RS";"DEL02-RS";"UOP03-DEL02-RS"
139543;2018-06-11;"segunda-feira";"19:00:00";"BA";324;522;"FEIRA DE SANTANA";"Não guardar distância de segurança";"Colisão traseira";"Com Vítimas Feridas";"Plena Noite";"Decrescente";"Céu Claro";"Dupla";"Aclive";"Sim";4;0;1;0;1;2;1;3;-12,3066553;-38,8902895;"SPRF-BA";"DEL01-BA";"UOP01-DEL01-BA"
139545;2018-06-11;"segunda-feira";"19:50:00";"SP";116;161,4;"JACAREI";"Ingestão de Álcool";"Colisão traseira";"Sem Vítimas";"Plena Noite";"Decrescente";"Céu Claro";"Dupla";"Reta";"Sim";4;0;0;0;3;1;0;4;-23,27653523;-45,97638845;"SPRF-SP";"DEL02-SP";"UOP01-DEL02-SP"
139554;2018-06-11;"segunda-feira";"17:50:00";"SC";282;623;"IRACEMINHA";"Velocidade Incompatível";"Tombamento";"Com Vítimas Feridas";"Anoitecer";"Crescente";"Céu Claro";"Simples";"Curva";"Não";2;0;1;0;0;2;1;3;-26,799004;-53,332302;"SPRF-SC";"DEL07-SC";"UOP02-DEL07-SC"
139555;2018-06-11;"segunda-feira";"21:25:00";"RS";290;195,5;"RIO PARDO";"Falta de Atenção à Condução";"Tombamento";"Sem Vítimas";"Plena Noite";"Crescente";"Garoa/Chuvisco";"Simples";"Aclive";"Não";2;0;0;0;1;1;0;2;-30,165445;-52,165237;"SPRF-RS";"DEL02-RS";"UOP02-DEL02-RS"
139562;2018-06-11;"segunda-feira";"20:50:00";"PI";343;444,9;"AGUA BRANCA";"Objeto estático sobre o leito carroçável";"Colisão com objeto estático";"Com Vítimas Feridas";"Plena Noite";"Crescente";"Céu Claro";"Simples";"Reta";"Não";2;0;0;1;1;0;1;2;-5,888477;-42,642536;"SPRF-PI";"DEL01-PI";"UOP02-DEL01-PI"
139566;2018-06-12;"terça-feira";"00:05:00";"MG";251;472,9;"FRANCISCO SA";"Velocidade Incompatível";"Tombamento";"Com Vítimas Feridas";"Plena Noite";"Decrescente";"Céu Claro";"Simples";"Curva;Declive";"Não";2;0;2;0;0;0;2;1;-16,472;-43,4251;"SPRF-MG";"DEL12-MG";"UOP01-DEL12-MG"
139567;2018-06-11;"segunda-feira";"23:45:00";"PI";343;183;"PIRIPIRI";"Ingestão de Álcool";"Colisão frontal";"Com Vítimas Feridas";"Plena Noite";"Crescente";"Céu Claro";"Simples";"Reta";"Sim";2;0;1;0;1;0;1;2;-4,264742;-41,756226;"SPRF-PI";"DEL02-PI";"UOP01-DEL02-PI"
139573;2018-06-11;"segunda-feira";"23:45:00";"MG";381;460;"BELO HORIZONTE";"Falta de Atenção à Condução";"Colisão traseira";"Com Vítimas Feridas";"Plena Noite";"Crescente";"Céu Claro";"Simples";"Reta";"Não";3;0;1;0;1;1;1;3;-19,85011091;-43,88795474;"SPRF-MG";"DEL01-MG";"UOP01-DEL01-MG"