"id";"data_inversa";"dia_semana";"horario";"uf";"br";"km";"municipio";"causa_acidente";"tipo_acidente";"classificacao_acidente";"fase_dia";"sentido_via";"condicao_metereologica";"tipo_pista";"tracado_via";"uso_solo";"pessoas";"mortos";"feridos_leves";"feridos_graves";"ilesos";"ignorados";"feridos";"veiculos";"latitude";"longitude";"regional";"delegacia";"uop"
139575;2018-06-12;"terça-feira";"02:25:00";"PE";232;125,9;"CARUARU";"Defeito Mecânico no Veículo";"Colisão traseira";"Com Vítimas Feridas";"Plena Noite";"Crescente";"Céu Claro";"Dupla";"Declive";"Sim";4;0;1;0;3;0;1;2;-8,3072182;-35,95887423;"SPRF-PE";"DEL02-PE";"UOP03-DEL02-PE"
139578;2018-06-12;"terça-feira";"03:30:00";"PR";376;549;"PALMEIRA";"Condutor Dormindo";"Saída de leito carroçável";"Sem Vítimas";"Plena Noite";"Crescente";"Nublado";"Dupla";"Reta";"Não";1;0;0;0;1;0;0;1;-25,35920937;-49,83078349;"SPRF-PR";"DEL01-PR";"UOP06-DEL01-PR"
139579;2018-06-12;"terça-feira";"00:40:00";"MG";381;321;"NOVA ERA";"Desobediência às normas de trânsito pelo condutor";"Colisão com objeto estático";"Sem Vítimas";"Plena Noite";"Decrescente";"Nevoeiro/Neblina";"Simples";"Reta";"Não";1;0;0;0;1;0;0;1;-19,7609;-43,0306;"SPRF-MG";"DEL03-MG";"UOP02-DEL03-MG"
139581;2018-06-12;"terça-feira";"04:31:00";"MT";70;509;"CUIABA";"Ingestão de Álcool";"Colisão frontal";"Com Vítimas Feridas";"Plena Noite";"Decrescente";"Céu Claro";"Simples";"Reta";"Não";4;0;0;1;2;3;1;5;-15,65051;-55,998238;"SPRF-MT";"DEL02-MT";"UOP02-DEL01-MT"
139582;2018-06-12;"terça-feira";"05:30:00";"GO";60;41;"APARECIDA DE GOIANIA";"Sinalização da via insuficiente ou inadequada";"Tombamento";"Sem Vítimas";"Plena Noite";"Decrescente";"Céu Claro";"Dupla";"Rotatória";"Sim";2;0;0;0;1;1;0;2;-16,8101;-49,2397;"SPRF-GO";"DEL01-GO";"UOP03-DEL01-GO"
139583;2018-06-11;"segunda-feira";"21:45:00";"PA";10;78;"ULIANOPOLIS";"Não guardar distância de segurança";"Colisão traseira";"Com Vítimas Feridas";"Plena Noite";"Crescente";"Nublado";"Simples";"Reta";"Sim";3;0;1;0;1;1;1;3;-3,7631987;-47,50007629;"SPRF-PA";"DEL02-PA";"UOP02-DEL02-PA"
139584;2018-06-11;"segunda-feira";"22:00:00";"MG";116;110;"ITAOBIM";"Falta de Atenção à Condução";"Colisão com objeto em movimento";"Com Vítimas Feridas";"Plena Noite";"Crescente";"Céu Claro";"Simples";"Curva";"Não";3;0;2;0;0;1;2;2;-16,581359;-41,502337;"SPRF-MG";"DEL11-MG";"UOP02-DEL11-MG"
139586;2018-06-12;"terça-feira";"05:55:00";"MG";381;455;"SABARA";"Falta de Atenção à Condução";"Saída de leito carroçável";"Com Vítimas Feridas";"Amanhecer";"Crescente";"Céu Claro";"Simples";"Declive";"Sim";2;0;1;0;0;1;1;2;-19,84054354;-43,86109114;"SPRF-MG";"DEL01-MG";"UOP01-DEL01-MG"
139587;2018-06-12;"terça-feira";"06:30:00";"GO";153;508,9;"APARECIDA DE GOIANIA";"Defeito Mecânico no Veículo";"Colisão traseira";"Com Vítimas Feridas";"Amanhecer";"Decrescente";"Céu Claro";"Múltipla";"Reta";"Não";12;0;8;2;2;0;10;4;-16,77888319;-49,23682809;"SPRF-GO";"DEL01-GO";"UOP03-DEL01-GO"
139591;2018-06-12;"terça-feira";"06:15:00";"MG";381;350;"JOAO MONLEVADE";"Falta de Atenção à Condução";"Colisão frontal";"Sem Vítimas";"Amanhecer";"Crescente";"Nevoeiro/Neblina";"Simples";"Curva";"Não";2;0;0;0;2;0;0;2;-19,85750725;-43,12352657;"SPRF-MG";"DEL03-MG";"UOP01-DEL03-MG"
139598;2018-06-12;"terça-feira";"06:15:00";"GO";153;509;"APARECIDA DE GOIANIA";"Falta de Atenção à Condução";"Colisão transversal";"Com Vítimas Feridas";"Amanhecer";"Decrescente";"Céu Claro";"Dupla";"Declive";"Sim";3;0;1;0;1;1;1;3;-16,7888;-49,2379;"SPRF-GO";"DEL01-GO";"UOP03-DEL01-GO"
139602;2018-06-12;"terça-feira";"05:30:00";"RJ";116;220,6;"PARACAMBI";"Desobediência às normas de trânsito pelo condutor";"Colisão traseira";"Sem Vítimas";"Amanhecer";"Decrescente";"Nublado";"Dupla";"Reta";"Não";3;0;0;0;2;1;0;3;-22,700907;-43,757046;"SPRF-RJ";"DEL07-RJ";"UOP01-DEL07-RJ"
139604;2018-06-12;"terça-feira";"07:52:00";"GO";60;101,4;"ANAPOLIS";"Objeto estático sobre o leito carroçável";"Colisão traseira";"Com Vítimas Feridas";"Pleno dia";"Decrescente";"Céu Claro";"Dupla";"Reta";"Sim";2;0;1;0;1;0;1;2;-16,40331774;-48,97708297;"SPRF-GO";"DEL02-GO";"UOP01-DEL02-GO"
139610;2018-06-12;"terça-feira";"05:30:00";"SC";153;111;"CONCORDIA";"Velocidade Incompatível";"Saída de leito carroçável";"Sem Vítimas";"Amanhecer";"Crescente";"Garoa/Chuvisco";"Simples";"Curva";"Não";2;0;0;0;1;1;0;2;-27,319271;-51,983299;"SPRF-SC";"DEL07-SC";"UOP04-DEL07-SC"
139616;2018-06-12;"terça-feira";"07:40:00";"GO";158;270;"PIRANHAS";"Velocidade Incompatível";"Colisão com objeto estático";"Com Vítimas Feridas";"Pleno dia";"Crescente";"Céu Claro";"Simples";"Reta";"Sim";3;0;0;1;1;1;1;3;-16,429823;-51,796246;"SPRF-GO";"DEL05-GO";"UOP01-DEL05-GO"
139619;2018-05-31;"quinta-feira";"11:20:00";"PR";277;131;"BALSA NOVA";"Falta de Atenção à Condução";"Saída de leito carroçável";"Com Vítimas Feridas";"Pleno dia";"Decrescente";"Céu Claro";"Simples";"Reta;Declive";"Não";2;0;0;1;1;0;1;2;-25,47195328;-49,65917853;"SPRF-PR";"DEL01-PR";"UOP06-DEL01-PR"
139621;2018-04-22;"domingo";"14:30:00";"BA";20;50;"CORRENTINA";"Desobediência às normas de trânsito pelo condutor";"Colisão traseira";"Com Vítimas Feridas";"Pleno dia";"Crescente";"Céu Claro";"Simples";"Reta";"Não";5;0;2;0;1;2;2;3;-13,517504;-46,102537;"SPRF-BA";"DEL10-BA";"UOP01-DEL10-BA"
139622;2018-06-12;"terça-feira";"07:05:00";"RO";364;667;"CANDEIAS DO JAMARI";"Desobediência às normas de trânsito pelo condutor";"Colisão transversal";"Com Vítimas Feridas";"Pleno dia";"Decrescente";"Céu Claro";"Dupla";"Reta";"Não";4;0;0;1;2;1;1;3;-8,775691;-63,479378;"SPRF-RO";"DEL01-RO";"UOP01-DEL01-RO"
139624;2018-06-12;"terça-feira";"08:30:00";"MG";381;865,9;"POUSO ALEGRE";"Falta de Atenção à Condução";"Tombamento";"Com Vítimas Feridas";"Pleno dia";"Crescente";"Céu Claro";"Dupla";"Reta";"Não";2;0;1;0;0;1;1;2;-22,3642;-45,9309;"SPRF-MG";"DEL16-MG";"UOP01-DEL16-MG"
139629;2018-03-16;"sexta-feira";"05:20:00";"RS";116;356,6;"BARRA DO RIBEIRO";"Ultrapassagem Indevida";"Colisão transversal";"Com Vítimas Feridas";"Plena Noite";"Crescente";"Céu Claro";"Simples";"Curva";"Não";2;0;1;0;1;0;1;2;-30,34457;-51,42852;"SPRF-RS";"DEL02-RS";"UOP03-DEL02-RS"
139631;2018-06-12;"terça-feira";"08:55:00";"GO";60;102,5;"ANAPOLIS";"Ultrapassagem Indevida";"Colisão traseira";"Com Vítimas Feridas";"Pleno dia";"Crescente";"Céu Claro";"Dupla";"Reta";"Não";2;0;1;0;1;0;1;2;-16,40807265;-48,98738265;"SPRF-GO";"DEL02-GO";"UOP01-DEL02-GO"
139636;2018-06-12;"terça-feira";"09:40:00";"SP";116;103;"TAUBATE";"Falta de Atenção à Condução";"Colisão lateral";"Sem Vítimas";"Pleno dia";"Crescente";"Céu Claro";"Dupla";"Reta";"Sim";3;0;0;0;3;0;0;2;-22,994621;-45,48897987;"SPRF-SP";"DEL06-SP";"UOP01-DEL06-SP"
139638;2018-06-12;"terça-feira";"08:20:00";"PI";316;82;"LAGOINHA DO PIAUI";"Falta de Atenção à Condução";"Colisão transversal";"Sem Vítimas";"Pleno dia";"Crescente";"Céu Claro";"Simples";"Interseção de Vias";"Não";3;0;0;0;2;2;0;4;-5,84213009;-42,62454987;"SPRF-PI";"DEL01-PI";"UOP02-DEL01-PI"
139640;2018-06-04;"segunda-feira";"10:20:00";"PR";369;184;"ARAPONGAS";"Desobediência às normas de trânsito pelo condutor";"Colisão traseira";"Com Vítimas Feridas";"Pleno dia";"Crescente";"Céu Claro";"Simples";"Curva";"Sim";2;0;1;0;1;0;1;2;-23,404777;-51,428454;"SPRF-PR";"DEL07-PR";"UOP03-DEL07-PR"
139647;2018-06-12;"terça-feira";"09:50:00";"RS";470;178;"VERANOPOLIS";"Desobediência às normas de trânsito pelo condutor";"Colisão transversal";"Com Vítimas Feridas";"Pleno dia";"Decrescente";"Chuva";"Simples";"Reta";"Sim";4;0;2;0;2;0;2;3;-28,94101027;-51,54817879;"SPRF-RS";"DEL06-RS";"UOP02-DEL06-RS"
139648;2018-05-23;"quarta-feira";"19:30:00";"MG";40;436,1;"PARAOPEBA";"Falta de Atenção à Condução";"Saída de leito carroçável";"Com Vítimas Feridas";"Plena Noite";"Decrescente";"Céu Claro";"Dupla";"Reta";"Não";2;0;0;1;0;1;1;2;-19,228;-44,44;"SPRF-MG";"DEL02-MG";"UOP01-DEL02-MG"
139657;2018-06-12;"terça-feira";"09:00:00";"MG";381;788,3;"SAO GONCALO DO SAPUCAI";"Falta de Atenção à Condução";"Colisão traseira";"Com Vítimas Feridas";"Pleno dia";"Decrescente";"Céu Claro";"Dupla";"Reta";"Não";3;0;0;1;2;0;1;2;-21,86680587;-45,53550303;"SPRF-MG";"DEL16-MG";"UOP02-DEL16-MG"
139664;2018-06-12;"terça-feira";"08:25:00";"MT";364;50;"ALTO GARCAS";"Defeito na Via";"Tombamento";"Com Vítimas Feridas";"Pleno dia";"Decrescente";"Céu Claro";"Simples";"Declive";"Não";2;0;1;0;0;2;1;3;-16,999363;-53,500782;"SPRF-MT";"DEL02-MT";"UOP02-DEL02-MT"
139669;2018-04-17;"terça-feira";"15:00:00";"RJ";40;54;"PETROPOLIS";"Falta de Atenção à Condução";"Colisão traseira";"Com Vítimas Feridas";"Pleno dia";"Crescente";"Sol";"Dupla";"Reta";"Não";3;0;2;0;1;0;2;2;-22,3561015;-43,12337637;"SPRF-RJ";"DEL06-RJ";"UOP01-DEL06-RJ"
139673;2018-06-12;"terça-feira";"12:25:00";"MS";262;313,2;"CAMPO GRANDE";"Falta de Atenção à Condução";"Engavetamento";"Sem Vítimas";"Pleno dia";"Crescente";"Chuva";"Simples";"Reta";"Não";4;0;0;0;4;0;0;4;-20,4727;-54,4108;"SPRF-MS";"DEL01-MS";"UOP01-DEL01-MS"
139678;2018-06-12;"terça-feira";"13:50:00";"SC";101;202,8;"SAO JOSE";"Falta de Atenção à Condução";"Saída de leito carroçável";"Com Vítimas Feridas";"Pleno dia";"Crescente";"Nublado";"Múltipla";"Reta";"Sim";2;0;2;0;0;0;2;1;-27,56214188;-48,61633658;"SPRF-SC";"DEL01-SC";"UOP01-DEL01-SC"
139683;2018-06-12;"terça-feira";"08:30:00";"PE";424;55,4;"CAETES";"Falta de Atenção à Condução";"Colisão lateral";"Com Vítimas Feridas";"Pleno dia";"Crescente";"Céu Claro";"Simples";"Reta";"Não";16;0;5;0;11;0;5;2;-8,731866;-36,745438;"SPRF-PE";"DEL03-PE";"UOP01-DEL03-PE"
139690;2018-06-12;"terça-feira";"06:00:00";"MG";365;557;"ROMARIA";"Desobediência às normas de trânsito pelo condutor";"Colisão lateral";"Com Vítimas Feridas";"Amanhecer";"Decrescente";"Céu Claro";"Simples";"Curva";"Não";4;0;0;1;2;1;1;4;-18,93201412;-47,69182205;"SPRF-MG";"DEL10-MG";"UOP01-DEL10-MG"
139696;2018-06-12;"terça-feira";"14:25:00";"RS";386;290,9;"POUSO NOVO";"Velocidade Incompatível";"Tombamento";"Com Vítimas Fatais";"Pleno dia";"Decrescente";"Nublado";"Simples";"Curva";"Não";2;1;0;0;0;1;0;2;-29,089539;-52,253685;"SPRF-RS";"DEL04-RS";"UOP01-DEL04-RS"
139697;2018-06-12;"terça-feira";"15:00:00";"CE";116;15;"FORTALEZA";"Não guardar distância de segurança";"Engavetamento";"Com Vítimas Feridas";"Pleno dia";"Decrescente";"Sol";"Dupla";"Curva;Declive";"Sim";6;0;1;0;5;0;1;5;-3,87808464;-38,50048184;"SPRF-CE";"DEL01-CE";"UOP02-DEL01-CE"
139699;2018-06-12;"terça-feira";"15:00:00";"PR";376;644;"TIJUCAS DO SUL";"Falta de Atenção à Condução";"Colisão traseira";"Com Vítimas Feridas";"Pleno dia";"Crescente";"Chuva";"Dupla";"Curva";"Sim";3;0;1;0;1;2;1;4;-25,82384403;-49,12475064;"SPRF-PR";"DEL01-PR";"DEL7/1-UOP08/PR"
139701;2018-06-12;"terça-feira";"16:10:00";"PR";277;586,2;"CASCAVEL";"Falta de Atenção à Condução";"Colisão transversal";"Com Vítimas Feridas";"Pleno dia";"Crescente";"Nublado";"Simples";"Interseção de Vias";"Sim";4;0;2;0;2;0;2;2;-24,966671;-53,424225;"SPRF-PR";"DEL04-PR";"UOP01-DEL04-PR"
139706;2018-06-12;"terça-feira";"16:40:00";"PR";116;141,2;"MANDIRITUBA";"Defeito Mecânico no Veículo";"Tombamento";"Sem Vítimas";"Pleno dia";"Decrescente";"Chuva";"Dupla";"Declive";"Sim";1;0;0;0;1;0;0;1;-25,77303506;-49,32317192;"SPRF-PR";"DEL01-PR";"UOP03-DEL01-PR"
139707;2018-06-12;"terça-feira";"16:15:00";"RS";116;234;"NOVO HAMBURGO";"Falta de Atenção à Condução";"Colisão traseira";"Sem Vítimas";"Pleno dia";"Decrescente";"Nublado";"Dupla";"Reta";"Sim";2;0;0;0;2;0;0;2;-29,65164023;-51,14457071;"SPRF-RS";"DEL01-RS";"UOP02-DEL01-RS"
139709;2018-06-12;"terça-feira";"15:00:00";"AL";101;135;"SAO MIGUEL DOS CAMPOS";"Carga excessiva e/ou mal acondicionada";"Derramamento de carga";"Sem Vítimas";"Pleno dia";"Crescente";"Céu Claro";"Simples";"Curva";"Não";1;0;0;0;1;0;0;1;-9,77284038;-36,092062;"SPRF-AL";"DEL02-AL";"UOP01-DEL02-AL"
139714;2018-06-12;"terça-feira";"15:00:00";"BA";101;703;"EUNAPOLIS";"Velocidade Incompatível";"Saída de leito carroçável";"Com Vítimas Feridas";"Pleno dia";"Decrescente";"Céu Claro";"Simples";"Curva";"Não";2;0;1;0;0;1;1;2;-16,2616;-39,5882;"SPRF-BA";"DEL09-BA";"UOP01-DEL09-BA"
139716;2018-06-12;"terça-feira";"16:15:00";"PR";476;140;"CURITIBA";"Velocidade Incompatível";"Tombamento";"Com Vítimas Feridas";"Anoitecer";"Crescente";"Chuva";"Múltipla";"Reta";"Sim";2;0;2;0;0;0;2;1;-25,43831412;-49,23248291;"SPRF-PR";"DEL01-PR";"UOP07-DEL01-PR"
139720;2018-06-12;"terça-feira";"16:20:00";"RO";421;8;"ARIQUEMES";"Defeito na Via";"Colisão traseira";"Com Vítimas Feridas";"Pleno dia";"Decrescente";"Céu Claro";"Simples";"Reta;Declive";"Não";3;0;1;0;1;1;1;3;-9,956851;-63,11311;"SPRF-RO";"DEL03-RO";"DEL21/3-UOP04/RO"
139722;2018-06-12;"terça-feira";"16:35:00";"SP";116;439,8;"REGISTRO";"Falta de Atenção à Condução";"Colisão com objeto estático";"Sem Vítimas";"Pleno dia";"Decrescente";"Céu Claro";"Dupla";"Interseção de Vias";"Sim";2;0;0;0;1;1;0;2;-24,45622274;-47,81391621;"SPRF-SP";"DEL05-SP";"UOP01-DEL05-SP"
139725;2018-06-12;"terça-feira";"14:20:00";"RO";364;570;"ITAPUA DO OESTE";"Ultrapassagem Indevida";"Colisão frontal";"Com Vítimas Feridas";"Pleno dia";"Crescente";"Céu Claro";"Simples";"Reta";"Não";4;0;2;0;2;0;2;3;-9,480047;-63,101891;"SPRF-RO";"DEL03-RO";"UOP04-DEL01-RO"
139734;2018-06-12;"terça-feira";"18:20:00";"RS";285;67,6;"BOM JESUS";"Desobediência às normas de trânsito pelo condutor";"Colisão lateral";"Com Vítimas Feridas";"Plena Noite";"Crescente";"Nublado";"Simples";"Curva;Declive";"Não";3;0;0;1;1;1;1;3;-28,636822;-50,478443;"SPRF-RS";"DEL05-RS";"UOP03-DEL05-RS"
139750;2018-06-12;"terça-feira";"19:10:00";"PR";369;511,1;"CASCAVEL";"Desobediência às normas de trânsito pelo condutor";"Colisão frontal";"Com Vítimas Feridas";"Plena Noite";"Crescente";"Nublado";"Simples";"Curva";"Não";3;0;2;0;1;0;2;2;-24,8639;-53,3378;"SPRF-PR";"DEL04-PR";"UOP01-DEL04-PR"
139754;2018-06-12;"terça-feira";"18:35:00";"RS";116;316,7;"GUAIBA";"Falta de Atenção à Condução";"Colisão lateral";"Com Vítimas Feridas";"Plena Noite";"Decrescente";"Nublado";"Simples";"Reta";"Não";3;0;1;0;1;2;1;4;-30,25477;-51,405796;"SPRF-RS";"DEL02-RS";"UOP01-DEL02-RS"
139764;2018-06-12;"terça-feira";"16:55:00";"SC";480;130,9;"CHAPECO";"Falta de Atenção à Condução";"Colisão frontal";"Com Vítimas Feridas";"Pleno dia";"Crescente";"Nublado";"Simples";"Reta";"Sim";4;0;0;2;2;0;2;3;-27,06157169;-52,63549805;"SPRF-SC";"DEL07-SC";"UOP01-DEL07-SC"
139771;2018-06-12;"terça-feira";"19:20:00";"SC";470;42;"GASPAR";"Ingestão de Álcool";"Colisão traseira";"Sem Vítimas";"Plena Noite";"Decrescente";"Chuva";"Simples";"Reta";"Não";2;0;0;0;2;0;0;2;-26,884265;-48,995015;"SPRF-SC";"DEL04-SC";"UOP01-DEL04-SC"
139773;2018-06-12;"terça-feira";"21:00:00";"BA";101;253;"SANTO ANTONIO DE JESUS";"Ultrapassagem Indevida";"Capotamento";"Com Vítimas Feridas";"Plena Noite";"Decrescente";"Garoa/Chuvisco";"Simples";"Aclive";"Não";2;0;2;0;0;0;2;1;-12,89960669;-39,23580261;"SPRF-BA";"DEL01-BA";"UOP02-DEL01-BA"
139783;2018-06-12;"terça-feira";"20:40:00";"SC";101;112;"ITAJAI";"Falta de Atenção à Condução";"Colisão transversal";"Com Vítimas Feridas";"Plena Noite";"Decrescente";"Chuva";"Dupla";"Interseção de Vias";"Sim";2;0;1;0;1;0;1;2;-26,84825307;-48,72354984;"SPRF-SC";"DEL04-SC";"UOP04-DEL04-SC"
139789;2018-06-12;"terça-feira";"20:50:00";"ES";259;34,3;"COLATINA";"Falta de Atenção à Condução";"Colisão transversal";"Sem Vítimas";"Plena Noite";"Crescente";"Nublado";"Simples";"Reta";"Não";2;0;0;0;2;0;0;2;-19,55723236;-40,49742401;"SPRF-ES";"DEL02-ES";"UOP01-DEL02-ES"
139791;2018-06-12;"terça-feira";"23:00:00";"SP";116;140,4;"SAO JOSE DOS CAMPOS";"Desobediência às normas de trânsito pelo condutor";"Colisão traseira";"Com Vítimas Feridas";"Plena Noite";"Decrescente";"Nublado";"Dupla";"Reta";"Não";4;0;0;1;2;2;1;5;-23,165804;-45,812515;"SPRF-SP";"DEL06-SP";"UOP02-DEL02-SP"
139796;2018-06-13;"quarta-feira";"00:05:00";"SP";116;1;"QUELUZ";"Falta de Atenção à Condução";"Tombamento";"Sem Vítimas";"Plena Noite";"Crescente";"Céu Claro";"Dupla";"Reta";"Não";2;0;0;0;1;1;0;2;-22,518595;-44,707973;"SPRF-SP";"DEL08-SP";"UOP02-DEL08-SP"
139801;2018-06-13;"quarta-feira";"01:00:00";"PR";277;35;"MORRETES";"Falta de Atenção à Condução";"Colisão traseira";"Sem Vítimas";"Plena Noite";"Crescente";"Nublado";"Dupla";"Aclive";"Não";3;0;0;0;2;2;0;4;-25,53880164;-48,77225876;"SPRF-PR";"DEL01-PR";"UOP05-DEL01-PR"
139804;2018-06-12;"terça-feira";"20:40:00";"PI";135;512;"GILBUES";"Falta de Atenção à Condução";"Colisão frontal";"Com Vítimas Fatais";"Plena Noite";"Decrescente";"Céu Claro";"Simples";"Reta";"Não";2;2;0;0;0;0;0;2;-9,809585;-45,328671;"SPRF-PI";"DEL03-PI";"UOP02-DEL03-PI"
139806;2018-06-13;"quarta-feira";"03:45:00";"RJ";116;99;"GUAPIMIRIM";"Falta de Atenção à Condução";"Saída de leito carroçável";"Com Vítimas Feridas";"Plena Noite";"Crescente";"Céu Claro";"Simples";"Curva";"Não";2;0;0;2;0;0;2;1;-22,488504;-42,999359;"SPRF-RJ";"DEL04-RJ";"UOP02-DEL04-RJ"
139809;2018-06-13;"quarta-feira";"05:00:00";"MG";153;95;"PRATA";"Condutor Dormindo";"Colisão traseira";"Com Vítimas Feridas";"Amanhecer";"Crescente";"Céu Claro";"Simples";"Reta;Aclive";"Não";3;0;1;0;1;1;1;3;-19,20710432;-48,94031525;"SPRF-MG";"DEL15-MG";"UOP03-DEL15-MG"
139812;2018-06-13;"quarta-feira";"06:00:00";"SP";116;385;"MIRACATU";"Condutor Dormindo";"Tombamento";"Com Vítimas Feridas";"Amanhecer";"Decrescente";"Nublado";"Simples";"Retorno Regulamentado";"Não";1;0;1;0;0;0;1;1;-24,256214;-47,371358;"SPRF-SP";"DEL04-SP";"UOP02-DEL04-SP"
139816;2018-06-13;"quarta-feira";"06:50:00";"SC";101;88,9;"BARRA VELHA";"Falta de Atenção à Condução";"Colisão traseira";"Com Vítimas Fatais";"Pleno dia";"Crescente";"Nublado";"Dupla";"Reta";"Sim";3;1;0;0;1;1;0;3;-26,6597;-48,6883;"SPRF-SC";"DEL03-SC";"UOP02-DEL03-SC"
139824;2018-06-13;"quarta-feira";"06:50:00";"ES";101;293,3;"CARIACICA";"Falta de Atenção à Condução";"Colisão lateral";"Com Vítimas Feridas";"Pleno dia";"Decrescente";"Céu Claro";"Dupla";"Reta";"Sim";3;0;1;0;2;0;1;2;-20,31700496;-40,39573127;"SPRF-ES";"DEL01-ES";"UOP01-DEL01-ES"
139826;2018-06-13;"quarta-feira";"07:25:00";"RS";116;231;"IVOTI";"Desobediência às normas de trânsito pelo condutor";"Colisão transversal";"Com Vítimas Feridas";"Pleno dia";"Crescente";"Céu Claro";"Simples";"Reta";"Sim";3;0;0;1;1;1;1;3;-29,627432;-51,138584;"SPRF-RS";"DEL01-RS";"UOP02-DEL01-RS"
139830;2018-06-13;"quarta-feira";"06:20:00";"MG";381;308;"ANTONIO DIAS";"Ultrapassagem Indevida";"Colisão frontal";"Com Vítimas Feridas";"Pleno dia";"Crescente";"Nevoeiro/Neblina";"Simples";"Reta";"Não";3;0;0;1;1;1;1;3;-19,64141541;-42,91244745;"SPRF-MG";"DEL03-MG";"UOP02-DEL03-MG"
139832;2018-06-13;"quarta-feira";"07:10:00";"MS";158;201,5;"SELVIRIA";"Falta de Atenção à Condução";"Saída de leito carroçável";"Com Vítimas Feridas";"Amanhecer";"Decrescente";"Céu Claro";"Simples";"Reta";"Não";2;0;1;0;0;1;1;2;-20,377989;-51,446815;"SPRF-MS";"DEL07-MS";"UOP01-DEL07-MS"
139836;2018-06-12;"terça-feira";"21:10:00";"PR";476;325;"PAULO FRONTIN";"Objeto estático sobre o leito carroçável";"Colisão com objeto estático";"Com Vítimas Feridas";"Plena Noite";"Decrescente";"Garoa/Chuvisco";"Dupla";"Reta";"Não";2;0;2;0;0;0;2;1;-26,091063;-50,771263;"SPRF-PR";"DEL02-PR";"UOP04-DEL02-PR"
139846;2018-06-13;"quarta-feira";"07:30:00";"PR";153;456,2;"UNIAO DA VITORIA";"Desobediência às normas de trânsito pelo condutor";"Colisão traseira";"Com Vítimas Feridas";"Pleno dia";"Crescente";"Céu Claro";"Simples";"Reta";"Não";2;0;1;0;1;0;1;2;-26,2093836;-51,11728728;"SPRF-PR";"DEL02-PR";"UOP03-DEL02-PR"
139852;2018-06-13;"quarta-feira";"09:00:00";"CE";116;164;"RUSSAS";"Defeito Mecânico no Veículo";"Incêndio";"Sem Vítimas";"Pleno dia";"Crescente";"Céu Claro";"Simples";"Reta";"Sim";1;0;0;0;1;0;0;1;-4,94740846;-37,99184013;"SPRF-CE";"DEL03-CE";"UOP01-DEL03-CE"
139854;2018-06-13;"quarta-feira";"09:30:00";"ES";101;266;"SERRA";"Desobediência às normas de trânsito pelo condutor";"Colisão frontal";"Com Vítimas Feridas";"Pleno dia";"Decrescente";"Sol";"Múltipla";"Reta";"Sim";2;0;1;0;1;0;1;2;-20,0966103;-40,3393072;"SPRF-ES";"DEL02-ES";"UOP01-DEL02-ES"
139856;2018-06-13;"quarta-feira";"09:30:00";"MG";381;2;"BETIM";"Defeito Mecânico no Veículo";"Colisão traseira";"Com Vítimas Feridas";"Pleno dia";"Crescente";"Céu Claro";"Dupla";"Reta";"Sim";3;0;1;0;2;0;1;3;-19,96825;-44,198708;"SPRF-MG";"DEL01-MG";"UOP03-DEL01-MG"
139858;2018-06-13;"quarta-feira";"09:15:00";"BA";242;635;"MUQUEM DE SAO FRANCISCO";"Sinalização da via insuficiente ou inadequada";"Colisão traseira";"Com Vítimas Feridas";"Pleno dia";"Decrescente";"Céu Claro";"Simples";"Reta";"Não";5;0;2;0;2;2;2;4;-12,20748906;-43,61413479;"SPRF-BA";"DEL10-BA";"UOP03-DEL06-BA"
139862;2018-06-13;"quarta-feira";"09:40:00";"MG";381;2;"BETIM";"Velocidade Incompatível";"Engavetamento";"Com Vítimas Feridas";"Pleno dia";"Crescente";"Céu Claro";"Dupla";"Reta";"Sim";13;0;3;2;8;0;5;12;-19,9726135;-44,1603299;"SPRF-MG";"DEL01-MG";"UOP03-DEL01-MG"
139866;2018-06-09;"sábado";"17:00:00";"PR";476;172;"CONTENDA";"Falta de Atenção à Condução";"Colisão transversal";"Com Vítimas Feridas";"Pleno dia";"Crescente";"Nublado";"Dupla";"Reta";"Não";2;0;1;0;1;0;1;2;-25,676279;-49,518272;"SPRF-PR";"DEL01-PR";"UOP06-DEL01-PR"
139871;2018-06-13;"quarta-feira";"09:35:00";"PR";376;665;"GUARATUBA";"Não guardar distância de segurança";"Colisão traseira";"Sem Vítimas";"Pleno dia";"Crescente";"Sol";"Dupla";"Declive;Curva";"Não";2;0;0;0;2;0;0;2;-25,8558058;-48,95246029;"SPRF-PR";"DEL01-PR";"DEL7/1-UOP08/PR"
139872;2018-06-13;"quarta-feira";"09:00:00";"MT";364;475;"JANGADA";"Carga excessiva e/ou mal acondicionada";"Tombamento";"Com Vítimas Feridas";"Pleno dia";"Decrescente";"Céu Claro";"Simples";"Declive";"Não";2;0;1;0;1;0;1;1;-15,424814;-56,343758;"SPRF-MT";"DEL01-MT";"DEL2/4-UOP02/MT"
139873;2018-02-28;"quarta-feira";"15:40:00";"RJ";393;289;"VOLTA REDONDA";"Falta de Atenção à Condução";"Engavetamento";"Sem Vítimas";"Pleno dia";"Decrescente";"Céu Claro";"Dupla";"Reta";"Sim";5;0;0;0;4;2;0;6;-22,510941;-44,084461;"SPRF-RJ";"DEL05-RJ";"UOP04-DEL05-RJ"