"id";"data_inversa";"dia_semana";"horario";"uf";"br";"km";"municipio";"causa_acidente";"tipo_acidente";"classificacao_acidente";"fase_dia";"sentido_via";"condicao_metereologica";"tipo_pista";"tracado_via";"uso_solo";"pessoas";"mortos";"feridos_leves";"feridos_graves";"ilesos";"ignorados";"feridos";"veiculos";"latitude";"longitude";"regional";"delegacia";"uop"
139875;2018-06-13;"quarta-feira";"11:50:00";"SC";101;45,3;"JOINVILLE";"Desobediência às normas de trânsito pelo condutor";"Colisão traseira";"Com Vítimas Feridas";"Pleno dia";"Decrescente";"Céu Claro";"Múltipla";"Reta";"Sim";3;0;0;2;0;3;2;5;-26,3578;-48,8588;"SPRF-SC";"DEL03-SC";"UOP01-DEL03-SC"
139877;2018-06-13;"quarta-feira";"08:30:00";"BA";242;559;"OLIVEIRA DOS BREJINHOS";"Defeito na Via";"Saída de leito carroçável";"Com Vítimas Feridas";"Pleno dia";"Decrescente";"Céu Claro";"Simples";"Reta";"Não";2;0;1;0;0;1;1;2;-12,04539585;-43,07936132;"SPRF-BA";"DEL10-BA";"UOP03-DEL06-BA"
139879;2018-06-13;"quarta-feira";"13:15:00";"PR";376;382,2;"IMBAU";"Falta de Atenção à Condução";"Colisão transversal";"Com Vítimas Feridas";"Pleno dia";"Decrescente";"Nublado";"Simples";"Reta";"Não";3;0;0;1;1;2;1;4;-24,4187344;-50,7745412;"SPRF-PR";"DEL03-PR";"UOP02-DEL03-PR"
139880;2018-06-13;"quarta-feira";"11:50:00";"MT";70;12,4;"BARRA DO GARCAS";"Defeito Mecânico no Veículo";"Capotamento";"Sem Vítimas";"Pleno dia";"Crescente";"Sol";"Simples";"Curva";"Não";2;0;0;0;1;3;0;4;-15,87934766;-52,36543179;"SPRF-MT";"DEL07-MT";"UOP01-DEL07-MT"
139885;2018-05-18;"sexta-feira";"13:00:00";"RS";101;34;"TRES CACHOEIRAS";"Condutor Dormindo";"Saída de leito carroçável";"Sem Vítimas";"Pleno dia";"Decrescente";"Chuva";"Dupla";"Reta";"Não";2;0;0;0;1;1;0;2;-29,50955422;-49,98733556;"SPRF-RS";"DEL03-RS";"DEL9/3-UOP03/RS"
139889;2018-06-13;"quarta-feira";"13:15:00";"RO";364;341,7;"JI-PARANA";"Falta de Atenção à Condução";"Colisão lateral";"Com Vítimas Fatais";"Pleno dia";"Crescente";"Garoa/Chuvisco";"Dupla";"Interseção de Vias";"Sim";4;1;1;0;1;1;1;4;-10,88690609;-61,93291426;"SPRF-RO";"DEL02-RO";"UOP01-DEL02-RO"
139898;2018-06-13;"quarta-feira";"12:05:00";"MG";262;352;"BETIM";"Velocidade Incompatível";"Colisão traseira";"Com Vítimas Feridas";"Pleno dia";"Decrescente";"Sol";"Dupla";"Reta";"Não";6;0;1;3;2;0;4;5;-19,9797;-44,2151;"SPRF-MG";"DEL01-MG";"UOP03-DEL01-MG"
139900;2018-06-13;"quarta-feira";"15:00:00";"GO";70;24,9;"COCALZINHO DE GOIAS";"Ingestão de Álcool";"Colisão frontal";"Com Vítimas Fatais";"Pleno dia";"Crescente";"Céu Claro";"Simples";"Reta";"Sim";2;1;0;0;1;0;0;2;-15,74901258;-48,41176987;"SPRF-DF";"DEL01-DF";"UOP02-DEL03-DF"
139906;2018-06-13;"quarta-feira";"09:40:00";"SC";282;515,1;"XAXIM";"Desobediência às normas de trânsito pelo condutor";"Colisão frontal";"Com Vítimas Feridas";"Pleno dia";"Crescente";"Sol";"Simples";"Reta";"Não";3;0;1;0;1;1;1;3;-26,922623;-52,496132;"SPRF-SC";"DEL07-SC";"UOP01-DEL07-SC"
139907;2018-06-13;"quarta-feira";"14:30:00";"SP";116;503;"CAJATI";"Falta de Atenção à Condução";"Saída de leito carroçável";"Sem Vítimas";"Pleno dia";"Crescente";"Garoa/Chuvisco";"Dupla";"Curva";"Não";2;0;0;0;1;1;0;2;-24,72438009;-48,0871582;"SPRF-SP";"DEL05-SP";"UAP01-DEL05-SP"
139914;2018-06-13;"quarta-feira";"13:50:00";"ES";101;228,6;"FUNDAO";"Falta de Atenção à Condução";"Colisão transversal";"Com Vítimas Feridas";"Pleno dia";"Decrescente";"Céu Claro";"Simples";"Curva";"Não";4;0;0;1;1;2;1;4;-19,92819786;-40,40753174;"SPRF-ES";"DEL02-ES";"UOP01-DEL02-ES"
139915;2018-06-13;"quarta-feira";"13:40:00";"ES";262;62,7;"MARECHAL FLORIANO";"Velocidade Incompatível";"Atropelamento de Pedestre";"Com Vítimas Fatais";"Pleno dia";"Crescente";"Sol";"Simples";"Reta";"Não";5;1;0;1;2;1;1;4;-20,42315196;-40,80370545;"SPRF-ES";"DEL01-ES";"UOP02-DEL01-ES"
139917;2018-06-13;"quarta-feira";"16:20:00";"MA";10;259,1;"IMPERATRIZ";"Falta de Atenção à Condução";"Colisão transversal";"Com Vítimas Feridas";"Pleno dia";"Crescente";"Sol";"Simples";"Aclive";"Sim";4;0;0;2;1;1;2;3;-5,456023;-47,4784738;"SPRF-MA";"DEL04-MA";"UOP01-DEL04-MA"
139920;2018-05-26;"sábado";"12:00:00";"AC";364;123;"RIO BRANCO";"Falta de Atenção à Condução";"Colisão lateral";"Com Vítimas Feridas";"Pleno dia";"Crescente";"Céu Claro";"Dupla";"Reta";"Sim";3;0;1;1;1;0;2;2;-10,01193938;-67,77473146;"SPRF-AC";"DEL01-AC";"UOP01-DEL01-AC"
139927;2018-06-13;"quarta-feira";"09:00:00";"PI";343;629;"FLORIANO";"Defeito na Via";"Saída de leito carroçável";"Sem Vítimas";"Pleno dia";"Decrescente";"Sol";"Simples";"Reta";"Não";1;0;0;0;0;1;0;1;-6,983763;-43,279659;"SPRF-PI";"DEL03-PI";"UOP01-DEL03-PI"
139931;2018-06-13;"quarta-feira";"17:20:00";"BA";242;707,7;"CRISTOPOLIS";"Falta de Atenção à Condução";"Colisão lateral";"Sem Vítimas";"Anoitecer";"Crescente";"Céu Claro";"Simples";"Reta";"Não";3;0;0;0;1;3;0;4;-12,222803;-44,276127;"SPRF-BA";"DEL10-BA";"UOP01-DEL10-BA"
139936;2018-06-13;"quarta-feira";"16:35:00";"PR";376;522;"PONTA GROSSA";"Falta de Atenção à Condução";"Engavetamento";"Com Vítimas Feridas";"Pleno dia";"Decrescente";"Céu Claro";"Dupla";"Reta";"Não";9;0;2;2;4;3;4;8;-25,2695361;-49,93732452;"SPRF-PR";"DEL03-PR";"UOP04-DEL03-PR"
139951;2018-06-13;"quarta-feira";"18:20:00";"MS";262;353,7;"CAMPO GRANDE";"Ingestão de Álcool";"Colisão frontal";"Sem Vítimas";"Plena Noite";"Crescente";"Céu Claro";"Simples";"Reta";"Sim";2;0;0;0;2;0;0;2;-20,558994;-54,662025;"SPRF-MS";"DEL01-MS";"UOP03-DEL01-MS"
139952;2018-06-13;"quarta-feira";"18:50:00";"MG";40;700,1;"BARBACENA";"Falta de Atenção à Condução";"Colisão transversal";"Com Vítimas Feridas";"Plena Noite";"Decrescente";"Céu Claro";"Dupla";"Reta;Declive;Interseção de Vias";"Sim";5;0;1;0;3;1;1;3;-21,20807887;-43,74969363;"SPRF-MG";"DEL05-MG";"UOP02-DEL05-MG"
139954;2018-06-13;"quarta-feira";"18:30:00";"RJ";116;296;"PORTO REAL";"Defeito Mecânico no Veículo";"Incêndio";"Sem Vítimas";"Plena Noite";"Crescente";"Céu Claro";"Simples";"Interseção de Vias";"Não";2;0;0;0;1;1;0;2;-22,4521446;-44,35657024;"SPRF-RJ";"DEL07-RJ";"DEL5/7-UOP03/RJ"
139955;2018-06-13;"quarta-feira";"18:20:00";"MT";364;249,4;"JUSCIMEIRA";"Velocidade Incompatível";"Colisão traseira";"Com Vítimas Feridas";"Plena Noite";"Decrescente";"Céu Claro";"Simples";"Declive;Reta";"Sim";5;0;1;0;3;2;1;6;-16,125311;-54,845795;"SPRF-MT";"DEL02-MT";"UOP01-DEL02-MT"
139957;2018-06-13;"quarta-feira";"18:30:00";"BA";116;632;"JAGUAQUARA";"Falta de Atenção do Pedestre";"Atropelamento de Pedestre";"Com Vítimas Fatais";"Plena Noite";"Crescente";"Ignorado";"Simples";"Reta";"Não";3;1;0;0;0;2;0;3;-13,51783767;-40,05821228;"SPRF-BA";"DEL03-BA";"UOP01-DEL03-BA"
139965;2018-06-13;"quarta-feira";"17:00:00";"RO";364;874;"PORTO VELHO";"Desobediência às normas de trânsito pelo condutor";"Colisão traseira";"Com Vítimas Feridas";"Anoitecer";"Decrescente";"Céu Claro";"Simples";"Reta";"Não";4;0;0;1;1;4;1;6;-9,611715;-64,920291;"SPRF-RO";"DEL01-RO";"UOP02-DEL01-RO"
139970;2018-06-13;"quarta-feira";"19:30:00";"MT";163;784;"SORRISO";"Falta de Atenção do Pedestre";"Atropelamento de Pedestre";"Com Vítimas Fatais";"Plena Noite";"Crescente";"Céu Claro";"Simples";"Reta;Declive";"Não";3;1;0;0;1;2;0;4;-12,305011;-55,57493;"SPRF-MT";"DEL06-MT";"UOP01-DEL06-MT"
139974;2018-06-13;"quarta-feira";"20:00:00";"MT";70;148,6;"GENERAL CARNEIRO";"Falta de Atenção à Condução";"Tombamento";"Com Vítimas Feridas";"Plena Noite";"Crescente";"Céu Claro";"Simples";"Curva";"Não";2;0;0;1;0;1;1;2;-15,58226;-53,352726;"SPRF-MT";"DEL07-MT";"UOP01-DEL07-MT"
139977;2018-06-13;"quarta-feira";"16:50:00";"SE";101;127,1;"ITAPORANGA DAJUDA";"Defeito na Via";"Saída de leito carroçável";"Sem Vítimas";"Anoitecer";"Decrescente";"Céu Claro";"Dupla";"Reta";"Não";2;0;0;0;1;1;0;2;-11,069083;-37,3626353;"SPRF-SE";"DEL02-SE";"UOP01-DEL02-SE"
139981;2018-06-13;"quarta-feira";"22:20:00";"PR";376;13,5;"MARINGA";"Falta de Atenção à Condução";"Colisão traseira";"Com Vítimas Feridas";"Plena Noite";"Crescente";"Nublado";"Dupla";"Reta";"Não";2;0;0;1;0;1;1;2;-23,3991375;-51,88127938;"SPRF-PR";"DEL07-PR";"UOP01-DEL09-PR"
139982;2018-06-13;"quarta-feira";"22:00:00";"ES";259;96;"BAIXO GUANDU";"Defeito Mecânico no Veículo";"Colisão lateral";"Com Vítimas Feridas";"Plena Noite";"Decrescente";"Céu Claro";"Dupla";"Reta";"Não";4;0;1;0;3;0;1;3;-19,51218393;-40,98518372;"SPRF-ES";"DEL02-ES";"UOP01-DEL02-ES"
139989;2018-06-13;"quarta-feira";"18:30:00";"MT";70;0,5;"BARRA DO GARCAS";"Carga excessiva e/ou mal acondicionada";"Colisão com objeto estático";"Sem Vítimas";"Plena Noite";"Crescente";"Céu Claro";"Simples";"Aclive;Reta";"Sim";2;0;0;0;1;1;0;2;-15,89352089;-52,25890517;"SPRF-MT";"DEL07-MT";"UOP01-DEL07-MT"
139996;2018-06-13;"quarta-feira";"23:00:00";"RS";293;93;"PINHEIRO MACHADO";"Falta de Atenção à Condução";"Colisão lateral";"Sem Vítimas";"Plena Noite";"Crescente";"Céu Claro";"Simples";"Reta";"Não";3;0;0;0;2;2;0;4;-31,6198424;-53,2511663;"SPRF-RS";"DEL11-RS";"UOP03-DEL11-RS"
139997;2018-06-13;"quarta-feira";"19:20:00";"RS";158;252;"JULIO DE CASTILHOS";"Falta de Atenção à Condução";"Colisão frontal";"Sem Vítimas";"Plena Noite";"Decrescente";"Céu Claro";"Simples";"Declive";"Não";5;0;0;0;4;2;0;5;-29,136841;-53,651775;"SPRF-RS";"DEL10-RS";"UOP02-DEL10-RS"
140004;2018-06-13;"quarta-feira";"23:08:00";"PR";116;17;"ANTONINA";"Condutor Dormindo";"Saída de leito carroçável";"Com Vítimas Feridas";"Plena Noite";"Decrescente";"Chuva";"Dupla";"Curva";"Não";6;0;2;1;2;1;3;2;-25,10049456;-48,67604256;"SPRF-PR";"DEL01-PR";"UOP02-DEL01-PR"
140008;2018-06-14;"quinta-feira";"03:00:00";"SP";116;335;"JUQUITIBA";"Restrição de Visibilidade";"Colisão traseira";"Com Vítimas Feridas";"Plena Noite";"Crescente";"Chuva";"Dupla";"Reta";"Não";4;0;1;0;3;0;1;2;-23,968871;-47,133499;"SPRF-SP";"DEL04-SP";"UOP03-DEL04-SP"
140009;2018-06-14;"quinta-feira";"00:35:00";"GO";153;305,7;"RIALMA";"Velocidade Incompatível";"Colisão frontal";"Com Vítimas Fatais";"Plena Noite";"Crescente";"Céu Claro";"Simples";"Declive";"Não";3;1;1;0;0;1;1;3;-15,319148;-49,572132;"SPRF-GO";"DEL02-GO";"UOP02-DEL02-GO"
140010;2018-06-05;"terça-feira";"20:25:00";"BA";101;501;"ITABUNA";"Falta de Atenção à Condução";"Colisão transversal";"Com Vítimas Feridas";"Plena Noite";"Crescente";"Céu Claro";"Simples";"Reta";"Não";3;0;1;0;2;0;1;2;-14,76316984;-39,30143774;"SPRF-BA";"DEL05-BA";"UOP01-DEL05-BA"
140011;2018-06-14;"quinta-feira";"04:00:00";"GO";60;0;"ALEXANIA";"Falta de Atenção à Condução";"Colisão traseira";"Sem Vítimas";"Plena Noite";"Crescente";"Céu Claro";"Dupla";"Declive";"Não";3;0;0;0;2;2;0;4;-16,094168;-48,517212;"SPRF-DF";"DEL01-DF";"UOP01-DEL03-DF"
140012;2018-06-14;"quinta-feira";"04:05:00";"RJ";116;252;"PIRAI";"Pista Escorregadia";"Colisão traseira";"Com Vítimas Feridas";"Plena Noite";"Decrescente";"Garoa/Chuvisco";"Dupla";"Curva";"Não";4;0;1;0;2;1;1;4;-22,66917478;-43,85324836;"SPRF-RJ";"DEL07-RJ";"UOP02-DEL07-RJ"
140013;2018-06-14;"quinta-feira";"03:11:00";"SC";101;95,9;"BARRA VELHA";"Mal Súbito";"Colisão traseira";"Com Vítimas Feridas";"Plena Noite";"Crescente";"Céu Claro";"Dupla";"Reta";"Não";4;0;1;0;2;2;1;5;-26,7228;-48,7022;"SPRF-SC";"DEL03-SC";"UOP02-DEL03-SC"
140017;2018-06-14;"quinta-feira";"04:00:00";"CE";116;238,8;"ALTO SANTO";"Falta de Atenção à Condução";"Colisão transversal";"Com Vítimas Feridas";"Plena Noite";"Decrescente";"Céu Claro";"Simples";"Reta";"Não";5;0;2;0;2;1;2;3;-5,395071;-38,232548;"SPRF-CE";"DEL03-CE";"UOP01-DEL03-CE"
140021;2018-06-14;"quinta-feira";"05:15:00";"BA";101;882;"TEIXEIRA DE FREITAS";"Defeito na Via";"Capotamento";"Com Vítimas Feridas";"Amanhecer";"Decrescente";"Nublado";"Simples";"Reta";"Não";2;0;1;0;0;1;1;2;-17,5784;-39,7371;"SPRF-BA";"DEL09-BA";"UOP02-DEL09-BA"
140022;2018-06-14;"quinta-feira";"05:50:00";"PR";373;277;"PRUDENTOPOLIS";"Falta de Atenção à Condução";"Saída de leito carroçável";"Com Vítimas Feridas";"Plena Noite";"Decrescente";"Céu Claro";"Simples";"Curva";"Não";1;0;0;1;0;0;1;1;-25,25525363;-51,06685638;"SPRF-PR";"DEL03-PR";"UOP01-DEL03-PR"
140026;2018-06-14;"quinta-feira";"06:50:00";"RJ";116;252;"PIRAI";"Falta de Atenção à Condução";"Colisão traseira";"Com Vítimas Feridas";"Amanhecer";"Crescente";"Nublado";"Dupla";"Reta";"Não";3;0;2;0;1;0;2;2;-22,58168054;-44,02050018;"SPRF-RJ";"DEL07-RJ";"UOP02-DEL07-RJ"
140027;2018-06-14;"quinta-feira";"06:14:00";"SP";116;95,4;"PINDAMONHANGABA";"Falta de Atenção à Condução";"Colisão traseira";"Com Vítimas Feridas";"Amanhecer";"Crescente";"Nublado";"Dupla";"Reta";"Sim";2;0;1;0;0;1;1;2;-22,965269;-45,430374;"SPRF-SP";"DEL06-SP";"UOP01-DEL06-SP"
140029;2018-06-14;"quinta-feira";"05:30:00";"SP";116;288,5;"ITAPECERICA DA SERRA";"Desobediência às normas de trânsito pelo condutor";"Colisão com objeto estático";"Com Vítimas Feridas";"Amanhecer";"Decrescente";"Chuva";"Dupla";"Reta";"Não";2;0;1;0;0;1;1;2;-23,71084748;-46,87702596;"SPRF-SP";"DEL04-SP";"UOP01-DEL04-SP"
140033;2018-06-14;"quinta-feira";"07:55:00";"PR";116;96;"SAO JOSE DOS PINHAIS";"Falta de Atenção à Condução";"Colisão traseira";"Com Vítimas Feridas";"Pleno dia";"Decrescente";"Nublado";"Dupla";"Reta";"Não";4;0;1;0;2;1;1;3;-25,54826533;-49,14974066;"SPRF-PR";"DEL01-PR";"UOP01-DEL01-PR"
140036;2018-06-14;"quinta-feira";"06:05:00";"MG";40;617,6;"CONGONHAS";"Desobediência às normas de trânsito pelo condutor";"Colisão transversal";"Com Vítimas Feridas";"Amanhecer";"Decrescente";"Ignorado";"Simples";"Reta";"Não";3;0;1;0;1;1;1;3;-20,5647;-43,8114;"SPRF-MG";"DEL05-MG";"UOP02-DEL05-MG"
140037;2018-06-14;"quinta-feira";"07:00:00";"MT";364;464;"VARZEA GRANDE";"Falta de Atenção à Condução";"Colisão frontal";"Com Vítimas Feridas";"Pleno dia";"Crescente";"Garoa/Chuvisco";"Simples";"Declive;Curva";"Não";5;0;1;1;1;5;2;8;-15,494163;-56,277405;"SPRF-MT";"DEL01-MT";"DEL2/4-UOP02/MT"
140042;2018-06-14;"quinta-feira";"07:40:00";"PI";343;348,4;"TERESINA";"Não guardar distância de segurança";"Colisão traseira";"Com Vítimas Feridas";"Pleno dia";"Decrescente";"Sol";"Simples";"Reta";"Sim";3;0;0;1;2;0;1;3;-5,11973299;-42,7886796;"SPRF-PI";"DEL01-PI";"UOP01-DEL01-PI"
140049;2018-05-29;"terça-feira";"19:05:00";"PR";277;5;"PARANAGUA";"Restrição de Visibilidade";"Colisão transversal";"Com Vítimas Feridas";"Plena Noite";"Crescente";"Céu Claro";"Simples";"Reta";"Não";3;0;0;1;0;2;1;3;-25,5678398;-48,61141205;"SPRF-PR";"DEL01-PR";"UOP05-DEL01-PR"
140053;2018-06-14;"quinta-feira";"09:10:00";"CE";116;19;"EUSEBIO";"Não guardar distância de segurança";"Colisão lateral";"Sem Vítimas";"Pleno dia";"Decrescente";"Céu Claro";"Dupla";"Reta";"Sim";3;0;0;0;2;1;0;3;-3,91853511;-38,50685477;"SPRF-CE";"DEL01-CE";"UOP02-DEL01-CE"
140054;2018-05-17;"quinta-feira";"16:20:00";"MA";316;545,9;"CAXIAS";"Falta de Atenção à Condução";"Colisão transversal";"Com Vítimas Fatais";"Pleno dia";"Decrescente";"Céu Claro";"Simples";"Reta";"Não";3;1;1;0;0;1;1;3;-4,87504091;-43,39591026;"SPRF-MA";"DEL03-MA";"UOP02-DEL03-MA"
140064;2018-06-06;"quarta-feira";"16:00:00";"PR";376;599,1;"CURITIBA";"Falta de Atenção à Condução";"Colisão traseira";"Com Vítimas Feridas";"Pleno dia";"Crescente";"Ignorado";"Dupla";"Reta";"Sim";4;0;1;0;2;1;1;3;-25,51397811;-49,33758259;"SPRF-PR";"DEL01-PR";"UOP06-DEL01-PR"
140065;2018-06-14;"quinta-feira";"08:00:00";"SP";116;359,2;"MIRACATU";"Velocidade Incompatível";"Tombamento";"Com Vítimas Feridas";"Pleno dia";"Decrescente";"Chuva";"Simples";"Curva";"Não";2;0;1;0;0;2;1;3;-24,10941861;-47,26902276;"SPRF-SP";"DEL04-SP";"UOP03-DEL04-SP"
140066;2018-06-14;"quinta-feira";"07:30:00";"RJ";116;294;"PORTO REAL";"Pista Escorregadia";"Colisão traseira";"Sem Vítimas";"Pleno dia";"Crescente";"Chuva";"Dupla";"Reta";"Não";3;0;0;0;2;2;0;4;-22,44974501;-44,32846069;"SPRF-RJ";"DEL07-RJ";"DEL5/7-UOP03/RJ"
140069;2018-03-15;"quinta-feira";"18:30:00";"SC";282;626;"IRACEMINHA";"Não guardar distância de segurança";"Engavetamento";"Sem Vítimas";"Plena Noite";"Crescente";"Céu Claro";"Simples";"Curva";"Não";7;0;0;0;7;0;0;7;-26,803452;-53,360672;"SPRF-SC";"DEL07-SC";"UOP02-DEL07-SC"
140078;2018-06-12;"terça-feira";"18:30:00";"MS";163;619,1;"SAO GABRIEL DO OESTE";"Mal Súbito";"Atropelamento de Pedestre";"Com Vítimas Fatais";"Plena Noite";"Decrescente";"Céu Claro";"Dupla";"Reta";"Não";5;1;0;0;1;3;0;3;-19,361441;-54,588937;"SPRF-MS";"DEL06-MS";"UOP02-DEL06-MS"
140080;2018-06-14;"quinta-feira";"09:00:00";"RJ";116;325;"ITATIAIA";"Pista Escorregadia";"Saída de leito carroçável";"Com Vítimas Feridas";"Pleno dia";"Decrescente";"Nublado";"Dupla";"Reta";"Não";1;0;1;0;0;0;1;1;-22,495203;-44,570347;"SPRF-RJ";"DEL07-RJ";"DEL5/7-UOP03/RJ"
140081;2018-06-14;"quinta-feira";"10:30:00";"RO";364;507;"ARIQUEMES";"Falta de Atenção à Condução";"Colisão traseira";"Com Vítimas Feridas";"Pleno dia";"Decrescente";"Céu Claro";"Simples";"Reta";"Não";3;0;1;0;1;3;1;5;-9,983488;-63,023632;"SPRF-RO";"DEL03-RO";"UOP01-DEL03-RO"
140086;2018-06-14;"quinta-feira";"11:05:00";"MG";262;62,8;"MATIPO";"Velocidade Incompatível";"Tombamento";"Com Vítimas Feridas";"Pleno dia";"Crescente";"Céu Claro";"Simples";"Curva";"Não";4;0;3;0;0;2;3;4;-20,292633;-42,226898;"SPRF-MG";"DEL06-MG";"UOP03-DEL06-MG"
140100;2018-06-12;"terça-feira";"22:00:00";"MG";116;226;"CATUJI";"Avarias e/ou desgaste excessivo no pneu";"Incêndio";"Sem Vítimas";"Plena Noite";"Crescente";"Nevoeiro/Neblina";"Simples";"Reta;Aclive";"Não";2;0;0;0;1;2;0;3;-17,33772726;-41,53175939;"SPRF-MG";"DEL11-MG";"UOP01-DEL11-MG"
140102;2018-06-13;"quarta-feira";"21:40:00";"ES";259;28,4;"COLATINA";"Mal Súbito";"Saída de leito carroçável";"Com Vítimas Feridas";"Plena Noite";"Crescente";"Céu Claro";"Simples";"Curva";"Não";2;0;1;0;0;1;1;2;-19,61898168;-40,48521996;"SPRF-ES";"DEL02-ES";"UOP01-DEL02-ES"
140103;2018-06-14;"quinta-feira";"14:00:00";"ES";262;6,8;"CARIACICA";"Defeito Mecânico no Veículo";"Incêndio";"Sem Vítimas";"Pleno dia";"Crescente";"Céu Claro";"Dupla";"Reta";"Sim";1;0;0;0;1;0;0;1;-20,342464;-40,4020939;"SPRF-ES";"DEL01-ES";"UOP01-DEL01-ES"
140108;2018-06-14;"quinta-feira";"10:30:00";"PI";135;321,1;"CRISTINO CASTRO";"Ultrapassagem Indevida";"Colisão lateral";"Com Vítimas Feridas";"Pleno dia";"Decrescente";"Céu Claro";"Simples";"Reta";"Não";2;0;1;0;1;0;1;2;-8,850927;-44,235374;"SPRF-PI";"DEL03-PI";"UOP02-DEL03-PI"
140111;2018-06-14;"quinta-feira";"10:45:00";"BA";242;559;"OLIVEIRA DOS BREJINHOS";"Não guardar distância de segurança";"Colisão traseira";"Com Vítimas Feridas";"Pleno dia";"Crescente";"Céu Claro";"Simples";"Reta";"Não";4;0;1;1;1;2;2;4;-12,038009;-43,069953;"SPRF-BA";"DEL10-BA";"UOP03-DEL06-BA"
140115;2018-06-14;"quinta-feira";"14:30:00";"MG";365;808,3;"GURINHATA";"Mal Súbito";"Colisão frontal";"Com Vítimas Fatais";"Pleno dia";"Decrescente";"Céu Claro";"Simples";"Reta";"Não";2;1;0;0;1;0;0;2;-18,897;-49,958;"SPRF-MG";"DEL15-MG";"UOP03-DEL15-MG"
140117;2018-06-14;"quinta-feira";"14:10:00";"SP";116;290;"ITAPECERICA DA SERRA";"Falta de Atenção à Condução";"Derramamento de carga";"Sem Vítimas";"Pleno dia";"Decrescente";"Garoa/Chuvisco";"Dupla";"Curva";"Não";2;0;0;0;1;1;0;2;-23,72229098;-46,88804984;"SPRF-SP";"DEL04-SP";"UOP01-DEL04-SP"
140119;2018-06-14;"quinta-feira";"14:40:00";"SC";470;90,5;"ASCURRA";"Falta de Atenção à Condução";"Colisão transversal";"Com Vítimas Feridas";"Pleno dia";"Crescente";"Céu Claro";"Simples";"Interseção de Vias";"Não";2;0;1;0;1;0;1;2;-26,95524801;-49,3731004;"SPRF-SC";"DEL04-SC";"UOP01-DEL04-SC"
140120;2018-06-14;"quinta-feira";"14:13:00";"RS";116;149;"CAXIAS DO SUL";"Falta de Atenção à Condução";"Colisão lateral";"Sem Vítimas";"Pleno dia";"Crescente";"Céu Claro";"Dupla";"Reta";"Sim";3;0;0;0;2;1;0;3;-29,16215838;-51,15715027;"SPRF-RS";"DEL05-RS";"UOP01-DEL05-RS"
140122;2018-06-14;"quinta-feira";"14:45:00";"PE";232;68,7;"GRAVATA";"Falta de Atenção à Condução";"Colisão traseira";"Com Vítimas Feridas";"Pleno dia";"Crescente";"Nublado";"Dupla";"Reta";"Não";4;0;1;0;3;0;1;2;-8,17258099;-35,48026085;"SPRF-PE";"DEL01-PE";"UOP02-DEL02PE"
140128;2018-06-14;"quinta-feira";"15:30:00";"TO";153;411;"MIRANORTE";"Desobediência às normas de trânsito pelo condutor";"Colisão frontal";"Com Vítimas Fatais";"Pleno dia";"Decrescente";"Céu Claro";"Dupla";"Curva";"Sim";2;1;0;0;1;0;0;2;-9,52999769;-48,59303355;"SPRF-TO";"DEL02-TO";"UOP02-DEL02-TO"
140129;2018-06-14;"quinta-feira";"16:10:00";"ES";262;91;"DOMINGOS MARTINS";"Falta de Atenção à Condução";"Colisão transversal";"Com Vítimas Feridas";"Plena Noite";"Crescente";"Céu Claro";"Simples";"Rotatória";"Sim";2;0;1;0;1;0;1;2;-20,37882564;-41,03264809;"SPRF-ES";"DEL01-ES";"UOP02-DEL01-ES"
140130;2018-06-14;"quinta-feira";"16:20:00";"TO";153;274,7;"BRASILANDIA DO TOCANTINS";"Ultrapassagem Indevida";"Tombamento";"Com Vítimas Fatais";"Pleno dia";"Decrescente";"Céu Claro";"Simples";"Declive";"Não";2;1;0;0;0;1;0;2;-8,30053202;-48,47068794;"SPRF-TO";"DEL02-TO";"UOP02-DEL02-TO"
140133;2018-06-14;"quinta-feira";"15:50:00";"RS";285;173,4;"MUITOS CAPOES";"Ultrapassagem Indevida";"Colisão frontal";"Com Vítimas Fatais";"Pleno dia";"Decrescente";"Céu Claro";"Simples";"Curva";"Não";5;1;2;0;1;1;2;3;-28,319501;-51,347117;"SPRF-RS";"DEL08-RS";"UOP05-DEL08-RS"
140137;2018-06-14;"quinta-feira";"13:20:00";"MG";381;521;"BRUMADINHO";"Avarias e/ou desgaste excessivo no pneu";"Tombamento";"Com Vítimas Feridas";"Pleno dia";"Decrescente";"Céu Claro";"Dupla";"Curva";"Não";2;0;1;0;0;1;1;2;-20,1265;-44,3024;"SPRF-MG";"DEL04-MG";"UOP03-DEL04-MG"
140142;2018-06-14;"quinta-feira";"15:05:00";"SC";101;143;"ITAPEMA";"Mal Súbito";"Colisão com objeto estático";"Com Vítimas Feridas";"Pleno dia";"Crescente";"Sol";"Dupla";"Reta";"Não";2;0;1;0;0;1;1;2;-27,0734;-48,5966;"SPRF-SC";"DEL04-SC";"UOP03-DEL04-SC"
140143;2018-06-14;"quinta-feira";"16:30:00";"SC";101;41,2;"JOINVILLE";"Não guardar distância de segurança";"Colisão traseira";"Sem Vítimas";"Pleno dia";"Crescente";"Nublado";"Dupla";"Rotatória";"Sim";2;0;0;0;2;0;0;2;-26,31863276;-48,87171138;"SPRF-SC";"DEL03-SC";"UOP01-DEL03-SC"