"id";"data_inversa";"dia_semana";"horario";"uf";"br";"km";"municipio";"causa_acidente";"tipo_acidente";"classificacao_acidente";"fase_dia";"sentido_via";"condicao_metereologica";"tipo_pista";"tracado_via";"uso_solo";"pessoas";"mortos";"feridos_leves";"feridos_graves";"ilesos";"ignorados";"feridos";"veiculos";"latitude";"longitude";"regional";"delegacia";"uop"
140785;2018-06-17;"domingo";"15:33:00";"SP";116;228;"SAO PAULO";"Ingestão de Álcool";"Colisão traseira";"Com Vítimas Feridas";"Pleno dia";"Decrescente";"Nublado";"Múltipla";"Aclive";"Sim";3;0;1;0;2;0;1;3;-23,5052835;-46,56872749;"SPRF-SP";"DEL01-SP";"UOP01-DEL01-SP"
140786;2018-06-17;"domingo";"16:15:00";"AP";210;4,3;"MACAPA";"Falta de Atenção à Condução";"Colisão traseira";"Com Vítimas Feridas";"Pleno dia";"Decrescente";"Chuva";"Dupla";"Retorno Regulamentado;Declive";"Sim";4;0;2;0;2;0;2;2;0,08840021;-51,09731019;"SPRF-AP";"DEL01-AP";"UOP01-DEL01-AP"
140795;2018-06-17;"domingo";"16:25:00";"MG";116;541,8;"SANTA RITA DE MINAS";"Falta de Atenção à Condução";"Colisão transversal";"Com Vítimas Fatais";"Pleno dia";"Decrescente";"Céu Claro";"Simples";"Curva";"Não";2;1;0;0;1;0;0;2;-19,88991;-42,135779;"SPRF-MG";"DEL06-MG";"UOP02-DEL06-MG"
140801;2018-06-17;"domingo";"08:30:00";"MG";267;286,7;"BAEPENDI";"Velocidade Incompatível";"Tombamento";"Com Vítimas Feridas";"Pleno dia";"Crescente";"Céu Claro";"Simples";"Curva";"Não";2;0;1;0;0;1;1;2;-21,92878352;-44,79475022;"SPRF-MG";"DEL05-MG";"DEL5/4-UOP01/MG"
140804;2018-06-17;"domingo";"17:20:00";"BA";116;631;"JAGUAQUARA";"Falta de Atenção à Condução";"Colisão transversal";"Com Vítimas Feridas";"Anoitecer";"Crescente";"Ignorado";"Simples";"Reta";"Não";4;0;0;1;2;1;1;3;-13,509173;-40,054742;"SPRF-BA";"DEL03-BA";"UOP01-DEL03-BA"
140820;2018-06-17;"domingo";"17:45:00";"BA";101;907,1;"IBIRAPUA";"Ultrapassagem Indevida";"Colisão frontal";"Com Vítimas Feridas";"Plena Noite";"Decrescente";"Nublado";"Simples";"Reta";"Não";4;0;0;1;2;1;1;4;-17,7815;-39,7774;"SPRF-BA";"DEL09-BA";"UOP02-DEL09-BA"
140827;2018-06-17;"domingo";"17:30:00";"PR";116;15;"CAMPINA GRANDE DO SUL";"Velocidade Incompatível";"Tombamento";"Com Vítimas Feridas";"Anoitecer";"Decrescente";"Chuva";"Dupla";"Reta";"Não";2;0;0;1;0;2;1;3;-25,08225626;-48,59894514;"SPRF-PR";"DEL01-PR";"UOP02-DEL01-PR"
140848;2018-06-17;"domingo";"19:40:00";"CE";222;300,1;"TIANGUA";"Velocidade Incompatível";"Colisão lateral";"Com Vítimas Feridas";"Plena Noite";"Decrescente";"Céu Claro";"Simples";"Curva;Declive";"Não";3;0;0;2;1;0;2;2;-3,65416506;-40,93411446;"SPRF-CE";"DEL04-CE";"UOP02-DEL04-CE"
140854;2018-06-17;"domingo";"21:45:00";"MG";364;0,1;"PLANURA";"Falta de Atenção à Condução";"Colisão frontal";"Com Vítimas Feridas";"Plena Noite";"Crescente";"Céu Claro";"Simples";"Reta";"Não";3;0;0;2;0;1;2;3;-20,15684222;-48,68900299;"SPRF-MG";"DEL13-MG";"UOP02-DEL13-MG"
140860;2018-06-17;"domingo";"16:00:00";"MA";316;253;"PINDARE-MIRIM";"Defeito na Via";"Tombamento";"Sem Vítimas";"Pleno dia";"Decrescente";"Céu Claro";"Simples";"Reta";"Não";2;0;0;0;1;1;0;2;-3,66695567;-45,3708636;"SPRF-MA";"DEL02-MA";"UI04-DEL02-MA"
140865;2018-06-17;"domingo";"21:25:00";"SC";101;355,6;"JAGUARUNA";"Ingestão de Álcool";"Colisão traseira";"Sem Vítimas";"Plena Noite";"Decrescente";"Nublado";"Dupla";"Viaduto;Declive;Reta";"Não";4;0;0;0;3;1;0;3;-28,6264;-49,0821;"SPRF-SC";"DEL02-SC";"UOP01-DEL02-SC"
140872;2018-06-17;"domingo";"21:50:00";"PB";230;133;"MASSARANDUBA";"Condutor Dormindo";"Saída de leito carroçável";"Com Vítimas Feridas";"Plena Noite";"Crescente";"Céu Claro";"Dupla";"Curva";"Não";1;0;0;1;0;0;1;1;-7,272709;-35,750385;"SPRF-PB";"DEL02-PB";"UOP01-DEL02-PB"
140878;2018-06-17;"domingo";"23:20:00";"SC";282;220,5;"LAGES";"Sinalização da via insuficiente ou inadequada";"Atropelamento de Pedestre";"Com Vítimas Fatais";"Plena Noite";"Decrescente";"Céu Claro";"Simples";"Curva";"Sim";3;1;0;0;1;1;0;3;-27,79414533;-50,33439875;"SPRF-SC";"DEL05-SC";"UOP01-DEL05-SC"
140893;2018-06-18;"segunda-feira";"01:20:00";"CE";116;213;"TABULEIRO DO NORTE";"Falta de Atenção à Condução";"Capotamento";"Sem Vítimas";"Plena Noite";"Decrescente";"Céu Claro";"Simples";"Reta";"Não";1;0;0;0;1;0;0;1;-5,32002157;-38,17955017;"SPRF-CE";"DEL03-CE";"UOP01-DEL03-CE"
140895;2018-06-18;"segunda-feira";"03:20:00";"RJ";40;79,1;"PETROPOLIS";"Condutor Dormindo";"Colisão lateral";"Com Vítimas Feridas";"Plena Noite";"Crescente";"Nevoeiro/Neblina";"Dupla";"Reta;Declive";"Não";4;0;0;1;3;0;1;2;-22,49352604;-43,22296143;"SPRF-RJ";"DEL06-RJ";"UOP01-DEL06-RJ"
140902;2018-06-18;"segunda-feira";"05:30:00";"PR";277;506;"GUARANIACU";"Falta de Atenção à Condução";"Colisão transversal";"Com Vítimas Feridas";"Plena Noite";"Decrescente";"Nevoeiro/Neblina";"Simples";"Curva";"Não";3;0;1;0;1;1;1;3;-25,1268561;-52,7408066;"SPRF-PR";"DEL04-PR";"UOP04-DEL04-PR"
140903;2018-06-18;"segunda-feira";"05:45:00";"PR";376;373,6;"ORTIGUEIRA";"Condutor Dormindo";"Saída de leito carroçável";"Sem Vítimas";"Plena Noite";"Decrescente";"Nublado";"Simples";"Reta";"Não";1;0;0;0;1;0;0;1;-24,36292083;-50,81332862;"SPRF-PR";"DEL03-PR";"UOP02-DEL03-PR"
140911;2018-06-18;"segunda-feira";"07:00:00";"MG";354;729,5;"POUSO ALTO";"Carga excessiva e/ou mal acondicionada";"Tombamento";"Sem Vítimas";"Pleno dia";"Crescente";"Nevoeiro/Neblina";"Simples";"Curva;Aclive";"Não";2;0;0;0;1;1;0;2;-22,15156703;-44,96411473;"SPRF-MG";"DEL05-MG";"UOP01-DEL17-MG"
140912;2018-06-17;"domingo";"22:30:00";"MA";316;379,5;"BACABAL";"Falta de Atenção à Condução";"Tombamento";"Sem Vítimas";"Plena Noite";"Decrescente";"Nublado";"Simples";"Reta";"Sim";1;0;0;0;1;0;0;1;-4,21503;-44,628387;"SPRF-MA";"DEL02-MA";"DEL18/2-UOP03/MA"
140913;2018-06-17;"domingo";"23:10:00";"PR";153;398,5;"MALLET";"Falta de Atenção à Condução";"Colisão frontal";"Com Vítimas Feridas";"Plena Noite";"Crescente";"Nevoeiro/Neblina";"Simples";"Declive";"Não";3;0;1;0;0;2;1;2;-25,95826;-50,84354;"SPRF-PR";"DEL02-PR";"UOP03-DEL02-PR"
140921;2018-06-18;"segunda-feira";"07:35:00";"PR";376;668,4;"GUARATUBA";"Velocidade Incompatível";"Tombamento";"Com Vítimas Feridas";"Pleno dia";"Crescente";"Céu Claro";"Múltipla";"Curva;Declive";"Não";2;0;1;0;0;1;1;2;-25,86872324;-48,93375255;"SPRF-PR";"DEL01-PR";"DEL7/1-UOP08/PR"
140928;2018-06-18;"segunda-feira";"06:00:00";"RS";386;323,2;"MARQUES DE SOUZA";"Condutor Dormindo";"Colisão frontal";"Com Vítimas Fatais";"Amanhecer";"Crescente";"Nevoeiro/Neblina";"Simples";"Curva";"Não";4;1;0;0;2;1;0;3;-29,31591765;-52,10472995;"SPRF-RS";"DEL04-RS";"UOP01-DEL04-RS"
140939;2018-06-18;"segunda-feira";"08:10:00";"PR";163;156;"SANTA LUCIA";"Defeito Mecânico no Veículo";"Colisão traseira";"Com Vítimas Feridas";"Pleno dia";"Crescente";"Nevoeiro/Neblina";"Simples";"Reta";"Não";4;0;1;0;2;1;1;3;-25,3701;-53,5728;"SPRF-PR";"DEL04-PR";"UOP05-DEL05-PR"
140945;2018-06-18;"segunda-feira";"09:15:00";"PE";232;412,7;"SERRA TALHADA";"Não guardar distância de segurança";"Colisão traseira";"Com Vítimas Feridas";"Pleno dia";"Decrescente";"Sol";"Simples";"Reta";"Sim";5;0;1;1;3;0;2;2;-7,9830681;-38,3194233;"SPRF-PE";"DEL04-PE";"UOP01-DEL04-PE"
140948;2018-06-18;"segunda-feira";"09:20:00";"RS";287;248,5;"SANTA MARIA";"Não guardar distância de segurança";"Colisão traseira";"Sem Vítimas";"Pleno dia";"Decrescente";"Nublado";"Simples";"Reta";"Sim";2;0;0;0;2;0;0;2;-29,69588168;-53,85208368;"SPRF-RS";"DEL09-RS";"UOP01-DEL09-RS"
140958;2018-05-17;"quinta-feira";"16:40:00";"RS";116;2,4;"VACARIA";"Falta de Atenção à Condução";"Colisão traseira";"Com Vítimas Feridas";"Pleno dia";"Crescente";"Nublado";"Simples";"Aclive;Curva";"Não";5;0;2;0;1;3;2;5;-28,226213;-50,760963;"SPRF-RS";"DEL05-RS";"UOP03-DEL05-RS"
140961;2018-06-18;"segunda-feira";"09:05:00";"MT";364;331,4;"SANTO ANTONIO DO LEVERGER";"Velocidade Incompatível";"Tombamento";"Com Vítimas Feridas";"Pleno dia";"Crescente";"Céu Claro";"Dupla";"Curva";"Não";2;0;1;0;0;1;1;2;-15,83189336;-55,44010162;"SPRF-MT";"DEL02-MT";"UOP02-DEL05-MT"
140964;2018-06-18;"segunda-feira";"10:55:00";"ES";101;304,5;"VIANA";"Falta de Atenção à Condução";"Colisão lateral";"Sem Vítimas";"Pleno dia";"Crescente";"Chuva";"Dupla";"Reta";"Sim";3;0;0;0;2;1;0;3;-20,38269968;-40,45926757;"SPRF-ES";"DEL01-ES";"UOP01-DEL01-ES"
140967;2018-06-18;"segunda-feira";"09:15:00";"MT";158;775;"BARRA DO GARCAS";"Avarias e/ou desgaste excessivo no pneu";"Colisão lateral";"Com Vítimas Feridas";"Pleno dia";"Crescente";"Céu Claro";"Simples";"Reta";"Não";4;0;1;0;2;2;1;4;-15,80381598;-52,29698181;"SPRF-MT";"DEL07-MT";"UOP01-DEL07-MT"
140976;2018-06-18;"segunda-feira";"12:05:00";"SC";101;122,1;"ITAJAI";"Não guardar distância de segurança";"Colisão traseira";"Com Vítimas Feridas";"Pleno dia";"Decrescente";"Nublado";"Múltipla";"Reta";"Sim";2;0;1;0;1;0;1;2;-26,9366;-48,6987;"SPRF-SC";"DEL04-SC";"UOP04-DEL04-SC"
140977;2018-06-18;"segunda-feira";"11:40:00";"GO";20;66;"FORMOSA";"Condutor Dormindo";"Saída de leito carroçável";"Com Vítimas Feridas";"Pleno dia";"Crescente";"Céu Claro";"Simples";"Reta";"Não";2;0;0;1;0;1;1;2;-15,204425;-47,154827;"SPRF-DF";"DEL02-DF";"UOP01-DEL02-DF"
140986;2018-06-18;"segunda-feira";"13:30:00";"ES";101;215,5;"IBIRACU";"Defeito Mecânico no Veículo";"Colisão com objeto em movimento";"Com Vítimas Feridas";"Pleno dia";"Crescente";"Chuva";"Simples";"Curva";"Não";5;0;1;0;3;2;1;5;-19,83645623;-40,38029194;"SPRF-ES";"DEL02-ES";"UOP01-DEL02-ES"
140989;2018-06-18;"segunda-feira";"10:00:00";"PA";316;17;"MARITUBA";"Falta de Atenção do Pedestre";"Atropelamento de Pedestre";"Com Vítimas Fatais";"Pleno dia";"Decrescente";"Céu Claro";"Dupla";"Reta";"Não";2;1;0;0;0;1;0;2;-1,360972;-48,262413;"SPRF-PA";"DEL01-PA";"DEL19/1-UOP05/PA"
140990;2018-01-08;"segunda-feira";"07:05:00";"SP";153;90,4;"JACI";"Pista Escorregadia";"Colisão frontal";"Com Vítimas Feridas";"Amanhecer";"Decrescente";"Chuva";"Simples";"Reta";"Não";5;0;0;2;2;1;2;4;-20,96024209;-49,56308758;"SPRF-SP";"DEL09-SP";"UOP01-DEL09-SP"
140998;2018-06-18;"segunda-feira";"14:45:00";"SC";101;200,8;"SAO JOSE";"Defeito Mecânico no Veículo";"Colisão com objeto em movimento";"Com Vítimas Feridas";"Pleno dia";"Crescente";"Nublado";"Múltipla";"Reta";"Sim";4;0;1;0;2;1;1;3;-27,5485;-48,6196;"SPRF-SC";"DEL01-SC";"UOP01-DEL01-SC"
140999;2018-04-25;"quarta-feira";"12:30:00";"PR";476;124;"CURITIBA";"Velocidade Incompatível";"Colisão lateral";"Sem Vítimas";"Pleno dia";"Crescente";"Céu Claro";"Dupla";"Interseção de Vias;Reta";"Sim";2;0;0;0;2;0;0;2;-25,399845;-49,215855;"SPRF-PR";"DEL01-PR";"UOP07-DEL01-PR"
141000;2018-06-18;"segunda-feira";"14:45:00";"MG";116;813,3;"ALEM PARAIBA";"Velocidade Incompatível";"Danos eventuais";"Sem Vítimas";"Pleno dia";"Crescente";"Céu Claro";"Simples";"Reta";"Não";2;0;0;0;1;1;0;2;-21,850099;-42,664971;"SPRF-MG";"DEL07-MG";"UOP01-DEL07-MG"
141011;2018-06-18;"segunda-feira";"14:50:00";"PR";277;637,9;"CEU AZUL";"Falta de Atenção à Condução";"Colisão lateral";"Com Vítimas Feridas";"Pleno dia";"Crescente";"Céu Claro";"Simples";"Em Obras";"Não";6;0;2;0;3;1;2;3;-25,151279;-53,844353;"SPRF-PR";"DEL05-PR";"UOP02-DEL05-PR"
141022;2018-06-18;"segunda-feira";"15:30:00";"MG";381;872,5;"ESTIVA";"Condutor Dormindo";"Saída de leito carroçável";"Com Vítimas Feridas";"Pleno dia";"Decrescente";"Céu Claro";"Múltipla";"Curva";"Não";2;0;1;0;0;2;1;3;-22,41019536;-45,95799185;"SPRF-MG";"DEL16-MG";"UOP01-DEL16-MG"
141036;2018-06-18;"segunda-feira";"17:40:00";"SC";101;119,2;"ITAJAI";"Não guardar distância de segurança";"Tombamento";"Com Vítimas Fatais";"Anoitecer";"Decrescente";"Nublado";"Dupla";"Reta";"Sim";5;1;0;1;1;4;1;6;-26,9128;-48,7118;"SPRF-SC";"DEL04-SC";"UOP04-DEL04-SC"
141041;2018-06-18;"segunda-feira";"18:10:00";"PR";153;472;"PORTO VITORIA";"Ultrapassagem Indevida";"Colisão frontal";"Com Vítimas Feridas";"Anoitecer";"Crescente";"Céu Claro";"Simples";"Reta";"Não";5;0;3;1;1;0;4;2;-26,3133598;-51,2185321;"SPRF-PR";"DEL02-PR";"UOP03-DEL02-PR"
141048;2018-06-18;"segunda-feira";"18:25:00";"BA";324;518,1;"FEIRA DE SANTANA";"Não guardar distância de segurança";"Engavetamento";"Com Vítimas Feridas";"Plena Noite";"Crescente";"Chuva";"Dupla";"Reta";"Sim";4;0;1;0;3;0;1;4;-12,27224414;-38,93451691;"SPRF-BA";"DEL01-BA";"UOP01-DEL01-BA"
141063;2018-05-02;"quarta-feira";"21:00:00";"TO";153;343,5;"GUARAI";"Desobediência às normas de trânsito pelo condutor";"Colisão frontal";"Com Vítimas Fatais";"Plena Noite";"Decrescente";"Céu Claro";"Simples";"Curva";"Não";3;1;1;0;1;0;1;2;-8,917834;-48,509441;"SPRF-TO";"DEL02-TO";"UOP02-DEL02-TO"
141064;2018-06-02;"sábado";"22:20:00";"RS";290;80,1;"GRAVATAI";"Falta de Atenção à Condução";"Colisão traseira";"Com Vítimas Feridas";"Plena Noite";"Crescente";"Nublado";"Dupla";"Reta";"Não";2;0;1;0;1;0;1;2;-29,95538074;-51,02555707;"SPRF-RS";"DEL01-RS";"UOP01-DEL01-RS"
141073;2018-06-18;"segunda-feira";"18:30:00";"RS";470;214;"BENTO GONCALVES";"Velocidade Incompatível";"Atropelamento de Pedestre";"Com Vítimas Fatais";"Plena Noite";"Crescente";"Céu Claro";"Simples";"Declive";"Não";6;1;0;0;3;2;0;4;-29,15143981;-51,53003633;"SPRF-RS";"DEL06-RS";"UOP01-DEL06-RS"
141083;2018-06-18;"segunda-feira";"20:00:00";"BA";116;383,4;"SANTA BARBARA";"Ultrapassagem Indevida";"Capotamento";"Com Vítimas Feridas";"Plena Noite";"Crescente";"Céu Claro";"Simples";"Reta";"Não";2;0;1;0;0;1;1;2;-11,9305087;-38,98155212;"SPRF-BA";"DEL02-BA";"DEL10/2-UOP02/BA"
141088;2018-06-18;"segunda-feira";"20:50:00";"ES";101;127;"SOORETAMA";"Falta de Atenção à Condução";"Colisão com objeto estático";"Sem Vítimas";"Plena Noite";"Crescente";"Chuva";"Simples";"Reta";"Não";2;0;0;0;1;2;0;3;-19,19901908;-40,09588122;"SPRF-ES";"DEL04-ES";"UOP01-DEL04-ES"
141090;2018-06-18;"segunda-feira";"20:30:00";"MS";267;551,7;"CARACOL";"Falta de Atenção à Condução";"Saída de leito carroçável";"Com Vítimas Feridas";"Plena Noite";"Crescente";"Céu Claro";"Simples";"Reta";"Não";2;0;1;0;0;2;1;3;-21,73909122;-56,88995361;"SPRF-MS";"DEL05-MS";"UOP01-DEL05-MS"
141091;2018-06-10;"domingo";"06:45:00";"PR";277;344,3;"GUARAPUAVA";"Desobediência às normas de trânsito pelo condutor";"Colisão frontal";"Com Vítimas Feridas";"Pleno dia";"Decrescente";"Céu Claro";"Dupla";"Curva";"Sim";4;0;2;0;1;2;2;4;-25,36481295;-51,4774704;"SPRF-PR";"DEL03-PR";"UOP01-DEL08-PR"
141092;2018-06-18;"segunda-feira";"21:00:00";"MT";174;506,6;"COMODORO";"Objeto estático sobre o leito carroçável";"Colisão traseira";"Sem Vítimas";"Plena Noite";"Decrescente";"Céu Claro";"Simples";"Reta";"Não";3;0;0;0;2;4;0;6;-13,48044783;-59,8425293;"SPRF-MT";"DEL04-MT";"UOP01-DEL04-MT"
141095;2018-06-18;"segunda-feira";"20:10:00";"RS";470;173;"VERANOPOLIS";"Falta de Atenção à Condução";"Colisão frontal";"Com Vítimas Feridas";"Plena Noite";"Crescente";"Céu Claro";"Simples";"Reta";"Não";2;0;0;1;1;0;1;2;-28,9083566;-51,54667407;"SPRF-RS";"DEL06-RS";"UOP02-DEL06-RS"
141096;2018-06-19;"terça-feira";"00:10:00";"RS";116;261;"CANOAS";"Velocidade Incompatível";"Colisão transversal";"Com Vítimas Feridas";"Plena Noite";"Decrescente";"Céu Claro";"Dupla";"Reta";"Sim";4;0;1;0;2;1;1;3;-29,88803908;-51,17883861;"SPRF-RS";"DEL01-RS";"UOP01-DEL01-RS"
141097;2018-06-18;"segunda-feira";"23:40:00";"MG";153;58,2;"MONTE ALEGRE DE MINAS";"Falta de Atenção à Condução";"Tombamento";"Com Vítimas Feridas";"Plena Noite";"Decrescente";"Céu Claro";"Simples";"Rotatória";"Não";3;0;1;0;1;2;1;3;-18,8878;-49,051;"SPRF-MG";"DEL15-MG";"UOP03-DEL15-MG"
141098;2018-06-19;"terça-feira";"01:30:00";"SC";101;114,3;"ITAJAI";"Ingestão de Álcool";"Colisão lateral";"Com Vítimas Feridas";"Plena Noite";"Decrescente";"Chuva";"Múltipla";"Reta";"Sim";3;0;2;0;1;0;2;2;-26,8708;-48,7293;"SPRF-SC";"DEL04-SC";"UOP04-DEL04-SC"
141099;2018-06-19;"terça-feira";"00:35:00";"MG";381;801;"SAO GONCALO DO SAPUCAI";"Condutor Dormindo";"Colisão traseira";"Com Vítimas Feridas";"Plena Noite";"Crescente";"Céu Claro";"Dupla";"Reta";"Não";4;0;0;1;2;1;1;3;-21,93781587;-45,61448872;"SPRF-MG";"DEL16-MG";"UOP02-DEL16-MG"
141100;2018-06-19;"terça-feira";"02:00:00";"TO";153;169,6;"ARAGUAINA";"Ingestão de Álcool";"Tombamento";"Com Vítimas Feridas";"Plena Noite";"Decrescente";"Céu Claro";"Simples";"Reta";"Não";2;0;1;0;0;2;1;3;-7,389567;-48,358007;"SPRF-TO";"DEL02-TO";"UOP01-DEL02-TO"
141105;2018-06-19;"terça-feira";"01:40:00";"SC";101;380,3;"ICARA";"Ultrapassagem Indevida";"Colisão com objeto estático";"Sem Vítimas";"Plena Noite";"Crescente";"Céu Claro";"Múltipla";"Reta";"Não";1;0;0;0;1;0;0;1;-28,7544;-49,2763;"SPRF-SC";"DEL02-SC";"UOP02-DEL02-SC"
141111;2018-06-19;"terça-feira";"06:15:00";"PE";232;6;"RECIFE";"Não guardar distância de segurança";"Colisão traseira";"Com Vítimas Feridas";"Pleno dia";"Decrescente";"Céu Claro";"Dupla";"Reta";"Não";4;0;1;1;1;2;2;4;-8,071638;-34,955893;"SPRF-PE";"DEL01-PE";"UOP01-DEL01-PE"
141114;2018-06-19;"terça-feira";"06:30:00";"MG";365;456,3;"PATROCINIO";"Condutor Dormindo";"Saída de leito carroçável";"Com Vítimas Feridas";"Pleno dia";"Crescente";"Céu Claro";"Simples";"Reta";"Não";1;0;0;1;0;0;1;1;-18,84639;-46,8675;"SPRF-MG";"DEL10-MG";"UOP01-DEL10-MG"
141116;2018-06-19;"terça-feira";"06:10:00";"ES";101;270;"SERRA";"Falta de Atenção à Condução";"Colisão traseira";"Com Vítimas Feridas";"Amanhecer";"Decrescente";"Nublado";"Múltipla";"Interseção de Vias";"Não";2;0;1;0;1;0;1;2;-20,224255;-40,270537;"SPRF-ES";"DEL02-ES";"UOP01-DEL02-ES"
141118;2018-06-19;"terça-feira";"06:40:00";"SP";116;282;"EMBU DAS ARTES";"Não guardar distância de segurança";"Engavetamento";"Com Vítimas Feridas";"Pleno dia";"Decrescente";"Céu Claro";"Dupla";"Reta";"Não";4;0;1;0;2;1;1;4;-23,64541004;-46,83855057;"SPRF-SP";"DEL04-SP";"UOP01-DEL04-SP"
141122;2018-06-19;"terça-feira";"03:45:00";"MG";116;441,6;"ENGENHEIRO CALDAS";"Condutor Dormindo";"Saída de leito carroçável";"Com Vítimas Feridas";"Plena Noite";"Decrescente";"Nublado";"Simples";"Reta";"Não";2;0;1;0;0;1;1;2;-19,156189;-42,023546;"SPRF-MG";"DEL06-MG";"UOP02-DEL06-MG"
141128;2018-06-19;"terça-feira";"07:20:00";"PR";116;7,9;"CAMPINA GRANDE DO SUL";"Falta de Atenção à Condução";"Colisão com objeto estático";"Com Vítimas Fatais";"Amanhecer";"Crescente";"Céu Claro";"Dupla";"Curva";"Não";3;2;0;0;0;1;0;3;-25,08235;-48,615093;"SPRF-PR";"DEL01-PR";"UOP02-DEL01-PR"
141143;2018-06-19;"terça-feira";"07:25:00";"MS";463;92;"PONTA PORA";"Desobediência às normas de trânsito pelo condutor";"Capotamento";"Com Vítimas Feridas";"Amanhecer";"Crescente";"Céu Claro";"Simples";"Reta";"Não";3;0;1;0;1;1;1;3;-22,601458;-55,547703;"SPRF-MS";"DEL04-MS";"UOP03-DEL04-MS"
141144;2018-06-19;"terça-feira";"08:50:00";"MG";354;729;"POUSO ALTO";"Velocidade Incompatível";"Tombamento";"Com Vítimas Feridas";"Pleno dia";"Crescente";"Céu Claro";"Simples";"Curva";"Não";5;0;2;0;1;2;2;3;-22,18111571;-44,97602463;"SPRF-MG";"DEL05-MG";"UOP01-DEL17-MG"
141147;2018-06-19;"terça-feira";"08:40:00";"PI";407;493,2;"JAICOS";"Falta de Atenção à Condução";"Saída de leito carroçável";"Com Vítimas Feridas";"Pleno dia";"Crescente";"Céu Claro";"Simples";"Reta";"Não";1;0;0;1;0;0;1;1;-7,528626;-41,289105;"SPRF-PI";"DEL04-PI";"UOP01-DEL04-PI"
141148;2018-06-19;"terça-feira";"08:00:00";"MT";70;513;"VARZEA GRANDE";"Falta de Atenção à Condução";"Colisão traseira";"Com Vítimas Feridas";"Pleno dia";"Crescente";"Céu Claro";"Simples";"Reta";"Não";4;0;1;0;3;0;1;4;-15,70590697;-56,12481594;"SPRF-MT";"DEL01-MT";"DEL2/4-UOP02/MT"
141152;2018-06-19;"terça-feira";"06:10:00";"MT";174;394;"NOVA LACERDA";"Condutor Dormindo";"Capotamento";"Com Vítimas Feridas";"Pleno dia";"Decrescente";"Céu Claro";"Simples";"Curva";"Não";2;0;1;0;0;1;1;1;-14,434637;-59,599991;"SPRF-MT";"DEL04-MT";"UOP01-DEL04-MT"
141155;2018-06-10;"domingo";"23:24:00";"MA";222;258,1;"MIRANDA DO NORTE";"Condutor Dormindo";"Colisão frontal";"Com Vítimas Feridas";"Plena Noite";"Decrescente";"Céu Claro";"Simples";"Reta";"Sim";2;0;1;0;1;0;1;2;-3,57749952;-44,60174561;"SPRF-MA";"DEL01-MA";"UOP02-DEL01-MA"
141159;2018-06-15;"sexta-feira";"04:50:00";"MA";135;56;"SANTA RITA";"Animais na Pista";"Colisão lateral";"Sem Vítimas";"Amanhecer";"Crescente";"Céu Claro";"Simples";"Reta";"Sim";2;0;0;0;2;0;0;2;-3,016291;-44,315022;"SPRF-MA";"DEL01-MA";"UOP02-DEL01-MA"
141161;2018-06-19;"terça-feira";"06:50:00";"RO";364;255,8;"CACOAL";"Desobediência às normas de trânsito pelo condutor";"Colisão lateral";"Sem Vítimas";"Pleno dia";"Decrescente";"Sol";"Simples";"Reta;Aclive";"Não";4;0;0;0;3;4;0;6;-11,43576693;-61,61153466;"SPRF-RO";"DEL02-RO";"UOP02-DEL02-RO"
141164;2018-06-07;"quinta-feira";"10:25:00";"RS";116;267;"CANOAS";"Falta de Atenção à Condução";"Colisão com objeto estático";"Com Vítimas Feridas";"Pleno dia";"Decrescente";"Sol";"Múltipla";"Reta";"Sim";1;0;1;0;0;0;1;1;-29,941397;-51,176971;"SPRF-RS";"DEL01-RS";"UOP01-DEL01-RS"
141169;2018-06-19;"terça-feira";"08:20:00";"MT";364;346;"SANTO ANTONIO DO LEVERGER";"Defeito Mecânico no Veículo";"Tombamento";"Com Vítimas Feridas";"Pleno dia";"Crescente";"Céu Claro";"Dupla";"Reta";"Não";2;0;1;0;0;1;1;2;-15,811938;-55,53981;"SPRF-MT";"DEL02-MT";"UOP02-DEL01-MT"
141174;2018-06-19;"terça-feira";"12:05:00";"SC";116;54,8;"PAPANDUVA";"Falta de Atenção à Condução";"Colisão transversal";"Com Vítimas Feridas";"Pleno dia";"Decrescente";"Céu Claro";"Simples";"Reta";"Não";3;0;1;0;1;1;1;3;-26,394484;-50,164799;"SPRF-SC";"DEL06-SC";"UOP02-DEL06-SC"
141178;2018-06-19;"terça-feira";"12:25:00";"RS";386;303,8;"POUSO NOVO";"Velocidade Incompatível";"Tombamento";"Com Vítimas Feridas";"Pleno dia";"Crescente";"Céu Claro";"Dupla";"Curva";"Não";3;0;1;0;1;2;1;4;-29,17918025;-52,19434977;"SPRF-RS";"DEL04-RS";"UOP01-DEL04-RS"
141183;2018-06-19;"terça-feira";"11:56:00";"SC";282;221,1;"LAGES";"Falta de Atenção do Pedestre";"Atropelamento de Pedestre";"Com Vítimas Feridas";"Pleno dia";"Crescente";"Céu Claro";"Simples";"Curva";"Sim";2;0;0;1;1;0;1;2;-27,796358;-50,343426;"SPRF-SC";"DEL05-SC";"UOP01-DEL05-SC"
141187;2018-06-19;"terça-feira";"11:20:00";"MG";381;349;"JOAO MONLEVADE";"Velocidade Incompatível";"Saída de leito carroçável";"Sem Vítimas";"Pleno dia";"Crescente";"Chuva";"Simples";"Curva";"Não";2;0;0;0;1;1;0;2;-19,85440797;-43,11174631;"SPRF-MG";"DEL03-MG";"UOP01-DEL03-MG"