"id";"data_inversa";"dia_semana";"horario";"uf";"br";"km";"municipio";"causa_acidente";"tipo_acidente";"classificacao_acidente";"fase_dia";"sentido_via";"condicao_metereologica";"tipo_pista";"tracado_via";"uso_solo";"pessoas";"mortos";"feridos_leves";"feridos_graves";"ilesos";"ignorados";"feridos";"veiculos";"latitude";"longitude";"regional";"delegacia";"uop"
141515;2018-06-21;"quinta-feira";"06:45:00";"PR";373;227;"IMBITUVA";"Restrição de Visibilidade";"Colisão lateral";"Com Vítimas Feridas";"Pleno dia";"Decrescente";"Nevoeiro/Neblina";"Simples";"Curva";"Não";3;0;0;1;1;3;1;5;-25,172249;-50,628975;"SPRF-PR";"DEL03-PR";"UOP01-DEL03-PR"
141518;2018-06-21;"quinta-feira";"07:40:00";"PE";428;188;"PETROLINA";"Falta de Atenção à Condução";"Colisão transversal";"Com Vítimas Feridas";"Pleno dia";"Crescente";"Céu Claro";"Simples";"Reta";"Sim";2;0;1;0;1;0;1;2;-9,37465874;-40,48933178;"SPRF-PE";"DEL06-PE";"UOP01-DEL06-PE"
141523;2018-06-21;"quinta-feira";"08:10:00";"MS";267;84,9;"ANAURILANDIA";"Falta de Atenção à Condução";"Capotamento";"Com Vítimas Fatais";"Pleno dia";"Decrescente";"Céu Claro";"Simples";"Declive";"Não";1;1;0;0;0;0;0;1;-21,87238164;-52,90588617;"SPRF-MS";"DEL02-MS";"DEL3/7-UOP01/MS"
141529;2018-06-20;"quarta-feira";"15:35:00";"MG";40;627,4;"CONSELHEIRO LAFAIETE";"Falta de Atenção à Condução";"Colisão transversal";"Com Vítimas Feridas";"Pleno dia";"Decrescente";"Céu Claro";"Simples";"Reta";"Sim";2;0;1;0;1;0;1;2;-20,64375328;-43,81148368;"SPRF-MG";"DEL05-MG";"UOP02-DEL05-MG"
141542;2018-06-21;"quinta-feira";"12:05:00";"MG";40;617,5;"CONGONHAS";"Velocidade Incompatível";"Colisão traseira";"Com Vítimas Feridas";"Pleno dia";"Crescente";"Sol";"Simples";"Reta";"Não";5;0;3;0;1;1;3;4;-20,5616574;-43,8123206;"SPRF-MG";"DEL05-MG";"UOP02-DEL05-MG"
141547;2018-06-21;"quinta-feira";"11:50:00";"SP";116;279,9;"EMBU DAS ARTES";"Carga excessiva e/ou mal acondicionada";"Derramamento de carga";"Sem Vítimas";"Pleno dia";"Decrescente";"Céu Claro";"Dupla";"Reta";"Sim";4;0;0;0;3;2;0;5;-23,64590013;-46,84126139;"SPRF-SP";"DEL04-SP";"UOP01-DEL04-SP"
141550;2018-06-21;"quinta-feira";"11:55:00";"MT";163;101,9;"RONDONOPOLIS";"Velocidade Incompatível";"Colisão traseira";"Com Vítimas Feridas";"Pleno dia";"Crescente";"Céu Claro";"Dupla";"Reta";"Não";4;0;1;1;1;1;2;3;-16,63923911;-54,69299912;"SPRF-MT";"DEL02-MT";"DEL2/2-UOP02/MT"
141552;2018-06-21;"quinta-feira";"10:25:00";"MG";381;849;"POUSO ALEGRE";"Velocidade Incompatível";"Tombamento";"Sem Vítimas";"Pleno dia";"Decrescente";"Sol";"Dupla";"Curva";"Sim";1;0;0;0;1;0;0;1;-22,2389;-45,8802;"SPRF-MG";"DEL16-MG";"UOP01-DEL16-MG"
141558;2018-06-21;"quinta-feira";"13:15:00";"BA";116;816;"VITORIA DA CONQUISTA";"Falta de Atenção à Condução";"Colisão lateral";"Com Vítimas Feridas";"Pleno dia";"Decrescente";"Sol";"Simples";"Reta";"Não";7;0;2;0;4;1;2;3;-14,815948;-40,80400754;"SPRF-BA";"DEL08-BA";"UOP01-DEL08-BA"
141561;2018-06-21;"quinta-feira";"14:33:00";"SC";470;83;"RODEIO";"Mal Súbito";"Colisão frontal";"Com Vítimas Feridas";"Pleno dia";"Crescente";"Céu Claro";"Simples";"Reta";"Não";2;0;0;1;1;0;1;2;-26,94983683;-49,35779572;"SPRF-SC";"DEL04-SC";"UOP01-DEL04-SC"
141567;2018-06-21;"quinta-feira";"14:40:00";"PE";232;176,9;"BELO JARDIM";"Falta de Atenção à Condução";"Colisão transversal";"Com Vítimas Feridas";"Pleno dia";"Crescente";"Céu Claro";"Simples";"Reta";"Não";3;0;2;0;1;0;2;2;-8,34834345;-36,40093446;"SPRF-PE";"DEL02-PE";"UOP03-DEL02-PE"
141568;2018-06-21;"quinta-feira";"14:40:00";"ES";101;319,9;"GUARAPARI";"Falta de Atenção à Condução";"Colisão frontal";"Com Vítimas Fatais";"Pleno dia";"Decrescente";"Sol";"Simples";"Reta";"Não";3;1;0;0;1;2;0;4;-20,51055039;-40,47544599;"SPRF-ES";"DEL03-ES";"UOP01-DEL03-ES"
141569;2018-06-05;"terça-feira";"10:45:00";"MS";267;433,6;"MARACAJU";"Falta de Atenção à Condução";"Colisão traseira";"Com Vítimas Feridas";"Pleno dia";"Decrescente";"Nublado";"Simples";"Reta";"Não";2;0;0;1;1;0;1;2;-21,521114;-55,741539;"SPRF-MS";"DEL05-MS";"UOP01-DEL05-MS"
141571;2018-06-21;"quinta-feira";"13:30:00";"ES";262;194;"IUNA";"Defeito Mecânico no Veículo";"Tombamento";"Com Vítimas Feridas";"Pleno dia";"Crescente";"Sol";"Simples";"Curva";"Não";2;0;1;0;0;1;1;2;-20,2831106;-41,76287949;"SPRF-ES";"DEL01-ES";"UOP02-DEL01-ES"
141575;2018-06-21;"quinta-feira";"14:30:00";"RJ";356;176,1;"SAO JOAO DA BARRA";"Falta de Atenção à Condução";"Colisão transversal";"Com Vítimas Feridas";"Pleno dia";"Crescente";"Sol";"Simples";"Interseção de Vias";"Não";6;0;4;0;2;0;4;2;-21,718555;-41,101276;"SPRF-RJ";"DEL08-RJ";"UOP02-DEL08-RJ"
141578;2018-06-21;"quinta-feira";"14:10:00";"MS";267;206,9;"NOVA ALVORADA DO SUL";"Falta de Atenção à Condução";"Tombamento";"Com Vítimas Feridas";"Pleno dia";"Crescente";"Céu Claro";"Simples";"Reta";"Não";3;0;2;0;0;2;2;3;-21,59229;-54,018996;"SPRF-MS";"DEL02-MS";"DEL3/7-UOP02/MS"
141580;2018-06-21;"quinta-feira";"15:30:00";"MG";381;523,1;"BRUMADINHO";"Condutor Dormindo";"Colisão traseira";"Com Vítimas Feridas";"Pleno dia";"Decrescente";"Céu Claro";"Dupla";"Curva;Aclive";"Não";3;0;1;0;1;1;1;3;-20,1375;-44,3159;"SPRF-MG";"DEL04-MG";"UOP03-DEL04-MG"
141593;2018-06-21;"quinta-feira";"14:35:00";"TO";153;629,8;"ALIANCA DO TOCANTINS";"Não guardar distância de segurança";"Colisão traseira";"Sem Vítimas";"Pleno dia";"Decrescente";"Céu Claro";"Simples";"Reta";"Não";3;0;0;0;2;1;0;3;-11,35026468;-48,95663442;"SPRF-TO";"DEL02-TO";"UOP02-DEL01-TO"
141598;2018-03-24;"sábado";"11:20:00";"MG";116;519,2;"UBAPORANGA";"Velocidade Incompatível";"Saída de leito carroçável";"Com Vítimas Feridas";"Pleno dia";"Decrescente";"Nublado";"Simples";"Curva";"Não";4;0;2;1;0;1;3;2;-19,71032758;-42,12274623;"SPRF-MG";"DEL06-MG";"UOP02-DEL06-MG"
141599;2018-06-21;"quinta-feira";"15:45:00";"RO";364;11;"VILHENA";"Falta de Atenção à Condução";"Colisão lateral";"Sem Vítimas";"Pleno dia";"Crescente";"Céu Claro";"Dupla";"Reta";"Sim";5;0;0;0;2;4;0;5;-12,74605;-60,112728;"SPRF-RO";"DEL04-RO";"UOP01-DEL04-RO"
141601;2018-06-21;"quinta-feira";"17:00:00";"BA";101;771;"ITABELA";"Velocidade Incompatível";"Colisão frontal";"Com Vítimas Fatais";"Pleno dia";"Decrescente";"Nublado";"Simples";"Aclive;Curva";"Não";5;1;1;0;3;0;1;2;-16,7519;-39,4574;"SPRF-BA";"DEL09-BA";"UOP01-DEL09-BA"
141602;2018-06-21;"quinta-feira";"17:15:00";"SC";282;5;"SAO JOSE";"Falta de Atenção à Condução";"Colisão traseira";"Sem Vítimas";"Pleno dia";"Crescente";"Céu Claro";"Dupla";"Reta";"Sim";4;0;0;0;4;0;0;4;-27,58842297;-48,6125493;"SPRF-SC";"DEL01-SC";"UOP01-DEL01-SC"
141603;2018-06-21;"quinta-feira";"17:20:00";"RS";392;0,2;"PELOTAS";"Falta de Atenção à Condução";"Colisão transversal";"Com Vítimas Feridas";"Anoitecer";"Decrescente";"Céu Claro";"Simples";"Reta";"Não";2;0;1;0;1;0;1;2;-31,75886004;-52,40186691;"SPRF-RS";"DEL07-RS";"UOP01-DEL07-RS"
141605;2018-06-21;"quinta-feira";"17:00:00";"SP";116;146;"SAO JOSE DOS CAMPOS";"Desobediência às normas de trânsito pelo condutor";"Colisão traseira";"Sem Vítimas";"Pleno dia";"Crescente";"Céu Claro";"Dupla";"Reta";"Sim";4;0;0;0;3;3;0;6;-23,19567511;-45,87185338;"SPRF-SP";"DEL02-SP";"UOP01-DEL02-SP"
141614;2018-02-24;"sábado";"14:45:00";"PR";376;652;"TIJUCAS DO SUL";"Velocidade Incompatível";"Tombamento";"Sem Vítimas";"Pleno dia";"Crescente";"Céu Claro";"Dupla";"Curva";"Não";2;0;0;0;1;1;0;2;-25,84315731;-49,05670166;"SPRF-PR";"DEL01-PR";"DEL7/1-UOP08/PR"
141623;2018-06-21;"quinta-feira";"17:30:00";"RO";364;346,1;"JI-PARANA";"Falta de Atenção à Condução";"Colisão transversal";"Sem Vítimas";"Anoitecer";"Crescente";"Céu Claro";"Simples";"Interseção de Vias";"Sim";5;0;0;0;5;0;0;2;-10,86467486;-61,97047055;"SPRF-RO";"DEL02-RO";"UOP01-DEL02-RO"
141625;2018-06-21;"quinta-feira";"17:10:00";"RO";364;480;"ARIQUEMES";"Defeito Mecânico no Veículo";"Incêndio";"Sem Vítimas";"Pleno dia";"Decrescente";"Céu Claro";"Simples";"Reta";"Não";2;0;0;0;2;0;0;1;-10,137469;-62,862759;"SPRF-RO";"DEL03-RO";"UOP01-DEL03-RO"
141647;2018-06-21;"quinta-feira";"20:40:00";"PE";232;255,3;"ARCOVERDE";"Animais na Pista";"Atropelamento de Animal";"Com Vítimas Feridas";"Plena Noite";"Crescente";"Céu Claro";"Simples";"Declive";"Sim";1;0;1;0;0;0;1;1;-8,41999973;-37,07755923;"SPRF-PE";"DEL03-PE";"UOP02-DEL03-PE"
141663;2018-06-21;"quinta-feira";"22:05:00";"PR";116;113,3;"CURITIBA";"Falta de Atenção do Pedestre";"Atropelamento de Pedestre";"Com Vítimas Fatais";"Plena Noite";"Decrescente";"Céu Claro";"Dupla";"Reta";"Sim";3;1;0;0;0;2;0;3;-25,5478381;-49,28802609;"SPRF-PR";"DEL01-PR";"UOP01-DEL01-PR"
141665;2018-06-21;"quinta-feira";"21:30:00";"GO";60;223,2;"CEZARINA";"Falta de Atenção à Condução";"Colisão traseira";"Sem Vítimas";"Plena Noite";"Crescente";"Céu Claro";"Dupla";"Aclive";"Não";3;0;0;0;2;3;0;5;-17,03072536;-49,77763385;"SPRF-GO";"DEL01-GO";"UOP02-DEL01-GO"
141671;2018-06-17;"domingo";"21:16:00";"RJ";40;76;"PETROPOLIS";"Condutor Dormindo";"Colisão traseira";"Com Vítimas Feridas";"Plena Noite";"Crescente";"Céu Claro";"Simples";"Reta";"Não";2;0;1;0;1;0;1;2;-22,4961;-43,2261;"SPRF-RJ";"DEL06-RJ";"UOP01-DEL06-RJ"
141672;2018-06-21;"quinta-feira";"23:45:00";"MG";262;488,7;"BOM DESPACHO";"Ingestão de Álcool";"Danos eventuais";"Sem Vítimas";"Plena Noite";"Decrescente";"Céu Claro";"Simples";"Em Obras";"Não";2;0;0;0;1;2;0;3;-19,78245357;-45,36452293;"SPRF-MG";"DEL08-MG";"UOP03-DEL08-MG"
141682;2018-06-22;"sexta-feira";"05:15:00";"CE";20;320,4;"CARIDADE";"Condutor Dormindo";"Colisão frontal";"Com Vítimas Feridas";"Amanhecer";"Decrescente";"Céu Claro";"Simples";"Reta";"Não";3;0;2;0;0;1;2;3;-4,26150735;-39,2150116;"SPRF-CE";"DEL02-CE";"UOP01-DEL02-CE"
141688;2018-06-22;"sexta-feira";"06:40:00";"PR";116;175;"QUITANDINHA";"Ultrapassagem Indevida";"Colisão frontal";"Com Vítimas Feridas";"Pleno dia";"Crescente";"Nevoeiro/Neblina";"Simples";"Viaduto";"Não";2;0;1;0;1;0;1;2;-25,87727;-49,490139;"SPRF-PR";"DEL01-PR";"UOP03-DEL01-PR"
141693;2018-06-22;"sexta-feira";"06:44:00";"PR";277;0,4;"PARANAGUA";"Desobediência às normas de trânsito pelo condutor";"Colisão com objeto em movimento";"Com Vítimas Feridas";"Pleno dia";"Crescente";"Céu Claro";"Simples";"Reta";"Não";2;0;1;0;1;0;1;2;-25,52974029;-48,54858398;"SPRF-PR";"DEL01-PR";"UOP05-DEL01-PR"
141694;2018-06-22;"sexta-feira";"06:00:00";"BA";116;488,1;"RAFAEL JAMBEIRO";"Falta de Atenção à Condução";"Colisão traseira";"Com Vítimas Feridas";"Pleno dia";"Decrescente";"Nevoeiro/Neblina";"Dupla";"Reta";"Não";5;0;1;0;3;3;1;5;-12,55756;-39,46691;"SPRF-BA";"DEL02-BA";"UOP01-DEL02-BA"
141703;2018-06-22;"sexta-feira";"07:55:00";"AL";101;191,8;"JUNQUEIRO";"Desobediência às normas de trânsito pelo condutor";"Colisão lateral";"Com Vítimas Fatais";"Pleno dia";"Crescente";"Céu Claro";"Dupla";"Curva";"Não";4;1;2;0;1;0;2;2;-9,93465977;-36,47124052;"SPRF-AL";"DEL02-AL";"UOP02-DEL02-AL"
141706;2018-06-22;"sexta-feira";"08:20:00";"MG";381;511;"IGARAPE";"Falta de Atenção à Condução";"Colisão traseira";"Com Vítimas Feridas";"Pleno dia";"Crescente";"Céu Claro";"Simples";"Reta";"Não";2;0;1;0;1;0;1;2;-20,05899501;-44,28906441;"SPRF-MG";"DEL01-MG";"UOP03-DEL01-MG"
141709;2018-06-22;"sexta-feira";"07:00:00";"MT";364;474;"JANGADA";"Falta de Atenção à Condução";"Colisão traseira";"Sem Vítimas";"Pleno dia";"Crescente";"Céu Claro";"Simples";"Aclive";"Não";2;0;0;0;2;0;0;2;-15,432544;-56,339233;"SPRF-MT";"DEL01-MT";"DEL2/4-UOP02/MT"
141715;2018-06-22;"sexta-feira";"09:15:00";"BA";407;7,8;"JUAZEIRO";"Falta de Atenção à Condução";"Colisão transversal";"Com Vítimas Feridas";"Pleno dia";"Crescente";"Céu Claro";"Simples";"Reta";"Sim";2;0;0;1;1;0;1;2;-9,464065;-40,482719;"SPRF-PE";"DEL06-PE";"UOP01-DEL06-PE"
141721;2018-06-22;"sexta-feira";"08:30:00";"GO";414;371,2;"COCALZINHO DE GOIAS";"Falta de Atenção à Condução";"Colisão transversal";"Com Vítimas Feridas";"Pleno dia";"Crescente";"Céu Claro";"Simples";"Reta";"Não";2;0;1;0;1;0;1;2;-15,580993;-48,628662;"SPRF-GO";"DEL02-GO";"UOP01-DEL02-GO"
141729;2018-06-22;"sexta-feira";"07:40:00";"MG";267;124,6;"JUIZ DE FORA";"Velocidade Incompatível";"Tombamento";"Com Vítimas Feridas";"Pleno dia";"Decrescente";"Céu Claro";"Simples";"Curva";"Não";2;0;1;0;0;1;1;2;-21,771578;-43,29119;"SPRF-MG";"DEL05-MG";"UOP01-DEL05-MG"
141730;2018-06-22;"sexta-feira";"11:50:00";"GO";80;13;"PADRE BERNARDO";"Ingestão de Álcool";"Tombamento";"Com Vítimas Feridas";"Pleno dia";"Crescente";"Céu Claro";"Simples";"Curva";"Não";1;0;1;0;0;0;1;1;-15,434683;-48,19275;"SPRF-DF";"DEL01-DF";"UOP02-DEL03-DF"
141733;2018-06-22;"sexta-feira";"11:00:00";"PB";230;155,9;"CAMPINA GRANDE";"Desobediência às normas de trânsito pelo condutor";"Colisão transversal";"Com Vítimas Feridas";"Pleno dia";"Decrescente";"Céu Claro";"Simples";"Curva";"Sim";2;0;0;1;1;0;1;2;-7,273717;-35,908256;"SPRF-PB";"DEL02-PB";"UOP01-DEL02-PB"
141737;2018-06-22;"sexta-feira";"12:30:00";"RJ";101;407;"ITAGUAI";"Falta de Atenção à Condução";"Colisão lateral";"Com Vítimas Feridas";"Pleno dia";"Decrescente";"Céu Claro";"Dupla";"Reta";"Sim";5;0;1;0;3;1;1;3;-22,8588933;-43,7592985;"SPRF-RJ";"DEL03-RJ";"UOP01-DEL03-RJ"
141738;2018-06-22;"sexta-feira";"11:40:00";"PR";376;244,9;"APUCARANA";"Falta de Atenção à Condução";"Colisão lateral";"Sem Vítimas";"Pleno dia";"Crescente";"Céu Claro";"Dupla";"Reta";"Não";2;0;0;0;1;1;0;2;-23,58113686;-51,41816139;"SPRF-PR";"DEL07-PR";"UOP03-DEL07-PR"
141739;2018-06-22;"sexta-feira";"09:50:00";"SC";153;20,6;"AGUA DOCE";"Não guardar distância de segurança";"Colisão traseira";"Com Vítimas Feridas";"Pleno dia";"Crescente";"Céu Claro";"Simples";"Reta;Aclive";"Não";4;0;1;0;2;2;1;5;-26,721537;-51,624969;"SPRF-SC";"DEL07-SC";"UOP07-DEL07-SC"
141746;2018-06-22;"sexta-feira";"13:20:00";"RS";290;471;"ROSARIO DO SUL";"Defeito Mecânico no Veículo";"Tombamento";"Sem Vítimas";"Pleno dia";"Decrescente";"Céu Claro";"Simples";"Reta";"Não";3;0;0;0;3;0;0;1;-30,245808;-54,827522;"SPRF-RS";"DEL11-RS";"UOP02-DEL11-RS"
141750;2018-06-22;"sexta-feira";"11:30:00";"RO";364;513;"ARIQUEMES";"Avarias e/ou desgaste excessivo no pneu";"Saída de leito carroçável";"Com Vítimas Feridas";"Pleno dia";"Crescente";"Céu Claro";"Simples";"Reta";"Não";2;0;1;0;0;1;1;2;-9,942847;-63,054668;"SPRF-RO";"DEL03-RO";"UOP01-DEL03-RO"
141756;2018-06-22;"sexta-feira";"14:05:00";"PR";376;596,2;"CURITIBA";"Ingestão de Álcool";"Colisão lateral";"Sem Vítimas";"Pleno dia";"Decrescente";"Céu Claro";"Dupla";"Reta";"Sim";4;0;0;0;3;1;0;4;-25,49604467;-49,3427968;"SPRF-PR";"DEL01-PR";"UOP06-DEL01-PR"
141758;2018-06-22;"sexta-feira";"14:20:00";"BA";116;347;"SERRINHA";"Falta de Atenção à Condução";"Colisão lateral";"Com Vítimas Feridas";"Pleno dia";"Decrescente";"Céu Claro";"Simples";"Reta";"Não";3;0;2;0;1;0;2;2;-11,57253437;-38,98756027;"SPRF-BA";"DEL02-BA";"DEL10/2-UOP02/BA"
141759;2018-06-22;"sexta-feira";"10:50:00";"MG";381;722;"CARMO DA CACHOEIRA";"Velocidade Incompatível";"Tombamento";"Sem Vítimas";"Pleno dia";"Decrescente";"Céu Claro";"Dupla";"Curva";"Não";2;0;0;0;1;1;0;2;-21,4485;-45,2114;"SPRF-MG";"DEL04-MG";"UOP02-DEL04-MG"
141761;2018-06-22;"sexta-feira";"14:14:00";"BA";0;0;"SEABRA";"Falta de Atenção à Condução";"Colisão transversal";"Sem Vítimas";"Pleno dia";"Não Informado";"Céu Claro";"Simples";"Reta";"Não";3;0;0;0;2;1;0;3;-12,46536597;-41,74502134;"SPRF-BA";"DEL06-BA";"UOP01-DEL06-BA"
141763;2018-06-22;"sexta-feira";"08:15:00";"MG";262;411;"IGARATINGA";"Falta de Atenção à Condução";"Colisão lateral";"Com Vítimas Feridas";"Pleno dia";"Decrescente";"Céu Claro";"Dupla";"Reta";"Não";2;0;1;0;1;0;1;2;-19,898;-44,6989;"SPRF-MG";"DEL08-MG";"UOP03-DEL08-MG"
141765;2018-06-22;"sexta-feira";"13:05:00";"GO";60;90,6;"ANAPOLIS";"Falta de Atenção do Pedestre";"Atropelamento de Pedestre";"Com Vítimas Feridas";"Pleno dia";"Decrescente";"Céu Claro";"Dupla";"Aclive";"Sim";2;0;0;1;1;0;1;2;-16,34583791;-48,90594006;"SPRF-GO";"DEL02-GO";"UOP01-DEL02-GO"
141767;2018-06-22;"sexta-feira";"14:40:00";"PA";10;351;"SANTA MARIA DO PARA";"Ultrapassagem Indevida";"Colisão lateral";"Com Vítimas Feridas";"Pleno dia";"Crescente";"Sol";"Simples";"Aclive";"Não";4;0;2;0;1;1;2;3;-1,356462;-47,57423;"SPRF-PA";"DEL01-PA";"UOP02-DEL01-PA"
141772;2018-01-16;"terça-feira";"00:15:00";"PE";316;77;"OURICURI";"Condutor Dormindo";"Saída de leito carroçável";"Com Vítimas Fatais";"Plena Noite";"Crescente";"Céu Claro";"Simples";"Reta";"Não";2;1;0;0;0;1;0;2;-7,845151;-40,129032;"SPRF-PE";"DEL05-PE";"UOP02-DEL05-PE"
141780;2018-06-22;"sexta-feira";"13:02:00";"RJ";116;169,7;"SAO JOAO DE MERITI";"Desobediência às normas de trânsito pelo condutor";"Colisão transversal";"Com Vítimas Feridas";"Pleno dia";"Decrescente";"Sol";"Múltipla";"Reta";"Sim";3;0;1;0;2;0;1;2;-22,79470842;-43,36387396;"SPRF-RJ";"DEL01-RJ";"UOP02-DEL01-RJ"
141782;2018-06-07;"quinta-feira";"05:40:00";"RS";285;156,2;"MUITOS CAPOES";"Condutor Dormindo";"Saída de leito carroçável";"Com Vítimas Feridas";"Amanhecer";"Crescente";"Céu Claro";"Simples";"Curva";"Sim";1;0;1;0;0;0;1;1;-28,325294;-51,187935;"SPRF-RS";"DEL05-RS";"UOP03-DEL05-RS"
141793;2018-06-22;"sexta-feira";"16:00:00";"MG";365;753;"ITUIUTABA";"Falta de Atenção à Condução";"Colisão transversal";"Com Vítimas Feridas";"Pleno dia";"Crescente";"Céu Claro";"Dupla";"Reta";"Sim";3;0;0;1;1;1;1;3;-18,94733251;-49,45932269;"SPRF-MG";"DEL15-MG";"UOP03-DEL15-MG"
141813;2018-06-22;"sexta-feira";"11:10:00";"MS";267;151,8;"NOVA ANDRADINA";"Ultrapassagem Indevida";"Colisão frontal";"Com Vítimas Feridas";"Pleno dia";"Crescente";"Céu Claro";"Simples";"Declive;Reta";"Não";3;0;0;2;0;1;2;3;-21,641407;-53,496773;"SPRF-MS";"DEL02-MS";"DEL3/7-UOP02/MS"
141818;2018-06-22;"sexta-feira";"17:20:00";"MS";267;157,4;"NOVA ANDRADINA";"Ultrapassagem Indevida";"Colisão frontal";"Com Vítimas Feridas";"Anoitecer";"Decrescente";"Céu Claro";"Simples";"Reta";"Não";2;0;2;0;0;0;2;2;-21,63764347;-53,53500366;"SPRF-MS";"DEL02-MS";"DEL3/7-UOP02/MS"
141823;2018-06-22;"sexta-feira";"20:20:00";"BA";116;419;"FEIRA DE SANTANA";"Falta de Atenção à Condução";"Colisão lateral";"Sem Vítimas";"Plena Noite";"Decrescente";"Céu Claro";"Dupla";"Reta";"Sim";3;0;0;0;3;0;0;2;-12,20144892;-38,9661026;"SPRF-BA";"DEL02-BA";"UOP01-DEL02-BA"
141828;2018-06-22;"sexta-feira";"20:00:00";"AP";210;32,5;"MACAPA";"Animais na Pista";"Atropelamento de Animal";"Sem Vítimas";"Plena Noite";"Decrescente";"Céu Claro";"Simples";"Reta";"Não";1;0;0;0;1;0;0;1;0,30329482;-51,08461688;"SPRF-AP";"DEL01-AP";"UOP01-DEL01-AP"
141834;2018-06-22;"sexta-feira";"19:10:00";"PE";316;70;"OURICURI";"Desobediência às normas de trânsito pelo condutor";"Colisão transversal";"Com Vítimas Feridas";"Plena Noite";"Decrescente";"Céu Claro";"Simples";"Reta";"Sim";3;0;1;0;1;1;1;3;-7,807127;-40,179924;"SPRF-PE";"DEL05-PE";"UOP02-DEL05-PE"
141835;2018-06-22;"sexta-feira";"18:00:00";"MT";70;695,6;"CACERES";"Velocidade Incompatível";"Saída de leito carroçável";"Com Vítimas Feridas";"Anoitecer";"Decrescente";"Céu Claro";"Simples";"Declive";"Não";2;0;0;1;0;2;1;3;-16,25172763;-57,46558249;"SPRF-MT";"DEL03-MT";"UOP01-DEL03-MT"
141841;2018-06-22;"sexta-feira";"21:40:00";"RS";158;309,3;"ITAARA";"Ultrapassagem Indevida";"Colisão lateral";"Com Vítimas Feridas";"Plena Noite";"Crescente";"Céu Claro";"Simples";"Curva";"Não";4;0;2;0;1;2;2;4;-29,60762849;-53,76529843;"SPRF-RS";"DEL09-RS";"UOP01-DEL09-RS"
141846;2018-06-22;"sexta-feira";"21:20:00";"GO";153;432,6;"ANAPOLIS";"Animais na Pista";"Atropelamento de Animal";"Com Vítimas Feridas";"Plena Noite";"Crescente";"Céu Claro";"Dupla";"Reta";"Sim";5;0;1;1;2;1;2;3;-16,26873241;-48,97911072;"SPRF-GO";"DEL02-GO";"UOP01-DEL02-GO"
141847;2018-06-22;"sexta-feira";"19:40:00";"GO";80;11,8;"PADRE BERNARDO";"Falta de Atenção à Condução";"Colisão lateral";"Com Vítimas Feridas";"Plena Noite";"Crescente";"Céu Claro";"Simples";"Reta";"Não";2;0;1;0;1;0;1;2;-15,44284263;-48,19887129;"SPRF-DF";"DEL01-DF";"UOP02-DEL03-DF"
141851;2018-06-22;"sexta-feira";"21:39:00";"PR";116;206;"RIO NEGRO";"Falta de Atenção à Condução";"Saída de leito carroçável";"Sem Vítimas";"Plena Noite";"Decrescente";"Céu Claro";"Simples";"Curva";"Não";2;0;0;0;1;1;0;2;-26,07428482;-49,75706533;"SPRF-SC";"DEL06-SC";"UOP01-DEL06-SC"
141852;2018-06-22;"sexta-feira";"22:30:00";"ES";101;174;"ARACRUZ";"Falta de Atenção à Condução";"Colisão transversal";"Com Vítimas Feridas";"Plena Noite";"Crescente";"Chuva";"Simples";"Rotatória";"Sim";4;0;1;0;2;1;1;3;-19,58513317;-40,18994629;"SPRF-ES";"DEL04-ES";"UOP01-DEL04-ES"
141853;2018-06-22;"sexta-feira";"22:45:00";"SE";101;113,1;"ITAPORANGA DAJUDA";"Condutor Dormindo";"Saída de leito carroçável";"Com Vítimas Feridas";"Plena Noite";"Decrescente";"Céu Claro";"Dupla";"Reta;Aclive";"Não";1;0;1;0;0;0;1;1;-10,9893014;-37,2941448;"SPRF-SE";"DEL02-SE";"UOP01-DEL02-SE"
141863;2018-06-23;"sábado";"00:28:00";"MG";381;670,6;"PERDOES";"Condutor Dormindo";"Colisão traseira";"Com Vítimas Fatais";"Plena Noite";"Decrescente";"Nublado";"Dupla";"Reta;Aclive";"Não";20;1;15;1;2;1;16;3;-21,0593064;-45,04934636;"SPRF-MG";"DEL04-MG";"UOP02-DEL04-MG"
141868;2018-06-23;"sábado";"00:30:00";"PE";101;99;"CABO DE SANTO AGOSTINHO";"Falta de Atenção à Condução";"Colisão lateral";"Com Vítimas Feridas";"Plena Noite";"Crescente";"Céu Claro";"Dupla";"Reta";"Sim";3;0;1;0;2;0;1;2;-8,2776124;-35,0294853;"SPRF-PE";"DEL01-PE";"UOP03-DEL01-PE"
141872;2018-06-23;"sábado";"00:40:00";"MT";364;21,3;"ALTO ARAGUAIA";"Falta de Atenção à Condução";"Tombamento";"Com Vítimas Feridas";"Plena Noite";"Decrescente";"Céu Claro";"Simples";"Curva";"Não";2;0;1;0;0;2;1;3;-17,209864;-53,356396;"SPRF-MT";"DEL02-MT";"UOP02-DEL02-MT"
141875;2018-06-23;"sábado";"02:20:00";"PR";116;98,9;"SAO JOSE DOS PINHAIS";"Ingestão de Álcool";"Colisão lateral";"Sem Vítimas";"Plena Noite";"Crescente";"Céu Claro";"Dupla";"Curva";"Sim";3;0;0;0;1;3;0;4;-25,5599937;-49,15130844;"SPRF-PR";"DEL01-PR";"UOP01-DEL01-PR"
141880;2018-06-23;"sábado";"04:00:00";"PR";476;142;"CURITIBA";"Falta de Atenção à Condução";"Colisão frontal";"Com Vítimas Fatais";"Plena Noite";"Crescente";"Nevoeiro/Neblina";"Dupla";"Declive";"Sim";2;1;0;0;1;0;0;2;-25,537161;-49,301632;"SPRF-PR";"DEL01-PR";"UOP07-DEL01-PR"