"id";"data_inversa";"dia_semana";"horario";"uf";"br";"km";"municipio";"causa_acidente";"tipo_acidente";"classificacao_acidente";"fase_dia";"sentido_via";"condicao_metereologica";"tipo_pista";"tracado_via";"uso_solo";"pessoas";"mortos";"feridos_leves";"feridos_graves";"ilesos";"ignorados";"feridos";"veiculos";"latitude";"longitude";"regional";"delegacia";"uop"
141881;2018-06-23;"sábado";"04:05:00";"PR";376;543,9;"PALMEIRA";"Condutor Dormindo";"Colisão traseira";"Com Vítimas Feridas";"Plena Noite";"Crescente";"Nublado";"Dupla";"Reta";"Não";3;0;0;1;1;1;1;3;-25,381704;-49,8087967;"SPRF-PR";"DEL01-PR";"UOP06-DEL01-PR"
141886;2018-06-23;"sábado";"03:40:00";"BA";324;574,9;"SAO SEBASTIAO DO PASSE";"Falta de Atenção à Condução";"Capotamento";"Com Vítimas Fatais";"Plena Noite";"Crescente";"Nublado";"Dupla";"Reta";"Não";2;1;1;0;0;0;1;1;-12,57888571;-38,53588681;"SPRF-BA";"DEL01-BA";"UOP01-DEL01-BA"
141887;2018-06-23;"sábado";"01:40:00";"SC";116;162,2;"PONTE ALTA DO NORTE";"Falta de Atenção à Condução";"Colisão frontal";"Com Vítimas Feridas";"Plena Noite";"Crescente";"Nevoeiro/Neblina";"Simples";"Curva";"Não";4;0;1;1;1;1;2;3;-27,262749;-50,444603;"SPRF-SC";"DEL05-SC";"UOP03-DEL05-SC"
141894;2018-06-22;"sexta-feira";"23:15:00";"SC";101;443;"SANTA ROSA DO SUL";"Falta de Atenção à Condução";"Colisão traseira";"Sem Vítimas";"Plena Noite";"Decrescente";"Céu Claro";"Múltipla";"Reta";"Não";3;0;0;0;2;1;0;3;-29,135;-49,7066;"SPRF-SC";"DEL02-SC";"UOP02-DEL02-SC"
141897;2018-06-23;"sábado";"05:27:00";"GO";40;5;"VALPARAISO DE GOIAS";"Condutor Dormindo";"Colisão traseira";"Com Vítimas Feridas";"Plena Noite";"Decrescente";"Céu Claro";"Dupla";"Reta";"Sim";2;0;0;1;0;1;1;2;-16,093134;-47,982236;"SPRF-DF";"DEL01-DF";"UOP01-DEL01-DF"
141900;2018-06-23;"sábado";"05:45:00";"MG";116;566,9;"MANHUACU";"Velocidade Incompatível";"Tombamento";"Sem Vítimas";"Amanhecer";"Decrescente";"Céu Claro";"Simples";"Curva";"Não";2;0;0;0;1;2;0;3;-20,2471317;-42,1424401;"SPRF-MG";"DEL06-MG";"UOP03-DEL06-MG"
141904;2018-06-23;"sábado";"05:30:00";"GO";153;231;"HIDROLINA";"Velocidade Incompatível";"Capotamento";"Com Vítimas Feridas";"Amanhecer";"Decrescente";"Céu Claro";"Simples";"Reta;Declive";"Não";2;0;1;0;0;1;1;2;-14,770607;-49,265926;"SPRF-GO";"DEL07-GO";"UOP02-DEL07-GO"
141907;2018-06-23;"sábado";"06:30:00";"RJ";101;69;"CAMPOS DOS GOYTACAZES";"Condutor Dormindo";"Colisão lateral";"Com Vítimas Feridas";"Pleno dia";"Decrescente";"Céu Claro";"Simples";"Reta";"Não";2;0;1;0;1;0;1;2;-21,776251;-41,365345;"SPRF-RJ";"DEL08-RJ";"UOP02-DEL08-RJ"
141927;2018-06-03;"domingo";"20:00:00";"RS";290;91,9;"PORTO ALEGRE";"Falta de Atenção à Condução";"Colisão frontal";"Com Vítimas Feridas";"Plena Noite";"Crescente";"Céu Claro";"Múltipla";"Reta";"Sim";4;0;2;1;1;0;3;2;-29,96950908;-51,17619563;"SPRF-RS";"DEL01-RS";"UOP01-DEL01-RS"
141932;2018-06-23;"sábado";"08:30:00";"CE";20;408;"CAUCAIA";"Falta de Atenção à Condução";"Colisão lateral";"Sem Vítimas";"Pleno dia";"Decrescente";"Céu Claro";"Dupla";"Reta";"Não";3;0;0;0;2;1;0;3;-3,78383905;-38,65608215;"SPRF-CE";"DEL01-CE";"UOP01-DEL01-CE"
141940;2018-06-23;"sábado";"07:30:00";"MG";40;730;"OLIVEIRA FORTES";"Restrição de Visibilidade";"Colisão traseira";"Com Vítimas Fatais";"Pleno dia";"Crescente";"Céu Claro";"Dupla";"Aclive";"Não";5;1;0;1;1;2;1;4;-21,3565;-43,581;"SPRF-MG";"DEL05-MG";"UOP01-DEL05-MG"
141941;2018-06-23;"sábado";"09:30:00";"MG";381;939,6;"EXTREMA";"Condutor Dormindo";"Colisão com objeto estático";"Com Vítimas Feridas";"Pleno dia";"Decrescente";"Céu Claro";"Dupla";"Reta";"Sim";1;0;0;1;0;0;1;1;-22,82391313;-46,30862832;"SPRF-MG";"DEL16-MG";"UOP03-DEL16-MG"
141945;2018-06-23;"sábado";"10:10:00";"CE";222;295,2;"TIANGUA";"Desobediência às normas de trânsito pelo condutor";"Colisão transversal";"Com Vítimas Feridas";"Pleno dia";"Crescente";"Céu Claro";"Simples";"Interseção de Vias";"Sim";4;0;1;1;1;1;2;3;-3,665195;-40,908394;"SPRF-CE";"DEL04-CE";"UOP02-DEL04-CE"
141946;2018-06-23;"sábado";"10:15:00";"BA";242;777,9;"BARREIRAS";"Desobediência às normas de trânsito pelo condutor";"Colisão frontal";"Com Vítimas Feridas";"Pleno dia";"Decrescente";"Céu Claro";"Simples";"Curva";"Não";7;0;4;0;2;2;4;5;-12,15108808;-44,88698244;"SPRF-BA";"DEL10-BA";"UOP01-DEL10-BA"
141950;2018-06-23;"sábado";"10:30:00";"CE";222;79;"SAO LUIS DO CURU";"Ingestão de Álcool";"Saída de leito carroçável";"Com Vítimas Feridas";"Pleno dia";"Crescente";"Céu Claro";"Simples";"Reta";"Não";2;0;0;1;1;0;1;2;-3,67446535;-39,25003052;"SPRF-CE";"DEL04-CE";"UOP03-DEL04-CE"
141953;2018-06-23;"sábado";"10:30:00";"SC";470;38;"GASPAR";"Falta de Atenção à Condução";"Colisão traseira";"Com Vítimas Feridas";"Pleno dia";"Crescente";"Céu Claro";"Simples";"Em Obras";"Sim";5;0;2;0;2;3;2;6;-26,91469901;-48,97553533;"SPRF-SC";"DEL04-SC";"UOP01-DEL04-SC"
141957;2018-06-23;"sábado";"09:30:00";"SC";116;308,9;"CAPAO ALTO";"Velocidade Incompatível";"Tombamento";"Com Vítimas Feridas";"Pleno dia";"Decrescente";"Céu Claro";"Simples";"Curva";"Não";2;0;1;0;0;1;1;2;-28,19746323;-50,75947339;"SPRF-SC";"DEL05-SC";"UOP02-DEL05-SC"
141961;2018-06-23;"sábado";"10:45:00";"MT";163;787,5;"VERA";"Avarias e/ou desgaste excessivo no pneu";"Colisão lateral";"Com Vítimas Feridas";"Pleno dia";"Decrescente";"Céu Claro";"Simples";"Declive";"Não";8;0;1;0;6;4;1;8;-12,282564;-55,560031;"SPRF-MT";"DEL06-MT";"UOP01-DEL06-MT"
141963;2018-06-23;"sábado";"11:50:00";"MG";40;656,3;"CRISTIANO OTONI";"Falta de Atenção à Condução";"Colisão transversal";"Com Vítimas Feridas";"Pleno dia";"Decrescente";"Céu Claro";"Simples";"Curva";"Não";3;0;0;1;1;1;1;3;-20,87863124;-43,80072534;"SPRF-MG";"DEL05-MG";"UOP02-DEL05-MG"
141965;2018-06-23;"sábado";"03:30:00";"BA";116;900,6;"CANDIDO SALES";"Restrição de Visibilidade";"Tombamento";"Com Vítimas Feridas";"Amanhecer";"Crescente";"Nevoeiro/Neblina";"Simples";"Reta";"Não";2;0;1;0;0;1;1;2;-15,44086;-41,22395;"SPRF-BA";"DEL08-BA";"UOP03-DEL08-BA"
141966;2018-06-23;"sábado";"11:50:00";"PE";424;71,3;"CAETES";"Defeito Mecânico no Veículo";"Colisão lateral";"Com Vítimas Feridas";"Pleno dia";"Crescente";"Sol";"Simples";"Aclive";"Não";7;0;1;0;3;3;1;4;-8,78888;-36,606391;"SPRF-PE";"DEL03-PE";"UOP01-DEL03-PE"
141968;2018-06-23;"sábado";"08:55:00";"BA";101;414,3;"IBIRAPITANGA";"Ultrapassagem Indevida";"Colisão transversal";"Com Vítimas Feridas";"Pleno dia";"Decrescente";"Chuva";"Simples";"Reta";"Não";2;0;1;0;1;0;1;2;-14,0787;-39,3847;"SPRF-BA";"DEL05-BA";"UOP03-DEL05-BA"
141975;2018-06-23;"sábado";"09:10:00";"PR";277;412,2;"CANDOI";"Carga excessiva e/ou mal acondicionada";"Tombamento";"Com Vítimas Feridas";"Pleno dia";"Crescente";"Céu Claro";"Simples";"Curva";"Não";2;0;1;0;0;1;1;2;-25,41660958;-52,063694;"SPRF-PR";"DEL04-PR";"UOP02-DEL04-PR"
141976;2018-06-23;"sábado";"12:45:00";"PE";101;20;"GOIANA";"Falta de Atenção à Condução";"Colisão traseira";"Com Vítimas Feridas";"Pleno dia";"Crescente";"Sol";"Dupla";"Reta";"Não";2;0;1;0;1;0;1;2;-7,6692;-34,9327;"SPRF-PE";"DEL01-PE";"UOP02-DEL01-PE"
141986;2018-06-03;"domingo";"17:35:00";"RS";116;153,7;"CAXIAS DO SUL";"Desobediência às normas de trânsito pelo condutor";"Colisão lateral";"Com Vítimas Feridas";"Anoitecer";"Crescente";"Céu Claro";"Múltipla";"Rotatória";"Sim";2;0;1;0;1;0;1;2;-29,18847223;-51,18277073;"SPRF-RS";"DEL05-RS";"UOP01-DEL05-RS"
141999;2018-06-03;"domingo";"18:30:00";"RS";386;64,2;"SEBERI";"Falta de Atenção do Pedestre";"Atropelamento de Pedestre";"Com Vítimas Feridas";"Plena Noite";"Crescente";"Céu Claro";"Simples";"Reta";"Não";3;0;0;1;1;1;1;3;-27,618511;-53,34409;"SPRF-RS";"DEL08-RS";"UOP02-DEL08-RS"
142000;2018-06-23;"sábado";"14:20:00";"PR";376;445,5;"TIBAGI";"Velocidade Incompatível";"Tombamento";"Com Vítimas Feridas";"Pleno dia";"Decrescente";"Céu Claro";"Simples";"Curva";"Não";2;0;1;0;0;1;1;2;-24,84925238;-50,47289193;"SPRF-PR";"DEL03-PR";"UOP02-DEL03-PR"
142001;2018-06-23;"sábado";"09:40:00";"MA";135;186,9;"SAO MATEUS DO MARANHAO";"Condutor Dormindo";"Colisão lateral";"Com Vítimas Feridas";"Pleno dia";"Decrescente";"Céu Claro";"Simples";"Reta";"Não";18;0;13;0;5;0;13;2;-4,04710076;-44,46996116;"SPRF-MA";"DEL03-MA";"UOP01-DEL03-MA"
142004;2018-06-23;"sábado";"14:20:00";"SC";280;167,9;"MAFRA";"Falta de Atenção à Condução";"Colisão traseira";"Com Vítimas Feridas";"Pleno dia";"Decrescente";"Céu Claro";"Simples";"Reta;Aclive";"Sim";4;0;1;1;0;2;2;3;-26,16092706;-49,81653929;"SPRF-SC";"DEL06-SC";"UOP01-DEL06-SC"
142017;2018-06-23;"sábado";"17:13:00";"RS";116;152,7;"CAXIAS DO SUL";"Velocidade Incompatível";"Colisão frontal";"Com Vítimas Feridas";"Pleno dia";"Crescente";"Céu Claro";"Simples";"Curva";"Sim";2;0;0;1;1;0;1;2;-29,18555749;-51,17404282;"SPRF-RS";"DEL05-RS";"UOP01-DEL05-RS"
142024;2018-06-23;"sábado";"13:10:00";"MG";262;629,2;"IBIA";"Ultrapassagem Indevida";"Tombamento";"Com Vítimas Feridas";"Pleno dia";"Crescente";"Céu Claro";"Simples";"Curva";"Não";1;0;1;0;0;0;1;1;-19,586182;-46,473;"SPRF-MG";"DEL08-MG";"UOP01-DEL08-MG"
142033;2018-06-23;"sábado";"17:35:00";"MT";364;530;"ROSARIO OESTE";"Mal Súbito";"Colisão frontal";"Com Vítimas Feridas";"Anoitecer";"Decrescente";"Céu Claro";"Simples";"Reta";"Não";6;0;1;0;4;2;1;4;-14,98591295;-56,51865005;"SPRF-MT";"DEL01-MT";"UOP01-DEL01-MT"
142034;2018-06-23;"sábado";"19:10:00";"SC";101;417;"ARARANGUA";"Falta de Atenção à Condução";"Colisão lateral";"Com Vítimas Feridas";"Plena Noite";"Decrescente";"Nublado";"Múltipla";"Reta";"Sim";3;0;1;0;2;0;1;2;-28,96704442;-49,52329874;"SPRF-SC";"DEL02-SC";"UOP02-DEL02-SC"
142040;2018-06-23;"sábado";"12:00:00";"PI";135;407;"REDENCAO DO GURGUEIA";"Falta de Atenção à Condução";"Colisão traseira";"Com Vítimas Fatais";"Pleno dia";"Crescente";"Céu Claro";"Simples";"Reta";"Não";2;1;0;0;1;0;0;2;-9,462339;-44,597912;"SPRF-PI";"DEL03-PI";"UOP02-DEL03-PI"
142055;2018-06-23;"sábado";"15:00:00";"MG";356;277,2;"EUGENOPOLIS";"Velocidade Incompatível";"Tombamento";"Com Vítimas Feridas";"Pleno dia";"Decrescente";"Céu Claro";"Simples";"Curva";"Não";7;0;2;0;3;3;2;7;-21,12793952;-42,2744143;"SPRF-MG";"DEL07-MG";"UOP02-DEL07-MG"
142059;2018-06-23;"sábado";"20:30:00";"MG";251;449,8;"GRAO MOGOL";"Velocidade Incompatível";"Tombamento";"Com Vítimas Feridas";"Plena Noite";"Decrescente";"Céu Claro";"Simples";"Reta";"Não";2;0;1;0;0;1;1;2;-16,4067;-43,2363;"SPRF-MG";"DEL12-MG";"UOP01-DEL12-MG"
142060;2018-02-09;"sexta-feira";"10:20:00";"RJ";116;98;"GUAPIMIRIM";"Falta de Atenção à Condução";"Tombamento";"Com Vítimas Feridas";"Pleno dia";"Crescente";"Sol";"Simples";"Declive;Curva";"Sim";1;0;0;1;0;0;1;1;-22,482868;-42,997238;"SPRF-RJ";"DEL04-RJ";"UOP02-DEL04-RJ"
142075;2018-06-23;"sábado";"20:20:00";"SC";282;489,3;"FAXINAL DOS GUEDES";"Não guardar distância de segurança";"Colisão traseira";"Com Vítimas Feridas";"Plena Noite";"Crescente";"Céu Claro";"Simples";"Reta";"Não";7;0;2;0;4;2;2;6;-26,86404585;-52,27063024;"SPRF-SC";"DEL07-SC";"UOP01-DEL07-SC"
142077;2018-06-23;"sábado";"22:40:00";"BA";418;119;"MUCURI";"Ultrapassagem Indevida";"Tombamento";"Com Vítimas Feridas";"Plena Noite";"Crescente";"Nevoeiro/Neblina";"Simples";"Reta";"Não";1;0;1;0;0;0;1;1;-17,86309354;-40,15211105;"SPRF-BA";"DEL09-BA";"UOP02-DEL09-BA"
142091;2018-06-23;"sábado";"20:20:00";"SC";282;489,9;"FAXINAL DOS GUEDES";"Ingestão de Álcool";"Colisão frontal";"Sem Vítimas";"Plena Noite";"Crescente";"Céu Claro";"Simples";"Reta";"Não";4;0;0;0;3;3;0;6;-26,86833403;-52,27297604;"SPRF-SC";"DEL07-SC";"UOP01-DEL07-SC"
142108;2018-06-23;"sábado";"22:25:00";"PR";153;107,5;"IBAITI";"Desobediência às normas de trânsito pelo condutor";"Colisão frontal";"Com Vítimas Feridas";"Plena Noite";"Decrescente";"Céu Claro";"Simples";"Declive;Reta";"Não";4;0;0;1;2;2;1;4;-23,83477663;-50,19033009;"SPRF-PR";"DEL07-PR";"UOP04-DEL07-PR"
142141;2018-06-24;"domingo";"06:30:00";"PE";232;195;"SANHARO";"Falta de Atenção à Condução";"Colisão traseira";"Com Vítimas Feridas";"Pleno dia";"Decrescente";"Chuva";"Simples";"Reta";"Sim";3;0;2;0;1;0;2;2;-8,364983;-36,561494;"SPRF-PE";"DEL02-PE";"UOP03-DEL02-PE"
142143;2018-06-24;"domingo";"04:45:00";"MT";70;731,5;"CACERES";"Ultrapassagem Indevida";"Colisão frontal";"Com Vítimas Fatais";"Amanhecer";"Crescente";"Céu Claro";"Simples";"Reta";"Sim";3;1;0;0;2;0;0;3;-16,151093;-57,626183;"SPRF-MT";"DEL03-MT";"UOP01-DEL03-MT"
142144;2018-06-23;"sábado";"21:00:00";"ES";262;167;"IUNA";"Ingestão de Álcool";"Colisão frontal";"Sem Vítimas";"Plena Noite";"Decrescente";"Céu Claro";"Simples";"Curva";"Não";3;0;0;0;2;1;0;3;-20,2582;-41,5685;"SPRF-ES";"DEL01-ES";"UOP02-DEL01-ES"
142146;2018-06-24;"domingo";"04:20:00";"MG";50;56;"ARAGUARI";"Animais na Pista";"Atropelamento de Animal";"Sem Vítimas";"Amanhecer";"Crescente";"Céu Claro";"Simples";"Curva";"Não";1;0;0;0;1;0;0;1;-18,7896;-48,2311;"SPRF-MG";"DEL15-MG";"UOP02-DEL15-MG"
142153;2018-06-24;"domingo";"05:45:00";"BA";101;870;"TEIXEIRA DE FREITAS";"Sinalização da via insuficiente ou inadequada";"Colisão frontal";"Sem Vítimas";"Amanhecer";"Crescente";"Nevoeiro/Neblina";"Simples";"Reta";"Não";2;0;0;0;2;0;0;2;-17,4799;-39,7045;"SPRF-BA";"DEL09-BA";"UOP02-DEL09-BA"
142165;2018-06-24;"domingo";"08:20:00";"PR";277;344,4;"GUARAPUAVA";"Falta de Atenção do Pedestre";"Atropelamento de Pedestre";"Com Vítimas Fatais";"Amanhecer";"Crescente";"Céu Claro";"Simples";"Reta";"Sim";2;1;0;0;0;1;0;2;-25,36636407;-51,48365021;"SPRF-PR";"DEL03-PR";"UOP01-DEL08-PR"
142170;2018-06-24;"domingo";"09:10:00";"PE";423;75,4;"JUCATI";"Ingestão de Álcool";"Saída de leito carroçável";"Com Vítimas Feridas";"Pleno dia";"Crescente";"Céu Claro";"Simples";"Curva";"Não";2;0;1;0;1;0;1;1;-8,72702223;-36,4312166;"SPRF-PE";"DEL03-PE";"UOP01-DEL03-PE"
142185;2018-06-21;"quinta-feira";"15:00:00";"MA";230;127;"PASTOS BONS";"Falta de Atenção à Condução";"Saída de leito carroçável";"Sem Vítimas";"Pleno dia";"Crescente";"Céu Claro";"Simples";"Aclive";"Não";1;0;0;0;1;0;0;1;-6,515696;-43,879341;"SPRF-MA";"DEL05-MA";"UOP01-DEL05-MA"
142187;2018-06-24;"domingo";"09:30:00";"MA";135;6,4;"SAO LUIS";"Falta de Atenção à Condução";"Saída de leito carroçável";"Sem Vítimas";"Pleno dia";"Crescente";"Céu Claro";"Dupla";"Reta";"Não";1;0;0;0;1;0;0;1;-2,63173736;-44,26539928;"SPRF-MA";"DEL01-MA";"UOP01-DEL01-MA"
142188;2018-06-22;"sexta-feira";"07:35:00";"GO";153;590,3;"MORRINHOS";"Falta de Atenção à Condução";"Colisão traseira";"Com Vítimas Feridas";"Pleno dia";"Crescente";"Céu Claro";"Dupla";"Aclive";"Não";3;0;1;0;1;2;1;4;-17,4675;-49,2187;"SPRF-GO";"DEL03-GO";"UOP01-DEL03-GO"
142190;2018-06-24;"domingo";"12:10:00";"GO";153;210;"URUACU";"Falta de Atenção à Condução";"Tombamento";"Com Vítimas Feridas";"Pleno dia";"Decrescente";"Céu Claro";"Simples";"Declive";"Não";2;0;1;0;0;2;1;3;-14,4697102;-49,1560694;"SPRF-GO";"DEL07-GO";"UOP02-DEL07-GO"
142192;2018-06-24;"domingo";"12:20:00";"PR";153;107,5;"IBAITI";"Desobediência às normas de trânsito pelo condutor";"Colisão frontal";"Com Vítimas Fatais";"Pleno dia";"Crescente";"Céu Claro";"Simples";"Reta";"Sim";3;1;0;0;1;2;0;4;-23,83488458;-50,19043294;"SPRF-PR";"DEL07-PR";"UOP04-DEL07-PR"
142200;2018-06-24;"domingo";"13:35:00";"PR";277;44;"MORRETES";"Restrição de Visibilidade";"Colisão traseira";"Sem Vítimas";"Pleno dia";"Crescente";"Nevoeiro/Neblina";"Dupla";"Curva";"Não";3;0;0;0;2;1;0;3;-25,48790983;-48,80401611;"SPRF-PR";"DEL01-PR";"UOP07-DEL01-PR"
142210;2018-06-24;"domingo";"13:45:00";"MG";116;313;"ITAMBACURI";"Condutor Dormindo";"Colisão frontal";"Com Vítimas Feridas";"Pleno dia";"Crescente";"Céu Claro";"Simples";"Reta";"Não";3;0;1;0;1;1;1;3;-18,04664423;-41,66255951;"SPRF-MG";"DEL11-MG";"UOP01-DEL11-MG"
142211;2018-06-24;"domingo";"13:20:00";"SC";282;437,5;"IRANI";"Velocidade Incompatível";"Colisão com objeto estático";"Sem Vítimas";"Pleno dia";"Decrescente";"Chuva";"Simples";"Reta";"Não";1;0;0;0;1;0;0;1;-26,963764;-51,854839;"SPRF-SC";"DEL07-SC";"UOP04-DEL07-SC"
142222;2018-06-24;"domingo";"15:30:00";"MG";381;504,2;"BETIM";"Falta de Atenção à Condução";"Capotamento";"Com Vítimas Feridas";"Pleno dia";"Crescente";"Céu Claro";"Dupla";"Curva";"Sim";6;0;3;0;3;0;3;5;-20,0354;-44,244;"SPRF-MG";"DEL01-MG";"UOP03-DEL01-MG"
142224;2018-06-24;"domingo";"15:30:00";"MG";50;80,8;"UBERLANDIA";"Falta de Atenção à Condução";"Colisão traseira";"Com Vítimas Feridas";"Pleno dia";"Crescente";"Céu Claro";"Dupla";"Viaduto";"Não";2;0;1;0;1;0;1;2;-18,97005701;-48,21568966;"SPRF-MG";"DEL15-MG";"UOP01-DEL15-MG"
142235;2018-06-24;"domingo";"16:00:00";"PR";158;494,1;"CORONEL VIVIDA";"Ingestão de álcool e/ou substâncias psicoativas pelo pedestre";"Colisão frontal";"Com Vítimas Feridas";"Pleno dia";"Crescente";"Nublado";"Simples";"Curva;Aclive";"Não";2;0;1;0;1;0;1;2;-26,02254247;-52,58296967;"SPRF-PR";"DEL02-PR";"UOP01-DEL02-PR"
142240;2018-06-24;"domingo";"15:30:00";"MG";40;741;"SANTOS DUMONT";"Não guardar distância de segurança";"Colisão traseira";"Com Vítimas Feridas";"Pleno dia";"Crescente";"Céu Claro";"Simples";"Rotatória";"Não";4;0;1;0;2;1;1;3;-21,4358;-43,5525;"SPRF-MG";"DEL05-MG";"UOP01-DEL05-MG"
142252;2018-06-24;"domingo";"17:15:00";"RJ";393;139;"SAPUCAIA";"Mal Súbito";"Colisão lateral";"Com Vítimas Feridas";"Anoitecer";"Crescente";"Sol";"Simples";"Reta";"Não";3;0;1;0;1;1;1;3;-22,02148224;-42,96723425;"SPRF-RJ";"DEL06-RJ";"UOP01-DEL05-RJ"
142253;2018-06-07;"quinta-feira";"23:00:00";"MA";316;547,2;"CAXIAS";"Defeito Mecânico no Veículo";"Colisão traseira";"Com Vítimas Feridas";"Plena Noite";"Crescente";"Céu Claro";"Simples";"Declive";"Não";5;0;2;0;2;1;2;2;-4,87867551;-43,38936199;"SPRF-MA";"DEL03-MA";"UOP02-DEL03-MA"
142270;2018-06-24;"domingo";"18:30:00";"PR";376;92,7;"PARANAVAI";"Falta de Atenção à Condução";"Colisão frontal";"Com Vítimas Fatais";"Plena Noite";"Decrescente";"Céu Claro";"Simples";"Reta;Declive";"Não";3;1;0;0;1;2;0;4;-23,00378458;-52,55166829;"SPRF-PR";"DEL07-PR";"UOP02-DEL09-PR"
142271;2018-06-24;"domingo";"16:50:00";"TO";226;18,2;"PALMEIRAS DO TOCANTINS";"Não guardar distância de segurança";"Colisão lateral";"Com Vítimas Fatais";"Pleno dia";"Decrescente";"Céu Claro";"Simples";"Declive";"Não";3;1;0;0;1;3;0;5;-6,628493;-47,598886;"SPRF-TO";"DEL02-TO";"UOP03-DEL02-TO"
142272;2018-06-24;"domingo";"18:00:00";"GO";80;30;"PADRE BERNARDO";"Ingestão de Álcool";"Colisão lateral";"Sem Vítimas";"Anoitecer";"Crescente";"Céu Claro";"Simples";"Reta";"Não";3;0;0;0;2;1;0;3;-15,297433;-48,236903;"SPRF-DF";"DEL01-DF";"UOP02-DEL03-DF"
142290;2018-06-24;"domingo";"18:30:00";"BA";101;719;"EUNAPOLIS";"Ultrapassagem Indevida";"Colisão lateral";"Com Vítimas Feridas";"Plena Noite";"Decrescente";"Céu Claro";"Simples";"Reta";"Não";6;0;1;0;2;3;1;3;-16,3638;-39,5811;"SPRF-BA";"DEL09-BA";"UOP01-DEL09-BA"
142294;2018-06-24;"domingo";"18:45:00";"MG";251;439,4;"GRAO MOGOL";"Desobediência às normas de trânsito pelo condutor";"Colisão frontal";"Com Vítimas Fatais";"Plena Noite";"Crescente";"Céu Claro";"Simples";"Reta";"Não";2;1;0;0;1;0;0;2;-16,3955;-43,2046;"SPRF-MG";"DEL12-MG";"UOP01-DEL12-MG"
142303;2018-06-24;"domingo";"18:40:00";"SC";101;103,9;"BALNEARIO PICARRAS";"Agressão Externa";"Colisão lateral";"Sem Vítimas";"Plena Noite";"Decrescente";"Nublado";"Dupla";"Reta";"Não";5;0;0;0;3;2;0;4;-26,7931;-48,6806;"SPRF-SC";"DEL03-SC";"UOP02-DEL03-SC"
142308;2018-06-24;"domingo";"19:00:00";"MA";135;4;"SAO LUIS";"Falta de Atenção à Condução";"Tombamento";"Com Vítimas Feridas";"Plena Noite";"Decrescente";"Ignorado";"Dupla";"Declive";"Não";2;0;1;0;0;1;1;2;-2,64110444;-44,30981398;"SPRF-MA";"DEL01-MA";"UOP01-DEL01-MA"
142312;2018-06-24;"domingo";"16:30:00";"SC";280;189;"MAFRA";"Desobediência às normas de trânsito pelo condutor";"Colisão lateral";"Com Vítimas Feridas";"Pleno dia";"Decrescente";"Céu Claro";"Simples";"Declive";"Não";3;0;2;0;0;1;2;2;-26,17528;-49,971901;"SPRF-SC";"DEL06-SC";"UOP01-DEL06-SC"
142317;2018-06-24;"domingo";"18:15:00";"MG";116;813,4;"ALEM PARAIBA";"Velocidade Incompatível";"Tombamento";"Com Vítimas Feridas";"Anoitecer";"Crescente";"Céu Claro";"Simples";"Curva";"Não";1;0;1;0;0;0;1;1;-21,85031128;-42,66400516;"SPRF-MG";"DEL07-MG";"UOP01-DEL07-MG"
142323;2018-06-24;"domingo";"22:00:00";"RO";364;337;"JI-PARANA";"Falta de Atenção à Condução";"Colisão lateral";"Com Vítimas Feridas";"Plena Noite";"Crescente";"Céu Claro";"Simples";"Reta";"Não";3;0;1;0;1;2;1;4;-10,925952;-61,9296;"SPRF-RO";"DEL02-RO";"UOP01-DEL02-RO"
142324;2018-06-24;"domingo";"23:15:00";"RJ";101;64,8;"CAMPOS DOS GOYTACAZES";"Ingestão de Álcool";"Colisão frontal";"Com Vítimas Feridas";"Plena Noite";"Crescente";"Céu Claro";"Simples";"Reta";"Sim";2;0;0;1;1;0;1;2;-21,749086;-41,336327;"SPRF-RJ";"DEL08-RJ";"UOP02-DEL08-RJ"
142331;2018-06-24;"domingo";"21:30:00";"MT";70;564;"NOSSA SENHORA DO LIVRAMENTO";"Falta de Atenção à Condução";"Colisão frontal";"Com Vítimas Fatais";"Plena Noite";"Decrescente";"Céu Claro";"Simples";"Curva";"Não";5;1;0;0;2;2;0;4;-15,722943;-56,4986;"SPRF-MT";"DEL01-MT";"DEL2/4-UOP02/MT"
142346;2018-06-25;"segunda-feira";"02:55:00";"PR";376;493,5;"PONTA GROSSA";"Falta de Atenção à Condução";"Colisão traseira";"Com Vítimas Feridas";"Plena Noite";"Crescente";"Nublado";"Dupla";"Reta";"Sim";2;0;0;1;1;0;1;2;-25,12676223;-50,17812252;"SPRF-PR";"DEL03-PR";"UOP04-DEL03-PR"
142348;2018-05-15;"terça-feira";"15:50:00";"RS";158;319,9;"SANTA MARIA";"Falta de Atenção à Condução";"Colisão com objeto estático";"Sem Vítimas";"Pleno dia";"Crescente";"Céu Claro";"Simples";"Reta";"Sim";2;0;0;0;1;1;0;2;-29,670895;-53,772976;"SPRF-RS";"DEL09-RS";"UOP01-DEL09-RS"
142352;2018-06-25;"segunda-feira";"04:20:00";"AL";101;133;"SAO MIGUEL DOS CAMPOS";"Agressão Externa";"Tombamento";"Com Vítimas Feridas";"Plena Noite";"Decrescente";"Chuva";"Simples";"Reta";"Não";2;0;1;0;0;1;1;2;-9,780519;-36,106106;"SPRF-AL";"DEL02-AL";"UOP01-DEL02-AL"
142355;2018-06-25;"segunda-feira";"01:15:00";"MT";70;235;"POXOREO";"Mal Súbito";"Saída de leito carroçável";"Com Vítimas Feridas";"Plena Noite";"Crescente";"Céu Claro";"Simples";"Reta";"Não";2;0;1;0;0;1;1;2;-15,630331;-53,984612;"SPRF-MT";"DEL05-MT";"UOP01-DEL05-MT"