"id";"data_inversa";"dia_semana";"horario";"uf";"br";"km";"municipio";"causa_acidente";"tipo_acidente";"classificacao_acidente";"fase_dia";"sentido_via";"condicao_metereologica";"tipo_pista";"tracado_via";"uso_solo";"pessoas";"mortos";"feridos_leves";"feridos_graves";"ilesos";"ignorados";"feridos";"veiculos";"latitude";"longitude";"regional";"delegacia";"uop"
143016;2018-06-27;"quarta-feira";"20:20:00";"BA";242;385;"SEABRA";"Desobediência às normas de trânsito pelo condutor";"Colisão frontal";"Com Vítimas Fatais";"Plena Noite";"Crescente";"Céu Claro";"Simples";"Reta";"Não";4;1;1;1;0;2;2;4;-12,47284567;-41,74165249;"SPRF-BA";"DEL10-BA";"UOP03-DEL06-BA"
143017;2018-06-27;"quarta-feira";"19:36:00";"MG";381;529,2;"BRUMADINHO";"Velocidade Incompatível";"Colisão lateral";"Sem Vítimas";"Plena Noite";"Decrescente";"Céu Claro";"Dupla";"Curva";"Não";3;0;0;0;2;2;0;4;-20,1623;-44,3484;"SPRF-MG";"DEL04-MG";"UOP03-DEL04-MG"
143022;2018-06-27;"quarta-feira";"17:15:00";"MG";262;424;"IGARATINGA";"Falta de Atenção à Condução";"Saída de leito carroçável";"Com Vítimas Feridas";"Pleno dia";"Crescente";"Céu Claro";"Dupla";"Aclive;Reta";"Não";3;0;2;0;1;0;2;2;-19,8909;-44,8191;"SPRF-MG";"DEL08-MG";"UOP03-DEL08-MG"
143028;2018-06-27;"quarta-feira";"13:15:00";"MG";116;413;"GOVERNADOR VALADARES";"Defeito Mecânico no Veículo";"Saída de leito carroçável";"Com Vítimas Feridas";"Pleno dia";"Decrescente";"Céu Claro";"Dupla";"Reta";"Não";4;0;4;0;0;0;4;1;-18,8770519;-41,96331024;"SPRF-MG";"DEL06-MG";"UOP01-DEL06-MG"
143030;2018-06-27;"quarta-feira";"22:39:00";"PR";376;232;"APUCARANA";"Falta de Atenção à Condução";"Colisão traseira";"Com Vítimas Fatais";"Plena Noite";"Decrescente";"Nublado";"Dupla";"Reta";"Não";5;1;1;0;2;1;1;4;-23,56757715;-51,51696861;"SPRF-PR";"DEL07-PR";"UOP03-DEL07-PR"
143031;2018-06-27;"quarta-feira";"22:00:00";"SP";116;510;"CAJATI";"Defeito Mecânico no Veículo";"Incêndio";"Sem Vítimas";"Plena Noite";"Crescente";"Nublado";"Dupla";"Reta";"Não";2;0;0;0;1;1;0;2;-24,73659;-48,12319;"SPRF-SP";"DEL05-SP";"UAP01-DEL05-SP"
143032;2018-06-22;"sexta-feira";"06:10:00";"BA";110;370;"CATU";"Falta de Atenção à Condução";"Colisão transversal";"Com Vítimas Feridas";"Amanhecer";"Crescente";"Nublado";"Simples";"Interseção de Vias";"Não";2;0;1;0;1;0;1;2;-12,39831141;-38,37275857;"SPRF-BA";"DEL01-BA";"UOP04-DEL01-BA"
143033;2018-06-27;"quarta-feira";"19:30:00";"MA";10;336;"ACAILANDIA";"Defeito Mecânico no Veículo";"Tombamento";"Com Vítimas Feridas";"Plena Noite";"Decrescente";"Céu Claro";"Simples";"Reta";"Não";2;0;1;0;0;3;1;4;-4,811126;-47,507172;"SPRF-MA";"DEL04-MA";"UOP03-DEL04-MA"
143039;2018-06-27;"quarta-feira";"23:00:00";"SC";101;213,2;"PALHOCA";"Falta de Atenção à Condução";"Colisão traseira";"Com Vítimas Fatais";"Plena Noite";"Crescente";"Nublado";"Múltipla";"Aclive";"Sim";4;1;0;0;1;4;0;6;-27,6446;-48,6705;"SPRF-SC";"DEL01-SC";"UOP02-DEL01-SC"
143041;2018-06-28;"quinta-feira";"00:20:00";"PA";222;100,7;"RONDON DO PARA";"Condutor Dormindo";"Saída de leito carroçável";"Com Vítimas Fatais";"Plena Noite";"Crescente";"Céu Claro";"Simples";"Curva";"Não";2;1;0;0;0;1;0;2;-4,750449;-48,037624;"SPRF-PA";"DEL02-PA";"UOP02-DEL02-PA"
143048;2018-06-28;"quinta-feira";"01:20:00";"PA";316;54,2;"CASTANHAL";"Velocidade Incompatível";"Colisão traseira";"Com Vítimas Feridas";"Plena Noite";"Decrescente";"Céu Claro";"Dupla";"Reta";"Sim";4;0;0;3;1;0;3;2;-1,30563462;-47,99962699;"SPRF-PA";"DEL01-PA";"UOP01-DEL01-PA"
143052;2018-06-28;"quinta-feira";"01:40:00";"PR";116;99,5;"SAO JOSE DOS PINHAIS";"Falta de Atenção à Condução";"Colisão traseira";"Sem Vítimas";"Plena Noite";"Crescente";"Nublado";"Dupla";"Curva";"Não";3;0;0;0;2;5;0;7;-25,526846;-49,140408;"SPRF-PR";"DEL01-PR";"UOP01-DEL01-PR"
143053;2018-06-28;"quinta-feira";"02:50:00";"SC";280;5,5;"SAO FRANCISCO DO SUL";"Falta de Atenção à Condução";"Colisão traseira";"Sem Vítimas";"Plena Noite";"Crescente";"Céu Claro";"Simples";"Reta";"Sim";2;0;0;0;2;0;0;2;-26,260122;-48,625729;"SPRF-SC";"DEL03-SC";"UOP03-DEL03-SC"
143054;2018-06-28;"quinta-feira";"02:00:00";"MG";262;483,5;"BOM DESPACHO";"Condutor Dormindo";"Colisão lateral";"Com Vítimas Feridas";"Plena Noite";"Crescente";"Céu Claro";"Simples";"Reta";"Não";2;0;1;0;1;0;1;2;-19,78529909;-45,3130888;"SPRF-MG";"DEL08-MG";"UOP03-DEL08-MG"
143056;2018-06-28;"quinta-feira";"03:00:00";"SP";116;434;"REGISTRO";"Animais na Pista";"Atropelamento de Animal";"Sem Vítimas";"Plena Noite";"Crescente";"Nevoeiro/Neblina";"Dupla";"Reta";"Não";1;0;0;0;1;0;0;1;-24,49714632;-47,83996582;"SPRF-SP";"DEL05-SP";"UOP01-DEL05-SP"
143059;2018-06-28;"quinta-feira";"02:40:00";"SC";101;205;"SAO JOSE";"Falta de Atenção à Condução";"Colisão traseira";"Sem Vítimas";"Plena Noite";"Decrescente";"Céu Claro";"Múltipla";"Reta";"Sim";3;0;0;0;2;1;0;3;-27,59808363;-48,62067103;"SPRF-SC";"DEL01-SC";"UOP01-DEL01-SC"
143061;2018-06-28;"quinta-feira";"03:00:00";"CE";222;132,4;"ITAPAJE";"Ingestão de Álcool";"Colisão frontal";"Com Vítimas Feridas";"Plena Noite";"Decrescente";"Céu Claro";"Simples";"Reta";"Não";4;0;0;2;1;1;2;3;-3,71489323;-39,63489532;"SPRF-CE";"DEL04-CE";"UOP03-DEL04-CE"
143065;2018-06-28;"quinta-feira";"04:41:00";"MG";381;718,6;"CARMO DA CACHOEIRA";"Velocidade Incompatível";"Saída de leito carroçável";"Com Vítimas Feridas";"Plena Noite";"Decrescente";"Nublado";"Dupla";"Curva;Aclive";"Não";3;0;2;0;0;1;2;2;-21,41315107;-45,21062667;"SPRF-MG";"DEL04-MG";"UOP02-DEL04-MG"
143068;2018-06-28;"quinta-feira";"06:30:00";"SE";101;90,7;"NOSSA SENHORA DO SOCORRO";"Não guardar distância de segurança";"Colisão traseira";"Com Vítimas Feridas";"Pleno dia";"Crescente";"Céu Claro";"Dupla";"Reta";"Sim";2;0;1;0;1;0;1;2;-10,8961;-37,1323;"SPRF-SE";"DEL01-SE";"UOP01-DEL01-SE"
143074;2018-06-28;"quinta-feira";"06:30:00";"PI";20;399;"PIO IX";"Falta de Atenção à Condução";"Tombamento";"Sem Vítimas";"Pleno dia";"Crescente";"Céu Claro";"Simples";"Reta";"Não";2;0;0;0;1;3;0;4;-6,60458741;-40,85011483;"SPRF-PI";"DEL04-PI";"UOP01-DEL04-PI"
143084;2018-06-28;"quinta-feira";"07:40:00";"ES";101;301,4;"VIANA";"Ingestão de Álcool";"Colisão lateral";"Sem Vítimas";"Pleno dia";"Crescente";"Céu Claro";"Dupla";"Reta";"Sim";2;0;0;0;2;0;0;2;-20,36865735;-40,44381201;"SPRF-ES";"DEL01-ES";"UOP01-DEL01-ES"
143087;2018-06-28;"quinta-feira";"06:45:00";"MT";163;82;"RONDONOPOLIS";"Animais na Pista";"Atropelamento de Animal";"Sem Vítimas";"Pleno dia";"Decrescente";"Céu Claro";"Dupla";"Reta";"Não";2;0;0;0;1;2;0;3;-16,803299;-54,68074;"SPRF-MT";"DEL02-MT";"DEL2/2-UOP02/MT"
143095;2018-06-28;"quinta-feira";"08:30:00";"PB";101;42;"MAMANGUAPE";"Condutor Dormindo";"Colisão com objeto estático";"Sem Vítimas";"Pleno dia";"Crescente";"Céu Claro";"Dupla";"Declive";"Não";1;0;0;0;1;0;0;1;-6,853795;-35,135702;"SPRF-PB";"DEL01-PB";"UOP04-DEL01-PB"
143106;2018-06-28;"quinta-feira";"08:30:00";"RJ";40;39;"AREAL";"Desobediência às normas de trânsito pelo condutor";"Colisão lateral";"Sem Vítimas";"Pleno dia";"Crescente";"Nublado";"Dupla";"Retorno Regulamentado";"Não";3;0;0;0;2;1;0;3;-22,23320506;-43,11412275;"SPRF-RJ";"DEL06-RJ";"UOP02-DEL05-RJ"
143112;2018-06-28;"quinta-feira";"10:10:00";"PB";101;85,8;"JOAO PESSOA";"Falta de Atenção à Condução";"Colisão traseira";"Sem Vítimas";"Pleno dia";"Crescente";"Chuva";"Múltipla";"Reta";"Sim";3;0;0;0;2;2;0;4;-7,15017164;-34,91125238;"SPRF-PB";"DEL01-PB";"UOP01-DEL01-PB"
143115;2018-06-28;"quinta-feira";"10:50:00";"PR";376;106,5;"PARANAVAI";"Falta de Atenção à Condução";"Colisão transversal";"Com Vítimas Feridas";"Pleno dia";"Crescente";"Sol";"Simples";"Reta;Em Obras";"Sim";2;0;0;1;1;0;1;2;-23,063156;-52,431847;"SPRF-PR";"DEL07-PR";"UOP02-DEL09-PR"
143119;2018-06-28;"quinta-feira";"11:00:00";"MG";381;509,8;"SAO JOAQUIM DE BICAS";"Desobediência às normas de trânsito pelo condutor";"Colisão transversal";"Com Vítimas Feridas";"Pleno dia";"Crescente";"Sol";"Dupla";"Reta";"Sim";3;0;1;0;1;1;1;3;-20,0553;-44,2849;"SPRF-MG";"DEL01-MG";"UOP03-DEL01-MG"
143123;2018-06-28;"quinta-feira";"11:50:00";"PR";277;39,3;"MORRETES";"Defeito Mecânico no Veículo";"Saída de leito carroçável";"Com Vítimas Fatais";"Pleno dia";"Decrescente";"Sol";"Dupla";"Declive";"Não";3;1;1;0;0;2;1;3;-25,578601;-48,861789;"SPRF-PR";"DEL01-PR";"UOP05-DEL01-PR"
143124;2018-06-28;"quinta-feira";"11:15:00";"SP";116;97,8;"PINDAMONHANGABA";"Defeito Mecânico no Veículo";"Queda de ocupante de veículo";"Com Vítimas Feridas";"Pleno dia";"Decrescente";"Céu Claro";"Dupla";"Reta";"Não";3;0;1;0;1;1;1;3;-22,973892;-45,447544;"SPRF-SP";"DEL06-SP";"UOP01-DEL06-SP"
143138;2018-06-24;"domingo";"15:20:00";"SP";153;215,6;"GUAIMBE";"Velocidade Incompatível";"Colisão transversal";"Com Vítimas Feridas";"Pleno dia";"Decrescente";"Sol";"Simples";"Ponte";"Não";3;0;1;0;1;2;1;4;-21,952909;-49,922554;"SPRF-SP";"DEL07-SP";"UOP02-DEL07-SP"
143139;2018-02-22;"quinta-feira";"18:10:00";"MG";40;464,9;"SETE LAGOAS";"Pista Escorregadia";"Saída de leito carroçável";"Com Vítimas Feridas";"Anoitecer";"Decrescente";"Chuva";"Dupla";"Reta";"Não";2;0;1;0;0;1;1;2;-19,4746072;-44,2916897;"SPRF-MG";"DEL02-MG";"UOP01-DEL02-MG"
143142;2018-06-28;"quinta-feira";"11:30:00";"MT";70;217;"GENERAL CARNEIRO";"Carga excessiva e/ou mal acondicionada";"Tombamento";"Sem Vítimas";"Pleno dia";"Crescente";"Céu Claro";"Simples";"Reta";"Não";2;0;0;0;1;2;0;3;-15,68524;-53,846367;"SPRF-MT";"DEL05-MT";"UOP01-DEL05-MT"
143143;2018-06-28;"quinta-feira";"14:40:00";"GO";50;109,1;"CRISTALINA";"Condutor Dormindo";"Saída de leito carroçável";"Com Vítimas Feridas";"Pleno dia";"Decrescente";"Céu Claro";"Dupla";"Reta";"Não";1;0;1;0;0;0;1;1;-16,85613394;-47,67688751;"SPRF-DF";"DEL01-DF";"UOP02-DEL01-DF"
143149;2018-06-28;"quinta-feira";"15:10:00";"PR";476;129;"CURITIBA";"Falta de Atenção à Condução";"Colisão traseira";"Com Vítimas Feridas";"Pleno dia";"Decrescente";"Céu Claro";"Múltipla";"Reta";"Sim";2;0;0;1;1;0;1;2;-25,440983;-49,233715;"SPRF-PR";"DEL01-PR";"UOP07-DEL01-PR"
143154;2018-06-28;"quinta-feira";"14:40:00";"PE";101;81,3;"JABOATAO DOS GUARARAPES";"Mal Súbito";"Colisão transversal";"Com Vítimas Feridas";"Pleno dia";"Crescente";"Nublado";"Dupla";"Reta";"Sim";3;0;2;0;0;1;2;3;-8,1623;-34,9394;"SPRF-PE";"DEL01-PE";"UOP03-DEL01-PE"
143155;2018-06-28;"quinta-feira";"15:20:00";"CE";116;16;"EUSEBIO";"Não guardar distância de segurança";"Colisão traseira";"Com Vítimas Feridas";"Pleno dia";"Decrescente";"Céu Claro";"Dupla";"Reta";"Não";4;0;1;0;2;1;1;3;-3,8998;-38,5038;"SPRF-CE";"DEL01-CE";"UOP02-DEL01-CE"
143160;2018-06-28;"quinta-feira";"14:15:00";"MT";163;685;"LUCAS DO RIO VERDE";"Falta de Atenção à Condução";"Saída de leito carroçável";"Com Vítimas Feridas";"Pleno dia";"Crescente";"Sol";"Simples";"Reta";"Sim";2;0;1;0;0;2;1;3;-13,08425411;-55,94111145;"SPRF-MT";"DEL06-MT";"UOP01-DEL06-MT"
143163;2018-06-28;"quinta-feira";"16:00:00";"PR";116;40,7;"CAMPINA GRANDE DO SUL";"Velocidade Incompatível";"Derramamento de carga";"Com Vítimas Feridas";"Pleno dia";"Decrescente";"Sol";"Dupla";"Curva";"Não";3;0;0;1;1;1;1;3;-25,16876621;-48,86639357;"SPRF-PR";"DEL01-PR";"UOP02-DEL01-PR"
143170;2018-06-28;"quinta-feira";"14:20:00";"MT";163;938;"ITAUBA";"Não guardar distância de segurança";"Colisão traseira";"Sem Vítimas";"Pleno dia";"Decrescente";"Céu Claro";"Simples";"Aclive";"Não";3;0;0;0;2;4;0;6;-10,97481846;-55,23012187;"SPRF-MT";"DEL06-MT";"UOP02-DEL06-MT"
143171;2018-06-28;"quinta-feira";"16:00:00";"RJ";354;8,8;"RESENDE";"Ultrapassagem Indevida";"Colisão frontal";"Com Vítimas Feridas";"Pleno dia";"Crescente";"Sol";"Simples";"Curva";"Não";2;0;1;0;1;0;1;2;-22,416534;-44,750381;"SPRF-RJ";"DEL07-RJ";"DEL5/7-UOP03/RJ"
143173;2018-06-28;"quinta-feira";"15:50:00";"PI";316;9;"TERESINA";"Desobediência às normas de trânsito pelo condutor";"Colisão lateral";"Com Vítimas Feridas";"Pleno dia";"Decrescente";"Sol";"Simples";"Reta";"Sim";3;0;1;0;1;1;1;3;-5,17768071;-42,76505101;"SPRF-PI";"DEL01-PI";"UOP02-DEL01-PI"
143186;2018-06-28;"quinta-feira";"17:15:00";"MG";40;597,7;"OURO PRETO";"Falta de Atenção do Pedestre";"Atropelamento de Pedestre";"Com Vítimas Feridas";"Anoitecer";"Decrescente";"Céu Claro";"Simples";"Reta";"Não";3;0;0;1;0;2;1;3;-20,42280508;-43,87810975;"SPRF-MG";"DEL05-MG";"UOP02-DEL05-MG"
143191;2018-06-28;"quinta-feira";"17:00:00";"MT";158;412,5;"RIBEIRAO CASCALHEIRA";"Falta de Atenção à Condução";"Colisão traseira";"Com Vítimas Feridas";"Pleno dia";"Crescente";"Sol";"Simples";"Reta";"Sim";3;0;1;0;1;2;1;4;-12,84563035;-51,80819213;"SPRF-MT";"DEL07-MT";"UOP02-DEL07-MT"
143192;2018-06-28;"quinta-feira";"14:20:00";"RS";392;207,8;"SANTANA DA BOA VISTA";"Fenômenos da Natureza";"Colisão lateral";"Sem Vítimas";"Pleno dia";"Crescente";"Chuva";"Simples";"Curva;Declive";"Não";5;0;0;0;3;6;0;9;-30,82372672;-53,17483932;"SPRF-RS";"DEL09-RS";"UOP02-DEL09-RS"
143193;2018-06-28;"quinta-feira";"16:00:00";"RN";226;6,6;"NATAL";"Defeito Mecânico no Veículo";"Tombamento";"Com Vítimas Feridas";"Pleno dia";"Crescente";"Céu Claro";"Simples";"Curva";"Não";1;0;1;0;0;0;1;1;-5,82400685;-35,28038263;"SPRF-RN";"DEL01-RN";"UOP02-DEL01-RN"
143196;2018-06-28;"quinta-feira";"17:50:00";"PE";232;55;"POMBOS";"Objeto estático sobre o leito carroçável";"Colisão traseira";"Sem Vítimas";"Anoitecer";"Crescente";"Nublado";"Dupla";"Reta";"Não";4;0;0;0;4;0;0;4;-8,144629;-35,390347;"SPRF-PE";"DEL01-PE";"UOP02-DEL02PE"
143197;2018-06-28;"quinta-feira";"18:30:00";"PI";316;0;"TERESINA";"Falta de Atenção à Condução";"Colisão lateral";"Com Vítimas Feridas";"Plena Noite";"Decrescente";"Céu Claro";"Simples";"Reta";"Sim";3;0;0;1;1;2;1;4;-5,131168;-42,81564;"SPRF-PI";"DEL01-PI";"UOP02-DEL01-PI"
143207;2018-06-28;"quinta-feira";"18:40:00";"PR";116;69;"CAMPINA GRANDE DO SUL";"Falta de Atenção à Condução";"Colisão lateral";"Com Vítimas Feridas";"Anoitecer";"Crescente";"Céu Claro";"Dupla";"Reta";"Não";2;0;0;1;1;0;1;2;-25,331121;-49,031559;"SPRF-PR";"DEL01-PR";"UOP02-DEL01-PR"
143210;2018-06-28;"quinta-feira";"18:30:00";"RN";101;85,3;"NATAL";"Falta de Atenção à Condução";"Colisão traseira";"Com Vítimas Feridas";"Plena Noite";"Crescente";"Céu Claro";"Dupla";"Curva;Declive";"Sim";2;0;1;0;0;1;1;2;-5,78007319;-35,24836242;"SPRF-RN";"DEL02-RN";"UOP01-DEL02-RN"
143213;2018-06-28;"quinta-feira";"14:50:00";"MG";381;216;"NAQUE";"Desobediência às normas de trânsito pelo condutor";"Colisão lateral";"Com Vítimas Feridas";"Pleno dia";"Crescente";"Céu Claro";"Simples";"Reta";"Não";3;0;2;0;1;0;2;3;-19,24219651;-42,33542919;"SPRF-MG";"DEL06-MG";"UOP01-DEL06-MG"
143216;2018-06-16;"sábado";"10:50:00";"RN";101;109,1;"PARNAMIRIM";"Falta de Atenção à Condução";"Colisão lateral";"Com Vítimas Fatais";"Pleno dia";"Decrescente";"Chuva";"Múltipla";"Retorno Regulamentado";"Sim";3;1;0;0;2;0;0;2;-5,938359;-35,264625;"SPRF-RN";"DEL01-RN";"UOP01-DEL01-RN"
143221;2018-06-28;"quinta-feira";"18:20:00";"MG";381;525,5;"BRUMADINHO";"Defeito Mecânico no Veículo";"Incêndio";"Sem Vítimas";"Plena Noite";"Crescente";"Ignorado";"Dupla";"Curva;Declive";"Não";2;0;0;0;1;1;0;2;-20,1511;-44,3256;"SPRF-MG";"DEL04-MG";"UOP03-DEL04-MG"
143222;2018-06-28;"quinta-feira";"17:15:00";"SC";470;42;"GASPAR";"Falta de Atenção à Condução";"Tombamento";"Com Vítimas Feridas";"Pleno dia";"Decrescente";"Céu Claro";"Simples";"Reta";"Não";2;0;1;0;0;1;1;2;-26,890072;-48,990517;"SPRF-SC";"DEL04-SC";"UOP01-DEL04-SC"
143224;2018-06-28;"quinta-feira";"18:00:00";"RJ";40;51;"PETROPOLIS";"Defeito Mecânico no Veículo";"Colisão com objeto estático";"Sem Vítimas";"Plena Noite";"Decrescente";"Céu Claro";"Dupla";"Curva";"Não";1;0;0;0;1;0;0;1;-22,2318709;-43,11787181;"SPRF-RJ";"DEL06-RJ";"UOP01-DEL06-RJ"
143227;2018-06-28;"quinta-feira";"19:05:00";"TO";153;572,8;"SANTA RITA DO TOCANTINS";"Ultrapassagem Indevida";"Colisão frontal";"Com Vítimas Fatais";"Plena Noite";"Crescente";"Céu Claro";"Simples";"Reta";"Sim";3;1;0;0;2;0;0;2;-10,8554;-48,905125;"SPRF-TO";"DEL02-TO";"UOP01-DEL01-TO"
143228;2018-06-25;"segunda-feira";"06:15:00";"RJ";101;398;"ITAGUAI";"Condutor Dormindo";"Saída de leito carroçável";"Com Vítimas Feridas";"Pleno dia";"Crescente";"Céu Claro";"Simples";"Curva";"Não";2;0;1;0;1;0;1;1;-22,92133546;-43,77784252;"SPRF-RJ";"DEL03-RJ";"UOP01-DEL03-RJ"
143230;2018-06-28;"quinta-feira";"19:10:00";"PR";277;38;"MORRETES";"Não guardar distância de segurança";"Colisão traseira";"Sem Vítimas";"Plena Noite";"Decrescente";"Céu Claro";"Dupla";"Reta;Declive";"Não";3;0;0;0;2;1;0;3;-25,5743322;-48,8542292;"SPRF-PR";"DEL01-PR";"UOP05-DEL01-PR"
143236;2018-06-28;"quinta-feira";"20:20:00";"PR";376;407,3;"TIBAGI";"Velocidade Incompatível";"Tombamento";"Sem Vítimas";"Plena Noite";"Decrescente";"Céu Claro";"Simples";"Curva";"Não";2;0;0;0;1;1;0;2;-24,60340139;-50,66413879;"SPRF-PR";"DEL03-PR";"UOP02-DEL03-PR"
143241;2018-06-28;"quinta-feira";"18:15:00";"MT";364;400;"CUIABA";"Falta de Atenção à Condução";"Colisão lateral";"Com Vítimas Feridas";"Plena Noite";"Decrescente";"Céu Claro";"Dupla";"Retorno Regulamentado";"Sim";3;0;1;0;1;2;1;4;-15,675622;-55,938293;"SPRF-MT";"DEL02-MT";"UOP02-DEL01-MT"
143244;2018-06-28;"quinta-feira";"20:40:00";"PR";153;461;"UNIAO DA VITORIA";"Falta de Atenção à Condução";"Colisão lateral";"Sem Vítimas";"Plena Noite";"Decrescente";"Céu Claro";"Simples";"Curva";"Não";3;0;0;0;2;2;0;4;-26,224693;-51,135174;"SPRF-PR";"DEL02-PR";"UOP03-DEL02-PR"
143245;2018-06-28;"quinta-feira";"17:00:00";"MT";163;566;"NOVA MUTUM";"Desobediência às normas de trânsito pelo condutor";"Colisão lateral";"Com Vítimas Feridas";"Plena Noite";"Crescente";"Céu Claro";"Simples";"Reta";"Não";2;0;1;0;1;0;1;2;-14,04908264;-56,09702826;"SPRF-MT";"DEL01-MT";"UOP01-DEL01-MT"
143246;2018-06-28;"quinta-feira";"21:45:00";"TO";153;574;"SANTA RITA DO TOCANTINS";"Falta de Atenção à Condução";"Colisão traseira";"Com Vítimas Feridas";"Plena Noite";"Decrescente";"Céu Claro";"Simples";"Aclive;Reta";"Não";3;0;1;0;1;3;1;5;-10,88467251;-48,90656769;"SPRF-TO";"DEL02-TO";"UOP01-DEL01-TO"
143249;2018-06-28;"quinta-feira";"16:05:00";"SC";280;89,7;"CORUPA";"Defeito Mecânico no Veículo";"Tombamento";"Sem Vítimas";"Pleno dia";"Crescente";"Céu Claro";"Simples";"Curva";"Não";1;0;0;0;1;0;0;1;-26,41239613;-49,27620292;"SPRF-SC";"DEL06-SC";"UOP03-DEL06-SC"
143253;2018-06-28;"quinta-feira";"22:20:00";"SC";282;198,8;"LAGES";"Ingestão de Álcool";"Saída de leito carroçável";"Sem Vítimas";"Plena Noite";"Crescente";"Chuva";"Simples";"Reta";"Não";2;0;0;0;1;2;0;3;-27,75525361;-50,11671066;"SPRF-SC";"DEL05-SC";"UOP01-DEL05-SC"
143254;2018-06-28;"quinta-feira";"22:15:00";"SC";282;51,9;"AGUAS MORNAS";"Velocidade Incompatível";"Colisão frontal";"Com Vítimas Fatais";"Plena Noite";"Decrescente";"Chuva";"Simples";"Curva";"Não";5;1;1;1;0;3;2;5;-27,703712;-48,959267;"SPRF-SC";"DEL01-SC";"UOP03-DEL01-SC"
143255;2018-06-28;"quinta-feira";"23:10:00";"ES";101;435,5;"ATILIO VIVACQUA";"Velocidade Incompatível";"Capotamento";"Com Vítimas Feridas";"Plena Noite";"Crescente";"Céu Claro";"Simples";"Curva;Declive";"Não";1;0;1;0;0;0;1;1;-21,06096408;-41,20559692;"SPRF-ES";"DEL03-ES";"UOP02-DEL03-ES"
143256;2018-06-28;"quinta-feira";"23:20:00";"RN";304;234,1;"RIACHUELO";"Defeito Mecânico no Veículo";"Capotamento";"Com Vítimas Fatais";"Plena Noite";"Crescente";"Céu Claro";"Simples";"Reta";"Não";1;1;0;0;0;0;0;1;-5,756971;-35,868424;"SPRF-RN";"DEL01-RN";"UOP02-DEL01-RN"
143257;2018-06-29;"sexta-feira";"00:00:00";"SC";101;207;"SAO JOSE";"Falta de Atenção à Condução";"Colisão lateral";"Com Vítimas Feridas";"Plena Noite";"Decrescente";"Nublado";"Dupla";"Curva";"Sim";2;0;1;0;1;0;1;2;-27,59663839;-48,61978943;"SPRF-SC";"DEL01-SC";"UOP01-DEL01-SC"
143263;2018-06-28;"quinta-feira";"22:30:00";"BA";242;329;"LENCOIS";"Falta de Atenção à Condução";"Tombamento";"Com Vítimas Feridas";"Plena Noite";"Crescente";"Céu Claro";"Simples";"Curva";"Não";2;0;2;0;0;0;2;1;-12,49239244;-41,32769108;"SPRF-BA";"DEL06-BA";"UOP01-DEL06-BA"
143264;2018-06-29;"sexta-feira";"02:00:00";"MG";153;108;"PRATA";"Falta de Atenção à Condução";"Tombamento";"Com Vítimas Feridas";"Plena Noite";"Decrescente";"Céu Claro";"Simples";"Curva";"Não";2;0;1;0;0;1;1;2;-19,29883065;-48,90804291;"SPRF-MG";"DEL15-MG";"UOP03-DEL15-MG"
143266;2018-06-29;"sexta-feira";"02:30:00";"RJ";116;291,6;"BARRA MANSA";"Mal Súbito";"Engavetamento";"Com Vítimas Feridas";"Plena Noite";"Crescente";"Céu Claro";"Dupla";"Reta";"Sim";4;0;1;0;2;1;1;4;-22,4494277;-44,3173027;"SPRF-RJ";"DEL07-RJ";"DEL5/7-UOP03/RJ"
143270;2018-06-28;"quinta-feira";"21:30:00";"MG";251;342,9;"FRUTA DE LEITE";"Defeito Mecânico no Veículo";"Incêndio";"Sem Vítimas";"Plena Noite";"Decrescente";"Céu Claro";"Simples";"Curva";"Não";2;0;0;0;1;2;0;3;-16,2653;-42,4777;"SPRF-MG";"DEL12-MG";"UOP01-DEL12-MG"
143274;2018-06-29;"sexta-feira";"05:50:00";"MG";153;132,8;"PRATA";"Condutor Dormindo";"Colisão lateral";"Com Vítimas Fatais";"Amanhecer";"Crescente";"Céu Claro";"Simples";"Reta";"Não";4;1;1;0;1;1;1;3;-19,50637;-48,84685;"SPRF-MG";"DEL15-MG";"UOP03-DEL15-MG"
143275;2018-06-29;"sexta-feira";"03:30:00";"SP";116;347;"MIRACATU";"Defeito Mecânico no Veículo";"Incêndio";"Sem Vítimas";"Plena Noite";"Decrescente";"Nevoeiro/Neblina";"Dupla";"Reta";"Não";2;0;0;0;1;1;0;2;-24,040284;-47,192931;"SPRF-SP";"DEL04-SP";"UOP03-DEL04-SP"
143280;2018-06-28;"quinta-feira";"21:30:00";"MT";174;448,2;"COMODORO";"Animais na Pista";"Atropelamento de Animal";"Sem Vítimas";"Plena Noite";"Crescente";"Céu Claro";"Simples";"Aclive;Curva";"Não";1;0;0;0;1;0;0;1;-13,98812578;-59,74951029;"SPRF-MT";"DEL04-MT";"UOP01-DEL04-MT"
143287;2018-06-29;"sexta-feira";"06:40:00";"MT";70;257;"PRIMAVERA DO LESTE";"Ultrapassagem Indevida";"Colisão lateral";"Sem Vítimas";"Pleno dia";"Decrescente";"Céu Claro";"Simples";"Reta";"Não";3;0;0;0;2;1;0;3;-15,62898;-54,176361;"SPRF-MT";"DEL05-MT";"UOP01-DEL05-MT"
143292;2018-06-06;"quarta-feira";"16:00:00";"PB";230;29;"JOAO PESSOA";"Não guardar distância de segurança";"Engavetamento";"Com Vítimas Feridas";"Pleno dia";"Decrescente";"Sol";"Dupla";"Reta";"Sim";3;0;1;0;1;1;1;3;-7,15603846;-34,90731049;"SPRF-PB";"DEL01-PB";"UOP01-DEL01-PB"