"id";"data_inversa";"dia_semana";"horario";"uf";"br";"km";"municipio";"causa_acidente";"tipo_acidente";"classificacao_acidente";"fase_dia";"sentido_via";"condicao_metereologica";"tipo_pista";"tracado_via";"uso_solo";"pessoas";"mortos";"feridos_leves";"feridos_graves";"ilesos";"ignorados";"feridos";"veiculos";"latitude";"longitude";"regional";"delegacia";"uop"
144111;2018-07-02;"segunda-feira";"22:00:00";"MG";153;129,8;"PRATA";"Velocidade Incompatível";"Saída de leito carroçável";"Com Vítimas Feridas";"Plena Noite";"Crescente";"Céu Claro";"Simples";"Reta";"Não";4;0;1;0;2;7;1;10;-19,48325166;-48,86289144;"SPRF-MG";"DEL15-MG";"UOP03-DEL15-MG"
144113;2018-07-02;"segunda-feira";"22:40:00";"PA";10;70;"ULIANOPOLIS";"Defeito Mecânico no Veículo";"Incêndio";"Sem Vítimas";"Plena Noite";"Decrescente";"Céu Claro";"Simples";"Reta";"Não";2;0;0;0;1;3;0;4;-3,712601;-47,487484;"SPRF-PA";"DEL02-PA";"UOP02-DEL02-PA"
144115;2018-07-02;"segunda-feira";"21:30:00";"MG";381;347;"JOAO MONLEVADE";"Ingestão de Álcool";"Colisão lateral";"Sem Vítimas";"Plena Noite";"Crescente";"Céu Claro";"Simples";"Reta";"Não";2;0;0;0;2;0;0;2;-19,84777932;-43,10674667;"SPRF-MG";"DEL03-MG";"UOP01-DEL03-MG"
144117;2018-07-02;"segunda-feira";"21:55:00";"MG";50;168;"UBERABA";"Falta de Atenção à Condução";"Colisão traseira";"Com Vítimas Feridas";"Plena Noite";"Decrescente";"Céu Claro";"Dupla";"Aclive;Curva";"Sim";3;0;0;1;1;2;1;4;-19,71895937;-47,9798913;"SPRF-MG";"DEL13-MG";"UOP01-DEL13-MG"
144121;2018-07-02;"segunda-feira";"18:05:00";"RJ";40;96;"DUQUE DE CAXIAS";"Falta de Atenção à Condução";"Tombamento";"Com Vítimas Fatais";"Plena Noite";"Crescente";"Céu Claro";"Simples";"Curva";"Não";1;1;0;0;0;0;0;1;-22,5862;-43,2622;"SPRF-RJ";"DEL06-RJ";"UOP01-DEL06-RJ"
144125;2018-07-02;"segunda-feira";"22:25:00";"SC";280;166,3;"MAFRA";"Defeito Mecânico no Veículo";"Colisão com objeto estático";"Sem Vítimas";"Plena Noite";"Decrescente";"Nublado";"Simples";"Reta";"Não";2;0;0;0;1;1;0;2;-26,177094;-49,816166;"SPRF-SC";"DEL06-SC";"UOP01-DEL06-SC"
144126;2018-07-02;"segunda-feira";"23:30:00";"SP";116;475;"JACUPIRANGA";"Falta de Atenção à Condução";"Saída de leito carroçável";"Com Vítimas Feridas";"Plena Noite";"Decrescente";"Céu Claro";"Dupla";"Reta";"Não";2;0;1;0;0;6;1;7;-24,70473196;-48,01128387;"SPRF-SP";"DEL05-SP";"UAP01-DEL05-SP"
144129;2018-07-02;"segunda-feira";"20:50:00";"SC";116;167,8;"PONTE ALTA DO NORTE";"Falta de Atenção à Condução";"Saída de leito carroçável";"Com Vítimas Feridas";"Plena Noite";"Decrescente";"Nublado";"Simples";"Declive;Reta";"Sim";1;0;1;0;0;0;1;1;-27,17421663;-50,46278;"SPRF-SC";"DEL05-SC";"UOP03-DEL05-SC"
144132;2018-07-03;"terça-feira";"01:44:00";"SP";116;24,3;"LAVRINHAS";"Falta de Atenção à Condução";"Colisão traseira";"Com Vítimas Feridas";"Plena Noite";"Decrescente";"Céu Claro";"Dupla";"Reta;Declive";"Não";3;0;2;0;1;0;2;2;-22,598995;-44,887993;"SPRF-SP";"DEL08-SP";"UOP02-DEL08-SP"
144134;2018-07-03;"terça-feira";"02:30:00";"SC";101;130;"BALNEARIO CAMBORIU";"Ingestão de Álcool";"Colisão traseira";"Sem Vítimas";"Plena Noite";"Crescente";"Céu Claro";"Dupla";"Reta";"Sim";3;0;0;0;2;1;0;3;-26,98427053;-48,66984129;"SPRF-SC";"DEL04-SC";"UOP03-DEL04-SC"
144138;2018-07-03;"terça-feira";"02:45:00";"RS";116;361,8;"TAPES";"Mal Súbito";"Saída de leito carroçável";"Sem Vítimas";"Plena Noite";"Crescente";"Céu Claro";"Simples";"Reta";"Não";2;0;0;0;1;1;0;2;-30,62893894;-51,54795885;"SPRF-RS";"DEL02-RS";"UOP03-DEL02-RS"
144139;2018-07-03;"terça-feira";"04:00:00";"MS";163;699,7;"RIO VERDE DE MATO GROSSO";"Condutor Dormindo";"Colisão traseira";"Com Vítimas Feridas";"Plena Noite";"Crescente";"Céu Claro";"Simples";"Aclive";"Não";2;0;0;1;1;0;1;2;-18,7533881;-54,82309431;"SPRF-MS";"DEL06-MS";"UOP01-DEL06-MS"
144142;2018-07-03;"terça-feira";"02:00:00";"SC";116;124;"SANTA CECILIA";"Falta de Atenção à Condução";"Saída de leito carroçável";"Com Vítimas Feridas";"Plena Noite";"Crescente";"Chuva";"Simples";"Curva";"Não";1;0;1;0;0;0;1;1;-26,907774;-50,441204;"SPRF-SC";"DEL06-SC";"UOP02-DEL06-SC"
144143;2018-07-03;"terça-feira";"06:20:00";"BA";116;800,1;"VITORIA DA CONQUISTA";"Ultrapassagem Indevida";"Colisão lateral";"Com Vítimas Feridas";"Amanhecer";"Decrescente";"Nevoeiro/Neblina";"Simples";"Reta";"Não";3;0;0;1;2;0;1;3;-14,74746;-40,6728;"SPRF-BA";"DEL08-BA";"UOP01-DEL08-BA"
144150;2018-07-03;"terça-feira";"05:30:00";"GO";153;92,4;"PORANGATU";"Avarias e/ou desgaste excessivo no pneu";"Incêndio";"Sem Vítimas";"Plena Noite";"Decrescente";"Céu Claro";"Simples";"Curva";"Sim";2;0;0;0;1;1;0;2;-13,4063717;-49,1313788;"SPRF-GO";"DEL07-GO";"UOP01-DEL07-GO"
144151;2018-07-03;"terça-feira";"07:15:00";"GO";50;143,4;"IPAMERI";"Defeito Mecânico no Veículo";"Saída de leito carroçável";"Com Vítimas Feridas";"Pleno dia";"Crescente";"Céu Claro";"Dupla";"Reta";"Não";5;0;3;1;0;2;4;3;-17,112;-47,7205;"SPRF-GO";"DEL06-GO";"UOP01-DEL06-GO"
144153;2018-07-03;"terça-feira";"07:20:00";"SC";101;211,1;"SAO JOSE";"Falta de Atenção à Condução";"Queda de ocupante de veículo";"Com Vítimas Feridas";"Pleno dia";"Crescente";"Nublado";"Múltipla";"Reta";"Não";3;0;0;1;1;1;1;3;-27,6301;-48,659;"SPRF-SC";"DEL01-SC";"UOP02-DEL01-SC"
144154;2018-07-03;"terça-feira";"07:40:00";"PR";277;551,8;"CATANDUVAS";"Ultrapassagem Indevida";"Colisão frontal";"Com Vítimas Feridas";"Pleno dia";"Crescente";"Céu Claro";"Simples";"Reta";"Não";4;0;1;2;1;0;3;3;-25,08560513;-53,14114702;"SPRF-PR";"DEL04-PR";"UOP04-DEL04-PR"
144156;2018-07-03;"terça-feira";"06:20:00";"SC";282;517,2;"XAXIM";"Condutor Dormindo";"Saída de leito carroçável";"Sem Vítimas";"Amanhecer";"Crescente";"Céu Claro";"Simples";"Rotatória";"Não";2;0;0;0;1;1;0;2;-26,94100916;-52,50316489;"SPRF-SC";"DEL07-SC";"UOP01-DEL07-SC"
144166;2018-07-03;"terça-feira";"06:40:00";"MG";116;555,7;"SANTA BARBARA DO LESTE";"Falta de Atenção à Condução";"Colisão traseira";"Com Vítimas Feridas";"Pleno dia";"Crescente";"Nublado";"Simples";"Reta";"Não";3;0;0;1;2;0;1;2;-19,998462;-42,141937;"SPRF-MG";"DEL06-MG";"UOP02-DEL06-MG"
144171;2018-07-03;"terça-feira";"09:45:00";"RJ";116;142;"DUQUE DE CAXIAS";"Falta de Atenção à Condução";"Colisão lateral";"Com Vítimas Feridas";"Pleno dia";"Crescente";"Céu Claro";"Dupla";"Reta";"Não";3;0;1;0;1;1;1;3;-22,648762;-43,230316;"SPRF-RJ";"DEL04-RJ";"UOP02-DEL04-RJ"
144172;2018-07-03;"terça-feira";"09:15:00";"PR";476;142;"CURITIBA";"Não guardar distância de segurança";"Colisão traseira";"Com Vítimas Feridas";"Pleno dia";"Decrescente";"Céu Claro";"Dupla";"Reta";"Sim";3;0;1;0;2;0;1;3;-25,5363861;-49,3017772;"SPRF-PR";"DEL01-PR";"UOP07-DEL01-PR"
144175;2018-07-03;"terça-feira";"09:15:00";"MT";70;337,8;"DOM AQUINO";"Condutor Dormindo";"Colisão lateral";"Sem Vítimas";"Pleno dia";"Decrescente";"Céu Claro";"Simples";"Curva";"Não";3;0;0;0;2;3;0;5;-15,522858;-54,759876;"SPRF-MT";"DEL05-MT";"UOP01-DEL05-MT"
144177;2018-07-03;"terça-feira";"07:50:00";"RS";386;291;"POUSO NOVO";"Desobediência às normas de trânsito pelo condutor";"Colisão lateral";"Sem Vítimas";"Amanhecer";"Crescente";"Nevoeiro/Neblina";"Simples";"Reta";"Não";4;0;0;0;3;4;0;6;-29,18993339;-52,18771935;"SPRF-RS";"DEL04-RS";"UOP01-DEL04-RS"
144181;2018-06-17;"domingo";"18:10:00";"MG";40;544,1;"BELO HORIZONTE";"Falta de Atenção à Condução";"Capotamento";"Com Vítimas Feridas";"Anoitecer";"Decrescente";"Céu Claro";"Dupla";"Curva";"Sim";10;0;5;1;2;3;6;6;-20,003146;-43,964868;"SPRF-MG";"DEL01-MG";"UOP02-DEL01-MG"
144184;2018-05-30;"quarta-feira";"19:30:00";"GO";153;663,7;"GOIATUBA";"Não guardar distância de segurança";"Colisão traseira";"Com Vítimas Fatais";"Plena Noite";"Crescente";"Céu Claro";"Dupla";"Declive";"Não";3;1;1;0;0;1;1;3;-18,07678058;-49,27099943;"SPRF-GO";"DEL03-GO";"UOP02-DEL03-GO"
144187;2018-07-03;"terça-feira";"10:30:00";"PR";116;29;"CAMPINA GRANDE DO SUL";"Ingestão de Substâncias Psicoativas";"Colisão lateral";"Sem Vítimas";"Pleno dia";"Crescente";"Céu Claro";"Dupla";"Reta";"Não";4;0;0;0;3;1;0;4;-25,10378747;-48,73784065;"SPRF-PR";"DEL01-PR";"UOP02-DEL01-PR"
144194;2018-07-02;"segunda-feira";"23:30:00";"MG";262;617,6;"IBIA";"Condutor Dormindo";"Saída de leito carroçável";"Sem Vítimas";"Plena Noite";"Decrescente";"Nublado";"Simples";"Aclive";"Não";3;0;0;0;2;1;0;2;-19,587;-46,358;"SPRF-MG";"DEL08-MG";"UOP02-DEL08-MG"
144195;2018-07-03;"terça-feira";"08:55:00";"RO";364;681;"CANDEIAS DO JAMARI";"Falta de Atenção à Condução";"Colisão lateral";"Com Vítimas Feridas";"Pleno dia";"Decrescente";"Sol";"Simples";"Reta";"Não";3;0;0;1;2;0;1;3;-8,78743937;-63,60376474;"SPRF-RO";"DEL01-RO";"UOP01-DEL01-RO"
144202;2018-07-03;"terça-feira";"13:00:00";"PR";153;44,3;"SANTO ANTONIO DA PLATINA";"Defeito na Via";"Colisão com objeto em movimento";"Com Vítimas Feridas";"Pleno dia";"Decrescente";"Céu Claro";"Simples";"Reta";"Não";2;0;0;1;0;1;1;2;-23,32523269;-50,06699994;"SPRF-PR";"DEL07-PR";"UOP04-DEL07-PR"
144222;2018-07-03;"terça-feira";"15:20:00";"BA";101;887;"TEIXEIRA DE FREITAS";"Defeito na Via";"Saída de leito carroçável";"Com Vítimas Feridas";"Pleno dia";"Crescente";"Céu Claro";"Simples";"Reta";"Não";2;0;2;0;0;0;2;1;-17,6147;-39,7608;"SPRF-BA";"DEL09-BA";"UOP02-DEL09-BA"
144223;2018-07-03;"terça-feira";"14:40:00";"RS";158;215,2;"CRUZ ALTA";"Defeito Mecânico no Veículo";"Saída de leito carroçável";"Com Vítimas Feridas";"Pleno dia";"Crescente";"Nublado";"Simples";"Reta";"Não";1;0;1;0;0;0;1;1;-28,817137;-53,612129;"SPRF-RS";"DEL10-RS";"UOP02-DEL10-RS"
144224;2018-07-03;"terça-feira";"14:40:00";"AL";101;141,9;"JEQUIA DA PRAIA";"Mal Súbito";"Tombamento";"Com Vítimas Fatais";"Pleno dia";"Decrescente";"Céu Claro";"Simples";"Reta";"Não";2;1;0;0;0;1;0;2;-9,82877;-36,12839;"SPRF-AL";"DEL02-AL";"UOP01-DEL02-AL"
144228;2018-07-03;"terça-feira";"14:15:00";"MG";381;760,2;"TRES CORACOES";"Velocidade Incompatível";"Saída de leito carroçável";"Com Vítimas Fatais";"Pleno dia";"Decrescente";"Céu Claro";"Dupla";"Reta";"Não";2;1;0;1;0;0;1;1;-21,7011;-45,3673;"SPRF-MG";"DEL16-MG";"UOP02-DEL16-MG"
144230;2018-07-03;"terça-feira";"15:25:00";"BA";101;905;"IBIRAPUA";"Defeito Mecânico no Veículo";"Incêndio";"Sem Vítimas";"Pleno dia";"Decrescente";"Céu Claro";"Simples";"Aclive";"Não";1;0;0;0;1;0;0;1;-17,7646;-39,7784;"SPRF-BA";"DEL09-BA";"UOP02-DEL09-BA"
144233;2018-07-03;"terça-feira";"16:35:00";"SC";101;193;"BIGUACU";"Falta de Atenção à Condução";"Colisão traseira";"Com Vítimas Feridas";"Pleno dia";"Decrescente";"Céu Claro";"Dupla";"Reta";"Não";2;0;1;0;1;0;1;2;-27,48910477;-48,65521604;"SPRF-SC";"DEL01-SC";"UOP01-DEL01-SC"
144236;2018-07-03;"terça-feira";"16:08:00";"RJ";101;334;"RIO DE JANEIRO";"Falta de Atenção à Condução";"Colisão lateral";"Com Vítimas Feridas";"Pleno dia";"Decrescente";"Céu Claro";"Dupla";"Curva";"Não";3;0;1;0;2;0;1;3;-22,88518;-43,217045;"SPRF-RJ";"DEL02-RJ";"UOP02-DEL02-RJ"
144239;2018-07-03;"terça-feira";"11:30:00";"MG";262;468;"BOM DESPACHO";"Desobediência às normas de trânsito pelo condutor";"Colisão lateral";"Com Vítimas Feridas";"Pleno dia";"Crescente";"Céu Claro";"Simples";"Declive";"Não";3;0;1;0;2;0;1;2;-19,783918;-45,25713;"SPRF-MG";"DEL08-MG";"UOP03-DEL08-MG"
144241;2018-07-03;"terça-feira";"16:30:00";"CE";116;1;"FORTALEZA";"Falta de Atenção à Condução";"Colisão traseira";"Com Vítimas Feridas";"Pleno dia";"Crescente";"Céu Claro";"Dupla";"Reta";"Sim";2;0;1;0;1;0;1;2;-3,7612199;-38,5191183;"SPRF-CE";"DEL01-CE";"UOP02-DEL01-CE"
144252;2018-07-03;"terça-feira";"18:15:00";"SP";116;206;"ARUJA";"Desobediência às normas de trânsito pelo pedestre";"Atropelamento de Pedestre";"Com Vítimas Feridas";"Anoitecer";"Decrescente";"Céu Claro";"Dupla";"Reta";"Sim";2;0;0;1;1;0;1;2;-23,41743498;-46,37580156;"SPRF-SP";"DEL01-SP";"UOP01-DEL01-SP"
144257;2018-07-03;"terça-feira";"16:45:00";"GO";60;262;"INDIARA";"Defeito Mecânico no Veículo";"Saída de leito carroçável";"Sem Vítimas";"Pleno dia";"Decrescente";"Sol";"Dupla";"Reta";"Não";1;0;0;0;1;0;0;1;-17,1744;-50,0588;"SPRF-GO";"DEL01-GO";"UOP02-DEL01-GO"
144264;2018-07-03;"terça-feira";"17:40:00";"PR";153;488,5;"GENERAL CARNEIRO";"Falta de Atenção à Condução";"Tombamento";"Com Vítimas Fatais";"Anoitecer";"Decrescente";"Nublado";"Simples";"Curva";"Não";2;1;0;0;0;1;0;2;-26,416177;-51,286411;"SPRF-PR";"DEL02-PR";"UOP03-DEL02-PR"
144265;2018-07-03;"terça-feira";"18:20:00";"PR";376;598,8;"CURITIBA";"Não guardar distância de segurança";"Colisão lateral";"Com Vítimas Fatais";"Anoitecer";"Crescente";"Garoa/Chuvisco";"Dupla";"Reta";"Sim";2;1;0;0;1;0;0;2;-25,52530497;-49,33091989;"SPRF-PR";"DEL01-PR";"UOP06-DEL01-PR"
144271;2018-07-03;"terça-feira";"16:30:00";"MA";316;401;"ALTO ALEGRE DO MARANHAO";"Defeito Mecânico no Veículo";"Colisão com objeto em movimento";"Com Vítimas Feridas";"Pleno dia";"Crescente";"Céu Claro";"Simples";"Reta";"Sim";2;0;0;1;1;0;1;2;-4,206411;-44,453041;"SPRF-MA";"DEL03-MA";"UOP01-DEL03-MA"
144283;2018-07-03;"terça-feira";"20:10:00";"GO";153;531,9;"HIDROLANDIA";"Falta de Atenção do Pedestre";"Atropelamento de Pedestre";"Com Vítimas Fatais";"Plena Noite";"Crescente";"Céu Claro";"Dupla";"Reta";"Sim";2;1;0;0;1;0;0;2;-16,9761;-49,2302;"SPRF-GO";"DEL01-GO";"UOP03-DEL01-GO"
144288;2018-07-03;"terça-feira";"09:20:00";"SC";480;127,6;"CHAPECO";"Falta de Atenção do Pedestre";"Atropelamento de Pedestre";"Com Vítimas Fatais";"Pleno dia";"Decrescente";"Nublado";"Simples";"Reta";"Sim";2;1;0;0;1;0;0;2;-27,03711021;-52,63549805;"SPRF-SC";"DEL07-SC";"UOP01-DEL07-SC"
144289;2018-07-03;"terça-feira";"20:15:00";"BA";101;508,7;"ITABUNA";"Falta de Atenção à Condução";"Colisão lateral";"Sem Vítimas";"Plena Noite";"Crescente";"Céu Claro";"Simples";"Aclive";"Não";3;0;0;0;2;1;0;3;-14,82110453;-39,29303169;"SPRF-BA";"DEL05-BA";"UOP01-DEL05-BA"
144290;2018-06-30;"sábado";"20:40:00";"PR";373;282;"PRUDENTOPOLIS";"Desobediência às normas de trânsito pelo condutor";"Colisão lateral";"Sem Vítimas";"Plena Noite";"Crescente";"Nublado";"Simples";"Reta";"Não";3;0;0;0;2;2;0;4;-25,25843629;-51,07797146;"SPRF-PR";"DEL03-PR";"UOP01-DEL03-PR"
144292;2018-07-03;"terça-feira";"20:50:00";"SC";101;5;"GARUVA";"Velocidade Incompatível";"Colisão frontal";"Sem Vítimas";"Plena Noite";"Decrescente";"Chuva";"Dupla";"Reta";"Não";3;0;0;0;2;2;0;4;-26,02502987;-48,8614583;"SPRF-SC";"DEL03-SC";"UOP01-DEL03-SC"
144296;2018-07-03;"terça-feira";"18:40:00";"MA";316;260,8;"SANTA INES";"Falta de Atenção à Condução";"Colisão transversal";"Com Vítimas Feridas";"Anoitecer";"Crescente";"Céu Claro";"Simples";"Rotatória";"Não";2;0;1;0;0;1;1;2;-3,6754932;-45,39087296;"SPRF-MA";"DEL02-MA";"UI04-DEL02-MA"
144300;2018-07-03;"terça-feira";"19:40:00";"BA";116;921,6;"ENCRUZILHADA";"Velocidade Incompatível";"Saída de leito carroçável";"Com Vítimas Fatais";"Plena Noite";"Decrescente";"Nublado";"Simples";"Curva";"Não";2;1;0;0;0;2;0;3;-15,60726;-41,2813;"SPRF-BA";"DEL08-BA";"UOP03-DEL08-BA"
144308;2018-07-03;"terça-feira";"21:20:00";"RS";290;289;"CACHOEIRA DO SUL";"Falta de Atenção à Condução";"Colisão traseira";"Sem Vítimas";"Plena Noite";"Crescente";"Nublado";"Simples";"Aclive;Reta;Desvio Temporário";"Não";3;0;0;0;2;1;0;3;-30,274347;-53,108261;"SPRF-RS";"DEL02-RS";"UOP02-DEL02-RS"
144309;2018-07-03;"terça-feira";"17:45:00";"RS";392;13,2;"RIO GRANDE";"Falta de Atenção à Condução";"Colisão lateral";"Sem Vítimas";"Anoitecer";"Crescente";"Nublado";"Dupla";"Curva";"Sim";3;0;0;0;2;1;0;3;-32,126305;-52,14938;"SPRF-RS";"DEL07-RS";"UOP02-DEL07-RS"
144310;2018-07-03;"terça-feira";"17:50:00";"RO";364;718;"PORTO VELHO";"Defeito Mecânico no Veículo";"Tombamento";"Com Vítimas Feridas";"Anoitecer";"Decrescente";"Céu Claro";"Dupla";"Declive";"Não";2;0;2;0;0;0;2;1;-8,82706013;-63,9341588;"SPRF-RO";"DEL01-RO";"UOP01-DEL01-RO"
144314;2018-07-03;"terça-feira";"18:00:00";"RS";386;32,7;"FREDERICO WESTPHALEN";"Falta de Atenção à Condução";"Colisão transversal";"Com Vítimas Feridas";"Plena Noite";"Decrescente";"Chuva";"Simples";"Reta";"Sim";2;0;1;0;1;0;1;2;-27,341396;-53,387527;"SPRF-RS";"DEL08-RS";"UOP02-DEL08-RS"
144315;2018-07-03;"terça-feira";"20:40:00";"RS";386;55,3;"SEBERI";"Falta de Atenção à Condução";"Saída de leito carroçável";"Com Vítimas Feridas";"Plena Noite";"Decrescente";"Chuva";"Simples";"Reta";"Não";1;0;1;0;0;0;1;1;-27,535421;-53,36916;"SPRF-RS";"DEL08-RS";"UOP02-DEL08-RS"
144316;2018-07-03;"terça-feira";"23:40:00";"MG";381;562;"ITAGUARA";"Velocidade Incompatível";"Colisão traseira";"Com Vítimas Fatais";"Plena Noite";"Decrescente";"Céu Claro";"Dupla";"Reta";"Sim";3;1;1;0;0;1;1;3;-20,3843;-44,483;"SPRF-MG";"DEL04-MG";"UOP03-DEL04-MG"
144321;2018-07-04;"quarta-feira";"00:35:00";"SC";470;88;"RODEIO";"Velocidade Incompatível";"Tombamento";"Com Vítimas Feridas";"Plena Noite";"Decrescente";"Céu Claro";"Simples";"Curva";"Não";2;0;1;0;0;2;1;3;-26,94839269;-49,36663259;"SPRF-SC";"DEL04-SC";"UOP01-DEL04-SC"
144322;2018-07-03;"terça-feira";"19:30:00";"MA";316;175;"ARAGUANA";"Condutor Dormindo";"Capotamento";"Com Vítimas Feridas";"Plena Noite";"Decrescente";"Chuva";"Simples";"Reta";"Não";1;0;1;0;0;0;1;1;-3,070613;-45,638424;"SPRF-MA";"DEL02-MA";"UOP02-DEL02-MA"
144324;2018-07-04;"quarta-feira";"00:15:00";"MG";381;599,9;"CARMOPOLIS DE MINAS";"Velocidade Incompatível";"Colisão traseira";"Com Vítimas Fatais";"Plena Noite";"Decrescente";"Céu Claro";"Dupla";"Curva";"Não";2;1;0;0;1;0;0;2;-20,6024;-44,719;"SPRF-MG";"DEL04-MG";"UOP01-DEL04-MG"
144325;2018-07-04;"quarta-feira";"01:00:00";"GO";364;272,7;"MINEIROS";"Falta de Atenção à Condução";"Colisão traseira";"Com Vítimas Fatais";"Plena Noite";"Crescente";"Céu Claro";"Simples";"Aclive";"Não";3;1;0;0;1;4;0;6;-17,670679;-52,330318;"SPRF-GO";"DEL05-GO";"UOP01-DEL05-GO"
144326;2018-07-03;"terça-feira";"20:30:00";"SC";282;186,8;"BOCAINA DO SUL";"Falta de Atenção à Condução";"Colisão frontal";"Sem Vítimas";"Plena Noite";"Decrescente";"Nublado";"Simples";"Curva";"Não";3;0;0;0;3;0;0;2;-27,735537;-49,998207;"SPRF-SC";"DEL05-SC";"UOP01-DEL05-SC"
144327;2018-07-04;"quarta-feira";"01:45:00";"SC";101;49,1;"JOINVILLE";"Desobediência às normas de trânsito pelo condutor";"Atropelamento de Pedestre";"Com Vítimas Feridas";"Plena Noite";"Crescente";"Garoa/Chuvisco";"Dupla";"Aclive";"Não";3;0;0;2;1;0;2;3;-26,3869;-48,8425;"SPRF-SC";"DEL03-SC";"UOP01-DEL03-SC"
144328;2018-07-04;"quarta-feira";"00:00:00";"MT";70;517,5;"VARZEA GRANDE";"Velocidade Incompatível";"Tombamento";"Com Vítimas Feridas";"Plena Noite";"Decrescente";"Céu Claro";"Simples";"Curva";"Sim";2;0;1;0;0;1;1;2;-15,70638207;-56,14112377;"SPRF-MT";"DEL01-MT";"DEL2/4-UOP02/MT"
144333;2018-07-04;"quarta-feira";"01:45:00";"PE";232;195,8;"SANHARO";"Ultrapassagem Indevida";"Colisão traseira";"Sem Vítimas";"Plena Noite";"Crescente";"Céu Claro";"Simples";"Reta";"Sim";2;0;0;0;2;0;0;2;-8,36512564;-36,56188309;"SPRF-PE";"DEL02-PE";"UOP03-DEL02-PE"
144334;2018-07-04;"quarta-feira";"00:20:00";"PR";116;14;"CAMPINA GRANDE DO SUL";"Velocidade Incompatível";"Derramamento de carga";"Sem Vítimas";"Plena Noite";"Decrescente";"Nevoeiro/Neblina";"Dupla";"Curva";"Não";2;0;0;0;1;1;0;2;-25,098421;-48,673969;"SPRF-PR";"DEL01-PR";"UOP02-DEL01-PR"
144335;2018-07-04;"quarta-feira";"02:00:00";"RJ";101;61;"CAMPOS DOS GOYTACAZES";"Desobediência às normas de trânsito pelo condutor";"Colisão transversal";"Com Vítimas Feridas";"Amanhecer";"Decrescente";"Céu Claro";"Simples";"Reta";"Sim";2;0;1;0;1;0;1;2;-21,726534;-41,32132;"SPRF-RJ";"DEL08-RJ";"UOP01-DEL08-RJ"
144337;2018-07-04;"quarta-feira";"06:19:00";"SP";116;211;"GUARULHOS";"Falta de Atenção à Condução";"Colisão traseira";"Com Vítimas Feridas";"Amanhecer";"Decrescente";"Céu Claro";"Múltipla";"Aclive";"Sim";3;0;1;0;1;1;1;3;-23,43042993;-46,414361;"SPRF-SP";"DEL01-SP";"UOP01-DEL01-SP"
144340;2018-07-04;"quarta-feira";"04:30:00";"MT";364;472;"JANGADA";"Falta de Atenção à Condução";"Colisão frontal";"Com Vítimas Feridas";"Amanhecer";"Decrescente";"Céu Claro";"Simples";"Declive;Reta";"Não";3;0;1;0;1;1;1;3;-15,447289;-56,329193;"SPRF-MT";"DEL01-MT";"DEL2/4-UOP02/MT"
144343;2018-07-04;"quarta-feira";"05:45:00";"SP";116;27,8;"SILVEIRAS";"Condutor Dormindo";"Colisão com objeto estático";"Sem Vítimas";"Amanhecer";"Decrescente";"Nublado";"Dupla";"Aclive;Curva";"Não";1;0;0;0;1;0;0;1;-22,62360154;-44,91005429;"SPRF-SP";"DEL08-SP";"UOP02-DEL08-SP"
144344;2018-07-04;"quarta-feira";"05:50:00";"RS";386;369,8;"FAZENDA VILANOVA";"Condutor Dormindo";"Colisão traseira";"Com Vítimas Fatais";"Amanhecer";"Decrescente";"Céu Claro";"Dupla";"Curva";"Sim";5;1;1;1;1;1;2;3;-29,60624131;-51,80817235;"SPRF-RS";"DEL04-RS";"UOP02-DEL04-RS"
144346;2018-07-04;"quarta-feira";"06:20:00";"SC";282;512,3;"XANXERE";"Falta de Atenção à Condução";"Tombamento";"Sem Vítimas";"Plena Noite";"Decrescente";"Céu Claro";"Simples";"Aclive";"Não";2;0;0;0;1;1;0;2;-26,910799;-52,472099;"SPRF-SC";"DEL07-SC";"UOP01-DEL07-SC"
144347;2018-07-04;"quarta-feira";"05:40:00";"PR";369;165,9;"CAMBE";"Falta de Atenção à Condução";"Colisão traseira";"Com Vítimas Feridas";"Plena Noite";"Crescente";"Céu Claro";"Dupla";"Aclive";"Não";4;0;0;1;3;0;1;3;-23,2951413;-51,30454746;"SPRF-PR";"DEL07-PR";"UOP01-DEL07-PR"
144359;2018-07-04;"quarta-feira";"06:00:00";"SC";280;153,5;"MAFRA";"Falta de Atenção à Condução";"Colisão traseira";"Com Vítimas Feridas";"Amanhecer";"Crescente";"Nublado";"Simples";"Reta;Declive";"Não";3;0;2;0;1;0;2;3;-26,220964;-49,712894;"SPRF-SC";"DEL06-SC";"UOP03-DEL06-SC"
144362;2018-07-04;"quarta-feira";"08:15:00";"PR";116;22,5;"ANTONINA";"Velocidade Incompatível";"Capotamento";"Com Vítimas Feridas";"Pleno dia";"Crescente";"Garoa/Chuvisco";"Dupla";"Curva";"Não";3;0;1;0;1;1;1;3;-25,109226;-48,746597;"SPRF-PR";"DEL01-PR";"UOP02-DEL01-PR"
144363;2018-07-04;"quarta-feira";"08:25:00";"ES";262;158,4;"IBATIBA";"Não guardar distância de segurança";"Colisão traseira";"Com Vítimas Feridas";"Pleno dia";"Decrescente";"Sol";"Múltipla";"Reta";"Sim";2;0;1;0;1;0;1;2;-20,23453629;-41,50651395;"SPRF-ES";"DEL01-ES";"UOP02-DEL01-ES"