"id";"data_inversa";"dia_semana";"horario";"uf";"br";"km";"municipio";"causa_acidente";"tipo_acidente";"classificacao_acidente";"fase_dia";"sentido_via";"condicao_metereologica";"tipo_pista";"tracado_via";"uso_solo";"pessoas";"mortos";"feridos_leves";"feridos_graves";"ilesos";"ignorados";"feridos";"veiculos";"latitude";"longitude";"regional";"delegacia";"uop"
144718;2018-07-05;"quinta-feira";"23:30:00";"PR";153;463,9;"PORTO VITORIA";"Velocidade Incompatível";"Tombamento";"Com Vítimas Feridas";"Plena Noite";"Decrescente";"Céu Claro";"Simples";"Curva";"Não";2;0;1;0;0;1;1;2;-26,25635746;-51,16675258;"SPRF-PR";"DEL02-PR";"UOP03-DEL02-PR"
144724;2018-07-06;"sexta-feira";"02:40:00";"MG";381;793;"SAO GONCALO DO SAPUCAI";"Falta de Atenção à Condução";"Colisão traseira";"Com Vítimas Feridas";"Plena Noite";"Crescente";"Céu Claro";"Dupla";"Reta";"Não";2;0;1;0;1;0;1;2;-21,91135613;-45,57401419;"SPRF-MG";"DEL16-MG";"UOP02-DEL16-MG"
144726;2018-07-06;"sexta-feira";"02:30:00";"MS";262;385,4;"TERENOS";"Condutor Dormindo";"Colisão traseira";"Com Vítimas Feridas";"Plena Noite";"Decrescente";"Céu Claro";"Simples";"Reta;Aclive";"Não";22;0;19;2;1;0;21;2;-20,432149;-54,886675;"SPRF-MS";"DEL01-MS";"UOP03-DEL01-MS"
144735;2018-07-06;"sexta-feira";"05:00:00";"SC";282;43,7;"AGUAS MORNAS";"Defeito Mecânico no Veículo";"Saída de leito carroçável";"Sem Vítimas";"Plena Noite";"Decrescente";"Céu Claro";"Simples";"Curva";"Não";1;0;0;0;1;0;0;1;-27,719458;-48,897526;"SPRF-SC";"DEL01-SC";"UOP03-DEL01-SC"
144743;2018-07-06;"sexta-feira";"06:30:00";"CE";116;209,8;"TABULEIRO DO NORTE";"Condutor Dormindo";"Tombamento";"Com Vítimas Feridas";"Pleno dia";"Crescente";"Céu Claro";"Simples";"Reta";"Não";2;0;2;0;0;0;2;1;-5,237818;-38,192516;"SPRF-CE";"DEL03-CE";"UOP01-DEL03-CE"
144744;2018-07-06;"sexta-feira";"05:00:00";"MS";163;693;"RIO VERDE DE MATO GROSSO";"Mal Súbito";"Saída de leito carroçável";"Com Vítimas Feridas";"Amanhecer";"Crescente";"Céu Claro";"Simples";"Declive";"Não";3;0;1;0;1;1;1;2;-18,904922;-54,841831;"SPRF-MS";"DEL06-MS";"UOP01-DEL06-MS"
144757;2018-07-06;"sexta-feira";"05:10:00";"RJ";116;293,1;"PORTO REAL";"Falta de Atenção à Condução";"Colisão traseira";"Com Vítimas Feridas";"Plena Noite";"Decrescente";"Nevoeiro/Neblina";"Dupla";"Aclive;Reta";"Sim";1;0;1;0;0;0;1;1;-22,449371;-44,321712;"SPRF-RJ";"DEL07-RJ";"DEL5/7-UOP03/RJ"
144758;2018-07-06;"sexta-feira";"05:40:00";"MT";70;276,4;"PRIMAVERA DO LESTE";"Ingestão de Álcool";"Colisão frontal";"Com Vítimas Feridas";"Amanhecer";"Decrescente";"Céu Claro";"Simples";"Reta";"Sim";3;0;1;0;1;2;1;4;-15,55357;-54,262028;"SPRF-MT";"DEL05-MT";"UOP01-DEL05-MT"
144759;2018-07-06;"sexta-feira";"05:00:00";"BA";242;594;"MUQUEM DE SAO FRANCISCO";"Defeito Mecânico no Veículo";"Tombamento";"Com Vítimas Feridas";"Amanhecer";"Decrescente";"Céu Claro";"Simples";"Reta";"Não";2;0;1;0;0;3;1;4;-12,159532;-43,294293;"SPRF-BA";"DEL10-BA";"UOP03-DEL06-BA"
144761;2018-07-06;"sexta-feira";"06:50:00";"BA";242;203;"ITABERABA";"Falta de Atenção à Condução";"Colisão transversal";"Com Vítimas Feridas";"Amanhecer";"Crescente";"Céu Claro";"Simples";"Rotatória";"Sim";3;0;2;0;1;0;2;2;-12,5200445;-40,07709503;"SPRF-BA";"DEL06-BA";"UOP02-DEL06-BA"
144762;2018-07-06;"sexta-feira";"06:30:00";"MG";40;360,6;"FELIXLANDIA";"Mal Súbito";"Saída de leito carroçável";"Com Vítimas Feridas";"Pleno dia";"Crescente";"Céu Claro";"Simples";"Reta";"Não";2;0;0;1;0;2;1;3;-18,756033;-44,845909;"SPRF-MG";"DEL02-MG";"UOP01-DEL02-MG"
144765;2018-07-06;"sexta-feira";"07:40:00";"BA";116;202,7;"EUCLIDES DA CUNHA";"Defeito Mecânico no Veículo";"Colisão frontal";"Com Vítimas Fatais";"Pleno dia";"Crescente";"Sol";"Simples";"Reta";"Não";4;2;0;0;1;1;0;3;-10,43716968;-39,03287888;"SPRF-BA";"DEL07-BA";"UOP02-DEL07-BA"
144776;2018-07-06;"sexta-feira";"08:30:00";"SP";116;463,8;"PARIQUERA-ACU";"Falta de Atenção à Condução";"Colisão traseira";"Com Vítimas Feridas";"Pleno dia";"Decrescente";"Céu Claro";"Dupla";"Reta";"Não";3;0;1;0;2;0;1;2;-24,654506;-47,94570923;"SPRF-SP";"DEL05-SP";"UOP01-DEL05-SP"
144779;2018-07-06;"sexta-feira";"09:00:00";"SC";101;100,9;"BALNEARIO PICARRAS";"Defeito Mecânico no Veículo";"Colisão com objeto estático";"Sem Vítimas";"Pleno dia";"Decrescente";"Nublado";"Dupla";"Reta";"Não";3;0;0;0;2;1;0;3;-26,7740132;-48,68573427;"SPRF-SC";"DEL03-SC";"UOP02-DEL03-SC"
144780;2018-07-06;"sexta-feira";"05:00:00";"CE";116;435,4;"BARRO";"Defeito na Via";"Saída de leito carroçável";"Sem Vítimas";"Plena Noite";"Crescente";"Céu Claro";"Simples";"Reta";"Não";1;0;0;0;1;0;0;1;-7,016264;-38,760246;"SPRF-CE";"DEL05-CE";"UOP03-DEL05-CE"
144781;2018-05-18;"sexta-feira";"22:40:00";"SC";101;367,3;"SANGAO";"Falta de Atenção à Condução";"Saída de leito carroçável";"Sem Vítimas";"Plena Noite";"Crescente";"Chuva";"Dupla";"Reta";"Não";2;0;0;0;1;1;0;2;-28,68645075;-49,1547642;"SPRF-SC";"DEL02-SC";"UOP01-DEL02-SC"
144789;2018-06-20;"quarta-feira";"16:00:00";"SC";153;35,2;"PONTE SERRADA";"Falta de Atenção à Condução";"Colisão frontal";"Com Vítimas Feridas";"Pleno dia";"Decrescente";"Céu Claro";"Simples";"Curva";"Não";4;0;1;1;1;1;2;3;-26,82039416;-51,72122955;"SPRF-SC";"DEL07-SC";"UOP07-DEL07-SC"
144792;2018-06-12;"terça-feira";"16:50:00";"MG";381;892,1;"CAMBUI";"Falta de Atenção à Condução";"Colisão traseira";"Com Vítimas Feridas";"Anoitecer";"Decrescente";"Nublado";"Dupla";"Desvio Temporário;Reta";"Não";4;0;1;0;2;1;1;3;-22,5659;-46,0407;"SPRF-MG";"DEL16-MG";"UOP03-DEL16-MG"
144794;2018-07-06;"sexta-feira";"08:40:00";"SC";116;12;"MAFRA";"Desobediência às normas de trânsito pelo condutor";"Colisão lateral";"Com Vítimas Feridas";"Pleno dia";"Decrescente";"Céu Claro";"Simples";"Curva";"Não";8;0;3;0;4;1;3;4;-26,178778;-49,86721;"SPRF-SC";"DEL06-SC";"UOP01-DEL06-SC"
144796;2018-07-06;"sexta-feira";"10:30:00";"ES";101;445,6;"MIMOSO DO SUL";"Mal Súbito";"Colisão frontal";"Com Vítimas Fatais";"Pleno dia";"Crescente";"Céu Claro";"Simples";"Reta";"Não";3;1;0;0;1;1;0;3;-21,08882458;-41,24619484;"SPRF-ES";"DEL03-ES";"UOP02-DEL03-ES"
144798;2018-07-06;"sexta-feira";"10:45:00";"PE";232;186,5;"BELO JARDIM";"Ultrapassagem Indevida";"Colisão lateral";"Com Vítimas Feridas";"Pleno dia";"Decrescente";"Nublado";"Simples";"Reta";"Não";4;0;2;0;1;2;2;4;-8,35327415;-36,48587465;"SPRF-PE";"DEL02-PE";"UOP03-DEL02-PE"
144800;2018-07-06;"sexta-feira";"08:00:00";"SP";116;513;"CAJATI";"Defeito Mecânico no Veículo";"Incêndio";"Sem Vítimas";"Pleno dia";"Decrescente";"Céu Claro";"Dupla";"Curva";"Não";2;0;0;0;1;1;0;2;-24,84095744;-48,21350098;"SPRF-SP";"DEL05-SP";"UAP01-DEL05-SP"
144808;2018-07-06;"sexta-feira";"06:50:00";"MG";262;11,1;"MARTINS SOARES";"Falta de Atenção à Condução";"Colisão frontal";"Com Vítimas Feridas";"Pleno dia";"Crescente";"Nevoeiro/Neblina";"Simples";"Reta";"Não";6;0;5;0;1;0;5;3;-20,246508;-41,846962;"SPRF-MG";"DEL06-MG";"UOP03-DEL06-MG"
144835;2018-07-06;"sexta-feira";"12:00:00";"PA";10;176;"PARAGOMINAS";"Defeito na Via";"Tombamento";"Com Vítimas Feridas";"Pleno dia";"Decrescente";"Céu Claro";"Simples";"Rotatória";"Não";2;0;1;0;0;1;1;2;-2,894333;-47,43354;"SPRF-PA";"DEL02-PA";"UOP01-DEL02-PA"
144843;2018-07-06;"sexta-feira";"13:00:00";"PE";104;118,9;"PANELAS";"Velocidade Incompatível";"Tombamento";"Com Vítimas Feridas";"Pleno dia";"Decrescente";"Sol";"Simples";"Curva";"Não";1;0;1;0;0;0;1;1;-8,690552;-36,022999;"SPRF-PE";"DEL02-PE";"UOP01-DEL02-PE"
144853;2018-07-06;"sexta-feira";"14:45:00";"ES";101;155,7;"LINHARES";"Objeto estático sobre o leito carroçável";"Derramamento de carga";"Com Vítimas Feridas";"Pleno dia";"Crescente";"Nublado";"Simples";"Reta";"Não";3;0;2;0;1;0;2;2;-19,44716925;-40,09580612;"SPRF-ES";"DEL04-ES";"UOP01-DEL04-ES"
144857;2018-07-06;"sexta-feira";"14:45:00";"PR";369;172,4;"ROLANDIA";"Falta de Atenção à Condução";"Colisão transversal";"Com Vítimas Feridas";"Pleno dia";"Crescente";"Sol";"Simples";"Reta";"Sim";3;0;0;1;2;0;1;3;-23,306712;-51,36475;"SPRF-PR";"DEL07-PR";"UOP01-DEL07-PR"
144858;2018-07-06;"sexta-feira";"13:35:00";"MG";381;485;"BETIM";"Falta de Atenção à Condução";"Colisão lateral";"Com Vítimas Feridas";"Pleno dia";"Decrescente";"Céu Claro";"Dupla";"Reta";"Sim";3;0;1;0;2;0;1;3;-19,9561;-44,1064;"SPRF-MG";"DEL01-MG";"UOP03-DEL01-MG"
144859;2018-07-06;"sexta-feira";"14:55:00";"RN";101;107;"PARNAMIRIM";"Desobediência às normas de trânsito pelo condutor";"Colisão transversal";"Com Vítimas Feridas";"Pleno dia";"Decrescente";"Chuva";"Dupla";"Interseção de Vias";"Sim";3;0;1;0;1;2;1;4;-5,91871508;-35,26147842;"SPRF-RN";"DEL01-RN";"UOP01-DEL01-RN"
144867;2018-07-06;"sexta-feira";"15:10:00";"SP";116;227;"GUARULHOS";"Falta de Atenção à Condução";"Colisão lateral";"Sem Vítimas";"Pleno dia";"Crescente";"Céu Claro";"Múltipla";"Reta";"Sim";2;0;0;0;2;0;0;2;-23,50348439;-46,56647136;"SPRF-SP";"DEL01-SP";"UOP01-DEL01-SP"
144868;2018-06-25;"segunda-feira";"09:30:00";"RS";285;463,3;"IJUI";"Falta de Atenção à Condução";"Saída de leito carroçável";"Com Vítimas Feridas";"Pleno dia";"Decrescente";"Garoa/Chuvisco";"Simples";"Reta";"Não";2;0;1;0;0;1;1;2;-28,4064252;-53,94513488;"SPRF-RS";"DEL10-RS";"UOP01-DEL10-RS"
144869;2018-07-06;"sexta-feira";"14:25:00";"AL";423;37,8;"INHAPI";"Defeito Mecânico no Veículo";"Colisão frontal";"Com Vítimas Feridas";"Pleno dia";"Decrescente";"Nublado";"Simples";"Reta";"Não";2;0;1;0;1;0;1;2;-9,22835171;-37,62096405;"SPRF-AL";"DEL03-AL";"UOP02-DEL03-AL"
144876;2018-07-06;"sexta-feira";"16:30:00";"MG";40;606;"CONGONHAS";"Carga excessiva e/ou mal acondicionada";"Colisão com objeto em movimento";"Com Vítimas Feridas";"Pleno dia";"Crescente";"Céu Claro";"Simples";"Curva";"Não";3;0;2;0;1;0;2;2;-20,47227007;-43,84416103;"SPRF-MG";"DEL05-MG";"UOP02-DEL05-MG"
144877;2018-07-06;"sexta-feira";"15:50:00";"SC";101;364;"SANGAO";"Avarias e/ou desgaste excessivo no pneu";"Colisão lateral";"Com Vítimas Feridas";"Pleno dia";"Decrescente";"Garoa/Chuvisco";"Múltipla";"Aclive;Reta";"Não";5;0;1;0;3;2;1;5;-28,67673286;-49,13203049;"SPRF-SC";"DEL02-SC";"UOP01-DEL02-SC"
144878;2018-07-06;"sexta-feira";"16:40:00";"SC";470;96;"APIUNA";"Falta de Atenção à Condução";"Colisão frontal";"Com Vítimas Feridas";"Pleno dia";"Decrescente";"Nublado";"Simples";"Reta";"Não";3;0;0;1;1;2;1;4;-27,009693;-49,372997;"SPRF-SC";"DEL04-SC";"UOP01-DEL04-SC"
144880;2018-06-17;"domingo";"11:00:00";"MT";70;695;"CACERES";"Falta de Atenção à Condução";"Saída de leito carroçável";"Com Vítimas Fatais";"Pleno dia";"Decrescente";"Céu Claro";"Simples";"Curva";"Não";2;1;0;0;0;1;0;2;-16,253067;-57,464681;"SPRF-MT";"DEL03-MT";"UOP01-DEL03-MT"
144882;2018-07-06;"sexta-feira";"14:30:00";"PR";277;40,5;"MORRETES";"Defeito Mecânico no Veículo";"Colisão com objeto estático";"Sem Vítimas";"Pleno dia";"Decrescente";"Nevoeiro/Neblina";"Dupla";"Declive;Curva";"Não";1;0;0;0;1;0;0;1;-25,5801521;-48,8747228;"SPRF-PR";"DEL01-PR";"UOP07-DEL01-PR"
144883;2018-07-06;"sexta-feira";"13:53:00";"SP";116;301;"SAO LOURENCO DA SERRA";"Falta de Atenção à Condução";"Colisão lateral";"Com Vítimas Feridas";"Pleno dia";"Crescente";"Sol";"Dupla";"Reta";"Não";2;0;1;0;0;1;1;2;-23,82013358;-46,92483902;"SPRF-SP";"DEL04-SP";"UOP01-DEL04-SP"
144886;2018-07-06;"sexta-feira";"16:40:00";"PR";376;668;"GUARATUBA";"Carga excessiva e/ou mal acondicionada";"Colisão traseira";"Com Vítimas Feridas";"Pleno dia";"Crescente";"Nublado";"Dupla";"Curva";"Não";3;0;1;0;1;3;1;5;-25,86432104;-48,93447876;"SPRF-PR";"DEL01-PR";"DEL7/1-UOP08/PR"
144897;2018-07-06;"sexta-feira";"14:45:00";"MA";135;16,1;"SAO LUIS";"Desobediência às normas de trânsito pelo condutor";"Saída de leito carroçável";"Com Vítimas Feridas";"Pleno dia";"Crescente";"Céu Claro";"Dupla";"Reta";"Sim";8;0;6;0;2;0;6;2;-2,6885714;-44,2952527;"SPRF-MA";"DEL01-MA";"UOP01-DEL01-MA"
144899;2018-07-06;"sexta-feira";"10:20:00";"SC";282;398,4;"JOACABA";"Falta de Atenção à Condução";"Colisão lateral";"Sem Vítimas";"Pleno dia";"Crescente";"Céu Claro";"Simples";"Interseção de Vias";"Não";2;0;0;0;2;0;0;2;-27,143419;-51,613823;"SPRF-SC";"DEL07-SC";"UOP05-DEL07-SC"
144900;2018-07-06;"sexta-feira";"18:00:00";"PR";116;113,7;"CURITIBA";"Desobediência às normas de trânsito pelo condutor";"Queda de ocupante de veículo";"Com Vítimas Fatais";"Plena Noite";"Decrescente";"Céu Claro";"Dupla";"Reta";"Sim";4;1;0;0;1;2;0;4;-25,54684591;-49,29047495;"SPRF-PR";"DEL01-PR";"UOP01-DEL01-PR"
144901;2018-07-06;"sexta-feira";"18:30:00";"SP";116;142,4;"SAO JOSE DOS CAMPOS";"Falta de Atenção à Condução";"Colisão lateral";"Com Vítimas Feridas";"Plena Noite";"Crescente";"Céu Claro";"Dupla";"Declive";"Não";4;0;1;0;2;1;1;3;-23,174294;-45,829464;"SPRF-SP";"DEL06-SP";"UOP02-DEL02-SP"
144906;2018-07-06;"sexta-feira";"18:40:00";"GO";20;25;"FORMOSA";"Condutor Dormindo";"Saída de leito carroçável";"Com Vítimas Feridas";"Plena Noite";"Decrescente";"Céu Claro";"Dupla";"Curva";"Não";2;0;1;0;0;1;1;2;-15,536159;-47,134621;"SPRF-DF";"DEL02-DF";"UOP01-DEL02-DF"
144911;2018-07-06;"sexta-feira";"19:00:00";"PE";424;10,5;"PEDRA";"Sinalização da via insuficiente ou inadequada";"Colisão lateral";"Com Vítimas Feridas";"Plena Noite";"Crescente";"Chuva";"Simples";"Curva";"Não";3;0;1;0;1;2;1;4;-8,496983;-37,010128;"SPRF-PE";"DEL03-PE";"UOP02-DEL03-PE"
144914;2018-07-06;"sexta-feira";"18:26:00";"SP";116;151;"SAO JOSE DOS CAMPOS";"Falta de Atenção à Condução";"Colisão traseira";"Com Vítimas Feridas";"Plena Noite";"Decrescente";"Céu Claro";"Dupla";"Aclive";"Sim";3;0;2;0;1;0;2;3;-23,21854;-45,89861;"SPRF-SP";"DEL02-SP";"UOP01-DEL02-SP"
144919;2018-07-06;"sexta-feira";"20:00:00";"PR";376;188;"MARIALVA";"Falta de Atenção à Condução";"Colisão transversal";"Com Vítimas Feridas";"Plena Noite";"Crescente";"Nublado";"Dupla";"Retorno Regulamentado";"Não";5;0;3;0;1;1;3;3;-23,45869937;-51,84149981;"SPRF-PR";"DEL07-PR";"UOP01-DEL09-PR"
144925;2018-05-06;"domingo";"08:45:00";"RS";386;431;"NOVA SANTA RITA";"Defeito Mecânico no Veículo";"Saída de leito carroçável";"Sem Vítimas";"Pleno dia";"Crescente";"Céu Claro";"Simples";"Reta";"Não";2;0;0;0;1;1;0;2;-29,833067;-51,313625;"SPRF-RS";"DEL04-RS";"UOP02-DEL04-RS"
144927;2018-07-06;"sexta-feira";"17:45:00";"MA";10;316;"ACAILANDIA";"Velocidade Incompatível";"Colisão traseira";"Com Vítimas Feridas";"Pleno dia";"Crescente";"Céu Claro";"Simples";"Declive";"Não";4;0;0;1;2;2;1;5;-4,975367;-47,517418;"SPRF-MA";"DEL04-MA";"UOP03-DEL04-MA"
144931;2018-07-06;"sexta-feira";"20:30:00";"SP";381;65;"MAIRIPORA";"Ingestão de Álcool";"Queda de ocupante de veículo";"Com Vítimas Feridas";"Plena Noite";"Crescente";"Céu Claro";"Dupla";"Reta";"Sim";2;0;1;0;1;0;1;1;-23,33122256;-46,57785237;"SPRF-SP";"DEL03-SP";"DEL6/3-UOP03/SP"
144935;2018-07-06;"sexta-feira";"20:20:00";"PR";467;105,5;"CASCAVEL";"Desobediência às normas de trânsito pelo condutor";"Colisão traseira";"Com Vítimas Feridas";"Plena Noite";"Crescente";"Céu Claro";"Dupla";"Reta";"Não";3;0;1;0;2;0;1;3;-24,91384799;-53,4938347;"SPRF-PR";"DEL04-PR";"UOP01-DEL04-PR"
144939;2018-07-06;"sexta-feira";"20:00:00";"MT";70;505;"CUIABA";"Falta de Atenção à Condução";"Colisão transversal";"Com Vítimas Feridas";"Plena Noite";"Crescente";"Céu Claro";"Simples";"Rotatória";"Não";4;0;1;0;2;2;1;4;-15,65056063;-56,0005331;"SPRF-MT";"DEL02-MT";"UOP02-DEL01-MT"
144952;2018-07-06;"sexta-feira";"21:50:00";"MG";381;905,5;"CAMBUI";"Velocidade Incompatível";"Colisão traseira";"Com Vítimas Fatais";"Plena Noite";"Decrescente";"Céu Claro";"Dupla";"Curva;Declive";"Não";4;1;0;1;1;1;1;3;-22,66285349;-46,0900256;"SPRF-MG";"DEL16-MG";"UOP03-DEL16-MG"
144981;2018-07-06;"sexta-feira";"23:55:00";"SE";101;130;"ESTANCIA";"Falta de Atenção do Pedestre";"Atropelamento de Pedestre";"Com Vítimas Fatais";"Plena Noite";"Crescente";"Nublado";"Dupla";"Reta";"Não";2;1;0;0;0;1;0;2;-11,1093;-37,3743;"SPRF-SE";"DEL02-SE";"UOP01-DEL02-SE"
144993;2018-07-07;"sábado";"01:45:00";"PA";10;26,8;"DOM ELISEU";"Condutor Dormindo";"Colisão traseira";"Com Vítimas Feridas";"Plena Noite";"Decrescente";"Céu Claro";"Simples";"Aclive";"Não";4;0;1;0;2;5;1;7;-4,2842526;-47,5582732;"SPRF-PA";"DEL02-PA";"UOP02-DEL02-PA"
145010;2018-07-07;"sábado";"00:15:00";"MG";50;79;"UBERLANDIA";"Falta de Atenção à Condução";"Colisão traseira";"Com Vítimas Feridas";"Plena Noite";"Decrescente";"Céu Claro";"Dupla";"Aclive";"Não";3;0;1;0;1;4;1;6;-18,9636;-48,2155;"SPRF-MG";"DEL15-MG";"UOP01-DEL15-MG"
145016;2018-07-07;"sábado";"03:40:00";"MG";381;486,2;"BETIM";"Falta de Atenção à Condução";"Colisão traseira";"Sem Vítimas";"Plena Noite";"Decrescente";"Céu Claro";"Dupla";"Declive;Reta";"Sim";2;0;0;0;1;1;0;2;-19,95596385;-44,10980701;"SPRF-MG";"DEL01-MG";"UOP03-DEL01-MG"
145017;2018-07-07;"sábado";"03:30:00";"MG";365;487,2;"PATROCINIO";"Condutor Dormindo";"Saída de leito carroçável";"Com Vítimas Fatais";"Plena Noite";"Crescente";"Céu Claro";"Simples";"Curva";"Não";2;1;0;0;0;1;0;2;-18,89567;-47,11539;"SPRF-MG";"DEL10-MG";"UOP01-DEL10-MG"
145019;2018-07-07;"sábado";"03:10:00";"PI";316;13,5;"TERESINA";"Falta de Atenção à Condução";"Colisão lateral";"Sem Vítimas";"Plena Noite";"Decrescente";"Céu Claro";"Simples";"Reta";"Não";2;0;0;0;2;0;0;2;-5,21655175;-42,7532047;"SPRF-PI";"DEL01-PI";"UOP02-DEL01-PI"
145040;2018-07-07;"sábado";"06:30:00";"TO";153;98,4;"WANDERLANDIA";"Falta de Atenção à Condução";"Colisão frontal";"Com Vítimas Fatais";"Amanhecer";"Crescente";"Céu Claro";"Simples";"Reta";"Não";4;1;0;0;1;3;0;5;-6,890054;-48,005723;"SPRF-TO";"DEL02-TO";"UOP01-DEL02-TO"
145051;2018-07-07;"sábado";"08:30:00";"TO";153;662,3;"GURUPI";"Falta de Atenção à Condução";"Saída de leito carroçável";"Com Vítimas Feridas";"Pleno dia";"Decrescente";"Céu Claro";"Simples";"Reta";"Não";6;0;1;0;4;1;1;3;-11,639839;-49,053444;"SPRF-TO";"DEL02-TO";"UOP02-DEL01-TO"
145053;2018-07-07;"sábado";"07:10:00";"MS";163;727;"COXIM";"Condutor Dormindo";"Colisão frontal";"Com Vítimas Feridas";"Pleno dia";"Crescente";"Céu Claro";"Simples";"Reta";"Sim";5;0;1;2;1;1;3;3;-18,53204617;-54,74167585;"SPRF-MS";"DEL06-MS";"UOP01-DEL06-MS"
145058;2018-07-07;"sábado";"06:30:00";"BA";242;237;"ITABERABA";"Falta de Atenção à Condução";"Tombamento";"Com Vítimas Feridas";"Pleno dia";"Decrescente";"Céu Claro";"Simples";"Curva";"Não";3;0;1;0;1;2;1;3;-12,521199;-40,374359;"SPRF-BA";"DEL06-BA";"UOP02-DEL06-BA"
145059;2018-07-07;"sábado";"05:50:00";"PI";316;115,3;"PASSAGEM FRANCA DO PIAUI";"Falta de Atenção à Condução";"Colisão traseira";"Com Vítimas Feridas";"Amanhecer";"Decrescente";"Nublado";"Simples";"Declive";"Não";2;0;1;0;1;0;1;2;-5,92827;-42,38533;"SPRF-PI";"DEL04-PI";"UOP02-DEL04-PI"
145071;2018-07-07;"sábado";"09:20:00";"PR";277;14,7;"PARANAGUA";"Defeito Mecânico no Veículo";"Saída de leito carroçável";"Com Vítimas Feridas";"Pleno dia";"Decrescente";"Nublado";"Dupla";"Reta";"Não";1;0;1;0;0;0;1;1;-25,551512;-48,667607;"SPRF-PR";"DEL01-PR";"UOP05-DEL01-PR"
145081;2018-07-07;"sábado";"10:55:00";"MG";153;238,7;"FRONTEIRA";"Avarias e/ou desgaste excessivo no pneu";"Saída de leito carroçável";"Com Vítimas Feridas";"Pleno dia";"Crescente";"Céu Claro";"Simples";"Reta";"Não";1;0;1;0;0;0;1;1;-20,2461327;-49,16622162;"SPRF-MG";"DEL13-MG";"UOP02-DEL13-MG"
145085;2018-05-02;"quarta-feira";"09:20:00";"PI";316;7,6;"TERESINA";"Desobediência às normas de trânsito pelo condutor";"Colisão frontal";"Sem Vítimas";"Pleno dia";"Decrescente";"Nublado";"Simples";"Reta";"Sim";2;0;0;0;2;0;0;2;-5,0442638;-42,76801586;"SPRF-PI";"DEL01-PI";"UOP02-DEL01-PI"
145096;2018-07-07;"sábado";"11:20:00";"MG";381;946,5;"EXTREMA";"Falta de Atenção à Condução";"Colisão lateral";"Com Vítimas Feridas";"Pleno dia";"Crescente";"Sol";"Dupla";"Curva;Declive";"Sim";3;0;1;0;1;1;1;3;-22,8607142;-46,33516962;"SPRF-MG";"DEL16-MG";"UOP03-DEL16-MG"
145099;2018-07-07;"sábado";"13:15:00";"SC";470;104,8;"APIUNA";"Desobediência às normas de trânsito pelo condutor";"Colisão transversal";"Sem Vítimas";"Pleno dia";"Decrescente";"Sol";"Simples";"Reta";"Não";2;0;0;0;2;0;0;2;-27,06468155;-49,39995736;"SPRF-SC";"DEL04-SC";"UOP02-DEL04-SC"
145100;2018-07-07;"sábado";"05:35:00";"MG";365;596,8;"UBERLANDIA";"Velocidade Incompatível";"Engavetamento";"Com Vítimas Fatais";"Plena Noite";"Decrescente";"Céu Claro";"Simples";"Curva;Declive";"Não";15;6;1;5;2;4;6;11;-18,872058;-48,081454;"SPRF-MG";"DEL15-MG";"UOP02-DEL15-MG"
145109;2018-07-07;"sábado";"11:30:00";"MA";316;574;"CAXIAS";"Avarias e/ou desgaste excessivo no pneu";"Danos eventuais";"Sem Vítimas";"Pleno dia";"Decrescente";"Nublado";"Simples";"Curva";"Não";3;0;0;0;2;1;0;3;-4,938115;-43,168587;"SPRF-MA";"DEL03-MA";"UOP02-DEL03-MA"
145112;2018-07-07;"sábado";"14:00:00";"PI";230;254;"OEIRAS";"Ingestão de Álcool";"Colisão lateral";"Com Vítimas Feridas";"Pleno dia";"Decrescente";"Céu Claro";"Simples";"Reta";"Sim";2;0;1;0;1;0;1;2;-6,992762;-42,579033;"SPRF-PI";"DEL03-PI";"UOP01-DEL03-PI"
145121;2018-07-07;"sábado";"15:20:00";"DF";40;5;"BRASILIA";"Não guardar distância de segurança";"Colisão traseira";"Com Vítimas Feridas";"Pleno dia";"Crescente";"Céu Claro";"Dupla";"Viaduto";"Não";3;0;1;0;2;0;1;3;-16,020903;-47,980541;"SPRF-DF";"DEL01-DF";"UOP01-DEL01-DF"
145122;2018-07-07;"sábado";"11:55:00";"BA";101;422;"IBIRAPITANGA";"Velocidade Incompatível";"Tombamento";"Com Vítimas Feridas";"Pleno dia";"Decrescente";"Nublado";"Simples";"Curva";"Não";1;0;1;0;0;0;1;1;-14,1385;-39,3546;"SPRF-BA";"DEL05-BA";"UOP03-DEL05-BA"
145126;2018-07-07;"sábado";"14:10:00";"MT";174;234;"PORTO ESPERIDIAO";"Falta de Atenção à Condução";"Colisão frontal";"Com Vítimas Feridas";"Pleno dia";"Crescente";"Céu Claro";"Simples";"Reta";"Não";6;0;3;0;2;2;3;5;-15,596698;-58,875395;"SPRF-MT";"DEL04-MT";"UOP01-DEL04-MT"
145128;2018-07-07;"sábado";"08:20:00";"TO";153;426,7;"MIRACEMA DO TOCANTINS";"Não guardar distância de segurança";"Engavetamento";"Com Vítimas Feridas";"Pleno dia";"Decrescente";"Céu Claro";"Simples";"Reta";"Não";11;0;1;0;8;2;1;3;-9,630857;-48,635384;"SPRF-TO";"DEL02-TO";"UOP01-DEL01-TO"
145130;2018-07-07;"sábado";"15:10:00";"BA";116;370,5;"SERRINHA";"Condutor Dormindo";"Colisão lateral";"Com Vítimas Feridas";"Pleno dia";"Crescente";"Sol";"Simples";"Reta";"Não";3;0;1;0;1;1;1;3;-11,70031562;-38,98601532;"SPRF-BA";"DEL02-BA";"DEL10/2-UOP02/BA"