"id";"data_inversa";"dia_semana";"horario";"uf";"br";"km";"municipio";"causa_acidente";"tipo_acidente";"classificacao_acidente";"fase_dia";"sentido_via";"condicao_metereologica";"tipo_pista";"tracado_via";"uso_solo";"pessoas";"mortos";"feridos_leves";"feridos_graves";"ilesos";"ignorados";"feridos";"veiculos";"latitude";"longitude";"regional";"delegacia";"uop"
145148;2018-06-05;"terça-feira";"15:40:00";"ES";262;36;"DOMINGOS MARTINS";"Pista Escorregadia";"Colisão frontal";"Com Vítimas Feridas";"Pleno dia";"Decrescente";"Chuva";"Simples";"Curva";"Não";4;0;1;2;1;0;3;3;-20,3815;-40,601;"SPRF-ES";"DEL01-ES";"UOP01-DEL01-ES"
145149;2018-07-07;"sábado";"14:32:00";"SC";282;511,4;"XANXERE";"Falta de Atenção à Condução";"Saída de leito carroçável";"Sem Vítimas";"Pleno dia";"Decrescente";"Nublado";"Simples";"Reta";"Não";2;0;0;0;1;1;0;2;-26,90446696;-52,46279195;"SPRF-SC";"DEL07-SC";"UOP01-DEL07-SC"
145153;2018-07-07;"sábado";"17:20:00";"SP";116;462;"PARIQUERA-ACU";"Defeito Mecânico no Veículo";"Colisão lateral";"Sem Vítimas";"Anoitecer";"Crescente";"Nublado";"Dupla";"Reta";"Não";3;0;0;0;2;2;0;4;-24,6658112;-47,9723053;"SPRF-SP";"DEL05-SP";"UOP01-DEL05-SP"
145156;2018-07-07;"sábado";"17:50:00";"PE";101;64,7;"RECIFE";"Ingestão de Álcool";"Atropelamento de Pedestre";"Com Vítimas Feridas";"Plena Noite";"Decrescente";"Céu Claro";"Múltipla";"Reta";"Sim";3;0;0;1;1;2;1;4;-8,020015;-34,94254;"SPRF-PE";"DEL01-PE";"UOP01-DEL01-PE"
145163;2018-07-07;"sábado";"18:00:00";"BA";101;829;"ITAMARAJU";"Defeito na Via";"Saída de leito carroçável";"Com Vítimas Feridas";"Plena Noite";"Crescente";"Céu Claro";"Simples";"Reta";"Não";4;0;4;0;0;0;4;1;-17,1684;-39,5789;"SPRF-BA";"DEL09-BA";"UOP01-DEL09-BA"
145167;2018-07-07;"sábado";"18:25:00";"SP";153;44,9;"SAO JOSE DO RIO PRETO";"Desobediência às normas de trânsito pelo condutor";"Colisão transversal";"Com Vítimas Feridas";"Plena Noite";"Crescente";"Céu Claro";"Simples";"Reta";"Não";3;0;1;0;1;1;1;3;-20,66442914;-49,34099436;"SPRF-SP";"DEL09-SP";"UOP01-DEL09-SP"
145174;2018-07-06;"sexta-feira";"19:55:00";"MG";365;596;"UBERLANDIA";"Defeito Mecânico no Veículo";"Incêndio";"Sem Vítimas";"Plena Noite";"Decrescente";"Céu Claro";"Simples";"Ponte";"Não";2;0;0;0;1;1;0;2;-18,87303175;-48,07801723;"SPRF-MG";"DEL15-MG";"UOP02-DEL15-MG"
145197;2018-07-07;"sábado";"20:10:00";"PA";308;9,3;"MARITUBA";"Desobediência às normas de trânsito pelo condutor";"Saída de leito carroçável";"Sem Vítimas";"Plena Noite";"Crescente";"Ignorado";"Dupla";"Reta;Declive";"Sim";3;0;0;0;3;0;0;3;-1,36595183;-48,36518526;"SPRF-PA";"DEL01-PA";"DEL19/1-UOP05/PA"
145202;2018-07-07;"sábado";"19:40:00";"GO";364;58,6;"CACHOEIRA ALTA";"Defeito Mecânico no Veículo";"Incêndio";"Sem Vítimas";"Plena Noite";"Crescente";"Céu Claro";"Simples";"Interseção de Vias";"Sim";2;0;0;0;1;1;0;2;-18,74489475;-50,93983769;"SPRF-GO";"DEL05-GO";"UOP02-DEL05-GO"
145206;2018-07-07;"sábado";"19:42:00";"MT";364;503;"JANGADA";"Falta de Atenção à Condução";"Saída de leito carroçável";"Com Vítimas Feridas";"Plena Noite";"Decrescente";"Céu Claro";"Simples";"Reta";"Não";2;0;1;0;0;1;1;2;-15,236865;-56,491161;"SPRF-MT";"DEL01-MT";"DEL2/4-UOP02/MT"
145207;2018-07-07;"sábado";"05:15:00";"MA";230;515;"PARAIBANO";"Falta de Atenção à Condução";"Tombamento";"Com Vítimas Feridas";"Pleno dia";"Decrescente";"Céu Claro";"Simples";"Curva";"Não";2;0;1;0;0;2;1;3;-6,50567473;-43,88540268;"SPRF-MA";"DEL05-MA";"UOP01-DEL05-MA"
145230;2018-07-07;"sábado";"23:45:00";"CE";222;314,3;"TIANGUA";"Não guardar distância de segurança";"Colisão traseira";"Com Vítimas Fatais";"Plena Noite";"Decrescente";"Nublado";"Simples";"Declive;Reta";"Sim";2;1;0;0;0;1;0;2;-3,74157;-41,0068;"SPRF-CE";"DEL04-CE";"UOP02-DEL04-CE"
145233;2018-07-07;"sábado";"20:30:00";"MT";70;217;"GENERAL CARNEIRO";"Falta de Atenção à Condução";"Tombamento";"Com Vítimas Feridas";"Plena Noite";"Crescente";"Céu Claro";"Simples";"Curva";"Não";2;0;1;0;0;1;1;2;-15,68524;-53,846367;"SPRF-MT";"DEL05-MT";"UOP01-DEL05-MT"
145237;2018-07-07;"sábado";"21:45:00";"BA";242;196;"ITABERABA";"Falta de Atenção à Condução";"Colisão transversal";"Com Vítimas Feridas";"Plena Noite";"Decrescente";"Céu Claro";"Simples";"Reta";"Não";4;0;1;0;2;3;1;5;-12,52115;-40,21725;"SPRF-BA";"DEL06-BA";"UOP02-DEL06-BA"
145249;2018-07-08;"domingo";"03:25:00";"SC";280;69;"JARAGUA DO SUL";"Falta de Atenção à Condução";"Colisão transversal";"Com Vítimas Feridas";"Plena Noite";"Crescente";"Nublado";"Simples";"Reta";"Sim";4;0;2;0;1;1;2;3;-26,46590055;-49,12426919;"SPRF-SC";"DEL03-SC";"UOP03-DEL03-SC"
145251;2018-07-07;"sábado";"23:30:00";"SC";470;200,8;"PONTE ALTA";"Falta de Atenção à Condução";"Colisão lateral";"Com Vítimas Feridas";"Plena Noite";"Crescente";"Nublado";"Simples";"Curva";"Não";7;0;6;1;0;0;7;2;-27,3099346;-50,12108803;"SPRF-SC";"DEL05-SC";"UOP03-DEL05-SC"
145263;2018-07-07;"sábado";"20:00:00";"MG";116;27;"CACHOEIRA DE PAJEU";"Falta de Atenção à Condução";"Colisão traseira";"Com Vítimas Feridas";"Plena Noite";"Decrescente";"Céu Claro";"Simples";"Reta";"Não";3;0;1;0;1;1;1;3;-15,88077173;-41,42772675;"SPRF-MG";"DEL11-MG";"UOP02-DEL11-MG"
145266;2018-07-08;"domingo";"06:00:00";"PE";101;110,5;"CABO DE SANTO AGOSTINHO";"Desobediência às normas de trânsito pelo condutor";"Colisão transversal";"Com Vítimas Feridas";"Pleno dia";"Decrescente";"Nublado";"Dupla";"Reta";"Não";5;0;0;2;2;2;2;6;-8,31681165;-35,10611773;"SPRF-PE";"DEL01-PE";"UOP03-DEL01-PE"
145274;2018-07-07;"sábado";"21:30:00";"MA";316;435;"PERITORO";"Defeito na Via";"Capotamento";"Sem Vítimas";"Plena Noite";"Crescente";"Chuva";"Simples";"Reta";"Não";1;0;0;0;1;0;0;1;-4,410838;-44,249836;"SPRF-MA";"DEL03-MA";"UOP01-DEL03-MA"
145275;2018-07-08;"domingo";"08:07:00";"SC";101;157,5;"PORTO BELO";"Velocidade Incompatível";"Colisão traseira";"Sem Vítimas";"Pleno dia";"Decrescente";"Sol";"Dupla";"Reta";"Sim";4;0;0;0;3;1;0;3;-27,1901;-48,6123;"SPRF-SC";"DEL04-SC";"UOP03-DEL04-SC"
145278;2018-07-08;"domingo";"06:30:00";"PR";467;86;"CASCAVEL";"Condutor Dormindo";"Colisão traseira";"Sem Vítimas";"Amanhecer";"Crescente";"Nublado";"Dupla";"Reta";"Sim";3;0;0;0;3;0;0;2;-24,8289;-53,6431;"SPRF-PR";"DEL04-PR";"UOP01-DEL04-PR"
145279;2018-07-08;"domingo";"07:05:00";"GO";153;73,8;"PORANGATU";"Não guardar distância de segurança";"Colisão traseira";"Sem Vítimas";"Pleno dia";"Decrescente";"Céu Claro";"Simples";"Declive";"Não";3;0;0;0;2;1;0;3;-13,475327;-49,136101;"SPRF-GO";"DEL07-GO";"UOP01-DEL07-GO"
145285;2018-07-08;"domingo";"08:15:00";"RO";364;350,2;"JI-PARANA";"Desobediência às normas de trânsito pelo condutor";"Colisão transversal";"Com Vítimas Feridas";"Pleno dia";"Crescente";"Céu Claro";"Simples";"Reta";"Sim";4;0;2;0;1;1;2;3;-10,843835;-62,001118;"SPRF-RO";"DEL02-RO";"UOP01-DEL02-RO"
145294;2018-07-08;"domingo";"06:50:00";"BA";101;558;"ARATACA";"Falta de Atenção à Condução";"Colisão frontal";"Com Vítimas Feridas";"Pleno dia";"Decrescente";"Nublado";"Simples";"Curva";"Não";6;0;1;4;1;0;5;2;-15,179403;-39,42998;"SPRF-BA";"DEL05-BA";"UOP02-DEL05-BA"
145296;2018-07-08;"domingo";"07:10:00";"RJ";393;114;"SAPUCAIA";"Carga excessiva e/ou mal acondicionada";"Tombamento";"Com Vítimas Feridas";"Pleno dia";"Crescente";"Céu Claro";"Simples";"Curva";"Não";2;0;1;0;0;1;1;2;-21,88167;-42,687073;"SPRF-RJ";"DEL06-RJ";"UOP01-DEL05-RJ"
145307;2018-07-07;"sábado";"21:00:00";"BA";242;499;"OLIVEIRA DOS BREJINHOS";"Defeito Mecânico no Veículo";"Tombamento";"Com Vítimas Feridas";"Plena Noite";"Decrescente";"Céu Claro";"Simples";"Reta";"Não";2;0;1;0;0;2;1;3;-12,302396;-42,628324;"SPRF-BA";"DEL06-BA";"UOP01-DEL06-BA"
145309;2018-07-08;"domingo";"09:00:00";"RO";364;268,3;"CACOAL";"Falta de Atenção à Condução";"Tombamento";"Com Vítimas Feridas";"Pleno dia";"Crescente";"Sol";"Simples";"Reta";"Não";3;0;1;1;0;2;2;3;-11,37793441;-61,69904709;"SPRF-RO";"DEL02-RO";"UOP02-DEL02-RO"
145310;2018-07-08;"domingo";"12:20:00";"PE";316;234,6;"BELEM DE SAO FRANCISCO";"Defeito Mecânico no Veículo";"Tombamento";"Com Vítimas Feridas";"Pleno dia";"Decrescente";"Sol";"Simples";"Reta";"Não";3;0;1;0;1;2;1;3;-8,61476;-39,094976;"SPRF-PE";"DEL05-PE";"UOP03-DEL05-PE"
145322;2018-07-08;"domingo";"13:00:00";"MS";163;388;"NOVA ALVORADA DO SUL";"Mal Súbito";"Colisão lateral";"Com Vítimas Feridas";"Pleno dia";"Decrescente";"Céu Claro";"Simples";"Aclive";"Não";3;0;1;0;1;1;1;3;-21,2696;-54,4437;"SPRF-MS";"DEL02-MS";"UOP01-DEL02-MS"
145341;2018-07-08;"domingo";"15:00:00";"MT";70;1,7;"BARRA DO GARCAS";"Falta de Atenção à Condução";"Colisão lateral";"Com Vítimas Feridas";"Pleno dia";"Crescente";"Céu Claro";"Simples";"Interseção de Vias";"Sim";3;0;1;0;1;3;1;5;-15,88919215;-52,26554632;"SPRF-MT";"DEL07-MT";"UOP01-DEL07-MT"
145353;2018-07-08;"domingo";"16:30:00";"PE";232;508;"SALGUEIRO";"Falta de Atenção do Pedestre";"Atropelamento de Pedestre";"Com Vítimas Feridas";"Pleno dia";"Decrescente";"Céu Claro";"Simples";"Reta;Interseção de Vias";"Sim";3;0;0;1;2;0;1;2;-8,06265;-39,123197;"SPRF-PE";"DEL05-PE";"UOP01-DEL05-PE"
145361;2018-07-08;"domingo";"16:50:00";"MG";262;48,3;"MANHUACU";"Velocidade Incompatível";"Saída de leito carroçável";"Com Vítimas Feridas";"Pleno dia";"Decrescente";"Céu Claro";"Simples";"Curva";"Não";2;0;1;0;0;1;1;2;-20,253658;-42,122959;"SPRF-MG";"DEL06-MG";"UOP03-DEL06-MG"
145364;2018-07-08;"domingo";"18:10:00";"PE";424;30,7;"VENTUROSA";"Falta de Atenção à Condução";"Colisão lateral";"Com Vítimas Feridas";"Anoitecer";"Crescente";"Nublado";"Simples";"Reta";"Sim";3;0;0;1;1;2;1;4;-8,58363626;-36,87007964;"SPRF-PE";"DEL03-PE";"UOP02-DEL03-PE"
145367;2018-07-08;"domingo";"18:30:00";"BA";101;841;"PRADO";"Falta de Atenção à Condução";"Tombamento";"Com Vítimas Feridas";"Anoitecer";"Decrescente";"Céu Claro";"Simples";"Curva";"Não";2;0;0;1;0;1;1;2;-17,2503;-39,6256;"SPRF-BA";"DEL09-BA";"UOP02-DEL09-BA"
145373;2018-07-08;"domingo";"18:45:00";"PR";376;292,6;"MAUA DA SERRA";"Ultrapassagem Indevida";"Colisão lateral";"Com Vítimas Fatais";"Plena Noite";"Crescente";"Céu Claro";"Simples";"Reta";"Sim";3;1;0;0;1;1;0;3;-23,90340025;-51,21528625;"SPRF-PR";"DEL07-PR";"UOP02-DEL07-PR"
145377;2018-03-23;"sexta-feira";"20:15:00";"GO";40;132,5;"CRISTALINA";"Falta de Atenção à Condução";"Colisão traseira";"Com Vítimas Feridas";"Plena Noite";"Decrescente";"Céu Claro";"Simples";"Reta";"Não";3;0;2;0;0;1;2;2;-16,925474;-47,34287;"SPRF-DF";"DEL01-DF";"UOP02-DEL01-DF"
145381;2018-07-08;"domingo";"19:10:00";"RS";158;336,7;"SANTA MARIA";"Falta de Atenção do Pedestre";"Atropelamento de Pedestre";"Com Vítimas Feridas";"Plena Noite";"Crescente";"Garoa/Chuvisco";"Simples";"Reta";"Não";2;0;0;1;1;0;1;2;-29,71601288;-53,89915967;"SPRF-RS";"DEL09-RS";"UOP01-DEL09-RS"
145391;2018-07-08;"domingo";"20:15:00";"SC";280;127,9;"RIO NEGRINHO";"Falta de Atenção à Condução";"Colisão frontal";"Com Vítimas Feridas";"Plena Noite";"Crescente";"Céu Claro";"Simples";"Reta";"Sim";3;0;1;0;1;1;1;3;-26,239437;-49,504192;"SPRF-SC";"DEL06-SC";"UOP03-DEL06-SC"
145397;2018-07-08;"domingo";"19:30:00";"MT";163;750;"SORRISO";"Desobediência às normas de trânsito pelo condutor";"Colisão transversal";"Com Vítimas Feridas";"Plena Noite";"Crescente";"Céu Claro";"Dupla";"Retorno Regulamentado";"Sim";6;0;4;0;0;3;4;4;-12,57331874;-55,72773099;"SPRF-MT";"DEL06-MT";"UOP01-DEL06-MT"
145403;2018-07-08;"domingo";"20:25:00";"PR";376;661,9;"TIJUCAS DO SUL";"Falta de Atenção à Condução";"Colisão lateral";"Sem Vítimas";"Plena Noite";"Decrescente";"Céu Claro";"Dupla";"Reta";"Não";3;0;0;0;2;1;0;3;-25,85397137;-48,98288727;"SPRF-PR";"DEL01-PR";"DEL7/1-UOP08/PR"
145405;2018-07-08;"domingo";"17:45:00";"RS";386;331,6;"MARQUES DE SOUZA";"Velocidade Incompatível";"Colisão lateral";"Com Vítimas Feridas";"Anoitecer";"Crescente";"Nublado";"Simples";"Declive;Curva";"Não";5;0;1;1;2;3;2;6;-29,37189093;-52,06221342;"SPRF-RS";"DEL04-RS";"UOP01-DEL04-RS"
145421;2018-07-08;"domingo";"22:30:00";"RS";285;275,5;"MATO CASTELHANO";"Ingestão de Álcool";"Colisão frontal";"Com Vítimas Feridas";"Plena Noite";"Decrescente";"Nublado";"Simples";"Reta";"Não";4;0;0;2;1;1;2;3;-28,264113;-52,213438;"SPRF-RS";"DEL08-RS";"UOP03-DEL08-RS"
145431;2018-07-08;"domingo";"21:55:00";"SC";280;22,4;"ARAQUARI";"Falta de Atenção à Condução";"Colisão transversal";"Com Vítimas Feridas";"Plena Noite";"Crescente";"Chuva";"Simples";"Reta";"Não";3;0;1;1;1;0;2;2;-26,37114731;-48,7056005;"SPRF-SC";"DEL03-SC";"UOP03-DEL03-SC"
145445;2018-07-09;"segunda-feira";"05:00:00";"PE";101;60;"RECIFE";"Não guardar distância de segurança";"Saída de leito carroçável";"Com Vítimas Feridas";"Pleno dia";"Decrescente";"Céu Claro";"Múltipla";"Reta";"Sim";3;0;1;0;0;2;1;3;-7,992;-34,9365;"SPRF-PE";"DEL01-PE";"UOP02-DEL01-PE"
145451;2018-07-09;"segunda-feira";"06:30:00";"MG";40;515;"RIBEIRAO DAS NEVES";"Não guardar distância de segurança";"Colisão traseira";"Com Vítimas Feridas";"Pleno dia";"Crescente";"Céu Claro";"Dupla";"Reta";"Sim";3;0;1;0;2;0;1;2;-19,8128;-44,093;"SPRF-MG";"DEL01-MG";"UOP03-DEL01-MG"
145452;2018-07-09;"segunda-feira";"06:50:00";"SC";470;74;"INDAIAL";"Desobediência às normas de trânsito pelo condutor";"Colisão frontal";"Com Vítimas Feridas";"Pleno dia";"Decrescente";"Nublado";"Simples";"Reta";"Sim";5;0;2;1;2;0;3;4;-26,89247337;-49,25851107;"SPRF-SC";"DEL04-SC";"UOP01-DEL04-SC"
145453;2018-07-09;"segunda-feira";"06:10:00";"RS";386;351,7;"ESTRELA";"Falta de Atenção à Condução";"Colisão transversal";"Com Vítimas Feridas";"Amanhecer";"Crescente";"Chuva";"Dupla";"Aclive;Reta;Retorno Regulamentado";"Sim";3;0;2;0;1;0;2;3;-29,49754789;-51,95053697;"SPRF-RS";"DEL04-RS";"UOP01-DEL04-RS"
145458;2018-07-09;"segunda-feira";"05:30:00";"BA";324;574;"SAO SEBASTIAO DO PASSE";"Velocidade Incompatível";"Tombamento";"Com Vítimas Feridas";"Pleno dia";"Crescente";"Céu Claro";"Dupla";"Viaduto";"Não";2;0;1;1;0;0;2;1;-12,57658429;-38,54180471;"SPRF-BA";"DEL01-BA";"UOP01-DEL01-BA"
145461;2018-07-09;"segunda-feira";"07:30:00";"ES";101;302;"VIANA";"Falta de Atenção à Condução";"Colisão traseira";"Sem Vítimas";"Pleno dia";"Crescente";"Céu Claro";"Múltipla";"Reta";"Sim";2;0;0;0;2;0;0;2;-20,3829692;-40,45961559;"SPRF-ES";"DEL01-ES";"UOP01-DEL01-ES"
145476;2018-07-09;"segunda-feira";"02:00:00";"RO";364;684;"CANDEIAS DO JAMARI";"Condutor Dormindo";"Saída de leito carroçável";"Sem Vítimas";"Plena Noite";"Crescente";"Céu Claro";"Simples";"Reta";"Não";2;0;0;0;1;2;0;3;-8,78209362;-63,55569363;"SPRF-RO";"DEL01-RO";"UOP01-DEL01-RO"
145481;2018-07-09;"segunda-feira";"08:25:00";"PR";376;494,9;"PONTA GROSSA";"Falta de Atenção à Condução";"Colisão traseira";"Com Vítimas Feridas";"Pleno dia";"Crescente";"Céu Claro";"Dupla";"Reta";"Sim";2;0;1;0;1;0;1;2;-25,13383351;-50,16679823;"SPRF-PR";"DEL03-PR";"UOP04-DEL03-PR"
145484;2018-07-09;"segunda-feira";"09:00:00";"ES";101;345,9;"GUARAPARI";"Velocidade Incompatível";"Colisão traseira";"Sem Vítimas";"Pleno dia";"Decrescente";"Céu Claro";"Simples";"Reta";"Sim";3;0;0;0;2;1;0;3;-20,6576039;-40,6168449;"SPRF-ES";"DEL03-ES";"UOP01-DEL03-ES"
145486;2018-07-09;"segunda-feira";"09:15:00";"PE";428;165,8;"PETROLINA";"Falta de Atenção à Condução";"Colisão transversal";"Com Vítimas Feridas";"Pleno dia";"Crescente";"Céu Claro";"Simples";"Reta";"Não";2;0;1;0;1;0;1;2;-9,2023558;-40,3941195;"SPRF-PE";"DEL06-PE";"UOP01-DEL06-PE"
145499;2018-07-09;"segunda-feira";"09:40:00";"PE";104;72;"CARUARU";"Falta de Atenção à Condução";"Tombamento";"Com Vítimas Feridas";"Pleno dia";"Decrescente";"Sol";"Simples";"Curva";"Não";3;0;2;0;0;1;2;2;-8,335235;-35,98053;"SPRF-PE";"DEL02-PE";"UOP01-DEL02-PE"
145508;2018-07-09;"segunda-feira";"09:50:00";"RS";290;226;"PANTANO GRANDE";"Falta de Atenção à Condução";"Saída de leito carroçável";"Sem Vítimas";"Pleno dia";"Crescente";"Nublado";"Simples";"Declive";"Não";3;0;0;0;1;2;0;3;-30,204834;-52,478748;"SPRF-RS";"DEL02-RS";"UOP02-DEL02-RS"
145518;2018-07-09;"segunda-feira";"08:55:00";"MG";381;532,1;"ITATIAIUCU";"Velocidade Incompatível";"Tombamento";"Sem Vítimas";"Pleno dia";"Decrescente";"Sol";"Dupla";"Curva";"Não";2;0;0;0;1;1;0;2;-20,1709;-44,3729;"SPRF-MG";"DEL04-MG";"UOP03-DEL04-MG"
145523;2018-07-09;"segunda-feira";"14:10:00";"CE";116;309;"JAGUARIBE";"Desobediência às normas de trânsito pelo condutor";"Colisão frontal";"Com Vítimas Fatais";"Pleno dia";"Crescente";"Céu Claro";"Simples";"Reta";"Sim";2;1;0;0;1;0;0;2;-5,90296351;-38,62306952;"SPRF-CE";"DEL05-CE";"UOP02-DEL05-CE"
145526;2018-07-09;"segunda-feira";"13:30:00";"SC";282;217;"LAGES";"Desobediência às normas de trânsito pelo condutor";"Colisão transversal";"Sem Vítimas";"Pleno dia";"Decrescente";"Nublado";"Simples";"Reta";"Sim";2;0;0;0;2;0;0;2;-27,797916;-50,302944;"SPRF-SC";"DEL05-SC";"UOP01-DEL05-SC"
145527;2018-07-09;"segunda-feira";"14:00:00";"SC";101;202,2;"SAO JOSE";"Falta de Atenção à Condução";"Colisão traseira";"Com Vítimas Feridas";"Pleno dia";"Crescente";"Céu Claro";"Dupla";"Reta";"Sim";3;0;1;0;1;1;1;3;-27,5651;-48,6144;"SPRF-SC";"DEL01-SC";"UOP01-DEL01-SC"
145532;2018-07-09;"segunda-feira";"10:40:00";"MT";70;697;"CACERES";"Avarias e/ou desgaste excessivo no pneu";"Colisão lateral";"Sem Vítimas";"Pleno dia";"Decrescente";"Nublado";"Simples";"Reta";"Não";2;0;0;0;2;0;0;2;-16,24756;-57,47695;"SPRF-MT";"DEL03-MT";"UOP01-DEL03-MT"
145544;2018-01-02;"terça-feira";"13:45:00";"MG";40;610,7;"CONGONHAS";"Velocidade Incompatível";"Colisão frontal";"Com Vítimas Feridas";"Pleno dia";"Decrescente";"Céu Claro";"Simples";"Curva";"Sim";8;0;2;1;2;3;3;5;-20,51071337;-43,84046461;"SPRF-MG";"DEL05-MG";"UOP02-DEL05-MG"
145549;2018-07-09;"segunda-feira";"13:00:00";"MG";116;415;"GOVERNADOR VALADARES";"Falta de Atenção à Condução";"Colisão lateral";"Com Vítimas Feridas";"Pleno dia";"Decrescente";"Céu Claro";"Simples";"Reta";"Sim";4;0;2;0;1;1;2;3;-18,79191774;-41,98974609;"SPRF-MG";"DEL06-MG";"UOP01-DEL06-MG"
145551;2018-07-09;"segunda-feira";"11:30:00";"MT";174;82;"CACERES";"Carga excessiva e/ou mal acondicionada";"Colisão com objeto em movimento";"Com Vítimas Feridas";"Pleno dia";"Crescente";"Nublado";"Simples";"Reta";"Não";2;0;1;0;0;1;1;2;-15,967477;-57,768539;"SPRF-MT";"DEL03-MT";"UOP01-DEL03-MT"
145553;2018-06-20;"quarta-feira";"08:10:00";"MA";230;340;"SAO RAIMUNDO DAS MANGABEIRAS";"Ultrapassagem Indevida";"Colisão frontal";"Com Vítimas Fatais";"Pleno dia";"Decrescente";"Céu Claro";"Simples";"Reta";"Não";5;2;1;1;0;2;2;4;-7,022264;-45,480907;"SPRF-MA";"DEL05-MA";"UOP01-DEL05-MA"
145554;2018-07-09;"segunda-feira";"15:25:00";"SC";116;22,2;"MAFRA";"Falta de Atenção à Condução";"Colisão lateral";"Com Vítimas Feridas";"Pleno dia";"Crescente";"Nublado";"Simples";"Reta";"Não";4;0;1;0;2;1;1;3;-26,265459;-49,916561;"SPRF-SC";"DEL06-SC";"UOP01-DEL06-SC"
145555;2018-07-09;"segunda-feira";"17:35:00";"GO";153;512;"APARECIDA DE GOIANIA";"Desobediência às normas de trânsito pelo condutor";"Colisão lateral";"Com Vítimas Fatais";"Pleno dia";"Crescente";"Céu Claro";"Dupla";"Reta";"Sim";3;1;0;0;1;2;0;4;-16,8156;-49,2402;"SPRF-GO";"DEL01-GO";"UOP03-DEL01-GO"
145573;2018-07-09;"segunda-feira";"17:15:00";"RS";470;191;"VERANOPOLIS";"Desobediência às normas de trânsito pelo condutor";"Colisão lateral";"Sem Vítimas";"Pleno dia";"Decrescente";"Chuva";"Simples";"Curva";"Não";3;0;0;0;2;1;0;3;-29,0255467;-51,56641245;"SPRF-RS";"DEL06-RS";"UOP02-DEL06-RS"
145575;2018-07-09;"segunda-feira";"10:50:00";"RJ";116;249;"PIRAI";"Mal Súbito";"Tombamento";"Sem Vítimas";"Pleno dia";"Decrescente";"Céu Claro";"Dupla";"Reta";"Não";2;0;0;0;1;1;0;2;-22,624538;-43,917652;"SPRF-RJ";"DEL07-RJ";"UOP01-DEL07-RJ"
145576;2018-07-09;"segunda-feira";"19:00:00";"GO";20;30;"FORMOSA";"Desobediência às normas de trânsito pelo condutor";"Colisão frontal";"Sem Vítimas";"Plena Noite";"Crescente";"Céu Claro";"Simples";"Declive;Reta";"Não";3;0;0;0;1;3;0;4;-15,49837932;-47,10997581;"SPRF-DF";"DEL02-DF";"UOP01-DEL02-DF"
145582;2018-07-09;"segunda-feira";"19:00:00";"SC";470;145;"RIO DO SUL";"Falta de Atenção à Condução";"Colisão lateral";"Com Vítimas Feridas";"Plena Noite";"Decrescente";"Nublado";"Simples";"Interseção de Vias";"Sim";3;0;1;1;1;0;2;2;-27,2214095;-49,66049105;"SPRF-SC";"DEL04-SC";"UOP02-DEL04-SC"
145584;2018-07-09;"segunda-feira";"21:30:00";"SC";101;22,6;"JOINVILLE";"Desobediência às normas de trânsito pelo condutor";"Colisão frontal";"Com Vítimas Feridas";"Plena Noite";"Decrescente";"Céu Claro";"Simples";"Interseção de Vias;Reta";"Sim";3;0;2;0;1;0;2;2;-26,17856746;-48,90853643;"SPRF-SC";"DEL03-SC";"UOP01-DEL03-SC"
145586;2018-07-09;"segunda-feira";"17:20:00";"RS";285;577;"SAO LUIZ GONZAGA";"Desobediência às normas de trânsito pelo condutor";"Colisão lateral";"Com Vítimas Feridas";"Pleno dia";"Crescente";"Nublado";"Simples";"Reta";"Não";4;0;2;0;2;0;2;2;-28,423437;-55,066597;"SPRF-RS";"DEL12-RS";"UOP01-DEL12-RS"
145592;2018-07-09;"segunda-feira";"20:00:00";"RS";116;401,2;"CAMAQUA";"Ingestão de Álcool";"Colisão transversal";"Sem Vítimas";"Plena Noite";"Decrescente";"Chuva";"Simples";"Reta";"Sim";2;0;0;0;2;0;0;2;-30,87680881;-51,81667107;"SPRF-RS";"DEL02-RS";"UOP03-DEL02-RS"
145598;2018-07-09;"segunda-feira";"20:15:00";"BA";101;885,7;"TEIXEIRA DE FREITAS";"Desobediência às normas de trânsito pelo condutor";"Queda de ocupante de veículo";"Com Vítimas Feridas";"Plena Noite";"Crescente";"Céu Claro";"Simples";"Reta";"Não";2;0;0;1;0;1;1;2;-17,60485;-39,75439;"SPRF-BA";"DEL09-BA";"UOP02-DEL09-BA"
145600;2018-07-09;"segunda-feira";"12:35:00";"RO";364;869;"PORTO VELHO";"Não guardar distância de segurança";"Colisão traseira";"Com Vítimas Feridas";"Pleno dia";"Crescente";"Céu Claro";"Simples";"Em Obras;Reta;Desvio Temporário";"Não";6;0;2;0;3;1;2;3;-9,54298604;-64,83497858;"SPRF-RO";"DEL01-RO";"UOP02-DEL01-RO"
145603;2018-07-09;"segunda-feira";"22:10:00";"SP";381;40,5;"ATIBAIA";"Falta de Atenção à Condução";"Colisão transversal";"Com Vítimas Feridas";"Plena Noite";"Crescente";"Céu Claro";"Dupla";"Reta";"Sim";4;0;1;0;1;2;1;3;-23,133864;-46,576386;"SPRF-SP";"DEL03-SP";"UOP01-DEL03-SP"