"id";"data_inversa";"dia_semana";"horario";"uf";"br";"km";"municipio";"causa_acidente";"tipo_acidente";"classificacao_acidente";"fase_dia";"sentido_via";"condicao_metereologica";"tipo_pista";"tracado_via";"uso_solo";"pessoas";"mortos";"feridos_leves";"feridos_graves";"ilesos";"ignorados";"feridos";"veiculos";"latitude";"longitude";"regional";"delegacia";"uop"
145916;2018-07-11;"quarta-feira";"16:00:00";"PR";376;552;"CAMPO LARGO";"Carga excessiva e/ou mal acondicionada";"Tombamento";"Sem Vítimas";"Pleno dia";"Crescente";"Céu Claro";"Dupla";"Declive;Curva";"Não";2;0;0;0;1;1;0;2;-25,445097;-49,50071;"SPRF-PR";"DEL01-PR";"UOP06-DEL01-PR"
145918;2018-07-11;"quarta-feira";"16:00:00";"MS";163;476,9;"CAMPO GRANDE";"Condutor Dormindo";"Colisão lateral";"Com Vítimas Feridas";"Pleno dia";"Decrescente";"Céu Claro";"Simples";"Curva";"Sim";4;0;1;0;2;2;1;5;-20,505195;-54,555381;"SPRF-MS";"DEL01-MS";"UOP01-DEL01-MS"
145919;2018-07-11;"quarta-feira";"16:30:00";"SC";101;43;"JOINVILLE";"Falta de Atenção à Condução";"Colisão traseira";"Com Vítimas Feridas";"Pleno dia";"Crescente";"Sol";"Dupla";"Aclive";"Sim";2;0;1;0;1;0;1;2;-26,3401;-48,8589;"SPRF-SC";"DEL03-SC";"UOP01-DEL03-SC"
145920;2018-07-11;"quarta-feira";"17:10:00";"SC";101;215,5;"PALHOCA";"Desobediência às normas de trânsito pelo condutor";"Colisão lateral";"Com Vítimas Feridas";"Pleno dia";"Decrescente";"Céu Claro";"Múltipla";"Viaduto";"Não";3;0;1;0;1;1;1;3;-27,6601;-48,6774;"SPRF-SC";"DEL01-SC";"UOP02-DEL01-SC"
145924;2018-07-11;"quarta-feira";"15:50:00";"MG";116;524,7;"CARATINGA";"Falta de Atenção à Condução";"Colisão traseira";"Com Vítimas Feridas";"Pleno dia";"Decrescente";"Sol";"Simples";"Interseção de Vias";"Sim";2;0;1;0;1;0;1;2;-19,752886;-42,132976;"SPRF-MG";"DEL06-MG";"UOP02-DEL06-MG"
145932;2018-07-11;"quarta-feira";"01:00:00";"MA";230;80;"SAO JOAO DOS PATOS";"Falta de Atenção à Condução";"Colisão com objeto estático";"Sem Vítimas";"Plena Noite";"Decrescente";"Céu Claro";"Simples";"Curva";"Não";2;0;0;0;1;1;0;2;-6,492675;-43,710655;"SPRF-PI";"DEL03-PI";"UOP01-DEL03-PI"
145941;2018-07-11;"quarta-feira";"18:50:00";"SC";470;68,9;"INDAIAL";"Ingestão de Álcool";"Colisão frontal";"Com Vítimas Feridas";"Plena Noite";"Decrescente";"Céu Claro";"Simples";"Reta";"Sim";2;0;0;1;1;0;1;2;-26,88392352;-49,24743891;"SPRF-SC";"DEL04-SC";"UOP01-DEL04-SC"
145952;2018-07-11;"quarta-feira";"11:00:00";"PR";163;162,7;"LINDOESTE";"Velocidade Incompatível";"Saída de leito carroçável";"Com Vítimas Feridas";"Pleno dia";"Decrescente";"Céu Claro";"Simples";"Aclive;Curva";"Não";2;0;1;0;0;1;1;2;-25,3159425;-53,59199524;"SPRF-PR";"DEL04-PR";"UOP05-DEL05-PR"
145953;2018-07-11;"quarta-feira";"18:45:00";"PA";230;136;"MARABA";"Restrição de Visibilidade";"Colisão transversal";"Com Vítimas Feridas";"Anoitecer";"Decrescente";"Céu Claro";"Simples";"Declive";"Não";4;0;2;0;1;1;2;3;-5,340066;-49,216602;"SPRF-PA";"DEL03-PA";"UOP01-DEL03-PA"
145954;2018-07-11;"quarta-feira";"19:45:00";"RJ";393;230;"VASSOURAS";"Não guardar distância de segurança";"Colisão traseira";"Sem Vítimas";"Plena Noite";"Crescente";"Nublado";"Simples";"Reta";"Não";3;0;0;0;2;1;0;3;-22,38306541;-43,6415121;"SPRF-RJ";"DEL05-RJ";"UOP03-DEL05-RJ"
145961;2018-07-11;"quarta-feira";"19:30:00";"PE";428;10;"CABROBO";"Falta de Atenção à Condução";"Colisão lateral";"Com Vítimas Feridas";"Plena Noite";"Crescente";"Céu Claro";"Simples";"Reta";"Sim";2;0;1;0;1;0;1;2;-8,509192;-39,307461;"SPRF-PE";"DEL05-PE";"UOP03-DEL05-PE"
145964;2018-07-11;"quarta-feira";"20:10:00";"PA";316;64;"CASTANHAL";"Desobediência às normas de trânsito pelo condutor";"Colisão transversal";"Com Vítimas Feridas";"Plena Noite";"Decrescente";"Céu Claro";"Dupla";"Reta";"Sim";3;0;0;2;1;0;2;2;-1,296296;-47,919842;"SPRF-PA";"DEL01-PA";"UOP01-DEL01-PA"
145965;2018-07-11;"quarta-feira";"17:25:00";"GO";414;418;"ABADIANIA";"Defeito Mecânico no Veículo";"Tombamento";"Sem Vítimas";"Pleno dia";"Crescente";"Céu Claro";"Simples";"Declive";"Não";3;0;0;0;2;2;0;4;-16,10523633;-48,87201548;"SPRF-GO";"DEL02-GO";"UOP01-DEL02-GO"
145968;2018-07-11;"quarta-feira";"19:10:00";"BA";116;772,9;"PLANALTO";"Não guardar distância de segurança";"Engavetamento";"Com Vítimas Feridas";"Plena Noite";"Crescente";"Céu Claro";"Simples";"Reta";"Não";5;0;1;0;3;1;1;3;-14,63941;-40,45322;"SPRF-BA";"DEL08-BA";"UOP02-DEL08-BA"
145970;2018-07-11;"quarta-feira";"20:25:00";"MG";459;97,6;"POUSO ALEGRE";"Falta de Atenção à Condução";"Colisão transversal";"Com Vítimas Feridas";"Plena Noite";"Crescente";"Céu Claro";"Dupla";"Interseção de Vias";"Não";3;0;1;0;1;2;1;4;-22,199377;-45,969555;"SPRF-MG";"DEL09-MG";"UOP01-DEL09-MG"
145974;2018-07-11;"quarta-feira";"21:45:00";"PR";376;601;"CURITIBA";"Falta de Atenção à Condução";"Colisão traseira";"Sem Vítimas";"Plena Noite";"Crescente";"Céu Claro";"Dupla";"Reta";"Sim";3;0;0;0;2;1;0;3;-25,53810463;-49,31402206;"SPRF-PR";"DEL01-PR";"UOP06-DEL01-PR"
145980;2018-07-11;"quarta-feira";"20:00:00";"BA";242;324;"LENCOIS";"Deficiência ou não Acionamento do Sistema de Iluminação/Sinalização do Veículo";"Colisão traseira";"Sem Vítimas";"Plena Noite";"Crescente";"Céu Claro";"Simples";"Reta";"Sim";2;0;0;0;1;2;0;3;-12,49669173;-41,30616905;"SPRF-BA";"DEL06-BA";"UOP01-DEL06-BA"
145983;2018-06-02;"sábado";"05:20:00";"MG";116;649,7;"FERVEDOURO";"Falta de Atenção à Condução";"Colisão lateral";"Com Vítimas Feridas";"Amanhecer";"Crescente";"Céu Claro";"Simples";"Reta";"Não";3;0;0;1;1;1;1;3;-20,70326343;-42,27811391;"SPRF-MG";"DEL07-MG";"UOP03-DEL07-MG"
145987;2018-07-11;"quarta-feira";"22:50:00";"RS";101;1;"TORRES";"Falta de Atenção à Condução";"Engavetamento";"Sem Vítimas";"Plena Noite";"Decrescente";"Céu Claro";"Múltipla";"Reta";"Não";2;0;0;0;2;0;0;2;-29,30657174;-49,77244914;"SPRF-RS";"DEL03-RS";"DEL9/3-UOP03/RS"
145988;2018-07-12;"quinta-feira";"00:15:00";"MG";381;927,6;"ITAPEVA";"Velocidade Incompatível";"Tombamento";"Com Vítimas Fatais";"Plena Noite";"Decrescente";"Céu Claro";"Dupla";"Curva";"Sim";2;1;0;0;0;1;0;2;-22,76594758;-46,22253729;"SPRF-MG";"DEL16-MG";"UOP03-DEL16-MG"
145989;2018-07-11;"quarta-feira";"22:30:00";"MG";251;334,3;"FRUTA DE LEITE";"Velocidade Incompatível";"Colisão com objeto estático";"Com Vítimas Fatais";"Plena Noite";"Crescente";"Céu Claro";"Simples";"Declive;Curva";"Não";2;1;0;1;0;0;1;1;-16,2639;-42,416;"SPRF-MG";"DEL12-MG";"UOP01-DEL12-MG"
145990;2018-07-11;"quarta-feira";"19:22:00";"MS";158;74;"PARANAIBA";"Desobediência às normas de trânsito pelo condutor";"Colisão frontal";"Com Vítimas Fatais";"Plena Noite";"Crescente";"Céu Claro";"Dupla";"Reta";"Não";4;1;0;0;1;3;0;5;-19,518247;-51,275327;"SPRF-MS";"DEL08-MS";"UOP01-DEL08-MS"
145995;2018-07-11;"quarta-feira";"22:15:00";"MG";50;147,6;"UBERABA";"Velocidade Incompatível";"Saída de leito carroçável";"Com Vítimas Feridas";"Plena Noite";"Crescente";"Céu Claro";"Dupla";"Declive";"Não";2;0;1;0;0;1;1;2;-19,5462;-48,0359;"SPRF-MG";"DEL13-MG";"UOP01-DEL13-MG"
145996;2018-07-11;"quarta-feira";"22:25:00";"MG";50;147,6;"UBERABA";"Velocidade Incompatível";"Saída de leito carroçável";"Com Vítimas Feridas";"Plena Noite";"Crescente";"Céu Claro";"Dupla";"Reta;Declive";"Não";3;0;1;0;1;1;1;3;-19,5462;-48,0359;"SPRF-MG";"DEL13-MG";"UOP01-DEL13-MG"
146000;2018-07-11;"quarta-feira";"23:00:00";"RO";364;463;"ARIQUEMES";"Falta de Atenção à Condução";"Colisão frontal";"Com Vítimas Fatais";"Pleno dia";"Decrescente";"Céu Claro";"Simples";"Reta";"Não";28;1;0;0;26;1;0;3;-10,234356;-62,747349;"SPRF-RO";"DEL03-RO";"UOP01-DEL03-RO"
146003;2018-03-28;"quarta-feira";"22:20:00";"PE";424;90;"GARANHUNS";"Falta de Atenção à Condução";"Colisão traseira";"Com Vítimas Feridas";"Plena Noite";"Crescente";"Chuva";"Simples";"Reta";"Sim";2;0;0;1;1;0;1;2;-8,896138;-36,501448;"SPRF-PE";"DEL03-PE";"UOP01-DEL03-PE"
146005;2018-07-12;"quinta-feira";"04:20:00";"RS";116;313,3;"BARRA DO RIBEIRO";"Falta de Atenção à Condução";"Saída de leito carroçável";"Sem Vítimas";"Plena Noite";"Decrescente";"Céu Claro";"Simples";"Reta";"Não";2;0;0;0;1;1;0;2;-30,308916;-51,417267;"SPRF-RS";"DEL02-RS";"UOP01-DEL02-RS"
146006;2018-07-12;"quinta-feira";"03:20:00";"SC";101;366;"SANGAO";"Condutor Dormindo";"Saída de leito carroçável";"Com Vítimas Feridas";"Plena Noite";"Decrescente";"Céu Claro";"Dupla";"Reta";"Não";2;0;2;0;0;0;2;1;-28,6882912;-49,15844657;"SPRF-SC";"DEL02-SC";"UOP01-DEL02-SC"
146087;2018-07-12;"quinta-feira";"07:00:00";"PR";369;143,6;"LONDRINA";"Desobediência às normas de trânsito pelo condutor";"Colisão transversal";"Com Vítimas Feridas";"Amanhecer";"Crescente";"Céu Claro";"Dupla";"Reta";"Não";4;0;1;0;2;3;1;6;-23,293012;-51,100673;"SPRF-PR";"DEL07-PR";"UOP01-DEL07-PR"
146095;2018-07-12;"quinta-feira";"08:43:00";"SP";116;227,5;"SAO PAULO";"Falta de Atenção à Condução";"Colisão traseira";"Com Vítimas Feridas";"Pleno dia";"Crescente";"Céu Claro";"Múltipla";"Reta";"Sim";2;0;0;1;1;0;1;2;-23,500327;-46,563129;"SPRF-SP";"DEL01-SP";"UOP01-DEL01-SP"
146096;2018-07-12;"quinta-feira";"07:30:00";"MS";158;57,5;"PARANAIBA";"Avarias e/ou desgaste excessivo no pneu";"Colisão frontal";"Com Vítimas Feridas";"Pleno dia";"Crescente";"Céu Claro";"Simples";"Curva";"Não";3;0;1;0;1;2;1;4;-19,427238;-51,374901;"SPRF-MS";"DEL08-MS";"UOP01-DEL08-MS"
146097;2018-05-02;"quarta-feira";"16:20:00";"PE";423;84,1;"SAO JOAO";"Condutor Dormindo";"Tombamento";"Com Vítimas Feridas";"Pleno dia";"Decrescente";"Nublado";"Simples";"Reta;Aclive";"Não";2;0;0;1;0;2;1;3;-8,79903126;-36,43849611;"SPRF-PE";"DEL03-PE";"UOP01-DEL03-PE"
146100;2018-06-11;"segunda-feira";"15:40:00";"MG";381;502,3;"BETIM";"Falta de Atenção à Condução";"Colisão traseira";"Com Vítimas Feridas";"Pleno dia";"Crescente";"Nublado";"Dupla";"Reta";"Sim";5;0;1;0;3;3;1;7;-20,0236;-44,2299;"SPRF-MG";"DEL01-MG";"UOP03-DEL01-MG"
146107;2018-05-14;"segunda-feira";"16:30:00";"MG";365;571;"ESTRELA DO SUL";"Velocidade Incompatível";"Colisão traseira";"Com Vítimas Feridas";"Pleno dia";"Crescente";"Céu Claro";"Simples";"Reta";"Não";4;0;2;0;1;1;2;4;-18,93109125;-47,75017741;"SPRF-MG";"DEL15-MG";"UOP02-DEL15-MG"
146108;2018-07-12;"quinta-feira";"10:10:00";"SP";153;255,9;"MARILIA";"Falta de Atenção à Condução";"Colisão lateral";"Com Vítimas Feridas";"Pleno dia";"Crescente";"Céu Claro";"Dupla";"Curva";"Sim";3;0;0;1;1;1;1;3;-22,23190407;-49,91889238;"SPRF-SP";"DEL07-SP";"UOP02-DEL07-SP"
146115;2018-07-12;"quinta-feira";"07:00:00";"CE";222;32,7;"CAUCAIA";"Falta de Atenção à Condução";"Colisão traseira";"Com Vítimas Feridas";"Pleno dia";"Crescente";"Céu Claro";"Simples";"Reta";"Não";3;0;1;0;2;0;1;2;-3,707839;-38,837753;"SPRF-CE";"DEL01-CE";"UOP01-DEL01-CE"
146118;2018-07-10;"terça-feira";"06:40:00";"RN";101;111;"SAO JOSE DE MIPIBU";"Falta de Atenção à Condução";"Colisão lateral";"Sem Vítimas";"Pleno dia";"Crescente";"Chuva";"Dupla";"Reta";"Não";3;0;0;0;3;0;0;2;-6,05555115;-35,24284579;"SPRF-RN";"DEL01-RN";"UOP01-DEL01-RN"
146119;2018-07-12;"quinta-feira";"07:00:00";"BA";242;824;"BARREIRAS";"Defeito Mecânico no Veículo";"Tombamento";"Sem Vítimas";"Pleno dia";"Decrescente";"Sol";"Simples";"Reta";"Não";2;0;0;0;1;1;0;2;-12,116238;-45,244704;"SPRF-BA";"DEL10-BA";"UOP01-DEL10-BA"
146120;2018-07-12;"quinta-feira";"11:00:00";"PE";316;249,9;"BELEM DE SAO FRANCISCO";"Velocidade Incompatível";"Tombamento";"Com Vítimas Feridas";"Pleno dia";"Decrescente";"Céu Claro";"Simples";"Aclive;Curva";"Não";3;0;1;0;1;1;1;2;-8,67776052;-38,97193909;"SPRF-PE";"DEL05-PE";"UOP03-DEL05-PE"
146124;2018-06-20;"quarta-feira";"19:05:00";"RS";472;406,4;"SAO BORJA";"Falta de Atenção à Condução";"Colisão lateral";"Com Vítimas Feridas";"Plena Noite";"Crescente";"Céu Claro";"Simples";"Reta";"Não";3;0;1;0;2;0;1;2;-28,73620516;-56,02040291;"SPRF-RS";"DEL12-RS";"UOP01-DEL12-RS"
146129;2018-07-12;"quinta-feira";"13:15:00";"SC";470;53,1;"BLUMENAU";"Falta de Atenção à Condução";"Colisão lateral";"Com Vítimas Feridas";"Pleno dia";"Crescente";"Céu Claro";"Múltipla";"Rotatória";"Sim";3;0;0;1;1;1;1;3;-26,8623953;-49,08530021;"SPRF-SC";"DEL04-SC";"UOP01-DEL04-SC"
146132;2018-07-12;"quinta-feira";"13:02:00";"GO";158;50;"BOM JARDIM DE GOIAS";"Defeito Mecânico no Veículo";"Saída de leito carroçável";"Com Vítimas Feridas";"Pleno dia";"Crescente";"Céu Claro";"Simples";"Reta";"Não";2;0;1;0;0;2;1;3;-16,232456;-52,069405;"SPRF-GO";"DEL04-GO";"UOP01-DEL04-GO"
146133;2018-03-09;"sexta-feira";"07:30:00";"RS";470;213;"BENTO GONCALVES";"Falta de Atenção à Condução";"Engavetamento";"Sem Vítimas";"Pleno dia";"Decrescente";"Céu Claro";"Simples";"Curva";"Não";5;0;0;0;4;1;0;5;-29,1439162;-51,5350466;"SPRF-RS";"DEL06-RS";"UOP01-DEL06-RS"
146134;2018-07-12;"quinta-feira";"13:45:00";"PR";369;17,5;"CAMBARA";"Desobediência às normas de trânsito pelo condutor";"Colisão transversal";"Com Vítimas Feridas";"Pleno dia";"Crescente";"Céu Claro";"Simples";"Reta";"Sim";2;0;1;0;1;0;1;2;-23,033713;-50,0602;"SPRF-PR";"DEL07-PR";"UOP05-DEL07-PR"
146135;2018-06-02;"sábado";"09:00:00";"PI";135;388;"BOM JESUS";"Defeito na Via";"Tombamento";"Com Vítimas Feridas";"Pleno dia";"Decrescente";"Céu Claro";"Simples";"Aclive";"Não";2;0;1;0;0;2;1;3;-9,333549;-44,521229;"SPRF-PI";"DEL03-PI";"UOP02-DEL03-PI"
146137;2018-07-12;"quinta-feira";"13:20:00";"RS";392;342,2;"SANTA MARIA";"Falta de Atenção à Condução";"Colisão transversal";"Sem Vítimas";"Pleno dia";"Decrescente";"Sol";"Simples";"Reta";"Não";3;0;0;0;2;1;0;3;-29,80764752;-53,77469659;"SPRF-RS";"DEL09-RS";"UOP01-DEL09-RS"
146138;2018-07-12;"quinta-feira";"13:50:00";"GO";153;267;"NOVA GLORIA";"Falta de Atenção à Condução";"Colisão frontal";"Com Vítimas Feridas";"Pleno dia";"Crescente";"Céu Claro";"Simples";"Reta";"Não";7;0;2;1;2;2;3;5;-15,14554081;-49,53057289;"SPRF-GO";"DEL07-GO";"UOP02-DEL07-GO"
146139;2018-07-12;"quinta-feira";"14:30:00";"MG";365;621,6;"UBERLANDIA";"Defeito Mecânico no Veículo";"Colisão traseira";"Sem Vítimas";"Pleno dia";"Decrescente";"Céu Claro";"Dupla";"Reta";"Sim";3;0;0;0;2;3;0;5;-18,8986628;-48,2719238;"SPRF-MG";"DEL15-MG";"UOP01-DEL15-MG"
146144;2018-07-12;"quinta-feira";"14:35:00";"PR";373;190,8;"PONTA GROSSA";"Falta de Atenção à Condução";"Colisão traseira";"Sem Vítimas";"Pleno dia";"Crescente";"Céu Claro";"Simples";"Em Obras";"Não";2;0;0;0;2;0;0;2;-25,05698917;-50,34141541;"SPRF-PR";"DEL03-PR";"UOP01-DEL03-PR"
146146;2018-07-12;"quinta-feira";"14:30:00";"SC";101;423,4;"ARARANGUA";"Falta de Atenção à Condução";"Colisão lateral";"Sem Vítimas";"Pleno dia";"Decrescente";"Céu Claro";"Múltipla";"Reta";"Sim";3;0;0;0;2;2;0;4;-29,0146;-49,5799;"SPRF-SC";"DEL02-SC";"UOP02-DEL02-SC"
146149;2018-07-12;"quinta-feira";"10:30:00";"MG";365;23;"MONTES CLAROS";"Avarias e/ou desgaste excessivo no pneu";"Saída de leito carroçável";"Com Vítimas Feridas";"Pleno dia";"Decrescente";"Céu Claro";"Simples";"Reta";"Não";2;0;1;1;0;0;2;1;-16,857615;-44,042904;"SPRF-MG";"DEL12-MG";"UOP01-DEL12-MG"
146150;2018-06-06;"quarta-feira";"13:40:00";"PB";230;35;"BAYEUX";"Sinalização da via insuficiente ou inadequada";"Engavetamento";"Sem Vítimas";"Pleno dia";"Decrescente";"Sol";"Simples";"Curva";"Sim";9;0;0;0;8;2;0;8;-7,1268;-34,9412;"SPRF-PB";"DEL01-PB";"UOP01-DEL01-PB"
146153;2018-07-12;"quinta-feira";"14:00:00";"MS";163;227;"CAARAPO";"Ingestão de Álcool";"Colisão lateral";"Sem Vítimas";"Pleno dia";"Crescente";"Sol";"Simples";"Curva";"Não";3;0;0;0;2;3;0;5;-22,46878194;-54,85336304;"SPRF-MS";"DEL04-MS";"UOP02-DEL04-MS"
146177;2018-07-12;"quinta-feira";"18:00:00";"ES";262;16,5;"VIANA";"Falta de Atenção à Condução";"Colisão frontal";"Com Vítimas Feridas";"Plena Noite";"Decrescente";"Nublado";"Simples";"Reta";"Não";3;0;1;0;2;0;1;3;-20,38630811;-40,4720664;"SPRF-ES";"DEL01-ES";"UOP01-DEL01-ES"
146178;2018-07-12;"quinta-feira";"16:50:00";"RO";364;165;"PIMENTA BUENO";"Falta de Atenção à Condução";"Colisão traseira";"Com Vítimas Feridas";"Pleno dia";"Decrescente";"Céu Claro";"Simples";"Aclive";"Não";5;0;2;0;2;2;2;5;-11,883072;-60,989132;"SPRF-RO";"DEL02-RO";"UOP02-DEL02-RO"
146180;2018-07-12;"quinta-feira";"10:00:00";"BA";101;372;"GANDU";"Velocidade Incompatível";"Saída de leito carroçável";"Com Vítimas Feridas";"Pleno dia";"Decrescente";"Céu Claro";"Simples";"Curva";"Não";1;0;1;0;0;0;1;1;-13,78588388;-39,49601055;"SPRF-BA";"DEL05-BA";"UOP03-DEL05-BA"
146199;2018-07-12;"quinta-feira";"19:30:00";"PE";423;95;"GARANHUNS";"Ingestão de Álcool";"Colisão lateral";"Sem Vítimas";"Plena Noite";"Crescente";"Céu Claro";"Simples";"Reta";"Sim";2;0;0;0;1;1;0;2;-8,87909316;-36,48048878;"SPRF-PE";"DEL03-PE";"UOP01-DEL03-PE"
146204;2018-07-12;"quinta-feira";"19:15:00";"SC";101;207;"SAO JOSE";"Falta de Atenção à Condução";"Colisão lateral";"Com Vítimas Feridas";"Plena Noite";"Crescente";"Céu Claro";"Múltipla";"Reta";"Sim";4;0;0;1;2;1;1;4;-27,6034;-48,632;"SPRF-SC";"DEL01-SC";"UOP01-DEL01-SC"
146207;2018-07-12;"quinta-feira";"20:20:00";"CE";222;300;"TIANGUA";"Velocidade Incompatível";"Colisão com objeto estático";"Com Vítimas Fatais";"Plena Noite";"Decrescente";"Céu Claro";"Simples";"Curva";"Não";1;1;0;0;0;0;0;1;-3,661556;-40,934746;"SPRF-CE";"DEL04-CE";"UOP02-DEL04-CE"
146217;2018-07-12;"quinta-feira";"19:30:00";"SP";116;496;"CAJATI";"Animais na Pista";"Atropelamento de Animal";"Sem Vítimas";"Plena Noite";"Decrescente";"Nublado";"Dupla";"Reta";"Não";4;0;0;0;3;1;0;4;-24,761173;-48,16543579;"SPRF-SP";"DEL05-SP";"UAP01-DEL05-SP"
146219;2018-07-12;"quinta-feira";"20:30:00";"MG";459;85,6;"CONGONHAL";"Falta de Atenção à Condução";"Colisão transversal";"Com Vítimas Feridas";"Plena Noite";"Decrescente";"Nublado";"Simples";"Reta";"Sim";3;0;1;0;2;0;1;2;-22,1499473;-46,02630973;"SPRF-MG";"N/A";"N/A"
146222;2018-07-12;"quinta-feira";"21:10:00";"MT";364;349;"SANTO ANTONIO DO LEVERGER";"Defeito Mecânico no Veículo";"Colisão com objeto estático";"Com Vítimas Feridas";"Plena Noite";"Crescente";"Céu Claro";"Dupla";"Curva;Declive";"Não";2;0;1;0;0;2;1;3;-15,805045;-55,5546;"SPRF-MT";"DEL02-MT";"UOP02-DEL01-MT"
146223;2018-07-12;"quinta-feira";"21:30:00";"SC";116;27,9;"ITAIOPOLIS";"Ingestão de Álcool";"Colisão frontal";"Com Vítimas Feridas";"Plena Noite";"Crescente";"Céu Claro";"Simples";"Reta";"Não";3;0;0;1;1;1;1;3;-26,30572642;-49,95583445;"SPRF-SC";"DEL06-SC";"UOP01-DEL06-SC"
146225;2018-07-12;"quinta-feira";"18:15:00";"MG";381;661,9;"SANTO ANTONIO DO AMPARO";"Falta de Atenção à Condução";"Saída de leito carroçável";"Sem Vítimas";"Anoitecer";"Crescente";"Céu Claro";"Dupla";"Declive;Reta";"Não";2;0;0;0;1;1;0;2;-21,0216;-44,9935;"SPRF-MG";"DEL04-MG";"UOP02-DEL04-MG"
146226;2018-07-12;"quinta-feira";"21:15:00";"RS";290;79,9;"GRAVATAI";"Desobediência às normas de trânsito pelo condutor";"Colisão traseira";"Com Vítimas Feridas";"Plena Noite";"Crescente";"Nublado";"Dupla";"Reta";"Não";4;0;3;0;1;0;3;2;-29,95331966;-51,05699416;"SPRF-RS";"DEL01-RS";"UOP01-DEL01-RS"
146228;2018-07-12;"quinta-feira";"21:40:00";"SP";116;297,8;"ITAPECERICA DA SERRA";"Agressão Externa";"Tombamento";"Sem Vítimas";"Plena Noite";"Crescente";"Céu Claro";"Simples";"Retorno Regulamentado";"Não";1;0;0;0;1;0;0;1;-23,77749052;-46,91539764;"SPRF-SP";"DEL04-SP";"UOP01-DEL04-SP"
146235;2018-07-12;"quinta-feira";"22:16:00";"PR";277;22,2;"MORRETES";"Condutor Dormindo";"Tombamento";"Com Vítimas Feridas";"Plena Noite";"Decrescente";"Nublado";"Dupla";"Reta";"Não";2;0;1;0;0;1;1;2;-25,52881088;-48,74221802;"SPRF-PR";"DEL01-PR";"UOP05-DEL01-PR"
146237;2018-07-12;"quinta-feira";"23:10:00";"SP";116;144,4;"SAO JOSE DOS CAMPOS";"Falta de Atenção à Condução";"Colisão traseira";"Sem Vítimas";"Plena Noite";"Crescente";"Céu Claro";"Dupla";"Reta";"Sim";2;0;0;0;1;1;0;2;-23,18358753;-45,84876106;"SPRF-SP";"DEL02-SP";"UOP01-DEL02-SP"
146239;2018-07-12;"quinta-feira";"23:00:00";"ES";101;261,3;"SERRA";"Falta de Atenção à Condução";"Colisão lateral";"Com Vítimas Feridas";"Plena Noite";"Decrescente";"Céu Claro";"Simples";"Reta";"Sim";3;0;1;1;1;0;2;2;-20,15426384;-40,27787447;"SPRF-ES";"DEL02-ES";"UOP01-DEL02-ES"
146242;2018-07-13;"sexta-feira";"01:30:00";"RJ";393;112;"SAPUCAIA";"Velocidade Incompatível";"Colisão frontal";"Com Vítimas Fatais";"Plena Noite";"Decrescente";"Céu Claro";"Simples";"Reta";"Não";2;1;0;0;1;0;0;2;-21,88167;-42,687073;"SPRF-RJ";"DEL06-RJ";"UOP01-DEL05-RJ"
146243;2018-07-13;"sexta-feira";"01:45:00";"SP";116;174,3;"JACAREI";"Desobediência às normas de trânsito pelo condutor";"Colisão frontal";"Com Vítimas Feridas";"Plena Noite";"Crescente";"Nevoeiro/Neblina";"Dupla";"Reta";"Não";10;0;5;2;1;2;7;6;-23,319549;-46,092124;"SPRF-SP";"DEL02-SP";"UOP01-DEL02-SP"
146246;2018-07-13;"sexta-feira";"04:00:00";"MG";262;395;"PARA DE MINAS";"Falta de Atenção à Condução";"Colisão traseira";"Com Vítimas Feridas";"Plena Noite";"Decrescente";"Céu Claro";"Dupla";"Reta";"Não";2;0;1;0;1;0;1;2;-19,8961;-44,5674;"SPRF-MG";"DEL01-MG";"UOP03-DEL01-MG"
146247;2018-07-13;"sexta-feira";"02:50:00";"RN";226;9;"MACAIBA";"Condutor Dormindo";"Colisão frontal";"Sem Vítimas";"Plena Noite";"Crescente";"Nevoeiro/Neblina";"Simples";"Curva";"Não";2;0;0;0;2;0;0;2;-5,8357;-35,289555;"SPRF-RN";"DEL01-RN";"UOP02-DEL01-RN"
146249;2018-07-13;"sexta-feira";"04:00:00";"AL";101;59;"MESSIAS";"Condutor Dormindo";"Saída de leito carroçável";"Sem Vítimas";"Plena Noite";"Crescente";"Nevoeiro/Neblina";"Dupla";"Reta";"Não";1;0;0;0;1;0;0;1;-9,283292;-35,802752;"SPRF-AL";"DEL01-AL";"UOP01-DEL01-AL"
146250;2018-07-13;"sexta-feira";"04:00:00";"ES";262;96,9;"DOMINGOS MARTINS";"Animais na Pista";"Atropelamento de Animal";"Com Vítimas Feridas";"Amanhecer";"Crescente";"Céu Claro";"Simples";"Reta";"Não";5;0;1;0;3;1;1;3;-20,36143052;-41,07391924;"SPRF-ES";"DEL01-ES";"UOP02-DEL01-ES"
146260;2018-07-13;"sexta-feira";"06:40:00";"RS";116;350,4;"TAPES";"Condutor Dormindo";"Colisão frontal";"Com Vítimas Fatais";"Amanhecer";"Decrescente";"Nevoeiro/Neblina";"Simples";"Curva";"Não";3;1;0;0;1;1;0;3;-30,53454193;-51,50137693;"SPRF-RS";"DEL02-RS";"UOP03-DEL02-RS"
146261;2018-07-13;"sexta-feira";"06:00:00";"PI";343;559;"AMARANTE";"Condutor Dormindo";"Saída de leito carroçável";"Com Vítimas Feridas";"Amanhecer";"Crescente";"Céu Claro";"Simples";"Reta";"Não";2;0;1;0;0;2;1;3;-6,652987;-42,882874;"SPRF-PI";"DEL03-PI";"UOP01-DEL03-PI"