"id";"data_inversa";"dia_semana";"horario";"uf";"br";"km";"municipio";"causa_acidente";"tipo_acidente";"classificacao_acidente";"fase_dia";"sentido_via";"condicao_metereologica";"tipo_pista";"tracado_via";"uso_solo";"pessoas";"mortos";"feridos_leves";"feridos_graves";"ilesos";"ignorados";"feridos";"veiculos";"latitude";"longitude";"regional";"delegacia";"uop"
146268;2018-07-13;"sexta-feira";"07:30:00";"PE";428;188,2;"PETROLINA";"Não guardar distância de segurança";"Colisão traseira";"Com Vítimas Feridas";"Pleno dia";"Decrescente";"Céu Claro";"Simples";"Reta";"Sim";2;0;1;0;0;1;1;2;-9,365419;-40,483338;"SPRF-PE";"DEL06-PE";"UOP01-DEL06-PE"
146278;2018-07-13;"sexta-feira";"07:40:00";"GO";153;530,2;"HIDROLANDIA";"Ingestão de Álcool";"Atropelamento de Pedestre";"Com Vítimas Feridas";"Pleno dia";"Decrescente";"Céu Claro";"Simples";"Reta";"Sim";2;0;0;1;1;0;1;2;-16,9677;-49,2331;"SPRF-GO";"DEL01-GO";"UOP03-DEL01-GO"
146283;2018-07-13;"sexta-feira";"07:55:00";"MG";153;137;"PRATA";"Condutor Dormindo";"Colisão lateral";"Com Vítimas Feridas";"Amanhecer";"Crescente";"Céu Claro";"Simples";"Reta";"Não";3;0;2;0;0;1;2;3;-19,46400264;-48,87680054;"SPRF-MG";"DEL15-MG";"UOP03-DEL15-MG"
146286;2018-07-13;"sexta-feira";"08:15:00";"PR";116;28;"CAMPINA GRANDE DO SUL";"Não guardar distância de segurança";"Colisão lateral";"Sem Vítimas";"Pleno dia";"Decrescente";"Nublado";"Dupla";"Curva";"Não";2;0;0;0;1;1;0;2;-25,106691;-48,804073;"SPRF-PR";"DEL01-PR";"UOP02-DEL01-PR"
146292;2018-07-13;"sexta-feira";"09:30:00";"ES";101;149,7;"LINHARES";"Falta de Atenção à Condução";"Colisão traseira";"Com Vítimas Feridas";"Pleno dia";"Crescente";"Sol";"Múltipla";"Reta";"Sim";4;0;1;0;1;3;1;5;-19,40604959;-40,06164551;"SPRF-ES";"DEL04-ES";"UOP01-DEL04-ES"
146296;2018-07-13;"sexta-feira";"08:45:00";"RJ";40;21;"TRES RIOS";"Carga excessiva e/ou mal acondicionada";"Tombamento";"Sem Vítimas";"Pleno dia";"Decrescente";"Nublado";"Simples";"Curva";"Não";2;0;0;0;1;1;0;2;-22,1211;-43,1572;"SPRF-RJ";"DEL06-RJ";"UOP02-DEL05-RJ"
146297;2018-07-13;"sexta-feira";"09:45:00";"PA";316;63;"CASTANHAL";"Não guardar distância de segurança";"Colisão traseira";"Sem Vítimas";"Pleno dia";"Decrescente";"Céu Claro";"Dupla";"Reta";"Sim";2;0;0;0;2;0;0;2;-1,296296;-47,919842;"SPRF-PA";"DEL01-PA";"UOP01-DEL01-PA"
146302;2018-05-11;"sexta-feira";"20:00:00";"RR";174;283;"SAO LUIZ";"Falta de Atenção à Condução";"Saída de leito carroçável";"Com Vítimas Feridas";"Plena Noite";"Crescente";"Nublado";"Simples";"Curva";"Não";2;0;1;0;0;1;1;2;1;-60;"SPRF-RR";"DEL01-RR";"UOP01-DEL01-RR"
146309;2018-07-13;"sexta-feira";"11:20:00";"PE";232;236,8;"PESQUEIRA";"Falta de Atenção à Condução";"Colisão lateral";"Sem Vítimas";"Pleno dia";"Crescente";"Céu Claro";"Simples";"Curva";"Não";2;0;0;0;2;0;0;2;-8,41213527;-36,92539215;"SPRF-PE";"DEL03-PE";"UOP02-DEL03-PE"
146311;2018-07-13;"sexta-feira";"11:40:00";"SP";153;257,8;"MARILIA";"Não guardar distância de segurança";"Queda de ocupante de veículo";"Com Vítimas Feridas";"Pleno dia";"Crescente";"Céu Claro";"Dupla";"Rotatória";"Sim";2;0;1;0;1;0;1;2;-22,26895268;-49,92348248;"SPRF-SP";"DEL07-SP";"UOP02-DEL07-SP"
146314;2018-07-13;"sexta-feira";"12:45:00";"GO";60;390,1;"RIO VERDE";"Velocidade Incompatível";"Colisão traseira";"Com Vítimas Feridas";"Pleno dia";"Decrescente";"Céu Claro";"Simples";"Reta";"Sim";2;0;1;0;0;1;1;2;-17,82367231;-50,95180035;"SPRF-GO";"DEL04-GO";"UOP01-DEL04-GO"
146315;2018-07-13;"sexta-feira";"11:05:00";"SC";116;208,9;"PONTE ALTA";"Falta de Atenção à Condução";"Colisão transversal";"Com Vítimas Feridas";"Pleno dia";"Crescente";"Céu Claro";"Simples";"Interseção de Vias";"Não";2;0;1;0;1;0;1;2;-27,49503403;-50,371229;"SPRF-SC";"DEL05-SC";"UOP03-DEL05-SC"
146316;2018-07-13;"sexta-feira";"11:30:00";"MS";60;65,3;"PARAISO DAS AGUAS";"Velocidade Incompatível";"Tombamento";"Com Vítimas Feridas";"Pleno dia";"Crescente";"Céu Claro";"Simples";"Curva";"Não";2;0;0;1;0;3;1;4;-19,03826566;-53,0081749;"SPRF-MS";"DEL06-MS";"UOP02-DEL06-MS"
146321;2018-01-25;"quinta-feira";"16:40:00";"PB";230;515,1;"CAJAZEIRAS";"Falta de Atenção à Condução";"Colisão transversal";"Com Vítimas Feridas";"Pleno dia";"Decrescente";"Céu Claro";"Simples";"Interseção de Vias;Reta";"Sim";4;0;1;0;2;1;1;3;-6,87980009;-38,63177984;"SPRF-PB";"DEL03-PB";"UOP03-DEL03-PB"
146325;2018-07-13;"sexta-feira";"13:40:00";"GO";153;353,4;"JARAGUA";"Falta de Atenção à Condução";"Colisão traseira";"Sem Vítimas";"Pleno dia";"Crescente";"Sol";"Simples";"Aclive";"Não";2;0;0;0;2;0;0;2;-15,690715;-49,338116;"SPRF-GO";"DEL02-GO";"UOP02-DEL02-GO"
146326;2018-07-13;"sexta-feira";"12:30:00";"MT";163;855;"SINOP";"Ultrapassagem Indevida";"Tombamento";"Com Vítimas Feridas";"Pleno dia";"Crescente";"Céu Claro";"Simples";"Reta";"Não";2;0;1;0;0;1;1;2;-11,68922115;-55,45040131;"SPRF-MT";"DEL06-MT";"UOP02-DEL06-MT"
146330;2018-07-13;"sexta-feira";"14:12:00";"PR";476;128;"CURITIBA";"Falta de Atenção à Condução";"Colisão transversal";"Com Vítimas Feridas";"Pleno dia";"Decrescente";"Céu Claro";"Dupla";"Interseção de Vias;Declive;Reta";"Sim";3;0;1;1;1;0;2;2;-25,43870167;-49,23351288;"SPRF-PR";"DEL01-PR";"UOP07-DEL01-PR"
146332;2018-07-13;"sexta-feira";"07:30:00";"MG";116;628,7;"ORIZANIA";"Velocidade Incompatível";"Tombamento";"Com Vítimas Feridas";"Pleno dia";"Crescente";"Céu Claro";"Simples";"Curva";"Não";1;0;1;0;0;0;1;1;-20,55157743;-42,20930489;"SPRF-MG";"DEL07-MG";"UOP03-DEL07-MG"
146333;2018-07-13;"sexta-feira";"11:20:00";"GO";153;86;"PORANGATU";"Desobediência às normas de trânsito pelo condutor";"Colisão traseira";"Sem Vítimas";"Pleno dia";"Decrescente";"Céu Claro";"Simples";"Em Obras";"Não";3;0;0;0;2;3;0;5;-13,554891;-49,074291;"SPRF-GO";"DEL07-GO";"UOP01-DEL07-GO"
146340;2018-06-03;"domingo";"15:30:00";"MG";251;367,9;"GRAO MOGOL";"Ultrapassagem Indevida";"Colisão traseira";"Com Vítimas Feridas";"Pleno dia";"Crescente";"Céu Claro";"Simples";"Reta";"Não";5;0;3;0;1;1;3;3;-16,2662;-42,644;"SPRF-MG";"DEL12-MG";"UOP01-DEL12-MG"
146341;2018-06-07;"quinta-feira";"15:30:00";"PR";376;497;"PONTA GROSSA";"Desobediência às normas de trânsito pelo condutor";"Colisão traseira";"Com Vítimas Feridas";"Pleno dia";"Decrescente";"Nublado";"Dupla";"Interseção de Vias";"Sim";2;0;1;0;1;0;1;2;-25,14847208;-50,14794016;"SPRF-PR";"DEL03-PR";"UOP04-DEL03-PR"
146351;2018-07-13;"sexta-feira";"15:25:00";"GO";153;591;"PIRACANJUBA";"Falta de Atenção à Condução";"Colisão lateral";"Com Vítimas Feridas";"Pleno dia";"Decrescente";"Céu Claro";"Dupla";"Reta";"Não";6;0;0;4;1;1;4;3;-17,4751;-49,2138;"SPRF-GO";"DEL03-GO";"UOP01-DEL03-GO"
146354;2018-07-13;"sexta-feira";"16:00:00";"PR";476;55;"TUNAS DO PARANA";"Falta de Atenção à Condução";"Colisão frontal";"Com Vítimas Fatais";"Pleno dia";"Decrescente";"Céu Claro";"Simples";"Reta";"Sim";3;1;0;1;1;0;1;2;-24,966764;-49,08572;"SPRF-PR";"DEL01-PR";"UOP01-DEL01-PR"
146356;2018-07-13;"sexta-feira";"15:00:00";"SP";116;139;"SAO JOSE DOS CAMPOS";"Não guardar distância de segurança";"Engavetamento";"Com Vítimas Feridas";"Pleno dia";"Crescente";"Céu Claro";"Dupla";"Reta";"Sim";5;0;1;0;3;2;1;6;-23,161556;-45,804054;"SPRF-SP";"DEL06-SP";"UOP02-DEL02-SP"
146358;2018-07-13;"sexta-feira";"15:40:00";"PR";116;117,8;"CURITIBA";"Falta de Atenção à Condução";"Colisão transversal";"Com Vítimas Feridas";"Pleno dia";"Decrescente";"Nublado";"Dupla";"Reta";"Sim";4;0;0;2;1;1;2;3;-25,544559;-49,30146;"SPRF-PR";"DEL01-PR";"UOP07-DEL01-PR"
146362;2018-07-13;"sexta-feira";"16:40:00";"TO";242;378;"GURUPI";"Ingestão de Álcool";"Colisão traseira";"Com Vítimas Feridas";"Pleno dia";"Decrescente";"Céu Claro";"Simples";"Curva";"Não";2;0;1;0;1;0;1;2;-11,73416;-49,04583;"SPRF-TO";"DEL02-TO";"UOP02-DEL01-TO"
146365;2018-07-13;"sexta-feira";"16:25:00";"RS";392;113;"CANGUCU";"Falta de Atenção à Condução";"Colisão traseira";"Sem Vítimas";"Pleno dia";"Decrescente";"Céu Claro";"Simples";"Aclive";"Não";2;0;0;0;2;0;0;2;-31,439604;-52,649815;"SPRF-RS";"DEL07-RS";"UOP01-DEL07-RS"
146370;2018-07-13;"sexta-feira";"16:50:00";"PR";277;52;"SAO JOSE DOS PINHAIS";"Não guardar distância de segurança";"Colisão traseira";"Sem Vítimas";"Pleno dia";"Crescente";"Céu Claro";"Múltipla";"Reta";"Não";3;0;0;0;2;4;0;6;-25,58285944;-48,95936966;"SPRF-PR";"DEL01-PR";"UOP07-DEL01-PR"
146371;2018-07-13;"sexta-feira";"12:30:00";"RJ";116;224,5;"PIRAI";"Defeito Mecânico no Veículo";"Colisão com objeto estático";"Com Vítimas Feridas";"Pleno dia";"Decrescente";"Sol";"Simples";"Curva";"Não";2;0;1;0;0;1;1;2;-22,679905;-43,814217;"SPRF-RJ";"DEL07-RJ";"UOP01-DEL07-RJ"
146373;2018-07-13;"sexta-feira";"16:40:00";"SC";101;120;"ITAJAI";"Ingestão de Substâncias Psicoativas";"Colisão frontal";"Sem Vítimas";"Pleno dia";"Crescente";"Céu Claro";"Dupla";"Reta";"Não";3;0;0;0;2;1;0;3;-26,9211;-48,7084;"SPRF-SC";"DEL04-SC";"UOP04-DEL04-SC"
146374;2018-06-30;"sábado";"14:30:00";"MS";163;615;"SAO GABRIEL DO OESTE";"Falta de Atenção à Condução";"Colisão transversal";"Com Vítimas Feridas";"Pleno dia";"Crescente";"Céu Claro";"Simples";"Interseção de Vias";"Sim";2;0;0;1;0;1;1;2;-19,39619309;-54,56723839;"SPRF-MS";"DEL06-MS";"UOP02-DEL06-MS"
146375;2018-07-13;"sexta-feira";"17:00:00";"RS";386;375,3;"TAQUARI";"Falta de Atenção à Condução";"Saída de leito carroçável";"Com Vítimas Feridas";"Pleno dia";"Decrescente";"Sol";"Dupla";"Curva";"Não";6;0;2;0;3;1;2;4;-29,63046433;-51,77606295;"SPRF-RS";"DEL04-RS";"UOP02-DEL04-RS"
146382;2018-07-13;"sexta-feira";"16:00:00";"BA";407;35;"JUAZEIRO";"Defeito Mecânico no Veículo";"Colisão lateral";"Com Vítimas Feridas";"Pleno dia";"Crescente";"Céu Claro";"Simples";"Reta";"Não";4;0;1;0;2;1;1;4;-9,690328;-40,374271;"SPRF-BA";"DEL04-BA";"UOP01-DEL04-BA"
146384;2018-07-13;"sexta-feira";"17:30:00";"SP";116;125,2;"CACAPAVA";"Defeito Mecânico no Veículo";"Saída de leito carroçável";"Com Vítimas Feridas";"Pleno dia";"Crescente";"Céu Claro";"Dupla";"Reta";"Não";3;0;1;0;2;0;1;3;-23,098782;-45,686161;"SPRF-SP";"DEL06-SP";"UOP02-DEL02-SP"
146386;2018-07-13;"sexta-feira";"16:40:00";"GO";60;165,8;"GOIANIA";"Objeto estático sobre o leito carroçável";"Colisão com objeto estático";"Sem Vítimas";"Pleno dia";"Crescente";"Céu Claro";"Dupla";"Aclive";"Sim";4;0;0;0;3;1;0;4;-16,71249352;-49,35750604;"SPRF-GO";"DEL01-GO";"UOP02-DEL01-GO"
146391;2018-07-13;"sexta-feira";"17:00:00";"MA";135;24;"SAO LUIS";"Desobediência às normas de trânsito pelo condutor";"Colisão lateral";"Sem Vítimas";"Pleno dia";"Decrescente";"Céu Claro";"Dupla";"Declive";"Sim";5;0;0;0;5;0;0;2;-2,759381;-44,354282;"SPRF-MA";"DEL01-MA";"UOP01-DEL01-MA"
146394;2018-07-13;"sexta-feira";"18:15:00";"RS";290;486;"ROSARIO DO SUL";"Falta de Atenção à Condução";"Colisão frontal";"Com Vítimas Fatais";"Anoitecer";"Decrescente";"Céu Claro";"Simples";"Reta";"Não";5;1;0;0;2;2;0;4;-30,23987049;-54,9839679;"SPRF-RS";"DEL11-RS";"UOP02-DEL11-RS"
146396;2018-07-13;"sexta-feira";"18:00:00";"PI";316;6;"TERESINA";"Falta de Atenção à Condução";"Colisão transversal";"Sem Vítimas";"Plena Noite";"Crescente";"Céu Claro";"Simples";"Em Obras;Reta";"Sim";3;0;0;0;2;1;0;3;-5,15552485;-42,77192384;"SPRF-PI";"DEL01-PI";"UOP02-DEL01-PI"
146413;2018-06-16;"sábado";"10:15:00";"RS";386;71,9;"BOA VISTA DAS MISSOES";"Falta de Atenção à Condução";"Colisão transversal";"Com Vítimas Fatais";"Pleno dia";"Decrescente";"Céu Claro";"Simples";"Reta";"Sim";2;1;0;0;1;0;0;2;-27,66210022;-53,31431687;"SPRF-RS";"DEL08-RS";"UOP02-DEL08-RS"
146415;2018-07-13;"sexta-feira";"17:30:00";"PR";376;232,5;"APUCARANA";"Velocidade Incompatível";"Tombamento";"Com Vítimas Feridas";"Anoitecer";"Decrescente";"Céu Claro";"Dupla";"Retorno Regulamentado";"Sim";1;0;1;0;0;0;1;1;-23,56785191;-51,51002169;"SPRF-PR";"DEL07-PR";"UOP03-DEL07-PR"
146417;2018-07-13;"sexta-feira";"19:30:00";"GO";153;502;"GOIANIA";"Falta de Atenção à Condução";"Colisão transversal";"Com Vítimas Feridas";"Plena Noite";"Decrescente";"Céu Claro";"Dupla";"Reta";"Sim";2;0;1;0;1;0;1;2;-16,7287;-49,2424;"SPRF-GO";"DEL01-GO";"UOP01-DEL01-GO"
146427;2018-07-13;"sexta-feira";"15:40:00";"RS";116;11;"VACARIA";"Falta de Atenção à Condução";"Colisão frontal";"Com Vítimas Feridas";"Pleno dia";"Crescente";"Céu Claro";"Simples";"Reta";"Não";5;0;2;2;0;1;4;3;-28,29491;-50,802238;"SPRF-RS";"DEL05-RS";"UOP03-DEL05-RS"
146430;2018-07-13;"sexta-feira";"20:40:00";"PR";376;616;"SAO JOSE DOS PINHAIS";"Defeito Mecânico no Veículo";"Atropelamento de Pedestre";"Com Vítimas Feridas";"Plena Noite";"Decrescente";"Nublado";"Dupla";"Aclive";"Não";3;0;0;1;2;0;1;2;-25,5799176;-49,17961121;"SPRF-PR";"DEL01-PR";"DEL7/1-UOP08/PR"
146452;2018-07-13;"sexta-feira";"15:35:00";"RO";364;537;"ARIQUEMES";"Falta de Atenção à Condução";"Colisão transversal";"Com Vítimas Fatais";"Pleno dia";"Decrescente";"Céu Claro";"Simples";"Curva";"Não";5;1;0;0;3;1;0;4;-9,749966;-63,111828;"SPRF-RO";"DEL03-RO";"UOP01-DEL03-RO"
146457;2018-07-13;"sexta-feira";"20:30:00";"MT";70;282,3;"PRIMAVERA DO LESTE";"Velocidade Incompatível";"Colisão lateral";"Com Vítimas Feridas";"Plena Noite";"Decrescente";"Céu Claro";"Simples";"Curva";"Sim";3;0;1;0;1;1;1;3;-15,57260827;-54,31591272;"SPRF-MT";"DEL05-MT";"UOP01-DEL05-MT"
146469;2018-07-14;"sábado";"00:30:00";"MT";364;577;"NOBRES";"Ingestão de Álcool";"Saída de leito carroçável";"Sem Vítimas";"Plena Noite";"Crescente";"Céu Claro";"Simples";"Reta";"Não";3;0;0;0;2;2;0;3;-14,679763;-56,300388;"SPRF-MT";"DEL01-MT";"UOP01-DEL01-MT"
146473;2018-07-14;"sábado";"02:00:00";"SC";470;72,1;"INDAIAL";"Ingestão de Álcool";"Colisão com objeto estático";"Com Vítimas Feridas";"Plena Noite";"Crescente";"Nublado";"Simples";"Reta";"Não";3;0;0;1;1;3;1;5;-26,90278305;-49,26964391;"SPRF-SC";"DEL04-SC";"UOP01-DEL04-SC"
146475;2018-07-14;"sábado";"02:23:00";"SP";116;108,8;"TAUBATE";"Falta de Atenção à Condução";"Colisão traseira";"Com Vítimas Feridas";"Plena Noite";"Decrescente";"Céu Claro";"Dupla";"Curva";"Sim";4;0;2;0;1;1;2;3;-23,023352;-45,537693;"SPRF-SP";"DEL06-SP";"UOP01-DEL06-SP"
146478;2018-07-14;"sábado";"00:40:00";"AC";364;132;"RIO BRANCO";"Ingestão de Álcool";"Tombamento";"Com Vítimas Fatais";"Plena Noite";"Crescente";"Nevoeiro/Neblina";"Dupla";"Reta";"Não";4;1;1;0;0;2;1;3;-10,01191405;-67,84305444;"SPRF-AC";"DEL01-AC";"UOP01-DEL01-AC"
146499;2018-07-14;"sábado";"06:00:00";"PE";101;163;"GAMELEIRA";"Velocidade Incompatível";"Saída de leito carroçável";"Sem Vítimas";"Amanhecer";"Decrescente";"Céu Claro";"Dupla";"Curva";"Não";2;0;0;0;1;1;0;2;-8,554;-35,4522;"SPRF-PE";"DEL01-PE";"UOP03-DEL01-PE"
146506;2018-07-14;"sábado";"02:00:00";"MG";50;170,5;"UBERABA";"Defeito Mecânico no Veículo";"Incêndio";"Sem Vítimas";"Plena Noite";"Decrescente";"Céu Claro";"Dupla";"Reta";"Sim";2;0;0;0;1;1;0;2;-19,7448;-47,984;"SPRF-MG";"DEL13-MG";"UOP01-DEL13-MG"
146507;2018-07-13;"sexta-feira";"06:45:00";"SC";101;65;"ARAQUARI";"Falta de Atenção à Condução";"Colisão lateral";"Com Vítimas Feridas";"Pleno dia";"Crescente";"Nublado";"Dupla";"Reta";"Não";5;0;1;0;3;1;1;4;-26,4794;-48,7376;"SPRF-SC";"DEL03-SC";"UOP02-DEL03-SC"
146518;2018-07-14;"sábado";"06:25:00";"RJ";101;320;"NITEROI";"Falta de Atenção à Condução";"Colisão traseira";"Com Vítimas Feridas";"Amanhecer";"Decrescente";"Céu Claro";"Dupla";"Reta";"Sim";2;0;1;0;1;0;1;2;-22,861752;-43,107143;"SPRF-RJ";"DEL02-RJ";"UOP02-DEL02-RJ"
146521;2018-07-14;"sábado";"07:40:00";"SP";116;188,6;"SANTA ISABEL";"Mal Súbito";"Tombamento";"Com Vítimas Fatais";"Pleno dia";"Decrescente";"Céu Claro";"Dupla";"Declive;Reta";"Não";2;1;0;0;0;2;0;3;-23,36063602;-46,21847022;"SPRF-SP";"DEL02-SP";"UOP01-DEL02-SP"
146523;2018-07-14;"sábado";"06:20:00";"SC";163;67,9;"SAO MIGUEL DO OESTE";"Falta de Atenção à Condução";"Colisão traseira";"Com Vítimas Feridas";"Amanhecer";"Decrescente";"Céu Claro";"Dupla";"Reta";"Sim";3;0;1;0;2;0;1;2;-26,73683385;-53,50345016;"SPRF-SC";"DEL07-SC";"UOP03-DEL07-SC"
146540;2018-07-14;"sábado";"09:00:00";"MG";153;16;"CENTRALINA";"Falta de Atenção à Condução";"Saída de leito carroçável";"Com Vítimas Feridas";"Pleno dia";"Crescente";"Céu Claro";"Dupla";"Reta";"Não";2;0;1;0;0;1;1;2;-18,56750384;-49,19390738;"SPRF-MG";"DEL15-MG";"UOP03-DEL15-MG"
146545;2018-07-14;"sábado";"08:00:00";"MT";364;141;"PEDRA PRETA";"Falta de Atenção à Condução";"Tombamento";"Com Vítimas Feridas";"Pleno dia";"Crescente";"Céu Claro";"Simples";"Reta";"Não";2;0;1;0;0;1;1;2;-16,793776;-54,131214;"SPRF-MT";"DEL02-MT";"UOP01-DEL02-MT"
146546;2018-07-14;"sábado";"09:55:00";"SC";101;28;"JOINVILLE";"Falta de Atenção à Condução";"Colisão lateral";"Com Vítimas Feridas";"Pleno dia";"Decrescente";"Sol";"Dupla";"Reta";"Sim";3;0;1;1;1;0;2;3;-26,2088578;-48,915414;"SPRF-SC";"DEL03-SC";"UOP01-DEL03-SC"
146555;2018-06-28;"quinta-feira";"18:00:00";"BA";101;244,5;"CONCEICAO DO ALMEIDA";"Objeto estático sobre o leito carroçável";"Colisão traseira";"Sem Vítimas";"Plena Noite";"Decrescente";"Chuva";"Simples";"Reta";"Não";4;0;0;0;3;1;0;4;-12,84752637;-39,20787545;"SPRF-BA";"DEL01-BA";"UOP02-DEL01-BA"
146556;2018-07-14;"sábado";"09:00:00";"PR";277;138,5;"BALSA NOVA";"Falta de Atenção à Condução";"Engavetamento";"Com Vítimas Feridas";"Pleno dia";"Crescente";"Céu Claro";"Dupla";"Declive";"Não";17;0;1;4;11;2;5;10;-25,47611333;-49,71369082;"SPRF-PR";"DEL01-PR";"UOP06-DEL01-PR"
146561;2018-07-14;"sábado";"09:20:00";"MT";364;564;"NOBRES";"Mal Súbito";"Saída de leito carroçável";"Com Vítimas Fatais";"Pleno dia";"Decrescente";"Céu Claro";"Dupla";"Reta";"Não";2;1;0;0;0;3;0;4;-14,70615368;-56,32175446;"SPRF-MT";"DEL01-MT";"UOP01-DEL01-MT"
146579;2018-07-13;"sexta-feira";"10:10:00";"RO";364;268,3;"CACOAL";"Velocidade Incompatível";"Colisão com objeto estático";"Com Vítimas Feridas";"Pleno dia";"Crescente";"Sol";"Simples";"Aclive;Reta";"Não";2;0;1;0;0;2;1;3;-11,37735;-61,695942;"SPRF-RO";"DEL02-RO";"UOP02-DEL02-RO"
146585;2018-07-14;"sábado";"14:00:00";"RS";386;17,5;"FREDERICO WESTPHALEN";"Ultrapassagem Indevida";"Colisão lateral";"Sem Vítimas";"Pleno dia";"Crescente";"Céu Claro";"Simples";"Reta";"Não";2;0;0;0;2;0;0;2;-27,244148;-53,343632;"SPRF-RS";"DEL08-RS";"UOP02-DEL08-RS"
146592;2018-07-14;"sábado";"14:50:00";"GO";60;188;"GUAPO";"Condutor Dormindo";"Colisão lateral";"Com Vítimas Feridas";"Pleno dia";"Crescente";"Sol";"Dupla";"Reta";"Sim";5;0;4;0;1;0;4;2;-16,8138;-49,5294;"SPRF-GO";"DEL01-GO";"UOP02-DEL01-GO"
146607;2018-07-14;"sábado";"15:40:00";"MG";262;131;"RIO CASCA";"Ingestão de Álcool";"Colisão transversal";"Com Vítimas Feridas";"Pleno dia";"Crescente";"Céu Claro";"Simples";"Reta";"Não";2;0;1;0;1;0;1;2;-20,18620861;-42,69347191;"SPRF-MG";"DEL03-MG";"UOP03-DEL03-MG"
146616;2018-07-14;"sábado";"16:30:00";"CE";116;72,1;"CHOROZINHO";"Desobediência às normas de trânsito pelo condutor";"Colisão transversal";"Com Vítimas Feridas";"Pleno dia";"Decrescente";"Céu Claro";"Simples";"Reta";"Não";4;0;2;0;2;0;2;2;-4,34612778;-38,46919656;"SPRF-CE";"DEL03-CE";"UOP02-DEL03-CE"
146620;2018-07-14;"sábado";"15:40:00";"PI";343;302,5;"ALTOS";"Não guardar distância de segurança";"Engavetamento";"Sem Vítimas";"Pleno dia";"Crescente";"Céu Claro";"Simples";"Reta";"Não";3;0;0;0;3;0;0;3;-5,023108;-42,430378;"SPRF-PI";"DEL01-PI";"UOP03-DEL01-PI"
146623;2018-07-14;"sábado";"16:30:00";"BA";116;416,8;"FEIRA DE SANTANA";"Falta de Atenção à Condução";"Colisão frontal";"Com Vítimas Feridas";"Pleno dia";"Crescente";"Céu Claro";"Simples";"Reta";"Não";2;0;1;0;1;0;1;2;-12,17217955;-38,96501362;"SPRF-BA";"DEL02-BA";"UOP01-DEL02-BA"
146628;2018-07-14;"sábado";"13:36:00";"MA";10;377,2;"ITINGA DO MARANHAO";"Não guardar distância de segurança";"Colisão traseira";"Com Vítimas Feridas";"Pleno dia";"Crescente";"Sol";"Simples";"Reta";"Sim";4;0;1;0;2;7;1;10;-4,451185;-47,526717;"SPRF-MA";"DEL04-MA";"UOP03-DEL04-MA"
146631;2018-07-14;"sábado";"14:50:00";"MG";262;29,9;"REDUTO";"Falta de Atenção à Condução";"Colisão frontal";"Com Vítimas Feridas";"Pleno dia";"Crescente";"Nublado";"Simples";"Curva";"Não";4;0;1;1;1;1;2;4;-20,247223;-41,982025;"SPRF-MG";"DEL06-MG";"UOP03-DEL06-MG"
146634;2018-07-14;"sábado";"15:40:00";"PR";277;36,9;"MORRETES";"Defeito Mecânico no Veículo";"Saída de leito carroçável";"Sem Vítimas";"Pleno dia";"Decrescente";"Céu Claro";"Dupla";"Curva";"Não";2;0;0;0;1;1;0;2;-25,573459;-48,843876;"SPRF-PR";"DEL01-PR";"UOP05-DEL01-PR"
146639;2018-07-14;"sábado";"14:25:00";"MG";365;497;"PATROCINIO";"Falta de Atenção à Condução";"Tombamento";"Com Vítimas Feridas";"Pleno dia";"Crescente";"Céu Claro";"Simples";"Reta";"Não";2;0;1;0;0;1;1;2;-18,91526;-47,19616;"SPRF-MG";"DEL10-MG";"UOP01-DEL10-MG"
146649;2018-07-14;"sábado";"17:50:00";"SP";116;142,2;"SAO JOSE DOS CAMPOS";"Não guardar distância de segurança";"Colisão lateral";"Com Vítimas Feridas";"Anoitecer";"Decrescente";"Céu Claro";"Dupla";"Reta";"Sim";3;0;1;0;1;1;1;2;-23,174294;-45,829464;"SPRF-SP";"DEL06-SP";"UOP02-DEL02-SP"
146654;2018-06-16;"sábado";"19:30:00";"AL";101;197,8;"SAO SEBASTIAO";"Falta de Atenção à Condução";"Tombamento";"Sem Vítimas";"Plena Noite";"Decrescente";"Nublado";"Dupla";"Reta";"Não";2;0;0;0;1;1;0;2;-9,950817;-36,541134;"SPRF-AL";"DEL02-AL";"UOP02-DEL02-AL"
146656;2018-07-14;"sábado";"18:15:00";"MT";364;330;"SANTO ANTONIO DO LEVERGER";"Falta de Atenção do Pedestre";"Atropelamento de Pedestre";"Com Vítimas Fatais";"Anoitecer";"Crescente";"Céu Claro";"Dupla";"Reta";"Sim";3;1;0;0;1;1;0;2;-15,820525;-55,411106;"SPRF-MT";"DEL02-MT";"UOP02-DEL05-MT"
146657;2018-07-14;"sábado";"19:00:00";"MT";70;47,9;"BARRA DO GARCAS";"Velocidade Incompatível";"Capotamento";"Com Vítimas Feridas";"Plena Noite";"Decrescente";"Céu Claro";"Simples";"Curva;Declive;Ponte";"Não";2;0;0;1;0;2;1;3;-15,741667;-52,623333;"SPRF-MT";"DEL07-MT";"UOP01-DEL07-MT"
146665;2018-07-14;"sábado";"19:45:00";"PR";376;118;"ALTO PARANA";"Desobediência às normas de trânsito pelo condutor";"Colisão transversal";"Sem Vítimas";"Plena Noite";"Crescente";"Céu Claro";"Dupla";"Declive";"Sim";2;0;0;0;2;0;0;2;-23,12911268;-52,30187416;"SPRF-PR";"DEL07-PR";"UOP02-DEL09-PR"