"id";"data_inversa";"dia_semana";"horario";"uf";"br";"km";"municipio";"causa_acidente";"tipo_acidente";"classificacao_acidente";"fase_dia";"sentido_via";"condicao_metereologica";"tipo_pista";"tracado_via";"uso_solo";"pessoas";"mortos";"feridos_leves";"feridos_graves";"ilesos";"ignorados";"feridos";"veiculos";"latitude";"longitude";"regional";"delegacia";"uop"
147847;2018-07-20;"sexta-feira";"15:30:00";"MS";163;563,3;"BANDEIRANTES";"Falta de Atenção à Condução";"Colisão lateral";"Com Vítimas Feridas";"Pleno dia";"Crescente";"Céu Claro";"Simples";"Declive";"Não";3;0;1;0;1;1;1;2;-19,78519;-54,36559;"SPRF-MS";"DEL01-MS";"UOP02-DEL01-MS"
147848;2018-07-20;"sexta-feira";"15:30:00";"CE";116;48;"PACAJUS";"Não guardar distância de segurança";"Colisão traseira";"Sem Vítimas";"Pleno dia";"Decrescente";"Céu Claro";"Dupla";"Reta";"Não";2;0;0;0;2;0;0;2;-4,1661;-38,490423;"SPRF-CE";"DEL01-CE";"UOP02-DEL01-CE"
147850;2018-07-20;"sexta-feira";"16:30:00";"PA";316;78;"SAO FRANCISCO DO PARA";"Falta de Atenção à Condução";"Engavetamento";"Com Vítimas Feridas";"Pleno dia";"Crescente";"Céu Claro";"Simples";"Reta";"Não";7;0;1;0;6;0;1;3;-1,30406;-47,779755;"SPRF-PA";"DEL01-PA";"UOP01-DEL01-PA"
147851;2018-07-20;"sexta-feira";"16:00:00";"MT";70;133;"GENERAL CARNEIRO";"Falta de Atenção à Condução";"Saída de leito carroçável";"Com Vítimas Feridas";"Plena Noite";"Decrescente";"Céu Claro";"Simples";"Declive;Curva";"Não";4;0;2;0;1;2;2;3;-15,60055218;-53,20747375;"SPRF-MT";"DEL07-MT";"UOP01-DEL07-MT"
147867;2018-07-20;"sexta-feira";"16:30:00";"SC";470;54;"BLUMENAU";"Falta de Atenção à Condução";"Colisão traseira";"Sem Vítimas";"Pleno dia";"Decrescente";"Céu Claro";"Simples";"Curva";"Sim";2;0;0;0;2;0;0;2;-26,86262022;-49,09600675;"SPRF-SC";"DEL04-SC";"UOP01-DEL04-SC"
147869;2018-07-20;"sexta-feira";"16:00:00";"PR";116;159;"MANDIRITUBA";"Falta de Atenção à Condução";"Colisão lateral";"Com Vítimas Feridas";"Pleno dia";"Decrescente";"Céu Claro";"Simples";"Curva";"Sim";3;0;1;1;1;0;2;2;-25,87343418;-49,35573578;"SPRF-PR";"DEL01-PR";"UOP03-DEL01-PR"
147872;2018-07-20;"sexta-feira";"17:35:00";"RS";158;262,7;"JULIO DE CASTILHOS";"Não guardar distância de segurança";"Colisão traseira";"Com Vítimas Feridas";"Pleno dia";"Crescente";"Chuva";"Simples";"Reta";"Sim";3;0;1;0;1;1;1;3;-29,22678338;-53,66726339;"SPRF-RS";"DEL10-RS";"UOP02-DEL10-RS"
147877;2018-07-20;"sexta-feira";"18:50:00";"PR";376;248,1;"APUCARANA";"Falta de Atenção à Condução";"Colisão traseira";"Com Vítimas Feridas";"Plena Noite";"Crescente";"Céu Claro";"Simples";"Curva";"Sim";5;0;0;2;3;0;2;3;-23,60622807;-51,4089489;"SPRF-PR";"DEL07-PR";"UOP03-DEL07-PR"
147883;2018-05-02;"quarta-feira";"07:45:00";"RS";116;234;"NOVO HAMBURGO";"Falta de Atenção à Condução";"Colisão traseira";"Com Vítimas Feridas";"Pleno dia";"Decrescente";"Céu Claro";"Simples";"Reta";"Sim";4;0;1;0;3;0;1;4;-29,64956098;-51,14409948;"SPRF-RS";"DEL01-RS";"UOP02-DEL01-RS"
147892;2018-07-20;"sexta-feira";"19:30:00";"PR";277;0,8;"PARANAGUA";"Desobediência às normas de trânsito pelo condutor";"Colisão traseira";"Com Vítimas Fatais";"Plena Noite";"Crescente";"Céu Claro";"Simples";"Reta";"Sim";3;1;0;0;1;1;0;3;-25,52402819;-48,54752719;"SPRF-PR";"DEL01-PR";"UOP05-DEL01-PR"
147903;2018-07-20;"sexta-feira";"11:20:00";"RJ";101;296;"ITABORAI";"Falta de Atenção à Condução";"Colisão lateral";"Sem Vítimas";"Pleno dia";"Decrescente";"Sol";"Dupla";"Reta";"Sim";2;0;0;0;2;0;0;2;-22,767054;-42,910255;"SPRF-RJ";"DEL02-RJ";"DEL5/2-UOP04/RJ"
147905;2018-07-20;"sexta-feira";"07:30:00";"RJ";393;250,8;"BARRA DO PIRAI";"Desobediência às normas de trânsito pelo condutor";"Colisão traseira";"Com Vítimas Feridas";"Pleno dia";"Decrescente";"Céu Claro";"Simples";"Reta";"Não";2;0;1;0;1;0;1;2;-22,44036439;-43,78594905;"SPRF-RJ";"DEL05-RJ";"UOP04-DEL05-RJ"
147924;2018-07-20;"sexta-feira";"20:05:00";"MG";116;691,3;"MURIAE";"Falta de Atenção à Condução";"Saída de leito carroçável";"Com Vítimas Feridas";"Plena Noite";"Crescente";"Céu Claro";"Simples";"Curva";"Não";2;0;1;0;0;1;1;2;-21,01276221;-42,35988826;"SPRF-MG";"DEL07-MG";"UOP02-DEL07-MG"
147925;2018-07-20;"sexta-feira";"21:30:00";"RJ";40;95;"DUQUE DE CAXIAS";"Velocidade Incompatível";"Tombamento";"Com Vítimas Feridas";"Plena Noite";"Crescente";"Garoa/Chuvisco";"Simples";"Curva";"Não";2;0;1;0;0;1;1;2;-22,56519549;-43,26965332;"SPRF-RJ";"DEL06-RJ";"UOP01-DEL06-RJ"
147933;2018-07-20;"sexta-feira";"22:40:00";"SC";101;193;"BIGUACU";"Ingestão de Álcool";"Colisão transversal";"Sem Vítimas";"Plena Noite";"Crescente";"Céu Claro";"Múltipla";"Reta";"Sim";2;0;0;0;2;0;0;2;-27,49082108;-48,65663409;"SPRF-SC";"DEL01-SC";"UOP01-DEL01-SC"
147940;2018-07-20;"sexta-feira";"19:30:00";"SC";282;602,9;"MARAVILHA";"Falta de Atenção à Condução";"Saída de leito carroçável";"Sem Vítimas";"Plena Noite";"Decrescente";"Chuva";"Simples";"Curva";"Não";2;0;0;0;1;2;0;3;-26,806049;-53,178757;"SPRF-SC";"DEL07-SC";"UOP02-DEL07-SC"
147941;2018-07-20;"sexta-feira";"23:45:00";"MG";381;906,2;"CAMBUI";"Falta de Atenção à Condução";"Colisão traseira";"Com Vítimas Feridas";"Plena Noite";"Decrescente";"Céu Claro";"Dupla";"Declive;Reta";"Não";13;0;8;2;2;1;10;4;-22,67219424;-46,09333277;"SPRF-MG";"DEL16-MG";"UOP03-DEL16-MG"
147944;2018-07-20;"sexta-feira";"20:10:00";"BA";101;147,5;"TEODORO SAMPAIO";"Defeito Mecânico no Veículo";"Incêndio";"Sem Vítimas";"Plena Noite";"Decrescente";"Céu Claro";"Simples";"Reta";"Não";2;0;0;0;1;1;0;2;-12,27928907;-38,69298935;"SPRF-BA";"DEL01-BA";"UOP03-DEL01-BA"
147952;2018-07-20;"sexta-feira";"22:00:00";"BA";101;330,3;"PRESIDENTE TANCREDO NEVES";"Ultrapassagem Indevida";"Colisão frontal";"Com Vítimas Fatais";"Plena Noite";"Crescente";"Nublado";"Simples";"Reta";"Não";4;3;1;0;0;0;1;2;-13,4775;-39,4197;"SPRF-BA";"DEL05-BA";"UOP03-DEL05-BA"
147954;2018-07-21;"sábado";"02:15:00";"ES";101;16;"PEDRO CANARIO";"Falta de Atenção à Condução";"Colisão traseira";"Com Vítimas Feridas";"Plena Noite";"Crescente";"Céu Claro";"Dupla";"Reta";"Sim";4;0;0;1;1;3;1;4;-18,298746;-39,957325;"SPRF-ES";"DEL04-ES";"UOP02-DEL04-ES"
147956;2018-07-21;"sábado";"02:50:00";"PB";230;35,7;"BAYEUX";"Defeito Mecânico no Veículo";"Tombamento";"Com Vítimas Feridas";"Plena Noite";"Crescente";"Céu Claro";"Dupla";"Em Obras;Retorno Regulamentado;Desvio Temporário";"Não";2;0;1;0;0;1;1;2;-7,12627333;-34,94218826;"SPRF-PB";"DEL01-PB";"UOP01-DEL01-PB"
147961;2018-07-21;"sábado";"04:20:00";"GO";452;180,1;"ITUMBIARA";"Condutor Dormindo";"Colisão lateral";"Com Vítimas Fatais";"Plena Noite";"Crescente";"Céu Claro";"Simples";"Reta";"Não";3;1;0;0;1;3;0;5;-18,383149;-49,275901;"SPRF-GO";"DEL03-GO";"UOP02-DEL03-GO"
147962;2018-07-21;"sábado";"05:15:00";"SC";101;208;"SAO JOSE";"Ingestão de Álcool";"Colisão traseira";"Sem Vítimas";"Plena Noite";"Crescente";"Céu Claro";"Dupla";"Reta";"Sim";2;0;0;0;2;0;0;2;-27,6101;-48,6388;"SPRF-SC";"DEL01-SC";"UOP01-DEL01-SC"
147963;2018-07-21;"sábado";"04:40:00";"SP";116;219,1;"GUARULHOS";"Falta de Atenção do Pedestre";"Atropelamento de Pedestre";"Com Vítimas Fatais";"Plena Noite";"Decrescente";"Nublado";"Múltipla";"Reta";"Sim";2;1;0;0;0;1;0;2;-23,4629806;-46,49327695;"SPRF-SP";"DEL01-SP";"UOP01-DEL01-SP"
147966;2018-07-21;"sábado";"02:45:00";"SC";470;224,5;"SAO CRISTOVAO DO SUL";"Pista Escorregadia";"Saída de leito carroçável";"Sem Vítimas";"Plena Noite";"Crescente";"Garoa/Chuvisco";"Simples";"Declive;Curva";"Não";1;0;0;0;1;0;0;1;-27,32696;-50,342205;"SPRF-SC";"DEL05-SC";"UOP03-DEL05-SC"
147969;2018-07-21;"sábado";"05:35:00";"SC";101;211;"PALHOCA";"Não guardar distância de segurança";"Colisão traseira";"Com Vítimas Feridas";"Plena Noite";"Decrescente";"Nublado";"Dupla";"Ponte";"Sim";4;0;1;0;3;0;1;2;-27,6301;-48,659;"SPRF-SC";"DEL01-SC";"UOP02-DEL01-SC"
147970;2018-07-21;"sábado";"06:25:00";"SC";101;211;"PALHOCA";"Não guardar distância de segurança";"Colisão lateral";"Sem Vítimas";"Plena Noite";"Decrescente";"Céu Claro";"Múltipla";"Reta";"Sim";2;0;0;0;1;1;0;2;-27,6301;-48,659;"SPRF-SC";"DEL01-SC";"UOP02-DEL01-SC"
147984;2018-07-21;"sábado";"07:50:00";"SE";101;92;"NOSSA SENHORA DO SOCORRO";"Falta de Atenção à Condução";"Colisão traseira";"Com Vítimas Feridas";"Pleno dia";"Crescente";"Céu Claro";"Dupla";"Reta";"Não";2;0;1;0;1;0;1;2;-10,9061;-37,1503;"SPRF-SE";"DEL01-SE";"UOP01-DEL01-SE"
147990;2018-07-21;"sábado";"07:35:00";"MG";262;471,2;"BOM DESPACHO";"Não guardar distância de segurança";"Colisão traseira";"Com Vítimas Feridas";"Pleno dia";"Decrescente";"Céu Claro";"Simples";"Declive;Reta";"Não";5;0;2;0;2;1;2;3;-19,783918;-45,25713;"SPRF-MG";"DEL08-MG";"UOP03-DEL08-MG"
147991;2018-06-21;"quinta-feira";"16:00:00";"RS";392;352,3;"SANTA MARIA";"Restrição de Visibilidade";"Colisão traseira";"Com Vítimas Feridas";"Anoitecer";"Crescente";"Nublado";"Simples";"Reta";"Não";3;0;1;0;1;1;1;3;-29,720404;-53,807632;"SPRF-RS";"DEL09-RS";"UOP01-DEL09-RS"
147993;2018-07-21;"sábado";"08:35:00";"PB";230;33;"BAYEUX";"Não guardar distância de segurança";"Colisão traseira";"Com Vítimas Feridas";"Pleno dia";"Decrescente";"Céu Claro";"Dupla";"Reta";"Sim";3;0;1;0;1;2;1;4;-7,13422579;-34,92912054;"SPRF-PB";"DEL01-PB";"UOP01-DEL01-PB"
147998;2018-07-21;"sábado";"07:40:00";"RJ";40;121;"DUQUE DE CAXIAS";"Defeito Mecânico no Veículo";"Colisão com objeto em movimento";"Com Vítimas Feridas";"Amanhecer";"Crescente";"Sol";"Múltipla";"Reta";"Não";2;0;1;0;1;0;1;2;-22,7884;-43,2853;"SPRF-RJ";"DEL01-RJ";"UOP01-DEL01-RJ"
148000;2018-07-21;"sábado";"09:50:00";"MG";116;553;"SANTA BARBARA DO LESTE";"Desobediência às normas de trânsito pelo pedestre";"Atropelamento de Pedestre";"Com Vítimas Feridas";"Pleno dia";"Crescente";"Céu Claro";"Simples";"Reta";"Sim";2;0;0;1;1;0;1;2;-19,98327065;-42,14342594;"SPRF-MG";"DEL06-MG";"UOP02-DEL06-MG"
148001;2018-07-21;"sábado";"08:40:00";"SC";101;316,3;"PESCARIA BRAVA";"Falta de Atenção à Condução";"Colisão lateral";"Sem Vítimas";"Pleno dia";"Crescente";"Céu Claro";"Múltipla";"Curva";"Sim";3;0;0;0;2;2;0;4;-28,42608125;-48,85328284;"SPRF-SC";"DEL02-SC";"UOP01-DEL02-SC"
148003;2018-07-21;"sábado";"09:35:00";"RJ";393;238,2;"VASSOURAS";"Falta de Atenção à Condução";"Colisão transversal";"Com Vítimas Feridas";"Pleno dia";"Decrescente";"Sol";"Simples";"Interseção de Vias";"Não";2;0;0;1;1;0;1;2;-22,42947574;-43,69737983;"SPRF-RJ";"DEL05-RJ";"UOP03-DEL05-RJ"
148005;2018-07-21;"sábado";"08:45:00";"MS";163;191,1;"CAARAPO";"Falta de Atenção à Condução";"Colisão traseira";"Com Vítimas Feridas";"Pleno dia";"Crescente";"Céu Claro";"Simples";"Aclive";"Não";3;0;1;0;2;0;1;2;-22,77742296;-54,76630624;"SPRF-MS";"DEL04-MS";"UOP02-DEL04-MS"
148006;2018-07-21;"sábado";"06:20:00";"MG";116;580,1;"MANHUACU";"Restrição de Visibilidade";"Engavetamento";"Com Vítimas Feridas";"Pleno dia";"Crescente";"Céu Claro";"Simples";"Reta";"Não";6;0;3;0;3;0;3;4;-20,187218;-42,185055;"SPRF-MG";"DEL06-MG";"UOP03-DEL06-MG"
148007;2018-07-21;"sábado";"09:00:00";"PA";155;305;"MARABA";"Falta de Atenção à Condução";"Colisão lateral";"Com Vítimas Feridas";"Pleno dia";"Decrescente";"Céu Claro";"Simples";"Reta";"Não";5;0;1;0;3;2;1;4;-5,69505;-49,120193;"SPRF-PA";"DEL03-PA";"UOP01-DEL03-PA"
148009;2018-07-21;"sábado";"09:10:00";"MG";50;69;"UBERLANDIA";"Carga excessiva e/ou mal acondicionada";"Tombamento";"Sem Vítimas";"Pleno dia";"Crescente";"Céu Claro";"Dupla";"Viaduto";"Sim";2;0;0;0;1;1;0;2;-18,8907;-48,256;"SPRF-MG";"DEL15-MG";"UOP01-DEL15-MG"
148014;2018-07-21;"sábado";"10:05:00";"MA";10;256,9;"IMPERATRIZ";"Não guardar distância de segurança";"Tombamento";"Com Vítimas Feridas";"Pleno dia";"Decrescente";"Sol";"Simples";"Reta";"Sim";2;0;1;0;0;1;1;2;-5,499715;-47,471836;"SPRF-MA";"DEL04-MA";"UOP01-DEL04-MA"
148017;2018-06-08;"sexta-feira";"00:30:00";"PR";116;27;"CAMPINA GRANDE DO SUL";"Não guardar distância de segurança";"Colisão traseira";"Sem Vítimas";"Plena Noite";"Decrescente";"Garoa/Chuvisco";"Dupla";"Reta";"Não";3;0;0;0;2;1;0;3;-25,28940456;-48,93310547;"SPRF-PR";"DEL01-PR";"UOP02-DEL01-PR"
148018;2018-07-21;"sábado";"07:50:00";"MS";267;41;"BATAGUASSU";"Falta de Atenção à Condução";"Colisão lateral";"Com Vítimas Feridas";"Pleno dia";"Crescente";"Céu Claro";"Simples";"Aclive";"Não";4;0;1;0;2;1;1;3;-21,781509;-52,5092;"SPRF-MS";"DEL02-MS";"DEL3/7-UOP01/MS"
148019;2018-07-21;"sábado";"10:30:00";"PA";316;93,8;"SANTA MARIA DO PARA";"Defeito Mecânico no Veículo";"Saída de leito carroçável";"Com Vítimas Feridas";"Pleno dia";"Decrescente";"Céu Claro";"Simples";"Reta";"Não";3;0;2;0;1;0;2;2;-1,327237;-47,647896;"SPRF-PA";"DEL01-PA";"UOP02-DEL01-PA"
148020;2018-07-21;"sábado";"10:20:00";"PR";277;345;"GUARAPUAVA";"Falta de Atenção à Condução";"Engavetamento";"Com Vítimas Feridas";"Pleno dia";"Decrescente";"Céu Claro";"Simples";"Reta";"Sim";3;0;1;0;2;0;1;3;-25,36639526;-51,49208844;"SPRF-PR";"DEL03-PR";"UOP01-DEL08-PR"
148021;2018-07-21;"sábado";"10:15:00";"PI";316;27,9;"TERESINA";"Ultrapassagem Indevida";"Colisão lateral";"Com Vítimas Feridas";"Pleno dia";"Crescente";"Sol";"Simples";"Curva";"Não";3;0;0;1;2;0;1;3;-5,309863;-42,704498;"SPRF-PI";"DEL01-PI";"UOP02-DEL01-PI"
148025;2018-07-21;"sábado";"10:10:00";"SP";381;82,6;"SAO PAULO";"Falta de Atenção à Condução";"Tombamento";"Com Vítimas Feridas";"Pleno dia";"Decrescente";"Céu Claro";"Dupla";"Reta";"Sim";2;0;2;0;0;0;2;1;-23,434174;-46,56851;"SPRF-SP";"DEL03-SP";"DEL6/3-UOP03/SP"
148027;2018-07-21;"sábado";"10:10:00";"RS";386;352,9;"ESTRELA";"Falta de Atenção à Condução";"Colisão transversal";"Com Vítimas Feridas";"Pleno dia";"Decrescente";"Céu Claro";"Dupla";"Retorno Regulamentado";"Sim";3;0;1;0;1;1;1;3;-29,50998551;-51,94139063;"SPRF-RS";"DEL04-RS";"UOP01-DEL04-RS"
148028;2018-07-21;"sábado";"11:11:00";"MG";50;70,8;"UBERLANDIA";"Falta de Atenção à Condução";"Queda de ocupante de veículo";"Com Vítimas Feridas";"Pleno dia";"Crescente";"Céu Claro";"Dupla";"Reta";"Sim";4;0;1;0;2;1;1;3;-18,8957;-48,2477;"SPRF-MG";"DEL15-MG";"UOP01-DEL15-MG"
148029;2018-07-21;"sábado";"11:20:00";"PA";316;34,5;"SANTA IZABEL DO PARA";"Desobediência às normas de trânsito pelo condutor";"Colisão lateral";"Com Vítimas Feridas";"Pleno dia";"Crescente";"Céu Claro";"Dupla";"Reta";"Sim";3;0;1;0;2;0;1;2;-1,29140111;-48,16503882;"SPRF-PA";"DEL01-PA";"DEL19/1-UOP05/PA"
148031;2018-07-21;"sábado";"11:40:00";"SC";282;508,8;"XANXERE";"Não guardar distância de segurança";"Colisão traseira";"Sem Vítimas";"Pleno dia";"Crescente";"Sol";"Simples";"Reta;Aclive";"Não";2;0;0;0;1;1;0;2;-26,88795212;-52,45285034;"SPRF-SC";"DEL07-SC";"UOP01-DEL07-SC"
148033;2018-07-21;"sábado";"11:35:00";"RJ";101;47;"CAMPOS DOS GOYTACAZES";"Condutor Dormindo";"Colisão lateral";"Com Vítimas Feridas";"Pleno dia";"Crescente";"Sol";"Simples";"Reta";"Sim";4;0;2;0;2;0;2;2;-21,607435;-41,316555;"SPRF-RJ";"DEL08-RJ";"UOP01-DEL08-RJ"
148035;2018-07-21;"sábado";"06:30:00";"GO";153;284;"NOVA GLORIA";"Ingestão de Álcool";"Colisão frontal";"Com Vítimas Feridas";"Pleno dia";"Crescente";"Céu Claro";"Simples";"Aclive";"Não";3;0;0;1;1;2;1;4;-15,16625214;-49,54190254;"SPRF-GO";"DEL07-GO";"UOP02-DEL07-GO"
148045;2018-07-21;"sábado";"13:40:00";"PR";163;202,5;"CASCAVEL";"Não guardar distância de segurança";"Colisão traseira";"Com Vítimas Fatais";"Pleno dia";"Crescente";"Céu Claro";"Simples";"Reta";"Não";5;1;1;1;2;0;2;3;-25,01048412;-53,55474472;"SPRF-PR";"DEL04-PR";"UOP05-DEL05-PR"
148054;2018-07-21;"sábado";"06:50:00";"SP";116;389;"MIRACATU";"Defeito Mecânico no Veículo";"Saída de leito carroçável";"Sem Vítimas";"Pleno dia";"Crescente";"Sol";"Dupla";"Reta";"Não";1;0;0;0;1;0;0;1;-24,27419578;-47,40428925;"SPRF-SP";"DEL04-SP";"UOP02-DEL04-SP"
148064;2018-07-21;"sábado";"07:20:00";"MG";262;13,1;"MARTINS SOARES";"Falta de Atenção à Condução";"Colisão transversal";"Sem Vítimas";"Pleno dia";"Crescente";"Nevoeiro/Neblina";"Simples";"Reta";"Sim";3;0;0;0;2;1;0;3;-20,2577;-41,861588;"SPRF-MG";"DEL06-MG";"UOP03-DEL06-MG"
148066;2018-07-21;"sábado";"16:00:00";"MG";365;752;"MONTE ALEGRE DE MINAS";"Velocidade Incompatível";"Tombamento";"Com Vítimas Feridas";"Pleno dia";"Crescente";"Céu Claro";"Dupla";"Reta";"Não";3;0;1;0;1;1;1;2;-18,878855;-49,05484;"SPRF-MG";"DEL15-MG";"UOP03-DEL15-MG"
148084;2018-07-21;"sábado";"14:55:00";"RS";158;414,5;"SAO GABRIEL";"Defeito Mecânico no Veículo";"Incêndio";"Sem Vítimas";"Pleno dia";"Decrescente";"Céu Claro";"Simples";"Reta";"Não";3;0;0;0;3;0;0;1;-30,021969;-54,54314;"SPRF-RS";"DEL11-RS";"UOP02-DEL11-RS"
148088;2018-07-21;"sábado";"09:20:00";"RO";364;570;"ITAPUA DO OESTE";"Desobediência às normas de trânsito pelo condutor";"Colisão traseira";"Sem Vítimas";"Pleno dia";"Crescente";"Céu Claro";"Simples";"Reta";"Não";3;0;0;0;3;0;0;2;-9,480047;-63,101891;"SPRF-RO";"DEL03-RO";"UOP04-DEL01-RO"
148107;2018-07-21;"sábado";"19:20:00";"PR";376;87,9;"PARANAVAI";"Falta de Atenção à Condução";"Colisão transversal";"Com Vítimas Fatais";"Plena Noite";"Decrescente";"Céu Claro";"Simples";"Reta";"Não";4;1;0;1;1;2;1;4;-22,98352815;-52,60192211;"SPRF-PR";"DEL07-PR";"UOP02-DEL09-PR"
148108;2018-06-14;"quinta-feira";"09:20:00";"PR";153;377,7;"RIO AZUL";"Desobediência às normas de trânsito pelo condutor";"Colisão transversal";"Com Vítimas Feridas";"Pleno dia";"Crescente";"Sol";"Simples";"Reta";"Não";2;0;0;1;1;0;1;2;-25,7879492;-50,85128219;"SPRF-PR";"DEL03-PR";"UOP02-DEL08-PR"
148116;2018-07-21;"sábado";"15:30:00";"MT";70;217;"GENERAL CARNEIRO";"Falta de Atenção à Condução";"Colisão transversal";"Sem Vítimas";"Pleno dia";"Crescente";"Céu Claro";"Simples";"Curva";"Não";3;0;0;0;2;4;0;6;-15,68524;-53,846367;"SPRF-MT";"DEL05-MT";"UOP01-DEL05-MT"
148121;2018-07-21;"sábado";"14:40:00";"BA";110;382,1;"CATU";"Desobediência às normas de trânsito pelo condutor";"Colisão transversal";"Com Vítimas Feridas";"Pleno dia";"Crescente";"Céu Claro";"Simples";"Reta";"Não";4;0;1;0;2;1;1;3;-12,4128724;-38,4715937;"SPRF-BA";"DEL01-BA";"UOP01-DEL01-BA"
148126;2018-07-21;"sábado";"18:35:00";"PR";116;92,6;"SAO JOSE DOS PINHAIS";"Ingestão de Álcool";"Colisão com objeto estático";"Sem Vítimas";"Anoitecer";"Crescente";"Nublado";"Dupla";"Reta";"Não";2;0;0;0;2;0;0;2;-25,50253674;-49,12167512;"SPRF-PR";"DEL01-PR";"UOP01-DEL01-PR"
148130;2018-07-21;"sábado";"19:00:00";"MT";163;854;"NOVA SANTA HELENA";"Velocidade Incompatível";"Tombamento";"Com Vítimas Feridas";"Plena Noite";"Decrescente";"Céu Claro";"Simples";"Rotatória";"Sim";3;0;1;0;1;1;1;2;-11;-55;"SPRF-MT";"DEL06-MT";"UOP02-DEL06-MT"
148135;2018-07-21;"sábado";"16:20:00";"PR";277;485,6;"NOVA LARANJEIRAS";"Pista Escorregadia";"Tombamento";"Sem Vítimas";"Pleno dia";"Decrescente";"Céu Claro";"Simples";"Curva";"Não";1;0;0;0;1;0;0;1;-25,24655914;-52,62931824;"SPRF-PR";"DEL04-PR";"UOP02-DEL04-PR"
148149;2018-07-21;"sábado";"21:20:00";"MT";174;322;"PONTES E LACERDA";"Não guardar distância de segurança";"Colisão traseira";"Com Vítimas Feridas";"Plena Noite";"Decrescente";"Céu Claro";"Simples";"Curva";"Não";3;0;1;0;1;1;1;3;-14,948811;-59,290131;"SPRF-MT";"DEL04-MT";"UOP01-DEL04-MT"
148150;2018-07-21;"sábado";"22:40:00";"PR";277;178,5;"PALMEIRA";"Falta de Atenção à Condução";"Colisão lateral";"Sem Vítimas";"Plena Noite";"Decrescente";"Céu Claro";"Simples";"Curva";"Não";3;0;0;0;2;2;0;4;-25,420849;-50,08919;"SPRF-PR";"DEL03-PR";"UOP02-DEL08-PR"
148159;2018-07-21;"sábado";"22:50:00";"CE";20;406;"CAUCAIA";"Restrição de Visibilidade";"Tombamento";"Com Vítimas Feridas";"Plena Noite";"Crescente";"Céu Claro";"Dupla";"Reta";"Não";2;0;0;1;1;0;1;2;-3,77210579;-38,66297007;"SPRF-CE";"DEL01-CE";"UOP01-DEL01-CE"
148161;2018-07-21;"sábado";"23:00:00";"SC";101;328;"CAPIVARI DE BAIXO";"Desobediência às normas de trânsito pelo condutor";"Colisão frontal";"Com Vítimas Feridas";"Plena Noite";"Decrescente";"Nublado";"Simples";"Viaduto";"Sim";3;0;1;0;1;1;1;3;-28,43966665;-48,96228606;"SPRF-SC";"DEL02-SC";"UOP01-DEL02-SC"
148174;2018-04-24;"terça-feira";"17:05:00";"RS";116;219,4;"DOIS IRMAOS";"Desobediência às normas de trânsito pelo condutor";"Colisão frontal";"Com Vítimas Feridas";"Pleno dia";"Decrescente";"Céu Claro";"Simples";"Aclive";"Não";5;0;0;3;1;1;3;4;-29,556385;-51,090633;"SPRF-RS";"DEL05-RS";"UOP02-DEL05-RS"
148181;2018-07-21;"sábado";"22:40:00";"PR";277;274;"PRUDENTOPOLIS";"Falta de Atenção à Condução";"Saída de leito carroçável";"Com Vítimas Feridas";"Plena Noite";"Decrescente";"Céu Claro";"Simples";"Curva";"Não";2;0;1;0;0;1;1;2;-25,353481;-50,925079;"SPRF-PR";"DEL03-PR";"UOP02-DEL08-PR"
148206;2018-07-22;"domingo";"05:30:00";"PR";277;44,5;"MORRETES";"Velocidade Incompatível";"Colisão com objeto estático";"Com Vítimas Feridas";"Plena Noite";"Crescente";"Nevoeiro/Neblina";"Dupla";"Declive;Curva";"Não";2;0;1;0;0;2;1;3;-25,5929231;-48,89019012;"SPRF-PR";"DEL01-PR";"UOP07-DEL01-PR"
148211;2018-07-22;"domingo";"05:30:00";"MG";365;612;"UBERLANDIA";"Falta de Atenção à Condução";"Colisão lateral";"Com Vítimas Feridas";"Amanhecer";"Decrescente";"Céu Claro";"Simples";"Reta";"Sim";2;0;1;0;1;0;1;2;-18,91422903;-48,21626187;"SPRF-MG";"DEL15-MG";"UOP01-DEL15-MG"
148222;2018-07-22;"domingo";"03:00:00";"TO";230;93;"SAO BENTO DO TOCANTINS";"Desobediência às normas de trânsito pelo condutor";"Atropelamento de Pedestre";"Com Vítimas Feridas";"Plena Noite";"Decrescente";"Céu Claro";"Simples";"Reta";"Sim";3;0;0;1;0;2;1;2;-6,02585;-47,914478;"SPRF-TO";"DEL02-TO";"UOP03-DEL02-TO"
148225;2018-07-22;"domingo";"04:30:00";"BA";101;554;"ARATACA";"Velocidade Incompatível";"Saída de leito carroçável";"Com Vítimas Feridas";"Plena Noite";"Crescente";"Céu Claro";"Simples";"Curva";"Não";1;0;1;0;0;0;1;1;-15,1552;-39,4085;"SPRF-BA";"DEL05-BA";"UOP02-DEL05-BA"
148233;2018-07-22;"domingo";"07:38:00";"MG";381;305;"ANTONIO DIAS";"Objeto estático sobre o leito carroçável";"Colisão traseira";"Com Vítimas Fatais";"Pleno dia";"Crescente";"Céu Claro";"Simples";"Curva";"Não";14;1;5;5;2;1;10;3;-19,63169451;-42,89616376;"SPRF-MG";"DEL03-MG";"UOP02-DEL03-MG"
148238;2018-07-21;"sábado";"18:30:00";"BA";242;208;"ITABERABA";"Falta de Atenção do Pedestre";"Atropelamento de Pedestre";"Com Vítimas Fatais";"Plena Noite";"Crescente";"Céu Claro";"Simples";"Reta";"Sim";2;1;0;0;1;0;0;2;-12,512;-40,323;"SPRF-BA";"DEL06-BA";"UOP02-DEL06-BA"