"id";"data_inversa";"dia_semana";"horario";"uf";"br";"km";"municipio";"causa_acidente";"tipo_acidente";"classificacao_acidente";"fase_dia";"sentido_via";"condicao_metereologica";"tipo_pista";"tracado_via";"uso_solo";"pessoas";"mortos";"feridos_leves";"feridos_graves";"ilesos";"ignorados";"feridos";"veiculos";"latitude";"longitude";"regional";"delegacia";"uop"
149130;2018-07-26;"quinta-feira";"23:55:00";"SC";101;203;"SAO JOSE";"Falta de Atenção à Condução";"Colisão lateral";"Sem Vítimas";"Plena Noite";"Decrescente";"Céu Claro";"Múltipla";"Reta";"Sim";3;0;0;0;2;1;0;3;-27,5832;-48,6151;"SPRF-SC";"DEL01-SC";"UOP01-DEL01-SC"
149132;2018-07-26;"quinta-feira";"19:15:00";"MT";364;142,3;"PEDRA PRETA";"Falta de Atenção à Condução";"Tombamento";"Com Vítimas Feridas";"Plena Noite";"Crescente";"Céu Claro";"Simples";"Curva";"Não";1;0;1;0;0;0;1;1;-16,790197;-54,141846;"SPRF-MT";"DEL02-MT";"UOP01-DEL02-MT"
149137;2018-07-27;"sexta-feira";"02:30:00";"PR";277;103;"CAMPO LARGO";"Ingestão de Álcool";"Colisão traseira";"Sem Vítimas";"Plena Noite";"Crescente";"Nublado";"Dupla";"Reta";"Não";4;0;0;0;2;3;0;5;-25,4333896;-49,40099715;"SPRF-PR";"DEL01-PR";"UOP06-DEL01-PR"
149139;2018-07-27;"sexta-feira";"03:50:00";"MG";40;729,1;"OLIVEIRA FORTES";"Falta de Atenção à Condução";"Colisão traseira";"Com Vítimas Feridas";"Plena Noite";"Crescente";"Céu Claro";"Dupla";"Declive;Curva";"Não";4;0;1;0;2;2;1;5;-21,34815218;-43,58116759;"SPRF-MG";"DEL05-MG";"UOP01-DEL05-MG"
149148;2018-07-27;"sexta-feira";"06:10:00";"RS";116;526;"BARRA DO RIBEIRO";"Desobediência às normas de trânsito pelo condutor";"Colisão com objeto estático";"Com Vítimas Feridas";"Amanhecer";"Crescente";"Nublado";"Simples";"Reta";"Sim";2;0;2;0;0;0;2;2;-30,34457;-51,42852;"SPRF-RS";"DEL07-RS";"UOP01-DEL07-RS"
149149;2018-07-27;"sexta-feira";"06:36:00";"RS";116;529;"CAPAO DO LEAO";"Falta de Atenção à Condução";"Colisão lateral";"Sem Vítimas";"Amanhecer";"Decrescente";"Garoa/Chuvisco";"Simples";"Interseção de Vias";"Não";3;0;0;0;3;0;0;3;-31,75534784;-52,43028576;"SPRF-RS";"DEL07-RS";"UOP01-DEL07-RS"
149151;2018-07-27;"sexta-feira";"04:40:00";"PR";376;508,2;"PONTA GROSSA";"Velocidade Incompatível";"Tombamento";"Sem Vítimas";"Plena Noite";"Crescente";"Nevoeiro/Neblina";"Dupla";"Reta";"Não";4;0;0;0;3;3;0;6;-25,20913466;-50,06420374;"SPRF-PR";"DEL03-PR";"UOP04-DEL03-PR"
149161;2018-07-27;"sexta-feira";"08:00:00";"SP";116;416,8;"JUQUIA";"Falta de Atenção à Condução";"Colisão traseira";"Com Vítimas Feridas";"Amanhecer";"Crescente";"Céu Claro";"Dupla";"Reta";"Não";3;0;1;0;1;1;1;3;-24,33257456;-47,63765699;"SPRF-SP";"DEL05-SP";"UOP01-DEL05-SP"
149163;2018-07-27;"sexta-feira";"07:40:00";"SC";282;500,2;"XANXERE";"Desobediência às normas de trânsito pelo condutor";"Colisão lateral";"Com Vítimas Feridas";"Pleno dia";"Crescente";"Céu Claro";"Dupla";"Rotatória";"Sim";3;0;2;0;1;0;2;2;-26,88044023;-52,35898191;"SPRF-SC";"DEL07-SC";"UOP01-DEL07-SC"
149170;2018-07-27;"sexta-feira";"08:40:00";"SP";153;72,5;"SAO JOSE DO RIO PRETO";"Falta de Atenção à Condução";"Colisão traseira";"Com Vítimas Feridas";"Pleno dia";"Crescente";"Céu Claro";"Simples";"Reta";"Sim";4;0;1;0;1;2;1;4;-20,867146;-49,413338;"SPRF-SP";"DEL09-SP";"UOP01-DEL09-SP"
149173;2018-07-27;"sexta-feira";"09:15:00";"GO";153;500;"GOIANIA";"Falta de Atenção à Condução";"Colisão traseira";"Com Vítimas Feridas";"Pleno dia";"Decrescente";"Sol";"Dupla";"Reta";"Sim";4;0;1;0;2;1;1;3;-16,7118;-49,2324;"SPRF-GO";"DEL01-GO";"UOP01-DEL01-GO"
149177;2018-07-27;"sexta-feira";"09:45:00";"PR";376;501,7;"PONTA GROSSA";"Falta de Atenção à Condução";"Colisão traseira";"Com Vítimas Feridas";"Pleno dia";"Crescente";"Céu Claro";"Dupla";"Aclive";"Não";5;0;2;0;2;1;2;4;-25,16855258;-50,1124084;"SPRF-PR";"DEL03-PR";"UOP04-DEL03-PR"
149178;2018-07-27;"sexta-feira";"07:00:00";"MG";40;116,3;"LAGOA GRANDE";"Condutor Dormindo";"Colisão lateral";"Sem Vítimas";"Pleno dia";"Crescente";"Céu Claro";"Simples";"Reta";"Não";2;0;0;0;2;0;0;2;-17,655302;-46,40173;"SPRF-MG";"DEL14-MG";"UOP01-DEL14-MG"
149182;2018-07-27;"sexta-feira";"08:50:00";"SC";282;24,9;"SANTO AMARO DA IMPERATRIZ";"Falta de Atenção do Pedestre";"Atropelamento de Pedestre";"Com Vítimas Fatais";"Pleno dia";"Decrescente";"Céu Claro";"Simples";"Curva";"Não";3;1;0;0;1;1;0;3;-27,6784261;-48,75161648;"SPRF-SC";"DEL01-SC";"UOP03-DEL01-SC"
149184;2018-07-27;"sexta-feira";"10:00:00";"MG";267;16,9;"LEOPOLDINA";"Desobediência às normas de trânsito pelo condutor";"Colisão lateral";"Com Vítimas Feridas";"Pleno dia";"Crescente";"Nublado";"Simples";"Reta";"Não";2;0;1;0;1;0;1;2;-21,5895;-42,7603;"SPRF-MG";"DEL07-MG";"UOP01-DEL07-MG"
149189;2018-07-27;"sexta-feira";"10:20:00";"ES";101;298;"VIANA";"Falta de Atenção à Condução";"Colisão traseira";"Com Vítimas Feridas";"Pleno dia";"Crescente";"Céu Claro";"Múltipla";"Curva";"Sim";4;0;1;0;2;1;1;3;-20,35865335;-40,42350769;"SPRF-ES";"DEL01-ES";"UOP01-DEL01-ES"
149194;2018-07-27;"sexta-feira";"10:30:00";"MG";40;770,2;"JUIZ DE FORA";"Desobediência às normas de trânsito pelo condutor";"Colisão lateral";"Com Vítimas Feridas";"Pleno dia";"Decrescente";"Céu Claro";"Simples";"Curva";"Não";3;0;1;0;2;0;1;3;-21,6271;-43,4466;"SPRF-MG";"DEL05-MG";"UOP01-DEL05-MG"
149195;2018-07-27;"sexta-feira";"10:20:00";"RS";386;74,8;"BOA VISTA DAS MISSOES";"Velocidade Incompatível";"Tombamento";"Sem Vítimas";"Pleno dia";"Decrescente";"Nublado";"Simples";"Interseção de Vias";"Não";2;0;0;0;1;2;0;3;-27,68584274;-53,30741286;"SPRF-RS";"DEL08-RS";"UOP02-DEL08-RS"
149199;2018-07-27;"sexta-feira";"12:20:00";"RJ";40;113;"DUQUE DE CAXIAS";"Falta de Atenção à Condução";"Colisão traseira";"Com Vítimas Feridas";"Pleno dia";"Decrescente";"Céu Claro";"Múltipla";"Declive";"Sim";4;0;3;0;1;0;3;3;-22,72376233;-43,2891798;"SPRF-RJ";"DEL01-RJ";"UOP01-DEL01-RJ"
149200;2018-07-27;"sexta-feira";"10:50:00";"MG";381;883,2;"ESTIVA";"Velocidade Incompatível";"Colisão traseira";"Sem Vítimas";"Pleno dia";"Crescente";"Sol";"Dupla";"Reta";"Não";8;0;0;0;7;1;0;8;-22,4925;-46,0116;"SPRF-MG";"DEL16-MG";"UOP01-DEL16-MG"
149206;2018-07-27;"sexta-feira";"13:25:00";"PR";277;658;"MATELANDIA";"Desobediência às normas de trânsito pelo condutor";"Colisão transversal";"Sem Vítimas";"Pleno dia";"Crescente";"Céu Claro";"Dupla";"Curva";"Sim";2;0;0;0;2;0;0;2;-25,243406;-53,980827;"SPRF-PR";"DEL05-PR";"UOP02-DEL05-PR"
149210;2018-07-27;"sexta-feira";"13:20:00";"MG";365;489;"PATROCINIO";"Não guardar distância de segurança";"Colisão traseira";"Com Vítimas Feridas";"Pleno dia";"Crescente";"Céu Claro";"Simples";"Declive;Reta";"Não";3;0;1;0;1;2;1;4;-18,9;-47,133;"SPRF-MG";"DEL10-MG";"UOP01-DEL10-MG"
149214;2018-07-27;"sexta-feira";"11:05:00";"RS";116;52,5;"VACARIA";"Velocidade Incompatível";"Tombamento";"Sem Vítimas";"Pleno dia";"Crescente";"Céu Claro";"Simples";"Curva;Declive";"Não";2;0;0;0;1;1;0;2;-28,582304;-51,023792;"SPRF-RS";"DEL05-RS";"UOP03-DEL05-RS"
149222;2018-07-27;"sexta-feira";"07:50:00";"BA";116;243;"QUIJINGUE";"Ultrapassagem Indevida";"Colisão frontal";"Com Vítimas Fatais";"Pleno dia";"Crescente";"Céu Claro";"Simples";"Reta";"Não";4;1;1;0;1;3;1;6;-10,71897204;-38,92147064;"SPRF-BA";"DEL07-BA";"UOP02-DEL07-BA"
149228;2018-07-27;"sexta-feira";"15:00:00";"RJ";356;93,2;"CARDOSO MOREIRA";"Falta de Atenção à Condução";"Colisão lateral";"Com Vítimas Fatais";"Pleno dia";"Crescente";"Céu Claro";"Simples";"Reta";"Não";2;1;0;0;1;0;0;2;-21,514148;-41,587813;"SPRF-RJ";"DEL08-RJ";"UOP03-DEL08-RJ"
149231;2018-07-27;"sexta-feira";"13:00:00";"GO";153;315,4;"RIALMA";"Velocidade Incompatível";"Colisão traseira";"Com Vítimas Feridas";"Pleno dia";"Crescente";"Céu Claro";"Simples";"Reta";"Não";3;0;1;0;1;2;1;4;-15,405963;-49,531563;"SPRF-GO";"DEL02-GO";"UOP02-DEL02-GO"
149239;2018-07-27;"sexta-feira";"14:40:00";"PA";316;111;"SANTA MARIA DO PARA";"Não guardar distância de segurança";"Colisão lateral";"Com Vítimas Fatais";"Pleno dia";"Crescente";"Sol";"Simples";"Curva";"Não";4;1;1;0;1;1;1;3;-1,3165269;-47,51140594;"SPRF-PA";"DEL01-PA";"UOP02-DEL01-PA"
149241;2018-07-27;"sexta-feira";"12:00:00";"MT";364;7;"ALTO ARAGUAIA";"Carga excessiva e/ou mal acondicionada";"Incêndio";"Sem Vítimas";"Pleno dia";"Decrescente";"Céu Claro";"Simples";"Reta";"Sim";2;0;0;0;1;1;0;2;-17,279013;-53,260201;"SPRF-MT";"DEL02-MT";"UOP02-DEL02-MT"
149243;2018-07-27;"sexta-feira";"16:05:00";"MG";381;486;"BETIM";"Ingestão de Álcool";"Atropelamento de Pedestre";"Com Vítimas Feridas";"Pleno dia";"Crescente";"Céu Claro";"Dupla";"Reta";"Sim";2;0;0;1;1;0;1;2;-19,9554;-44,1157;"SPRF-MG";"DEL01-MG";"UOP03-DEL01-MG"
149244;2018-07-27;"sexta-feira";"11:40:00";"PI";402;43;"PARNAIBA";"Não guardar distância de segurança";"Colisão lateral";"Com Vítimas Feridas";"Pleno dia";"Crescente";"Céu Claro";"Simples";"Reta";"Sim";2;0;0;1;1;0;1;2;-2,99721304;-41,70547485;"SPRF-PI";"DEL05-PI";"UOP01-DEL05-PI"
149246;2018-07-27;"sexta-feira";"15:00:00";"MS";163;277,6;"DOURADOS";"Falta de Atenção à Condução";"Colisão lateral";"Com Vítimas Feridas";"Pleno dia";"Decrescente";"Céu Claro";"Dupla";"Reta";"Não";4;0;2;0;1;2;2;4;-22,16540898;-54,6543818;"SPRF-MS";"DEL04-MS";"UOP01-DEL04-MS"
149250;2018-07-27;"sexta-feira";"16:40:00";"GO";60;40,4;"APARECIDA DE GOIANIA";"Não guardar distância de segurança";"Colisão lateral";"Com Vítimas Feridas";"Pleno dia";"Crescente";"Céu Claro";"Dupla";"Reta";"Sim";2;0;1;0;1;0;1;2;-16,8101;-49,2397;"SPRF-GO";"DEL01-GO";"UOP03-DEL01-GO"
149251;2018-07-27;"sexta-feira";"16:05:00";"MA";10;257;"IMPERATRIZ";"Falta de Atenção à Condução";"Colisão transversal";"Com Vítimas Feridas";"Pleno dia";"Decrescente";"Céu Claro";"Simples";"Reta";"Sim";4;0;1;0;2;1;1;3;-5,490634;-47,471973;"SPRF-MA";"DEL04-MA";"UOP01-DEL04-MA"
149252;2018-07-27;"sexta-feira";"09:30:00";"PI";135;337;"SANTA LUZ";"Defeito na Via";"Tombamento";"Sem Vítimas";"Pleno dia";"Decrescente";"Céu Claro";"Simples";"Reta";"Não";2;0;0;0;1;2;0;3;-8,983537;-44,282722;"SPRF-PI";"DEL03-PI";"UOP02-DEL03-PI"
149256;2018-07-27;"sexta-feira";"16:15:00";"SP";116;59,9;"GUARATINGUETA";"Ingestão de Álcool";"Colisão com objeto estático";"Sem Vítimas";"Pleno dia";"Crescente";"Nublado";"Dupla";"Reta";"Sim";2;0;0;0;1;1;0;2;-22,79054429;-45,16043901;"SPRF-SP";"DEL08-SP";"UOP01-DEL08-SP"
149259;2018-07-27;"sexta-feira";"16:20:00";"ES";101;50;"SAO MATEUS";"Falta de Atenção à Condução";"Saída de leito carroçável";"Sem Vítimas";"Pleno dia";"Crescente";"Céu Claro";"Simples";"Reta";"Não";2;0;0;0;2;0;0;1;-18,59256184;-39,89006996;"SPRF-ES";"DEL04-ES";"UOP02-DEL04-ES"
149264;2018-07-27;"sexta-feira";"15:30:00";"RO";364;212,9;"PIMENTA BUENO";"Avarias e/ou desgaste excessivo no pneu";"Tombamento";"Com Vítimas Feridas";"Pleno dia";"Crescente";"Sol";"Simples";"Reta";"Não";3;0;1;0;1;2;1;4;-11,57366952;-61,27487183;"SPRF-RO";"DEL02-RO";"UOP02-DEL02-RO"
149269;2018-07-27;"sexta-feira";"17:30:00";"SP";381;51;"ATIBAIA";"Desobediência às normas de trânsito pelo pedestre";"Atropelamento de Pedestre";"Com Vítimas Fatais";"Anoitecer";"Crescente";"Céu Claro";"Dupla";"Reta";"Sim";2;1;0;0;1;0;0;2;-23,224171;-46,59726;"SPRF-SP";"DEL03-SP";"UOP01-DEL03-SP"
149286;2018-07-27;"sexta-feira";"18:00:00";"SC";101;216;"PALHOCA";"Falta de Atenção à Condução";"Colisão traseira";"Com Vítimas Feridas";"Plena Noite";"Decrescente";"Céu Claro";"Dupla";"Viaduto";"Não";3;0;1;0;1;1;1;3;-27,659815;-48,677479;"SPRF-SC";"DEL01-SC";"UOP02-DEL01-SC"
149289;2018-07-27;"sexta-feira";"18:20:00";"RN";304;122;"ITAJA";"Não guardar distância de segurança";"Engavetamento";"Com Vítimas Feridas";"Plena Noite";"Crescente";"Nublado";"Simples";"Aclive";"Não";4;0;1;0;2;2;1;5;-5,63212585;-36,85846371;"SPRF-RN";"DEL04-RN";"UOP01-DEL04-RN"
149291;2018-07-27;"sexta-feira";"15:40:00";"SC";280;219,9;"TRES BARRAS";"Desobediência às normas de trânsito pelo condutor";"Capotamento";"Sem Vítimas";"Pleno dia";"Crescente";"Sol";"Simples";"Curva";"Não";4;0;0;0;3;3;0;6;-26,171513;-50,255123;"SPRF-SC";"DEL06-SC";"UOP04-DEL06-SC"
149296;2018-07-27;"sexta-feira";"18:45:00";"RS";470;176;"VERANOPOLIS";"Ingestão de Álcool";"Colisão traseira";"Sem Vítimas";"Plena Noite";"Crescente";"Céu Claro";"Simples";"Reta";"Sim";3;0;0;0;2;1;0;3;-28,92950811;-51,54279292;"SPRF-RS";"DEL06-RS";"UOP02-DEL06-RS"
149300;2018-07-27;"sexta-feira";"16:00:00";"MA";10;250;"IMPERATRIZ";"Desobediência às normas de trânsito pelo condutor";"Colisão lateral";"Com Vítimas Feridas";"Pleno dia";"Decrescente";"Céu Claro";"Simples";"Reta";"Não";4;0;0;1;1;2;1;3;-5,550874;-47,459305;"SPRF-MA";"DEL04-MA";"UOP01-DEL04-MA"
149301;2018-07-27;"sexta-feira";"16:10:00";"RS";290;130;"ELDORADO DO SUL";"Desobediência às normas de trânsito pelo condutor";"Colisão transversal";"Com Vítimas Feridas";"Pleno dia";"Crescente";"Céu Claro";"Dupla";"Em Obras";"Não";3;0;2;0;1;0;2;2;-30,058458;-51,510532;"SPRF-RS";"DEL02-RS";"UOP01-DEL02-RS"
149305;2018-07-27;"sexta-feira";"18:40:00";"MT";163;661;"LUCAS DO RIO VERDE";"Desobediência às normas de trânsito pelo condutor";"Colisão frontal";"Com Vítimas Fatais";"Plena Noite";"Crescente";"Ignorado";"Simples";"Reta";"Não";6;1;2;2;0;3;4;7;-13,293152;-56,034756;"SPRF-MT";"DEL06-MT";"UOP01-DEL06-MT"
149314;2018-07-27;"sexta-feira";"18:40:00";"SC";101;345,3;"TUBARAO";"Defeito Mecânico no Veículo";"Incêndio";"Com Vítimas Feridas";"Plena Noite";"Decrescente";"Nublado";"Dupla";"Retorno Regulamentado";"Não";1;0;1;0;0;0;1;1;-28,5484895;-49,05328971;"SPRF-SC";"DEL02-SC";"UOP01-DEL02-SC"
149316;2018-07-27;"sexta-feira";"19:30:00";"BA";110;105;"SITIO DO QUINTO";"Falta de Atenção à Condução";"Colisão frontal";"Com Vítimas Feridas";"Plena Noite";"Crescente";"Nublado";"Simples";"Reta";"Não";5;0;1;0;4;0;1;2;-10,3067;-38,3113;"SPRF-BA";"DEL07-BA";"UOP01-DEL07-BA"
149322;2018-07-27;"sexta-feira";"20:00:00";"PI";230;282;"FLORIANO";"Defeito Mecânico no Veículo";"Incêndio";"Sem Vítimas";"Plena Noite";"Decrescente";"Céu Claro";"Simples";"Reta";"Não";2;0;0;0;1;1;0;2;-6,91279397;-42,80788422;"SPRF-PI";"DEL03-PI";"UOP01-DEL03-PI"
149330;2018-07-27;"sexta-feira";"21:45:00";"ES";101;0,7;"SERRA";"Falta de Atenção à Condução";"Colisão transversal";"Com Vítimas Feridas";"Plena Noite";"Crescente";"Nublado";"Dupla";"Declive;Curva";"Sim";2;0;1;0;1;0;1;2;-20,23903604;-40,2789849;"SPRF-ES";"DEL02-ES";"UOP01-DEL02-ES"
149335;2018-07-27;"sexta-feira";"17:05:00";"RO";421;9,6;"ARIQUEMES";"Desobediência às normas de trânsito pelo condutor";"Colisão frontal";"Com Vítimas Fatais";"Pleno dia";"Crescente";"Céu Claro";"Simples";"Reta";"Não";3;1;0;0;1;2;0;4;-9,963603;-63,119144;"SPRF-RO";"DEL03-RO";"DEL21/3-UOP04/RO"
149345;2018-07-27;"sexta-feira";"23:55:00";"RN";427;99,3;"CAICO";"Desobediência às normas de trânsito pelo condutor";"Colisão transversal";"Com Vítimas Feridas";"Plena Noite";"Crescente";"Céu Claro";"Simples";"Ponte";"Sim";2;0;0;1;1;0;1;2;-6,46029413;-37,10129142;"SPRF-RN";"DEL03-RN";"UOP01-DEL03-RN"
149349;2018-07-28;"sábado";"01:20:00";"PI";343;458;"SAO PEDRO DO PIAUI";"Falta de Atenção à Condução";"Colisão traseira";"Com Vítimas Feridas";"Plena Noite";"Crescente";"Céu Claro";"Simples";"Reta";"Não";4;0;0;2;1;2;2;4;-5,970473;-42,730152;"SPRF-PI";"DEL01-PI";"UOP02-DEL01-PI"
149364;2018-07-28;"sábado";"01:30:00";"BA";407;206;"CAEM";"Defeito Mecânico no Veículo";"Colisão traseira";"Com Vítimas Feridas";"Plena Noite";"Decrescente";"Céu Claro";"Simples";"Reta";"Não";5;0;3;0;1;1;3;3;-11,15964;-40,05398;"SPRF-BA";"DEL04-BA";"UOP02-DEL04-BA"
149365;2018-07-28;"sábado";"03:15:00";"SC";101;75,7;"BARRA VELHA";"Defeito Mecânico no Veículo";"Colisão com objeto estático";"Com Vítimas Feridas";"Plena Noite";"Crescente";"Nublado";"Dupla";"Reta";"Não";2;0;1;0;0;1;1;2;-26,5621;-48,72;"SPRF-SC";"DEL03-SC";"UOP02-DEL03-SC"
149368;2018-07-28;"sábado";"05:50:00";"RJ";393;290;"VOLTA REDONDA";"Ingestão de Álcool";"Colisão transversal";"Com Vítimas Feridas";"Amanhecer";"Crescente";"Céu Claro";"Simples";"Interseção de Vias";"Sim";4;0;2;0;2;0;2;2;-22,52125876;-44,11663055;"SPRF-RJ";"DEL05-RJ";"UOP04-DEL05-RJ"
149369;2018-07-28;"sábado";"05:40:00";"CE";20;418;"MARACANAU";"Condutor Dormindo";"Colisão traseira";"Com Vítimas Feridas";"Pleno dia";"Decrescente";"Nublado";"Simples";"Reta";"Sim";2;0;1;0;1;0;1;2;-3,84306098;-38,58904409;"SPRF-CE";"DEL01-CE";"UOP02-DEL01-CE"
149381;2018-07-28;"sábado";"08:05:00";"MG";116;416,2;"GOVERNADOR VALADARES";"Não guardar distância de segurança";"Colisão traseira";"Com Vítimas Feridas";"Pleno dia";"Decrescente";"Céu Claro";"Simples";"Reta";"Sim";3;0;2;0;1;0;2;2;-18,89051;-41,94662;"SPRF-MG";"DEL06-MG";"UOP01-DEL06-MG"
149390;2018-07-28;"sábado";"05:33:00";"RO";364;17,6;"VILHENA";"Ingestão de Álcool";"Colisão lateral";"Com Vítimas Feridas";"Amanhecer";"Crescente";"Céu Claro";"Simples";"Declive;Reta";"Não";3;0;0;1;1;2;1;4;-12,73208;-60,165894;"SPRF-RO";"DEL04-RO";"UOP01-DEL04-RO"
149403;2018-07-28;"sábado";"10:30:00";"PR";376;179,1;"MARINGA";"Desobediência às normas de trânsito pelo condutor";"Colisão transversal";"Com Vítimas Feridas";"Pleno dia";"Decrescente";"Céu Claro";"Dupla";"Interseção de Vias";"Sim";3;0;1;0;1;2;1;4;-23,4193843;-51,91215992;"SPRF-PR";"DEL07-PR";"UOP01-DEL09-PR"
149410;2018-07-28;"sábado";"08:00:00";"BA";116;20,8;"VITORIA DA CONQUISTA";"Defeito Mecânico no Veículo";"Colisão lateral";"Com Vítimas Feridas";"Pleno dia";"Decrescente";"Nublado";"Simples";"Aclive";"Não";4;0;4;0;0;0;4;2;-14,886925;-40,812905;"SPRF-BA";"DEL08-BA";"UOP01-DEL08-BA"
149414;2018-07-28;"sábado";"10:00:00";"MT";163;750;"SORRISO";"Falta de Atenção à Condução";"Colisão lateral";"Com Vítimas Feridas";"Pleno dia";"Crescente";"Sol";"Dupla";"Interseção de Vias";"Sim";3;0;1;0;1;1;1;3;-12,571803;-55,726929;"SPRF-MT";"DEL06-MT";"UOP01-DEL06-MT"
149426;2018-07-28;"sábado";"12:15:00";"PR";116;30,1;"CAMPINA GRANDE DO SUL";"Falta de Atenção à Condução";"Saída de leito carroçável";"Com Vítimas Feridas";"Pleno dia";"Decrescente";"Céu Claro";"Múltipla";"Aclive";"Não";2;0;0;1;0;1;1;2;-25,10816904;-48,81918669;"SPRF-PR";"DEL01-PR";"UOP02-DEL01-PR"
149427;2018-07-28;"sábado";"10:20:00";"RO";364;169;"PIMENTA BUENO";"Desobediência às normas de trânsito pelo condutor";"Colisão frontal";"Com Vítimas Feridas";"Pleno dia";"Decrescente";"Sol";"Simples";"Reta";"Não";6;0;1;1;3;1;2;3;-11,854705;-61,011837;"SPRF-RO";"DEL02-RO";"UOP02-DEL02-RO"
149429;2018-07-28;"sábado";"07:45:00";"SC";282;552,8;"CHAPECO";"Não guardar distância de segurança";"Colisão traseira";"Com Vítimas Feridas";"Pleno dia";"Crescente";"Nublado";"Simples";"Reta";"Não";4;0;1;1;2;0;2;3;-27,00032675;-52,71320072;"SPRF-SC";"DEL07-SC";"UOP01-DEL07-SC"
149431;2018-07-28;"sábado";"12:45:00";"PR";467;73,1;"TOLEDO";"Avarias e/ou desgaste excessivo no pneu";"Colisão transversal";"Com Vítimas Feridas";"Pleno dia";"Crescente";"Sol";"Dupla";"Declive";"Não";6;0;3;0;2;1;3;3;-24,72892133;-53,70230913;"SPRF-PR";"DEL04-PR";"UOP01-DEL04-PR"
149432;2018-07-28;"sábado";"12:20:00";"MG";356;277,2;"MURIAE";"Velocidade Incompatível";"Tombamento";"Com Vítimas Feridas";"Pleno dia";"Decrescente";"Céu Claro";"Simples";"Curva";"Não";2;0;1;0;0;1;1;2;-21,1279245;-42,27514386;"SPRF-MG";"DEL07-MG";"UOP02-DEL07-MG"
149440;2018-07-28;"sábado";"12:40:00";"MG";381;737,4;"TRES CORACOES";"Velocidade Incompatível";"Tombamento";"Com Vítimas Feridas";"Pleno dia";"Crescente";"Céu Claro";"Dupla";"Curva";"Não";3;0;0;1;1;1;1;3;-21,5656;-45,2439;"SPRF-MG";"DEL16-MG";"UOP02-DEL16-MG"
149442;2018-07-28;"sábado";"13:45:00";"MG";381;436,5;"SABARA";"Carga excessiva e/ou mal acondicionada";"Tombamento";"Com Vítimas Feridas";"Pleno dia";"Decrescente";"Céu Claro";"Simples";"Curva";"Não";3;0;1;0;1;1;1;2;-19,78700665;-43,70012641;"SPRF-MG";"DEL01-MG";"UOP01-DEL01-MG"
149445;2018-07-28;"sábado";"14:45:00";"BA";324;607;"SIMOES FILHO";"Falta de Atenção à Condução";"Colisão traseira";"Com Vítimas Feridas";"Pleno dia";"Decrescente";"Céu Claro";"Simples";"Curva";"Sim";3;0;1;0;1;1;1;3;-12,820054;-38,40739042;"SPRF-BA";"DEL01-BA";"UOP01-DEL01-BA"
149448;2018-07-28;"sábado";"12:15:00";"MG";381;681;"PERDOES";"Defeito Mecânico no Veículo";"Incêndio";"Sem Vítimas";"Pleno dia";"Decrescente";"Céu Claro";"Dupla";"Curva";"Não";2;0;0;0;1;1;0;2;-21,1434;-45,1073;"SPRF-MG";"DEL04-MG";"UOP02-DEL04-MG"
149450;2018-07-24;"terça-feira";"12:00:00";"GO";50;245,9;"CATALAO";"Falta de Atenção à Condução";"Colisão transversal";"Com Vítimas Feridas";"Pleno dia";"Crescente";"Céu Claro";"Simples";"Reta";"Sim";5;0;4;0;1;0;4;2;-17,9259;-47,7874;"SPRF-GO";"DEL06-GO";"UOP01-DEL06-GO"
149462;2018-07-28;"sábado";"15:30:00";"BA";101;745,4;"ITABELA";"Desobediência às normas de trânsito pelo condutor";"Colisão transversal";"Com Vítimas Feridas";"Pleno dia";"Decrescente";"Céu Claro";"Simples";"Reta";"Sim";3;0;0;1;1;1;1;3;-16,5689;-39,5609;"SPRF-BA";"DEL09-BA";"UOP01-DEL09-BA"
149465;2018-07-28;"sábado";"16:35:00";"RJ";116;302;"RESENDE";"Não guardar distância de segurança";"Colisão traseira";"Sem Vítimas";"Pleno dia";"Decrescente";"Nublado";"Dupla";"Reta";"Sim";3;0;0;0;2;1;0;3;-22,45862924;-44,42736983;"SPRF-RJ";"DEL07-RJ";"DEL5/7-UOP03/RJ"
149467;2018-07-28;"sábado";"15:50:00";"RJ";116;234,1;"PIRAI";"Falta de Atenção à Condução";"Capotamento";"Com Vítimas Feridas";"Pleno dia";"Crescente";"Céu Claro";"Dupla";"Reta";"Não";4;0;1;0;1;2;1;4;-22,66661066;-43,84918213;"SPRF-RJ";"DEL07-RJ";"UOP01-DEL07-RJ"
149469;2018-07-28;"sábado";"12:45:00";"MT";163;907;"CLAUDIA";"Desobediência às normas de trânsito pelo condutor";"Colisão lateral";"Com Vítimas Feridas";"Pleno dia";"Decrescente";"Sol";"Simples";"Reta";"Não";3;0;1;0;1;2;1;4;-11,27243006;-55,31401634;"SPRF-MT";"DEL06-MT";"UOP02-DEL06-MT"
149477;2018-07-28;"sábado";"15:00:00";"MT";70;94,8;"GENERAL CARNEIRO";"Ingestão de Álcool";"Saída de leito carroçável";"Sem Vítimas";"Pleno dia";"Decrescente";"Céu Claro";"Simples";"Declive;Curva";"Não";2;0;0;0;1;2;0;3;-15,573943;-52,894604;"SPRF-MT";"DEL07-MT";"UOP01-DEL07-MT"
149480;2018-07-28;"sábado";"17:30:00";"ES";101;17;"PEDRO CANARIO";"Carga excessiva e/ou mal acondicionada";"Derramamento de carga";"Sem Vítimas";"Anoitecer";"Decrescente";"Céu Claro";"Simples";"Reta";"Não";2;0;0;0;1;1;0;2;-18,30769766;-39,95745778;"SPRF-ES";"DEL04-ES";"UOP02-DEL04-ES"