"id";"data_inversa";"dia_semana";"horario";"uf";"br";"km";"municipio";"causa_acidente";"tipo_acidente";"classificacao_acidente";"fase_dia";"sentido_via";"condicao_metereologica";"tipo_pista";"tracado_via";"uso_solo";"pessoas";"mortos";"feridos_leves";"feridos_graves";"ilesos";"ignorados";"feridos";"veiculos";"latitude";"longitude";"regional";"delegacia";"uop"
149481;2018-07-28;"sábado";"17:40:00";"PE";116;66;"CABROBO";"Avarias e/ou desgaste excessivo no pneu";"Danos eventuais";"Com Vítimas Feridas";"Anoitecer";"Crescente";"Céu Claro";"Simples";"Reta";"Não";2;0;1;0;0;1;1;2;-8,40976;-39,168655;"SPRF-PE";"DEL05-PE";"UOP03-DEL05-PE"
149484;2018-07-28;"sábado";"10:30:00";"AM";317;522;"BOCA DO ACRE";"Velocidade Incompatível";"Colisão frontal";"Com Vítimas Feridas";"Pleno dia";"Crescente";"Céu Claro";"Simples";"Reta";"Não";5;0;4;0;1;0;4;2;-8,763451;-67,377365;"SPRF-AC";"DEL01-AC";"UOP01-DEL01-AC"
149500;2018-07-28;"sábado";"18:15:00";"RS";480;70,2;"ERECHIM";"Ingestão de Álcool";"Colisão lateral";"Com Vítimas Feridas";"Anoitecer";"Decrescente";"Nublado";"Simples";"Reta";"Não";4;0;3;0;1;0;3;3;-27,63726425;-52,32108951;"SPRF-RS";"DEL08-RS";"UOP04-DEL08-RS"
149512;2018-07-28;"sábado";"20:00:00";"PR";376;498;"PONTA GROSSA";"Falta de Atenção à Condução";"Colisão traseira";"Com Vítimas Feridas";"Plena Noite";"Decrescente";"Céu Claro";"Dupla";"Reta";"Sim";4;0;1;0;2;1;1;3;-25,16330894;-50,12117386;"SPRF-PR";"DEL03-PR";"UOP04-DEL03-PR"
149514;2018-07-28;"sábado";"20:25:00";"PR";116;101,5;"SAO JOSE DOS PINHAIS";"Falta de Atenção do Pedestre";"Atropelamento de Pedestre";"Com Vítimas Fatais";"Plena Noite";"Decrescente";"Nublado";"Dupla";"Reta";"Sim";3;1;0;0;2;0;0;3;-25,541735;-49,15094;"SPRF-PR";"DEL01-PR";"UOP01-DEL01-PR"
149522;2018-07-28;"sábado";"20:50:00";"CE";304;52,2;"ARACATI";"Desobediência às normas de trânsito pelo condutor";"Colisão traseira";"Com Vítimas Feridas";"Plena Noite";"Crescente";"Ignorado";"Simples";"Reta";"Não";6;0;1;0;5;0;1;2;-4,570807;-37,744732;"SPRF-CE";"DEL03-CE";"UOP03-DEL03-CE"
149523;2018-06-26;"terça-feira";"11:30:00";"PR";116;148;"MANDIRITUBA";"Sinalização da via insuficiente ou inadequada";"Colisão traseira";"Com Vítimas Feridas";"Pleno dia";"Crescente";"Céu Claro";"Simples";"Curva";"Não";5;0;1;0;3;2;1;5;-25,781727;-49,325352;"SPRF-PR";"DEL01-PR";"UOP03-DEL01-PR"
149532;2018-07-28;"sábado";"18:20:00";"RR";432;191;"CANTA";"Mal Súbito";"Colisão com objeto estático";"Sem Vítimas";"Anoitecer";"Crescente";"Nublado";"Simples";"Reta";"Não";2;0;0;0;2;0;0;2;2,597248;-60,619693;"SPRF-RR";"DEL01-RR";"UOP01-DEL01-RR"
149538;2018-07-28;"sábado";"22:47:00";"MA";10;269,4;"IMPERATRIZ";"Velocidade Incompatível";"Colisão lateral";"Com Vítimas Fatais";"Plena Noite";"Crescente";"Céu Claro";"Simples";"Declive";"Não";3;1;0;0;1;1;0;3;-5,382404;-47,476055;"SPRF-MA";"DEL04-MA";"UOP01-DEL04-MA"
149543;2018-07-28;"sábado";"23:30:00";"PR";376;668,1;"GUARATUBA";"Defeito Mecânico no Veículo";"Tombamento";"Com Vítimas Feridas";"Plena Noite";"Crescente";"Céu Claro";"Dupla";"Curva";"Não";3;0;0;1;1;2;1;4;-25,86602016;-48,93482208;"SPRF-PR";"DEL01-PR";"DEL7/1-UOP08/PR"
149545;2018-07-28;"sábado";"18:00:00";"PR";153;383,3;"MALLET";"Velocidade Incompatível";"Saída de leito carroçável";"Com Vítimas Feridas";"Anoitecer";"Crescente";"Céu Claro";"Simples";"Curva";"Não";2;0;1;1;0;0;2;1;-25,880728;-50,836525;"SPRF-PR";"DEL03-PR";"UOP02-DEL08-PR"
149557;2018-07-28;"sábado";"23:30:00";"SC";101;9,5;"GARUVA";"Velocidade Incompatível";"Colisão traseira";"Com Vítimas Feridas";"Plena Noite";"Crescente";"Nublado";"Dupla";"Reta";"Não";3;0;1;0;1;2;1;4;-26,0632;-48,8601;"SPRF-SC";"DEL03-SC";"UOP01-DEL03-SC"
149558;2018-07-28;"sábado";"22:30:00";"MA";10;269;"IMPERATRIZ";"Condutor Dormindo";"Colisão traseira";"Com Vítimas Feridas";"Plena Noite";"Decrescente";"Céu Claro";"Simples";"Declive";"Não";3;0;0;1;1;1;1;2;-5,38005496;-47,47670889;"SPRF-MA";"DEL04-MA";"UOP01-DEL04-MA"
149561;2018-07-29;"domingo";"02:45:00";"SC";101;235;"PALHOCA";"Ingestão de Álcool";"Colisão lateral";"Sem Vítimas";"Plena Noite";"Decrescente";"Chuva";"Dupla";"Reta";"Sim";2;0;0;0;2;0;0;2;-27,827;-48,63;"SPRF-SC";"DEL01-SC";"UOP02-DEL01-SC"
149569;2018-07-29;"domingo";"04:00:00";"AL";423;56;"INHAPI";"Condutor Dormindo";"Colisão lateral";"Com Vítimas Fatais";"Plena Noite";"Crescente";"Nevoeiro/Neblina";"Simples";"Aclive";"Não";7;2;0;3;2;0;3;3;-9,278931;-37,774014;"SPRF-AL";"DEL03-AL";"UOP02-DEL03-AL"
149584;2018-07-29;"domingo";"03:50:00";"MG";381;227;"BELO ORIENTE";"Condutor Dormindo";"Tombamento";"Com Vítimas Feridas";"Plena Noite";"Decrescente";"Nevoeiro/Neblina";"Simples";"Interseção de Vias";"Não";3;0;1;0;1;3;1;5;-19,32118724;-42,40576744;"SPRF-MG";"DEL06-MG";"UOP01-DEL06-MG"
149598;2018-07-29;"domingo";"08:15:00";"SE";101;155,8;"ESTANCIA";"Defeito Mecânico no Veículo";"Tombamento";"Sem Vítimas";"Pleno dia";"Decrescente";"Céu Claro";"Simples";"Reta";"Não";2;0;0;0;1;2;0;3;-11,2414;-37,4316;"SPRF-SE";"DEL02-SE";"UOP01-DEL02-SE"
149603;2018-07-29;"domingo";"08:40:00";"MG";116;782;"LEOPOLDINA";"Falta de Atenção à Condução";"Colisão lateral";"Com Vítimas Feridas";"Pleno dia";"Crescente";"Céu Claro";"Simples";"Curva";"Não";4;0;1;0;2;1;1;3;-21,62657322;-42,69992882;"SPRF-MG";"DEL07-MG";"UOP01-DEL07-MG"
149615;2018-07-29;"domingo";"09:50:00";"MG";381;536,7;"ITATIAIUCU";"Não guardar distância de segurança";"Colisão traseira";"Com Vítimas Feridas";"Pleno dia";"Crescente";"Céu Claro";"Dupla";"Reta";"Não";2;0;1;0;1;0;1;2;-20,2034;-44,3881;"SPRF-MG";"DEL04-MG";"UOP03-DEL04-MG"
149616;2018-07-29;"domingo";"09:40:00";"PI";343;354,9;"TERESINA";"Não guardar distância de segurança";"Colisão traseira";"Com Vítimas Feridas";"Pleno dia";"Decrescente";"Céu Claro";"Simples";"Reta";"Sim";2;0;1;0;1;0;1;2;-5,1665361;-42,76852716;"SPRF-PI";"DEL01-PI";"UOP02-DEL01-PI"
149620;2018-07-29;"domingo";"09:40:00";"PI";0;0;"SAO JOAO DA VARJOTA";"Falta de Atenção à Condução";"Saída de leito carroçável";"Com Vítimas Feridas";"Pleno dia";"Não Informado";"Céu Claro";"Simples";"Reta";"Não";4;0;2;0;1;2;2;4;-6,93426558;-41,89670563;"SPRF-PI";"DEL04-PI";"UOP01-DEL04-PI"
149626;2018-07-05;"quinta-feira";"06:40:00";"SP";381;26;"BRAGANCA PAULISTA";"Falta de Atenção à Condução";"Tombamento";"Sem Vítimas";"Amanhecer";"Decrescente";"Céu Claro";"Dupla";"Reta";"Não";2;0;0;0;1;1;0;2;-23,02684;-46,536175;"SPRF-SP";"DEL03-SP";"UOP02-DEL03-SP"
149636;2018-06-14;"quinta-feira";"00:30:00";"BA";101;841,2;"PRADO";"Condutor Dormindo";"Saída de leito carroçável";"Com Vítimas Fatais";"Plena Noite";"Decrescente";"Nevoeiro/Neblina";"Simples";"Curva";"Não";3;1;1;0;0;1;1;2;-17,25192274;-39,62752461;"SPRF-BA";"DEL09-BA";"UOP02-DEL09-BA"
149639;2018-07-29;"domingo";"13:00:00";"SP";116;227,6;"SAO PAULO";"Falta de Atenção do Pedestre";"Atropelamento de Pedestre";"Com Vítimas Feridas";"Pleno dia";"Decrescente";"Céu Claro";"Múltipla";"Reta";"Sim";3;0;0;1;1;1;1;3;-23,50182831;-46,56447351;"SPRF-SP";"DEL01-SP";"UOP01-DEL01-SP"
149645;2018-07-29;"domingo";"14:20:00";"SC";101;39,8;"JOINVILLE";"Falta de Atenção à Condução";"Colisão traseira";"Com Vítimas Feridas";"Pleno dia";"Decrescente";"Céu Claro";"Múltipla";"Reta";"Sim";7;0;2;0;4;1;2;6;-26,31859107;-48,87172039;"SPRF-SC";"DEL03-SC";"UOP01-DEL03-SC"
149648;2018-07-29;"domingo";"14:15:00";"SP";116;491,5;"CAJATI";"Falta de Atenção à Condução";"Colisão traseira";"Com Vítimas Feridas";"Pleno dia";"Crescente";"Céu Claro";"Dupla";"Reta";"Sim";3;0;1;0;1;1;1;3;-24,74266098;-48,13144684;"SPRF-SP";"DEL05-SP";"UAP01-DEL05-SP"
149655;2018-07-29;"domingo";"15:00:00";"RN";101;139,3;"ARES";"Avarias e/ou desgaste excessivo no pneu";"Colisão com objeto estático";"Com Vítimas Feridas";"Pleno dia";"Decrescente";"Sol";"Dupla";"Reta";"Não";2;0;2;0;0;0;2;1;-6,19768428;-35,2146759;"SPRF-RN";"DEL01-RN";"UOP01-DEL01-RN"
149658;2018-07-29;"domingo";"15:00:00";"BA";110;323,7;"ALAGOINHAS";"Falta de Atenção à Condução";"Colisão transversal";"Com Vítimas Fatais";"Pleno dia";"Crescente";"Céu Claro";"Simples";"Reta";"Sim";3;1;0;1;1;0;1;2;-12,05514005;-38,35975399;"SPRF-BA";"DEL01-BA";"UOP04-DEL01-BA"
149666;2018-07-29;"domingo";"15:30:00";"ES";262;136,6;"BREJETUBA";"Velocidade Incompatível";"Tombamento";"Com Vítimas Feridas";"Pleno dia";"Decrescente";"Céu Claro";"Simples";"Curva";"Não";2;0;0;1;0;1;1;2;-20,23501949;-41,33981466;"SPRF-ES";"DEL01-ES";"UOP02-DEL01-ES"
149667;2018-07-29;"domingo";"14:03:00";"MS";163;477,4;"CAMPO GRANDE";"Falta de Atenção à Condução";"Colisão traseira";"Com Vítimas Feridas";"Pleno dia";"Crescente";"Céu Claro";"Simples";"Reta";"Sim";7;0;2;0;3;2;2;4;-20,5019183;-54,55717206;"SPRF-MS";"DEL01-MS";"UOP01-DEL01-MS"
149673;2018-07-24;"terça-feira";"07:00:00";"RJ";116;182;"NOVA IGUACU";"Falta de Atenção à Condução";"Colisão lateral";"Com Vítimas Feridas";"Amanhecer";"Decrescente";"Céu Claro";"Dupla";"Reta";"Sim";2;0;1;0;0;1;1;2;-22,73805147;-43,48482281;"SPRF-RJ";"DEL01-RJ";"UOP02-DEL01-RJ"
149683;2018-07-29;"domingo";"16:00:00";"SC";153;87,7;"CONCORDIA";"Pista Escorregadia";"Colisão com objeto estático";"Com Vítimas Feridas";"Anoitecer";"Crescente";"Céu Claro";"Simples";"Curva";"Não";6;0;4;0;1;1;4;3;-27,15667226;-51,91500306;"SPRF-SC";"DEL07-SC";"UOP04-DEL07-SC"
149691;2018-07-29;"domingo";"17:00:00";"MG";40;145,5;"JOAO PINHEIRO";"Desobediência às normas de trânsito pelo condutor";"Colisão frontal";"Com Vítimas Fatais";"Pleno dia";"Decrescente";"Céu Claro";"Simples";"Curva";"Não";4;1;2;0;1;0;2;2;-17,75751494;-46,15905762;"SPRF-MG";"DEL14-MG";"UOP01-DEL14-MG"
149697;2018-07-29;"domingo";"16:50:00";"MA";135;69,8;"SANTA RITA";"Falta de Atenção à Condução";"Colisão lateral";"Sem Vítimas";"Pleno dia";"Decrescente";"Sol";"Dupla";"Reta";"Sim";2;0;0;0;2;0;0;2;-3,132873;-44,324829;"SPRF-MA";"DEL01-MA";"UOP02-DEL01-MA"
149721;2018-07-29;"domingo";"18:35:00";"PR";163;134,5;"CAPITAO LEONIDAS MARQUES";"Falta de Atenção do Pedestre";"Atropelamento de Pedestre";"Com Vítimas Fatais";"Anoitecer";"Crescente";"Céu Claro";"Simples";"Reta";"Não";7;2;0;2;2;1;2;4;-25,475;-53,588;"SPRF-PR";"DEL04-PR";"UOP05-DEL05-PR"
149733;2018-07-29;"domingo";"17:00:00";"MT";364;170,2;"PEDRA PRETA";"Ingestão de Álcool";"Colisão traseira";"Sem Vítimas";"Pleno dia";"Crescente";"Céu Claro";"Simples";"Aclive";"Não";6;0;0;0;5;2;0;4;-16,646536;-54,414459;"SPRF-MT";"DEL02-MT";"UOP01-DEL02-MT"
149779;2018-07-30;"segunda-feira";"02:30:00";"SP";116;168,6;"JACAREI";"Falta de Atenção à Condução";"Colisão traseira";"Com Vítimas Feridas";"Plena Noite";"Crescente";"Céu Claro";"Múltipla";"Aclive";"Sim";3;0;0;1;1;1;1;3;-23,30621895;-46,03832388;"SPRF-SP";"DEL02-SP";"UOP01-DEL02-SP"
149784;2018-07-30;"segunda-feira";"01:50:00";"MG";381;724,9;"CARMO DA CACHOEIRA";"Falta de Atenção à Condução";"Saída de leito carroçável";"Sem Vítimas";"Plena Noite";"Decrescente";"Céu Claro";"Dupla";"Curva;Declive";"Não";1;0;0;0;1;0;0;1;-21,464;-45,2058;"SPRF-MG";"DEL04-MG";"UOP02-DEL04-MG"
149791;2018-07-30;"segunda-feira";"06:45:00";"MG";40;514;"RIBEIRAO DAS NEVES";"Falta de Atenção à Condução";"Colisão traseira";"Com Vítimas Feridas";"Pleno dia";"Crescente";"Céu Claro";"Dupla";"Reta";"Sim";5;0;0;1;3;1;1;4;-19,8128;-44,093;"SPRF-MG";"DEL01-MG";"UOP03-DEL01-MG"
149795;2018-07-30;"segunda-feira";"07:25:00";"MG";459;31;"CALDAS";"Velocidade Incompatível";"Saída de leito carroçável";"Com Vítimas Feridas";"Pleno dia";"Decrescente";"Céu Claro";"Simples";"Curva";"Não";3;0;0;1;0;2;1;3;-21,936178;-46,353471;"SPRF-MG";"DEL09-MG";"UOP01-DEL09-MG"
149798;2018-07-30;"segunda-feira";"07:50:00";"RN";427;48,3;"JARDIM DO SERIDO";"Defeito Mecânico no Veículo";"Capotamento";"Com Vítimas Feridas";"Pleno dia";"Crescente";"Céu Claro";"Simples";"Declive";"Não";1;0;0;1;0;0;1;1;-6,563427;-36,721405;"SPRF-RN";"DEL03-RN";"UOP01-DEL03-RN"
149803;2018-07-30;"segunda-feira";"07:50:00";"RJ";116;247,8;"PIRAI";"Falta de Atenção à Condução";"Saída de leito carroçável";"Com Vítimas Feridas";"Amanhecer";"Decrescente";"Sol";"Dupla";"Curva";"Não";5;0;4;0;1;0;4;2;-22,624538;-43,917652;"SPRF-RJ";"DEL07-RJ";"UOP01-DEL07-RJ"
149814;2018-07-30;"segunda-feira";"06:50:00";"PR";277;574,3;"CASCAVEL";"Falta de Atenção do Pedestre";"Atropelamento de Pedestre";"Com Vítimas Fatais";"Amanhecer";"Crescente";"Céu Claro";"Simples";"Reta";"Não";3;1;0;0;1;2;0;4;-24,99201103;-53,31389093;"SPRF-PR";"DEL04-PR";"UOP01-DEL04-PR"
149815;2018-07-30;"segunda-feira";"07:30:00";"SC";163;87,4;"GUARACIABA";"Condutor Dormindo";"Colisão lateral";"Sem Vítimas";"Pleno dia";"Decrescente";"Céu Claro";"Simples";"Curva;Declive";"Não";4;0;0;0;3;1;0;4;-26,590231;-53,515743;"SPRF-SC";"DEL07-SC";"UOP03-DEL07-SC"
149820;2018-07-30;"segunda-feira";"08:00:00";"CE";20;415,5;"MARACANAU";"Desobediência às normas de trânsito pelo condutor";"Colisão transversal";"Sem Vítimas";"Pleno dia";"Decrescente";"Céu Claro";"Dupla";"Reta";"Sim";2;0;0;0;2;0;0;2;-3,76999;-38,670063;"SPRF-CE";"DEL01-CE";"UOP02-DEL01-CE"
149840;2018-07-30;"segunda-feira";"08:30:00";"PR";163;46,8;"PRANCHITA";"Ultrapassagem Indevida";"Colisão lateral";"Com Vítimas Feridas";"Amanhecer";"Crescente";"Céu Claro";"Simples";"Aclive;Reta";"Não";3;0;0;1;1;1;1;3;-25,97660299;-53,72359514;"SPRF-PR";"DEL02-PR";"UOP02-DEL02-PR"
149843;2018-07-30;"segunda-feira";"10:30:00";"PR";476;138;"CURITIBA";"Velocidade Incompatível";"Colisão traseira";"Sem Vítimas";"Pleno dia";"Crescente";"Céu Claro";"Simples";"Reta";"Sim";2;0;0;0;2;0;0;2;-25,505564;-49,283417;"SPRF-PR";"DEL01-PR";"UOP07-DEL01-PR"
149844;2018-07-30;"segunda-feira";"11:35:00";"SC";101;197,2;"BIGUACU";"Desobediência às normas de trânsito pelo pedestre";"Atropelamento de Pedestre";"Com Vítimas Feridas";"Pleno dia";"Crescente";"Nublado";"Dupla";"Curva";"Sim";2;0;0;1;1;0;1;2;-27,51558888;-48,63923008;"SPRF-SC";"DEL01-SC";"UOP01-DEL01-SC"
149846;2018-07-30;"segunda-feira";"07:15:00";"MG";262;29,9;"REDUTO";"Defeito Mecânico no Veículo";"Danos eventuais";"Sem Vítimas";"Pleno dia";"Crescente";"Nublado";"Simples";"Curva";"Não";2;0;0;0;1;3;0;4;-20,251757;-41,988374;"SPRF-MG";"DEL06-MG";"UOP03-DEL06-MG"
149852;2018-07-30;"segunda-feira";"10:00:00";"MG";116;726,9;"LARANJAL";"Falta de Atenção do Pedestre";"Colisão traseira";"Com Vítimas Fatais";"Pleno dia";"Crescente";"Céu Claro";"Simples";"Reta";"Não";6;1;0;0;2;5;0;7;-21,28199006;-42,4168638;"SPRF-MG";"DEL07-MG";"UOP02-DEL07-MG"
149855;2018-07-30;"segunda-feira";"11:35:00";"SC";282;330,4;"CAMPOS NOVOS";"Desobediência às normas de trânsito pelo pedestre";"Danos eventuais";"Com Vítimas Feridas";"Pleno dia";"Crescente";"Sol";"Simples";"Declive;Em Obras;Reta";"Não";3;0;0;1;1;3;1;5;-27,39394546;-51,14315987;"SPRF-SC";"DEL07-SC";"UOP06-DEL07-SC"
149857;2018-07-30;"segunda-feira";"12:50:00";"ES";101;270,4;"SERRA";"Falta de Atenção à Condução";"Colisão lateral";"Com Vítimas Feridas";"Pleno dia";"Decrescente";"Céu Claro";"Dupla";"Reta";"Sim";3;0;1;0;1;1;1;3;-20,229209;-40,2722183;"SPRF-ES";"DEL02-ES";"UOP01-DEL02-ES"
149863;2018-07-30;"segunda-feira";"05:40:00";"MG";116;188,2;"CARAI";"Ingestão de Álcool";"Colisão traseira";"Com Vítimas Feridas";"Amanhecer";"Decrescente";"Nublado";"Simples";"Aclive";"Não";6;0;0;1;4;1;1;4;-17,14899205;-41,5017128;"SPRF-MG";"DEL11-MG";"UOP01-DEL11-MG"
149868;2018-07-30;"segunda-feira";"13:30:00";"PR";116;27,5;"CAMPINA GRANDE DO SUL";"Falta de Atenção à Condução";"Derramamento de carga";"Sem Vítimas";"Pleno dia";"Decrescente";"Nublado";"Dupla";"Curva";"Não";2;0;0;0;1;1;0;2;-25,108404;-48,795074;"SPRF-PR";"DEL01-PR";"UOP02-DEL01-PR"
149883;2018-07-30;"segunda-feira";"13:45:00";"SP";116;70;"APARECIDA";"Carga excessiva e/ou mal acondicionada";"Derramamento de carga";"Sem Vítimas";"Pleno dia";"Decrescente";"Céu Claro";"Dupla";"Curva";"Sim";1;0;0;0;0;1;0;1;-22,848471;-45,227058;"SPRF-SP";"DEL08-SP";"UOP01-DEL08-SP"
149885;2018-07-30;"segunda-feira";"13:30:00";"MG";262;153;"SAO DOMINGOS DO PRATA";"Velocidade Incompatível";"Incêndio";"Sem Vítimas";"Pleno dia";"Decrescente";"Céu Claro";"Simples";"Reta";"Não";2;0;0;0;2;0;0;1;-19,97562764;-42,80249834;"SPRF-MG";"DEL03-MG";"UOP03-DEL03-MG"
149887;2018-07-30;"segunda-feira";"10:00:00";"SC";158;143;"PALMITOS";"Falta de Atenção à Condução";"Tombamento";"Sem Vítimas";"Pleno dia";"Crescente";"Sol";"Simples";"Curva;Declive";"Não";2;0;0;0;1;1;0;2;-27,118424;-53,21640015;"SPRF-SC";"DEL07-SC";"UOP02-DEL07-SC"
149899;2018-07-30;"segunda-feira";"15:30:00";"PE";232;89;"GRAVATA";"Falta de Atenção à Condução";"Colisão traseira";"Com Vítimas Feridas";"Pleno dia";"Crescente";"Sol";"Dupla";"Reta";"Não";2;0;1;0;1;0;1;2;-8,21631125;-35,64668655;"SPRF-PE";"DEL01-PE";"UOP02-DEL02PE"
149901;2018-07-30;"segunda-feira";"14:40:00";"PI";343;597,4;"FLORIANO";"Falta de Atenção à Condução";"Colisão transversal";"Sem Vítimas";"Pleno dia";"Decrescente";"Céu Claro";"Dupla";"Retorno Regulamentado";"Sim";2;0;0;0;2;0;0;2;-6,812184;-43,056244;"SPRF-PI";"DEL03-PI";"UOP01-DEL03-PI"
149906;2018-07-30;"segunda-feira";"16:55:00";"MG";262;364,5;"JUATUBA";"Velocidade Incompatível";"Tombamento";"Com Vítimas Feridas";"Pleno dia";"Crescente";"Céu Claro";"Dupla";"Curva";"Não";8;0;1;0;6;1;1;3;-19,9735;-44,3155;"SPRF-MG";"DEL01-MG";"UOP03-DEL01-MG"
149907;2018-07-30;"segunda-feira";"15:10:00";"RJ";101;572;"PARATY";"Carga excessiva e/ou mal acondicionada";"Saída de leito carroçável";"Com Vítimas Feridas";"Pleno dia";"Decrescente";"Nublado";"Simples";"Curva";"Não";2;0;1;0;1;0;1;1;-23,1981602;-44,72807765;"SPRF-RJ";"DEL03-RJ";"UOP04-DEL03-RJ"
149910;2018-07-30;"segunda-feira";"17:55:00";"RN";304;40,6;"MOSSORO";"Ingestão de Álcool";"Atropelamento de Pedestre";"Com Vítimas Feridas";"Plena Noite";"Crescente";"Céu Claro";"Dupla";"Reta";"Não";2;0;0;1;0;1;1;2;-5,196199;-37,378502;"SPRF-RN";"DEL04-RN";"UOP01-DEL04-RN"
149912;2018-07-30;"segunda-feira";"17:50:00";"MG";40;588,1;"ITABIRITO";"Velocidade Incompatível";"Colisão frontal";"Com Vítimas Fatais";"Anoitecer";"Crescente";"Céu Claro";"Simples";"Reta";"Sim";7;3;2;0;0;2;2;5;-20,35458558;-43,91041696;"SPRF-MG";"DEL01-MG";"UOP02-DEL01-MG"
149917;2018-07-30;"segunda-feira";"18:00:00";"PE";232;10,9;"JABOATAO DOS GUARARAPES";"Falta de Atenção à Condução";"Colisão traseira";"Com Vítimas Feridas";"Plena Noite";"Crescente";"Chuva";"Dupla";"Viaduto;Reta";"Sim";2;0;1;0;1;0;1;2;-8,07996495;-34,99242604;"SPRF-PE";"DEL01-PE";"UOP01-DEL01-PE"
149920;2018-07-30;"segunda-feira";"17:15:00";"RR";174;505;"BOA VISTA";"Falta de Atenção à Condução";"Colisão traseira";"Sem Vítimas";"Pleno dia";"Crescente";"Nublado";"Dupla";"Reta";"Sim";2;0;0;0;2;0;0;2;2,80305561;-60,69344217;"SPRF-RR";"DEL01-RR";"UOP01-DEL01-RR"
149925;2018-07-30;"segunda-feira";"18:35:00";"RJ";40;85;"PETROPOLIS";"Restrição de Visibilidade";"Tombamento";"Com Vítimas Feridas";"Plena Noite";"Decrescente";"Nevoeiro/Neblina";"Simples";"Curva";"Não";2;0;1;0;1;0;1;2;-22,559;-43,2263;"SPRF-RJ";"DEL06-RJ";"UOP01-DEL06-RJ"
149927;2018-07-30;"segunda-feira";"19:10:00";"RS";468;1,1;"PALMEIRA DAS MISSOES";"Falta de Atenção à Condução";"Colisão lateral";"Com Vítimas Feridas";"Plena Noite";"Crescente";"Céu Claro";"Simples";"Reta";"Não";3;0;0;1;1;2;1;4;-27,87731584;-53,30819339;"SPRF-RS";"DEL08-RS";"UOP01-DEL08-RS"
149928;2018-07-30;"segunda-feira";"19:10:00";"PE";101;52,6;"PAULISTA";"Falta de Atenção à Condução";"Colisão lateral";"Sem Vítimas";"Plena Noite";"Decrescente";"Chuva";"Dupla";"Interseção de Vias;Reta";"Sim";3;0;0;0;3;0;0;3;-7,9286323;-34,89841998;"SPRF-PE";"DEL01-PE";"UOP02-DEL01-PE"
149936;2018-07-30;"segunda-feira";"19:00:00";"CE";116;123,6;"RUSSAS";"Condutor Dormindo";"Tombamento";"Com Vítimas Fatais";"Plena Noite";"Decrescente";"Céu Claro";"Simples";"Reta";"Não";2;1;0;0;0;1;0;2;-4,65650182;-38,15204144;"SPRF-CE";"DEL03-CE";"UOP01-DEL03-CE"
149943;2018-07-30;"segunda-feira";"21:20:00";"PR";277;197,7;"PALMEIRA";"Condutor Dormindo";"Colisão traseira";"Com Vítimas Feridas";"Plena Noite";"Decrescente";"Chuva";"Simples";"Reta;Declive";"Não";3;0;1;0;1;2;1;4;-25,46493561;-50,26330948;"SPRF-PR";"DEL03-PR";"UOP02-DEL08-PR"
149947;2018-07-30;"segunda-feira";"23:00:00";"CE";116;123,8;"RUSSAS";"Condutor Dormindo";"Colisão traseira";"Com Vítimas Fatais";"Plena Noite";"Decrescente";"Céu Claro";"Simples";"Reta";"Não";3;1;0;0;1;1;0;3;-4,65496197;-38,15324306;"SPRF-CE";"DEL03-CE";"UOP01-DEL03-CE"
149951;2018-07-30;"segunda-feira";"23:15:00";"RJ";116;26;"SAPUCAIA";"Defeito Mecânico no Veículo";"Tombamento";"Com Vítimas Feridas";"Plena Noite";"Crescente";"Nublado";"Simples";"Curva";"Não";2;0;1;0;0;2;1;3;-22,046347;-42,784447;"SPRF-RJ";"DEL04-RJ";"UOP01-DEL04-RJ"
149954;2018-07-30;"segunda-feira";"17:35:00";"MT";163;583;"NOVA MUTUM";"Defeito na Via";"Saída de leito carroçável";"Com Vítimas Feridas";"Anoitecer";"Crescente";"Céu Claro";"Simples";"Reta";"Não";2;0;1;0;0;1;1;2;-13,98448779;-56,09978558;"SPRF-MT";"DEL01-MT";"UOP01-DEL01-MT"
149957;2018-07-31;"terça-feira";"00:15:00";"ES";101;229,7;"FUNDAO";"Falta de Atenção à Condução";"Colisão transversal";"Com Vítimas Feridas";"Plena Noite";"Crescente";"Céu Claro";"Simples";"Interseção de Vias";"Sim";3;0;1;0;1;2;1;4;-19,9335368;-40,4049482;"SPRF-ES";"DEL02-ES";"UOP01-DEL02-ES"
149958;2018-07-30;"segunda-feira";"16:55:00";"SC";282;536,3;"CHAPECO";"Falta de Atenção do Pedestre";"Atropelamento de Pedestre";"Com Vítimas Feridas";"Pleno dia";"Crescente";"Céu Claro";"Simples";"Rotatória";"Não";3;0;1;0;1;1;1;3;-27,00055139;-52,65060425;"SPRF-SC";"DEL07-SC";"UOP01-DEL07-SC"
149963;2018-07-31;"terça-feira";"00:25:00";"RS";392;233,2;"CACAPAVA DO SUL";"Mal Súbito";"Colisão frontal";"Com Vítimas Fatais";"Plena Noite";"Crescente";"Céu Claro";"Simples";"Reta";"Não";4;1;1;1;0;3;2;5;-30,643715;-53,302326;"SPRF-RS";"DEL09-RS";"UOP02-DEL09-RS"
149972;2018-07-31;"terça-feira";"04:30:00";"RJ";393;186;"PARAIBA DO SUL";"Carga excessiva e/ou mal acondicionada";"Derramamento de carga";"Sem Vítimas";"Plena Noite";"Crescente";"Nevoeiro/Neblina";"Simples";"Curva";"Sim";4;0;0;0;3;1;0;4;-22,145863;-43,292759;"SPRF-RJ";"DEL05-RJ";"UOP03-DEL05-RJ"