"id";"data_inversa";"dia_semana";"horario";"uf";"br";"km";"municipio";"causa_acidente";"tipo_acidente";"classificacao_acidente";"fase_dia";"sentido_via";"condicao_metereologica";"tipo_pista";"tracado_via";"uso_solo";"pessoas";"mortos";"feridos_leves";"feridos_graves";"ilesos";"ignorados";"feridos";"veiculos";"latitude";"longitude";"regional";"delegacia";"uop"
150561;2018-08-02;"quinta-feira";"20:30:00";"SC";470;139,9;"RIO DO SUL";"Falta de Atenção à Condução";"Colisão lateral";"Com Vítimas Feridas";"Plena Noite";"Decrescente";"Céu Claro";"Simples";"Reta";"Sim";2;0;1;0;1;0;1;2;-27,19252464;-49,62243045;"SPRF-SC";"DEL04-SC";"UOP02-DEL04-SC"
150568;2018-08-02;"quinta-feira";"21:20:00";"RJ";356;109;"CARDOSO MOREIRA";"Velocidade Incompatível";"Tombamento";"Com Vítimas Feridas";"Plena Noite";"Decrescente";"Chuva";"Simples";"Curva";"Não";2;0;1;0;0;1;1;2;-21,531277;-41,537022;"SPRF-RJ";"DEL08-RJ";"UOP03-DEL08-RJ"
150573;2018-08-02;"quinta-feira";"19:00:00";"MA";230;37,4;"BARAO DE GRAJAU";"Defeito na Via";"Tombamento";"Sem Vítimas";"Plena Noite";"Decrescente";"Céu Claro";"Simples";"Reta";"Não";2;0;0;0;1;1;0;2;-6,660435;-43,314903;"SPRF-PI";"DEL03-PI";"UOP01-DEL03-PI"
150575;2018-08-02;"quinta-feira";"22:30:00";"PR";376;168,6;"MARINGA";"Defeito Mecânico no Veículo";"Colisão traseira";"Com Vítimas Feridas";"Plena Noite";"Crescente";"Chuva";"Dupla";"Reta";"Não";4;0;1;1;1;2;2;4;-23,397278;-52,004648;"SPRF-PR";"DEL07-PR";"UOP01-DEL09-PR"
150579;2018-08-02;"quinta-feira";"23:10:00";"GO";60;403,5;"RIO VERDE";"Condutor Dormindo";"Colisão traseira";"Sem Vítimas";"Plena Noite";"Decrescente";"Céu Claro";"Dupla";"Reta";"Não";4;0;0;0;3;3;0;5;-17,814586;-51,0847;"SPRF-GO";"DEL04-GO";"UOP01-DEL04-GO"
150582;2018-08-02;"quinta-feira";"23:25:00";"PR";277;608,6;"SANTA TEREZA DO OESTE";"Velocidade Incompatível";"Colisão traseira";"Com Vítimas Fatais";"Plena Noite";"Crescente";"Nublado";"Simples";"Reta";"Sim";2;1;0;0;0;1;0;2;-25,04690032;-53,61158609;"SPRF-PR";"DEL05-PR";"UOP02-DEL05-PR"
150585;2018-08-02;"quinta-feira";"23:40:00";"SC";470;123;"IBIRAMA";"Desobediência às normas de trânsito pelo condutor";"Colisão frontal";"Com Vítimas Feridas";"Plena Noite";"Crescente";"Garoa/Chuvisco";"Simples";"Declive";"Não";6;0;4;0;1;1;4;3;-27,106783;-49,522049;"SPRF-SC";"DEL04-SC";"UOP02-DEL04-SC"
150594;2018-08-02;"quinta-feira";"17:45:00";"RO";364;165,9;"PIMENTA BUENO";"Velocidade Incompatível";"Tombamento";"Com Vítimas Feridas";"Anoitecer";"Crescente";"Céu Claro";"Simples";"Curva";"Não";5;0;1;0;3;2;1;3;-11,876361;-60,993832;"SPRF-RO";"DEL02-RO";"UOP02-DEL02-RO"
150596;2018-08-03;"sexta-feira";"02:10:00";"MG";40;43,4;"PARACATU";"Ingestão de Álcool";"Colisão traseira";"Sem Vítimas";"Plena Noite";"Decrescente";"Céu Claro";"Dupla";"Aclive";"Sim";3;0;0;0;2;1;0;3;-17,227804;-46,858724;"SPRF-MG";"DEL14-MG";"UOP01-DEL14-MG"
150597;2018-05-10;"quinta-feira";"10:45:00";"RS";116;258;"ESTEIO";"Ultrapassagem Indevida";"Colisão lateral";"Com Vítimas Feridas";"Pleno dia";"Decrescente";"Céu Claro";"Dupla";"Em Obras;Reta";"Sim";2;0;1;0;1;0;1;2;-29,86158;-51,180912;"SPRF-RS";"DEL01-RS";"UOP02-DEL01-RS"
150599;2018-08-03;"sexta-feira";"04:00:00";"RJ";116;265;"BARRA MANSA";"Desobediência às normas de trânsito pelo condutor";"Colisão frontal";"Com Vítimas Feridas";"Plena Noite";"Decrescente";"Nublado";"Dupla";"Reta";"Não";2;0;1;0;1;0;1;2;-22,560883;-44,122238;"SPRF-RJ";"DEL07-RJ";"UOP02-DEL07-RJ"
150601;2018-05-14;"segunda-feira";"08:10:00";"RS";116;257,2;"ESTEIO";"Desobediência às normas de trânsito pelo condutor";"Colisão transversal";"Com Vítimas Feridas";"Pleno dia";"Crescente";"Céu Claro";"Simples";"Reta";"Sim";2;0;1;0;1;0;1;2;-29,852671;-51,179691;"SPRF-RS";"DEL01-RS";"UOP02-DEL01-RS"
150602;2018-08-03;"sexta-feira";"03:20:00";"RJ";101;245;"SILVA JARDIM";"Condutor Dormindo";"Colisão traseira";"Com Vítimas Feridas";"Plena Noite";"Crescente";"Céu Claro";"Dupla";"Reta";"Não";3;0;0;2;1;0;2;3;-22,64538305;-42,48207092;"SPRF-RJ";"DEL02-RJ";"UOP03-DEL02-RJ"
150603;2018-08-03;"sexta-feira";"05:00:00";"SC";101;148;"ITAPEMA";"Defeito Mecânico no Veículo";"Colisão com objeto estático";"Com Vítimas Feridas";"Plena Noite";"Decrescente";"Garoa/Chuvisco";"Dupla";"Reta";"Sim";2;0;0;2;0;0;2;1;-27,109;-48,6126;"SPRF-SC";"DEL04-SC";"UOP03-DEL04-SC"
150609;2018-08-03;"sexta-feira";"05:20:00";"PR";116;75;"QUATRO BARRAS";"Velocidade Incompatível";"Colisão traseira";"Com Vítimas Fatais";"Amanhecer";"Crescente";"Nublado";"Dupla";"Reta";"Sim";4;1;1;0;1;1;1;4;-25,40315503;-49,05919038;"SPRF-PR";"DEL01-PR";"UOP01-DEL01-PR"
150611;2018-08-03;"sexta-feira";"05:30:00";"PE";408;64;"CARPINA";"Carga excessiva e/ou mal acondicionada";"Tombamento";"Com Vítimas Feridas";"Pleno dia";"Decrescente";"Sol";"Dupla";"Reta";"Sim";1;0;1;0;0;0;1;1;-7,84734391;-35,23850262;"SPRF-PE";"DEL01-PE";"UOP01-DEL01-PE"
150612;2018-08-03;"sexta-feira";"06:50:00";"PE";232;11,1;"JABOATAO DOS GUARARAPES";"Ingestão de Álcool";"Colisão traseira";"Com Vítimas Feridas";"Pleno dia";"Crescente";"Garoa/Chuvisco";"Dupla";"Interseção de Vias";"Sim";2;0;1;0;1;0;1;2;-8,081954;-34,995449;"SPRF-PE";"DEL01-PE";"UOP01-DEL01-PE"
150617;2018-08-03;"sexta-feira";"07:00:00";"MG";381;500;"BETIM";"Falta de Atenção à Condução";"Colisão traseira";"Com Vítimas Feridas";"Pleno dia";"Decrescente";"Sol";"Dupla";"Reta";"Não";3;0;2;0;1;0;2;2;-20,002554;-44,21196;"SPRF-MG";"DEL01-MG";"UOP03-DEL01-MG"
150622;2018-08-03;"sexta-feira";"06:45:00";"PR";153;468,5;"PORTO VITORIA";"Pista Escorregadia";"Saída de leito carroçável";"Sem Vítimas";"Amanhecer";"Crescente";"Chuva";"Simples";"Declive";"Não";3;0;0;0;3;0;0;1;-26,28479624;-51,19560242;"SPRF-PR";"DEL02-PR";"UOP03-DEL02-PR"
150628;2018-08-03;"sexta-feira";"05:00:00";"SC";101;330,4;"TUBARAO";"Condutor Dormindo";"Saída de leito carroçável";"Com Vítimas Fatais";"Plena Noite";"Crescente";"Céu Claro";"Dupla";"Curva";"Não";1;1;0;0;0;0;0;1;-28,4561;-48,9819;"SPRF-SC";"DEL02-SC";"UOP01-DEL02-SC"
150631;2018-08-03;"sexta-feira";"08:00:00";"SC";101;39,6;"JOINVILLE";"Velocidade Incompatível";"Engavetamento";"Com Vítimas Feridas";"Pleno dia";"Crescente";"Chuva";"Dupla";"Reta";"Sim";7;0;3;0;3;1;3;6;-26,3096;-48,878;"SPRF-SC";"DEL03-SC";"UOP01-DEL03-SC"
150633;2018-08-03;"sexta-feira";"07:45:00";"MG";50;15,2;"ARAGUARI";"Condutor Dormindo";"Saída de leito carroçável";"Com Vítimas Feridas";"Pleno dia";"Decrescente";"Sol";"Dupla";"Reta";"Não";2;0;1;0;0;1;1;2;-18,55090495;-48,0524826;"SPRF-MG";"DEL15-MG";"UOP02-DEL15-MG"
150635;2018-08-03;"sexta-feira";"08:20:00";"AL";101;114,4;"PILAR";"Velocidade Incompatível";"Tombamento";"Com Vítimas Feridas";"Pleno dia";"Crescente";"Céu Claro";"Simples";"Declive;Curva";"Não";1;0;1;0;0;0;1;1;-9,628554;-36,030724;"SPRF-AL";"DEL02-AL";"UOP01-DEL02-AL"
150637;2018-08-03;"sexta-feira";"08:40:00";"PR";373;183,6;"PONTA GROSSA";"Velocidade Incompatível";"Tombamento";"Com Vítimas Feridas";"Pleno dia";"Crescente";"Nublado";"Simples";"Rotatória";"Sim";3;0;1;0;1;1;1;2;-25,03949352;-50,28063118;"SPRF-PR";"DEL03-PR";"UOP01-DEL03-PR"
150638;2018-08-03;"sexta-feira";"04:40:00";"MG";116;813,5;"ALEM PARAIBA";"Velocidade Incompatível";"Saída de leito carroçável";"Com Vítimas Feridas";"Plena Noite";"Crescente";"Chuva";"Simples";"Curva";"Não";1;0;1;0;0;0;1;1;-21,85121;-42,663428;"SPRF-MG";"DEL07-MG";"UOP01-DEL07-MG"
150645;2018-08-03;"sexta-feira";"07:35:00";"CE";116;17,3;"EUSEBIO";"Falta de Atenção à Condução";"Colisão traseira";"Sem Vítimas";"Pleno dia";"Decrescente";"Sol";"Dupla";"Reta";"Sim";5;0;0;0;5;0;0;5;-3,90118414;-38,50404382;"SPRF-CE";"DEL01-CE";"UOP02-DEL01-CE"
150648;2018-08-03;"sexta-feira";"09:30:00";"RS";290;126,4;"ELDORADO DO SUL";"Ultrapassagem Indevida";"Colisão frontal";"Com Vítimas Feridas";"Pleno dia";"Crescente";"Sol";"Simples";"Reta";"Não";5;0;0;1;1;3;1;4;-30,055727;-51,46933;"SPRF-RS";"DEL02-RS";"UOP01-DEL02-RS"
150649;2018-08-03;"sexta-feira";"09:40:00";"SC";101;36;"JOINVILLE";"Não guardar distância de segurança";"Colisão traseira";"Com Vítimas Feridas";"Pleno dia";"Crescente";"Chuva";"Dupla";"Reta";"Sim";2;0;1;0;1;0;1;2;-26,2845;-48,8882;"SPRF-SC";"DEL03-SC";"UOP01-DEL03-SC"
150652;2018-08-03;"sexta-feira";"09:30:00";"RS";116;256,3;"ESTEIO";"Falta de Atenção do Pedestre";"Atropelamento de Pedestre";"Com Vítimas Feridas";"Pleno dia";"Decrescente";"Sol";"Dupla";"Reta";"Sim";2;0;1;0;1;0;1;2;-29,84663234;-51,17795616;"SPRF-RS";"DEL01-RS";"UOP02-DEL01-RS"
150653;2018-07-06;"sexta-feira";"20:06:00";"SC";116;237,8;"CORREIA PINTO";"Ultrapassagem Indevida";"Colisão lateral";"Com Vítimas Fatais";"Plena Noite";"Decrescente";"Nublado";"Simples";"Reta";"Não";3;1;0;0;1;1;0;3;-27,74013743;-50,33506393;"SPRF-SC";"DEL05-SC";"UOP01-DEL05-SC"
150654;2018-08-03;"sexta-feira";"09:10:00";"PR";376;619,6;"SAO JOSE DOS PINHAIS";"Falta de Atenção à Condução";"Colisão lateral";"Sem Vítimas";"Pleno dia";"Crescente";"Nublado";"Múltipla";"Reta";"Não";2;0;0;0;2;0;0;2;-25,60845237;-49,171983;"SPRF-PR";"DEL01-PR";"DEL7/1-UOP08/PR"
150670;2018-08-03;"sexta-feira";"11:00:00";"MG";40;508;"RIBEIRAO DAS NEVES";"Desobediência às normas de trânsito pelo condutor";"Colisão traseira";"Com Vítimas Feridas";"Pleno dia";"Crescente";"Céu Claro";"Dupla";"Reta";"Sim";2;0;1;0;1;0;1;2;-19,7699;-44,1272;"SPRF-MG";"DEL02-MG";"UOP01-DEL02-MG"
150676;2018-08-03;"sexta-feira";"10:50:00";"PR";153;492;"GENERAL CARNEIRO";"Velocidade Incompatível";"Colisão lateral";"Com Vítimas Feridas";"Pleno dia";"Crescente";"Chuva";"Simples";"Curva";"Não";3;0;1;0;1;2;1;4;-26,424635;-51,307339;"SPRF-PR";"DEL02-PR";"UOP03-DEL02-PR"
150677;2018-02-10;"sábado";"15:00:00";"MT";364;255,1;"JUSCIMEIRA";"Ultrapassagem Indevida";"Colisão com objeto em movimento";"Sem Vítimas";"Pleno dia";"Decrescente";"Chuva";"Simples";"Aclive";"Não";4;0;0;0;2;3;0;5;-16,08014136;-54,87314683;"SPRF-MT";"DEL02-MT";"UOP01-DEL02-MT"
150678;2018-08-03;"sexta-feira";"11:55:00";"PR";369;89,7;"CORNELIO PROCOPIO";"Avarias e/ou desgaste excessivo no pneu";"Saída de leito carroçável";"Com Vítimas Feridas";"Pleno dia";"Crescente";"Chuva";"Dupla";"Reta";"Sim";2;0;1;0;1;0;1;2;-23,191635;-50,648376;"SPRF-PR";"DEL07-PR";"UOP05-DEL07-PR"
150680;2018-08-03;"sexta-feira";"11:40:00";"PA";316;9;"MARITUBA";"Desobediência às normas de trânsito pelo condutor";"Colisão lateral";"Sem Vítimas";"Pleno dia";"Crescente";"Nublado";"Múltipla";"Reta";"Sim";3;0;0;0;3;0;0;3;-1,36587526;-48,36159915;"SPRF-PA";"DEL01-PA";"DEL19/1-UOP05/PA"
150683;2018-08-03;"sexta-feira";"12:00:00";"MA";10;256;"IMPERATRIZ";"Desobediência às normas de trânsito pelo condutor";"Colisão transversal";"Com Vítimas Feridas";"Pleno dia";"Crescente";"Céu Claro";"Simples";"Reta";"Sim";2;0;1;0;1;0;1;2;-5,50040996;-47,47186951;"SPRF-MA";"DEL04-MA";"UOP01-DEL04-MA"
150686;2018-08-03;"sexta-feira";"07:20:00";"PR";153;505;"GENERAL CARNEIRO";"Velocidade Incompatível";"Colisão frontal";"Com Vítimas Feridas";"Amanhecer";"Decrescente";"Chuva";"Simples";"Declive";"Não";3;0;1;0;1;1;1;3;-26,429985;-51,315231;"SPRF-PR";"DEL02-PR";"UOP03-DEL02-PR"
150688;2018-08-02;"quinta-feira";"22:30:00";"RO";0;0;"ITAPUA DO OESTE";"Falta de Atenção à Condução";"Colisão com objeto estático";"Sem Vítimas";"Plena Noite";"Não Informado";"Céu Claro";"Simples";"Reta";"Não";3;0;0;0;1;2;0;3;-9,1885313;-63,1947619;"SPRF-RO";"DEL03-RO";"UOP04-DEL01-RO"
150700;2018-07-02;"segunda-feira";"10:15:00";"PB";101;88;"JOAO PESSOA";"Desobediência às normas de trânsito pelo condutor";"Colisão lateral";"Sem Vítimas";"Pleno dia";"Crescente";"Chuva";"Dupla";"Interseção de Vias";"Sim";3;0;0;0;3;0;0;2;-7,1675424;-34,8965713;"SPRF-PB";"DEL01-PB";"UOP01-DEL01-PB"
150707;2018-08-03;"sexta-feira";"14:00:00";"RJ";116;239;"PIRAI";"Falta de Atenção à Condução";"Colisão traseira";"Sem Vítimas";"Pleno dia";"Decrescente";"Chuva";"Dupla";"Reta";"Não";3;0;0;0;2;1;0;3;-22,658323;-43,889694;"SPRF-RJ";"DEL07-RJ";"UOP01-DEL07-RJ"
150708;2018-08-03;"sexta-feira";"12:00:00";"SP";116;516;"CAJATI";"Falta de Atenção à Condução";"Derramamento de carga";"Sem Vítimas";"Pleno dia";"Crescente";"Nublado";"Dupla";"Curva;Aclive";"Não";2;0;0;0;1;1;0;2;-24,85043102;-48,21965217;"SPRF-SP";"DEL05-SP";"UAP01-DEL05-SP"
150712;2018-08-03;"sexta-feira";"14:10:00";"GO";452;61,1;"MAURILANDIA";"Falta de Atenção à Condução";"Saída de leito carroçável";"Com Vítimas Fatais";"Pleno dia";"Crescente";"Céu Claro";"Simples";"Reta";"Não";1;1;0;0;0;0;0;1;-18,0012;-50,37957;"SPRF-GO";"DEL04-GO";"UOP01-DEL04-GO"
150714;2018-08-03;"sexta-feira";"14:45:00";"SC";101;196,7;"BIGUACU";"Falta de Atenção à Condução";"Colisão traseira";"Com Vítimas Feridas";"Pleno dia";"Decrescente";"Nublado";"Dupla";"Reta";"Sim";2;0;1;0;1;0;1;2;-27,5185;-48,6383;"SPRF-SC";"DEL01-SC";"UOP01-DEL01-SC"
150717;2018-08-03;"sexta-feira";"13:20:00";"SC";153;109,4;"CONCORDIA";"Falta de Atenção à Condução";"Colisão frontal";"Com Vítimas Feridas";"Pleno dia";"Decrescente";"Nublado";"Simples";"Interseção de Vias";"Não";4;0;2;0;2;0;2;3;-27,31107855;-51,98558807;"SPRF-SC";"DEL07-SC";"UOP04-DEL07-SC"
150719;2018-08-03;"sexta-feira";"12:00:00";"MT";70;381;"CAMPO VERDE";"Falta de Atenção à Condução";"Colisão transversal";"Com Vítimas Feridas";"Pleno dia";"Crescente";"Céu Claro";"Dupla";"Interseção de Vias";"Sim";5;0;1;0;1;4;1;5;-15,514489;-55,118214;"SPRF-MT";"DEL05-MT";"UOP01-DEL05-MT"
150722;2018-08-03;"sexta-feira";"15:15:00";"PR";277;34,1;"MORRETES";"Defeito Mecânico no Veículo";"Tombamento";"Com Vítimas Feridas";"Pleno dia";"Decrescente";"Sol";"Dupla";"Declive;Curva";"Não";2;0;1;0;0;1;1;2;-25,57120777;-48,81697923;"SPRF-PR";"DEL01-PR";"UOP05-DEL01-PR"
150723;2018-07-02;"segunda-feira";"23:50:00";"GO";452;94,1;"GOIATUBA";"Falta de Atenção à Condução";"Colisão traseira";"Com Vítimas Feridas";"Plena Noite";"Decrescente";"Céu Claro";"Simples";"Reta";"Não";3;0;1;0;1;4;1;6;-18,051043;-50,184875;"SPRF-GO";"DEL03-GO";"UOP02-DEL03-GO"
150724;2018-08-03;"sexta-feira";"15:30:00";"PR";369;156;"LONDRINA";"Defeito Mecânico no Veículo";"Colisão traseira";"Com Vítimas Feridas";"Pleno dia";"Crescente";"Chuva";"Múltipla";"Declive";"Sim";2;0;1;0;1;0;1;2;-23,29250034;-51,21481944;"SPRF-PR";"DEL07-PR";"UOP01-DEL07-PR"
150726;2018-08-03;"sexta-feira";"15:45:00";"PR";277;325,1;"GUARAPUAVA";"Velocidade Incompatível";"Colisão lateral";"Com Vítimas Feridas";"Pleno dia";"Decrescente";"Garoa/Chuvisco";"Simples";"Curva";"Não";7;0;3;0;3;1;3;3;-25,37330509;-51,31950974;"SPRF-PR";"DEL03-PR";"UOP01-DEL08-PR"
150728;2018-07-09;"segunda-feira";"08:20:00";"PB";101;118,9;"CAAPORA";"Não guardar distância de segurança";"Colisão traseira";"Com Vítimas Feridas";"Pleno dia";"Decrescente";"Céu Claro";"Dupla";"Reta";"Não";2;0;0;1;1;0;1;2;-7,4284;-34,9661;"SPRF-PB";"DEL01-PB";"UOP01-DEL01-PB"
150734;2018-08-01;"quarta-feira";"03:15:00";"MG";381;708,3;"NEPOMUCENO";"Condutor Dormindo";"Colisão traseira";"Com Vítimas Feridas";"Plena Noite";"Crescente";"Céu Claro";"Dupla";"Reta";"Não";19;0;15;2;1;2;17;4;-21,3466;-45,1768;"SPRF-MG";"DEL04-MG";"UOP02-DEL04-MG"
150740;2018-08-03;"sexta-feira";"12:30:00";"RO";364;163,7;"PIMENTA BUENO";"Defeito na Via";"Tombamento";"Sem Vítimas";"Pleno dia";"Crescente";"Sol";"Simples";"Em Obras;Reta;Declive";"Não";3;0;0;0;2;5;0;7;-11,898021;-60,978813;"SPRF-RO";"DEL02-RO";"UOP02-DEL02-RO"
150754;2018-08-03;"sexta-feira";"18:00:00";"PR";376;102,7;"PARANAVAI";"Desobediência às normas de trânsito pelo condutor";"Colisão transversal";"Com Vítimas Feridas";"Anoitecer";"Crescente";"Chuva";"Dupla";"Reta;Retorno Regulamentado";"Não";2;0;1;0;1;0;1;2;-23,042456;-52,472294;"SPRF-PR";"DEL07-PR";"UOP02-DEL09-PR"
150764;2018-08-03;"sexta-feira";"18:35:00";"PE";424;88,2;"GARANHUNS";"Falta de Atenção à Condução";"Colisão com objeto em movimento";"Com Vítimas Feridas";"Plena Noite";"Crescente";"Céu Claro";"Simples";"Declive";"Sim";5;0;1;1;1;3;2;6;-8,88499183;-36,50808791;"SPRF-PE";"DEL03-PE";"UOP01-DEL03-PE"
150771;2018-08-03;"sexta-feira";"17:30:00";"PR";277;3;"PARANAGUA";"Falta de Atenção à Condução";"Colisão transversal";"Com Vítimas Feridas";"Anoitecer";"Decrescente";"Nublado";"Simples";"Interseção de Vias;Reta";"Sim";6;0;2;0;3;2;2;5;-25,54465823;-48,55972588;"SPRF-PR";"DEL01-PR";"UOP05-DEL01-PR"
150785;2018-08-03;"sexta-feira";"20:00:00";"PE";101;31;"IGARASSU";"Não guardar distância de segurança";"Colisão traseira";"Com Vítimas Feridas";"Plena Noite";"Crescente";"Nublado";"Dupla";"Reta;Declive";"Sim";3;0;1;0;1;1;1;3;-7,7547;-34,9361;"SPRF-PE";"DEL01-PE";"UOP02-DEL01-PE"
150787;2018-08-03;"sexta-feira";"19:30:00";"SC";101;324;"PESCARIA BRAVA";"Falta de Atenção à Condução";"Colisão traseira";"Com Vítimas Feridas";"Plena Noite";"Decrescente";"Nublado";"Múltipla";"Reta;Aclive";"Sim";7;0;0;1;4;3;1;7;-28,4269;-48,9284;"SPRF-SC";"DEL02-SC";"UOP01-DEL02-SC"
150795;2018-08-03;"sexta-feira";"20:35:00";"PR";376;66,2;"GUAIRACA";"Falta de Atenção à Condução";"Colisão transversal";"Com Vítimas Feridas";"Plena Noite";"Decrescente";"Chuva";"Simples";"Reta";"Não";3;0;0;1;1;2;1;4;-22,929565;-52,787997;"SPRF-PR";"DEL07-PR";"UOP02-DEL09-PR"
150798;2018-08-03;"sexta-feira";"19:30:00";"RJ";393;185,3;"PARAIBA DO SUL";"Falta de Atenção à Condução";"Colisão frontal";"Com Vítimas Feridas";"Plena Noite";"Crescente";"Chuva";"Simples";"Reta";"Sim";3;0;0;1;1;1;1;3;-22,142746;-43,284008;"SPRF-RJ";"DEL05-RJ";"UOP03-DEL05-RJ"
150807;2018-08-03;"sexta-feira";"21:00:00";"GO";452;185;"PORTEIRAO";"Falta de Atenção à Condução";"Saída de leito carroçável";"Com Vítimas Feridas";"Plena Noite";"Crescente";"Chuva";"Simples";"Curva";"Não";4;0;1;0;2;1;1;2;-18,051043;-50,184875;"SPRF-GO";"DEL03-GO";"UOP02-DEL03-GO"
150810;2018-08-03;"sexta-feira";"21:45:00";"GO";50;96,6;"CRISTALINA";"Defeito Mecânico no Veículo";"Incêndio";"Sem Vítimas";"Plena Noite";"Crescente";"Céu Claro";"Simples";"Reta";"Sim";2;0;0;0;1;1;0;2;-16,76444011;-47,61474609;"SPRF-DF";"DEL01-DF";"UOP02-DEL01-DF"
150811;2018-08-03;"sexta-feira";"16:00:00";"RO";364;451;"JARU";"Falta de Atenção à Condução";"Saída de leito carroçável";"Com Vítimas Feridas";"Pleno dia";"Decrescente";"Céu Claro";"Simples";"Reta";"Sim";6;0;3;0;2;1;3;3;-10,294221;-62,661133;"SPRF-RO";"DEL03-RO";"UOP02-DEL03-RO"
150814;2018-08-03;"sexta-feira";"20:30:00";"MT";163;541;"DIAMANTINO";"Ingestão de Álcool";"Saída de leito carroçável";"Sem Vítimas";"Anoitecer";"Decrescente";"Céu Claro";"Simples";"Reta";"Não";2;0;0;0;1;2;0;3;-14,36019116;-56,42578125;"SPRF-MT";"DEL01-MT";"UOP01-DEL01-MT"
150819;2018-08-04;"sábado";"00:15:00";"RS";290;413,7;"SAO GABRIEL";"Condutor Dormindo";"Colisão frontal";"Com Vítimas Fatais";"Plena Noite";"Crescente";"Céu Claro";"Simples";"Reta";"Não";2;1;1;0;0;0;1;2;-30,36102636;-54,28001404;"SPRF-RS";"DEL09-RS";"UOP02-DEL09-RS"
150821;2018-08-03;"sexta-feira";"17:00:00";"ES";262;155;"IBATIBA";"Ingestão de Álcool";"Colisão frontal";"Com Vítimas Fatais";"Anoitecer";"Decrescente";"Nublado";"Simples";"Curva";"Não";7;1;3;1;1;1;4;3;-20,22575787;-41,46587849;"SPRF-ES";"DEL01-ES";"UOP02-DEL01-ES"
150823;2018-08-04;"sábado";"00:00:00";"PR";163;149,8;"SANTA LUCIA";"Velocidade Incompatível";"Colisão lateral";"Sem Vítimas";"Plena Noite";"Decrescente";"Chuva";"Simples";"Curva";"Não";3;0;0;0;2;3;0;5;-25,4163927;-53,5738792;"SPRF-PR";"DEL04-PR";"UOP05-DEL05-PR"
150826;2018-08-04;"sábado";"01:05:00";"MG";459;57;"IPUIUNA";"Ingestão de Álcool";"Colisão lateral";"Sem Vítimas";"Plena Noite";"Crescente";"Chuva";"Simples";"Reta";"Não";3;0;0;0;2;1;0;3;-22,09218628;-46,21334016;"SPRF-MG";"N/A";"N/A"
150838;2018-08-04;"sábado";"02:00:00";"CE";116;151;"RUSSAS";"Falta de Atenção à Condução";"Saída de leito carroçável";"Com Vítimas Feridas";"Plena Noite";"Crescente";"Céu Claro";"Simples";"Interseção de Vias";"Não";1;0;1;0;0;0;1;1;-4,845421;-38,041958;"SPRF-CE";"DEL03-CE";"UOP01-DEL03-CE"
150840;2018-08-04;"sábado";"03:25:00";"GO";153;636,6;"MORRINHOS";"Falta de Atenção à Condução";"Colisão traseira";"Com Vítimas Feridas";"Plena Noite";"Decrescente";"Céu Claro";"Dupla";"Reta";"Não";3;0;0;1;1;2;1;4;-17,8401874;-49,21740353;"SPRF-GO";"DEL03-GO";"UOP01-DEL03-GO"
150843;2018-08-04;"sábado";"04:16:00";"SC";101;42,3;"JOINVILLE";"Sinalização da via insuficiente ou inadequada";"Colisão traseira";"Com Vítimas Fatais";"Plena Noite";"Crescente";"Nevoeiro/Neblina";"Dupla";"Reta;Viaduto";"Sim";3;1;0;0;1;1;0;3;-26,3270652;-48,8637966;"SPRF-SC";"DEL03-SC";"UOP01-DEL03-SC"
150847;2018-08-04;"sábado";"04:40:00";"PR";116;38,7;"CAMPINA GRANDE DO SUL";"Ingestão de Álcool";"Tombamento";"Sem Vítimas";"Plena Noite";"Crescente";"Céu Claro";"Dupla";"Curva";"Não";2;0;0;0;1;1;0;2;-25,148083;-48,859238;"SPRF-PR";"DEL01-PR";"UOP02-DEL01-PR"
150848;2018-08-04;"sábado";"04:15:00";"GO";452;5,4;"RIO VERDE";"Restrição de Visibilidade";"Colisão lateral";"Com Vítimas Feridas";"Plena Noite";"Decrescente";"Céu Claro";"Simples";"Reta";"Não";3;0;1;0;1;3;1;5;-17,810081;-50,861179;"SPRF-GO";"DEL04-GO";"UOP01-DEL04-GO"
150851;2018-08-04;"sábado";"05:50:00";"MG";381;453;"SANTA LUZIA";"Falta de Atenção à Condução";"Colisão frontal";"Com Vítimas Feridas";"Amanhecer";"Crescente";"Chuva";"Simples";"Reta";"Sim";3;0;2;0;1;0;2;2;-19,82958327;-43,84263125;"SPRF-MG";"DEL01-MG";"UOP01-DEL01-MG"
150852;2018-08-04;"sábado";"04:50:00";"MG";381;349;"JOAO MONLEVADE";"Velocidade Incompatível";"Colisão frontal";"Sem Vítimas";"Plena Noite";"Crescente";"Chuva";"Simples";"Curva";"Não";3;0;0;0;3;0;0;3;-19,85888844;-43,1072554;"SPRF-MG";"DEL03-MG";"UOP01-DEL03-MG"
150854;2018-08-04;"sábado";"05:30:00";"MG";381;674,7;"POUSO ALEGRE";"Velocidade Incompatível";"Saída de leito carroçável";"Sem Vítimas";"Amanhecer";"Decrescente";"Chuva";"Dupla";"Curva";"Não";1;0;0;0;1;0;0;1;-22,241041;-45,881889;"SPRF-MG";"DEL04-MG";"UOP02-DEL04-MG"
150864;2018-08-04;"sábado";"07:10:00";"PR";373;174,3;"PONTA GROSSA";"Condutor Dormindo";"Colisão traseira";"Com Vítimas Feridas";"Pleno dia";"Decrescente";"Nevoeiro/Neblina";"Dupla";"Curva";"Sim";2;0;1;0;1;0;1;2;-25,07294691;-50,21138526;"SPRF-PR";"DEL03-PR";"UOP01-DEL03-PR"