"id";"data_inversa";"dia_semana";"horario";"uf";"br";"km";"municipio";"causa_acidente";"tipo_acidente";"classificacao_acidente";"fase_dia";"sentido_via";"condicao_metereologica";"tipo_pista";"tracado_via";"uso_solo";"pessoas";"mortos";"feridos_leves";"feridos_graves";"ilesos";"ignorados";"feridos";"veiculos";"latitude";"longitude";"regional";"delegacia";"uop"
150869;2018-08-04;"sábado";"06:00:00";"MG";365;402;"PATOS DE MINAS";"Pista Escorregadia";"Colisão lateral";"Com Vítimas Feridas";"Amanhecer";"Decrescente";"Chuva";"Simples";"Curva";"Não";3;0;1;0;1;3;1;5;-18,631;-46,436;"SPRF-MG";"DEL10-MG";"UOP01-DEL10-MG"
150870;2018-08-03;"sexta-feira";"20:10:00";"MG";365;406;"PATOS DE MINAS";"Falta de Atenção à Condução";"Colisão transversal";"Com Vítimas Feridas";"Plena Noite";"Crescente";"Céu Claro";"Simples";"Reta";"Não";2;0;1;0;1;0;1;2;-18,63667;-46,48537;"SPRF-MG";"DEL10-MG";"UOP01-DEL10-MG"
150877;2018-08-04;"sábado";"08:00:00";"PR";376;474,7;"PONTA GROSSA";"Falta de Atenção à Condução";"Colisão traseira";"Com Vítimas Fatais";"Pleno dia";"Crescente";"Nevoeiro/Neblina";"Dupla";"Curva";"Não";6;1;3;0;1;3;3;5;-25,03801599;-50,29506683;"SPRF-PR";"DEL03-PR";"UOP01-DEL03-PR"
150882;2018-08-04;"sábado";"01:40:00";"BA";20;41,9;"CORRENTINA";"Defeito Mecânico no Veículo";"Incêndio";"Sem Vítimas";"Plena Noite";"Decrescente";"Céu Claro";"Simples";"Reta";"Não";2;0;0;0;1;1;0;2;-13,587615;-46,117381;"SPRF-BA";"DEL10-BA";"UOP01-DEL10-BA"
150894;2018-08-04;"sábado";"09:40:00";"PA";316;3;"ANANINDEUA";"Não guardar distância de segurança";"Colisão traseira";"Com Vítimas Feridas";"Pleno dia";"Crescente";"Céu Claro";"Dupla";"Reta";"Sim";2;0;1;0;1;0;1;2;-1,39017375;-48,41406405;"SPRF-PA";"DEL01-PA";"DEL19/1-UOP05/PA"
150898;2018-08-04;"sábado";"09:05:00";"MS";163;549,1;"BANDEIRANTES";"Não guardar distância de segurança";"Colisão transversal";"Com Vítimas Feridas";"Pleno dia";"Crescente";"Chuva";"Simples";"Interseção de Vias";"Sim";3;0;1;0;1;2;1;4;-19,91907239;-54,36834515;"SPRF-MS";"DEL01-MS";"UOP02-DEL01-MS"
150903;2018-08-04;"sábado";"07:30:00";"MG";116;554,3;"SANTA BARBARA DO LESTE";"Falta de Atenção à Condução";"Colisão lateral";"Com Vítimas Feridas";"Pleno dia";"Crescente";"Chuva";"Simples";"Curva";"Não";3;0;1;0;1;2;1;4;-19,995438;-42,144013;"SPRF-MG";"DEL06-MG";"UOP02-DEL06-MG"
150905;2018-08-04;"sábado";"06:45:00";"MG";381;307;"ANTONIO DIAS";"Pista Escorregadia";"Colisão frontal";"Com Vítimas Feridas";"Pleno dia";"Crescente";"Chuva";"Simples";"Curva";"Não";3;0;0;2;1;0;2;2;-19,62318572;-42,85732269;"SPRF-MG";"DEL03-MG";"UOP02-DEL03-MG"
150909;2018-08-04;"sábado";"10:15:00";"MG";50;70;"UBERLANDIA";"Falta de Atenção à Condução";"Colisão lateral";"Com Vítimas Feridas";"Pleno dia";"Decrescente";"Céu Claro";"Dupla";"Reta";"Sim";3;0;2;0;1;0;2;2;-18,8887362;-48,2592997;"SPRF-MG";"DEL15-MG";"UOP01-DEL15-MG"
150918;2018-08-04;"sábado";"11:30:00";"BA";324;480;"TANQUINHO";"Condutor Dormindo";"Capotamento";"Com Vítimas Feridas";"Pleno dia";"Crescente";"Céu Claro";"Simples";"Reta";"Não";1;0;1;0;0;0;1;1;-11,998;-39,072;"SPRF-BA";"DEL02-BA";"UOP01-DEL02-BA"
150923;2018-08-04;"sábado";"06:20:00";"MG";262;27,7;"REDUTO";"Condutor Dormindo";"Colisão lateral";"Com Vítimas Feridas";"Pleno dia";"Decrescente";"Chuva";"Simples";"Reta";"Não";2;0;0;1;1;0;1;2;-20,240895;-41,970514;"SPRF-MG";"DEL06-MG";"UOP03-DEL06-MG"
150926;2018-08-04;"sábado";"11:50:00";"RJ";356;64,5;"ITAPERUNA";"Defeito Mecânico no Veículo";"Tombamento";"Sem Vítimas";"Pleno dia";"Decrescente";"Céu Claro";"Simples";"Reta";"Não";2;0;0;0;1;1;0;2;-21,34462;-41,715061;"SPRF-RJ";"DEL08-RJ";"UOP03-DEL08-RJ"
150929;2018-08-04;"sábado";"09:00:00";"MA";316;191;"ZE DOCA";"Falta de Atenção à Condução";"Colisão transversal";"Com Vítimas Feridas";"Pleno dia";"Decrescente";"Sol";"Simples";"Reta";"Sim";7;0;3;1;2;1;4;2;-3,214699;-45,65094;"SPRF-MA";"DEL02-MA";"UOP02-DEL02-MA"
150940;2018-08-04;"sábado";"13:30:00";"MT";163;697,2;"SORRISO";"Falta de Atenção à Condução";"Colisão traseira";"Com Vítimas Feridas";"Pleno dia";"Decrescente";"Céu Claro";"Simples";"Reta";"Não";3;0;1;0;1;2;1;4;-12,90685952;-55,85105896;"SPRF-MT";"DEL06-MT";"UOP01-DEL06-MT"
150942;2018-08-04;"sábado";"14:10:00";"RJ";40;102;"DUQUE DE CAXIAS";"Falta de Atenção à Condução";"Colisão lateral";"Com Vítimas Feridas";"Pleno dia";"Decrescente";"Nublado";"Múltipla";"Interseção de Vias";"Sim";7;0;1;0;5;1;1;3;-22,61078214;-43,28541398;"SPRF-RJ";"DEL01-RJ";"UOP01-DEL01-RJ"
150950;2018-08-04;"sábado";"14:00:00";"MS";262;150,7;"RIBAS DO RIO PARDO";"Pista Escorregadia";"Saída de leito carroçável";"Sem Vítimas";"Pleno dia";"Crescente";"Chuva";"Simples";"Reta";"Não";2;0;0;0;0;2;0;2;-20,4642;-52,9341;"SPRF-MS";"DEL07-MS";"UOP02-DEL07-MS"
150957;2018-08-04;"sábado";"15:00:00";"MG";267;252,5;"SERITINGA";"Velocidade Incompatível";"Saída de leito carroçável";"Com Vítimas Feridas";"Pleno dia";"Decrescente";"Céu Claro";"Simples";"Curva";"Não";1;0;1;0;0;0;1;1;-21,93440364;-44,5015204;"SPRF-MG";"DEL05-MG";"DEL5/4-UOP01/MG"
150981;2018-08-04;"sábado";"17:10:00";"RR";174;498;"BOA VISTA";"Falta de Atenção à Condução";"Colisão lateral";"Com Vítimas Feridas";"Pleno dia";"Decrescente";"Céu Claro";"Dupla";"Reta";"Sim";2;0;1;0;1;0;1;2;2,7392354;-60,7659;"SPRF-RR";"DEL01-RR";"UOP01-DEL01-RR"
150983;2018-08-04;"sábado";"18:25:00";"GO";50;100,5;"CRISTALINA";"Falta de Atenção à Condução";"Saída de leito carroçável";"Sem Vítimas";"Plena Noite";"Decrescente";"Céu Claro";"Dupla";"Reta";"Sim";2;0;0;0;1;1;0;2;-16,9309;-47,7117;"SPRF-DF";"DEL01-DF";"UOP02-DEL01-DF"
150986;2018-08-04;"sábado";"18:00:00";"MT";174;507;"COMODORO";"Falta de Atenção à Condução";"Colisão traseira";"Com Vítimas Feridas";"Pleno dia";"Decrescente";"Céu Claro";"Simples";"Reta";"Não";4;0;1;0;2;5;1;8;-13,472;-59,842;"SPRF-MT";"DEL04-MT";"UOP01-DEL04-MT"
150993;2018-08-04;"sábado";"19:10:00";"PR";277;3;"PARANAGUA";"Falta de Atenção à Condução";"Colisão transversal";"Com Vítimas Feridas";"Plena Noite";"Crescente";"Céu Claro";"Simples";"Reta";"Não";3;0;0;1;2;0;1;2;-25,54462919;-48,55975086;"SPRF-PR";"DEL01-PR";"UOP05-DEL01-PR"
150994;2018-08-04;"sábado";"19:10:00";"GO";60;72;"ABADIANIA";"Ultrapassagem Indevida";"Colisão lateral";"Sem Vítimas";"Plena Noite";"Crescente";"Céu Claro";"Dupla";"Declive;Curva";"Não";6;0;0;0;6;0;0;2;-16,26273816;-48,7636435;"SPRF-GO";"DEL02-GO";"UOP01-DEL02-GO"
150999;2018-08-04;"sábado";"19:50:00";"PR";376;639;"TIJUCAS DO SUL";"Falta de Atenção à Condução";"Colisão traseira";"Com Vítimas Feridas";"Plena Noite";"Crescente";"Céu Claro";"Dupla";"Aclive;Curva";"Não";2;0;0;1;1;0;1;2;-25,77686098;-49,12055969;"SPRF-PR";"DEL01-PR";"DEL7/1-UOP08/PR"
151004;2018-08-04;"sábado";"11:00:00";"PE";423;131,6;"SALOA";"Falta de Atenção à Condução";"Saída de leito carroçável";"Com Vítimas Feridas";"Pleno dia";"Crescente";"Sol";"Simples";"Curva;Declive";"Não";1;0;0;1;0;0;1;1;-8,95901042;-36,76548958;"SPRF-PE";"DEL03-PE";"UOP01-DEL03-PE"
151007;2018-08-04;"sábado";"20:00:00";"MG";267;154,8;"LIMA DUARTE";"Ingestão de Álcool";"Atropelamento de Pedestre";"Com Vítimas Feridas";"Plena Noite";"Crescente";"Nublado";"Simples";"Reta";"Sim";2;0;0;1;1;0;1;2;-21,83831628;-43,77828598;"SPRF-MG";"DEL05-MG";"UOP01-DEL05-MG"
151008;2018-07-27;"sexta-feira";"22:40:00";"MS";267;219,3;"NOVA ALVORADA DO SUL";"Condutor Dormindo";"Saída de leito carroçável";"Com Vítimas Fatais";"Plena Noite";"Crescente";"Céu Claro";"Simples";"Aclive";"Não";2;1;0;0;0;2;0;3;-21,5654;-54,1266;"SPRF-MS";"DEL02-MS";"UOP01-DEL02-MS"
151010;2018-08-04;"sábado";"18:00:00";"MT";70;540;"NOSSA SENHORA DO LIVRAMENTO";"Ingestão de Álcool";"Colisão transversal";"Sem Vítimas";"Plena Noite";"Crescente";"Céu Claro";"Simples";"Interseção de Vias";"Sim";4;0;0;0;3;1;0;3;-15,67923765;-56,2953186;"SPRF-MT";"DEL01-MT";"DEL2/4-UOP02/MT"
151011;2018-08-04;"sábado";"18:30:00";"MT";364;501;"JANGADA";"Falta de Atenção à Condução";"Colisão frontal";"Com Vítimas Fatais";"Plena Noite";"Crescente";"Vento";"Simples";"Reta";"Não";5;1;0;1;2;2;1;4;-15,24624;-56,475716;"SPRF-MT";"DEL01-MT";"DEL2/4-UOP02/MT"
151016;2018-08-04;"sábado";"21:00:00";"RS";468;2;"PALMEIRA DAS MISSOES";"Condutor Dormindo";"Colisão frontal";"Com Vítimas Feridas";"Plena Noite";"Crescente";"Nublado";"Simples";"Reta";"Não";2;0;0;1;1;0;1;2;-27,86639553;-53,31699371;"SPRF-RS";"DEL08-RS";"UOP01-DEL08-RS"
151023;2018-08-04;"sábado";"21:15:00";"RS";116;233;"NOVO HAMBURGO";"Falta de Atenção à Condução";"Colisão frontal";"Com Vítimas Fatais";"Plena Noite";"Decrescente";"Nublado";"Simples";"Declive;Reta";"Não";2;1;0;0;1;0;0;2;-29,6380894;-51,1414009;"SPRF-RS";"DEL01-RS";"UOP02-DEL01-RS"
151026;2018-08-04;"sábado";"21:15:00";"MT";364;187,9;"RONDONOPOLIS";"Falta de Atenção à Condução";"Colisão frontal";"Com Vítimas Fatais";"Plena Noite";"Decrescente";"Céu Claro";"Simples";"Curva";"Não";3;1;0;0;1;2;0;4;-16,56940302;-54,54454422;"SPRF-MT";"DEL02-MT";"UOP01-DEL02-MT"
151031;2018-08-04;"sábado";"19:30:00";"MT";364;344;"SANTO ANTONIO DO LEVERGER";"Defeito Mecânico no Veículo";"Tombamento";"Sem Vítimas";"Plena Noite";"Decrescente";"Céu Claro";"Dupla";"Reta";"Não";2;0;0;0;1;2;0;3;-15,819493;-55,525009;"SPRF-MT";"DEL02-MT";"UOP02-DEL01-MT"
151033;2018-08-04;"sábado";"23:30:00";"GO";50;313,3;"CUMARI";"Falta de Atenção do Pedestre";"Atropelamento de Pedestre";"Com Vítimas Fatais";"Plena Noite";"Crescente";"Ignorado";"Simples";"Reta;Aclive";"Não";3;1;0;0;1;2;0;4;-18,42195449;-48,07168722;"SPRF-GO";"DEL06-GO";"UOP01-DEL06-GO"
151037;2018-08-04;"sábado";"21:20:00";"PR";277;0,5;"PARANAGUA";"Ingestão de Álcool";"Colisão lateral";"Com Vítimas Fatais";"Plena Noite";"Crescente";"Céu Claro";"Simples";"Reta";"Sim";4;1;0;0;1;3;0;5;-25,51982624;-48,54377747;"SPRF-PR";"DEL01-PR";"UOP05-DEL01-PR"
151039;2018-08-04;"sábado";"20:40:00";"BA";101;782,7;"ITABELA";"Ultrapassagem Indevida";"Colisão frontal";"Com Vítimas Feridas";"Plena Noite";"Crescente";"Ignorado";"Simples";"Reta";"Não";2;0;1;0;1;0;1;2;-16,8264;-39,4793;"SPRF-BA";"DEL09-BA";"UOP01-DEL09-BA"
151043;2018-08-05;"domingo";"00:00:00";"MT";163;746,1;"SORRISO";"Falta de Atenção à Condução";"Colisão transversal";"Com Vítimas Feridas";"Plena Noite";"Decrescente";"Céu Claro";"Dupla";"Reta";"Não";3;0;1;0;1;1;1;3;-12,59209352;-55,73638916;"SPRF-MT";"DEL06-MT";"UOP01-DEL06-MT"
151045;2018-08-04;"sábado";"23:30:00";"RS";285;318,5;"PASSO FUNDO";"Ingestão de Álcool";"Saída de leito carroçável";"Sem Vítimas";"Plena Noite";"Decrescente";"Nublado";"Simples";"Reta";"Não";2;0;0;0;1;1;0;2;-28,267824;-52,621604;"SPRF-RS";"DEL08-RS";"UOP03-DEL08-RS"
151046;2018-08-05;"domingo";"00:00:00";"MG";40;443;"PARAOPEBA";"Condutor Dormindo";"Colisão traseira";"Sem Vítimas";"Plena Noite";"Decrescente";"Céu Claro";"Dupla";"Aclive";"Não";2;0;0;0;2;0;0;2;-19,2891;-44,3999;"SPRF-MG";"DEL02-MG";"UOP01-DEL02-MG"
151062;2018-08-05;"domingo";"02:50:00";"MG";365;645,5;"UBERLANDIA";"Condutor Dormindo";"Tombamento";"Com Vítimas Feridas";"Plena Noite";"Decrescente";"Nublado";"Dupla";"Curva";"Não";2;0;1;0;0;2;1;3;-18,88086097;-48,49419427;"SPRF-MG";"DEL15-MG";"UOP01-DEL15-MG"
151075;2018-08-05;"domingo";"05:35:00";"SE";101;2;"PROPRIA";"Falta de Atenção à Condução";"Colisão frontal";"Com Vítimas Feridas";"Amanhecer";"Crescente";"Ignorado";"Simples";"Reta";"Não";3;0;0;1;1;1;1;3;-10,22261;-36,830498;"SPRF-SE";"DEL02-SE";"UOP02-DEL02-SE"
151078;2018-08-04;"sábado";"17:20:00";"MG";116;42,5;"PEDRA AZUL";"Falta de Atenção à Condução";"Colisão traseira";"Com Vítimas Fatais";"Anoitecer";"Decrescente";"Céu Claro";"Simples";"Aclive";"Não";2;1;0;0;0;1;0;2;-16,001304;-41,408355;"SPRF-BA";"DEL08-BA";"UOP03-DEL08-BA"
151085;2018-08-05;"domingo";"06:30:00";"PE";101;57,3;"RECIFE";"Falta de Atenção à Condução";"Colisão transversal";"Com Vítimas Fatais";"Amanhecer";"Decrescente";"Ignorado";"Dupla";"Aclive";"Não";3;1;0;0;1;1;0;3;-7,96901848;-34,91960406;"SPRF-PE";"DEL01-PE";"UOP02-DEL01-PE"
151087;2018-08-05;"domingo";"06:00:00";"BA";116;525;"ITATIM";"Falta de Atenção à Condução";"Tombamento";"Com Vítimas Feridas";"Amanhecer";"Crescente";"Céu Claro";"Simples";"Reta";"Não";1;0;1;0;0;0;1;1;-12,717512;-39,74713;"SPRF-BA";"DEL03-BA";"UOP02-DEL03-BA"
151090;2018-08-05;"domingo";"05:40:00";"PR";476;151,2;"ARAUCARIA";"Velocidade Incompatível";"Saída de leito carroçável";"Com Vítimas Fatais";"Plena Noite";"Crescente";"Nublado";"Dupla";"Reta";"Sim";5;1;0;0;2;2;0;4;-25,56491371;-49,37903278;"SPRF-PR";"DEL01-PR";"UOP06-DEL01-PR"
151112;2018-08-05;"domingo";"09:10:00";"BA";116;350,6;"SERRINHA";"Ingestão de Álcool";"Colisão lateral";"Com Vítimas Feridas";"Pleno dia";"Decrescente";"Sol";"Simples";"Reta";"Não";4;0;1;0;1;2;1;3;-11,59760851;-38,98511653;"SPRF-BA";"DEL02-BA";"DEL10/2-UOP02/BA"
151113;2018-06-29;"sexta-feira";"21:20:00";"RS";287;368;"JAGUARI";"Defeito Mecânico no Veículo";"Colisão traseira";"Sem Vítimas";"Plena Noite";"Crescente";"Céu Claro";"Simples";"Curva";"Não";4;0;0;0;3;3;0;5;-29,39662;-54,742916;"SPRF-RS";"DEL12-RS";"UOP02-DEL12-RS"
151116;2018-08-05;"domingo";"09:40:00";"BA";116;809;"VITORIA DA CONQUISTA";"Falta de Atenção à Condução";"Colisão transversal";"Com Vítimas Feridas";"Pleno dia";"Decrescente";"Céu Claro";"Simples";"Interseção de Vias";"Sim";5;0;3;0;1;2;3;4;-14,7869799;-40,7483784;"SPRF-BA";"DEL08-BA";"UOP01-DEL08-BA"
151135;2018-08-04;"sábado";"21:00:00";"MA";230;216,8;"SAO DOMINGOS DO AZEITAO";"Desobediência às normas de trânsito pelo condutor";"Colisão transversal";"Sem Vítimas";"Plena Noite";"Crescente";"Céu Claro";"Simples";"Reta";"Sim";3;0;0;0;1;2;0;3;-6,83098844;-44,66560364;"SPRF-MA";"DEL05-MA";"UOP01-DEL05-MA"
151137;2018-08-05;"domingo";"13:55:00";"SC";101;21;"JOINVILLE";"Velocidade Incompatível";"Tombamento";"Com Vítimas Feridas";"Pleno dia";"Decrescente";"Sol";"Simples";"Curva";"Não";6;0;0;3;2;1;3;5;-26,14869662;-48,90924454;"SPRF-SC";"DEL03-SC";"UOP01-DEL03-SC"
151145;2018-08-05;"domingo";"15:55:00";"GO";70;430,8;"MONTES CLAROS DE GOIAS";"Desobediência às normas de trânsito pelo condutor";"Colisão lateral";"Com Vítimas Fatais";"Pleno dia";"Decrescente";"Céu Claro";"Simples";"Reta";"Não";8;1;2;2;1;2;4;4;-15,89022404;-51,85251832;"SPRF-GO";"DEL04-GO";"UOP01-DEL04-GO"
151146;2018-08-05;"domingo";"15:40:00";"MG";381;508,5;"SAO JOAQUIM DE BICAS";"Falta de Atenção à Condução";"Colisão traseira";"Com Vítimas Feridas";"Pleno dia";"Crescente";"Sol";"Dupla";"Curva";"Sim";2;0;1;0;1;0;1;2;-20,0494;-44,2767;"SPRF-MG";"DEL01-MG";"UOP03-DEL01-MG"
151164;2018-08-05;"domingo";"14:00:00";"MG";116;94;"MEDINA";"Velocidade Incompatível";"Tombamento";"Sem Vítimas";"Pleno dia";"Decrescente";"Céu Claro";"Simples";"Curva";"Não";2;0;0;0;1;2;0;3;-16,384385;-41,472865;"SPRF-MG";"DEL11-MG";"UOP02-DEL11-MG"
151167;2018-08-05;"domingo";"15:10:00";"MT";70;520;"VARZEA GRANDE";"Falta de Atenção à Condução";"Colisão lateral";"Com Vítimas Feridas";"Pleno dia";"Crescente";"Sol";"Simples";"Reta";"Sim";2;0;0;1;1;0;1;2;-15,67113908;-56,17962956;"SPRF-MT";"DEL01-MT";"DEL2/4-UOP02/MT"
151171;2018-07-18;"quarta-feira";"05:28:00";"RO";364;420;"JARU";"Desobediência às normas de trânsito pelo condutor";"Colisão frontal";"Com Vítimas Feridas";"Amanhecer";"Crescente";"Céu Claro";"Simples";"Aclive";"Não";2;0;0;1;1;0;1;2;-10,474694;-62,445766;"SPRF-RO";"DEL03-RO";"UOP02-DEL03-RO"
151172;2018-08-05;"domingo";"16:30:00";"PR";163;126,7;"REALEZA";"Desobediência às normas de trânsito pelo condutor";"Colisão transversal";"Com Vítimas Feridas";"Pleno dia";"Decrescente";"Nublado";"Simples";"Interseção de Vias";"Não";3;0;1;0;1;1;1;3;-25,60435013;-53,56288791;"SPRF-PR";"DEL02-PR";"UOP02-DEL02-PR"
151174;2018-08-05;"domingo";"10:20:00";"RO";364;174,7;"PIMENTA BUENO";"Defeito na Via";"Saída de leito carroçável";"Com Vítimas Feridas";"Pleno dia";"Crescente";"Sol";"Simples";"Reta;Em Obras";"Não";3;0;2;0;0;3;2;4;-11,817381;-61,037441;"SPRF-RO";"DEL02-RO";"UOP02-DEL02-RO"
151178;2018-08-05;"domingo";"17:45:00";"MG";381;529;"BRUMADINHO";"Velocidade Incompatível";"Saída de leito carroçável";"Com Vítimas Feridas";"Anoitecer";"Crescente";"Nublado";"Dupla";"Curva;Declive";"Não";1;0;1;0;0;0;1;1;-20,163048;-44,340095;"SPRF-MG";"DEL04-MG";"UOP03-DEL04-MG"
151180;2018-08-05;"domingo";"18:20:00";"BA";116;819;"VITORIA DA CONQUISTA";"Ingestão de Álcool";"Colisão transversal";"Com Vítimas Feridas";"Plena Noite";"Decrescente";"Céu Claro";"Simples";"Reta;Interseção de Vias";"Sim";6;0;4;0;1;1;4;3;-14,823164;-40,817881;"SPRF-BA";"DEL08-BA";"UOP01-DEL08-BA"
151181;2018-08-05;"domingo";"18:15:00";"PR";467;92;"CASCAVEL";"Velocidade Incompatível";"Saída de leito carroçável";"Com Vítimas Feridas";"Plena Noite";"Crescente";"Céu Claro";"Dupla";"Curva";"Não";3;0;1;1;0;1;2;2;-24,8543;-53,5952;"SPRF-PR";"DEL04-PR";"UOP01-DEL04-PR"
151190;2018-08-05;"domingo";"19:00:00";"GO";60;133;"GOIANIA";"Ingestão de Álcool";"Colisão transversal";"Com Vítimas Feridas";"Plena Noite";"Crescente";"Céu Claro";"Dupla";"Aclive";"Não";2;0;1;0;1;0;1;2;-16,5815;-49,1772;"SPRF-GO";"DEL01-GO";"UOP01-DEL01-GO"
151195;2018-08-05;"domingo";"19:10:00";"SP";116;291;"ITAPECERICA DA SERRA";"Falta de Atenção à Condução";"Colisão traseira";"Sem Vítimas";"Plena Noite";"Decrescente";"Céu Claro";"Dupla";"Reta";"Não";3;0;0;0;2;1;0;3;-23,71775168;-46,88158751;"SPRF-SP";"DEL04-SP";"UOP01-DEL04-SP"
151210;2018-08-05;"domingo";"19:00:00";"ES";101;302;"VIANA";"Ingestão de Álcool";"Colisão lateral";"Com Vítimas Feridas";"Plena Noite";"Decrescente";"Céu Claro";"Dupla";"Reta";"Sim";4;0;0;1;1;2;1;4;-20,37992004;-40,45400441;"SPRF-ES";"DEL01-ES";"UOP01-DEL01-ES"
151215;2018-08-05;"domingo";"19:40:00";"RJ";101;277;"TANGUA";"Não guardar distância de segurança";"Colisão traseira";"Com Vítimas Feridas";"Plena Noite";"Decrescente";"Céu Claro";"Dupla";"Reta";"Não";3;0;1;0;2;0;1;2;-22,739443;-42,748337;"SPRF-RJ";"DEL02-RJ";"UOP03-DEL02-RJ"
151229;2018-08-05;"domingo";"18:50:00";"SC";101;285;"IMBITUBA";"Falta de Atenção à Condução";"Colisão lateral";"Sem Vítimas";"Plena Noite";"Decrescente";"Céu Claro";"Dupla";"Reta";"Não";2;0;0;0;2;0;0;2;-28,2532;-48,7024;"SPRF-SC";"DEL02-SC";"UOP03-DEL02-SC"
151232;2018-08-05;"domingo";"13:20:00";"BA";242;341;"LENCOIS";"Falta de Atenção à Condução";"Tombamento";"Com Vítimas Feridas";"Pleno dia";"Decrescente";"Céu Claro";"Simples";"Curva";"Não";2;0;1;0;0;2;1;3;-12,45736224;-41,48265839;"SPRF-BA";"DEL06-BA";"UOP01-DEL06-BA"
151236;2018-04-15;"domingo";"21:00:00";"CE";222;182,2;"SOBRAL";"Ingestão de Álcool";"Colisão frontal";"Com Vítimas Fatais";"Plena Noite";"Decrescente";"Chuva";"Simples";"Curva";"Não";2;1;0;0;1;0;0;2;-3,755778;-40,06242;"SPRF-CE";"DEL04-CE";"UOP03-DEL04-CE"
151238;2018-08-05;"domingo";"18:45:00";"PR";487;145,2;"CIANORTE";"Animais na Pista";"Atropelamento de Animal";"Com Vítimas Feridas";"Plena Noite";"Decrescente";"Céu Claro";"Simples";"Declive";"Não";6;0;3;0;2;1;3;3;-23,921835;-52,721981;"SPRF-PR";"DEL04-PR";"UOP03-DEL09-PR"
151241;2018-08-05;"domingo";"22:00:00";"MA";10;364,5;"ITINGA DO MARANHAO";"Não guardar distância de segurança";"Colisão transversal";"Com Vítimas Fatais";"Plena Noite";"Decrescente";"Céu Claro";"Simples";"Reta";"Sim";2;1;0;0;0;1;0;2;-4,5621635;-47,49304622;"SPRF-MA";"DEL04-MA";"UOP03-DEL04-MA"
151242;2018-08-05;"domingo";"22:20:00";"AL";423;28;"CANAPI";"Não guardar distância de segurança";"Colisão traseira";"Com Vítimas Feridas";"Plena Noite";"Decrescente";"Céu Claro";"Simples";"Reta";"Não";3;0;1;0;1;1;1;3;-9,199181;-37,532028;"SPRF-AL";"DEL03-AL";"UOP02-DEL03-AL"
151244;2018-08-05;"domingo";"22:30:00";"CE";402;267,8;"ITAPIPOCA";"Falta de Atenção à Condução";"Colisão frontal";"Com Vítimas Feridas";"Plena Noite";"Crescente";"Céu Claro";"Simples";"Reta";"Não";2;0;0;1;1;0;1;2;-3,48480704;-39,52664137;"SPRF-CE";"DEL01-CE";"UOP03-DEL01-CE"
151245;2018-08-05;"domingo";"22:55:00";"PR";277;660;"MATELANDIA";"Falta de Atenção à Condução";"Tombamento";"Com Vítimas Feridas";"Plena Noite";"Crescente";"Céu Claro";"Dupla";"Curva";"Não";1;0;1;0;0;0;1;1;-25,251387;-53,990307;"SPRF-PR";"DEL05-PR";"UOP02-DEL05-PR"
151246;2018-08-05;"domingo";"21:30:00";"MS";60;515,5;"NIOAQUE";"Velocidade Incompatível";"Saída de leito carroçável";"Com Vítimas Feridas";"Plena Noite";"Crescente";"Chuva";"Simples";"Curva";"Não";2;0;1;0;0;2;1;3;-21,14279008;-55,68162918;"SPRF-MS";"DEL05-MS";"UOP01-DEL05-MS"
151252;2018-08-05;"domingo";"16:10:00";"PR";153;135;"VENTANIA";"Defeito Mecânico no Veículo";"Tombamento";"Com Vítimas Feridas";"Pleno dia";"Crescente";"Nublado";"Simples";"Curva";"Não";2;0;1;0;0;1;1;2;-24,04803163;-50,24556935;"SPRF-PR";"DEL07-PR";"UOP04-DEL07-PR"
151258;2018-08-06;"segunda-feira";"01:30:00";"GO";153;492;"GOIANIA";"Não guardar distância de segurança";"Colisão traseira";"Com Vítimas Feridas";"Plena Noite";"Decrescente";"Céu Claro";"Dupla";"Reta;Aclive";"Sim";4;0;0;1;2;1;1;3;-16,6406738;-49,20750618;"SPRF-GO";"DEL01-GO";"UOP01-DEL01-GO"
151260;2018-08-06;"segunda-feira";"02:00:00";"MG";381;416;"NOVA UNIAO";"Falta de Atenção do Pedestre";"Colisão frontal";"Com Vítimas Feridas";"Plena Noite";"Crescente";"Céu Claro";"Simples";"Curva";"Não";3;0;1;0;2;0;1;3;-19,74742785;-43,54565078;"SPRF-MG";"DEL01-MG";"UOP01-DEL01-MG"
151261;2018-08-06;"segunda-feira";"02:30:00";"MG";267;163,9;"LIMA DUARTE";"Condutor Dormindo";"Tombamento";"Com Vítimas Feridas";"Plena Noite";"Crescente";"Nevoeiro/Neblina";"Simples";"Reta";"Sim";2;0;1;0;0;1;1;2;-21,84719935;-43,79905701;"SPRF-MG";"DEL05-MG";"UOP01-DEL05-MG"
151262;2018-08-06;"segunda-feira";"03:05:00";"PB";101;81,5;"SANTA RITA";"Não guardar distância de segurança";"Saída de leito carroçável";"Com Vítimas Feridas";"Plena Noite";"Decrescente";"Céu Claro";"Dupla";"Reta";"Sim";2;0;1;0;1;0;1;1;-7,126517;-34,942074;"SPRF-PB";"DEL01-PB";"UOP01-DEL01-PB"
151263;2018-08-06;"segunda-feira";"02:45:00";"GO";153;397,7;"PIRENOPOLIS";"Defeito Mecânico no Veículo";"Incêndio";"Sem Vítimas";"Plena Noite";"Decrescente";"Céu Claro";"Simples";"Reta";"Sim";2;0;0;0;1;1;0;2;-16,01797221;-49,11180496;"SPRF-GO";"DEL02-GO";"UOP02-DEL02-GO"