"id";"data_inversa";"dia_semana";"horario";"uf";"br";"km";"municipio";"causa_acidente";"tipo_acidente";"classificacao_acidente";"fase_dia";"sentido_via";"condicao_metereologica";"tipo_pista";"tracado_via";"uso_solo";"pessoas";"mortos";"feridos_leves";"feridos_graves";"ilesos";"ignorados";"feridos";"veiculos";"latitude";"longitude";"regional";"delegacia";"uop"
151264;2018-08-06;"segunda-feira";"03:50:00";"GO";153;511;"APARECIDA DE GOIANIA";"Ingestão de álcool e/ou substâncias psicoativas pelo pedestre";"Colisão com objeto estático";"Com Vítimas Feridas";"Plena Noite";"Crescente";"Céu Claro";"Dupla";"Reta";"Sim";3;0;1;0;2;0;1;2;-16,8067;-49,2394;"SPRF-GO";"DEL01-GO";"UOP03-DEL01-GO"
151267;2018-08-06;"segunda-feira";"04:30:00";"MG";381;932,3;"EXTREMA";"Velocidade Incompatível";"Tombamento";"Sem Vítimas";"Plena Noite";"Crescente";"Nublado";"Dupla";"Curva";"Não";1;0;0;0;1;0;0;1;-22,7956;-46,2536;"SPRF-MG";"DEL16-MG";"UOP03-DEL16-MG"
151269;2018-08-06;"segunda-feira";"04:50:00";"PB";230;106,2;"INGA";"Condutor Dormindo";"Saída de leito carroçável";"Com Vítimas Fatais";"Amanhecer";"Decrescente";"Céu Claro";"Dupla";"Reta";"Não";2;1;0;0;0;1;0;2;-7,2083;-35,5318;"SPRF-PB";"DEL01-PB";"UOP03-DEL01-PB"
151270;2018-08-06;"segunda-feira";"03:55:00";"MG";40;476,5;"SETE LAGOAS";"Falta de Atenção à Condução";"Colisão traseira";"Com Vítimas Feridas";"Plena Noite";"Decrescente";"Céu Claro";"Dupla";"Reta";"Não";3;0;1;0;1;1;1;3;-19,51738;-44,26796;"SPRF-MG";"DEL02-MG";"UOP01-DEL02-MG"
151278;2018-08-06;"segunda-feira";"06:40:00";"SP";116;293;"ITAPECERICA DA SERRA";"Defeito Mecânico no Veículo";"Saída de leito carroçável";"Com Vítimas Feridas";"Pleno dia";"Decrescente";"Chuva";"Dupla";"Reta";"Sim";1;0;1;0;0;0;1;1;-23,74354736;-46,8994832;"SPRF-SP";"DEL04-SP";"UOP01-DEL04-SP"
151283;2018-08-06;"segunda-feira";"06:40:00";"MA";135;16,1;"SAO LUIS";"Defeito Mecânico no Veículo";"Saída de leito carroçável";"Sem Vítimas";"Pleno dia";"Crescente";"Céu Claro";"Dupla";"Reta";"Não";1;0;0;0;1;0;0;1;-2,70267;-44,310516;"SPRF-MA";"DEL01-MA";"UOP01-DEL01-MA"
151292;2018-08-06;"segunda-feira";"07:40:00";"SC";470;128,8;"LONTRAS";"Falta de Atenção à Condução";"Colisão transversal";"Sem Vítimas";"Pleno dia";"Decrescente";"Nevoeiro/Neblina";"Simples";"Reta";"Não";3;0;0;0;3;0;0;2;-27,13668092;-49,54310417;"SPRF-SC";"DEL04-SC";"UOP02-DEL04-SC"
151294;2018-08-06;"segunda-feira";"07:15:00";"SC";470;128,8;"LONTRAS";"Falta de Atenção à Condução";"Colisão traseira";"Com Vítimas Feridas";"Pleno dia";"Crescente";"Nevoeiro/Neblina";"Simples";"Reta";"Sim";6;0;3;0;2;1;3;4;-27,13668092;-49,54310417;"SPRF-SC";"DEL04-SC";"UOP02-DEL04-SC"
151303;2018-08-06;"segunda-feira";"07:30:00";"SC";282;254;"SAO JOSE DO CERRITO";"Desobediência às normas de trânsito pelo condutor";"Colisão transversal";"Com Vítimas Feridas";"Pleno dia";"Crescente";"Céu Claro";"Simples";"Rotatória";"Não";3;0;1;0;1;1;1;3;-27,67412201;-50,5737859;"SPRF-SC";"DEL05-SC";"UOP02-DEL05-SC"
151311;2018-08-06;"segunda-feira";"08:30:00";"RJ";40;70,6;"PETROPOLIS";"Desobediência às normas de trânsito pelo condutor";"Colisão transversal";"Com Vítimas Feridas";"Pleno dia";"Crescente";"Chuva";"Dupla";"Retorno Regulamentado";"Não";4;0;2;0;1;1;2;3;-22,45241728;-43,20622981;"SPRF-RJ";"DEL06-RJ";"UOP01-DEL06-RJ"
151317;2018-07-13;"sexta-feira";"07:10:00";"PB";101;92,7;"JOAO PESSOA";"Desobediência às normas de trânsito pelo condutor";"Colisão transversal";"Com Vítimas Feridas";"Pleno dia";"Decrescente";"Céu Claro";"Múltipla";"Aclive;Rotatória;Reta";"Sim";2;0;0;1;1;0;1;2;-7,20309875;-34,90783453;"SPRF-PB";"DEL01-PB";"UOP01-DEL01-PB"
151320;2018-06-03;"domingo";"18:10:00";"GO";60;39,3;"ALEXANIA";"Falta de Atenção à Condução";"Colisão com objeto estático";"Com Vítimas Fatais";"Pleno dia";"Decrescente";"Céu Claro";"Dupla";"Reta";"Não";10;1;3;1;5;0;4;7;-16,11247225;-48,55969906;"SPRF-DF";"DEL01-DF";"UOP01-DEL03-DF"
151335;2018-07-06;"sexta-feira";"05:45:00";"PB";230;105,5;"INGA";"Condutor Dormindo";"Colisão lateral";"Sem Vítimas";"Amanhecer";"Decrescente";"Nublado";"Dupla";"Reta";"Não";3;0;0;0;1;3;0;4;-7,2075;-35,5248;"SPRF-PB";"DEL01-PB";"UOP03-DEL01-PB"
151336;2018-08-02;"quinta-feira";"07:47:00";"MT";163;751;"SORRISO";"Falta de Atenção à Condução";"Colisão transversal";"Sem Vítimas";"Pleno dia";"Decrescente";"Sol";"Dupla";"Interseção de Vias";"Sim";3;0;0;0;2;3;0;5;-12,56495184;-55,72266698;"SPRF-MT";"DEL06-MT";"UOP01-DEL06-MT"
151339;2018-08-06;"segunda-feira";"11:15:00";"SC";101;114;"ITAJAI";"Defeito Mecânico no Veículo";"Colisão traseira";"Com Vítimas Feridas";"Pleno dia";"Crescente";"Céu Claro";"Múltipla";"Reta";"Não";3;0;0;1;1;1;1;3;-26,8708;-48,7293;"SPRF-SC";"DEL04-SC";"UOP04-DEL04-SC"
151345;2018-07-31;"terça-feira";"12:10:00";"PB";230;137,9;"CAMPINA GRANDE";"Velocidade Incompatível";"Tombamento";"Com Vítimas Feridas";"Pleno dia";"Decrescente";"Céu Claro";"Dupla";"Curva";"Não";5;0;4;0;0;2;4;4;-7,2727275;-35,75072944;"SPRF-PB";"DEL02-PB";"UOP01-DEL02-PB"
151351;2018-08-06;"segunda-feira";"12:00:00";"RS";470;235;"CARLOS BARBOSA";"Velocidade Incompatível";"Capotamento";"Com Vítimas Feridas";"Pleno dia";"Decrescente";"Céu Claro";"Simples";"Curva";"Não";1;0;1;0;0;0;1;1;-29,31115593;-51,486606;"SPRF-RS";"DEL06-RS";"UOP01-DEL06-RS"
151352;2018-06-26;"terça-feira";"17:34:00";"SP";116;37,7;"CACHOEIRA PAULISTA";"Mal Súbito";"Tombamento";"Com Vítimas Feridas";"Anoitecer";"Decrescente";"Nublado";"Dupla";"Curva";"Sim";2;0;0;1;0;1;1;2;-22,66497;-44,98431;"SPRF-SP";"DEL08-SP";"UOP02-DEL08-SP"
151353;2018-08-06;"segunda-feira";"11:35:00";"PR";277;729,3;"FOZ DO IGUACU";"Defeito Mecânico no Veículo";"Colisão traseira";"Com Vítimas Fatais";"Pleno dia";"Crescente";"Céu Claro";"Dupla";"Reta";"Sim";3;1;0;0;1;1;0;3;-25,50640665;-54,586556;"SPRF-PR";"DEL05-PR";"UOP03-DEL05-PR"
151354;2018-06-28;"quinta-feira";"14:55:00";"PR";476;129;"CURITIBA";"Falta de Atenção à Condução";"Colisão traseira";"Sem Vítimas";"Pleno dia";"Decrescente";"Céu Claro";"Múltipla";"Reta";"Sim";7;0;0;0;7;0;0;7;-25,440983;-49,233715;"SPRF-PR";"DEL01-PR";"UOP07-DEL01-PR"
151357;2018-08-06;"segunda-feira";"09:10:00";"PB";230;51;"CRUZ DO ESPIRITO SANTO";"Agressão Externa";"Colisão com objeto estático";"Sem Vítimas";"Pleno dia";"Decrescente";"Céu Claro";"Dupla";"Curva";"Não";2;0;0;0;2;0;0;1;-7,1997189;-35,0795908;"SPRF-PB";"DEL01-PB";"UOP03-DEL01-PB"
151363;2018-08-04;"sábado";"16:30:00";"MT";70;643,5;"CACERES";"Ultrapassagem Indevida";"Colisão lateral";"Sem Vítimas";"Pleno dia";"Crescente";"Céu Claro";"Simples";"Reta";"Não";3;0;0;0;2;2;0;4;-15,948493;-57,146518;"SPRF-MT";"DEL03-MT";"UOP02-DEL03-MT"
151366;2018-08-06;"segunda-feira";"14:00:00";"GO";153;644;"MORRINHOS";"Condutor Dormindo";"Colisão traseira";"Com Vítimas Feridas";"Pleno dia";"Crescente";"Céu Claro";"Dupla";"Reta";"Não";3;0;1;0;1;2;1;4;-17,82126182;-49,21222687;"SPRF-GO";"DEL03-GO";"UOP01-DEL03-GO"
151371;2018-08-06;"segunda-feira";"15:00:00";"PR";376;175,9;"MARINGA";"Falta de Atenção à Condução";"Colisão traseira";"Com Vítimas Feridas";"Pleno dia";"Crescente";"Nublado";"Dupla";"Reta";"Sim";2;0;1;0;1;0;1;2;-23,41156;-51,940858;"SPRF-PR";"DEL07-PR";"UOP01-DEL09-PR"
151385;2018-08-06;"segunda-feira";"16:00:00";"MS";163;475,6;"CAMPO GRANDE";"Falta de Atenção à Condução";"Colisão transversal";"Com Vítimas Feridas";"Pleno dia";"Crescente";"Céu Claro";"Simples";"Reta";"Sim";3;0;1;0;1;2;1;4;-20,5141;-54,5621;"SPRF-MS";"DEL01-MS";"UOP01-DEL01-MS"
151388;2018-08-06;"segunda-feira";"16:25:00";"BA";116;434;"FEIRA DE SANTANA";"Velocidade Incompatível";"Tombamento";"Com Vítimas Feridas";"Pleno dia";"Decrescente";"Céu Claro";"Dupla";"Curva";"Não";2;0;0;1;0;2;1;3;-12,3042126;-39,0423354;"SPRF-BA";"DEL02-BA";"UOP01-DEL02-BA"
151391;2018-08-06;"segunda-feira";"15:30:00";"PI";222;20,5;"SAO JOAO DA FRONTEIRA";"Defeito Mecânico no Veículo";"Incêndio";"Sem Vítimas";"Pleno dia";"Decrescente";"Céu Claro";"Simples";"Reta";"Não";2;0;0;0;1;1;0;2;-3,981538;-41,390743;"SPRF-PI";"DEL02-PI";"UOP01-DEL02-PI"
151394;2018-08-06;"segunda-feira";"14:30:00";"MS";158;120;"APARECIDA DO TABOADO";"Pista Escorregadia";"Tombamento";"Sem Vítimas";"Pleno dia";"Decrescente";"Chuva";"Simples";"Reta";"Não";2;0;0;0;1;1;0;2;-19,78899543;-51,11492157;"SPRF-MS";"DEL08-MS";"UOP01-DEL08-MS"
151403;2018-08-06;"segunda-feira";"18:00:00";"CE";222;148,1;"IRAUCUBA";"Falta de Atenção à Condução";"Colisão frontal";"Com Vítimas Feridas";"Plena Noite";"Crescente";"Céu Claro";"Simples";"Reta";"Sim";3;0;0;1;1;2;1;4;-3,750017;-39,77301;"SPRF-CE";"DEL04-CE";"UOP03-DEL04-CE"
151409;2018-08-06;"segunda-feira";"17:30:00";"MA";135;11;"SAO LUIS";"Desobediência às normas de trânsito pelo condutor";"Colisão lateral";"Com Vítimas Feridas";"Pleno dia";"Decrescente";"Céu Claro";"Dupla";"Retorno Regulamentado";"Sim";2;0;1;0;1;0;1;2;-2,66279634;-44,28578138;"SPRF-MA";"DEL01-MA";"UOP01-DEL01-MA"
151413;2018-08-06;"segunda-feira";"19:25:00";"RS";392;96,4;"PELOTAS";"Velocidade Incompatível";"Colisão frontal";"Com Vítimas Fatais";"Plena Noite";"Crescente";"Céu Claro";"Simples";"Curva";"Não";2;1;1;0;0;0;1;2;-31,557096;-52,549564;"SPRF-RS";"DEL07-RS";"UOP01-DEL07-RS"
151419;2018-08-06;"segunda-feira";"19:30:00";"SC";470;52,7;"BLUMENAU";"Desobediência às normas de trânsito pelo condutor";"Colisão transversal";"Com Vítimas Feridas";"Plena Noite";"Crescente";"Nublado";"Simples";"Interseção de Vias";"Não";4;0;2;0;1;1;2;3;-26,86510868;-49,09935767;"SPRF-SC";"DEL04-SC";"UOP01-DEL04-SC"
151428;2018-08-06;"segunda-feira";"18:40:00";"MT";364;151;"PEDRA PRETA";"Ingestão de Álcool";"Saída de leito carroçável";"Com Vítimas Feridas";"Plena Noite";"Decrescente";"Céu Claro";"Simples";"Reta";"Não";2;0;1;0;1;0;1;1;-16,788549;-54,216064;"SPRF-MT";"DEL02-MT";"UOP01-DEL02-MT"
151434;2018-08-06;"segunda-feira";"21:10:00";"MG";40;517;"CONTAGEM";"Animais na Pista";"Atropelamento de Animal";"Com Vítimas Feridas";"Plena Noite";"Decrescente";"Nublado";"Dupla";"Reta";"Sim";2;0;1;0;0;1;1;2;-19,8351;-44,08;"SPRF-MG";"DEL01-MG";"UOP03-DEL01-MG"
151440;2018-08-06;"segunda-feira";"19:20:00";"PR";476;91;"BOCAIUVA DO SUL";"Falta de Atenção à Condução";"Saída de leito carroçável";"Com Vítimas Feridas";"Plena Noite";"Crescente";"Nublado";"Simples";"Curva";"Não";2;0;1;0;0;1;1;2;-25,197294;-49,110645;"SPRF-PR";"DEL01-PR";"UOP01-DEL01-PR"
151446;2018-08-06;"segunda-feira";"23:05:00";"PR";277;34,1;"MORRETES";"Agressão Externa";"Derramamento de carga";"Com Vítimas Feridas";"Plena Noite";"Decrescente";"Nublado";"Dupla";"Curva;Declive";"Não";3;0;1;0;1;1;1;3;-25,5693883;-48,81380081;"SPRF-PR";"DEL01-PR";"UOP05-DEL01-PR"
151451;2018-08-07;"terça-feira";"01:00:00";"ES";262;29,9;"VIANA";"Velocidade Incompatível";"Tombamento";"Com Vítimas Feridas";"Plena Noite";"Crescente";"Chuva";"Simples";"Curva";"Não";1;0;1;0;0;0;1;1;-20,37392765;-40,56450069;"SPRF-ES";"DEL01-ES";"UOP01-DEL01-ES"
151455;2018-08-07;"terça-feira";"01:00:00";"CE";116;160;"RUSSAS";"Defeito Mecânico no Veículo";"Saída de leito carroçável";"Com Vítimas Feridas";"Plena Noite";"Decrescente";"Céu Claro";"Simples";"Reta";"Não";3;0;0;1;1;1;1;2;-4,92191503;-37,99333513;"SPRF-CE";"DEL03-CE";"UOP01-DEL03-CE"
151456;2018-08-07;"terça-feira";"01:20:00";"BA";116;924,1;"ENCRUZILHADA";"Falta de Atenção à Condução";"Colisão traseira";"Com Vítimas Feridas";"Plena Noite";"Crescente";"Céu Claro";"Simples";"Reta";"Não";3;0;1;0;1;3;1;5;-15,712975;-41,338646;"SPRF-BA";"DEL08-BA";"UOP03-DEL08-BA"
151458;2018-08-07;"terça-feira";"04:50:00";"SP";381;14;"BRAGANCA PAULISTA";"Velocidade Incompatível";"Colisão traseira";"Com Vítimas Feridas";"Amanhecer";"Crescente";"Garoa/Chuvisco";"Dupla";"Reta";"Não";3;0;1;0;1;1;1;3;-22,9443539;-46,476136;"SPRF-SP";"DEL03-SP";"UOP02-DEL03-SP"
151459;2018-08-07;"terça-feira";"05:10:00";"RS";386;241,5;"SOLEDADE";"Não guardar distância de segurança";"Colisão traseira";"Com Vítimas Feridas";"Plena Noite";"Decrescente";"Céu Claro";"Simples";"Curva";"Não";3;0;1;0;1;1;1;3;-28,790083;-52,523487;"SPRF-RS";"DEL04-RS";"NPF/DEL04-RS"
151460;2018-08-07;"terça-feira";"04:45:00";"PR";277;306,4;"PRUDENTOPOLIS";"Velocidade Incompatível";"Colisão traseira";"Com Vítimas Feridas";"Plena Noite";"Decrescente";"Nevoeiro/Neblina";"Simples";"Viaduto;Declive;Curva";"Não";4;0;1;0;3;0;1;2;-25,3238174;-51,1964339;"SPRF-PR";"DEL03-PR";"UOP01-DEL08-PR"
151462;2018-08-07;"terça-feira";"03:20:00";"SP";116;511;"CAJATI";"Falta de Atenção à Condução";"Tombamento";"Com Vítimas Feridas";"Plena Noite";"Crescente";"Nevoeiro/Neblina";"Dupla";"Curva";"Não";2;0;1;0;1;0;1;1;-24,83301246;-48,2225132;"SPRF-SP";"DEL05-SP";"UAP01-DEL05-SP"
151463;2018-08-07;"terça-feira";"05:45:00";"GO";153;437,8;"ANAPOLIS";"Falta de Atenção à Condução";"Colisão lateral";"Sem Vítimas";"Amanhecer";"Crescente";"Céu Claro";"Dupla";"Reta";"Sim";2;0;0;0;2;0;0;2;-16,286884;-48,942978;"SPRF-GO";"DEL02-GO";"UOP01-DEL02-GO"
151464;2018-08-06;"segunda-feira";"22:00:00";"BA";101;647;"ITAPEBI";"Velocidade Incompatível";"Tombamento";"Sem Vítimas";"Plena Noite";"Decrescente";"Céu Claro";"Simples";"Curva";"Não";2;0;0;0;1;1;0;2;-15,8416;-39,5257;"SPRF-BA";"DEL05-BA";"UOP02-DEL05-BA"
151465;2018-08-07;"terça-feira";"06:50:00";"RJ";393;285;"VOLTA REDONDA";"Pista Escorregadia";"Colisão transversal";"Com Vítimas Feridas";"Pleno dia";"Decrescente";"Garoa/Chuvisco";"Simples";"Rotatória";"Não";3;0;2;0;1;0;2;2;-22,5051378;-44,0729412;"SPRF-RJ";"DEL05-RJ";"UOP04-DEL05-RJ"
151466;2018-08-07;"terça-feira";"06:05:00";"MG";262;367;"JUATUBA";"Falta de Atenção à Condução";"Colisão lateral";"Com Vítimas Feridas";"Pleno dia";"Crescente";"Céu Claro";"Dupla";"Curva";"Não";3;0;1;0;1;1;1;3;-19,9619;-44,3358;"SPRF-MG";"DEL01-MG";"UOP03-DEL01-MG"
151470;2018-08-07;"terça-feira";"06:20:00";"BA";407;4,6;"JUAZEIRO";"Sinalização da via insuficiente ou inadequada";"Colisão transversal";"Com Vítimas Feridas";"Pleno dia";"Crescente";"Sol";"Simples";"Rotatória";"Sim";3;0;0;1;1;1;1;3;-9,44280706;-40,49295545;"SPRF-PE";"DEL06-PE";"UOP01-DEL06-PE"
151476;2018-08-07;"terça-feira";"06:30:00";"PE";101;76,5;"RECIFE";"Defeito Mecânico no Veículo";"Incêndio";"Sem Vítimas";"Pleno dia";"Decrescente";"Sol";"Dupla";"Reta";"Sim";2;0;0;0;1;1;0;2;-8,12434259;-34,94355083;"SPRF-PE";"DEL01-PE";"UOP01-DEL01-PE"
151477;2018-08-07;"terça-feira";"07:00:00";"MG";381;921,2;"CAMANDUCAIA";"Velocidade Incompatível";"Colisão com objeto estático";"Sem Vítimas";"Pleno dia";"Crescente";"Nevoeiro/Neblina";"Dupla";"Curva;Declive";"Não";2;0;0;0;1;1;0;2;-22,76302418;-46,17059648;"SPRF-MG";"DEL16-MG";"UOP03-DEL16-MG"
151483;2018-08-07;"terça-feira";"08:40:00";"AL";101;110,8;"PILAR";"Falta de Atenção à Condução";"Colisão traseira";"Com Vítimas Feridas";"Pleno dia";"Decrescente";"Céu Claro";"Simples";"Reta";"Não";5;0;1;0;2;2;1;5;-9,619632;-36,029274;"SPRF-AL";"DEL02-AL";"UOP01-DEL02-AL"
151495;2018-07-08;"domingo";"10:20:00";"SC";153;36,8;"AGUA DOCE";"Falta de Atenção à Condução";"Saída de leito carroçável";"Com Vítimas Feridas";"Pleno dia";"Decrescente";"Céu Claro";"Simples";"Aclive;Reta";"Não";2;0;0;1;0;1;1;2;-26,821478;-51,720905;"SPRF-SC";"DEL07-SC";"UOP07-DEL07-SC"
151499;2018-08-07;"terça-feira";"10:20:00";"MG";381;485,8;"BETIM";"Desobediência às normas de trânsito pelo condutor";"Colisão lateral";"Com Vítimas Feridas";"Pleno dia";"Crescente";"Nublado";"Dupla";"Reta";"Sim";3;0;0;1;1;2;1;4;-19,9561;-44,1064;"SPRF-MG";"DEL01-MG";"UOP03-DEL01-MG"
151500;2018-05-08;"terça-feira";"20:40:00";"RS";293;16;"CAPAO DO LEAO";"Ingestão de álcool e/ou substâncias psicoativas pelo pedestre";"Saída de leito carroçável";"Sem Vítimas";"Plena Noite";"Crescente";"Céu Claro";"Simples";"Reta";"Não";3;0;0;0;2;2;0;4;-31,748306;-52,481197;"SPRF-RS";"DEL07-RS";"UOP01-DEL07-RS"
151501;2018-08-07;"terça-feira";"09:45:00";"RO";319;62,1;"PORTO VELHO";"Desobediência às normas de trânsito pelo condutor";"Colisão transversal";"Com Vítimas Feridas";"Pleno dia";"Crescente";"Céu Claro";"Múltipla";"Interseção de Vias";"Sim";3;0;1;0;1;1;1;3;-8,75029865;-63,88797641;"SPRF-RO";"DEL01-RO";"UOP01-DEL01-RO"
151502;2018-08-07;"terça-feira";"07:05:00";"MG";381;921,1;"CAMANDUCAIA";"Falta de Atenção à Condução";"Colisão lateral";"Sem Vítimas";"Pleno dia";"Crescente";"Céu Claro";"Dupla";"Curva";"Não";3;0;0;0;2;3;0;5;-22,7658;-46,1763;"SPRF-MG";"DEL16-MG";"UOP03-DEL16-MG"
151504;2018-08-07;"terça-feira";"10:30:00";"PR";376;284;"MAUA DA SERRA";"Falta de Atenção à Condução";"Colisão lateral";"Com Vítimas Feridas";"Pleno dia";"Crescente";"Sol";"Simples";"Reta";"Não";2;0;0;1;1;0;1;2;-23,85569801;-51,25740051;"SPRF-PR";"DEL07-PR";"UOP02-DEL07-PR"
151512;2018-06-28;"quinta-feira";"23:15:00";"ES";101;348,6;"GUARAPARI";"Velocidade Incompatível";"Colisão frontal";"Com Vítimas Feridas";"Plena Noite";"Crescente";"Nublado";"Simples";"Curva";"Não";4;0;0;1;1;3;1;5;-20,67390526;-40,49560547;"SPRF-ES";"DEL03-ES";"UOP01-DEL03-ES"
151516;2018-08-07;"terça-feira";"10:30:00";"MG";381;911,1;"CAMANDUCAIA";"Velocidade Incompatível";"Colisão lateral";"Sem Vítimas";"Pleno dia";"Crescente";"Céu Claro";"Dupla";"Reta;Interseção de Vias";"Não";4;0;0;0;3;2;0;5;-22,69980191;-46,11556828;"SPRF-MG";"DEL16-MG";"UOP03-DEL16-MG"
151517;2018-08-07;"terça-feira";"11:20:00";"SC";470;180;"POUSO REDONDO";"Ultrapassagem Indevida";"Colisão lateral";"Com Vítimas Feridas";"Pleno dia";"Crescente";"Sol";"Simples";"Curva";"Não";6;0;1;0;4;2;1;5;-27,257914;-49,9198719;"SPRF-SC";"DEL04-SC";"UOP02-DEL04-SC"
151518;2018-08-07;"terça-feira";"11:50:00";"CE";222;36;"CAUCAIA";"Carga excessiva e/ou mal acondicionada";"Tombamento";"Com Vítimas Feridas";"Pleno dia";"Decrescente";"Céu Claro";"Simples";"Rotatória";"Não";3;0;1;0;1;1;1;2;-3,697668;-38,873131;"SPRF-CE";"DEL01-CE";"UOP01-DEL01-CE"
151519;2018-08-07;"terça-feira";"09:15:00";"PR";369;473,9;"CORBELIA";"Desobediência às normas de trânsito pelo condutor";"Colisão transversal";"Com Vítimas Feridas";"Pleno dia";"Decrescente";"Nevoeiro/Neblina";"Simples";"Interseção de Vias";"Não";7;0;2;1;3;5;3;10;-24,58787082;-53,20115447;"SPRF-PR";"DEL04-PR";"UOP03-DEL04-PR"
151520;2018-06-17;"domingo";"16:35:00";"RS";116;121,5;"SAO MARCOS";"Falta de Atenção à Condução";"Colisão transversal";"Com Vítimas Feridas";"Pleno dia";"Decrescente";"Céu Claro";"Simples";"Curva";"Não";2;0;1;0;1;0;1;2;-29,00573;-51,06934;"SPRF-RS";"DEL05-RS";"UOP01-DEL05-RS"
151524;2018-08-07;"terça-feira";"12:30:00";"SE";101;56;"CARMOPOLIS";"Desobediência às normas de trânsito pelo condutor";"Colisão lateral";"Com Vítimas Feridas";"Pleno dia";"Crescente";"Céu Claro";"Simples";"Curva";"Não";2;0;1;0;1;0;1;2;-10,63817022;-37,00787544;"SPRF-SE";"DEL02-SE";"UOP02-DEL02-SE"
151525;2018-06-11;"segunda-feira";"02:20:00";"MG";365;638,2;"UBERLANDIA";"Falta de Atenção à Condução";"Colisão traseira";"Com Vítimas Fatais";"Plena Noite";"Decrescente";"Céu Claro";"Dupla";"Reta";"Não";33;1;29;0;2;1;29;3;-18,9146078;-48,2753801;"SPRF-MG";"DEL15-MG";"UOP01-DEL15-MG"
151531;2018-07-28;"sábado";"00:10:00";"PR";277;701,5;"SAO MIGUEL DO IGUACU";"Condutor Dormindo";"Colisão traseira";"Com Vítimas Fatais";"Plena Noite";"Crescente";"Céu Claro";"Dupla";"Reta";"Não";3;1;0;0;1;1;0;3;-25,41427;-54,34265;"SPRF-PR";"DEL05-PR";"UOP01-DEL05-PR"
151534;2018-08-07;"terça-feira";"13:00:00";"MG";381;907,1;"CAMBUI";"Defeito Mecânico no Veículo";"Tombamento";"Sem Vítimas";"Pleno dia";"Crescente";"Céu Claro";"Dupla";"Reta";"Não";1;0;0;0;1;0;0;1;-22,679;-46,0995;"SPRF-MG";"DEL16-MG";"UOP03-DEL16-MG"
151537;2018-06-09;"sábado";"05:15:00";"PE";104;16,4;"TAQUARITINGA DO NORTE";"Falta de Atenção à Condução";"Colisão frontal";"Com Vítimas Feridas";"Amanhecer";"Crescente";"Nevoeiro/Neblina";"Simples";"Curva";"Não";4;0;0;1;3;0;1;2;-7,927448;-36,116962;"SPRF-PE";"DEL02-PE";"UOP01-DEL02-PE"
151538;2018-08-07;"terça-feira";"14:15:00";"SC";116;13,4;"MAFRA";"Desobediência às normas de trânsito pelo condutor";"Engavetamento";"Com Vítimas Feridas";"Pleno dia";"Crescente";"Céu Claro";"Simples";"Reta";"Não";8;0;0;5;2;3;5;7;-26,1914398;-49,87677005;"SPRF-SC";"DEL06-SC";"UOP01-DEL06-SC"
151546;2018-08-07;"terça-feira";"14:10:00";"RN";110;100,1;"UPANEMA";"Defeito Mecânico no Veículo";"Tombamento";"Sem Vítimas";"Pleno dia";"Decrescente";"Sol";"Dupla";"Reta";"Sim";2;0;0;0;1;1;0;2;-5,646142;-37,258858;"SPRF-RN";"DEL04-RN";"UOP01-DEL04-RN"
151552;2018-08-07;"terça-feira";"11:30:00";"SC";282;554;"NOVA ITABERABA";"Falta de Atenção à Condução";"Colisão frontal";"Com Vítimas Feridas";"Pleno dia";"Crescente";"Sol";"Simples";"Curva";"Não";2;0;1;0;1;0;1;2;-26,93599727;-52,79409841;"SPRF-SC";"DEL07-SC";"UOP01-DEL07-SC"
151553;2018-08-07;"terça-feira";"14:30:00";"MA";316;277,5;"BELA VISTA DO MARANHAO";"Falta de Atenção à Condução";"Colisão lateral";"Com Vítimas Feridas";"Pleno dia";"Crescente";"Céu Claro";"Simples";"Reta";"Sim";5;0;2;0;1;2;2;4;-3,73814699;-45,25571108;"SPRF-MA";"DEL02-MA";"UI04-DEL02-MA"
151562;2018-07-27;"sexta-feira";"08:15:00";"PI";343;153,1;"PIRACURUCA";"Falta de Atenção à Condução";"Colisão lateral";"Com Vítimas Feridas";"Pleno dia";"Decrescente";"Céu Claro";"Simples";"Reta";"Não";7;0;1;0;6;0;1;3;-4,011082;-41,77187;"SPRF-PI";"DEL02-PI";"UOP01-DEL02-PI"
151564;2018-08-07;"terça-feira";"14:50:00";"MT";364;439;"VARZEA GRANDE";"Não guardar distância de segurança";"Colisão traseira";"Com Vítimas Feridas";"Pleno dia";"Decrescente";"Céu Claro";"Simples";"Curva";"Não";3;0;1;0;1;5;1;7;-15,6073309;-56,20330811;"SPRF-MT";"DEL01-MT";"DEL2/4-UOP02/MT"
151565;2018-08-07;"terça-feira";"17:20:00";"MG";381;502;"BETIM";"Velocidade Incompatível";"Tombamento";"Com Vítimas Feridas";"Pleno dia";"Crescente";"Céu Claro";"Dupla";"Curva";"Sim";3;0;1;0;2;0;1;3;-20,0236;-44,2299;"SPRF-MG";"DEL01-MG";"UOP03-DEL01-MG"
151567;2018-08-07;"terça-feira";"17:10:00";"GO";50;97,2;"CRISTALINA";"Desobediência às normas de trânsito pelo condutor";"Colisão transversal";"Com Vítimas Fatais";"Pleno dia";"Decrescente";"Nublado";"Dupla";"Reta";"Sim";4;2;0;0;1;1;0;3;-16,76310464;-47,61345863;"SPRF-DF";"DEL01-DF";"UOP02-DEL01-DF"
151573;2018-04-14;"sábado";"23:05:00";"RS";392;86;"PELOTAS";"Ingestão de Álcool";"Saída de leito carroçável";"Sem Vítimas";"Plena Noite";"Decrescente";"Céu Claro";"Simples";"Reta";"Não";5;0;0;0;1;5;0;4;-31,635014;-52,493736;"SPRF-RS";"DEL07-RS";"UOP01-DEL07-RS"