"id";"data_inversa";"dia_semana";"horario";"uf";"br";"km";"municipio";"causa_acidente";"tipo_acidente";"classificacao_acidente";"fase_dia";"sentido_via";"condicao_metereologica";"tipo_pista";"tracado_via";"uso_solo";"pessoas";"mortos";"feridos_leves";"feridos_graves";"ilesos";"ignorados";"feridos";"veiculos";"latitude";"longitude";"regional";"delegacia";"uop"
151843;2018-08-09;"quinta-feira";"06:30:00";"BA";410;2;"RIBEIRA DO POMBAL";"Falta de Atenção à Condução";"Colisão traseira";"Com Vítimas Feridas";"Pleno dia";"Crescente";"Céu Claro";"Simples";"Reta";"Sim";3;0;2;0;1;0;2;2;-10,82369551;-38,54278564;"SPRF-BA";"DEL07-BA";"UOP02-DEL07-BA"
151846;2018-08-09;"quinta-feira";"07:30:00";"CE";20;428,8;"FORTALEZA";"Não guardar distância de segurança";"Engavetamento";"Sem Vítimas";"Pleno dia";"Crescente";"Céu Claro";"Dupla";"Reta";"Sim";3;0;0;0;3;0;0;3;-3,870301;-38,503056;"SPRF-CE";"DEL01-CE";"UOP02-DEL01-CE"
151847;2018-08-09;"quinta-feira";"06:20:00";"ES";101;2,7;"VITORIA";"Falta de Atenção à Condução";"Colisão lateral";"Com Vítimas Feridas";"Pleno dia";"Crescente";"Céu Claro";"Dupla";"Reta";"Sim";4;0;2;0;1;1;2;3;-20,25277608;-40,28798103;"SPRF-ES";"DEL02-ES";"UOP01-DEL02-ES"
151855;2018-08-09;"quinta-feira";"08:00:00";"GO";60;108,6;"GOIANAPOLIS";"Falta de Atenção à Condução";"Colisão traseira";"Com Vítimas Feridas";"Pleno dia";"Decrescente";"Céu Claro";"Dupla";"Reta";"Não";3;0;1;0;1;1;1;3;-16,44365877;-49,01996613;"SPRF-GO";"DEL01-GO";"UOP01-DEL01-GO"
151857;2018-08-09;"quinta-feira";"08:30:00";"DF";70;4;"BRASILIA";"Falta de Atenção à Condução";"Colisão lateral";"Com Vítimas Feridas";"Pleno dia";"Decrescente";"Céu Claro";"Dupla";"Reta";"Sim";3;0;1;0;2;0;1;2;-15,798115;-48,089317;"SPRF-DF";"DEL01-DF";"UOP02-DEL03-DF"
151859;2018-08-09;"quinta-feira";"07:50:00";"MG";381;710;"NEPOMUCENO";"Velocidade Incompatível";"Saída de leito carroçável";"Com Vítimas Feridas";"Amanhecer";"Crescente";"Garoa/Chuvisco";"Dupla";"Curva";"Não";2;0;1;0;0;1;1;2;-21,3588;-45,1894;"SPRF-MG";"DEL04-MG";"UOP02-DEL04-MG"
151861;2018-08-09;"quinta-feira";"04:45:00";"MG";381;674,6;"PERDOES";"Velocidade Incompatível";"Tombamento";"Com Vítimas Feridas";"Amanhecer";"Decrescente";"Chuva";"Dupla";"Curva";"Não";2;0;1;0;0;1;1;2;-21,08868443;-45,06674409;"SPRF-MG";"DEL04-MG";"UOP02-DEL04-MG"
151863;2018-08-09;"quinta-feira";"09:15:00";"MG";381;761,6;"CAMPANHA";"Velocidade Incompatível";"Colisão com objeto estático";"Com Vítimas Feridas";"Pleno dia";"Crescente";"Nublado";"Dupla";"Curva";"Não";4;0;1;0;2;1;1;4;-21,70376808;-45,36925435;"SPRF-MG";"DEL16-MG";"UOP02-DEL16-MG"
151865;2018-07-24;"terça-feira";"18:00:00";"RS";290;96;"PORTO ALEGRE";"Defeito Mecânico no Veículo";"Colisão com objeto estático";"Sem Vítimas";"Plena Noite";"Decrescente";"Chuva";"Múltipla";"Curva";"Sim";2;0;0;0;1;2;0;3;-29,99706285;-51,20598961;"SPRF-RS";"DEL01-RS";"UOP01-DEL01-RS"
151866;2018-07-04;"quarta-feira";"11:30:00";"MG";116;640,9;"DIVINO";"Falta de Atenção à Condução";"Capotamento";"Com Vítimas Feridas";"Pleno dia";"Decrescente";"Sol";"Simples";"Curva";"Não";3;0;1;0;0;2;1;3;-20,61640007;-42,22421855;"SPRF-MG";"DEL07-MG";"UOP03-DEL07-MG"
151870;2018-03-03;"sábado";"03:30:00";"SP";116;377,6;"MIRACATU";"Condutor Dormindo";"Saída de leito carroçável";"Com Vítimas Feridas";"Plena Noite";"Crescente";"Nublado";"Dupla";"Curva";"Não";2;0;1;0;0;1;1;2;-24,19931545;-47,36972362;"SPRF-SP";"DEL04-SP";"UOP02-DEL04-SP"
151873;2018-08-09;"quinta-feira";"08:30:00";"RO";319;64;"PORTO VELHO";"Falta de Atenção à Condução";"Colisão lateral";"Sem Vítimas";"Pleno dia";"Crescente";"Sol";"Dupla";"Viaduto";"Sim";2;0;0;0;2;0;0;2;-8,77082735;-63,88348103;"SPRF-RO";"DEL01-RO";"UOP01-DEL01-RO"
151877;2018-08-09;"quinta-feira";"10:30:00";"GO";40;4;"VALPARAISO DE GOIAS";"Velocidade Incompatível";"Atropelamento de Pedestre";"Com Vítimas Feridas";"Pleno dia";"Crescente";"Garoa/Chuvisco";"Dupla";"Reta";"Sim";2;0;0;1;1;0;1;2;-16,085241;-47,986752;"SPRF-DF";"DEL01-DF";"UOP01-DEL01-DF"
151882;2018-07-31;"terça-feira";"16:20:00";"ES";101;396,7;"RIO NOVO DO SUL";"Defeito Mecânico no Veículo";"Colisão com objeto em movimento";"Com Vítimas Fatais";"Pleno dia";"Decrescente";"Nublado";"Simples";"Curva";"Não";4;1;0;0;1;2;0;4;-20,87569408;-40,95735312;"SPRF-ES";"DEL03-ES";"UOP02-DEL03-ES"
151887;2018-07-31;"terça-feira";"09:00:00";"PB";230;35;"BAYEUX";"Não guardar distância de segurança";"Colisão traseira";"Com Vítimas Feridas";"Pleno dia";"Crescente";"Sol";"Dupla";"Reta";"Sim";2;0;1;0;1;0;1;2;-7,1268;-34,9412;"SPRF-PB";"DEL01-PB";"UOP01-DEL01-PB"
151893;2018-08-09;"quinta-feira";"12:00:00";"RJ";116;133;"MAGE";"Falta de Atenção à Condução";"Colisão lateral";"Sem Vítimas";"Pleno dia";"Decrescente";"Céu Claro";"Múltipla";"Reta";"Não";3;0;0;0;3;0;0;2;-22,654179;-43,143852;"SPRF-RJ";"DEL04-RJ";"UOP02-DEL04-RJ"
151894;2018-08-09;"quinta-feira";"11:30:00";"RS";472;155,7;"SANTA ROSA";"Desobediência às normas de trânsito pelo condutor";"Colisão lateral";"Com Vítimas Feridas";"Pleno dia";"Decrescente";"Garoa/Chuvisco";"Simples";"Reta";"Não";3;0;1;1;1;0;2;2;-27,83543298;-54,42970276;"SPRF-RS";"DEL10-RS";"UOP01-DEL10-RS"
151904;2018-08-09;"quinta-feira";"13:30:00";"SC";101;204,7;"SAO JOSE";"Falta de Atenção à Condução";"Colisão lateral";"Com Vítimas Feridas";"Pleno dia";"Decrescente";"Céu Claro";"Múltipla";"Aclive;Reta";"Não";6;0;2;1;2;2;3;4;-27,5832;-48,6151;"SPRF-SC";"DEL01-SC";"UOP01-DEL01-SC"
151906;2018-08-09;"quinta-feira";"13:50:00";"BA";101;221,4;"CRUZ DAS ALMAS";"Ingestão de Álcool";"Colisão transversal";"Com Vítimas Feridas";"Pleno dia";"Crescente";"Sol";"Simples";"Reta";"Não";2;0;1;0;1;0;1;2;-12,66273358;-39,1279006;"SPRF-BA";"DEL01-BA";"UOP02-DEL01-BA"
151911;2018-08-09;"quinta-feira";"09:00:00";"BA";20;101;"SAO DESIDERIO";"Agressão Externa";"Incêndio";"Sem Vítimas";"Pleno dia";"Decrescente";"Céu Claro";"Simples";"Reta";"Não";2;0;0;0;1;1;0;2;-13,064387;-46,009563;"SPRF-BA";"DEL10-BA";"UOP01-DEL10-BA"
151912;2018-08-09;"quinta-feira";"09:00:00";"MG";40;138;"JOAO PINHEIRO";"Pista Escorregadia";"Saída de leito carroçável";"Sem Vítimas";"Pleno dia";"Decrescente";"Garoa/Chuvisco";"Simples";"Curva";"Não";2;0;0;0;2;0;0;1;-17,727551;-46,214302;"SPRF-MG";"DEL14-MG";"UOP01-DEL14-MG"
151923;2018-08-09;"quinta-feira";"15:20:00";"BA";116;460;"SANTO ESTEVAO";"Não guardar distância de segurança";"Colisão traseira";"Com Vítimas Feridas";"Pleno dia";"Crescente";"Céu Claro";"Simples";"Reta";"Sim";3;0;1;0;1;1;1;3;-12,44596384;-39,24144745;"SPRF-BA";"DEL02-BA";"UOP01-DEL02-BA"
151926;2018-08-09;"quinta-feira";"16:00:00";"DF";20;50;"BRASILIA";"Avarias e/ou desgaste excessivo no pneu";"Capotamento";"Com Vítimas Feridas";"Pleno dia";"Decrescente";"Céu Claro";"Dupla";"Reta";"Não";3;0;2;0;0;1;2;2;-15,581447;-47,421925;"SPRF-DF";"DEL02-DF";"UOP01-DEL02-DF"
151932;2018-08-09;"quinta-feira";"16:30:00";"MG";381;494,7;"BETIM";"Falta de Atenção à Condução";"Colisão lateral";"Sem Vítimas";"Pleno dia";"Crescente";"Sol";"Dupla";"Reta";"Sim";2;0;0;0;2;0;0;2;-19,9731;-44,1843;"SPRF-MG";"DEL01-MG";"UOP03-DEL01-MG"
151933;2018-08-09;"quinta-feira";"16:00:00";"PR";376;223,8;"CAMBIRA";"Restrição de Visibilidade";"Colisão transversal";"Com Vítimas Feridas";"Pleno dia";"Crescente";"Céu Claro";"Dupla";"Interseção de Vias";"Sim";4;0;2;0;1;1;2;3;-23,5960673;-51,58050385;"SPRF-PR";"DEL07-PR";"UOP03-DEL07-PR"
151934;2018-08-09;"quinta-feira";"17:05:00";"GO";60;97;"ANAPOLIS";"Falta de Atenção à Condução";"Colisão lateral";"Com Vítimas Feridas";"Pleno dia";"Crescente";"Céu Claro";"Dupla";"Retorno Regulamentado";"Sim";3;0;2;0;1;0;2;2;-16,38195007;-48,95272046;"SPRF-GO";"DEL02-GO";"UOP01-DEL02-GO"
151936;2018-08-09;"quinta-feira";"14:00:00";"PR";153;460,5;"UNIAO DA VITORIA";"Velocidade Incompatível";"Colisão lateral";"Com Vítimas Feridas";"Pleno dia";"Crescente";"Céu Claro";"Simples";"Aclive";"Não";8;0;2;2;3;1;4;5;-26,23734308;-51,15582526;"SPRF-PR";"DEL02-PR";"UOP03-DEL02-PR"
151939;2018-08-09;"quinta-feira";"17:25:00";"PR";376;600;"CURITIBA";"Não guardar distância de segurança";"Colisão traseira";"Com Vítimas Fatais";"Pleno dia";"Decrescente";"Céu Claro";"Dupla";"Reta";"Sim";3;1;1;0;1;0;1;2;-25,53369019;-49,3190217;"SPRF-PR";"DEL01-PR";"UOP06-DEL01-PR"
151941;2018-08-09;"quinta-feira";"15:00:00";"BA";407;5;"JUAZEIRO";"Condutor Dormindo";"Colisão frontal";"Com Vítimas Feridas";"Pleno dia";"Crescente";"Céu Claro";"Simples";"Reta";"Sim";2;0;1;0;1;0;1;2;-9,44649;-40,49109;"SPRF-PE";"DEL06-PE";"UOP01-DEL06-PE"
151953;2018-08-09;"quinta-feira";"16:30:00";"MT";70;516;"VARZEA GRANDE";"Falta de Atenção à Condução";"Colisão transversal";"Com Vítimas Feridas";"Pleno dia";"Crescente";"Céu Claro";"Simples";"Reta";"Sim";3;0;0;1;1;3;1;5;-15,70262256;-56,15406275;"SPRF-MT";"DEL01-MT";"DEL2/4-UOP02/MT"
151956;2018-08-09;"quinta-feira";"17:50:00";"RJ";116;269,5;"BARRA MANSA";"Defeito na Via";"Tombamento";"Sem Vítimas";"Anoitecer";"Decrescente";"Céu Claro";"Dupla";"Aclive;Curva";"Sim";2;0;0;0;2;0;0;1;-22,56266906;-44,15737867;"SPRF-RJ";"DEL07-RJ";"UOP02-DEL07-RJ"
151960;2018-08-09;"quinta-feira";"19:30:00";"PR";376;174,2;"MARINGA";"Não guardar distância de segurança";"Colisão lateral";"Com Vítimas Feridas";"Plena Noite";"Decrescente";"Ignorado";"Dupla";"Reta";"Sim";4;0;0;1;3;0;1;4;-23,41655876;-51,956554;"SPRF-PR";"DEL07-PR";"UOP01-DEL09-PR"
151965;2018-08-09;"quinta-feira";"15:35:00";"SC";116;99;"MONTE CASTELO";"Falta de Atenção à Condução";"Colisão transversal";"Com Vítimas Feridas";"Pleno dia";"Crescente";"Céu Claro";"Simples";"Reta";"Não";2;0;1;0;1;0;1;2;-26,768562;-50,350533;"SPRF-SC";"DEL06-SC";"UOP02-DEL06-SC"
151966;2018-03-21;"quarta-feira";"03:20:00";"SP";116;353,3;"MIRACATU";"Defeito Mecânico no Veículo";"Tombamento";"Sem Vítimas";"Plena Noite";"Crescente";"Chuva";"Dupla";"Reta";"Não";1;0;0;0;1;0;0;1;-24,12670196;-47,27348328;"SPRF-SP";"DEL04-SP";"UOP03-DEL04-SP"
151967;2018-08-09;"quinta-feira";"19:20:00";"CE";116;3,1;"FORTALEZA";"Não guardar distância de segurança";"Colisão lateral";"Sem Vítimas";"Plena Noite";"Decrescente";"Céu Claro";"Dupla";"Aclive;Curva;Viaduto";"Sim";3;0;0;0;2;1;0;3;-3,77870633;-38,513644;"SPRF-CE";"DEL01-CE";"UOP02-DEL01-CE"
151971;2018-08-09;"quinta-feira";"20:25:00";"RJ";101;509;"ANGRA DOS REIS";"Falta de Atenção do Pedestre";"Atropelamento de Pedestre";"Com Vítimas Feridas";"Plena Noite";"Crescente";"Nublado";"Simples";"Reta";"Não";2;0;0;1;1;0;1;2;-22,95513074;-44,43694264;"SPRF-RJ";"DEL03-RJ";"UOP02-DEL03-RJ"
151973;2018-08-09;"quinta-feira";"21:10:00";"MG";354;761;"ITAMONTE";"Defeito Mecânico no Veículo";"Capotamento";"Com Vítimas Feridas";"Plena Noite";"Decrescente";"Céu Claro";"Simples";"Curva";"Não";1;0;1;0;0;0;1;1;-22,35539436;-44,79031563;"SPRF-MG";"DEL05-MG";"UOP01-DEL17-MG"
151974;2018-07-25;"quarta-feira";"05:20:00";"PA";316;78,2;"SAO FRANCISCO DO PARA";"Velocidade Incompatível";"Colisão frontal";"Com Vítimas Fatais";"Amanhecer";"Crescente";"Céu Claro";"Simples";"Curva";"Não";9;2;1;2;2;2;3;3;-1,30417051;-47,78640747;"SPRF-PA";"DEL01-PA";"UOP01-DEL01-PA"
151978;2018-08-09;"quinta-feira";"20:45:00";"SP";116;212;"GUARULHOS";"Defeito Mecânico no Veículo";"Tombamento";"Sem Vítimas";"Plena Noite";"Crescente";"Nublado";"Múltipla";"Reta";"Não";2;0;0;0;1;1;0;2;-23,43780121;-46,4331311;"SPRF-SP";"DEL01-SP";"UOP01-DEL01-SP"
151982;2018-08-09;"quinta-feira";"19:00:00";"MG";381;759,9;"TRES CORACOES";"Ingestão de Álcool";"Saída de leito carroçável";"Sem Vítimas";"Plena Noite";"Crescente";"Céu Claro";"Dupla";"Reta;Aclive";"Não";2;0;0;0;1;1;0;2;-21,6962;-45,3613;"SPRF-MG";"DEL16-MG";"UOP02-DEL16-MG"
151985;2018-08-09;"quinta-feira";"17:30:00";"PE";101;67;"RECIFE";"Sinalização da via insuficiente ou inadequada";"Colisão com objeto estático";"Sem Vítimas";"Anoitecer";"Crescente";"Chuva";"Dupla";"Reta";"Sim";1;0;0;0;1;0;0;1;-8,0376115;-34,94163925;"SPRF-PE";"DEL01-PE";"UOP01-DEL01-PE"
151989;2018-08-09;"quinta-feira";"15:45:00";"RO";364;854;"PORTO VELHO";"Não guardar distância de segurança";"Colisão traseira";"Com Vítimas Feridas";"Pleno dia";"Decrescente";"Céu Claro";"Simples";"Declive";"Não";10;0;1;0;6;4;1;6;-9,49545574;-64,79444504;"SPRF-RO";"DEL01-RO";"UOP02-DEL01-RO"
151991;2018-08-10;"sexta-feira";"00:10:00";"PR";116;166,7;"QUITANDINHA";"Falta de Atenção à Condução";"Colisão frontal";"Com Vítimas Feridas";"Plena Noite";"Crescente";"Céu Claro";"Simples";"Reta";"Não";2;0;0;1;1;0;1;2;-25,87538876;-49,48420268;"SPRF-PR";"DEL01-PR";"UOP03-DEL01-PR"
151992;2018-08-10;"sexta-feira";"01:00:00";"RJ";116;232;"PIRAI";"Falta de Atenção à Condução";"Colisão com objeto estático";"Com Vítimas Feridas";"Amanhecer";"Decrescente";"Nublado";"Dupla";"Curva";"Não";2;0;1;0;0;1;1;2;-22,66543;-43,88032;"SPRF-RJ";"DEL07-RJ";"UOP01-DEL07-RJ"
151993;2018-08-09;"quinta-feira";"23:50:00";"MG";381;541,1;"ITATIAIUCU";"Não guardar distância de segurança";"Colisão traseira";"Com Vítimas Feridas";"Plena Noite";"Decrescente";"Ignorado";"Dupla";"Declive;Reta";"Não";2;0;1;0;1;0;1;2;-20,239;-44,4108;"SPRF-MG";"DEL04-MG";"UOP03-DEL04-MG"
151998;2018-08-10;"sexta-feira";"02:10:00";"RJ";101;144;"MACAE";"Falta de Atenção à Condução";"Tombamento";"Com Vítimas Feridas";"Plena Noite";"Crescente";"Ignorado";"Dupla";"Curva";"Não";2;0;1;0;0;1;1;2;-22,21328;-41,754265;"SPRF-RJ";"DEL02-RJ";"UOP04-DEL08-RJ"
152003;2018-08-10;"sexta-feira";"05:50:00";"RS";153;50,1;"ERECHIM";"Falta de Atenção do Pedestre";"Atropelamento de Pedestre";"Com Vítimas Fatais";"Plena Noite";"Crescente";"Nevoeiro/Neblina";"Simples";"Reta;Aclive";"Sim";2;1;0;0;1;0;0;2;-27,656242;-52,275589;"SPRF-RS";"DEL08-RS";"UOP04-DEL08-RS"
152009;2018-08-09;"quinta-feira";"22:00:00";"BA";110;287,7;"INHAMBUPE";"Falta de Atenção à Condução";"Tombamento";"Com Vítimas Feridas";"Plena Noite";"Crescente";"Céu Claro";"Simples";"Curva";"Não";3;0;1;0;1;1;1;2;-11,75994072;-38,32756519;"SPRF-BA";"DEL01-BA";"UOP04-DEL01-BA"
152014;2018-08-10;"sexta-feira";"04:30:00";"MG";116;343,8;"CAMPANARIO";"Condutor Dormindo";"Tombamento";"Sem Vítimas";"Amanhecer";"Decrescente";"Ignorado";"Simples";"Reta";"Não";2;0;0;0;1;1;0;2;-18,350835;-41,773854;"SPRF-MG";"DEL11-MG";"UOP01-DEL11-MG"
152025;2018-05-17;"quinta-feira";"20:05:00";"PE";101;128;"ESCADA";"Pista Escorregadia";"Saída de leito carroçável";"Com Vítimas Feridas";"Plena Noite";"Decrescente";"Garoa/Chuvisco";"Simples";"Reta";"Não";2;0;1;0;0;1;1;2;-8,3839;-35,2487;"SPRF-PE";"DEL01-PE";"UOP03-DEL01-PE"
152032;2018-08-10;"sexta-feira";"07:00:00";"RJ";40;109;"DUQUE DE CAXIAS";"Pista Escorregadia";"Tombamento";"Sem Vítimas";"Amanhecer";"Decrescente";"Chuva";"Simples";"Retorno Regulamentado";"Sim";2;0;0;0;1;1;0;2;-22,67088746;-43,28433037;"SPRF-RJ";"DEL01-RJ";"UOP01-DEL01-RJ"
152039;2018-08-10;"sexta-feira";"08:40:00";"PE";101;136,4;"ESCADA";"Velocidade Incompatível";"Tombamento";"Com Vítimas Fatais";"Pleno dia";"Crescente";"Sol";"Dupla";"Reta";"Não";3;1;0;0;0;2;0;2;-8,41466125;-35,30469418;"SPRF-PE";"DEL01-PE";"UOP03-DEL01-PE"
152041;2018-08-10;"sexta-feira";"08:50:00";"ES";101;266,3;"SERRA";"Restrição de Visibilidade";"Colisão lateral";"Com Vítimas Feridas";"Pleno dia";"Crescente";"Céu Claro";"Dupla";"Reta";"Sim";3;0;1;0;1;1;1;3;-20,19424916;-40,2688542;"SPRF-ES";"DEL02-ES";"UOP01-DEL02-ES"
152047;2018-08-10;"sexta-feira";"06:30:00";"MG";459;67,8;"SENADOR JOSE BENTO";"Condutor Dormindo";"Colisão frontal";"Com Vítimas Feridas";"Pleno dia";"Decrescente";"Sol";"Simples";"Curva";"Não";4;0;2;0;1;1;2;3;-22,13260607;-46,17720008;"SPRF-MG";"DEL09-MG";"UOP01-DEL09-MG"
152053;2018-08-10;"sexta-feira";"06:30:00";"PE";232;31;"MORENO";"Falta de Atenção à Condução";"Colisão traseira";"Com Vítimas Feridas";"Pleno dia";"Decrescente";"Céu Claro";"Dupla";"Curva";"Não";2;0;0;1;1;0;1;2;-8,106757;-35,158428;"SPRF-PE";"DEL01-PE";"UOP02-DEL02PE"
152054;2018-08-10;"sexta-feira";"10:15:00";"CE";222;5;"CAUCAIA";"Falta de Atenção à Condução";"Colisão lateral";"Sem Vítimas";"Pleno dia";"Crescente";"Céu Claro";"Múltipla";"Interseção de Vias";"Sim";2;0;0;0;2;0;0;2;-3,74315739;-38,6141324;"SPRF-CE";"DEL01-CE";"UOP01-DEL01-CE"
152056;2018-08-10;"sexta-feira";"09:30:00";"PE";232;54,1;"POMBOS";"Desobediência às normas de trânsito pelo condutor";"Colisão traseira";"Com Vítimas Feridas";"Pleno dia";"Decrescente";"Céu Claro";"Dupla";"Aclive;Curva";"Não";9;0;4;0;3;2;4;8;-8,12852809;-35,35365552;"SPRF-PE";"DEL01-PE";"UOP02-DEL02PE"
152057;2018-08-10;"sexta-feira";"09:30:00";"PB";230;93;"GURINHEM";"Falta de Atenção à Condução";"Colisão com objeto estático";"Com Vítimas Feridas";"Pleno dia";"Decrescente";"Sol";"Dupla";"Reta";"Não";2;0;0;1;1;0;1;2;-7,1777;-35,4181;"SPRF-PB";"DEL01-PB";"UOP03-DEL01-PB"
152058;2018-07-17;"terça-feira";"16:10:00";"MG";153;27;"CENTRALINA";"Falta de Atenção à Condução";"Colisão frontal";"Com Vítimas Fatais";"Pleno dia";"Decrescente";"Céu Claro";"Dupla";"Reta";"Não";4;2;1;0;0;3;1;5;-18,6616;-49,1663;"SPRF-MG";"DEL15-MG";"UOP03-DEL15-MG"
152063;2018-08-10;"sexta-feira";"10:40:00";"PA";316;26;"BENEVIDES";"Desobediência às normas de trânsito pelo condutor";"Colisão transversal";"Com Vítimas Feridas";"Pleno dia";"Crescente";"Sol";"Dupla";"Reta";"Sim";5;0;2;0;2;1;2;3;-1,32527;-48,232117;"SPRF-PA";"DEL01-PA";"DEL19/1-UOP05/PA"
152064;2018-07-31;"terça-feira";"15:00:00";"PB";230;137,1;"MASSARANDUBA";"Velocidade Incompatível";"Colisão lateral";"Com Vítimas Feridas";"Pleno dia";"Decrescente";"Céu Claro";"Dupla";"Curva";"Não";13;0;1;0;12;0;1;13;-7,270579;-35,787023;"SPRF-PB";"DEL02-PB";"UOP01-DEL02-PB"
152070;2018-08-10;"sexta-feira";"12:00:00";"MG";153;240,9;"FRONTEIRA";"Falta de Atenção à Condução";"Colisão lateral";"Com Vítimas Fatais";"Pleno dia";"Crescente";"Céu Claro";"Simples";"Reta";"Não";4;1;0;0;1;4;0;6;-20,26517;-49,18148;"SPRF-MG";"DEL13-MG";"UOP02-DEL13-MG"
152077;2018-08-10;"sexta-feira";"13:00:00";"BA";116;568;"NOVA ITARANA";"Defeito na Via";"Tombamento";"Sem Vítimas";"Pleno dia";"Crescente";"Céu Claro";"Simples";"Aclive";"Não";2;0;0;0;1;1;0;2;-13,029937;-39,962576;"SPRF-BA";"DEL03-BA";"UOP02-DEL03-BA"
152086;2018-08-10;"sexta-feira";"14:00:00";"DF";20;21;"BRASILIA";"Defeito Mecânico no Veículo";"Saída de leito carroçável";"Sem Vítimas";"Pleno dia";"Crescente";"Chuva";"Dupla";"Reta";"Sim";1;0;0;0;1;0;0;1;-15,603384;-47,684692;"SPRF-DF";"DEL02-DF";"UOP01-DEL02-DF"
152101;2018-08-10;"sexta-feira";"15:00:00";"MG";381;940,7;"EXTREMA";"Velocidade Incompatível";"Colisão com objeto estático";"Com Vítimas Feridas";"Pleno dia";"Decrescente";"Céu Claro";"Dupla";"Curva";"Não";2;0;1;0;0;1;1;2;-22,8281;-46,3141;"SPRF-MG";"DEL16-MG";"UOP03-DEL16-MG"
152102;2018-08-10;"sexta-feira";"14:30:00";"MT";364;368;"CUIABA";"Falta de Atenção à Condução";"Colisão frontal";"Com Vítimas Fatais";"Pleno dia";"Crescente";"Céu Claro";"Simples";"Reta";"Não";4;1;0;1;1;4;1;7;-15,711016;-55,698943;"SPRF-MT";"DEL02-MT";"UOP02-DEL01-MT"
152104;2018-08-10;"sexta-feira";"13:50:00";"PR";369;163;"CAMBE";"Falta de Atenção à Condução";"Colisão lateral";"Sem Vítimas";"Pleno dia";"Crescente";"Céu Claro";"Dupla";"Reta";"Sim";3;0;0;0;2;2;0;4;-23,29684144;-51,27705306;"SPRF-PR";"DEL07-PR";"UOP01-DEL07-PR"
152106;2018-07-13;"sexta-feira";"19:40:00";"SC";101;204,5;"SAO JOSE";"Velocidade Incompatível";"Colisão traseira";"Com Vítimas Feridas";"Plena Noite";"Crescente";"Céu Claro";"Múltipla";"Curva";"Sim";6;0;1;0;4;2;1;7;-27,5832;-48,6151;"SPRF-SC";"DEL01-SC";"UOP01-DEL01-SC"
152107;2018-08-10;"sexta-feira";"15:50:00";"SC";282;20,1;"PALHOCA";"Não guardar distância de segurança";"Colisão traseira";"Com Vítimas Feridas";"Pleno dia";"Crescente";"Céu Claro";"Simples";"Reta";"Sim";3;0;1;0;2;0;1;3;-27,683958;-48,71006;"SPRF-SC";"DEL01-SC";"UOP02-DEL01-SC"
152109;2018-08-10;"sexta-feira";"15:05:00";"GO";60;75;"ANAPOLIS";"Defeito Mecânico no Veículo";"Tombamento";"Com Vítimas Feridas";"Pleno dia";"Crescente";"Céu Claro";"Dupla";"Declive;Reta";"Não";4;0;1;0;2;1;1;2;-16,2774;-48,7864;"SPRF-GO";"DEL02-GO";"UOP01-DEL02-GO"
152114;2018-08-10;"sexta-feira";"16:00:00";"MG";251;334;"FRUTA DE LEITE";"Velocidade Incompatível";"Tombamento";"Com Vítimas Feridas";"Pleno dia";"Decrescente";"Céu Claro";"Simples";"Curva";"Não";2;0;0;1;0;1;1;2;-16,2639;-42,416;"SPRF-MG";"DEL12-MG";"UOP01-DEL12-MG"
152115;2018-08-10;"sexta-feira";"12:30:00";"SP";116;274;"TABOAO DA SERRA";"Falta de Atenção à Condução";"Colisão traseira";"Com Vítimas Feridas";"Pleno dia";"Decrescente";"Céu Claro";"Dupla";"Reta";"Sim";2;0;1;0;1;0;1;2;-23,61664856;-46,79044962;"SPRF-SP";"DEL04-SP";"UOP01-DEL04-SP"
152116;2018-08-10;"sexta-feira";"16:10:00";"MG";381;563,1;"ITAGUARA";"Condutor Dormindo";"Colisão traseira";"Com Vítimas Feridas";"Pleno dia";"Crescente";"Céu Claro";"Dupla";"Curva";"Sim";3;0;1;1;1;0;2;2;-20,39027045;-44,49263334;"SPRF-MG";"DEL04-MG";"UOP03-DEL04-MG"
152119;2018-08-10;"sexta-feira";"16:00:00";"RS";386;344,5;"LAJEADO";"Falta de Atenção à Condução";"Colisão traseira";"Sem Vítimas";"Pleno dia";"Decrescente";"Nublado";"Dupla";"Reta";"Sim";14;0;0;0;14;0;0;4;-29,44720286;-51,97423328;"SPRF-RS";"DEL04-RS";"UOP01-DEL04-RS"
152130;2018-08-10;"sexta-feira";"15:30:00";"RS";392;157,7;"CANGUCU";"Falta de Atenção à Condução";"Colisão traseira";"Com Vítimas Feridas";"Pleno dia";"Decrescente";"Céu Claro";"Simples";"Aclive";"Não";3;0;0;1;2;0;1;2;-31,127056;-52,895039;"SPRF-RS";"DEL07-RS";"UOP01-DEL07-RS"
152131;2018-06-21;"quinta-feira";"01:50:00";"PB";230;215;"SOLEDADE";"Falta de Atenção à Condução";"Colisão lateral";"Sem Vítimas";"Pleno dia";"Crescente";"Céu Claro";"Simples";"Reta";"Sim";3;0;0;0;2;2;0;4;-7,0577;-36,3629;"SPRF-PB";"DEL02-PB";"UOP02-DEL02-PB"
152133;2018-08-10;"sexta-feira";"17:10:00";"CE";20;408;"CAUCAIA";"Falta de Atenção à Condução";"Colisão traseira";"Com Vítimas Feridas";"Pleno dia";"Decrescente";"Céu Claro";"Dupla";"Reta";"Não";2;0;1;0;0;1;1;2;-3,78407457;-38,6561358;"SPRF-CE";"DEL01-CE";"UOP01-DEL01-CE"
152145;2018-08-10;"sexta-feira";"17:00:00";"PR";476;137,1;"CURITIBA";"Falta de Atenção à Condução";"Colisão lateral";"Sem Vítimas";"Anoitecer";"Crescente";"Nublado";"Simples";"Reta";"Sim";3;0;0;0;2;1;0;3;-25,49909703;-49,27841091;"SPRF-PR";"DEL01-PR";"UOP07-DEL01-PR"