"id";"data_inversa";"dia_semana";"horario";"uf";"br";"km";"municipio";"causa_acidente";"tipo_acidente";"classificacao_acidente";"fase_dia";"sentido_via";"condicao_metereologica";"tipo_pista";"tracado_via";"uso_solo";"pessoas";"mortos";"feridos_leves";"feridos_graves";"ilesos";"ignorados";"feridos";"veiculos";"latitude";"longitude";"regional";"delegacia";"uop"
152161;2018-08-10;"sexta-feira";"19:35:00";"RN";101;78;"NATAL";"Falta de Atenção à Condução";"Colisão transversal";"Com Vítimas Feridas";"Plena Noite";"Decrescente";"Nublado";"Dupla";"Reta";"Sim";4;0;1;1;1;2;2;4;-5,74338447;-35,28990716;"SPRF-RN";"DEL02-RN";"UOP01-DEL02-RN"
152169;2018-08-10;"sexta-feira";"19:50:00";"SC";101;217;"PALHOCA";"Falta de Atenção à Condução";"Colisão traseira";"Com Vítimas Feridas";"Plena Noite";"Decrescente";"Nublado";"Dupla";"Reta";"Sim";3;0;0;1;1;1;1;3;-27,6771;-48,67;"SPRF-SC";"DEL01-SC";"UOP02-DEL01-SC"
152173;2018-07-18;"quarta-feira";"21:30:00";"SC";101;312,4;"LAGUNA";"Ingestão de Álcool";"Atropelamento de Pedestre";"Com Vítimas Feridas";"Plena Noite";"Crescente";"Céu Claro";"Múltipla";"Interseção de Vias";"Sim";5;0;0;1;1;4;1;4;-28,44081;-48,817;"SPRF-SC";"DEL02-SC";"UOP01-DEL02-SC"
152178;2018-08-10;"sexta-feira";"15:40:00";"SC";116;105,8;"MONTE CASTELO";"Defeito Mecânico no Veículo";"Saída de leito carroçável";"Com Vítimas Feridas";"Pleno dia";"Decrescente";"Céu Claro";"Simples";"Curva";"Não";2;0;0;1;0;1;1;2;-26,768562;-50,350533;"SPRF-SC";"DEL06-SC";"UOP02-DEL06-SC"
152181;2018-08-10;"sexta-feira";"16:40:00";"BA";116;380;"SANTA BARBARA";"Não guardar distância de segurança";"Colisão traseira";"Sem Vítimas";"Pleno dia";"Crescente";"Céu Claro";"Simples";"Aclive";"Não";2;0;0;0;2;0;0;2;-12;-39;"SPRF-BA";"DEL02-BA";"DEL10/2-UOP02/BA"
152185;2018-08-10;"sexta-feira";"19:05:00";"SP";381;86;"SAO PAULO";"Velocidade Incompatível";"Engavetamento";"Com Vítimas Feridas";"Plena Noite";"Crescente";"Céu Claro";"Dupla";"Curva";"Sim";11;0;4;0;7;0;4;8;-23,4681952;-46,5709892;"SPRF-SP";"DEL03-SP";"DEL6/3-UOP03/SP"
152188;2018-08-10;"sexta-feira";"19:30:00";"RJ";101;581;"PARATY";"Desobediência às normas de trânsito pelo condutor";"Colisão com objeto em movimento";"Com Vítimas Fatais";"Anoitecer";"Decrescente";"Nublado";"Simples";"Reta";"Não";2;1;0;0;1;0;0;2;-23,23063967;-44,72036362;"SPRF-RJ";"DEL03-RJ";"UOP04-DEL03-RJ"
152195;2018-08-10;"sexta-feira";"13:00:00";"SC";153;47,7;"VARGEM BONITA";"Defeito Mecânico no Veículo";"Colisão com objeto estático";"Sem Vítimas";"Pleno dia";"Crescente";"Céu Claro";"Simples";"Interseção de Vias";"Não";2;0;0;0;1;2;0;3;-26,90722239;-51,77907944;"SPRF-SC";"DEL07-SC";"UOP07-DEL07-SC"
152204;2018-08-10;"sexta-feira";"21:30:00";"SC";470;227,3;"SAO CRISTOVAO DO SUL";"Ultrapassagem Indevida";"Saída de leito carroçável";"Com Vítimas Feridas";"Plena Noite";"Crescente";"Nublado";"Simples";"Curva";"Não";2;0;1;0;1;0;1;2;-27,326902;-50,35877097;"SPRF-SC";"DEL05-SC";"UOP03-DEL05-SC"
152206;2018-08-10;"sexta-feira";"17:20:00";"MG";116;603,5;"SAO JOAO DO MANHUACU";"Velocidade Incompatível";"Saída de leito carroçável";"Com Vítimas Feridas";"Anoitecer";"Crescente";"Nublado";"Simples";"Reta";"Não";2;0;0;1;0;1;1;2;-20,34753413;-42,14771479;"SPRF-MG";"DEL06-MG";"UOP03-DEL06-MG"
152211;2018-08-10;"sexta-feira";"22:00:00";"GO";60;440,3;"JATAI";"Falta de Atenção à Condução";"Colisão traseira";"Com Vítimas Feridas";"Plena Noite";"Crescente";"Céu Claro";"Dupla";"Aclive";"Não";3;0;1;0;1;4;1;6;-17,85034898;-51,49978638;"SPRF-GO";"DEL05-GO";"UOP01-DEL05-GO"
152213;2018-08-10;"sexta-feira";"22:40:00";"RS";448;4;"ESTEIO";"Falta de Atenção à Condução";"Colisão lateral";"Sem Vítimas";"Plena Noite";"Decrescente";"Chuva";"Dupla";"Reta";"Não";3;0;0;0;2;1;0;3;-29,8355158;-51,1716751;"SPRF-RS";"DEL01-RS";"UOP02-DEL01-RS"
152220;2018-08-10;"sexta-feira";"20:25:00";"BA";116;912,1;"ENCRUZILHADA";"Falta de Atenção à Condução";"Colisão transversal";"Sem Vítimas";"Plena Noite";"Decrescente";"Céu Claro";"Simples";"Reta";"Sim";3;0;0;0;2;1;0;3;-15,53117;-41,24737;"SPRF-BA";"DEL08-BA";"UOP03-DEL08-BA"
152222;2018-08-10;"sexta-feira";"23:30:00";"PI";316;39;"LAGOA DO PIAUI";"Falta de Atenção à Condução";"Saída de leito carroçável";"Com Vítimas Fatais";"Plena Noite";"Crescente";"Céu Claro";"Simples";"Reta";"Não";1;1;0;0;0;0;0;1;-5,40556202;-42,6498431;"SPRF-PI";"DEL01-PI";"UOP02-DEL01-PI"
152224;2018-08-11;"sábado";"02:05:00";"SC";470;57,7;"BLUMENAU";"Ingestão de Álcool";"Colisão lateral";"Sem Vítimas";"Plena Noite";"Crescente";"Céu Claro";"Simples";"Reta";"Sim";3;0;0;0;1;3;0;4;-26,87646399;-49,12537426;"SPRF-SC";"DEL04-SC";"UOP01-DEL04-SC"
152226;2018-06-01;"sexta-feira";"13:10:00";"RS";470;225;"GARIBALDI";"Desobediência às normas de trânsito pelo condutor";"Colisão transversal";"Com Vítimas Feridas";"Pleno dia";"Decrescente";"Chuva";"Simples";"Interseção de Vias";"Sim";3;0;0;1;1;1;1;3;-29,24605824;-51,51612103;"SPRF-RS";"DEL06-RS";"UOP01-DEL06-RS"
152227;2018-08-10;"sexta-feira";"22:55:00";"PE";423;61,5;"LAJEDO";"Ingestão de Álcool";"Saída de leito carroçável";"Com Vítimas Feridas";"Plena Noite";"Crescente";"Céu Claro";"Simples";"Reta";"Sim";2;0;1;0;1;0;1;1;-8,65845;-36,33071;"SPRF-PE";"DEL03-PE";"UOP01-DEL03-PE"
152230;2018-08-11;"sábado";"02:30:00";"PE";423;23,2;"SAO CAITANO";"Ingestão de Álcool";"Colisão frontal";"Com Vítimas Feridas";"Plena Noite";"Decrescente";"Céu Claro";"Simples";"Reta";"Não";4;0;3;0;1;0;3;2;-8,361423;-36,172173;"SPRF-PE";"DEL02-PE";"UOP03-DEL02-PE"
152232;2018-08-11;"sábado";"03:30:00";"SP";116;216,2;"GUARULHOS";"Falta de Atenção à Condução";"Colisão traseira";"Com Vítimas Fatais";"Plena Noite";"Decrescente";"Nublado";"Múltipla";"Reta";"Sim";3;1;0;0;1;1;0;3;-23,4525381;-46,46741509;"SPRF-SP";"DEL01-SP";"UOP01-DEL01-SP"
152235;2018-08-11;"sábado";"04:20:00";"SP";116;449;"REGISTRO";"Falta de Atenção à Condução";"Colisão traseira";"Com Vítimas Feridas";"Plena Noite";"Decrescente";"Nublado";"Dupla";"Reta";"Sim";3;0;1;0;2;0;1;2;-24,53650476;-47,85884857;"SPRF-SP";"DEL05-SP";"UOP01-DEL05-SP"
152240;2018-08-11;"sábado";"02:40:00";"PI";316;82,7;"LAGOINHA DO PIAUI";"Falta de Atenção à Condução";"Colisão lateral";"Com Vítimas Feridas";"Plena Noite";"Crescente";"Céu Claro";"Simples";"Reta";"Não";3;0;1;0;1;1;1;2;-5,7659189;-42,60783434;"SPRF-PI";"DEL01-PI";"UOP02-DEL01-PI"
152241;2018-08-11;"sábado";"05:00:00";"BA";101;475,4;"URUCUCA";"Falta de Atenção à Condução";"Colisão lateral";"Com Vítimas Feridas";"Amanhecer";"Crescente";"Nevoeiro/Neblina";"Múltipla";"Interseção de Vias";"Não";2;0;0;1;1;0;1;2;-14,56668899;-39,33439591;"SPRF-BA";"DEL05-BA";"UOP01-DEL05-BA"
152242;2018-08-11;"sábado";"05:20:00";"PE";232;134,1;"CARUARU";"Condutor Dormindo";"Tombamento";"Sem Vítimas";"Amanhecer";"Crescente";"Sol";"Dupla";"Reta";"Sim";1;0;0;0;1;0;0;1;-8,308835;-36,02533;"SPRF-PE";"DEL02-PE";"UOP03-DEL02-PE"
152249;2018-08-10;"sexta-feira";"20:00:00";"MG";116;264;"TEOFILO OTONI";"Falta de Atenção à Condução";"Colisão lateral";"Com Vítimas Feridas";"Plena Noite";"Crescente";"Céu Claro";"Simples";"Curva";"Não";5;0;2;0;2;1;2;3;-17,77092002;-41,49673462;"SPRF-MG";"DEL11-MG";"UOP01-DEL11-MG"
152251;2018-08-11;"sábado";"06:00:00";"RS";116;514;"PELOTAS";"Falta de Atenção à Condução";"Colisão traseira";"Com Vítimas Feridas";"Plena Noite";"Decrescente";"Céu Claro";"Simples";"Reta";"Sim";3;0;2;0;1;0;2;2;-31,6246516;-52,3134635;"SPRF-RS";"DEL07-RS";"UOP01-DEL07-RS"
152252;2018-08-10;"sexta-feira";"07:15:00";"SC";282;406,5;"CATANDUVAS";"Velocidade Incompatível";"Saída de leito carroçável";"Com Vítimas Feridas";"Pleno dia";"Decrescente";"Céu Claro";"Simples";"Curva";"Não";1;0;1;0;0;0;1;1;-27,092703;-51,659904;"SPRF-SC";"DEL07-SC";"UOP05-DEL07-SC"
152262;2018-08-11;"sábado";"05:40:00";"SC";101;330;"TUBARAO";"Ingestão de Álcool";"Colisão traseira";"Sem Vítimas";"Amanhecer";"Decrescente";"Céu Claro";"Dupla";"Reta";"Sim";6;0;0;0;5;1;0;6;-28,45136768;-48,97304368;"SPRF-SC";"DEL02-SC";"UOP01-DEL02-SC"
152264;2018-08-11;"sábado";"06:40:00";"RS";386;43;"SEBERI";"Ultrapassagem Indevida";"Colisão lateral";"Sem Vítimas";"Amanhecer";"Decrescente";"Céu Claro";"Simples";"Reta";"Não";4;0;0;0;2;2;0;4;-27,430225;-53,420662;"SPRF-RS";"DEL08-RS";"UOP02-DEL08-RS"
152267;2018-08-11;"sábado";"07:00:00";"PR";116;99;"PIRAQUARA";"Desobediência às normas de trânsito pelo condutor";"Colisão lateral";"Com Vítimas Feridas";"Pleno dia";"Crescente";"Sol";"Dupla";"Reta";"Não";4;0;2;0;1;2;2;4;-25,47845722;-49,099617;"SPRF-PR";"DEL01-PR";"UOP01-DEL01-PR"
152269;2018-08-11;"sábado";"06:20:00";"SC";101;90,7;"BARRA VELHA";"Defeito Mecânico no Veículo";"Saída de leito carroçável";"Com Vítimas Feridas";"Amanhecer";"Decrescente";"Céu Claro";"Dupla";"Reta";"Sim";1;0;1;0;0;0;1;1;-26,67465058;-48,69067485;"SPRF-SC";"DEL03-SC";"UOP02-DEL03-SC"
152270;2018-08-11;"sábado";"05:25:00";"SP";116;380;"MIRACATU";"Falta de Atenção à Condução";"Saída de leito carroçável";"Sem Vítimas";"Pleno dia";"Crescente";"Nevoeiro/Neblina";"Dupla";"Reta";"Não";2;0;0;0;1;1;0;2;-24,2211593;-47,3649684;"SPRF-SP";"DEL04-SP";"UOP02-DEL04-SP"
152275;2018-08-11;"sábado";"07:25:00";"MG";381;674,5;"PERDOES";"Restrição de Visibilidade";"Colisão com objeto estático";"Com Vítimas Feridas";"Amanhecer";"Decrescente";"Céu Claro";"Dupla";"Reta";"Não";3;0;1;0;1;1;1;3;-21,08910487;-45,06745555;"SPRF-MG";"DEL04-MG";"UOP02-DEL04-MG"
152276;2018-08-11;"sábado";"07:30:00";"MG";381;729,5;"CARMO DA CACHOEIRA";"Condutor Dormindo";"Colisão traseira";"Com Vítimas Feridas";"Pleno dia";"Decrescente";"Céu Claro";"Dupla";"Curva";"Não";3;0;0;2;1;0;2;2;-21,503;-45,215;"SPRF-MG";"DEL04-MG";"UOP02-DEL04-MG"
152286;2018-08-11;"sábado";"08:10:00";"BA";324;542;"AMELIA RODRIGUES";"Falta de Atenção à Condução";"Engavetamento";"Com Vítimas Feridas";"Pleno dia";"Decrescente";"Céu Claro";"Dupla";"Reta";"Sim";14;0;6;0;7;3;6;11;-12,39938451;-38,76236469;"SPRF-BA";"DEL01-BA";"UOP01-DEL01-BA"
152288;2018-08-11;"sábado";"09:20:00";"SC";101;136,2;"BALNEARIO CAMBORIU";"Falta de Atenção à Condução";"Colisão lateral";"Com Vítimas Feridas";"Pleno dia";"Decrescente";"Sol";"Simples";"Reta";"Não";2;0;0;1;1;0;1;2;-27,0158;-48,6117;"SPRF-SC";"DEL04-SC";"UOP03-DEL04-SC"
152290;2018-08-11;"sábado";"09:30:00";"AL";101;44,2;"FLEXEIRAS";"Velocidade Incompatível";"Tombamento";"Sem Vítimas";"Pleno dia";"Decrescente";"Céu Claro";"Dupla";"Curva";"Não";2;0;0;0;1;1;0;2;-9,194412;-35,787231;"SPRF-AL";"DEL01-AL";"UOP01-DEL01-AL"
152292;2018-08-11;"sábado";"09:30:00";"GO";60;382;"RIO VERDE";"Velocidade Incompatível";"Colisão traseira";"Com Vítimas Feridas";"Pleno dia";"Crescente";"Céu Claro";"Dupla";"Reta";"Sim";3;0;1;0;1;4;1;6;-17,79263;-50,90954;"SPRF-GO";"DEL04-GO";"UOP01-DEL04-GO"
152294;2018-08-11;"sábado";"10:00:00";"PE";423;131,5;"SALOA";"Defeito Mecânico no Veículo";"Tombamento";"Com Vítimas Feridas";"Pleno dia";"Crescente";"Céu Claro";"Simples";"Curva";"Não";2;0;1;0;0;2;1;3;-8,95924358;-36,76480293;"SPRF-PE";"DEL03-PE";"UOP01-DEL03-PE"
152326;2018-08-11;"sábado";"14:00:00";"MG";40;532,5;"BELO HORIZONTE";"Falta de Atenção à Condução";"Saída de leito carroçável";"Com Vítimas Feridas";"Pleno dia";"Decrescente";"Céu Claro";"Dupla";"Reta";"Sim";2;0;1;0;1;0;1;2;-19,92471355;-44,01357472;"SPRF-MG";"DEL01-MG";"UOP03-DEL01-MG"
152327;2018-08-11;"sábado";"12:05:00";"RS";290;29,2;"SANTO ANTONIO DA PATRULHA";"Falta de Atenção à Condução";"Colisão traseira";"Com Vítimas Feridas";"Pleno dia";"Decrescente";"Céu Claro";"Múltipla";"Reta";"Não";3;0;1;0;2;0;1;2;-29,883329;-50,54509;"SPRF-RS";"DEL03-RS";"UOP02-DEL03-RS"
152336;2018-08-11;"sábado";"11:35:00";"SC";116;110;"SANTA CECILIA";"Falta de Atenção à Condução";"Colisão traseira";"Com Vítimas Feridas";"Pleno dia";"Decrescente";"Céu Claro";"Simples";"Reta";"Não";3;0;1;0;2;0;1;2;-26,768562;-50,350533;"SPRF-SC";"DEL06-SC";"UOP02-DEL06-SC"
152339;2018-08-11;"sábado";"14:55:00";"MG";381;523,9;"BRUMADINHO";"Velocidade Incompatível";"Colisão lateral";"Com Vítimas Feridas";"Pleno dia";"Crescente";"Sol";"Dupla";"Reta;Declive";"Não";4;0;1;0;1;3;1;5;-20,1375;-44,3159;"SPRF-MG";"DEL04-MG";"UOP03-DEL04-MG"
152344;2018-08-11;"sábado";"15:30:00";"MG";381;483,9;"BETIM";"Falta de Atenção à Condução";"Colisão lateral";"Com Vítimas Feridas";"Pleno dia";"Decrescente";"Sol";"Dupla";"Aclive;Reta";"Não";4;0;0;1;1;2;1;4;-19,95969512;-44,08590317;"SPRF-MG";"DEL01-MG";"UOP03-DEL01-MG"
152345;2018-08-11;"sábado";"14:30:00";"PA";308;64,1;"CASTANHAL";"Carga excessiva e/ou mal acondicionada";"Danos eventuais";"Sem Vítimas";"Pleno dia";"Decrescente";"Sol";"Dupla";"Reta";"Sim";2;0;0;0;2;0;0;2;-1,29661935;-47,91927338;"SPRF-PA";"DEL01-PA";"UOP01-DEL01-PA"
152351;2018-08-11;"sábado";"16:50:00";"PA";316;8,4;"ANANINDEUA";"Desobediência às normas de trânsito pelo condutor";"Colisão transversal";"Sem Vítimas";"Pleno dia";"Decrescente";"Nublado";"Dupla";"Reta";"Sim";3;0;0;0;3;0;0;3;-1,36672945;-48,37227166;"SPRF-PA";"DEL01-PA";"DEL19/1-UOP05/PA"
152353;2018-08-11;"sábado";"13:15:00";"SP";116;64,2;"GUARATINGUETA";"Mal Súbito";"Colisão com objeto estático";"Com Vítimas Fatais";"Pleno dia";"Crescente";"Céu Claro";"Dupla";"Reta";"Sim";1;1;0;0;0;0;0;1;-22,81985867;-45,1864779;"SPRF-SP";"DEL08-SP";"UOP01-DEL08-SP"
152356;2018-08-11;"sábado";"13:15:00";"PR";476;290;"SAO MATEUS DO SUL";"Avarias e/ou desgaste excessivo no pneu";"Colisão frontal";"Com Vítimas Feridas";"Pleno dia";"Decrescente";"Céu Claro";"Simples";"Reta";"Não";5;0;2;1;1;2;3;4;-25,935797;-50,480778;"SPRF-PR";"DEL02-PR";"UOP04-DEL02-PR"
152358;2018-08-11;"sábado";"14:47:00";"BA";116;870,9;"VITORIA DA CONQUISTA";"Falta de Atenção à Condução";"Colisão transversal";"Com Vítimas Feridas";"Pleno dia";"Decrescente";"Sol";"Simples";"Reta";"Sim";6;0;0;3;2;2;3;4;-15,21247;-41,08879;"SPRF-BA";"DEL08-BA";"UOP03-DEL08-BA"
152365;2018-08-11;"sábado";"16:25:00";"SC";116;170,7;"PONTE ALTA DO NORTE";"Ultrapassagem Indevida";"Colisão lateral";"Sem Vítimas";"Pleno dia";"Decrescente";"Céu Claro";"Simples";"Reta";"Não";3;0;0;0;2;1;0;3;-27,1980422;-50,46510816;"SPRF-SC";"DEL05-SC";"UOP03-DEL05-SC"
152375;2018-08-11;"sábado";"18:00:00";"GO";158;14,8;"ARAGARCAS";"Falta de Atenção à Condução";"Saída de leito carroçável";"Sem Vítimas";"Anoitecer";"Decrescente";"Céu Claro";"Simples";"Reta";"Não";2;0;0;0;2;0;0;2;-15,98991;-52,19164;"SPRF-GO";"DEL04-GO";"UOP01-DEL04-GO"
152376;2018-08-11;"sábado";"15:00:00";"PE";104;144,7;"QUIPAPA";"Defeito Mecânico no Veículo";"Incêndio";"Sem Vítimas";"Pleno dia";"Crescente";"Céu Claro";"Simples";"Reta";"Não";1;0;0;0;1;0;0;1;-8,877309;-36,025791;"SPRF-PE";"DEL02-PE";"UOP01-DEL02-PE"
152397;2018-07-28;"sábado";"17:55:00";"AL";104;58,8;"MURICI";"Falta de Atenção do Pedestre";"Atropelamento de Pedestre";"Com Vítimas Feridas";"Plena Noite";"Crescente";"Garoa/Chuvisco";"Simples";"Reta";"Sim";4;0;0;2;2;0;2;3;-9,30688;-35,940841;"SPRF-AL";"DEL01-AL";"UOP02-DEL01-AL"
152401;2018-08-11;"sábado";"20:10:00";"SP";153;30,5;"NOVA GRANADA";"Ingestão de Álcool";"Colisão frontal";"Com Vítimas Feridas";"Plena Noite";"Crescente";"Céu Claro";"Simples";"Aclive;Curva";"Sim";3;0;1;0;1;1;1;3;-20,54323535;-49,33039335;"SPRF-SP";"DEL09-SP";"UOP01-DEL09-SP"
152406;2018-08-11;"sábado";"19:10:00";"SC";280;3,6;"SAO FRANCISCO DO SUL";"Falta de Atenção à Condução";"Colisão transversal";"Com Vítimas Feridas";"Plena Noite";"Decrescente";"Céu Claro";"Simples";"Reta";"Não";3;0;0;1;1;2;1;4;-26,25055533;-48,61670044;"SPRF-SC";"DEL03-SC";"UOP03-DEL03-SC"
152418;2018-08-11;"sábado";"19:50:00";"MT";364;266;"SAO PEDRO DA CIPA";"Desobediência às normas de trânsito pelo condutor";"Colisão frontal";"Com Vítimas Feridas";"Plena Noite";"Crescente";"Ignorado";"Simples";"Reta";"Sim";3;0;1;0;1;1;1;3;-15,995973;-54,922596;"SPRF-MT";"DEL02-MT";"UOP02-DEL05-MT"
152423;2018-08-11;"sábado";"19:00:00";"SC";470;276,1;"BRUNOPOLIS";"Falta de Atenção à Condução";"Colisão lateral";"Sem Vítimas";"Plena Noite";"Crescente";"Céu Claro";"Simples";"Reta";"Não";3;0;0;0;3;0;0;3;-27,308593;-50,725511;"SPRF-SC";"DEL07-SC";"UOP06-DEL07-SC"
152425;2018-08-11;"sábado";"16:30:00";"MG";381;885,9;"CAMBUI";"Velocidade Incompatível";"Saída de leito carroçável";"Sem Vítimas";"Pleno dia";"Crescente";"Céu Claro";"Dupla";"Reta";"Não";1;0;0;0;1;0;0;1;-22,5111099;-46,01867968;"SPRF-MG";"DEL16-MG";"UOP01-DEL16-MG"
152441;2018-08-11;"sábado";"20:40:00";"MT";70;280;"PRIMAVERA DO LESTE";"Ingestão de Álcool";"Colisão frontal";"Sem Vítimas";"Plena Noite";"Decrescente";"Céu Claro";"Simples";"Reta";"Sim";3;0;0;0;2;1;0;3;-15,56281;-54,297016;"SPRF-MT";"DEL05-MT";"UOP01-DEL05-MT"
152445;2018-08-11;"sábado";"22:25:00";"PR";476;257,9;"SAO MATEUS DO SUL";"Desobediência às normas de trânsito pelo condutor";"Colisão frontal";"Com Vítimas Fatais";"Plena Noite";"Decrescente";"Céu Claro";"Simples";"Reta";"Não";3;1;0;0;1;2;0;4;-25,889473;-50,226524;"SPRF-PR";"DEL02-PR";"UOP04-DEL02-PR"
152446;2018-08-11;"sábado";"19:10:00";"MG";365;495;"PATROCINIO";"Ingestão de Álcool";"Capotamento";"Sem Vítimas";"Plena Noite";"Decrescente";"Céu Claro";"Dupla";"Reta";"Não";2;0;0;0;1;2;0;3;-18,89485854;-47,08620071;"SPRF-MG";"DEL10-MG";"UOP01-DEL10-MG"
152453;2018-08-11;"sábado";"21:30:00";"RO";364;580;"ITAPUA DO OESTE";"Deficiência ou não Acionamento do Sistema de Iluminação/Sinalização do Veículo";"Colisão traseira";"Com Vítimas Feridas";"Plena Noite";"Crescente";"Céu Claro";"Simples";"Reta";"Não";3;0;2;0;1;0;2;2;-9,397572;-63,126541;"SPRF-RO";"DEL03-RO";"UOP04-DEL01-RO"
152455;2018-08-11;"sábado";"23:00:00";"PR";163;10;"BARRACAO";"Ingestão de Álcool";"Colisão lateral";"Sem Vítimas";"Plena Noite";"Decrescente";"Céu Claro";"Simples";"Reta;Aclive";"Não";3;0;0;0;2;1;0;3;-26,2506;-53,6355;"SPRF-PR";"DEL02-PR";"UOP02-DEL02-PR"
152462;2018-08-12;"domingo";"00:20:00";"BA";407;116,1;"SENHOR DO BONFIM";"Ingestão de Álcool";"Colisão traseira";"Sem Vítimas";"Plena Noite";"Crescente";"Céu Claro";"Simples";"Reta";"Sim";2;0;0;0;2;0;0;2;-10,37005607;-40,16964197;"SPRF-BA";"DEL04-BA";"UOP01-DEL04-BA"
152466;2018-08-11;"sábado";"19:00:00";"BA";242;585;"IBOTIRAMA";"Falta de Atenção à Condução";"Colisão traseira";"Sem Vítimas";"Plena Noite";"Decrescente";"Céu Claro";"Simples";"Reta";"Não";2;0;0;0;1;1;0;2;-12,180346;-43,238966;"SPRF-BA";"DEL10-BA";"UOP03-DEL06-BA"
152472;2018-08-12;"domingo";"04:00:00";"CE";116;438,6;"BARRO";"Avarias e/ou desgaste excessivo no pneu";"Saída de leito carroçável";"Com Vítimas Feridas";"Plena Noite";"Decrescente";"Nublado";"Simples";"Reta";"Não";2;0;2;0;0;0;2;1;-7,034678;-38,772579;"SPRF-CE";"DEL05-CE";"UOP03-DEL05-CE"
152478;2018-08-12;"domingo";"04:30:00";"PE";424;93,3;"GARANHUNS";"Falta de Atenção à Condução";"Colisão transversal";"Com Vítimas Feridas";"Amanhecer";"Decrescente";"Céu Claro";"Simples";"Reta";"Não";5;0;1;2;1;2;3;4;-8,90956;-36,48749;"SPRF-PE";"DEL03-PE";"UOP01-DEL03-PE"
152480;2018-08-12;"domingo";"05:10:00";"PE";424;93,3;"GARANHUNS";"Desobediência às normas de trânsito pelo condutor";"Colisão transversal";"Com Vítimas Feridas";"Amanhecer";"Decrescente";"Céu Claro";"Simples";"Reta";"Não";3;0;0;1;1;2;1;4;-8,90961;-36,48755;"SPRF-PE";"DEL03-PE";"UOP01-DEL03-PE"
152498;2018-08-12;"domingo";"06:00:00";"MG";381;889,1;"CAMBUI";"Condutor Dormindo";"Tombamento";"Sem Vítimas";"Pleno dia";"Crescente";"Céu Claro";"Dupla";"Curva";"Não";1;0;0;0;1;0;0;1;-22,5382;-46,0369;"SPRF-MG";"DEL16-MG";"UOP03-DEL16-MG"
152506;2018-08-12;"domingo";"07:00:00";"RS";386;314,8;"MARQUES DE SOUZA";"Condutor Dormindo";"Colisão lateral";"Com Vítimas Feridas";"Pleno dia";"Crescente";"Nublado";"Simples";"Reta";"Não";3;0;1;0;1;1;1;3;-29,27419594;-52,14049771;"SPRF-RS";"DEL04-RS";"UOP01-DEL04-RS"
152521;2018-08-12;"domingo";"09:55:00";"RJ";101;476;"ANGRA DOS REIS";"Falta de Atenção à Condução";"Colisão lateral";"Com Vítimas Feridas";"Pleno dia";"Crescente";"Céu Claro";"Simples";"Declive";"Não";3;0;1;1;1;0;2;2;-23,0001572;-44,25611468;"SPRF-RJ";"DEL03-RJ";"UOP03-DEL03-RJ"
152526;2018-08-12;"domingo";"11:30:00";"MG";381;342;"BELA VISTA DE MINAS";"Carga excessiva e/ou mal acondicionada";"Derramamento de carga";"Sem Vítimas";"Pleno dia";"Decrescente";"Céu Claro";"Simples";"Reta";"Não";3;0;0;0;1;2;0;3;-19,8524928;-43,1505408;"SPRF-MG";"DEL03-MG";"UOP01-DEL03-MG"
152531;2018-08-07;"terça-feira";"06:00:00";"RS";158;224;"CRUZ ALTA";"Defeito Mecânico no Veículo";"Saída de leito carroçável";"Com Vítimas Feridas";"Plena Noite";"Decrescente";"Nublado";"Simples";"Reta";"Não";2;0;1;0;0;2;1;3;-28,89507904;-53,62305746;"SPRF-RS";"DEL10-RS";"UOP02-DEL10-RS"
152535;2018-08-12;"domingo";"13:30:00";"MG";50;79,4;"UBERLANDIA";"Velocidade Incompatível";"Colisão lateral";"Com Vítimas Feridas";"Pleno dia";"Decrescente";"Sol";"Dupla";"Declive;Reta";"Sim";3;0;1;0;1;1;1;3;-18,95550681;-48,21674377;"SPRF-MG";"DEL15-MG";"UOP01-DEL15-MG"
152547;2018-08-12;"domingo";"15:40:00";"MG";40;530;"CONTAGEM";"Falta de Atenção à Condução";"Colisão lateral";"Com Vítimas Feridas";"Pleno dia";"Decrescente";"Céu Claro";"Dupla";"Reta";"Sim";3;0;1;0;1;1;1;3;-19,91860236;-44,03002957;"SPRF-MG";"DEL01-MG";"UOP03-DEL01-MG"
152549;2018-08-12;"domingo";"09:40:00";"BA";116;718;"MANOEL VITORINO";"Velocidade Incompatível";"Tombamento";"Com Vítimas Feridas";"Pleno dia";"Crescente";"Céu Claro";"Simples";"Curva";"Não";2;0;1;0;0;3;1;4;-14,21808;-40,27562;"SPRF-BA";"DEL08-BA";"UOP02-DEL08-BA"
152570;2018-08-12;"domingo";"16:20:00";"MT";70;547;"VARZEA GRANDE";"Falta de Atenção à Condução";"Colisão frontal";"Com Vítimas Feridas";"Pleno dia";"Crescente";"Céu Claro";"Simples";"Reta";"Não";5;0;3;0;1;1;3;3;-15,679394;-56,280354;"SPRF-MT";"DEL01-MT";"DEL2/4-UOP02/MT"
152581;2018-08-12;"domingo";"15:07:00";"SC";282;576,3;"PINHALZINHO";"Desobediência às normas de trânsito pelo condutor";"Colisão frontal";"Com Vítimas Fatais";"Pleno dia";"Crescente";"Sol";"Simples";"Reta";"Sim";5;2;0;0;1;3;0;5;-26,86494598;-52,97032356;"SPRF-SC";"DEL07-SC";"UOP02-DEL07-SC"
152585;2018-08-12;"domingo";"02:10:00";"SP";116;5;"QUELUZ";"Ingestão de Álcool";"Colisão com objeto estático";"Sem Vítimas";"Plena Noite";"Crescente";"Nublado";"Dupla";"Reta";"Não";3;0;0;0;1;2;0;3;-22,529476;-44,744602;"SPRF-SP";"DEL08-SP";"UOP02-DEL08-SP"