"id";"data_inversa";"dia_semana";"horario";"uf";"br";"km";"municipio";"causa_acidente";"tipo_acidente";"classificacao_acidente";"fase_dia";"sentido_via";"condicao_metereologica";"tipo_pista";"tracado_via";"uso_solo";"pessoas";"mortos";"feridos_leves";"feridos_graves";"ilesos";"ignorados";"feridos";"veiculos";"latitude";"longitude";"regional";"delegacia";"uop"
153248;2018-08-15;"quarta-feira";"17:50:00";"MG";116;276;"TEOFILO OTONI";"Desobediência às normas de trânsito pelo condutor";"Colisão transversal";"Com Vítimas Feridas";"Plena Noite";"Crescente";"Céu Claro";"Simples";"Curva";"Sim";4;0;2;0;2;0;2;2;-17,85202716;-41,51394916;"SPRF-MG";"DEL11-MG";"UOP01-DEL11-MG"
153249;2018-08-15;"quarta-feira";"17:18:00";"MS";262;519,4;"MIRANDA";"Defeito Mecânico no Veículo";"Tombamento";"Com Vítimas Feridas";"Anoitecer";"Crescente";"Céu Claro";"Simples";"Curva";"Não";1;0;1;0;0;0;1;1;-20,36707824;-56,12076044;"SPRF-MS";"DEL03-MS";"UOP01-DEL03-MS"
153250;2018-08-15;"quarta-feira";"17:40:00";"PR";116;27,6;"CAMPINA GRANDE DO SUL";"Falta de Atenção à Condução";"Saída de leito carroçável";"Sem Vítimas";"Anoitecer";"Decrescente";"Céu Claro";"Dupla";"Curva";"Não";2;0;0;0;1;1;0;2;-25,108404;-48,795074;"SPRF-PR";"DEL01-PR";"UOP02-DEL01-PR"
153251;2018-08-15;"quarta-feira";"18:15:00";"SP";116;208;"GUARULHOS";"Não guardar distância de segurança";"Colisão lateral";"Com Vítimas Feridas";"Plena Noite";"Crescente";"Céu Claro";"Múltipla";"Reta";"Sim";4;0;2;0;2;0;2;2;-23,4232909;-46,39807999;"SPRF-SP";"DEL01-SP";"UOP01-DEL01-SP"
153255;2018-08-15;"quarta-feira";"15:35:00";"MG";365;580,2;"INDIANOPOLIS";"Velocidade Incompatível";"Colisão frontal";"Com Vítimas Feridas";"Pleno dia";"Crescente";"Sol";"Simples";"Reta;Aclive";"Não";4;0;1;0;2;5;1;8;-18,87997559;-47,93609619;"SPRF-MG";"DEL15-MG";"UOP02-DEL15-MG"
153260;2018-08-15;"quarta-feira";"17:00:00";"MS";158;43,1;"PARANAIBA";"Defeito na Via";"Tombamento";"Sem Vítimas";"Anoitecer";"Crescente";"Céu Claro";"Simples";"Curva";"Não";2;0;0;0;1;2;0;3;-19,3240917;-51,4356534;"SPRF-MS";"DEL08-MS";"UOP01-DEL08-MS"
153266;2018-08-15;"quarta-feira";"19:45:00";"PR";376;126,2;"ALTO PARANA";"Não guardar distância de segurança";"Colisão traseira";"Com Vítimas Feridas";"Plena Noite";"Crescente";"Chuva";"Dupla";"Reta";"Não";3;0;1;0;1;2;1;4;-23,149852;-52,274187;"SPRF-PR";"DEL07-PR";"UOP02-DEL09-PR"
153267;2018-08-15;"quarta-feira";"19:30:00";"AL";316;244,5;"ATALAIA";"Falta de Atenção à Condução";"Colisão lateral";"Sem Vítimas";"Plena Noite";"Decrescente";"Céu Claro";"Simples";"Reta";"Sim";3;0;0;0;2;1;0;3;-9,513179;-36,002812;"SPRF-AL";"DEL01-AL";"UOP01-DEL01-AL"
153268;2018-08-15;"quarta-feira";"18:30:00";"ES";101;270,7;"SERRA";"Falta de Atenção à Condução";"Colisão lateral";"Com Vítimas Feridas";"Plena Noite";"Crescente";"Nublado";"Múltipla";"Interseção de Vias";"Sim";2;0;1;0;1;0;1;2;-20,23049162;-40,2734226;"SPRF-ES";"DEL02-ES";"UOP01-DEL02-ES"
153269;2018-08-15;"quarta-feira";"16:40:00";"PR";153;484,2;"GENERAL CARNEIRO";"Velocidade Incompatível";"Tombamento";"Com Vítimas Feridas";"Pleno dia";"Decrescente";"Céu Claro";"Simples";"Interseção de Vias";"Não";1;0;1;0;0;0;1;1;-26,3864876;-51,27237797;"SPRF-PR";"DEL02-PR";"UOP03-DEL02-PR"
153271;2018-08-15;"quarta-feira";"19:30:00";"MA";316;512;"CAXIAS";"Falta de Atenção do Pedestre";"Atropelamento de Pedestre";"Com Vítimas Feridas";"Plena Noite";"Crescente";"Céu Claro";"Simples";"Reta";"Não";3;0;0;1;2;0;1;2;-4,75043;-43,664165;"SPRF-MA";"DEL03-MA";"UOP02-DEL03-MA"
153274;2018-08-15;"quarta-feira";"21:10:00";"CE";116;159;"RUSSAS";"Defeito Mecânico no Veículo";"Danos eventuais";"Sem Vítimas";"Plena Noite";"Crescente";"Céu Claro";"Dupla";"Reta";"Sim";5;0;0;0;1;4;0;5;-4,921826;-37,994289;"SPRF-CE";"DEL03-CE";"UOP01-DEL03-CE"
153280;2018-08-15;"quarta-feira";"13:45:00";"CE";116;250,6;"ALTO SANTO";"Falta de Atenção à Condução";"Colisão traseira";"Com Vítimas Feridas";"Pleno dia";"Decrescente";"Céu Claro";"Simples";"Reta;Declive";"Não";2;0;0;1;1;0;1;2;-5,50057379;-38,40906143;"SPRF-CE";"DEL05-CE";"UOP02-DEL05-CE"
153282;2018-08-07;"terça-feira";"11:40:00";"CE";116;180,5;"LIMOEIRO DO NORTE";"Falta de Atenção à Condução";"Colisão traseira";"Com Vítimas Feridas";"Plena Noite";"Decrescente";"Céu Claro";"Simples";"Reta";"Não";2;0;1;0;0;1;1;2;-5,117457;-38,143829;"SPRF-CE";"DEL03-CE";"UOP01-DEL03-CE"
153289;2018-08-15;"quarta-feira";"23:30:00";"BA";101;20,9;"RIO REAL";"Defeito na Via";"Tombamento";"Com Vítimas Feridas";"Plena Noite";"Decrescente";"Céu Claro";"Simples";"Reta;Aclive";"Não";3;0;1;0;1;1;1;2;-11,658288;-37,8936;"SPRF-SE";"DEL02-SE";"UOP03-DEL02-SE"
153297;2018-08-16;"quinta-feira";"01:10:00";"MS";163;607,2;"SAO GABRIEL DO OESTE";"Condutor Dormindo";"Saída de leito carroçável";"Com Vítimas Feridas";"Plena Noite";"Crescente";"Nublado";"Dupla";"Reta";"Não";1;0;0;1;0;0;1;1;-19,449716;-54,5223;"SPRF-MS";"DEL06-MS";"UOP02-DEL06-MS"
153299;2018-08-16;"quinta-feira";"04:00:00";"ES";101;444;"MIMOSO DO SUL";"Condutor Dormindo";"Tombamento";"Com Vítimas Feridas";"Plena Noite";"Decrescente";"Céu Claro";"Simples";"Curva";"Não";2;0;1;0;0;2;1;3;-21,11781146;-41,26464844;"SPRF-ES";"DEL03-ES";"UOP02-DEL03-ES"
153301;2018-08-16;"quinta-feira";"04:50:00";"TO";153;677,7;"CARIRI DO TOCANTINS";"Condutor Dormindo";"Colisão frontal";"Com Vítimas Feridas";"Plena Noite";"Crescente";"Céu Claro";"Simples";"Reta";"Não";3;0;0;1;1;1;1;3;-11,78569;-49,11607;"SPRF-TO";"DEL02-TO";"UOP02-DEL01-TO"
153303;2018-08-16;"quinta-feira";"05:45:00";"SP";116;298,3;"ITAPECERICA DA SERRA";"Falta de Atenção à Condução";"Colisão traseira";"Com Vítimas Feridas";"Amanhecer";"Crescente";"Garoa/Chuvisco";"Dupla";"Reta";"Não";19;0;17;0;1;1;17;3;-23,78251732;-46,91495776;"SPRF-SP";"DEL04-SP";"UOP01-DEL04-SP"
153304;2018-08-16;"quinta-feira";"06:15:00";"PA";10;352;"SANTA MARIA DO PARA";"Ingestão de Álcool";"Colisão frontal";"Sem Vítimas";"Amanhecer";"Decrescente";"Céu Claro";"Simples";"Reta";"Sim";4;0;0;0;1;4;0;5;-1,35093568;-47,57603645;"SPRF-PA";"DEL01-PA";"UOP02-DEL01-PA"
153307;2018-08-16;"quinta-feira";"06:20:00";"PR";373;232,3;"IMBITUVA";"Desobediência às normas de trânsito pelo condutor";"Colisão lateral";"Sem Vítimas";"Amanhecer";"Crescente";"Céu Claro";"Simples";"Reta";"Não";3;0;0;0;2;1;0;3;-25,18319475;-50,68061829;"SPRF-PR";"DEL03-PR";"UOP01-DEL03-PR"
153313;2018-08-16;"quinta-feira";"07:45:00";"BA";116;418;"FEIRA DE SANTANA";"Não guardar distância de segurança";"Colisão traseira";"Com Vítimas Feridas";"Pleno dia";"Crescente";"Céu Claro";"Simples";"Reta";"Não";3;0;1;0;1;1;1;3;-12,193916;-38,965443;"SPRF-BA";"DEL02-BA";"UOP01-DEL02-BA"
153318;2018-08-16;"quinta-feira";"07:00:00";"RJ";40;124;"DUQUE DE CAXIAS";"Falta de Atenção à Condução";"Colisão lateral";"Com Vítimas Feridas";"Pleno dia";"Crescente";"Céu Claro";"Múltipla";"Reta";"Não";2;0;1;0;1;0;1;2;-22,8147;-43,2881;"SPRF-RJ";"DEL01-RJ";"UOP01-DEL01-RJ"
153320;2018-08-16;"quinta-feira";"08:15:00";"MG";356;277,2;"MURIAE";"Velocidade Incompatível";"Tombamento";"Com Vítimas Feridas";"Pleno dia";"Decrescente";"Nublado";"Simples";"Curva";"Não";2;0;0;1;0;1;1;2;-21,125526;-42,375477;"SPRF-MG";"DEL07-MG";"UOP02-DEL07-MG"
153326;2018-08-16;"quinta-feira";"07:00:00";"MS";463;1,2;"DOURADOS";"Falta de Atenção à Condução";"Colisão traseira";"Com Vítimas Feridas";"Pleno dia";"Crescente";"Céu Claro";"Simples";"Reta";"Sim";4;0;1;0;1;3;1;4;-22,25954996;-54,8157692;"SPRF-MS";"DEL04-MS";"UOP01-DEL04-MS"
153329;2018-08-16;"quinta-feira";"05:35:00";"SC";282;230;"LAGES";"Ultrapassagem Indevida";"Colisão frontal";"Com Vítimas Feridas";"Plena Noite";"Crescente";"Nublado";"Simples";"Curva";"Não";3;0;0;1;2;0;1;2;-27,787432;-50,425808;"SPRF-SC";"DEL05-SC";"UOP02-DEL05-SC"
153333;2018-08-16;"quinta-feira";"08:30:00";"BA";116;447;"ANTONIO CARDOSO";"Falta de Atenção à Condução";"Colisão lateral";"Sem Vítimas";"Pleno dia";"Decrescente";"Sol";"Simples";"Em Obras";"Não";4;0;0;0;3;2;0;5;-12,38237;-39,13089;"SPRF-BA";"DEL02-BA";"UOP01-DEL02-BA"
153336;2018-08-16;"quinta-feira";"08:30:00";"MG";251;465,9;"FRANCISCO SA";"Velocidade Incompatível";"Colisão com objeto estático";"Com Vítimas Feridas";"Pleno dia";"Crescente";"Céu Claro";"Simples";"Curva;Declive";"Não";2;0;0;1;0;1;1;2;-16,4435;-43,3977;"SPRF-MG";"DEL12-MG";"UOP01-DEL12-MG"
153338;2018-08-16;"quinta-feira";"08:10:00";"MG";40;530;"CONTAGEM";"Mal Súbito";"Colisão lateral";"Com Vítimas Feridas";"Pleno dia";"Crescente";"Céu Claro";"Dupla";"Reta";"Sim";3;0;1;0;1;1;1;3;-19,9214;-44,023;"SPRF-MG";"DEL01-MG";"UOP03-DEL01-MG"
153342;2018-08-16;"quinta-feira";"10:10:00";"MG";381;924,5;"ITAPEVA";"Velocidade Incompatível";"Tombamento";"Sem Vítimas";"Pleno dia";"Crescente";"Sol";"Dupla";"Curva";"Não";2;0;0;0;1;1;0;2;-22,7712;-46,1986;"SPRF-MG";"DEL16-MG";"UOP03-DEL16-MG"
153343;2018-08-16;"quinta-feira";"08:30:00";"MG";365;577,8;"INDIANOPOLIS";"Falta de Atenção à Condução";"Engavetamento";"Com Vítimas Feridas";"Pleno dia";"Crescente";"Nublado";"Simples";"Aclive;Reta";"Não";8;0;1;0;7;0;1;4;-18,8915734;-47,91987687;"SPRF-MG";"DEL15-MG";"UOP02-DEL15-MG"
153349;2018-08-16;"quinta-feira";"11:40:00";"SC";101;99;"BALNEARIO PICARRAS";"Não guardar distância de segurança";"Colisão traseira";"Com Vítimas Feridas";"Pleno dia";"Crescente";"Céu Claro";"Dupla";"Reta";"Não";3;0;1;0;1;1;1;3;-26,7568;-48,6889;"SPRF-SC";"DEL03-SC";"UOP02-DEL03-SC"
153350;2018-07-15;"domingo";"14:30:00";"ES";101;264,7;"SERRA";"Desobediência às normas de trânsito pelo condutor";"Colisão lateral";"Com Vítimas Feridas";"Pleno dia";"Crescente";"Sol";"Dupla";"Curva";"Sim";4;0;0;2;1;2;2;4;-20,18286688;-40,26587439;"SPRF-ES";"DEL02-ES";"UOP01-DEL02-ES"
153372;2018-08-16;"quinta-feira";"12:00:00";"SC";470;268,3;"CURITIBANOS";"Falta de Atenção à Condução";"Saída de leito carroçável";"Com Vítimas Feridas";"Pleno dia";"Decrescente";"Nublado";"Múltipla";"Curva";"Não";2;0;1;0;0;1;1;2;-27,30085884;-50,68362236;"SPRF-SC";"DEL05-SC";"UOP03-DEL05-SC"
153373;2018-08-16;"quinta-feira";"13:50:00";"MS";163;479,9;"CAMPO GRANDE";"Não guardar distância de segurança";"Colisão traseira";"Com Vítimas Feridas";"Pleno dia";"Decrescente";"Céu Claro";"Dupla";"Reta";"Sim";3;0;1;0;2;0;1;2;-20,48004282;-54,55935851;"SPRF-MS";"DEL01-MS";"UOP01-DEL01-MS"
153374;2018-08-16;"quinta-feira";"14:00:00";"MG";381;297;"ANTONIO DIAS";"Restrição de Visibilidade";"Colisão transversal";"Com Vítimas Feridas";"Pleno dia";"Decrescente";"Nublado";"Simples";"Declive;Em Obras;Curva";"Não";2;0;1;0;1;0;1;2;-19,6256616;-42,83546805;"SPRF-MG";"DEL03-MG";"UOP02-DEL03-MG"
153382;2018-08-16;"quinta-feira";"15:35:00";"GO";60;75,1;"ANAPOLIS";"Condutor Dormindo";"Colisão traseira";"Com Vítimas Feridas";"Pleno dia";"Crescente";"Céu Claro";"Dupla";"Aclive";"Não";3;0;2;0;0;1;2;3;-16,28191499;-48,79287958;"SPRF-GO";"DEL02-GO";"UOP01-DEL02-GO"
153383;2018-08-16;"quinta-feira";"15:25:00";"SP";381;41;"SAO PAULO";"Defeito Mecânico no Veículo";"Colisão traseira";"Com Vítimas Feridas";"Pleno dia";"Crescente";"Céu Claro";"Dupla";"Reta";"Sim";5;0;1;0;3;1;1;5;-23,47332388;-46,56417847;"SPRF-SP";"DEL03-SP";"UOP01-DEL03-SP"
153385;2018-08-16;"quinta-feira";"11:45:00";"PI";343;299;"ALTOS";"Falta de Atenção à Condução";"Colisão transversal";"Com Vítimas Fatais";"Pleno dia";"Crescente";"Nublado";"Simples";"Reta";"Não";5;1;1;1;1;1;2;3;-5,01006359;-42,42001534;"SPRF-PI";"DEL01-PI";"UOP03-DEL01-PI"
153389;2018-08-16;"quinta-feira";"11:20:00";"MT";364;513;"ROSARIO OESTE";"Falta de Atenção à Condução";"Colisão traseira";"Sem Vítimas";"Pleno dia";"Decrescente";"Céu Claro";"Simples";"Reta";"Não";3;0;0;0;2;1;0;3;-15,156556;-56,523617;"SPRF-MT";"DEL01-MT";"DEL2/4-UOP02/MT"
153390;2018-08-16;"quinta-feira";"15:00:00";"RN";101;106;"PARNAMIRIM";"Falta de Atenção à Condução";"Colisão lateral";"Sem Vítimas";"Pleno dia";"Crescente";"Céu Claro";"Dupla";"Reta";"Sim";2;0;0;0;2;0;0;2;-5,910553;-35,261307;"SPRF-RN";"DEL01-RN";"UOP01-DEL01-RN"
153397;2018-08-16;"quinta-feira";"10:30:00";"BA";101;561,1;"ARATACA";"Pista Escorregadia";"Colisão lateral";"Com Vítimas Feridas";"Pleno dia";"Crescente";"Garoa/Chuvisco";"Simples";"Aclive;Curva";"Não";3;0;1;0;1;1;1;3;-15,203641;-39,443135;"SPRF-BA";"DEL05-BA";"UOP02-DEL05-BA"
153399;2018-08-16;"quinta-feira";"13:50:00";"PE";316;239,7;"BELEM DE SAO FRANCISCO";"Velocidade Incompatível";"Colisão traseira";"Sem Vítimas";"Pleno dia";"Decrescente";"Céu Claro";"Simples";"Declive";"Não";3;0;0;0;2;1;0;3;-8,632833;-39,05917;"SPRF-PE";"DEL05-PE";"UOP03-DEL05-PE"
153401;2018-08-16;"quinta-feira";"14:55:00";"MT";364;1;"ALTO ARAGUAIA";"Falta de Atenção à Condução";"Colisão transversal";"Com Vítimas Feridas";"Pleno dia";"Crescente";"Céu Claro";"Dupla";"Reta";"Sim";4;0;1;0;1;3;1;5;-17,312273;-53,218285;"SPRF-MT";"DEL02-MT";"UOP02-DEL02-MT"
153411;2018-08-16;"quinta-feira";"15:00:00";"SP";381;30,7;"ATIBAIA";"Agressão Externa";"Tombamento";"Sem Vítimas";"Pleno dia";"Decrescente";"Céu Claro";"Dupla";"Reta";"Sim";1;0;0;0;1;0;0;1;-23,05402756;-46,56876303;"SPRF-SP";"DEL03-SP";"UOP02-DEL03-SP"
153412;2018-07-03;"terça-feira";"18:30:00";"MG";153;57,2;"MONTE ALEGRE DE MINAS";"Defeito Mecânico no Veículo";"Saída de leito carroçável";"Sem Vítimas";"Anoitecer";"Crescente";"Céu Claro";"Dupla";"Curva";"Não";3;0;0;0;1;3;0;4;-18,87863558;-49,05687332;"SPRF-MG";"DEL15-MG";"UOP03-DEL15-MG"
153413;2018-08-16;"quinta-feira";"18:00:00";"RS";290;114,7;"ELDORADO DO SUL";"Mal Súbito";"Colisão frontal";"Com Vítimas Fatais";"Anoitecer";"Crescente";"Céu Claro";"Simples";"Reta";"Não";3;1;1;0;0;1;1;3;-30,044607;-51,347553;"SPRF-RS";"DEL02-RS";"UOP01-DEL02-RS"
153426;2018-08-16;"quinta-feira";"19:00:00";"MG";381;904;"CAMBUI";"Falta de Atenção à Condução";"Colisão traseira";"Com Vítimas Feridas";"Plena Noite";"Crescente";"Céu Claro";"Dupla";"Reta";"Sim";4;0;3;0;0;1;3;2;-22,6592;-46,0882;"SPRF-MG";"DEL16-MG";"UOP03-DEL16-MG"
153427;2018-08-16;"quinta-feira";"19:10:00";"PR";277;665;"MEDIANEIRA";"Falta de Atenção à Condução";"Colisão transversal";"Com Vítimas Feridas";"Plena Noite";"Decrescente";"Céu Claro";"Dupla";"Retorno Regulamentado";"Não";3;0;1;1;1;0;2;2;-25,25604931;-54,03740287;"SPRF-PR";"DEL05-PR";"UOP02-DEL05-PR"
153428;2018-08-16;"quinta-feira";"19:20:00";"SC";280;45,5;"GUARAMIRIM";"Ingestão de Álcool";"Colisão traseira";"Sem Vítimas";"Plena Noite";"Crescente";"Céu Claro";"Simples";"Reta";"Não";3;0;0;0;3;0;0;2;-26,452368;-48,897984;"SPRF-SC";"DEL03-SC";"UOP03-DEL03-SC"
153431;2018-08-16;"quinta-feira";"19:30:00";"MA";10;201,5;"RIBAMAR FIQUENE";"Desobediência às normas de trânsito pelo pedestre";"Atropelamento de Pedestre";"Com Vítimas Fatais";"Plena Noite";"Decrescente";"Nublado";"Simples";"Reta";"Não";2;1;0;0;1;0;0;2;-5,95653;-47,383659;"SPRF-MA";"DEL04-MA";"UOP01-DEL04-MA"
153434;2018-08-16;"quinta-feira";"13:15:00";"PI";316;89,2;"BARRO DURO";"Falta de Atenção à Condução";"Saída de leito carroçável";"Com Vítimas Feridas";"Pleno dia";"Decrescente";"Céu Claro";"Simples";"Reta";"Não";3;0;1;0;0;2;1;3;-5,81224458;-42,51914978;"SPRF-PI";"DEL04-PI";"UOP02-DEL04-PI"
153435;2018-08-16;"quinta-feira";"16:00:00";"MT";70;591;"POCONE";"Falta de Atenção à Condução";"Saída de leito carroçável";"Sem Vítimas";"Pleno dia";"Crescente";"Céu Claro";"Simples";"Curva";"Não";1;0;0;0;1;0;0;1;-15,82024998;-56,7279911;"SPRF-MT";"DEL03-MT";"UOP02-DEL03-MT"
153436;2018-08-16;"quinta-feira";"20:40:00";"BA";407;66;"JAGUARARI";"Velocidade Incompatível";"Colisão traseira";"Com Vítimas Fatais";"Plena Noite";"Decrescente";"Céu Claro";"Simples";"Reta";"Não";3;1;1;0;1;0;1;2;-9,93807;-40,25442;"SPRF-BA";"DEL04-BA";"UOP01-DEL04-BA"
153437;2018-08-16;"quinta-feira";"17:50:00";"AC";364;135,1;"RIO BRANCO";"Falta de Atenção à Condução";"Colisão lateral";"Com Vítimas Feridas";"Plena Noite";"Decrescente";"Céu Claro";"Dupla";"Curva";"Não";2;0;1;0;1;0;1;2;-9,98526052;-67,84565091;"SPRF-AC";"DEL01-AC";"UOP01-DEL01-AC"
153440;2018-08-16;"quinta-feira";"20:45:00";"RJ";393;214;"VASSOURAS";"Falta de Atenção à Condução";"Capotamento";"Com Vítimas Feridas";"Plena Noite";"Decrescente";"Nublado";"Simples";"Reta";"Não";4;0;2;0;1;1;2;3;-22,31279468;-43,51361364;"SPRF-RJ";"DEL05-RJ";"UOP03-DEL05-RJ"
153442;2018-08-16;"quinta-feira";"20:40:00";"BA";407;101,9;"JAGUARARI";"Falta de Atenção do Pedestre";"Atropelamento de Pedestre";"Com Vítimas Fatais";"Plena Noite";"Crescente";"Céu Claro";"Simples";"Reta";"Sim";2;1;0;0;1;0;0;2;-10,25199;-40,19423;"SPRF-BA";"DEL04-BA";"UOP01-DEL04-BA"
153445;2018-08-16;"quinta-feira";"18:55:00";"MG";365;69,6;"JEQUITAI";"Velocidade Incompatível";"Colisão frontal";"Com Vítimas Feridas";"Plena Noite";"Crescente";"Chuva";"Simples";"Reta";"Não";3;0;0;1;1;1;1;3;-17,072227;-44,339527;"SPRF-MG";"DEL12-MG";"UOP01-DEL12-MG"
153449;2018-08-16;"quinta-feira";"21:55:00";"GO";70;1;"AGUAS LINDAS DE GOIAS";"Falta de Atenção à Condução";"Colisão lateral";"Com Vítimas Feridas";"Plena Noite";"Crescente";"Nublado";"Múltipla";"Reta";"Não";4;0;1;0;2;2;1;4;-15,7481;-48,2635;"SPRF-DF";"DEL01-DF";"UOP02-DEL03-DF"
153453;2018-08-16;"quinta-feira";"22:20:00";"RJ";393;129;"SAPUCAIA";"Falta de Atenção do Pedestre";"Atropelamento de Pedestre";"Com Vítimas Fatais";"Plena Noite";"Crescente";"Céu Claro";"Simples";"Curva";"Não";3;1;0;0;2;0;0;2;-21,959795;-42,851543;"SPRF-RJ";"DEL06-RJ";"UOP01-DEL05-RJ"
153455;2018-08-16;"quinta-feira";"16:45:00";"MG";116;488,9;"INHAPIM";"Velocidade Incompatível";"Tombamento";"Com Vítimas Feridas";"Pleno dia";"Crescente";"Céu Claro";"Simples";"Curva";"Não";1;0;1;0;0;0;1;1;-19,45362866;-42,12983519;"SPRF-MG";"DEL06-MG";"UOP02-DEL06-MG"
153456;2018-08-16;"quinta-feira";"21:30:00";"MS";262;23,1;"TRES LAGOAS";"Falta de Atenção à Condução";"Saída de leito carroçável";"Sem Vítimas";"Plena Noite";"Decrescente";"Nublado";"Simples";"Reta";"Não";2;0;0;0;1;3;0;4;-20,816797;-51,811756;"SPRF-MS";"DEL07-MS";"UOP01-DEL07-MS"
153457;2018-08-16;"quinta-feira";"22:40:00";"SE";101;92,8;"NOSSA SENHORA DO SOCORRO";"Falta de Atenção à Condução";"Colisão traseira";"Com Vítimas Feridas";"Plena Noite";"Decrescente";"Céu Claro";"Dupla";"Reta";"Sim";3;0;0;1;1;2;1;4;-10,9087;-37,0855;"SPRF-SE";"DEL01-SE";"UOP01-DEL01-SE"
153461;2018-08-17;"sexta-feira";"00:30:00";"BA";242;778;"BARREIRAS";"Velocidade Incompatível";"Colisão lateral";"Com Vítimas Feridas";"Plena Noite";"Crescente";"Chuva";"Simples";"Curva";"Não";3;0;2;0;0;3;2;5;-12,16789007;-44,87228394;"SPRF-BA";"DEL10-BA";"UOP01-DEL10-BA"
153465;2018-08-17;"sexta-feira";"01:10:00";"PE";232;80,1;"GRAVATA";"Falta de Atenção do Pedestre";"Atropelamento de Pedestre";"Com Vítimas Fatais";"Plena Noite";"Decrescente";"Céu Claro";"Múltipla";"Reta";"Sim";2;1;0;0;0;1;0;2;-8,193437;-35,551865;"SPRF-PE";"DEL01-PE";"UOP02-DEL02PE"
153475;2018-08-16;"quinta-feira";"16:50:00";"SP";116;564;"BARRA DO TURVO";"Velocidade Incompatível";"Tombamento";"Com Vítimas Feridas";"Pleno dia";"Crescente";"Garoa/Chuvisco";"Dupla";"Aclive;Curva";"Não";2;0;1;0;0;1;1;2;-24,95462368;-48,44455719;"SPRF-SP";"DEL05-SP";"UOP02-DEL05-SP"
153477;2018-08-17;"sexta-feira";"01:00:00";"BA";410;1;"RIBEIRA DO POMBAL";"Ingestão de Álcool";"Saída de leito carroçável";"Com Vítimas Feridas";"Plena Noite";"Crescente";"Céu Claro";"Simples";"Declive";"Não";2;0;2;0;0;0;2;1;-10,819833;-38,537434;"SPRF-BA";"DEL07-BA";"UOP02-DEL07-BA"
153478;2018-08-17;"sexta-feira";"04:00:00";"CE";20;424;"FORTALEZA";"Restrição de Visibilidade";"Saída de leito carroçável";"Sem Vítimas";"Plena Noite";"Decrescente";"Céu Claro";"Dupla";"Desvio Temporário";"Não";2;0;0;0;1;1;0;2;-3,8392297;-38,5318505;"SPRF-CE";"DEL01-CE";"UOP02-DEL01-CE"
153481;2018-08-16;"quinta-feira";"21:00:00";"RJ";116;278,8;"BARRA MANSA";"Carga excessiva e/ou mal acondicionada";"Derramamento de carga";"Com Vítimas Fatais";"Plena Noite";"Decrescente";"Céu Claro";"Dupla";"Curva";"Não";7;1;2;2;1;1;4;5;-22,51160547;-44,21730995;"SPRF-RJ";"DEL07-RJ";"UOP02-DEL07-RJ"
153486;2018-08-17;"sexta-feira";"05:20:00";"MG";365;17,4;"MONTES CLAROS";"Pista Escorregadia";"Tombamento";"Com Vítimas Feridas";"Pleno dia";"Crescente";"Chuva";"Simples";"Curva;Declive";"Não";1;0;0;1;0;0;1;1;-16,877241;-43,993404;"SPRF-MG";"DEL12-MG";"UOP01-DEL12-MG"
153487;2018-08-16;"quinta-feira";"23:45:00";"CE";116;152,5;"RUSSAS";"Sinalização da via insuficiente ou inadequada";"Colisão traseira";"Com Vítimas Feridas";"Plena Noite";"Crescente";"Céu Claro";"Simples";"Reta";"Não";2;0;0;1;1;0;1;2;-4,845421;-38,041958;"SPRF-CE";"DEL03-CE";"UOP01-DEL03-CE"
153490;2018-08-17;"sexta-feira";"04:50:00";"MG";153;64;"MONTE ALEGRE DE MINAS";"Condutor Dormindo";"Saída de leito carroçável";"Com Vítimas Feridas";"Plena Noite";"Decrescente";"Céu Claro";"Simples";"Aclive";"Não";2;0;1;0;1;0;1;1;-18,8878;-49,051;"SPRF-MG";"DEL15-MG";"UOP03-DEL15-MG"
153496;2018-08-17;"sexta-feira";"04:59:00";"BA";101;674,5;"ITAGIMIRIM";"Velocidade Incompatível";"Tombamento";"Sem Vítimas";"Plena Noite";"Decrescente";"Céu Claro";"Simples";"Curva;Aclive";"Não";1;0;0;0;1;0;0;1;-16,0255;-39,609;"SPRF-BA";"DEL09-BA";"UOP01-DEL09-BA"
153497;2018-08-16;"quinta-feira";"20:30:00";"MA";316;440;"PERITORO";"Falta de Atenção à Condução";"Colisão frontal";"Com Vítimas Feridas";"Plena Noite";"Crescente";"Chuva";"Simples";"Curva";"Não";3;0;1;0;1;1;1;3;-4,428898;-44,210136;"SPRF-MA";"DEL03-MA";"UOP01-DEL03-MA"
153498;2018-08-17;"sexta-feira";"06:55:00";"GO";20;91;"VILA BOA";"Ultrapassagem Indevida";"Colisão frontal";"Com Vítimas Feridas";"Pleno dia";"Crescente";"Garoa/Chuvisco";"Simples";"Reta";"Não";4;0;1;1;1;3;2;6;-15,013022;-47,041348;"SPRF-DF";"DEL02-DF";"UOP03-DEL02-DF"
153499;2018-08-17;"sexta-feira";"05:46:00";"MG";381;817,7;"CAREACU";"Falta de Atenção à Condução";"Colisão traseira";"Com Vítimas Feridas";"Amanhecer";"Decrescente";"Ignorado";"Dupla";"Reta";"Não";4;0;1;0;2;1;1;3;-22,0518;-45,6947;"SPRF-MG";"DEL16-MG";"UOP02-DEL16-MG"
153507;2018-08-16;"quinta-feira";"03:45:00";"MA";316;602;"TIMON";"Defeito Mecânico no Veículo";"Saída de leito carroçável";"Sem Vítimas";"Plena Noite";"Crescente";"Céu Claro";"Simples";"Reta";"Não";1;0;0;0;1;0;0;1;-5,03652616;-42,93476343;"SPRF-MA";"DEL03-MA";"UOP02-DEL03-MA"