"id";"data_inversa";"dia_semana";"horario";"uf";"br";"km";"municipio";"causa_acidente";"tipo_acidente";"classificacao_acidente";"fase_dia";"sentido_via";"condicao_metereologica";"tipo_pista";"tracado_via";"uso_solo";"pessoas";"mortos";"feridos_leves";"feridos_graves";"ilesos";"ignorados";"feridos";"veiculos";"latitude";"longitude";"regional";"delegacia";"uop"
153515;2018-08-17;"sexta-feira";"07:45:00";"MG";381;317,6;"NOVA ERA";"Velocidade Incompatível";"Colisão frontal";"Com Vítimas Fatais";"Pleno dia";"Crescente";"Chuva";"Simples";"Curva";"Não";6;1;2;3;0;0;5;2;-19,6854249;-42,98280716;"SPRF-MG";"DEL03-MG";"UOP02-DEL03-MG"
153519;2018-08-17;"sexta-feira";"06:15:00";"PR";153;24;"JACAREZINHO";"Falta de Atenção à Condução";"Tombamento";"Sem Vítimas";"Amanhecer";"Crescente";"Céu Claro";"Simples";"Reta;Aclive";"Não";1;0;0;0;1;0;0;1;-23,183662;-49,982449;"SPRF-PR";"DEL07-PR";"UOP04-DEL07-PR"
153529;2018-08-17;"sexta-feira";"08:10:00";"MG";381;366;"SAO GONCALO DO RIO ABAIXO";"Defeito Mecânico no Veículo";"Saída de leito carroçável";"Com Vítimas Feridas";"Pleno dia";"Crescente";"Nublado";"Simples";"Curva";"Não";2;0;1;0;0;1;1;2;-19,86077667;-43,2278645;"SPRF-MG";"DEL03-MG";"UOP01-DEL03-MG"
153534;2018-08-17;"sexta-feira";"09:15:00";"RS";116;39;"VACARIA";"Mal Súbito";"Colisão com objeto estático";"Com Vítimas Fatais";"Pleno dia";"Decrescente";"Sol";"Dupla";"Reta";"Sim";1;1;0;0;0;0;0;1;-28,512012;-50,932381;"SPRF-RS";"DEL05-RS";"UOP03-DEL05-RS"
153536;2018-08-17;"sexta-feira";"09:00:00";"GO";153;492;"GOIANIA";"Não guardar distância de segurança";"Colisão traseira";"Com Vítimas Feridas";"Pleno dia";"Decrescente";"Céu Claro";"Dupla";"Interseção de Vias";"Sim";4;0;2;0;2;0;2;2;-16,64399405;-49,20950711;"SPRF-GO";"DEL01-GO";"UOP01-DEL01-GO"
153542;2018-08-17;"sexta-feira";"09:50:00";"MG";267;286,6;"BAEPENDI";"Carga excessiva e/ou mal acondicionada";"Tombamento";"Sem Vítimas";"Pleno dia";"Decrescente";"Nublado";"Simples";"Curva";"Não";2;0;0;0;1;1;0;2;-21,92771925;-44,76683356;"SPRF-MG";"DEL05-MG";"DEL5/4-UOP01/MG"
153552;2018-08-17;"sexta-feira";"11:47:00";"PR";163;282;"MARECHAL CANDIDO RONDON";"Mal Súbito";"Colisão frontal";"Com Vítimas Feridas";"Pleno dia";"Crescente";"Céu Claro";"Simples";"Reta";"Não";3;0;1;1;1;0;2;2;-24,5689818;-54,01878834;"SPRF-PR";"DEL06-PR";"UOP02-DEL06-PR"
153559;2018-08-17;"sexta-feira";"12:00:00";"PB";104;141;"QUEIMADAS";"Falta de Atenção à Condução";"Colisão lateral";"Sem Vítimas";"Pleno dia";"Crescente";"Sol";"Simples";"Reta;Aclive";"Sim";4;0;0;0;3;1;0;4;-7,381966;-35,896299;"SPRF-PB";"DEL02-PB";"UOP03-DEL02-PB"
153563;2018-08-17;"sexta-feira";"08:00:00";"BA";407;76;"JAGUARARI";"Desobediência às normas de trânsito pelo condutor";"Colisão lateral";"Com Vítimas Feridas";"Pleno dia";"Crescente";"Sol";"Simples";"Reta";"Não";4;0;1;0;3;0;1;2;-10,02592;-40,229519;"SPRF-BA";"DEL04-BA";"UOP01-DEL04-BA"
153565;2018-08-10;"sexta-feira";"02:15:00";"PR";369;121;"JATAIZINHO";"Condutor Dormindo";"Saída de leito carroçável";"Com Vítimas Feridas";"Plena Noite";"Crescente";"Céu Claro";"Simples";"Reta";"Não";1;0;1;0;0;0;1;1;-23,285946;-50,908248;"SPRF-PR";"DEL07-PR";"UOP05-DEL07-PR"
153568;2018-08-17;"sexta-feira";"11:30:00";"RO";319;58;"PORTO VELHO";"Falta de Atenção do Pedestre";"Atropelamento de Pedestre";"Com Vítimas Feridas";"Pleno dia";"Crescente";"Céu Claro";"Dupla";"Reta";"Sim";3;0;0;1;1;2;1;4;-8,74340601;-63,91307116;"SPRF-RO";"DEL01-RO";"UOP01-DEL01-RO"
153572;2018-08-17;"sexta-feira";"13:00:00";"MT";163;816,8;"SINOP";"Falta de Atenção à Condução";"Engavetamento";"Com Vítimas Feridas";"Pleno dia";"Crescente";"Céu Claro";"Simples";"Reta";"Não";7;0;3;0;3;1;3;5;-12,06458616;-55,5175209;"SPRF-MT";"DEL06-MT";"UOP01-DEL06-MT"
153576;2018-08-17;"sexta-feira";"14:22:00";"SC";101;127,2;"ITAJAI";"Não guardar distância de segurança";"Colisão traseira";"Com Vítimas Feridas";"Pleno dia";"Decrescente";"Céu Claro";"Dupla";"Reta";"Sim";2;0;0;1;1;0;1;2;-26,973;-48,6828;"SPRF-SC";"DEL04-SC";"UOP04-DEL04-SC"
153577;2018-08-17;"sexta-feira";"14:50:00";"SE";101;24,3;"MURIBECA";"Condutor Dormindo";"Colisão frontal";"Com Vítimas Fatais";"Pleno dia";"Decrescente";"Céu Claro";"Simples";"Reta";"Não";7;1;0;5;0;1;5;3;-10,42585846;-36,92796707;"SPRF-SE";"DEL02-SE";"UOP02-DEL02-SE"
153580;2018-08-17;"sexta-feira";"13:45:00";"PR";277;410,9;"CANDOI";"Velocidade Incompatível";"Saída de leito carroçável";"Com Vítimas Feridas";"Pleno dia";"Crescente";"Céu Claro";"Simples";"Curva";"Não";2;0;1;0;0;1;1;2;-25,41901277;-52,05433846;"SPRF-PR";"DEL04-PR";"UOP02-DEL04-PR"
153581;2018-08-17;"sexta-feira";"15:00:00";"PR";376;348,2;"ORTIGUEIRA";"Desobediência às normas de trânsito pelo condutor";"Colisão lateral";"Com Vítimas Feridas";"Pleno dia";"Decrescente";"Sol";"Dupla";"Reta";"Não";2;0;1;0;1;0;1;2;-24,19788668;-50,95218658;"SPRF-PR";"DEL07-PR";"UOP02-DEL07-PR"
153586;2018-08-17;"sexta-feira";"14:25:00";"RJ";101;261,4;"RIO BONITO";"Defeito Mecânico no Veículo";"Colisão com objeto estático";"Com Vítimas Feridas";"Pleno dia";"Crescente";"Chuva";"Simples";"Declive;Curva";"Não";8;0;1;0;0;7;1;7;-22,71218347;-42,61605799;"SPRF-RJ";"DEL02-RJ";"UOP03-DEL02-RJ"
153589;2018-07-22;"domingo";"16:45:00";"GO";153;516,3;"APARECIDA DE GOIANIA";"Ingestão de Álcool";"Colisão traseira";"Com Vítimas Feridas";"Pleno dia";"Crescente";"Sol";"Dupla";"Reta";"Sim";3;0;1;0;1;1;1;3;-16,8504;-49,2473;"SPRF-GO";"DEL01-GO";"UOP03-DEL01-GO"
153593;2018-08-17;"sexta-feira";"15:55:00";"MG";364;28,2;"FRUTAL";"Falta de Atenção à Condução";"Colisão frontal";"Com Vítimas Feridas";"Pleno dia";"Decrescente";"Chuva";"Simples";"Reta";"Não";2;0;0;1;1;0;1;2;-20,02315347;-48,89734089;"SPRF-MG";"DEL13-MG";"UOP02-DEL13-MG"
153597;2018-08-17;"sexta-feira";"13:30:00";"TO";153;734;"ALVORADA";"Falta de Atenção à Condução";"Colisão lateral";"Com Vítimas Feridas";"Pleno dia";"Decrescente";"Chuva";"Simples";"Reta";"Não";5;0;1;0;3;1;1;3;-12,43858813;-49,12261963;"SPRF-TO";"DEL02-TO";"UOP02-DEL01-TO"
153598;2018-08-17;"sexta-feira";"14:10:00";"MT";70;517;"VARZEA GRANDE";"Falta de Atenção à Condução";"Colisão transversal";"Sem Vítimas";"Pleno dia";"Crescente";"Céu Claro";"Simples";"Curva";"Sim";3;0;0;0;2;2;0;4;-15,70032963;-56,1635685;"SPRF-MT";"DEL01-MT";"DEL2/4-UOP02/MT"
153602;2018-08-17;"sexta-feira";"14:50:00";"MG";262;108,7;"SANTO ANTONIO DO GRAMA";"Pista Escorregadia";"Colisão frontal";"Com Vítimas Fatais";"Pleno dia";"Decrescente";"Garoa/Chuvisco";"Simples";"Aclive;Curva";"Não";3;1;0;0;2;0;0;2;-20,26926253;-42,57519722;"SPRF-MG";"DEL03-MG";"UOP03-DEL03-MG"
153606;2018-08-17;"sexta-feira";"12:45:00";"PA";0;0;"SAO FRANCISCO DO PARA";"Desobediência às normas de trânsito pelo condutor";"Colisão transversal";"Sem Vítimas";"Pleno dia";"Não Informado";"Céu Claro";"Simples";"Curva";"Não";2;0;0;0;2;0;0;2;-1,31172164;-47,72735596;"SPRF-PA";"DEL01-PA";"UOP02-DEL01-PA"
153610;2018-08-17;"sexta-feira";"16:30:00";"PR";376;366;"ORTIGUEIRA";"Falta de Atenção à Condução";"Colisão traseira";"Com Vítimas Feridas";"Pleno dia";"Crescente";"Céu Claro";"Simples";"Reta";"Não";4;0;1;0;1;3;1;5;-24,31495835;-50,86167008;"SPRF-PR";"DEL03-PR";"UOP02-DEL03-PR"
153618;2018-08-17;"sexta-feira";"15:00:00";"PA";230;655;"ALTAMIRA";"Desobediência às normas de trânsito pelo condutor";"Colisão transversal";"Com Vítimas Feridas";"Pleno dia";"Crescente";"Céu Claro";"Simples";"Declive";"Não";2;0;1;0;1;0;1;2;-3,25055133;-52,34882355;"SPRF-PA";"DEL04-PA";"UOP01-DEL04-PA"
153619;2018-08-17;"sexta-feira";"17:15:00";"ES";101;323,7;"GUARAPARI";"Desobediência às normas de trânsito pelo condutor";"Colisão traseira";"Com Vítimas Feridas";"Anoitecer";"Crescente";"Garoa/Chuvisco";"Simples";"Reta";"Não";4;0;2;0;1;1;2;3;-20,543;-40,482;"SPRF-ES";"DEL03-ES";"UOP01-DEL03-ES"
153620;2018-08-17;"sexta-feira";"16:50:00";"RN";304;46;"MOSSORO";"Não guardar distância de segurança";"Colisão traseira";"Com Vítimas Feridas";"Anoitecer";"Decrescente";"Céu Claro";"Dupla";"Reta";"Sim";4;0;1;0;3;0;1;3;-5,225794;-37,340046;"SPRF-RN";"DEL04-RN";"UOP01-DEL04-RN"
153632;2018-08-17;"sexta-feira";"17:10:00";"MG";40;729;"OLIVEIRA FORTES";"Defeito Mecânico no Veículo";"Queda de ocupante de veículo";"Com Vítimas Fatais";"Pleno dia";"Crescente";"Nublado";"Dupla";"Reta";"Não";1;1;0;0;0;0;0;1;-21,3463644;-43,5821414;"SPRF-MG";"DEL05-MG";"UOP01-DEL05-MG"
153634;2018-08-17;"sexta-feira";"16:08:00";"MG";50;192,5;"UBERABA";"Falta de Atenção à Condução";"Colisão traseira";"Com Vítimas Feridas";"Pleno dia";"Crescente";"Chuva";"Dupla";"Aclive";"Não";3;0;0;1;1;3;1;5;-19,8772;-47,8553;"SPRF-MG";"DEL13-MG";"UOP01-DEL13-MG"
153643;2018-08-17;"sexta-feira";"18:50:00";"SP";116;283,7;"EMBU DAS ARTES";"Velocidade Incompatível";"Engavetamento";"Com Vítimas Feridas";"Plena Noite";"Crescente";"Garoa/Chuvisco";"Dupla";"Reta";"Sim";11;0;8;0;2;2;8;5;-23,67016206;-46,85600996;"SPRF-SP";"DEL04-SP";"UOP01-DEL04-SP"
153648;2018-08-17;"sexta-feira";"18:40:00";"MG";365;17,4;"MONTES CLAROS";"Falta de Atenção à Condução";"Colisão com objeto estático";"Com Vítimas Feridas";"Plena Noite";"Crescente";"Garoa/Chuvisco";"Simples";"Aclive;Curva";"Não";3;0;1;0;1;1;1;3;-16,877241;-43,993404;"SPRF-MG";"DEL12-MG";"UOP01-DEL12-MG"
153655;2018-08-17;"sexta-feira";"18:55:00";"MG";381;366;"SAO GONCALO DO RIO ABAIXO";"Falta de Atenção à Condução";"Colisão frontal";"Com Vítimas Feridas";"Plena Noite";"Decrescente";"Chuva";"Simples";"Curva";"Não";3;0;1;0;1;2;1;4;-19,8611803;-43,22680235;"SPRF-MG";"DEL03-MG";"UOP01-DEL03-MG"
153667;2018-08-17;"sexta-feira";"19:15:00";"MG";40;105,4;"LAGOA GRANDE";"Ultrapassagem Indevida";"Colisão frontal";"Com Vítimas Fatais";"Plena Noite";"Crescente";"Céu Claro";"Simples";"Reta";"Não";6;2;1;1;1;2;2;4;-17,597811;-46,48045;"SPRF-MG";"DEL14-MG";"UOP01-DEL14-MG"
153670;2018-08-17;"sexta-feira";"19:15:00";"MG";40;567;"NOVA LIMA";"Pista Escorregadia";"Tombamento";"Com Vítimas Feridas";"Plena Noite";"Crescente";"Chuva";"Simples";"Reta";"Não";2;0;1;0;0;1;1;2;-20,1951;-43,9737;"SPRF-MG";"DEL01-MG";"UOP02-DEL01-MG"
153671;2018-08-02;"quinta-feira";"16:00:00";"SC";470;51,5;"BLUMENAU";"Falta de Atenção à Condução";"Colisão lateral";"Com Vítimas Feridas";"Pleno dia";"Crescente";"Chuva";"Simples";"Interseção de Vias";"Sim";2;0;1;0;1;0;1;2;-26,86086391;-49,07143143;"SPRF-SC";"DEL04-SC";"UOP01-DEL04-SC"
153676;2018-06-26;"terça-feira";"18:35:00";"BA";116;818;"VITORIA DA CONQUISTA";"Falta de Atenção à Condução";"Colisão frontal";"Com Vítimas Feridas";"Plena Noite";"Crescente";"Nublado";"Simples";"Reta";"Sim";8;0;1;3;3;1;4;5;-14,820776;-40,813284;"SPRF-BA";"DEL08-BA";"UOP01-DEL08-BA"
153680;2018-08-13;"segunda-feira";"23:30:00";"MS";262;100;"TRES LAGOAS";"Defeito Mecânico no Veículo";"Incêndio";"Sem Vítimas";"Plena Noite";"Crescente";"Nublado";"Simples";"Reta";"Não";2;0;0;0;1;1;0;2;-20,8158156;-51,8150638;"SPRF-MS";"DEL07-MS";"UOP02-DEL07-MS"
153681;2018-08-17;"sexta-feira";"20:15:00";"SP";381;44,9;"ATIBAIA";"Desobediência às normas de trânsito pelo pedestre";"Atropelamento de Pedestre";"Com Vítimas Feridas";"Plena Noite";"Decrescente";"Nublado";"Dupla";"Reta";"Sim";3;0;0;1;1;1;1;2;-23,17507615;-46,57812864;"SPRF-SP";"DEL03-SP";"UOP01-DEL03-SP"
153685;2018-08-17;"sexta-feira";"20:30:00";"MG";381;481;"CONTAGEM";"Não guardar distância de segurança";"Engavetamento";"Com Vítimas Feridas";"Plena Noite";"Crescente";"Chuva";"Dupla";"Reta";"Sim";4;0;1;0;2;2;1;5;-19,959;-44,0704;"SPRF-MG";"DEL01-MG";"UOP03-DEL01-MG"
153686;2018-08-17;"sexta-feira";"08:40:00";"MG";365;18;"MONTES CLAROS";"Velocidade Incompatível";"Tombamento";"Sem Vítimas";"Pleno dia";"Decrescente";"Chuva";"Simples";"Curva";"Não";2;0;0;0;0;2;0;2;-16,6556;-43,7194;"SPRF-MG";"DEL12-MG";"UOP01-DEL12-MG"
153689;2018-08-17;"sexta-feira";"21:15:00";"RJ";116;109,5;"GUAPIMIRIM";"Falta de Atenção à Condução";"Colisão transversal";"Com Vítimas Feridas";"Plena Noite";"Decrescente";"Chuva";"Simples";"Declive";"Sim";2;0;1;0;1;0;1;2;-22,54712126;-42,98669636;"SPRF-RJ";"DEL04-RJ";"UOP02-DEL04-RJ"
153691;2018-08-17;"sexta-feira";"21:10:00";"PR";116;168,5;"QUITANDINHA";"Falta de Atenção à Condução";"Colisão lateral";"Sem Vítimas";"Plena Noite";"Crescente";"Céu Claro";"Simples";"Reta";"Não";3;0;0;0;1;2;0;3;-25,88672614;-49,50658137;"SPRF-PR";"DEL01-PR";"UOP03-DEL01-PR"
153714;2018-08-17;"sexta-feira";"19:30:00";"MG";153;17;"CENTRALINA";"Falta de Atenção do Pedestre";"Atropelamento de Pedestre";"Com Vítimas Feridas";"Plena Noite";"Decrescente";"Nublado";"Dupla";"Curva";"Sim";2;0;0;1;0;1;1;2;-18,5777;-49,1934;"SPRF-MG";"DEL15-MG";"UOP03-DEL15-MG"
153717;2018-08-17;"sexta-feira";"19:00:00";"RS";392;237,6;"CACAPAVA DO SUL";"Defeito Mecânico no Veículo";"Colisão traseira";"Com Vítimas Feridas";"Plena Noite";"Decrescente";"Céu Claro";"Simples";"Reta;Declive";"Não";3;0;1;0;1;1;1;3;-30,621828;-53,334427;"SPRF-RS";"DEL09-RS";"UOP02-DEL09-RS"
153719;2018-08-17;"sexta-feira";"20:30:00";"RO";364;463;"CACAULANDIA";"Defeito Mecânico no Veículo";"Incêndio";"Sem Vítimas";"Plena Noite";"Crescente";"Céu Claro";"Simples";"Reta";"Não";2;0;0;0;1;2;0;3;-10,28215349;-62,6796627;"SPRF-RO";"DEL03-RO";"UOP01-DEL03-RO"
153720;2018-08-17;"sexta-feira";"22:30:00";"RJ";101;414;"ITAGUAI";"Desobediência às normas de trânsito pelo condutor";"Colisão transversal";"Com Vítimas Feridas";"Plena Noite";"Decrescente";"Nublado";"Dupla";"Reta";"Sim";3;0;1;0;0;2;1;3;-22,90394915;-43,87230277;"SPRF-RJ";"DEL03-RJ";"UOP01-DEL03-RJ"
153721;2018-08-17;"sexta-feira";"22:30:00";"MG";40;682;"RESSAQUINHA";"Falta de Atenção do Pedestre";"Atropelamento de Pedestre";"Com Vítimas Feridas";"Plena Noite";"Crescente";"Nublado";"Simples";"Reta";"Não";2;0;1;0;1;0;1;2;-21,06360159;-43,76349536;"SPRF-MG";"DEL05-MG";"UOP02-DEL05-MG"
153726;2018-08-17;"sexta-feira";"21:30:00";"GO";60;440;"JATAI";"Condutor Dormindo";"Colisão traseira";"Sem Vítimas";"Pleno dia";"Crescente";"Céu Claro";"Dupla";"Reta";"Não";3;0;0;0;2;4;0;6;-17,9091622;-51,7146933;"SPRF-GO";"DEL05-GO";"UOP01-DEL05-GO"
153730;2018-08-18;"sábado";"00:40:00";"PA";10;83;"ULIANOPOLIS";"Condutor Dormindo";"Engavetamento";"Sem Vítimas";"Plena Noite";"Decrescente";"Céu Claro";"Simples";"Reta";"Sim";3;0;0;0;3;0;0;3;-3,721266;-47,489651;"SPRF-PA";"DEL02-PA";"UOP02-DEL02-PA"
153731;2018-08-17;"sexta-feira";"21:40:00";"SC";282;624,9;"IRACEMINHA";"Ingestão de Álcool";"Colisão frontal";"Com Vítimas Feridas";"Plena Noite";"Crescente";"Céu Claro";"Simples";"Reta";"Sim";5;0;0;2;1;2;2;3;-26,80262215;-53,35613251;"SPRF-SC";"DEL07-SC";"UOP02-DEL07-SC"
153733;2018-08-17;"sexta-feira";"22:45:00";"SC";470;248,6;"CURITIBANOS";"Falta de Atenção à Condução";"Colisão frontal";"Com Vítimas Feridas";"Plena Noite";"Decrescente";"Céu Claro";"Simples";"Curva";"Não";6;0;3;1;1;1;4;3;-27,314163;-50,550713;"SPRF-SC";"DEL05-SC";"UOP03-DEL05-SC"
153734;2018-08-18;"sábado";"01:20:00";"SP";116;347,6;"MIRACATU";"Defeito Mecânico no Veículo";"Tombamento";"Com Vítimas Feridas";"Plena Noite";"Crescente";"Garoa/Chuvisco";"Dupla";"Declive;Curva";"Não";3;0;2;0;0;1;2;2;-24,05166649;-47,20207751;"SPRF-SP";"DEL04-SP";"UOP03-DEL04-SP"
153737;2018-08-17;"sexta-feira";"23:30:00";"BA";116;745,8;"POCOES";"Desobediência às normas de trânsito pelo condutor";"Colisão lateral";"Com Vítimas Feridas";"Plena Noite";"Decrescente";"Nublado";"Simples";"Curva";"Não";3;0;1;0;1;1;1;3;-14,44385;-40,35249;"SPRF-BA";"DEL08-BA";"UOP02-DEL08-BA"
153773;2018-08-18;"sábado";"05:35:00";"RS";158;65;"SEBERI";"Falta de Atenção à Condução";"Colisão lateral";"Sem Vítimas";"Plena Noite";"Crescente";"Céu Claro";"Simples";"Reta";"Não";5;0;0;0;4;1;0;3;-27,61479759;-53,34480286;"SPRF-RS";"DEL08-RS";"UOP02-DEL08-RS"
153776;2018-08-17;"sexta-feira";"17:15:00";"SC";282;554,7;"NOVA ITABERABA";"Desobediência às normas de trânsito pelo condutor";"Colisão transversal";"Com Vítimas Feridas";"Pleno dia";"Decrescente";"Sol";"Simples";"Interseção de Vias";"Não";3;0;1;0;1;1;1;3;-26,93614074;-52,80034661;"SPRF-SC";"DEL07-SC";"UOP01-DEL07-SC"
153777;2018-08-18;"sábado";"06:05:00";"MG";153;13;"CENTRALINA";"Falta de Atenção à Condução";"Colisão traseira";"Com Vítimas Fatais";"Amanhecer";"Decrescente";"Nublado";"Dupla";"Reta";"Não";4;1;0;0;2;3;0;6;-18,5417;-49,1935;"SPRF-MG";"DEL15-MG";"UOP03-DEL15-MG"
153778;2018-08-17;"sexta-feira";"21:30:00";"SP";116;503;"CAJATI";"Pista Escorregadia";"Tombamento";"Sem Vítimas";"Plena Noite";"Crescente";"Garoa/Chuvisco";"Simples";"Curva";"Não";2;0;0;0;1;1;0;2;-24,77395443;-48,2062912;"SPRF-SP";"DEL05-SP";"UAP01-DEL05-SP"
153786;2018-06-07;"quinta-feira";"09:00:00";"GO";153;500,5;"GOIANIA";"Falta de Atenção à Condução";"Colisão lateral";"Com Vítimas Feridas";"Pleno dia";"Crescente";"Céu Claro";"Dupla";"Interseção de Vias";"Sim";4;0;1;0;1;3;1;5;-16,704842;-49,231009;"SPRF-GO";"DEL01-GO";"UOP01-DEL01-GO"
153793;2018-08-18;"sábado";"07:30:00";"PI";343;20;"PARNAIBA";"Desobediência às normas de trânsito pelo condutor";"Colisão transversal";"Sem Vítimas";"Pleno dia";"Decrescente";"Céu Claro";"Simples";"Reta";"Não";2;0;0;0;2;0;0;2;-2,981128;-41,762501;"SPRF-PI";"DEL05-PI";"UOP01-DEL05-PI"
153798;2018-08-18;"sábado";"09:29:00";"ES";101;212,9;"IBIRACU";"Falta de Atenção do Pedestre";"Atropelamento de Pedestre";"Com Vítimas Fatais";"Pleno dia";"Decrescente";"Céu Claro";"Simples";"Curva";"Sim";5;1;0;0;1;3;0;3;-19,822102;-40,369828;"SPRF-ES";"DEL02-ES";"UOP01-DEL02-ES"
153800;2018-08-18;"sábado";"09:50:00";"SC";470;151;"RIO DO SUL";"Ultrapassagem Indevida";"Colisão lateral";"Com Vítimas Feridas";"Pleno dia";"Decrescente";"Nublado";"Simples";"Reta";"Não";5;0;3;0;2;0;3;3;-27,25546889;-49,70802784;"SPRF-SC";"DEL04-SC";"UOP02-DEL04-SC"
153804;2018-08-18;"sábado";"09:40:00";"SE";101;152;"ESTANCIA";"Falta de Atenção à Condução";"Engavetamento";"Sem Vítimas";"Pleno dia";"Decrescente";"Nublado";"Simples";"Reta";"Sim";5;0;0;0;5;0;0;5;-11,26710595;-37,4421447;"SPRF-SE";"DEL02-SE";"UOP01-DEL02-SE"
153806;2018-08-18;"sábado";"08:50:00";"MT";163;827;"SINOP";"Falta de Atenção à Condução";"Colisão lateral";"Com Vítimas Feridas";"Pleno dia";"Crescente";"Céu Claro";"Dupla";"Retorno Regulamentado";"Sim";4;0;1;0;2;2;1;4;-11,88193383;-55,50054494;"SPRF-MT";"DEL06-MT";"UOP01-DEL06-MT"
153813;2018-08-18;"sábado";"08:10:00";"RS";116;165,1;"CAXIAS DO SUL";"Desobediência às normas de trânsito pelo condutor";"Colisão lateral";"Com Vítimas Feridas";"Pleno dia";"Crescente";"Céu Claro";"Simples";"Declive";"Não";3;0;1;0;2;0;1;2;-29,2595018;-51,16044402;"SPRF-RS";"DEL05-RS";"UOP02-DEL05-RS"
153819;2018-08-18;"sábado";"10:00:00";"AM";174;901;"MANAUS";"Falta de Atenção à Condução";"Colisão lateral";"Com Vítimas Feridas";"Pleno dia";"Decrescente";"Céu Claro";"Simples";"Declive";"Não";3;0;1;0;2;0;1;2;-2,597591;-60;"SPRF-AM";"DEL01-AM";"UOP01-DEL01-AM"
153821;2018-08-18;"sábado";"09:40:00";"PR";376;546;"PALMEIRA";"Não guardar distância de segurança";"Saída de leito carroçável";"Com Vítimas Feridas";"Pleno dia";"Decrescente";"Sol";"Dupla";"Reta";"Não";5;0;0;1;1;3;1;4;-25,41000054;-49,77915633;"SPRF-PR";"DEL01-PR";"UOP06-DEL01-PR"
153824;2018-08-18;"sábado";"08:00:00";"MG";262;466,3;"BOM DESPACHO";"Desobediência às normas de trânsito pelo condutor";"Colisão transversal";"Com Vítimas Feridas";"Pleno dia";"Crescente";"Sol";"Simples";"Reta;Declive";"Não";8;0;3;0;4;1;3;3;-19,78592644;-45,16805649;"SPRF-MG";"DEL08-MG";"UOP03-DEL08-MG"
153826;2018-08-18;"sábado";"08:40:00";"BA";116;870,2;"VITORIA DA CONQUISTA";"Não guardar distância de segurança";"Colisão lateral";"Sem Vítimas";"Pleno dia";"Crescente";"Nublado";"Simples";"Aclive";"Sim";4;0;0;0;3;5;0;8;-15,20722;-41,08568;"SPRF-BA";"DEL08-BA";"UOP03-DEL08-BA"
153828;2018-08-18;"sábado";"11:20:00";"PR";376;488,3;"PONTA GROSSA";"Defeito Mecânico no Veículo";"Colisão transversal";"Com Vítimas Feridas";"Pleno dia";"Crescente";"Céu Claro";"Dupla";"Reta";"Sim";3;0;1;0;1;1;1;3;-25,08719245;-50,19458055;"SPRF-PR";"DEL03-PR";"UOP04-DEL03-PR"
153831;2018-08-18;"sábado";"09:55:00";"BA";116;764,8;"POCOES";"Não guardar distância de segurança";"Colisão traseira";"Com Vítimas Feridas";"Pleno dia";"Crescente";"Nublado";"Simples";"Reta";"Não";5;0;1;0;3;2;1;5;-14,57195;-40,42329;"SPRF-BA";"DEL08-BA";"UOP02-DEL08-BA"
153832;2018-08-18;"sábado";"11:50:00";"BA";101;830;"ITAMARAJU";"Falta de Atenção à Condução";"Tombamento";"Com Vítimas Feridas";"Pleno dia";"Decrescente";"Chuva";"Simples";"Declive;Curva";"Não";2;0;1;0;0;1;1;2;-17,1774;-39,5802;"SPRF-BA";"DEL09-BA";"UOP01-DEL09-BA"
153837;2018-08-18;"sábado";"11:40:00";"SC";101;415,3;"ARARANGUA";"Desobediência às normas de trânsito pelo condutor";"Queda de ocupante de veículo";"Com Vítimas Fatais";"Pleno dia";"Crescente";"Céu Claro";"Dupla";"Reta";"Sim";3;1;0;0;2;0;0;1;-28,95390229;-49,52997208;"SPRF-SC";"DEL02-SC";"UOP02-DEL02-SC"
153839;2018-08-18;"sábado";"13:55:00";"PR";277;730;"FOZ DO IGUACU";"Falta de Atenção à Condução";"Colisão com objeto estático";"Sem Vítimas";"Pleno dia";"Crescente";"Céu Claro";"Dupla";"Reta";"Não";1;0;0;0;1;0;0;1;-25,50947951;-54,59641667;"SPRF-PR";"DEL05-PR";"UOP03-DEL05-PR"
153842;2018-08-18;"sábado";"12:40:00";"PR";369;115,8;"URAI";"Velocidade Incompatível";"Capotamento";"Com Vítimas Fatais";"Pleno dia";"Crescente";"Céu Claro";"Simples";"Curva;Declive";"Não";1;1;0;0;0;0;0;1;-23,278043;-50,859301;"SPRF-PR";"DEL07-PR";"UOP05-DEL07-PR"
153848;2018-08-18;"sábado";"09:50:00";"MG";116;431,8;"ALPERCATA";"Avarias e/ou desgaste excessivo no pneu";"Tombamento";"Com Vítimas Feridas";"Pleno dia";"Decrescente";"Nublado";"Simples";"Curva";"Não";3;0;1;1;0;2;2;3;-19,00373878;-41,97675347;"SPRF-MG";"DEL06-MG";"UOP01-DEL06-MG"
153854;2018-08-18;"sábado";"10:40:00";"PI";316;2;"TERESINA";"Falta de Atenção à Condução";"Colisão traseira";"Com Vítimas Feridas";"Pleno dia";"Crescente";"Céu Claro";"Múltipla";"Reta";"Sim";2;0;1;0;1;0;1;2;-5,124775;-42,798485;"SPRF-PI";"DEL01-PI";"UOP02-DEL01-PI"
153855;2018-08-18;"sábado";"16:10:00";"MG";116;637,7;"DIVINO";"Falta de Atenção à Condução";"Colisão lateral";"Com Vítimas Feridas";"Pleno dia";"Crescente";"Céu Claro";"Simples";"Curva";"Não";4;0;1;1;1;1;2;3;-20,6266794;-42,22183228;"SPRF-MG";"DEL07-MG";"UOP03-DEL07-MG"