"id";"data_inversa";"dia_semana";"horario";"uf";"br";"km";"municipio";"causa_acidente";"tipo_acidente";"classificacao_acidente";"fase_dia";"sentido_via";"condicao_metereologica";"tipo_pista";"tracado_via";"uso_solo";"pessoas";"mortos";"feridos_leves";"feridos_graves";"ilesos";"ignorados";"feridos";"veiculos";"latitude";"longitude";"regional";"delegacia";"uop"
154552;2018-08-22;"quarta-feira";"03:30:00";"RS";290;11,8;"SANTO ANTONIO DA PATRULHA";"Condutor Dormindo";"Saída de leito carroçável";"Sem Vítimas";"Plena Noite";"Crescente";"Garoa/Chuvisco";"Dupla";"Reta";"Não";2;0;0;0;1;1;0;2;-29,88362;-50,3892;"SPRF-RS";"DEL03-RS";"UOP02-DEL03-RS"
154553;2018-08-22;"quarta-feira";"03:20:00";"PR";376;538,4;"PALMEIRA";"Falta de Atenção à Condução";"Tombamento";"Com Vítimas Feridas";"Plena Noite";"Decrescente";"Chuva";"Múltipla";"Reta";"Não";1;0;1;0;0;0;1;1;-25,34723;-49,842409;"SPRF-PR";"DEL01-PR";"UOP06-DEL01-PR"
154557;2018-08-22;"quarta-feira";"04:45:00";"SP";116;228,4;"SAO PAULO";"Falta de Atenção à Condução";"Colisão com objeto estático";"Sem Vítimas";"Plena Noite";"Crescente";"Nublado";"Múltipla";"Reta";"Sim";4;0;0;0;3;1;0;3;-23,5065978;-46,5704714;"SPRF-SP";"DEL01-SP";"UOP01-DEL01-SP"
154559;2018-08-22;"quarta-feira";"05:20:00";"BA";101;313;"PRESIDENTE TANCREDO NEVES";"Condutor Dormindo";"Colisão frontal";"Com Vítimas Fatais";"Amanhecer";"Crescente";"Garoa/Chuvisco";"Simples";"Reta";"Não";3;2;1;0;0;0;1;2;-13,35166693;-39,38261211;"SPRF-BA";"DEL05-BA";"UOP03-DEL05-BA"
154561;2018-08-22;"quarta-feira";"05:50:00";"GO";153;420;"ANAPOLIS";"Animais na Pista";"Atropelamento de Animal";"Com Vítimas Feridas";"Amanhecer";"Decrescente";"Céu Claro";"Dupla";"Declive;Reta";"Não";1;0;1;0;0;0;1;1;-16,1777;-49,042828;"SPRF-GO";"DEL02-GO";"UOP01-DEL02-GO"
154565;2018-08-22;"quarta-feira";"05:50:00";"MG";381;488;"BETIM";"Velocidade Incompatível";"Derramamento de carga";"Sem Vítimas";"Amanhecer";"Crescente";"Céu Claro";"Dupla";"Curva";"Sim";2;0;0;0;1;1;0;2;-19,95777941;-44,1210022;"SPRF-MG";"DEL01-MG";"UOP03-DEL01-MG"
154568;2018-08-08;"quarta-feira";"05:10:00";"SP";381;26;"ATIBAIA";"Condutor Dormindo";"Colisão traseira";"Com Vítimas Fatais";"Plena Noite";"Decrescente";"Céu Claro";"Dupla";"Reta";"Sim";4;1;0;1;1;1;1;3;-23,02517852;-46,53424501;"SPRF-SP";"DEL03-SP";"UOP02-DEL03-SP"
154569;2018-08-22;"quarta-feira";"07:40:00";"MG";365;471;"PATROCINIO";"Sinalização da via insuficiente ou inadequada";"Tombamento";"Com Vítimas Feridas";"Pleno dia";"Decrescente";"Céu Claro";"Simples";"Declive";"Não";2;0;1;0;0;1;1;2;-18,92027263;-46,98168039;"SPRF-MG";"DEL10-MG";"UOP01-DEL10-MG"
154573;2018-08-22;"quarta-feira";"07:30:00";"PR";476;59,7;"TUNAS DO PARANA";"Velocidade Incompatível";"Colisão frontal";"Com Vítimas Fatais";"Pleno dia";"Crescente";"Chuva";"Simples";"Curva";"Não";4;3;0;0;1;0;0;2;-24,996725;-49,082588;"SPRF-PR";"DEL01-PR";"UOP01-DEL01-PR"
154574;2018-08-22;"quarta-feira";"07:25:00";"SC";470;6;"NAVEGANTES";"Ultrapassagem Indevida";"Colisão frontal";"Com Vítimas Feridas";"Amanhecer";"Decrescente";"Garoa/Chuvisco";"Simples";"Reta;Em Obras";"Sim";5;0;0;1;2;2;1;5;-26,852238;-48,709545;"SPRF-SC";"DEL04-SC";"UOP04-DEL04-SC"
154575;2018-08-22;"quarta-feira";"06:30:00";"PE";232;42,9;"VITORIA DE SANTO ANTAO";"Ingestão de álcool e/ou substâncias psicoativas pelo pedestre";"Tombamento";"Com Vítimas Feridas";"Pleno dia";"Decrescente";"Céu Claro";"Dupla";"Retorno Regulamentado";"Não";2;0;1;0;0;1;1;2;-8,11858589;-35,26109219;"SPRF-PE";"DEL01-PE";"UOP02-DEL02PE"
154576;2018-08-22;"quarta-feira";"08:00:00";"RS";116;299,5;"GUAIBA";"Defeito Mecânico no Veículo";"Colisão traseira";"Com Vítimas Feridas";"Pleno dia";"Crescente";"Garoa/Chuvisco";"Dupla";"Reta";"Sim";4;0;0;2;2;0;2;2;-30,11788372;-51,34687901;"SPRF-RS";"DEL02-RS";"UOP01-DEL02-RS"
154578;2018-08-22;"quarta-feira";"07:30:00";"PA";10;354,2;"SANTA MARIA DO PARA";"Ultrapassagem Indevida";"Saída de leito carroçável";"Sem Vítimas";"Amanhecer";"Decrescente";"Céu Claro";"Dupla";"Reta";"Não";1;0;0;0;1;0;0;1;-1,3452392;-47,5766756;"SPRF-PA";"DEL01-PA";"UOP02-DEL01-PA"
154583;2018-08-22;"quarta-feira";"06:00:00";"BA";20;82;"SAO DESIDERIO";"Condutor Dormindo";"Colisão lateral";"Sem Vítimas";"Amanhecer";"Crescente";"Céu Claro";"Simples";"Reta";"Não";3;0;0;0;2;5;0;7;-13,2445;-46,0476;"SPRF-BA";"DEL10-BA";"UOP01-DEL10-BA"
154586;2018-08-22;"quarta-feira";"09:15:00";"RN";101;96;"NATAL";"Carga excessiva e/ou mal acondicionada";"Colisão com objeto em movimento";"Com Vítimas Feridas";"Pleno dia";"Crescente";"Céu Claro";"Múltipla";"Declive";"Sim";3;0;0;1;2;0;1;3;-5,84370971;-35,209288;"SPRF-RN";"DEL01-RN";"UOP01-DEL01-RN"
154594;2018-08-22;"quarta-feira";"09:20:00";"CE";20;404;"CAUCAIA";"Carga excessiva e/ou mal acondicionada";"Colisão com objeto em movimento";"Com Vítimas Feridas";"Pleno dia";"Decrescente";"Céu Claro";"Simples";"Reta";"Sim";2;0;1;0;0;1;1;2;-3,77283377;-38,67538668;"SPRF-CE";"DEL01-CE";"UOP01-DEL01-CE"
154595;2018-08-22;"quarta-feira";"08:10:00";"SE";101;66,8;"ROSARIO DO CATETE";"Defeito na Via";"Saída de leito carroçável";"Sem Vítimas";"Pleno dia";"Crescente";"Chuva";"Simples";"Em Obras;Reta;Aclive";"Não";2;0;0;0;1;1;0;2;-10,717192;-37,064329;"SPRF-SE";"DEL02-SE";"UOP02-DEL02-SE"
154598;2018-08-22;"quarta-feira";"07:30:00";"RO";421;66;"MONTE NEGRO";"Falta de Atenção à Condução";"Tombamento";"Com Vítimas Feridas";"Pleno dia";"Decrescente";"Céu Claro";"Simples";"Reta";"Não";2;0;1;0;0;1;1;2;-10,346544;-63,399918;"SPRF-RO";"DEL03-RO";"DEL21/3-UOP04/RO"
154604;2018-08-22;"quarta-feira";"07:10:00";"MG";381;930;"ITAPEVA";"Falta de Atenção à Condução";"Derramamento de carga";"Sem Vítimas";"Pleno dia";"Crescente";"Sol";"Dupla";"Reta";"Não";2;0;0;0;0;2;0;2;-22,7853;-46,2414;"SPRF-MG";"DEL16-MG";"UOP03-DEL16-MG"
154606;2018-08-22;"quarta-feira";"10:20:00";"RS";285;307,4;"PASSO FUNDO";"Desobediência às normas de trânsito pelo condutor";"Colisão frontal";"Com Vítimas Fatais";"Pleno dia";"Crescente";"Nublado";"Simples";"Curva";"Não";3;1;0;0;1;1;0;3;-28,23592163;-52,525388;"SPRF-RS";"DEL08-RS";"UOP03-DEL08-RS"
154610;2018-08-22;"quarta-feira";"09:50:00";"GO";452;178,8;"ITUMBIARA";"Falta de Atenção à Condução";"Colisão traseira";"Sem Vítimas";"Pleno dia";"Crescente";"Céu Claro";"Simples";"Aclive";"Não";3;0;0;0;2;1;0;3;-18,36975865;-49,36250567;"SPRF-GO";"DEL03-GO";"UOP02-DEL03-GO"
154614;2018-08-22;"quarta-feira";"11:00:00";"CE";222;1,1;"FORTALEZA";"Desobediência às normas de trânsito pelo condutor";"Colisão transversal";"Com Vítimas Feridas";"Pleno dia";"Decrescente";"Céu Claro";"Múltipla";"Interseção de Vias";"Sim";6;0;2;0;2;2;2;5;-3,73690509;-38,57205927;"SPRF-CE";"DEL01-CE";"UOP01-DEL01-CE"
154617;2018-08-22;"quarta-feira";"11:50:00";"BA";135;166,5;"BARREIRAS";"Desobediência às normas de trânsito pelo condutor";"Colisão frontal";"Com Vítimas Feridas";"Pleno dia";"Decrescente";"Sol";"Simples";"Curva";"Não";3;0;2;0;0;1;2;3;-12,07438538;-44,96722341;"SPRF-BA";"DEL10-BA";"UOP01-DEL10-BA"
154619;2018-08-22;"quarta-feira";"12:00:00";"PR";277;83,5;"CURITIBA";"Falta de Atenção à Condução";"Colisão lateral";"Sem Vítimas";"Pleno dia";"Decrescente";"Nublado";"Dupla";"Interseção de Vias";"Sim";2;0;0;0;2;0;0;2;-25,44821439;-49,23017406;"SPRF-PR";"DEL01-PR";"UOP01-DEL01-PR"
154621;2018-08-22;"quarta-feira";"12:00:00";"TO";226;53;"DARCINOPOLIS";"Desobediência às normas de trânsito pelo condutor";"Colisão frontal";"Com Vítimas Fatais";"Pleno dia";"Crescente";"Sol";"Simples";"Reta";"Não";3;1;0;0;1;1;0;3;-6,817324;-47,815823;"SPRF-TO";"DEL02-TO";"UOP03-DEL02-TO"
154624;2018-08-22;"quarta-feira";"12:00:00";"RS";290;23,2;"SANTO ANTONIO DA PATRULHA";"Condutor Dormindo";"Saída de leito carroçável";"Com Vítimas Feridas";"Pleno dia";"Decrescente";"Nublado";"Dupla";"Reta";"Não";2;0;2;0;0;0;2;1;-29,8852;-50,4856;"SPRF-RS";"DEL03-RS";"UOP02-DEL03-RS"
154625;2018-08-22;"quarta-feira";"12:00:00";"MG";116;361,6;"FREI INOCENCIO";"Carga excessiva e/ou mal acondicionada";"Tombamento";"Com Vítimas Feridas";"Pleno dia";"Decrescente";"Céu Claro";"Simples";"Reta";"Não";1;0;1;0;0;0;1;1;-18,46557954;-41,85448827;"SPRF-MG";"DEL11-MG";"UOP01-DEL11-MG"
154640;2018-08-22;"quarta-feira";"14:10:00";"PA";316;16;"MARITUBA";"Falta de Atenção à Condução";"Colisão lateral";"Com Vítimas Feridas";"Pleno dia";"Decrescente";"Sol";"Dupla";"Reta";"Sim";3;0;1;0;1;1;1;3;-1,360972;-48,262413;"SPRF-PA";"DEL01-PA";"DEL19/1-UOP05/PA"
154641;2018-08-22;"quarta-feira";"12:50:00";"RS";290;192,9;"MINAS DO LEAO";"Defeito Mecânico no Veículo";"Tombamento";"Sem Vítimas";"Pleno dia";"Decrescente";"Chuva";"Simples";"Reta";"Não";2;0;0;0;1;1;0;2;-30,16175165;-52,14428902;"SPRF-RS";"DEL02-RS";"UOP02-DEL02-RS"
154644;2018-08-22;"quarta-feira";"11:10:00";"PB";405;11,9;"UIRAUNA";"Defeito Mecânico no Veículo";"Incêndio";"Sem Vítimas";"Pleno dia";"Decrescente";"Céu Claro";"Simples";"Reta";"Não";2;0;0;0;1;8;0;9;-6,548;-38,413;"SPRF-PB";"DEL03-PB";"UOP03-DEL03-PB"
154653;2018-08-22;"quarta-feira";"15:45:00";"AL";101;113,3;"PILAR";"Velocidade Incompatível";"Colisão frontal";"Com Vítimas Fatais";"Pleno dia";"Decrescente";"Nublado";"Simples";"Curva";"Não";4;3;0;0;1;0;0;2;-9,628554;-36,030724;"SPRF-AL";"DEL02-AL";"UOP01-DEL02-AL"
154654;2018-08-22;"quarta-feira";"15:30:00";"SC";470;62,3;"INDAIAL";"Desobediência às normas de trânsito pelo condutor";"Colisão transversal";"Com Vítimas Feridas";"Pleno dia";"Crescente";"Nublado";"Simples";"Reta";"Não";2;0;1;0;1;0;1;2;-26,87445238;-49,18578024;"SPRF-SC";"DEL04-SC";"UOP01-DEL04-SC"
154658;2018-08-22;"quarta-feira";"14:00:00";"PR";476;204;"LAPA";"Objeto estático sobre o leito carroçável";"Colisão com objeto estático";"Com Vítimas Feridas";"Pleno dia";"Decrescente";"Nublado";"Simples";"Reta;Em Obras";"Não";4;0;0;1;1;2;1;2;-25,77840677;-49,79510307;"SPRF-PR";"DEL02-PR";"UOP04-DEL02-PR"
154660;2018-08-22;"quarta-feira";"13:40:00";"SP";116;351;"MIRACATU";"Falta de Atenção à Condução";"Colisão traseira";"Com Vítimas Feridas";"Pleno dia";"Decrescente";"Nublado";"Dupla";"Reta";"Não";3;0;1;0;1;2;1;4;-24,05398844;-47,21443176;"SPRF-SP";"DEL04-SP";"UOP03-DEL04-SP"
154667;2018-08-22;"quarta-feira";"12:00:00";"PR";369;159;"LONDRINA";"Defeito Mecânico no Veículo";"Engavetamento";"Sem Vítimas";"Pleno dia";"Crescente";"Nublado";"Dupla";"Reta";"Sim";2;0;0;0;1;1;0;2;-23,28695219;-51,22727394;"SPRF-PR";"DEL07-PR";"UOP01-DEL07-PR"
154669;2018-08-22;"quarta-feira";"16:40:00";"SC";470;186,5;"POUSO REDONDO";"Falta de Atenção à Condução";"Tombamento";"Com Vítimas Feridas";"Anoitecer";"Decrescente";"Garoa/Chuvisco";"Simples";"Curva";"Não";2;0;1;0;0;1;1;2;-27,25335152;-50,03862251;"SPRF-SC";"DEL04-SC";"UOP02-DEL04-SC"
154673;2018-08-22;"quarta-feira";"17:30:00";"PR";376;220;"JANDAIA DO SUL";"Falta de Atenção à Condução";"Saída de leito carroçável";"Com Vítimas Feridas";"Anoitecer";"Crescente";"Nevoeiro/Neblina";"Simples";"Reta";"Não";1;0;1;0;0;0;1;1;-23,59794745;-51,58294201;"SPRF-PR";"DEL07-PR";"UOP03-DEL07-PR"
154675;2018-08-22;"quarta-feira";"14:30:00";"PR";476;240,5;"LAPA";"Defeito Mecânico no Veículo";"Saída de leito carroçável";"Com Vítimas Feridas";"Pleno dia";"Decrescente";"Nublado";"Simples";"Curva";"Não";2;0;1;0;0;1;1;2;-25,86092274;-50,07302284;"SPRF-PR";"DEL02-PR";"UOP04-DEL02-PR"
154681;2018-08-22;"quarta-feira";"18:00:00";"CE";116;528,6;"JATI";"Velocidade Incompatível";"Tombamento";"Com Vítimas Feridas";"Anoitecer";"Decrescente";"Céu Claro";"Simples";"Curva;Declive";"Não";2;0;1;1;0;0;2;1;-7,69961603;-39,0255536;"SPRF-CE";"DEL05-CE";"UOP03-DEL05-CE"
154684;2018-08-22;"quarta-feira";"18:30:00";"PR";376;178,9;"MARINGA";"Falta de Atenção à Condução";"Colisão lateral";"Com Vítimas Feridas";"Plena Noite";"Crescente";"Nublado";"Dupla";"Reta";"Sim";5;0;0;1;2;2;1;4;-23,41939141;-51,91310406;"SPRF-PR";"DEL07-PR";"UOP01-DEL09-PR"
154694;2018-08-22;"quarta-feira";"17:30:00";"PA";316;55;"CASTANHAL";"Ingestão de Álcool";"Colisão traseira";"Sem Vítimas";"Pleno dia";"Crescente";"Céu Claro";"Dupla";"Reta";"Sim";2;0;0;0;2;0;0;2;-1,30205621;-47,98760466;"SPRF-PA";"DEL01-PA";"UOP01-DEL01-PA"
154702;2018-08-22;"quarta-feira";"17:15:00";"BA";324;456,2;"RIACHAO DO JACUIPE";"Desobediência às normas de trânsito pelo condutor";"Colisão lateral";"Com Vítimas Feridas";"Anoitecer";"Crescente";"Nublado";"Simples";"Reta";"Não";3;0;0;1;1;1;1;3;-11,90129244;-39,27210912;"SPRF-BA";"DEL02-BA";"UOP01-DEL02-BA"
154703;2018-08-22;"quarta-feira";"20:00:00";"RJ";393;125;"SAPUCAIA";"Falta de Atenção à Condução";"Colisão traseira";"Sem Vítimas";"Plena Noite";"Decrescente";"Céu Claro";"Dupla";"Reta";"Não";2;0;0;0;2;0;0;2;-21,954052;-42,8451;"SPRF-RJ";"DEL06-RJ";"UOP01-DEL05-RJ"
154704;2018-08-22;"quarta-feira";"20:10:00";"PE";232;41,2;"VITORIA DE SANTO ANTAO";"Velocidade Incompatível";"Colisão com objeto estático";"Sem Vítimas";"Plena Noite";"Decrescente";"Nublado";"Dupla";"Reta;Declive";"Não";2;0;0;0;1;1;0;2;-8,11395;-35,243423;"SPRF-PE";"DEL01-PE";"UOP02-DEL02PE"
154705;2018-08-22;"quarta-feira";"19:00:00";"PI";316;27,5;"DEMERVAL LOBAO";"Animais na Pista";"Atropelamento de Animal";"Com Vítimas Feridas";"Plena Noite";"Decrescente";"Céu Claro";"Simples";"Curva";"Não";4;0;0;1;3;0;1;3;-5,309863;-42,704498;"SPRF-PI";"DEL01-PI";"UOP02-DEL01-PI"
154706;2018-08-22;"quarta-feira";"20:36:00";"PR";153;521,8;"GENERAL CARNEIRO";"Falta de Atenção à Condução";"Colisão transversal";"Com Vítimas Fatais";"Plena Noite";"Decrescente";"Céu Claro";"Simples";"Reta";"Não";6;1;1;1;1;3;2;5;-26,60874;-51,476959;"SPRF-PR";"DEL02-PR";"UOP03-DEL02-PR"
154711;2018-08-22;"quarta-feira";"16:10:00";"MG";116;216;"CATUJI";"Falta de Atenção à Condução";"Colisão transversal";"Com Vítimas Fatais";"Pleno dia";"Decrescente";"Céu Claro";"Simples";"Interseção de Vias";"Não";3;1;0;0;1;1;0;3;-17,370971;-41,531532;"SPRF-MG";"DEL11-MG";"UOP01-DEL11-MG"
154712;2018-08-22;"quarta-feira";"19:30:00";"SC";480;128,9;"CHAPECO";"Desobediência às normas de trânsito pelo condutor";"Colisão traseira";"Com Vítimas Feridas";"Plena Noite";"Decrescente";"Nublado";"Simples";"Aclive;Interseção de Vias";"Sim";3;0;1;0;1;1;1;3;-27,04717255;-52,63532639;"SPRF-SC";"DEL07-SC";"UOP01-DEL07-SC"
154719;2018-08-22;"quarta-feira";"23:40:00";"MG";116;644;"FERVEDOURO";"Velocidade Incompatível";"Colisão com objeto estático";"Com Vítimas Feridas";"Plena Noite";"Crescente";"Nublado";"Simples";"Curva";"Não";2;0;0;1;0;2;1;3;-20,657247;-42,261902;"SPRF-MG";"DEL07-MG";"UOP03-DEL07-MG"
154720;2018-08-22;"quarta-feira";"23:00:00";"MG";40;625;"CONSELHEIRO LAFAIETE";"Falta de Atenção à Condução";"Colisão lateral";"Com Vítimas Feridas";"Plena Noite";"Decrescente";"Céu Claro";"Simples";"Reta";"Não";4;0;0;2;2;0;2;2;-20,62440115;-43,8073048;"SPRF-MG";"DEL05-MG";"UOP02-DEL05-MG"
154722;2018-08-23;"quinta-feira";"00:40:00";"TO";153;620,7;"ALIANCA DO TOCANTINS";"Falta de Atenção à Condução";"Colisão transversal";"Com Vítimas Feridas";"Plena Noite";"Decrescente";"Garoa/Chuvisco";"Simples";"Reta";"Sim";3;0;0;1;1;1;1;3;-11,30530901;-48,94052982;"SPRF-TO";"DEL02-TO";"UOP02-DEL01-TO"
154723;2018-08-22;"quarta-feira";"19:00:00";"BA";116;613;"JAGUAQUARA";"Desobediência às normas de trânsito pelo condutor";"Colisão lateral";"Com Vítimas Feridas";"Plena Noite";"Crescente";"Nublado";"Simples";"Reta";"Não";3;0;1;0;1;2;1;4;-13,34741035;-40,01656294;"SPRF-BA";"DEL03-BA";"UOP01-DEL03-BA"
154727;2018-08-23;"quinta-feira";"01:15:00";"MG";381;897,1;"CAMBUI";"Falta de Atenção à Condução";"Saída de leito carroçável";"Com Vítimas Feridas";"Plena Noite";"Decrescente";"Nublado";"Dupla";"Reta";"Sim";1;0;1;0;0;0;1;1;-22,6089;-46,0609;"SPRF-MG";"DEL16-MG";"UOP03-DEL16-MG"
154731;2018-08-23;"quinta-feira";"05:25:00";"PR";376;619;"SAO JOSE DOS PINHAIS";"Falta de Atenção do Pedestre";"Atropelamento de Pedestre";"Com Vítimas Fatais";"Pleno dia";"Crescente";"Nublado";"Múltipla";"Reta";"Sim";3;1;0;0;1;1;0;3;-25,6093968;-49,1719548;"SPRF-PR";"DEL01-PR";"DEL7/1-UOP08/PR"
154739;2018-08-23;"quinta-feira";"06:30:00";"PE";423;162,5;"AGUAS BELAS";"Falta de Atenção à Condução";"Colisão traseira";"Com Vítimas Feridas";"Amanhecer";"Decrescente";"Garoa/Chuvisco";"Simples";"Reta";"Sim";4;0;1;0;3;0;1;2;-9,10238277;-36,99413717;"SPRF-PE";"DEL03-PE";"UOP01-DEL03-PE"
154748;2018-08-23;"quinta-feira";"06:55:00";"RS";290;207,6;"PANTANO GRANDE";"Condutor Dormindo";"Colisão com objeto estático";"Sem Vítimas";"Amanhecer";"Crescente";"Nublado";"Simples";"Ponte";"Não";2;0;0;0;1;1;0;2;-30,16715029;-52,2940743;"SPRF-RS";"DEL02-RS";"UOP02-DEL02-RS"
154754;2018-08-16;"quinta-feira";"16:30:00";"RN";304;294;"MACAIBA";"Pista Escorregadia";"Colisão lateral";"Sem Vítimas";"Pleno dia";"Decrescente";"Chuva";"Simples";"Declive;Curva";"Não";3;0;0;0;2;1;0;3;-5,86791573;-35,38747787;"SPRF-RN";"DEL01-RN";"UOP02-DEL01-RN"
154760;2018-08-23;"quinta-feira";"07:40:00";"SC";282;282;"SAO JOSE DO CERRITO";"Não guardar distância de segurança";"Colisão traseira";"Sem Vítimas";"Pleno dia";"Decrescente";"Nevoeiro/Neblina";"Simples";"Reta";"Não";3;0;0;0;3;0;0;2;-27,578697;-50,77409;"SPRF-SC";"DEL05-SC";"UOP02-DEL05-SC"
154764;2018-08-23;"quinta-feira";"09:20:00";"ES";101;149;"LINHARES";"Desobediência às normas de trânsito pelo condutor";"Colisão transversal";"Com Vítimas Feridas";"Pleno dia";"Decrescente";"Céu Claro";"Dupla";"Interseção de Vias";"Sim";2;0;1;0;1;0;1;2;-19,38953405;-40,06791115;"SPRF-ES";"DEL04-ES";"UOP01-DEL04-ES"
154773;2018-08-23;"quinta-feira";"10:05:00";"PR";376;304;"MAUA DA SERRA";"Velocidade Incompatível";"Tombamento";"Com Vítimas Feridas";"Pleno dia";"Decrescente";"Céu Claro";"Dupla";"Curva";"Não";2;0;0;1;0;1;1;2;-23,93144594;-51,12981319;"SPRF-PR";"DEL07-PR";"UOP02-DEL07-PR"
154778;2018-06-05;"terça-feira";"09:40:00";"PR";476;148;"ARAUCARIA";"Falta de Atenção à Condução";"Colisão lateral";"Com Vítimas Feridas";"Pleno dia";"Crescente";"Ignorado";"Simples";"Reta";"Sim";2;0;1;0;1;0;1;2;-25,557121;-49,348732;"SPRF-PR";"DEL01-PR";"UOP06-DEL01-PR"
154784;2018-08-23;"quinta-feira";"10:15:00";"RS";285;258;"GENTIL";"Falta de Atenção à Condução";"Colisão traseira";"Sem Vítimas";"Pleno dia";"Decrescente";"Céu Claro";"Simples";"Reta";"Não";3;0;0;0;2;1;0;3;-28,303923;-52,061325;"SPRF-RS";"DEL08-RS";"UOP03-DEL08-RS"
154794;2018-08-23;"quinta-feira";"11:30:00";"RO";364;236,8;"CACOAL";"Desobediência às normas de trânsito pelo condutor";"Colisão transversal";"Com Vítimas Feridas";"Pleno dia";"Decrescente";"Céu Claro";"Simples";"Retorno Regulamentado";"Sim";4;0;1;0;2;2;1;4;-11,445874;-61,437862;"SPRF-RO";"DEL02-RO";"UOP02-DEL02-RO"
154798;2018-08-23;"quinta-feira";"12:40:00";"PR";376;220,4;"CAMBIRA";"Desobediência às normas de trânsito pelo condutor";"Colisão frontal";"Com Vítimas Fatais";"Pleno dia";"Decrescente";"Céu Claro";"Simples";"Reta";"Não";4;1;2;0;0;2;2;5;-23,59796974;-51,60705999;"SPRF-PR";"DEL07-PR";"UOP03-DEL07-PR"
154800;2018-08-23;"quinta-feira";"12:00:00";"MG";381;526;"BRUMADINHO";"Velocidade Incompatível";"Saída de leito carroçável";"Com Vítimas Feridas";"Pleno dia";"Crescente";"Céu Claro";"Dupla";"Curva";"Não";1;0;1;0;0;0;1;1;-20,1586;-44,3295;"SPRF-MG";"DEL04-MG";"UOP03-DEL04-MG"
154802;2018-08-23;"quinta-feira";"11:20:00";"SP";116;494,8;"CAJATI";"Falta de Atenção à Condução";"Colisão traseira";"Sem Vítimas";"Pleno dia";"Decrescente";"Sol";"Dupla";"Reta";"Não";3;0;0;0;2;3;0;5;-24,73467073;-48,11634064;"SPRF-SP";"DEL05-SP";"UAP01-DEL05-SP"
154807;2018-08-03;"sexta-feira";"17:50:00";"MG";381;601,1;"CARMOPOLIS DE MINAS";"Fenômenos da Natureza";"Colisão traseira";"Sem Vítimas";"Anoitecer";"Crescente";"Granizo";"Dupla";"Curva";"Não";3;0;0;0;2;2;0;4;-20,6097;-44,7346;"SPRF-MG";"DEL04-MG";"UOP01-DEL04-MG"
154808;2018-08-23;"quinta-feira";"12:55:00";"RJ";116;220;"PIRAI";"Defeito Mecânico no Veículo";"Tombamento";"Sem Vítimas";"Pleno dia";"Crescente";"Céu Claro";"Simples";"Curva";"Sim";2;0;0;0;1;1;0;2;-22,700907;-43,757046;"SPRF-RJ";"DEL07-RJ";"UOP01-DEL07-RJ"
154811;2018-08-23;"quinta-feira";"14:10:00";"CE";116;61,2;"CHOROZINHO";"Não guardar distância de segurança";"Engavetamento";"Com Vítimas Feridas";"Pleno dia";"Decrescente";"Céu Claro";"Simples";"Aclive;Reta";"Não";5;0;1;0;4;0;1;3;-4,27126494;-38,49111557;"SPRF-CE";"DEL03-CE";"UOP02-DEL03-CE"
154818;2018-08-23;"quinta-feira";"12:30:00";"PA";316;36,2;"SANTA IZABEL DO PARA";"Falta de Atenção à Condução";"Colisão transversal";"Sem Vítimas";"Pleno dia";"Crescente";"Céu Claro";"Dupla";"Curva";"Sim";2;0;0;0;2;0;0;2;-1,28803847;-48,15178871;"SPRF-PA";"DEL01-PA";"UOP01-DEL01-PA"
154820;2018-08-23;"quinta-feira";"11:10:00";"PR";163;257,3;"TOLEDO";"Falta de Atenção à Condução";"Colisão lateral";"Com Vítimas Feridas";"Pleno dia";"Crescente";"Céu Claro";"Simples";"Reta";"Não";3;0;2;0;1;0;2;2;-24,67242666;-53,80084813;"SPRF-PR";"DEL04-PR";"UOP01-DEL04-PR"
154823;2018-08-23;"quinta-feira";"12:45:00";"MT";364;16;"ALTO ARAGUAIA";"Carga excessiva e/ou mal acondicionada";"Incêndio";"Sem Vítimas";"Pleno dia";"Decrescente";"Céu Claro";"Simples";"Reta";"Não";2;0;0;0;1;1;0;2;-17,231455;-53,322681;"SPRF-MT";"DEL02-MT";"UOP02-DEL02-MT"
154827;2018-08-23;"quinta-feira";"14:18:00";"PR";277;727,3;"FOZ DO IGUACU";"Falta de Atenção à Condução";"Colisão traseira";"Sem Vítimas";"Pleno dia";"Decrescente";"Céu Claro";"Dupla";"Reta";"Sim";3;0;0;0;3;0;0;3;-25,5105698;-54,56720352;"SPRF-PR";"DEL05-PR";"UOP03-DEL05-PR"
154828;2018-02-09;"sexta-feira";"05:50:00";"MT";364;329;"SANTO ANTONIO DO LEVERGER";"Sinalização da via insuficiente ou inadequada";"Colisão frontal";"Com Vítimas Feridas";"Pleno dia";"Decrescente";"Céu Claro";"Simples";"Curva";"Não";5;0;2;0;2;1;2;3;-15,818277;-55,402821;"SPRF-MT";"DEL02-MT";"UOP02-DEL01-MT"
154829;2018-08-23;"quinta-feira";"15:00:00";"RS";290;14,5;"SANTO ANTONIO DA PATRULHA";"Mal Súbito";"Saída de leito carroçável";"Com Vítimas Feridas";"Pleno dia";"Decrescente";"Céu Claro";"Dupla";"Curva";"Não";1;0;1;0;0;0;1;1;-29,86491186;-50,40610224;"SPRF-RS";"DEL03-RS";"UOP02-DEL03-RS"
154831;2018-08-23;"quinta-feira";"15:25:00";"PR";376;595,5;"CURITIBA";"Falta de Atenção à Condução";"Colisão lateral";"Com Vítimas Feridas";"Pleno dia";"Crescente";"Céu Claro";"Dupla";"Reta";"Sim";3;0;1;0;1;2;1;4;-25,49836623;-49,34248245;"SPRF-PR";"DEL01-PR";"UOP06-DEL01-PR"