"id";"data_inversa";"dia_semana";"horario";"uf";"br";"km";"municipio";"causa_acidente";"tipo_acidente";"classificacao_acidente";"fase_dia";"sentido_via";"condicao_metereologica";"tipo_pista";"tracado_via";"uso_solo";"pessoas";"mortos";"feridos_leves";"feridos_graves";"ilesos";"ignorados";"feridos";"veiculos";"latitude";"longitude";"regional";"delegacia";"uop"
154834;2018-08-23;"quinta-feira";"16:03:00";"SC";101;57;"ARAQUARI";"Falta de Atenção à Condução";"Colisão traseira";"Com Vítimas Feridas";"Pleno dia";"Decrescente";"Céu Claro";"Dupla";"Reta";"Não";3;0;0;1;1;1;1;3;-26,4368507;-48,8093174;"SPRF-SC";"DEL03-SC";"UOP01-DEL03-SC"
154836;2018-08-23;"quinta-feira";"13:30:00";"PI";343;348,1;"TERESINA";"Falta de Atenção à Condução";"Colisão lateral";"Com Vítimas Feridas";"Pleno dia";"Decrescente";"Céu Claro";"Simples";"Reta";"Não";3;0;2;0;1;0;2;2;-5,118706;-42,786411;"SPRF-PI";"DEL01-PI";"UOP01-DEL01-PI"
154837;2018-08-23;"quinta-feira";"05:00:00";"BA";242;487;"OLIVEIRA DOS BREJINHOS";"Defeito Mecânico no Veículo";"Saída de leito carroçável";"Sem Vítimas";"Amanhecer";"Crescente";"Céu Claro";"Simples";"Declive";"Não";2;0;0;0;1;1;0;2;-12,41572789;-42,36159319;"SPRF-BA";"DEL06-BA";"UOP01-DEL06-BA"
154841;2018-08-23;"quinta-feira";"15:45:00";"SP";116;268,9;"TABOAO DA SERRA";"Falta de Atenção à Condução";"Colisão lateral";"Com Vítimas Feridas";"Pleno dia";"Decrescente";"Nublado";"Dupla";"Reta";"Sim";2;0;1;0;1;0;1;2;-23,60784035;-46,75233811;"SPRF-SP";"DEL04-SP";"UOP01-DEL04-SP"
154847;2018-08-23;"quinta-feira";"16:40:00";"MT";174;319,2;"PONTES E LACERDA";"Falta de Atenção à Condução";"Colisão lateral";"Com Vítimas Feridas";"Pleno dia";"Crescente";"Céu Claro";"Simples";"Reta";"Não";4;0;0;2;1;2;2;4;-14,98200596;-59,28853253;"SPRF-MT";"DEL04-MT";"UOP01-DEL04-MT"
154853;2018-08-23;"quinta-feira";"16:30:00";"BA";242;703;"CRISTOPOLIS";"Defeito Mecânico no Veículo";"Tombamento";"Sem Vítimas";"Pleno dia";"Crescente";"Céu Claro";"Simples";"Reta";"Não";2;0;0;0;1;3;0;4;-12,222448;-44,183325;"SPRF-BA";"DEL10-BA";"UOP01-DEL10-BA"
154856;2018-08-23;"quinta-feira";"17:10:00";"PR";376;522,7;"PONTA GROSSA";"Velocidade Incompatível";"Colisão lateral";"Sem Vítimas";"Anoitecer";"Decrescente";"Céu Claro";"Dupla";"Curva";"Não";3;0;0;0;2;1;0;3;-25,2658104;-49,95380402;"SPRF-PR";"DEL03-PR";"UOP04-DEL03-PR"
154857;2018-08-12;"domingo";"05:45:00";"SC";116;165,7;"PONTE ALTA DO NORTE";"Ingestão de Álcool";"Tombamento";"Com Vítimas Feridas";"Plena Noite";"Decrescente";"Nevoeiro/Neblina";"Simples";"Aclive";"Sim";2;0;1;0;0;1;1;2;-27,15111629;-50,46272278;"SPRF-SC";"DEL05-SC";"UOP03-DEL05-SC"
154858;2018-01-20;"sábado";"06:40:00";"RJ";393;290;"VOLTA REDONDA";"Falta de Atenção à Condução";"Colisão traseira";"Com Vítimas Feridas";"Pleno dia";"Decrescente";"Céu Claro";"Dupla";"Reta";"Sim";3;0;1;0;1;1;1;3;-22,512161;-44,0928;"SPRF-RJ";"DEL05-RJ";"UOP04-DEL05-RJ"
154859;2018-08-23;"quinta-feira";"18:25:00";"SC";101;206;"SAO JOSE";"Desobediência às normas de trânsito pelo condutor";"Colisão traseira";"Com Vítimas Feridas";"Plena Noite";"Crescente";"Céu Claro";"Dupla";"Reta";"Sim";3;0;1;0;2;0;1;3;-27,6001;-48,6225;"SPRF-SC";"DEL01-SC";"UOP01-DEL01-SC"
154860;2018-08-23;"quinta-feira";"18:45:00";"RJ";116;29;"SAPUCAIA";"Defeito Mecânico no Veículo";"Tombamento";"Com Vítimas Feridas";"Pleno dia";"Decrescente";"Nublado";"Simples";"Declive";"Não";1;0;1;0;0;0;1;1;-22,04897058;-42,78299332;"SPRF-RJ";"DEL04-RJ";"UOP01-DEL04-RJ"
154865;2018-08-23;"quinta-feira";"19:10:00";"PR";277;20,5;"MORRETES";"Falta de Atenção do Pedestre";"Atropelamento de Pedestre";"Com Vítimas Fatais";"Plena Noite";"Crescente";"Nublado";"Dupla";"Reta";"Não";3;1;0;0;1;1;0;3;-25,5333804;-48,71195465;"SPRF-PR";"DEL01-PR";"UOP05-DEL01-PR"
154866;2018-08-23;"quinta-feira";"18:20:00";"MG";354;745,1;"POUSO ALTO";"Falta de Atenção à Condução";"Colisão transversal";"Com Vítimas Feridas";"Plena Noite";"Decrescente";"Ignorado";"Simples";"Reta";"Sim";3;0;0;1;1;1;1;3;-22,2631046;-44,92045641;"SPRF-MG";"DEL05-MG";"UOP01-DEL17-MG"
154868;2018-08-23;"quinta-feira";"16:08:00";"MS";163;250,6;"DOURADOS";"Falta de Atenção à Condução";"Engavetamento";"Com Vítimas Feridas";"Pleno dia";"Decrescente";"Céu Claro";"Simples";"Reta";"Não";6;0;1;0;5;0;1;4;-22,30086182;-54,82091691;"SPRF-MS";"DEL04-MS";"UOP01-DEL04-MS"
154873;2018-08-23;"quinta-feira";"18:45:00";"MS";60;420;"SIDROLANDIA";"Falta de Atenção à Condução";"Colisão transversal";"Com Vítimas Feridas";"Plena Noite";"Decrescente";"Céu Claro";"Simples";"Reta";"Não";2;0;2;0;0;0;2;2;-20,900612;-54,925656;"SPRF-MS";"DEL01-MS";"UOP04-DEL01-MS"
154875;2018-08-23;"quinta-feira";"19:50:00";"MG";262;371,2;"JUATUBA";"Velocidade Incompatível";"Colisão traseira";"Com Vítimas Fatais";"Plena Noite";"Crescente";"Céu Claro";"Dupla";"Curva;Retorno Regulamentado";"Não";3;1;0;1;1;0;1;2;-19,9537;-44,3708;"SPRF-MG";"DEL01-MG";"UOP03-DEL01-MG"
154877;2018-08-23;"quinta-feira";"19:00:00";"BA";116;866,3;"VITORIA DA CONQUISTA";"Ingestão de Álcool";"Colisão lateral";"Com Vítimas Feridas";"Plena Noite";"Crescente";"Nublado";"Simples";"Aclive";"Não";4;0;1;0;2;1;1;4;-15,17765;-41,067615;"SPRF-BA";"DEL08-BA";"UOP03-DEL08-BA"
154885;2018-08-23;"quinta-feira";"21:30:00";"SC";470;182;"POUSO REDONDO";"Desobediência às normas de trânsito pelo condutor";"Colisão transversal";"Com Vítimas Feridas";"Plena Noite";"Decrescente";"Céu Claro";"Simples";"Reta";"Não";3;0;1;0;1;2;1;4;-27,25361217;-50,00495909;"SPRF-SC";"DEL04-SC";"UOP02-DEL04-SC"
154887;2018-08-23;"quinta-feira";"14:30:00";"MG";262;454;"NOVA SERRANA";"Ultrapassagem Indevida";"Colisão lateral";"Com Vítimas Feridas";"Pleno dia";"Crescente";"Céu Claro";"Simples";"Reta";"Não";6;0;2;0;4;0;2;2;-19,859983;-45,006966;"SPRF-MG";"DEL08-MG";"UOP03-DEL08-MG"
154892;2018-08-23;"quinta-feira";"21:30:00";"RS";290;175,7;"BUTIA";"Falta de Atenção à Condução";"Colisão transversal";"Com Vítimas Feridas";"Plena Noite";"Crescente";"Nublado";"Simples";"Reta";"Sim";5;0;2;0;3;0;2;2;-30,1290938;-51,96155548;"SPRF-RS";"DEL02-RS";"UOP02-DEL02-RS"
154896;2018-08-23;"quinta-feira";"19:50:00";"RS";153;517,8;"CACAPAVA DO SUL";"Ingestão de Álcool";"Saída de leito carroçável";"Com Vítimas Feridas";"Plena Noite";"Decrescente";"Nublado";"Simples";"Curva";"Não";2;0;1;0;0;1;1;2;-30,57798336;-53,38966012;"SPRF-RS";"DEL09-RS";"UOP02-DEL09-RS"
154897;2018-08-23;"quinta-feira";"21:30:00";"PR";369;416;"JURANDA";"Ingestão de Álcool";"Colisão lateral";"Com Vítimas Feridas";"Plena Noite";"Crescente";"Céu Claro";"Simples";"Reta";"Não";5;0;1;0;3;2;1;4;-24,3652;-52,7577;"SPRF-PR";"DEL04-PR";"UOP03-DEL04-PR"
154899;2018-08-23;"quinta-feira";"23:45:00";"PR";163;251,5;"TOLEDO";"Condutor Dormindo";"Colisão traseira";"Com Vítimas Feridas";"Plena Noite";"Decrescente";"Céu Claro";"Simples";"Em Obras;Reta";"Não";3;0;1;0;1;2;1;4;-24,68842699;-53,76938581;"SPRF-PR";"DEL04-PR";"UOP01-DEL04-PR"
154901;2018-08-24;"sexta-feira";"00:55:00";"SP";116;190;"SANTA ISABEL";"Falta de Atenção do Pedestre";"Atropelamento de Pedestre";"Com Vítimas Feridas";"Plena Noite";"Decrescente";"Céu Claro";"Dupla";"Reta";"Não";4;0;0;1;1;2;1;3;-23,369441;-46,237401;"SPRF-SP";"DEL02-SP";"UOP01-DEL02-SP"
154903;2018-08-24;"sexta-feira";"02:45:00";"SC";101;164,8;"TIJUCAS";"Falta de Atenção à Condução";"Tombamento";"Com Vítimas Feridas";"Plena Noite";"Crescente";"Céu Claro";"Dupla";"Reta";"Sim";1;0;1;0;0;0;1;1;-27,2595;-48,6316;"SPRF-SC";"DEL04-SC";"UOP03-DEL04-SC"
154906;2018-08-24;"sexta-feira";"01:20:00";"RJ";101;332;"RIO DE JANEIRO";"Falta de Atenção à Condução";"Colisão traseira";"Com Vítimas Feridas";"Plena Noite";"Decrescente";"Nublado";"Dupla";"Reta";"Não";2;0;1;0;1;0;1;2;-22,87322944;-43,20585966;"SPRF-RJ";"DEL02-RJ";"UOP02-DEL02-RJ"
154909;2018-08-24;"sexta-feira";"05:30:00";"MG";40;739,8;"SANTOS DUMONT";"Velocidade Incompatível";"Colisão lateral";"Com Vítimas Fatais";"Amanhecer";"Crescente";"Céu Claro";"Simples";"Curva";"Não";4;1;1;0;1;14;1;17;-21,4229;-43,5578;"SPRF-MG";"DEL05-MG";"UOP01-DEL05-MG"
154912;2018-08-24;"sexta-feira";"01:20:00";"RJ";116;123;"MAGE";"Defeito Mecânico no Veículo";"Tombamento";"Sem Vítimas";"Plena Noite";"Decrescente";"Céu Claro";"Dupla";"Curva;Declive";"Não";1;0;0;0;1;0;0;1;-22,640835;-43,06292;"SPRF-RJ";"DEL04-RJ";"UOP02-DEL04-RJ"
154913;2018-08-23;"quinta-feira";"21:30:00";"MG";50;86,1;"UBERLANDIA";"Falta de Atenção à Condução";"Colisão lateral";"Sem Vítimas";"Plena Noite";"Decrescente";"Céu Claro";"Dupla";"Declive";"Não";4;0;0;0;3;1;0;3;-19,02301143;-48,20429564;"SPRF-MG";"DEL15-MG";"UOP01-DEL15-MG"
154914;2018-08-24;"sexta-feira";"04:00:00";"PE";101;206;"XEXEU";"Defeito Mecânico no Veículo";"Saída de leito carroçável";"Com Vítimas Feridas";"Amanhecer";"Decrescente";"Chuva";"Dupla";"Curva";"Não";2;0;1;0;0;1;1;2;-8,8128026;-35,6322733;"SPRF-PE";"DEL01-PE";"UOP03-DEL01-PE"
154923;2018-08-24;"sexta-feira";"04:50:00";"MG";381;318;"NOVA ERA";"Falta de Atenção à Condução";"Tombamento";"Com Vítimas Feridas";"Plena Noite";"Crescente";"Céu Claro";"Simples";"Declive;Curva";"Não";2;0;0;1;0;1;1;2;-19,69436475;-42,99446404;"SPRF-MG";"DEL03-MG";"UOP02-DEL03-MG"
154926;2018-08-24;"sexta-feira";"06:25:00";"RS";158;328;"SANTA MARIA";"Ingestão de Álcool";"Colisão com objeto estático";"Sem Vítimas";"Amanhecer";"Decrescente";"Nevoeiro/Neblina";"Simples";"Em Obras;Reta";"Não";2;0;0;0;2;0;0;2;-29,711109;-53,819717;"SPRF-RS";"DEL09-RS";"UOP01-DEL09-RS"
154927;2018-08-24;"sexta-feira";"06:30:00";"AL";101;145;"SAO MIGUEL DOS CAMPOS";"Falta de Atenção à Condução";"Colisão traseira";"Sem Vítimas";"Pleno dia";"Crescente";"Nublado";"Simples";"Em Obras;Reta";"Não";4;0;0;0;3;1;0;4;-9,809752;-36,11702;"SPRF-AL";"DEL02-AL";"UOP01-DEL02-AL"
154928;2018-08-24;"sexta-feira";"06:00:00";"GO";60;381,7;"RIO VERDE";"Condutor Dormindo";"Colisão com objeto estático";"Sem Vítimas";"Amanhecer";"Decrescente";"Céu Claro";"Dupla";"Reta";"Sim";2;0;0;0;1;1;0;2;-17,7727;-50,8862;"SPRF-GO";"DEL04-GO";"UOP01-DEL04-GO"
154929;2018-08-24;"sexta-feira";"06:40:00";"RS";290;646,3;"URUGUAIANA";"Defeito na Via";"Saída de leito carroçável";"Com Vítimas Fatais";"Amanhecer";"Crescente";"Chuva";"Simples";"Reta";"Não";2;1;0;0;0;1;0;2;-30,014561;-56,379185;"SPRF-RS";"DEL13-RS";"UOP02-DEL13-RS"
154936;2018-08-24;"sexta-feira";"04:30:00";"MA";230;397;"BALSAS";"Falta de Atenção à Condução";"Colisão transversal";"Com Vítimas Feridas";"Plena Noite";"Decrescente";"Céu Claro";"Simples";"Reta";"Não";3;0;1;0;1;3;1;5;-7,521335;-46,04969;"SPRF-MA";"DEL05-MA";"UOP01-DEL05-MA"
154939;2018-08-24;"sexta-feira";"09:10:00";"RJ";116;168;"SAO JOAO DE MERITI";"Não guardar distância de segurança";"Saída de leito carroçável";"Sem Vítimas";"Pleno dia";"Crescente";"Céu Claro";"Múltipla";"Reta";"Sim";2;0;0;0;1;1;0;2;-22,79557882;-43,36144924;"SPRF-RJ";"DEL01-RJ";"UOP02-DEL01-RJ"
154940;2018-08-24;"sexta-feira";"10:15:00";"MG";381;750;"TRES CORACOES";"Falta de Atenção à Condução";"Colisão com objeto estático";"Com Vítimas Feridas";"Pleno dia";"Decrescente";"Céu Claro";"Dupla";"Reta";"Não";2;0;1;0;0;1;1;2;-21,6469;-45,2967;"SPRF-MG";"DEL16-MG";"UOP02-DEL16-MG"
154943;2018-08-24;"sexta-feira";"09:00:00";"SP";116;134,2;"SAO JOSE DOS CAMPOS";"Falta de Atenção à Condução";"Engavetamento";"Com Vítimas Feridas";"Pleno dia";"Crescente";"Céu Claro";"Dupla";"Reta";"Não";3;0;1;0;2;0;1;3;-23,14109067;-45,76375408;"SPRF-SP";"DEL06-SP";"UOP02-DEL02-SP"
154947;2018-08-24;"sexta-feira";"09:20:00";"MG";459;41,3;"SANTA RITA DE CALDAS";"Velocidade Incompatível";"Saída de leito carroçável";"Com Vítimas Feridas";"Pleno dia";"Decrescente";"Céu Claro";"Simples";"Curva";"Não";1;0;1;0;0;0;1;1;-21,999464;-46,326572;"SPRF-MG";"DEL09-MG";"UOP01-DEL09-MG"
154949;2018-08-24;"sexta-feira";"10:45:00";"PR";376;665,9;"GUARATUBA";"Velocidade Incompatível";"Colisão com objeto estático";"Sem Vítimas";"Pleno dia";"Crescente";"Chuva";"Dupla";"Curva";"Não";6;0;0;0;5;1;0;3;-25,86370318;-48,95112991;"SPRF-PR";"DEL01-PR";"DEL7/1-UOP08/PR"
154952;2018-08-24;"sexta-feira";"11:00:00";"SP";153;174,1;"GUAICARA";"Pista Escorregadia";"Colisão frontal";"Com Vítimas Feridas";"Pleno dia";"Crescente";"Chuva";"Simples";"Reta";"Sim";4;0;2;1;1;0;3;2;-21,633102;-49,787743;"SPRF-SP";"DEL07-SP";"UOP01-DEL07-SP"
154954;2018-08-24;"sexta-feira";"06:00:00";"RJ";101;553;"PARATY";"Ultrapassagem Indevida";"Tombamento";"Com Vítimas Feridas";"Amanhecer";"Decrescente";"Céu Claro";"Simples";"Curva";"Não";1;0;1;0;0;0;1;1;-23,06610368;-44,68632035;"SPRF-RJ";"DEL03-RJ";"UOP04-DEL03-RJ"
154961;2018-08-24;"sexta-feira";"09:00:00";"BA";116;512;"SANTA TERESINHA";"Condutor Dormindo";"Tombamento";"Sem Vítimas";"Pleno dia";"Crescente";"Céu Claro";"Simples";"Reta";"Não";2;0;0;0;1;1;0;2;-12,666;-39,642;"SPRF-BA";"DEL03-BA";"UOP02-DEL03-BA"
154962;2018-08-24;"sexta-feira";"11:50:00";"MG";116;39,1;"PEDRA AZUL";"Defeito Mecânico no Veículo";"Tombamento";"Com Vítimas Feridas";"Pleno dia";"Crescente";"Céu Claro";"Simples";"Curva";"Não";2;0;1;0;0;1;1;2;-15,761115;-41,332664;"SPRF-BA";"DEL08-BA";"UOP03-DEL08-BA"
154964;2018-08-24;"sexta-feira";"10:00:00";"MG";116;694,7;"MURIAE";"Velocidade Incompatível";"Colisão traseira";"Sem Vítimas";"Pleno dia";"Crescente";"Sol";"Simples";"Aclive;Curva";"Não";5;0;0;0;3;2;0;3;-21,07963488;-42,37394571;"SPRF-MG";"DEL07-MG";"UOP02-DEL07-MG"
154973;2018-08-24;"sexta-feira";"13:00:00";"PR";376;421,9;"TIBAGI";"Velocidade Incompatível";"Tombamento";"Com Vítimas Feridas";"Pleno dia";"Crescente";"Nublado";"Simples";"Curva";"Não";2;0;1;0;0;2;1;3;-24,56679611;-50,68714142;"SPRF-PR";"DEL03-PR";"UOP02-DEL03-PR"
154981;2018-08-24;"sexta-feira";"13:00:00";"RJ";40;122;"DUQUE DE CAXIAS";"Desobediência às normas de trânsito pelo condutor";"Colisão traseira";"Com Vítimas Feridas";"Pleno dia";"Decrescente";"Sol";"Múltipla";"Reta";"Não";3;0;1;0;2;0;1;3;-22,7968;-43,2889;"SPRF-RJ";"DEL01-RJ";"UOP01-DEL01-RJ"
154983;2018-08-24;"sexta-feira";"05:00:00";"MT";70;151;"GENERAL CARNEIRO";"Falta de Atenção à Condução";"Colisão traseira";"Com Vítimas Feridas";"Plena Noite";"Crescente";"Céu Claro";"Simples";"Reta";"Não";4;0;1;0;2;1;1;3;-15,5767;-53,37972;"SPRF-MT";"DEL07-MT";"UOP01-DEL07-MT"
154984;2018-03-08;"quinta-feira";"18:30:00";"RN";304;38,7;"MOSSORO";"Falta de Atenção à Condução";"Colisão transversal";"Com Vítimas Feridas";"Plena Noite";"Crescente";"Céu Claro";"Dupla";"Retorno Regulamentado";"Sim";4;0;1;0;1;3;1;5;-5,188467;-37,374104;"SPRF-RN";"DEL04-RN";"UOP02-DEL04-RN"
154988;2018-08-24;"sexta-feira";"14:30:00";"MS";158;97;"PARANAIBA";"Falta de Atenção à Condução";"Tombamento";"Com Vítimas Feridas";"Pleno dia";"Crescente";"Nublado";"Dupla";"Rotatória";"Sim";4;0;1;0;1;3;1;3;-19,699146;-51,167812;"SPRF-MS";"DEL08-MS";"UOP01-DEL08-MS"
154989;2018-08-24;"sexta-feira";"14:30:00";"PR";376;659,1;"TIJUCAS DO SUL";"Velocidade Incompatível";"Colisão com objeto estático";"Com Vítimas Feridas";"Pleno dia";"Decrescente";"Céu Claro";"Dupla";"Curva";"Não";2;0;1;0;0;1;1;2;-25,84925965;-48,99593353;"SPRF-PR";"DEL01-PR";"DEL7/1-UOP08/PR"
154990;2018-08-24;"sexta-feira";"15:05:00";"SC";153;97,4;"CONCORDIA";"Mal Súbito";"Saída de leito carroçável";"Com Vítimas Feridas";"Pleno dia";"Crescente";"Nublado";"Simples";"Rotatória";"Sim";1;0;1;0;0;0;1;1;-27,22357;-51,94955;"SPRF-SC";"DEL07-SC";"UOP04-DEL07-SC"
154991;2018-08-24;"sexta-feira";"15:00:00";"PB";230;139,2;"CAMPINA GRANDE";"Defeito Mecânico no Veículo";"Incêndio";"Sem Vítimas";"Pleno dia";"Crescente";"Céu Claro";"Dupla";"Curva";"Não";2;0;0;0;1;1;0;2;-7,2679442;-35,7991691;"SPRF-PB";"DEL02-PB";"UOP01-DEL02-PB"
154995;2018-08-24;"sexta-feira";"15:30:00";"GO";452;50,1;"RIO VERDE";"Falta de Atenção à Condução";"Colisão lateral";"Com Vítimas Feridas";"Pleno dia";"Decrescente";"Céu Claro";"Simples";"Reta";"Não";2;0;0;1;1;0;1;2;-17,966448;-50,477226;"SPRF-GO";"DEL04-GO";"UOP01-DEL04-GO"
154996;2018-03-17;"sábado";"15:30:00";"PA";163;656;"TRAIRAO";"Não guardar distância de segurança";"Colisão lateral";"Sem Vítimas";"Pleno dia";"Decrescente";"Céu Claro";"Simples";"Curva";"Não";3;0;0;0;2;5;0;7;-4,7004312;-55,9949015;"SPRF-PA";"DEL05-PA";"UOP01-DEL05-PA"
154999;2018-08-24;"sexta-feira";"15:00:00";"PR";376;589,9;"CURITIBA";"Não guardar distância de segurança";"Colisão traseira";"Com Vítimas Feridas";"Pleno dia";"Decrescente";"Sol";"Dupla";"Reta";"Sim";2;0;0;1;1;0;1;2;-25,43354071;-49,36576785;"SPRF-PR";"DEL01-PR";"UOP06-DEL01-PR"
155000;2018-08-24;"sexta-feira";"14:50:00";"SC";470;225,6;"SAO CRISTOVAO DO SUL";"Pista Escorregadia";"Saída de leito carroçável";"Sem Vítimas";"Pleno dia";"Crescente";"Chuva";"Simples";"Declive";"Não";1;0;0;0;1;0;0;1;-27,328018;-50,351475;"SPRF-SC";"DEL05-SC";"UOP03-DEL05-SC"
155004;2018-05-05;"sábado";"04:15:00";"TO";153;231,9;"COLINAS DO TOCANTINS";"Condutor Dormindo";"Colisão frontal";"Com Vítimas Fatais";"Plena Noite";"Decrescente";"Céu Claro";"Simples";"Aclive;Curva";"Não";20;4;6;1;8;1;7;3;-7,922622;-48,467705;"SPRF-TO";"DEL02-TO";"UOP01-DEL02-TO"
155010;2018-08-24;"sexta-feira";"17:00:00";"RS";471;194,7;"PANTANO GRANDE";"Falta de Atenção à Condução";"Colisão transversal";"Com Vítimas Feridas";"Pleno dia";"Crescente";"Garoa/Chuvisco";"Simples";"Curva;Declive;Interseção de Vias";"Não";6;0;2;1;2;1;3;3;-30,1656105;-52,37354279;"SPRF-RS";"DEL02-RS";"UOP02-DEL02-RS"
155012;2018-08-24;"sexta-feira";"17:50:00";"ES";262;40;"DOMINGOS MARTINS";"Falta de Atenção à Condução";"Colisão lateral";"Com Vítimas Feridas";"Anoitecer";"Crescente";"Nublado";"Dupla";"Rotatória";"Sim";3;0;1;0;2;0;1;2;-20,3821;-40,6354;"SPRF-ES";"DEL01-ES";"UOP01-DEL01-ES"
155014;2018-08-24;"sexta-feira";"14:00:00";"RJ";40;22;"TRES RIOS";"Desobediência às normas de trânsito pelo condutor";"Colisão transversal";"Com Vítimas Feridas";"Pleno dia";"Decrescente";"Céu Claro";"Simples";"Interseção de Vias";"Não";3;0;1;0;1;1;1;3;-22,1309;-43,158;"SPRF-RJ";"DEL06-RJ";"UOP02-DEL05-RJ"
155016;2018-08-24;"sexta-feira";"16:50:00";"PR";153;330,5;"IRATI";"Falta de Atenção à Condução";"Tombamento";"Com Vítimas Feridas";"Pleno dia";"Decrescente";"Chuva";"Dupla";"Reta";"Sim";2;0;1;0;1;0;1;2;-25,45862952;-50,62132537;"SPRF-PR";"DEL03-PR";"UOP02-DEL08-PR"
155018;2018-08-24;"sexta-feira";"16:35:00";"RJ";116;222,5;"PIRAI";"Condutor Dormindo";"Tombamento";"Sem Vítimas";"Pleno dia";"Decrescente";"Céu Claro";"Simples";"Declive";"Não";2;0;0;0;1;1;0;2;-22,679905;-43,814217;"SPRF-RJ";"DEL07-RJ";"UOP01-DEL07-RJ"
155019;2018-08-24;"sexta-feira";"18:00:00";"AL";104;91;"RIO LARGO";"Falta de Atenção à Condução";"Colisão lateral";"Sem Vítimas";"Plena Noite";"Decrescente";"Chuva";"Dupla";"Reta";"Sim";3;0;0;0;3;0;0;3;-9,50180478;-35,81027985;"SPRF-AL";"DEL01-AL";"UOP01-DEL01-AL"
155020;2018-08-24;"sexta-feira";"17:20:00";"SP";116;225;"GUARULHOS";"Não guardar distância de segurança";"Colisão traseira";"Com Vítimas Feridas";"Anoitecer";"Decrescente";"Nublado";"Múltipla";"Reta";"Sim";3;0;1;0;0;2;1;3;-23,49040671;-46,54769897;"SPRF-SP";"DEL01-SP";"UOP01-DEL01-SP"
155024;2018-08-24;"sexta-feira";"18:00:00";"MG";381;489;"BETIM";"Não guardar distância de segurança";"Engavetamento";"Com Vítimas Fatais";"Anoitecer";"Crescente";"Céu Claro";"Dupla";"Reta";"Sim";9;1;1;0;6;1;1;8;-19,95642379;-44,14126307;"SPRF-MG";"DEL01-MG";"UOP03-DEL01-MG"
155025;2018-08-24;"sexta-feira";"18:15:00";"SE";101;177,9;"SANTA LUZIA DO ITANHY";"Velocidade Incompatível";"Colisão traseira";"Com Vítimas Fatais";"Plena Noite";"Crescente";"Céu Claro";"Simples";"Reta";"Sim";3;2;0;0;0;1;0;2;-11,37166563;-37,6504308;"SPRF-SE";"DEL02-SE";"UOP03-DEL02-SE"
155030;2018-08-24;"sexta-feira";"18:30:00";"SP";116;283,9;"EMBU DAS ARTES";"Falta de Atenção do Pedestre";"Atropelamento de Pedestre";"Com Vítimas Fatais";"Plena Noite";"Crescente";"Nublado";"Dupla";"Reta";"Sim";3;1;0;0;1;1;0;3;-23,6894593;-46,8621586;"SPRF-SP";"DEL04-SP";"UOP01-DEL04-SP"
155032;2018-08-24;"sexta-feira";"17:15:00";"MG";251;354,4;"PADRE CARVALHO";"Falta de Atenção à Condução";"Colisão frontal";"Com Vítimas Fatais";"Anoitecer";"Crescente";"Céu Claro";"Simples";"Reta";"Não";3;1;0;0;1;2;0;4;-16,28290364;-42,54468441;"SPRF-MG";"DEL12-MG";"UOP01-DEL12-MG"
155033;2018-08-24;"sexta-feira";"11:35:00";"RS";392;207;"SANTANA DA BOA VISTA";"Velocidade Incompatível";"Saída de leito carroçável";"Com Vítimas Feridas";"Pleno dia";"Crescente";"Chuva";"Simples";"Curva";"Não";2;0;1;0;0;2;1;3;-30,828468;-53,17128;"SPRF-RS";"DEL09-RS";"UOP02-DEL09-RS"
155040;2018-08-24;"sexta-feira";"18:45:00";"PR";116;146;"MANDIRITUBA";"Desobediência às normas de trânsito pelo condutor";"Colisão transversal";"Com Vítimas Feridas";"Plena Noite";"Crescente";"Chuva";"Simples";"Reta";"Sim";4;0;0;1;3;0;1;4;-25,781727;-49,325352;"SPRF-PR";"DEL01-PR";"UOP03-DEL01-PR"
155041;2018-08-23;"quinta-feira";"18:30:00";"PE";101;86;"CABO DE SANTO AGOSTINHO";"Pista Escorregadia";"Saída de leito carroçável";"Com Vítimas Feridas";"Plena Noite";"Decrescente";"Chuva";"Dupla";"Reta";"Não";1;0;1;0;0;0;1;1;-8,1919;-34,9748;"SPRF-PE";"DEL01-PE";"UOP03-DEL01-PE"
155058;2018-08-24;"sexta-feira";"19:20:00";"PR";376;154;"MANDAGUACU";"Falta de Atenção à Condução";"Colisão traseira";"Com Vítimas Feridas";"Plena Noite";"Crescente";"Nublado";"Dupla";"Aclive;Curva";"Sim";2;0;1;0;1;0;1;2;-23,336739;-52,107895;"SPRF-PR";"DEL07-PR";"UOP01-DEL09-PR"
155060;2018-08-24;"sexta-feira";"19:30:00";"PE";101;103;"CABO DE SANTO AGOSTINHO";"Falta de Atenção à Condução";"Colisão traseira";"Com Vítimas Feridas";"Plena Noite";"Decrescente";"Chuva";"Simples";"Curva";"Sim";3;0;1;0;1;1;1;3;-8,2938781;-35,05222321;"SPRF-PE";"DEL01-PE";"UOP03-DEL01-PE"
155062;2018-08-24;"sexta-feira";"20:00:00";"GO";153;682,7;"PANAMA";"Velocidade Incompatível";"Colisão traseira";"Com Vítimas Fatais";"Plena Noite";"Crescente";"Nublado";"Dupla";"Aclive";"Não";2;1;0;0;1;0;0;2;-18,237012;-49,257637;"SPRF-GO";"DEL03-GO";"UOP02-DEL03-GO"
155064;2018-08-24;"sexta-feira";"18:40:00";"RS";116;437,7;"CRISTAL";"Falta de Atenção à Condução";"Saída de leito carroçável";"Sem Vítimas";"Plena Noite";"Decrescente";"Nublado";"Simples";"Reta";"Não";2;0;0;0;2;0;0;2;-31,04002853;-52,04313755;"SPRF-RS";"DEL02-RS";"UOP03-DEL02-RS"