"id";"data_inversa";"dia_semana";"horario";"uf";"br";"km";"municipio";"causa_acidente";"tipo_acidente";"classificacao_acidente";"fase_dia";"sentido_via";"condicao_metereologica";"tipo_pista";"tracado_via";"uso_solo";"pessoas";"mortos";"feridos_leves";"feridos_graves";"ilesos";"ignorados";"feridos";"veiculos";"latitude";"longitude";"regional";"delegacia";"uop"
156695;2018-09-01;"sábado";"22:10:00";"MG";116;610,8;"SAO JOAO DO MANHUACU";"Falta de Atenção à Condução";"Colisão traseira";"Com Vítimas Feridas";"Plena Noite";"Crescente";"Nublado";"Simples";"Reta";"Não";5;0;3;0;2;0;3;2;-20,4106474;-42,15171055;"SPRF-MG";"DEL07-MG";"UOP03-DEL07-MG"
156698;2018-09-01;"sábado";"21:40:00";"CE";116;82,5;"CASCAVEL";"Defeito na Via";"Capotamento";"Com Vítimas Feridas";"Plena Noite";"Decrescente";"Céu Claro";"Simples";"Reta";"Sim";1;0;1;0;0;0;1;1;-4,42206358;-38,40442657;"SPRF-CE";"DEL03-CE";"UOP02-DEL03-CE"
156701;2018-09-01;"sábado";"23:00:00";"MG";381;318;"NOVA ERA";"Falta de Atenção à Condução";"Colisão frontal";"Com Vítimas Fatais";"Plena Noite";"Crescente";"Céu Claro";"Simples";"Reta";"Não";3;1;0;0;1;1;0;3;-19,7609;-43,0306;"SPRF-MG";"DEL03-MG";"UOP02-DEL03-MG"
156702;2018-09-01;"sábado";"23:10:00";"SC";101;116,8;"ITAJAI";"Falta de Atenção à Condução";"Colisão traseira";"Sem Vítimas";"Plena Noite";"Decrescente";"Garoa/Chuvisco";"Dupla";"Reta";"Sim";2;0;0;0;2;0;0;2;-26,8877;-48,7222;"SPRF-SC";"DEL04-SC";"UOP04-DEL04-SC"
156712;2018-09-01;"sábado";"21:00:00";"PR";163;249;"TOLEDO";"Falta de Atenção à Condução";"Tombamento";"Sem Vítimas";"Plena Noite";"Crescente";"Chuva";"Simples";"Em Obras";"Não";2;0;0;0;1;1;0;2;-24,6956;-53,7408;"SPRF-PR";"DEL04-PR";"UOP01-DEL04-PR"
156714;2018-09-02;"domingo";"01:15:00";"SC";101;277;"IMBITUBA";"Falta de Atenção à Condução";"Colisão traseira";"Com Vítimas Feridas";"Plena Noite";"Crescente";"Chuva";"Dupla";"Reta";"Sim";5;0;2;1;1;2;3;4;-28,168123;-48,694237;"SPRF-SC";"DEL02-SC";"UOP03-DEL02-SC"
156716;2018-09-02;"domingo";"00:10:00";"GO";60;212,8;"VARJAO";"Defeito Mecânico no Veículo";"Incêndio";"Sem Vítimas";"Plena Noite";"Decrescente";"Céu Claro";"Dupla";"Curva";"Não";2;0;0;0;1;2;0;3;-16,9521;-49,6829;"SPRF-GO";"DEL01-GO";"UOP02-DEL01-GO"
156720;2018-09-02;"domingo";"00:01:00";"RJ";116;274,4;"BARRA MANSA";"Defeito Mecânico no Veículo";"Colisão traseira";"Com Vítimas Feridas";"Plena Noite";"Decrescente";"Nublado";"Múltipla";"Aclive";"Não";3;0;1;0;1;1;1;3;-22,54066241;-44,1922152;"SPRF-RJ";"DEL07-RJ";"UOP02-DEL07-RJ"
156729;2018-09-02;"domingo";"02:30:00";"MS";163;486;"CAMPO GRANDE";"Ingestão de Álcool";"Colisão traseira";"Com Vítimas Fatais";"Plena Noite";"Decrescente";"Chuva";"Simples";"Aclive;Reta";"Sim";5;1;0;1;2;1;1;4;-20,433199;-54,543747;"SPRF-MS";"DEL01-MS";"UOP02-DEL01-MS"
156735;2018-09-02;"domingo";"04:00:00";"GO";20;44,6;"FORMOSA";"Velocidade Incompatível";"Capotamento";"Com Vítimas Feridas";"Plena Noite";"Crescente";"Céu Claro";"Simples";"Declive";"Não";2;0;0;1;0;1;1;2;-15,36117019;-47,08441973;"SPRF-DF";"DEL02-DF";"UOP01-DEL02-DF"
156736;2018-09-02;"domingo";"04:00:00";"MG";40;470,3;"SETE LAGOAS";"Falta de Atenção à Condução";"Colisão traseira";"Com Vítimas Feridas";"Plena Noite";"Crescente";"Céu Claro";"Dupla";"Reta";"Não";4;0;1;0;2;1;1;3;-19,47201407;-44,29335594;"SPRF-MG";"DEL02-MG";"UOP01-DEL02-MG"
156742;2018-09-02;"domingo";"04:00:00";"MG";262;497,3;"MOEMA";"Velocidade Incompatível";"Saída de leito carroçável";"Com Vítimas Feridas";"Plena Noite";"Crescente";"Vento";"Simples";"Curva";"Não";2;0;1;0;0;1;1;2;-19,79157979;-45,44494629;"SPRF-MG";"DEL08-MG";"UOP03-DEL08-MG"
156759;2018-09-02;"domingo";"05:05:00";"MT";163;1031;"PEIXOTO DE AZEVEDO";"Ingestão de Álcool";"Colisão frontal";"Com Vítimas Fatais";"Amanhecer";"Crescente";"Ignorado";"Simples";"Reta";"Sim";8;2;1;1;1;5;2;7;-10;-54;"SPRF-MT";"DEL06-MT";"UOP02-DEL06-MT"
156766;2018-09-02;"domingo";"06:10:00";"MG";153;13,2;"CENTRALINA";"Condutor Dormindo";"Saída de leito carroçável";"Sem Vítimas";"Pleno dia";"Decrescente";"Céu Claro";"Dupla";"Reta";"Não";2;0;0;0;1;1;0;2;-18,54004157;-49,19338435;"SPRF-MG";"DEL15-MG";"UOP03-DEL15-MG"
156767;2018-09-02;"domingo";"06:05:00";"MG";40;435,1;"PARAOPEBA";"Ingestão de Álcool";"Colisão lateral";"Sem Vítimas";"Amanhecer";"Crescente";"Céu Claro";"Dupla";"Reta";"Não";2;0;0;0;1;1;0;2;-19,22253;-44,44714;"SPRF-MG";"DEL02-MG";"UOP01-DEL02-MG"
156769;2018-09-01;"sábado";"14:00:00";"BA";101;842;"TEIXEIRA DE FREITAS";"Pista Escorregadia";"Colisão frontal";"Com Vítimas Feridas";"Plena Noite";"Crescente";"Chuva";"Simples";"Curva";"Não";5;0;1;0;3;1;1;4;-17,2562;-39,6312;"SPRF-BA";"DEL09-BA";"UOP02-DEL09-BA"
156771;2018-09-02;"domingo";"07:10:00";"PR";116;98;"SAO JOSE DOS PINHAIS";"Pista Escorregadia";"Tombamento";"Sem Vítimas";"Pleno dia";"Decrescente";"Garoa/Chuvisco";"Dupla";"Curva";"Não";3;0;0;0;2;1;0;3;-25,55634153;-49,14967407;"SPRF-PR";"DEL01-PR";"UOP01-DEL01-PR"
156772;2018-09-02;"domingo";"06:30:00";"MT";364;120,9;"PEDRA PRETA";"Ultrapassagem Indevida";"Capotamento";"Com Vítimas Feridas";"Amanhecer";"Crescente";"Céu Claro";"Simples";"Declive";"Não";4;0;3;0;0;3;3;4;-16,859882;-53,911736;"SPRF-MT";"DEL02-MT";"UOP02-DEL02-MT"
156777;2018-09-02;"domingo";"07:00:00";"BA";242;244;"ITABERABA";"Defeito Mecânico no Veículo";"Tombamento";"Sem Vítimas";"Pleno dia";"Decrescente";"Céu Claro";"Simples";"Curva";"Não";2;0;0;0;1;2;0;3;-12,51089032;-40,4425621;"SPRF-BA";"DEL06-BA";"UOP02-DEL06-BA"
156779;2018-09-02;"domingo";"09:00:00";"SP";116;326,5;"JUQUITIBA";"Defeito Mecânico no Veículo";"Tombamento";"Sem Vítimas";"Pleno dia";"Decrescente";"Nublado";"Dupla";"Curva";"Sim";2;0;0;0;1;2;0;3;-23,93734932;-47,06448555;"SPRF-SP";"DEL04-SP";"UOP03-DEL04-SP"
156780;2018-09-02;"domingo";"06:45:00";"RS";392;274;"SAO SEPE";"Velocidade Incompatível";"Tombamento";"Sem Vítimas";"Amanhecer";"Crescente";"Chuva";"Simples";"Interseção de Vias";"Não";2;0;0;0;1;1;0;2;-30,358177;-53,518333;"SPRF-RS";"DEL09-RS";"UOP02-DEL09-RS"
156800;2018-09-02;"domingo";"12:20:00";"SP";116;22,5;"LAVRINHAS";"Falta de Atenção à Condução";"Derramamento de carga";"Sem Vítimas";"Pleno dia";"Crescente";"Céu Claro";"Múltipla";"Reta";"Não";2;0;0;0;1;1;0;2;-22,58626873;-44,88228937;"SPRF-SP";"DEL08-SP";"UOP02-DEL08-SP"
156814;2018-09-02;"domingo";"13:30:00";"BA";116;675,9;"JEQUIE";"Desobediência às normas de trânsito pelo condutor";"Colisão transversal";"Com Vítimas Fatais";"Pleno dia";"Decrescente";"Céu Claro";"Simples";"Curva";"Não";3;1;0;0;1;1;0;3;-13,873186;-40,127914;"SPRF-BA";"DEL03-BA";"UOP01-DEL03-BA"
156821;2018-08-25;"sábado";"19:05:00";"PR";376;630,7;"SAO JOSE DOS PINHAIS";"Falta de Atenção do Pedestre";"Atropelamento de Pedestre";"Com Vítimas Fatais";"Plena Noite";"Decrescente";"Céu Claro";"Dupla";"Reta";"Sim";2;1;0;0;1;0;0;2;-25,70650619;-49,1418457;"SPRF-PR";"DEL01-PR";"DEL7/1-UOP08/PR"
156822;2018-09-02;"domingo";"11:10:00";"MG";116;690,9;"MURIAE";"Velocidade Incompatível";"Tombamento";"Com Vítimas Fatais";"Pleno dia";"Crescente";"Sol";"Simples";"Curva";"Não";1;1;0;0;0;0;0;1;-21,01022568;-42,36140919;"SPRF-MG";"DEL07-MG";"UOP02-DEL07-MG"
156833;2018-09-02;"domingo";"10:00:00";"MG";251;347;"FRUTA DE LEITE";"Animais na Pista";"Atropelamento de Animal";"Com Vítimas Feridas";"Pleno dia";"Crescente";"Céu Claro";"Simples";"Curva";"Não";5;0;1;0;1;3;1;3;-16,2633;-42,5115;"SPRF-MG";"DEL12-MG";"UOP01-DEL12-MG"
156841;2018-08-09;"quinta-feira";"13:40:00";"MS";60;480,1;"SIDROLANDIA";"Falta de Atenção à Condução";"Colisão lateral";"Com Vítimas Feridas";"Pleno dia";"Decrescente";"Céu Claro";"Simples";"Reta";"Não";6;0;1;1;2;2;2;3;-21,113067;-55,359625;"SPRF-MS";"DEL01-MS";"UOP04-DEL01-MS"
156851;2018-09-02;"domingo";"15:40:00";"MS";163;533;"JARAGUARI";"Falta de Atenção à Condução";"Danos eventuais";"Com Vítimas Feridas";"Pleno dia";"Decrescente";"Nublado";"Dupla";"Reta";"Não";3;0;1;0;2;0;1;2;-20,040188;-54,412563;"SPRF-MS";"DEL01-MS";"UOP02-DEL01-MS"
156864;2018-09-02;"domingo";"16:20:00";"MS";158;28,6;"PARANAIBA";"Velocidade Incompatível";"Tombamento";"Com Vítimas Fatais";"Pleno dia";"Decrescente";"Céu Claro";"Simples";"Reta";"Não";2;1;0;0;0;1;0;2;-19,225952;-51,5212;"SPRF-MS";"DEL08-MS";"UOP01-DEL08-MS"
156871;2018-07-25;"quarta-feira";"04:00:00";"MG";40;711,4;"BARBACENA";"Não guardar distância de segurança";"Saída de leito carroçável";"Com Vítimas Feridas";"Plena Noite";"Crescente";"Céu Claro";"Dupla";"Curva";"Não";1;0;1;0;0;0;1;1;-21,24298243;-43,7117672;"SPRF-MG";"DEL05-MG";"UOP02-DEL05-MG"
156886;2018-09-02;"domingo";"19:10:00";"PE";423;117;"PARANATAMA";"Falta de Atenção à Condução";"Colisão traseira";"Com Vítimas Feridas";"Plena Noite";"Decrescente";"Garoa/Chuvisco";"Simples";"Reta";"Não";3;0;0;1;1;1;1;3;-8,90871;-36,67681;"SPRF-PE";"DEL03-PE";"UOP01-DEL03-PE"
156900;2018-09-02;"domingo";"12:30:00";"MG";116;364,3;"FREI INOCENCIO";"Falta de Atenção à Condução";"Incêndio";"Sem Vítimas";"Pleno dia";"Decrescente";"Céu Claro";"Simples";"Reta";"Não";2;0;0;0;1;1;0;2;-18,53226997;-41,88889503;"SPRF-MG";"DEL11-MG";"UOP01-DEL11-MG"
156901;2018-09-02;"domingo";"17:00:00";"SC";282;300,5;"VARGEM";"Pista Escorregadia";"Tombamento";"Sem Vítimas";"Pleno dia";"Decrescente";"Chuva";"Simples";"Curva";"Não";2;0;0;0;2;0;0;1;-27,51001534;-50,92067957;"SPRF-SC";"DEL07-SC";"UOP06-DEL07-SC"
156916;2018-09-02;"domingo";"21:15:00";"BA";101;781,9;"ITABELA";"Ingestão de Álcool";"Colisão frontal";"Com Vítimas Fatais";"Plena Noite";"Crescente";"Nevoeiro/Neblina";"Simples";"Reta";"Não";2;1;0;0;1;0;0;2;-16,8179;-39,4813;"SPRF-BA";"DEL09-BA";"UOP01-DEL09-BA"
156929;2018-09-02;"domingo";"19:30:00";"SC";153;37,2;"VARGEM BONITA";"Avarias e/ou desgaste excessivo no pneu";"Colisão frontal";"Com Vítimas Fatais";"Plena Noite";"Decrescente";"Chuva";"Simples";"Declive;Curva";"Não";5;1;1;1;1;1;2;3;-26,83289;-51,73373;"SPRF-SC";"DEL07-SC";"UOP07-DEL07-SC"
156935;2018-09-02;"domingo";"18:50:00";"GO";80;79,5;"PADRE BERNARDO";"Falta de Atenção à Condução";"Colisão frontal";"Com Vítimas Fatais";"Anoitecer";"Decrescente";"Céu Claro";"Simples";"Curva";"Não";3;1;0;0;1;2;0;4;-15,2103191;-48,56609344;"SPRF-DF";"DEL01-DF";"UOP02-DEL03-DF"
156940;2018-09-02;"domingo";"22:50:00";"BA";242;808;"BARREIRAS";"Ingestão de álcool e/ou substâncias psicoativas pelo pedestre";"Atropelamento de Pedestre";"Com Vítimas Feridas";"Plena Noite";"Crescente";"Céu Claro";"Simples";"Reta";"Sim";2;0;1;0;0;1;1;2;-12;-45;"SPRF-BA";"DEL10-BA";"UOP01-DEL10-BA"
156956;2018-09-02;"domingo";"22:40:00";"PB";230;446,2;"APARECIDA";"Ingestão de Álcool";"Atropelamento de Pedestre";"Com Vítimas Feridas";"Plena Noite";"Crescente";"Céu Claro";"Simples";"Reta";"Sim";2;0;0;1;0;1;1;2;-6,78709741;-38,07702541;"SPRF-PB";"DEL03-PB";"UOP03-DEL03-PB"
156957;2018-09-02;"domingo";"23:40:00";"PE";428;174,7;"PETROLINA";"Ingestão de Álcool";"Colisão frontal";"Com Vítimas Fatais";"Plena Noite";"Decrescente";"Céu Claro";"Simples";"Reta";"Não";3;1;0;0;1;1;0;3;-9,252337;-40,425278;"SPRF-PE";"DEL06-PE";"UOP01-DEL06-PE"
156960;2018-09-02;"domingo";"20:00:00";"SC";282;395;"JOACABA";"Falta de Atenção à Condução";"Saída de leito carroçável";"Com Vítimas Feridas";"Plena Noite";"Decrescente";"Chuva";"Simples";"Curva";"Não";1;0;0;1;0;0;1;1;-27,1590761;-51,58599079;"SPRF-SC";"DEL07-SC";"UOP05-DEL07-SC"
156965;2018-09-03;"segunda-feira";"03:50:00";"PB";101;121,1;"CAAPORA";"Ingestão de Álcool";"Colisão traseira";"Com Vítimas Feridas";"Plena Noite";"Decrescente";"Céu Claro";"Dupla";"Reta";"Não";3;0;0;1;1;1;1;3;-7,44382;-34,978244;"SPRF-PB";"DEL01-PB";"UOP01-DEL01-PB"
156970;2018-09-03;"segunda-feira";"05:00:00";"MG";381;921,5;"CAMANDUCAIA";"Velocidade Incompatível";"Capotamento";"Com Vítimas Feridas";"Plena Noite";"Crescente";"Céu Claro";"Dupla";"Curva;Declive";"Não";1;0;1;0;0;0;1;1;-22,76290364;-46,17022064;"SPRF-MG";"DEL16-MG";"UOP03-DEL16-MG"
156974;2018-09-03;"segunda-feira";"05:00:00";"MT";70;107,8;"GENERAL CARNEIRO";"Condutor Dormindo";"Tombamento";"Com Vítimas Feridas";"Amanhecer";"Crescente";"Céu Claro";"Simples";"Reta";"Não";2;0;1;0;0;2;1;3;-15,572365;-53,01553;"SPRF-MT";"DEL07-MT";"UOP01-DEL07-MT"
156976;2018-09-03;"segunda-feira";"06:30:00";"PR";376;425,1;"TIBAGI";"Velocidade Incompatível";"Colisão lateral";"Com Vítimas Fatais";"Amanhecer";"Decrescente";"Chuva";"Simples";"Curva";"Não";7;1;0;3;1;2;3;4;-24,70457601;-50,55725545;"SPRF-PR";"DEL03-PR";"UOP02-DEL03-PR"
156980;2018-09-03;"segunda-feira";"07:30:00";"SC";101;213;"PALHOCA";"Falta de Atenção à Condução";"Colisão traseira";"Sem Vítimas";"Pleno dia";"Decrescente";"Chuva";"Dupla";"Reta";"Sim";3;0;0;0;3;0;0;2;-27,6446;-48,6705;"SPRF-SC";"DEL01-SC";"UOP02-DEL01-SC"
156982;2018-09-03;"segunda-feira";"08:00:00";"PE";407;124,1;"PETROLINA";"Desobediência às normas de trânsito pelo condutor";"Colisão transversal";"Com Vítimas Feridas";"Pleno dia";"Crescente";"Sol";"Dupla";"Rotatória";"Sim";2;0;1;0;1;0;1;2;-9,37592371;-40,53795218;"SPRF-PE";"DEL06-PE";"UOP01-DEL06-PE"
156983;2018-09-03;"segunda-feira";"08:00:00";"BA";116;505;"SANTA TERESINHA";"Ultrapassagem Indevida";"Saída de leito carroçável";"Com Vítimas Feridas";"Pleno dia";"Decrescente";"Céu Claro";"Simples";"Reta";"Não";2;0;1;0;0;1;1;2;-12,637307;-39,601294;"SPRF-BA";"DEL03-BA";"UOP02-DEL03-BA"
156999;2018-09-03;"segunda-feira";"01:40:00";"RS";153;629;"BAGE";"Falta de Atenção à Condução";"Colisão com objeto estático";"Sem Vítimas";"Plena Noite";"Crescente";"Chuva";"Simples";"Rotatória";"Não";2;0;0;0;1;1;0;2;-31,3253437;-53,9854237;"SPRF-RS";"DEL11-RS";"UOP03-DEL11-RS"
157002;2018-09-03;"segunda-feira";"08:00:00";"RS";116;370,8;"TAPES";"Falta de Atenção à Condução";"Colisão lateral";"Com Vítimas Feridas";"Pleno dia";"Decrescente";"Chuva";"Simples";"Aclive;Curva";"Não";3;0;1;0;2;0;1;2;-30,71143781;-51,58630371;"SPRF-RS";"DEL02-RS";"UOP03-DEL02-RS"
157004;2018-09-03;"segunda-feira";"07:40:00";"MG";365;621;"UBERLANDIA";"Velocidade Incompatível";"Colisão traseira";"Com Vítimas Feridas";"Amanhecer";"Decrescente";"Céu Claro";"Dupla";"Reta";"Sim";4;0;1;0;2;1;1;4;-18,88791396;-48,26828577;"SPRF-MG";"DEL15-MG";"UOP01-DEL15-MG"
157008;2018-09-03;"segunda-feira";"09:00:00";"CE";222;4,2;"CAUCAIA";"Falta de Atenção à Condução";"Colisão traseira";"Com Vítimas Feridas";"Pleno dia";"Decrescente";"Céu Claro";"Simples";"Reta";"Sim";3;0;1;0;1;1;1;2;-3,74221999;-38,60840824;"SPRF-CE";"DEL01-CE";"UOP01-DEL01-CE"
157009;2018-09-03;"segunda-feira";"07:25:00";"MT";163;836,8;"SINOP";"Falta de Atenção à Condução";"Colisão lateral";"Com Vítimas Feridas";"Pleno dia";"Decrescente";"Céu Claro";"Simples";"Reta;Interseção de Vias";"Sim";2;0;1;0;1;0;1;2;-11,842959;-55,490887;"SPRF-MT";"DEL06-MT";"UOP02-DEL06-MT"
157013;2018-09-03;"segunda-feira";"09:35:00";"SC";470;186,3;"POUSO REDONDO";"Falta de Atenção à Condução";"Tombamento";"Com Vítimas Feridas";"Pleno dia";"Decrescente";"Chuva";"Simples";"Curva";"Não";2;0;1;0;0;1;1;2;-27,2543816;-50,03424883;"SPRF-SC";"DEL04-SC";"UOP02-DEL04-SC"
157021;2018-09-03;"segunda-feira";"07:15:00";"PR";369;195,9;"ARAPONGAS";"Carga excessiva e/ou mal acondicionada";"Tombamento";"Sem Vítimas";"Pleno dia";"Decrescente";"Nevoeiro/Neblina";"Simples";"Retorno Regulamentado";"Não";2;0;0;0;1;3;0;4;-23,5050031;-51,42478553;"SPRF-PR";"DEL07-PR";"UOP03-DEL07-PR"
157027;2018-09-03;"segunda-feira";"10:50:00";"BA";242;263;"LUIS EDUARDO MAGALHAES";"Falta de Atenção à Condução";"Tombamento";"Com Vítimas Feridas";"Pleno dia";"Decrescente";"Céu Claro";"Simples";"Curva";"Não";2;0;1;0;0;2;1;3;-12,1232;-45,8127;"SPRF-BA";"DEL06-BA";"UOP02-DEL06-BA"
157035;2018-09-03;"segunda-feira";"10:30:00";"RJ";393;200,3;"RIO DAS FLORES";"Falta de Atenção à Condução";"Colisão transversal";"Sem Vítimas";"Pleno dia";"Crescente";"Céu Claro";"Simples";"Interseção de Vias";"Não";2;0;0;0;2;0;0;2;-22,22888494;-43,42307568;"SPRF-RJ";"DEL05-RJ";"UOP03-DEL05-RJ"
157038;2018-09-03;"segunda-feira";"10:30:00";"MG";381;308;"ANTONIO DIAS";"Não guardar distância de segurança";"Colisão traseira";"Com Vítimas Feridas";"Pleno dia";"Crescente";"Céu Claro";"Simples";"Curva;Em Obras;Declive";"Não";3;0;1;0;2;0;1;2;-19,6443243;-42,9184025;"SPRF-MG";"DEL03-MG";"UOP02-DEL03-MG"
157039;2018-09-03;"segunda-feira";"11:05:00";"SC";158;101,5;"CUNHA PORA";"Defeito Mecânico no Veículo";"Incêndio";"Sem Vítimas";"Pleno dia";"Crescente";"Chuva";"Simples";"Reta";"Não";2;0;0;0;1;2;0;3;-26,82690476;-53,18095207;"SPRF-SC";"DEL07-SC";"UOP02-DEL07-SC"
157040;2018-09-03;"segunda-feira";"10:30:00";"SC";282;563,5;"NOVA ERECHIM";"Falta de Atenção à Condução";"Saída de leito carroçável";"Com Vítimas Feridas";"Pleno dia";"Crescente";"Chuva";"Simples";"Reta";"Não";1;0;1;0;0;0;1;1;-26,902191;-52,868835;"SPRF-SC";"DEL07-SC";"UOP02-DEL07-SC"
157052;2018-09-03;"segunda-feira";"12:50:00";"MT";158;432,8;"CANABRAVA DO NORTE";"Condutor Dormindo";"Tombamento";"Sem Vítimas";"Pleno dia";"Crescente";"Céu Claro";"Simples";"Reta";"Não";3;0;0;0;2;2;0;4;-11,128852;-51,702858;"SPRF-MT";"DEL07-MT";"UOP02-DEL07-MT"
157054;2018-09-03;"segunda-feira";"11:30:00";"SC";101;112,1;"ITAJAI";"Velocidade Incompatível";"Tombamento";"Sem Vítimas";"Pleno dia";"Decrescente";"Chuva";"Dupla";"Reta";"Não";1;0;0;0;1;0;0;1;-26,84552492;-48,72076571;"SPRF-SC";"DEL04-SC";"UOP04-DEL04-SC"
157063;2018-09-03;"segunda-feira";"13:28:00";"DF";80;28;"BRASILIA";"Velocidade Incompatível";"Colisão com objeto estático";"Sem Vítimas";"Pleno dia";"Crescente";"Céu Claro";"Simples";"Declive";"Não";2;0;0;0;1;2;0;3;-15,595818;-48,203102;"SPRF-DF";"DEL01-DF";"UOP02-DEL03-DF"
157066;2018-09-03;"segunda-feira";"10:30:00";"SC";282;555,7;"NOVA ITABERABA";"Velocidade Incompatível";"Colisão frontal";"Com Vítimas Feridas";"Pleno dia";"Decrescente";"Chuva";"Simples";"Curva";"Sim";5;0;4;0;1;0;4;2;-26,935896;-52,810684;"SPRF-SC";"DEL07-SC";"UOP01-DEL07-SC"
157068;2018-09-03;"segunda-feira";"14:15:00";"SC";470;32;"GASPAR";"Desobediência às normas de trânsito pelo condutor";"Colisão frontal";"Com Vítimas Feridas";"Pleno dia";"Decrescente";"Chuva";"Simples";"Reta";"Sim";3;0;2;0;1;0;2;2;-26,90250559;-48,93326104;"SPRF-SC";"DEL04-SC";"UOP01-DEL04-SC"
157071;2018-09-03;"segunda-feira";"14:50:00";"RS";392;177,9;"PIRATINI";"Condutor Dormindo";"Colisão lateral";"Com Vítimas Feridas";"Pleno dia";"Crescente";"Garoa/Chuvisco";"Simples";"Aclive";"Não";3;0;1;0;1;1;1;3;-31,008554;-53,056973;"SPRF-RS";"DEL07-RS";"UOP01-DEL07-RS"
157073;2018-09-03;"segunda-feira";"14:00:00";"SP";116;289;"ITAPECERICA DA SERRA";"Falta de Atenção à Condução";"Saída de leito carroçável";"Com Vítimas Feridas";"Pleno dia";"Crescente";"Nublado";"Dupla";"Curva";"Não";1;0;1;0;0;0;1;1;-23,72013988;-46,88539982;"SPRF-SP";"DEL04-SP";"UOP01-DEL04-SP"
157074;2018-09-03;"segunda-feira";"15:30:00";"RS";470;187,5;"VERANOPOLIS";"Velocidade Incompatível";"Colisão transversal";"Com Vítimas Feridas";"Pleno dia";"Decrescente";"Chuva";"Dupla";"Curva";"Não";3;0;1;0;2;0;1;3;-29,00801369;-51,55955672;"SPRF-RS";"DEL06-RS";"UOP02-DEL06-RS"
157076;2018-09-03;"segunda-feira";"15:15:00";"MG";381;585,1;"CARMOPOLIS DE MINAS";"Falta de Atenção à Condução";"Colisão traseira";"Com Vítimas Feridas";"Pleno dia";"Crescente";"Céu Claro";"Dupla";"Em Obras;Reta";"Não";7;0;1;0;5;1;1;6;-20,5219;-44,6269;"SPRF-MG";"DEL04-MG";"UOP01-DEL04-MG"
157077;2018-09-03;"segunda-feira";"10:20:00";"SP";381;59,2;"MAIRIPORA";"Objeto estático sobre o leito carroçável";"Colisão com objeto estático";"Sem Vítimas";"Pleno dia";"Crescente";"Nublado";"Dupla";"Reta;Declive";"Sim";2;0;0;0;2;0;0;1;-23,2918453;-46,580534;"SPRF-SP";"DEL03-SP";"UOP01-DEL03-SP"
157085;2018-09-03;"segunda-feira";"16:30:00";"RN";101;73,1;"EXTREMOZ";"Defeito na Via";"Colisão frontal";"Com Vítimas Fatais";"Pleno dia";"Crescente";"Céu Claro";"Simples";"Reta";"Não";2;1;0;0;1;0;0;2;-5,70570056;-35,26637077;"SPRF-RN";"DEL02-RN";"UOP01-DEL02-RN"
157088;2018-09-03;"segunda-feira";"08:35:00";"SC";153;109;"CONCORDIA";"Velocidade Incompatível";"Colisão lateral";"Com Vítimas Feridas";"Pleno dia";"Crescente";"Nublado";"Simples";"Curva";"Não";4;0;0;1;1;2;1;4;-27,30844745;-51,98121071;"SPRF-SC";"DEL07-SC";"UOP04-DEL07-SC"
157091;2018-09-03;"segunda-feira";"15:00:00";"SC";101;115,2;"ITAJAI";"Não guardar distância de segurança";"Colisão lateral";"Sem Vítimas";"Pleno dia";"Decrescente";"Chuva";"Dupla";"Reta";"Não";2;0;0;0;2;0;0;2;-26,8741873;-48,72793785;"SPRF-SC";"DEL04-SC";"UOP04-DEL04-SC"
157097;2018-09-03;"segunda-feira";"16:49:00";"RJ";101;120;"CAMPOS DOS GOYTACAZES";"Não guardar distância de segurança";"Colisão traseira";"Com Vítimas Feridas";"Pleno dia";"Decrescente";"Céu Claro";"Simples";"Curva";"Sim";6;0;5;0;1;0;5;2;-22,0329957;-41,69387698;"SPRF-RJ";"DEL08-RJ";"UOP02-DEL08-RJ"
157117;2018-09-03;"segunda-feira";"18:55:00";"MG";40;464;"SETE LAGOAS";"Falta de Atenção à Condução";"Colisão com objeto estático";"Com Vítimas Fatais";"Anoitecer";"Crescente";"Céu Claro";"Dupla";"Reta";"Não";5;3;0;0;1;1;0;3;-19,4435;-44,3247;"SPRF-MG";"DEL02-MG";"UOP01-DEL02-MG"
157119;2018-09-03;"segunda-feira";"17:40:00";"PA";316;0;"BELEM";"Falta de Atenção à Condução";"Colisão lateral";"Sem Vítimas";"Anoitecer";"Crescente";"Céu Claro";"Múltipla";"Reta";"Sim";2;0;0;0;2;0;0;2;-1,405913;-48,43406;"SPRF-PA";"DEL01-PA";"DEL19/1-UOP05/PA"
157120;2018-08-30;"quinta-feira";"20:40:00";"PR";277;586;"CASCAVEL";"Falta de Atenção à Condução";"Colisão transversal";"Com Vítimas Feridas";"Plena Noite";"Decrescente";"Céu Claro";"Simples";"Interseção de Vias";"Sim";2;0;1;0;1;0;1;2;-25,02817;-53,55983;"SPRF-PR";"DEL04-PR";"UOP01-DEL04-PR"
157121;2018-09-03;"segunda-feira";"16:40:00";"RJ";101;275;"TANGUA";"Velocidade Incompatível";"Atropelamento de Pedestre";"Com Vítimas Feridas";"Pleno dia";"Decrescente";"Sol";"Dupla";"Reta";"Sim";2;0;0;1;1;0;1;2;-22,73654;-42,72913;"SPRF-RJ";"DEL02-RJ";"UOP03-DEL02-RJ"
157122;2018-09-03;"segunda-feira";"19:15:00";"BA";101;836;"ITAMARAJU";"Sinalização da via insuficiente ou inadequada";"Tombamento";"Com Vítimas Feridas";"Plena Noite";"Crescente";"Céu Claro";"Simples";"Curva";"Não";2;0;1;0;1;0;1;1;-17,2184;-39,6094;"SPRF-BA";"DEL09-BA";"UOP01-DEL09-BA"