"id";"data_inversa";"dia_semana";"horario";"uf";"br";"km";"municipio";"causa_acidente";"tipo_acidente";"classificacao_acidente";"fase_dia";"sentido_via";"condicao_metereologica";"tipo_pista";"tracado_via";"uso_solo";"pessoas";"mortos";"feridos_leves";"feridos_graves";"ilesos";"ignorados";"feridos";"veiculos";"latitude";"longitude";"regional";"delegacia";"uop"
157641;2018-09-06;"quinta-feira";"11:01:00";"GO";414;379;"COCALZINHO DE GOIAS";"Falta de Atenção à Condução";"Colisão transversal";"Com Vítimas Feridas";"Pleno dia";"Crescente";"Céu Claro";"Simples";"Curva";"Não";8;0;3;3;2;0;6;2;-15,580993;-48,628662;"SPRF-GO";"DEL02-GO";"UOP01-DEL02-GO"
157644;2018-09-06;"quinta-feira";"09:50:00";"RS";158;329,8;"SANTA MARIA";"Falta de Atenção à Condução";"Colisão transversal";"Com Vítimas Feridas";"Pleno dia";"Crescente";"Céu Claro";"Simples";"Interseção de Vias";"Sim";3;0;1;0;2;0;1;2;-29,70652;-53,828564;"SPRF-RS";"DEL09-RS";"UOP01-DEL09-RS"
157648;2018-09-06;"quinta-feira";"09:30:00";"PR";277;269;"PRUDENTOPOLIS";"Condutor Dormindo";"Saída de leito carroçável";"Com Vítimas Feridas";"Pleno dia";"Crescente";"Céu Claro";"Simples";"Reta";"Não";2;0;1;0;0;2;1;3;-25,39269614;-50,80979884;"SPRF-PR";"DEL03-PR";"UOP02-DEL08-PR"
157649;2018-09-06;"quinta-feira";"11:20:00";"PR";277;247;"IRATI";"Falta de Atenção à Condução";"Colisão traseira";"Com Vítimas Feridas";"Pleno dia";"Decrescente";"Sol";"Simples";"Aclive";"Não";3;0;1;0;1;2;1;4;-25,44125944;-50,70108891;"SPRF-PR";"DEL03-PR";"UOP02-DEL08-PR"
157650;2018-09-06;"quinta-feira";"12:05:00";"SP";101;47,2;"UBATUBA";"Falta de Atenção à Condução";"Colisão transversal";"Com Vítimas Feridas";"Pleno dia";"Crescente";"Céu Claro";"Simples";"Rotatória";"Sim";2;0;1;0;1;0;1;2;-23,4335925;-45,08610964;"SPRF-SP";"DEL06-SP";"UOP01-DEL06-SP"
157651;2018-09-06;"quinta-feira";"11:20:00";"SC";101;142;"BALNEARIO CAMBORIU";"Falta de Atenção à Condução";"Saída de leito carroçável";"Com Vítimas Feridas";"Pleno dia";"Crescente";"Sol";"Múltipla";"Curva";"Não";2;0;1;0;1;0;1;2;-27,0645;-48,5958;"SPRF-SC";"DEL04-SC";"UOP03-DEL04-SC"
157656;2018-09-06;"quinta-feira";"13:40:00";"ES";101;38,9;"CONCEICAO DA BARRA";"Falta de Atenção à Condução";"Colisão frontal";"Com Vítimas Fatais";"Pleno dia";"Decrescente";"Nublado";"Simples";"Reta";"Não";3;1;0;0;1;2;0;4;-18,48976911;-39,92160469;"SPRF-ES";"DEL04-ES";"UOP02-DEL04-ES"
157658;2018-09-06;"quinta-feira";"11:35:00";"MG";262;665,6;"IBIA";"Velocidade Incompatível";"Colisão traseira";"Com Vítimas Feridas";"Pleno dia";"Crescente";"Céu Claro";"Simples";"Reta";"Não";6;0;1;0;4;2;1;6;-19,55478159;-46,77680763;"SPRF-MG";"DEL08-MG";"UOP01-DEL08-MG"
157660;2018-09-06;"quinta-feira";"13:15:00";"SC";101;46,3;"JOINVILLE";"Falta de Atenção à Condução";"Colisão traseira";"Com Vítimas Feridas";"Pleno dia";"Crescente";"Céu Claro";"Dupla";"Reta";"Sim";3;0;1;0;2;0;1;2;-26,35858329;-48,8590765;"SPRF-SC";"DEL03-SC";"UOP01-DEL03-SC"
157667;2018-09-06;"quinta-feira";"13:15:00";"PR";476;158,1;"ARAUCARIA";"Falta de Atenção à Condução";"Colisão transversal";"Com Vítimas Feridas";"Pleno dia";"Decrescente";"Céu Claro";"Simples";"Reta";"Não";12;0;7;0;4;2;7;4;-25,61382183;-49,42458272;"SPRF-PR";"DEL01-PR";"UOP06-DEL01-PR"
157668;2018-09-06;"quinta-feira";"10:30:00";"MT";163;875;"SINOP";"Falta de Atenção à Condução";"Colisão traseira";"Sem Vítimas";"Pleno dia";"Crescente";"Céu Claro";"Simples";"Reta";"Não";3;0;0;0;3;0;0;2;-11,53217024;-55,3877449;"SPRF-MT";"DEL06-MT";"UOP02-DEL06-MT"
157675;2018-09-06;"quinta-feira";"14:50:00";"PR";376;394;"IMBAU";"Falta de Atenção à Condução";"Colisão transversal";"Sem Vítimas";"Pleno dia";"Decrescente";"Céu Claro";"Simples";"Reta";"Sim";2;0;0;0;2;0;0;2;-24,50394122;-50,71775079;"SPRF-PR";"DEL03-PR";"UOP02-DEL03-PR"
157686;2018-09-06;"quinta-feira";"17:20:00";"PR";153;475,2;"PORTO VITORIA";"Velocidade Incompatível";"Colisão frontal";"Com Vítimas Feridas";"Pleno dia";"Crescente";"Céu Claro";"Simples";"Aclive";"Não";3;0;1;0;1;1;1;3;-26,325922;-51,23459101;"SPRF-PR";"DEL02-PR";"UOP03-DEL02-PR"
157692;2018-09-06;"quinta-feira";"16:30:00";"SP";116;272,9;"TABOAO DA SERRA";"Velocidade Incompatível";"Colisão lateral";"Com Vítimas Feridas";"Pleno dia";"Decrescente";"Sol";"Dupla";"Reta";"Sim";3;0;0;1;1;1;1;3;-23,61590637;-46,78823948;"SPRF-SP";"DEL04-SP";"UOP01-DEL04-SP"
157698;2018-09-06;"quinta-feira";"18:00:00";"PE";232;42;"VITORIA DE SANTO ANTAO";"Não guardar distância de segurança";"Colisão traseira";"Sem Vítimas";"Plena Noite";"Crescente";"Céu Claro";"Dupla";"Reta";"Não";5;0;0;0;2;4;0;6;-8,115282;-35,252045;"SPRF-PE";"DEL01-PE";"UOP02-DEL02PE"
157700;2018-09-06;"quinta-feira";"17:45:00";"SC";280;55,2;"GUARAMIRIM";"Falta de Atenção à Condução";"Colisão transversal";"Com Vítimas Feridas";"Anoitecer";"Crescente";"Céu Claro";"Simples";"Reta";"Sim";2;0;1;0;1;0;1;2;-26,47729567;-49,01440859;"SPRF-SC";"DEL03-SC";"UOP03-DEL03-SC"
157704;2018-09-06;"quinta-feira";"16:00:00";"MA";230;406;"BALSAS";"Não guardar distância de segurança";"Colisão lateral";"Sem Vítimas";"Pleno dia";"Decrescente";"Sol";"Simples";"Reta";"Não";4;0;0;0;1;3;0;4;-7,51972;-46,058456;"SPRF-MA";"DEL05-MA";"UOP01-DEL05-MA"
157706;2018-09-06;"quinta-feira";"17:15:00";"MG";116;781,1;"LEOPOLDINA";"Falta de Atenção à Condução";"Colisão traseira";"Com Vítimas Feridas";"Pleno dia";"Decrescente";"Céu Claro";"Simples";"Reta";"Não";4;0;2;0;2;0;2;2;-21,66508607;-42,72857666;"SPRF-MG";"DEL07-MG";"UOP01-DEL07-MG"
157712;2018-09-06;"quinta-feira";"15:40:00";"RJ";393;102,7;"SAPUCAIA";"Desobediência às normas de trânsito pelo condutor";"Colisão transversal";"Com Vítimas Fatais";"Pleno dia";"Crescente";"Sol";"Simples";"Reta";"Sim";3;2;0;0;1;0;0;2;-21,87762614;-42,67026275;"SPRF-RJ";"DEL06-RJ";"UOP01-DEL05-RJ"
157717;2018-09-06;"quinta-feira";"18:30:00";"PI";230;300,2;"FLORIANO";"Falta de Atenção à Condução";"Tombamento";"Com Vítimas Feridas";"Plena Noite";"Crescente";"Céu Claro";"Simples";"Rotatória";"Não";2;0;1;0;0;1;1;2;-6,8144339;-42,94090033;"SPRF-PI";"DEL03-PI";"UOP01-DEL03-PI"
157718;2018-09-06;"quinta-feira";"16:40:00";"AL";101;7;"NOVO LINO";"Desobediência às normas de trânsito pelo condutor";"Colisão lateral";"Com Vítimas Feridas";"Pleno dia";"Crescente";"Sol";"Dupla";"Curva";"Não";5;0;0;1;3;2;1;5;-8,93519;-35,644226;"SPRF-AL";"DEL01-AL";"UOP01-DEL01-AL"
157719;2018-09-06;"quinta-feira";"18:35:00";"ES";262;154,7;"IBATIBA";"Falta de Atenção à Condução";"Colisão lateral";"Com Vítimas Feridas";"Plena Noite";"Crescente";"Céu Claro";"Simples";"Reta";"Não";6;0;2;2;1;1;4;3;-20,2255;-41,4656;"SPRF-ES";"DEL01-ES";"UOP02-DEL01-ES"
157749;2018-09-06;"quinta-feira";"17:20:00";"MA";10;243,8;"IMPERATRIZ";"Avarias e/ou desgaste excessivo no pneu";"Queda de ocupante de veículo";"Com Vítimas Feridas";"Anoitecer";"Crescente";"Céu Claro";"Simples";"Reta";"Não";3;0;1;1;1;0;2;2;-5,594189;-47,430174;"SPRF-MA";"DEL04-MA";"UOP01-DEL04-MA"
157761;2018-09-06;"quinta-feira";"18:30:00";"MG";40;614;"CONGONHAS";"Falta de Atenção à Condução";"Colisão traseira";"Com Vítimas Feridas";"Anoitecer";"Crescente";"Céu Claro";"Simples";"Curva";"Sim";5;0;1;0;4;0;1;2;-20,5351778;-43,82122815;"SPRF-MG";"DEL05-MG";"UOP02-DEL05-MG"
157765;2018-09-06;"quinta-feira";"21:40:00";"PR";277;132,1;"BALSA NOVA";"Não guardar distância de segurança";"Engavetamento";"Com Vítimas Feridas";"Plena Noite";"Crescente";"Céu Claro";"Dupla";"Reta;Aclive";"Não";4;0;1;0;3;0;1;3;-25,46985626;-49,65935815;"SPRF-PR";"DEL01-PR";"UOP06-DEL01-PR"
157766;2018-09-06;"quinta-feira";"22:15:00";"PR";277;4,7;"PARANAGUA";"Desobediência às normas de trânsito pelo condutor";"Colisão transversal";"Com Vítimas Feridas";"Plena Noite";"Decrescente";"Nublado";"Dupla";"Rotatória";"Sim";4;0;2;0;1;2;2;4;-25,55591564;-48,56403351;"SPRF-PR";"DEL01-PR";"UOP05-DEL01-PR"
157767;2018-09-06;"quinta-feira";"22:00:00";"ES";259;36,5;"COLATINA";"Falta de Atenção à Condução";"Colisão transversal";"Com Vítimas Feridas";"Plena Noite";"Crescente";"Céu Claro";"Simples";"Reta";"Não";6;0;1;0;4;1;1;5;-19,55573609;-40,50942957;"SPRF-ES";"DEL02-ES";"UOP01-DEL02-ES"
157778;2018-09-06;"quinta-feira";"23:00:00";"MG";381;727;"CARMO DA CACHOEIRA";"Falta de Atenção à Condução";"Colisão traseira";"Com Vítimas Feridas";"Plena Noite";"Decrescente";"Céu Claro";"Dupla";"Reta";"Não";2;0;1;0;1;0;1;2;-21,4883;-45,2066;"SPRF-MG";"DEL04-MG";"UOP02-DEL04-MG"
157783;2018-09-06;"quinta-feira";"22:00:00";"RO";435;96;"COLORADO DO OESTE";"Ultrapassagem Indevida";"Colisão lateral";"Com Vítimas Feridas";"Plena Noite";"Decrescente";"Ignorado";"Simples";"Curva;Em Obras;Declive";"Não";3;0;0;1;1;1;1;3;-13,192318;-60,576015;"SPRF-RO";"DEL04-RO";"UOP02-DEL04-RO"
157789;2018-09-07;"sexta-feira";"02:50:00";"MT";163;686;"LUCAS DO RIO VERDE";"Desobediência às normas de trânsito pelo condutor";"Tombamento";"Sem Vítimas";"Plena Noite";"Decrescente";"Céu Claro";"Dupla";"Retorno Regulamentado";"Sim";2;0;0;0;1;2;0;3;-13,08011;-55,93783;"SPRF-MT";"DEL06-MT";"UOP01-DEL06-MT"
157797;2018-09-07;"sexta-feira";"06:25:00";"AC";364;121;"RIO BRANCO";"Falta de Atenção à Condução";"Colisão traseira";"Com Vítimas Feridas";"Pleno dia";"Crescente";"Céu Claro";"Simples";"Reta";"Sim";2;0;0;1;1;0;1;2;-10,01220352;-67,760227;"SPRF-AC";"DEL01-AC";"UOP01-DEL01-AC"
157798;2018-09-07;"sexta-feira";"03:20:00";"RN";304;262,8;"SANTA MARIA";"Defeito Mecânico no Veículo";"Tombamento";"Sem Vítimas";"Plena Noite";"Decrescente";"Céu Claro";"Simples";"Reta";"Não";2;0;0;0;1;1;0;2;-5,843929;-35,682846;"SPRF-RN";"DEL01-RN";"UOP02-DEL01-RN"
157822;2018-09-07;"sexta-feira";"06:40:00";"ES";262;35;"DOMINGOS MARTINS";"Não guardar distância de segurança";"Colisão traseira";"Com Vítimas Feridas";"Pleno dia";"Crescente";"Nublado";"Simples";"Curva";"Não";4;0;0;1;2;1;1;4;-20,38017332;-40,59563577;"SPRF-ES";"DEL01-ES";"UOP01-DEL01-ES"
157828;2018-09-07;"sexta-feira";"08:40:00";"BA";101;744;"ITABELA";"Velocidade Incompatível";"Tombamento";"Com Vítimas Fatais";"Pleno dia";"Decrescente";"Céu Claro";"Simples";"Curva";"Não";3;1;0;1;0;1;1;2;-16,54998714;-39,56520081;"SPRF-BA";"DEL09-BA";"UOP01-DEL09-BA"
157831;2018-09-07;"sexta-feira";"09:20:00";"BA";101;535;"ILHEUS";"Velocidade Incompatível";"Colisão transversal";"Com Vítimas Fatais";"Pleno dia";"Crescente";"Nublado";"Simples";"Reta";"Não";4;1;0;1;1;1;1;3;-15;-39;"SPRF-BA";"DEL05-BA";"UOP01-DEL05-BA"
157840;2018-09-07;"sexta-feira";"04:00:00";"MG";381;225,5;"BELO ORIENTE";"Condutor Dormindo";"Colisão frontal";"Com Vítimas Feridas";"Plena Noite";"Crescente";"Ignorado";"Simples";"Reta";"Não";3;0;1;1;1;0;2;2;-19,30474411;-42,3849535;"SPRF-MG";"DEL06-MG";"UOP01-DEL06-MG"
157844;2018-08-27;"segunda-feira";"22:55:00";"SP";116;22,3;"LAVRINHAS";"Falta de Atenção à Condução";"Tombamento";"Com Vítimas Feridas";"Plena Noite";"Crescente";"Nublado";"Múltipla";"Curva";"Não";2;0;0;1;0;1;1;2;-22,583685;-44,877731;"SPRF-SP";"DEL08-SP";"UOP02-DEL08-SP"
157846;2018-09-07;"sexta-feira";"06:25:00";"SC";282;620,1;"IRACEMINHA";"Ingestão de Álcool";"Colisão lateral";"Com Vítimas Feridas";"Pleno dia";"Decrescente";"Sol";"Simples";"Reta";"Não";7;0;0;1;5;1;1;4;-26,799355;-53,308002;"SPRF-SC";"DEL07-SC";"UOP02-DEL07-SC"
157847;2018-09-07;"sexta-feira";"09:55:00";"BA";116;458;"SANTO ESTEVAO";"Desobediência às normas de trânsito pelo condutor";"Colisão traseira";"Sem Vítimas";"Pleno dia";"Crescente";"Nublado";"Dupla";"Reta";"Não";2;0;0;0;2;0;0;2;-12,43344771;-39,21854997;"SPRF-BA";"DEL02-BA";"UOP01-DEL02-BA"
157855;2018-09-07;"sexta-feira";"05:30:00";"PI";135;543;"SAO GONCALO DO GURGUEIA";"Falta de Atenção à Condução";"Tombamento";"Sem Vítimas";"Amanhecer";"Decrescente";"Céu Claro";"Simples";"Curva";"Não";2;0;0;0;1;1;0;2;-10,055142;-45,276211;"SPRF-PI";"DEL03-PI";"UOP02-DEL03-PI"
157868;2018-09-07;"sexta-feira";"13:00:00";"SC";101;186,6;"BIGUACU";"Falta de Atenção à Condução";"Colisão lateral";"Com Vítimas Feridas";"Pleno dia";"Crescente";"Céu Claro";"Dupla";"Reta";"Sim";3;0;1;1;1;0;2;2;-27,4432;-48,6284;"SPRF-SC";"DEL01-SC";"UOP01-DEL01-SC"
157874;2018-09-07;"sexta-feira";"12:55:00";"PA";10;40;"ULIANOPOLIS";"Pista Escorregadia";"Saída de leito carroçável";"Sem Vítimas";"Pleno dia";"Decrescente";"Chuva";"Simples";"Declive";"Não";2;0;0;0;1;1;0;2;-4,10348592;-47,54590988;"SPRF-PA";"DEL02-PA";"UOP02-DEL02-PA"
157879;2018-09-07;"sexta-feira";"08:20:00";"MG";40;739,7;"SANTOS DUMONT";"Velocidade Incompatível";"Saída de leito carroçável";"Com Vítimas Feridas";"Pleno dia";"Decrescente";"Céu Claro";"Simples";"Curva";"Não";2;0;1;0;0;1;1;2;-21,4229;-43,5578;"SPRF-MG";"DEL05-MG";"UOP01-DEL05-MG"
157891;2018-09-07;"sexta-feira";"12:30:00";"BA";242;174;"RAFAEL JAMBEIRO";"Falta de Atenção à Condução";"Colisão lateral";"Com Vítimas Fatais";"Pleno dia";"Crescente";"Céu Claro";"Simples";"Reta";"Não";2;1;0;0;0;1;0;2;-12,492175;-39,813778;"SPRF-BA";"DEL06-BA";"UOP02-DEL06-BA"
157895;2018-09-07;"sexta-feira";"02:10:00";"SC";280;144;"RIO NEGRINHO";"Ingestão de Álcool";"Colisão lateral";"Com Vítimas Feridas";"Plena Noite";"Crescente";"Céu Claro";"Simples";"Curva";"Não";3;0;1;0;1;1;1;3;-26,245146;-49,645916;"SPRF-SC";"DEL06-SC";"UOP03-DEL06-SC"
157898;2018-09-07;"sexta-feira";"14:45:00";"PI";343;343,3;"TERESINA";"Ingestão de Álcool";"Colisão traseira";"Sem Vítimas";"Pleno dia";"Decrescente";"Céu Claro";"Simples";"Reta";"Sim";2;0;0;0;2;0;0;2;-5,08996102;-42,7599352;"SPRF-PI";"DEL01-PI";"UOP01-DEL01-PI"
157902;2018-09-07;"sexta-feira";"15:01:00";"GO";364;271;"MINEIROS";"Falta de Atenção à Condução";"Colisão traseira";"Com Vítimas Feridas";"Pleno dia";"Crescente";"Céu Claro";"Simples";"Reta";"Não";5;0;1;0;3;2;1;4;-17,66807;-52,321255;"SPRF-GO";"DEL05-GO";"UOP01-DEL05-GO"
157906;2018-09-07;"sexta-feira";"15:00:00";"SP";381;90;"GUARULHOS";"Defeito Mecânico no Veículo";"Tombamento";"Sem Vítimas";"Pleno dia";"Decrescente";"Céu Claro";"Dupla";"Curva";"Sim";3;0;0;0;1;2;0;3;-23,4999085;-46,5590285;"SPRF-SP";"DEL03-SP";"DEL6/3-UOP03/SP"
157914;2018-09-07;"sexta-feira";"15:30:00";"MA";10;133,7;"ESTREITO";"Velocidade Incompatível";"Tombamento";"Com Vítimas Feridas";"Pleno dia";"Crescente";"Chuva";"Simples";"Reta";"Não";3;0;1;0;2;0;1;1;-6,540191;-47,417217;"SPRF-MA";"DEL04-MA";"UOP02-DEL04-MA"
157917;2018-09-07;"sexta-feira";"03:00:00";"CE";222;165;"IRAUCUBA";"Condutor Dormindo";"Saída de leito carroçável";"Sem Vítimas";"Amanhecer";"Decrescente";"Céu Claro";"Simples";"Curva";"Não";3;0;0;0;1;2;0;2;-3,736767;-39,917271;"SPRF-CE";"DEL04-CE";"UOP03-DEL04-CE"
157920;2018-09-07;"sexta-feira";"16:40:00";"SP";116;538;"BARRA DO TURVO";"Condutor Dormindo";"Colisão lateral";"Com Vítimas Feridas";"Pleno dia";"Crescente";"Céu Claro";"Dupla";"Reta";"Não";4;0;1;0;2;7;1;10;-24,97236484;-48,35081533;"SPRF-SP";"DEL05-SP";"UOP02-DEL05-SP"
157931;2018-09-07;"sexta-feira";"14:00:00";"MT";158;710;"BARRA DO GARCAS";"Falta de Atenção à Condução";"Colisão lateral";"Com Vítimas Feridas";"Pleno dia";"Crescente";"Céu Claro";"Simples";"Reta";"Não";5;0;2;0;2;1;2;3;-15,13412541;-52,20607013;"SPRF-MT";"DEL07-MT";"UOP01-DEL07-MT"
157934;2018-09-07;"sexta-feira";"17:40:00";"RS";386;224,8;"MORMACO";"Desobediência às normas de trânsito pelo condutor";"Colisão lateral";"Com Vítimas Feridas";"Pleno dia";"Crescente";"Céu Claro";"Simples";"Reta";"Não";4;0;0;1;3;0;1;3;-28,65362;-52,613049;"SPRF-RS";"DEL04-RS";"NPF/DEL04-RS"
157943;2018-04-28;"sábado";"04:40:00";"DF";20;18;"BRASILIA";"Falta de Atenção à Condução";"Colisão traseira";"Com Vítimas Feridas";"Plena Noite";"Crescente";"Céu Claro";"Dupla";"Reta";"Não";3;0;1;0;2;0;1;3;-15,616901;-47,708927;"SPRF-DF";"DEL02-DF";"UOP01-DEL02-DF"
157947;2018-09-07;"sexta-feira";"18:40:00";"BA";418;89;"NOVA VICOSA";"Falta de Atenção à Condução";"Colisão lateral";"Com Vítimas Feridas";"Plena Noite";"Crescente";"Nublado";"Simples";"Reta";"Sim";4;0;2;0;1;2;2;4;-17,88368;-39,84957;"SPRF-BA";"DEL09-BA";"UOP02-DEL09-BA"
157954;2018-09-07;"sexta-feira";"19:10:00";"PR";277;254,6;"IRATI";"Falta de Atenção à Condução";"Colisão transversal";"Com Vítimas Feridas";"Plena Noite";"Crescente";"Céu Claro";"Simples";"Reta";"Não";4;0;1;0;2;1;1;4;-25,41823755;-50,76305062;"SPRF-PR";"DEL03-PR";"UOP02-DEL08-PR"
157963;2018-09-07;"sexta-feira";"18:30:00";"SC";101;123,7;"ITAJAI";"Falta de Atenção à Condução";"Colisão traseira";"Sem Vítimas";"Anoitecer";"Crescente";"Céu Claro";"Dupla";"Reta";"Não";3;0;0;0;3;0;0;3;-26,9434;-48,6917;"SPRF-SC";"DEL04-SC";"UOP04-DEL04-SC"
157969;2018-09-07;"sexta-feira";"18:00:00";"SC";282;402;"JOACABA";"Defeito na Via";"Colisão traseira";"Com Vítimas Feridas";"Anoitecer";"Decrescente";"Ignorado";"Simples";"Reta";"Não";2;0;1;0;1;0;1;2;-27,115656;-51,631065;"SPRF-SC";"DEL07-SC";"UOP05-DEL07-SC"
157980;2018-09-07;"sexta-feira";"20:05:00";"AL";101;187;"JUNQUEIRO";"Velocidade Incompatível";"Capotamento";"Com Vítimas Feridas";"Plena Noite";"Decrescente";"Chuva";"Simples";"Em Obras";"Não";2;0;1;0;1;0;1;1;-9,89783365;-36,45709991;"SPRF-AL";"DEL02-AL";"UOP02-DEL02-AL"
157983;2018-09-07;"sexta-feira";"19:40:00";"PI";135;296;"CRISTINO CASTRO";"Defeito na Via";"Tombamento";"Com Vítimas Feridas";"Plena Noite";"Decrescente";"Céu Claro";"Simples";"Reta";"Não";2;0;1;0;0;1;1;2;-8,692177;-44,082382;"SPRF-PI";"DEL03-PI";"UOP02-DEL03-PI"
157991;2018-09-07;"sexta-feira";"20:00:00";"MT";163;1070;"GUARANTA DO NORTE";"Sinalização da via insuficiente ou inadequada";"Colisão frontal";"Com Vítimas Fatais";"Plena Noite";"Crescente";"Céu Claro";"Simples";"Reta";"Não";3;1;1;0;0;2;1;4;-9,93275225;-54,90405679;"SPRF-MT";"DEL06-MT";"UOP02-DEL06-MT"
157998;2018-09-07;"sexta-feira";"21:10:00";"BA";101;215;"CRUZ DAS ALMAS";"Falta de Atenção à Condução";"Colisão frontal";"Com Vítimas Feridas";"Plena Noite";"Decrescente";"Chuva";"Simples";"Reta";"Sim";3;0;2;0;1;0;2;2;-12,634953;-39,094733;"SPRF-BA";"DEL01-BA";"UOP03-DEL01-BA"
157999;2018-09-07;"sexta-feira";"22:15:00";"MG";381;481;"BETIM";"Falta de Atenção à Condução";"Colisão lateral";"Com Vítimas Feridas";"Plena Noite";"Decrescente";"Céu Claro";"Dupla";"Curva";"Sim";2;0;1;0;1;0;1;2;-19,95866651;-44,05539036;"SPRF-MG";"DEL01-MG";"UOP03-DEL01-MG"
158006;2018-09-07;"sexta-feira";"22:30:00";"MG";459;92,4;"POUSO ALEGRE";"Velocidade Incompatível";"Tombamento";"Com Vítimas Feridas";"Plena Noite";"Crescente";"Céu Claro";"Simples";"Curva;Declive";"Não";2;0;1;0;0;1;1;2;-22,173647;-46,001644;"SPRF-MG";"DEL09-MG";"UOP01-DEL09-MG"
158022;2018-09-08;"sábado";"03:30:00";"ES";101;269,6;"SERRA";"Ingestão de Álcool";"Colisão transversal";"Com Vítimas Feridas";"Plena Noite";"Crescente";"Nublado";"Dupla";"Interseção de Vias";"Sim";4;0;3;0;1;0;3;2;-20,22321587;-40,27042061;"SPRF-ES";"DEL02-ES";"UOP01-DEL02-ES"
158024;2018-09-08;"sábado";"03:00:00";"SC";101;83,5;"BARRA VELHA";"Desobediência às normas de trânsito pelo condutor";"Colisão lateral";"Com Vítimas Feridas";"Plena Noite";"Crescente";"Céu Claro";"Dupla";"Curva;Aclive";"Sim";3;0;0;1;1;1;1;3;-26,62281167;-48,71556574;"SPRF-SC";"DEL03-SC";"UOP02-DEL03-SC"
158031;2018-09-08;"sábado";"05:30:00";"GO";60;34;"GOIANIA";"Defeito Mecânico no Veículo";"Colisão lateral";"Sem Vítimas";"Amanhecer";"Decrescente";"Céu Claro";"Dupla";"Reta";"Não";2;0;0;0;2;0;0;2;-16,71824779;-49,35622931;"SPRF-GO";"DEL01-GO";"UOP02-DEL01-GO"
158040;2018-09-08;"sábado";"04:15:00";"PR";476;345,3;"PAULA FREITAS";"Desobediência às normas de trânsito pelo condutor";"Colisão lateral";"Com Vítimas Feridas";"Plena Noite";"Decrescente";"Céu Claro";"Simples";"Curva";"Não";4;0;1;0;3;0;1;2;-26,179943;-50,934467;"SPRF-PR";"DEL02-PR";"UOP03-DEL02-PR"
158041;2018-09-08;"sábado";"04:30:00";"GO";153;43,7;"PORANGATU";"Falta de Atenção à Condução";"Saída de leito carroçável";"Sem Vítimas";"Amanhecer";"Crescente";"Céu Claro";"Simples";"Reta";"Não";3;0;0;0;2;1;0;2;-13,192286;-49,161922;"SPRF-GO";"DEL07-GO";"UOP01-DEL07-GO"
158049;2018-09-08;"sábado";"06:30:00";"BA";101;63;"ENTRE RIOS";"Ultrapassagem Indevida";"Colisão lateral";"Com Vítimas Feridas";"Pleno dia";"Decrescente";"Garoa/Chuvisco";"Simples";"Aclive;Reta";"Não";3;0;1;0;1;1;1;3;-11,9546929;-38,08273315;"SPRF-BA";"DEL01-BA";"UOP04-DEL01-BA"
158050;2018-09-07;"sexta-feira";"21:45:00";"MG";381;697;"LAVRAS";"Defeito Mecânico no Veículo";"Saída de leito carroçável";"Sem Vítimas";"Plena Noite";"Decrescente";"Nublado";"Dupla";"Declive;Curva";"Não";1;0;0;0;1;0;0;1;-21,25697153;-45,13934428;"SPRF-MG";"DEL04-MG";"UOP02-DEL04-MG"
158054;2018-09-08;"sábado";"07:10:00";"TO";153;465;"BARROLANDIA";"Falta de Atenção à Condução";"Colisão traseira";"Com Vítimas Feridas";"Pleno dia";"Decrescente";"Céu Claro";"Simples";"Reta";"Não";6;0;2;0;3;1;2;3;-9,958013;-48,744057;"SPRF-TO";"DEL02-TO";"UOP01-DEL01-TO"
158059;2018-09-08;"sábado";"04:30:00";"MG";251;363,1;"PADRE CARVALHO";"Falta de Atenção à Condução";"Saída de leito carroçável";"Com Vítimas Feridas";"Amanhecer";"Crescente";"Céu Claro";"Simples";"Reta";"Não";2;0;1;0;0;2;1;3;-16,2594;-42,6179;"SPRF-MG";"DEL12-MG";"UOP01-DEL12-MG"
158061;2018-09-08;"sábado";"08:40:00";"PR";163;215,3;"CASCAVEL";"Velocidade Incompatível";"Tombamento";"Com Vítimas Feridas";"Pleno dia";"Crescente";"Céu Claro";"Simples";"Rotatória";"Não";3;0;2;0;0;1;2;2;-24,89683047;-53,53287935;"SPRF-PR";"DEL04-PR";"UOP01-DEL04-PR"
158063;2018-08-08;"quarta-feira";"07:00:00";"RJ";116;257;"VOLTA REDONDA";"Falta de Atenção à Condução";"Colisão traseira";"Com Vítimas Fatais";"Pleno dia";"Crescente";"Nublado";"Dupla";"Reta";"Sim";4;1;0;1;2;0;1;2;-22,592658;-44,07204;"SPRF-RJ";"DEL07-RJ";"UOP02-DEL07-RJ"
158074;2018-09-07;"sexta-feira";"18:00:00";"MG";267;262,8;"AIURUOCA";"Velocidade Incompatível";"Saída de leito carroçável";"Com Vítimas Feridas";"Anoitecer";"Decrescente";"Ignorado";"Simples";"Curva;Declive";"Não";1;0;1;0;0;0;1;1;-21,93616948;-44,57453728;"SPRF-MG";"DEL05-MG";"DEL5/4-UOP01/MG"
158078;2018-09-08;"sábado";"10:40:00";"PE";101;105;"CABO DE SANTO AGOSTINHO";"Carga excessiva e/ou mal acondicionada";"Tombamento";"Com Vítimas Feridas";"Pleno dia";"Decrescente";"Céu Claro";"Dupla";"Curva";"Não";2;0;0;1;0;1;1;2;-8,304225;-35,071156;"SPRF-PE";"DEL01-PE";"UOP03-DEL01-PE"