"id";"data_inversa";"dia_semana";"horario";"uf";"br";"km";"municipio";"causa_acidente";"tipo_acidente";"classificacao_acidente";"fase_dia";"sentido_via";"condicao_metereologica";"tipo_pista";"tracado_via";"uso_solo";"pessoas";"mortos";"feridos_leves";"feridos_graves";"ilesos";"ignorados";"feridos";"veiculos";"latitude";"longitude";"regional";"delegacia";"uop"
158619;2018-09-10;"segunda-feira";"16:03:00";"CE";304;53,1;"ARACATI";"Desobediência às normas de trânsito pelo condutor";"Colisão transversal";"Sem Vítimas";"Pleno dia";"Decrescente";"Céu Claro";"Simples";"Interseção de Vias";"Não";2;0;0;0;2;0;0;2;-4,57402933;-37,73769379;"SPRF-CE";"DEL03-CE";"UOP03-DEL03-CE"
158626;2018-09-10;"segunda-feira";"16:40:00";"SC";282;25,8;"SANTO AMARO DA IMPERATRIZ";"Falta de Atenção à Condução";"Colisão lateral";"Com Vítimas Feridas";"Pleno dia";"Crescente";"Céu Claro";"Simples";"Reta";"Sim";4;0;1;0;3;0;1;3;-27,6912182;-48,76555223;"SPRF-SC";"DEL01-SC";"UOP03-DEL01-SC"
158631;2018-09-10;"segunda-feira";"16:30:00";"PE";101;68,1;"RECIFE";"Não guardar distância de segurança";"Colisão lateral";"Sem Vítimas";"Pleno dia";"Decrescente";"Céu Claro";"Dupla";"Rotatória";"Sim";3;0;0;0;2;2;0;4;-8,05178;-34,945817;"SPRF-PE";"DEL01-PE";"UOP01-DEL01-PE"
158634;2018-09-10;"segunda-feira";"07:00:00";"MA";222;378;"SANTA INES";"Defeito na Via";"Tombamento";"Com Vítimas Feridas";"Pleno dia";"Decrescente";"Céu Claro";"Simples";"Aclive";"Sim";2;0;1;0;0;1;1;2;-3,7971137;-45,47206879;"SPRF-MA";"DEL02-MA";"UI04-DEL02-MA"
158635;2018-08-10;"sexta-feira";"05:40:00";"PR";116;109;"SAO JOSE DOS PINHAIS";"Animais na Pista";"Atropelamento de Animal";"Com Vítimas Feridas";"Plena Noite";"Crescente";"Nublado";"Dupla";"Reta";"Não";2;0;1;0;1;0;1;2;-25,56183212;-49,26475232;"SPRF-PR";"DEL01-PR";"UOP01-DEL01-PR"
158637;2018-09-10;"segunda-feira";"13:15:00";"MA";316;617,2;"TIMON";"Falta de Atenção do Pedestre";"Atropelamento de Pedestre";"Com Vítimas Fatais";"Pleno dia";"Crescente";"Céu Claro";"Simples";"Reta";"Sim";2;1;0;0;0;1;0;2;-5,10432355;-42,82891718;"SPRF-MA";"DEL03-MA";"UOP02-DEL03-MA"
158640;2018-09-10;"segunda-feira";"16:30:00";"MG";381;479;"CONTAGEM";"Falta de Atenção à Condução";"Colisão lateral";"Com Vítimas Feridas";"Pleno dia";"Crescente";"Sol";"Dupla";"Curva";"Sim";2;0;1;0;1;0;1;2;-19,961;-44,0517;"SPRF-MG";"DEL01-MG";"UOP03-DEL01-MG"
158643;2018-09-10;"segunda-feira";"17:20:00";"MG";262;758,1;"SACRAMENTO";"Ultrapassagem Indevida";"Colisão frontal";"Com Vítimas Feridas";"Pleno dia";"Decrescente";"Céu Claro";"Simples";"Reta";"Não";4;0;0;1;1;3;1;5;-19,644333;-47,517403;"SPRF-MG";"DEL13-MG";"UOP01-DEL13-MG"
158649;2018-09-10;"segunda-feira";"11:40:00";"PR";163;5,2;"BARRACAO";"Falta de Atenção à Condução";"Colisão frontal";"Com Vítimas Fatais";"Pleno dia";"Decrescente";"Céu Claro";"Simples";"Curva";"Não";3;1;0;0;1;1;0;3;-26,264635;-53,59801;"SPRF-PR";"DEL02-PR";"UOP02-DEL02-PR"
158651;2018-09-10;"segunda-feira";"15:10:00";"BA";116;674;"JEQUIE";"Desobediência às normas de trânsito pelo condutor";"Colisão transversal";"Com Vítimas Feridas";"Pleno dia";"Decrescente";"Céu Claro";"Simples";"Interseção de Vias";"Sim";2;0;2;0;0;0;2;2;-13,871046;-40,112907;"SPRF-BA";"DEL03-BA";"UOP01-DEL03-BA"
158656;2018-09-10;"segunda-feira";"18:50:00";"CE";20;412;"MARACANAU";"Pista Escorregadia";"Tombamento";"Com Vítimas Fatais";"Plena Noite";"Decrescente";"Céu Claro";"Simples";"Reta";"Sim";3;1;0;0;1;1;0;3;-3,8193396;-38,6316563;"SPRF-CE";"DEL01-CE";"UOP01-DEL01-CE"
158666;2018-08-22;"quarta-feira";"09:00:00";"RS";392;243,7;"CACAPAVA DO SUL";"Fenômenos da Natureza";"Colisão lateral";"Com Vítimas Fatais";"Pleno dia";"Crescente";"Chuva";"Simples";"Reta";"Não";4;1;0;0;2;5;0;8;-30,4958464;-53,4824515;"SPRF-RS";"DEL09-RS";"UOP02-DEL09-RS"
158667;2018-09-10;"segunda-feira";"18:10:00";"BA";324;619;"SALVADOR";"Falta de Atenção à Condução";"Colisão lateral";"Com Vítimas Feridas";"Anoitecer";"Crescente";"Nublado";"Múltipla";"Reta";"Sim";2;0;1;0;1;0;1;2;-12,9091423;-38,4601837;"SPRF-BA";"DEL01-BA";"UOP01-DEL01-BA"
158673;2018-09-10;"segunda-feira";"18:45:00";"RJ";116;310,5;"RESENDE";"Falta de Atenção à Condução";"Queda de ocupante de veículo";"Com Vítimas Fatais";"Plena Noite";"Crescente";"Nublado";"Dupla";"Reta";"Não";3;1;0;0;1;1;0;3;-22,459236;-44,434776;"SPRF-RJ";"DEL07-RJ";"DEL5/7-UOP03/RJ"
158688;2018-09-10;"segunda-feira";"19:45:00";"SC";470;187;"POUSO REDONDO";"Falta de Atenção do Pedestre";"Atropelamento de Pedestre";"Com Vítimas Feridas";"Plena Noite";"Decrescente";"Céu Claro";"Simples";"Reta";"Não";3;0;1;0;1;1;1;2;-27,261072;-50,053226;"SPRF-SC";"DEL04-SC";"UOP02-DEL04-SC"
158689;2018-09-10;"segunda-feira";"18:30:00";"MS";163;596;"SAO GABRIEL DO OESTE";"Defeito Mecânico no Veículo";"Incêndio";"Sem Vítimas";"Anoitecer";"Decrescente";"Céu Claro";"Dupla";"Reta";"Não";2;0;0;0;1;2;0;3;-19;-54,454465;"SPRF-MS";"DEL06-MS";"UOP02-DEL06-MS"
158691;2018-09-10;"segunda-feira";"20:35:00";"RS";290;70,8;"GRAVATAI";"Falta de Atenção do Pedestre";"Atropelamento de Pedestre";"Com Vítimas Fatais";"Plena Noite";"Decrescente";"Nublado";"Múltipla";"Reta";"Não";3;1;0;0;0;2;0;2;-29,951347;-50,965858;"SPRF-RS";"DEL03-RS";"UOP02-DEL03-RS"
158694;2018-09-10;"segunda-feira";"21:50:00";"BA";116;309,4;"ARACI";"Falta de Atenção à Condução";"Colisão frontal";"Com Vítimas Fatais";"Plena Noite";"Crescente";"Céu Claro";"Simples";"Reta";"Não";2;1;0;0;1;0;0;2;-11,24542969;-38,90470684;"SPRF-BA";"DEL02-BA";"DEL10/2-UOP02/BA"
158696;2018-09-10;"segunda-feira";"16:00:00";"PR";369;177,5;"ROLANDIA";"Defeito Mecânico no Veículo";"Tombamento";"Sem Vítimas";"Pleno dia";"Decrescente";"Sol";"Dupla";"Reta";"Não";1;0;0;0;1;0;0;1;-23,35359019;-51,39060006;"SPRF-PR";"DEL07-PR";"UOP01-DEL07-PR"
158702;2018-09-10;"segunda-feira";"22:25:00";"PR";116;24;"CAMPINA GRANDE DO SUL";"Mal Súbito";"Saída de leito carroçável";"Sem Vítimas";"Plena Noite";"Crescente";"Nublado";"Dupla";"Reta";"Não";2;0;0;0;1;1;0;2;-25,10285479;-48,72210413;"SPRF-PR";"DEL01-PR";"UOP02-DEL01-PR"
158705;2018-09-10;"segunda-feira";"20:30:00";"MT";158;653,4;"NOVA XAVANTINA";"Falta de Atenção à Condução";"Colisão lateral";"Com Vítimas Fatais";"Plena Noite";"Decrescente";"Céu Claro";"Dupla";"Reta";"Sim";3;1;0;0;1;2;0;4;-14,67796694;-52,3586458;"SPRF-MT";"DEL07-MT";"UOP01-DEL07-MT"
158706;2018-09-10;"segunda-feira";"20:00:00";"PI";316;36,9;"DEMERVAL LOBAO";"Ultrapassagem Indevida";"Colisão lateral";"Com Vítimas Fatais";"Plena Noite";"Decrescente";"Céu Claro";"Simples";"Curva";"Não";4;1;0;1;1;1;1;3;-5,34218;-42,686275;"SPRF-PI";"DEL01-PI";"UOP02-DEL01-PI"
158707;2018-09-10;"segunda-feira";"22:30:00";"MG";40;247,5;"SAO GONCALO DO ABAETE";"Defeito Mecânico no Veículo";"Saída de leito carroçável";"Sem Vítimas";"Plena Noite";"Crescente";"Ignorado";"Simples";"Reta";"Não";2;0;0;0;1;2;0;3;-18,108896;-45,465736;"SPRF-MG";"DEL14-MG";"UOP02-DEL14-MG"
158720;2018-09-11;"terça-feira";"02:30:00";"MG";267;128,5;"JUIZ DE FORA";"Ingestão de Álcool";"Colisão lateral";"Com Vítimas Feridas";"Plena Noite";"Decrescente";"Céu Claro";"Simples";"Curva";"Não";3;0;2;0;1;0;2;2;-21,71038684;-43,52113724;"SPRF-MG";"DEL05-MG";"UOP01-DEL05-MG"
158721;2018-09-11;"terça-feira";"02:40:00";"SP";116;42;"CACHOEIRA PAULISTA";"Velocidade Incompatível";"Colisão traseira";"Com Vítimas Feridas";"Plena Noite";"Decrescente";"Céu Claro";"Dupla";"Reta";"Não";2;0;1;0;0;1;1;2;-22,691826;-45,022411;"SPRF-SP";"DEL08-SP";"UOP02-DEL08-SP"
158723;2018-09-11;"terça-feira";"03:30:00";"SP";116;116,9;"TAUBATE";"Condutor Dormindo";"Colisão traseira";"Com Vítimas Feridas";"Plena Noite";"Crescente";"Céu Claro";"Dupla";"Reta";"Sim";3;0;1;0;2;0;1;2;-23,053757;-45,608791;"SPRF-SP";"DEL06-SP";"UOP02-DEL02-SP"
158724;2018-09-11;"terça-feira";"03:10:00";"PR";116;84;"PIRAQUARA";"Agressão Externa";"Incêndio";"Sem Vítimas";"Plena Noite";"Decrescente";"Céu Claro";"Dupla";"Reta";"Não";2;0;0;0;1;1;0;2;-25,426054;-49,077427;"SPRF-PR";"DEL01-PR";"UOP01-DEL01-PR"
158725;2018-09-11;"terça-feira";"05:30:00";"PA";316;61,4;"CASTANHAL";"Falta de Atenção à Condução";"Colisão com objeto em movimento";"Com Vítimas Feridas";"Amanhecer";"Crescente";"Céu Claro";"Dupla";"Interseção de Vias";"Sim";2;0;0;1;0;1;1;2;-1,29755252;-47,93637598;"SPRF-PA";"DEL01-PA";"UOP01-DEL01-PA"
158726;2018-09-11;"terça-feira";"03:00:00";"PR";116;84,7;"PIRAQUARA";"Agressão Externa";"Incêndio";"Sem Vítimas";"Plena Noite";"Decrescente";"Nublado";"Dupla";"Viaduto";"Não";2;0;0;0;1;1;0;2;-25,426054;-49,077427;"SPRF-PR";"DEL01-PR";"UOP01-DEL01-PR"
158727;2018-09-11;"terça-feira";"03:00:00";"PR";116;84;"PIRAQUARA";"Agressão Externa";"Incêndio";"Com Vítimas Feridas";"Plena Noite";"Decrescente";"Céu Claro";"Dupla";"Reta";"Não";1;0;0;1;0;0;1;1;-25,426054;-49,077427;"SPRF-PR";"DEL01-PR";"UOP01-DEL01-PR"
158733;2018-09-11;"terça-feira";"05:30:00";"SP";116;312;"SAO LOURENCO DA SERRA";"Condutor Dormindo";"Colisão com objeto estático";"Sem Vítimas";"Amanhecer";"Decrescente";"Céu Claro";"Dupla";"Reta";"Não";2;0;0;0;1;1;0;2;-23,88209515;-46,97246432;"SPRF-SP";"DEL04-SP";"UOP01-DEL04-SP"
158740;2018-09-11;"terça-feira";"07:00:00";"CE";20;426,8;"FORTALEZA";"Não guardar distância de segurança";"Colisão transversal";"Com Vítimas Feridas";"Pleno dia";"Crescente";"Nublado";"Dupla";"Retorno Regulamentado";"Sim";4;0;1;0;2;1;1;3;-3,87007781;-38,50622177;"SPRF-CE";"DEL01-CE";"UOP02-DEL01-CE"
158741;2018-09-11;"terça-feira";"06:10:00";"MT";163;717;"SORRISO";"Ultrapassagem Indevida";"Colisão lateral";"Com Vítimas Feridas";"Amanhecer";"Decrescente";"Céu Claro";"Simples";"Curva";"Não";8;0;2;0;5;5;2;8;-12,83305865;-55,82393646;"SPRF-MT";"DEL06-MT";"UOP01-DEL06-MT"
158742;2018-09-11;"terça-feira";"05:50:00";"BA";135;123;"RIACHAO DAS NEVES";"Falta de Atenção à Condução";"Colisão traseira";"Sem Vítimas";"Pleno dia";"Crescente";"Sol";"Simples";"Reta";"Não";4;0;0;0;3;6;0;9;-11,74878563;-44,90180433;"SPRF-BA";"DEL10-BA";"UOP01-DEL10-BA"
158746;2018-09-11;"terça-feira";"07:45:00";"PR";116;101;"SAO JOSE DOS PINHAIS";"Falta de Atenção à Condução";"Colisão lateral";"Com Vítimas Feridas";"Pleno dia";"Decrescente";"Nublado";"Dupla";"Reta";"Sim";4;0;2;0;1;1;2;3;-25,56603963;-49,16523088;"SPRF-PR";"DEL01-PR";"UOP01-DEL01-PR"
158752;2018-09-11;"terça-feira";"08:05:00";"SP";116;558,7;"BARRA DO TURVO";"Condutor Dormindo";"Colisão traseira";"Com Vítimas Feridas";"Pleno dia";"Decrescente";"Céu Claro";"Dupla";"Reta";"Não";4;0;1;0;2;1;1;3;-25,001;-48,508;"SPRF-SP";"DEL05-SP";"UOP02-DEL05-SP"
158762;2018-09-11;"terça-feira";"08:30:00";"MG";381;327,9;"NOVA ERA";"Avarias e/ou desgaste excessivo no pneu";"Tombamento";"Com Vítimas Feridas";"Pleno dia";"Crescente";"Nublado";"Simples";"Curva";"Não";2;0;1;0;0;1;1;2;-19,76466401;-43,02439213;"SPRF-MG";"DEL03-MG";"UOP01-DEL03-MG"
158763;2018-08-03;"sexta-feira";"17:45:00";"MA";135;18,7;"SAO LUIS";"Falta de Atenção à Condução";"Colisão lateral";"Com Vítimas Feridas";"Anoitecer";"Decrescente";"Nublado";"Simples";"Declive;Reta";"Sim";5;0;2;0;3;0;2;3;-2,5623311;-44,34023559;"SPRF-MA";"DEL01-MA";"UOP01-DEL01-MA"
158765;2018-09-03;"segunda-feira";"19:40:00";"SC";480;124;"CHAPECO";"Falta de Atenção à Condução";"Colisão traseira";"Com Vítimas Feridas";"Plena Noite";"Crescente";"Chuva";"Dupla";"Declive";"Sim";3;0;0;1;1;1;1;3;-27,00346698;-52,64476776;"SPRF-SC";"DEL07-SC";"UOP01-DEL07-SC"
158766;2018-09-11;"terça-feira";"09:30:00";"BA";324;475;"TANQUINHO";"Falta de Atenção à Condução";"Colisão lateral";"Com Vítimas Feridas";"Pleno dia";"Decrescente";"Céu Claro";"Simples";"Reta";"Sim";3;0;1;0;2;0;1;3;-11,97778344;-39,10935938;"SPRF-BA";"DEL02-BA";"UOP01-DEL02-BA"
158772;2018-09-09;"domingo";"19:10:00";"PE";407;127,2;"PETROLINA";"Ingestão de Substâncias Psicoativas";"Colisão lateral";"Sem Vítimas";"Plena Noite";"Crescente";"Céu Claro";"Simples";"Reta";"Sim";4;0;0;0;2;2;0;4;-9,39191;-40,51735;"SPRF-PE";"DEL06-PE";"UOP01-DEL06-PE"
158773;2018-09-04;"terça-feira";"16:50:00";"GO";153;631,6;"MORRINHOS";"Falta de Atenção à Condução";"Colisão traseira";"Com Vítimas Fatais";"Pleno dia";"Crescente";"Céu Claro";"Dupla";"Aclive";"Não";3;1;0;0;1;1;0;3;-17,79713467;-49,20395494;"SPRF-GO";"DEL03-GO";"UOP01-DEL03-GO"
158775;2018-09-11;"terça-feira";"09:55:00";"PR";476;138;"CURITIBA";"Falta de Atenção à Condução";"Colisão lateral";"Com Vítimas Feridas";"Pleno dia";"Decrescente";"Nublado";"Múltipla";"Reta";"Sim";3;0;1;0;1;1;1;3;-25,50402403;-49,28226471;"SPRF-PR";"DEL01-PR";"UOP07-DEL01-PR"
158777;2018-08-14;"terça-feira";"16:10:00";"MG";262;539,3;"LUZ";"Velocidade Incompatível";"Tombamento";"Com Vítimas Fatais";"Pleno dia";"Crescente";"Sol";"Simples";"Curva;Aclive";"Não";20;1;1;1;15;3;2;6;-19,7466907;-45,82397461;"SPRF-MG";"DEL08-MG";"UOP02-DEL08-MG"
158783;2018-09-11;"terça-feira";"12:35:00";"RN";101;106,8;"PARNAMIRIM";"Falta de Atenção do Pedestre";"Atropelamento de Pedestre";"Com Vítimas Fatais";"Pleno dia";"Crescente";"Nublado";"Dupla";"Reta";"Sim";3;1;0;0;1;1;0;3;-5,91681552;-35,26318431;"SPRF-RN";"DEL01-RN";"UOP01-DEL01-RN"
158786;2018-09-11;"terça-feira";"05:00:00";"MA";230;78,9;"SUCUPIRA DO RIACHAO";"Falta de Atenção à Condução";"Saída de leito carroçável";"Com Vítimas Feridas";"Plena Noite";"Crescente";"Ignorado";"Simples";"Curva";"Não";2;0;1;0;0;1;1;2;-6,47906729;-43,58551025;"SPRF-PI";"DEL03-PI";"UOP01-DEL03-PI"
158789;2018-09-11;"terça-feira";"11:20:00";"PR";277;523;"GUARANIACU";"Defeito Mecânico no Veículo";"Colisão frontal";"Com Vítimas Feridas";"Pleno dia";"Crescente";"Céu Claro";"Simples";"Curva";"Não";6;0;1;0;4;1;1;4;-25,09912399;-52,90424734;"SPRF-PR";"DEL04-PR";"UOP04-DEL04-PR"
158808;2018-09-11;"terça-feira";"14:25:00";"GO";153;591,2;"MORRINHOS";"Defeito Mecânico no Veículo";"Incêndio";"Sem Vítimas";"Pleno dia";"Crescente";"Céu Claro";"Dupla";"Reta";"Não";1;0;0;0;1;0;0;1;-17,5178;-49,2162;"SPRF-GO";"DEL03-GO";"UOP01-DEL03-GO"
158814;2018-09-11;"terça-feira";"14:15:00";"MG";381;498,8;"BETIM";"Falta de Atenção à Condução";"Colisão lateral";"Com Vítimas Feridas";"Pleno dia";"Crescente";"Sol";"Dupla";"Reta";"Sim";5;0;1;1;2;1;2;4;-19,99089783;-44,2066766;"SPRF-MG";"DEL01-MG";"UOP03-DEL01-MG"
158815;2018-09-11;"terça-feira";"13:10:00";"MG";116;85;"MEDINA";"Falta de Atenção à Condução";"Colisão lateral";"Com Vítimas Feridas";"Pleno dia";"Crescente";"Céu Claro";"Simples";"Reta";"Não";3;0;0;1;1;1;1;3;-16,31387906;-41,47407532;"SPRF-MG";"DEL11-MG";"UOP02-DEL11-MG"
158817;2018-09-11;"terça-feira";"15:00:00";"SP";381;34,8;"ATIBAIA";"Velocidade Incompatível";"Colisão com objeto estático";"Com Vítimas Feridas";"Pleno dia";"Crescente";"Céu Claro";"Dupla";"Reta";"Não";14;0;7;1;3;4;8;7;-23,087023;-46,5712492;"SPRF-SP";"DEL03-SP";"UOP02-DEL03-SP"
158819;2018-09-11;"terça-feira";"15:35:00";"MG";381;725,2;"CARMO DA CACHOEIRA";"Falta de Atenção à Condução";"Colisão traseira";"Com Vítimas Feridas";"Pleno dia";"Crescente";"Sol";"Dupla";"Reta";"Não";3;0;0;1;1;1;1;3;-21,47192552;-45,2042741;"SPRF-MG";"DEL04-MG";"UOP02-DEL04-MG"
158825;2018-09-11;"terça-feira";"16:10:00";"PR";376;282,7;"MARILANDIA DO SUL";"Desobediência às normas de trânsito pelo condutor";"Tombamento";"Com Vítimas Feridas";"Pleno dia";"Decrescente";"Céu Claro";"Simples";"Curva";"Não";2;0;1;0;0;2;1;3;-23,84476671;-51,25669241;"SPRF-PR";"DEL07-PR";"UOP02-DEL07-PR"
158828;2018-09-11;"terça-feira";"11:45:00";"SC";280;6;"SAO FRANCISCO DO SUL";"Falta de Atenção à Condução";"Colisão transversal";"Com Vítimas Feridas";"Pleno dia";"Decrescente";"Céu Claro";"Simples";"Reta";"Não";2;0;1;0;1;0;1;2;-26,265701;-48,633633;"SPRF-SC";"DEL03-SC";"UOP03-DEL03-SC"
158832;2018-09-11;"terça-feira";"16:58:00";"RJ";40;105;"DUQUE DE CAXIAS";"Falta de Atenção à Condução";"Colisão lateral";"Sem Vítimas";"Pleno dia";"Decrescente";"Céu Claro";"Múltipla";"Reta";"Sim";2;0;0;0;2;0;0;2;-22,64502659;-43,28304291;"SPRF-RJ";"DEL01-RJ";"UOP01-DEL01-RJ"
158834;2018-09-11;"terça-feira";"17:10:00";"PE";101;91;"CABO DE SANTO AGOSTINHO";"Falta de Atenção à Condução";"Colisão traseira";"Com Vítimas Feridas";"Pleno dia";"Decrescente";"Nublado";"Simples";"Reta";"Não";4;0;1;0;1;2;1;4;-8,2308;-34,9969;"SPRF-PE";"DEL01-PE";"UOP03-DEL01-PE"
158836;2018-09-11;"terça-feira";"17:20:00";"MA";135;17;"SAO LUIS";"Não guardar distância de segurança";"Engavetamento";"Com Vítimas Feridas";"Pleno dia";"Decrescente";"Céu Claro";"Dupla";"Reta";"Não";5;0;1;0;4;0;1;5;-2,70892253;-44,31459904;"SPRF-MA";"DEL01-MA";"UOP01-DEL01-MA"
158837;2018-09-11;"terça-feira";"17:10:00";"GO";452;47,7;"RIO VERDE";"Falta de Atenção à Condução";"Colisão transversal";"Com Vítimas Feridas";"Pleno dia";"Crescente";"Céu Claro";"Simples";"Interseção de Vias";"Não";3;0;0;1;1;1;1;3;-17,956402;-50,503559;"SPRF-GO";"DEL04-GO";"UOP01-DEL04-GO"
158846;2018-09-11;"terça-feira";"13:35:00";"MG";40;621,5;"CONSELHEIRO LAFAIETE";"Velocidade Incompatível";"Colisão traseira";"Com Vítimas Feridas";"Pleno dia";"Crescente";"Sol";"Simples";"Declive";"Sim";3;0;1;0;2;0;1;2;-20,59378632;-43,80420953;"SPRF-MG";"DEL05-MG";"UOP02-DEL05-MG"
158849;2018-09-11;"terça-feira";"18:00:00";"SC";282;1;"FLORIANOPOLIS";"Falta de Atenção à Condução";"Colisão lateral";"Com Vítimas Feridas";"Plena Noite";"Decrescente";"Garoa/Chuvisco";"Dupla";"Reta";"Sim";4;0;1;0;2;1;1;3;-27,602955;-48,580509;"SPRF-SC";"DEL01-SC";"UOP01-DEL01-SC"
158851;2018-09-11;"terça-feira";"06:30:00";"MT";364;200;"RONDONOPOLIS";"Não guardar distância de segurança";"Colisão traseira";"Sem Vítimas";"Pleno dia";"Crescente";"Céu Claro";"Simples";"Rotatória";"Sim";3;0;0;0;2;1;0;3;-16,49014347;-54,64626431;"SPRF-MT";"DEL02-MT";"UOP01-DEL02-MT"
158854;2018-09-11;"terça-feira";"18:55:00";"RS";392;62,1;"PELOTAS";"Desobediência às normas de trânsito pelo condutor";"Colisão transversal";"Com Vítimas Feridas";"Plena Noite";"Crescente";"Céu Claro";"Simples";"Rotatória";"Sim";4;0;2;0;1;1;2;3;-31,77948;-52,359173;"SPRF-RS";"DEL07-RS";"UOP01-DEL07-RS"
158855;2018-09-11;"terça-feira";"18:25:00";"PA";308;9;"MARITUBA";"Desobediência às normas de trânsito pelo condutor";"Colisão transversal";"Sem Vítimas";"Anoitecer";"Crescente";"Céu Claro";"Dupla";"Reta";"Sim";2;0;0;0;2;0;0;2;-1,366236;-48,367805;"SPRF-PA";"DEL01-PA";"DEL19/1-UOP05/PA"
158860;2018-08-14;"terça-feira";"16:00:00";"BA";407;13,9;"JUAZEIRO";"Ultrapassagem Indevida";"Colisão lateral";"Com Vítimas Feridas";"Pleno dia";"Crescente";"Céu Claro";"Simples";"Reta";"Não";7;0;1;1;5;0;2;3;-9,51265;-40,459579;"SPRF-BA";"DEL04-BA";"UOP01-DEL04-BA"
158862;2018-09-11;"terça-feira";"18:45:00";"MG";381;817,7;"CAREACU";"Condutor Dormindo";"Colisão traseira";"Com Vítimas Feridas";"Plena Noite";"Decrescente";"Céu Claro";"Dupla";"Aclive;Reta";"Não";3;0;0;1;1;2;1;4;-22,05068396;-45,6938016;"SPRF-MG";"DEL16-MG";"UOP02-DEL16-MG"
158870;2018-09-11;"terça-feira";"18:40:00";"PR";376;597;"CURITIBA";"Desobediência às normas de trânsito pelo condutor";"Colisão lateral";"Com Vítimas Feridas";"Plena Noite";"Crescente";"Céu Claro";"Dupla";"Reta";"Sim";3;0;1;0;1;1;1;3;-25,514746;-49,3365456;"SPRF-PR";"DEL01-PR";"UOP06-DEL01-PR"
158873;2018-09-11;"terça-feira";"19:00:00";"PR";158;524,1;"PATO BRANCO";"Falta de Atenção à Condução";"Colisão lateral";"Com Vítimas Feridas";"Plena Noite";"Decrescente";"Céu Claro";"Simples";"Curva";"Sim";2;0;1;0;0;1;1;2;-26,23953721;-52,6943779;"SPRF-PR";"DEL02-PR";"UOP01-DEL02-PR"
158875;2018-09-11;"terça-feira";"17:45:00";"MG";251;350;"PADRE CARVALHO";"Velocidade Incompatível";"Saída de leito carroçável";"Com Vítimas Feridas";"Anoitecer";"Crescente";"Céu Claro";"Simples";"Curva;Declive";"Não";2;0;0;1;0;2;1;3;-16,2679;-42,5267;"SPRF-MG";"DEL12-MG";"UOP01-DEL12-MG"
158876;2018-09-11;"terça-feira";"14:10:00";"CE";222;302,2;"TIANGUA";"Não guardar distância de segurança";"Colisão com objeto estático";"Com Vítimas Fatais";"Pleno dia";"Decrescente";"Sol";"Simples";"Curva;Declive";"Não";1;1;0;0;0;0;0;1;-3,660814;-40,947792;"SPRF-CE";"DEL04-CE";"UOP02-DEL04-CE"
158886;2018-09-11;"terça-feira";"17:00:00";"AM";174;895;"MANAUS";"Desobediência às normas de trânsito pelo condutor";"Colisão frontal";"Sem Vítimas";"Pleno dia";"Crescente";"Céu Claro";"Simples";"Reta";"Não";4;0;0;0;3;1;0;4;-2,94492669;-60,03358841;"SPRF-AM";"DEL01-AM";"UOP01-DEL01-AM"
158893;2018-09-11;"terça-feira";"20:25:00";"RS";158;198,9;"CRUZ ALTA";"Desobediência às normas de trânsito pelo condutor";"Colisão transversal";"Com Vítimas Feridas";"Plena Noite";"Decrescente";"Céu Claro";"Simples";"Interseção de Vias";"Não";3;0;0;1;1;2;1;4;-28,67613043;-53,59405518;"SPRF-RS";"DEL10-RS";"UOP02-DEL10-RS"
158894;2018-09-09;"domingo";"14:00:00";"RS";471;160;"RIO PARDO";"Falta de Atenção à Condução";"Saída de leito carroçável";"Sem Vítimas";"Pleno dia";"Decrescente";"Sol";"Simples";"Reta";"Não";2;0;0;0;1;1;0;2;-29,905725;-52,391739;"SPRF-RS";"DEL02-RS";"UOP02-DEL02-RS"
158901;2018-09-11;"terça-feira";"21:30:00";"ES";262;32,4;"DOMINGOS MARTINS";"Condutor Dormindo";"Colisão com objeto estático";"Com Vítimas Fatais";"Plena Noite";"Decrescente";"Chuva";"Simples";"Curva";"Não";1;1;0;0;0;0;0;1;-20,37891616;-40,57764703;"SPRF-ES";"DEL01-ES";"UOP01-DEL01-ES"
158902;2018-09-11;"terça-feira";"20:30:00";"GO";40;12,1;"LUZIANIA";"Falta de Atenção à Condução";"Colisão lateral";"Sem Vítimas";"Pleno dia";"Decrescente";"Céu Claro";"Dupla";"Reta";"Sim";3;0;0;0;2;2;0;4;-16,145123;-47,945382;"SPRF-DF";"DEL01-DF";"UOP01-DEL01-DF"
158909;2018-09-11;"terça-feira";"18:50:00";"MT";364;518;"ROSARIO OESTE";"Falta de Atenção à Condução";"Colisão traseira";"Com Vítimas Feridas";"Plena Noite";"Crescente";"Céu Claro";"Simples";"Reta";"Não";3;0;1;0;1;2;1;4;-15,111876;-56,520584;"SPRF-MT";"DEL01-MT";"DEL2/4-UOP02/MT"
158913;2018-09-11;"terça-feira";"23:10:00";"SC";470;3;"NAVEGANTES";"Defeito na Via";"Tombamento";"Com Vítimas Feridas";"Plena Noite";"Crescente";"Chuva";"Simples";"Em Obras";"Não";3;0;1;0;1;1;1;2;-26,861937;-48,681618;"SPRF-SC";"DEL04-SC";"UOP04-DEL04-SC"
158918;2018-09-11;"terça-feira";"21:50:00";"GO";364;367;"SANTA RITA DO ARAGUAIA";"Condutor Dormindo";"Colisão frontal";"Com Vítimas Feridas";"Plena Noite";"Decrescente";"Céu Claro";"Simples";"Reta";"Não";3;0;2;0;0;2;2;4;-17,388229;-53,052143;"SPRF-GO";"DEL05-GO";"UOP01-DEL05-GO"