"id";"data_inversa";"dia_semana";"horario";"uf";"br";"km";"municipio";"causa_acidente";"tipo_acidente";"classificacao_acidente";"fase_dia";"sentido_via";"condicao_metereologica";"tipo_pista";"tracado_via";"uso_solo";"pessoas";"mortos";"feridos_leves";"feridos_graves";"ilesos";"ignorados";"feridos";"veiculos";"latitude";"longitude";"regional";"delegacia";"uop"
158923;2018-09-12;"quarta-feira";"00:55:00";"PR";277;325,7;"GUARAPUAVA";"Ultrapassagem Indevida";"Saída de leito carroçável";"Com Vítimas Feridas";"Plena Noite";"Crescente";"Céu Claro";"Simples";"Reta";"Não";5;0;3;1;0;1;4;2;-25,3693887;-51,32799625;"SPRF-PR";"DEL03-PR";"UOP01-DEL08-PR"
158925;2018-09-11;"terça-feira";"22:10:00";"MT";70;300,1;"POXOREO";"Defeito na Via";"Saída de leito carroçável";"Com Vítimas Feridas";"Plena Noite";"Decrescente";"Céu Claro";"Simples";"Aclive";"Não";2;0;0;1;0;2;1;3;-15,57911;-54,472103;"SPRF-MT";"DEL05-MT";"UOP01-DEL05-MT"
158928;2018-09-12;"quarta-feira";"01:10:00";"MT";364;301,7;"JACIARA";"Condutor Dormindo";"Saída de leito carroçável";"Sem Vítimas";"Plena Noite";"Crescente";"Céu Claro";"Dupla";"Reta";"Não";2;0;0;0;1;1;0;2;-15,838345;-55,161537;"SPRF-MT";"DEL02-MT";"UOP02-DEL05-MT"
158929;2018-09-12;"quarta-feira";"03:50:00";"SP";116;352,6;"MIRACATU";"Velocidade Incompatível";"Colisão traseira";"Com Vítimas Feridas";"Plena Noite";"Decrescente";"Chuva";"Dupla";"Reta";"Não";2;0;1;0;1;0;1;2;-24,06690045;-47,2394675;"SPRF-SP";"DEL04-SP";"UOP03-DEL04-SP"
158930;2018-09-12;"quarta-feira";"03:50:00";"BA";324;516;"FEIRA DE SANTANA";"Desobediência às normas de trânsito pelo condutor";"Colisão transversal";"Com Vítimas Feridas";"Plena Noite";"Crescente";"Nublado";"Simples";"Reta";"Sim";2;0;1;0;1;0;1;2;-12,2552463;-38,9323664;"SPRF-BA";"DEL02-BA";"UOP01-DEL02-BA"
158931;2018-09-12;"quarta-feira";"03:50:00";"PR";277;101,1;"CURITIBA";"Falta de Atenção à Condução";"Colisão traseira";"Com Vítimas Feridas";"Plena Noite";"Decrescente";"Garoa/Chuvisco";"Dupla";"Curva";"Não";3;0;0;1;1;2;1;4;-25,42904172;-49,37925154;"SPRF-PR";"DEL01-PR";"UOP06-DEL01-PR"
158932;2018-09-12;"quarta-feira";"03:40:00";"PR";277;650;"MATELANDIA";"Ultrapassagem Indevida";"Saída de leito carroçável";"Com Vítimas Feridas";"Plena Noite";"Crescente";"Céu Claro";"Simples";"Reta";"Não";2;0;1;0;0;1;1;2;-25,190388;-53,937366;"SPRF-PR";"DEL05-PR";"UOP02-DEL05-PR"
158938;2018-09-12;"quarta-feira";"05:20:00";"SP";116;392;"MIRACATU";"Condutor Dormindo";"Saída de leito carroçável";"Sem Vítimas";"Pleno dia";"Decrescente";"Céu Claro";"Dupla";"Reta";"Não";1;0;0;0;1;0;0;1;-24,272405;-47,40545;"SPRF-SP";"DEL04-SP";"UOP02-DEL04-SP"
158939;2018-09-12;"quarta-feira";"06:50:00";"CE";116;23;"ITAITINGA";"Falta de Atenção à Condução";"Colisão traseira";"Com Vítimas Feridas";"Pleno dia";"Crescente";"Céu Claro";"Dupla";"Reta";"Sim";2;0;1;0;1;0;1;2;-3,9618;-38,5152;"SPRF-CE";"DEL01-CE";"UOP02-DEL01-CE"
158942;2018-09-12;"quarta-feira";"06:40:00";"GO";364;323,4;"PORTELANDIA";"Defeito Mecânico no Veículo";"Colisão com objeto estático";"Com Vítimas Fatais";"Pleno dia";"Crescente";"Céu Claro";"Simples";"Ponte";"Não";3;2;1;0;0;0;1;1;-17,400496;-52,652561;"SPRF-GO";"DEL05-GO";"UOP01-DEL05-GO"
158944;2018-09-12;"quarta-feira";"06:30:00";"MA";230;0;"BARAO DE GRAJAU";"Desobediência às normas de trânsito pelo condutor";"Colisão transversal";"Com Vítimas Feridas";"Pleno dia";"Crescente";"Céu Claro";"Simples";"Reta";"Sim";2;0;0;1;1;0;1;2;-6,760894;-43,01105;"SPRF-PI";"DEL03-PI";"UOP01-DEL03-PI"
158946;2018-09-12;"quarta-feira";"01:12:00";"SC";282;426,2;"VARGEM BONITA";"Velocidade Incompatível";"Saída de leito carroçável";"Sem Vítimas";"Plena Noite";"Decrescente";"Céu Claro";"Simples";"Curva;Declive";"Não";1;0;0;0;1;0;0;1;-26,974417;-51,761665;"SPRF-SC";"DEL07-SC";"UOP05-DEL07-SC"
158957;2018-09-12;"quarta-feira";"08:30:00";"PR";116;1;"CAMPINA GRANDE DO SUL";"Falta de Atenção à Condução";"Colisão traseira";"Com Vítimas Feridas";"Pleno dia";"Crescente";"Nublado";"Dupla";"Reta";"Não";3;0;0;1;1;2;1;4;-25,36795395;-49,10634734;"SPRF-PR";"DEL01-PR";"UOP02-DEL01-PR"
158958;2018-09-12;"quarta-feira";"07:25:00";"SC";101;206,5;"SAO JOSE";"Falta de Atenção à Condução";"Colisão lateral";"Com Vítimas Feridas";"Pleno dia";"Crescente";"Chuva";"Múltipla";"Reta";"Sim";5;0;1;0;2;2;1;4;-27,60132584;-48,62492946;"SPRF-SC";"DEL01-SC";"UOP01-DEL01-SC"
158964;2018-09-12;"quarta-feira";"08:45:00";"PR";277;116;"CAMPO LARGO";"Falta de Atenção à Condução";"Colisão traseira";"Com Vítimas Feridas";"Pleno dia";"Decrescente";"Nublado";"Dupla";"Reta";"Sim";2;0;1;0;1;0;1;2;-25,45095716;-49,52681595;"SPRF-PR";"DEL01-PR";"UOP06-DEL01-PR"
158966;2018-09-12;"quarta-feira";"08:30:00";"ES";101;130;"LINHARES";"Não guardar distância de segurança";"Capotamento";"Sem Vítimas";"Pleno dia";"Decrescente";"Nublado";"Simples";"Declive";"Não";3;0;0;0;2;1;0;3;-19,16138409;-40,08293152;"SPRF-ES";"DEL04-ES";"UOP01-DEL04-ES"
158977;2018-09-12;"quarta-feira";"10:30:00";"SP";116;208;"GUARULHOS";"Falta de Atenção à Condução";"Engavetamento";"Com Vítimas Feridas";"Pleno dia";"Crescente";"Céu Claro";"Múltipla";"Reta";"Sim";4;0;1;0;3;0;1;4;-23,46151418;-46,48856163;"SPRF-SP";"DEL01-SP";"UOP01-DEL01-SP"
158980;2018-04-05;"quinta-feira";"10:23:00";"ES";101;292;"CARIACICA";"Falta de Atenção à Condução";"Colisão traseira";"Com Vítimas Feridas";"Pleno dia";"Decrescente";"Céu Claro";"Dupla";"Reta";"Sim";2;0;1;0;1;0;1;2;-20,30622856;-40,39496792;"SPRF-ES";"DEL01-ES";"UOP01-DEL01-ES"
158982;2018-09-12;"quarta-feira";"08:20:00";"BA";242;875;"BARREIRAS";"Falta de Atenção à Condução";"Colisão com objeto estático";"Sem Vítimas";"Pleno dia";"Decrescente";"Céu Claro";"Simples";"Reta";"Não";3;0;0;0;2;2;0;4;-12,16789007;-44,86653328;"SPRF-BA";"DEL10-BA";"UOP01-DEL10-BA"
158983;2018-09-12;"quarta-feira";"09:10:00";"SC";101;378;"ICARA";"Falta de Atenção à Condução";"Colisão transversal";"Sem Vítimas";"Pleno dia";"Decrescente";"Garoa/Chuvisco";"Simples";"Interseção de Vias";"Não";2;0;0;0;2;0;0;2;-28,74793566;-49,26246816;"SPRF-SC";"DEL02-SC";"UOP01-DEL02-SC"
158986;2018-09-12;"quarta-feira";"10:00:00";"PR";158;349,3;"MARQUINHO";"Carga excessiva e/ou mal acondicionada";"Tombamento";"Sem Vítimas";"Pleno dia";"Decrescente";"Céu Claro";"Simples";"Curva";"Não";1;0;0;0;1;0;0;1;-25,07922448;-52,28084564;"SPRF-PR";"DEL04-PR";"UOP02-DEL04-PR"
158989;2018-09-12;"quarta-feira";"07:50:00";"MG";116;690,8;"MURIAE";"Velocidade Incompatível";"Tombamento";"Com Vítimas Feridas";"Pleno dia";"Crescente";"Sol";"Simples";"Curva;Aclive";"Não";5;0;3;0;1;1;3;3;-21,0042539;-42,36724019;"SPRF-MG";"DEL07-MG";"UOP02-DEL07-MG"
158996;2018-09-12;"quarta-feira";"09:45:00";"RR";174;505;"BOA VISTA";"Sinalização da via insuficiente ou inadequada";"Colisão lateral";"Sem Vítimas";"Pleno dia";"Decrescente";"Céu Claro";"Simples";"Rotatória";"Sim";2;0;0;0;2;0;0;2;2,80679549;-60,69076717;"SPRF-RR";"DEL01-RR";"UOP01-DEL01-RR"
158999;2018-09-12;"quarta-feira";"11:20:00";"MT";158;641,9;"NOVA XAVANTINA";"Defeito Mecânico no Veículo";"Colisão frontal";"Com Vítimas Feridas";"Pleno dia";"Crescente";"Céu Claro";"Simples";"Declive;Reta";"Não";5;0;2;0;2;2;2;4;-14,57261856;-52,36289978;"SPRF-MT";"DEL07-MT";"UOP02-DEL07-MT"
159008;2018-09-12;"quarta-feira";"12:45:00";"MS";163;568,8;"BANDEIRANTES";"Desobediência às normas de trânsito pelo condutor";"Colisão frontal";"Com Vítimas Fatais";"Pleno dia";"Crescente";"Céu Claro";"Simples";"Reta";"Não";3;1;0;0;1;1;0;3;-19,68720281;-54,35005188;"SPRF-MS";"DEL01-MS";"UOP02-DEL01-MS"
159009;2018-09-12;"quarta-feira";"13:30:00";"ES";101;139,8;"LINHARES";"Falta de Atenção à Condução";"Colisão traseira";"Com Vítimas Feridas";"Pleno dia";"Crescente";"Garoa/Chuvisco";"Múltipla";"Declive";"Não";3;0;2;0;1;0;2;2;-19,32409297;-40,07333189;"SPRF-ES";"DEL04-ES";"UOP01-DEL04-ES"
159012;2018-09-12;"quarta-feira";"14:50:00";"PE";232;439;"SERRA TALHADA";"Sinalização da via insuficiente ou inadequada";"Colisão lateral";"Com Vítimas Feridas";"Pleno dia";"Decrescente";"Céu Claro";"Simples";"Ponte";"Não";2;0;1;0;1;0;1;2;-8,00347695;-38,48600864;"SPRF-PE";"DEL04-PE";"UOP01-DEL04-PE"
159013;2018-09-12;"quarta-feira";"14:30:00";"GO";452;139;"BOM JESUS DE GOIAS";"Falta de Atenção à Condução";"Colisão lateral";"Com Vítimas Feridas";"Pleno dia";"Decrescente";"Céu Claro";"Simples";"Interseção de Vias";"Não";3;0;1;0;1;2;1;4;-18,24331159;-49,70385432;"SPRF-GO";"DEL03-GO";"UOP02-DEL03-GO"
159017;2018-02-02;"sexta-feira";"10:30:00";"MG";251;359,5;"PADRE CARVALHO";"Velocidade Incompatível";"Colisão frontal";"Com Vítimas Fatais";"Pleno dia";"Decrescente";"Sol";"Simples";"Reta";"Não";5;1;1;1;1;2;2;6;-16,2692;-42,6026;"SPRF-MG";"DEL12-MG";"UOP01-DEL12-MG"
159019;2018-09-12;"quarta-feira";"11:15:00";"RO";319;64,1;"PORTO VELHO";"Falta de Atenção à Condução";"Colisão lateral";"Sem Vítimas";"Pleno dia";"Decrescente";"Céu Claro";"Dupla";"Reta";"Sim";3;0;0;0;2;2;0;4;-8,76692529;-63,88436079;"SPRF-RO";"DEL01-RO";"UOP01-DEL01-RO"
159020;2018-09-12;"quarta-feira";"16:05:00";"SC";280;47,5;"GUARAMIRIM";"Desobediência às normas de trânsito pelo condutor";"Colisão frontal";"Com Vítimas Fatais";"Pleno dia";"Decrescente";"Chuva";"Simples";"Aclive;Reta";"Sim";10;2;0;1;5;3;1;7;-26,454;-48,923;"SPRF-SC";"DEL03-SC";"UOP03-DEL03-SC"
159023;2018-09-12;"quarta-feira";"16:20:00";"MG";381;4;"BETIM";"Desobediência às normas de trânsito pelo condutor";"Colisão com objeto estático";"Com Vítimas Feridas";"Pleno dia";"Crescente";"Nublado";"Dupla";"Reta";"Sim";3;0;1;0;1;1;1;3;-19,98722309;-44,17980194;"SPRF-MG";"DEL01-MG";"UOP03-DEL01-MG"
159026;2018-09-12;"quarta-feira";"16:00:00";"SP";116;61,2;"GUARATINGUETA";"Ultrapassagem Indevida";"Colisão lateral";"Com Vítimas Feridas";"Pleno dia";"Crescente";"Céu Claro";"Dupla";"Reta";"Sim";4;0;1;0;2;1;1;3;-22,79851637;-45,16820669;"SPRF-SP";"DEL08-SP";"UOP01-DEL08-SP"
159032;2018-09-12;"quarta-feira";"16:00:00";"TO";153;117;"WANDERLANDIA";"Defeito Mecânico no Veículo";"Colisão com objeto estático";"Sem Vítimas";"Pleno dia";"Decrescente";"Céu Claro";"Simples";"Reta";"Não";2;0;0;0;1;3;0;4;-6,98708838;-48,09831619;"SPRF-TO";"DEL02-TO";"UOP01-DEL02-TO"
159036;2018-09-12;"quarta-feira";"17:00:00";"PR";369;158,1;"CAMBE";"Falta de Atenção à Condução";"Colisão traseira";"Sem Vítimas";"Anoitecer";"Crescente";"Céu Claro";"Dupla";"Reta";"Sim";2;0;0;0;2;0;0;2;-23,28534585;-51,23783112;"SPRF-PR";"DEL07-PR";"UOP01-DEL07-PR"
159039;2018-08-15;"quarta-feira";"11:15:00";"MT";364;397;"CUIABA";"Falta de Atenção à Condução";"Colisão frontal";"Com Vítimas Feridas";"Pleno dia";"Decrescente";"Sol";"Simples";"Reta";"Não";4;0;1;0;1;4;1;6;-15,6594345;-55,9790067;"SPRF-MT";"DEL02-MT";"UOP02-DEL01-MT"
159040;2018-09-12;"quarta-feira";"13:30:00";"RO";364;711;"PORTO VELHO";"Não guardar distância de segurança";"Engavetamento";"Sem Vítimas";"Pleno dia";"Decrescente";"Sol";"Dupla";"Reta";"Sim";4;0;0;0;3;2;0;5;-8,78475992;-63,86001706;"SPRF-RO";"DEL01-RO";"UOP01-DEL01-RO"
159042;2018-09-12;"quarta-feira";"16:00:00";"PB";101;79;"SANTA RITA";"Defeito Mecânico no Veículo";"Saída de leito carroçável";"Sem Vítimas";"Pleno dia";"Decrescente";"Céu Claro";"Múltipla";"Reta";"Não";1;0;0;0;1;0;0;1;-7,1164;-34,9511;"SPRF-PB";"DEL01-PB";"UOP01-DEL01-PB"
159055;2018-09-12;"quarta-feira";"18:00:00";"SC";470;137;"RIO DO SUL";"Desobediência às normas de trânsito pelo condutor";"Colisão transversal";"Com Vítimas Feridas";"Plena Noite";"Decrescente";"Nublado";"Simples";"Interseção de Vias";"Não";4;0;1;0;2;1;1;4;-27,18332181;-49,60237915;"SPRF-SC";"DEL04-SC";"UOP02-DEL04-SC"
159056;2018-09-12;"quarta-feira";"16:40:00";"RO";174;13;"VILHENA";"Desobediência às normas de trânsito pelo condutor";"Colisão lateral";"Com Vítimas Feridas";"Anoitecer";"Decrescente";"Céu Claro";"Dupla";"Reta";"Sim";2;0;1;0;1;0;1;2;-12,7414;-60,130264;"SPRF-RO";"DEL04-RO";"UOP01-DEL04-RO"
159060;2018-09-12;"quarta-feira";"18:00:00";"RS";285;668;"SAO BORJA";"Falta de Atenção à Condução";"Colisão transversal";"Com Vítimas Feridas";"Pleno dia";"Crescente";"Sol";"Simples";"Reta";"Não";3;0;1;0;1;1;1;3;-28,664211;-55,940098;"SPRF-RS";"DEL12-RS";"UOP01-DEL12-RS"
159066;2018-09-12;"quarta-feira";"19:00:00";"PR";277;146;"PORTO AMAZONAS";"Falta de Atenção à Condução";"Colisão traseira";"Com Vítimas Feridas";"Plena Noite";"Crescente";"Nublado";"Simples";"Reta";"Não";5;0;1;1;2;4;2;7;-25,467829;-49,768906;"SPRF-PR";"DEL01-PR";"UOP06-DEL01-PR"
159069;2018-09-12;"quarta-feira";"17:28:00";"PE";424;88,1;"GARANHUNS";"Ultrapassagem Indevida";"Colisão lateral";"Com Vítimas Feridas";"Anoitecer";"Crescente";"Céu Claro";"Simples";"Reta";"Não";2;0;0;1;1;0;1;2;-8,88403285;-36,50845081;"SPRF-PE";"DEL03-PE";"UOP01-DEL03-PE"
159073;2018-09-12;"quarta-feira";"18:20:00";"MT";364;464;"VARZEA GRANDE";"Velocidade Incompatível";"Colisão frontal";"Com Vítimas Feridas";"Plena Noite";"Crescente";"Céu Claro";"Simples";"Reta";"Não";5;0;0;1;3;1;1;3;-15,494163;-56,277405;"SPRF-MT";"DEL01-MT";"DEL2/4-UOP02/MT"
159077;2018-09-12;"quarta-feira";"19:45:00";"GO";70;10;"AGUAS LINDAS DE GOIAS";"Ingestão de Álcool";"Colisão traseira";"Com Vítimas Feridas";"Plena Noite";"Decrescente";"Céu Claro";"Dupla";"Reta";"Sim";3;0;1;0;1;1;1;3;-15,7372;-48,2917;"SPRF-DF";"DEL01-DF";"UOP02-DEL03-DF"
159082;2018-09-12;"quarta-feira";"19:20:00";"DF";40;0,7;"BRASILIA";"Ingestão de Álcool";"Colisão traseira";"Sem Vítimas";"Plena Noite";"Decrescente";"Céu Claro";"Dupla";"Reta";"Não";3;0;0;0;2;1;0;3;-15,982614;-47,988218;"SPRF-DF";"DEL01-DF";"UOP01-DEL01-DF"
159084;2018-09-12;"quarta-feira";"19:50:00";"RS";386;296,7;"POUSO NOVO";"Objeto estático sobre o leito carroçável";"Colisão com objeto estático";"Com Vítimas Feridas";"Anoitecer";"Decrescente";"Céu Claro";"Simples";"Curva";"Não";5;0;1;0;3;1;1;3;-29,154646;-52,229717;"SPRF-RS";"DEL04-RS";"UOP01-DEL04-RS"
159088;2018-09-12;"quarta-feira";"18:40:00";"MG";262;577;"CORREGO DANTA";"Desobediência às normas de trânsito pelo condutor";"Colisão transversal";"Com Vítimas Feridas";"Anoitecer";"Decrescente";"Nublado";"Simples";"Interseção de Vias;Reta";"Não";2;0;1;1;0;0;2;2;-19,656881;-46,068478;"SPRF-MG";"DEL08-MG";"UOP02-DEL08-MG"
159089;2018-09-12;"quarta-feira";"16:00:00";"MG";262;590,2;"CAMPOS ALTOS";"Velocidade Incompatível";"Colisão frontal";"Com Vítimas Fatais";"Pleno dia";"Crescente";"Chuva";"Simples";"Declive;Curva";"Não";3;1;0;0;1;1;0;3;-19,66659403;-46,1531353;"SPRF-MG";"DEL08-MG";"UOP02-DEL08-MG"
159094;2018-09-12;"quarta-feira";"20:30:00";"MG";381;889;"CAMBUI";"Velocidade Incompatível";"Tombamento";"Com Vítimas Feridas";"Plena Noite";"Decrescente";"Céu Claro";"Dupla";"Curva";"Sim";2;0;1;0;0;2;1;3;-22,5382;-46,0369;"SPRF-MG";"DEL16-MG";"UOP03-DEL16-MG"
159100;2018-09-12;"quarta-feira";"21:55:00";"DF";20;4;"BRASILIA";"Falta de Atenção à Condução";"Colisão lateral";"Com Vítimas Feridas";"Plena Noite";"Crescente";"Céu Claro";"Dupla";"Reta;Declive";"Sim";3;0;1;0;1;1;1;3;-15,67109776;-47,81694174;"SPRF-DF";"DEL02-DF";"UOP01-DEL02-DF"
159103;2018-09-12;"quarta-feira";"19:10:00";"SC";101;117,5;"ITAJAI";"Velocidade Incompatível";"Colisão traseira";"Sem Vítimas";"Plena Noite";"Crescente";"Céu Claro";"Dupla";"Viaduto";"Não";4;0;0;0;3;1;0;4;-26,89100458;-48,72095162;"SPRF-SC";"DEL04-SC";"UOP04-DEL04-SC"
159105;2018-09-12;"quarta-feira";"17:40:00";"MG";116;561,2;"MANHUACU";"Ultrapassagem Indevida";"Colisão lateral";"Com Vítimas Fatais";"Anoitecer";"Decrescente";"Céu Claro";"Simples";"Aclive";"Sim";2;1;0;0;1;0;0;2;-20,03198359;-42,17419624;"SPRF-MG";"DEL06-MG";"UOP03-DEL06-MG"
159108;2018-09-12;"quarta-feira";"22:05:00";"PB";230;480;"MARIZOPOLIS";"Falta de Atenção à Condução";"Colisão traseira";"Com Vítimas Feridas";"Plena Noite";"Decrescente";"Céu Claro";"Simples";"Reta;Aclive";"Sim";2;0;0;1;1;0;1;2;-6,84571021;-38,35517049;"SPRF-PB";"DEL03-PB";"UOP03-DEL03-PB"
159109;2018-09-12;"quarta-feira";"22:21:00";"DF";20;6,4;"BRASILIA";"Pista Escorregadia";"Derramamento de carga";"Sem Vítimas";"Pleno dia";"Crescente";"Céu Claro";"Dupla";"Viaduto;Reta;Aclive";"Sim";3;0;0;0;2;1;0;3;-15,66457941;-47,80483425;"SPRF-DF";"DEL02-DF";"UOP01-DEL02-DF"
159111;2018-09-12;"quarta-feira";"19:10:00";"SC";282;523,8;"XAXIM";"Restrição de Visibilidade";"Colisão traseira";"Com Vítimas Feridas";"Plena Noite";"Crescente";"Céu Claro";"Simples";"Curva";"Não";5;0;0;3;1;1;3;2;-26,96614179;-52,55571105;"SPRF-SC";"DEL07-SC";"UOP01-DEL07-SC"
159112;2018-09-12;"quarta-feira";"16:40:00";"PR";153;146,2;"VENTANIA";"Carga excessiva e/ou mal acondicionada";"Derramamento de carga";"Com Vítimas Feridas";"Pleno dia";"Decrescente";"Nublado";"Simples";"Curva";"Não";4;0;0;1;2;3;1;6;-24,1275881;-50,23652402;"SPRF-PR";"DEL07-PR";"UOP04-DEL07-PR"
159117;2018-09-12;"quarta-feira";"21:30:00";"MT";163;105,3;"RONDONOPOLIS";"Falta de Atenção à Condução";"Colisão traseira";"Com Vítimas Feridas";"Plena Noite";"Decrescente";"Céu Claro";"Dupla";"Reta";"Não";22;0;20;0;1;2;20;4;-16,62007;-54,699368;"SPRF-MT";"DEL02-MT";"UOP01-DEL02-MT"
159121;2018-09-12;"quarta-feira";"19:15:00";"MG";251;230;"SANTA CRUZ DE SALINAS";"Defeito Mecânico no Veículo";"Saída de leito carroçável";"Com Vítimas Feridas";"Plena Noite";"Decrescente";"Céu Claro";"Simples";"Curva";"Não";2;0;1;0;0;1;1;2;-15,9554;-41,6814;"SPRF-MG";"DEL11-MG";"UOP02-DEL11-MG"
159123;2018-09-12;"quarta-feira";"23:15:00";"CE";222;178;"IRAUCUBA";"Deficiência ou não Acionamento do Sistema de Iluminação/Sinalização do Veículo";"Colisão traseira";"Com Vítimas Feridas";"Plena Noite";"Decrescente";"Céu Claro";"Simples";"Reta";"Não";3;0;0;2;0;1;2;3;-3,751839;-40,030769;"SPRF-CE";"DEL04-CE";"UOP03-DEL04-CE"
159124;2018-09-12;"quarta-feira";"21:20:00";"MG";381;526,9;"BRUMADINHO";"Condutor Dormindo";"Tombamento";"Com Vítimas Feridas";"Plena Noite";"Decrescente";"Nublado";"Dupla";"Curva;Declive";"Não";2;0;1;0;0;1;1;2;-20,1574;-44,329003;"SPRF-MG";"DEL04-MG";"UOP03-DEL04-MG"
159126;2018-09-12;"quarta-feira";"18:40:00";"MT";70;217,7;"GENERAL CARNEIRO";"Velocidade Incompatível";"Tombamento";"Sem Vítimas";"Plena Noite";"Decrescente";"Céu Claro";"Simples";"Curva";"Não";2;0;0;0;1;1;0;2;-15,68524;-53,846367;"SPRF-MT";"DEL05-MT";"UOP01-DEL05-MT"
159127;2018-09-12;"quarta-feira";"15:00:00";"MT";70;133;"GENERAL CARNEIRO";"Velocidade Incompatível";"Tombamento";"Com Vítimas Feridas";"Pleno dia";"Decrescente";"Céu Claro";"Simples";"Curva";"Não";2;0;1;0;0;2;1;3;-15,58744749;-53,21552441;"SPRF-MT";"DEL07-MT";"UOP01-DEL07-MT"
159132;2018-09-12;"quarta-feira";"19:00:00";"MT";158;550;"AGUA BOA";"Velocidade Incompatível";"Tombamento";"Sem Vítimas";"Plena Noite";"Decrescente";"Céu Claro";"Simples";"Reta";"Não";3;0;0;0;2;4;0;6;-13,921;-52,094;"SPRF-MT";"DEL07-MT";"UOP02-DEL07-MT"
159135;2018-09-13;"quinta-feira";"02:29:00";"GO";40;18;"LUZIANIA";"Condutor Dormindo";"Colisão lateral";"Sem Vítimas";"Plena Noite";"Decrescente";"Céu Claro";"Dupla";"Reta";"Não";2;0;0;0;2;0;0;2;-16,19591;-47,923996;"SPRF-DF";"DEL01-DF";"UOP01-DEL01-DF"
159141;2018-09-13;"quinta-feira";"04:05:00";"SP";116;511;"CAJATI";"Falta de Atenção à Condução";"Colisão com objeto estático";"Com Vítimas Feridas";"Plena Noite";"Crescente";"Garoa/Chuvisco";"Dupla";"Curva";"Não";1;0;1;0;0;0;1;1;-24,75057277;-48,15170288;"SPRF-SP";"DEL05-SP";"UAP01-DEL05-SP"
159145;2018-09-13;"quinta-feira";"06:00:00";"GO";153;510;"APARECIDA DE GOIANIA";"Restrição de Visibilidade";"Colisão lateral";"Sem Vítimas";"Pleno dia";"Decrescente";"Sol";"Simples";"Interseção de Vias";"Não";3;0;0;0;2;1;0;3;-16,7977;-49,2386;"SPRF-GO";"DEL01-GO";"UOP03-DEL01-GO"
159149;2018-09-13;"quinta-feira";"07:20:00";"PR";153;37,9;"SANTO ANTONIO DA PLATINA";"Falta de Atenção à Condução";"Tombamento";"Com Vítimas Feridas";"Pleno dia";"Decrescente";"Céu Claro";"Simples";"Aclive";"Não";2;0;1;0;0;2;1;3;-23,27052318;-50,06174952;"SPRF-PR";"DEL07-PR";"UOP04-DEL07-PR"
159154;2018-09-13;"quinta-feira";"06:30:00";"PI";316;171,7;"ELESBAO VELOSO";"Falta de Atenção à Condução";"Saída de leito carroçável";"Com Vítimas Feridas";"Pleno dia";"Decrescente";"Sol";"Simples";"Reta";"Não";2;0;1;0;0;1;1;2;-6,23629563;-42,02970028;"SPRF-PI";"DEL04-PI";"UOP02-DEL04-PI"
159156;2018-09-13;"quinta-feira";"08:10:00";"SC";101;200;"SAO JOSE";"Mal Súbito";"Saída de leito carroçável";"Com Vítimas Feridas";"Pleno dia";"Crescente";"Céu Claro";"Dupla";"Reta";"Não";1;0;1;0;0;0;1;1;-27,53990716;-48,62314939;"SPRF-SC";"DEL01-SC";"UOP01-DEL01-SC"
159158;2018-09-13;"quinta-feira";"07:50:00";"MG";356;268,1;"MURIAE";"Falta de Atenção à Condução";"Colisão lateral";"Com Vítimas Feridas";"Pleno dia";"Crescente";"Nublado";"Simples";"Reta";"Sim";2;0;1;0;1;0;1;2;-21,12889524;-42,34772712;"SPRF-MG";"DEL07-MG";"UOP02-DEL07-MG"
159165;2018-02-06;"terça-feira";"04:00:00";"PR";153;516,9;"GENERAL CARNEIRO";"Defeito Mecânico no Veículo";"Incêndio";"Com Vítimas Feridas";"Plena Noite";"Decrescente";"Ignorado";"Simples";"Declive;Reta";"Não";2;0;1;0;0;2;1;3;-26,55978413;-51,44333929;"SPRF-PR";"DEL02-PR";"UOP03-DEL02-PR"
159171;2018-09-13;"quinta-feira";"07:30:00";"SP";153;104,5;"JOSE BONIFACIO";"Falta de Atenção à Condução";"Colisão transversal";"Com Vítimas Feridas";"Pleno dia";"Crescente";"Sol";"Simples";"Reta";"Não";2;0;1;0;1;0;1;2;-21,04647515;-49,65398133;"SPRF-SP";"DEL09-SP";"UOP01-DEL09-SP"
159179;2018-09-13;"quinta-feira";"09:00:00";"GO";60;55,5;"ABADIANIA";"Falta de Atenção à Condução";"Colisão lateral";"Com Vítimas Feridas";"Pleno dia";"Decrescente";"Céu Claro";"Dupla";"Reta";"Não";2;0;0;1;1;0;1;2;-16,1862;-48,6611;"SPRF-GO";"DEL02-GO";"UOP01-DEL02-GO"
159184;2018-09-13;"quinta-feira";"09:20:00";"MG";381;720,8;"CARMO DA CACHOEIRA";"Velocidade Incompatível";"Tombamento";"Com Vítimas Feridas";"Pleno dia";"Decrescente";"Céu Claro";"Dupla";"Curva";"Não";2;0;0;1;0;1;1;2;-21,43242711;-45,21070529;"SPRF-MG";"DEL04-MG";"UOP02-DEL04-MG"
159189;2018-09-13;"quinta-feira";"08:20:00";"MT";364;347;"SANTO ANTONIO DO LEVERGER";"Defeito Mecânico no Veículo";"Incêndio";"Sem Vítimas";"Pleno dia";"Decrescente";"Céu Claro";"Simples";"Curva";"Não";1;0;0;0;1;0;0;1;-15,80225716;-55,55572361;"SPRF-MT";"DEL02-MT";"UOP02-DEL01-MT"