"id";"data_inversa";"dia_semana";"horario";"uf";"br";"km";"municipio";"causa_acidente";"tipo_acidente";"classificacao_acidente";"fase_dia";"sentido_via";"condicao_metereologica";"tipo_pista";"tracado_via";"uso_solo";"pessoas";"mortos";"feridos_leves";"feridos_graves";"ilesos";"ignorados";"feridos";"veiculos";"latitude";"longitude";"regional";"delegacia";"uop"
159190;2018-09-13;"quinta-feira";"01:00:00";"CE";20;354;"CARIDADE";"Defeito na Via";"Saída de leito carroçável";"Sem Vítimas";"Pleno dia";"Decrescente";"Ignorado";"Simples";"Reta";"Não";2;0;0;0;1;1;0;2;-4,058914;-39,026603;"SPRF-CE";"DEL02-CE";"UOP01-DEL02-CE"
159191;2018-09-13;"quinta-feira";"06:55:00";"SC";153;11,6;"AGUA DOCE";"Falta de Atenção à Condução";"Colisão lateral";"Com Vítimas Feridas";"Pleno dia";"Crescente";"Céu Claro";"Dupla";"Declive";"Não";5;0;1;0;3;2;1;5;-26,6813074;-51,5588298;"SPRF-SC";"DEL07-SC";"UOP07-DEL07-SC"
159197;2018-09-13;"quinta-feira";"09:30:00";"MS";267;28,5;"BATAGUASSU";"Falta de Atenção à Condução";"Colisão lateral";"Com Vítimas Feridas";"Pleno dia";"Crescente";"Céu Claro";"Dupla";"Reta";"Sim";6;0;2;0;1;3;2;4;-21,721114;-52,411566;"SPRF-MS";"DEL02-MS";"DEL3/7-UOP01/MS"
159205;2018-09-02;"domingo";"02:50:00";"SP";116;346,7;"MIRACATU";"Condutor Dormindo";"Colisão traseira";"Com Vítimas Feridas";"Plena Noite";"Decrescente";"Nublado";"Dupla";"Aclive";"Não";36;0;16;2;17;3;18;5;-24,04554;-47,19453;"SPRF-SP";"DEL04-SP";"UOP03-DEL04-SP"
159206;2018-09-13;"quinta-feira";"11:00:00";"GO";414;417;"ABADIANIA";"Velocidade Incompatível";"Saída de leito carroçável";"Sem Vítimas";"Pleno dia";"Crescente";"Céu Claro";"Simples";"Declive";"Não";3;0;0;0;1;2;0;2;-16,10425193;-48,87117058;"SPRF-GO";"DEL02-GO";"UOP01-DEL02-GO"
159215;2018-09-13;"quinta-feira";"10:55:00";"ES";262;52;"MARECHAL FLORIANO";"Falta de Atenção à Condução";"Colisão traseira";"Com Vítimas Feridas";"Pleno dia";"Decrescente";"Chuva";"Simples";"Reta";"Não";3;0;1;0;1;2;1;4;-20,4137;-40,7242;"SPRF-ES";"DEL01-ES";"UOP01-DEL01-ES"
159225;2018-08-28;"terça-feira";"09:00:00";"MG";40;529;"CONTAGEM";"Não guardar distância de segurança";"Colisão traseira";"Com Vítimas Feridas";"Pleno dia";"Crescente";"Céu Claro";"Dupla";"Reta";"Sim";4;0;1;0;1;2;1;3;-19,91824965;-44,03940292;"SPRF-MG";"DEL01-MG";"UOP03-DEL01-MG"
159227;2018-09-13;"quinta-feira";"08:45:00";"PR";277;486,9;"NOVA LARANJEIRAS";"Ultrapassagem Indevida";"Saída de leito carroçável";"Sem Vítimas";"Pleno dia";"Crescente";"Nublado";"Simples";"Curva";"Não";2;0;0;0;1;2;0;3;-25,2515275;-52,6272583;"SPRF-PR";"DEL04-PR";"UOP02-DEL04-PR"
159231;2018-09-13;"quinta-feira";"11:00:00";"MT";70;681,8;"CACERES";"Falta de Atenção à Condução";"Tombamento";"Sem Vítimas";"Pleno dia";"Crescente";"Céu Claro";"Simples";"Curva";"Não";2;0;0;0;1;1;0;2;-16,18780497;-57,37387776;"SPRF-MT";"DEL03-MT";"UOP02-DEL03-MT"
159233;2018-07-08;"domingo";"20:00:00";"BA";324;626;"SALVADOR";"Agressão Externa";"Saída de leito carroçável";"Com Vítimas Feridas";"Plena Noite";"Decrescente";"Ignorado";"Múltipla";"Reta";"Não";2;0;1;0;0;1;1;2;-12,9891834;-38,47476487;"SPRF-BA";"DEL01-BA";"UOP01-DEL01-BA"
159235;2018-09-13;"quinta-feira";"13:55:00";"SC";163;101,5;"SAO JOSE DO CEDRO";"Falta de Atenção à Condução";"Colisão lateral";"Sem Vítimas";"Pleno dia";"Crescente";"Nublado";"Simples";"Curva";"Sim";4;0;0;0;3;2;0;4;-26,45966709;-53,50987136;"SPRF-SC";"DEL07-SC";"UOP03-DEL07-SC"
159237;2018-09-13;"quinta-feira";"14:50:00";"MG";116;408;"GOVERNADOR VALADARES";"Não guardar distância de segurança";"Colisão traseira";"Com Vítimas Feridas";"Pleno dia";"Crescente";"Nublado";"Simples";"Reta";"Sim";4;0;1;0;3;0;1;2;-18,83157589;-41,98919356;"SPRF-MG";"DEL06-MG";"UOP01-DEL06-MG"
159240;2018-09-13;"quinta-feira";"14:00:00";"MA";135;73;"SANTA RITA";"Falta de Atenção à Condução";"Colisão traseira";"Com Vítimas Feridas";"Pleno dia";"Decrescente";"Céu Claro";"Simples";"Reta";"Sim";2;0;1;0;0;1;1;2;-3,165502;-44,33812;"SPRF-MA";"DEL01-MA";"UOP02-DEL01-MA"
159246;2018-09-13;"quinta-feira";"16:40:00";"RS";386;33,4;"FREDERICO WESTPHALEN";"Desobediência às normas de trânsito pelo condutor";"Colisão transversal";"Com Vítimas Feridas";"Pleno dia";"Crescente";"Nublado";"Simples";"Reta";"Sim";4;0;0;1;1;2;1;4;-27,35407303;-53,38658631;"SPRF-RS";"DEL08-RS";"UOP02-DEL08-RS"
159247;2018-09-13;"quinta-feira";"13:00:00";"PI";135;417,6;"REDENCAO DO GURGUEIA";"Defeito Mecânico no Veículo";"Incêndio";"Sem Vítimas";"Pleno dia";"Decrescente";"Céu Claro";"Simples";"Reta";"Não";2;0;0;0;1;2;0;3;-9,469261;-44,679344;"SPRF-PI";"DEL03-PI";"UOP02-DEL03-PI"
159250;2018-09-13;"quinta-feira";"16:20:00";"PR";163;275;"QUATRO PONTES";"Sinalização da via insuficiente ou inadequada";"Engavetamento";"Sem Vítimas";"Pleno dia";"Crescente";"Nublado";"Simples";"Reta";"Não";5;0;0;0;4;1;0;5;-24,6089;-53,9647;"SPRF-PR";"DEL04-PR";"UOP01-DEL04-PR"
159251;2018-09-13;"quinta-feira";"16:30:00";"ES";101;225,4;"IBIRACU";"Velocidade Incompatível";"Tombamento";"Com Vítimas Feridas";"Pleno dia";"Crescente";"Céu Claro";"Simples";"Curva";"Não";7;0;3;0;3;1;3;4;-19,89731087;-40,41105688;"SPRF-ES";"DEL02-ES";"UOP01-DEL02-ES"
159253;2018-09-13;"quinta-feira";"16:30:00";"BA";242;892;"LUIS EDUARDO MAGALHAES";"Defeito na Via";"Tombamento";"Com Vítimas Feridas";"Pleno dia";"Decrescente";"Céu Claro";"Simples";"Reta";"Não";2;0;1;0;0;2;1;3;-12,102144;-45,876957;"SPRF-BA";"DEL10-BA";"UOP01-DEL10-BA"
159255;2018-09-13;"quinta-feira";"16:40:00";"RS";290;104,9;"ELDORADO DO SUL";"Desobediência às normas de trânsito pelo condutor";"Colisão lateral";"Sem Vítimas";"Pleno dia";"Crescente";"Céu Claro";"Dupla";"Reta";"Não";3;0;0;0;2;1;0;3;-29,993122;-51,275398;"SPRF-RS";"DEL02-RS";"UOP01-DEL02-RS"
159256;2018-09-13;"quinta-feira";"16:50:00";"GO";153;506;"APARECIDA DE GOIANIA";"Defeito Mecânico no Veículo";"Colisão com objeto estático";"Sem Vítimas";"Pleno dia";"Crescente";"Céu Claro";"Dupla";"Reta";"Sim";1;0;0;0;1;0;0;1;-16,73617843;-49,24254741;"SPRF-GO";"DEL01-GO";"UOP01-DEL01-GO"
159265;2018-09-13;"quinta-feira";"15:40:00";"SC";282;436,4;"IRANI";"Desobediência às normas de trânsito pelo condutor";"Colisão transversal";"Com Vítimas Feridas";"Pleno dia";"Crescente";"Nublado";"Simples";"Interseção de Vias";"Não";5;0;3;0;2;0;3;2;-26,96937382;-51,85426176;"SPRF-SC";"DEL07-SC";"UOP04-DEL07-SC"
159271;2018-09-13;"quinta-feira";"11:50:00";"PR";153;69,7;"CONSELHEIRO MAIRINCK";"Defeito Mecânico no Veículo";"Incêndio";"Sem Vítimas";"Pleno dia";"Decrescente";"Céu Claro";"Simples";"Reta";"Não";2;0;0;0;1;1;0;2;-23,52816608;-50,11848796;"SPRF-PR";"DEL07-PR";"UOP04-DEL07-PR"
159275;2018-09-13;"quinta-feira";"13:25:00";"MT";174;166;"GLORIA DOESTE";"Falta de Atenção à Condução";"Saída de leito carroçável";"Sem Vítimas";"Pleno dia";"Crescente";"Céu Claro";"Simples";"Reta";"Não";2;0;0;0;1;1;0;2;-15,83686;-58,44553;"SPRF-MT";"DEL03-MT";"UOP01-DEL03-MT"
159276;2018-09-13;"quinta-feira";"15:30:00";"SC";282;424,8;"VARGEM BONITA";"Falta de Atenção à Condução";"Colisão lateral";"Com Vítimas Feridas";"Pleno dia";"Crescente";"Nublado";"Simples";"Curva";"Não";3;0;1;0;1;1;1;3;-26,988014;-51,753124;"SPRF-SC";"DEL07-SC";"UOP05-DEL07-SC"
159286;2018-09-13;"quinta-feira";"08:29:00";"BA";101;666,7;"ITAPEBI";"Falta de Atenção à Condução";"Tombamento";"Com Vítimas Feridas";"Pleno dia";"Decrescente";"Nublado";"Simples";"Curva";"Não";4;0;2;0;1;3;2;6;-15,971;-39,562;"SPRF-BA";"DEL09-BA";"UOP01-DEL09-BA"
159288;2018-09-13;"quinta-feira";"19:30:00";"BA";20;113;"SAO DESIDERIO";"Falta de Atenção do Pedestre";"Atropelamento de Pedestre";"Com Vítimas Feridas";"Plena Noite";"Decrescente";"Céu Claro";"Simples";"Reta";"Não";3;0;1;0;1;1;1;3;-12,961712;-45,987803;"SPRF-BA";"DEL10-BA";"UOP01-DEL10-BA"
159293;2018-09-13;"quinta-feira";"17:50:00";"BA";101;607;"MASCOTE";"Falta de Atenção à Condução";"Colisão lateral";"Com Vítimas Feridas";"Anoitecer";"Crescente";"Céu Claro";"Simples";"Reta";"Não";4;0;2;0;2;0;2;2;-15,5596;-39,3986;"SPRF-BA";"DEL05-BA";"UOP02-DEL05-BA"
159295;2018-09-13;"quinta-feira";"20:00:00";"MG";381;493,5;"BETIM";"Falta de Atenção à Condução";"Colisão lateral";"Com Vítimas Feridas";"Plena Noite";"Decrescente";"Céu Claro";"Dupla";"Aclive";"Sim";2;0;1;0;1;0;1;2;-19,966;-44,1775;"SPRF-MG";"DEL01-MG";"UOP03-DEL01-MG"
159299;2018-09-13;"quinta-feira";"20:10:00";"SP";116;273,2;"TABOAO DA SERRA";"Falta de Atenção à Condução";"Colisão lateral";"Com Vítimas Feridas";"Plena Noite";"Decrescente";"Céu Claro";"Dupla";"Reta";"Sim";3;0;2;0;1;0;2;2;-23,6174743;-46,79439414;"SPRF-SP";"DEL04-SP";"UOP01-DEL04-SP"
159302;2018-09-13;"quinta-feira";"20:30:00";"PE";101;181,3;"PALMARES";"Falta de Atenção à Condução";"Colisão traseira";"Com Vítimas Feridas";"Plena Noite";"Decrescente";"Céu Claro";"Dupla";"Aclive";"Não";4;0;0;3;0;1;3;2;-8,64644671;-35,56158543;"SPRF-PE";"DEL01-PE";"UOP03-DEL01-PE"
159303;2018-09-13;"quinta-feira";"15:00:00";"CE";20;54;"TAUA";"Defeito Mecânico no Veículo";"Saída de leito carroçável";"Sem Vítimas";"Pleno dia";"Crescente";"Céu Claro";"Simples";"Reta";"Não";1;0;0;0;1;0;0;1;-6,11085625;-40,44067383;"SPRF-CE";"DEL02-CE";"UOP02-DEL02-CE"
159312;2018-09-13;"quinta-feira";"22:15:00";"DF";20;31,8;"BRASILIA";"Falta de Atenção à Condução";"Colisão traseira";"Com Vítimas Feridas";"Plena Noite";"Crescente";"Céu Claro";"Dupla";"Reta;Aclive";"Não";2;0;1;0;1;0;1;2;-15,59060587;-47,58743492;"SPRF-DF";"DEL02-DF";"UOP01-DEL02-DF"
159321;2018-09-13;"quinta-feira";"22:10:00";"SC";101;11;"GARUVA";"Desobediência às normas de trânsito pelo condutor";"Colisão traseira";"Com Vítimas Feridas";"Plena Noite";"Crescente";"Garoa/Chuvisco";"Dupla";"Reta";"Não";7;0;3;2;1;1;5;3;-26,0812;-48,8616;"SPRF-SC";"DEL03-SC";"UOP01-DEL03-SC"
159322;2018-09-13;"quinta-feira";"20:30:00";"GO";153;292,2;"RIALMA";"Sinalização da via insuficiente ou inadequada";"Colisão traseira";"Sem Vítimas";"Plena Noite";"Crescente";"Céu Claro";"Simples";"Aclive";"Não";4;0;0;0;3;1;0;4;-15,225485;-49,553764;"SPRF-GO";"DEL02-GO";"UOP02-DEL02-GO"
159325;2018-09-13;"quinta-feira";"22:20:00";"SC";282;497,2;"XANXERE";"Falta de Atenção à Condução";"Colisão lateral";"Sem Vítimas";"Plena Noite";"Decrescente";"Chuva";"Simples";"Reta";"Não";2;0;0;0;2;0;0;2;-26,87407627;-52,32401848;"SPRF-SC";"DEL07-SC";"UOP01-DEL07-SC"
159327;2018-09-14;"sexta-feira";"00:30:00";"BA";101;837,8;"PRADO";"Velocidade Incompatível";"Colisão frontal";"Com Vítimas Fatais";"Plena Noite";"Decrescente";"Chuva";"Simples";"Aclive";"Não";4;1;0;1;2;0;1;2;-17,22603805;-39,61925882;"SPRF-BA";"DEL09-BA";"UOP01-DEL09-BA"
159328;2018-09-13;"quinta-feira";"19:30:00";"RS";392;96,3;"PELOTAS";"Defeito Mecânico no Veículo";"Incêndio";"Sem Vítimas";"Plena Noite";"Crescente";"Nublado";"Simples";"Reta";"Não";2;0;0;0;1;1;0;2;-31,560417;-52,547729;"SPRF-RS";"DEL07-RS";"UOP01-DEL07-RS"
159330;2018-09-14;"sexta-feira";"01:19:00";"SP";116;85,9;"PINDAMONHANGABA";"Falta de Atenção à Condução";"Colisão traseira";"Sem Vítimas";"Plena Noite";"Decrescente";"Céu Claro";"Dupla";"Reta";"Não";2;0;0;0;2;0;0;2;-22,922148;-45,344574;"SPRF-SP";"DEL06-SP";"UOP01-DEL06-SP"
159331;2018-09-14;"sexta-feira";"00:10:00";"MT";163;515;"DIAMANTINO";"Falta de Atenção à Condução";"Saída de leito carroçável";"Com Vítimas Feridas";"Plena Noite";"Decrescente";"Céu Claro";"Simples";"Reta";"Não";2;0;1;0;0;2;1;3;-14,51346517;-56,20365143;"SPRF-MT";"DEL01-MT";"UOP01-DEL01-MT"
159333;2018-09-14;"sexta-feira";"02:00:00";"PE";101;121,7;"ESCADA";"Não guardar distância de segurança";"Colisão traseira";"Sem Vítimas";"Plena Noite";"Crescente";"Céu Claro";"Dupla";"Reta";"Não";3;0;0;0;3;0;0;3;-8,35968734;-35,20481586;"SPRF-PE";"DEL01-PE";"UOP03-DEL01-PE"
159335;2018-09-14;"sexta-feira";"02:00:00";"BA";116;696,6;"JEQUIE";"Velocidade Incompatível";"Tombamento";"Com Vítimas Feridas";"Plena Noite";"Crescente";"Céu Claro";"Simples";"Curva";"Não";3;0;0;2;0;1;2;2;-14,0384351;-40,20419419;"SPRF-BA";"DEL03-BA";"UOP01-DEL03-BA"
159340;2018-09-14;"sexta-feira";"05:05:00";"RJ";116;298;"RESENDE";"Condutor Dormindo";"Colisão traseira";"Com Vítimas Feridas";"Amanhecer";"Decrescente";"Céu Claro";"Dupla";"Reta";"Não";3;0;1;0;1;1;1;3;-22,45418719;-44,37592506;"SPRF-RJ";"DEL07-RJ";"DEL5/7-UOP03/RJ"
159344;2018-09-14;"sexta-feira";"06:30:00";"GO";153;508,9;"APARECIDA DE GOIANIA";"Defeito Mecânico no Veículo";"Colisão traseira";"Com Vítimas Feridas";"Amanhecer";"Decrescente";"Céu Claro";"Múltipla";"Reta";"Sim";4;0;1;0;2;5;1;8;-16,77764026;-49,23671544;"SPRF-GO";"DEL01-GO";"UOP03-DEL01-GO"
159353;2018-09-14;"sexta-feira";"07:10:00";"SC";101;345,2;"TUBARAO";"Falta de Atenção à Condução";"Colisão com objeto estático";"Sem Vítimas";"Pleno dia";"Crescente";"Nublado";"Múltipla";"Reta";"Não";2;0;0;0;1;1;0;2;-28,54598698;-49,05346063;"SPRF-SC";"DEL02-SC";"UOP01-DEL02-SC"
159354;2018-09-14;"sexta-feira";"07:25:00";"PR";376;667;"GUARATUBA";"Velocidade Incompatível";"Tombamento";"Com Vítimas Feridas";"Pleno dia";"Crescente";"Garoa/Chuvisco";"Dupla";"Curva";"Não";2;0;1;0;0;1;1;2;-25,86169509;-48,93602371;"SPRF-PR";"DEL01-PR";"DEL7/1-UOP08/PR"
159362;2018-09-14;"sexta-feira";"08:10:00";"PR";376;615;"SAO JOSE DOS PINHAIS";"Falta de Atenção à Condução";"Colisão traseira";"Com Vítimas Feridas";"Pleno dia";"Crescente";"Nublado";"Dupla";"Curva";"Sim";2;0;1;0;1;0;1;2;-25,67989969;-49,152596;"SPRF-PR";"DEL01-PR";"UOP01-DEL01-PR"
159363;2018-09-14;"sexta-feira";"05:00:00";"PE";101;152;"RIBEIRAO";"Falta de Atenção à Condução";"Tombamento";"Com Vítimas Feridas";"Pleno dia";"Crescente";"Céu Claro";"Dupla";"Curva";"Sim";1;0;1;0;0;0;1;1;-8,5198;-35,39;"SPRF-PE";"DEL01-PE";"UOP03-DEL01-PE"
159368;2018-09-14;"sexta-feira";"09:00:00";"BA";324;0,8;"FEIRA DE SANTANA";"Agressão Externa";"Tombamento";"Com Vítimas Feridas";"Pleno dia";"Crescente";"Nublado";"Dupla";"Reta";"Sim";2;0;1;0;1;0;1;2;-12,27646902;-38,93885672;"SPRF-BA";"DEL02-BA";"UOP01-DEL02-BA"
159377;2018-09-14;"sexta-feira";"09:00:00";"SC";280;30,5;"ARAQUARI";"Falta de Atenção à Condução";"Engavetamento";"Com Vítimas Feridas";"Pleno dia";"Decrescente";"Chuva";"Simples";"Reta";"Sim";6;0;2;0;4;0;2;5;-26,41530279;-48,76663593;"SPRF-SC";"DEL03-SC";"UOP03-DEL03-SC"
159381;2018-09-14;"sexta-feira";"08:10:00";"MS";463;4,5;"DOURADOS";"Velocidade Incompatível";"Colisão frontal";"Com Vítimas Feridas";"Pleno dia";"Decrescente";"Chuva";"Simples";"Curva";"Não";11;0;7;2;1;3;9;7;-22,25929179;-54,84716177;"SPRF-MS";"DEL04-MS";"UOP01-DEL04-MS"
159384;2018-09-06;"quinta-feira";"12:10:00";"SC";101;233;"PALHOCA";"Desobediência às normas de trânsito pelo condutor";"Queda de ocupante de veículo";"Com Vítimas Feridas";"Pleno dia";"Crescente";"Céu Claro";"Dupla";"Reta";"Não";2;0;1;0;1;0;1;2;-27,8102;-48,6355;"SPRF-SC";"DEL01-SC";"UOP02-DEL01-SC"
159386;2018-09-14;"sexta-feira";"07:10:00";"RO";364;278,4;"PRESIDENTE MEDICI";"Desobediência às normas de trânsito pelo condutor";"Colisão lateral";"Com Vítimas Feridas";"Pleno dia";"Crescente";"Sol";"Simples";"Reta;Aclive";"Não";7;0;2;0;3;3;2;7;-11,383958;-61,786339;"SPRF-RO";"DEL02-RO";"UOP01-DEL02-RO"
159393;2018-09-14;"sexta-feira";"11:25:00";"ES";262;47,1;"MARECHAL FLORIANO";"Falta de Atenção à Condução";"Colisão transversal";"Com Vítimas Feridas";"Pleno dia";"Decrescente";"Céu Claro";"Simples";"Reta";"Sim";4;0;0;2;1;1;2;3;-20,41145318;-40,67966133;"SPRF-ES";"DEL01-ES";"UOP01-DEL01-ES"
159394;2018-09-14;"sexta-feira";"11:00:00";"SP";381;21,5;"BRAGANCA PAULISTA";"Falta de Atenção à Condução";"Colisão traseira";"Com Vítimas Feridas";"Pleno dia";"Decrescente";"Chuva";"Dupla";"Reta";"Não";3;0;1;0;1;3;1;5;-22,99352831;-46,51149988;"SPRF-SP";"DEL03-SP";"UOP02-DEL03-SP"
159395;2018-09-14;"sexta-feira";"08:25:00";"SC";480;130;"CHAPECO";"Defeito Mecânico no Veículo";"Colisão traseira";"Sem Vítimas";"Pleno dia";"Crescente";"Nublado";"Dupla";"Curva;Aclive";"Sim";3;0;0;0;3;0;0;3;-27,05335476;-52,63631344;"SPRF-SC";"DEL07-SC";"UOP01-DEL07-SC"
159399;2018-09-14;"sexta-feira";"12:30:00";"BA";116;210;"EUCLIDES DA CUNHA";"Defeito Mecânico no Veículo";"Colisão traseira";"Com Vítimas Feridas";"Pleno dia";"Crescente";"Céu Claro";"Simples";"Reta";"Não";3;0;0;1;1;1;1;3;-10,502053;-39,011696;"SPRF-BA";"DEL07-BA";"UOP02-DEL07-BA"
159400;2018-09-14;"sexta-feira";"11:40:00";"PR";277;484,1;"NOVA LARANJEIRAS";"Velocidade Incompatível";"Colisão frontal";"Com Vítimas Feridas";"Pleno dia";"Crescente";"Céu Claro";"Simples";"Curva";"Não";4;0;1;0;2;3;1;6;-25,26395344;-52,62407721;"SPRF-PR";"DEL04-PR";"UOP02-DEL04-PR"
159401;2018-09-14;"sexta-feira";"12:00:00";"MG";381;872,3;"POUSO ALEGRE";"Velocidade Incompatível";"Saída de leito carroçável";"Com Vítimas Feridas";"Pleno dia";"Crescente";"Chuva";"Simples";"Reta;Desvio Temporário;Declive";"Não";3;0;0;1;2;0;1;2;-22,40769054;-45,96195532;"SPRF-MG";"DEL16-MG";"UOP01-DEL16-MG"
159405;2018-09-14;"sexta-feira";"12:40:00";"MG";365;741,8;"ITUIUTABA";"Pista Escorregadia";"Colisão lateral";"Com Vítimas Fatais";"Pleno dia";"Decrescente";"Nublado";"Simples";"Reta";"Não";3;1;0;0;1;2;0;4;-18,91172681;-49,36428666;"SPRF-MG";"DEL15-MG";"UOP03-DEL15-MG"
159407;2018-09-14;"sexta-feira";"10:30:00";"BA";101;444;"UBAITABA";"Desobediência às normas de trânsito pelo condutor";"Colisão transversal";"Com Vítimas Feridas";"Pleno dia";"Crescente";"Céu Claro";"Simples";"Aclive";"Não";2;0;1;0;1;0;1;2;-14,3094;-39,3208;"SPRF-BA";"DEL05-BA";"UOP01-DEL05-BA"
159408;2018-09-11;"terça-feira";"15:15:00";"RS";116;248,1;"SAO LEOPOLDO";"Desobediência às normas de trânsito pelo condutor";"Colisão lateral";"Sem Vítimas";"Pleno dia";"Decrescente";"Sol";"Múltipla";"Aclive";"Sim";5;0;0;0;4;3;0;7;-29,77262873;-51,15412742;"SPRF-RS";"DEL01-RS";"UOP02-DEL01-RS"
159410;2018-09-14;"sexta-feira";"13:05:00";"RS";290;583;"ALEGRETE";"Falta de Atenção à Condução";"Tombamento";"Com Vítimas Feridas";"Pleno dia";"Decrescente";"Céu Claro";"Simples";"Rotatória";"Sim";3;0;1;0;1;1;1;2;-29,8058275;-55,8095387;"SPRF-RS";"DEL13-RS";"UOP02-DEL13-RS"
159419;2018-09-14;"sexta-feira";"13:30:00";"TO";153;601,2;"CRIXAS DO TOCANTINS";"Defeito na Via";"Derramamento de carga";"Sem Vítimas";"Pleno dia";"Decrescente";"Céu Claro";"Simples";"Reta";"Não";2;0;0;0;1;2;0;3;-11,12484425;-48,92211914;"SPRF-TO";"DEL02-TO";"UOP02-DEL01-TO"
159424;2018-09-14;"sexta-feira";"14:40:00";"SP";153;107,8;"JOSE BONIFACIO";"Falta de Atenção à Condução";"Colisão transversal";"Com Vítimas Feridas";"Pleno dia";"Crescente";"Nublado";"Simples";"Reta;Interseção de Vias";"Sim";2;0;1;0;1;0;1;2;-21,0694835;-49,66496229;"SPRF-SP";"DEL09-SP";"UOP01-DEL09-SP"
159429;2018-09-14;"sexta-feira";"14:40:00";"BA";324;626;"SALVADOR";"Não guardar distância de segurança";"Colisão lateral";"Sem Vítimas";"Pleno dia";"Crescente";"Céu Claro";"Múltipla";"Aclive;Viaduto;Reta";"Sim";6;0;0;0;6;0;0;2;-12,966261;-38,4750035;"SPRF-BA";"DEL01-BA";"UOP01-DEL01-BA"
159430;2018-09-14;"sexta-feira";"13:30:00";"PR";476;355,5;"UNIAO DA VITORIA";"Falta de Atenção à Condução";"Colisão traseira";"Sem Vítimas";"Pleno dia";"Crescente";"Nublado";"Simples";"Ponte";"Não";3;0;0;0;2;1;0;3;-26,1962437;-51,02349043;"SPRF-PR";"DEL02-PR";"UOP03-DEL02-PR"
159433;2018-09-14;"sexta-feira";"15:30:00";"BA";116;321,2;"ARACI";"Falta de Atenção do Pedestre";"Atropelamento de Pedestre";"Com Vítimas Feridas";"Pleno dia";"Crescente";"Céu Claro";"Simples";"Reta";"Sim";2;0;1;0;0;1;1;2;-11,33897314;-38,95851731;"SPRF-BA";"DEL02-BA";"DEL10/2-UOP02/BA"
159435;2018-09-14;"sexta-feira";"09:00:00";"SP";116;501;"CAJATI";"Velocidade Incompatível";"Colisão com objeto estático";"Sem Vítimas";"Pleno dia";"Crescente";"Garoa/Chuvisco";"Simples";"Curva";"Não";2;0;0;0;1;1;0;2;-24,78392926;-48,18294525;"SPRF-SP";"DEL05-SP";"UAP01-DEL05-SP"
159441;2018-09-14;"sexta-feira";"16:00:00";"ES";101;166,9;"LINHARES";"Falta de Atenção à Condução";"Colisão lateral";"Com Vítimas Feridas";"Pleno dia";"Decrescente";"Céu Claro";"Simples";"Reta";"Sim";3;0;0;1;1;1;1;3;-19,52549438;-40,15005112;"SPRF-ES";"DEL04-ES";"UOP01-DEL04-ES"
159448;2018-09-14;"sexta-feira";"14:40:00";"MG";153;102,8;"PRATA";"Defeito Mecânico no Veículo";"Saída de leito carroçável";"Com Vítimas Feridas";"Pleno dia";"Decrescente";"Chuva";"Simples";"Reta";"Não";1;0;1;0;0;0;1;1;-19,26123878;-48,92349243;"SPRF-MG";"DEL15-MG";"UOP03-DEL15-MG"
159452;2018-09-14;"sexta-feira";"13:20:00";"GO";153;223,7;"URUACU";"Defeito Mecânico no Veículo";"Saída de leito carroçável";"Com Vítimas Feridas";"Pleno dia";"Decrescente";"Sol";"Simples";"Curva";"Não";2;0;1;0;0;1;1;2;-14,710747;-49,2253;"SPRF-GO";"DEL07-GO";"UOP02-DEL07-GO"
159455;2018-09-14;"sexta-feira";"15:20:00";"MG";365;614;"UBERLANDIA";"Pista Escorregadia";"Danos eventuais";"Sem Vítimas";"Pleno dia";"Crescente";"Chuva";"Simples";"Reta";"Não";2;0;0;0;1;1;0;2;-18,91214295;-48,22004825;"SPRF-MG";"DEL15-MG";"UOP01-DEL15-MG"
159457;2018-05-11;"sexta-feira";"16:30:00";"MG";40;347,5;"FELIXLANDIA";"Falta de Atenção à Condução";"Colisão lateral";"Com Vítimas Feridas";"Pleno dia";"Crescente";"Céu Claro";"Simples";"Reta";"Não";3;0;0;2;1;0;2;2;-18,72100745;-44,94403102;"SPRF-MG";"DEL02-MG";"UOP01-DEL02-MG"
159464;2018-09-14;"sexta-feira";"16:00:00";"SC";280;80,8;"CORUPA";"Desobediência às normas de trânsito pelo condutor";"Saída de leito carroçável";"Com Vítimas Feridas";"Pleno dia";"Decrescente";"Garoa/Chuvisco";"Simples";"Interseção de Vias";"Sim";2;0;0;1;1;0;1;2;-26,43929795;-49,22883511;"SPRF-SC";"DEL06-SC";"UOP03-DEL06-SC"
159471;2018-09-14;"sexta-feira";"18:00:00";"CE";116;491;"MILAGRES";"Falta de Atenção à Condução";"Colisão transversal";"Com Vítimas Feridas";"Anoitecer";"Decrescente";"Céu Claro";"Simples";"Interseção de Vias";"Não";4;0;1;0;3;0;1;2;-7,39617993;-38,96162362;"SPRF-CE";"DEL05-CE";"UOP03-DEL05-CE"
159476;2018-09-14;"sexta-feira";"17:05:00";"SC";116;206,6;"PONTE ALTA";"Falta de Atenção à Condução";"Colisão transversal";"Com Vítimas Feridas";"Pleno dia";"Decrescente";"Céu Claro";"Simples";"Aclive;Interseção de Vias";"Sim";2;0;0;1;1;0;1;2;-27,47855883;-50,38067222;"SPRF-SC";"DEL05-SC";"UOP03-DEL05-SC"