"id";"data_inversa";"dia_semana";"horario";"uf";"br";"km";"municipio";"causa_acidente";"tipo_acidente";"classificacao_acidente";"fase_dia";"sentido_via";"condicao_metereologica";"tipo_pista";"tracado_via";"uso_solo";"pessoas";"mortos";"feridos_leves";"feridos_graves";"ilesos";"ignorados";"feridos";"veiculos";"latitude";"longitude";"regional";"delegacia";"uop"
159477;2018-09-14;"sexta-feira";"08:15:00";"SC";116;304,8;"CAPAO ALTO";"Velocidade Incompatível";"Saída de leito carroçável";"Com Vítimas Feridas";"Pleno dia";"Crescente";"Garoa/Chuvisco";"Simples";"Curva";"Não";1;0;1;0;0;0;1;1;-28,16675654;-50,66716969;"SPRF-SC";"DEL05-SC";"UOP02-DEL05-SC"
159485;2018-09-14;"sexta-feira";"19:00:00";"SC";280;51,5;"GUARAMIRIM";"Ingestão de Álcool";"Colisão frontal";"Sem Vítimas";"Plena Noite";"Decrescente";"Nublado";"Simples";"Interseção de Vias";"Sim";4;0;0;0;2;3;0;5;-26,46722116;-48,9602387;"SPRF-SC";"DEL03-SC";"UOP03-DEL03-SC"
159491;2018-09-14;"sexta-feira";"13:00:00";"BA";101;701,2;"EUNAPOLIS";"Velocidade Incompatível";"Tombamento";"Com Vítimas Feridas";"Pleno dia";"Crescente";"Céu Claro";"Simples";"Curva";"Não";2;0;1;0;0;1;1;2;-16,2616;-39,5882;"SPRF-BA";"DEL09-BA";"UOP01-DEL09-BA"
159492;2018-09-14;"sexta-feira";"14:30:00";"RJ";101;523,4;"ANGRA DOS REIS";"Pista Escorregadia";"Colisão frontal";"Com Vítimas Feridas";"Pleno dia";"Decrescente";"Chuva";"Simples";"Curva";"Não";2;0;1;0;1;0;1;2;-23,00635717;-44,48656082;"SPRF-RJ";"DEL03-RJ";"UOP02-DEL03-RJ"
159507;2018-09-14;"sexta-feira";"18:40:00";"MG";146;580;"BOTELHOS";"Falta de Atenção à Condução";"Colisão transversal";"Com Vítimas Feridas";"Plena Noite";"Decrescente";"Chuva";"Simples";"Reta";"Não";3;0;0;2;1;0;2;2;-21,631355;-46,407696;"SPRF-MG";"DEL09-MG";"UOP01-DEL09-MG"
159510;2018-09-14;"sexta-feira";"18:30:00";"SC";101;254,9;"PAULO LOPES";"Falta de Atenção à Condução";"Colisão lateral";"Sem Vítimas";"Plena Noite";"Decrescente";"Chuva";"Dupla";"Reta";"Não";3;0;0;0;2;1;0;3;-27,9883;-48,6791;"SPRF-SC";"DEL02-SC";"UOP03-DEL02-SC"
159517;2018-09-14;"sexta-feira";"20:00:00";"MG";365;372,8;"PATOS DE MINAS";"Pista Escorregadia";"Colisão frontal";"Com Vítimas Feridas";"Plena Noite";"Crescente";"Chuva";"Simples";"Curva";"Não";6;0;3;0;3;0;3;2;-18,546389;-46,207779;"SPRF-MG";"DEL10-MG";"UOP01-DEL10-MG"
159519;2018-09-14;"sexta-feira";"14:30:00";"MT";174;133;"MIRASSOL DOESTE";"Desobediência às normas de trânsito pelo condutor";"Colisão transversal";"Com Vítimas Feridas";"Pleno dia";"Decrescente";"Chuva";"Simples";"Reta";"Não";3;0;1;0;1;1;1;3;-15,84324;-58,145054;"SPRF-MT";"DEL03-MT";"UOP01-DEL03-MT"
159520;2018-09-14;"sexta-feira";"12:45:00";"MS";158;99,8;"PARANAIBA";"Carga excessiva e/ou mal acondicionada";"Derramamento de carga";"Sem Vítimas";"Pleno dia";"Crescente";"Chuva";"Simples";"Reta";"Sim";2;0;0;0;1;2;0;3;-19,702106;-51,158798;"SPRF-MS";"DEL08-MS";"UOP01-DEL08-MS"
159522;2018-09-14;"sexta-feira";"22:20:00";"ES";101;402,5;"CACHOEIRO DE ITAPEMIRIM";"Falta de Atenção à Condução";"Colisão traseira";"Com Vítimas Fatais";"Plena Noite";"Crescente";"Céu Claro";"Simples";"Reta;Aclive";"Não";2;1;0;0;1;0;0;2;-20,889;-40,994;"SPRF-ES";"DEL03-ES";"UOP02-DEL03-ES"
159524;2018-09-14;"sexta-feira";"22:00:00";"SC";470;8,7;"NAVEGANTES";"Falta de Atenção à Condução";"Colisão com objeto estático";"Sem Vítimas";"Plena Noite";"Decrescente";"Chuva";"Simples";"Interseção de Vias";"Não";1;0;0;0;1;0;0;1;-26,833693;-48,73724;"SPRF-SC";"DEL04-SC";"UOP04-DEL04-SC"
159527;2018-09-14;"sexta-feira";"22:10:00";"RJ";116;253;"PIRAI";"Falta de Atenção à Condução";"Saída de leito carroçável";"Com Vítimas Feridas";"Plena Noite";"Decrescente";"Chuva";"Dupla";"Reta";"Sim";1;0;1;0;0;0;1;1;-22,58263154;-44,03045654;"SPRF-RJ";"DEL07-RJ";"UOP02-DEL07-RJ"
159532;2018-09-14;"sexta-feira";"18:30:00";"MA";10;241,9;"IMPERATRIZ";"Falta de Atenção do Pedestre";"Atropelamento de Pedestre";"Com Vítimas Feridas";"Anoitecer";"Decrescente";"Céu Claro";"Simples";"Reta";"Sim";4;0;1;0;2;1;1;4;-5,61175;-47,4184;"SPRF-MA";"DEL04-MA";"UOP01-DEL04-MA"
159533;2018-09-14;"sexta-feira";"21:00:00";"MT";364;624,8;"DIAMANTINO";"Falta de Atenção à Condução";"Tombamento";"Com Vítimas Feridas";"Plena Noite";"Decrescente";"Céu Claro";"Simples";"Curva";"Não";3;0;1;1;0;2;2;3;-14,323362;-56,445243;"SPRF-MT";"DEL01-MT";"UOP01-DEL01-MT"
159536;2018-09-14;"sexta-feira";"21:00:00";"SC";480;124;"CHAPECO";"Velocidade Incompatível";"Colisão com objeto estático";"Com Vítimas Feridas";"Plena Noite";"Decrescente";"Nublado";"Dupla";"Curva";"Não";2;0;1;0;1;0;1;2;-27,0019375;-52,64476776;"SPRF-SC";"DEL07-SC";"UOP01-DEL07-SC"
159550;2018-09-15;"sábado";"00:20:00";"SC";470;146;"RIO DO SUL";"Desobediência às normas de trânsito pelo condutor";"Colisão lateral";"Sem Vítimas";"Plena Noite";"Decrescente";"Nublado";"Simples";"Aclive";"Sim";4;0;0;0;3;1;0;4;-27,240673;-49,685822;"SPRF-SC";"DEL04-SC";"UOP02-DEL04-SC"
159552;2018-09-15;"sábado";"01:30:00";"RJ";393;108;"SAPUCAIA";"Condutor Dormindo";"Colisão com objeto estático";"Com Vítimas Feridas";"Plena Noite";"Decrescente";"Chuva";"Simples";"Reta";"Sim";2;0;1;0;0;1;1;2;-21,8969821;-42,71679372;"SPRF-RJ";"DEL06-RJ";"UOP01-DEL05-RJ"
159558;2018-09-15;"sábado";"01:30:00";"RS";470;69;"LAGOA VERMELHA";"Ingestão de Álcool";"Colisão frontal";"Com Vítimas Feridas";"Plena Noite";"Crescente";"Céu Claro";"Simples";"Aclive";"Não";3;0;1;0;1;1;1;3;-28,203295;-51,525402;"SPRF-RS";"DEL08-RS";"UOP05-DEL08-RS"
159559;2018-09-15;"sábado";"02:50:00";"PE";232;373;"FLORES";"Ultrapassagem Indevida";"Saída de leito carroçável";"Com Vítimas Feridas";"Plena Noite";"Decrescente";"Céu Claro";"Simples";"Reta";"Não";1;0;1;0;0;0;1;1;-8,04164542;-38,0545832;"SPRF-PE";"DEL04-PE";"UOP01-DEL04-PE"
159565;2018-09-14;"sexta-feira";"20:15:00";"GO";452;143,6;"BOM JESUS DE GOIAS";"Desobediência às normas de trânsito pelo condutor";"Colisão transversal";"Com Vítimas Feridas";"Plena Noite";"Decrescente";"Chuva";"Simples";"Declive";"Não";5;0;1;0;3;4;1;8;-18,25959;-49,66832;"SPRF-GO";"DEL03-GO";"UOP02-DEL03-GO"
159566;2018-09-15;"sábado";"03:30:00";"MG";40;548;"NOVA LIMA";"Falta de Atenção à Condução";"Colisão traseira";"Com Vítimas Feridas";"Plena Noite";"Crescente";"Garoa/Chuvisco";"Dupla";"Curva";"Sim";3;0;1;0;2;0;1;2;-20,03255611;-43,96951085;"SPRF-MG";"DEL01-MG";"UOP02-DEL01-MG"
159573;2018-09-15;"sábado";"03:00:00";"MG";40;728,3;"OLIVEIRA FORTES";"Não guardar distância de segurança";"Colisão traseira";"Sem Vítimas";"Plena Noite";"Decrescente";"Nublado";"Dupla";"Reta";"Não";3;0;0;0;2;1;0;3;-21,3429;-43,5875;"SPRF-MG";"DEL05-MG";"UOP01-DEL05-MG"
159576;2018-09-15;"sábado";"03:30:00";"MA";10;247,1;"IMPERATRIZ";"Falta de Atenção do Pedestre";"Atropelamento de Pedestre";"Com Vítimas Fatais";"Plena Noite";"Decrescente";"Céu Claro";"Simples";"Reta";"Sim";2;1;0;0;0;1;0;2;-5,57296;-47,44457;"SPRF-MA";"DEL04-MA";"UOP01-DEL04-MA"
159584;2018-09-15;"sábado";"06:30:00";"MG";365;720;"MONTE ALEGRE DE MINAS";"Pista Escorregadia";"Colisão transversal";"Com Vítimas Feridas";"Amanhecer";"Decrescente";"Nublado";"Simples";"Reta";"Não";4;0;2;0;1;1;2;3;-18,88030044;-49,13566589;"SPRF-MG";"DEL15-MG";"UOP03-DEL15-MG"
159591;2018-09-15;"sábado";"06:00:00";"RS";158;324,9;"SANTA MARIA";"Desobediência às normas de trânsito pelo condutor";"Queda de ocupante de veículo";"Com Vítimas Fatais";"Amanhecer";"Crescente";"Chuva";"Simples";"Em Obras";"Sim";2;1;0;0;0;1;0;2;-29,70680387;-53,79923344;"SPRF-RS";"DEL09-RS";"UOP01-DEL09-RS"
159612;2018-01-19;"sexta-feira";"04:10:00";"MG";381;905;"CAMBUI";"Condutor Dormindo";"Colisão traseira";"Com Vítimas Feridas";"Plena Noite";"Decrescente";"Nublado";"Dupla";"Curva";"Não";3;0;1;0;1;1;1;3;-22,6662;-46,093;"SPRF-MG";"DEL16-MG";"UOP03-DEL16-MG"
159618;2018-09-15;"sábado";"06:30:00";"MG";116;136;"PONTO DOS VOLANTES";"Desobediência às normas de trânsito pelo condutor";"Colisão transversal";"Com Vítimas Fatais";"Pleno dia";"Crescente";"Céu Claro";"Simples";"Reta";"Não";3;1;0;0;1;1;0;3;-16,74372893;-41,50583267;"SPRF-MG";"DEL11-MG";"UOP02-DEL11-MG"
159620;2018-09-15;"sábado";"09:10:00";"SP";459;31;"LORENA";"Falta de Atenção à Condução";"Colisão transversal";"Com Vítimas Feridas";"Pleno dia";"Crescente";"Céu Claro";"Simples";"Retorno Regulamentado";"Sim";3;0;2;0;1;0;2;2;-22,732813;-45,098679;"SPRF-SP";"DEL08-SP";"UOP03-DEL08-SP"
159623;2018-09-15;"sábado";"09:00:00";"MG";365;4,5;"MONTES CLAROS";"Velocidade Incompatível";"Tombamento";"Com Vítimas Feridas";"Pleno dia";"Decrescente";"Nublado";"Simples";"Curva;Declive";"Não";2;0;1;1;0;0;2;1;-16,783934;-43,890854;"SPRF-MG";"DEL12-MG";"UOP01-DEL12-MG"
159625;2018-09-15;"sábado";"10:00:00";"TO";153;338;"GUARAI";"Falta de Atenção à Condução";"Capotamento";"Com Vítimas Feridas";"Pleno dia";"Crescente";"Céu Claro";"Simples";"Reta";"Não";2;0;1;0;1;0;1;2;-8,88007351;-48,50887334;"SPRF-TO";"DEL02-TO";"UOP02-DEL02-TO"
159627;2018-09-15;"sábado";"06:10:00";"MT";70;477,3;"SANTO ANTONIO DO LEVERGER";"Defeito Mecânico no Veículo";"Engavetamento";"Sem Vítimas";"Pleno dia";"Decrescente";"Céu Claro";"Simples";"Reta";"Não";4;0;0;0;3;5;0;8;-15,704645;-55,723686;"SPRF-MT";"DEL02-MT";"UOP02-DEL01-MT"
159641;2018-09-15;"sábado";"10:50:00";"PR";476;142;"CURITIBA";"Falta de Atenção à Condução";"Colisão traseira";"Com Vítimas Feridas";"Pleno dia";"Decrescente";"Céu Claro";"Dupla";"Reta";"Sim";2;0;1;0;1;0;1;2;-25,537161;-49,301632;"SPRF-PR";"DEL01-PR";"UOP07-DEL01-PR"
159642;2018-09-15;"sábado";"09:30:00";"SP";381;3,2;"VARGEM";"Desobediência às normas de trânsito pelo condutor";"Colisão traseira";"Com Vítimas Feridas";"Pleno dia";"Decrescente";"Nublado";"Dupla";"Reta";"Não";3;0;1;0;1;1;1;3;-22,8803146;-46,4026924;"SPRF-SP";"DEL03-SP";"UOP02-DEL03-SP"
159645;2018-09-15;"sábado";"12:00:00";"PR";277;590,2;"CASCAVEL";"Ingestão de Álcool";"Colisão transversal";"Sem Vítimas";"Pleno dia";"Crescente";"Céu Claro";"Simples";"Reta";"Sim";2;0;0;0;2;0;0;2;-24,98054398;-53,45470369;"SPRF-PR";"DEL04-PR";"UOP01-DEL04-PR"
159650;2018-09-15;"sábado";"11:50:00";"RO";364;161,5;"PIMENTA BUENO";"Ultrapassagem Indevida";"Colisão lateral";"Com Vítimas Feridas";"Pleno dia";"Crescente";"Chuva";"Simples";"Declive";"Não";10;0;4;1;3;4;5;7;-11,907707;-60,970778;"SPRF-RO";"DEL02-RO";"UOP02-DEL02-RO"
159652;2018-09-15;"sábado";"07:30:00";"GO";452;143,6;"BOM JESUS DE GOIAS";"Falta de Atenção à Condução";"Colisão traseira";"Com Vítimas Feridas";"Pleno dia";"Crescente";"Céu Claro";"Simples";"Reta;Declive";"Não";3;0;1;0;1;1;1;3;-18,26017619;-49,66780767;"SPRF-GO";"DEL03-GO";"UOP02-DEL03-GO"
159661;2018-09-15;"sábado";"14:45:00";"PR";376;170,8;"MARINGA";"Desobediência às normas de trânsito pelo condutor";"Colisão transversal";"Com Vítimas Feridas";"Pleno dia";"Decrescente";"Céu Claro";"Dupla";"Rotatória;Declive;Interseção de Vias";"Sim";3;0;0;1;1;1;1;3;-23,40971108;-51,9875443;"SPRF-PR";"DEL07-PR";"UOP01-DEL09-PR"
159669;2018-09-15;"sábado";"14:30:00";"MG";40;617,5;"CONGONHAS";"Não guardar distância de segurança";"Colisão traseira";"Com Vítimas Feridas";"Pleno dia";"Crescente";"Céu Claro";"Simples";"Reta";"Sim";3;0;1;0;1;1;1;3;-20,56278078;-43,81203622;"SPRF-MG";"DEL05-MG";"UOP02-DEL05-MG"
159670;2018-09-15;"sábado";"14:50:00";"PE";232;393,8;"SERRA TALHADA";"Falta de Atenção à Condução";"Colisão lateral";"Com Vítimas Feridas";"Pleno dia";"Decrescente";"Céu Claro";"Simples";"Reta";"Não";3;0;1;0;1;1;1;3;-8,010047;-38,242943;"SPRF-PE";"DEL04-PE";"UOP01-DEL04-PE"
159677;2018-09-15;"sábado";"11:45:00";"SC";163;90,3;"GUARACIABA";"Defeito na Via";"Saída de leito carroçável";"Sem Vítimas";"Pleno dia";"Crescente";"Céu Claro";"Simples";"Curva";"Não";2;0;0;0;1;3;0;4;-26,56348356;-53,50877702;"SPRF-SC";"DEL07-SC";"UOP03-DEL07-SC"
159682;2018-09-15;"sábado";"16:00:00";"MG";116;350,2;"JAMPRUCA";"Condutor Dormindo";"Saída de leito carroçável";"Com Vítimas Feridas";"Pleno dia";"Decrescente";"Céu Claro";"Simples";"Reta";"Não";1;0;1;0;0;0;1;1;-18,42163894;-41,82804108;"SPRF-MG";"DEL11-MG";"UOP01-DEL11-MG"
159686;2018-09-15;"sábado";"05:00:00";"MG";262;160,5;"SAO DOMINGOS DO PRATA";"Defeito Mecânico no Veículo";"Saída de leito carroçável";"Com Vítimas Feridas";"Plena Noite";"Decrescente";"Chuva";"Simples";"Reta;Declive";"Não";1;0;0;1;0;0;1;1;-19,962814;-42,834915;"SPRF-MG";"DEL03-MG";"UOP03-DEL03-MG"
159691;2018-09-15;"sábado";"16:00:00";"MG";116;15;"CACHOEIRA DE PAJEU";"Avarias e/ou desgaste excessivo no pneu";"Saída de leito carroçável";"Com Vítimas Feridas";"Pleno dia";"Crescente";"Céu Claro";"Simples";"Declive";"Sim";3;0;2;0;0;1;2;2;-15,8054677;-41,36446953;"SPRF-BA";"DEL08-BA";"UOP03-DEL08-BA"
159697;2018-09-15;"sábado";"17:58:00";"SC";116;202,7;"PONTE ALTA";"Não guardar distância de segurança";"Colisão traseira";"Sem Vítimas";"Pleno dia";"Decrescente";"Nublado";"Simples";"Aclive";"Não";3;0;0;0;2;1;0;3;-27,44648652;-50,39576677;"SPRF-SC";"DEL05-SC";"UOP03-DEL05-SC"
159702;2018-09-15;"sábado";"17:20:00";"MT";163;957;"NOVA SANTA HELENA";"Velocidade Incompatível";"Colisão frontal";"Com Vítimas Fatais";"Anoitecer";"Crescente";"Nublado";"Simples";"Declive";"Não";6;3;0;1;1;2;1;4;-10,843147;-55,185123;"SPRF-MT";"DEL06-MT";"UOP02-DEL06-MT"
159720;2018-09-15;"sábado";"14:58:00";"MG";116;41,3;"PEDRA AZUL";"Velocidade Incompatível";"Tombamento";"Com Vítimas Feridas";"Pleno dia";"Crescente";"Céu Claro";"Simples";"Curva";"Não";2;0;1;0;0;1;1;2;-15,761115;-41,332664;"SPRF-BA";"DEL08-BA";"UOP03-DEL08-BA"
159726;2018-09-15;"sábado";"18:05:00";"RO";364;346,4;"JI-PARANA";"Falta de Atenção à Condução";"Engavetamento";"Sem Vítimas";"Anoitecer";"Crescente";"Céu Claro";"Simples";"Reta";"Sim";6;0;0;0;5;1;0;3;-10,865874;-61,968647;"SPRF-RO";"DEL02-RO";"UOP01-DEL02-RO"
159729;2018-09-15;"sábado";"19:20:00";"PR";376;623,3;"SAO JOSE DOS PINHAIS";"Falta de Atenção à Condução";"Colisão traseira";"Com Vítimas Fatais";"Plena Noite";"Decrescente";"Nublado";"Dupla";"Reta";"Sim";3;1;0;0;2;0;0;2;-25,6464301;-49,15850666;"SPRF-PR";"DEL01-PR";"DEL7/1-UOP08/PR"
159730;2018-09-15;"sábado";"18:35:00";"RO";364;281;"PRESIDENTE MEDICI";"Ultrapassagem Indevida";"Colisão lateral";"Com Vítimas Feridas";"Plena Noite";"Crescente";"Chuva";"Simples";"Reta";"Não";3;0;1;0;1;2;1;4;-11,378215;-61,813225;"SPRF-RO";"DEL02-RO";"UOP01-DEL02-RO"
159756;2018-09-15;"sábado";"22:10:00";"PE";232;273;"SERTANIA";"Condutor Dormindo";"Colisão frontal";"Com Vítimas Fatais";"Plena Noite";"Crescente";"Céu Claro";"Simples";"Reta";"Não";2;1;1;0;0;0;1;2;-8,45942573;-37,20039368;"SPRF-PE";"DEL03-PE";"UOP02-DEL03-PE"
159762;2018-09-15;"sábado";"22:50:00";"GO";70;9,1;"AGUAS LINDAS DE GOIAS";"Sinalização da via insuficiente ou inadequada";"Colisão lateral";"Com Vítimas Feridas";"Plena Noite";"Crescente";"Nublado";"Dupla";"Reta";"Sim";2;0;1;0;1;0;1;2;-15,73579477;-48,28343153;"SPRF-DF";"DEL01-DF";"UOP02-DEL03-DF"
159764;2018-09-15;"sábado";"22:10:00";"MG";262;568,5;"CORREGO DANTA";"Velocidade Incompatível";"Colisão frontal";"Com Vítimas Feridas";"Plena Noite";"Decrescente";"Chuva";"Simples";"Curva";"Não";3;0;0;1;1;2;1;4;-19,737259;-46,013737;"SPRF-MG";"N/A";"N/A"
159766;2018-09-15;"sábado";"22:35:00";"SC";470;133;"LONTRAS";"Ingestão de Álcool";"Colisão frontal";"Sem Vítimas";"Plena Noite";"Crescente";"Nevoeiro/Neblina";"Simples";"Reta";"Não";2;0;0;0;2;0;0;2;-27,16680977;-49,55887556;"SPRF-SC";"DEL04-SC";"UOP02-DEL04-SC"
159770;2018-09-15;"sábado";"19:30:00";"MT";364;265,7;"SAO PEDRO DA CIPA";"Não guardar distância de segurança";"Colisão traseira";"Com Vítimas Feridas";"Plena Noite";"Decrescente";"Céu Claro";"Simples";"Reta";"Não";4;0;0;1;2;3;1;6;-15,99862542;-54,92202759;"SPRF-MT";"DEL02-MT";"UOP02-DEL05-MT"
159789;2018-09-16;"domingo";"02:30:00";"CE";222;263,5;"COREAU";"Falta de Atenção à Condução";"Colisão traseira";"Com Vítimas Fatais";"Plena Noite";"Decrescente";"Céu Claro";"Simples";"Reta";"Não";4;1;0;0;2;1;0;4;-3,75018046;-40,70812225;"SPRF-CE";"DEL04-CE";"UOP01-DEL04-CE"
159798;2018-09-16;"domingo";"04:00:00";"PE";424;101,8;"GARANHUNS";"Ingestão de Álcool";"Colisão frontal";"Sem Vítimas";"Amanhecer";"Decrescente";"Ignorado";"Simples";"Aclive;Reta";"Não";2;0;0;0;2;0;0;2;-8,969143;-36,519597;"SPRF-PE";"DEL03-PE";"UOP01-DEL03-PE"
159810;2018-09-16;"domingo";"04:00:00";"PR";280;269,4;"MARMELEIRO";"Ingestão de Álcool";"Saída de leito carroçável";"Com Vítimas Feridas";"Plena Noite";"Decrescente";"Céu Claro";"Simples";"Reta";"Não";1;0;1;0;0;0;1;1;-26,2281812;-53,17764759;"SPRF-PR";"DEL02-PR";"UOP01-DEL02-PR"
159832;2018-07-06;"sexta-feira";"10:00:00";"RS";101;392;"SAO JOSE DO NORTE";"Não guardar distância de segurança";"Colisão lateral";"Com Vítimas Fatais";"Pleno dia";"Decrescente";"Nublado";"Simples";"Reta";"Não";6;3;0;0;2;2;0;5;-31,94633593;-51,98043823;"SPRF-RS";"DEL03-RS";"UOP01-DEL03-RS"
159839;2018-09-16;"domingo";"10:00:00";"PI";316;115,2;"PASSAGEM FRANCA DO PIAUI";"Condutor Dormindo";"Colisão lateral";"Com Vítimas Feridas";"Pleno dia";"Crescente";"Céu Claro";"Simples";"Reta";"Não";3;0;1;0;1;2;1;4;-5,94082628;-42,37375259;"SPRF-PI";"DEL04-PI";"UOP02-DEL04-PI"
159846;2018-09-16;"domingo";"09:30:00";"MG";40;621,3;"CONSELHEIRO LAFAIETE";"Desobediência às normas de trânsito pelo condutor";"Colisão transversal";"Com Vítimas Feridas";"Pleno dia";"Crescente";"Céu Claro";"Simples";"Curva;Interseção de Vias";"Sim";3;0;0;1;1;2;1;4;-20,59258113;-43,80426854;"SPRF-MG";"DEL05-MG";"UOP02-DEL05-MG"
159848;2018-09-16;"domingo";"10:40:00";"PR";476;193,2;"LAPA";"Falta de Atenção à Condução";"Saída de leito carroçável";"Com Vítimas Feridas";"Pleno dia";"Decrescente";"Céu Claro";"Simples";"Curva";"Não";2;0;1;0;0;1;1;2;-25,73032196;-49,70890331;"SPRF-PR";"DEL01-PR";"UOP06-DEL01-PR"
159851;2018-09-16;"domingo";"11:30:00";"RN";226;129,3;"CAMPO REDONDO";"Carga excessiva e/ou mal acondicionada";"Capotamento";"Com Vítimas Fatais";"Pleno dia";"Decrescente";"Céu Claro";"Simples";"Curva";"Sim";1;1;0;0;0;0;0;1;-6,19755766;-36,14922523;"SPRF-RN";"DEL03-RN";"UOP02-DEL03-RN"
159855;2018-09-16;"domingo";"10:50:00";"TO";153;186,7;"NOVA OLINDA";"Não guardar distância de segurança";"Colisão frontal";"Sem Vítimas";"Pleno dia";"Decrescente";"Céu Claro";"Simples";"Reta";"Não";3;0;0;0;2;1;0;2;-7,533458;-48,405938;"SPRF-TO";"DEL02-TO";"UOP01-DEL02-TO"
159869;2018-09-16;"domingo";"11:35:00";"MT";70;523;"VARZEA GRANDE";"Falta de Atenção à Condução";"Engavetamento";"Com Vítimas Feridas";"Pleno dia";"Crescente";"Céu Claro";"Simples";"Reta";"Sim";5;0;2;0;2;3;2;6;-15,65213095;-56,19506836;"SPRF-MT";"DEL01-MT";"DEL2/4-UOP02/MT"
159872;2018-09-16;"domingo";"13:25:00";"GO";20;162;"ALVORADA DO NORTE";"Defeito Mecânico no Veículo";"Saída de leito carroçável";"Sem Vítimas";"Pleno dia";"Crescente";"Céu Claro";"Simples";"Reta";"Não";1;0;0;0;1;0;0;1;-14,60318;-46,599838;"SPRF-DF";"DEL02-DF";"UOP03-DEL02-DF"
159875;2018-09-16;"domingo";"13:45:00";"AL";101;161,5;"CAMPO ALEGRE";"Falta de Atenção à Condução";"Colisão transversal";"Com Vítimas Fatais";"Pleno dia";"Decrescente";"Céu Claro";"Simples";"Reta";"Não";3;2;0;0;1;0;0;2;-9,899974;-36,273987;"SPRF-AL";"DEL02-AL";"UOP02-DEL02-AL"
159881;2018-09-16;"domingo";"14:30:00";"MG";262;158,3;"SAO DOMINGOS DO PRATA";"Defeito Mecânico no Veículo";"Colisão traseira";"Com Vítimas Feridas";"Pleno dia";"Decrescente";"Nublado";"Simples";"Reta";"Não";6;0;1;2;2;2;3;5;-19,96721789;-42,80608177;"SPRF-MG";"DEL03-MG";"UOP03-DEL03-MG"
159885;2018-09-16;"domingo";"14:50:00";"MG";381;409;"NOVA UNIAO";"Defeito Mecânico no Veículo";"Colisão traseira";"Com Vítimas Feridas";"Pleno dia";"Crescente";"Sol";"Simples";"Em Obras";"Não";3;0;1;0;1;1;1;3;-19,75374967;-43,53272438;"SPRF-MG";"DEL01-MG";"UOP01-DEL01-MG"
159911;2018-09-16;"domingo";"16:30:00";"MA";230;20,1;"BARAO DE GRAJAU";"Defeito Mecânico no Veículo";"Incêndio";"Sem Vítimas";"Pleno dia";"Crescente";"Céu Claro";"Simples";"Reta";"Não";2;0;0;0;1;1;0;2;-6,708068;-43,174152;"SPRF-PI";"DEL03-PI";"UOP01-DEL03-PI"
159915;2018-09-16;"domingo";"15:30:00";"SP";116;333;"MIRACATU";"Ingestão de Álcool";"Colisão traseira";"Sem Vítimas";"Pleno dia";"Crescente";"Céu Claro";"Dupla";"Reta";"Não";2;0;0;0;2;0;0;2;-23,9976228;-47,14902878;"SPRF-SP";"DEL04-SP";"UOP03-DEL04-SP"
159917;2018-09-16;"domingo";"11:50:00";"MG";116;488,8;"INHAPIM";"Velocidade Incompatível";"Tombamento";"Com Vítimas Feridas";"Pleno dia";"Crescente";"Céu Claro";"Simples";"Curva";"Não";1;0;1;0;0;0;1;1;-19,453868;-42,129925;"SPRF-MG";"DEL06-MG";"UOP02-DEL06-MG"
159941;2018-09-16;"domingo";"20:20:00";"PE";428;173,9;"PETROLINA";"Ingestão de Álcool";"Colisão lateral";"Com Vítimas Feridas";"Plena Noite";"Decrescente";"Céu Claro";"Simples";"Reta";"Não";2;0;0;1;1;0;1;2;-9,26364632;-40,43100715;"SPRF-PE";"DEL06-PE";"UOP01-DEL06-PE"
159947;2018-09-16;"domingo";"19:00:00";"PR";277;452;"LARANJEIRAS DO SUL";"Restrição de Visibilidade";"Colisão transversal";"Com Vítimas Feridas";"Plena Noite";"Crescente";"Chuva";"Simples";"Reta";"Sim";5;0;4;0;1;0;4;2;-25,37826826;-52,39622355;"SPRF-PR";"DEL04-PR";"UOP02-DEL04-PR"
159955;2018-09-16;"domingo";"21:20:00";"PR";376;182,7;"SARANDI";"Falta de Atenção à Condução";"Colisão traseira";"Com Vítimas Feridas";"Plena Noite";"Crescente";"Chuva";"Dupla";"Interseção de Vias";"Sim";3;0;0;1;1;3;1;5;-23,43506645;-51,88208699;"SPRF-PR";"DEL07-PR";"UOP01-DEL09-PR"
159959;2018-09-16;"domingo";"19:55:00";"PI";316;11;"TERESINA";"Desobediência às normas de trânsito pelo condutor";"Colisão transversal";"Com Vítimas Feridas";"Plena Noite";"Crescente";"Céu Claro";"Dupla";"Reta";"Sim";4;0;2;0;1;1;2;3;-5,191861;-42,760719;"SPRF-PI";"DEL01-PI";"UOP02-DEL01-PI"
159964;2018-09-16;"domingo";"18:15:00";"MA";10;238,9;"IMPERATRIZ";"Ingestão de Álcool";"Colisão traseira";"Com Vítimas Feridas";"Plena Noite";"Crescente";"Céu Claro";"Simples";"Reta";"Não";3;0;1;0;2;0;1;2;-5,63;-47,406;"SPRF-MA";"DEL04-MA";"UOP01-DEL04-MA"
159966;2018-09-16;"domingo";"22:15:00";"MA";10;376,1;"ITINGA DO MARANHAO";"Falta de Atenção à Condução";"Colisão frontal";"Com Vítimas Feridas";"Plena Noite";"Crescente";"Céu Claro";"Simples";"Reta";"Não";3;0;1;0;1;1;1;3;-4,46339523;-47,52264977;"SPRF-MA";"DEL04-MA";"UOP03-DEL04-MA"