"id";"data_inversa";"dia_semana";"horario";"uf";"br";"km";"municipio";"causa_acidente";"tipo_acidente";"classificacao_acidente";"fase_dia";"sentido_via";"condicao_metereologica";"tipo_pista";"tracado_via";"uso_solo";"pessoas";"mortos";"feridos_leves";"feridos_graves";"ilesos";"ignorados";"feridos";"veiculos";"latitude";"longitude";"regional";"delegacia";"uop"
159967;2018-09-16;"domingo";"22:10:00";"SC";282;212,3;"LAGES";"Deficiência ou não Acionamento do Sistema de Iluminação/Sinalização do Veículo";"Colisão traseira";"Sem Vítimas";"Plena Noite";"Crescente";"Céu Claro";"Simples";"Interseção de Vias";"Não";2;0;0;0;2;0;0;2;-27,782257;-50,251381;"SPRF-SC";"DEL05-SC";"UOP01-DEL05-SC"
159968;2018-09-16;"domingo";"19:05:00";"PR";476;355;"UNIAO DA VITORIA";"Falta de Atenção à Condução";"Colisão lateral";"Com Vítimas Feridas";"Plena Noite";"Decrescente";"Céu Claro";"Simples";"Reta";"Não";2;0;0;1;1;0;1;2;-26,196117;-51,022423;"SPRF-PR";"DEL02-PR";"UOP03-DEL02-PR"
159970;2018-09-16;"domingo";"22:30:00";"SC";101;138,7;"BALNEARIO CAMBORIU";"Não guardar distância de segurança";"Colisão traseira";"Com Vítimas Feridas";"Plena Noite";"Decrescente";"Chuva";"Dupla";"Curva";"Sim";5;0;1;2;1;1;3;3;-27,032;-48,6051;"SPRF-SC";"DEL04-SC";"UOP03-DEL04-SC"
159973;2018-09-16;"domingo";"22:20:00";"TO";153;302;"PRESIDENTE KENNEDY";"Falta de Atenção à Condução";"Colisão frontal";"Com Vítimas Feridas";"Plena Noite";"Decrescente";"Céu Claro";"Simples";"Reta";"Não";2;0;1;0;1;0;1;2;-8,551868;-48,483192;"SPRF-TO";"DEL02-TO";"UOP02-DEL02-TO"
159975;2018-09-16;"domingo";"22:00:00";"BA";242;396;"SEABRA";"Falta de Atenção à Condução";"Colisão traseira";"Com Vítimas Feridas";"Plena Noite";"Crescente";"Céu Claro";"Simples";"Reta";"Não";3;0;0;1;1;4;1;6;-12,459;-41,6567;"SPRF-BA";"DEL10-BA";"UOP03-DEL06-BA"
159976;2018-09-16;"domingo";"22:30:00";"DF";70;5,5;"BRASILIA";"Desobediência às normas de trânsito pelo condutor";"Colisão transversal";"Com Vítimas Feridas";"Plena Noite";"Crescente";"Nublado";"Dupla";"Reta";"Sim";6;0;4;0;2;0;4;4;-15,79256329;-48,10158849;"SPRF-DF";"DEL01-DF";"UOP02-DEL03-DF"
159977;2018-09-16;"domingo";"22:15:00";"GO";414;332,8;"COCALZINHO DE GOIAS";"Desobediência às normas de trânsito pelo condutor";"Colisão transversal";"Com Vítimas Fatais";"Plena Noite";"Crescente";"Nublado";"Simples";"Reta";"Não";4;1;0;0;1;2;0;4;-15,54289302;-48,62271488;"SPRF-GO";"DEL02-GO";"UOP01-DEL02-GO"
159983;2018-09-16;"domingo";"21:30:00";"MT";364;458;"VARZEA GRANDE";"Pista Escorregadia";"Colisão lateral";"Sem Vítimas";"Plena Noite";"Crescente";"Garoa/Chuvisco";"Simples";"Declive;Reta";"Não";3;0;0;0;2;1;0;3;-15,544446;-56,274193;"SPRF-MT";"DEL01-MT";"DEL2/4-UOP02/MT"
159985;2018-09-16;"domingo";"22:40:00";"TO";153;607,6;"CRIXAS DO TOCANTINS";"Condutor Dormindo";"Colisão lateral";"Com Vítimas Feridas";"Plena Noite";"Crescente";"Céu Claro";"Simples";"Reta;Declive";"Não";3;0;0;1;1;1;1;3;-11,122621;-48,922569;"SPRF-TO";"DEL02-TO";"UOP02-DEL01-TO"
159989;2018-09-16;"domingo";"13:30:00";"MT";364;562;"NOBRES";"Falta de Atenção à Condução";"Saída de leito carroçável";"Sem Vítimas";"Pleno dia";"Crescente";"Céu Claro";"Dupla";"Reta";"Não";3;0;0;0;2;1;0;2;-14,70316498;-56,31969452;"SPRF-MT";"DEL01-MT";"UOP01-DEL01-MT"
159991;2018-09-16;"domingo";"16:00:00";"MT";364;660;"DIAMANTINO";"Falta de Atenção à Condução";"Colisão transversal";"Com Vítimas Fatais";"Pleno dia";"Crescente";"Chuva";"Simples";"Reta";"Não";6;2;0;2;1;1;2;3;-14,13124878;-56,69494629;"SPRF-MT";"DEL01-MT";"UOP01-DEL01-MT"
159992;2018-09-17;"segunda-feira";"00:23:00";"RJ";116;303,9;"RESENDE";"Condutor Dormindo";"Colisão traseira";"Com Vítimas Feridas";"Plena Noite";"Crescente";"Céu Claro";"Dupla";"Reta";"Sim";3;0;1;0;2;0;1;2;-22,4587215;-44,4318835;"SPRF-RJ";"DEL07-RJ";"DEL5/7-UOP03/RJ"
160000;2018-09-17;"segunda-feira";"03:15:00";"BA";324;601;"SIMOES FILHO";"Condutor Dormindo";"Tombamento";"Com Vítimas Feridas";"Plena Noite";"Crescente";"Céu Claro";"Dupla";"Reta";"Não";3;0;1;0;2;0;1;1;-12,77271327;-38,41940403;"SPRF-BA";"DEL01-BA";"UOP01-DEL01-BA"
160003;2018-09-16;"domingo";"19:50:00";"MT";364;120,8;"PEDRA PRETA";"Falta de Atenção à Condução";"Saída de leito carroçável";"Com Vítimas Feridas";"Plena Noite";"Decrescente";"Nublado";"Simples";"Reta;Declive";"Não";2;0;1;0;0;1;1;2;-16,859882;-53,911736;"SPRF-MT";"DEL02-MT";"UOP02-DEL02-MT"
160010;2018-09-17;"segunda-feira";"06:30:00";"MG";40;531,7;"BELO HORIZONTE";"Não guardar distância de segurança";"Colisão lateral";"Com Vítimas Fatais";"Pleno dia";"Crescente";"Nublado";"Dupla";"Reta;Declive";"Sim";4;1;0;0;2;1;0;4;-19,9242425;-44,0147166;"SPRF-MG";"DEL01-MG";"UOP03-DEL01-MG"
160017;2018-09-17;"segunda-feira";"05:40:00";"SC";116;140,4;"ITAIOPOLIS";"Defeito Mecânico no Veículo";"Incêndio";"Sem Vítimas";"Amanhecer";"Crescente";"Garoa/Chuvisco";"Simples";"Reta";"Não";2;0;0;0;1;3;0;4;-26,19553131;-49,87853721;"SPRF-SC";"DEL06-SC";"UOP02-DEL06-SC"
160018;2018-09-17;"segunda-feira";"07:28:00";"PA";163;1001;"SANTAREM";"Pista Escorregadia";"Queda de ocupante de veículo";"Com Vítimas Feridas";"Pleno dia";"Crescente";"Céu Claro";"Simples";"Reta";"Sim";2;0;1;0;1;0;1;2;-2,45966667;-54,72770691;"SPRF-PA";"DEL05-PA";"UOP01-DEL05-PA"
160021;2018-09-05;"quarta-feira";"08:35:00";"PR";277;114;"CAMPO LARGO";"Falta de Atenção à Condução";"Colisão lateral";"Com Vítimas Feridas";"Pleno dia";"Decrescente";"Céu Claro";"Dupla";"Interseção de Vias";"Não";2;0;1;0;1;0;1;2;-25,44575478;-49,48997498;"SPRF-PR";"DEL01-PR";"UOP06-DEL01-PR"
160024;2018-09-17;"segunda-feira";"05:15:00";"RJ";40;78,9;"PETROPOLIS";"Falta de Atenção à Condução";"Saída de leito carroçável";"Com Vítimas Feridas";"Amanhecer";"Decrescente";"Céu Claro";"Dupla";"Reta";"Não";2;0;1;0;0;1;1;2;-22,5141923;-43,23110998;"SPRF-RJ";"DEL06-RJ";"UOP01-DEL06-RJ"
160036;2018-09-17;"segunda-feira";"07:10:00";"AL";101;147;"JEQUIA DA PRAIA";"Falta de Atenção à Condução";"Derramamento de carga";"Sem Vítimas";"Pleno dia";"Decrescente";"Céu Claro";"Simples";"Reta";"Não";2;0;0;0;1;1;0;2;-9,876236;-36,137943;"SPRF-AL";"DEL02-AL";"UOP01-DEL02-AL"
160044;2018-09-17;"segunda-feira";"08:50:00";"MG";40;464,5;"SETE LAGOAS";"Pista Escorregadia";"Saída de leito carroçável";"Sem Vítimas";"Pleno dia";"Decrescente";"Chuva";"Dupla";"Reta";"Não";1;0;0;0;1;0;0;1;-19,4500888;-44,3136477;"SPRF-MG";"DEL02-MG";"UOP01-DEL02-MG"
160047;2018-09-17;"segunda-feira";"03:30:00";"PE";101;174,3;"JOAQUIM NABUCO";"Animais na Pista";"Saída de leito carroçável";"Sem Vítimas";"Plena Noite";"Crescente";"Céu Claro";"Dupla";"Reta";"Não";1;0;0;0;1;0;0;1;-8,60682078;-35,54077148;"SPRF-PE";"DEL01-PE";"UOP03-DEL01-PE"
160048;2018-09-17;"segunda-feira";"09:35:00";"CE";222;12;"CAUCAIA";"Falta de Atenção à Condução";"Saída de leito carroçável";"Sem Vítimas";"Pleno dia";"Crescente";"Céu Claro";"Simples";"Reta";"Sim";2;0;0;0;1;1;0;2;-3,76464396;-38,66930008;"SPRF-CE";"DEL01-CE";"UOP01-DEL01-CE"
160052;2018-09-17;"segunda-feira";"09:40:00";"MG";40;695;"BARBACENA";"Ingestão de Álcool";"Colisão frontal";"Com Vítimas Feridas";"Pleno dia";"Decrescente";"Chuva";"Simples";"Curva";"Não";7;0;1;0;5;1;1;3;-21,17840936;-43,75640988;"SPRF-MG";"DEL05-MG";"UOP02-DEL05-MG"
160056;2018-09-17;"segunda-feira";"09:20:00";"SC";158;106,1;"CUNHA PORA";"Pista Escorregadia";"Colisão com objeto estático";"Com Vítimas Feridas";"Pleno dia";"Decrescente";"Garoa/Chuvisco";"Simples";"Curva;Aclive";"Não";2;0;1;0;0;1;1;2;-26,8648742;-53,16429019;"SPRF-SC";"DEL07-SC";"UOP02-DEL07-SC"
160059;2018-09-17;"segunda-feira";"10:30:00";"RS";290;86,3;"PORTO ALEGRE";"Falta de Atenção à Condução";"Colisão traseira";"Com Vítimas Feridas";"Pleno dia";"Crescente";"Céu Claro";"Dupla";"Reta";"Sim";4;0;1;0;1;2;1;4;-29,96786635;-51,12284776;"SPRF-RS";"DEL01-RS";"UOP01-DEL01-RS"
160071;2018-09-17;"segunda-feira";"12:00:00";"SP";116;283,2;"EMBU DAS ARTES";"Falta de Atenção à Condução";"Tombamento";"Com Vítimas Feridas";"Pleno dia";"Crescente";"Céu Claro";"Dupla";"Reta";"Sim";2;0;1;0;0;1;1;2;-23,67157343;-46,85635057;"SPRF-SP";"DEL04-SP";"UOP01-DEL04-SP"
160072;2018-09-17;"segunda-feira";"12:00:00";"ES";101;285;"CARIACICA";"Falta de Atenção à Condução";"Colisão lateral";"Com Vítimas Feridas";"Pleno dia";"Crescente";"Céu Claro";"Dupla";"Reta";"Sim";3;0;1;0;2;0;1;2;-20,31694057;-40,39604187;"SPRF-ES";"DEL01-ES";"UOP01-DEL01-ES"
160076;2018-09-17;"segunda-feira";"12:20:00";"PE";104;88;"AGRESTINA";"Ingestão de Álcool";"Colisão traseira";"Sem Vítimas";"Pleno dia";"Decrescente";"Céu Claro";"Simples";"Reta";"Sim";2;0;0;0;2;0;0;2;-8,45814166;-35,94244301;"SPRF-PE";"DEL02-PE";"UOP01-DEL02-PE"
160082;2018-09-17;"segunda-feira";"13:15:00";"ES";101;27,7;"CONCEICAO DA BARRA";"Defeito Mecânico no Veículo";"Saída de leito carroçável";"Com Vítimas Fatais";"Pleno dia";"Decrescente";"Céu Claro";"Simples";"Reta";"Não";3;1;0;0;0;2;0;3;-18,39859201;-39,93895054;"SPRF-ES";"DEL04-ES";"UOP02-DEL04-ES"
160084;2018-09-17;"segunda-feira";"13:20:00";"RJ";101;261,7;"RIO BONITO";"Pista Escorregadia";"Saída de leito carroçável";"Com Vítimas Feridas";"Pleno dia";"Decrescente";"Chuva";"Dupla";"Curva";"Não";3;0;2;0;0;1;2;2;-22,71305439;-42,61706114;"SPRF-RJ";"DEL02-RJ";"UOP03-DEL02-RJ"
160085;2018-09-02;"domingo";"20:12:00";"GO";452;140,7;"BOM JESUS DE GOIAS";"Restrição de Visibilidade";"Colisão frontal";"Com Vítimas Fatais";"Plena Noite";"Decrescente";"Céu Claro";"Simples";"Reta";"Não";4;1;1;0;1;1;1;3;-18,24830441;-49,69298601;"SPRF-GO";"DEL03-GO";"UOP02-DEL03-GO"
160088;2018-09-17;"segunda-feira";"12:17:00";"MT";364;534;"ROSARIO OESTE";"Mal Súbito";"Saída de leito carroçável";"Com Vítimas Feridas";"Pleno dia";"Crescente";"Céu Claro";"Simples";"Reta";"Não";2;0;1;0;0;2;1;3;-14,969604;-56,515667;"SPRF-MT";"DEL01-MT";"UOP01-DEL01-MT"
160090;2018-09-17;"segunda-feira";"14:00:00";"DF";20;3,3;"BRASILIA";"Falta de Atenção à Condução";"Engavetamento";"Com Vítimas Feridas";"Pleno dia";"Decrescente";"Chuva";"Dupla";"Aclive";"Sim";3;0;1;0;2;0;1;3;-15,69806767;-47,82266021;"SPRF-DF";"DEL02-DF";"UOP01-DEL02-DF"
160095;2018-09-17;"segunda-feira";"14:35:00";"RS";116;294,2;"GUAIBA";"Defeito na Via";"Colisão traseira";"Com Vítimas Feridas";"Pleno dia";"Crescente";"Nublado";"Dupla";"Reta";"Não";3;0;1;0;1;1;1;3;-30,0665067;-51,3423132;"SPRF-RS";"DEL02-RS";"UOP01-DEL02-RS"
160109;2018-09-17;"segunda-feira";"13:20:00";"BA";0;0;"SENHOR DO BONFIM";"Desobediência às normas de trânsito pelo condutor";"Colisão com objeto estático";"Sem Vítimas";"Pleno dia";"Não Informado";"Céu Claro";"Simples";"Reta";"Sim";9;0;0;0;2;7;0;9;-10,48274206;-40,16587615;"SPRF-BA";"DEL04-BA";"UOP01-DEL04-BA"
160111;2018-09-17;"segunda-feira";"14:30:00";"GO";153;304,3;"RIALMA";"Defeito Mecânico no Veículo";"Incêndio";"Sem Vítimas";"Pleno dia";"Crescente";"Céu Claro";"Simples";"Reta";"Não";1;0;0;0;1;0;0;1;-15,311009;-49,572147;"SPRF-GO";"DEL02-GO";"UOP02-DEL02-GO"
160112;2018-09-17;"segunda-feira";"11:50:00";"SC";282;609,9;"MARAVILHA";"Falta de Atenção à Condução";"Colisão com objeto estático";"Com Vítimas Feridas";"Pleno dia";"Crescente";"Chuva";"Simples";"Reta";"Não";2;0;0;1;1;0;1;2;-26,756321;-53,230247;"SPRF-SC";"DEL07-SC";"UOP02-DEL07-SC"
160117;2018-09-17;"segunda-feira";"16:50:00";"DF";20;17;"BRASILIA";"Pista Escorregadia";"Saída de leito carroçável";"Com Vítimas Feridas";"Anoitecer";"Crescente";"Chuva";"Dupla";"Declive";"Sim";1;0;1;0;0;0;1;1;-15,621374;-47,71698;"SPRF-DF";"DEL02-DF";"UOP01-DEL02-DF"
160125;2018-09-17;"segunda-feira";"17:21:00";"PR";376;232;"APUCARANA";"Falta de Atenção à Condução";"Colisão traseira";"Com Vítimas Feridas";"Pleno dia";"Decrescente";"Garoa/Chuvisco";"Dupla";"Interseção de Vias";"Não";4;0;1;0;2;1;1;4;-23,56788142;-51,50999654;"SPRF-PR";"DEL07-PR";"UOP03-DEL07-PR"
160126;2018-09-17;"segunda-feira";"17:45:00";"TO";153;668,7;"GURUPI";"Desobediência às normas de trânsito pelo condutor";"Saída de leito carroçável";"Com Vítimas Feridas";"Anoitecer";"Decrescente";"Céu Claro";"Dupla";"Reta;Retorno Regulamentado";"Sim";2;0;1;0;1;0;1;2;-11,71851125;-49,07670021;"SPRF-TO";"DEL02-TO";"UOP02-DEL01-TO"
160128;2018-09-17;"segunda-feira";"15:40:00";"MG";116;771,7;"LEOPOLDINA";"Falta de Atenção do Pedestre";"Atropelamento de Pedestre";"Com Vítimas Feridas";"Pleno dia";"Decrescente";"Nublado";"Simples";"Curva";"Não";3;0;0;1;2;0;1;2;-21,56206963;-42,67577603;"SPRF-MG";"DEL07-MG";"UOP01-DEL07-MG"
160130;2018-09-17;"segunda-feira";"13:20:00";"MG";381;191,9;"PERIQUITO";"Avarias e/ou desgaste excessivo no pneu";"Saída de leito carroçável";"Com Vítimas Feridas";"Pleno dia";"Crescente";"Chuva";"Simples";"Curva;Aclive";"Não";2;0;1;0;0;1;1;2;-19,090317;-42,188938;"SPRF-MG";"DEL06-MG";"UOP01-DEL06-MG"
160132;2018-09-17;"segunda-feira";"17:20:00";"RJ";116;270,8;"BARRA MANSA";"Desobediência às normas de trânsito pelo condutor";"Colisão lateral";"Com Vítimas Feridas";"Anoitecer";"Crescente";"Céu Claro";"Dupla";"Aclive";"Não";6;0;3;1;1;1;4;3;-22,56150986;-44,16482449;"SPRF-RJ";"DEL07-RJ";"UOP02-DEL07-RJ"
160142;2018-09-17;"segunda-feira";"17:10:00";"SC";116;206;"PONTE ALTA";"Falta de Atenção à Condução";"Colisão transversal";"Sem Vítimas";"Pleno dia";"Decrescente";"Nublado";"Simples";"Rotatória";"Sim";3;0;0;0;2;1;0;3;-27,481998;-50,379116;"SPRF-SC";"DEL05-SC";"UOP03-DEL05-SC"
160145;2018-06-29;"sexta-feira";"09:00:00";"RJ";101;295;"ITABORAI";"Falta de Atenção à Condução";"Colisão traseira";"Com Vítimas Feridas";"Pleno dia";"Crescente";"Céu Claro";"Dupla";"Reta";"Sim";5;0;3;0;2;0;3;2;-22,763668;-42,90226;"SPRF-RJ";"DEL02-RJ";"DEL5/2-UOP04/RJ"
160159;2018-09-17;"segunda-feira";"20:15:00";"ES";262;151,3;"IBATIBA";"Defeito Mecânico no Veículo";"Saída de leito carroçável";"Com Vítimas Feridas";"Plena Noite";"Crescente";"Chuva";"Simples";"Curva";"Não";2;0;1;0;0;1;1;2;-20,2172;-41,4449;"SPRF-ES";"DEL01-ES";"UOP02-DEL01-ES"
160160;2018-09-17;"segunda-feira";"19:50:00";"SP";153;93,3;"JACI";"Desobediência às normas de trânsito pelo condutor";"Colisão frontal";"Com Vítimas Fatais";"Plena Noite";"Crescente";"Nublado";"Simples";"Reta";"Não";6;1;0;0;5;0;0;3;-20,96642389;-49,58845764;"SPRF-SP";"DEL09-SP";"UOP01-DEL09-SP"
160161;2018-09-17;"segunda-feira";"18:30:00";"SC";101;365,3;"SANGAO";"Pista Escorregadia";"Colisão lateral";"Com Vítimas Feridas";"Plena Noite";"Crescente";"Chuva";"Múltipla";"Reta";"Não";2;0;1;0;1;0;1;2;-28,68185332;-49,1457277;"SPRF-SC";"DEL02-SC";"UOP01-DEL02-SC"
160164;2018-09-17;"segunda-feira";"19:10:00";"MG";381;188,5;"PERIQUITO";"Velocidade Incompatível";"Colisão frontal";"Com Vítimas Fatais";"Plena Noite";"Decrescente";"Chuva";"Simples";"Curva";"Não";2;1;0;0;1;0;0;2;-19,066043;-42,169747;"SPRF-MG";"DEL06-MG";"UOP01-DEL06-MG"
160166;2018-09-17;"segunda-feira";"18:50:00";"MA";230;33,3;"BARAO DE GRAJAU";"Mal Súbito";"Tombamento";"Com Vítimas Fatais";"Plena Noite";"Decrescente";"Céu Claro";"Simples";"Curva";"Não";1;1;0;0;0;0;0;1;-6,684574;-43,280342;"SPRF-PI";"DEL03-PI";"UOP01-DEL03-PI"
160169;2018-09-17;"segunda-feira";"16:15:00";"MT";364;559;"VARZEA GRANDE";"Falta de Atenção à Condução";"Saída de leito carroçável";"Sem Vítimas";"Pleno dia";"Crescente";"Chuva";"Simples";"Curva";"Não";2;0;0;0;1;1;0;2;-15,59840279;-56,22124672;"SPRF-MT";"DEL01-MT";"UOP01-DEL01-MT"
160176;2018-09-17;"segunda-feira";"16:31:00";"ES";101;85,8;"SAO MATEUS";"Pista Escorregadia";"Colisão com objeto estático";"Com Vítimas Feridas";"Pleno dia";"Crescente";"Chuva";"Múltipla";"Reta";"Não";2;0;0;1;1;0;1;1;-18,86369162;-39,93877888;"SPRF-ES";"DEL04-ES";"UOP02-DEL04-ES"
160185;2018-09-17;"segunda-feira";"23:00:00";"PB";101;73;"SANTA RITA";"Condutor Dormindo";"Colisão com objeto estático";"Com Vítimas Feridas";"Plena Noite";"Crescente";"Céu Claro";"Dupla";"Reta";"Não";1;0;1;0;0;0;1;1;-7,07853438;-34,9883759;"SPRF-PB";"DEL01-PB";"UOP04-DEL01-PB"
160189;2018-05-13;"domingo";"15:20:00";"SC";101;206;"SAO JOSE";"Não guardar distância de segurança";"Colisão traseira";"Com Vítimas Feridas";"Pleno dia";"Crescente";"Ignorado";"Múltipla";"Reta";"Sim";3;0;1;0;2;0;1;2;-27,59871116;-48,62147033;"SPRF-SC";"DEL01-SC";"UOP01-DEL01-SC"
160193;2018-09-17;"segunda-feira";"21:30:00";"ES";262;177,3;"IBATIBA";"Falta de Atenção à Condução";"Tombamento";"Com Vítimas Feridas";"Plena Noite";"Decrescente";"Chuva";"Simples";"Curva";"Não";2;0;0;1;0;1;1;2;-20,284;-41,6513;"SPRF-ES";"DEL01-ES";"UOP02-DEL01-ES"
160194;2018-09-17;"segunda-feira";"22:30:00";"MG";365;621;"UBERLANDIA";"Falta de Atenção à Condução";"Colisão lateral";"Com Vítimas Feridas";"Plena Noite";"Decrescente";"Céu Claro";"Dupla";"Aclive";"Sim";3;0;1;0;1;2;1;4;-18,8974;-48,2715;"SPRF-MG";"DEL15-MG";"UOP01-DEL15-MG"
160200;2018-09-18;"terça-feira";"05:00:00";"MG";40;234,9;"SAO GONCALO DO ABAETE";"Condutor Dormindo";"Saída de leito carroçável";"Com Vítimas Feridas";"Amanhecer";"Decrescente";"Nublado";"Simples";"Reta";"Não";2;0;0;1;0;1;1;2;-18,021683;-45,540188;"SPRF-MG";"DEL14-MG";"UOP02-DEL14-MG"
160202;2018-09-18;"terça-feira";"04:45:00";"MG";262;190;"BELA VISTA DE MINAS";"Condutor Dormindo";"Tombamento";"Com Vítimas Feridas";"Amanhecer";"Crescente";"Céu Claro";"Simples";"Curva";"Não";2;0;0;1;0;1;1;2;-19,882132;-43,069336;"SPRF-MG";"DEL03-MG";"UOP01-DEL03-MG"
160204;2018-09-18;"terça-feira";"03:15:00";"ES";101;12;"PEDRO CANARIO";"Falta de Atenção à Condução";"Colisão transversal";"Com Vítimas Feridas";"Plena Noite";"Crescente";"Céu Claro";"Simples";"Interseção de Vias";"Não";3;0;1;0;1;1;1;2;-18,265766;-39,957359;"SPRF-ES";"DEL04-ES";"UOP02-DEL04-ES"
160209;2018-09-18;"terça-feira";"06:48:00";"SC";101;98,5;"BALNEARIO PICARRAS";"Falta de Atenção à Condução";"Colisão traseira";"Com Vítimas Feridas";"Amanhecer";"Decrescente";"Céu Claro";"Dupla";"Reta";"Não";2;0;0;1;1;0;1;2;-26,7493;-48,6944;"SPRF-SC";"DEL03-SC";"UOP02-DEL03-SC"
160211;2018-07-20;"sexta-feira";"23:40:00";"BA";101;423;"IBIRAPITANGA";"Velocidade Incompatível";"Capotamento";"Com Vítimas Feridas";"Plena Noite";"Decrescente";"Nublado";"Simples";"Curva";"Não";1;0;1;0;0;0;1;1;-14,1386;-39,352;"SPRF-BA";"DEL05-BA";"UOP03-DEL05-BA"
160213;2018-09-18;"terça-feira";"07:00:00";"PR";116;69;"CAMPINA GRANDE DO SUL";"Falta de Atenção à Condução";"Colisão lateral";"Sem Vítimas";"Pleno dia";"Crescente";"Céu Claro";"Dupla";"Reta";"Não";4;0;0;0;3;2;0;5;-25,338497;-49,03793;"SPRF-PR";"DEL01-PR";"UOP02-DEL01-PR"
160215;2018-09-18;"terça-feira";"06:45:00";"PR";369;453,7;"UBIRATA";"Restrição de Visibilidade";"Colisão frontal";"Com Vítimas Feridas";"Amanhecer";"Crescente";"Nevoeiro/Neblina";"Simples";"Aclive";"Não";6;0;2;0;4;0;2;2;-24,55014848;-53,03304434;"SPRF-PR";"DEL04-PR";"UOP03-DEL04-PR"
160223;2018-09-18;"terça-feira";"06:50:00";"PA";316;67;"CASTANHAL";"Ultrapassagem Indevida";"Colisão frontal";"Com Vítimas Feridas";"Pleno dia";"Crescente";"Céu Claro";"Simples";"Reta";"Sim";4;0;0;1;2;1;1;4;-1,294879;-47,892807;"SPRF-PA";"DEL01-PA";"UOP01-DEL01-PA"
160227;2018-08-25;"sábado";"08:00:00";"MT";364;1138,8;"SAPEZAL";"Avarias e/ou desgaste excessivo no pneu";"Danos eventuais";"Com Vítimas Feridas";"Pleno dia";"Decrescente";"Céu Claro";"Simples";"Reta";"Não";2;0;0;1;0;3;1;4;-13,53018839;-58,79831314;"SPRF-MT";"DEL04-MT";"UOP01-DEL04-MT"
160235;2018-09-18;"terça-feira";"09:20:00";"BA";116;423,2;"FEIRA DE SANTANA";"Falta de Atenção do Pedestre";"Atropelamento de Pedestre";"Com Vítimas Fatais";"Pleno dia";"Crescente";"Céu Claro";"Simples";"Reta";"Sim";2;1;0;0;0;1;0;2;-12,23408083;-38,97538841;"SPRF-BA";"DEL02-BA";"UOP01-DEL02-BA"
160238;2018-09-18;"terça-feira";"09:40:00";"PR";277;426;"CANTAGALO";"Falta de Atenção à Condução";"Colisão frontal";"Com Vítimas Feridas";"Pleno dia";"Decrescente";"Céu Claro";"Simples";"Reta";"Não";2;0;1;0;1;0;1;2;-25,38544122;-52,16059685;"SPRF-PR";"DEL04-PR";"UOP02-DEL04-PR"
160242;2018-08-25;"sábado";"23:30:00";"GO";364;329;"PORTELANDIA";"Animais na Pista";"Atropelamento de Animal";"Com Vítimas Feridas";"Plena Noite";"Decrescente";"Nublado";"Simples";"Reta";"Não";1;0;1;0;0;0;1;1;-17,400299;-52,711334;"SPRF-GO";"DEL05-GO";"UOP01-DEL05-GO"
160249;2018-09-18;"terça-feira";"10:00:00";"MS";163;475,6;"CAMPO GRANDE";"Falta de Atenção à Condução";"Colisão transversal";"Com Vítimas Feridas";"Pleno dia";"Crescente";"Sol";"Simples";"Reta";"Sim";3;0;1;0;1;1;1;3;-20,51334;-54,56187;"SPRF-MS";"DEL01-MS";"UOP01-DEL01-MS"
160250;2018-09-18;"terça-feira";"10:20:00";"PE";428;188;"PETROLINA";"Falta de Atenção à Condução";"Colisão lateral";"Com Vítimas Feridas";"Pleno dia";"Crescente";"Céu Claro";"Múltipla";"Rotatória";"Sim";2;0;1;0;1;0;1;2;-9,37429702;-40,48815441;"SPRF-PE";"DEL06-PE";"UOP01-DEL06-PE"
160251;2018-09-18;"terça-feira";"06:00:00";"MT";364;270;"SANTO ANTONIO DO LEVERGER";"Falta de Atenção à Condução";"Saída de leito carroçável";"Sem Vítimas";"Pleno dia";"Decrescente";"Nublado";"Dupla";"Reta";"Sim";2;0;0;0;1;1;0;2;-15,968853;-55,943763;"SPRF-MT";"DEL02-MT";"UOP02-DEL05-MT"
160254;2018-09-18;"terça-feira";"11:15:00";"CE";116;496;"BREJO SANTO";"Desobediência às normas de trânsito pelo condutor";"Colisão lateral";"Com Vítimas Fatais";"Pleno dia";"Crescente";"Céu Claro";"Simples";"Curva;Aclive";"Não";4;1;0;0;2;3;0;6;-7,43547815;-38,97312187;"SPRF-CE";"DEL05-CE";"UOP03-DEL05-CE"
160256;2018-09-18;"terça-feira";"10:45:00";"AL";101;58;"MESSIAS";"Velocidade Incompatível";"Tombamento";"Sem Vítimas";"Pleno dia";"Decrescente";"Céu Claro";"Dupla";"Curva";"Não";2;0;0;0;1;1;0;2;-9,279366;-35,798428;"SPRF-AL";"DEL01-AL";"UOP01-DEL01-AL"
160258;2018-09-17;"segunda-feira";"21:30:00";"MT";364;24;"ALTO ARAGUAIA";"Falta de Atenção à Condução";"Saída de leito carroçável";"Sem Vítimas";"Plena Noite";"Decrescente";"Chuva";"Simples";"Curva;Aclive";"Não";2;0;0;0;1;1;0;2;-17,188171;-53,370472;"SPRF-MT";"DEL02-MT";"UOP02-DEL02-MT"
160259;2018-09-18;"terça-feira";"12:30:00";"MG";116;277,8;"TEOFILO OTONI";"Desobediência às normas de trânsito pelo condutor";"Colisão transversal";"Com Vítimas Feridas";"Pleno dia";"Decrescente";"Céu Claro";"Dupla";"Interseção de Vias";"Sim";3;0;0;1;1;1;1;3;-17,86946548;-41,51767731;"SPRF-MG";"DEL11-MG";"UOP01-DEL11-MG"