"id";"data_inversa";"dia_semana";"horario";"uf";"br";"km";"municipio";"causa_acidente";"tipo_acidente";"classificacao_acidente";"fase_dia";"sentido_via";"condicao_metereologica";"tipo_pista";"tracado_via";"uso_solo";"pessoas";"mortos";"feridos_leves";"feridos_graves";"ilesos";"ignorados";"feridos";"veiculos";"latitude";"longitude";"regional";"delegacia";"uop"
160263;2018-09-18;"terça-feira";"12:00:00";"PB";230;362,9;"MALTA";"Defeito Mecânico no Veículo";"Colisão lateral";"Com Vítimas Feridas";"Pleno dia";"Crescente";"Céu Claro";"Simples";"Reta";"Não";4;0;2;0;1;1;2;3;-6,916;-37,4799;"SPRF-PB";"DEL03-PB";"UOP02-DEL03-PB"
160267;2018-09-18;"terça-feira";"13:40:00";"MG";267;287;"CAXAMBU";"Velocidade Incompatível";"Tombamento";"Com Vítimas Feridas";"Pleno dia";"Crescente";"Nublado";"Simples";"Curva";"Não";3;0;1;0;1;2;1;4;-21,9551652;-44,9702087;"SPRF-MG";"DEL05-MG";"DEL5/4-UOP01/MG"
160268;2018-09-18;"terça-feira";"13:50:00";"BA";116;461;"SANTO ESTEVAO";"Falta de Atenção à Condução";"Colisão traseira";"Com Vítimas Feridas";"Pleno dia";"Decrescente";"Céu Claro";"Dupla";"Rotatória";"Sim";5;0;1;0;4;0;1;4;-12,44690674;-39,24257398;"SPRF-BA";"DEL02-BA";"UOP01-DEL02-BA"
160274;2018-09-18;"terça-feira";"14:45:00";"PI";316;296;"PICOS";"Falta de Atenção à Condução";"Colisão frontal";"Com Vítimas Feridas";"Pleno dia";"Decrescente";"Sol";"Simples";"Em Obras";"Não";2;0;0;1;1;0;1;2;-7,02223993;-41,56689584;"SPRF-PI";"DEL04-PI";"UOP01-DEL04-PI"
160275;2018-09-18;"terça-feira";"15:10:00";"PE";232;429,9;"SERRA TALHADA";"Defeito Mecânico no Veículo";"Colisão frontal";"Com Vítimas Feridas";"Pleno dia";"Decrescente";"Sol";"Simples";"Reta";"Não";3;0;3;0;0;0;3;2;-8,002073;-38,438248;"SPRF-PE";"DEL04-PE";"UOP01-DEL04-PE"
160276;2018-09-18;"terça-feira";"14:45:00";"SP";116;514;"CAJATI";"Defeito Mecânico no Veículo";"Incêndio";"Sem Vítimas";"Pleno dia";"Crescente";"Céu Claro";"Simples";"Reta";"Não";2;0;0;0;1;1;0;2;-24,73685348;-48,11187744;"SPRF-SP";"DEL05-SP";"UAP01-DEL05-SP"
160284;2018-09-18;"terça-feira";"15:35:00";"PR";116;9,9;"COLOMBO";"Defeito Mecânico no Veículo";"Colisão com objeto estático";"Com Vítimas Feridas";"Pleno dia";"Decrescente";"Sol";"Dupla";"Declive";"Sim";1;0;1;0;0;0;1;1;-25,37101731;-49,12702382;"SPRF-PR";"DEL01-PR";"UOP02-DEL01-PR"
160292;2018-09-18;"terça-feira";"16:55:00";"GO";50;280,6;"CATALAO";"Falta de Atenção à Condução";"Colisão transversal";"Com Vítimas Feridas";"Pleno dia";"Crescente";"Céu Claro";"Dupla";"Interseção de Vias";"Sim";2;0;0;1;1;0;1;2;-18,1784;-47,9362;"SPRF-GO";"DEL06-GO";"UOP01-DEL06-GO"
160301;2018-09-18;"terça-feira";"17:00:00";"RS";392;117,5;"CANGUCU";"Defeito Mecânico no Veículo";"Tombamento";"Sem Vítimas";"Pleno dia";"Decrescente";"Céu Claro";"Simples";"Aclive";"Sim";2;0;0;0;1;2;0;3;-31,413721;-52,67617;"SPRF-RS";"DEL07-RS";"UOP01-DEL07-RS"
160305;2018-09-18;"terça-feira";"17:40:00";"ES";262;48,3;"MARECHAL FLORIANO";"Desobediência às normas de trânsito pelo condutor";"Colisão frontal";"Com Vítimas Feridas";"Anoitecer";"Crescente";"Chuva";"Simples";"Reta";"Não";3;0;0;2;1;0;2;2;-20,41166503;-40,69051648;"SPRF-ES";"DEL01-ES";"UOP01-DEL01-ES"
160306;2018-09-18;"terça-feira";"17:45:00";"PR";116;167;"QUITANDINHA";"Falta de Atenção à Condução";"Colisão lateral";"Com Vítimas Feridas";"Amanhecer";"Decrescente";"Céu Claro";"Simples";"Aclive";"Não";2;0;1;0;1;0;1;2;-25,874659;-49,48101;"SPRF-PR";"DEL01-PR";"UOP03-DEL01-PR"
160320;2018-09-18;"terça-feira";"18:40:00";"MG";262;14;"MARTINS SOARES";"Velocidade Incompatível";"Colisão traseira";"Com Vítimas Feridas";"Anoitecer";"Crescente";"Nublado";"Simples";"Reta";"Não";3;0;0;1;1;1;1;3;-20,264143;-41,86816;"SPRF-MG";"DEL06-MG";"UOP03-DEL06-MG"
160321;2018-09-18;"terça-feira";"11:30:00";"SC";470;271;"BRUNOPOLIS";"Velocidade Incompatível";"Tombamento";"Com Vítimas Feridas";"Pleno dia";"Crescente";"Céu Claro";"Simples";"Curva";"Não";9;0;2;0;6;3;2;8;-27,31920027;-50,76717854;"SPRF-SC";"DEL07-SC";"UOP06-DEL07-SC"
160322;2018-09-17;"segunda-feira";"16:30:00";"RJ";356;101;"CARDOSO MOREIRA";"Falta de Atenção à Condução";"Colisão frontal";"Com Vítimas Feridas";"Pleno dia";"Decrescente";"Chuva";"Simples";"Reta";"Não";4;0;2;0;1;1;2;3;-21,531277;-41,537022;"SPRF-RJ";"DEL08-RJ";"UOP03-DEL08-RJ"
160327;2018-09-18;"terça-feira";"19:35:00";"DF";70;8,3;"BRASILIA";"Não guardar distância de segurança";"Colisão traseira";"Sem Vítimas";"Plena Noite";"Crescente";"Nublado";"Dupla";"Reta";"Sim";5;0;0;0;5;0;0;2;-15,78348841;-48,12539393;"SPRF-DF";"DEL01-DF";"UOP02-DEL03-DF"
160329;2018-09-18;"terça-feira";"15:20:00";"ES";262;170,9;"IBATIBA";"Falta de Atenção à Condução";"Tombamento";"Com Vítimas Feridas";"Pleno dia";"Crescente";"Céu Claro";"Simples";"Curva";"Não";2;0;1;0;0;1;1;2;-20,2374174;-41,5134665;"SPRF-ES";"DEL01-ES";"UOP02-DEL01-ES"
160342;2018-09-02;"domingo";"20:40:00";"BA";242;483,1;"IBITIARA";"Velocidade Incompatível";"Colisão traseira";"Com Vítimas Fatais";"Plena Noite";"Crescente";"Nublado";"Simples";"Reta";"Não";4;2;0;0;1;2;0;4;-12,47412369;-42,28088379;"SPRF-BA";"DEL06-BA";"UOP01-DEL06-BA"
160343;2018-09-18;"terça-feira";"20:10:00";"MS";262;757;"CORUMBA";"Deficiência ou não Acionamento do Sistema de Iluminação/Sinalização do Veículo";"Colisão traseira";"Com Vítimas Feridas";"Plena Noite";"Decrescente";"Céu Claro";"Simples";"Reta";"Não";7;0;2;3;2;0;5;3;-19,5056426;-57,4323838;"SPRF-MS";"DEL03-MS";"UOP03-DEL03-MS"
160345;2018-09-18;"terça-feira";"18:10:00";"MT";163;1051;"GUARANTA DO NORTE";"Desobediência às normas de trânsito pelo condutor";"Colisão lateral";"Com Vítimas Feridas";"Anoitecer";"Crescente";"Céu Claro";"Simples";"Aclive";"Não";3;0;1;0;1;2;1;4;-10,020387;-54,908876;"SPRF-MT";"DEL06-MT";"UOP02-DEL06-MT"
160351;2018-09-18;"terça-feira";"21:40:00";"PR";376;388;"IMBAU";"Velocidade Incompatível";"Colisão traseira";"Com Vítimas Feridas";"Plena Noite";"Crescente";"Céu Claro";"Simples";"Curva";"Não";6;0;0;2;3;2;2;6;-24,46834203;-50,74612319;"SPRF-PR";"DEL03-PR";"UOP02-DEL03-PR"
160352;2018-09-18;"terça-feira";"21:00:00";"RS";290;69,5;"GRAVATAI";"Condutor Dormindo";"Colisão traseira";"Com Vítimas Feridas";"Plena Noite";"Decrescente";"Céu Claro";"Múltipla";"Reta";"Não";2;0;0;1;0;1;1;2;-29,944933;-50,946438;"SPRF-RS";"DEL03-RS";"UOP02-DEL03-RS"
160354;2018-09-17;"segunda-feira";"14:00:00";"GO";452;19;"RIO VERDE";"Falta de Atenção à Condução";"Colisão traseira";"Com Vítimas Feridas";"Pleno dia";"Decrescente";"Céu Claro";"Simples";"Aclive";"Não";5;0;1;0;1;3;1;5;-17,863304;-50,740936;"SPRF-GO";"DEL04-GO";"UOP01-DEL04-GO"
160356;2018-09-18;"terça-feira";"21:45:00";"PE";232;236;"ARCOVERDE";"Condutor Dormindo";"Colisão traseira";"Com Vítimas Fatais";"Plena Noite";"Crescente";"Céu Claro";"Simples";"Reta";"Sim";2;1;0;0;1;0;0;2;-8,429241;-37,060127;"SPRF-PE";"DEL03-PE";"UOP02-DEL03-PE"
160357;2018-09-18;"terça-feira";"18:20:00";"MA";10;265,6;"IMPERATRIZ";"Carga excessiva e/ou mal acondicionada";"Derramamento de carga";"Com Vítimas Fatais";"Anoitecer";"Crescente";"Chuva";"Simples";"Reta;Declive";"Não";5;1;3;0;1;0;3;3;-5,41064621;-47,47285724;"SPRF-MA";"DEL04-MA";"UOP01-DEL04-MA"
160360;2018-09-18;"terça-feira";"21:30:00";"MG";381;914,2;"CAMANDUCAIA";"Falta de Atenção à Condução";"Colisão traseira";"Sem Vítimas";"Plena Noite";"Crescente";"Céu Claro";"Dupla";"Reta";"Não";4;0;0;0;3;1;0;3;-22,72186925;-46,13017619;"SPRF-MG";"DEL16-MG";"UOP03-DEL16-MG"
160361;2018-09-18;"terça-feira";"18:20:00";"RN";304;39,5;"MOSSORO";"Desobediência às normas de trânsito pelo condutor";"Tombamento";"Com Vítimas Feridas";"Plena Noite";"Crescente";"Céu Claro";"Dupla";"Interseção de Vias";"Sim";3;0;1;0;2;0;1;1;-5,188467;-37,374104;"SPRF-RN";"DEL04-RN";"UOP02-DEL04-RN"
160366;2018-09-18;"terça-feira";"21:57:00";"BA";116;754,9;"POCOES";"Condutor Dormindo";"Colisão frontal";"Com Vítimas Feridas";"Plena Noite";"Crescente";"Céu Claro";"Simples";"Reta";"Não";3;0;1;0;1;1;1;3;-14,49717859;-40,35037994;"SPRF-BA";"DEL08-BA";"UOP02-DEL08-BA"
160367;2018-09-18;"terça-feira";"20:30:00";"PE";407;49;"PETROLINA";"Defeito Mecânico no Veículo";"Incêndio";"Sem Vítimas";"Plena Noite";"Crescente";"Céu Claro";"Simples";"Reta";"Não";1;0;0;0;1;0;0;1;-8,803941;-40,85592;"SPRF-PE";"DEL06-PE";"UOP02-DEL06-PE"
160372;2018-09-18;"terça-feira";"23:35:00";"SC";470;147;"RIO DO SUL";"Falta de Atenção à Condução";"Colisão transversal";"Com Vítimas Feridas";"Plena Noite";"Crescente";"Céu Claro";"Simples";"Curva";"Sim";3;0;0;2;1;0;2;2;-27,243439;-49,690025;"SPRF-SC";"DEL04-SC";"UOP02-DEL04-SC"
160373;2018-09-18;"terça-feira";"23:10:00";"RS";448;10;"CANOAS";"Falta de Atenção à Condução";"Colisão com objeto estático";"Sem Vítimas";"Plena Noite";"Decrescente";"Céu Claro";"Múltipla";"Reta";"Não";1;0;0;0;1;0;0;1;-29,88603392;-51,23852953;"SPRF-RS";"DEL01-RS";"UOP01-DEL01-RS"
160376;2018-09-18;"terça-feira";"23:45:00";"PI";343;308,7;"ALTOS";"Falta de Atenção do Pedestre";"Atropelamento de Pedestre";"Com Vítimas Fatais";"Plena Noite";"Crescente";"Céu Claro";"Simples";"Reta";"Sim";4;1;0;0;1;2;0;3;-5,038669;-42,468166;"SPRF-PI";"DEL01-PI";"UOP01-DEL01-PI"
160377;2018-09-18;"terça-feira";"22:20:00";"BA";324;376;"TUCANO";"Defeito Mecânico no Veículo";"Saída de leito carroçável";"Com Vítimas Feridas";"Plena Noite";"Decrescente";"Céu Claro";"Simples";"Reta";"Não";2;0;1;1;0;0;2;1;-11;-39;"SPRF-BA";"DEL04-BA";"UOP02-DEL04-BA"
160379;2018-09-19;"quarta-feira";"00:50:00";"PR";116;106,2;"SAO JOSE DOS PINHAIS";"Falta de Atenção à Condução";"Saída de leito carroçável";"Com Vítimas Feridas";"Plena Noite";"Decrescente";"Céu Claro";"Dupla";"Reta";"Não";1;0;1;0;0;0;1;1;-25,57029804;-49,21975482;"SPRF-PR";"DEL01-PR";"UOP01-DEL01-PR"
160380;2018-08-05;"domingo";"13:20:00";"PE";104;124,6;"PANELAS";"Defeito Mecânico no Veículo";"Capotamento";"Com Vítimas Fatais";"Pleno dia";"Crescente";"Céu Claro";"Simples";"Curva";"Não";3;1;0;1;0;1;1;2;-8,73409545;-36,02108002;"SPRF-PE";"DEL02-PE";"UOP01-DEL02-PE"
160381;2018-09-19;"quarta-feira";"02:30:00";"GO";20;150,1;"ALVORADA DO NORTE";"Pista Escorregadia";"Colisão transversal";"Com Vítimas Feridas";"Plena Noite";"Decrescente";"Chuva";"Simples";"Reta";"Não";3;0;0;1;1;1;1;3;-14,697994;-46,648884;"SPRF-DF";"DEL02-DF";"UOP03-DEL02-DF"
160386;2018-09-19;"quarta-feira";"01:30:00";"RN";101;104;"PARNAMIRIM";"Velocidade Incompatível";"Tombamento";"Com Vítimas Fatais";"Plena Noite";"Decrescente";"Garoa/Chuvisco";"Dupla";"Curva";"Sim";2;1;0;0;0;1;0;2;-5,89110685;-35,25754631;"SPRF-RN";"DEL01-RN";"UOP01-DEL01-RN"
160389;2018-09-19;"quarta-feira";"04:40:00";"RJ";101;297;"ITABORAI";"Falta de Atenção do Pedestre";"Atropelamento de Pedestre";"Sem Vítimas";"Amanhecer";"Decrescente";"Céu Claro";"Simples";"Reta";"Sim";2;0;0;0;1;1;0;2;-22,769421;-42,918736;"SPRF-RJ";"DEL02-RJ";"DEL5/2-UOP04/RJ"
160399;2018-09-19;"quarta-feira";"05:35:00";"RS";158;186;"CRUZ ALTA";"Ingestão de Álcool";"Colisão frontal";"Com Vítimas Feridas";"Plena Noite";"Crescente";"Céu Claro";"Simples";"Curva";"Não";5;0;2;0;1;2;2;4;-28,570101;-53,565742;"SPRF-RS";"DEL10-RS";"UOP02-DEL10-RS"
160402;2018-09-19;"quarta-feira";"07:20:00";"PB";230;151,7;"CAMPINA GRANDE";"Não guardar distância de segurança";"Colisão traseira";"Com Vítimas Feridas";"Pleno dia";"Decrescente";"Céu Claro";"Simples";"Reta;Declive";"Sim";4;0;2;1;1;0;3;2;-7,266745;-35,882476;"SPRF-PB";"DEL02-PB";"UOP01-DEL02-PB"
160411;2018-09-19;"quarta-feira";"08:16:00";"BA";242;827;"BARREIRAS";"Desobediência às normas de trânsito pelo condutor";"Engavetamento";"Sem Vítimas";"Pleno dia";"Decrescente";"Sol";"Simples";"Reta";"Não";4;0;0;0;3;2;0;5;-12,109368;-45,290869;"SPRF-BA";"DEL10-BA";"UOP01-DEL10-BA"
160412;2018-09-19;"quarta-feira";"07:40:00";"CE";222;28;"CAUCAIA";"Falta de Atenção à Condução";"Colisão lateral";"Sem Vítimas";"Pleno dia";"Crescente";"Sol";"Simples";"Reta";"Não";4;0;0;0;3;1;0;4;-3,716971;-38,802422;"SPRF-CE";"DEL01-CE";"UOP01-DEL01-CE"
160414;2018-09-19;"quarta-feira";"07:42:00";"MS";163;251,2;"DOURADOS";"Falta de Atenção à Condução";"Colisão frontal";"Com Vítimas Fatais";"Pleno dia";"Crescente";"Sol";"Simples";"Reta";"Não";7;1;0;3;3;0;3;3;-22,296219;-54,8212114;"SPRF-MS";"DEL04-MS";"UOP01-DEL04-MS"
160422;2018-09-19;"quarta-feira";"06:50:00";"BA";242;252;"BOA VISTA DO TUPIM";"Falta de Atenção à Condução";"Colisão transversal";"Com Vítimas Feridas";"Pleno dia";"Crescente";"Céu Claro";"Simples";"Reta";"Não";2;0;2;0;0;0;2;2;-12,50852317;-40,47965169;"SPRF-BA";"DEL06-BA";"UOP02-DEL06-BA"
160424;2018-09-14;"sexta-feira";"17:00:00";"MG";381;693;"LAVRAS";"Velocidade Incompatível";"Saída de leito carroçável";"Com Vítimas Feridas";"Anoitecer";"Crescente";"Chuva";"Dupla";"Curva";"Não";2;0;0;1;0;1;1;2;-21,22635176;-45,13088107;"SPRF-MG";"DEL04-MG";"UOP02-DEL04-MG"
160425;2018-09-19;"quarta-feira";"08:10:00";"PB";230;215;"SOLEDADE";"Não guardar distância de segurança";"Colisão traseira";"Com Vítimas Feridas";"Pleno dia";"Crescente";"Sol";"Simples";"Reta";"Sim";2;0;0;1;1;0;1;2;-7,0577;-36,3629;"SPRF-PB";"DEL02-PB";"UOP02-DEL02-PB"
160430;2018-09-19;"quarta-feira";"10:00:00";"PE";101;50;"ABREU E LIMA";"Falta de Atenção à Condução";"Colisão lateral";"Com Vítimas Feridas";"Pleno dia";"Decrescente";"Céu Claro";"Dupla";"Reta";"Sim";2;0;1;0;1;0;1;2;-7,9148;-34,8984;"SPRF-PE";"DEL01-PE";"UOP02-DEL01-PE"
160433;2018-09-19;"quarta-feira";"09:30:00";"AL";104;27,8;"UNIAO DOS PALMARES";"Pista Escorregadia";"Saída de leito carroçável";"Com Vítimas Feridas";"Pleno dia";"Decrescente";"Sol";"Simples";"Reta";"Não";2;0;1;0;1;0;1;1;-9,11362254;-36,04562759;"SPRF-AL";"DEL01-AL";"UOP02-DEL01-AL"
160435;2018-09-19;"quarta-feira";"10:50:00";"RJ";493;11;"GUAPIMIRIM";"Falta de Atenção à Condução";"Tombamento";"Com Vítimas Feridas";"Pleno dia";"Crescente";"Céu Claro";"Simples";"Reta";"Não";1;0;1;0;0;0;1;1;-22,681063;-42,966618;"SPRF-RJ";"DEL04-RJ";"UOP02-DEL04-RJ"
160442;2018-09-19;"quarta-feira";"08:30:00";"PR";476;233;"LAPA";"Mal Súbito";"Saída de leito carroçável";"Com Vítimas Feridas";"Pleno dia";"Decrescente";"Céu Claro";"Simples";"Curva";"Não";2;0;1;0;0;2;1;3;-25,88174545;-50,00917369;"SPRF-PR";"DEL02-PR";"UOP04-DEL02-PR"
160445;2018-09-19;"quarta-feira";"10:25:00";"RS";116;104,8;"SAO MARCOS";"Velocidade Incompatível";"Tombamento";"Com Vítimas Feridas";"Pleno dia";"Crescente";"Céu Claro";"Simples";"Curva";"Não";2;0;1;0;0;1;1;2;-28,91053081;-51,11026525;"SPRF-RS";"DEL05-RS";"UOP01-DEL05-RS"
160452;2018-09-10;"segunda-feira";"18:20:00";"RR";401;4;"CANTA";"Restrição de Visibilidade";"Colisão traseira";"Com Vítimas Feridas";"Plena Noite";"Decrescente";"Céu Claro";"Simples";"Reta;Em Obras";"Não";4;0;2;2;0;0;4;4;2,792722;-60,640915;"SPRF-RR";"DEL01-RR";"UOP01-DEL01-RR"
160459;2018-08-15;"quarta-feira";"03:50:00";"GO";153;551;"PIRACANJUBA";"Condutor Dormindo";"Colisão traseira";"Sem Vítimas";"Plena Noite";"Decrescente";"Céu Claro";"Dupla";"Curva";"Não";3;0;0;0;2;1;0;3;-17,15;-49,2155;"SPRF-GO";"DEL01-GO";"UOP03-DEL01-GO"
160464;2018-09-19;"quarta-feira";"14:00:00";"MA";10;119;"ESTREITO";"Condutor Dormindo";"Colisão frontal";"Com Vítimas Fatais";"Pleno dia";"Decrescente";"Céu Claro";"Simples";"Reta";"Não";4;3;0;0;1;0;0;2;-6,640932;-47,423106;"SPRF-MA";"DEL04-MA";"UOP02-DEL04-MA"
160468;2018-09-19;"quarta-feira";"14:00:00";"SE";101;55,1;"CARMOPOLIS";"Falta de Atenção à Condução";"Tombamento";"Com Vítimas Feridas";"Pleno dia";"Crescente";"Céu Claro";"Simples";"Reta";"Não";2;0;0;1;0;1;1;2;-10,63736884;-37,00692393;"SPRF-SE";"DEL02-SE";"UOP02-DEL02-SE"
160469;2018-09-19;"quarta-feira";"14:50:00";"ES";101;397,2;"RIO NOVO DO SUL";"Condutor Dormindo";"Colisão lateral";"Com Vítimas Feridas";"Pleno dia";"Decrescente";"Céu Claro";"Simples";"Reta";"Sim";4;0;1;0;1;2;1;4;-20,8742564;-40,9516445;"SPRF-ES";"DEL03-ES";"UOP02-DEL03-ES"
160470;2018-09-19;"quarta-feira";"14:30:00";"GO";153;295,5;"RIALMA";"Desobediência às normas de trânsito pelo condutor";"Colisão traseira";"Com Vítimas Feridas";"Pleno dia";"Crescente";"Chuva";"Simples";"Reta";"Não";5;0;3;0;2;0;3;2;-15,24967;-49,556309;"SPRF-GO";"DEL02-GO";"UOP02-DEL02-GO"
160473;2018-08-17;"sexta-feira";"10:40:00";"BA";101;421,1;"IBIRAPITANGA";"Falta de Atenção do Pedestre";"Atropelamento de Pedestre";"Com Vítimas Feridas";"Pleno dia";"Crescente";"Sol";"Simples";"Reta";"Não";2;0;1;0;1;0;1;2;-14,1335793;-39,3598938;"SPRF-BA";"DEL05-BA";"UOP03-DEL05-BA"
160474;2018-07-02;"segunda-feira";"10:20:00";"MT";163;545;"JUSCIMEIRA";"Falta de Atenção à Condução";"Colisão lateral";"Com Vítimas Feridas";"Pleno dia";"Crescente";"Céu Claro";"Simples";"Reta";"Não";2;0;1;0;0;1;1;2;-16,160118;-54,796425;"SPRF-MT";"DEL01-MT";"UOP01-DEL01-MT"
160477;2018-09-19;"quarta-feira";"15:10:00";"BA";415;50;"ITABUNA";"Falta de Atenção do Pedestre";"Colisão transversal";"Com Vítimas Feridas";"Pleno dia";"Crescente";"Sol";"Simples";"Reta";"Sim";2;0;1;0;1;0;1;2;-14,814651;-39,296741;"SPRF-BA";"DEL05-BA";"UOP01-DEL05-BA"
160478;2018-09-19;"quarta-feira";"15:05:00";"GO";60;113,5;"TEREZOPOLIS DE GOIAS";"Falta de Atenção à Condução";"Tombamento";"Com Vítimas Feridas";"Pleno dia";"Crescente";"Chuva";"Dupla";"Curva";"Sim";1;0;1;0;0;0;1;1;-16,4572;-49,0567;"SPRF-GO";"DEL01-GO";"UOP01-DEL01-GO"
160483;2018-09-19;"quarta-feira";"15:45:00";"BA";116;6,5;"VITORIA DA CONQUISTA";"Falta de Atenção à Condução";"Colisão transversal";"Com Vítimas Feridas";"Pleno dia";"Crescente";"Céu Claro";"Simples";"Interseção de Vias;Reta;Declive";"Não";3;0;0;1;1;2;1;4;-14,83234735;-40,88697195;"SPRF-BA";"DEL08-BA";"UOP01-DEL08-BA"
160487;2018-09-19;"quarta-feira";"16:29:00";"CE";222;305,4;"TIANGUA";"Desobediência às normas de trânsito pelo condutor";"Queda de ocupante de veículo";"Com Vítimas Feridas";"Pleno dia";"Crescente";"Céu Claro";"Simples";"Reta";"Sim";2;0;1;0;0;1;1;2;-3,671075;-40,960491;"SPRF-CE";"DEL04-CE";"UOP02-DEL04-CE"
160494;2018-09-19;"quarta-feira";"16:50:00";"MG";365;5;"MONTES CLAROS";"Velocidade Incompatível";"Tombamento";"Com Vítimas Feridas";"Pleno dia";"Decrescente";"Nublado";"Simples";"Curva;Declive";"Não";2;0;0;1;0;1;1;2;-16,802439;-43,902325;"SPRF-MG";"DEL12-MG";"UOP01-DEL12-MG"
160498;2018-09-19;"quarta-feira";"17:25:00";"ES";262;187,9;"IUNA";"Desobediência às normas de trânsito pelo condutor";"Colisão frontal";"Com Vítimas Fatais";"Anoitecer";"Decrescente";"Céu Claro";"Simples";"Reta";"Não";4;1;0;0;1;2;0;3;-20,30874672;-41,74260736;"SPRF-ES";"DEL01-ES";"UOP02-DEL01-ES"
160500;2018-09-19;"quarta-feira";"17:30:00";"RJ";116;133;"MAGE";"Falta de Atenção à Condução";"Colisão lateral";"Com Vítimas Feridas";"Anoitecer";"Decrescente";"Nublado";"Múltipla";"Reta";"Não";6;0;2;0;3;1;2;3;-22,6492416;-43,1890432;"SPRF-RJ";"DEL04-RJ";"UOP02-DEL04-RJ"
160503;2018-09-19;"quarta-feira";"18:00:00";"PA";316;45,7;"SANTA IZABEL DO PARA";"Falta de Atenção à Condução";"Colisão traseira";"Sem Vítimas";"Anoitecer";"Crescente";"Chuva";"Dupla";"Reta";"Não";4;0;0;0;3;1;0;4;-1,27739813;-48,08681488;"SPRF-PA";"DEL01-PA";"UOP01-DEL01-PA"
160507;2018-09-19;"quarta-feira";"17:30:00";"CE";20;414,5;"MARACANAU";"Desobediência às normas de trânsito pelo condutor";"Colisão transversal";"Sem Vítimas";"Anoitecer";"Decrescente";"Céu Claro";"Simples";"Rotatória";"Sim";3;0;0;0;2;1;0;3;-3,82711449;-38,62441185;"SPRF-CE";"DEL01-CE";"UOP01-DEL01-CE"
160512;2018-09-19;"quarta-feira";"18:16:00";"MG";40;523;"CONTAGEM";"Falta de Atenção do Pedestre";"Atropelamento de Pedestre";"Com Vítimas Feridas";"Plena Noite";"Decrescente";"Chuva";"Dupla";"Reta";"Sim";2;0;1;0;1;0;1;2;-19,879;-44,051;"SPRF-MG";"DEL01-MG";"UOP03-DEL01-MG"
160513;2018-09-19;"quarta-feira";"14:15:00";"PA";153;107,1;"SAO GERALDO DO ARAGUAIA";"Falta de Atenção à Condução";"Colisão traseira";"Com Vítimas Feridas";"Pleno dia";"Crescente";"Céu Claro";"Simples";"Reta";"Não";3;0;1;1;0;1;2;3;-6,03665074;-48,62826705;"SPRF-PA";"DEL03-PA";"UOP01-DEL03-PA"
160514;2018-09-19;"quarta-feira";"18:45:00";"PE";232;20,8;"MORENO";"Ingestão de Álcool";"Colisão lateral";"Com Vítimas Feridas";"Plena Noite";"Crescente";"Céu Claro";"Dupla";"Reta";"Não";2;0;1;0;0;1;1;2;-8,095459;-35,078091;"SPRF-PE";"DEL01-PE";"UOP01-DEL01-PE"
160517;2018-09-19;"quarta-feira";"11:25:00";"MG";116;409;"GOVERNADOR VALADARES";"Animais na Pista";"Atropelamento de Animal";"Com Vítimas Feridas";"Pleno dia";"Crescente";"Céu Claro";"Dupla";"Reta";"Sim";3;0;0;1;1;1;1;3;-18,84147627;-41,98412418;"SPRF-MG";"DEL06-MG";"UOP01-DEL06-MG"
160521;2018-09-19;"quarta-feira";"18:50:00";"RS";470;231;"CARLOS BARBOSA";"Não guardar distância de segurança";"Colisão traseira";"Com Vítimas Feridas";"Plena Noite";"Decrescente";"Céu Claro";"Simples";"Reta;Aclive";"Não";2;0;1;0;1;0;1;2;-29,29051613;-51,4864397;"SPRF-RS";"DEL06-RS";"UOP01-DEL06-RS"
160523;2018-09-19;"quarta-feira";"19:30:00";"TO";153;496;"PARAISO DO TOCANTINS";"Falta de Atenção à Condução";"Colisão com objeto estático";"Sem Vítimas";"Plena Noite";"Decrescente";"Nublado";"Simples";"Reta";"Sim";2;0;0;0;2;0;0;1;-10,1754144;-48,8827025;"SPRF-TO";"DEL02-TO";"UOP01-DEL01-TO"
160525;2018-09-19;"quarta-feira";"19:30:00";"ES";101;144;"LINHARES";"Falta de Atenção à Condução";"Tombamento";"Com Vítimas Feridas";"Plena Noite";"Crescente";"Céu Claro";"Múltipla";"Reta";"Sim";2;0;1;0;1;0;1;2;-19,356255;-40,06417751;"SPRF-ES";"DEL04-ES";"UOP01-DEL04-ES"
160543;2018-09-19;"quarta-feira";"21:10:00";"CE";20;331;"CARIDADE";"Condutor Dormindo";"Colisão transversal";"Com Vítimas Feridas";"Plena Noite";"Decrescente";"Céu Claro";"Simples";"Curva";"Não";4;0;1;0;2;1;1;2;-4;-39;"SPRF-CE";"DEL02-CE";"UOP01-DEL02-CE"
160546;2018-09-19;"quarta-feira";"13:00:00";"BA";116;643;"JAGUAQUARA";"Falta de Atenção à Condução";"Saída de leito carroçável";"Com Vítimas Feridas";"Pleno dia";"Decrescente";"Céu Claro";"Simples";"Reta";"Não";1;0;0;1;0;0;1;1;-13,60394552;-40,08981943;"SPRF-BA";"DEL03-BA";"UOP01-DEL03-BA"
160552;2018-09-19;"quarta-feira";"21:30:00";"SP";116;335;"JUQUITIBA";"Falta de Atenção à Condução";"Colisão traseira";"Com Vítimas Feridas";"Plena Noite";"Crescente";"Chuva";"Dupla";"Reta";"Não";3;0;1;0;1;2;1;4;-23,93734534;-47,08321206;"SPRF-SP";"DEL04-SP";"UOP03-DEL04-SP"