"id";"data_inversa";"dia_semana";"horario";"uf";"br";"km";"municipio";"causa_acidente";"tipo_acidente";"classificacao_acidente";"fase_dia";"sentido_via";"condicao_metereologica";"tipo_pista";"tracado_via";"uso_solo";"pessoas";"mortos";"feridos_leves";"feridos_graves";"ilesos";"ignorados";"feridos";"veiculos";"latitude";"longitude";"regional";"delegacia";"uop"
160852;2018-09-21;"sexta-feira";"15:44:00";"BA";101;859;"TEIXEIRA DE FREITAS";"Falta de Atenção à Condução";"Colisão transversal";"Com Vítimas Fatais";"Pleno dia";"Crescente";"Céu Claro";"Simples";"Interseção de Vias";"Não";4;1;0;1;1;1;1;3;-17,3903;-39,6655;"SPRF-BA";"DEL09-BA";"UOP02-DEL09-BA"
160854;2018-09-21;"sexta-feira";"16:05:00";"PR";277;586;"CASCAVEL";"Falta de Atenção à Condução";"Colisão lateral";"Com Vítimas Feridas";"Pleno dia";"Crescente";"Céu Claro";"Simples";"Interseção de Vias";"Sim";2;0;0;1;1;0;1;2;-24,9670121;-53,4249822;"SPRF-PR";"DEL04-PR";"UOP01-DEL04-PR"
160857;2018-09-21;"sexta-feira";"16:45:00";"SC";101;157;"PORTO BELO";"Não guardar distância de segurança";"Colisão traseira";"Sem Vítimas";"Pleno dia";"Decrescente";"Nublado";"Dupla";"Reta";"Não";3;0;0;0;2;1;0;3;-27,1901;-48,6123;"SPRF-SC";"DEL04-SC";"UOP03-DEL04-SC"
160862;2018-09-21;"sexta-feira";"16:15:00";"MS";262;356,4;"CAMPO GRANDE";"Falta de Atenção à Condução";"Colisão transversal";"Com Vítimas Feridas";"Pleno dia";"Crescente";"Nublado";"Simples";"Reta";"Não";3;0;1;0;1;1;1;3;-20,546269;-54,683502;"SPRF-MS";"DEL01-MS";"UOP03-DEL01-MS"
160867;2018-09-21;"sexta-feira";"17:50:00";"RS";116;262,8;"CANOAS";"Desobediência às normas de trânsito pelo condutor";"Colisão traseira";"Com Vítimas Feridas";"Pleno dia";"Decrescente";"Céu Claro";"Múltipla";"Reta";"Sim";3;0;1;0;1;1;1;3;-29,89929478;-51,17607888;"SPRF-RS";"DEL01-RS";"UOP01-DEL01-RS"
160872;2018-09-21;"sexta-feira";"18:10:00";"PB";230;467,8;"SOUSA";"Desobediência às normas de trânsito pelo condutor";"Colisão transversal";"Com Vítimas Feridas";"Anoitecer";"Decrescente";"Céu Claro";"Simples";"Reta";"Não";2;0;1;0;1;0;1;2;-6,7813;-38,2606;"SPRF-PB";"DEL03-PB";"UOP03-DEL03-PB"
160873;2018-09-21;"sexta-feira";"18:50:00";"PE";104;66,3;"CARUARU";"Falta de Atenção à Condução";"Colisão lateral";"Com Vítimas Fatais";"Plena Noite";"Crescente";"Céu Claro";"Simples";"Reta";"Sim";2;1;0;0;1;0;0;2;-8,2937;-35,9864;"SPRF-PE";"DEL02-PE";"UOP01-DEL02-PE"
160874;2018-09-21;"sexta-feira";"17:30:00";"MS";267;683;"PORTO MURTINHO";"Desobediência às normas de trânsito pelo condutor";"Colisão traseira";"Com Vítimas Feridas";"Anoitecer";"Crescente";"Céu Claro";"Simples";"Reta";"Sim";5;0;3;0;1;1;3;3;-21,70000534;-57,86640644;"SPRF-MS";"DEL05-MS";"UOP01-DEL05-MS"
160886;2018-09-21;"sexta-feira";"19:20:00";"PE";116;34;"SALGUEIRO";"Desobediência às normas de trânsito pelo condutor";"Colisão lateral";"Com Vítimas Fatais";"Plena Noite";"Crescente";"Céu Claro";"Simples";"Curva";"Não";2;1;0;0;0;1;0;2;-8,121617;-39,117673;"SPRF-PE";"DEL05-PE";"UOP01-DEL05-PE"
160888;2018-09-21;"sexta-feira";"15:00:00";"SC";116;118,1;"SANTA CECILIA";"Defeito Mecânico no Veículo";"Incêndio";"Sem Vítimas";"Pleno dia";"Crescente";"Céu Claro";"Simples";"Reta";"Não";2;0;0;0;1;1;0;2;-26,82284525;-50,35583496;"SPRF-SC";"DEL06-SC";"UOP02-DEL06-SC"
160893;2018-09-21;"sexta-feira";"11:00:00";"PR";277;6,6;"PARANAGUA";"Falta de Atenção à Condução";"Colisão com objeto em movimento";"Com Vítimas Feridas";"Pleno dia";"Crescente";"Céu Claro";"Dupla";"Rotatória";"Sim";3;0;0;1;1;1;1;3;-25,51467526;-48,52257729;"SPRF-PR";"DEL01-PR";"UOP05-DEL01-PR"
160901;2018-09-21;"sexta-feira";"20:35:00";"SC";101;340;"TUBARAO";"Defeito Mecânico no Veículo";"Saída de leito carroçável";"Com Vítimas Feridas";"Plena Noite";"Decrescente";"Céu Claro";"Dupla";"Reta";"Sim";2;0;1;0;1;0;1;2;-28,49041919;-49,03884888;"SPRF-SC";"DEL02-SC";"UOP01-DEL02-SC"
160903;2018-09-21;"sexta-feira";"17:00:00";"GO";364;37;"PARANAIGUARA";"Defeito Mecânico no Veículo";"Saída de leito carroçável";"Com Vítimas Feridas";"Anoitecer";"Crescente";"Céu Claro";"Simples";"Aclive";"Não";2;0;1;0;0;1;1;2;-18,872442;-50,783173;"SPRF-GO";"DEL05-GO";"UOP02-DEL05-GO"
160905;2018-09-21;"sexta-feira";"18:40:00";"RJ";393;125,8;"SAPUCAIA";"Falta de Atenção à Condução";"Colisão traseira";"Com Vítimas Feridas";"Plena Noite";"Crescente";"Nublado";"Múltipla";"Reta";"Não";4;0;1;0;2;1;1;3;-21,954052;-42,8451;"SPRF-RJ";"DEL06-RJ";"UOP01-DEL05-RJ"
160906;2018-09-21;"sexta-feira";"14:00:00";"BA";242;358;"LENCOIS";"Ultrapassagem Indevida";"Colisão lateral";"Com Vítimas Fatais";"Pleno dia";"Crescente";"Sol";"Simples";"Reta";"Não";4;1;0;0;2;3;0;6;-12,46713;-41,37384;"SPRF-BA";"DEL06-BA";"UOP01-DEL06-BA"
160907;2018-09-21;"sexta-feira";"21:10:00";"SE";101;142,3;"ESTANCIA";"Condutor Dormindo";"Colisão com objeto estático";"Com Vítimas Feridas";"Plena Noite";"Crescente";"Céu Claro";"Dupla";"Reta";"Não";3;0;1;1;1;0;2;3;-11,19313691;-37,40683794;"SPRF-SE";"DEL02-SE";"UOP01-DEL02-SE"
160909;2018-09-21;"sexta-feira";"18:40:00";"CE";20;38,3;"PARAMBU";"Falta de Atenção à Condução";"Colisão frontal";"Com Vítimas Fatais";"Plena Noite";"Crescente";"Céu Claro";"Simples";"Reta";"Não";3;1;0;0;1;1;0;3;-6,26479266;-40,5821228;"SPRF-CE";"DEL02-CE";"UOP02-DEL02-CE"
160922;2018-09-21;"sexta-feira";"21:50:00";"RJ";116;201;"SEROPEDICA";"Falta de Atenção à Condução";"Colisão traseira";"Com Vítimas Feridas";"Plena Noite";"Crescente";"Céu Claro";"Dupla";"Reta";"Sim";3;0;1;0;2;0;1;3;-22,731236;-43,603722;"SPRF-RJ";"DEL01-RJ";"UOP03-DEL01-RJ"
160933;2018-09-21;"sexta-feira";"23:30:00";"PR";277;585;"CASCAVEL";"Falta de Atenção à Condução";"Colisão traseira";"Com Vítimas Feridas";"Plena Noite";"Decrescente";"Céu Claro";"Simples";"Interseção de Vias";"Não";3;0;2;0;1;0;2;2;-24,96440887;-53,41020048;"SPRF-PR";"DEL04-PR";"UOP01-DEL04-PR"
160939;2018-09-21;"sexta-feira";"23:10:00";"SC";101;282;"IMBITUBA";"Não guardar distância de segurança";"Colisão traseira";"Com Vítimas Feridas";"Plena Noite";"Crescente";"Garoa/Chuvisco";"Dupla";"Viaduto";"Sim";2;0;1;0;1;0;1;2;-28,2267;-48,7012;"SPRF-SC";"DEL02-SC";"UOP03-DEL02-SC"
160944;2018-09-22;"sábado";"01:25:00";"MG";381;866,5;"POUSO ALEGRE";"Defeito Mecânico no Veículo";"Incêndio";"Sem Vítimas";"Plena Noite";"Crescente";"Ignorado";"Dupla";"Reta";"Não";2;0;0;0;1;1;0;2;-22,3712;-45,9362;"SPRF-MG";"DEL16-MG";"UOP01-DEL16-MG"
160952;2018-09-21;"sexta-feira";"23:50:00";"GO";153;229;"URUACU";"Defeito Mecânico no Veículo";"Incêndio";"Sem Vítimas";"Plena Noite";"Crescente";"Céu Claro";"Simples";"Reta";"Não";2;0;0;0;1;1;0;2;-14,75529;-49,256191;"SPRF-GO";"DEL07-GO";"UOP02-DEL07-GO"
160954;2018-09-22;"sábado";"03:40:00";"GO";80;134,7;"BARRO ALTO";"Ultrapassagem Indevida";"Colisão frontal";"Com Vítimas Feridas";"Plena Noite";"Decrescente";"Céu Claro";"Simples";"Reta";"Sim";4;0;0;1;2;2;1;4;-14,96170141;-48,93053055;"SPRF-GO";"DEL07-GO";"UOP02-DEL07-GO"
160955;2018-09-22;"sábado";"03:20:00";"MG";459;98,4;"POUSO ALEGRE";"Falta de Atenção à Condução";"Colisão traseira";"Com Vítimas Feridas";"Plena Noite";"Crescente";"Céu Claro";"Dupla";"Reta";"Não";4;0;0;2;1;2;2;4;-22,202055;-45,960964;"SPRF-MG";"DEL16-MG";"UOP01-DEL16-MG"
160963;2018-09-22;"sábado";"04:30:00";"ES";262;123,3;"CONCEICAO DO CASTELO";"Ingestão de Álcool";"Colisão transversal";"Sem Vítimas";"Amanhecer";"Decrescente";"Nublado";"Simples";"Curva";"Não";3;0;0;0;2;1;0;3;-20,2908;-41,2477;"SPRF-ES";"DEL01-ES";"UOP02-DEL01-ES"
160973;2018-09-22;"sábado";"03:25:00";"MG";262;609,8;"CAMPOS ALTOS";"Ingestão de Álcool";"Colisão frontal";"Com Vítimas Fatais";"Pleno dia";"Crescente";"Céu Claro";"Simples";"Curva";"Não";3;1;0;1;0;1;1;3;-19,666414;-46,16032;"SPRF-MG";"DEL08-MG";"UOP02-DEL08-MG"
160975;2018-09-22;"sábado";"06:25:00";"SC";163;68;"SAO MIGUEL DO OESTE";"Condutor Dormindo";"Saída de leito carroçável";"Sem Vítimas";"Amanhecer";"Crescente";"Céu Claro";"Múltipla";"Reta;Aclive";"Sim";1;0;0;0;1;0;0;1;-26,73607689;-53,50452119;"SPRF-SC";"DEL07-SC";"UOP03-DEL07-SC"
160976;2018-09-22;"sábado";"05:35:00";"PI";316;234;"INHUMA";"Ultrapassagem Indevida";"Saída de leito carroçável";"Sem Vítimas";"Amanhecer";"Decrescente";"Céu Claro";"Simples";"Aclive";"Não";1;0;0;0;1;0;0;1;-6,61140825;-41,72607422;"SPRF-PI";"DEL04-PI";"UOP02-DEL04-PI"
160979;2018-09-22;"sábado";"02:40:00";"RS";392;4,4;"RIO GRANDE";"Desobediência às normas de trânsito pelo condutor";"Tombamento";"Com Vítimas Feridas";"Plena Noite";"Decrescente";"Nublado";"Simples";"Reta";"Não";2;0;1;0;1;0;1;2;-32,069656;-52,095535;"SPRF-RS";"DEL07-RS";"UOP02-DEL07-RS"
160988;2018-09-22;"sábado";"08:00:00";"BA";101;666;"ITAPEBI";"Mal Súbito";"Colisão frontal";"Com Vítimas Fatais";"Pleno dia";"Crescente";"Céu Claro";"Simples";"Curva";"Não";3;1;0;1;0;1;1;3;-15,971;-39,562;"SPRF-BA";"DEL09-BA";"UOP01-DEL09-BA"
160990;2018-09-22;"sábado";"05:40:00";"PI";316;71;"DEMERVAL LOBAO";"Falta de Atenção à Condução";"Tombamento";"Com Vítimas Feridas";"Amanhecer";"Decrescente";"Céu Claro";"Simples";"Curva";"Não";1;0;1;0;0;0;1;1;-5,34218;-42,686275;"SPRF-PI";"DEL01-PI";"UOP02-DEL01-PI"
160994;2018-09-22;"sábado";"07:02:00";"SC";101;235,4;"PALHOCA";"Falta de Atenção à Condução";"Colisão lateral";"Com Vítimas Feridas";"Pleno dia";"Decrescente";"Sol";"Dupla";"Reta";"Sim";3;0;0;1;1;1;1;3;-27,82271909;-48,63072395;"SPRF-SC";"DEL01-SC";"UOP02-DEL01-SC"
160996;2018-05-20;"domingo";"18:30:00";"PR";373;185,2;"PONTA GROSSA";"Não guardar distância de segurança";"Colisão traseira";"Com Vítimas Feridas";"Anoitecer";"Decrescente";"Céu Claro";"Simples";"Reta";"Não";4;0;2;0;1;1;2;2;-25,0480667;-50,29177308;"SPRF-PR";"DEL03-PR";"UOP01-DEL03-PR"
161009;2018-09-22;"sábado";"09:15:00";"MG";381;679,6;"PERDOES";"Falta de Atenção à Condução";"Colisão traseira";"Sem Vítimas";"Pleno dia";"Decrescente";"Céu Claro";"Dupla";"Reta";"Não";3;0;0;0;2;1;0;3;-21,1277;-45,1001;"SPRF-MG";"DEL04-MG";"UOP02-DEL04-MG"
161012;2018-09-22;"sábado";"09:12:00";"TO";153;167,8;"ARAGUAINA";"Ultrapassagem Indevida";"Colisão traseira";"Com Vítimas Feridas";"Pleno dia";"Crescente";"Céu Claro";"Simples";"Reta";"Não";7;0;2;0;4;2;2;4;-7,3761289;-48,34926367;"SPRF-TO";"DEL02-TO";"UOP01-DEL02-TO"
161026;2018-09-22;"sábado";"10:20:00";"ES";259;59;"COLATINA";"Sinalização da via insuficiente ou inadequada";"Colisão transversal";"Com Vítimas Feridas";"Pleno dia";"Decrescente";"Céu Claro";"Simples";"Reta";"Sim";4;0;1;1;1;1;2;3;-19,53361904;-40,68457067;"SPRF-ES";"DEL02-ES";"UOP01-DEL02-ES"
161031;2018-09-22;"sábado";"07:40:00";"ES";101;298,8;"VIANA";"Falta de Atenção à Condução";"Colisão transversal";"Com Vítimas Feridas";"Pleno dia";"Decrescente";"Nublado";"Múltipla";"Reta";"Sim";2;0;1;0;1;0;1;2;-20,35875494;-40,42219609;"SPRF-ES";"DEL01-ES";"UOP01-DEL01-ES"
161045;2018-09-22;"sábado";"13:30:00";"PE";101;70,9;"RECIFE";"Desobediência às normas de trânsito pelo condutor";"Colisão lateral";"Com Vítimas Feridas";"Pleno dia";"Crescente";"Céu Claro";"Dupla";"Curva";"Sim";2;0;1;0;1;0;1;2;-8,068553;-34,942657;"SPRF-PE";"DEL01-PE";"UOP01-DEL01-PE"
161048;2018-09-22;"sábado";"11:20:00";"PI";135;321;"CRISTINO CASTRO";"Defeito na Via";"Tombamento";"Com Vítimas Feridas";"Pleno dia";"Decrescente";"Sol";"Simples";"Reta";"Não";2;0;1;0;0;2;1;3;-8,850927;-44,235374;"SPRF-PI";"DEL03-PI";"UOP02-DEL03-PI"
161052;2018-09-22;"sábado";"11:45:00";"MT";163;718,9;"SORRISO";"Falta de Atenção à Condução";"Colisão lateral";"Sem Vítimas";"Pleno dia";"Decrescente";"Nublado";"Simples";"Reta";"Não";3;0;0;0;2;2;0;4;-12,81924996;-55,82773447;"SPRF-MT";"DEL06-MT";"UOP01-DEL06-MT"
161053;2018-09-22;"sábado";"15:00:00";"MT";163;738,7;"SORRISO";"Defeito Mecânico no Veículo";"Tombamento";"Com Vítimas Feridas";"Pleno dia";"Decrescente";"Céu Claro";"Simples";"Reta";"Não";2;0;1;0;0;1;1;2;-12,65440799;-55,78943253;"SPRF-MT";"DEL06-MT";"UOP01-DEL06-MT"
161057;2018-09-22;"sábado";"09:00:00";"MA";316;29;"JUNCO DO MARANHAO";"Defeito na Via";"Tombamento";"Sem Vítimas";"Pleno dia";"Crescente";"Sol";"Simples";"Reta";"Não";2;0;0;0;1;1;0;2;-1,849754;-46,090988;"SPRF-MA";"DEL02-MA";"UOP02-DEL02-MA"
161062;2018-09-22;"sábado";"17:00:00";"SP";116;157,3;"SAO JOSE DOS CAMPOS";"Defeito Mecânico no Veículo";"Colisão lateral";"Com Vítimas Fatais";"Pleno dia";"Crescente";"Céu Claro";"Dupla";"Reta";"Sim";5;1;0;0;2;2;0;4;-23,25502858;-45,94324524;"SPRF-SP";"DEL02-SP";"UOP01-DEL02-SP"
161073;2018-09-22;"sábado";"16:20:00";"RJ";393;254,2;"BARRA DO PIRAI";"Ingestão de Álcool";"Colisão lateral";"Sem Vítimas";"Pleno dia";"Decrescente";"Sol";"Simples";"Curva";"Sim";3;0;0;0;2;1;0;3;-22,45077624;-43,8312757;"SPRF-RJ";"DEL05-RJ";"UOP04-DEL05-RJ"
161077;2018-09-22;"sábado";"15:00:00";"RJ";40;89;"PETROPOLIS";"Velocidade Incompatível";"Tombamento";"Com Vítimas Feridas";"Pleno dia";"Decrescente";"Céu Claro";"Simples";"Curva";"Não";2;0;1;0;0;1;1;2;-22,55568399;-43,23291779;"SPRF-RJ";"DEL06-RJ";"UOP01-DEL06-RJ"
161085;2018-09-22;"sábado";"18:30:00";"GO";364;232;"JATAI";"Falta de Atenção à Condução";"Colisão frontal";"Com Vítimas Feridas";"Pleno dia";"Crescente";"Céu Claro";"Simples";"Reta";"Sim";5;0;1;0;3;1;1;4;-17,818481;-52,021004;"SPRF-GO";"DEL05-GO";"UOP01-DEL05-GO"
161088;2018-09-22;"sábado";"18:45:00";"SC";101;460,6;"PASSO DE TORRES";"Falta de Atenção à Condução";"Colisão traseira";"Com Vítimas Feridas";"Anoitecer";"Crescente";"Céu Claro";"Dupla";"Reta";"Sim";4;0;0;1;2;1;1;3;-29,26274936;-49,75601435;"SPRF-RS";"DEL03-RS";"DEL9/3-UOP03/RS"
161089;2018-09-22;"sábado";"15:10:00";"MS";163;204,3;"CAARAPO";"Falta de Atenção à Condução";"Colisão com objeto estático";"Com Vítimas Feridas";"Pleno dia";"Decrescente";"Céu Claro";"Simples";"Aclive";"Não";2;0;1;0;1;0;1;1;-22,66671461;-54,79649752;"SPRF-MS";"DEL04-MS";"UOP02-DEL04-MS"
161103;2018-09-22;"sábado";"19:45:00";"ES";101;292,5;"CARIACICA";"Ingestão de Álcool";"Colisão traseira";"Com Vítimas Feridas";"Plena Noite";"Decrescente";"Céu Claro";"Dupla";"Reta";"Sim";3;0;1;0;2;0;1;2;-20,31149728;-40,39511919;"SPRF-ES";"DEL01-ES";"UOP01-DEL01-ES"
161106;2018-09-22;"sábado";"18:55:00";"MT";364;384;"SANTO ANTONIO DO LEVERGER";"Falta de Atenção à Condução";"Colisão traseira";"Sem Vítimas";"Plena Noite";"Crescente";"Céu Claro";"Simples";"Reta";"Não";6;0;0;0;5;2;0;5;-15,702577;-55,800434;"SPRF-MT";"DEL02-MT";"UOP02-DEL01-MT"
161107;2018-09-22;"sábado";"19:53:00";"MT";70;2,5;"BARRA DO GARCAS";"Ultrapassagem Indevida";"Colisão lateral";"Com Vítimas Fatais";"Plena Noite";"Crescente";"Céu Claro";"Simples";"Reta";"Sim";4;1;0;0;1;3;0;5;-15,88502326;-52,27172613;"SPRF-MT";"DEL07-MT";"UOP01-DEL07-MT"
161117;2018-09-22;"sábado";"21:15:00";"RS";290;145,5;"ELDORADO DO SUL";"Desobediência às normas de trânsito pelo condutor";"Colisão frontal";"Com Vítimas Fatais";"Plena Noite";"Decrescente";"Nublado";"Dupla";"Reta";"Não";5;1;0;0;3;1;0;3;-30,10388791;-51,66561127;"SPRF-RS";"DEL02-RS";"UOP01-DEL02-RS"
161122;2018-09-22;"sábado";"21:10:00";"SC";101;229;"PALHOCA";"Não guardar distância de segurança";"Colisão lateral";"Com Vítimas Feridas";"Plena Noite";"Crescente";"Céu Claro";"Dupla";"Reta";"Sim";5;0;2;0;2;1;2;3;-27,7768;-48,6346;"SPRF-SC";"DEL01-SC";"UOP02-DEL01-SC"
161129;2018-09-22;"sábado";"19:00:00";"PI";316;22,2;"TERESINA";"Falta de Atenção à Condução";"Colisão traseira";"Com Vítimas Feridas";"Plena Noite";"Decrescente";"Céu Claro";"Simples";"Reta";"Sim";3;0;1;1;1;0;2;2;-5,28099673;-42,72320688;"SPRF-PI";"DEL01-PI";"UOP02-DEL01-PI"
161130;2018-09-22;"sábado";"21:50:00";"SC";282;618;"IRACEMINHA";"Falta de Atenção à Condução";"Colisão transversal";"Com Vítimas Feridas";"Plena Noite";"Decrescente";"Céu Claro";"Simples";"Reta";"Não";3;0;1;0;2;0;1;2;-26,77894735;-53,27630997;"SPRF-SC";"DEL07-SC";"UOP02-DEL07-SC"
161132;2018-09-22;"sábado";"20:15:00";"PR";277;215,7;"TEIXEIRA SOARES";"Ingestão de Álcool";"Colisão lateral";"Sem Vítimas";"Plena Noite";"Crescente";"Céu Claro";"Simples";"Reta";"Não";3;0;0;0;2;2;0;4;-25,46798736;-50,39093435;"SPRF-PR";"DEL03-PR";"UOP02-DEL08-PR"
161133;2018-09-22;"sábado";"22:00:00";"PI";135;468;"MONTE ALEGRE DO PIAUI";"Defeito na Via";"Saída de leito carroçável";"Com Vítimas Feridas";"Plena Noite";"Decrescente";"Céu Claro";"Simples";"Reta";"Não";3;0;1;0;1;1;1;2;-9,602353;-45,049641;"SPRF-PI";"DEL03-PI";"UOP02-DEL03-PI"
161136;2018-09-22;"sábado";"21:00:00";"MS";163;802,5;"SONORA";"Ultrapassagem Indevida";"Colisão frontal";"Com Vítimas Fatais";"Plena Noite";"Decrescente";"Céu Claro";"Simples";"Reta";"Não";5;1;0;0;3;2;0;5;-17,89113244;-54,69165266;"SPRF-MS";"DEL06-MS";"UOP01-DEL06-MS"
161137;2018-09-22;"sábado";"20:00:00";"MA";10;251,3;"IMPERATRIZ";"Ingestão de Álcool";"Colisão traseira";"Com Vítimas Feridas";"Plena Noite";"Crescente";"Céu Claro";"Múltipla";"Retorno Regulamentado;Reta";"Sim";2;0;0;1;1;0;1;2;-5,54126103;-47,46586204;"SPRF-MA";"DEL04-MA";"UOP01-DEL04-MA"
161151;2018-09-22;"sábado";"22:10:00";"CE";304;1,2;"RUSSAS";"Falta de Atenção à Condução";"Saída de leito carroçável";"Com Vítimas Feridas";"Plena Noite";"Decrescente";"Céu Claro";"Simples";"Reta";"Não";3;0;2;0;0;1;2;2;-4,59028504;-38,19457054;"SPRF-CE";"DEL03-CE";"UOP03-DEL03-CE"
161155;2018-09-22;"sábado";"19:30:00";"PR";277;174;"PALMEIRA";"Falta de Atenção do Pedestre";"Atropelamento de Pedestre";"Com Vítimas Fatais";"Plena Noite";"Decrescente";"Céu Claro";"Simples";"Reta";"Não";2;1;0;0;1;0;0;2;-25,433447;-50,047344;"SPRF-PR";"DEL03-PR";"UOP02-DEL08-PR"
161157;2018-09-22;"sábado";"15:50:00";"MG";116;283,5;"TEOFILO OTONI";"Falta de Atenção à Condução";"Colisão lateral";"Sem Vítimas";"Pleno dia";"Decrescente";"Céu Claro";"Simples";"Curva";"Não";3;0;0;0;2;2;0;4;-17,919535;-41,525025;"SPRF-MG";"DEL11-MG";"UOP01-DEL11-MG"
161158;2018-09-22;"sábado";"21:20:00";"MS";262;1;"TRES LAGOAS";"Não guardar distância de segurança";"Colisão traseira";"Com Vítimas Feridas";"Plena Noite";"Decrescente";"Céu Claro";"Simples";"Ponte";"Não";5;0;2;0;3;0;2;2;-20,78243688;-51,65908813;"SPRF-MS";"DEL07-MS";"UOP01-DEL07-MS"
161164;2018-09-22;"sábado";"18:40:00";"MT";174;46;"VILA BELA DA SANTISSIMA TRINDADE";"Falta de Atenção à Condução";"Saída de leito carroçável";"Sem Vítimas";"Plena Noite";"Decrescente";"Céu Claro";"Simples";"Reta";"Não";1;0;0;0;1;0;0;1;-15,14978;-59,60196;"SPRF-MT";"DEL04-MT";"UOP01-DEL04-MT"
161165;2018-09-23;"domingo";"02:50:00";"SC";101;196,1;"BIGUACU";"Falta de Atenção à Condução";"Colisão traseira";"Com Vítimas Feridas";"Plena Noite";"Crescente";"Nublado";"Múltipla";"Reta";"Sim";2;0;0;1;1;0;1;2;-27,5106789;-48,64361817;"SPRF-SC";"DEL01-SC";"UOP01-DEL01-SC"
161167;2018-09-23;"domingo";"02:30:00";"RS";285;273,8;"MATO CASTELHANO";"Velocidade Incompatível";"Colisão traseira";"Com Vítimas Fatais";"Plena Noite";"Decrescente";"Céu Claro";"Simples";"Aclive;Reta";"Sim";3;1;0;1;1;0;1;2;-28,27267482;-52,20035791;"SPRF-RS";"DEL08-RS";"UOP03-DEL08-RS"
161169;2018-09-23;"domingo";"03:00:00";"SC";101;137;"BALNEARIO CAMBORIU";"Falta de Atenção à Condução";"Colisão lateral";"Com Vítimas Feridas";"Plena Noite";"Crescente";"Céu Claro";"Simples";"Reta";"Sim";4;0;2;0;1;1;2;3;-27,024;-48,6074;"SPRF-SC";"DEL04-SC";"UOP03-DEL04-SC"
161174;2018-09-23;"domingo";"01:40:00";"MG";381;888,1;"CAMBUI";"Velocidade Incompatível";"Tombamento";"Com Vítimas Feridas";"Plena Noite";"Decrescente";"Céu Claro";"Dupla";"Curva";"Não";2;0;1;0;0;1;1;2;-22,53224425;-46,02807999;"SPRF-MG";"DEL16-MG";"UOP03-DEL16-MG"
161192;2018-09-23;"domingo";"04:00:00";"AP";156;254,8;"MACAPA";"Condutor Dormindo";"Colisão com objeto estático";"Com Vítimas Feridas";"Plena Noite";"Decrescente";"Céu Claro";"Simples";"Curva";"Não";2;0;1;0;1;0;1;1;0,3640055;-51,07857227;"SPRF-AP";"DEL01-AP";"UOP01-DEL01-AP"
161198;2018-09-22;"sábado";"21:27:00";"RJ";393;283;"VOLTA REDONDA";"Falta de Atenção à Condução";"Colisão lateral";"Com Vítimas Feridas";"Pleno dia";"Crescente";"Céu Claro";"Simples";"Reta";"Não";4;0;0;1;1;2;1;4;-22,488013;-44,06329;"SPRF-RJ";"DEL05-RJ";"UOP04-DEL05-RJ"
161201;2018-09-23;"domingo";"07:10:00";"BA";116;417,8;"FEIRA DE SANTANA";"Desobediência às normas de trânsito pelo condutor";"Colisão frontal";"Com Vítimas Feridas";"Pleno dia";"Decrescente";"Céu Claro";"Simples";"Reta";"Sim";3;0;1;1;1;0;2;2;-12,19243541;-38,96527899;"SPRF-BA";"DEL02-BA";"UOP01-DEL02-BA"
161202;2018-09-23;"domingo";"05:20:00";"MA";316;583;"CAXIAS";"Condutor Dormindo";"Colisão frontal";"Com Vítimas Feridas";"Amanhecer";"Crescente";"Céu Claro";"Simples";"Reta";"Sim";5;0;1;2;2;0;3;3;-4,977182;-43,098457;"SPRF-MA";"DEL03-MA";"UOP02-DEL03-MA"
161210;2018-09-23;"domingo";"05:40:00";"PR";376;2;"SAO JOSE DOS PINHAIS";"Falta de Atenção à Condução";"Colisão com objeto estático";"Com Vítimas Feridas";"Amanhecer";"Crescente";"Céu Claro";"Dupla";"Reta";"Sim";1;0;1;0;0;0;1;1;-25,5307;-49,1958;"SPRF-PR";"DEL01-PR";"DEL7/1-UOP08/PR"
161212;2018-09-23;"domingo";"07:15:00";"MG";251;514;"MONTES CLAROS";"Defeito Mecânico no Veículo";"Danos eventuais";"Sem Vítimas";"Pleno dia";"Decrescente";"Céu Claro";"Simples";"Curva";"Não";2;0;0;0;1;1;0;2;-16,6556;-43,7194;"SPRF-MG";"DEL12-MG";"UOP01-DEL12-MG"
161215;2018-09-23;"domingo";"05:30:00";"MA";316;203,6;"ZE DOCA";"Condutor Dormindo";"Colisão frontal";"Sem Vítimas";"Amanhecer";"Decrescente";"Céu Claro";"Simples";"Reta";"Sim";3;0;0;0;2;1;0;2;-3,295679;-45,657955;"SPRF-MA";"DEL02-MA";"UI04-DEL02-MA"
161224;2018-09-23;"domingo";"09:10:00";"SP";116;165;"JACAREI";"Ingestão de Álcool";"Colisão lateral";"Sem Vítimas";"Pleno dia";"Crescente";"Céu Claro";"Dupla";"Reta";"Não";3;0;0;0;2;1;0;3;-23,29464859;-46,00662231;"SPRF-SP";"DEL02-SP";"UOP01-DEL02-SP"
161227;2018-09-23;"domingo";"09:00:00";"MT";163;840;"SINOP";"Falta de Atenção à Condução";"Tombamento";"Com Vítimas Feridas";"Pleno dia";"Decrescente";"Céu Claro";"Simples";"Reta";"Sim";3;0;2;1;0;0;3;1;-11,78535835;-55,47477722;"SPRF-MT";"DEL06-MT";"UOP02-DEL06-MT"
161239;2018-09-23;"domingo";"11:20:00";"SP";116;551;"BARRA DO TURVO";"Velocidade Incompatível";"Tombamento";"Sem Vítimas";"Pleno dia";"Decrescente";"Céu Claro";"Dupla";"Curva";"Não";2;0;0;0;1;1;0;2;-24,97656275;-48,49877715;"SPRF-SP";"DEL05-SP";"UOP02-DEL05-SP"