"id";"data_inversa";"dia_semana";"horario";"uf";"br";"km";"municipio";"causa_acidente";"tipo_acidente";"classificacao_acidente";"fase_dia";"sentido_via";"condicao_metereologica";"tipo_pista";"tracado_via";"uso_solo";"pessoas";"mortos";"feridos_leves";"feridos_graves";"ilesos";"ignorados";"feridos";"veiculos";"latitude";"longitude";"regional";"delegacia";"uop"
162500;2018-09-30;"domingo";"02:00:00";"PB";104;188,4;"ALCANTIL";"Falta de Atenção à Condução";"Colisão frontal";"Com Vítimas Fatais";"Plena Noite";"Crescente";"Céu Claro";"Simples";"Reta";"Não";3;1;0;1;1;0;1;2;-7,70044;-36,0622;"SPRF-PB";"DEL02-PB";"UOP03-DEL02-PB"
162508;2018-09-30;"domingo";"05:30:00";"BA";101;404,7;"IBIRAPITANGA";"Desobediência às normas de trânsito pelo condutor";"Colisão frontal";"Com Vítimas Fatais";"Pleno dia";"Decrescente";"Céu Claro";"Simples";"Curva";"Não";4;2;0;0;1;2;0;4;-14,0193;-39,4304;"SPRF-BA";"DEL05-BA";"UOP03-DEL05-BA"
162511;2018-09-29;"sábado";"23:40:00";"BA";116;749;"POCOES";"Defeito Mecânico no Veículo";"Colisão com objeto estático";"Sem Vítimas";"Plena Noite";"Decrescente";"Céu Claro";"Simples";"Reta";"Não";2;0;0;0;1;1;0;2;-14,4682;-40,34016;"SPRF-BA";"DEL08-BA";"UOP02-DEL08-BA"
162520;2018-09-30;"domingo";"06:50:00";"ES";101;264,5;"SERRA";"Falta de Atenção do Pedestre";"Atropelamento de Pedestre";"Com Vítimas Fatais";"Pleno dia";"Decrescente";"Céu Claro";"Dupla";"Reta";"Sim";2;1;0;0;1;0;0;2;-20,17975874;-40,26503027;"SPRF-ES";"DEL02-ES";"UOP01-DEL02-ES"
162522;2018-09-30;"domingo";"03:40:00";"MG";40;167,3;"JOAO PINHEIRO";"Condutor Dormindo";"Saída de leito carroçável";"Com Vítimas Feridas";"Plena Noite";"Decrescente";"Céu Claro";"Dupla";"Reta";"Não";2;0;1;0;0;1;1;2;-17,96133278;-46,01423442;"SPRF-MG";"DEL14-MG";"UOP02-DEL14-MG"
162527;2018-09-30;"domingo";"07:30:00";"MG";262;166,6;"SAO DOMINGOS DO PRATA";"Ultrapassagem Indevida";"Saída de leito carroçável";"Com Vítimas Feridas";"Pleno dia";"Decrescente";"Nublado";"Simples";"Curva";"Não";2;0;0;1;0;1;1;2;-19,956583;-42,888016;"SPRF-MG";"DEL03-MG";"UOP03-DEL03-MG"
162528;2018-09-22;"sábado";"11:00:00";"PB";230;31,8;"BAYEUX";"Ultrapassagem Indevida";"Colisão lateral";"Com Vítimas Feridas";"Pleno dia";"Crescente";"Céu Claro";"Dupla";"Reta";"Sim";3;0;1;0;2;0;1;2;-7,143662;-34,918446;"SPRF-PB";"DEL01-PB";"UOP01-DEL01-PB"
162542;2018-09-30;"domingo";"02:30:00";"MG";381;605;"OLIVEIRA";"Condutor Dormindo";"Derramamento de carga";"Sem Vítimas";"Plena Noite";"Crescente";"Céu Claro";"Dupla";"Curva";"Não";2;0;0;0;1;1;0;2;-20,6436;-44,7369;"SPRF-MG";"DEL04-MG";"UOP01-DEL04-MG"
162546;2018-09-30;"domingo";"10:20:00";"MG";116;245,3;"TEOFILO OTONI";"Não guardar distância de segurança";"Colisão traseira";"Com Vítimas Feridas";"Pleno dia";"Crescente";"Céu Claro";"Simples";"Reta";"Sim";4;0;1;0;2;1;1;3;-17,59840292;-41,49250868;"SPRF-MG";"DEL11-MG";"UOP01-DEL11-MG"
162550;2018-09-30;"domingo";"11:15:00";"SP";116;357,5;"MIRACATU";"Velocidade Incompatível";"Tombamento";"Com Vítimas Feridas";"Pleno dia";"Decrescente";"Nublado";"Dupla";"Curva";"Não";2;0;1;0;0;11;1;12;-24,10277393;-47,25690722;"SPRF-SP";"DEL04-SP";"UOP03-DEL04-SP"
162554;2018-09-30;"domingo";"10:50:00";"PR";116;36,9;"CAMPINA GRANDE DO SUL";"Defeito Mecânico no Veículo";"Saída de leito carroçável";"Com Vítimas Feridas";"Pleno dia";"Decrescente";"Céu Claro";"Dupla";"Reta";"Não";3;0;1;0;1;1;1;3;-25,131405;-48,857468;"SPRF-PR";"DEL01-PR";"UOP02-DEL01-PR"
162556;2018-09-30;"domingo";"08:40:00";"MG";153;98;"PRATA";"Falta de Atenção à Condução";"Colisão frontal";"Com Vítimas Feridas";"Pleno dia";"Crescente";"Céu Claro";"Simples";"Declive;Reta;Ponte";"Não";4;0;0;1;2;4;1;7;-19,21260569;-48,93740773;"SPRF-MG";"DEL15-MG";"UOP03-DEL15-MG"
162565;2018-09-30;"domingo";"13:00:00";"MG";381;907;"CAMBUI";"Velocidade Incompatível";"Colisão lateral";"Com Vítimas Feridas";"Pleno dia";"Crescente";"Chuva";"Dupla";"Aclive;Curva";"Não";3;0;0;2;1;0;2;2;-22,679;-46,0995;"SPRF-MG";"DEL16-MG";"UOP03-DEL16-MG"
162571;2018-09-30;"domingo";"12:00:00";"SP";116;371;"MIRACATU";"Ingestão de Álcool";"Colisão com objeto estático";"Sem Vítimas";"Pleno dia";"Crescente";"Céu Claro";"Dupla";"Reta";"Não";1;0;0;0;1;0;0;1;-24,16062929;-47,32749505;"SPRF-SP";"DEL04-SP";"UOP02-DEL04-SP"
162577;2018-09-30;"domingo";"12:50:00";"SP";153;70,8;"SAO JOSE DO RIO PRETO";"Velocidade Incompatível";"Tombamento";"Sem Vítimas";"Pleno dia";"Decrescente";"Chuva";"Simples";"Curva";"Sim";2;0;0;0;1;2;0;3;-20,85676654;-49,40414429;"SPRF-SP";"DEL09-SP";"UOP01-DEL09-SP"
162580;2018-09-30;"domingo";"15:35:00";"GO";60;94,1;"ANAPOLIS";"Falta de Atenção à Condução";"Colisão lateral";"Com Vítimas Feridas";"Pleno dia";"Crescente";"Céu Claro";"Dupla";"Reta";"Sim";3;0;1;0;1;1;1;3;-16,3611;-48,9328;"SPRF-GO";"DEL02-GO";"UOP01-DEL02-GO"
162583;2018-09-30;"domingo";"14:30:00";"RS";392;64;"RIO GRANDE";"Objeto estático sobre o leito carroçável";"Colisão com objeto em movimento";"Sem Vítimas";"Pleno dia";"Crescente";"Céu Claro";"Simples";"Reta";"Sim";1;0;0;0;1;0;0;1;-31,884212;-52,320534;"SPRF-RS";"DEL07-RS";"UOP01-DEL07-RS"
162592;2018-09-30;"domingo";"14:15:00";"MG";381;892;"CAMBUI";"Carga excessiva e/ou mal acondicionada";"Incêndio";"Sem Vítimas";"Pleno dia";"Crescente";"Nublado";"Dupla";"Reta";"Não";3;0;0;0;1;2;0;3;-22,5659;-46,0407;"SPRF-MG";"DEL16-MG";"UOP03-DEL16-MG"
162601;2018-09-30;"domingo";"15:45:00";"SP";116;325;"JUQUITIBA";"Velocidade Incompatível";"Colisão com objeto estático";"Sem Vítimas";"Pleno dia";"Crescente";"Chuva";"Dupla";"Curva";"Não";2;0;0;0;1;1;0;2;-23,94009498;-47,04450309;"SPRF-SP";"DEL04-SP";"UOP03-DEL04-SP"
162603;2018-09-30;"domingo";"15:40:00";"MG";262;687,3;"ARAXA";"Mal Súbito";"Colisão frontal";"Com Vítimas Feridas";"Pleno dia";"Crescente";"Nublado";"Simples";"Curva";"Não";3;0;0;1;1;1;1;3;-19,54357336;-46,92255378;"SPRF-MG";"DEL08-MG";"UOP01-DEL08-MG"
162618;2018-09-30;"domingo";"18:30:00";"SC";101;51;"JOINVILLE";"Falta de Atenção à Condução";"Colisão lateral";"Com Vítimas Feridas";"Plena Noite";"Decrescente";"Céu Claro";"Dupla";"Curva";"Não";2;0;1;0;0;1;1;2;-26,4036;-48,839;"SPRF-SC";"DEL03-SC";"UOP01-DEL03-SC"
162621;2018-07-17;"terça-feira";"20:00:00";"BA";324;511,6;"FEIRA DE SANTANA";"Falta de Atenção do Pedestre";"Atropelamento de Pedestre";"Com Vítimas Feridas";"Plena Noite";"Crescente";"Céu Claro";"Dupla";"Reta";"Sim";2;0;0;1;0;1;1;2;-12,23124;-38,96019;"SPRF-BA";"DEL02-BA";"UOP01-DEL02-BA"
162626;2018-09-30;"domingo";"19:00:00";"GO";50;101;"CRISTALINA";"Velocidade Incompatível";"Colisão traseira";"Com Vítimas Feridas";"Plena Noite";"Decrescente";"Céu Claro";"Dupla";"Reta";"Não";6;0;4;0;1;1;4;3;-16,79439851;-47,64500946;"SPRF-DF";"DEL01-DF";"UOP02-DEL01-DF"
162634;2018-09-30;"domingo";"20:00:00";"GO";50;102,2;"CRISTALINA";"Não guardar distância de segurança";"Colisão traseira";"Sem Vítimas";"Plena Noite";"Decrescente";"Céu Claro";"Dupla";"Reta";"Não";3;0;0;0;2;2;0;4;-16,8051984;-47,65718937;"SPRF-DF";"DEL01-DF";"UOP02-DEL01-DF"
162638;2018-09-30;"domingo";"19:30:00";"MG";40;389,8;"CURVELO";"Ultrapassagem Indevida";"Colisão lateral";"Com Vítimas Feridas";"Plena Noite";"Crescente";"Céu Claro";"Simples";"Curva;Aclive";"Não";4;0;1;0;2;1;1;3;-18,94987;-44,68637;"SPRF-MG";"DEL02-MG";"UOP01-DEL02-MG"
162643;2018-09-30;"domingo";"15:00:00";"MT";364;150;"PEDRA PRETA";"Condutor Dormindo";"Tombamento";"Com Vítimas Feridas";"Pleno dia";"Decrescente";"Sol";"Simples";"Reta";"Não";2;0;1;0;0;2;1;3;-16,790409;-54,205177;"SPRF-MT";"DEL02-MT";"UOP01-DEL02-MT"
162660;2018-09-30;"domingo";"21:00:00";"RO";364;178,1;"PIMENTA BUENO";"Sinalização da via insuficiente ou inadequada";"Colisão lateral";"Com Vítimas Fatais";"Plena Noite";"Decrescente";"Chuva";"Simples";"Curva;Em Obras";"Não";9;1;4;1;1;3;5;5;-11,790545;-61,063557;"SPRF-RO";"DEL02-RO";"UOP02-DEL02-RO"
162672;2018-10-01;"segunda-feira";"01:10:00";"SP";153;275,6;"OCAUCU";"Velocidade Incompatível";"Tombamento";"Com Vítimas Fatais";"Plena Noite";"Decrescente";"Nublado";"Simples";"Curva";"Não";1;1;0;0;0;0;0;1;-22,370134;-49,864109;"SPRF-SP";"DEL07-SP";"UOP02-DEL07-SP"
162673;2018-09-30;"domingo";"23:00:00";"SC";470;159,6;"TROMBUDO CENTRAL";"Defeito Mecânico no Veículo";"Danos eventuais";"Sem Vítimas";"Plena Noite";"Decrescente";"Nublado";"Simples";"Reta";"Sim";2;0;0;0;1;2;0;3;-27,285877;-49,788143;"SPRF-SC";"DEL04-SC";"UOP02-DEL04-SC"
162675;2018-09-30;"domingo";"21:45:00";"AC";364;220;"SENA MADUREIRA";"Defeito Mecânico no Veículo";"Saída de leito carroçável";"Com Vítimas Fatais";"Plena Noite";"Crescente";"Céu Claro";"Simples";"Declive;Reta";"Não";2;1;0;0;0;3;0;4;-9,455462;-68,386513;"SPRF-AC";"DEL01-AC";"UOP01-DEL01-AC"
162677;2018-10-01;"segunda-feira";"02:00:00";"SC";101;110,9;"NAVEGANTES";"Não guardar distância de segurança";"Colisão traseira";"Com Vítimas Feridas";"Plena Noite";"Crescente";"Nublado";"Dupla";"Reta";"Não";2;0;1;0;1;0;1;2;-26,83902497;-48,71369541;"SPRF-SC";"DEL04-SC";"UOP04-DEL04-SC"
162678;2018-10-01;"segunda-feira";"01:40:00";"PR";277;577,9;"CASCAVEL";"Não guardar distância de segurança";"Colisão lateral";"Com Vítimas Fatais";"Plena Noite";"Crescente";"Nevoeiro/Neblina";"Simples";"Reta";"Sim";5;1;0;0;4;0;0;2;-24,98342745;-53,35179091;"SPRF-PR";"DEL04-PR";"UOP01-DEL04-PR"
162684;2018-10-01;"segunda-feira";"05:35:00";"PR";369;131,8;"IBIPORA";"Defeito Mecânico no Veículo";"Atropelamento de Pedestre";"Com Vítimas Feridas";"Amanhecer";"Crescente";"Nublado";"Dupla";"Aclive";"Não";1;0;0;1;0;0;1;1;-23,26059778;-50,99825084;"SPRF-PR";"DEL07-PR";"UOP01-DEL07-PR"
162689;2018-09-30;"domingo";"23:50:00";"RO";364;680;"CANDEIAS DO JAMARI";"Falta de Atenção à Condução";"Saída de leito carroçável";"Sem Vítimas";"Plena Noite";"Crescente";"Céu Claro";"Simples";"Reta";"Não";2;0;0;0;1;2;0;3;-8,78862504;-63,6118269;"SPRF-RO";"DEL01-RO";"UOP01-DEL01-RO"
162691;2018-10-01;"segunda-feira";"06:00:00";"MG";262;554;"LUZ";"Velocidade Incompatível";"Tombamento";"Com Vítimas Feridas";"Amanhecer";"Decrescente";"Céu Claro";"Simples";"Declive";"Não";2;0;1;0;0;1;1;2;-19,74106979;-45,84599686;"SPRF-MG";"DEL08-MG";"UOP02-DEL08-MG"
162700;2018-10-01;"segunda-feira";"06:30:00";"MA";135;123,5;"MIRANDA DO NORTE";"Falta de Atenção à Condução";"Colisão lateral";"Com Vítimas Feridas";"Pleno dia";"Crescente";"Céu Claro";"Simples";"Reta";"Sim";3;0;0;1;0;2;1;3;-3,541438;-44,568504;"SPRF-MA";"DEL01-MA";"UOP02-DEL01-MA"
162701;2018-10-01;"segunda-feira";"07:40:00";"MT";163;837;"SINOP";"Não guardar distância de segurança";"Queda de ocupante de veículo";"Com Vítimas Feridas";"Pleno dia";"Crescente";"Chuva";"Simples";"Reta";"Sim";3;0;1;0;1;3;1;5;-11,79073566;-55,47683716;"SPRF-MT";"DEL06-MT";"UOP02-DEL06-MT"
162707;2018-10-01;"segunda-feira";"08:35:00";"PE";232;96,9;"BEZERROS";"Falta de Atenção à Condução";"Colisão lateral";"Com Vítimas Feridas";"Pleno dia";"Decrescente";"Céu Claro";"Dupla";"Reta";"Não";2;0;0;1;1;0;1;2;-8,2347319;-35,71860446;"SPRF-PE";"DEL01-PE";"UOP02-DEL02PE"
162709;2018-10-01;"segunda-feira";"09:00:00";"MG";381;839,8;"SAO SEBASTIAO DA BELA VISTA";"Falta de Atenção à Condução";"Saída de leito carroçável";"Com Vítimas Feridas";"Pleno dia";"Crescente";"Nublado";"Dupla";"Reta";"Não";2;0;1;0;1;0;1;1;-22,16308346;-45,83127022;"SPRF-MG";"DEL16-MG";"UOP01-DEL16-MG"
162710;2018-09-30;"domingo";"10:10:00";"MT";364;41;"ALTO GARCAS";"Falta de Atenção à Condução";"Colisão frontal";"Com Vítimas Feridas";"Pleno dia";"Decrescente";"Nublado";"Simples";"Reta";"Não";3;0;2;0;0;4;2;6;-17,11614219;-53,45324997;"SPRF-MT";"DEL02-MT";"UOP02-DEL02-MT"
162711;2018-04-12;"quinta-feira";"07:10:00";"PR";376;457;"TIBAGI";"Velocidade Incompatível";"Colisão traseira";"Sem Vítimas";"Pleno dia";"Crescente";"Nevoeiro/Neblina";"Dupla";"Reta";"Não";4;0;0;0;3;1;0;3;-24,92404724;-50,40915459;"SPRF-PR";"DEL03-PR";"UOP01-DEL03-PR"
162717;2018-10-01;"segunda-feira";"10:10:00";"PE";104;55;"CARUARU";"Falta de Atenção à Condução";"Colisão lateral";"Sem Vítimas";"Pleno dia";"Decrescente";"Sol";"Dupla";"Reta";"Não";3;0;0;0;0;3;0;3;-8,202037;-35,96708;"SPRF-PE";"DEL02-PE";"UOP01-DEL02-PE"
162719;2018-09-14;"sexta-feira";"22:15:00";"PA";230;590;"VITORIA DO XINGU";"Velocidade Incompatível";"Tombamento";"Com Vítimas Feridas";"Plena Noite";"Decrescente";"Céu Claro";"Simples";"Curva";"Não";3;0;1;1;0;1;2;2;-3,1790308;-52,1744855;"SPRF-PA";"DEL04-PA";"UOP01-DEL04-PA"
162720;2018-10-01;"segunda-feira";"10:00:00";"PA";155;289;"MARABA";"Desobediência às normas de trânsito pelo condutor";"Colisão lateral";"Com Vítimas Feridas";"Pleno dia";"Decrescente";"Nublado";"Simples";"Aclive";"Não";7;0;2;1;4;0;3;5;-5,8120738;-49,18836594;"SPRF-PA";"DEL03-PA";"UOP01-DEL03-PA"
162725;2018-10-01;"segunda-feira";"10:30:00";"RJ";116;178;"NOVA IGUACU";"Falta de Atenção à Condução";"Colisão com objeto estático";"Com Vítimas Feridas";"Pleno dia";"Decrescente";"Céu Claro";"Dupla";"Reta";"Não";2;0;1;0;1;0;1;2;-22,74681816;-43,44577789;"SPRF-RJ";"DEL01-RJ";"UOP02-DEL01-RJ"
162726;2018-06-24;"domingo";"19:20:00";"MA";10;57,3;"CAROLINA";"Sinalização da via insuficiente ou inadequada";"Colisão transversal";"Com Vítimas Feridas";"Anoitecer";"Crescente";"Céu Claro";"Simples";"Curva";"Não";4;0;0;1;0;3;1;4;-7,144613;-47,414981;"SPRF-MA";"DEL04-MA";"UOP02-DEL04-MA"
162727;2018-10-01;"segunda-feira";"11:00:00";"ES";101;266,3;"SERRA";"Falta de Atenção do Pedestre";"Atropelamento de Pedestre";"Com Vítimas Feridas";"Pleno dia";"Crescente";"Céu Claro";"Múltipla";"Reta";"Sim";2;0;0;1;1;0;1;2;-20,19382735;-40,26855677;"SPRF-ES";"DEL02-ES";"UOP01-DEL02-ES"
162729;2018-10-01;"segunda-feira";"10:50:00";"SC";470;5;"NAVEGANTES";"Velocidade Incompatível";"Colisão transversal";"Com Vítimas Feridas";"Pleno dia";"Crescente";"Céu Claro";"Simples";"Reta";"Não";3;0;0;1;1;1;1;3;-26,852238;-48,709545;"SPRF-SC";"DEL04-SC";"UOP04-DEL04-SC"
162733;2018-10-01;"segunda-feira";"11:55:00";"RJ";101;32;"CAMPOS DOS GOYTACAZES";"Falta de Atenção à Condução";"Colisão traseira";"Com Vítimas Feridas";"Pleno dia";"Decrescente";"Nublado";"Simples";"Reta";"Não";3;0;1;0;1;2;1;4;-21,48331;-41,339755;"SPRF-RJ";"DEL08-RJ";"UOP01-DEL08-RJ"
162743;2018-09-28;"sexta-feira";"06:00:00";"PE";232;4,5;"RECIFE";"Falta de Atenção à Condução";"Colisão traseira";"Sem Vítimas";"Amanhecer";"Crescente";"Nublado";"Dupla";"Aclive;Reta";"Sim";2;0;0;0;1;1;0;2;-8,066677;-34,94213;"SPRF-PE";"DEL01-PE";"UOP01-DEL01-PE"
162753;2018-10-01;"segunda-feira";"11:05:00";"SP";116;65;"GUARATINGUETA";"Velocidade Incompatível";"Colisão com objeto estático";"Com Vítimas Feridas";"Pleno dia";"Crescente";"Chuva";"Dupla";"Declive";"Sim";4;0;2;0;1;1;2;3;-22,82277591;-45,19434214;"SPRF-SP";"DEL08-SP";"UOP01-DEL08-SP"
162758;2018-10-01;"segunda-feira";"14:45:00";"SP";381;85;"SAO PAULO";"Desobediência às normas de trânsito pelo condutor";"Colisão lateral";"Com Vítimas Feridas";"Pleno dia";"Crescente";"Nublado";"Dupla";"Reta";"Não";3;0;1;0;1;1;1;2;-23,45852222;-46,57147408;"SPRF-SP";"DEL03-SP";"DEL6/3-UOP03/SP"
162760;2018-10-01;"segunda-feira";"13:30:00";"RS";285;240,5;"CIRIACO";"Velocidade Incompatível";"Colisão lateral";"Com Vítimas Feridas";"Pleno dia";"Crescente";"Chuva";"Simples";"Declive";"Não";4;0;1;0;2;1;1;3;-28,2588407;-51,88971335;"SPRF-RS";"DEL08-RS";"UOP03-DEL08-RS"
162765;2018-10-01;"segunda-feira";"15:30:00";"SP";381;89;"GUARULHOS";"Desobediência às normas de trânsito pelo condutor";"Colisão traseira";"Com Vítimas Feridas";"Pleno dia";"Decrescente";"Céu Claro";"Dupla";"Reta";"Não";3;0;1;0;2;0;1;2;-23,482428;-46,559867;"SPRF-SP";"DEL03-SP";"DEL6/3-UOP03/SP"
162767;2018-09-30;"domingo";"05:10:00";"BA";116;782;"PLANALTO";"Defeito Mecânico no Veículo";"Incêndio";"Sem Vítimas";"Amanhecer";"Decrescente";"Céu Claro";"Simples";"Reta";"Não";2;0;0;0;1;1;0;2;-14,67967;-40,51819;"SPRF-BA";"DEL08-BA";"UOP02-DEL08-BA"
162768;2018-10-01;"segunda-feira";"14:00:00";"RS";470;202;"BENTO GONCALVES";"Velocidade Incompatível";"Colisão lateral";"Sem Vítimas";"Pleno dia";"Decrescente";"Chuva";"Simples";"Curva";"Não";2;0;0;0;2;0;0;2;-29,07692234;-51,58077467;"SPRF-RS";"DEL06-RS";"UOP01-DEL06-RS"
162769;2018-10-01;"segunda-feira";"14:55:00";"RR";174;499;"BOA VISTA";"Falta de Atenção à Condução";"Colisão lateral";"Com Vítimas Feridas";"Pleno dia";"Decrescente";"Céu Claro";"Dupla";"Reta";"Sim";5;0;1;0;4;0;1;2;2,768996;-60,718247;"SPRF-RR";"DEL01-RR";"UOP01-DEL01-RR"
162778;2018-10-01;"segunda-feira";"15:50:00";"MT";163;972;"TERRA NOVA DO NORTE";"Velocidade Incompatível";"Tombamento";"Com Vítimas Feridas";"Pleno dia";"Decrescente";"Céu Claro";"Simples";"Curva;Declive";"Não";2;0;1;0;0;1;1;2;-10,728453;-55,132001;"SPRF-MT";"DEL06-MT";"UOP02-DEL06-MT"
162787;2018-10-01;"segunda-feira";"17:00:00";"CE";116;475;"MILAGRES";"Falta de Atenção à Condução";"Queda de ocupante de veículo";"Com Vítimas Feridas";"Anoitecer";"Crescente";"Céu Claro";"Simples";"Reta";"Sim";2;0;1;0;1;0;1;2;-7,300417;-38,887398;"SPRF-CE";"DEL05-CE";"UOP03-DEL05-CE"
162788;2018-08-26;"domingo";"11:30:00";"SP";116;219;"GUARULHOS";"Falta de Atenção à Condução";"Colisão com objeto estático";"Com Vítimas Feridas";"Pleno dia";"Decrescente";"Nublado";"Múltipla";"Curva";"Sim";3;0;1;0;0;2;1;3;-23,46276409;-46,49237037;"SPRF-SP";"DEL01-SP";"UOP01-DEL01-SP"
162792;2018-10-01;"segunda-feira";"15:30:00";"BA";110;378;"CATU";"Defeito Mecânico no Veículo";"Saída de leito carroçável";"Com Vítimas Feridas";"Pleno dia";"Crescente";"Céu Claro";"Simples";"Curva";"Não";2;0;1;0;0;1;1;2;-12,4118;-38,4352;"SPRF-BA";"DEL01-BA";"UOP04-DEL01-BA"
162794;2018-10-01;"segunda-feira";"18:20:00";"MG";40;749,5;"SANTOS DUMONT";"Velocidade Incompatível";"Colisão frontal";"Com Vítimas Feridas";"Plena Noite";"Crescente";"Chuva";"Simples";"Curva";"Não";2;0;1;0;1;0;1;2;-21,4837;-43,538;"SPRF-MG";"DEL05-MG";"UOP01-DEL05-MG"
162795;2018-10-01;"segunda-feira";"15:50:00";"MS";163;11,9;"MUNDO NOVO";"Restrição de Visibilidade";"Danos eventuais";"Sem Vítimas";"Pleno dia";"Crescente";"Chuva";"Simples";"Aclive";"Não";5;0;0;0;5;0;0;3;-23,968708;-54,328697;"SPRF-MS";"DEL09-MS";"UOP02-DEL09-MS"
162804;2018-10-01;"segunda-feira";"18:00:00";"MG";50;93;"UBERLANDIA";"Falta de Atenção à Condução";"Colisão traseira";"Com Vítimas Feridas";"Anoitecer";"Decrescente";"Céu Claro";"Dupla";"Aclive;Reta";"Não";3;0;1;0;1;2;1;4;-19,0855;-48,1858;"SPRF-MG";"DEL15-MG";"UOP01-DEL15-MG"
162806;2018-10-01;"segunda-feira";"19:00:00";"GO";60;114;"GOIANAPOLIS";"Pista Escorregadia";"Colisão com objeto estático";"Com Vítimas Feridas";"Plena Noite";"Crescente";"Chuva";"Dupla";"Declive";"Sim";1;0;1;0;0;0;1;1;-16,4633;-49,0636;"SPRF-GO";"DEL01-GO";"UOP01-DEL01-GO"
162808;2018-10-01;"segunda-feira";"18:50:00";"RJ";101;487;"ANGRA DOS REIS";"Defeito Mecânico no Veículo";"Incêndio";"Sem Vítimas";"Plena Noite";"Crescente";"Nublado";"Simples";"Curva";"Sim";2;0;0;0;1;1;0;2;-22,9644981;-44,2991277;"SPRF-RJ";"DEL03-RJ";"UOP03-DEL03-RJ"
162809;2018-10-01;"segunda-feira";"20:00:00";"MG";40;749,5;"SANTOS DUMONT";"Pista Escorregadia";"Colisão frontal";"Com Vítimas Feridas";"Plena Noite";"Crescente";"Chuva";"Simples";"Curva";"Não";3;0;0;1;1;1;1;3;-21,4837;-43,538;"SPRF-MG";"DEL05-MG";"UOP01-DEL05-MG"
162814;2018-10-01;"segunda-feira";"18:30:00";"RJ";116;275;"BARRA MANSA";"Defeito Mecânico no Veículo";"Colisão traseira";"Com Vítimas Feridas";"Plena Noite";"Crescente";"Céu Claro";"Simples";"Interseção de Vias";"Sim";10;0;7;0;3;0;7;3;-22,561834;-44,165886;"SPRF-RJ";"DEL07-RJ";"UOP02-DEL07-RJ"
162816;2018-10-01;"segunda-feira";"21:15:00";"SC";282;156,3;"BOM RETIRO";"Falta de Atenção à Condução";"Colisão frontal";"Com Vítimas Feridas";"Plena Noite";"Crescente";"Céu Claro";"Simples";"Reta";"Não";3;0;1;0;1;1;1;3;-27,746881;-49,715881;"SPRF-SC";"DEL05-SC";"UOP01-DEL05-SC"
162830;2018-10-01;"segunda-feira";"22:40:00";"RJ";116;217;"PARACAMBI";"Mal Súbito";"Colisão traseira";"Com Vítimas Feridas";"Plena Noite";"Crescente";"Nublado";"Dupla";"Reta";"Não";3;0;1;0;1;2;1;4;-22,702068;-43,748642;"SPRF-RJ";"DEL01-RJ";"UOP03-DEL01-RJ"
162831;2018-10-01;"segunda-feira";"19:15:00";"PR";153;341;"REBOUCAS";"Defeito Mecânico no Veículo";"Tombamento";"Sem Vítimas";"Plena Noite";"Decrescente";"Nublado";"Simples";"Reta;Aclive";"Não";3;0;0;0;2;1;0;3;-25,54584888;-50,66676468;"SPRF-PR";"DEL03-PR";"UOP02-DEL08-PR"
162832;2018-10-01;"segunda-feira";"20:50:00";"MG";381;133;"RIO CASCA";"Não guardar distância de segurança";"Atropelamento de Pedestre";"Com Vítimas Feridas";"Plena Noite";"Crescente";"Garoa/Chuvisco";"Simples";"Reta";"Não";2;0;0;1;1;0;1;2;-20,20227923;-42,67930984;"SPRF-MG";"N/A";"N/A"
162833;2018-10-01;"segunda-feira";"21:40:00";"SC";101;258,5;"PAULO LOPES";"Falta de Atenção à Condução";"Colisão lateral";"Com Vítimas Feridas";"Plena Noite";"Decrescente";"Nublado";"Dupla";"Aclive";"Não";3;0;2;0;1;0;2;2;-28,0187;-48,6954;"SPRF-SC";"DEL02-SC";"UOP03-DEL02-SC"
162835;2018-10-02;"terça-feira";"00:00:00";"DF";20;8,8;"BRASILIA";"Ingestão de Álcool";"Colisão traseira";"Sem Vítimas";"Plena Noite";"Decrescente";"Garoa/Chuvisco";"Dupla";"Reta";"Sim";3;0;0;0;2;2;0;4;-15,658386;-47,791534;"SPRF-DF";"DEL02-DF";"UOP01-DEL02-DF"
162839;2018-10-02;"terça-feira";"00:45:00";"MG";40;526;"CONTAGEM";"Falta de Atenção à Condução";"Colisão lateral";"Com Vítimas Feridas";"Plena Noite";"Crescente";"Garoa/Chuvisco";"Simples";"Reta";"Sim";3;0;1;0;2;0;1;2;-19,9054;-44,0476;"SPRF-MG";"DEL01-MG";"UOP03-DEL01-MG"
162840;2018-10-02;"terça-feira";"04:10:00";"MG";116;636,5;"DIVINO";"Velocidade Incompatível";"Tombamento";"Com Vítimas Fatais";"Plena Noite";"Crescente";"Céu Claro";"Simples";"Curva;Declive";"Não";2;1;0;0;0;1;0;2;-20,61636687;-42,22437501;"SPRF-MG";"DEL07-MG";"UOP03-DEL07-MG"
162842;2018-10-02;"terça-feira";"03:40:00";"RJ";116;187,6;"RIO DE JANEIRO";"Falta de Atenção à Condução";"Colisão traseira";"Sem Vítimas";"Plena Noite";"Decrescente";"Céu Claro";"Múltipla";"Reta";"Sim";2;0;0;0;2;0;0;2;-22,806042;-43,342896;"SPRF-RJ";"DEL01-RJ";"UOP03-DEL01-RJ"
162845;2018-10-02;"terça-feira";"04:50:00";"CE";116;100,7;"MORADA NOVA";"Velocidade Incompatível";"Saída de leito carroçável";"Com Vítimas Feridas";"Amanhecer";"Crescente";"Céu Claro";"Simples";"Curva";"Não";2;0;1;0;0;1;1;2;-4,510503;-38,351479;"SPRF-CE";"DEL03-CE";"UOP02-DEL03-CE"