"id";"data_inversa";"dia_semana";"horario";"uf";"br";"km";"municipio";"causa_acidente";"tipo_acidente";"classificacao_acidente";"fase_dia";"sentido_via";"condicao_metereologica";"tipo_pista";"tracado_via";"uso_solo";"pessoas";"mortos";"feridos_leves";"feridos_graves";"ilesos";"ignorados";"feridos";"veiculos";"latitude";"longitude";"regional";"delegacia";"uop"
163434;2018-10-05;"sexta-feira";"09:00:00";"AL";101;108;"PILAR";"Velocidade Incompatível";"Saída de leito carroçável";"Com Vítimas Feridas";"Pleno dia";"Decrescente";"Céu Claro";"Simples";"Declive";"Não";1;0;1;0;0;0;1;1;-9,586626;-35,9893;"SPRF-AL";"DEL02-AL";"UOP01-DEL02-AL"
163437;2018-10-05;"sexta-feira";"07:50:00";"RO";364;710;"PORTO VELHO";"Falta de Atenção do Pedestre";"Colisão lateral";"Sem Vítimas";"Pleno dia";"Crescente";"Céu Claro";"Múltipla";"Reta";"Sim";2;0;0;0;2;0;0;2;-8,78456907;-63,86011362;"SPRF-RO";"DEL01-RO";"UOP01-DEL01-RO"
163442;2018-10-05;"sexta-feira";"10:15:00";"PR";369;148,1;"LONDRINA";"Não guardar distância de segurança";"Colisão traseira";"Com Vítimas Feridas";"Pleno dia";"Decrescente";"Céu Claro";"Dupla";"Reta";"Sim";3;0;1;0;2;0;1;2;-23,29299306;-51,14340479;"SPRF-PR";"DEL07-PR";"UOP01-DEL07-PR"
163444;2018-09-06;"quinta-feira";"21:40:00";"MA";135;169,2;"SAO MATEUS DO MARANHAO";"Defeito na Via";"Colisão transversal";"Com Vítimas Feridas";"Plena Noite";"Crescente";"Nublado";"Simples";"Reta";"Não";4;0;1;0;2;1;1;3;-3,81044239;-44,51359749;"SPRF-MA";"DEL01-MA";"UOP02-DEL01-MA"
163446;2018-10-05;"sexta-feira";"10:40:00";"BA";101;880,5;"TEIXEIRA DE FREITAS";"Falta de Atenção à Condução";"Colisão frontal";"Com Vítimas Fatais";"Pleno dia";"Crescente";"Nublado";"Simples";"Reta";"Sim";4;1;0;0;2;1;0;4;-17,5625;-39,7281;"SPRF-BA";"DEL09-BA";"UOP02-DEL09-BA"
163447;2018-10-05;"sexta-feira";"11:20:00";"RN";304;297,7;"MACAIBA";"Desobediência às normas de trânsito pelo condutor";"Colisão lateral";"Com Vítimas Feridas";"Pleno dia";"Decrescente";"Céu Claro";"Múltipla";"Rotatória";"Sim";2;0;0;1;1;0;1;2;-5,86361465;-35,34420311;"SPRF-RN";"DEL01-RN";"UOP02-DEL01-RN"
163448;2018-10-05;"sexta-feira";"11:00:00";"SC";101;196,2;"BIGUACU";"Falta de Atenção à Condução";"Colisão transversal";"Com Vítimas Feridas";"Pleno dia";"Decrescente";"Céu Claro";"Múltipla";"Reta";"Sim";2;0;1;0;1;0;1;2;-27,51870032;-48,63812149;"SPRF-SC";"DEL01-SC";"UOP01-DEL01-SC"
163451;2018-10-05;"sexta-feira";"12:00:00";"RJ";101;62;"CAMPOS DOS GOYTACAZES";"Não guardar distância de segurança";"Colisão traseira";"Sem Vítimas";"Pleno dia";"Decrescente";"Chuva";"Simples";"Reta";"Sim";2;0;0;0;2;0;0;2;-21,73614131;-41,32577766;"SPRF-RJ";"DEL08-RJ";"UOP01-DEL08-RJ"
163457;2018-10-05;"sexta-feira";"11:00:00";"RJ";40;90;"PETROPOLIS";"Pista Escorregadia";"Saída de leito carroçável";"Com Vítimas Feridas";"Pleno dia";"Decrescente";"Chuva";"Simples";"Curva;Aclive";"Não";2;0;1;0;1;0;1;2;-22,55538;-43,22994;"SPRF-RJ";"DEL06-RJ";"UOP01-DEL06-RJ"
163460;2018-10-05;"sexta-feira";"13:30:00";"PR";163;142;"CAPITAO LEONIDAS MARQUES";"Velocidade Incompatível";"Capotamento";"Com Vítimas Feridas";"Pleno dia";"Decrescente";"Sol";"Simples";"Curva";"Não";3;0;3;0;0;0;3;1;-25,4837;-53,5929;"SPRF-PR";"DEL04-PR";"UOP05-DEL05-PR"
163468;2018-10-05;"sexta-feira";"11:00:00";"RR";174;562;"BOA VISTA";"Falta de Atenção à Condução";"Colisão frontal";"Com Vítimas Fatais";"Pleno dia";"Decrescente";"Céu Claro";"Simples";"Reta";"Não";3;1;0;0;2;0;0;2;3,28289;-60,850662;"SPRF-RR";"DEL01-RR";"UOP01-DEL01-RR"
163474;2018-10-05;"sexta-feira";"15:00:00";"GO";20;28;"FORMOSA";"Pista Escorregadia";"Colisão traseira";"Com Vítimas Fatais";"Pleno dia";"Crescente";"Chuva";"Simples";"Reta";"Não";60;1;13;1;45;0;14;3;-15,513292;-47,119678;"SPRF-DF";"DEL02-DF";"UOP01-DEL02-DF"
163480;2018-10-05;"sexta-feira";"13:45:00";"RJ";393;175;"TRES RIOS";"Falta de Atenção à Condução";"Colisão lateral";"Com Vítimas Feridas";"Pleno dia";"Decrescente";"Nublado";"Simples";"Reta";"Sim";2;0;1;0;1;0;1;2;-22,130531;-43,220409;"SPRF-RJ";"DEL06-RJ";"UOP01-DEL05-RJ"
163481;2018-09-15;"sábado";"23:30:00";"SC";101;148,2;"ITAPEMA";"Ingestão de Álcool";"Tombamento";"Com Vítimas Feridas";"Plena Noite";"Crescente";"Garoa/Chuvisco";"Dupla";"Reta";"Sim";2;0;1;0;0;1;1;2;-27,109;-48,6126;"SPRF-SC";"DEL04-SC";"UOP03-DEL04-SC"
163482;2018-10-05;"sexta-feira";"14:40:00";"PR";116;113,9;"CURITIBA";"Falta de Atenção à Condução";"Colisão traseira";"Com Vítimas Feridas";"Pleno dia";"Crescente";"Nublado";"Múltipla";"Reta";"Sim";2;0;1;0;1;0;1;2;-25,569897;-49,187782;"SPRF-PR";"DEL01-PR";"UOP01-DEL01-PR"
163483;2018-10-05;"sexta-feira";"15:30:00";"GO";153;512;"APARECIDA DE GOIANIA";"Desobediência às normas de trânsito pelo condutor";"Colisão lateral";"Com Vítimas Feridas";"Pleno dia";"Crescente";"Céu Claro";"Dupla";"Reta";"Sim";3;0;1;0;1;1;1;3;-16,8156;-49,2402;"SPRF-GO";"DEL01-GO";"UOP03-DEL01-GO"
163486;2018-10-05;"sexta-feira";"14:50:00";"SP";116;120,1;"CACAPAVA";"Defeito Mecânico no Veículo";"Colisão com objeto em movimento";"Com Vítimas Feridas";"Pleno dia";"Decrescente";"Céu Claro";"Dupla";"Reta";"Não";3;0;0;1;1;1;1;3;-23,071577;-45,644619;"SPRF-SP";"DEL06-SP";"UOP02-DEL02-SP"
163490;2018-10-05;"sexta-feira";"16:00:00";"PE";407;126;"PETROLINA";"Falta de Atenção do Pedestre";"Atropelamento de Pedestre";"Com Vítimas Feridas";"Pleno dia";"Crescente";"Céu Claro";"Simples";"Reta";"Sim";2;0;1;0;0;1;1;2;-9,38962108;-40,52339315;"SPRF-PE";"DEL06-PE";"UOP01-DEL06-PE"
163493;2018-10-05;"sexta-feira";"15:30:00";"RO";364;713;"PORTO VELHO";"Desobediência às normas de trânsito pelo condutor";"Colisão transversal";"Sem Vítimas";"Pleno dia";"Decrescente";"Sol";"Simples";"Interseção de Vias";"Sim";2;0;0;0;1;1;0;2;-8,77254509;-63,88396382;"SPRF-RO";"DEL01-RO";"UOP01-DEL01-RO"
163494;2018-10-05;"sexta-feira";"16:40:00";"AL";101;179,7;"TEOTONIO VILELA";"Falta de Atenção à Condução";"Saída de leito carroçável";"Com Vítimas Feridas";"Pleno dia";"Crescente";"Céu Claro";"Dupla";"Curva";"Não";4;0;1;1;1;1;2;2;-9,88802533;-36,39255524;"SPRF-AL";"DEL02-AL";"UOP02-DEL02-AL"
163495;2018-08-09;"quinta-feira";"05:40:00";"RN";405;113,3;"TABOLEIRO GRANDE";"Animais na Pista";"Saída de leito carroçável";"Com Vítimas Feridas";"Amanhecer";"Decrescente";"Sol";"Simples";"Reta";"Não";1;0;1;0;0;0;1;1;-5,863768;-38,012772;"SPRF-RN";"DEL04-RN";"UOP02-DEL04-RN"
163497;2018-10-05;"sexta-feira";"15:45:00";"RJ";393;274;"BARRA DO PIRAI";"Carga excessiva e/ou mal acondicionada";"Tombamento";"Com Vítimas Feridas";"Pleno dia";"Crescente";"Nublado";"Simples";"Curva";"Não";3;0;2;0;0;1;2;2;-22,475127;-43,99363518;"SPRF-RJ";"DEL05-RJ";"UOP04-DEL05-RJ"
163500;2018-10-05;"sexta-feira";"16:30:00";"RJ";101;96;"CAMPOS DOS GOYTACAZES";"Falta de Atenção à Condução";"Colisão com objeto estático";"Com Vítimas Feridas";"Pleno dia";"Decrescente";"Chuva";"Dupla";"Curva;Aclive";"Não";1;0;1;0;0;0;1;1;-21,869018;-41,559206;"SPRF-RJ";"DEL08-RJ";"UOP02-DEL08-RJ"
163508;2018-10-05;"sexta-feira";"17:00:00";"SP";381;46,2;"ATIBAIA";"Falta de Atenção à Condução";"Colisão traseira";"Com Vítimas Feridas";"Pleno dia";"Decrescente";"Céu Claro";"Múltipla";"Reta";"Sim";3;0;0;1;2;0;1;3;-23,182833;-46,581313;"SPRF-SP";"DEL03-SP";"UOP01-DEL03-SP"
163511;2018-10-05;"sexta-feira";"16:05:00";"PR";376;183;"SARANDI";"Falta de Atenção à Condução";"Colisão traseira";"Com Vítimas Feridas";"Pleno dia";"Decrescente";"Céu Claro";"Múltipla";"Reta";"Sim";7;0;2;0;4;1;2;6;-23,441591;-51,870674;"SPRF-PR";"DEL07-PR";"UOP01-DEL09-PR"
163514;2018-10-05;"sexta-feira";"17:20:00";"RS";386;152,1;"ALMIRANTE TAMANDARE DO SUL";"Desobediência às normas de trânsito pelo condutor";"Saída de leito carroçável";"Com Vítimas Feridas";"Pleno dia";"Decrescente";"Céu Claro";"Simples";"Curva";"Não";2;0;0;1;0;1;1;2;-28,09312675;-52,86252558;"SPRF-RS";"DEL08-RS";"UOP01-DEL08-RS"
163520;2018-10-05;"sexta-feira";"19:00:00";"ES";101;262;"SERRA";"Falta de Atenção à Condução";"Colisão lateral";"Com Vítimas Feridas";"Plena Noite";"Crescente";"Chuva";"Dupla";"Declive";"Sim";4;0;1;0;2;1;1;3;-20,15902777;-40,27642071;"SPRF-ES";"DEL02-ES";"UOP01-DEL02-ES"
163522;2018-10-05;"sexta-feira";"18:00:00";"PR";376;290,7;"MAUA DA SERRA";"Falta de Atenção do Pedestre";"Atropelamento de Pedestre";"Com Vítimas Fatais";"Pleno dia";"Decrescente";"Céu Claro";"Simples";"Curva";"Sim";2;1;0;0;1;0;0;2;-23,90192503;-51,22437347;"SPRF-PR";"DEL07-PR";"UOP02-DEL07-PR"
163523;2018-10-05;"sexta-feira";"18:30:00";"SC";101;120;"ITAJAI";"Desobediência às normas de trânsito pelo condutor";"Queda de ocupante de veículo";"Com Vítimas Feridas";"Anoitecer";"Crescente";"Nublado";"Dupla";"Reta";"Sim";2;0;1;0;1;0;1;2;-26,9297;-48,7048;"SPRF-SC";"DEL04-SC";"UOP04-DEL04-SC"
163524;2018-10-05;"sexta-feira";"18:00:00";"PE";424;15,4;"PEDRA";"Desobediência às normas de trânsito pelo condutor";"Colisão traseira";"Com Vítimas Feridas";"Plena Noite";"Crescente";"Nublado";"Simples";"Reta";"Não";6;0;1;3;1;1;4;3;-8,499199;-36,965462;"SPRF-PE";"DEL03-PE";"UOP02-DEL03-PE"
163526;2018-10-05;"sexta-feira";"18:10:00";"MG";116;765,4;"LEOPOLDINA";"Falta de Atenção à Condução";"Colisão transversal";"Com Vítimas Feridas";"Anoitecer";"Crescente";"Céu Claro";"Simples";"Interseção de Vias";"Sim";2;0;1;0;1;0;1;2;-21,52042532;-42,6508444;"SPRF-MG";"DEL07-MG";"UOP01-DEL07-MG"
163563;2018-10-05;"sexta-feira";"08:00:00";"MG";251;225;"CACHOEIRA DE PAJEU";"Falta de Atenção à Condução";"Colisão traseira";"Sem Vítimas";"Pleno dia";"Decrescente";"Céu Claro";"Simples";"Reta";"Não";3;0;0;0;2;1;0;3;-15,9587;-41,6464;"SPRF-MG";"DEL11-MG";"UOP02-DEL11-MG"
163565;2018-10-05;"sexta-feira";"18:25:00";"BA";407;112,2;"JAGUARARI";"Velocidade Incompatível";"Colisão traseira";"Com Vítimas Fatais";"Plena Noite";"Decrescente";"Céu Claro";"Simples";"Aclive";"Não";6;1;1;0;3;1;1;3;-10,337062;-40,167855;"SPRF-BA";"DEL04-BA";"UOP01-DEL04-BA"
163573;2018-10-05;"sexta-feira";"17:20:00";"BA";242;778;"BARREIRAS";"Velocidade Incompatível";"Colisão lateral";"Sem Vítimas";"Pleno dia";"Crescente";"Chuva";"Simples";"Curva";"Não";3;0;0;0;2;3;0;5;-12,16822568;-44,87091064;"SPRF-BA";"DEL10-BA";"UOP01-DEL10-BA"
163574;2018-10-05;"sexta-feira";"12:20:00";"PR";476;312,6;"PAULO FRONTIN";"Velocidade Incompatível";"Colisão frontal";"Com Vítimas Feridas";"Pleno dia";"Crescente";"Nublado";"Simples";"Curva";"Não";4;0;2;1;0;3;3;6;-26,024607;-50,671589;"SPRF-PR";"DEL02-PR";"UOP04-DEL02-PR"
163584;2018-10-05;"sexta-feira";"19:45:00";"MG";116;501,3;"INHAPIM";"Falta de Atenção à Condução";"Saída de leito carroçável";"Com Vítimas Feridas";"Plena Noite";"Crescente";"Nublado";"Simples";"Reta";"Não";3;0;1;1;1;0;2;2;-19,5624;-42,12268;"SPRF-MG";"DEL06-MG";"UOP02-DEL06-MG"
163593;2018-10-05;"sexta-feira";"23:41:00";"PR";116;139;"MANDIRITUBA";"Desobediência às normas de trânsito pelo condutor";"Colisão frontal";"Com Vítimas Feridas";"Plena Noite";"Crescente";"Céu Claro";"Dupla";"Reta";"Não";3;0;1;0;1;1;1;3;-25,7556823;-49,3187865;"SPRF-PR";"DEL01-PR";"UOP03-DEL01-PR"
163594;2018-10-06;"sábado";"01:00:00";"CE";116;170,1;"RUSSAS";"Desobediência às normas de trânsito pelo condutor";"Colisão frontal";"Com Vítimas Fatais";"Plena Noite";"Crescente";"Céu Claro";"Simples";"Reta";"Não";3;1;0;0;2;0;0;2;-4,99001289;-38,03478599;"SPRF-CE";"DEL03-CE";"UOP01-DEL03-CE"
163622;2018-10-06;"sábado";"05:50:00";"SE";101;125,6;"ESTANCIA";"Defeito Mecânico no Veículo";"Tombamento";"Sem Vítimas";"Pleno dia";"Decrescente";"Céu Claro";"Dupla";"Reta";"Não";1;0;0;0;1;0;0;1;-11,07902088;-37,36637321;"SPRF-SE";"DEL02-SE";"UOP01-DEL02-SE"
163629;2018-10-06;"sábado";"06:50:00";"MG";40;803,3;"MATIAS BARBOSA";"Condutor Dormindo";"Colisão traseira";"Sem Vítimas";"Pleno dia";"Decrescente";"Nublado";"Dupla";"Reta";"Não";2;0;0;0;2;0;0;2;-21,86;-43,3753;"SPRF-MG";"DEL05-MG";"UOP01-DEL05-MG"
163631;2018-10-06;"sábado";"06:55:00";"MG";381;908,8;"CAMBUI";"Velocidade Incompatível";"Colisão com objeto estático";"Com Vítimas Feridas";"Pleno dia";"Decrescente";"Garoa/Chuvisco";"Dupla";"Curva";"Não";4;0;2;0;1;1;2;3;-22,6862;-46,1031;"SPRF-MG";"DEL16-MG";"UOP03-DEL16-MG"
163638;2018-10-06;"sábado";"06:35:00";"SC";470;121,3;"IBIRAMA";"Não guardar distância de segurança";"Colisão lateral";"Com Vítimas Feridas";"Pleno dia";"Crescente";"Nevoeiro/Neblina";"Simples";"Reta";"Não";4;0;0;1;2;1;1;3;-27,095861;-49,526859;"SPRF-SC";"DEL04-SC";"UOP02-DEL04-SC"
163644;2018-10-06;"sábado";"04:30:00";"RO";319;62;"PORTO VELHO";"Ingestão de Álcool";"Colisão traseira";"Sem Vítimas";"Amanhecer";"Crescente";"Garoa/Chuvisco";"Dupla";"Reta";"Sim";2;0;0;0;2;0;0;2;-8,76348126;-63,8824253;"SPRF-RO";"DEL01-RO";"UOP01-DEL01-RO"
163647;2018-10-05;"sexta-feira";"22:30:00";"MG";365;321,1;"SAO GONCALO DO ABAETE";"Velocidade Incompatível";"Colisão traseira";"Sem Vítimas";"Plena Noite";"Crescente";"Nublado";"Simples";"Curva";"Não";2;0;0;0;2;0;0;2;-18,275404;-45,892632;"SPRF-MG";"DEL10-MG";"UOP01-DEL10-MG"
163653;2018-10-06;"sábado";"06:55:00";"PR";376;202;"MANDAGUARI";"Falta de Atenção à Condução";"Colisão traseira";"Sem Vítimas";"Pleno dia";"Crescente";"Céu Claro";"Dupla";"Reta";"Sim";3;0;0;0;1;2;0;3;-23,50732991;-51,73067093;"SPRF-PR";"DEL07-PR";"UOP01-DEL09-PR"
163657;2018-10-06;"sábado";"08:00:00";"PR";116;55,9;"CAMPINA GRANDE DO SUL";"Defeito Mecânico no Veículo";"Incêndio";"Sem Vítimas";"Plena Noite";"Crescente";"Nublado";"Dupla";"Reta";"Não";1;0;0;0;1;0;0;1;-25,28002371;-48,92666817;"SPRF-PR";"DEL01-PR";"UOP02-DEL01-PR"
163658;2018-10-06;"sábado";"08:30:00";"PE";101;83;"JABOATAO DOS GUARARAPES";"Falta de Atenção à Condução";"Colisão lateral";"Sem Vítimas";"Pleno dia";"Crescente";"Céu Claro";"Dupla";"Reta";"Não";4;0;0;0;3;2;0;5;-8,1711;-34,9379;"SPRF-PE";"DEL01-PE";"UOP03-DEL01-PE"
163659;2018-10-06;"sábado";"09:00:00";"MG";116;594,5;"MANHUACU";"Desobediência às normas de trânsito pelo condutor";"Derramamento de carga";"Com Vítimas Feridas";"Pleno dia";"Decrescente";"Nublado";"Simples";"Curva";"Não";4;0;2;0;1;3;2;5;-20,26517631;-42,14003563;"SPRF-MG";"DEL06-MG";"UOP03-DEL06-MG"
163669;2018-10-06;"sábado";"10:10:00";"MG";381;925,1;"ITAPEVA";"Velocidade Incompatível";"Tombamento";"Com Vítimas Feridas";"Pleno dia";"Decrescente";"Nublado";"Dupla";"Curva;Declive";"Não";7;0;2;0;1;5;2;4;-22,77096433;-46,20019671;"SPRF-MG";"DEL16-MG";"UOP03-DEL16-MG"
163675;2018-10-06;"sábado";"10:30:00";"SP";381;78,2;"SAO PAULO";"Falta de Atenção do Pedestre";"Atropelamento de Pedestre";"Com Vítimas Feridas";"Pleno dia";"Crescente";"Céu Claro";"Dupla";"Curva";"Sim";2;0;1;0;0;1;1;2;-23,40373968;-46,57601774;"SPRF-SP";"DEL03-SP";"DEL6/3-UOP03/SP"
163677;2018-10-06;"sábado";"09:15:00";"ES";101;148,3;"LINHARES";"Falta de Atenção do Pedestre";"Colisão transversal";"Com Vítimas Feridas";"Pleno dia";"Crescente";"Céu Claro";"Múltipla";"Reta";"Não";2;0;1;0;1;0;1;2;-19,39763011;-40,06473541;"SPRF-ES";"DEL04-ES";"UOP01-DEL04-ES"
163681;2018-09-28;"sexta-feira";"14:00:00";"MS";267;674;"PORTO MURTINHO";"Desobediência às normas de trânsito pelo condutor";"Colisão lateral";"Com Vítimas Feridas";"Pleno dia";"Crescente";"Céu Claro";"Simples";"Reta";"Não";3;0;1;1;1;0;2;2;-21,70137568;-57,84370422;"SPRF-MS";"DEL05-MS";"UOP01-DEL05-MS"
163685;2018-10-06;"sábado";"11:10:00";"PR";373;223;"IMBITUVA";"Velocidade Incompatível";"Colisão lateral";"Sem Vítimas";"Pleno dia";"Crescente";"Chuva";"Simples";"Curva;Declive";"Não";3;0;0;0;2;2;0;4;-25,18300057;-50,59309244;"SPRF-PR";"DEL03-PR";"UOP01-DEL03-PR"
163691;2018-10-06;"sábado";"10:20:00";"MA";135;315;"PRESIDENTE DUTRA";"Avarias e/ou desgaste excessivo no pneu";"Tombamento";"Sem Vítimas";"Pleno dia";"Decrescente";"Céu Claro";"Simples";"Reta";"Não";2;0;0;0;1;1;0;2;-5,082705;-44,454154;"SPRF-MA";"DEL03-MA";"UOP01-DEL03-MA"
163698;2018-10-06;"sábado";"07:20:00";"MG";262;31,5;"MANHUACU";"Ultrapassagem Indevida";"Colisão traseira";"Com Vítimas Feridas";"Pleno dia";"Crescente";"Céu Claro";"Simples";"Reta";"Não";4;0;1;0;2;1;1;3;-20,253275;-41,992645;"SPRF-MG";"DEL06-MG";"UOP03-DEL06-MG"
163700;2018-10-06;"sábado";"12:30:00";"RJ";40;118;"DUQUE DE CAXIAS";"Falta de Atenção do Pedestre";"Atropelamento de Pedestre";"Com Vítimas Fatais";"Pleno dia";"Crescente";"Nublado";"Múltipla";"Reta";"Sim";2;1;0;0;1;0;0;2;-22,77459874;-43,28630447;"SPRF-RJ";"DEL01-RJ";"UOP01-DEL01-RJ"
163701;2018-10-06;"sábado";"12:00:00";"PR";277;410;"CANDOI";"Carga excessiva e/ou mal acondicionada";"Tombamento";"Com Vítimas Feridas";"Pleno dia";"Crescente";"Chuva";"Simples";"Curva";"Não";2;0;1;0;0;1;1;2;-25,41777242;-52,05069065;"SPRF-PR";"DEL04-PR";"UOP02-DEL04-PR"
163718;2018-10-06;"sábado";"11:50:00";"SP";116;545,5;"BARRA DO TURVO";"Falta de Atenção à Condução";"Tombamento";"Com Vítimas Feridas";"Pleno dia";"Decrescente";"Chuva";"Dupla";"Curva";"Não";2;0;1;0;0;1;1;2;-24,91882232;-48,256073;"SPRF-SP";"DEL05-SP";"UOP02-DEL05-SP"
163720;2018-10-06;"sábado";"14:30:00";"SP";116;289,5;"ITAPECERICA DA SERRA";"Falta de Atenção à Condução";"Colisão lateral";"Com Vítimas Feridas";"Pleno dia";"Decrescente";"Garoa/Chuvisco";"Dupla";"Declive;Reta";"Sim";4;0;1;0;2;1;1;3;-23,7147767;-46,87951773;"SPRF-SP";"DEL04-SP";"UOP01-DEL04-SP"
163721;2018-10-06;"sábado";"13:50:00";"MT";364;361;"SANTO ANTONIO DO LEVERGER";"Falta de Atenção à Condução";"Colisão frontal";"Com Vítimas Fatais";"Pleno dia";"Crescente";"Céu Claro";"Simples";"Reta";"Não";4;1;0;1;1;1;1;3;-15,774474;-55,635677;"SPRF-MT";"DEL02-MT";"UOP02-DEL01-MT"
163726;2018-09-28;"sexta-feira";"18:00:00";"MS";163;502;"JARAGUARI";"Desobediência às normas de trânsito pelo condutor";"Colisão lateral";"Com Vítimas Feridas";"Plena Noite";"Crescente";"Céu Claro";"Simples";"Aclive";"Não";4;0;0;1;2;4;1;7;-20,307852;-54,508432;"SPRF-MS";"DEL01-MS";"UOP02-DEL01-MS"
163727;2018-10-06;"sábado";"14:00:00";"MT";364;515;"VARZEA GRANDE";"Falta de Atenção à Condução";"Colisão transversal";"Com Vítimas Feridas";"Pleno dia";"Decrescente";"Céu Claro";"Simples";"Reta";"Sim";3;0;1;0;1;3;1;5;-15,64221297;-56,15867615;"SPRF-MT";"DEL01-MT";"DEL2/4-UOP02/MT"
163732;2018-10-06;"sábado";"14:50:00";"PA";316;7,1;"ANANINDEUA";"Desobediência às normas de trânsito pelo condutor";"Colisão transversal";"Com Vítimas Feridas";"Pleno dia";"Decrescente";"Chuva";"Dupla";"Reta;Retorno Regulamentado";"Sim";6;0;3;1;1;2;4;4;-1,37091786;-48,38252306;"SPRF-PA";"DEL01-PA";"DEL19/1-UOP05/PA"
163734;2018-10-06;"sábado";"14:00:00";"PR";476;25;"ADRIANOPOLIS";"Falta de Atenção à Condução";"Colisão lateral";"Com Vítimas Feridas";"Pleno dia";"Crescente";"Céu Claro";"Simples";"Curva";"Não";3;0;1;0;1;3;1;5;-24,78153;-49,030804;"SPRF-PR";"DEL01-PR";"UOP01-DEL01-PR"
163738;2018-10-06;"sábado";"15:40:00";"BA";116;695;"JEQUIE";"Mal Súbito";"Saída de leito carroçável";"Com Vítimas Feridas";"Pleno dia";"Decrescente";"Céu Claro";"Simples";"Reta";"Não";2;0;1;0;0;1;1;2;-14,08533818;-40,21493912;"SPRF-BA";"DEL03-BA";"UOP01-DEL03-BA"
163742;2018-10-06;"sábado";"16:30:00";"TO";153;95;"WANDERLANDIA";"Avarias e/ou desgaste excessivo no pneu";"Colisão frontal";"Com Vítimas Fatais";"Pleno dia";"Decrescente";"Chuva";"Simples";"Reta;Declive";"Não";3;1;1;1;0;0;2;2;-6,869663;-47,983746;"SPRF-TO";"DEL02-TO";"UOP01-DEL02-TO"
163743;2018-10-06;"sábado";"16:45:00";"RS";116;307,7;"GUAIBA";"Ingestão de Álcool";"Colisão lateral";"Com Vítimas Feridas";"Pleno dia";"Decrescente";"Sol";"Simples";"Reta";"Não";8;0;2;0;4;2;2;4;-30,174295;-51,392365;"SPRF-RS";"DEL02-RS";"UOP01-DEL02-RS"
163748;2018-10-06;"sábado";"15:15:00";"MT";70;288;"PRIMAVERA DO LESTE";"Ingestão de Álcool";"Colisão transversal";"Com Vítimas Feridas";"Pleno dia";"Decrescente";"Céu Claro";"Dupla";"Rotatória";"Não";3;0;1;0;1;3;1;5;-15,576694;-54,368019;"SPRF-MT";"DEL05-MT";"UOP01-DEL05-MT"
163752;2018-10-06;"sábado";"17:30:00";"PE";408;57,5;"TRACUNHAEM";"Desobediência às normas de trânsito pelo condutor";"Colisão lateral";"Com Vítimas Feridas";"Anoitecer";"Crescente";"Céu Claro";"Simples";"Reta";"Sim";3;0;1;0;0;2;1;2;-7,80488143;-35,2437973;"SPRF-PE";"DEL01-PE";"UOP01-DEL01-PE"
163784;2018-10-06;"sábado";"14:55:00";"MT";364;347;"SANTO ANTONIO DO LEVERGER";"Defeito Mecânico no Veículo";"Saída de leito carroçável";"Com Vítimas Feridas";"Pleno dia";"Crescente";"Céu Claro";"Dupla";"Reta";"Não";2;0;1;0;0;1;1;2;-15,807347;-55,546921;"SPRF-MT";"DEL02-MT";"UOP02-DEL01-MT"
163786;2018-10-06;"sábado";"19:15:00";"PR";277;357,6;"GUARAPUAVA";"Deficiência ou não Acionamento do Sistema de Iluminação/Sinalização do Veículo";"Colisão traseira";"Com Vítimas Feridas";"Plena Noite";"Decrescente";"Garoa/Chuvisco";"Simples";"Reta";"Não";4;0;2;0;1;1;2;3;-25,42542954;-51,59078702;"SPRF-PR";"DEL03-PR";"UOP01-DEL08-PR"
163789;2018-10-06;"sábado";"20:15:00";"PA";10;6,7;"DOM ELISEU";"Falta de Atenção à Condução";"Colisão lateral";"Com Vítimas Feridas";"Plena Noite";"Crescente";"Céu Claro";"Simples";"Reta";"Não";3;0;1;0;1;1;1;2;-4,386189;-47,534871;"SPRF-PA";"DEL02-PA";"UOP02-DEL02-PA"
163790;2018-10-06;"sábado";"19:30:00";"MG";365;443,1;"GUIMARANIA";"Falta de Atenção à Condução";"Colisão transversal";"Com Vítimas Feridas";"Plena Noite";"Decrescente";"Garoa/Chuvisco";"Simples";"Reta";"Não";3;0;2;0;1;0;2;2;-18,7945179;-46,73034668;"SPRF-MG";"DEL10-MG";"UOP01-DEL10-MG"
163792;2018-10-06;"sábado";"18:30:00";"BA";116;201;"EUCLIDES DA CUNHA";"Velocidade Incompatível";"Colisão transversal";"Com Vítimas Fatais";"Plena Noite";"Crescente";"Céu Claro";"Simples";"Reta";"Não";3;1;0;0;1;1;0;3;-10,32707892;-39,06171799;"SPRF-BA";"DEL07-BA";"UOP02-DEL07-BA"
163796;2018-10-06;"sábado";"19:40:00";"GO";153;439,6;"ANAPOLIS";"Não guardar distância de segurança";"Colisão lateral";"Com Vítimas Feridas";"Plena Noite";"Decrescente";"Nublado";"Dupla";"Curva;Aclive";"Sim";5;0;1;0;4;0;1;2;-16,303052;-48,925083;"SPRF-GO";"DEL02-GO";"UOP01-DEL02-GO"
163807;2018-10-06;"sábado";"19:15:00";"MG";262;800,8;"UBERABA";"Falta de Atenção à Condução";"Tombamento";"Sem Vítimas";"Plena Noite";"Crescente";"Chuva";"Dupla";"Reta";"Sim";2;0;0;0;1;1;0;2;-19,777964;-47,9268;"SPRF-MG";"DEL13-MG";"UOP01-DEL13-MG"