"id";"data_inversa";"dia_semana";"horario";"uf";"br";"km";"municipio";"causa_acidente";"tipo_acidente";"classificacao_acidente";"fase_dia";"sentido_via";"condicao_metereologica";"tipo_pista";"tracado_via";"uso_solo";"pessoas";"mortos";"feridos_leves";"feridos_graves";"ilesos";"ignorados";"feridos";"veiculos";"latitude";"longitude";"regional";"delegacia";"uop"
163812;2018-10-06;"sábado";"20:50:00";"SP";116;211;"GUARULHOS";"Desobediência às normas de trânsito pelo condutor";"Colisão lateral";"Com Vítimas Feridas";"Plena Noite";"Crescente";"Nublado";"Múltipla";"Reta";"Sim";4;0;1;0;2;1;1;3;-23,4322771;-46,41962084;"SPRF-SP";"DEL01-SP";"UOP01-DEL01-SP"
163817;2018-10-06;"sábado";"14:20:00";"BA";116;560;"BREJOES";"Falta de Atenção à Condução";"Colisão frontal";"Com Vítimas Fatais";"Pleno dia";"Decrescente";"Céu Claro";"Simples";"Reta";"Não";4;1;0;1;1;1;1;3;-12,96897092;-39,93206263;"SPRF-BA";"DEL03-BA";"UOP02-DEL03-BA"
163824;2018-10-06;"sábado";"21:40:00";"MG";262;543;"LUZ";"Falta de Atenção à Condução";"Colisão frontal";"Com Vítimas Feridas";"Plena Noite";"Decrescente";"Chuva";"Simples";"Curva";"Não";2;0;0;1;1;0;1;2;-19,741224;-45,852501;"SPRF-MG";"DEL08-MG";"UOP02-DEL08-MG"
163833;2018-10-06;"sábado";"19:30:00";"MG";262;587,5;"CAMPOS ALTOS";"Velocidade Incompatível";"Saída de leito carroçável";"Com Vítimas Feridas";"Plena Noite";"Crescente";"Chuva";"Simples";"Curva;Declive";"Não";2;0;1;0;1;0;1;1;-19,65843061;-46,13056183;"SPRF-MG";"DEL08-MG";"UOP02-DEL08-MG"
163849;2018-10-06;"sábado";"23:38:00";"CE";222;312,5;"TIANGUA";"Ingestão de Álcool";"Colisão transversal";"Com Vítimas Feridas";"Plena Noite";"Crescente";"Céu Claro";"Simples";"Reta";"Sim";2;0;0;1;1;0;1;2;-3,7298313;-40,99309964;"SPRF-CE";"DEL04-CE";"UOP02-DEL04-CE"
163852;2018-10-06;"sábado";"20:00:00";"MS";267;373,5;"MARACAJU";"Falta de Atenção à Condução";"Saída de leito carroçável";"Com Vítimas Feridas";"Plena Noite";"Decrescente";"Céu Claro";"Simples";"Reta";"Não";2;0;1;0;0;2;1;3;-21,657997;-55,231413;"SPRF-MS";"DEL05-MS";"UOP01-DEL05-MS"
163855;2018-10-07;"domingo";"01:45:00";"SC";101;108;"PENHA";"Desobediência às normas de trânsito pelo condutor";"Colisão frontal";"Com Vítimas Fatais";"Plena Noite";"Crescente";"Nublado";"Dupla";"Reta";"Não";2;1;1;0;0;0;1;2;-26,8336;-48,6963;"SPRF-SC";"DEL03-SC";"UOP02-DEL03-SC"
163856;2018-10-07;"domingo";"01:30:00";"CE";116;10;"FORTALEZA";"Falta de Atenção à Condução";"Colisão com objeto estático";"Sem Vítimas";"Plena Noite";"Crescente";"Céu Claro";"Múltipla";"Reta";"Sim";2;0;0;0;1;1;0;2;-3,8466;-38,4974;"SPRF-CE";"DEL01-CE";"UOP02-DEL01-CE"
163862;2018-10-07;"domingo";"00:30:00";"TO";226;45;"PALMEIRAS DO TOCANTINS";"Condutor Dormindo";"Saída de leito carroçável";"Com Vítimas Feridas";"Plena Noite";"Decrescente";"Céu Claro";"Simples";"Reta";"Não";2;0;1;0;0;2;1;3;-6,580091;-47,516098;"SPRF-TO";"DEL02-TO";"UOP03-DEL02-TO"
163865;2018-10-07;"domingo";"01:05:00";"CE";20;188,5;"BOA VIAGEM";"Ingestão de Álcool";"Tombamento";"Sem Vítimas";"Plena Noite";"Crescente";"Céu Claro";"Simples";"Reta";"Não";2;0;0;0;1;3;0;4;-5,22908443;-39,81239319;"SPRF-CE";"DEL02-CE";"UOP02-DEL02-CE"
163876;2018-10-07;"domingo";"04:00:00";"CE";116;320,5;"JAGUARIBE";"Condutor Dormindo";"Saída de leito carroçável";"Com Vítimas Fatais";"Plena Noite";"Decrescente";"Céu Claro";"Simples";"Reta";"Não";2;1;0;0;0;1;0;2;-6,001954;-38,633887;"SPRF-CE";"DEL05-CE";"UOP02-DEL05-CE"
163877;2018-10-07;"domingo";"03:30:00";"SC";101;122;"ITAJAI";"Falta de Atenção à Condução";"Saída de leito carroçável";"Com Vítimas Feridas";"Plena Noite";"Crescente";"Chuva";"Dupla";"Ponte";"Sim";1;0;0;1;0;0;1;1;-26,9330895;-48,70234966;"SPRF-SC";"DEL04-SC";"UOP04-DEL04-SC"
163880;2018-10-06;"sábado";"21:00:00";"MG";116;527,7;"CARATINGA";"Falta de Atenção à Condução";"Colisão transversal";"Com Vítimas Feridas";"Plena Noite";"Decrescente";"Nublado";"Dupla";"Interseção de Vias";"Sim";2;0;1;0;1;0;1;2;-19,77925;-42,133019;"SPRF-MG";"DEL06-MG";"UOP02-DEL06-MG"
163899;2018-10-07;"domingo";"06:20:00";"RJ";101;184,5;"CASIMIRO DE ABREU";"Condutor Dormindo";"Saída de leito carroçável";"Com Vítimas Feridas";"Pleno dia";"Crescente";"Nublado";"Simples";"Curva";"Não";3;0;1;2;0;0;3;1;-22,42972367;-42,02990949;"SPRF-RJ";"DEL02-RJ";"UOP04-DEL08-RJ"
163905;2018-10-07;"domingo";"07:10:00";"PE";232;194,6;"SANHARO";"Carga excessiva e/ou mal acondicionada";"Tombamento";"Sem Vítimas";"Pleno dia";"Decrescente";"Céu Claro";"Simples";"Reta";"Sim";3;0;0;0;3;0;0;2;-8,3634379;-36,5578866;"SPRF-PE";"DEL02-PE";"UOP03-DEL02-PE"
163907;2018-10-07;"domingo";"06:50:00";"TO";153;382;"RIO DOS BOIS";"Defeito Mecânico no Veículo";"Incêndio";"Sem Vítimas";"Pleno dia";"Decrescente";"Céu Claro";"Simples";"Reta";"Não";2;0;0;0;1;2;0;3;-9,26079;-48,548031;"SPRF-TO";"DEL02-TO";"UOP02-DEL02-TO"
163928;2018-10-07;"domingo";"09:15:00";"SC";101;116,5;"ITAJAI";"Sinalização da via insuficiente ou inadequada";"Colisão traseira";"Com Vítimas Feridas";"Pleno dia";"Decrescente";"Garoa/Chuvisco";"Dupla";"Reta";"Sim";4;0;1;0;2;1;1;3;-26,8877;-48,7222;"SPRF-SC";"DEL04-SC";"UOP04-DEL04-SC"
163934;2018-10-07;"domingo";"09:50:00";"AL";101;133,4;"SAO MIGUEL DOS CAMPOS";"Desobediência às normas de trânsito pelo condutor";"Colisão transversal";"Com Vítimas Feridas";"Pleno dia";"Decrescente";"Céu Claro";"Simples";"Curva";"Não";3;0;2;0;0;1;2;3;-9,772675;-36,101166;"SPRF-AL";"DEL02-AL";"UOP01-DEL02-AL"
163936;2018-10-07;"domingo";"10:10:00";"PB";230;475,8;"SOUSA";"Desobediência às normas de trânsito pelo pedestre";"Atropelamento de Pedestre";"Com Vítimas Fatais";"Pleno dia";"Crescente";"Céu Claro";"Simples";"Declive;Curva";"Não";2;1;0;0;1;0;0;2;-6,838849;-38,315775;"SPRF-PB";"DEL03-PB";"UOP03-DEL03-PB"
163939;2018-10-07;"domingo";"06:00:00";"MS";158;93,2;"PARANAIBA";"Velocidade Incompatível";"Tombamento";"Sem Vítimas";"Amanhecer";"Decrescente";"Nublado";"Dupla";"Rotatória";"Sim";2;0;0;0;1;1;0;2;-19,67817164;-51,2022543;"SPRF-MS";"DEL08-MS";"UOP01-DEL08-MS"
163943;2018-10-07;"domingo";"10:00:00";"MG";251;450,4;"GRAO MOGOL";"Defeito Mecânico no Veículo";"Incêndio";"Com Vítimas Feridas";"Pleno dia";"Decrescente";"Céu Claro";"Simples";"Reta";"Não";2;0;1;0;0;3;1;4;-16,4257;-43,2841;"SPRF-MG";"DEL12-MG";"UOP01-DEL12-MG"
163944;2018-10-07;"domingo";"06:45:00";"SP";116;512;"CAJATI";"Pista Escorregadia";"Colisão com objeto estático";"Sem Vítimas";"Pleno dia";"Decrescente";"Chuva";"Dupla";"Curva";"Não";2;0;0;0;1;1;0;2;-24,84469607;-48,2110548;"SPRF-SP";"DEL05-SP";"UAP01-DEL05-SP"
163981;2018-09-18;"terça-feira";"16:30:00";"PR";277;5,5;"PARANAGUA";"Falta de Atenção à Condução";"Colisão lateral";"Com Vítimas Feridas";"Pleno dia";"Crescente";"Sol";"Dupla";"Viaduto";"Sim";6;0;4;0;1;1;4;3;-25,52544172;-48,52709413;"SPRF-PR";"DEL01-PR";"UOP05-DEL01-PR"
163982;2018-10-07;"domingo";"14:10:00";"SP";116;461,8;"PARIQUERA-ACU";"Velocidade Incompatível";"Tombamento";"Com Vítimas Feridas";"Pleno dia";"Decrescente";"Nublado";"Dupla";"Curva";"Não";2;0;1;0;0;1;1;2;-24,61951346;-47,89175928;"SPRF-SP";"DEL05-SP";"UOP01-DEL05-SP"
164006;2018-10-07;"domingo";"16:30:00";"MG";40;224;"JOAO PINHEIRO";"Desobediência às normas de trânsito pelo condutor";"Tombamento";"Com Vítimas Feridas";"Pleno dia";"Crescente";"Nublado";"Simples";"Curva";"Não";2;0;1;0;0;1;1;2;-17,979826;-45,617336;"SPRF-MG";"DEL14-MG";"UOP02-DEL14-MG"
164010;2018-10-07;"domingo";"16:20:00";"BA";116;840;"VITORIA DA CONQUISTA";"Fenômenos da Natureza";"Incêndio";"Sem Vítimas";"Pleno dia";"Decrescente";"Sol";"Simples";"Reta";"Não";5;0;0;0;1;4;0;3;-14,98641919;-40,92463269;"SPRF-BA";"DEL08-BA";"UOP01-DEL08-BA"
164030;2018-10-07;"domingo";"17:30:00";"CE";222;300,2;"TIANGUA";"Defeito Mecânico no Veículo";"Colisão com objeto estático";"Sem Vítimas";"Anoitecer";"Decrescente";"Céu Claro";"Simples";"Declive";"Não";1;0;0;0;1;0;0;1;-3,656526;-40,934746;"SPRF-CE";"DEL04-CE";"UOP02-DEL04-CE"
164032;2018-10-07;"domingo";"17:30:00";"GO";452;154,5;"ITUMBIARA";"Falta de Atenção à Condução";"Saída de leito carroçável";"Com Vítimas Feridas";"Pleno dia";"Decrescente";"Ignorado";"Simples";"Reta";"Não";2;0;1;0;0;1;1;2;-18,30221763;-49,57872391;"SPRF-GO";"DEL03-GO";"UOP02-DEL03-GO"
164044;2018-10-07;"domingo";"18:00:00";"BA";101;886;"TEIXEIRA DE FREITAS";"Ingestão de Álcool";"Capotamento";"Com Vítimas Feridas";"Plena Noite";"Decrescente";"Céu Claro";"Simples";"Reta";"Não";1;0;1;0;0;0;1;1;-17,6069;-39,7563;"SPRF-BA";"DEL09-BA";"UOP02-DEL09-BA"
164048;2018-10-07;"domingo";"18:00:00";"MA";316;263;"SANTA INES";"Falta de Atenção à Condução";"Colisão frontal";"Com Vítimas Feridas";"Plena Noite";"Crescente";"Céu Claro";"Simples";"Interseção de Vias";"Sim";3;0;2;0;0;1;2;3;-3,67495786;-45,37086368;"SPRF-MA";"DEL02-MA";"UI04-DEL02-MA"
164051;2018-10-07;"domingo";"18:11:00";"PR";116;99;"SAO JOSE DOS PINHAIS";"Desobediência às normas de trânsito pelo condutor";"Colisão lateral";"Sem Vítimas";"Plena Noite";"Crescente";"Chuva";"Simples";"Viaduto";"Sim";5;0;0;0;4;2;0;5;-25,56016;-49,151534;"SPRF-PR";"DEL01-PR";"UOP01-DEL01-PR"
164057;2018-10-07;"domingo";"18:40:00";"ES";101;49;"CONCEICAO DA BARRA";"Falta de Atenção do Pedestre";"Atropelamento de Pedestre";"Com Vítimas Feridas";"Plena Noite";"Crescente";"Céu Claro";"Simples";"Reta";"Não";2;0;0;1;1;0;1;2;-18,57725;-39,894962;"SPRF-ES";"DEL04-ES";"UOP02-DEL04-ES"
164059;2018-10-07;"domingo";"19:30:00";"ES";262;127,5;"CONCEICAO DO CASTELO";"Falta de Atenção à Condução";"Colisão com objeto estático";"Com Vítimas Feridas";"Plena Noite";"Decrescente";"Garoa/Chuvisco";"Simples";"Reta";"Não";3;0;0;1;1;1;1;3;-20,25849319;-41,28735065;"SPRF-ES";"DEL01-ES";"UOP02-DEL01-ES"
164069;2018-10-07;"domingo";"19:20:00";"PR";153;24,6;"JACAREZINHO";"Desobediência às normas de trânsito pelo condutor";"Colisão transversal";"Sem Vítimas";"Plena Noite";"Decrescente";"Céu Claro";"Simples";"Interseção de Vias;Curva;Aclive";"Não";3;0;0;0;2;2;0;4;-23,18918604;-49,98583848;"SPRF-PR";"DEL07-PR";"UOP04-DEL07-PR"
164071;2018-10-07;"domingo";"18:30:00";"AL";101;38;"JOAQUIM GOMES";"Ingestão de Álcool";"Colisão lateral";"Com Vítimas Feridas";"Plena Noite";"Decrescente";"Céu Claro";"Dupla";"Curva";"Não";3;0;1;0;1;1;1;3;-9,148179;-35,768784;"SPRF-AL";"DEL01-AL";"UOP01-DEL01-AL"
164075;2018-10-07;"domingo";"21:30:00";"ES";101;284;"SAO MATEUS";"Falta de Atenção à Condução";"Colisão traseira";"Com Vítimas Feridas";"Plena Noite";"Decrescente";"Céu Claro";"Dupla";"Reta";"Sim";4;0;0;1;3;0;1;3;-18,720545;-39,865883;"SPRF-ES";"DEL01-ES";"UOP01-DEL01-ES"
164082;2018-10-07;"domingo";"23:00:00";"SC";101;251;"PAULO LOPES";"Falta de Atenção à Condução";"Colisão lateral";"Sem Vítimas";"Plena Noite";"Crescente";"Nublado";"Dupla";"Reta";"Não";11;0;0;0;10;1;0;3;-27,94921652;-48,67236281;"SPRF-SC";"DEL02-SC";"UOP03-DEL02-SC"
164091;2018-10-07;"domingo";"23:00:00";"SP";116;507;"CAJATI";"Velocidade Incompatível";"Tombamento";"Com Vítimas Fatais";"Plena Noite";"Decrescente";"Garoa/Chuvisco";"Dupla";"Declive;Reta";"Não";4;1;0;0;2;2;0;5;-24,78766962;-48,20388794;"SPRF-SP";"DEL05-SP";"UAP01-DEL05-SP"
164098;2018-10-07;"domingo";"19:30:00";"MA";222;642,5;"ITINGA DO MARANHAO";"Objeto estático sobre o leito carroçável";"Colisão transversal";"Sem Vítimas";"Plena Noite";"Crescente";"Céu Claro";"Simples";"Reta";"Não";4;0;0;0;2;2;0;3;-4;-47;"SPRF-MA";"DEL04-MA";"UOP03-DEL04-MA"
164099;2018-10-07;"domingo";"21:40:00";"MG";262;160;"SAO DOMINGOS DO PRATA";"Falta de Atenção à Condução";"Saída de leito carroçável";"Sem Vítimas";"Plena Noite";"Crescente";"Céu Claro";"Simples";"Reta";"Não";1;0;0;0;1;0;0;1;-19,963499;-42,843369;"SPRF-MG";"DEL03-MG";"UOP03-DEL03-MG"
164117;2018-10-08;"segunda-feira";"05:00:00";"BA";110;371;"POJUCA";"Velocidade Incompatível";"Tombamento";"Com Vítimas Feridas";"Amanhecer";"Crescente";"Céu Claro";"Simples";"Curva";"Não";2;0;1;0;0;1;1;2;-12,39805;-38,37307;"SPRF-BA";"DEL01-BA";"UOP04-DEL01-BA"
164121;2018-10-08;"segunda-feira";"07:20:00";"ES";101;288,4;"CARIACICA";"Velocidade Incompatível";"Saída de leito carroçável";"Com Vítimas Feridas";"Pleno dia";"Crescente";"Sol";"Dupla";"Curva";"Sim";1;0;0;1;0;0;1;1;-20,2751149;-40,39247453;"SPRF-ES";"DEL01-ES";"UOP01-DEL01-ES"
164131;2018-10-08;"segunda-feira";"08:00:00";"ES";101;244,5;"SERRA";"Falta de Atenção à Condução";"Colisão transversal";"Com Vítimas Feridas";"Pleno dia";"Decrescente";"Nublado";"Simples";"Interseção de Vias";"Sim";2;0;1;0;1;0;1;2;-20,05203539;-40,38460519;"SPRF-ES";"DEL02-ES";"UOP01-DEL02-ES"
164142;2018-10-08;"segunda-feira";"09:00:00";"ES";262;5,8;"CARIACICA";"Falta de Atenção à Condução";"Colisão traseira";"Com Vítimas Feridas";"Pleno dia";"Decrescente";"Céu Claro";"Múltipla";"Interseção de Vias";"Sim";3;0;1;0;1;1;1;3;-20,33891301;-40,39282054;"SPRF-ES";"DEL01-ES";"UOP01-DEL01-ES"
164144;2018-10-08;"segunda-feira";"09:20:00";"CE";116;41,9;"HORIZONTE";"Não guardar distância de segurança";"Colisão lateral";"Com Vítimas Feridas";"Pleno dia";"Crescente";"Céu Claro";"Dupla";"Curva";"Sim";2;0;0;1;1;0;1;2;-4,10784349;-38,49511492;"SPRF-CE";"DEL01-CE";"UOP02-DEL01-CE"
164145;2018-09-29;"sábado";"17:00:00";"PR";376;160;"MARINGA";"Falta de Atenção à Condução";"Colisão traseira";"Com Vítimas Feridas";"Pleno dia";"Crescente";"Ignorado";"Dupla";"Reta";"Sim";2;0;1;0;1;0;1;2;-23,36514695;-52,0745712;"SPRF-PR";"DEL07-PR";"UOP01-DEL09-PR"
164146;2018-10-08;"segunda-feira";"07:50:00";"RS";386;416,4;"MONTENEGRO";"Falta de Atenção à Condução";"Colisão lateral";"Com Vítimas Feridas";"Pleno dia";"Crescente";"Céu Claro";"Dupla";"Declive";"Sim";4;0;0;3;1;0;3;2;-29,817648;-51,463001;"SPRF-RS";"DEL04-RS";"UOP02-DEL04-RS"
164153;2018-10-08;"segunda-feira";"09:15:00";"GO";364;332,6;"PORTELANDIA";"Condutor Dormindo";"Colisão lateral";"Com Vítimas Fatais";"Pleno dia";"Decrescente";"Céu Claro";"Simples";"Reta";"Não";6;1;1;0;3;3;1;6;-17,393252;-52,746921;"SPRF-GO";"DEL05-GO";"UOP01-DEL05-GO"
164157;2018-09-19;"quarta-feira";"14:49:00";"MA";222;668;"ACAILANDIA";"Não guardar distância de segurança";"Colisão traseira";"Sem Vítimas";"Pleno dia";"Crescente";"Céu Claro";"Simples";"Reta";"Não";4;0;0;0;3;1;0;2;-4,92643657;-47,44068146;"SPRF-MA";"DEL04-MA";"UOP03-DEL04-MA"
164186;2018-10-08;"segunda-feira";"12:30:00";"RS";386;294,8;"POUSO NOVO";"Velocidade Incompatível";"Tombamento";"Com Vítimas Feridas";"Pleno dia";"Crescente";"Sol";"Simples";"Curva";"Não";2;0;1;0;0;1;1;2;-29,140814;-52,239198;"SPRF-RS";"DEL04-RS";"UOP01-DEL04-RS"
164187;2018-10-08;"segunda-feira";"12:45:00";"SP";116;82,2;"ROSEIRA";"Falta de Atenção à Condução";"Colisão traseira";"Com Vítimas Feridas";"Pleno dia";"Crescente";"Chuva";"Dupla";"Reta";"Não";2;0;1;0;1;0;1;2;-22,909193;-45,318848;"SPRF-SP";"DEL06-SP";"UOP01-DEL06-SP"
164192;2018-10-08;"segunda-feira";"11:45:00";"CE";20;111,5;"TAUA";"Ingestão de Álcool";"Colisão lateral";"Com Vítimas Fatais";"Pleno dia";"Crescente";"Céu Claro";"Simples";"Reta";"Não";4;1;0;0;1;2;0;4;-6,001245;-40,280308;"SPRF-CE";"DEL02-CE";"UOP02-DEL02-CE"
164197;2018-08-10;"sexta-feira";"08:20:00";"MG";381;678,2;"PERDOES";"Falta de Atenção à Condução";"Colisão lateral";"Com Vítimas Feridas";"Pleno dia";"Crescente";"Céu Claro";"Dupla";"Reta";"Não";3;0;1;0;2;0;1;2;-21,05508101;-45,03161073;"SPRF-MG";"DEL04-MG";"UOP02-DEL04-MG"
164202;2018-10-08;"segunda-feira";"15:00:00";"ES";262;28,9;"VIANA";"Defeito Mecânico no Veículo";"Saída de leito carroçável";"Sem Vítimas";"Pleno dia";"Decrescente";"Céu Claro";"Dupla";"Reta";"Não";2;0;0;0;1;1;0;2;-20,37793557;-40,56053907;"SPRF-ES";"DEL01-ES";"UOP01-DEL01-ES"
164204;2018-10-08;"segunda-feira";"16:40:00";"GO";60;175;"ABADIA DE GOIAS";"Falta de Atenção à Condução";"Colisão lateral";"Com Vítimas Feridas";"Pleno dia";"Crescente";"Nublado";"Dupla";"Reta";"Não";7;0;2;0;4;2;2;4;-16,7499754;-49,43040848;"SPRF-GO";"DEL01-GO";"UOP02-DEL01-GO"
164205;2018-10-08;"segunda-feira";"13:00:00";"RS";290;689;"URUGUAIANA";"Condutor Dormindo";"Colisão traseira";"Com Vítimas Feridas";"Pleno dia";"Crescente";"Céu Claro";"Simples";"Reta";"Não";3;0;1;0;1;1;1;3;-29,878025;-56,782131;"SPRF-RS";"DEL13-RS";"UOP01-DEL13-RS"
164206;2018-10-08;"segunda-feira";"15:15:00";"SC";280;208,4;"TRES BARRAS";"Falta de Atenção à Condução";"Colisão lateral";"Com Vítimas Feridas";"Pleno dia";"Decrescente";"Nublado";"Simples";"Reta";"Não";3;0;1;0;2;0;1;2;-26,169422;-50,148941;"SPRF-SC";"DEL06-SC";"UOP04-DEL06-SC"
164210;2018-10-08;"segunda-feira";"14:30:00";"MA";135;141,3;"MATOES DO NORTE";"Defeito na Via";"Colisão lateral";"Sem Vítimas";"Pleno dia";"Crescente";"Sol";"Simples";"Reta";"Sim";3;0;0;0;2;1;0;3;-3,78169795;-44,5088768;"SPRF-MA";"DEL01-MA";"UOP02-DEL01-MA"
164220;2018-10-08;"segunda-feira";"18:10:00";"RS";448;0;"ESTEIO";"Carga excessiva e/ou mal acondicionada";"Tombamento";"Com Vítimas Feridas";"Anoitecer";"Decrescente";"Céu Claro";"Simples";"Curva";"Sim";2;0;1;0;0;1;1;2;-29,827246;-51,173317;"SPRF-RS";"DEL01-RS";"UOP02-DEL01-RS"
164223;2018-10-08;"segunda-feira";"18:48:00";"SC";470;66;"INDAIAL";"Desobediência às normas de trânsito pelo condutor";"Colisão transversal";"Com Vítimas Feridas";"Plena Noite";"Decrescente";"Nublado";"Simples";"Retorno Regulamentado";"Sim";5;0;2;1;1;1;3;3;-26,87052569;-49,22124982;"SPRF-SC";"DEL04-SC";"UOP01-DEL04-SC"
164234;2018-10-08;"segunda-feira";"19:00:00";"MG";40;457,2;"CAETANOPOLIS";"Defeito Mecânico no Veículo";"Tombamento";"Sem Vítimas";"Anoitecer";"Crescente";"Céu Claro";"Dupla";"Curva";"Não";1;0;0;0;1;0;0;1;-19,3881;-44,3354;"SPRF-MG";"DEL02-MG";"UOP01-DEL02-MG"
164238;2018-10-08;"segunda-feira";"18:55:00";"RO";364;366,4;"OURO PRETO DO OESTE";"Ultrapassagem Indevida";"Saída de leito carroçável";"Com Vítimas Feridas";"Plena Noite";"Decrescente";"Céu Claro";"Simples";"Reta;Aclive";"Não";3;0;2;0;1;0;2;2;-10,769567;-62,110245;"SPRF-RO";"DEL02-RO";"UOP01-DEL02-RO"
164239;2018-10-08;"segunda-feira";"18:30:00";"GO";364;365,7;"MINEIROS";"Falta de Atenção à Condução";"Tombamento";"Com Vítimas Feridas";"Anoitecer";"Decrescente";"Nublado";"Simples";"Reta";"Não";6;0;1;0;4;3;1;6;-17,386873;-53,033463;"SPRF-GO";"DEL05-GO";"UOP01-DEL05-GO"
164253;2018-10-08;"segunda-feira";"18:15:00";"RN";406;168;"SAO GONCALO DO AMARANTE";"Falta de Atenção à Condução";"Colisão traseira";"Com Vítimas Feridas";"Plena Noite";"Crescente";"Céu Claro";"Dupla";"Retorno Regulamentado";"Não";2;0;0;1;1;0;1;2;-5,75140132;-35,31941414;"SPRF-RN";"DEL02-RN";"UOP01-DEL02-RN"
164254;2018-10-08;"segunda-feira";"21:00:00";"RR";174;504,9;"BOA VISTA";"Não guardar distância de segurança";"Colisão traseira";"Sem Vítimas";"Plena Noite";"Decrescente";"Céu Claro";"Dupla";"Reta";"Sim";2;0;0;0;2;0;0;2;2,80527;-60,691459;"SPRF-RR";"DEL01-RR";"UOP01-DEL01-RR"
164255;2018-10-08;"segunda-feira";"17:38:00";"PR";153;515;"GENERAL CARNEIRO";"Falta de Atenção à Condução";"Colisão lateral";"Com Vítimas Feridas";"Pleno dia";"Crescente";"Garoa/Chuvisco";"Simples";"Reta";"Não";4;0;1;0;2;1;1;4;-26,608736;-51,476875;"SPRF-PR";"DEL02-PR";"UOP03-DEL02-PR"
164266;2018-10-09;"terça-feira";"00:40:00";"PR";277;8,7;"PARANAGUA";"Condutor Dormindo";"Saída de leito carroçável";"Sem Vítimas";"Plena Noite";"Decrescente";"Céu Claro";"Dupla";"Reta";"Não";2;0;0;0;1;2;0;3;-25,5706395;-48,6138187;"SPRF-PR";"DEL01-PR";"UOP05-DEL01-PR"
164267;2018-10-08;"segunda-feira";"23:00:00";"MT";163;540,5;"DIAMANTINO";"Condutor Dormindo";"Saída de leito carroçável";"Com Vítimas Fatais";"Plena Noite";"Decrescente";"Céu Claro";"Simples";"Reta";"Não";1;1;0;0;0;0;0;1;-14,46393696;-56,14562988;"SPRF-MT";"DEL01-MT";"UOP01-DEL01-MT"
164269;2018-10-09;"terça-feira";"02:00:00";"MG";381;813,2;"CAREACU";"Velocidade Incompatível";"Tombamento";"Com Vítimas Feridas";"Plena Noite";"Crescente";"Chuva";"Dupla";"Curva";"Não";2;0;1;0;1;0;1;2;-22,0232;-45,6793;"SPRF-MG";"DEL16-MG";"UOP02-DEL16-MG"
164270;2018-10-09;"terça-feira";"03:20:00";"MG";356;271,4;"MURIAE";"Velocidade Incompatível";"Tombamento";"Com Vítimas Fatais";"Plena Noite";"Decrescente";"Céu Claro";"Simples";"Curva;Aclive";"Não";2;1;0;0;0;1;0;2;-21,12930765;-42,3193655;"SPRF-MG";"DEL07-MG";"UOP02-DEL07-MG"
164272;2018-10-09;"terça-feira";"04:45:00";"RS";290;66,3;"GRAVATAI";"Condutor Dormindo";"Saída de leito carroçável";"Com Vítimas Feridas";"Plena Noite";"Crescente";"Nublado";"Dupla";"Reta";"Não";1;0;1;0;0;0;1;1;-29,942627;-50,915585;"SPRF-RS";"DEL03-RS";"UOP02-DEL03-RS"
164278;2018-10-09;"terça-feira";"06:00:00";"SP";381;86,2;"SAO PAULO";"Falta de Atenção à Condução";"Colisão traseira";"Com Vítimas Feridas";"Pleno dia";"Crescente";"Nublado";"Dupla";"Reta";"Sim";2;0;1;0;1;0;1;2;-23,46941302;-46,56897888;"SPRF-SP";"DEL03-SP";"DEL6/3-UOP03/SP"
164281;2018-10-09;"terça-feira";"06:50:00";"ES";101;267;"SERRA";"Desobediência às normas de trânsito pelo condutor";"Colisão transversal";"Com Vítimas Feridas";"Pleno dia";"Decrescente";"Céu Claro";"Múltipla";"Interseção de Vias";"Sim";4;0;0;1;2;1;1;3;-20,207296;-40,269531;"SPRF-ES";"DEL02-ES";"UOP01-DEL02-ES"
164284;2018-10-09;"terça-feira";"05:35:00";"TO";242;355,3;"PEIXE";"Não guardar distância de segurança";"Colisão traseira";"Com Vítimas Feridas";"Amanhecer";"Crescente";"Nublado";"Simples";"Reta";"Não";3;0;1;0;2;0;1;2;-11,86976243;-48,8729167;"SPRF-TO";"DEL02-TO";"UOP02-DEL01-TO"
164288;2018-10-09;"terça-feira";"06:10:00";"RS";386;340,1;"LAJEADO";"Desobediência às normas de trânsito pelo condutor";"Saída de leito carroçável";"Com Vítimas Feridas";"Amanhecer";"Decrescente";"Céu Claro";"Múltipla";"Aclive";"Sim";2;0;1;0;1;0;1;2;-29,43134228;-52,01275617;"SPRF-RS";"DEL04-RS";"UOP01-DEL04-RS"
164297;2018-10-09;"terça-feira";"08:00:00";"ES";101;267,1;"SERRA";"Restrição de Visibilidade";"Colisão lateral";"Com Vítimas Feridas";"Pleno dia";"Crescente";"Céu Claro";"Dupla";"Reta";"Sim";4;0;1;0;2;1;1;3;-20,19828187;-40,26890248;"SPRF-ES";"DEL02-ES";"UOP01-DEL02-ES"
164298;2018-10-09;"terça-feira";"07:35:00";"GO";60;129;"GOIANAPOLIS";"Velocidade Incompatível";"Colisão traseira";"Com Vítimas Feridas";"Pleno dia";"Crescente";"Céu Claro";"Dupla";"Reta";"Não";4;0;0;3;1;0;3;2;-16,5587;-49,1534;"SPRF-GO";"DEL01-GO";"UOP01-DEL01-GO"