"id";"data_inversa";"dia_semana";"horario";"uf";"br";"km";"municipio";"causa_acidente";"tipo_acidente";"classificacao_acidente";"fase_dia";"sentido_via";"condicao_metereologica";"tipo_pista";"tracado_via";"uso_solo";"pessoas";"mortos";"feridos_leves";"feridos_graves";"ilesos";"ignorados";"feridos";"veiculos";"latitude";"longitude";"regional";"delegacia";"uop"
164565;2018-10-10;"quarta-feira";"13:55:00";"PR";116;99;"SAO JOSE DOS PINHAIS";"Não guardar distância de segurança";"Colisão traseira";"Com Vítimas Feridas";"Pleno dia";"Decrescente";"Nublado";"Dupla";"Reta";"Não";2;0;1;0;1;0;1;2;-25,526846;-49,140408;"SPRF-PR";"DEL01-PR";"UOP01-DEL01-PR"
164568;2018-09-04;"terça-feira";"13:20:00";"MG";381;295;"ANTONIO DIAS";"Falta de Atenção à Condução";"Tombamento";"Com Vítimas Feridas";"Pleno dia";"Decrescente";"Céu Claro";"Simples";"Curva;Declive";"Não";2;0;1;0;0;1;1;2;-19,6235091;-42,85504818;"SPRF-MG";"DEL03-MG";"UOP02-DEL03-MG"
164570;2018-10-10;"quarta-feira";"13:00:00";"SP";116;224;"GUARULHOS";"Desobediência às normas de trânsito pelo condutor";"Colisão lateral";"Sem Vítimas";"Pleno dia";"Crescente";"Sol";"Múltipla";"Reta";"Sim";3;0;0;0;3;0;0;3;-23,48447323;-46,5393734;"SPRF-SP";"DEL01-SP";"UOP01-DEL01-SP"
164572;2018-10-10;"quarta-feira";"13:51:00";"PR";376;303;"MAUA DA SERRA";"Velocidade Incompatível";"Colisão traseira";"Com Vítimas Feridas";"Pleno dia";"Crescente";"Chuva";"Dupla";"Curva";"Não";3;0;1;0;1;1;1;3;-23,93307381;-51,13739446;"SPRF-PR";"DEL07-PR";"UOP02-DEL07-PR"
164580;2018-10-10;"quarta-feira";"13:55:00";"RO";364;240,6;"CACOAL";"Falta de Atenção à Condução";"Colisão transversal";"Com Vítimas Feridas";"Pleno dia";"Decrescente";"Céu Claro";"Simples";"Reta";"Sim";4;0;1;0;3;0;1;2;-11,4388;-61,475391;"SPRF-RO";"DEL02-RO";"UOP02-DEL02-RO"
164581;2018-10-10;"quarta-feira";"15:20:00";"RJ";40;31;"TRES RIOS";"Defeito Mecânico no Veículo";"Colisão com objeto estático";"Com Vítimas Feridas";"Pleno dia";"Crescente";"Céu Claro";"Dupla";"Curva";"Não";3;0;2;0;1;0;2;2;-22,19277443;-43,15881371;"SPRF-RJ";"DEL06-RJ";"UOP02-DEL05-RJ"
164582;2018-10-10;"quarta-feira";"14:45:00";"SC";101;210;"SAO JOSE";"Falta de Atenção à Condução";"Colisão lateral";"Sem Vítimas";"Pleno dia";"Decrescente";"Nublado";"Dupla";"Reta";"Sim";2;0;0;0;1;1;0;2;-27,6235;-48,6524;"SPRF-SC";"DEL01-SC";"UOP01-DEL01-SC"
164584;2018-10-10;"quarta-feira";"15:30:00";"PA";316;4;"ANANINDEUA";"Ingestão de Álcool";"Colisão lateral";"Sem Vítimas";"Pleno dia";"Crescente";"Céu Claro";"Dupla";"Reta";"Sim";2;0;0;0;2;0;0;2;-1,396582;-48,422993;"SPRF-PA";"DEL01-PA";"DEL19/1-UOP05/PA"
164585;2018-10-10;"quarta-feira";"15:35:00";"PA";316;9;"ANANINDEUA";"Ingestão de Álcool";"Colisão traseira";"Sem Vítimas";"Pleno dia";"Crescente";"Sol";"Dupla";"Reta";"Sim";3;0;0;0;3;0;0;3;-1,36617707;-48,36748123;"SPRF-PA";"DEL01-PA";"DEL19/1-UOP05/PA"
164589;2018-10-10;"quarta-feira";"16:00:00";"RJ";116;86;"TERESOPOLIS";"Pista Escorregadia";"Colisão frontal";"Com Vítimas Feridas";"Pleno dia";"Decrescente";"Chuva";"Simples";"Curva";"Não";4;0;1;1;2;0;2;3;-22,45676518;-42,96220779;"SPRF-RJ";"DEL04-RJ";"UOP01-DEL04-RJ"
164591;2018-10-10;"quarta-feira";"13:30:00";"MG";381;654,4;"SANTO ANTONIO DO AMPARO";"Velocidade Incompatível";"Tombamento";"Sem Vítimas";"Pleno dia";"Crescente";"Céu Claro";"Dupla";"Curva";"Não";2;0;0;0;1;1;0;2;-20,9821;-44,9433;"SPRF-MG";"DEL04-MG";"UOP02-DEL04-MG"
164592;2018-10-10;"quarta-feira";"09:20:00";"SP";116;562;"BARRA DO TURVO";"Falta de Atenção à Condução";"Saída de leito carroçável";"Sem Vítimas";"Pleno dia";"Crescente";"Nublado";"Dupla";"Reta";"Não";2;0;0;0;1;1;0;2;-25,02938895;-48,52363584;"SPRF-SP";"DEL05-SP";"UOP02-DEL05-SP"
164593;2018-10-10;"quarta-feira";"15:45:00";"ES";101;224,8;"IBIRACU";"Ultrapassagem Indevida";"Saída de leito carroçável";"Com Vítimas Fatais";"Pleno dia";"Crescente";"Céu Claro";"Simples";"Reta";"Não";2;1;0;0;0;1;0;2;-19,89362857;-40,41320801;"SPRF-ES";"DEL02-ES";"UOP01-DEL02-ES"
164594;2018-10-10;"quarta-feira";"17:00:00";"MT";70;0;"BARRA DO GARCAS";"Falta de Atenção à Condução";"Colisão lateral";"Com Vítimas Fatais";"Pleno dia";"Crescente";"Sol";"Simples";"Interseção de Vias";"Sim";2;1;0;0;1;0;0;2;-15,8950367;-52,25576592;"SPRF-MT";"DEL07-MT";"UOP01-DEL07-MT"
164598;2018-08-20;"segunda-feira";"04:41:00";"RJ";40;116;"DUQUE DE CAXIAS";"Falta de Atenção à Condução";"Colisão traseira";"Com Vítimas Feridas";"Amanhecer";"Crescente";"Céu Claro";"Múltipla";"Reta";"Sim";3;0;2;0;1;0;2;3;-22,73850663;-43,28849316;"SPRF-RJ";"DEL01-RJ";"UOP01-DEL01-RJ"
164600;2018-10-10;"quarta-feira";"17:20:00";"MG";381;541,1;"ITATIAIUCU";"Mal Súbito";"Colisão traseira";"Com Vítimas Feridas";"Pleno dia";"Decrescente";"Nublado";"Dupla";"Curva";"Não";2;0;1;0;1;0;1;2;-20,239;-44,4108;"SPRF-MG";"DEL04-MG";"UOP03-DEL04-MG"
164602;2018-10-10;"quarta-feira";"17:05:00";"MG";116;704,9;"MURIAE";"Pista Escorregadia";"Tombamento";"Com Vítimas Feridas";"Pleno dia";"Decrescente";"Céu Claro";"Múltipla";"Interseção de Vias";"Sim";4;0;2;0;1;1;2;3;-21,12730932;-42,38323963;"SPRF-MG";"DEL07-MG";"UOP02-DEL07-MG"
164603;2018-10-10;"quarta-feira";"18:00:00";"CE";222;15,7;"CAUCAIA";"Ingestão de Álcool";"Colisão traseira";"Com Vítimas Fatais";"Plena Noite";"Decrescente";"Nublado";"Simples";"Reta";"Não";3;1;1;0;1;0;1;3;-3,760132;-38,695133;"SPRF-CE";"DEL01-CE";"UOP01-DEL01-CE"
164615;2018-10-10;"quarta-feira";"15:20:00";"RJ";495;6;"TERESOPOLIS";"Falta de Atenção à Condução";"Colisão transversal";"Com Vítimas Feridas";"Pleno dia";"Decrescente";"Céu Claro";"Simples";"Curva";"Não";3;0;0;2;1;0;2;2;-22,407055;-43,004635;"SPRF-RJ";"DEL06-RJ";"UOP02-DEL05-RJ"
164617;2018-10-10;"quarta-feira";"16:40:00";"RS";386;427,5;"MONTENEGRO";"Falta de Atenção à Condução";"Colisão lateral";"Com Vítimas Feridas";"Pleno dia";"Decrescente";"Céu Claro";"Simples";"Ponte";"Não";8;0;2;0;5;1;2;5;-29,82350948;-51,34896928;"SPRF-RS";"DEL04-RS";"UOP02-DEL04-RS"
164620;2018-10-10;"quarta-feira";"16:50:00";"RS";153;546,8;"CACAPAVA DO SUL";"Falta de Atenção à Condução";"Tombamento";"Sem Vítimas";"Pleno dia";"Decrescente";"Sol";"Simples";"Reta";"Não";1;0;0;0;1;0;0;1;-30,7940505;-53,5792923;"SPRF-RS";"DEL09-RS";"UOP02-DEL09-RS"
164623;2018-10-10;"quarta-feira";"17:50:00";"PE";407;107,5;"PETROLINA";"Ultrapassagem Indevida";"Colisão frontal";"Com Vítimas Fatais";"Anoitecer";"Crescente";"Céu Claro";"Dupla";"Reta";"Não";10;1;0;3;5;1;3;3;-9,245295;-40,613815;"SPRF-PE";"DEL06-PE";"UOP02-DEL06-PE"
164629;2018-10-10;"quarta-feira";"18:50:00";"PI";343;153,1;"PIRACURUCA";"Velocidade Incompatível";"Colisão traseira";"Sem Vítimas";"Anoitecer";"Crescente";"Vento";"Simples";"Reta";"Não";3;0;0;0;2;1;0;2;-4,011082;-41,77187;"SPRF-PI";"DEL02-PI";"UOP01-DEL02-PI"
164631;2018-10-10;"quarta-feira";"12:00:00";"SC";280;39,2;"ARAQUARI";"Falta de Atenção à Condução";"Colisão lateral";"Com Vítimas Feridas";"Pleno dia";"Decrescente";"Céu Claro";"Simples";"Reta";"Não";6;0;4;1;0;1;5;4;-26,44895225;-48,8395822;"SPRF-SC";"DEL03-SC";"UOP03-DEL03-SC"
164646;2018-10-10;"quarta-feira";"16:25:00";"RO";364;301;"PRESIDENTE MEDICI";"Falta de Atenção à Condução";"Tombamento";"Sem Vítimas";"Pleno dia";"Crescente";"Chuva";"Simples";"Reta";"Não";1;0;0;0;1;0;0;1;-11,23312822;-61,90195084;"SPRF-RO";"DEL02-RO";"UOP01-DEL02-RO"
164647;2018-10-10;"quarta-feira";"19:20:00";"BA";116;579;"BREJOES";"Defeito na Via";"Tombamento";"Sem Vítimas";"Plena Noite";"Decrescente";"Céu Claro";"Simples";"Reta";"Não";2;0;0;0;1;1;0;2;-13,09880049;-39,96343911;"SPRF-BA";"DEL03-BA";"UOP02-DEL03-BA"
164653;2018-10-10;"quarta-feira";"12:55:00";"PE";0;0;"CARUARU";"Falta de Atenção à Condução";"Colisão com objeto estático";"Sem Vítimas";"Pleno dia";"Não Informado";"Sol";"Dupla";"Reta";"Não";2;0;0;0;1;1;0;2;-8,30581685;-35,96351445;"SPRF-PE";"DEL02-PE";"N/A"
164655;2018-10-10;"quarta-feira";"18:14:00";"MG";381;521,5;"BRUMADINHO";"Velocidade Incompatível";"Derramamento de carga";"Sem Vítimas";"Plena Noite";"Crescente";"Nublado";"Dupla";"Curva;Declive";"Não";2;0;0;0;1;1;0;2;-20,122035;-44,300904;"SPRF-MG";"DEL04-MG";"UOP03-DEL04-MG"
164660;2018-10-10;"quarta-feira";"23:50:00";"MG";116;776,9;"LEOPOLDINA";"Velocidade Incompatível";"Tombamento";"Com Vítimas Feridas";"Plena Noite";"Crescente";"Nublado";"Simples";"Curva";"Não";2;0;1;0;0;1;1;2;-21,60923808;-42,695961;"SPRF-MG";"DEL07-MG";"UOP01-DEL07-MG"
164661;2018-10-10;"quarta-feira";"21:10:00";"RS";285;568,1;"SAO LUIZ GONZAGA";"Defeito Mecânico no Veículo";"Colisão transversal";"Com Vítimas Feridas";"Plena Noite";"Crescente";"Céu Claro";"Simples";"Interseção de Vias";"Sim";3;0;1;0;1;1;1;3;-28,41812647;-54,96414363;"SPRF-RS";"DEL12-RS";"UOP01-DEL12-RS"
164662;2018-10-11;"quinta-feira";"00:05:00";"RJ";116;242;"PIRAI";"Pista Escorregadia";"Saída de leito carroçável";"Com Vítimas Feridas";"Plena Noite";"Crescente";"Chuva";"Dupla";"Curva";"Não";2;0;1;0;0;1;1;2;-22,630236;-43,910339;"SPRF-RJ";"DEL07-RJ";"UOP01-DEL07-RJ"
164667;2018-10-11;"quinta-feira";"02:30:00";"MG";381;674,4;"PERDOES";"Velocidade Incompatível";"Engavetamento";"Com Vítimas Feridas";"Plena Noite";"Decrescente";"Chuva";"Dupla";"Reta";"Não";9;0;3;0;5;2;3;7;-21,0913;-45,0724;"SPRF-MG";"DEL04-MG";"UOP02-DEL04-MG"
164668;2018-10-10;"quarta-feira";"19:10:00";"MA";135;16;"SAO LUIS";"Objeto estático sobre o leito carroçável";"Colisão com objeto estático";"Sem Vítimas";"Plena Noite";"Crescente";"Céu Claro";"Simples";"Curva";"Não";2;0;0;0;2;0;0;2;-2,55751634;-44,35889035;"SPRF-MA";"DEL01-MA";"UOP01-DEL01-MA"
164670;2018-10-11;"quinta-feira";"04:30:00";"RS";116;400,1;"BARRA DO RIBEIRO";"Desobediência às normas de trânsito pelo pedestre";"Atropelamento de Pedestre";"Com Vítimas Feridas";"Plena Noite";"Crescente";"Nublado";"Simples";"Reta";"Sim";3;0;1;0;1;1;1;3;-30,34457;-51,42852;"SPRF-RS";"DEL02-RS";"UOP03-DEL02-RS"
164675;2018-10-11;"quinta-feira";"06:00:00";"ES";101;67,5;"SAO MATEUS";"Desobediência às normas de trânsito pelo condutor";"Colisão transversal";"Com Vítimas Feridas";"Pleno dia";"Crescente";"Sol";"Simples";"Interseção de Vias";"Sim";3;0;1;0;2;0;1;3;-18,720545;-39,865883;"SPRF-ES";"DEL04-ES";"UOP02-DEL04-ES"
164678;2018-10-11;"quinta-feira";"06:45:00";"GO";60;184,4;"ABADIA DE GOIAS";"Falta de Atenção à Condução";"Colisão traseira";"Com Vítimas Fatais";"Amanhecer";"Decrescente";"Céu Claro";"Dupla";"Reta";"Não";3;1;0;0;1;1;0;3;-16,7899;-49,5019;"SPRF-GO";"DEL01-GO";"UOP02-DEL01-GO"
164679;2018-10-11;"quinta-feira";"05:50:00";"MG";40;676,3;"CARANDAI";"Não guardar distância de segurança";"Colisão lateral";"Com Vítimas Feridas";"Amanhecer";"Crescente";"Garoa/Chuvisco";"Dupla";"Curva";"Não";2;0;1;0;0;1;1;2;-21,02630739;-43,78334278;"SPRF-MG";"DEL05-MG";"UOP02-DEL05-MG"
164682;2018-09-20;"quinta-feira";"17:20:00";"MT";364;349;"SANTO ANTONIO DO LEVERGER";"Falta de Atenção à Condução";"Saída de leito carroçável";"Com Vítimas Feridas";"Anoitecer";"Crescente";"Céu Claro";"Dupla";"Curva;Declive";"Não";2;0;0;1;0;2;1;3;-15,805045;-55,5546;"SPRF-MT";"DEL02-MT";"UOP02-DEL01-MT"
164684;2018-10-11;"quinta-feira";"07:25:00";"RN";304;37,1;"MOSSORO";"Falta de Atenção à Condução";"Colisão traseira";"Sem Vítimas";"Pleno dia";"Decrescente";"Céu Claro";"Dupla";"Retorno Regulamentado";"Sim";2;0;0;0;2;0;0;2;-5,174574;-37,362289;"SPRF-RN";"DEL04-RN";"UOP02-DEL04-RN"
164689;2018-10-11;"quinta-feira";"00:15:00";"MT";364;17;"ALTO ARAGUAIA";"Pista Escorregadia";"Tombamento";"Com Vítimas Feridas";"Plena Noite";"Decrescente";"Chuva";"Simples";"Reta";"Não";2;0;1;0;0;2;1;3;-17,222406;-53,324528;"SPRF-MT";"DEL02-MT";"UOP02-DEL02-MT"
164690;2018-09-17;"segunda-feira";"09:25:00";"ES";101;459,3;"MIMOSO DO SUL";"Defeito Mecânico no Veículo";"Derramamento de carga";"Sem Vítimas";"Pleno dia";"Crescente";"Chuva";"Simples";"Curva";"Não";1;0;0;0;1;0;0;1;-21,21624544;-41,29724801;"SPRF-ES";"DEL03-ES";"UOP02-DEL03-ES"
164694;2018-07-11;"quarta-feira";"18:30:00";"MG";262;98,8;"ABRE CAMPO";"Desobediência às normas de trânsito pelo condutor";"Colisão transversal";"Com Vítimas Feridas";"Plena Noite";"Crescente";"Nublado";"Simples";"Declive";"Não";6;0;1;3;1;2;4;4;-20,290699;-42,497047;"SPRF-MG";"DEL03-MG";"UOP03-DEL03-MG"
164696;2018-10-11;"quinta-feira";"08:50:00";"PB";230;35,5;"BAYEUX";"Desobediência às normas de trânsito pelo condutor";"Colisão traseira";"Com Vítimas Feridas";"Pleno dia";"Crescente";"Sol";"Dupla";"Retorno Regulamentado";"Sim";3;0;1;0;2;0;1;2;-7,126701;-34,944389;"SPRF-PB";"DEL01-PB";"UOP01-DEL01-PB"
164703;2018-10-11;"quinta-feira";"09:05:00";"PR";153;335,5;"IRATI";"Velocidade Incompatível";"Colisão frontal";"Com Vítimas Feridas";"Pleno dia";"Decrescente";"Nublado";"Simples";"Reta";"Sim";2;0;0;1;1;0;1;2;-25,49327501;-50,64664274;"SPRF-PR";"DEL03-PR";"UOP02-DEL08-PR"
164705;2018-10-11;"quinta-feira";"09:35:00";"PI";343;607;"FLORIANO";"Falta de Atenção à Condução";"Colisão lateral";"Com Vítimas Feridas";"Pleno dia";"Decrescente";"Céu Claro";"Simples";"Reta";"Não";1;0;1;0;0;0;1;1;-6,873278;-43,116558;"SPRF-PI";"DEL03-PI";"UOP01-DEL03-PI"
164707;2018-10-11;"quinta-feira";"09:50:00";"MG";50;71;"UBERLANDIA";"Avarias e/ou desgaste excessivo no pneu";"Colisão traseira";"Com Vítimas Feridas";"Pleno dia";"Decrescente";"Céu Claro";"Dupla";"Reta";"Sim";3;0;0;1;2;0;1;3;-18,89146682;-48,25491428;"SPRF-MG";"DEL15-MG";"UOP01-DEL15-MG"
164712;2018-10-11;"quinta-feira";"09:30:00";"RS";158;306,8;"ITAARA";"Falta de Atenção à Condução";"Colisão lateral";"Com Vítimas Feridas";"Pleno dia";"Crescente";"Nublado";"Simples";"Reta";"Não";2;0;0;1;1;0;1;2;-29,5846538;-53,76627445;"SPRF-RS";"DEL09-RS";"UOP01-DEL09-RS"
164713;2018-09-28;"sexta-feira";"09:10:00";"BA";116;616,2;"JAGUAQUARA";"Falta de Atenção à Condução";"Colisão traseira";"Com Vítimas Feridas";"Pleno dia";"Crescente";"Sol";"Simples";"Reta";"Não";4;0;0;1;2;2;1;4;-13,37347;-40,01968;"SPRF-BA";"DEL03-BA";"UOP01-DEL03-BA"
164715;2018-10-11;"quinta-feira";"10:10:00";"PR";116;103;"SAO JOSE DOS PINHAIS";"Velocidade Incompatível";"Saída de leito carroçável";"Com Vítimas Feridas";"Pleno dia";"Crescente";"Chuva";"Dupla";"Reta";"Não";2;0;1;0;0;1;1;2;-25,56977542;-49,18714955;"SPRF-PR";"DEL01-PR";"UOP01-DEL01-PR"
164716;2018-10-11;"quinta-feira";"09:00:00";"ES";259;8,6;"JOAO NEIVA";"Velocidade Incompatível";"Tombamento";"Com Vítimas Feridas";"Pleno dia";"Decrescente";"Céu Claro";"Simples";"Curva";"Não";2;0;1;0;1;0;1;1;-19,60636892;-40,49586296;"SPRF-ES";"DEL02-ES";"UOP01-DEL02-ES"
164717;2018-10-11;"quinta-feira";"07:30:00";"RS";392;23,9;"RIO GRANDE";"Falta de Atenção do Pedestre";"Atropelamento de Pedestre";"Com Vítimas Feridas";"Pleno dia";"Decrescente";"Céu Claro";"Dupla";"Reta";"Não";3;0;1;0;1;2;1;4;-32,0837478638;-52,2382011414;"SPRF-RS";"DEL07-RS";"UOP02-DEL07-RS"
164721;2018-10-11;"quinta-feira";"10:10:00";"PR";116;105;"SAO JOSE DOS PINHAIS";"Velocidade Incompatível";"Saída de leito carroçável";"Sem Vítimas";"Pleno dia";"Crescente";"Chuva";"Dupla";"Reta";"Não";2;0;0;0;1;1;0;2;-25,569698;-49,22398567;"SPRF-PR";"DEL01-PR";"UOP01-DEL01-PR"
164725;2018-10-05;"sexta-feira";"11:40:00";"MA";222;650;"ACAILANDIA";"Condutor Dormindo";"Saída de leito carroçável";"Sem Vítimas";"Pleno dia";"Crescente";"Céu Claro";"Simples";"Reta";"Não";2;0;0;0;1;1;0;2;-4,82786168;-47,26969632;"SPRF-MA";"DEL04-MA";"UOP03-DEL04-MA"
164729;2018-07-17;"terça-feira";"12:30:00";"SE";101;28;"MURIBECA";"Não guardar distância de segurança";"Colisão traseira";"Com Vítimas Feridas";"Pleno dia";"Crescente";"Ignorado";"Simples";"Reta";"Não";2;0;1;0;1;0;1;2;-10,4067804;-36,91921234;"SPRF-SE";"DEL02-SE";"UOP02-DEL02-SE"
164732;2018-07-10;"terça-feira";"09:40:00";"TO";153;351,5;"FORTALEZA DO TABOCAO";"Ultrapassagem Indevida";"Saída de leito carroçável";"Com Vítimas Feridas";"Pleno dia";"Decrescente";"Sol";"Simples";"Declive";"Não";2;0;1;0;0;2;1;3;-8,986985;-48,499802;"SPRF-TO";"DEL02-TO";"UOP02-DEL02-TO"
164735;2018-10-11;"quinta-feira";"10:45:00";"MG";50;55;"UBERLANDIA";"Defeito Mecânico no Veículo";"Saída de leito carroçável";"Com Vítimas Feridas";"Pleno dia";"Decrescente";"Céu Claro";"Dupla";"Curva";"Não";2;0;1;0;0;2;1;3;-18,7896;-48,2311;"SPRF-MG";"DEL15-MG";"UOP02-DEL15-MG"
164740;2018-10-11;"quinta-feira";"10:45:00";"ES";262;159,4;"IBATIBA";"Desobediência às normas de trânsito pelo condutor";"Colisão transversal";"Com Vítimas Feridas";"Pleno dia";"Crescente";"Céu Claro";"Simples";"Interseção de Vias";"Sim";3;0;1;0;2;0;1;2;-20,2373;-41,5112;"SPRF-ES";"DEL01-ES";"UOP02-DEL01-ES"
164741;2018-10-11;"quinta-feira";"12:15:00";"MG";381;505,3;"BETIM";"Avarias e/ou desgaste excessivo no pneu";"Tombamento";"Com Vítimas Feridas";"Pleno dia";"Crescente";"Céu Claro";"Dupla";"Reta";"Não";2;0;2;0;0;0;2;1;-20,03622509;-44,24610025;"SPRF-MG";"DEL01-MG";"UOP03-DEL01-MG"
164743;2018-10-11;"quinta-feira";"12:30:00";"MG";267;286,5;"BAEPENDI";"Velocidade Incompatível";"Tombamento";"Sem Vítimas";"Pleno dia";"Crescente";"Céu Claro";"Simples";"Curva";"Não";2;0;0;0;1;2;0;3;-21,93508404;-44,84899163;"SPRF-MG";"DEL05-MG";"DEL5/4-UOP01/MG"
164749;2018-10-11;"quinta-feira";"09:00:00";"PI";316;125,3;"ELESBAO VELOSO";"Falta de Atenção à Condução";"Colisão traseira";"Com Vítimas Feridas";"Pleno dia";"Crescente";"Sol";"Simples";"Reta";"Não";2;0;1;0;1;0;1;2;-5,98849;-42,32997;"SPRF-PI";"DEL04-PI";"UOP02-DEL04-PI"
164750;2018-10-11;"quinta-feira";"10:30:00";"RJ";116;223;"PIRAI";"Defeito Mecânico no Veículo";"Colisão traseira";"Com Vítimas Feridas";"Pleno dia";"Decrescente";"Garoa/Chuvisco";"Simples";"Curva";"Não";4;0;1;0;2;2;1;4;-22,679905;-43,814217;"SPRF-RJ";"DEL07-RJ";"UOP01-DEL07-RJ"
164756;2018-10-11;"quinta-feira";"13:40:00";"MG";262;588;"CAMPOS ALTOS";"Falta de Atenção à Condução";"Colisão transversal";"Com Vítimas Feridas";"Pleno dia";"Crescente";"Chuva";"Simples";"Reta";"Não";4;0;1;0;2;3;1;6;-19,666414;-46,16032;"SPRF-MG";"DEL08-MG";"UOP02-DEL08-MG"
164761;2018-10-11;"quinta-feira";"14:30:00";"PR";376;496,8;"PONTA GROSSA";"Não guardar distância de segurança";"Colisão traseira";"Com Vítimas Feridas";"Pleno dia";"Decrescente";"Nublado";"Dupla";"Reta;Aclive";"Sim";10;0;2;0;7;3;2;8;-25,14633351;-50,1516223;"SPRF-PR";"DEL03-PR";"UOP04-DEL03-PR"
164764;2018-10-11;"quinta-feira";"04:15:00";"RS";470;69,6;"LAGOA VERMELHA";"Condutor Dormindo";"Saída de leito carroçável";"Sem Vítimas";"Plena Noite";"Crescente";"Nublado";"Simples";"Aclive";"Não";2;0;0;0;1;1;0;2;-28,16161268;-51,511982;"SPRF-RS";"DEL08-RS";"UOP05-DEL08-RS"
164765;2018-10-11;"quinta-feira";"14:55:00";"RJ";116;287;"BARRA MANSA";"Desobediência às normas de trânsito pelo condutor";"Colisão lateral";"Sem Vítimas";"Pleno dia";"Crescente";"Nublado";"Dupla";"Reta";"Não";2;0;0;0;2;0;0;2;-22,547443;-44,183659;"SPRF-RJ";"DEL07-RJ";"UOP02-DEL07-RJ"
164774;2018-10-11;"quinta-feira";"15:35:00";"RS";285;208,5;"LAGOA VERMELHA";"Desobediência às normas de trânsito pelo condutor";"Colisão transversal";"Com Vítimas Feridas";"Pleno dia";"Crescente";"Nublado";"Simples";"Interseção de Vias";"Não";2;0;1;0;1;0;1;2;-28,224274;-51,610746;"SPRF-RS";"DEL08-RS";"UOP05-DEL08-RS"
164775;2018-10-11;"quinta-feira";"15:55:00";"SP";116;219;"SAO PAULO";"Desobediência às normas de trânsito pelo condutor";"Colisão traseira";"Sem Vítimas";"Pleno dia";"Crescente";"Nublado";"Múltipla";"Curva";"Sim";4;0;0;0;3;1;0;4;-23,46058904;-46,48821831;"SPRF-SP";"DEL01-SP";"UOP01-DEL01-SP"
164779;2018-10-11;"quinta-feira";"16:00:00";"ES";101;264;"SERRA";"Desobediência às normas de trânsito pelo condutor";"Colisão transversal";"Com Vítimas Feridas";"Pleno dia";"Crescente";"Céu Claro";"Dupla";"Interseção de Vias";"Sim";4;0;0;1;1;2;1;4;-20,17642043;-40,26611567;"SPRF-ES";"DEL02-ES";"UOP01-DEL02-ES"
164780;2018-10-11;"quinta-feira";"16:30:00";"ES";101;388,6;"RIO NOVO DO SUL";"Velocidade Incompatível";"Tombamento";"Com Vítimas Feridas";"Pleno dia";"Decrescente";"Nublado";"Simples";"Curva";"Não";4;0;2;0;1;1;2;3;-20,87292728;-40,9487915;"SPRF-ES";"DEL03-ES";"UOP02-DEL03-ES"
164786;2018-10-11;"quinta-feira";"16:20:00";"SP";116;503;"CAJATI";"Velocidade Incompatível";"Colisão com objeto estático";"Sem Vítimas";"Pleno dia";"Crescente";"Nublado";"Dupla";"Reta";"Não";2;0;0;0;1;1;0;2;-24,78424096;-48,18260193;"SPRF-SP";"DEL05-SP";"UAP01-DEL05-SP"
164794;2018-10-11;"quinta-feira";"16:48:00";"PR";116;117,8;"CURITIBA";"Avarias e/ou desgaste excessivo no pneu";"Colisão lateral";"Com Vítimas Fatais";"Pleno dia";"Crescente";"Garoa/Chuvisco";"Dupla";"Reta";"Sim";5;1;0;0;1;3;0;4;-25,56631;-49,309467;"SPRF-PR";"DEL01-PR";"UOP07-DEL01-PR"
164800;2018-10-11;"quinta-feira";"17:20:00";"SP";116;493;"CAJATI";"Falta de Atenção do Pedestre";"Atropelamento de Pedestre";"Com Vítimas Fatais";"Pleno dia";"Decrescente";"Nublado";"Dupla";"Curva";"Não";2;1;0;0;1;0;0;2;-24,74332356;-48,13354969;"SPRF-SP";"DEL05-SP";"UAP01-DEL05-SP"
164802;2018-10-11;"quinta-feira";"17:20:00";"SC";101;38,4;"JOINVILLE";"Não guardar distância de segurança";"Colisão traseira";"Sem Vítimas";"Pleno dia";"Crescente";"Chuva";"Dupla";"Viaduto";"Sim";3;0;0;0;3;0;0;3;-26,3018;-48,8829;"SPRF-SC";"DEL03-SC";"UOP01-DEL03-SC"
164803;2018-10-11;"quinta-feira";"17:15:00";"ES";101;402,4;"ITAPEMIRIM";"Ingestão de Álcool";"Colisão traseira";"Sem Vítimas";"Plena Noite";"Decrescente";"Nublado";"Múltipla";"Reta";"Não";2;0;0;0;2;0;0;2;-20,88965763;-40,99408865;"SPRF-ES";"DEL03-ES";"UOP02-DEL03-ES"
164809;2018-10-11;"quinta-feira";"17:15:00";"RO";364;341;"JI-PARANA";"Desobediência às normas de trânsito pelo condutor";"Colisão lateral";"Com Vítimas Feridas";"Pleno dia";"Decrescente";"Céu Claro";"Múltipla";"Viaduto";"Sim";2;0;0;1;1;0;1;2;-10,889981;-61,931229;"SPRF-RO";"DEL02-RO";"UOP01-DEL02-RO"
164813;2018-10-11;"quinta-feira";"18:30:00";"BA";242;406;"BARREIRAS";"Falta de Atenção do Pedestre";"Atropelamento de Pedestre";"Com Vítimas Feridas";"Plena Noite";"Decrescente";"Céu Claro";"Simples";"Curva";"Não";2;0;0;1;1;0;1;2;-12,131009;-45,1172;"SPRF-BA";"DEL10-BA";"UOP03-DEL06-BA"