"id";"data_inversa";"dia_semana";"horario";"uf";"br";"km";"municipio";"causa_acidente";"tipo_acidente";"classificacao_acidente";"fase_dia";"sentido_via";"condicao_metereologica";"tipo_pista";"tracado_via";"uso_solo";"pessoas";"mortos";"feridos_leves";"feridos_graves";"ilesos";"ignorados";"feridos";"veiculos";"latitude";"longitude";"regional";"delegacia";"uop"
164818;2018-10-07;"domingo";"09:30:00";"MG";365;340,2;"VARJAO DE MINAS";"Pista Escorregadia";"Saída de leito carroçável";"Sem Vítimas";"Pleno dia";"Crescente";"Chuva";"Simples";"Declive";"Não";2;0;0;0;1;1;0;2;-18,35648285;-46,01890616;"SPRF-MG";"DEL10-MG";"UOP01-DEL10-MG"
164829;2018-10-11;"quinta-feira";"19:35:00";"ES";262;1,4;"CARIACICA";"Desobediência às normas de trânsito pelo condutor";"Colisão transversal";"Com Vítimas Feridas";"Plena Noite";"Decrescente";"Nublado";"Dupla";"Interseção de Vias";"Sim";4;0;0;1;2;1;1;3;-20,3329373;-40,35687089;"SPRF-ES";"DEL01-ES";"UOP01-DEL01-ES"
164830;2018-09-22;"sábado";"05:20:00";"SP";116;5;"QUELUZ";"Condutor Dormindo";"Colisão traseira";"Com Vítimas Feridas";"Pleno dia";"Decrescente";"Céu Claro";"Dupla";"Reta";"Não";3;0;1;0;1;1;1;3;-22,529476;-44,744602;"SPRF-SP";"DEL08-SP";"UOP02-DEL08-SP"
164838;2018-10-11;"quinta-feira";"19:40:00";"SC";101;313;"LAGUNA";"Falta de Atenção à Condução";"Colisão lateral";"Com Vítimas Feridas";"Plena Noite";"Decrescente";"Nublado";"Dupla";"Reta";"Não";4;0;2;0;2;0;2;2;-28,43744962;-48,83696035;"SPRF-SC";"DEL02-SC";"UOP01-DEL02-SC"
164841;2018-10-11;"quinta-feira";"19:00:00";"PR";277;12,2;"PARANAGUA";"Restrição de Visibilidade";"Colisão transversal";"Com Vítimas Feridas";"Plena Noite";"Crescente";"Garoa/Chuvisco";"Dupla";"Retorno Regulamentado";"Sim";7;0;3;1;2;1;4;3;-25,56505244;-48,6333847;"SPRF-PR";"DEL01-PR";"UOP05-DEL01-PR"
164842;2018-10-11;"quinta-feira";"18:30:00";"PR";153;382,9;"MALLET";"Defeito Mecânico no Veículo";"Colisão frontal";"Com Vítimas Fatais";"Pleno dia";"Crescente";"Nublado";"Simples";"Reta";"Não";4;1;0;1;1;1;1;3;-25,83497956;-50,83895177;"SPRF-PR";"DEL03-PR";"UOP02-DEL08-PR"
164845;2018-10-11;"quinta-feira";"18:30:00";"RS";153;548,7;"CACAPAVA DO SUL";"Defeito Mecânico no Veículo";"Incêndio";"Sem Vítimas";"Anoitecer";"Decrescente";"Nublado";"Simples";"Reta";"Não";2;0;0;0;1;1;0;2;-30,820459;-53,586761;"SPRF-RS";"DEL09-RS";"UOP02-DEL09-RS"
164853;2018-10-11;"quinta-feira";"21:15:00";"ES";262;81,4;"DOMINGOS MARTINS";"Falta de Atenção à Condução";"Colisão lateral";"Com Vítimas Feridas";"Plena Noite";"Decrescente";"Nublado";"Simples";"Reta";"Não";3;0;1;0;2;0;1;3;-20,40796902;-40,95147371;"SPRF-ES";"DEL01-ES";"UOP02-DEL01-ES"
164870;2018-10-11;"quinta-feira";"22:10:00";"MS";267;124,2;"NOVA ANDRADINA";"Ingestão de Álcool";"Colisão frontal";"Com Vítimas Feridas";"Plena Noite";"Crescente";"Céu Claro";"Simples";"Reta";"Não";2;0;1;0;1;0;1;2;-21,75806485;-53,25590372;"SPRF-MS";"DEL02-MS";"DEL3/7-UOP02/MS"
164881;2018-10-11;"quinta-feira";"22:40:00";"PR";376;131;"NOVA ESPERANCA";"Ingestão de Álcool";"Colisão lateral";"Com Vítimas Feridas";"Plena Noite";"Crescente";"Nublado";"Dupla";"Reta";"Não";3;0;2;0;0;1;2;3;-23,194996;-52,202679;"SPRF-PR";"DEL07-PR";"UOP02-DEL09-PR"
164882;2018-10-11;"quinta-feira";"23:00:00";"BA";20;188;"LUIS EDUARDO MAGALHAES";"Falta de Atenção à Condução";"Saída de leito carroçável";"Sem Vítimas";"Plena Noite";"Decrescente";"Céu Claro";"Simples";"Reta";"Não";2;0;0;0;0;2;0;2;-12,43188276;-45,87615967;"SPRF-BA";"DEL10-BA";"UOP01-DEL10-BA"
164884;2018-10-11;"quinta-feira";"20:50:00";"MG";381;250,4;"SANTANA DO PARAISO";"Desobediência às normas de trânsito pelo condutor";"Colisão transversal";"Com Vítimas Feridas";"Plena Noite";"Decrescente";"Céu Claro";"Simples";"Retorno Regulamentado";"Sim";5;0;2;0;2;1;2;3;-19,453811;-42,52096;"SPRF-MG";"DEL06-MG";"UOP01-DEL06-MG"
164891;2018-10-11;"quinta-feira";"23:45:00";"PR";277;404,8;"CANDOI";"Falta de Atenção à Condução";"Colisão transversal";"Com Vítimas Feridas";"Plena Noite";"Crescente";"Céu Claro";"Simples";"Reta";"Não";3;0;1;0;2;0;1;2;-25,43529122;-52,00369835;"SPRF-PR";"DEL04-PR";"UOP02-DEL04-PR"
164892;2018-10-11;"quinta-feira";"17:55:00";"MT";364;354;"SANTO ANTONIO DO LEVERGER";"Agressão Externa";"Saída de leito carroçável";"Sem Vítimas";"Plena Noite";"Decrescente";"Céu Claro";"Simples";"Reta";"Sim";2;0;0;0;1;1;0;2;-15,807749;-55,643666;"SPRF-MT";"DEL02-MT";"UOP02-DEL01-MT"
164898;2018-10-12;"sexta-feira";"02:40:00";"RS";290;95;"PORTO ALEGRE";"Ingestão de Álcool";"Colisão com objeto estático";"Sem Vítimas";"Plena Noite";"Decrescente";"Céu Claro";"Dupla";"Reta";"Sim";3;0;0;0;2;1;0;3;-29,98532452;-51,20253533;"SPRF-RS";"DEL01-RS";"UOP01-DEL01-RS"
164901;2018-10-12;"sexta-feira";"03:40:00";"BA";116;467,4;"SANTO ESTEVAO";"Velocidade Incompatível";"Colisão traseira";"Com Vítimas Feridas";"Plena Noite";"Decrescente";"Céu Claro";"Dupla";"Reta";"Não";3;0;1;0;1;1;1;3;-12,5259021;-39,38877191;"SPRF-BA";"DEL02-BA";"UOP01-DEL02-BA"
164922;2018-10-12;"sexta-feira";"06:30:00";"SC";101;201;"SAO JOSE";"Falta de Atenção do Pedestre";"Atropelamento de Pedestre";"Com Vítimas Feridas";"Pleno dia";"Crescente";"Nublado";"Múltipla";"Curva";"Sim";3;0;1;0;1;1;1;3;-27,5572;-48,6188;"SPRF-SC";"DEL01-SC";"UOP01-DEL01-SC"
164932;2018-10-12;"sexta-feira";"07:09:00";"GO";153;621,8;"MORRINHOS";"Condutor Dormindo";"Colisão traseira";"Com Vítimas Fatais";"Pleno dia";"Decrescente";"Céu Claro";"Dupla";"Aclive";"Não";5;1;0;2;1;1;2;3;-17,728812;-49,1543103;"SPRF-GO";"DEL03-GO";"UOP01-DEL03-GO"
164938;2018-06-30;"sábado";"09:00:00";"PR";476;163;"ARAUCARIA";"Falta de Atenção à Condução";"Colisão frontal";"Com Vítimas Fatais";"Plena Noite";"Crescente";"Nublado";"Simples";"Curva";"Sim";3;1;0;0;1;1;0;3;-25,633638;-49,460007;"SPRF-PR";"DEL01-PR";"UOP06-DEL01-PR"
164939;2018-10-12;"sexta-feira";"06:00:00";"MG";116;694,3;"MURIAE";"Falta de Atenção à Condução";"Tombamento";"Com Vítimas Feridas";"Amanhecer";"Crescente";"Sol";"Simples";"Curva";"Não";2;0;1;0;0;1;1;2;-21,04110803;-42,36650795;"SPRF-MG";"DEL07-MG";"UOP02-DEL07-MG"
164942;2018-10-12;"sexta-feira";"07:40:00";"MG";381;814,5;"CAREACU";"Falta de Atenção à Condução";"Colisão traseira";"Com Vítimas Feridas";"Pleno dia";"Crescente";"Céu Claro";"Dupla";"Reta";"Não";4;0;0;2;1;1;2;3;-22,02557997;-45,67874908;"SPRF-MG";"DEL16-MG";"UOP02-DEL16-MG"
164953;2018-09-17;"segunda-feira";"05:20:00";"RO";364;443;"JARU";"Não guardar distância de segurança";"Colisão traseira";"Com Vítimas Feridas";"Amanhecer";"Crescente";"Céu Claro";"Simples";"Reta";"Não";3;0;1;0;2;0;1;2;-10,337903;-62,602909;"SPRF-RO";"DEL03-RO";"UOP02-DEL03-RO"
164963;2018-10-12;"sexta-feira";"09:15:00";"RJ";101;44;"CAMPOS DOS GOYTACAZES";"Falta de Atenção à Condução";"Colisão lateral";"Sem Vítimas";"Pleno dia";"Crescente";"Nublado";"Múltipla";"Reta";"Não";2;0;0;0;2;0;0;2;-21,5446669;-41,33973554;"SPRF-RJ";"DEL08-RJ";"UOP01-DEL08-RJ"
164969;2018-10-12;"sexta-feira";"09:30:00";"PR";376;674;"GUARATUBA";"Defeito Mecânico no Veículo";"Engavetamento";"Com Vítimas Feridas";"Pleno dia";"Crescente";"Garoa/Chuvisco";"Dupla";"Reta";"Não";6;0;2;0;4;0;2;5;-25,91111497;-48,91931355;"SPRF-PR";"DEL01-PR";"DEL7/1-UOP08/PR"
164973;2018-10-12;"sexta-feira";"08:15:00";"SP";116;398,5;"MIRACATU";"Falta de Atenção à Condução";"Colisão traseira";"Sem Vítimas";"Pleno dia";"Crescente";"Nublado";"Dupla";"Curva";"Sim";3;0;0;0;3;0;0;3;-24,30270086;-47,48678894;"SPRF-SP";"DEL04-SP";"UOP02-DEL04-SP"
164981;2018-10-12;"sexta-feira";"08:10:00";"BA";101;461,7;"AURELINO LEAL";"Não guardar distância de segurança";"Saída de leito carroçável";"Com Vítimas Feridas";"Pleno dia";"Crescente";"Chuva";"Simples";"Reta";"Não";1;0;1;0;0;0;1;1;-14,434;-39,3278;"SPRF-BA";"DEL05-BA";"UOP01-DEL05-BA"
164982;2018-10-12;"sexta-feira";"09:00:00";"RJ";101;68;"CAMPOS DOS GOYTACAZES";"Falta de Atenção à Condução";"Engavetamento";"Sem Vítimas";"Pleno dia";"Decrescente";"Céu Claro";"Simples";"Reta";"Não";4;0;0;0;4;0;0;4;-21,8353;-41,4201;"SPRF-RJ";"DEL08-RJ";"UOP02-DEL08-RJ"
164989;2018-10-12;"sexta-feira";"02:15:00";"MG";267;33,8;"ARGIRITA";"Falta de Atenção à Condução";"Danos eventuais";"Com Vítimas Feridas";"Plena Noite";"Decrescente";"Chuva";"Simples";"Reta";"Não";4;0;2;0;1;2;2;3;-21,659;-42,8738;"SPRF-MG";"DEL07-MG";"UOP01-DEL07-MG"
164994;2018-10-12;"sexta-feira";"10:40:00";"RN";304;116;"ITAJA";"Falta de Atenção à Condução";"Colisão traseira";"Sem Vítimas";"Pleno dia";"Decrescente";"Céu Claro";"Simples";"Reta";"Sim";6;0;0;0;5;1;0;6;-5,629953;-36,864231;"SPRF-RN";"DEL04-RN";"UOP01-DEL04-RN"
165003;2018-10-12;"sexta-feira";"08:15:00";"RS";386;110;"SARANDI";"Falta de Atenção à Condução";"Tombamento";"Sem Vítimas";"Pleno dia";"Decrescente";"Sol";"Simples";"Curva";"Não";2;0;0;0;1;1;0;2;-27,809111;-53,051529;"SPRF-RS";"DEL08-RS";"UOP01-DEL08-RS"
165009;2018-10-12;"sexta-feira";"13:10:00";"MA";402;8;"ROSARIO";"Carga excessiva e/ou mal acondicionada";"Colisão com objeto estático";"Sem Vítimas";"Pleno dia";"Decrescente";"Céu Claro";"Múltipla";"Curva";"Sim";2;0;0;0;1;1;0;2;-2,9411;-44,249;"SPRF-MA";"DEL01-MA";"UOP01-DEL01-MA"
165012;2018-10-12;"sexta-feira";"14:40:00";"BA";101;317;"PRESIDENTE TANCREDO NEVES";"Mal Súbito";"Colisão frontal";"Com Vítimas Fatais";"Pleno dia";"Crescente";"Céu Claro";"Simples";"Reta";"Não";3;1;0;1;1;0;1;2;-13,3809;-39,3866;"SPRF-BA";"DEL05-BA";"UOP03-DEL05-BA"
165018;2018-10-11;"quinta-feira";"23:30:00";"MG";40;444,2;"PARAOPEBA";"Carga excessiva e/ou mal acondicionada";"Tombamento";"Com Vítimas Feridas";"Plena Noite";"Crescente";"Céu Claro";"Dupla";"Curva;Aclive";"Não";1;0;1;0;0;0;1;1;-19,2887;-44,3908;"SPRF-MG";"DEL02-MG";"UOP01-DEL02-MG"
165026;2018-10-12;"sexta-feira";"15:30:00";"PR";277;24,8;"MORRETES";"Falta de Atenção à Condução";"Colisão lateral";"Com Vítimas Feridas";"Pleno dia";"Decrescente";"Nublado";"Dupla";"Reta";"Não";3;0;0;1;1;2;1;4;-25,53059224;-48,74865532;"SPRF-PR";"DEL01-PR";"UOP05-DEL01-PR"
165031;2018-10-12;"sexta-feira";"15:45:00";"RS";386;239,5;"SOLEDADE";"Ingestão de Álcool";"Colisão traseira";"Com Vítimas Feridas";"Pleno dia";"Crescente";"Nublado";"Simples";"Reta";"Não";4;0;1;0;2;2;1;4;-28,77570919;-52,53352046;"SPRF-RS";"DEL04-RS";"NPF/DEL04-RS"
165036;2018-10-12;"sexta-feira";"15:40:00";"MT";163;674;"LUCAS DO RIO VERDE";"Avarias e/ou desgaste excessivo no pneu";"Colisão com objeto em movimento";"Com Vítimas Feridas";"Pleno dia";"Decrescente";"Céu Claro";"Simples";"Reta";"Não";5;0;2;0;2;3;2;5;-13,186;-55,987;"SPRF-MT";"DEL06-MT";"UOP01-DEL06-MT"
165043;2018-10-12;"sexta-feira";"17:00:00";"MG";381;427;"CAETE";"Falta de Atenção à Condução";"Colisão traseira";"Com Vítimas Feridas";"Pleno dia";"Decrescente";"Nublado";"Simples";"Reta";"Não";3;0;0;1;2;0;1;2;-19,76944982;-43,64748001;"SPRF-MG";"DEL01-MG";"UOP01-DEL01-MG"
165046;2018-10-12;"sexta-feira";"15:00:00";"RO";364;55,4;"VILHENA";"Falta de Atenção à Condução";"Colisão traseira";"Com Vítimas Fatais";"Pleno dia";"Decrescente";"Nublado";"Simples";"Reta";"Não";6;2;0;0;2;3;0;6;-12,52389;-60,394035;"SPRF-RO";"DEL04-RO";"DEL21/4-UOP03/RO"
165079;2018-10-12;"sexta-feira";"07:30:00";"RS";392;1,7;"RIO GRANDE";"Desobediência às normas de trânsito pelo condutor";"Colisão frontal";"Com Vítimas Feridas";"Pleno dia";"Crescente";"Chuva";"Dupla";"Curva";"Sim";2;0;1;0;1;0;1;2;-32,05060725;-52,0853411;"SPRF-RS";"DEL07-RS";"UOP02-DEL07-RS"
165084;2018-10-12;"sexta-feira";"21:00:00";"RJ";393;114;"SAPUCAIA";"Falta de Atenção à Condução";"Tombamento";"Com Vítimas Feridas";"Plena Noite";"Decrescente";"Céu Claro";"Simples";"Curva";"Não";2;0;1;0;0;1;1;2;-21,88167;-42,687073;"SPRF-RJ";"DEL06-RJ";"UOP01-DEL05-RJ"
165091;2018-10-12;"sexta-feira";"21:45:00";"PR";376;672;"GUARATUBA";"Velocidade Incompatível";"Colisão traseira";"Com Vítimas Feridas";"Plena Noite";"Crescente";"Garoa/Chuvisco";"Dupla";"Declive;Reta";"Não";4;0;2;0;1;1;2;3;-25,85489824;-48,9614296;"SPRF-PR";"DEL01-PR";"DEL7/1-UOP08/PR"
165093;2018-10-12;"sexta-feira";"20:45:00";"GO";153;509,5;"APARECIDA DE GOIANIA";"Desobediência às normas de trânsito pelo condutor";"Colisão lateral";"Sem Vítimas";"Plena Noite";"Decrescente";"Céu Claro";"Dupla";"Declive;Reta";"Sim";4;0;0;0;3;2;0;5;-16,78469709;-49,23734576;"SPRF-GO";"DEL01-GO";"UOP03-DEL01-GO"
165095;2018-09-22;"sábado";"18:05:00";"MT";364;347;"JACIARA";"Defeito Mecânico no Veículo";"Saída de leito carroçável";"Com Vítimas Feridas";"Plena Noite";"Crescente";"Céu Claro";"Dupla";"Reta";"Não";4;0;1;0;2;3;1;6;-15,792951;-55;"SPRF-MT";"DEL02-MT";"UOP02-DEL01-MT"
165098;2018-10-10;"quarta-feira";"21:46:00";"MG";267;277,9;"JUIZ DE FORA";"Velocidade Incompatível";"Saída de leito carroçável";"Sem Vítimas";"Plena Noite";"Crescente";"Chuva";"Simples";"Curva";"Não";2;0;0;0;2;0;0;1;-21,771578;-43,29119;"SPRF-MG";"DEL05-MG";"DEL5/4-UOP01/MG"
165105;2018-10-12;"sexta-feira";"06:00:00";"RJ";393;218;"VASSOURAS";"Falta de Atenção à Condução";"Colisão com objeto estático";"Sem Vítimas";"Plena Noite";"Decrescente";"Céu Claro";"Simples";"Reta";"Não";2;0;0;0;2;0;0;2;-22,32012;-43,529716;"SPRF-RJ";"DEL05-RJ";"UOP03-DEL05-RJ"
165106;2018-10-12;"sexta-feira";"22:30:00";"AP";210;32;"MACAPA";"Animais na Pista";"Atropelamento de Animal";"Sem Vítimas";"Plena Noite";"Decrescente";"Céu Claro";"Simples";"Reta";"Não";1;0;0;0;1;0;0;1;0,29487;-51,083195;"SPRF-AP";"DEL01-AP";"UOP01-DEL01-AP"
165127;2018-10-13;"sábado";"02:45:00";"ES";101;417,9;"CACHOEIRO DE ITAPEMIRIM";"Ingestão de Álcool";"Colisão frontal";"Com Vítimas Feridas";"Plena Noite";"Decrescente";"Céu Claro";"Simples";"Reta";"Não";2;0;1;0;1;0;1;2;-20,95256268;-41,0906589;"SPRF-ES";"DEL03-ES";"UOP02-DEL03-ES"
165132;2018-10-13;"sábado";"02:10:00";"MS";163;573,4;"BANDEIRANTES";"Animais na Pista";"Saída de leito carroçável";"Com Vítimas Feridas";"Plena Noite";"Crescente";"Céu Claro";"Simples";"Reta";"Não";2;0;1;0;1;0;1;1;-19,69755;-54,35074;"SPRF-MS";"DEL01-MS";"UOP02-DEL01-MS"
165138;2018-10-13;"sábado";"03:25:00";"MG";381;842,5;"SAO SEBASTIAO DA BELA VISTA";"Condutor Dormindo";"Saída de leito carroçável";"Com Vítimas Feridas";"Plena Noite";"Crescente";"Céu Claro";"Dupla";"Reta";"Não";2;0;1;0;0;1;1;2;-22,1892;-45,8455;"SPRF-MG";"DEL16-MG";"UOP01-DEL16-MG"
165149;2018-10-13;"sábado";"04:30:00";"GO";20;2;"FORMOSA";"Ingestão de Álcool";"Colisão frontal";"Com Vítimas Fatais";"Plena Noite";"Crescente";"Céu Claro";"Simples";"Declive";"Sim";3;1;0;0;1;2;0;4;-15,57387;-47,327488;"SPRF-DF";"DEL02-DF";"UOP01-DEL02-DF"
165154;2018-10-13;"sábado";"07:25:00";"PI";343;349;"TERESINA";"Não guardar distância de segurança";"Colisão traseira";"Com Vítimas Feridas";"Pleno dia";"Crescente";"Céu Claro";"Simples";"Reta";"Sim";6;0;0;2;2;3;2;6;-5,12224955;-42,79394478;"SPRF-PI";"DEL01-PI";"UOP01-DEL01-PI"
165165;2018-10-13;"sábado";"08:45:00";"CE";20;335,4;"CARIDADE";"Desobediência às normas de trânsito pelo condutor";"Colisão lateral";"Com Vítimas Feridas";"Pleno dia";"Decrescente";"Céu Claro";"Simples";"Interseção de Vias";"Sim";2;0;0;1;1;0;1;2;-4,16323991;-39,14943695;"SPRF-CE";"DEL02-CE";"UOP01-DEL02-CE"
165167;2018-10-13;"sábado";"08:30:00";"AL";423;104;"DELMIRO GOUVEIA";"Falta de Atenção à Condução";"Colisão lateral";"Com Vítimas Feridas";"Pleno dia";"Decrescente";"Céu Claro";"Simples";"Reta";"Sim";6;0;2;2;1;1;4;3;-9,406849;-38,189995;"SPRF-BA";"DEL07-BA";"UOP01-DEL07-BA"
165177;2018-10-13;"sábado";"09:00:00";"BA";116;416;"FEIRA DE SANTANA";"Ingestão de Álcool";"Colisão lateral";"Com Vítimas Feridas";"Pleno dia";"Decrescente";"Sol";"Simples";"Reta";"Sim";3;0;0;1;1;2;1;4;-12,17585077;-38,96498144;"SPRF-BA";"DEL02-BA";"UOP01-DEL02-BA"
165178;2018-10-13;"sábado";"09:21:00";"SC";101;113;"ITAJAI";"Falta de Atenção à Condução";"Colisão com objeto estático";"Com Vítimas Feridas";"Pleno dia";"Crescente";"Garoa/Chuvisco";"Dupla";"Reta";"Não";4;0;2;0;1;1;2;3;-26,8622;-48,7286;"SPRF-SC";"DEL04-SC";"UOP04-DEL04-SC"
165189;2018-10-13;"sábado";"11:15:00";"SP";116;218;"GUARULHOS";"Defeito Mecânico no Veículo";"Colisão traseira";"Com Vítimas Feridas";"Pleno dia";"Decrescente";"Céu Claro";"Múltipla";"Reta";"Sim";5;0;1;0;4;0;1;4;-23,45909437;-46,48491097;"SPRF-SP";"DEL01-SP";"UOP01-DEL01-SP"
165190;2018-10-13;"sábado";"10:20:00";"RJ";116;293,7;"PORTO REAL";"Avarias e/ou desgaste excessivo no pneu";"Colisão com objeto estático";"Sem Vítimas";"Pleno dia";"Decrescente";"Céu Claro";"Dupla";"Reta";"Não";2;0;0;0;2;0;0;1;-22,449371;-44,321712;"SPRF-RJ";"DEL07-RJ";"DEL5/7-UOP03/RJ"
165192;2018-10-13;"sábado";"11:15:00";"PR";369;177;"ROLANDIA";"Desobediência às normas de trânsito pelo condutor";"Colisão lateral";"Com Vítimas Feridas";"Pleno dia";"Decrescente";"Nublado";"Simples";"Interseção de Vias";"Sim";3;0;2;0;1;0;2;2;-23,33713336;-51,38871074;"SPRF-PR";"DEL07-PR";"UOP01-DEL07-PR"
165193;2018-10-13;"sábado";"11:50:00";"AL";101;101;"PILAR";"Velocidade Incompatível";"Tombamento";"Sem Vítimas";"Pleno dia";"Decrescente";"Céu Claro";"Simples";"Rotatória";"Não";2;0;0;0;1;2;0;3;-9,56416;-35,969166;"SPRF-AL";"DEL01-AL";"UOP01-DEL01-AL"
165197;2018-10-13;"sábado";"12:00:00";"RJ";101;272;"RIO BONITO";"Desobediência às normas de trânsito pelo condutor";"Colisão lateral";"Com Vítimas Feridas";"Pleno dia";"Crescente";"Céu Claro";"Dupla";"Reta";"Não";5;0;3;0;1;1;3;3;-22,73015502;-42,70416453;"SPRF-RJ";"DEL02-RJ";"UOP03-DEL02-RJ"
165202;2018-10-13;"sábado";"12:40:00";"PB";101;126;"CAAPORA";"Falta de Atenção à Condução";"Colisão traseira";"Com Vítimas Feridas";"Pleno dia";"Decrescente";"Céu Claro";"Dupla";"Reta";"Não";5;0;2;0;3;0;2;2;-7,47807009;-34,97909546;"SPRF-PB";"DEL01-PB";"UOP01-DEL01-PB"
165203;2018-10-13;"sábado";"12:00:00";"SC";470;6;"NAVEGANTES";"Não guardar distância de segurança";"Colisão traseira";"Com Vítimas Feridas";"Pleno dia";"Decrescente";"Garoa/Chuvisco";"Simples";"Reta";"Não";4;0;1;0;2;2;1;5;-26,852238;-48,709545;"SPRF-SC";"DEL04-SC";"UOP04-DEL04-SC"
165207;2018-10-13;"sábado";"13:30:00";"MG";153;243,2;"FRONTEIRA";"Falta de Atenção à Condução";"Colisão transversal";"Com Vítimas Feridas";"Pleno dia";"Decrescente";"Céu Claro";"Simples";"Reta";"Sim";2;0;0;1;0;1;1;2;-20,2787027;-49,19214919;"SPRF-MG";"DEL13-MG";"UOP02-DEL13-MG"
165209;2018-10-13;"sábado";"14:30:00";"RJ";116;138;"DUQUE DE CAXIAS";"Falta de Atenção à Condução";"Colisão traseira";"Com Vítimas Feridas";"Pleno dia";"Crescente";"Céu Claro";"Dupla";"Interseção de Vias";"Sim";3;0;2;0;1;0;2;2;-22,65457152;-43,24253082;"SPRF-RJ";"DEL04-RJ";"UOP02-DEL04-RJ"
165210;2018-10-13;"sábado";"14:15:00";"CE";222;4;"CAUCAIA";"Falta de Atenção à Condução";"Colisão traseira";"Sem Vítimas";"Pleno dia";"Crescente";"Céu Claro";"Múltipla";"Reta";"Sim";3;0;0;0;3;0;0;3;-3,74105902;-38,59984159;"SPRF-CE";"DEL01-CE";"UOP01-DEL01-CE"
165213;2018-10-13;"sábado";"11:30:00";"BA";242;351;"LENCOIS";"Velocidade Incompatível";"Capotamento";"Com Vítimas Feridas";"Pleno dia";"Crescente";"Céu Claro";"Simples";"Curva";"Não";2;0;1;1;0;0;2;1;-12,493582;-41,328189;"SPRF-BA";"DEL06-BA";"UOP01-DEL06-BA"
165217;2018-10-13;"sábado";"14:30:00";"SP";116;284;"EMBU DAS ARTES";"Falta de Atenção à Condução";"Colisão traseira";"Com Vítimas Feridas";"Pleno dia";"Decrescente";"Chuva";"Dupla";"Reta";"Não";4;0;1;0;3;0;1;4;-23,64326619;-46,83866501;"SPRF-SP";"DEL04-SP";"UOP01-DEL04-SP"
165218;2018-10-13;"sábado";"14:30:00";"AL";101;191,3;"JUNQUEIRO";"Ingestão de Álcool";"Colisão transversal";"Sem Vítimas";"Pleno dia";"Crescente";"Sol";"Simples";"Reta";"Sim";2;0;0;0;2;0;0;2;-9,92911683;-36,47220612;"SPRF-AL";"DEL02-AL";"UOP02-DEL02-AL"
165227;2018-10-13;"sábado";"16:00:00";"MG";251;458,7;"GRAO MOGOL";"Falta de Atenção à Condução";"Saída de leito carroçável";"Com Vítimas Feridas";"Pleno dia";"Decrescente";"Céu Claro";"Simples";"Curva";"Não";2;0;1;0;0;1;1;2;-16,4214;-43,3524;"SPRF-MG";"DEL12-MG";"UOP01-DEL12-MG"
165233;2018-10-13;"sábado";"15:50:00";"SP";381;12,8;"BRAGANCA PAULISTA";"Desobediência às normas de trânsito pelo condutor";"Saída de leito carroçável";"Com Vítimas Feridas";"Pleno dia";"Crescente";"Nublado";"Dupla";"Curva";"Não";3;0;1;0;1;1;1;2;-22,9322186;-46,4688416;"SPRF-SP";"DEL03-SP";"UOP02-DEL03-SP"
165234;2018-10-13;"sábado";"14:40:00";"AC";364;134;"RIO BRANCO";"Falta de Atenção à Condução";"Colisão com objeto estático";"Com Vítimas Feridas";"Pleno dia";"Crescente";"Céu Claro";"Dupla";"Reta";"Não";2;0;1;0;0;1;1;2;-9,99952474;-67,84954363;"SPRF-AC";"DEL01-AC";"UOP01-DEL01-AC"
165237;2018-10-13;"sábado";"16:00:00";"BA";242;857;"BARREIRAS";"Condutor Dormindo";"Colisão traseira";"Sem Vítimas";"Pleno dia";"Decrescente";"Céu Claro";"Simples";"Reta";"Não";3;0;0;0;2;3;0;5;-12,10109535;-45,35190582;"SPRF-BA";"DEL10-BA";"UOP01-DEL10-BA"
165239;2018-10-13;"sábado";"14:15:00";"RN";101;131,2;"SAO JOSE DE MIPIBU";"Falta de Atenção à Condução";"Saída de leito carroçável";"Com Vítimas Feridas";"Pleno dia";"Crescente";"Céu Claro";"Dupla";"Reta";"Não";2;0;1;0;0;1;1;2;-6,127322;-35,229034;"SPRF-RN";"DEL01-RN";"UOP01-DEL01-RN"
165253;2018-10-13;"sábado";"17:00:00";"MT";70;506;"CUIABA";"Falta de Atenção à Condução";"Colisão traseira";"Com Vítimas Feridas";"Pleno dia";"Crescente";"Céu Claro";"Simples";"Reta";"Não";3;0;1;0;1;3;1;5;-15,70299;-56,067965;"SPRF-MT";"DEL02-MT";"UOP02-DEL01-MT"
165259;2018-10-13;"sábado";"18:55:00";"PR";376;198,7;"MARIALVA";"Falta de Atenção à Condução";"Colisão traseira";"Com Vítimas Feridas";"Plena Noite";"Decrescente";"Chuva";"Dupla";"Aclive;Retorno Regulamentado";"Não";5;0;2;0;2;1;2;3;-23,50110203;-51,76041126;"SPRF-PR";"DEL07-PR";"UOP01-DEL09-PR"
165267;2018-10-13;"sábado";"19:30:00";"PE";101;47;"IGARASSU";"Falta de Atenção à Condução";"Colisão lateral";"Sem Vítimas";"Pleno dia";"Decrescente";"Céu Claro";"Múltipla";"Reta";"Sim";2;0;0;0;2;0;0;2;-7,8893;-34,9037;"SPRF-PE";"DEL01-PE";"UOP02-DEL01-PE"
165275;2018-10-13;"sábado";"17:00:00";"BA";116;878;"VITORIA DA CONQUISTA";"Não guardar distância de segurança";"Colisão traseira";"Com Vítimas Feridas";"Plena Noite";"Decrescente";"Céu Claro";"Simples";"Reta";"Não";2;0;0;1;1;0;1;1;-15,2;-41,0833;"SPRF-BA";"DEL08-BA";"UOP03-DEL08-BA"