"id";"data_inversa";"dia_semana";"horario";"uf";"br";"km";"municipio";"causa_acidente";"tipo_acidente";"classificacao_acidente";"fase_dia";"sentido_via";"condicao_metereologica";"tipo_pista";"tracado_via";"uso_solo";"pessoas";"mortos";"feridos_leves";"feridos_graves";"ilesos";"ignorados";"feridos";"veiculos";"latitude";"longitude";"regional";"delegacia";"uop"
165280;2018-10-13;"sábado";"18:50:00";"MA";135;92,8;"ITAPECURU MIRIM";"Falta de Atenção à Condução";"Colisão lateral";"Sem Vítimas";"Plena Noite";"Decrescente";"Céu Claro";"Simples";"Reta";"Sim";2;0;0;0;1;1;0;2;-3,307647;-44,424549;"SPRF-MA";"DEL01-MA";"UOP02-DEL01-MA"
165286;2018-10-13;"sábado";"18:20:00";"BA";116;493;"RAFAEL JAMBEIRO";"Ingestão de Álcool";"Colisão com objeto estático";"Sem Vítimas";"Plena Noite";"Decrescente";"Céu Claro";"Dupla";"Reta";"Não";2;0;0;0;1;1;0;2;-12,54172648;-39,43231346;"SPRF-BA";"DEL02-BA";"UOP01-DEL02-BA"
165295;2018-10-13;"sábado";"19:45:00";"DF";60;13,5;"BRASILIA";"Defeito Mecânico no Veículo";"Colisão com objeto em movimento";"Sem Vítimas";"Plena Noite";"Decrescente";"Céu Claro";"Dupla";"Reta";"Não";2;0;0;0;1;1;0;2;-15,926557;-48,166969;"SPRF-DF";"DEL01-DF";"UOP01-DEL03-DF"
165296;2018-10-13;"sábado";"17:20:00";"CE";116;443;"BARRO";"Defeito Mecânico no Veículo";"Incêndio";"Sem Vítimas";"Anoitecer";"Crescente";"Céu Claro";"Simples";"Reta";"Não";2;0;0;0;1;1;0;2;-7,07074066;-38,78551483;"SPRF-CE";"DEL05-CE";"UOP03-DEL05-CE"
165301;2018-10-09;"terça-feira";"17:30:00";"PR";476;208,3;"LAPA";"Velocidade Incompatível";"Tombamento";"Com Vítimas Feridas";"Anoitecer";"Decrescente";"Nublado";"Simples";"Curva";"Não";2;0;0;1;0;1;1;2;-25,779379;-49,831974;"SPRF-PR";"DEL02-PR";"UOP04-DEL02-PR"
165306;2018-10-13;"sábado";"18:30:00";"GO";364;275,6;"MINEIROS";"Falta de Atenção à Condução";"Tombamento";"Com Vítimas Feridas";"Anoitecer";"Crescente";"Chuva";"Simples";"Reta";"Não";2;0;1;0;0;2;1;3;-17,651951;-52,34901;"SPRF-GO";"DEL05-GO";"UOP01-DEL05-GO"
165308;2018-10-13;"sábado";"20:00:00";"RJ";493;98;"SEROPEDICA";"Falta de Atenção à Condução";"Colisão com objeto estático";"Com Vítimas Feridas";"Plena Noite";"Crescente";"Chuva";"Dupla";"Reta";"Sim";4;0;1;1;2;0;2;2;-22,72267376;-43,71047974;"SPRF-RJ";"DEL03-RJ";"UOP01-DEL03-RJ"
165322;2018-10-14;"domingo";"04:00:00";"PE";428;170,4;"PETROLINA";"Desobediência às normas de trânsito pelo condutor";"Colisão frontal";"Com Vítimas Feridas";"Plena Noite";"Decrescente";"Céu Claro";"Dupla";"Reta";"Não";4;0;0;2;2;0;2;2;-9,293048;-40,446682;"SPRF-PE";"DEL06-PE";"UOP01-DEL06-PE"
165328;2018-10-14;"domingo";"04:40:00";"MG";381;364;"JOAO MONLEVADE";"Falta de Atenção à Condução";"Colisão com objeto estático";"Com Vítimas Feridas";"Plena Noite";"Crescente";"Céu Claro";"Simples";"Curva";"Não";3;0;1;0;2;0;1;1;-19,86072147;-43,22639208;"SPRF-MG";"DEL03-MG";"UOP01-DEL03-MG"
165330;2018-10-14;"domingo";"05:30:00";"MG";262;687,6;"ARAXA";"Falta de Atenção à Condução";"Colisão lateral";"Com Vítimas Feridas";"Amanhecer";"Decrescente";"Céu Claro";"Simples";"Curva";"Não";3;0;1;0;1;1;1;3;-19,54413956;-46,92537546;"SPRF-MG";"DEL08-MG";"UOP01-DEL08-MG"
165335;2018-10-14;"domingo";"06:30:00";"MG";262;458,8;"NOVA SERRANA";"Ultrapassagem Indevida";"Colisão frontal";"Com Vítimas Fatais";"Pleno dia";"Crescente";"Sol";"Simples";"Reta";"Não";5;2;0;0;1;2;0;4;-19,859983;-45,006966;"SPRF-MG";"DEL08-MG";"UOP03-DEL08-MG"
165342;2018-10-14;"domingo";"06:31:00";"PA";230;590;"ALTAMIRA";"Velocidade Incompatível";"Saída de leito carroçável";"Com Vítimas Feridas";"Amanhecer";"Decrescente";"Céu Claro";"Simples";"Curva";"Não";1;0;1;0;0;0;1;1;-3,1737057;-52,1683577;"SPRF-PA";"DEL04-PA";"UOP01-DEL04-PA"
165344;2018-10-14;"domingo";"05:00:00";"MG";116;299,4;"ITAMBACURI";"Agressão Externa";"Saída de leito carroçável";"Com Vítimas Feridas";"Amanhecer";"Crescente";"Céu Claro";"Simples";"Curva";"Não";1;0;1;0;0;0;1;1;-18,03619806;-41,65466309;"SPRF-MG";"DEL11-MG";"UOP01-DEL11-MG"
165345;2018-10-14;"domingo";"02:10:00";"MG";381;159;"GOVERNADOR VALADARES";"Desobediência às normas de trânsito pelo condutor";"Colisão transversal";"Com Vítimas Feridas";"Plena Noite";"Decrescente";"Nublado";"Simples";"Rotatória";"Sim";3;0;0;1;1;1;1;3;-18,89046614;-42,0046432;"SPRF-MG";"DEL06-MG";"UOP01-DEL06-MG"
165346;2018-10-14;"domingo";"05:15:00";"MS";60;374,2;"CAMPO GRANDE";"Falta de Atenção à Condução";"Colisão frontal";"Com Vítimas Fatais";"Amanhecer";"Crescente";"Céu Claro";"Simples";"Reta";"Não";4;1;0;1;1;1;1;3;-20,58466;-54,717209;"SPRF-MS";"DEL01-MS";"UOP04-DEL01-MS"
165355;2018-10-14;"domingo";"08:15:00";"BA";101;743,6;"ITABELA";"Falta de Atenção do Pedestre";"Atropelamento de Pedestre";"Com Vítimas Fatais";"Pleno dia";"Decrescente";"Sol";"Múltipla";"Curva;Aclive";"Não";2;1;0;0;0;1;0;2;-16,5546;-39,5708;"SPRF-BA";"DEL09-BA";"UOP01-DEL09-BA"
165357;2018-10-14;"domingo";"05:15:00";"MA";316;196,2;"ZE DOCA";"Ingestão de Álcool";"Colisão frontal";"Sem Vítimas";"Amanhecer";"Decrescente";"Céu Claro";"Simples";"Reta";"Sim";4;0;0;0;4;0;0;2;-3,261778;-45,654988;"SPRF-MA";"DEL02-MA";"UI04-DEL02-MA"
165370;2018-10-14;"domingo";"06:00:00";"MA";10;296,3;"CIDELANDIA";"Desobediência às normas de trânsito pelo condutor";"Saída de leito carroçável";"Com Vítimas Feridas";"Pleno dia";"Crescente";"Céu Claro";"Simples";"Reta";"Não";2;0;1;0;0;1;1;2;-5,144;-47,542;"SPRF-MA";"DEL04-MA";"UOP03-DEL04-MA"
165378;2018-10-14;"domingo";"08:00:00";"PI";343;525;"AMARANTE";"Falta de Atenção à Condução";"Tombamento";"Com Vítimas Feridas";"Pleno dia";"Crescente";"Céu Claro";"Simples";"Reta";"Não";2;0;0;1;0;2;1;3;-6,4053;-42,796158;"SPRF-PI";"DEL03-PI";"UOP01-DEL03-PI"
165396;2018-10-14;"domingo";"13:40:00";"CE";116;533,4;"PENAFORTE";"Avarias e/ou desgaste excessivo no pneu";"Saída de leito carroçável";"Com Vítimas Feridas";"Pleno dia";"Crescente";"Céu Claro";"Simples";"Reta";"Não";3;0;2;0;1;0;2;1;-7,735311;-39,048976;"SPRF-CE";"DEL05-CE";"UOP03-DEL05-CE"
165401;2018-10-14;"domingo";"03:00:00";"MG";381;886,2;"ESTIVA";"Velocidade Incompatível";"Saída de leito carroçável";"Com Vítimas Feridas";"Pleno dia";"Decrescente";"Nublado";"Dupla";"Reta";"Não";2;0;0;1;0;1;1;2;-22,5168;-46,0215;"SPRF-MG";"DEL16-MG";"UOP01-DEL16-MG"
165405;2018-10-14;"domingo";"15:30:00";"RS";290;20;"SANTO ANTONIO DA PATRULHA";"Não guardar distância de segurança";"Colisão traseira";"Com Vítimas Feridas";"Pleno dia";"Crescente";"Sol";"Dupla";"Reta";"Não";4;0;1;1;2;0;2;3;-29,887421;-50,454643;"SPRF-RS";"DEL03-RS";"UOP02-DEL03-RS"
165407;2018-10-14;"domingo";"13:20:00";"SP";116;545,5;"BARRA DO TURVO";"Pista Escorregadia";"Colisão com objeto estático";"Com Vítimas Feridas";"Pleno dia";"Crescente";"Chuva";"Dupla";"Declive;Curva";"Não";3;0;1;0;2;0;1;1;-24,9481802;-48,42969132;"SPRF-SP";"DEL05-SP";"UOP02-DEL05-SP"
165410;2018-06-21;"quinta-feira";"14:31:00";"RS";293;61,3;"PIRATINI";"Velocidade Incompatível";"Saída de leito carroçável";"Com Vítimas Feridas";"Pleno dia";"Decrescente";"Garoa/Chuvisco";"Simples";"Reta";"Não";2;0;1;0;0;1;1;2;-31,69991048;-52,94444896;"SPRF-RS";"DEL07-RS";"UOP01-DEL07-RS"
165417;2018-10-14;"domingo";"14:10:00";"SP";381;55,5;"MAIRIPORA";"Defeito Mecânico no Veículo";"Capotamento";"Com Vítimas Feridas";"Pleno dia";"Crescente";"Céu Claro";"Dupla";"Aclive;Reta";"Sim";1;0;1;0;0;0;1;1;-23,25697043;-46,59214684;"SPRF-SP";"DEL03-SP";"UOP01-DEL03-SP"
165420;2018-10-14;"domingo";"15:55:00";"SC";470;76,9;"INDAIAL";"Ingestão de Álcool";"Colisão traseira";"Com Vítimas Feridas";"Pleno dia";"Crescente";"Chuva";"Simples";"Reta";"Não";3;0;1;0;1;1;1;3;-26,93994109;-49,29215145;"SPRF-SC";"DEL04-SC";"UOP01-DEL04-SC"
165424;2018-10-14;"domingo";"15:55:00";"SC";101;291;"IMBITUBA";"Falta de Atenção à Condução";"Colisão lateral";"Sem Vítimas";"Pleno dia";"Crescente";"Nublado";"Múltipla";"Reta";"Não";5;0;0;0;4;1;0;4;-28,28981191;-48,70797689;"SPRF-SC";"DEL02-SC";"UOP03-DEL02-SC"
165427;2018-10-14;"domingo";"12:40:00";"MG";153;76,7;"PRATA";"Não guardar distância de segurança";"Colisão lateral";"Com Vítimas Feridas";"Pleno dia";"Crescente";"Sol";"Simples";"Reta";"Não";26;0;1;0;24;2;1;5;-19,03903645;-49,01102297;"SPRF-MG";"DEL15-MG";"UOP03-DEL15-MG"
165430;2018-10-14;"domingo";"16:50:00";"BA";101;6,7;"RIO REAL";"Falta de Atenção à Condução";"Colisão frontal";"Com Vítimas Feridas";"Pleno dia";"Crescente";"Céu Claro";"Simples";"Reta";"Sim";3;0;0;1;1;1;1;3;-11,53909772;-37,85521746;"SPRF-SE";"DEL02-SE";"UOP03-DEL02-SE"
165435;2018-10-14;"domingo";"16:00:00";"ES";262;71;"MARECHAL FLORIANO";"Desobediência às normas de trânsito pelo condutor";"Colisão frontal";"Com Vítimas Feridas";"Pleno dia";"Crescente";"Garoa/Chuvisco";"Simples";"Curva";"Não";4;0;0;1;2;1;1;3;-20,4112923;-40,88035494;"SPRF-ES";"DEL01-ES";"UOP02-DEL01-ES"
165445;2018-10-14;"domingo";"17:30:00";"CE";222;72,3;"SAO GONCALO DO AMARANTE";"Defeito Mecânico no Veículo";"Tombamento";"Sem Vítimas";"Pleno dia";"Crescente";"Céu Claro";"Simples";"Reta";"Não";1;0;0;0;1;0;0;1;-3,670917;-39,188347;"SPRF-CE";"DEL01-CE";"UOP03-DEL01-CE"
165446;2018-10-14;"domingo";"14:05:00";"PR";153;516;"GENERAL CARNEIRO";"Fenômenos da Natureza";"Tombamento";"Com Vítimas Fatais";"Pleno dia";"Crescente";"Chuva";"Simples";"Reta";"Não";2;1;0;0;1;0;0;2;-26,5471495;-51,43060684;"SPRF-PR";"DEL02-PR";"UOP03-DEL02-PR"
165452;2018-10-14;"domingo";"18:00:00";"AL";101;51,8;"FLEXEIRAS";"Ingestão de Substâncias Psicoativas";"Colisão frontal";"Com Vítimas Fatais";"Plena Noite";"Crescente";"Céu Claro";"Dupla";"Interseção de Vias";"Não";2;1;0;0;1;0;0;2;-9,24961574;-35,75800896;"SPRF-AL";"DEL01-AL";"UOP01-DEL01-AL"
165455;2018-10-14;"domingo";"18:40:00";"PR";277;4,8;"PARANAGUA";"Falta de Atenção à Condução";"Colisão lateral";"Com Vítimas Feridas";"Anoitecer";"Decrescente";"Chuva";"Dupla";"Reta";"Sim";4;0;3;0;1;0;3;3;-25,529554;-48,528526;"SPRF-PR";"DEL01-PR";"UOP05-DEL01-PR"
165457;2018-10-14;"domingo";"17:20:00";"MT";70;545;"NOSSA SENHORA DO LIVRAMENTO";"Ingestão de Álcool";"Colisão transversal";"Com Vítimas Fatais";"Anoitecer";"Crescente";"Céu Claro";"Simples";"Reta";"Não";7;2;2;1;1;1;3;3;-15,677952;-56,261429;"SPRF-MT";"DEL01-MT";"DEL2/4-UOP02/MT"
165466;2018-10-14;"domingo";"19:00:00";"ES";101;391,2;"RIO NOVO DO SUL";"Velocidade Incompatível";"Colisão lateral";"Com Vítimas Fatais";"Plena Noite";"Crescente";"Chuva";"Simples";"Curva";"Não";6;1;0;1;3;1;1;5;-20,8658697;-40,91282845;"SPRF-ES";"DEL03-ES";"UOP02-DEL03-ES"
165473;2018-10-14;"domingo";"14:00:00";"MG";153;52;"MONTE ALEGRE DE MINAS";"Avarias e/ou desgaste excessivo no pneu";"Derramamento de carga";"Sem Vítimas";"Pleno dia";"Crescente";"Céu Claro";"Dupla";"Curva";"Não";2;0;0;0;1;1;0;2;-18,833267;-49,089891;"SPRF-MG";"DEL15-MG";"UOP03-DEL15-MG"
165477;2018-10-14;"domingo";"19:30:00";"MG";262;447,1;"NOVA SERRANA";"Ingestão de Álcool";"Colisão frontal";"Com Vítimas Feridas";"Plena Noite";"Crescente";"Nublado";"Simples";"Reta";"Sim";3;0;2;0;1;0;2;2;-19,86860686;-44,98716831;"SPRF-MG";"DEL08-MG";"UOP03-DEL08-MG"
165479;2018-10-14;"domingo";"19:50:00";"SC";101;417,3;"ARARANGUA";"Falta de Atenção à Condução";"Colisão traseira";"Com Vítimas Feridas";"Plena Noite";"Crescente";"Nublado";"Dupla";"Desvio Temporário";"Sim";4;0;1;0;2;1;1;4;-28,97353039;-49,5299647;"SPRF-SC";"DEL02-SC";"UOP02-DEL02-SC"
165492;2018-10-14;"domingo";"19:15:00";"MG";365;619;"UBERLANDIA";"Falta de Atenção à Condução";"Engavetamento";"Sem Vítimas";"Plena Noite";"Crescente";"Céu Claro";"Dupla";"Reta";"Sim";5;0;0;0;4;1;0;5;-18,8902081;-48,25744629;"SPRF-MG";"DEL15-MG";"UOP01-DEL15-MG"
165496;2018-10-14;"domingo";"20:30:00";"MG";381;355;"JOAO MONLEVADE";"Velocidade Incompatível";"Saída de leito carroçável";"Com Vítimas Feridas";"Plena Noite";"Decrescente";"Chuva";"Simples";"Curva";"Não";2;0;1;0;0;1;1;2;-19,86090659;-43,22690338;"SPRF-MG";"DEL03-MG";"UOP01-DEL03-MG"
165505;2018-10-14;"domingo";"17:15:00";"MG";381;752,1;"TRES CORACOES";"Falta de Atenção à Condução";"Colisão lateral";"Com Vítimas Feridas";"Pleno dia";"Crescente";"Céu Claro";"Dupla";"Reta";"Não";3;0;1;0;2;0;1;2;-21,66181557;-45,3059864;"SPRF-MG";"DEL16-MG";"UOP02-DEL16-MG"
165512;2018-10-14;"domingo";"21:10:00";"RO";319;61,5;"PORTO VELHO";"Falta de Atenção à Condução";"Colisão lateral";"Com Vítimas Feridas";"Plena Noite";"Decrescente";"Céu Claro";"Dupla";"Interseção de Vias";"Sim";3;0;1;0;0;2;1;3;-8,74493747;-63,88878168;"SPRF-RO";"DEL01-RO";"UOP01-DEL01-RO"
165513;2018-10-14;"domingo";"18:45:00";"SC";282;378;"HERVAL DOESTE";"Velocidade Incompatível";"Colisão frontal";"Com Vítimas Feridas";"Plena Noite";"Crescente";"Chuva";"Simples";"Reta";"Não";4;0;2;0;2;0;2;2;-27,214546;-51,47958;"SPRF-SC";"DEL07-SC";"UOP05-DEL07-SC"
165515;2018-10-14;"domingo";"19:30:00";"CE";222;336;"UBAJARA";"Restrição de Visibilidade";"Colisão transversal";"Com Vítimas Feridas";"Plena Noite";"Crescente";"Nublado";"Simples";"Reta";"Não";3;0;2;0;1;0;2;2;-3,860954;-41,148617;"SPRF-CE";"DEL04-CE";"UOP02-DEL04-CE"
165528;2018-10-14;"domingo";"23:05:00";"RS";116;318,1;"BARRA DO RIBEIRO";"Desobediência às normas de trânsito pelo condutor";"Colisão lateral";"Com Vítimas Feridas";"Plena Noite";"Decrescente";"Céu Claro";"Simples";"Ponte";"Não";4;0;1;0;2;1;1;3;-30,272774;-51,409355;"SPRF-RS";"DEL02-RS";"UOP01-DEL02-RS"
165529;2018-10-14;"domingo";"12:00:00";"MS";262;752;"CORUMBA";"Defeito Mecânico no Veículo";"Incêndio";"Com Vítimas Feridas";"Pleno dia";"Crescente";"Céu Claro";"Dupla";"Reta";"Não";2;0;1;0;0;1;1;2;-19,21845134;-57,64474869;"SPRF-MS";"DEL03-MS";"UOP03-DEL03-MS"
165532;2018-10-14;"domingo";"23:00:00";"BA";116;13;"VITORIA DA CONQUISTA";"Ingestão de Álcool";"Atropelamento de Pedestre";"Com Vítimas Feridas";"Plena Noite";"Decrescente";"Nublado";"Simples";"Reta";"Sim";2;0;1;0;0;1;1;2;-14,880224;-40,870935;"SPRF-BA";"DEL08-BA";"UOP01-DEL08-BA"
165535;2018-10-14;"domingo";"22:35:00";"PI";316;6,7;"TERESINA";"Ingestão de Álcool";"Colisão lateral";"Com Vítimas Feridas";"Plena Noite";"Decrescente";"Céu Claro";"Simples";"Reta";"Sim";2;0;1;0;1;0;1;2;-5,15540197;-42,77200699;"SPRF-PI";"DEL01-PI";"UOP02-DEL01-PI"
165540;2018-10-15;"segunda-feira";"01:15:00";"GO";40;53,9;"LUZIANIA";"Falta de Atenção à Condução";"Tombamento";"Com Vítimas Feridas";"Plena Noite";"Crescente";"Céu Claro";"Dupla";"Reta;Declive";"Não";2;0;1;0;0;1;1;2;-16,476109;-47,811161;"SPRF-DF";"DEL01-DF";"UOP02-DEL01-DF"
165541;2018-10-14;"domingo";"23:20:00";"BA";101;791,2;"ITAMARAJU";"Velocidade Incompatível";"Tombamento";"Com Vítimas Feridas";"Plena Noite";"Decrescente";"Nublado";"Simples";"Curva";"Não";4;0;2;1;0;1;3;2;-16,8902;-39,5197;"SPRF-BA";"DEL09-BA";"UOP01-DEL09-BA"
165549;2018-10-15;"segunda-feira";"05:20:00";"MG";381;387,5;"SAO GONCALO DO RIO ABAIXO";"Falta de Atenção à Condução";"Colisão lateral";"Com Vítimas Fatais";"Amanhecer";"Crescente";"Nublado";"Simples";"Reta";"Não";16;6;7;1;0;2;8;4;-19,82583884;-43,38485956;"SPRF-MG";"DEL01-MG";"UOP01-DEL01-MG"
165561;2018-10-15;"segunda-feira";"05:55:00";"SC";470;49;"BLUMENAU";"Ingestão de Álcool";"Colisão lateral";"Com Vítimas Feridas";"Amanhecer";"Crescente";"Céu Claro";"Simples";"Reta";"Não";3;0;1;0;2;0;1;3;-26,86018413;-49,07256985;"SPRF-SC";"DEL04-SC";"UOP01-DEL04-SC"
165563;2018-10-15;"segunda-feira";"07:40:00";"MG";262;111,9;"RIO CASCA";"Desobediência às normas de trânsito pelo condutor";"Colisão frontal";"Com Vítimas Feridas";"Pleno dia";"Crescente";"Chuva";"Simples";"Curva";"Não";7;0;1;0;5;1;1;3;-20,26297715;-42,59740591;"SPRF-MG";"DEL03-MG";"UOP03-DEL03-MG"
165564;2018-10-15;"segunda-feira";"07:15:00";"SC";101;210;"SAO JOSE";"Objeto estático sobre o leito carroçável";"Queda de ocupante de veículo";"Com Vítimas Feridas";"Pleno dia";"Crescente";"Nublado";"Múltipla";"Reta";"Sim";4;0;2;0;1;1;2;3;-27,6235;-48,6524;"SPRF-SC";"DEL01-SC";"UOP01-DEL01-SC"
165572;2018-10-15;"segunda-feira";"08:17:00";"PR";116;143,5;"MANDIRITUBA";"Falta de Atenção à Condução";"Colisão frontal";"Com Vítimas Feridas";"Pleno dia";"Crescente";"Chuva";"Simples";"Aclive";"Não";3;0;1;0;2;0;1;2;-25,794591;-49,328372;"SPRF-PR";"DEL01-PR";"UOP03-DEL01-PR"
165577;2018-10-15;"segunda-feira";"07:00:00";"RN";304;48,9;"MOSSORO";"Falta de Atenção à Condução";"Colisão transversal";"Sem Vítimas";"Pleno dia";"Crescente";"Sol";"Simples";"Interseção de Vias";"Sim";3;0;0;0;2;1;0;3;-5,23552696;-37,31806755;"SPRF-RN";"DEL04-RN";"UOP01-DEL04-RN"
165585;2018-10-15;"segunda-feira";"09:00:00";"MG";40;503;"ESMERALDAS";"Falta de Atenção à Condução";"Queda de ocupante de veículo";"Com Vítimas Feridas";"Pleno dia";"Decrescente";"Chuva";"Dupla";"Reta";"Não";3;0;1;0;1;1;1;3;-19,7353;-44,1505;"SPRF-MG";"DEL02-MG";"UOP01-DEL02-MG"
165593;2018-10-15;"segunda-feira";"09:15:00";"PA";308;64;"CASTANHAL";"Falta de Atenção à Condução";"Colisão lateral";"Com Vítimas Feridas";"Pleno dia";"Decrescente";"Céu Claro";"Dupla";"Reta;Interseção de Vias";"Sim";2;0;1;0;1;0;1;2;-1,29615813;-47,91889787;"SPRF-PA";"DEL01-PA";"UOP01-DEL01-PA"
165601;2018-10-15;"segunda-feira";"08:20:00";"CE";20;413,2;"MARACANAU";"Desobediência às normas de trânsito pelo condutor";"Colisão lateral";"Com Vítimas Feridas";"Pleno dia";"Decrescente";"Nublado";"Dupla";"Reta;Em Obras";"Sim";2;0;1;0;0;1;1;2;-3,81727151;-38,63287836;"SPRF-CE";"DEL01-CE";"UOP01-DEL01-CE"
165603;2018-10-15;"segunda-feira";"10:00:00";"MG";40;572;"ITABIRITO";"Mal Súbito";"Tombamento";"Com Vítimas Feridas";"Pleno dia";"Decrescente";"Céu Claro";"Simples";"Reta";"Não";3;0;1;0;1;1;1;3;-20,2376;-43,9669;"SPRF-MG";"DEL01-MG";"UOP02-DEL01-MG"
165607;2018-10-15;"segunda-feira";"10:00:00";"PA";316;1;"ANANINDEUA";"Ingestão de Álcool";"Colisão traseira";"Sem Vítimas";"Pleno dia";"Decrescente";"Céu Claro";"Dupla";"Reta";"Sim";2;0;0;0;2;0;0;2;-1,40206331;-48,42779741;"SPRF-PA";"DEL01-PA";"DEL19/1-UOP05/PA"
165608;2018-10-15;"segunda-feira";"10:05:00";"RS";290;181,7;"MINAS DO LEAO";"Falta de Atenção à Condução";"Colisão traseira";"Com Vítimas Feridas";"Pleno dia";"Decrescente";"Céu Claro";"Simples";"Aclive";"Sim";3;0;0;1;2;0;1;2;-30,14189223;-52,03284335;"SPRF-RS";"DEL02-RS";"UOP02-DEL02-RS"
165610;2018-10-15;"segunda-feira";"06:00:00";"RS";386;234;"SOLEDADE";"Falta de Atenção à Condução";"Saída de leito carroçável";"Com Vítimas Feridas";"Amanhecer";"Crescente";"Céu Claro";"Simples";"Reta";"Não";2;0;2;0;0;0;2;1;-28,722898;-52,560581;"SPRF-RS";"DEL04-RS";"NPF/DEL04-RS"
165620;2018-10-15;"segunda-feira";"09:15:00";"RS";386;294;"POUSO NOVO";"Falta de Atenção à Condução";"Saída de leito carroçável";"Com Vítimas Feridas";"Pleno dia";"Decrescente";"Céu Claro";"Simples";"Curva";"Não";2;0;1;0;0;1;1;2;-29,16261745;-52,22262561;"SPRF-RS";"DEL04-RS";"UOP01-DEL04-RS"
165623;2018-10-15;"segunda-feira";"11:30:00";"AL";101;129,4;"SAO MIGUEL DOS CAMPOS";"Desobediência às normas de trânsito pelo condutor";"Colisão transversal";"Sem Vítimas";"Pleno dia";"Decrescente";"Céu Claro";"Simples";"Interseção de Vias";"Não";4;0;0;0;3;2;0;5;-9,749633;-36,065311;"SPRF-AL";"DEL02-AL";"UOP01-DEL02-AL"
165626;2018-10-15;"segunda-feira";"10:40:00";"PB";230;278,4;"SANTA LUZIA";"Defeito Mecânico no Veículo";"Saída de leito carroçável";"Sem Vítimas";"Pleno dia";"Crescente";"Céu Claro";"Simples";"Curva";"Não";2;0;0;0;1;1;0;2;-6,95122;-36,84506;"SPRF-PB";"DEL03-PB";"UOP01-DEL03-PB"
165627;2018-10-15;"segunda-feira";"11:00:00";"SC";116;58;"PAPANDUVA";"Falta de Atenção à Condução";"Colisão transversal";"Com Vítimas Feridas";"Pleno dia";"Decrescente";"Garoa/Chuvisco";"Simples";"Reta";"Não";3;0;2;0;1;0;2;2;-26,379332;-50,207748;"SPRF-SC";"DEL06-SC";"UOP02-DEL06-SC"
165629;2018-10-15;"segunda-feira";"11:50:00";"SC";282;89,4;"ALFREDO WAGNER";"Falta de Atenção à Condução";"Colisão traseira";"Com Vítimas Feridas";"Pleno dia";"Crescente";"Céu Claro";"Simples";"Reta";"Não";5;0;1;0;4;0;1;4;-27,67940946;-49,21861589;"SPRF-SC";"DEL01-SC";"UOP03-DEL01-SC"
165650;2018-10-15;"segunda-feira";"15:20:00";"MG";40;462;"SETE LAGOAS";"Condutor Dormindo";"Saída de leito carroçável";"Sem Vítimas";"Pleno dia";"Crescente";"Chuva";"Dupla";"Reta;Declive";"Não";2;0;0;0;1;1;0;2;-19,4295;-44,3368;"SPRF-MG";"DEL02-MG";"UOP01-DEL02-MG"
165651;2018-08-10;"sexta-feira";"05:30:00";"PR";476;203,5;"LAPA";"Ingestão de Álcool";"Colisão frontal";"Com Vítimas Feridas";"Amanhecer";"Crescente";"Nublado";"Simples";"Reta";"Não";5;0;1;0;4;0;1;2;-25,777454;-49,784622;"SPRF-PR";"DEL02-PR";"UOP04-DEL02-PR"
165658;2018-10-15;"segunda-feira";"11:30:00";"MG";116;579,4;"MANHUACU";"Carga excessiva e/ou mal acondicionada";"Derramamento de carga";"Sem Vítimas";"Pleno dia";"Decrescente";"Sol";"Simples";"Curva";"Não";2;0;0;0;1;1;0;2;-20,1724;-42,1881;"SPRF-MG";"DEL06-MG";"UOP03-DEL06-MG"
165662;2018-10-15;"segunda-feira";"15:30:00";"BA";116;339,6;"TEOFILANDIA";"Desobediência às normas de trânsito pelo condutor";"Colisão traseira";"Com Vítimas Feridas";"Pleno dia";"Crescente";"Sol";"Simples";"Reta";"Não";3;0;1;0;2;0;1;2;-11,498627;-38,996429;"SPRF-BA";"DEL02-BA";"DEL10/2-UOP02/BA"
165670;2018-10-15;"segunda-feira";"16:00:00";"MG";40;643,1;"CONSELHEIRO LAFAIETE";"Pista Escorregadia";"Colisão com objeto estático";"Com Vítimas Feridas";"Pleno dia";"Decrescente";"Chuva";"Simples";"Curva;Declive";"Não";5;0;1;0;3;1;1;3;-20,77096126;-43,80603075;"SPRF-MG";"DEL05-MG";"UOP02-DEL05-MG"
165671;2018-10-15;"segunda-feira";"15:20:00";"SP";153;119,8;"UBARANA";"Falta de Atenção à Condução";"Colisão traseira";"Com Vítimas Feridas";"Pleno dia";"Decrescente";"Céu Claro";"Simples";"Em Obras;Reta";"Sim";6;0;2;0;4;0;2;3;-21,162096;-49,71114;"SPRF-SP";"DEL09-SP";"UOP01-DEL09-SP"
165674;2018-10-15;"segunda-feira";"15:00:00";"SP";116;211;"GUARULHOS";"Falta de Atenção à Condução";"Colisão lateral";"Com Vítimas Feridas";"Pleno dia";"Crescente";"Nublado";"Múltipla";"Reta";"Sim";4;0;1;0;2;1;1;4;-23,43010507;-46,41453266;"SPRF-SP";"DEL01-SP";"UOP01-DEL01-SP"
165680;2018-09-30;"domingo";"12:00:00";"RJ";493;4;"ITABORAI";"Falta de Atenção à Condução";"Tombamento";"Sem Vítimas";"Pleno dia";"Crescente";"Céu Claro";"Dupla";"Reta";"Não";2;0;0;0;1;1;0;2;-22,74963;-42,9465792;"SPRF-RJ";"DEL04-RJ";"UOP02-DEL04-RJ"