"id";"data_inversa";"dia_semana";"horario";"uf";"br";"km";"municipio";"causa_acidente";"tipo_acidente";"classificacao_acidente";"fase_dia";"sentido_via";"condicao_metereologica";"tipo_pista";"tracado_via";"uso_solo";"pessoas";"mortos";"feridos_leves";"feridos_graves";"ilesos";"ignorados";"feridos";"veiculos";"latitude";"longitude";"regional";"delegacia";"uop"
165684;2018-10-15;"segunda-feira";"17:25:00";"PR";376;503,1;"PONTA GROSSA";"Velocidade Incompatível";"Tombamento";"Com Vítimas Feridas";"Pleno dia";"Crescente";"Nublado";"Dupla";"Curva";"Não";1;0;1;0;0;0;1;1;-25,1776022;-50,10040283;"SPRF-PR";"DEL03-PR";"UOP04-DEL03-PR"
165685;2018-10-15;"segunda-feira";"18:00:00";"ES";0;0;"ITAPEMIRIM";"Velocidade Incompatível";"Colisão lateral";"Com Vítimas Feridas";"Plena Noite";"Não Informado";"Nublado";"Simples";"Reta";"Não";2;0;0;1;1;0;1;2;-20,92793294;-41,07942581;"SPRF-ES";"DEL03-ES";"UOP02-DEL03-ES"
165688;2018-10-15;"segunda-feira";"16:00:00";"GO";40;77,2;"CRISTALINA";"Não guardar distância de segurança";"Colisão traseira";"Com Vítimas Feridas";"Pleno dia";"Decrescente";"Céu Claro";"Simples";"Reta";"Não";2;0;1;0;1;0;1;2;-16,652003;-47,734946;"SPRF-DF";"DEL01-DF";"UOP02-DEL01-DF"
165689;2018-10-15;"segunda-feira";"17:45:00";"PR";163;277;"QUATRO PONTES";"Velocidade Incompatível";"Colisão lateral";"Com Vítimas Feridas";"Anoitecer";"Crescente";"Céu Claro";"Múltipla";"Reta";"Não";9;0;1;0;7;1;1;3;-24,6006;-53,9802;"SPRF-PR";"DEL06-PR";"UOP02-DEL06-PR"
165691;2018-10-15;"segunda-feira";"15:02:00";"GO";364;68,7;"CACHOEIRA ALTA";"Falta de Atenção à Condução";"Colisão lateral";"Com Vítimas Feridas";"Pleno dia";"Crescente";"Céu Claro";"Simples";"Reta";"Não";5;0;1;0;3;3;1;6;-18,670822;-50,988216;"SPRF-GO";"DEL05-GO";"UOP02-DEL05-GO"
165694;2018-10-15;"segunda-feira";"18:00:00";"SC";470;78,4;"RODEIO";"Desobediência às normas de trânsito pelo condutor";"Colisão frontal";"Com Vítimas Feridas";"Anoitecer";"Crescente";"Nublado";"Simples";"Reta";"Não";7;0;3;2;1;2;5;5;-26,948805;-49,316097;"SPRF-SC";"DEL04-SC";"UOP01-DEL04-SC"
165706;2018-10-15;"segunda-feira";"18:00:00";"MG";365;174,9;"BURITIZEIRO";"Falta de Atenção à Condução";"Colisão traseira";"Com Vítimas Feridas";"Anoitecer";"Decrescente";"Nublado";"Simples";"Curva";"Não";3;0;0;1;1;1;1;3;-17,412964;-45,042637;"SPRF-MG";"DEL12-MG";"UOP01-DEL12-MG"
165709;2018-10-15;"segunda-feira";"13:50:00";"CE";222;311,7;"TIANGUA";"Falta de Atenção do Pedestre";"Atropelamento de Pedestre";"Com Vítimas Feridas";"Pleno dia";"Crescente";"Sol";"Simples";"Reta";"Sim";2;0;0;1;0;1;1;2;-3,720479;-40,995443;"SPRF-CE";"DEL04-CE";"UOP02-DEL04-CE"
165712;2018-10-15;"segunda-feira";"19:10:00";"CE";116;428,2;"IPAUMIRIM";"Defeito Mecânico no Veículo";"Saída de leito carroçável";"Com Vítimas Feridas";"Plena Noite";"Decrescente";"Céu Claro";"Simples";"Rotatória";"Não";1;0;1;0;0;0;1;1;-6,84202449;-38,73726189;"SPRF-CE";"DEL05-CE";"UOP03-DEL05-CE"
165724;2018-10-15;"segunda-feira";"16:50:00";"MT";364;485;"JANGADA";"Defeito Mecânico no Veículo";"Incêndio";"Sem Vítimas";"Pleno dia";"Decrescente";"Céu Claro";"Simples";"Curva";"Não";1;0;0;0;1;0;0;1;-15,36638;-56,408493;"SPRF-MT";"DEL01-MT";"DEL2/4-UOP02/MT"
165730;2018-10-15;"segunda-feira";"21:35:00";"CE";116;390,9;"ICO";"Condutor Dormindo";"Colisão traseira";"Com Vítimas Feridas";"Plena Noite";"Crescente";"Céu Claro";"Simples";"Aclive;Reta";"Não";3;0;1;1;1;0;2;2;-6,53331498;-38,86140696;"SPRF-CE";"DEL05-CE";"UOP01-DEL05-CE"
165733;2018-10-15;"segunda-feira";"17:00:00";"RO";364;68;"VILHENA";"Defeito na Via";"Saída de leito carroçável";"Com Vítimas Feridas";"Plena Noite";"Crescente";"Céu Claro";"Simples";"Reta";"Não";2;0;1;0;0;1;1;2;-12,833074;-60,074471;"SPRF-RO";"DEL04-RO";"DEL21/4-UOP03/RO"
165736;2018-10-15;"segunda-feira";"21:15:00";"PR";277;583,8;"CASCAVEL";"Não guardar distância de segurança";"Colisão lateral";"Sem Vítimas";"Plena Noite";"Decrescente";"Nublado";"Simples";"Reta";"Sim";2;0;0;0;2;0;0;2;-24,96446722;-53,40988398;"SPRF-PR";"DEL04-PR";"UOP01-DEL04-PR"
165742;2018-10-15;"segunda-feira";"22:20:00";"PR";369;154,7;"LONDRINA";"Falta de Atenção à Condução";"Colisão lateral";"Sem Vítimas";"Plena Noite";"Decrescente";"Vento";"Dupla";"Reta";"Não";3;0;0;0;1;2;0;3;-23,29648147;-51,20633662;"SPRF-PR";"DEL07-PR";"UOP01-DEL07-PR"
165750;2018-10-15;"segunda-feira";"23:00:00";"SP";153;208,3;"GUAIMBE";"Velocidade Incompatível";"Colisão traseira";"Com Vítimas Feridas";"Plena Noite";"Crescente";"Céu Claro";"Simples";"Reta";"Não";4;0;1;2;1;0;3;2;-21,891123;-49,910141;"SPRF-SP";"DEL07-SP";"UOP02-DEL07-SP"
165756;2018-10-16;"terça-feira";"02:50:00";"PR";376;651;"TIJUCAS DO SUL";"Ingestão de Álcool";"Colisão transversal";"Sem Vítimas";"Plena Noite";"Decrescente";"Chuva";"Dupla";"Curva";"Não";2;0;0;0;2;0;0;2;-25,8529755;-48,9767392;"SPRF-PR";"DEL01-PR";"DEL7/1-UOP08/PR"
165758;2018-10-16;"terça-feira";"03:05:00";"RS";392;12;"RIO GRANDE";"Falta de Atenção à Condução";"Colisão traseira";"Com Vítimas Feridas";"Plena Noite";"Crescente";"Céu Claro";"Dupla";"Curva";"Não";4;0;1;0;2;1;1;3;-32,126026;-52,138805;"SPRF-RS";"DEL07-RS";"UOP02-DEL07-RS"
165759;2018-10-16;"terça-feira";"04:50:00";"SP";116;228,8;"SAO PAULO";"Desobediência às normas de trânsito pelo condutor";"Colisão lateral";"Com Vítimas Feridas";"Amanhecer";"Crescente";"Nublado";"Múltipla";"Reta";"Sim";4;0;2;0;1;1;2;2;-23,5071725;-46,57083035;"SPRF-SP";"DEL01-SP";"UOP01-DEL01-SP"
165764;2018-10-16;"terça-feira";"05:50:00";"BA";116;442;"FEIRA DE SANTANA";"Condutor Dormindo";"Capotamento";"Com Vítimas Feridas";"Pleno dia";"Crescente";"Céu Claro";"Dupla";"Curva";"Não";1;0;1;0;0;0;1;1;-12,352;-39,093;"SPRF-BA";"DEL02-BA";"UOP01-DEL02-BA"
165766;2018-10-16;"terça-feira";"05:50:00";"SP";116;23,3;"LAVRINHAS";"Condutor Dormindo";"Saída de leito carroçável";"Com Vítimas Feridas";"Amanhecer";"Decrescente";"Nublado";"Dupla";"Declive";"Não";2;0;1;1;0;0;2;1;-22,59297729;-44,88624448;"SPRF-SP";"DEL08-SP";"UOP02-DEL08-SP"
165770;2018-10-16;"terça-feira";"06:20:00";"BA";324;597,2;"CANDEIAS";"Condutor Dormindo";"Colisão lateral";"Com Vítimas Feridas";"Pleno dia";"Crescente";"Céu Claro";"Dupla";"Curva;Declive";"Não";2;0;0;1;0;1;1;2;-12,7387592;-38,4394131;"SPRF-BA";"DEL01-BA";"UOP01-DEL01-BA"
165774;2018-10-15;"segunda-feira";"20:20:00";"MG";40;139,1;"JOAO PINHEIRO";"Pista Escorregadia";"Saída de leito carroçável";"Com Vítimas Feridas";"Plena Noite";"Decrescente";"Chuva";"Simples";"Declive;Curva";"Não";2;0;2;0;0;0;2;1;-17,735718;-46,210979;"SPRF-MG";"DEL14-MG";"UOP01-DEL14-MG"
165776;2018-10-16;"terça-feira";"07:15:00";"MG";50;76;"UBERLANDIA";"Falta de Atenção à Condução";"Colisão lateral";"Com Vítimas Feridas";"Pleno dia";"Decrescente";"Céu Claro";"Dupla";"Reta";"Não";3;0;1;0;1;3;1;5;-18,9005864;-48,3629314;"SPRF-MG";"DEL15-MG";"UOP01-DEL15-MG"
165790;2018-10-16;"terça-feira";"07:10:00";"MA";135;15;"SAO LUIS";"Não guardar distância de segurança";"Colisão traseira";"Sem Vítimas";"Pleno dia";"Crescente";"Garoa/Chuvisco";"Dupla";"Reta";"Sim";3;0;0;0;3;0;0;3;-2,6944;-44,30458;"SPRF-MA";"DEL01-MA";"UOP01-DEL01-MA"
165801;2018-10-16;"terça-feira";"08:35:00";"MG";251;328,8;"SALINAS";"Velocidade Incompatível";"Tombamento";"Com Vítimas Feridas";"Pleno dia";"Crescente";"Sol";"Simples";"Curva";"Não";1;0;1;0;0;0;1;1;-16,2362;-42,3809;"SPRF-MG";"DEL12-MG";"UOP01-DEL12-MG"
165805;2018-10-16;"terça-feira";"09:15:00";"MS";163;681,4;"RIO VERDE DE MATO GROSSO";"Falta de Atenção à Condução";"Colisão transversal";"Com Vítimas Feridas";"Pleno dia";"Decrescente";"Céu Claro";"Simples";"Reta";"Sim";4;0;2;0;1;2;2;4;-18,90767197;-54,84062791;"SPRF-MS";"DEL06-MS";"UOP02-DEL06-MS"
165809;2018-10-16;"terça-feira";"10:20:00";"PR";277;729;"FOZ DO IGUACU";"Defeito Mecânico no Veículo";"Tombamento";"Sem Vítimas";"Pleno dia";"Crescente";"Céu Claro";"Dupla";"Aclive";"Sim";2;0;0;0;1;2;0;3;-25,50504077;-54,58420873;"SPRF-PR";"DEL05-PR";"UOP03-DEL05-PR"
165820;2018-10-16;"terça-feira";"12:00:00";"ES";101;447,7;"MIMOSO DO SUL";"Velocidade Incompatível";"Colisão lateral";"Com Vítimas Fatais";"Pleno dia";"Crescente";"Chuva";"Simples";"Curva";"Não";4;1;0;1;1;2;1;5;-21,12900532;-41,28035545;"SPRF-ES";"DEL03-ES";"UOP02-DEL03-ES"
165822;2018-10-16;"terça-feira";"11:45:00";"MG";40;597;"OURO PRETO";"Defeito Mecânico no Veículo";"Colisão com objeto em movimento";"Com Vítimas Feridas";"Pleno dia";"Crescente";"Nublado";"Simples";"Curva;Declive";"Não";6;0;1;0;3;2;1;3;-20,4208;-43,8811;"SPRF-MG";"DEL05-MG";"UOP02-DEL05-MG"
165828;2018-10-16;"terça-feira";"12:25:00";"GO";153;490,7;"GOIANIA";"Falta de Atenção à Condução";"Colisão transversal";"Com Vítimas Feridas";"Pleno dia";"Decrescente";"Sol";"Simples";"Reta";"Sim";4;0;0;1;3;0;1;2;-16,6298;-49,2056;"SPRF-GO";"DEL01-GO";"UOP01-DEL01-GO"
165830;2018-10-16;"terça-feira";"12:30:00";"GO";153;510,4;"APARECIDA DE GOIANIA";"Defeito Mecânico no Veículo";"Colisão traseira";"Com Vítimas Feridas";"Pleno dia";"Crescente";"Sol";"Dupla";"Reta";"Sim";4;0;0;2;1;1;2;3;-16,79300378;-49,2382524;"SPRF-GO";"DEL01-GO";"UOP03-DEL01-GO"
165839;2018-10-16;"terça-feira";"14:00:00";"PE";232;99,8;"BEZERROS";"Falta de Atenção à Condução";"Colisão com objeto estático";"Sem Vítimas";"Pleno dia";"Crescente";"Céu Claro";"Dupla";"Reta";"Sim";2;0;0;0;1;1;0;2;-8,236728;-35,734016;"SPRF-PE";"DEL01-PE";"UOP02-DEL02PE"
165844;2018-10-10;"quarta-feira";"17:00:00";"PI";343;19,8;"PARNAIBA";"Falta de Atenção do Pedestre";"Atropelamento de Pedestre";"Com Vítimas Feridas";"Pleno dia";"Crescente";"Céu Claro";"Simples";"Reta";"Sim";2;0;1;0;1;0;1;2;-2,972207;-41,760967;"SPRF-PI";"DEL05-PI";"UOP01-DEL05-PI"
165846;2018-10-16;"terça-feira";"13:50:00";"GO";452;190;"ITUMBIARA";"Falta de Atenção à Condução";"Saída de leito carroçável";"Sem Vítimas";"Pleno dia";"Crescente";"Céu Claro";"Simples";"Reta;Declive";"Não";2;0;0;0;1;3;0;4;-18,35085497;-49,38912587;"SPRF-GO";"DEL03-GO";"UOP02-DEL03-GO"
165847;2018-10-16;"terça-feira";"13:55:00";"PR";376;590,8;"CURITIBA";"Falta de Atenção à Condução";"Tombamento";"Com Vítimas Feridas";"Pleno dia";"Decrescente";"Chuva";"Dupla";"Reta";"Não";2;0;1;0;0;1;1;2;-25,46272706;-49,35773134;"SPRF-PR";"DEL01-PR";"UOP06-DEL01-PR"
165849;2018-10-16;"terça-feira";"13:45:00";"GO";50;299;"CATALAO";"Defeito Mecânico no Veículo";"Incêndio";"Sem Vítimas";"Pleno dia";"Decrescente";"Sol";"Simples";"Reta";"Não";1;0;0;0;1;0;0;1;-18,3208;-48,0232;"SPRF-GO";"DEL06-GO";"UOP01-DEL06-GO"
165856;2018-10-16;"terça-feira";"14:50:00";"ES";262;35,3;"DOMINGOS MARTINS";"Pista Escorregadia";"Colisão com objeto estático";"Com Vítimas Feridas";"Pleno dia";"Decrescente";"Garoa/Chuvisco";"Simples";"Curva";"Não";2;0;1;0;0;1;1;2;-20,37689462;-40,59420163;"SPRF-ES";"DEL01-ES";"UOP01-DEL01-ES"
165857;2018-02-08;"quinta-feira";"05:40:00";"PR";163;138,5;"CAPITAO LEONIDAS MARQUES";"Ultrapassagem Indevida";"Colisão lateral";"Sem Vítimas";"Amanhecer";"Decrescente";"Céu Claro";"Simples";"Declive;Em Obras";"Não";4;0;0;0;2;2;0;3;-25,5161;-53,5918;"SPRF-PR";"DEL04-PR";"UOP05-DEL05-PR"
165859;2018-10-16;"terça-feira";"13:45:00";"SP";381;39;"ATIBAIA";"Não guardar distância de segurança";"Colisão traseira";"Com Vítimas Feridas";"Pleno dia";"Decrescente";"Céu Claro";"Dupla";"Reta";"Não";3;0;0;1;1;1;1;3;-23,121569;-46,574715;"SPRF-SP";"DEL03-SP";"UOP01-DEL03-SP"
165865;2018-10-16;"terça-feira";"13:15:00";"SC";282;106,5;"ALFREDO WAGNER";"Falta de Atenção à Condução";"Colisão frontal";"Com Vítimas Feridas";"Pleno dia";"Decrescente";"Nublado";"Simples";"Curva";"Não";2;0;0;1;1;0;1;2;-27,697609;-49,344734;"SPRF-SC";"DEL01-SC";"UOP03-DEL01-SC"
165868;2018-10-16;"terça-feira";"16:05:00";"RN";304;47;"MOSSORO";"Falta de Atenção à Condução";"Colisão traseira";"Sem Vítimas";"Pleno dia";"Crescente";"Céu Claro";"Simples";"Interseção de Vias";"Sim";3;0;0;0;2;1;0;3;-5,226514;-37,325356;"SPRF-RN";"DEL04-RN";"UOP01-DEL04-RN"
165869;2018-10-16;"terça-feira";"16:10:00";"RS";158;313,6;"ITAARA";"Falta de Atenção à Condução";"Colisão lateral";"Com Vítimas Feridas";"Pleno dia";"Decrescente";"Céu Claro";"Dupla";"Curva";"Sim";4;0;0;2;1;1;2;3;-29,638083;-53,766518;"SPRF-RS";"DEL09-RS";"UOP01-DEL09-RS"
165872;2018-10-16;"terça-feira";"11:42:00";"PR";369;0;"JACAREZINHO";"Carga excessiva e/ou mal acondicionada";"Tombamento";"Com Vítimas Feridas";"Pleno dia";"Decrescente";"Céu Claro";"Simples";"Curva";"Não";2;0;1;0;0;1;1;2;-23,00446106;-49,91109252;"SPRF-PR";"DEL07-PR";"UOP04-DEL07-PR"
165874;2018-10-16;"terça-feira";"15:30:00";"PA";222;119;"RONDON DO PARA";"Animais na Pista";"Atropelamento de Animal";"Sem Vítimas";"Pleno dia";"Crescente";"Céu Claro";"Simples";"Reta";"Não";1;0;0;0;1;0;0;1;-4,824865;-48,168554;"SPRF-PA";"DEL02-PA";"UOP02-DEL02-PA"
165876;2018-10-16;"terça-feira";"13:30:00";"MG";146;599;"POCOS DE CALDAS";"Velocidade Incompatível";"Colisão frontal";"Com Vítimas Fatais";"Pleno dia";"Crescente";"Céu Claro";"Simples";"Reta";"Não";6;1;4;0;0;1;4;3;-21,76656595;-46,41944789;"SPRF-MG";"DEL09-MG";"UOP01-DEL09-MG"
165882;2018-10-16;"terça-feira";"12:25:00";"PR";163;23;"BARRACAO";"Falta de Atenção à Condução";"Colisão traseira";"Com Vítimas Feridas";"Pleno dia";"Decrescente";"Céu Claro";"Simples";"Reta";"Não";7;0;3;0;3;1;3;4;-26,21551505;-53,6374855;"SPRF-PR";"DEL02-PR";"UOP02-DEL02-PR"
165885;2018-10-16;"terça-feira";"17:00:00";"GO";153;702;"ITUMBIARA";"Falta de Atenção à Condução";"Colisão traseira";"Com Vítimas Feridas";"Pleno dia";"Crescente";"Céu Claro";"Dupla";"Reta;Declive;Em Obras";"Sim";3;0;1;0;1;2;1;4;-18,4103;-49,1965;"SPRF-GO";"DEL03-GO";"UOP02-DEL03-GO"
165901;2018-10-16;"terça-feira";"14:00:00";"GO";158;200,5;"CAIAPONIA";"Defeito Mecânico no Veículo";"Danos eventuais";"Sem Vítimas";"Pleno dia";"Decrescente";"Nublado";"Simples";"Curva";"Não";3;0;0;0;2;2;0;4;-17,31075696;-51,88269854;"SPRF-GO";"DEL05-GO";"UOP01-DEL05-GO"
165904;2018-10-16;"terça-feira";"19:30:00";"ES";101;229,9;"FUNDAO";"Falta de Atenção do Pedestre";"Atropelamento de Pedestre";"Com Vítimas Feridas";"Plena Noite";"Crescente";"Chuva";"Simples";"Reta";"Sim";2;0;0;1;1;0;1;2;-19,93478472;-40,40541887;"SPRF-ES";"DEL02-ES";"UOP01-DEL02-ES"
165905;2018-10-16;"terça-feira";"20:10:00";"MG";40;728,1;"OLIVEIRA FORTES";"Velocidade Incompatível";"Colisão traseira";"Com Vítimas Fatais";"Plena Noite";"Crescente";"Chuva";"Dupla";"Declive;Curva";"Não";3;1;0;0;1;1;0;3;-21,341761;-43,589088;"SPRF-MG";"DEL05-MG";"UOP01-DEL05-MG"
165907;2018-10-16;"terça-feira";"11:35:00";"SC";470;213,6;"SAO CRISTOVAO DO SUL";"Velocidade Incompatível";"Colisão frontal";"Com Vítimas Fatais";"Pleno dia";"Crescente";"Nublado";"Simples";"Curva";"Não";3;1;1;0;0;2;1;4;-27,30497735;-50,25249481;"SPRF-SC";"DEL05-SC";"UOP03-DEL05-SC"
165915;2018-10-16;"terça-feira";"20:30:00";"SC";101;68,5;"ARAQUARI";"Pista Escorregadia";"Colisão traseira";"Com Vítimas Feridas";"Plena Noite";"Crescente";"Chuva";"Dupla";"Reta";"Não";5;0;1;0;4;0;1;2;-26,50099947;-48,7293264;"SPRF-SC";"DEL03-SC";"UOP02-DEL03-SC"
165916;2018-10-16;"terça-feira";"20:45:00";"SC";282;26,7;"SANTO AMARO DA IMPERATRIZ";"Falta de Atenção à Condução";"Colisão transversal";"Com Vítimas Feridas";"Plena Noite";"Decrescente";"Chuva";"Simples";"Reta";"Sim";3;0;1;0;1;1;1;3;-27,680267;-48,762482;"SPRF-SC";"DEL01-SC";"UOP03-DEL01-SC"
165926;2018-10-16;"terça-feira";"23:10:00";"RJ";40;89;"PETROPOLIS";"Defeito Mecânico no Veículo";"Tombamento";"Com Vítimas Feridas";"Plena Noite";"Crescente";"Nevoeiro/Neblina";"Simples";"Declive";"Não";1;0;1;0;0;0;1;1;-22,5560617;-43,2394942;"SPRF-RJ";"DEL06-RJ";"UOP01-DEL06-RJ"
165927;2018-10-16;"terça-feira";"21:20:00";"RS";470;53,6;"LAGOA VERMELHA";"Condutor Dormindo";"Saída de leito carroçável";"Com Vítimas Feridas";"Plena Noite";"Crescente";"Nublado";"Simples";"Curva";"Não";3;0;0;1;1;1;1;3;-28,203295;-51,525402;"SPRF-RS";"DEL08-RS";"UOP05-DEL08-RS"
165929;2018-10-16;"terça-feira";"22:20:00";"RN";101;137,6;"ARES";"Defeito Mecânico no Veículo";"Saída de leito carroçável";"Com Vítimas Feridas";"Plena Noite";"Crescente";"Céu Claro";"Dupla";"Reta";"Não";1;0;1;0;0;0;1;1;-6,180259;-35,216988;"SPRF-RN";"DEL01-RN";"UOP01-DEL01-RN"
165934;2018-10-16;"terça-feira";"17:45:00";"PR";376;596;"CURITIBA";"Não guardar distância de segurança";"Saída de leito carroçável";"Sem Vítimas";"Pleno dia";"Crescente";"Chuva";"Dupla";"Reta";"Sim";2;0;0;0;1;1;0;2;-25,50514729;-49,34110165;"SPRF-PR";"DEL01-PR";"UOP06-DEL01-PR"
165936;2018-10-16;"terça-feira";"23:30:00";"GO";80;20,7;"PADRE BERNARDO";"Velocidade Incompatível";"Tombamento";"Com Vítimas Feridas";"Plena Noite";"Decrescente";"Céu Claro";"Simples";"Aclive";"Não";1;0;1;0;0;0;1;1;-15,37192411;-48,21851134;"SPRF-DF";"DEL01-DF";"UOP02-DEL03-DF"
165938;2018-10-17;"quarta-feira";"02:45:00";"MG";365;642,7;"UBERLANDIA";"Condutor Dormindo";"Saída de leito carroçável";"Com Vítimas Feridas";"Plena Noite";"Decrescente";"Chuva";"Dupla";"Reta";"Não";3;0;2;0;0;2;2;3;-18,88595546;-48,4624958;"SPRF-MG";"DEL15-MG";"UOP01-DEL15-MG"
165939;2018-10-17;"quarta-feira";"03:40:00";"RJ";101;246,8;"SILVA JARDIM";"Falta de Atenção à Condução";"Tombamento";"Com Vítimas Feridas";"Plena Noite";"Crescente";"Céu Claro";"Simples";"Reta";"Não";1;0;1;0;0;0;1;1;-22,651337;-42,488918;"SPRF-RJ";"DEL02-RJ";"UOP03-DEL02-RJ"
165941;2018-10-17;"quarta-feira";"04:30:00";"SP";116;177,8;"GUARAREMA";"Falta de Atenção à Condução";"Colisão traseira";"Com Vítimas Feridas";"Plena Noite";"Decrescente";"Nublado";"Dupla";"Reta";"Não";2;0;2;0;0;0;2;2;-23,32648905;-46,12580717;"SPRF-SP";"DEL02-SP";"UOP01-DEL02-SP"
165945;2018-10-17;"quarta-feira";"06:30:00";"MG";267;139,6;"JUIZ DE FORA";"Velocidade Incompatível";"Saída de leito carroçável";"Com Vítimas Fatais";"Pleno dia";"Decrescente";"Céu Claro";"Simples";"Curva";"Não";3;1;1;0;0;1;1;2;-21,77193475;-43,61297607;"SPRF-MG";"DEL05-MG";"UOP01-DEL05-MG"
165946;2018-10-17;"quarta-feira";"06:10:00";"RS";386;414,1;"MONTENEGRO";"Velocidade Incompatível";"Derramamento de carga";"Sem Vítimas";"Amanhecer";"Crescente";"Céu Claro";"Simples";"Curva";"Não";2;0;0;0;1;1;0;2;-29,81663069;-51,48218371;"SPRF-RS";"DEL04-RS";"UOP02-DEL04-RS"
165957;2018-10-17;"quarta-feira";"00:40:00";"MG";262;141;"RIO CASCA";"Condutor Dormindo";"Colisão traseira";"Com Vítimas Feridas";"Plena Noite";"Crescente";"Nublado";"Simples";"Reta;Aclive";"Não";3;0;2;0;1;0;2;2;-20,066246;-42,718307;"SPRF-MG";"DEL03-MG";"UOP03-DEL03-MG"
165959;2018-09-11;"terça-feira";"23:30:00";"ES";101;305,6;"VIANA";"Condutor Dormindo";"Colisão lateral";"Com Vítimas Fatais";"Plena Noite";"Crescente";"Garoa/Chuvisco";"Simples";"Curva";"Não";3;1;1;0;0;2;1;4;-20,39201888;-40,46206811;"SPRF-ES";"DEL03-ES";"UOP01-DEL03-ES"
165971;2018-10-17;"quarta-feira";"09:00:00";"SE";235;52,6;"ITABAIANA";"Falta de Atenção à Condução";"Colisão transversal";"Com Vítimas Feridas";"Pleno dia";"Decrescente";"Céu Claro";"Simples";"Retorno Regulamentado";"Sim";3;0;2;0;1;0;2;2;-10,693279;-37,437557;"SPRF-SE";"DEL01-SE";"UOP02-DEL01-SE"
165976;2018-10-17;"quarta-feira";"07:20:00";"MA";135;1,6;"SAO LUIS";"Falta de Atenção à Condução";"Colisão traseira";"Sem Vítimas";"Pleno dia";"Crescente";"Céu Claro";"Dupla";"Reta";"Sim";3;0;0;0;3;0;0;3;-2,59531869;-44,24473286;"SPRF-MA";"DEL01-MA";"UOP01-DEL01-MA"
165978;2018-10-17;"quarta-feira";"08:30:00";"PR";163;56,1;"PEROLA DOESTE";"Falta de Atenção à Condução";"Colisão lateral";"Com Vítimas Feridas";"Pleno dia";"Decrescente";"Nublado";"Simples";"Declive;Reta";"Não";4;0;2;0;1;1;2;3;-25,90195;-53,750782;"SPRF-PR";"DEL02-PR";"UOP02-DEL02-PR"
165981;2018-10-17;"quarta-feira";"05:00:00";"MT";364;18;"ALTO ARAGUAIA";"Defeito na Via";"Tombamento";"Sem Vítimas";"Amanhecer";"Decrescente";"Nublado";"Simples";"Curva";"Não";2;0;0;0;1;1;0;2;-17,215357;-53,329689;"SPRF-MT";"DEL02-MT";"UOP02-DEL02-MT"
165983;2018-10-17;"quarta-feira";"08:20:00";"RO";364;343,9;"JI-PARANA";"Desobediência às normas de trânsito pelo condutor";"Colisão lateral";"Sem Vítimas";"Pleno dia";"Crescente";"Céu Claro";"Simples";"Reta";"Sim";4;0;0;0;3;1;0;4;-10,878848;-61,944893;"SPRF-RO";"DEL02-RO";"UOP01-DEL02-RO"
165986;2018-10-17;"quarta-feira";"07:30:00";"MA";230;90;"SAO JOAO DOS PATOS";"Velocidade Incompatível";"Tombamento";"Com Vítimas Feridas";"Pleno dia";"Crescente";"Céu Claro";"Simples";"Curva";"Não";2;0;1;0;1;0;1;1;-6,492675;-43,710655;"SPRF-PI";"DEL03-PI";"UOP01-DEL03-PI"
165989;2018-10-17;"quarta-feira";"10:47:00";"SC";101;220;"PALHOCA";"Falta de Atenção do Pedestre";"Atropelamento de Pedestre";"Com Vítimas Feridas";"Pleno dia";"Crescente";"Garoa/Chuvisco";"Múltipla";"Reta";"Não";3;0;0;1;1;1;1;3;-27,702;-48,6594;"SPRF-SC";"DEL01-SC";"UOP02-DEL01-SC"
165998;2018-10-17;"quarta-feira";"10:00:00";"TO";153;541;"NOVA ROSALANDIA";"Desobediência às normas de trânsito pelo condutor";"Tombamento";"Com Vítimas Feridas";"Pleno dia";"Crescente";"Céu Claro";"Simples";"Reta";"Não";3;0;1;0;1;1;1;2;-10,59495607;-48,91301036;"SPRF-TO";"DEL02-TO";"UOP01-DEL01-TO"
166000;2018-10-17;"quarta-feira";"11:55:00";"PR";163;156,1;"SANTA LUCIA";"Não guardar distância de segurança";"Colisão traseira";"Com Vítimas Feridas";"Pleno dia";"Decrescente";"Chuva";"Simples";"Reta";"Não";19;0;17;0;2;0;17;2;-25,36460452;-53,57347459;"SPRF-PR";"DEL04-PR";"UOP05-DEL05-PR"
166002;2018-10-17;"quarta-feira";"10:40:00";"PA";308;154,4;"CAPANEMA";"Ultrapassagem Indevida";"Saída de leito carroçável";"Com Vítimas Feridas";"Pleno dia";"Crescente";"Céu Claro";"Simples";"Reta";"Sim";1;0;0;1;0;0;1;1;-1,20871756;-47,15317011;"SPRF-PA";"DEL01-PA";"UOP03-DEL01-PA"
166005;2018-10-17;"quarta-feira";"12:00:00";"RJ";116;241;"PIRAI";"Carga excessiva e/ou mal acondicionada";"Tombamento";"Com Vítimas Feridas";"Pleno dia";"Decrescente";"Nublado";"Dupla";"Curva";"Não";2;0;1;0;0;2;1;3;-22,658323;-43,889694;"SPRF-RJ";"DEL07-RJ";"UOP01-DEL07-RJ"
166007;2018-04-27;"sexta-feira";"15:00:00";"MT";70;389,6;"CAMPO VERDE";"Velocidade Incompatível";"Colisão traseira";"Com Vítimas Feridas";"Pleno dia";"Decrescente";"Céu Claro";"Simples";"Reta";"Sim";6;0;3;0;2;1;3;4;-15,57271162;-55,17715931;"SPRF-MT";"DEL02-MT";"UOP02-DEL05-MT"