"id";"data_inversa";"dia_semana";"horario";"uf";"br";"km";"municipio";"causa_acidente";"tipo_acidente";"classificacao_acidente";"fase_dia";"sentido_via";"condicao_metereologica";"tipo_pista";"tracado_via";"uso_solo";"pessoas";"mortos";"feridos_leves";"feridos_graves";"ilesos";"ignorados";"feridos";"veiculos";"latitude";"longitude";"regional";"delegacia";"uop"
166013;2018-10-17;"quarta-feira";"12:30:00";"SP";116;221,3;"GUARULHOS";"Ingestão de Álcool";"Colisão traseira";"Com Vítimas Feridas";"Pleno dia";"Decrescente";"Céu Claro";"Múltipla";"Reta";"Sim";3;0;0;1;2;0;1;2;-23,46977124;-46,51285172;"SPRF-SP";"DEL01-SP";"UOP01-DEL01-SP"
166014;2018-10-17;"quarta-feira";"14:00:00";"RJ";116;208;"SEROPEDICA";"Falta de Atenção à Condução";"Colisão lateral";"Sem Vítimas";"Pleno dia";"Decrescente";"Nublado";"Dupla";"Curva";"Sim";3;0;0;0;2;1;0;3;-22,722965;-43,671375;"SPRF-RJ";"DEL01-RJ";"UOP03-DEL01-RJ"
166019;2018-10-17;"quarta-feira";"14:10:00";"MT";163;1028;"MATUPA";"Desobediência às normas de trânsito pelo condutor";"Colisão transversal";"Com Vítimas Feridas";"Pleno dia";"Decrescente";"Céu Claro";"Simples";"Reta;Interseção de Vias";"Não";2;0;0;1;1;0;1;2;-10,208193;-54,961981;"SPRF-MT";"DEL06-MT";"UOP02-DEL06-MT"
166023;2018-10-17;"quarta-feira";"14:45:00";"BA";116;439;"FEIRA DE SANTANA";"Velocidade Incompatível";"Saída de leito carroçável";"Sem Vítimas";"Pleno dia";"Crescente";"Chuva";"Dupla";"Curva";"Não";1;0;0;0;1;0;0;1;-12,33713222;-39,07577142;"SPRF-BA";"DEL02-BA";"UOP01-DEL02-BA"
166026;2018-10-17;"quarta-feira";"15:00:00";"BA";101;266;"SANTO ANTONIO DE JESUS";"Desobediência às normas de trânsito pelo condutor";"Saída de leito carroçável";"Com Vítimas Feridas";"Pleno dia";"Crescente";"Céu Claro";"Simples";"Curva";"Não";2;0;1;0;0;1;1;2;-12,99959469;-39,28770447;"SPRF-BA";"DEL01-BA";"UOP02-DEL01-BA"
166030;2018-10-17;"quarta-feira";"13:45:00";"MT";70;298;"POXOREO";"Falta de Atenção à Condução";"Saída de leito carroçável";"Com Vítimas Feridas";"Pleno dia";"Crescente";"Chuva";"Simples";"Aclive";"Não";2;0;2;0;0;0;2;1;-15,57707293;-54,49476242;"SPRF-MT";"DEL05-MT";"UOP01-DEL05-MT"
166033;2018-10-17;"quarta-feira";"12:07:00";"MS";158;21;"CASSILANDIA";"Defeito Mecânico no Veículo";"Colisão traseira";"Sem Vítimas";"Pleno dia";"Decrescente";"Céu Claro";"Simples";"Reta";"Não";3;0;0;0;3;0;0;2;-19,192657;-51,572269;"SPRF-MS";"DEL08-MS";"UOP01-DEL08-MS"
166034;2018-10-17;"quarta-feira";"15:30:00";"RO";364;277,4;"PRESIDENTE MEDICI";"Ultrapassagem Indevida";"Colisão lateral";"Com Vítimas Fatais";"Pleno dia";"Crescente";"Chuva";"Simples";"Reta";"Não";3;1;0;0;1;4;0;6;-11,38613832;-61,77788258;"SPRF-RO";"DEL02-RO";"UOP01-DEL02-RO"
166036;2018-10-17;"quarta-feira";"17:00:00";"PE";423;83,6;"JUCATI";"Ultrapassagem Indevida";"Colisão com objeto estático";"Com Vítimas Feridas";"Anoitecer";"Crescente";"Céu Claro";"Simples";"Declive;Reta";"Não";3;0;0;1;0;2;1;3;-8,795124;-36,43677;"SPRF-PE";"DEL03-PE";"UOP01-DEL03-PE"
166039;2018-10-17;"quarta-feira";"17:23:00";"MG";40;444,7;"PARAOPEBA";"Objeto estático sobre o leito carroçável";"Colisão traseira";"Com Vítimas Feridas";"Pleno dia";"Crescente";"Chuva";"Dupla";"Declive";"Sim";4;0;0;2;2;0;2;2;-19,32134923;-44,4084549;"SPRF-MG";"DEL02-MG";"UOP01-DEL02-MG"
166040;2018-10-17;"quarta-feira";"16:00:00";"TO";153;392;"RIO DOS BOIS";"Defeito Mecânico no Veículo";"Incêndio";"Sem Vítimas";"Pleno dia";"Decrescente";"Céu Claro";"Simples";"Reta";"Sim";2;0;0;0;1;1;0;2;-9,346141;-48,537449;"SPRF-TO";"DEL02-TO";"UOP02-DEL02-TO"
166050;2018-10-17;"quarta-feira";"16:20:00";"BA";135;169;"BARREIRAS";"Velocidade Incompatível";"Colisão frontal";"Com Vítimas Feridas";"Pleno dia";"Crescente";"Chuva";"Simples";"Curva";"Não";3;0;1;1;1;0;2;2;-12,074849;-44,967263;"SPRF-BA";"DEL10-BA";"UOP01-DEL10-BA"
166060;2018-10-17;"quarta-feira";"18:00:00";"MT";364;203,4;"RONDONOPOLIS";"Falta de Atenção à Condução";"Colisão lateral";"Com Vítimas Feridas";"Plena Noite";"Crescente";"Chuva";"Dupla";"Reta";"Não";4;0;0;1;2;1;1;4;-16,475554;-54,653446;"SPRF-MT";"DEL02-MT";"UOP01-DEL02-MT"
166061;2018-10-17;"quarta-feira";"18:00:00";"PR";163;46,7;"PRANCHITA";"Falta de Atenção à Condução";"Colisão lateral";"Com Vítimas Feridas";"Pleno dia";"Decrescente";"Céu Claro";"Simples";"Reta;Declive";"Não";3;0;0;1;1;1;1;3;-25,9865;-53,7211;"SPRF-PR";"DEL02-PR";"UOP02-DEL02-PR"
166067;2018-10-17;"quarta-feira";"18:01:00";"RO";364;17;"VILHENA";"Falta de Atenção à Condução";"Queda de ocupante de veículo";"Sem Vítimas";"Plena Noite";"Decrescente";"Garoa/Chuvisco";"Simples";"Reta";"Não";2;0;0;0;2;0;0;2;-12,73072037;-60,17106771;"SPRF-RO";"DEL04-RO";"UOP01-DEL04-RO"
166068;2018-10-17;"quarta-feira";"17:30:00";"MG";381;487,4;"BETIM";"Pista Escorregadia";"Colisão traseira";"Com Vítimas Feridas";"Anoitecer";"Crescente";"Chuva";"Dupla";"Reta";"Sim";2;0;1;0;0;1;1;2;-19,9572;-44,1243;"SPRF-MG";"DEL01-MG";"UOP03-DEL01-MG"
166069;2018-10-17;"quarta-feira";"19:30:00";"MG";365;94;"JEQUITAI";"Defeito Mecânico no Veículo";"Colisão traseira";"Com Vítimas Feridas";"Plena Noite";"Crescente";"Céu Claro";"Simples";"Curva";"Não";4;0;2;0;2;0;2;2;-17,216932;-44,489983;"SPRF-MG";"DEL12-MG";"UOP01-DEL12-MG"
166071;2018-10-17;"quarta-feira";"13:45:00";"MA";222;285,9;"VITORIA DO MEARIM";"Pista Escorregadia";"Colisão frontal";"Com Vítimas Feridas";"Pleno dia";"Crescente";"Chuva";"Simples";"Reta";"Não";3;0;1;0;2;0;1;2;-3,448784;-44,838535;"SPRF-MA";"DEL02-MA";"UI04-DEL02-MA"
166073;2018-10-17;"quarta-feira";"17:20:00";"RS";470;199,2;"BENTO GONCALVES";"Falta de Atenção à Condução";"Colisão lateral";"Sem Vítimas";"Anoitecer";"Crescente";"Céu Claro";"Simples";"Curva";"Não";3;0;0;0;2;1;0;2;-29,06800475;-51,58157229;"SPRF-RS";"DEL06-RS";"UOP01-DEL06-RS"
166084;2018-10-17;"quarta-feira";"19:40:00";"SP";381;20,5;"BRAGANCA PAULISTA";"Falta de Atenção à Condução";"Colisão lateral";"Sem Vítimas";"Plena Noite";"Decrescente";"Céu Claro";"Dupla";"Curva";"Não";9;0;0;0;8;1;0;9;-22,986052;-46,505826;"SPRF-SP";"DEL03-SP";"UOP02-DEL03-SP"
166085;2018-10-17;"quarta-feira";"19:40:00";"SC";470;260,2;"CURITIBANOS";"Falta de Atenção à Condução";"Colisão frontal";"Com Vítimas Feridas";"Plena Noite";"Crescente";"Garoa/Chuvisco";"Dupla";"Curva";"Não";4;0;2;0;2;0;2;3;-27,301584;-50,671352;"SPRF-SC";"DEL05-SC";"UOP03-DEL05-SC"
166087;2018-10-17;"quarta-feira";"20:20:00";"SC";101;193;"BIGUACU";"Não guardar distância de segurança";"Queda de ocupante de veículo";"Com Vítimas Feridas";"Plena Noite";"Decrescente";"Nublado";"Dupla";"Curva";"Sim";5;0;1;0;3;1;1;5;-27,4982;-48,6565;"SPRF-SC";"DEL01-SC";"UOP01-DEL01-SC"
166088;2018-10-17;"quarta-feira";"17:40:00";"MT";70;4,2;"BARRA DO GARCAS";"Defeito Mecânico no Veículo";"Colisão traseira";"Sem Vítimas";"Anoitecer";"Crescente";"Nublado";"Dupla";"Declive";"Sim";3;0;0;0;2;2;0;4;-15,879057;-52,285675;"SPRF-MT";"DEL07-MT";"UOP01-DEL07-MT"
166098;2018-10-17;"quarta-feira";"17:20:00";"MG";40;445;"PARAOPEBA";"Pista Escorregadia";"Tombamento";"Sem Vítimas";"Anoitecer";"Decrescente";"Garoa/Chuvisco";"Dupla";"Curva";"Sim";2;0;0;0;1;1;0;2;-19,2937;-44,3832;"SPRF-MG";"DEL02-MG";"UOP01-DEL02-MG"
166111;2018-10-17;"quarta-feira";"23:30:00";"MA";316;580,5;"CAXIAS";"Pista Escorregadia";"Colisão com objeto estático";"Com Vítimas Feridas";"Plena Noite";"Crescente";"Garoa/Chuvisco";"Simples";"Reta";"Não";3;0;1;0;2;0;1;1;-4,96024566;-43,1250375;"SPRF-MA";"DEL03-MA";"UOP02-DEL03-MA"
166112;2018-10-18;"quinta-feira";"01:25:00";"GO";153;129,5;"ESTRELA DO NORTE";"Mal Súbito";"Saída de leito carroçável";"Com Vítimas Feridas";"Plena Noite";"Crescente";"Céu Claro";"Simples";"Reta";"Não";1;0;0;1;0;0;1;1;-13,901399;-49,060982;"SPRF-GO";"DEL07-GO";"UOP01-DEL07-GO"
166113;2018-10-18;"quinta-feira";"00:50:00";"RJ";101;117;"CAMPOS DOS GOYTACAZES";"Condutor Dormindo";"Saída de leito carroçável";"Com Vítimas Feridas";"Plena Noite";"Crescente";"Chuva";"Dupla";"Reta";"Não";2;0;1;0;0;1;1;2;-22,010393;-41,668556;"SPRF-RJ";"DEL08-RJ";"UOP02-DEL08-RJ"
166118;2018-10-18;"quinta-feira";"04:25:00";"RS";386;378;"TAQUARI";"Objeto estático sobre o leito carroçável";"Colisão com objeto estático";"Com Vítimas Feridas";"Plena Noite";"Crescente";"Céu Claro";"Dupla";"Curva;Aclive";"Não";3;0;1;0;1;2;1;4;-29,65037218;-51,76105315;"SPRF-RS";"DEL04-RS";"UOP02-DEL04-RS"
166120;2018-10-18;"quinta-feira";"05:20:00";"PR";116;48;"CAMPINA GRANDE DO SUL";"Falta de Atenção à Condução";"Colisão traseira";"Com Vítimas Feridas";"Amanhecer";"Crescente";"Nublado";"Dupla";"Reta";"Não";3;0;0;1;1;2;1;4;-25,217121;-48,903969;"SPRF-PR";"DEL01-PR";"UOP02-DEL01-PR"
166152;2018-10-18;"quinta-feira";"07:30:00";"GO";20;94,8;"VILA BOA";"Defeito na Via";"Colisão transversal";"Com Vítimas Feridas";"Pleno dia";"Crescente";"Nublado";"Simples";"Reta";"Não";7;0;1;0;5;1;1;3;-14,990489;-47,025421;"SPRF-DF";"DEL02-DF";"UOP03-DEL02-DF"
166174;2018-10-18;"quinta-feira";"07:55:00";"RS";392;11,1;"RIO GRANDE";"Falta de Atenção à Condução";"Colisão traseira";"Com Vítimas Feridas";"Pleno dia";"Decrescente";"Nublado";"Dupla";"Reta";"Não";3;0;0;1;1;2;1;4;-32,12057182;-52,1286671;"SPRF-RS";"DEL07-RS";"UOP02-DEL07-RS"
166175;2018-10-18;"quinta-feira";"11:00:00";"PR";153;333,8;"IRATI";"Falta de Atenção à Condução";"Colisão transversal";"Com Vítimas Feridas";"Pleno dia";"Crescente";"Nublado";"Simples";"Reta";"Não";2;0;1;0;1;0;1;2;-25,47743056;-50,63976288;"SPRF-PR";"DEL03-PR";"UOP02-DEL08-PR"
166182;2018-10-18;"quinta-feira";"08:00:00";"GO";153;207;"URUACU";"Desobediência às normas de trânsito pelo condutor";"Tombamento";"Com Vítimas Feridas";"Pleno dia";"Decrescente";"Céu Claro";"Simples";"Declive";"Não";3;0;1;0;0;2;1;3;-14,58225441;-49,15982723;"SPRF-GO";"DEL07-GO";"UOP02-DEL07-GO"
166183;2018-10-09;"terça-feira";"14:35:00";"PR";153;333,5;"IRATI";"Falta de Atenção à Condução";"Colisão transversal";"Com Vítimas Feridas";"Pleno dia";"Crescente";"Céu Claro";"Simples";"Reta;Declive";"Sim";3;0;1;0;2;0;1;2;-25,47704849;-50,63971426;"SPRF-PR";"DEL03-PR";"UOP02-DEL08-PR"
166186;2018-10-18;"quinta-feira";"10:45:00";"SP";116;120,4;"CACAPAVA";"Falta de Atenção à Condução";"Colisão traseira";"Com Vítimas Feridas";"Pleno dia";"Decrescente";"Céu Claro";"Dupla";"Reta";"Não";4;0;0;1;3;0;1;3;-23,071577;-45,644619;"SPRF-SP";"DEL06-SP";"UOP02-DEL02-SP"
166187;2018-10-18;"quinta-feira";"10:50:00";"MG";381;541;"ITATIAIUCU";"Defeito Mecânico no Veículo";"Saída de leito carroçável";"Sem Vítimas";"Pleno dia";"Decrescente";"Chuva";"Dupla";"Curva";"Sim";2;0;0;0;2;0;0;2;-20,239;-44,4108;"SPRF-MG";"DEL04-MG";"UOP03-DEL04-MG"
166196;2018-10-18;"quinta-feira";"11:00:00";"MS";163;424,4;"CAMPO GRANDE";"Ingestão de Álcool";"Saída de leito carroçável";"Sem Vítimas";"Pleno dia";"Crescente";"Céu Claro";"Simples";"Aclive";"Não";2;0;0;0;1;1;0;2;-20,951926;-54,501556;"SPRF-MS";"DEL01-MS";"UOP01-DEL01-MS"
166197;2018-10-18;"quinta-feira";"07:40:00";"MG";459;65,5;"SENADOR JOSE BENTO";"Velocidade Incompatível";"Colisão lateral";"Com Vítimas Feridas";"Pleno dia";"Crescente";"Garoa/Chuvisco";"Simples";"Declive;Curva";"Não";2;0;2;0;0;0;2;2;-22,115179;-46,179901;"SPRF-MG";"DEL09-MG";"UOP01-DEL09-MG"
166205;2018-10-06;"sábado";"19:30:00";"ES";101;53,6;"SAO MATEUS";"Deficiência ou não Acionamento do Sistema de Iluminação/Sinalização do Veículo";"Colisão traseira";"Com Vítimas Feridas";"Plena Noite";"Crescente";"Chuva";"Simples";"Aclive";"Não";7;0;1;2;1;3;3;3;-18,61550133;-39,88348246;"SPRF-ES";"DEL04-ES";"UOP02-DEL04-ES"
166208;2018-10-18;"quinta-feira";"10:40:00";"MT";364;504;"JANGADA";"Defeito Mecânico no Veículo";"Incêndio";"Sem Vítimas";"Pleno dia";"Crescente";"Céu Claro";"Simples";"Reta";"Não";1;0;0;0;1;0;0;1;-15,229754;-56,496429;"SPRF-MT";"DEL01-MT";"DEL2/4-UOP02/MT"
166219;2018-10-18;"quinta-feira";"10:40:00";"SC";153;73,8;"IRANI";"Velocidade Incompatível";"Colisão lateral";"Com Vítimas Feridas";"Pleno dia";"Crescente";"Chuva";"Simples";"Curva";"Não";3;0;1;1;0;1;2;3;-27,071501;-51,899914;"SPRF-SC";"DEL07-SC";"UOP04-DEL07-SC"
166221;2018-10-18;"quinta-feira";"14:50:00";"SC";101;363,9;"SANGAO";"Falta de Atenção à Condução";"Colisão traseira";"Sem Vítimas";"Pleno dia";"Decrescente";"Céu Claro";"Dupla";"Aclive";"Não";4;0;0;0;2;4;0;6;-28,6771;-49,1338;"SPRF-SC";"DEL02-SC";"UOP01-DEL02-SC"
166223;2018-10-18;"quinta-feira";"14:30:00";"MS";163;167;"JUTI";"Pista Escorregadia";"Colisão frontal";"Com Vítimas Feridas";"Pleno dia";"Crescente";"Chuva";"Simples";"Reta";"Não";4;0;1;2;0;1;3;3;-22,889864;-54,57913;"SPRF-MS";"DEL09-MS";"UOP01-DEL09-MS"
166224;2018-10-18;"quinta-feira";"14:45:00";"MS";267;405,2;"MARACAJU";"Condutor Dormindo";"Colisão frontal";"Com Vítimas Fatais";"Pleno dia";"Crescente";"Céu Claro";"Simples";"Reta";"Não";6;1;1;2;1;2;3;4;-21,64022087;-55,32472374;"SPRF-MS";"DEL05-MS";"UOP01-DEL05-MS"
166225;2018-10-18;"quinta-feira";"15:30:00";"TO";153;358;"FORTALEZA DO TABOCAO";"Falta de Atenção à Condução";"Colisão lateral";"Sem Vítimas";"Pleno dia";"Decrescente";"Nublado";"Simples";"Aclive";"Sim";3;0;0;0;3;0;0;2;-9,055402;-48,518368;"SPRF-TO";"DEL02-TO";"UOP02-DEL02-TO"
166226;2018-10-18;"quinta-feira";"14:45:00";"SC";282;488,1;"FAXINAL DOS GUEDES";"Velocidade Incompatível";"Tombamento";"Sem Vítimas";"Pleno dia";"Decrescente";"Céu Claro";"Simples";"Rotatória";"Não";2;0;0;0;1;1;0;2;-26,85715498;-52,26234913;"SPRF-SC";"DEL07-SC";"UOP01-DEL07-SC"
166237;2018-10-18;"quinta-feira";"15:25:00";"MT";163;540;"DIAMANTINO";"Falta de Atenção à Condução";"Colisão traseira";"Com Vítimas Feridas";"Pleno dia";"Crescente";"Nublado";"Simples";"Reta";"Não";4;0;1;0;2;4;1;6;-14,25890283;-56,14588737;"SPRF-MT";"DEL01-MT";"UOP01-DEL01-MT"
166238;2018-10-18;"quinta-feira";"16:40:00";"RN";427;18;"ACARI";"Carga excessiva e/ou mal acondicionada";"Capotamento";"Com Vítimas Feridas";"Pleno dia";"Decrescente";"Céu Claro";"Simples";"Curva";"Não";1;0;1;0;0;0;1;1;-6,355914;-36,618046;"SPRF-RN";"DEL03-RN";"UOP02-DEL03-RN"
166241;2018-10-18;"quinta-feira";"16:30:00";"GO";153;535;"HIDROLANDIA";"Pista Escorregadia";"Saída de leito carroçável";"Com Vítimas Feridas";"Pleno dia";"Crescente";"Chuva";"Dupla";"Reta";"Não";1;0;1;0;0;0;1;1;-17,01;-49,2202;"SPRF-GO";"DEL01-GO";"UOP03-DEL01-GO"
166243;2018-10-18;"quinta-feira";"13:30:00";"MG";262;81,8;"MATIPO";"Defeito Mecânico no Veículo";"Saída de leito carroçável";"Com Vítimas Feridas";"Pleno dia";"Crescente";"Nublado";"Simples";"Reta";"Não";2;0;1;0;0;1;1;2;-20,334835;-42,383308;"SPRF-MG";"DEL03-MG";"UOP03-DEL03-MG"
166245;2018-10-18;"quinta-feira";"15:20:00";"SP";116;116,8;"TAUBATE";"Falta de Atenção à Condução";"Colisão com objeto estático";"Com Vítimas Feridas";"Pleno dia";"Decrescente";"Nublado";"Simples";"Reta";"Sim";1;0;1;0;0;0;1;1;-23,053757;-45,608791;"SPRF-SP";"DEL06-SP";"UOP02-DEL02-SP"
166257;2018-10-18;"quinta-feira";"16:00:00";"RO";364;712;"PORTO VELHO";"Falta de Atenção à Condução";"Colisão lateral";"Sem Vítimas";"Pleno dia";"Decrescente";"Nublado";"Simples";"Reta";"Sim";6;0;0;0;5;1;0;3;-8,77760285;-63,87302577;"SPRF-RO";"DEL01-RO";"UOP01-DEL01-RO"
166260;2018-10-18;"quinta-feira";"18:15:00";"SP";116;225;"GUARULHOS";"Falta de Atenção à Condução";"Colisão lateral";"Sem Vítimas";"Anoitecer";"Crescente";"Céu Claro";"Múltipla";"Reta";"Sim";2;0;0;0;2;0;0;2;-23,48763992;-46,54427111;"SPRF-SP";"DEL01-SP";"UOP01-DEL01-SP"
166265;2018-10-18;"quinta-feira";"15:30:00";"GO";452;146,8;"BOM JESUS DE GOIAS";"Defeito Mecânico no Veículo";"Saída de leito carroçável";"Sem Vítimas";"Pleno dia";"Decrescente";"Nublado";"Simples";"Reta";"Não";2;0;0;0;1;3;0;4;-18,07928448;-50,12598038;"SPRF-GO";"DEL03-GO";"UOP02-DEL03-GO"
166266;2018-10-18;"quinta-feira";"14:05:00";"MA";135;12,9;"SAO LUIS";"Não guardar distância de segurança";"Saída de leito carroçável";"Com Vítimas Fatais";"Pleno dia";"Crescente";"Céu Claro";"Dupla";"Reta";"Sim";3;1;0;0;1;1;0;3;-2,672235;-44,291737;"SPRF-MA";"DEL01-MA";"UOP01-DEL01-MA"
166268;2018-10-18;"quinta-feira";"16:30:00";"RO";364;529,8;"ARIQUEMES";"Defeito Mecânico no Veículo";"Saída de leito carroçável";"Com Vítimas Feridas";"Pleno dia";"Decrescente";"Chuva";"Simples";"Declive";"Não";1;0;1;0;0;0;1;1;-9,800042;-63,0855535;"SPRF-RO";"DEL03-RO";"UOP01-DEL03-RO"
166273;2018-10-18;"quinta-feira";"18:50:00";"MS";60;355;"CAMPO GRANDE";"Defeito Mecânico no Veículo";"Colisão lateral";"Com Vítimas Feridas";"Plena Noite";"Crescente";"Céu Claro";"Simples";"Reta";"Sim";3;0;1;0;2;0;1;3;-20,55;-54,6719;"SPRF-MS";"DEL01-MS";"UOP03-DEL01-MS"
166279;2018-10-18;"quinta-feira";"20:10:00";"CE";222;299;"TIANGUA";"Defeito Mecânico no Veículo";"Tombamento";"Sem Vítimas";"Plena Noite";"Decrescente";"Céu Claro";"Simples";"Declive";"Não";1;0;0;0;1;0;0;1;-3,70942911;-40,97696347;"SPRF-CE";"DEL04-CE";"UOP02-DEL04-CE"
166281;2018-10-18;"quinta-feira";"14:00:00";"SE";101;96;"SAO CRISTOVAO";"Agressão Externa";"Saída de leito carroçável";"Com Vítimas Feridas";"Pleno dia";"Crescente";"Céu Claro";"Dupla";"Retorno Regulamentado";"Não";2;0;1;0;0;1;1;2;-10,91822719;-37,16825545;"SPRF-SE";"DEL02-SE";"UOP01-DEL02-SE"
166283;2018-10-18;"quinta-feira";"20:30:00";"PE";232;7;"RECIFE";"Defeito na Via";"Colisão lateral";"Sem Vítimas";"Plena Noite";"Decrescente";"Céu Claro";"Dupla";"Reta";"Sim";2;0;0;0;2;0;0;2;-8,073346;-34,96188;"SPRF-PE";"DEL01-PE";"UOP01-DEL01-PE"
166289;2018-10-18;"quinta-feira";"18:30:00";"GO";60;235;"INDIARA";"Defeito na Via";"Saída de leito carroçável";"Sem Vítimas";"Plena Noite";"Crescente";"Chuva";"Dupla";"Aclive";"Não";1;0;0;0;1;0;0;1;-17,08008688;-49,8293066;"SPRF-GO";"DEL01-GO";"UOP02-DEL01-GO"
166298;2018-10-18;"quinta-feira";"19:50:00";"MS";158;135,8;"APARECIDA DO TABOADO";"Falta de Atenção à Condução";"Colisão frontal";"Com Vítimas Feridas";"Plena Noite";"Decrescente";"Chuva";"Simples";"Reta";"Não";5;0;2;2;0;2;4;5;-19,99166;-51,11349;"SPRF-MS";"DEL08-MS";"UOP01-DEL08-MS"
166302;2018-10-18;"quinta-feira";"21:40:00";"RS";386;304,6;"POUSO NOVO";"Defeito Mecânico no Veículo";"Tombamento";"Com Vítimas Feridas";"Plena Noite";"Decrescente";"Nublado";"Simples";"Curva";"Não";3;0;0;1;0;3;1;4;-29,178612;-52,195;"SPRF-RS";"DEL04-RS";"UOP01-DEL04-RS"
166305;2018-10-18;"quinta-feira";"21:25:00";"SC";282;519;"XAXIM";"Velocidade Incompatível";"Saída de leito carroçável";"Sem Vítimas";"Plena Noite";"Decrescente";"Nublado";"Simples";"Reta";"Não";2;0;0;0;1;2;0;3;-26,947527;-52,517536;"SPRF-SC";"DEL07-SC";"UOP01-DEL07-SC"
166312;2018-10-18;"quinta-feira";"23:40:00";"BA";101;885;"TEIXEIRA DE FREITAS";"Velocidade Incompatível";"Tombamento";"Com Vítimas Feridas";"Plena Noite";"Crescente";"Céu Claro";"Simples";"Curva";"Não";2;0;1;0;0;1;1;2;-17,5933;-39,7474;"SPRF-BA";"DEL09-BA";"UOP02-DEL09-BA"
166313;2018-10-18;"quinta-feira";"19:00:00";"BA";242;897;"LUIS EDUARDO MAGALHAES";"Objeto estático sobre o leito carroçável";"Saída de leito carroçável";"Sem Vítimas";"Anoitecer";"Crescente";"Céu Claro";"Simples";"Reta";"Não";3;0;0;0;1;2;0;1;-12,110291;-45,939858;"SPRF-BA";"DEL10-BA";"UOP01-DEL10-BA"
166315;2018-10-19;"sexta-feira";"02:10:00";"PE";232;170,7;"BELO JARDIM";"Condutor Dormindo";"Colisão frontal";"Com Vítimas Feridas";"Plena Noite";"Decrescente";"Céu Claro";"Simples";"Reta";"Não";3;0;0;1;0;2;1;3;-8,34195308;-36,34654999;"SPRF-PE";"DEL02-PE";"UOP03-DEL02-PE"
166316;2018-10-19;"sexta-feira";"00:45:00";"SC";470;213,5;"SAO CRISTOVAO DO SUL";"Velocidade Incompatível";"Tombamento";"Com Vítimas Feridas";"Plena Noite";"Crescente";"Nevoeiro/Neblina";"Simples";"Curva";"Não";2;0;1;0;0;1;1;2;-27,30967721;-50,23731351;"SPRF-SC";"DEL05-SC";"UOP03-DEL05-SC"
166324;2018-10-19;"sexta-feira";"03:40:00";"PE";116;21,5;"SALGUEIRO";"Condutor Dormindo";"Saída de leito carroçável";"Com Vítimas Feridas";"Amanhecer";"Crescente";"Céu Claro";"Simples";"Curva";"Não";1;0;1;0;0;0;1;1;-8,02832;-39,143408;"SPRF-PE";"DEL05-PE";"UOP01-DEL05-PE"
166325;2018-10-19;"sexta-feira";"05:20:00";"MG";381;720;"CARMO DA CACHOEIRA";"Condutor Dormindo";"Tombamento";"Com Vítimas Feridas";"Amanhecer";"Crescente";"Nublado";"Dupla";"Reta";"Não";3;0;2;0;0;1;2;2;-21,4336;-45,2101;"SPRF-MG";"DEL04-MG";"UOP02-DEL04-MG"
166330;2018-10-18;"quinta-feira";"17:00:00";"RN";304;296;"MACAIBA";"Ingestão de Álcool";"Atropelamento de Pedestre";"Com Vítimas Feridas";"Pleno dia";"Decrescente";"Céu Claro";"Simples";"Interseção de Vias";"Sim";2;0;0;1;1;0;1;2;-5,86529026;-35,35273254;"SPRF-RN";"DEL01-RN";"UOP02-DEL01-RN"
166333;2018-10-19;"sexta-feira";"07:00:00";"RS";116;127,6;"SAO MARCOS";"Velocidade Incompatível";"Saída de leito carroçável";"Com Vítimas Feridas";"Pleno dia";"Crescente";"Céu Claro";"Simples";"Curva";"Não";2;0;1;0;0;1;1;2;-29,03724206;-51,10366166;"SPRF-RS";"DEL05-RS";"UOP01-DEL05-RS"
166337;2018-09-25;"terça-feira";"06:15:00";"PE";428;164,8;"PETROLINA";"Avarias e/ou desgaste excessivo no pneu";"Colisão frontal";"Com Vítimas Fatais";"Pleno dia";"Decrescente";"Céu Claro";"Simples";"Reta";"Não";20;4;12;2;2;0;14;3;-9,19145432;-40,38397897;"SPRF-PE";"DEL06-PE";"UOP01-DEL06-PE"
166344;2018-10-19;"sexta-feira";"07:43:00";"GO";20;93;"VILA BOA";"Pista Escorregadia";"Saída de leito carroçável";"Com Vítimas Feridas";"Pleno dia";"Crescente";"Chuva";"Simples";"Reta";"Não";2;0;1;0;0;1;1;2;-14,997916;-47,030605;"SPRF-DF";"DEL02-DF";"UOP03-DEL02-DF"
166348;2018-10-19;"sexta-feira";"08:00:00";"BA";116;786,8;"PLANALTO";"Ultrapassagem Indevida";"Colisão frontal";"Com Vítimas Feridas";"Pleno dia";"Decrescente";"Céu Claro";"Simples";"Reta";"Não";2;0;1;0;1;0;1;2;-14,69088;-40,56478;"SPRF-BA";"DEL08-BA";"UOP02-DEL08-BA"
166352;2018-10-19;"sexta-feira";"10:20:00";"PR";369;188;"ARAPONGAS";"Desobediência às normas de trânsito pelo condutor";"Colisão transversal";"Com Vítimas Feridas";"Pleno dia";"Crescente";"Céu Claro";"Simples";"Reta;Interseção de Vias";"Sim";3;0;1;1;1;0;2;2;-23,43445121;-51,42217305;"SPRF-PR";"DEL07-PR";"UOP03-DEL07-PR"
166355;2018-10-19;"sexta-feira";"10:50:00";"PA";316;13;"MARITUBA";"Falta de Atenção à Condução";"Colisão transversal";"Com Vítimas Feridas";"Pleno dia";"Crescente";"Céu Claro";"Dupla";"Reta";"Sim";2;0;1;0;1;0;1;2;-1,36706731;-48,32993031;"SPRF-PA";"DEL01-PA";"DEL19/1-UOP05/PA"