"id";"data_inversa";"dia_semana";"horario";"uf";"br";"km";"municipio";"causa_acidente";"tipo_acidente";"classificacao_acidente";"fase_dia";"sentido_via";"condicao_metereologica";"tipo_pista";"tracado_via";"uso_solo";"pessoas";"mortos";"feridos_leves";"feridos_graves";"ilesos";"ignorados";"feridos";"veiculos";"latitude";"longitude";"regional";"delegacia";"uop"
166731;2018-10-21;"domingo";"04:00:00";"SP";381;41;"SAO PAULO";"Falta de Atenção à Condução";"Colisão transversal";"Com Vítimas Feridas";"Plena Noite";"Crescente";"Céu Claro";"Dupla";"Curva";"Sim";2;0;1;0;1;0;1;2;-23,46513593;-46,57138824;"SPRF-SP";"DEL03-SP";"UOP01-DEL03-SP"
166737;2018-10-21;"domingo";"05:05:00";"RJ";40;39,9;"AREAL";"Ingestão de Álcool";"Colisão traseira";"Com Vítimas Feridas";"Amanhecer";"Crescente";"Céu Claro";"Dupla";"Reta";"Não";4;0;1;0;2;1;1;3;-22,23974954;-43,10785711;"SPRF-RJ";"DEL06-RJ";"UOP02-DEL05-RJ"
166745;2018-10-21;"domingo";"06:00:00";"SC";280;255;"CANOINHAS";"Falta de Atenção à Condução";"Saída de leito carroçável";"Com Vítimas Feridas";"Amanhecer";"Crescente";"Nublado";"Simples";"Curva";"Não";2;0;1;0;0;1;1;2;-26,265293;-50,58884;"SPRF-SC";"DEL06-SC";"UOP04-DEL06-SC"
166746;2018-10-21;"domingo";"05:10:00";"MT";163;728;"SORRISO";"Condutor Dormindo";"Colisão lateral";"Sem Vítimas";"Amanhecer";"Crescente";"Nublado";"Simples";"Reta";"Não";4;0;0;0;3;3;0;6;-12,73631;-55,83115;"SPRF-MT";"DEL06-MT";"UOP01-DEL06-MT"
166759;2018-10-20;"sábado";"13:00:00";"MT";163;583,3;"NOVA MUTUM";"Falta de Atenção à Condução";"Saída de leito carroçável";"Com Vítimas Feridas";"Pleno dia";"Decrescente";"Chuva";"Simples";"Reta";"Não";3;0;1;0;1;1;1;2;-13,92606977;-56,09481812;"SPRF-MT";"DEL01-MT";"UOP01-DEL01-MT"
166762;2018-10-21;"domingo";"08:14:00";"SE";101;134,8;"ESTANCIA";"Falta de Atenção à Condução";"Saída de leito carroçável";"Sem Vítimas";"Pleno dia";"Crescente";"Céu Claro";"Dupla";"Reta";"Não";1;0;0;0;1;0;0;1;-11,1395;-37,391;"SPRF-SE";"DEL02-SE";"UOP01-DEL02-SE"
166766;2018-10-21;"domingo";"08:30:00";"SP";381;86,5;"SAO PAULO";"Desobediência às normas de trânsito pelo condutor";"Colisão lateral";"Com Vítimas Feridas";"Pleno dia";"Decrescente";"Céu Claro";"Dupla";"Reta";"Sim";3;0;1;0;0;2;1;3;-23,468115;-46,570439;"SPRF-SP";"DEL03-SP";"DEL6/3-UOP03/SP"
166767;2018-10-21;"domingo";"01:30:00";"RS";158;447;"ROSARIO DO SUL";"Ingestão de Álcool";"Saída de leito carroçável";"Sem Vítimas";"Plena Noite";"Crescente";"Céu Claro";"Simples";"Interseção de Vias";"Não";1;0;0;0;1;0;0;1;-30,22940803;-54,72873688;"SPRF-RS";"DEL11-RS";"UOP02-DEL11-RS"
166770;2018-10-21;"domingo";"07:50:00";"BA";242;556;"OLIVEIRA DOS BREJINHOS";"Condutor Dormindo";"Colisão lateral";"Com Vítimas Feridas";"Pleno dia";"Decrescente";"Céu Claro";"Simples";"Curva";"Não";3;0;1;0;1;3;1;5;-12,026935;-43,055228;"SPRF-BA";"DEL10-BA";"UOP03-DEL06-BA"
166785;2018-10-21;"domingo";"11:00:00";"PR";153;121,6;"IBAITI";"Defeito Mecânico no Veículo";"Tombamento";"Com Vítimas Feridas";"Pleno dia";"Crescente";"Céu Claro";"Simples";"Curva";"Não";2;0;1;0;0;2;1;3;-23,93582135;-50,23910376;"SPRF-PR";"DEL07-PR";"UOP04-DEL07-PR"
166791;2018-10-21;"domingo";"11:15:00";"SE";101;202,4;"CRISTINAPOLIS";"Defeito Mecânico no Veículo";"Incêndio";"Sem Vítimas";"Pleno dia";"Decrescente";"Céu Claro";"Simples";"Reta";"Não";2;0;0;0;1;1;0;2;-11,489567;-37,775605;"SPRF-SE";"DEL02-SE";"UOP03-DEL02-SE"
166795;2018-10-21;"domingo";"13:07:00";"SP";116;567,6;"BARRA DO TURVO";"Velocidade Incompatível";"Tombamento";"Com Vítimas Feridas";"Pleno dia";"Decrescente";"Nublado";"Simples";"Curva";"Não";2;0;1;0;0;1;1;2;-24,756866;-48,50514;"SPRF-SP";"DEL05-SP";"UOP02-DEL05-SP"
166803;2018-10-21;"domingo";"12:45:00";"PA";10;86,9;"SAO FRANCISCO DO PARA";"Desobediência às normas de trânsito pelo condutor";"Colisão frontal";"Com Vítimas Fatais";"Pleno dia";"Crescente";"Sol";"Simples";"Reta";"Não";3;1;0;0;1;2;0;4;-1,31687013;-47,71860123;"SPRF-PA";"DEL02-PA";"UOP02-DEL02-PA"
166806;2018-10-21;"domingo";"14:00:00";"PR";376;601;"CURITIBA";"Sinalização da via insuficiente ou inadequada";"Engavetamento";"Com Vítimas Fatais";"Pleno dia";"Decrescente";"Céu Claro";"Dupla";"Reta";"Sim";16;1;1;1;13;0;2;8;-25,53897588;-49,31234837;"SPRF-PR";"DEL01-PR";"UOP06-DEL01-PR"
166808;2018-10-21;"domingo";"10:50:00";"BA";407;145,5;"FILADELFIA";"Pista Escorregadia";"Colisão traseira";"Com Vítimas Feridas";"Pleno dia";"Decrescente";"Garoa/Chuvisco";"Simples";"Reta";"Sim";4;0;3;0;0;1;3;2;-10,62366073;-40,13112545;"SPRF-BA";"DEL04-BA";"UOP01-DEL04-BA"
166809;2018-10-21;"domingo";"13:20:00";"RJ";393;155,3;"TRES RIOS";"Velocidade Incompatível";"Tombamento";"Com Vítimas Feridas";"Pleno dia";"Decrescente";"Céu Claro";"Simples";"Interseção de Vias";"Sim";2;0;1;0;0;1;1;2;-22,10647593;-43,07724237;"SPRF-RJ";"DEL06-RJ";"UOP01-DEL05-RJ"
166810;2018-10-21;"domingo";"11:00:00";"MT";70;711;"CACERES";"Falta de Atenção à Condução";"Saída de leito carroçável";"Com Vítimas Feridas";"Pleno dia";"Decrescente";"Céu Claro";"Simples";"Reta";"Não";2;0;1;0;0;3;1;4;-16,249168;-57,520451;"SPRF-MT";"DEL03-MT";"UOP01-DEL03-MT"
166829;2018-10-21;"domingo";"16:50:00";"GO";153;230;"URUACU";"Não guardar distância de segurança";"Colisão frontal";"Com Vítimas Feridas";"Anoitecer";"Decrescente";"Chuva";"Simples";"Reta";"Não";3;0;1;0;1;2;1;4;-14,762951;-49,261051;"SPRF-GO";"DEL07-GO";"UOP02-DEL07-GO"
166830;2018-10-21;"domingo";"16:40:00";"SC";470;102;"APIUNA";"Falta de Atenção à Condução";"Colisão frontal";"Com Vítimas Feridas";"Pleno dia";"Decrescente";"Céu Claro";"Simples";"Reta";"Não";4;0;0;1;1;2;1;4;-27,063965;-49,39781159;"SPRF-SC";"DEL04-SC";"UOP02-DEL04-SC"
166847;2018-10-21;"domingo";"17:00:00";"CE";116;13,9;"FORTALEZA";"Falta de Atenção à Condução";"Colisão transversal";"Sem Vítimas";"Anoitecer";"Decrescente";"Céu Claro";"Dupla";"Reta";"Não";2;0;0;0;2;0;0;2;-3,88291226;-38,5009861;"SPRF-CE";"DEL01-CE";"UOP02-DEL01-CE"
166861;2018-10-21;"domingo";"18:40:00";"SP";153;109;"JOSE BONIFACIO";"Desobediência às normas de trânsito pelo pedestre";"Colisão transversal";"Sem Vítimas";"Plena Noite";"Crescente";"Céu Claro";"Simples";"Aclive";"Não";3;0;0;0;2;1;0;3;-21,080267;-49,67062;"SPRF-SP";"DEL09-SP";"UOP01-DEL09-SP"
166866;2018-10-21;"domingo";"19:00:00";"PR";153;363,2;"RIO AZUL";"Animais na Pista";"Atropelamento de Animal";"Com Vítimas Feridas";"Anoitecer";"Decrescente";"Nublado";"Simples";"Reta;Ponte";"Não";2;0;0;1;1;0;1;2;-25,6963941;-50,77540487;"SPRF-PR";"DEL03-PR";"UOP02-DEL08-PR"
166875;2018-10-21;"domingo";"19:35:00";"RS";392;111,5;"CANGUCU";"Falta de Atenção à Condução";"Colisão traseira";"Com Vítimas Feridas";"Plena Noite";"Decrescente";"Céu Claro";"Simples";"Reta";"Não";3;0;0;1;1;1;1;3;-31,454435;-52,6381;"SPRF-RS";"DEL07-RS";"UOP01-DEL07-RS"
166876;2018-10-21;"domingo";"19:00:00";"SP";116;88,6;"PINDAMONHANGABA";"Falta de Atenção à Condução";"Engavetamento";"Com Vítimas Feridas";"Plena Noite";"Decrescente";"Céu Claro";"Dupla";"Reta";"Não";10;0;4;0;5;1;4;6;-22,93507;-45,370316;"SPRF-SP";"DEL06-SP";"UOP01-DEL06-SP"
166883;2018-10-21;"domingo";"19:15:00";"SC";282;634;"DESCANSO";"Falta de Atenção à Condução";"Colisão lateral";"Com Vítimas Feridas";"Plena Noite";"Crescente";"Céu Claro";"Simples";"Aclive";"Não";3;0;1;0;1;2;1;4;-26,825808;-53,420979;"SPRF-SC";"DEL07-SC";"UOP03-DEL07-SC"
166887;2018-10-21;"domingo";"15:00:00";"MG";251;428;"GRAO MOGOL";"Velocidade Incompatível";"Tombamento";"Com Vítimas Feridas";"Pleno dia";"Decrescente";"Céu Claro";"Simples";"Curva";"Não";2;0;1;0;0;2;1;3;-16,3318;-43,1316;"SPRF-MG";"DEL12-MG";"UOP01-DEL12-MG"
166889;2018-10-21;"domingo";"19:00:00";"TO";153;101;"WANDERLANDIA";"Carga excessiva e/ou mal acondicionada";"Incêndio";"Sem Vítimas";"Plena Noite";"Decrescente";"Céu Claro";"Simples";"Reta";"Não";2;0;0;0;1;1;0;2;-6,90120571;-48,02656174;"SPRF-TO";"DEL02-TO";"UOP01-DEL02-TO"
166893;2018-10-21;"domingo";"20:15:00";"RJ";101;502,6;"ANGRA DOS REIS";"Velocidade Incompatível";"Colisão traseira";"Sem Vítimas";"Plena Noite";"Decrescente";"Nublado";"Simples";"Reta";"Sim";2;0;0;0;2;0;0;2;-22,926056;-44,37179;"SPRF-RJ";"DEL03-RJ";"UOP03-DEL03-RJ"
166896;2018-10-21;"domingo";"19:15:00";"AL";101;66,7;"MESSIAS";"Animais na Pista";"Atropelamento de Animal";"Sem Vítimas";"Plena Noite";"Decrescente";"Céu Claro";"Dupla";"Reta";"Não";1;0;0;0;1;0;0;1;-9,332806;-35,82954;"SPRF-AL";"DEL01-AL";"UOP01-DEL01-AL"
166902;2018-10-21;"domingo";"21:25:00";"BA";116;823,4;"VITORIA DA CONQUISTA";"Falta de Atenção à Condução";"Colisão lateral";"Sem Vítimas";"Plena Noite";"Crescente";"Chuva";"Dupla";"Reta;Interseção de Vias";"Sim";2;0;0;0;2;0;0;2;-14,85620012;-40,84932983;"SPRF-BA";"DEL08-BA";"UOP01-DEL08-BA"
166903;2018-10-21;"domingo";"16:25:00";"RS";392;9,6;"RIO GRANDE";"Não guardar distância de segurança";"Colisão traseira";"Com Vítimas Feridas";"Pleno dia";"Decrescente";"Sol";"Dupla";"Reta";"Sim";3;0;1;0;1;1;1;3;-32,110989;-52,112198;"SPRF-RS";"DEL07-RS";"UOP02-DEL07-RS"
166904;2018-10-21;"domingo";"20:00:00";"AL";101;246;"PORTO REAL DO COLEGIO";"Velocidade Incompatível";"Capotamento";"Sem Vítimas";"Plena Noite";"Decrescente";"Céu Claro";"Dupla";"Curva";"Não";1;0;0;0;1;0;0;1;-10,183442;-36,828979;"SPRF-AL";"DEL02-AL";"UOP02-DEL02-AL"
166907;2018-10-21;"domingo";"21:10:00";"GO";50;278,7;"CATALAO";"Falta de Atenção à Condução";"Colisão transversal";"Com Vítimas Feridas";"Plena Noite";"Decrescente";"Nublado";"Simples";"Interseção de Vias";"Sim";4;0;1;1;1;2;2;4;-18,1696;-47,92;"SPRF-GO";"DEL06-GO";"UOP01-DEL06-GO"
166912;2018-10-21;"domingo";"20:50:00";"PA";316;184,1;"SANTA LUZIA DO PARA";"Desobediência às normas de trânsito pelo condutor";"Colisão frontal";"Com Vítimas Fatais";"Plena Noite";"Crescente";"Céu Claro";"Simples";"Reta";"Não";2;1;0;0;1;0;0;2;-1,441149;-46,97333828;"SPRF-PA";"DEL01-PA";"UOP03-DEL01-PA"
166917;2018-10-21;"domingo";"20:20:00";"BA";101;122;"ALAGOINHAS";"Ultrapassagem Indevida";"Colisão frontal";"Com Vítimas Feridas";"Plena Noite";"Crescente";"Chuva";"Simples";"Aclive;Curva";"Não";2;0;0;1;1;0;1;2;-12,15312283;-38,51428986;"SPRF-BA";"DEL01-BA";"UOP04-DEL01-BA"
166920;2018-10-22;"segunda-feira";"00:00:00";"RJ";116;238;"PIRAI";"Defeito na Via";"Tombamento";"Com Vítimas Feridas";"Plena Noite";"Crescente";"Céu Claro";"Dupla";"Reta";"Não";3;0;1;0;0;2;1;3;-22,664669;-43,883373;"SPRF-RJ";"DEL07-RJ";"UOP01-DEL07-RJ"
166927;2018-10-21;"domingo";"23:48:00";"RS";468;103,4;"TRES PASSOS";"Ingestão de Álcool";"Colisão lateral";"Com Vítimas Feridas";"Plena Noite";"Crescente";"Céu Claro";"Simples";"Reta";"Não";3;0;1;0;1;1;1;3;-27,4599;-53,941212;"SPRF-RS";"DEL08-RS";"UOP02-DEL08-RS"
166937;2018-10-22;"segunda-feira";"01:30:00";"RS";470;285;"MONTENEGRO";"Falta de Atenção à Condução";"Colisão transversal";"Com Vítimas Feridas";"Plena Noite";"Crescente";"Céu Claro";"Simples";"Interseção de Vias";"Não";2;0;0;1;1;0;1;2;-29,64621358;-51,46169901;"SPRF-RS";"DEL04-RS";"UOP02-DEL04-RS"
166955;2018-10-22;"segunda-feira";"07:15:00";"ES";101;266,4;"SERRA";"Não guardar distância de segurança";"Colisão lateral";"Com Vítimas Feridas";"Pleno dia";"Crescente";"Sol";"Múltipla";"Interseção de Vias";"Sim";4;0;0;1;2;1;1;4;-20,19393198;-40,26863694;"SPRF-ES";"DEL02-ES";"UOP01-DEL02-ES"
166970;2018-10-22;"segunda-feira";"07:50:00";"SC";282;4,7;"SAO JOSE";"Falta de Atenção à Condução";"Colisão lateral";"Com Vítimas Feridas";"Pleno dia";"Decrescente";"Sol";"Dupla";"Reta";"Sim";4;0;2;0;1;1;2;3;-27,59025818;-48,60911423;"SPRF-SC";"DEL01-SC";"UOP01-DEL01-SC"
166973;2018-10-22;"segunda-feira";"07:00:00";"MG";50;27,6;"ARAGUARI";"Defeito Mecânico no Veículo";"Capotamento";"Com Vítimas Feridas";"Pleno dia";"Crescente";"Nublado";"Dupla";"Aclive;Reta";"Não";2;0;1;1;0;0;2;1;-18,61912093;-48,10067654;"SPRF-MG";"DEL15-MG";"UOP02-DEL15-MG"
166977;2018-10-03;"quarta-feira";"19:05:00";"PB";230;49;"SANTA RITA";"Falta de Atenção à Condução";"Colisão traseira";"Com Vítimas Feridas";"Plena Noite";"Crescente";"Céu Claro";"Dupla";"Reta";"Não";3;0;0;1;2;0;1;3;-7,18055385;-35,04880875;"SPRF-PB";"DEL01-PB";"UOP03-DEL01-PB"
166996;2018-10-22;"segunda-feira";"10:18:00";"PE";101;90;"CABO DE SANTO AGOSTINHO";"Falta de Atenção à Condução";"Capotamento";"Com Vítimas Feridas";"Pleno dia";"Decrescente";"Céu Claro";"Dupla";"Reta";"Sim";4;0;1;0;1;2;1;4;-8,22799805;-34,99501181;"SPRF-PE";"DEL01-PE";"UOP03-DEL01-PE"
167000;2018-10-22;"segunda-feira";"07:45:00";"SC";470;257,8;"CURITIBANOS";"Não guardar distância de segurança";"Colisão traseira";"Com Vítimas Feridas";"Pleno dia";"Crescente";"Nublado";"Simples";"Interseção de Vias;Reta";"Não";2;0;1;0;1;0;1;2;-27,308815;-50,641468;"SPRF-SC";"DEL05-SC";"UOP03-DEL05-SC"
167002;2018-07-31;"terça-feira";"06:00:00";"PR";376;679,5;"GUARATUBA";"Velocidade Incompatível";"Tombamento";"Com Vítimas Feridas";"Plena Noite";"Crescente";"Garoa/Chuvisco";"Dupla";"Reta";"Não";3;0;1;0;1;1;1;3;-25,95696427;-48,90079021;"SPRF-PR";"DEL01-PR";"DEL7/1-UOP08/PR"
167004;2018-10-19;"sexta-feira";"07:30:00";"BA";242;350;"LAJEDINHO";"Velocidade Incompatível";"Tombamento";"Sem Vítimas";"Pleno dia";"Crescente";"Céu Claro";"Simples";"Curva";"Não";2;0;0;0;1;3;0;4;-12,44493737;-40,87573316;"SPRF-BA";"DEL06-BA";"UOP01-DEL06-BA"
167006;2018-10-22;"segunda-feira";"09:46:00";"BA";101;819;"ITAMARAJU";"Pista Escorregadia";"Saída de leito carroçável";"Com Vítimas Fatais";"Pleno dia";"Crescente";"Garoa/Chuvisco";"Simples";"Curva";"Não";3;1;0;2;0;0;2;1;-17,0985;-39,5657;"SPRF-BA";"DEL09-BA";"UOP01-DEL09-BA"
167008;2018-10-22;"segunda-feira";"10:30:00";"PE";232;408;"SERRA TALHADA";"Falta de Atenção à Condução";"Colisão transversal";"Com Vítimas Fatais";"Pleno dia";"Crescente";"Céu Claro";"Simples";"Reta";"Sim";3;1;0;0;2;0;0;3;-7,98339853;-38,28129977;"SPRF-PE";"DEL04-PE";"UOP01-DEL04-PE"
167015;2018-10-22;"segunda-feira";"08:35:00";"SC";470;276,4;"BRUNOPOLIS";"Condutor Dormindo";"Colisão frontal";"Com Vítimas Feridas";"Pleno dia";"Crescente";"Céu Claro";"Simples";"Reta";"Não";8;0;4;1;2;1;5;3;-27,329716;-50,823788;"SPRF-SC";"DEL07-SC";"UOP06-DEL07-SC"
167018;2018-10-22;"segunda-feira";"13:20:00";"SP";116;198;"ARUJA";"Não guardar distância de segurança";"Colisão traseira";"Com Vítimas Feridas";"Pleno dia";"Crescente";"Céu Claro";"Dupla";"Reta";"Sim";5;0;2;0;2;1;2;3;-23,40092401;-46,3077683;"SPRF-SP";"DEL01-SP";"UOP02-DEL01-SP"
167019;2018-10-22;"segunda-feira";"09:00:00";"MT";364;60;"ALTO GARCAS";"Velocidade Incompatível";"Colisão lateral";"Sem Vítimas";"Pleno dia";"Decrescente";"Sol";"Simples";"Reta";"Sim";3;0;0;0;2;3;0;5;-16,936035;-53,551529;"SPRF-MT";"DEL02-MT";"UOP02-DEL02-MT"
167021;2018-10-22;"segunda-feira";"13:40:00";"SC";101;101,5;"BALNEARIO PICARRAS";"Sinalização da via insuficiente ou inadequada";"Colisão traseira";"Com Vítimas Feridas";"Pleno dia";"Decrescente";"Sol";"Dupla";"Aclive;Reta";"Não";3;0;0;1;1;2;1;4;-26,76973277;-48,68585852;"SPRF-SC";"DEL03-SC";"UOP02-DEL03-SC"
167026;2018-10-22;"segunda-feira";"13:40:00";"BA";101;447;"AURELINO LEAL";"Velocidade Incompatível";"Saída de leito carroçável";"Com Vítimas Fatais";"Pleno dia";"Crescente";"Nublado";"Simples";"Curva";"Não";3;1;0;1;0;1;1;2;-14,335559;-39,316608;"SPRF-BA";"DEL05-BA";"UOP01-DEL05-BA"
167028;2018-08-03;"sexta-feira";"23:30:00";"SP";381;30,2;"ATIBAIA";"Condutor Dormindo";"Colisão com objeto estático";"Sem Vítimas";"Plena Noite";"Decrescente";"Chuva";"Dupla";"Reta";"Não";2;0;0;0;1;1;0;2;-23,05059;-46,565973;"SPRF-SP";"DEL03-SP";"UOP02-DEL03-SP"
167031;2018-10-22;"segunda-feira";"14:40:00";"SP";116;231,4;"SAO PAULO";"Não guardar distância de segurança";"Colisão traseira";"Com Vítimas Feridas";"Pleno dia";"Crescente";"Céu Claro";"Múltipla";"Reta";"Sim";3;0;2;0;1;0;2;2;-23,52763532;-46,58967523;"SPRF-SP";"DEL01-SP";"UOP01-DEL01-SP"
167035;2018-10-11;"quinta-feira";"04:50:00";"SP";116;394,8;"MIRACATU";"Condutor Dormindo";"Colisão lateral";"Com Vítimas Feridas";"Amanhecer";"Decrescente";"Chuva";"Dupla";"Reta";"Sim";3;0;1;0;1;2;1;4;-24,28568669;-47,45278194;"SPRF-SP";"DEL04-SP";"UOP02-DEL04-SP"
167036;2018-10-22;"segunda-feira";"14:00:00";"SC";101;149;"ITAPEMA";"Desobediência às normas de trânsito pelo condutor";"Colisão lateral";"Com Vítimas Feridas";"Pleno dia";"Decrescente";"Sol";"Dupla";"Reta";"Sim";2;0;1;0;1;0;1;2;-27,10989609;-48,61201102;"SPRF-SC";"DEL04-SC";"UOP03-DEL04-SC"
167040;2018-10-22;"segunda-feira";"15:20:00";"PR";376;492,1;"PONTA GROSSA";"Velocidade Incompatível";"Engavetamento";"Com Vítimas Feridas";"Pleno dia";"Crescente";"Céu Claro";"Dupla";"Reta";"Não";5;0;0;1;3;1;1;5;-25,12072996;-50,18486023;"SPRF-PR";"DEL03-PR";"UOP04-DEL03-PR"
167042;2018-10-22;"segunda-feira";"17:00:00";"SP";116;220;"GUARULHOS";"Falta de Atenção à Condução";"Engavetamento";"Com Vítimas Feridas";"Pleno dia";"Decrescente";"Céu Claro";"Múltipla";"Reta";"Sim";3;0;1;0;2;0;1;3;-23,47375688;-46,52156353;"SPRF-SP";"DEL01-SP";"UOP01-DEL01-SP"
167047;2018-10-22;"segunda-feira";"11:30:00";"RO";364;13;"VILHENA";"Falta de Atenção à Condução";"Colisão lateral";"Sem Vítimas";"Pleno dia";"Crescente";"Céu Claro";"Dupla";"Rotatória";"Sim";3;0;0;0;2;1;0;3;-12,7414;-60,130264;"SPRF-RO";"DEL04-RO";"UOP01-DEL04-RO"
167049;2018-09-28;"sexta-feira";"11:00:00";"BA";101;125,8;"ARAMARI";"Falta de Atenção à Condução";"Colisão transversal";"Com Vítimas Feridas";"Pleno dia";"Crescente";"Céu Claro";"Simples";"Interseção de Vias";"Não";7;0;5;1;1;0;6;2;-12,15882845;-38,55108976;"SPRF-BA";"DEL01-BA";"UOP04-DEL01-BA"
167051;2018-10-22;"segunda-feira";"13:35:00";"BA";101;825;"ITAMARAJU";"Pista Escorregadia";"Colisão frontal";"Com Vítimas Feridas";"Pleno dia";"Decrescente";"Chuva";"Simples";"Curva";"Não";3;0;1;0;1;2;1;4;-17,1435;-39,5687;"SPRF-BA";"DEL09-BA";"UOP01-DEL09-BA"
167053;2018-10-22;"segunda-feira";"15:25:00";"PR";277;7;"PARANAGUA";"Desobediência às normas de trânsito pelo condutor";"Colisão frontal";"Com Vítimas Feridas";"Pleno dia";"Decrescente";"Céu Claro";"Simples";"Interseção de Vias";"Sim";3;0;0;1;1;2;1;4;-25,50942238;-48,51847619;"SPRF-PR";"DEL01-PR";"UOP05-DEL01-PR"
167057;2018-10-22;"segunda-feira";"16:45:00";"SC";101;204,5;"SAO JOSE";"Falta de Atenção à Condução";"Colisão traseira";"Com Vítimas Feridas";"Pleno dia";"Decrescente";"Sol";"Dupla";"Reta";"Sim";4;0;2;0;2;0;2;3;-27,5832;-48,6151;"SPRF-SC";"DEL01-SC";"UOP01-DEL01-SC"
167058;2018-10-22;"segunda-feira";"16:10:00";"PR";376;491,2;"PONTA GROSSA";"Velocidade Incompatível";"Colisão lateral";"Com Vítimas Feridas";"Pleno dia";"Crescente";"Sol";"Dupla";"Declive";"Sim";2;0;1;0;1;0;1;2;-25,10936593;-50,1903483;"SPRF-PR";"DEL03-PR";"UOP04-DEL03-PR"
167059;2018-10-22;"segunda-feira";"15:30:00";"PR";277;1,3;"PARANAGUA";"Falta de Atenção à Condução";"Colisão lateral";"Sem Vítimas";"Pleno dia";"Crescente";"Céu Claro";"Dupla";"Interseção de Vias";"Sim";4;0;0;0;3;2;0;4;-25,55179224;-48,55242491;"SPRF-PR";"DEL01-PR";"UOP05-DEL01-PR"
167066;2018-10-22;"segunda-feira";"15:45:00";"AC";364;121,3;"RIO BRANCO";"Desobediência às normas de trânsito pelo condutor";"Colisão lateral";"Com Vítimas Feridas";"Pleno dia";"Decrescente";"Céu Claro";"Simples";"Reta";"Sim";2;0;1;0;1;0;1;2;-10,01207673;-67,76748061;"SPRF-AC";"DEL01-AC";"UOP01-DEL01-AC"
167067;2018-10-22;"segunda-feira";"10:05:00";"SC";282;464,5;"PONTE SERRADA";"Falta de Atenção à Condução";"Tombamento";"Com Vítimas Feridas";"Pleno dia";"Decrescente";"Céu Claro";"Simples";"Reta";"Não";2;0;1;0;0;1;1;2;-26,85309656;-52,07596779;"SPRF-SC";"DEL07-SC";"UOP04-DEL07-SC"
167068;2018-10-22;"segunda-feira";"17:00:00";"CE";116;32,9;"AQUIRAZ";"Falta de Atenção à Condução";"Colisão transversal";"Com Vítimas Feridas";"Anoitecer";"Crescente";"Céu Claro";"Dupla";"Curva";"Sim";2;0;1;0;1;0;1;2;-4,0397;-38,5089;"SPRF-CE";"DEL01-CE";"UOP02-DEL01-CE"
167077;2018-10-22;"segunda-feira";"18:10:00";"TO";153;143;"ARAGUAINA";"Falta de Atenção à Condução";"Colisão transversal";"Com Vítimas Feridas";"Anoitecer";"Decrescente";"Céu Claro";"Dupla";"Reta";"Sim";3;0;0;1;1;1;1;3;-7,188663;-48,232079;"SPRF-TO";"DEL02-TO";"UOP01-DEL02-TO"
167078;2018-10-22;"segunda-feira";"15:50:00";"MG";116;510,8;"UBAPORANGA";"Defeito Mecânico no Veículo";"Saída de leito carroçável";"Com Vítimas Feridas";"Pleno dia";"Crescente";"Sol";"Simples";"Reta";"Não";1;0;1;0;0;0;1;1;-19,638314;-42,106041;"SPRF-MG";"DEL06-MG";"UOP02-DEL06-MG"
167080;2018-10-22;"segunda-feira";"16:00:00";"MS";158;69,7;"PARANAIBA";"Falta de Atenção à Condução";"Colisão traseira";"Com Vítimas Fatais";"Pleno dia";"Crescente";"Céu Claro";"Simples";"Declive";"Não";3;1;0;0;1;3;0;5;-19,484943;-51,29626;"SPRF-MS";"DEL08-MS";"UOP01-DEL08-MS"
167085;2018-10-22;"segunda-feira";"18:00:00";"CE";116;16,5;"EUSEBIO";"Falta de Atenção à Condução";"Colisão lateral";"Com Vítimas Feridas";"Plena Noite";"Decrescente";"Céu Claro";"Dupla";"Reta";"Sim";2;0;1;0;1;0;1;2;-3,89233191;-38,50219309;"SPRF-CE";"DEL01-CE";"UOP02-DEL01-CE"
167094;2018-10-22;"segunda-feira";"19:30:00";"MG";40;608,5;"CONGONHAS";"Falta de Atenção à Condução";"Colisão traseira";"Sem Vítimas";"Plena Noite";"Crescente";"Céu Claro";"Simples";"Declive;Reta";"Não";3;0;0;0;2;2;0;4;-20,49310986;-43,83690566;"SPRF-MG";"DEL05-MG";"UOP02-DEL05-MG"
167098;2018-10-22;"segunda-feira";"19:45:00";"MG";381;921,2;"CAMANDUCAIA";"Falta de Atenção à Condução";"Tombamento";"Com Vítimas Feridas";"Plena Noite";"Crescente";"Céu Claro";"Dupla";"Declive;Curva";"Não";1;0;1;0;0;0;1;1;-22,7658;-46,1763;"SPRF-MG";"DEL16-MG";"UOP03-DEL16-MG"
167099;2018-10-22;"segunda-feira";"18:15:00";"PB";230;240,6;"JUAZEIRINHO";"Deficiência ou não Acionamento do Sistema de Iluminação/Sinalização do Veículo";"Colisão traseira";"Com Vítimas Feridas";"Plena Noite";"Crescente";"Céu Claro";"Simples";"Reta";"Sim";4;0;2;0;1;1;2;2;-7,0666;-36,57;"SPRF-PB";"DEL02-PB";"UOP02-DEL02-PB"
167106;2018-10-22;"segunda-feira";"17:00:00";"MT";70;247;"PRIMAVERA DO LESTE";"Ingestão de Álcool";"Saída de leito carroçável";"Com Vítimas Feridas";"Anoitecer";"Decrescente";"Chuva";"Simples";"Reta";"Não";1;0;1;0;0;0;1;1;-15,623631;-54,088329;"SPRF-MT";"DEL05-MT";"UOP01-DEL05-MT"