"id";"data_inversa";"dia_semana";"horario";"uf";"br";"km";"municipio";"causa_acidente";"tipo_acidente";"classificacao_acidente";"fase_dia";"sentido_via";"condicao_metereologica";"tipo_pista";"tracado_via";"uso_solo";"pessoas";"mortos";"feridos_leves";"feridos_graves";"ilesos";"ignorados";"feridos";"veiculos";"latitude";"longitude";"regional";"delegacia";"uop"
167108;2018-10-22;"segunda-feira";"19:10:00";"SC";282;497,2;"XANXERE";"Falta de Atenção à Condução";"Colisão lateral";"Com Vítimas Feridas";"Plena Noite";"Decrescente";"Céu Claro";"Simples";"Curva;Aclive";"Não";5;0;1;0;2;2;1;4;-26,880062;-52,344685;"SPRF-SC";"DEL07-SC";"UOP01-DEL07-SC"
167109;2018-10-22;"segunda-feira";"20:40:00";"RJ";393;164,9;"TRES RIOS";"Não guardar distância de segurança";"Colisão lateral";"Sem Vítimas";"Plena Noite";"Decrescente";"Céu Claro";"Simples";"Curva";"Não";2;0;0;0;2;0;0;2;-22,1213338;-43,18609178;"SPRF-RJ";"DEL06-RJ";"UOP01-DEL05-RJ"
167111;2018-10-22;"segunda-feira";"18:40:00";"SC";282;396,6;"JOACABA";"Falta de Atenção à Condução";"Colisão frontal";"Com Vítimas Feridas";"Plena Noite";"Crescente";"Nublado";"Simples";"Curva";"Não";4;0;1;0;3;0;1;2;-27,15648134;-51,60001516;"SPRF-SC";"DEL07-SC";"UOP05-DEL07-SC"
167116;2018-10-22;"segunda-feira";"21:40:00";"SC";282;512,2;"XANXERE";"Falta de Atenção à Condução";"Tombamento";"Sem Vítimas";"Plena Noite";"Decrescente";"Céu Claro";"Simples";"Reta";"Não";2;0;0;0;1;1;0;2;-26,90529933;-52,46394211;"SPRF-SC";"DEL07-SC";"UOP01-DEL07-SC"
167120;2018-10-22;"segunda-feira";"21:50:00";"GO";153;508,2;"APARECIDA DE GOIANIA";"Defeito Mecânico no Veículo";"Colisão traseira";"Sem Vítimas";"Plena Noite";"Crescente";"Ignorado";"Múltipla";"Declive";"Sim";2;0;0;0;2;0;0;2;-16,7804;-49,2371;"SPRF-GO";"DEL01-GO";"UOP03-DEL01-GO"
167123;2018-10-22;"segunda-feira";"19:30:00";"PI";135;335;"SANTA LUZ";"Defeito na Via";"Tombamento";"Sem Vítimas";"Plena Noite";"Crescente";"Céu Claro";"Simples";"Reta";"Não";2;0;0;0;1;2;0;3;-8,970452;-44,270531;"SPRF-PI";"DEL03-PI";"UOP02-DEL03-PI"
167125;2018-10-22;"segunda-feira";"19:00:00";"RS";285;567,6;"SAO LUIZ GONZAGA";"Falta de Atenção à Condução";"Colisão transversal";"Com Vítimas Feridas";"Anoitecer";"Crescente";"Nublado";"Simples";"Reta";"Sim";5;0;1;0;4;0;1;2;-28,4178511;-54,96569932;"SPRF-RS";"DEL12-RS";"UOP01-DEL12-RS"
167132;2018-10-23;"terça-feira";"04:00:00";"PA";316;23;"BENEVIDES";"Condutor Dormindo";"Colisão traseira";"Com Vítimas Feridas";"Amanhecer";"Decrescente";"Céu Claro";"Dupla";"Reta";"Sim";8;0;1;5;1;1;6;3;-1,360972;-48,262413;"SPRF-PA";"DEL01-PA";"DEL19/1-UOP05/PA"
167135;2018-10-23;"terça-feira";"05:00:00";"RJ";116;115;"MAGE";"Falta de Atenção à Condução";"Saída de leito carroçável";"Com Vítimas Feridas";"Amanhecer";"Crescente";"Céu Claro";"Dupla";"Reta";"Sim";1;0;1;0;0;0;1;1;-22,61594213;-43,03843081;"SPRF-RJ";"DEL04-RJ";"UOP02-DEL04-RJ"
167137;2018-10-23;"terça-feira";"05:30:00";"MG";381;526,8;"BRUMADINHO";"Velocidade Incompatível";"Tombamento";"Com Vítimas Feridas";"Amanhecer";"Decrescente";"Nublado";"Dupla";"Curva";"Não";4;0;2;1;0;1;3;2;-20,1511;-44,3256;"SPRF-MG";"DEL04-MG";"UOP03-DEL04-MG"
167138;2018-10-23;"terça-feira";"04:50:00";"MT";364;376,7;"SANTO ANTONIO DO LEVERGER";"Falta de Atenção à Condução";"Colisão frontal";"Sem Vítimas";"Amanhecer";"Crescente";"Céu Claro";"Simples";"Reta";"Não";4;0;0;0;3;3;0;6;-15,70407452;-55,7343097;"SPRF-MT";"DEL02-MT";"UOP02-DEL01-MT"
167142;2018-10-23;"terça-feira";"06:10:00";"RJ";116;220;"PARACAMBI";"Carga excessiva e/ou mal acondicionada";"Tombamento";"Sem Vítimas";"Pleno dia";"Crescente";"Céu Claro";"Simples";"Curva";"Não";2;0;0;0;1;1;0;2;-22,700907;-43,757046;"SPRF-RJ";"DEL07-RJ";"UOP01-DEL07-RJ"
167146;2018-10-23;"terça-feira";"05:00:00";"BA";101;726,4;"EUNAPOLIS";"Condutor Dormindo";"Saída de leito carroçável";"Com Vítimas Feridas";"Amanhecer";"Decrescente";"Nublado";"Simples";"Curva;Aclive";"Não";1;0;1;0;0;0;1;1;-16,4305;-39,5773;"SPRF-BA";"DEL09-BA";"UOP01-DEL09-BA"
167152;2018-10-23;"terça-feira";"06:30:00";"RJ";101;48;"CAMPOS DOS GOYTACAZES";"Falta de Atenção à Condução";"Colisão lateral";"Com Vítimas Feridas";"Pleno dia";"Crescente";"Céu Claro";"Simples";"Reta";"Não";2;0;1;0;1;0;1;2;-21,616257;-41,315357;"SPRF-RJ";"DEL08-RJ";"UOP01-DEL08-RJ"
167154;2018-10-23;"terça-feira";"07:35:00";"GO";40;92;"CRISTALINA";"Desobediência às normas de trânsito pelo condutor";"Saída de leito carroçável";"Com Vítimas Feridas";"Pleno dia";"Crescente";"Nublado";"Simples";"Reta";"Não";3;0;1;0;1;1;1;3;-16,73107098;-47,62616158;"SPRF-DF";"DEL01-DF";"UOP02-DEL01-DF"
167161;2018-10-23;"terça-feira";"06:45:00";"PR";116;27,6;"CAMPINA GRANDE DO SUL";"Falta de Atenção à Condução";"Colisão com objeto estático";"Sem Vítimas";"Pleno dia";"Decrescente";"Sol";"Dupla";"Curva";"Sim";2;0;0;0;1;1;0;2;-25,11197728;-48,80283594;"SPRF-PR";"DEL01-PR";"UOP02-DEL01-PR"
167167;2018-10-23;"terça-feira";"08:15:00";"RJ";101;54,2;"CAMPOS DOS GOYTACAZES";"Não guardar distância de segurança";"Colisão frontal";"Com Vítimas Fatais";"Pleno dia";"Crescente";"Céu Claro";"Simples";"Aclive";"Sim";2;1;0;0;1;0;0;2;-21,669363;-41,311115;"SPRF-RJ";"DEL08-RJ";"UOP01-DEL08-RJ"
167170;2018-10-23;"terça-feira";"08:35:00";"DF";70;19;"BRASILIA";"Defeito Mecânico no Veículo";"Saída de leito carroçável";"Com Vítimas Feridas";"Pleno dia";"Decrescente";"Céu Claro";"Dupla";"Aclive;Reta";"Não";1;0;1;0;0;0;1;1;-15,78564618;-48,23204041;"SPRF-DF";"DEL01-DF";"UOP02-DEL03-DF"
167174;2018-10-23;"terça-feira";"08:50:00";"MG";40;469;"SETE LAGOAS";"Desobediência às normas de trânsito pelo condutor";"Colisão transversal";"Sem Vítimas";"Pleno dia";"Decrescente";"Céu Claro";"Dupla";"Reta";"Não";3;0;0;0;2;1;0;3;-19,469;-44,295;"SPRF-MG";"DEL02-MG";"UOP01-DEL02-MG"
167176;2018-10-23;"terça-feira";"07:20:00";"SC";153;42;"PONTE SERRADA";"Carga excessiva e/ou mal acondicionada";"Capotamento";"Com Vítimas Feridas";"Amanhecer";"Crescente";"Garoa/Chuvisco";"Simples";"Reta";"Não";2;0;1;0;0;1;1;2;-26,860281;-51,744846;"SPRF-SC";"DEL07-SC";"UOP07-DEL07-SC"
167179;2018-10-23;"terça-feira";"09:15:00";"MG";116;780,7;"LEOPOLDINA";"Falta de Atenção à Condução";"Colisão lateral";"Com Vítimas Feridas";"Pleno dia";"Decrescente";"Céu Claro";"Simples";"Curva;Aclive";"Não";7;0;2;0;5;0;2;2;-21,58848905;-42,68737793;"SPRF-MG";"DEL07-MG";"UOP01-DEL07-MG"
167180;2018-10-23;"terça-feira";"08:30:00";"BA";116;411;"FEIRA DE SANTANA";"Desobediência às normas de trânsito pelo condutor";"Colisão transversal";"Sem Vítimas";"Pleno dia";"Decrescente";"Chuva";"Simples";"Reta";"Não";4;0;0;0;3;1;0;4;-12,13735;-38,96808;"SPRF-BA";"DEL02-BA";"UOP01-DEL02-BA"
167205;2018-10-23;"terça-feira";"13:15:00";"PE";428;187,3;"PETROLINA";"Desobediência às normas de trânsito pelo condutor";"Colisão traseira";"Com Vítimas Feridas";"Pleno dia";"Crescente";"Céu Claro";"Simples";"Reta";"Sim";2;0;1;0;0;1;1;2;-9,37122371;-40,48641086;"SPRF-PE";"DEL06-PE";"UOP01-DEL06-PE"
167206;2018-10-23;"terça-feira";"10:30:00";"MT";163;704;"SORRISO";"Ultrapassagem Indevida";"Colisão lateral";"Com Vítimas Feridas";"Pleno dia";"Crescente";"Nublado";"Simples";"Aclive";"Não";3;0;1;0;2;0;1;2;-13,01593107;-55,89294434;"SPRF-MT";"DEL06-MT";"UOP01-DEL06-MT"
167213;2018-10-23;"terça-feira";"11:45:00";"MG";381;585;"CARMOPOLIS DE MINAS";"Carga excessiva e/ou mal acondicionada";"Tombamento";"Com Vítimas Feridas";"Pleno dia";"Decrescente";"Céu Claro";"Dupla";"Reta";"Não";2;0;1;0;0;1;1;2;-20,5219;-44,6269;"SPRF-MG";"DEL04-MG";"UOP01-DEL04-MG"
167216;2018-10-23;"terça-feira";"13:45:00";"GO";40;5,5;"VALPARAISO DE GOIAS";"Falta de Atenção à Condução";"Colisão transversal";"Com Vítimas Feridas";"Pleno dia";"Crescente";"Nublado";"Dupla";"Reta";"Não";3;0;1;0;2;0;1;2;-16,09705179;-47,97976792;"SPRF-DF";"DEL01-DF";"UOP01-DEL01-DF"
167218;2018-10-23;"terça-feira";"10:45:00";"MA";135;150;"MATOES DO NORTE";"Defeito na Via";"Tombamento";"Sem Vítimas";"Pleno dia";"Decrescente";"Sol";"Simples";"Reta";"Não";2;0;0;0;1;1;0;2;-3,71146721;-44,51728821;"SPRF-MA";"DEL01-MA";"UOP02-DEL01-MA"
167225;2018-10-23;"terça-feira";"14:25:00";"RS";290;20,9;"SANTO ANTONIO DA PATRULHA";"Falta de Atenção à Condução";"Colisão traseira";"Com Vítimas Fatais";"Pleno dia";"Decrescente";"Céu Claro";"Dupla";"Reta";"Não";4;1;2;1;0;0;3;2;-29,88870014;-50,45708084;"SPRF-RS";"DEL03-RS";"UOP02-DEL03-RS"
167228;2018-10-23;"terça-feira";"16:40:00";"GO";60;128,8;"GOIANIA";"Velocidade Incompatível";"Saída de leito carroçável";"Com Vítimas Feridas";"Pleno dia";"Crescente";"Chuva";"Dupla";"Reta";"Não";2;0;1;0;1;0;1;1;-16,564;-49,154;"SPRF-GO";"DEL01-GO";"UOP01-DEL01-GO"
167242;2018-10-23;"terça-feira";"14:30:00";"MT";364;299;"JACIARA";"Falta de Atenção à Condução";"Tombamento";"Com Vítimas Feridas";"Pleno dia";"Decrescente";"Céu Claro";"Dupla";"Reta";"Não";2;0;1;0;0;2;1;3;-15,828085;-55,188599;"SPRF-MT";"DEL02-MT";"UOP02-DEL05-MT"
167253;2018-10-23;"terça-feira";"16:50:00";"CE";116;19;"EUSEBIO";"Carga excessiva e/ou mal acondicionada";"Derramamento de carga";"Sem Vítimas";"Pleno dia";"Decrescente";"Céu Claro";"Dupla";"Retorno Regulamentado";"Sim";2;0;0;0;1;1;0;2;-3,91816048;-38,50684941;"SPRF-CE";"DEL01-CE";"UOP02-DEL01-CE"
167258;2018-10-23;"terça-feira";"12:00:00";"RS";386;305,9;"POUSO NOVO";"Velocidade Incompatível";"Tombamento";"Sem Vítimas";"Pleno dia";"Crescente";"Nublado";"Simples";"Curva";"Não";1;0;0;0;1;0;0;1;-29,20842091;-52,18130166;"SPRF-RS";"DEL04-RS";"UOP01-DEL04-RS"
167264;2018-10-23;"terça-feira";"13:10:00";"PR";277;393;"CANDOI";"Falta de Atenção à Condução";"Saída de leito carroçável";"Com Vítimas Feridas";"Pleno dia";"Crescente";"Nublado";"Simples";"Reta";"Não";5;0;2;0;1;2;2;4;-25,44784738;-51,90719247;"SPRF-PR";"DEL03-PR";"UOP01-DEL08-PR"
167271;2018-10-23;"terça-feira";"19:00:00";"AL";101;114,4;"PILAR";"Velocidade Incompatível";"Tombamento";"Com Vítimas Fatais";"Plena Noite";"Crescente";"Céu Claro";"Simples";"Curva";"Não";1;1;0;0;0;0;0;1;-9,628554;-36,030724;"SPRF-AL";"DEL02-AL";"UOP01-DEL02-AL"
167273;2018-10-23;"terça-feira";"17:15:00";"GO";414;373,7;"COCALZINHO DE GOIAS";"Falta de Atenção à Condução";"Atropelamento de Pedestre";"Com Vítimas Feridas";"Anoitecer";"Decrescente";"Nublado";"Simples";"Reta;Em Obras";"Sim";3;0;0;1;1;1;1;2;-15,78265214;-48,76823008;"SPRF-GO";"DEL02-GO";"UOP01-DEL02-GO"
167277;2018-10-23;"terça-feira";"09:45:00";"MT";70;239;"PRIMAVERA DO LESTE";"Falta de Atenção à Condução";"Tombamento";"Com Vítimas Feridas";"Pleno dia";"Decrescente";"Céu Claro";"Simples";"Curva";"Não";2;0;1;0;0;2;1;3;-15,624031;-54,020035;"SPRF-MT";"DEL05-MT";"UOP01-DEL05-MT"
167285;2018-10-23;"terça-feira";"18:50:00";"SC";101;206,2;"SAO JOSE";"Desobediência às normas de trânsito pelo condutor";"Colisão lateral";"Com Vítimas Fatais";"Anoitecer";"Crescente";"Nublado";"Múltipla";"Aclive;Reta";"Sim";4;1;0;0;2;3;0;6;-27,59356719;-48,61879349;"SPRF-SC";"DEL01-SC";"UOP01-DEL01-SC"
167295;2018-10-23;"terça-feira";"22:30:00";"TO";153;220;"NOVA OLINDA";"Carga excessiva e/ou mal acondicionada";"Capotamento";"Com Vítimas Feridas";"Plena Noite";"Crescente";"Nublado";"Simples";"Reta";"Não";2;0;1;0;0;1;1;2;-7,81876;-48,452724;"SPRF-TO";"DEL02-TO";"UOP01-DEL02-TO"
167297;2018-10-24;"quarta-feira";"00:00:00";"MG";50;71;"UBERLANDIA";"Falta de Atenção à Condução";"Colisão traseira";"Com Vítimas Feridas";"Plena Noite";"Decrescente";"Céu Claro";"Dupla";"Reta";"Não";3;0;0;1;1;3;1;5;-18,9002;-48,2401;"SPRF-MG";"DEL15-MG";"UOP01-DEL15-MG"
167298;2018-10-23;"terça-feira";"21:30:00";"RS";472;525;"URUGUAIANA";"Defeito Mecânico no Veículo";"Incêndio";"Sem Vítimas";"Plena Noite";"Decrescente";"Céu Claro";"Simples";"Reta";"Não";2;0;0;0;2;0;0;1;-29,46825928;-56,68464661;"SPRF-RS";"DEL13-RS";"UOP01-DEL13-RS"
167299;2018-10-23;"terça-feira";"23:00:00";"MG";381;348;"BELA VISTA DE MINAS";"Defeito Mecânico no Veículo";"Saída de leito carroçável";"Sem Vítimas";"Plena Noite";"Crescente";"Nublado";"Simples";"Reta";"Não";2;0;0;0;1;2;0;3;-19,860977;-43,098396;"SPRF-MG";"DEL03-MG";"UOP01-DEL03-MG"
167300;2018-10-23;"terça-feira";"23:00:00";"RJ";101;10,8;"CAMPOS DOS GOYTACAZES";"Velocidade Incompatível";"Tombamento";"Com Vítimas Feridas";"Plena Noite";"Decrescente";"Ignorado";"Simples";"Curva";"Não";2;0;1;0;0;1;1;2;-21,301968;-41,319038;"SPRF-RJ";"DEL08-RJ";"UOP01-DEL08-RJ"
167301;2018-10-23;"terça-feira";"18:40:00";"MG";459;103,5;"POUSO ALEGRE";"Falta de Atenção à Condução";"Colisão traseira";"Com Vítimas Feridas";"Plena Noite";"Crescente";"Ignorado";"Dupla";"Retorno Regulamentado";"Sim";2;0;1;0;1;0;1;2;-22,217806;-45,917549;"SPRF-MG";"DEL16-MG";"UOP01-DEL16-MG"
167307;2018-10-24;"quarta-feira";"00:50:00";"MG";262;54,2;"MANHUACU";"Velocidade Incompatível";"Saída de leito carroçável";"Com Vítimas Feridas";"Plena Noite";"Crescente";"Céu Claro";"Simples";"Curva";"Não";2;0;2;0;0;0;2;1;-20,26136;-42,164715;"SPRF-MG";"DEL06-MG";"UOP03-DEL06-MG"
167308;2018-10-03;"quarta-feira";"20:40:00";"RJ";116;275,8;"BARRA MANSA";"Falta de Atenção à Condução";"Tombamento";"Sem Vítimas";"Plena Noite";"Crescente";"Nublado";"Dupla";"Reta";"Não";1;0;0;0;1;0;0;1;-22,53126813;-44,19510126;"SPRF-RJ";"DEL07-RJ";"UOP02-DEL07-RJ"
167309;2018-10-24;"quarta-feira";"03:45:00";"RJ";393;207;"VASSOURAS";"Condutor Dormindo";"Saída de leito carroçável";"Com Vítimas Feridas";"Plena Noite";"Crescente";"Nublado";"Simples";"Reta";"Não";3;0;1;0;1;1;1;2;-22,2641059;-43,4509491;"SPRF-RJ";"DEL05-RJ";"UOP03-DEL05-RJ"
167311;2018-10-24;"quarta-feira";"03:15:00";"ES";101;384,5;"RIO NOVO DO SUL";"Condutor Dormindo";"Colisão frontal";"Com Vítimas Fatais";"Plena Noite";"Crescente";"Céu Claro";"Simples";"Curva";"Não";4;1;0;0;2;2;0;5;-20,83371543;-40,86197913;"SPRF-ES";"DEL03-ES";"UOP01-DEL03-ES"
167313;2018-10-24;"quarta-feira";"03:00:00";"MG";153;53,5;"MONTE ALEGRE DE MINAS";"Condutor Dormindo";"Saída de leito carroçável";"Com Vítimas Feridas";"Plena Noite";"Decrescente";"Céu Claro";"Dupla";"Reta";"Não";5;0;2;0;0;4;2;4;-18,8515;-49,0846;"SPRF-MG";"DEL15-MG";"UOP03-DEL15-MG"
167317;2018-10-24;"quarta-feira";"04:40:00";"MG";365;691,8;"MONTE ALEGRE DE MINAS";"Defeito na Via";"Tombamento";"Com Vítimas Feridas";"Plena Noite";"Crescente";"Céu Claro";"Simples";"Curva";"Sim";3;0;1;0;0;3;1;4;-18,8763;-48,8955;"SPRF-MG";"DEL15-MG";"UOP03-DEL15-MG"
167322;2018-10-24;"quarta-feira";"03:40:00";"RJ";101;172;"MACAE";"Condutor Dormindo";"Colisão frontal";"Com Vítimas Fatais";"Plena Noite";"Crescente";"Nublado";"Simples";"Curva";"Não";3;1;1;0;1;0;1;2;-22,36817393;-41,94580078;"SPRF-RJ";"DEL02-RJ";"UOP04-DEL08-RJ"
167327;2018-10-24;"quarta-feira";"05:45:00";"SP";153;99;"JOSE BONIFACIO";"Defeito Mecânico no Veículo";"Incêndio";"Sem Vítimas";"Amanhecer";"Crescente";"Chuva";"Simples";"Reta";"Não";1;0;0;0;1;0;0;1;-20,998949;-49,629223;"SPRF-SP";"DEL09-SP";"UOP01-DEL09-SP"
167335;2018-10-24;"quarta-feira";"06:40:00";"PR";116;28;"CAMPINA GRANDE DO SUL";"Agressão Externa";"Colisão com objeto estático";"Sem Vítimas";"Amanhecer";"Decrescente";"Nublado";"Dupla";"Curva";"Não";3;0;0;0;1;2;0;3;-25,106691;-48,804073;"SPRF-PR";"DEL01-PR";"UOP02-DEL01-PR"
167338;2018-10-24;"quarta-feira";"08:15:00";"TO";153;605,8;"CRIXAS DO TOCANTINS";"Não guardar distância de segurança";"Colisão traseira";"Com Vítimas Feridas";"Pleno dia";"Crescente";"Céu Claro";"Simples";"Reta";"Não";5;0;1;0;3;4;1;6;-11,1133904;-48,9214325;"SPRF-TO";"DEL02-TO";"UOP02-DEL01-TO"
167343;2018-10-24;"quarta-feira";"09:50:00";"PR";163;248;"TOLEDO";"Falta de Atenção à Condução";"Colisão com objeto estático";"Sem Vítimas";"Pleno dia";"Crescente";"Chuva";"Simples";"Curva";"Não";4;0;0;0;3;2;0;5;-24,7004;-53,7332;"SPRF-PR";"DEL04-PR";"UOP01-DEL04-PR"
167345;2018-10-24;"quarta-feira";"08:45:00";"PE";101;98,5;"CABO DE SANTO AGOSTINHO";"Falta de Atenção à Condução";"Colisão lateral";"Sem Vítimas";"Pleno dia";"Crescente";"Céu Claro";"Dupla";"Reta";"Sim";3;0;0;0;2;1;0;3;-8,26499179;-35,01560045;"SPRF-PE";"DEL01-PE";"UOP03-DEL01-PE"
167346;2018-10-24;"quarta-feira";"08:55:00";"SC";280;52;"GUARAMIRIM";"Não guardar distância de segurança";"Colisão traseira";"Com Vítimas Feridas";"Pleno dia";"Crescente";"Chuva";"Simples";"Reta";"Não";2;0;1;0;1;0;1;2;-26,468904;-48,96492;"SPRF-SC";"DEL03-SC";"UOP03-DEL03-SC"
167348;2018-10-24;"quarta-feira";"10:35:00";"MG";365;390;"PATOS DE MINAS";"Velocidade Incompatível";"Colisão traseira";"Com Vítimas Feridas";"Pleno dia";"Crescente";"Céu Claro";"Simples";"Interseção de Vias";"Não";2;0;1;0;1;0;1;2;-18,6409032;-46,33523516;"SPRF-MG";"DEL10-MG";"UOP01-DEL10-MG"
167351;2018-10-24;"quarta-feira";"08:30:00";"ES";101;32;"CONCEICAO DA BARRA";"Não guardar distância de segurança";"Colisão traseira";"Com Vítimas Feridas";"Pleno dia";"Crescente";"Céu Claro";"Simples";"Reta";"Sim";2;0;1;0;1;0;1;2;-18,425499;-39,934872;"SPRF-ES";"DEL04-ES";"UOP02-DEL04-ES"
167352;2018-10-24;"quarta-feira";"10:12:00";"MG";40;650,9;"CRISTIANO OTONI";"Velocidade Incompatível";"Colisão lateral";"Com Vítimas Feridas";"Pleno dia";"Crescente";"Céu Claro";"Simples";"Curva";"Não";4;0;1;1;1;2;2;5;-20,8481842;-43,79856164;"SPRF-MG";"DEL05-MG";"UOP02-DEL05-MG"
167355;2018-10-24;"quarta-feira";"10:55:00";"RS";101;2,8;"TORRES";"Animais na Pista";"Colisão traseira";"Com Vítimas Feridas";"Pleno dia";"Decrescente";"Nublado";"Dupla";"Reta";"Sim";5;0;1;0;4;0;1;4;-29,32352752;-49,77815688;"SPRF-RS";"DEL03-RS";"DEL9/3-UOP03/RS"
167357;2018-10-24;"quarta-feira";"07:45:00";"BA";101;715,1;"EUNAPOLIS";"Falta de Atenção à Condução";"Tombamento";"Com Vítimas Feridas";"Pleno dia";"Decrescente";"Céu Claro";"Simples";"Interseção de Vias";"Sim";2;0;0;1;1;0;1;2;-16,3467;-39,5804;"SPRF-BA";"DEL09-BA";"UOP01-DEL09-BA"
167358;2018-10-24;"quarta-feira";"10:50:00";"SC";282;55,3;"RANCHO QUEIMADO";"Desobediência às normas de trânsito pelo condutor";"Colisão lateral";"Com Vítimas Feridas";"Pleno dia";"Crescente";"Garoa/Chuvisco";"Simples";"Reta";"Não";5;0;0;1;1;3;1;3;-27,69053936;-48,98677111;"SPRF-SC";"DEL01-SC";"UOP03-DEL01-SC"
167360;2018-10-24;"quarta-feira";"11:50:00";"GO";153;669;"GOIATUBA";"Falta de Atenção à Condução";"Colisão traseira";"Com Vítimas Feridas";"Pleno dia";"Decrescente";"Céu Claro";"Dupla";"Declive;Reta";"Não";3;0;1;0;1;1;1;3;-18,12386942;-49,28279042;"SPRF-GO";"DEL03-GO";"UOP02-DEL03-GO"
167362;2018-10-24;"quarta-feira";"11:00:00";"MG";50;66;"UBERLANDIA";"Velocidade Incompatível";"Tombamento";"Sem Vítimas";"Pleno dia";"Crescente";"Nublado";"Simples";"Curva";"Não";2;0;0;0;1;1;0;2;-18,931712;-48,2361344;"SPRF-MG";"DEL15-MG";"UOP01-DEL15-MG"
167364;2018-10-19;"sexta-feira";"09:10:00";"PR";476;138;"CURITIBA";"Pista Escorregadia";"Queda de ocupante de veículo";"Com Vítimas Feridas";"Pleno dia";"Decrescente";"Nublado";"Dupla";"Interseção de Vias;Declive";"Sim";2;0;1;0;1;0;1;2;-25,507636;-49,284499;"SPRF-PR";"DEL01-PR";"UOP07-DEL01-PR"
167374;2018-10-16;"terça-feira";"02:47:00";"RJ";101;293;"ITABORAI";"Defeito Mecânico no Veículo";"Capotamento";"Com Vítimas Fatais";"Plena Noite";"Crescente";"Nublado";"Dupla";"Aclive;Interseção de Vias";"Sim";2;1;1;0;0;0;1;1;-22,756203;-42,887241;"SPRF-RJ";"DEL02-RJ";"DEL5/2-UOP04/RJ"
167382;2018-10-24;"quarta-feira";"13:55:00";"PR";277;372,2;"GUARAPUAVA";"Desobediência às normas de trânsito pelo condutor";"Colisão frontal";"Com Vítimas Feridas";"Pleno dia";"Crescente";"Chuva";"Simples";"Reta";"Não";5;0;1;0;3;2;1;5;-25,406561;-51,715309;"SPRF-PR";"DEL03-PR";"UOP01-DEL08-PR"
167383;2018-10-24;"quarta-feira";"11:30:00";"RS";472;558;"URUGUAIANA";"Falta de Atenção à Condução";"Colisão com objeto estático";"Com Vítimas Feridas";"Pleno dia";"Crescente";"Céu Claro";"Simples";"Declive";"Não";2;0;1;0;0;1;1;2;-29,69282474;-56,91467285;"SPRF-RS";"DEL13-RS";"UOP01-DEL13-RS"
167389;2018-10-24;"quarta-feira";"12:30:00";"PR";476;225,2;"LAPA";"Defeito na Via";"Colisão frontal";"Com Vítimas Feridas";"Pleno dia";"Decrescente";"Garoa/Chuvisco";"Simples";"Curva";"Não";3;0;1;0;1;3;1;5;-25,852789;-49,949684;"SPRF-PR";"DEL02-PR";"UOP04-DEL02-PR"
167391;2018-09-13;"quinta-feira";"23:30:00";"BA";116;728;"BOA NOVA";"Condutor Dormindo";"Colisão com objeto estático";"Com Vítimas Fatais";"Plena Noite";"Crescente";"Garoa/Chuvisco";"Simples";"Reta";"Não";2;1;0;0;0;1;0;2;-14,29535863;-40,31223538;"SPRF-BA";"DEL08-BA";"UOP02-DEL08-BA"
167393;2018-10-24;"quarta-feira";"14:00:00";"PI";316;28;"DEMERVAL LOBAO";"Não guardar distância de segurança";"Colisão lateral";"Com Vítimas Feridas";"Pleno dia";"Decrescente";"Céu Claro";"Simples";"Reta";"Não";3;0;1;0;1;1;1;3;-5,33989377;-42,69585801;"SPRF-PI";"DEL01-PI";"UOP02-DEL01-PI"
167394;2018-10-24;"quarta-feira";"14:40:00";"SC";101;15,2;"GARUVA";"Falta de Atenção à Condução";"Colisão traseira";"Com Vítimas Feridas";"Pleno dia";"Decrescente";"Chuva";"Dupla";"Reta";"Não";7;0;4;0;2;1;4;4;-26,1146;-48,8766;"SPRF-SC";"DEL03-SC";"UOP01-DEL03-SC"
167395;2018-10-24;"quarta-feira";"14:55:00";"TO";153;334,2;"GUARAI";"Falta de Atenção à Condução";"Colisão transversal";"Sem Vítimas";"Pleno dia";"Decrescente";"Céu Claro";"Dupla";"Interseção de Vias";"Sim";3;0;0;0;2;1;0;3;-8,835769;-48,512123;"SPRF-TO";"DEL02-TO";"UOP02-DEL02-TO"
167398;2018-10-24;"quarta-feira";"13:10:00";"MG";381;511;"IGARAPE";"Defeito Mecânico no Veículo";"Colisão traseira";"Sem Vítimas";"Pleno dia";"Decrescente";"Nublado";"Dupla";"Reta";"Sim";3;0;0;0;3;0;0;3;-20,07054401;-44,29870427;"SPRF-MG";"DEL01-MG";"UOP03-DEL01-MG"
167404;2018-10-10;"quarta-feira";"14:30:00";"MG";116;320;"ITAMBACURI";"Falta de Atenção à Condução";"Colisão lateral";"Com Vítimas Feridas";"Pleno dia";"Decrescente";"Céu Claro";"Simples";"Reta";"Não";7;0;4;0;2;1;4;3;-18,07151121;-41,67741966;"SPRF-MG";"DEL11-MG";"UOP01-DEL11-MG"
167408;2018-10-24;"quarta-feira";"12:45:00";"RO";364;67,9;"VILHENA";"Falta de Atenção à Condução";"Colisão traseira";"Sem Vítimas";"Pleno dia";"Decrescente";"Céu Claro";"Simples";"Reta";"Não";4;0;0;0;3;1;0;4;-12,485422;-60,493829;"SPRF-RO";"DEL04-RO";"DEL21/4-UOP03/RO"