"id";"data_inversa";"dia_semana";"horario";"uf";"br";"km";"municipio";"causa_acidente";"tipo_acidente";"classificacao_acidente";"fase_dia";"sentido_via";"condicao_metereologica";"tipo_pista";"tracado_via";"uso_solo";"pessoas";"mortos";"feridos_leves";"feridos_graves";"ilesos";"ignorados";"feridos";"veiculos";"latitude";"longitude";"regional";"delegacia";"uop"
167412;2018-10-24;"quarta-feira";"15:30:00";"GO";364;355;"MINEIROS";"Falta de Atenção à Condução";"Colisão lateral";"Com Vítimas Feridas";"Pleno dia";"Crescente";"Chuva";"Simples";"Curva;Declive";"Não";3;0;1;0;1;4;1;6;-17,378584;-52,949085;"SPRF-GO";"DEL05-GO";"UOP01-DEL05-GO"
167414;2018-10-24;"quarta-feira";"14:15:00";"BA";116;803,8;"VITORIA DA CONQUISTA";"Ingestão de Álcool";"Colisão lateral";"Sem Vítimas";"Pleno dia";"Decrescente";"Céu Claro";"Simples";"Reta";"Não";2;0;0;0;1;1;0;2;-14,75463134;-40,68589211;"SPRF-BA";"DEL08-BA";"UOP01-DEL08-BA"
167415;2018-10-24;"quarta-feira";"16:00:00";"SC";101;118,5;"ITAJAI";"Falta de Atenção à Condução";"Colisão com objeto estático";"Com Vítimas Feridas";"Pleno dia";"Decrescente";"Garoa/Chuvisco";"Dupla";"Reta";"Sim";2;0;1;0;0;1;1;2;-26,89654473;-48,71852875;"SPRF-SC";"DEL04-SC";"UOP04-DEL04-SC"
167420;2018-10-24;"quarta-feira";"16:30:00";"MG";365;713;"MONTE ALEGRE DE MINAS";"Falta de Atenção à Condução";"Saída de leito carroçável";"Com Vítimas Feridas";"Pleno dia";"Crescente";"Chuva";"Simples";"Reta";"Não";2;0;0;1;0;1;1;2;-18,87944;-49,09551;"SPRF-MG";"DEL15-MG";"UOP03-DEL15-MG"
167421;2018-10-24;"quarta-feira";"15:50:00";"MG";381;323,1;"NOVA ERA";"Falta de Atenção do Pedestre";"Atropelamento de Pedestre";"Com Vítimas Feridas";"Pleno dia";"Crescente";"Céu Claro";"Simples";"Reta";"Sim";3;0;0;1;1;1;1;3;-19,7609;-43,0306;"SPRF-MG";"DEL03-MG";"UOP02-DEL03-MG"
167423;2018-10-24;"quarta-feira";"11:25:00";"MA";226;451;"GRAJAU";"Falta de Atenção à Condução";"Tombamento";"Com Vítimas Feridas";"Pleno dia";"Decrescente";"Céu Claro";"Simples";"Reta";"Não";2;0;0;1;0;1;1;2;-5,93672852;-46,37683866;"SPRF-MA";"DEL04-MA";"UOP02-DEL04-MA"
167424;2018-10-24;"quarta-feira";"12:20:00";"RJ";393;274;"BARRA DO PIRAI";"Velocidade Incompatível";"Tombamento";"Com Vítimas Feridas";"Pleno dia";"Crescente";"Nublado";"Simples";"Aclive;Curva";"Não";3;0;0;2;0;2;2;3;-22,47444291;-43,99357583;"SPRF-RJ";"DEL05-RJ";"UOP04-DEL05-RJ"
167427;2018-10-24;"quarta-feira";"17:00:00";"MG";381;599;"CARMOPOLIS DE MINAS";"Velocidade Incompatível";"Colisão frontal";"Com Vítimas Feridas";"Plena Noite";"Crescente";"Nublado";"Dupla";"Reta";"Não";3;0;1;2;0;0;3;2;-20,6024;-44,719;"SPRF-MG";"DEL04-MG";"UOP01-DEL04-MG"
167428;2018-10-24;"quarta-feira";"15:30:00";"PR";163;14;"BARRACAO";"Defeito na Via";"Saída de leito carroçável";"Com Vítimas Feridas";"Pleno dia";"Decrescente";"Chuva";"Simples";"Reta";"Não";2;0;1;0;0;1;1;2;-26,207973;-53,640842;"SPRF-PR";"DEL02-PR";"UOP02-DEL02-PR"
167429;2018-10-24;"quarta-feira";"16:25:00";"SP";116;24,5;"LAVRINHAS";"Pista Escorregadia";"Colisão com objeto estático";"Com Vítimas Feridas";"Pleno dia";"Decrescente";"Chuva";"Dupla";"Declive";"Não";2;0;1;0;0;1;1;2;-22,598995;-44,887993;"SPRF-SP";"DEL08-SP";"UOP02-DEL08-SP"
167440;2018-10-24;"quarta-feira";"14:30:00";"PI";135;543,5;"SAO GONCALO DO GURGUEIA";"Defeito na Via";"Saída de leito carroçável";"Sem Vítimas";"Pleno dia";"Decrescente";"Céu Claro";"Simples";"Curva";"Não";2;0;0;0;1;1;0;2;-10,055142;-45,276211;"SPRF-PI";"DEL03-PI";"UOP02-DEL03-PI"
167441;2018-10-24;"quarta-feira";"17:00:00";"BA";242;230;"ITABERABA";"Falta de Atenção à Condução";"Colisão traseira";"Com Vítimas Feridas";"Pleno dia";"Decrescente";"Céu Claro";"Simples";"Reta";"Não";3;0;1;0;1;2;1;4;-12,51149782;-40,32214165;"SPRF-BA";"DEL06-BA";"UOP02-DEL06-BA"
167444;2018-10-24;"quarta-feira";"15:00:00";"PR";153;135;"IBAITI";"Falta de Atenção à Condução";"Saída de leito carroçável";"Sem Vítimas";"Pleno dia";"Crescente";"Chuva";"Simples";"Curva";"Não";2;0;0;0;1;2;0;3;-23,904146;-50,205738;"SPRF-PR";"DEL07-PR";"UOP04-DEL07-PR"
167452;2018-10-24;"quarta-feira";"18:50:00";"SC";101;214;"PALHOCA";"Falta de Atenção à Condução";"Colisão lateral";"Com Vítimas Feridas";"Anoitecer";"Crescente";"Garoa/Chuvisco";"Múltipla";"Reta";"Sim";4;0;0;1;2;1;1;4;-27,652;-48,676;"SPRF-SC";"DEL01-SC";"UOP02-DEL01-SC"
167453;2018-10-24;"quarta-feira";"18:05:00";"MG";40;50,6;"PARACATU";"Desobediência às normas de trânsito pelo condutor";"Colisão transversal";"Com Vítimas Feridas";"Anoitecer";"Crescente";"Nublado";"Simples";"Interseção de Vias";"Não";3;0;1;0;1;1;1;3;-17,24205544;-46,79532051;"SPRF-MG";"DEL14-MG";"UOP01-DEL14-MG"
167454;2018-10-24;"quarta-feira";"16:50:00";"MT";70;520;"VARZEA GRANDE";"Mal Súbito";"Saída de leito carroçável";"Com Vítimas Feridas";"Pleno dia";"Crescente";"Céu Claro";"Simples";"Reta";"Sim";1;0;1;0;0;0;1;1;-15,70369671;-56,1451149;"SPRF-MT";"DEL01-MT";"DEL2/4-UOP02/MT"
167470;2018-10-24;"quarta-feira";"18:00:00";"RO";364;515;"ARIQUEMES";"Falta de Atenção à Condução";"Colisão traseira";"Sem Vítimas";"Pleno dia";"Crescente";"Chuva";"Simples";"Rotatória";"Não";2;0;0;0;2;0;0;2;-9,91626572;-63,05528462;"SPRF-RO";"DEL03-RO";"UOP01-DEL03-RO"
167471;2018-10-24;"quarta-feira";"20:50:00";"SP";116;65;"GUARATINGUETA";"Defeito Mecânico no Veículo";"Colisão com objeto estático";"Com Vítimas Feridas";"Plena Noite";"Crescente";"Chuva";"Dupla";"Reta";"Não";2;0;1;0;0;1;1;2;-22,82302314;-45,19432068;"SPRF-SP";"DEL08-SP";"UOP01-DEL08-SP"
167479;2018-10-24;"quarta-feira";"20:15:00";"BA";116;778;"PLANALTO";"Falta de Atenção do Pedestre";"Atropelamento de Pedestre";"Com Vítimas Feridas";"Plena Noite";"Crescente";"Céu Claro";"Simples";"Reta";"Não";3;0;1;0;2;0;1;3;-14,67326;-40,48838;"SPRF-BA";"DEL08-BA";"UOP02-DEL08-BA"
167480;2018-10-24;"quarta-feira";"17:00:00";"RS";293;171,9;"HULHA NEGRA";"Desobediência às normas de trânsito pelo condutor";"Colisão transversal";"Com Vítimas Feridas";"Pleno dia";"Crescente";"Céu Claro";"Simples";"Rotatória";"Não";5;0;1;2;1;1;3;3;-31,32889595;-53,97982121;"SPRF-RS";"DEL11-RS";"UOP03-DEL11-RS"
167494;2018-10-24;"quarta-feira";"22:05:00";"MG";262;426,5;"SAO GONCALO DO PARA";"Ingestão de Álcool";"Colisão frontal";"Com Vítimas Feridas";"Plena Noite";"Decrescente";"Chuva";"Dupla";"Reta";"Não";2;0;1;0;1;0;1;2;-19,8912;-44,8363;"SPRF-MG";"DEL08-MG";"UOP03-DEL08-MG"
167496;2018-10-24;"quarta-feira";"22:45:00";"PR";277;130;"BALSA NOVA";"Falta de Atenção à Condução";"Colisão traseira";"Com Vítimas Feridas";"Plena Noite";"Crescente";"Nublado";"Dupla";"Reta";"Não";3;0;0;1;1;1;1;3;-25,4563255;-49,6339666;"SPRF-PR";"DEL01-PR";"UOP06-DEL01-PR"
167499;2018-10-24;"quarta-feira";"20:30:00";"MG";381;598;"CARMOPOLIS DE MINAS";"Falta de Atenção à Condução";"Colisão traseira";"Com Vítimas Feridas";"Plena Noite";"Decrescente";"Chuva";"Dupla";"Reta";"Não";3;0;2;0;1;0;2;2;-20,5992;-44,7105;"SPRF-MG";"DEL04-MG";"UOP01-DEL04-MG"
167501;2018-10-24;"quarta-feira";"23:15:00";"SP";116;512;"CAJATI";"Velocidade Incompatível";"Colisão com objeto estático";"Com Vítimas Fatais";"Plena Noite";"Decrescente";"Chuva";"Simples";"Curva";"Não";1;1;0;0;0;0;0;1;-24,85653434;-48,21350098;"SPRF-SP";"DEL05-SP";"UAP01-DEL05-SP"
167502;2018-10-25;"quinta-feira";"00:10:00";"SP";116;354,7;"MIRACATU";"Defeito Mecânico no Veículo";"Queda de ocupante de veículo";"Com Vítimas Fatais";"Plena Noite";"Crescente";"Chuva";"Dupla";"Curva;Declive";"Não";3;1;0;0;1;1;0;3;-24,07330699;-47,2485441;"SPRF-SP";"DEL04-SP";"UOP03-DEL04-SP"
167507;2018-10-24;"quarta-feira";"19:40:00";"RJ";493;64,9;"NOVA IGUACU";"Ingestão de Álcool";"Colisão traseira";"Com Vítimas Feridas";"Plena Noite";"Crescente";"Nublado";"Dupla";"Reta";"Não";3;0;1;0;2;0;1;3;-22,68324194;-43,4236262;"SPRF-RJ";"DEL01-RJ";"UOP03-DEL01-RJ"
167517;2018-10-25;"quinta-feira";"04:30:00";"MG";50;58,2;"UBERLANDIA";"Pista Escorregadia";"Tombamento";"Com Vítimas Feridas";"Plena Noite";"Crescente";"Garoa/Chuvisco";"Dupla";"Reta";"Não";3;0;2;0;0;1;2;1;-18,931712;-48,2361344;"SPRF-MG";"DEL15-MG";"UOP02-DEL15-MG"
167521;2018-10-25;"quinta-feira";"05:30:00";"GO";60;42,3;"APARECIDA DE GOIANIA";"Desobediência às normas de trânsito pelo condutor";"Colisão lateral";"Com Vítimas Feridas";"Amanhecer";"Decrescente";"Nublado";"Dupla";"Rotatória";"Sim";3;0;0;1;1;2;1;4;-16,77100435;-49,31348026;"SPRF-GO";"DEL01-GO";"UOP03-DEL01-GO"
167522;2018-10-25;"quinta-feira";"03:40:00";"MS";267;174,4;"NOVA ALVORADA DO SUL";"Condutor Dormindo";"Saída de leito carroçável";"Com Vítimas Feridas";"Plena Noite";"Decrescente";"Chuva";"Simples";"Aclive";"Não";3;0;1;0;1;2;1;3;-21,615703;-53,710053;"SPRF-MS";"DEL02-MS";"DEL3/7-UOP02/MS"
167526;2018-10-25;"quinta-feira";"06:00:00";"SC";470;36,1;"GASPAR";"Não guardar distância de segurança";"Colisão traseira";"Com Vítimas Feridas";"Amanhecer";"Crescente";"Chuva";"Simples";"Reta";"Não";3;0;2;0;1;0;2;2;-26,91395281;-48,96977034;"SPRF-SC";"DEL04-SC";"UOP01-DEL04-SC"
167538;2018-10-25;"quinta-feira";"04:50:00";"SP";116;222;"GUARULHOS";"Não guardar distância de segurança";"Colisão com objeto estático";"Sem Vítimas";"Plena Noite";"Decrescente";"Chuva";"Múltipla";"Reta";"Sim";1;0;0;0;1;0;0;1;-23,47722571;-46,52725873;"SPRF-SP";"DEL01-SP";"UOP01-DEL01-SP"
167541;2018-10-25;"quinta-feira";"07:20:00";"RJ";116;49;"TERESOPOLIS";"Desobediência às normas de trânsito pelo condutor";"Colisão lateral";"Com Vítimas Feridas";"Pleno dia";"Crescente";"Chuva";"Simples";"Curva";"Não";4;0;1;0;3;0;1;2;-22,18931238;-42,86344349;"SPRF-RJ";"DEL04-RJ";"UOP01-DEL04-RJ"
167542;2018-10-25;"quinta-feira";"07:55:00";"MG";381;927,8;"ITAPEVA";"Velocidade Incompatível";"Colisão com objeto estático";"Sem Vítimas";"Pleno dia";"Crescente";"Chuva";"Dupla";"Curva";"Sim";2;0;0;0;1;1;0;2;-22,76636804;-46,22433186;"SPRF-MG";"DEL16-MG";"UOP03-DEL16-MG"
167549;2018-10-25;"quinta-feira";"07:40:00";"SC";101;40;"JOINVILLE";"Não guardar distância de segurança";"Tombamento";"Com Vítimas Feridas";"Pleno dia";"Crescente";"Chuva";"Dupla";"Reta";"Sim";1;0;1;0;0;0;1;1;-26,3166;-48,8733;"SPRF-SC";"DEL03-SC";"UOP01-DEL03-SC"
167551;2018-10-25;"quinta-feira";"08:20:00";"MG";381;525;"BRUMADINHO";"Defeito Mecânico no Veículo";"Colisão lateral";"Com Vítimas Feridas";"Pleno dia";"Crescente";"Nublado";"Dupla";"Declive";"Não";5;0;2;0;2;2;2;5;-20,1511;-44,3256;"SPRF-MG";"DEL04-MG";"UOP03-DEL04-MG"
167553;2018-10-25;"quinta-feira";"06:00:00";"MA";135;249,8;"PERITORO";"Falta de Atenção à Condução";"Saída de leito carroçável";"Com Vítimas Feridas";"Pleno dia";"Decrescente";"Céu Claro";"Simples";"Curva";"Não";1;0;1;0;0;0;1;1;-4,5572599;-44,34631348;"SPRF-MA";"DEL03-MA";"UOP01-DEL03-MA"
167555;2018-10-25;"quinta-feira";"06:10:00";"SC";470;147,1;"RIO DO SUL";"Velocidade Incompatível";"Colisão com objeto estático";"Com Vítimas Fatais";"Amanhecer";"Crescente";"Garoa/Chuvisco";"Simples";"Ponte";"Sim";1;1;0;0;0;0;0;1;-27,24432836;-49,69150543;"SPRF-SC";"DEL04-SC";"UOP02-DEL04-SC"
167560;2018-10-25;"quinta-feira";"08:11:00";"MG";381;926,5;"ITAPEVA";"Não guardar distância de segurança";"Colisão traseira";"Sem Vítimas";"Pleno dia";"Crescente";"Chuva";"Dupla";"Reta";"Sim";4;0;0;0;3;1;0;4;-22,76688742;-46,21947169;"SPRF-MG";"DEL16-MG";"UOP03-DEL16-MG"
167566;2018-10-25;"quinta-feira";"09:20:00";"RJ";465;8;"SEROPEDICA";"Defeito na Via";"Tombamento";"Com Vítimas Fatais";"Pleno dia";"Decrescente";"Chuva";"Simples";"Reta";"Sim";3;1;0;0;1;1;0;3;-22,767147;-43,678768;"SPRF-RJ";"DEL01-RJ";"UOP03-DEL01-RJ"
167572;2018-10-25;"quinta-feira";"10:10:00";"MG";116;815,7;"ALEM PARAIBA";"Falta de Atenção à Condução";"Saída de leito carroçável";"Com Vítimas Feridas";"Pleno dia";"Decrescente";"Chuva";"Simples";"Curva;Declive";"Sim";3;0;1;0;0;2;1;2;-21,86225549;-42,67053366;"SPRF-MG";"DEL07-MG";"UOP01-DEL07-MG"
167575;2018-10-25;"quinta-feira";"10:32:00";"MG";365;77,7;"JEQUITAI";"Restrição de Visibilidade";"Colisão frontal";"Sem Vítimas";"Pleno dia";"Crescente";"Nevoeiro/Neblina";"Simples";"Reta";"Não";2;0;0;0;2;0;0;2;-17,142378;-44,357491;"SPRF-MG";"DEL12-MG";"UOP01-DEL12-MG"
167578;2018-10-25;"quinta-feira";"11:20:00";"RS";472;547;"URUGUAIANA";"Avarias e/ou desgaste excessivo no pneu";"Saída de leito carroçável";"Com Vítimas Feridas";"Pleno dia";"Decrescente";"Céu Claro";"Simples";"Reta";"Não";1;0;0;1;0;0;1;1;-29,6925265;-56,91467285;"SPRF-RS";"DEL13-RS";"UOP01-DEL13-RS"
167580;2018-10-25;"quinta-feira";"11:30:00";"PE";101;69,4;"RECIFE";"Desobediência às normas de trânsito pelo condutor";"Colisão lateral";"Sem Vítimas";"Pleno dia";"Decrescente";"Céu Claro";"Dupla";"Reta";"Sim";3;0;0;0;2;2;0;4;-8,062743;-34,944758;"SPRF-PE";"DEL01-PE";"UOP01-DEL01-PE"
167581;2018-10-25;"quinta-feira";"10:30:00";"RS";386;335;"MARQUES DE SOUZA";"Desobediência às normas de trânsito pelo condutor";"Colisão lateral";"Com Vítimas Feridas";"Pleno dia";"Decrescente";"Sol";"Simples";"Curva";"Não";2;0;1;0;1;0;1;2;-29,39075686;-52,0418697;"SPRF-RS";"DEL04-RS";"UOP01-DEL04-RS"
167584;2018-10-25;"quinta-feira";"09:30:00";"MG";459;65,7;"SENADOR JOSE BENTO";"Velocidade Incompatível";"Colisão frontal";"Com Vítimas Fatais";"Pleno dia";"Crescente";"Chuva";"Simples";"Curva";"Não";5;1;3;0;0;1;3;4;-22,131567;-46,175579;"SPRF-MG";"DEL09-MG";"UOP01-DEL09-MG"
167585;2018-10-25;"quinta-feira";"10:10:00";"MA";10;158;"PORTO FRANCO";"Defeito Mecânico no Veículo";"Tombamento";"Sem Vítimas";"Pleno dia";"Crescente";"Céu Claro";"Simples";"Reta";"Não";3;0;0;0;2;3;0;4;-6,32519438;-47,372161;"SPRF-MA";"DEL04-MA";"UOP02-DEL04-MA"
167588;2018-10-25;"quinta-feira";"12:00:00";"RJ";393;263;"BARRA DO PIRAI";"Velocidade Incompatível";"Colisão transversal";"Com Vítimas Feridas";"Pleno dia";"Decrescente";"Chuva";"Simples";"Curva;Declive";"Não";3;0;1;1;1;0;2;2;-22,457211;-43,842072;"SPRF-RJ";"DEL05-RJ";"UOP04-DEL05-RJ"
167592;2018-10-25;"quinta-feira";"11:50:00";"BA";324;362;"CAPIM GROSSO";"Mal Súbito";"Tombamento";"Com Vítimas Feridas";"Pleno dia";"Decrescente";"Céu Claro";"Simples";"Reta";"Não";2;0;0;1;0;1;1;2;-11,372763;-40,011303;"SPRF-BA";"DEL04-BA";"UOP02-DEL04-BA"
167596;2018-10-25;"quinta-feira";"12:45:00";"PR";376;681,6;"GUARATUBA";"Velocidade Incompatível";"Tombamento";"Com Vítimas Feridas";"Pleno dia";"Crescente";"Chuva";"Dupla";"Curva";"Não";2;0;1;0;0;2;1;3;-25,972566;-48,89104;"SPRF-PR";"DEL01-PR";"DEL7/1-UOP08/PR"
167602;2018-10-25;"quinta-feira";"08:00:00";"RJ";393;181,8;"PARAIBA DO SUL";"Avarias e/ou desgaste excessivo no pneu";"Colisão frontal";"Com Vítimas Feridas";"Pleno dia";"Decrescente";"Chuva";"Simples";"Curva";"Não";4;0;3;1;0;0;4;3;-22,1378037;-43,26587677;"SPRF-RJ";"DEL05-RJ";"UOP03-DEL05-RJ"
167607;2018-10-25;"quinta-feira";"13:45:00";"GO";158;258,8;"JATAI";"Falta de Atenção à Condução";"Colisão traseira";"Com Vítimas Feridas";"Pleno dia";"Decrescente";"Céu Claro";"Dupla";"Reta";"Não";3;0;1;0;2;0;1;3;-17,922094;-51,69062;"SPRF-GO";"DEL05-GO";"UOP01-DEL05-GO"
167616;2018-10-25;"quinta-feira";"09:15:00";"SP";116;361;"MIRACATU";"Defeito Mecânico no Veículo";"Colisão traseira";"Sem Vítimas";"Pleno dia";"Crescente";"Nublado";"Dupla";"Reta";"Não";3;0;0;0;2;2;0;4;-24,11545091;-47,26896644;"SPRF-SP";"DEL04-SP";"UOP03-DEL04-SP"
167618;2018-10-25;"quinta-feira";"13:35:00";"SP";116;545;"BARRA DO TURVO";"Pista Escorregadia";"Saída de leito carroçável";"Sem Vítimas";"Pleno dia";"Crescente";"Garoa/Chuvisco";"Simples";"Curva;Declive";"Não";2;0;0;0;1;1;0;2;-24,94708;-48,425054;"SPRF-SP";"DEL05-SP";"UOP02-DEL05-SP"
167619;2018-10-25;"quinta-feira";"13:30:00";"PA";316;36,3;"SANTA IZABEL DO PARA";"Falta de Atenção à Condução";"Colisão lateral";"Sem Vítimas";"Pleno dia";"Crescente";"Céu Claro";"Dupla";"Interseção de Vias";"Sim";2;0;0;0;2;0;0;2;-1,289763;-48,156025;"SPRF-PA";"DEL01-PA";"UOP01-DEL01-PA"
167620;2018-10-25;"quinta-feira";"13:50:00";"MT";364;213;"RONDONOPOLIS";"Ingestão de Álcool";"Colisão traseira";"Sem Vítimas";"Pleno dia";"Crescente";"Céu Claro";"Dupla";"Reta";"Não";3;0;0;0;2;2;0;4;-16,40084006;-54,71515417;"SPRF-MT";"DEL02-MT";"UOP01-DEL02-MT"
167632;2018-10-25;"quinta-feira";"16:25:00";"SP";116;499,4;"CAJATI";"Pista Escorregadia";"Colisão lateral";"Sem Vítimas";"Pleno dia";"Crescente";"Garoa/Chuvisco";"Dupla";"Curva";"Não";3;0;0;0;2;1;0;3;-24,73659;-48,12319;"SPRF-SP";"DEL05-SP";"UAP01-DEL05-SP"
167633;2018-10-25;"quinta-feira";"11:30:00";"MG";381;443;"SABARA";"Defeito Mecânico no Veículo";"Incêndio";"Sem Vítimas";"Pleno dia";"Crescente";"Nublado";"Simples";"Aclive";"Não";2;0;0;0;1;1;0;2;-19,80349155;-43,76197815;"SPRF-MG";"DEL01-MG";"UOP01-DEL01-MG"
167634;2018-10-25;"quinta-feira";"16:30:00";"ES";262;121;"CONCEICAO DO CASTELO";"Pista Escorregadia";"Saída de leito carroçável";"Com Vítimas Feridas";"Pleno dia";"Decrescente";"Chuva";"Simples";"Curva";"Não";3;0;3;0;0;0;3;1;-20,29375747;-41,22799873;"SPRF-ES";"DEL01-ES";"UOP02-DEL01-ES"
167636;2018-10-25;"quinta-feira";"15:50:00";"PB";101;89,9;"JOAO PESSOA";"Desobediência às normas de trânsito pelo condutor";"Colisão transversal";"Com Vítimas Feridas";"Pleno dia";"Decrescente";"Sol";"Dupla";"Interseção de Vias";"Sim";2;0;1;0;1;0;1;2;-7,17895182;-34,89991665;"SPRF-PB";"DEL01-PB";"UOP01-DEL01-PB"
167639;2018-08-11;"sábado";"06:30:00";"RJ";101;282;"ITABORAI";"Falta de Atenção à Condução";"Colisão lateral";"Com Vítimas Feridas";"Amanhecer";"Decrescente";"Nublado";"Dupla";"Reta";"Não";3;0;2;0;1;0;2;2;-22,73660679;-42,7986145;"SPRF-RJ";"DEL02-RJ";"UOP03-DEL02-RJ"
167643;2018-10-25;"quinta-feira";"16:40:00";"SC";101;367,9;"SANGAO";"Condutor Dormindo";"Colisão lateral";"Com Vítimas Feridas";"Pleno dia";"Crescente";"Chuva";"Dupla";"Reta";"Não";3;0;0;1;1;2;1;4;-28,6939;-49,1694;"SPRF-SC";"DEL02-SC";"UOP01-DEL02-SC"
167649;2018-10-25;"quinta-feira";"17:30:00";"SP";153;30;"NOVA GRANADA";"Falta de Atenção à Condução";"Colisão lateral";"Com Vítimas Feridas";"Pleno dia";"Crescente";"Nublado";"Simples";"Reta";"Sim";3;0;1;0;2;0;1;2;-20,538572;-49,330574;"SPRF-SP";"DEL09-SP";"UOP01-DEL09-SP"
167650;2018-10-25;"quinta-feira";"18:05:00";"SC";470;74;"INDAIAL";"Falta de Atenção à Condução";"Colisão transversal";"Com Vítimas Feridas";"Plena Noite";"Crescente";"Chuva";"Simples";"Reta";"Sim";3;0;1;0;1;1;1;3;-26,91816689;-49,28153146;"SPRF-SC";"DEL04-SC";"UOP01-DEL04-SC"
167651;2018-10-25;"quinta-feira";"15:50:00";"MT";163;969;"TERRA NOVA DO NORTE";"Falta de Atenção à Condução";"Colisão lateral";"Sem Vítimas";"Pleno dia";"Crescente";"Nublado";"Simples";"Reta";"Não";3;0;0;0;2;3;0;5;-10,734795;-55,141035;"SPRF-MT";"DEL06-MT";"UOP02-DEL06-MT"
167656;2018-10-25;"quinta-feira";"15:25:00";"SC";470;107;"APIUNA";"Condutor Dormindo";"Colisão frontal";"Com Vítimas Feridas";"Pleno dia";"Crescente";"Nublado";"Simples";"Reta";"Não";5;0;1;3;0;1;4;3;-27,077623;-49,43145;"SPRF-SC";"DEL04-SC";"UOP02-DEL04-SC"
167661;2018-10-25;"quinta-feira";"14:15:00";"PI";316;73;"MONSENHOR GIL";"Falta de Atenção à Condução";"Colisão traseira";"Sem Vítimas";"Pleno dia";"Crescente";"Céu Claro";"Simples";"Reta";"Não";3;0;0;0;3;0;0;3;-5,62657764;-42,5963974;"SPRF-PI";"DEL01-PI";"UOP02-DEL01-PI"
167665;2018-10-25;"quinta-feira";"18:00:00";"RS";116;425,7;"CRISTAL";"Não guardar distância de segurança";"Colisão traseira";"Com Vítimas Feridas";"Pleno dia";"Crescente";"Nublado";"Simples";"Reta";"Não";6;0;1;0;3;2;1;5;-30,99144273;-52,04017639;"SPRF-RS";"DEL02-RS";"UOP03-DEL02-RS"
167667;2018-10-25;"quinta-feira";"18:50:00";"MG";251;384;"GRAO MOGOL";"Mal Súbito";"Saída de leito carroçável";"Com Vítimas Fatais";"Plena Noite";"Decrescente";"Nublado";"Simples";"Reta";"Não";2;1;0;0;0;1;0;2;-16,2892;-42,7934;"SPRF-MG";"DEL12-MG";"UOP01-DEL12-MG"
167669;2018-10-25;"quinta-feira";"18:00:00";"SC";280;27,3;"ARAQUARI";"Falta de Atenção à Condução";"Colisão traseira";"Com Vítimas Feridas";"Anoitecer";"Crescente";"Chuva";"Simples";"Reta";"Sim";2;0;1;0;1;0;1;2;-26,396912;-48,740257;"SPRF-SC";"DEL03-SC";"UOP03-DEL03-SC"
167671;2018-10-25;"quinta-feira";"08:30:00";"MG";251;229;"SANTA CRUZ DE SALINAS";"Agressão Externa";"Saída de leito carroçável";"Sem Vítimas";"Plena Noite";"Decrescente";"Ignorado";"Simples";"Reta";"Não";1;0;0;0;1;0;0;1;-15,955;-41,6725;"SPRF-MG";"DEL11-MG";"UOP02-DEL11-MG"
167673;2018-10-25;"quinta-feira";"18:01:00";"RO";364;16;"VILHENA";"Falta de Atenção à Condução";"Colisão lateral";"Sem Vítimas";"Plena Noite";"Crescente";"Nublado";"Dupla";"Reta";"Não";3;0;0;0;2;2;0;4;-12,7347494;-60,15537143;"SPRF-RO";"DEL04-RO";"UOP01-DEL04-RO"
167674;2018-10-25;"quinta-feira";"19:20:00";"RS";386;341;"LAJEADO";"Mal Súbito";"Colisão lateral";"Sem Vítimas";"Plena Noite";"Crescente";"Céu Claro";"Simples";"Reta";"Sim";3;0;0;0;2;1;0;3;-29,43421559;-52,00618744;"SPRF-RS";"DEL04-RS";"UOP01-DEL04-RS"
167676;2018-10-25;"quinta-feira";"11:15:00";"ES";101;342;"GUARAPARI";"Falta de Atenção à Condução";"Colisão com objeto estático";"Sem Vítimas";"Pleno dia";"Decrescente";"Céu Claro";"Simples";"Reta";"Não";2;0;0;0;1;1;0;2;-20,6573987;-40,5823257;"SPRF-ES";"DEL03-ES";"UOP01-DEL03-ES"
167681;2018-10-25;"quinta-feira";"19:50:00";"RS";386;122,2;"SARANDI";"Velocidade Incompatível";"Saída de leito carroçável";"Sem Vítimas";"Plena Noite";"Decrescente";"Nublado";"Simples";"Reta";"Não";2;0;0;0;2;0;0;2;-27,887949;-52,991646;"SPRF-RS";"DEL08-RS";"UOP01-DEL08-RS"
167682;2018-10-25;"quinta-feira";"18:30:00";"PR";277;42;"MORRETES";"Defeito Mecânico no Veículo";"Colisão traseira";"Sem Vítimas";"Plena Noite";"Decrescente";"Chuva";"Dupla";"Declive";"Não";3;0;0;0;2;3;0;5;-25,58703983;-48,85826111;"SPRF-PR";"DEL01-PR";"UOP07-DEL01-PR"
167688;2018-10-17;"quarta-feira";"17:25:00";"MG";40;446;"CAETANOPOLIS";"Objeto estático sobre o leito carroçável";"Colisão traseira";"Com Vítimas Feridas";"Pleno dia";"Decrescente";"Chuva";"Dupla";"Reta";"Sim";4;0;1;0;2;3;1;6;-19,301;-44,3777;"SPRF-MG";"DEL02-MG";"UOP01-DEL02-MG"
167690;2018-10-25;"quinta-feira";"21:05:00";"MG";262;508,1;"LUZ";"Desobediência às normas de trânsito pelo condutor";"Colisão lateral";"Com Vítimas Feridas";"Plena Noite";"Decrescente";"Céu Claro";"Simples";"Curva";"Não";2;0;0;1;0;1;1;2;-19,78017951;-45,54598443;"SPRF-MG";"DEL08-MG";"UOP03-DEL08-MG"