"id";"data_inversa";"dia_semana";"horario";"uf";"br";"km";"municipio";"causa_acidente";"tipo_acidente";"classificacao_acidente";"fase_dia";"sentido_via";"condicao_metereologica";"tipo_pista";"tracado_via";"uso_solo";"pessoas";"mortos";"feridos_leves";"feridos_graves";"ilesos";"ignorados";"feridos";"veiculos";"latitude";"longitude";"regional";"delegacia";"uop"
167691;2018-10-25;"quinta-feira";"21:20:00";"MG";267;10;"LEOPOLDINA";"Velocidade Incompatível";"Tombamento";"Com Vítimas Feridas";"Plena Noite";"Crescente";"Chuva";"Simples";"Curva";"Não";1;0;1;0;0;0;1;1;-21,5717;-42,7108;"SPRF-MG";"DEL07-MG";"UOP01-DEL07-MG"
167699;2018-10-25;"quinta-feira";"21:50:00";"SC";101;124;"ITAJAI";"Falta de Atenção à Condução";"Atropelamento de Pedestre";"Com Vítimas Feridas";"Plena Noite";"Decrescente";"Chuva";"Dupla";"Reta";"Sim";2;0;1;0;0;1;1;2;-26,9479;-48,6832;"SPRF-SC";"DEL04-SC";"UOP04-DEL04-SC"
167700;2018-10-25;"quinta-feira";"21:40:00";"MG";381;423,2;"CAETE";"Falta de Atenção à Condução";"Colisão transversal";"Sem Vítimas";"Plena Noite";"Decrescente";"Chuva";"Simples";"Em Obras";"Sim";4;0;0;0;3;1;0;3;-19,75742445;-43,63417625;"SPRF-MG";"DEL01-MG";"UOP01-DEL01-MG"
167701;2018-10-25;"quinta-feira";"22:30:00";"BA";407;7;"JUAZEIRO";"Falta de Atenção à Condução";"Colisão frontal";"Com Vítimas Feridas";"Plena Noite";"Crescente";"Céu Claro";"Simples";"Reta";"Não";4;0;2;0;1;1;2;4;-9,4685533;-40,4806656;"SPRF-PE";"DEL06-PE";"UOP01-DEL06-PE"
167709;2018-10-25;"quinta-feira";"23:10:00";"SC";101;402,4;"MARACAJA";"Falta de Atenção à Condução";"Colisão transversal";"Com Vítimas Fatais";"Plena Noite";"Crescente";"Chuva";"Simples";"Reta";"Sim";4;1;0;0;1;2;0;4;-28,86814653;-49,45010662;"SPRF-SC";"DEL02-SC";"UOP02-DEL02-SC"
167710;2018-10-25;"quinta-feira";"16:20:00";"MG";381;872;"ESTIVA";"Pista Escorregadia";"Colisão com objeto estático";"Sem Vítimas";"Pleno dia";"Crescente";"Chuva";"Dupla";"Reta;Declive";"Não";1;0;0;0;1;0;0;1;-22,4133;-45,961;"SPRF-MG";"DEL16-MG";"UOP01-DEL16-MG"
167715;2018-10-25;"quinta-feira";"23:35:00";"ES";101;422,8;"ATILIO VIVACQUA";"Ingestão de Álcool";"Saída de leito carroçável";"Sem Vítimas";"Plena Noite";"Decrescente";"Chuva";"Simples";"Curva";"Não";1;0;0;0;1;0;0;1;-20,9543862;-41,09251499;"SPRF-ES";"DEL03-ES";"UOP02-DEL03-ES"
167716;2018-10-25;"quinta-feira";"19:00:00";"MG";50;192;"DELTA";"Velocidade Incompatível";"Colisão traseira";"Sem Vítimas";"Plena Noite";"Crescente";"Nublado";"Dupla";"Reta;Declive";"Não";4;0;0;0;3;4;0;7;-19,8772;-47,8553;"SPRF-MG";"DEL13-MG";"UOP01-DEL13-MG"
167719;2018-10-25;"quinta-feira";"23:40:00";"TO";153;577;"SANTA RITA DO TOCANTINS";"Defeito na Via";"Tombamento";"Com Vítimas Feridas";"Pleno dia";"Decrescente";"Céu Claro";"Simples";"Reta";"Não";3;0;0;1;0;2;1;2;-10,97577754;-48,90869558;"SPRF-TO";"DEL02-TO";"UOP01-DEL01-TO"
167721;2018-10-26;"sexta-feira";"00:25:00";"PR";277;687;"SAO MIGUEL DO IGUACU";"Velocidade Incompatível";"Tombamento";"Sem Vítimas";"Plena Noite";"Decrescente";"Chuva";"Dupla";"Rotatória";"Sim";1;0;0;0;1;0;0;1;-25,343779;-54,224457;"SPRF-PR";"DEL05-PR";"UOP01-DEL05-PR"
167722;2018-10-25;"quinta-feira";"23:00:00";"RO";364;428,9;"JARU";"Defeito Mecânico no Veículo";"Saída de leito carroçável";"Sem Vítimas";"Plena Noite";"Decrescente";"Céu Claro";"Simples";"Curva";"Não";2;0;0;0;1;1;0;2;-10,41471567;-62,50647783;"SPRF-RO";"DEL03-RO";"UOP02-DEL03-RO"
167724;2018-10-25;"quinta-feira";"23:40:00";"RO";364;494;"ARIQUEMES";"Desobediência às normas de trânsito pelo condutor";"Queda de ocupante de veículo";"Com Vítimas Feridas";"Plena Noite";"Decrescente";"Céu Claro";"Simples";"Reta";"Não";4;0;2;0;1;2;2;4;-10,082255;-62,972851;"SPRF-RO";"DEL03-RO";"UOP01-DEL03-RO"
167725;2018-10-25;"quinta-feira";"23:00:00";"BA";110;86;"JEREMOABO";"Condutor Dormindo";"Tombamento";"Com Vítimas Feridas";"Plena Noite";"Decrescente";"Céu Claro";"Simples";"Reta";"Não";1;0;1;0;0;0;1;1;-10,1366;-38,2968;"SPRF-BA";"DEL07-BA";"UOP01-DEL07-BA"
167735;2018-10-26;"sexta-feira";"06:10:00";"GO";50;305,7;"CUMARI";"Defeito Mecânico no Veículo";"Colisão traseira";"Com Vítimas Feridas";"Amanhecer";"Crescente";"Céu Claro";"Simples";"Declive;Curva";"Não";4;0;2;0;1;1;2;3;-18,3636;-48,0502;"SPRF-GO";"DEL06-GO";"UOP01-DEL06-GO"
167739;2018-10-18;"quinta-feira";"08:40:00";"RS";116;265;"CANOAS";"Falta de Atenção à Condução";"Colisão traseira";"Com Vítimas Feridas";"Pleno dia";"Decrescente";"Céu Claro";"Múltipla";"Reta";"Sim";2;0;1;0;1;0;1;2;-29,923407;-51,177811;"SPRF-RS";"DEL01-RS";"UOP01-DEL01-RS"
167743;2018-10-26;"sexta-feira";"06:20:00";"PR";376;416,1;"TIBAGI";"Desobediência às normas de trânsito pelo condutor";"Colisão lateral";"Sem Vítimas";"Pleno dia";"Decrescente";"Céu Claro";"Simples";"Reta";"Não";3;0;0;0;3;0;0;2;-24,65816249;-50,61022103;"SPRF-PR";"DEL03-PR";"UOP02-DEL03-PR"
167751;2018-10-25;"quinta-feira";"22:18:00";"GO";60;383;"RIO VERDE";"Velocidade Incompatível";"Colisão com objeto estático";"Sem Vítimas";"Plena Noite";"Crescente";"Chuva";"Dupla";"Viaduto";"Sim";2;0;0;0;1;1;0;2;-17,7845;-50,9002;"SPRF-GO";"DEL04-GO";"UOP01-DEL04-GO"
167754;2018-10-26;"sexta-feira";"03:45:00";"CE";116;249;"ALTO SANTO";"Falta de Atenção à Condução";"Tombamento";"Sem Vítimas";"Amanhecer";"Crescente";"Céu Claro";"Simples";"Reta";"Não";2;0;0;0;1;1;0;2;-5,47588243;-38,38485718;"SPRF-CE";"DEL05-CE";"UOP02-DEL05-CE"
167757;2018-10-26;"sexta-feira";"05:00:00";"BA";20;31;"CORRENTINA";"Condutor Dormindo";"Colisão frontal";"Com Vítimas Feridas";"Amanhecer";"Decrescente";"Céu Claro";"Simples";"Reta";"Não";2;0;1;0;1;0;1;2;-13,688;-46,141;"SPRF-BA";"DEL10-BA";"UOP01-DEL10-BA"
167759;2018-10-26;"sexta-feira";"03:10:00";"RJ";393;192;"PARAIBA DO SUL";"Condutor Dormindo";"Saída de leito carroçável";"Sem Vítimas";"Plena Noite";"Decrescente";"Nublado";"Dupla";"Reta";"Não";1;0;0;0;1;0;0;1;-22,19662382;-43,35840225;"SPRF-RJ";"DEL05-RJ";"UOP03-DEL05-RJ"
167760;2018-10-26;"sexta-feira";"07:50:00";"SP";116;529;"BARRA DO TURVO";"Falta de Atenção à Condução";"Colisão traseira";"Com Vítimas Feridas";"Pleno dia";"Decrescente";"Garoa/Chuvisco";"Dupla";"Reta";"Não";4;0;2;0;1;1;2;3;-24,95244476;-48,31718445;"SPRF-SP";"DEL05-SP";"UOP02-DEL05-SP"
167761;2018-10-26;"sexta-feira";"08:30:00";"TO";153;335;"GUARAI";"Falta de Atenção do Pedestre";"Atropelamento de Pedestre";"Com Vítimas Feridas";"Pleno dia";"Decrescente";"Céu Claro";"Dupla";"Reta";"Sim";2;0;1;0;1;0;1;2;-8,844914;-48,510712;"SPRF-TO";"DEL02-TO";"UOP02-DEL02-TO"
167768;2018-10-25;"quinta-feira";"13:30:00";"MT";364;8;"ALTO ARAGUAIA";"Animais na Pista";"Colisão transversal";"Com Vítimas Feridas";"Pleno dia";"Crescente";"Céu Claro";"Simples";"Reta";"Não";4;0;2;0;1;1;2;3;-17,27512333;-53,27965736;"SPRF-MT";"DEL02-MT";"UOP02-DEL02-MT"
167771;2018-10-26;"sexta-feira";"02:30:00";"RJ";354;22;"RESENDE";"Defeito Mecânico no Veículo";"Incêndio";"Sem Vítimas";"Plena Noite";"Crescente";"Garoa/Chuvisco";"Dupla";"Reta";"Não";2;0;0;0;1;1;0;2;-22,484591;-44,697681;"SPRF-RJ";"DEL07-RJ";"DEL5/7-UOP03/RJ"
167774;2018-10-19;"sexta-feira";"06:30:00";"GO";80;0;"PADRE BERNARDO";"Falta de Atenção à Condução";"Colisão transversal";"Com Vítimas Feridas";"Pleno dia";"Crescente";"Chuva";"Simples";"Reta;Declive";"Não";5;0;0;2;1;2;2;4;-15,53257;-48,191132;"SPRF-DF";"DEL01-DF";"UOP02-DEL03-DF"
167776;2018-10-26;"sexta-feira";"10:00:00";"PR";277;6,8;"PARANAGUA";"Falta de Atenção à Condução";"Colisão transversal";"Com Vítimas Feridas";"Pleno dia";"Crescente";"Garoa/Chuvisco";"Simples";"Interseção de Vias;Reta";"Sim";3;0;2;0;0;1;2;3;-25,51279683;-48,52086067;"SPRF-PR";"DEL01-PR";"UOP05-DEL01-PR"
167780;2018-10-26;"sexta-feira";"10:20:00";"SC";101;280;"IMBITUBA";"Não guardar distância de segurança";"Colisão traseira";"Com Vítimas Feridas";"Pleno dia";"Crescente";"Chuva";"Dupla";"Reta";"Não";5;0;1;0;3;1;1;3;-28,2087;-48,6989;"SPRF-SC";"DEL02-SC";"UOP03-DEL02-SC"
167786;2018-10-26;"sexta-feira";"08:05:00";"BA";101;122,8;"ALAGOINHAS";"Ultrapassagem Indevida";"Tombamento";"Com Vítimas Feridas";"Pleno dia";"Crescente";"Sol";"Simples";"Curva";"Não";2;0;1;0;0;1;1;2;-12,15412971;-38,52355957;"SPRF-BA";"DEL01-BA";"UOP04-DEL01-BA"
167788;2018-10-26;"sexta-feira";"10:55:00";"RO";364;12,2;"VILHENA";"Falta de Atenção à Condução";"Atropelamento de Pedestre";"Com Vítimas Feridas";"Pleno dia";"Decrescente";"Céu Claro";"Dupla";"Reta";"Sim";2;0;1;0;1;0;1;2;-12,743694;-60,121506;"SPRF-RO";"DEL04-RO";"UOP01-DEL04-RO"
167789;2018-10-26;"sexta-feira";"12:30:00";"PR";376;238,9;"APUCARANA";"Pista Escorregadia";"Colisão lateral";"Com Vítimas Feridas";"Pleno dia";"Decrescente";"Chuva";"Simples";"Declive";"Não";3;0;1;0;1;1;1;3;-23,583296;-51,461388;"SPRF-PR";"DEL07-PR";"UOP03-DEL07-PR"
167795;2018-10-26;"sexta-feira";"11:15:00";"PA";10;229,4;"IPIXUNA DO PARA";"Falta de Atenção à Condução";"Colisão com objeto estático";"Sem Vítimas";"Pleno dia";"Crescente";"Céu Claro";"Simples";"Reta";"Não";2;0;0;0;1;1;0;2;-2,423731;-47,518011;"SPRF-PA";"DEL02-PA";"UOP01-DEL02-PA"
167799;2018-10-26;"sexta-feira";"12:45:00";"RJ";116;133;"MAGE";"Falta de Atenção à Condução";"Colisão traseira";"Sem Vítimas";"Pleno dia";"Crescente";"Céu Claro";"Múltipla";"Reta";"Não";3;0;0;0;2;1;0;3;-22,64722475;-43,18622589;"SPRF-RJ";"DEL04-RJ";"UOP02-DEL04-RJ"
167800;2018-10-26;"sexta-feira";"12:30:00";"GO";153;48;"PORANGATU";"Defeito na Via";"Tombamento";"Sem Vítimas";"Pleno dia";"Decrescente";"Céu Claro";"Simples";"Declive";"Não";2;0;0;0;1;3;0;4;-13,233616;-49,144352;"SPRF-GO";"DEL07-GO";"UOP01-DEL07-GO"
167803;2018-10-26;"sexta-feira";"12:30:00";"PR";376;665;"GUARATUBA";"Velocidade Incompatível";"Tombamento";"Com Vítimas Feridas";"Pleno dia";"Crescente";"Chuva";"Dupla";"Curva";"Não";2;0;1;0;0;1;1;2;-25,86138615;-48,95130157;"SPRF-PR";"DEL01-PR";"DEL7/1-UOP08/PR"
167805;2018-10-26;"sexta-feira";"08:00:00";"MG";381;225;"BELO ORIENTE";"Desobediência às normas de trânsito pelo condutor";"Colisão lateral";"Com Vítimas Fatais";"Pleno dia";"Crescente";"Céu Claro";"Simples";"Reta";"Não";4;1;1;1;0;1;2;3;-19,37236906;-42,45803833;"SPRF-MG";"DEL06-MG";"UOP01-DEL06-MG"
167813;2018-10-26;"sexta-feira";"06:00:00";"TO";153;762;"ALVORADA";"Velocidade Incompatível";"Tombamento";"Sem Vítimas";"Pleno dia";"Decrescente";"Céu Claro";"Dupla";"Rotatória";"Sim";2;0;0;0;1;1;0;2;-12,490153;-49,117001;"SPRF-TO";"DEL02-TO";"UOP02-DEL01-TO"
167814;2018-10-26;"sexta-feira";"14:30:00";"GO";20;21;"FORMOSA";"Pista Escorregadia";"Colisão lateral";"Com Vítimas Feridas";"Pleno dia";"Decrescente";"Chuva";"Simples";"Interseção de Vias";"Não";3;0;0;2;1;0;2;2;-15,54639706;-47,16293335;"SPRF-DF";"DEL02-DF";"UOP01-DEL02-DF"
167815;2018-10-26;"sexta-feira";"14:30:00";"SP";153;91,8;"JACI";"Não guardar distância de segurança";"Colisão traseira";"Com Vítimas Feridas";"Pleno dia";"Decrescente";"Nublado";"Simples";"Aclive";"Não";7;0;3;0;3;1;3;3;-20,96440515;-49,57486153;"SPRF-SP";"DEL09-SP";"UOP01-DEL09-SP"
167816;2018-10-26;"sexta-feira";"13:15:00";"MT";364;273;"JACIARA";"Falta de Atenção à Condução";"Colisão lateral";"Com Vítimas Feridas";"Pleno dia";"Crescente";"Céu Claro";"Dupla";"Reta";"Sim";2;0;1;0;1;0;1;2;-15,96078;-54,967728;"SPRF-MT";"DEL02-MT";"UOP02-DEL05-MT"
167818;2018-10-26;"sexta-feira";"14:30:00";"SP";116;120,9;"CACAPAVA";"Falta de Atenção à Condução";"Colisão traseira";"Com Vítimas Feridas";"Pleno dia";"Crescente";"Céu Claro";"Dupla";"Reta";"Não";5;0;1;0;3;1;1;5;-23,071577;-45,644619;"SPRF-SP";"DEL06-SP";"UOP02-DEL02-SP"
167820;2018-10-26;"sexta-feira";"13:30:00";"MS";267;358,6;"MARACAJU";"Velocidade Incompatível";"Tombamento";"Com Vítimas Feridas";"Pleno dia";"Decrescente";"Garoa/Chuvisco";"Simples";"Rotatória";"Não";2;0;1;0;0;2;1;3;-21,648975;-55,095;"SPRF-MS";"DEL02-MS";"UOP02-DEL02-MS"
167821;2018-10-26;"sexta-feira";"14:30:00";"PR";277;229,6;"FERNANDES PINHEIRO";"Falta de Atenção à Condução";"Colisão lateral";"Sem Vítimas";"Pleno dia";"Decrescente";"Nublado";"Simples";"Curva;Em Obras;Declive";"Não";7;0;0;0;6;2;0;6;-25,4663713;-50,53275883;"SPRF-PR";"DEL03-PR";"UOP02-DEL08-PR"
167828;2018-10-26;"sexta-feira";"15:30:00";"ES";101;163,9;"LINHARES";"Defeito Mecânico no Veículo";"Colisão traseira";"Com Vítimas Feridas";"Pleno dia";"Crescente";"Nublado";"Simples";"Reta";"Não";3;0;1;0;2;0;1;2;-19,50650321;-40,1350522;"SPRF-ES";"DEL04-ES";"UOP01-DEL04-ES"
167830;2018-10-26;"sexta-feira";"15:00:00";"MT";163;539;"DIAMANTINO";"Falta de Atenção à Condução";"Colisão lateral";"Com Vítimas Feridas";"Pleno dia";"Crescente";"Céu Claro";"Simples";"Curva;Declive";"Não";3;0;1;0;1;3;1;5;-14,30318529;-56,14030838;"SPRF-MT";"DEL01-MT";"UOP01-DEL01-MT"
167835;2018-10-26;"sexta-feira";"15:15:00";"SC";101;254,9;"PAULO LOPES";"Falta de Atenção à Condução";"Saída de leito carroçável";"Com Vítimas Feridas";"Pleno dia";"Decrescente";"Chuva";"Dupla";"Reta";"Sim";4;0;1;0;2;2;1;5;-27,9883;-48,6791;"SPRF-SC";"DEL02-SC";"UOP03-DEL02-SC"
167839;2018-10-26;"sexta-feira";"15:35:00";"SC";101;255;"PAULO LOPES";"Não guardar distância de segurança";"Colisão lateral";"Com Vítimas Feridas";"Pleno dia";"Decrescente";"Chuva";"Dupla";"Reta";"Não";4;0;1;0;2;1;1;3;-27,98940877;-48,67947847;"SPRF-SC";"DEL02-SC";"UOP03-DEL02-SC"
167844;2018-10-26;"sexta-feira";"16:15:00";"RS";116;233,8;"NOVO HAMBURGO";"Velocidade Incompatível";"Engavetamento";"Sem Vítimas";"Pleno dia";"Decrescente";"Chuva";"Simples";"Reta";"Sim";7;0;0;0;6;1;0;7;-29,64943511;-51,14410669;"SPRF-RS";"DEL01-RS";"UOP02-DEL01-RS"
167849;2018-10-26;"sexta-feira";"17:20:00";"SC";101;8,5;"GARUVA";"Falta de Atenção do Pedestre";"Atropelamento de Pedestre";"Com Vítimas Feridas";"Anoitecer";"Crescente";"Chuva";"Dupla";"Reta";"Não";2;0;0;1;0;1;1;2;-26,0542;-48,8594;"SPRF-SC";"DEL03-SC";"UOP01-DEL03-SC"
167852;2018-10-26;"sexta-feira";"15:35:00";"MG";251;476;"FRANCISCO SA";"Defeito Mecânico no Veículo";"Tombamento";"Sem Vítimas";"Pleno dia";"Crescente";"Nublado";"Simples";"Reta";"Sim";1;0;0;0;1;0;0;1;-16,654197;-43,7179187;"SPRF-MG";"DEL12-MG";"UOP01-DEL12-MG"
167863;2018-10-26;"sexta-feira";"17:00:00";"PI";135;337;"SANTA LUZ";"Defeito na Via";"Tombamento";"Sem Vítimas";"Pleno dia";"Decrescente";"Céu Claro";"Simples";"Curva";"Não";2;0;0;0;1;3;0;4;-8,983537;-44,282722;"SPRF-PI";"DEL03-PI";"UOP02-DEL03-PI"
167864;2018-10-26;"sexta-feira";"17:50:00";"RS";470;186;"VERANOPOLIS";"Falta de Atenção à Condução";"Colisão lateral";"Sem Vítimas";"Pleno dia";"Crescente";"Chuva";"Simples";"Curva";"Não";5;0;0;0;4;1;0;3;-29,00742726;-51,54789448;"SPRF-RS";"DEL06-RS";"UOP02-DEL06-RS"
167877;2018-10-26;"sexta-feira";"18:40:00";"SP";153;60;"SAO JOSE DO RIO PRETO";"Falta de Atenção à Condução";"Colisão traseira";"Com Vítimas Feridas";"Plena Noite";"Decrescente";"Chuva";"Dupla";"Reta";"Sim";2;0;1;0;1;0;1;2;-20,79737194;-49,35492039;"SPRF-SP";"DEL09-SP";"UOP01-DEL09-SP"
167882;2018-10-26;"sexta-feira";"18:30:00";"GO";40;95,6;"CRISTALINA";"Falta de Atenção à Condução";"Colisão transversal";"Com Vítimas Feridas";"Plena Noite";"Crescente";"Céu Claro";"Simples";"Declive;Reta;Viaduto;Interseção de Vias";"Sim";2;0;0;1;1;0;1;2;-16,75468066;-47,604146;"SPRF-DF";"DEL01-DF";"UOP02-DEL01-DF"
167883;2018-10-26;"sexta-feira";"19:35:00";"RS";116;234,3;"ESTANCIA VELHA";"Falta de Atenção à Condução";"Colisão transversal";"Com Vítimas Feridas";"Plena Noite";"Crescente";"Chuva";"Dupla";"Reta";"Não";2;0;1;0;1;0;1;2;-29,651213;-51,144444;"SPRF-RS";"DEL01-RS";"UOP02-DEL01-RS"
167884;2018-10-26;"sexta-feira";"17:30:00";"MT";163;102,9;"RONDONOPOLIS";"Velocidade Incompatível";"Tombamento";"Com Vítimas Feridas";"Anoitecer";"Decrescente";"Céu Claro";"Dupla";"Viaduto";"Não";2;0;1;0;0;3;1;4;-16,63824782;-54,69431877;"SPRF-MT";"DEL02-MT";"DEL2/2-UOP02/MT"
167885;2018-10-26;"sexta-feira";"18:00:00";"SP";116;350;"MIRACATU";"Falta de Atenção à Condução";"Colisão lateral";"Com Vítimas Feridas";"Plena Noite";"Crescente";"Nublado";"Dupla";"Reta";"Não";3;0;1;0;1;1;1;3;-24,313292;-47,517703;"SPRF-SP";"DEL04-SP";"UOP03-DEL04-SP"
167886;2018-10-26;"sexta-feira";"10:20:00";"MA";222;619,6;"ACAILANDIA";"Falta de Atenção à Condução";"Colisão lateral";"Sem Vítimas";"Pleno dia";"Decrescente";"Céu Claro";"Simples";"Declive";"Não";5;0;0;0;3;3;0;5;-4,7662926;-47,0556461;"SPRF-MA";"DEL04-MA";"UOP03-DEL04-MA"
167887;2018-10-26;"sexta-feira";"18:50:00";"MT";70;513;"VARZEA GRANDE";"Falta de Atenção à Condução";"Engavetamento";"Sem Vítimas";"Anoitecer";"Decrescente";"Nublado";"Simples";"Reta";"Não";5;0;0;0;4;5;0;9;-15,7030357;-56,11816406;"SPRF-MT";"DEL01-MT";"DEL2/4-UOP02/MT"
167892;2018-10-26;"sexta-feira";"19:40:00";"PE";423;100,1;"GARANHUNS";"Falta de Atenção à Condução";"Saída de leito carroçável";"Com Vítimas Feridas";"Plena Noite";"Crescente";"Céu Claro";"Simples";"Reta";"Não";2;0;1;0;0;1;1;2;-8,87472583;-36,52632236;"SPRF-PE";"DEL03-PE";"UOP01-DEL03-PE"
167894;2018-10-26;"sexta-feira";"14:30:00";"GO";364;91,8;"CACHOEIRA ALTA";"Defeito Mecânico no Veículo";"Incêndio";"Sem Vítimas";"Pleno dia";"Crescente";"Nublado";"Simples";"Aclive";"Não";2;0;0;0;1;2;0;3;-18,49239;-51,074486;"SPRF-GO";"DEL05-GO";"UOP02-DEL05-GO"
167895;2018-10-26;"sexta-feira";"21:30:00";"SC";101;134;"BALNEARIO CAMBORIU";"Velocidade Incompatível";"Colisão traseira";"Com Vítimas Feridas";"Plena Noite";"Decrescente";"Chuva";"Dupla";"Reta";"Sim";3;0;1;1;1;0;2;3;-27,0049;-48,6266;"SPRF-SC";"DEL04-SC";"UOP03-DEL04-SC"
167899;2018-10-26;"sexta-feira";"21:50:00";"BA";116;479;"RAFAEL JAMBEIRO";"Falta de Atenção à Condução";"Capotamento";"Sem Vítimas";"Plena Noite";"Crescente";"Céu Claro";"Dupla";"Reta";"Não";1;0;0;0;1;0;0;1;-12,51987;-39,390593;"SPRF-BA";"DEL02-BA";"UOP01-DEL02-BA"
167901;2018-10-26;"sexta-feira";"21:20:00";"MG";50;73;"UBERLANDIA";"Deficiência ou não Acionamento do Sistema de Iluminação/Sinalização do Veículo";"Colisão traseira";"Com Vítimas Fatais";"Plena Noite";"Crescente";"Nublado";"Dupla";"Reta";"Sim";2;1;0;0;0;1;0;2;-18,90888488;-48,22654724;"SPRF-MG";"DEL15-MG";"UOP01-DEL15-MG"
167903;2018-10-26;"sexta-feira";"15:40:00";"MA";135;147;"SAO MATEUS DO MARANHAO";"Defeito na Via";"Tombamento";"Com Vítimas Feridas";"Plena Noite";"Decrescente";"Céu Claro";"Simples";"Reta";"Não";2;0;1;0;0;2;1;3;-3,9446854;-44,47969437;"SPRF-MA";"DEL01-MA";"UOP02-DEL01-MA"
167912;2018-10-26;"sexta-feira";"23:15:00";"ES";101;111,8;"SOORETAMA";"Agressão Externa";"Saída de leito carroçável";"Com Vítimas Feridas";"Plena Noite";"Crescente";"Chuva";"Simples";"Reta";"Não";2;0;0;1;0;1;1;2;-19,05757487;-40,0325489;"SPRF-ES";"DEL04-ES";"UOP01-DEL04-ES"
167931;2018-10-27;"sábado";"01:00:00";"SP";116;220,8;"GUARULHOS";"Ingestão de Álcool";"Capotamento";"Com Vítimas Feridas";"Plena Noite";"Crescente";"Nublado";"Múltipla";"Reta";"Sim";3;0;1;0;1;1;1;3;-23,46831965;-46,50883913;"SPRF-SP";"DEL01-SP";"UOP01-DEL01-SP"
167932;2018-10-27;"sábado";"01:10:00";"SC";116;181,6;"SAO CRISTOVAO DO SUL";"Velocidade Incompatível";"Colisão frontal";"Com Vítimas Fatais";"Plena Noite";"Decrescente";"Chuva";"Simples";"Curva";"Não";4;2;0;2;0;0;2;2;-27,27843318;-50,43514252;"SPRF-SC";"DEL05-SC";"UOP03-DEL05-SC"
167934;2018-10-27;"sábado";"00:50:00";"MG";381;817,4;"CAREACU";"Condutor Dormindo";"Colisão traseira";"Com Vítimas Feridas";"Plena Noite";"Decrescente";"Nublado";"Dupla";"Aclive";"Não";2;0;0;1;1;0;1;2;-22,0518;-45,6947;"SPRF-MG";"DEL16-MG";"UOP02-DEL16-MG"
167937;2018-10-27;"sábado";"00:30:00";"PR";376;659,4;"TIJUCAS DO SUL";"Falta de Atenção à Condução";"Colisão transversal";"Com Vítimas Feridas";"Plena Noite";"Crescente";"Garoa/Chuvisco";"Dupla";"Curva";"Não";10;0;0;1;9;0;1;3;-25,85180863;-49,00554657;"SPRF-PR";"DEL01-PR";"DEL7/1-UOP08/PR"
167941;2018-10-27;"sábado";"02:00:00";"SC";280;51,4;"GUARAMIRIM";"Ingestão de Álcool";"Saída de leito carroçável";"Com Vítimas Feridas";"Plena Noite";"Crescente";"Céu Claro";"Simples";"Rotatória";"Sim";1;0;1;0;0;0;1;1;-26,46697336;-48,96059623;"SPRF-SC";"DEL03-SC";"UOP03-DEL03-SC"
167944;2018-10-27;"sábado";"02:45:00";"RJ";356;49,5;"ITAPERUNA";"Condutor Dormindo";"Colisão frontal";"Com Vítimas Feridas";"Plena Noite";"Decrescente";"Nublado";"Simples";"Curva";"Não";3;0;0;1;1;1;1;3;-21,257353;-41,775131;"SPRF-RJ";"DEL08-RJ";"UOP03-DEL08-RJ"
167948;2018-10-27;"sábado";"04:25:00";"MG";381;670,2;"PERDOES";"Condutor Dormindo";"Saída de leito carroçável";"Com Vítimas Feridas";"Plena Noite";"Decrescente";"Nublado";"Dupla";"Reta;Declive";"Não";1;0;0;1;0;0;1;1;-21,0616;-45,0507;"SPRF-MG";"DEL04-MG";"UOP02-DEL04-MG"
167962;2018-10-27;"sábado";"06:00:00";"RN";101;104,4;"PARNAMIRIM";"Falta de Atenção à Condução";"Colisão lateral";"Com Vítimas Feridas";"Amanhecer";"Decrescente";"Céu Claro";"Dupla";"Reta";"Sim";3;0;1;0;1;1;1;3;-5,895971;-35,257982;"SPRF-RN";"DEL01-RN";"UOP01-DEL01-RN"
167965;2018-10-27;"sábado";"06:30:00";"SC";101;139,5;"BALNEARIO CAMBORIU";"Velocidade Incompatível";"Colisão traseira";"Com Vítimas Fatais";"Pleno dia";"Crescente";"Céu Claro";"Simples";"Aclive";"Não";3;1;0;0;1;1;0;3;-27,0386;-48,6028;"SPRF-SC";"DEL04-SC";"UOP03-DEL04-SC"
167970;2018-10-27;"sábado";"07:00:00";"BA";116;583;"NOVA ITARANA";"Falta de Atenção à Condução";"Capotamento";"Com Vítimas Feridas";"Pleno dia";"Decrescente";"Nublado";"Múltipla";"Curva";"Não";1;0;1;0;0;0;1;1;-13,096022;-39,962657;"SPRF-BA";"DEL03-BA";"UOP02-DEL03-BA"
167971;2018-10-27;"sábado";"04:30:00";"PR";476;327;"PAULO FRONTIN";"Ingestão de Álcool";"Colisão com objeto estático";"Com Vítimas Feridas";"Plena Noite";"Decrescente";"Chuva";"Simples";"Reta";"Não";4;0;1;2;1;0;3;2;-26,095057;-50,789616;"SPRF-PR";"DEL02-PR";"UOP03-DEL02-PR"
167972;2018-10-27;"sábado";"07:25:00";"RS";472;148,9;"SANTA ROSA";"Falta de Atenção à Condução";"Colisão frontal";"Com Vítimas Fatais";"Pleno dia";"Crescente";"Céu Claro";"Simples";"Curva";"Não";3;1;0;0;1;1;0;3;-27,78236632;-54,37850475;"SPRF-RS";"DEL10-RS";"UOP01-DEL10-RS"
167976;2018-10-27;"sábado";"07:30:00";"RO";364;197;"PIMENTA BUENO";"Falta de Atenção à Condução";"Colisão traseira";"Com Vítimas Feridas";"Amanhecer";"Decrescente";"Céu Claro";"Simples";"Viaduto";"Sim";2;0;0;1;1;0;1;2;-11,67920844;-61,18776441;"SPRF-RO";"DEL02-RO";"UOP02-DEL02-RO"