"id";"data_inversa";"dia_semana";"horario";"uf";"br";"km";"municipio";"causa_acidente";"tipo_acidente";"classificacao_acidente";"fase_dia";"sentido_via";"condicao_metereologica";"tipo_pista";"tracado_via";"uso_solo";"pessoas";"mortos";"feridos_leves";"feridos_graves";"ilesos";"ignorados";"feridos";"veiculos";"latitude";"longitude";"regional";"delegacia";"uop"
167982;2018-10-27;"sábado";"09:35:00";"BA";116;548;"MILAGRES";"Defeito Mecânico no Veículo";"Capotamento";"Com Vítimas Feridas";"Pleno dia";"Decrescente";"Céu Claro";"Simples";"Reta";"Sim";1;0;1;0;0;0;1;1;-12,879;-39,858;"SPRF-BA";"DEL03-BA";"UOP02-DEL03-BA"
167986;2018-07-29;"domingo";"18:00:00";"RJ";116;202;"SEROPEDICA";"Velocidade Incompatível";"Colisão traseira";"Com Vítimas Feridas";"Anoitecer";"Decrescente";"Céu Claro";"Dupla";"Reta";"Não";2;0;1;0;1;0;1;2;-22,72999;-43,613262;"SPRF-RJ";"DEL01-RJ";"UOP03-DEL01-RJ"
167987;2018-10-27;"sábado";"09:30:00";"PA";163;998;"SANTAREM";"Falta de Atenção à Condução";"Colisão lateral";"Com Vítimas Feridas";"Pleno dia";"Crescente";"Céu Claro";"Simples";"Curva;Declive";"Sim";2;0;1;0;1;0;1;2;-2,48935;-54,733067;"SPRF-PA";"DEL05-PA";"UOP01-DEL05-PA"
167988;2018-10-27;"sábado";"09:45:00";"MG";40;442;"PARAOPEBA";"Defeito Mecânico no Veículo";"Incêndio";"Sem Vítimas";"Pleno dia";"Decrescente";"Nublado";"Dupla";"Reta";"Não";2;0;0;0;1;1;0;2;-19,2886;-44,4089;"SPRF-MG";"DEL02-MG";"UOP01-DEL02-MG"
167990;2018-10-27;"sábado";"10:18:00";"ES";101;149,3;"LINHARES";"Desobediência às normas de trânsito pelo condutor";"Colisão transversal";"Com Vítimas Fatais";"Pleno dia";"Crescente";"Sol";"Múltipla";"Reta;Interseção de Vias";"Sim";4;1;0;0;1;3;0;5;-19,39977055;-40,06232526;"SPRF-ES";"DEL04-ES";"UOP01-DEL04-ES"
167995;2018-10-27;"sábado";"07:00:00";"BA";110;171,2;"RIBEIRA DO POMBAL";"Falta de Atenção do Pedestre";"Atropelamento de Pedestre";"Com Vítimas Feridas";"Pleno dia";"Decrescente";"Céu Claro";"Simples";"Reta";"Sim";2;0;0;1;1;0;1;2;-10,8156;-38,5297;"SPRF-BA";"DEL07-BA";"UOP02-DEL07-BA"
167996;2018-10-27;"sábado";"08:02:00";"SC";116;169,3;"PONTE ALTA DO NORTE";"Ultrapassagem Indevida";"Colisão frontal";"Com Vítimas Fatais";"Pleno dia";"Crescente";"Garoa/Chuvisco";"Simples";"Curva";"Não";4;1;0;0;2;1;0;4;-27,18563139;-50,46492577;"SPRF-SC";"DEL05-SC";"UOP03-DEL05-SC"
167998;2018-10-27;"sábado";"08:00:00";"PR";116;117;"CURITIBA";"Falta de Atenção à Condução";"Colisão traseira";"Com Vítimas Feridas";"Pleno dia";"Crescente";"Sol";"Múltipla";"Reta";"Sim";2;0;1;0;1;0;1;2;-25,56346969;-49,30872974;"SPRF-PR";"DEL01-PR";"UOP07-DEL01-PR"
168001;2018-10-27;"sábado";"11:45:00";"AL";101;51;"FLEXEIRAS";"Desobediência às normas de trânsito pelo condutor";"Tombamento";"Com Vítimas Fatais";"Pleno dia";"Crescente";"Céu Claro";"Dupla";"Curva";"Não";3;1;0;1;0;1;1;2;-9,241987;-35,760014;"SPRF-AL";"DEL01-AL";"UOP01-DEL01-AL"
168008;2018-10-27;"sábado";"12:20:00";"GO";153;690,8;"ITUMBIARA";"Agressão Externa";"Saída de leito carroçável";"Com Vítimas Feridas";"Pleno dia";"Decrescente";"Céu Claro";"Dupla";"Reta";"Não";2;0;1;0;0;1;1;2;-18,3085;-49,233;"SPRF-GO";"DEL03-GO";"UOP02-DEL03-GO"
168012;2018-10-27;"sábado";"13:00:00";"RJ";116;137,2;"DUQUE DE CAXIAS";"Não guardar distância de segurança";"Colisão traseira";"Com Vítimas Feridas";"Pleno dia";"Crescente";"Nublado";"Dupla";"Reta";"Não";8;0;1;0;7;0;1;2;-22,6478678;-43,2293011;"SPRF-RJ";"DEL04-RJ";"UOP02-DEL04-RJ"
168014;2018-10-27;"sábado";"13:20:00";"GO";20;181;"SIMOLANDIA";"Desobediência às normas de trânsito pelo condutor";"Colisão transversal";"Com Vítimas Feridas";"Pleno dia";"Crescente";"Chuva";"Simples";"Reta";"Sim";3;0;1;0;1;1;1;3;-14,470801;-46,486183;"SPRF-DF";"DEL02-DF";"UOP03-DEL02-DF"
168017;2018-10-27;"sábado";"10:00:00";"RJ";116;196;"QUEIMADOS";"Mal Súbito";"Saída de leito carroçável";"Com Vítimas Feridas";"Pleno dia";"Crescente";"Céu Claro";"Dupla";"Curva";"Não";3;0;0;2;0;1;2;2;-22,733366;-43,556595;"SPRF-RJ";"DEL01-RJ";"UOP03-DEL01-RJ"
168019;2018-08-24;"sexta-feira";"19:40:00";"RJ";101;399;"ITAGUAI";"Desobediência às normas de trânsito pelo pedestre";"Atropelamento de Pedestre";"Com Vítimas Feridas";"Plena Noite";"Decrescente";"Céu Claro";"Dupla";"Reta";"Não";2;0;0;1;0;1;1;2;-22,86149;-43,75642;"SPRF-RJ";"DEL03-RJ";"UOP01-DEL03-RJ"
168024;2018-10-27;"sábado";"14:32:00";"PE";423;127,1;"SALOA";"Ingestão de Álcool";"Colisão lateral";"Com Vítimas Feridas";"Pleno dia";"Crescente";"Céu Claro";"Simples";"Curva";"Não";2;0;0;1;1;0;1;2;-8,95954;-36,723441;"SPRF-PE";"DEL03-PE";"UOP01-DEL03-PE"
168029;2018-10-27;"sábado";"14:00:00";"MG";40;470;"SETE LAGOAS";"Pista Escorregadia";"Saída de leito carroçável";"Com Vítimas Feridas";"Pleno dia";"Decrescente";"Chuva";"Dupla";"Reta";"Não";2;0;1;0;1;0;1;1;-19,469;-44,295;"SPRF-MG";"DEL02-MG";"UOP01-DEL02-MG"
168035;2018-10-27;"sábado";"14:00:00";"SC";101;111,3;"NAVEGANTES";"Carga excessiva e/ou mal acondicionada";"Saída de leito carroçável";"Sem Vítimas";"Pleno dia";"Decrescente";"Sol";"Simples";"Viaduto";"Não";2;0;0;0;1;1;0;2;-26,84183942;-48,71509552;"SPRF-SC";"DEL04-SC";"UOP04-DEL04-SC"
168037;2018-10-27;"sábado";"15:50:00";"GO";50;153,9;"CAMPO ALEGRE DE GOIAS";"Velocidade Incompatível";"Tombamento";"Com Vítimas Feridas";"Pleno dia";"Crescente";"Sol";"Simples";"Rotatória";"Não";3;0;1;0;0;2;1;3;-17,1979;-47,739;"SPRF-GO";"DEL06-GO";"UOP01-DEL06-GO"
168038;2018-10-27;"sábado";"15:45:00";"RJ";116;302,2;"RESENDE";"Ingestão de Álcool";"Colisão com objeto estático";"Sem Vítimas";"Pleno dia";"Decrescente";"Nublado";"Dupla";"Reta";"Sim";2;0;0;0;2;0;0;2;-22,4582586;-44,4168795;"SPRF-RJ";"DEL07-RJ";"DEL5/7-UOP03/RJ"
168041;2018-10-27;"sábado";"15:30:00";"MT";163;834;"SINOP";"Falta de Atenção à Condução";"Tombamento";"Sem Vítimas";"Anoitecer";"Decrescente";"Céu Claro";"Dupla";"Rotatória;Retorno Regulamentado;Curva";"Sim";2;0;0;0;1;2;0;3;-11,86732151;-55,49695225;"SPRF-MT";"DEL06-MT";"UOP01-DEL06-MT"
168046;2018-10-27;"sábado";"16:35:00";"GO";20;28,6;"FORMOSA";"Pista Escorregadia";"Saída de leito carroçável";"Com Vítimas Feridas";"Pleno dia";"Decrescente";"Chuva";"Simples";"Reta;Aclive";"Não";3;0;1;0;2;0;1;1;-15,50883149;-47,11679843;"SPRF-DF";"DEL02-DF";"UOP01-DEL02-DF"
168053;2018-10-27;"sábado";"17:30:00";"SP";116;165;"JACAREI";"Condutor Dormindo";"Colisão traseira";"Com Vítimas Feridas";"Pleno dia";"Decrescente";"Céu Claro";"Dupla";"Reta;Declive";"Não";3;0;1;0;1;1;1;3;-23,29672782;-46,00740552;"SPRF-SP";"DEL02-SP";"UOP01-DEL02-SP"
168057;2018-10-27;"sábado";"17:10:00";"RJ";116;73,2;"TERESOPOLIS";"Falta de Atenção à Condução";"Colisão frontal";"Com Vítimas Fatais";"Pleno dia";"Decrescente";"Nublado";"Simples";"Curva";"Sim";4;1;0;1;1;1;1;3;-22,34658292;-42,93972015;"SPRF-RJ";"DEL04-RJ";"UOP01-DEL04-RJ"
168062;2018-10-27;"sábado";"18:00:00";"PA";230;115;"MARABA";"Desobediência às normas de trânsito pelo condutor";"Atropelamento de Pedestre";"Com Vítimas Feridas";"Anoitecer";"Decrescente";"Céu Claro";"Dupla";"Reta";"Sim";2;0;0;1;1;0;1;2;-5,362414;-49,074959;"SPRF-PA";"DEL03-PA";"UOP01-DEL03-PA"
168065;2018-10-27;"sábado";"18:40:00";"AL";316;43,9;"CANAPI";"Desobediência às normas de trânsito pelo condutor";"Colisão traseira";"Com Vítimas Feridas";"Plena Noite";"Crescente";"Céu Claro";"Dupla";"Reta";"Não";3;0;2;1;0;0;3;3;-9,152802;-37,54985;"SPRF-AL";"DEL03-AL";"UOP02-DEL03-AL"
168069;2018-10-27;"sábado";"18:20:00";"PE";101;74,2;"RECIFE";"Sinalização da via insuficiente ou inadequada";"Colisão lateral";"Com Vítimas Feridas";"Plena Noite";"Crescente";"Céu Claro";"Simples";"Reta";"Sim";3;0;1;0;1;1;1;3;-8,104649;-34,94882;"SPRF-PE";"DEL01-PE";"UOP01-DEL01-PE"
168070;2018-10-27;"sábado";"18:30:00";"GO";40;12,6;"LUZIANIA";"Ingestão de Álcool";"Colisão traseira";"Sem Vítimas";"Anoitecer";"Crescente";"Céu Claro";"Dupla";"Reta";"Sim";3;0;0;0;3;0;0;3;-16,145123;-47,945382;"SPRF-DF";"DEL01-DF";"UOP01-DEL01-DF"
168083;2018-10-27;"sábado";"18:20:00";"MA";316;261;"SANTA INES";"Desobediência às normas de trânsito pelo condutor";"Colisão frontal";"Com Vítimas Fatais";"Plena Noite";"Crescente";"Céu Claro";"Simples";"Curva";"Não";2;1;0;0;1;0;0;2;-3,67655317;-45,38804054;"SPRF-MA";"DEL02-MA";"UI04-DEL02-MA"
168087;2018-10-27;"sábado";"18:47:00";"RS";153;0,8;"MARCELINO RAMOS";"Ingestão de Álcool";"Saída de leito carroçável";"Com Vítimas Feridas";"Anoitecer";"Decrescente";"Céu Claro";"Simples";"Curva";"Não";2;0;0;1;0;1;1;2;-27,380186;-51,985706;"SPRF-RS";"DEL08-RS";"UOP04-DEL08-RS"
168093;2018-10-27;"sábado";"20:25:00";"PR";116;107;"SAO JOSE DOS PINHAIS";"Ingestão de Álcool";"Colisão lateral";"Com Vítimas Feridas";"Plena Noite";"Decrescente";"Nublado";"Dupla";"Reta";"Não";3;0;0;1;1;1;1;3;-25,569897;-49,187782;"SPRF-PR";"DEL01-PR";"UOP01-DEL01-PR"
168109;2018-10-27;"sábado";"22:20:00";"PR";369;57;"BANDEIRANTES";"Velocidade Incompatível";"Colisão transversal";"Com Vítimas Feridas";"Plena Noite";"Decrescente";"Céu Claro";"Simples";"Curva";"Sim";2;0;0;1;1;0;1;2;-23,11643366;-50,37388086;"SPRF-PR";"DEL07-PR";"UOP05-DEL07-PR"
168121;2018-10-28;"domingo";"00:30:00";"PE";423;138;"IATI";"Desobediência às normas de trânsito pelo condutor";"Colisão lateral";"Com Vítimas Fatais";"Plena Noite";"Crescente";"Céu Claro";"Simples";"Reta";"Não";2;1;0;0;0;1;0;2;-9,003867;-36,860493;"SPRF-PE";"DEL03-PE";"UOP01-DEL03-PE"
168122;2018-10-28;"domingo";"05:10:00";"SP";381;37;"ATIBAIA";"Falta de Atenção à Condução";"Atropelamento de Pedestre";"Com Vítimas Feridas";"Amanhecer";"Decrescente";"Céu Claro";"Dupla";"Reta";"Sim";2;0;1;0;0;1;1;2;-23,105062;-46,568817;"SPRF-SP";"DEL03-SP";"UOP01-DEL03-SP"
168135;2018-10-27;"sábado";"21:00:00";"PE";232;165,5;"TACAIMBO";"Desobediência às normas de trânsito pelo condutor";"Colisão frontal";"Com Vítimas Feridas";"Plena Noite";"Decrescente";"Céu Claro";"Simples";"Aclive";"Não";3;0;0;1;2;0;1;2;-8,337086;-36,300949;"SPRF-PE";"DEL02-PE";"UOP03-DEL02-PE"
168137;2018-10-27;"sábado";"20:45:00";"SC";116;225,5;"CORREIA PINTO";"Falta de Atenção à Condução";"Colisão frontal";"Com Vítimas Fatais";"Plena Noite";"Decrescente";"Nublado";"Simples";"Reta";"Não";2;1;1;0;0;0;1;2;-27,585733;-50,365551;"SPRF-SC";"DEL05-SC";"UOP03-DEL05-SC"
168142;2018-10-27;"sábado";"20:00:00";"PI";135;304,8;"CRISTINO CASTRO";"Defeito na Via";"Saída de leito carroçável";"Com Vítimas Feridas";"Plena Noite";"Decrescente";"Céu Claro";"Simples";"Reta";"Não";3;0;1;0;1;1;1;2;-8,737638;-44,138458;"SPRF-PI";"DEL03-PI";"UOP02-DEL03-PI"
168149;2018-10-27;"sábado";"21:00:00";"BA";116;284;"TUCANO";"Desobediência às normas de trânsito pelo condutor";"Colisão frontal";"Com Vítimas Fatais";"Plena Noite";"Crescente";"Céu Claro";"Simples";"Reta";"Não";3;1;0;0;1;1;0;3;-11,04196213;-38,83460999;"SPRF-BA";"DEL02-BA";"DEL10/2-UOP02/BA"
168163;2018-10-27;"sábado";"23:20:00";"MT";364;216;"RONDONOPOLIS";"Condutor Dormindo";"Tombamento";"Sem Vítimas";"Plena Noite";"Decrescente";"Nublado";"Dupla";"Curva";"Não";2;0;0;0;1;1;0;2;-16,38429692;-54,71260071;"SPRF-MT";"DEL02-MT";"UOP01-DEL02-MT"
168179;2018-10-28;"domingo";"08:40:00";"AM";319;0,9;"MANAUS";"Falta de Atenção à Condução";"Colisão com objeto estático";"Sem Vítimas";"Pleno dia";"Crescente";"Sol";"Dupla";"Declive";"Sim";6;0;0;0;5;1;0;6;-3,13545969;-59,93872941;"SPRF-AM";"DEL01-AM";"UOP03/AM"
168187;2018-10-28;"domingo";"10:15:00";"SP";381;47;"ATIBAIA";"Desobediência às normas de trânsito pelo condutor";"Colisão frontal";"Com Vítimas Feridas";"Pleno dia";"Crescente";"Nublado";"Dupla";"Reta";"Sim";3;0;0;1;2;0;1;2;-23,1861987;-46,58284493;"SPRF-SP";"DEL03-SP";"UOP01-DEL03-SP"
168193;2018-10-28;"domingo";"10:10:00";"MG";381;491,6;"BETIM";"Falta de Atenção à Condução";"Colisão lateral";"Com Vítimas Feridas";"Pleno dia";"Crescente";"Céu Claro";"Dupla";"Reta";"Sim";3;0;2;0;1;0;2;2;-19,9616;-44,1603;"SPRF-MG";"DEL01-MG";"UOP03-DEL01-MG"
168194;2018-10-24;"quarta-feira";"08:00:00";"PR";369;489,5;"CORBELIA";"Não guardar distância de segurança";"Colisão traseira";"Sem Vítimas";"Pleno dia";"Crescente";"Garoa/Chuvisco";"Simples";"Interseção de Vias";"Não";4;0;0;0;3;1;0;3;-24,63828157;-53,2083735;"SPRF-PR";"DEL04-PR";"UOP03-DEL04-PR"
168196;2018-10-28;"domingo";"11:10:00";"AL";101;241,7;"PORTO REAL DO COLEGIO";"Mal Súbito";"Tombamento";"Com Vítimas Feridas";"Pleno dia";"Crescente";"Sol";"Dupla";"Curva";"Não";2;0;0;1;0;1;1;2;-10,175445;-36,824844;"SPRF-AL";"DEL02-AL";"UOP02-DEL02-AL"
168197;2018-10-28;"domingo";"08:40:00";"MG";381;913,2;"CAMANDUCAIA";"Falta de Atenção à Condução";"Colisão lateral";"Sem Vítimas";"Pleno dia";"Decrescente";"Céu Claro";"Dupla";"Reta";"Não";3;0;0;0;1;3;0;4;-22,71564733;-46,12482006;"SPRF-MG";"DEL16-MG";"UOP03-DEL16-MG"
168199;2018-10-28;"domingo";"08:00:00";"BA";242;351,2;"LENCOIS";"Carga excessiva e/ou mal acondicionada";"Tombamento";"Com Vítimas Feridas";"Pleno dia";"Crescente";"Nublado";"Simples";"Reta";"Não";2;0;1;0;0;2;1;3;-12,49385223;-41,32806628;"SPRF-BA";"DEL06-BA";"UOP01-DEL06-BA"
168200;2018-10-28;"domingo";"07:37:00";"SC";116;53,9;"PAPANDUVA";"Velocidade Incompatível";"Tombamento";"Com Vítimas Feridas";"Pleno dia";"Decrescente";"Céu Claro";"Simples";"Rotatória";"Sim";2;0;1;0;0;1;1;2;-26,39325;-50,155151;"SPRF-SC";"DEL06-SC";"UOP02-DEL06-SC"
168207;2018-10-28;"domingo";"13:10:00";"BA";418;102;"NOVA VICOSA";"Falta de Atenção à Condução";"Colisão transversal";"Com Vítimas Feridas";"Pleno dia";"Decrescente";"Chuva";"Simples";"Reta";"Não";3;0;0;1;1;1;1;3;-17,89957928;-40,01060486;"SPRF-BA";"DEL09-BA";"UOP02-DEL09-BA"
168215;2018-10-28;"domingo";"14:15:00";"PR";376;600;"CURITIBA";"Falta de Atenção à Condução";"Colisão traseira";"Com Vítimas Feridas";"Pleno dia";"Crescente";"Céu Claro";"Dupla";"Reta";"Sim";3;0;1;0;1;1;1;3;-25,52974029;-49,32689667;"SPRF-PR";"DEL01-PR";"UOP06-DEL01-PR"
168221;2018-10-28;"domingo";"13:00:00";"MG";365;816;"SANTA VITORIA";"Falta de Atenção à Condução";"Colisão lateral";"Com Vítimas Feridas";"Pleno dia";"Decrescente";"Céu Claro";"Simples";"Reta";"Não";4;0;2;0;1;2;2;4;-18,88159984;-50,06744385;"SPRF-MG";"DEL15-MG";"UOP03-DEL15-MG"
168226;2018-10-28;"domingo";"14:30:00";"RJ";493;108;"SEROPEDICA";"Desobediência às normas de trânsito pelo condutor";"Colisão traseira";"Com Vítimas Feridas";"Pleno dia";"Crescente";"Nublado";"Múltipla";"Retorno Regulamentado";"Não";4;0;1;0;2;1;1;3;-22,78231456;-43,75697851;"SPRF-RJ";"DEL03-RJ";"UOP01-DEL03-RJ"
168240;2018-10-28;"domingo";"16:40:00";"PR";376;622,8;"SAO JOSE DOS PINHAIS";"Falta de Atenção à Condução";"Colisão lateral";"Com Vítimas Feridas";"Pleno dia";"Crescente";"Sol";"Dupla";"Reta";"Não";4;0;2;0;1;1;2;3;-25,63595503;-49,16164041;"SPRF-PR";"DEL01-PR";"DEL7/1-UOP08/PR"
168254;2018-10-28;"domingo";"17:00:00";"TO";153;651;"GURUPI";"Defeito Mecânico no Veículo";"Incêndio";"Sem Vítimas";"Anoitecer";"Decrescente";"Nublado";"Simples";"Aclive";"Não";2;0;0;0;1;1;0;2;-11,606503;-49,04262543;"SPRF-TO";"DEL02-TO";"UOP02-DEL01-TO"
168264;2018-10-28;"domingo";"14:20:00";"MT";364;116,5;"ALTO GARCAS";"Falta de Atenção à Condução";"Tombamento";"Com Vítimas Feridas";"Pleno dia";"Crescente";"Céu Claro";"Simples";"Declive";"Não";2;0;1;0;0;2;1;3;-16,864014;-53,872082;"SPRF-MT";"DEL02-MT";"UOP02-DEL02-MT"
168285;2018-10-28;"domingo";"19:30:00";"MA";316;579,1;"CAXIAS";"Falta de Atenção à Condução";"Colisão frontal";"Com Vítimas Feridas";"Plena Noite";"Crescente";"Céu Claro";"Simples";"Reta";"Sim";3;0;0;2;1;0;2;2;-4,973422;-43,106636;"SPRF-MA";"DEL03-MA";"UOP02-DEL03-MA"
168296;2018-10-28;"domingo";"21:45:00";"CE";116;491,4;"MILAGRES";"Falta de Atenção à Condução";"Colisão lateral";"Com Vítimas Feridas";"Plena Noite";"Crescente";"Céu Claro";"Simples";"Interseção de Vias";"Sim";3;0;1;0;0;2;1;3;-7,396017;-38,961602;"SPRF-CE";"DEL05-CE";"UOP03-DEL05-CE"
168302;2018-10-28;"domingo";"22:05:00";"AL";316;82,8;"SANTANA DO IPANEMA";"Velocidade Incompatível";"Colisão traseira";"Com Vítimas Feridas";"Plena Noite";"Decrescente";"Céu Claro";"Simples";"Curva";"Sim";2;0;0;1;0;1;1;2;-9,36139;-37,268555;"SPRF-AL";"DEL03-AL";"UOP02-DEL03-AL"
168307;2018-10-28;"domingo";"20:15:00";"MT";163;828;"SINOP";"Ingestão de Álcool";"Colisão traseira";"Com Vítimas Feridas";"Plena Noite";"Crescente";"Nublado";"Dupla";"Reta";"Sim";2;0;0;1;1;0;1;2;-11,93575719;-55,51475286;"SPRF-MT";"DEL06-MT";"UOP01-DEL06-MT"
168318;2018-10-28;"domingo";"18:30:00";"BA";101;91,9;"ALAGOINHAS";"Falta de Atenção à Condução";"Colisão lateral";"Sem Vítimas";"Plena Noite";"Crescente";"Céu Claro";"Simples";"Reta";"Não";3;0;0;0;1;3;0;4;-12,05073654;-38,30803871;"SPRF-BA";"DEL01-BA";"UOP04-DEL01-BA"
168325;2018-10-29;"segunda-feira";"05:20:00";"PR";376;252,1;"CALIFORNIA";"Falta de Atenção à Condução";"Tombamento";"Com Vítimas Feridas";"Plena Noite";"Decrescente";"Nublado";"Dupla";"Reta";"Não";2;0;1;0;1;0;1;2;-23,6250994;-51,3805596;"SPRF-PR";"DEL07-PR";"UOP03-DEL07-PR"
168329;2018-10-29;"segunda-feira";"00:35:00";"SC";101;320,5;"PESCARIA BRAVA";"Ingestão de Álcool";"Colisão traseira";"Com Vítimas Feridas";"Plena Noite";"Crescente";"Céu Claro";"Dupla";"Reta";"Não";2;0;1;0;1;0;1;2;-28,42833572;-48,9253056;"SPRF-SC";"DEL02-SC";"UOP01-DEL02-SC"
168333;2018-10-29;"segunda-feira";"01:45:00";"RS";101;61,2;"MAQUINE";"Condutor Dormindo";"Saída de leito carroçável";"Sem Vítimas";"Plena Noite";"Crescente";"Nublado";"Dupla";"Reta";"Sim";2;0;0;0;1;1;0;2;-29,68708722;-50,15216857;"SPRF-RS";"DEL03-RS";"UOP01-DEL03-RS"
168344;2018-10-29;"segunda-feira";"01:40:00";"PR";116;105,9;"SAO JOSE DOS PINHAIS";"Condutor Dormindo";"Colisão traseira";"Com Vítimas Feridas";"Plena Noite";"Crescente";"Garoa/Chuvisco";"Dupla";"Reta";"Não";2;0;0;1;1;0;1;2;-25,57008512;-49,21833862;"SPRF-PR";"DEL01-PR";"UOP01-DEL01-PR"
168348;2018-10-29;"segunda-feira";"06:05:00";"RS";293;110;"PINHEIRO MACHADO";"Falta de Atenção à Condução";"Colisão traseira";"Com Vítimas Fatais";"Amanhecer";"Crescente";"Céu Claro";"Simples";"Aclive";"Não";4;1;1;0;1;1;1;3;-31,582973;-53,35569;"SPRF-RS";"DEL11-RS";"UOP03-DEL11-RS"
168349;2018-10-28;"domingo";"22:00:00";"PR";373;454;"CHOPINZINHO";"Falta de Atenção à Condução";"Colisão lateral";"Sem Vítimas";"Plena Noite";"Decrescente";"Céu Claro";"Simples";"Reta";"Não";3;0;0;0;2;1;0;3;-25,91543822;-52,38246918;"SPRF-PR";"DEL02-PR";"UOP01-DEL02-PR"
168354;2018-10-28;"domingo";"23:10:00";"PE";232;40,8;"VITORIA DE SANTO ANTAO";"Animais na Pista";"Atropelamento de Animal";"Sem Vítimas";"Plena Noite";"Crescente";"Céu Claro";"Dupla";"Declive;Reta";"Não";1;0;0;0;0;1;0;1;-8,11423112;-35,24682283;"SPRF-PE";"DEL01-PE";"UOP02-DEL02PE"
168358;2018-10-29;"segunda-feira";"07:50:00";"CE";116;22;"AQUIRAZ";"Desobediência às normas de trânsito pelo condutor";"Saída de leito carroçável";"Com Vítimas Feridas";"Pleno dia";"Decrescente";"Céu Claro";"Dupla";"Reta;Retorno Regulamentado;Declive";"Sim";3;0;1;1;1;0;2;2;-3,95371761;-38,51228356;"SPRF-CE";"DEL01-CE";"UOP02-DEL01-CE"
168360;2018-10-28;"domingo";"21:00:00";"BA";407;110;"JAGUARARI";"Mal Súbito";"Colisão lateral";"Com Vítimas Fatais";"Plena Noite";"Crescente";"Chuva";"Simples";"Declive";"Não";2;1;0;0;1;0;0;2;-10,31552;-40,166759;"SPRF-BA";"DEL04-BA";"UOP01-DEL04-BA"
168363;2018-10-29;"segunda-feira";"06:15:00";"RJ";116;229;"PIRAI";"Defeito Mecânico no Veículo";"Colisão com objeto estático";"Sem Vítimas";"Pleno dia";"Decrescente";"Nublado";"Dupla";"Reta";"Não";2;0;0;0;1;1;0;2;-22,66816;-43,85802;"SPRF-RJ";"DEL07-RJ";"UOP01-DEL07-RJ"
168366;2018-10-29;"segunda-feira";"01:40:00";"RJ";116;311;"RESENDE";"Falta de Atenção à Condução";"Colisão com objeto estático";"Com Vítimas Feridas";"Plena Noite";"Decrescente";"Nublado";"Dupla";"Reta";"Sim";5;0;2;0;3;0;2;3;-22,460867;-44,442963;"SPRF-RJ";"DEL07-RJ";"DEL5/7-UOP03/RJ"
168370;2018-10-29;"segunda-feira";"08:15:00";"MG";262;189;"SAO DOMINGOS DO PRATA";"Desobediência às normas de trânsito pelo condutor";"Colisão frontal";"Com Vítimas Feridas";"Pleno dia";"Crescente";"Nublado";"Simples";"Reta;Aclive";"Não";6;0;1;1;3;1;2;4;-19,883854;-43,059574;"SPRF-MG";"DEL03-MG";"UOP01-DEL03-MG"
168372;2018-10-29;"segunda-feira";"07:06:00";"RJ";393;204;"VASSOURAS";"Ingestão de Álcool";"Saída de leito carroçável";"Sem Vítimas";"Pleno dia";"Decrescente";"Nublado";"Simples";"Reta";"Não";1;0;0;0;1;0;0;1;-22,25323478;-43,43936205;"SPRF-RJ";"DEL05-RJ";"UOP03-DEL05-RJ"
168376;2018-10-29;"segunda-feira";"08:30:00";"PR";277;15,3;"PARANAGUA";"Velocidade Incompatível";"Colisão traseira";"Com Vítimas Feridas";"Pleno dia";"Decrescente";"Sol";"Dupla";"Reta";"Não";3;0;1;0;1;1;1;3;-25,55192775;-48,66618276;"SPRF-PR";"DEL01-PR";"UOP05-DEL01-PR"
168378;2018-10-29;"segunda-feira";"07:45:00";"RS";470;194;"BENTO GONCALVES";"Velocidade Incompatível";"Capotamento";"Com Vítimas Feridas";"Pleno dia";"Decrescente";"Céu Claro";"Simples";"Curva";"Não";2;0;1;0;1;0;1;1;-29,13356991;-51,54098511;"SPRF-RS";"DEL06-RS";"UOP01-DEL06-RS"
168379;2018-10-29;"segunda-feira";"07:45:00";"MG";116;412,5;"GOVERNADOR VALADARES";"Falta de Atenção à Condução";"Colisão lateral";"Com Vítimas Feridas";"Pleno dia";"Decrescente";"Céu Claro";"Múltipla";"Reta";"Sim";2;0;0;1;1;0;1;2;-18,87021961;-41,97015524;"SPRF-MG";"DEL06-MG";"UOP01-DEL06-MG"
168387;2018-10-29;"segunda-feira";"09:40:00";"MG";40;525;"CONTAGEM";"Não guardar distância de segurança";"Colisão traseira";"Com Vítimas Feridas";"Pleno dia";"Crescente";"Nublado";"Dupla";"Interseção de Vias";"Sim";15;0;11;0;3;1;11;4;-19,8971;-44,0497;"SPRF-MG";"DEL01-MG";"UOP03-DEL01-MG"
168390;2018-10-28;"domingo";"17:30:00";"MA";316;389,5;"BACABAL";"Falta de Atenção à Condução";"Saída de leito carroçável";"Com Vítimas Fatais";"Pleno dia";"Crescente";"Sol";"Simples";"Curva";"Não";1;1;0;0;0;0;0;1;-4,20946482;-44,60586548;"SPRF-MA";"DEL02-MA";"DEL18/2-UOP03/MA"
168395;2018-06-18;"segunda-feira";"02:00:00";"SP";153;0;"ICEM";"Falta de Atenção do Pedestre";"Atropelamento de Pedestre";"Com Vítimas Feridas";"Plena Noite";"Decrescente";"Céu Claro";"Simples";"Reta";"Não";3;0;0;1;1;1;1;3;-20,30661;-49,207664;"SPRF-SP";"DEL09-SP";"UOP01-DEL09-SP"