"id";"data_inversa";"dia_semana";"horario";"uf";"br";"km";"municipio";"causa_acidente";"tipo_acidente";"classificacao_acidente";"fase_dia";"sentido_via";"condicao_metereologica";"tipo_pista";"tracado_via";"uso_solo";"pessoas";"mortos";"feridos_leves";"feridos_graves";"ilesos";"ignorados";"feridos";"veiculos";"latitude";"longitude";"regional";"delegacia";"uop"
168682;2018-10-31;"quarta-feira";"03:30:00";"MT";364;442;"VARZEA GRANDE";"Velocidade Incompatível";"Tombamento";"Com Vítimas Feridas";"Plena Noite";"Decrescente";"Céu Claro";"Simples";"Curva";"Não";2;0;1;0;0;2;1;3;-15,61774655;-56,20571136;"SPRF-MT";"DEL01-MT";"DEL2/4-UOP02/MT"
168685;2018-10-31;"quarta-feira";"06:00:00";"RJ";40;92;"PETROPOLIS";"Velocidade Incompatível";"Tombamento";"Com Vítimas Fatais";"Pleno dia";"Crescente";"Céu Claro";"Dupla";"Curva";"Não";2;2;0;0;0;0;0;1;-22,552334;-43,251265;"SPRF-RJ";"DEL06-RJ";"UOP01-DEL06-RJ"
168691;2018-10-31;"quarta-feira";"07:05:00";"PR";376;659,3;"TIJUCAS DO SUL";"Velocidade Incompatível";"Tombamento";"Sem Vítimas";"Pleno dia";"Crescente";"Céu Claro";"Dupla";"Curva";"Não";2;0;0;0;1;1;0;2;-25,8540451;-49,00726025;"SPRF-PR";"DEL01-PR";"DEL7/1-UOP08/PR"
168693;2018-10-31;"quarta-feira";"07:30:00";"RJ";40;51;"PETROPOLIS";"Falta de Atenção à Condução";"Colisão traseira";"Com Vítimas Feridas";"Pleno dia";"Crescente";"Céu Claro";"Dupla";"Curva";"Sim";2;0;1;0;1;0;1;2;-22,3368;-43,1328;"SPRF-RJ";"DEL06-RJ";"UOP01-DEL06-RJ"
168699;2018-10-31;"quarta-feira";"07:45:00";"MG";40;678,5;"CARANDAI";"Defeito Mecânico no Veículo";"Incêndio";"Sem Vítimas";"Pleno dia";"Crescente";"Céu Claro";"Simples";"Reta";"Não";1;0;0;0;1;0;0;1;-21,0446;-43,7602;"SPRF-MG";"DEL05-MG";"UOP02-DEL05-MG"
168705;2018-10-31;"quarta-feira";"07:40:00";"PR";376;666,8;"GUARATUBA";"Ingestão de Álcool";"Colisão lateral";"Sem Vítimas";"Amanhecer";"Decrescente";"Nublado";"Simples";"Curva";"Não";3;0;0;0;2;2;0;4;-25,86231297;-48,94546509;"SPRF-PR";"DEL01-PR";"DEL7/1-UOP08/PR"
168711;2018-10-31;"quarta-feira";"09:45:00";"PR";277;344,1;"GUARAPUAVA";"Carga excessiva e/ou mal acondicionada";"Tombamento";"Com Vítimas Feridas";"Pleno dia";"Decrescente";"Chuva";"Dupla";"Declive;Viaduto;Interseção de Vias;Curva";"Sim";2;0;0;1;0;1;1;2;-25,36470454;-51,47676086;"SPRF-PR";"DEL03-PR";"UOP01-DEL08-PR"
168713;2018-10-31;"quarta-feira";"08:45:00";"RJ";493;109;"SEROPEDICA";"Restrição de Visibilidade";"Colisão traseira";"Com Vítimas Feridas";"Pleno dia";"Decrescente";"Céu Claro";"Dupla";"Reta";"Não";8;0;1;0;6;2;1;8;-22,77405;-43,7422;"SPRF-RJ";"DEL03-RJ";"UOP01-DEL03-RJ"
168717;2018-10-31;"quarta-feira";"08:40:00";"SC";116;209,6;"PONTE ALTA";"Falta de Atenção à Condução";"Colisão lateral";"Com Vítimas Feridas";"Pleno dia";"Crescente";"Chuva";"Simples";"Curva";"Não";2;0;1;0;1;0;1;2;-27,48974;-50,375561;"SPRF-SC";"DEL05-SC";"UOP03-DEL05-SC"
168721;2018-06-25;"segunda-feira";"20:15:00";"PB";230;40;"SANTA RITA";"Falta de Atenção à Condução";"Saída de leito carroçável";"Sem Vítimas";"Plena Noite";"Decrescente";"Céu Claro";"Dupla";"Declive";"Não";3;0;0;0;3;0;0;1;-7,14164935;-34,97812774;"SPRF-PB";"DEL01-PB";"UOP01-DEL01-PB"
168725;2018-10-31;"quarta-feira";"11:00:00";"SC";101;328,9;"CAPIVARI DE BAIXO";"Não guardar distância de segurança";"Colisão com objeto estático";"Com Vítimas Feridas";"Pleno dia";"Crescente";"Chuva";"Dupla";"Reta";"Sim";8;0;3;0;4;2;3;8;-28,45066759;-48,97242141;"SPRF-SC";"DEL02-SC";"UOP01-DEL02-SC"
168729;2018-10-31;"quarta-feira";"09:40:00";"SC";101;199;"SAO JOSE";"Falta de Atenção à Condução";"Tombamento";"Sem Vítimas";"Pleno dia";"Decrescente";"Chuva";"Dupla";"Reta";"Sim";2;0;0;0;1;1;0;2;-27,5382804;-48,62438137;"SPRF-SC";"DEL01-SC";"UOP01-DEL01-SC"
168734;2018-10-31;"quarta-feira";"13:00:00";"MG";381;895;"CAMBUI";"Defeito Mecânico no Veículo";"Colisão lateral";"Sem Vítimas";"Pleno dia";"Crescente";"Nublado";"Dupla";"Reta";"Não";3;0;0;0;2;1;0;3;-22,58311695;-46,04725057;"SPRF-MG";"DEL16-MG";"UOP03-DEL16-MG"
168740;2018-10-31;"quarta-feira";"12:55:00";"GO";153;501,8;"GOIANIA";"Não guardar distância de segurança";"Colisão com objeto estático";"Sem Vítimas";"Pleno dia";"Crescente";"Céu Claro";"Dupla";"Reta";"Sim";2;0;0;0;1;3;0;4;-16,7189;-49,2382;"SPRF-GO";"DEL01-GO";"UOP01-DEL01-GO"
168742;2018-10-31;"quarta-feira";"11:45:00";"AC";364;124,5;"RIO BRANCO";"Falta de Atenção à Condução";"Colisão lateral";"Sem Vítimas";"Pleno dia";"Crescente";"Céu Claro";"Dupla";"Reta";"Não";2;0;0;0;2;0;0;2;-10,01153789;-67,79564381;"SPRF-AC";"DEL01-AC";"UOP01-DEL01-AC"
168744;2018-10-31;"quarta-feira";"10:20:00";"PR";153;474,2;"PORTO VITORIA";"Pista Escorregadia";"Colisão frontal";"Com Vítimas Feridas";"Pleno dia";"Decrescente";"Chuva";"Simples";"Curva";"Não";3;0;2;0;0;2;2;4;-26,385147;-51,269444;"SPRF-PR";"DEL02-PR";"UOP03-DEL02-PR"
168746;2018-10-31;"quarta-feira";"13:10:00";"GO";153;500,2;"GOIANIA";"Falta de Atenção à Condução";"Tombamento";"Sem Vítimas";"Pleno dia";"Crescente";"Garoa/Chuvisco";"Simples";"Viaduto";"Sim";2;0;0;0;1;2;0;3;-16,71052058;-49,22973633;"SPRF-GO";"DEL01-GO";"UOP01-DEL01-GO"
168748;2018-10-31;"quarta-feira";"13:00:00";"ES";262;29;"DOMINGOS MARTINS";"Não guardar distância de segurança";"Colisão traseira";"Sem Vítimas";"Pleno dia";"Decrescente";"Nublado";"Simples";"Ponte";"Não";3;0;0;0;3;0;0;3;-20,37649232;-40,56495667;"SPRF-ES";"DEL01-ES";"UOP01-DEL01-ES"
168752;2018-08-21;"terça-feira";"05:30:00";"GO";60;308;"ACREUNA";"Falta de Atenção à Condução";"Colisão traseira";"Com Vítimas Feridas";"Amanhecer";"Crescente";"Céu Claro";"Dupla";"Reta";"Sim";3;0;2;0;1;0;2;2;-17,43025235;-50,41952133;"SPRF-GO";"DEL04-GO";"UOP01-DEL04-GO"
168753;2018-10-31;"quarta-feira";"10:00:00";"MG";365;451,7;"GUIMARANIA";"Desobediência às normas de trânsito pelo condutor";"Colisão transversal";"Com Vítimas Feridas";"Pleno dia";"Crescente";"Céu Claro";"Simples";"Interseção de Vias;Reta";"Não";2;0;1;0;0;1;1;2;-18,84138;-46,8546;"SPRF-MG";"DEL10-MG";"UOP01-DEL10-MG"
168755;2018-10-31;"quarta-feira";"10:18:00";"SC";153;84,6;"CONCORDIA";"Velocidade Incompatível";"Colisão frontal";"Com Vítimas Feridas";"Pleno dia";"Crescente";"Chuva";"Simples";"Curva";"Não";3;0;0;2;0;3;2;5;-27,13419;-51,916466;"SPRF-SC";"DEL07-SC";"UOP04-DEL07-SC"
168756;2018-10-31;"quarta-feira";"11:30:00";"MT";70;695,4;"CACERES";"Velocidade Incompatível";"Capotamento";"Com Vítimas Feridas";"Pleno dia";"Decrescente";"Céu Claro";"Simples";"Curva;Declive";"Não";2;0;0;1;0;1;1;2;-16,25083;-57,46589;"SPRF-MT";"DEL03-MT";"UOP01-DEL03-MT"
168764;2018-10-31;"quarta-feira";"15:15:00";"PE";232;35;"MORENO";"Falta de Atenção à Condução";"Colisão lateral";"Sem Vítimas";"Pleno dia";"Crescente";"Céu Claro";"Dupla";"Reta";"Sim";2;0;0;0;2;0;0;2;-8,109089;-35,192638;"SPRF-PE";"DEL01-PE";"UOP02-DEL02PE"
168765;2018-10-31;"quarta-feira";"14:30:00";"SC";101;395,3;"CRICIUMA";"Fenômenos da Natureza";"Incêndio";"Sem Vítimas";"Pleno dia";"Crescente";"Nublado";"Dupla";"Reta";"Não";1;0;0;0;1;0;0;1;-28,8261;-49,4063;"SPRF-SC";"DEL02-SC";"UOP02-DEL02-SC"
168766;2018-10-31;"quarta-feira";"16:10:00";"BA";116;427;"FEIRA DE SANTANA";"Falta de Atenção à Condução";"Colisão traseira";"Sem Vítimas";"Pleno dia";"Crescente";"Céu Claro";"Simples";"Declive";"Não";2;0;0;0;1;1;0;2;-12,26846999;-38,98768902;"SPRF-BA";"DEL02-BA";"UOP01-DEL02-BA"
168768;2018-10-31;"quarta-feira";"16:30:00";"SP";116;281,8;"EMBU DAS ARTES";"Falta de Atenção à Condução";"Colisão traseira";"Com Vítimas Feridas";"Pleno dia";"Crescente";"Nublado";"Dupla";"Declive;Reta";"Sim";2;0;1;0;1;0;1;2;-23,65700046;-46,85060889;"SPRF-SP";"DEL04-SP";"UOP01-DEL04-SP"
168769;2018-10-31;"quarta-feira";"15:35:00";"MS";262;570,3;"MIRANDA";"Falta de Atenção à Condução";"Tombamento";"Com Vítimas Feridas";"Pleno dia";"Decrescente";"Céu Claro";"Simples";"Reta";"Não";2;0;1;0;0;2;1;3;-20,19046;-56,49471;"SPRF-MS";"DEL03-MS";"UOP02-DEL03-MS"
168772;2018-10-31;"quarta-feira";"12:30:00";"BA";101;910;"NOVA VICOSA";"Defeito Mecânico no Veículo";"Incêndio";"Sem Vítimas";"Pleno dia";"Decrescente";"Chuva";"Simples";"Curva";"Não";1;0;0;0;1;0;0;1;-17,809619;-39,78368;"SPRF-BA";"DEL09-BA";"UOP02-DEL09-BA"
168773;2018-10-31;"quarta-feira";"14:10:00";"MG";262;493,5;"MOEMA";"Velocidade Incompatível";"Engavetamento";"Sem Vítimas";"Pleno dia";"Crescente";"Céu Claro";"Simples";"Reta;Aclive";"Não";4;0;0;0;3;1;0;4;-19,78350352;-45,44082642;"SPRF-MG";"DEL08-MG";"UOP03-DEL08-MG"
168775;2018-10-31;"quarta-feira";"17:00:00";"SC";101;210;"SAO JOSE";"Defeito Mecânico no Veículo";"Engavetamento";"Sem Vítimas";"Pleno dia";"Decrescente";"Nublado";"Múltipla";"Declive";"Não";6;0;0;0;6;0;0;6;-27,6235;-48,6524;"SPRF-SC";"DEL01-SC";"UOP01-DEL01-SC"
168785;2018-10-31;"quarta-feira";"16:50:00";"BA";101;722;"EUNAPOLIS";"Não guardar distância de segurança";"Colisão traseira";"Sem Vítimas";"Pleno dia";"Decrescente";"Céu Claro";"Simples";"Reta";"Não";2;0;0;0;2;0;0;2;-16,4015;-39,5835;"SPRF-BA";"DEL09-BA";"UOP01-DEL09-BA"
168786;2018-10-31;"quarta-feira";"16:10:00";"SC";101;141,3;"BALNEARIO CAMBORIU";"Não guardar distância de segurança";"Colisão traseira";"Com Vítimas Feridas";"Pleno dia";"Crescente";"Garoa/Chuvisco";"Múltipla";"Declive";"Não";2;0;1;0;1;0;1;2;-27,04903585;-48,6009407;"SPRF-SC";"DEL04-SC";"UOP03-DEL04-SC"
168791;2018-10-31;"quarta-feira";"18:00:00";"RS";472;568;"URUGUAIANA";"Desobediência às normas de trânsito pelo condutor";"Capotamento";"Com Vítimas Feridas";"Pleno dia";"Decrescente";"Céu Claro";"Simples";"Reta";"Não";2;0;1;0;0;1;1;2;-29,7514221;-56,9922139;"SPRF-RS";"DEL13-RS";"UOP01-DEL13-RS"
168796;2018-10-31;"quarta-feira";"15:00:00";"PR";376;307,5;"MAUA DA SERRA";"Velocidade Incompatível";"Tombamento";"Com Vítimas Feridas";"Pleno dia";"Decrescente";"Nublado";"Dupla";"Curva";"Não";2;0;0;1;0;3;1;4;-23,95088095;-51,11834005;"SPRF-PR";"DEL07-PR";"UOP02-DEL07-PR"
168799;2018-10-31;"quarta-feira";"11:00:00";"BA";242;463;"IBITIARA";"Velocidade Incompatível";"Tombamento";"Com Vítimas Feridas";"Pleno dia";"Crescente";"Nublado";"Simples";"Curva";"Não";1;0;1;0;0;0;1;1;-12,44296457;-42,17539251;"SPRF-BA";"DEL06-BA";"UOP01-DEL06-BA"
168801;2018-10-31;"quarta-feira";"18:00:00";"PE";101;133,1;"ESCADA";"Falta de Atenção à Condução";"Colisão lateral";"Com Vítimas Feridas";"Plena Noite";"Decrescente";"Céu Claro";"Dupla";"Reta";"Não";8;0;1;0;6;1;1;3;-8,409034;-35,281436;"SPRF-PE";"DEL01-PE";"UOP03-DEL01-PE"
168802;2018-10-31;"quarta-feira";"18:00:00";"PR";163;261;"TOLEDO";"Falta de Atenção à Condução";"Colisão lateral";"Com Vítimas Feridas";"Anoitecer";"Crescente";"Céu Claro";"Simples";"Reta";"Não";4;0;1;0;2;2;1;4;-24,65;-53,8406;"SPRF-PR";"DEL04-PR";"UOP01-DEL04-PR"
168805;2018-10-31;"quarta-feira";"16:20:00";"BA";101;948;"MUCURI";"Velocidade Incompatível";"Tombamento";"Com Vítimas Feridas";"Pleno dia";"Decrescente";"Céu Claro";"Simples";"Curva";"Não";2;0;0;1;0;1;1;2;-18,1051;-39,884;"SPRF-BA";"DEL09-BA";"UOP02-DEL09-BA"
168808;2018-10-31;"quarta-feira";"19:05:00";"RS";290;122;"ELDORADO DO SUL";"Falta de Atenção à Condução";"Colisão transversal";"Com Vítimas Feridas";"Anoitecer";"Decrescente";"Nublado";"Simples";"Reta";"Não";2;0;1;0;1;0;1;2;-30,052313;-51,428188;"SPRF-RS";"DEL02-RS";"UOP01-DEL02-RS"
168809;2018-10-31;"quarta-feira";"19:10:00";"PR";376;644;"TIJUCAS DO SUL";"Falta de Atenção do Pedestre";"Atropelamento de Pedestre";"Com Vítimas Feridas";"Plena Noite";"Decrescente";"Céu Claro";"Dupla";"Curva";"Sim";2;0;0;1;1;0;1;2;-25,81719953;-49,13154602;"SPRF-PR";"DEL01-PR";"DEL7/1-UOP08/PR"
168812;2018-10-31;"quarta-feira";"18:25:00";"MS";163;626,4;"SAO GABRIEL DO OESTE";"Desobediência às normas de trânsito pelo condutor";"Colisão transversal";"Sem Vítimas";"Anoitecer";"Decrescente";"Nublado";"Simples";"Interseção de Vias";"Não";2;0;0;0;2;0;0;2;-19,30458716;-54,62604851;"SPRF-MS";"DEL06-MS";"UOP02-DEL06-MS"
168831;2018-10-31;"quarta-feira";"19:45:00";"SC";101;358,3;"SANGAO";"Ingestão de Álcool";"Colisão transversal";"Com Vítimas Feridas";"Plena Noite";"Crescente";"Nublado";"Simples";"Interseção de Vias";"Não";2;0;1;0;1;0;1;2;-28,6421161;-49,10191298;"SPRF-SC";"DEL02-SC";"UOP01-DEL02-SC"
168846;2018-10-31;"quarta-feira";"22:15:00";"CE";222;221;"SOBRAL";"Falta de Atenção à Condução";"Queda de ocupante de veículo";"Com Vítimas Fatais";"Pleno dia";"Crescente";"Céu Claro";"Simples";"Reta";"Não";2;1;0;0;0;1;0;2;-3,727039;-40,322338;"SPRF-CE";"DEL04-CE";"UOP01-DEL04-CE"
168851;2018-10-31;"quarta-feira";"22:50:00";"PR";116;138,2;"MANDIRITUBA";"Desobediência às normas de trânsito pelo pedestre";"Atropelamento de Pedestre";"Com Vítimas Fatais";"Plena Noite";"Decrescente";"Nublado";"Dupla";"Declive";"Não";3;1;0;0;1;1;0;2;-25,747852;-49,317248;"SPRF-PR";"DEL01-PR";"UOP03-DEL01-PR"
168857;2018-11-01;"quinta-feira";"00:02:00";"SP";116;62,2;"GUARATINGUETA";"Falta de Atenção à Condução";"Colisão traseira";"Com Vítimas Feridas";"Plena Noite";"Decrescente";"Nublado";"Dupla";"Reta";"Sim";3;0;1;0;1;1;1;3;-22,80712094;-45,17374277;"SPRF-SP";"DEL08-SP";"UOP01-DEL08-SP"
168860;2018-10-31;"quarta-feira";"23:10:00";"RJ";101;286;"ITABORAI";"Animais na Pista";"Atropelamento de Pedestre";"Com Vítimas Feridas";"Plena Noite";"Crescente";"Céu Claro";"Dupla";"Reta";"Não";2;0;0;1;1;0;1;2;-22,754093;-42,824917;"SPRF-RJ";"DEL02-RJ";"UOP03-DEL02-RJ"
168863;2018-11-01;"quinta-feira";"02:15:00";"RJ";493;17;"GUAPIMIRIM";"Falta de Atenção à Condução";"Colisão frontal";"Com Vítimas Feridas";"Plena Noite";"Decrescente";"Céu Claro";"Simples";"Reta";"Não";3;0;0;1;1;2;1;4;-22,66827387;-43,01121712;"SPRF-RJ";"DEL04-RJ";"UOP02-DEL04-RJ"
168864;2018-11-01;"quinta-feira";"02:30:00";"MG";267;201,3;"BOM JARDIM DE MINAS";"Defeito Mecânico no Veículo";"Tombamento";"Com Vítimas Feridas";"Plena Noite";"Decrescente";"Nublado";"Simples";"Curva";"Não";3;0;1;0;1;1;1;2;-21,93406891;-44,09426093;"SPRF-MG";"DEL05-MG";"UOP01-DEL05-MG"
168866;2018-11-01;"quinta-feira";"02:45:00";"PI";316;372,1;"VILA NOVA DO PIAUI";"Não guardar distância de segurança";"Colisão traseira";"Com Vítimas Feridas";"Plena Noite";"Crescente";"Céu Claro";"Simples";"Reta";"Não";4;0;2;0;2;0;2;2;-7,15606943;-40,91379208;"SPRF-PI";"DEL04-PI";"UOP03-DEL04-PI"
168867;2018-11-01;"quinta-feira";"03:20:00";"SC";282;537;"CHAPECO";"Ingestão de Álcool";"Colisão frontal";"Com Vítimas Feridas";"Plena Noite";"Crescente";"Chuva";"Simples";"Reta";"Não";2;0;1;0;1;0;1;2;-26,99960501;-52,66529202;"SPRF-SC";"DEL07-SC";"UOP01-DEL07-SC"
168872;2018-11-01;"quinta-feira";"06:05:00";"SC";101;122,5;"ITAJAI";"Defeito Mecânico no Veículo";"Incêndio";"Sem Vítimas";"Amanhecer";"Crescente";"Chuva";"Dupla";"Reta";"Sim";2;0;0;0;1;1;0;2;-26,9366;-48,6987;"SPRF-SC";"DEL04-SC";"UOP04-DEL04-SC"
168880;2018-11-01;"quinta-feira";"07:00:00";"SC";280;133,5;"RIO NEGRINHO";"Velocidade Incompatível";"Tombamento";"Com Vítimas Feridas";"Amanhecer";"Decrescente";"Chuva";"Simples";"Rotatória";"Sim";2;0;1;0;0;1;1;2;-26,26825239;-49,5539778;"SPRF-SC";"DEL06-SC";"UOP03-DEL06-SC"
168883;2018-11-01;"quinta-feira";"06:50:00";"MG";381;737,3;"TRES CORACOES";"Velocidade Incompatível";"Tombamento";"Com Vítimas Feridas";"Amanhecer";"Crescente";"Céu Claro";"Dupla";"Curva";"Não";1;0;1;0;0;0;1;1;-21,56143103;-45,24333;"SPRF-MG";"DEL16-MG";"UOP02-DEL16-MG"
168885;2018-05-04;"sexta-feira";"06:40:00";"GO";40;122;"CRISTALINA";"Condutor Dormindo";"Saída de leito carroçável";"Com Vítimas Feridas";"Amanhecer";"Decrescente";"Céu Claro";"Dupla";"Reta";"Não";1;0;1;0;0;0;1;1;-16,713329;-47,6698303;"SPRF-DF";"DEL01-DF";"UOP02-DEL01-DF"
168889;2018-11-01;"quinta-feira";"08:20:00";"GO";50;239,4;"CATALAO";"Desobediência às normas de trânsito pelo condutor";"Colisão frontal";"Com Vítimas Feridas";"Pleno dia";"Decrescente";"Sol";"Simples";"Reta";"Não";4;0;2;0;1;2;2;5;-17,8745;-47,7889;"SPRF-GO";"DEL06-GO";"UOP01-DEL06-GO"
168890;2018-11-01;"quinta-feira";"06:40:00";"MS";262;695,2;"CORUMBA";"Defeito na Via";"Tombamento";"Com Vítimas Fatais";"Pleno dia";"Crescente";"Céu Claro";"Simples";"Reta;Ponte";"Não";2;1;0;0;0;1;0;2;-19,56043716;-57,35071421;"SPRF-MS";"DEL03-MS";"UOP03-DEL03-MS"
168894;2018-11-01;"quinta-feira";"09:20:00";"MG";381;480,4;"CONTAGEM";"Falta de Atenção à Condução";"Colisão lateral";"Com Vítimas Feridas";"Pleno dia";"Decrescente";"Céu Claro";"Dupla";"Curva";"Sim";4;0;1;0;2;2;1;5;-19,9586;-44,0608;"SPRF-MG";"DEL01-MG";"UOP03-DEL01-MG"
168899;2018-11-01;"quinta-feira";"05:40:00";"TO";153;707,8;"CARIRI DO TOCANTINS";"Condutor Dormindo";"Colisão lateral";"Com Vítimas Feridas";"Amanhecer";"Crescente";"Céu Claro";"Simples";"Reta";"Não";5;0;1;1;2;1;2;3;-12,013629;-49,20042;"SPRF-TO";"DEL02-TO";"UOP02-DEL01-TO"
168904;2018-11-01;"quinta-feira";"09:00:00";"SP";116;351,4;"MIRACATU";"Defeito Mecânico no Veículo";"Incêndio";"Sem Vítimas";"Pleno dia";"Decrescente";"Nublado";"Simples";"Reta;Aclive";"Não";2;0;0;0;1;1;0;2;-24,0621982;-47,22978473;"SPRF-SP";"DEL04-SP";"UOP03-DEL04-SP"
168906;2018-11-01;"quinta-feira";"11:10:00";"SP";116;69;"APARECIDA";"Mal Súbito";"Saída de leito carroçável";"Com Vítimas Feridas";"Pleno dia";"Crescente";"Nublado";"Dupla";"Curva";"Sim";2;0;1;0;0;1;1;2;-22,8461413;-45,22700306;"SPRF-SP";"DEL08-SP";"UOP01-DEL08-SP"
168909;2018-10-22;"segunda-feira";"18:25:00";"PR";376;665,5;"GUARATUBA";"Defeito Mecânico no Veículo";"Saída de leito carroçável";"Com Vítimas Fatais";"Amanhecer";"Crescente";"Céu Claro";"Dupla";"Curva";"Não";3;2;0;0;0;1;0;2;-25,86231297;-48,95610809;"SPRF-PR";"DEL01-PR";"DEL7/1-UOP08/PR"
168912;2018-11-01;"quinta-feira";"12:30:00";"RJ";356;14;"ITAPERUNA";"Defeito Mecânico no Veículo";"Tombamento";"Com Vítimas Feridas";"Pleno dia";"Decrescente";"Nublado";"Simples";"Reta";"Não";2;0;2;0;0;0;2;1;-21,15367688;-42,14149475;"SPRF-RJ";"DEL08-RJ";"UOP03-DEL08-RJ"
168913;2018-11-01;"quinta-feira";"12:40:00";"SP";116;220;"GUARULHOS";"Não guardar distância de segurança";"Colisão traseira";"Com Vítimas Feridas";"Pleno dia";"Decrescente";"Nublado";"Múltipla";"Reta";"Sim";3;0;1;0;2;0;1;2;-23,46576579;-46,50079787;"SPRF-SP";"DEL01-SP";"UOP01-DEL01-SP"
168914;2018-11-01;"quinta-feira";"12:30:00";"MG";356;277,2;"EUGENOPOLIS";"Velocidade Incompatível";"Tombamento";"Com Vítimas Feridas";"Pleno dia";"Decrescente";"Sol";"Simples";"Curva";"Não";2;0;1;0;0;1;1;2;-21,12800957;-42,27493197;"SPRF-MG";"DEL07-MG";"UOP02-DEL07-MG"
168917;2018-11-01;"quinta-feira";"10:05:00";"PR";376;650,8;"TIJUCAS DO SUL";"Velocidade Incompatível";"Colisão com objeto estático";"Com Vítimas Feridas";"Pleno dia";"Crescente";"Nublado";"Dupla";"Curva";"Não";2;0;1;0;0;2;1;3;-25,84562918;-49,07661438;"SPRF-PR";"DEL01-PR";"DEL7/1-UOP08/PR"
168922;2018-11-01;"quinta-feira";"13:10:00";"ES";101;293;"CARIACICA";"Falta de Atenção à Condução";"Colisão traseira";"Com Vítimas Feridas";"Pleno dia";"Crescente";"Céu Claro";"Múltipla";"Interseção de Vias";"Sim";6;0;3;0;2;1;3;4;-20,31519995;-40,39577809;"SPRF-ES";"DEL01-ES";"UOP01-DEL01-ES"
168927;2018-11-01;"quinta-feira";"13:05:00";"MT";364;277,6;"JACIARA";"Velocidade Incompatível";"Tombamento";"Com Vítimas Feridas";"Pleno dia";"Decrescente";"Chuva";"Dupla";"Curva";"Não";2;0;1;0;0;1;1;2;-15,950761;-54,999538;"SPRF-MT";"DEL02-MT";"UOP02-DEL05-MT"
168928;2018-11-01;"quinta-feira";"13:50:00";"MG";251;327;"FRUTA DE LEITE";"Defeito na Via";"Tombamento";"Com Vítimas Feridas";"Pleno dia";"Crescente";"Céu Claro";"Simples";"Curva";"Não";2;0;1;0;0;1;1;2;-16,2311;-42,3766;"SPRF-MG";"DEL12-MG";"UOP01-DEL12-MG"
168932;2018-11-01;"quinta-feira";"14:40:00";"PE";101;77;"RECIFE";"Falta de Atenção à Condução";"Colisão traseira";"Com Vítimas Feridas";"Pleno dia";"Decrescente";"Céu Claro";"Dupla";"Reta";"Sim";2;0;1;0;1;0;1;2;-8,136354;-34,947452;"SPRF-PE";"DEL01-PE";"UOP01-DEL01-PE"
168933;2018-11-01;"quinta-feira";"14:25:00";"RJ";116;178;"NOVA IGUACU";"Falta de Atenção à Condução";"Capotamento";"Com Vítimas Feridas";"Pleno dia";"Crescente";"Céu Claro";"Múltipla";"Reta";"Sim";2;0;1;0;1;0;1;2;-22,74626408;-43,44637871;"SPRF-RJ";"DEL01-RJ";"UOP02-DEL01-RJ"
168935;2018-11-01;"quinta-feira";"14:50:00";"ES";101;149;"LINHARES";"Mal Súbito";"Atropelamento de Pedestre";"Com Vítimas Feridas";"Pleno dia";"Crescente";"Céu Claro";"Dupla";"Reta";"Não";4;0;0;1;1;2;1;3;-19,39599069;-40,06455302;"SPRF-ES";"DEL04-ES";"UOP01-DEL04-ES"
168937;2018-11-01;"quinta-feira";"14:30:00";"RJ";40;107,9;"DUQUE DE CAXIAS";"Desobediência às normas de trânsito pelo condutor";"Colisão traseira";"Com Vítimas Feridas";"Pleno dia";"Crescente";"Céu Claro";"Dupla";"Reta";"Não";3;0;0;1;1;1;1;3;-22,6640165;-43,2848303;"SPRF-RJ";"DEL01-RJ";"UOP01-DEL01-RJ"
168939;2018-11-01;"quinta-feira";"13:15:00";"PR";376;591,7;"CURITIBA";"Falta de Atenção à Condução";"Colisão traseira";"Com Vítimas Feridas";"Pleno dia";"Crescente";"Céu Claro";"Dupla";"Reta";"Não";3;0;0;1;1;2;1;4;-25,46985626;-49,3546629;"SPRF-PR";"DEL01-PR";"UOP06-DEL01-PR"
168941;2018-11-01;"quinta-feira";"13:45:00";"MT";163;803;"SINOP";"Falta de Atenção à Condução";"Colisão lateral";"Com Vítimas Feridas";"Pleno dia";"Crescente";"Chuva";"Simples";"Reta";"Não";2;0;1;0;1;0;1;2;-12,14533;-55,51411;"SPRF-MT";"DEL06-MT";"UOP01-DEL06-MT"
168945;2018-11-01;"quinta-feira";"05:10:00";"SC";101;355,3;"JAGUARUNA";"Condutor Dormindo";"Saída de leito carroçável";"Sem Vítimas";"Amanhecer";"Crescente";"Nublado";"Dupla";"Reta";"Não";1;0;0;0;1;0;0;1;-28,6264;-49,0821;"SPRF-SC";"DEL02-SC";"UOP01-DEL02-SC"
168947;2018-11-01;"quinta-feira";"10:15:00";"SC";282;70;"RANCHO QUEIMADO";"Defeito Mecânico no Veículo";"Saída de leito carroçável";"Sem Vítimas";"Pleno dia";"Decrescente";"Nublado";"Simples";"Declive";"Não";1;0;0;0;1;0;0;1;-27,692705;-49,091351;"SPRF-SC";"DEL01-SC";"UOP03-DEL01-SC"
168948;2018-11-01;"quinta-feira";"15:50:00";"TO";153;254;"COLINAS DO TOCANTINS";"Falta de Atenção à Condução";"Colisão transversal";"Com Vítimas Feridas";"Pleno dia";"Crescente";"Garoa/Chuvisco";"Simples";"Reta";"Não";3;0;1;0;1;1;1;3;-8,116837;-48,470684;"SPRF-TO";"DEL02-TO";"UOP02-DEL02-TO"