"id";"data_inversa";"dia_semana";"horario";"uf";"br";"km";"municipio";"causa_acidente";"tipo_acidente";"classificacao_acidente";"fase_dia";"sentido_via";"condicao_metereologica";"tipo_pista";"tracado_via";"uso_solo";"pessoas";"mortos";"feridos_leves";"feridos_graves";"ilesos";"ignorados";"feridos";"veiculos";"latitude";"longitude";"regional";"delegacia";"uop"
168957;2018-11-01;"quinta-feira";"16:00:00";"RJ";116;43;"TERESOPOLIS";"Velocidade Incompatível";"Colisão frontal";"Com Vítimas Feridas";"Pleno dia";"Crescente";"Chuva";"Simples";"Curva";"Não";2;0;0;2;0;0;2;2;-22,150652;-42,801525;"SPRF-RJ";"DEL04-RJ";"UOP01-DEL04-RJ"
168958;2018-11-01;"quinta-feira";"15:45:00";"MG";365;610;"UBERLANDIA";"Falta de Atenção à Condução";"Colisão traseira";"Com Vítimas Feridas";"Pleno dia";"Crescente";"Céu Claro";"Dupla";"Reta";"Sim";2;0;0;1;1;0;1;2;-18,92244454;-48,18436146;"SPRF-MG";"DEL15-MG";"UOP01-DEL15-MG"
168959;2018-11-01;"quinta-feira";"15:15:00";"MT";163;709;"SORRISO";"Falta de Atenção à Condução";"Colisão lateral";"Com Vítimas Feridas";"Anoitecer";"Crescente";"Nublado";"Simples";"Aclive";"Não";4;0;1;0;2;7;1;10;-12,8812576;-55,84067345;"SPRF-MT";"DEL06-MT";"UOP01-DEL06-MT"
168960;2018-11-01;"quinta-feira";"16:00:00";"PR";163;36;"SANTO ANTONIO DO SUDOESTE";"Velocidade Incompatível";"Tombamento";"Com Vítimas Feridas";"Pleno dia";"Crescente";"Nublado";"Simples";"Rotatória";"Sim";2;0;1;0;0;2;1;3;-26,05892258;-53,719486;"SPRF-PR";"DEL02-PR";"UOP02-DEL02-PR"
168968;2018-11-01;"quinta-feira";"17:30:00";"PE";408;65;"CARPINA";"Falta de Atenção à Condução";"Colisão traseira";"Com Vítimas Feridas";"Anoitecer";"Crescente";"Céu Claro";"Dupla";"Viaduto";"Sim";3;0;1;0;2;0;1;2;-7,850155;-35,233255;"SPRF-PE";"DEL01-PE";"UOP01-DEL01-PE"
168970;2018-11-01;"quinta-feira";"15:30:00";"PR";376;595,8;"CURITIBA";"Falta de Atenção à Condução";"Colisão traseira";"Com Vítimas Feridas";"Pleno dia";"Crescente";"Céu Claro";"Dupla";"Reta";"Não";3;0;2;0;1;0;2;2;-25,50354954;-49,34144765;"SPRF-PR";"DEL01-PR";"UOP06-DEL01-PR"
168974;2018-11-01;"quinta-feira";"16:30:00";"RJ";116;279;"BARRA MANSA";"Falta de Atenção à Condução";"Colisão traseira";"Com Vítimas Feridas";"Pleno dia";"Crescente";"Chuva";"Dupla";"Curva";"Sim";4;0;1;0;2;1;1;3;-22,547443;-44,183659;"SPRF-RJ";"DEL07-RJ";"UOP02-DEL07-RJ"
168975;2018-11-01;"quinta-feira";"16:45:00";"PR";376;261,6;"CALIFORNIA";"Desobediência às normas de trânsito pelo condutor";"Colisão frontal";"Com Vítimas Feridas";"Pleno dia";"Crescente";"Céu Claro";"Simples";"Curva";"Não";3;0;2;0;0;2;2;4;-23,69577786;-51,3409996;"SPRF-PR";"DEL07-PR";"UOP03-DEL07-PR"
168980;2018-11-01;"quinta-feira";"14:40:00";"SC";282;382,2;"HERVAL DOESTE";"Falta de Atenção à Condução";"Colisão traseira";"Com Vítimas Feridas";"Pleno dia";"Crescente";"Nublado";"Simples";"Declive;Reta";"Não";2;0;1;0;1;0;1;2;-27,20120551;-51,50218964;"SPRF-SC";"DEL07-SC";"UOP05-DEL07-SC"
168990;2018-11-01;"quinta-feira";"12:40:00";"MG";262;380,2;"JUATUBA";"Velocidade Incompatível";"Tombamento";"Com Vítimas Feridas";"Pleno dia";"Decrescente";"Céu Claro";"Dupla";"Curva";"Não";2;0;1;0;0;1;1;2;-19,93579768;-44,43887615;"SPRF-MG";"DEL01-MG";"UOP03-DEL01-MG"
168993;2018-11-01;"quinta-feira";"14:00:00";"PR";376;596;"CURITIBA";"Defeito Mecânico no Veículo";"Colisão com objeto em movimento";"Sem Vítimas";"Pleno dia";"Crescente";"Céu Claro";"Dupla";"Reta";"Sim";2;0;0;0;1;1;0;2;-25,50376257;-49,34155226;"SPRF-PR";"DEL01-PR";"UOP06-DEL01-PR"
169000;2018-11-01;"quinta-feira";"14:35:00";"BA";101;350,1;"WENCESLAU GUIMARAES";"Velocidade Incompatível";"Capotamento";"Com Vítimas Feridas";"Pleno dia";"Decrescente";"Sol";"Simples";"Curva";"Não";2;0;1;0;1;0;1;1;-13,617;-39,4967;"SPRF-BA";"DEL05-BA";"UOP03-DEL05-BA"
169008;2018-11-01;"quinta-feira";"20:00:00";"ES";262;75;"DOMINGOS MARTINS";"Desobediência às normas de trânsito pelo condutor";"Atropelamento de Pedestre";"Com Vítimas Feridas";"Plena Noite";"Decrescente";"Nublado";"Simples";"Reta";"Não";3;0;0;2;1;0;2;3;-20,4084014;-40,93813241;"SPRF-ES";"DEL01-ES";"UOP02-DEL01-ES"
169024;2018-11-01;"quinta-feira";"19:50:00";"RJ";101;68;"CAMPOS DOS GOYTACAZES";"Desobediência às normas de trânsito pelo condutor";"Colisão frontal";"Com Vítimas Feridas";"Plena Noite";"Decrescente";"Chuva";"Simples";"Reta";"Não";2;0;0;1;1;0;1;2;-21,7437077;-41,3334182;"SPRF-RJ";"DEL08-RJ";"UOP02-DEL08-RJ"
169032;2018-11-01;"quinta-feira";"21:45:00";"BA";324;514;"FEIRA DE SANTANA";"Falta de Atenção à Condução";"Colisão traseira";"Com Vítimas Feridas";"Plena Noite";"Crescente";"Céu Claro";"Simples";"Reta";"Sim";3;0;0;1;2;0;1;3;-12,2323216;-38,95214941;"SPRF-BA";"DEL02-BA";"UOP01-DEL02-BA"
169035;2018-11-01;"quinta-feira";"22:05:00";"PE";101;45,4;"IGARASSU";"Ingestão de Álcool";"Colisão transversal";"Com Vítimas Feridas";"Plena Noite";"Decrescente";"Céu Claro";"Dupla";"Reta";"Sim";2;0;1;0;1;0;1;2;-7,8728;-34,9061;"SPRF-PE";"DEL01-PE";"UOP02-DEL01-PE"
169036;2018-11-01;"quinta-feira";"20:50:00";"RJ";101;205;"CASIMIRO DE ABREU";"Não guardar distância de segurança";"Colisão traseira";"Com Vítimas Feridas";"Plena Noite";"Decrescente";"Céu Claro";"Simples";"Reta";"Sim";2;0;1;0;1;0;1;2;-22,475714;-42,191837;"SPRF-RJ";"DEL02-RJ";"UOP04-DEL08-RJ"
169040;2018-11-01;"quinta-feira";"20:00:00";"PI";343;630;"FLORIANO";"Condutor Dormindo";"Tombamento";"Com Vítimas Feridas";"Plena Noite";"Decrescente";"Céu Claro";"Simples";"Reta";"Não";2;0;1;0;0;1;1;2;-6,987518;-43,287861;"SPRF-PI";"DEL03-PI";"UOP01-DEL03-PI"
169044;2018-11-01;"quinta-feira";"22:20:00";"MG";50;96;"UBERLANDIA";"Falta de Atenção à Condução";"Colisão traseira";"Com Vítimas Feridas";"Plena Noite";"Decrescente";"Chuva";"Dupla";"Aclive";"Não";2;0;1;0;1;0;1;2;-19,0654845;-48,19171071;"SPRF-MG";"DEL15-MG";"UOP01-DEL15-MG"
169047;2018-11-01;"quinta-feira";"15:30:00";"MT";163;710;"SORRISO";"Falta de Atenção à Condução";"Colisão traseira";"Sem Vítimas";"Pleno dia";"Decrescente";"Céu Claro";"Simples";"Reta";"Não";3;0;0;0;2;1;0;3;-12,89801;-55,84713;"SPRF-MT";"DEL06-MT";"UOP01-DEL06-MT"
169055;2018-11-02;"sexta-feira";"01:20:00";"MG";40;356,4;"FELIXLANDIA";"Restrição de Visibilidade";"Colisão transversal";"Com Vítimas Fatais";"Plena Noite";"Decrescente";"Chuva";"Simples";"Curva";"Não";7;1;5;0;1;0;5;2;-18,730549;-44,882553;"SPRF-MG";"DEL02-MG";"UOP01-DEL02-MG"
169057;2018-11-01;"quinta-feira";"23:30:00";"SC";280;275,2;"IRINEOPOLIS";"Falta de Atenção à Condução";"Colisão lateral";"Com Vítimas Feridas";"Plena Noite";"Decrescente";"Nevoeiro/Neblina";"Simples";"Reta";"Não";4;0;0;2;2;0;2;3;-26,286766;-50,781891;"SPRF-SC";"DEL06-SC";"UOP04-DEL06-SC"
169059;2018-11-02;"sexta-feira";"02:30:00";"RS";392;119,4;"CANGUCU";"Velocidade Incompatível";"Tombamento";"Com Vítimas Fatais";"Plena Noite";"Decrescente";"Céu Claro";"Simples";"Curva";"Não";2;1;0;0;0;1;0;2;-31,398947;-52,684685;"SPRF-RS";"DEL07-RS";"UOP01-DEL07-RS"
169067;2018-11-02;"sexta-feira";"03:50:00";"SC";101;151,5;"ITAPEMA";"Velocidade Incompatível";"Colisão traseira";"Com Vítimas Fatais";"Plena Noite";"Crescente";"Garoa/Chuvisco";"Dupla";"Reta";"Sim";3;1;0;0;1;1;0;3;-27,1358;-48,6099;"SPRF-SC";"DEL04-SC";"UOP03-DEL04-SC"
169069;2018-11-02;"sexta-feira";"05:10:00";"ES";101;297,3;"CARIACICA";"Ingestão de Álcool";"Colisão com objeto estático";"Com Vítimas Feridas";"Amanhecer";"Crescente";"Céu Claro";"Dupla";"Reta";"Sim";1;0;1;0;0;0;1;1;-20,3462264;-40,41093165;"SPRF-ES";"DEL01-ES";"UOP01-DEL01-ES"
169080;2018-11-02;"sexta-feira";"07:25:00";"CE";116;41;"HORIZONTE";"Não guardar distância de segurança";"Colisão lateral";"Com Vítimas Feridas";"Pleno dia";"Crescente";"Céu Claro";"Dupla";"Reta";"Sim";4;0;1;0;3;0;1;3;-4,1146;-38,4893;"SPRF-CE";"DEL01-CE";"UOP02-DEL01-CE"
169083;2018-11-02;"sexta-feira";"06:30:00";"MT";364;204,6;"RONDONOPOLIS";"Ultrapassagem Indevida";"Queda de ocupante de veículo";"Com Vítimas Fatais";"Amanhecer";"Decrescente";"Céu Claro";"Dupla";"Reta";"Não";4;2;0;0;1;2;0;4;-16,467325;-54,657196;"SPRF-MT";"DEL02-MT";"UOP01-DEL02-MT"
169085;2018-11-02;"sexta-feira";"07:00:00";"MG";381;849;"POUSO ALEGRE";"Velocidade Incompatível";"Colisão com objeto estático";"Sem Vítimas";"Pleno dia";"Decrescente";"Céu Claro";"Dupla";"Curva";"Não";2;0;0;0;1;1;0;2;-22,23067259;-45,8759129;"SPRF-MG";"DEL16-MG";"UOP01-DEL16-MG"
169093;2018-09-15;"sábado";"20:05:00";"MG";381;862;"POUSO ALEGRE";"Defeito Mecânico no Veículo";"Incêndio";"Sem Vítimas";"Plena Noite";"Decrescente";"Céu Claro";"Dupla";"Reta";"Não";2;0;0;0;1;1;0;2;-22,33411893;-45,92121005;"SPRF-MG";"DEL16-MG";"UOP01-DEL16-MG"
169094;2018-11-02;"sexta-feira";"08:35:00";"SP";116;545;"BARRA DO TURVO";"Mal Súbito";"Tombamento";"Com Vítimas Feridas";"Pleno dia";"Decrescente";"Nublado";"Dupla";"Curva";"Não";2;0;1;0;0;1;1;2;-24,96489519;-48,43151093;"SPRF-SP";"DEL05-SP";"UOP02-DEL05-SP"
169100;2018-11-02;"sexta-feira";"07:45:00";"MT";163;787;"VERA";"Falta de Atenção à Condução";"Colisão frontal";"Com Vítimas Feridas";"Pleno dia";"Crescente";"Nublado";"Simples";"Reta";"Não";2;0;1;0;1;0;1;2;-12,26016668;-55,55376291;"SPRF-MT";"DEL06-MT";"UOP01-DEL06-MT"
169103;2018-11-02;"sexta-feira";"08:20:00";"SC";101;4,5;"GARUVA";"Falta de Atenção à Condução";"Colisão traseira";"Com Vítimas Feridas";"Pleno dia";"Decrescente";"Sol";"Dupla";"Reta";"Não";6;0;1;0;5;0;1;2;-26,03110351;-48,86079311;"SPRF-SC";"DEL03-SC";"UOP01-DEL03-SC"
169109;2018-11-02;"sexta-feira";"09:15:00";"PE";423;131,4;"SALOA";"Defeito Mecânico no Veículo";"Capotamento";"Com Vítimas Fatais";"Pleno dia";"Decrescente";"Céu Claro";"Simples";"Curva;Declive";"Não";2;2;0;0;0;0;0;2;-8,96427756;-36,7594707;"SPRF-PE";"DEL03-PE";"UOP01-DEL03-PE"
169110;2018-11-02;"sexta-feira";"08:00:00";"MG";365;463,3;"PATROCINIO";"Avarias e/ou desgaste excessivo no pneu";"Colisão com objeto em movimento";"Com Vítimas Feridas";"Pleno dia";"Decrescente";"Céu Claro";"Simples";"Reta";"Não";4;0;1;0;3;0;1;2;-18,8844;-46,92464;"SPRF-MG";"DEL10-MG";"UOP01-DEL10-MG"
169115;2018-11-02;"sexta-feira";"10:15:00";"PE";408;63,4;"CARPINA";"Falta de Atenção à Condução";"Colisão transversal";"Com Vítimas Feridas";"Pleno dia";"Crescente";"Céu Claro";"Simples";"Curva";"Sim";3;0;2;0;1;0;2;2;-7,842332;-35,238252;"SPRF-PE";"DEL01-PE";"UOP01-DEL01-PE"
169121;2018-11-02;"sexta-feira";"08:00:00";"AP";156;768;"OIAPOQUE";"Defeito Mecânico no Veículo";"Capotamento";"Sem Vítimas";"Pleno dia";"Crescente";"Céu Claro";"Simples";"Aclive";"Não";2;0;0;0;2;0;0;1;3,75737477;-51,78268433;"SPRF-AP";"DEL01-AP";"UOP03-DEL01-AP"
169125;2018-11-02;"sexta-feira";"08:30:00";"MG";262;62,8;"MATIPO";"Velocidade Incompatível";"Tombamento";"Sem Vítimas";"Pleno dia";"Crescente";"Céu Claro";"Simples";"Curva";"Não";2;0;0;0;1;1;0;2;-20,292633;-42,226898;"SPRF-MG";"DEL06-MG";"UOP03-DEL06-MG"
169128;2018-11-02;"sexta-feira";"07:00:00";"MG";262;11,4;"MARTINS SOARES";"Falta de Atenção à Condução";"Colisão transversal";"Com Vítimas Feridas";"Pleno dia";"Decrescente";"Céu Claro";"Simples";"Reta";"Não";5;0;3;0;2;0;3;2;-20,247437;-41,848355;"SPRF-MG";"DEL06-MG";"UOP03-DEL06-MG"
169129;2018-11-02;"sexta-feira";"09:30:00";"PI";135;387;"BOM JESUS";"Defeito na Via";"Tombamento";"Sem Vítimas";"Pleno dia";"Crescente";"Céu Claro";"Simples";"Reta";"Não";2;0;0;0;1;2;0;3;-9,325157;-44,51786;"SPRF-PI";"DEL03-PI";"UOP02-DEL03-PI"
169136;2018-11-02;"sexta-feira";"12:30:00";"RJ";116;242;"PIRAI";"Falta de Atenção à Condução";"Colisão traseira";"Com Vítimas Feridas";"Pleno dia";"Crescente";"Sol";"Dupla";"Aclive";"Não";6;0;3;0;2;1;3;4;-22,630236;-43,910339;"SPRF-RJ";"DEL07-RJ";"UOP01-DEL07-RJ"
169138;2018-11-02;"sexta-feira";"12:45:00";"MT";163;658;"LUCAS DO RIO VERDE";"Falta de Atenção à Condução";"Saída de leito carroçável";"Com Vítimas Feridas";"Pleno dia";"Crescente";"Céu Claro";"Simples";"Reta";"Não";2;0;1;0;0;2;1;3;-13,20184406;-55,99456787;"SPRF-MT";"DEL06-MT";"UOP01-DEL06-MT"
169144;2018-11-02;"sexta-feira";"15:15:00";"AL";104;54,5;"MURICI";"Falta de Atenção à Condução";"Colisão frontal";"Com Vítimas Fatais";"Pleno dia";"Decrescente";"Céu Claro";"Simples";"Curva";"Não";2;1;0;0;1;0;0;2;-9,30688;-35,940841;"SPRF-AL";"DEL01-AL";"UOP02-DEL01-AL"
169158;2018-11-02;"sexta-feira";"16:00:00";"BA";116;413,5;"FEIRA DE SANTANA";"Falta de Atenção à Condução";"Tombamento";"Com Vítimas Feridas";"Pleno dia";"Crescente";"Sol";"Simples";"Interseção de Vias";"Sim";4;0;3;0;1;0;3;1;-12,14974555;-38,96472931;"SPRF-BA";"DEL02-BA";"UOP01-DEL02-BA"
169159;2018-11-02;"sexta-feira";"10:30:00";"MG";262;633,6;"IBIA";"Defeito Mecânico no Veículo";"Incêndio";"Sem Vítimas";"Pleno dia";"Decrescente";"Céu Claro";"Simples";"Reta";"Não";2;0;0;0;1;2;0;3;-19,58209502;-46,5116816;"SPRF-MG";"DEL08-MG";"UOP01-DEL08-MG"
169161;2018-11-02;"sexta-feira";"11:30:00";"MG";381;864,5;"POUSO ALEGRE";"Defeito Mecânico no Veículo";"Derramamento de carga";"Sem Vítimas";"Pleno dia";"Crescente";"Sol";"Dupla";"Aclive;Curva";"Não";4;0;0;0;1;3;0;3;-22,344887;-45,92662;"SPRF-MG";"DEL16-MG";"UOP01-DEL16-MG"
169162;2018-11-02;"sexta-feira";"13:50:00";"MS";163;767,6;"COXIM";"Desobediência às normas de trânsito pelo condutor";"Colisão transversal";"Com Vítimas Feridas";"Pleno dia";"Crescente";"Chuva";"Simples";"Rotatória;Interseção de Vias;Reta";"Não";5;0;3;0;1;1;3;3;-18,18560875;-54,65462208;"SPRF-MS";"DEL06-MS";"UOP01-DEL06-MS"
169163;2018-11-02;"sexta-feira";"11:00:00";"MG";40;716,1;"BARBACENA";"Velocidade Incompatível";"Colisão com objeto estático";"Sem Vítimas";"Pleno dia";"Decrescente";"Céu Claro";"Dupla";"Curva";"Não";2;0;0;0;1;1;0;2;-21,2793;-43,6434;"SPRF-MG";"DEL05-MG";"UOP01-DEL05-MG"
169172;2018-11-02;"sexta-feira";"18:10:00";"SP";116;228,5;"GUARULHOS";"Falta de Atenção à Condução";"Colisão traseira";"Com Vítimas Feridas";"Anoitecer";"Decrescente";"Nublado";"Múltipla";"Reta";"Sim";3;0;2;0;1;0;2;2;-23,50703476;-46,57042265;"SPRF-SP";"DEL01-SP";"UOP01-DEL01-SP"
169177;2018-11-02;"sexta-feira";"18:10:00";"MG";381;311;"ANTONIO DIAS";"Velocidade Incompatível";"Colisão frontal";"Com Vítimas Fatais";"Anoitecer";"Crescente";"Céu Claro";"Simples";"Aclive;Curva";"Não";3;1;0;1;0;1;1;3;-19,65208548;-42,94464469;"SPRF-MG";"DEL03-MG";"UOP02-DEL03-MG"
169180;2018-11-02;"sexta-feira";"17:00:00";"SC";282;223,4;"LAGES";"Falta de Atenção à Condução";"Colisão transversal";"Com Vítimas Fatais";"Pleno dia";"Decrescente";"Nublado";"Simples";"Reta";"Sim";3;1;0;1;1;0;1;2;-27,800127;-50,362751;"SPRF-SC";"DEL05-SC";"UOP02-DEL05-SC"
169181;2018-11-02;"sexta-feira";"17:45:00";"RO";364;190,5;"PIMENTA BUENO";"Ingestão de Álcool";"Saída de leito carroçável";"Com Vítimas Feridas";"Anoitecer";"Crescente";"Nublado";"Simples";"Reta";"Não";1;0;0;1;0;0;1;1;-11,722936;-61,14312;"SPRF-RO";"DEL02-RO";"UOP02-DEL02-RO"
169191;2018-11-02;"sexta-feira";"15:15:00";"MT";364;608;"DIAMANTINO";"Velocidade Incompatível";"Tombamento";"Com Vítimas Feridas";"Pleno dia";"Decrescente";"Céu Claro";"Simples";"Curva";"Não";2;0;1;0;0;2;1;3;-14,462832;-56,267361;"SPRF-MT";"DEL01-MT";"UOP01-DEL01-MT"
169205;2018-11-02;"sexta-feira";"21:09:00";"PR";277;719;"FOZ DO IGUACU";"Ingestão de Álcool";"Colisão traseira";"Sem Vítimas";"Plena Noite";"Crescente";"Céu Claro";"Dupla";"Reta";"Não";3;0;0;0;2;2;0;4;-25,483784;-54,494278;"SPRF-PR";"DEL05-PR";"UOP01-DEL05-PR"
169220;2018-10-25;"quinta-feira";"15:00:00";"MT";163;526,8;"DIAMANTINO";"Falta de Atenção à Condução";"Colisão lateral";"Com Vítimas Feridas";"Pleno dia";"Crescente";"Chuva";"Simples";"Curva";"Não";3;0;1;0;1;3;1;5;-14,35786298;-56,15009308;"SPRF-MT";"DEL01-MT";"UOP01-DEL01-MT"
169229;2018-11-02;"sexta-feira";"23:10:00";"DF";20;19;"BRASILIA";"Pista Escorregadia";"Colisão com objeto estático";"Sem Vítimas";"Plena Noite";"Decrescente";"Céu Claro";"Dupla";"Reta";"Sim";1;0;0;0;1;0;0;1;-15,612175;-47,700928;"SPRF-DF";"DEL02-DF";"UOP01-DEL02-DF"
169233;2018-11-02;"sexta-feira";"21:00:00";"PE";428;11,8;"CABROBO";"Ingestão de Álcool";"Colisão frontal";"Com Vítimas Feridas";"Plena Noite";"Decrescente";"Céu Claro";"Simples";"Reta";"Sim";2;0;1;0;1;0;1;2;-8,506392;-39,316113;"SPRF-PE";"DEL05-PE";"UOP03-DEL05-PE"
169250;2018-11-03;"sábado";"04:40:00";"PR";277;628,4;"CEU AZUL";"Falta de Atenção à Condução";"Colisão frontal";"Com Vítimas Feridas";"Amanhecer";"Crescente";"Céu Claro";"Simples";"Reta";"Não";3;0;1;1;0;1;2;3;-25,111799;-53,776592;"SPRF-PR";"DEL05-PR";"UOP02-DEL05-PR"
169262;2018-11-03;"sábado";"06:00:00";"MS";262;2,9;"TRES LAGOAS";"Condutor Dormindo";"Saída de leito carroçável";"Sem Vítimas";"Pleno dia";"Crescente";"Sol";"Dupla";"Reta";"Não";1;0;0;0;1;0;0;1;-20,782074;-51,65705;"SPRF-MS";"DEL07-MS";"UOP01-DEL07-MS"
169266;2018-06-19;"terça-feira";"04:00:00";"CE";116;121,7;"RUSSAS";"Defeito Mecânico no Veículo";"Saída de leito carroçável";"Com Vítimas Feridas";"Plena Noite";"Decrescente";"Nublado";"Simples";"Curva";"Não";2;0;1;1;0;0;2;1;-4,59577;-38,207619;"SPRF-CE";"DEL03-CE";"UOP01-DEL03-CE"
169297;2018-11-03;"sábado";"11:36:00";"MS";262;177;"RIBAS DO RIO PARDO";"Desobediência às normas de trânsito pelo condutor";"Saída de leito carroçável";"Com Vítimas Feridas";"Pleno dia";"Decrescente";"Sol";"Simples";"Reta";"Não";4;0;1;0;2;3;1;5;-20,41446469;-53,18052292;"SPRF-MS";"DEL07-MS";"UOP02-DEL07-MS"
169304;2018-11-03;"sábado";"11:10:00";"MA";10;308;"ACAILANDIA";"Não guardar distância de segurança";"Saída de leito carroçável";"Com Vítimas Feridas";"Pleno dia";"Crescente";"Céu Claro";"Simples";"Reta";"Não";2;0;2;0;0;0;2;1;-5,044079;-47,551216;"SPRF-MA";"DEL04-MA";"UOP03-DEL04-MA"
169305;2018-11-03;"sábado";"07:05:00";"RS";392;209,7;"SANTANA DA BOA VISTA";"Defeito Mecânico no Veículo";"Saída de leito carroçável";"Com Vítimas Feridas";"Pleno dia";"Crescente";"Nublado";"Simples";"Aclive;Reta";"Não";2;0;1;0;0;1;1;2;-30,81159656;-53,18524361;"SPRF-RS";"DEL09-RS";"UOP02-DEL09-RS"
169340;2018-10-30;"terça-feira";"21:30:00";"ES";262;151,8;"IBATIBA";"Velocidade Incompatível";"Tombamento";"Sem Vítimas";"Plena Noite";"Crescente";"Nublado";"Simples";"Declive;Curva";"Não";2;0;0;0;1;1;0;2;-20,21503658;-41,44951893;"SPRF-ES";"DEL01-ES";"UOP02-DEL01-ES"
169348;2018-11-03;"sábado";"16:39:00";"MT";174;493;"COMODORO";"Desobediência às normas de trânsito pelo condutor";"Colisão traseira";"Com Vítimas Feridas";"Pleno dia";"Crescente";"Céu Claro";"Simples";"Reta";"Não";9;0;2;2;4;2;4;4;-13,59590625;-59,80346542;"SPRF-MT";"DEL04-MT";"UOP01-DEL04-MT"
169349;2018-11-03;"sábado";"17:15:00";"PR";163;142,4;"CAPITAO LEONIDAS MARQUES";"Desobediência às normas de trânsito pelo condutor";"Colisão frontal";"Sem Vítimas";"Anoitecer";"Crescente";"Chuva";"Simples";"Curva";"Não";4;0;0;0;2;3;0;4;-25,4837;-53,5929;"SPRF-PR";"DEL04-PR";"UOP05-DEL05-PR"
169354;2018-08-31;"sexta-feira";"15:40:00";"CE";222;27,1;"CAUCAIA";"Ultrapassagem Indevida";"Colisão lateral";"Com Vítimas Fatais";"Pleno dia";"Crescente";"Céu Claro";"Simples";"Reta";"Não";7;4;0;1;1;1;1;3;-3,7200222;-38,794884;"SPRF-CE";"DEL01-CE";"UOP01-DEL01-CE"
169364;2018-11-03;"sábado";"18:00:00";"PR";153;484;"GENERAL CARNEIRO";"Defeito Mecânico no Veículo";"Saída de leito carroçável";"Sem Vítimas";"Anoitecer";"Decrescente";"Chuva";"Simples";"Reta";"Não";2;0;0;0;1;1;0;2;-26,385147;-51,269444;"SPRF-PR";"DEL02-PR";"UOP03-DEL02-PR"
169377;2018-11-03;"sábado";"20:10:00";"PR";476;276;"SAO MATEUS DO SUL";"Ingestão de Álcool";"Colisão frontal";"Sem Vítimas";"Plena Noite";"Crescente";"Garoa/Chuvisco";"Simples";"Curva";"Sim";2;0;0;0;2;0;0;2;-25,877428;-50,384377;"SPRF-PR";"DEL02-PR";"UOP04-DEL02-PR"
169378;2018-11-03;"sábado";"20:20:00";"BA";116;377,7;"SANTA BARBARA";"Velocidade Incompatível";"Tombamento";"Com Vítimas Feridas";"Plena Noite";"Crescente";"Céu Claro";"Simples";"Curva";"Não";2;0;1;0;0;1;1;2;-11,83190223;-38,97399902;"SPRF-BA";"DEL02-BA";"DEL10/2-UOP02/BA"
169383;2018-11-03;"sábado";"18:00:00";"SP";116;349,6;"MIRACATU";"Falta de Atenção à Condução";"Saída de leito carroçável";"Sem Vítimas";"Anoitecer";"Crescente";"Chuva";"Dupla";"Curva";"Não";2;0;0;0;1;1;0;2;-24,056779;-47,215656;"SPRF-SP";"DEL04-SP";"UOP03-DEL04-SP"
169397;2018-11-03;"sábado";"23:05:00";"SC";101;343,5;"TUBARAO";"Defeito Mecânico no Veículo";"Saída de leito carroçável";"Com Vítimas Feridas";"Plena Noite";"Crescente";"Chuva";"Dupla";"Reta";"Sim";2;0;2;0;0;0;2;1;-28,53449502;-49,0541051;"SPRF-SC";"DEL02-SC";"UOP01-DEL02-SC"
169402;2018-11-03;"sábado";"20:40:00";"MG";262;702,6;"ARAXA";"Desobediência às normas de trânsito pelo pedestre";"Atropelamento de Pedestre";"Com Vítimas Fatais";"Plena Noite";"Crescente";"Chuva";"Simples";"Ponte";"Não";3;1;0;0;1;1;0;3;-19,57183034;-47,04724967;"SPRF-MG";"DEL08-MG";"UOP01-DEL08-MG"
169423;2018-11-04;"domingo";"03:00:00";"MG";381;561;"ITAGUARA";"Velocidade Incompatível";"Colisão com objeto estático";"Com Vítimas Feridas";"Plena Noite";"Crescente";"Nublado";"Dupla";"Curva";"Não";1;0;1;0;0;0;1;1;-20,37183162;-44,46907639;"SPRF-MG";"DEL04-MG";"UOP03-DEL04-MG"
169428;2018-11-04;"domingo";"03:20:00";"PR";116;52,8;"CAMPINA GRANDE DO SUL";"Desobediência às normas de trânsito pelo condutor";"Saída de leito carroçável";"Sem Vítimas";"Plena Noite";"Crescente";"Céu Claro";"Dupla";"Reta";"Não";1;0;0;0;1;0;0;1;-25,25527304;-48,91247392;"SPRF-PR";"DEL01-PR";"UOP02-DEL01-PR"
169431;2018-11-04;"domingo";"04:15:00";"RJ";101;88,5;"CAMPOS DOS GOYTACAZES";"Pista Escorregadia";"Saída de leito carroçável";"Com Vítimas Feridas";"Plena Noite";"Decrescente";"Chuva";"Dupla";"Reta";"Não";3;0;1;1;1;0;2;1;-21,833569;-41,501934;"SPRF-RJ";"DEL08-RJ";"UOP02-DEL08-RJ"
169437;2018-11-04;"domingo";"04:00:00";"PI";316;6,3;"TERESINA";"Ingestão de Álcool";"Colisão transversal";"Sem Vítimas";"Pleno dia";"Crescente";"Céu Claro";"Simples";"Reta";"Sim";3;0;0;0;2;1;0;3;-5,155092;-42,772045;"SPRF-PI";"DEL01-PI";"UOP02-DEL01-PI"
169450;2018-11-04;"domingo";"06:30:00";"GO";70;3;"AGUAS LINDAS DE GOIAS";"Falta de Atenção à Condução";"Saída de leito carroçável";"Sem Vítimas";"Amanhecer";"Crescente";"Céu Claro";"Dupla";"Aclive";"Sim";2;0;0;0;2;0;0;1;-15,7481;-48,2635;"SPRF-DF";"DEL01-DF";"UOP02-DEL03-DF"