"id";"data_inversa";"dia_semana";"horario";"uf";"br";"km";"municipio";"causa_acidente";"tipo_acidente";"classificacao_acidente";"fase_dia";"sentido_via";"condicao_metereologica";"tipo_pista";"tracado_via";"uso_solo";"pessoas";"mortos";"feridos_leves";"feridos_graves";"ilesos";"ignorados";"feridos";"veiculos";"latitude";"longitude";"regional";"delegacia";"uop"
170702;2018-11-10;"sábado";"03:25:00";"MS";163;484,8;"CAMPO GRANDE";"Falta de Atenção à Condução";"Colisão transversal";"Com Vítimas Feridas";"Plena Noite";"Crescente";"Nublado";"Simples";"Reta";"Sim";3;0;2;0;0;1;2;3;-20,43958003;-54,54251915;"SPRF-MS";"DEL01-MS";"UOP02-DEL01-MS"
170703;2018-11-09;"sexta-feira";"20:50:00";"GO";40;151,5;"CRISTALINA";"Falta de Atenção à Condução";"Colisão lateral";"Sem Vítimas";"Plena Noite";"Decrescente";"Nublado";"Simples";"Reta";"Não";3;0;0;0;3;0;0;2;-17,01658341;-47,20364392;"SPRF-DF";"DEL01-DF";"UOP02-DEL01-DF"
170721;2018-11-10;"sábado";"06:00:00";"TO";153;190;"ARAGUAINA";"Falta de Atenção à Condução";"Colisão transversal";"Com Vítimas Feridas";"Pleno dia";"Decrescente";"Céu Claro";"Simples";"Curva";"Não";3;0;0;1;1;4;1;6;-7,35189;-48,25131;"SPRF-TO";"DEL02-TO";"UOP01-DEL02-TO"
170726;2018-11-10;"sábado";"07:20:00";"MG";116;667,6;"SAO FRANCISCO DO GLORIA";"Velocidade Incompatível";"Tombamento";"Com Vítimas Feridas";"Pleno dia";"Decrescente";"Nublado";"Simples";"Aclive";"Não";2;0;1;0;0;1;1;2;-20,83358508;-42,32223272;"SPRF-MG";"DEL07-MG";"UOP03-DEL07-MG"
170727;2018-11-10;"sábado";"05:00:00";"RO";364;577;"ITAPUA DO OESTE";"Falta de Atenção à Condução";"Tombamento";"Sem Vítimas";"Amanhecer";"Crescente";"Céu Claro";"Simples";"Curva";"Não";2;0;0;0;1;3;0;4;-9,422195;-63,115967;"SPRF-RO";"DEL03-RO";"UOP04-DEL01-RO"
170731;2018-02-19;"segunda-feira";"18:00:00";"MG";50;59;"UBERLANDIA";"Velocidade Incompatível";"Colisão lateral";"Com Vítimas Feridas";"Pleno dia";"Crescente";"Céu Claro";"Dupla";"Reta";"Não";3;0;1;0;1;1;1;3;-18,8114;-48,2469;"SPRF-MG";"DEL15-MG";"UOP02-DEL15-MG"
170734;2018-11-10;"sábado";"08:00:00";"GO";60;113,8;"GOIANAPOLIS";"Falta de Atenção à Condução";"Colisão lateral";"Com Vítimas Feridas";"Pleno dia";"Crescente";"Chuva";"Dupla";"Curva";"Sim";4;0;1;0;2;2;1;4;-16,4572;-49,0567;"SPRF-GO";"DEL01-GO";"UOP01-DEL01-GO"
170740;2018-11-10;"sábado";"05:45:00";"MT";70;522;"VARZEA GRANDE";"Desobediência às normas de trânsito pelo condutor";"Colisão frontal";"Com Vítimas Fatais";"Pleno dia";"Decrescente";"Céu Claro";"Simples";"Reta";"Sim";3;1;0;0;1;1;0;3;-15,66304018;-56,18614197;"SPRF-MT";"DEL01-MT";"DEL2/4-UOP02/MT"
170750;2018-11-10;"sábado";"06:40:00";"MG";381;448,2;"SABARA";"Falta de Atenção à Condução";"Tombamento";"Com Vítimas Feridas";"Amanhecer";"Decrescente";"Chuva";"Simples";"Reta";"Não";2;0;1;0;0;2;1;3;-19,81532167;-43,80943514;"SPRF-MG";"DEL01-MG";"UOP01-DEL01-MG"
170752;2018-11-10;"sábado";"10:07:00";"PR";277;56,6;"SAO JOSE DOS PINHAIS";"Falta de Atenção à Condução";"Colisão com objeto estático";"Sem Vítimas";"Pleno dia";"Crescente";"Chuva";"Múltipla";"Reta";"Não";5;0;0;0;4;2;0;4;-25,56900601;-48,99906367;"SPRF-PR";"DEL01-PR";"UOP07-DEL01-PR"
170755;2018-11-10;"sábado";"08:30:00";"BA";415;27,5;"ILHEUS";"Velocidade Incompatível";"Colisão transversal";"Com Vítimas Fatais";"Pleno dia";"Crescente";"Chuva";"Simples";"Curva";"Não";6;1;1;0;4;0;1;2;-14,79534832;-39,20919523;"SPRF-BA";"DEL05-BA";"UOP01-DEL05-BA"
170757;2018-11-09;"sexta-feira";"12:30:00";"MS";163;420,7;"CAMPO GRANDE";"Defeito Mecânico no Veículo";"Saída de leito carroçável";"Com Vítimas Feridas";"Pleno dia";"Decrescente";"Céu Claro";"Simples";"Reta";"Sim";2;0;1;0;0;1;1;2;-20,9852825;-54,50555563;"SPRF-MS";"DEL01-MS";"UOP01-DEL01-MS"
170761;2018-11-10;"sábado";"10:10:00";"MT";163;841;"SINOP";"Falta de Atenção à Condução";"Colisão traseira";"Com Vítimas Feridas";"Pleno dia";"Crescente";"Nublado";"Simples";"Reta";"Não";3;0;1;0;1;2;1;4;-11,80538621;-55,48066735;"SPRF-MT";"DEL06-MT";"UOP02-DEL06-MT"
170762;2018-11-10;"sábado";"09:30:00";"BA";324;591;"CANDEIAS";"Não guardar distância de segurança";"Colisão traseira";"Com Vítimas Feridas";"Pleno dia";"Decrescente";"Céu Claro";"Dupla";"Reta";"Não";3;0;1;0;2;0;1;2;-12,68447653;-38,46368407;"SPRF-BA";"DEL01-BA";"UOP01-DEL01-BA"
170767;2018-11-10;"sábado";"08:50:00";"MT";70;523;"VARZEA GRANDE";"Não guardar distância de segurança";"Colisão transversal";"Com Vítimas Feridas";"Pleno dia";"Decrescente";"Céu Claro";"Simples";"Reta";"Sim";3;0;1;0;1;3;1;5;-15,65082304;-56,19797017;"SPRF-MT";"DEL01-MT";"DEL2/4-UOP02/MT"
170769;2018-11-10;"sábado";"11:00:00";"RS";116;224;"DOIS IRMAOS";"Falta de Atenção à Condução";"Derramamento de carga";"Sem Vítimas";"Pleno dia";"Decrescente";"Céu Claro";"Simples";"Curva";"Não";3;0;0;0;3;0;0;3;-29,5894821;-51,1071497;"SPRF-RS";"DEL05-RS";"UOP02-DEL05-RS"
170771;2018-11-10;"sábado";"09:30:00";"GO";153;30;"PORANGATU";"Falta de Atenção à Condução";"Colisão traseira";"Com Vítimas Feridas";"Pleno dia";"Crescente";"Céu Claro";"Simples";"Reta";"Não";7;0;4;0;2;2;4;4;-13,086911;-49,192348;"SPRF-GO";"DEL07-GO";"UOP01-DEL07-GO"
170772;2018-11-10;"sábado";"11:00:00";"AL";101;159,1;"CAMPO ALEGRE";"Falta de Atenção à Condução";"Colisão traseira";"Com Vítimas Feridas";"Pleno dia";"Crescente";"Sol";"Dupla";"Reta";"Sim";2;0;1;0;1;0;1;2;-9,904422;-36,218592;"SPRF-AL";"DEL02-AL";"UOP02-DEL02-AL"
170775;2018-11-10;"sábado";"12:15:00";"RS";116;262;"CANOAS";"Não guardar distância de segurança";"Colisão lateral";"Com Vítimas Feridas";"Pleno dia";"Decrescente";"Céu Claro";"Simples";"Reta";"Sim";3;0;1;0;2;0;1;3;-29,90063307;-51,17620468;"SPRF-RS";"DEL01-RS";"UOP01-DEL01-RS"
170793;2018-11-10;"sábado";"13:20:00";"BA";20;129;"SAO DESIDERIO";"Condutor Dormindo";"Colisão frontal";"Com Vítimas Feridas";"Pleno dia";"Crescente";"Céu Claro";"Simples";"Reta";"Não";3;0;1;2;0;0;3;2;-12,82619624;-45,95890045;"SPRF-BA";"DEL10-BA";"UOP01-DEL10-BA"
170795;2018-11-10;"sábado";"13:15:00";"MS";267;526,1;"JARDIM";"Condutor Dormindo";"Saída de leito carroçável";"Com Vítimas Feridas";"Pleno dia";"Crescente";"Céu Claro";"Simples";"Reta";"Não";2;0;1;0;0;2;1;3;-21,52135354;-56,5226841;"SPRF-MS";"DEL05-MS";"UOP01-DEL05-MS"
170799;2018-11-10;"sábado";"08:45:00";"MG";116;792;"ALEM PARAIBA";"Velocidade Incompatível";"Saída de leito carroçável";"Com Vítimas Feridas";"Pleno dia";"Crescente";"Nublado";"Simples";"Curva";"Não";2;0;1;0;0;2;1;3;-21,71102478;-42,7292043;"SPRF-MG";"DEL07-MG";"UOP01-DEL07-MG"
170808;2018-11-10;"sábado";"15:25:00";"SC";101;207,2;"SAO JOSE";"Não guardar distância de segurança";"Colisão lateral";"Com Vítimas Feridas";"Pleno dia";"Decrescente";"Céu Claro";"Múltipla";"Curva;Declive";"Sim";3;0;2;0;0;1;2;3;-27,60114519;-48,62384677;"SPRF-SC";"DEL01-SC";"UOP01-DEL01-SC"
170809;2018-11-10;"sábado";"12:30:00";"PI";343;343,5;"TERESINA";"Falta de Atenção à Condução";"Colisão traseira";"Com Vítimas Fatais";"Pleno dia";"Crescente";"Céu Claro";"Simples";"Rotatória";"Sim";3;1;0;0;1;1;0;3;-5,087362;-42,757851;"SPRF-PI";"DEL01-PI";"UOP01-DEL01-PI"
170816;2018-11-10;"sábado";"14:30:00";"RS";290;102,8;"PORTO ALEGRE";"Ingestão de Álcool";"Colisão lateral";"Sem Vítimas";"Pleno dia";"Crescente";"Céu Claro";"Dupla";"Ponte";"Não";2;0;0;0;2;0;0;2;-29,99088366;-51,26894474;"SPRF-RS";"DEL01-RS";"UOP01-DEL01-RS"
170819;2018-11-10;"sábado";"15:15:00";"AL";101;91,8;"RIO LARGO";"Desobediência às normas de trânsito pelo condutor";"Colisão traseira";"Com Vítimas Feridas";"Pleno dia";"Crescente";"Nublado";"Dupla";"Desvio Temporário";"Não";3;0;1;1;1;0;2;2;-9,5416097;-35,9859851;"SPRF-AL";"DEL01-AL";"UOP01-DEL01-AL"
170821;2018-11-10;"sábado";"16:05:00";"SC";101;82,7;"BARRA VELHA";"Falta de Atenção à Condução";"Colisão lateral";"Com Vítimas Feridas";"Pleno dia";"Decrescente";"Nublado";"Dupla";"Reta";"Não";3;0;1;0;1;1;1;3;-26,61850623;-48,71826585;"SPRF-SC";"DEL03-SC";"UOP02-DEL03-SC"
170822;2018-11-10;"sábado";"16:30:00";"ES";262;166,6;"IBATIBA";"Desobediência às normas de trânsito pelo condutor";"Colisão lateral";"Com Vítimas Feridas";"Pleno dia";"Decrescente";"Nublado";"Simples";"Interseção de Vias";"Não";5;0;2;0;2;1;2;3;-20,2518;-41,5639;"SPRF-ES";"DEL01-ES";"UOP02-DEL01-ES"
170823;2018-11-10;"sábado";"16:30:00";"PR";116;32,3;"CAMPINA GRANDE DO SUL";"Velocidade Incompatível";"Tombamento";"Com Vítimas Feridas";"Pleno dia";"Decrescente";"Nublado";"Dupla";"Curva";"Não";2;0;0;1;0;1;1;2;-25,10957772;-48,84226441;"SPRF-PR";"DEL01-PR";"UOP02-DEL01-PR"
170826;2018-11-10;"sábado";"16:00:00";"ES";262;6,4;"CARIACICA";"Desobediência às normas de trânsito pelo condutor";"Colisão lateral";"Sem Vítimas";"Pleno dia";"Decrescente";"Garoa/Chuvisco";"Múltipla";"Retorno Regulamentado";"Sim";4;0;0;0;2;2;0;4;-20,34173798;-40,39708436;"SPRF-ES";"DEL01-ES";"UOP01-DEL01-ES"
170827;2018-09-28;"sexta-feira";"04:30:00";"BA";407;231;"CAPIM GROSSO";"Animais na Pista";"Colisão frontal";"Com Vítimas Feridas";"Plena Noite";"Decrescente";"Céu Claro";"Simples";"Reta";"Sim";2;0;0;1;0;1;1;2;-11,37503144;-40,00632763;"SPRF-BA";"DEL04-BA";"UOP02-DEL04-BA"
170829;2018-11-10;"sábado";"09:00:00";"PI";235;390;"SANTA FILOMENA";"Defeito na Via";"Saída de leito carroçável";"Sem Vítimas";"Pleno dia";"Crescente";"Nublado";"Simples";"Reta";"Não";2;0;0;0;1;3;0;4;-9,3088263;-45,55995941;"SPRF-PI";"DEL03-PI";"UOP02-DEL03-PI"
170836;2018-11-10;"sábado";"16:00:00";"BA";116;341,5;"SERRINHA";"Falta de Atenção à Condução";"Colisão frontal";"Com Vítimas Feridas";"Pleno dia";"Crescente";"Sol";"Simples";"Reta";"Não";5;0;2;2;0;1;4;3;-11,51198129;-38,99490383;"SPRF-BA";"DEL02-BA";"DEL10/2-UOP02/BA"
170840;2018-11-10;"sábado";"16:00:00";"PI";316;308;"PICOS";"Desobediência às normas de trânsito pelo condutor";"Colisão frontal";"Com Vítimas Feridas";"Pleno dia";"Crescente";"Céu Claro";"Simples";"Reta";"Sim";2;0;0;1;1;0;1;2;-7,077191;-41,480396;"SPRF-PI";"DEL04-PI";"UOP01-DEL04-PI"
170841;2018-11-10;"sábado";"17:05:00";"SC";282;192,1;"LAGES";"Falta de Atenção à Condução";"Colisão transversal";"Com Vítimas Feridas";"Pleno dia";"Crescente";"Sol";"Simples";"Interseção de Vias";"Não";4;0;1;0;3;0;1;3;-27,743231;-50,055424;"SPRF-SC";"DEL05-SC";"UOP01-DEL05-SC"
170843;2018-11-10;"sábado";"15:40:00";"MA";135;7;"SAO LUIS";"Falta de Atenção à Condução";"Colisão transversal";"Com Vítimas Feridas";"Pleno dia";"Crescente";"Céu Claro";"Dupla";"Retorno Regulamentado";"Sim";41;0;9;3;28;2;12;4;-2,6886144;-44,2949632;"SPRF-MA";"DEL01-MA";"UOP01-DEL01-MA"
170852;2018-11-10;"sábado";"16:40:00";"GO";364;324;"MINEIROS";"Fenômenos da Natureza";"Colisão frontal";"Com Vítimas Fatais";"Pleno dia";"Crescente";"Chuva";"Simples";"Ponte";"Não";3;1;0;0;1;1;0;3;-17,39908;-52,663017;"SPRF-GO";"DEL05-GO";"UOP01-DEL05-GO"
170864;2018-11-10;"sábado";"18:30:00";"BA";101;121;"ALAGOINHAS";"Condutor Dormindo";"Colisão lateral";"Com Vítimas Fatais";"Plena Noite";"Crescente";"Céu Claro";"Simples";"Reta";"Não";2;1;0;0;1;0;0;2;-12,1555;-38,5076;"SPRF-BA";"DEL01-BA";"UOP04-DEL01-BA"
170878;2018-11-10;"sábado";"18:10:00";"CE";20;108,2;"TAUA";"Falta de Atenção à Condução";"Colisão transversal";"Sem Vítimas";"Anoitecer";"Crescente";"Céu Claro";"Simples";"Curva";"Não";2;0;0;0;2;0;0;2;-5,81806;-40,176;"SPRF-CE";"DEL02-CE";"UOP02-DEL02-CE"
170879;2018-11-09;"sexta-feira";"14:00:00";"PI";135;507;"MONTE ALEGRE DO PIAUI";"Falta de Atenção à Condução";"Colisão traseira";"Com Vítimas Feridas";"Pleno dia";"Decrescente";"Céu Claro";"Simples";"Reta";"Não";3;0;1;0;1;1;1;3;-9,767065;-45,317471;"SPRF-PI";"DEL03-PI";"UOP02-DEL03-PI"
170882;2018-11-10;"sábado";"20:00:00";"RJ";116;272,3;"BARRA MANSA";"Falta de Atenção à Condução";"Colisão traseira";"Com Vítimas Feridas";"Plena Noite";"Crescente";"Chuva";"Dupla";"Curva";"Sim";3;0;1;0;1;1;1;3;-22,55196444;-44,18184103;"SPRF-RJ";"DEL07-RJ";"UOP02-DEL07-RJ"
170885;2018-11-10;"sábado";"19:05:00";"BA";242;784;"BARREIRAS";"Falta de Atenção à Condução";"Colisão lateral";"Com Vítimas Feridas";"Plena Noite";"Decrescente";"Chuva";"Simples";"Reta";"Não";3;0;1;0;1;1;1;3;-12,10294166;-44,96961594;"SPRF-BA";"DEL10-BA";"UOP01-DEL10-BA"
170895;2018-11-10;"sábado";"18:15:00";"MG";251;475,2;"FRANCISCO SA";"Pista Escorregadia";"Saída de leito carroçável";"Sem Vítimas";"Anoitecer";"Crescente";"Chuva";"Simples";"Reta";"Não";2;0;0;0;1;1;0;2;-16,4701;-43,4471;"SPRF-MG";"DEL12-MG";"UOP01-DEL12-MG"
170905;2018-11-10;"sábado";"22:25:00";"PR";116;26;"CAMPINA GRANDE DO SUL";"Falta de Atenção à Condução";"Saída de leito carroçável";"Com Vítimas Feridas";"Plena Noite";"Crescente";"Chuva";"Dupla";"Reta";"Não";2;0;1;0;1;0;1;1;-25,106836;-48,785343;"SPRF-PR";"DEL01-PR";"UOP02-DEL01-PR"
170916;2018-11-10;"sábado";"22:00:00";"GO";153;492,5;"GOIANIA";"Falta de Atenção à Condução";"Colisão com objeto estático";"Com Vítimas Feridas";"Plena Noite";"Decrescente";"Nublado";"Múltipla";"Reta";"Sim";6;0;1;0;2;3;1;5;-16,6461;-49,2114;"SPRF-GO";"DEL01-GO";"UOP01-DEL01-GO"
170920;2018-11-10;"sábado";"22:00:00";"SC";101;36;"JOINVILLE";"Ingestão de Álcool";"Colisão lateral";"Sem Vítimas";"Plena Noite";"Decrescente";"Chuva";"Dupla";"Reta";"Sim";3;0;0;0;2;2;0;4;-26,28418059;-48,88855934;"SPRF-SC";"DEL03-SC";"UOP01-DEL03-SC"
170924;2018-11-10;"sábado";"23:50:00";"MT";70;21;"BARRA DO GARCAS";"Velocidade Incompatível";"Saída de leito carroçável";"Sem Vítimas";"Plena Noite";"Decrescente";"Céu Claro";"Simples";"Reta";"Não";2;0;0;0;0;2;0;2;-15,844392;-52,432369;"SPRF-MT";"DEL07-MT";"UOP01-DEL07-MT"
170925;2018-11-10;"sábado";"23:00:00";"SC";101;49;"JOINVILLE";"Ingestão de Álcool";"Colisão lateral";"Sem Vítimas";"Plena Noite";"Decrescente";"Chuva";"Dupla";"Reta";"Não";3;0;0;0;2;1;0;2;-26,3869;-48,8425;"SPRF-SC";"DEL03-SC";"UOP01-DEL03-SC"
170927;2018-11-10;"sábado";"22:30:00";"GO";364;320,4;"PORTELANDIA";"Falta de Atenção à Condução";"Colisão transversal";"Com Vítimas Feridas";"Plena Noite";"Crescente";"Nublado";"Simples";"Reta";"Não";3;0;1;0;1;1;1;3;-17,41716089;-52,63111056;"SPRF-GO";"DEL05-GO";"UOP01-DEL05-GO"
170932;2018-11-10;"sábado";"21:30:00";"MT";364;198,5;"RONDONOPOLIS";"Fenômenos da Natureza";"Incêndio";"Sem Vítimas";"Plena Noite";"Crescente";"Chuva";"Simples";"Aclive";"Sim";2;0;0;0;1;1;0;2;-16,5036814;-54,62685585;"SPRF-MT";"DEL02-MT";"UOP01-DEL02-MT"
170940;2018-11-10;"sábado";"21:30:00";"MG";251;225;"CACHOEIRA DE PAJEU";"Falta de Atenção à Condução";"Saída de leito carroçável";"Sem Vítimas";"Plena Noite";"Decrescente";"Chuva";"Simples";"Curva";"Não";2;0;0;0;1;1;0;2;-15,9592;-41,6357;"SPRF-MG";"DEL11-MG";"UOP02-DEL11-MG"
170947;2018-11-10;"sábado";"19:30:00";"CE";116;129,8;"PALHANO";"Defeito na Via";"Saída de leito carroçável";"Com Vítimas Feridas";"Plena Noite";"Crescente";"Céu Claro";"Simples";"Reta";"Não";2;0;1;0;0;1;1;2;-4,766018;-38,056034;"SPRF-CE";"DEL03-CE";"UOP01-DEL03-CE"
170952;2018-11-11;"domingo";"02:00:00";"RS";386;175;"CARAZINHO";"Ingestão de Álcool";"Colisão lateral";"Sem Vítimas";"Plena Noite";"Crescente";"Céu Claro";"Simples";"Reta";"Sim";2;0;0;0;2;0;0;2;-28,2699157;-52,78055191;"SPRF-RS";"DEL08-RS";"UOP01-DEL08-RS"
170953;2018-11-11;"domingo";"02:00:00";"SE";101;87;"NOSSA SENHORA DO SOCORRO";"Defeito Mecânico no Veículo";"Colisão frontal";"Sem Vítimas";"Anoitecer";"Crescente";"Céu Claro";"Dupla";"Reta;Aclive";"Não";3;0;0;0;2;1;0;3;-10,86533866;-37,13516235;"SPRF-SE";"DEL01-SE";"UOP01-DEL01-SE"
170955;2018-11-11;"domingo";"05:15:00";"GO";153;254;"SAO LUIZ DO NORTE";"Desobediência às normas de trânsito pelo condutor";"Colisão traseira";"Com Vítimas Fatais";"Plena Noite";"Decrescente";"Ignorado";"Simples";"Aclive";"Não";5;1;1;0;2;2;1;5;-14,948179;-49,375813;"SPRF-GO";"DEL07-GO";"UOP02-DEL07-GO"
170976;2018-11-11;"domingo";"05:20:00";"MT";364;567;"NOBRES";"Falta de Atenção à Condução";"Tombamento";"Com Vítimas Feridas";"Plena Noite";"Decrescente";"Nublado";"Dupla";"Curva";"Não";2;0;1;0;0;1;1;2;-14,752374;-56,334122;"SPRF-MT";"DEL01-MT";"UOP01-DEL01-MT"
170977;2018-10-29;"segunda-feira";"00:30:00";"SC";101;113;"ITAJAI";"Não guardar distância de segurança";"Colisão traseira";"Com Vítimas Feridas";"Plena Noite";"Decrescente";"Chuva";"Dupla";"Reta";"Sim";4;0;2;0;1;1;2;3;-26,85351597;-48,7266165;"SPRF-SC";"DEL04-SC";"UOP04-DEL04-SC"
170983;2018-11-11;"domingo";"07:15:00";"MT";163;686,5;"LUCAS DO RIO VERDE";"Desobediência às normas de trânsito pelo condutor";"Colisão frontal";"Com Vítimas Feridas";"Pleno dia";"Decrescente";"Céu Claro";"Simples";"Curva";"Sim";6;0;2;0;3;3;2;5;-13,08449447;-55,94272614;"SPRF-MT";"DEL06-MT";"UOP01-DEL06-MT"
170996;2018-11-11;"domingo";"08:20:00";"PA";316;62,1;"CASTANHAL";"Falta de Atenção à Condução";"Colisão transversal";"Com Vítimas Feridas";"Pleno dia";"Crescente";"Céu Claro";"Dupla";"Interseção de Vias";"Sim";4;0;1;0;2;2;1;4;-1,296296;-47,919842;"SPRF-PA";"DEL01-PA";"UOP01-DEL01-PA"
171011;2018-11-11;"domingo";"10:00:00";"PI";316;0,3;"TERESINA";"Falta de Atenção à Condução";"Colisão transversal";"Com Vítimas Fatais";"Pleno dia";"Decrescente";"Céu Claro";"Múltipla";"Reta";"Não";4;1;0;0;2;1;0;3;-5,12452032;-42,79468054;"SPRF-PI";"DEL01-PI";"UOP02-DEL01-PI"
171016;2018-11-11;"domingo";"12:00:00";"BA";116;164;"CANUDOS";"Falta de Atenção à Condução";"Colisão traseira";"Com Vítimas Fatais";"Pleno dia";"Decrescente";"Céu Claro";"Simples";"Reta";"Não";3;1;1;0;0;2;1;4;-10,054581;-39,153252;"SPRF-BA";"DEL07-BA";"UOP02-DEL07-BA"
171021;2018-11-11;"domingo";"12:20:00";"PE";104;116,9;"PANELAS";"Condutor Dormindo";"Colisão frontal";"Com Vítimas Feridas";"Pleno dia";"Crescente";"Céu Claro";"Simples";"Aclive";"Não";3;0;1;1;0;1;2;3;-8,677882;-36,015434;"SPRF-PE";"DEL02-PE";"UOP01-DEL02-PE"
171025;2018-11-11;"domingo";"14:20:00";"SP";116;276;"EMBU DAS ARTES";"Não guardar distância de segurança";"Colisão traseira";"Sem Vítimas";"Pleno dia";"Decrescente";"Céu Claro";"Dupla";"Reta";"Sim";4;0;0;0;3;1;0;3;-23,60060343;-46,8069142;"SPRF-SP";"DEL04-SP";"UOP01-DEL04-SP"
171027;2018-11-11;"domingo";"14:30:00";"RJ";116;88;"TERESOPOLIS";"Defeito Mecânico no Veículo";"Colisão com objeto estático";"Com Vítimas Feridas";"Pleno dia";"Crescente";"Nublado";"Simples";"Curva";"Não";2;0;1;0;1;0;1;1;-22,3511125;-42,9408555;"SPRF-RJ";"DEL04-RJ";"UOP01-DEL04-RJ"
171028;2018-11-11;"domingo";"14:40:00";"PR";116;111;"CURITIBA";"Falta de Atenção à Condução";"Colisão traseira";"Sem Vítimas";"Pleno dia";"Decrescente";"Céu Claro";"Dupla";"Reta";"Não";5;0;0;0;4;1;0;3;-25,55783849;-49,2689281;"SPRF-PR";"DEL01-PR";"UOP01-DEL01-PR"
171035;2018-11-11;"domingo";"15:30:00";"SP";116;98,7;"PINDAMONHANGABA";"Desobediência às normas de trânsito pelo condutor";"Colisão traseira";"Com Vítimas Feridas";"Pleno dia";"Decrescente";"Nublado";"Dupla";"Reta;Declive";"Não";4;0;0;2;1;1;2;3;-22,981972;-45,463547;"SPRF-SP";"DEL06-SP";"UOP01-DEL06-SP"
171043;2018-11-11;"domingo";"16:00:00";"MG";251;353,9;"PADRE CARVALHO";"Velocidade Incompatível";"Tombamento";"Com Vítimas Feridas";"Pleno dia";"Decrescente";"Nublado";"Simples";"Curva";"Não";3;0;1;0;1;1;1;2;-16,2867;-42,5412;"SPRF-MG";"DEL12-MG";"UOP01-DEL12-MG"
171045;2018-11-11;"domingo";"15:30:00";"MT";364;373;"SANTO ANTONIO DO LEVERGER";"Desobediência às normas de trânsito pelo condutor";"Colisão frontal";"Com Vítimas Fatais";"Anoitecer";"Crescente";"Céu Claro";"Simples";"Reta";"Não";4;1;0;0;1;2;0;4;-15,708941;-55,702045;"SPRF-MT";"DEL02-MT";"UOP02-DEL01-MT"
171056;2018-11-11;"domingo";"16:00:00";"BA";324;437,6;"RIACHAO DO JACUIPE";"Ingestão de Álcool";"Colisão traseira";"Sem Vítimas";"Pleno dia";"Crescente";"Nublado";"Simples";"Reta";"Sim";3;0;0;0;2;3;0;5;-11,803124;-39,395094;"SPRF-BA";"DEL04-BA";"UOP02-DEL04-BA"
171065;2018-11-11;"domingo";"14:45:00";"MT";364;40,6;"ALTO GARCAS";"Agressão Externa";"Tombamento";"Com Vítimas Feridas";"Anoitecer";"Decrescente";"Chuva";"Simples";"Reta";"Não";1;0;1;0;0;0;1;1;-17,06203608;-53,47251892;"SPRF-MT";"DEL02-MT";"UOP02-DEL02-MT"
171076;2018-11-11;"domingo";"18:10:00";"SP";116;81,5;"ROSEIRA";"Falta de Atenção do Pedestre";"Atropelamento de Pedestre";"Com Vítimas Feridas";"Pleno dia";"Decrescente";"Céu Claro";"Dupla";"Reta";"Sim";3;0;1;0;1;1;1;3;-22,904821;-45,310307;"SPRF-SP";"DEL06-SP";"UOP01-DEL06-SP"
171107;2018-11-11;"domingo";"20:00:00";"BA";101;876;"TEIXEIRA DE FREITAS";"Ingestão de Álcool";"Colisão frontal";"Com Vítimas Feridas";"Plena Noite";"Crescente";"Céu Claro";"Simples";"Reta";"Sim";7;0;1;3;2;1;4;3;-17,49599779;-39,70988989;"SPRF-BA";"DEL09-BA";"UOP02-DEL09-BA"
171115;2018-11-11;"domingo";"18:00:00";"PR";369;91,8;"CORNELIO PROCOPIO";"Carga excessiva e/ou mal acondicionada";"Derramamento de carga";"Sem Vítimas";"Pleno dia";"Crescente";"Céu Claro";"Simples";"Curva";"Não";2;0;0;0;1;1;0;2;-23,20636463;-50,65554835;"SPRF-PR";"DEL07-PR";"UOP05-DEL07-PR"
171118;2018-11-11;"domingo";"22:00:00";"RS";116;395;"BARRA DO RIBEIRO";"Ingestão de Álcool";"Colisão frontal";"Com Vítimas Feridas";"Plena Noite";"Crescente";"Céu Claro";"Simples";"Reta";"Sim";6;0;3;0;2;1;3;5;-30,34457;-51,42852;"SPRF-RS";"DEL02-RS";"UOP03-DEL02-RS"
171124;2018-11-11;"domingo";"22:00:00";"SP";153;110;"JOSE BONIFACIO";"Ingestão de Álcool";"Colisão frontal";"Com Vítimas Feridas";"Plena Noite";"Crescente";"Céu Claro";"Simples";"Reta";"Não";4;0;2;0;2;0;2;2;-21,088234;-49,674552;"SPRF-SP";"DEL09-SP";"UOP01-DEL09-SP"
171125;2018-11-11;"domingo";"19:00:00";"BA";101;616;"MASCOTE";"Falta de Atenção à Condução";"Colisão frontal";"Com Vítimas Feridas";"Plena Noite";"Crescente";"Garoa/Chuvisco";"Simples";"Reta";"Sim";3;0;0;1;1;1;1;3;-15,617268;-39,432098;"SPRF-BA";"DEL05-BA";"UOP02-DEL05-BA"
171147;2018-11-11;"domingo";"23:00:00";"MT";364;222;"RONDONOPOLIS";"Deficiência ou não Acionamento do Sistema de Iluminação/Sinalização do Veículo";"Colisão traseira";"Com Vítimas Feridas";"Plena Noite";"Crescente";"Céu Claro";"Dupla";"Aclive";"Não";4;0;1;0;1;3;1;5;-16,33226;-54,748051;"SPRF-MT";"DEL02-MT";"UOP01-DEL02-MT"
171150;2018-11-11;"domingo";"22:30:00";"CE";222;122,5;"ITAPAJE";"Falta de Atenção à Condução";"Colisão lateral";"Com Vítimas Feridas";"Plena Noite";"Crescente";"Céu Claro";"Simples";"Reta";"Sim";2;0;0;1;1;0;1;2;-3,699389;-39,574257;"SPRF-CE";"DEL04-CE";"UOP03-DEL04-CE"