"id";"data_inversa";"dia_semana";"horario";"uf";"br";"km";"municipio";"causa_acidente";"tipo_acidente";"classificacao_acidente";"fase_dia";"sentido_via";"condicao_metereologica";"tipo_pista";"tracado_via";"uso_solo";"pessoas";"mortos";"feridos_leves";"feridos_graves";"ilesos";"ignorados";"feridos";"veiculos";"latitude";"longitude";"regional";"delegacia";"uop"
171157;2018-11-11;"domingo";"19:40:00";"PI";230;208,6;"OEIRAS";"Desobediência às normas de trânsito pelo condutor";"Colisão frontal";"Com Vítimas Fatais";"Plena Noite";"Decrescente";"Céu Claro";"Simples";"Aclive;Reta";"Não";2;1;0;0;0;1;0;2;-7,04219;-42,206135;"SPRF-PI";"DEL03-PI";"UOP01-DEL03-PI"
171164;2018-11-11;"domingo";"22:30:00";"RS";287;355,3;"JAGUARI";"Condutor Dormindo";"Colisão com objeto estático";"Sem Vítimas";"Plena Noite";"Decrescente";"Nublado";"Simples";"Curva";"Não";1;0;0;0;0;1;0;1;-29,480757;-54,685673;"SPRF-RS";"DEL12-RS";"UOP02-DEL12-RS"
171165;2018-11-12;"segunda-feira";"01:30:00";"MG";381;768;"CAMPANHA";"Defeito Mecânico no Veículo";"Tombamento";"Sem Vítimas";"Plena Noite";"Crescente";"Nublado";"Dupla";"Reta";"Não";2;0;0;0;1;1;0;2;-21,7562;-45,4041;"SPRF-MG";"DEL16-MG";"UOP02-DEL16-MG"
171169;2018-11-12;"segunda-feira";"04:50:00";"SP";116;212;"GUARULHOS";"Falta de Atenção à Condução";"Tombamento";"Com Vítimas Feridas";"Plena Noite";"Crescente";"Céu Claro";"Múltipla";"Declive";"Sim";2;0;1;0;0;1;1;2;-23,43786207;-46,43283606;"SPRF-SP";"DEL01-SP";"UOP01-DEL01-SP"
171170;2018-11-12;"segunda-feira";"03:00:00";"ES";101;435;"MIMOSO DO SUL";"Condutor Dormindo";"Tombamento";"Sem Vítimas";"Plena Noite";"Crescente";"Céu Claro";"Simples";"Curva";"Não";1;0;0;0;1;0;0;1;-21,05790968;-41,19907379;"SPRF-ES";"DEL03-ES";"UOP02-DEL03-ES"
171175;2018-11-12;"segunda-feira";"01:15:00";"BA";116;846;"VITORIA DA CONQUISTA";"Velocidade Incompatível";"Saída de leito carroçável";"Sem Vítimas";"Plena Noite";"Decrescente";"Chuva";"Simples";"Declive";"Não";2;0;0;0;1;1;0;2;-15,036472;-40,967039;"SPRF-BA";"DEL08-BA";"UOP03-DEL08-BA"
171176;2018-11-12;"segunda-feira";"06:30:00";"GO";60;114;"GOIANAPOLIS";"Velocidade Incompatível";"Tombamento";"Sem Vítimas";"Amanhecer";"Crescente";"Céu Claro";"Dupla";"Curva";"Não";2;0;0;0;1;3;0;4;-16,46634692;-49,06742513;"SPRF-GO";"DEL01-GO";"UOP01-DEL01-GO"
171177;2018-11-12;"segunda-feira";"05:35:00";"RS";386;433,7;"NOVA SANTA RITA";"Objeto estático sobre o leito carroçável";"Atropelamento de Pedestre";"Com Vítimas Feridas";"Amanhecer";"Crescente";"Céu Claro";"Simples";"Reta";"Sim";2;0;0;1;1;0;1;2;-29,85479679;-51,32454872;"SPRF-RS";"DEL04-RS";"UOP02-DEL04-RS"
171187;2018-11-12;"segunda-feira";"07:00:00";"DF";20;55,1;"BRASILIA";"Defeito Mecânico no Veículo";"Capotamento";"Com Vítimas Feridas";"Pleno dia";"Crescente";"Chuva";"Dupla";"Declive";"Não";2;0;2;0;0;0;2;1;-15,579966;-47,375816;"SPRF-DF";"DEL02-DF";"UOP01-DEL02-DF"
171190;2018-11-12;"segunda-feira";"06:00:00";"MT";163;1064;"GUARANTA DO NORTE";"Falta de Atenção à Condução";"Saída de leito carroçável";"Sem Vítimas";"Amanhecer";"Decrescente";"Céu Claro";"Dupla";"Reta";"Sim";2;0;0;0;0;2;0;2;-9,963614;-54,905257;"SPRF-MT";"DEL06-MT";"UOP02-DEL06-MT"
171200;2018-02-21;"quarta-feira";"18:50:00";"BA";101;192;"CONCEICAO DA FEIRA";"Falta de Atenção à Condução";"Colisão traseira";"Sem Vítimas";"Anoitecer";"Crescente";"Ignorado";"Simples";"Reta";"Não";3;0;0;0;3;0;0;3;-12,52537556;-38,9732641;"SPRF-BA";"DEL01-BA";"UOP03-DEL01-BA"
171201;2018-11-12;"segunda-feira";"09:10:00";"PR";116;158;"MANDIRITUBA";"Falta de Atenção à Condução";"Colisão lateral";"Sem Vítimas";"Pleno dia";"Crescente";"Nublado";"Simples";"Em Obras";"Não";2;0;0;0;2;0;0;2;-25,867712;-49,3647;"SPRF-PR";"DEL01-PR";"UOP03-DEL01-PR"
171202;2018-11-12;"segunda-feira";"06:00:00";"MA";135;93;"ITAPECURU MIRIM";"Ultrapassagem Indevida";"Colisão frontal";"Com Vítimas Feridas";"Amanhecer";"Decrescente";"Céu Claro";"Simples";"Reta";"Não";2;0;0;1;1;0;1;2;-3,314447;-44,430485;"SPRF-MA";"DEL01-MA";"UOP02-DEL01-MA"
171206;2018-11-12;"segunda-feira";"05:40:00";"MG";116;494;"INHAPIM";"Falta de Atenção à Condução";"Saída de leito carroçável";"Com Vítimas Feridas";"Amanhecer";"Crescente";"Nublado";"Simples";"Reta";"Não";2;0;1;0;1;0;1;2;-19,49674383;-42,12832242;"SPRF-MG";"DEL06-MG";"UOP02-DEL06-MG"
171207;2018-11-12;"segunda-feira";"06:30:00";"PI";135;351;"BOM JESUS";"Falta de Atenção à Condução";"Colisão lateral";"Com Vítimas Feridas";"Pleno dia";"Decrescente";"Céu Claro";"Simples";"Reta";"Não";3;0;1;1;1;0;2;2;-9,076261;-44,345913;"SPRF-PI";"DEL03-PI";"UOP02-DEL03-PI"
171215;2018-11-12;"segunda-feira";"10:25:00";"PR";277;124;"CAMPO LARGO";"Falta de Atenção à Condução";"Colisão lateral";"Sem Vítimas";"Pleno dia";"Decrescente";"Céu Claro";"Dupla";"Reta";"Não";3;0;0;0;2;3;0;5;-25,44947494;-49,44934487;"SPRF-PR";"DEL01-PR";"UOP06-DEL01-PR"
171216;2018-11-12;"segunda-feira";"09:30:00";"SP";116;135,8;"SAO JOSE DOS CAMPOS";"Falta de Atenção à Condução";"Colisão traseira";"Sem Vítimas";"Pleno dia";"Crescente";"Céu Claro";"Dupla";"Reta";"Não";5;0;0;0;4;1;0;5;-23,144499;-45,77021;"SPRF-SP";"DEL06-SP";"UOP02-DEL02-SP"
171222;2018-11-12;"segunda-feira";"12:05:00";"MG";116;277,1;"TEOFILO OTONI";"Desobediência às normas de trânsito pelo condutor";"Tombamento";"Com Vítimas Feridas";"Pleno dia";"Crescente";"Nublado";"Dupla";"Reta";"Sim";4;0;1;0;3;0;1;2;-17,85996;-41,515231;"SPRF-MG";"DEL11-MG";"UOP01-DEL11-MG"
171224;2018-11-12;"segunda-feira";"11:10:00";"ES";101;289;"CARIACICA";"Falta de Atenção à Condução";"Colisão lateral";"Com Vítimas Feridas";"Pleno dia";"Crescente";"Céu Claro";"Dupla";"Reta";"Não";3;0;2;0;1;0;2;2;-20,30341752;-40,40771484;"SPRF-ES";"DEL01-ES";"UOP01-DEL01-ES"
171225;2018-11-12;"segunda-feira";"09:55:00";"RJ";493;53;"DUQUE DE CAXIAS";"Falta de Atenção à Condução";"Colisão transversal";"Com Vítimas Feridas";"Pleno dia";"Crescente";"Céu Claro";"Dupla";"Reta";"Sim";5;0;0;1;4;0;1;3;-22,672079;-43,285179;"SPRF-RJ";"DEL01-RJ";"UOP01-DEL01-RJ"
171227;2018-11-12;"segunda-feira";"10:35:00";"SC";101;364,1;"SANGAO";"Falta de Atenção à Condução";"Colisão traseira";"Com Vítimas Feridas";"Pleno dia";"Decrescente";"Céu Claro";"Múltipla";"Aclive";"Não";2;0;1;0;1;0;1;2;-28,67693994;-49,13339138;"SPRF-SC";"DEL02-SC";"UOP01-DEL02-SC"
171228;2018-11-12;"segunda-feira";"11:50:00";"SC";101;332;"TUBARAO";"Falta de Atenção à Condução";"Colisão traseira";"Com Vítimas Feridas";"Pleno dia";"Decrescente";"Céu Claro";"Múltipla";"Reta";"Não";3;0;0;1;1;1;1;3;-28,46774343;-49,00289118;"SPRF-SC";"DEL02-SC";"UOP01-DEL02-SC"
171229;2018-11-12;"segunda-feira";"12:10:00";"SC";101;332;"TUBARAO";"Não guardar distância de segurança";"Colisão traseira";"Com Vítimas Feridas";"Pleno dia";"Decrescente";"Céu Claro";"Múltipla";"Curva";"Sim";3;0;0;1;1;1;1;3;-28,4669;-48,9973;"SPRF-SC";"DEL02-SC";"UOP01-DEL02-SC"
171230;2018-11-12;"segunda-feira";"08:30:00";"RJ";101;417;"MANGARATIBA";"Desobediência às normas de trânsito pelo condutor";"Colisão frontal";"Com Vítimas Feridas";"Pleno dia";"Crescente";"Céu Claro";"Simples";"Aclive";"Sim";2;0;1;0;1;0;1;2;-22,91390093;-43,90098799;"SPRF-RJ";"DEL03-RJ";"UOP01-DEL03-RJ"
171231;2018-11-12;"segunda-feira";"11:20:00";"RJ";493;124;"ITAGUAI";"Falta de Atenção à Condução";"Tombamento";"Sem Vítimas";"Pleno dia";"Crescente";"Céu Claro";"Dupla";"Rotatória";"Não";2;0;0;0;1;1;0;2;-22,90376;-43,8251;"SPRF-RJ";"DEL03-RJ";"UOP01-DEL03-RJ"
171233;2018-11-12;"segunda-feira";"13:10:00";"SC";470;46,5;"GASPAR";"Falta de Atenção à Condução";"Colisão traseira";"Com Vítimas Feridas";"Pleno dia";"Crescente";"Céu Claro";"Simples";"Reta";"Não";5;0;2;0;3;0;2;4;-26,86137118;-49,04105902;"SPRF-SC";"DEL04-SC";"UOP01-DEL04-SC"
171234;2018-09-05;"quarta-feira";"11:50:00";"PR";376;178,6;"MARINGA";"Falta de Atenção à Condução";"Colisão lateral";"Com Vítimas Feridas";"Pleno dia";"Decrescente";"Ignorado";"Dupla";"Reta";"Sim";2;0;0;1;1;0;1;2;-23,41756297;-51,91784528;"SPRF-PR";"DEL07-PR";"UOP01-DEL09-PR"
171235;2018-11-12;"segunda-feira";"13:15:00";"SC";101;197;"BIGUACU";"Não guardar distância de segurança";"Colisão traseira";"Com Vítimas Feridas";"Pleno dia";"Crescente";"Céu Claro";"Múltipla";"Curva;Declive";"Não";2;0;1;0;1;0;1;2;-27,5267;-48,6349;"SPRF-SC";"DEL01-SC";"UOP01-DEL01-SC"
171238;2018-11-12;"segunda-feira";"12:15:00";"MT";163;829;"SINOP";"Falta de Atenção à Condução";"Colisão transversal";"Com Vítimas Feridas";"Pleno dia";"Crescente";"Nublado";"Dupla";"Retorno Regulamentado";"Sim";2;0;1;0;1;0;1;2;-11,89154074;-55,50378799;"SPRF-MT";"DEL06-MT";"UOP01-DEL06-MT"
171239;2018-11-12;"segunda-feira";"11:40:00";"SC";163;75,3;"SAO MIGUEL DO OESTE";"Velocidade Incompatível";"Atropelamento de Pedestre";"Com Vítimas Feridas";"Pleno dia";"Crescente";"Céu Claro";"Simples";"Reta;Em Obras";"Não";7;0;0;1;5;1;1;3;-26,67534852;-53,51720984;"SPRF-SC";"DEL07-SC";"UOP03-DEL07-SC"
171240;2018-11-12;"segunda-feira";"13:30:00";"SC";470;74;"INDAIAL";"Falta de Atenção à Condução";"Colisão lateral";"Com Vítimas Feridas";"Pleno dia";"Crescente";"Sol";"Simples";"Reta";"Não";3;0;1;0;2;0;1;3;-26,91704283;-49,28111672;"SPRF-SC";"DEL04-SC";"UOP01-DEL04-SC"
171246;2018-11-12;"segunda-feira";"13:58:00";"PR";376;173,5;"MARINGA";"Falta de Atenção à Condução";"Colisão traseira";"Com Vítimas Feridas";"Pleno dia";"Decrescente";"Céu Claro";"Múltipla";"Reta";"Sim";3;0;1;0;2;0;1;3;-23,41769095;-51,96005344;"SPRF-PR";"DEL07-PR";"UOP01-DEL09-PR"
171253;2018-11-12;"segunda-feira";"13:20:00";"CE";20;421;"MARACANAU";"Falta de Atenção à Condução";"Colisão traseira";"Com Vítimas Feridas";"Pleno dia";"Decrescente";"Céu Claro";"Dupla";"Reta";"Sim";4;0;3;0;1;0;3;2;-3,85080121;-38,5645547;"SPRF-CE";"DEL01-CE";"UOP02-DEL01-CE"
171256;2018-11-12;"segunda-feira";"11:45:00";"PR";376;460,9;"TIBAGI";"Falta de Atenção à Condução";"Saída de leito carroçável";"Com Vítimas Feridas";"Pleno dia";"Crescente";"Céu Claro";"Dupla";"Curva;Declive";"Não";2;0;0;1;0;1;1;2;-24,93750259;-50,40664673;"SPRF-PR";"DEL03-PR";"UOP01-DEL03-PR"
171266;2018-11-12;"segunda-feira";"14:30:00";"RJ";393;139,6;"SAPUCAIA";"Velocidade Incompatível";"Tombamento";"Sem Vítimas";"Pleno dia";"Crescente";"Céu Claro";"Simples";"Curva";"Não";2;0;0;0;1;1;0;2;-21,994415;-42,913506;"SPRF-RJ";"DEL06-RJ";"UOP01-DEL05-RJ"
171269;2018-11-12;"segunda-feira";"14:30:00";"BA";101;846;"TEIXEIRA DE FREITAS";"Falta de Atenção à Condução";"Colisão frontal";"Com Vítimas Fatais";"Pleno dia";"Crescente";"Nublado";"Simples";"Reta";"Não";4;1;0;2;1;0;2;2;-17,2892;-39,6343;"SPRF-BA";"DEL09-BA";"UOP02-DEL09-BA"
171272;2018-11-12;"segunda-feira";"15:50:00";"RJ";40;84,3;"PETROPOLIS";"Pista Escorregadia";"Capotamento";"Sem Vítimas";"Pleno dia";"Crescente";"Nublado";"Simples";"Túnel;Curva;Declive";"Não";8;0;0;0;7;1;0;8;-22,524099;-43,236056;"SPRF-RJ";"DEL06-RJ";"UOP01-DEL06-RJ"
171274;2018-11-12;"segunda-feira";"15:30:00";"SC";470;36;"GASPAR";"Falta de Atenção à Condução";"Colisão traseira";"Com Vítimas Feridas";"Pleno dia";"Decrescente";"Céu Claro";"Simples";"Desvio Temporário;Reta;Em Obras";"Sim";4;0;1;0;2;1;1;4;-26,91393846;-48,9700529;"SPRF-SC";"DEL04-SC";"UOP01-DEL04-SC"
171275;2018-11-12;"segunda-feira";"15:10:00";"PR";376;307,5;"MAUA DA SERRA";"Velocidade Incompatível";"Tombamento";"Com Vítimas Feridas";"Pleno dia";"Decrescente";"Sol";"Dupla";"Aclive;Curva";"Não";3;0;0;1;0;2;1;3;-23,95082212;-51,11851389;"SPRF-PR";"DEL07-PR";"UOP02-DEL07-PR"
171283;2018-11-12;"segunda-feira";"17:00:00";"CE";20;403,9;"CAUCAIA";"Restrição de Visibilidade";"Colisão lateral";"Com Vítimas Feridas";"Pleno dia";"Decrescente";"Céu Claro";"Simples";"Reta";"Sim";2;0;1;0;1;0;1;2;-3,77803667;-38,68609071;"SPRF-CE";"DEL01-CE";"UOP01-DEL01-CE"
171286;2018-11-12;"segunda-feira";"17:29:00";"PR";153;38;"SANTO ANTONIO DA PLATINA";"Desobediência às normas de trânsito pelo condutor";"Derramamento de carga";"Sem Vítimas";"Pleno dia";"Crescente";"Céu Claro";"Simples";"Declive";"Não";1;0;0;0;1;0;0;1;-23,26803944;-50,06409276;"SPRF-PR";"DEL07-PR";"UOP04-DEL07-PR"
171287;2018-11-12;"segunda-feira";"16:30:00";"SP";116;169;"JACAREI";"Falta de Atenção à Condução";"Tombamento";"Com Vítimas Feridas";"Pleno dia";"Decrescente";"Sol";"Dupla";"Curva";"Não";2;0;1;0;0;2;1;3;-23,30726144;-46,04310572;"SPRF-SP";"DEL02-SP";"UOP01-DEL02-SP"
171294;2018-11-12;"segunda-feira";"20:20:00";"PR";376;35;"NOVA LONDRINA";"Falta de Atenção à Condução";"Colisão transversal";"Com Vítimas Feridas";"Pleno dia";"Crescente";"Ignorado";"Simples";"Interseção de Vias";"Não";5;0;3;0;1;2;3;4;-22,79814052;-52,99675941;"SPRF-PR";"DEL07-PR";"UOP02-DEL09-PR"
171298;2018-10-03;"quarta-feira";"12:00:00";"PE";428;186,8;"PETROLINA";"Desobediência às normas de trânsito pelo condutor";"Colisão lateral";"Com Vítimas Fatais";"Pleno dia";"Crescente";"Sol";"Simples";"Reta";"Sim";3;1;0;0;1;1;0;3;-9,36847672;-40,48501611;"SPRF-PE";"DEL06-PE";"UOP01-DEL06-PE"
171299;2018-11-12;"segunda-feira";"18:00:00";"RS";290;94;"PORTO ALEGRE";"Defeito Mecânico no Veículo";"Colisão com objeto estático";"Sem Vítimas";"Pleno dia";"Crescente";"Céu Claro";"Simples";"Viaduto";"Sim";2;0;0;0;1;1;0;2;-29,97274344;-51,19737267;"SPRF-RS";"DEL01-RS";"UOP01-DEL01-RS"
171301;2018-11-12;"segunda-feira";"13:00:00";"AL";101;45,3;"FLEXEIRAS";"Agressão Externa";"Tombamento";"Com Vítimas Feridas";"Pleno dia";"Decrescente";"Céu Claro";"Dupla";"Reta";"Não";2;0;1;0;0;2;1;3;-9,2053919;-35,78635454;"SPRF-AL";"DEL01-AL";"UOP01-DEL01-AL"
171307;2018-11-13;"terça-feira";"08:30:00";"CE";222;63,4;"SAO GONCALO DO AMARANTE";"Falta de Atenção à Condução";"Colisão transversal";"Com Vítimas Feridas";"Pleno dia";"Decrescente";"Céu Claro";"Dupla";"Reta";"Sim";2;0;1;0;1;0;1;2;-3,6720337;-39,11409374;"SPRF-CE";"DEL01-CE";"UOP03-DEL01-CE"
171310;2018-11-13;"terça-feira";"08:40:00";"RN";405;123;"TABOLEIRO GRANDE";"Velocidade Incompatível";"Saída de leito carroçável";"Com Vítimas Feridas";"Pleno dia";"Crescente";"Céu Claro";"Simples";"Reta";"Não";1;0;1;0;0;0;1;1;-5,9137318;-38,0868889;"SPRF-RN";"DEL04-RN";"UOP02-DEL04-RN"
171322;2018-11-13;"terça-feira";"12:50:00";"SC";101;134;"BALNEARIO CAMBORIU";"Carga excessiva e/ou mal acondicionada";"Tombamento";"Sem Vítimas";"Pleno dia";"Decrescente";"Céu Claro";"Dupla";"Reta";"Sim";4;0;0;0;3;2;0;5;-27,0661258;-48,5960285;"SPRF-SC";"DEL04-SC";"UOP03-DEL04-SC"
171325;2018-11-13;"terça-feira";"08:20:00";"BA";116;265;"TUCANO";"Falta de Atenção à Condução";"Colisão traseira";"Com Vítimas Feridas";"Pleno dia";"Decrescente";"Céu Claro";"Simples";"Reta";"Não";3;0;1;1;0;1;2;2;-10,91557245;-38,83255005;"SPRF-BA";"DEL07-BA";"UOP02-DEL07-BA"
171326;2018-11-13;"terça-feira";"08:30:00";"TO";153;589;"SANTA RITA DO TOCANTINS";"Sinalização da via insuficiente ou inadequada";"Capotamento";"Com Vítimas Feridas";"Pleno dia";"Decrescente";"Céu Claro";"Simples";"Reta";"Não";1;0;1;0;0;0;1;1;-10,998511;-48,908585;"SPRF-TO";"DEL02-TO";"UOP01-DEL01-TO"
171329;2018-11-12;"segunda-feira";"16:30:00";"TO";153;141,4;"ARAGUAINA";"Falta de Atenção à Condução";"Colisão transversal";"Com Vítimas Feridas";"Pleno dia";"Decrescente";"Céu Claro";"Dupla";"Declive";"Sim";2;0;1;0;1;0;1;2;-7,17597;-48,219559;"SPRF-TO";"DEL02-TO";"UOP01-DEL02-TO"
171333;2018-11-13;"terça-feira";"08:15:00";"ES";101;146,7;"LINHARES";"Desobediência às normas de trânsito pelo condutor";"Colisão transversal";"Com Vítimas Feridas";"Pleno dia";"Crescente";"Céu Claro";"Múltipla";"Interseção de Vias";"Sim";2;0;1;0;1;0;1;2;-19,37535704;-40,06640375;"SPRF-ES";"DEL04-ES";"UOP01-DEL04-ES"
171336;2018-11-13;"terça-feira";"11:50:00";"SP";116;229;"SAO PAULO";"Não guardar distância de segurança";"Colisão traseira";"Sem Vítimas";"Pleno dia";"Crescente";"Sol";"Múltipla";"Reta";"Sim";2;0;0;0;2;0;0;2;-23,5102519;-46,57408655;"SPRF-SP";"DEL01-SP";"UOP01-DEL01-SP"
171337;2018-11-13;"terça-feira";"07:50:00";"SP";116;113,7;"TAUBATE";"Falta de Atenção à Condução";"Colisão lateral";"Com Vítimas Feridas";"Pleno dia";"Crescente";"Céu Claro";"Dupla";"Reta";"Sim";3;0;1;0;1;1;1;3;-23,044081;-45,58041;"SPRF-SP";"DEL06-SP";"UOP02-DEL02-SP"
171341;2018-11-13;"terça-feira";"11:23:00";"GO";70;344;"JUSSARA";"Defeito Mecânico no Veículo";"Colisão com objeto estático";"Com Vítimas Fatais";"Pleno dia";"Crescente";"Nublado";"Simples";"Reta";"Não";2;1;0;0;1;0;0;2;-15,9168;-51,1267;"SPRF-GO";"DEL04-GO";"UOP01-DEL04-GO"
171343;2018-11-13;"terça-feira";"14:50:00";"PR";376;182;"MARINGA";"Pista Escorregadia";"Tombamento";"Com Vítimas Feridas";"Pleno dia";"Decrescente";"Nublado";"Dupla";"Curva";"Sim";3;0;2;0;0;1;2;3;-23,43219202;-51,88719207;"SPRF-PR";"DEL07-PR";"UOP01-DEL09-PR"
171344;2018-11-13;"terça-feira";"14:00:00";"PE";101;164;"GAMELEIRA";"Defeito Mecânico no Veículo";"Incêndio";"Sem Vítimas";"Pleno dia";"Crescente";"Céu Claro";"Dupla";"Reta";"Não";2;0;0;0;1;2;0;3;-8,5554;-35,4606;"SPRF-PE";"DEL01-PE";"UOP03-DEL01-PE"
171348;2018-11-13;"terça-feira";"15:30:00";"SC";101;133;"BALNEARIO CAMBORIU";"Falta de Atenção à Condução";"Tombamento";"Com Vítimas Feridas";"Pleno dia";"Crescente";"Céu Claro";"Dupla";"Reta";"Sim";2;0;1;0;1;0;1;2;-27,0665305;-48,5960886;"SPRF-SC";"DEL04-SC";"UOP03-DEL04-SC"
171352;2018-11-13;"terça-feira";"13:15:00";"SC";101;116,8;"ITAJAI";"Falta de Atenção à Condução";"Colisão transversal";"Com Vítimas Feridas";"Pleno dia";"Crescente";"Sol";"Dupla";"Interseção de Vias";"Sim";3;0;1;0;1;1;1;3;-26,88609453;-48,72330857;"SPRF-SC";"DEL04-SC";"UOP04-DEL04-SC"
171364;2018-11-13;"terça-feira";"16:00:00";"PR";376;255;"CALIFORNIA";"Condutor Dormindo";"Colisão lateral";"Com Vítimas Feridas";"Pleno dia";"Decrescente";"Céu Claro";"Simples";"Reta";"Não";4;0;1;0;2;2;1;4;-23,65269115;-51,37435371;"SPRF-PR";"DEL07-PR";"UOP03-DEL07-PR"
171371;2018-11-13;"terça-feira";"12:00:00";"SP";116;396,8;"MIRACATU";"Desobediência às normas de trânsito pelo condutor";"Colisão traseira";"Com Vítimas Fatais";"Pleno dia";"Crescente";"Céu Claro";"Dupla";"Curva";"Não";4;1;0;0;1;2;0;4;-24,2933588;-47,47737408;"SPRF-SP";"DEL04-SP";"UOP02-DEL04-SP"
171372;2018-11-13;"terça-feira";"17:20:00";"SP";153;105,7;"JOSE BONIFACIO";"Falta de Atenção à Condução";"Colisão transversal";"Com Vítimas Feridas";"Pleno dia";"Crescente";"Céu Claro";"Simples";"Reta";"Não";3;0;1;0;1;1;1;3;-21,047626;-49,654537;"SPRF-SP";"DEL09-SP";"UOP01-DEL09-SP"
171377;2018-11-13;"terça-feira";"16:30:00";"PE";232;118,5;"CARUARU";"Desobediência às normas de trânsito pelo condutor";"Colisão traseira";"Com Vítimas Feridas";"Pleno dia";"Decrescente";"Sol";"Dupla";"Reta";"Não";2;0;1;0;1;0;1;2;-8,296443;-35,892868;"SPRF-PE";"DEL02-PE";"UOP03-DEL02-PE"
171378;2018-11-13;"terça-feira";"16:55:00";"PR";376;248;"APUCARANA";"Não guardar distância de segurança";"Colisão traseira";"Com Vítimas Feridas";"Pleno dia";"Decrescente";"Céu Claro";"Dupla";"Em Obras";"Não";3;0;1;0;2;0;1;2;-23,60870547;-51,40381694;"SPRF-PR";"DEL07-PR";"UOP03-DEL07-PR"
171380;2018-11-13;"terça-feira";"14:50:00";"RJ";101;127;"CONCEICAO DE MACABU";"Condutor Dormindo";"Capotamento";"Com Vítimas Feridas";"Pleno dia";"Decrescente";"Céu Claro";"Dupla";"Reta";"Não";2;0;1;0;0;1;1;2;-22,08445;-41,688637;"SPRF-RJ";"DEL02-RJ";"UOP04-DEL08-RJ"
171382;2018-11-13;"terça-feira";"18:00:00";"PA";10;254,2;"AURORA DO PARA";"Ultrapassagem Indevida";"Tombamento";"Com Vítimas Feridas";"Anoitecer";"Crescente";"Nublado";"Simples";"Reta";"Não";2;0;1;0;0;2;1;3;-2,21045;-47,56256104;"SPRF-PA";"DEL02-PA";"UOP01-DEL02-PA"
171393;2018-11-13;"terça-feira";"06:45:00";"SP";116;512;"CAJATI";"Defeito Mecânico no Veículo";"Tombamento";"Sem Vítimas";"Pleno dia";"Decrescente";"Nublado";"Dupla";"Curva";"Não";1;0;0;0;1;0;0;1;-24,82282914;-48,21006188;"SPRF-SP";"DEL05-SP";"UAP01-DEL05-SP"
171394;2018-11-13;"terça-feira";"17:20:00";"PR";116;168;"QUITANDINHA";"Falta de Atenção à Condução";"Colisão lateral";"Sem Vítimas";"Pleno dia";"Decrescente";"Sol";"Simples";"Declive";"Não";3;0;0;0;2;1;0;3;-25,87374309;-49,47775751;"SPRF-PR";"DEL01-PR";"UOP03-DEL01-PR"
171398;2018-11-13;"terça-feira";"18:00:00";"GO";60;119,7;"TEREZOPOLIS DE GOIAS";"Velocidade Incompatível";"Saída de leito carroçável";"Com Vítimas Feridas";"Anoitecer";"Crescente";"Chuva";"Dupla";"Declive";"Não";1;0;1;0;0;0;1;1;-16,4914;-49,0999;"SPRF-GO";"DEL01-GO";"UOP01-DEL01-GO"
171402;2018-11-13;"terça-feira";"18:45:00";"MG";354;747;"POUSO ALTO";"Velocidade Incompatível";"Tombamento";"Com Vítimas Feridas";"Pleno dia";"Decrescente";"Céu Claro";"Simples";"Curva";"Não";1;0;1;0;0;0;1;1;-22,25990741;-44,91894532;"SPRF-MG";"DEL05-MG";"UOP01-DEL17-MG"
171403;2018-11-13;"terça-feira";"17:10:00";"RS";101;8,5;"TORRES";"Falta de Atenção à Condução";"Colisão traseira";"Com Vítimas Feridas";"Pleno dia";"Decrescente";"Nublado";"Dupla";"Reta";"Sim";3;0;1;0;1;1;1;3;-29,36356469;-49,81134117;"SPRF-RS";"DEL03-RS";"DEL9/3-UOP03/RS"
171410;2018-11-13;"terça-feira";"21:40:00";"PR";376;523,4;"PONTA GROSSA";"Falta de Atenção à Condução";"Atropelamento de Pedestre";"Com Vítimas Feridas";"Plena Noite";"Crescente";"Céu Claro";"Dupla";"Reta";"Não";3;0;0;1;1;1;1;2;-25,28924935;-49,90101814;"SPRF-PR";"DEL03-PR";"UOP04-DEL03-PR"
171411;2018-11-12;"segunda-feira";"01:30:00";"MA";222;668;"ACAILANDIA";"Velocidade Incompatível";"Tombamento";"Sem Vítimas";"Plena Noite";"Decrescente";"Céu Claro";"Múltipla";"Declive";"Sim";2;0;0;0;1;2;0;3;-4,926456;-47,44055;"SPRF-MA";"DEL04-MA";"UOP03-DEL04-MA"
171413;2018-11-13;"terça-feira";"14:55:00";"MG";381;666,3;"PERDOES";"Falta de Atenção à Condução";"Colisão traseira";"Sem Vítimas";"Pleno dia";"Decrescente";"Céu Claro";"Dupla";"Reta";"Não";4;0;0;0;3;1;0;4;-21,0528;-45,0159;"SPRF-MG";"DEL04-MG";"UOP02-DEL04-MG"
171414;2018-11-13;"terça-feira";"16:55:00";"MG";381;667,1;"PERDOES";"Falta de Atenção à Condução";"Engavetamento";"Sem Vítimas";"Pleno dia";"Decrescente";"Céu Claro";"Dupla";"Curva";"Sim";8;0;0;0;7;3;0;10;-21,0542;-45,0242;"SPRF-MG";"DEL04-MG";"UOP02-DEL04-MG"
171422;2018-11-13;"terça-feira";"22:00:00";"SP";116;229;"SAO PAULO";"Ingestão de Álcool";"Colisão lateral";"Sem Vítimas";"Plena Noite";"Decrescente";"Céu Claro";"Múltipla";"Reta";"Não";2;0;0;0;1;1;0;2;-23,510793;-46,57425284;"SPRF-SP";"DEL01-SP";"UOP01-DEL01-SP"