"id";"data_inversa";"dia_semana";"horario";"uf";"br";"km";"municipio";"causa_acidente";"tipo_acidente";"classificacao_acidente";"fase_dia";"sentido_via";"condicao_metereologica";"tipo_pista";"tracado_via";"uso_solo";"pessoas";"mortos";"feridos_leves";"feridos_graves";"ilesos";"ignorados";"feridos";"veiculos";"latitude";"longitude";"regional";"delegacia";"uop"
171423;2018-11-13;"terça-feira";"15:10:00";"MG";116;302,2;"ITAMBACURI";"Defeito Mecânico no Veículo";"Saída de leito carroçável";"Sem Vítimas";"Pleno dia";"Crescente";"Chuva";"Simples";"Curva";"Não";1;0;0;0;1;0;0;1;-18,04468562;-41,66358948;"SPRF-MG";"DEL11-MG";"UOP01-DEL11-MG"
171424;2018-11-13;"terça-feira";"22:00:00";"RS";392;38;"RIO GRANDE";"Animais na Pista";"Atropelamento de Animal";"Sem Vítimas";"Plena Noite";"Decrescente";"Nublado";"Dupla";"Reta";"Não";2;0;0;0;1;2;0;3;-31,86268778;-52,3223877;"SPRF-RS";"DEL07-RS";"UOP02-DEL07-RS"
171430;2018-11-13;"terça-feira";"14:20:00";"RO";364;224;"PIMENTA BUENO";"Falta de Atenção à Condução";"Saída de leito carroçável";"Com Vítimas Feridas";"Pleno dia";"Crescente";"Garoa/Chuvisco";"Simples";"Declive";"Não";3;0;1;0;1;1;1;2;-11,514797;-61,354178;"SPRF-RO";"DEL02-RO";"UOP02-DEL02-RO"
171431;2018-11-13;"terça-feira";"22:45:00";"SC";101;435,8;"SOMBRIO";"Condutor Dormindo";"Colisão traseira";"Com Vítimas Feridas";"Plena Noite";"Decrescente";"Nublado";"Dupla";"Viaduto";"Sim";3;0;1;0;1;1;1;3;-29,10391421;-49,63572621;"SPRF-SC";"DEL02-SC";"UOP02-DEL02-SC"
171435;2018-11-14;"quarta-feira";"01:45:00";"PR";376;509;"PONTA GROSSA";"Ingestão de Álcool";"Colisão lateral";"Sem Vítimas";"Plena Noite";"Decrescente";"Nublado";"Dupla";"Reta";"Não";4;0;0;0;2;3;0;5;-25,21362407;-50,05994707;"SPRF-PR";"DEL03-PR";"UOP04-DEL03-PR"
171436;2018-11-14;"quarta-feira";"01:20:00";"RJ";101;262;"RIO BONITO";"Velocidade Incompatível";"Colisão com objeto estático";"Sem Vítimas";"Plena Noite";"Decrescente";"Céu Claro";"Dupla";"Curva";"Não";2;0;0;0;1;1;0;2;-22,713675;-42,620529;"SPRF-RJ";"DEL02-RJ";"UOP03-DEL02-RJ"
171437;2018-11-14;"quarta-feira";"00:30:00";"SC";101;87,5;"BARRA VELHA";"Desobediência às normas de trânsito pelo condutor";"Colisão transversal";"Sem Vítimas";"Plena Noite";"Crescente";"Nublado";"Simples";"Interseção de Vias;Curva";"Sim";2;0;0;0;2;0;0;2;-26,6469217;-48,68730783;"SPRF-SC";"DEL03-SC";"UOP02-DEL03-SC"
171441;2018-11-14;"quarta-feira";"03:30:00";"PR";116;46,6;"CAMPINA GRANDE DO SUL";"Condutor Dormindo";"Saída de leito carroçável";"Com Vítimas Feridas";"Plena Noite";"Crescente";"Céu Claro";"Dupla";"Reta";"Não";2;0;1;0;0;1;1;2;-25,201878;-48,896217;"SPRF-PR";"DEL01-PR";"UOP02-DEL01-PR"
171442;2018-11-14;"quarta-feira";"03:40:00";"MG";262;550,2;"LUZ";"Velocidade Incompatível";"Tombamento";"Com Vítimas Feridas";"Plena Noite";"Decrescente";"Céu Claro";"Simples";"Declive;Curva";"Não";3;0;3;0;0;0;3;2;-19,71939278;-45,89352036;"SPRF-MG";"DEL08-MG";"UOP02-DEL08-MG"
171443;2018-11-14;"quarta-feira";"04:45:00";"RS";386;304,6;"POUSO NOVO";"Velocidade Incompatível";"Tombamento";"Com Vítimas Feridas";"Plena Noite";"Crescente";"Garoa/Chuvisco";"Simples";"Curva";"Não";1;0;0;1;0;0;1;1;-29,19819418;-52,18227798;"SPRF-RS";"DEL04-RS";"UOP01-DEL04-RS"
171447;2018-11-14;"quarta-feira";"05:00:00";"MG";50;18;"ARAGUARI";"Velocidade Incompatível";"Saída de leito carroçável";"Com Vítimas Feridas";"Amanhecer";"Decrescente";"Céu Claro";"Dupla";"Curva";"Não";2;0;1;0;0;2;1;3;-18,5561;-48,0562;"SPRF-MG";"DEL15-MG";"UOP02-DEL15-MG"
171451;2018-11-14;"quarta-feira";"03:40:00";"PI";316;41,9;"DEMERVAL LOBAO";"Não guardar distância de segurança";"Colisão traseira";"Com Vítimas Feridas";"Plena Noite";"Decrescente";"Céu Claro";"Simples";"Reta";"Não";3;0;1;0;2;0;1;2;-5,34218;-42,686275;"SPRF-PI";"DEL01-PI";"UOP02-DEL01-PI"
171454;2018-11-14;"quarta-feira";"05:30:00";"SP";116;200;"ARUJA";"Não guardar distância de segurança";"Colisão lateral";"Com Vítimas Feridas";"Amanhecer";"Crescente";"Ignorado";"Dupla";"Reta";"Não";4;0;3;0;0;1;3;2;-23,40270583;-46,32311225;"SPRF-SP";"DEL01-SP";"UOP02-DEL01-SP"
171458;2018-11-13;"terça-feira";"17:45:00";"RJ";116;201;"SEROPEDICA";"Falta de Atenção à Condução";"Tombamento";"Com Vítimas Feridas";"Pleno dia";"Crescente";"Céu Claro";"Múltipla";"Reta";"Não";3;0;0;1;1;1;1;3;-22,72630559;-43,64971697;"SPRF-RJ";"DEL01-RJ";"UOP03-DEL01-RJ"
171462;2018-11-14;"quarta-feira";"07:20:00";"MG";40;620,9;"CONSELHEIRO LAFAIETE";"Falta de Atenção à Condução";"Colisão frontal";"Com Vítimas Fatais";"Pleno dia";"Decrescente";"Sol";"Simples";"Curva;Aclive";"Sim";33;2;19;9;0;3;28;5;-20,58917139;-43,80600661;"SPRF-MG";"DEL05-MG";"UOP02-DEL05-MG"
171465;2018-11-12;"segunda-feira";"21:10:00";"MA";316;82,9;"MARANHAOZINHO";"Restrição de Visibilidade";"Colisão lateral";"Com Vítimas Fatais";"Plena Noite";"Decrescente";"Ignorado";"Simples";"Reta";"Não";5;1;0;1;3;0;1;2;-2,26073;-45,851837;"SPRF-MA";"DEL02-MA";"UOP02-DEL02-MA"
171470;2018-11-14;"quarta-feira";"07:10:00";"RJ";101;260,5;"RIO BONITO";"Falta de Atenção à Condução";"Colisão traseira";"Com Vítimas Feridas";"Pleno dia";"Decrescente";"Céu Claro";"Dupla";"Curva";"Sim";5;0;2;0;3;0;2;4;-22,705261;-42,605854;"SPRF-RJ";"DEL02-RJ";"UOP03-DEL02-RJ"
171479;2018-11-13;"terça-feira";"06:15:00";"SC";116;145,8;"SANTA CECILIA";"Velocidade Incompatível";"Tombamento";"Sem Vítimas";"Amanhecer";"Crescente";"Nublado";"Simples";"Curva";"Não";2;0;0;0;1;3;0;4;-26,99534139;-50,4126941;"SPRF-SC";"DEL06-SC";"UOP02-DEL06-SC"
171481;2018-11-14;"quarta-feira";"04:20:00";"MG";365;5,7;"MONTES CLAROS";"Velocidade Incompatível";"Tombamento";"Com Vítimas Feridas";"Plena Noite";"Crescente";"Nublado";"Simples";"Curva";"Não";1;0;1;0;0;0;1;1;-16,802439;-43,902325;"SPRF-MG";"DEL12-MG";"UOP01-DEL12-MG"
171483;2018-11-14;"quarta-feira";"00:20:00";"SC";116;105,8;"MONTE CASTELO";"Defeito Mecânico no Veículo";"Saída de leito carroçável";"Com Vítimas Feridas";"Plena Noite";"Decrescente";"Céu Claro";"Simples";"Curva";"Não";2;0;1;0;0;1;1;2;-26,75704951;-50,31674244;"SPRF-SC";"DEL06-SC";"UOP02-DEL06-SC"
171484;2018-11-14;"quarta-feira";"08:15:00";"RJ";101;322;"NITEROI";"Defeito Mecânico no Veículo";"Engavetamento";"Com Vítimas Feridas";"Pleno dia";"Decrescente";"Céu Claro";"Dupla";"Reta";"Não";5;0;1;0;4;0;1;4;-22,8787253;-43,1149196;"SPRF-RJ";"DEL02-RJ";"UOP02-DEL02-RJ"
171485;2018-11-14;"quarta-feira";"09:45:00";"SP";116;359;"MIRACATU";"Defeito Mecânico no Veículo";"Colisão traseira";"Sem Vítimas";"Pleno dia";"Crescente";"Sol";"Dupla";"Curva";"Não";3;0;0;0;3;0;0;3;-24,10985929;-47,26786137;"SPRF-SP";"DEL04-SP";"UOP03-DEL04-SP"
171490;2018-11-14;"quarta-feira";"09:30:00";"RJ";116;164;"RIO DE JANEIRO";"Falta de Atenção à Condução";"Colisão traseira";"Com Vítimas Feridas";"Pleno dia";"Decrescente";"Sol";"Múltipla";"Reta";"Sim";5;0;2;1;2;0;3;4;-22,81127468;-43,33365619;"SPRF-RJ";"DEL01-RJ";"UOP01-DEL01-RJ"
171493;2018-11-12;"segunda-feira";"16:40:00";"MG";459;64,8;"SENADOR JOSE BENTO";"Ingestão de Álcool";"Saída de leito carroçável";"Com Vítimas Feridas";"Pleno dia";"Crescente";"Céu Claro";"Simples";"Curva";"Não";1;0;1;0;0;0;1;1;-22,131039;-46,182328;"SPRF-MG";"DEL09-MG";"UOP01-DEL09-MG"
171494;2018-11-14;"quarta-feira";"10:10:00";"MG";356;267,1;"MURIAE";"Mal Súbito";"Colisão frontal";"Com Vítimas Fatais";"Pleno dia";"Crescente";"Céu Claro";"Simples";"Reta";"Sim";3;2;0;0;1;0;0;2;-21,126489;-42,356527;"SPRF-MG";"DEL07-MG";"UOP02-DEL07-MG"
171499;2018-11-12;"segunda-feira";"18:15:00";"BA";116;286;"TUCANO";"Falta de Atenção à Condução";"Colisão transversal";"Com Vítimas Feridas";"Plena Noite";"Decrescente";"Céu Claro";"Simples";"Reta";"Não";6;0;1;3;1;1;4;3;-11,05274487;-38,83958817;"SPRF-BA";"DEL02-BA";"DEL10/2-UOP02/BA"
171500;2018-11-14;"quarta-feira";"11:40:00";"SP";153;149,9;"PROMISSAO";"Falta de Atenção à Condução";"Colisão traseira";"Com Vítimas Feridas";"Pleno dia";"Decrescente";"Sol";"Simples";"Em Obras";"Não";16;0;12;0;4;0;12;5;-21,408501;-49,788116;"SPRF-SP";"DEL07-SP";"UOP01-DEL07-SP"
171501;2018-11-14;"quarta-feira";"10:10:00";"BA";101;727,9;"EUNAPOLIS";"Velocidade Incompatível";"Colisão frontal";"Com Vítimas Feridas";"Pleno dia";"Decrescente";"Nublado";"Simples";"Reta";"Não";3;0;1;0;1;1;1;3;-16,44313912;-39,57449198;"SPRF-BA";"DEL09-BA";"UOP01-DEL09-BA"
171508;2018-11-14;"quarta-feira";"11:50:00";"GO";153;505;"APARECIDA DE GOIANIA";"Falta de Atenção à Condução";"Queda de ocupante de veículo";"Com Vítimas Feridas";"Pleno dia";"Decrescente";"Nublado";"Simples";"Interseção de Vias";"Sim";2;0;1;0;1;0;1;2;-16,7537;-49,2411;"SPRF-GO";"DEL01-GO";"UOP01-DEL01-GO"
171510;2018-11-14;"quarta-feira";"09:30:00";"BA";101;604;"CAMACAN";"Falta de Atenção à Condução";"Colisão frontal";"Com Vítimas Feridas";"Pleno dia";"Crescente";"Nublado";"Simples";"Reta";"Não";3;0;1;0;1;1;1;3;-15,46049385;-39,44236925;"SPRF-BA";"DEL05-BA";"UOP02-DEL05-BA"
171515;2018-10-17;"quarta-feira";"19:10:00";"GO";153;107;"SANTA TEREZA DE GOIAS";"Falta de Atenção do Pedestre";"Atropelamento de Pedestre";"Com Vítimas Fatais";"Plena Noite";"Decrescente";"Céu Claro";"Simples";"Reta";"Sim";4;1;0;0;1;2;0;4;-13,710165;-49,020992;"SPRF-GO";"DEL07-GO";"UOP01-DEL07-GO"
171525;2018-11-12;"segunda-feira";"13:20:00";"MG";116;6;"DIVISA ALEGRE";"Defeito na Via";"Tombamento";"Com Vítimas Feridas";"Pleno dia";"Decrescente";"Sol";"Simples";"Curva";"Não";3;0;1;0;1;1;1;2;-15,75026;-41,33048;"SPRF-BA";"DEL08-BA";"UOP03-DEL08-BA"
171538;2018-11-14;"quarta-feira";"14:30:00";"PR";376;599;"CURITIBA";"Não guardar distância de segurança";"Colisão traseira";"Com Vítimas Feridas";"Pleno dia";"Decrescente";"Nublado";"Dupla";"Aclive;Reta";"Sim";3;0;1;0;1;2;1;4;-25,51332806;-49,33774193;"SPRF-PR";"DEL01-PR";"UOP06-DEL01-PR"
171539;2018-11-14;"quarta-feira";"11:50:00";"RS";290;106,9;"ELDORADO DO SUL";"Falta de Atenção à Condução";"Saída de leito carroçável";"Sem Vítimas";"Pleno dia";"Crescente";"Chuva";"Dupla";"Reta";"Sim";1;0;0;0;1;0;0;1;-29,998999;-51,294563;"SPRF-RS";"DEL02-RS";"UOP01-DEL02-RS"
171541;2018-11-14;"quarta-feira";"09:40:00";"PR";163;51;"PRANCHITA";"Pista Escorregadia";"Saída de leito carroçável";"Com Vítimas Feridas";"Pleno dia";"Crescente";"Chuva";"Simples";"Reta;Declive";"Não";3;0;2;0;0;1;2;2;-25,935221;-53,73773;"SPRF-PR";"DEL02-PR";"UOP02-DEL02-PR"
171543;2018-11-14;"quarta-feira";"15:40:00";"SP";116;226;"GUARULHOS";"Velocidade Incompatível";"Colisão lateral";"Com Vítimas Feridas";"Pleno dia";"Decrescente";"Céu Claro";"Múltipla";"Reta";"Sim";3;0;0;1;2;0;1;3;-23,49769103;-46,5581079;"SPRF-SP";"DEL01-SP";"UOP01-DEL01-SP"
171544;2018-11-12;"segunda-feira";"17:30:00";"MA";10;257,9;"IMPERATRIZ";"Falta de Atenção à Condução";"Tombamento";"Com Vítimas Feridas";"Pleno dia";"Decrescente";"Céu Claro";"Simples";"Reta";"Sim";3;0;1;0;2;0;1;2;-5,490634;-47,471973;"SPRF-MA";"DEL04-MA";"UOP01-DEL04-MA"
171545;2018-11-14;"quarta-feira";"15:30:00";"ES";101;314;"VILA VELHA";"Carga excessiva e/ou mal acondicionada";"Tombamento";"Com Vítimas Feridas";"Pleno dia";"Crescente";"Céu Claro";"Simples";"Aclive;Curva";"Não";1;0;1;0;0;0;1;1;-20,4639096;-40,4656122;"SPRF-ES";"DEL03-ES";"UOP01-DEL03-ES"
171548;2018-11-14;"quarta-feira";"15:00:00";"PR";163;150,8;"SANTA LUCIA";"Falta de Atenção à Condução";"Colisão traseira";"Com Vítimas Feridas";"Pleno dia";"Decrescente";"Nublado";"Simples";"Reta";"Não";3;0;1;0;2;0;1;2;-25,40850271;-53,57217338;"SPRF-PR";"DEL04-PR";"UOP05-DEL05-PR"
171551;2018-11-14;"quarta-feira";"16:30:00";"RS";285;548,3;"SAO LUIZ GONZAGA";"Falta de Atenção à Condução";"Saída de leito carroçável";"Com Vítimas Fatais";"Pleno dia";"Crescente";"Sol";"Simples";"Reta";"Não";2;1;0;0;0;1;0;2;-28,409;-54,751;"SPRF-RS";"DEL10-RS";"UOP01-DEL10-RS"
171555;2018-11-14;"quarta-feira";"16:50:00";"ES";262;170;"IBATIBA";"Falta de Atenção à Condução";"Colisão transversal";"Com Vítimas Feridas";"Pleno dia";"Crescente";"Sol";"Simples";"Curva";"Não";2;0;1;0;1;0;1;2;-20,26485424;-41,59140587;"SPRF-ES";"DEL01-ES";"UOP02-DEL01-ES"
171557;2018-11-14;"quarta-feira";"16:15:00";"MG";365;581;"INDIANOPOLIS";"Falta de Atenção à Condução";"Colisão transversal";"Com Vítimas Feridas";"Pleno dia";"Crescente";"Nublado";"Simples";"Interseção de Vias";"Não";4;0;1;0;2;3;1;6;-18,87721433;-47,94570923;"SPRF-MG";"DEL15-MG";"UOP02-DEL15-MG"
171558;2018-11-14;"quarta-feira";"11:30:00";"MT";364;483,9;"JANGADA";"Falta de Atenção à Condução";"Colisão lateral";"Com Vítimas Feridas";"Pleno dia";"Decrescente";"Sol";"Simples";"Reta";"Não";3;0;1;0;1;4;1;6;-15,381381;-56,398678;"SPRF-MT";"DEL01-MT";"DEL2/4-UOP02/MT"
171560;2018-11-14;"quarta-feira";"16:15:00";"MS";163;71,2;"ITAQUIRAI";"Mal Súbito";"Colisão frontal";"Com Vítimas Fatais";"Pleno dia";"Crescente";"Céu Claro";"Simples";"Reta";"Não";4;1;1;0;1;1;1;3;-23,53597633;-54,19281006;"SPRF-MS";"DEL09-MS";"UOP02-DEL09-MS"
171565;2018-11-14;"quarta-feira";"15:20:00";"MT";163;805;"SINOP";"Desobediência às normas de trânsito pelo condutor";"Saída de leito carroçável";"Com Vítimas Feridas";"Pleno dia";"Crescente";"Céu Claro";"Simples";"Reta";"Não";2;0;1;0;1;0;1;2;-12,03663437;-55,51717758;"SPRF-MT";"DEL06-MT";"UOP01-DEL06-MT"
171567;2018-11-14;"quarta-feira";"17:30:00";"GO";20;29;"FORMOSA";"Velocidade Incompatível";"Colisão transversal";"Com Vítimas Fatais";"Pleno dia";"Crescente";"Chuva";"Simples";"Reta";"Não";3;1;0;0;1;1;0;3;-15,509146;-47,116938;"SPRF-DF";"DEL02-DF";"UOP01-DEL02-DF"
171575;2018-11-14;"quarta-feira";"17:40:00";"GO";153;336,5;"JARAGUA";"Defeito Mecânico no Veículo";"Incêndio";"Sem Vítimas";"Pleno dia";"Decrescente";"Céu Claro";"Simples";"Aclive";"Não";2;0;0;0;1;2;0;3;-15,562661;-49,42136;"SPRF-GO";"DEL02-GO";"UOP02-DEL02-GO"
171576;2018-11-14;"quarta-feira";"17:25:00";"SP";381;33,6;"ATIBAIA";"Falta de Atenção à Condução";"Colisão lateral";"Com Vítimas Feridas";"Pleno dia";"Crescente";"Céu Claro";"Dupla";"Curva";"Não";2;0;1;0;1;0;1;2;-23,072926;-46,566673;"SPRF-SP";"DEL03-SP";"UOP02-DEL03-SP"
171578;2018-11-14;"quarta-feira";"16:30:00";"PB";230;35,3;"BAYEUX";"Falta de Atenção do Pedestre";"Atropelamento de Pedestre";"Com Vítimas Feridas";"Pleno dia";"Crescente";"Céu Claro";"Dupla";"Curva";"Sim";2;0;0;1;1;0;1;2;-7,1260338;-34,94304121;"SPRF-PB";"DEL01-PB";"UOP01-DEL01-PB"
171579;2018-11-14;"quarta-feira";"11:50:00";"MG";262;616;"IBIA";"Mal Súbito";"Tombamento";"Com Vítimas Feridas";"Pleno dia";"Decrescente";"Céu Claro";"Simples";"Reta";"Não";2;0;1;0;0;2;1;3;-19,58840749;-46,37924192;"SPRF-MG";"DEL08-MG";"UOP02-DEL08-MG"
171590;2018-11-14;"quarta-feira";"09:40:00";"PR";163;51,6;"PRANCHITA";"Pista Escorregadia";"Saída de leito carroçável";"Com Vítimas Feridas";"Pleno dia";"Crescente";"Chuva";"Simples";"Reta;Declive";"Não";1;0;1;0;0;0;1;1;-25,935868;-53,736899;"SPRF-PR";"DEL02-PR";"UOP02-DEL02-PR"
171591;2018-11-14;"quarta-feira";"16:40:00";"RJ";40;113;"DUQUE DE CAXIAS";"Velocidade Incompatível";"Colisão transversal";"Sem Vítimas";"Pleno dia";"Decrescente";"Céu Claro";"Múltipla";"Reta";"Sim";4;0;0;0;3;2;0;5;-22,70328588;-43,29011053;"SPRF-RJ";"DEL01-RJ";"UOP01-DEL01-RJ"
171592;2018-11-14;"quarta-feira";"14:30:00";"PR";163;200,6;"CASCAVEL";"Velocidade Incompatível";"Colisão com objeto estático";"Sem Vítimas";"Pleno dia";"Crescente";"Céu Claro";"Simples";"Interseção de Vias";"Sim";2;0;0;0;1;1;0;2;-25,02386142;-53,550362;"SPRF-PR";"DEL04-PR";"UOP05-DEL05-PR"
171608;2018-11-14;"quarta-feira";"19:20:00";"SC";158;102,8;"MARAVILHA";"Falta de Atenção à Condução";"Colisão lateral";"Com Vítimas Feridas";"Anoitecer";"Decrescente";"Nublado";"Simples";"Curva";"Não";3;0;1;0;2;0;1;2;-26,83764643;-53,17492247;"SPRF-SC";"DEL07-SC";"UOP02-DEL07-SC"
171614;2018-11-14;"quarta-feira";"16:30:00";"RS";386;276,3;"SAO JOSE DO HERVAL";"Falta de Atenção à Condução";"Colisão traseira";"Com Vítimas Feridas";"Pleno dia";"Crescente";"Nublado";"Simples";"Curva";"Não";3;0;1;0;1;1;1;3;-29,02014979;-52,32307434;"SPRF-RS";"DEL04-RS";"NPF/DEL04-RS"
171618;2018-11-14;"quarta-feira";"19:30:00";"SE";101;23,6;"MALHADA DOS BOIS";"Falta de Atenção à Condução";"Colisão transversal";"Com Vítimas Feridas";"Pleno dia";"Crescente";"Céu Claro";"Simples";"Reta";"Não";3;0;1;0;2;0;1;2;-10,396832;-36,917517;"SPRF-SE";"DEL02-SE";"UOP02-DEL02-SE"
171619;2018-11-14;"quarta-feira";"01:00:00";"RO";364;375,2;"OURO PRETO DO OESTE";"Restrição de Visibilidade";"Saída de leito carroçável";"Sem Vítimas";"Plena Noite";"Decrescente";"Chuva";"Simples";"Declive";"Não";2;0;0;0;1;2;0;3;-10,739498;-62,185558;"SPRF-RO";"DEL02-RO";"UOP01-DEL02-RO"
171624;2018-11-14;"quarta-feira";"17:40:00";"SC";470;222,2;"SAO CRISTOVAO DO SUL";"Falta de Atenção à Condução";"Tombamento";"Com Vítimas Feridas";"Pleno dia";"Crescente";"Nublado";"Simples";"Curva";"Não";2;0;1;0;0;1;1;2;-27,3133913;-50,31322569;"SPRF-SC";"DEL05-SC";"UOP03-DEL05-SC"
171625;2018-11-14;"quarta-feira";"20:40:00";"SP";381;85,7;"SAO PAULO";"Falta de Atenção do Pedestre";"Atropelamento de Pedestre";"Com Vítimas Feridas";"Plena Noite";"Decrescente";"Céu Claro";"Dupla";"Reta";"Sim";4;0;0;1;1;3;1;4;-23,44701632;-46,56897426;"SPRF-SP";"DEL03-SP";"DEL6/3-UOP03/SP"
171626;2018-11-14;"quarta-feira";"20:45:00";"SC";101;386,6;"ICARA";"Falta de Atenção à Condução";"Colisão lateral";"Sem Vítimas";"Plena Noite";"Crescente";"Nublado";"Múltipla";"Reta";"Não";3;0;0;0;3;0;0;2;-28,77900992;-49,32513714;"SPRF-SC";"DEL02-SC";"UOP02-DEL02-SC"
171631;2018-11-14;"quarta-feira";"15:55:00";"RO";364;407;"JARU";"Pista Escorregadia";"Saída de leito carroçável";"Sem Vítimas";"Pleno dia";"Crescente";"Chuva";"Simples";"Reta";"Não";2;0;0;0;1;1;0;2;-10,54958414;-62,38663673;"SPRF-RO";"DEL03-RO";"UOP02-DEL03-RO"
171634;2018-11-14;"quarta-feira";"15:00:00";"PR";153;121,5;"IBAITI";"Defeito Mecânico no Veículo";"Tombamento";"Com Vítimas Feridas";"Pleno dia";"Crescente";"Céu Claro";"Simples";"Curva;Declive";"Não";2;0;0;1;0;2;1;3;-23,935585;-50,239052;"SPRF-PR";"DEL07-PR";"UOP04-DEL07-PR"
171638;2018-11-14;"quarta-feira";"21:15:00";"SP";116;293,9;"ITAPECERICA DA SERRA";"Defeito Mecânico no Veículo";"Incêndio";"Sem Vítimas";"Plena Noite";"Decrescente";"Céu Claro";"Dupla";"Reta";"Sim";2;0;0;0;1;1;0;2;-23,74813;-46,90048;"SPRF-SP";"DEL04-SP";"UOP01-DEL04-SP"
171642;2018-11-14;"quarta-feira";"18:20:00";"SC";282;381,4;"HERVAL DOESTE";"Falta de Atenção à Condução";"Colisão lateral";"Sem Vítimas";"Pleno dia";"Crescente";"Nublado";"Simples";"Declive";"Sim";5;0;0;0;4;1;0;5;-27,204979;-51,501442;"SPRF-SC";"DEL07-SC";"UOP05-DEL07-SC"
171643;2018-11-14;"quarta-feira";"20:45:00";"RS";101;39,8;"TRES FORQUILHAS";"Falta de Atenção à Condução";"Colisão com objeto estático";"Sem Vítimas";"Plena Noite";"Decrescente";"Céu Claro";"Dupla";"Aclive";"Não";3;0;0;0;2;2;0;4;-29,53464148;-50,02441049;"SPRF-RS";"DEL03-RS";"DEL9/3-UOP03/RS"
171651;2018-11-14;"quarta-feira";"21:15:00";"PE";101;192;"PALMARES";"Condutor Dormindo";"Colisão traseira";"Com Vítimas Feridas";"Plena Noite";"Crescente";"Céu Claro";"Dupla";"Aclive;Reta";"Não";3;0;1;0;1;1;1;3;-8,7036;-35,6079;"SPRF-PE";"DEL01-PE";"UOP03-DEL01-PE"
171652;2018-11-14;"quarta-feira";"22:40:00";"SC";470;319,1;"CAMPOS NOVOS";"Desobediência às normas de trânsito pelo condutor";"Colisão transversal";"Com Vítimas Feridas";"Plena Noite";"Crescente";"Nublado";"Simples";"Reta";"Sim";2;0;0;1;1;0;1;2;-27,409864;-51,224949;"SPRF-SC";"DEL07-SC";"UOP06-DEL07-SC"
171658;2018-11-14;"quarta-feira";"22:20:00";"SC";282;512,4;"XANXERE";"Falta de Atenção à Condução";"Saída de leito carroçável";"Sem Vítimas";"Plena Noite";"Decrescente";"Nublado";"Simples";"Reta";"Não";2;0;0;0;1;1;0;2;-26,910799;-52,472099;"SPRF-SC";"DEL07-SC";"UOP01-DEL07-SC"
171663;2018-11-15;"quinta-feira";"00:35:00";"PR";376;391,5;"IMBAU";"Defeito Mecânico no Veículo";"Saída de leito carroçável";"Sem Vítimas";"Plena Noite";"Decrescente";"Nublado";"Simples";"Reta;Ponte";"Não";2;0;0;0;1;1;0;2;-24,48591832;-50,73323518;"SPRF-PR";"DEL03-PR";"UOP02-DEL03-PR"
171672;2018-11-14;"quarta-feira";"23:50:00";"BA";242;788;"BARREIRAS";"Desobediência às normas de trânsito pelo pedestre";"Atropelamento de Pedestre";"Com Vítimas Feridas";"Plena Noite";"Crescente";"Céu Claro";"Simples";"Reta";"Não";3;0;1;0;1;2;1;4;-12,11498433;-44,9554646;"SPRF-BA";"DEL10-BA";"UOP01-DEL10-BA"
171674;2018-11-15;"quinta-feira";"01:20:00";"MG";40;2,9;"PARACATU";"Defeito Mecânico no Veículo";"Incêndio";"Sem Vítimas";"Plena Noite";"Decrescente";"Garoa/Chuvisco";"Simples";"Reta";"Não";2;0;0;0;1;1;0;2;-17,043858;-47,14254;"SPRF-MG";"DEL14-MG";"UOP01-DEL14-MG"
171677;2018-11-15;"quinta-feira";"03:25:00";"ES";101;301,5;"VIANA";"Desobediência às normas de trânsito pelo condutor";"Colisão transversal";"Com Vítimas Feridas";"Plena Noite";"Crescente";"Nublado";"Múltipla";"Retorno Regulamentado";"Sim";7;0;2;2;2;1;4;3;-20,36542275;-40,44360548;"SPRF-ES";"DEL01-ES";"UOP01-DEL01-ES"
171679;2018-11-15;"quinta-feira";"03:50:00";"ES";101;219;"IBIRACU";"Defeito Mecânico no Veículo";"Tombamento";"Com Vítimas Feridas";"Plena Noite";"Crescente";"Nublado";"Dupla";"Curva";"Não";3;0;0;2;0;1;2;2;-19,86537796;-40,38408995;"SPRF-ES";"DEL02-ES";"UOP01-DEL02-ES"
171680;2018-11-15;"quinta-feira";"02:20:00";"MT";364;209,5;"RONDONOPOLIS";"Condutor Dormindo";"Tombamento";"Com Vítimas Feridas";"Plena Noite";"Decrescente";"Nublado";"Dupla";"Curva";"Sim";3;0;1;0;1;3;1;4;-16,428949;-54,693382;"SPRF-MT";"DEL02-MT";"UOP01-DEL02-MT"
171682;2018-11-15;"quinta-feira";"00:24:00";"PR";153;135;"VENTANIA";"Defeito Mecânico no Veículo";"Saída de leito carroçável";"Com Vítimas Feridas";"Plena Noite";"Crescente";"Nublado";"Simples";"Declive";"Não";2;0;1;0;1;0;1;1;-24,11499066;-50,24480559;"SPRF-PR";"DEL07-PR";"UOP04-DEL07-PR"
171683;2018-11-15;"quinta-feira";"03:15:00";"MG";116;736,1;"LARANJAL";"Condutor Dormindo";"Saída de leito carroçável";"Com Vítimas Feridas";"Plena Noite";"Crescente";"Céu Claro";"Simples";"Reta";"Não";1;0;1;0;0;0;1;1;-21,347877;-42,465509;"SPRF-MG";"DEL07-MG";"UOP02-DEL07-MG"