"id";"data_inversa";"dia_semana";"horario";"uf";"br";"km";"municipio";"causa_acidente";"tipo_acidente";"classificacao_acidente";"fase_dia";"sentido_via";"condicao_metereologica";"tipo_pista";"tracado_via";"uso_solo";"pessoas";"mortos";"feridos_leves";"feridos_graves";"ilesos";"ignorados";"feridos";"veiculos";"latitude";"longitude";"regional";"delegacia";"uop"
171684;2018-11-15;"quinta-feira";"03:19:00";"SP";116;100;"PINDAMONHANGABA";"Velocidade Incompatível";"Colisão traseira";"Com Vítimas Fatais";"Plena Noite";"Crescente";"Céu Claro";"Dupla";"Reta";"Não";4;2;0;0;1;2;0;4;-22,986555;-45,472767;"SPRF-SP";"DEL06-SP";"UOP01-DEL06-SP"
171688;2018-11-15;"quinta-feira";"05:00:00";"SC";101;103;"BALNEARIO PICARRAS";"Falta de Atenção à Condução";"Colisão traseira";"Com Vítimas Feridas";"Plena Noite";"Decrescente";"Nublado";"Dupla";"Aclive;Reta";"Não";3;0;0;1;1;1;1;3;-26,78394401;-48,68269407;"SPRF-SC";"DEL03-SC";"UOP02-DEL03-SC"
171695;2018-11-14;"quarta-feira";"21:45:00";"RS";293;422,5;"QUARAI";"Desobediência às normas de trânsito pelo condutor";"Colisão traseira";"Com Vítimas Feridas";"Plena Noite";"Decrescente";"Céu Claro";"Simples";"Reta";"Não";8;0;1;0;6;1;1;2;-30,469868;-56,248852;"SPRF-RS";"DEL11-RS";"UOP01-DEL11-RS"
171698;2018-11-15;"quinta-feira";"05:20:00";"MT";70;522;"VARZEA GRANDE";"Falta de Atenção à Condução";"Colisão frontal";"Com Vítimas Feridas";"Amanhecer";"Crescente";"Nublado";"Simples";"Reta";"Sim";3;0;1;0;1;2;1;4;-15,66601532;-56,18305206;"SPRF-MT";"DEL01-MT";"DEL2/4-UOP02/MT"
171708;2018-11-15;"quinta-feira";"06:50:00";"MG";40;584;"ITABIRITO";"Desobediência às normas de trânsito pelo condutor";"Colisão traseira";"Com Vítimas Feridas";"Pleno dia";"Crescente";"Sol";"Simples";"Reta";"Não";3;0;0;1;2;0;1;2;-20,3303;-43,9251;"SPRF-MG";"DEL01-MG";"UOP02-DEL01-MG"
171709;2018-11-15;"quinta-feira";"05:20:00";"MT";163;86,3;"RONDONOPOLIS";"Condutor Dormindo";"Colisão traseira";"Com Vítimas Feridas";"Amanhecer";"Decrescente";"Nublado";"Dupla";"Reta";"Não";3;0;0;1;1;2;1;4;-16,772388;-54,662479;"SPRF-MT";"DEL02-MT";"DEL2/2-UOP02/MT"
171715;2018-11-15;"quinta-feira";"08:30:00";"SC";101;319;"PESCARIA BRAVA";"Falta de Atenção à Condução";"Colisão traseira";"Com Vítimas Feridas";"Pleno dia";"Crescente";"Sol";"Múltipla";"Reta";"Sim";5;0;3;0;2;0;3;2;-28,42858103;-48,87928963;"SPRF-SC";"DEL02-SC";"UOP01-DEL02-SC"
171717;2018-11-14;"quarta-feira";"08:00:00";"RO";364;305;"PRESIDENTE MEDICI";"Falta de Atenção à Condução";"Colisão lateral";"Com Vítimas Feridas";"Pleno dia";"Crescente";"Céu Claro";"Simples";"Reta";"Não";3;0;1;0;1;2;1;4;-11,199492;-61,901501;"SPRF-RO";"DEL02-RO";"UOP01-DEL02-RO"
171718;2018-10-26;"sexta-feira";"10:00:00";"SP";116;509;"CAJATI";"Condutor Dormindo";"Tombamento";"Com Vítimas Feridas";"Pleno dia";"Crescente";"Céu Claro";"Dupla";"Curva";"Não";2;0;1;0;0;1;1;2;-24,78854754;-48,20863723;"SPRF-SP";"DEL05-SP";"UAP01-DEL05-SP"
171719;2018-11-15;"quinta-feira";"08:45:00";"MG";262;359;"BETIM";"Velocidade Incompatível";"Colisão traseira";"Sem Vítimas";"Pleno dia";"Crescente";"Céu Claro";"Dupla";"Reta";"Não";2;0;0;0;2;0;0;2;-19,9739;-44,2692;"SPRF-MG";"DEL01-MG";"UOP03-DEL01-MG"
171723;2018-11-15;"quinta-feira";"08:55:00";"RS";290;148,2;"ARROIO DOS RATOS";"Não guardar distância de segurança";"Colisão traseira";"Com Vítimas Feridas";"Pleno dia";"Decrescente";"Sol";"Simples";"Ponte;Reta";"Não";4;0;1;0;2;1;1;3;-30,10658421;-51,69708431;"SPRF-RS";"DEL02-RS";"UOP01-DEL02-RS"
171727;2018-11-15;"quinta-feira";"08:40:00";"MS";262;521,5;"AQUIDAUANA";"Velocidade Incompatível";"Tombamento";"Com Vítimas Feridas";"Pleno dia";"Decrescente";"Nublado";"Simples";"Curva";"Não";2;0;0;1;0;2;1;3;-20,39880825;-56,08217955;"SPRF-MS";"DEL03-MS";"UOP01-DEL03-MS"
171728;2018-10-07;"domingo";"00:20:00";"MG";381;720,8;"CARMO DA CACHOEIRA";"Condutor Dormindo";"Colisão com objeto estático";"Com Vítimas Feridas";"Plena Noite";"Decrescente";"Ignorado";"Dupla";"Curva";"Não";3;0;0;2;0;1;2;2;-21,4336;-45,2101;"SPRF-MG";"DEL04-MG";"UOP02-DEL04-MG"
171730;2018-11-15;"quinta-feira";"08:30:00";"SP";116;544;"BARRA DO TURVO";"Falta de Atenção à Condução";"Tombamento";"Com Vítimas Feridas";"Pleno dia";"Decrescente";"Nublado";"Dupla";"Curva";"Não";2;0;1;0;0;1;1;2;-24,87148632;-48,21212769;"SPRF-SP";"DEL05-SP";"UOP02-DEL05-SP"
171731;2018-11-15;"quinta-feira";"09:00:00";"PE";232;203,8;"PESQUEIRA";"Carga excessiva e/ou mal acondicionada";"Engavetamento";"Com Vítimas Feridas";"Pleno dia";"Crescente";"Céu Claro";"Simples";"Aclive";"Não";5;0;3;0;2;0;3;3;-8,372028;-36,640006;"SPRF-PE";"DEL02-PE";"UOP03-DEL02-PE"
171734;2018-11-15;"quinta-feira";"09:30:00";"MG";40;754,9;"EWBANK DA CAMARA";"Velocidade Incompatível";"Saída de leito carroçável";"Sem Vítimas";"Pleno dia";"Crescente";"Nublado";"Simples";"Curva;Declive";"Não";2;0;0;0;1;1;0;2;-21,5202;-43,5231;"SPRF-MG";"DEL05-MG";"UOP01-DEL05-MG"
171735;2018-11-15;"quinta-feira";"11:00:00";"ES";262;19;"VIANA";"Condutor Dormindo";"Colisão frontal";"Com Vítimas Feridas";"Pleno dia";"Crescente";"Céu Claro";"Simples";"Reta";"Não";5;0;4;0;1;0;4;2;-20,3932;-40,4863;"SPRF-ES";"DEL01-ES";"UOP01-DEL01-ES"
171742;2018-11-15;"quinta-feira";"10:25:00";"MT";364;265;"SAO PEDRO DA CIPA";"Defeito Mecânico no Veículo";"Engavetamento";"Com Vítimas Feridas";"Pleno dia";"Decrescente";"Céu Claro";"Simples";"Reta";"Sim";8;0;4;0;3;3;4;6;-16,0010284;-54,92133826;"SPRF-MT";"DEL02-MT";"UOP02-DEL05-MT"
171749;2018-11-15;"quinta-feira";"10:30:00";"PR";376;434,2;"TIBAGI";"Desobediência às normas de trânsito pelo condutor";"Colisão frontal";"Com Vítimas Feridas";"Pleno dia";"Crescente";"Céu Claro";"Simples";"Reta";"Não";5;0;3;0;2;0;3;3;-24,77520133;-50,51891327;"SPRF-PR";"DEL03-PR";"UOP02-DEL03-PR"
171750;2018-11-15;"quinta-feira";"11:40:00";"MG";40;525;"CONTAGEM";"Falta de Atenção à Condução";"Colisão transversal";"Sem Vítimas";"Pleno dia";"Decrescente";"Nublado";"Dupla";"Interseção de Vias";"Sim";3;0;0;0;2;1;0;3;-19,8971;-44,0497;"SPRF-MG";"DEL01-MG";"UOP03-DEL01-MG"
171752;2018-11-15;"quinta-feira";"12:00:00";"MG";50;181;"UBERABA";"Desobediência às normas de trânsito pelo condutor";"Colisão lateral";"Com Vítimas Feridas";"Pleno dia";"Decrescente";"Céu Claro";"Dupla";"Reta";"Sim";2;0;1;0;1;0;1;2;-19,7932;-47,9116;"SPRF-MG";"DEL13-MG";"UOP01-DEL13-MG"
171753;2018-11-15;"quinta-feira";"10:45:00";"PA";222;237;"MARABA";"Desobediência às normas de trânsito pelo condutor";"Colisão traseira";"Com Vítimas Feridas";"Pleno dia";"Decrescente";"Céu Claro";"Simples";"Reta";"Sim";5;0;4;0;1;0;4;2;-5,294009;-49,075771;"SPRF-PA";"DEL03-PA";"UOP01-DEL03-PA"
171754;2018-11-15;"quinta-feira";"11:15:00";"AL";101;113;"PILAR";"Velocidade Incompatível";"Tombamento";"Sem Vítimas";"Pleno dia";"Crescente";"Sol";"Simples";"Curva";"Não";2;0;0;0;1;2;0;3;-9,628554;-36,030724;"SPRF-AL";"DEL02-AL";"UOP01-DEL02-AL"
171759;2018-11-15;"quinta-feira";"12:45:00";"MG";365;612,9;"UBERLANDIA";"Desobediência às normas de trânsito pelo condutor";"Colisão transversal";"Com Vítimas Feridas";"Pleno dia";"Crescente";"Céu Claro";"Simples";"Reta";"Sim";3;0;0;2;0;1;2;2;-18,918681;-48,209135;"SPRF-MG";"DEL15-MG";"UOP01-DEL15-MG"
171762;2018-11-15;"quinta-feira";"13:00:00";"PR";277;627;"CEU AZUL";"Ultrapassagem Indevida";"Colisão frontal";"Com Vítimas Feridas";"Pleno dia";"Decrescente";"Chuva";"Simples";"Reta";"Não";7;0;0;5;2;0;5;2;-25,11142;-53,767349;"SPRF-PR";"DEL05-PR";"UOP02-DEL05-PR"
171765;2018-11-15;"quinta-feira";"11:50:00";"SC";282;562;"NOVA ERECHIM";"Falta de Atenção à Condução";"Colisão lateral";"Com Vítimas Feridas";"Pleno dia";"Decrescente";"Céu Claro";"Simples";"Reta";"Não";2;0;1;0;1;0;1;2;-26,911108;-52,865475;"SPRF-SC";"DEL07-SC";"UOP02-DEL07-SC"
171767;2018-11-15;"quinta-feira";"12:55:00";"RS";392;63,1;"PELOTAS";"Mal Súbito";"Colisão lateral";"Com Vítimas Feridas";"Pleno dia";"Decrescente";"Céu Claro";"Simples";"Reta";"Sim";3;0;1;0;2;0;1;3;-31,771877;-52,363102;"SPRF-RS";"DEL07-RS";"UOP01-DEL07-RS"
171769;2018-11-15;"quinta-feira";"13:40:00";"RJ";116;238,2;"PIRAI";"Velocidade Incompatível";"Colisão transversal";"Sem Vítimas";"Pleno dia";"Decrescente";"Chuva";"Dupla";"Curva;Declive";"Não";5;0;0;0;4;1;0;3;-22,664669;-43,883373;"SPRF-RJ";"DEL07-RJ";"UOP01-DEL07-RJ"
171776;2018-11-15;"quinta-feira";"14:15:00";"ES";101;319,3;"VILA VELHA";"Defeito Mecânico no Veículo";"Colisão com objeto estático";"Sem Vítimas";"Pleno dia";"Crescente";"Céu Claro";"Simples";"Reta";"Não";2;0;0;0;1;1;0;2;-20,5043452;-40,4747818;"SPRF-ES";"DEL03-ES";"UOP01-DEL03-ES"
171788;2018-11-15;"quinta-feira";"15:00:00";"MT";70;520;"VARZEA GRANDE";"Ingestão de Álcool";"Colisão frontal";"Com Vítimas Feridas";"Pleno dia";"Crescente";"Céu Claro";"Simples";"Reta";"Sim";3;0;2;0;0;2;2;4;-15,68485689;-56,17240906;"SPRF-MT";"DEL01-MT";"DEL2/4-UOP02/MT"
171790;2018-11-15;"quinta-feira";"16:30:00";"MG";381;450,1;"SANTA LUZIA";"Falta de Atenção à Condução";"Colisão transversal";"Com Vítimas Feridas";"Pleno dia";"Crescente";"Céu Claro";"Simples";"Retorno Regulamentado";"Sim";14;0;12;0;0;2;12;4;-19,82342661;-43,83031011;"SPRF-MG";"DEL01-MG";"UOP01-DEL01-MG"
171792;2018-11-15;"quinta-feira";"14:40:00";"RO";364;25;"VILHENA";"Falta de Atenção à Condução";"Colisão frontal";"Com Vítimas Fatais";"Pleno dia";"Crescente";"Céu Claro";"Simples";"Reta";"Não";3;1;0;0;1;5;0;7;-12,724298;-60,238869;"SPRF-RO";"DEL04-RO";"UOP01-DEL04-RO"
171795;2018-11-15;"quinta-feira";"10:30:00";"BA";410;16;"TUCANO";"Defeito Mecânico no Veículo";"Incêndio";"Sem Vítimas";"Pleno dia";"Crescente";"Céu Claro";"Simples";"Curva";"Não";2;0;0;0;1;1;0;2;-10,889494;-38,655674;"SPRF-BA";"DEL07-BA";"UOP02-DEL07-BA"
171802;2018-11-15;"quinta-feira";"16:10:00";"SC";470;158,8;"TROMBUDO CENTRAL";"Mal Súbito";"Saída de leito carroçável";"Com Vítimas Fatais";"Pleno dia";"Crescente";"Sol";"Simples";"Reta";"Não";1;1;0;0;0;0;0;1;-27,28575635;-49,77184296;"SPRF-SC";"DEL04-SC";"UOP02-DEL04-SC"
171810;2018-11-15;"quinta-feira";"18:10:00";"PR";376;470,1;"PONTA GROSSA";"Velocidade Incompatível";"Tombamento";"Com Vítimas Feridas";"Pleno dia";"Decrescente";"Céu Claro";"Dupla";"Curva";"Não";3;0;0;1;1;1;1;2;-25,02028431;-50,33454895;"SPRF-PR";"DEL03-PR";"UOP01-DEL03-PR"
171811;2018-11-15;"quinta-feira";"18:30:00";"PR";369;22,6;"CAMBARA";"Falta de Atenção à Condução";"Colisão transversal";"Com Vítimas Feridas";"Anoitecer";"Crescente";"Céu Claro";"Simples";"Reta";"Sim";3;0;1;0;1;2;1;4;-23,04308895;-50,10413554;"SPRF-PR";"DEL07-PR";"UOP05-DEL07-PR"
171822;2018-11-15;"quinta-feira";"18:30:00";"PE";101;97,3;"CABO DE SANTO AGOSTINHO";"Animais na Pista";"Atropelamento de Animal";"Com Vítimas Fatais";"Plena Noite";"Crescente";"Céu Claro";"Dupla";"Reta";"Não";5;1;3;0;1;0;3;2;-8,257;-35,0395;"SPRF-PE";"DEL01-PE";"UOP03-DEL01-PE"
171831;2018-11-15;"quinta-feira";"16:50:00";"MA";135;195,3;"ALTO ALEGRE DO MARANHAO";"Defeito na Via";"Derramamento de carga";"Sem Vítimas";"Pleno dia";"Decrescente";"Céu Claro";"Simples";"Reta";"Sim";2;0;0;0;1;3;0;4;-4,16957459;-44,4688797;"SPRF-MA";"DEL03-MA";"UOP01-DEL03-MA"
171838;2018-11-15;"quinta-feira";"20:15:00";"RS";158;236,1;"TUPANCIRETA";"Ingestão de Álcool";"Colisão frontal";"Sem Vítimas";"Plena Noite";"Crescente";"Céu Claro";"Simples";"Curva";"Não";2;0;0;0;2;0;0;2;-28,99627968;-53,64967346;"SPRF-RS";"DEL10-RS";"UOP02-DEL10-RS"
171839;2018-11-15;"quinta-feira";"20:30:00";"PR";376;4,8;"MARINGA";"Falta de Atenção à Condução";"Colisão lateral";"Com Vítimas Feridas";"Plena Noite";"Decrescente";"Céu Claro";"Dupla";"Reta";"Sim";3;0;1;0;1;1;1;3;-23,38029291;-51,9548977;"SPRF-PR";"DEL07-PR";"UOP01-DEL09-PR"
171840;2018-11-15;"quinta-feira";"13:40:00";"SC";153;53,6;"IRANI";"Velocidade Incompatível";"Tombamento";"Com Vítimas Feridas";"Pleno dia";"Decrescente";"Sol";"Simples";"Reta;Ponte";"Não";6;0;0;2;2;3;2;5;-26,929184;-51,811718;"SPRF-SC";"DEL07-SC";"UOP07-DEL07-SC"
171844;2018-11-15;"quinta-feira";"21:00:00";"GO";153;416,9;"ANAPOLIS";"Ultrapassagem Indevida";"Colisão frontal";"Com Vítimas Fatais";"Plena Noite";"Crescente";"Nublado";"Simples";"Reta";"Não";2;1;0;0;1;0;0;2;-16,150995;-49,044746;"SPRF-GO";"DEL02-GO";"UOP01-DEL02-GO"
171867;2018-11-15;"quinta-feira";"21:15:00";"MG";40;567;"NOVA LIMA";"Carga excessiva e/ou mal acondicionada";"Colisão com objeto em movimento";"Sem Vítimas";"Plena Noite";"Decrescente";"Chuva";"Simples";"Curva";"Não";3;0;0;0;2;1;0;3;-20,1951;-43,9737;"SPRF-MG";"DEL01-MG";"UOP02-DEL01-MG"
171880;2018-11-15;"quinta-feira";"22:15:00";"SC";101;318,6;"PESCARIA BRAVA";"Não guardar distância de segurança";"Colisão traseira";"Com Vítimas Feridas";"Plena Noite";"Crescente";"Céu Claro";"Múltipla";"Reta";"Sim";3;0;1;0;1;2;1;4;-28,427647;-48,882757;"SPRF-SC";"DEL02-SC";"UOP01-DEL02-SC"
171888;2018-11-16;"sexta-feira";"04:00:00";"RJ";356;62;"ITAPERUNA";"Ingestão de Álcool";"Tombamento";"Com Vítimas Feridas";"Plena Noite";"Crescente";"Céu Claro";"Simples";"Reta";"Não";2;0;1;0;0;1;1;2;-21,349068;-41,713776;"SPRF-RJ";"DEL08-RJ";"UOP03-DEL08-RJ"
171891;2018-11-16;"sexta-feira";"03:40:00";"SP";116;110,4;"TAUBATE";"Falta de Atenção à Condução";"Colisão traseira";"Com Vítimas Fatais";"Plena Noite";"Crescente";"Nublado";"Dupla";"Reta;Declive";"Sim";5;1;0;0;3;3;0;6;-23,034126;-45,5527;"SPRF-SP";"DEL06-SP";"UOP01-DEL06-SP"
171892;2018-11-16;"sexta-feira";"04:30:00";"SC";470;62,3;"INDAIAL";"Falta de Atenção à Condução";"Colisão traseira";"Sem Vítimas";"Amanhecer";"Crescente";"Nublado";"Simples";"Aclive";"Sim";2;0;0;0;1;1;0;2;-26,87441601;-49,18587953;"SPRF-SC";"DEL04-SC";"UOP01-DEL04-SC"
171903;2018-11-16;"sexta-feira";"06:15:00";"SP";116;70,8;"APARECIDA";"Ingestão de Álcool";"Colisão com objeto estático";"Sem Vítimas";"Pleno dia";"Crescente";"Nublado";"Dupla";"Reta";"Não";3;0;0;0;1;2;0;3;-22,85624561;-45,23071289;"SPRF-SP";"DEL08-SP";"UOP01-DEL08-SP"
171915;2018-11-16;"sexta-feira";"07:10:00";"AP";210;12,5;"MACAPA";"Não guardar distância de segurança";"Colisão lateral";"Com Vítimas Feridas";"Pleno dia";"Decrescente";"Céu Claro";"Simples";"Reta";"Não";3;0;2;0;1;0;2;2;0,13793;-51,14164;"SPRF-AP";"DEL01-AP";"UOP01-DEL01-AP"
171919;2018-11-15;"quinta-feira";"13:30:00";"MG";251;259,9;"SALINAS";"Mal Súbito";"Colisão frontal";"Com Vítimas Fatais";"Pleno dia";"Crescente";"Céu Claro";"Simples";"Reta";"Não";2;1;0;0;1;0;0;2;-16,00621585;-41,92932129;"SPRF-MG";"DEL11-MG";"UOP02-DEL11-MG"
171921;2018-11-12;"segunda-feira";"22:40:00";"RJ";101;287,3;"ITABORAI";"Objeto estático sobre o leito carroçável";"Colisão traseira";"Com Vítimas Feridas";"Plena Noite";"Decrescente";"Céu Claro";"Dupla";"Reta";"Não";6;0;1;1;2;2;2;5;-22,755175;-42,834625;"SPRF-RJ";"DEL02-RJ";"UOP03-DEL02-RJ"
171923;2018-11-13;"terça-feira";"03:50:00";"PE";232;18,9;"JABOATAO DOS GUARARAPES";"Avarias e/ou desgaste excessivo no pneu";"Saída de leito carroçável";"Com Vítimas Feridas";"Amanhecer";"Crescente";"Nublado";"Dupla";"Curva";"Não";3;0;1;0;2;0;1;1;-8,097477;-35,060614;"SPRF-PE";"DEL01-PE";"UOP01-DEL01-PE"
171924;2018-11-12;"segunda-feira";"19:40:00";"SC";280;28,9;"ARAQUARI";"Desobediência às normas de trânsito pelo condutor";"Colisão lateral";"Com Vítimas Feridas";"Plena Noite";"Decrescente";"Nublado";"Simples";"Reta";"Sim";4;0;0;1;2;2;1;5;-26,41041188;-48,75255433;"SPRF-SC";"DEL03-SC";"UOP03-DEL03-SC"
171935;2018-11-13;"terça-feira";"02:10:00";"PB";101;7;"MATARACA";"Deficiência ou não Acionamento do Sistema de Iluminação/Sinalização do Veículo";"Colisão lateral";"Sem Vítimas";"Plena Noite";"Decrescente";"Nublado";"Dupla";"Reta";"Não";3;0;0;0;2;3;0;5;-6,5608382;-35,1366967;"SPRF-PB";"DEL01-PB";"UOP04-DEL01-PB"
171936;2018-11-16;"sexta-feira";"09:04:00";"RJ";116;240,3;"PIRAI";"Falta de Atenção à Condução";"Tombamento";"Sem Vítimas";"Pleno dia";"Decrescente";"Nublado";"Dupla";"Curva";"Não";2;0;0;0;1;1;0;2;-22,658323;-43,889694;"SPRF-RJ";"DEL07-RJ";"UOP01-DEL07-RJ"
171938;2018-11-16;"sexta-feira";"08:25:00";"SC";101;112;"ITAJAI";"Ingestão de Álcool";"Tombamento";"Sem Vítimas";"Pleno dia";"Decrescente";"Sol";"Dupla";"Curva";"Sim";2;0;0;0;1;1;0;2;-26,84589825;-48,72058868;"SPRF-SC";"DEL04-SC";"UOP04-DEL04-SC"
171940;2018-11-16;"sexta-feira";"00:30:00";"PA";10;326;"SAO MIGUEL DO GUAMA";"Condutor Dormindo";"Saída de leito carroçável";"Com Vítimas Feridas";"Plena Noite";"Decrescente";"Céu Claro";"Simples";"Reta";"Não";1;0;0;1;0;0;1;1;-1,58699661;-47,49638022;"SPRF-PA";"DEL01-PA";"UOP02-DEL01-PA"
171941;2018-11-16;"sexta-feira";"09:22:00";"PR";277;679;"MEDIANEIRA";"Não guardar distância de segurança";"Colisão traseira";"Com Vítimas Feridas";"Pleno dia";"Crescente";"Sol";"Dupla";"Reta";"Não";2;0;0;1;0;1;1;2;-25,317583;-54,156902;"SPRF-PR";"DEL05-PR";"UOP01-DEL05-PR"
171948;2018-11-16;"sexta-feira";"08:00:00";"CE";116;303,6;"JAGUARIBE";"Defeito Mecânico no Veículo";"Danos eventuais";"Sem Vítimas";"Pleno dia";"Crescente";"Céu Claro";"Simples";"Reta";"Não";2;0;0;0;1;2;0;3;-5,86652829;-38,59401047;"SPRF-CE";"DEL05-CE";"UOP02-DEL05-CE"
171949;2018-11-16;"sexta-feira";"08:50:00";"PB";101;89,5;"JOAO PESSOA";"Falta de Atenção à Condução";"Tombamento";"Sem Vítimas";"Pleno dia";"Decrescente";"Céu Claro";"Dupla";"Retorno Regulamentado";"Sim";2;0;0;0;1;1;0;2;-7,1807;-34,9005;"SPRF-PB";"DEL01-PB";"UOP01-DEL01-PB"
171953;2018-11-16;"sexta-feira";"07:50:00";"SC";101;36,7;"JOINVILLE";"Falta de Atenção à Condução";"Colisão traseira";"Com Vítimas Feridas";"Pleno dia";"Decrescente";"Sol";"Dupla";"Interseção de Vias";"Sim";2;0;1;0;1;0;1;2;-26,2845;-48,8882;"SPRF-SC";"DEL03-SC";"UOP01-DEL03-SC"
171955;2018-11-16;"sexta-feira";"10:55:00";"PR";376;218;"JANDAIA DO SUL";"Velocidade Incompatível";"Tombamento";"Com Vítimas Feridas";"Pleno dia";"Crescente";"Céu Claro";"Simples";"Curva;Aclive";"Sim";2;0;1;0;1;0;1;1;-23,59828435;-51,62464488;"SPRF-PR";"DEL07-PR";"UOP03-DEL07-PR"
171956;2018-11-16;"sexta-feira";"11:10:00";"MG";40;602;"CONGONHAS";"Velocidade Incompatível";"Colisão com objeto estático";"Com Vítimas Feridas";"Pleno dia";"Crescente";"Chuva";"Simples";"Curva";"Sim";4;0;1;0;2;1;1;4;-20,44548123;-43,83953691;"SPRF-MG";"DEL05-MG";"UOP02-DEL05-MG"
171957;2018-11-13;"terça-feira";"01:30:00";"RJ";116;142,8;"DUQUE DE CAXIAS";"Desobediência às normas de trânsito pelo condutor";"Colisão frontal";"Com Vítimas Fatais";"Plena Noite";"Crescente";"Céu Claro";"Dupla";"Reta";"Não";4;1;0;0;2;1;0;3;-22,67009894;-43,27458644;"SPRF-RJ";"DEL04-RJ";"UOP02-DEL04-RJ"
171967;2018-11-16;"sexta-feira";"10:50:00";"PA";316;112;"SANTA MARIA DO PARA";"Desobediência às normas de trânsito pelo condutor";"Colisão lateral";"Sem Vítimas";"Pleno dia";"Decrescente";"Céu Claro";"Simples";"Curva";"Não";2;0;0;0;1;1;0;2;-1,31709;-47,513165;"SPRF-PA";"DEL01-PA";"UOP02-DEL01-PA"
171976;2018-11-16;"sexta-feira";"12:45:00";"MG";40;612,9;"CONGONHAS";"Desobediência às normas de trânsito pelo condutor";"Colisão transversal";"Com Vítimas Feridas";"Pleno dia";"Decrescente";"Chuva";"Simples";"Reta";"Não";3;0;1;0;1;1;1;3;-20,52578348;-43,8273865;"SPRF-MG";"DEL05-MG";"UOP02-DEL05-MG"
171977;2018-11-16;"sexta-feira";"12:45:00";"MT";364;579;"NOBRES";"Velocidade Incompatível";"Colisão com objeto estático";"Com Vítimas Feridas";"Pleno dia";"Decrescente";"Nublado";"Múltipla";"Reta";"Não";2;0;1;0;0;2;1;3;-14,66296;-56,299362;"SPRF-MT";"DEL01-MT";"UOP01-DEL01-MT"
171980;2018-11-16;"sexta-feira";"12:45:00";"SC";282;499,1;"XANXERE";"Condutor Dormindo";"Capotamento";"Com Vítimas Feridas";"Pleno dia";"Crescente";"Sol";"Simples";"Curva";"Não";2;0;1;0;0;1;1;2;-26,88043066;-52,35961676;"SPRF-SC";"DEL07-SC";"UOP01-DEL07-SC"
171981;2018-11-16;"sexta-feira";"13:45:00";"RS";116;515,8;"PELOTAS";"Falta de Atenção à Condução";"Colisão transversal";"Com Vítimas Feridas";"Pleno dia";"Crescente";"Céu Claro";"Dupla";"Reta";"Sim";5;0;1;1;1;2;2;4;-31,66680564;-52,3399793;"SPRF-RS";"DEL07-RS";"UOP01-DEL07-RS"
171982;2018-11-16;"sexta-feira";"09:50:00";"PR";277;500,1;"GUARANIACU";"Carga excessiva e/ou mal acondicionada";"Tombamento";"Sem Vítimas";"Pleno dia";"Crescente";"Céu Claro";"Simples";"Curva";"Não";2;0;0;0;1;1;0;2;-25,14963555;-52,69901276;"SPRF-PR";"DEL04-PR";"UOP04-DEL04-PR"
171991;2018-11-16;"sexta-feira";"09:50:00";"BA";242;340;"LENCOIS";"Falta de Atenção à Condução";"Colisão com objeto em movimento";"Com Vítimas Feridas";"Pleno dia";"Decrescente";"Céu Claro";"Simples";"Reta";"Não";13;0;9;0;3;1;9;4;-12,50898403;-41,22619629;"SPRF-BA";"DEL06-BA";"UOP01-DEL06-BA"
171995;2018-11-16;"sexta-feira";"13:40:00";"MS";163;310;"RIO BRILHANTE";"Avarias e/ou desgaste excessivo no pneu";"Saída de leito carroçável";"Com Vítimas Feridas";"Pleno dia";"Decrescente";"Chuva";"Simples";"Reta";"Não";8;0;4;0;4;0;4;2;-21,892562;-54,523814;"SPRF-MS";"DEL02-MS";"UOP02-DEL02-MS"
172001;2018-11-16;"sexta-feira";"14:40:00";"PR";277;5;"PARANAGUA";"Falta de Atenção à Condução";"Colisão transversal";"Com Vítimas Feridas";"Pleno dia";"Crescente";"Céu Claro";"Dupla";"Interseção de Vias;Em Obras";"Não";4;0;1;0;3;0;1;2;-25,55614794;-48,56431246;"SPRF-PR";"DEL01-PR";"UOP05-DEL01-PR"
172003;2018-11-16;"sexta-feira";"12:30:00";"SC";282;308;"VARGEM";"Falta de Atenção à Condução";"Saída de leito carroçável";"Sem Vítimas";"Pleno dia";"Decrescente";"Céu Claro";"Simples";"Curva";"Sim";2;0;0;0;1;1;0;2;-27,48989297;-50,97904623;"SPRF-SC";"DEL07-SC";"UOP06-DEL07-SC"
172007;2018-11-16;"sexta-feira";"14:50:00";"AL";316;191,5;"TANQUE DARCA";"Falta de Atenção à Condução";"Colisão lateral";"Com Vítimas Feridas";"Pleno dia";"Decrescente";"Céu Claro";"Simples";"Curva";"Não";4;0;1;0;3;0;1;3;-9,577577;-36,410408;"SPRF-AL";"DEL03-AL";"UOP01-DEL03-AL"
172013;2018-11-14;"quarta-feira";"06:20:00";"MT";174;275,9;"PONTES E LACERDA";"Defeito na Via";"Tombamento";"Com Vítimas Feridas";"Amanhecer";"Crescente";"Céu Claro";"Simples";"Declive";"Não";3;0;0;1;1;3;1;5;-15,32024576;-59,23472152;"SPRF-MT";"DEL04-MT";"UOP01-DEL04-MT"
172017;2018-11-16;"sexta-feira";"16:35:00";"PR";476;124;"CURITIBA";"Defeito na Via";"Colisão lateral";"Sem Vítimas";"Pleno dia";"Crescente";"Céu Claro";"Dupla";"Interseção de Vias";"Sim";2;0;0;0;2;0;0;2;-25,399845;-49,215855;"SPRF-PR";"DEL01-PR";"UOP07-DEL01-PR"