"id";"data_inversa";"dia_semana";"horario";"uf";"br";"km";"municipio";"causa_acidente";"tipo_acidente";"classificacao_acidente";"fase_dia";"sentido_via";"condicao_metereologica";"tipo_pista";"tracado_via";"uso_solo";"pessoas";"mortos";"feridos_leves";"feridos_graves";"ilesos";"ignorados";"feridos";"veiculos";"latitude";"longitude";"regional";"delegacia";"uop"
172019;2018-11-16;"sexta-feira";"14:00:00";"MG";381;528;"BRUMADINHO";"Velocidade Incompatível";"Saída de leito carroçável";"Sem Vítimas";"Pleno dia";"Crescente";"Chuva";"Dupla";"Curva";"Não";2;0;0;0;1;1;0;2;-20,1634;-44,3399;"SPRF-MG";"DEL04-MG";"UOP03-DEL04-MG"
172025;2018-09-14;"sexta-feira";"07:00:00";"SC";280;79,8;"CORUPA";"Ultrapassagem Indevida";"Colisão lateral";"Com Vítimas Feridas";"Amanhecer";"Crescente";"Céu Claro";"Simples";"Ponte";"Não";3;0;1;0;1;1;1;3;-26,446527;-49,201656;"SPRF-SC";"DEL06-SC";"UOP03-DEL06-SC"
172030;2018-11-16;"sexta-feira";"17:55:00";"SC";101;50,9;"JOINVILLE";"Ingestão de Álcool";"Colisão lateral";"Com Vítimas Feridas";"Pleno dia";"Crescente";"Céu Claro";"Dupla";"Reta";"Não";3;0;0;1;1;1;1;3;-26,3949;-48,8389;"SPRF-SC";"DEL03-SC";"UOP01-DEL03-SC"
172036;2018-11-16;"sexta-feira";"16:20:00";"MS";163;762,3;"COXIM";"Defeito Mecânico no Veículo";"Engavetamento";"Com Vítimas Feridas";"Pleno dia";"Crescente";"Céu Claro";"Simples";"Aclive";"Não";6;0;2;0;3;1;2;4;-18,232993;-54,655;"SPRF-MS";"DEL06-MS";"UOP01-DEL06-MS"
172037;2018-11-16;"sexta-feira";"17:20:00";"PE";407;119,3;"PETROLINA";"Defeito Mecânico no Veículo";"Tombamento";"Com Vítimas Feridas";"Pleno dia";"Decrescente";"Sol";"Simples";"Reta";"Não";3;0;0;2;0;1;2;2;-9,338123;-40,559594;"SPRF-PE";"DEL06-PE";"UOP02-DEL06-PE"
172038;2018-11-16;"sexta-feira";"16:30:00";"SC";282;96,7;"ALFREDO WAGNER";"Falta de Atenção à Condução";"Colisão frontal";"Com Vítimas Feridas";"Pleno dia";"Crescente";"Nublado";"Dupla";"Curva";"Não";2;0;0;1;1;0;1;2;-27,712412;-49,263622;"SPRF-SC";"DEL01-SC";"UOP03-DEL01-SC"
172044;2018-11-16;"sexta-feira";"18:15:00";"SP";116;558;"BARRA DO TURVO";"Falta de Atenção à Condução";"Colisão lateral";"Com Vítimas Feridas";"Anoitecer";"Decrescente";"Céu Claro";"Dupla";"Curva";"Não";4;0;2;0;1;2;2;4;-24,99974968;-48,50875854;"SPRF-SP";"DEL05-SP";"UOP02-DEL05-SP"
172045;2018-11-16;"sexta-feira";"18:20:00";"PE";101;73,8;"RECIFE";"Ultrapassagem Indevida";"Colisão lateral";"Com Vítimas Feridas";"Plena Noite";"Crescente";"Nublado";"Simples";"Em Obras;Reta";"Sim";4;0;0;1;0;3;1;3;-8,1015;-34,94931;"SPRF-PE";"DEL01-PE";"UOP01-DEL01-PE"
172051;2018-11-16;"sexta-feira";"17:00:00";"MA";222;663,9;"ACAILANDIA";"Falta de Atenção à Condução";"Colisão traseira";"Com Vítimas Feridas";"Pleno dia";"Crescente";"Céu Claro";"Simples";"Declive";"Sim";2;0;1;0;1;0;1;2;-4,91035982;-47,38128662;"SPRF-MA";"DEL04-MA";"UOP03-DEL04-MA"
172054;2018-11-16;"sexta-feira";"20:20:00";"MG";364;33;"FRUTAL";"Ingestão de Álcool";"Colisão lateral";"Com Vítimas Feridas";"Plena Noite";"Decrescente";"Nublado";"Simples";"Ponte";"Não";4;0;1;0;2;3;1;6;-20,003366;-48,9427;"SPRF-MG";"DEL13-MG";"UOP02-DEL13-MG"
172075;2018-11-16;"sexta-feira";"21:30:00";"RJ";101;53;"CAMPOS DOS GOYTACAZES";"Desobediência às normas de trânsito pelo condutor";"Colisão frontal";"Com Vítimas Feridas";"Plena Noite";"Crescente";"Céu Claro";"Simples";"Reta";"Sim";2;0;0;1;1;0;1;2;-21,660471;-41,311291;"SPRF-RJ";"DEL08-RJ";"UOP01-DEL08-RJ"
172078;2018-11-16;"sexta-feira";"22:00:00";"RJ";101;72;"CAMPOS DOS GOYTACAZES";"Desobediência às normas de trânsito pelo condutor";"Colisão traseira";"Com Vítimas Fatais";"Plena Noite";"Crescente";"Nublado";"Simples";"Reta";"Não";2;1;0;0;1;0;0;2;-21,791758;-41,388409;"SPRF-RJ";"DEL08-RJ";"UOP02-DEL08-RJ"
172079;2018-11-16;"sexta-feira";"16:00:00";"BA";110;120;"ANTAS";"Defeito Mecânico no Veículo";"Incêndio";"Sem Vítimas";"Pleno dia";"Crescente";"Céu Claro";"Simples";"Aclive";"Não";2;0;0;0;1;1;0;2;-10,47160728;-38,3776474;"SPRF-BA";"DEL07-BA";"UOP01-DEL07-BA"
172081;2018-11-16;"sexta-feira";"19:10:00";"MS";158;91;"PARANAIBA";"Ingestão de Álcool";"Colisão lateral";"Sem Vítimas";"Plena Noite";"Crescente";"Nublado";"Dupla";"Rotatória";"Sim";2;0;0;0;1;1;0;2;-19,65694539;-51,20421767;"SPRF-MS";"DEL08-MS";"UOP01-DEL08-MS"
172082;2018-11-16;"sexta-feira";"21:20:00";"SC";101;386,8;"ICARA";"Falta de Atenção à Condução";"Colisão traseira";"Com Vítimas Fatais";"Plena Noite";"Crescente";"Céu Claro";"Dupla";"Interseção de Vias";"Não";3;1;0;0;2;0;0;3;-28,7806;-49,328;"SPRF-SC";"DEL02-SC";"UOP02-DEL02-SC"
172086;2018-11-16;"sexta-feira";"23:10:00";"ES";101;255,4;"SERRA";"Ingestão de Álcool";"Colisão transversal";"Com Vítimas Feridas";"Plena Noite";"Decrescente";"Ignorado";"Simples";"Interseção de Vias";"Sim";4;0;2;0;2;0;2;2;-20,1173172;-40,31483841;"SPRF-ES";"DEL02-ES";"UOP01-DEL02-ES"
172088;2018-11-16;"sexta-feira";"22:00:00";"PA";10;290,7;"MAE DO RIO";"Falta de Atenção à Condução";"Saída de leito carroçável";"Com Vítimas Feridas";"Plena Noite";"Crescente";"Céu Claro";"Simples";"Reta";"Não";2;0;1;0;0;1;1;2;-1,81732633;-47,51468897;"SPRF-PA";"DEL02-PA";"UOP01-DEL02-PA"
172107;2018-11-17;"sábado";"04:00:00";"PE";101;42,7;"IGARASSU";"Ingestão de Álcool";"Colisão transversal";"Com Vítimas Fatais";"Amanhecer";"Crescente";"Vento";"Múltipla";"Declive";"Sim";5;1;1;1;1;1;2;3;-7,8457;-34,9102;"SPRF-PE";"DEL01-PE";"UOP02-DEL01-PE"
172108;2018-11-17;"sábado";"04:20:00";"CE";222;301,6;"TIANGUA";"Defeito Mecânico no Veículo";"Tombamento";"Com Vítimas Feridas";"Plena Noite";"Decrescente";"Céu Claro";"Simples";"Curva";"Não";2;0;1;0;0;1;1;2;-3,66034834;-40,95077634;"SPRF-CE";"DEL04-CE";"UOP02-DEL04-CE"
172112;2018-11-13;"terça-feira";"18:00:00";"RS";116;308,5;"GUAIBA";"Avarias e/ou desgaste excessivo no pneu";"Colisão com objeto em movimento";"Sem Vítimas";"Pleno dia";"Crescente";"Céu Claro";"Simples";"Reta";"Não";2;0;0;0;2;0;0;2;-30,18772176;-51,39661789;"SPRF-RS";"DEL02-RS";"UOP01-DEL02-RS"
172117;2018-11-17;"sábado";"04:35:00";"PR";376;655,1;"TIJUCAS DO SUL";"Falta de Atenção à Condução";"Saída de leito carroçável";"Sem Vítimas";"Plena Noite";"Crescente";"Nublado";"Dupla";"Curva";"Não";4;0;0;0;3;1;0;2;-25,84192135;-49,03953552;"SPRF-PR";"DEL01-PR";"DEL7/1-UOP08/PR"
172120;2018-11-17;"sábado";"06:10:00";"ES";259;50;"COLATINA";"Carga excessiva e/ou mal acondicionada";"Tombamento";"Com Vítimas Feridas";"Pleno dia";"Crescente";"Céu Claro";"Simples";"Curva";"Sim";2;0;0;1;0;2;1;3;-19,50880241;-40,60606765;"SPRF-ES";"DEL02-ES";"UOP01-DEL02-ES"
172122;2018-11-17;"sábado";"00:30:00";"BA";116;466,6;"SANTO ESTEVAO";"Ingestão de Álcool";"Tombamento";"Com Vítimas Feridas";"Plena Noite";"Decrescente";"Céu Claro";"Dupla";"Reta";"Não";2;0;1;0;0;2;1;3;-12,48324833;-39,31654394;"SPRF-BA";"DEL02-BA";"UOP01-DEL02-BA"
172124;2018-11-17;"sábado";"05:50:00";"PR";163;255,9;"TOLEDO";"Falta de Atenção à Condução";"Colisão frontal";"Com Vítimas Fatais";"Amanhecer";"Decrescente";"Céu Claro";"Simples";"Reta";"Não";3;1;0;0;1;2;0;4;-24,6777;-53,7906;"SPRF-PR";"DEL04-PR";"UOP01-DEL04-PR"
172129;2018-11-13;"terça-feira";"23:40:00";"MG";262;29,1;"REDUTO";"Defeito Mecânico no Veículo";"Saída de leito carroçável";"Com Vítimas Feridas";"Plena Noite";"Decrescente";"Céu Claro";"Simples";"Declive;Reta";"Não";1;0;1;0;0;0;1;1;-20,2481735;-41,9843606;"SPRF-MG";"DEL06-MG";"UOP03-DEL06-MG"
172131;2018-11-16;"sexta-feira";"03:00:00";"MT";163;1111;"GUARANTA DO NORTE";"Defeito Mecânico no Veículo";"Incêndio";"Sem Vítimas";"Plena Noite";"Decrescente";"Nublado";"Simples";"Curva";"Não";2;0;0;0;1;1;0;2;-9,60152501;-54,88990622;"SPRF-MT";"DEL06-MT";"UOP02-DEL06-MT"
172133;2018-11-16;"sexta-feira";"19:14:00";"RO";429;107;"ALVORADA DOESTE";"Defeito na Via";"Saída de leito carroçável";"Com Vítimas Feridas";"Anoitecer";"Decrescente";"Ignorado";"Simples";"Reta";"Não";2;0;1;0;1;0;1;1;-11,447568;-62,378643;"SPRF-RO";"DEL02-RO";"UOP03-DEL02-RO"
172140;2018-11-17;"sábado";"10:40:00";"RS";285;457,4;"IJUI";"Falta de Atenção à Condução";"Colisão transversal";"Com Vítimas Feridas";"Pleno dia";"Decrescente";"Céu Claro";"Simples";"Reta";"Sim";5;0;2;0;3;0;2;2;-28,39947931;-53,89812112;"SPRF-RS";"DEL10-RS";"UOP01-DEL10-RS"
172142;2018-11-17;"sábado";"10:00:00";"ES";101;298,2;"VIANA";"Desobediência às normas de trânsito pelo condutor";"Colisão lateral";"Com Vítimas Feridas";"Pleno dia";"Decrescente";"Céu Claro";"Dupla";"Em Obras";"Sim";2;0;0;1;1;0;1;2;-20,35544059;-40,41709721;"SPRF-ES";"DEL01-ES";"UOP01-DEL01-ES"
172148;2018-11-17;"sábado";"05:40:00";"MG";116;221,9;"CATUJI";"Falta de Atenção à Condução";"Colisão com objeto estático";"Sem Vítimas";"Amanhecer";"Crescente";"Ignorado";"Simples";"Curva";"Não";1;0;0;0;1;0;0;1;-17,4764322;-41,50634766;"SPRF-MG";"DEL11-MG";"UOP01-DEL11-MG"
172151;2018-11-17;"sábado";"12:00:00";"MG";381;728,2;"CARMO DA CACHOEIRA";"Falta de Atenção à Condução";"Colisão lateral";"Com Vítimas Feridas";"Pleno dia";"Decrescente";"Ignorado";"Dupla";"Curva";"Não";5;0;3;0;1;1;3;3;-21,4957;-45,2105;"SPRF-MG";"DEL04-MG";"UOP02-DEL04-MG"
172152;2018-11-17;"sábado";"10:30:00";"SC";282;462,2;"PONTE SERRADA";"Desobediência às normas de trânsito pelo condutor";"Colisão transversal";"Com Vítimas Feridas";"Pleno dia";"Crescente";"Sol";"Simples";"Reta";"Sim";3;0;1;0;1;1;1;3;-26,857594;-52,050583;"SPRF-SC";"DEL07-SC";"UOP04-DEL07-SC"
172161;2018-11-17;"sábado";"14:00:00";"SC";101;135,2;"BALNEARIO CAMBORIU";"Velocidade Incompatível";"Colisão traseira";"Com Vítimas Feridas";"Pleno dia";"Crescente";"Céu Claro";"Dupla";"Reta";"Sim";5;0;0;1;4;0;1;4;-27,0081;-48,617;"SPRF-SC";"DEL04-SC";"UOP03-DEL04-SC"
172162;2018-11-17;"sábado";"13:15:00";"BA";242;287,7;"LAJEDINHO";"Falta de Atenção à Condução";"Colisão frontal";"Com Vítimas Fatais";"Pleno dia";"Crescente";"Sol";"Simples";"Reta";"Não";5;1;0;1;2;2;1;4;-12,464694;-40,9752723;"SPRF-BA";"DEL06-BA";"UOP02-DEL06-BA"
172165;2018-11-17;"sábado";"14:15:00";"GO";40;11;"LUZIANIA";"Falta de Atenção à Condução";"Colisão lateral";"Sem Vítimas";"Pleno dia";"Decrescente";"Nublado";"Dupla";"Reta";"Sim";4;0;0;0;3;1;0;4;-16,138336;-47,951644;"SPRF-DF";"DEL01-DF";"UOP01-DEL01-DF"
172166;2018-11-13;"terça-feira";"11:20:00";"MT";174;447;"COMODORO";"Mal Súbito";"Saída de leito carroçável";"Com Vítimas Feridas";"Pleno dia";"Crescente";"Céu Claro";"Simples";"Aclive";"Não";2;0;1;0;0;2;1;3;-13,99930528;-59,75003273;"SPRF-MT";"DEL04-MT";"UOP01-DEL04-MT"
172167;2018-11-17;"sábado";"11:10:00";"SC";470;111,8;"IBIRAMA";"Defeito Mecânico no Veículo";"Colisão com objeto em movimento";"Sem Vítimas";"Pleno dia";"Crescente";"Céu Claro";"Simples";"Curva";"Não";4;0;0;0;3;1;0;4;-27,09897859;-49,46343586;"SPRF-SC";"DEL04-SC";"UOP02-DEL04-SC"
172170;2018-11-17;"sábado";"13:30:00";"SC";470;158,4;"TROMBUDO CENTRAL";"Defeito Mecânico no Veículo";"Incêndio";"Sem Vítimas";"Pleno dia";"Crescente";"Céu Claro";"Simples";"Reta";"Não";2;0;0;0;1;1;0;2;-27,28676214;-49,79693552;"SPRF-SC";"DEL04-SC";"UOP02-DEL04-SC"
172173;2018-11-01;"quinta-feira";"14:30:00";"PB";230;239,4;"JUAZEIRINHO";"Defeito Mecânico no Veículo";"Tombamento";"Com Vítimas Feridas";"Pleno dia";"Crescente";"Sol";"Simples";"Reta";"Não";2;0;1;0;1;0;1;1;-7,06054049;-36,55678153;"SPRF-PB";"DEL02-PB";"UOP02-DEL02-PB"
172175;2018-11-17;"sábado";"02:30:00";"BA";101;48,5;"ESPLANADA";"Animais na Pista";"Atropelamento de Animal";"Com Vítimas Feridas";"Plena Noite";"Crescente";"Ignorado";"Simples";"Declive";"Não";1;0;1;0;0;0;1;1;-11,87038526;-37,99094796;"SPRF-SE";"DEL02-SE";"UOP03-DEL02-SE"
172179;2018-11-17;"sábado";"15:20:00";"ES";101;229,1;"FUNDAO";"Falta de Atenção à Condução";"Colisão frontal";"Com Vítimas Feridas";"Pleno dia";"Decrescente";"Chuva";"Simples";"Curva";"Sim";3;0;0;1;1;1;1;3;-19,9298526;-40,40622354;"SPRF-ES";"DEL02-ES";"UOP01-DEL02-ES"
172181;2018-11-17;"sábado";"15:20:00";"MG";40;333;"FELIXLANDIA";"Defeito Mecânico no Veículo";"Saída de leito carroçável";"Com Vítimas Feridas";"Pleno dia";"Decrescente";"Nublado";"Dupla";"Reta";"Não";2;0;1;0;0;1;1;2;-18,598295;-45,010262;"SPRF-MG";"DEL14-MG";"UOP02-DEL14-MG"
172194;2018-11-17;"sábado";"13:35:00";"MG";116;689,5;"MURIAE";"Velocidade Incompatível";"Colisão lateral";"Com Vítimas Feridas";"Pleno dia";"Decrescente";"Nublado";"Simples";"Curva";"Não";3;0;0;2;1;0;2;2;-21,00230579;-42,36726433;"SPRF-MG";"DEL07-MG";"UOP02-DEL07-MG"
172197;2018-11-17;"sábado";"16:55:00";"SC";101;206;"SAO JOSE";"Desobediência às normas de trânsito pelo condutor";"Colisão lateral";"Com Vítimas Feridas";"Pleno dia";"Decrescente";"Céu Claro";"Dupla";"Reta";"Sim";4;0;2;0;1;1;2;3;-27,6001;-48,6225;"SPRF-SC";"DEL01-SC";"UOP01-DEL01-SC"
172208;2018-11-17;"sábado";"15:20:00";"MG";116;777,2;"LEOPOLDINA";"Carga excessiva e/ou mal acondicionada";"Derramamento de carga";"Sem Vítimas";"Pleno dia";"Decrescente";"Sol";"Simples";"Curva";"Não";3;0;0;0;1;2;0;3;-21,59643761;-42,69213885;"SPRF-MG";"DEL07-MG";"UOP01-DEL07-MG"
172211;2018-11-17;"sábado";"13:50:00";"RS";386;313,6;"MARQUES DE SOUZA";"Desobediência às normas de trânsito pelo condutor";"Colisão frontal";"Com Vítimas Fatais";"Pleno dia";"Crescente";"Nublado";"Simples";"Curva";"Não";4;2;1;0;0;1;1;3;-29,25285599;-52,16241002;"SPRF-RS";"DEL04-RS";"UOP01-DEL04-RS"
172212;2018-11-17;"sábado";"16:45:00";"PR";376;597,8;"CURITIBA";"Falta de Atenção à Condução";"Colisão lateral";"Com Vítimas Feridas";"Pleno dia";"Decrescente";"Céu Claro";"Dupla";"Reta";"Sim";4;0;2;0;1;2;2;4;-25,48618465;-49,34680939;"SPRF-PR";"DEL01-PR";"UOP06-DEL01-PR"
172217;2018-11-17;"sábado";"13:15:00";"PE";428;60;"SANTA MARIA DA BOA VISTA";"Agressão Externa";"Saída de leito carroçável";"Sem Vítimas";"Pleno dia";"Decrescente";"Céu Claro";"Simples";"Reta";"Não";1;0;0;0;1;0;0;1;-8,628587;-39,704433;"SPRF-PE";"DEL06-PE";"UOP03-DEL06-PE"
172218;2018-11-17;"sábado";"11:10:00";"PR";153;135;"VENTANIA";"Velocidade Incompatível";"Capotamento";"Com Vítimas Feridas";"Pleno dia";"Crescente";"Céu Claro";"Simples";"Curva";"Não";1;0;0;1;0;0;1;1;-24,0422509;-50,25039012;"SPRF-PR";"DEL07-PR";"UOP04-DEL07-PR"
172230;2018-11-17;"sábado";"19:15:00";"PR";277;603,6;"SANTA TEREZA DO OESTE";"Falta de Atenção à Condução";"Colisão frontal";"Com Vítimas Fatais";"Anoitecer";"Crescente";"Sol";"Simples";"Reta";"Não";7;5;0;1;0;1;1;3;-25,02817;-53,559834;"SPRF-PR";"DEL05-PR";"UOP02-DEL05-PR"
172238;2018-11-17;"sábado";"20:44:00";"GO";153;308,3;"RIALMA";"Falta de Atenção à Condução";"Tombamento";"Com Vítimas Feridas";"Plena Noite";"Crescente";"Chuva";"Simples";"Aclive";"Não";4;0;0;1;2;1;1;4;-15,35114442;-49,56773758;"SPRF-GO";"DEL02-GO";"UOP02-DEL02-GO"
172241;2018-11-17;"sábado";"14:00:00";"RS";158;420,2;"SAO GABRIEL";"Falta de Atenção à Condução";"Colisão lateral";"Com Vítimas Fatais";"Pleno dia";"Decrescente";"Chuva";"Simples";"Aclive";"Não";5;1;0;0;2;2;0;4;-30,04234964;-54,59381104;"SPRF-RS";"DEL11-RS";"UOP02-DEL11-RS"
172256;2018-11-17;"sábado";"19:00:00";"MA";135;1,8;"SAO LUIS";"Desobediência às normas de trânsito pelo condutor";"Colisão traseira";"Sem Vítimas";"Plena Noite";"Decrescente";"Céu Claro";"Dupla";"Reta";"Sim";3;0;0;0;3;0;0;3;-2,589216;-44,244244;"SPRF-MA";"DEL01-MA";"UOP01-DEL01-MA"
172262;2018-11-17;"sábado";"21:45:00";"PR";376;204;"MANDAGUARI";"Ingestão de Álcool";"Saída de leito carroçável";"Sem Vítimas";"Plena Noite";"Decrescente";"Céu Claro";"Dupla";"Curva";"Não";2;0;0;0;2;0;0;2;-23,50874664;-51,71848297;"SPRF-PR";"DEL07-PR";"UOP01-DEL09-PR"
172269;2018-11-17;"sábado";"21:48:00";"SP";116;354;"MIRACATU";"Defeito Mecânico no Veículo";"Queda de ocupante de veículo";"Com Vítimas Feridas";"Plena Noite";"Crescente";"Ignorado";"Dupla";"Reta;Declive";"Não";2;0;1;0;1;0;1;2;-24,09379794;-47,25408554;"SPRF-SP";"DEL04-SP";"UOP03-DEL04-SP"
172274;2018-11-13;"terça-feira";"14:00:00";"MG";251;199;"CACHOEIRA DE PAJEU";"Falta de Atenção à Condução";"Tombamento";"Sem Vítimas";"Pleno dia";"Crescente";"Céu Claro";"Simples";"Reta";"Não";2;0;0;0;1;1;0;2;-15,873;-41,4463;"SPRF-MG";"DEL11-MG";"UOP02-DEL11-MG"
172276;2018-11-17;"sábado";"20:50:00";"PB";230;352,8;"PATOS";"Ingestão de Álcool";"Colisão traseira";"Com Vítimas Feridas";"Plena Noite";"Decrescente";"Céu Claro";"Simples";"Reta";"Não";2;0;0;1;0;1;1;2;-6,94110306;-37,40649462;"SPRF-PB";"DEL03-PB";"UOP01-DEL03-PB"
172284;2018-11-17;"sábado";"10:21:00";"MG";365;315,9;"SAO GONCALO DO ABAETE";"Ultrapassagem Indevida";"Tombamento";"Com Vítimas Feridas";"Pleno dia";"Crescente";"Chuva";"Simples";"Curva";"Não";2;0;0;1;0;1;1;2;-18,236425;-45,855217;"SPRF-MG";"DEL10-MG";"UOP01-DEL10-MG"
172290;2018-11-17;"sábado";"23:15:00";"TO";153;573,5;"SANTA RITA DO TOCANTINS";"Defeito na Via";"Tombamento";"Com Vítimas Feridas";"Plena Noite";"Crescente";"Nublado";"Simples";"Em Obras;Aclive;Reta";"Sim";2;0;1;0;0;1;1;2;-10,85990704;-48,90541971;"SPRF-TO";"DEL02-TO";"UOP01-DEL01-TO"
172296;2018-11-17;"sábado";"23:00:00";"MG";381;178,2;"GOVERNADOR VALADARES";"Ultrapassagem Indevida";"Colisão frontal";"Com Vítimas Feridas";"Plena Noite";"Crescente";"Nevoeiro/Neblina";"Simples";"Reta";"Não";8;0;5;1;1;1;6;3;-18,99529869;-42,11980104;"SPRF-MG";"DEL06-MG";"UOP01-DEL06-MG"
172298;2018-11-18;"domingo";"02:00:00";"MT";364;160;"PEDRA PRETA";"Condutor Dormindo";"Tombamento";"Com Vítimas Feridas";"Plena Noite";"Decrescente";"Ignorado";"Simples";"Reta";"Não";2;0;1;0;0;2;1;3;-16,72057;-54,263824;"SPRF-MT";"DEL02-MT";"UOP01-DEL02-MT"
172322;2018-11-18;"domingo";"05:50:00";"GO";153;298,5;"RIALMA";"Ingestão de Álcool";"Colisão transversal";"Sem Vítimas";"Pleno dia";"Crescente";"Nublado";"Simples";"Reta";"Não";2;0;0;0;1;1;0;2;-15,27400532;-49,55091745;"SPRF-GO";"DEL02-GO";"UOP02-DEL02-GO"
172325;2018-11-18;"domingo";"05:40:00";"PR";376;631;"SAO JOSE DOS PINHAIS";"Velocidade Incompatível";"Colisão traseira";"Com Vítimas Fatais";"Plena Noite";"Crescente";"Céu Claro";"Dupla";"Reta";"Não";4;1;0;0;1;2;0;4;-25,69846299;-49,14430261;"SPRF-PR";"DEL01-PR";"DEL7/1-UOP08/PR"
172327;2018-11-18;"domingo";"05:45:00";"PR";376;629,2;"SAO JOSE DOS PINHAIS";"Desobediência às normas de trânsito pelo condutor";"Colisão lateral";"Com Vítimas Fatais";"Amanhecer";"Crescente";"Nublado";"Dupla";"Curva";"Sim";4;2;0;0;1;1;0;3;-25,69908172;-49,14401293;"SPRF-PR";"DEL01-PR";"DEL7/1-UOP08/PR"
172332;2018-11-18;"domingo";"05:30:00";"MG";116;487;"INHAPIM";"Desobediência às normas de trânsito pelo condutor";"Colisão traseira";"Com Vítimas Feridas";"Amanhecer";"Crescente";"Céu Claro";"Simples";"Interseção de Vias";"Não";5;0;3;0;2;0;3;2;-19,44168875;-42,12966943;"SPRF-MG";"DEL06-MG";"UOP02-DEL06-MG"
172339;2018-11-18;"domingo";"07:30:00";"GO";153;490,4;"GOIANIA";"Falta de Atenção à Condução";"Tombamento";"Sem Vítimas";"Pleno dia";"Decrescente";"Nublado";"Múltipla";"Reta";"Sim";2;0;0;0;1;2;0;3;-16,6298;-49,2056;"SPRF-GO";"DEL01-GO";"UOP01-DEL01-GO"
172344;2018-11-18;"domingo";"06:40:00";"MG";365;402,6;"PATOS DE MINAS";"Condutor Dormindo";"Saída de leito carroçável";"Com Vítimas Feridas";"Amanhecer";"Decrescente";"Nublado";"Simples";"Aclive";"Não";2;0;1;0;0;1;1;2;-18,635279;-46,443611;"SPRF-MG";"DEL10-MG";"UOP01-DEL10-MG"
172346;2018-11-18;"domingo";"07:30:00";"PI";343;335,5;"TERESINA";"Defeito Mecânico no Veículo";"Saída de leito carroçável";"Sem Vítimas";"Pleno dia";"Decrescente";"Céu Claro";"Dupla";"Curva";"Sim";3;0;0;0;2;2;0;3;-5,06351131;-42,70034373;"SPRF-PI";"DEL01-PI";"UOP01-DEL01-PI"
172352;2018-11-18;"domingo";"09:30:00";"PR";376;652,9;"TIJUCAS DO SUL";"Velocidade Incompatível";"Engavetamento";"Sem Vítimas";"Pleno dia";"Decrescente";"Chuva";"Dupla";"Aclive;Curva";"Não";6;0;0;0;5;2;0;7;-25,842;-49,058;"SPRF-PR";"DEL01-PR";"DEL7/1-UOP08/PR"
172358;2018-11-18;"domingo";"09:00:00";"PE";101;36,9;"IGARASSU";"Defeito Mecânico no Veículo";"Colisão traseira";"Com Vítimas Feridas";"Pleno dia";"Decrescente";"Sol";"Dupla";"Declive";"Sim";4;0;1;0;2;1;1;3;-7,806667;-34,924167;"SPRF-PE";"DEL01-PE";"UOP02-DEL01-PE"
172361;2018-11-18;"domingo";"07:50:00";"PR";376;182,1;"MARINGA";"Não guardar distância de segurança";"Colisão lateral";"Com Vítimas Fatais";"Pleno dia";"Decrescente";"Nublado";"Dupla";"Curva";"Sim";3;1;0;0;1;1;0;3;-23,432288;-51,886326;"SPRF-PR";"DEL07-PR";"UOP01-DEL09-PR"
172363;2018-11-18;"domingo";"10:40:00";"RS";158;220,3;"CRUZ ALTA";"Falta de Atenção à Condução";"Colisão lateral";"Com Vítimas Feridas";"Pleno dia";"Crescente";"Chuva";"Simples";"Declive";"Não";2;0;1;0;1;0;1;2;-28,864;-53,616;"SPRF-RS";"DEL10-RS";"UOP02-DEL10-RS"
172364;2018-11-18;"domingo";"09:30:00";"MG";251;460;"GRAO MOGOL";"Falta de Atenção à Condução";"Colisão lateral";"Sem Vítimas";"Pleno dia";"Crescente";"Céu Claro";"Simples";"Reta";"Não";3;0;0;0;2;2;0;4;-16,4143;-43,3699;"SPRF-MG";"DEL12-MG";"UOP01-DEL12-MG"
172391;2018-11-18;"domingo";"13:40:00";"MG";365;675;"MONTE ALEGRE DE MINAS";"Pista Escorregadia";"Capotamento";"Com Vítimas Feridas";"Pleno dia";"Crescente";"Chuva";"Dupla";"Reta";"Não";4;0;1;0;2;1;1;4;-18,884;-48,7362;"SPRF-MG";"DEL15-MG";"UOP01-DEL15-MG"
172392;2018-11-18;"domingo";"13:55:00";"PR";277;397,9;"CANDOI";"Falta de Atenção à Condução";"Colisão transversal";"Com Vítimas Feridas";"Pleno dia";"Decrescente";"Chuva";"Simples";"Curva;Retorno Regulamentado";"Não";4;0;2;0;1;2;2;4;-25,45884264;-51,9523716;"SPRF-PR";"DEL03-PR";"UOP01-DEL08-PR"
172402;2018-11-18;"domingo";"14:00:00";"MG";153;109;"MONTE ALEGRE DE MINAS";"Falta de Atenção à Condução";"Colisão transversal";"Com Vítimas Feridas";"Pleno dia";"Crescente";"Nublado";"Simples";"Retorno Regulamentado";"Sim";7;0;2;3;1;2;5;4;-18,8878;-49,051;"SPRF-MG";"DEL15-MG";"UOP03-DEL15-MG"
172411;2018-11-18;"domingo";"14:00:00";"PE";232;9;"RECIFE";"Não guardar distância de segurança";"Colisão traseira";"Com Vítimas Feridas";"Pleno dia";"Decrescente";"Céu Claro";"Dupla";"Reta";"Sim";5;0;1;0;4;0;1;5;-8,077656;-34,978714;"SPRF-PE";"DEL01-PE";"UOP01-DEL01-PE"
172415;2018-11-18;"domingo";"15:15:00";"MT";163;627;"NOVA MUTUM";"Ingestão de Álcool";"Colisão lateral";"Com Vítimas Feridas";"Pleno dia";"Crescente";"Nublado";"Simples";"Reta";"Não";3;0;1;0;1;3;1;5;-13,72270955;-56,04400635;"SPRF-MT";"DEL01-MT";"UOP01-DEL01-MT"