"id";"data_inversa";"dia_semana";"horario";"uf";"br";"km";"municipio";"causa_acidente";"tipo_acidente";"classificacao_acidente";"fase_dia";"sentido_via";"condicao_metereologica";"tipo_pista";"tracado_via";"uso_solo";"pessoas";"mortos";"feridos_leves";"feridos_graves";"ilesos";"ignorados";"feridos";"veiculos";"latitude";"longitude";"regional";"delegacia";"uop"
172432;2018-11-18;"domingo";"16:20:00";"PR";116;22;"ANTONINA";"Velocidade Incompatível";"Tombamento";"Sem Vítimas";"Pleno dia";"Decrescente";"Chuva";"Dupla";"Curva";"Não";2;0;0;0;1;1;0;2;-25,10984973;-48,7466222;"SPRF-PR";"DEL01-PR";"UOP02-DEL01-PR"
172439;2018-05-14;"segunda-feira";"23:00:00";"BA";101;661,2;"ITAPEBI";"Velocidade Incompatível";"Saída de leito carroçável";"Com Vítimas Feridas";"Plena Noite";"Decrescente";"Ignorado";"Simples";"Curva";"Não";2;0;1;0;0;2;1;3;-15,93987229;-39,55970764;"SPRF-BA";"DEL05-BA";"UOP02-DEL05-BA"
172445;2018-11-18;"domingo";"16:00:00";"PR";163;151,5;"SANTA LUCIA";"Pista Escorregadia";"Colisão frontal";"Com Vítimas Feridas";"Pleno dia";"Crescente";"Garoa/Chuvisco";"Simples";"Reta";"Não";4;0;1;1;2;0;2;3;-25,40510501;-53,57329991;"SPRF-PR";"DEL04-PR";"UOP05-DEL05-PR"
172452;2018-11-18;"domingo";"09:00:00";"SC";282;408;"CATANDUVAS";"Condutor Dormindo";"Saída de leito carroçável";"Sem Vítimas";"Pleno dia";"Crescente";"Garoa/Chuvisco";"Simples";"Curva";"Não";2;0;0;0;1;2;0;3;-27,0778127;-51,66286469;"SPRF-SC";"DEL07-SC";"UOP05-DEL07-SC"
172456;2018-10-24;"quarta-feira";"13:30:00";"MG";50;72;"UBERLANDIA";"Não guardar distância de segurança";"Colisão traseira";"Com Vítimas Feridas";"Pleno dia";"Decrescente";"Chuva";"Dupla";"Reta";"Sim";4;0;1;0;2;1;1;4;-18,89034007;-48,25671673;"SPRF-MG";"DEL15-MG";"UOP01-DEL15-MG"
172469;2018-11-18;"domingo";"17:00:00";"SP";116;409;"JUQUIA";"Falta de Atenção à Condução";"Saída de leito carroçável";"Com Vítimas Feridas";"Pleno dia";"Crescente";"Chuva";"Dupla";"Reta";"Não";4;0;2;0;0;2;2;1;-24,33176903;-47,58522034;"SPRF-SP";"DEL05-SP";"UOP01-DEL05-SP"
172475;2018-11-18;"domingo";"18:40:00";"PR";277;231,7;"FERNANDES PINHEIRO";"Defeito Mecânico no Veículo";"Incêndio";"Sem Vítimas";"Pleno dia";"Crescente";"Céu Claro";"Simples";"Reta";"Não";2;0;0;0;1;1;0;2;-25,46359402;-50,5552277;"SPRF-PR";"DEL03-PR";"UOP02-DEL08-PR"
172492;2018-11-18;"domingo";"21:00:00";"SP";116;143,5;"SAO JOSE DOS CAMPOS";"Falta de Atenção à Condução";"Tombamento";"Com Vítimas Feridas";"Plena Noite";"Decrescente";"Nublado";"Dupla";"Reta";"Sim";1;0;1;0;0;0;1;1;-23,17918555;-45,83899129;"SPRF-SP";"DEL02-SP";"UOP01-DEL02-SP"
172493;2018-11-18;"domingo";"14:30:00";"MA";135;153;"MATOES DO NORTE";"Defeito na Via";"Tombamento";"Sem Vítimas";"Pleno dia";"Decrescente";"Céu Claro";"Simples";"Reta";"Não";2;0;0;0;1;2;0;3;-3,72893977;-44,51248169;"SPRF-MA";"DEL01-MA";"UOP02-DEL01-MA"
172494;2018-11-18;"domingo";"19:50:00";"MG";50;14,8;"UBERLANDIA";"Condutor Dormindo";"Saída de leito carroçável";"Com Vítimas Fatais";"Anoitecer";"Crescente";"Chuva";"Dupla";"Viaduto";"Não";2;1;0;0;0;1;0;2;-18,9113;-48,2622;"SPRF-MG";"DEL15-MG";"UOP02-DEL15-MG"
172511;2018-11-18;"domingo";"22:15:00";"SP";116;456,1;"REGISTRO";"Defeito Mecânico no Veículo";"Colisão com objeto em movimento";"Com Vítimas Feridas";"Plena Noite";"Decrescente";"Chuva";"Dupla";"Reta";"Não";5;0;3;0;1;1;3;3;-24,50464412;-47,82850742;"SPRF-SP";"DEL05-SP";"UOP01-DEL05-SP"
172514;2018-11-18;"domingo";"18:10:00";"RS";392;1,7;"RIO GRANDE";"Velocidade Incompatível";"Tombamento";"Sem Vítimas";"Pleno dia";"Decrescente";"Céu Claro";"Simples";"Curva";"Sim";2;0;0;0;1;1;0;2;-32,044922;-52,085537;"SPRF-RS";"DEL07-RS";"UOP02-DEL07-RS"
172524;2018-11-18;"domingo";"22:10:00";"MG";262;529,9;"LUZ";"Ingestão de Álcool";"Colisão frontal";"Com Vítimas Feridas";"Plena Noite";"Decrescente";"Chuva";"Simples";"Reta;Declive";"Não";6;0;3;1;1;1;4;4;-19,782969;-45,68597;"SPRF-MG";"DEL08-MG";"UOP02-DEL08-MG"
172530;2018-11-18;"domingo";"21:00:00";"PA";316;28;"BENEVIDES";"Velocidade Incompatível";"Colisão com objeto em movimento";"Com Vítimas Feridas";"Plena Noite";"Crescente";"Céu Claro";"Simples";"Reta";"Não";3;0;1;0;1;1;1;3;-1,32527;-48,232117;"SPRF-PA";"DEL01-PA";"DEL19/1-UOP05/PA"
172533;2018-11-18;"domingo";"22:50:00";"SE";101;184,7;"UMBAUBA";"Ingestão de Álcool";"Colisão lateral";"Com Vítimas Feridas";"Plena Noite";"Crescente";"Céu Claro";"Dupla";"Aclive";"Não";3;0;1;0;1;1;1;3;-11,39374097;-37,67448254;"SPRF-SE";"DEL02-SE";"UOP03-DEL02-SE"
172537;2018-11-18;"domingo";"23:50:00";"GO";20;81,1;"FORMOSA";"Condutor Dormindo";"Colisão frontal";"Com Vítimas Fatais";"Plena Noite";"Crescente";"Céu Claro";"Simples";"Reta";"Não";4;1;1;1;1;0;2;2;-15,083676;-47,098251;"SPRF-DF";"DEL02-DF";"UOP03-DEL02-DF"
172541;2018-11-19;"segunda-feira";"00:00:00";"RJ";393;252,6;"BARRA DO PIRAI";"Ingestão de Álcool";"Colisão lateral";"Com Vítimas Feridas";"Plena Noite";"Decrescente";"Nublado";"Simples";"Reta";"Não";3;0;1;0;1;1;1;3;-22,45291801;-43,80558014;"SPRF-RJ";"DEL05-RJ";"UOP04-DEL05-RJ"
172547;2018-11-18;"domingo";"23:00:00";"RS";386;229,7;"SOLEDADE";"Desobediência às normas de trânsito pelo condutor";"Colisão frontal";"Com Vítimas Fatais";"Plena Noite";"Crescente";"Céu Claro";"Simples";"Reta";"Não";3;2;0;0;1;0;0;2;-28,70672;-52,579025;"SPRF-RS";"DEL04-RS";"NPF/DEL04-RS"
172552;2018-11-18;"domingo";"20:30:00";"PR";153;105;"IBAITI";"Falta de Atenção à Condução";"Saída de leito carroçável";"Com Vítimas Feridas";"Plena Noite";"Decrescente";"Chuva";"Simples";"Reta";"Não";1;0;1;0;0;0;1;1;-23,814184;-50,179108;"SPRF-PR";"DEL07-PR";"UOP04-DEL07-PR"
172561;2018-11-19;"segunda-feira";"01:55:00";"GO";153;527,5;"HIDROLANDIA";"Pista Escorregadia";"Saída de leito carroçável";"Sem Vítimas";"Plena Noite";"Crescente";"Chuva";"Dupla";"Curva";"Não";2;0;0;0;1;1;0;2;-16,9457;-49,2511;"SPRF-GO";"DEL01-GO";"UOP03-DEL01-GO"
172562;2018-11-19;"segunda-feira";"01:10:00";"MA";316;237;"BOM JARDIM";"Defeito na Via";"Tombamento";"Com Vítimas Feridas";"Plena Noite";"Crescente";"Céu Claro";"Simples";"Reta";"Sim";2;0;1;0;0;1;1;2;-3,57749952;-45,56682587;"SPRF-MA";"DEL02-MA";"UI04-DEL02-MA"
172563;2018-11-19;"segunda-feira";"04:40:00";"SP";116;220;"GUARULHOS";"Pista Escorregadia";"Colisão lateral";"Com Vítimas Feridas";"Amanhecer";"Crescente";"Chuva";"Múltipla";"Reta";"Sim";5;0;1;0;2;2;1;5;-23,46532202;-46,50056094;"SPRF-SP";"DEL01-SP";"UOP01-DEL01-SP"
172572;2018-11-19;"segunda-feira";"05:00:00";"MA";222;348,5;"MONCAO";"Desobediência às normas de trânsito pelo condutor";"Colisão frontal";"Com Vítimas Feridas";"Amanhecer";"Crescente";"Céu Claro";"Simples";"Reta";"Não";2;0;0;1;1;0;1;2;-3,66692774;-45,23723602;"SPRF-MA";"DEL02-MA";"UI04-DEL02-MA"
172576;2018-11-19;"segunda-feira";"00:30:00";"MG";116;63;"MEDINA";"Velocidade Incompatível";"Saída de leito carroçável";"Sem Vítimas";"Plena Noite";"Decrescente";"Céu Claro";"Simples";"Curva";"Sim";2;0;0;0;1;1;0;2;-16,16719695;-41,43562317;"SPRF-MG";"DEL11-MG";"UOP02-DEL11-MG"
172581;2018-11-19;"segunda-feira";"07:30:00";"ES";262;165,4;"IBATIBA";"Desobediência às normas de trânsito pelo condutor";"Tombamento";"Com Vítimas Feridas";"Pleno dia";"Decrescente";"Céu Claro";"Simples";"Curva";"Não";2;0;1;0;0;2;1;3;-20,24834719;-41,54909134;"SPRF-ES";"DEL01-ES";"UOP02-DEL01-ES"
172592;2018-11-19;"segunda-feira";"07:50:00";"SC";101;425,5;"ARARANGUA";"Falta de Atenção à Condução";"Colisão lateral";"Com Vítimas Feridas";"Pleno dia";"Crescente";"Céu Claro";"Dupla";"Reta";"Não";4;0;1;0;2;1;1;4;-29,021867;-49,592836;"SPRF-SC";"DEL02-SC";"UOP02-DEL02-SC"
172593;2018-11-19;"segunda-feira";"07:30:00";"PA";308;203;"BRAGANCA";"Defeito Mecânico no Veículo";"Colisão lateral";"Com Vítimas Fatais";"Pleno dia";"Crescente";"Céu Claro";"Simples";"Reta";"Sim";3;1;0;0;2;0;0;2;-1,06516897;-46,76261332;"SPRF-PA";"DEL01-PA";"UOP03-DEL01-PA"
172604;2018-11-19;"segunda-feira";"07:50:00";"CE";222;304;"TIANGUA";"Pista Escorregadia";"Colisão transversal";"Com Vítimas Feridas";"Pleno dia";"Decrescente";"Céu Claro";"Simples";"Curva";"Não";3;0;1;0;1;2;1;4;-3,665518;-40,95731;"SPRF-CE";"DEL04-CE";"UOP02-DEL04-CE"
172605;2018-11-19;"segunda-feira";"09:30:00";"RJ";116;226;"PIRAI";"Pista Escorregadia";"Colisão frontal";"Sem Vítimas";"Pleno dia";"Crescente";"Chuva";"Dupla";"Curva";"Não";3;0;0;0;2;1;0;3;-22,66486822;-43,84102821;"SPRF-RJ";"DEL07-RJ";"UOP01-DEL07-RJ"
172617;2018-11-19;"segunda-feira";"10:55:00";"PR";277;1,3;"PARANAGUA";"Falta de Atenção à Condução";"Colisão transversal";"Sem Vítimas";"Pleno dia";"Decrescente";"Nublado";"Dupla";"Rotatória";"Sim";2;0;0;0;2;0;0;2;-25,55141474;-48,5522908;"SPRF-PR";"DEL01-PR";"UOP05-DEL01-PR"
172620;2018-11-19;"segunda-feira";"08:30:00";"MT";70;721,8;"CACERES";"Não guardar distância de segurança";"Colisão traseira";"Com Vítimas Feridas";"Pleno dia";"Decrescente";"Chuva";"Simples";"Reta";"Não";2;0;1;0;1;0;1;2;-16,18368354;-57,60809898;"SPRF-MT";"DEL03-MT";"UOP01-DEL03-MT"
172622;2018-11-19;"segunda-feira";"10:20:00";"PR";277;461,8;"LARANJEIRAS DO SUL";"Não guardar distância de segurança";"Saída de leito carroçável";"Com Vítimas Feridas";"Pleno dia";"Decrescente";"Sol";"Simples";"Curva";"Não";2;0;1;0;0;1;1;2;-25,36240868;-52,47353554;"SPRF-PR";"DEL04-PR";"UOP02-DEL04-PR"
172628;2018-11-19;"segunda-feira";"12:40:00";"SC";470;50,6;"BLUMENAU";"Desobediência às normas de trânsito pelo condutor";"Colisão lateral";"Com Vítimas Feridas";"Pleno dia";"Decrescente";"Nublado";"Simples";"Reta";"Sim";4;0;2;0;2;0;2;4;-26,8607942;-49,07999217;"SPRF-SC";"DEL04-SC";"UOP01-DEL04-SC"
172631;2018-11-19;"segunda-feira";"12:25:00";"SC";101;275;"IMBITUBA";"Desobediência às normas de trânsito pelo condutor";"Colisão frontal";"Sem Vítimas";"Pleno dia";"Decrescente";"Céu Claro";"Múltipla";"Reta";"Sim";2;0;0;0;2;0;0;2;-28,15504653;-48,69266689;"SPRF-SC";"DEL02-SC";"UOP03-DEL02-SC"
172633;2018-11-19;"segunda-feira";"10:45:00";"MG";381;704,4;"LAVRAS";"Pista Escorregadia";"Saída de leito carroçável";"Com Vítimas Feridas";"Pleno dia";"Crescente";"Chuva";"Dupla";"Curva";"Não";4;0;1;0;3;0;1;2;-21,3156;-45,1672;"SPRF-MG";"DEL04-MG";"UOP02-DEL04-MG"
172634;2018-11-19;"segunda-feira";"10:45:00";"RO";364;331,7;"JI-PARANA";"Não guardar distância de segurança";"Capotamento";"Com Vítimas Feridas";"Pleno dia";"Crescente";"Céu Claro";"Simples";"Reta";"Não";3;0;1;0;1;4;1;6;-10,97573;-61,917217;"SPRF-RO";"DEL02-RO";"UOP01-DEL02-RO"
172635;2018-11-19;"segunda-feira";"10:30:00";"PA";316;19;"BENEVIDES";"Falta de Atenção à Condução";"Colisão traseira";"Com Vítimas Feridas";"Pleno dia";"Crescente";"Sol";"Dupla";"Retorno Regulamentado";"Sim";2;0;1;0;1;0;1;2;-1,36441804;-48,27196777;"SPRF-PA";"DEL01-PA";"DEL19/1-UOP05/PA"
172637;2018-11-19;"segunda-feira";"10:15:00";"ES";101;329,1;"GUARAPARI";"Falta de Atenção à Condução";"Capotamento";"Com Vítimas Feridas";"Pleno dia";"Crescente";"Céu Claro";"Simples";"Reta";"Não";2;0;2;0;0;0;2;1;-20,58642947;-40,49775124;"SPRF-ES";"DEL03-ES";"UOP01-DEL03-ES"
172645;2018-11-19;"segunda-feira";"14:00:00";"ES";101;238,4;"FUNDAO";"Desobediência às normas de trânsito pelo condutor";"Colisão lateral";"Com Vítimas Feridas";"Pleno dia";"Crescente";"Céu Claro";"Simples";"Curva";"Não";3;0;1;0;1;2;1;4;-20,00631953;-40,41213542;"SPRF-ES";"DEL02-ES";"UOP01-DEL02-ES"
172646;2018-11-19;"segunda-feira";"14:00:00";"ES";101;273;"SERRA";"Desobediência às normas de trânsito pelo pedestre";"Atropelamento de Pedestre";"Com Vítimas Feridas";"Pleno dia";"Decrescente";"Céu Claro";"Dupla";"Reta";"Não";3;0;0;1;1;1;1;3;-20,22028118;-40,29054154;"SPRF-ES";"DEL02-ES";"UOP01-DEL02-ES"
172647;2018-11-13;"terça-feira";"16:30:00";"MG";262;801,8;"UBERABA";"Falta de Atenção à Condução";"Atropelamento de Pedestre";"Com Vítimas Feridas";"Pleno dia";"Crescente";"Céu Claro";"Dupla";"Aclive";"Sim";3;0;1;0;1;2;1;4;-19,77033831;-47,90512204;"SPRF-MG";"DEL13-MG";"UOP01-DEL13-MG"
172651;2018-11-19;"segunda-feira";"11:20:00";"MG";40;582;"ITABIRITO";"Velocidade Incompatível";"Saída de leito carroçável";"Com Vítimas Feridas";"Pleno dia";"Crescente";"Chuva";"Simples";"Reta";"Não";2;0;1;0;0;1;1;2;-20,3161;-43,9351;"SPRF-MG";"DEL01-MG";"UOP02-DEL01-MG"
172652;2018-11-13;"terça-feira";"07:30:00";"MS";163;490;"CAMPO GRANDE";"Falta de Atenção à Condução";"Colisão traseira";"Com Vítimas Feridas";"Pleno dia";"Decrescente";"Céu Claro";"Dupla";"Rotatória";"Sim";3;0;1;0;1;1;1;3;-20,39525844;-54,55866337;"SPRF-MS";"DEL01-MS";"UOP02-DEL01-MS"
172655;2018-11-19;"segunda-feira";"15:00:00";"SC";470;62,4;"INDAIAL";"Falta de Atenção à Condução";"Colisão transversal";"Com Vítimas Feridas";"Pleno dia";"Decrescente";"Nublado";"Simples";"Aclive";"Sim";4;0;0;1;2;2;1;5;-26,87454999;-49,18675032;"SPRF-SC";"DEL04-SC";"UOP01-DEL04-SC"
172658;2018-11-19;"segunda-feira";"15:20:00";"SC";470;60,1;"BLUMENAU";"Falta de Atenção à Condução";"Colisão traseira";"Com Vítimas Feridas";"Pleno dia";"Decrescente";"Nublado";"Simples";"Reta";"Sim";5;0;1;0;3;2;1;5;-26,88112544;-49,16560483;"SPRF-SC";"DEL04-SC";"UOP01-DEL04-SC"
172670;2018-11-19;"segunda-feira";"09:35:00";"RJ";40;84;"PETROPOLIS";"Falta de Atenção à Condução";"Colisão com objeto estático";"Com Vítimas Feridas";"Pleno dia";"Crescente";"Nublado";"Simples";"Curva";"Não";2;0;1;0;0;1;1;2;-22,52139751;-43,23651195;"SPRF-RJ";"DEL06-RJ";"UOP01-DEL06-RJ"
172675;2018-11-19;"segunda-feira";"15:30:00";"MG";381;686,9;"LAVRAS";"Velocidade Incompatível";"Colisão lateral";"Com Vítimas Feridas";"Pleno dia";"Decrescente";"Chuva";"Dupla";"Curva";"Não";8;0;4;0;3;3;4;8;-21,179;-45,1221;"SPRF-MG";"DEL04-MG";"UOP02-DEL04-MG"
172678;2018-11-19;"segunda-feira";"15:55:00";"MT";364;436;"VARZEA GRANDE";"Falta de Atenção à Condução";"Colisão transversal";"Com Vítimas Feridas";"Pleno dia";"Decrescente";"Nublado";"Dupla";"Reta";"Sim";3;0;1;0;1;2;1;4;-15,641729;-56,130344;"SPRF-MT";"DEL01-MT";"DEL2/4-UOP02/MT"
172679;2018-11-19;"segunda-feira";"16:00:00";"MA";10;171;"PORTO FRANCO";"Animais na Pista";"Atropelamento de Animal";"Sem Vítimas";"Pleno dia";"Decrescente";"Sol";"Simples";"Reta";"Não";1;0;0;0;1;0;0;1;-6,22131;-47,353931;"SPRF-MA";"DEL04-MA";"UOP02-DEL04-MA"
172680;2018-11-19;"segunda-feira";"15:30:00";"MT";364;244;"JUSCIMEIRA";"Falta de Atenção à Condução";"Saída de leito carroçável";"Com Vítimas Feridas";"Pleno dia";"Decrescente";"Céu Claro";"Dupla";"Reta";"Não";4;0;1;0;2;4;1;6;-16,150486;-54,808079;"SPRF-MT";"DEL02-MT";"UOP01-DEL02-MT"
172684;2018-11-19;"segunda-feira";"15:00:00";"PR";277;327,6;"GUARAPUAVA";"Carga excessiva e/ou mal acondicionada";"Tombamento";"Com Vítimas Feridas";"Pleno dia";"Crescente";"Sol";"Simples";"Curva";"Não";2;0;1;0;0;2;1;3;-25,36766829;-51,34085798;"SPRF-PR";"DEL03-PR";"UOP01-DEL08-PR"
172689;2018-11-19;"segunda-feira";"17:30:00";"SC";101;198,5;"BIGUACU";"Falta de Atenção à Condução";"Colisão lateral";"Com Vítimas Feridas";"Pleno dia";"Crescente";"Céu Claro";"Múltipla";"Reta";"Sim";3;0;2;0;1;0;2;2;-27,53795695;-48,6252737;"SPRF-SC";"DEL01-SC";"UOP01-DEL01-SC"
172697;2018-11-19;"segunda-feira";"18:30:00";"RS";386;79,6;"JABOTICABA";"Velocidade Incompatível";"Tombamento";"Com Vítimas Feridas";"Pleno dia";"Crescente";"Céu Claro";"Simples";"Curva";"Não";2;0;1;0;0;1;1;2;-27,71415397;-53,2677269;"SPRF-RS";"DEL08-RS";"UOP02-DEL08-RS"
172706;2018-11-19;"segunda-feira";"16:15:00";"SC";282;585,2;"PINHALZINHO";"Agressão Externa";"Colisão frontal";"Com Vítimas Fatais";"Pleno dia";"Decrescente";"Céu Claro";"Simples";"Declive;Curva";"Não";3;1;1;0;0;1;1;3;-26,83098;-53,02717;"SPRF-SC";"DEL07-SC";"UOP02-DEL07-SC"
172723;2018-11-19;"segunda-feira";"19:00:00";"TO";153;699,1;"CARIRI DO TOCANTINS";"Falta de Atenção à Condução";"Colisão transversal";"Com Vítimas Feridas";"Plena Noite";"Decrescente";"Céu Claro";"Simples";"Reta";"Não";5;0;1;0;3;1;1;3;-11,944623;-49,1917;"SPRF-TO";"DEL02-TO";"UOP02-DEL01-TO"
172726;2018-11-19;"segunda-feira";"20:18:00";"RJ";101;185;"CASIMIRO DE ABREU";"Defeito Mecânico no Veículo";"Saída de leito carroçável";"Com Vítimas Feridas";"Plena Noite";"Crescente";"Chuva";"Simples";"Curva";"Não";2;0;1;1;0;0;2;1;-22,43206;-42,034687;"SPRF-RJ";"DEL02-RJ";"UOP04-DEL08-RJ"
172733;2018-11-19;"segunda-feira";"20:50:00";"BA";101;354;"WENCESLAU GUIMARAES";"Defeito Mecânico no Veículo";"Incêndio";"Sem Vítimas";"Plena Noite";"Decrescente";"Céu Claro";"Simples";"Reta";"Não";1;0;0;0;1;0;0;1;-13,65;-39,486;"SPRF-BA";"DEL05-BA";"UOP03-DEL05-BA"
172738;2018-11-19;"segunda-feira";"21:20:00";"MG";381;823;"CAREACU";"Pista Escorregadia";"Colisão traseira";"Com Vítimas Feridas";"Plena Noite";"Decrescente";"Chuva";"Dupla";"Reta";"Não";2;0;1;0;1;0;1;2;-22,0973009;-45,71702957;"SPRF-MG";"DEL16-MG";"UOP02-DEL16-MG"
172740;2018-11-19;"segunda-feira";"23:03:00";"SP";116;23,6;"LAVRINHAS";"Ingestão de Álcool";"Colisão traseira";"Sem Vítimas";"Plena Noite";"Decrescente";"Chuva";"Dupla";"Reta";"Não";3;0;0;0;2;1;0;3;-22,589794;-44,885368;"SPRF-SP";"DEL08-SP";"UOP02-DEL08-SP"
172741;2018-11-19;"segunda-feira";"23:30:00";"SP";116;187,8;"SANTA ISABEL";"Ingestão de Álcool";"Colisão traseira";"Sem Vítimas";"Plena Noite";"Crescente";"Nublado";"Dupla";"Reta";"Não";2;0;0;0;2;0;0;2;-23,36108909;-46,21947505;"SPRF-SP";"DEL02-SP";"UOP01-DEL02-SP"
172743;2018-11-19;"segunda-feira";"17:00:00";"PI";135;304;"CRISTINO CASTRO";"Defeito na Via";"Colisão lateral";"Com Vítimas Feridas";"Pleno dia";"Decrescente";"Céu Claro";"Simples";"Reta";"Não";3;0;1;0;1;2;1;4;-8,737638;-44,138458;"SPRF-PI";"DEL03-PI";"UOP02-DEL03-PI"
172748;2018-11-20;"terça-feira";"00:15:00";"CE";222;204,9;"FORQUILHA";"Velocidade Incompatível";"Colisão transversal";"Com Vítimas Fatais";"Plena Noite";"Crescente";"Céu Claro";"Simples";"Curva";"Não";14;1;10;1;1;1;11;3;-3,78561;-40,23405;"SPRF-CE";"DEL04-CE";"UOP01-DEL04-CE"
172751;2018-11-19;"segunda-feira";"23:55:00";"MG";262;68,4;"MATIPO";"Velocidade Incompatível";"Saída de leito carroçável";"Com Vítimas Feridas";"Plena Noite";"Crescente";"Chuva";"Dupla";"Declive";"Não";1;0;1;0;0;0;1;1;-20,306732;-42,27702;"SPRF-MG";"DEL06-MG";"UOP03-DEL06-MG"
172753;2018-11-20;"terça-feira";"01:30:00";"MG";40;505,2;"RIBEIRAO DAS NEVES";"Mal Súbito";"Colisão traseira";"Com Vítimas Fatais";"Plena Noite";"Decrescente";"Chuva";"Dupla";"Aclive";"Sim";3;1;0;0;1;1;0;3;-19,7431;-44,1483;"SPRF-MG";"DEL02-MG";"UOP01-DEL02-MG"
172754;2018-11-19;"segunda-feira";"23:50:00";"MG";262;477,6;"BOM DESPACHO";"Desobediência às normas de trânsito pelo condutor";"Colisão transversal";"Com Vítimas Fatais";"Plena Noite";"Decrescente";"Chuva";"Simples";"Interseção de Vias";"Não";3;2;1;0;0;0;1;2;-19,783918;-45,25713;"SPRF-MG";"DEL08-MG";"UOP03-DEL08-MG"
172755;2018-11-19;"segunda-feira";"23:20:00";"SC";282;145,6;"BOM RETIRO";"Carga excessiva e/ou mal acondicionada";"Colisão frontal";"Com Vítimas Fatais";"Plena Noite";"Crescente";"Nublado";"Simples";"Reta";"Não";4;2;0;0;1;1;0;3;-27,802912;-49,632038;"SPRF-SC";"DEL05-SC";"UOP01-DEL05-SC"
172756;2018-11-20;"terça-feira";"00:30:00";"TO";153;600;"CRIXAS DO TOCANTINS";"Falta de Atenção à Condução";"Colisão lateral";"Com Vítimas Feridas";"Plena Noite";"Decrescente";"Nublado";"Simples";"Reta";"Não";3;0;0;1;1;1;1;3;-11,11915177;-48,92226934;"SPRF-TO";"DEL02-TO";"UOP02-DEL01-TO"
172757;2018-11-19;"segunda-feira";"20:45:00";"PR";373;229,7;"IMBITUVA";"Desobediência às normas de trânsito pelo condutor";"Colisão transversal";"Sem Vítimas";"Plena Noite";"Decrescente";"Nublado";"Simples";"Reta";"Não";3;0;0;0;1;2;0;3;-25,1810199;-50,72181702;"SPRF-PR";"DEL03-PR";"UOP01-DEL03-PR"
172759;2018-11-20;"terça-feira";"03:30:00";"PB";101;99,5;"CONDE";"Falta de Atenção à Condução";"Saída de leito carroçável";"Com Vítimas Feridas";"Plena Noite";"Crescente";"Chuva";"Dupla";"Reta";"Não";1;0;0;1;0;0;1;1;-7,27116304;-34,93789673;"SPRF-PB";"DEL01-PB";"UOP01-DEL01-PB"
172761;2018-11-20;"terça-feira";"04:30:00";"SC";101;113;"ITAJAI";"Falta de Atenção do Pedestre";"Atropelamento de Pedestre";"Com Vítimas Fatais";"Plena Noite";"Crescente";"Céu Claro";"Dupla";"Reta";"Não";2;1;0;0;1;0;0;2;-26,8622;-48,7286;"SPRF-SC";"DEL04-SC";"UOP04-DEL04-SC"
172763;2018-11-20;"terça-feira";"05:10:00";"SE";235;1,6;"ARACAJU";"Defeito Mecânico no Veículo";"Colisão traseira";"Com Vítimas Feridas";"Pleno dia";"Decrescente";"Céu Claro";"Múltipla";"Interseção de Vias";"Sim";6;0;1;0;5;0;1;3;-10,90838769;-37,08754778;"SPRF-SE";"DEL01-SE";"UOP01-DEL01-SE"
172765;2018-11-20;"terça-feira";"05:40:00";"SC";101;383,6;"ICARA";"Falta de Atenção à Condução";"Colisão traseira";"Com Vítimas Feridas";"Amanhecer";"Crescente";"Céu Claro";"Dupla";"Declive";"Sim";3;0;0;1;0;2;1;3;-28,76572173;-49,2965644;"SPRF-SC";"DEL02-SC";"UOP02-DEL02-SC"
172767;2018-11-20;"terça-feira";"05:00:00";"RN";101;104;"PARNAMIRIM";"Não guardar distância de segurança";"Colisão lateral";"Com Vítimas Feridas";"Pleno dia";"Crescente";"Sol";"Dupla";"Curva";"Sim";3;0;1;0;2;0;1;2;-5,892745;-35,257225;"SPRF-RN";"DEL01-RN";"UOP01-DEL01-RN"
172773;2018-11-19;"segunda-feira";"08:10:00";"SP";116;144;"SAO JOSE DOS CAMPOS";"Falta de Atenção à Condução";"Colisão com objeto estático";"Sem Vítimas";"Pleno dia";"Decrescente";"Chuva";"Simples";"Reta";"Sim";1;0;0;0;1;0;0;1;-23,18358428;-45,84772088;"SPRF-SP";"DEL02-SP";"UOP01-DEL02-SP"
172774;2018-11-20;"terça-feira";"06:50:00";"MG";40;590;"ITABIRITO";"Condutor Dormindo";"Colisão frontal";"Com Vítimas Fatais";"Pleno dia";"Decrescente";"Chuva";"Dupla";"Curva";"Não";5;1;0;2;1;1;2;3;-20,3723;-43,9114;"SPRF-MG";"DEL01-MG";"UOP02-DEL01-MG"
172776;2018-11-20;"terça-feira";"05:30:00";"PI";343;299,4;"ALTOS";"Defeito Mecânico no Veículo";"Colisão lateral";"Com Vítimas Feridas";"Amanhecer";"Crescente";"Céu Claro";"Simples";"Reta";"Não";3;0;1;1;1;0;2;2;-4,995781;-42,408192;"SPRF-PI";"DEL01-PI";"UOP03-DEL01-PI"
172779;2018-11-20;"terça-feira";"08:15:00";"CE";116;4;"FORTALEZA";"Falta de Atenção à Condução";"Colisão lateral";"Sem Vítimas";"Pleno dia";"Decrescente";"Céu Claro";"Múltipla";"Reta";"Sim";2;0;0;0;2;0;0;2;-3,79199656;-38,50852847;"SPRF-CE";"DEL01-CE";"UOP02-DEL01-CE"
172780;2018-11-20;"terça-feira";"06:30:00";"SC";101;223;"PALHOCA";"Animais na Pista";"Colisão traseira";"Com Vítimas Feridas";"Pleno dia";"Decrescente";"Céu Claro";"Dupla";"Reta";"Sim";3;0;1;0;2;0;1;2;-27,7248;-48,6435;"SPRF-SC";"DEL01-SC";"UOP02-DEL01-SC"