"id";"data_inversa";"dia_semana";"horario";"uf";"br";"km";"municipio";"causa_acidente";"tipo_acidente";"classificacao_acidente";"fase_dia";"sentido_via";"condicao_metereologica";"tipo_pista";"tracado_via";"uso_solo";"pessoas";"mortos";"feridos_leves";"feridos_graves";"ilesos";"ignorados";"feridos";"veiculos";"latitude";"longitude";"regional";"delegacia";"uop"
173070;2018-11-21;"quarta-feira";"18:10:00";"PR";376;600,2;"CURITIBA";"Falta de Atenção à Condução";"Engavetamento";"Com Vítimas Feridas";"Pleno dia";"Decrescente";"Céu Claro";"Dupla";"Reta";"Sim";5;0;1;0;2;3;1;6;-25,53248;-49,320961;"SPRF-PR";"DEL01-PR";"UOP06-DEL01-PR"
173071;2018-11-21;"quarta-feira";"18:30:00";"MG";40;478;"SETE LAGOAS";"Ingestão de Álcool";"Colisão lateral";"Sem Vítimas";"Anoitecer";"Decrescente";"Chuva";"Dupla";"Reta";"Não";3;0;0;0;2;1;0;3;-19,5391;-44,2525;"SPRF-MG";"DEL02-MG";"UOP01-DEL02-MG"
173075;2018-11-21;"quarta-feira";"16:00:00";"RS";386;160;"ALMIRANTE TAMANDARE DO SUL";"Falta de Atenção à Condução";"Colisão lateral";"Com Vítimas Feridas";"Pleno dia";"Decrescente";"Sol";"Simples";"Curva";"Não";2;0;1;0;1;0;1;2;-28,158697;-52,8442;"SPRF-RS";"DEL08-RS";"UOP01-DEL08-RS"
173077;2018-11-21;"quarta-feira";"18:00:00";"PR";277;270,4;"PRUDENTOPOLIS";"Falta de Atenção à Condução";"Saída de leito carroçável";"Com Vítimas Feridas";"Pleno dia";"Decrescente";"Céu Claro";"Simples";"Reta";"Não";2;0;1;0;0;1;1;2;-25,37125967;-50,89913249;"SPRF-PR";"DEL03-PR";"UOP02-DEL08-PR"
173080;2018-11-21;"quarta-feira";"19:00:00";"MG";365;40,7;"CLARO DOS POCOES";"Velocidade Incompatível";"Colisão traseira";"Com Vítimas Feridas";"Plena Noite";"Crescente";"Céu Claro";"Simples";"Reta";"Não";5;0;1;2;2;0;3;3;-16,881559;-44,175568;"SPRF-MG";"DEL12-MG";"UOP01-DEL12-MG"
173082;2018-11-21;"quarta-feira";"19:40:00";"MT";163;119;"RONDONOPOLIS";"Falta de Atenção à Condução";"Colisão lateral";"Com Vítimas Feridas";"Plena Noite";"Crescente";"Nublado";"Simples";"Rotatória";"Sim";7;0;1;0;4;3;1;7;-16,505342;-54,651508;"SPRF-MT";"DEL02-MT";"UOP01-DEL02-MT"
173090;2018-11-21;"quarta-feira";"21:00:00";"PE";101;73;"RECIFE";"Desobediência às normas de trânsito pelo condutor";"Colisão frontal";"Com Vítimas Feridas";"Plena Noite";"Crescente";"Chuva";"Simples";"Reta";"Sim";2;0;0;1;1;0;1;2;-8,1027;-34,9483;"SPRF-PE";"DEL01-PE";"UOP01-DEL01-PE"
173091;2018-11-21;"quarta-feira";"21:00:00";"PB";230;31;"BAYEUX";"Desobediência às normas de trânsito pelo condutor";"Colisão lateral";"Sem Vítimas";"Plena Noite";"Crescente";"Chuva";"Dupla";"Reta";"Não";2;0;0;0;2;0;0;2;-7,1484;-34,9129;"SPRF-PB";"DEL01-PB";"UOP01-DEL01-PB"
173094;2018-11-21;"quarta-feira";"21:20:00";"PR";376;664,5;"GUARATUBA";"Velocidade Incompatível";"Colisão com objeto estático";"Com Vítimas Fatais";"Plena Noite";"Crescente";"Garoa/Chuvisco";"Múltipla";"Curva";"Não";1;1;0;0;0;0;0;1;-25,85534237;-48,95404816;"SPRF-PR";"DEL01-PR";"DEL7/1-UOP08/PR"
173095;2018-11-21;"quarta-feira";"22:00:00";"MG";381;244;"SANTANA DO PARAISO";"Ingestão de Álcool";"Colisão frontal";"Com Vítimas Feridas";"Plena Noite";"Crescente";"Chuva";"Simples";"Curva";"Não";3;0;1;0;1;1;1;3;-19,3243;-42,4169;"SPRF-MG";"DEL06-MG";"UOP01-DEL06-MG"
173105;2018-09-26;"quarta-feira";"16:30:00";"MA";402;0,7;"BACABEIRA";"Falta de Atenção à Condução";"Colisão traseira";"Com Vítimas Feridas";"Pleno dia";"Decrescente";"Céu Claro";"Simples";"Reta";"Não";2;0;0;1;1;0;1;2;-2,96702;-44,31243;"SPRF-MA";"DEL01-MA";"UOP01-DEL01-MA"
173108;2018-11-21;"quarta-feira";"20:05:00";"MT";70;659;"CACERES";"Defeito Mecânico no Veículo";"Colisão lateral";"Com Vítimas Feridas";"Plena Noite";"Decrescente";"Nublado";"Simples";"Reta";"Não";3;0;1;0;1;1;1;3;-16,04096729;-57,25805998;"SPRF-MT";"DEL03-MT";"UOP02-DEL03-MT"
173113;2018-11-22;"quinta-feira";"01:59:00";"CE";116;69,8;"CHOROZINHO";"Condutor Dormindo";"Colisão frontal";"Com Vítimas Fatais";"Plena Noite";"Decrescente";"Céu Claro";"Simples";"Reta";"Sim";3;1;0;0;1;1;0;3;-4,306195;-38,501423;"SPRF-CE";"DEL03-CE";"UOP02-DEL03-CE"
173117;2018-11-22;"quinta-feira";"04:00:00";"GO";50;307,2;"CUMARI";"Falta de Atenção à Condução";"Colisão frontal";"Com Vítimas Feridas";"Plena Noite";"Crescente";"Chuva";"Simples";"Declive;Reta";"Não";5;0;2;0;2;2;2;4;-18,3769;-48,0609;"SPRF-GO";"DEL06-GO";"UOP01-DEL06-GO"
173128;2018-11-22;"quinta-feira";"05:35:00";"BA";101;31,8;"ESPLANADA";"Falta de Atenção à Condução";"Tombamento";"Com Vítimas Feridas";"Amanhecer";"Decrescente";"Céu Claro";"Dupla";"Curva";"Não";2;0;1;0;0;2;1;3;-11,7365;-37,935;"SPRF-SE";"DEL02-SE";"UOP03-DEL02-SE"
173129;2018-11-22;"quinta-feira";"07:30:00";"RS";116;244,4;"SAO LEOPOLDO";"Falta de Atenção à Condução";"Colisão traseira";"Com Vítimas Feridas";"Pleno dia";"Decrescente";"Sol";"Dupla";"Reta";"Sim";5;0;2;0;2;1;2;3;-29,74416098;-51,15075773;"SPRF-RS";"DEL01-RS";"UOP02-DEL01-RS"
173132;2018-11-22;"quinta-feira";"03:40:00";"MG";262;107,3;"SANTO ANTONIO DO GRAMA";"Condutor Dormindo";"Saída de leito carroçável";"Com Vítimas Feridas";"Plena Noite";"Crescente";"Nublado";"Simples";"Curva";"Não";3;0;0;3;0;0;3;1;-20,274385;-42,563129;"SPRF-MG";"DEL03-MG";"UOP03-DEL03-MG"
173134;2018-11-22;"quinta-feira";"06:42:00";"RJ";393;164,8;"TRES RIOS";"Velocidade Incompatível";"Tombamento";"Com Vítimas Feridas";"Pleno dia";"Crescente";"Garoa/Chuvisco";"Simples";"Ponte";"Não";2;0;1;0;0;1;1;2;-22,12662854;-43,14377373;"SPRF-RJ";"DEL06-RJ";"UOP01-DEL05-RJ"
173135;2018-11-22;"quinta-feira";"06:45:00";"MS";262;284;"RIBAS DO RIO PARDO";"Condutor Dormindo";"Colisão lateral";"Com Vítimas Feridas";"Pleno dia";"Crescente";"Nublado";"Simples";"Reta";"Não";4;0;1;0;2;1;1;4;-20,49391887;-54,19830322;"SPRF-MS";"DEL01-MS";"UOP01-DEL01-MS"
173136;2018-11-22;"quinta-feira";"07:30:00";"SC";101;121;"ITAJAI";"Não guardar distância de segurança";"Colisão traseira";"Com Vítimas Feridas";"Pleno dia";"Crescente";"Nublado";"Dupla";"Reta";"Não";5;0;1;0;3;2;1;6;-26,9297;-48,7048;"SPRF-SC";"DEL04-SC";"UOP04-DEL04-SC"
173138;2018-11-22;"quinta-feira";"06:40:00";"MG";262;492,1;"MOEMA";"Desobediência às normas de trânsito pelo condutor";"Colisão transversal";"Com Vítimas Feridas";"Pleno dia";"Crescente";"Nevoeiro/Neblina";"Simples";"Reta";"Não";2;0;1;0;1;0;1;2;-19,78519957;-45,3960228;"SPRF-MG";"DEL08-MG";"UOP03-DEL08-MG"
173142;2018-11-22;"quinta-feira";"07:30:00";"SC";282;0,8;"FLORIANOPOLIS";"Falta de Atenção à Condução";"Queda de ocupante de veículo";"Com Vítimas Feridas";"Pleno dia";"Decrescente";"Garoa/Chuvisco";"Múltipla";"Reta";"Sim";3;0;0;1;1;1;1;3;-27,59845;-48,571995;"SPRF-SC";"DEL01-SC";"UOP01-DEL01-SC"
173143;2018-11-22;"quinta-feira";"08:20:00";"SP";116;145,1;"SAO JOSE DOS CAMPOS";"Desobediência às normas de trânsito pelo condutor";"Colisão traseira";"Com Vítimas Feridas";"Pleno dia";"Crescente";"Céu Claro";"Múltipla";"Reta";"Sim";3;0;1;0;1;1;1;3;-23,187023;-45,854885;"SPRF-SP";"DEL02-SP";"UOP01-DEL02-SP"
173145;2018-10-02;"terça-feira";"02:00:00";"PR";376;52,6;"LOANDA";"Condutor Dormindo";"Colisão lateral";"Com Vítimas Feridas";"Plena Noite";"Crescente";"Nublado";"Simples";"Reta";"Não";4;0;1;0;2;1;1;3;-22,8981;-52,91223;"SPRF-PR";"DEL07-PR";"UOP02-DEL09-PR"
173151;2018-11-22;"quinta-feira";"08:10:00";"CE";222;65;"SAO GONCALO DO AMARANTE";"Falta de Atenção à Condução";"Colisão com objeto estático";"Sem Vítimas";"Pleno dia";"Crescente";"Sol";"Simples";"Curva";"Sim";1;0;0;0;1;0;0;1;-3,670748;-39,124947;"SPRF-CE";"DEL01-CE";"UOP03-DEL01-CE"
173153;2018-11-18;"domingo";"06:10:00";"RJ";116;134;"MAGE";"Falta de Atenção à Condução";"Colisão lateral";"Sem Vítimas";"Pleno dia";"Decrescente";"Nublado";"Dupla";"Reta";"Sim";2;0;0;0;2;0;0;2;-22,653688;-43,153564;"SPRF-RJ";"DEL04-RJ";"UOP02-DEL04-RJ"
173157;2018-11-22;"quinta-feira";"09:45:00";"PR";116;61;"CAMPINA GRANDE DO SUL";"Desobediência às normas de trânsito pelo condutor";"Colisão lateral";"Com Vítimas Feridas";"Pleno dia";"Crescente";"Céu Claro";"Dupla";"Reta;Declive";"Não";4;0;0;1;2;1;1;3;-25,302647;-48,963531;"SPRF-PR";"DEL01-PR";"UOP02-DEL01-PR"
173162;2018-11-10;"sábado";"23:50:00";"MG";40;428;"CURVELO";"Desobediência às normas de trânsito pelo condutor";"Tombamento";"Com Vítimas Feridas";"Plena Noite";"Crescente";"Céu Claro";"Simples";"Reta";"Não";2;0;0;1;0;1;1;2;-19,1888;-44,4909;"SPRF-MG";"DEL02-MG";"UOP01-DEL02-MG"
173169;2018-11-22;"quinta-feira";"06:30:00";"CE";116;237,4;"ALTO SANTO";"Defeito Mecânico no Veículo";"Tombamento";"Sem Vítimas";"Pleno dia";"Crescente";"Céu Claro";"Simples";"Reta";"Não";2;0;0;0;1;1;0;2;-5,395071;-38,232548;"SPRF-CE";"DEL03-CE";"UOP01-DEL03-CE"
173172;2018-11-22;"quinta-feira";"10:50:00";"PR";116;76;"CAMPINA GRANDE DO SUL";"Falta de Atenção à Condução";"Colisão traseira";"Sem Vítimas";"Pleno dia";"Crescente";"Sol";"Dupla";"Reta";"Não";3;0;0;0;2;1;0;3;-25,37602298;-49,04893398;"SPRF-PR";"DEL01-PR";"UOP01-DEL01-PR"
173174;2018-11-22;"quinta-feira";"05:00:00";"RS";290;36;"SANTO ANTONIO DA PATRULHA";"Condutor Dormindo";"Saída de leito carroçável";"Com Vítimas Feridas";"Plena Noite";"Decrescente";"Céu Claro";"Dupla";"Reta";"Não";2;0;1;0;0;1;1;2;-29,884756;-50,61729;"SPRF-RS";"DEL03-RS";"UOP02-DEL03-RS"
173180;2018-11-22;"quinta-feira";"10:27:00";"BA";324;553;"AMELIA RODRIGUES";"Defeito Mecânico no Veículo";"Saída de leito carroçável";"Sem Vítimas";"Pleno dia";"Decrescente";"Céu Claro";"Dupla";"Reta";"Não";1;0;0;0;1;0;0;1;-12,47464223;-38,67919743;"SPRF-BA";"DEL01-BA";"UOP01-DEL01-BA"
173181;2018-11-22;"quinta-feira";"11:00:00";"RJ";493;82;"JAPERI";"Avarias e/ou desgaste excessivo no pneu";"Saída de leito carroçável";"Com Vítimas Feridas";"Pleno dia";"Decrescente";"Céu Claro";"Dupla";"Curva";"Sim";1;0;1;0;0;0;1;1;-22,67104586;-43,64765167;"SPRF-RJ";"DEL01-RJ";"UOP03-DEL01-RJ"
173183;2018-11-22;"quinta-feira";"11:15:00";"RO";364;345,7;"JI-PARANA";"Desobediência às normas de trânsito pelo condutor";"Saída de leito carroçável";"Com Vítimas Feridas";"Pleno dia";"Crescente";"Céu Claro";"Dupla";"Interseção de Vias";"Sim";4;0;2;0;1;2;2;4;-10,868851;-61,960064;"SPRF-RO";"DEL02-RO";"UOP01-DEL02-RO"
173188;2018-11-22;"quinta-feira";"12:55:00";"PR";163;83;"PLANALTO";"Desobediência às normas de trânsito pelo condutor";"Saída de leito carroçável";"Com Vítimas Feridas";"Pleno dia";"Crescente";"Céu Claro";"Simples";"Interseção de Vias";"Não";2;0;1;0;0;1;1;2;-25,70995;-53,768978;"SPRF-PR";"DEL02-PR";"UOP02-DEL02-PR"
173189;2018-11-22;"quinta-feira";"14:30:00";"MG";40;701;"BARBACENA";"Desobediência às normas de trânsito pelo pedestre";"Atropelamento de Pedestre";"Com Vítimas Feridas";"Pleno dia";"Crescente";"Céu Claro";"Simples";"Curva";"Sim";4;0;1;0;1;2;1;2;-21,2225;-43,7304;"SPRF-MG";"DEL05-MG";"UOP02-DEL05-MG"
173190;2018-11-22;"quinta-feira";"13:40:00";"PE";104;38,1;"CARUARU";"Não guardar distância de segurança";"Colisão traseira";"Com Vítimas Feridas";"Pleno dia";"Crescente";"Céu Claro";"Dupla";"Reta";"Sim";4;0;2;0;2;0;2;3;-8,0812;-36,0424;"SPRF-PE";"DEL02-PE";"UOP01-DEL02-PE"
173191;2018-11-22;"quinta-feira";"13:10:00";"RJ";101;297;"ITABORAI";"Falta de Atenção à Condução";"Colisão lateral";"Com Vítimas Feridas";"Pleno dia";"Crescente";"Sol";"Dupla";"Reta";"Não";2;0;1;0;1;0;1;2;-22,769421;-42,918736;"SPRF-RJ";"DEL02-RJ";"DEL5/2-UOP04/RJ"
173193;2018-11-22;"quinta-feira";"10:20:00";"SP";116;363;"MIRACATU";"Velocidade Incompatível";"Capotamento";"Com Vítimas Feridas";"Pleno dia";"Decrescente";"Céu Claro";"Dupla";"Curva";"Não";2;0;0;1;0;1;1;2;-24,138079;-47,272956;"SPRF-SP";"DEL04-SP";"UOP03-DEL04-SP"
173194;2018-11-22;"quinta-feira";"15:00:00";"SP";116;146;"SAO JOSE DOS CAMPOS";"Carga excessiva e/ou mal acondicionada";"Colisão com objeto em movimento";"Sem Vítimas";"Pleno dia";"Crescente";"Céu Claro";"Múltipla";"Aclive";"Sim";3;0;0;0;2;1;0;3;-23,191269;-45,863358;"SPRF-SP";"DEL02-SP";"UOP01-DEL02-SP"
173201;2018-11-22;"quinta-feira";"16:15:00";"PR";153;330,1;"IRATI";"Não guardar distância de segurança";"Colisão lateral";"Com Vítimas Feridas";"Pleno dia";"Crescente";"Céu Claro";"Dupla";"Reta";"Sim";3;0;1;0;2;0;1;2;-25,45471;-50,619625;"SPRF-PR";"DEL03-PR";"UOP02-DEL08-PR"
173202;2018-11-22;"quinta-feira";"15:50:00";"PR";476;154;"ARAUCARIA";"Desobediência às normas de trânsito pelo pedestre";"Atropelamento de Pedestre";"Com Vítimas Feridas";"Pleno dia";"Crescente";"Céu Claro";"Dupla";"Reta";"Sim";5;0;0;1;1;3;1;3;-25,584223;-49,401379;"SPRF-PR";"DEL01-PR";"UOP06-DEL01-PR"
173204;2018-11-22;"quinta-feira";"16:10:00";"SC";101;204,3;"SAO JOSE";"Falta de Atenção à Condução";"Tombamento";"Com Vítimas Feridas";"Pleno dia";"Decrescente";"Céu Claro";"Dupla";"Reta";"Sim";2;0;0;1;0;1;1;2;-27,5832;-48,6151;"SPRF-SC";"DEL01-SC";"UOP01-DEL01-SC"
173207;2018-11-22;"quinta-feira";"15:00:00";"MA";316;450,1;"PERITORO";"Falta de Atenção à Condução";"Colisão lateral";"Com Vítimas Feridas";"Pleno dia";"Crescente";"Sol";"Simples";"Curva";"Não";3;0;0;1;1;1;1;3;-4,491364;-44,145054;"SPRF-MA";"DEL03-MA";"UOP01-DEL03-MA"
173209;2018-11-22;"quinta-feira";"15:30:00";"MG";381;478;"CONTAGEM";"Falta de Atenção à Condução";"Colisão lateral";"Com Vítimas Feridas";"Pleno dia";"Crescente";"Nublado";"Dupla";"Reta";"Sim";3;0;1;0;1;1;1;3;-19,9643;-44,044;"SPRF-MG";"DEL01-MG";"UOP03-DEL01-MG"
173211;2018-11-22;"quinta-feira";"13:30:00";"SC";153;64;"IRANI";"Falta de Atenção à Condução";"Colisão transversal";"Com Vítimas Feridas";"Pleno dia";"Decrescente";"Céu Claro";"Simples";"Reta";"Sim";4;0;2;0;1;1;2;3;-27,003662;-51,872604;"SPRF-SC";"DEL07-SC";"UOP04-DEL07-SC"
173212;2018-11-22;"quinta-feira";"16:00:00";"PR";280;281;"FLOR DA SERRA DO SUL";"Não guardar distância de segurança";"Colisão traseira";"Com Vítimas Feridas";"Pleno dia";"Decrescente";"Céu Claro";"Simples";"Ponte";"Não";2;0;1;0;1;0;1;2;-26,250265;-53,3354;"SPRF-PR";"DEL02-PR";"UOP01-DEL02-PR"
173213;2018-11-22;"quinta-feira";"16:50:00";"CE";222;122;"ITAPAJE";"Falta de Atenção à Condução";"Colisão lateral";"Com Vítimas Fatais";"Anoitecer";"Crescente";"Céu Claro";"Simples";"Interseção de Vias";"Sim";8;1;1;3;1;2;4;4;-3,699389;-39,574257;"SPRF-CE";"DEL04-CE";"UOP03-DEL04-CE"
173215;2018-11-22;"quinta-feira";"16:50:00";"SP";116;363;"MIRACATU";"Velocidade Incompatível";"Tombamento";"Com Vítimas Feridas";"Pleno dia";"Decrescente";"Céu Claro";"Dupla";"Curva";"Não";2;0;1;0;0;1;1;2;-24,13700231;-47,27249622;"SPRF-SP";"DEL04-SP";"UOP03-DEL04-SP"
173217;2018-11-22;"quinta-feira";"17:15:00";"RS";116;267;"CANOAS";"Desobediência às normas de trânsito pelo condutor";"Colisão transversal";"Com Vítimas Feridas";"Pleno dia";"Decrescente";"Céu Claro";"Simples";"Reta";"Sim";3;0;1;0;2;0;1;3;-29,941397;-51,176971;"SPRF-RS";"DEL01-RS";"UOP01-DEL01-RS"
173219;2018-11-22;"quinta-feira";"13:00:00";"PA";230;592;"VITORIA DO XINGU";"Objeto estático sobre o leito carroçável";"Saída de leito carroçável";"Com Vítimas Feridas";"Pleno dia";"Decrescente";"Céu Claro";"Simples";"Aclive";"Não";7;0;1;1;4;3;2;5;-3,09697869;-51,86739922;"SPRF-PA";"DEL04-PA";"UOP01-DEL04-PA"
173221;2018-11-22;"quinta-feira";"17:15:00";"RJ";493;106;"SEROPEDICA";"Falta de Atenção à Condução";"Colisão traseira";"Com Vítimas Feridas";"Pleno dia";"Crescente";"Céu Claro";"Dupla";"Reta";"Não";3;0;2;0;0;1;2;3;-22,74072309;-43,72592926;"SPRF-RJ";"DEL03-RJ";"UOP01-DEL03-RJ"
173228;2018-11-22;"quinta-feira";"16:30:00";"MT";364;203,1;"RONDONOPOLIS";"Defeito Mecânico no Veículo";"Engavetamento";"Sem Vítimas";"Pleno dia";"Decrescente";"Céu Claro";"Dupla";"Reta";"Sim";4;0;0;0;3;3;0;6;-16,475554;-54,653446;"SPRF-MT";"DEL02-MT";"UOP01-DEL02-MT"
173230;2018-11-22;"quinta-feira";"16:40:00";"BA";242;702;"CRISTOPOLIS";"Falta de Atenção à Condução";"Colisão lateral";"Com Vítimas Feridas";"Anoitecer";"Crescente";"Nublado";"Simples";"Reta";"Não";2;0;1;0;1;0;1;2;-12,22251;-44,226983;"SPRF-BA";"DEL10-BA";"UOP01-DEL10-BA"
173235;2018-11-22;"quinta-feira";"18:20:00";"PR";469;14;"FOZ DO IGUACU";"Falta de Atenção à Condução";"Colisão lateral";"Com Vítimas Feridas";"Anoitecer";"Decrescente";"Céu Claro";"Simples";"Reta";"Sim";3;0;1;0;1;1;1;3;-25,5781;-54,5411;"SPRF-PR";"DEL05-PR";"UOP04-DEL05-PR"
173238;2018-11-22;"quinta-feira";"16:20:00";"PR";153;520,7;"GENERAL CARNEIRO";"Defeito Mecânico no Veículo";"Incêndio";"Sem Vítimas";"Pleno dia";"Crescente";"Céu Claro";"Simples";"Aclive";"Não";2;0;0;0;1;1;0;2;-26,608736;-51,476875;"SPRF-PR";"DEL02-PR";"UOP03-DEL02-PR"
173246;2018-11-22;"quinta-feira";"18:00:00";"PE";232;105,5;"BEZERROS";"Defeito na Via";"Danos eventuais";"Com Vítimas Feridas";"Anoitecer";"Decrescente";"Céu Claro";"Dupla";"Reta";"Não";3;0;2;0;0;1;2;2;-8,25219;-35,76585;"SPRF-PE";"DEL02-PE";"UOP03-DEL02-PE"
173253;2018-11-22;"quinta-feira";"17:00:00";"MA";316;421;"PERITORO";"Desobediência às normas de trânsito pelo condutor";"Colisão lateral";"Com Vítimas Feridas";"Pleno dia";"Decrescente";"Céu Claro";"Simples";"Reta";"Sim";3;0;1;1;1;0;2;2;-4,35627;-44,363815;"SPRF-MA";"DEL03-MA";"UOP01-DEL03-MA"
173254;2018-11-22;"quinta-feira";"19:20:00";"MS";262;147,5;"RIBAS DO RIO PARDO";"Falta de Atenção à Condução";"Colisão lateral";"Com Vítimas Feridas";"Plena Noite";"Decrescente";"Garoa/Chuvisco";"Simples";"Reta";"Não";4;0;1;0;2;5;1;8;-20,45163;-52,912678;"SPRF-MS";"DEL07-MS";"UOP02-DEL07-MS"
173259;2018-11-22;"quinta-feira";"18:20:00";"SC";101;212,4;"PALHOCA";"Não guardar distância de segurança";"Colisão lateral";"Sem Vítimas";"Pleno dia";"Decrescente";"Céu Claro";"Dupla";"Reta";"Sim";3;0;0;0;2;1;0;3;-27,6372;-48,6651;"SPRF-SC";"DEL01-SC";"UOP02-DEL01-SC"
173268;2018-11-22;"quinta-feira";"22:27:00";"GO";60;10;"SANTO ANTONIO DO DESCOBERTO";"Defeito Mecânico no Veículo";"Incêndio";"Sem Vítimas";"Plena Noite";"Decrescente";"Nublado";"Dupla";"Curva;Declive";"Não";2;0;0;0;1;1;0;2;-16,11203;-48,30515742;"SPRF-DF";"DEL01-DF";"UOP01-DEL03-DF"
173272;2018-11-22;"quinta-feira";"21:30:00";"PR";116;118;"CURITIBA";"Deficiência ou não Acionamento do Sistema de Iluminação/Sinalização do Veículo";"Colisão traseira";"Sem Vítimas";"Plena Noite";"Decrescente";"Nublado";"Dupla";"Reta";"Não";3;0;0;0;3;0;0;3;-25,5648501;-49,30890441;"SPRF-PR";"DEL01-PR";"UOP07-DEL01-PR"
173276;2018-11-22;"quinta-feira";"20:00:00";"BA";101;884,8;"TEIXEIRA DE FREITAS";"Falta de Atenção à Condução";"Saída de leito carroçável";"Sem Vítimas";"Plena Noite";"Decrescente";"Nublado";"Simples";"Curva";"Não";5;0;0;0;3;2;0;4;-17,60144;-39,748797;"SPRF-BA";"DEL09-BA";"UOP02-DEL09-BA"
173288;2018-11-23;"sexta-feira";"00:11:00";"SP";116;37;"CACHOEIRA PAULISTA";"Falta de Atenção à Condução";"Colisão traseira";"Sem Vítimas";"Plena Noite";"Crescente";"Céu Claro";"Dupla";"Reta";"Não";3;0;0;0;1;2;0;3;-22,66497;-44,98431;"SPRF-SP";"DEL08-SP";"UOP02-DEL08-SP"
173294;2018-11-23;"sexta-feira";"00:25:00";"PR";116;110,9;"CURITIBA";"Falta de Atenção à Condução";"Colisão traseira";"Com Vítimas Feridas";"Plena Noite";"Decrescente";"Céu Claro";"Dupla";"Reta";"Sim";3;0;1;0;1;2;1;4;-25,569897;-49,187782;"SPRF-PR";"DEL01-PR";"UOP01-DEL01-PR"
173298;2018-11-22;"quinta-feira";"07:00:00";"RS";290;97;"PORTO ALEGRE";"Falta de Atenção à Condução";"Colisão lateral";"Sem Vítimas";"Pleno dia";"Decrescente";"Céu Claro";"Dupla";"Curva";"Sim";1;0;0;0;1;0;0;1;-29,997789;-51,20779;"SPRF-RS";"DEL01-RS";"UOP01-DEL01-RS"
173299;2018-11-23;"sexta-feira";"02:00:00";"PB";101;93;"CONDE";"Condutor Dormindo";"Colisão traseira";"Com Vítimas Feridas";"Plena Noite";"Crescente";"Céu Claro";"Dupla";"Reta";"Não";2;0;1;0;1;0;1;2;-7,2156;-34,912;"SPRF-PB";"DEL01-PB";"UOP01-DEL01-PB"
173301;2018-11-23;"sexta-feira";"00:45:00";"RO";364;427;"JARU";"Pista Escorregadia";"Saída de leito carroçável";"Sem Vítimas";"Plena Noite";"Decrescente";"Chuva";"Simples";"Curva";"Não";1;0;0;0;1;0;0;1;-10,427292;-62,487484;"SPRF-RO";"DEL03-RO";"UOP02-DEL03-RO"
173305;2018-11-22;"quinta-feira";"18:50:00";"RS";116;526;"PELOTAS";"Desobediência às normas de trânsito pelo condutor";"Colisão transversal";"Com Vítimas Feridas";"Pleno dia";"Crescente";"Céu Claro";"Simples";"Rotatória";"Sim";2;0;1;0;1;0;1;2;-31,74269371;-52,39886284;"SPRF-RS";"DEL07-RS";"UOP01-DEL07-RS"
173310;2018-11-23;"sexta-feira";"06:00:00";"RS";386;172,2;"CARAZINHO";"Falta de Atenção à Condução";"Tombamento";"Com Vítimas Feridas";"Pleno dia";"Decrescente";"Céu Claro";"Simples";"Reta";"Não";2;0;0;1;0;1;1;2;-28,250835;-52,798668;"SPRF-RS";"DEL08-RS";"UOP01-DEL08-RS"
173311;2018-11-22;"quinta-feira";"17:10:00";"MT";174;391;"NOVA LACERDA";"Falta de Atenção à Condução";"Colisão frontal";"Com Vítimas Fatais";"Pleno dia";"Decrescente";"Céu Claro";"Simples";"Reta";"Não";4;1;0;1;0;5;1;7;-14,462148;-59,59901;"SPRF-MT";"DEL04-MT";"UOP01-DEL04-MT"
173315;2018-11-23;"sexta-feira";"05:00:00";"MS";262;129,6;"AGUA CLARA";"Falta de Atenção à Condução";"Saída de leito carroçável";"Com Vítimas Feridas";"Amanhecer";"Crescente";"Céu Claro";"Simples";"Reta";"Não";1;0;1;0;0;0;1;1;-20,48955;-52,764034;"SPRF-MS";"DEL07-MS";"UOP02-DEL07-MS"
173318;2018-11-23;"sexta-feira";"06:15:00";"PE";101;77;"RECIFE";"Falta de Atenção à Condução";"Colisão frontal";"Com Vítimas Feridas";"Pleno dia";"Crescente";"Sol";"Simples";"Em Obras";"Sim";3;0;1;0;2;0;1;3;-8,1368;-34,9474;"SPRF-PE";"DEL01-PE";"UOP01-DEL01-PE"
173320;2018-11-23;"sexta-feira";"07:10:00";"RS";116;232,6;"NOVO HAMBURGO";"Falta de Atenção à Condução";"Colisão transversal";"Com Vítimas Feridas";"Pleno dia";"Decrescente";"Céu Claro";"Simples";"Curva";"Sim";2;0;1;0;1;0;1;2;-29,63275;-51,143333;"SPRF-RS";"DEL01-RS";"UOP02-DEL01-RS"
173327;2018-11-23;"sexta-feira";"07:00:00";"RS";392;345,1;"SANTA MARIA";"Desobediência às normas de trânsito pelo condutor";"Colisão transversal";"Sem Vítimas";"Pleno dia";"Crescente";"Céu Claro";"Simples";"Reta";"Sim";3;0;0;0;2;1;0;3;-29,778809;-53,783569;"SPRF-RS";"DEL09-RS";"UOP01-DEL09-RS"
173330;2018-11-23;"sexta-feira";"08:30:00";"SC";470;5,8;"NAVEGANTES";"Não guardar distância de segurança";"Colisão traseira";"Com Vítimas Feridas";"Pleno dia";"Crescente";"Sol";"Simples";"Reta";"Não";4;0;1;0;2;1;1;4;-26,8538663;-48,70615929;"SPRF-SC";"DEL04-SC";"UOP04-DEL04-SC"