"id";"data_inversa";"dia_semana";"horario";"uf";"br";"km";"municipio";"causa_acidente";"tipo_acidente";"classificacao_acidente";"fase_dia";"sentido_via";"condicao_metereologica";"tipo_pista";"tracado_via";"uso_solo";"pessoas";"mortos";"feridos_leves";"feridos_graves";"ilesos";"ignorados";"feridos";"veiculos";"latitude";"longitude";"regional";"delegacia";"uop"
173337;2018-11-23;"sexta-feira";"09:32:00";"ES";262;56;"MARECHAL FLORIANO";"Desobediência às normas de trânsito pelo condutor";"Colisão transversal";"Com Vítimas Feridas";"Pleno dia";"Crescente";"Nublado";"Simples";"Retorno Regulamentado";"Sim";7;0;1;3;0;5;4;7;-20,4109;-40,7541;"SPRF-ES";"DEL01-ES";"UOP01-DEL01-ES"
173338;2018-11-04;"domingo";"06:10:00";"MG";153;245,6;"FRONTEIRA";"Desobediência às normas de trânsito pelo condutor";"Colisão frontal";"Com Vítimas Feridas";"Amanhecer";"Crescente";"Chuva";"Simples";"Curva";"Sim";2;0;1;0;1;0;1;2;-20,29561406;-49,20546317;"SPRF-MG";"DEL13-MG";"UOP02-DEL13-MG"
173339;2018-11-23;"sexta-feira";"08:30:00";"RJ";116;227;"PIRAI";"Carga excessiva e/ou mal acondicionada";"Derramamento de carga";"Sem Vítimas";"Pleno dia";"Decrescente";"Nublado";"Simples";"Curva";"Não";2;0;0;0;1;1;0;2;-22,672081;-43,817894;"SPRF-RJ";"DEL07-RJ";"UOP01-DEL07-RJ"
173341;2018-11-23;"sexta-feira";"09:00:00";"SC";470;67,4;"INDAIAL";"Desobediência às normas de trânsito pelo condutor";"Colisão lateral";"Com Vítimas Feridas";"Pleno dia";"Crescente";"Nublado";"Simples";"Reta";"Sim";2;0;1;0;1;0;1;2;-26,872158;-49,23127;"SPRF-SC";"DEL04-SC";"UOP01-DEL04-SC"
173342;2018-11-23;"sexta-feira";"07:50:00";"MA";316;544,7;"CAXIAS";"Não guardar distância de segurança";"Colisão lateral";"Com Vítimas Feridas";"Pleno dia";"Decrescente";"Nublado";"Simples";"Reta";"Não";7;0;1;0;3;3;1;3;-4,867952;-43,411625;"SPRF-MA";"DEL03-MA";"UOP02-DEL03-MA"
173347;2018-11-23;"sexta-feira";"10:50:00";"PR";376;170,4;"MARINGA";"Defeito Mecânico no Veículo";"Derramamento de carga";"Sem Vítimas";"Pleno dia";"Crescente";"Nublado";"Dupla";"Reta";"Sim";1;0;0;0;1;0;0;1;-23,418228;-51,975006;"SPRF-PR";"DEL07-PR";"UOP01-DEL09-PR"
173349;2018-11-23;"sexta-feira";"10:30:00";"CE";222;26,6;"CAUCAIA";"Ultrapassagem Indevida";"Saída de leito carroçável";"Com Vítimas Feridas";"Pleno dia";"Crescente";"Chuva";"Simples";"Reta";"Não";2;0;1;0;0;1;1;2;-3,723467;-38,785534;"SPRF-CE";"DEL01-CE";"UOP01-DEL01-CE"
173355;2018-11-23;"sexta-feira";"11:55:00";"ES";101;294,7;"CARIACICA";"Falta de Atenção à Condução";"Colisão traseira";"Com Vítimas Feridas";"Pleno dia";"Crescente";"Sol";"Dupla";"Reta";"Sim";2;0;0;1;1;0;1;2;-20,33024111;-40,39913177;"SPRF-ES";"DEL01-ES";"UOP01-DEL01-ES"
173356;2018-11-23;"sexta-feira";"11:40:00";"PR";376;666;"GUARATUBA";"Defeito Mecânico no Veículo";"Colisão traseira";"Com Vítimas Feridas";"Pleno dia";"Crescente";"Céu Claro";"Dupla";"Curva";"Não";3;0;1;0;1;1;1;3;-25,86478444;-48,95027161;"SPRF-PR";"DEL01-PR";"DEL7/1-UOP08/PR"
173360;2018-11-23;"sexta-feira";"12:58:00";"ES";101;266,2;"SERRA";"Desobediência às normas de trânsito pelo condutor";"Colisão transversal";"Com Vítimas Feridas";"Pleno dia";"Crescente";"Céu Claro";"Múltipla";"Interseção de Vias";"Sim";4;0;0;1;1;3;1;5;-20,19371596;-40,26867097;"SPRF-ES";"DEL02-ES";"UOP01-DEL02-ES"
173361;2018-11-23;"sexta-feira";"12:45:00";"PR";277;122;"CAMPO LARGO";"Falta de Atenção à Condução";"Colisão lateral";"Com Vítimas Feridas";"Pleno dia";"Decrescente";"Nublado";"Dupla";"Reta";"Sim";3;0;1;0;2;0;1;2;-25,45975041;-49,56632942;"SPRF-PR";"DEL01-PR";"UOP06-DEL01-PR"
173365;2018-11-23;"sexta-feira";"11:30:00";"BA";324;425,5;"CAPIM GROSSO";"Falta de Atenção à Condução";"Tombamento";"Sem Vítimas";"Pleno dia";"Crescente";"Céu Claro";"Simples";"Declive";"Não";3;0;0;0;1;3;0;4;-11,372763;-40,011303;"SPRF-BA";"DEL04-BA";"UOP02-DEL04-BA"
173369;2018-11-23;"sexta-feira";"12:45:00";"MG";40;576;"ITABIRITO";"Desobediência às normas de trânsito pelo condutor";"Colisão transversal";"Com Vítimas Feridas";"Pleno dia";"Decrescente";"Chuva";"Simples";"Reta";"Não";3;0;1;0;1;1;1;3;-20,2702;-43,9536;"SPRF-MG";"DEL01-MG";"UOP02-DEL01-MG"
173372;2018-11-23;"sexta-feira";"14:00:00";"RS";116;410,2;"CAMAQUA";"Condutor Dormindo";"Colisão lateral";"Com Vítimas Feridas";"Pleno dia";"Decrescente";"Céu Claro";"Simples";"Reta";"Não";2;0;1;0;1;0;1;2;-30,91965895;-51,89638853;"SPRF-RS";"DEL02-RS";"UOP03-DEL02-RS"
173373;2018-11-23;"sexta-feira";"14:00:00";"SC";101;191;"BIGUACU";"Falta de Atenção à Condução";"Colisão lateral";"Com Vítimas Feridas";"Pleno dia";"Decrescente";"Céu Claro";"Múltipla";"Reta";"Não";3;0;1;0;1;1;1;3;-27,4847;-48,6476;"SPRF-SC";"DEL01-SC";"UOP01-DEL01-SC"
173375;2018-11-23;"sexta-feira";"12:30:00";"MT";364;487;"JANGADA";"Não guardar distância de segurança";"Colisão traseira";"Com Vítimas Feridas";"Pleno dia";"Crescente";"Garoa/Chuvisco";"Simples";"Reta";"Não";3;0;1;0;1;2;1;4;-15,350019;-56,415577;"SPRF-MT";"DEL01-MT";"DEL2/4-UOP02/MT"
173376;2018-11-23;"sexta-feira";"14:15:00";"SP";153;335,5;"OURINHOS";"Falta de Atenção à Condução";"Colisão transversal";"Com Vítimas Feridas";"Pleno dia";"Decrescente";"Garoa/Chuvisco";"Simples";"Declive";"Não";4;0;1;0;2;1;1;3;-22,90517649;-49,88923788;"SPRF-SP";"DEL07-SP";"UOP03-DEL07-SP"
173379;2018-11-23;"sexta-feira";"13:30:00";"SC";101;101;"BALNEARIO PICARRAS";"Falta de Atenção do Pedestre";"Atropelamento de Pedestre";"Com Vítimas Feridas";"Pleno dia";"Crescente";"Nublado";"Simples";"Interseção de Vias";"Sim";3;0;0;1;1;1;1;3;-26,7751;-48,6857;"SPRF-SC";"DEL03-SC";"UOP02-DEL03-SC"
173382;2018-11-23;"sexta-feira";"12:15:00";"BA";116;602;"IRAJUBA";"Condutor Dormindo";"Colisão traseira";"Com Vítimas Fatais";"Pleno dia";"Crescente";"Céu Claro";"Simples";"Reta";"Não";12;1;1;1;9;0;2;3;-13,261591;-40,012824;"SPRF-BA";"DEL03-BA";"UOP02-DEL03-BA"
173384;2018-11-23;"sexta-feira";"14:10:00";"RS";386;335;"MARQUES DE SOUZA";"Ultrapassagem Indevida";"Colisão frontal";"Com Vítimas Fatais";"Pleno dia";"Decrescente";"Nublado";"Simples";"Curva";"Não";5;1;0;0;2;2;0;5;-29,3947267;-52,04256514;"SPRF-RS";"DEL04-RS";"UOP01-DEL04-RS"
173385;2018-11-23;"sexta-feira";"13:10:00";"RN";101;107,2;"PARNAMIRIM";"Velocidade Incompatível";"Colisão traseira";"Sem Vítimas";"Pleno dia";"Decrescente";"Céu Claro";"Dupla";"Declive";"Sim";4;0;0;0;4;0;0;4;-5,919193;-35,264118;"SPRF-RN";"DEL01-RN";"UOP01-DEL01-RN"
173386;2018-11-23;"sexta-feira";"14:40:00";"MG";381;484;"BETIM";"Carga excessiva e/ou mal acondicionada";"Colisão traseira";"Com Vítimas Feridas";"Pleno dia";"Crescente";"Sol";"Dupla";"Declive";"Sim";17;0;5;0;11;1;5;15;-19,95822279;-44,09176111;"SPRF-MG";"DEL01-MG";"UOP03-DEL01-MG"
173391;2018-11-23;"sexta-feira";"14:25:00";"MG";40;801;"MATIAS BARBOSA";"Falta de Atenção à Condução";"Colisão lateral";"Com Vítimas Feridas";"Pleno dia";"Decrescente";"Nublado";"Dupla";"Reta";"Não";3;0;1;0;2;0;1;2;-21,8445;-43,377;"SPRF-MG";"DEL05-MG";"UOP01-DEL05-MG"
173392;2018-11-23;"sexta-feira";"15:05:00";"GO";60;203,9;"GUAPO";"Animais na Pista";"Atropelamento de Animal";"Com Vítimas Feridas";"Pleno dia";"Decrescente";"Céu Claro";"Dupla";"Reta";"Não";2;0;1;0;1;0;1;1;-16,8931;-49,6321;"SPRF-GO";"DEL01-GO";"UOP02-DEL01-GO"
173393;2018-11-23;"sexta-feira";"14:10:00";"PR";277;42,9;"MORRETES";"Defeito Mecânico no Veículo";"Colisão traseira";"Com Vítimas Feridas";"Pleno dia";"Decrescente";"Nublado";"Dupla";"Curva";"Não";3;0;1;0;1;1;1;3;-25,59189126;-48,89496763;"SPRF-PR";"DEL01-PR";"UOP07-DEL01-PR"
173396;2018-11-23;"sexta-feira";"08:45:00";"RO";364;476;"ARIQUEMES";"Não guardar distância de segurança";"Tombamento";"Sem Vítimas";"Pleno dia";"Crescente";"Garoa/Chuvisco";"Simples";"Reta";"Não";2;0;0;0;1;3;0;4;-10,159905;-62,83564;"SPRF-RO";"DEL03-RO";"UOP01-DEL03-RO"
173398;2018-11-23;"sexta-feira";"10:45:00";"MG";381;659;"SANTO ANTONIO DO AMPARO";"Falta de Atenção à Condução";"Tombamento";"Sem Vítimas";"Pleno dia";"Decrescente";"Céu Claro";"Dupla";"Reta";"Não";2;0;0;0;1;1;0;2;-21,0093;-44,98;"SPRF-MG";"DEL04-MG";"UOP02-DEL04-MG"
173399;2018-11-23;"sexta-feira";"12:18:00";"PE";407;122,4;"PETROLINA";"Falta de Atenção à Condução";"Colisão lateral";"Com Vítimas Fatais";"Pleno dia";"Crescente";"Sol";"Simples";"Reta";"Sim";3;2;0;0;1;0;0;2;-9,07908929;-40,66268758;"SPRF-PE";"DEL06-PE";"UOP01-DEL06-PE"
173404;2018-11-23;"sexta-feira";"10:30:00";"MA";135;44,2;"BACABEIRA";"Desobediência às normas de trânsito pelo condutor";"Saída de leito carroçável";"Com Vítimas Feridas";"Pleno dia";"Crescente";"Sol";"Dupla";"Declive";"Sim";6;0;5;0;0;1;5;2;-2,91884446;-44,34515568;"SPRF-MA";"DEL01-MA";"UOP01-DEL01-MA"
173416;2018-11-23;"sexta-feira";"15:25:00";"CE";116;35,3;"AQUIRAZ";"Desobediência às normas de trânsito pelo condutor";"Colisão lateral";"Com Vítimas Feridas";"Pleno dia";"Crescente";"Sol";"Dupla";"Aclive;Reta";"Não";3;0;0;1;1;2;1;4;-4,0566638;-38,50504252;"SPRF-CE";"DEL01-CE";"UOP02-DEL01-CE"
173418;2018-11-23;"sexta-feira";"15:32:00";"PA";230;98;"SAO JOAO DO ARAGUAIA";"Defeito Mecânico no Veículo";"Incêndio";"Sem Vítimas";"Pleno dia";"Crescente";"Céu Claro";"Simples";"Reta";"Não";2;0;0;0;1;3;0;4;-5,419156;-48,936592;"SPRF-PA";"DEL03-PA";"UOP01-DEL03-PA"
173421;2018-11-23;"sexta-feira";"17:30:00";"SP";381;82;"SAO PAULO";"Não guardar distância de segurança";"Colisão traseira";"Com Vítimas Feridas";"Pleno dia";"Crescente";"Chuva";"Múltipla";"Reta";"Não";4;0;1;1;2;0;2;3;-23,42663002;-46,57276154;"SPRF-SP";"DEL03-SP";"DEL6/3-UOP03/SP"
173423;2018-11-23;"sexta-feira";"17:40:00";"PR";277;373;"GUARAPUAVA";"Falta de Atenção à Condução";"Colisão lateral";"Com Vítimas Feridas";"Pleno dia";"Crescente";"Garoa/Chuvisco";"Simples";"Reta";"Não";6;0;3;0;1;3;3;6;-25,405131;-51,7229;"SPRF-PR";"DEL03-PR";"UOP01-DEL08-PR"
173424;2018-11-23;"sexta-feira";"15:15:00";"SE";101;108,8;"SAO CRISTOVAO";"Animais na Pista";"Engavetamento";"Com Vítimas Feridas";"Pleno dia";"Crescente";"Céu Claro";"Dupla";"Curva;Aclive";"Não";5;0;1;0;2;3;1;5;-10,96497141;-37,26703232;"SPRF-SE";"DEL02-SE";"UOP01-DEL02-SE"
173430;2018-11-23;"sexta-feira";"17:20:00";"MS";163;473,5;"CAMPO GRANDE";"Avarias e/ou desgaste excessivo no pneu";"Colisão com objeto em movimento";"Com Vítimas Feridas";"Pleno dia";"Crescente";"Garoa/Chuvisco";"Simples";"Reta";"Sim";3;0;0;1;1;1;1;3;-20,53262349;-54,56494436;"SPRF-MS";"DEL01-MS";"UOP01-DEL01-MS"
173438;2018-11-23;"sexta-feira";"16:40:00";"BA";418;99,5;"NOVA VICOSA";"Falta de Atenção à Condução";"Tombamento";"Com Vítimas Feridas";"Pleno dia";"Crescente";"Céu Claro";"Simples";"Reta";"Não";2;0;0;1;0;2;1;3;-17,90640086;-39,97278392;"SPRF-BA";"DEL09-BA";"UOP02-DEL09-BA"
173439;2018-11-23;"sexta-feira";"17:40:00";"RJ";116;77,6;"TERESOPOLIS";"Ultrapassagem Indevida";"Colisão lateral";"Com Vítimas Feridas";"Pleno dia";"Decrescente";"Céu Claro";"Simples";"Reta";"Não";3;0;1;0;1;1;1;3;-22,374075;-42,952648;"SPRF-RJ";"DEL04-RJ";"UOP01-DEL04-RJ"
173442;2018-11-23;"sexta-feira";"18:40:00";"RS";153;24,6;"SEVERIANO DE ALMEIDA";"Falta de Atenção à Condução";"Colisão frontal";"Com Vítimas Feridas";"Anoitecer";"Crescente";"Chuva";"Simples";"Curva";"Não";8;0;0;2;4;2;2;6;-27,496895;-52,118408;"SPRF-RS";"DEL08-RS";"UOP04-DEL08-RS"
173443;2018-11-11;"domingo";"13:50:00";"PE";423;115;"PARANATAMA";"Falta de Atenção à Condução";"Colisão frontal";"Com Vítimas Feridas";"Pleno dia";"Crescente";"Céu Claro";"Simples";"Reta";"Não";6;0;1;0;4;1;1;4;-8,90213;-36,64832;"SPRF-PE";"DEL03-PE";"UOP01-DEL03-PE"
173449;2018-11-23;"sexta-feira";"17:10:00";"BA";324;612;"SALVADOR";"Falta de Atenção à Condução";"Colisão traseira";"Com Vítimas Feridas";"Anoitecer";"Crescente";"Nublado";"Simples";"Reta";"Não";3;0;1;0;2;0;1;2;-12,85792285;-38,42164636;"SPRF-BA";"DEL01-BA";"UOP01-DEL01-BA"
173453;2018-11-23;"sexta-feira";"18:40:00";"SP";116;385;"MIRACATU";"Velocidade Incompatível";"Tombamento";"Sem Vítimas";"Anoitecer";"Decrescente";"Chuva";"Dupla";"Reta";"Não";2;0;0;0;2;0;0;1;-24,25872243;-47,37650156;"SPRF-SP";"DEL04-SP";"UOP02-DEL04-SP"
173454;2018-11-23;"sexta-feira";"18:30:00";"PR";163;78;"PLANALTO";"Falta de Atenção à Condução";"Colisão frontal";"Com Vítimas Feridas";"Anoitecer";"Crescente";"Nublado";"Simples";"Reta";"Não";3;0;1;0;2;0;1;3;-25,73958844;-53,80143643;"SPRF-PR";"DEL02-PR";"UOP02-DEL02-PR"
173457;2018-11-23;"sexta-feira";"19:30:00";"RS";158;408;"SAO GABRIEL";"Ultrapassagem Indevida";"Colisão lateral";"Com Vítimas Feridas";"Plena Noite";"Crescente";"Chuva";"Simples";"Reta;Declive";"Não";6;0;1;0;4;1;1;3;-29,993275;-54,494816;"SPRF-RS";"DEL09-RS";"UOP01-DEL09-RS"
173458;2018-11-23;"sexta-feira";"18:50:00";"MG";116;760,5;"LEOPOLDINA";"Falta de Atenção à Condução";"Colisão transversal";"Com Vítimas Feridas";"Pleno dia";"Decrescente";"Céu Claro";"Simples";"Reta";"Sim";3;0;2;0;1;0;2;2;-21,52213751;-42,61772096;"SPRF-MG";"DEL07-MG";"UOP01-DEL07-MG"
173459;2018-11-23;"sexta-feira";"14:55:00";"PI";135;337;"BOM JESUS";"Defeito na Via";"Tombamento";"Sem Vítimas";"Pleno dia";"Decrescente";"Céu Claro";"Simples";"Curva";"Não";3;0;0;0;2;3;0;4;-8,983537;-44,282722;"SPRF-PI";"DEL03-PI";"UOP02-DEL03-PI"
173462;2018-11-23;"sexta-feira";"19:00:00";"BA";116;699,4;"JEQUIE";"Desobediência às normas de trânsito pelo condutor";"Colisão frontal";"Com Vítimas Fatais";"Plena Noite";"Decrescente";"Céu Claro";"Simples";"Reta";"Não";3;1;0;0;1;1;0;3;-14,064;-40,206;"SPRF-BA";"DEL03-BA";"UOP01-DEL03-BA"
173468;2018-11-23;"sexta-feira";"17:30:00";"MA";135;14,8;"SAO LUIS";"Desobediência às normas de trânsito pelo condutor";"Colisão lateral";"Sem Vítimas";"Plena Noite";"Crescente";"Céu Claro";"Dupla";"Curva";"Sim";3;0;0;0;3;0;0;3;-2,53073;-44,3068;"SPRF-MA";"DEL01-MA";"UOP01-DEL01-MA"
173470;2018-11-23;"sexta-feira";"17:20:00";"RS";158;105,4;"PALMEIRA DAS MISSOES";"Não guardar distância de segurança";"Colisão traseira";"Com Vítimas Feridas";"Pleno dia";"Decrescente";"Chuva";"Simples";"Reta";"Não";3;0;1;0;1;1;1;3;-27,93865;-53,32523;"SPRF-RS";"DEL08-RS";"UOP02-DEL08-RS"
173472;2018-11-23;"sexta-feira";"16:45:00";"MS";262;777,1;"CORUMBA";"Velocidade Incompatível";"Colisão transversal";"Com Vítimas Feridas";"Pleno dia";"Crescente";"Garoa/Chuvisco";"Simples";"Declive";"Não";3;0;0;1;1;1;1;3;-19,021889;-57,689803;"SPRF-MS";"DEL03-MS";"UOP03-DEL03-MS"
173482;2018-11-23;"sexta-feira";"20:20:00";"PE";101;57;"PAULISTA";"Falta de Atenção à Condução";"Colisão transversal";"Sem Vítimas";"Plena Noite";"Decrescente";"Céu Claro";"Dupla";"Retorno Regulamentado;Reta;Aclive";"Sim";3;0;0;0;2;1;0;3;-7,9717;-34,921;"SPRF-PE";"DEL01-PE";"UOP02-DEL01-PE"
173486;2018-11-23;"sexta-feira";"21:55:00";"GO";60;111;"GOIANAPOLIS";"Falta de Atenção à Condução";"Colisão traseira";"Com Vítimas Feridas";"Plena Noite";"Decrescente";"Ignorado";"Dupla";"Reta";"Não";2;0;1;1;0;0;2;2;-16,451;-49,0409;"SPRF-GO";"DEL01-GO";"UOP01-DEL01-GO"
173491;2018-11-23;"sexta-feira";"20:10:00";"SP";116;424,8;"JUQUIA";"Desobediência às normas de trânsito pelo condutor";"Colisão traseira";"Sem Vítimas";"Plena Noite";"Decrescente";"Nublado";"Dupla";"Reta";"Não";4;0;0;0;1;3;0;4;-24,38339453;-47,71497488;"SPRF-SP";"DEL05-SP";"UOP01-DEL05-SP"
173496;2018-11-23;"sexta-feira";"21:50:00";"GO";153;341;"JARAGUA";"Defeito Mecânico no Veículo";"Incêndio";"Com Vítimas Feridas";"Plena Noite";"Decrescente";"Céu Claro";"Simples";"Reta";"Não";2;0;1;1;0;0;2;1;-15,604506;-49,405258;"SPRF-GO";"DEL02-GO";"UOP02-DEL02-GO"
173505;2018-11-23;"sexta-feira";"20:15:00";"MA";10;164,1;"PORTO FRANCO";"Desobediência às normas de trânsito pelo condutor";"Colisão frontal";"Com Vítimas Fatais";"Plena Noite";"Crescente";"Céu Claro";"Simples";"Reta";"Não";3;1;0;0;1;1;0;3;-6,284359;-47,360458;"SPRF-MA";"DEL04-MA";"UOP02-DEL04-MA"
173506;2018-11-23;"sexta-feira";"19:31:00";"TO";226;25;"PALMEIRAS DO TOCANTINS";"Defeito na Via";"Tombamento";"Com Vítimas Feridas";"Plena Noite";"Decrescente";"Céu Claro";"Simples";"Aclive;Reta";"Não";1;0;1;0;0;0;1;1;-6,638903;-47,658455;"SPRF-TO";"DEL02-TO";"UOP03-DEL02-TO"
173507;2018-11-23;"sexta-feira";"17:30:00";"PR";153;304,8;"IMBITUVA";"Ingestão de Álcool";"Tombamento";"Sem Vítimas";"Pleno dia";"Decrescente";"Nublado";"Simples";"Curva;Aclive";"Não";2;0;0;0;1;1;0;2;-25,259619;-50,640388;"SPRF-PR";"DEL03-PR";"UOP02-DEL08-PR"
173514;2018-11-23;"sexta-feira";"23:19:00";"SP";116;343,3;"MIRACATU";"Falta de Atenção à Condução";"Colisão lateral";"Com Vítimas Feridas";"Plena Noite";"Crescente";"Nublado";"Dupla";"Curva";"Não";6;0;2;0;3;1;2;2;-24,02679844;-47,17369437;"SPRF-SP";"DEL04-SP";"UOP03-DEL04-SP"
173515;2018-11-23;"sexta-feira";"20:00:00";"SC";280;77,6;"CORUPA";"Desobediência às normas de trânsito pelo condutor";"Colisão frontal";"Com Vítimas Fatais";"Plena Noite";"Decrescente";"Nublado";"Simples";"Curva";"Não";5;1;0;0;3;1;0;5;-26,455076;-49,18729;"SPRF-SC";"DEL06-SC";"UOP03-DEL06-SC"
173519;2018-11-23;"sexta-feira";"23:54:00";"SE";101;156;"ESTANCIA";"Defeito na Via";"Colisão transversal";"Com Vítimas Feridas";"Plena Noite";"Crescente";"Garoa/Chuvisco";"Dupla";"Curva;Declive";"Não";4;0;1;0;2;2;1;5;-11,2414;-37,4316;"SPRF-SE";"DEL02-SE";"UOP01-DEL02-SE"
173520;2018-11-23;"sexta-feira";"22:50:00";"SC";101;127,7;"ITAJAI";"Velocidade Incompatível";"Colisão traseira";"Com Vítimas Fatais";"Plena Noite";"Crescente";"Nublado";"Dupla";"Reta";"Sim";3;1;0;0;1;1;0;3;-26,973;-48,6828;"SPRF-SC";"DEL04-SC";"UOP04-DEL04-SC"
173525;2018-11-24;"sábado";"01:15:00";"MG";381;385;"SAO GONCALO DO RIO ABAIXO";"Velocidade Incompatível";"Colisão lateral";"Com Vítimas Fatais";"Plena Noite";"Crescente";"Nublado";"Simples";"Curva";"Sim";3;1;0;0;1;1;0;3;-19,83484915;-43,37341954;"SPRF-MG";"DEL01-MG";"UOP01-DEL01-MG"
173530;2018-11-24;"sábado";"04:35:00";"PR";376;337,7;"ORTIGUEIRA";"Pista Escorregadia";"Colisão lateral";"Com Vítimas Feridas";"Plena Noite";"Crescente";"Chuva";"Simples";"Declive;Curva";"Não";5;0;0;2;2;1;2;3;-24,13376641;-51,00488663;"SPRF-PR";"DEL07-PR";"UOP02-DEL07-PR"
173531;2018-11-24;"sábado";"04:15:00";"MG";381;934,2;"EXTREMA";"Velocidade Incompatível";"Tombamento";"Sem Vítimas";"Plena Noite";"Decrescente";"Chuva";"Dupla";"Declive;Curva";"Não";2;0;0;0;1;1;0;2;-22,8046682;-46,25999451;"SPRF-MG";"DEL16-MG";"UOP03-DEL16-MG"
173533;2018-11-24;"sábado";"06:00:00";"PR";277;5,9;"PARANAGUA";"Falta de Atenção à Condução";"Colisão traseira";"Com Vítimas Feridas";"Amanhecer";"Decrescente";"Nublado";"Dupla";"Reta";"Sim";5;0;0;2;2;3;2;6;-25,519718;-48,524936;"SPRF-PR";"DEL01-PR";"UOP05-DEL01-PR"
173534;2018-11-24;"sábado";"05:45:00";"RS";116;522;"PELOTAS";"Falta de Atenção à Condução";"Colisão lateral";"Com Vítimas Feridas";"Amanhecer";"Crescente";"Chuva";"Dupla";"Ponte";"Não";2;0;0;1;1;0;1;2;-31,7186762;-52,37886429;"SPRF-RS";"DEL07-RS";"UOP01-DEL07-RS"
173538;2018-11-24;"sábado";"06:00:00";"RS";290;98;"PORTO ALEGRE";"Ingestão de Álcool";"Colisão traseira";"Sem Vítimas";"Amanhecer";"Decrescente";"Céu Claro";"Múltipla";"Reta";"Sim";2;0;0;0;2;0;0;2;-29,994816;-51,217403;"SPRF-RS";"DEL01-RS";"UOP01-DEL01-RS"
173539;2018-11-24;"sábado";"06:25:00";"RS";386;257,4;"SOLEDADE";"Velocidade Incompatível";"Colisão frontal";"Com Vítimas Fatais";"Amanhecer";"Crescente";"Chuva";"Simples";"Curva";"Não";3;1;0;0;2;0;0;2;-28,876074;-52,433834;"SPRF-RS";"DEL04-RS";"NPF/DEL04-RS"
173542;2018-11-23;"sexta-feira";"23:45:00";"RS";290;406,3;"SANTA MARGARIDA DO SUL";"Fenômenos da Natureza";"Tombamento";"Com Vítimas Feridas";"Plena Noite";"Crescente";"Chuva";"Simples";"Reta";"Não";4;0;3;0;0;1;3;2;-30,364319;-54,208939;"SPRF-RS";"DEL09-RS";"UOP02-DEL09-RS"
173549;2018-11-24;"sábado";"07:20:00";"PR";369;155,4;"LONDRINA";"Ingestão de Álcool";"Colisão traseira";"Com Vítimas Feridas";"Pleno dia";"Crescente";"Chuva";"Dupla";"Reta;Interseção de Vias";"Sim";3;0;1;0;1;1;1;3;-23,29485106;-51,21037066;"SPRF-PR";"DEL07-PR";"UOP01-DEL07-PR"
173550;2018-11-24;"sábado";"06:45:00";"RS";470;225;"GARIBALDI";"Falta de Atenção à Condução";"Colisão transversal";"Com Vítimas Feridas";"Pleno dia";"Crescente";"Garoa/Chuvisco";"Simples";"Reta";"Sim";2;0;0;1;1;0;1;2;-29,24656122;-51,51592439;"SPRF-RS";"DEL06-RS";"UOP01-DEL06-RS"
173563;2018-11-24;"sábado";"05:50:00";"MS";262;158,6;"RIBAS DO RIO PARDO";"Avarias e/ou desgaste excessivo no pneu";"Saída de leito carroçável";"Com Vítimas Feridas";"Pleno dia";"Decrescente";"Nublado";"Simples";"Reta";"Não";3;0;2;0;0;2;2;3;-20,44567224;-53,05984497;"SPRF-MS";"DEL07-MS";"UOP02-DEL07-MS"
173565;2018-11-24;"sábado";"07:10:00";"BA";101;732;"ITABELA";"Velocidade Incompatível";"Colisão lateral";"Com Vítimas Feridas";"Pleno dia";"Decrescente";"Chuva";"Simples";"Declive;Curva";"Não";3;0;1;0;1;1;1;3;-16,4757;-39,5828;"SPRF-BA";"DEL09-BA";"UOP01-DEL09-BA"
173566;2018-11-24;"sábado";"08:35:00";"RS";285;290,2;"PASSO FUNDO";"Falta de Atenção à Condução";"Colisão transversal";"Com Vítimas Feridas";"Pleno dia";"Crescente";"Chuva";"Simples";"Rotatória";"Sim";3;0;0;1;2;0;1;2;-28,23465503;-52,38488317;"SPRF-RS";"DEL08-RS";"UOP03-DEL08-RS"
173569;2018-11-23;"sexta-feira";"20:30:00";"MT";163;527;"DIAMANTINO";"Pista Escorregadia";"Saída de leito carroçável";"Com Vítimas Feridas";"Plena Noite";"Crescente";"Chuva";"Simples";"Curva";"Não";8;0;1;1;6;0;2;1;-14,45994763;-56,14151001;"SPRF-MT";"DEL01-MT";"UOP01-DEL01-MT"
173570;2018-11-24;"sábado";"08:30:00";"MG";381;526;"BRUMADINHO";"Defeito Mecânico no Veículo";"Colisão lateral";"Sem Vítimas";"Pleno dia";"Crescente";"Nublado";"Dupla";"Curva";"Não";18;0;0;0;17;1;0;3;-20,1586;-44,3295;"SPRF-MG";"DEL04-MG";"UOP03-DEL04-MG"
173571;2018-11-24;"sábado";"07:30:00";"RJ";465;0,6;"SEROPEDICA";"Falta de Atenção à Condução";"Colisão transversal";"Sem Vítimas";"Amanhecer";"Crescente";"Céu Claro";"Simples";"Reta";"Sim";5;0;0;0;5;0;0;2;-22,713446;-43,734077;"SPRF-RJ";"DEL01-RJ";"UOP03-DEL01-RJ"
173573;2018-11-24;"sábado";"07:00:00";"PE";101;43,9;"IGARASSU";"Não guardar distância de segurança";"Colisão lateral";"Com Vítimas Feridas";"Pleno dia";"Crescente";"Garoa/Chuvisco";"Múltipla";"Reta";"Sim";3;0;1;0;1;1;1;3;-7,8543;-34,9087;"SPRF-PE";"DEL01-PE";"UOP02-DEL01-PE"