"id";"data_inversa";"dia_semana";"horario";"uf";"br";"km";"municipio";"causa_acidente";"tipo_acidente";"classificacao_acidente";"fase_dia";"sentido_via";"condicao_metereologica";"tipo_pista";"tracado_via";"uso_solo";"pessoas";"mortos";"feridos_leves";"feridos_graves";"ilesos";"ignorados";"feridos";"veiculos";"latitude";"longitude";"regional";"delegacia";"uop"
173582;2018-11-24;"sábado";"07:25:00";"PR";476;194,9;"LAPA";"Falta de Atenção à Condução";"Colisão frontal";"Com Vítimas Fatais";"Pleno dia";"Crescente";"Céu Claro";"Simples";"Reta";"Sim";3;1;0;0;1;1;0;3;-25,74048;-49,710938;"SPRF-PR";"DEL01-PR";"UOP06-DEL01-PR"
173605;2018-11-24;"sábado";"07:47:00";"MG";381;941;"EXTREMA";"Velocidade Incompatível";"Saída de leito carroçável";"Sem Vítimas";"Pleno dia";"Decrescente";"Chuva";"Dupla";"Curva";"Não";2;0;0;0;1;1;0;2;-22,8354;-46,3196;"SPRF-MG";"DEL16-MG";"UOP03-DEL16-MG"
173619;2018-11-24;"sábado";"10:45:00";"PR";116;117;"CURITIBA";"Falta de Atenção à Condução";"Colisão traseira";"Com Vítimas Feridas";"Pleno dia";"Crescente";"Sol";"Múltipla";"Declive";"Sim";2;0;0;1;1;0;1;2;-25,56319416;-49,30861473;"SPRF-PR";"DEL01-PR";"UOP07-DEL01-PR"
173626;2018-11-24;"sábado";"10:45:00";"MG";381;525,3;"BRUMADINHO";"Velocidade Incompatível";"Saída de leito carroçável";"Com Vítimas Fatais";"Pleno dia";"Crescente";"Garoa/Chuvisco";"Dupla";"Reta";"Não";2;1;0;1;0;0;1;2;-20,14765;-44,32439;"SPRF-MG";"DEL04-MG";"UOP03-DEL04-MG"
173632;2018-11-24;"sábado";"11:45:00";"RS";116;248,4;"SAO LEOPOLDO";"Velocidade Incompatível";"Colisão com objeto estático";"Sem Vítimas";"Pleno dia";"Decrescente";"Chuva";"Múltipla";"Curva";"Sim";3;0;0;0;3;0;0;3;-29,776119;-51,155102;"SPRF-RS";"DEL01-RS";"UOP02-DEL01-RS"
173640;2018-11-24;"sábado";"12:59:00";"SP";116;221;"GUARULHOS";"Desobediência às normas de trânsito pelo condutor";"Colisão traseira";"Com Vítimas Feridas";"Pleno dia";"Crescente";"Céu Claro";"Simples";"Reta";"Sim";4;0;1;0;2;1;1;4;-23,46732074;-46,50735855;"SPRF-SP";"DEL01-SP";"UOP01-DEL01-SP"
173642;2018-11-24;"sábado";"12:20:00";"PR";277;610,5;"SANTA TEREZA DO OESTE";"Não guardar distância de segurança";"Colisão traseira";"Com Vítimas Feridas";"Pleno dia";"Decrescente";"Céu Claro";"Simples";"Reta";"Sim";2;0;1;0;1;0;1;2;-25,051109;-53,622143;"SPRF-PR";"DEL05-PR";"UOP02-DEL05-PR"
173644;2018-11-24;"sábado";"13:20:00";"SC";470;192,4;"POUSO REDONDO";"Velocidade Incompatível";"Colisão frontal";"Com Vítimas Feridas";"Pleno dia";"Crescente";"Sol";"Simples";"Curva";"Não";5;0;3;0;1;1;3;3;-27,293324;-50,078678;"SPRF-SC";"DEL04-SC";"UOP02-DEL04-SC"
173649;2018-11-24;"sábado";"07:10:00";"MT";364;474;"JANGADA";"Velocidade Incompatível";"Colisão frontal";"Com Vítimas Feridas";"Pleno dia";"Crescente";"Nublado";"Simples";"Curva";"Não";3;0;0;1;1;2;1;4;-15,432544;-56,339233;"SPRF-MT";"DEL01-MT";"DEL2/4-UOP02/MT"
173654;2018-11-24;"sábado";"13:30:00";"SP";116;499;"CAJATI";"Velocidade Incompatível";"Colisão com objeto estático";"Com Vítimas Feridas";"Pleno dia";"Crescente";"Chuva";"Dupla";"Curva";"Não";3;0;1;0;1;1;1;2;-24,78486436;-48,18122864;"SPRF-SP";"DEL05-SP";"UAP01-DEL05-SP"
173659;2018-11-24;"sábado";"13:50:00";"ES";262;168,1;"IBATIBA";"Ingestão de álcool e/ou substâncias psicoativas pelo pedestre";"Atropelamento de Pedestre";"Com Vítimas Feridas";"Pleno dia";"Decrescente";"Nublado";"Simples";"Reta";"Não";2;0;0;1;1;0;1;2;-20,265;-41,5732;"SPRF-ES";"DEL01-ES";"UOP02-DEL01-ES"
173662;2018-11-24;"sábado";"14:35:00";"RJ";101;485;"ANGRA DOS REIS";"Falta de Atenção à Condução";"Colisão lateral";"Com Vítimas Feridas";"Pleno dia";"Crescente";"Céu Claro";"Simples";"Curva";"Sim";2;0;1;0;1;0;1;2;-22,98547879;-44,29685354;"SPRF-RJ";"DEL03-RJ";"UOP03-DEL03-RJ"
173663;2018-11-24;"sábado";"15:00:00";"SP";116;498,7;"CAJATI";"Desobediência às normas de trânsito pelo condutor";"Colisão lateral";"Sem Vítimas";"Pleno dia";"Crescente";"Garoa/Chuvisco";"Simples";"Interseção de Vias";"Sim";3;0;0;0;2;1;0;3;-24,78147459;-48,1756711;"SPRF-SP";"DEL05-SP";"UAP01-DEL05-SP"
173664;2018-11-24;"sábado";"14:15:00";"MG";262;576,8;"CORREGO DANTA";"Não guardar distância de segurança";"Capotamento";"Com Vítimas Feridas";"Pleno dia";"Decrescente";"Chuva";"Simples";"Reta";"Não";2;0;2;0;0;0;2;1;-19,656881;-46,068478;"SPRF-MG";"DEL08-MG";"UOP02-DEL08-MG"
173665;2018-11-24;"sábado";"14:10:00";"PE";101;77,5;"RECIFE";"Velocidade Incompatível";"Colisão traseira";"Com Vítimas Feridas";"Pleno dia";"Crescente";"Nublado";"Simples";"Desvio Temporário;Em Obras";"Sim";3;0;1;0;2;0;1;3;-8,1368;-34,9474;"SPRF-PE";"DEL01-PE";"UOP01-DEL01-PE"
173671;2018-11-24;"sábado";"14:00:00";"MG";365;52;"CLARO DOS POCOES";"Ultrapassagem Indevida";"Derramamento de carga";"Sem Vítimas";"Pleno dia";"Decrescente";"Chuva";"Simples";"Reta";"Não";2;0;0;0;1;2;0;3;-16,95686;-44,249134;"SPRF-MG";"DEL12-MG";"UOP01-DEL12-MG"
173674;2018-11-24;"sábado";"16:00:00";"SP";116;518;"CAJATI";"Velocidade Incompatível";"Colisão com objeto estático";"Sem Vítimas";"Pleno dia";"Decrescente";"Garoa/Chuvisco";"Dupla";"Curva";"Não";2;0;0;0;1;1;0;2;-24,86338755;-48,21418762;"SPRF-SP";"DEL05-SP";"UAP01-DEL05-SP"
173678;2018-11-24;"sábado";"15:20:00";"SP";116;221,2;"GUARULHOS";"Condutor Dormindo";"Colisão traseira";"Com Vítimas Feridas";"Pleno dia";"Decrescente";"Chuva";"Múltipla";"Reta";"Sim";2;0;1;0;0;1;1;2;-23,46815053;-46,50752049;"SPRF-SP";"DEL01-SP";"UOP01-DEL01-SP"
173680;2018-11-24;"sábado";"16:15:00";"PE";232;511;"SALGUEIRO";"Ultrapassagem Indevida";"Colisão frontal";"Com Vítimas Feridas";"Pleno dia";"Decrescente";"Sol";"Simples";"Reta";"Sim";2;0;1;0;0;1;1;2;-8,067472;-39,138168;"SPRF-PE";"DEL05-PE";"UOP01-DEL05-PE"
173684;2018-11-24;"sábado";"17:30:00";"SP";116;332;"JUQUITIBA";"Falta de Atenção à Condução";"Colisão traseira";"Com Vítimas Fatais";"Pleno dia";"Decrescente";"Nublado";"Dupla";"Reta";"Não";5;1;0;1;2;1;1;4;-23,95674422;-47,11157106;"SPRF-SP";"DEL04-SP";"UOP03-DEL04-SP"
173690;2018-11-24;"sábado";"14:00:00";"MG";365;68,9;"JEQUITAI";"Pista Escorregadia";"Tombamento";"Com Vítimas Feridas";"Pleno dia";"Decrescente";"Chuva";"Simples";"Reta";"Não";1;0;1;0;0;0;1;1;-17,072227;-44,339527;"SPRF-MG";"DEL12-MG";"UOP01-DEL12-MG"
173691;2018-11-24;"sábado";"14:00:00";"MG";365;67,8;"CLARO DOS POCOES";"Pista Escorregadia";"Tombamento";"Sem Vítimas";"Pleno dia";"Decrescente";"Chuva";"Simples";"Curva";"Não";2;0;0;0;1;3;0;4;-17,06158479;-44,33652878;"SPRF-MG";"DEL12-MG";"UOP01-DEL12-MG"
173698;2018-11-24;"sábado";"15:10:00";"MG";116;536,4;"SANTA RITA DE MINAS";"Velocidade Incompatível";"Tombamento";"Com Vítimas Feridas";"Pleno dia";"Decrescente";"Céu Claro";"Simples";"Curva";"Não";3;0;2;0;0;1;2;2;-19,85312;-42,140617;"SPRF-MG";"DEL06-MG";"UOP02-DEL06-MG"
173702;2018-11-24;"sábado";"19:00:00";"MG";251;478,8;"FRANCISCO SA";"Falta de Atenção à Condução";"Colisão transversal";"Com Vítimas Feridas";"Plena Noite";"Decrescente";"Céu Claro";"Simples";"Reta";"Não";3;0;1;0;1;1;1;3;-16,4701;-43,4765;"SPRF-MG";"DEL12-MG";"UOP01-DEL12-MG"
173716;2018-11-24;"sábado";"18:30:00";"TO";153;600;"ALIANCA DO TOCANTINS";"Falta de Atenção à Condução";"Colisão frontal";"Com Vítimas Feridas";"Plena Noite";"Decrescente";"Chuva";"Simples";"Reta";"Não";6;0;4;1;0;1;5;3;-11,26697478;-48,93639565;"SPRF-TO";"DEL02-TO";"UOP02-DEL01-TO"
173718;2018-11-24;"sábado";"17:05:00";"BA";116;25,8;"VITORIA DA CONQUISTA";"Defeito Mecânico no Veículo";"Incêndio";"Sem Vítimas";"Pleno dia";"Decrescente";"Céu Claro";"Simples";"Declive";"Não";2;0;0;0;1;1;0;2;-14,85094;-40,803261;"SPRF-BA";"DEL08-BA";"UOP01-DEL08-BA"
173724;2018-11-24;"sábado";"18:50:00";"BA";330;739,8;"JITAUNA";"Velocidade Incompatível";"Saída de leito carroçável";"Sem Vítimas";"Plena Noite";"Crescente";"Céu Claro";"Simples";"Curva";"Não";1;0;0;0;1;0;0;1;-13,97698609;-39,95096684;"SPRF-BA";"DEL03-BA";"UOP01-DEL03-BA"
173727;2018-11-24;"sábado";"18:40:00";"TO";230;1,9;"AGUIARNOPOLIS";"Falta de Atenção à Condução";"Colisão transversal";"Com Vítimas Fatais";"Plena Noite";"Decrescente";"Chuva";"Simples";"Reta";"Sim";5;1;0;0;1;3;0;4;-6,56170215;-47,47326585;"SPRF-TO";"DEL02-TO";"UOP03-DEL02-TO"
173733;2018-11-24;"sábado";"19:30:00";"CE";20;148,8;"PEDRA BRANCA";"Agressão Externa";"Colisão lateral";"Com Vítimas Feridas";"Plena Noite";"Decrescente";"Céu Claro";"Simples";"Reta";"Não";3;0;2;0;0;1;2;3;-5,445891;-40,007393;"SPRF-CE";"DEL02-CE";"UOP02-DEL02-CE"
173735;2018-11-24;"sábado";"17:30:00";"PR";153;234;"TIBAGI";"Velocidade Incompatível";"Tombamento";"Com Vítimas Feridas";"Pleno dia";"Decrescente";"Nublado";"Simples";"Curva;Declive";"Não";2;0;0;1;0;2;1;3;-24,812395;-50,483719;"SPRF-PR";"DEL03-PR";"UOP02-DEL03-PR"
173739;2018-11-24;"sábado";"16:00:00";"MS";163;698;"RIO VERDE DE MATO GROSSO";"Falta de Atenção à Condução";"Colisão lateral";"Sem Vítimas";"Pleno dia";"Crescente";"Nublado";"Simples";"Reta";"Não";2;0;0;0;1;1;0;2;-18,75650886;-54,82380174;"SPRF-MS";"DEL06-MS";"UOP01-DEL06-MS"
173746;2018-11-24;"sábado";"20:40:00";"MG";381;877;"POUSO ALEGRE";"Falta de Atenção à Condução";"Colisão lateral";"Sem Vítimas";"Plena Noite";"Crescente";"Chuva";"Dupla";"Reta";"Não";4;0;0;0;3;2;0;5;-22,4465;-45,9943;"SPRF-MG";"DEL16-MG";"UOP01-DEL16-MG"
173750;2018-11-24;"sábado";"21:25:00";"GO";153;320;"RIANAPOLIS";"Falta de Atenção à Condução";"Colisão traseira";"Com Vítimas Feridas";"Plena Noite";"Decrescente";"Garoa/Chuvisco";"Simples";"Aclive";"Não";3;0;1;0;1;1;1;3;-15,447845;-49,505455;"SPRF-GO";"DEL02-GO";"UOP02-DEL02-GO"
173754;2018-11-24;"sábado";"20:00:00";"MT";163;118;"RONDONOPOLIS";"Falta de Atenção à Condução";"Colisão frontal";"Sem Vítimas";"Plena Noite";"Decrescente";"Céu Claro";"Simples";"Reta";"Sim";6;0;0;0;4;8;0;9;-16,513552;-54,655167;"SPRF-MT";"DEL02-MT";"UOP01-DEL02-MT"
173773;2018-11-25;"domingo";"00:40:00";"RJ";393;274;"BARRA DO PIRAI";"Desobediência às normas de trânsito pelo condutor";"Colisão lateral";"Sem Vítimas";"Plena Noite";"Decrescente";"Nublado";"Simples";"Curva";"Não";3;0;0;0;2;1;0;3;-22,478477;-43,951252;"SPRF-RJ";"DEL05-RJ";"UOP04-DEL05-RJ"
173788;2018-11-24;"sábado";"17:40:00";"MG";116;160;"PONTO DOS VOLANTES";"Desobediência às normas de trânsito pelo condutor";"Colisão lateral";"Com Vítimas Feridas";"Pleno dia";"Crescente";"Céu Claro";"Simples";"Reta";"Não";2;0;0;1;0;1;1;2;-16,90482754;-41,47356033;"SPRF-MG";"DEL11-MG";"UOP02-DEL11-MG"
173795;2018-11-24;"sábado";"18:20:00";"MT";174;335;"CONQUISTA DOESTE";"Defeito Mecânico no Veículo";"Tombamento";"Com Vítimas Fatais";"Anoitecer";"Decrescente";"Céu Claro";"Simples";"Reta";"Não";2;1;0;0;0;1;0;2;-14,840767;-59,311993;"SPRF-MT";"DEL04-MT";"UOP01-DEL04-MT"
173804;2018-11-25;"domingo";"03:30:00";"SP";116;390,8;"MIRACATU";"Falta de Atenção à Condução";"Colisão traseira";"Com Vítimas Feridas";"Plena Noite";"Crescente";"Garoa/Chuvisco";"Dupla";"Reta";"Não";4;0;1;0;2;1;1;3;-24,27496934;-47,41195332;"SPRF-SP";"DEL04-SP";"UOP02-DEL04-SP"
173809;2018-11-25;"domingo";"04:50:00";"ES";101;377,2;"ICONHA";"Objeto estático sobre o leito carroçável";"Colisão com objeto estático";"Com Vítimas Feridas";"Amanhecer";"Crescente";"Nublado";"Simples";"Curva";"Sim";3;0;0;1;1;1;1;3;-20,7925977;-40,80841541;"SPRF-ES";"DEL03-ES";"UOP01-DEL03-ES"
173811;2018-11-24;"sábado";"23:20:00";"MT";364;272,3;"JACIARA";"Pista Escorregadia";"Tombamento";"Sem Vítimas";"Plena Noite";"Crescente";"Chuva";"Dupla";"Reta";"Sim";2;0;0;0;1;2;0;3;-15,96668;-54,96122;"SPRF-MT";"DEL02-MT";"UOP02-DEL05-MT"
173816;2018-11-25;"domingo";"05:20:00";"CE";116;5,5;"FORTALEZA";"Desobediência às normas de trânsito pelo condutor";"Colisão lateral";"Com Vítimas Feridas";"Amanhecer";"Crescente";"Céu Claro";"Múltipla";"Reta";"Sim";3;0;0;1;1;1;1;3;-3,8038;-38,5032;"SPRF-CE";"DEL01-CE";"UOP02-DEL01-CE"
173823;2018-11-25;"domingo";"04:10:00";"MT";364;66,8;"ALTO GARCAS";"Restrição de Visibilidade";"Saída de leito carroçável";"Com Vítimas Feridas";"Plena Noite";"Decrescente";"Chuva";"Simples";"Curva";"Não";3;0;1;0;2;0;1;2;-16,920658;-53,609753;"SPRF-MT";"DEL02-MT";"UOP02-DEL02-MT"
173828;2018-11-25;"domingo";"06:30:00";"AL";104;50,7;"MURICI";"Pista Escorregadia";"Saída de leito carroçável";"Com Vítimas Feridas";"Pleno dia";"Decrescente";"Garoa/Chuvisco";"Simples";"Reta";"Não";3;0;3;0;0;0;3;1;-9,30688;-35,940841;"SPRF-AL";"DEL01-AL";"UOP02-DEL01-AL"
173830;2018-11-25;"domingo";"08:00:00";"MG";381;768,9;"CAMPANHA";"Condutor Dormindo";"Colisão traseira";"Com Vítimas Feridas";"Pleno dia";"Decrescente";"Chuva";"Dupla";"Reta";"Não";2;0;0;1;1;0;1;2;-21,75559364;-45,40237427;"SPRF-MG";"DEL16-MG";"UOP02-DEL16-MG"
173832;2018-11-25;"domingo";"07:30:00";"SC";153;13,4;"AGUA DOCE";"Ingestão de Álcool";"Tombamento";"Sem Vítimas";"Pleno dia";"Decrescente";"Sol";"Simples";"Interseção de Vias";"Não";2;0;0;0;1;1;0;2;-26,690351;-51,567181;"SPRF-SC";"DEL07-SC";"UOP07-DEL07-SC"
173837;2018-11-25;"domingo";"08:20:00";"MG";381;362;"JOAO MONLEVADE";"Velocidade Incompatível";"Colisão frontal";"Com Vítimas Feridas";"Pleno dia";"Crescente";"Chuva";"Simples";"Curva";"Não";7;0;2;0;4;2;2;5;-19,84960682;-43,20884597;"SPRF-MG";"DEL03-MG";"UOP01-DEL03-MG"
173842;2018-11-17;"sábado";"21:10:00";"MG";251;517,3;"MONTES CLAROS";"Ultrapassagem Indevida";"Colisão frontal";"Com Vítimas Feridas";"Plena Noite";"Crescente";"Céu Claro";"Simples";"Reta";"Não";8;0;2;0;5;1;2;3;-16,661;-43,7563;"SPRF-MG";"DEL12-MG";"UOP01-DEL12-MG"
173843;2018-11-25;"domingo";"07:30:00";"BA";242;845;"BARREIRAS";"Ingestão de Álcool";"Colisão lateral";"Com Vítimas Feridas";"Pleno dia";"Decrescente";"Céu Claro";"Simples";"Reta";"Não";3;0;1;0;1;1;1;3;-12,084601;-45,45368;"SPRF-BA";"DEL10-BA";"UOP01-DEL10-BA"
173849;2018-11-25;"domingo";"08:50:00";"PE";101;78;"RECIFE";"Desobediência às normas de trânsito pelo condutor";"Colisão transversal";"Com Vítimas Feridas";"Pleno dia";"Decrescente";"Céu Claro";"Simples";"Reta";"Sim";2;0;1;0;1;0;1;2;-8,13918589;-34,94704306;"SPRF-PE";"DEL01-PE";"UOP01-DEL01-PE"
173851;2018-11-25;"domingo";"08:45:00";"SC";470;160;"TROMBUDO CENTRAL";"Falta de Atenção à Condução";"Colisão lateral";"Sem Vítimas";"Pleno dia";"Decrescente";"Céu Claro";"Simples";"Curva";"Não";3;0;0;0;2;1;0;3;-27,286278;-49,798035;"SPRF-SC";"DEL04-SC";"UOP02-DEL04-SC"
173853;2018-11-25;"domingo";"07:30:00";"CE";222;303,7;"TIANGUA";"Falta de Atenção à Condução";"Tombamento";"Com Vítimas Feridas";"Pleno dia";"Decrescente";"Céu Claro";"Simples";"Curva";"Não";2;0;1;0;0;1;1;2;-3,663417;-40,950089;"SPRF-CE";"DEL04-CE";"UOP02-DEL04-CE"
173864;2018-11-25;"domingo";"10:10:00";"RJ";40;109;"DUQUE DE CAXIAS";"Carga excessiva e/ou mal acondicionada";"Tombamento";"Com Vítimas Feridas";"Pleno dia";"Decrescente";"Céu Claro";"Dupla";"Curva";"Sim";1;0;0;1;0;0;1;1;-22,67167945;-43,2844162;"SPRF-RJ";"DEL01-RJ";"UOP01-DEL01-RJ"
173866;2018-11-25;"domingo";"10:15:00";"AL";101;82,1;"RIO LARGO";"Falta de Atenção à Condução";"Colisão traseira";"Sem Vítimas";"Pleno dia";"Decrescente";"Céu Claro";"Dupla";"Ponte";"Não";4;0;0;0;3;1;0;3;-9,44890887;-35,8614797;"SPRF-AL";"DEL01-AL";"UOP01-DEL01-AL"
173871;2018-11-25;"domingo";"07:55:00";"SP";116;564;"BARRA DO TURVO";"Falta de Atenção à Condução";"Colisão com objeto estático";"Com Vítimas Feridas";"Pleno dia";"Crescente";"Céu Claro";"Dupla";"Curva";"Não";2;0;1;0;0;1;1;2;-25,07808431;-48,59510422;"SPRF-SP";"DEL05-SP";"UOP02-DEL05-SP"
173878;2018-11-25;"domingo";"13:00:00";"RJ";116;313,5;"ITATIAIA";"Falta de Atenção à Condução";"Colisão traseira";"Com Vítimas Feridas";"Pleno dia";"Decrescente";"Céu Claro";"Dupla";"Aclive";"Não";3;0;1;0;2;0;1;2;-22,460867;-44,442963;"SPRF-RJ";"DEL07-RJ";"DEL5/7-UOP03/RJ"
173882;2018-11-25;"domingo";"13:30:00";"GO";80;174,2;"URUACU";"Pista Escorregadia";"Colisão frontal";"Com Vítimas Fatais";"Pleno dia";"Crescente";"Chuva";"Simples";"Declive";"Não";6;1;1;2;1;2;3;4;-14,68191081;-49,12948608;"SPRF-GO";"DEL07-GO";"UOP02-DEL07-GO"
173887;2018-11-25;"domingo";"12:10:00";"RO";364;375,8;"OURO PRETO DO OESTE";"Não guardar distância de segurança";"Colisão traseira";"Sem Vítimas";"Pleno dia";"Crescente";"Chuva";"Dupla";"Curva";"Sim";6;0;0;0;5;6;0;11;-10,739498;-62,185558;"SPRF-RO";"DEL02-RO";"UOP01-DEL02-RO"
173894;2018-11-25;"domingo";"14:00:00";"RS";285;102,1;"VACARIA";"Velocidade Incompatível";"Colisão lateral";"Com Vítimas Fatais";"Pleno dia";"Decrescente";"Sol";"Simples";"Reta";"Não";9;1;4;3;0;1;7;3;-28,561502;-50,782612;"SPRF-RS";"DEL05-RS";"UOP03-DEL05-RS"
173903;2018-11-10;"sábado";"03:00:00";"BA";116;841,9;"VITORIA DA CONQUISTA";"Defeito Mecânico no Veículo";"Saída de leito carroçável";"Com Vítimas Feridas";"Plena Noite";"Crescente";"Chuva";"Simples";"Reta";"Não";2;0;1;0;0;1;1;2;-15,00647402;-40,94020844;"SPRF-BA";"DEL08-BA";"UOP01-DEL08-BA"
173904;2018-11-20;"terça-feira";"05:00:00";"BA";324;592;"CANDEIAS";"Falta de Atenção à Condução";"Colisão traseira";"Sem Vítimas";"Amanhecer";"Decrescente";"Garoa/Chuvisco";"Dupla";"Reta";"Não";2;0;0;0;2;0;0;2;-12,68913222;-38,46570969;"SPRF-BA";"DEL01-BA";"UOP01-DEL01-BA"
173919;2018-11-25;"domingo";"16:30:00";"PR";153;468,4;"PORTO VITORIA";"Condutor Dormindo";"Saída de leito carroçável";"Com Vítimas Feridas";"Pleno dia";"Decrescente";"Céu Claro";"Simples";"Curva;Aclive";"Não";2;0;1;0;0;9;1;10;-26,385147;-51,269444;"SPRF-PR";"DEL02-PR";"UOP03-DEL02-PR"
173921;2018-11-25;"domingo";"15:00:00";"MG";381;830,7;"SAO SEBASTIAO DA BELA VISTA";"Objeto estático sobre o leito carroçável";"Colisão com objeto estático";"Sem Vítimas";"Pleno dia";"Crescente";"Nublado";"Dupla";"Reta";"Não";2;0;0;0;1;1;0;2;-22,1218;-45,7727;"SPRF-MG";"DEL16-MG";"UOP01-DEL16-MG"
173924;2018-11-25;"domingo";"17:25:00";"PR";116;26;"CAMPINA GRANDE DO SUL";"Falta de Atenção à Condução";"Colisão com objeto estático";"Com Vítimas Fatais";"Pleno dia";"Decrescente";"Garoa/Chuvisco";"Múltipla";"Curva";"Não";3;1;0;1;0;1;1;2;-25,106836;-48,785343;"SPRF-PR";"DEL01-PR";"UOP02-DEL01-PR"
173927;2018-11-25;"domingo";"17:20:00";"PR";116;32,9;"CAMPINA GRANDE DO SUL";"Velocidade Incompatível";"Tombamento";"Com Vítimas Feridas";"Pleno dia";"Decrescente";"Nublado";"Dupla";"Curva;Declive";"Não";3;0;2;0;0;1;2;2;-25,10498;-48,839775;"SPRF-PR";"DEL01-PR";"UOP02-DEL01-PR"
173932;2018-11-25;"domingo";"14:15:00";"BA";101;787,8;"ITABELA";"Condutor Dormindo";"Colisão frontal";"Com Vítimas Feridas";"Pleno dia";"Crescente";"Garoa/Chuvisco";"Simples";"Aclive;Curva";"Não";3;0;1;0;1;2;1;4;-16,8545;-39,4912;"SPRF-BA";"DEL09-BA";"UOP01-DEL09-BA"
173934;2018-11-25;"domingo";"08:25:00";"MT";174;371,4;"CONQUISTA DOESTE";"Ultrapassagem Indevida";"Tombamento";"Com Vítimas Feridas";"Pleno dia";"Crescente";"Céu Claro";"Simples";"Reta";"Não";4;0;1;1;1;2;2;4;-14,599463;-59,499649;"SPRF-MT";"DEL04-MT";"UOP01-DEL04-MT"
173942;2018-11-25;"domingo";"18:40:00";"MG";381;521,5;"BRUMADINHO";"Velocidade Incompatível";"Tombamento";"Com Vítimas Feridas";"Pleno dia";"Crescente";"Céu Claro";"Dupla";"Curva";"Não";2;0;0;1;0;1;1;2;-20,1265;-44,3024;"SPRF-MG";"DEL04-MG";"UOP03-DEL04-MG"
173955;2018-11-25;"domingo";"10:10:00";"RO";364;61,9;"VILHENA";"Não guardar distância de segurança";"Colisão frontal";"Com Vítimas Fatais";"Pleno dia";"Decrescente";"Céu Claro";"Simples";"Reta";"Não";4;1;1;0;1;6;1;9;-12,512133;-60,4445;"SPRF-RO";"DEL04-RO";"DEL21/4-UOP03/RO"
173959;2018-11-25;"domingo";"18:30:00";"TO";153;660;"GURUPI";"Ingestão de Álcool";"Colisão traseira";"Sem Vítimas";"Plena Noite";"Crescente";"Chuva";"Simples";"Reta";"Não";2;0;0;0;2;0;0;2;-11,622419;-49,047623;"SPRF-TO";"DEL02-TO";"UOP02-DEL01-TO"
173969;2018-11-25;"domingo";"17:45:00";"MG";251;469,3;"FRANCISCO SA";"Velocidade Incompatível";"Colisão frontal";"Sem Vítimas";"Pleno dia";"Crescente";"Nublado";"Simples";"Declive";"Não";3;0;0;0;2;1;0;3;-16,4756;-43,4084;"SPRF-MG";"DEL12-MG";"UOP01-DEL12-MG"
173972;2018-11-25;"domingo";"19:20:00";"CE";20;348,3;"CARIDADE";"Ingestão de Álcool";"Colisão frontal";"Com Vítimas Feridas";"Plena Noite";"Crescente";"Céu Claro";"Simples";"Interseção de Vias";"Sim";2;0;0;1;1;0;1;2;-4,10361;-39,059071;"SPRF-CE";"DEL02-CE";"UOP01-DEL02-CE"
173974;2018-11-25;"domingo";"20:30:00";"SP";116;152,3;"SAO JOSE DOS CAMPOS";"Desobediência às normas de trânsito pelo condutor";"Colisão traseira";"Com Vítimas Feridas";"Plena Noite";"Decrescente";"Céu Claro";"Múltipla";"Declive";"Sim";5;0;0;2;2;1;2;4;-23,219809;-45,899918;"SPRF-SP";"DEL02-SP";"UOP01-DEL02-SP"
173975;2018-11-25;"domingo";"17:15:00";"SP";381;23;"BRAGANCA PAULISTA";"Ingestão de Álcool";"Colisão lateral";"Sem Vítimas";"Pleno dia";"Crescente";"Garoa/Chuvisco";"Dupla";"Declive;Reta";"Sim";3;0;0;0;3;0;0;2;-23,004795;-46,520626;"SPRF-SP";"DEL03-SP";"UOP02-DEL03-SP"
173986;2018-11-25;"domingo";"20:40:00";"BA";242;400,4;"SEABRA";"Pista Escorregadia";"Colisão com objeto estático";"Com Vítimas Feridas";"Anoitecer";"Decrescente";"Chuva";"Simples";"Curva";"Não";1;0;1;0;0;0;1;1;-12,471342;-41,691029;"SPRF-BA";"DEL10-BA";"UOP03-DEL06-BA"
173987;2018-11-25;"domingo";"20:45:00";"MG";40;730,6;"OLIVEIRA FORTES";"Desobediência às normas de trânsito pelo condutor";"Engavetamento";"Com Vítimas Feridas";"Plena Noite";"Crescente";"Nublado";"Dupla";"Reta";"Não";6;0;2;0;3;1;2;6;-21,3565;-43,581;"SPRF-MG";"DEL05-MG";"UOP01-DEL05-MG"
173988;2018-11-25;"domingo";"22:10:00";"MG";116;803,8;"ALEM PARAIBA";"Falta de Atenção à Condução";"Colisão transversal";"Com Vítimas Feridas";"Plena Noite";"Crescente";"Céu Claro";"Simples";"Reta";"Não";3;0;2;0;1;0;2;2;-21,78245584;-42,72583008;"SPRF-MG";"DEL07-MG";"UOP01-DEL07-MG"
173993;2018-11-25;"domingo";"21:45:00";"PI";343;344,5;"TERESINA";"Falta de Atenção à Condução";"Colisão lateral";"Com Vítimas Fatais";"Plena Noite";"Decrescente";"Céu Claro";"Simples";"Reta";"Sim";2;1;0;0;0;1;0;2;-5,057786;-42,688541;"SPRF-PI";"DEL01-PI";"UOP01-DEL01-PI"
174008;2018-11-25;"domingo";"21:45:00";"MG";381;542;"ITATIAIUCU";"Defeito Mecânico no Veículo";"Incêndio";"Sem Vítimas";"Plena Noite";"Decrescente";"Céu Claro";"Dupla";"Curva";"Sim";2;0;0;0;2;0;0;1;-20,2468;-44,4119;"SPRF-MG";"DEL04-MG";"UOP03-DEL04-MG"