"id";"data_inversa";"dia_semana";"horario";"uf";"br";"km";"municipio";"causa_acidente";"tipo_acidente";"classificacao_acidente";"fase_dia";"sentido_via";"condicao_metereologica";"tipo_pista";"tracado_via";"uso_solo";"pessoas";"mortos";"feridos_leves";"feridos_graves";"ilesos";"ignorados";"feridos";"veiculos";"latitude";"longitude";"regional";"delegacia";"uop"
174011;2018-11-26;"segunda-feira";"00:20:00";"PR";277;128;"BALSA NOVA";"Velocidade Incompatível";"Tombamento";"Sem Vítimas";"Plena Noite";"Decrescente";"Nublado";"Dupla";"Curva";"Não";2;0;0;0;1;1;0;2;-25,46874083;-49,62961078;"SPRF-PR";"DEL01-PR";"UOP06-DEL01-PR"
174013;2018-11-26;"segunda-feira";"01:15:00";"GO";20;225;"POSSE";"Condutor Dormindo";"Colisão frontal";"Com Vítimas Fatais";"Plena Noite";"Crescente";"Garoa/Chuvisco";"Simples";"Reta";"Não";2;1;0;0;1;0;0;2;-14,153014;-46,325546;"SPRF-DF";"DEL02-DF";"UOP03-DEL02-DF"
174021;2018-11-25;"domingo";"18:10:00";"PR";153;145;"VENTANIA";"Defeito Mecânico no Veículo";"Saída de leito carroçável";"Sem Vítimas";"Anoitecer";"Crescente";"Céu Claro";"Simples";"Curva";"Não";2;0;0;0;1;3;0;4;-24,232613;-50,231232;"SPRF-PR";"DEL07-PR";"UOP04-DEL07-PR"
174022;2018-11-25;"domingo";"22:46:00";"PR";153;68,2;"CONSELHEIRO MAIRINCK";"Falta de Atenção à Condução";"Colisão transversal";"Com Vítimas Fatais";"Plena Noite";"Decrescente";"Céu Claro";"Simples";"Reta";"Não";4;1;0;0;1;3;0;5;-23,510644;-50,112698;"SPRF-PR";"DEL07-PR";"UOP04-DEL07-PR"
174025;2018-11-26;"segunda-feira";"04:30:00";"SC";101;275;"IMBITUBA";"Agressão Externa";"Tombamento";"Sem Vítimas";"Plena Noite";"Decrescente";"Céu Claro";"Múltipla";"Reta";"Não";2;0;0;0;1;1;0;2;-28,1636;-48,6935;"SPRF-SC";"DEL02-SC";"UOP03-DEL02-SC"
174028;2018-11-25;"domingo";"20:55:00";"MG";364;31,8;"FRUTAL";"Sinalização da via insuficiente ou inadequada";"Tombamento";"Com Vítimas Feridas";"Plena Noite";"Crescente";"Chuva";"Simples";"Curva";"Sim";2;0;1;0;0;1;1;2;-20,025185;-48,94096;"SPRF-MG";"DEL13-MG";"UOP02-DEL13-MG"
174031;2018-11-25;"domingo";"23:10:00";"SC";282;45,7;"AGUAS MORNAS";"Falta de Atenção à Condução";"Tombamento";"Com Vítimas Fatais";"Plena Noite";"Decrescente";"Nublado";"Simples";"Curva";"Não";1;1;0;0;0;0;0;1;-27,719851;-48,916126;"SPRF-SC";"DEL01-SC";"UOP03-DEL01-SC"
174032;2018-11-25;"domingo";"23:10:00";"SC";470;134,9;"RIO DO SUL";"Ingestão de Álcool";"Colisão lateral";"Com Vítimas Feridas";"Plena Noite";"Crescente";"Céu Claro";"Simples";"Reta";"Não";7;0;4;0;2;1;4;4;-27,181854;-49,600128;"SPRF-SC";"DEL04-SC";"UOP02-DEL04-SC"
174037;2018-11-25;"domingo";"10:20:00";"BA";116;386,6;"SANTA BARBARA";"Desobediência às normas de trânsito pelo condutor";"Colisão frontal";"Com Vítimas Fatais";"Pleno dia";"Crescente";"Céu Claro";"Simples";"Aclive";"Não";27;3;6;17;0;1;23;3;-11,9101748;-38,98362428;"SPRF-BA";"DEL02-BA";"DEL10/2-UOP02/BA"
174048;2018-11-26;"segunda-feira";"06:40:00";"PR";277;360,9;"GUARAPUAVA";"Defeito Mecânico no Veículo";"Tombamento";"Com Vítimas Feridas";"Amanhecer";"Crescente";"Céu Claro";"Simples";"Reta;Declive";"Não";2;0;1;0;0;1;1;2;-25,436485;-51,617483;"SPRF-PR";"DEL03-PR";"UOP01-DEL08-PR"
174060;2018-11-26;"segunda-feira";"08:00:00";"ES";262;150;"IBATIBA";"Defeito Mecânico no Veículo";"Saída de leito carroçável";"Com Vítimas Feridas";"Pleno dia";"Crescente";"Sol";"Simples";"Reta";"Não";2;0;2;0;0;0;2;1;-20,21581109;-41,44763947;"SPRF-ES";"DEL01-ES";"UOP02-DEL01-ES"
174064;2018-11-26;"segunda-feira";"08:50:00";"ES";101;289;"CARIACICA";"Desobediência às normas de trânsito pelo condutor";"Colisão transversal";"Com Vítimas Feridas";"Pleno dia";"Decrescente";"Sol";"Dupla";"Reta";"Não";2;0;1;0;0;1;1;2;-20,27916077;-40,39284021;"SPRF-ES";"DEL01-ES";"UOP01-DEL01-ES"
174071;2018-11-24;"sábado";"19:00:00";"MT";174;454;"COMODORO";"Defeito Mecânico no Veículo";"Danos eventuais";"Sem Vítimas";"Anoitecer";"Decrescente";"Céu Claro";"Simples";"Aclive";"Não";2;0;0;0;1;1;0;2;-13,938213;-59,760513;"SPRF-MT";"DEL04-MT";"UOP01-DEL04-MT"
174072;2018-11-26;"segunda-feira";"08:15:00";"SP";116;562,6;"BARRA DO TURVO";"Velocidade Incompatível";"Tombamento";"Com Vítimas Feridas";"Pleno dia";"Crescente";"Nublado";"Dupla";"Reta";"Não";2;0;1;0;0;1;1;2;-24,756866;-48,50514;"SPRF-SP";"DEL05-SP";"UOP02-DEL05-SP"
174080;2018-11-26;"segunda-feira";"09:30:00";"ES";101;94;"JAGUARE";"Desobediência às normas de trânsito pelo condutor";"Colisão transversal";"Com Vítimas Feridas";"Pleno dia";"Decrescente";"Céu Claro";"Simples";"Interseção de Vias";"Não";6;0;2;0;4;0;2;2;-18,93291801;-39,97272491;"SPRF-ES";"DEL04-ES";"UOP02-DEL04-ES"
174096;2018-11-26;"segunda-feira";"09:30:00";"PE";316;75,8;"OURICURI";"Desobediência às normas de trânsito pelo condutor";"Colisão transversal";"Com Vítimas Feridas";"Pleno dia";"Crescente";"Sol";"Simples";"Reta";"Não";4;0;1;0;1;2;1;3;-7,834104;-40,143604;"SPRF-PE";"DEL05-PE";"UOP02-DEL05-PE"
174097;2018-11-26;"segunda-feira";"09:45:00";"SP";381;63;"MAIRIPORA";"Velocidade Incompatível";"Colisão com objeto estático";"Sem Vítimas";"Pleno dia";"Decrescente";"Céu Claro";"Múltipla";"Curva";"Não";3;0;0;0;2;1;0;3;-23,23847117;-46,59886882;"SPRF-SP";"DEL03-SP";"UOP01-DEL03-SP"
174098;2018-11-26;"segunda-feira";"08:00:00";"BA";101;25,3;"ESPLANADA";"Condutor Dormindo";"Colisão traseira";"Com Vítimas Feridas";"Pleno dia";"Crescente";"Nublado";"Dupla";"Aclive;Reta";"Não";3;0;1;0;1;1;1;3;-11,6947;-37,9028;"SPRF-SE";"DEL02-SE";"UOP03-DEL02-SE"
174108;2018-11-26;"segunda-feira";"09:35:00";"PA";155;342;"MARABA";"Falta de Atenção à Condução";"Colisão traseira";"Sem Vítimas";"Pleno dia";"Crescente";"Céu Claro";"Simples";"Reta";"Não";3;0;0;0;3;0;0;3;-5,450119;-49,07592;"SPRF-PA";"DEL03-PA";"UOP01-DEL03-PA"
174118;2018-11-26;"segunda-feira";"06:00:00";"MG";262;537,5;"LUZ";"Condutor Dormindo";"Saída de leito carroçável";"Com Vítimas Feridas";"Pleno dia";"Decrescente";"Céu Claro";"Simples";"Aclive;Reta";"Não";1;0;1;0;0;0;1;1;-19,741224;-45,852501;"SPRF-MG";"DEL08-MG";"UOP02-DEL08-MG"
174124;2018-11-11;"domingo";"23:30:00";"BA";430;69;"PIATA";"Agressão Externa";"Tombamento";"Com Vítimas Feridas";"Plena Noite";"Crescente";"Chuva";"Simples";"Curva";"Não";3;0;1;0;1;1;1;3;-13;-42;"SPRF-BA";"DEL10-BA";"UOP01-DEL10-BA"
174127;2018-11-26;"segunda-feira";"08:30:00";"MG";262;39;"MANHUACU";"Desobediência às normas de trânsito pelo condutor";"Colisão transversal";"Com Vítimas Feridas";"Pleno dia";"Decrescente";"Céu Claro";"Simples";"Curva";"Não";2;0;0;1;1;0;1;2;-20,271677;-42,039505;"SPRF-MG";"DEL06-MG";"UOP03-DEL06-MG"
174143;2018-11-26;"segunda-feira";"13:40:00";"SP";116;182;"SANTA ISABEL";"Não guardar distância de segurança";"Engavetamento";"Com Vítimas Feridas";"Pleno dia";"Decrescente";"Céu Claro";"Dupla";"Reta;Declive";"Não";4;0;2;0;1;2;2;5;-23,34662497;-46,16484642;"SPRF-SP";"DEL02-SP";"UOP01-DEL02-SP"
174147;2018-10-20;"sábado";"23:20:00";"ES";101;148;"LINHARES";"Não guardar distância de segurança";"Colisão lateral";"Com Vítimas Feridas";"Plena Noite";"Decrescente";"Nublado";"Dupla";"Reta";"Sim";4;0;1;0;2;1;1;4;-19,39618297;-40,06416678;"SPRF-ES";"DEL04-ES";"UOP01-DEL04-ES"
174149;2018-11-26;"segunda-feira";"14:00:00";"PE";101;35,4;"ITAPISSUMA";"Falta de Atenção à Condução";"Colisão traseira";"Sem Vítimas";"Pleno dia";"Decrescente";"Sol";"Dupla";"Declive";"Não";3;0;0;0;2;2;0;4;-7,7889;-34,9295;"SPRF-PE";"DEL01-PE";"UOP02-DEL01-PE"
174152;2018-10-27;"sábado";"22:40:00";"BA";242;399,9;"SEABRA";"Desobediência às normas de trânsito pelo condutor";"Colisão lateral";"Com Vítimas Feridas";"Plena Noite";"Decrescente";"Chuva";"Simples";"Declive;Curva";"Não";24;0;11;2;9;3;13;4;-12,47412369;-41,68247223;"SPRF-BA";"DEL10-BA";"UOP03-DEL06-BA"
174159;2018-11-25;"domingo";"14:30:00";"PI";407;560,5;"PAULISTANA";"Fenômenos da Natureza";"Incêndio";"Sem Vítimas";"Pleno dia";"Crescente";"Céu Claro";"Simples";"Reta";"Não";2;0;0;0;1;1;0;2;-8,023952;-41,178017;"SPRF-PI";"DEL04-PI";"UOP01-DEL04-PI"
174166;2018-11-26;"segunda-feira";"14:30:00";"PE";101;35,3;"IGARASSU";"Falta de Atenção à Condução";"Colisão traseira";"Com Vítimas Feridas";"Pleno dia";"Crescente";"Nublado";"Dupla";"Aclive;Reta";"Não";3;0;1;0;1;1;1;3;-7,7889;-34,9295;"SPRF-PE";"DEL01-PE";"UOP02-DEL01-PE"
174168;2018-11-26;"segunda-feira";"11:30:00";"GO";40;92,6;"CRISTALINA";"Falta de Atenção à Condução";"Colisão lateral";"Com Vítimas Feridas";"Pleno dia";"Crescente";"Chuva";"Simples";"Interseção de Vias";"Não";2;0;1;0;1;0;1;2;-16,730814;-47,626211;"SPRF-DF";"DEL01-DF";"UOP02-DEL01-DF"
174171;2018-10-02;"terça-feira";"12:06:00";"SC";282;118,3;"BOM RETIRO";"Pista Escorregadia";"Saída de leito carroçável";"Com Vítimas Feridas";"Pleno dia";"Crescente";"Chuva";"Simples";"Curva";"Não";1;0;1;0;0;0;1;1;-27,776798;-49,411194;"SPRF-SC";"DEL05-SC";"UOP01-DEL05-SC"
174179;2018-11-26;"segunda-feira";"15:45:00";"RS";290;91;"PORTO ALEGRE";"Falta de Atenção à Condução";"Colisão lateral";"Sem Vítimas";"Pleno dia";"Decrescente";"Céu Claro";"Dupla";"Reta";"Não";3;0;0;0;2;1;0;3;-29,969055;-51,167439;"SPRF-RS";"DEL01-RS";"UOP01-DEL01-RS"
174187;2018-11-26;"segunda-feira";"15:30:00";"MG";381;293;"ANTONIO DIAS";"Velocidade Incompatível";"Colisão frontal";"Sem Vítimas";"Pleno dia";"Crescente";"Céu Claro";"Simples";"Curva";"Não";3;0;0;0;2;2;0;4;-19,63749478;-42,80739069;"SPRF-MG";"DEL03-MG";"UOP02-DEL03-MG"
174188;2018-11-26;"segunda-feira";"15:40:00";"TO";153;502;"PARAISO DO TOCANTINS";"Pista Escorregadia";"Colisão lateral";"Com Vítimas Feridas";"Pleno dia";"Decrescente";"Chuva";"Simples";"Declive";"Não";5;0;4;0;0;2;4;5;-10,218507;-48,875092;"SPRF-TO";"DEL02-TO";"UOP01-DEL01-TO"
174244;2018-11-26;"segunda-feira";"18:00:00";"BA";101;448;"AURELINO LEAL";"Pista Escorregadia";"Saída de leito carroçável";"Com Vítimas Feridas";"Plena Noite";"Crescente";"Chuva";"Simples";"Reta";"Não";2;0;1;0;1;0;1;1;-14,3318;-39,3155;"SPRF-BA";"DEL05-BA";"UOP01-DEL05-BA"
174247;2018-11-26;"segunda-feira";"18:20:00";"PE";104;41;"CARUARU";"Ingestão de Álcool";"Colisão transversal";"Sem Vítimas";"Plena Noite";"Decrescente";"Nublado";"Dupla";"Curva";"Não";3;0;0;0;3;0;0;2;-8,1007;-36,0284;"SPRF-PE";"DEL02-PE";"UOP01-DEL02-PE"
174249;2018-11-26;"segunda-feira";"19:00:00";"ES";101;294;"CARIACICA";"Falta de Atenção à Condução";"Colisão transversal";"Com Vítimas Feridas";"Plena Noite";"Decrescente";"Nublado";"Dupla";"Curva";"Sim";4;0;0;1;1;2;1;4;-20,26992678;-40,38848877;"SPRF-ES";"DEL01-ES";"UOP01-DEL01-ES"
174254;2018-11-26;"segunda-feira";"17:05:00";"RO";364;327,1;"JI-PARANA";"Não guardar distância de segurança";"Engavetamento";"Sem Vítimas";"Pleno dia";"Crescente";"Céu Claro";"Simples";"Reta";"Não";4;0;0;0;3;4;0;7;-11,010188;-61,922325;"SPRF-RO";"DEL02-RO";"UOP01-DEL02-RO"
174256;2018-11-26;"segunda-feira";"18:30:00";"MA";135;2;"SAO LUIS";"Desobediência às normas de trânsito pelo condutor";"Colisão transversal";"Com Vítimas Feridas";"Plena Noite";"Decrescente";"Céu Claro";"Dupla";"Reta";"Não";2;0;1;0;1;0;1;2;-2,65774951;-44,30288684;"SPRF-MA";"DEL01-MA";"UOP01-DEL01-MA"
174257;2018-11-26;"segunda-feira";"19:35:00";"PR";277;700;"SAO MIGUEL DO IGUACU";"Avarias e/ou desgaste excessivo no pneu";"Danos eventuais";"Com Vítimas Feridas";"Plena Noite";"Crescente";"Céu Claro";"Dupla";"Reta";"Não";2;0;1;0;1;0;1;2;-25,406075;-54,328278;"SPRF-PR";"DEL05-PR";"UOP01-DEL05-PR"
174259;2018-11-26;"segunda-feira";"18:30:00";"PA";316;62;"CASTANHAL";"Desobediência às normas de trânsito pelo condutor";"Colisão traseira";"Com Vítimas Feridas";"Anoitecer";"Decrescente";"Céu Claro";"Dupla";"Reta";"Sim";2;0;1;0;1;0;1;2;-1,296296;-47,919842;"SPRF-PA";"DEL01-PA";"UOP01-DEL01-PA"
174260;2018-11-26;"segunda-feira";"18:20:00";"BA";110;319;"ALAGOINHAS";"Defeito na Via";"Colisão lateral";"Sem Vítimas";"Plena Noite";"Crescente";"Chuva";"Simples";"Curva;Declive";"Não";2;0;0;0;1;1;0;2;-12,024;-38,3657;"SPRF-BA";"DEL01-BA";"UOP04-DEL01-BA"
174265;2018-11-26;"segunda-feira";"19:19:00";"SE";101;55,9;"ROSARIO DO CATETE";"Falta de Atenção à Condução";"Colisão transversal";"Com Vítimas Feridas";"Plena Noite";"Crescente";"Nublado";"Simples";"Declive";"Não";5;0;3;0;1;1;3;3;-10,641207;-37,01517105;"SPRF-SE";"DEL02-SE";"UOP02-DEL02-SE"
174273;2018-11-26;"segunda-feira";"21:20:00";"PR";116;42;"CAMPINA GRANDE DO SUL";"Velocidade Incompatível";"Colisão com objeto estático";"Com Vítimas Feridas";"Plena Noite";"Crescente";"Chuva";"Dupla";"Aclive;Curva";"Não";2;0;0;1;0;1;1;2;-25,176117;-48,874256;"SPRF-PR";"DEL01-PR";"UOP02-DEL01-PR"
174274;2018-11-26;"segunda-feira";"04:15:00";"MG";381;367,7;"SAO GONCALO DO RIO ABAIXO";"Condutor Dormindo";"Colisão frontal";"Sem Vítimas";"Plena Noite";"Crescente";"Céu Claro";"Simples";"Aclive;Curva";"Não";3;0;0;0;2;1;0;3;-19,85774486;-43,23679274;"SPRF-MG";"DEL03-MG";"UOP01-DEL03-MG"
174275;2018-11-26;"segunda-feira";"18:55:00";"TO";153;498,6;"PARAISO DO TOCANTINS";"Pista Escorregadia";"Colisão lateral";"Com Vítimas Feridas";"Plena Noite";"Crescente";"Chuva";"Simples";"Curva";"Não";5;0;3;0;1;2;3;4;-10,183949;-48,880169;"SPRF-TO";"DEL02-TO";"UOP01-DEL01-TO"
174281;2018-11-26;"segunda-feira";"23:20:00";"MG";381;907;"CAMBUI";"Velocidade Incompatível";"Colisão com objeto estático";"Com Vítimas Feridas";"Plena Noite";"Decrescente";"Céu Claro";"Dupla";"Declive;Curva";"Não";2;0;0;1;1;0;1;1;-22,679;-46,0995;"SPRF-MG";"DEL16-MG";"UOP03-DEL16-MG"
174284;2018-11-26;"segunda-feira";"22:20:00";"ES";259;7;"JOAO NEIVA";"Carga excessiva e/ou mal acondicionada";"Tombamento";"Sem Vítimas";"Plena Noite";"Decrescente";"Nublado";"Simples";"Curva";"Não";2;0;0;0;0;2;0;2;-19,688684;-40,388706;"SPRF-ES";"DEL02-ES";"UOP01-DEL02-ES"
174287;2018-11-26;"segunda-feira";"23:45:00";"RS";290;58,5;"GLORINHA";"Condutor Dormindo";"Saída de leito carroçável";"Com Vítimas Feridas";"Plena Noite";"Crescente";"Nublado";"Múltipla";"Reta";"Não";2;0;1;0;0;1;1;2;-29,920788;-50,838261;"SPRF-RS";"DEL03-RS";"UOP02-DEL03-RS"
174294;2018-11-27;"terça-feira";"01:50:00";"RS";290;24,2;"SANTO ANTONIO DA PATRULHA";"Condutor Dormindo";"Tombamento";"Com Vítimas Feridas";"Plena Noite";"Crescente";"Nublado";"Dupla";"Reta";"Não";1;0;1;0;0;0;1;1;-29,882015;-50,493973;"SPRF-RS";"DEL03-RS";"UOP02-DEL03-RS"
174307;2018-11-27;"terça-feira";"04:40:00";"SC";101;282;"IMBITUBA";"Desobediência às normas de trânsito pelo condutor";"Colisão traseira";"Com Vítimas Feridas";"Plena Noite";"Decrescente";"Nublado";"Dupla";"Reta";"Não";3;0;0;1;2;0;1;2;-28,2267;-48,7012;"SPRF-SC";"DEL02-SC";"UOP03-DEL02-SC"
174311;2018-11-27;"terça-feira";"06:50:00";"ES";101;93,5;"JAGUARE";"Desobediência às normas de trânsito pelo condutor";"Colisão lateral";"Com Vítimas Feridas";"Pleno dia";"Decrescente";"Chuva";"Simples";"Reta";"Não";3;0;0;2;1;0;2;2;-18,92554274;-39,96920678;"SPRF-ES";"DEL04-ES";"UOP02-DEL04-ES"
174315;2018-11-27;"terça-feira";"07:20:00";"SC";470;1;"NAVEGANTES";"Desobediência às normas de trânsito pelo condutor";"Colisão transversal";"Com Vítimas Feridas";"Pleno dia";"Decrescente";"Nublado";"Simples";"Reta";"Não";3;0;0;1;1;1;1;3;-26,875383;-48,668285;"SPRF-SC";"DEL04-SC";"UOP04-DEL04-SC"
174324;2018-11-27;"terça-feira";"00:05:00";"BA";101;630;"MASCOTE";"Sinalização da via insuficiente ou inadequada";"Saída de leito carroçável";"Sem Vítimas";"Plena Noite";"Decrescente";"Chuva";"Simples";"Reta";"Não";2;0;0;0;1;1;0;2;-15,7207;-39,4555;"SPRF-BA";"DEL05-BA";"UOP02-DEL05-BA"
174325;2018-11-09;"sexta-feira";"13:40:00";"PR";116;95,2;"SAO JOSE DOS PINHAIS";"Não guardar distância de segurança";"Saída de leito carroçável";"Sem Vítimas";"Pleno dia";"Decrescente";"Garoa/Chuvisco";"Dupla";"Reta";"Não";2;0;0;0;1;1;0;2;-25,51860629;-49,13310874;"SPRF-PR";"DEL01-PR";"UOP01-DEL01-PR"
174328;2018-11-27;"terça-feira";"08:27:00";"MG";381;6,8;"BETIM";"Falta de Atenção à Condução";"Colisão lateral";"Com Vítimas Feridas";"Pleno dia";"Crescente";"Céu Claro";"Dupla";"Curva";"Não";4;0;2;0;1;1;2;3;-19,98804986;-44,20250416;"SPRF-MG";"DEL01-MG";"UOP03-DEL01-MG"
174333;2018-11-27;"terça-feira";"08:30:00";"PR";476;125;"CURITIBA";"Falta de Atenção à Condução";"Colisão traseira";"Com Vítimas Feridas";"Pleno dia";"Crescente";"Nublado";"Dupla";"Reta";"Sim";3;0;1;0;1;1;1;3;-25,4083;-49,219658;"SPRF-PR";"DEL01-PR";"UOP07-DEL01-PR"
174334;2018-03-15;"quinta-feira";"18:30:00";"MG";381;507;"SAO JOAQUIM DE BICAS";"Defeito Mecânico no Veículo";"Incêndio";"Com Vítimas Feridas";"Plena Noite";"Decrescente";"Nublado";"Dupla";"Reta";"Sim";2;0;1;0;0;1;1;2;-20,0442;-44,2708;"SPRF-MG";"DEL01-MG";"UOP03-DEL01-MG"
174342;2018-11-27;"terça-feira";"08:55:00";"SC";470;32,2;"GASPAR";"Falta de Atenção à Condução";"Colisão transversal";"Com Vítimas Feridas";"Pleno dia";"Crescente";"Nublado";"Simples";"Interseção de Vias";"Não";3;0;0;1;1;1;1;3;-26,901793;-48,931812;"SPRF-SC";"DEL04-SC";"UOP01-DEL04-SC"
174347;2018-11-27;"terça-feira";"08:50:00";"PE";101;93;"CABO DE SANTO AGOSTINHO";"Agressão Externa";"Saída de leito carroçável";"Com Vítimas Feridas";"Pleno dia";"Decrescente";"Chuva";"Dupla";"Declive";"Não";1;0;1;0;0;0;1;1;-8,2462;-35,0058;"SPRF-PE";"DEL01-PE";"UOP03-DEL01-PE"
174355;2018-11-27;"terça-feira";"10:50:00";"ES";262;1,8;"CARIACICA";"Desobediência às normas de trânsito pelo condutor";"Colisão lateral";"Com Vítimas Feridas";"Pleno dia";"Decrescente";"Nublado";"Múltipla";"Reta";"Sim";4;0;1;0;3;0;1;2;-20,3329149;-40,35882446;"SPRF-ES";"DEL01-ES";"UOP01-DEL01-ES"
174361;2018-11-27;"terça-feira";"08:30:00";"RR";174;368;"CARACARAI";"Desobediência às normas de trânsito pelo condutor";"Colisão lateral";"Com Vítimas Feridas";"Pleno dia";"Crescente";"Céu Claro";"Simples";"Curva";"Sim";3;0;1;1;1;0;2;2;1,83562578;-61,1210525;"SPRF-RR";"DEL01-RR";"UOP01-DEL01-RR"
174362;2018-11-27;"terça-feira";"10:30:00";"MG";40;548,5;"NOVA LIMA";"Falta de Atenção do Pedestre";"Atropelamento de Pedestre";"Com Vítimas Fatais";"Pleno dia";"Decrescente";"Céu Claro";"Dupla";"Curva;Declive";"Sim";3;1;0;0;1;1;0;3;-20,0409;-43,9661;"SPRF-MG";"DEL01-MG";"UOP02-DEL01-MG"
174366;2018-11-27;"terça-feira";"10:00:00";"MA";135;2,8;"SAO LUIS";"Falta de Atenção à Condução";"Colisão traseira";"Com Vítimas Feridas";"Pleno dia";"Decrescente";"Sol";"Dupla";"Curva";"Sim";6;0;1;0;4;1;1;5;-2,598123;-44,245743;"SPRF-MA";"DEL01-MA";"UOP01-DEL01-MA"
174367;2018-11-27;"terça-feira";"10:15:00";"RJ";493;104;"SEROPEDICA";"Avarias e/ou desgaste excessivo no pneu";"Tombamento";"Com Vítimas Feridas";"Pleno dia";"Crescente";"Nublado";"Dupla";"Reta";"Não";1;0;1;0;0;0;1;1;-22,80810137;-43,79643609;"SPRF-RJ";"DEL03-RJ";"UOP01-DEL03-RJ"
174373;2018-11-27;"terça-feira";"10:50:00";"SE";101;102,5;"SAO CRISTOVAO";"Velocidade Incompatível";"Tombamento";"Sem Vítimas";"Pleno dia";"Crescente";"Nublado";"Dupla";"Retorno Regulamentado";"Não";1;0;0;0;1;0;0;1;-10,9539;-37,2221;"SPRF-SE";"DEL02-SE";"UOP01-DEL02-SE"
174377;2018-11-27;"terça-feira";"07:30:00";"MT";70;693;"CACERES";"Falta de Atenção à Condução";"Tombamento";"Com Vítimas Feridas";"Pleno dia";"Crescente";"Céu Claro";"Simples";"Curva";"Não";2;0;0;1;0;1;1;2;-16,25265561;-57,46538769;"SPRF-MT";"DEL03-MT";"UOP01-DEL03-MT"
174378;2018-11-27;"terça-feira";"10:50:00";"MG";40;641,4;"CONSELHEIRO LAFAIETE";"Velocidade Incompatível";"Colisão com objeto estático";"Com Vítimas Feridas";"Pleno dia";"Crescente";"Céu Claro";"Simples";"Curva";"Não";2;0;1;0;0;1;1;2;-20,7642;-43,8056;"SPRF-MG";"DEL05-MG";"UOP02-DEL05-MG"
174379;2018-11-26;"segunda-feira";"23:10:00";"BA";324;480;"TANQUINHO";"Animais na Pista";"Tombamento";"Com Vítimas Feridas";"Plena Noite";"Crescente";"Nublado";"Simples";"Curva";"Não";1;0;1;0;0;0;1;1;-12,01185469;-39,05575873;"SPRF-BA";"DEL02-BA";"UOP01-DEL02-BA"
174384;2018-11-23;"sexta-feira";"11:50:00";"MS";158;93;"PARANAIBA";"Restrição de Visibilidade";"Colisão traseira";"Com Vítimas Feridas";"Pleno dia";"Decrescente";"Nublado";"Dupla";"Reta";"Sim";4;0;2;0;1;2;2;4;-19,674877;-51,203651;"SPRF-MS";"DEL08-MS";"UOP01-DEL08-MS"
174386;2018-11-27;"terça-feira";"14:30:00";"RJ";101;72;"CAMPOS DOS GOYTACAZES";"Não guardar distância de segurança";"Engavetamento";"Com Vítimas Feridas";"Pleno dia";"Crescente";"Sol";"Simples";"Reta";"Não";7;0;1;0;5;1;1;7;-21,791758;-41,388409;"SPRF-RJ";"DEL08-RJ";"UOP02-DEL08-RJ"
174387;2018-11-19;"segunda-feira";"18:10:00";"SC";470;57,4;"BLUMENAU";"Desobediência às normas de trânsito pelo condutor";"Colisão transversal";"Com Vítimas Feridas";"Pleno dia";"Crescente";"Nublado";"Simples";"Interseção de Vias";"Sim";2;0;1;0;1;0;1;2;-26,88274648;-49,14207101;"SPRF-SC";"DEL04-SC";"UOP01-DEL04-SC"
174394;2018-11-27;"terça-feira";"13:55:00";"PE";101;75,4;"RECIFE";"Falta de Atenção à Condução";"Colisão frontal";"Com Vítimas Feridas";"Pleno dia";"Crescente";"Chuva";"Simples";"Declive";"Sim";3;0;1;0;2;0;1;2;-8,1194;-34,9429;"SPRF-PE";"DEL01-PE";"UOP01-DEL01-PE"
174398;2018-11-27;"terça-feira";"14:30:00";"PB";101;106;"ALHANDRA";"Mal Súbito";"Colisão traseira";"Com Vítimas Feridas";"Pleno dia";"Crescente";"Céu Claro";"Dupla";"Reta";"Sim";5;0;4;0;0;1;4;3;-7,3335;-34,9474;"SPRF-PB";"DEL01-PB";"UOP01-DEL01-PB"
174402;2018-11-27;"terça-feira";"14:50:00";"PB";101;123;"CAAPORA";"Mal Súbito";"Colisão traseira";"Com Vítimas Feridas";"Pleno dia";"Crescente";"Céu Claro";"Dupla";"Reta";"Não";3;0;1;0;1;1;1;3;-7,4767;-34,9786;"SPRF-PB";"DEL01-PB";"UOP01-DEL01-PB"
174411;2018-11-27;"terça-feira";"17:00:00";"SC";470;94,9;"APIUNA";"Falta de Atenção à Condução";"Colisão lateral";"Com Vítimas Feridas";"Pleno dia";"Crescente";"Nublado";"Simples";"Reta";"Não";3;0;1;0;1;1;1;3;-27,003345;-49,374668;"SPRF-SC";"DEL04-SC";"UOP01-DEL04-SC"
174416;2018-11-23;"sexta-feira";"13:10:00";"MS";163;800;"COXIM";"Não guardar distância de segurança";"Colisão traseira";"Com Vítimas Feridas";"Pleno dia";"Decrescente";"Chuva";"Simples";"Curva";"Não";5;0;3;0;1;2;3;4;-17,91899338;-54,69005942;"SPRF-MS";"DEL06-MS";"UOP01-DEL06-MS"
174422;2018-11-27;"terça-feira";"17:40:00";"GO";153;509,3;"APARECIDA DE GOIANIA";"Falta de Atenção à Condução";"Colisão traseira";"Com Vítimas Feridas";"Pleno dia";"Decrescente";"Sol";"Simples";"Reta";"Sim";4;0;0;1;2;3;1;6;-16,7888;-49,2379;"SPRF-GO";"DEL01-GO";"UOP03-DEL01-GO"