"id";"data_inversa";"dia_semana";"horario";"uf";"br";"km";"municipio";"causa_acidente";"tipo_acidente";"classificacao_acidente";"fase_dia";"sentido_via";"condicao_metereologica";"tipo_pista";"tracado_via";"uso_solo";"pessoas";"mortos";"feridos_leves";"feridos_graves";"ilesos";"ignorados";"feridos";"veiculos";"latitude";"longitude";"regional";"delegacia";"uop"
174432;2018-11-27;"terça-feira";"18:53:00";"GO";50;306,3;"CUMARI";"Falta de Atenção à Condução";"Saída de leito carroçável";"Com Vítimas Feridas";"Pleno dia";"Crescente";"Céu Claro";"Simples";"Curva";"Não";3;0;1;0;0;2;1;3;-18,3701;-48,0555;"SPRF-GO";"DEL06-GO";"UOP01-DEL06-GO"
174438;2018-11-27;"terça-feira";"19:30:00";"PR";116;118,4;"CURITIBA";"Não guardar distância de segurança";"Colisão traseira";"Com Vítimas Feridas";"Plena Noite";"Crescente";"Nublado";"Dupla";"Reta";"Sim";2;0;1;0;0;1;1;2;-25,544559;-49,30146;"SPRF-PR";"DEL01-PR";"UOP07-DEL01-PR"
174442;2018-11-27;"terça-feira";"18:00:00";"RO";0;0;"PIMENTA BUENO";"Falta de Atenção à Condução";"Colisão com objeto estático";"Sem Vítimas";"Pleno dia";"Não Informado";"Céu Claro";"Simples";"Reta";"Não";5;0;0;0;2;5;0;6;-11,59809;-61,237495;"SPRF-RO";"DEL02-RO";"UOP02-DEL02-RO"
174455;2018-11-27;"terça-feira";"21:10:00";"CE";116;154,5;"RUSSAS";"Não guardar distância de segurança";"Colisão traseira";"Com Vítimas Feridas";"Plena Noite";"Crescente";"Céu Claro";"Simples";"Reta";"Não";4;0;1;0;3;0;1;2;-4,845421;-38,041958;"SPRF-CE";"DEL03-CE";"UOP01-DEL03-CE"
174456;2018-11-27;"terça-feira";"21:08:00";"MS";262;240;"RIBAS DO RIO PARDO";"Desobediência às normas de trânsito pelo condutor";"Colisão transversal";"Com Vítimas Feridas";"Plena Noite";"Crescente";"Céu Claro";"Simples";"Rotatória";"Sim";3;0;1;1;1;0;2;2;-20,457216;-53,76058;"SPRF-MS";"DEL01-MS";"UOP01-DEL01-MS"
174467;2018-11-27;"terça-feira";"23:30:00";"GO";153;139;"MARA ROSA";"Restrição de Visibilidade";"Saída de leito carroçável";"Sem Vítimas";"Plena Noite";"Crescente";"Céu Claro";"Simples";"Reta";"Não";2;0;0;0;2;0;0;1;-13,985113;-49,090572;"SPRF-GO";"DEL07-GO";"UOP01-DEL07-GO"
174468;2018-11-27;"terça-feira";"23:45:00";"MG";50;103,3;"UBERABA";"Sinalização da via insuficiente ou inadequada";"Colisão lateral";"Sem Vítimas";"Pleno dia";"Crescente";"Céu Claro";"Dupla";"Retorno Regulamentado";"Não";2;0;0;0;1;1;0;2;-19,1726;-48,1598;"SPRF-MG";"DEL13-MG";"UOP01-DEL13-MG"
174471;2018-11-27;"terça-feira";"21:30:00";"MG";381;536,2;"ITATIAIUCU";"Falta de Atenção à Condução";"Saída de leito carroçável";"Com Vítimas Feridas";"Plena Noite";"Crescente";"Nublado";"Dupla";"Curva";"Não";2;0;1;0;0;1;1;2;-20,19813083;-44,38635349;"SPRF-MG";"DEL04-MG";"UOP03-DEL04-MG"
174479;2018-11-27;"terça-feira";"16:40:00";"PI";343;206,9;"PIRIPIRI";"Falta de Atenção à Condução";"Atropelamento de Pedestre";"Com Vítimas Fatais";"Pleno dia";"Crescente";"Céu Claro";"Simples";"Reta";"Não";7;1;1;0;5;0;1;2;-4,417403;-41,88747;"SPRF-PI";"DEL02-PI";"UOP01-DEL02-PI"
174483;2018-11-28;"quarta-feira";"03:05:00";"AL";101;227,3;"IGREJA NOVA";"Velocidade Incompatível";"Tombamento";"Com Vítimas Feridas";"Plena Noite";"Decrescente";"Céu Claro";"Dupla";"Interseção de Vias";"Não";4;0;1;0;2;1;1;4;-10,104141;-36,712292;"SPRF-AL";"DEL02-AL";"UOP02-DEL02-AL"
174485;2018-11-28;"quarta-feira";"05:00:00";"MG";40;615,8;"CONGONHAS";"Falta de Atenção à Condução";"Colisão traseira";"Com Vítimas Feridas";"Amanhecer";"Decrescente";"Nublado";"Simples";"Reta";"Não";4;0;2;0;1;1;2;3;-20,5469;-43,8188;"SPRF-MG";"DEL05-MG";"UOP02-DEL05-MG"
174487;2018-11-28;"quarta-feira";"04:50:00";"SC";153;22,2;"AGUA DOCE";"Condutor Dormindo";"Saída de leito carroçável";"Sem Vítimas";"Plena Noite";"Crescente";"Céu Claro";"Simples";"Declive";"Não";2;0;0;0;1;1;0;2;-26,730701;-51,642231;"SPRF-SC";"DEL07-SC";"UOP07-DEL07-SC"
174490;2018-11-28;"quarta-feira";"05:30:00";"AL";101;47,8;"FLEXEIRAS";"Falta de Atenção à Condução";"Tombamento";"Com Vítimas Feridas";"Pleno dia";"Decrescente";"Céu Claro";"Dupla";"Curva";"Não";2;0;1;0;0;1;1;2;-9,214156;-35,775002;"SPRF-AL";"DEL01-AL";"UOP01-DEL01-AL"
174495;2018-11-28;"quarta-feira";"06:40:00";"ES";101;297,8;"VIANA";"Falta de Atenção à Condução";"Engavetamento";"Com Vítimas Feridas";"Pleno dia";"Decrescente";"Céu Claro";"Dupla";"Reta";"Não";6;0;1;0;4;1;1;6;-20,39076;-40,49646;"SPRF-ES";"DEL01-ES";"UOP01-DEL01-ES"
174497;2018-11-28;"quarta-feira";"07:20:00";"SC";101;77,2;"ARAQUARI";"Falta de Atenção à Condução";"Colisão traseira";"Com Vítimas Feridas";"Pleno dia";"Crescente";"Sol";"Dupla";"Curva";"Não";4;0;0;1;2;2;1;5;-26,5795;-48,7223;"SPRF-SC";"DEL03-SC";"UOP02-DEL03-SC"
174498;2018-11-28;"quarta-feira";"06:45:00";"SC";282;4,7;"SAO JOSE";"Falta de Atenção à Condução";"Colisão lateral";"Com Vítimas Feridas";"Pleno dia";"Decrescente";"Nublado";"Múltipla";"Aclive";"Sim";3;0;0;1;2;0;1;3;-27,592646;-48,604034;"SPRF-SC";"DEL01-SC";"UOP01-DEL01-SC"
174509;2018-11-28;"quarta-feira";"08:10:00";"GO";153;500,3;"GOIANIA";"Falta de Atenção à Condução";"Colisão traseira";"Com Vítimas Feridas";"Pleno dia";"Crescente";"Céu Claro";"Dupla";"Reta";"Sim";4;0;2;0;1;1;2;3;-16,7118;-49,2324;"SPRF-GO";"DEL01-GO";"UOP01-DEL01-GO"
174510;2018-11-27;"terça-feira";"07:38:00";"BA";0;0;"IBOTIRAMA";"Falta de Atenção à Condução";"Saída de leito carroçável";"Com Vítimas Feridas";"Pleno dia";"Não Informado";"Céu Claro";"Simples";"Reta";"Não";3;0;0;1;1;4;1;6;-12,142434;-43,181197;"SPRF-BA";"DEL10-BA";"UOP03-DEL06-BA"
174516;2018-11-28;"quarta-feira";"00:32:00";"MT";364;550;"ROSARIO OESTE";"Mal Súbito";"Saída de leito carroçável";"Com Vítimas Fatais";"Plena Noite";"Decrescente";"Céu Claro";"Dupla";"Reta";"Não";2;1;0;0;0;1;0;2;-14,846367;-56,447002;"SPRF-MT";"DEL01-MT";"UOP01-DEL01-MT"
174518;2018-07-19;"quinta-feira";"21:00:00";"PR";158;526;"PATO BRANCO";"Ingestão de Álcool";"Tombamento";"Sem Vítimas";"Plena Noite";"Decrescente";"Céu Claro";"Simples";"Interseção de Vias";"Sim";2;0;0;0;1;2;0;3;-26,26928373;-52,71165937;"SPRF-PR";"DEL02-PR";"UOP01-DEL02-PR"
174523;2018-11-28;"quarta-feira";"09:29:00";"RJ";116;207;"SEROPEDICA";"Falta de Atenção à Condução";"Colisão traseira";"Sem Vítimas";"Pleno dia";"Decrescente";"Céu Claro";"Dupla";"Reta";"Sim";2;0;0;0;2;0;0;2;-22,7168061;-43,715204;"SPRF-RJ";"DEL01-RJ";"UOP03-DEL01-RJ"
174525;2018-11-28;"quarta-feira";"08:50:00";"RS";470;14;"BARRACAO";"Não guardar distância de segurança";"Colisão lateral";"Com Vítimas Feridas";"Pleno dia";"Crescente";"Nublado";"Simples";"Reta";"Sim";2;0;0;1;1;0;1;2;-27,662331;-51,456161;"SPRF-RS";"DEL08-RS";"UOP05-DEL08-RS"
174528;2018-11-28;"quarta-feira";"06:20:00";"MS";262;63,8;"TRES LAGOAS";"Falta de Atenção à Condução";"Colisão traseira";"Com Vítimas Feridas";"Amanhecer";"Decrescente";"Céu Claro";"Simples";"Reta";"Não";13;0;10;0;2;3;10;5;-20,758873;-52,033009;"SPRF-MS";"DEL07-MS";"UOP01-DEL07-MS"
174531;2018-11-28;"quarta-feira";"10:20:00";"GO";153;303,9;"RIALMA";"Falta de Atenção à Condução";"Colisão lateral";"Sem Vítimas";"Pleno dia";"Decrescente";"Céu Claro";"Simples";"Aclive";"Não";2;0;0;0;2;0;0;2;-15,302937;-49,570522;"SPRF-GO";"DEL02-GO";"UOP02-DEL02-GO"
174534;2018-11-28;"quarta-feira";"11:00:00";"PR";376;312;"MAUA DA SERRA";"Falta de Atenção à Condução";"Atropelamento de Pedestre";"Com Vítimas Feridas";"Pleno dia";"Decrescente";"Sol";"Dupla";"Curva;Declive";"Não";2;0;0;1;1;0;1;2;-23,9787389;-51,09488547;"SPRF-PR";"DEL07-PR";"UOP02-DEL07-PR"
174543;2018-11-28;"quarta-feira";"08:30:00";"RO";364;70,1;"VILHENA";"Velocidade Incompatível";"Colisão transversal";"Sem Vítimas";"Pleno dia";"Crescente";"Nublado";"Simples";"Curva;Declive;Em Obras";"Não";5;0;0;0;3;6;0;9;-12,467237;-60,498768;"SPRF-RO";"DEL04-RO";"DEL21/4-UOP03/RO"
174548;2018-11-28;"quarta-feira";"12:50:00";"SP";116;99,2;"PINDAMONHANGABA";"Falta de Atenção à Condução";"Engavetamento";"Com Vítimas Feridas";"Pleno dia";"Decrescente";"Sol";"Dupla";"Reta";"Não";11;0;1;1;4;8;2;10;-22,98377005;-45,46720862;"SPRF-SP";"DEL06-SP";"UOP01-DEL06-SP"
174550;2018-11-28;"quarta-feira";"13:40:00";"SP";116;131,4;"CACAPAVA";"Falta de Atenção à Condução";"Colisão traseira";"Com Vítimas Feridas";"Pleno dia";"Crescente";"Céu Claro";"Dupla";"Reta";"Não";3;0;0;1;1;2;1;4;-23,127428;-45,736378;"SPRF-SP";"DEL06-SP";"UOP02-DEL02-SP"
174551;2018-11-28;"quarta-feira";"13:25:00";"SC";282;2;"FLORIANOPOLIS";"Falta de Atenção à Condução";"Colisão lateral";"Sem Vítimas";"Pleno dia";"Decrescente";"Céu Claro";"Dupla";"Reta";"Sim";4;0;0;0;3;1;0;3;-27,603289;-48,590416;"SPRF-SC";"DEL01-SC";"UOP01-DEL01-SC"
174556;2018-11-28;"quarta-feira";"08:10:00";"BA";116;668;"JEQUIE";"Falta de Atenção à Condução";"Colisão traseira";"Com Vítimas Feridas";"Pleno dia";"Crescente";"Céu Claro";"Simples";"Reta";"Não";3;0;1;0;1;1;1;3;-13,74405403;-40,09843737;"SPRF-BA";"DEL03-BA";"UOP01-DEL03-BA"
174557;2018-11-28;"quarta-feira";"13:00:00";"MT";364;458;"VARZEA GRANDE";"Desobediência às normas de trânsito pelo condutor";"Colisão frontal";"Com Vítimas Fatais";"Pleno dia";"Crescente";"Chuva";"Simples";"Reta";"Não";3;1;0;0;1;3;0;5;-15,544446;-56,274193;"SPRF-MT";"DEL01-MT";"DEL2/4-UOP02/MT"
174558;2018-11-28;"quarta-feira";"14:05:00";"SP";116;2,5;"QUELUZ";"Condutor Dormindo";"Saída de leito carroçável";"Com Vítimas Feridas";"Pleno dia";"Decrescente";"Céu Claro";"Dupla";"Reta";"Não";2;0;1;0;0;1;1;2;-22,522282;-44,716934;"SPRF-SP";"DEL08-SP";"UOP02-DEL08-SP"
174559;2018-11-28;"quarta-feira";"11:45:00";"CE";222;330;"TIANGUA";"Condutor Dormindo";"Colisão traseira";"Com Vítimas Feridas";"Pleno dia";"Decrescente";"Céu Claro";"Simples";"Reta";"Não";3;0;1;0;1;3;1;5;-3,82596;-41,107788;"SPRF-CE";"DEL04-CE";"UOP02-DEL04-CE"
174562;2018-11-28;"quarta-feira";"15:00:00";"CE";116;5,8;"FORTALEZA";"Desobediência às normas de trânsito pelo condutor";"Colisão transversal";"Com Vítimas Feridas";"Pleno dia";"Crescente";"Céu Claro";"Dupla";"Viaduto";"Sim";4;0;1;1;2;0;2;3;-3,80003624;-38,50614667;"SPRF-CE";"DEL01-CE";"UOP02-DEL01-CE"
174563;2018-11-28;"quarta-feira";"14:00:00";"PE";232;38;"GRAVATA";"Defeito Mecânico no Veículo";"Incêndio";"Sem Vítimas";"Pleno dia";"Crescente";"Céu Claro";"Dupla";"Curva";"Não";1;0;0;0;1;0;0;1;-8,1861318;-35,4991275;"SPRF-PE";"DEL01-PE";"UOP02-DEL02PE"
174566;2018-11-28;"quarta-feira";"13:00:00";"MS";60;515,2;"NIOAQUE";"Defeito Mecânico no Veículo";"Tombamento";"Com Vítimas Fatais";"Pleno dia";"Crescente";"Céu Claro";"Simples";"Curva;Declive";"Não";2;2;0;0;0;0;0;1;-21,175753;-55,635964;"SPRF-MS";"DEL05-MS";"UOP01-DEL05-MS"
174570;2018-11-28;"quarta-feira";"13:30:00";"MA";135;13,4;"SAO LUIS";"Falta de Atenção à Condução";"Colisão traseira";"Sem Vítimas";"Pleno dia";"Decrescente";"Nublado";"Dupla";"Retorno Regulamentado";"Não";3;0;0;0;3;0;0;3;-2,68403239;-44,29671407;"SPRF-MA";"DEL01-MA";"UOP01-DEL01-MA"
174574;2018-11-28;"quarta-feira";"12:45:00";"RS";116;563;"PEDRO OSORIO";"Desobediência às normas de trânsito pelo condutor";"Colisão transversal";"Com Vítimas Feridas";"Pleno dia";"Decrescente";"Garoa/Chuvisco";"Simples";"Interseção de Vias";"Não";7;0;2;0;4;1;2;4;-31,92656357;-52,72540569;"SPRF-RS";"DEL07-RS";"UOP03-DEL07-RS"
174575;2018-11-28;"quarta-feira";"09:30:00";"RO";364;638;"ITAPUA DO OESTE";"Defeito Mecânico no Veículo";"Saída de leito carroçável";"Com Vítimas Feridas";"Pleno dia";"Crescente";"Céu Claro";"Simples";"Reta";"Não";2;0;1;0;0;2;1;3;-9,028907;-63,418041;"SPRF-RO";"DEL03-RO";"UOP04-DEL01-RO"
174576;2018-11-28;"quarta-feira";"10:30:00";"SC";101;307;"LAGUNA";"Falta de Atenção à Condução";"Colisão lateral";"Com Vítimas Feridas";"Pleno dia";"Decrescente";"Sol";"Dupla";"Reta";"Sim";3;0;1;0;1;2;1;4;-28,4008;-48,7864;"SPRF-SC";"DEL02-SC";"UOP03-DEL02-SC"
174577;2018-11-28;"quarta-feira";"13:40:00";"MS";262;80;"TRES LAGOAS";"Defeito na Via";"Tombamento";"Com Vítimas Feridas";"Pleno dia";"Decrescente";"Céu Claro";"Simples";"Reta";"Não";2;0;1;0;0;3;1;4;-20,70313297;-52,17681885;"SPRF-MS";"DEL07-MS";"UOP02-DEL07-MS"
174588;2018-11-28;"quarta-feira";"16:10:00";"RJ";393;238;"VASSOURAS";"Desobediência às normas de trânsito pelo condutor";"Colisão transversal";"Com Vítimas Feridas";"Pleno dia";"Decrescente";"Nublado";"Simples";"Reta";"Não";5;0;4;0;1;0;4;2;-22,400957;-43,664425;"SPRF-RJ";"DEL05-RJ";"UOP03-DEL05-RJ"
174589;2018-11-28;"quarta-feira";"14:05:00";"AC";364;126,8;"RIO BRANCO";"Desobediência às normas de trânsito pelo condutor";"Colisão lateral";"Com Vítimas Feridas";"Pleno dia";"Decrescente";"Céu Claro";"Simples";"Reta";"Sim";3;0;0;2;1;0;2;2;-10,012822;-67,808746;"SPRF-AC";"DEL01-AC";"UOP01-DEL01-AC"
174591;2018-11-28;"quarta-feira";"15:50:00";"MG";262;483,8;"BOM DESPACHO";"Condutor Dormindo";"Colisão frontal";"Com Vítimas Feridas";"Pleno dia";"Decrescente";"Céu Claro";"Simples";"Reta";"Não";3;0;1;0;1;1;1;3;-19,78223;-45,266243;"SPRF-MG";"DEL08-MG";"UOP03-DEL08-MG"
174593;2018-11-28;"quarta-feira";"16:30:00";"PR";376;614;"SAO JOSE DOS PINHAIS";"Velocidade Incompatível";"Colisão com objeto estático";"Com Vítimas Feridas";"Pleno dia";"Decrescente";"Céu Claro";"Dupla";"Curva";"Não";5;0;2;1;1;2;3;4;-25,56834306;-49,18183208;"SPRF-PR";"DEL01-PR";"UOP01-DEL01-PR"
174601;2018-11-28;"quarta-feira";"18:20:00";"MG";381;496;"BETIM";"Falta de Atenção à Condução";"Colisão lateral";"Com Vítimas Feridas";"Pleno dia";"Decrescente";"Céu Claro";"Dupla";"Em Obras";"Sim";4;0;1;0;2;1;1;3;-19,9793;-44,2002;"SPRF-MG";"DEL01-MG";"UOP03-DEL01-MG"
174608;2018-11-28;"quarta-feira";"18:25:00";"MG";365;620;"UBERLANDIA";"Não guardar distância de segurança";"Colisão traseira";"Sem Vítimas";"Pleno dia";"Crescente";"Sol";"Dupla";"Curva";"Sim";4;0;0;0;3;2;0;4;-18,89042912;-48,27040765;"SPRF-MG";"DEL15-MG";"UOP01-DEL15-MG"
174609;2018-11-28;"quarta-feira";"17:50:00";"MA";135;10,7;"SAO LUIS";"Falta de Atenção à Condução";"Colisão transversal";"Com Vítimas Feridas";"Anoitecer";"Crescente";"Nublado";"Dupla";"Reta";"Sim";2;0;1;0;0;1;1;2;-2,655989;-44,286297;"SPRF-MA";"DEL01-MA";"UOP01-DEL01-MA"
174610;2018-11-28;"quarta-feira";"09:40:00";"GO";80;115;"VILA PROPICIO";"Falta de Atenção à Condução";"Tombamento";"Com Vítimas Feridas";"Pleno dia";"Decrescente";"Céu Claro";"Simples";"Reta";"Não";2;0;1;0;0;1;1;2;-15,1881211;-48,77826691;"SPRF-GO";"DEL07-GO";"UOP02-DEL07-GO"
174617;2018-11-28;"quarta-feira";"20:30:00";"SC";101;124,7;"ITAJAI";"Velocidade Incompatível";"Colisão traseira";"Sem Vítimas";"Plena Noite";"Crescente";"Nublado";"Dupla";"Reta";"Sim";2;0;0;0;2;0;0;2;-26,9479;-48,6832;"SPRF-SC";"DEL04-SC";"UOP04-DEL04-SC"
174623;2018-11-28;"quarta-feira";"21:20:00";"PR";116;135,5;"MANDIRITUBA";"Falta de Atenção à Condução";"Colisão transversal";"Com Vítimas Feridas";"Plena Noite";"Decrescente";"Céu Claro";"Simples";"Declive";"Sim";2;0;0;1;1;0;1;2;-25,72259096;-49,31814194;"SPRF-PR";"DEL01-PR";"UOP03-DEL01-PR"
174625;2018-11-28;"quarta-feira";"18:00:00";"ES";262;2,2;"CARIACICA";"Falta de Atenção do Pedestre";"Atropelamento de Pedestre";"Com Vítimas Fatais";"Anoitecer";"Crescente";"Céu Claro";"Dupla";"Reta";"Sim";2;1;0;0;1;0;0;2;-20,33108619;-40,36432743;"SPRF-ES";"DEL01-ES";"UOP01-DEL01-ES"
174628;2018-11-28;"quarta-feira";"20:50:00";"MG";50;171,5;"UBERABA";"Não guardar distância de segurança";"Colisão traseira";"Com Vítimas Feridas";"Plena Noite";"Decrescente";"Céu Claro";"Dupla";"Reta";"Não";2;0;1;0;1;0;1;2;-19,7539;-47,9807;"SPRF-MG";"DEL13-MG";"UOP01-DEL13-MG"
174631;2018-11-28;"quarta-feira";"21:45:00";"SP";116;281,1;"EMBU DAS ARTES";"Falta de Atenção à Condução";"Colisão lateral";"Com Vítimas Feridas";"Plena Noite";"Decrescente";"Céu Claro";"Dupla";"Curva";"Sim";3;0;1;0;1;1;1;3;-23,65441;-46,8486;"SPRF-SP";"DEL04-SP";"UOP01-DEL04-SP"
174635;2018-11-28;"quarta-feira";"02:30:00";"BA";101;545;"SAO JOSE DA VITORIA";"Condutor Dormindo";"Saída de leito carroçável";"Sem Vítimas";"Plena Noite";"Decrescente";"Chuva";"Simples";"Curva";"Não";2;0;0;0;1;1;0;2;-15,1027;-39,3583;"SPRF-BA";"DEL05-BA";"UOP02-DEL05-BA"
174638;2018-11-28;"quarta-feira";"22:30:00";"GO";40;12,5;"LUZIANIA";"Desobediência às normas de trânsito pelo condutor";"Colisão transversal";"Com Vítimas Feridas";"Plena Noite";"Crescente";"Nublado";"Dupla";"Interseção de Vias";"Sim";2;0;1;0;1;0;1;2;-16,145123;-47,945382;"SPRF-DF";"DEL01-DF";"UOP01-DEL01-DF"
174640;2018-11-28;"quarta-feira";"22:00:00";"MS";163;699;"RIO VERDE DE MATO GROSSO";"Não guardar distância de segurança";"Colisão traseira";"Com Vítimas Feridas";"Plena Noite";"Crescente";"Céu Claro";"Simples";"Aclive";"Não";4;0;1;0;2;1;1;3;-18,75660855;-54,82392311;"SPRF-MS";"DEL06-MS";"UOP01-DEL06-MS"
174641;2018-11-28;"quarta-feira";"21:20:00";"CE";222;17,9;"CAUCAIA";"Desobediência às normas de trânsito pelo condutor";"Colisão lateral";"Com Vítimas Feridas";"Plena Noite";"Crescente";"Céu Claro";"Simples";"Aclive";"Não";2;0;0;1;1;0;1;2;-3,74332383;-38,7309069;"SPRF-CE";"DEL01-CE";"UOP01-DEL01-CE"
174642;2018-11-28;"quarta-feira";"22:45:00";"SP";116;199;"ARUJA";"Defeito Mecânico no Veículo";"Colisão traseira";"Com Vítimas Feridas";"Plena Noite";"Crescente";"Nublado";"Dupla";"Aclive";"Sim";2;0;1;0;1;0;1;2;-23,4039727;-46,32184983;"SPRF-SP";"DEL01-SP";"UOP02-DEL01-SP"
174643;2018-11-28;"quarta-feira";"20:10:00";"PE";232;257;"ARCOVERDE";"Animais na Pista";"Atropelamento de Animal";"Sem Vítimas";"Plena Noite";"Crescente";"Nublado";"Simples";"Interseção de Vias";"Não";2;0;0;0;2;0;0;2;-8,41041589;-37,08954334;"SPRF-PE";"DEL03-PE";"UOP02-DEL03-PE"
174661;2018-11-29;"quinta-feira";"05:10:00";"RJ";116;189;"QUEIMADOS";"Defeito Mecânico no Veículo";"Colisão com objeto em movimento";"Com Vítimas Feridas";"Pleno dia";"Crescente";"Céu Claro";"Dupla";"Reta";"Não";2;0;1;0;1;0;1;2;-22,737667;-43,491871;"SPRF-RJ";"DEL01-RJ";"UOP03-DEL01-RJ"
174663;2018-11-29;"quinta-feira";"05:45:00";"MG";262;578,4;"CORREGO DANTA";"Condutor Dormindo";"Saída de leito carroçável";"Com Vítimas Feridas";"Amanhecer";"Decrescente";"Nublado";"Simples";"Curva";"Não";2;0;1;0;1;0;1;1;-19,656881;-46,068478;"SPRF-MG";"DEL08-MG";"UOP02-DEL08-MG"
174679;2018-11-28;"quarta-feira";"21:00:00";"BA";116;229;"EUCLIDES DA CUNHA";"Condutor Dormindo";"Colisão frontal";"Com Vítimas Feridas";"Pleno dia";"Decrescente";"Céu Claro";"Simples";"Reta";"Não";6;0;4;0;2;0;4;3;-10,502053;-39,011696;"SPRF-BA";"DEL07-BA";"UOP02-DEL07-BA"
174687;2018-11-29;"quinta-feira";"07:50:00";"RJ";116;165;"RIO DE JANEIRO";"Falta de Atenção à Condução";"Colisão traseira";"Com Vítimas Feridas";"Pleno dia";"Decrescente";"Céu Claro";"Múltipla";"Reta";"Sim";2;0;1;0;1;0;1;2;-22,80724;-43,341026;"SPRF-RJ";"DEL01-RJ";"UOP02-DEL01-RJ"
174696;2018-11-29;"quinta-feira";"09:20:00";"RJ";116;180;"NOVA IGUACU";"Falta de Atenção à Condução";"Colisão lateral";"Com Vítimas Feridas";"Pleno dia";"Decrescente";"Sol";"Múltipla";"Reta";"Sim";5;0;1;0;2;3;1;5;-22,73988866;-43,46113851;"SPRF-RJ";"DEL01-RJ";"UOP02-DEL01-RJ"
174700;2018-11-29;"quinta-feira";"14:45:00";"SC";101;207;"SAO JOSE";"Ingestão de Álcool";"Colisão lateral";"Com Vítimas Feridas";"Pleno dia";"Crescente";"Céu Claro";"Dupla";"Reta";"Sim";2;0;1;0;1;0;1;2;-27,6034;-48,632;"SPRF-SC";"DEL01-SC";"UOP01-DEL01-SC"
174701;2018-11-29;"quinta-feira";"11:30:00";"PR";376;507;"PONTA GROSSA";"Falta de Atenção à Condução";"Tombamento";"Com Vítimas Feridas";"Pleno dia";"Decrescente";"Céu Claro";"Dupla";"Aclive";"Não";4;0;1;0;1;2;1;4;-25,19353449;-50,07825851;"SPRF-PR";"DEL03-PR";"UOP04-DEL03-PR"
174703;2018-11-29;"quinta-feira";"07:28:00";"RO";364;337,5;"JI-PARANA";"Desobediência às normas de trânsito pelo condutor";"Tombamento";"Com Vítimas Feridas";"Pleno dia";"Decrescente";"Chuva";"Simples";"Interseção de Vias";"Não";3;0;0;1;1;2;1;4;-10,9219775;-61,92993164;"SPRF-RO";"DEL02-RO";"UOP01-DEL02-RO"
174704;2018-11-29;"quinta-feira";"07:20:00";"ES";101;181;"ARACRUZ";"Falta de Atenção à Condução";"Colisão transversal";"Com Vítimas Feridas";"Pleno dia";"Decrescente";"Sol";"Simples";"Interseção de Vias";"Não";2;0;1;0;1;0;1;2;-19,63151093;-40,22637785;"SPRF-ES";"DEL04-ES";"UOP01-DEL04-ES"
174707;2018-11-29;"quinta-feira";"07:30:00";"CE";222;116,6;"ITAPAJE";"Defeito Mecânico no Veículo";"Colisão frontal";"Com Vítimas Feridas";"Pleno dia";"Crescente";"Nublado";"Simples";"Declive;Curva";"Sim";4;0;4;0;0;0;4;2;-3,739597;-39,542702;"SPRF-CE";"DEL04-CE";"UOP03-DEL04-CE"
174709;2018-11-29;"quinta-feira";"14:45:00";"RS";101;33;"TRES CACHOEIRAS";"Falta de Atenção à Condução";"Colisão lateral";"Com Vítimas Feridas";"Pleno dia";"Decrescente";"Nublado";"Dupla";"Reta";"Não";3;0;2;0;1;0;2;2;-29,502626;-49,979416;"SPRF-RS";"DEL03-RS";"DEL9/3-UOP03/RS"
174711;2018-11-29;"quinta-feira";"14:00:00";"GO";60;182,8;"ABADIA DE GOIAS";"Não guardar distância de segurança";"Colisão traseira";"Com Vítimas Feridas";"Pleno dia";"Decrescente";"Céu Claro";"Dupla";"Aclive";"Não";3;0;1;0;1;2;1;4;-16,7778;-49,489;"SPRF-GO";"DEL01-GO";"UOP02-DEL01-GO"
174714;2018-11-29;"quinta-feira";"11:40:00";"MS";163;612,3;"SAO GABRIEL DO OESTE";"Não guardar distância de segurança";"Colisão traseira";"Sem Vítimas";"Pleno dia";"Decrescente";"Nublado";"Simples";"Reta";"Não";4;0;0;0;3;1;0;4;-19,420131;-54,544877;"SPRF-MS";"DEL06-MS";"UOP02-DEL06-MS"
174717;2018-11-29;"quinta-feira";"11:05:00";"MA";316;422;"PERITORO";"Não guardar distância de segurança";"Colisão traseira";"Sem Vítimas";"Pleno dia";"Decrescente";"Chuva";"Simples";"Reta";"Sim";2;0;0;0;2;0;0;2;-4,361037;-44,356178;"SPRF-MA";"DEL03-MA";"UOP01-DEL03-MA"
174718;2018-06-18;"segunda-feira";"08:25:00";"PR";163;155,9;"SANTA LUCIA";"Restrição de Visibilidade";"Tombamento";"Com Vítimas Feridas";"Pleno dia";"Crescente";"Nevoeiro/Neblina";"Simples";"Reta";"Não";2;0;1;0;0;1;1;2;-25,3785;-53,5757;"SPRF-PR";"DEL04-PR";"UOP05-DEL05-PR"
174719;2018-11-29;"quinta-feira";"13:20:00";"MG";40;737;"SANTOS DUMONT";"Defeito na Via";"Derramamento de carga";"Sem Vítimas";"Pleno dia";"Crescente";"Céu Claro";"Dupla";"Curva";"Não";2;0;0;0;1;1;0;2;-21,4078;-43,5677;"SPRF-MG";"DEL05-MG";"UOP01-DEL05-MG"
174723;2018-11-29;"quinta-feira";"15:30:00";"ES";101;362;"ANCHIETA";"Condutor Dormindo";"Tombamento";"Com Vítimas Feridas";"Pleno dia";"Decrescente";"Céu Claro";"Simples";"Curva";"Não";1;0;1;0;0;0;1;1;-20,71631745;-40,72979542;"SPRF-ES";"DEL03-ES";"UOP01-DEL03-ES"