"id";"data_inversa";"dia_semana";"horario";"uf";"br";"km";"municipio";"causa_acidente";"tipo_acidente";"classificacao_acidente";"fase_dia";"sentido_via";"condicao_metereologica";"tipo_pista";"tracado_via";"uso_solo";"pessoas";"mortos";"feridos_leves";"feridos_graves";"ilesos";"ignorados";"feridos";"veiculos";"latitude";"longitude";"regional";"delegacia";"uop"
174974;2018-11-30;"sexta-feira";"17:20:00";"SP";153;18,4;"NOVA GRANADA";"Mal Súbito";"Colisão lateral";"Com Vítimas Fatais";"Pleno dia";"Crescente";"Garoa/Chuvisco";"Simples";"Reta";"Não";8;2;1;3;1;2;4;5;-20,443844;-49,280926;"SPRF-SP";"DEL09-SP";"UOP01-DEL09-SP"
174977;2018-11-30;"sexta-feira";"17:15:00";"PR";116;92;"SAO JOSE DOS PINHAIS";"Pista Escorregadia";"Saída de leito carroçável";"Sem Vítimas";"Pleno dia";"Decrescente";"Chuva";"Dupla";"Reta";"Não";2;0;0;0;1;2;0;3;-25,476923;-49,097691;"SPRF-PR";"DEL01-PR";"UOP01-DEL01-PR"
174982;2018-11-30;"sexta-feira";"17:35:00";"SC";282;17,3;"PALHOCA";"Desobediência às normas de trânsito pelo condutor";"Colisão transversal";"Com Vítimas Feridas";"Pleno dia";"Decrescente";"Nublado";"Simples";"Reta";"Sim";3;0;2;0;1;0;2;3;-27,665707;-48,688065;"SPRF-SC";"DEL01-SC";"UOP02-DEL01-SC"
174987;2018-11-30;"sexta-feira";"16:10:00";"PR";476;353,2;"PAULA FREITAS";"Pista Escorregadia";"Colisão frontal";"Com Vítimas Feridas";"Pleno dia";"Decrescente";"Chuva";"Simples";"Declive;Curva";"Não";2;0;0;1;1;0;1;2;-26,198172;-51,002659;"SPRF-PR";"DEL02-PR";"UOP03-DEL02-PR"
175003;2018-11-30;"sexta-feira";"17:15:00";"SC";116;193,1;"PONTE ALTA";"Velocidade Incompatível";"Saída de leito carroçável";"Com Vítimas Feridas";"Pleno dia";"Decrescente";"Nublado";"Simples";"Curva";"Não";1;0;1;0;0;0;1;1;-27,37129557;-50,42961354;"SPRF-SC";"DEL05-SC";"UOP03-DEL05-SC"
175007;2018-11-30;"sexta-feira";"18:00:00";"SP";116;325;"JUQUITIBA";"Condutor Dormindo";"Colisão traseira";"Com Vítimas Feridas";"Pleno dia";"Decrescente";"Chuva";"Dupla";"Reta";"Não";2;0;0;1;1;0;1;2;-23,93793768;-47,03590393;"SPRF-SP";"DEL04-SP";"UOP03-DEL04-SP"
175010;2018-11-30;"sexta-feira";"18:00:00";"SC";101;233;"PALHOCA";"Defeito Mecânico no Veículo";"Incêndio";"Sem Vítimas";"Pleno dia";"Crescente";"Céu Claro";"Dupla";"Reta";"Não";1;0;0;0;1;0;0;1;-27,8102;-48,6355;"SPRF-SC";"DEL01-SC";"UOP02-DEL01-SC"
175017;2018-11-30;"sexta-feira";"17:50:00";"SC";116;245,2;"LAGES";"Falta de Atenção à Condução";"Colisão frontal";"Com Vítimas Feridas";"Pleno dia";"Crescente";"Céu Claro";"Simples";"Reta";"Sim";4;0;1;0;2;1;1;3;-27,795443;-50,361874;"SPRF-SC";"DEL05-SC";"UOP01-DEL05-SC"
175018;2018-11-30;"sexta-feira";"17:20:00";"SC";280;48,3;"GUARAMIRIM";"Falta de Atenção à Condução";"Colisão lateral";"Com Vítimas Feridas";"Pleno dia";"Crescente";"Céu Claro";"Simples";"Reta";"Não";2;0;1;0;1;0;1;2;-26,455114;-48,927788;"SPRF-SC";"DEL03-SC";"UOP03-DEL03-SC"
175020;2018-11-30;"sexta-feira";"18:10:00";"SE";235;34,4;"AREIA BRANCA";"Desobediência às normas de trânsito pelo condutor";"Colisão transversal";"Com Vítimas Feridas";"Plena Noite";"Crescente";"Céu Claro";"Simples";"Reta";"Sim";2;0;0;1;1;0;1;2;-10,760385;-37,313049;"SPRF-SE";"DEL01-SE";"UOP02-DEL01-SE"
175024;2018-11-30;"sexta-feira";"19:35:00";"MG";251;377,2;"GRAO MOGOL";"Falta de Atenção à Condução";"Colisão frontal";"Com Vítimas Feridas";"Plena Noite";"Crescente";"Céu Claro";"Simples";"Reta";"Não";5;0;3;0;1;1;3;4;-16,2992;-42,73;"SPRF-MG";"DEL12-MG";"UOP01-DEL12-MG"
175026;2018-11-30;"sexta-feira";"16:25:00";"SC";153;73;"IRANI";"Velocidade Incompatível";"Tombamento";"Com Vítimas Feridas";"Pleno dia";"Crescente";"Chuva";"Simples";"Curva";"Não";1;0;1;0;0;0;1;1;-27,071501;-51,899914;"SPRF-SC";"DEL07-SC";"UOP04-DEL07-SC"
175033;2018-11-30;"sexta-feira";"19:30:00";"GO";153;224;"URUACU";"Objeto estático sobre o leito carroçável";"Saída de leito carroçável";"Sem Vítimas";"Plena Noite";"Decrescente";"Chuva";"Simples";"Declive";"Não";2;0;0;0;1;1;0;2;-14,718353;-49,230244;"SPRF-GO";"DEL07-GO";"UOP02-DEL07-GO"
175035;2018-11-30;"sexta-feira";"19:25:00";"PE";423;174,4;"AGUAS BELAS";"Desobediência às normas de trânsito pelo condutor";"Colisão frontal";"Com Vítimas Feridas";"Pleno dia";"Decrescente";"Garoa/Chuvisco";"Simples";"Reta";"Não";5;0;2;0;1;2;2;4;-9,130163;-37,114605;"SPRF-PE";"DEL03-PE";"UOP01-DEL03-PE"
175045;2018-11-30;"sexta-feira";"20:45:00";"RS";290;217,1;"PANTANO GRANDE";"Falta de Atenção à Condução";"Colisão frontal";"Com Vítimas Feridas";"Plena Noite";"Crescente";"Nublado";"Simples";"Reta";"Sim";5;0;0;1;3;1;1;3;-30,192993;-52,386555;"SPRF-RS";"DEL02-RS";"UOP02-DEL02-RS"
175046;2018-11-30;"sexta-feira";"21:15:00";"PR";277;126;"CAMPO LARGO";"Desobediência às normas de trânsito pelo condutor";"Colisão traseira";"Com Vítimas Feridas";"Plena Noite";"Decrescente";"Chuva";"Dupla";"Aclive;Reta;Interseção de Vias";"Não";3;0;1;0;2;0;1;2;-25,47106349;-49,68169172;"SPRF-PR";"DEL01-PR";"UOP06-DEL01-PR"
175051;2018-11-30;"sexta-feira";"17:00:00";"TO";153;788,5;"TALISMA";"Pista Escorregadia";"Tombamento";"Sem Vítimas";"Anoitecer";"Decrescente";"Chuva";"Simples";"Aclive";"Não";2;0;0;0;1;1;0;2;-12,710489;-49,075035;"SPRF-TO";"DEL02-TO";"UOP02-DEL01-TO"
175052;2018-11-30;"sexta-feira";"17:50:00";"RJ";116;322;"RESENDE";"Falta de Atenção à Condução";"Colisão traseira";"Sem Vítimas";"Anoitecer";"Decrescente";"Chuva";"Dupla";"Reta";"Não";3;0;0;0;2;1;0;3;-22,491064;-44,56184;"SPRF-RJ";"DEL07-RJ";"DEL5/7-UOP03/RJ"
175060;2018-11-30;"sexta-feira";"21:50:00";"SC";101;162;"TIJUCAS";"Ingestão de Álcool";"Colisão lateral";"Sem Vítimas";"Plena Noite";"Decrescente";"Céu Claro";"Dupla";"Reta";"Não";2;0;0;0;2;0;0;2;-27,2325;-48,6299;"SPRF-SC";"DEL04-SC";"UOP03-DEL04-SC"
175068;2018-11-30;"sexta-feira";"20:30:00";"MG";50;52,5;"ARAGUARI";"Falta de Atenção à Condução";"Colisão traseira";"Com Vítimas Feridas";"Plena Noite";"Decrescente";"Céu Claro";"Dupla";"Reta";"Não";2;0;0;1;0;1;1;2;-18,7607;-48,2406;"SPRF-MG";"DEL15-MG";"UOP02-DEL15-MG"
175073;2018-11-30;"sexta-feira";"20:55:00";"SC";280;121,5;"SAO BENTO DO SUL";"Falta de Atenção à Condução";"Colisão frontal";"Com Vítimas Feridas";"Plena Noite";"Decrescente";"Chuva";"Simples";"Aclive;Curva";"Não";4;0;2;1;1;0;3;2;-26,255314;-49,450603;"SPRF-SC";"DEL06-SC";"UOP03-DEL06-SC"
175075;2018-11-30;"sexta-feira";"23:50:00";"RJ";101;22,6;"CAMPOS DOS GOYTACAZES";"Condutor Dormindo";"Colisão frontal";"Com Vítimas Fatais";"Plena Noite";"Crescente";"Nublado";"Simples";"Reta";"Não";4;1;1;1;1;0;2;2;-21,399633;-41,34568;"SPRF-RJ";"DEL08-RJ";"UOP01-DEL08-RJ"
175078;2018-11-30;"sexta-feira";"22:50:00";"SP";116;16,5;"LAVRINHAS";"Falta de Atenção à Condução";"Tombamento";"Com Vítimas Feridas";"Plena Noite";"Crescente";"Chuva";"Dupla";"Curva";"Não";2;0;1;0;0;1;1;2;-22,55822;-44,837948;"SPRF-SP";"DEL08-SP";"UOP02-DEL08-SP"
175081;2018-11-30;"sexta-feira";"16:40:00";"SC";116;128,9;"SANTA CECILIA";"Falta de Atenção à Condução";"Colisão lateral";"Com Vítimas Feridas";"Pleno dia";"Crescente";"Garoa/Chuvisco";"Simples";"Reta";"Não";5;0;2;0;2;1;2;5;-26,907774;-50,441204;"SPRF-SC";"DEL06-SC";"UOP02-DEL06-SC"
175082;2018-12-01;"sábado";"00:20:00";"ES";101;269,6;"SERRA";"Desobediência às normas de trânsito pelo condutor";"Colisão transversal";"Com Vítimas Feridas";"Plena Noite";"Decrescente";"Nublado";"Múltipla";"Interseção de Vias";"Não";3;0;0;1;1;1;1;3;-20,22329916;-40,27032766;"SPRF-ES";"DEL02-ES";"UOP01-DEL02-ES"
175087;2018-12-01;"sábado";"00:10:00";"MG";251;227;"SANTA CRUZ DE SALINAS";"Falta de Atenção à Condução";"Colisão traseira";"Com Vítimas Feridas";"Plena Noite";"Decrescente";"Céu Claro";"Simples";"Reta";"Não";3;0;1;0;1;1;1;3;-15,9581;-41,6549;"SPRF-MG";"DEL11-MG";"UOP02-DEL11-MG"
175090;2018-12-01;"sábado";"02:00:00";"MG";251;361,5;"PADRE CARVALHO";"Desobediência às normas de trânsito pelo condutor";"Colisão frontal";"Com Vítimas Fatais";"Plena Noite";"Decrescente";"Nublado";"Simples";"Reta";"Não";3;1;0;0;1;1;0;3;-16,2692;-42,6026;"SPRF-MG";"DEL12-MG";"UOP01-DEL12-MG"
175091;2018-12-01;"sábado";"02:30:00";"PR";376;176,8;"MARINGA";"Falta de Atenção à Condução";"Colisão traseira";"Sem Vítimas";"Plena Noite";"Crescente";"Nublado";"Dupla";"Reta";"Sim";5;0;0;0;2;3;0;4;-23,412691;-51,931583;"SPRF-PR";"DEL07-PR";"UOP01-DEL09-PR"
175099;2018-12-01;"sábado";"03:45:00";"GO";50;136;"IPAMERI";"Falta de Atenção à Condução";"Saída de leito carroçável";"Com Vítimas Feridas";"Plena Noite";"Decrescente";"Céu Claro";"Dupla";"Reta";"Não";1;0;1;0;0;0;1;1;-17,0565;-47,7492;"SPRF-GO";"DEL06-GO";"UOP01-DEL06-GO"
175103;2018-12-01;"sábado";"04:30:00";"SP";116;88;"PINDAMONHANGABA";"Falta de Atenção à Condução";"Colisão traseira";"Com Vítimas Feridas";"Plena Noite";"Decrescente";"Chuva";"Dupla";"Reta";"Sim";3;0;2;0;1;0;2;2;-22,93507;-45,370316;"SPRF-SP";"DEL06-SP";"UOP01-DEL06-SP"
175107;2018-12-01;"sábado";"05:00:00";"RJ";356;25;"ITAPERUNA";"Falta de Atenção do Pedestre";"Saída de leito carroçável";"Com Vítimas Feridas";"Amanhecer";"Crescente";"Chuva";"Simples";"Reta";"Não";3;0;1;0;2;0;1;1;-21,179396;-41,954491;"SPRF-RJ";"DEL08-RJ";"UOP03-DEL08-RJ"
175112;2018-12-01;"sábado";"05:30:00";"MG";153;9;"ARAPORA";"Condutor Dormindo";"Tombamento";"Com Vítimas Feridas";"Amanhecer";"Crescente";"Chuva";"Dupla";"Reta";"Não";1;0;1;0;0;0;1;1;-18,5055;-49,189;"SPRF-MG";"DEL15-MG";"UOP03-DEL15-MG"
175114;2018-11-30;"sexta-feira";"17:30:00";"GO";153;509,5;"APARECIDA DE GOIANIA";"Falta de Atenção à Condução";"Colisão traseira";"Com Vítimas Feridas";"Pleno dia";"Crescente";"Céu Claro";"Dupla";"Reta";"Não";4;0;1;0;2;1;1;4;-16,7888;-49,2379;"SPRF-GO";"DEL01-GO";"UOP03-DEL01-GO"
175121;2018-12-01;"sábado";"06:40:00";"SP";116;10;"QUELUZ";"Falta de Atenção à Condução";"Colisão com objeto estático";"Sem Vítimas";"Pleno dia";"Decrescente";"Chuva";"Dupla";"Reta";"Não";2;0;0;0;1;1;0;2;-22,544369;-44,7878;"SPRF-SP";"DEL08-SP";"UOP02-DEL08-SP"
175122;2018-12-01;"sábado";"04:30:00";"BA";324;595;"CANDEIAS";"Desobediência às normas de trânsito pelo pedestre";"Atropelamento de Pedestre";"Com Vítimas Fatais";"Amanhecer";"Crescente";"Céu Claro";"Simples";"Curva";"Não";2;1;0;0;0;1;0;2;-12,723167;-38,450497;"SPRF-BA";"DEL01-BA";"UOP01-DEL01-BA"
175123;2018-11-30;"sexta-feira";"19:15:00";"TO";153;788,5;"TALISMA";"Falta de Atenção à Condução";"Colisão com objeto estático";"Sem Vítimas";"Plena Noite";"Crescente";"Chuva";"Simples";"Declive";"Não";3;0;0;0;2;1;0;3;-12,710489;-49,075035;"SPRF-TO";"DEL02-TO";"UOP02-DEL01-TO"
175128;2018-12-01;"sábado";"07:30:00";"SC";101;201;"SAO JOSE";"Falta de Atenção à Condução";"Colisão traseira";"Com Vítimas Feridas";"Pleno dia";"Crescente";"Céu Claro";"Múltipla";"Reta";"Não";3;0;1;0;1;2;1;4;-27,5572;-48,6188;"SPRF-SC";"DEL01-SC";"UOP01-DEL01-SC"
175131;2018-10-23;"terça-feira";"17:15:00";"RS";116;253,1;"SAPUCAIA DO SUL";"Falta de Atenção à Condução";"Colisão lateral";"Com Vítimas Feridas";"Pleno dia";"Crescente";"Céu Claro";"Simples";"Curva";"Sim";3;0;1;0;2;0;1;2;-29,81855025;-51,17040575;"SPRF-RS";"DEL01-RS";"UOP02-DEL01-RS"
175133;2018-12-01;"sábado";"07:20:00";"SC";280;52,3;"GUARAMIRIM";"Falta de Atenção à Condução";"Colisão lateral";"Com Vítimas Feridas";"Pleno dia";"Decrescente";"Céu Claro";"Simples";"Reta";"Sim";2;0;1;0;1;0;1;2;-26,468904;-48,96492;"SPRF-SC";"DEL03-SC";"UOP03-DEL03-SC"
175136;2018-11-29;"quinta-feira";"14:20:00";"CE";116;396,9;"UMARI";"Defeito Mecânico no Veículo";"Capotamento";"Com Vítimas Feridas";"Pleno dia";"Decrescente";"Céu Claro";"Dupla";"Reta";"Não";3;0;2;0;1;0;2;1;-6,645682;-38,823742;"SPRF-CE";"DEL05-CE";"UOP01-DEL05-CE"
175137;2018-11-29;"quinta-feira";"16:20:00";"CE";116;396,3;"ICO";"Desobediência às normas de trânsito pelo condutor";"Colisão traseira";"Sem Vítimas";"Pleno dia";"Decrescente";"Céu Claro";"Simples";"Declive;Reta";"Não";4;0;0;0;3;3;0;6;-6,578127;-38,846879;"SPRF-CE";"DEL05-CE";"UOP01-DEL05-CE"
175142;2018-12-01;"sábado";"08:00:00";"MG";251;340;"FRUTA DE LEITE";"Velocidade Incompatível";"Saída de leito carroçável";"Com Vítimas Feridas";"Pleno dia";"Decrescente";"Nublado";"Simples";"Curva";"Não";2;0;0;1;0;1;1;2;-16,2586;-42,4613;"SPRF-MG";"DEL12-MG";"UOP01-DEL12-MG"
175150;2018-12-01;"sábado";"08:00:00";"PR";116;108,6;"CURITIBA";"Não guardar distância de segurança";"Colisão lateral";"Com Vítimas Feridas";"Pleno dia";"Decrescente";"Nublado";"Dupla";"Reta";"Sim";2;0;0;1;1;0;1;2;-25,569897;-49,187782;"SPRF-PR";"DEL01-PR";"UOP01-DEL01-PR"
175151;2018-12-01;"sábado";"09:30:00";"MG";381;365;"JOAO MONLEVADE";"Velocidade Incompatível";"Colisão transversal";"Com Vítimas Feridas";"Pleno dia";"Crescente";"Chuva";"Simples";"Curva";"Não";3;0;1;0;1;1;1;3;-19,85279978;-43,21203411;"SPRF-MG";"DEL03-MG";"UOP01-DEL03-MG"
175152;2018-12-01;"sábado";"08:00:00";"BA";242;800;"BARREIRAS";"Velocidade Incompatível";"Engavetamento";"Com Vítimas Feridas";"Pleno dia";"Crescente";"Nublado";"Simples";"Reta";"Não";6;0;1;0;4;2;1;6;-12,11867674;-45,05553246;"SPRF-BA";"DEL10-BA";"UOP01-DEL10-BA"
175170;2018-12-01;"sábado";"09:40:00";"MG";116;720,6;"MURIAE";"Falta de Atenção à Condução";"Colisão com objeto estático";"Com Vítimas Feridas";"Pleno dia";"Crescente";"Nublado";"Simples";"Declive";"Não";4;0;1;0;2;2;1;5;-21,27785772;-42,41134644;"SPRF-MG";"DEL07-MG";"UOP02-DEL07-MG"
175172;2018-12-01;"sábado";"11:30:00";"PR";277;590;"CASCAVEL";"Falta de Atenção à Condução";"Colisão transversal";"Com Vítimas Feridas";"Pleno dia";"Decrescente";"Céu Claro";"Simples";"Reta";"Sim";4;0;1;0;2;1;1;3;-25,02817;-53,55983;"SPRF-PR";"DEL04-PR";"UOP01-DEL04-PR"
175177;2018-12-01;"sábado";"10:05:00";"GO";153;45;"PORANGATU";"Defeito Mecânico no Veículo";"Incêndio";"Sem Vítimas";"Pleno dia";"Crescente";"Nublado";"Simples";"Reta";"Não";2;0;0;0;1;2;0;3;-13,397592;-49,129871;"SPRF-GO";"DEL07-GO";"UOP01-DEL07-GO"
175181;2018-12-01;"sábado";"11:20:00";"BA";116;623,8;"JAGUAQUARA";"Falta de Atenção à Condução";"Saída de leito carroçável";"Com Vítimas Fatais";"Pleno dia";"Crescente";"Sol";"Simples";"Reta";"Não";5;1;1;1;1;2;2;4;-13,37520538;-40,01978159;"SPRF-BA";"DEL03-BA";"UOP01-DEL03-BA"
175182;2018-12-01;"sábado";"09:40:00";"RR";174;10;"BOA VISTA";"Desobediência às normas de trânsito pelo condutor";"Saída de leito carroçável";"Sem Vítimas";"Pleno dia";"Decrescente";"Céu Claro";"Simples";"Rotatória";"Não";1;0;0;0;1;0;0;1;2,82704262;-60,80608791;"SPRF-RR";"DEL01-RR";"UOP01-DEL01-RR"
175194;2018-12-01;"sábado";"11:15:00";"SC";470;145,1;"RIO DO SUL";"Falta de Atenção à Condução";"Colisão lateral";"Com Vítimas Feridas";"Pleno dia";"Decrescente";"Sol";"Simples";"Reta";"Não";2;0;0;1;1;0;1;2;-27,237301;-49,682217;"SPRF-SC";"DEL04-SC";"UOP02-DEL04-SC"
175196;2018-12-01;"sábado";"11:50:00";"RS";290;178,1;"BUTIA";"Velocidade Incompatível";"Colisão transversal";"Com Vítimas Fatais";"Pleno dia";"Decrescente";"Céu Claro";"Simples";"Reta";"Não";4;2;0;0;1;3;0;6;-30,134542;-51,992455;"SPRF-RS";"DEL02-RS";"UOP02-DEL02-RS"
175202;2018-12-01;"sábado";"14:35:00";"PR";476;132,8;"CURITIBA";"Pista Escorregadia";"Colisão traseira";"Sem Vítimas";"Pleno dia";"Decrescente";"Chuva";"Múltipla";"Reta";"Não";2;0;0;0;2;0;0;2;-25,460718;-49,250488;"SPRF-PR";"DEL01-PR";"UOP07-DEL01-PR"
175207;2018-11-27;"terça-feira";"20:30:00";"PR";376;667;"GUARATUBA";"Falta de Atenção à Condução";"Colisão lateral";"Com Vítimas Feridas";"Plena Noite";"Decrescente";"Nublado";"Dupla";"Curva";"Não";4;0;1;0;2;1;1;3;-25,86138615;-48,93688202;"SPRF-PR";"DEL01-PR";"DEL7/1-UOP08/PR"
175210;2018-12-01;"sábado";"13:30:00";"PR";116;102,2;"SAO JOSE DOS PINHAIS";"Não guardar distância de segurança";"Colisão traseira";"Sem Vítimas";"Pleno dia";"Crescente";"Sol";"Dupla";"Reta";"Não";3;0;0;0;2;1;0;3;-25,550711;-49,150246;"SPRF-PR";"DEL01-PR";"UOP01-DEL01-PR"
175211;2018-12-01;"sábado";"14:50:00";"GO";364;186;"JATAI";"Velocidade Incompatível";"Saída de leito carroçável";"Com Vítimas Feridas";"Pleno dia";"Crescente";"Garoa/Chuvisco";"Simples";"Reta";"Não";2;0;1;0;0;1;1;2;-17,946882;-51,65892;"SPRF-GO";"DEL05-GO";"UOP01-DEL05-GO"
175212;2018-12-01;"sábado";"15:02:00";"MG";40;42,4;"PARACATU";"Falta de Atenção à Condução";"Colisão traseira";"Sem Vítimas";"Pleno dia";"Crescente";"Céu Claro";"Simples";"Reta";"Não";3;0;0;0;2;2;0;4;-17,218784;-46,866695;"SPRF-MG";"DEL14-MG";"UOP01-DEL14-MG"
175216;2018-12-01;"sábado";"15:45:00";"MG";262;547,3;"LUZ";"Falta de Atenção à Condução";"Tombamento";"Com Vítimas Fatais";"Pleno dia";"Decrescente";"Chuva";"Simples";"Curva";"Não";5;1;0;1;2;5;1;9;-19,740187;-45,860352;"SPRF-MG";"DEL08-MG";"UOP02-DEL08-MG"
175222;2018-12-01;"sábado";"15:30:00";"MG";381;841,3;"SAO SEBASTIAO DA BELA VISTA";"Falta de Atenção à Condução";"Colisão traseira";"Com Vítimas Feridas";"Pleno dia";"Crescente";"Chuva";"Dupla";"Reta";"Não";3;0;0;1;2;0;1;2;-22,1809;-45,8419;"SPRF-MG";"DEL16-MG";"UOP01-DEL16-MG"
175223;2018-12-01;"sábado";"13:51:00";"PI";316;7,5;"TERESINA";"Mal Súbito";"Saída de leito carroçável";"Com Vítimas Feridas";"Pleno dia";"Crescente";"Nublado";"Simples";"Reta";"Sim";2;0;1;0;0;2;1;3;-5,155847;-42,771732;"SPRF-PI";"DEL01-PI";"UOP02-DEL01-PI"
175224;2018-12-01;"sábado";"13:00:00";"MG";251;389;"GRAO MOGOL";"Ingestão de Álcool";"Colisão lateral";"Sem Vítimas";"Pleno dia";"Decrescente";"Nublado";"Simples";"Reta";"Não";3;0;0;0;2;2;0;4;-16,2645;-42,8303;"SPRF-MG";"DEL12-MG";"UOP01-DEL12-MG"
175230;2018-12-01;"sábado";"14:00:00";"BA";116;813,9;"VITORIA DA CONQUISTA";"Falta de Atenção à Condução";"Colisão lateral";"Com Vítimas Feridas";"Pleno dia";"Decrescente";"Nublado";"Simples";"Reta";"Sim";4;0;1;0;2;1;1;3;-14,80940473;-40,79120636;"SPRF-BA";"DEL08-BA";"UOP01-DEL08-BA"
175232;2018-12-01;"sábado";"16:00:00";"MT";163;1050;"MATUPA";"Desobediência às normas de trânsito pelo condutor";"";"Com Vítimas Feridas";"Pleno dia";"Crescente";"Céu Claro";"Simples";"Reta";"Não";3;0;1;0;1;2;1;4;-10,12599005;-54,932082;"SPRF-MT";"DEL06-MT";"UOP02-DEL06-MT"
175252;2018-12-01;"sábado";"16:40:00";"MT";364;460;"VARZEA GRANDE";"Pista Escorregadia";"Saída de leito carroçável";"Com Vítimas Feridas";"Pleno dia";"Decrescente";"Chuva";"Simples";"Reta";"Não";1;0;1;0;0;0;1;1;-15,527167;-56,274605;"SPRF-MT";"DEL01-MT";"DEL2/4-UOP02/MT"
175262;2018-12-01;"sábado";"15:15:00";"PI";222;4,5;"SAO JOAO DA FRONTEIRA";"Defeito Mecânico no Veículo";"Saída de leito carroçável";"Com Vítimas Feridas";"Pleno dia";"Crescente";"Céu Claro";"Simples";"Reta";"Sim";2;0;1;0;0;1;1;2;-3,936686;-41,259907;"SPRF-PI";"DEL02-PI";"UOP01-DEL02-PI"
175269;2018-12-01;"sábado";"19:00:00";"BA";116;798;"VITORIA DA CONQUISTA";"Ultrapassagem Indevida";"Colisão frontal";"Com Vítimas Feridas";"Plena Noite";"Crescente";"Céu Claro";"Simples";"Reta";"Não";4;0;1;0;1;2;1;3;-14,73953;-40,65751;"SPRF-BA";"DEL08-BA";"UOP02-DEL08-BA"
175281;2018-12-01;"sábado";"19:20:00";"PR";376;472;"PONTA GROSSA";"Falta de Atenção à Condução";"Saída de leito carroçável";"Com Vítimas Feridas";"Pleno dia";"Crescente";"Céu Claro";"Dupla";"Reta";"Não";2;0;1;0;0;1;1;2;-25,02502856;-50,32176018;"SPRF-PR";"DEL03-PR";"UOP01-DEL03-PR"
175283;2018-12-01;"sábado";"20:40:00";"RS";285;203,8;"LAGOA VERMELHA";"Desobediência às normas de trânsito pelo condutor";"Colisão frontal";"Com Vítimas Feridas";"Plena Noite";"Crescente";"Céu Claro";"Simples";"Reta";"Não";5;0;0;2;1;3;2;5;-28,21179;-51,565443;"SPRF-RS";"DEL08-RS";"UOP05-DEL08-RS"
175288;2018-12-01;"sábado";"19:15:00";"RS";386;381,7;"TABAI";"Não guardar distância de segurança";"Colisão traseira";"Com Vítimas Feridas";"Pleno dia";"Crescente";"Nublado";"Dupla";"Reta";"Não";4;0;1;0;2;1;1;4;-29,655523;-51,750919;"SPRF-RS";"DEL04-RS";"UOP02-DEL04-RS"
175301;2018-12-01;"sábado";"18:00:00";"MG";116;105;"ITAOBIM";"Defeito Mecânico no Veículo";"Tombamento";"Sem Vítimas";"Anoitecer";"Decrescente";"Nublado";"Simples";"Reta";"Não";2;0;0;0;1;1;0;2;-16,50522442;-41,51046753;"SPRF-MG";"DEL11-MG";"UOP02-DEL11-MG"
175315;2018-12-01;"sábado";"21:15:00";"RO";364;383;"OURO PRETO DO OESTE";"Ingestão de Álcool";"Colisão transversal";"Sem Vítimas";"Plena Noite";"Crescente";"Chuva";"Simples";"Interseção de Vias";"Sim";3;0;0;0;2;1;0;3;-10,71394941;-62,25175565;"SPRF-RO";"DEL02-RO";"UOP01-DEL02-RO"
175321;2018-12-01;"sábado";"21:00:00";"MG";262;88,8;"ABRE CAMPO";"Falta de Atenção à Condução";"Colisão transversal";"Com Vítimas Feridas";"Plena Noite";"Crescente";"Chuva";"Simples";"Reta";"Não";2;0;0;1;1;0;1;2;-20,334681;-42,447006;"SPRF-MG";"DEL03-MG";"UOP03-DEL03-MG"
175322;2018-12-01;"sábado";"23:00:00";"BA";242;810;"BARREIRAS";"Pista Escorregadia";"Saída de leito carroçável";"Com Vítimas Feridas";"Plena Noite";"Crescente";"Chuva";"Simples";"Curva";"Não";2;0;1;0;0;2;1;3;-12,120591;-45,145382;"SPRF-BA";"DEL10-BA";"UOP01-DEL10-BA"
175341;2018-12-02;"domingo";"01:40:00";"RS";158;156;"PANAMBI";"Condutor Dormindo";"Colisão lateral";"Sem Vítimas";"Plena Noite";"Crescente";"Céu Claro";"Simples";"Reta";"Não";3;0;0;0;2;1;0;3;-28,325848;-53,49918;"SPRF-RS";"DEL10-RS";"UOP02-DEL10-RS"
175345;2018-12-01;"sábado";"23:15:00";"CE";222;309,5;"TIANGUA";"Ingestão de Álcool";"Colisão com objeto estático";"Com Vítimas Fatais";"Plena Noite";"Crescente";"Céu Claro";"Simples";"Reta";"Sim";4;1;0;1;1;1;1;3;-3,697844;-40,975735;"SPRF-CE";"DEL04-CE";"UOP02-DEL04-CE"
175349;2018-12-02;"domingo";"00:50:00";"CE";20;403,7;"CAUCAIA";"Desobediência às normas de trânsito pelo condutor";"Colisão traseira";"Com Vítimas Feridas";"Plena Noite";"Decrescente";"Chuva";"Simples";"Retorno Regulamentado";"Não";4;0;3;0;1;0;3;2;-3,77821382;-38,68616765;"SPRF-CE";"DEL01-CE";"UOP01-DEL01-CE"
175356;2018-12-02;"domingo";"03:00:00";"SC";101;225;"PALHOCA";"Condutor Dormindo";"Colisão traseira";"Com Vítimas Feridas";"Plena Noite";"Decrescente";"Céu Claro";"Dupla";"Reta";"Não";4;0;3;0;1;0;3;2;-27,7422;-48,638;"SPRF-SC";"DEL01-SC";"UOP02-DEL01-SC"
175368;2018-12-02;"domingo";"04:10:00";"GO";364;384,3;"SANTA RITA DO ARAGUAIA";"Falta de Atenção à Condução";"Colisão com objeto estático";"Com Vítimas Fatais";"Plena Noite";"Crescente";"Chuva";"Dupla";"Reta";"Sim";3;1;0;0;1;2;0;4;-17,336027;-53,186886;"SPRF-GO";"DEL05-GO";"UOP01-DEL05-GO"