"id";"data_inversa";"dia_semana";"horario";"uf";"br";"km";"municipio";"causa_acidente";"tipo_acidente";"classificacao_acidente";"fase_dia";"sentido_via";"condicao_metereologica";"tipo_pista";"tracado_via";"uso_solo";"pessoas";"mortos";"feridos_leves";"feridos_graves";"ilesos";"ignorados";"feridos";"veiculos";"latitude";"longitude";"regional";"delegacia";"uop"
175381;2018-12-02;"domingo";"04:40:00";"SC";101;13,7;"GARUVA";"Ingestão de Álcool";"Colisão traseira";"Sem Vítimas";"Plena Noite";"Decrescente";"Nublado";"Dupla";"Reta";"Não";3;0;0;0;2;3;0;5;-26,0982;-48,8676;"SPRF-SC";"DEL03-SC";"UOP01-DEL03-SC"
175384;2018-12-02;"domingo";"05:20:00";"SE";101;107,5;"SAO CRISTOVAO";"Ingestão de Álcool";"Colisão traseira";"Com Vítimas Feridas";"Pleno dia";"Decrescente";"Nublado";"Dupla";"Reta";"Não";3;0;1;0;1;1;1;3;-10,9645;-37,2658;"SPRF-SE";"DEL02-SE";"UOP01-DEL02-SE"
175388;2018-12-02;"domingo";"04:30:00";"BA";418;71,5;"NOVA VICOSA";"Não guardar distância de segurança";"Colisão traseira";"Com Vítimas Feridas";"Plena Noite";"Crescente";"Nublado";"Simples";"Reta";"Não";3;0;0;1;1;1;1;3;-17,83778223;-39,68851268;"SPRF-BA";"DEL09-BA";"UOP02-DEL09-BA"
175392;2018-12-02;"domingo";"06:05:00";"PR";376;666,1;"GUARATUBA";"Defeito Mecânico no Veículo";"Tombamento";"Com Vítimas Feridas";"Pleno dia";"Crescente";"Céu Claro";"Dupla";"Curva";"Não";2;0;2;0;0;0;2;1;-25,86217298;-48,9494133;"SPRF-PR";"DEL01-PR";"DEL7/1-UOP08/PR"
175397;2018-12-02;"domingo";"06:00:00";"BA";116;366,9;"LAMARAO";"Não guardar distância de segurança";"Colisão traseira";"Com Vítimas Feridas";"Amanhecer";"Decrescente";"Garoa/Chuvisco";"Simples";"Reta";"Não";3;0;2;0;0;1;2;2;-11,75443676;-38,985672;"SPRF-BA";"DEL02-BA";"DEL10/2-UOP02/BA"
175403;2018-12-02;"domingo";"09:15:00";"GO";60;392;"RIO VERDE";"Desobediência às normas de trânsito pelo condutor";"Tombamento";"Sem Vítimas";"Pleno dia";"Decrescente";"Chuva";"Dupla";"Reta";"Sim";2;0;0;0;1;1;0;2;-17,8266;-50,9789;"SPRF-GO";"DEL04-GO";"UOP01-DEL04-GO"
175410;2018-12-02;"domingo";"10:15:00";"MG";40;772,9;"JUIZ DE FORA";"Desobediência às normas de trânsito pelo condutor";"Colisão transversal";"Com Vítimas Feridas";"Pleno dia";"Crescente";"Céu Claro";"Simples";"Reta";"Não";2;0;0;1;1;0;1;2;-21,6517;-43,4346;"SPRF-MG";"DEL05-MG";"UOP01-DEL05-MG"
175420;2018-12-02;"domingo";"11:10:00";"MG";365;451,7;"PATROCINIO";"Desobediência às normas de trânsito pelo condutor";"Colisão lateral";"Com Vítimas Feridas";"Pleno dia";"Crescente";"Chuva";"Simples";"Reta";"Não";3;0;1;0;1;1;1;3;-18,832;-46,822;"SPRF-MG";"DEL10-MG";"UOP01-DEL10-MG"
175427;2018-12-02;"domingo";"09:20:00";"MG";116;806,1;"ALEM PARAIBA";"Condutor Dormindo";"Saída de leito carroçável";"Sem Vítimas";"Pleno dia";"Crescente";"Nublado";"Simples";"Reta";"Não";1;0;0;0;1;0;0;1;-21,80524889;-42,70402908;"SPRF-MG";"DEL07-MG";"UOP01-DEL07-MG"
175433;2018-12-02;"domingo";"12:50:00";"MG";40;462;"SETE LAGOAS";"Pista Escorregadia";"Colisão lateral";"Sem Vítimas";"Pleno dia";"Crescente";"Nublado";"Dupla";"Declive;Curva";"Não";3;0;0;0;2;2;0;4;-19,4295;-44,3368;"SPRF-MG";"DEL02-MG";"UOP01-DEL02-MG"
175445;2018-12-02;"domingo";"12:00:00";"MT";70;281;"PRIMAVERA DO LESTE";"Ingestão de álcool e/ou substâncias psicoativas pelo pedestre";"Colisão com objeto estático";"Sem Vítimas";"Pleno dia";"Decrescente";"Nublado";"Simples";"Curva";"Sim";3;0;0;0;1;4;0;5;-15,567039;-54,305145;"SPRF-MT";"DEL05-MT";"UOP01-DEL05-MT"
175447;2018-12-02;"domingo";"10:30:00";"PR";153;6;"JACAREZINHO";"Falta de Atenção à Condução";"Colisão traseira";"Com Vítimas Feridas";"Pleno dia";"Crescente";"Céu Claro";"Simples";"Curva";"Não";3;0;1;0;1;1;1;3;-23,002905;-49,908333;"SPRF-PR";"DEL07-PR";"UOP04-DEL07-PR"
175452;2018-12-02;"domingo";"14:36:00";"PR";116;122,7;"CURITIBA";"Falta de Atenção à Condução";"Colisão lateral";"Com Vítimas Feridas";"Pleno dia";"Decrescente";"Céu Claro";"Dupla";"Retorno Regulamentado";"Sim";3;0;0;1;1;1;1;3;-25,60937148;-49,31925774;"SPRF-PR";"DEL01-PR";"UOP03-DEL01-PR"
175454;2018-12-02;"domingo";"10:00:00";"MT";163;609;"NOVA MUTUM";"Pista Escorregadia";"Saída de leito carroçável";"Com Vítimas Feridas";"Pleno dia";"Decrescente";"Chuva";"Simples";"Reta";"Não";2;0;2;0;0;0;2;1;-13,83007921;-56,08795166;"SPRF-MT";"DEL01-MT";"UOP01-DEL01-MT"
175455;2018-12-02;"domingo";"14:30:00";"MT";163;540;"DIAMANTINO";"Velocidade Incompatível";"Colisão frontal";"Com Vítimas Fatais";"Pleno dia";"Decrescente";"Chuva";"Simples";"Curva";"Não";4;2;0;0;1;2;0;4;-14,25639724;-56,14151001;"SPRF-MT";"DEL01-MT";"UOP01-DEL01-MT"
175461;2018-12-02;"domingo";"15:00:00";"GO";153;133;"ESTRELA DO NORTE";"Defeito Mecânico no Veículo";"Incêndio";"Sem Vítimas";"Pleno dia";"Decrescente";"Chuva";"Simples";"Reta";"Não";2;0;0;0;1;2;0;3;-13,934465;-49,075451;"SPRF-GO";"DEL07-GO";"UOP01-DEL07-GO"
175470;2018-12-02;"domingo";"15:10:00";"MS";158;49;"PARANAIBA";"Falta de Atenção à Condução";"Tombamento";"Com Vítimas Feridas";"Pleno dia";"Crescente";"Céu Claro";"Simples";"Reta;Aclive";"Não";2;0;1;0;0;1;1;2;-19,360804;-51,451588;"SPRF-MS";"DEL08-MS";"UOP01-DEL08-MS"
175471;2018-12-02;"domingo";"16:30:00";"PR";277;43,8;"MORRETES";"Defeito Mecânico no Veículo";"Danos eventuais";"Sem Vítimas";"Pleno dia";"Crescente";"Chuva";"Dupla";"Curva";"Não";2;0;0;0;1;1;0;2;-25,5937117;-48,89757156;"SPRF-PR";"DEL01-PR";"UOP07-DEL01-PR"
175475;2018-12-02;"domingo";"16:25:00";"MG";381;569,1;"ITAGUARA";"Velocidade Incompatível";"Saída de leito carroçável";"Com Vítimas Fatais";"Pleno dia";"Decrescente";"Nublado";"Dupla";"Reta";"Não";3;1;0;0;1;2;0;4;-20,4199;-44,5318;"SPRF-MG";"DEL04-MG";"UOP03-DEL04-MG"
175476;2018-12-02;"domingo";"16:50:00";"ES";262;160,9;"IBATIBA";"Carga excessiva e/ou mal acondicionada";"Derramamento de carga";"Com Vítimas Feridas";"Pleno dia";"Decrescente";"Nublado";"Simples";"Curva";"Não";3;0;1;0;1;1;1;3;-20,2374;-41,5202;"SPRF-ES";"DEL01-ES";"UOP02-DEL01-ES"
175479;2018-12-02;"domingo";"16:40:00";"PR";376;629,2;"SAO JOSE DOS PINHAIS";"Animais na Pista";"Atropelamento de Animal";"Com Vítimas Feridas";"Pleno dia";"Decrescente";"Céu Claro";"Dupla";"Reta";"Não";5;0;1;0;3;2;1;6;-25,697688;-49,144343;"SPRF-PR";"DEL01-PR";"DEL7/1-UOP08/PR"
175482;2018-12-02;"domingo";"11:00:00";"GO";158;196,3;"PIRANHAS";"Defeito Mecânico no Veículo";"Tombamento";"Sem Vítimas";"Pleno dia";"Decrescente";"Nublado";"Simples";"Aclive;Curva";"Não";2;0;0;0;1;1;0;2;-16,429823;-51,796246;"SPRF-GO";"DEL05-GO";"UOP01-DEL05-GO"
175485;2018-12-02;"domingo";"15:30:00";"RO";364;235;"CACOAL";"Objeto estático sobre o leito carroçável";"Colisão com objeto estático";"Com Vítimas Feridas";"Pleno dia";"Crescente";"Garoa/Chuvisco";"Simples";"Reta";"Sim";3;0;0;1;1;2;1;4;-11,450608;-61,430256;"SPRF-RO";"DEL02-RO";"UOP02-DEL02-RO"
175506;2018-12-02;"domingo";"18:50:00";"SC";470;48;"BLUMENAU";"Ingestão de Álcool";"Colisão frontal";"Com Vítimas Feridas";"Pleno dia";"Crescente";"Céu Claro";"Simples";"Curva";"Não";10;0;5;1;1;3;6;4;-26,859823;-49,055393;"SPRF-SC";"DEL04-SC";"UOP01-DEL04-SC"
175511;2018-12-02;"domingo";"13:40:00";"MG";116;189,6;"CARAI";"Desobediência às normas de trânsito pelo condutor";"Colisão transversal";"Com Vítimas Feridas";"Pleno dia";"Crescente";"Chuva";"Simples";"Reta";"Não";3;0;1;0;1;1;1;3;-17,15579;-41,500323;"SPRF-MG";"DEL11-MG";"UOP01-DEL11-MG"
175517;2018-12-02;"domingo";"20:00:00";"MG";251;481,7;"FRANCISCO SA";"Desobediência às normas de trânsito pelo condutor";"Colisão frontal";"Com Vítimas Feridas";"Plena Noite";"Decrescente";"Chuva";"Simples";"Reta";"Sim";3;0;1;0;1;1;1;3;-16,4758;-43,501;"SPRF-MG";"DEL12-MG";"UOP01-DEL12-MG"
175520;2018-12-02;"domingo";"18:20:00";"PI";343;316,4;"ALTOS";"Ultrapassagem Indevida";"Colisão lateral";"Com Vítimas Fatais";"Plena Noite";"Crescente";"Nublado";"Simples";"Aclive";"Não";7;1;4;0;1;1;4;4;-5,044959;-42,544502;"SPRF-PI";"DEL01-PI";"UOP01-DEL01-PI"
175544;2018-12-02;"domingo";"21:00:00";"MA";10;253;"IMPERATRIZ";"Falta de Atenção à Condução";"Colisão transversal";"Com Vítimas Feridas";"Plena Noite";"Decrescente";"Céu Claro";"Simples";"Reta";"Sim";4;0;1;0;1;2;1;3;-5,526911;-47,471455;"SPRF-MA";"DEL04-MA";"UOP01-DEL04-MA"
175547;2018-12-02;"domingo";"19:40:00";"BA";116;457;"SANTO ESTEVAO";"Pista Escorregadia";"Tombamento";"Sem Vítimas";"Plena Noite";"Decrescente";"Chuva";"Dupla";"Declive";"Não";2;0;0;0;1;1;0;2;-12,42939056;-39,20867157;"SPRF-BA";"DEL02-BA";"UOP01-DEL02-BA"
175555;2018-12-02;"domingo";"20:30:00";"PI";222;30;"SAO JOAO DA FRONTEIRA";"Ingestão de Álcool";"Colisão frontal";"Com Vítimas Fatais";"Plena Noite";"Crescente";"Nublado";"Simples";"Reta";"Não";3;1;0;1;0;1;1;3;-4,022289;-41,468662;"SPRF-PI";"DEL02-PI";"UOP01-DEL02-PI"
175563;2018-12-02;"domingo";"22:30:00";"MG";262;365;"JUATUBA";"Não guardar distância de segurança";"Colisão traseira";"Com Vítimas Feridas";"Plena Noite";"Crescente";"Nublado";"Dupla";"Reta";"Sim";2;0;1;0;1;0;1;2;-19,9747;-44,3232;"SPRF-MG";"DEL01-MG";"UOP03-DEL01-MG"
175566;2018-12-02;"domingo";"22:50:00";"GO";50;106;"CRISTALINA";"Falta de Atenção à Condução";"Tombamento";"Com Vítimas Feridas";"Plena Noite";"Crescente";"Chuva";"Dupla";"Curva";"Não";2;0;1;0;0;1;1;2;-16,9309;-47,7117;"SPRF-DF";"DEL01-DF";"UOP02-DEL01-DF"
175568;2018-12-02;"domingo";"17:00:00";"MG";381;566,8;"ITAGUARA";"Velocidade Incompatível";"Engavetamento";"Com Vítimas Feridas";"Pleno dia";"Crescente";"Chuva";"Dupla";"Curva";"Não";6;0;3;0;2;1;3;5;-20,4025;-44,5126;"SPRF-MG";"DEL04-MG";"UOP03-DEL04-MG"
175571;2018-12-02;"domingo";"23:20:00";"MG";381;705;"LAVRAS";"Carga excessiva e/ou mal acondicionada";"Derramamento de carga";"Sem Vítimas";"Plena Noite";"Crescente";"Nublado";"Dupla";"Curva";"Não";1;0;0;0;1;0;0;1;-21,3237;-45,1662;"SPRF-MG";"DEL04-MG";"UOP02-DEL04-MG"
175572;2018-12-02;"domingo";"15:35:00";"MT";364;464;"VARZEA GRANDE";"Ultrapassagem Indevida";"Colisão frontal";"Com Vítimas Fatais";"Pleno dia";"Crescente";"Chuva";"Simples";"Reta";"Não";4;3;0;0;0;2;0;4;-15,494163;-56,277405;"SPRF-MT";"DEL01-MT";"DEL2/4-UOP02/MT"
175573;2018-12-02;"domingo";"22:30:00";"PI";316;274,3;"DOM EXPEDITO LOPES";"Falta de Atenção à Condução";"Saída de leito carroçável";"Com Vítimas Feridas";"Plena Noite";"Crescente";"Nublado";"Simples";"Curva";"Não";1;0;0;1;0;0;1;1;-6,95164664;-41,72444344;"SPRF-PI";"DEL04-PI";"UOP01-DEL04-PI"
175576;2018-12-03;"segunda-feira";"00:20:00";"ES";262;3;"CARIACICA";"Velocidade Incompatível";"Saída de leito carroçável";"Com Vítimas Feridas";"Plena Noite";"Decrescente";"Chuva";"Dupla";"Reta";"Sim";4;0;0;1;3;0;1;4;-20,33427532;-40,3696382;"SPRF-ES";"DEL01-ES";"UOP01-DEL01-ES"
175588;2018-12-02;"domingo";"19:05:00";"PB";230;232,4;"JUAZEIRINHO";"Ingestão de Álcool";"Tombamento";"Com Vítimas Feridas";"Plena Noite";"Crescente";"Céu Claro";"Simples";"Reta";"Não";4;0;0;1;1;2;1;4;-7,03581639;-36,50645256;"SPRF-PB";"DEL02-PB";"UOP02-DEL02-PB"
175591;2018-12-03;"segunda-feira";"01:30:00";"RJ";116;302;"RESENDE";"Ingestão de Álcool";"Colisão traseira";"Sem Vítimas";"Plena Noite";"Decrescente";"Céu Claro";"Dupla";"Reta";"Não";2;0;0;0;2;0;0;2;-22,45609094;-44,39712524;"SPRF-RJ";"DEL07-RJ";"DEL5/7-UOP03/RJ"
175592;2018-12-03;"segunda-feira";"01:30:00";"RS";470;216;"BENTO GONCALVES";"Ingestão de Álcool";"Colisão com objeto estático";"Sem Vítimas";"Plena Noite";"Crescente";"Céu Claro";"Dupla";"Reta";"Sim";1;0;0;0;1;0;0;1;-29,17291418;-51,52403723;"SPRF-RS";"DEL06-RS";"UOP01-DEL06-RS"
175596;2018-12-03;"segunda-feira";"01:00:00";"ES";262;28,9;"VIANA";"Defeito Mecânico no Veículo";"Incêndio";"Sem Vítimas";"Plena Noite";"Decrescente";"Chuva";"Simples";"Reta";"Não";2;0;0;0;1;1;0;2;-20,3852;-40,5545;"SPRF-ES";"DEL01-ES";"UOP01-DEL01-ES"
175604;2018-12-03;"segunda-feira";"06:35:00";"MG";381;720;"CARMO DA CACHOEIRA";"Velocidade Incompatível";"Tombamento";"Com Vítimas Feridas";"Amanhecer";"Decrescente";"Céu Claro";"Dupla";"Curva";"Não";3;0;2;0;0;1;2;2;-21,4336;-45,2101;"SPRF-MG";"DEL04-MG";"UOP02-DEL04-MG"
175607;2018-12-03;"segunda-feira";"06:30:00";"PE";101;74;"RECIFE";"Desobediência às normas de trânsito pelo condutor";"Colisão frontal";"Sem Vítimas";"Pleno dia";"Crescente";"Céu Claro";"Simples";"Reta";"Sim";2;0;0;0;1;1;0;2;-8,1107;-34,9462;"SPRF-PE";"DEL01-PE";"UOP01-DEL01-PE"
175613;2018-12-03;"segunda-feira";"08:15:00";"PR";163;149,7;"SANTA LUCIA";"Condutor Dormindo";"Colisão lateral";"Com Vítimas Feridas";"Pleno dia";"Crescente";"Céu Claro";"Simples";"Curva";"Não";3;0;2;0;0;1;2;3;-25,4282;-53,577;"SPRF-PR";"DEL04-PR";"UOP05-DEL05-PR"
175614;2018-12-03;"segunda-feira";"07:20:00";"MS";163;565,3;"BANDEIRANTES";"Falta de Atenção à Condução";"Tombamento";"Com Vítimas Feridas";"Pleno dia";"Decrescente";"Céu Claro";"Simples";"Declive";"Não";2;0;1;0;0;1;1;2;-19,78414964;-54,36532974;"SPRF-MS";"DEL01-MS";"UOP02-DEL01-MS"
175619;2018-12-03;"segunda-feira";"08:25:00";"RS";386;426;"MONTENEGRO";"Falta de Atenção à Condução";"Colisão traseira";"Com Vítimas Feridas";"Pleno dia";"Crescente";"Céu Claro";"Simples";"Reta";"Não";5;0;1;1;3;0;2;2;-29,819479;-51,36208;"SPRF-RS";"DEL04-RS";"UOP02-DEL04-RS"
175624;2018-12-03;"segunda-feira";"07:50:00";"RS";470;186;"VERANOPOLIS";"Desobediência às normas de trânsito pelo condutor";"Tombamento";"Sem Vítimas";"Pleno dia";"Crescente";"Céu Claro";"Simples";"Curva";"Não";1;0;0;0;1;0;0;1;-29,00732918;-51,54778903;"SPRF-RS";"DEL06-RS";"UOP02-DEL06-RS"
175625;2018-12-03;"segunda-feira";"08:40:00";"MG";381;265;"CORONEL FABRICIANO";"Desobediência às normas de trânsito pelo condutor";"Colisão frontal";"Com Vítimas Fatais";"Pleno dia";"Decrescente";"Chuva";"Simples";"Reta";"Não";5;1;3;0;0;1;3;3;-19,52614154;-42,58051872;"SPRF-MG";"DEL03-MG";"UOP02-DEL03-MG"
175628;2018-12-03;"segunda-feira";"09:20:00";"RJ";101;177;"RIO DAS OSTRAS";"Condutor Dormindo";"Colisão traseira";"Sem Vítimas";"Pleno dia";"Decrescente";"Céu Claro";"Simples";"Reta";"Não";2;0;0;0;2;0;0;2;-22,387003;-41,985451;"SPRF-RJ";"DEL02-RJ";"UOP04-DEL08-RJ"
175630;2018-12-03;"segunda-feira";"07:15:00";"MG";356;267,2;"MURIAE";"Falta de Atenção à Condução";"Colisão traseira";"Com Vítimas Feridas";"Pleno dia";"Crescente";"Nublado";"Simples";"Reta";"Sim";2;0;1;0;1;0;1;2;-21,125526;-42,375477;"SPRF-MG";"DEL07-MG";"UOP02-DEL07-MG"
175631;2018-12-03;"segunda-feira";"09:40:00";"PR";277;44,7;"MORRETES";"Falta de Atenção à Condução";"Colisão lateral";"Com Vítimas Feridas";"Pleno dia";"Crescente";"Garoa/Chuvisco";"Dupla";"Reta";"Não";2;0;1;0;0;1;1;2;-25,57411837;-48,85005087;"SPRF-PR";"DEL01-PR";"UOP07-DEL01-PR"
175641;2018-11-29;"quinta-feira";"03:25:00";"PR";476;218;"LAPA";"Animais na Pista";"Saída de leito carroçável";"Com Vítimas Feridas";"Amanhecer";"Crescente";"Céu Claro";"Simples";"Curva";"Não";2;0;1;0;0;1;1;2;-25,810024;-49,907558;"SPRF-PR";"DEL02-PR";"UOP04-DEL02-PR"
175643;2018-12-03;"segunda-feira";"07:00:00";"PR";376;640,8;"TIJUCAS DO SUL";"Velocidade Incompatível";"Saída de leito carroçável";"Sem Vítimas";"Pleno dia";"Crescente";"Céu Claro";"Dupla";"Reta";"Não";2;0;0;0;1;1;0;2;-25,8529328;-48,9769556;"SPRF-PR";"DEL01-PR";"DEL7/1-UOP08/PR"
175644;2018-12-03;"segunda-feira";"10:15:00";"RS";116;417;"CRISTAL";"Ultrapassagem Indevida";"Colisão lateral";"Com Vítimas Feridas";"Pleno dia";"Decrescente";"Céu Claro";"Simples";"Reta";"Não";6;0;3;0;2;1;3;4;-30,93609614;-51,92619324;"SPRF-RS";"DEL02-RS";"UOP03-DEL02-RS"
175649;2018-12-03;"segunda-feira";"10:55:00";"RS";470;180;"VERANOPOLIS";"Não guardar distância de segurança";"Engavetamento";"Com Vítimas Feridas";"Pleno dia";"Decrescente";"Céu Claro";"Simples";"Reta";"Não";4;0;1;0;3;0;1;3;-28,95260764;-51,55924927;"SPRF-RS";"DEL06-RS";"UOP02-DEL06-RS"
175659;2018-12-03;"segunda-feira";"11:00:00";"RS";290;48,2;"GLORINHA";"Condutor Dormindo";"Saída de leito carroçável";"Com Vítimas Feridas";"Pleno dia";"Decrescente";"Céu Claro";"Dupla";"Reta";"Não";2;0;2;0;0;0;2;2;-29,8986;-50,739178;"SPRF-RS";"DEL03-RS";"UOP02-DEL03-RS"
175664;2018-12-03;"segunda-feira";"13:30:00";"PR";376;315;"ORTIGUEIRA";"Velocidade Incompatível";"Tombamento";"Com Vítimas Feridas";"Pleno dia";"Decrescente";"Céu Claro";"Simples";"Curva";"Não";2;0;1;0;0;1;1;2;-24,22302971;-50,93107224;"SPRF-PR";"DEL07-PR";"UOP02-DEL07-PR"
175669;2018-12-03;"segunda-feira";"13:30:00";"RS";386;289,6;"POUSO NOVO";"Falta de Atenção à Condução";"Colisão transversal";"Com Vítimas Feridas";"Pleno dia";"Decrescente";"Céu Claro";"Simples";"Curva";"Não";3;0;1;0;2;0;1;2;-29,106672;-52,249011;"SPRF-RS";"DEL04-RS";"UOP01-DEL04-RS"
175671;2018-12-03;"segunda-feira";"13:49:00";"PI";343;184,8;"PIRIPIRI";"Mal Súbito";"Tombamento";"Com Vítimas Fatais";"Pleno dia";"Crescente";"Céu Claro";"Simples";"Reta";"Sim";2;1;0;0;0;1;0;2;-4,272144;-41,761505;"SPRF-PI";"DEL02-PI";"UOP01-DEL02-PI"
175675;2018-12-03;"segunda-feira";"09:00:00";"BA";101;117,6;"ALAGOINHAS";"Não guardar distância de segurança";"Colisão traseira";"Sem Vítimas";"Pleno dia";"Decrescente";"Céu Claro";"Simples";"Reta";"Não";4;0;0;0;3;2;0;5;-12,16492258;-38,47981036;"SPRF-BA";"DEL01-BA";"UOP04-DEL01-BA"
175679;2018-12-03;"segunda-feira";"15:52:00";"PR";476;127;"CURITIBA";"Falta de Atenção à Condução";"Tombamento";"Sem Vítimas";"Pleno dia";"Decrescente";"Céu Claro";"Simples";"Curva";"Sim";1;0;0;0;1;0;0;1;-25,425167;-49,227158;"SPRF-PR";"DEL01-PR";"UOP07-DEL01-PR"
175680;2018-12-03;"segunda-feira";"15:00:00";"MG";381;704,8;"LAVRAS";"Velocidade Incompatível";"Tombamento";"Sem Vítimas";"Pleno dia";"Crescente";"Céu Claro";"Dupla";"Curva";"Não";2;0;0;0;1;1;0;2;-21,3156;-45,1672;"SPRF-MG";"DEL04-MG";"UOP02-DEL04-MG"
175684;2018-12-03;"segunda-feira";"16:55:00";"MG";381;650,1;"SANTO ANTONIO DO AMPARO";"Falta de Atenção à Condução";"Danos eventuais";"Sem Vítimas";"Pleno dia";"Decrescente";"Nublado";"Simples";"Viaduto;Reta";"Sim";2;0;0;0;2;0;0;2;-20,95489052;-44,91283468;"SPRF-MG";"DEL04-MG";"UOP02-DEL04-MG"
175693;2018-12-03;"segunda-feira";"15:35:00";"SE";101;72;"MARUIM";"Falta de Atenção à Condução";"Colisão traseira";"Com Vítimas Feridas";"Pleno dia";"Crescente";"Céu Claro";"Simples";"Aclive";"Sim";2;0;1;0;1;0;1;2;-10,7853;-37,1421;"SPRF-SE";"DEL01-SE";"UOP01-DEL01-SE"
175694;2018-12-03;"segunda-feira";"18:00:00";"PR";116;16;"COLOMBO";"Não guardar distância de segurança";"Colisão traseira";"Com Vítimas Feridas";"Pleno dia";"Decrescente";"Céu Claro";"Dupla";"Reta";"Sim";3;0;1;0;2;0;1;3;-25,3874;-49,1774;"SPRF-PR";"DEL01-PR";"UOP02-DEL01-PR"
175699;2018-12-03;"segunda-feira";"17:00:00";"MG";40;617;"CONGONHAS";"Desobediência às normas de trânsito pelo condutor";"Colisão com objeto estático";"Sem Vítimas";"Pleno dia";"Crescente";"Nublado";"Simples";"Reta";"Sim";2;0;0;0;1;1;0;2;-20,5647;-43,8114;"SPRF-MG";"DEL05-MG";"UOP02-DEL05-MG"
175700;2018-12-03;"segunda-feira";"17:05:00";"RJ";101;325;"NITEROI";"Falta de Atenção à Condução";"Colisão traseira";"Com Vítimas Feridas";"Pleno dia";"Decrescente";"Garoa/Chuvisco";"Múltipla";"Reta";"Sim";3;0;2;0;1;0;2;2;-22,872925;-43,136311;"SPRF-RJ";"DEL02-RJ";"UOP02-DEL02-RJ"
175702;2018-12-03;"segunda-feira";"08:30:00";"GO";60;195;"GUAPO";"Pista Escorregadia";"Saída de leito carroçável";"Sem Vítimas";"Pleno dia";"Crescente";"Chuva";"Dupla";"Curva";"Não";1;0;0;0;1;0;0;1;-16,8523;-49,5775;"SPRF-GO";"DEL01-GO";"UOP02-DEL01-GO"
175707;2018-12-03;"segunda-feira";"17:30:00";"BA";116;14,3;"VITORIA DA CONQUISTA";"Não guardar distância de segurança";"Colisão traseira";"Com Vítimas Feridas";"Anoitecer";"Crescente";"Nublado";"Simples";"Interseção de Vias";"Não";3;0;1;0;2;0;1;3;-14,851;-40,8485;"SPRF-BA";"DEL08-BA";"UOP01-DEL08-BA"
175715;2018-12-03;"segunda-feira";"16:30:00";"BA";116;877,5;"VITORIA DA CONQUISTA";"Falta de Atenção à Condução";"Colisão lateral";"Com Vítimas Feridas";"Pleno dia";"Crescente";"Nublado";"Simples";"Reta";"Não";3;0;1;0;1;1;1;3;-15,26336;-41,11989;"SPRF-BA";"DEL08-BA";"UOP03-DEL08-BA"
175727;2018-12-03;"segunda-feira";"16:30:00";"PI";135;543;"SAO GONCALO DO GURGUEIA";"Falta de Atenção à Condução";"Colisão com objeto em movimento";"Com Vítimas Feridas";"Pleno dia";"Crescente";"Chuva";"Simples";"Curva";"Não";3;0;1;0;1;1;1;3;-9,962377;-45,331322;"SPRF-PI";"DEL03-PI";"UOP02-DEL03-PI"
175743;2018-12-03;"segunda-feira";"19:30:00";"SC";282;499,8;"XANXERE";"Falta de Atenção à Condução";"Colisão frontal";"Com Vítimas Fatais";"Anoitecer";"Crescente";"Céu Claro";"Dupla";"Reta";"Não";2;1;0;0;1;0;0;2;-26,880869;-52,363121;"SPRF-SC";"DEL07-SC";"UOP01-DEL07-SC"
175747;2018-12-03;"segunda-feira";"21:40:00";"MT";163;822;"SINOP";"Desobediência às normas de trânsito pelo condutor";"Colisão transversal";"Com Vítimas Feridas";"Plena Noite";"Crescente";"Nublado";"Simples";"Reta";"Sim";3;0;0;1;1;3;1;5;-11,97659;-55,51704;"SPRF-MT";"DEL06-MT";"UOP01-DEL06-MT"
175751;2018-10-24;"quarta-feira";"11:00:00";"RJ";116;210;"SEROPEDICA";"Falta de Atenção à Condução";"Colisão lateral";"Sem Vítimas";"Pleno dia";"Decrescente";"Céu Claro";"Dupla";"Reta";"Não";5;0;0;0;4;1;0;3;-22,70493876;-43,74240875;"SPRF-RJ";"DEL01-RJ";"UOP03-DEL01-RJ"
175755;2018-12-03;"segunda-feira";"23:45:00";"PE";101;79;"JABOATAO DOS GUARARAPES";"Falta de Atenção à Condução";"Colisão frontal";"Com Vítimas Fatais";"Plena Noite";"Crescente";"Céu Claro";"Dupla";"Aclive";"Sim";3;1;0;0;1;1;0;3;-8,1533;-34,9421;"SPRF-PE";"DEL01-PE";"UOP01-DEL01-PE"
175756;2018-12-03;"segunda-feira";"23:40:00";"SP";116;516,7;"CAJATI";"Falta de Atenção à Condução";"Colisão traseira";"Com Vítimas Feridas";"Plena Noite";"Decrescente";"Nevoeiro/Neblina";"Simples";"Declive";"Não";3;0;1;0;1;2;1;4;-24,86587954;-48,2116127;"SPRF-SP";"DEL05-SP";"UAP01-DEL05-SP"
175757;2018-12-04;"terça-feira";"00:20:00";"SP";381;75,3;"SAO PAULO";"Defeito Mecânico no Veículo";"Incêndio";"Sem Vítimas";"Plena Noite";"Decrescente";"Céu Claro";"Dupla";"Curva";"Não";1;0;0;0;1;0;0;1;-23,38984602;-46,56907277;"SPRF-SP";"DEL03-SP";"DEL6/3-UOP03/SP"
175758;2018-12-03;"segunda-feira";"22:35:00";"PR";116;197,3;"RIO NEGRO";"Falta de Atenção à Condução";"Tombamento";"Com Vítimas Feridas";"Plena Noite";"Decrescente";"Céu Claro";"Simples";"Reta";"Não";1;0;1;0;0;0;1;1;-26,03958506;-49,69470896;"SPRF-SC";"DEL06-SC";"UOP01-DEL06-SC"