"id";"data_inversa";"dia_semana";"horario";"uf";"br";"km";"municipio";"causa_acidente";"tipo_acidente";"classificacao_acidente";"fase_dia";"sentido_via";"condicao_metereologica";"tipo_pista";"tracado_via";"uso_solo";"pessoas";"mortos";"feridos_leves";"feridos_graves";"ilesos";"ignorados";"feridos";"veiculos";"latitude";"longitude";"regional";"delegacia";"uop"
175760;2018-12-04;"terça-feira";"01:30:00";"SP";116;556;"BARRA DO TURVO";"Velocidade Incompatível";"Saída de leito carroçável";"Com Vítimas Feridas";"Plena Noite";"Crescente";"Nublado";"Simples";"Curva";"Não";2;0;1;0;0;1;1;2;-25,03651901;-48,52822065;"SPRF-SP";"DEL05-SP";"UOP02-DEL05-SP"
175762;2018-12-04;"terça-feira";"02:00:00";"SP";116;90,5;"PINDAMONHANGABA";"Falta de Atenção à Condução";"Colisão traseira";"Com Vítimas Feridas";"Plena Noite";"Decrescente";"Céu Claro";"Dupla";"Em Obras";"Não";3;0;1;0;2;0;1;2;-22,943697;-45,387466;"SPRF-SP";"DEL06-SP";"UOP01-DEL06-SP"
175763;2018-12-04;"terça-feira";"03:30:00";"SP";116;475,6;"JACUPIRANGA";"Condutor Dormindo";"Colisão traseira";"Com Vítimas Feridas";"Plena Noite";"Decrescente";"Nublado";"Dupla";"Reta";"Não";3;0;1;1;0;1;2;3;-24,69214017;-47,99457614;"SPRF-SP";"DEL05-SP";"UAP01-DEL05-SP"
175764;2018-12-04;"terça-feira";"00:01:00";"CE";222;148,3;"IRAUCUBA";"Desobediência às normas de trânsito pelo condutor";"Colisão frontal";"Com Vítimas Fatais";"Plena Noite";"Crescente";"Céu Claro";"Simples";"Reta";"Sim";2;1;0;0;0;1;0;2;-3,750017;-39,77301;"SPRF-CE";"DEL04-CE";"UOP03-DEL04-CE"
175765;2018-12-04;"terça-feira";"03:52:00";"PR";116;84;"PIRAQUARA";"Falta de Atenção à Condução";"Saída de leito carroçável";"Com Vítimas Feridas";"Plena Noite";"Decrescente";"Garoa/Chuvisco";"Dupla";"Reta";"Não";2;0;1;0;0;1;1;2;-25,434765;-49,089371;"SPRF-PR";"DEL01-PR";"UOP01-DEL01-PR"
175766;2018-12-04;"terça-feira";"01:40:00";"BA";101;853,6;"TEIXEIRA DE FREITAS";"Falta de Atenção à Condução";"Tombamento";"Sem Vítimas";"Plena Noite";"Crescente";"Chuva";"Simples";"Reta";"Não";1;0;0;0;1;0;0;1;-17,3521;-39,6294;"SPRF-BA";"DEL09-BA";"UOP02-DEL09-BA"
175774;2018-12-04;"terça-feira";"06:15:00";"PR";376;513,4;"PONTA GROSSA";"Velocidade Incompatível";"Colisão traseira";"Com Vítimas Feridas";"Amanhecer";"Decrescente";"Céu Claro";"Dupla";"Reta";"Não";3;0;2;0;0;2;2;4;-25,23815698;-50,03720999;"SPRF-PR";"DEL03-PR";"UOP04-DEL03-PR"
175778;2018-12-04;"terça-feira";"06:20:00";"MS";163;730,3;"COXIM";"Desobediência às normas de trânsito pelo condutor";"Colisão transversal";"Com Vítimas Feridas";"Pleno dia";"Decrescente";"Céu Claro";"Simples";"Rotatória";"Sim";3;0;1;0;1;2;1;4;-18,50310295;-54,73360777;"SPRF-MS";"DEL06-MS";"UOP01-DEL06-MS"
175779;2018-12-03;"segunda-feira";"23:30:00";"AL";101;116,4;"PILAR";"Carga excessiva e/ou mal acondicionada";"Tombamento";"Sem Vítimas";"Plena Noite";"Crescente";"Céu Claro";"Simples";"Reta";"Não";2;0;0;0;1;2;0;3;-9,628554;-36,030724;"SPRF-AL";"DEL02-AL";"UOP01-DEL02-AL"
175780;2018-12-04;"terça-feira";"05:20:00";"SC";282;544,8;"CHAPECO";"Condutor Dormindo";"Saída de leito carroçável";"Com Vítimas Feridas";"Amanhecer";"Crescente";"Sol";"Simples";"Reta";"Não";2;0;2;0;0;0;2;1;-26,992517;-52,724781;"SPRF-SC";"DEL07-SC";"UOP01-DEL07-SC"
175781;2018-12-03;"segunda-feira";"23:50:00";"PR";376;451;"TIBAGI";"Ultrapassagem Indevida";"Tombamento";"Com Vítimas Feridas";"Plena Noite";"Crescente";"Garoa/Chuvisco";"Dupla";"Curva";"Não";3;0;0;1;1;1;1;3;-24,78846346;-50,50386608;"SPRF-PR";"DEL03-PR";"UOP02-DEL03-PR"
175783;2018-12-04;"terça-feira";"07:40:00";"RJ";40;46;"PETROPOLIS";"Falta de Atenção à Condução";"Colisão traseira";"Com Vítimas Feridas";"Pleno dia";"Decrescente";"Céu Claro";"Dupla";"Curva";"Não";3;0;1;0;1;1;1;3;-22,28731223;-43,12195036;"SPRF-RJ";"DEL06-RJ";"UOP01-DEL06-RJ"
175788;2018-12-04;"terça-feira";"06:40:00";"SP";116;483,8;"CAJATI";"Falta de Atenção à Condução";"Engavetamento";"Com Vítimas Feridas";"Pleno dia";"Decrescente";"Nublado";"Dupla";"Reta";"Não";5;0;0;1;3;1;1;5;-24,72250898;-48,06321144;"SPRF-SP";"DEL05-SP";"UAP01-DEL05-SP"
175793;2018-12-04;"terça-feira";"07:25:00";"PE";101;70,7;"RECIFE";"Defeito Mecânico no Veículo";"Atropelamento de Pedestre";"Com Vítimas Fatais";"Pleno dia";"Decrescente";"Céu Claro";"Dupla";"Reta";"Sim";2;1;0;0;1;0;0;2;-8,0778;-34,9429;"SPRF-PE";"DEL01-PE";"UOP01-DEL01-PE"
175800;2018-12-04;"terça-feira";"05:30:00";"PR";376;88;"PARANAVAI";"Falta de Atenção à Condução";"Colisão traseira";"Com Vítimas Feridas";"Amanhecer";"Decrescente";"Céu Claro";"Simples";"Curva";"Não";4;0;1;0;2;1;1;2;-23,034239;-52,479462;"SPRF-PR";"DEL07-PR";"UOP02-DEL09-PR"
175805;2018-12-04;"terça-feira";"08:40:00";"BA";116;423;"FEIRA DE SANTANA";"Falta de Atenção do Pedestre";"Colisão lateral";"Com Vítimas Feridas";"Pleno dia";"Crescente";"Nublado";"Simples";"Reta";"Sim";4;0;2;0;1;1;2;4;-12,23466;-38,976334;"SPRF-BA";"DEL02-BA";"UOP01-DEL02-BA"
175808;2018-12-04;"terça-feira";"09:30:00";"RS";116;400,8;"CAMAQUA";"Defeito Mecânico no Veículo";"Colisão lateral";"Com Vítimas Feridas";"Pleno dia";"Crescente";"Céu Claro";"Simples";"Rotatória";"Sim";4;0;0;1;2;1;1;3;-30,87438728;-51,8124265;"SPRF-RS";"DEL02-RS";"UOP03-DEL02-RS"
175811;2018-12-04;"terça-feira";"07:20:00";"MT";364;605,5;"DIAMANTINO";"Velocidade Incompatível";"Colisão frontal";"Com Vítimas Feridas";"Pleno dia";"Crescente";"Sol";"Simples";"Curva";"Não";3;0;0;1;1;2;1;4;-14,472566;-56,242756;"SPRF-MT";"DEL01-MT";"UOP01-DEL01-MT"
175812;2018-12-04;"terça-feira";"10:56:00";"PR";277;590;"CASCAVEL";"Desobediência às normas de trânsito pelo condutor";"Colisão transversal";"Com Vítimas Feridas";"Pleno dia";"Decrescente";"Sol";"Simples";"Interseção de Vias";"Sim";5;0;1;0;2;2;1;4;-25,02817;-53,55983;"SPRF-PR";"DEL04-PR";"UOP01-DEL04-PR"
175816;2018-12-04;"terça-feira";"10:30:00";"SC";101;41;"JOINVILLE";"Defeito Mecânico no Veículo";"Colisão transversal";"Sem Vítimas";"Pleno dia";"Decrescente";"Céu Claro";"Dupla";"Rotatória";"Sim";2;0;0;0;2;0;0;2;-26,324;-48,8672;"SPRF-SC";"DEL03-SC";"UOP01-DEL03-SC"
175821;2018-12-04;"terça-feira";"10:30:00";"SP";116;439,8;"REGISTRO";"Não guardar distância de segurança";"Engavetamento";"Com Vítimas Feridas";"Pleno dia";"Decrescente";"Sol";"Dupla";"Reta";"Sim";4;0;1;0;2;1;1;4;-24,46382063;-47,81872272;"SPRF-SP";"DEL05-SP";"UOP01-DEL05-SP"
175833;2018-12-04;"terça-feira";"09:30:00";"ES";262;177,7;"IBATIBA";"Desobediência às normas de trânsito pelo condutor";"Saída de leito carroçável";"Com Vítimas Feridas";"Pleno dia";"Decrescente";"Nublado";"Simples";"Curva";"Não";3;0;1;1;0;1;2;2;-20,284;-41,6513;"SPRF-ES";"DEL01-ES";"UOP02-DEL01-ES"
175834;2018-12-04;"terça-feira";"08:45:00";"MA";135;160,2;"MATOES DO NORTE";"Defeito na Via";"Tombamento";"Sem Vítimas";"Pleno dia";"Decrescente";"Chuva";"Simples";"Reta";"Não";2;0;0;0;1;2;0;3;-3,68097505;-44,52793121;"SPRF-MA";"DEL01-MA";"UOP02-DEL01-MA"
175840;2018-11-30;"sexta-feira";"08:20:00";"MG";251;504,6;"FRANCISCO SA";"Velocidade Incompatível";"Capotamento";"Com Vítimas Feridas";"Pleno dia";"Decrescente";"Céu Claro";"Simples";"Curva";"Não";2;0;1;0;1;0;1;1;-16,609;-43,6592;"SPRF-MG";"DEL12-MG";"UOP01-DEL12-MG"
175841;2018-12-04;"terça-feira";"13:50:00";"CE";222;299,5;"TIANGUA";"Pista Escorregadia";"Colisão transversal";"Com Vítimas Feridas";"Pleno dia";"Crescente";"Chuva";"Simples";"Curva";"Não";3;0;2;0;1;0;2;2;-3,650348;-40,931416;"SPRF-CE";"DEL04-CE";"UOP02-DEL04-CE"
175843;2018-12-04;"terça-feira";"15:45:00";"GO";153;599,3;"MORRINHOS";"Condutor Dormindo";"Saída de leito carroçável";"Com Vítimas Feridas";"Pleno dia";"Decrescente";"Céu Claro";"Dupla";"Declive";"Não";2;0;1;0;0;1;1;2;-17,5439;-49,2093;"SPRF-GO";"DEL03-GO";"UOP01-DEL03-GO"
175845;2018-11-26;"segunda-feira";"12:15:00";"SC";101;205,3;"SAO JOSE";"Falta de Atenção do Pedestre";"Atropelamento de Pedestre";"Com Vítimas Fatais";"Pleno dia";"Crescente";"Céu Claro";"Dupla";"Reta";"Sim";2;1;0;0;1;0;0;2;-27,592;-48,6181;"SPRF-SC";"DEL01-SC";"UOP01-DEL01-SC"
175846;2018-12-04;"terça-feira";"11:40:00";"SC";101;312;"LAGUNA";"Falta de Atenção à Condução";"Colisão transversal";"Com Vítimas Feridas";"Pleno dia";"Decrescente";"Céu Claro";"Dupla";"Reta";"Não";4;0;0;2;1;1;2;3;-28,4403;-48,8129;"SPRF-SC";"DEL02-SC";"UOP01-DEL02-SC"
175849;2018-12-04;"terça-feira";"15:30:00";"TO";153;570;"SANTA RITA DO TOCANTINS";"Sinalização da via insuficiente ou inadequada";"Colisão traseira";"Com Vítimas Feridas";"Pleno dia";"Crescente";"Nublado";"Simples";"Reta";"Não";7;0;2;0;4;1;2;4;-10,828575;-48,903835;"SPRF-TO";"DEL02-TO";"UOP01-DEL01-TO"
175851;2018-12-04;"terça-feira";"17:00:00";"SC";282;2,8;"FLORIANOPOLIS";"Não guardar distância de segurança";"Colisão lateral";"Com Vítimas Feridas";"Pleno dia";"Crescente";"Céu Claro";"Múltipla";"Reta";"Sim";3;0;1;0;2;0;1;3;-27,603289;-48,590416;"SPRF-SC";"DEL01-SC";"UOP01-DEL01-SC"
175856;2018-12-04;"terça-feira";"16:40:00";"PR";163;342;"GUAIRA";"Falta de Atenção à Condução";"Tombamento";"Com Vítimas Feridas";"Pleno dia";"Decrescente";"Céu Claro";"Simples";"Reta";"Não";2;0;1;0;0;2;1;3;-24,1418;-54,2407;"SPRF-PR";"DEL06-PR";"UOP01-DEL06-PR"
175859;2018-12-04;"terça-feira";"16:10:00";"RJ";116;294;"PORTO REAL";"Falta de Atenção à Condução";"Colisão traseira";"Com Vítimas Feridas";"Pleno dia";"Decrescente";"Céu Claro";"Simples";"Reta";"Não";2;0;1;0;1;0;1;2;-22,449371;-44,321712;"SPRF-RJ";"DEL07-RJ";"DEL5/7-UOP03/RJ"
175860;2018-12-04;"terça-feira";"16:09:00";"SP";116;305;"SAO LOURENCO DA SERRA";"Defeito Mecânico no Veículo";"Saída de leito carroçável";"Sem Vítimas";"Pleno dia";"Crescente";"Céu Claro";"Dupla";"Reta";"Não";2;0;0;0;1;1;0;2;-23,83581244;-46,93003362;"SPRF-SP";"DEL04-SP";"UOP01-DEL04-SP"
175862;2018-12-04;"terça-feira";"17:35:00";"MG";365;592,9;"UBERLANDIA";"Velocidade Incompatível";"Engavetamento";"Com Vítimas Fatais";"Pleno dia";"Crescente";"Céu Claro";"Simples";"Curva";"Não";5;2;1;0;1;1;1;4;-18,88145265;-48,05597484;"SPRF-MG";"DEL15-MG";"UOP02-DEL15-MG"
175868;2018-12-04;"terça-feira";"11:00:00";"RJ";101;175;"MACAE";"Mal Súbito";"Colisão traseira";"Com Vítimas Fatais";"Pleno dia";"Decrescente";"Sol";"Simples";"Reta";"Não";5;1;2;0;1;1;2;4;-22,378492;-41,969044;"SPRF-RJ";"DEL02-RJ";"UOP04-DEL08-RJ"
175872;2018-12-04;"terça-feira";"18:50:00";"PR";376;615;"SAO JOSE DOS PINHAIS";"Desobediência às normas de trânsito pelo condutor";"Colisão lateral";"Com Vítimas Feridas";"Anoitecer";"Decrescente";"Céu Claro";"Múltipla";"Reta";"Não";6;0;4;0;1;1;4;4;-25,57593051;-49,17945027;"SPRF-PR";"DEL01-PR";"UOP01-DEL01-PR"
175875;2018-12-04;"terça-feira";"15:30:00";"MS";163;184,8;"JUTI";"Condutor Dormindo";"Colisão traseira";"Com Vítimas Feridas";"Pleno dia";"Crescente";"Sol";"Simples";"Em Obras";"Não";3;0;1;0;1;1;1;3;-22,81073167;-54,71823335;"SPRF-MS";"DEL09-MS";"UOP01-DEL09-MS"
175876;2018-12-04;"terça-feira";"18:40:00";"MG";381;529;"BRUMADINHO";"Velocidade Incompatível";"Tombamento";"Com Vítimas Feridas";"Anoitecer";"Crescente";"Céu Claro";"Dupla";"Curva";"Não";1;0;0;1;0;0;1;1;-20,1623;-44,3484;"SPRF-MG";"DEL04-MG";"UOP03-DEL04-MG"
175879;2018-12-04;"terça-feira";"17:15:00";"MT";70;66;"GENERAL CARNEIRO";"Velocidade Incompatível";"Engavetamento";"Com Vítimas Feridas";"Pleno dia";"Crescente";"Céu Claro";"Simples";"Curva";"Não";8;0;2;0;5;6;2;10;-15,704194;-52,74052;"SPRF-MT";"DEL07-MT";"UOP01-DEL07-MT"
175881;2018-12-04;"terça-feira";"17:00:00";"MG";251;334;"RUBELITA";"Velocidade Incompatível";"Colisão lateral";"Com Vítimas Feridas";"Anoitecer";"Decrescente";"Chuva";"Simples";"Curva";"Não";4;0;2;0;1;2;2;4;-16,2639;-42,416;"SPRF-MG";"DEL12-MG";"UOP01-DEL12-MG"
175885;2018-12-04;"terça-feira";"20:06:00";"RJ";40;71;"PETROPOLIS";"Falta de Atenção à Condução";"Colisão transversal";"Com Vítimas Fatais";"Plena Noite";"Crescente";"Chuva";"Dupla";"Reta";"Não";5;1;0;3;1;0;3;2;-22,46;-43,2185;"SPRF-RJ";"DEL06-RJ";"UOP01-DEL06-RJ"
175893;2018-12-04;"terça-feira";"17:50:00";"RS";116;24,2;"VACARIA";"Desobediência às normas de trânsito pelo condutor";"Colisão transversal";"Com Vítimas Feridas";"Pleno dia";"Decrescente";"Céu Claro";"Simples";"Interseção de Vias";"Não";5;0;3;0;2;0;3;2;-28,398161;-50,851639;"SPRF-RS";"DEL05-RS";"UOP03-DEL05-RS"
175907;2018-12-04;"terça-feira";"22:15:00";"SC";470;95,9;"APIUNA";"Desobediência às normas de trânsito pelo condutor";"Colisão frontal";"Com Vítimas Feridas";"Plena Noite";"Crescente";"Nublado";"Simples";"Reta";"Não";3;0;1;0;1;1;1;3;-27,011988;-49,372101;"SPRF-SC";"DEL04-SC";"UOP01-DEL04-SC"
175910;2018-12-04;"terça-feira";"22:00:00";"GO";153;437,9;"ANAPOLIS";"Falta de Atenção do Pedestre";"Atropelamento de Pedestre";"Com Vítimas Fatais";"Plena Noite";"Crescente";"Nublado";"Dupla";"Reta";"Sim";2;1;0;0;0;1;0;2;-16,28705389;-48,9426434;"SPRF-GO";"DEL02-GO";"UOP01-DEL02-GO"
175917;2018-12-04;"terça-feira";"17:00:00";"RS";287;472;"SAO BORJA";"Condutor Dormindo";"Saída de leito carroçável";"Com Vítimas Feridas";"Pleno dia";"Decrescente";"Céu Claro";"Simples";"Curva";"Não";2;0;0;1;0;2;1;3;-28,99432779;-55,48748016;"SPRF-RS";"DEL12-RS";"UOP01-DEL12-RS"
175918;2018-12-04;"terça-feira";"23:15:00";"GO";452;14;"RIO VERDE";"Velocidade Incompatível";"Colisão traseira";"Com Vítimas Feridas";"Plena Noite";"Decrescente";"Nublado";"Simples";"Reta";"Não";4;0;1;0;1;4;1;6;-17,845602;-50,784542;"SPRF-GO";"DEL04-GO";"UOP01-DEL04-GO"
175920;2018-12-05;"quarta-feira";"00:45:00";"RJ";393;241;"VASSOURAS";"Defeito Mecânico no Veículo";"Colisão traseira";"Com Vítimas Feridas";"Plena Noite";"Decrescente";"Nublado";"Múltipla";"Reta";"Não";3;0;2;0;1;0;2;2;-22,425568;-43,691799;"SPRF-RJ";"DEL05-RJ";"UOP03-DEL05-RJ"
175921;2018-12-04;"terça-feira";"22:15:00";"MA";316;196,7;"ZE DOCA";"Ingestão de Álcool";"Colisão frontal";"Com Vítimas Feridas";"Plena Noite";"Crescente";"Nublado";"Simples";"Reta";"Sim";2;0;1;0;1;0;1;2;-3,259696;-45,654808;"SPRF-MA";"DEL02-MA";"UI04-DEL02-MA"
175925;2018-12-05;"quarta-feira";"01:40:00";"RS";392;7,5;"RIO GRANDE";"Falta de Atenção à Condução";"Colisão transversal";"Com Vítimas Feridas";"Plena Noite";"Crescente";"Céu Claro";"Simples";"Reta";"Não";3;0;1;0;1;2;1;4;-32,093723;-52,108898;"SPRF-RS";"DEL07-RS";"UOP02-DEL07-RS"
175927;2018-12-05;"quarta-feira";"02:50:00";"SC";101;337;"TUBARAO";"Falta de Atenção à Condução";"Colisão traseira";"Com Vítimas Feridas";"Plena Noite";"Crescente";"Céu Claro";"Múltipla";"Reta";"Não";7;0;1;0;5;1;1;2;-28,4881;-49,0386;"SPRF-SC";"DEL02-SC";"UOP01-DEL02-SC"
175929;2018-12-05;"quarta-feira";"03:30:00";"SP";116;75,6;"APARECIDA";"Condutor Dormindo";"Colisão traseira";"Com Vítimas Feridas";"Plena Noite";"Crescente";"Céu Claro";"Dupla";"Reta";"Sim";3;0;1;0;1;1;1;3;-22,875219;-45,262772;"SPRF-SP";"DEL06-SP";"UOP01-DEL06-SP"
175935;2018-12-04;"terça-feira";"19:20:00";"MG";381;491;"BETIM";"Falta de Atenção à Condução";"Colisão traseira";"Sem Vítimas";"Anoitecer";"Decrescente";"Céu Claro";"Dupla";"Reta";"Não";3;0;0;0;1;2;0;3;-19,9616;-44,1603;"SPRF-MG";"DEL01-MG";"UOP03-DEL01-MG"
175940;2018-12-05;"quarta-feira";"01:30:00";"PI";230;161,8;"SAO JOAO DA VARJOTA";"Objeto estático sobre o leito carroçável";"Saída de leito carroçável";"Sem Vítimas";"Plena Noite";"Decrescente";"Céu Claro";"Simples";"Reta";"Não";1;0;0;0;1;0;0;1;-6,928709;-41,832649;"SPRF-PI";"DEL04-PI";"UOP01-DEL04-PI"
175941;2018-12-05;"quarta-feira";"02:21:00";"RJ";40;117;"DUQUE DE CAXIAS";"Sinalização da via insuficiente ou inadequada";"Colisão lateral";"Com Vítimas Feridas";"Plena Noite";"Crescente";"Céu Claro";"Múltipla";"Reta";"Não";3;0;2;0;1;0;2;2;-22,7556;-43,2871;"SPRF-RJ";"DEL01-RJ";"UOP01-DEL01-RJ"
175942;2018-12-05;"quarta-feira";"05:00:00";"RJ";116;225;"PARACAMBI";"Falta de Atenção à Condução";"Tombamento";"Sem Vítimas";"Amanhecer";"Decrescente";"Céu Claro";"Dupla";"Curva";"Não";1;0;0;0;1;0;0;1;-22,68403385;-43,82480621;"SPRF-RJ";"DEL07-RJ";"UOP01-DEL07-RJ"
175944;2018-12-05;"quarta-feira";"05:45:00";"GO";80;26,5;"PADRE BERNARDO";"Condutor Dormindo";"Colisão frontal";"Com Vítimas Fatais";"Plena Noite";"Decrescente";"Nublado";"Simples";"Reta";"Não";4;1;1;0;2;0;1;3;-15,328886;-48,231654;"SPRF-DF";"DEL01-DF";"UOP02-DEL03-DF"
175952;2018-11-10;"sábado";"11:20:00";"MG";365;92,2;"JEQUITAI";"Velocidade Incompatível";"Colisão frontal";"Com Vítimas Feridas";"Pleno dia";"Decrescente";"Chuva";"Simples";"Curva";"Não";3;0;1;0;1;1;1;3;-17,216047;-44,452991;"SPRF-MG";"DEL12-MG";"UOP01-DEL12-MG"
175953;2018-12-04;"terça-feira";"21:00:00";"AM";174;958;"MANAUS";"Defeito Mecânico no Veículo";"Incêndio";"Sem Vítimas";"Plena Noite";"Decrescente";"Céu Claro";"Simples";"Reta";"Não";2;0;0;0;1;1;0;2;-2,372;-60,041;"SPRF-AM";"DEL01-AM";"UOP01-DEL01-AM"
175955;2018-12-05;"quarta-feira";"07:10:00";"SP";381;63,9;"MAIRIPORA";"Falta de Atenção à Condução";"Colisão traseira";"Com Vítimas Feridas";"Pleno dia";"Crescente";"Céu Claro";"Dupla";"Reta;Declive";"Não";2;0;1;0;1;0;1;2;-23,31104506;-46,58203125;"SPRF-SP";"DEL03-SP";"UOP01-DEL03-SP"
175961;2018-12-05;"quarta-feira";"08:00:00";"RS";290;99;"PORTO ALEGRE";"Não guardar distância de segurança";"Colisão com objeto em movimento";"Com Vítimas Feridas";"Pleno dia";"Decrescente";"Céu Claro";"Dupla";"Reta";"Sim";3;0;1;0;2;0;1;2;-29,991756;-51,22699;"SPRF-RS";"DEL01-RS";"UOP01-DEL01-RS"
175962;2018-12-04;"terça-feira";"20:00:00";"MT";70;13,1;"BARRA DO GARCAS";"Falta de Atenção à Condução";"Tombamento";"Sem Vítimas";"Plena Noite";"Decrescente";"Céu Claro";"Simples";"Curva";"Não";2;0;0;0;1;3;0;4;-15,878507;-52,37093;"SPRF-MT";"DEL07-MT";"UOP01-DEL07-MT"
175971;2018-12-05;"quarta-feira";"09:03:00";"GO";60;34;"GOIANIA";"Falta de Atenção à Condução";"Saída de leito carroçável";"Com Vítimas Feridas";"Pleno dia";"Crescente";"Nublado";"Simples";"Interseção de Vias";"Sim";4;0;2;0;0;3;2;4;-16,6777;-49,2676;"SPRF-GO";"DEL01-GO";"UOP02-DEL01-GO"
175972;2018-12-05;"quarta-feira";"08:45:00";"SP";116;337;"JUQUITIBA";"Desobediência às normas de trânsito pelo condutor";"Colisão lateral";"Com Vítimas Feridas";"Pleno dia";"Crescente";"Céu Claro";"Dupla";"Reta";"Sim";3;0;0;1;1;1;1;3;-23,97938099;-47,14522004;"SPRF-SP";"DEL04-SP";"UOP03-DEL04-SP"
175976;2018-12-04;"terça-feira";"19:30:00";"ES";101;417,3;"CACHOEIRO DE ITAPEMIRIM";"Animais na Pista";"Colisão traseira";"Com Vítimas Feridas";"Anoitecer";"Crescente";"Céu Claro";"Simples";"Reta";"Não";3;0;1;0;1;1;1;3;-20,95747587;-41,09806582;"SPRF-ES";"DEL03-ES";"UOP02-DEL03-ES"
175982;2018-12-05;"quarta-feira";"09:28:00";"PR";116;108,2;"CURITIBA";"Falta de Atenção à Condução";"Colisão lateral";"Com Vítimas Fatais";"Pleno dia";"Crescente";"Céu Claro";"Dupla";"Reta";"Não";5;1;0;1;2;1;1;4;-25,569897;-49,187782;"SPRF-PR";"DEL01-PR";"UOP01-DEL01-PR"
175987;2018-12-05;"quarta-feira";"10:55:00";"MG";381;498,8;"BETIM";"Falta de Atenção à Condução";"Colisão transversal";"Com Vítimas Feridas";"Pleno dia";"Crescente";"Sol";"Múltipla";"Interseção de Vias";"Sim";4;0;1;0;1;2;1;4;-19,9954;-44,208;"SPRF-MG";"DEL01-MG";"UOP03-DEL01-MG"
175988;2018-12-05;"quarta-feira";"00:40:00";"MS";359;194,8;"COXIM";"Condutor Dormindo";"Colisão com objeto estático";"Sem Vítimas";"Plena Noite";"Crescente";"Céu Claro";"Simples";"Reta";"Não";2;0;0;0;1;1;0;2;-18,409217;-54,445135;"SPRF-MS";"DEL06-MS";"UOP01-DEL06-MS"
175993;2018-12-05;"quarta-feira";"11:25:00";"PR";277;33;"MORRETES";"Falta de Atenção à Condução";"Capotamento";"Com Vítimas Feridas";"Pleno dia";"Decrescente";"Sol";"Dupla";"Curva";"Não";2;0;1;0;1;0;1;2;-25,59323274;-48,89053345;"SPRF-PR";"DEL01-PR";"UOP05-DEL01-PR"
175999;2018-12-05;"quarta-feira";"08:15:00";"MA";226;257,7;"TUNTUM";"Velocidade Incompatível";"Colisão lateral";"Com Vítimas Feridas";"Pleno dia";"Crescente";"Nublado";"Simples";"Curva;Declive";"Não";3;0;1;0;1;2;1;4;-5,32265;-44,608459;"SPRF-MA";"DEL03-MA";"UOP01-DEL03-MA"
176001;2018-12-05;"quarta-feira";"11:40:00";"PR";116;94,5;"SAO JOSE DOS PINHAIS";"Desobediência às normas de trânsito pelo condutor";"Colisão traseira";"Com Vítimas Feridas";"Pleno dia";"Crescente";"Céu Claro";"Dupla";"Reta";"Sim";2;0;1;0;1;0;1;2;-25,489584;-49,112045;"SPRF-PR";"DEL01-PR";"UOP01-DEL01-PR"
176004;2018-12-05;"quarta-feira";"12:40:00";"MG";381;713,5;"CARMO DA CACHOEIRA";"Falta de Atenção à Condução";"Colisão traseira";"Com Vítimas Feridas";"Pleno dia";"Decrescente";"Céu Claro";"Dupla";"Reta";"Não";4;0;1;1;1;2;2;5;-21,3821;-45,1959;"SPRF-MG";"DEL04-MG";"UOP02-DEL04-MG"
176007;2018-12-05;"quarta-feira";"11:45:00";"PA";230;91;"SAO JOAO DO ARAGUAIA";"Pista Escorregadia";"Colisão frontal";"Com Vítimas Feridas";"Pleno dia";"Crescente";"Chuva";"Simples";"Curva";"Não";4;0;1;1;2;0;2;2;-5,473638;-48,795677;"SPRF-PA";"DEL03-PA";"UOP01-DEL03-PA"
176008;2018-12-05;"quarta-feira";"10:50:00";"SE";101;119,5;"ITAPORANGA DAJUDA";"Falta de Atenção à Condução";"Tombamento";"Com Vítimas Feridas";"Pleno dia";"Crescente";"Céu Claro";"Dupla";"Declive";"Não";1;0;1;0;0;0;1;1;-11,02969993;-37,33151263;"SPRF-SE";"DEL02-SE";"UOP01-DEL02-SE"
176009;2018-12-05;"quarta-feira";"13:00:00";"MG";40;525;"CONTAGEM";"Falta de Atenção à Condução";"Colisão traseira";"Com Vítimas Feridas";"Pleno dia";"Crescente";"Céu Claro";"Dupla";"Reta";"Sim";3;0;2;0;1;0;2;2;-19,88807974;-44,05034781;"SPRF-MG";"DEL01-MG";"UOP03-DEL01-MG"
176014;2018-12-05;"quarta-feira";"13:30:00";"RS";116;253;"SAPUCAIA DO SUL";"Falta de Atenção à Condução";"Engavetamento";"Com Vítimas Feridas";"Pleno dia";"Decrescente";"Céu Claro";"Múltipla";"Reta";"Não";5;0;1;0;4;0;1;5;-29,817963;-51,169994;"SPRF-RS";"DEL01-RS";"UOP02-DEL01-RS"
176018;2018-12-05;"quarta-feira";"13:30:00";"SC";101;374,7;"ICARA";"Falta de Atenção à Condução";"Colisão lateral";"Com Vítimas Feridas";"Pleno dia";"Decrescente";"Céu Claro";"Dupla";"Reta";"Não";3;0;2;0;1;0;2;2;-28,7179;-49,2327;"SPRF-SC";"DEL02-SC";"UOP01-DEL02-SC"
176026;2018-12-05;"quarta-feira";"14:20:00";"RJ";101;58;"CAMPOS DOS GOYTACAZES";"Ultrapassagem Indevida";"Colisão com objeto em movimento";"Com Vítimas Feridas";"Pleno dia";"Decrescente";"Céu Claro";"Simples";"Reta";"Não";5;0;5;0;0;0;5;2;-21,704865;-41,309799;"SPRF-RJ";"DEL08-RJ";"UOP01-DEL08-RJ"