"id";"data_inversa";"dia_semana";"horario";"uf";"br";"km";"municipio";"causa_acidente";"tipo_acidente";"classificacao_acidente";"fase_dia";"sentido_via";"condicao_metereologica";"tipo_pista";"tracado_via";"uso_solo";"pessoas";"mortos";"feridos_leves";"feridos_graves";"ilesos";"ignorados";"feridos";"veiculos";"latitude";"longitude";"regional";"delegacia";"uop"
177089;2018-12-10;"segunda-feira";"06:55:00";"SC";101;202;"SAO JOSE";"Falta de Atenção à Condução";"Colisão traseira";"Com Vítimas Feridas";"Pleno dia";"Crescente";"Nublado";"Dupla";"Reta";"Sim";2;0;1;0;1;0;1;2;-27,5651;-48,6144;"SPRF-SC";"DEL01-SC";"UOP01-DEL01-SC"
177090;2018-12-09;"domingo";"19:30:00";"MG";381;185,2;"GOVERNADOR VALADARES";"Desobediência às normas de trânsito pelo condutor";"Colisão traseira";"Com Vítimas Feridas";"Pleno dia";"Decrescente";"Nublado";"Simples";"Reta";"Não";2;0;1;0;1;0;1;2;-19,05368076;-42,16072083;"SPRF-MG";"DEL06-MG";"UOP01-DEL06-MG"
177096;2018-12-10;"segunda-feira";"06:20:00";"TO";153;624,6;"ALIANCA DO TOCANTINS";"Desobediência às normas de trânsito pelo condutor";"Tombamento";"Com Vítimas Feridas";"Amanhecer";"Decrescente";"Nublado";"Simples";"Reta";"Não";2;0;0;1;0;2;1;3;-11,309833;-48,941086;"SPRF-TO";"DEL02-TO";"UOP02-DEL01-TO"
177099;2018-12-10;"segunda-feira";"07:30:00";"RS";116;246,2;"SAO LEOPOLDO";"Falta de Atenção à Condução";"Engavetamento";"Sem Vítimas";"Pleno dia";"Decrescente";"Sol";"Dupla";"Reta";"Sim";3;0;0;0;3;0;0;3;-29,758787;-51,151871;"SPRF-RS";"DEL01-RS";"UOP02-DEL01-RS"
177104;2018-12-10;"segunda-feira";"07:00:00";"PE";101;61,5;"RECIFE";"Velocidade Incompatível";"Saída de leito carroçável";"Com Vítimas Feridas";"Pleno dia";"Decrescente";"Céu Claro";"Dupla";"Reta";"Não";2;0;1;0;1;0;1;1;-7,9951888;-34,9387163;"SPRF-PE";"DEL01-PE";"UOP02-DEL01-PE"
177105;2018-12-10;"segunda-feira";"08:31:00";"MG";40;48,9;"PARACATU";"Velocidade Incompatível";"Saída de leito carroçável";"Com Vítimas Feridas";"Pleno dia";"Decrescente";"Chuva";"Simples";"Declive;Curva";"Não";1;0;1;0;0;0;1;1;-17,23863301;-46,81128502;"SPRF-MG";"DEL14-MG";"UOP01-DEL14-MG"
177111;2018-12-10;"segunda-feira";"09:25:00";"RS";285;398,2;"PANAMBI";"Desobediência às normas de trânsito pelo condutor";"Colisão frontal";"Com Vítimas Fatais";"Pleno dia";"Crescente";"Céu Claro";"Simples";"Reta";"Não";4;1;0;0;1;2;0;4;-28,386555;-53,332485;"SPRF-RS";"DEL10-RS";"UOP01-DEL10-RS"
177114;2018-12-10;"segunda-feira";"07:45:00";"RS";290;103,8;"ELDORADO DO SUL";"Não guardar distância de segurança";"Colisão traseira";"Com Vítimas Feridas";"Pleno dia";"Decrescente";"Céu Claro";"Dupla";"Reta;Ponte";"Não";2;0;0;1;1;0;1;2;-29,99240759;-51,2707901;"SPRF-RS";"DEL02-RS";"UOP01-DEL02-RS"
177116;2018-12-10;"segunda-feira";"07:50:00";"SC";470;139,7;"RIO DO SUL";"Falta de Atenção à Condução";"Colisão traseira";"Com Vítimas Feridas";"Pleno dia";"Crescente";"Sol";"Simples";"Reta";"Sim";4;0;1;0;2;2;1;5;-27,217564;-49,65461;"SPRF-SC";"DEL04-SC";"UOP02-DEL04-SC"
177122;2018-12-10;"segunda-feira";"07:30:00";"BA";324;526;"FEIRA DE SANTANA";"Não guardar distância de segurança";"Engavetamento";"Com Vítimas Feridas";"Pleno dia";"Crescente";"Nublado";"Dupla";"Reta";"Não";5;0;2;0;3;0;2;4;-12,30713497;-38,88969684;"SPRF-BA";"DEL01-BA";"UOP01-DEL01-BA"
177125;2018-12-10;"segunda-feira";"10:00:00";"RS";158;326,3;"SANTA MARIA";"Não guardar distância de segurança";"Colisão lateral";"Com Vítimas Feridas";"Pleno dia";"Crescente";"Sol";"Dupla";"Rotatória;Em Obras";"Sim";3;0;2;0;1;0;2;2;-29,709742;-53,80283;"SPRF-RS";"DEL09-RS";"UOP01-DEL09-RS"
177131;2018-12-10;"segunda-feira";"09:00:00";"MG";381;482,6;"CONTAGEM";"Desobediência às normas de trânsito pelo condutor";"Colisão traseira";"Sem Vítimas";"Pleno dia";"Crescente";"Céu Claro";"Múltipla";"Reta";"Sim";3;0;0;0;2;1;0;3;-19,95785975;-44,07611847;"SPRF-MG";"DEL01-MG";"UOP03-DEL01-MG"
177141;2018-12-10;"segunda-feira";"10:50:00";"MT";163;841;"SINOP";"Avarias e/ou desgaste excessivo no pneu";"Colisão transversal";"Com Vítimas Feridas";"Pleno dia";"Crescente";"Chuva";"Simples";"Reta";"Sim";5;0;2;0;2;3;2;6;-11,84584704;-55,52490234;"SPRF-MT";"DEL06-MT";"UOP02-DEL06-MT"
177142;2018-12-10;"segunda-feira";"12:00:00";"PR";277;592;"CASCAVEL";"Não guardar distância de segurança";"Colisão traseira";"Com Vítimas Feridas";"Pleno dia";"Crescente";"Céu Claro";"Simples";"Reta";"Não";2;0;1;0;1;0;1;2;-25,02817;-53,55983;"SPRF-PR";"DEL04-PR";"UOP01-DEL04-PR"
177143;2018-12-10;"segunda-feira";"11:15:00";"SC";470;88,7;"ASCURRA";"Desobediência às normas de trânsito pelo condutor";"Colisão transversal";"Com Vítimas Feridas";"Pleno dia";"Crescente";"Sol";"Simples";"Curva";"Não";2;0;0;1;1;0;1;2;-26,955355;-49,373169;"SPRF-SC";"DEL04-SC";"UOP01-DEL04-SC"
177146;2018-12-10;"segunda-feira";"12:30:00";"ES";101;383,6;"RIO NOVO DO SUL";"Velocidade Incompatível";"Colisão lateral";"Com Vítimas Feridas";"Pleno dia";"Crescente";"Nublado";"Simples";"Curva";"Não";3;0;1;0;1;1;1;3;-20,82855126;-40,85671663;"SPRF-ES";"DEL03-ES";"UOP01-DEL03-ES"
177147;2018-12-10;"segunda-feira";"12:10:00";"SP";116;285,8;"ITAPECERICA DA SERRA";"Falta de Atenção à Condução";"Colisão lateral";"Com Vítimas Feridas";"Pleno dia";"Crescente";"Céu Claro";"Dupla";"Reta";"Sim";4;0;1;0;2;1;1;4;-23,69182351;-46,86332524;"SPRF-SP";"DEL04-SP";"UOP01-DEL04-SP"
177149;2018-12-10;"segunda-feira";"11:00:00";"PE";316;66;"OURICURI";"Defeito na Via";"Capotamento";"Com Vítimas Feridas";"Pleno dia";"Decrescente";"Chuva";"Simples";"Reta;Declive";"Não";4;0;4;0;0;0;4;1;-7,789308;-40,20953;"SPRF-PE";"DEL05-PE";"UOP02-DEL05-PE"
177154;2018-12-09;"domingo";"22:00:00";"BA";242;560;"OLIVEIRA DOS BREJINHOS";"Ingestão de Álcool";"Colisão frontal";"Com Vítimas Fatais";"Plena Noite";"Crescente";"Chuva";"Simples";"Reta";"Não";7;1;1;0;4;3;1;6;-12,044134;-43,077863;"SPRF-BA";"DEL10-BA";"UOP03-DEL06-BA"
177158;2018-12-10;"segunda-feira";"11:45:00";"SC";153;33,9;"PONTE SERRADA";"Defeito Mecânico no Veículo";"Saída de leito carroçável";"Sem Vítimas";"Pleno dia";"Crescente";"Sol";"Simples";"Curva";"Não";2;0;0;0;1;2;0;3;-26,799587;-51,712334;"SPRF-SC";"DEL07-SC";"UOP07-DEL07-SC"
177169;2018-12-10;"segunda-feira";"13:45:00";"PI";230;161,8;"SAO JOAO DA VARJOTA";"Animais na Pista";"Saída de leito carroçável";"Sem Vítimas";"Pleno dia";"Crescente";"Céu Claro";"Simples";"Reta";"Não";2;0;0;0;2;0;0;1;-6,92835;-41,823582;"SPRF-PI";"DEL04-PI";"UOP01-DEL04-PI"
177173;2018-12-10;"segunda-feira";"14:20:00";"DF";70;4;"BRASILIA";"Falta de Atenção à Condução";"Colisão lateral";"Com Vítimas Feridas";"Pleno dia";"Decrescente";"Nublado";"Dupla";"Retorno Regulamentado";"Não";2;0;1;0;1;0;1;2;-15,798115;-48,089317;"SPRF-DF";"DEL01-DF";"UOP02-DEL03-DF"
177177;2018-09-11;"terça-feira";"06:55:00";"MG";116;412;"GOVERNADOR VALADARES";"Desobediência às normas de trânsito pelo condutor";"Colisão com objeto em movimento";"Com Vítimas Fatais";"Pleno dia";"Crescente";"Céu Claro";"Dupla";"Reta";"Sim";2;1;0;0;1;0;0;2;-18,86761495;-41,97278883;"SPRF-MG";"DEL06-MG";"UOP01-DEL06-MG"
177179;2018-12-10;"segunda-feira";"14:00:00";"RJ";116;168;"SAO JOAO DE MERITI";"Falta de Atenção à Condução";"Colisão traseira";"Com Vítimas Feridas";"Pleno dia";"Decrescente";"Céu Claro";"Dupla";"Reta";"Não";3;0;1;0;2;0;1;2;-22,819967;-43,314999;"SPRF-RJ";"DEL01-RJ";"UOP02-DEL01-RJ"
177181;2018-12-10;"segunda-feira";"13:50:00";"MG";116;222,2;"CATUJI";"Condutor Dormindo";"Saída de leito carroçável";"Sem Vítimas";"Pleno dia";"Decrescente";"Nublado";"Simples";"Declive;Curva";"Não";1;0;0;0;1;0;0;1;-17,42191;-41,512539;"SPRF-MG";"DEL11-MG";"UOP01-DEL11-MG"
177189;2018-12-10;"segunda-feira";"16:20:00";"ES";262;30;"DOMINGOS MARTINS";"Defeito Mecânico no Veículo";"Saída de leito carroçável";"Com Vítimas Feridas";"Pleno dia";"Decrescente";"Céu Claro";"Simples";"Curva";"Não";2;0;1;1;0;0;2;1;-20,37407851;-40,5628109;"SPRF-ES";"DEL01-ES";"UOP01-DEL01-ES"
177200;2018-12-10;"segunda-feira";"15:45:00";"RS";470;267,9;"SAO JOSE DO SUL";"Defeito Mecânico no Veículo";"Tombamento";"Com Vítimas Feridas";"Pleno dia";"Crescente";"Céu Claro";"Simples";"Curva;Declive";"Não";2;0;1;0;0;1;1;2;-29,51917268;-51,47274971;"SPRF-RS";"DEL04-RS";"UOP02-DEL04-RS"
177203;2018-12-10;"segunda-feira";"17:00:00";"SP";116;474,8;"JACUPIRANGA";"Defeito Mecânico no Veículo";"Saída de leito carroçável";"Com Vítimas Feridas";"Anoitecer";"Decrescente";"Céu Claro";"Dupla";"Reta";"Não";2;0;2;0;0;0;2;1;-24,6934722;-47,99642622;"SPRF-SP";"DEL05-SP";"UAP01-DEL05-SP"
177213;2018-12-10;"segunda-feira";"15:10:00";"RJ";40;110;"DUQUE DE CAXIAS";"Desobediência às normas de trânsito pelo condutor";"Engavetamento";"Com Vítimas Feridas";"Pleno dia";"Decrescente";"Céu Claro";"Múltipla";"Reta";"Sim";5;0;1;0;4;0;1;5;-22,6941148;-43,28803334;"SPRF-RJ";"DEL01-RJ";"UOP01-DEL01-RJ"
177216;2018-12-10;"segunda-feira";"17:00:00";"MG";153;129,9;"PRATA";"Falta de Atenção à Condução";"Colisão traseira";"Com Vítimas Feridas";"Pleno dia";"Decrescente";"Céu Claro";"Simples";"Reta";"Não";4;0;1;0;2;1;1;3;-19,48331511;-48,86289865;"SPRF-MG";"DEL15-MG";"UOP03-DEL15-MG"
177223;2018-12-10;"segunda-feira";"14:00:00";"BA";324;541;"AMELIA RODRIGUES";"Falta de Atenção à Condução";"Colisão lateral";"Com Vítimas Feridas";"Pleno dia";"Crescente";"Céu Claro";"Dupla";"Reta";"Sim";3;0;1;0;2;0;1;2;-12,3939872;-38,77553701;"SPRF-BA";"DEL01-BA";"UOP01-DEL01-BA"
177224;2018-12-10;"segunda-feira";"15:00:00";"BA";116;258;"TUCANO";"Falta de Atenção à Condução";"Tombamento";"Com Vítimas Feridas";"Pleno dia";"Crescente";"Garoa/Chuvisco";"Simples";"Reta";"Não";2;0;1;0;0;1;1;2;-10,89939068;-38,8394165;"SPRF-BA";"DEL07-BA";"UOP02-DEL07-BA"
177225;2018-12-10;"segunda-feira";"13:00:00";"MT";163;1032;"MATUPA";"Falta de Atenção à Condução";"Saída de leito carroçável";"Com Vítimas Feridas";"Plena Noite";"Crescente";"Céu Claro";"Simples";"Reta";"Não";2;0;1;0;0;2;1;3;-10,23409648;-54,98009205;"SPRF-MT";"DEL06-MT";"UOP02-DEL06-MT"
177228;2018-12-10;"segunda-feira";"13:30:00";"SC";282;322,5;"CAMPOS NOVOS";"Velocidade Incompatível";"Colisão com objeto estático";"Sem Vítimas";"Pleno dia";"Decrescente";"Céu Claro";"Dupla";"Rotatória";"Não";1;0;0;0;1;0;0;1;-27,37470178;-51,0667491;"SPRF-SC";"DEL07-SC";"UOP06-DEL07-SC"
177229;2018-12-10;"segunda-feira";"17:45:00";"SC";101;413,3;"ARARANGUA";"Falta de Atenção à Condução";"Colisão traseira";"Com Vítimas Feridas";"Pleno dia";"Crescente";"Sol";"Simples";"Rotatória";"Sim";4;0;1;0;2;1;1;4;-28,9515;-49,5083;"SPRF-SC";"DEL02-SC";"UOP02-DEL02-SC"
177237;2018-12-10;"segunda-feira";"16:30:00";"PB";104;87,5;"REMIGIO";"Ultrapassagem Indevida";"Colisão transversal";"Com Vítimas Feridas";"Pleno dia";"Crescente";"Céu Claro";"Simples";"Reta";"Sim";4;0;0;1;2;1;1;4;-6,96481;-35,798035;"SPRF-PB";"DEL02-PB";"UOP04-DEL02-PB"
177238;2018-12-10;"segunda-feira";"17:15:00";"RO";364;340,5;"JI-PARANA";"Velocidade Incompatível";"Colisão transversal";"Sem Vítimas";"Pleno dia";"Crescente";"Sol";"Dupla";"Interseção de Vias";"Sim";2;0;0;0;2;0;0;2;-10,89456548;-61,93050027;"SPRF-RO";"DEL02-RO";"UOP01-DEL02-RO"
177245;2018-12-10;"segunda-feira";"19:10:00";"PE";232;64;"POMBOS";"Defeito Mecânico no Veículo";"Colisão traseira";"Com Vítimas Fatais";"Plena Noite";"Decrescente";"Céu Claro";"Dupla";"Reta";"Não";19;3;0;0;1;15;0;3;-8,17003221;-35,45288086;"SPRF-PE";"DEL01-PE";"UOP02-DEL02PE"
177248;2018-12-10;"segunda-feira";"18:45:00";"BA";116;425;"FEIRA DE SANTANA";"Agressão Externa";"Saída de leito carroçável";"Com Vítimas Feridas";"Plena Noite";"Crescente";"Céu Claro";"Simples";"Reta";"Sim";2;0;1;0;1;0;1;2;-12,25094374;-38,98843388;"SPRF-BA";"DEL02-BA";"UOP01-DEL02-BA"
177251;2018-12-10;"segunda-feira";"19:30:00";"CE";116;302,7;"JAGUARIBE";"Condutor Dormindo";"Tombamento";"Com Vítimas Feridas";"Plena Noite";"Crescente";"Céu Claro";"Simples";"Aclive";"Não";3;0;2;0;1;0;2;1;-5,903073;-38,623142;"SPRF-CE";"DEL05-CE";"UOP02-DEL05-CE"
177253;2018-12-10;"segunda-feira";"18:55:00";"RS";470;215;"BENTO GONCALVES";"Falta de Atenção à Condução";"Colisão traseira";"Sem Vítimas";"Pleno dia";"Crescente";"Céu Claro";"Simples";"Retorno Regulamentado";"Não";7;0;0;0;6;1;0;3;-29,1612777;-51,52660847;"SPRF-RS";"DEL06-RS";"UOP01-DEL06-RS"
177257;2018-12-10;"segunda-feira";"19:00:00";"PE";104;118,6;"PANELAS";"Defeito Mecânico no Veículo";"Tombamento";"Com Vítimas Feridas";"Plena Noite";"Decrescente";"Céu Claro";"Simples";"Declive";"Não";2;0;1;0;0;2;1;3;-8,687511;-36,017384;"SPRF-PE";"DEL02-PE";"UOP01-DEL02-PE"
177268;2018-12-10;"segunda-feira";"21:00:00";"BA";324;560,5;"AMELIA RODRIGUES";"Falta de Atenção à Condução";"Saída de leito carroçável";"Sem Vítimas";"Plena Noite";"Decrescente";"Nevoeiro/Neblina";"Dupla";"Declive";"Não";5;0;0;0;4;1;0;5;-12,44797536;-38,71513367;"SPRF-BA";"DEL01-BA";"UOP01-DEL01-BA"
177271;2018-12-10;"segunda-feira";"22:30:00";"SP";116;439;"REGISTRO";"Falta de Atenção à Condução";"Colisão com objeto estático";"Sem Vítimas";"Plena Noite";"Crescente";"Sol";"Dupla";"Reta";"Sim";2;0;0;0;1;1;0;2;-24,51123361;-47,84923553;"SPRF-SP";"DEL05-SP";"UOP01-DEL05-SP"
177275;2018-12-10;"segunda-feira";"22:00:00";"MS";262;182;"RIBAS DO RIO PARDO";"Animais na Pista";"Atropelamento de Animal";"Com Vítimas Feridas";"Plena Noite";"Decrescente";"Céu Claro";"Simples";"Reta";"Não";2;0;0;1;0;1;1;2;-20,412207;-53,22729;"SPRF-MS";"DEL07-MS";"UOP02-DEL07-MS"
177279;2018-12-10;"segunda-feira";"20:20:00";"RJ";40;113;"DUQUE DE CAXIAS";"Falta de Atenção à Condução";"Colisão traseira";"Com Vítimas Feridas";"Plena Noite";"Decrescente";"Céu Claro";"Múltipla";"Viaduto";"Não";3;0;1;0;1;1;1;3;-22,71927935;-43,2896626;"SPRF-RJ";"DEL01-RJ";"UOP01-DEL01-RJ"
177287;2018-12-10;"segunda-feira";"23:45:00";"MG";381;520,7;"IGARAPE";"Falta de Atenção à Condução";"Colisão traseira";"Com Vítimas Feridas";"Plena Noite";"Crescente";"Céu Claro";"Dupla";"Reta";"Não";2;0;1;0;1;0;1;2;-20,1186;-44,302;"SPRF-MG";"DEL01-MG";"UOP03-DEL01-MG"
177288;2018-12-10;"segunda-feira";"23:00:00";"RJ";116;319,8;"ITATIAIA";"Falta de Atenção à Condução";"Colisão traseira";"Sem Vítimas";"Plena Noite";"Crescente";"Céu Claro";"Dupla";"Aclive;Reta";"Não";3;0;0;0;2;3;0;5;-22,467085;-44,500671;"SPRF-RJ";"DEL07-RJ";"DEL5/7-UOP03/RJ"
177291;2018-12-11;"terça-feira";"00:15:00";"RJ";40;78,9;"PETROPOLIS";"Falta de Atenção à Condução";"Tombamento";"Sem Vítimas";"Plena Noite";"Crescente";"Nublado";"Dupla";"Curva;Retorno Regulamentado";"Não";2;0;0;0;1;1;0;2;-22,5111;-43,2316;"SPRF-RJ";"DEL06-RJ";"UOP01-DEL06-RJ"
177292;2018-12-10;"segunda-feira";"22:50:00";"AL";104;33,7;"UNIAO DOS PALMARES";"Ingestão de Substâncias Psicoativas";"Saída de leito carroçável";"Com Vítimas Feridas";"Plena Noite";"Decrescente";"Céu Claro";"Simples";"Reta";"Sim";1;0;1;0;0;0;1;1;-9,15938308;-36,01455688;"SPRF-AL";"DEL01-AL";"UOP02-DEL01-AL"
177294;2018-12-11;"terça-feira";"00:10:00";"PR";116;186,6;"CAMPO DO TENENTE";"Falta de Atenção à Condução";"Colisão frontal";"Com Vítimas Feridas";"Plena Noite";"Crescente";"Nublado";"Simples";"Reta";"Não";3;0;1;1;0;1;2;3;-25,987011;-49,665298;"SPRF-PR";"DEL01-PR";"UOP03-DEL01-PR"
177295;2018-12-11;"terça-feira";"00:30:00";"PR";277;60;"SAO JOSE DOS PINHAIS";"Desobediência às normas de trânsito pelo condutor";"Colisão com objeto estático";"Sem Vítimas";"Plena Noite";"Crescente";"Céu Claro";"Múltipla";"Reta";"Não";1;0;0;0;1;0;0;1;-25,55228151;-49,03633296;"SPRF-PR";"DEL01-PR";"UOP07-DEL01-PR"
177304;2018-12-11;"terça-feira";"03:50:00";"SP";116;124,7;"CACAPAVA";"Falta de Atenção à Condução";"Colisão traseira";"Com Vítimas Feridas";"Plena Noite";"Decrescente";"Nublado";"Dupla";"Reta";"Não";3;0;0;1;1;1;1;3;-23,093163;-45,677975;"SPRF-SP";"DEL06-SP";"UOP02-DEL02-SP"
177305;2018-12-11;"terça-feira";"00:10:00";"AL";101;121;"SAO MIGUEL DOS CAMPOS";"Velocidade Incompatível";"Tombamento";"Sem Vítimas";"Plena Noite";"Crescente";"Céu Claro";"Simples";"Declive";"Não";2;0;0;0;1;2;0;3;-9,680881;-36,037369;"SPRF-AL";"DEL02-AL";"UOP01-DEL02-AL"
177307;2018-12-11;"terça-feira";"03:25:00";"PB";101;33,7;"MAMANGUAPE";"Falta de Atenção à Condução";"Saída de leito carroçável";"Com Vítimas Feridas";"Plena Noite";"Crescente";"Céu Claro";"Dupla";"Reta";"Não";2;0;1;0;0;1;1;2;-6,781;-35,1348;"SPRF-PB";"DEL01-PB";"UOP04-DEL01-PB"
177308;2018-12-11;"terça-feira";"02:45:00";"MA";316;490,3;"CODO";"Falta de Atenção à Condução";"Colisão frontal";"Sem Vítimas";"Plena Noite";"Crescente";"Céu Claro";"Simples";"Curva";"Não";2;0;0;0;2;0;0;2;-4,661927;-43,837505;"SPRF-MA";"DEL03-MA";"UOP02-DEL03-MA"
177309;2018-12-11;"terça-feira";"04:33:00";"MT";364;605,5;"DIAMANTINO";"Condutor Dormindo";"Saída de leito carroçável";"Com Vítimas Fatais";"Amanhecer";"Decrescente";"Céu Claro";"Simples";"Curva";"Não";2;1;0;0;0;1;0;2;-14,404267;-56,332867;"SPRF-MT";"DEL01-MT";"UOP01-DEL01-MT"
177314;2018-12-02;"domingo";"10:40:00";"MS";60;515,2;"NIOAQUE";"Defeito Mecânico no Veículo";"Tombamento";"Com Vítimas Feridas";"Pleno dia";"Crescente";"Céu Claro";"Simples";"Declive;Curva";"Não";1;0;0;1;0;0;1;1;-21,175753;-55,635964;"SPRF-MS";"DEL05-MS";"UOP01-DEL05-MS"
177317;2018-12-11;"terça-feira";"06:20:00";"MG";381;908,3;"CAMBUI";"Defeito Mecânico no Veículo";"Incêndio";"Sem Vítimas";"Pleno dia";"Crescente";"Sol";"Dupla";"Curva";"Não";2;0;0;0;1;5;0;6;-22,6862;-46,1031;"SPRF-MG";"DEL16-MG";"UOP03-DEL16-MG"
177318;2018-12-11;"terça-feira";"05:40:00";"PR";376;255;"CALIFORNIA";"Falta de Atenção à Condução";"Colisão lateral";"Com Vítimas Feridas";"Amanhecer";"Crescente";"Céu Claro";"Simples";"Curva";"Não";4;0;1;0;2;1;1;3;-23,64969371;-51,37406588;"SPRF-PR";"DEL07-PR";"UOP03-DEL07-PR"
177325;2018-12-11;"terça-feira";"02:35:00";"RJ";116;243;"PIRAI";"Velocidade Incompatível";"Tombamento";"Com Vítimas Feridas";"Plena Noite";"Crescente";"Céu Claro";"Dupla";"Reta";"Não";2;0;1;0;0;1;1;2;-22,5876506;-43,95772935;"SPRF-RJ";"DEL07-RJ";"UOP01-DEL07-RJ"
177326;2018-12-11;"terça-feira";"07:00:00";"ES";101;386,5;"RIO NOVO DO SUL";"Velocidade Incompatível";"Saída de leito carroçável";"Com Vítimas Feridas";"Pleno dia";"Crescente";"Céu Claro";"Simples";"Curva";"Não";2;0;0;1;0;1;1;2;-20,844;-40,877;"SPRF-ES";"DEL03-ES";"UOP01-DEL03-ES"
177332;2018-12-11;"terça-feira";"06:50:00";"GO";153;186;"URUACU";"Defeito Mecânico no Veículo";"Incêndio";"Sem Vítimas";"Amanhecer";"Decrescente";"Céu Claro";"Simples";"Reta";"Não";2;0;0;0;1;1;0;2;-14,394958;-49,157684;"SPRF-GO";"DEL07-GO";"UOP02-DEL07-GO"
177333;2018-12-11;"terça-feira";"06:30:00";"RS";472;438,6;"SAO BORJA";"Condutor Dormindo";"Saída de leito carroçável";"Sem Vítimas";"Amanhecer";"Decrescente";"Céu Claro";"Simples";"Reta";"Não";2;0;0;0;1;1;0;2;-28,672972;-55,966007;"SPRF-RS";"DEL12-RS";"UOP01-DEL12-RS"
177335;2018-12-11;"terça-feira";"07:40:00";"GO";153;508,9;"APARECIDA DE GOIANIA";"Não guardar distância de segurança";"Colisão traseira";"Com Vítimas Feridas";"Pleno dia";"Decrescente";"Sol";"Dupla";"Declive;Reta";"Sim";6;0;1;0;5;0;1;5;-16,7804;-49,2371;"SPRF-GO";"DEL01-GO";"UOP03-DEL01-GO"
177339;2018-12-11;"terça-feira";"08:50:00";"PR";277;473,9;"NOVA LARANJEIRAS";"Falta de Atenção à Condução";"Tombamento";"Com Vítimas Feridas";"Pleno dia";"Decrescente";"Céu Claro";"Simples";"Curva";"Não";2;0;1;0;0;2;1;3;-25,30261121;-52,55865276;"SPRF-PR";"DEL04-PR";"UOP02-DEL04-PR"
177340;2018-12-11;"terça-feira";"07:40:00";"RJ";493;12;"GUAPIMIRIM";"Não guardar distância de segurança";"Colisão traseira";"Com Vítimas Feridas";"Pleno dia";"Decrescente";"Sol";"Simples";"Reta";"Sim";3;0;1;0;2;0;1;2;-22,681063;-42,966618;"SPRF-RJ";"DEL04-RJ";"UOP02-DEL04-RJ"
177344;2018-11-24;"sábado";"15:20:00";"MT";364;370;"SANTO ANTONIO DO LEVERGER";"Não guardar distância de segurança";"Engavetamento";"Sem Vítimas";"Pleno dia";"Crescente";"Garoa/Chuvisco";"Simples";"Reta";"Não";21;0;0;0;20;1;0;4;-15,721141;-55,678055;"SPRF-MT";"DEL02-MT";"UOP02-DEL01-MT"
177349;2018-11-29;"quinta-feira";"17:55:00";"SP";116;218;"GUARULHOS";"Falta de Atenção à Condução";"Colisão traseira";"Com Vítimas Feridas";"Pleno dia";"Decrescente";"Chuva";"Múltipla";"Reta";"Sim";3;0;1;0;2;0;1;3;-23,4592756;-46,48304516;"SPRF-SP";"DEL01-SP";"UOP01-DEL01-SP"
177352;2018-11-13;"terça-feira";"08:00:00";"GO";153;2;"PORANGATU";"Falta de Atenção à Condução";"Colisão lateral";"Com Vítimas Feridas";"Pleno dia";"Decrescente";"Nublado";"Simples";"Curva";"Não";3;0;1;0;1;1;1;3;-12,853136;-49,106182;"SPRF-GO";"DEL07-GO";"UOP01-DEL07-GO"
177356;2018-12-11;"terça-feira";"10:30:00";"RJ";101;227;"SILVA JARDIM";"Velocidade Incompatível";"Colisão traseira";"Sem Vítimas";"Pleno dia";"Decrescente";"Céu Claro";"Dupla";"Reta";"Não";3;0;0;0;3;0;0;3;-22,555277;-42,355152;"SPRF-RJ";"DEL02-RJ";"UOP03-DEL02-RJ"
177357;2018-12-11;"terça-feira";"11:00:00";"PR";376;655,2;"TIJUCAS DO SUL";"Velocidade Incompatível";"Tombamento";"Com Vítimas Feridas";"Pleno dia";"Decrescente";"Céu Claro";"Múltipla";"Curva";"Não";4;0;2;0;1;1;2;2;-25,842;-49,035;"SPRF-PR";"DEL01-PR";"DEL7/1-UOP08/PR"
177359;2018-12-11;"terça-feira";"10:40:00";"SP";381;89;"ATIBAIA";"Falta de Atenção à Condução";"Colisão traseira";"Com Vítimas Feridas";"Pleno dia";"Crescente";"Céu Claro";"Dupla";"Reta";"Sim";5;0;1;0;3;1;1;4;-23,138622;-46,575844;"SPRF-SP";"DEL03-SP";"UOP01-DEL03-SP"
177360;2018-12-08;"sábado";"07:00:00";"MG";40;275;"TRES MARIAS";"Falta de Atenção à Condução";"Colisão traseira";"Com Vítimas Feridas";"Pleno dia";"Decrescente";"Céu Claro";"Simples";"Reta";"Não";6;0;1;0;4;1;1;2;-18,199532;-45,237633;"SPRF-MG";"DEL14-MG";"UOP02-DEL14-MG"
177363;2018-12-11;"terça-feira";"10:40:00";"PB";230;26;"JOAO PESSOA";"Falta de Atenção à Condução";"Atropelamento de Pedestre";"Com Vítimas Feridas";"Pleno dia";"Crescente";"Céu Claro";"Dupla";"Reta";"Sim";3;0;1;0;1;1;1;3;-7,1693;-34,8782;"SPRF-PB";"DEL01-PB";"UOP01-DEL01-PB"
177364;2018-10-20;"sábado";"14:20:00";"RO";364;83,7;"VILHENA";"Falta de Atenção à Condução";"Colisão traseira";"Com Vítimas Fatais";"Pleno dia";"Decrescente";"Céu Claro";"Simples";"Aclive;Em Obras";"Não";3;1;0;0;1;4;0;6;-12,41302;-60,605018;"SPRF-RO";"DEL04-RO";"DEL21/4-UOP03/RO"