"id";"data_inversa";"dia_semana";"horario";"uf";"br";"km";"municipio";"causa_acidente";"tipo_acidente";"classificacao_acidente";"fase_dia";"sentido_via";"condicao_metereologica";"tipo_pista";"tracado_via";"uso_solo";"pessoas";"mortos";"feridos_leves";"feridos_graves";"ilesos";"ignorados";"feridos";"veiculos";"latitude";"longitude";"regional";"delegacia";"uop"
177367;2018-12-11;"terça-feira";"12:20:00";"PR";369;178;"ROLANDIA";"Não guardar distância de segurança";"Capotamento";"Com Vítimas Feridas";"Pleno dia";"Decrescente";"Céu Claro";"Simples";"Reta";"Não";4;0;1;1;1;1;2;3;-23,345275;-51,386435;"SPRF-PR";"DEL07-PR";"UOP01-DEL07-PR"
177369;2018-12-11;"terça-feira";"11:10:00";"PR";116;35;"CAMPINA GRANDE DO SUL";"Defeito Mecânico no Veículo";"Incêndio";"Sem Vítimas";"Pleno dia";"Crescente";"Sol";"Dupla";"Reta";"Não";1;0;0;0;1;0;0;1;-25,122946;-48,856106;"SPRF-PR";"DEL01-PR";"UOP02-DEL01-PR"
177370;2018-12-11;"terça-feira";"11:10:00";"SC";282;190,2;"LAGES";"Falta de Atenção à Condução";"Colisão traseira";"Com Vítimas Feridas";"Pleno dia";"Decrescente";"Sol";"Simples";"Reta";"Não";3;0;1;0;2;0;1;2;-27,736708;-50,036961;"SPRF-SC";"DEL05-SC";"UOP01-DEL05-SC"
177372;2018-12-11;"terça-feira";"09:20:00";"RJ";116;174,6;"NOVA IGUACU";"Falta de Atenção à Condução";"Colisão traseira";"Com Vítimas Feridas";"Pleno dia";"Crescente";"Sol";"Múltipla";"Reta";"Sim";9;0;1;0;8;0;1;8;-22,76482144;-43,41618419;"SPRF-RJ";"DEL01-RJ";"UOP02-DEL01-RJ"
177380;2018-12-11;"terça-feira";"14:00:00";"ES";101;221,8;"IBIRACU";"Falta de Atenção à Condução";"Colisão lateral";"Com Vítimas Feridas";"Pleno dia";"Decrescente";"Nublado";"Simples";"Curva";"Não";2;0;2;0;0;0;2;2;-19,86882306;-40,40858097;"SPRF-ES";"DEL02-ES";"UOP01-DEL02-ES"
177385;2018-12-11;"terça-feira";"12:50:00";"RS";470;156,5;"NOVA PRATA";"Falta de Atenção à Condução";"Colisão lateral";"Com Vítimas Feridas";"Pleno dia";"Crescente";"Céu Claro";"Simples";"Reta";"Sim";3;0;1;0;1;2;1;4;-28,78310826;-51,61493003;"SPRF-RS";"DEL06-RS";"UOP02-DEL06-RS"
177386;2018-12-11;"terça-feira";"13:18:00";"BA";242;801;"BARREIRAS";"Defeito Mecânico no Veículo";"Tombamento";"Sem Vítimas";"Pleno dia";"Decrescente";"Céu Claro";"Simples";"Reta";"Não";2;0;0;0;1;2;0;3;-12,11888654;-45,05373001;"SPRF-BA";"DEL10-BA";"UOP01-DEL10-BA"
177388;2018-12-11;"terça-feira";"12:00:00";"RO";319;62;"PORTO VELHO";"Desobediência às normas de trânsito pelo condutor";"Colisão traseira";"Sem Vítimas";"Pleno dia";"Crescente";"Céu Claro";"Dupla";"Reta";"Sim";2;0;0;0;2;0;0;2;-8,746046;-63,888527;"SPRF-RO";"DEL01-RO";"UOP01-DEL01-RO"
177390;2018-12-11;"terça-feira";"14:30:00";"RJ";101;291;"ITABORAI";"Não guardar distância de segurança";"Colisão traseira";"Sem Vítimas";"Pleno dia";"Crescente";"Céu Claro";"Dupla";"Reta";"Não";3;0;0;0;3;0;0;2;-22,764595;-42,86985;"SPRF-RJ";"DEL02-RJ";"UOP03-DEL02-RJ"
177391;2018-12-11;"terça-feira";"12:50:00";"MA";135;3;"SAO LUIS";"Falta de Atenção à Condução";"Colisão transversal";"Com Vítimas Feridas";"Pleno dia";"Decrescente";"Céu Claro";"Dupla";"Reta";"Sim";3;0;1;0;2;0;1;2;-2,606865;-44,247555;"SPRF-MA";"DEL01-MA";"UOP01-DEL01-MA"
177392;2018-12-11;"terça-feira";"14:17:00";"AL";104;47,9;"BRANQUINHA";"Falta de Atenção do Pedestre";"Atropelamento de Pedestre";"Com Vítimas Fatais";"Pleno dia";"Crescente";"Céu Claro";"Simples";"Reta";"Não";2;1;0;0;1;0;0;2;-9,2444481;-36,00837708;"SPRF-AL";"DEL01-AL";"UOP02-DEL01-AL"
177396;2018-12-11;"terça-feira";"14:10:00";"PR";116;27;"CAMPINA GRANDE DO SUL";"Desobediência às normas de trânsito pelo condutor";"Colisão com objeto estático";"Com Vítimas Feridas";"Pleno dia";"Decrescente";"Céu Claro";"Dupla";"Curva";"Sim";1;0;1;0;0;0;1;1;-25,108404;-48,795074;"SPRF-PR";"DEL01-PR";"UOP02-DEL01-PR"
177397;2018-12-11;"terça-feira";"15:00:00";"SP";116;154,7;"SAO JOSE DOS CAMPOS";"Não guardar distância de segurança";"Colisão traseira";"Com Vítimas Feridas";"Pleno dia";"Crescente";"Céu Claro";"Dupla";"Reta";"Sim";3;0;1;0;2;0;1;3;-23,219809;-45,899918;"SPRF-SP";"DEL02-SP";"UOP01-DEL02-SP"
177398;2018-12-11;"terça-feira";"14:30:00";"BA";324;611;"SALVADOR";"Falta de Atenção à Condução";"Colisão traseira";"Com Vítimas Feridas";"Pleno dia";"Crescente";"Céu Claro";"Múltipla";"Reta";"Não";4;0;2;0;2;0;2;3;-12,85360683;-38,41954753;"SPRF-BA";"DEL01-BA";"UOP01-DEL01-BA"
177400;2018-12-11;"terça-feira";"13:30:00";"RO";364;185,6;"PIMENTA BUENO";"Falta de Atenção à Condução";"Colisão lateral";"Com Vítimas Feridas";"Pleno dia";"Decrescente";"Nublado";"Simples";"Curva";"Não";3;0;1;0;1;1;1;3;-11,74538754;-61,11029685;"SPRF-RO";"DEL02-RO";"UOP02-DEL02-RO"
177402;2018-12-11;"terça-feira";"14:00:00";"PA";316;62;"CASTANHAL";"Falta de Atenção à Condução";"Colisão traseira";"Com Vítimas Feridas";"Pleno dia";"Decrescente";"Chuva";"Dupla";"Reta";"Sim";4;0;0;1;1;2;1;4;-1,296296;-47,919842;"SPRF-PA";"DEL01-PA";"UOP01-DEL01-PA"
177403;2018-12-09;"domingo";"13:15:00";"MS";163;208,6;"CAARAPO";"Desobediência às normas de trânsito pelo condutor";"Colisão transversal";"Com Vítimas Feridas";"Pleno dia";"Crescente";"Céu Claro";"Simples";"Reta";"Sim";3;0;0;1;1;1;1;3;-22,6378396;-54,81558345;"SPRF-MS";"DEL04-MS";"UOP02-DEL04-MS"
177405;2018-12-11;"terça-feira";"15:15:00";"PR";163;66,3;"PEROLA DOESTE";"Falta de Atenção à Condução";"Colisão transversal";"Com Vítimas Feridas";"Pleno dia";"Crescente";"Céu Claro";"Simples";"Rotatória";"Sim";3;0;1;0;1;1;1;3;-25,82519284;-53,75014186;"SPRF-PR";"DEL02-PR";"UOP02-DEL02-PR"
177406;2018-12-11;"terça-feira";"15:25:00";"PR";476;144;"CURITIBA";"Não guardar distância de segurança";"Colisão traseira";"Com Vítimas Feridas";"Pleno dia";"Decrescente";"Céu Claro";"Dupla";"Reta";"Sim";6;0;1;3;2;0;4;4;-25,53933497;-49,30210233;"SPRF-PR";"DEL01-PR";"UOP06-DEL01-PR"
177408;2018-12-11;"terça-feira";"14:20:00";"BA";116;845;"VITORIA DA CONQUISTA";"Condutor Dormindo";"Colisão lateral";"Com Vítimas Fatais";"Pleno dia";"Decrescente";"Garoa/Chuvisco";"Simples";"Reta";"Não";3;1;1;0;0;3;1;5;-15,025113;-40,953974;"SPRF-BA";"DEL08-BA";"UOP01-DEL08-BA"
177411;2018-12-11;"terça-feira";"15:05:00";"PB";230;19,8;"JOAO PESSOA";"Defeito Mecânico no Veículo";"Colisão com objeto em movimento";"Sem Vítimas";"Pleno dia";"Decrescente";"Sol";"Dupla";"Reta";"Sim";2;0;0;0;2;0;0;2;-7,1281;-34,8466;"SPRF-PB";"DEL01-PB";"UOP01-DEL01-PB"
177418;2018-12-11;"terça-feira";"10:50:00";"RJ";493;68;"DUQUE DE CAXIAS";"Animais na Pista";"Colisão traseira";"Sem Vítimas";"Pleno dia";"Crescente";"Sol";"Dupla";"Reta";"Não";2;0;0;0;2;0;0;2;-22,672079;-43,285179;"SPRF-RJ";"DEL01-RJ";"UOP03-DEL01-RJ"
177422;2018-12-11;"terça-feira";"15:30:00";"BA";110;366,4;"CATU";"Desobediência às normas de trânsito pelo condutor";"Colisão traseira";"Com Vítimas Feridas";"Pleno dia";"Crescente";"Céu Claro";"Simples";"Reta";"Não";2;0;1;0;1;0;1;2;-12,3609;-38,3908;"SPRF-BA";"DEL01-BA";"UOP04-DEL01-BA"
177429;2018-12-11;"terça-feira";"08:00:00";"MA";10;149;"PORTO FRANCO";"Desobediência às normas de trânsito pelo condutor";"Colisão frontal";"Com Vítimas Fatais";"Amanhecer";"Crescente";"Céu Claro";"Simples";"Reta";"Não";3;1;0;0;1;1;0;3;-6,416267;-47,395245;"SPRF-MA";"DEL04-MA";"UOP02-DEL04-MA"
177430;2018-12-11;"terça-feira";"17:25:00";"GO";60;198,8;"GUAPO";"Falta de Atenção à Condução";"Saída de leito carroçável";"Com Vítimas Feridas";"Pleno dia";"Decrescente";"Nublado";"Dupla";"Reta";"Não";2;0;1;0;1;0;1;2;-16,875018;-49,613294;"SPRF-GO";"DEL01-GO";"UOP02-DEL01-GO"
177446;2018-12-11;"terça-feira";"18:10:00";"PR";369;34,3;"ANDIRA";"Defeito Mecânico no Veículo";"Saída de leito carroçável";"Com Vítimas Feridas";"Pleno dia";"Crescente";"Sol";"Simples";"Curva;Declive";"Não";1;0;1;0;0;0;1;1;-23,028485;-50,209955;"SPRF-PR";"DEL07-PR";"UOP05-DEL07-PR"
177454;2018-12-11;"terça-feira";"18:30:00";"MA";135;9;"SAO LUIS";"Defeito Mecânico no Veículo";"Colisão com objeto em movimento";"Sem Vítimas";"Anoitecer";"Decrescente";"Ignorado";"Dupla";"Reta";"Sim";3;0;0;0;2;1;0;2;-2,649437;-44,280422;"SPRF-MA";"DEL01-MA";"UOP01-DEL01-MA"
177466;2018-12-11;"terça-feira";"17:15:00";"RO";364;517,2;"ARIQUEMES";"Desobediência às normas de trânsito pelo condutor";"Colisão transversal";"Com Vítimas Feridas";"Pleno dia";"Crescente";"Céu Claro";"Múltipla";"Interseção de Vias";"Sim";2;0;0;1;1;0;1;2;-9,90468527;-63,05560741;"SPRF-RO";"DEL03-RO";"UOP01-DEL03-RO"
177468;2018-12-11;"terça-feira";"22:15:00";"MG";116;677,6;"MIRADOURO";"Não guardar distância de segurança";"Colisão traseira";"Com Vítimas Feridas";"Plena Noite";"Crescente";"Céu Claro";"Simples";"Reta";"Sim";2;0;1;0;1;0;1;2;-20,91065337;-42,34990331;"SPRF-MG";"DEL07-MG";"UOP02-DEL07-MG"
177469;2018-12-11;"terça-feira";"22:00:00";"ES";101;227,8;"FUNDAO";"Falta de Atenção à Condução";"Colisão traseira";"Com Vítimas Feridas";"Plena Noite";"Crescente";"Nublado";"Simples";"Reta";"Sim";3;0;1;0;2;0;1;2;-19,91877289;-40,40579623;"SPRF-ES";"DEL02-ES";"UOP01-DEL02-ES"
177473;2018-12-11;"terça-feira";"18:00:00";"GO";60;106;"ANAPOLIS";"Falta de Atenção à Condução";"Saída de leito carroçável";"Com Vítimas Feridas";"Pleno dia";"Decrescente";"Céu Claro";"Dupla";"Declive";"Não";1;0;1;0;0;0;1;1;-16,4232;-49,0134;"SPRF-GO";"DEL02-GO";"UOP01-DEL02-GO"
177475;2018-12-11;"terça-feira";"09:40:00";"MG";354;718,4;"POUSO ALTO";"Velocidade Incompatível";"Tombamento";"Com Vítimas Feridas";"Pleno dia";"Crescente";"Céu Claro";"Simples";"Curva";"Não";2;0;1;0;0;1;1;2;-22,08820797;-44,94587144;"SPRF-MG";"DEL16-MG";"UOP02-DEL16-MG"
177490;2018-12-12;"quarta-feira";"05:00:00";"MG";381;654;"SANTO ANTONIO DO AMPARO";"Velocidade Incompatível";"Derramamento de carga";"Com Vítimas Feridas";"Amanhecer";"Decrescente";"Céu Claro";"Múltipla";"Curva;Aclive;Retorno Regulamentado";"Não";2;0;1;0;0;1;1;2;-20,9821;-44,9433;"SPRF-MG";"DEL04-MG";"UOP02-DEL04-MG"
177491;2018-12-12;"quarta-feira";"05:20:00";"PR";376;674,9;"GUARATUBA";"Falta de Atenção à Condução";"Colisão traseira";"Com Vítimas Feridas";"Plena Noite";"Crescente";"Céu Claro";"Dupla";"Aclive";"Não";2;0;2;0;0;0;2;2;-25,924915;-48,914909;"SPRF-PR";"DEL01-PR";"DEL7/1-UOP08/PR"
177493;2018-12-12;"quarta-feira";"05:30:00";"RS";116;512;"PELOTAS";"Falta de Atenção à Condução";"Tombamento";"Sem Vítimas";"Amanhecer";"Decrescente";"Chuva";"Simples";"Reta";"Sim";1;0;0;0;1;0;0;1;-31,64066768;-52,33423233;"SPRF-RS";"DEL07-RS";"UOP01-DEL07-RS"
177494;2018-12-12;"quarta-feira";"05:30:00";"MG";381;442;"SABARA";"Defeito Mecânico no Veículo";"Colisão frontal";"Com Vítimas Feridas";"Pleno dia";"Decrescente";"Nublado";"Simples";"Curva";"Não";4;0;2;0;1;1;2;3;-19,79932254;-43,76120567;"SPRF-MG";"DEL01-MG";"UOP01-DEL01-MG"
177501;2018-12-12;"quarta-feira";"07:00:00";"PR";277;156;"PALMEIRA";"Condutor Dormindo";"Colisão lateral";"Com Vítimas Feridas";"Pleno dia";"Decrescente";"Céu Claro";"Simples";"Curva";"Não";4;0;1;0;1;2;1;4;-25,47556;-49,886165;"SPRF-PR";"DEL01-PR";"UOP06-DEL01-PR"
177509;2018-12-12;"quarta-feira";"07:30:00";"MG";459;30,9;"CALDAS";"Velocidade Incompatível";"Tombamento";"Com Vítimas Feridas";"Pleno dia";"Decrescente";"Céu Claro";"Simples";"Curva";"Não";2;0;1;0;0;1;1;2;-21,920561;-46,375641;"SPRF-MG";"DEL13-MG";"UOP01-DEL13-MG"
177519;2018-12-12;"quarta-feira";"07:00:00";"PR";153;108,8;"IBAITI";"Falta de Atenção à Condução";"Colisão lateral";"Com Vítimas Feridas";"Pleno dia";"Decrescente";"Céu Claro";"Simples";"Curva";"Sim";3;0;0;1;1;1;1;3;-23,838009;-50,193119;"SPRF-PR";"DEL07-PR";"UOP04-DEL07-PR"
177520;2018-12-12;"quarta-feira";"09:07:00";"MG";381;458,9;"BELO HORIZONTE";"Não guardar distância de segurança";"Colisão lateral";"Com Vítimas Fatais";"Pleno dia";"Crescente";"Céu Claro";"Dupla";"Reta";"Sim";3;1;0;0;1;1;0;3;-19,84236284;-43,88551089;"SPRF-MG";"DEL01-MG";"UOP01-DEL01-MG"
177523;2018-12-12;"quarta-feira";"07:00:00";"MG";381;479,2;"CONTAGEM";"Falta de Atenção à Condução";"Colisão traseira";"Com Vítimas Feridas";"Amanhecer";"Decrescente";"Nublado";"Dupla";"Reta";"Sim";4;0;2;0;1;1;2;3;-19,961;-44,0517;"SPRF-MG";"DEL01-MG";"UOP03-DEL01-MG"
177524;2018-12-12;"quarta-feira";"08:00:00";"MT";163;675;"LUCAS DO RIO VERDE";"Defeito Mecânico no Veículo";"Saída de leito carroçável";"Com Vítimas Feridas";"Amanhecer";"Decrescente";"Céu Claro";"Simples";"Reta";"Não";1;0;1;0;0;0;1;1;-13,16291659;-55,97643077;"SPRF-MT";"DEL06-MT";"UOP01-DEL06-MT"
177526;2018-12-12;"quarta-feira";"08:00:00";"RJ";393;281;"VOLTA REDONDA";"Defeito Mecânico no Veículo";"Colisão com objeto estático";"Sem Vítimas";"Pleno dia";"Crescente";"Sol";"Simples";"Ponte";"Sim";1;0;0;0;1;0;0;1;-22,47852744;-44,06323314;"SPRF-RJ";"DEL05-RJ";"UOP04-DEL05-RJ"
177528;2018-12-12;"quarta-feira";"07:55:00";"SC";101;83,4;"BARRA VELHA";"Falta de Atenção à Condução";"Colisão lateral";"Sem Vítimas";"Pleno dia";"Crescente";"Céu Claro";"Múltipla";"Reta";"Sim";4;0;0;0;3;1;0;3;-26,627;-48,7098;"SPRF-SC";"DEL03-SC";"UOP02-DEL03-SC"
177532;2018-12-12;"quarta-feira";"10:00:00";"SP";116;215;"GUARULHOS";"Não guardar distância de segurança";"Colisão lateral";"Com Vítimas Feridas";"Pleno dia";"Crescente";"Sol";"Simples";"Reta";"Não";2;0;1;0;1;0;1;2;-23,45253646;-46,46843255;"SPRF-SP";"DEL01-SP";"UOP01-DEL01-SP"
177533;2018-12-12;"quarta-feira";"09:15:00";"SC";101;281,5;"IMBITUBA";"Falta de Atenção à Condução";"Colisão transversal";"Com Vítimas Feridas";"Pleno dia";"Decrescente";"Céu Claro";"Simples";"Viaduto";"Sim";2;0;0;1;1;0;1;2;-28,2178;-48,7001;"SPRF-SC";"DEL02-SC";"UOP03-DEL02-SC"
177537;2018-12-12;"quarta-feira";"10:00:00";"SP";381;49;"ATIBAIA";"Falta de Atenção à Condução";"Colisão traseira";"Com Vítimas Feridas";"Pleno dia";"Crescente";"Céu Claro";"Dupla";"Reta";"Não";6;0;1;0;4;2;1;7;-23,138622;-46,575844;"SPRF-SP";"DEL03-SP";"UOP01-DEL03-SP"
177543;2018-12-12;"quarta-feira";"07:30:00";"PR";277;659;"MATELANDIA";"Velocidade Incompatível";"Tombamento";"Com Vítimas Feridas";"Pleno dia";"Crescente";"Céu Claro";"Dupla";"Curva";"Não";2;0;1;0;0;1;1;2;-25,251282;-53,983871;"SPRF-PR";"DEL05-PR";"UOP02-DEL05-PR"
177548;2018-12-12;"quarta-feira";"11:30:00";"SC";470;55;"BLUMENAU";"Falta de Atenção à Condução";"Colisão traseira";"Com Vítimas Feridas";"Pleno dia";"Crescente";"Céu Claro";"Simples";"Reta";"Não";3;0;1;0;1;1;1;3;-26,875601;-49,117992;"SPRF-SC";"DEL04-SC";"UOP01-DEL04-SC"
177550;2018-12-12;"quarta-feira";"12:00:00";"SC";101;130;"BALNEARIO CAMBORIU";"Falta de Atenção à Condução";"Colisão lateral";"Com Vítimas Feridas";"Pleno dia";"Decrescente";"Céu Claro";"Simples";"Reta";"Não";3;0;1;0;1;1;1;3;-26,9907;-48,6629;"SPRF-SC";"DEL04-SC";"UOP03-DEL04-SC"
177553;2018-12-12;"quarta-feira";"13:00:00";"ES";101;277,9;"SERRA";"Falta de Atenção à Condução";"Colisão transversal";"Com Vítimas Feridas";"Pleno dia";"Crescente";"Céu Claro";"Dupla";"Retorno Regulamentado";"Sim";5;0;1;0;3;2;1;5;-20,21701579;-40,32944117;"SPRF-ES";"DEL02-ES";"UOP01-DEL02-ES"
177554;2018-12-12;"quarta-feira";"10:10:00";"MG";262;500,7;"MOEMA";"Falta de Atenção à Condução";"Colisão transversal";"Com Vítimas Feridas";"Pleno dia";"Crescente";"Sol";"Simples";"Reta";"Não";2;0;1;0;1;0;1;2;-19,77377611;-45,4726696;"SPRF-MG";"DEL08-MG";"UOP03-DEL08-MG"
177558;2018-12-12;"quarta-feira";"12:45:00";"MG";365;357;"VARJAO DE MINAS";"Ultrapassagem Indevida";"Colisão frontal";"Com Vítimas Feridas";"Pleno dia";"Crescente";"Nublado";"Simples";"Curva";"Não";2;0;1;0;1;0;1;2;-18,483717;-46,096005;"SPRF-MG";"DEL10-MG";"UOP01-DEL10-MG"
177559;2018-12-12;"quarta-feira";"13:05:00";"TO";153;746;"ALVORADA";"Velocidade Incompatível";"Engavetamento";"Com Vítimas Feridas";"Pleno dia";"Crescente";"Céu Claro";"Simples";"Reta";"Não";7;0;2;0;4;1;2;4;-12,350781;-49,151844;"SPRF-TO";"DEL02-TO";"UOP02-DEL01-TO"
177561;2018-12-12;"quarta-feira";"14:00:00";"RS";116;150,2;"CAXIAS DO SUL";"Falta de Atenção à Condução";"Colisão traseira";"Sem Vítimas";"Pleno dia";"Crescente";"Nublado";"Dupla";"Reta";"Sim";2;0;0;0;2;0;0;2;-29,168428;-51,158337;"SPRF-RS";"DEL05-RS";"UOP01-DEL05-RS"
177562;2018-12-12;"quarta-feira";"12:40:00";"PB";230;14,8;"JOAO PESSOA";"Carga excessiva e/ou mal acondicionada";"Colisão com objeto estático";"Sem Vítimas";"Pleno dia";"Crescente";"Nublado";"Dupla";"Aclive";"Não";2;0;0;0;0;2;0;2;-7,11002731;-34,84300017;"SPRF-PB";"DEL01-PB";"UOP01-DEL01-PB"
177563;2018-12-12;"quarta-feira";"07:30:00";"AC";364;175;"BUJARI";"Falta de Atenção à Condução";"Tombamento";"Com Vítimas Feridas";"Pleno dia";"Crescente";"Sol";"Simples";"Reta";"Não";2;0;1;0;0;1;1;2;-9,742875;-68,095749;"SPRF-AC";"DEL01-AC";"UOP01-DEL01-AC"
177564;2018-12-12;"quarta-feira";"13:50:00";"ES";101;264,3;"SERRA";"Não guardar distância de segurança";"Colisão lateral";"Com Vítimas Feridas";"Pleno dia";"Crescente";"Sol";"Dupla";"Reta";"Sim";2;0;1;0;1;0;1;2;-20,17678212;-40,26597708;"SPRF-ES";"DEL02-ES";"UOP01-DEL02-ES"
177566;2018-12-12;"quarta-feira";"13:20:00";"SC";101;116;"ITAJAI";"Falta de Atenção à Condução";"Colisão lateral";"Com Vítimas Feridas";"Pleno dia";"Decrescente";"Sol";"Dupla";"Reta";"Não";2;0;1;0;1;0;1;2;-26,8877;-48,7222;"SPRF-SC";"DEL04-SC";"UOP04-DEL04-SC"
177578;2018-12-12;"quarta-feira";"14:30:00";"MG";381;488;"BETIM";"Falta de Atenção à Condução";"Colisão traseira";"Com Vítimas Feridas";"Pleno dia";"Crescente";"Nublado";"Dupla";"Reta";"Sim";2;0;1;0;1;0;1;2;-19,9562;-44,1335;"SPRF-MG";"DEL01-MG";"UOP03-DEL01-MG"
177581;2018-12-12;"quarta-feira";"13:40:00";"MG";381;934;"EXTREMA";"Velocidade Incompatível";"Colisão com objeto estático";"Com Vítimas Feridas";"Pleno dia";"Decrescente";"Céu Claro";"Simples";"Curva";"Não";2;0;1;0;0;1;1;2;-22,80272971;-46,2703371;"SPRF-MG";"DEL16-MG";"UOP03-DEL16-MG"
177598;2018-12-12;"quarta-feira";"12:20:00";"MA";402;4,6;"ROSARIO";"Falta de Atenção à Condução";"Tombamento";"Com Vítimas Fatais";"Pleno dia";"Decrescente";"Sol";"Simples";"Reta";"Sim";3;1;0;0;0;2;0;3;-2,953501;-44,290794;"SPRF-MA";"DEL01-MA";"UOP01-DEL01-MA"
177601;2018-10-23;"terça-feira";"05:10:00";"GO";50;229,8;"CAMPO ALEGRE DE GOIAS";"Objeto estático sobre o leito carroçável";"Colisão frontal";"Com Vítimas Fatais";"Amanhecer";"Decrescente";"Céu Claro";"Simples";"Reta";"Não";5;3;0;0;1;1;0;3;-17,8022;-47,7667;"SPRF-GO";"DEL06-GO";"UOP01-DEL06-GO"
177602;2018-12-12;"quarta-feira";"08:20:00";"RO";364;114,1;"CHUPINGUAIA";"Defeito Mecânico no Veículo";"Colisão traseira";"Sem Vítimas";"Pleno dia";"Crescente";"Céu Claro";"Simples";"Reta";"Não";2;0;0;0;2;0;0;2;-12,174492;-60,71162;"SPRF-RO";"DEL04-RO";"DEL21/4-UOP03/RO"
177604;2018-12-12;"quarta-feira";"16:10:00";"MG";116;283,5;"TEOFILO OTONI";"Falta de Atenção à Condução";"Capotamento";"Com Vítimas Feridas";"Pleno dia";"Decrescente";"Céu Claro";"Simples";"Reta";"Não";1;0;1;0;0;0;1;1;-17,9232094;-41,52763367;"SPRF-MG";"DEL11-MG";"UOP01-DEL11-MG"
177605;2018-12-12;"quarta-feira";"15:30:00";"MS";262;198;"RIBAS DO RIO PARDO";"Ultrapassagem Indevida";"Colisão frontal";"Com Vítimas Feridas";"Pleno dia";"Decrescente";"Nublado";"Simples";"Reta";"Não";3;0;0;2;0;2;2;4;-20,458202;-53,362;"SPRF-MS";"DEL07-MS";"UOP02-DEL07-MS"
177606;2018-12-12;"quarta-feira";"16:15:00";"SC";101;206;"SAO JOSE";"Falta de Atenção à Condução";"Colisão transversal";"Sem Vítimas";"Pleno dia";"Crescente";"Céu Claro";"Múltipla";"Reta";"Sim";2;0;0;0;1;1;0;2;-27,6001;-48,6225;"SPRF-SC";"DEL01-SC";"UOP01-DEL01-SC"
177608;2018-12-12;"quarta-feira";"15:20:00";"SP";116;222;"GUARULHOS";"Não guardar distância de segurança";"Colisão lateral";"Com Vítimas Feridas";"Pleno dia";"Crescente";"Sol";"Múltipla";"Reta";"Sim";5;0;1;0;3;2;1;6;-23,4749724;-46,52445048;"SPRF-SP";"DEL01-SP";"UOP01-DEL01-SP"
177609;2018-12-12;"quarta-feira";"11:45:00";"SC";116;163,9;"PONTE ALTA DO NORTE";"Falta de Atenção à Condução";"Colisão lateral";"Com Vítimas Feridas";"Pleno dia";"Decrescente";"Céu Claro";"Simples";"Curva";"Não";5;0;1;0;3;1;1;4;-27,13950704;-50,45951843;"SPRF-SC";"DEL05-SC";"UOP03-DEL05-SC"
177610;2018-12-12;"quarta-feira";"15:35:00";"PR";376;410;"TIBAGI";"Falta de Atenção à Condução";"Colisão frontal";"Com Vítimas Feridas";"Pleno dia";"Decrescente";"Céu Claro";"Simples";"Reta";"Não";2;0;0;1;1;0;1;2;-24,6164331;-50,65315247;"SPRF-PR";"DEL03-PR";"UOP02-DEL03-PR"
177612;2018-12-12;"quarta-feira";"16:20:00";"SP";116;323;"JUQUITIBA";"Falta de Atenção à Condução";"Saída de leito carroçável";"Com Vítimas Feridas";"Pleno dia";"Crescente";"Céu Claro";"Dupla";"Reta";"Não";6;0;3;0;2;1;3;4;-23,938407;-47,039221;"SPRF-SP";"DEL04-SP";"UOP03-DEL04-SP"
177613;2018-12-12;"quarta-feira";"14:30:00";"CE";222;14,8;"CAUCAIA";"Falta de Atenção à Condução";"Colisão traseira";"Com Vítimas Feridas";"Pleno dia";"Crescente";"Céu Claro";"Simples";"Reta";"Não";6;0;0;1;4;2;1;7;-3,761685;-38,686413;"SPRF-CE";"DEL01-CE";"UOP01-DEL01-CE"
177615;2018-12-12;"quarta-feira";"17:00:00";"ES";101;459,6;"MIMOSO DO SUL";"Falta de Atenção à Condução";"Saída de leito carroçável";"Com Vítimas Feridas";"Pleno dia";"Crescente";"Céu Claro";"Simples";"Declive";"Não";1;0;0;1;0;0;1;1;-21,21610042;-41,29674911;"SPRF-ES";"DEL03-ES";"UOP02-DEL03-ES"
177616;2018-12-12;"quarta-feira";"14:30:00";"SC";480;130,8;"CHAPECO";"Desobediência às normas de trânsito pelo condutor";"Colisão transversal";"Com Vítimas Feridas";"Pleno dia";"Crescente";"Sol";"Simples";"Reta";"Sim";3;0;0;1;2;0;1;2;-27,06139494;-52,63462901;"SPRF-SC";"DEL07-SC";"UOP01-DEL07-SC"
177617;2018-12-12;"quarta-feira";"17:10:00";"GO";153;685,5;"ITUMBIARA";"Falta de Atenção à Condução";"Colisão lateral";"Sem Vítimas";"Pleno dia";"Crescente";"Céu Claro";"Dupla";"Reta";"Não";4;0;0;0;3;2;0;4;-18,2658;-49,247;"SPRF-GO";"DEL03-GO";"UOP02-DEL03-GO"
177622;2018-12-12;"quarta-feira";"17:30:00";"SP";153;297,4;"CAMPOS NOVOS PAULISTA";"Falta de Atenção à Condução";"Colisão traseira";"Sem Vítimas";"Pleno dia";"Decrescente";"Céu Claro";"Simples";"Reta";"Não";4;0;0;0;3;5;0;8;-22,554323;-49,889545;"SPRF-SP";"DEL07-SP";"UOP03-DEL07-SP"
177626;2018-12-12;"quarta-feira";"15:30:00";"BA";101;282;"LAJE";"Ultrapassagem Indevida";"Saída de leito carroçável";"Com Vítimas Feridas";"Pleno dia";"Decrescente";"Chuva";"Simples";"Aclive";"Não";2;0;2;0;0;0;2;1;-13,1269;-39,2918;"SPRF-BA";"DEL01-BA";"UOP02-DEL01-BA"