"id";"data_inversa";"dia_semana";"horario";"uf";"br";"km";"municipio";"causa_acidente";"tipo_acidente";"classificacao_acidente";"fase_dia";"sentido_via";"condicao_metereologica";"tipo_pista";"tracado_via";"uso_solo";"pessoas";"mortos";"feridos_leves";"feridos_graves";"ilesos";"ignorados";"feridos";"veiculos";"latitude";"longitude";"regional";"delegacia";"uop"
177627;2018-12-12;"quarta-feira";"17:45:00";"SC";470;192,5;"POUSO REDONDO";"Velocidade Incompatível";"Saída de leito carroçável";"Com Vítimas Feridas";"Pleno dia";"Decrescente";"Garoa/Chuvisco";"Múltipla";"Curva";"Não";5;0;2;1;1;1;3;4;-27,30310014;-50,07892739;"SPRF-SC";"DEL04-SC";"UOP02-DEL04-SC"
177630;2018-12-12;"quarta-feira";"17:00:00";"RJ";40;53;"PETROPOLIS";"Pista Escorregadia";"Queda de ocupante de veículo";"Com Vítimas Feridas";"Pleno dia";"Crescente";"Céu Claro";"Dupla";"Curva";"Não";2;0;1;0;1;0;1;2;-22,3468;-43,1234;"SPRF-RJ";"DEL06-RJ";"UOP01-DEL06-RJ"
177632;2018-12-12;"quarta-feira";"17:58:00";"SP";116;150;"SAO JOSE DOS CAMPOS";"Falta de Atenção à Condução";"Engavetamento";"Com Vítimas Feridas";"Pleno dia";"Crescente";"Céu Claro";"Dupla";"Aclive";"Sim";7;0;3;0;4;0;3;5;-23,213354;-45,893059;"SPRF-SP";"DEL02-SP";"UOP01-DEL02-SP"
177634;2018-12-12;"quarta-feira";"17:10:00";"PE";104;62,8;"CARUARU";"Falta de Atenção à Condução";"Colisão frontal";"Sem Vítimas";"Pleno dia";"Crescente";"Céu Claro";"Dupla";"Reta";"Sim";2;0;0;0;2;0;0;2;-8,2618;-35,976;"SPRF-PE";"DEL02-PE";"UOP01-DEL02-PE"
177636;2018-12-12;"quarta-feira";"18:20:00";"RJ";101;68;"CAMPOS DOS GOYTACAZES";"Falta de Atenção à Condução";"Colisão traseira";"Com Vítimas Feridas";"Pleno dia";"Crescente";"Céu Claro";"Simples";"Reta";"Sim";3;0;1;0;2;0;1;2;-21,771872;-41,357059;"SPRF-RJ";"DEL08-RJ";"UOP02-DEL08-RJ"
177638;2018-12-12;"quarta-feira";"17:35:00";"SC";153;106,9;"CONCORDIA";"Carga excessiva e/ou mal acondicionada";"Derramamento de carga";"Sem Vítimas";"Pleno dia";"Decrescente";"Céu Claro";"Simples";"Curva";"Não";2;0;0;0;1;1;0;2;-27,290276;-51,967644;"SPRF-SC";"DEL07-SC";"UOP04-DEL07-SC"
177641;2018-12-12;"quarta-feira";"15:30:00";"PB";104;185,8;"ALCANTIL";"Velocidade Incompatível";"Tombamento";"Sem Vítimas";"Pleno dia";"Decrescente";"Céu Claro";"Simples";"Aclive;Curva";"Não";2;0;0;0;1;1;0;2;-7,666224;-36,080582;"SPRF-PB";"DEL02-PB";"UOP03-DEL02-PB"
177648;2018-12-12;"quarta-feira";"18:45:00";"MT";70;405,5;"CAMPO VERDE";"Falta de Atenção à Condução";"Colisão frontal";"Com Vítimas Feridas";"Plena Noite";"Crescente";"Ignorado";"Simples";"Curva";"Não";5;0;0;1;3;8;1;12;-15,666884;-55,253639;"SPRF-MT";"DEL02-MT";"UOP02-DEL05-MT"
177650;2018-12-12;"quarta-feira";"20:00:00";"MG";251;389,8;"GRAO MOGOL";"Defeito na Via";"Colisão com objeto estático";"Com Vítimas Fatais";"Plena Noite";"Decrescente";"Ignorado";"Simples";"Reta";"Não";2;1;0;0;0;1;0;2;-16,2645;-42,8303;"SPRF-MG";"DEL12-MG";"UOP01-DEL12-MG"
177653;2018-12-12;"quarta-feira";"14:00:00";"RO";364;449,9;"JARU";"Não guardar distância de segurança";"Colisão traseira";"Sem Vítimas";"Pleno dia";"Decrescente";"Chuva";"Simples";"Reta;Declive";"Não";3;0;0;0;2;1;0;3;-10,29812033;-62,6559535;"SPRF-RO";"DEL03-RO";"UOP02-DEL03-RO"
177655;2018-12-12;"quarta-feira";"20:00:00";"RS";392;22,5;"RIO GRANDE";"Falta de Atenção à Condução";"Colisão lateral";"Com Vítimas Feridas";"Pleno dia";"Crescente";"Céu Claro";"Dupla";"Reta";"Não";5;0;2;0;2;1;2;3;-32,089043;-52,217365;"SPRF-RS";"DEL07-RS";"UOP02-DEL07-RS"
177662;2018-12-12;"quarta-feira";"21:10:00";"SC";470;120,2;"IBIRAMA";"Falta de Atenção à Condução";"Colisão traseira";"Com Vítimas Feridas";"Plena Noite";"Crescente";"Céu Claro";"Simples";"Reta";"Não";3;0;1;0;1;1;1;3;-27,089924;-49,520416;"SPRF-SC";"DEL04-SC";"UOP02-DEL04-SC"
177666;2018-12-12;"quarta-feira";"20:40:00";"ES";259;44,9;"COLATINA";"Velocidade Incompatível";"Tombamento";"Com Vítimas Feridas";"Plena Noite";"Decrescente";"Céu Claro";"Simples";"Declive";"Não";2;0;0;1;0;1;1;2;-19,5337565;-40,5711187;"SPRF-ES";"DEL02-ES";"UOP01-DEL02-ES"
177667;2018-12-12;"quarta-feira";"22:20:00";"PR";376;667,6;"GUARATUBA";"Defeito Mecânico no Veículo";"Colisão lateral";"Com Vítimas Feridas";"Plena Noite";"Crescente";"Céu Claro";"Dupla";"Em Obras;Declive;Curva";"Não";3;0;0;1;1;2;1;4;-25,87252;-48,93674;"SPRF-PR";"DEL01-PR";"DEL7/1-UOP08/PR"
177682;2018-12-12;"quarta-feira";"20:00:00";"MG";365;595;"UBERLANDIA";"Falta de Atenção à Condução";"Colisão traseira";"Com Vítimas Feridas";"Anoitecer";"Crescente";"Nublado";"Simples";"Reta";"Não";3;0;1;0;1;3;1;5;-18,89784147;-48,27083588;"SPRF-MG";"DEL15-MG";"UOP02-DEL15-MG"
177694;2018-12-12;"quarta-feira";"20:45:00";"MS";158;72;"PARANAIBA";"Defeito Mecânico no Veículo";"Incêndio";"Sem Vítimas";"Plena Noite";"Crescente";"Céu Claro";"Simples";"Reta";"Não";2;0;0;0;1;2;0;3;-19,433294;-51,367973;"SPRF-MS";"DEL08-MS";"UOP01-DEL08-MS"
177701;2018-12-12;"quarta-feira";"21:10:00";"GO";153;201;"URUACU";"Desobediência às normas de trânsito pelo condutor";"Colisão transversal";"Com Vítimas Fatais";"Plena Noite";"Decrescente";"Ignorado";"Simples";"Interseção de Vias";"Sim";2;1;0;0;1;0;0;2;-14,53373862;-49,16038513;"SPRF-GO";"DEL07-GO";"UOP02-DEL07-GO"
177710;2018-12-13;"quinta-feira";"00:01:00";"MG";381;410;"NOVA UNIAO";"Falta de Atenção à Condução";"Colisão frontal";"Com Vítimas Feridas";"Plena Noite";"Decrescente";"Céu Claro";"Simples";"Curva";"Não";4;0;0;2;1;1;2;3;-19,74132442;-43,55522063;"SPRF-MG";"DEL01-MG";"UOP01-DEL01-MG"
177713;2018-12-13;"quinta-feira";"02:50:00";"RJ";101;302;"ITABORAI";"Falta de Atenção à Condução";"Colisão traseira";"Com Vítimas Fatais";"Plena Noite";"Crescente";"Céu Claro";"Dupla";"Reta";"Sim";2;1;0;0;1;0;0;2;-22,780695;-42,967072;"SPRF-RJ";"DEL02-RJ";"DEL5/2-UOP04/RJ"
177714;2018-12-13;"quinta-feira";"01:30:00";"MG";381;921,2;"CAMANDUCAIA";"Velocidade Incompatível";"Tombamento";"Com Vítimas Feridas";"Plena Noite";"Crescente";"Céu Claro";"Dupla";"Curva";"Não";2;0;1;0;0;1;1;2;-22,7658;-46,1763;"SPRF-MG";"DEL16-MG";"UOP03-DEL16-MG"
177715;2018-12-13;"quinta-feira";"02:00:00";"PR";476;166;"CONTENDA";"Velocidade Incompatível";"Tombamento";"Com Vítimas Feridas";"Plena Noite";"Decrescente";"Céu Claro";"Simples";"Curva";"Não";1;0;1;0;0;0;1;1;-25,650063;-49,477688;"SPRF-PR";"DEL01-PR";"UOP06-DEL01-PR"
177717;2018-12-13;"quinta-feira";"03:00:00";"SC";282;5;"SAO JOSE";"Falta de Atenção à Condução";"Colisão lateral";"Sem Vítimas";"Plena Noite";"Crescente";"Nublado";"Dupla";"Em Obras;Reta;Desvio Temporário";"Sim";3;0;0;0;3;0;0;3;-27,58873677;-48,61193776;"SPRF-SC";"DEL01-SC";"UOP01-DEL01-SC"
177722;2018-12-13;"quinta-feira";"04:30:00";"SP";116;345;"MIRACATU";"Falta de Atenção à Condução";"Colisão com objeto estático";"Com Vítimas Feridas";"Amanhecer";"Crescente";"Céu Claro";"Dupla";"Reta";"Não";3;0;1;0;1;1;1;2;-24,03556845;-47,18585014;"SPRF-SP";"DEL04-SP";"UOP03-DEL04-SP"
177724;2018-12-13;"quinta-feira";"03:20:00";"MT";70;408;"CAMPO VERDE";"Falta de Atenção à Condução";"Colisão lateral";"Sem Vítimas";"Plena Noite";"Crescente";"Céu Claro";"Simples";"Reta";"Não";3;0;0;0;2;2;0;4;-15,673898;-55,275864;"SPRF-MT";"DEL02-MT";"UOP02-DEL05-MT"
177730;2018-12-12;"quarta-feira";"21:10:00";"MG";153;12;"ARAPORA";"Falta de Atenção à Condução";"Tombamento";"Com Vítimas Feridas";"Plena Noite";"Decrescente";"Nublado";"Dupla";"Reta";"Não";1;0;1;0;0;0;1;1;-18,5311;-49,1919;"SPRF-MG";"DEL15-MG";"UOP03-DEL15-MG"
177733;2018-12-13;"quinta-feira";"05:35:00";"SE";101;196,3;"CRISTINAPOLIS";"Falta de Atenção à Condução";"Derramamento de carga";"Sem Vítimas";"Pleno dia";"Decrescente";"Céu Claro";"Simples";"Curva";"Não";1;0;0;0;1;0;0;1;-11,46245225;-37,73692131;"SPRF-SE";"DEL02-SE";"UOP03-DEL02-SE"
177734;2018-12-13;"quinta-feira";"05:40:00";"TO";153;225,6;"NOVA OLINDA";"Defeito Mecânico no Veículo";"Colisão traseira";"Com Vítimas Feridas";"Pleno dia";"Decrescente";"Sol";"Simples";"Reta";"Não";3;0;1;0;1;1;1;3;-7,862759;-48,457916;"SPRF-TO";"DEL02-TO";"UOP01-DEL02-TO"
177754;2018-12-13;"quinta-feira";"07:20:00";"PE";232;252;"ARCOVERDE";"Falta de Atenção à Condução";"Colisão transversal";"Com Vítimas Feridas";"Pleno dia";"Decrescente";"Nublado";"Dupla";"Interseção de Vias";"Sim";4;0;0;2;1;1;2;3;-8,430858;-37,065361;"SPRF-PE";"DEL03-PE";"UOP02-DEL03-PE"
177763;2018-12-12;"quarta-feira";"20:00:00";"RO";364;48,5;"VILHENA";"Falta de Atenção à Condução";"Colisão frontal";"Com Vítimas Feridas";"Plena Noite";"Crescente";"Nublado";"Simples";"Aclive";"Não";3;0;1;0;1;2;1;4;-12,567279;-60,350266;"SPRF-RO";"DEL04-RO";"DEL21/4-UOP03/RO"
177771;2018-11-07;"quarta-feira";"18:40:00";"PR";476;127;"CURITIBA";"Desobediência às normas de trânsito pelo condutor";"Colisão lateral";"Com Vítimas Feridas";"Anoitecer";"Decrescente";"Nublado";"Múltipla";"Reta";"Sim";2;0;1;0;1;0;1;2;-25,40858566;-49,21937227;"SPRF-PR";"DEL01-PR";"UOP07-DEL01-PR"
177779;2018-12-13;"quinta-feira";"11:30:00";"GO";153;519,3;"APARECIDA DE GOIANIA";"Falta de Atenção à Condução";"Tombamento";"Com Vítimas Feridas";"Pleno dia";"Decrescente";"Céu Claro";"Dupla";"Declive";"Sim";1;0;1;0;0;0;1;1;-16,8755;-49,2523;"SPRF-GO";"DEL01-GO";"UOP03-DEL01-GO"
177780;2018-12-13;"quinta-feira";"11:00:00";"MT";364;201,3;"RONDONOPOLIS";"Falta de Atenção à Condução";"Colisão traseira";"Com Vítimas Fatais";"Pleno dia";"Decrescente";"Céu Claro";"Dupla";"Reta";"Sim";3;1;0;0;1;3;0;5;-16,48352011;-54,64982294;"SPRF-MT";"DEL02-MT";"UOP01-DEL02-MT"
177781;2018-12-13;"quinta-feira";"11:15:00";"PR";116;85;"PIRAQUARA";"Desobediência às normas de trânsito pelo condutor";"Colisão traseira";"Com Vítimas Feridas";"Pleno dia";"Crescente";"Céu Claro";"Dupla";"Reta";"Não";4;0;1;0;2;1;1;3;-25,45731854;-49,08786893;"SPRF-PR";"DEL01-PR";"UOP01-DEL01-PR"
177791;2018-12-13;"quinta-feira";"09:55:00";"CE";20;419;"MARACANAU";"Não guardar distância de segurança";"Engavetamento";"Sem Vítimas";"Pleno dia";"Crescente";"Sol";"Simples";"Em Obras;Reta";"Sim";4;0;0;0;3;3;0;6;-3,84353719;-38,58628214;"SPRF-CE";"DEL01-CE";"UOP02-DEL01-CE"
177792;2018-12-12;"quarta-feira";"23:00:00";"MG";267;233,6;"LIBERDADE";"Desobediência às normas de trânsito pelo condutor";"Colisão frontal";"Com Vítimas Fatais";"Plena Noite";"Decrescente";"Céu Claro";"Simples";"Curva";"Não";16;2;11;2;0;1;13;3;-21,94776914;-44,3552971;"SPRF-MG";"DEL05-MG";"UOP01-DEL17-MG"
177804;2018-12-13;"quinta-feira";"13:30:00";"SC";280;4,6;"SAO FRANCISCO DO SUL";"Falta de Atenção à Condução";"Colisão lateral";"Sem Vítimas";"Pleno dia";"Crescente";"Céu Claro";"Simples";"Rotatória";"Sim";2;0;0;0;2;0;0;2;-26,253296;-48,61916;"SPRF-SC";"DEL03-SC";"UOP03-DEL03-SC"
177805;2018-12-13;"quinta-feira";"13:30:00";"GO";20;220;"POSSE";"Ultrapassagem Indevida";"Colisão com objeto estático";"Com Vítimas Feridas";"Pleno dia";"Crescente";"Nublado";"Simples";"Reta";"Não";3;0;1;0;0;3;1;4;-14,197667;-46,332184;"SPRF-DF";"DEL02-DF";"UOP03-DEL02-DF"
177806;2018-12-13;"quinta-feira";"10:00:00";"PB";230;86,6;"GURINHEM";"Velocidade Incompatível";"Colisão transversal";"Com Vítimas Feridas";"Pleno dia";"Crescente";"Chuva";"Dupla";"Reta";"Não";2;0;2;0;0;0;2;2;-7,1691;-35,3764;"SPRF-PB";"DEL01-PB";"UOP03-DEL01-PB"
177810;2018-12-13;"quinta-feira";"12:15:00";"CE";20;428;"FORTALEZA";"Carga excessiva e/ou mal acondicionada";"Derramamento de carga";"Sem Vítimas";"Pleno dia";"Crescente";"Céu Claro";"Simples";"Curva";"Sim";2;0;0;0;1;1;0;2;-3,87191896;-38,49995613;"SPRF-CE";"DEL01-CE";"UOP02-DEL01-CE"
177813;2018-12-13;"quinta-feira";"13:30:00";"SC";101;136;"BALNEARIO CAMBORIU";"Não guardar distância de segurança";"Colisão traseira";"Com Vítimas Feridas";"Pleno dia";"Decrescente";"Sol";"Dupla";"Reta";"Sim";2;0;1;0;1;0;1;2;-27,0158;-48,6117;"SPRF-SC";"DEL04-SC";"UOP03-DEL04-SC"
177816;2018-12-13;"quinta-feira";"13:10:00";"MT";364;191;"RONDONOPOLIS";"Falta de Atenção à Condução";"Colisão traseira";"Com Vítimas Feridas";"Pleno dia";"Decrescente";"Céu Claro";"Simples";"Reta";"Não";3;0;1;0;2;0;1;3;-16,547836;-54,575493;"SPRF-MT";"DEL02-MT";"UOP01-DEL02-MT"
177820;2018-12-13;"quinta-feira";"13:05:00";"SC";163;73,1;"SAO MIGUEL DO OESTE";"Não guardar distância de segurança";"Colisão traseira";"Com Vítimas Feridas";"Pleno dia";"Decrescente";"Céu Claro";"Dupla";"Reta";"Não";3;0;1;0;2;0;1;2;-26,70972173;-53,51471812;"SPRF-SC";"DEL07-SC";"UOP03-DEL07-SC"
177821;2018-12-13;"quinta-feira";"10:57:00";"RS";116;202,4;"PICADA CAFE";"Defeito Mecânico no Veículo";"Queda de ocupante de veículo";"Com Vítimas Feridas";"Pleno dia";"Decrescente";"Céu Claro";"Simples";"Declive";"Não";1;0;1;0;0;0;1;1;-29,485033;-51,151939;"SPRF-RS";"DEL05-RS";"UOP02-DEL05-RS"
177825;2018-12-13;"quinta-feira";"13:55:00";"TO";153;656,8;"GURUPI";"Não guardar distância de segurança";"Saída de leito carroçável";"Sem Vítimas";"Pleno dia";"Crescente";"Céu Claro";"Simples";"Reta";"Não";2;0;0;0;1;1;0;2;-11,587589;-49,035965;"SPRF-TO";"DEL02-TO";"UOP02-DEL01-TO"
177832;2018-12-13;"quinta-feira";"08:30:00";"BA";101;457,4;"AURELINO LEAL";"Defeito Mecânico no Veículo";"Incêndio";"Sem Vítimas";"Pleno dia";"Decrescente";"Sol";"Simples";"Reta";"Não";2;0;0;0;1;1;0;2;-14,4078;-39,3252;"SPRF-BA";"DEL05-BA";"UOP01-DEL05-BA"
177836;2018-12-13;"quinta-feira";"13:15:00";"SC";480;129;"SAO DOMINGOS";"Desobediência às normas de trânsito pelo condutor";"Colisão transversal";"Com Vítimas Feridas";"Pleno dia";"Crescente";"Sol";"Dupla";"Interseção de Vias";"Sim";2;0;1;0;1;0;1;2;-26,509361;-52,582638;"SPRF-SC";"DEL07-SC";"UOP01-DEL07-SC"
177846;2018-12-13;"quinta-feira";"17:10:00";"SP";153;307,9;"SAO PEDRO DO TURVO";"Ultrapassagem Indevida";"Colisão traseira";"Sem Vítimas";"Pleno dia";"Crescente";"Nublado";"Simples";"Reta";"Não";11;0;0;0;9;3;0;6;-22,642563;-49,889549;"SPRF-SP";"DEL07-SP";"UOP03-DEL07-SP"
177850;2018-07-10;"terça-feira";"17:50:00";"RJ";116;273;"BARRA MANSA";"Velocidade Incompatível";"Tombamento";"Com Vítimas Feridas";"Plena Noite";"Decrescente";"Chuva";"Dupla";"Reta";"Sim";9;0;4;0;4;1;4;6;-22,5491804;-44,1834481;"SPRF-RJ";"DEL07-RJ";"UOP02-DEL07-RJ"
177857;2018-12-13;"quinta-feira";"17:05:00";"SP";116;449,9;"REGISTRO";"Falta de Atenção à Condução";"Colisão traseira";"Com Vítimas Feridas";"Pleno dia";"Decrescente";"Sol";"Múltipla";"Reta";"Sim";2;0;1;0;0;1;1;2;-24,5353726;-47,8583765;"SPRF-SP";"DEL05-SP";"UOP01-DEL05-SP"
177865;2018-12-13;"quinta-feira";"17:50:00";"SC";101;202,3;"SAO JOSE";"Desobediência às normas de trânsito pelo condutor";"Saída de leito carroçável";"Com Vítimas Feridas";"Pleno dia";"Crescente";"Céu Claro";"Múltipla";"Interseção de Vias";"Sim";1;0;1;0;0;0;1;1;-27,5651;-48,6144;"SPRF-SC";"DEL01-SC";"UOP01-DEL01-SC"
177870;2018-12-13;"quinta-feira";"15:20:00";"MT";364;24;"ALTO ARAGUAIA";"Defeito Mecânico no Veículo";"Colisão traseira";"Sem Vítimas";"Pleno dia";"Crescente";"Sol";"Simples";"Declive";"Não";3;0;0;0;2;2;0;4;-17,188171;-53,370472;"SPRF-MT";"DEL02-MT";"UOP02-DEL02-MT"
177872;2018-12-13;"quinta-feira";"18:45:00";"PR";277;101;"CURITIBA";"Desobediência às normas de trânsito pelo condutor";"Colisão traseira";"Com Vítimas Feridas";"Anoitecer";"Decrescente";"Céu Claro";"Dupla";"Curva";"Sim";4;0;0;1;2;1;1;4;-25,42735996;-49,3811173;"SPRF-PR";"DEL01-PR";"UOP06-DEL01-PR"
177873;2018-12-13;"quinta-feira";"17:30:00";"CE";222;32,6;"CAUCAIA";"Carga excessiva e/ou mal acondicionada";"Saída de leito carroçável";"Com Vítimas Feridas";"Anoitecer";"Crescente";"Nublado";"Simples";"Em Obras";"Não";2;0;1;0;0;1;1;2;-3,707839;-38,837753;"SPRF-CE";"DEL01-CE";"UOP01-DEL01-CE"
177878;2018-12-13;"quinta-feira";"19:19:00";"GO";70;3;"AGUAS LINDAS DE GOIAS";"Defeito Mecânico no Veículo";"Colisão lateral";"Sem Vítimas";"Plena Noite";"Crescente";"Céu Claro";"Dupla";"Reta";"Sim";2;0;0;0;2;0;0;2;-15,76027567;-48,24408084;"SPRF-DF";"DEL01-DF";"UOP02-DEL03-DF"
177880;2018-12-13;"quinta-feira";"17:00:00";"BA";116;604;"IRAJUBA";"Ultrapassagem Indevida";"Colisão frontal";"Com Vítimas Feridas";"Pleno dia";"Crescente";"Nublado";"Simples";"Reta;Aclive";"Não";3;0;2;0;0;3;2;5;-13,270675;-40,014066;"SPRF-BA";"DEL03-BA";"UOP02-DEL03-BA"
177897;2018-12-13;"quinta-feira";"18:10:00";"AL";316;78;"POCO DAS TRINCHEIRAS";"Falta de Atenção do Pedestre";"Atropelamento de Pedestre";"Com Vítimas Fatais";"Anoitecer";"Decrescente";"Céu Claro";"Simples";"Reta";"Sim";5;1;1;0;0;3;1;4;-9,334973;-37,292641;"SPRF-AL";"DEL03-AL";"UOP02-DEL03-AL"
177898;2018-12-13;"quinta-feira";"19:10:00";"RS";116;130,1;"SAO MARCOS";"Defeito Mecânico no Veículo";"Colisão com objeto estático";"Com Vítimas Feridas";"Anoitecer";"Crescente";"Nublado";"Simples";"Curva";"Não";2;0;1;0;0;1;1;2;-29,035711;-51,093987;"SPRF-RS";"DEL05-RS";"UOP01-DEL05-RS"
177900;2018-12-13;"quinta-feira";"17:00:00";"BA";101;713,9;"EUNAPOLIS";"Falta de Atenção à Condução";"Colisão transversal";"Com Vítimas Feridas";"Pleno dia";"Decrescente";"Céu Claro";"Simples";"Reta";"Sim";2;0;1;0;1;0;1;2;-16,34633208;-39,58034992;"SPRF-BA";"DEL09-BA";"UOP01-DEL09-BA"
177908;2018-11-10;"sábado";"10:00:00";"RN";226;4,1;"NATAL";"Ultrapassagem Indevida";"Colisão transversal";"Com Vítimas Feridas";"Pleno dia";"Decrescente";"Garoa/Chuvisco";"Simples";"Interseção de Vias";"Não";3;0;0;2;1;0;2;2;-5,81927849;-35,2612263;"SPRF-RN";"DEL01-RN";"UOP02-DEL01-RN"
177910;2018-12-13;"quinta-feira";"18:15:00";"SC";470;95,8;"APIUNA";"Falta de Atenção à Condução";"Colisão com objeto estático";"Com Vítimas Feridas";"Pleno dia";"Crescente";"Céu Claro";"Simples";"Reta";"Não";1;0;1;0;0;0;1;1;-27,018777;-49,370961;"SPRF-SC";"DEL04-SC";"UOP01-DEL04-SC"
177917;2018-12-13;"quinta-feira";"21:45:00";"RJ";116;313;"ITATIAIA";"Avarias e/ou desgaste excessivo no pneu";"Colisão com objeto em movimento";"Com Vítimas Feridas";"Plena Noite";"Decrescente";"Céu Claro";"Dupla";"Reta";"Não";2;0;1;0;1;0;1;2;-22,47829943;-44,5293045;"SPRF-RJ";"DEL07-RJ";"DEL5/7-UOP03/RJ"
177918;2018-12-13;"quinta-feira";"16:20:00";"BA";116;841,5;"VITORIA DA CONQUISTA";"Falta de Atenção à Condução";"Colisão transversal";"Sem Vítimas";"Pleno dia";"Crescente";"Sol";"Simples";"Reta";"Não";4;0;0;0;2;2;0;4;-14,997132;-40,933975;"SPRF-BA";"DEL08-BA";"UOP01-DEL08-BA"
177922;2018-12-13;"quinta-feira";"21:45:00";"MG";146;440,5;"MUZAMBINHO";"Velocidade Incompatível";"Tombamento";"Com Vítimas Fatais";"Plena Noite";"Crescente";"Céu Claro";"Simples";"Declive;Curva";"Não";1;1;0;0;0;0;0;1;-21,311594;-46,596987;"SPRF-MG";"N/A";"N/A"
177926;2018-12-13;"quinta-feira";"22:30:00";"SP";116;200;"ARUJA";"Ingestão de Álcool";"Colisão traseira";"Sem Vítimas";"Plena Noite";"Decrescente";"Céu Claro";"Dupla";"Reta";"Sim";3;0;0;0;2;1;0;3;-23,40263931;-46,31824491;"SPRF-SP";"DEL01-SP";"UOP02-DEL01-SP"
177930;2018-12-13;"quinta-feira";"21:00:00";"GO";20;219,4;"POSSE";"Falta de Atenção à Condução";"Tombamento";"Sem Vítimas";"Plena Noite";"Crescente";"Nublado";"Simples";"Aclive";"Não";1;0;0;0;1;0;0;1;-14,206588;-46,333511;"SPRF-DF";"DEL02-DF";"UOP03-DEL02-DF"
177933;2018-12-13;"quinta-feira";"19:45:00";"SC";282;532,6;"CORDILHEIRA ALTA";"Velocidade Incompatível";"Colisão traseira";"Com Vítimas Feridas";"Pleno dia";"Crescente";"Céu Claro";"Simples";"Aclive";"Não";3;0;1;0;2;0;1;3;-26,99568077;-52,62090683;"SPRF-SC";"DEL07-SC";"UOP01-DEL07-SC"
177937;2018-12-13;"quinta-feira";"17:49:00";"SC";282;493,2;"FAXINAL DOS GUEDES";"Defeito Mecânico no Veículo";"Danos eventuais";"Sem Vítimas";"Pleno dia";"Crescente";"Céu Claro";"Simples";"Rotatória";"Não";2;0;0;0;1;2;0;3;-26,869814;-52,310135;"SPRF-SC";"DEL07-SC";"UOP01-DEL07-SC"
177942;2018-12-13;"quinta-feira";"22:50:00";"RN";101;107;"PARNAMIRIM";"Desobediência às normas de trânsito pelo condutor";"Colisão lateral";"Com Vítimas Feridas";"Plena Noite";"Crescente";"Céu Claro";"Dupla";"Reta";"Sim";3;0;1;0;1;1;1;3;-5,919193;-35,264118;"SPRF-RN";"DEL01-RN";"UOP01-DEL01-RN"
177943;2018-12-13;"quinta-feira";"19:15:00";"MG";153;118,5;"FRUTAL";"Fenômenos da Natureza";"Saída de leito carroçável";"Com Vítimas Feridas";"Plena Noite";"Crescente";"Vento";"Simples";"Reta";"Não";1;0;1;0;0;0;1;1;-20,089468;-49,09240723;"SPRF-MG";"DEL15-MG";"UOP03-DEL15-MG"
177944;2018-12-14;"sexta-feira";"00:15:00";"MG";365;644;"UBERLANDIA";"Falta de Atenção à Condução";"Colisão traseira";"Sem Vítimas";"Plena Noite";"Decrescente";"Céu Claro";"Dupla";"Retorno Regulamentado";"Não";3;0;0;0;2;1;0;3;-18,8871;-48,4551;"SPRF-MG";"DEL15-MG";"UOP01-DEL15-MG"
177947;2018-12-13;"quinta-feira";"21:30:00";"RO";364;314;"PRESIDENTE MEDICI";"Desobediência às normas de trânsito pelo condutor";"Colisão transversal";"Com Vítimas Fatais";"Plena Noite";"Decrescente";"Ignorado";"Simples";"Reta";"Não";5;3;0;0;1;1;0;3;-11,118338;-61,901482;"SPRF-RO";"DEL02-RO";"UOP01-DEL02-RO"
177953;2018-12-14;"sexta-feira";"02:40:00";"MG";381;553,9;"ITAGUARA";"Condutor Dormindo";"Saída de leito carroçável";"Com Vítimas Feridas";"Plena Noite";"Crescente";"Céu Claro";"Dupla";"Curva";"Não";3;0;1;0;1;1;1;3;-20,3294;-44,4538;"SPRF-MG";"DEL04-MG";"UOP03-DEL04-MG"
177957;2018-12-13;"quinta-feira";"22:30:00";"RJ";116;279;"BARRA MANSA";"Velocidade Incompatível";"Colisão traseira";"Sem Vítimas";"Plena Noite";"Crescente";"Céu Claro";"Dupla";"Reta";"Não";4;0;0;0;3;1;0;4;-22,547443;-44,183659;"SPRF-RJ";"DEL07-RJ";"UOP02-DEL07-RJ"
177963;2018-12-14;"sexta-feira";"04:30:00";"BA";116;450;"ANTONIO CARDOSO";"Ultrapassagem Indevida";"Colisão frontal";"Com Vítimas Feridas";"Amanhecer";"Decrescente";"Céu Claro";"Simples";"Curva";"Não";4;0;3;0;0;2;3;4;-12,39336087;-39,15410232;"SPRF-BA";"DEL02-BA";"UOP01-DEL02-BA"
177964;2018-12-14;"sexta-feira";"04:00:00";"RJ";116;264,2;"BARRA MANSA";"Falta de Atenção à Condução";"Colisão traseira";"Sem Vítimas";"Amanhecer";"Decrescente";"Céu Claro";"Simples";"Aclive";"Não";3;0;0;0;2;2;0;4;-22,560883;-44,122238;"SPRF-RJ";"DEL07-RJ";"UOP02-DEL07-RJ"
177971;2018-12-14;"sexta-feira";"05:30:00";"PI";343;619,7;"FLORIANO";"Ingestão de Álcool";"Colisão frontal";"Com Vítimas Fatais";"Amanhecer";"Crescente";"Céu Claro";"Simples";"Reta";"Não";2;1;0;0;0;1;0;2;-6,940875;-43,200928;"SPRF-PI";"DEL03-PI";"UOP01-DEL03-PI"
177976;2018-12-14;"sexta-feira";"06:15:00";"BA";101;190;"CONCEICAO DA FEIRA";"Falta de Atenção à Condução";"Tombamento";"Com Vítimas Feridas";"Pleno dia";"Crescente";"Céu Claro";"Simples";"Aclive";"Não";2;0;1;0;1;0;1;1;-12,4945;-38,9555;"SPRF-BA";"DEL01-BA";"UOP03-DEL01-BA"