"id";"data_inversa";"dia_semana";"horario";"uf";"br";"km";"municipio";"causa_acidente";"tipo_acidente";"classificacao_acidente";"fase_dia";"sentido_via";"condicao_metereologica";"tipo_pista";"tracado_via";"uso_solo";"pessoas";"mortos";"feridos_leves";"feridos_graves";"ilesos";"ignorados";"feridos";"veiculos";"latitude";"longitude";"regional";"delegacia";"uop"
177981;2018-12-14;"sexta-feira";"07:30:00";"RJ";116;223,1;"PIRAI";"Falta de Atenção à Condução";"Colisão traseira";"Sem Vítimas";"Pleno dia";"Decrescente";"Sol";"Dupla";"Curva";"Não";3;0;0;0;2;2;0;4;-22,67653213;-43,83356832;"SPRF-RJ";"DEL07-RJ";"UOP01-DEL07-RJ"
177982;2018-12-14;"sexta-feira";"07:15:00";"RJ";116;126;"MAGE";"Falta de Atenção à Condução";"Colisão lateral";"Sem Vítimas";"Pleno dia";"Decrescente";"Céu Claro";"Dupla";"Curva";"Não";2;0;0;0;2;0;0;2;-22,654894;-43,086365;"SPRF-RJ";"DEL04-RJ";"UOP02-DEL04-RJ"
177987;2018-12-14;"sexta-feira";"07:50:00";"GO";60;393;"RIO VERDE";"Ingestão de Álcool";"Tombamento";"Sem Vítimas";"Pleno dia";"Decrescente";"Sol";"Dupla";"Reta";"Sim";1;0;0;0;1;0;0;1;-17,8248;-50,9889;"SPRF-GO";"DEL04-GO";"UOP01-DEL04-GO"
177994;2018-12-14;"sexta-feira";"08:00:00";"BA";324;515;"FEIRA DE SANTANA";"Falta de Atenção à Condução";"Colisão frontal";"Com Vítimas Feridas";"Pleno dia";"Crescente";"Céu Claro";"Simples";"Reta";"Sim";4;0;1;0;2;2;1;5;-12,25425355;-38,93237114;"SPRF-BA";"DEL02-BA";"UOP01-DEL02-BA"
177997;2018-12-14;"sexta-feira";"07:20:00";"RO";364;11,5;"VILHENA";"Desobediência às normas de trânsito pelo condutor";"Colisão transversal";"Com Vítimas Feridas";"Pleno dia";"Crescente";"Sol";"Dupla";"Reta";"Sim";5;0;0;1;1;3;1;4;-12,74605;-60,112728;"SPRF-RO";"DEL04-RO";"UOP01-DEL04-RO"
177999;2018-12-14;"sexta-feira";"09:10:00";"PA";316;18;"BENEVIDES";"Falta de Atenção à Condução";"Colisão lateral";"Com Vítimas Feridas";"Pleno dia";"Decrescente";"Céu Claro";"Dupla";"Reta";"Não";6;0;2;0;3;1;2;3;-1,360972;-48,262413;"SPRF-PA";"DEL01-PA";"DEL19/1-UOP05/PA"
178002;2018-12-14;"sexta-feira";"10:25:00";"DF";20;6,7;"BRASILIA";"Falta de Atenção à Condução";"Colisão lateral";"Com Vítimas Feridas";"Pleno dia";"Decrescente";"Céu Claro";"Dupla";"Retorno Regulamentado";"Sim";2;0;1;0;1;0;1;2;-15,665888;-47,808308;"SPRF-DF";"DEL02-DF";"UOP01-DEL02-DF"
178008;2018-10-16;"terça-feira";"06:00:00";"BA";242;572;"IBOTIRAMA";"Pista Escorregadia";"Colisão frontal";"Com Vítimas Feridas";"Amanhecer";"Crescente";"Chuva";"Simples";"Curva";"Não";5;0;0;2;2;4;2;8;-12,087463;-43,157622;"SPRF-BA";"DEL10-BA";"UOP03-DEL06-BA"
178009;2018-12-14;"sexta-feira";"08:45:00";"RJ";101;211;"CASIMIRO DE ABREU";"Falta de Atenção à Condução";"Colisão traseira";"Com Vítimas Feridas";"Pleno dia";"Decrescente";"Céu Claro";"Dupla";"Reta";"Não";5;0;1;1;3;0;2;2;-22,481621;-42,246159;"SPRF-RJ";"DEL02-RJ";"UOP04-DEL08-RJ"
178015;2018-12-14;"sexta-feira";"09:50:00";"RN";304;31,8;"MOSSORO";"Ultrapassagem Indevida";"Colisão lateral";"Com Vítimas Feridas";"Pleno dia";"Crescente";"Céu Claro";"Simples";"Reta";"Não";3;0;2;0;0;1;2;2;-5,125933;-37,342953;"SPRF-RN";"DEL04-RN";"UOP02-DEL04-RN"
178019;2018-12-14;"sexta-feira";"07:20:00";"MT";364;325;"CAMPO VERDE";"Desobediência às normas de trânsito pelo condutor";"Colisão traseira";"Com Vítimas Feridas";"Pleno dia";"Crescente";"Céu Claro";"Dupla";"Reta";"Não";3;0;1;0;1;2;1;4;-15,812655;-55,368172;"SPRF-MT";"DEL02-MT";"UOP02-DEL05-MT"
178021;2018-12-06;"quinta-feira";"01:00:00";"RS";153;612,5;"BAGE";"Condutor Dormindo";"Saída de leito carroçável";"Com Vítimas Feridas";"Plena Noite";"Crescente";"Céu Claro";"Simples";"Reta";"Não";2;0;1;0;0;1;1;2;-31,266766;-53,907207;"SPRF-RS";"DEL11-RS";"UOP03-DEL11-RS"
178024;2018-12-14;"sexta-feira";"07:30:00";"MA";10;223,1;"GOVERNADOR EDISON LOBAO";"Não guardar distância de segurança";"Colisão lateral";"Com Vítimas Feridas";"Amanhecer";"Decrescente";"Céu Claro";"Simples";"Interseção de Vias";"Sim";3;0;1;0;1;1;1;2;-5,763524;-47,359402;"SPRF-MA";"DEL04-MA";"UOP01-DEL04-MA"
178025;2018-12-14;"sexta-feira";"11:30:00";"SP";116;281;"EMBU DAS ARTES";"Falta de Atenção à Condução";"Colisão lateral";"Com Vítimas Feridas";"Pleno dia";"Decrescente";"Céu Claro";"Dupla";"Reta";"Sim";5;0;1;0;3;1;1;4;-23,6536739;-46,84831023;"SPRF-SP";"DEL04-SP";"UOP01-DEL04-SP"
178027;2018-12-14;"sexta-feira";"09:00:00";"MA";316;199,1;"ZE DOCA";"Falta de Atenção à Condução";"Colisão transversal";"Com Vítimas Fatais";"Pleno dia";"Crescente";"Nublado";"Simples";"Reta";"Sim";2;1;0;0;1;0;0;2;-3,286687;-45,657146;"SPRF-MA";"DEL02-MA";"UI04-DEL02-MA"
178028;2018-12-10;"segunda-feira";"16:30:00";"MG";381;525;"BRUMADINHO";"Falta de Atenção à Condução";"Tombamento";"Com Vítimas Feridas";"Pleno dia";"Crescente";"Sol";"Dupla";"Curva";"Não";3;0;1;0;1;1;1;2;-20,1511;-44,3256;"SPRF-MG";"DEL04-MG";"UOP03-DEL04-MG"
178030;2018-12-14;"sexta-feira";"08:45:00";"BA";116;786,9;"PLANALTO";"Falta de Atenção do Pedestre";"Atropelamento de Pedestre";"Com Vítimas Feridas";"Pleno dia";"Decrescente";"Nublado";"Simples";"Reta";"Não";4;0;0;1;1;2;1;3;-14,68528;-40,54381;"SPRF-BA";"DEL08-BA";"UOP02-DEL08-BA"
178037;2018-12-14;"sexta-feira";"13:00:00";"TO";153;752;"ALVORADA";"Falta de Atenção à Condução";"Engavetamento";"Com Vítimas Fatais";"Pleno dia";"Crescente";"Céu Claro";"Simples";"Reta";"Não";6;1;0;0;4;3;0;7;-12,41847151;-49,12639618;"SPRF-TO";"DEL02-TO";"UOP02-DEL01-TO"
178044;2018-12-07;"sexta-feira";"01:00:00";"PE";101;45;"IGARASSU";"Velocidade Incompatível";"Colisão lateral";"Sem Vítimas";"Plena Noite";"Crescente";"Vento";"Múltipla";"Reta";"Sim";4;0;0;0;3;1;0;2;-7,8728;-34,9061;"SPRF-PE";"DEL01-PE";"UOP02-DEL01-PE"
178051;2018-12-14;"sexta-feira";"09:20:00";"PE";232;500,9;"VERDEJANTE";"Defeito Mecânico no Veículo";"Saída de leito carroçável";"Com Vítimas Feridas";"Pleno dia";"Decrescente";"Céu Claro";"Simples";"Curva";"Não";4;0;4;0;0;0;4;1;-8,0197956;-39,04369354;"SPRF-PE";"DEL05-PE";"UOP01-DEL05-PE"
178053;2018-12-14;"sexta-feira";"13:50:00";"RJ";493;95;"SEROPEDICA";"Falta de Atenção à Condução";"Colisão traseira";"Com Vítimas Fatais";"Pleno dia";"Decrescente";"Sol";"Múltipla";"Reta";"Não";12;1;4;3;1;3;7;7;-22,70642522;-43,6984279;"SPRF-RJ";"DEL01-RJ";"UOP03-DEL01-RJ"
178061;2018-11-29;"quinta-feira";"12:35:00";"PR";376;290,6;"MAUA DA SERRA";"Falta de Atenção à Condução";"Colisão transversal";"Com Vítimas Feridas";"Pleno dia";"Crescente";"Céu Claro";"Dupla";"Reta";"Sim";4;0;1;0;2;1;1;3;-23,89260149;-51,22907639;"SPRF-PR";"DEL07-PR";"UOP02-DEL07-PR"
178062;2018-12-14;"sexta-feira";"14:55:00";"RS";116;38,6;"VACARIA";"Falta de Atenção à Condução";"Colisão transversal";"Sem Vítimas";"Pleno dia";"Crescente";"Sol";"Simples";"Interseção de Vias";"Sim";3;0;0;0;3;0;0;2;-28,50876526;-50,92894003;"SPRF-RS";"DEL05-RS";"UOP03-DEL05-RS"
178063;2018-12-14;"sexta-feira";"15:30:00";"SC";470;57,8;"BLUMENAU";"Não guardar distância de segurança";"Colisão traseira";"Com Vítimas Feridas";"Pleno dia";"Crescente";"Céu Claro";"Simples";"Reta";"Sim";3;0;2;0;1;0;2;2;-26,880428;-49,136532;"SPRF-SC";"DEL04-SC";"UOP01-DEL04-SC"
178065;2018-12-14;"sexta-feira";"10:25:00";"MG";116;499;"INHAPIM";"Velocidade Incompatível";"Tombamento";"Com Vítimas Feridas";"Pleno dia";"Decrescente";"Sol";"Simples";"Declive;Curva";"Não";2;0;1;0;0;1;1;2;-19,533054;-42,126235;"SPRF-MG";"DEL06-MG";"UOP02-DEL06-MG"
178066;2018-11-28;"quarta-feira";"13:40:00";"PE";101;44,2;"IGARASSU";"Falta de Atenção à Condução";"Colisão traseira";"Com Vítimas Feridas";"Pleno dia";"Decrescente";"Céu Claro";"Múltipla";"Reta";"Sim";2;0;1;0;1;0;1;2;-7,864;-34,9073;"SPRF-PE";"DEL01-PE";"UOP02-DEL01-PE"
178083;2018-12-14;"sexta-feira";"12:20:00";"MA";222;254,7;"ARARI";"Defeito Mecânico no Veículo";"Colisão traseira";"Com Vítimas Feridas";"Pleno dia";"Crescente";"Chuva";"Simples";"Reta";"Não";4;0;1;0;2;3;1;5;-3,57372253;-44,58795445;"SPRF-MA";"DEL01-MA";"UOP02-DEL01-MA"
178084;2018-12-14;"sexta-feira";"16:30:00";"MG";40;416;"CURVELO";"Ultrapassagem Indevida";"Colisão traseira";"Sem Vítimas";"Pleno dia";"Crescente";"Céu Claro";"Simples";"Aclive;Reta";"Não";4;0;0;0;3;1;0;4;-19,1648;-44,5195;"SPRF-MG";"DEL02-MG";"UOP01-DEL02-MG"
178086;2018-12-14;"sexta-feira";"14:40:00";"PA";10;341;"SANTA MARIA DO PARA";"Ultrapassagem Indevida";"Colisão lateral";"Sem Vítimas";"Pleno dia";"Crescente";"Céu Claro";"Simples";"Reta";"Não";4;0;0;0;2;3;0;5;-1,356462;-47,57423;"SPRF-PA";"DEL01-PA";"UOP02-DEL01-PA"
178090;2018-12-14;"sexta-feira";"15:45:00";"BA";116;685;"JEQUIE";"Não guardar distância de segurança";"Engavetamento";"Sem Vítimas";"Pleno dia";"Crescente";"Céu Claro";"Simples";"Aclive";"Não";4;0;0;0;3;3;0;6;-14,02768297;-40,19605637;"SPRF-BA";"DEL03-BA";"UOP01-DEL03-BA"
178094;2018-12-14;"sexta-feira";"16:05:00";"RO";364;273,9;"CACOAL";"Falta de Atenção à Condução";"Colisão transversal";"Com Vítimas Feridas";"Pleno dia";"Decrescente";"Nublado";"Simples";"Interseção de Vias";"Não";4;0;2;0;2;0;2;2;-11,385059;-61,741104;"SPRF-RO";"DEL02-RO";"UOP02-DEL02-RO"
178096;2018-12-14;"sexta-feira";"13:45:00";"SC";282;456,7;"PONTE SERRADA";"Falta de Atenção à Condução";"Colisão lateral";"Com Vítimas Feridas";"Pleno dia";"Crescente";"Sol";"Simples";"Curva";"Não";4;0;2;0;1;1;2;3;-26,88992331;-51,98661804;"SPRF-SC";"DEL07-SC";"UOP04-DEL07-SC"
178098;2018-12-14;"sexta-feira";"16:19:00";"MG";381;873,2;"ESTIVA";"Falta de Atenção à Condução";"Saída de leito carroçável";"Sem Vítimas";"Pleno dia";"Decrescente";"Céu Claro";"Dupla";"Curva";"Não";2;0;0;0;1;1;0;2;-22,422;-45,9667;"SPRF-MG";"DEL16-MG";"UOP01-DEL16-MG"
178105;2018-12-14;"sexta-feira";"17:50:00";"BA";116;460;"SANTO ESTEVAO";"Sinalização da via insuficiente ou inadequada";"Tombamento";"Sem Vítimas";"Anoitecer";"Crescente";"Céu Claro";"Simples";"Reta";"Sim";2;0;0;0;1;1;0;2;-12,44147977;-39,23187733;"SPRF-BA";"DEL02-BA";"UOP01-DEL02-BA"
178108;2018-12-14;"sexta-feira";"18:10:00";"PR";277;730,7;"FOZ DO IGUACU";"Falta de Atenção à Condução";"Colisão lateral";"Com Vítimas Feridas";"Pleno dia";"Decrescente";"Céu Claro";"Simples";"Ponte";"Sim";3;0;1;0;1;1;1;3;-25,50929166;-54,59587097;"SPRF-PR";"DEL05-PR";"UOP03-DEL05-PR"
178109;2018-12-14;"sexta-feira";"17:00:00";"SC";153;13,4;"AGUA DOCE";"Falta de Atenção à Condução";"Colisão traseira";"Com Vítimas Feridas";"Pleno dia";"Decrescente";"Céu Claro";"Simples";"Interseção de Vias";"Não";3;0;0;2;1;0;2;2;-26,690351;-51,567181;"SPRF-SC";"DEL07-SC";"UOP07-DEL07-SC"
178111;2018-12-14;"sexta-feira";"17:20:00";"PB";230;12,4;"CABEDELO";"Desobediência às normas de trânsito pelo condutor";"Colisão lateral";"Com Vítimas Fatais";"Anoitecer";"Crescente";"Sol";"Dupla";"Retorno Regulamentado";"Sim";3;1;1;0;1;0;1;2;-7,068;-34,85;"SPRF-PB";"DEL01-PB";"UOP01-DEL01-PB"
178115;2018-12-14;"sexta-feira";"18:55:00";"PA";163;1002;"SANTAREM";"Falta de Atenção à Condução";"Colisão transversal";"Com Vítimas Feridas";"Plena Noite";"Crescente";"Céu Claro";"Simples";"Reta";"Não";2;0;1;0;1;0;1;2;-2,4680703;-54,72839355;"SPRF-PA";"DEL05-PA";"UOP01-DEL05-PA"
178118;2018-12-14;"sexta-feira";"19:00:00";"SP";116;503;"CAJATI";"Velocidade Incompatível";"Tombamento";"Sem Vítimas";"Anoitecer";"Crescente";"Céu Claro";"Simples";"Curva;Declive";"Não";2;0;0;0;1;1;0;2;-24,77921028;-48,21118891;"SPRF-SP";"DEL05-SP";"UAP01-DEL05-SP"
178119;2018-12-14;"sexta-feira";"19:40:00";"SP";116;113,3;"TAUBATE";"Ultrapassagem Indevida";"Colisão transversal";"Com Vítimas Feridas";"Anoitecer";"Decrescente";"Nublado";"Dupla";"Reta";"Sim";3;0;1;0;1;1;1;3;-23,044081;-45,58041;"SPRF-SP";"DEL06-SP";"UOP02-DEL02-SP"
178125;2018-12-14;"sexta-feira";"19:30:00";"RJ";116;71;"TERESOPOLIS";"Condutor Dormindo";"Colisão transversal";"Com Vítimas Feridas";"Anoitecer";"Crescente";"Chuva";"Simples";"Curva";"Sim";2;0;1;0;1;0;1;2;-22,327364;-42,938583;"SPRF-RJ";"DEL04-RJ";"UOP01-DEL04-RJ"
178131;2018-12-14;"sexta-feira";"19:30:00";"MT";163;1062;"GUARANTA DO NORTE";"Deficiência ou não Acionamento do Sistema de Iluminação/Sinalização do Veículo";"Colisão traseira";"Com Vítimas Fatais";"Plena Noite";"Crescente";"Céu Claro";"Simples";"Declive";"Sim";4;1;1;1;1;0;2;2;-9,9714791;-54,90506262;"SPRF-MT";"DEL06-MT";"UOP02-DEL06-MT"
178133;2018-12-14;"sexta-feira";"17:40:00";"MT";364;525;"ROSARIO OESTE";"Defeito na Via";"Colisão frontal";"Com Vítimas Fatais";"Anoitecer";"Crescente";"Céu Claro";"Simples";"Reta";"Não";3;2;0;0;0;4;0;6;-15,049335;-56,516273;"SPRF-MT";"DEL01-MT";"UOP01-DEL01-MT"
178142;2018-12-14;"sexta-feira";"20:40:00";"ES";101;135;"LINHARES";"Não guardar distância de segurança";"Colisão traseira";"Com Vítimas Feridas";"Plena Noite";"Crescente";"Céu Claro";"Simples";"Reta";"Não";3;0;1;0;2;0;1;3;-19,27461865;-40,08799922;"SPRF-ES";"DEL04-ES";"UOP01-DEL04-ES"
178176;2018-12-14;"sexta-feira";"14:30:00";"MA";230;387,4;"BALSAS";"Defeito Mecânico no Veículo";"Capotamento";"Sem Vítimas";"Pleno dia";"Decrescente";"Céu Claro";"Simples";"Declive;Reta";"Não";2;0;0;0;1;3;0;4;-7,38580592;-45,98058879;"SPRF-MA";"DEL05-MA";"UOP01-DEL05-MA"
178187;2018-12-15;"sábado";"00:30:00";"SC";470;45;"GASPAR";"Velocidade Incompatível";"Colisão frontal";"Com Vítimas Feridas";"Plena Noite";"Crescente";"Chuva";"Simples";"Ponte";"Não";3;0;0;1;1;1;1;3;-26,867064;-49,031109;"SPRF-SC";"DEL04-SC";"UOP01-DEL04-SC"
178188;2018-12-14;"sexta-feira";"18:45:00";"PR";476;207;"LAPA";"Falta de Atenção à Condução";"Colisão transversal";"Com Vítimas Fatais";"Pleno dia";"Crescente";"Nublado";"Simples";"Curva";"Não";9;1;6;2;0;0;8;3;-25,775969;-49,82312;"SPRF-PR";"DEL02-PR";"UOP04-DEL02-PR"
178190;2018-12-15;"sábado";"00:05:00";"RJ";116;302,5;"RESENDE";"Velocidade Incompatível";"Colisão traseira";"Com Vítimas Fatais";"Plena Noite";"Crescente";"Nublado";"Dupla";"Reta;Aclive";"Sim";3;1;0;0;1;1;0;3;-22,45626446;-44,40817058;"SPRF-RJ";"DEL07-RJ";"DEL5/7-UOP03/RJ"
178193;2018-12-15;"sábado";"00:55:00";"MG";40;434;"PARAOPEBA";"Fenômenos da Natureza";"Incêndio";"Sem Vítimas";"Plena Noite";"Crescente";"Céu Claro";"Dupla";"Reta";"Não";2;0;0;0;1;1;0;2;-19,2228;-44,4464;"SPRF-MG";"DEL02-MG";"UOP01-DEL02-MG"
178200;2018-12-15;"sábado";"00:50:00";"RJ";101;118;"CAMPOS DOS GOYTACAZES";"Falta de Atenção do Pedestre";"Atropelamento de Pedestre";"Com Vítimas Fatais";"Plena Noite";"Crescente";"Céu Claro";"Dupla";"Reta";"Não";3;1;0;0;1;1;0;3;-22,014671;-41,677135;"SPRF-RJ";"DEL08-RJ";"UOP02-DEL08-RJ"
178204;2018-12-15;"sábado";"02:45:00";"SC";282;5;"SAO JOSE";"Falta de Atenção à Condução";"Colisão traseira";"Com Vítimas Feridas";"Plena Noite";"Decrescente";"Céu Claro";"Dupla";"Reta";"Não";3;0;2;0;1;0;2;2;-27,588425;-48,612919;"SPRF-SC";"DEL01-SC";"UOP01-DEL01-SC"
178205;2018-12-15;"sábado";"01:40:00";"PR";116;28;"CAMPINA GRANDE DO SUL";"Velocidade Incompatível";"Colisão com objeto estático";"Com Vítimas Feridas";"Plena Noite";"Decrescente";"Céu Claro";"Dupla";"Declive;Curva;Ponte";"Sim";2;0;2;0;0;0;2;1;-25,106691;-48,804073;"SPRF-PR";"DEL01-PR";"UOP02-DEL01-PR"
178209;2018-12-15;"sábado";"03:05:00";"PR";376;183;"SARANDI";"Falta de Atenção à Condução";"Colisão lateral";"Sem Vítimas";"Plena Noite";"Decrescente";"Céu Claro";"Dupla";"Rotatória";"Não";2;0;0;0;2;0;0;2;-23,441591;-51,870674;"SPRF-PR";"DEL07-PR";"UOP01-DEL09-PR"
178210;2018-12-15;"sábado";"01:30:00";"RO";364;15,9;"VILHENA";"Desobediência às normas de trânsito pelo condutor";"Colisão transversal";"Com Vítimas Feridas";"Plena Noite";"Crescente";"Céu Claro";"Dupla";"Reta";"Sim";3;0;0;1;1;3;1;5;-12,734379;-60,156971;"SPRF-RO";"DEL04-RO";"UOP01-DEL04-RO"
178217;2018-12-14;"sexta-feira";"21:30:00";"MT";163;559;"DIAMANTINO";"Defeito na Via";"Tombamento";"Com Vítimas Fatais";"Plena Noite";"Decrescente";"Céu Claro";"Simples";"Reta";"Não";3;1;1;0;0;2;1;4;-14,16853427;-56,09069824;"SPRF-MT";"DEL01-MT";"UOP01-DEL01-MT"
178222;2018-12-15;"sábado";"04:30:00";"SP";116;128,3;"CACAPAVA";"Falta de Atenção do Pedestre";"Atropelamento de Pedestre";"Com Vítimas Fatais";"Plena Noite";"Crescente";"Céu Claro";"Dupla";"Reta";"Sim";4;1;0;0;2;1;0;4;-23,114546;-45,711056;"SPRF-SP";"DEL06-SP";"UOP02-DEL02-SP"
178223;2018-12-15;"sábado";"04:35:00";"RS";101;8,5;"TORRES";"Desobediência às normas de trânsito pelo condutor";"Colisão traseira";"Sem Vítimas";"Amanhecer";"Crescente";"Nublado";"Dupla";"Reta";"Sim";3;0;0;0;2;1;0;3;-29,360483;-49,807865;"SPRF-RS";"DEL03-RS";"DEL9/3-UOP03/RS"
178226;2018-12-15;"sábado";"03:40:00";"PB";230;145,8;"CAMPINA GRANDE";"Animais na Pista";"Tombamento";"Sem Vítimas";"Plena Noite";"Decrescente";"Céu Claro";"Dupla";"Declive";"Sim";1;0;0;0;1;0;0;1;-7,245342;-35,851227;"SPRF-PB";"DEL02-PB";"UOP01-DEL02-PB"
178229;2018-12-15;"sábado";"04:30:00";"PE";428;144,1;"PETROLINA";"Desobediência às normas de trânsito pelo condutor";"Colisão frontal";"Com Vítimas Fatais";"Amanhecer";"Crescente";"Céu Claro";"Simples";"Reta";"Não";2;1;0;0;1;0;0;2;-9,023611;-40,283939;"SPRF-PE";"DEL06-PE";"UOP01-DEL06-PE"
178232;2018-12-15;"sábado";"04:50:00";"SC";470;182,5;"POUSO REDONDO";"Desobediência às normas de trânsito pelo condutor";"Colisão frontal";"Com Vítimas Feridas";"Plena Noite";"Crescente";"Nublado";"Simples";"Declive";"Sim";3;0;0;1;1;1;1;3;-27,252682;-50,006802;"SPRF-SC";"DEL04-SC";"UOP02-DEL04-SC"
178234;2018-12-15;"sábado";"00:01:00";"RJ";116;32,3;"SAPUCAIA";"Falta de Atenção à Condução";"Tombamento";"Com Vítimas Feridas";"Plena Noite";"Decrescente";"Céu Claro";"Simples";"Curva";"Não";2;0;1;0;1;0;1;1;-22,08349;-42,808907;"SPRF-RJ";"DEL04-RJ";"UOP01-DEL04-RJ"
178236;2018-12-15;"sábado";"06:20:00";"MG";381;723,3;"CARMO DA CACHOEIRA";"Velocidade Incompatível";"Tombamento";"Sem Vítimas";"Amanhecer";"Decrescente";"Céu Claro";"Dupla";"Curva";"Não";1;0;0;0;1;0;0;1;-21,4571;-45,2109;"SPRF-MG";"DEL04-MG";"UOP02-DEL04-MG"
178241;2018-12-15;"sábado";"06:00:00";"MS";262;368,2;"TERENOS";"Falta de Atenção à Condução";"Colisão transversal";"Com Vítimas Feridas";"Amanhecer";"Crescente";"Céu Claro";"Simples";"Reta";"Sim";4;0;2;0;1;1;2;3;-20,47880597;-54,76412863;"SPRF-MS";"DEL01-MS";"UOP03-DEL01-MS"
178244;2018-12-15;"sábado";"04:30:00";"SC";282;572,2;"NOVA ERECHIM";"Ultrapassagem Indevida";"Colisão frontal";"Com Vítimas Fatais";"Plena Noite";"Decrescente";"Céu Claro";"Simples";"Curva";"Não";3;2;0;0;1;0;0;2;-26,879332;-52,949421;"SPRF-SC";"DEL07-SC";"UOP02-DEL07-SC"
178248;2018-12-15;"sábado";"07:00:00";"MG";262;387,2;"FLORESTAL";"Avarias e/ou desgaste excessivo no pneu";"Colisão com objeto em movimento";"Com Vítimas Fatais";"Pleno dia";"Crescente";"Céu Claro";"Dupla";"Reta";"Não";14;2;9;2;1;0;11;2;-19,9163;-44,4964;"SPRF-MG";"DEL01-MG";"UOP03-DEL01-MG"
178255;2018-12-15;"sábado";"07:40:00";"MT";163;740;"SORRISO";"Falta de Atenção à Condução";"Colisão lateral";"Com Vítimas Feridas";"Pleno dia";"Crescente";"Céu Claro";"Simples";"Reta";"Não";3;0;1;0;1;2;1;4;-12,64244351;-55,78415763;"SPRF-MT";"DEL06-MT";"UOP01-DEL06-MT"
178262;2018-08-05;"domingo";"17:40:00";"PE";232;9,9;"JABOATAO DOS GUARARAPES";"Não guardar distância de segurança";"Colisão traseira";"Com Vítimas Feridas";"Anoitecer";"Decrescente";"Nublado";"Dupla";"Reta";"Não";7;0;1;0;6;0;1;6;-8,07912578;-34,98642141;"SPRF-PE";"DEL01-PE";"UOP01-DEL01-PE"
178273;2018-12-15;"sábado";"10:20:00";"PR";116;42;"CAMPINA GRANDE DO SUL";"Velocidade Incompatível";"Colisão transversal";"Com Vítimas Feridas";"Pleno dia";"Decrescente";"Céu Claro";"Dupla";"Retorno Regulamentado;Reta";"Sim";3;0;0;1;1;1;1;3;-25,176117;-48,874256;"SPRF-PR";"DEL01-PR";"UOP02-DEL01-PR"
178277;2018-12-15;"sábado";"10:15:00";"GO";60;36,1;"GOIANIA";"Velocidade Incompatível";"Tombamento";"Sem Vítimas";"Pleno dia";"Crescente";"Sol";"Dupla";"Rotatória";"Sim";2;0;0;0;1;1;0;2;-16,6777;-49,2676;"SPRF-GO";"DEL01-GO";"UOP02-DEL01-GO"
178287;2018-12-15;"sábado";"11:00:00";"MA";10;285,6;"IMPERATRIZ";"Defeito Mecânico no Veículo";"Saída de leito carroçável";"Com Vítimas Feridas";"Pleno dia";"Crescente";"Céu Claro";"Simples";"Reta";"Não";2;0;1;0;0;1;1;2;-5,24207;-47,509281;"SPRF-MA";"DEL04-MA";"UOP01-DEL04-MA"
178289;2018-12-15;"sábado";"11:30:00";"PE";232;7,7;"RECIFE";"Não guardar distância de segurança";"Colisão lateral";"Com Vítimas Feridas";"Pleno dia";"Crescente";"Sol";"Dupla";"Reta";"Não";3;0;1;0;1;1;1;3;-8,073346;-34,96188;"SPRF-PE";"DEL01-PE";"UOP01-DEL01-PE"
178291;2018-12-15;"sábado";"11:00:00";"ES";101;341,5;"GUARAPARI";"Ultrapassagem Indevida";"Colisão frontal";"Com Vítimas Feridas";"Pleno dia";"Crescente";"Céu Claro";"Simples";"Reta";"Não";6;0;4;0;1;3;4;6;-20,6555;-40,5789;"SPRF-ES";"DEL03-ES";"UOP01-DEL03-ES"
178295;2018-12-15;"sábado";"11:25:00";"SC";282;581;"PINHALZINHO";"Não guardar distância de segurança";"Colisão traseira";"Com Vítimas Feridas";"Pleno dia";"Crescente";"Sol";"Simples";"Declive";"Sim";3;0;1;0;1;1;1;3;-26,828749;-52,997929;"SPRF-SC";"DEL07-SC";"UOP02-DEL07-SC"
178296;2018-12-15;"sábado";"12:10:00";"MG";381;510;"SAO JOAQUIM DE BICAS";"Falta de Atenção à Condução";"Engavetamento";"Com Vítimas Feridas";"Pleno dia";"Decrescente";"Céu Claro";"Dupla";"Em Obras;Reta";"Sim";6;0;0;1;4;1;1;4;-20,0613;-44,2919;"SPRF-MG";"DEL01-MG";"UOP03-DEL01-MG"
178299;2018-12-15;"sábado";"09:00:00";"PB";101;123,9;"CAAPORA";"Defeito Mecânico no Veículo";"Colisão com objeto estático";"Sem Vítimas";"Pleno dia";"Crescente";"Céu Claro";"Dupla";"Aclive";"Não";1;0;0;0;1;0;0;1;-7,4767;-34,9786;"SPRF-PB";"DEL01-PB";"UOP01-DEL01-PB"
178304;2018-12-15;"sábado";"13:20:00";"BA";116;814,3;"VITORIA DA CONQUISTA";"Ingestão de Substâncias Psicoativas";"Colisão frontal";"Com Vítimas Fatais";"Pleno dia";"Crescente";"Sol";"Simples";"Reta";"Sim";3;1;0;0;1;2;0;4;-14,80872;-40,79024;"SPRF-BA";"DEL08-BA";"UOP01-DEL08-BA"
178307;2018-12-15;"sábado";"13:30:00";"MT";174;268,9;"PONTES E LACERDA";"Falta de Atenção à Condução";"Saída de leito carroçável";"Com Vítimas Feridas";"Pleno dia";"Crescente";"Céu Claro";"Simples";"Declive";"Não";2;0;1;0;0;1;1;2;-15,37287424;-59,1880039;"SPRF-MT";"DEL04-MT";"UOP01-DEL04-MT"