"id";"data_inversa";"dia_semana";"horario";"uf";"br";"km";"municipio";"causa_acidente";"tipo_acidente";"classificacao_acidente";"fase_dia";"sentido_via";"condicao_metereologica";"tipo_pista";"tracado_via";"uso_solo";"pessoas";"mortos";"feridos_leves";"feridos_graves";"ilesos";"ignorados";"feridos";"veiculos";"latitude";"longitude";"regional";"delegacia";"uop"
178316;2018-12-15;"sábado";"12:30:00";"BA";324;523;"FEIRA DE SANTANA";"Defeito Mecânico no Veículo";"Tombamento";"Com Vítimas Feridas";"Pleno dia";"Crescente";"Céu Claro";"Dupla";"Curva";"Sim";2;0;1;0;0;1;1;2;-12,30060617;-38,89852703;"SPRF-BA";"DEL01-BA";"UOP01-DEL01-BA"
178317;2018-12-15;"sábado";"13:30:00";"SC";470;245,5;"CURITIBANOS";"Falta de Atenção à Condução";"Colisão frontal";"Com Vítimas Feridas";"Pleno dia";"Crescente";"Céu Claro";"Simples";"Reta";"Não";3;0;1;1;1;0;2;2;-27,316158;-50,524006;"SPRF-SC";"DEL05-SC";"UOP03-DEL05-SC"
178321;2018-12-15;"sábado";"14:26:00";"SC";101;56,2;"ARAQUARI";"Objeto estático sobre o leito carroçável";"Queda de ocupante de veículo";"Com Vítimas Feridas";"Pleno dia";"Decrescente";"Sol";"Dupla";"Reta";"Não";2;0;0;1;0;1;1;2;-26,43485478;-48,81594121;"SPRF-SC";"DEL03-SC";"UOP01-DEL03-SC"
178322;2018-12-15;"sábado";"14:50:00";"SC";153;95,8;"CONCORDIA";"Desobediência às normas de trânsito pelo condutor";"Colisão frontal";"Com Vítimas Feridas";"Pleno dia";"Crescente";"Nublado";"Simples";"Rotatória";"Não";4;0;1;0;2;1;1;3;-27,204384;-51,949116;"SPRF-SC";"DEL07-SC";"UOP04-DEL07-SC"
178325;2018-12-15;"sábado";"14:30:00";"MS";158;17,1;"CASSILANDIA";"Não guardar distância de segurança";"Colisão traseira";"Com Vítimas Fatais";"Pleno dia";"Crescente";"Céu Claro";"Simples";"Reta";"Não";5;1;0;2;1;7;2;10;-19,176067;-51,607922;"SPRF-MS";"DEL08-MS";"UOP01-DEL08-MS"
178327;2018-12-15;"sábado";"15:40:00";"PR";277;327,1;"GUARAPUAVA";"Velocidade Incompatível";"Saída de leito carroçável";"Com Vítimas Feridas";"Pleno dia";"Decrescente";"Céu Claro";"Simples";"Curva";"Não";3;0;0;1;1;2;1;3;-25,367775;-51,3385;"SPRF-PR";"DEL03-PR";"UOP01-DEL08-PR"
178329;2018-12-15;"sábado";"09:45:00";"RO";364;514;"ARIQUEMES";"Falta de Atenção à Condução";"Colisão traseira";"Com Vítimas Feridas";"Pleno dia";"Crescente";"Céu Claro";"Simples";"Reta";"Sim";3;0;2;0;0;5;2;7;-10,004751;-63,007114;"SPRF-RO";"DEL03-RO";"UOP01-DEL03-RO"
178340;2018-12-15;"sábado";"15:20:00";"RS";116;225,1;"DOIS IRMAOS";"Falta de Atenção à Condução";"Colisão lateral";"Sem Vítimas";"Pleno dia";"Crescente";"Chuva";"Simples";"Curva;Aclive";"Não";2;0;0;0;1;1;0;2;-29,597097;-51,109146;"SPRF-RS";"DEL05-RS";"UOP02-DEL05-RS"
178341;2018-12-15;"sábado";"16:00:00";"PR";277;42;"MORRETES";"Falta de Atenção à Condução";"Colisão traseira";"Com Vítimas Feridas";"Pleno dia";"Crescente";"Céu Claro";"Dupla";"Reta";"Não";3;0;2;0;0;1;2;2;-25,59024806;-48,87444908;"SPRF-PR";"DEL01-PR";"UOP07-DEL01-PR"
178344;2018-12-15;"sábado";"17:00:00";"GO";364;178;"JATAI";"Falta de Atenção à Condução";"Saída de leito carroçável";"Com Vítimas Feridas";"Pleno dia";"Decrescente";"Céu Claro";"Simples";"Curva";"Não";3;0;1;1;0;1;2;2;-17,971918;-51,591183;"SPRF-GO";"DEL05-GO";"UOP01-DEL05-GO"
178350;2018-12-15;"sábado";"14:20:00";"SC";280;99,9;"SAO BENTO DO SUL";"Condutor Dormindo";"Saída de leito carroçável";"Sem Vítimas";"Pleno dia";"Crescente";"Céu Claro";"Simples";"Curva";"Não";2;0;0;0;1;1;0;2;-26,37587;-49,325443;"SPRF-SC";"DEL06-SC";"UOP03-DEL06-SC"
178363;2018-12-15;"sábado";"12:25:00";"SC";470;36;"GASPAR";"Não guardar distância de segurança";"Colisão frontal";"Com Vítimas Feridas";"Pleno dia";"Crescente";"Céu Claro";"Simples";"Reta";"Não";3;0;0;3;0;0;3;2;-26,914196;-48,968948;"SPRF-SC";"DEL04-SC";"UOP01-DEL04-SC"
178376;2018-12-15;"sábado";"15:00:00";"MG";381;407;"BOM JESUS DO AMPARO";"Mal Súbito";"Colisão frontal";"Com Vítimas Feridas";"Pleno dia";"Crescente";"Céu Claro";"Simples";"Reta";"Não";3;0;1;0;1;1;1;3;-19,75122556;-43,52457415;"SPRF-MG";"DEL01-MG";"UOP01-DEL01-MG"
178380;2018-12-15;"sábado";"18:30:00";"AL";101;121;"PILAR";"Defeito na Via";"Tombamento";"Sem Vítimas";"Plena Noite";"Crescente";"Céu Claro";"Simples";"Curva";"Não";2;0;0;0;1;2;0;3;-9,680881;-36,037369;"SPRF-AL";"DEL02-AL";"UOP01-DEL02-AL"
178389;2018-12-15;"sábado";"14:10:00";"MG";116;519,4;"UBAPORANGA";"Velocidade Incompatível";"Tombamento";"Com Vítimas Feridas";"Pleno dia";"Decrescente";"Céu Claro";"Simples";"Curva";"Não";1;0;1;0;0;0;1;1;-19,70237942;-42,11683305;"SPRF-MG";"DEL06-MG";"UOP02-DEL06-MG"
178393;2018-12-15;"sábado";"19:35:00";"ES";101;19;"PEDRO CANARIO";"Falta de Atenção à Condução";"Colisão transversal";"Com Vítimas Feridas";"Plena Noite";"Crescente";"Céu Claro";"Simples";"Curva";"Não";2;0;0;1;0;1;1;2;-18,318481;-39,954372;"SPRF-ES";"DEL04-ES";"UOP02-DEL04-ES"
178398;2018-12-15;"sábado";"20:25:00";"RJ";116;305,5;"RESENDE";"Velocidade Incompatível";"Colisão traseira";"Com Vítimas Feridas";"Plena Noite";"Crescente";"Chuva";"Dupla";"Interseção de Vias";"Sim";3;0;1;0;2;0;1;3;-22,459236;-44,434776;"SPRF-RJ";"DEL07-RJ";"DEL5/7-UOP03/RJ"
178405;2018-12-15;"sábado";"21:15:00";"RJ";101;69,1;"CAMPOS DOS GOYTACAZES";"Ingestão de Álcool";"Colisão frontal";"Sem Vítimas";"Plena Noite";"Crescente";"Céu Claro";"Simples";"Reta";"Não";2;0;0;0;2;0;0;2;-21,776251;-41,365345;"SPRF-RJ";"DEL08-RJ";"UOP02-DEL08-RJ"
178408;2018-12-15;"sábado";"20:00:00";"PR";163;203;"CASCAVEL";"Falta de Atenção à Condução";"Saída de leito carroçável";"Sem Vítimas";"Anoitecer";"Decrescente";"Céu Claro";"Simples";"Reta";"Não";2;0;0;0;1;2;0;3;-25,0029;-53,555;"SPRF-PR";"DEL04-PR";"UOP05-DEL05-PR"
178415;2018-12-15;"sábado";"17:00:00";"MG";262;549;"LUZ";"Defeito Mecânico no Veículo";"Saída de leito carroçável";"Sem Vítimas";"Pleno dia";"Decrescente";"Céu Claro";"Simples";"Declive;Em Obras";"Não";1;0;0;0;1;0;0;1;-19,740187;-45,860352;"SPRF-MG";"DEL08-MG";"UOP02-DEL08-MG"
178425;2018-12-15;"sábado";"22:06:00";"MG";50;170,7;"UBERABA";"Condutor Dormindo";"Colisão traseira";"Com Vítimas Feridas";"Plena Noite";"Decrescente";"Céu Claro";"Dupla";"Aclive";"Sim";3;0;0;1;1;2;1;4;-19,7448;-47,984;"SPRF-MG";"DEL13-MG";"UOP01-DEL13-MG"
178436;2018-12-15;"sábado";"22:20:00";"GO";364;372;"SANTA RITA DO ARAGUAIA";"Ultrapassagem Indevida";"Tombamento";"Sem Vítimas";"Plena Noite";"Decrescente";"Céu Claro";"Simples";"Reta";"Não";2;0;0;0;1;1;0;2;-17,373764;-53,094997;"SPRF-GO";"DEL05-GO";"UOP01-DEL05-GO"
178443;2018-12-15;"sábado";"22:40:00";"SP";158;2;"PAULICEIA";"Ingestão de Álcool";"Saída de leito carroçável";"Sem Vítimas";"Plena Noite";"Decrescente";"Céu Claro";"Simples";"Curva";"Não";3;0;0;0;1;3;0;4;-21,268957;-51,86396;"SPRF-MS";"DEL07-MS";"UOP01-DEL07-MS"
178447;2018-12-15;"sábado";"21:50:00";"PR";116;59,7;"CAMPINA GRANDE DO SUL";"Velocidade Incompatível";"Engavetamento";"Com Vítimas Feridas";"Plena Noite";"Crescente";"Chuva";"Dupla";"Declive";"Não";5;0;1;0;3;3;1;7;-25,303358;-48,94379;"SPRF-PR";"DEL01-PR";"UOP02-DEL01-PR"
178497;2018-12-16;"domingo";"02:00:00";"SC";280;90,9;"CORUPA";"Velocidade Incompatível";"Saída de leito carroçável";"Com Vítimas Feridas";"Plena Noite";"Decrescente";"Nevoeiro/Neblina";"Simples";"Curva";"Não";1;0;1;0;0;0;1;1;-26,407627;-49,283455;"SPRF-SC";"DEL06-SC";"UOP03-DEL06-SC"
178499;2018-12-16;"domingo";"07:15:00";"ES";101;173;"ARACRUZ";"Defeito Mecânico no Veículo";"Tombamento";"Com Vítimas Feridas";"Pleno dia";"Crescente";"Céu Claro";"Simples";"Reta";"Não";3;0;1;1;0;1;2;2;-19,60841721;-40,20632171;"SPRF-ES";"DEL04-ES";"UOP01-DEL04-ES"
178500;2018-12-16;"domingo";"01:00:00";"MT";364;256,5;"JUSCIMEIRA";"Defeito Mecânico no Veículo";"Incêndio";"Sem Vítimas";"Plena Noite";"Decrescente";"Céu Claro";"Simples";"Aclive";"Não";2;0;0;0;1;1;0;2;-16,072792;-54,876343;"SPRF-MT";"DEL02-MT";"UOP01-DEL02-MT"
178502;2018-12-15;"sábado";"15:40:00";"MT";70;329;"DOM AQUINO";"Defeito na Via";"Tombamento";"Sem Vítimas";"Pleno dia";"Crescente";"Nublado";"Simples";"Reta";"Não";2;0;0;0;1;1;0;2;-15,509716;-54,698132;"SPRF-MT";"DEL05-MT";"UOP01-DEL05-MT"
178505;2018-12-16;"domingo";"07:00:00";"MG";381;849;"POUSO ALEGRE";"Velocidade Incompatível";"Colisão com objeto estático";"Com Vítimas Feridas";"Pleno dia";"Decrescente";"Chuva";"Dupla";"Curva";"Não";6;0;4;0;1;1;4;2;-22,23055341;-45,87585926;"SPRF-MG";"DEL16-MG";"UOP01-DEL16-MG"
178509;2018-12-16;"domingo";"05:40:00";"MS";163;409,7;"NOVA ALVORADA DO SUL";"Desobediência às normas de trânsito pelo condutor";"Colisão frontal";"Com Vítimas Feridas";"Amanhecer";"Decrescente";"Céu Claro";"Simples";"Reta";"Não";5;0;2;0;2;2;2;4;-21,07745249;-54,49253082;"SPRF-MS";"DEL02-MS";"UOP01-DEL02-MS"
178511;2018-12-16;"domingo";"05:00:00";"MG";116;607,4;"SAO JOAO DO MANHUACU";"Condutor Dormindo";"Saída de leito carroçável";"Com Vítimas Feridas";"Amanhecer";"Crescente";"Ignorado";"Simples";"Declive";"Não";2;0;1;0;0;1;1;2;-20,379039;-42,147302;"SPRF-MG";"DEL06-MG";"UOP03-DEL06-MG"
178516;2018-12-16;"domingo";"07:20:00";"MS";158;254,6;"TRES LAGOAS";"Falta de Atenção à Condução";"Saída de leito carroçável";"Com Vítimas Feridas";"Amanhecer";"Crescente";"Céu Claro";"Simples";"Reta";"Não";2;0;1;0;0;1;1;2;-20,676827;-51,777591;"SPRF-MS";"DEL07-MS";"UOP01-DEL07-MS"
178519;2018-12-16;"domingo";"01:00:00";"MA";10;292;"CIDELANDIA";"Ingestão de Álcool";"Colisão frontal";"Com Vítimas Fatais";"Plena Noite";"Decrescente";"Nublado";"Simples";"Reta";"Não";2;1;0;0;1;0;0;2;-5,181159;-47,525482;"SPRF-MA";"DEL04-MA";"UOP01-DEL04-MA"
178520;2018-12-16;"domingo";"06:20:00";"CE";222;55;"SAO GONCALO DO AMARANTE";"Condutor Dormindo";"Colisão lateral";"Com Vítimas Feridas";"Pleno dia";"Crescente";"Céu Claro";"Simples";"Reta";"Não";3;0;0;1;1;1;1;3;-3,669402;-39,036377;"SPRF-CE";"DEL01-CE";"UOP03-DEL01-CE"
178524;2018-12-16;"domingo";"07:10:00";"MG";40;583;"ITABIRITO";"Falta de Atenção à Condução";"Colisão lateral";"Com Vítimas Feridas";"Pleno dia";"Crescente";"Céu Claro";"Simples";"Curva";"Não";3;0;1;0;1;1;1;3;-20,3244;-43,93;"SPRF-MG";"DEL01-MG";"UOP02-DEL01-MG"
178535;2018-12-16;"domingo";"07:10:00";"SC";470;241,8;"CURITIBANOS";"Falta de Atenção à Condução";"Colisão lateral";"Sem Vítimas";"Pleno dia";"Crescente";"Céu Claro";"Simples";"Curva";"Não";2;0;0;0;2;0;0;2;-27,308832;-50,490402;"SPRF-SC";"DEL05-SC";"UOP03-DEL05-SC"
178554;2018-12-15;"sábado";"08:40:00";"MG";381;294;"ANTONIO DIAS";"Não guardar distância de segurança";"Colisão traseira";"Sem Vítimas";"Pleno dia";"Decrescente";"Céu Claro";"Simples";"Curva;Declive";"Não";4;0;0;0;3;1;0;4;-19,63964078;-42,81802699;"SPRF-MG";"DEL03-MG";"UOP02-DEL03-MG"
178561;2018-12-16;"domingo";"12:40:00";"ES";101;165,5;"LINHARES";"Ultrapassagem Indevida";"Capotamento";"Com Vítimas Feridas";"Pleno dia";"Decrescente";"Céu Claro";"Simples";"Reta";"Sim";4;0;1;0;2;1;1;3;-19,52400793;-40,14888167;"SPRF-ES";"DEL04-ES";"UOP01-DEL04-ES"
178573;2018-12-16;"domingo";"13:20:00";"BA";116;818;"VITORIA DA CONQUISTA";"Falta de Atenção à Condução";"Colisão lateral";"Com Vítimas Feridas";"Pleno dia";"Decrescente";"Céu Claro";"Simples";"Reta";"Não";2;0;1;0;1;0;1;2;-14,88108716;-40,84716797;"SPRF-BA";"DEL08-BA";"UOP01-DEL08-BA"
178575;2018-12-16;"domingo";"15:10:00";"GO";20;48,2;"FORMOSA";"Condutor Dormindo";"Colisão com objeto estático";"Com Vítimas Feridas";"Pleno dia";"Crescente";"Nublado";"Simples";"Reta;Declive;Ponte";"Não";3;0;1;0;0;2;1;3;-15,34398;-47,120541;"SPRF-DF";"DEL02-DF";"UOP01-DEL02-DF"
178580;2018-12-16;"domingo";"14:25:00";"PE";232;59;"POMBOS";"Desobediência às normas de trânsito pelo condutor";"Colisão traseira";"Sem Vítimas";"Pleno dia";"Decrescente";"Céu Claro";"Dupla";"Declive";"Não";5;0;0;0;5;0;0;5;-8,147123;-35,398911;"SPRF-PE";"DEL01-PE";"UOP02-DEL02PE"
178581;2018-12-16;"domingo";"13:48:00";"PA";316;64;"CASTANHAL";"Falta de Atenção à Condução";"Colisão transversal";"Sem Vítimas";"Pleno dia";"Crescente";"Chuva";"Dupla";"Reta";"Sim";2;0;0;0;2;0;0;2;-1,296296;-47,919842;"SPRF-PA";"DEL01-PA";"UOP01-DEL01-PA"
178587;2018-12-16;"domingo";"10:30:00";"PA";10;175,7;"PARAGOMINAS";"Defeito na Via";"Saída de leito carroçável";"Com Vítimas Fatais";"Pleno dia";"Crescente";"Céu Claro";"Simples";"Rotatória";"Não";1;1;0;0;0;0;0;1;-2,894788;-47,43345;"SPRF-PA";"DEL02-PA";"UOP01-DEL02-PA"
178591;2018-12-16;"domingo";"16:15:00";"PR";277;449,9;"LARANJEIRAS DO SUL";"Desobediência às normas de trânsito pelo condutor";"Colisão frontal";"Com Vítimas Feridas";"Pleno dia";"Decrescente";"Céu Claro";"Simples";"Reta";"Não";2;0;1;0;1;0;1;2;-25,36998478;-52,37661888;"SPRF-PR";"DEL04-PR";"UOP02-DEL04-PR"
178592;2018-12-16;"domingo";"15:00:00";"MG";381;726,8;"CARMO DA CACHOEIRA";"Falta de Atenção à Condução";"Colisão lateral";"Com Vítimas Feridas";"Pleno dia";"Decrescente";"Céu Claro";"Dupla";"Curva";"Não";7;0;1;0;5;1;1;3;-21,4807;-45,2019;"SPRF-MG";"DEL04-MG";"UOP02-DEL04-MG"
178596;2018-12-16;"domingo";"16:20:00";"PR";376;640,2;"TIJUCAS DO SUL";"Ingestão de Álcool";"Colisão lateral";"Sem Vítimas";"Pleno dia";"Crescente";"Céu Claro";"Dupla";"Reta";"Não";4;0;0;0;3;1;0;4;-25,78628999;-49,12296295;"SPRF-PR";"DEL01-PR";"DEL7/1-UOP08/PR"
178619;2018-12-16;"domingo";"18:30:00";"GO";153;438;"ANAPOLIS";"Carga excessiva e/ou mal acondicionada";"Colisão com objeto em movimento";"Sem Vítimas";"Pleno dia";"Decrescente";"Céu Claro";"Dupla";"Reta";"Sim";3;0;0;0;2;1;0;2;-16,291595;-48,934811;"SPRF-GO";"DEL02-GO";"UOP01-DEL02-GO"
178632;2018-12-16;"domingo";"17:45:00";"RS";290;77;"GRAVATAI";"Ingestão de Álcool";"Colisão com objeto estático";"Sem Vítimas";"Pleno dia";"Decrescente";"Sol";"Dupla";"Reta";"Sim";2;0;0;0;1;1;0;2;-29,955027;-51,027363;"SPRF-RS";"DEL01-RS";"UOP01-DEL01-RS"
178635;2018-12-16;"domingo";"18:10:00";"SP";381;54;"MAIRIPORA";"Não guardar distância de segurança";"Colisão traseira";"Com Vítimas Feridas";"Pleno dia";"Decrescente";"Chuva";"Dupla";"Curva";"Sim";8;0;1;0;6;1;1;7;-23,247033;-46,593285;"SPRF-SP";"DEL03-SP";"UOP01-DEL03-SP"
178646;2018-12-16;"domingo";"19:45:00";"ES";259;30,5;"COLATINA";"Ingestão de Álcool";"Colisão frontal";"Com Vítimas Feridas";"Plena Noite";"Crescente";"Céu Claro";"Simples";"Reta";"Não";7;0;2;3;1;1;5;3;-19,595186;-40,506504;"SPRF-ES";"DEL02-ES";"UOP01-DEL02-ES"
178650;2018-12-16;"domingo";"18:30:00";"PA";316;63;"CASTANHAL";"Falta de Atenção à Condução";"Colisão traseira";"Com Vítimas Feridas";"Anoitecer";"Decrescente";"Céu Claro";"Dupla";"Reta";"Sim";2;0;1;0;1;0;1;2;-1,296296;-47,919842;"SPRF-PA";"DEL01-PA";"UOP01-DEL01-PA"
178656;2018-12-16;"domingo";"19:47:00";"SP";153;57;"SAO JOSE DO RIO PRETO";"Ingestão de Álcool";"Colisão frontal";"Com Vítimas Feridas";"Plena Noite";"Crescente";"Céu Claro";"Simples";"Curva";"Sim";2;0;1;1;0;0;2;2;-20,769854;-49,349796;"SPRF-SP";"DEL09-SP";"UOP01-DEL09-SP"
178676;2018-12-16;"domingo";"20:15:00";"SE";101;117,2;"ITAPORANGA DAJUDA";"Desobediência às normas de trânsito pelo pedestre";"Atropelamento de Pedestre";"Com Vítimas Fatais";"Plena Noite";"Decrescente";"Céu Claro";"Dupla";"Reta";"Não";4;1;0;0;0;3;0;4;-11,0245;-37,3274;"SPRF-SE";"DEL02-SE";"UOP01-DEL02-SE"
178682;2018-12-16;"domingo";"12:30:00";"MS";158;36;"PARANAIBA";"Defeito Mecânico no Veículo";"Incêndio";"Sem Vítimas";"Pleno dia";"Crescente";"Céu Claro";"Simples";"Curva";"Não";2;0;0;0;1;1;0;2;-19,275635;-51,489262;"SPRF-MS";"DEL08-MS";"UOP01-DEL08-MS"
178687;2018-12-16;"domingo";"19:10:00";"MA";316;553;"CAXIAS";"Falta de Atenção à Condução";"Colisão traseira";"Com Vítimas Feridas";"Plena Noite";"Decrescente";"Céu Claro";"Dupla";"Reta";"Sim";2;0;1;0;1;0;1;2;-4,877648;-43,338158;"SPRF-MA";"DEL03-MA";"UOP02-DEL03-MA"
178692;2018-12-16;"domingo";"12:20:00";"MG";262;637;"IBIA";"Falta de Atenção à Condução";"Colisão lateral";"Com Vítimas Feridas";"Pleno dia";"Decrescente";"Céu Claro";"Simples";"Reta";"Não";4;0;1;0;2;2;1;4;-19,592907;-46,489998;"SPRF-MG";"DEL08-MG";"UOP01-DEL08-MG"
178702;2018-12-16;"domingo";"17:20:00";"SC";116;74,5;"MONTE CASTELO";"Falta de Atenção à Condução";"Colisão transversal";"Com Vítimas Feridas";"Pleno dia";"Crescente";"Garoa/Chuvisco";"Simples";"Reta";"Não";6;0;1;0;5;0;1;2;-26,41325613;-50,2258873;"SPRF-SC";"DEL06-SC";"UOP02-DEL06-SC"
178707;2018-12-16;"domingo";"22:50:00";"MG";381;446;"SABARA";"Falta de Atenção à Condução";"Colisão frontal";"Com Vítimas Feridas";"Plena Noite";"Decrescente";"Céu Claro";"Simples";"Curva";"Não";2;0;1;0;1;0;1;2;-19,81035098;-43,79418796;"SPRF-MG";"DEL01-MG";"UOP01-DEL01-MG"
178708;2018-12-16;"domingo";"21:43:00";"MG";381;569,5;"ITAGUARA";"Falta de Atenção à Condução";"Tombamento";"Com Vítimas Feridas";"Plena Noite";"Decrescente";"Céu Claro";"Dupla";"Reta";"Não";2;0;1;0;0;1;1;2;-20,4199;-44,5318;"SPRF-MG";"DEL04-MG";"UOP03-DEL04-MG"
178717;2018-12-16;"domingo";"22:00:00";"MT";163;1104;"GUARANTA DO NORTE";"Velocidade Incompatível";"Tombamento";"Com Vítimas Feridas";"Pleno dia";"Crescente";"Nublado";"Simples";"Curva";"Não";2;0;0;1;0;1;1;2;-9,647637;-54,872492;"SPRF-MT";"DEL06-MT";"UOP02-DEL06-MT"
178725;2018-12-16;"domingo";"21:00:00";"BA";116;892;"CANDIDO SALES";"Condutor Dormindo";"Colisão frontal";"Com Vítimas Feridas";"Plena Noite";"Crescente";"Céu Claro";"Simples";"Reta";"Não";3;0;1;0;1;2;1;4;-15,42577157;-41,218071;"SPRF-BA";"DEL08-BA";"UOP03-DEL08-BA"
178741;2018-12-17;"segunda-feira";"00:40:00";"PR";376;652;"TIJUCAS DO SUL";"Falta de Atenção à Condução";"Colisão traseira";"Sem Vítimas";"Plena Noite";"Decrescente";"Nevoeiro/Neblina";"Dupla";"Aclive;Reta";"Não";3;0;0;0;2;1;0;3;-25,83388733;-49,11026001;"SPRF-PR";"DEL01-PR";"DEL7/1-UOP08/PR"
178751;2018-12-17;"segunda-feira";"00:50:00";"RO";421;55,7;"MONTE NEGRO";"Desobediência às normas de trânsito pelo condutor";"Colisão frontal";"Com Vítimas Fatais";"Plena Noite";"Decrescente";"Nublado";"Simples";"Curva";"Não";2;1;0;0;1;0;0;2;-10,282966;-63,313168;"SPRF-RO";"DEL03-RO";"DEL21/3-UOP04/RO"
178753;2018-12-17;"segunda-feira";"01:40:00";"RS";290;24,5;"SANTO ANTONIO DA PATRULHA";"Condutor Dormindo";"Saída de leito carroçável";"Sem Vítimas";"Plena Noite";"Crescente";"Céu Claro";"Dupla";"Reta";"Não";2;0;0;0;1;1;0;2;-29,882015;-50,493973;"SPRF-RS";"DEL03-RS";"UOP02-DEL03-RS"
178754;2018-12-16;"domingo";"14:30:00";"SC";153;1,3;"AGUA DOCE";"Restrição de Visibilidade";"Engavetamento";"Com Vítimas Fatais";"Pleno dia";"Crescente";"Sol";"Simples";"Reta";"Não";4;1;0;0;2;4;0;7;-26,62010688;-51,49976492;"SPRF-SC";"DEL07-SC";"UOP07-DEL07-SC"
178763;2018-12-17;"segunda-feira";"04:20:00";"SP";381;56,5;"MAIRIPORA";"Falta de Atenção do Pedestre";"Atropelamento de Pedestre";"Com Vítimas Fatais";"Plena Noite";"Decrescente";"Céu Claro";"Dupla";"Reta";"Sim";3;1;0;0;0;2;0;2;-23,26111122;-46,58776094;"SPRF-SP";"DEL03-SP";"UOP01-DEL03-SP"
178765;2018-12-16;"domingo";"17:25:00";"PR";116;33,8;"CAMPINA GRANDE DO SUL";"Carga excessiva e/ou mal acondicionada";"Derramamento de carga";"Sem Vítimas";"Pleno dia";"Decrescente";"Nublado";"Dupla";"Curva";"Não";2;0;0;0;1;1;0;2;-25,106838;-48,849354;"SPRF-PR";"DEL01-PR";"UOP02-DEL01-PR"
178773;2018-12-17;"segunda-feira";"06:00:00";"RS";290;196;"RIO PARDO";"Ultrapassagem Indevida";"Colisão frontal";"Com Vítimas Feridas";"Amanhecer";"Crescente";"Céu Claro";"Simples";"Reta";"Não";6;0;2;0;3;2;2;5;-30,167259;-52,175415;"SPRF-RS";"DEL02-RS";"UOP02-DEL02-RS"
178774;2018-12-17;"segunda-feira";"06:00:00";"PE";232;91;"GRAVATA";"Defeito Mecânico no Veículo";"Saída de leito carroçável";"Com Vítimas Feridas";"Pleno dia";"Crescente";"Garoa/Chuvisco";"Dupla";"Reta";"Sim";1;0;1;0;0;0;1;1;-8,216229;-35,646755;"SPRF-PE";"DEL01-PE";"UOP02-DEL02PE"
178779;2018-12-17;"segunda-feira";"06:20:00";"GO";40;9,4;"LUZIANIA";"Não guardar distância de segurança";"Colisão traseira";"Com Vítimas Feridas";"Amanhecer";"Crescente";"Céu Claro";"Dupla";"Reta";"Sim";3;0;0;1;1;1;1;2;-16,131158;-47,957739;"SPRF-DF";"DEL01-DF";"UOP01-DEL01-DF"
178789;2018-12-17;"segunda-feira";"08:30:00";"RJ";101;268;"RIO BONITO";"Defeito Mecânico no Veículo";"Incêndio";"Sem Vítimas";"Pleno dia";"Crescente";"Céu Claro";"Dupla";"Reta";"Sim";2;0;0;0;1;1;0;2;-22,711325;-42,669285;"SPRF-RJ";"DEL02-RJ";"UOP03-DEL02-RJ"
178790;2018-12-17;"segunda-feira";"08:00:00";"PR";376;599,5;"CURITIBA";"Não guardar distância de segurança";"Engavetamento";"Com Vítimas Feridas";"Pleno dia";"Decrescente";"Céu Claro";"Dupla";"Reta";"Sim";4;0;1;0;3;0;1;3;-25,5013721;-49,34158594;"SPRF-PR";"DEL01-PR";"UOP06-DEL01-PR"
178796;2018-12-17;"segunda-feira";"07:40:00";"BA";135;138;"RIACHAO DAS NEVES";"Velocidade Incompatível";"Colisão frontal";"Com Vítimas Fatais";"Pleno dia";"Decrescente";"Céu Claro";"Simples";"Curva";"Não";4;1;0;1;2;0;1;2;-11,858057;-44,842552;"SPRF-BA";"DEL10-BA";"UOP01-DEL10-BA"
178798;2018-12-17;"segunda-feira";"08:09:00";"PB";101;84,9;"BAYEUX";"Falta de Atenção à Condução";"Colisão traseira";"Com Vítimas Feridas";"Pleno dia";"Decrescente";"Sol";"Dupla";"Reta";"Não";2;0;1;0;1;0;1;2;-7,14366761;-34,91844624;"SPRF-PB";"DEL01-PB";"UOP01-DEL01-PB"
178799;2018-12-17;"segunda-feira";"09:15:00";"RS";285;326,6;"CARAZINHO";"Mal Súbito";"Colisão frontal";"Com Vítimas Feridas";"Pleno dia";"Crescente";"Céu Claro";"Simples";"Reta";"Não";5;0;2;0;1;2;2;4;-28,271332;-52,678734;"SPRF-RS";"DEL08-RS";"UOP03-DEL08-RS"
178801;2018-12-17;"segunda-feira";"07:00:00";"CE";222;301,2;"TIANGUA";"Carga excessiva e/ou mal acondicionada";"Tombamento";"Sem Vítimas";"Pleno dia";"Crescente";"Nublado";"Dupla";"Aclive;Curva";"Não";1;0;0;0;1;0;0;1;-3,660814;-40,947792;"SPRF-CE";"DEL04-CE";"UOP02-DEL04-CE"
178806;2018-10-30;"terça-feira";"16:20:00";"SC";101;157,2;"PORTO BELO";"Falta de Atenção à Condução";"Colisão traseira";"Sem Vítimas";"Pleno dia";"Decrescente";"Céu Claro";"Múltipla";"Reta";"Não";2;0;0;0;2;0;0;2;-27,199;-48,6146;"SPRF-SC";"DEL04-SC";"UOP03-DEL04-SC"
178810;2018-12-17;"segunda-feira";"09:30:00";"PR";467;85,7;"CASCAVEL";"Velocidade Incompatível";"Tombamento";"Com Vítimas Feridas";"Pleno dia";"Crescente";"Sol";"Dupla";"Reta";"Sim";2;0;1;0;0;1;1;2;-24,8238;-53,6499;"SPRF-PR";"DEL04-PR";"UOP01-DEL04-PR"
178819;2018-12-17;"segunda-feira";"09:20:00";"PE";424;86,4;"GARANHUNS";"Falta de Atenção à Condução";"Colisão transversal";"Sem Vítimas";"Pleno dia";"Decrescente";"Céu Claro";"Simples";"Reta";"Sim";2;0;0;0;2;0;0;2;-8,865619;-36,509312;"SPRF-PE";"DEL03-PE";"UOP01-DEL03-PE"