"id";"data_inversa";"dia_semana";"horario";"uf";"br";"km";"municipio";"causa_acidente";"tipo_acidente";"classificacao_acidente";"fase_dia";"sentido_via";"condicao_metereologica";"tipo_pista";"tracado_via";"uso_solo";"pessoas";"mortos";"feridos_leves";"feridos_graves";"ilesos";"ignorados";"feridos";"veiculos";"latitude";"longitude";"regional";"delegacia";"uop"
178821;2018-12-17;"segunda-feira";"10:15:00";"MG";40;606,4;"CONGONHAS";"Falta de Atenção à Condução";"Colisão traseira";"Com Vítimas Feridas";"Pleno dia";"Decrescente";"Céu Claro";"Simples";"Reta";"Sim";7;0;1;0;3;3;1;6;-20,4739;-43,8435;"SPRF-MG";"DEL05-MG";"UOP02-DEL05-MG"
178827;2018-12-17;"segunda-feira";"11:15:00";"PE";232;118;"CARUARU";"Pista Escorregadia";"Saída de leito carroçável";"Com Vítimas Feridas";"Pleno dia";"Decrescente";"Chuva";"Dupla";"Ponte";"Não";1;0;0;1;0;0;1;1;-8,300455;-35,910935;"SPRF-PE";"DEL02-PE";"UOP03-DEL02-PE"
178832;2018-12-17;"segunda-feira";"11:50:00";"PE";101;79,7;"JABOATAO DOS GUARARAPES";"Falta de Atenção à Condução";"Colisão lateral";"Com Vítimas Feridas";"Pleno dia";"Decrescente";"Chuva";"Simples";"Em Obras";"Sim";3;0;1;0;1;2;1;4;-8,1533;-34,9421;"SPRF-PE";"DEL01-PE";"UOP01-DEL01-PE"
178834;2018-12-17;"segunda-feira";"12:35:00";"RS";386;352,5;"ESTRELA";"Falta de Atenção à Condução";"Colisão traseira";"Com Vítimas Feridas";"Pleno dia";"Crescente";"Sol";"Dupla";"Reta";"Não";3;0;0;1;1;1;1;3;-29,50569;-51,94388;"SPRF-RS";"DEL04-RS";"UOP01-DEL04-RS"
178838;2018-12-17;"segunda-feira";"13:00:00";"MG";251;518,7;"MONTES CLAROS";"Ultrapassagem Indevida";"Colisão frontal";"Com Vítimas Feridas";"Pleno dia";"Decrescente";"Céu Claro";"Simples";"Aclive";"Não";3;0;1;0;1;1;1;3;-16,6622;-43,7657;"SPRF-MG";"DEL12-MG";"UOP01-DEL12-MG"
178843;2018-12-16;"domingo";"18:00:00";"MG";262;160,7;"SAO DOMINGOS DO PRATA";"Condutor Dormindo";"Tombamento";"Sem Vítimas";"Pleno dia";"Crescente";"Sol";"Simples";"Curva";"Não";1;0;0;0;1;0;0;1;-19,962814;-42,834915;"SPRF-MG";"DEL03-MG";"UOP03-DEL03-MG"
178849;2018-12-17;"segunda-feira";"12:40:00";"AL";101;138,3;"SAO MIGUEL DOS CAMPOS";"Falta de Atenção à Condução";"Colisão transversal";"Sem Vítimas";"Pleno dia";"Crescente";"Nublado";"Simples";"Reta";"Sim";3;0;0;0;2;1;0;3;-9,809752;-36,11702;"SPRF-AL";"DEL02-AL";"UOP01-DEL02-AL"
178852;2018-12-17;"segunda-feira";"13:05:00";"PR";467;84,5;"CASCAVEL";"Falta de Atenção à Condução";"Colisão traseira";"Com Vítimas Feridas";"Pleno dia";"Crescente";"Sol";"Dupla";"Reta";"Sim";3;0;2;0;1;0;2;2;-24,8184;-53,6572;"SPRF-PR";"DEL04-PR";"UOP01-DEL04-PR"
178853;2018-12-17;"segunda-feira";"13:56:00";"RS";116;341;"SENTINELA DO SUL";"Falta de Atenção à Condução";"Colisão traseira";"Com Vítimas Feridas";"Pleno dia";"Crescente";"Céu Claro";"Simples";"Reta";"Não";4;0;1;0;2;2;1;5;-30,55976194;-51,51872814;"SPRF-RS";"DEL02-RS";"UOP01-DEL02-RS"
178855;2018-12-17;"segunda-feira";"05:30:00";"MG";262;900;"CAMPO FLORIDO";"Falta de Atenção à Condução";"Saída de leito carroçável";"Sem Vítimas";"Pleno dia";"Decrescente";"Céu Claro";"Dupla";"Reta";"Não";2;0;0;0;1;1;0;2;-19,766943;-48,580914;"SPRF-MG";"DEL13-MG";"UOP02-DEL13-MG"
178857;2018-12-17;"segunda-feira";"14:40:00";"SC";470;141;"RIO DO SUL";"Não guardar distância de segurança";"Colisão traseira";"Sem Vítimas";"Pleno dia";"Decrescente";"Sol";"Simples";"Reta";"Sim";2;0;0;0;2;0;0;2;-27,226065;-49,666161;"SPRF-SC";"DEL04-SC";"UOP02-DEL04-SC"
178859;2018-01-01;"segunda-feira";"09:40:00";"RJ";101;116;"CAMPOS DOS GOYTACAZES";"Defeito Mecânico no Veículo";"Colisão com objeto estático";"Com Vítimas Feridas";"Pleno dia";"Decrescente";"Céu Claro";"Dupla";"Reta";"Não";4;0;1;0;1;2;1;4;-22,003134;-41,663155;"SPRF-RJ";"DEL08-RJ";"UOP02-DEL08-RJ"
178862;2018-12-17;"segunda-feira";"10:30:00";"RJ";493;80;"JAPERI";"Condutor Dormindo";"Colisão com objeto estático";"Com Vítimas Feridas";"Pleno dia";"Decrescente";"Céu Claro";"Dupla";"Reta";"Não";1;0;0;1;0;0;1;1;-22,66597704;-43,58688354;"SPRF-RJ";"DEL01-RJ";"UOP03-DEL01-RJ"
178863;2018-12-17;"segunda-feira";"15:20:00";"PR";376;109,8;"PARANAVAI";"Desobediência às normas de trânsito pelo condutor";"Colisão transversal";"Sem Vítimas";"Pleno dia";"Decrescente";"Sol";"Simples";"Aclive;Reta;Interseção de Vias";"Não";4;0;0;0;3;2;0;5;-23,085865;-52,401798;"SPRF-PR";"DEL07-PR";"UOP02-DEL09-PR"
178874;2018-12-17;"segunda-feira";"16:30:00";"MG";40;682;"RESSAQUINHA";"Falta de Atenção à Condução";"Colisão lateral";"Sem Vítimas";"Pleno dia";"Crescente";"Céu Claro";"Simples";"Reta";"Sim";2;0;0;0;2;0;0;2;-21,074;-43,7661;"SPRF-MG";"DEL05-MG";"UOP02-DEL05-MG"
178876;2018-12-17;"segunda-feira";"16:25:00";"ES";101;309,3;"VIANA";"Falta de Atenção à Condução";"Atropelamento de Pedestre";"Com Vítimas Feridas";"Pleno dia";"Crescente";"Céu Claro";"Simples";"Reta";"Sim";6;0;0;1;4;1;1;5;-20,42034675;-40,45968088;"SPRF-ES";"DEL03-ES";"UOP01-DEL03-ES"
178879;2018-12-17;"segunda-feira";"17:40:00";"SC";470;90,3;"ASCURRA";"Falta de Atenção à Condução";"Saída de leito carroçável";"Com Vítimas Feridas";"Pleno dia";"Decrescente";"Nublado";"Simples";"Curva";"Sim";2;0;0;1;0;1;1;2;-26,97174519;-49,36674356;"SPRF-SC";"DEL04-SC";"UOP01-DEL04-SC"
178882;2018-12-17;"segunda-feira";"16:00:00";"RS";392;89;"PELOTAS";"Falta de Atenção à Condução";"Colisão traseira";"Sem Vítimas";"Pleno dia";"Decrescente";"Chuva";"Simples";"Reta";"Não";3;0;0;0;3;0;0;3;-31,612764;-52,511257;"SPRF-RS";"DEL07-RS";"UOP01-DEL07-RS"
178888;2018-12-17;"segunda-feira";"16:20:00";"MG";153;1,9;"ARAPORA";"Falta de Atenção à Condução";"Saída de leito carroçável";"Com Vítimas Feridas";"Pleno dia";"Crescente";"Céu Claro";"Dupla";"Retorno Regulamentado";"Sim";2;0;1;0;1;0;1;1;-18,41758;-49,194427;"SPRF-MG";"DEL15-MG";"UOP03-DEL15-MG"
178897;2018-12-17;"segunda-feira";"17:00:00";"MA";222;288;"VITORIA DO MEARIM";"Defeito na Via";"Colisão lateral";"Com Vítimas Feridas";"Anoitecer";"Decrescente";"Nublado";"Simples";"Reta";"Não";5;0;4;1;0;0;5;2;-3,45190842;-44,85134125;"SPRF-MA";"DEL02-MA";"UI04-DEL02-MA"
178899;2018-12-17;"segunda-feira";"16:50:00";"SC";470;127;"LONTRAS";"Defeito na Via";"Danos eventuais";"Sem Vítimas";"Pleno dia";"Crescente";"Chuva";"Simples";"Reta";"Sim";1;0;0;0;1;0;0;1;-27,136574;-49,543015;"SPRF-SC";"DEL04-SC";"UOP02-DEL04-SC"
178901;2018-12-17;"segunda-feira";"14:05:00";"RS";392;253;"CACAPAVA DO SUL";"Defeito Mecânico no Veículo";"Tombamento";"Com Vítimas Feridas";"Pleno dia";"Decrescente";"Chuva";"Simples";"Curva";"Não";2;0;1;0;0;1;1;2;-30,526354;-53,447735;"SPRF-RS";"DEL09-RS";"UOP02-DEL09-RS"
178904;2018-12-17;"segunda-feira";"17:30:00";"RS";116;416;"CAMAQUA";"Desobediência às normas de trânsito pelo pedestre";"Atropelamento de Pedestre";"Com Vítimas Feridas";"Pleno dia";"Crescente";"Chuva";"Simples";"Reta";"Não";3;0;0;1;1;1;1;3;-30,91150373;-51,88138962;"SPRF-RS";"DEL02-RS";"UOP03-DEL02-RS"
178908;2018-12-17;"segunda-feira";"16:40:00";"RJ";101;299;"ITABORAI";"Desobediência às normas de trânsito pelo condutor";"Atropelamento de Pedestre";"Com Vítimas Feridas";"Pleno dia";"Crescente";"Céu Claro";"Múltipla";"Reta";"Sim";2;0;1;0;1;0;1;2;-22,774326;-42,938232;"SPRF-RJ";"DEL02-RJ";"DEL5/2-UOP04/RJ"
178914;2018-12-17;"segunda-feira";"15:40:00";"TO";153;433;"MIRACEMA DO TOCANTINS";"Ultrapassagem Indevida";"Capotamento";"Com Vítimas Feridas";"Pleno dia";"Crescente";"Sol";"Simples";"Curva";"Não";6;0;2;0;3;1;2;2;-9,687895;-48,661354;"SPRF-TO";"DEL02-TO";"UOP01-DEL01-TO"
178915;2018-12-17;"segunda-feira";"19:00:00";"SP";116;544;"BARRA DO TURVO";"Velocidade Incompatível";"Tombamento";"Com Vítimas Feridas";"Anoitecer";"Decrescente";"Céu Claro";"Simples";"Curva;Declive";"Não";2;0;1;0;0;1;1;2;-24,96429397;-48,42492342;"SPRF-SP";"DEL05-SP";"UOP02-DEL05-SP"
178917;2018-12-17;"segunda-feira";"18:30:00";"PE";232;488;"VERDEJANTE";"Falta de Atenção à Condução";"Colisão lateral";"Com Vítimas Feridas";"Plena Noite";"Crescente";"Garoa/Chuvisco";"Simples";"Curva";"Não";3;0;1;0;1;1;1;3;-8,006268;-38,972645;"SPRF-PE";"DEL05-PE";"UOP01-DEL05-PE"
178918;2018-12-17;"segunda-feira";"17:00:00";"MT";364;511;"JANGADA";"Falta de Atenção à Condução";"Colisão lateral";"Com Vítimas Feridas";"Pleno dia";"Decrescente";"Céu Claro";"Simples";"Reta";"Não";3;0;0;1;1;4;1;6;-15,174431;-56,524654;"SPRF-MT";"DEL01-MT";"DEL2/4-UOP02/MT"
178921;2018-12-17;"segunda-feira";"19:27:00";"SC";470;158;"TROMBUDO CENTRAL";"Falta de Atenção à Condução";"Colisão transversal";"Com Vítimas Feridas";"Pleno dia";"Decrescente";"Sol";"Simples";"Rotatória";"Sim";3;0;0;1;1;1;1;3;-27,287016;-49,778389;"SPRF-SC";"DEL04-SC";"UOP02-DEL04-SC"
178924;2018-12-17;"segunda-feira";"14:20:00";"MT";70;270;"PRIMAVERA DO LESTE";"Defeito na Via";"Saída de leito carroçável";"Sem Vítimas";"Pleno dia";"Crescente";"Céu Claro";"Simples";"Curva";"Sim";2;0;0;0;1;2;0;3;-15,529581;-54,213173;"SPRF-MT";"DEL05-MT";"UOP01-DEL05-MT"
178925;2018-12-17;"segunda-feira";"21:00:00";"MG";262;611,5;"CAMPOS ALTOS";"Não guardar distância de segurança";"Colisão traseira";"Com Vítimas Feridas";"Plena Noite";"Crescente";"Céu Claro";"Simples";"Reta";"Não";6;0;1;1;3;2;2;4;-19,666414;-46,16032;"SPRF-MG";"DEL08-MG";"UOP02-DEL08-MG"
178935;2018-12-17;"segunda-feira";"21:30:00";"PI";230;296;"PICOS";"Falta de Atenção à Condução";"Saída de leito carroçável";"Sem Vítimas";"Plena Noite";"Decrescente";"Chuva";"Simples";"Curva";"Não";1;0;0;0;1;0;0;1;-7,03123238;-41,55618846;"SPRF-PI";"DEL03-PI";"UOP01-DEL03-PI"
178936;2018-12-17;"segunda-feira";"22:30:00";"PR";116;115;"CURITIBA";"Agressão Externa";"Atropelamento de Pedestre";"Com Vítimas Feridas";"Plena Noite";"Decrescente";"Céu Claro";"Dupla";"Reta";"Sim";3;0;0;1;1;1;1;3;-25,569897;-49,187782;"SPRF-PR";"DEL01-PR";"UOP01-DEL01-PR"
178937;2018-12-17;"segunda-feira";"21:45:00";"RS";290;39,9;"SANTO ANTONIO DA PATRULHA";"Deficiência ou não Acionamento do Sistema de Iluminação/Sinalização do Veículo";"Saída de leito carroçável";"Sem Vítimas";"Plena Noite";"Crescente";"Garoa/Chuvisco";"Dupla";"Reta";"Não";1;0;0;0;1;0;0;1;-29,88625;-50,648232;"SPRF-RS";"DEL03-RS";"UOP02-DEL03-RS"
178939;2018-12-17;"segunda-feira";"23:10:00";"SC";101;88,1;"BARRA VELHA";"Ultrapassagem Indevida";"Colisão transversal";"Com Vítimas Feridas";"Plena Noite";"Crescente";"Nublado";"Dupla";"Reta";"Sim";4;0;1;1;1;1;2;3;-26,6689;-48,6897;"SPRF-SC";"DEL03-SC";"UOP02-DEL03-SC"
178945;2018-12-17;"segunda-feira";"21:00:00";"SC";282;381;"HERVAL DOESTE";"Pista Escorregadia";"Saída de leito carroçável";"Com Vítimas Feridas";"Plena Noite";"Crescente";"Chuva";"Simples";"Reta";"Não";2;0;1;0;1;0;1;1;-27,204979;-51,501442;"SPRF-SC";"DEL07-SC";"UOP05-DEL07-SC"
178946;2018-12-17;"segunda-feira";"22:20:00";"RS";470;12,5;"BARRACAO";"Desobediência às normas de trânsito pelo condutor";"Colisão transversal";"Com Vítimas Feridas";"Plena Noite";"Crescente";"Nublado";"Simples";"Interseção de Vias";"Sim";3;0;2;0;0;2;2;4;-27,675125;-51,454734;"SPRF-RS";"DEL08-RS";"UOP05-DEL08-RS"
178947;2018-12-17;"segunda-feira";"19:00:00";"MA";10;276;"IMPERATRIZ";"Não guardar distância de segurança";"Colisão traseira";"Sem Vítimas";"Plena Noite";"Crescente";"Céu Claro";"Simples";"Aclive";"Não";3;0;0;0;2;1;0;3;-5,321293;-47,492573;"SPRF-MA";"DEL04-MA";"UOP01-DEL04-MA"
178949;2018-12-17;"segunda-feira";"22:30:00";"BA";242;116;"RAFAEL JAMBEIRO";"Velocidade Incompatível";"Saída de leito carroçável";"Sem Vítimas";"Plena Noite";"Decrescente";"Céu Claro";"Dupla";"Interseção de Vias";"Não";1;0;0;0;1;0;0;1;-12,583307;-39,52112;"SPRF-BA";"DEL06-BA";"UOP02-DEL06-BA"
178950;2018-12-17;"segunda-feira";"22:00:00";"SP";116;562,3;"BARRA DO TURVO";"Velocidade Incompatível";"Saída de leito carroçável";"Com Vítimas Feridas";"Plena Noite";"Decrescente";"Nublado";"Dupla";"Curva";"Não";2;0;1;0;0;1;1;2;-25,02899493;-48,52661133;"SPRF-SP";"DEL05-SP";"UOP02-DEL05-SP"
178952;2018-12-17;"segunda-feira";"22:15:00";"MT";364;592;"DIAMANTINO";"Pista Escorregadia";"Saída de leito carroçável";"Com Vítimas Feridas";"Plena Noite";"Crescente";"Chuva";"Simples";"Curva";"Não";5;0;2;0;2;1;2;3;-14,576256;-56,222767;"SPRF-MT";"DEL01-MT";"UOP01-DEL01-MT"
178959;2018-12-17;"segunda-feira";"20:25:00";"BA";101;191;"CONCEICAO DA FEIRA";"Defeito Mecânico no Veículo";"Tombamento";"Sem Vítimas";"Plena Noite";"Crescente";"Ignorado";"Simples";"Declive";"Não";1;0;0;0;1;0;0;1;-12,5149;-38,9691;"SPRF-BA";"DEL01-BA";"UOP03-DEL01-BA"
178961;2018-12-18;"terça-feira";"00:00:00";"BA";116;719;"BOA NOVA";"Velocidade Incompatível";"Saída de leito carroçável";"Com Vítimas Fatais";"Plena Noite";"Decrescente";"Céu Claro";"Simples";"Curva";"Não";2;1;0;0;0;1;0;2;-14,224424;-40,277755;"SPRF-BA";"DEL08-BA";"UOP02-DEL08-BA"
178964;2018-12-17;"segunda-feira";"04:30:00";"PA";230;580;"VITORIA DO XINGU";"Carga excessiva e/ou mal acondicionada";"Capotamento";"Com Vítimas Feridas";"Plena Noite";"Decrescente";"Céu Claro";"Simples";"Curva";"Não";3;0;2;1;0;0;3;1;-3,11008914;-51,82702185;"SPRF-PA";"DEL04-PA";"UOP01-DEL04-PA"
178965;2018-12-18;"terça-feira";"01:45:00";"MS";163;655,2;"RIO VERDE DE MATO GROSSO";"Falta de Atenção à Condução";"Saída de leito carroçável";"Com Vítimas Feridas";"Plena Noite";"Decrescente";"Céu Claro";"Simples";"Aclive";"Não";2;0;1;0;0;1;1;2;-19,1093476;-54,76307653;"SPRF-MS";"DEL06-MS";"UOP02-DEL06-MS"
178966;2018-12-18;"terça-feira";"02:00:00";"BA";110;369;"CATU";"Falta de Atenção à Condução";"Colisão traseira";"Com Vítimas Feridas";"Plena Noite";"Crescente";"Céu Claro";"Simples";"Reta";"Não";4;0;0;2;1;1;2;3;-12,3934;-38,3765;"SPRF-BA";"DEL01-BA";"UOP04-DEL01-BA"
178971;2018-12-18;"terça-feira";"04:30:00";"RJ";116;244;"PIRAI";"Falta de Atenção à Condução";"Colisão traseira";"Com Vítimas Feridas";"Plena Noite";"Decrescente";"Céu Claro";"Simples";"Aclive";"Sim";4;0;0;1;2;1;1;3;-22,624538;-43,917652;"SPRF-RJ";"DEL07-RJ";"UOP01-DEL07-RJ"
178975;2018-12-18;"terça-feira";"06:00:00";"GO";153;523,8;"HIDROLANDIA";"Falta de Atenção à Condução";"Colisão lateral";"Sem Vítimas";"Amanhecer";"Decrescente";"Céu Claro";"Dupla";"Reta";"Não";2;0;0;0;2;0;0;2;-16,9113;-49,2534;"SPRF-GO";"DEL01-GO";"UOP03-DEL01-GO"
178977;2018-12-18;"terça-feira";"05:40:00";"SP";381;46;"ATIBAIA";"Condutor Dormindo";"Colisão lateral";"Com Vítimas Feridas";"Amanhecer";"Crescente";"Chuva";"Múltipla";"Reta";"Sim";3;0;0;1;1;1;1;3;-23,138622;-46,575844;"SPRF-SP";"DEL03-SP";"UOP01-DEL03-SP"
178990;2018-12-18;"terça-feira";"06:15:00";"MS";60;95,5;"PARAISO DAS AGUAS";"Não guardar distância de segurança";"Saída de leito carroçável";"Com Vítimas Feridas";"Pleno dia";"Crescente";"Céu Claro";"Simples";"Reta";"Não";3;0;1;0;1;3;1;5;-19,252724;-53,210773;"SPRF-MS";"DEL06-MS";"UOP02-DEL06-MS"
178997;2018-12-18;"terça-feira";"07:55:00";"RS";290;52,7;"GLORINHA";"Condutor Dormindo";"Saída de leito carroçável";"Com Vítimas Feridas";"Pleno dia";"Crescente";"Nublado";"Dupla";"Reta";"Não";2;0;1;0;0;1;1;2;-29,911516;-50,777485;"SPRF-RS";"DEL03-RS";"UOP02-DEL03-RS"
179002;2018-12-18;"terça-feira";"08:10:00";"SC";101;209,9;"SAO JOSE";"Restrição de Visibilidade";"Colisão lateral";"Sem Vítimas";"Pleno dia";"Crescente";"Céu Claro";"Múltipla";"Reta";"Não";2;0;0;0;2;0;0;2;-27,6176;-48,6463;"SPRF-SC";"DEL01-SC";"UOP01-DEL01-SC"
179018;2018-12-11;"terça-feira";"03:00:00";"GO";60;186,8;"GUAPO";"Falta de Atenção do Pedestre";"Atropelamento de Pedestre";"Com Vítimas Fatais";"Pleno dia";"Crescente";"Céu Claro";"Dupla";"Reta";"Não";2;1;0;0;1;0;0;2;-16,818673;-49,531981;"SPRF-GO";"DEL01-GO";"UOP02-DEL01-GO"
179019;2018-11-30;"sexta-feira";"14:15:00";"MS";262;529,1;"MIRANDA";"Fenômenos da Natureza";"Colisão frontal";"Com Vítimas Fatais";"Pleno dia";"Crescente";"Chuva";"Simples";"Reta";"Não";4;1;1;1;0;1;2;3;-20,35242974;-56,13333892;"SPRF-MS";"DEL03-MS";"UOP01-DEL03-MS"
179022;2018-12-18;"terça-feira";"11:00:00";"SC";101;113,8;"ITAJAI";"Fenômenos da Natureza";"Incêndio";"Sem Vítimas";"Pleno dia";"Crescente";"Sol";"Dupla";"Reta";"Não";1;0;0;0;1;0;0;1;-26,8622;-48,7286;"SPRF-SC";"DEL04-SC";"UOP04-DEL04-SC"
179023;2018-12-18;"terça-feira";"10:40:00";"RJ";493;2;"ITABORAI";"Sinalização da via insuficiente ou inadequada";"Colisão lateral";"Com Vítimas Feridas";"Pleno dia";"Crescente";"Céu Claro";"Simples";"Desvio Temporário";"Não";2;0;1;0;1;0;1;2;-22,759342;-42,935555;"SPRF-RJ";"DEL04-RJ";"UOP02-DEL04-RJ"
179025;2018-12-18;"terça-feira";"09:30:00";"SC";470;36;"GASPAR";"Falta de Atenção à Condução";"Saída de leito carroçável";"Sem Vítimas";"Pleno dia";"Decrescente";"Céu Claro";"Simples";"Reta";"Não";1;0;0;0;1;0;0;1;-26,914196;-48,968948;"SPRF-SC";"DEL04-SC";"UOP01-DEL04-SC"
179029;2018-12-18;"terça-feira";"10:10:00";"BA";101;410;"IBIRAPITANGA";"Velocidade Incompatível";"Colisão lateral";"Com Vítimas Feridas";"Pleno dia";"Decrescente";"Céu Claro";"Simples";"Curva";"Não";3;0;0;2;1;0;2;2;-14,0462;-39,3893;"SPRF-BA";"DEL05-BA";"UOP03-DEL05-BA"
179030;2018-12-18;"terça-feira";"12:00:00";"SC";101;215;"PALHOCA";"Falta de Atenção à Condução";"Colisão lateral";"Com Vítimas Feridas";"Pleno dia";"Decrescente";"Céu Claro";"Dupla";"Curva";"Não";3;0;0;1;2;0;1;3;-27,6601;-48,6774;"SPRF-SC";"DEL01-SC";"UOP02-DEL01-SC"
179042;2018-12-18;"terça-feira";"13:15:00";"PR";376;494,1;"PONTA GROSSA";"Defeito Mecânico no Veículo";"Tombamento";"Com Vítimas Feridas";"Pleno dia";"Decrescente";"Céu Claro";"Dupla";"Declive";"Sim";2;0;1;0;0;1;1;2;-25,129489;-50,173458;"SPRF-PR";"DEL03-PR";"UOP04-DEL03-PR"
179043;2018-12-11;"terça-feira";"08:30:00";"RJ";40;108;"DUQUE DE CAXIAS";"Falta de Atenção à Condução";"Colisão lateral";"Com Vítimas Feridas";"Pleno dia";"Decrescente";"Céu Claro";"Dupla";"Reta";"Sim";3;0;1;0;0;2;1;3;-22,66230401;-43,28445911;"SPRF-RJ";"DEL01-RJ";"UOP01-DEL01-RJ"
179045;2018-12-18;"terça-feira";"13:20:00";"PR";376;203;"MARIALVA";"Defeito Mecânico no Veículo";"Tombamento";"Com Vítimas Feridas";"Pleno dia";"Decrescente";"Céu Claro";"Dupla";"Reta";"Não";2;0;1;0;1;0;1;1;-23,509514;-51,721405;"SPRF-PR";"DEL07-PR";"UOP01-DEL09-PR"
179046;2018-12-18;"terça-feira";"14:10:00";"SC";470;42,3;"GASPAR";"Falta de Atenção à Condução";"Colisão lateral";"Com Vítimas Feridas";"Pleno dia";"Decrescente";"Céu Claro";"Simples";"Reta";"Não";2;0;0;1;1;0;1;2;-26,87460262;-49,00757432;"SPRF-SC";"DEL04-SC";"UOP01-DEL04-SC"
179050;2018-12-18;"terça-feira";"14:45:00";"SP";101;40,1;"UBATUBA";"Defeito Mecânico no Veículo";"Colisão com objeto em movimento";"Com Vítimas Feridas";"Pleno dia";"Crescente";"Céu Claro";"Simples";"Reta";"Não";3;0;1;0;1;1;1;3;-23,414946;-45,035156;"SPRF-SP";"DEL06-SP";"UOP01-DEL06-SP"
179052;2018-12-18;"terça-feira";"09:50:00";"RO";364;516;"ARIQUEMES";"Falta de Atenção à Condução";"Atropelamento de Pedestre";"Com Vítimas Feridas";"Pleno dia";"Decrescente";"Céu Claro";"Simples";"Reta";"Não";2;0;0;1;0;1;1;2;-9,934004;-63,055233;"SPRF-RO";"DEL03-RO";"UOP01-DEL03-RO"
179058;2018-12-18;"terça-feira";"16:05:00";"SC";470;45;"GASPAR";"Falta de Atenção à Condução";"Colisão transversal";"Sem Vítimas";"Pleno dia";"Decrescente";"Céu Claro";"Simples";"Reta";"Não";3;0;0;0;1;2;0;3;-26,867064;-49,031109;"SPRF-SC";"DEL04-SC";"UOP01-DEL04-SC"
179059;2018-12-18;"terça-feira";"16:25:00";"ES";101;270;"SERRA";"Falta de Atenção à Condução";"Colisão lateral";"Com Vítimas Feridas";"Pleno dia";"Decrescente";"Sol";"Múltipla";"Reta";"Sim";3;0;1;0;1;2;1;4;-20,22928138;-40,27229548;"SPRF-ES";"DEL02-ES";"UOP01-DEL02-ES"
179060;2018-12-18;"terça-feira";"16:10:00";"MG";50;82,1;"UBERLANDIA";"Falta de Atenção à Condução";"Colisão traseira";"Com Vítimas Feridas";"Pleno dia";"Decrescente";"Céu Claro";"Dupla";"Aclive";"Não";4;0;1;1;1;2;2;4;-18,9838146;-48,21238518;"SPRF-MG";"DEL15-MG";"UOP01-DEL15-MG"
179061;2018-12-18;"terça-feira";"16:20:00";"MG";267;21,5;"ARGIRITA";"Velocidade Incompatível";"Colisão com objeto estático";"Sem Vítimas";"Pleno dia";"Crescente";"Sol";"Simples";"Curva;Ponte";"Não";2;0;0;0;1;1;0;2;-21,6005;-42,7964;"SPRF-MG";"DEL07-MG";"UOP01-DEL07-MG"
179062;2018-12-18;"terça-feira";"16:20:00";"RS";158;502,4;"SANTANA DO LIVRAMENTO";"Condutor Dormindo";"Colisão transversal";"Com Vítimas Feridas";"Pleno dia";"Decrescente";"Chuva";"Simples";"Declive";"Não";3;0;1;0;2;0;1;2;-30,538458;-55,076317;"SPRF-RS";"DEL11-RS";"UOP01-DEL11-RS"
179065;2018-12-18;"terça-feira";"16:45:00";"DF";20;10,2;"BRASILIA";"Desobediência às normas de trânsito pelo condutor";"Colisão transversal";"Sem Vítimas";"Pleno dia";"Crescente";"Céu Claro";"Dupla";"Retorno Regulamentado";"Sim";2;0;0;0;2;0;0;2;-15,650243;-47,773872;"SPRF-DF";"DEL02-DF";"UOP01-DEL02-DF"
179066;2018-12-18;"terça-feira";"16:25:00";"PR";277;32;"MORRETES";"Velocidade Incompatível";"Colisão lateral";"Sem Vítimas";"Pleno dia";"Decrescente";"Chuva";"Dupla";"Declive;Curva";"Não";2;0;0;0;1;1;0;2;-25,57465306;-48,85070801;"SPRF-PR";"DEL01-PR";"UOP05-DEL01-PR"
179074;2018-10-15;"segunda-feira";"19:30:00";"MA";230;196;"SAO DOMINGOS DO AZEITAO";"Falta de Atenção à Condução";"Colisão lateral";"Com Vítimas Feridas";"Plena Noite";"Decrescente";"Céu Claro";"Simples";"Reta";"Não";9;0;2;0;1;6;2;2;-6,816869;-44,654022;"SPRF-MA";"DEL05-MA";"UOP01-DEL05-MA"
179080;2018-12-18;"terça-feira";"15:20:00";"BA";324;518;"FEIRA DE SANTANA";"Não guardar distância de segurança";"Atropelamento de Pedestre";"Com Vítimas Feridas";"Pleno dia";"Decrescente";"Céu Claro";"Simples";"Reta";"Sim";3;0;1;0;1;1;1;3;-12,26964418;-38,93432879;"SPRF-BA";"DEL01-BA";"UOP01-DEL01-BA"
179085;2018-12-18;"terça-feira";"17:30:00";"MS";463;33,8;"PONTA PORA";"Mal Súbito";"Saída de leito carroçável";"Com Vítimas Feridas";"Pleno dia";"Crescente";"Céu Claro";"Simples";"Rotatória";"Não";2;0;1;0;0;1;1;2;-22,300425;-55,095078;"SPRF-MS";"DEL04-MS";"UOP03-DEL04-MS"
179086;2018-12-18;"terça-feira";"17:15:00";"ES";262;105;"VITORIA";"Falta de Atenção à Condução";"Colisão transversal";"Com Vítimas Feridas";"Pleno dia";"Crescente";"Céu Claro";"Simples";"Interseção de Vias";"Sim";3;0;1;0;1;1;1;3;-20,3046912;-40,3038208;"SPRF-ES";"DEL01-ES";"UOP02-DEL01-ES"