"id";"data_inversa";"dia_semana";"horario";"uf";"br";"km";"municipio";"causa_acidente";"tipo_acidente";"classificacao_acidente";"fase_dia";"sentido_via";"condicao_metereologica";"tipo_pista";"tracado_via";"uso_solo";"pessoas";"mortos";"feridos_leves";"feridos_graves";"ilesos";"ignorados";"feridos";"veiculos";"latitude";"longitude";"regional";"delegacia";"uop"
179097;2018-12-18;"terça-feira";"09:30:00";"RJ";356;43;"ITAPERUNA";"Falta de Atenção à Condução";"Colisão transversal";"Com Vítimas Feridas";"Pleno dia";"Decrescente";"Sol";"Simples";"Aclive";"Não";2;0;1;0;1;0;1;2;-21,213997;-41,878155;"SPRF-RJ";"DEL08-RJ";"UOP03-DEL08-RJ"
179102;2018-12-18;"terça-feira";"16:30:00";"SC";116;175,8;"SAO CRISTOVAO DO SUL";"Desobediência às normas de trânsito pelo condutor";"Colisão frontal";"Com Vítimas Feridas";"Pleno dia";"Crescente";"Chuva";"Simples";"Curva";"Não";3;0;1;0;1;2;1;4;-27,262749;-50,444603;"SPRF-SC";"DEL05-SC";"UOP03-DEL05-SC"
179118;2018-12-18;"terça-feira";"19:20:00";"RO";364;704;"PORTO VELHO";"Falta de Atenção à Condução";"Colisão lateral";"Sem Vítimas";"Plena Noite";"Decrescente";"Chuva";"Dupla";"Reta";"Não";5;0;0;0;5;0;0;2;-8,80042118;-63,79999291;"SPRF-RO";"DEL01-RO";"UOP01-DEL01-RO"
179123;2018-12-18;"terça-feira";"20:45:00";"BA";20;169;"SAO DESIDERIO";"Ultrapassagem Indevida";"Colisão transversal";"Com Vítimas Feridas";"Plena Noite";"Crescente";"Céu Claro";"Simples";"Reta";"Não";4;0;1;0;2;1;1;3;-12,485;-45,8871;"SPRF-BA";"DEL10-BA";"UOP01-DEL10-BA"
179124;2018-12-18;"terça-feira";"21:30:00";"SP";116;225;"GUARULHOS";"Falta de Atenção à Condução";"Colisão lateral";"Com Vítimas Feridas";"Plena Noite";"Crescente";"Chuva";"Múltipla";"Reta";"Sim";3;0;1;0;1;1;1;2;-23,49007216;-46,54810667;"SPRF-SP";"DEL01-SP";"UOP01-DEL01-SP"
179125;2018-12-18;"terça-feira";"20:00:00";"PI";402;42;"PARNAIBA";"Falta de Atenção à Condução";"Colisão traseira";"Com Vítimas Feridas";"Plena Noite";"Decrescente";"Céu Claro";"Simples";"Reta";"Sim";5;0;4;0;1;0;4;2;-2,932223;-41,754227;"SPRF-PI";"DEL05-PI";"UOP01-DEL05-PI"
179126;2018-12-18;"terça-feira";"21:10:00";"MA";222;293,9;"CHAPADINHA";"Condutor Dormindo";"Saída de leito carroçável";"Com Vítimas Feridas";"Plena Noite";"Decrescente";"Céu Claro";"Simples";"Curva";"Não";2;0;1;0;0;1;1;2;-3,754031;-43,367088;"SPRF-MA";"DEL02-MA";"UI04-DEL02-MA"
179128;2018-12-18;"terça-feira";"19:55:00";"BA";110;169;"RIBEIRA DO POMBAL";"Ingestão de Álcool";"Colisão lateral";"Com Vítimas Feridas";"Plena Noite";"Decrescente";"Céu Claro";"Simples";"Aclive";"Não";2;0;0;1;1;0;1;2;-10,8156;-38,5297;"SPRF-BA";"DEL07-BA";"UOP02-DEL07-BA"
179141;2018-12-19;"quarta-feira";"00:40:00";"PR";277;128,9;"BALSA NOVA";"Falta de Atenção à Condução";"Saída de leito carroçável";"Com Vítimas Feridas";"Plena Noite";"Decrescente";"Nevoeiro/Neblina";"Dupla";"Curva";"Não";2;0;1;0;0;2;1;3;-25,48430708;-49,77493286;"SPRF-PR";"DEL01-PR";"UOP06-DEL01-PR"
179147;2018-12-18;"terça-feira";"23:49:00";"SP";116;64,1;"GUARATINGUETA";"Falta de Atenção à Condução";"Colisão traseira";"Sem Vítimas";"Plena Noite";"Crescente";"Nublado";"Dupla";"Curva";"Sim";6;0;0;0;4;3;0;5;-22,82195514;-45,19015789;"SPRF-SP";"DEL08-SP";"UOP01-DEL08-SP"
179148;2018-12-18;"terça-feira";"23:48:00";"SP";116;64,7;"GUARATINGUETA";"Restrição de Visibilidade";"Colisão com objeto estático";"Sem Vítimas";"Plena Noite";"Decrescente";"Céu Claro";"Dupla";"Curva";"Sim";4;0;0;0;3;2;0;5;-22,81946;-45,184345;"SPRF-SP";"DEL08-SP";"UOP01-DEL08-SP"
179149;2018-12-19;"quarta-feira";"00:15:00";"SP";116;35;"CACHOEIRA PAULISTA";"Falta de Atenção à Condução";"Colisão traseira";"Com Vítimas Feridas";"Plena Noite";"Crescente";"Céu Claro";"Múltipla";"Reta";"Não";3;0;1;0;1;1;1;3;-22,658939;-44,967152;"SPRF-SP";"DEL08-SP";"UOP02-DEL08-SP"
179150;2018-11-08;"quinta-feira";"19:20:00";"BA";101;42,1;"ESPLANADA";"Ultrapassagem Indevida";"Colisão frontal";"Com Vítimas Feridas";"Plena Noite";"Crescente";"Céu Claro";"Simples";"Curva";"Não";6;0;1;2;2;2;3;5;-11,8197;-37,9785;"SPRF-SE";"DEL02-SE";"UOP03-DEL02-SE"
179152;2018-12-19;"quarta-feira";"00:30:00";"MA";135;56;"BACABEIRA";"Falta de Atenção à Condução";"Colisão traseira";"Com Vítimas Feridas";"Plena Noite";"Decrescente";"Céu Claro";"Dupla";"Reta";"Não";5;0;1;0;4;0;1;2;-3,016291;-44,315022;"SPRF-MA";"DEL01-MA";"UOP02-DEL01-MA"
179153;2018-12-19;"quarta-feira";"00:05:00";"PB";230;123;"RIACHAO DO BACAMARTE";"Animais na Pista";"Atropelamento de Animal";"Com Vítimas Feridas";"Plena Noite";"Decrescente";"Nublado";"Dupla";"Reta";"Não";3;0;2;0;0;1;2;3;-7,25530713;-35,67383766;"SPRF-PB";"DEL02-PB";"UOP01-DEL02-PB"
179154;2018-12-19;"quarta-feira";"01:30:00";"RJ";116;177,2;"NOVA IGUACU";"Desobediência às normas de trânsito pelo condutor";"Colisão lateral";"Com Vítimas Feridas";"Plena Noite";"Crescente";"Céu Claro";"Dupla";"Reta";"Sim";2;0;0;1;0;1;1;2;-22,769873;-43,408077;"SPRF-RJ";"DEL01-RJ";"UOP02-DEL01-RJ"
179160;2018-12-18;"terça-feira";"23:47:00";"SP";116;64,3;"GUARATINGUETA";"Falta de Atenção à Condução";"Colisão lateral";"Sem Vítimas";"Plena Noite";"Decrescente";"Céu Claro";"Dupla";"Reta";"Não";3;0;0;0;1;2;0;3;-22,81946;-45,184345;"SPRF-SP";"DEL08-SP";"UOP01-DEL08-SP"
179162;2018-12-19;"quarta-feira";"05:40:00";"MT";70;90,8;"GENERAL CARNEIRO";"Falta de Atenção à Condução";"Colisão traseira";"Com Vítimas Feridas";"Plena Noite";"Decrescente";"Céu Claro";"Simples";"Reta";"Não";2;0;0;1;1;0;1;2;-15,592686;-52,871418;"SPRF-MT";"DEL07-MT";"UOP01-DEL07-MT"
179163;2018-12-19;"quarta-feira";"06:20:00";"GO";50;165;"CAMPO ALEGRE DE GOIAS";"Condutor Dormindo";"Saída de leito carroçável";"Com Vítimas Feridas";"Pleno dia";"Decrescente";"Céu Claro";"Dupla";"Declive";"Não";2;0;1;0;0;1;1;2;-17,2961;-47,7569;"SPRF-GO";"DEL06-GO";"UOP01-DEL06-GO"
179164;2018-12-19;"quarta-feira";"06:20:00";"SP";153;185,5;"LINS";"Falta de Atenção à Condução";"Colisão lateral";"Com Vítimas Feridas";"Amanhecer";"Crescente";"Céu Claro";"Simples";"Reta";"Não";44;0;8;0;36;0;8;3;-21,717958;-49,818478;"SPRF-SP";"DEL07-SP";"UOP01-DEL07-SP"
179168;2018-12-19;"quarta-feira";"04:40:00";"RO";364;235,1;"CACOAL";"Falta de Atenção à Condução";"Colisão traseira";"Com Vítimas Feridas";"Plena Noite";"Crescente";"Nublado";"Simples";"Em Obras;Reta";"Sim";3;0;0;1;1;2;1;4;-11,450608;-61,430256;"SPRF-RO";"DEL02-RO";"UOP02-DEL02-RO"
179175;2018-12-19;"quarta-feira";"07:00:00";"SP";116;279,8;"EMBU DAS ARTES";"Falta de Atenção à Condução";"Colisão traseira";"Com Vítimas Feridas";"Pleno dia";"Decrescente";"Céu Claro";"Dupla";"Reta";"Sim";5;0;1;0;4;0;1;4;-23,64306248;-46,83856401;"SPRF-SP";"DEL04-SP";"UOP01-DEL04-SP"
179178;2018-12-19;"quarta-feira";"07:30:00";"PR";373;237,7;"IMBITUVA";"Velocidade Incompatível";"Capotamento";"Com Vítimas Feridas";"Pleno dia";"Crescente";"Céu Claro";"Simples";"Curva";"Não";2;0;1;0;0;2;1;3;-25,18038971;-50,72840821;"SPRF-PR";"DEL03-PR";"UOP01-DEL03-PR"
179180;2018-12-19;"quarta-feira";"06:25:00";"PE";104;73,7;"CARUARU";"Ultrapassagem Indevida";"Colisão traseira";"Com Vítimas Fatais";"Pleno dia";"Decrescente";"Nublado";"Simples";"Aclive";"Não";2;1;0;0;1;0;0;2;-8,341347;-35,982346;"SPRF-PE";"DEL02-PE";"UOP01-DEL02-PE"
179182;2018-12-19;"quarta-feira";"07:50:00";"PR";467;77;"TOLEDO";"Falta de Atenção à Condução";"Colisão traseira";"Com Vítimas Feridas";"Pleno dia";"Crescente";"Céu Claro";"Dupla";"Reta";"Não";3;0;1;0;1;2;1;4;-24,7652;-53,6899;"SPRF-PR";"DEL04-PR";"UOP01-DEL04-PR"
179186;2018-12-19;"quarta-feira";"06:30:00";"MT";364;13,5;"ALTO ARAGUAIA";"Falta de Atenção à Condução";"Tombamento";"Sem Vítimas";"Pleno dia";"Crescente";"Céu Claro";"Dupla";"Curva";"Não";2;0;0;0;1;1;0;2;-17,256302;-53,312149;"SPRF-MT";"DEL02-MT";"UOP02-DEL02-MT"
179190;2018-12-19;"quarta-feira";"06:45:00";"RN";405;107,8;"ITAU";"Não guardar distância de segurança";"Colisão traseira";"Sem Vítimas";"Pleno dia";"Decrescente";"Céu Claro";"Simples";"Ponte";"Não";4;0;0;0;4;0;0;4;-5,82970645;-37,97767639;"SPRF-RN";"DEL04-RN";"UOP02-DEL04-RN"
179193;2018-12-19;"quarta-feira";"07:55:00";"PE";407;129;"PETROLINA";"Defeito Mecânico no Veículo";"Colisão traseira";"Com Vítimas Feridas";"Pleno dia";"Crescente";"Céu Claro";"Dupla";"Reta";"Sim";2;0;0;1;1;0;1;2;-9,38034197;-40,51053934;"SPRF-PE";"DEL06-PE";"UOP01-DEL06-PE"
179194;2018-12-18;"terça-feira";"21:50:00";"PI";135;512,8;"GILBUES";"Falta de Atenção à Condução";"Colisão traseira";"Com Vítimas Fatais";"Plena Noite";"Crescente";"Céu Claro";"Simples";"Aclive";"Não";4;1;0;1;1;2;1;4;-9,809585;-45,328671;"SPRF-PI";"DEL03-PI";"UOP02-DEL03-PI"
179195;2018-12-19;"quarta-feira";"08:00:00";"MG";40;603,1;"CONGONHAS";"Falta de Atenção do Pedestre";"Atropelamento de Pedestre";"Com Vítimas Feridas";"Pleno dia";"Crescente";"Céu Claro";"Simples";"Reta";"Não";2;0;0;1;1;0;1;2;-20,4505;-43,8408;"SPRF-MG";"DEL05-MG";"UOP02-DEL05-MG"
179196;2018-12-19;"quarta-feira";"07:08:00";"CE";116;32,7;"AQUIRAZ";"Falta de Atenção à Condução";"Colisão traseira";"Com Vítimas Feridas";"Pleno dia";"Crescente";"Nublado";"Dupla";"Reta";"Sim";3;0;1;0;1;1;1;3;-4,0483;-38,5068;"SPRF-CE";"DEL01-CE";"UOP02-DEL01-CE"
179199;2018-12-19;"quarta-feira";"02:00:00";"AL";101;107,9;"PILAR";"Defeito Mecânico no Veículo";"Colisão com objeto estático";"Sem Vítimas";"Plena Noite";"Decrescente";"Nublado";"Simples";"Curva";"Não";3;0;0;0;2;1;0;2;-9,586626;-35,9893;"SPRF-AL";"DEL02-AL";"UOP01-DEL02-AL"
179202;2018-11-05;"segunda-feira";"09:40:00";"MG";50;171;"UBERABA";"Velocidade Incompatível";"Tombamento";"Com Vítimas Feridas";"Pleno dia";"Decrescente";"Céu Claro";"Dupla";"Curva";"Sim";3;0;0;2;0;1;2;2;-19,7539;-47,9807;"SPRF-MG";"DEL13-MG";"UOP01-DEL13-MG"
179203;2018-12-19;"quarta-feira";"06:35:00";"SP";116;273;"TABOAO DA SERRA";"Desobediência às normas de trânsito pelo condutor";"Colisão traseira";"Com Vítimas Feridas";"Amanhecer";"Decrescente";"Céu Claro";"Dupla";"Reta";"Sim";6;0;4;0;2;0;4;2;-23,61732239;-46,79371303;"SPRF-SP";"DEL04-SP";"UOP01-DEL04-SP"
179205;2018-12-19;"quarta-feira";"08:48:00";"CE";116;118;"RUSSAS";"Sinalização da via insuficiente ou inadequada";"Colisão transversal";"Com Vítimas Feridas";"Pleno dia";"Decrescente";"Céu Claro";"Simples";"Em Obras;Reta";"Não";5;0;0;1;3;1;1;4;-4,62054;-38,183728;"SPRF-CE";"DEL03-CE";"UOP01-DEL03-CE"
179206;2018-12-19;"quarta-feira";"02:00:00";"MG";381;212;"NAQUE";"Velocidade Incompatível";"Tombamento";"Com Vítimas Fatais";"Plena Noite";"Decrescente";"Céu Claro";"Simples";"Curva";"Não";5;1;3;0;0;1;3;2;-19,21729697;-42,3068291;"SPRF-MG";"DEL06-MG";"UOP01-DEL06-MG"
179210;2018-12-19;"quarta-feira";"09:05:00";"MT";364;391;"SANTO ANTONIO DO LEVERGER";"Falta de Atenção à Condução";"Colisão traseira";"Sem Vítimas";"Pleno dia";"Decrescente";"Céu Claro";"Simples";"Reta";"Não";5;0;0;0;4;4;0;8;-15,700087;-55,890671;"SPRF-MT";"DEL02-MT";"UOP02-DEL01-MT"
179217;2018-08-11;"sábado";"08:45:00";"PB";230;4;"CABEDELO";"Desobediência às normas de trânsito pelo condutor";"Colisão transversal";"Com Vítimas Feridas";"Pleno dia";"Crescente";"Céu Claro";"Dupla";"Reta";"Sim";3;0;1;0;2;0;1;2;-6,98494364;-34,82912484;"SPRF-PB";"DEL01-PB";"UOP01-DEL01-PB"
179224;2018-12-06;"quinta-feira";"13:30:00";"RN";406;161;"CEARA-MIRIM";"Ultrapassagem Indevida";"Colisão transversal";"Com Vítimas Fatais";"Pleno dia";"Crescente";"Céu Claro";"Simples";"Reta";"Sim";4;1;1;1;1;0;2;2;-5,72157401;-35,36606437;"SPRF-RN";"DEL02-RN";"UOP01-DEL02-RN"
179233;2018-12-19;"quarta-feira";"11:00:00";"CE";116;501,8;"BREJO SANTO";"Defeito Mecânico no Veículo";"Colisão frontal";"Sem Vítimas";"Pleno dia";"Decrescente";"Céu Claro";"Simples";"Curva";"Sim";2;0;0;0;2;0;0;2;-7,479773;-38,981567;"SPRF-CE";"DEL05-CE";"UOP03-DEL05-CE"
179235;2018-12-19;"quarta-feira";"12:10:00";"PR";369;178,3;"ROLANDIA";"Velocidade Incompatível";"Capotamento";"Com Vítimas Fatais";"Pleno dia";"Crescente";"Sol";"Dupla";"Retorno Regulamentado";"Sim";3;1;0;0;0;2;0;2;-23,35777967;-51,39600635;"SPRF-PR";"DEL07-PR";"UOP01-DEL07-PR"
179236;2018-12-19;"quarta-feira";"11:25:00";"SP";153;86,1;"MIRASSOL";"Falta de Atenção à Condução";"Colisão frontal";"Sem Vítimas";"Pleno dia";"Crescente";"Nublado";"Simples";"Curva";"Não";2;0;0;0;2;0;0;2;-20,940395;-49,526409;"SPRF-SP";"DEL09-SP";"UOP01-DEL09-SP"
179237;2018-12-19;"quarta-feira";"04:00:00";"MT";163;1104;"GUARANTA DO NORTE";"Defeito Mecânico no Veículo";"Tombamento";"Com Vítimas Fatais";"Amanhecer";"Decrescente";"Nublado";"Simples";"Declive;Curva";"Não";3;1;0;1;0;2;1;3;-9,64823378;-54,87236381;"SPRF-MT";"DEL06-MT";"UOP02-DEL06-MT"
179238;2018-12-19;"quarta-feira";"12:20:00";"RS";116;464,9;"SAO LOURENCO DO SUL";"Falta de Atenção à Condução";"Colisão transversal";"Com Vítimas Feridas";"Pleno dia";"Decrescente";"Chuva";"Simples";"Rotatória";"Sim";7;0;4;1;1;1;5;3;-31,31926854;-52,02697456;"SPRF-RS";"DEL02-RS";"UOP03-DEL02-RS"
179239;2018-12-19;"quarta-feira";"12:50:00";"PR";476;194;"LAPA";"Desobediência às normas de trânsito pelo condutor";"Colisão lateral";"Com Vítimas Feridas";"Pleno dia";"Decrescente";"Céu Claro";"Simples";"Reta";"Não";3;0;2;0;1;0;2;2;-25,74048;-49,710938;"SPRF-PR";"DEL01-PR";"UOP06-DEL01-PR"
179241;2018-12-19;"quarta-feira";"12:55:00";"SC";101;137;"BALNEARIO CAMBORIU";"Falta de Atenção à Condução";"Engavetamento";"Com Vítimas Feridas";"Pleno dia";"Crescente";"Céu Claro";"Dupla";"Reta";"Sim";6;0;1;0;4;1;1;6;-27,024;-48,6074;"SPRF-SC";"DEL04-SC";"UOP03-DEL04-SC"
179243;2018-12-19;"quarta-feira";"13:00:00";"MG";116;322,1;"ITAMBACURI";"Falta de Atenção à Condução";"Colisão frontal";"Com Vítimas Feridas";"Pleno dia";"Decrescente";"Céu Claro";"Simples";"Reta";"Não";5;0;0;1;1;3;1;4;-18,04827638;-41,66427612;"SPRF-MG";"DEL11-MG";"UOP01-DEL11-MG"
179249;2018-12-19;"quarta-feira";"13:30:00";"SC";101;137,9;"BALNEARIO CAMBORIU";"Falta de Atenção à Condução";"Colisão traseira";"Com Vítimas Feridas";"Pleno dia";"Decrescente";"Céu Claro";"Dupla";"Reta";"Sim";2;0;1;0;1;0;1;2;-27,024;-48,6074;"SPRF-SC";"DEL04-SC";"UOP03-DEL04-SC"
179250;2018-12-19;"quarta-feira";"13:40:00";"GO";40;6,7;"VALPARAISO DE GOIAS";"Não guardar distância de segurança";"Colisão traseira";"Com Vítimas Feridas";"Pleno dia";"Decrescente";"Céu Claro";"Simples";"Reta";"Sim";3;0;1;0;1;1;1;3;-16,100814;-47,977351;"SPRF-DF";"DEL01-DF";"UOP01-DEL01-DF"
179257;2018-12-19;"quarta-feira";"14:15:00";"MG";381;649,5;"SANTO ANTONIO DO AMPARO";"Falta de Atenção à Condução";"Atropelamento de Pedestre";"Com Vítimas Feridas";"Pleno dia";"Crescente";"Céu Claro";"Dupla";"Curva";"Sim";3;0;1;0;1;1;1;2;-20,9548;-44,9114;"SPRF-MG";"DEL04-MG";"UOP01-DEL04-MG"
179260;2018-12-19;"quarta-feira";"13:45:00";"AL";423;16,3;"CANAPI";"Falta de Atenção à Condução";"Colisão frontal";"Com Vítimas Fatais";"Pleno dia";"Decrescente";"Céu Claro";"Simples";"Declive";"Não";2;1;0;0;1;0;0;2;-9,165585;-37,428902;"SPRF-AL";"DEL03-AL";"UOP02-DEL03-AL"
179264;2018-12-19;"quarta-feira";"14:20:00";"SP";381;69,7;"MAIRIPORA";"Condutor Dormindo";"Colisão traseira";"Com Vítimas Feridas";"Pleno dia";"Crescente";"Céu Claro";"Dupla";"Aclive;Curva";"Sim";2;0;0;1;1;0;1;2;-23,34800048;-46,56131582;"SPRF-SP";"DEL03-SP";"UOP01-DEL03-SP"
179267;2018-12-19;"quarta-feira";"14:05:00";"BA";116;461;"SANTO ESTEVAO";"Falta de Atenção à Condução";"Colisão transversal";"Com Vítimas Feridas";"Pleno dia";"Crescente";"Céu Claro";"Simples";"Curva";"Sim";4;0;1;1;1;1;2;3;-12,44674435;-39,24242377;"SPRF-BA";"DEL02-BA";"UOP01-DEL02-BA"
179268;2018-12-19;"quarta-feira";"12:54:00";"MT";163;693;"SORRISO";"Defeito Mecânico no Veículo";"Saída de leito carroçável";"Com Vítimas Feridas";"Pleno dia";"Decrescente";"Sol";"Simples";"Reta";"Não";2;0;1;0;0;2;1;3;-13,036;-55,901;"SPRF-MT";"DEL06-MT";"UOP01-DEL06-MT"
179269;2018-12-19;"quarta-feira";"12:15:00";"SC";280;53,8;"GUARAMIRIM";"Falta de Atenção à Condução";"Colisão transversal";"Com Vítimas Feridas";"Pleno dia";"Decrescente";"Céu Claro";"Simples";"Reta";"Sim";2;0;1;0;1;0;1;2;-26,472363;-48,974255;"SPRF-SC";"DEL03-SC";"UOP03-DEL03-SC"
179272;2018-12-19;"quarta-feira";"13:00:00";"MS";60;571;"GUIA LOPES DA LAGUNA";"Defeito Mecânico no Veículo";"Capotamento";"Com Vítimas Feridas";"Pleno dia";"Crescente";"Céu Claro";"Simples";"Reta";"Não";1;0;1;0;0;0;1;1;-21,414553;-56,052956;"SPRF-MS";"DEL05-MS";"UOP01-DEL05-MS"
179278;2018-12-19;"quarta-feira";"13:30:00";"SC";282;520,9;"XAXIM";"Desobediência às normas de trânsito pelo condutor";"Colisão frontal";"Com Vítimas Fatais";"Pleno dia";"Crescente";"Sol";"Simples";"Rotatória";"Sim";4;2;0;0;1;2;0;4;-26,950415;-52,526096;"SPRF-SC";"DEL07-SC";"UOP01-DEL07-SC"
179279;2018-12-19;"quarta-feira";"15:10:00";"MG";40;590,4;"ITABIRITO";"Velocidade Incompatível";"Colisão frontal";"Com Vítimas Feridas";"Pleno dia";"Crescente";"Chuva";"Simples";"Curva";"Não";3;0;1;0;1;2;1;4;-20,3723;-43,9114;"SPRF-MG";"DEL01-MG";"UOP02-DEL01-MG"
179281;2018-12-19;"quarta-feira";"16:50:00";"RS";116;78,9;"CAMPESTRE DA SERRA";"Velocidade Incompatível";"Tombamento";"Com Vítimas Feridas";"Pleno dia";"Crescente";"Céu Claro";"Simples";"Declive;Curva";"Sim";1;0;1;0;0;0;1;1;-28,785236;-51,098614;"SPRF-RS";"DEL05-RS";"UOP03-DEL05-RS"
179282;2018-12-19;"quarta-feira";"14:00:00";"GO";60;48;"APARECIDA DE GOIANIA";"Defeito Mecânico no Veículo";"Derramamento de carga";"Sem Vítimas";"Pleno dia";"Decrescente";"Céu Claro";"Dupla";"Reta";"Sim";1;0;0;0;1;0;0;1;-16,8101;-49,2397;"SPRF-GO";"DEL01-GO";"UOP03-DEL01-GO"
179283;2018-12-19;"quarta-feira";"16:30:00";"GO";364;203;"JATAI";"Falta de Atenção à Condução";"Tombamento";"Com Vítimas Feridas";"Pleno dia";"Crescente";"Garoa/Chuvisco";"Simples";"Reta";"Não";1;0;1;0;0;0;1;1;-17,909494;-51,782795;"SPRF-GO";"DEL05-GO";"UOP01-DEL05-GO"
179289;2018-11-30;"sexta-feira";"21:50:00";"RR";174;295;"CARACARAI";"Falta de Atenção à Condução";"Colisão traseira";"Com Vítimas Feridas";"Plena Noite";"Decrescente";"Céu Claro";"Simples";"Reta";"Não";3;0;1;1;1;0;2;3;1,446584;-60,745201;"SPRF-RR";"DEL01-RR";"UOP01-DEL01-RR"
179298;2018-12-19;"quarta-feira";"13:20:00";"PI";343;624;"FLORIANO";"Condutor Dormindo";"Saída de leito carroçável";"Sem Vítimas";"Pleno dia";"Decrescente";"Céu Claro";"Simples";"Reta";"Não";2;0;0;0;1;2;0;3;-6,965058;-43,238613;"SPRF-PI";"DEL03-PI";"UOP01-DEL03-PI"
179301;2018-12-19;"quarta-feira";"18:00:00";"RS";116;254;"SAPUCAIA DO SUL";"Velocidade Incompatível";"Colisão com objeto estático";"Sem Vítimas";"Pleno dia";"Crescente";"Nublado";"Simples";"Interseção de Vias";"Não";2;0;0;0;1;1;0;2;-29,82715812;-51,1713016;"SPRF-RS";"DEL01-RS";"UOP02-DEL01-RS"
179304;2018-12-19;"quarta-feira";"17:05:00";"PE";232;173;"BELO JARDIM";"Falta de Atenção à Condução";"Colisão traseira";"Sem Vítimas";"Pleno dia";"Crescente";"Céu Claro";"Simples";"Aclive";"Não";3;0;0;0;3;0;0;3;-8,34044186;-36,38183862;"SPRF-PE";"DEL02-PE";"UOP03-DEL02-PE"
179325;2018-12-19;"quarta-feira";"16:00:00";"SP";116;556;"BARRA DO TURVO";"Falta de Atenção à Condução";"Colisão com objeto estático";"Sem Vítimas";"Pleno dia";"Crescente";"Nublado";"Simples";"Reta";"Não";1;0;0;0;1;0;0;1;-24,97111993;-48,50189209;"SPRF-SP";"DEL05-SP";"UOP02-DEL05-SP"
179327;2018-12-19;"quarta-feira";"13:15:00";"SC";480;129,6;"CHAPECO";"Falta de Atenção à Condução";"Colisão transversal";"Com Vítimas Feridas";"Pleno dia";"Decrescente";"Sol";"Múltipla";"Interseção de Vias";"Sim";3;0;0;1;1;1;1;3;-27,0506889;-52,63504744;"SPRF-SC";"DEL07-SC";"UOP01-DEL07-SC"
179331;2018-12-19;"quarta-feira";"19:55:00";"RS";290;23;"SANTO ANTONIO DA PATRULHA";"Condutor Dormindo";"Saída de leito carroçável";"Com Vítimas Feridas";"Anoitecer";"Crescente";"Chuva";"Dupla";"Reta";"Não";1;0;0;1;0;0;1;1;-29,885357;-50,484364;"SPRF-RS";"DEL03-RS";"UOP02-DEL03-RS"
179339;2018-12-19;"quarta-feira";"21:00:00";"GO";40;95,5;"CRISTALINA";"Falta de Atenção à Condução";"Colisão lateral";"Sem Vítimas";"Plena Noite";"Crescente";"Céu Claro";"Simples";"Viaduto";"Sim";3;0;0;0;2;1;0;3;-16,750555;-47,607549;"SPRF-DF";"DEL01-DF";"UOP02-DEL01-DF"
179344;2018-12-19;"quarta-feira";"14:45:00";"RJ";393;235;"VASSOURAS";"Velocidade Incompatível";"Tombamento";"Com Vítimas Feridas";"Pleno dia";"Decrescente";"Céu Claro";"Simples";"Curva";"Sim";1;0;1;0;0;0;1;1;-22,400957;-43,664425;"SPRF-RJ";"DEL05-RJ";"UOP03-DEL05-RJ"
179345;2018-12-19;"quarta-feira";"16:00:00";"MT";158;634;"CANABRAVA DO NORTE";"Falta de Atenção à Condução";"Colisão lateral";"Com Vítimas Feridas";"Pleno dia";"Crescente";"Céu Claro";"Simples";"Reta";"Não";3;0;1;0;1;1;1;3;-11,128852;-51,702858;"SPRF-MT";"DEL07-MT";"UOP02-DEL07-MT"
179347;2018-12-19;"quarta-feira";"21:15:00";"SE";101;12,5;"SAO FRANCISCO";"Falta de Atenção à Condução";"Colisão frontal";"Com Vítimas Feridas";"Plena Noite";"Crescente";"Céu Claro";"Simples";"Reta";"Não";3;0;1;0;0;2;1;3;-10,295593;-36,883125;"SPRF-SE";"DEL02-SE";"UOP02-DEL02-SE"
179348;2018-12-19;"quarta-feira";"22:00:00";"SC";101;58,9;"ARAQUARI";"Defeito Mecânico no Veículo";"Incêndio";"Sem Vítimas";"Plena Noite";"Crescente";"Nublado";"Simples";"Aclive";"Não";2;0;0;0;1;2;0;3;-26,44609492;-48,79470885;"SPRF-SC";"DEL03-SC";"UOP02-DEL03-SC"
179351;2018-12-19;"quarta-feira";"21:10:00";"PE";104;29,1;"TORITAMA";"Ingestão de Álcool";"Colisão frontal";"Sem Vítimas";"Plena Noite";"Crescente";"Céu Claro";"Simples";"Reta";"Sim";2;0;0;0;2;0;0;2;-8,00782759;-36,06213391;"SPRF-PE";"DEL02-PE";"UOP01-DEL02-PE"
179359;2018-12-19;"quarta-feira";"23:00:00";"MT";174;286,2;"PONTES E LACERDA";"Defeito Mecânico no Veículo";"Incêndio";"Sem Vítimas";"Plena Noite";"Crescente";"Céu Claro";"Simples";"Reta";"Sim";2;0;0;0;1;2;0;3;-15,252264;-59,310192;"SPRF-MT";"DEL04-MT";"UOP01-DEL04-MT"
179362;2018-12-20;"quinta-feira";"00:20:00";"MG";116;269,4;"TEOFILO OTONI";"Velocidade Incompatível";"Saída de leito carroçável";"Com Vítimas Fatais";"Plena Noite";"Crescente";"Céu Claro";"Simples";"Curva";"Não";2;1;0;0;1;0;0;1;-17,79409367;-41,50237979;"SPRF-MG";"DEL11-MG";"UOP01-DEL11-MG"
179363;2018-12-19;"quarta-feira";"18:00:00";"PR";376;489;"PONTA GROSSA";"Falta de Atenção à Condução";"Colisão lateral";"Com Vítimas Feridas";"Pleno dia";"Decrescente";"Céu Claro";"Dupla";"Reta";"Sim";4;0;2;0;1;1;2;3;-25,09653251;-50,19698113;"SPRF-PR";"DEL03-PR";"UOP04-DEL03-PR"