"id";"data_inversa";"dia_semana";"horario";"uf";"br";"km";"municipio";"causa_acidente";"tipo_acidente";"classificacao_acidente";"fase_dia";"sentido_via";"condicao_metereologica";"tipo_pista";"tracado_via";"uso_solo";"pessoas";"mortos";"feridos_leves";"feridos_graves";"ilesos";"ignorados";"feridos";"veiculos";"latitude";"longitude";"regional";"delegacia";"uop"
179367;2018-12-19;"quarta-feira";"18:30:00";"RJ";465;2;"SEROPEDICA";"Velocidade Incompatível";"Tombamento";"Com Vítimas Fatais";"Anoitecer";"Crescente";"Sol";"Simples";"Curva";"Não";2;1;0;0;0;1;0;2;-22,73028704;-43,716545;"SPRF-RJ";"DEL01-RJ";"UOP03-DEL01-RJ"
179372;2018-12-20;"quinta-feira";"01:40:00";"SP";116;115;"TAUBATE";"Desobediência às normas de trânsito pelo condutor";"Colisão traseira";"Com Vítimas Feridas";"Plena Noite";"Decrescente";"Céu Claro";"Dupla";"Reta";"Sim";4;0;2;0;1;2;2;4;-23,049601;-45,599728;"SPRF-SP";"DEL06-SP";"UOP02-DEL02-SP"
179373;2018-12-20;"quinta-feira";"01:05:00";"MG";381;929,8;"ITAPEVA";"Velocidade Incompatível";"Tombamento";"Com Vítimas Feridas";"Plena Noite";"Crescente";"Céu Claro";"Dupla";"Curva;Declive";"Não";2;0;1;1;0;0;2;1;-22,77478147;-46,23891962;"SPRF-MG";"DEL16-MG";"UOP03-DEL16-MG"
179374;2018-12-20;"quinta-feira";"01:35:00";"GO";153;342,3;"JARAGUA";"Condutor Dormindo";"Colisão traseira";"Com Vítimas Feridas";"Plena Noite";"Decrescente";"Céu Claro";"Simples";"Reta";"Não";3;0;2;1;0;0;3;3;-15,61235;-49,401028;"SPRF-GO";"DEL02-GO";"UOP02-DEL02-GO"
179378;2018-12-20;"quinta-feira";"00:30:00";"GO";153;589;"PIRACANJUBA";"Falta de Atenção à Condução";"Colisão com objeto estático";"Sem Vítimas";"Plena Noite";"Decrescente";"Céu Claro";"Dupla";"Declive;Reta";"Não";2;0;0;0;1;1;0;2;-17,4593;-49,2227;"SPRF-GO";"DEL03-GO";"UOP01-DEL03-GO"
179381;2018-12-20;"quinta-feira";"02:45:00";"SP";116;42,7;"CANAS";"Falta de Atenção à Condução";"Colisão transversal";"Sem Vítimas";"Plena Noite";"Crescente";"Céu Claro";"Dupla";"Reta";"Não";4;0;0;0;3;1;0;4;-22,691826;-45,022411;"SPRF-SP";"DEL08-SP";"UOP02-DEL08-SP"
179384;2018-12-20;"quinta-feira";"00:20:00";"MT";163;105,9;"RONDONOPOLIS";"Condutor Dormindo";"Saída de leito carroçável";"Com Vítimas Fatais";"Plena Noite";"Decrescente";"Céu Claro";"Dupla";"Aclive";"Não";2;1;0;0;0;2;0;3;-16,60347379;-54,69755352;"SPRF-MT";"DEL02-MT";"UOP01-DEL02-MT"
179387;2018-12-20;"quinta-feira";"02:50:00";"SP";116;40,5;"CANAS";"Falta de Atenção à Condução";"Colisão traseira";"Com Vítimas Feridas";"Plena Noite";"Crescente";"Nublado";"Dupla";"Aclive";"Não";3;0;1;0;1;1;1;3;-22,680805;-45,006889;"SPRF-SP";"DEL08-SP";"UOP02-DEL08-SP"
179389;2018-12-20;"quinta-feira";"05:10:00";"RJ";101;33;"CAMPOS DOS GOYTACAZES";"Velocidade Incompatível";"Colisão traseira";"Sem Vítimas";"Amanhecer";"Crescente";"Céu Claro";"Simples";"Aclive";"Não";2;0;0;0;2;0;0;2;-21,49095;-41,34182;"SPRF-RJ";"DEL08-RJ";"UOP01-DEL08-RJ"
179392;2018-12-19;"quarta-feira";"21:30:00";"RO";364;435;"JARU";"Sinalização da via insuficiente ou inadequada";"Tombamento";"Com Vítimas Feridas";"Plena Noite";"Crescente";"Nublado";"Simples";"Reta";"Não";5;0;2;0;2;3;2;5;-10,384226;-62,547104;"SPRF-RO";"DEL03-RO";"UOP02-DEL03-RO"
179393;2018-12-20;"quinta-feira";"04:30:00";"MG";40;588;"ITABIRITO";"Velocidade Incompatível";"Colisão traseira";"Com Vítimas Feridas";"Plena Noite";"Crescente";"Nublado";"Simples";"Curva";"Sim";3;0;1;0;1;2;1;4;-20,3578;-43,9098;"SPRF-MG";"DEL01-MG";"UOP02-DEL01-MG"
179396;2018-12-19;"quarta-feira";"19:30:00";"BA";330;740,7;"JEQUIE";"Ingestão de Álcool";"Colisão lateral";"Com Vítimas Feridas";"Plena Noite";"Decrescente";"Céu Claro";"Simples";"Curva";"Não";4;0;3;0;1;0;3;2;-13,966785;-39,958485;"SPRF-BA";"DEL03-BA";"UOP01-DEL03-BA"
179401;2018-12-19;"quarta-feira";"21:30:00";"MT";364;689,1;"DIAMANTINO";"Animais na Pista";"Tombamento";"Com Vítimas Feridas";"Plena Noite";"Decrescente";"Céu Claro";"Simples";"Reta";"Não";2;0;1;0;0;1;1;2;-14,1578819;-56,95861816;"SPRF-MT";"DEL01-MT";"UOP01-DEL01-MT"
179403;2018-12-20;"quinta-feira";"06:22:00";"MG";381;569;"ITAGUARA";"Condutor Dormindo";"Tombamento";"Com Vítimas Feridas";"Amanhecer";"Crescente";"Céu Claro";"Dupla";"Retorno Regulamentado";"Não";2;0;1;0;1;0;1;1;-20,4199;-44,5318;"SPRF-MG";"DEL04-MG";"UOP03-DEL04-MG"
179404;2018-12-20;"quinta-feira";"06:50:00";"RJ";101;255;"RIO BONITO";"Condutor Dormindo";"Colisão traseira";"Com Vítimas Feridas";"Amanhecer";"Crescente";"Nevoeiro/Neblina";"Dupla";"Reta";"Não";4;0;1;1;1;1;2;4;-22,694231;-42,55912;"SPRF-RJ";"DEL02-RJ";"UOP03-DEL02-RJ"
179408;2018-12-20;"quinta-feira";"06:20:00";"BA";324;588;"CANDEIAS";"Condutor Dormindo";"Colisão traseira";"Com Vítimas Feridas";"Pleno dia";"Crescente";"Céu Claro";"Dupla";"Reta";"Não";4;0;0;3;1;0;3;2;-12,66546219;-38,47103119;"SPRF-BA";"DEL01-BA";"UOP01-DEL01-BA"
179409;2018-12-14;"sexta-feira";"19:50:00";"GO";20;28,6;"FORMOSA";"Deficiência ou não Acionamento do Sistema de Iluminação/Sinalização do Veículo";"Colisão traseira";"Com Vítimas Feridas";"Plena Noite";"Crescente";"Céu Claro";"Simples";"Aclive";"Não";4;0;2;0;2;0;2;2;-15,513292;-47,119678;"SPRF-DF";"DEL02-DF";"UOP01-DEL02-DF"
179410;2018-12-20;"quinta-feira";"07:40:00";"GO";153;172;"CAMPINORTE";"Mal Súbito";"Tombamento";"Com Vítimas Feridas";"Pleno dia";"Crescente";"Céu Claro";"Simples";"Reta";"Não";2;0;1;0;0;1;1;2;-14,275132;-49,14653;"SPRF-GO";"DEL07-GO";"UOP02-DEL07-GO"
179412;2018-12-20;"quinta-feira";"02:00:00";"SP";116;565;"BARRA DO TURVO";"Falta de Atenção à Condução";"Colisão traseira";"Com Vítimas Feridas";"Plena Noite";"Crescente";"Nublado";"Simples";"Curva";"Não";2;0;1;0;1;0;1;2;-25,04182901;-48,55128765;"SPRF-SP";"DEL05-SP";"UOP02-DEL05-SP"
179415;2018-12-20;"quinta-feira";"02:40:00";"PR";277;239;"IRATI";"Defeito Mecânico no Veículo";"Incêndio";"Sem Vítimas";"Plena Noite";"Decrescente";"Céu Claro";"Simples";"Curva";"Não";2;0;0;0;1;1;0;2;-25,45473528;-50,62182963;"SPRF-PR";"DEL03-PR";"UOP02-DEL08-PR"
179419;2018-12-20;"quinta-feira";"08:30:00";"RS";116;434,7;"CRISTAL";"Condutor Dormindo";"Colisão frontal";"Com Vítimas Fatais";"Pleno dia";"Crescente";"Chuva";"Simples";"Reta";"Não";3;1;0;1;0;2;1;4;-31,06283042;-52,03807983;"SPRF-RS";"DEL02-RS";"UOP03-DEL02-RS"
179422;2018-12-20;"quinta-feira";"05:00:00";"PA";10;288,4;"MAE DO RIO";"Defeito Mecânico no Veículo";"Saída de leito carroçável";"Sem Vítimas";"Amanhecer";"Crescente";"Nublado";"Simples";"Reta";"Sim";2;0;0;0;1;1;0;2;-1,817349;-47,514744;"SPRF-PA";"DEL02-PA";"UOP01-DEL02-PA"
179429;2018-12-20;"quinta-feira";"08:20:00";"ES";101;393,2;"RIO NOVO DO SUL";"Falta de Atenção à Condução";"Colisão traseira";"Sem Vítimas";"Pleno dia";"Crescente";"Céu Claro";"Simples";"Reta";"Não";3;0;0;0;3;0;0;3;-20,8655703;-40,9154196;"SPRF-ES";"DEL03-ES";"UOP02-DEL03-ES"
179441;2018-12-20;"quinta-feira";"07:40:00";"SP";116;487;"CAJATI";"Falta de Atenção à Condução";"Colisão traseira";"Sem Vítimas";"Pleno dia";"Decrescente";"Céu Claro";"Dupla";"Reta";"Não";2;0;0;0;2;0;0;2;-24,73030511;-48,09711456;"SPRF-SP";"DEL05-SP";"UAP01-DEL05-SP"
179445;2018-12-20;"quinta-feira";"09:20:00";"MS";267;238,1;"NOVA ALVORADA DO SUL";"Falta de Atenção à Condução";"Colisão lateral";"Com Vítimas Feridas";"Pleno dia";"Crescente";"Céu Claro";"Simples";"Reta";"Não";3;0;1;0;1;1;1;3;-21,487068;-54,28397;"SPRF-MS";"DEL02-MS";"UOP01-DEL02-MS"
179448;2018-11-10;"sábado";"09:10:00";"PB";101;97,2;"CONDE";"Falta de Atenção à Condução";"Colisão com objeto estático";"Sem Vítimas";"Pleno dia";"Decrescente";"Céu Claro";"Dupla";"Curva";"Não";1;0;0;0;1;0;0;1;-7,234654;-34,924356;"SPRF-PB";"DEL01-PB";"UOP01-DEL01-PB"
179451;2018-12-20;"quinta-feira";"07:00:00";"AC";364;31;"ACRELANDIA";"Desobediência às normas de trânsito pelo condutor";"Colisão transversal";"Com Vítimas Feridas";"Pleno dia";"Decrescente";"Nublado";"Simples";"Reta";"Não";7;0;1;0;6;0;1;2;-9,938175;-67,014534;"SPRF-AC";"DEL01-AC";"UOP01-DEL01-AC"
179455;2018-12-20;"quinta-feira";"10:00:00";"PB";230;17,5;"JOAO PESSOA";"Velocidade Incompatível";"Engavetamento";"Com Vítimas Feridas";"Pleno dia";"Decrescente";"Céu Claro";"Dupla";"Reta";"Não";8;0;1;1;5;1;2;6;-7,12497985;-34,84521568;"SPRF-PB";"DEL01-PB";"UOP01-DEL01-PB"
179459;2018-12-20;"quinta-feira";"11:40:00";"MG";40;782,5;"JUIZ DE FORA";"Defeito Mecânico no Veículo";"Colisão transversal";"Sem Vítimas";"Pleno dia";"Decrescente";"Céu Claro";"Dupla";"Interseção de Vias";"Sim";3;0;0;0;3;0;0;2;-21,721;-43,4423;"SPRF-MG";"DEL05-MG";"UOP01-DEL05-MG"
179464;2018-12-20;"quinta-feira";"12:10:00";"MG";153;130;"PRATA";"Desobediência às normas de trânsito pelo condutor";"Colisão lateral";"Sem Vítimas";"Pleno dia";"Decrescente";"Céu Claro";"Simples";"Reta";"Não";2;0;0;0;1;1;0;2;-19,46047222;-48,87851715;"SPRF-MG";"DEL15-MG";"UOP03-DEL15-MG"
179465;2018-12-20;"quinta-feira";"10:55:00";"SE";101;48,2;"JAPARATUBA";"Velocidade Incompatível";"Tombamento";"Com Vítimas Fatais";"Pleno dia";"Decrescente";"Céu Claro";"Dupla";"Reta";"Não";1;1;0;0;0;0;0;1;-10,59485457;-36,97444439;"SPRF-SE";"DEL02-SE";"UOP02-DEL02-SE"
179471;2018-12-20;"quinta-feira";"11:20:00";"SP";116;426;"JUQUIA";"Falta de Atenção à Condução";"Colisão traseira";"Com Vítimas Feridas";"Pleno dia";"Crescente";"Céu Claro";"Dupla";"Retorno Regulamentado;Curva";"Não";4;0;2;0;2;0;2;2;-24,38796768;-47,72083282;"SPRF-SP";"DEL05-SP";"UOP01-DEL05-SP"
179479;2018-12-20;"quinta-feira";"12:50:00";"GO";60;177;"ABADIA DE GOIAS";"Falta de Atenção à Condução";"Colisão com objeto estático";"Sem Vítimas";"Pleno dia";"Crescente";"Céu Claro";"Dupla";"Reta";"Não";2;0;0;0;1;1;0;2;-16,7562;-49,4492;"SPRF-GO";"DEL01-GO";"UOP02-DEL01-GO"
179482;2018-12-20;"quinta-feira";"06:50:00";"MG";262;748,8;"SACRAMENTO";"Falta de Atenção à Condução";"Colisão frontal";"Com Vítimas Feridas";"Pleno dia";"Decrescente";"Nevoeiro/Neblina";"Simples";"Ponte";"Não";8;0;0;3;3;2;3;6;-19,61324138;-47,45604515;"SPRF-MG";"DEL13-MG";"UOP01-DEL13-MG"
179483;2018-12-20;"quinta-feira";"12:30:00";"SC";470;50;"BLUMENAU";"Falta de Atenção à Condução";"Colisão lateral";"Sem Vítimas";"Pleno dia";"Decrescente";"Sol";"Simples";"Reta";"Sim";2;0;0;0;2;0;0;2;-26,859768;-49,074493;"SPRF-SC";"DEL04-SC";"UOP01-DEL04-SC"
179485;2018-12-20;"quinta-feira";"12:20:00";"BA";116;616;"JAGUAQUARA";"Não guardar distância de segurança";"Colisão traseira";"Com Vítimas Feridas";"Pleno dia";"Crescente";"Céu Claro";"Simples";"Reta";"Não";3;0;1;0;1;1;1;3;-13,37109855;-40,01923626;"SPRF-BA";"DEL03-BA";"UOP01-DEL03-BA"
179490;2018-12-20;"quinta-feira";"14:00:00";"RS";290;132,5;"ELDORADO DO SUL";"Condutor Dormindo";"Colisão lateral";"Com Vítimas Feridas";"Pleno dia";"Crescente";"Chuva";"Simples";"Reta";"Não";2;0;2;0;0;0;2;2;-30,061724;-51,530876;"SPRF-RS";"DEL02-RS";"UOP01-DEL02-RS"
179494;2018-12-20;"quinta-feira";"13:30:00";"BA";116;438;"FEIRA DE SANTANA";"Falta de Atenção à Condução";"Colisão lateral";"Com Vítimas Fatais";"Pleno dia";"Crescente";"Céu Claro";"Dupla";"Reta";"Não";3;1;0;0;2;0;0;3;-12,33731869;-39,07424927;"SPRF-BA";"DEL02-BA";"UOP01-DEL02-BA"
179495;2018-12-20;"quinta-feira";"14:45:00";"SP";153;48;"SAO JOSE DO RIO PRETO";"Ultrapassagem Indevida";"Colisão frontal";"Com Vítimas Fatais";"Pleno dia";"Decrescente";"Céu Claro";"Simples";"Reta";"Não";5;1;1;0;0;3;1;4;-20,690966;-49,339806;"SPRF-SP";"DEL09-SP";"UOP01-DEL09-SP"
179500;2018-12-20;"quinta-feira";"14:10:00";"PE";101;94,7;"CABO DE SANTO AGOSTINHO";"Velocidade Incompatível";"Tombamento";"Com Vítimas Feridas";"Pleno dia";"Decrescente";"Céu Claro";"Simples";"Rotatória";"Não";2;0;1;0;0;1;1;2;-8,25310736;-35,00781518;"SPRF-PE";"DEL01-PE";"UOP03-DEL01-PE"
179507;2018-12-20;"quinta-feira";"11:00:00";"MA";222;666,7;"ACAILANDIA";"Desobediência às normas de trânsito pelo condutor";"Colisão lateral";"Com Vítimas Feridas";"Pleno dia";"Crescente";"Céu Claro";"Simples";"Reta";"Sim";3;0;2;0;1;0;2;2;-4,91745;-47,42542;"SPRF-MA";"DEL04-MA";"UOP03-DEL04-MA"
179522;2018-12-20;"quinta-feira";"16:10:00";"PR";116;117;"CURITIBA";"Não guardar distância de segurança";"Colisão traseira";"Com Vítimas Feridas";"Pleno dia";"Crescente";"Céu Claro";"Dupla";"Reta";"Sim";2;0;1;0;1;0;1;2;-25,544559;-49,30146;"SPRF-PR";"DEL01-PR";"UOP07-DEL01-PR"
179523;2018-12-20;"quinta-feira";"15:35:00";"ES";262;130;"BREJETUBA";"Não guardar distância de segurança";"Colisão traseira";"Com Vítimas Feridas";"Pleno dia";"Crescente";"Sol";"Simples";"Reta";"Não";3;0;1;0;2;0;1;2;-20,2596;-41,298;"SPRF-ES";"DEL01-ES";"UOP02-DEL01-ES"
179524;2018-12-15;"sábado";"16:05:00";"PA";316;102;"SANTA MARIA DO PARA";"Defeito Mecânico no Veículo";"Incêndio";"Sem Vítimas";"Pleno dia";"Decrescente";"Garoa/Chuvisco";"Simples";"Reta";"Sim";7;0;0;0;0;7;0;7;-1,338084;-47,586559;"SPRF-PA";"DEL01-PA";"UOP02-DEL01-PA"
179532;2018-12-20;"quinta-feira";"17:00:00";"ES";393;7,2;"CACHOEIRO DE ITAPEMIRIM";"Falta de Atenção à Condução";"Colisão transversal";"Com Vítimas Feridas";"Anoitecer";"Crescente";"Céu Claro";"Simples";"Curva";"Não";2;0;1;0;1;0;1;2;-20,827583;-41,182526;"SPRF-ES";"DEL03-ES";"UOP02-DEL03-ES"
179533;2018-12-20;"quinta-feira";"17:15:00";"RS";285;153,7;"MUITOS CAPOES";"Pista Escorregadia";"Colisão frontal";"Com Vítimas Feridas";"Pleno dia";"Crescente";"Chuva";"Simples";"Curva";"Não";3;0;1;0;1;1;1;3;-28,331192;-51,160904;"SPRF-RS";"DEL05-RS";"UOP03-DEL05-RS"
179534;2018-12-20;"quinta-feira";"17:25:00";"SP";381;86,2;"SAO PAULO";"Falta de Atenção à Condução";"Colisão traseira";"Com Vítimas Feridas";"Pleno dia";"Crescente";"Céu Claro";"Dupla";"Curva";"Sim";4;0;2;0;2;0;2;3;-23,46895441;-46,57016516;"SPRF-SP";"DEL03-SP";"UOP01-DEL03-SP"
179543;2018-12-20;"quinta-feira";"15:45:00";"RO";364;694;"CANDEIAS DO JAMARI";"Falta de Atenção à Condução";"Colisão transversal";"Com Vítimas Feridas";"Pleno dia";"Decrescente";"Céu Claro";"Simples";"Reta";"Não";4;0;1;0;2;3;1;5;-8,79640761;-63,68836826;"SPRF-RO";"DEL01-RO";"UOP01-DEL01-RO"
179544;2018-12-20;"quinta-feira";"16:55:00";"BA";116;25,8;"VITORIA DA CONQUISTA";"Ingestão de álcool e/ou substâncias psicoativas pelo pedestre";"Atropelamento de Pedestre";"Com Vítimas Fatais";"Pleno dia";"Decrescente";"Sol";"Simples";"Declive";"Sim";3;1;0;0;1;1;0;2;-14,85224;-40,80134;"SPRF-BA";"DEL08-BA";"UOP01-DEL08-BA"
179546;2018-12-20;"quinta-feira";"17:45:00";"SC";101;214;"PALHOCA";"Falta de Atenção à Condução";"Colisão traseira";"Com Vítimas Feridas";"Pleno dia";"Crescente";"Céu Claro";"Múltipla";"Reta";"Sim";2;0;1;0;1;0;1;2;-27,652;-48,676;"SPRF-SC";"DEL01-SC";"UOP02-DEL01-SC"
179552;2018-12-20;"quinta-feira";"17:10:00";"RJ";116;261;"VOLTA REDONDA";"Defeito na Via";"Tombamento";"Sem Vítimas";"Plena Noite";"Decrescente";"Céu Claro";"Dupla";"Curva";"Não";1;0;0;0;1;0;0;1;-22,57660843;-44,11484286;"SPRF-RJ";"DEL07-RJ";"UOP02-DEL07-RJ"
179553;2018-12-20;"quinta-feira";"16:25:00";"BA";110;302;"INHAMBUPE";"Defeito Mecânico no Veículo";"Tombamento";"Sem Vítimas";"Pleno dia";"Decrescente";"Céu Claro";"Simples";"Reta";"Não";1;0;0;0;0;1;0;1;-11,882695;-38,375493;"SPRF-BA";"DEL01-BA";"UOP04-DEL01-BA"
179554;2018-12-20;"quinta-feira";"15:15:00";"AC";364;126;"RIO BRANCO";"Desobediência às normas de trânsito pelo condutor";"Colisão lateral";"Com Vítimas Feridas";"Pleno dia";"Crescente";"Garoa/Chuvisco";"Dupla";"Curva";"Sim";3;0;1;0;1;2;1;4;-10,012822;-67,808746;"SPRF-AC";"DEL01-AC";"UOP01-DEL01-AC"
179563;2018-12-20;"quinta-feira";"10:30:00";"RS";293;219,5;"DOM PEDRITO";"Ultrapassagem Indevida";"Colisão frontal";"Com Vítimas Feridas";"Pleno dia";"Crescente";"Chuva";"Simples";"Reta";"Não";3;0;1;0;2;0;1;2;-31,124861;-54,39637;"SPRF-RS";"DEL11-RS";"UOP03-DEL11-RS"
179566;2018-12-20;"quinta-feira";"15:00:00";"SC";282;552,3;"NOVA ITABERABA";"Não guardar distância de segurança";"Colisão traseira";"Com Vítimas Feridas";"Pleno dia";"Decrescente";"Nublado";"Simples";"Reta";"Não";3;0;2;0;1;0;2;2;-26,943676;-52,783813;"SPRF-SC";"DEL07-SC";"UOP01-DEL07-SC"
179568;2018-11-18;"domingo";"15:30:00";"BA";116;708;"MANOEL VITORINO";"Ultrapassagem Indevida";"Colisão frontal";"Com Vítimas Fatais";"Pleno dia";"Crescente";"Céu Claro";"Simples";"Curva";"Não";3;1;0;0;1;1;0;3;-14,13494786;-40,23912057;"SPRF-BA";"DEL03-BA";"UOP01-DEL03-BA"
179574;2018-12-20;"quinta-feira";"18:35:00";"PR";376;495;"PONTA GROSSA";"Velocidade Incompatível";"Saída de leito carroçável";"Com Vítimas Feridas";"Pleno dia";"Crescente";"Céu Claro";"Dupla";"Curva";"Sim";2;0;0;1;0;1;1;2;-25,13380619;-50,16587019;"SPRF-PR";"DEL03-PR";"UOP04-DEL03-PR"
179576;2018-12-20;"quinta-feira";"18:00:00";"MG";381;939,4;"EXTREMA";"Velocidade Incompatível";"Colisão com objeto estático";"Sem Vítimas";"Anoitecer";"Decrescente";"Chuva";"Dupla";"Curva";"Não";3;0;0;0;2;1;0;3;-22,8231;-46,3069;"SPRF-MG";"DEL16-MG";"UOP03-DEL16-MG"
179578;2018-12-20;"quinta-feira";"20:00:00";"MG";40;276,4;"TRES MARIAS";"Falta de Atenção à Condução";"Colisão lateral";"Com Vítimas Feridas";"Plena Noite";"Decrescente";"Céu Claro";"Simples";"Reta";"Sim";5;0;1;0;3;1;1;2;-18,206104;-45,231159;"SPRF-MG";"DEL14-MG";"UOP02-DEL14-MG"
179586;2018-12-20;"quinta-feira";"15:00:00";"RJ";116;329;"RESENDE";"Carga excessiva e/ou mal acondicionada";"Tombamento";"Com Vítimas Feridas";"Pleno dia";"Decrescente";"Sol";"Dupla";"Curva";"Não";2;0;1;0;0;2;1;3;-22,495203;-44,570347;"SPRF-RJ";"DEL07-RJ";"DEL5/7-UOP03/RJ"
179587;2018-12-20;"quinta-feira";"18:10:00";"BA";101;362,8;"GANDU";"Ultrapassagem Indevida";"Colisão frontal";"Com Vítimas Feridas";"Plena Noite";"Crescente";"Céu Claro";"Simples";"Aclive";"Não";3;0;1;0;2;0;1;3;-13,7217;-39,4782;"SPRF-BA";"DEL05-BA";"UOP03-DEL05-BA"
179589;2018-12-20;"quinta-feira";"19:56:00";"MG";381;584,5;"CARMOPOLIS DE MINAS";"Velocidade Incompatível";"Tombamento";"Com Vítimas Feridas";"Plena Noite";"Decrescente";"Nublado";"Dupla";"Reta";"Não";2;0;1;0;0;1;1;2;-20,5177;-44,6187;"SPRF-MG";"DEL04-MG";"UOP01-DEL04-MG"
179599;2018-12-20;"quinta-feira";"19:30:00";"CE";20;417;"MARACANAU";"Falta de Atenção à Condução";"Colisão transversal";"Com Vítimas Feridas";"Plena Noite";"Decrescente";"Céu Claro";"Dupla";"Reta";"Sim";4;0;1;0;1;2;1;4;-3,84167965;-38,5948671;"SPRF-CE";"DEL01-CE";"UOP02-DEL01-CE"
179608;2018-12-20;"quinta-feira";"20:00:00";"MS";158;148,5;"APARECIDA DO TABOADO";"Falta de Atenção à Condução";"Colisão lateral";"Com Vítimas Feridas";"Anoitecer";"Decrescente";"Céu Claro";"Simples";"Reta";"Não";2;0;0;1;1;0;1;2;-20,086456;-51,142632;"SPRF-MS";"DEL08-MS";"UOP01-DEL08-MS"
179609;2018-12-20;"quinta-feira";"15:00:00";"MA";316;400,3;"ALTO ALEGRE DO MARANHAO";"Ingestão de Álcool";"Colisão lateral";"Com Vítimas Feridas";"Pleno dia";"Crescente";"Céu Claro";"Simples";"Reta";"Sim";4;0;0;1;2;1;1;3;-4,198092;-44,45652;"SPRF-MA";"DEL03-MA";"UOP01-DEL03-MA"
179612;2018-12-20;"quinta-feira";"20:00:00";"MG";116;739,1;"LARANJAL";"Desobediência às normas de trânsito pelo condutor";"Colisão frontal";"Com Vítimas Feridas";"Plena Noite";"Decrescente";"Céu Claro";"Simples";"Aclive";"Não";2;0;0;1;0;1;1;2;-21,37488109;-42,47979641;"SPRF-MG";"DEL07-MG";"UOP01-DEL07-MG"
179617;2018-12-20;"quinta-feira";"13:00:00";"PR";153;135;"VENTANIA";"Condutor Dormindo";"Tombamento";"Com Vítimas Feridas";"Pleno dia";"Crescente";"Céu Claro";"Simples";"Curva";"Não";1;0;1;0;0;0;1;1;-24,04219579;-50,25073528;"SPRF-PR";"DEL07-PR";"UOP04-DEL07-PR"
179618;2018-12-20;"quinta-feira";"22:30:00";"PR";277;354,2;"GUARAPUAVA";"Ultrapassagem Indevida";"Saída de leito carroçável";"Com Vítimas Feridas";"Plena Noite";"Decrescente";"Céu Claro";"Simples";"Reta;Viaduto";"Não";2;0;0;1;1;0;1;1;-25,41220746;-51,55790703;"SPRF-PR";"DEL03-PR";"UOP01-DEL08-PR"
179622;2018-12-20;"quinta-feira";"22:30:00";"MG";381;789,8;"SAO GONCALO DO SAPUCAI";"Não guardar distância de segurança";"Colisão traseira";"Com Vítimas Feridas";"Plena Noite";"Decrescente";"Céu Claro";"Dupla";"Reta";"Não";3;0;1;0;1;1;1;3;-21,8793;-45,5429;"SPRF-MG";"DEL16-MG";"UOP02-DEL16-MG"
179624;2018-12-20;"quinta-feira";"23:00:00";"SC";470;213,5;"SAO CRISTOVAO DO SUL";"Velocidade Incompatível";"Tombamento";"Com Vítimas Feridas";"Plena Noite";"Decrescente";"Chuva";"Simples";"Curva";"Não";2;0;1;0;0;1;1;2;-27,306669;-50,24688;"SPRF-SC";"DEL05-SC";"UOP03-DEL05-SC"
179625;2018-12-21;"sexta-feira";"00:05:00";"SC";470;109;"APIUNA";"Condutor Dormindo";"Colisão frontal";"Com Vítimas Feridas";"Plena Noite";"Crescente";"Nublado";"Simples";"Reta";"Não";3;0;1;0;1;2;1;4;-27,083876;-49,449543;"SPRF-SC";"DEL04-SC";"UOP02-DEL04-SC"
179630;2018-12-20;"quinta-feira";"20:10:00";"PA";230;112;"MARABA";"Falta de Atenção à Condução";"Saída de leito carroçável";"Com Vítimas Feridas";"Plena Noite";"Crescente";"Céu Claro";"Simples";"Aclive";"Não";2;0;1;0;0;2;1;3;-5,369113;-49,048855;"SPRF-PA";"DEL03-PA";"UOP01-DEL03-PA"
179635;2018-12-20;"quinta-feira";"06:23:00";"MG";381;502;"BETIM";"Defeito Mecânico no Veículo";"Tombamento";"Sem Vítimas";"Pleno dia";"Decrescente";"Céu Claro";"Dupla";"Curva";"Não";2;0;0;0;1;1;0;2;-20,0236;-44,2299;"SPRF-MG";"DEL01-MG";"UOP03-DEL01-MG"
179636;2018-12-20;"quinta-feira";"20:12:00";"MG";262;362;"JUATUBA";"Agressão Externa";"Saída de leito carroçável";"Com Vítimas Feridas";"Plena Noite";"Decrescente";"Céu Claro";"Dupla";"Reta";"Não";2;0;1;0;0;1;1;2;-19,9723;-44,2986;"SPRF-MG";"DEL01-MG";"UOP03-DEL01-MG"
179638;2018-12-20;"quinta-feira";"20:40:00";"RO";364;468;"ARIQUEMES";"Agressão Externa";"Saída de leito carroçável";"Com Vítimas Feridas";"Plena Noite";"Decrescente";"Céu Claro";"Simples";"Aclive";"Não";2;0;1;0;0;1;1;2;-10,206053;-62,781696;"SPRF-RO";"DEL03-RO";"UOP01-DEL03-RO"
179652;2018-12-21;"sexta-feira";"02:40:00";"SP";116;31;"CRUZEIRO";"Falta de Atenção à Condução";"Colisão traseira";"Com Vítimas Feridas";"Plena Noite";"Crescente";"Céu Claro";"Múltipla";"Aclive";"Não";3;0;0;1;2;0;1;2;-22,639671;-44,938709;"SPRF-SP";"DEL08-SP";"UOP02-DEL08-SP"
179653;2018-12-21;"sexta-feira";"01:00:00";"RS";153;590;"BAGE";"Condutor Dormindo";"Saída de leito carroçável";"Com Vítimas Fatais";"Plena Noite";"Crescente";"Garoa/Chuvisco";"Simples";"Ponte";"Não";2;1;0;0;0;1;0;2;-31,124912;-53,780689;"SPRF-RS";"DEL11-RS";"UOP03-DEL11-RS"