"id";"data_inversa";"dia_semana";"horario";"uf";"br";"km";"municipio";"causa_acidente";"tipo_acidente";"classificacao_acidente";"fase_dia";"sentido_via";"condicao_metereologica";"tipo_pista";"tracado_via";"uso_solo";"pessoas";"mortos";"feridos_leves";"feridos_graves";"ilesos";"ignorados";"feridos";"veiculos";"latitude";"longitude";"regional";"delegacia";"uop"
179658;2018-12-21;"sexta-feira";"04:30:00";"PE";428;55;"OROCO";"Condutor Dormindo";"Colisão frontal";"Com Vítimas Feridas";"Amanhecer";"Decrescente";"Céu Claro";"Simples";"Reta";"Não";2;0;1;0;1;0;1;2;-8,612432;-39,663406;"SPRF-PE";"DEL06-PE";"UOP03-DEL06-PE"
179662;2018-12-21;"sexta-feira";"05:40:00";"MG";365;493;"PATROCINIO";"Ultrapassagem Indevida";"Colisão frontal";"Com Vítimas Feridas";"Amanhecer";"Crescente";"Céu Claro";"Simples";"Reta";"Não";5;0;2;0;2;3;2;6;-18,90541;-47,17399;"SPRF-MG";"DEL10-MG";"UOP01-DEL10-MG"
179669;2018-12-21;"sexta-feira";"06:20:00";"SP";116;358,8;"MIRACATU";"Defeito Mecânico no Veículo";"Incêndio";"Sem Vítimas";"Amanhecer";"Decrescente";"Nublado";"Dupla";"Reta";"Não";2;0;0;0;1;1;0;2;-24,1060703;-47,26359498;"SPRF-SP";"DEL04-SP";"UOP03-DEL04-SP"
179670;2018-12-21;"sexta-feira";"07:15:00";"SP";381;46;"ATIBAIA";"Condutor Dormindo";"Saída de leito carroçável";"Sem Vítimas";"Pleno dia";"Crescente";"Céu Claro";"Dupla";"Viaduto";"Sim";1;0;0;0;1;0;0;1;-23,138622;-46,575844;"SPRF-SP";"DEL03-SP";"UOP01-DEL03-SP"
179673;2018-12-21;"sexta-feira";"06:30:00";"PE";101;44,3;"IGARASSU";"Falta de Atenção à Condução";"Colisão com objeto estático";"Sem Vítimas";"Pleno dia";"Crescente";"Sol";"Múltipla";"Reta";"Sim";2;0;0;0;1;1;0;2;-7,8543;-34,9087;"SPRF-PE";"DEL01-PE";"UOP02-DEL01-PE"
179675;2018-12-20;"quinta-feira";"18:25:00";"MG";459;24,6;"CALDAS";"Ingestão de Álcool";"Colisão lateral";"Com Vítimas Feridas";"Anoitecer";"Decrescente";"Céu Claro";"Simples";"Curva";"Não";2;0;1;0;1;0;1;2;-21,877081;-46,385975;"SPRF-MG";"DEL13-MG";"UOP01-DEL13-MG"
179676;2018-12-20;"quinta-feira";"11:25:00";"MT";364;266;"JACIARA";"Não guardar distância de segurança";"Colisão traseira";"Com Vítimas Feridas";"Pleno dia";"Decrescente";"Céu Claro";"Simples";"Declive";"Não";2;0;1;0;1;0;1;2;-15,995973;-54,922596;"SPRF-MT";"DEL02-MT";"UOP02-DEL05-MT"
179679;2018-12-21;"sexta-feira";"08:10:00";"MG";116;293,1;"TEOFILO OTONI";"Ultrapassagem Indevida";"Colisão lateral";"Com Vítimas Feridas";"Pleno dia";"Decrescente";"Céu Claro";"Simples";"Curva";"Não";5;0;2;1;2;0;3;2;-17,90295524;-41,52282715;"SPRF-MG";"DEL11-MG";"UOP01-DEL11-MG"
179684;2018-12-21;"sexta-feira";"08:40:00";"MG";381;292;"ANTONIO DIAS";"Carga excessiva e/ou mal acondicionada";"Tombamento";"Sem Vítimas";"Pleno dia";"Decrescente";"Céu Claro";"Simples";"Curva";"Não";1;0;0;0;1;0;0;1;-19,6284204;-42,80651093;"SPRF-MG";"DEL03-MG";"UOP02-DEL03-MG"
179686;2018-12-21;"sexta-feira";"07:40:00";"TO";153;152;"ARAGUAINA";"Falta de Atenção à Condução";"Colisão transversal";"Com Vítimas Feridas";"Pleno dia";"Decrescente";"Céu Claro";"Simples";"Reta";"Não";2;0;2;0;0;0;2;2;-7,264632;-48,262615;"SPRF-TO";"DEL02-TO";"UOP01-DEL02-TO"
179696;2018-12-21;"sexta-feira";"09:30:00";"PR";376;113,9;"ALTO PARANA";"Falta de Atenção à Condução";"Tombamento";"Sem Vítimas";"Pleno dia";"Crescente";"Céu Claro";"Dupla";"Declive";"Não";2;0;0;0;1;3;0;4;-23,093431;-52,384197;"SPRF-PR";"DEL07-PR";"UOP02-DEL09-PR"
179699;2018-12-21;"sexta-feira";"08:40:00";"SE";101;45,9;"JAPARATUBA";"Falta de Atenção à Condução";"Colisão lateral";"Com Vítimas Feridas";"Pleno dia";"Decrescente";"Céu Claro";"Dupla";"Curva;Aclive";"Não";3;0;1;0;0;2;1;3;-10,5747092;-36,96446657;"SPRF-SE";"DEL02-SE";"UOP02-DEL02-SE"
179716;2018-12-21;"sexta-feira";"09:30:00";"BA";116;676,7;"JEQUIE";"Defeito Mecânico no Veículo";"Colisão frontal";"Com Vítimas Feridas";"Pleno dia";"Decrescente";"Sol";"Simples";"Curva";"Não";5;0;0;1;3;2;1;5;-13,87550677;-40,1332283;"SPRF-BA";"DEL03-BA";"UOP01-DEL03-BA"
179721;2018-12-20;"quinta-feira";"22:00:00";"PI";135;300;"CRISTINO CASTRO";"Defeito na Via";"Saída de leito carroçável";"Sem Vítimas";"Plena Noite";"Crescente";"Céu Claro";"Simples";"Reta";"Não";2;0;0;0;1;1;0;2;-8,714745;-44,11055;"SPRF-PI";"DEL03-PI";"UOP02-DEL03-PI"
179724;2018-12-21;"sexta-feira";"08:30:00";"RO";364;193,9;"PIMENTA BUENO";"Avarias e/ou desgaste excessivo no pneu";"Colisão frontal";"Com Vítimas Feridas";"Pleno dia";"Decrescente";"Nublado";"Simples";"Reta";"Sim";4;0;0;1;1;3;1;5;-11,706285;-61,164848;"SPRF-RO";"DEL02-RO";"UOP02-DEL02-RO"
179725;2018-12-21;"sexta-feira";"10:30:00";"BA";101;386;"GANDU";"Velocidade Incompatível";"Tombamento";"Com Vítimas Feridas";"Pleno dia";"Decrescente";"Céu Claro";"Simples";"Curva";"Não";2;0;1;0;0;1;1;2;-13,9103;-39,4816;"SPRF-BA";"DEL05-BA";"UOP03-DEL05-BA"
179726;2018-12-21;"sexta-feira";"10:00:00";"PI";343;348,8;"TERESINA";"Desobediência às normas de trânsito pelo condutor";"Colisão transversal";"Com Vítimas Feridas";"Pleno dia";"Decrescente";"Céu Claro";"Dupla";"Reta";"Sim";2;0;0;1;1;0;1;2;-5,118706;-42,786411;"SPRF-PI";"DEL01-PI";"UOP01-DEL01-PI"
179729;2018-12-21;"sexta-feira";"09:50:00";"AP";210;37,6;"MACAPA";"Falta de Atenção à Condução";"Colisão traseira";"Com Vítimas Feridas";"Pleno dia";"Decrescente";"Chuva";"Simples";"Reta";"Não";16;0;0;3;13;0;3;2;0,338835;-51,090397;"SPRF-AP";"DEL01-AP";"UOP01-DEL01-AP"
179739;2018-12-19;"quarta-feira";"10:00:00";"MS";163;660,9;"RIO VERDE DE MATO GROSSO";"Condutor Dormindo";"Saída de leito carroçável";"Sem Vítimas";"Pleno dia";"Crescente";"Céu Claro";"Simples";"Reta";"Não";1;0;0;0;1;0;0;1;-19,0487048;-54,816742;"SPRF-MS";"DEL06-MS";"UOP02-DEL06-MS"
179740;2018-12-21;"sexta-feira";"11:15:00";"PE";101;31,8;"IGARASSU";"Velocidade Incompatível";"Colisão com objeto estático";"Sem Vítimas";"Pleno dia";"Decrescente";"Céu Claro";"Dupla";"Reta";"Sim";2;0;0;0;1;1;0;2;-7,7547;-34,9361;"SPRF-PE";"DEL01-PE";"UOP02-DEL01-PE"
179741;2018-12-21;"sexta-feira";"11:50:00";"TO";153;745,3;"ALVORADA";"Falta de Atenção à Condução";"Colisão frontal";"Sem Vítimas";"Pleno dia";"Crescente";"Céu Claro";"Simples";"Declive";"Não";7;0;0;0;6;1;0;3;-12,341898;-49,151215;"SPRF-TO";"DEL02-TO";"UOP02-DEL01-TO"
179743;2018-12-21;"sexta-feira";"10:50:00";"SC";282;507,1;"XANXERE";"Falta de Atenção à Condução";"Colisão lateral";"Sem Vítimas";"Pleno dia";"Crescente";"Céu Claro";"Simples";"Aclive";"Não";2;0;0;0;2;0;0;2;-26,886171;-52,43911;"SPRF-SC";"DEL07-SC";"UOP01-DEL07-SC"
179747;2018-12-21;"sexta-feira";"11:00:00";"BA";110;402;"SAO SEBASTIAO DO PASSE";"Avarias e/ou desgaste excessivo no pneu";"Incêndio";"Sem Vítimas";"Pleno dia";"Crescente";"Céu Claro";"Simples";"Reta";"Não";2;0;0;0;1;1;0;2;-12,5636;-38,528;"SPRF-BA";"DEL01-BA";"UOP01-DEL01-BA"
179749;2018-12-21;"sexta-feira";"12:38:00";"MS";262;706,2;"CORUMBA";"Desobediência às normas de trânsito pelo condutor";"Colisão lateral";"Com Vítimas Feridas";"Pleno dia";"Decrescente";"Céu Claro";"Simples";"Declive";"Não";8;0;4;1;3;0;5;2;-19,52062927;-57,42039159;"SPRF-MS";"DEL03-MS";"UOP03-DEL03-MS"
179757;2018-12-21;"sexta-feira";"14:00:00";"MG";381;366;"SAO GONCALO DO RIO ABAIXO";"Pista Escorregadia";"Colisão frontal";"Com Vítimas Feridas";"Pleno dia";"Decrescente";"Chuva";"Simples";"Curva";"Não";4;0;3;1;0;0;4;2;-19,85997698;-43,22539419;"SPRF-MG";"DEL03-MG";"UOP01-DEL03-MG"
179758;2018-12-21;"sexta-feira";"13:45:00";"PR";163;289,5;"MARECHAL CANDIDO RONDON";"Falta de Atenção à Condução";"Colisão frontal";"Com Vítimas Feridas";"Pleno dia";"Crescente";"Céu Claro";"Simples";"Reta";"Não";5;0;2;0;2;1;2;4;-24,51708088;-54,0780437;"SPRF-PR";"DEL06-PR";"UOP02-DEL06-PR"
179759;2018-12-21;"sexta-feira";"12:20:00";"GO";364;137;"JATAI";"Condutor Dormindo";"Saída de leito carroçável";"Com Vítimas Feridas";"Pleno dia";"Decrescente";"Céu Claro";"Simples";"Reta";"Não";2;0;1;0;0;2;1;3;-18,202271;-51,323952;"SPRF-GO";"DEL05-GO";"UOP01-DEL05-GO"
179760;2018-12-21;"sexta-feira";"13:25:00";"PR";373;172,9;"PONTA GROSSA";"Falta de Atenção à Condução";"Colisão lateral";"Com Vítimas Feridas";"Pleno dia";"Crescente";"Céu Claro";"Dupla";"Reta";"Sim";3;0;1;0;1;1;1;3;-25,09803582;-50,41900635;"SPRF-PR";"DEL03-PR";"UOP01-DEL03-PR"
179761;2018-12-21;"sexta-feira";"14:40:00";"PR";277;554,5;"CASCAVEL";"Falta de Atenção à Condução";"Engavetamento";"Com Vítimas Feridas";"Pleno dia";"Decrescente";"Céu Claro";"Simples";"Reta";"Não";4;0;1;1;2;0;2;3;-25,086925;-53,172983;"SPRF-PR";"DEL04-PR";"UOP04-DEL04-PR"
179766;2018-12-21;"sexta-feira";"14:10:00";"SC";101;378;"ICARA";"Desobediência às normas de trânsito pelo condutor";"Danos eventuais";"Sem Vítimas";"Pleno dia";"Crescente";"Garoa/Chuvisco";"Simples";"Interseção de Vias";"Não";2;0;0;0;1;1;0;2;-28,74628952;-49,26020622;"SPRF-SC";"DEL02-SC";"UOP01-DEL02-SC"
179767;2018-12-21;"sexta-feira";"09:20:00";"SC";116;106,2;"SANTA CECILIA";"Velocidade Incompatível";"Capotamento";"Com Vítimas Feridas";"Pleno dia";"Decrescente";"Sol";"Simples";"Curva";"Não";2;0;1;0;1;0;1;1;-26,768562;-50,350533;"SPRF-SC";"DEL06-SC";"UOP02-DEL06-SC"
179768;2018-12-21;"sexta-feira";"14:30:00";"SP";116;506,4;"CAJATI";"Falta de Atenção do Pedestre";"Atropelamento de Pedestre";"Com Vítimas Feridas";"Pleno dia";"Crescente";"Céu Claro";"Dupla";"Reta";"Não";3;0;0;1;1;1;1;3;-24,80801314;-48,21547508;"SPRF-SP";"DEL05-SP";"UAP01-DEL05-SP"
179773;2018-12-21;"sexta-feira";"12:20:00";"SC";470;187;"POUSO REDONDO";"Velocidade Incompatível";"Tombamento";"Com Vítimas Feridas";"Pleno dia";"Crescente";"Sol";"Simples";"Curva";"Não";2;0;1;0;0;1;1;2;-27,261072;-50,053226;"SPRF-SC";"DEL04-SC";"UOP02-DEL04-SC"
179785;2018-12-21;"sexta-feira";"10:32:00";"GO";153;132;"MARA ROSA";"Falta de Atenção à Condução";"Saída de leito carroçável";"Sem Vítimas";"Pleno dia";"Decrescente";"Nublado";"Dupla";"Reta";"Não";3;0;0;0;2;1;0;3;-13,92662;-49,070942;"SPRF-GO";"DEL07-GO";"UOP01-DEL07-GO"
179791;2018-06-30;"sábado";"11:10:00";"MT";163;803,3;"VERA";"Falta de Atenção à Condução";"Colisão transversal";"Com Vítimas Feridas";"Pleno dia";"Crescente";"Céu Claro";"Simples";"Reta;Interseção de Vias;Aclive";"Não";3;0;0;1;1;2;1;4;-12,145596;-55,514117;"SPRF-MT";"DEL06-MT";"UOP01-DEL06-MT"
179794;2018-12-21;"sexta-feira";"16:30:00";"GO";153;500,5;"GOIANIA";"Desobediência às normas de trânsito pelo condutor";"Colisão lateral";"Sem Vítimas";"Pleno dia";"Crescente";"Céu Claro";"Dupla";"Reta";"Sim";6;0;0;0;5;1;0;3;-16,7118;-49,2324;"SPRF-GO";"DEL01-GO";"UOP01-DEL01-GO"
179799;2018-12-21;"sexta-feira";"12:30:00";"PE";428;188;"PETROLINA";"Falta de Atenção à Condução";"Colisão lateral";"Com Vítimas Feridas";"Pleno dia";"Decrescente";"Céu Claro";"Dupla";"Reta";"Sim";2;0;1;0;0;1;1;2;-9,364097;-40,482716;"SPRF-PE";"DEL06-PE";"UOP01-DEL06-PE"
179800;2018-12-21;"sexta-feira";"16:20:00";"RJ";116;115;"MAGE";"Condutor Dormindo";"Colisão com objeto estático";"Com Vítimas Fatais";"Pleno dia";"Crescente";"Nublado";"Dupla";"Reta";"Não";4;2;1;0;0;1;1;4;-22,61527858;-43,03739548;"SPRF-RJ";"DEL04-RJ";"UOP02-DEL04-RJ"
179802;2018-12-21;"sexta-feira";"16:35:00";"MG";381;521,5;"BRUMADINHO";"Velocidade Incompatível";"Colisão com objeto estático";"Com Vítimas Feridas";"Pleno dia";"Crescente";"Nublado";"Dupla";"Curva";"Não";2;0;1;0;0;1;1;2;-20,1265;-44,3024;"SPRF-MG";"DEL04-MG";"UOP03-DEL04-MG"
179806;2018-12-21;"sexta-feira";"07:53:00";"PR";277;4,8;"PARANAGUA";"Falta de Atenção à Condução";"Colisão com objeto estático";"Sem Vítimas";"Pleno dia";"Decrescente";"Céu Claro";"Dupla";"Reta";"Sim";2;0;0;0;1;1;0;2;-25,55633275;-48,56327176;"SPRF-PR";"DEL01-PR";"UOP05-DEL01-PR"
179807;2018-12-21;"sexta-feira";"16:10:00";"SP";153;155,3;"PROMISSAO";"Defeito Mecânico no Veículo";"Colisão traseira";"Com Vítimas Feridas";"Pleno dia";"Decrescente";"Sol";"Simples";"Reta";"Não";3;0;1;0;2;0;1;2;-21,462423;-49,782719;"SPRF-SP";"DEL07-SP";"UOP01-DEL07-SP"
179808;2018-12-21;"sexta-feira";"17:35:00";"ES";101;266;"SERRA";"Falta de Atenção à Condução";"Colisão traseira";"Com Vítimas Feridas";"Pleno dia";"Crescente";"Céu Claro";"Múltipla";"Reta";"Sim";2;0;1;0;1;0;1;2;-20,18795619;-40,26833838;"SPRF-ES";"DEL02-ES";"UOP01-DEL02-ES"
179810;2018-12-21;"sexta-feira";"16:35:00";"BA";101;169;"FEIRA DE SANTANA";"Ingestão de Álcool";"Colisão transversal";"Sem Vítimas";"Pleno dia";"Crescente";"Céu Claro";"Simples";"Reta";"Sim";2;0;0;0;2;0;0;2;-12,3551;-38,85;"SPRF-BA";"DEL01-BA";"UOP03-DEL01-BA"
179814;2018-12-21;"sexta-feira";"14:45:00";"SC";282;425,5;"VARGEM BONITA";"Falta de Atenção à Condução";"Colisão frontal";"Com Vítimas Feridas";"Pleno dia";"Decrescente";"Chuva";"Simples";"Curva";"Não";3;0;1;0;2;0;1;3;-26,980412;-51,756256;"SPRF-SC";"DEL07-SC";"UOP05-DEL07-SC"
179820;2018-12-21;"sexta-feira";"04:00:00";"RS";290;100,5;"PORTO ALEGRE";"Falta de Atenção do Pedestre";"Atropelamento de Pedestre";"Com Vítimas Fatais";"Plena Noite";"Crescente";"Chuva";"Dupla";"Curva";"Não";2;1;0;0;0;1;0;2;-29,988646;-51,236553;"SPRF-RS";"DEL01-RS";"UOP01-DEL01-RS"
179822;2018-12-21;"sexta-feira";"17:00:00";"AL";101;83,8;"RIO LARGO";"Falta de Atenção à Condução";"Colisão lateral";"Com Vítimas Feridas";"Pleno dia";"Crescente";"Céu Claro";"Dupla";"Retorno Regulamentado;Reta";"Não";5;0;2;0;1;2;2;4;-9,44504858;-35,83403709;"SPRF-AL";"DEL01-AL";"UOP01-DEL01-AL"
179824;2018-12-21;"sexta-feira";"17:50:00";"SC";101;355;"JAGUARUNA";"Falta de Atenção à Condução";"Colisão traseira";"Com Vítimas Feridas";"Pleno dia";"Crescente";"Chuva";"Dupla";"Declive;Reta";"Não";2;0;1;0;1;0;1;2;-28,6264;-49,0821;"SPRF-SC";"DEL02-SC";"UOP01-DEL02-SC"
179825;2018-12-21;"sexta-feira";"17:40:00";"GO";153;194;"URUACU";"Falta de Atenção à Condução";"Colisão traseira";"Com Vítimas Feridas";"Pleno dia";"Decrescente";"Céu Claro";"Simples";"Reta";"Não";5;0;1;0;3;1;1;4;-14,463091;-49,156166;"SPRF-GO";"DEL07-GO";"UOP02-DEL07-GO"
179831;2018-12-21;"sexta-feira";"16:10:00";"SC";282;30,1;"SANTO AMARO DA IMPERATRIZ";"Velocidade Incompatível";"Colisão transversal";"Com Vítimas Feridas";"Pleno dia";"Crescente";"Chuva";"Simples";"Curva";"Não";3;0;0;1;1;1;1;3;-27,687376;-48,79071;"SPRF-SC";"DEL01-SC";"UOP03-DEL01-SC"
179837;2018-12-21;"sexta-feira";"18:00:00";"MG";356;287,3;"MURIAE";"Fenômenos da Natureza";"Colisão traseira";"Com Vítimas Feridas";"Pleno dia";"Crescente";"Chuva";"Simples";"Aclive";"Não";3;0;1;0;2;0;1;2;-21,125526;-42,375477;"SPRF-MG";"DEL07-MG";"UOP02-DEL07-MG"
179846;2018-12-21;"sexta-feira";"17:40:00";"MG";153;58;"MONTE ALEGRE DE MINAS";"Velocidade Incompatível";"Saída de leito carroçável";"Com Vítimas Feridas";"Pleno dia";"Crescente";"Céu Claro";"Simples";"Rotatória";"Não";2;0;1;0;1;0;1;1;-18,87911366;-49,05692697;"SPRF-MG";"DEL15-MG";"UOP03-DEL15-MG"
179848;2018-10-26;"sexta-feira";"21:20:00";"RJ";493;86;"JAPERI";"Velocidade Incompatível";"Colisão traseira";"Com Vítimas Feridas";"Plena Noite";"Decrescente";"Garoa/Chuvisco";"Dupla";"Reta";"Não";2;0;1;0;1;0;1;2;-22,66534343;-43,6315155;"SPRF-RJ";"DEL01-RJ";"UOP03-DEL01-RJ"
179856;2018-12-21;"sexta-feira";"19:40:00";"PR";476;193,5;"LAPA";"Pista Escorregadia";"Colisão frontal";"Com Vítimas Fatais";"Plena Noite";"Decrescente";"Garoa/Chuvisco";"Simples";"Curva";"Não";3;2;0;0;1;0;0;2;-25,731451;-49,709415;"SPRF-PR";"DEL01-PR";"UOP06-DEL01-PR"
179860;2018-12-21;"sexta-feira";"11:45:00";"MG";365;624,8;"UBERLANDIA";"Defeito Mecânico no Veículo";"Danos eventuais";"Sem Vítimas";"Pleno dia";"Decrescente";"Céu Claro";"Dupla";"Aclive;Curva";"Sim";2;0;0;0;1;2;0;3;-18,903;-48,2787;"SPRF-MG";"DEL15-MG";"UOP01-DEL15-MG"
179865;2018-12-21;"sexta-feira";"17:05:00";"PE";316;60;"TRINDADE";"Ingestão de Álcool";"Tombamento";"Com Vítimas Feridas";"Pleno dia";"Crescente";"Sol";"Simples";"Curva";"Sim";4;0;2;0;1;1;2;2;-7,770052;-40,258453;"SPRF-PE";"DEL05-PE";"UOP02-DEL05-PE"
179872;2018-12-21;"sexta-feira";"17:50:00";"MT";364;181;"PEDRA PRETA";"Falta de Atenção à Condução";"Tombamento";"Sem Vítimas";"Pleno dia";"Crescente";"Céu Claro";"Simples";"Declive;Reta";"Não";1;0;0;0;1;0;0;1;-16,599209;-54,500801;"SPRF-MT";"DEL02-MT";"UOP01-DEL02-MT"
179877;2018-12-21;"sexta-feira";"19:00:00";"PI";407;571;"PAULISTANA";"Ingestão de Álcool";"Colisão traseira";"Com Vítimas Feridas";"Plena Noite";"Crescente";"Céu Claro";"Simples";"Aclive";"Sim";2;0;0;1;1;0;1;2;-8,119744;-41,155128;"SPRF-PI";"DEL04-PI";"UOP01-DEL04-PI"
179878;2018-12-21;"sexta-feira";"19:00:00";"MT";364;404;"CUIABA";"Falta de Atenção à Condução";"Colisão traseira";"Com Vítimas Feridas";"Plena Noite";"Crescente";"Nublado";"Simples";"Retorno Regulamentado";"Sim";3;0;0;1;1;1;1;3;-15,661578;-55,971462;"SPRF-MT";"DEL02-MT";"UOP02-DEL01-MT"
179884;2018-12-21;"sexta-feira";"21:50:00";"PR";277;6,8;"PARANAGUA";"Falta de Atenção à Condução";"Colisão com objeto estático";"Sem Vítimas";"Plena Noite";"Crescente";"Céu Claro";"Simples";"Reta;Interseção de Vias";"Sim";2;0;0;0;1;1;0;2;-25,51285493;-48,52089286;"SPRF-PR";"DEL01-PR";"UOP05-DEL01-PR"
179888;2018-12-21;"sexta-feira";"19:20:00";"SP";116;405;"MIRACATU";"Desobediência às normas de trânsito pelo condutor";"Colisão lateral";"Com Vítimas Feridas";"Plena Noite";"Crescente";"Chuva";"Dupla";"Reta";"Não";3;0;0;1;1;1;1;3;-24,32300957;-47,5462532;"SPRF-SP";"DEL04-SP";"UOP02-DEL04-SP"
179898;2018-12-21;"sexta-feira";"23:00:00";"MG";381;5;"BETIM";"Ingestão de Álcool";"Colisão lateral";"Sem Vítimas";"Plena Noite";"Crescente";"Céu Claro";"Dupla";"Reta";"Não";4;0;0;0;3;1;0;3;-19,96825;-44,198708;"SPRF-MG";"DEL01-MG";"UOP03-DEL01-MG"
179912;2018-12-21;"sexta-feira";"17:45:00";"MT";364;492;"JANGADA";"Falta de Atenção à Condução";"Saída de leito carroçável";"Com Vítimas Feridas";"Anoitecer";"Decrescente";"Nublado";"Simples";"Reta";"Não";3;0;1;0;1;1;1;2;-15,309562;-56,433743;"SPRF-MT";"DEL01-MT";"DEL2/4-UOP02/MT"
179917;2018-12-22;"sábado";"00:05:00";"SC";470;142;"RIO DO SUL";"Ingestão de Álcool";"Colisão lateral";"Com Vítimas Feridas";"Plena Noite";"Crescente";"Céu Claro";"Simples";"Curva";"Não";3;0;1;0;2;0;1;3;-27,229801;-49,6693;"SPRF-SC";"DEL04-SC";"UOP02-DEL04-SC"
179921;2018-12-22;"sábado";"00:01:00";"RS";392;103,9;"MORRO REDONDO";"Falta de Atenção à Condução";"Colisão traseira";"Sem Vítimas";"Plena Noite";"Crescente";"Nevoeiro/Neblina";"Simples";"Reta";"Não";3;0;0;0;1;4;0;5;-31,516405;-52,59824;"SPRF-RS";"DEL07-RS";"UOP01-DEL07-RS"
179922;2018-12-22;"sábado";"00:30:00";"TO";153;529,5;"PUGMIL";"Ingestão de Álcool";"Tombamento";"Com Vítimas Fatais";"Plena Noite";"Crescente";"Céu Claro";"Simples";"Reta";"Não";3;1;0;1;0;1;1;2;-10,46258;-48,902298;"SPRF-TO";"DEL02-TO";"UOP01-DEL01-TO"
179930;2018-12-22;"sábado";"02:20:00";"SP";116;400,8;"MIRACATU";"Falta de Atenção à Condução";"Colisão traseira";"Com Vítimas Feridas";"Plena Noite";"Crescente";"Nublado";"Dupla";"Reta";"Não";1;0;1;0;0;0;1;1;-24,31010391;-47,50934601;"SPRF-SP";"DEL04-SP";"UOP02-DEL04-SP"
179941;2018-12-22;"sábado";"00:30:00";"MA";135;7;"SAO LUIS";"Pista Escorregadia";"Saída de leito carroçável";"Sem Vítimas";"Plena Noite";"Crescente";"Nublado";"Dupla";"Reta";"Sim";2;0;0;0;1;1;0;2;-2,636088;-44,268486;"SPRF-MA";"DEL01-MA";"UOP01-DEL01-MA"
179943;2018-12-22;"sábado";"02:20:00";"MA";135;2,8;"SAO LUIS";"Desobediência às normas de trânsito pelo condutor";"Colisão transversal";"Com Vítimas Feridas";"Plena Noite";"Decrescente";"Nublado";"Dupla";"Curva";"Sim";2;0;1;0;1;0;1;2;-2,598123;-44,245743;"SPRF-MA";"DEL01-MA";"UOP01-DEL01-MA"
179948;2018-12-21;"sexta-feira";"21:15:00";"PE";316;81,5;"OURICURI";"Restrição de Visibilidade";"Colisão com objeto estático";"Com Vítimas Feridas";"Plena Noite";"Decrescente";"Ignorado";"Simples";"Reta";"Sim";4;0;1;0;2;2;1;4;-7,868155;-40,100712;"SPRF-PE";"DEL05-PE";"UOP02-DEL05-PE"
179956;2018-12-22;"sábado";"04:30:00";"TO";153;618,7;"ALIANCA DO TOCANTINS";"Falta de Atenção à Condução";"Saída de leito carroçável";"Com Vítimas Fatais";"Amanhecer";"Decrescente";"Céu Claro";"Simples";"Interseção de Vias";"Não";1;1;0;0;0;0;0;1;-11,29811279;-48,93980026;"SPRF-TO";"DEL02-TO";"UOP02-DEL01-TO"
179957;2018-12-22;"sábado";"03:30:00";"BA";110;321;"ALAGOINHAS";"Condutor Dormindo";"Colisão lateral";"Com Vítimas Feridas";"Plena Noite";"Decrescente";"Céu Claro";"Simples";"Curva";"Não";3;0;2;0;1;0;2;2;-12,0362;-38,3703;"SPRF-BA";"DEL01-BA";"UOP04-DEL01-BA"
179965;2018-12-22;"sábado";"04:20:00";"PB";230;198;"POCINHOS";"Falta de Atenção à Condução";"Colisão lateral";"Com Vítimas Feridas";"Amanhecer";"Crescente";"Vento";"Simples";"Reta";"Não";3;0;0;1;1;1;1;3;-7,1106;-36,22;"SPRF-PB";"DEL02-PB";"UOP02-DEL02-PB"
179987;2018-12-22;"sábado";"06:20:00";"BA";116;540;"MILAGRES";"Objeto estático sobre o leito carroçável";"Colisão traseira";"Sem Vítimas";"Pleno dia";"Crescente";"Nublado";"Simples";"Reta";"Não";4;0;0;0;2;4;0;6;-12,82695229;-39,82830482;"SPRF-BA";"DEL03-BA";"UOP02-DEL03-BA"
179993;2018-12-22;"sábado";"07:50:00";"ES";101;437,4;"MIMOSO DO SUL";"Falta de Atenção à Condução";"Saída de leito carroçável";"Com Vítimas Feridas";"Pleno dia";"Decrescente";"Céu Claro";"Simples";"Reta";"Não";6;0;3;0;2;1;3;3;-21,06249527;-41,21343266;"SPRF-ES";"DEL03-ES";"UOP02-DEL03-ES"
179996;2018-12-22;"sábado";"08:05:00";"PR";277;665,9;"MEDIANEIRA";"Falta de Atenção à Condução";"Saída de leito carroçável";"Sem Vítimas";"Pleno dia";"Decrescente";"Nublado";"Dupla";"Declive;Reta";"Não";2;0;0;0;0;2;0;2;-25,255989;-54,037754;"SPRF-PR";"DEL05-PR";"UOP02-DEL05-PR"
180002;2018-12-22;"sábado";"08:40:00";"GO";40;77,4;"CRISTALINA";"Desobediência às normas de trânsito pelo condutor";"Colisão traseira";"Com Vítimas Fatais";"Pleno dia";"Decrescente";"Céu Claro";"Simples";"Reta";"Não";13;1;8;2;1;1;10;4;-16,644545;-47,739479;"SPRF-DF";"DEL01-DF";"UOP02-DEL01-DF"
180003;2018-11-20;"terça-feira";"22:00:00";"PI";230;255;"NAZARE DO PIAUI";"Defeito Mecânico no Veículo";"Tombamento";"Com Vítimas Feridas";"Plena Noite";"Decrescente";"Céu Claro";"Simples";"Reta";"Não";2;0;1;0;0;2;1;3;-6,992762;-42,579033;"SPRF-PI";"DEL03-PI";"UOP01-DEL03-PI"
180020;2018-12-22;"sábado";"10:10:00";"MG";40;773,7;"JUIZ DE FORA";"Velocidade Incompatível";"Tombamento";"Com Vítimas Feridas";"Pleno dia";"Crescente";"Céu Claro";"Simples";"Viaduto";"Não";2;0;0;1;0;1;1;2;-21,64625973;-43,43612194;"SPRF-MG";"DEL05-MG";"UOP01-DEL05-MG"