"id";"data_inversa";"dia_semana";"horario";"uf";"br";"km";"municipio";"causa_acidente";"tipo_acidente";"classificacao_acidente";"fase_dia";"sentido_via";"condicao_metereologica";"tipo_pista";"tracado_via";"uso_solo";"pessoas";"mortos";"feridos_leves";"feridos_graves";"ilesos";"ignorados";"feridos";"veiculos";"latitude";"longitude";"regional";"delegacia";"uop"
180601;2018-12-24;"segunda-feira";"05:40:00";"MS";267;51,7;"BATAGUASSU";"Condutor Dormindo";"Colisão frontal";"Com Vítimas Feridas";"Amanhecer";"Crescente";"Nublado";"Simples";"Reta";"Não";4;0;3;0;0;1;3;3;-21,823541;-52,591251;"SPRF-MS";"DEL02-MS";"UOP04-DEL02-MS"
180611;2018-12-24;"segunda-feira";"04:30:00";"PI";316;404,7;"MARCOLANDIA";"Defeito Mecânico no Veículo";"Incêndio";"Sem Vítimas";"Plena Noite";"Crescente";"Chuva";"Simples";"Reta;Aclive";"Não";3;0;0;0;2;1;0;2;-7,392643;-40,7408012;"SPRF-PI";"DEL04-PI";"UOP03-DEL04-PI"
180622;2018-12-24;"segunda-feira";"09:00:00";"BA";116;673;"JEQUIE";"Falta de Atenção à Condução";"Colisão traseira";"Com Vítimas Feridas";"Pleno dia";"Crescente";"Céu Claro";"Simples";"Reta";"Sim";4;0;0;1;3;0;1;3;-13,86341376;-40,11383057;"SPRF-BA";"DEL03-BA";"UOP01-DEL03-BA"
180629;2018-12-24;"segunda-feira";"11:05:00";"RJ";393;284;"VOLTA REDONDA";"Não guardar distância de segurança";"Engavetamento";"Com Vítimas Feridas";"Pleno dia";"Decrescente";"Céu Claro";"Dupla";"Reta";"Sim";3;0;1;0;2;0;1;3;-22,496046;-44,070239;"SPRF-RJ";"DEL05-RJ";"UOP04-DEL05-RJ"
180637;2018-12-24;"segunda-feira";"11:30:00";"PE";408;55,7;"NAZARE DA MATA";"Desobediência às normas de trânsito pelo condutor";"Colisão transversal";"Com Vítimas Fatais";"Pleno dia";"Crescente";"Céu Claro";"Simples";"Reta";"Sim";4;1;0;1;1;2;1;4;-7,779183;-35,238812;"SPRF-PE";"DEL01-PE";"UOP01-DEL01-PE"
180644;2018-12-24;"segunda-feira";"13:20:00";"ES";262;52,4;"MARECHAL FLORIANO";"Pista Escorregadia";"Colisão frontal";"Com Vítimas Fatais";"Pleno dia";"Crescente";"Chuva";"Simples";"Reta";"Não";3;1;0;1;1;0;1;2;-20,41464009;-40,90706945;"SPRF-ES";"DEL01-ES";"UOP01-DEL01-ES"
180657;2018-12-24;"segunda-feira";"14:40:00";"MG";381;704,4;"LAVRAS";"Defeito Mecânico no Veículo";"Tombamento";"Sem Vítimas";"Pleno dia";"Decrescente";"Sol";"Dupla";"Curva";"Não";2;0;0;0;1;2;0;3;-21,31121096;-45,16306221;"SPRF-MG";"DEL04-MG";"UOP02-DEL04-MG"
180669;2018-12-24;"segunda-feira";"15:40:00";"SP";116;212,2;"GUARULHOS";"Defeito Mecânico no Veículo";"Colisão transversal";"Com Vítimas Feridas";"Pleno dia";"Crescente";"Chuva";"Múltipla";"Reta";"Não";3;0;0;1;2;0;1;3;-23,43751754;-46,43229961;"SPRF-SP";"DEL01-SP";"UOP01-DEL01-SP"
180685;2018-12-24;"segunda-feira";"12:00:00";"PR";153;29;"JACAREZINHO";"Avarias e/ou desgaste excessivo no pneu";"Colisão frontal";"Com Vítimas Feridas";"Pleno dia";"Decrescente";"Chuva";"Simples";"Curva";"Não";2;0;1;0;1;0;1;2;-23,191788;-49,985718;"SPRF-PR";"DEL07-PR";"UOP04-DEL07-PR"
180692;2018-12-24;"segunda-feira";"16:40:00";"MA";10;255;"IMPERATRIZ";"Desobediência às normas de trânsito pelo condutor";"Colisão lateral";"Com Vítimas Feridas";"Pleno dia";"Crescente";"Nublado";"Simples";"Reta";"Sim";3;0;2;0;0;1;2;2;-5,508798;-47,471718;"SPRF-MA";"DEL04-MA";"UOP01-DEL04-MA"
180694;2018-12-24;"segunda-feira";"14:00:00";"RJ";40;54;"PETROPOLIS";"Condutor Dormindo";"Colisão com objeto estático";"Com Vítimas Feridas";"Pleno dia";"Crescente";"Céu Claro";"Dupla";"Reta";"Não";1;0;1;0;0;0;1;1;-22,3547;-43,1224;"SPRF-RJ";"DEL06-RJ";"UOP01-DEL06-RJ"
180719;2018-12-24;"segunda-feira";"17:35:00";"MG";381;934,7;"EXTREMA";"Velocidade Incompatível";"Colisão com objeto estático";"Com Vítimas Feridas";"Pleno dia";"Crescente";"Chuva";"Dupla";"Curva";"Não";2;0;1;0;0;1;1;2;-22,8083;-46,266;"SPRF-MG";"DEL16-MG";"UOP03-DEL16-MG"
180726;2018-12-24;"segunda-feira";"16:30:00";"RJ";40;113;"DUQUE DE CAXIAS";"Defeito na Via";"Engavetamento";"Sem Vítimas";"Pleno dia";"Decrescente";"Chuva";"Múltipla";"Reta";"Sim";10;0;0;0;10;0;0;6;-22,7192;-43,2896;"SPRF-RJ";"DEL01-RJ";"UOP01-DEL01-RJ"
180729;2018-12-24;"segunda-feira";"20:40:00";"MG";262;438,8;"NOVA SERRANA";"Falta de Atenção à Condução";"Colisão transversal";"Com Vítimas Feridas";"Plena Noite";"Crescente";"Nublado";"Dupla";"Aclive;Reta";"Sim";2;0;0;1;1;0;1;2;-19,896221;-44,869728;"SPRF-MG";"DEL08-MG";"UOP03-DEL08-MG"
180736;2018-12-24;"segunda-feira";"20:30:00";"BA";407;11,2;"JUAZEIRO";"Velocidade Incompatível";"Colisão traseira";"Com Vítimas Fatais";"Plena Noite";"Crescente";"Céu Claro";"Simples";"Reta";"Não";5;1;1;0;2;1;1;4;-9,488375;-40,471172;"SPRF-BA";"DEL04-BA";"UOP01-DEL04-BA"
180737;2018-12-24;"segunda-feira";"13:00:00";"PB";104;185,9;"ALCANTIL";"Velocidade Incompatível";"Tombamento";"Com Vítimas Feridas";"Pleno dia";"Decrescente";"Nublado";"Simples";"Curva";"Não";5;0;2;1;1;2;3;3;-7,666224;-36,080582;"SPRF-PB";"DEL02-PB";"UOP03-DEL02-PB"
180745;2018-12-24;"segunda-feira";"22:00:00";"GO";20;190;"SIMOLANDIA";"Ingestão de Álcool";"Colisão lateral";"Sem Vítimas";"Plena Noite";"Crescente";"Céu Claro";"Simples";"Reta";"Não";4;0;0;0;3;1;0;3;-14,399416;-46,450367;"SPRF-DF";"DEL02-DF";"UOP03-DEL02-DF"
180747;2018-12-24;"segunda-feira";"21:20:00";"RJ";116;274;"BARRA MANSA";"Não guardar distância de segurança";"Colisão traseira";"Com Vítimas Feridas";"Pleno dia";"Crescente";"Céu Claro";"Simples";"Aclive";"Não";4;0;1;0;2;1;1;3;-22,561834;-44,165886;"SPRF-RJ";"DEL07-RJ";"UOP02-DEL07-RJ"
180783;2018-12-24;"segunda-feira";"10:00:00";"BA";498;3;"PORTO SEGURO";"Falta de Atenção à Condução";"Saída de leito carroçável";"Com Vítimas Feridas";"Pleno dia";"Crescente";"Céu Claro";"Simples";"Curva;Declive";"Não";1;0;1;0;0;0;1;1;-16,888062;-39,439503;"SPRF-BA";"DEL09-BA";"UOP01-DEL09-BA"
180786;2018-12-25;"terça-feira";"06:30:00";"PR";376;677,2;"GUARATUBA";"Velocidade Incompatível";"Colisão traseira";"Com Vítimas Feridas";"Pleno dia";"Crescente";"Garoa/Chuvisco";"Dupla";"Curva";"Não";7;0;3;0;3;1;3;3;-25,942083;-48,909256;"SPRF-PR";"DEL01-PR";"DEL7/1-UOP08/PR"
180798;2018-12-25;"terça-feira";"07:10:00";"RJ";101;21,5;"CAMPOS DOS GOYTACAZES";"Condutor Dormindo";"Colisão frontal";"Com Vítimas Fatais";"Pleno dia";"Crescente";"Nublado";"Simples";"Curva";"Não";2;1;1;0;0;0;1;2;-21,390999;-41,344158;"SPRF-RJ";"DEL08-RJ";"UOP01-DEL08-RJ"
180808;2018-12-25;"terça-feira";"05:18:00";"MA";10;235;"GOVERNADOR EDISON LOBAO";"Desobediência às normas de trânsito pelo condutor";"Colisão frontal";"Com Vítimas Feridas";"Amanhecer";"Crescente";"Céu Claro";"Simples";"Reta";"Sim";5;0;1;0;1;5;1;5;-5,663064;-47,384014;"SPRF-MA";"DEL04-MA";"UOP01-DEL04-MA"
180819;2018-12-25;"terça-feira";"05:40:00";"RS";116;49,8;"VACARIA";"Velocidade Incompatível";"Tombamento";"Sem Vítimas";"Plena Noite";"Crescente";"Nublado";"Simples";"Curva";"Não";1;0;0;0;1;0;0;1;-28,568918;-51,00388;"SPRF-RS";"DEL05-RS";"UOP03-DEL05-RS"
180831;2018-12-25;"terça-feira";"08:45:00";"RJ";101;513,9;"ANGRA DOS REIS";"Velocidade Incompatível";"Colisão frontal";"Com Vítimas Fatais";"Pleno dia";"Crescente";"Nublado";"Simples";"Curva";"Não";3;2;1;0;0;0;1;2;-23,035594;-44,5454758;"SPRF-RJ";"DEL03-RJ";"UOP02-DEL03-RJ"
180834;2018-12-25;"terça-feira";"11:10:00";"CE";222;298,2;"TIANGUA";"Não guardar distância de segurança";"Colisão lateral";"Com Vítimas Feridas";"Pleno dia";"Crescente";"Céu Claro";"Simples";"Curva";"Não";2;0;1;0;1;0;1;2;-3,653354;-40,929966;"SPRF-CE";"DEL04-CE";"UOP02-DEL04-CE"
180838;2018-12-25;"terça-feira";"12:30:00";"AL";101;186,2;"JUNQUEIRO";"Falta de Atenção à Condução";"Capotamento";"Com Vítimas Feridas";"Pleno dia";"Decrescente";"Céu Claro";"Dupla";"Reta";"Não";2;0;1;0;0;1;1;2;-9,90816423;-36,46756292;"SPRF-AL";"DEL02-AL";"UOP02-DEL02-AL"
180844;2018-12-25;"terça-feira";"12:45:00";"MG";262;371;"JUATUBA";"Falta de Atenção à Condução";"Saída de leito carroçável";"Sem Vítimas";"Pleno dia";"Crescente";"Sol";"Dupla";"Reta";"Não";3;0;0;0;2;1;0;3;-19,95785975;-44,34253693;"SPRF-MG";"DEL01-MG";"UOP03-DEL01-MG"
180849;2018-12-25;"terça-feira";"14:01:00";"BA";116;419,6;"FEIRA DE SANTANA";"Não guardar distância de segurança";"Colisão traseira";"Sem Vítimas";"Pleno dia";"Decrescente";"Céu Claro";"Dupla";"Curva";"Sim";2;0;0;0;2;0;0;2;-12,2184422;-38,96548217;"SPRF-BA";"DEL02-BA";"UOP01-DEL02-BA"
180850;2018-12-25;"terça-feira";"12:55:00";"MG";262;383;"MATEUS LEME";"Desobediência às normas de trânsito pelo condutor";"Colisão lateral";"Sem Vítimas";"Pleno dia";"Crescente";"Sol";"Múltipla";"Reta";"Não";3;0;0;0;2;1;0;3;-19,9278;-44,462;"SPRF-MG";"DEL01-MG";"UOP03-DEL01-MG"
180857;2018-12-25;"terça-feira";"13:25:00";"RO";364;429;"JARU";"Ingestão de Álcool";"Saída de leito carroçável";"Sem Vítimas";"Pleno dia";"Decrescente";"Chuva";"Simples";"Curva";"Não";2;0;0;0;1;1;0;2;-10,416249;-62,502705;"SPRF-RO";"DEL03-RO";"UOP02-DEL03-RO"
180860;2018-12-25;"terça-feira";"14:20:00";"MG";50;157;"UBERABA";"Fenômenos da Natureza";"Colisão frontal";"Sem Vítimas";"Pleno dia";"Crescente";"Chuva";"Simples";"Desvio Temporário";"Não";2;0;0;0;2;0;0;2;-19,6328;-48,0127;"SPRF-MG";"DEL13-MG";"UOP01-DEL13-MG"
180879;2018-12-25;"terça-feira";"16:10:00";"RJ";354;10;"RESENDE";"Defeito Mecânico no Veículo";"Tombamento";"Com Vítimas Feridas";"Pleno dia";"Crescente";"Sol";"Simples";"Curva";"Não";1;0;1;0;0;0;1;1;-22,420673;-44,744442;"SPRF-RJ";"DEL07-RJ";"DEL5/7-UOP03/RJ"
180911;2018-12-25;"terça-feira";"19:15:00";"MG";381;525,5;"BRUMADINHO";"Falta de Atenção à Condução";"Tombamento";"Sem Vítimas";"Plena Noite";"Crescente";"Céu Claro";"Dupla";"Curva";"Não";3;0;0;0;2;1;0;2;-20,1511;-44,3256;"SPRF-MG";"DEL04-MG";"UOP03-DEL04-MG"
180923;2018-12-25;"terça-feira";"19:10:00";"MG";40;450,3;"CAETANOPOLIS";"Falta de Atenção à Condução";"Colisão traseira";"Sem Vítimas";"Anoitecer";"Crescente";"Céu Claro";"Dupla";"Curva";"Não";2;0;0;0;1;1;0;2;-19,3331;-44,3613;"SPRF-MG";"DEL02-MG";"UOP01-DEL02-MG"
180939;2018-12-25;"terça-feira";"21:30:00";"MG";262;442,9;"NOVA SERRANA";"Animais na Pista";"Atropelamento de Animal";"Com Vítimas Feridas";"Plena Noite";"Crescente";"Céu Claro";"Dupla";"Reta";"Sim";1;0;1;0;0;0;1;1;-19,880623;-44,912323;"SPRF-MG";"DEL08-MG";"UOP03-DEL08-MG"
180951;2018-12-25;"terça-feira";"22:35:00";"RJ";393;164,9;"TRES RIOS";"Velocidade Incompatível";"Tombamento";"Com Vítimas Feridas";"Plena Noite";"Crescente";"Céu Claro";"Simples";"Curva";"Não";4;0;1;0;0;3;1;3;-22,12629016;-43,14236104;"SPRF-RJ";"DEL06-RJ";"UOP01-DEL05-RJ"
180954;2018-12-25;"terça-feira";"20:20:00";"MG";40;631,5;"CONSELHEIRO LAFAIETE";"Desobediência às normas de trânsito pelo condutor";"Colisão transversal";"Com Vítimas Feridas";"Plena Noite";"Crescente";"Nublado";"Simples";"Reta;Aclive";"Não";5;0;3;0;1;1;3;3;-20,6809;-43,7943;"SPRF-MG";"DEL05-MG";"UOP02-DEL05-MG"
180969;2018-12-26;"quarta-feira";"01:30:00";"RS";116;268;"CANOAS";"Condutor Dormindo";"Colisão traseira";"Com Vítimas Feridas";"Plena Noite";"Decrescente";"Céu Claro";"Múltipla";"Reta";"Sim";2;0;1;0;1;0;1;2;-29,950392;-51,176533;"SPRF-RS";"DEL01-RS";"UOP01-DEL01-RS"
180971;2018-12-26;"quarta-feira";"03:15:00";"MG";381;482;"BETIM";"Falta de Atenção à Condução";"Colisão lateral";"Com Vítimas Feridas";"Plena Noite";"Decrescente";"Céu Claro";"Dupla";"Reta";"Sim";3;0;1;0;1;1;1;3;-19,9578;-44,0795;"SPRF-MG";"DEL01-MG";"UOP03-DEL01-MG"
180976;2018-12-26;"quarta-feira";"04:05:00";"MG";40;465;"SETE LAGOAS";"Falta de Atenção à Condução";"Saída de leito carroçável";"Com Vítimas Feridas";"Plena Noite";"Decrescente";"Chuva";"Dupla";"Reta";"Sim";1;0;1;0;0;0;1;1;-19,4495;-44,3176;"SPRF-MG";"DEL02-MG";"UOP01-DEL02-MG"
180981;2018-12-26;"quarta-feira";"05:25:00";"SC";101;186;"BIGUACU";"Defeito Mecânico no Veículo";"Saída de leito carroçável";"Com Vítimas Feridas";"Amanhecer";"Crescente";"Nublado";"Dupla";"Curva";"Não";3;0;1;0;2;0;1;2;-27,4432;-48,6284;"SPRF-SC";"DEL01-SC";"UOP01-DEL01-SC"
180982;2018-12-25;"terça-feira";"23:50:00";"RJ";116;328;"RESENDE";"Condutor Dormindo";"Capotamento";"Com Vítimas Feridas";"Plena Noite";"Crescente";"Garoa/Chuvisco";"Dupla";"Curva";"Não";1;0;0;1;0;0;1;1;-22,49221757;-44,65277195;"SPRF-RJ";"DEL07-RJ";"DEL5/7-UOP03/RJ"
180992;2018-12-26;"quarta-feira";"06:15:00";"MG";50;157;"UBERABA";"Falta de Atenção à Condução";"Colisão frontal";"Com Vítimas Feridas";"Pleno dia";"Crescente";"Chuva";"Simples";"Desvio Temporário";"Não";4;0;3;0;1;0;3;2;-19,6328;-48,0127;"SPRF-MG";"DEL13-MG";"UOP01-DEL13-MG"
180996;2018-12-26;"quarta-feira";"06:40:00";"RJ";116;269;"BARRA MANSA";"Falta de Atenção à Condução";"Colisão lateral";"Com Vítimas Feridas";"Pleno dia";"Decrescente";"Sol";"Dupla";"Curva";"Sim";3;0;1;0;2;0;1;2;-22,56040019;-44,15096283;"SPRF-RJ";"DEL07-RJ";"UOP02-DEL07-RJ"
181006;2018-12-08;"sábado";"10:20:00";"SC";282;570,5;"NOVA ERECHIM";"Falta de Atenção à Condução";"Colisão traseira";"Com Vítimas Fatais";"Pleno dia";"Crescente";"Céu Claro";"Simples";"Reta";"Não";10;4;2;2;1;1;4;5;-26,89006;-52,93306;"SPRF-SC";"DEL07-SC";"UOP02-DEL07-SC"
181027;2018-12-02;"domingo";"06:15:00";"GO";20;15;"FORMOSA";"Falta de Atenção à Condução";"Colisão traseira";"Com Vítimas Feridas";"Pleno dia";"Crescente";"Chuva";"Simples";"Reta";"Não";3;0;0;1;1;2;1;4;-15,564807;-47,222622;"SPRF-DF";"DEL02-DF";"UOP01-DEL02-DF"
181034;2018-12-26;"quarta-feira";"07:50:00";"CE";222;163;"IRAUCUBA";"Carga excessiva e/ou mal acondicionada";"Derramamento de carga";"Sem Vítimas";"Pleno dia";"Crescente";"Céu Claro";"Simples";"Curva";"Não";2;0;0;0;1;1;0;2;-3,732162;-39,902607;"SPRF-CE";"DEL04-CE";"UOP03-DEL04-CE"
181038;2018-12-26;"quarta-feira";"09:10:00";"SC";470;141,9;"RIO DO SUL";"Falta de Atenção à Condução";"Colisão transversal";"Com Vítimas Feridas";"Pleno dia";"Crescente";"Sol";"Simples";"Reta;Interseção de Vias";"Sim";3;0;2;0;1;0;2;3;-27,226065;-49,666161;"SPRF-SC";"DEL04-SC";"UOP02-DEL04-SC"
181048;2018-12-26;"quarta-feira";"08:20:00";"MG";146;544;"MUZAMBINHO";"Pista Escorregadia";"Saída de leito carroçável";"Com Vítimas Feridas";"Pleno dia";"Crescente";"Chuva";"Simples";"Reta";"Não";2;0;2;0;0;0;2;1;-21,358332;-46,480106;"SPRF-MG";"DEL13-MG";"UOP01-DEL13-MG"
181052;2018-12-26;"quarta-feira";"11:05:00";"PE";232;176,5;"BELO JARDIM";"Ultrapassagem Indevida";"Colisão lateral";"Sem Vítimas";"Pleno dia";"Crescente";"Sol";"Simples";"Curva";"Não";2;0;0;0;2;0;0;2;-8,34628;-36,437763;"SPRF-PE";"DEL02-PE";"UOP03-DEL02-PE"
181058;2018-12-26;"quarta-feira";"11:30:00";"AL";101;127;"SAO MIGUEL DOS CAMPOS";"Falta de Atenção à Condução";"Colisão frontal";"Com Vítimas Feridas";"Pleno dia";"Decrescente";"Céu Claro";"Simples";"Reta";"Não";6;0;2;2;1;1;4;4;-9,749633;-36,065311;"SPRF-AL";"DEL02-AL";"UOP01-DEL02-AL"
181061;2018-12-26;"quarta-feira";"11:45:00";"SP";116;358,8;"MIRACATU";"Velocidade Incompatível";"Colisão traseira";"Com Vítimas Feridas";"Pleno dia";"Crescente";"Nublado";"Simples";"Declive;Reta";"Não";5;0;2;0;2;2;2;4;-24,10378755;-47,26159573;"SPRF-SP";"DEL04-SP";"UOP03-DEL04-SP"
181067;2018-12-18;"terça-feira";"10:25:00";"SP";153;83,6;"MIRASSOL";"Desobediência às normas de trânsito pelo condutor";"Queda de ocupante de veículo";"Com Vítimas Feridas";"Pleno dia";"Decrescente";"Céu Claro";"Simples";"Reta";"Não";8;0;1;0;7;0;1;1;-20,922697;-49,504547;"SPRF-SP";"DEL09-SP";"UOP01-DEL09-SP"
181069;2018-12-26;"quarta-feira";"11:20:00";"MT";70;314;"DOM AQUINO";"Ultrapassagem Indevida";"Colisão transversal";"Sem Vítimas";"Pleno dia";"Crescente";"Nublado";"Simples";"Reta";"Não";7;0;0;0;6;1;0;3;-15,559154;-54,589931;"SPRF-MT";"DEL05-MT";"UOP01-DEL05-MT"
181071;2018-12-26;"quarta-feira";"10:50:00";"RN";427;109,9;"SAO FERNANDO";"Carga excessiva e/ou mal acondicionada";"Capotamento";"Com Vítimas Feridas";"Pleno dia";"Decrescente";"Sol";"Dupla";"Rotatória";"Não";1;0;1;0;0;0;1;1;-6,439832;-37,185074;"SPRF-RN";"DEL03-RN";"UOP01-DEL03-RN"
181075;2018-12-26;"quarta-feira";"09:30:00";"MG";262;37,9;"MANHUACU";"Velocidade Incompatível";"Colisão traseira";"Com Vítimas Feridas";"Pleno dia";"Decrescente";"Sol";"Simples";"Reta";"Sim";2;0;1;0;1;0;1;2;-20,25749;-42,030487;"SPRF-MG";"DEL06-MG";"UOP03-DEL06-MG"
181086;2018-12-26;"quarta-feira";"14:45:00";"SC";470;81,8;"RODEIO";"Falta de Atenção à Condução";"Tombamento";"Com Vítimas Feridas";"Pleno dia";"Decrescente";"Sol";"Simples";"Curva";"Não";2;0;1;0;0;1;1;2;-26,95951968;-49,32492256;"SPRF-SC";"DEL04-SC";"UOP01-DEL04-SC"
181094;2018-12-26;"quarta-feira";"13:50:00";"PR";376;676;"GUARATUBA";"Defeito Mecânico no Veículo";"Incêndio";"Sem Vítimas";"Pleno dia";"Crescente";"Céu Claro";"Dupla";"Reta";"Não";2;0;0;0;1;1;0;2;-25,93581714;-48,91044617;"SPRF-PR";"DEL01-PR";"DEL7/1-UOP08/PR"
181106;2018-12-26;"quarta-feira";"15:30:00";"BA";101;895;"CARAVELAS";"Desobediência às normas de trânsito pelo condutor";"Colisão frontal";"Com Vítimas Feridas";"Pleno dia";"Crescente";"Garoa/Chuvisco";"Simples";"Declive";"Não";5;0;2;0;2;1;2;3;-17,6844;-39,7737;"SPRF-BA";"DEL09-BA";"UOP02-DEL09-BA"
181109;2018-12-26;"quarta-feira";"16:20:00";"GO";60;461;"JATAI";"Falta de Atenção à Condução";"Saída de leito carroçável";"Sem Vítimas";"Pleno dia";"Decrescente";"Nublado";"Dupla";"Aclive";"Não";2;0;0;0;1;1;0;2;-17,8741;-51,6251;"SPRF-GO";"DEL05-GO";"UOP01-DEL05-GO"
181110;2018-12-26;"quarta-feira";"16:00:00";"PR";369;487;"CORBELIA";"Falta de Atenção à Condução";"Colisão transversal";"Com Vítimas Feridas";"Pleno dia";"Decrescente";"Céu Claro";"Simples";"Interseção de Vias";"Não";3;0;2;0;1;0;2;2;-24,6708375;-53,22220445;"SPRF-PR";"DEL04-PR";"UOP03-DEL04-PR"
181125;2018-12-26;"quarta-feira";"17:15:00";"MG";40;366;"FELIXLANDIA";"Velocidade Incompatível";"Colisão frontal";"Com Vítimas Fatais";"Pleno dia";"Decrescente";"Nublado";"Simples";"Curva;Declive";"Não";4;1;0;1;1;2;1;4;-18,7855;-44,810379;"SPRF-MG";"DEL02-MG";"UOP01-DEL02-MG"
181133;2018-12-26;"quarta-feira";"17:20:00";"BA";324;599;"CANDEIAS";"Não guardar distância de segurança";"Colisão lateral";"Com Vítimas Feridas";"Anoitecer";"Crescente";"Céu Claro";"Dupla";"Reta";"Não";7;0;5;0;1;1;5;3;-12,74509997;-38,4355687;"SPRF-BA";"DEL01-BA";"UOP01-DEL01-BA"
181149;2018-12-26;"quarta-feira";"15:00:00";"MT";70;133;"GENERAL CARNEIRO";"Pista Escorregadia";"Saída de leito carroçável";"Com Vítimas Feridas";"Pleno dia";"Decrescente";"Chuva";"Simples";"Curva";"Não";2;0;2;0;0;0;2;1;-15,590808;-53,22073;"SPRF-MT";"DEL07-MT";"UOP01-DEL07-MT"
181154;2018-12-26;"quarta-feira";"19:30:00";"RS";392;340,4;"SANTA MARIA";"Falta de Atenção à Condução";"Colisão lateral";"Sem Vítimas";"Pleno dia";"Decrescente";"Céu Claro";"Simples";"Reta";"Não";3;0;0;0;2;2;0;4;-29,821218;-53,767315;"SPRF-RS";"DEL09-RS";"UOP01-DEL09-RS"
181156;2018-12-26;"quarta-feira";"18:30:00";"SC";153;80,8;"IRANI";"Defeito Mecânico no Veículo";"Saída de leito carroçável";"Com Vítimas Feridas";"Anoitecer";"Crescente";"Céu Claro";"Simples";"Curva";"Não";1;0;0;1;0;0;1;1;-27,117521;-51,914806;"SPRF-SC";"DEL07-SC";"UOP04-DEL07-SC"
181161;2018-12-26;"quarta-feira";"20:00:00";"RS";290;84,7;"PORTO ALEGRE";"Falta de Atenção à Condução";"Colisão lateral";"Com Vítimas Feridas";"Pleno dia";"Crescente";"Céu Claro";"Dupla";"Reta";"Não";4;0;2;0;1;2;2;4;-29,96376;-51,097771;"SPRF-RS";"DEL01-RS";"UOP01-DEL01-RS"
181162;2018-12-26;"quarta-feira";"17:40:00";"MG";153;129,8;"PRATA";"Não guardar distância de segurança";"Colisão traseira";"Com Vítimas Feridas";"Pleno dia";"Decrescente";"Céu Claro";"Simples";"Reta";"Não";3;0;1;0;1;1;1;3;-19,48046089;-48,86488466;"SPRF-MG";"DEL15-MG";"UOP03-DEL15-MG"
181163;2018-12-26;"quarta-feira";"20:39:00";"SP";116;43,8;"CANAS";"Falta de Atenção à Condução";"Colisão lateral";"Sem Vítimas";"Plena Noite";"Crescente";"Garoa/Chuvisco";"Dupla";"Reta";"Não";3;0;0;0;2;1;0;3;-22,697359;-45,030148;"SPRF-SP";"DEL08-SP";"UOP02-DEL08-SP"
181166;2018-12-26;"quarta-feira";"19:20:00";"MG";40;589,1;"ITABIRITO";"Não guardar distância de segurança";"Colisão traseira";"Com Vítimas Feridas";"Plena Noite";"Decrescente";"Chuva";"Simples";"Reta";"Não";6;0;2;0;3;2;2;5;-20,3658;-43,9101;"SPRF-MG";"DEL01-MG";"UOP02-DEL01-MG"
181167;2018-12-26;"quarta-feira";"20:40:00";"MG";381;488,7;"BETIM";"Falta de Atenção à Condução";"Engavetamento";"Com Vítimas Feridas";"Plena Noite";"Crescente";"Nublado";"Dupla";"Reta";"Sim";5;0;1;1;2;1;2;5;-19,956417;-44,13654;"SPRF-MG";"DEL01-MG";"UOP03-DEL01-MG"
181170;2018-12-26;"quarta-feira";"20:50:00";"SC";153;95,7;"CONCORDIA";"Desobediência às normas de trânsito pelo condutor";"Colisão transversal";"Com Vítimas Feridas";"Plena Noite";"Crescente";"Céu Claro";"Simples";"Rotatória";"Não";3;0;1;0;1;1;1;3;-27,20909672;-51,95198536;"SPRF-SC";"DEL07-SC";"UOP04-DEL07-SC"
181171;2018-12-26;"quarta-feira";"17:40:00";"MT";163;741;"SORRISO";"Ultrapassagem Indevida";"Colisão frontal";"Com Vítimas Feridas";"Anoitecer";"Decrescente";"Nublado";"Simples";"Declive";"Não";2;0;1;1;0;0;2;2;-12,65258128;-55,78897655;"SPRF-MT";"DEL06-MT";"UOP01-DEL06-MT"
181179;2018-12-26;"quarta-feira";"21:45:00";"RS";386;432,1;"NOVA SANTA RITA";"Falta de Atenção à Condução";"Saída de leito carroçável";"Sem Vítimas";"Plena Noite";"Crescente";"Nublado";"Dupla";"Retorno Regulamentado";"Não";2;0;0;0;1;1;0;2;-29,837873;-51,304909;"SPRF-RS";"DEL04-RS";"UOP02-DEL04-RS"
181180;2018-12-26;"quarta-feira";"23:10:00";"RS";290;46,5;"GLORINHA";"Não guardar distância de segurança";"Colisão lateral";"Com Vítimas Feridas";"Plena Noite";"Decrescente";"Céu Claro";"Múltipla";"Reta";"Não";3;0;2;0;1;0;2;2;-29,891537;-50,720207;"SPRF-RS";"DEL03-RS";"UOP02-DEL03-RS"
181183;2018-12-26;"quarta-feira";"19:00:00";"RJ";354;3;"RESENDE";"Pista Escorregadia";"Colisão lateral";"Com Vítimas Feridas";"Anoitecer";"Decrescente";"Garoa/Chuvisco";"Simples";"Curva";"Não";3;0;1;0;1;1;1;3;-22,3862;-44,753967;"SPRF-RJ";"DEL07-RJ";"DEL5/7-UOP03/RJ"
181186;2018-12-26;"quarta-feira";"19:10:00";"SC";163;65,9;"SAO MIGUEL DO OESTE";"Falta de Atenção à Condução";"Colisão com objeto estático";"Sem Vítimas";"Pleno dia";"Crescente";"Nublado";"Dupla";"Reta";"Sim";2;0;0;0;1;1;0;2;-26,75305457;-53,50061238;"SPRF-SC";"DEL07-SC";"UOP03-DEL07-SC"