"id";"data_inversa";"dia_semana";"horario";"uf";"br";"km";"municipio";"causa_acidente";"tipo_acidente";"classificacao_acidente";"fase_dia";"sentido_via";"condicao_metereologica";"tipo_pista";"tracado_via";"uso_solo";"pessoas";"mortos";"feridos_leves";"feridos_graves";"ilesos";"ignorados";"feridos";"veiculos";"latitude";"longitude";"regional";"delegacia";"uop"
181189;2018-12-26;"quarta-feira";"22:30:00";"SC";282;247;"SAO JOSE DO CERRITO";"Condutor Dormindo";"Saída de leito carroçável";"Com Vítimas Feridas";"Plena Noite";"Decrescente";"Céu Claro";"Simples";"Declive";"Sim";2;0;1;1;0;0;2;1;-27,719036;-50,527447;"SPRF-SC";"DEL05-SC";"UOP02-DEL05-SC"
181192;2018-12-26;"quarta-feira";"22:10:00";"RO";364;350,2;"JI-PARANA";"Ingestão de Álcool";"Colisão traseira";"Sem Vítimas";"Plena Noite";"Decrescente";"Céu Claro";"Simples";"Reta";"Não";3;0;0;0;2;3;0;5;-10,845408;-61,998837;"SPRF-RO";"DEL02-RO";"UOP01-DEL02-RO"
181194;2018-12-26;"quarta-feira";"23:00:00";"BA";324;293;"SAO SEBASTIAO DO PASSE";"Falta de Atenção à Condução";"Tombamento";"Com Vítimas Feridas";"Plena Noite";"Decrescente";"Nublado";"Dupla";"Reta";"Não";3;0;1;0;1;2;1;4;-12,50563228;-38,63685608;"SPRF-BA";"DEL04-BA";"UOP02-DEL04-BA"
181205;2018-12-27;"quinta-feira";"01:40:00";"SC";282;383,7;"JOACABA";"Velocidade Incompatível";"Tombamento";"Com Vítimas Feridas";"Plena Noite";"Decrescente";"Nevoeiro/Neblina";"Simples";"Curva";"Não";1;0;1;0;0;0;1;1;-27,200508;-51,507919;"SPRF-SC";"DEL07-SC";"UOP05-DEL07-SC"
181209;2018-12-27;"quinta-feira";"06:00:00";"SC";116;305,4;"CAPAO ALTO";"Falta de Atenção à Condução";"Tombamento";"Com Vítimas Fatais";"Amanhecer";"Crescente";"Nublado";"Simples";"Declive;Curva";"Não";2;1;0;0;0;1;0;2;-28,19928815;-50,7276535;"SPRF-SC";"DEL05-SC";"UOP02-DEL05-SC"
181210;2018-12-27;"quinta-feira";"04:40:00";"PE";423;41,2;"CACHOEIRINHA";"Falta de Atenção à Condução";"Colisão transversal";"Com Vítimas Feridas";"Amanhecer";"Decrescente";"Céu Claro";"Simples";"Curva";"Não";4;0;2;0;1;1;2;3;-8,50241;-36,247181;"SPRF-PE";"DEL03-PE";"UOP01-DEL03-PE"
181224;2018-12-27;"quinta-feira";"07:00:00";"RJ";116;129;"MAGE";"Condutor Dormindo";"Colisão traseira";"Com Vítimas Feridas";"Pleno dia";"Decrescente";"Sol";"Dupla";"Reta";"Sim";2;0;1;0;1;0;1;2;-22,664711;-43,110569;"SPRF-RJ";"DEL04-RJ";"UOP02-DEL04-RJ"
181227;2018-12-27;"quinta-feira";"07:15:00";"SP";116;352,9;"MIRACATU";"Defeito Mecânico no Veículo";"Colisão traseira";"Com Vítimas Feridas";"Pleno dia";"Crescente";"Céu Claro";"Dupla";"Declive";"Não";9;0;5;0;4;0;5;6;-24,0665282;-47,23674774;"SPRF-SP";"DEL04-SP";"UOP03-DEL04-SP"
181228;2018-12-27;"quinta-feira";"08:30:00";"GO";60;44,9;"APARECIDA DE GOIANIA";"Falta de Atenção à Condução";"Colisão traseira";"Com Vítimas Feridas";"Pleno dia";"Crescente";"Céu Claro";"Dupla";"Reta";"Sim";4;0;1;0;2;1;1;3;-16,8101;-49,2397;"SPRF-GO";"DEL01-GO";"UOP03-DEL01-GO"
181229;2018-12-27;"quinta-feira";"05:50:00";"PR";376;667;"GUARATUBA";"Defeito Mecânico no Veículo";"Colisão com objeto em movimento";"Com Vítimas Feridas";"Amanhecer";"Crescente";"Céu Claro";"Dupla";"Curva";"Não";18;0;5;0;13;0;5;13;-25,8528965;-48,976984;"SPRF-PR";"DEL01-PR";"DEL7/1-UOP08/PR"
181231;2018-12-27;"quinta-feira";"08:45:00";"MG";365;69,2;"JEQUITAI";"Falta de Atenção à Condução";"Colisão traseira";"Com Vítimas Feridas";"Pleno dia";"Decrescente";"Chuva";"Simples";"Declive;Reta";"Não";21;0;10;10;1;0;20;3;-17,072227;-44,339527;"SPRF-MG";"DEL12-MG";"UOP01-DEL12-MG"
181239;2018-12-27;"quinta-feira";"09:30:00";"RS";285;479,9;"CORONEL BARROS";"Condutor Dormindo";"Saída de leito carroçável";"Sem Vítimas";"Pleno dia";"Decrescente";"Céu Claro";"Simples";"Reta";"Não";2;0;0;0;1;1;0;2;-28,381256;-54,091888;"SPRF-RS";"DEL10-RS";"UOP01-DEL10-RS"
181245;2018-12-27;"quinta-feira";"09:30:00";"PR";277;43,1;"MORRETES";"Falta de Atenção à Condução";"Queda de ocupante de veículo";"Com Vítimas Feridas";"Pleno dia";"Decrescente";"Nublado";"Dupla";"Curva";"Não";3;0;2;0;0;1;2;3;-25,59414411;-48,88471842;"SPRF-PR";"DEL01-PR";"UOP07-DEL01-PR"
181248;2018-12-27;"quinta-feira";"09:30:00";"MT";364;537;"ROSARIO OESTE";"Falta de Atenção à Condução";"Colisão transversal";"Com Vítimas Fatais";"Pleno dia";"Crescente";"Nublado";"Simples";"Reta";"Não";6;1;0;0;4;4;0;8;-14,945895;-56,502869;"SPRF-MT";"DEL01-MT";"UOP01-DEL01-MT"
181249;2018-12-27;"quinta-feira";"10:05:00";"SP";116;230;"SAO PAULO";"Não guardar distância de segurança";"Colisão traseira";"Com Vítimas Feridas";"Pleno dia";"Crescente";"Céu Claro";"Múltipla";"Reta";"Sim";4;0;3;0;1;0;3;3;-23,5144285;-46,57772027;"SPRF-SP";"DEL01-SP";"UOP01-DEL01-SP"
181256;2018-12-27;"quinta-feira";"10:50:00";"PR";369;473,7;"CORBELIA";"Falta de Atenção à Condução";"Colisão transversal";"Com Vítimas Feridas";"Pleno dia";"Crescente";"Céu Claro";"Simples";"Aclive";"Não";11;0;4;1;5;1;5;4;-24,5841;-53,1945;"SPRF-PR";"DEL04-PR";"UOP03-DEL04-PR"
181260;2018-12-27;"quinta-feira";"10:52:00";"MG";262;472,4;"BOM DESPACHO";"Mal Súbito";"Colisão frontal";"Com Vítimas Fatais";"Pleno dia";"Decrescente";"Chuva";"Simples";"Reta";"Não";3;1;0;0;1;2;0;4;-19,783918;-45,25713;"SPRF-MG";"DEL08-MG";"UOP03-DEL08-MG"
181267;2018-12-27;"quinta-feira";"10:10:00";"AL";316;102,1;"DOIS RIACHOS";"Falta de Atenção à Condução";"Colisão frontal";"Com Vítimas Feridas";"Pleno dia";"Decrescente";"Céu Claro";"Simples";"Reta";"Sim";2;0;0;1;1;0;1;2;-9,389183;-37,097866;"SPRF-AL";"DEL03-AL";"UOP01-DEL03-AL"
181270;2018-12-27;"quinta-feira";"11:30:00";"MS";163;676,1;"RIO VERDE DE MATO GROSSO";"Falta de Atenção à Condução";"Colisão traseira";"Com Vítimas Feridas";"Pleno dia";"Crescente";"Céu Claro";"Simples";"Reta";"Não";3;0;2;0;1;0;2;2;-18,943651;-54,831528;"SPRF-MS";"DEL06-MS";"UOP02-DEL06-MS"
181278;2018-12-27;"quinta-feira";"11:30:00";"MT";364;259;"JUSCIMEIRA";"Desobediência às normas de trânsito pelo pedestre";"Atropelamento de Pedestre";"Com Vítimas Fatais";"Pleno dia";"Decrescente";"Nublado";"Simples";"Reta";"Não";3;1;0;0;1;1;0;3;-16,048325;-54,887131;"SPRF-MT";"DEL02-MT";"UOP02-DEL05-MT"
181280;2018-12-27;"quinta-feira";"12:30:00";"MG";251;509;"MONTES CLAROS";"Desobediência às normas de trânsito pelo condutor";"Colisão traseira";"Com Vítimas Feridas";"Pleno dia";"Crescente";"Chuva";"Simples";"Reta";"Não";5;0;0;2;1;2;2;4;-16,6305;-43,6952;"SPRF-MG";"DEL12-MG";"UOP01-DEL12-MG"
181292;2018-12-27;"quinta-feira";"13:45:00";"MG";381;494,3;"BETIM";"Defeito Mecânico no Veículo";"Colisão transversal";"Com Vítimas Feridas";"Pleno dia";"Crescente";"Chuva";"Múltipla";"Reta";"Sim";5;0;2;1;2;0;3;2;-19,9731;-44,1843;"SPRF-MG";"DEL01-MG";"UOP03-DEL01-MG"
181297;2018-12-27;"quinta-feira";"13:30:00";"ES";262;4,6;"CARIACICA";"Não guardar distância de segurança";"Colisão traseira";"Sem Vítimas";"Pleno dia";"Crescente";"Chuva";"Múltipla";"Reta";"Sim";3;0;0;0;2;1;0;3;-20,3362;-40,3783;"SPRF-ES";"DEL01-ES";"UOP01-DEL01-ES"
181302;2018-12-27;"quinta-feira";"13:50:00";"MG";40;526;"CONTAGEM";"Falta de Atenção à Condução";"Engavetamento";"Com Vítimas Feridas";"Pleno dia";"Decrescente";"Chuva";"Múltipla";"Reta";"Sim";13;0;1;0;10;3;1;14;-19,9054;-44,0476;"SPRF-MG";"DEL01-MG";"UOP03-DEL01-MG"
181312;2018-12-27;"quinta-feira";"15:40:00";"ES";101;102,3;"SOORETAMA";"Falta de Atenção à Condução";"Colisão traseira";"Com Vítimas Feridas";"Pleno dia";"Crescente";"Chuva";"Simples";"Aclive";"Não";3;0;1;0;2;0;1;3;-18,99785511;-40,00465393;"SPRF-ES";"DEL04-ES";"UOP01-DEL04-ES"
181315;2018-12-27;"quinta-feira";"14:45:00";"PE";101;153;"RIBEIRAO";"Restrição de Visibilidade";"Colisão traseira";"Com Vítimas Feridas";"Pleno dia";"Decrescente";"Céu Claro";"Múltipla";"Reta";"Não";21;0;6;3;12;0;9;14;-8,5358;-35,3914;"SPRF-PE";"DEL01-PE";"UOP03-DEL01-PE"
181320;2018-12-27;"quinta-feira";"16:00:00";"SP";116;365;"MIRACATU";"Falta de Atenção à Condução";"Colisão traseira";"Com Vítimas Feridas";"Pleno dia";"Crescente";"Céu Claro";"Dupla";"Reta";"Não";4;0;1;1;1;3;2;5;-24,14431416;-47,28054898;"SPRF-SP";"DEL04-SP";"UOP03-DEL04-SP"
181334;2018-12-27;"quinta-feira";"17:00:00";"MS";60;515,4;"MARACAJU";"Defeito Mecânico no Veículo";"Saída de leito carroçável";"Com Vítimas Fatais";"Pleno dia";"Crescente";"Céu Claro";"Simples";"Curva";"Não";1;1;0;0;0;0;0;1;-21,17499788;-55,6368041;"SPRF-MS";"DEL05-MS";"UOP01-DEL05-MS"
181336;2018-12-27;"quinta-feira";"15:45:00";"SC";101;386,4;"ICARA";"Falta de Atenção à Condução";"Colisão traseira";"Com Vítimas Fatais";"Pleno dia";"Decrescente";"Sol";"Dupla";"Aclive";"Não";3;1;0;1;0;2;1;4;-28,7806;-49,328;"SPRF-SC";"DEL02-SC";"UOP02-DEL02-SC"
181351;2018-12-27;"quinta-feira";"17:00:00";"MG";251;522;"MONTES CLAROS";"Falta de Atenção à Condução";"Engavetamento";"Com Vítimas Feridas";"Pleno dia";"Decrescente";"Sol";"Simples";"Reta;Aclive";"Não";5;0;1;0;4;0;1;4;-16,6756;-43,7988;"SPRF-MG";"DEL12-MG";"UOP01-DEL12-MG"
181356;2018-12-27;"quinta-feira";"17:30:00";"GO";20;14,6;"FORMOSA";"Não guardar distância de segurança";"Colisão traseira";"Com Vítimas Feridas";"Pleno dia";"Crescente";"Chuva";"Simples";"Reta";"Não";6;0;1;0;4;1;1;3;-15,567566;-47,231537;"SPRF-DF";"DEL02-DF";"UOP01-DEL02-DF"
181357;2018-12-27;"quinta-feira";"17:25:00";"MG";381;443;"SABARA";"Pista Escorregadia";"Colisão frontal";"Com Vítimas Feridas";"Pleno dia";"Decrescente";"Chuva";"Simples";"Curva;Aclive";"Não";5;0;2;0;1;2;2;4;-19,805814;-43,762081;"SPRF-MG";"DEL01-MG";"UOP01-DEL01-MG"
181363;2018-12-27;"quinta-feira";"18:50:00";"GO";40;45;"LUZIANIA";"Desobediência às normas de trânsito pelo condutor";"Colisão frontal";"Com Vítimas Feridas";"Anoitecer";"Decrescente";"Nublado";"Simples";"Curva";"Não";8;0;0;1;6;1;1;4;-16,40137251;-47,82406569;"SPRF-DF";"DEL01-DF";"UOP02-DEL01-DF"
181365;2018-12-27;"quinta-feira";"17:20:00";"MG";0;0;"LAVRAS";"Falta de Atenção do Pedestre";"Atropelamento de Pedestre";"Com Vítimas Feridas";"Pleno dia";"Não Informado";"Sol";"Simples";"Reta";"Não";4;0;1;0;1;2;1;3;-21,2064585;-45,12285054;"SPRF-MG";"DEL04-MG";"UOP02-DEL04-MG"
181366;2018-12-27;"quinta-feira";"17:50:00";"PI";316;7;"TERESINA";"Desobediência às normas de trânsito pelo condutor";"Colisão transversal";"Sem Vítimas";"Anoitecer";"Crescente";"Céu Claro";"Simples";"Reta";"Sim";2;0;0;0;2;0;0;2;-5,155847;-42,771732;"SPRF-PI";"DEL01-PI";"UOP02-DEL01-PI"
181376;2018-12-27;"quinta-feira";"16:30:00";"SC";280;167;"MAFRA";"Desobediência às normas de trânsito pelo condutor";"Colisão transversal";"Sem Vítimas";"Pleno dia";"Crescente";"Céu Claro";"Simples";"Interseção de Vias";"Sim";3;0;0;0;3;0;0;2;-26,168509;-49,818214;"SPRF-SC";"DEL06-SC";"UOP01-DEL06-SC"
181377;2018-12-27;"quinta-feira";"20:50:00";"SC";470;224,5;"SAO CRISTOVAO DO SUL";"Falta de Atenção à Condução";"Saída de leito carroçável";"Com Vítimas Feridas";"Plena Noite";"Crescente";"Chuva";"Simples";"Reta;Declive";"Não";3;0;3;0;0;0;3;1;-27,32696;-50,342205;"SPRF-SC";"DEL05-SC";"UOP03-DEL05-SC"
181390;2018-12-27;"quinta-feira";"22:55:00";"RJ";116;19;"SAPUCAIA";"Falta de Atenção à Condução";"Colisão lateral";"Com Vítimas Feridas";"Plena Noite";"Decrescente";"Chuva";"Simples";"Curva";"Não";4;0;1;1;1;2;2;4;-21,992701;-42,76215;"SPRF-RJ";"DEL04-RJ";"UOP01-DEL04-RJ"
181391;2018-12-27;"quinta-feira";"14:30:00";"GO";364;173;"JATAI";"Falta de Atenção à Condução";"Tombamento";"Com Vítimas Feridas";"Pleno dia";"Decrescente";"Céu Claro";"Simples";"Reta";"Não";2;0;1;0;0;2;1;3;-18,008829;-51,563248;"SPRF-GO";"DEL05-GO";"UOP01-DEL05-GO"
181394;2018-12-27;"quinta-feira";"06:30:00";"BA";101;242;"CONCEICAO DO ALMEIDA";"Carga excessiva e/ou mal acondicionada";"Derramamento de carga";"Sem Vítimas";"Pleno dia";"Crescente";"Céu Claro";"Simples";"Reta";"Não";2;0;0;0;1;2;0;3;-12,8271;-39,2001;"SPRF-BA";"DEL01-BA";"UOP02-DEL01-BA"
181398;2018-12-27;"quinta-feira";"20:10:00";"SC";101;303,2;"LAGUNA";"Condutor Dormindo";"Colisão com objeto estático";"Sem Vítimas";"Plena Noite";"Decrescente";"Céu Claro";"Dupla";"Reta";"Sim";3;0;0;0;2;1;0;3;-28,3728;-48,7601;"SPRF-SC";"DEL02-SC";"UOP03-DEL02-SC"
181404;2018-12-27;"quinta-feira";"23:00:00";"PR";153;514;"GENERAL CARNEIRO";"Condutor Dormindo";"Saída de leito carroçável";"Sem Vítimas";"Plena Noite";"Crescente";"Chuva";"Simples";"Curva";"Não";1;0;0;0;1;0;0;1;-26,608736;-51,476875;"SPRF-PR";"DEL02-PR";"UOP03-DEL02-PR"
181408;2018-12-28;"sexta-feira";"00:45:00";"MT";163;106,3;"RONDONOPOLIS";"Condutor Dormindo";"Saída de leito carroçável";"Com Vítimas Feridas";"Plena Noite";"Decrescente";"Chuva";"Dupla";"Reta";"Não";2;0;1;0;0;2;1;3;-16,611294;-54,700531;"SPRF-MT";"DEL02-MT";"UOP01-DEL02-MT"
181410;2018-12-27;"quinta-feira";"23:40:00";"SC";282;85,3;"ALFREDO WAGNER";"Não guardar distância de segurança";"Colisão traseira";"Com Vítimas Feridas";"Plena Noite";"Crescente";"Nublado";"Simples";"Declive";"Não";5;0;3;1;1;0;4;2;-27,667007;-49,192802;"SPRF-SC";"DEL01-SC";"UOP03-DEL01-SC"
181412;2018-12-28;"sexta-feira";"02:45:00";"RS";290;26;"SANTO ANTONIO DA PATRULHA";"Condutor Dormindo";"Tombamento";"Sem Vítimas";"Plena Noite";"Crescente";"Céu Claro";"Dupla";"Reta";"Não";2;0;0;0;1;1;0;2;-29,880135;-50,514297;"SPRF-RS";"DEL03-RS";"UOP02-DEL03-RS"
181426;2018-12-28;"sexta-feira";"03:40:00";"PR";376;597;"CURITIBA";"Falta de Atenção à Condução";"Colisão lateral";"Sem Vítimas";"Plena Noite";"Crescente";"Céu Claro";"Dupla";"Reta";"Sim";2;0;0;0;1;1;0;2;-25,51053107;-49,33925629;"SPRF-PR";"DEL01-PR";"UOP06-DEL01-PR"
181428;2018-12-28;"sexta-feira";"05:30:00";"MG";40;708;"BARBACENA";"Defeito Mecânico no Veículo";"Colisão com objeto em movimento";"Com Vítimas Feridas";"Amanhecer";"Crescente";"Céu Claro";"Dupla";"Curva";"Não";2;0;0;1;1;0;1;2;-21,2436;-43,6895;"SPRF-MG";"DEL05-MG";"UOP02-DEL05-MG"
181429;2018-12-28;"sexta-feira";"07:20:00";"PR";376;498,8;"PONTA GROSSA";"Desobediência às normas de trânsito pelo condutor";"Colisão frontal";"Com Vítimas Feridas";"Pleno dia";"Crescente";"Céu Claro";"Dupla";"Interseção de Vias";"Sim";3;0;1;0;1;1;1;3;-25,1522533;-50,14232224;"SPRF-PR";"DEL03-PR";"UOP04-DEL03-PR"
181434;2018-12-27;"quinta-feira";"21:30:00";"MG";267;227,2;"LIBERDADE";"Velocidade Incompatível";"Tombamento";"Com Vítimas Feridas";"Plena Noite";"Crescente";"Céu Claro";"Simples";"Curva";"Não";2;0;1;0;0;2;1;3;-21,94223918;-44,30323869;"SPRF-MG";"DEL05-MG";"UOP01-DEL17-MG"
181446;2018-12-27;"quinta-feira";"22:30:00";"BA";101;422;"IBIRAPITANGA";"Velocidade Incompatível";"Saída de leito carroçável";"Com Vítimas Fatais";"Plena Noite";"Crescente";"Céu Claro";"Simples";"Curva";"Não";2;1;0;0;0;1;0;2;-14,1385;-39,3546;"SPRF-BA";"DEL05-BA";"UOP03-DEL05-BA"
181451;2018-12-28;"sexta-feira";"07:44:00";"TO";153;578,9;"SANTA RITA DO TOCANTINS";"Falta de Atenção à Condução";"Colisão traseira";"Com Vítimas Feridas";"Pleno dia";"Crescente";"Nublado";"Simples";"Reta";"Não";5;0;3;0;1;1;3;3;-10,900113;-48,90723;"SPRF-TO";"DEL02-TO";"UOP01-DEL01-TO"
181460;2018-12-28;"sexta-feira";"09:00:00";"SC";282;401,2;"JOACABA";"Condutor Dormindo";"Colisão frontal";"Com Vítimas Feridas";"Pleno dia";"Decrescente";"Céu Claro";"Simples";"Reta";"Não";10;0;2;2;6;0;4;4;-27,132223;-51,627563;"SPRF-SC";"DEL07-SC";"UOP05-DEL07-SC"
181465;2018-12-28;"sexta-feira";"04:30:00";"MG";40;77,1;"PARACATU";"Falta de Atenção à Condução";"Saída de leito carroçável";"Com Vítimas Feridas";"Plena Noite";"Crescente";"Chuva";"Simples";"Curva";"Não";2;0;1;0;1;0;1;1;-17,448477;-46,685284;"SPRF-MG";"DEL14-MG";"UOP01-DEL14-MG"
181479;2018-12-28;"sexta-feira";"09:20:00";"ES";447;11,7;"VILA VELHA";"Velocidade Incompatível";"Saída de leito carroçável";"Com Vítimas Feridas";"Pleno dia";"Crescente";"Chuva";"Dupla";"Reta";"Sim";2;0;0;1;0;1;1;2;-20,34745198;-40,33142388;"SPRF-ES";"DEL01-ES";"UOP01-DEL01-ES"
181481;2018-12-28;"sexta-feira";"10:35:00";"PE";101;79;"RECIFE";"Desobediência às normas de trânsito pelo condutor";"Colisão lateral";"Com Vítimas Feridas";"Pleno dia";"Crescente";"Sol";"Simples";"Reta";"Não";2;0;0;1;1;0;1;2;-8,1533;-34,9421;"SPRF-PE";"DEL01-PE";"UOP01-DEL01-PE"
181502;2018-12-28;"sexta-feira";"13:30:00";"ES";262;18,9;"VIANA";"Falta de Atenção à Condução";"Colisão transversal";"Com Vítimas Feridas";"Pleno dia";"Crescente";"Garoa/Chuvisco";"Simples";"Reta";"Sim";2;0;0;1;1;0;1;2;-20,389;-40,4781;"SPRF-ES";"DEL01-ES";"UOP01-DEL01-ES"
181503;2018-12-28;"sexta-feira";"13:05:00";"MG";381;376;"SAO GONCALO DO RIO ABAIXO";"Velocidade Incompatível";"Colisão frontal";"Com Vítimas Fatais";"Pleno dia";"Crescente";"Chuva";"Simples";"Curva";"Não";6;4;0;0;1;2;0;4;-19,84229348;-43,31524953;"SPRF-MG";"DEL01-MG";"UOP01-DEL01-MG"
181507;2018-12-28;"sexta-feira";"13:45:00";"PR";376;675;"GUARATUBA";"Falta de Atenção à Condução";"Colisão traseira";"Com Vítimas Feridas";"Pleno dia";"Crescente";"Céu Claro";"Dupla";"Reta";"Não";5;0;2;0;3;0;2;3;-25,91858587;-48,91912244;"SPRF-PR";"DEL01-PR";"DEL7/1-UOP08/PR"
181520;2018-12-28;"sexta-feira";"15:00:00";"RJ";101;169;"MACAE";"Pista Escorregadia";"Colisão transversal";"Com Vítimas Feridas";"Pleno dia";"Crescente";"Chuva";"Simples";"Reta";"Não";5;0;4;0;0;1;4;3;-22,351259;-41,922119;"SPRF-RJ";"DEL02-RJ";"UOP04-DEL08-RJ"
181523;2018-12-28;"sexta-feira";"10:00:00";"MA";10;238,8;"DAVINOPOLIS";"Ultrapassagem Indevida";"Colisão frontal";"Com Vítimas Feridas";"Pleno dia";"Decrescente";"Céu Claro";"Simples";"Reta";"Não";7;0;4;2;0;1;6;3;-5,634933;-47,4028;"SPRF-MA";"DEL04-MA";"UOP01-DEL04-MA"
181525;2018-10-17;"quarta-feira";"06:50:00";"PB";101;73,5;"SANTA RITA";"Desobediência às normas de trânsito pelo condutor";"Colisão traseira";"Com Vítimas Feridas";"Pleno dia";"Crescente";"Céu Claro";"Dupla";"Retorno Regulamentado";"Não";2;0;1;0;1;0;1;2;-7,0839069;-34,9827947;"SPRF-PB";"DEL01-PB";"UOP04-DEL01-PB"
181527;2018-12-28;"sexta-feira";"14:40:00";"RS";293;15,7;"CAPAO DO LEAO";"Falta de Atenção à Condução";"Colisão transversal";"Com Vítimas Feridas";"Pleno dia";"Crescente";"Sol";"Simples";"Interseção de Vias";"Sim";3;0;1;0;1;1;1;3;-31,74860588;-52,47894287;"SPRF-RS";"DEL07-RS";"UOP01-DEL07-RS"
181530;2018-12-28;"sexta-feira";"15:30:00";"GO";153;502;"GOIANIA";"Falta de Atenção à Condução";"Colisão com objeto estático";"Com Vítimas Feridas";"Pleno dia";"Crescente";"Céu Claro";"Dupla";"Reta";"Sim";2;0;1;0;1;0;1;1;-16,7287;-49,2424;"SPRF-GO";"DEL01-GO";"UOP01-DEL01-GO"
181534;2018-12-28;"sexta-feira";"16:20:00";"PR";369;173;"ROLANDIA";"Sinalização da via insuficiente ou inadequada";"Colisão frontal";"Com Vítimas Feridas";"Pleno dia";"Crescente";"Céu Claro";"Simples";"Interseção de Vias";"Sim";3;0;0;1;1;1;1;3;-23,31282845;-51,37285352;"SPRF-PR";"DEL07-PR";"UOP01-DEL07-PR"
181553;2018-12-28;"sexta-feira";"16:00:00";"MG";381;905,4;"CAMBUI";"Velocidade Incompatível";"Colisão lateral";"Com Vítimas Feridas";"Pleno dia";"Decrescente";"Céu Claro";"Dupla";"Curva";"Não";6;0;2;0;4;0;2;5;-22,6662;-46,093;"SPRF-MG";"DEL16-MG";"UOP03-DEL16-MG"
181563;2018-12-28;"sexta-feira";"18:09:00";"BA";101;735,5;"ITABELA";"Velocidade Incompatível";"Tombamento";"Com Vítimas Feridas";"Anoitecer";"Crescente";"Céu Claro";"Simples";"Aclive;Curva";"Não";5;0;3;0;1;1;3;3;-16,4899;-39,5757;"SPRF-BA";"DEL09-BA";"UOP01-DEL09-BA"
181566;2018-12-28;"sexta-feira";"18:30:00";"SC";101;102;"BALNEARIO PICARRAS";"Falta de Atenção à Condução";"Colisão lateral";"Com Vítimas Feridas";"Pleno dia";"Crescente";"Sol";"Múltipla";"Reta";"Não";3;0;1;0;1;1;1;3;-26,7841;-48,6827;"SPRF-SC";"DEL03-SC";"UOP02-DEL03-SC"
181570;2018-12-28;"sexta-feira";"13:30:00";"BA";242;540;"OLIVEIRA DOS BREJINHOS";"Falta de Atenção à Condução";"Colisão traseira";"Sem Vítimas";"Pleno dia";"Crescente";"Nublado";"Simples";"Reta";"Não";3;0;0;0;2;3;0;5;-12,101043;-42,918963;"SPRF-BA";"DEL10-BA";"UOP03-DEL06-BA"
181573;2018-10-25;"quinta-feira";"20:40:00";"MG";50;54,6;"ARAGUARI";"Velocidade Incompatível";"Tombamento";"Sem Vítimas";"Plena Noite";"Crescente";"Chuva";"Dupla";"Curva";"Não";2;0;0;0;1;1;0;2;-18,7765;-48,2393;"SPRF-MG";"DEL15-MG";"UOP02-DEL15-MG"
181574;2018-12-28;"sexta-feira";"19:15:00";"RJ";393;171;"TRES RIOS";"Carga excessiva e/ou mal acondicionada";"Tombamento";"Sem Vítimas";"Anoitecer";"Crescente";"Chuva";"Simples";"Curva";"Sim";2;0;0;0;1;1;0;2;-22,119568;-43,160095;"SPRF-RJ";"DEL06-RJ";"UOP01-DEL05-RJ"
181576;2018-12-28;"sexta-feira";"17:19:00";"MA";222;674;"ACAILANDIA";"Desobediência às normas de trânsito pelo condutor";"Colisão lateral";"Com Vítimas Feridas";"Pleno dia";"Decrescente";"Céu Claro";"Simples";"Reta";"Não";3;0;0;2;1;0;2;2;-5,02528291;-47,50488281;"SPRF-MA";"DEL04-MA";"UOP03-DEL04-MA"
181578;2018-12-28;"sexta-feira";"19:00:00";"RN";101;82,9;"NATAL";"Falta de Atenção do Pedestre";"Atropelamento de Pedestre";"Sem Vítimas";"Plena Noite";"Decrescente";"Céu Claro";"Dupla";"Reta";"Sim";2;0;0;0;2;0;0;2;-5,767915;-35,274563;"SPRF-RN";"DEL02-RN";"UOP01-DEL02-RN"
181579;2018-12-28;"sexta-feira";"17:15:00";"RO";364;711;"PORTO VELHO";"Velocidade Incompatível";"Colisão lateral";"Sem Vítimas";"Pleno dia";"Decrescente";"Nublado";"Dupla";"Reta";"Sim";3;0;0;0;2;2;0;4;-8,78850276;-63,85367632;"SPRF-RO";"DEL01-RO";"UOP01-DEL01-RO"
181589;2018-12-28;"sexta-feira";"17:30:00";"TO";153;787,8;"TALISMA";"Defeito na Via";"Tombamento";"Sem Vítimas";"Pleno dia";"Decrescente";"Céu Claro";"Simples";"Reta";"Não";2;0;0;0;1;1;0;2;-12,68221007;-49,0694046;"SPRF-TO";"DEL02-TO";"UOP02-DEL01-TO"
181591;2018-12-28;"sexta-feira";"19:50:00";"BA";116;826;"VITORIA DA CONQUISTA";"Falta de Atenção à Condução";"Colisão traseira";"Com Vítimas Feridas";"Plena Noite";"Crescente";"Nublado";"Dupla";"Reta";"Sim";3;0;1;0;1;1;1;3;-14,88192988;-40,85717353;"SPRF-BA";"DEL08-BA";"UOP01-DEL08-BA"
181592;2018-12-28;"sexta-feira";"20:50:00";"RJ";101;74,5;"CAMPOS DOS GOYTACAZES";"Não guardar distância de segurança";"Colisão lateral";"Com Vítimas Feridas";"Plena Noite";"Crescente";"Chuva";"Simples";"Reta";"Sim";3;0;0;1;2;0;1;3;-21,807232;-41,397343;"SPRF-RJ";"DEL08-RJ";"UOP02-DEL08-RJ"
181601;2018-12-28;"sexta-feira";"21:45:00";"PR";277;133,3;"BALSA NOVA";"Falta de Atenção do Pedestre";"Atropelamento de Pedestre";"Com Vítimas Fatais";"Plena Noite";"Decrescente";"Céu Claro";"Múltipla";"Reta";"Não";3;1;0;0;2;0;0;2;-25,471797;-49,667669;"SPRF-PR";"DEL01-PR";"UOP06-DEL01-PR"