"id";"data_inversa";"dia_semana";"horario";"uf";"br";"km";"municipio";"causa_acidente";"tipo_acidente";"classificacao_acidente";"fase_dia";"sentido_via";"condicao_metereologica";"tipo_pista";"tracado_via";"uso_solo";"pessoas";"mortos";"feridos_leves";"feridos_graves";"ilesos";"ignorados";"feridos";"veiculos";"latitude";"longitude";"regional";"delegacia";"uop"
184055;2018-10-28;"domingo";"09:25:00";"BA";116;438,9;"FEIRA DE SANTANA";"Pista Escorregadia";"Colisão com objeto estático";"Com Vítimas Fatais";"Pleno dia";"Crescente";"Céu Claro";"Dupla";"Curva";"Não";4;1;0;0;2;2;0;5;-12,33702635;-39,07362845;"SPRF-BA";"DEL02-BA";"UOP01-DEL02-BA"
184153;2018-09-22;"sábado";"16:28:00";"SE";101;6;"CEDRO DE SAO JOAO";"Defeito Mecânico no Veículo";"Colisão traseira";"Com Vítimas Feridas";"Pleno dia";"Crescente";"Céu Claro";"Simples";"Aclive";"Não";4;0;0;1;2;1;1;3;-10,248007;-36,856987;"SPRF-SE";"DEL02-SE";"UOP02-DEL02-SE"
184311;2018-12-19;"quarta-feira";"16:15:00";"RS";386;174,8;"CARAZINHO";"Restrição de Visibilidade";"Colisão frontal";"Com Vítimas Feridas";"Pleno dia";"Crescente";"Chuva";"Simples";"Curva";"Não";6;0;2;3;0;2;5;4;-28,263548;-52,786312;"SPRF-RS";"DEL08-RS";"UOP01-DEL08-RS"
184325;2018-12-13;"quinta-feira";"15:35:00";"RJ";116;308,8;"RESENDE";"Condutor Dormindo";"Colisão traseira";"Com Vítimas Feridas";"Pleno dia";"Crescente";"Sol";"Dupla";"Reta";"Não";2;0;1;0;1;0;1;2;-22,459236;-44,434776;"SPRF-RJ";"DEL07-RJ";"DEL5/7-UOP03/RJ"
184412;2018-09-02;"domingo";"20:10:00";"RS";290;182,8;"MINAS DO LEAO";"Falta de Atenção à Condução";"Colisão transversal";"Com Vítimas Feridas";"Plena Noite";"Crescente";"Garoa/Chuvisco";"Simples";"Rotatória";"Sim";7;0;3;0;2;2;3;4;-30,14425506;-52,0461148;"SPRF-RS";"DEL02-RS";"UOP02-DEL02-RS"
184462;2018-12-29;"sábado";"15:30:00";"PE";101;3;"GOIANA";"Deficiência ou não Acionamento do Sistema de Iluminação/Sinalização do Veículo";"Colisão traseira";"Com Vítimas Feridas";"Pleno dia";"Decrescente";"Sol";"Dupla";"Curva;Aclive";"Não";6;0;3;0;3;0;3;4;-7,5328;-34,9909;"SPRF-PE";"DEL01-PE";"UOP02-DEL01-PE"
184509;2018-11-01;"quinta-feira";"05:00:00";"RS";392;62,1;"PELOTAS";"Desobediência às normas de trânsito pelo condutor";"Colisão transversal";"Com Vítimas Feridas";"Plena Noite";"Crescente";"Garoa/Chuvisco";"Simples";"Em Obras;Rotatória";"Sim";3;0;1;0;1;1;1;3;-31,77759559;-52,35916615;"SPRF-RS";"DEL07-RS";"UOP01-DEL07-RS"
184528;2018-03-17;"sábado";"14:45:00";"RN";304;48,3;"MOSSORO";"Não guardar distância de segurança";"Colisão traseira";"Sem Vítimas";"Pleno dia";"Crescente";"Sol";"Dupla";"Retorno Regulamentado";"Sim";2;0;0;0;2;0;0;2;-5,23072979;-37,32098579;"SPRF-RN";"DEL04-RN";"UOP01-DEL04-RN"
184695;2018-12-11;"terça-feira";"09:00:00";"MG";50;70;"UBERLANDIA";"Ultrapassagem Indevida";"Colisão lateral";"Sem Vítimas";"Pleno dia";"Decrescente";"Nublado";"Simples";"Viaduto";"Sim";3;0;0;0;2;1;0;3;-18,8957;-48,2477;"SPRF-MG";"DEL15-MG";"UOP01-DEL15-MG"
184713;2018-12-28;"sexta-feira";"05:35:00";"MG";365;25,2;"MONTES CLAROS";"Falta de Atenção à Condução";"Colisão traseira";"Com Vítimas Feridas";"Amanhecer";"Decrescente";"Céu Claro";"Simples";"Curva";"Não";20;0;16;2;1;2;18;4;-16,855701;-44,061451;"SPRF-MG";"DEL12-MG";"UOP01-DEL12-MG"
184878;2018-12-23;"domingo";"10:00:00";"MG";153;17;"CENTRALINA";"Falta de Atenção à Condução";"Saída de leito carroçável";"Com Vítimas Feridas";"Pleno dia";"Decrescente";"Céu Claro";"Dupla";"Reta";"Sim";3;0;1;0;2;0;1;2;-18,5777;-49,1934;"SPRF-MG";"DEL15-MG";"UOP03-DEL15-MG"
184925;2018-12-16;"domingo";"08:00:00";"GO";153;310,1;"RIALMA";"Condutor Dormindo";"Colisão lateral";"Com Vítimas Fatais";"Pleno dia";"Crescente";"Sol";"Simples";"Aclive";"Não";5;1;1;0;2;1;1;4;-15,366833;-49,560471;"SPRF-GO";"DEL02-GO";"UOP02-DEL02-GO"
185285;2018-12-06;"quinta-feira";"13:00:00";"SP";381;31;"ATIBAIA";"Falta de Atenção à Condução";"Colisão traseira";"Com Vítimas Feridas";"Pleno dia";"Decrescente";"Céu Claro";"Dupla";"Reta";"Não";3;0;2;0;1;0;2;2;-23,05381038;-46,5686202;"SPRF-SP";"DEL03-SP";"UOP02-DEL03-SP"
185359;2018-12-12;"quarta-feira";"01:20:00";"GO";153;58;"PORANGATU";"Desobediência às normas de trânsito pelo condutor";"Colisão lateral";"Com Vítimas Feridas";"Plena Noite";"Crescente";"Céu Claro";"Simples";"Declive";"Não";3;0;0;1;1;3;1;5;-13,301681;-49,120899;"SPRF-GO";"DEL07-GO";"UOP01-DEL07-GO"
185362;2018-03-24;"sábado";"13:40:00";"BA";324;576;"SAO SEBASTIAO DO PASSE";"Falta de Atenção à Condução";"Engavetamento";"Com Vítimas Feridas";"Pleno dia";"Decrescente";"Chuva";"Dupla";"Desvio Temporário";"Não";6;0;2;0;3;3;2;7;-12,58807272;-38,52630615;"SPRF-BA";"DEL01-BA";"UOP01-DEL01-BA"
185504;2018-12-27;"quinta-feira";"03:20:00";"MG";262;526;"LUZ";"Condutor Dormindo";"Colisão frontal";"Com Vítimas Feridas";"Plena Noite";"Crescente";"Céu Claro";"Simples";"Reta";"Não";3;0;0;1;1;2;1;4;-19,782372;-45,676441;"SPRF-MG";"DEL08-MG";"UOP02-DEL08-MG"
185529;2018-11-17;"sábado";"12:10:00";"MT";70;727;"CACERES";"Ultrapassagem Indevida";"Colisão traseira";"Com Vítimas Feridas";"Pleno dia";"Decrescente";"Céu Claro";"Simples";"Reta";"Não";3;0;2;0;0;1;2;3;-16,13020704;-57,65796661;"SPRF-MT";"DEL03-MT";"UOP01-DEL03-MT"
185676;2018-12-12;"quarta-feira";"14:00:00";"SC";101;21;"JOINVILLE";"Defeito Mecânico no Veículo";"Colisão traseira";"Com Vítimas Feridas";"Pleno dia";"Crescente";"Céu Claro";"Dupla";"Curva";"Não";6;0;3;0;2;3;3;7;-26,1569;-48,9077;"SPRF-SC";"DEL03-SC";"UOP01-DEL03-SC"
185735;2018-10-02;"terça-feira";"21:30:00";"RJ";101;406;"ITAGUAI";"Falta de Atenção à Condução";"Colisão transversal";"Com Vítimas Feridas";"Plena Noite";"Decrescente";"Céu Claro";"Dupla";"Aclive;Reta";"Não";5;0;0;3;1;1;3;3;-22,87005955;-43,79447936;"SPRF-RJ";"DEL03-RJ";"UOP01-DEL03-RJ"
185763;2018-12-19;"quarta-feira";"09:45:00";"MT";163;1104;"GUARANTA DO NORTE";"Falta de Atenção à Condução";"Colisão lateral";"Sem Vítimas";"Pleno dia";"Crescente";"Céu Claro";"Simples";"Curva;Aclive";"Não";3;0;0;0;2;2;0;4;-9,64799688;-54,87240748;"SPRF-MT";"DEL06-MT";"UOP02-DEL06-MT"
185768;2018-12-22;"sábado";"20:50:00";"MG";116;574,5;"MANHUACU";"Ultrapassagem Indevida";"Colisão lateral";"Com Vítimas Feridas";"Plena Noite";"Crescente";"Céu Claro";"Simples";"Reta";"Não";3;0;0;1;1;1;1;3;-20,13235191;-42,17842197;"SPRF-MG";"DEL06-MG";"UOP03-DEL06-MG"
185783;2018-11-29;"quinta-feira";"11:00:00";"AM";174;986,8;"PRESIDENTE FIGUEIREDO";"Velocidade Incompatível";"Saída de leito carroçável";"Sem Vítimas";"Pleno dia";"Decrescente";"Chuva";"Simples";"Declive";"Não";2;0;0;0;1;1;0;2;-2,08047552;-60,0079143;"SPRF-AM";"DEL01-AM";"UOP02-DEL01-AM"
185795;2018-10-22;"segunda-feira";"02:05:00";"PR";369;147,2;"LONDRINA";"Ultrapassagem Indevida";"Queda de ocupante de veículo";"Com Vítimas Fatais";"Plena Noite";"Decrescente";"Céu Claro";"Dupla";"Reta";"Sim";2;1;0;0;1;0;0;2;-23,29314088;-51,13478953;"SPRF-PR";"DEL07-PR";"UOP01-DEL07-PR"
185846;2018-08-02;"quinta-feira";"07:20:00";"MG";251;427,8;"GRAO MOGOL";"Velocidade Incompatível";"Colisão frontal";"Com Vítimas Fatais";"Pleno dia";"Crescente";"Céu Claro";"Simples";"Curva";"Não";6;2;1;1;1;1;2;3;-16,3261;-43,1245;"SPRF-MG";"DEL12-MG";"UOP01-DEL12-MG"
185918;2018-12-29;"sábado";"14:00:00";"BA";407;231;"CAPIM GROSSO";"Falta de Atenção à Condução";"Colisão traseira";"Sem Vítimas";"Pleno dia";"Crescente";"Sol";"Simples";"Reta";"Sim";3;0;0;0;2;2;0;4;-11,37581606;-40,00577584;"SPRF-BA";"DEL04-BA";"UOP02-DEL04-BA"
185945;2018-12-15;"sábado";"17:30:00";"PR";153;482;"GENERAL CARNEIRO";"Falta de Atenção à Condução";"Colisão transversal";"Com Vítimas Feridas";"Pleno dia";"Decrescente";"Chuva";"Simples";"Retorno Regulamentado";"Sim";5;0;1;0;4;0;1;2;-26,385147;-51,269444;"SPRF-PR";"DEL02-PR";"UOP03-DEL02-PR"
185971;2018-11-19;"segunda-feira";"14:10:00";"MS";163;309,6;"NAVIRAI";"Falta de Atenção à Condução";"Colisão frontal";"Com Vítimas Feridas";"Pleno dia";"Crescente";"Céu Claro";"Simples";"Reta";"Não";4;0;1;1;1;1;2;4;-23,055607;-54,235474;"SPRF-MS";"DEL02-MS";"UOP02-DEL02-MS"
186139;2018-11-22;"quinta-feira";"13:00:00";"MA";222;300,8;"VITORIA DO MEARIM";"Falta de Atenção à Condução";"Colisão frontal";"Com Vítimas Fatais";"Pleno dia";"Crescente";"Chuva";"Simples";"Declive;Reta";"Não";12;3;3;5;0;1;8;2;-3,54741175;-44,90507863;"SPRF-MA";"DEL02-MA";"UI04-DEL02-MA"
186140;2018-12-24;"segunda-feira";"13:30:00";"MA";316;436;"PERITORO";"Defeito na Via";"Capotamento";"Com Vítimas Feridas";"Pleno dia";"Decrescente";"Chuva";"Simples";"Reta";"Não";4;0;0;1;3;0;1;1;-4,413616;-44,2411;"SPRF-MA";"DEL03-MA";"UOP01-DEL03-MA"
186383;2018-09-23;"domingo";"14:00:00";"PR";476;118;"COLOMBO";"Não guardar distância de segurança";"Colisão lateral";"Com Vítimas Feridas";"Pleno dia";"Crescente";"Sol";"Dupla";"Reta";"Não";2;0;0;1;1;0;1;2;-25,36984524;-49,18985724;"SPRF-PR";"DEL01-PR";"UOP01-DEL01-PR"
186653;2018-12-22;"sábado";"13:00:00";"GO";153;617,5;"MORRINHOS";"Velocidade Incompatível";"Saída de leito carroçável";"Com Vítimas Feridas";"Pleno dia";"Decrescente";"Céu Claro";"Dupla";"Declive;Reta";"Não";4;0;0;2;1;1;2;3;-17,6951;-49,1559;"SPRF-GO";"DEL03-GO";"UOP01-DEL03-GO"
186690;2018-08-10;"sexta-feira";"19:10:00";"MT";364;373;"SANTO ANTONIO DO LEVERGER";"Falta de Atenção à Condução";"Colisão transversal";"Com Vítimas Feridas";"Plena Noite";"Crescente";"Céu Claro";"Simples";"Reta";"Sim";4;0;1;1;1;1;2;3;-15,708941;-55,702045;"SPRF-MT";"DEL02-MT";"UOP02-DEL01-MT"
186762;2018-12-17;"segunda-feira";"23:00:00";"BA";101;659,5;"ITAPEBI";"Velocidade Incompatível";"Saída de leito carroçável";"Com Vítimas Feridas";"Plena Noite";"Decrescente";"Céu Claro";"Simples";"Curva";"Não";2;0;1;0;0;2;1;3;-15,9229;-39,5595;"SPRF-BA";"DEL05-BA";"UOP02-DEL05-BA"
186767;2018-12-14;"sexta-feira";"00:35:00";"PB";405;8,7;"UIRAUNA";"Falta de Atenção à Condução";"Colisão traseira";"Com Vítimas Feridas";"Plena Noite";"Crescente";"Nublado";"Simples";"Reta";"Sim";5;0;2;1;1;2;3;4;-6,5203;-38,4165;"SPRF-PB";"DEL03-PB";"UOP03-DEL03-PB"
186778;2018-12-08;"sábado";"20:30:00";"RJ";40;122;"DUQUE DE CAXIAS";"Não guardar distância de segurança";"Colisão traseira";"Com Vítimas Feridas";"Plena Noite";"Decrescente";"Céu Claro";"Múltipla";"Reta";"Sim";4;0;1;0;1;2;1;4;-22,7968;-43,2889;"SPRF-RJ";"DEL01-RJ";"UOP01-DEL01-RJ"
186943;2018-12-16;"domingo";"23:00:00";"RO";364;309;"PRESIDENTE MEDICI";"Falta de Atenção à Condução";"Colisão lateral";"Com Vítimas Fatais";"Plena Noite";"Decrescente";"Céu Claro";"Simples";"Reta";"Sim";6;1;1;0;2;4;1;7;-11,163418;-61,901608;"SPRF-RO";"DEL02-RO";"UOP01-DEL02-RO"
186944;2018-06-26;"terça-feira";"06:10:00";"PE";232;248,3;"ARCOVERDE";"Mal Súbito";"Colisão com objeto em movimento";"Com Vítimas Feridas";"Pleno dia";"Crescente";"Céu Claro";"Simples";"Reta";"Não";4;0;1;0;3;0;1;4;-8,42024383;-37,01568604;"SPRF-PE";"DEL03-PE";"UOP02-DEL03-PE"
187099;2018-11-23;"sexta-feira";"08:10:00";"PE";408;72;"PAUDALHO";"Falta de Atenção à Condução";"Colisão transversal";"Com Vítimas Feridas";"Pleno dia";"Crescente";"Céu Claro";"Dupla";"Curva";"Não";3;0;2;0;1;0;2;2;-7,885303;-35,181009;"SPRF-PE";"DEL01-PE";"UOP01-DEL01-PE"
187107;2018-11-05;"segunda-feira";"11:35:00";"GO";153;306,9;"RIALMA";"Pista Escorregadia";"Colisão frontal";"Com Vítimas Feridas";"Pleno dia";"Decrescente";"Chuva";"Simples";"Reta";"Não";5;0;3;1;1;0;4;2;-15,348556;-49,568298;"SPRF-GO";"DEL02-GO";"UOP02-DEL02-GO"
187108;2018-12-26;"quarta-feira";"08:00:00";"RN";101;102;"PARNAMIRIM";"Falta de Atenção à Condução";"Engavetamento";"Com Vítimas Feridas";"Pleno dia";"Crescente";"Sol";"Dupla";"Reta";"Sim";4;0;2;0;2;0;2;3;-5,8879459;-35,2379993;"SPRF-RN";"DEL01-RN";"UOP01-DEL01-RN"
187114;2018-11-21;"quarta-feira";"08:30:00";"PR";376;431;"TIBAGI";"Velocidade Incompatível";"Colisão transversal";"Sem Vítimas";"Pleno dia";"Decrescente";"Céu Claro";"Simples";"Em Obras;Curva;Aclive";"Não";3;0;0;0;2;1;0;3;-24,74820513;-50,53620279;"SPRF-PR";"DEL03-PR";"UOP02-DEL03-PR"
187178;2018-09-06;"quinta-feira";"16:30:00";"MG";262;463;"ARAUJOS";"Falta de Atenção à Condução";"Colisão traseira";"Com Vítimas Feridas";"Pleno dia";"Crescente";"Céu Claro";"Simples";"Reta";"Não";3;0;0;1;0;2;1;3;-19,80353193;-45,13458252;"SPRF-MG";"DEL08-MG";"UOP03-DEL08-MG"
187212;2018-12-23;"domingo";"14:40:00";"PA";222;243,2;"MARABA";"Desobediência às normas de trânsito pelo condutor";"Colisão traseira";"Com Vítimas Feridas";"Pleno dia";"Decrescente";"Céu Claro";"Simples";"Reta";"Sim";3;0;1;0;2;0;1;2;-5,339671;-49,08239;"SPRF-PA";"DEL03-PA";"UOP01-DEL03-PA"
187349;2018-11-23;"sexta-feira";"19:00:00";"BA";242;520;"OLIVEIRA DOS BREJINHOS";"Ultrapassagem Indevida";"Tombamento";"Sem Vítimas";"Plena Noite";"Decrescente";"Céu Claro";"Simples";"Reta";"Não";2;0;0;0;1;2;0;3;-12,29237201;-42,65716553;"SPRF-BA";"DEL10-BA";"UOP03-DEL06-BA"
187368;2018-10-27;"sábado";"15:50:00";"BA";324;532;"FEIRA DE SANTANA";"Não guardar distância de segurança";"Colisão traseira";"Com Vítimas Feridas";"Pleno dia";"Decrescente";"Céu Claro";"Dupla";"Reta";"Não";3;0;1;0;1;1;1;2;-12,35575261;-38,83012902;"SPRF-BA";"DEL01-BA";"UOP01-DEL01-BA"
187520;2018-12-19;"quarta-feira";"13:20:00";"MT";70;697;"CACERES";"Mal Súbito";"Colisão frontal";"Com Vítimas Feridas";"Pleno dia";"Crescente";"Sol";"Simples";"Curva;Aclive";"Não";4;0;0;2;1;1;2;3;-16,215609;-57,41835;"SPRF-MT";"DEL03-MT";"UOP01-DEL03-MT"
187725;2018-09-17;"segunda-feira";"15:15:00";"PE";104;135;"QUIPAPA";"Falta de Atenção à Condução";"Tombamento";"Sem Vítimas";"Pleno dia";"Crescente";"Sol";"Simples";"Declive";"Não";2;0;0;0;1;2;0;3;-8,818201;-36,013878;"SPRF-PE";"DEL02-PE";"UOP01-DEL02-PE"
187788;2018-08-09;"quinta-feira";"01:40:00";"SP";116;449;"REGISTRO";"Falta de Atenção à Condução";"Colisão traseira";"Com Vítimas Feridas";"Plena Noite";"Decrescente";"Nublado";"Dupla";"Reta";"Sim";3;0;1;0;0;2;1;3;-24,53523596;-47,85815824;"SPRF-SP";"DEL05-SP";"UOP01-DEL05-SP"
187879;2018-12-07;"sexta-feira";"11:30:00";"MG";40;457;"CAETANOPOLIS";"Velocidade Incompatível";"Saída de leito carroçável";"Sem Vítimas";"Pleno dia";"Decrescente";"Garoa/Chuvisco";"Dupla";"Curva";"Não";1;0;0;0;1;0;0;1;-19,3881;-44,3354;"SPRF-MG";"DEL02-MG";"UOP01-DEL02-MG"
187938;2018-12-26;"quarta-feira";"07:50:00";"PB";230;21;"JOAO PESSOA";"Falta de Atenção à Condução";"Colisão lateral";"Com Vítimas Feridas";"Pleno dia";"Decrescente";"Céu Claro";"Dupla";"Reta";"Não";3;0;1;0;1;1;1;2;-7,1415;-34,8519;"SPRF-PB";"DEL01-PB";"UOP01-DEL01-PB"
187973;2018-12-09;"domingo";"10:05:00";"RJ";101;95;"CAMPOS DOS GOYTACAZES";"Falta de Atenção à Condução";"Tombamento";"Com Vítimas Feridas";"Pleno dia";"Crescente";"Céu Claro";"Dupla";"Curva";"Não";3;0;3;0;0;0;3;1;-21,869604;-41,547123;"SPRF-RJ";"DEL08-RJ";"UOP02-DEL08-RJ"
188121;2018-04-24;"terça-feira";"16:50:00";"SE";235;70,6;"FREI PAULO";"Falta de Atenção à Condução";"Colisão traseira";"Com Vítimas Feridas";"Anoitecer";"Crescente";"Nublado";"Simples";"Aclive";"Não";2;0;0;1;1;0;1;2;-10,56251;-37,516956;"SPRF-SE";"DEL01-SE";"UOP02-DEL01-SE"
188265;2018-01-15;"segunda-feira";"05:30:00";"RN";101;99,5;"NATAL";"Falta de Atenção à Condução";"Colisão lateral";"Com Vítimas Feridas";"Pleno dia";"Crescente";"Garoa/Chuvisco";"Simples";"Reta";"Sim";3;0;1;0;1;1;1;3;-5,8773;-35,2237;"SPRF-RN";"DEL01-RN";"UOP01-DEL01-RN"
188279;2018-10-19;"sexta-feira";"02:40:00";"SP";116;224;"GUARULHOS";"Ingestão de Álcool";"Colisão traseira";"Com Vítimas Feridas";"Plena Noite";"Crescente";"Nublado";"Múltipla";"Reta";"Sim";2;0;2;0;0;0;2;2;-23,4825748;-46,53634119;"SPRF-SP";"DEL01-SP";"UOP01-DEL01-SP"
188438;2018-12-10;"segunda-feira";"13:50:00";"PR";369;362;"ARAPONGAS";"Falta de Atenção à Condução";"Colisão transversal";"Com Vítimas Feridas";"Pleno dia";"Crescente";"Céu Claro";"Dupla";"Retorno Regulamentado";"Não";3;0;1;0;1;2;1;4;-23,49072158;-51,42343998;"SPRF-PR";"DEL04-PR";"UOP03-DEL09-PR"
188510;2018-12-02;"domingo";"23:20:00";"PB";230;31;"BAYEUX";"Falta de Atenção à Condução";"Colisão lateral";"Com Vítimas Feridas";"Plena Noite";"Crescente";"Céu Claro";"Dupla";"Reta";"Sim";4;0;2;0;1;1;2;2;-7,1484;-34,9129;"SPRF-PB";"DEL01-PB";"UOP01-DEL01-PB"
188523;2018-09-01;"sábado";"21:30:00";"BA";20;181;"LUIS EDUARDO MAGALHAES";"Desobediência às normas de trânsito pelo condutor";"Colisão transversal";"Com Vítimas Fatais";"Plena Noite";"Crescente";"Céu Claro";"Simples";"Reta";"Não";3;1;0;1;0;1;1;2;-12,357057;-45,860567;"SPRF-BA";"DEL10-BA";"UOP01-DEL10-BA"
188602;2018-11-09;"sexta-feira";"08:00:00";"MA";135;123,8;"MIRANDA DO NORTE";"Falta de Atenção à Condução";"Colisão frontal";"Com Vítimas Fatais";"Pleno dia";"Crescente";"Céu Claro";"Simples";"Reta";"Não";2;1;0;0;1;0;0;2;-3,54504857;-44,57457215;"SPRF-MA";"DEL01-MA";"UOP02-DEL01-MA"
188696;2018-11-24;"sábado";"21:50:00";"TO";153;393,5;"RIO DOS BOIS";"Restrição de Visibilidade";"Colisão traseira";"Com Vítimas Feridas";"Plena Noite";"Decrescente";"Céu Claro";"Simples";"Reta";"Não";2;0;2;0;0;0;2;1;-9,352753;-48,543686;"SPRF-TO";"DEL02-TO";"UOP02-DEL02-TO"
188706;2018-12-08;"sábado";"11:30:00";"MT";163;933;"ITAUBA";"Ultrapassagem Indevida";"Saída de leito carroçável";"Com Vítimas Feridas";"Pleno dia";"Decrescente";"Céu Claro";"Simples";"Reta";"Não";2;0;1;0;0;1;1;2;-11,02633882;-55,26270434;"SPRF-MT";"DEL06-MT";"UOP02-DEL06-MT"
188773;2018-12-16;"domingo";"10:55:00";"PB";230;240;"MASSARANDUBA";"Carga excessiva e/ou mal acondicionada";"Tombamento";"Sem Vítimas";"Pleno dia";"Crescente";"Céu Claro";"Dupla";"Curva";"Não";1;0;0;0;1;0;0;1;-7,27071073;-35,79763591;"SPRF-PB";"DEL02-PB";"UOP02-DEL02-PB"
188838;2018-12-29;"sábado";"05:20:00";"MA";226;306,5;"BARRA DO CORDA";"Velocidade Incompatível";"Colisão transversal";"Com Vítimas Fatais";"Amanhecer";"Crescente";"Céu Claro";"Simples";"Reta";"Sim";7;1;1;1;2;3;2;4;-5,46460437;-45,28598785;"SPRF-MA";"DEL04-MA";"UOP02-DEL04-MA"
188853;2018-11-21;"quarta-feira";"09:30:00";"BA";101;875;"TEIXEIRA DE FREITAS";"Desobediência às normas de trânsito pelo condutor";"Colisão transversal";"Com Vítimas Feridas";"Pleno dia";"Decrescente";"Nublado";"Dupla";"Reta";"Sim";5;0;2;1;1;2;3;4;-17,5238;-39,7079;"SPRF-BA";"DEL09-BA";"UOP02-DEL09-BA"
189012;2018-12-01;"sábado";"21:50:00";"MG";40;591;"ITABIRITO";"Velocidade Incompatível";"Tombamento";"Com Vítimas Feridas";"Plena Noite";"Decrescente";"Nublado";"Simples";"Curva";"Não";1;0;0;1;0;0;1;1;-20,3816;-43,9081;"SPRF-MG";"DEL01-MG";"UOP02-DEL01-MG"
189239;2018-07-23;"segunda-feira";"20:57:00";"MT";364;257,8;"JUSCIMEIRA";"Desobediência às normas de trânsito pelo condutor";"Colisão transversal";"Com Vítimas Feridas";"Plena Noite";"Decrescente";"Céu Claro";"Simples";"Reta";"Não";3;0;1;0;1;2;1;4;-16,0576912;-54,88302827;"SPRF-MT";"DEL02-MT";"UOP01-DEL02-MT"
189313;2018-12-20;"quinta-feira";"07:00:00";"PB";230;202,8;"SOLEDADE";"Desobediência às normas de trânsito pelo condutor";"Colisão traseira";"Sem Vítimas";"Pleno dia";"Crescente";"Céu Claro";"Simples";"Reta";"Não";4;0;0;0;3;1;0;4;-7,0984;-36,253;"SPRF-PB";"DEL02-PB";"UOP02-DEL02-PB"
189316;2018-09-06;"quinta-feira";"05:00:00";"PR";476;124;"CURITIBA";"Desobediência às normas de trânsito pelo condutor";"Colisão transversal";"Com Vítimas Feridas";"Plena Noite";"Decrescente";"Garoa/Chuvisco";"Múltipla";"Reta";"Sim";2;0;0;1;1;0;1;2;-25,399845;-49,215855;"SPRF-PR";"DEL01-PR";"UOP07-DEL01-PR"
189329;2018-03-15;"quinta-feira";"07:15:00";"CE";222;186,3;"SOBRAL";"Ultrapassagem Indevida";"Colisão frontal";"Com Vítimas Fatais";"Pleno dia";"Decrescente";"Céu Claro";"Simples";"Reta";"Não";6;2;2;1;0;3;3;5;-3,762898;-40,104366;"SPRF-CE";"DEL04-CE";"UOP03-DEL04-CE"
189439;2018-10-29;"segunda-feira";"07:00:00";"PE";104;67,3;"CARUARU";"Não guardar distância de segurança";"Colisão traseira";"Com Vítimas Feridas";"Pleno dia";"Decrescente";"Céu Claro";"Dupla";"Reta";"Não";2;0;0;1;1;0;1;2;-8,3016;-35,9882;"SPRF-PE";"DEL02-PE";"UOP01-DEL02-PE"
189527;2018-11-15;"quinta-feira";"14:00:00";"RO";364;664;"CANDEIAS DO JAMARI";"Desobediência às normas de trânsito pelo condutor";"";"Com Vítimas Feridas";"Pleno dia";"Crescente";"Céu Claro";"Simples";"Reta";"Não";2;0;0;1;1;0;1;2;-8,78815413;-63,61222901;"SPRF-RO";"DEL01-RO";"UOP01-DEL01-RO"
189606;2018-11-02;"sexta-feira";"06:10:00";"MT";364;364,8;"SANTO ANTONIO DO LEVERGER";"Falta de Atenção à Condução";"Colisão lateral";"Com Vítimas Feridas";"Pleno dia";"Crescente";"Céu Claro";"Simples";"Reta";"Não";3;0;1;0;2;0;1;2;-15,766875;-55,655205;"SPRF-MT";"DEL02-MT";"UOP02-DEL01-MT"
189885;2018-01-26;"sexta-feira";"17:20:00";"BA";324;533;"CONCEICAO DO JACUIPE";"Falta de Atenção à Condução";"Colisão lateral";"Sem Vítimas";"Pleno dia";"Decrescente";"Céu Claro";"Dupla";"Reta";"Não";4;0;0;0;2;4;0;6;-12,36053848;-38,82478774;"SPRF-BA";"DEL01-BA";"UOP01-DEL01-BA"
190518;2018-02-22;"quinta-feira";"21:20:00";"TO";153;709,1;"CARIRI DO TOCANTINS";"Defeito Mecânico no Veículo";"Colisão lateral";"Sem Vítimas";"Plena Noite";"Decrescente";"Nublado";"Dupla";"Aclive;Reta";"Não";4;0;0;0;3;2;0;4;-12,03260505;-49,19935226;"SPRF-TO";"DEL02-TO";"UOP02-DEL01-TO"
190911;2018-09-18;"terça-feira";"05:20:00";"MG";40;388;"CURVELO";"Defeito Mecânico no Veículo";"Saída de leito carroçável";"Com Vítimas Feridas";"Plena Noite";"Decrescente";"Céu Claro";"Simples";"Reta";"Não";1;0;1;0;0;0;1;1;-18,922731;-44,683674;"SPRF-MG";"DEL02-MG";"UOP01-DEL02-MG"
191010;2018-12-05;"quarta-feira";"17:40:00";"PB";230;148;"CAMPINA GRANDE";"Defeito Mecânico no Veículo";"Engavetamento";"Com Vítimas Feridas";"Anoitecer";"Decrescente";"Céu Claro";"Dupla";"Viaduto";"Não";7;0;1;2;3;1;3;7;-7,238;-35,8656;"SPRF-PB";"DEL02-PB";"UOP01-DEL02-PB"
191021;2018-09-01;"sábado";"18:25:00";"CE";20;411,3;"CAUCAIA";"Ingestão de Álcool";"Colisão lateral";"Com Vítimas Fatais";"Plena Noite";"Decrescente";"Céu Claro";"Simples";"Reta;Declive";"Sim";14;1;1;4;4;4;5;7;-3,80726225;-38,63837957;"SPRF-CE";"DEL01-CE";"UOP01-DEL01-CE"
191042;2018-04-08;"domingo";"04:45:00";"DF";20;17;"BRASILIA";"Falta de Atenção à Condução";"Colisão traseira";"Sem Vítimas";"Amanhecer";"Decrescente";"Nublado";"Dupla";"Aclive";"Sim";4;0;0;0;1;3;0;4;-15,62700445;-47,70926714;"SPRF-DF";"DEL02-DF";"UOP01-DEL02-DF"