"id";"data_inversa";"dia_semana";"horario";"uf";"br";"km";"municipio";"causa_acidente";"tipo_acidente";"classificacao_acidente";"fase_dia";"sentido_via";"condicao_metereologica";"tipo_pista";"tracado_via";"uso_solo";"pessoas";"mortos";"feridos_leves";"feridos_graves";"ilesos";"ignorados";"feridos";"veiculos";"latitude";"longitude";"regional";"delegacia";"uop"
191235;2018-12-26;"quarta-feira";"00:35:00";"MS";163;493,4;"CAMPO GRANDE";"Defeito Mecânico no Veículo";"Saída de leito carroçável";"Com Vítimas Feridas";"Plena Noite";"Crescente";"Céu Claro";"Dupla";"Declive";"Não";1;0;0;1;0;0;1;1;-20,3766682;-54,5366471;"SPRF-MS";"DEL01-MS";"UOP02-DEL01-MS"
191256;2018-10-09;"terça-feira";"07:50:00";"SC";282;212,8;"LAGES";"Falta de Atenção à Condução";"Colisão transversal";"Com Vítimas Feridas";"Pleno dia";"Decrescente";"Céu Claro";"Simples";"Reta;Interseção de Vias";"Não";4;0;2;0;1;1;2;3;-27,78469185;-50,25953293;"SPRF-SC";"DEL05-SC";"UOP01-DEL05-SC"
191382;2018-11-07;"quarta-feira";"18:15:00";"RS";290;88;"PORTO ALEGRE";"Falta de Atenção à Condução";"Colisão traseira";"Com Vítimas Feridas";"Pleno dia";"Decrescente";"Céu Claro";"Múltipla";"Reta";"Não";8;0;2;0;6;0;2;7;-29,967531;-51,137264;"SPRF-RS";"DEL01-RS";"UOP01-DEL01-RS"
191594;2018-09-01;"sábado";"11:30:00";"RS";392;52;"RIO GRANDE";"Não guardar distância de segurança";"Colisão traseira";"Sem Vítimas";"Pleno dia";"Crescente";"Chuva";"Múltipla";"Reta";"Sim";3;0;0;0;2;2;0;4;-31,8924502;-52,319146;"SPRF-RS";"DEL07-RS";"UOP02-DEL07-RS"
192156;2018-12-27;"quinta-feira";"12:00:00";"BA";324;430;"RIACHAO DO JACUIPE";"Falta de Atenção à Condução";"Colisão frontal";"Com Vítimas Feridas";"Pleno dia";"Crescente";"Céu Claro";"Simples";"Aclive";"Não";3;0;2;0;1;0;2;2;-11,7704074;-39,45489764;"SPRF-BA";"DEL04-BA";"UOP02-DEL04-BA"
192172;2018-05-18;"sexta-feira";"06:55:00";"RS";116;264,6;"CANOAS";"Desobediência às normas de trânsito pelo condutor";"Colisão traseira";"Com Vítimas Feridas";"Pleno dia";"Crescente";"Chuva";"Simples";"Reta";"Sim";8;0;1;1;3;3;2;7;-29,92000462;-51,17815733;"SPRF-RS";"DEL01-RS";"UOP01-DEL01-RS"
192178;2018-11-10;"sábado";"17:40:00";"RO";364;860;"PORTO VELHO";"Não guardar distância de segurança";"Colisão traseira";"Com Vítimas Feridas";"Pleno dia";"Decrescente";"Chuva";"Simples";"Em Obras;Reta";"Não";3;0;1;0;2;0;1;2;-9,54091229;-64,83242512;"SPRF-RO";"DEL01-RO";"UOP02-DEL01-RO"
192193;2018-12-22;"sábado";"04:10:00";"SC";470;117;"IBIRAMA";"Ingestão de Álcool";"Colisão lateral";"Com Vítimas Feridas";"Amanhecer";"Crescente";"Céu Claro";"Simples";"Reta";"Não";7;0;4;1;2;0;5;3;-27,081692;-49,502277;"SPRF-SC";"DEL04-SC";"UOP02-DEL04-SC"
192327;2018-12-13;"quinta-feira";"03:20:00";"MT";364;19,1;"ALTO ARAGUAIA";"Ultrapassagem Indevida";"Colisão lateral";"Com Vítimas Feridas";"Plena Noite";"Decrescente";"Céu Claro";"Simples";"Aclive";"Não";3;0;1;0;1;1;1;3;-17,213879;-53,338802;"SPRF-MT";"DEL02-MT";"UOP02-DEL02-MT"
192434;2018-09-30;"domingo";"09:30:00";"AL";101;34;"JOAQUIM GOMES";"Velocidade Incompatível";"Tombamento";"Com Vítimas Feridas";"Pleno dia";"Crescente";"Céu Claro";"Dupla";"Curva";"Não";4;0;0;2;1;1;2;2;-9,11466382;-35,76434994;"SPRF-AL";"DEL01-AL";"UOP01-DEL01-AL"
192522;2018-11-13;"terça-feira";"19:00:00";"MG";251;218;"CACHOEIRA DE PAJEU";"Deficiência ou não Acionamento do Sistema de Iluminação/Sinalização do Veículo";"Colisão com objeto estático";"Com Vítimas Fatais";"Anoitecer";"Decrescente";"Céu Claro";"Simples";"Reta";"Não";2;1;0;0;1;0;0;2;-15,9165;-41,5896;"SPRF-MG";"DEL11-MG";"UOP02-DEL11-MG"
192528;2018-12-16;"domingo";"08:40:00";"BA";242;779,1;"BARREIRAS";"Velocidade Incompatível";"Capotamento";"Com Vítimas Fatais";"Pleno dia";"Crescente";"Céu Claro";"Simples";"Curva";"Não";2;1;0;0;0;1;0;2;-12,14271815;-44,88430023;"SPRF-BA";"DEL10-BA";"UOP01-DEL10-BA"
192849;2018-12-21;"sexta-feira";"04:10:00";"SP";116;278;"EMBU DAS ARTES";"Condutor Dormindo";"Saída de leito carroçável";"Sem Vítimas";"Plena Noite";"Decrescente";"Nublado";"Dupla";"Declive";"Não";2;0;0;0;1;1;0;2;-23,63514964;-46,82506822;"SPRF-SP";"DEL04-SP";"UOP01-DEL04-SP"
192868;2018-09-05;"quarta-feira";"21:45:00";"PR";376;279,8;"MARILANDIA DO SUL";"Falta de Atenção do Pedestre";"Atropelamento de Pedestre";"Com Vítimas Fatais";"Plena Noite";"Decrescente";"Nublado";"Simples";"Reta";"Não";3;1;0;0;0;2;0;3;-23,815277;-51,266109;"SPRF-PR";"DEL07-PR";"UOP02-DEL07-PR"
193510;2018-07-24;"terça-feira";"23:10:00";"MG";381;943;"EXTREMA";"Desobediência às normas de trânsito pelo condutor";"Colisão frontal";"Com Vítimas Fatais";"Plena Noite";"Decrescente";"Céu Claro";"Dupla";"Reta";"Não";3;2;0;0;1;0;0;2;-22,8463;-46,3322;"SPRF-MG";"DEL16-MG";"UOP03-DEL16-MG"
193712;2018-11-12;"segunda-feira";"23:30:00";"ES";101;3,7;"PEDRO CANARIO";"Velocidade Incompatível";"Tombamento";"Com Vítimas Fatais";"Plena Noite";"Crescente";"Nublado";"Simples";"Declive;Curva";"Não";2;1;0;0;0;1;0;2;-18,200079;-39,92942;"SPRF-ES";"DEL04-ES";"UOP02-DEL04-ES"
193795;2018-11-05;"segunda-feira";"22:40:00";"SP";116;23;"LAVRINHAS";"Defeito Mecânico no Veículo";"Colisão traseira";"Sem Vítimas";"Plena Noite";"Decrescente";"Nublado";"Dupla";"Declive";"Não";3;0;0;0;2;2;0;4;-22,589794;-44,885368;"SPRF-SP";"DEL08-SP";"UOP02-DEL08-SP"
193866;2018-11-20;"terça-feira";"17:30:00";"SP";116;62,6;"GUARATINGUETA";"Pista Escorregadia";"Colisão traseira";"Com Vítimas Feridas";"Pleno dia";"Decrescente";"Chuva";"Dupla";"Reta";"Sim";4;0;1;0;3;0;1;4;-22,805473;-45,172436;"SPRF-SP";"DEL08-SP";"UOP01-DEL08-SP"
193907;2018-12-23;"domingo";"22:50:00";"PR";376;466,6;"PONTA GROSSA";"Pista Escorregadia";"Tombamento";"Sem Vítimas";"Plena Noite";"Crescente";"Céu Claro";"Dupla";"Curva";"Não";2;0;0;0;1;1;0;2;-24,93003082;-50,40561676;"SPRF-PR";"DEL03-PR";"UOP01-DEL03-PR"
194101;2018-11-27;"terça-feira";"10:40:00";"RS";290;48,5;"GLORINHA";"Falta de Atenção à Condução";"Colisão traseira";"Com Vítimas Feridas";"Pleno dia";"Decrescente";"Céu Claro";"Dupla";"Reta";"Não";2;0;1;0;1;0;1;2;-29,8986;-50,739178;"SPRF-RS";"DEL03-RS";"UOP02-DEL03-RS"
195545;2018-11-24;"sábado";"13:30:00";"AL";101;190;"JUNQUEIRO";"Defeito Mecânico no Veículo";"Colisão traseira";"Sem Vítimas";"Pleno dia";"Crescente";"Céu Claro";"Simples";"Reta";"Sim";4;0;0;0;4;0;0;2;-9,90850831;-36,46971703;"SPRF-AL";"DEL02-AL";"UOP02-DEL02-AL"
195615;2018-10-13;"sábado";"01:30:00";"PA";316;37;"SANTA IZABEL DO PARA";"Falta de Atenção à Condução";"Colisão traseira";"Com Vítimas Feridas";"Plena Noite";"Decrescente";"Céu Claro";"Dupla";"Reta";"Sim";4;0;0;1;1;2;1;3;-1,285225;-48,148689;"SPRF-PA";"DEL01-PA";"UOP01-DEL01-PA"
196371;2018-10-25;"quinta-feira";"12:35:00";"MT";70;607;"POCONE";"Velocidade Incompatível";"Colisão lateral";"Com Vítimas Feridas";"Pleno dia";"Crescente";"Chuva";"Simples";"Curva";"Não";4;0;0;2;1;1;2;3;-15,7945661;-56,68224335;"SPRF-MT";"DEL03-MT";"UOP02-DEL03-MT"
196581;2018-03-07;"quarta-feira";"21:10:00";"AL";423;101;"DELMIRO GOUVEIA";"Falta de Atenção à Condução";"Colisão frontal";"Com Vítimas Fatais";"Plena Noite";"Decrescente";"Ignorado";"Simples";"Reta";"Não";2;1;0;0;1;0;0;2;-9,394478;-38,16552;"SPRF-BA";"DEL07-BA";"UOP01-DEL07-BA"
196705;2018-12-21;"sexta-feira";"17:00:00";"SC";101;336,4;"TUBARAO";"Falta de Atenção à Condução";"Colisão com objeto estático";"Com Vítimas Feridas";"Pleno dia";"Crescente";"Garoa/Chuvisco";"Dupla";"Interseção de Vias;Aclive";"Sim";3;0;0;1;1;1;1;3;-28,4791;-49,0338;"SPRF-SC";"DEL02-SC";"UOP01-DEL02-SC"
196817;2018-12-20;"quinta-feira";"03:50:00";"MG";381;719,5;"CARMO DA CACHOEIRA";"Condutor Dormindo";"Saída de leito carroçável";"Com Vítimas Feridas";"Plena Noite";"Crescente";"Ignorado";"Dupla";"Curva";"Não";1;0;1;0;0;0;1;1;-21,4253;-45,2122;"SPRF-MG";"DEL04-MG";"UOP02-DEL04-MG"
197059;2018-11-08;"quinta-feira";"06:30:00";"MG";40;564,4;"NOVA LIMA";"Falta de Atenção à Condução";"Colisão lateral";"Com Vítimas Fatais";"Pleno dia";"Decrescente";"Chuva";"Simples";"Reta";"Não";11;1;0;4;3;3;4;8;-20,16804158;-43,96548271;"SPRF-MG";"DEL01-MG";"UOP02-DEL01-MG"
197957;2018-12-20;"quinta-feira";"18:30:00";"PA";316;80;"SAO FRANCISCO DO PARA";"Ingestão de Álcool";"Colisão lateral";"Sem Vítimas";"Anoitecer";"Crescente";"Céu Claro";"Simples";"Reta";"Não";2;0;0;0;2;0;0;2;-1,30406;-47,779755;"SPRF-PA";"DEL01-PA";"UOP01-DEL01-PA"
198316;2018-08-19;"domingo";"23:00:00";"PE";407;119,4;"PETROLINA";"Desobediência às normas de trânsito pelo condutor";"Colisão frontal";"Com Vítimas Fatais";"Plena Noite";"Decrescente";"Ignorado";"Simples";"Interseção de Vias";"Não";2;1;0;0;1;0;0;2;-9,33626814;-40,56221008;"SPRF-PE";"DEL06-PE";"UOP02-DEL06-PE"
198371;2018-11-09;"sexta-feira";"11:15:00";"MG";116;504,2;"INHAPIM";"Pista Escorregadia";"Colisão frontal";"Com Vítimas Fatais";"Pleno dia";"Decrescente";"Chuva";"Simples";"Curva";"Não";3;1;0;1;1;0;1;2;-19,58279;-42,114399;"SPRF-MG";"DEL06-MG";"UOP02-DEL06-MG"
199234;2018-12-11;"terça-feira";"06:30:00";"TO";153;355,6;"FORTALEZA DO TABOCAO";"Falta de Atenção à Condução";"Colisão frontal";"Com Vítimas Fatais";"Pleno dia";"Crescente";"Céu Claro";"Simples";"Curva";"Não";3;2;0;0;0;1;0;3;-9,023086;-48,503078;"SPRF-TO";"DEL02-TO";"UOP02-DEL02-TO"
199282;2018-12-07;"sexta-feira";"11:55:00";"MG";40;442,5;"PARAOPEBA";"Pista Escorregadia";"Colisão traseira";"Com Vítimas Feridas";"Pleno dia";"Crescente";"Chuva";"Dupla";"Declive";"Não";4;0;0;2;1;1;2;3;-19,2886;-44,4089;"SPRF-MG";"DEL02-MG";"UOP01-DEL02-MG"
199647;2018-10-15;"segunda-feira";"11:15:00";"BA";324;604;"SIMOES FILHO";"Não guardar distância de segurança";"Queda de ocupante de veículo";"Com Vítimas Feridas";"Pleno dia";"Decrescente";"Céu Claro";"Múltipla";"Reta;Aclive";"Não";3;0;2;0;1;0;2;2;-12,7989017;-38,402889;"SPRF-BA";"DEL01-BA";"UOP01-DEL01-BA"
199961;2018-11-19;"segunda-feira";"22:25:00";"RS";290;10,8;"OSORIO";"Falta de Atenção do Pedestre";"Atropelamento de Pedestre";"Com Vítimas Feridas";"Plena Noite";"Crescente";"Céu Claro";"Dupla";"Curva";"Não";2;0;0;1;0;1;1;2;-29,891388;-50,373714;"SPRF-RS";"DEL03-RS";"UOP02-DEL03-RS"
200014;2018-10-18;"quinta-feira";"20:45:00";"MG";381;554,8;"ITAGUARA";"Falta de Atenção do Pedestre";"Atropelamento de Pedestre";"Com Vítimas Fatais";"Plena Noite";"Crescente";"Nublado";"Dupla";"Reta";"Não";4;1;0;0;2;1;0;4;-20,3355;-44,4469;"SPRF-MG";"DEL04-MG";"UOP03-DEL04-MG"
200542;2018-07-02;"segunda-feira";"09:50:00";"MA";135;7;"SAO LUIS";"Desobediência às normas de trânsito pelo condutor";"Colisão com objeto em movimento";"Com Vítimas Fatais";"Pleno dia";"Crescente";"Nublado";"Dupla";"Rotatória;Reta;Declive";"Sim";3;1;0;1;1;0;1;2;-2,64065948;-44,27159464;"SPRF-MA";"DEL01-MA";"UOP01-DEL01-MA"
201530;2018-11-12;"segunda-feira";"04:30:00";"SE";101;187,3;"UMBAUBA";"Desobediência às normas de trânsito pelo condutor";"Colisão frontal";"Com Vítimas Feridas";"Amanhecer";"Decrescente";"Nublado";"Simples";"Aclive;Curva";"Não";5;0;2;1;1;1;3;3;-11,40296612;-37,68731117;"SPRF-SE";"DEL02-SE";"UOP03-DEL02-SE"
201821;2018-12-01;"sábado";"04:50:00";"SP";116;361;"MIRACATU";"Condutor Dormindo";"Saída de leito carroçável";"Com Vítimas Feridas";"Amanhecer";"Decrescente";"Garoa/Chuvisco";"Dupla";"Aclive;Curva";"Não";2;0;1;0;0;1;1;2;-24,11886936;-47,26594646;"SPRF-SP";"DEL04-SP";"UOP03-DEL04-SP"
202043;2018-12-27;"quinta-feira";"10:30:00";"ES";101;383,3;"RIO NOVO DO SUL";"Condutor Dormindo";"Colisão frontal";"Com Vítimas Feridas";"Pleno dia";"Crescente";"Nublado";"Simples";"Curva";"Não";4;0;2;1;0;1;3;3;-20,82759408;-40,85632151;"SPRF-ES";"DEL03-ES";"UOP01-DEL03-ES"
202879;2018-12-17;"segunda-feira";"03:30:00";"MG";381;218,4;"BELO ORIENTE";"Falta de Atenção à Condução";"Colisão traseira";"Com Vítimas Fatais";"Plena Noite";"Decrescente";"Céu Claro";"Simples";"Reta";"Não";5;2;2;1;0;0;3;2;-19,3243;-42,4169;"SPRF-MG";"DEL06-MG";"UOP01-DEL06-MG"
203028;2018-12-15;"sábado";"10:00:00";"TO";153;641;"ALIANCA DO TOCANTINS";"Velocidade Incompatível";"Colisão traseira";"Com Vítimas Feridas";"Pleno dia";"Decrescente";"Céu Claro";"Simples";"Ponte";"Não";7;0;4;0;2;3;4;9;-11,4568;-48,992893;"SPRF-TO";"DEL02-TO";"UOP02-DEL01-TO"
203681;2018-12-28;"sexta-feira";"18:00:00";"MG";381;364;"SAO GONCALO DO RIO ABAIXO";"Desobediência às normas de trânsito pelo condutor";"Colisão com objeto estático";"Sem Vítimas";"Pleno dia";"Crescente";"Nublado";"Simples";"Reta;Declive";"Não";3;0;0;0;2;1;0;3;-19,85301768;-43,21766507;"SPRF-MG";"DEL03-MG";"UOP01-DEL03-MG"
203985;2018-12-01;"sábado";"20:30:00";"BA";101;403;"IBIRAPITANGA";"Fenômenos da Natureza";"Colisão lateral";"Com Vítimas Feridas";"Plena Noite";"Decrescente";"Chuva";"Simples";"Curva";"Sim";4;0;1;0;1;3;1;4;-14,0139;-39,4361;"SPRF-BA";"DEL05-BA";"UOP03-DEL05-BA"
204906;2018-10-27;"sábado";"05:10:00";"MG";50;183,8;"UBERABA";"Ingestão de Álcool";"Colisão traseira";"Com Vítimas Feridas";"Amanhecer";"Decrescente";"Céu Claro";"Dupla";"Reta";"Sim";6;0;4;0;1;2;4;4;-19,8081;-47,9017;"SPRF-MG";"DEL13-MG";"UOP01-DEL13-MG"
205220;2018-11-07;"quarta-feira";"20:40:00";"GO";40;93,3;"CRISTALINA";"Falta de Atenção à Condução";"Colisão traseira";"Sem Vítimas";"Plena Noite";"Decrescente";"Chuva";"Dupla";"Reta";"Não";3;0;0;0;1;2;0;3;-16,73888983;-47,61777163;"SPRF-DF";"DEL01-DF";"UOP02-DEL01-DF"
205482;2018-10-16;"terça-feira";"15:20:00";"TO";153;313;"GUARAI";"Condutor Dormindo";"Colisão frontal";"Com Vítimas Fatais";"Pleno dia";"Crescente";"Garoa/Chuvisco";"Simples";"Reta";"Não";4;2;0;0;1;1;0;3;-8,648874;-48,492428;"SPRF-TO";"DEL02-TO";"UOP02-DEL02-TO"
205696;2018-12-16;"domingo";"06:30:00";"GO";20;206;"POSSE";"Falta de Atenção à Condução";"Colisão traseira";"Com Vítimas Feridas";"Amanhecer";"Decrescente";"Céu Claro";"Simples";"Curva";"Não";7;0;4;0;2;2;4;4;-14,285869;-46,410671;"SPRF-DF";"DEL02-DF";"UOP03-DEL02-DF"
205707;2018-11-25;"domingo";"15:52:00";"MT";70;509;"CUIABA";"Falta de Atenção à Condução";"Colisão frontal";"Com Vítimas Fatais";"Pleno dia";"Crescente";"Nublado";"Simples";"Reta";"Não";7;1;2;0;3;5;2;10;-15,696936;-56,08723;"SPRF-MT";"DEL02-MT";"UOP02-DEL01-MT"
206087;2018-11-08;"quinta-feira";"16:12:00";"SP";116;362;"MIRACATU";"Falta de Atenção à Condução";"Tombamento";"Com Vítimas Feridas";"Pleno dia";"Crescente";"Chuva";"Dupla";"Curva";"Não";14;0;1;1;0;12;2;13;-24,12817069;-47,27199465;"SPRF-SP";"DEL04-SP";"UOP03-DEL04-SP"
206784;2018-11-07;"quarta-feira";"17:35:00";"SP";116;63;"APARECIDA";"Não guardar distância de segurança";"Colisão traseira";"Sem Vítimas";"Pleno dia";"Decrescente";"Chuva";"Dupla";"Curva";"Não";3;0;0;0;3;0;0;3;-22,81760394;-45,18174648;"SPRF-SP";"DEL08-SP";"UOP01-DEL08-SP"
206792;2018-11-22;"quinta-feira";"18:35:00";"CE";222;306;"TIANGUA";"Pista Escorregadia";"Colisão lateral";"Com Vítimas Feridas";"Plena Noite";"Crescente";"Chuva";"Simples";"Curva";"Não";3;0;1;0;1;2;1;4;-3,674755;-40,967972;"SPRF-CE";"DEL04-CE";"UOP02-DEL04-CE"
206848;2018-12-14;"sexta-feira";"03:50:00";"CE";116;6,7;"FORTALEZA";"Falta de Atenção do Pedestre";"Atropelamento de Pedestre";"Com Vítimas Fatais";"Amanhecer";"Crescente";"Nublado";"Múltipla";"Reta";"Sim";2;1;0;0;1;0;0;2;-3,8126;-38,5007;"SPRF-CE";"DEL01-CE";"UOP02-DEL01-CE"
207081;2018-11-01;"quinta-feira";"00:20:00";"MG";153;51;"MONTE ALEGRE DE MINAS";"Velocidade Incompatível";"Saída de leito carroçável";"Com Vítimas Feridas";"Plena Noite";"Decrescente";"Chuva";"Dupla";"Curva";"Não";2;0;1;1;0;0;2;1;-18,8375;-49,0918;"SPRF-MG";"DEL15-MG";"UOP03-DEL15-MG"
208892;2018-07-02;"segunda-feira";"17:15:00";"MT";70;521;"VARZEA GRANDE";"Falta de Atenção à Condução";"Colisão lateral";"Com Vítimas Feridas";"Anoitecer";"Crescente";"Ignorado";"Simples";"Rotatória";"Sim";3;0;0;1;2;0;1;2;-15,66799873;-56,18202209;"SPRF-MT";"DEL01-MT";"DEL2/4-UOP02/MT"
209281;2018-11-04;"domingo";"18:58:00";"SE";101;11,8;"CEDRO DE SAO JOAO";"Ultrapassagem Indevida";"Colisão lateral";"Com Vítimas Feridas";"Plena Noite";"Decrescente";"Céu Claro";"Simples";"Declive";"Não";9;0;1;5;2;1;6;6;-10,28768;-36,878616;"SPRF-SE";"DEL02-SE";"UOP02-DEL02-SE"
209446;2018-04-30;"segunda-feira";"06:25:00";"GO";60;78;"ANAPOLIS";"Defeito Mecânico no Veículo";"Incêndio";"Sem Vítimas";"Pleno dia";"Decrescente";"Céu Claro";"Dupla";"Reta;Aclive";"Não";1;0;0;0;1;0;0;1;-16,2967;-48,8039;"SPRF-GO";"DEL02-GO";"UOP01-DEL02-GO"
209677;2018-04-07;"sábado";"03:50:00";"PA";316;8,9;"ANANINDEUA";"Falta de Atenção à Condução";"Colisão com objeto estático";"Com Vítimas Feridas";"Plena Noite";"Crescente";"Chuva";"Dupla";"Reta";"Sim";3;0;1;0;2;0;1;3;-1,362102;-48,3688931;"SPRF-PA";"DEL01-PA";"DEL19/1-UOP05/PA"
209808;2018-12-03;"segunda-feira";"00:10:00";"PB";361;50;"CATINGUEIRA";"Animais na Pista";"Atropelamento de Animal";"Com Vítimas Fatais";"Plena Noite";"Decrescente";"Céu Claro";"Simples";"Reta";"Não";8;4;1;2;1;0;3;3;-7,1541436;-37,65210986;"SPRF-PB";"DEL03-PB";"UOP01-DEL03-PB"
210687;2018-09-15;"sábado";"09:20:00";"MA";316;235;"BOM JARDIM";"Falta de Atenção à Condução";"Colisão lateral";"Com Vítimas Feridas";"Pleno dia";"Crescente";"Sol";"Simples";"Declive";"Não";10;0;7;1;2;0;8;3;-3,567083;-45,579624;"SPRF-MA";"DEL02-MA";"UI04-DEL02-MA"
210908;2018-09-08;"sábado";"15:15:00";"SC";282;34,9;"AGUAS MORNAS";"Defeito Mecânico no Veículo";"Colisão frontal";"Com Vítimas Feridas";"Pleno dia";"Crescente";"Céu Claro";"Simples";"Curva";"Não";3;0;0;1;1;1;1;3;-27,70444657;-48,81729841;"SPRF-SC";"DEL01-SC";"UOP03-DEL01-SC"
211053;2018-11-09;"sexta-feira";"22:00:00";"PR";153;356,2;"REBOUCAS";"Ingestão de Álcool";"Colisão frontal";"Com Vítimas Fatais";"Plena Noite";"Crescente";"Céu Claro";"Simples";"Reta";"Não";9;5;0;1;2;1;1;3;-25,609055;-50,699764;"SPRF-PR";"DEL03-PR";"UOP02-DEL08-PR"
211093;2018-12-01;"sábado";"10:00:00";"SE";235;73,1;"FREI PAULO";"Não guardar distância de segurança";"Engavetamento";"Com Vítimas Feridas";"Pleno dia";"Crescente";"Nublado";"Simples";"Reta";"Sim";6;0;2;0;4;0;2;3;-10,54587429;-37,53657907;"SPRF-SE";"DEL01-SE";"UOP02-DEL01-SE"
211638;2018-11-01;"quinta-feira";"08:40:00";"PE";101;50;"ABREU E LIMA";"Falta de Atenção à Condução";"Tombamento";"Com Vítimas Feridas";"Pleno dia";"Decrescente";"Ignorado";"Múltipla";"Reta";"Sim";2;0;1;0;1;0;1;2;-7,9148;-34,8984;"SPRF-PE";"DEL01-PE";"UOP02-DEL01-PE"
212185;2018-11-24;"sábado";"10:45:00";"PR";163;300;"MERCEDES";"Pista Escorregadia";"Colisão frontal";"Com Vítimas Feridas";"Pleno dia";"Decrescente";"Chuva";"Simples";"Reta";"Não";4;0;1;0;1;3;1;5;-24,4722;-54,1412;"SPRF-PR";"DEL06-PR";"UOP02-DEL06-PR"
212238;2018-11-10;"sábado";"06:15:00";"PR";277;577,9;"CASCAVEL";"Falta de Atenção à Condução";"Colisão traseira";"Com Vítimas Feridas";"Amanhecer";"Crescente";"Céu Claro";"Simples";"Reta";"Sim";22;0;13;6;1;2;19;4;-24,98337397;-53,35297823;"SPRF-PR";"DEL04-PR";"UOP01-DEL04-PR"
212242;2018-11-30;"sexta-feira";"21:50:00";"PR";376;343,7;"ORTIGUEIRA";"Velocidade Incompatível";"Saída de leito carroçável";"Com Vítimas Feridas";"Plena Noite";"Crescente";"Céu Claro";"Simples";"Curva;Declive";"Não";2;0;1;0;0;1;1;2;-24,16265902;-50,9701252;"SPRF-PR";"DEL07-PR";"UOP02-DEL07-PR"
212323;2018-10-06;"sábado";"05:20:00";"PR";376;548;"PALMEIRA";"Condutor Dormindo";"Colisão frontal";"Com Vítimas Feridas";"Plena Noite";"Decrescente";"Nublado";"Dupla";"Reta";"Não";4;0;0;2;1;2;2;4;-25,39614171;-49,79415894;"SPRF-PR";"DEL01-PR";"UOP06-DEL01-PR"
212476;2018-11-29;"quinta-feira";"15:25:00";"BA";116;656;"JEQUIE";"Velocidade Incompatível";"Colisão lateral";"Com Vítimas Feridas";"Pleno dia";"Decrescente";"Céu Claro";"Simples";"Curva";"Não";5;0;1;0;2;2;1;4;-13,71492849;-40,09519262;"SPRF-BA";"DEL03-BA";"UOP01-DEL03-BA"
213528;2018-01-03;"quarta-feira";"07:00:00";"BA";101;690;"EUNAPOLIS";"Velocidade Incompatível";"Colisão lateral";"Com Vítimas Feridas";"Pleno dia";"Decrescente";"Nublado";"Simples";"Reta";"Não";9;0;7;1;1;0;8;3;-16,3731;-39,5751;"SPRF-BA";"DEL09-BA";"UOP01-DEL09-BA"
213529;2018-02-03;"sábado";"15:35:00";"RO";364;432;"JARU";"Ultrapassagem Indevida";"Colisão frontal";"Com Vítimas Feridas";"Pleno dia";"Decrescente";"Chuva";"Simples";"Reta";"Não";4;0;1;2;0;2;3;4;-10,400407;-62,525169;"SPRF-RO";"DEL03-RO";"UOP02-DEL03-RO"
213886;2018-06-27;"quarta-feira";"16:20:00";"BA";101;110;"ALAGOINHAS";"Velocidade Incompatível";"Saída de leito carroçável";"Com Vítimas Fatais";"Pleno dia";"Decrescente";"Nublado";"Simples";"Reta";"Sim";4;3;0;0;0;1;0;2;-12,15977763;-38,41163099;"SPRF-BA";"DEL01-BA";"UOP04-DEL01-BA"
214822;2018-09-06;"quinta-feira";"05:15:00";"CE";116;65,5;"CHOROZINHO";"Desobediência às normas de trânsito pelo condutor";"Colisão traseira";"Com Vítimas Fatais";"Amanhecer";"Crescente";"Céu Claro";"Simples";"Reta";"Sim";2;1;0;0;0;1;0;2;-4,29904448;-38,5016942;"SPRF-CE";"DEL03-CE";"UOP02-DEL03-CE"
215364;2018-11-11;"domingo";"23:30:00";"GO";70;431;"ARAGARCAS";"Deficiência ou não Acionamento do Sistema de Iluminação/Sinalização do Veículo";"Colisão traseira";"Com Vítimas Fatais";"Plena Noite";"Crescente";"Céu Claro";"Simples";"Ponte";"Não";3;2;0;0;0;1;0;2;-15,89030659;-51,85220718;"SPRF-GO";"DEL04-GO";"UOP01-DEL04-GO"
216344;2018-03-27;"terça-feira";"00:17:00";"PB";101;41,9;"MAMANGUAPE";"Velocidade Incompatível";"Tombamento";"Com Vítimas Feridas";"Plena Noite";"Decrescente";"Céu Claro";"Dupla";"Curva";"Não";1;0;1;0;0;0;1;1;-6,855681;-35,134446;"SPRF-PB";"DEL01-PB";"UOP04-DEL01-PB"
216716;2018-10-13;"sábado";"23:00:00";"MT";364;349;"SANTO ANTONIO DO LEVERGER";"Falta de Atenção à Condução";"Saída de leito carroçável";"Com Vítimas Fatais";"Plena Noite";"Crescente";"Chuva";"Dupla";"Curva;Declive";"Não";1;1;0;0;0;0;0;1;-15,80502622;-55,5546431;"SPRF-MT";"DEL02-MT";"UOP02-DEL01-MT"
216864;2018-08-11;"sábado";"21:10:00";"PR";163;273;"QUATRO PONTES";"Falta de Atenção à Condução";"Colisão frontal";"Com Vítimas Fatais";"Plena Noite";"Decrescente";"Céu Claro";"Simples";"Reta";"Não";4;1;0;1;1;1;1;4;-24,61131227;-53,95393252;"SPRF-PR";"DEL04-PR";"UOP01-DEL04-PR"
218379;2018-12-20;"quinta-feira";"16:30:00";"GO";60;10;"ALEXANIA";"Pista Escorregadia";"Colisão traseira";"Com Vítimas Feridas";"Pleno dia";"Crescente";"Chuva";"Dupla";"Curva";"Não";3;0;0;1;1;1;1;3;-16,094168;-48,517212;"SPRF-DF";"DEL01-DF";"UOP01-DEL03-DF"