"id";"data_inversa";"dia_semana";"horario";"uf";"br";"km";"municipio";"causa_acidente";"tipo_acidente";"classificacao_acidente";"fase_dia";"sentido_via";"condicao_metereologica";"tipo_pista";"tracado_via";"uso_solo";"pessoas";"mortos";"feridos_leves";"feridos_graves";"ilesos";"ignorados";"feridos";"veiculos";"latitude";"longitude";"regional";"delegacia";"uop"
105920;2018-01-24;"quarta-feira";"19:00:00";"CE";222;319,1;"TIANGUA";"Não guardar distância de segurança";"Colisão traseira";"Com Vítimas Fatais";"Plena Noite";"Crescente";"Chuva";"Simples";"Reta";"Não";3;1;0;0;1;1;0;3;-3,76463904;-41,03150841;"SPRF-CE";"DEL04-CE";"UOP02-DEL04-CE"
105993;2018-01-25;"quinta-feira";"06:40:00";"PI";343;601,5;"FLORIANO";"Desobediência às normas de trânsito pelo condutor";"Colisão transversal";"Com Vítimas Feridas";"Pleno dia";"Crescente";"Céu Claro";"Simples";"Reta";"Sim";3;0;0;1;1;1;1;3;-6,83759161;-43,08379825;"SPRF-PI";"DEL03-PI";"UOP01-DEL03-PI"
106010;2018-01-25;"quinta-feira";"08:55:00";"SC";101;20;"JOINVILLE";"Defeito Mecânico no Veículo";"Tombamento";"Sem Vítimas";"Pleno dia";"Decrescente";"Nublado";"Dupla";"Reta";"Não";2;0;0;0;1;1;0;2;-26,1487;-48,9091;"SPRF-SC";"DEL03-SC";"UOP01-DEL03-SC"
106193;2018-01-26;"sexta-feira";"06:05:00";"SC";101;24,5;"JOINVILLE";"Falta de Atenção à Condução";"Colisão transversal";"Sem Vítimas";"Amanhecer";"Crescente";"Nublado";"Simples";"Reta";"Sim";3;0;0;0;2;1;0;3;-26,17930676;-48,90900231;"SPRF-SC";"DEL03-SC";"UOP01-DEL03-SC"
106336;2018-01-26;"sexta-feira";"16:50:00";"SC";101;229;"PALHOCA";"Carga excessiva e/ou mal acondicionada";"Saída de leito carroçável";"Sem Vítimas";"Pleno dia";"Decrescente";"Céu Claro";"Múltipla";"Reta";"Sim";4;0;0;0;3;1;0;2;-27,7768;-48,6346;"SPRF-SC";"DEL01-SC";"UOP02-DEL01-SC"
106462;2018-01-27;"sábado";"05:00:00";"RN";304;306;"PARNAMIRIM";"Condutor Dormindo";"Colisão com objeto estático";"Com Vítimas Feridas";"Amanhecer";"Decrescente";"Céu Claro";"Dupla";"Reta";"Sim";2;0;1;0;0;1;1;2;-5,88782322;-35,27205298;"SPRF-RN";"DEL01-RN";"UOP02-DEL01-RN"
106519;2018-01-27;"sábado";"11:00:00";"MG";40;743,8;"SANTOS DUMONT";"Velocidade Incompatível";"Colisão com objeto estático";"Sem Vítimas";"Pleno dia";"Decrescente";"Nublado";"Simples";"Curva";"Não";2;0;0;0;1;1;0;2;-21,44318652;-43,55773977;"SPRF-MG";"DEL05-MG";"UOP01-DEL05-MG"
106633;2018-01-27;"sábado";"17:00:00";"MG";40;520;"CONTAGEM";"Ingestão de Álcool";"Colisão lateral";"Sem Vítimas";"Pleno dia";"Crescente";"Céu Claro";"Dupla";"Reta";"Não";3;0;0;0;2;1;0;3;-19,8604;-44,0712;"SPRF-MG";"DEL01-MG";"UOP03-DEL01-MG"
106797;2018-01-28;"domingo";"10:30:00";"PA";316;166,8;"SANTA LUZIA DO PARA";"Objeto estático sobre o leito carroçável";"Colisão lateral";"Com Vítimas Feridas";"Pleno dia";"Crescente";"Céu Claro";"Simples";"Reta";"Não";3;0;1;0;1;1;1;3;-1,32510769;-47,07675934;"SPRF-PA";"DEL01-PA";"UOP03-DEL01-PA"
106898;2018-01-28;"domingo";"20:00:00";"MG";251;516,3;"MONTES CLAROS";"Falta de Atenção à Condução";"Colisão frontal";"Com Vítimas Feridas";"Plena Noite";"Crescente";"Nublado";"Simples";"Reta";"Não";3;0;0;1;1;1;1;3;-16,6599;-43,747;"SPRF-MG";"DEL12-MG";"UOP01-DEL12-MG"
107179;2018-01-29;"segunda-feira";"18:20:00";"PE";232;4;"RECIFE";"Não guardar distância de segurança";"Engavetamento";"Sem Vítimas";"Plena Noite";"Crescente";"Céu Claro";"Múltipla";"Viaduto";"Não";5;0;0;0;4;1;0;5;-8,066848;-34,942496;"SPRF-PE";"DEL01-PE";"UOP01-DEL01-PE"
107183;2018-01-29;"segunda-feira";"18:05:00";"PE";232;407,2;"SERRA TALHADA";"Restrição de Visibilidade";"Colisão lateral";"Com Vítimas Feridas";"Anoitecer";"Crescente";"Céu Claro";"Simples";"Declive";"Não";3;0;1;0;1;1;1;3;-7,98560643;-38,27104568;"SPRF-PE";"DEL04-PE";"UOP01-DEL04-PE"
107757;2018-02-01;"quinta-feira";"06:00:00";"GO";153;580,4;"PROFESSOR JAMIL";"Defeito na Via";"Colisão com objeto estático";"Sem Vítimas";"Amanhecer";"Crescente";"Chuva";"Dupla";"Reta";"Não";3;0;0;0;2;1;0;2;-17,38174117;-49,23585946;"SPRF-GO";"DEL03-GO";"UOP01-DEL03-GO"
108676;2018-02-04;"domingo";"15:30:00";"SC";101;148,8;"ITAPEMA";"Não guardar distância de segurança";"Colisão traseira";"Com Vítimas Feridas";"Pleno dia";"Decrescente";"Céu Claro";"Dupla";"Reta";"Sim";5;0;2;0;2;1;2;4;-27,10276957;-48,61691337;"SPRF-SC";"DEL04-SC";"UOP03-DEL04-SC"
108699;2018-02-04;"domingo";"19:00:00";"PR";116;94;"SAO JOSE DOS PINHAIS";"Velocidade Incompatível";"Colisão com objeto estático";"Sem Vítimas";"Anoitecer";"Decrescente";"Céu Claro";"Dupla";"Aclive;Reta";"Não";2;0;0;0;1;1;0;2;-25,521356;-49,13527597;"SPRF-PR";"DEL01-PR";"UOP07-DEL01-PR"
109201;2018-02-06;"terça-feira";"17:25:00";"GO";60;101,7;"ANAPOLIS";"Falta de Atenção à Condução";"Colisão lateral";"Com Vítimas Feridas";"Pleno dia";"Decrescente";"Céu Claro";"Múltipla";"Reta";"Sim";3;0;1;0;1;1;1;3;-16,404396;-48,97981;"SPRF-GO";"DEL02-GO";"UOP01-DEL02-GO"
109390;2018-02-07;"quarta-feira";"16:40:00";"ES";101;147,3;"LINHARES";"Desobediência às normas de trânsito pelo condutor";"Colisão lateral";"Com Vítimas Feridas";"Pleno dia";"Decrescente";"Nublado";"Múltipla";"Interseção de Vias";"Sim";3;0;1;0;1;1;1;3;-19,38231303;-40,06670952;"SPRF-ES";"DEL04-ES";"UOP01-DEL04-ES"
109719;2018-02-08;"quinta-feira";"19:00:00";"PI";135;352;"BOM JESUS";"Falta de Atenção à Condução";"Colisão transversal";"Com Vítimas Feridas";"Plena Noite";"Crescente";"Nublado";"Simples";"Reta";"Não";3;0;0;1;1;1;1;3;-9,075311;-44,354767;"SPRF-PI";"DEL03-PI";"UOP02-DEL03-PI"
109951;2018-02-09;"sexta-feira";"17:20:00";"PE";232;40,8;"VITORIA DE SANTO ANTAO";"Falta de Atenção à Condução";"Colisão traseira";"Com Vítimas Feridas";"Anoitecer";"Crescente";"Céu Claro";"Dupla";"Reta";"Não";4;0;1;0;2;1;1;3;-8,11398878;-35,24164842;"SPRF-PE";"DEL01-PE";"UOP02-DEL02PE"
110211;2018-02-10;"sábado";"12:00:00";"MG";364;22,2;"FRUTAL";"Defeito na Via";"Saída de leito carroçável";"Sem Vítimas";"Pleno dia";"Decrescente";"Nublado";"Simples";"Ponte";"Não";3;0;0;0;2;1;0;2;-20,05980125;-48,81637573;"SPRF-MG";"DEL13-MG";"UOP02-DEL13-MG"
110909;2018-02-13;"terça-feira";"00:30:00";"MG";116;470;"TARUMIRIM";"Velocidade Incompatível";"Capotamento";"Com Vítimas Feridas";"Plena Noite";"Crescente";"Nublado";"Simples";"Curva";"Não";2;0;0;1;0;1;1;2;-19,281307;-42,007023;"SPRF-MG";"DEL06-MG";"UOP02-DEL06-MG"
110964;2018-02-13;"terça-feira";"11:20:00";"PR";116;2;"CAMPINA GRANDE DO SUL";"Velocidade Incompatível";"Colisão com objeto estático";"Com Vítimas Feridas";"Pleno dia";"Crescente";"Chuva";"Dupla";"Curva";"Não";3;0;2;0;0;1;2;2;-25,066042;-48,578686;"SPRF-PR";"DEL01-PR";"UOP02-DEL01-PR"
111089;2018-02-13;"terça-feira";"20:40:00";"GO";60;10,8;"SANTO ANTONIO DO DESCOBERTO";"Defeito Mecânico no Veículo";"Saída de leito carroçável";"Com Vítimas Feridas";"Plena Noite";"Decrescente";"Céu Claro";"Dupla";"Reta";"Não";2;0;1;0;0;1;1;2;-16,11632718;-48,32194436;"SPRF-DF";"DEL01-DF";"UOP01-DEL03-DF"
112216;2018-02-18;"domingo";"23:00:00";"MG";267;64,1;"BICAS";"Não guardar distância de segurança";"Colisão lateral";"Com Vítimas Fatais";"Plena Noite";"Crescente";"Nublado";"Simples";"Reta";"Não";4;1;0;0;2;1;0;3;-21,74060601;-43,11096311;"SPRF-MG";"DEL05-MG";"UOP01-DEL05-MG"
112239;2018-02-19;"segunda-feira";"02:30:00";"SP";116;138,4;"SAO JOSE DOS CAMPOS";"Falta de Atenção à Condução";"Saída de leito carroçável";"Sem Vítimas";"Plena Noite";"Decrescente";"Nublado";"Dupla";"Reta";"Sim";2;0;0;0;1;1;0;2;-23,15900387;-45,7989753;"SPRF-SP";"DEL06-SP";"UOP02-DEL02-SP"
112303;2018-02-19;"segunda-feira";"09:30:00";"RN";406;168,4;"SAO GONCALO DO AMARANTE";"Não guardar distância de segurança";"Colisão traseira";"Sem Vítimas";"Pleno dia";"Crescente";"Céu Claro";"Dupla";"Reta";"Sim";3;0;0;0;2;1;0;3;-5,7485111;-35,326534;"SPRF-RN";"DEL02-RN";"UOP01-DEL02-RN"
112440;2018-02-19;"segunda-feira";"17:00:00";"GO";20;141,6;"FLORES DE GOIAS";"Pista Escorregadia";"Capotamento";"Com Vítimas Feridas";"Pleno dia";"Decrescente";"Chuva";"Dupla";"Reta";"Não";2;0;1;0;0;1;1;2;-14,764977;-46,678886;"SPRF-DF";"DEL02-DF";"UOP03-DEL02-DF"
112473;2018-02-20;"terça-feira";"02:00:00";"PR";376;547,7;"PALMEIRA";"Falta de Atenção à Condução";"Capotamento";"Sem Vítimas";"Plena Noite";"Crescente";"Céu Claro";"Dupla";"Reta";"Não";2;0;0;0;1;1;0;2;-25,4115026;-49,7797754;"SPRF-PR";"DEL01-PR";"UOP06-DEL01-PR"
112625;2018-02-20;"terça-feira";"18:40:00";"RS";290;56,9;"GLORINHA";"Velocidade Incompatível";"Saída de leito carroçável";"Com Vítimas Feridas";"Anoitecer";"Crescente";"Chuva";"Múltipla";"Reta";"Não";3;0;1;0;1;1;1;2;-29,91831363;-50,82723886;"SPRF-RS";"DEL03-RS";"UOP02-DEL03-RS"
112890;2018-02-21;"quarta-feira";"16:00:00";"RJ";356;102;"CARDOSO MOREIRA";"Falta de Atenção à Condução";"Colisão transversal";"Com Vítimas Feridas";"Pleno dia";"Crescente";"Céu Claro";"Simples";"Reta";"Não";4;0;1;0;2;1;1;3;-21,488817;-41,615913;"SPRF-RJ";"DEL08-RJ";"UOP03-DEL08-RJ"
113116;2018-02-22;"quinta-feira";"15:32:00";"PR";116;13;"COLOMBO";"Velocidade Incompatível";"Capotamento";"Sem Vítimas";"Pleno dia";"Crescente";"Sol";"Dupla";"Reta";"Sim";2;0;0;0;1;1;0;2;-25,37836034;-49,1560024;"SPRF-PR";"DEL01-PR";"UOP02-DEL01-PR"
113435;2018-02-23;"sexta-feira";"16:20:00";"RN";406;145;"CEARA-MIRIM";"Defeito Mecânico no Veículo";"Colisão com objeto em movimento";"Com Vítimas Feridas";"Pleno dia";"Crescente";"Céu Claro";"Simples";"Aclive";"Não";4;0;2;0;0;2;2;3;-5,64443523;-35,47416687;"SPRF-RN";"DEL02-RN";"UOP01-DEL02-RN"
113666;2018-02-24;"sábado";"13:00:00";"MG";262;589,5;"CAMPOS ALTOS";"Velocidade Incompatível";"Capotamento";"Sem Vítimas";"Pleno dia";"Crescente";"Chuva";"Simples";"Curva";"Não";2;0;0;0;1;1;0;2;-19,696579;-46,171776;"SPRF-MG";"DEL08-MG";"UOP02-DEL08-MG"
113753;2018-02-24;"sábado";"20:00:00";"GO";60;39,5;"APARECIDA DE GOIANIA";"Falta de Atenção à Condução";"Colisão com objeto estático";"Sem Vítimas";"Plena Noite";"Decrescente";"Nublado";"Dupla";"Reta";"Sim";3;0;0;0;2;1;0;3;-16,75852286;-49,33273315;"SPRF-GO";"DEL01-GO";"UOP03-DEL01-GO"
113826;2018-02-25;"domingo";"01:00:00";"BA";116;645;"JAGUAQUARA";"Desobediência às normas de trânsito pelo condutor";"Colisão lateral";"Com Vítimas Feridas";"Plena Noite";"Crescente";"Ignorado";"Simples";"Reta";"Não";5;0;1;0;2;2;1;3;-13,63981455;-40,09357452;"SPRF-BA";"DEL03-BA";"UOP01-DEL03-BA"
115176;2018-03-02;"sexta-feira";"09:45:00";"SE";101;98,9;"SAO CRISTOVAO";"Falta de Atenção à Condução";"Colisão com objeto estático";"Sem Vítimas";"Pleno dia";"Decrescente";"Nublado";"Dupla";"Aclive;Reta";"Não";2;0;0;0;1;1;0;2;-10,9314339;-37,1868736;"SPRF-SE";"DEL02-SE";"UOP01-DEL02-SE"
115215;2018-03-02;"sexta-feira";"11:30:00";"MT";163;842;"SINOP";"Falta de Atenção à Condução";"Colisão transversal";"Com Vítimas Feridas";"Pleno dia";"Decrescente";"Céu Claro";"Simples";"Reta";"Sim";3;0;1;0;1;1;1;3;-11,79270733;-55,47271729;"SPRF-MT";"DEL06-MT";"UOP02-DEL06-MT"
115343;2018-03-02;"sexta-feira";"20:45:00";"PR";277;391,9;"CANDOI";"Deficiência ou não Acionamento do Sistema de Iluminação/Sinalização do Veículo";"Colisão transversal";"Com Vítimas Feridas";"Plena Noite";"Crescente";"Nublado";"Simples";"Reta";"Não";4;0;0;1;1;2;1;4;-25,446881;-51,896368;"SPRF-PR";"DEL03-PR";"UOP01-DEL08-PR"
115369;2018-03-02;"sexta-feira";"19:30:00";"SC";280;110,6;"SAO BENTO DO SUL";"Falta de Atenção à Condução";"Colisão frontal";"Com Vítimas Feridas";"Plena Noite";"Crescente";"Chuva";"Simples";"Curva";"Não";3;0;2;0;0;1;2;3;-26,31463739;-49,38974032;"SPRF-SC";"DEL06-SC";"UOP03-DEL06-SC"
115446;2018-03-03;"sábado";"06:30:00";"MT";158;715,4;"BARRA DO GARCAS";"Falta de Atenção à Condução";"Saída de leito carroçável";"Com Vítimas Feridas";"Amanhecer";"Decrescente";"Céu Claro";"Simples";"Reta";"Não";3;0;1;0;1;1;1;2;-14,9885661;-52,26196289;"SPRF-MT";"DEL07-MT";"UOP01-DEL07-MT"
116121;2018-03-05;"segunda-feira";"18:05:00";"PR";153;147,2;"VENTANIA";"Defeito na Via";"Saída de leito carroçável";"Sem Vítimas";"Anoitecer";"Decrescente";"Céu Claro";"Simples";"Declive";"Não";2;0;0;0;1;1;0;2;-24,1805836;-50,21140337;"SPRF-PR";"DEL07-PR";"DEL7/7-UOP08/PR"
116228;2018-03-06;"terça-feira";"09:40:00";"SC";282;30,8;"SANTO AMARO DA IMPERATRIZ";"Falta de Atenção à Condução";"Colisão transversal";"Sem Vítimas";"Pleno dia";"Decrescente";"Céu Claro";"Simples";"Curva";"Não";7;0;0;0;6;1;0;3;-27,69568827;-48,79328191;"SPRF-SC";"DEL01-SC";"UOP03-DEL01-SC"
116353;2018-03-06;"terça-feira";"20:50:00";"SC";470;76,3;"INDAIAL";"Carga excessiva e/ou mal acondicionada";"Saída de leito carroçável";"Com Vítimas Feridas";"Plena Noite";"Decrescente";"Nublado";"Simples";"Reta";"Sim";2;0;1;0;0;1;1;2;-26,91855433;-49,2816022;"SPRF-SC";"DEL04-SC";"UOP01-DEL04-SC"
116858;2018-03-09;"sexta-feira";"06:50:00";"RS";116;257;"ESTEIO";"Não guardar distância de segurança";"Engavetamento";"Sem Vítimas";"Pleno dia";"Crescente";"Céu Claro";"Dupla";"Reta";"Sim";4;0;0;0;3;1;0;4;-29,852671;-51,179691;"SPRF-RS";"DEL01-RS";"UOP02-DEL01-RS"
116940;2018-01-06;"sábado";"03:00:00";"PB";230;23,1;"JOAO PESSOA";"Falta de Atenção à Condução";"Colisão traseira";"Com Vítimas Feridas";"Plena Noite";"Crescente";"Nublado";"Dupla";"Reta";"Sim";3;0;1;0;0;2;1;3;-7,1569502;-34,85784012;"SPRF-PB";"DEL01-PB";"UOP01-DEL01-PB"
117003;2018-03-09;"sexta-feira";"16:45:00";"SC";470;140,4;"RIO DO SUL";"Falta de Atenção à Condução";"Colisão frontal";"Com Vítimas Feridas";"Pleno dia";"Crescente";"Céu Claro";"Simples";"Reta";"Sim";3;0;0;1;1;1;1;3;-27,19598575;-49,62710291;"SPRF-SC";"DEL04-SC";"UOP02-DEL04-SC"
117191;2018-03-10;"sábado";"10:40:00";"GO";414;439,3;"ANAPOLIS";"Desobediência às normas de trânsito pelo condutor";"Colisão transversal";"Com Vítimas Feridas";"Pleno dia";"Crescente";"Céu Claro";"Simples";"Reta";"Sim";4;0;1;0;1;2;1;4;-16,277618;-48,941555;"SPRF-GO";"DEL02-GO";"UOP01-DEL02-GO"
118352;2018-03-15;"quinta-feira";"07:30:00";"MG";116;522,4;"CARATINGA";"Falta de Atenção à Condução";"Colisão transversal";"Com Vítimas Feridas";"Pleno dia";"Crescente";"Céu Claro";"Simples";"Reta";"Não";4;0;1;0;2;1;1;3;-19,73980377;-42,1323967;"SPRF-MG";"DEL06-MG";"UOP02-DEL06-MG"
118366;2018-03-15;"quinta-feira";"08:50:00";"BA";101;219;"CRUZ DAS ALMAS";"Defeito Mecânico no Veículo";"Tombamento";"Sem Vítimas";"Pleno dia";"Crescente";"Céu Claro";"Simples";"Reta";"Sim";2;0;0;0;1;1;0;2;-12,6751761;-39,12574768;"SPRF-BA";"DEL01-BA";"UOP03-DEL01-BA"
118789;2018-03-16;"sexta-feira";"17:30:00";"SC";101;445;"SANTA ROSA DO SUL";"Falta de Atenção à Condução";"Colisão lateral";"Com Vítimas Feridas";"Pleno dia";"Crescente";"Céu Claro";"Simples";"Reta";"Sim";4;0;1;0;1;2;1;4;-29,1456;-49,7224;"SPRF-SC";"DEL02-SC";"UOP02-DEL02-SC"
118860;2018-03-17;"sábado";"05:30:00";"SC";470;53;"BLUMENAU";"Ingestão de Álcool";"Colisão frontal";"Com Vítimas Feridas";"Plena Noite";"Crescente";"Céu Claro";"Simples";"Reta";"Não";7;0;5;0;1;1;5;4;-26,867121;-49,102066;"SPRF-SC";"DEL04-SC";"UOP01-DEL04-SC"
119405;2018-03-16;"sexta-feira";"03:30:00";"PR";376;387;"IMBAU";"Falta de Atenção à Condução";"Saída de leito carroçável";"Sem Vítimas";"Plena Noite";"Crescente";"Nublado";"Dupla";"Reta;Retorno Regulamentado";"Não";2;0;0;0;1;1;0;2;-24,42611276;-50,7685628;"SPRF-PR";"DEL03-PR";"UOP02-DEL03-PR"
119701;2018-03-20;"terça-feira";"16:30:00";"RO";364;695;"PORTO VELHO";"Falta de Atenção à Condução";"Saída de leito carroçável";"Com Vítimas Feridas";"Pleno dia";"Crescente";"Nublado";"Simples";"Curva";"Não";4;0;1;0;2;1;1;2;-9,674507;-65,44786;"SPRF-RO";"DEL01-RO";"UOP01-DEL01-RO"
119916;2018-03-21;"quarta-feira";"17:20:00";"SC";470;146,3;"RIO DO SUL";"Desobediência às normas de trânsito pelo condutor";"Colisão traseira";"Com Vítimas Feridas";"Pleno dia";"Crescente";"Céu Claro";"Simples";"Reta";"Sim";4;0;1;0;2;1;1;4;-27,22946145;-49,66909021;"SPRF-SC";"DEL04-SC";"UOP02-DEL04-SC"
120646;2018-03-24;"sábado";"17:00:00";"GO";70;437,1;"ARAGARCAS";"Falta de Atenção à Condução";"Saída de leito carroçável";"Com Vítimas Feridas";"Pleno dia";"Crescente";"Sol";"Simples";"Reta";"Não";3;0;2;0;0;1;2;2;-15,9151116;-52,00996399;"SPRF-GO";"DEL04-GO";"UOP01-DEL04-GO"
121090;2018-03-26;"segunda-feira";"07:55:00";"SC";282;20;"PALHOCA";"Desobediência às normas de trânsito pelo condutor";"Colisão frontal";"Com Vítimas Fatais";"Pleno dia";"Crescente";"Chuva";"Simples";"Reta";"Sim";3;1;0;0;1;1;0;3;-27,68393;-48,71014;"SPRF-SC";"DEL01-SC";"UOP02-DEL01-SC"
121484;2018-03-28;"quarta-feira";"06:15:00";"SC";101;146;"ITAPEMA";"Velocidade Incompatível";"Capotamento";"Com Vítimas Feridas";"Pleno dia";"Crescente";"Céu Claro";"Dupla";"Reta";"Sim";3;0;2;0;0;1;2;2;-27,0918;-48,6168;"SPRF-SC";"DEL04-SC";"UOP03-DEL04-SC"
121516;2018-03-18;"domingo";"13:30:00";"BA";101;270;"SANTO ANTONIO DE JESUS";"Avarias e/ou desgaste excessivo no pneu";"Tombamento";"Sem Vítimas";"Pleno dia";"Crescente";"Céu Claro";"Simples";"Reta";"Não";2;0;0;0;1;1;0;2;-13,0257;-39,2903;"SPRF-BA";"DEL01-BA";"UOP02-DEL01-BA"
121575;2018-03-28;"quarta-feira";"13:00:00";"PR";376;348,5;"ORTIGUEIRA";"Falta de Atenção do Pedestre";"Atropelamento de Pedestre";"Com Vítimas Feridas";"Pleno dia";"Crescente";"Céu Claro";"Simples";"Ponte";"Não";3;0;0;1;1;1;1;3;-24,19530311;-50,95659077;"SPRF-PR";"DEL07-PR";"UOP02-DEL07-PR"
122328;2018-03-31;"sábado";"17:45:00";"PR";376;154;"MANDAGUACU";"Velocidade Incompatível";"Colisão traseira";"Com Vítimas Feridas";"Anoitecer";"Crescente";"Nublado";"Simples";"Aclive;Curva";"Sim";8;0;1;1;5;1;2;3;-23,333043;-52,111565;"SPRF-PR";"DEL07-PR";"UOP01-DEL09-PR"
123201;2018-04-04;"quarta-feira";"18:19:00";"SP";101;44,3;"UBATUBA";"Falta de Atenção à Condução";"Colisão lateral";"Com Vítimas Feridas";"Plena Noite";"Crescente";"Chuva";"Simples";"Curva";"Não";4;0;1;0;2;1;1;3;-23,410126;-45,064526;"SPRF-SP";"DEL06-SP";"UOP01-DEL06-SP"
124678;2018-04-08;"domingo";"15:20:00";"AP";210;95,1;"FERREIRA GOMES";"Pista Escorregadia";"Tombamento";"Sem Vítimas";"Pleno dia";"Crescente";"Garoa/Chuvisco";"Simples";"Curva";"Não";3;0;0;0;2;1;0;2;0,62539423;-51,26244709;"SPRF-AP";"DEL01-AP";"UOP01-DEL01-AP"
127361;2018-04-12;"quinta-feira";"15:20:00";"GO";153;506;"APARECIDA DE GOIANIA";"Carga excessiva e/ou mal acondicionada";"Colisão com objeto estático";"Sem Vítimas";"Pleno dia";"Crescente";"Nublado";"Dupla";"Declive";"Sim";2;0;0;0;1;1;0;2;-16,7633;-49,24;"SPRF-GO";"DEL01-GO";"UOP01-DEL01-GO"
128090;2018-04-15;"domingo";"16:30:00";"MG";40;464,3;"SETE LAGOAS";"Falta de Atenção à Condução";"Engavetamento";"Com Vítimas Feridas";"Pleno dia";"Crescente";"Chuva";"Dupla";"Curva";"Não";5;0;2;0;2;1;2;4;-19,432;-44,336;"SPRF-MG";"DEL02-MG";"UOP01-DEL02-MG"
128399;2018-04-16;"segunda-feira";"21:50:00";"SC";101;145;"ITAPEMA";"Falta de Atenção do Pedestre";"Colisão com objeto estático";"Sem Vítimas";"Plena Noite";"Decrescente";"Nublado";"Dupla";"Reta";"Não";2;0;0;0;1;1;0;2;-27,0868;-48,6095;"SPRF-SC";"DEL04-SC";"UOP03-DEL04-SC"
128766;2018-04-18;"quarta-feira";"18:40:00";"MS";262;474,1;"ANASTACIO";"Carga excessiva e/ou mal acondicionada";"Colisão frontal";"Com Vítimas Feridas";"Plena Noite";"Crescente";"Céu Claro";"Simples";"Declive";"Não";11;0;6;0;4;1;6;3;-20,50678208;-55,69999695;"SPRF-MS";"DEL03-MS";"UOP01-DEL03-MS"
129104;2018-04-20;"sexta-feira";"16:00:00";"PB";230;50;"SANTA RITA";"Avarias e/ou desgaste excessivo no pneu";"Colisão lateral";"Sem Vítimas";"Pleno dia";"Crescente";"Nublado";"Dupla";"Reta";"Não";8;0;0;0;7;1;0;3;-7,1862557;-35,0569077;"SPRF-PB";"DEL01-PB";"UOP03-DEL01-PB"
129917;2018-04-22;"domingo";"19:30:00";"RO";435;114;"COLORADO DO OESTE";"Defeito Mecânico no Veículo";"Colisão com objeto em movimento";"Com Vítimas Feridas";"Plena Noite";"Decrescente";"Céu Claro";"Simples";"Curva";"Não";3;0;1;0;1;1;1;3;-13,19339297;-60,64058304;"SPRF-RO";"DEL04-RO";"UOP02-DEL04-RO"
130540;2018-04-27;"sexta-feira";"10:30:00";"RO";364;578,5;"ITAPUA DO OESTE";"Falta de Atenção à Condução";"Colisão traseira";"Sem Vítimas";"Pleno dia";"Crescente";"Sol";"Simples";"Curva";"Não";3;0;0;0;2;1;0;2;-9,41104464;-63,1230855;"SPRF-RO";"DEL03-RO";"UOP04-DEL01-RO"
131046;2018-04-29;"domingo";"18:20:00";"RS";290;111;"ELDORADO DO SUL";"Não guardar distância de segurança";"Colisão lateral";"Com Vítimas Feridas";"Anoitecer";"Decrescente";"Céu Claro";"Dupla";"Reta";"Não";3;0;1;0;1;1;1;3;-30,040455;-51,329193;"SPRF-RS";"DEL02-RS";"UOP01-DEL02-RS"
131553;2018-05-02;"quarta-feira";"11:00:00";"SC";101;163,8;"TIJUCAS";"Defeito Mecânico no Veículo";"Danos eventuais";"Com Vítimas Feridas";"Pleno dia";"Crescente";"Garoa/Chuvisco";"Dupla";"Reta";"Sim";3;0;1;0;1;1;1;3;-27,2414;-48,6306;"SPRF-SC";"DEL04-SC";"UOP03-DEL04-SC"
131634;2018-05-02;"quarta-feira";"18:45:00";"SC";101;150;"ITAPEMA";"Não guardar distância de segurança";"Colisão lateral";"Com Vítimas Feridas";"Pleno dia";"Decrescente";"Céu Claro";"Dupla";"Reta";"Sim";2;0;1;0;0;1;1;2;-27,1267;-48,6095;"SPRF-SC";"DEL04-SC";"UOP03-DEL04-SC"
132034;2018-05-04;"sexta-feira";"19:00:00";"BA";324;384,2;"GAVIAO";"Desobediência às normas de trânsito pelo condutor";"Colisão frontal";"Sem Vítimas";"Plena Noite";"Crescente";"Céu Claro";"Simples";"Aclive";"Não";7;0;0;0;6;1;0;3;-11,48406207;-39,76776123;"SPRF-BA";"DEL04-BA";"UOP02-DEL04-BA"
132301;2018-05-05;"sábado";"23:50:00";"SC";101;211;"PALHOCA";"Falta de Atenção à Condução";"Colisão traseira";"Com Vítimas Feridas";"Plena Noite";"Crescente";"Nublado";"Múltipla";"Reta";"Sim";3;0;1;0;1;1;1;3;-27,6301;-48,659;"SPRF-SC";"DEL01-SC";"UOP02-DEL01-SC"
132461;2018-05-06;"domingo";"19:15:00";"SC";101;221;"PALHOCA";"Falta de Atenção à Condução";"Colisão traseira";"Com Vítimas Feridas";"Plena Noite";"Crescente";"Chuva";"Dupla";"Reta";"Sim";6;0;1;0;4;1;1;3;-27,7096;-48,6544;"SPRF-SC";"DEL01-SC";"UOP02-DEL01-SC"
132545;2018-05-07;"segunda-feira";"07:00:00";"GO";40;28,6;"LUZIANIA";"Defeito Mecânico no Veículo";"Capotamento";"Com Vítimas Feridas";"Pleno dia";"Crescente";"Céu Claro";"Dupla";"Reta";"Não";4;0;3;0;0;1;3;2;-16,272278;-47,874528;"SPRF-DF";"DEL01-DF";"UOP01-DEL01-DF"
133292;2018-05-10;"quinta-feira";"17:20:00";"MT";70;2;"BARRA DO GARCAS";"Falta de Atenção à Condução";"Colisão lateral";"Com Vítimas Feridas";"Anoitecer";"Decrescente";"Céu Claro";"Simples";"Reta";"Sim";4;0;1;0;2;1;1;4;-15,887496;-52,268105;"SPRF-MT";"DEL07-MT";"UOP01-DEL07-MT"