"id";"data_inversa";"dia_semana";"horario";"uf";"br";"km";"municipio";"causa_acidente";"tipo_acidente";"classificacao_acidente";"fase_dia";"sentido_via";"condicao_metereologica";"tipo_pista";"tracado_via";"uso_solo";"pessoas";"mortos";"feridos_leves";"feridos_graves";"ilesos";"ignorados";"feridos";"veiculos";"latitude";"longitude";"regional";"delegacia";"uop"
133417;2018-05-11;"sexta-feira";"09:45:00";"GO";158;208,7;"CAIAPONIA";"Defeito na Via";"Capotamento";"Com Vítimas Feridas";"Pleno dia";"Crescente";"Céu Claro";"Simples";"Reta";"Não";4;0;2;0;1;1;2;2;-17,06486689;-51,85856938;"SPRF-GO";"DEL05-GO";"UOP01-DEL05-GO"
133504;2018-05-11;"sexta-feira";"17:20:00";"SC";101;213;"PALHOCA";"Defeito Mecânico no Veículo";"Atropelamento de Pedestre";"Com Vítimas Feridas";"Anoitecer";"Crescente";"Céu Claro";"Múltipla";"Reta";"Não";3;0;1;0;1;1;1;3;-27,6446;-48,6705;"SPRF-SC";"DEL01-SC";"UOP02-DEL01-SC"
133593;2018-05-11;"sexta-feira";"20:30:00";"SC";116;70,9;"MONTE CASTELO";"Ultrapassagem Indevida";"Colisão lateral";"Com Vítimas Feridas";"Plena Noite";"Crescente";"Céu Claro";"Simples";"Reta";"Sim";9;0;5;0;3;1;5;5;-26,47641214;-50,23223877;"SPRF-SC";"DEL06-SC";"UOP02-DEL06-SC"
133877;2018-05-13;"domingo";"05:45:00";"SC";101;41,4;"JOINVILLE";"Ingestão de Álcool";"Colisão traseira";"Com Vítimas Feridas";"Plena Noite";"Crescente";"Nublado";"Dupla";"Reta";"Sim";4;0;1;0;2;1;1;3;-26,324;-48,8672;"SPRF-SC";"DEL03-SC";"UOP01-DEL03-SC"
134047;2018-05-13;"domingo";"13:30:00";"GO";20;46;"FORMOSA";"Ultrapassagem Indevida";"Colisão lateral";"Sem Vítimas";"Pleno dia";"Decrescente";"Céu Claro";"Simples";"Reta";"Não";9;0;0;0;8;1;0;3;-15,359612;-47,111183;"SPRF-DF";"DEL02-DF";"UOP01-DEL02-DF"
134281;2018-05-14;"segunda-feira";"13:00:00";"PI";135;308;"CRISTINO CASTRO";"Avarias e/ou desgaste excessivo no pneu";"Saída de leito carroçável";"Com Vítimas Feridas";"Pleno dia";"Decrescente";"Céu Claro";"Simples";"Reta";"Não";19;0;14;0;4;1;14;2;-8,760485;-44,166405;"SPRF-PI";"DEL03-PI";"UOP02-DEL03-PI"
134630;2018-05-16;"quarta-feira";"08:20:00";"GO";50;268,9;"CATALAO";"Falta de Atenção à Condução";"Colisão traseira";"Com Vítimas Feridas";"Pleno dia";"Decrescente";"Sol";"Simples";"Reta";"Não";3;0;0;1;1;1;1;3;-18,0944;-47,8761;"SPRF-GO";"DEL06-GO";"UOP01-DEL06-GO"
135036;2018-05-18;"sexta-feira";"10:00:00";"CE";116;12,5;"FORTALEZA";"Falta de Atenção à Condução";"Tombamento";"Sem Vítimas";"Pleno dia";"Crescente";"Céu Claro";"Múltipla";"Reta";"Sim";2;0;0;0;1;1;0;2;-3,8643;-38,4976;"SPRF-CE";"DEL01-CE";"UOP02-DEL01-CE"
135131;2018-05-18;"sexta-feira";"15:30:00";"RS";101;56,8;"MAQUINE";"Defeito Mecânico no Veículo";"Saída de leito carroçável";"Sem Vítimas";"Pleno dia";"Decrescente";"Chuva";"Dupla";"Reta";"Não";2;0;0;0;1;1;0;2;-29,65665636;-50,12658656;"SPRF-RS";"DEL03-RS";"UOP01-DEL03-RS"
135165;2018-05-18;"sexta-feira";"18:00:00";"SP";153;219,8;"MARILIA";"Defeito Mecânico no Veículo";"Tombamento";"Com Vítimas Feridas";"Plena Noite";"Crescente";"Céu Claro";"Simples";"Reta";"Não";4;0;2;0;1;1;2;3;-21,99016847;-49,91466522;"SPRF-SP";"DEL07-SP";"UOP02-DEL07-SP"
135288;2018-05-19;"sábado";"14:45:00";"BA";418;86;"CARAVELAS";"Falta de Atenção à Condução";"Colisão com objeto em movimento";"Com Vítimas Feridas";"Pleno dia";"Crescente";"Céu Claro";"Simples";"Retorno Regulamentado";"Não";3;0;0;1;1;1;1;3;-17,734264;-39,553185;"SPRF-BA";"DEL09-BA";"UOP02-DEL09-BA"
136666;2018-05-28;"segunda-feira";"13:15:00";"PB";230;320,6;"SAO MAMEDE";"Falta de Atenção à Condução";"Saída de leito carroçável";"Com Vítimas Feridas";"Pleno dia";"Crescente";"Céu Claro";"Simples";"Reta";"Não";2;0;1;0;0;1;1;2;-6,96732313;-37,146492;"SPRF-PB";"DEL03-PB";"UOP01-DEL03-PB"
137305;2018-06-02;"sábado";"00:20:00";"PR";277;102,5;"CAMPO LARGO";"Falta de Atenção à Condução";"Colisão traseira";"Com Vítimas Feridas";"Plena Noite";"Crescente";"Nublado";"Dupla";"Reta";"Sim";3;0;0;1;1;1;1;3;-25,42833439;-49,39042026;"SPRF-PR";"DEL01-PR";"UOP06-DEL01-PR"
138661;2018-05-22;"terça-feira";"06:55:00";"RS";386;341;"LAJEADO";"Desobediência às normas de trânsito pelo condutor";"Colisão frontal";"Com Vítimas Feridas";"Pleno dia";"Decrescente";"Céu Claro";"Simples";"Reta";"Sim";4;0;0;1;1;2;1;4;-29,43461738;-52,00407386;"SPRF-RS";"DEL04-RS";"UOP01-DEL04-RS"
138712;2018-06-08;"sexta-feira";"16:00:00";"PR";376;186;"SARANDI";"Defeito Mecânico no Veículo";"Capotamento";"Sem Vítimas";"Pleno dia";"Crescente";"Céu Claro";"Simples";"Reta";"Não";3;0;0;0;2;1;0;3;-23,441591;-51,870674;"SPRF-PR";"DEL07-PR";"UOP01-DEL09-PR"
138713;2018-06-08;"sexta-feira";"15:10:00";"SC";101;260;"GAROPABA";"Velocidade Incompatível";"Colisão com objeto estático";"Com Vítimas Feridas";"Pleno dia";"Crescente";"Céu Claro";"Simples";"Reta";"Não";2;0;1;0;0;1;1;2;-28,0242009;-48,70307922;"SPRF-SC";"DEL02-SC";"UOP03-DEL02-SC"
138830;2018-06-09;"sábado";"04:00:00";"RN";101;74;"SAO GONCALO DO AMARANTE";"Carga excessiva e/ou mal acondicionada";"Capotamento";"Sem Vítimas";"Amanhecer";"Decrescente";"Nublado";"Simples";"Reta";"Não";2;0;0;0;0;3;0;3;-5,71264;-35,27139;"SPRF-RN";"DEL02-RN";"UOP01-DEL02-RN"
138922;2018-06-09;"sábado";"14:00:00";"SP";101;39,2;"UBATUBA";"Desobediência às normas de trânsito pelo condutor";"Colisão transversal";"Com Vítimas Feridas";"Pleno dia";"Decrescente";"Nublado";"Simples";"Curva";"Sim";3;0;0;1;1;1;1;3;-23,41324088;-45,03059864;"SPRF-SP";"DEL06-SP";"UOP01-DEL06-SP"
139423;2018-06-11;"segunda-feira";"10:30:00";"CE";116;390,8;"ICO";"Velocidade Incompatível";"Colisão lateral";"Com Vítimas Feridas";"Pleno dia";"Decrescente";"Céu Claro";"Simples";"Declive";"Não";4;0;0;2;1;1;2;3;-6,405386;-38,84573;"SPRF-CE";"DEL05-CE";"UOP01-DEL05-CE"
139503;2018-06-11;"segunda-feira";"17:00:00";"MA";222;626;"ACAILANDIA";"Velocidade Incompatível";"Tombamento";"Com Vítimas Feridas";"Pleno dia";"Decrescente";"Céu Claro";"Simples";"Curva";"Não";2;0;1;0;0;1;1;2;-4,80910163;-47,31528282;"SPRF-MA";"DEL04-MA";"UOP03-DEL04-MA"
139784;2018-05-23;"quarta-feira";"23:00:00";"RS";392;63;"PELOTAS";"Falta de Atenção à Condução";"Colisão transversal";"Com Vítimas Feridas";"Plena Noite";"Crescente";"Céu Claro";"Simples";"Reta";"Não";3;0;1;0;1;1;1;3;-31,6177166;-52,3096842;"SPRF-RS";"DEL07-RS";"UOP01-DEL07-RS"
140398;2018-06-15;"sexta-feira";"20:15:00";"MG";40;629,2;"CONSELHEIRO LAFAIETE";"Falta de Atenção à Condução";"Colisão traseira";"Com Vítimas Feridas";"Plena Noite";"Crescente";"Céu Claro";"Simples";"Reta";"Sim";5;0;0;1;3;1;1;5;-20,65460608;-43,80826235;"SPRF-MG";"DEL05-MG";"UOP02-DEL05-MG"
140628;2018-06-16;"sábado";"18:05:00";"GO";153;330,9;"RIANAPOLIS";"Desobediência às normas de trânsito pelo condutor";"Tombamento";"Sem Vítimas";"Anoitecer";"Crescente";"Céu Claro";"Simples";"Curva";"Não";3;0;0;0;2;1;0;2;-15,526102;-49,461861;"SPRF-GO";"DEL02-GO";"UOP02-DEL02-GO"
141151;2018-05-31;"quinta-feira";"03:00:00";"SC";101;31;"JOINVILLE";"Falta de Atenção à Condução";"Colisão traseira";"Com Vítimas Feridas";"Plena Noite";"Decrescente";"Nublado";"Dupla";"Reta";"Sim";4;0;2;0;1;1;2;3;-26,23414455;-48,91623937;"SPRF-SC";"DEL03-SC";"UOP01-DEL03-SC"
142204;2018-06-24;"domingo";"07:25:00";"MG";262;636,6;"IBIA";"Restrição de Visibilidade";"Atropelamento de Pedestre";"Com Vítimas Feridas";"Pleno dia";"Crescente";"Nublado";"Simples";"Reta";"Não";4;0;1;1;1;1;2;3;-19,57552528;-46,53590393;"SPRF-MG";"DEL08-MG";"UOP01-DEL08-MG"
143083;2018-06-28;"quinta-feira";"07:30:00";"PE";408;76,8;"PAUDALHO";"Falta de Atenção à Condução";"Colisão traseira";"Com Vítimas Feridas";"Pleno dia";"Crescente";"Nublado";"Dupla";"Reta";"Sim";4;0;1;0;2;1;1;3;-7,91882944;-35,1637736;"SPRF-PE";"DEL01-PE";"UOP01-DEL01-PE"
143345;2018-06-18;"segunda-feira";"15:36:00";"MS";262;529,4;"MIRANDA";"Falta de Atenção à Condução";"Colisão frontal";"Com Vítimas Fatais";"Pleno dia";"Crescente";"Céu Claro";"Simples";"Aclive";"Não";6;1;0;4;0;1;4;3;-20,35012942;-56,15466356;"SPRF-MS";"DEL03-MS";"UOP01-DEL03-MS"
143443;2018-06-29;"sexta-feira";"18:10:00";"RO";364;384,2;"OURO PRETO DO OESTE";"Desobediência às normas de trânsito pelo condutor";"Colisão transversal";"Com Vítimas Feridas";"Plena Noite";"Crescente";"Céu Claro";"Simples";"Interseção de Vias";"Sim";3;0;1;0;1;1;1;3;-10,71394364;-62,25177526;"SPRF-RO";"DEL02-RO";"UOP01-DEL02-RO"
143589;2018-06-30;"sábado";"10:20:00";"MT";163;666;"LUCAS DO RIO VERDE";"Falta de Atenção à Condução";"Saída de leito carroçável";"Com Vítimas Feridas";"Pleno dia";"Crescente";"Céu Claro";"Simples";"Reta";"Não";3;0;2;0;0;1;2;2;-13,10957388;-55,9526825;"SPRF-MT";"DEL06-MT";"UOP01-DEL06-MT"
144404;2018-07-04;"quarta-feira";"13:15:00";"MG";40;509;"RIBEIRAO DAS NEVES";"Não guardar distância de segurança";"Colisão traseira";"Com Vítimas Feridas";"Pleno dia";"Decrescente";"Céu Claro";"Dupla";"Reta";"Sim";3;0;1;0;1;1;1;3;-19,7844;-44,1152;"SPRF-MG";"DEL01-MG";"UOP03-DEL01-MG"
144448;2018-07-04;"quarta-feira";"14:50:00";"MA";10;249;"IMPERATRIZ";"Velocidade Incompatível";"Colisão traseira";"Com Vítimas Feridas";"Pleno dia";"Decrescente";"Chuva";"Simples";"Reta";"Sim";3;0;1;0;1;1;1;3;-5,547546;-47,461562;"SPRF-MA";"DEL04-MA";"UOP01-DEL04-MA"
144647;2018-07-05;"quinta-feira";"17:40:00";"PE";407;12,5;"AFRANIO";"Desobediência às normas de trânsito pelo condutor";"Colisão transversal";"Com Vítimas Fatais";"Anoitecer";"Decrescente";"Céu Claro";"Simples";"Reta";"Não";3;1;0;0;1;1;0;3;-8,509351;-41,008175;"SPRF-PE";"DEL06-PE";"UOP02-DEL06-PE"
144704;2018-07-05;"quinta-feira";"22:15:00";"RS";287;249;"SANTA MARIA";"Sinalização da via insuficiente ou inadequada";"Tombamento";"Com Vítimas Feridas";"Plena Noite";"Crescente";"Nublado";"Simples";"Em Obras";"Sim";2;0;1;0;0;1;1;2;-29,69502425;-53,85801136;"SPRF-RS";"DEL09-RS";"UOP01-DEL09-RS"
144775;2018-07-06;"sexta-feira";"08:45:00";"SP";381;34,2;"ATIBAIA";"Falta de Atenção à Condução";"Colisão traseira";"Sem Vítimas";"Pleno dia";"Crescente";"Sol";"Dupla";"Curva";"Sim";3;0;0;0;2;1;0;3;-23,08295925;-46,56989601;"SPRF-SP";"DEL03-SP";"UOP02-DEL03-SP"
144893;2018-07-06;"sexta-feira";"13:50:00";"MG";365;588;"INDIANOPOLIS";"Falta de Atenção à Condução";"Colisão traseira";"Com Vítimas Feridas";"Pleno dia";"Crescente";"Sol";"Simples";"Reta";"Não";4;0;1;0;2;1;1;3;-18,86639033;-48,00905764;"SPRF-MG";"DEL15-MG";"UOP02-DEL15-MG"
144928;2018-07-06;"sexta-feira";"19:30:00";"TO";242;374,5;"GURUPI";"Carga excessiva e/ou mal acondicionada";"Capotamento";"Com Vítimas Feridas";"Plena Noite";"Decrescente";"Céu Claro";"Simples";"Reta";"Não";6;0;4;0;1;1;4;2;-11,734175;-49,047451;"SPRF-TO";"DEL02-TO";"UOP02-DEL01-TO"
145043;2018-07-07;"sábado";"07:50:00";"SP";101;47,7;"UBATUBA";"Ingestão de Álcool";"Colisão frontal";"Com Vítimas Feridas";"Pleno dia";"Decrescente";"Sol";"Simples";"Reta";"Sim";4;0;1;0;2;1;1;3;-23,43962407;-45,0875473;"SPRF-SP";"DEL06-SP";"UOP01-DEL06-SP"
145131;2018-07-07;"sábado";"15:54:00";"RJ";116;130;"MAGE";"Ingestão de Álcool";"Colisão frontal";"Sem Vítimas";"Pleno dia";"Decrescente";"Céu Claro";"Dupla";"Reta";"Não";3;0;0;0;2;1;0;3;-22,659489;-43,116722;"SPRF-RJ";"DEL04-RJ";"UOP02-DEL04-RJ"
145348;2018-07-08;"domingo";"16:50:00";"GO";80;113,9;"VILA PROPICIO";"Ultrapassagem Indevida";"Colisão frontal";"Com Vítimas Feridas";"Anoitecer";"Decrescente";"Céu Claro";"Simples";"Declive;Curva";"Não";6;0;1;3;1;1;4;4;-15,118179;-48,838289;"SPRF-GO";"DEL07-GO";"UOP02-DEL07-GO"
146352;2018-07-13;"sexta-feira";"14:15:00";"RO";364;352;"JI-PARANA";"Condutor Dormindo";"Colisão traseira";"Sem Vítimas";"Pleno dia";"Decrescente";"Céu Claro";"Simples";"Reta";"Não";3;0;0;0;2;1;0;3;-10,833217;-62,011574;"SPRF-RO";"DEL02-RO";"UOP01-DEL02-RO"
146459;2018-07-13;"sexta-feira";"22:15:00";"GO";60;426,6;"RIO VERDE";"Animais na Pista";"Colisão com objeto estático";"Sem Vítimas";"Plena Noite";"Crescente";"Céu Claro";"Dupla";"Reta";"Não";4;0;0;0;3;1;0;2;-17,8153;-51,2939;"SPRF-GO";"DEL04-GO";"UOP01-DEL04-GO"
146820;2018-07-15;"domingo";"16:35:00";"BA";135;171;"BARREIRAS";"Falta de Atenção à Condução";"Colisão lateral";"Com Vítimas Feridas";"Pleno dia";"Crescente";"Céu Claro";"Simples";"Reta";"Não";20;0;1;0;18;1;1;3;-12,110738;-44,985418;"SPRF-BA";"DEL10-BA";"UOP01-DEL10-BA"
146954;2018-07-16;"segunda-feira";"07:10:00";"PA";316;49;"SANTA IZABEL DO PARA";"Defeito na Via";"Colisão com objeto estático";"Com Vítimas Feridas";"Pleno dia";"Decrescente";"Céu Claro";"Dupla";"Reta";"Sim";4;0;1;1;1;1;2;2;-1,3040549;-48,0444038;"SPRF-PA";"DEL01-PA";"UOP01-DEL01-PA"
147004;2018-07-16;"segunda-feira";"12:40:00";"DF";20;46;"BRASILIA";"Velocidade Incompatível";"Saída de leito carroçável";"Com Vítimas Feridas";"Pleno dia";"Crescente";"Sol";"Dupla";"Declive";"Não";3;0;2;0;0;1;2;2;-15,58120241;-47,45615604;"SPRF-DF";"DEL02-DF";"UOP01-DEL02-DF"
147930;2018-07-20;"sexta-feira";"17:30:00";"PE";424;74,8;"CAETES";"Não guardar distância de segurança";"Colisão traseira";"Com Vítimas Fatais";"Anoitecer";"Decrescente";"Nublado";"Simples";"Reta";"Não";6;1;0;1;2;2;1;4;-8,80986;-36,57646;"SPRF-PE";"DEL03-PE";"UOP01-DEL03-PE"
148091;2018-07-21;"sábado";"14:45:00";"MT";163;667;"LUCAS DO RIO VERDE";"Não guardar distância de segurança";"Colisão traseira";"Com Vítimas Feridas";"Pleno dia";"Decrescente";"Céu Claro";"Simples";"Reta";"Não";9;0;0;2;6;1;2;4;-13,27469951;-56,02615356;"SPRF-MT";"DEL06-MT";"UOP01-DEL06-MT"
149009;2018-06-24;"domingo";"19:10:00";"SP";381;41;"ATIBAIA";"Desobediência às normas de trânsito pelo condutor";"Atropelamento de Pedestre";"Com Vítimas Fatais";"Plena Noite";"Crescente";"Céu Claro";"Dupla";"Aclive";"Sim";4;1;0;0;1;2;0;3;-23,1380224;-46,57590036;"SPRF-SP";"DEL03-SP";"UOP01-DEL03-SP"
149034;2018-07-26;"quinta-feira";"13:30:00";"SC";101;210;"SAO JOSE";"Desobediência às normas de trânsito pelo condutor";"Colisão transversal";"Com Vítimas Feridas";"Pleno dia";"Decrescente";"Sol";"Múltipla";"Interseção de Vias";"Sim";4;0;1;0;2;1;1;3;-27,6235;-48,6524;"SPRF-SC";"DEL01-SC";"UOP01-DEL01-SC"
149197;2018-07-27;"sexta-feira";"11:46:00";"DF";60;30;"BRASILIA";"Defeito Mecânico no Veículo";"Colisão com objeto em movimento";"Sem Vítimas";"Pleno dia";"Crescente";"Céu Claro";"Dupla";"Reta";"Sim";4;0;0;0;3;1;0;3;-16,03854;-48,255955;"SPRF-DF";"DEL01-DF";"UOP01-DEL03-DF"
149752;2018-07-14;"sábado";"16:15:00";"BA";324;575,7;"SAO SEBASTIAO DO PASSE";"Falta de Atenção à Condução";"Colisão traseira";"Com Vítimas Feridas";"Pleno dia";"Crescente";"Sol";"Dupla";"Reta";"Não";5;0;2;0;1;2;2;3;-12,583716;-38,530729;"SPRF-BA";"DEL01-BA";"UOP01-DEL01-BA"
150221;2018-08-01;"quarta-feira";"11:05:00";"PB";230;27,5;"JOAO PESSOA";"Defeito Mecânico no Veículo";"Colisão frontal";"Sem Vítimas";"Pleno dia";"Crescente";"Céu Claro";"Dupla";"Aclive";"Sim";3;0;0;0;2;1;0;3;-7,165502;-34,89587188;"SPRF-PB";"DEL01-PB";"UOP01-DEL01-PB"
150245;2018-08-01;"quarta-feira";"13:52:00";"SC";101;205,1;"SAO JOSE";"Pista Escorregadia";"Colisão lateral";"Com Vítimas Feridas";"Pleno dia";"Decrescente";"Céu Claro";"Múltipla";"Reta";"Sim";3;0;1;0;1;1;1;3;-27,592;-48,6181;"SPRF-SC";"DEL01-SC";"UOP01-DEL01-SC"
150297;2018-08-01;"quarta-feira";"18:30:00";"SC";280;54,9;"GUARAMIRIM";"Falta de Atenção à Condução";"Colisão transversal";"Com Vítimas Feridas";"Plena Noite";"Decrescente";"Garoa/Chuvisco";"Simples";"Reta";"Não";3;0;1;0;1;1;1;3;-26,47673866;-48,99585659;"SPRF-SC";"DEL03-SC";"UOP03-DEL03-SC"
151159;2018-08-05;"domingo";"17:20:00";"ES";262;37,9;"DOMINGOS MARTINS";"Velocidade Incompatível";"Colisão frontal";"Com Vítimas Feridas";"Pleno dia";"Decrescente";"Nevoeiro/Neblina";"Simples";"Reta";"Sim";16;0;13;2;0;1;15;3;-20,38105835;-40,62005192;"SPRF-ES";"DEL01-ES";"UOP01-DEL01-ES"
151234;2018-08-05;"domingo";"21:43:00";"MG";50;51;"UBERLANDIA";"Ingestão de Álcool";"Colisão lateral";"Com Vítimas Feridas";"Plena Noite";"Decrescente";"Céu Claro";"Múltipla";"Reta";"Não";7;0;1;0;5;1;1;3;-18,74575832;-48,23222548;"SPRF-MG";"DEL15-MG";"UOP02-DEL15-MG"
151457;2018-08-07;"terça-feira";"01:50:00";"MG";116;782,6;"LEOPOLDINA";"Velocidade Incompatível";"Saída de leito carroçável";"Com Vítimas Feridas";"Plena Noite";"Decrescente";"Garoa/Chuvisco";"Simples";"Curva";"Não";5;0;4;0;0;1;4;2;-21,64178123;-42,70665471;"SPRF-MG";"DEL07-MG";"UOP01-DEL07-MG"
151481;2018-07-15;"domingo";"00:01:00";"MS";163;229,5;"CAARAPO";"Animais na Pista";"Atropelamento de Animal";"Com Vítimas Feridas";"Plena Noite";"Crescente";"Céu Claro";"Dupla";"Reta";"Não";3;0;1;0;1;1;1;2;-22,47359142;-54,85893561;"SPRF-MS";"DEL04-MS";"UOP02-DEL04-MS"
151506;2018-08-07;"terça-feira";"10:45:00";"PR";277;104;"CAMPO LARGO";"Falta de Atenção à Condução";"Colisão transversal";"Com Vítimas Feridas";"Pleno dia";"Decrescente";"Céu Claro";"Dupla";"Retorno Regulamentado";"Sim";3;0;1;0;1;1;1;3;-25,43314996;-49,40478617;"SPRF-PR";"DEL01-PR";"UOP06-DEL01-PR"
151535;2018-08-07;"terça-feira";"14:00:00";"PR";277;34,5;"MORRETES";"Defeito Mecânico no Veículo";"Colisão com objeto em movimento";"Com Vítimas Feridas";"Pleno dia";"Crescente";"Sol";"Dupla";"Curva;Aclive";"Não";3;0;1;0;1;1;1;3;-25,572054;-48,819972;"SPRF-PR";"DEL01-PR";"UOP05-DEL01-PR"
151614;2018-08-07;"terça-feira";"21:00:00";"PR";376;11,5;"MARINGA";"Defeito Mecânico no Veículo";"Capotamento";"Com Vítimas Feridas";"Plena Noite";"Crescente";"Céu Claro";"Dupla";"Declive";"Não";6;0;1;0;4;1;1;2;-23,38830985;-51,89658333;"SPRF-PR";"DEL07-PR";"UOP01-DEL09-PR"
152078;2018-08-10;"sexta-feira";"13:00:00";"SC";101;210;"PALHOCA";"Carga excessiva e/ou mal acondicionada";"Colisão com objeto estático";"Com Vítimas Feridas";"Pleno dia";"Crescente";"Céu Claro";"Múltipla";"Reta";"Sim";2;0;1;0;0;1;1;2;-27,6235;-48,6524;"SPRF-SC";"DEL01-SC";"UOP01-DEL01-SC"
152112;2018-08-10;"sexta-feira";"15:00:00";"GO";60;227;"CEZARINA";"Ingestão de Álcool";"Saída de leito carroçável";"Sem Vítimas";"Pleno dia";"Crescente";"Sol";"Dupla";"Reta";"Não";2;0;0;0;1;1;0;2;-17,07286677;-49,81081009;"SPRF-GO";"DEL01-GO";"UOP02-DEL01-GO"
152572;2018-08-12;"domingo";"17:50:00";"DF";20;14,2;"BRASILIA";"Ingestão de Álcool";"Colisão traseira";"Sem Vítimas";"Pleno dia";"Decrescente";"Céu Claro";"Dupla";"Reta";"Não";4;0;0;0;3;1;0;3;-15,63324504;-47,73966528;"SPRF-DF";"DEL02-DF";"UOP01-DEL02-DF"
153025;2018-08-14;"terça-feira";"16:40:00";"PE";110;142,1;"IBIMIRIM";"Defeito Mecânico no Veículo";"Colisão frontal";"Com Vítimas Feridas";"Anoitecer";"Crescente";"Céu Claro";"Simples";"Reta";"Sim";4;0;0;2;1;1;2;3;-8,511491;-37,650802;"SPRF-PE";"DEL03-PE";"UOP02-DEL03-PE"
153098;2018-08-14;"terça-feira";"22:30:00";"TO";153;622,8;"ALIANCA DO TOCANTINS";"Ultrapassagem Indevida";"Colisão frontal";"Com Vítimas Feridas";"Plena Noite";"Decrescente";"Ignorado";"Simples";"Reta";"Não";6;0;1;3;1;1;4;3;-11,32756986;-48,94752502;"SPRF-TO";"DEL02-TO";"UOP02-DEL01-TO"
153388;2018-08-16;"quinta-feira";"16:40:00";"PR";376;195;"MARIALVA";"Carga excessiva e/ou mal acondicionada";"Saída de leito carroçável";"Com Vítimas Feridas";"Pleno dia";"Crescente";"Céu Claro";"Dupla";"Curva";"Não";3;0;1;0;1;1;1;2;-23,50262309;-51,79629922;"SPRF-PR";"DEL07-PR";"UOP01-DEL09-PR"
154038;2018-08-19;"domingo";"15:35:00";"SC";280;44,1;"GUARAMIRIM";"Falta de Atenção à Condução";"Engavetamento";"Com Vítimas Feridas";"Pleno dia";"Crescente";"Sol";"Simples";"Reta";"Não";9;0;3;0;5;1;3;5;-26,451778;-48,887981;"SPRF-SC";"DEL03-SC";"UOP03-DEL03-SC"
154941;2018-08-24;"sexta-feira";"10:20:00";"DF";20;7,5;"BRASILIA";"Falta de Atenção à Condução";"Colisão traseira";"Com Vítimas Feridas";"Pleno dia";"Decrescente";"Sol";"Dupla";"Declive";"Sim";3;0;1;0;1;1;1;3;-15,67955787;-47,78695464;"SPRF-DF";"DEL02-DF";"UOP01-DEL02-DF"
155039;2018-08-24;"sexta-feira";"18:46:00";"MG";381;742,6;"TRES CORACOES";"Animais na Pista";"Atropelamento de Animal";"Com Vítimas Feridas";"Plena Noite";"Crescente";"Ignorado";"Dupla";"Reta";"Não";6;0;1;1;3;1;2;6;-21,6179;-45,2435;"SPRF-MG";"DEL16-MG";"UOP02-DEL16-MG"
155044;2018-08-24;"sexta-feira";"18:20:00";"RN";304;89,6;"ACU";"Defeito Mecânico no Veículo";"Colisão traseira";"Com Vítimas Feridas";"Plena Noite";"Crescente";"Céu Claro";"Simples";"Reta";"Não";5;0;3;0;0;2;3;3;-5,524543;-37,108318;"SPRF-RN";"DEL04-RN";"UOP01-DEL04-RN"
155642;2018-08-27;"segunda-feira";"15:10:00";"ES";101;269;"SERRA";"Falta de Atenção à Condução";"Queda de ocupante de veículo";"Com Vítimas Feridas";"Pleno dia";"Crescente";"Chuva";"Múltipla";"Reta";"Sim";2;0;0;1;0;1;1;2;-20,22141095;-40,27042653;"SPRF-ES";"DEL02-ES";"UOP01-DEL02-ES"
155684;2018-08-27;"segunda-feira";"17:20:00";"PB";110;181,4;"MONTEIRO";"Ingestão de Álcool";"Colisão traseira";"Com Vítimas Fatais";"Pleno dia";"Crescente";"Céu Claro";"Simples";"Reta";"Sim";3;1;0;0;1;1;0;3;-7,901192;-37,128856;"SPRF-PB";"DEL02-PB";"UOP02-DEL02-PB"
156028;2018-08-29;"quarta-feira";"16:30:00";"CE";222;224;"SOBRAL";"Desobediência às normas de trânsito pelo condutor";"Colisão transversal";"Com Vítimas Feridas";"Pleno dia";"Crescente";"Céu Claro";"Simples";"Interseção de Vias";"Sim";3;0;1;0;1;1;1;3;-3,70735597;-40,35634518;"SPRF-CE";"DEL04-CE";"UOP01-DEL04-CE"
156104;2018-08-30;"quinta-feira";"08:50:00";"MA";316;260;"SANTA INES";"Falta de Atenção à Condução";"Colisão transversal";"Com Vítimas Feridas";"Pleno dia";"Decrescente";"Sol";"Múltipla";"Retorno Regulamentado";"Sim";3;0;0;1;1;1;1;3;-3,66350154;-45,38864136;"SPRF-MA";"DEL02-MA";"UI04-DEL02-MA"
156411;2018-08-31;"sexta-feira";"19:00:00";"TO";153;277;"BRASILANDIA DO TOCANTINS";"Falta de Atenção à Condução";"Colisão traseira";"Sem Vítimas";"Plena Noite";"Crescente";"Céu Claro";"Simples";"Reta";"Não";11;0;0;0;10;1;0;3;-8,328062;-48,4758;"SPRF-TO";"DEL02-TO";"UOP02-DEL02-TO"
156647;2018-09-01;"sábado";"19:10:00";"DF";20;8,9;"BRASILIA";"Falta de Atenção à Condução";"Colisão transversal";"Com Vítimas Feridas";"Plena Noite";"Decrescente";"Céu Claro";"Dupla";"Rotatória";"Sim";4;0;0;1;2;1;1;3;-15,65498228;-47,78552771;"SPRF-DF";"DEL02-DF";"UOP01-DEL02-DF"
157084;2018-09-03;"segunda-feira";"16:30:00";"GO";40;6,6;"VALPARAISO DE GOIAS";"Falta de Atenção à Condução";"Colisão traseira";"Com Vítimas Feridas";"Pleno dia";"Decrescente";"Céu Claro";"Dupla";"Reta";"Sim";3;0;0;1;1;1;1;3;-16,100814;-47,977351;"SPRF-DF";"DEL01-DF";"UOP01-DEL01-DF"