"id";"data_inversa";"dia_semana";"horario";"uf";"br";"km";"municipio";"causa_acidente";"tipo_acidente";"classificacao_acidente";"fase_dia";"sentido_via";"condicao_metereologica";"tipo_pista";"tracado_via";"uso_solo";"pessoas";"mortos";"feridos_leves";"feridos_graves";"ilesos";"ignorados";"feridos";"veiculos";"latitude";"longitude";"regional";"delegacia";"uop"
178498;2018-12-16;"domingo";"04:45:00";"RO";319;64,1;"PORTO VELHO";"Ingestão de Álcool";"Colisão transversal";"Com Vítimas Feridas";"Amanhecer";"Decrescente";"Céu Claro";"Dupla";"Interseção de Vias";"Sim";3;0;1;0;1;1;1;3;-8,763175;-63,884823;"SPRF-RO";"DEL01-RO";"UOP01-DEL01-RO"
179044;2018-12-18;"terça-feira";"12:00:00";"RO";364;346,1;"JI-PARANA";"Mal Súbito";"Colisão frontal";"Com Vítimas Feridas";"Pleno dia";"Crescente";"Nublado";"Simples";"Reta";"Sim";6;0;1;0;4;1;1;3;-10,86348423;-61,97216034;"SPRF-RO";"DEL02-RO";"UOP01-DEL02-RO"
179342;2018-12-19;"quarta-feira";"21:30:00";"ES";101;12;"PEDRO CANARIO";"Falta de Atenção à Condução";"Colisão transversal";"Sem Vítimas";"Plena Noite";"Decrescente";"Céu Claro";"Simples";"Reta";"Não";3;0;0;0;2;1;0;3;-18,265766;-39,957359;"SPRF-ES";"DEL04-ES";"UOP02-DEL04-ES"
179388;2018-12-20;"quinta-feira";"05:00:00";"MG";381;724,5;"CARMO DA CACHOEIRA";"Condutor Dormindo";"Saída de leito carroçável";"Com Vítimas Feridas";"Amanhecer";"Crescente";"Nublado";"Dupla";"Aclive;Reta";"Sim";3;0;1;0;1;1;1;2;-21,464;-45,2058;"SPRF-MG";"DEL04-MG";"UOP02-DEL04-MG"
179432;2018-12-20;"quinta-feira";"09:00:00";"GO";414;434;"ANAPOLIS";"Deficiência ou não Acionamento do Sistema de Iluminação/Sinalização do Veículo";"Engavetamento";"Sem Vítimas";"Pleno dia";"Decrescente";"Céu Claro";"Simples";"Reta";"Sim";5;0;0;0;4;1;0;5;-16,23665797;-48,9326334;"SPRF-GO";"DEL02-GO";"UOP01-DEL02-GO"
179526;2018-12-20;"quinta-feira";"11:50:00";"AM";230;612;"HUMAITA";"Falta de Atenção à Condução";"Colisão lateral";"Com Vítimas Feridas";"Pleno dia";"Crescente";"Sol";"Dupla";"Reta";"Sim";3;0;1;0;1;1;1;3;-7,51193884;-63,02959943;"SPRF-RO";"DEL01-RO";"UOP05-DEL01-AM"
180082;2018-12-22;"sábado";"11:00:00";"GO";414;383,2;"COCALZINHO DE GOIAS";"Carga excessiva e/ou mal acondicionada";"Colisão traseira";"Com Vítimas Feridas";"Pleno dia";"Decrescente";"Céu Claro";"Simples";"Reta";"Não";9;0;4;1;3;1;5;5;-15,580993;-48,628662;"SPRF-GO";"DEL02-GO";"UOP01-DEL02-GO"
180635;2018-12-24;"segunda-feira";"10:00:00";"RO";319;60,9;"PORTO VELHO";"Falta de Atenção à Condução";"Colisão transversal";"Sem Vítimas";"Pleno dia";"Decrescente";"Céu Claro";"Dupla";"Rotatória";"Sim";3;0;0;0;2;1;0;3;-8,73971335;-63,88980123;"SPRF-RO";"DEL01-RO";"UOP01-DEL01-RO"
180738;2018-12-24;"segunda-feira";"17:45:00";"RO";174;14,5;"VILHENA";"Ingestão de Álcool";"Colisão lateral";"Com Vítimas Feridas";"Anoitecer";"Crescente";"Céu Claro";"Dupla";"Reta";"Sim";4;0;1;0;1;2;1;4;-12,733067;-60,12981;"SPRF-RO";"DEL04-RO";"UOP01-DEL04-RO"
181232;2018-12-27;"quinta-feira";"08:05:00";"PR";376;588;"CURITIBA";"Não guardar distância de segurança";"Colisão traseira";"Com Vítimas Feridas";"Pleno dia";"Decrescente";"Céu Claro";"Dupla";"Interseção de Vias";"Sim";4;0;1;0;2;1;1;3;-25,43397353;-49,36547756;"SPRF-PR";"DEL01-PR";"UOP06-DEL01-PR"
181405;2018-12-28;"sexta-feira";"01:15:00";"SC";470;49,5;"BLUMENAU";"Ingestão de Álcool";"Colisão frontal";"Com Vítimas Feridas";"Plena Noite";"Decrescente";"Céu Claro";"Simples";"Curva";"Não";3;0;2;0;0;1;2;3;-26,860662;-49,065159;"SPRF-SC";"DEL04-SC";"UOP01-DEL04-SC"
181842;2018-12-29;"sábado";"22:30:00";"RS";290;124,4;"ELDORADO DO SUL";"Ingestão de Álcool";"Colisão lateral";"Com Vítimas Feridas";"Plena Noite";"Decrescente";"Céu Claro";"Simples";"Reta";"Não";8;0;3;0;3;2;3;4;-30,054256;-51,448662;"SPRF-RS";"DEL02-RS";"UOP01-DEL02-RS"
182105;2018-12-31;"segunda-feira";"10:35:00";"MG";0;0;"UBERABA";"Carga excessiva e/ou mal acondicionada";"Tombamento";"Com Vítimas Feridas";"Pleno dia";"Não Informado";"Céu Claro";"Dupla";"Reta";"Sim";2;0;1;0;0;1;1;2;-19,7539;-47,9807;"SPRF-MG";"DEL13-MG";"UOP01-DEL13-MG"
182158;2018-12-31;"segunda-feira";"18:30:00";"SC";470;66,8;"INDAIAL";"Desobediência às normas de trânsito pelo condutor";"Colisão transversal";"Com Vítimas Feridas";"Pleno dia";"Crescente";"Céu Claro";"Simples";"Interseção de Vias";"Não";4;0;1;1;1;1;2;3;-26,87138792;-49,22991168;"SPRF-SC";"DEL04-SC";"UOP01-DEL04-SC"
183950;2018-12-22;"sábado";"10:40:00";"MG";365;262,5;"JOAO PINHEIRO";"Velocidade Incompatível";"Colisão frontal";"Com Vítimas Feridas";"Pleno dia";"Crescente";"Nublado";"Simples";"Reta";"Não";7;0;0;1;5;1;1;4;-17,880207;-45,534611;"SPRF-MG";"DEL14-MG";"UOP02-DEL14-MG"
185877;2018-11-07;"quarta-feira";"19:30:00";"SC";101;208;"SAO JOSE";"Falta de Atenção à Condução";"Colisão lateral";"Com Vítimas Feridas";"Plena Noite";"Decrescente";"Nublado";"Dupla";"Reta";"Sim";3;0;1;0;1;1;1;3;-27,60856105;-48,63723233;"SPRF-SC";"DEL01-SC";"UOP01-DEL01-SC"
211259;2018-03-19;"segunda-feira";"19:25:00";"GO";153;438,2;"ANAPOLIS";"Carga excessiva e/ou mal acondicionada";"Capotamento";"Sem Vítimas";"Plena Noite";"Decrescente";"Céu Claro";"Dupla";"Reta";"Sim";2;0;0;0;1;1;0;2;-16,291595;-48,934811;"SPRF-GO";"DEL02-GO";"UOP01-DEL02-GO"
222783;2018-12-08;"sábado";"17:50:00";"SC";163;98,3;"SAO JOSE DO CEDRO";"Desobediência às normas de trânsito pelo condutor";"Engavetamento";"Com Vítimas Feridas";"Pleno dia";"Crescente";"Céu Claro";"Simples";"Aclive";"Não";7;0;2;0;4;1;2;4;-26,501122;-53,507668;"SPRF-SC";"DEL07-SC";"UOP03-DEL07-SC"
99973;2018-01-01;"segunda-feira";"00:20:00";"RJ";116;303,5;"RESENDE";"Condutor Dormindo";"Saída de leito carroçável";"Com Vítimas Feridas";"Plena Noite";"Decrescente";"Nublado";"Múltipla";"Reta";"Sim";5;0;0;4;1;0;4;1;-22,46937;-44,44705;"SPRF-RJ";"DEL07-RJ";"DEL5/7-UOP03/RJ"
99976;2018-01-01;"segunda-feira";"00:40:00";"SC";282;0,4;"FLORIANOPOLIS";"Não guardar distância de segurança";"Colisão traseira";"Com Vítimas Feridas";"Plena Noite";"Crescente";"Céu Claro";"Dupla";"Reta";"Sim";3;0;0;2;1;0;2;2;-27,59971687;-48,57565694;"SPRF-SC";"DEL01-SC";"UOP01-DEL01-SC"
99977;2018-01-01;"segunda-feira";"00:30:00";"RJ";493;1;"ITABORAI";"Ultrapassagem Indevida";"Colisão frontal";"Com Vítimas Feridas";"Plena Noite";"Crescente";"Nublado";"Simples";"Curva";"Não";5;0;1;0;3;1;1;3;-22,763901;-42,927532;"SPRF-RJ";"DEL04-RJ";"UOP02-DEL04-RJ"
99981;2018-01-01;"segunda-feira";"01:15:00";"RS";386;134;"SARANDI";"Ingestão de Álcool";"Colisão transversal";"Sem Vítimas";"Pleno dia";"Crescente";"Céu Claro";"Simples";"Interseção de Vias";"Não";2;0;0;0;2;0;0;2;-27,953636;-52,916374;"SPRF-RS";"DEL08-RS";"UOP01-DEL08-RS"
99982;2018-01-01;"segunda-feira";"00:20:00";"RS";293;151,7;"CANDIOTA";"Falta de Atenção à Condução";"Saída de leito carroçável";"Com Vítimas Feridas";"Plena Noite";"Decrescente";"Nublado";"Simples";"Reta";"Não";1;0;0;1;0;0;1;1;-31,395214;-53,78391174;"SPRF-RS";"DEL11-RS";"UOP03-DEL11-RS"
99984;2018-01-01;"segunda-feira";"01:30:00";"RS";386;395,8;"TRIUNFO";"Animais na Pista";"Atropelamento de Animal";"Sem Vítimas";"Plena Noite";"Crescente";"Céu Claro";"Simples";"Declive;Curva";"Não";1;0;0;0;1;0;0;1;-29,72837503;-51,6334194;"SPRF-RS";"DEL04-RS";"UOP02-DEL04-RS"
99985;2018-01-01;"segunda-feira";"01:00:00";"MT";163;1033;"MATUPA";"Ingestão de Álcool";"Colisão traseira";"Sem Vítimas";"Plena Noite";"Decrescente";"Nublado";"Simples";"Reta";"Não";3;0;0;0;3;0;0;2;-10,209568;-54,963009;"SPRF-MT";"DEL06-MT";"UOP02-DEL06-MT"
99986;2018-01-01;"segunda-feira";"02:40:00";"SP";116;98;"PINDAMONHANGABA";"Velocidade Incompatível";"Saída de leito carroçável";"Sem Vítimas";"Plena Noite";"Decrescente";"Nublado";"Dupla";"Reta";"Sim";1;0;0;0;1;0;0;1;-22,978052;-45,455833;"SPRF-SP";"DEL06-SP";"UOP01-DEL06-SP"
99988;2018-01-01;"segunda-feira";"02:50:00";"DF";80;25;"BRASILIA";"Falta de Atenção à Condução";"Capotamento";"Sem Vítimas";"Plena Noite";"Crescente";"Céu Claro";"Simples";"Reta";"Não";1;0;0;0;0;1;0;1;-15,62121;-48,198963;"SPRF-DF";"DEL01-DF";"UOP02-DEL03-DF"
99989;2018-01-01;"segunda-feira";"02:05:00";"SC";470;4;"NAVEGANTES";"Desobediência às normas de trânsito pelo condutor";"Colisão transversal";"Com Vítimas Feridas";"Plena Noite";"Decrescente";"Nublado";"Simples";"Interseção de Vias";"Sim";3;0;1;0;2;0;1;3;-26,858473;-48,690788;"SPRF-SC";"DEL04-SC";"UOP04-DEL04-SC"
99990;2018-01-01;"segunda-feira";"02:10:00";"RS";386;116,9;"SARANDI";"Ingestão de Álcool";"Colisão frontal";"Sem Vítimas";"Plena Noite";"Crescente";"Céu Claro";"Simples";"Reta";"Não";2;0;0;0;2;0;0;2;-27,85375327;-53,01505161;"SPRF-RS";"DEL08-RS";"UOP01-DEL08-RS"
99991;2018-01-01;"segunda-feira";"02:00:00";"PB";230;4;"CABEDELO";"Velocidade Incompatível";"Colisão traseira";"Com Vítimas Feridas";"Plena Noite";"Decrescente";"Céu Claro";"Dupla";"Reta";"Sim";6;0;1;2;3;0;3;2;-7,0064375;-34,82958913;"SPRF-PB";"DEL01-PB";"UOP01-DEL01-PB"
99992;2018-01-01;"segunda-feira";"02:30:00";"RJ";116;186;"NOVA IGUACU";"Desobediência às normas de trânsito pelo condutor";"Colisão transversal";"Com Vítimas Fatais";"Plena Noite";"Crescente";"Nublado";"Dupla";"Reta";"Sim";5;1;1;0;3;0;1;2;-22,74241015;-43,51824045;"SPRF-RJ";"DEL01-RJ";"UOP03-DEL01-RJ"
99993;2018-01-01;"segunda-feira";"03:00:00";"PR";277;18,5;"MORRETES";"Ingestão de Álcool";"Saída de leito carroçável";"Sem Vítimas";"Amanhecer";"Crescente";"Chuva";"Dupla";"Reta";"Não";1;0;0;0;0;1;0;1;-25,477423;-48,834866;"SPRF-PR";"DEL01-PR";"UOP05-DEL01-PR"
99994;2018-01-01;"segunda-feira";"02:30:00";"SC";101;32,2;"JOINVILLE";"Falta de Atenção à Condução";"Saída de leito carroçável";"Sem Vítimas";"Plena Noite";"Decrescente";"Chuva";"Dupla";"Curva";"Sim";1;0;0;0;1;0;0;1;-26,25144272;-48,90725875;"SPRF-SC";"DEL03-SC";"UOP01-DEL03-SC"
99995;2018-01-01;"segunda-feira";"01:40:00";"RN";101;110,8;"PARNAMIRIM";"Animais na Pista";"Atropelamento de Animal";"Com Vítimas Feridas";"Plena Noite";"Crescente";"Céu Claro";"Dupla";"Reta";"Não";1;0;1;0;0;0;1;1;-5,95354554;-35,26486;"SPRF-RN";"DEL01-RN";"UOP01-DEL01-RN"
99996;2018-01-01;"segunda-feira";"02:20:00";"SC";101;348,1;"JAGUARUNA";"Falta de Atenção à Condução";"Colisão traseira";"Com Vítimas Feridas";"Plena Noite";"Crescente";"Céu Claro";"Dupla";"Reta";"Não";9;0;6;2;1;0;8;3;-28,5727635;-49,05308604;"SPRF-SC";"DEL02-SC";"UOP01-DEL02-SC"
99997;2018-01-01;"segunda-feira";"01:50:00";"SC";101;122,7;"ITAJAI";"Defeito Mecânico no Veículo";"Tombamento";"Com Vítimas Feridas";"Plena Noite";"Crescente";"Céu Claro";"Dupla";"Reta";"Sim";2;0;2;0;0;0;2;1;-26,93177713;-48,7029637;"SPRF-SC";"DEL04-SC";"UOP04-DEL04-SC"
99998;2018-01-01;"segunda-feira";"00:40:00";"RJ";116;48,4;"TERESOPOLIS";"Animais na Pista";"Atropelamento de Animal";"Com Vítimas Feridas";"Plena Noite";"Decrescente";"Céu Claro";"Simples";"Reta";"Não";2;0;1;1;0;0;2;1;-22,17564216;-42,84324646;"SPRF-RJ";"DEL04-RJ";"UOP01-DEL04-RJ"
99999;2018-01-01;"segunda-feira";"03:40:00";"SP";101;50,3;"UBATUBA";"Falta de Atenção à Condução";"Colisão frontal";"Com Vítimas Feridas";"Plena Noite";"Crescente";"Nublado";"Simples";"Reta";"Sim";3;0;0;3;0;0;3;2;-23,44838869;-45,07930484;"SPRF-SP";"DEL06-SP";"UOP01-DEL06-SP"
1e+05;2018-01-01;"segunda-feira";"02:20:00";"PR";116;191,5;"CAMPO DO TENENTE";"Ingestão de Álcool";"Saída de leito carroçável";"Sem Vítimas";"Plena Noite";"Decrescente";"Céu Claro";"Simples";"Reta";"Não";1;0;0;0;1;0;0;1;-25,978533;-49,683205;"SPRF-SC";"DEL06-SC";"UOP01-DEL06-SC"
100001;2018-01-01;"segunda-feira";"03:30:00";"MG";40;510;"RIBEIRAO DAS NEVES";"Não guardar distância de segurança";"Colisão traseira";"Com Vítimas Feridas";"Plena Noite";"Decrescente";"Nublado";"Dupla";"Reta;Declive";"Não";4;0;0;2;2;0;2;3;-19,77636577;-44,12191082;"SPRF-MG";"DEL01-MG";"UOP03-DEL01-MG"
100002;2018-01-01;"segunda-feira";"03:45:00";"PR";277;180,4;"PALMEIRA";"Animais na Pista";"Atropelamento de Animal";"Com Vítimas Feridas";"Plena Noite";"Crescente";"Nublado";"Simples";"Reta";"Não";2;0;0;2;0;0;2;1;-25,42992;-50,006817;"SPRF-PR";"DEL03-PR";"UOP02-DEL08-PR"
100003;2018-01-01;"segunda-feira";"04:00:00";"RJ";40;111;"DUQUE DE CAXIAS";"Ingestão de Álcool";"Colisão com objeto estático";"Com Vítimas Feridas";"Plena Noite";"Crescente";"Céu Claro";"Múltipla";"Reta";"Sim";1;0;1;0;0;0;1;1;-22,69068576;-43,28676045;"SPRF-RJ";"DEL01-RJ";"UOP01-DEL01-RJ"
100004;2018-01-01;"segunda-feira";"02:40:00";"MT";163;755;"SORRISO";"Ingestão de Álcool";"Queda de ocupante de veículo";"Com Vítimas Feridas";"Plena Noite";"Decrescente";"Nublado";"Dupla";"Reta;Declive";"Não";1;0;0;1;0;0;1;1;-12,52758546;-55,7037735;"SPRF-MT";"DEL06-MT";"UOP01-DEL06-MT"
100005;2018-01-01;"segunda-feira";"02:15:00";"MG";116;482,2;"DOM CAVATI";"Falta de Atenção à Condução";"Colisão traseira";"Com Vítimas Feridas";"Plena Noite";"Decrescente";"Céu Claro";"Simples";"Reta";"Sim";2;0;1;0;1;0;1;2;-19,374363;-42,106747;"SPRF-MG";"DEL06-MG";"UOP02-DEL06-MG"
100006;2018-01-01;"segunda-feira";"03:20:00";"PE";232;58;"POMBOS";"Condutor Dormindo";"Colisão com objeto estático";"Com Vítimas Feridas";"Plena Noite";"Decrescente";"Céu Claro";"Dupla";"Ponte";"Sim";1;0;0;1;0;0;1;1;-8,14721992;-35,39757907;"SPRF-PE";"DEL01-PE";"UOP02-DEL02PE"
100008;2018-01-01;"segunda-feira";"05:00:00";"DF";70;19;"BRASILIA";"Falta de Atenção à Condução";"Colisão com objeto estático";"Com Vítimas Fatais";"Amanhecer";"Crescente";"Céu Claro";"Dupla";"Curva";"Não";2;1;1;0;0;0;1;1;-15,788868;-48,220242;"SPRF-DF";"DEL01-DF";"UOP02-DEL03-DF"
100009;2018-01-01;"segunda-feira";"03:40:00";"AL";104;44;"BRANQUINHA";"Não guardar distância de segurança";"Colisão traseira";"Sem Vítimas";"Plena Noite";"Crescente";"Céu Claro";"Simples";"Curva";"Não";2;0;0;0;1;1;0;2;-9,245987;-36,015575;"SPRF-AL";"DEL01-AL";"UOP02-DEL01-AL"
100010;2018-01-01;"segunda-feira";"03:50:00";"MT";364;435;"VARZEA GRANDE";"Animais na Pista";"Atropelamento de Animal";"Com Vítimas Feridas";"Plena Noite";"Crescente";"Céu Claro";"Dupla";"Reta";"Não";2;0;1;0;1;0;1;1;-15,639462;-56,122353;"SPRF-MT";"DEL01-MT";"DEL2/4-UOP02/MT"
100011;2018-01-01;"segunda-feira";"03:30:00";"PE";101;69;"RECIFE";"Condutor Dormindo";"Saída de leito carroçável";"Com Vítimas Feridas";"Plena Noite";"Crescente";"Céu Claro";"Múltipla";"Reta";"Sim";1;0;1;0;0;0;1;1;-8,06359784;-34,94444943;"SPRF-PE";"DEL01-PE";"UOP01-DEL01-PE"
100012;2018-01-01;"segunda-feira";"03:50:00";"MS";158;16;"CASSILANDIA";"Ingestão de Álcool";"Saída de leito carroçável";"Com Vítimas Fatais";"Plena Noite";"Crescente";"Chuva";"Simples";"Reta";"Não";6;1;5;0;0;0;5;1;-19,16808881;-51,62482746;"SPRF-MS";"DEL08-MS";"UOP01-DEL08-MS"
100013;2018-01-01;"segunda-feira";"05:10:00";"SP";116;230;"SAO PAULO";"Ingestão de Álcool";"Colisão traseira";"Sem Vítimas";"Amanhecer";"Decrescente";"Céu Claro";"Múltipla";"Reta";"Sim";2;0;0;0;2;0;0;2;-23,5489;-46,6388;"SPRF-SP";"DEL01-SP";"UOP01-DEL01-SP"
100015;2018-01-01;"segunda-feira";"01:45:00";"MG";262;801;"UBERABA";"Ingestão de Álcool";"Saída de leito carroçável";"Sem Vítimas";"Plena Noite";"Decrescente";"Ignorado";"Dupla";"Reta";"Sim";1;0;0;0;1;0;0;1;-19,703303;-47,985569;"SPRF-MG";"DEL13-MG";"UOP01-DEL13-MG"
100016;2018-01-01;"segunda-feira";"05:00:00";"DF";60;6,3;"BRASILIA";"Falta de Atenção à Condução";"Colisão com objeto estático";"Com Vítimas Fatais";"Pleno dia";"Crescente";"Céu Claro";"Dupla";"Reta";"Sim";4;2;0;2;0;0;2;1;-15,89893297;-48,11629772;"SPRF-DF";"DEL01-DF";"UOP01-DEL03-DF"
100017;2018-01-01;"segunda-feira";"03:30:00";"RS";392;638,7;"GUARANI DAS MISSOES";"Desobediência às normas de trânsito pelo condutor";"Colisão transversal";"Com Vítimas Feridas";"Plena Noite";"Crescente";"Céu Claro";"Simples";"Reta";"Não";4;0;1;1;2;0;2;2;-28,14329739;-54,50740635;"SPRF-RS";"DEL10-RS";"UOP01-DEL10-RS"
100018;2018-01-01;"segunda-feira";"04:00:00";"PE";101;55;"PAULISTA";"Falta de Atenção à Condução";"Capotamento";"Sem Vítimas";"Plena Noite";"Crescente";"Vento";"Múltipla";"Reta";"Não";1;0;0;0;0;1;0;1;-7,9566;-34,9117;"SPRF-PE";"DEL01-PE";"UOP02-DEL01-PE"
100019;2018-01-01;"segunda-feira";"06:25:00";"GO";153;494;"GOIANIA";"Condutor Dormindo";"Colisão com objeto estático";"Sem Vítimas";"Amanhecer";"Decrescente";"Céu Claro";"Dupla";"Interseção de Vias";"Sim";1;0;0;0;1;0;0;1;-16,6614;-49,2218;"SPRF-GO";"DEL01-GO";"UOP01-DEL01-GO"
100020;2018-01-01;"segunda-feira";"05:30:00";"RJ";101;410;"ITAGUAI";"Falta de Atenção à Condução";"Colisão traseira";"Com Vítimas Feridas";"Amanhecer";"Decrescente";"Nublado";"Dupla";"Reta";"Sim";3;0;1;0;1;1;1;2;-22,89286002;-43,84358436;"SPRF-RJ";"DEL03-RJ";"UOP01-DEL03-RJ"
100021;2018-01-01;"segunda-feira";"06:20:00";"RS";287;241,5;"SANTA MARIA";"Velocidade Incompatível";"Saída de leito carroçável";"Com Vítimas Feridas";"Amanhecer";"Crescente";"Nublado";"Dupla";"Reta;Declive;Interseção de Vias";"Sim";1;0;0;1;0;0;1;1;-29,70227485;-53,79155159;"SPRF-RS";"DEL09-RS";"UOP01-DEL09-RS"
100022;2018-01-01;"segunda-feira";"03:50:00";"MA";135;13;"SAO LUIS";"Pista Escorregadia";"Capotamento";"Com Vítimas Fatais";"Plena Noite";"Decrescente";"Céu Claro";"Dupla";"Curva";"Não";1;1;0;0;0;0;0;1;-2,5802279;-44,35112;"SPRF-MA";"DEL01-MA";"UOP01-DEL01-MA"
100023;2018-01-01;"segunda-feira";"05:00:00";"MG";40;585,5;"ITABIRITO";"Falta de Atenção à Condução";"Saída de leito carroçável";"Com Vítimas Feridas";"Amanhecer";"Crescente";"Céu Claro";"Simples";"Curva";"Não";4;0;4;0;0;0;4;1;-20,33455341;-43,9228482;"SPRF-MG";"DEL01-MG";"UOP02-DEL01-MG"
100024;2018-01-01;"segunda-feira";"07:00:00";"RS";116;246,8;"SAO LEOPOLDO";"Velocidade Incompatível";"Capotamento";"Com Vítimas Feridas";"Amanhecer";"Crescente";"Céu Claro";"Dupla";"Reta";"Sim";1;0;0;1;0;0;1;1;-29,7656177;-51,15390804;"SPRF-RS";"DEL01-RS";"UOP02-DEL01-RS"
100026;2018-01-01;"segunda-feira";"06:00:00";"BA";410;25;"TUCANO";"Ingestão de Álcool";"Saída de leito carroçável";"Com Vítimas Feridas";"Pleno dia";"Crescente";"Céu Claro";"Simples";"Reta";"Não";1;0;0;1;0;0;1;1;-10,940996;-38,719902;"SPRF-BA";"DEL07-BA";"UOP02-DEL07-BA"
100028;2018-01-01;"segunda-feira";"06:55:00";"PR";376;2;"SAO JOSE DOS PINHAIS";"Ingestão de Álcool";"Colisão traseira";"Sem Vítimas";"Pleno dia";"Crescente";"Nublado";"Dupla";"Reta";"Não";2;0;0;0;2;0;0;2;-25,5307;-49,1958;"SPRF-PR";"DEL01-PR";"DEL7/1-UOP08/PR"
100029;2018-01-01;"segunda-feira";"05:40:00";"PI";343;42;"BURITI DOS LOPES";"Condutor Dormindo";"Capotamento";"Sem Vítimas";"Amanhecer";"Crescente";"Céu Claro";"Simples";"Curva";"Não";1;0;0;0;1;0;0;1;-3,16494083;-41,81909323;"SPRF-PI";"DEL05-PI";"UOP01-DEL05-PI"
100030;2018-01-01;"segunda-feira";"06:10:00";"PI";343;339,1;"TERESINA";"Objeto estático sobre o leito carroçável";"Colisão traseira";"Sem Vítimas";"Pleno dia";"Decrescente";"Céu Claro";"Simples";"Reta";"Sim";2;0;0;0;1;1;0;2;-5,06771996;-42,73165668;"SPRF-PI";"DEL01-PI";"UOP01-DEL01-PI"
100031;2018-01-01;"segunda-feira";"03:30:00";"MA";10;129;"ESTREITO";"Ingestão de Álcool";"Colisão transversal";"Com Vítimas Feridas";"Plena Noite";"Decrescente";"Céu Claro";"Múltipla";"Interseção de Vias";"Sim";2;0;0;2;0;0;2;2;-6,557551;-47,448788;"SPRF-MA";"DEL04-MA";"UOP02-DEL04-MA"
100032;2018-01-01;"segunda-feira";"08:25:00";"RS";116;42,6;"VACARIA";"Ultrapassagem Indevida";"Saída de leito carroçável";"Sem Vítimas";"Pleno dia";"Decrescente";"Sol";"Simples";"Curva";"Não";2;0;0;0;2;0;0;1;-28,53493609;-50,95900208;"SPRF-RS";"DEL05-RS";"UOP03-DEL05-RS"
100033;2018-01-01;"segunda-feira";"05:50:00";"RO";319;60,9;"PORTO VELHO";"Ingestão de Álcool";"Colisão traseira";"Com Vítimas Feridas";"Amanhecer";"Decrescente";"Ignorado";"Dupla";"Reta";"Sim";4;0;0;1;3;0;1;2;-8,7396125;-63,8760222;"SPRF-RO";"DEL01-RO";"UOP01-DEL01-RO"
100034;2018-01-01;"segunda-feira";"07:45:00";"SP";116;128,2;"CACAPAVA";"Falta de Atenção à Condução";"Colisão com objeto estático";"Com Vítimas Feridas";"Pleno dia";"Decrescente";"Céu Claro";"Dupla";"Reta";"Sim";1;0;1;0;0;0;1;1;-23,11541117;-45,71274033;"SPRF-SP";"DEL06-SP";"UOP02-DEL02-SP"
100035;2018-01-01;"segunda-feira";"06:00:00";"PB";230;26,9;"JOAO PESSOA";"Falta de Atenção à Condução";"Tombamento";"Com Vítimas Feridas";"Pleno dia";"Decrescente";"Céu Claro";"Dupla";"Reta";"Sim";1;0;1;0;0;0;1;1;-7,235786;-34,9252969;"SPRF-PB";"DEL01-PB";"UOP01-DEL01-PB"
100036;2018-01-01;"segunda-feira";"05:25:00";"RO";364;421;"JARU";"Falta de Atenção à Condução";"Atropelamento de Pedestre";"Com Vítimas Feridas";"Amanhecer";"Crescente";"Nublado";"Simples";"Reta";"Sim";3;0;2;0;0;1;2;2;-10,4497677;-62,46221602;"SPRF-RO";"DEL03-RO";"UOP02-DEL03-RO"
100037;2018-01-01;"segunda-feira";"08:20:00";"DF";20;8,4;"BRASILIA";"Condutor Dormindo";"Colisão lateral";"Com Vítimas Feridas";"Pleno dia";"Decrescente";"Céu Claro";"Dupla";"Reta";"Sim";3;0;2;0;1;0;2;2;-15,65674368;-47,78827337;"SPRF-DF";"DEL02-DF";"UOP01-DEL02-DF"
100038;2018-01-01;"segunda-feira";"08:40:00";"MG";381;918;"CAMANDUCAIA";"Falta de Atenção à Condução";"Colisão com objeto estático";"Com Vítimas Feridas";"Pleno dia";"Crescente";"Nublado";"Dupla";"Curva";"Não";1;0;1;0;0;0;1;1;-22,75426842;-46,14861217;"SPRF-MG";"DEL16-MG";"UOP03-DEL16-MG"
100039;2018-01-01;"segunda-feira";"04:00:00";"MA";222;673,6;"ACAILANDIA";"Falta de Atenção à Condução";"Colisão traseira";"Com Vítimas Feridas";"Plena Noite";"Crescente";"Céu Claro";"Simples";"Reta";"Sim";2;0;0;1;1;0;1;2;-4,95394;-47,5019;"SPRF-MA";"DEL04-MA";"UOP03-DEL04-MA"
100040;2018-01-01;"segunda-feira";"08:40:00";"CE";116;4;"FORTALEZA";"Ingestão de Álcool";"Colisão transversal";"Com Vítimas Feridas";"Pleno dia";"Decrescente";"Céu Claro";"Múltipla";"Interseção de Vias";"Sim";2;0;1;0;1;0;1;2;-3,78540204;-38,51165056;"SPRF-CE";"DEL01-CE";"UOP02-DEL01-CE"
100041;2018-01-01;"segunda-feira";"08:50:00";"RJ";116;179;"NOVA IGUACU";"Falta de Atenção à Condução";"Queda de ocupante de veículo";"Com Vítimas Feridas";"Pleno dia";"Crescente";"Céu Claro";"Dupla";"Interseção de Vias";"Sim";1;0;1;0;0;0;1;1;-22,769873;-43,408077;"SPRF-RJ";"DEL01-RJ";"UOP02-DEL01-RJ"
100042;2018-01-01;"segunda-feira";"09:35:00";"MG";381;542,6;"ITATIAIUCU";"Condutor Dormindo";"Saída de leito carroçável";"Sem Vítimas";"Pleno dia";"Decrescente";"Céu Claro";"Múltipla";"Reta";"Não";1;0;0;0;1;0;0;1;-20,24276245;-44,41260633;"SPRF-MG";"DEL04-MG";"UOP03-DEL04-MG"