"id";"data_inversa";"dia_semana";"horario";"uf";"br";"km";"municipio";"causa_acidente";"tipo_acidente";"classificacao_acidente";"fase_dia";"sentido_via";"condicao_metereologica";"tipo_pista";"tracado_via";"uso_solo";"pessoas";"mortos";"feridos_leves";"feridos_graves";"ilesos";"ignorados";"feridos";"veiculos";"latitude";"longitude";"regional";"delegacia";"uop"
100367;2018-01-02;"terça-feira";"12:45:00";"RS";386;335;"FORQUETINHA";"Falta de Atenção à Condução";"Saída de leito carroçável";"Sem Vítimas";"Pleno dia";"Crescente";"Garoa/Chuvisco";"Simples";"Curva";"Não";1;0;0;0;1;0;0;1;-29,3910373;-52,04184741;"SPRF-RS";"DEL04-RS";"UOP01-DEL04-RS"
100368;2018-01-02;"terça-feira";"12:30:00";"PA";316;111;"SANTA MARIA DO PARA";"Falta de Atenção à Condução";"Colisão traseira";"Sem Vítimas";"Pleno dia";"Decrescente";"Nublado";"Simples";"Reta";"Não";4;0;0;0;3;1;0;4;-1,31709;-47,513165;"SPRF-PA";"DEL01-PA";"UOP02-DEL01-PA"
100369;2018-01-02;"terça-feira";"13:00:00";"ES";262;134;"BREJETUBA";"Falta de Atenção à Condução";"Colisão transversal";"Com Vítimas Feridas";"Pleno dia";"Decrescente";"Sol";"Simples";"Curva";"Não";3;0;0;1;1;1;1;3;-20,2444;-41,3265;"SPRF-ES";"DEL01-ES";"UOP02-DEL01-ES"
100370;2018-01-02;"terça-feira";"14:10:00";"PR";376;262;"MARILANDIA DO SUL";"Não guardar distância de segurança";"Saída de leito carroçável";"Com Vítimas Feridas";"Pleno dia";"Decrescente";"Garoa/Chuvisco";"Simples";"Reta";"Não";5;0;2;0;3;0;2;1;-23,69657971;-51,33852656;"SPRF-PR";"DEL07-PR";"UOP03-DEL07-PR"
100373;2018-01-02;"terça-feira";"14:50:00";"SC";101;129;"ITAJAI";"Falta de Atenção à Condução";"Colisão lateral";"Com Vítimas Feridas";"Pleno dia";"Decrescente";"Sol";"Dupla";"Reta";"Sim";2;0;1;0;1;0;1;2;-26,984;-48,6695;"SPRF-SC";"DEL04-SC";"UOP03-DEL04-SC"
100374;2018-01-02;"terça-feira";"14:00:00";"MG";116;286;"TEOFILO OTONI";"Fenômenos da Natureza";"Saída de leito carroçável";"Com Vítimas Feridas";"Pleno dia";"Crescente";"Chuva";"Simples";"Curva";"Não";5;0;2;0;3;0;2;1;-17,8521;-41,5141;"SPRF-MG";"DEL11-MG";"UOP01-DEL11-MG"
100378;2018-01-02;"terça-feira";"14:15:00";"RS";480;72,9;"ERECHIM";"Não guardar distância de segurança";"Colisão traseira";"Sem Vítimas";"Pleno dia";"Decrescente";"Chuva";"Simples";"Reta";"Sim";3;0;0;0;3;0;0;2;-27,64088073;-52,29509354;"SPRF-RS";"DEL08-RS";"UOP04-DEL08-RS"
100379;2018-01-02;"terça-feira";"14:00:00";"SC";282;604;"MARAVILHA";"Falta de Atenção à Condução";"Engavetamento";"Com Vítimas Feridas";"Pleno dia";"Crescente";"Chuva";"Simples";"Aclive";"Não";5;0;1;0;4;0;1;3;-26,795523;-53,192974;"SPRF-SC";"DEL07-SC";"UOP02-DEL07-SC"
100380;2018-01-02;"terça-feira";"13:10:00";"RS";158;86,8;"BOA VISTA DAS MISSOES";"Velocidade Incompatível";"Colisão transversal";"Com Vítimas Fatais";"Pleno dia";"Crescente";"Nublado";"Simples";"Curva";"Não";9;5;2;2;0;0;4;2;-27,79937064;-53,33213131;"SPRF-RS";"DEL08-RS";"UOP02-DEL08-RS"
100381;2018-01-02;"terça-feira";"12:40:00";"MG";40;79,2;"PARACATU";"Ultrapassagem Indevida";"Saída de leito carroçável";"Sem Vítimas";"Pleno dia";"Decrescente";"Sol";"Simples";"Reta";"Não";2;0;0;0;2;0;0;1;-17,45788801;-46,66708462;"SPRF-MG";"DEL14-MG";"UOP01-DEL14-MG"
100382;2018-01-02;"terça-feira";"12:40:00";"MG";116;704,5;"MURIAE";"Falta de Atenção à Condução";"Colisão lateral";"Com Vítimas Feridas";"Pleno dia";"Crescente";"Céu Claro";"Simples";"Interseção de Vias";"Sim";2;0;1;0;1;0;1;2;-21,12463696;-42,38159537;"SPRF-MG";"DEL07-MG";"UOP02-DEL07-MG"
100386;2018-01-02;"terça-feira";"14:00:00";"CE";20;177;"BOA VIAGEM";"Defeito na Via";"Capotamento";"Com Vítimas Feridas";"Pleno dia";"Crescente";"Céu Claro";"Simples";"Curva";"Não";2;0;2;0;0;0;2;1;-5,127904;-39,732544;"SPRF-CE";"DEL02-CE";"UOP02-DEL02-CE"
100389;2018-01-02;"terça-feira";"15:20:00";"SP";116;210,8;"GUARULHOS";"Falta de Atenção à Condução";"Colisão com objeto estático";"Sem Vítimas";"Pleno dia";"Decrescente";"Nublado";"Dupla";"Reta";"Sim";1;0;0;0;1;0;0;1;-23,4318967;-46,4183414;"SPRF-SP";"DEL01-SP";"UOP01-DEL01-SP"
100391;2018-01-02;"terça-feira";"14:10:00";"CE";222;2;"CAUCAIA";"Falta de Atenção à Condução";"Colisão lateral";"Com Vítimas Feridas";"Pleno dia";"Crescente";"Céu Claro";"Múltipla";"Reta";"Sim";3;0;0;1;1;1;1;3;-3,73854847;-38,58441261;"SPRF-CE";"DEL01-CE";"UOP01-DEL01-CE"
100393;2018-01-02;"terça-feira";"14:00:00";"PE";408;94;"SAO LOURENCO DA MATA";"Avarias e/ou desgaste excessivo no pneu";"Capotamento";"Sem Vítimas";"Pleno dia";"Decrescente";"Céu Claro";"Dupla";"Reta";"Sim";1;0;0;0;1;0;0;1;-8,01227;-35,042476;"SPRF-PE";"DEL01-PE";"UOP01-DEL01-PE"
100394;2018-01-02;"terça-feira";"15:00:00";"SP";381;48,7;"ATIBAIA";"Não guardar distância de segurança";"Colisão traseira";"Com Vítimas Feridas";"Pleno dia";"Crescente";"Céu Claro";"Dupla";"Reta";"Sim";2;0;1;0;1;0;1;2;-23,20196551;-46,58933189;"SPRF-SP";"DEL03-SP";"UOP01-DEL03-SP"
100395;2018-01-02;"terça-feira";"15:25:00";"PR";116;131,9;"FAZENDA RIO GRANDE";"Velocidade Incompatível";"Queda de ocupante de veículo";"Com Vítimas Feridas";"Pleno dia";"Decrescente";"Nublado";"Dupla";"Curva";"Sim";2;0;2;0;0;0;2;1;-25,69068227;-49,31672555;"SPRF-PR";"DEL01-PR";"UOP03-DEL01-PR"
100396;2018-01-02;"terça-feira";"14:55:00";"BA";101;173;"FEIRA DE SANTANA";"Não guardar distância de segurança";"Engavetamento";"Sem Vítimas";"Pleno dia";"Decrescente";"Sol";"Simples";"Reta";"Não";3;0;0;0;3;0;0;3;-12,37551;-38,87819;"SPRF-BA";"DEL01-BA";"UOP03-DEL01-BA"
100397;2018-01-02;"terça-feira";"13:40:00";"PA";10;11;"DOM ELISEU";"Avarias e/ou desgaste excessivo no pneu";"Saída de leito carroçável";"Sem Vítimas";"Pleno dia";"Crescente";"Chuva";"Simples";"Curva";"Não";2;0;0;0;1;1;0;1;-4,33879427;-47,53642559;"SPRF-PA";"DEL02-PA";"UOP02-DEL02-PA"
100398;2018-01-02;"terça-feira";"15:00:00";"BA";242;571;"IBOTIRAMA";"Pista Escorregadia";"Saída de leito carroçável";"Sem Vítimas";"Pleno dia";"Crescente";"Chuva";"Simples";"Curva";"Não";1;0;0;0;1;0;0;1;-12,087273;-43,158221;"SPRF-BA";"DEL10-BA";"UOP03-DEL06-BA"
100399;2018-01-02;"terça-feira";"16:00:00";"MG";381;454,6;"SABARA";"Falta de Atenção à Condução";"Colisão traseira";"Com Vítimas Feridas";"Pleno dia";"Decrescente";"Sol";"Simples";"Reta";"Sim";2;0;1;0;1;0;1;2;-19,84178485;-43,86585474;"SPRF-MG";"DEL01-MG";"UOP01-DEL01-MG"
100401;2018-01-02;"terça-feira";"15:45:00";"PR";376;497,9;"PONTA GROSSA";"Não guardar distância de segurança";"Engavetamento";"Com Vítimas Feridas";"Pleno dia";"Crescente";"Nublado";"Dupla";"Reta";"Sim";5;0;1;0;4;0;1;4;-25,14954815;-50,14578044;"SPRF-PR";"DEL03-PR";"UOP04-DEL03-PR"
100403;2018-01-02;"terça-feira";"16:40:00";"ES";101;380,9;"RIO NOVO DO SUL";"Velocidade Incompatível";"Colisão com objeto estático";"Sem Vítimas";"Pleno dia";"Decrescente";"Céu Claro";"Simples";"Curva";"Não";1;0;0;0;1;0;0;1;-20,8113227;-40,83845884;"SPRF-ES";"DEL03-ES";"UOP01-DEL03-ES"
100405;2018-01-02;"terça-feira";"16:15:00";"RS";290;686,7;"URUGUAIANA";"Falta de Atenção à Condução";"Saída de leito carroçável";"Com Vítimas Feridas";"Pleno dia";"Crescente";"Sol";"Simples";"Reta";"Não";4;0;0;4;0;0;4;1;-29,8879025;-56,7421892;"SPRF-RS";"DEL13-RS";"UOP01-DEL13-RS"
100408;2018-01-02;"terça-feira";"15:30:00";"RN";226;15,9;"MACAIBA";"Falta de Atenção à Condução";"Colisão frontal";"Com Vítimas Feridas";"Pleno dia";"Crescente";"Céu Claro";"Simples";"Reta";"Sim";2;0;1;0;1;0;1;2;-5,86215982;-35,34221171;"SPRF-RN";"DEL01-RN";"UOP02-DEL01-RN"
100409;2018-01-02;"terça-feira";"15:30:00";"PB";101;126,5;"CAAPORA";"Ingestão de Álcool";"Colisão traseira";"Com Vítimas Feridas";"Pleno dia";"Decrescente";"Céu Claro";"Dupla";"Retorno Regulamentado;Reta";"Sim";4;0;1;0;3;0;1;2;-7,4925871;-34,9829411;"SPRF-PB";"DEL01-PB";"UOP01-DEL01-PB"
100411;2018-01-02;"terça-feira";"15:25:00";"SP";116;57,5;"GUARATINGUETA";"Falta de Atenção à Condução";"Colisão traseira";"Sem Vítimas";"Pleno dia";"Crescente";"Sol";"Dupla";"Reta";"Sim";2;0;0;0;2;0;0;2;-22,7784582;-45,14364072;"SPRF-SP";"DEL08-SP";"UOP01-DEL08-SP"
100412;2018-01-02;"terça-feira";"17:00:00";"SP";116;191;"SANTA ISABEL";"Ingestão de Álcool";"Colisão traseira";"Sem Vítimas";"Pleno dia";"Decrescente";"Céu Claro";"Dupla";"Reta";"Não";3;0;0;0;3;0;0;3;-23,36784556;-46,23314727;"SPRF-SP";"DEL02-SP";"UOP01-DEL02-SP"
100413;2018-01-02;"terça-feira";"15:50:00";"BA";324;516;"FEIRA DE SANTANA";"Falta de Atenção à Condução";"Colisão lateral";"Com Vítimas Feridas";"Pleno dia";"Decrescente";"Céu Claro";"Simples";"Reta";"Sim";2;0;1;0;1;0;1;2;-12,25714735;-38,93219126;"SPRF-BA";"DEL02-BA";"UOP01-DEL02-BA"
100414;2018-01-02;"terça-feira";"17:05:00";"RS";101;80,2;"OSORIO";"Condutor Dormindo";"Saída de leito carroçável";"Com Vítimas Feridas";"Pleno dia";"Crescente";"Nublado";"Dupla";"Reta";"Sim";6;0;1;1;4;0;2;2;-29,9003;-50,2738;"SPRF-RS";"DEL03-RS";"UOP01-DEL03-RS"
100416;2018-01-02;"terça-feira";"17:05:00";"SC";101;214;"PALHOCA";"Desobediência às normas de trânsito pelo condutor";"Colisão transversal";"Sem Vítimas";"Pleno dia";"Decrescente";"Céu Claro";"Múltipla";"Viaduto";"Não";2;0;0;0;2;0;0;2;-27,652;-48,676;"SPRF-SC";"DEL01-SC";"UOP02-DEL01-SC"
100417;2018-01-02;"terça-feira";"13:00:00";"MA";135;108;"ITAPECURU MIRIM";"Falta de Atenção à Condução";"Tombamento";"Sem Vítimas";"Pleno dia";"Crescente";"Nublado";"Simples";"Reta";"Não";1;0;0;0;1;0;0;1;-3,4194093;-44,51528996;"SPRF-MA";"DEL01-MA";"UOP02-DEL01-MA"
100420;2018-01-02;"terça-feira";"15:15:00";"BA";135;201;"SAO DESIDERIO";"Avarias e/ou desgaste excessivo no pneu";"Saída de leito carroçável";"Sem Vítimas";"Pleno dia";"Crescente";"Céu Claro";"Simples";"Reta";"Não";1;0;0;0;1;0;0;1;-12,341637;-44,995721;"SPRF-BA";"DEL10-BA";"UOP01-DEL10-BA"
100421;2018-01-02;"terça-feira";"16:35:00";"MS";163;248,5;"DOURADOS";"Velocidade Incompatível";"Saída de leito carroçável";"Sem Vítimas";"Pleno dia";"Crescente";"Chuva";"Simples";"Retorno Regulamentado";"Não";2;0;0;0;2;0;0;1;-22,32040826;-54,81918365;"SPRF-MS";"DEL04-MS";"UOP01-DEL04-MS"
100424;2018-01-02;"terça-feira";"15:30:00";"BA";110;231;"OLINDINA";"Defeito na Via";"Capotamento";"Com Vítimas Feridas";"Pleno dia";"Decrescente";"Céu Claro";"Simples";"Reta";"Não";4;0;1;0;3;0;1;1;-11,3055;-38,4019;"SPRF-BA";"DEL07-BA";"UOP02-DEL07-BA"
100425;2018-01-02;"terça-feira";"17:45:00";"SC";101;128;"BALNEARIO CAMBORIU";"Falta de Atenção à Condução";"Colisão lateral";"Com Vítimas Feridas";"Pleno dia";"Decrescente";"Céu Claro";"Dupla";"Reta";"Sim";2;0;1;0;1;0;1;2;-26,9806;-48,6788;"SPRF-SC";"DEL04-SC";"UOP03-DEL04-SC"
100426;2018-01-02;"terça-feira";"17:50:00";"ES";101;67;"SAO MATEUS";"Falta de Atenção à Condução";"Colisão lateral";"Com Vítimas Feridas";"Pleno dia";"Crescente";"Nublado";"Dupla";"Reta";"Não";4;0;1;0;3;0;1;2;-18,720545;-39,865883;"SPRF-ES";"DEL04-ES";"UOP02-DEL04-ES"
100427;2018-01-02;"terça-feira";"17:20:00";"SP";101;38,4;"UBATUBA";"Desobediência às normas de trânsito pelo condutor";"Colisão transversal";"Com Vítimas Feridas";"Pleno dia";"Crescente";"Céu Claro";"Simples";"Reta";"Não";4;0;1;0;3;0;1;2;-23,41318897;-45,02381923;"SPRF-SP";"DEL06-SP";"UOP01-DEL06-SP"
100429;2018-01-02;"terça-feira";"16:00:00";"BA";324;368;"SAO JOSE DO JACUIPE";"Falta de Atenção à Condução";"Colisão lateral";"Com Vítimas Feridas";"Pleno dia";"Decrescente";"Céu Claro";"Simples";"Reta";"Sim";3;0;1;1;1;0;2;2;-11,4245463;-39,89047766;"SPRF-BA";"DEL04-BA";"UOP02-DEL04-BA"
100433;2018-01-02;"terça-feira";"14:30:00";"SC";280;93;"CORUPA";"Falta de Atenção à Condução";"Saída de leito carroçável";"Sem Vítimas";"Pleno dia";"Decrescente";"Nublado";"Múltipla";"Curva";"Não";1;0;0;0;1;0;0;1;-26,399784;-49,297508;"SPRF-SC";"DEL06-SC";"UOP03-DEL06-SC"
100435;2018-01-02;"terça-feira";"16:30:00";"MT";70;266;"PRIMAVERA DO LESTE";"Falta de Atenção à Condução";"Colisão traseira";"Sem Vítimas";"Pleno dia";"Decrescente";"Céu Claro";"Simples";"Reta";"Não";2;0;0;0;2;0;0;2;-15,553073;-54,192291;"SPRF-MT";"DEL05-MT";"UOP01-DEL05-MT"
100436;2018-01-02;"terça-feira";"16:30:00";"MG";381;493;"BETIM";"Defeito Mecânico no Veículo";"Colisão lateral";"Com Vítimas Feridas";"Pleno dia";"Decrescente";"Céu Claro";"Dupla";"Reta";"Sim";2;0;1;0;1;0;1;2;-19,966;-44,1775;"SPRF-MG";"DEL01-MG";"UOP03-DEL01-MG"
100437;2018-01-02;"terça-feira";"17:30:00";"PB";230;20,9;"JOAO PESSOA";"Não guardar distância de segurança";"Engavetamento";"Com Vítimas Feridas";"Anoitecer";"Crescente";"Nublado";"Dupla";"Reta";"Sim";6;0;1;1;4;0;2;5;-7,14072184;-34,85214941;"SPRF-PB";"DEL01-PB";"UOP01-DEL01-PB"
100439;2018-01-02;"terça-feira";"18:20:00";"SP";116;215;"GUARULHOS";"Mal Súbito";"Colisão com objeto estático";"Com Vítimas Feridas";"Pleno dia";"Decrescente";"Céu Claro";"Múltipla";"Reta";"Sim";1;0;1;0;0;0;1;1;-23,463257;-46,53373;"SPRF-SP";"DEL01-SP";"UOP01-DEL01-SP"
100440;2018-01-02;"terça-feira";"16:00:00";"SP";116;419;"JUQUIA";"Falta de Atenção à Condução";"Colisão com objeto estático";"Sem Vítimas";"Pleno dia";"Decrescente";"Céu Claro";"Simples";"Declive;Curva";"Não";4;0;0;0;4;0;0;1;-24,35565895;-47,66646445;"SPRF-SP";"DEL05-SP";"UOP01-DEL05-SP"
100442;2018-01-02;"terça-feira";"18:00:00";"AL";101;137,4;"SAO MIGUEL DOS CAMPOS";"Desobediência às normas de trânsito pelo condutor";"Colisão transversal";"Com Vítimas Feridas";"Plena Noite";"Crescente";"Céu Claro";"Simples";"Interseção de Vias;Aclive;Reta";"Sim";3;0;0;1;0;2;1;3;-9,79429259;-36,10783339;"SPRF-AL";"DEL02-AL";"UOP01-DEL02-AL"
100444;2018-01-02;"terça-feira";"17:45:00";"MA";10;259;"IMPERATRIZ";"Não guardar distância de segurança";"Colisão traseira";"Com Vítimas Feridas";"Anoitecer";"Decrescente";"Chuva";"Simples";"Reta";"Sim";2;0;1;0;1;0;1;2;-5,472474;-47,472221;"SPRF-MA";"DEL04-MA";"UOP01-DEL04-MA"
100445;2018-01-02;"terça-feira";"12:50:00";"TO";153;177,6;"ARAGUAINA";"Pista Escorregadia";"Saída de leito carroçável";"Sem Vítimas";"Pleno dia";"Crescente";"Chuva";"Simples";"Declive;Reta";"Não";2;0;0;0;2;0;0;1;-7,45939716;-48,37196304;"SPRF-TO";"DEL02-TO";"UOP01-DEL02-TO"
100446;2018-01-02;"terça-feira";"18:35:00";"GO";50;280,7;"CATALAO";"Falta de Atenção à Condução";"Colisão transversal";"Sem Vítimas";"Anoitecer";"Crescente";"Céu Claro";"Simples";"Reta";"Sim";2;0;0;0;2;0;0;2;-18,18142959;-47,94080079;"SPRF-GO";"DEL06-GO";"UOP01-DEL06-GO"
100448;2018-01-02;"terça-feira";"19:00:00";"SC";101;192;"BIGUACU";"Falta de Atenção à Condução";"Colisão traseira";"Sem Vítimas";"Pleno dia";"Crescente";"Céu Claro";"Dupla";"Reta";"Sim";2;0;0;0;2;0;0;2;-27,4897;-48,6559;"SPRF-SC";"DEL01-SC";"UOP01-DEL01-SC"
100450;2018-01-02;"terça-feira";"18:00:00";"PB";230;375;"CONDADO";"Ingestão de Álcool";"Colisão lateral";"Sem Vítimas";"Plena Noite";"Crescente";"Céu Claro";"Simples";"Reta";"Sim";3;0;0;0;2;1;0;2;-6,90887444;-37,59215981;"SPRF-PB";"DEL03-PB";"UOP02-DEL03-PB"
100451;2018-01-02;"terça-feira";"18:15:00";"RN";226;78,8;"TANGARA";"Desobediência às normas de trânsito pelo condutor";"Colisão transversal";"Com Vítimas Fatais";"Plena Noite";"Decrescente";"Céu Claro";"Simples";"Reta";"Sim";2;1;1;0;0;0;1;2;-6,17409165;-35,76526249;"SPRF-RN";"DEL01-RN";"UOP02-DEL01-RN"
100452;2018-01-02;"terça-feira";"19:30:00";"PR";277;115;"CAMPO LARGO";"Velocidade Incompatível";"Colisão com objeto estático";"Sem Vítimas";"Pleno dia";"Crescente";"Nublado";"Simples";"Curva";"Sim";1;0;0;0;1;0;0;1;-25,44341317;-49,50354691;"SPRF-PR";"DEL01-PR";"UOP06-DEL01-PR"
100453;2018-01-02;"terça-feira";"19:30:00";"DF";60;4;"BRASILIA";"Falta de Atenção à Condução";"Capotamento";"Sem Vítimas";"Anoitecer";"Decrescente";"Nublado";"Dupla";"Reta";"Sim";1;0;0;0;1;0;0;1;-15,892721;-48,095741;"SPRF-DF";"DEL01-DF";"UOP01-DEL03-DF"
100455;2018-01-02;"terça-feira";"19:15:00";"RJ";116;43;"TERESOPOLIS";"Falta de Atenção à Condução";"Colisão com objeto estático";"Sem Vítimas";"Plena Noite";"Crescente";"Céu Claro";"Simples";"Curva";"Não";1;0;0;0;1;0;0;1;-22,150652;-42,801525;"SPRF-RJ";"DEL04-RJ";"UOP01-DEL04-RJ"
100456;2018-01-02;"terça-feira";"19:35:00";"RS";392;351,5;"SANTA MARIA";"Falta de Atenção à Condução";"Colisão transversal";"Com Vítimas Feridas";"Pleno dia";"Crescente";"Sol";"Simples";"Interseção de Vias";"Sim";2;0;1;0;1;0;1;2;-29,72464572;-53,80599704;"SPRF-RS";"DEL09-RS";"UOP01-DEL09-RS"
100457;2018-01-02;"terça-feira";"18:00:00";"PE";423;120,8;"PARANATAMA";"Falta de Atenção à Condução";"Colisão traseira";"Com Vítimas Fatais";"Plena Noite";"Crescente";"Céu Claro";"Simples";"Reta";"Sim";2;1;0;0;1;0;0;2;-8,91508989;-36,70202047;"SPRF-PE";"DEL03-PE";"UOP01-DEL03-PE"
100458;2018-01-02;"terça-feira";"19:50:00";"RJ";116;166;"RIO DE JANEIRO";"Pista Escorregadia";"Colisão com objeto estático";"Sem Vítimas";"Plena Noite";"Decrescente";"Garoa/Chuvisco";"Múltipla";"Reta";"Sim";1;0;0;0;1;0;0;1;-22,8049721;-43,3453508;"SPRF-RJ";"DEL01-RJ";"UOP02-DEL01-RJ"
100459;2018-01-02;"terça-feira";"18:55:00";"PR";376;511,4;"PONTA GROSSA";"Não guardar distância de segurança";"Colisão traseira";"Com Vítimas Feridas";"Pleno dia";"Decrescente";"Nublado";"Dupla";"Reta";"Não";3;0;1;0;2;0;1;2;-25,23118699;-50,04411936;"SPRF-PR";"DEL03-PR";"UOP04-DEL03-PR"
100462;2018-01-02;"terça-feira";"19:55:00";"MG";262;417,2;"PARA DE MINAS";"Condutor Dormindo";"Saída de leito carroçável";"Com Vítimas Feridas";"Anoitecer";"Crescente";"Nublado";"Dupla";"Reta";"Sim";4;0;3;1;0;0;4;1;-19,8845183;-44,78286076;"SPRF-MG";"DEL08-MG";"UOP03-DEL08-MG"
100464;2018-01-02;"terça-feira";"19:30:00";"SP";116;271,2;"TABOAO DA SERRA";"Falta de Atenção à Condução";"Colisão lateral";"Com Vítimas Feridas";"Anoitecer";"Crescente";"Céu Claro";"Dupla";"Reta";"Sim";2;0;1;0;1;0;1;2;-23,61967624;-46,79643631;"SPRF-SP";"DEL04-SP";"UOP01-DEL04-SP"
100465;2018-01-02;"terça-feira";"09:20:00";"MT";158;552;"AGUA BOA";"Falta de Atenção à Condução";"Colisão lateral";"Sem Vítimas";"Pleno dia";"Decrescente";"Nublado";"Simples";"Reta";"Não";1;0;0;0;0;1;0;1;-14,0553;-52,1592;"SPRF-MT";"DEL07-MT";"UOP02-DEL07-MT"
100466;2018-01-01;"segunda-feira";"04:20:00";"MT";158;573,3;"AGUA BOA";"Falta de Atenção à Condução";"Tombamento";"Sem Vítimas";"Plena Noite";"Decrescente";"Nublado";"Simples";"Curva";"Não";1;0;0;0;0;1;0;1;-14,0553;-52,1592;"SPRF-MT";"DEL07-MT";"UOP02-DEL07-MT"
100468;2018-01-02;"terça-feira";"19:00:00";"RJ";101;307,7;"SAO GONCALO";"Falta de Atenção à Condução";"Colisão lateral";"Com Vítimas Feridas";"Plena Noite";"Crescente";"Céu Claro";"Dupla";"Reta";"Sim";3;0;0;1;2;0;1;2;-22,7904732;-43,0226874;"SPRF-RJ";"DEL02-RJ";"DEL5/2-UOP04/RJ"
100470;2018-01-02;"terça-feira";"22:10:00";"ES";101;364,6;"ANCHIETA";"Animais na Pista";"Colisão com objeto em movimento";"Com Vítimas Feridas";"Plena Noite";"Crescente";"Nublado";"Dupla";"Reta";"Não";2;0;0;2;0;0;2;1;-20,7320254;-40,7469925;"SPRF-ES";"DEL03-ES";"UOP01-DEL03-ES"
100471;2018-01-02;"terça-feira";"21:00:00";"PI";343;140;"PIRACURUCA";"Ingestão de Álcool";"Colisão transversal";"Sem Vítimas";"Plena Noite";"Decrescente";"Céu Claro";"Dupla";"Reta";"Sim";2;0;0;0;2;0;0;2;-3,92065;-41,712273;"SPRF-PI";"DEL02-PI";"UOP01-DEL02-PI"
100473;2018-01-02;"terça-feira";"22:00:00";"MG";381;913;"CAMANDUCAIA";"Falta de Atenção à Condução";"Capotamento";"Sem Vítimas";"Plena Noite";"Crescente";"Chuva";"Dupla";"Reta";"Não";1;0;0;0;1;0;0;1;-22,70671718;-46,12029257;"SPRF-MG";"DEL16-MG";"UOP03-DEL16-MG"
100474;2018-01-02;"terça-feira";"21:00:00";"MT";364;239;"JUSCIMEIRA";"Pista Escorregadia";"Queda de ocupante de veículo";"Com Vítimas Feridas";"Plena Noite";"Crescente";"Chuva";"Dupla";"Em Obras";"Não";2;0;2;0;0;0;2;1;-16,18805225;-54,7858572;"SPRF-MT";"DEL02-MT";"UOP01-DEL02-MT"
100475;2018-01-02;"terça-feira";"21:30:00";"SC";282;516,1;"XAXIM";"Velocidade Incompatível";"Saída de leito carroçável";"Com Vítimas Feridas";"Plena Noite";"Crescente";"Nublado";"Simples";"Curva";"Não";1;0;1;0;0;0;1;1;-26,92951208;-52,49960124;"SPRF-SC";"DEL07-SC";"UOP01-DEL07-SC"
100476;2018-01-02;"terça-feira";"18:45:00";"RR";174;511;"BOA VISTA";"Falta de Atenção do Pedestre";"Atropelamento de Pedestre";"Com Vítimas Feridas";"Plena Noite";"Decrescente";"Céu Claro";"Simples";"Reta";"Sim";2;0;1;1;0;0;2;2;2,871991;-60,697308;"SPRF-RR";"DEL01-RR";"UOP01-DEL01-RR"
100477;2018-01-02;"terça-feira";"22:00:00";"SC";101;413,2;"ARARANGUA";"Falta de Atenção do Pedestre";"Atropelamento de Pedestre";"Com Vítimas Feridas";"Plena Noite";"Crescente";"Nublado";"Simples";"Reta";"Sim";2;0;1;0;1;0;1;2;-28,9500022;-49,50704185;"SPRF-SC";"DEL02-SC";"UOP02-DEL02-SC"
100478;2018-01-02;"terça-feira";"16:30:00";"SC";282;486,5;"FAXINAL DOS GUEDES";"Falta de Atenção à Condução";"Colisão traseira";"Com Vítimas Feridas";"Pleno dia";"Crescente";"Chuva";"Simples";"Reta";"Não";3;0;2;0;0;1;2;2;-26,85710713;-52,24542975;"SPRF-SC";"DEL07-SC";"UOP01-DEL07-SC"
100479;2018-01-02;"terça-feira";"17:50:00";"SC";282;488,4;"FAXINAL DOS GUEDES";"Velocidade Incompatível";"Saída de leito carroçável";"Com Vítimas Feridas";"Pleno dia";"Crescente";"Chuva";"Simples";"Curva";"Não";3;0;1;0;2;0;1;1;-26,86545802;-52,27205068;"SPRF-SC";"DEL07-SC";"UOP01-DEL07-SC"
100481;2018-01-02;"terça-feira";"22:30:00";"ES";101;269;"SERRA";"Falta de Atenção do Pedestre";"Atropelamento de Pedestre";"Com Vítimas Feridas";"Plena Noite";"Decrescente";"Céu Claro";"Dupla";"Reta";"Sim";3;0;1;0;1;1;1;2;-20,21919388;-40,26993513;"SPRF-ES";"DEL02-ES";"UOP01-DEL02-ES"
100482;2018-01-02;"terça-feira";"21:50:00";"PA";316;1;"ANANINDEUA";"Falta de Atenção à Condução";"Colisão traseira";"Sem Vítimas";"Plena Noite";"Decrescente";"Céu Claro";"Dupla";"Reta";"Sim";2;0;0;0;2;0;0;2;-1,40319683;-48,42909157;"SPRF-PA";"DEL01-PA";"DEL19/1-UOP05/PA"
100483;2018-01-02;"terça-feira";"22:30:00";"ES";101;295,9;"CARIACICA";"Falta de Atenção à Condução";"Queda de ocupante de veículo";"Com Vítimas Feridas";"Plena Noite";"Crescente";"Céu Claro";"Múltipla";"Interseção de Vias";"Sim";1;0;0;1;0;0;1;1;-20,34260496;-40,40637106;"SPRF-ES";"DEL01-ES";"UOP01-DEL01-ES"
100486;2018-01-02;"terça-feira";"22:20:00";"PR";163;38,2;"SANTO ANTONIO DO SUDOESTE";"Ingestão de Álcool";"Colisão frontal";"Com Vítimas Feridas";"Plena Noite";"Crescente";"Nublado";"Simples";"Aclive";"Não";4;0;1;3;0;0;4;2;-26,04642254;-53,72683903;"SPRF-PR";"DEL02-PR";"UOP02-DEL02-PR"