"id";"data_inversa";"dia_semana";"horario";"uf";"br";"km";"municipio";"causa_acidente";"tipo_acidente";"classificacao_acidente";"fase_dia";"sentido_via";"condicao_metereologica";"tipo_pista";"tracado_via";"uso_solo";"pessoas";"mortos";"feridos_leves";"feridos_graves";"ilesos";"ignorados";"feridos";"veiculos";"latitude";"longitude";"regional";"delegacia";"uop"
100768;2018-01-04;"quinta-feira";"02:30:00";"GO";153;516,5;"APARECIDA DE GOIANIA";"Condutor Dormindo";"Saída de leito carroçável";"Sem Vítimas";"Plena Noite";"Crescente";"Céu Claro";"Dupla";"Declive;Reta";"Sim";1;0;0;0;1;0;0;1;-16,84585108;-49,24635022;"SPRF-GO";"DEL01-GO";"UOP03-DEL01-GO"
100771;2018-01-04;"quinta-feira";"00:45:00";"MG";381;524,8;"BRUMADINHO";"Defeito Mecânico no Veículo";"Colisão com objeto estático";"Sem Vítimas";"Plena Noite";"Crescente";"Nublado";"Dupla";"Reta";"Não";1;0;0;0;1;0;0;1;-20,14913212;-44,32449639;"SPRF-MG";"DEL04-MG";"UOP03-DEL04-MG"
100772;2018-01-04;"quinta-feira";"00:49:00";"RJ";101;321;"NITEROI";"Falta de Atenção à Condução";"Capotamento";"Com Vítimas Feridas";"Plena Noite";"Decrescente";"Chuva";"Simples";"Curva";"Sim";11;0;8;3;0;0;11;1;-22,87979305;-43,11108649;"SPRF-RJ";"DEL02-RJ";"UOP02-DEL02-RJ"
100775;2018-01-04;"quinta-feira";"03:30:00";"MT";163;640;"NOVA MUTUM";"Ingestão de Álcool";"Saída de leito carroçável";"Com Vítimas Feridas";"Plena Noite";"Decrescente";"Nevoeiro/Neblina";"Simples";"Curva";"Não";2;0;2;0;0;0;2;1;-13,829317;-56,082653;"SPRF-MT";"DEL01-MT";"UOP01-DEL01-MT"
100776;2018-01-04;"quinta-feira";"04:30:00";"SP";116;414;"JUQUIA";"Condutor Dormindo";"Saída de leito carroçável";"Sem Vítimas";"Plena Noite";"Crescente";"Céu Claro";"Dupla";"Reta";"Não";3;0;0;0;3;0;0;1;-24,3214;-47,6373;"SPRF-SP";"DEL05-SP";"UOP01-DEL05-SP"
100779;2018-01-04;"quinta-feira";"04:00:00";"MG";365;593;"UBERLANDIA";"Defeito Mecânico no Veículo";"Queda de ocupante de veículo";"Com Vítimas Feridas";"Plena Noite";"Decrescente";"Céu Claro";"Simples";"Reta";"Não";1;0;1;0;0;0;1;1;-18,88122356;-48,04884338;"SPRF-MG";"DEL15-MG";"UOP02-DEL15-MG"
100780;2018-01-04;"quinta-feira";"03:00:00";"RO";319;62;"PORTO VELHO";"Ingestão de Álcool";"Colisão com objeto estático";"Com Vítimas Feridas";"Plena Noite";"Decrescente";"Chuva";"Dupla";"Reta";"Sim";2;0;1;0;0;1;1;2;-8,75053839;-63,88765186;"SPRF-RO";"DEL01-RO";"UOP01-DEL01-RO"
100782;2018-01-04;"quinta-feira";"04:45:00";"SC";282;646;"SAO MIGUEL DO OESTE";"Condutor Dormindo";"Saída de leito carroçável";"Sem Vítimas";"Plena Noite";"Decrescente";"Céu Claro";"Simples";"Declive;Reta";"Não";1;0;0;0;1;0;0;1;-26,76424389;-53,49650323;"SPRF-SC";"DEL07-SC";"UOP03-DEL07-SC"
100783;2018-01-04;"quinta-feira";"06:15:00";"PR";376;112,3;"PARANAVAI";"Defeito Mecânico no Veículo";"Queda de ocupante de veículo";"Com Vítimas Feridas";"Amanhecer";"Crescente";"Céu Claro";"Simples";"Reta;Em Obras";"Não";2;0;1;0;0;1;1;2;-23,09019366;-52,39224315;"SPRF-PR";"DEL07-PR";"UOP02-DEL09-PR"
100784;2018-01-04;"quinta-feira";"05:15:00";"SC";101;162;"TIJUCAS";"Objeto estático sobre o leito carroçável";"Colisão traseira";"Com Vítimas Feridas";"Plena Noite";"Crescente";"Céu Claro";"Simples";"Reta";"Não";2;0;0;1;0;1;1;2;-27,2325;-48,6299;"SPRF-SC";"DEL04-SC";"UOP03-DEL04-SC"
100785;2018-01-04;"quinta-feira";"06:15:00";"SP";381;60,7;"MAIRIPORA";"Pista Escorregadia";"Colisão transversal";"Sem Vítimas";"Amanhecer";"Crescente";"Céu Claro";"Dupla";"Curva";"Não";3;0;0;0;3;0;0;3;-23,28922864;-46,58328706;"SPRF-SP";"DEL03-SP";"UOP01-DEL03-SP"
100786;2018-01-04;"quinta-feira";"04:00:00";"PB";230;451,3;"APARECIDA";"Animais na Pista";"Atropelamento de Animal";"Sem Vítimas";"Amanhecer";"Crescente";"Céu Claro";"Simples";"Reta";"Sim";2;0;0;0;2;0;0;1;-6,78449597;-38,12178807;"SPRF-PB";"DEL03-PB";"UOP03-DEL03-PB"
100787;2018-01-03;"quarta-feira";"22:30:00";"BA";101;300,3;"VALENCA";"Falta de Atenção à Condução";"Tombamento";"Sem Vítimas";"Plena Noite";"Decrescente";"Céu Claro";"Simples";"Reta";"Não";1;0;0;0;0;1;0;1;-13,26684687;-39,32603359;"SPRF-BA";"DEL01-BA";"UOP02-DEL01-BA"
100788;2018-01-04;"quinta-feira";"05:35:00";"PB";230;6;"CABEDELO";"Velocidade Incompatível";"Colisão com objeto estático";"Com Vítimas Feridas";"Pleno dia";"Decrescente";"Sol";"Dupla";"Desvio Temporário;Em Obras";"Sim";1;0;1;0;0;0;1;1;-7,02136677;-34,83619541;"SPRF-PB";"DEL01-PB";"UOP01-DEL01-PB"
100789;2018-01-04;"quinta-feira";"04:50:00";"AM";174;889;"MANAUS";"Ultrapassagem Indevida";"Colisão frontal";"Com Vítimas Feridas";"Plena Noite";"Decrescente";"Nevoeiro/Neblina";"Simples";"Reta";"Não";5;0;5;0;0;0;5;2;-2,9329262;-60,03458619;"SPRF-AM";"DEL01-AM";"UOP01-DEL01-AM"
100791;2018-01-04;"quinta-feira";"06:20:00";"MG";40;124;"JOAO PINHEIRO";"Restrição de Visibilidade";"Colisão traseira";"Com Vítimas Feridas";"Amanhecer";"Decrescente";"Garoa/Chuvisco";"Simples";"Reta";"Não";5;0;4;0;1;0;4;1;-17,677265;-46,331848;"SPRF-MG";"DEL14-MG";"UOP01-DEL14-MG"
100793;2018-01-04;"quinta-feira";"07:20:00";"RJ";40;1;"COMENDADOR LEVY GASPARIAN";"Velocidade Incompatível";"Colisão com objeto estático";"Sem Vítimas";"Pleno dia";"Decrescente";"Chuva";"Dupla";"Curva";"Não";1;0;0;0;1;0;0;1;-22,01278908;-43,25719714;"SPRF-RJ";"DEL06-RJ";"UOP02-DEL05-RJ"
100794;2018-01-04;"quinta-feira";"07:00:00";"RJ";116;214,4;"SEROPEDICA";"Pista Escorregadia";"Saída de leito carroçável";"Sem Vítimas";"Amanhecer";"Decrescente";"Chuva";"Dupla";"Curva";"Não";1;0;0;0;1;0;0;1;-22,69463023;-43,77913356;"SPRF-RJ";"DEL01-RJ";"UOP03-DEL01-RJ"
100795;2018-01-04;"quinta-feira";"06:20:00";"PR";373;178;"PONTA GROSSA";"Condutor Dormindo";"Colisão com objeto estático";"Com Vítimas Feridas";"Pleno dia";"Decrescente";"Céu Claro";"Dupla";"Reta";"Sim";1;0;1;0;0;0;1;1;-25,04754183;-50,23595095;"SPRF-PR";"DEL03-PR";"UOP01-DEL03-PR"
100796;2018-01-04;"quinta-feira";"07:00:00";"RJ";101;195;"CASIMIRO DE ABREU";"Pista Escorregadia";"Saída de leito carroçável";"Com Vítimas Feridas";"Pleno dia";"Crescente";"Chuva";"Dupla";"Reta";"Não";1;0;1;0;0;0;1;1;-22,49309856;-42,11258993;"SPRF-RJ";"DEL02-RJ";"UOP04-DEL08-RJ"
100797;2018-01-04;"quinta-feira";"07:35:00";"PR";277;343,6;"GUARAPUAVA";"Falta de Atenção à Condução";"Colisão transversal";"Com Vítimas Feridas";"Pleno dia";"Crescente";"Céu Claro";"Dupla";"Reta;Declive";"Sim";2;0;0;1;0;1;1;2;-25,363582;-51,474838;"SPRF-PR";"DEL03-PR";"UOP01-DEL08-PR"
100799;2018-01-04;"quinta-feira";"07:45:00";"PR";277;583;"CASCAVEL";"Falta de Atenção à Condução";"Colisão lateral";"Com Vítimas Feridas";"Pleno dia";"Crescente";"Céu Claro";"Simples";"Em Obras";"Não";2;0;1;0;1;0;1;2;-24,97127068;-53,39504331;"SPRF-PR";"DEL04-PR";"UOP01-DEL04-PR"
100802;2018-01-04;"quinta-feira";"08:15:00";"PR";369;142;"IBIPORA";"Falta de Atenção à Condução";"Colisão com objeto estático";"Com Vítimas Feridas";"Pleno dia";"Decrescente";"Céu Claro";"Simples";"Reta";"Sim";2;0;1;0;0;1;1;2;-23,28997759;-51,08376411;"SPRF-PR";"DEL07-PR";"UOP01-DEL07-PR"
100803;2018-01-04;"quinta-feira";"06:40:00";"BA";324;584,1;"CANDEIAS";"Falta de Atenção à Condução";"Colisão lateral";"Com Vítimas Feridas";"Pleno dia";"Crescente";"Céu Claro";"Dupla";"Reta";"Não";2;0;1;0;1;0;1;2;-12,69360371;-38,52053078;"SPRF-BA";"DEL01-BA";"UOP01-DEL01-BA"
100805;2018-01-04;"quinta-feira";"01:40:00";"BA";101;681,2;"ITAGIMIRIM";"Defeito Mecânico no Veículo";"Incêndio";"Sem Vítimas";"Plena Noite";"Crescente";"Céu Claro";"Simples";"Reta";"Não";6;0;0;0;6;0;0;1;-16,087132;-39,614777;"SPRF-BA";"DEL09-BA";"UOP01-DEL09-BA"
100806;2018-01-04;"quinta-feira";"07:50:00";"SP";381;86,2;"SAO PAULO";"Velocidade Incompatível";"Colisão com objeto estático";"Com Vítimas Feridas";"Pleno dia";"Crescente";"Sol";"Dupla";"Curva";"Sim";1;0;1;0;0;0;1;1;-23,46826077;-46,57072708;"SPRF-SP";"DEL03-SP";"DEL6/3-UOP03/SP"
100807;2018-01-04;"quinta-feira";"07:15:00";"PA";316;2,7;"ANANINDEUA";"Velocidade Incompatível";"Atropelamento de Pedestre";"Com Vítimas Feridas";"Pleno dia";"Crescente";"Céu Claro";"Múltipla";"Reta";"Sim";3;0;2;1;0;0;3;2;-1,39203581;-48,41723872;"SPRF-PA";"DEL01-PA";"DEL19/1-UOP05/PA"
100808;2018-01-04;"quinta-feira";"08:00:00";"MG";40;787,4;"JUIZ DE FORA";"Velocidade Incompatível";"Saída de leito carroçável";"Sem Vítimas";"Pleno dia";"Decrescente";"Chuva";"Dupla";"Curva";"Não";1;0;0;0;1;0;0;1;-21,81710722;-43,38476568;"SPRF-MG";"DEL05-MG";"UOP01-DEL05-MG"
100809;2018-01-04;"quinta-feira";"07:10:00";"PA";308;50,2;"SANTA IZABEL DO PARA";"Falta de Atenção do Pedestre";"Colisão traseira";"Com Vítimas Feridas";"Pleno dia";"Crescente";"Céu Claro";"Dupla";"Reta";"Não";3;0;1;0;2;0;1;2;-1,30539864;-48,04155529;"SPRF-PA";"DEL01-PA";"UOP01-DEL01-PA"
100810;2018-01-04;"quinta-feira";"08:10:00";"SC";101;209;"SAO JOSE";"Falta de Atenção à Condução";"Colisão lateral";"Com Vítimas Feridas";"Pleno dia";"Decrescente";"Sol";"Múltipla";"Reta";"Sim";2;0;1;0;1;0;1;2;-27,6176;-48,6463;"SPRF-SC";"DEL01-SC";"UOP01-DEL01-SC"
100811;2018-01-04;"quinta-feira";"08:20:00";"MG";381;495,5;"BETIM";"Falta de Atenção à Condução";"Colisão com objeto estático";"Sem Vítimas";"Pleno dia";"Decrescente";"Nublado";"Múltipla";"Reta";"Sim";4;0;0;0;4;0;0;1;-19,97425069;-44,1890028;"SPRF-MG";"DEL01-MG";"UOP03-DEL01-MG"
100812;2018-01-03;"quarta-feira";"05:00:00";"AL";316;42;"CANAPI";"Falta de Atenção à Condução";"Colisão traseira";"Com Vítimas Feridas";"Amanhecer";"Crescente";"Céu Claro";"Simples";"Reta";"Não";2;0;1;0;0;1;1;2;-9,14574557;-37,55577832;"SPRF-AL";"DEL03-AL";"UOP02-DEL03-AL"
100815;2018-01-04;"quinta-feira";"08:30:00";"MG";40;726,8;"OLIVEIRA FORTES";"Falta de Atenção à Condução";"Colisão com objeto estático";"Com Vítimas Feridas";"Pleno dia";"Crescente";"Chuva";"Dupla";"Curva";"Não";4;0;1;0;3;0;1;1;-21,32194543;-43,58420075;"SPRF-MG";"DEL05-MG";"UOP01-DEL05-MG"
100817;2018-01-04;"quinta-feira";"07:15:00";"RJ";40;44;"AREAL";"Fenômenos da Natureza";"Danos eventuais";"Com Vítimas Feridas";"Pleno dia";"Decrescente";"Chuva";"Simples";"Reta";"Não";5;0;1;0;4;0;1;1;-22,2795;-43,1166;"SPRF-RJ";"DEL06-RJ";"UOP02-DEL05-RJ"
100818;2018-01-04;"quinta-feira";"07:30:00";"PB";230;68;"SOBRADO";"Falta de Atenção à Condução";"Colisão lateral";"Com Vítimas Feridas";"Pleno dia";"Crescente";"Céu Claro";"Dupla";"Reta;Aclive";"Não";3;0;1;0;2;0;1;2;-7,1873;-35,2065;"SPRF-PB";"DEL01-PB";"UOP03-DEL01-PB"
100819;2018-01-04;"quinta-feira";"08:30:00";"MG";381;337;"NOVA ERA";"Velocidade Incompatível";"Capotamento";"Sem Vítimas";"Pleno dia";"Crescente";"Chuva";"Simples";"Curva";"Não";1;0;0;0;1;0;0;1;-19,750475;-43,037865;"SPRF-MG";"DEL03-MG";"UOP01-DEL03-MG"
100820;2018-01-04;"quinta-feira";"09:05:00";"SC";101;182;"BIGUACU";"Falta de Atenção à Condução";"Colisão traseira";"Com Vítimas Feridas";"Pleno dia";"Crescente";"Céu Claro";"Dupla";"Reta";"Não";2;0;1;0;1;0;1;2;-27,4071;-48,6284;"SPRF-SC";"DEL01-SC";"UOP01-DEL01-SC"
100821;2018-01-04;"quinta-feira";"09:20:00";"MG";381;374,3;"SAO GONCALO DO RIO ABAIXO";"Velocidade Incompatível";"Colisão frontal";"Com Vítimas Feridas";"Pleno dia";"Crescente";"Chuva";"Simples";"Reta";"Não";4;0;4;0;0;0;4;2;-19,8281;-43,382;"SPRF-MG";"DEL01-MG";"UOP01-DEL01-MG"
100823;2018-01-04;"quinta-feira";"07:07:00";"MG";381;726,2;"CARMO DA CACHOEIRA";"Velocidade Incompatível";"Saída de leito carroçável";"Sem Vítimas";"Pleno dia";"Decrescente";"Chuva";"Dupla";"Curva";"Não";1;0;0;0;1;0;0;1;-21,4807;-45,2019;"SPRF-MG";"DEL04-MG";"UOP02-DEL04-MG"
100824;2018-01-04;"quinta-feira";"07:07:00";"MG";381;726,8;"CARMO DA CACHOEIRA";"Pista Escorregadia";"Saída de leito carroçável";"Sem Vítimas";"Pleno dia";"Decrescente";"Chuva";"Dupla";"Curva;Aclive";"Não";1;0;0;0;1;0;0;1;-21,479078;-45,201153;"SPRF-MG";"DEL04-MG";"UOP02-DEL04-MG"
100825;2018-01-04;"quinta-feira";"08:00:00";"RN";304;298,3;"MACAIBA";"Falta de Atenção à Condução";"Colisão transversal";"Com Vítimas Feridas";"Pleno dia";"Crescente";"Céu Claro";"Dupla";"Reta";"Sim";3;0;0;1;1;1;1;2;-5,86617253;-35,33832304;"SPRF-RN";"DEL01-RN";"UOP02-DEL01-RN"
100827;2018-01-04;"quinta-feira";"10:00:00";"ES";101;264;"SERRA";"Não guardar distância de segurança";"Colisão traseira";"Com Vítimas Feridas";"Pleno dia";"Decrescente";"Céu Claro";"Dupla";"Reta";"Sim";2;0;1;0;1;0;1;1;-20,17424519;-40,26643753;"SPRF-ES";"DEL02-ES";"UOP01-DEL02-ES"
100829;2018-01-04;"quinta-feira";"09:20:00";"MG";262;160;"SAO DOMINGOS DO PRATA";"Velocidade Incompatível";"Saída de leito carroçável";"Sem Vítimas";"Pleno dia";"Decrescente";"Chuva";"Simples";"Curva";"Não";1;0;0;0;1;0;0;1;-19,96070355;-42,83401966;"SPRF-MG";"DEL03-MG";"UOP03-DEL03-MG"
100831;2018-01-04;"quinta-feira";"09:20:00";"SC";101;203;"SAO JOSE";"Falta de Atenção à Condução";"Colisão lateral";"Com Vítimas Feridas";"Pleno dia";"Crescente";"Céu Claro";"Simples";"Reta";"Sim";2;0;1;0;1;0;1;2;-27,5575003;-48,61878184;"SPRF-SC";"DEL01-SC";"UOP01-DEL01-SC"
100835;2018-01-04;"quinta-feira";"10:05:00";"SP";116;22,2;"LAVRINHAS";"Falta de Atenção à Condução";"Colisão com objeto estático";"Sem Vítimas";"Pleno dia";"Crescente";"Nublado";"Dupla";"Aclive;Curva";"Não";2;0;0;0;2;0;0;1;-22,58501921;-44,87912723;"SPRF-SP";"DEL08-SP";"UOP02-DEL08-SP"
100836;2018-01-04;"quinta-feira";"09:10:00";"PB";230;110;"GURINHEM";"Condutor Dormindo";"Saída de leito carroçável";"Com Vítimas Feridas";"Pleno dia";"Crescente";"Céu Claro";"Dupla";"Reta";"Não";2;0;1;1;0;0;2;1;-7,2064579;-35,5676866;"SPRF-PB";"DEL01-PB";"UOP03-DEL01-PB"
100837;2018-01-04;"quinta-feira";"10:00:00";"SC";101;228;"PALHOCA";"Falta de Atenção à Condução";"Colisão traseira";"Sem Vítimas";"Pleno dia";"Crescente";"Céu Claro";"Dupla";"Reta";"Não";3;0;0;0;3;0;0;3;-27,768;-48,6313;"SPRF-SC";"DEL01-SC";"UOP02-DEL01-SC"
100838;2018-01-04;"quinta-feira";"09:05:00";"PB";101;11,9;"MAMANGUAPE";"Animais na Pista";"Atropelamento de Animal";"Sem Vítimas";"Pleno dia";"Decrescente";"Céu Claro";"Dupla";"Curva;Aclive";"Não";1;0;0;0;1;0;0;1;-6,59970444;-35,14421773;"SPRF-PB";"DEL01-PB";"UOP04-DEL01-PB"
100841;2018-01-04;"quinta-feira";"09:10:00";"MG";381;346;"NOVA ERA";"Velocidade Incompatível";"Saída de leito carroçável";"Sem Vítimas";"Pleno dia";"Crescente";"Chuva";"Simples";"Curva";"Não";1;0;0;0;1;0;0;1;-19,750475;-43,037865;"SPRF-MG";"DEL03-MG";"UOP01-DEL03-MG"
100844;2018-01-04;"quinta-feira";"10:30:00";"MG";262;385;"MATEUS LEME";"Falta de Atenção à Condução";"Saída de leito carroçável";"Sem Vítimas";"Pleno dia";"Crescente";"Chuva";"Dupla";"Curva";"Não";1;0;0;0;1;0;0;1;-19,9201;-44,4779;"SPRF-MG";"DEL01-MG";"UOP03-DEL01-MG"
100848;2018-01-04;"quinta-feira";"09:30:00";"AL";316;84;"SANTANA DO IPANEMA";"Falta de Atenção à Condução";"Colisão frontal";"Sem Vítimas";"Pleno dia";"Decrescente";"Sol";"Simples";"Aclive";"Sim";2;0;0;0;2;0;0;2;-9,36664539;-37,25751668;"SPRF-AL";"DEL03-AL";"UOP02-DEL03-AL"
100850;2018-01-04;"quinta-feira";"10:00:00";"TO";153;412;"MIRANORTE";"Defeito Mecânico no Veículo";"Incêndio";"Sem Vítimas";"Pleno dia";"Crescente";"Sol";"Múltipla";"Reta";"Sim";1;0;0;0;1;0;0;1;-9,515658;-48,589718;"SPRF-TO";"DEL02-TO";"UOP02-DEL02-TO"
100851;2018-01-04;"quinta-feira";"09:50:00";"PR";163;352;"GUAIRA";"Falta de Atenção à Condução";"Engavetamento";"Sem Vítimas";"Pleno dia";"Crescente";"Céu Claro";"Simples";"Ponte";"Não";3;0;0;0;3;0;0;3;-24,06196077;-54,25557241;"SPRF-PR";"DEL06-PR";"UOP01-DEL06-PR"
100852;2018-01-04;"quinta-feira";"11:00:00";"GO";153;591;"PIRACANJUBA";"Velocidade Incompatível";"Saída de leito carroçável";"Com Vítimas Feridas";"Pleno dia";"Crescente";"Chuva";"Dupla";"Declive";"Não";4;0;1;0;3;0;1;1;-17,4670416;-49,21896672;"SPRF-GO";"DEL03-GO";"UOP01-DEL03-GO"
100854;2018-01-04;"quinta-feira";"11:10:00";"SC";470;63;"BLUMENAU";"Falta de Atenção à Condução";"Colisão transversal";"Com Vítimas Feridas";"Pleno dia";"Crescente";"Céu Claro";"Simples";"Reta";"Sim";2;0;1;0;1;0;1;2;-26,87951676;-49,1725114;"SPRF-SC";"DEL04-SC";"UOP01-DEL04-SC"
100855;2018-01-04;"quinta-feira";"11:30:00";"MG";262;382;"JUATUBA";"Velocidade Incompatível";"Capotamento";"Com Vítimas Feridas";"Pleno dia";"Crescente";"Chuva";"Dupla";"Curva";"Sim";1;0;1;0;0;0;1;1;-19,93611404;-44,44037211;"SPRF-MG";"DEL01-MG";"UOP03-DEL01-MG"
100857;2018-01-04;"quinta-feira";"11:40:00";"SC";101;119;"ITAJAI";"Falta de Atenção à Condução";"Colisão traseira";"Com Vítimas Feridas";"Pleno dia";"Crescente";"Céu Claro";"Múltipla";"Reta";"Sim";2;0;1;0;1;0;1;2;-26,9054572;-48,71503919;"SPRF-SC";"DEL04-SC";"UOP04-DEL04-SC"
100858;2018-01-04;"quinta-feira";"11:50:00";"MG";381;516,4;"IGARAPE";"Velocidade Incompatível";"Colisão com objeto estático";"Sem Vítimas";"Pleno dia";"Decrescente";"Chuva";"Dupla";"Reta";"Não";1;0;0;0;1;0;0;1;-20,10286232;-44,31974154;"SPRF-MG";"DEL01-MG";"UOP03-DEL01-MG"
100859;2018-01-04;"quinta-feira";"11:25:00";"RS";386;136,5;"SARANDI";"Falta de Atenção à Condução";"Colisão traseira";"Sem Vítimas";"Pleno dia";"Crescente";"Céu Claro";"Simples";"Reta";"Não";3;0;0;0;3;0;0;3;-27,96501063;-52,90851474;"SPRF-RS";"DEL08-RS";"UOP01-DEL08-RS"
100860;2018-01-04;"quinta-feira";"11:10:00";"PR";277;660;"MATELANDIA";"Falta de Atenção à Condução";"Colisão com objeto estático";"Com Vítimas Feridas";"Pleno dia";"Decrescente";"Céu Claro";"Dupla";"Curva";"Não";1;0;1;0;0;0;1;1;-25,25171187;-53,99058759;"SPRF-PR";"DEL05-PR";"UOP02-DEL05-PR"
100862;2018-01-04;"quinta-feira";"10:55:00";"PE";232;9,2;"JABOATAO DOS GUARARAPES";"Não guardar distância de segurança";"Colisão traseira";"Com Vítimas Feridas";"Pleno dia";"Decrescente";"Nublado";"Dupla";"Reta";"Sim";2;0;1;0;1;0;1;2;-8,07840346;-34,98180449;"SPRF-PE";"DEL01-PE";"UOP01-DEL01-PE"
100863;2018-01-04;"quinta-feira";"10:10:00";"PB";230;13,4;"CABEDELO";"Não guardar distância de segurança";"Colisão traseira";"Com Vítimas Feridas";"Pleno dia";"Crescente";"Nublado";"Dupla";"Reta";"Sim";5;0;1;0;3;1;1;4;-7,08455348;-34,84882236;"SPRF-PB";"DEL01-PB";"UOP01-DEL01-PB"
100865;2018-01-04;"quinta-feira";"12:00:00";"MG";40;692,5;"ALFREDO VASCONCELOS";"Falta de Atenção à Condução";"Colisão traseira";"Com Vítimas Feridas";"Pleno dia";"Crescente";"Chuva";"Dupla";"Reta";"Sim";5;0;2;0;3;0;2;2;-21,14158928;-43,76639843;"SPRF-MG";"DEL05-MG";"UOP02-DEL05-MG"
100868;2018-01-04;"quinta-feira";"12:15:00";"PR";369;136;"IBIPORA";"Desobediência às normas de trânsito pelo condutor";"Colisão transversal";"Com Vítimas Feridas";"Pleno dia";"Crescente";"Céu Claro";"Simples";"Interseção de Vias;Curva";"Sim";2;0;1;0;1;0;1;2;-23,2659844;-51,03767839;"SPRF-PR";"DEL07-PR";"UOP01-DEL07-PR"
100870;2018-01-04;"quinta-feira";"12:10:00";"RS";285;188;"CAPAO BONITO DO SUL";"Ultrapassagem Indevida";"Saída de leito carroçável";"Com Vítimas Feridas";"Pleno dia";"Crescente";"Céu Claro";"Simples";"Curva";"Não";3;0;1;0;1;1;1;3;-28,281801;-51,467041;"SPRF-RS";"DEL08-RS";"UOP05-DEL08-RS"
100872;2018-01-04;"quinta-feira";"12:30:00";"MG";40;476;"SETE LAGOAS";"Velocidade Incompatível";"Capotamento";"Com Vítimas Feridas";"Pleno dia";"Crescente";"Chuva";"Dupla";"Reta";"Não";1;0;1;0;0;0;1;1;-19,5236;-44,2634;"SPRF-MG";"DEL02-MG";"UOP01-DEL02-MG"
100873;2018-01-04;"quinta-feira";"10:30:00";"SC";163;74,9;"SAO MIGUEL DO OESTE";"Animais na Pista";"Atropelamento de Animal";"Sem Vítimas";"Pleno dia";"Crescente";"Céu Claro";"Dupla";"Interseção de Vias;Reta;Declive";"Não";1;0;0;0;1;0;0;1;-26,67991686;-53,5149355;"SPRF-SC";"DEL07-SC";"UOP03-DEL07-SC"
100874;2018-01-04;"quinta-feira";"09:20:00";"PR";277;724;"FOZ DO IGUACU";"Falta de Atenção à Condução";"Colisão traseira";"Com Vítimas Feridas";"Pleno dia";"Crescente";"Céu Claro";"Dupla";"Reta";"Sim";4;0;0;1;3;0;1;2;-25,502563;-54,538681;"SPRF-PR";"DEL05-PR";"UOP01-DEL05-PR"
100876;2018-01-04;"quinta-feira";"12:00:00";"MG";381;533,3;"ITATIAIUCU";"Velocidade Incompatível";"Saída de leito carroçável";"Com Vítimas Feridas";"Pleno dia";"Decrescente";"Chuva";"Dupla";"Curva;Aclive";"Não";2;0;2;0;0;0;2;1;-20,17594127;-44,37584074;"SPRF-MG";"DEL04-MG";"UOP03-DEL04-MG"
100878;2018-01-04;"quinta-feira";"12:15:00";"MG";381;335;"NOVA ERA";"Velocidade Incompatível";"Capotamento";"Com Vítimas Feridas";"Pleno dia";"Crescente";"Chuva";"Simples";"Curva";"Não";4;0;1;0;3;0;1;1;-19,78228699;-43,0437845;"SPRF-MG";"DEL03-MG";"UOP01-DEL03-MG"
100880;2018-01-04;"quinta-feira";"12:00:00";"ES";101;285;"CARIACICA";"Desobediência às normas de trânsito pelo condutor";"Colisão frontal";"Com Vítimas Feridas";"Pleno dia";"Crescente";"Nublado";"Múltipla";"Reta";"Sim";2;0;1;0;0;1;1;2;-20,26437;-40,420345;"SPRF-ES";"DEL01-ES";"UOP01-DEL01-ES"
100881;2018-01-04;"quinta-feira";"11:00:00";"MA";135;49;"BACABEIRA";"Falta de Atenção à Condução";"Colisão traseira";"Sem Vítimas";"Pleno dia";"Decrescente";"Sol";"Dupla";"Aclive";"Sim";2;0;0;0;2;0;0;2;-2,955402;-44,324024;"SPRF-MA";"DEL01-MA";"UOP01-DEL01-MA"
100882;2018-01-04;"quinta-feira";"13:15:00";"SC";282;3,7;"FLORIANOPOLIS";"Falta de Atenção à Condução";"Colisão traseira";"Com Vítimas Feridas";"Pleno dia";"Decrescente";"Céu Claro";"Dupla";"Reta";"Sim";2;0;1;0;1;0;1;2;-27,59442316;-48,601814;"SPRF-SC";"DEL01-SC";"UOP01-DEL01-SC"
100883;2018-01-04;"quinta-feira";"12:16:00";"BA";324;401;"NOVA FATIMA";"Animais na Pista";"Capotamento";"Com Vítimas Feridas";"Pleno dia";"Crescente";"Céu Claro";"Simples";"Reta";"Não";3;0;2;0;1;0;2;1;-11,6018;-39,627;"SPRF-BA";"DEL04-BA";"UOP02-DEL04-BA"
100884;2018-01-04;"quinta-feira";"13:20:00";"MG";381;571;"ITAGUARA";"Velocidade Incompatível";"Saída de leito carroçável";"Sem Vítimas";"Pleno dia";"Crescente";"Chuva";"Dupla";"Reta";"Não";1;0;0;0;1;0;0;1;-20,4289;-44,5482;"SPRF-MG";"DEL04-MG";"UOP03-DEL04-MG"
100886;2018-01-04;"quinta-feira";"13:20:00";"SC";101;90,3;"BARRA VELHA";"Desobediência às normas de trânsito pelo condutor";"Colisão transversal";"Com Vítimas Feridas";"Pleno dia";"Decrescente";"Céu Claro";"Simples";"Reta";"Sim";3;0;0;2;1;0;2;2;-26,67527424;-48,69131107;"SPRF-SC";"DEL03-SC";"UOP02-DEL03-SC"
100888;2018-01-04;"quinta-feira";"13:35:00";"SC";101;208;"SAO JOSE";"Falta de Atenção à Condução";"Colisão traseira";"Sem Vítimas";"Pleno dia";"Decrescente";"Céu Claro";"Dupla";"Reta";"Não";4;0;0;0;4;0;0;4;-27,60410209;-48,63274005;"SPRF-SC";"DEL01-SC";"UOP01-DEL01-SC"