"id";"data_inversa";"dia_semana";"horario";"uf";"br";"km";"municipio";"causa_acidente";"tipo_acidente";"classificacao_acidente";"fase_dia";"sentido_via";"condicao_metereologica";"tipo_pista";"tracado_via";"uso_solo";"pessoas";"mortos";"feridos_leves";"feridos_graves";"ilesos";"ignorados";"feridos";"veiculos";"latitude";"longitude";"regional";"delegacia";"uop"
101006;2018-01-04;"quinta-feira";"20:45:00";"MA";316;536;"CAXIAS";"Animais na Pista";"Atropelamento de Animal";"Com Vítimas Feridas";"Plena Noite";"Crescente";"Nublado";"Simples";"Reta";"Não";9;0;3;6;0;0;9;2;-4,837838;-43,477325;"SPRF-MA";"DEL03-MA";"UOP02-DEL03-MA"
101007;2018-01-04;"quinta-feira";"20:30:00";"RJ";101;131;"CARAPEBUS";"Falta de Atenção à Condução";"Capotamento";"Com Vítimas Feridas";"Plena Noite";"Decrescente";"Chuva";"Simples";"Reta";"Não";2;0;2;0;0;0;2;1;-22,12426219;-41,70869545;"SPRF-RJ";"DEL02-RJ";"UOP04-DEL08-RJ"
101009;2018-01-04;"quinta-feira";"21:00:00";"MG";50;180;"UBERABA";"Ingestão de Álcool";"Atropelamento de Pedestre";"Com Vítimas Feridas";"Plena Noite";"Crescente";"Céu Claro";"Simples";"Retorno Regulamentado";"Sim";2;0;1;0;1;0;1;2;-19,7852;-47,9169;"SPRF-MG";"DEL13-MG";"UOP01-DEL13-MG"
101010;2018-01-04;"quinta-feira";"21:20:00";"AL";424;101;"MARECHAL DEODORO";"Objeto estático sobre o leito carroçável";"Colisão com objeto estático";"Com Vítimas Feridas";"Plena Noite";"Crescente";"Céu Claro";"Simples";"Reta";"Não";2;0;1;0;1;0;1;2;-9,66252311;-35,84924698;"SPRF-AL";"DEL02-AL";"UOP01-DEL02-AL"
101015;2018-01-04;"quinta-feira";"18:25:00";"SP";153;61,9;"SAO JOSE DO RIO PRETO";"Defeito Mecânico no Veículo";"Tombamento";"Com Vítimas Feridas";"Pleno dia";"Decrescente";"Céu Claro";"Simples";"Reta";"Sim";1;0;1;0;0;0;1;1;-20,81237446;-49,3564845;"SPRF-SP";"DEL09-SP";"UOP01-DEL09-SP"
101017;2018-01-04;"quinta-feira";"19:50:00";"PR";373;277,4;"PRUDENTOPOLIS";"Defeito Mecânico no Veículo";"Colisão transversal";"Com Vítimas Fatais";"Anoitecer";"Crescente";"Céu Claro";"Simples";"Reta";"Não";3;1;2;0;0;0;2;2;-25,2540116;-51,06994629;"SPRF-PR";"DEL03-PR";"UOP01-DEL08-PR"
101018;2018-01-04;"quinta-feira";"23:21:00";"GO";60;47;"APARECIDA DE GOIANIA";"Desobediência às normas de trânsito pelo condutor";"Colisão transversal";"Com Vítimas Feridas";"Plena Noite";"Crescente";"Chuva";"Dupla";"Reta";"Sim";2;0;1;0;1;0;1;2;-16,78340798;-49,27491277;"SPRF-GO";"DEL01-GO";"UOP03-DEL01-GO"
101019;2018-01-04;"quinta-feira";"23:10:00";"MG";381;488;"BETIM";"Pista Escorregadia";"Colisão com objeto estático";"Sem Vítimas";"Plena Noite";"Crescente";"Chuva";"Dupla";"Curva";"Sim";1;0;0;0;1;0;0;1;-19,9562;-44,1335;"SPRF-MG";"DEL01-MG";"UOP03-DEL01-MG"
101020;2018-01-04;"quinta-feira";"23:20:00";"PR";163;251;"TOLEDO";"Falta de Atenção à Condução";"Colisão lateral";"Com Vítimas Feridas";"Plena Noite";"Crescente";"Céu Claro";"Simples";"Rotatória";"Não";3;0;1;1;1;0;2;2;-24,6897;-53,7579;"SPRF-PR";"DEL06-PR";"UOP02-DEL06-PR"
101025;2018-01-04;"quinta-feira";"22:30:00";"RS";290;176,7;"BUTIA";"Falta de Atenção à Condução";"Colisão transversal";"Com Vítimas Feridas";"Plena Noite";"Crescente";"Céu Claro";"Simples";"Reta";"Sim";4;0;2;0;2;0;2;2;-30,13229355;-51,97917984;"SPRF-RS";"DEL02-RS";"UOP02-DEL02-RS"
101027;2018-01-04;"quinta-feira";"23:40:00";"MS";163;688,2;"RIO VERDE DE MATO GROSSO";"Animais na Pista";"Atropelamento de Animal";"Com Vítimas Feridas";"Plena Noite";"Crescente";"Céu Claro";"Simples";"Aclive";"Não";1;0;1;0;0;0;1;1;-18,854;-54,8211;"SPRF-MS";"DEL06-MS";"UOP01-DEL06-MS"
101028;2018-01-05;"sexta-feira";"00:02:00";"PR";116;116;"CURITIBA";"Falta de Atenção à Condução";"Saída de leito carroçável";"Sem Vítimas";"Plena Noite";"Crescente";"Céu Claro";"Dupla";"Reta";"Sim";1;0;0;0;0;1;0;1;-25,55529617;-49,30605832;"SPRF-PR";"DEL01-PR";"UOP03-DEL01-PR"
101032;2018-01-04;"quinta-feira";"18:30:00";"RS";392;4;"RIO GRANDE";"Falta de Atenção à Condução";"Colisão lateral";"Sem Vítimas";"Pleno dia";"Crescente";"Céu Claro";"Simples";"Interseção de Vias";"Não";3;0;0;0;3;0;0;2;-32,14505853;-52,108966;"SPRF-RS";"DEL07-RS";"UOP02-DEL07-RS"
101034;2018-01-05;"sexta-feira";"00:55:00";"SP";101;35,1;"UBATUBA";"Ingestão de Álcool";"Colisão com objeto estático";"Com Vítimas Feridas";"Plena Noite";"Crescente";"Nublado";"Simples";"Reta";"Sim";1;0;1;0;0;0;1;1;-23,39285143;-45,0091197;"SPRF-SP";"DEL06-SP";"UOP01-DEL06-SP"
101037;2018-01-05;"sexta-feira";"00:45:00";"PB";230;9,5;"CABEDELO";"Velocidade Incompatível";"Colisão com objeto estático";"Sem Vítimas";"Plena Noite";"Decrescente";"Céu Claro";"Dupla";"Curva";"Sim";1;0;0;0;0;1;0;1;-7,03360057;-34,84202026;"SPRF-PB";"DEL01-PB";"UOP01-DEL01-PB"
101040;2018-01-05;"sexta-feira";"01:15:00";"TO";153;287,7;"PRESIDENTE KENNEDY";"Animais na Pista";"Atropelamento de Animal";"Sem Vítimas";"Plena Noite";"Decrescente";"Nublado";"Simples";"Reta";"Não";2;0;0;0;2;0;0;1;-8,42349782;-48,4816278;"SPRF-TO";"DEL02-TO";"UOP02-DEL02-TO"
101042;2018-01-04;"quinta-feira";"19:40:00";"RR";174;356,7;"CARACARAI";"Falta de Atenção à Condução";"Saída de leito carroçável";"Sem Vítimas";"Plena Noite";"Decrescente";"Céu Claro";"Simples";"Curva";"Não";4;0;0;0;4;0;0;1;1,746;-61,149;"SPRF-RR";"DEL01-RR";"UOP01-DEL01-RR"
101045;2018-01-05;"sexta-feira";"04:23:00";"MG";153;144,1;"PRATA";"Ultrapassagem Indevida";"Colisão frontal";"Com Vítimas Feridas";"Plena Noite";"Decrescente";"Nublado";"Simples";"Reta";"Não";5;0;3;2;0;0;5;2;-19,2984;-48,9145;"SPRF-MG";"DEL13-MG";"UOP02-DEL13-MG"
101047;2018-01-05;"sexta-feira";"02:30:00";"MG";381;346;"BELA VISTA DE MINAS";"Avarias e/ou desgaste excessivo no pneu";"Capotamento";"Sem Vítimas";"Plena Noite";"Decrescente";"Chuva";"Simples";"Curva";"Não";3;0;0;0;3;0;0;1;-19,8497924;-43,1468874;"SPRF-MG";"DEL03-MG";"UOP01-DEL03-MG"
101049;2018-01-05;"sexta-feira";"04:30:00";"MG";40;523;"CONTAGEM";"Falta de Atenção à Condução";"Atropelamento de Pedestre";"Com Vítimas Feridas";"Pleno dia";"Crescente";"Nublado";"Dupla";"Reta";"Sim";2;0;1;1;0;0;2;2;-19,87363674;-44,05502021;"SPRF-MG";"DEL01-MG";"UOP03-DEL01-MG"
101051;2018-01-05;"sexta-feira";"01:00:00";"CE";222;212,5;"FORQUILHA";"Animais na Pista";"Atropelamento de Animal";"Com Vítimas Feridas";"Plena Noite";"Decrescente";"Céu Claro";"Simples";"Reta";"Não";4;0;2;2;0;0;4;1;-3,77848095;-40,28098583;"SPRF-CE";"DEL04-CE";"UOP01-DEL04-CE"
101052;2018-01-05;"sexta-feira";"04:00:00";"TO";153;637,3;"ALIANCA DO TOCANTINS";"Condutor Dormindo";"Colisão frontal";"Com Vítimas Fatais";"Plena Noite";"Decrescente";"Céu Claro";"Simples";"Reta";"Não";9;1;0;7;1;0;7;2;-11,42419157;-48,98348526;"SPRF-TO";"DEL02-TO";"UOP02-DEL01-TO"
101053;2018-01-05;"sexta-feira";"05:00:00";"MG";267;27,8;"ARGIRITA";"Velocidade Incompatível";"Atropelamento de Animal";"Sem Vítimas";"Amanhecer";"Decrescente";"Garoa/Chuvisco";"Simples";"Reta";"Não";2;0;0;0;1;1;0;2;-21,63092701;-42,83178262;"SPRF-MG";"DEL07-MG";"UOP01-DEL07-MG"
101054;2018-01-05;"sexta-feira";"05:55:00";"SC";101;25,9;"JOINVILLE";"Condutor Dormindo";"Colisão traseira";"Com Vítimas Feridas";"Amanhecer";"Crescente";"Céu Claro";"Dupla";"Reta";"Sim";2;0;1;0;1;0;1;2;-26,19011123;-48,91192675;"SPRF-SC";"DEL03-SC";"UOP01-DEL03-SC"
101056;2018-01-05;"sexta-feira";"06:00:00";"SC";470;8,8;"NAVEGANTES";"Falta de Atenção à Condução";"Colisão frontal";"Com Vítimas Feridas";"Amanhecer";"Decrescente";"Nublado";"Simples";"Reta";"Não";3;0;0;2;1;0;2;2;-26,85034612;-48,71160889;"SPRF-SC";"DEL04-SC";"UOP04-DEL04-SC"
101059;2018-01-04;"quinta-feira";"20:30:00";"RJ";116;34,4;"SAPUCAIA";"Fenômenos da Natureza";"Colisão com objeto estático";"Com Vítimas Feridas";"Plena Noite";"Decrescente";"Chuva";"Simples";"Reta";"Não";1;0;1;0;0;0;1;1;-22,0972512;-42,80651093;"SPRF-RJ";"DEL04-RJ";"UOP01-DEL04-RJ"
101060;2018-01-05;"sexta-feira";"05:30:00";"PE";424;73,9;"CAETES";"Falta de Atenção à Condução";"Capotamento";"Com Vítimas Feridas";"Amanhecer";"Decrescente";"Céu Claro";"Simples";"Reta";"Não";1;0;1;0;0;0;1;1;-8,799193;-36,59176711;"SPRF-PE";"DEL03-PE";"UOP01-DEL03-PE"
101064;2018-01-05;"sexta-feira";"05:30:00";"PR";277;243,5;"IRATI";"Ingestão de Álcool";"Capotamento";"Com Vítimas Feridas";"Plena Noite";"Crescente";"Nublado";"Simples";"Reta";"Não";1;0;1;0;0;0;1;1;-25,45134579;-50,66150486;"SPRF-PR";"DEL03-PR";"UOP02-DEL08-PR"
101066;2018-01-05;"sexta-feira";"05:30:00";"MA";316;556;"CAXIAS";"Ultrapassagem Indevida";"Colisão lateral";"Sem Vítimas";"Amanhecer";"Decrescente";"Nublado";"Simples";"Curva";"Não";2;0;0;0;2;0;0;2;-4,879539;-43,317741;"SPRF-MA";"DEL03-MA";"UOP02-DEL03-MA"
101067;2018-01-05;"sexta-feira";"08:00:00";"RS";116;265,7;"CANOAS";"Falta de Atenção à Condução";"Colisão lateral";"Com Vítimas Feridas";"Pleno dia";"Crescente";"Céu Claro";"Múltipla";"Declive";"Sim";2;0;1;0;1;0;1;2;-29,92856391;-51,1777809;"SPRF-RS";"DEL01-RS";"UOP01-DEL01-RS"
101068;2018-01-05;"sexta-feira";"07:00:00";"MS";267;238,3;"NOVA ALVORADA DO SUL";"Avarias e/ou desgaste excessivo no pneu";"Capotamento";"Sem Vítimas";"Pleno dia";"Crescente";"Céu Claro";"Simples";"Reta";"Não";1;0;0;0;1;0;0;1;-21,466286;-54,38433;"SPRF-MS";"DEL02-MS";"UOP01-DEL02-MS"
101070;2018-01-05;"sexta-feira";"06:57:00";"MG";40;43,4;"PARACATU";"Animais na Pista";"Queda de ocupante de veículo";"Com Vítimas Feridas";"Pleno dia";"Crescente";"Garoa/Chuvisco";"Simples";"Reta";"Sim";1;0;1;0;0;0;1;1;-17,22797245;-46,85858109;"SPRF-MG";"DEL14-MG";"UOP01-DEL14-MG"
101071;2018-01-05;"sexta-feira";"08:30:00";"RJ";116;268,4;"BARRA MANSA";"Falta de Atenção à Condução";"Saída de leito carroçável";"Com Vítimas Feridas";"Pleno dia";"Decrescente";"Garoa/Chuvisco";"Dupla";"Curva";"Não";1;0;0;1;0;0;1;1;-22,54465;-44,17177;"SPRF-RJ";"DEL07-RJ";"UOP02-DEL07-RJ"
101073;2018-01-05;"sexta-feira";"07:20:00";"BA";407;121,4;"SENHOR DO BONFIM";"Velocidade Incompatível";"Saída de leito carroçável";"Sem Vítimas";"Pleno dia";"Crescente";"Chuva";"Simples";"Curva";"Não";1;0;0;0;1;0;0;1;-10,417723;-40,18486887;"SPRF-BA";"DEL04-BA";"UOP01-DEL04-BA"
101076;2018-01-05;"sexta-feira";"08:45:00";"SC";101;145;"ITAPEMA";"Velocidade Incompatível";"Colisão lateral";"Sem Vítimas";"Pleno dia";"Decrescente";"Céu Claro";"Dupla";"Reta";"Não";2;0;0;0;2;0;0;2;-27,08515771;-48,60670477;"SPRF-SC";"DEL04-SC";"UOP03-DEL04-SC"
101077;2018-01-05;"sexta-feira";"08:50:00";"SP";116;210;"GUARULHOS";"Não guardar distância de segurança";"Engavetamento";"Sem Vítimas";"Pleno dia";"Crescente";"Céu Claro";"Dupla";"Aclive";"Sim";5;0;0;0;5;0;0;5;-23,4301789;-46,4146283;"SPRF-SP";"DEL01-SP";"UOP01-DEL01-SP"
101078;2018-01-05;"sexta-feira";"07:00:00";"CE";222;224,7;"SOBRAL";"Falta de Atenção à Condução";"Colisão transversal";"Com Vítimas Feridas";"Pleno dia";"Decrescente";"Céu Claro";"Simples";"Reta";"Sim";2;0;1;0;1;0;1;2;-3,7188887;-40,332257;"SPRF-CE";"DEL04-CE";"UOP01-DEL04-CE"
101081;2018-01-05;"sexta-feira";"07:10:00";"MA";135;126;"MIRANDA DO NORTE";"Falta de Atenção à Condução";"Colisão lateral";"Sem Vítimas";"Pleno dia";"Decrescente";"Sol";"Simples";"Reta";"Sim";2;0;0;0;2;0;0;2;-3,560108;-44,586227;"SPRF-MA";"DEL01-MA";"UOP02-DEL01-MA"
101083;2018-01-05;"sexta-feira";"09:15:00";"DF";60;26,8;"BRASILIA";"Pista Escorregadia";"Saída de leito carroçável";"Sem Vítimas";"Pleno dia";"Decrescente";"Chuva";"Simples";"Reta";"Não";1;0;0;0;1;0;0;1;-16,00777266;-48,24685455;"SPRF-DF";"DEL01-DF";"UOP01-DEL03-DF"
101084;2018-01-05;"sexta-feira";"09:32:00";"SC";101;182;"BIGUACU";"Não guardar distância de segurança";"Colisão com objeto estático";"Com Vítimas Feridas";"Pleno dia";"Crescente";"Céu Claro";"Múltipla";"Reta";"Sim";2;0;1;0;1;0;1;1;-27,4071;-48,6284;"SPRF-SC";"DEL01-SC";"UOP01-DEL01-SC"
101085;2018-01-05;"sexta-feira";"09:30:00";"RS";116;235,5;"NOVO HAMBURGO";"Mal Súbito";"Colisão com objeto estático";"Com Vítimas Feridas";"Pleno dia";"Decrescente";"Céu Claro";"Dupla";"Reta";"Sim";1;0;0;1;0;0;1;1;-29,66519625;-51,14325643;"SPRF-RS";"DEL01-RS";"UOP02-DEL01-RS"
101086;2018-01-05;"sexta-feira";"09:40:00";"MG";381;615,4;"OLIVEIRA";"Velocidade Incompatível";"Saída de leito carroçável";"Sem Vítimas";"Pleno dia";"Decrescente";"Chuva";"Dupla";"Curva";"Não";3;0;0;0;3;0;0;3;-20,71924251;-44,76606156;"SPRF-MG";"DEL04-MG";"UOP01-DEL04-MG"
101087;2018-01-05;"sexta-feira";"09:40:00";"MG";381;744,3;"TRES CORACOES";"Velocidade Incompatível";"Saída de leito carroçável";"Sem Vítimas";"Pleno dia";"Decrescente";"Chuva";"Dupla";"Curva";"Não";1;0;0;0;1;0;0;1;-21,61839011;-45,25022151;"SPRF-MG";"DEL16-MG";"UOP02-DEL16-MG"
101088;2018-01-05;"sexta-feira";"08:45:00";"SP";101;46;"UBATUBA";"Falta de Atenção à Condução";"Colisão traseira";"Sem Vítimas";"Pleno dia";"Decrescente";"Céu Claro";"Simples";"Reta";"Sim";4;0;0;0;4;0;0;4;-23,42526164;-45,07646173;"SPRF-SP";"DEL06-SP";"UOP01-DEL06-SP"
101091;2018-01-05;"sexta-feira";"08:00:00";"PB";230;18,2;"JOAO PESSOA";"Falta de Atenção à Condução";"Engavetamento";"Sem Vítimas";"Pleno dia";"Decrescente";"Céu Claro";"Dupla";"Reta";"Sim";3;0;0;0;3;0;0;3;-7,131312;-34,84852385;"SPRF-PB";"DEL01-PB";"UOP01-DEL01-PB"
101093;2018-01-05;"sexta-feira";"09:30:00";"RN";304;30,8;"MOSSORO";"Falta de Atenção à Condução";"Colisão transversal";"Com Vítimas Feridas";"Pleno dia";"Crescente";"Nublado";"Simples";"Reta";"Não";4;0;1;1;2;0;2;2;-5,12416291;-37,34256912;"SPRF-RN";"DEL04-RN";"UOP02-DEL04-RN"
101096;2018-01-05;"sexta-feira";"09:30:00";"RN";101;97,7;"NATAL";"Não guardar distância de segurança";"Colisão traseira";"Com Vítimas Feridas";"Pleno dia";"Decrescente";"Céu Claro";"Dupla";"Reta";"Sim";6;0;1;0;5;0;1;5;-5,86329167;-35,21538716;"SPRF-RN";"DEL01-RN";"UOP01-DEL01-RN"
101099;2018-01-05;"sexta-feira";"10:40:00";"SC";116;302,7;"CAPAO ALTO";"Desobediência às normas de trânsito pelo condutor";"Saída de leito carroçável";"Com Vítimas Feridas";"Pleno dia";"Crescente";"Céu Claro";"Simples";"Reta";"Não";2;0;1;0;1;0;1;1;-28,14344875;-50,65423876;"SPRF-SC";"DEL05-SC";"UOP02-DEL05-SC"
101101;2018-01-05;"sexta-feira";"10:10:00";"PR";277;8;"PARANAGUA";"Falta de Atenção à Condução";"Saída de leito carroçável";"Com Vítimas Feridas";"Pleno dia";"Crescente";"Sol";"Dupla";"Reta";"Não";1;0;1;0;0;0;1;1;-25,562887;-48,591787;"SPRF-PR";"DEL01-PR";"UOP05-DEL01-PR"
101102;2018-01-05;"sexta-feira";"10:15:00";"MG";40;252;"SAO GONCALO DO ABAETE";"Pista Escorregadia";"Saída de leito carroçável";"Com Vítimas Feridas";"Pleno dia";"Crescente";"Chuva";"Simples";"Reta";"Não";4;0;2;0;2;0;2;1;-18,122776;-45,42601;"SPRF-MG";"DEL14-MG";"UOP02-DEL14-MG"
101104;2018-01-05;"sexta-feira";"09:40:00";"PE";232;409;"SERRA TALHADA";"Desobediência às normas de trânsito pelo condutor";"Colisão transversal";"Com Vítimas Feridas";"Pleno dia";"Decrescente";"Sol";"Simples";"Reta";"Sim";3;0;2;0;1;0;2;2;-7,981944;-38,289467;"SPRF-PE";"DEL04-PE";"UOP01-DEL04-PE"
101105;2018-01-05;"sexta-feira";"09:05:00";"GO";60;38,5;"GOIANIA";"Ingestão de Álcool";"Colisão com objeto estático";"Sem Vítimas";"Pleno dia";"Decrescente";"Céu Claro";"Dupla";"Rotatória";"Sim";3;0;0;0;1;2;0;2;-16,7482857;-49,3420139;"SPRF-GO";"DEL01-GO";"UOP02-DEL01-GO"
101106;2018-01-05;"sexta-feira";"10:20:00";"MT";364;264;"SAO PEDRO DA CIPA";"Falta de Atenção à Condução";"Colisão traseira";"Com Vítimas Feridas";"Pleno dia";"Crescente";"Nublado";"Dupla";"Reta";"Sim";2;0;0;1;1;0;1;2;-16,010574;-54,913445;"SPRF-MT";"DEL02-MT";"UOP02-DEL05-MT"
101107;2018-01-05;"sexta-feira";"09:52:00";"RJ";101;329;"RIO DE JANEIRO";"Falta de Atenção à Condução";"Colisão traseira";"Com Vítimas Feridas";"Pleno dia";"Crescente";"Céu Claro";"Dupla";"Túnel";"Não";2;0;1;0;1;0;1;2;-22,869379;-43,175808;"SPRF-RJ";"DEL02-RJ";"UOP02-DEL02-RJ"
101108;2018-01-05;"sexta-feira";"10:10:00";"TO";153;733;"FIGUEIROPOLIS";"Ultrapassagem Indevida";"Colisão frontal";"Com Vítimas Feridas";"Pleno dia";"Crescente";"Céu Claro";"Simples";"Reta";"Não";6;0;2;4;0;0;6;2;-12,26333147;-49,15798187;"SPRF-TO";"DEL02-TO";"UOP02-DEL01-TO"
101109;2018-01-05;"sexta-feira";"11:25:00";"MG";262;498,8;"MOEMA";"Velocidade Incompatível";"Saída de leito carroçável";"Sem Vítimas";"Pleno dia";"Decrescente";"Chuva";"Simples";"Curva";"Não";1;0;0;0;1;0;0;1;-19,843803;-45,411213;"SPRF-MG";"DEL08-MG";"UOP03-DEL08-MG"
101110;2018-01-05;"sexta-feira";"09:25:00";"RR";174;497;"BOA VISTA";"Defeito Mecânico no Veículo";"Queda de ocupante de veículo";"Com Vítimas Feridas";"Pleno dia";"Decrescente";"Céu Claro";"Dupla";"Reta";"Sim";1;0;1;0;0;0;1;1;2,74998878;-60,74231923;"SPRF-RR";"DEL01-RR";"UOP01-DEL01-RR"
101112;2018-01-05;"sexta-feira";"11:40:00";"MG";381;727,6;"CARMO DA CACHOEIRA";"Pista Escorregadia";"Colisão com objeto estático";"Sem Vítimas";"Pleno dia";"Crescente";"Chuva";"Dupla";"Curva";"Não";1;0;0;0;1;0;0;1;-21,48379282;-45,20464611;"SPRF-MG";"DEL04-MG";"UOP02-DEL04-MG"
101114;2018-01-05;"sexta-feira";"11:40:00";"SC";101;336,5;"TUBARAO";"Não guardar distância de segurança";"Colisão com objeto estático";"Sem Vítimas";"Pleno dia";"Crescente";"Céu Claro";"Dupla";"Viaduto";"Sim";1;0;0;0;1;0;0;1;-28,47551004;-49,02832925;"SPRF-SC";"DEL02-SC";"UOP01-DEL02-SC"
101118;2018-01-05;"sexta-feira";"11:30:00";"RJ";116;228,3;"PIRAI";"Falta de Atenção à Condução";"Capotamento";"Sem Vítimas";"Pleno dia";"Decrescente";"Chuva";"Dupla";"Curva";"Não";1;0;0;0;1;0;0;1;-22,6335;-43,9046;"SPRF-RJ";"DEL07-RJ";"UOP01-DEL07-RJ"
101121;2018-01-05;"sexta-feira";"12:10:00";"RJ";101;412,9;"ITAGUAI";"Falta de Atenção à Condução";"Colisão lateral";"Com Vítimas Feridas";"Pleno dia";"Crescente";"Nublado";"Dupla";"Retorno Regulamentado";"Sim";2;0;1;0;1;0;1;2;-22,89920525;-43,86416495;"SPRF-RJ";"DEL03-RJ";"UOP01-DEL03-RJ"
101122;2018-01-05;"sexta-feira";"10:50:00";"RN";226;15;"MACAIBA";"Falta de Atenção do Pedestre";"Atropelamento de Pedestre";"Com Vítimas Feridas";"Pleno dia";"Crescente";"Céu Claro";"Simples";"Curva";"Sim";2;0;0;1;1;0;1;2;-5,857368;-35,336594;"SPRF-RN";"DEL01-RN";"UOP02-DEL01-RN"
101123;2018-01-05;"sexta-feira";"10:09:00";"RO";319;63,6;"PORTO VELHO";"Falta de Atenção à Condução";"Colisão traseira";"Com Vítimas Feridas";"Pleno dia";"Crescente";"Sol";"Dupla";"Reta";"Sim";2;0;1;0;1;0;1;2;-8,7629851;-63,88522714;"SPRF-RO";"DEL01-RO";"UOP01-DEL01-RO"
101125;2018-01-05;"sexta-feira";"12:40:00";"SP";116;279;"EMBU DAS ARTES";"Ultrapassagem Indevida";"Colisão lateral";"Sem Vítimas";"Pleno dia";"Decrescente";"Sol";"Dupla";"Reta";"Sim";2;0;0;0;1;1;0;2;-23,649368;-46,852623;"SPRF-SP";"DEL04-SP";"UOP01-DEL04-SP"
101126;2018-01-05;"sexta-feira";"12:00:00";"SC";282;439,5;"IRANI";"Falta de Atenção à Condução";"Saída de leito carroçável";"Com Vítimas Feridas";"Pleno dia";"Crescente";"Céu Claro";"Simples";"Reta";"Não";2;0;2;0;0;0;2;1;-26,94171593;-51,86504441;"SPRF-SC";"DEL07-SC";"UOP04-DEL07-SC"
101128;2018-01-05;"sexta-feira";"11:00:00";"PR";277;136,2;"BALSA NOVA";"Falta de Atenção à Condução";"Queda de ocupante de veículo";"Com Vítimas Feridas";"Pleno dia";"Crescente";"Céu Claro";"Dupla";"Aclive";"Não";1;0;1;0;0;0;1;1;-25,584366;-49,635983;"SPRF-PR";"DEL01-PR";"UOP06-DEL01-PR"
101129;2018-01-05;"sexta-feira";"10:30:00";"PE";101;155;"RIBEIRAO";"Defeito Mecânico no Veículo";"Incêndio";"Sem Vítimas";"Pleno dia";"Crescente";"Céu Claro";"Dupla";"Reta";"Não";1;0;0;0;1;0;0;1;-8,540182;-35,391197;"SPRF-PE";"DEL01-PE";"UOP03-DEL01-PE"
101130;2018-01-05;"sexta-feira";"13:10:00";"SC";101;312,3;"LAGUNA";"Desobediência às normas de trânsito pelo condutor";"Colisão transversal";"Com Vítimas Feridas";"Pleno dia";"Crescente";"Céu Claro";"Dupla";"Interseção de Vias";"Sim";2;0;1;0;1;0;1;2;-28,4406525;-48,81720722;"SPRF-SC";"DEL02-SC";"UOP01-DEL02-SC"
101131;2018-01-05;"sexta-feira";"06:50:00";"MT";364;404;"CUIABA";"Falta de Atenção à Condução";"Colisão traseira";"Com Vítimas Feridas";"Pleno dia";"Decrescente";"Céu Claro";"Dupla";"Reta";"Sim";2;0;1;0;1;0;1;2;-15,64238343;-56,01861387;"SPRF-MT";"DEL02-MT";"UOP02-DEL01-MT"
101134;2018-01-05;"sexta-feira";"13:45:00";"SC";101;145;"ITAPEMA";"Falta de Atenção à Condução";"Colisão traseira";"Com Vítimas Feridas";"Pleno dia";"Decrescente";"Céu Claro";"Múltipla";"Reta";"Não";2;0;1;0;1;0;1;2;-27,0868;-48,6095;"SPRF-SC";"DEL04-SC";"UOP03-DEL04-SC"
101135;2018-01-05;"sexta-feira";"13:30:00";"SP";153;256,5;"MARILIA";"Desobediência às normas de trânsito pelo condutor";"Atropelamento de Pedestre";"Com Vítimas Feridas";"Pleno dia";"Crescente";"Sol";"Dupla";"Reta";"Sim";2;0;2;0;0;0;2;2;-22,23541314;-49,91907291;"SPRF-SP";"DEL07-SP";"UOP02-DEL07-SP"
101136;2018-01-05;"sexta-feira";"11:50:00";"MG";40;272;"TRES MARIAS";"Falta de Atenção à Condução";"Colisão transversal";"Com Vítimas Feridas";"Pleno dia";"Crescente";"Garoa/Chuvisco";"Simples";"Aclive";"Não";6;0;3;0;3;0;3;2;-18,184822;-45,26078;"SPRF-MG";"DEL14-MG";"UOP02-DEL14-MG"
101137;2018-01-05;"sexta-feira";"11:00:00";"RO";364;696;"PORTO VELHO";"Falta de Atenção à Condução";"Colisão transversal";"Com Vítimas Feridas";"Pleno dia";"Crescente";"Céu Claro";"Dupla";"Retorno Regulamentado";"Não";4;0;1;0;3;0;1;2;-8,762345;-63,90435;"SPRF-RO";"DEL01-RO";"UOP01-DEL01-RO"
101138;2018-01-05;"sexta-feira";"13:50:00";"RS";386;74,8;"BOA VISTA DAS MISSOES";"Desobediência às normas de trânsito pelo condutor";"Colisão transversal";"Com Vítimas Feridas";"Pleno dia";"Crescente";"Céu Claro";"Simples";"Interseção de Vias";"Sim";4;0;2;0;2;0;2;2;-27,68634025;-53,307724;"SPRF-RS";"DEL08-RS";"UOP02-DEL08-RS"
101140;2018-01-05;"sexta-feira";"12:20:00";"RN";101;77,3;"NATAL";"Falta de Atenção à Condução";"Colisão transversal";"Com Vítimas Feridas";"Pleno dia";"Decrescente";"Céu Claro";"Dupla";"Interseção de Vias";"Sim";3;0;1;0;2;0;1;2;-5,73377867;-35,29089232;"SPRF-RN";"DEL02-RN";"UOP01-DEL02-RN"
101141;2018-01-05;"sexta-feira";"13:30:00";"GO";70;25;"COCALZINHO DE GOIAS";"Defeito Mecânico no Veículo";"Colisão transversal";"Com Vítimas Feridas";"Pleno dia";"Decrescente";"Chuva";"Simples";"Curva";"Não";3;0;3;0;0;0;3;2;-15,7484;-48,4116;"SPRF-DF";"DEL01-DF";"UOP02-DEL03-DF"
101142;2018-01-05;"sexta-feira";"13:40:00";"ES";101;144,1;"LINHARES";"Desobediência às normas de trânsito pelo condutor";"Colisão lateral";"Com Vítimas Feridas";"Pleno dia";"Decrescente";"Céu Claro";"Múltipla";"Reta";"Sim";3;0;1;0;1;1;1;2;-19,39159;-40,072563;"SPRF-ES";"DEL04-ES";"UOP01-DEL04-ES"