"id";"data_inversa";"dia_semana";"horario";"uf";"br";"km";"municipio";"causa_acidente";"tipo_acidente";"classificacao_acidente";"fase_dia";"sentido_via";"condicao_metereologica";"tipo_pista";"tracado_via";"uso_solo";"pessoas";"mortos";"feridos_leves";"feridos_graves";"ilesos";"ignorados";"feridos";"veiculos";"latitude";"longitude";"regional";"delegacia";"uop"
101389;2018-01-06;"sábado";"10:30:00";"RJ";393;287,9;"VOLTA REDONDA";"Falta de Atenção à Condução";"Colisão traseira";"Com Vítimas Feridas";"Pleno dia";"Decrescente";"Nublado";"Simples";"Reta";"Sim";4;0;2;0;2;0;2;2;-22,51215464;-44,09263283;"SPRF-RJ";"DEL05-RJ";"UOP04-DEL05-RJ"
101390;2018-01-06;"sábado";"09:30:00";"SE";235;4,1;"NOSSA SENHORA DO SOCORRO";"Falta de Atenção à Condução";"Colisão traseira";"Sem Vítimas";"Pleno dia";"Crescente";"Céu Claro";"Dupla";"Aclive";"Sim";6;0;0;0;6;0;0;3;-10,90635;-37,11883;"SPRF-SE";"DEL01-SE";"UOP01-DEL01-SE"
101391;2018-01-06;"sábado";"10:50:00";"DF";60;20;"BRASILIA";"Falta de Atenção à Condução";"Saída de leito carroçável";"Com Vítimas Feridas";"Pleno dia";"Crescente";"Nublado";"Dupla";"Reta";"Não";1;0;1;0;0;0;1;1;-15,976206;-48,198563;"SPRF-DF";"DEL01-DF";"UOP01-DEL03-DF"
101393;2018-01-06;"sábado";"10:40:00";"SC";101;227,8;"PALHOCA";"Falta de Atenção à Condução";"Colisão lateral";"Com Vítimas Feridas";"Pleno dia";"Crescente";"Céu Claro";"Dupla";"Reta";"Não";4;0;0;2;2;0;2;3;-27,7524695;-48,63383565;"SPRF-SC";"DEL01-SC";"UOP02-DEL01-SC"
101394;2018-01-06;"sábado";"11:15:00";"MG";381;929,2;"ITAPEVA";"Falta de Atenção à Condução";"Colisão com objeto estático";"Com Vítimas Feridas";"Pleno dia";"Decrescente";"Chuva";"Dupla";"Curva";"Não";2;0;2;0;0;0;2;1;-22,77544081;-46,23782069;"SPRF-MG";"DEL16-MG";"UOP03-DEL16-MG"
101395;2018-01-06;"sábado";"11:20:00";"MG";381;924,5;"CAMANDUCAIA";"Velocidade Incompatível";"Capotamento";"Com Vítimas Feridas";"Pleno dia";"Crescente";"Chuva";"Dupla";"Curva";"Não";1;0;1;0;0;0;1;1;-22,7712;-46,1986;"SPRF-MG";"DEL16-MG";"UOP03-DEL16-MG"
101398;2018-01-06;"sábado";"11:00:00";"SC";116;5,2;"MAFRA";"Falta de Atenção à Condução";"Colisão traseira";"Sem Vítimas";"Pleno dia";"Crescente";"Céu Claro";"Simples";"Reta";"Sim";3;0;0;0;3;0;0;3;-26,140944;-49,815083;"SPRF-SC";"DEL06-SC";"UOP01-DEL06-SC"
101399;2018-01-06;"sábado";"10:20:00";"MS";163;697,8;"RIO VERDE DE MATO GROSSO";"Velocidade Incompatível";"Saída de leito carroçável";"Com Vítimas Feridas";"Pleno dia";"Crescente";"Chuva";"Simples";"Curva";"Não";2;0;1;0;1;0;1;1;-18,76875835;-54,82960939;"SPRF-MS";"DEL06-MS";"UOP01-DEL06-MS"
101401;2018-01-06;"sábado";"11:20:00";"GO";60;294,8;"ACREUNA";"Velocidade Incompatível";"Saída de leito carroçável";"Com Vítimas Feridas";"Pleno dia";"Crescente";"Ignorado";"Dupla";"Reta";"Não";3;0;3;0;0;0;3;1;-17,32971758;-50,30431777;"SPRF-GO";"DEL04-GO";"UOP01-DEL04-GO"
101402;2018-01-06;"sábado";"10:30:00";"BA";116;425;"FEIRA DE SANTANA";"Não guardar distância de segurança";"Colisão transversal";"Com Vítimas Feridas";"Pleno dia";"Decrescente";"Céu Claro";"Simples";"Curva";"Sim";2;0;0;1;1;0;1;2;-12,267113;-38,966988;"SPRF-BA";"DEL02-BA";"UOP01-DEL02-BA"
101403;2018-01-06;"sábado";"11:30:00";"MG";356;265,2;"MURIAE";"Desobediência às normas de trânsito pelo condutor";"Colisão transversal";"Com Vítimas Feridas";"Pleno dia";"Crescente";"Nublado";"Simples";"Reta";"Sim";2;0;1;0;1;0;1;2;-21,1268787;-42,37283528;"SPRF-MG";"DEL07-MG";"UOP02-DEL07-MG"
101404;2018-01-06;"sábado";"11:00:00";"SC";101;189,9;"BIGUACU";"Falta de Atenção à Condução";"Colisão traseira";"Com Vítimas Feridas";"Pleno dia";"Crescente";"Sol";"Dupla";"Reta";"Não";3;0;1;0;2;0;1;2;-27,46541307;-48,64198923;"SPRF-SC";"DEL01-SC";"UOP01-DEL01-SC"
101405;2018-01-06;"sábado";"11:30:00";"SC";101;37,3;"JOINVILLE";"Velocidade Incompatível";"Engavetamento";"Com Vítimas Feridas";"Pleno dia";"Decrescente";"Céu Claro";"Dupla";"Reta";"Não";3;0;2;0;1;0;2;3;-26,29045406;-48,88560823;"SPRF-SC";"DEL03-SC";"UOP01-DEL03-SC"
101406;2018-01-06;"sábado";"11:40:00";"DF";20;11;"BRASILIA";"Falta de Atenção à Condução";"Colisão traseira";"Com Vítimas Feridas";"Pleno dia";"Crescente";"Nublado";"Dupla";"Reta";"Não";2;0;1;0;1;0;1;2;-15,64654;-47,766422;"SPRF-DF";"DEL02-DF";"UOP01-DEL02-DF"
101407;2018-01-06;"sábado";"11:30:00";"SC";282;17,3;"PALHOCA";"Não guardar distância de segurança";"Colisão traseira";"Sem Vítimas";"Pleno dia";"Decrescente";"Céu Claro";"Simples";"Reta";"Sim";2;0;0;0;2;0;0;2;-27,66783116;-48,68993593;"SPRF-SC";"DEL01-SC";"UOP02-DEL01-SC"
101408;2018-01-06;"sábado";"10:50:00";"SC";101;104;"PENHA";"Não guardar distância de segurança";"Colisão com objeto estático";"Com Vítimas Feridas";"Pleno dia";"Decrescente";"Sol";"Múltipla";"Reta";"Não";1;0;1;0;0;0;1;1;-26,8022;-48,6787;"SPRF-SC";"DEL03-SC";"UOP02-DEL03-SC"
101409;2018-01-06;"sábado";"11:45:00";"RJ";40;35;"AREAL";"Mal Súbito";"Colisão com objeto estático";"Sem Vítimas";"Pleno dia";"Decrescente";"Céu Claro";"Dupla";"Curva";"Não";1;0;0;0;1;0;0;1;-22,2159;-43,1308;"SPRF-RJ";"DEL06-RJ";"UOP02-DEL05-RJ"
101411;2018-01-06;"sábado";"10:40:00";"MT";163;722,9;"SORRISO";"Ultrapassagem Indevida";"Saída de leito carroçável";"Com Vítimas Feridas";"Pleno dia";"Crescente";"Nublado";"Simples";"Curva";"Não";5;0;3;0;2;0;3;1;-12,72842851;-55,83011627;"SPRF-MT";"DEL06-MT";"UOP01-DEL06-MT"
101412;2018-01-06;"sábado";"07:35:00";"MG";381;161,1;"GOVERNADOR VALADARES";"Condutor Dormindo";"Saída de leito carroçável";"Com Vítimas Fatais";"Pleno dia";"Decrescente";"Nublado";"Simples";"Curva";"Não";3;2;0;1;0;0;1;1;-18,90456005;-42,00327247;"SPRF-MG";"DEL06-MG";"UOP01-DEL06-MG"
101414;2018-01-06;"sábado";"09:10:00";"SC";282;223;"LAGES";"Falta de Atenção à Condução";"Colisão traseira";"Sem Vítimas";"Pleno dia";"Crescente";"Céu Claro";"Simples";"Rotatória";"Sim";2;0;0;0;2;0;0;2;-27,800127;-50,362751;"SPRF-SC";"DEL05-SC";"UOP01-DEL05-SC"
101416;2018-01-06;"sábado";"11:30:00";"SC";280;128,2;"RIO NEGRINHO";"Falta de Atenção à Condução";"Colisão transversal";"Com Vítimas Feridas";"Pleno dia";"Crescente";"Céu Claro";"Simples";"Reta";"Não";2;0;1;0;1;0;1;2;-26,24253393;-49,51185375;"SPRF-SC";"DEL06-SC";"UOP03-DEL06-SC"
101417;2018-01-06;"sábado";"11:00:00";"PI";343;325;"TERESINA";"Avarias e/ou desgaste excessivo no pneu";"Tombamento";"Com Vítimas Feridas";"Pleno dia";"Decrescente";"Céu Claro";"Simples";"Reta";"Não";2;0;2;0;0;0;2;1;-5,065521;-42,609653;"SPRF-PI";"DEL01-PI";"UOP01-DEL01-PI"
101420;2018-01-06;"sábado";"12:15:00";"PR";277;56,8;"SAO JOSE DOS PINHAIS";"Falta de Atenção à Condução";"Saída de leito carroçável";"Com Vítimas Feridas";"Pleno dia";"Crescente";"Céu Claro";"Dupla";"Reta";"Não";2;0;1;0;1;0;1;1;-25,56818821;-49,00069714;"SPRF-PR";"DEL01-PR";"UOP07-DEL01-PR"
101421;2018-01-06;"sábado";"12:05:00";"SC";101;204,4;"SAO JOSE";"Não guardar distância de segurança";"Colisão traseira";"Com Vítimas Feridas";"Pleno dia";"Decrescente";"Sol";"Dupla";"Reta";"Sim";4;0;1;0;1;2;1;4;-27,58001199;-48,61422745;"SPRF-SC";"DEL01-SC";"UOP01-DEL01-SC"
101422;2018-01-06;"sábado";"13:00:00";"PR";277;255,8;"IRATI";"Ultrapassagem Indevida";"Colisão transversal";"Com Vítimas Feridas";"Pleno dia";"Crescente";"Nublado";"Simples";"Reta";"Não";4;0;1;1;2;0;2;2;-25,41440014;-50,77001095;"SPRF-PR";"DEL03-PR";"UOP02-DEL08-PR"
101423;2018-01-06;"sábado";"12:15:00";"SP";116;175,2;"GUARAREMA";"Velocidade Incompatível";"Colisão com objeto estático";"Sem Vítimas";"Pleno dia";"Crescente";"Sol";"Dupla";"Interseção de Vias;Reta;Aclive";"Não";1;0;0;0;1;0;0;1;-23,32163666;-46,10073734;"SPRF-SP";"DEL02-SP";"UOP01-DEL02-SP"
101424;2018-01-06;"sábado";"11:50:00";"SE";235;5,9;"NOSSA SENHORA DO SOCORRO";"Não guardar distância de segurança";"Colisão traseira";"Com Vítimas Feridas";"Pleno dia";"Crescente";"Céu Claro";"Dupla";"Reta";"Sim";4;0;2;0;2;0;2;2;-10,90425795;-37,12668288;"SPRF-SE";"DEL01-SE";"UOP01-DEL01-SE"
101426;2018-01-06;"sábado";"12:15:00";"SC";153;92,3;"CONCORDIA";"Pista Escorregadia";"Saída de leito carroçável";"Com Vítimas Feridas";"Pleno dia";"Crescente";"Céu Claro";"Simples";"Curva";"Não";4;0;3;0;1;0;3;1;-27,1872538;-51,93368733;"SPRF-SC";"DEL07-SC";"UOP04-DEL07-SC"
101427;2018-01-06;"sábado";"12:35:00";"SC";101;213;"PALHOCA";"Não guardar distância de segurança";"Engavetamento";"Sem Vítimas";"Pleno dia";"Crescente";"Nublado";"Múltipla";"Reta";"Sim";4;0;0;0;4;0;0;4;-27,6446;-48,6705;"SPRF-SC";"DEL01-SC";"UOP02-DEL01-SC"
101428;2018-01-06;"sábado";"13:00:00";"GO";60;199,7;"GUAPO";"Pista Escorregadia";"Saída de leito carroçável";"Com Vítimas Feridas";"Pleno dia";"Crescente";"Chuva";"Dupla";"Declive;Curva";"Não";3;0;2;0;1;0;2;1;-16,87158726;-49,61121812;"SPRF-GO";"DEL01-GO";"UOP02-DEL01-GO"
101431;2018-01-06;"sábado";"05:00:00";"SC";101;318;"PESCARIA BRAVA";"Velocidade Incompatível";"Saída de leito carroçável";"Com Vítimas Feridas";"Plena Noite";"Crescente";"Ignorado";"Dupla";"Reta";"Sim";1;0;1;0;0;0;1;1;-28,4291;-48,8692;"SPRF-SC";"DEL02-SC";"UOP01-DEL02-SC"
101433;2018-01-06;"sábado";"13:50:00";"RS";116;216,6;"MORRO REUTER";"Falta de Atenção à Condução";"Colisão transversal";"Com Vítimas Feridas";"Pleno dia";"Decrescente";"Nublado";"Simples";"Reta";"Sim";3;0;0;1;1;1;1;3;-29,54037749;-51,07742429;"SPRF-RS";"DEL05-RS";"UOP02-DEL05-RS"
101436;2018-01-06;"sábado";"12:50:00";"CE";222;3,5;"CAUCAIA";"Falta de Atenção à Condução";"Colisão traseira";"Com Vítimas Feridas";"Pleno dia";"Decrescente";"Céu Claro";"Múltipla";"Reta";"Sim";2;0;0;1;1;0;1;2;-3,74087702;-38,59954655;"SPRF-CE";"DEL01-CE";"UOP01-DEL01-CE"
101437;2018-01-06;"sábado";"12:10:00";"PE";232;408;"SERRA TALHADA";"Falta de Atenção à Condução";"Colisão transversal";"Com Vítimas Feridas";"Pleno dia";"Crescente";"Sol";"Simples";"Retorno Regulamentado";"Sim";2;0;0;1;1;0;1;2;-7,9833699;-38,28247458;"SPRF-PE";"DEL04-PE";"UOP01-DEL04-PE"
101438;2018-01-06;"sábado";"14:00:00";"GO";452;34,4;"SANTA HELENA DE GOIAS";"Pista Escorregadia";"Saída de leito carroçável";"Com Vítimas Feridas";"Pleno dia";"Decrescente";"Chuva";"Simples";"Curva";"Não";1;0;1;0;0;0;1;1;-17,91589615;-50,60708549;"SPRF-GO";"DEL04-GO";"UOP01-DEL04-GO"
101439;2018-01-06;"sábado";"11:30:00";"MS";267;95,7;"BATAGUASSU";"Velocidade Incompatível";"Saída de leito carroçável";"Sem Vítimas";"Pleno dia";"Crescente";"Chuva";"Simples";"Curva";"Não";2;0;0;0;2;0;0;1;-21,857698;-53,007345;"SPRF-MS";"DEL02-MS";"DEL3/7-UOP01/MS"
101442;2018-01-06;"sábado";"12:50:00";"PE";101;92;"CABO DE SANTO AGOSTINHO";"Falta de Atenção à Condução";"Colisão transversal";"Sem Vítimas";"Pleno dia";"Crescente";"Céu Claro";"Dupla";"Reta";"Não";2;0;0;0;1;1;0;2;-8,2379;-35,0024;"SPRF-PE";"DEL01-PE";"UOP03-DEL01-PE"
101443;2018-01-06;"sábado";"09:50:00";"RS";386;6,4;"IRAI";"Falta de Atenção à Condução";"Colisão transversal";"Sem Vítimas";"Pleno dia";"Crescente";"Céu Claro";"Simples";"Reta";"Não";2;0;0;0;2;0;0;2;-27,19466293;-53,2789794;"SPRF-RS";"DEL08-RS";"UOP02-DEL08-RS"
101445;2018-01-06;"sábado";"13:00:00";"BA";101;189;"CONCEICAO DA FEIRA";"Ultrapassagem Indevida";"Capotamento";"Sem Vítimas";"Pleno dia";"Crescente";"Céu Claro";"Simples";"Aclive";"Não";1;0;0;0;1;0;0;1;-12,4945;-38,9555;"SPRF-BA";"DEL01-BA";"UOP03-DEL01-BA"
101449;2018-01-06;"sábado";"14:00:00";"SC";101;123;"ITAJAI";"Não guardar distância de segurança";"Colisão traseira";"Sem Vítimas";"Pleno dia";"Crescente";"Céu Claro";"Múltipla";"Viaduto";"Não";5;0;0;0;5;0;0;5;-26,9434;-48,6917;"SPRF-SC";"DEL04-SC";"UOP04-DEL04-SC"
101450;2018-01-06;"sábado";"14:30:00";"MG";381;360,2;"JOAO MONLEVADE";"Falta de Atenção à Condução";"Colisão transversal";"Com Vítimas Feridas";"Pleno dia";"Decrescente";"Nublado";"Simples";"Interseção de Vias;Rotatória";"Sim";2;0;1;0;1;0;1;2;-19,83917607;-43,19075078;"SPRF-MG";"DEL03-MG";"UOP01-DEL03-MG"
101453;2018-01-06;"sábado";"13:45:00";"MT";364;163,5;"PEDRA PRETA";"Não guardar distância de segurança";"Colisão traseira";"Sem Vítimas";"Pleno dia";"Crescente";"Nublado";"Simples";"Reta";"Não";3;0;0;0;3;0;0;2;-16,69051264;-54,2875886;"SPRF-MT";"DEL02-MT";"UOP01-DEL02-MT"
101454;2018-01-06;"sábado";"13:30:00";"PR";369;380;"MAMBORE";"Não guardar distância de segurança";"Colisão traseira";"Com Vítimas Feridas";"Pleno dia";"Crescente";"Céu Claro";"Simples";"Reta";"Não";2;0;1;0;0;1;1;2;-24,2102;-52,5052;"SPRF-PR";"DEL04-PR";"UOP03-DEL04-PR"
101456;2018-01-06;"sábado";"13:55:00";"SC";282;211,2;"LAGES";"Pista Escorregadia";"Saída de leito carroçável";"Sem Vítimas";"Pleno dia";"Crescente";"Chuva";"Simples";"Aclive";"Não";1;0;0;0;1;0;0;1;-27,78054715;-50,24369185;"SPRF-SC";"DEL05-SC";"UOP01-DEL05-SC"
101457;2018-01-06;"sábado";"14:30:00";"MG";365;239,9;"BURITIZEIRO";"Velocidade Incompatível";"Capotamento";"Com Vítimas Feridas";"Pleno dia";"Decrescente";"Céu Claro";"Simples";"Reta";"Não";6;0;1;5;0;0;6;1;-17,75972541;-45,41679684;"SPRF-MG";"DEL12-MG";"UOP01-DEL12-MG"
101458;2018-01-06;"sábado";"12:00:00";"MT";70;215;"GENERAL CARNEIRO";"Falta de Atenção à Condução";"Saída de leito carroçável";"Com Vítimas Feridas";"Pleno dia";"Crescente";"Chuva";"Simples";"Curva";"Não";2;0;1;0;1;0;1;1;-15,69754;-53,833374;"SPRF-MT";"DEL05-MT";"UOP01-DEL05-MT"
101460;2018-01-06;"sábado";"14:10:00";"PE";101;68,9;"RECIFE";"Condutor Dormindo";"Saída de leito carroçável";"Sem Vítimas";"Pleno dia";"Crescente";"Sol";"Múltipla";"Reta";"Sim";1;0;0;0;1;0;0;1;-8,059101;-34,946148;"SPRF-PE";"DEL01-PE";"UOP01-DEL01-PE"
101461;2018-01-06;"sábado";"12:45:00";"MT";163;17,3;"ITIQUIRA";"Pista Escorregadia";"Saída de leito carroçável";"Sem Vítimas";"Pleno dia";"Crescente";"Chuva";"Dupla";"Aclive";"Não";1;0;0;0;1;0;0;1;-17,36711927;-54,75660348;"SPRF-MT";"DEL02-MT";"DEL2/2-UOP02/MT"
101462;2018-01-06;"sábado";"15:00:00";"SC";101;226,9;"PALHOCA";"Falta de Atenção à Condução";"Colisão traseira";"Sem Vítimas";"Pleno dia";"Crescente";"Céu Claro";"Dupla";"Reta";"Não";2;0;0;0;2;0;0;2;-27,74307451;-48,63765426;"SPRF-SC";"DEL01-SC";"UOP02-DEL01-SC"
101464;2018-01-06;"sábado";"15:15:00";"SC";101;226,9;"PALHOCA";"Não guardar distância de segurança";"Colisão traseira";"Sem Vítimas";"Pleno dia";"Crescente";"Céu Claro";"Dupla";"Reta";"Sim";3;0;0;0;3;0;0;3;-27,74307451;-48,63765426;"SPRF-SC";"DEL01-SC";"UOP02-DEL01-SC"
101465;2018-01-06;"sábado";"14:20:00";"MT";163;801;"VERA";"Falta de Atenção à Condução";"Saída de leito carroçável";"Sem Vítimas";"Pleno dia";"Crescente";"Nublado";"Simples";"Reta";"Não";1;0;0;0;1;0;0;1;-12,3144;-55,3175;"SPRF-MT";"DEL06-MT";"UOP01-DEL06-MT"
101470;2018-01-06;"sábado";"15:30:00";"SC";101;107;"PENHA";"Falta de Atenção à Condução";"Colisão transversal";"Sem Vítimas";"Pleno dia";"Crescente";"Nublado";"Múltipla";"Curva";"Não";4;0;0;0;4;0;0;2;-26,8262;-48,6904;"SPRF-SC";"DEL03-SC";"UOP02-DEL03-SC"
101471;2018-01-06;"sábado";"15:30:00";"SP";116;339;"JUQUITIBA";"Pista Escorregadia";"Colisão com objeto estático";"Com Vítimas Feridas";"Pleno dia";"Decrescente";"Chuva";"Múltipla";"Curva";"Não";1;0;1;0;0;0;1;1;-24,00417001;-47,15780497;"SPRF-SP";"DEL04-SP";"UOP03-DEL04-SP"
101472;2018-01-06;"sábado";"15:35:00";"SC";101;67,2;"ARAQUARI";"Avarias e/ou desgaste excessivo no pneu";"Queda de ocupante de veículo";"Com Vítimas Feridas";"Pleno dia";"Crescente";"Nublado";"Dupla";"Reta";"Não";2;0;2;0;0;0;2;1;-26,49468269;-48,73237925;"SPRF-SC";"DEL03-SC";"UOP02-DEL03-SC"
101473;2018-01-06;"sábado";"15:20:00";"PR";277;726,4;"FOZ DO IGUACU";"Não guardar distância de segurança";"Queda de ocupante de veículo";"Com Vítimas Feridas";"Pleno dia";"Crescente";"Garoa/Chuvisco";"Dupla";"Rotatória";"Sim";1;0;1;0;0;0;1;1;-25,51025995;-54,55892086;"SPRF-PR";"DEL05-PR";"UOP03-DEL05-PR"
101474;2018-01-06;"sábado";"15:40:00";"PR";476;150;"ARAUCARIA";"Pista Escorregadia";"Saída de leito carroçável";"Com Vítimas Feridas";"Pleno dia";"Crescente";"Chuva";"Dupla";"Reta";"Sim";1;0;1;0;0;0;1;1;-25,55794447;-49,36197711;"SPRF-PR";"DEL01-PR";"UOP06-DEL01-PR"
101475;2018-01-06;"sábado";"15:30:00";"ES";262;80;"DOMINGOS MARTINS";"Falta de Atenção à Condução";"Colisão transversal";"Com Vítimas Feridas";"Pleno dia";"Crescente";"Céu Claro";"Simples";"Curva";"Não";4;0;0;2;2;0;2;2;-20,4082;-40,9363;"SPRF-ES";"DEL01-ES";"UOP02-DEL01-ES"
101476;2018-01-06;"sábado";"15:45:00";"RJ";116;318;"ITATIAIA";"Defeito Mecânico no Veículo";"Colisão lateral";"Com Vítimas Feridas";"Pleno dia";"Decrescente";"Céu Claro";"Dupla";"Reta";"Sim";3;0;2;0;1;0;2;2;-22,49209771;-44,562985;"SPRF-RJ";"DEL07-RJ";"DEL5/7-UOP03/RJ"
101477;2018-01-06;"sábado";"14:40:00";"PI";343;335;"TERESINA";"Desobediência às normas de trânsito pelo condutor";"Colisão transversal";"Com Vítimas Feridas";"Pleno dia";"Crescente";"Chuva";"Dupla";"Reta";"Não";2;0;1;0;1;0;1;2;-5,06108003;-42,6959905;"SPRF-PI";"DEL01-PI";"UOP01-DEL01-PI"
101479;2018-01-06;"sábado";"16:00:00";"GO";40;38,2;"LUZIANIA";"Falta de Atenção à Condução";"Colisão traseira";"Com Vítimas Fatais";"Pleno dia";"Decrescente";"Chuva";"Dupla";"Reta";"Não";3;1;0;0;2;0;0;2;-16,34448941;-47,83510116;"SPRF-DF";"DEL01-DF";"UOP02-DEL01-DF"
101480;2018-01-06;"sábado";"15:50:00";"MG";50;174,6;"UBERABA";"Defeito Mecânico no Veículo";"Tombamento";"Com Vítimas Feridas";"Pleno dia";"Crescente";"Nublado";"Dupla";"Curva";"Sim";1;0;1;0;0;0;1;1;-19,77390388;-47,97233811;"SPRF-MG";"DEL13-MG";"UOP01-DEL13-MG"
101482;2018-01-06;"sábado";"13:30:00";"MG";116;412;"GOVERNADOR VALADARES";"Ingestão de Álcool";"Atropelamento de Pedestre";"Com Vítimas Feridas";"Pleno dia";"Crescente";"Céu Claro";"Dupla";"Reta";"Sim";2;0;1;0;1;0;1;2;-18,851583;-41,9498;"SPRF-MG";"DEL06-MG";"UOP01-DEL06-MG"
101483;2018-01-06;"sábado";"15:30:00";"GO";153;628,3;"MORRINHOS";"Falta de Atenção à Condução";"Saída de leito carroçável";"Com Vítimas Feridas";"Pleno dia";"Crescente";"Garoa/Chuvisco";"Dupla";"Curva";"Não";2;0;1;0;1;0;1;1;-17,78277049;-49,18419074;"SPRF-GO";"DEL03-GO";"UOP01-DEL03-GO"
101484;2018-01-06;"sábado";"16:10:00";"SC";101;192;"BIGUACU";"Falta de Atenção à Condução";"Colisão lateral";"Com Vítimas Feridas";"Pleno dia";"Decrescente";"Céu Claro";"Múltipla";"Curva";"Sim";2;0;1;0;1;0;1;2;-27,4897;-48,6559;"SPRF-SC";"DEL01-SC";"UOP01-DEL01-SC"
101486;2018-01-06;"sábado";"16:20:00";"RJ";101;66,5;"CAMPOS DOS GOYTACAZES";"Falta de Atenção à Condução";"Colisão lateral";"Com Vítimas Feridas";"Pleno dia";"Decrescente";"Céu Claro";"Dupla";"Rotatória";"Sim";2;0;1;0;1;0;1;2;-21,7657373;-41,34542048;"SPRF-RJ";"DEL08-RJ";"UOP02-DEL08-RJ"
101487;2018-01-06;"sábado";"15:20:00";"BA";110;58,1;"JEREMOABO";"Pista Escorregadia";"Saída de leito carroçável";"Com Vítimas Feridas";"Pleno dia";"Crescente";"Chuva";"Simples";"Curva";"Não";4;0;2;0;2;0;2;1;-9,93150993;-38,28916996;"SPRF-BA";"DEL07-BA";"UOP01-DEL07-BA"
101488;2018-01-06;"sábado";"14:20:00";"SC";163;115,3;"DIONISIO CERQUEIRA";"Não guardar distância de segurança";"Saída de leito carroçável";"Sem Vítimas";"Pleno dia";"Crescente";"Nublado";"Simples";"Reta";"Não";20;0;0;0;20;0;0;1;-26,36549942;-53,5341729;"SPRF-SC";"DEL07-SC";"UOP04-DEL07-SC"
101489;2018-01-06;"sábado";"12:18:00";"MG";50;193;"UBERABA";"Pista Escorregadia";"Colisão com objeto estático";"Com Vítimas Feridas";"Pleno dia";"Decrescente";"Chuva";"Dupla";"Reta";"Não";3;0;3;0;0;0;3;1;-19,8854;-47,8498;"SPRF-MG";"DEL13-MG";"UOP01-DEL13-MG"
101492;2018-01-06;"sábado";"15:00:00";"CE";20;177;"BOA VIAGEM";"Defeito na Via";"Saída de leito carroçável";"Sem Vítimas";"Pleno dia";"Crescente";"Céu Claro";"Simples";"Curva";"Não";1;0;0;0;1;0;0;1;-5,31771982;-39,92500305;"SPRF-CE";"DEL02-CE";"UOP02-DEL02-CE"
101493;2018-01-06;"sábado";"13:45:00";"MG";381;456;"BELO HORIZONTE";"Não guardar distância de segurança";"Colisão traseira";"Com Vítimas Feridas";"Pleno dia";"Crescente";"Nublado";"Simples";"Reta";"Não";3;0;0;2;1;0;2;2;-19,84010958;-43,87616331;"SPRF-MG";"DEL01-MG";"UOP01-DEL01-MG"
101494;2018-01-06;"sábado";"13:10:00";"PB";405;32,3;"SAO JOAO DO RIO DO PEIXE";"Desobediência às normas de trânsito pelo condutor";"Colisão frontal";"Com Vítimas Feridas";"Pleno dia";"Crescente";"Céu Claro";"Simples";"Interseção de Vias;Curva";"Sim";2;0;0;1;1;0;1;2;-6,721813;-38,44927;"SPRF-PB";"DEL03-PB";"UOP03-DEL03-PB"
101495;2018-01-06;"sábado";"14:30:00";"RS";287;507,5;"SAO BORJA";"Mal Súbito";"Saída de leito carroçável";"Com Vítimas Feridas";"Pleno dia";"Crescente";"Céu Claro";"Simples";"Reta";"Não";2;0;2;0;0;0;2;1;-28,79779559;-55,76524802;"SPRF-RS";"DEL12-RS";"UOP01-DEL12-RS"
101497;2018-01-06;"sábado";"16:00:00";"MT";364;278;"JACIARA";"Pista Escorregadia";"Saída de leito carroçável";"Com Vítimas Feridas";"Pleno dia";"Decrescente";"Chuva";"Dupla";"Curva";"Não";5;0;4;0;1;0;4;1;-15,94566998;-55,0058198;"SPRF-MT";"DEL02-MT";"UOP02-DEL05-MT"
101499;2018-01-06;"sábado";"13:10:00";"PR";376;341,1;"ORTIGUEIRA";"Pista Escorregadia";"Saída de leito carroçável";"Com Vítimas Feridas";"Pleno dia";"Decrescente";"Chuva";"Simples";"Curva";"Não";5;0;4;1;0;0;5;1;-24,14487389;-50,9841156;"SPRF-PR";"DEL07-PR";"UOP02-DEL07-PR"
101500;2018-01-06;"sábado";"16:00:00";"MT";163;112;"RONDONOPOLIS";"Pista Escorregadia";"Capotamento";"Com Vítimas Feridas";"Pleno dia";"Crescente";"Chuva";"Dupla";"Declive";"Não";2;0;1;0;1;0;1;1;-16,561808;-54,679287;"SPRF-MT";"DEL02-MT";"UOP01-DEL02-MT"
101501;2018-01-06;"sábado";"17:20:00";"PR";277;482,2;"NOVA LARANJEIRAS";"Pista Escorregadia";"Saída de leito carroçável";"Sem Vítimas";"Pleno dia";"Crescente";"Chuva";"Simples";"Reta";"Não";1;0;0;0;1;0;0;1;-25,26656719;-52,61792153;"SPRF-PR";"DEL04-PR";"UOP02-DEL04-PR"
101502;2018-01-06;"sábado";"17:00:00";"PR";116;42,6;"CAMPINA GRANDE DO SUL";"Velocidade Incompatível";"Saída de leito carroçável";"Com Vítimas Feridas";"Pleno dia";"Crescente";"Chuva";"Dupla";"Curva";"Não";4;0;1;0;3;0;1;1;-25,17791775;-48,87938082;"SPRF-PR";"DEL01-PR";"UOP02-DEL01-PR"
101504;2018-01-06;"sábado";"16:50:00";"SC";101;211,5;"PALHOCA";"Desobediência às normas de trânsito pelo condutor";"Colisão transversal";"Sem Vítimas";"Pleno dia";"Decrescente";"Nublado";"Múltipla";"Viaduto";"Sim";2;0;0;0;2;0;0;2;-27,62680499;-48,65570499;"SPRF-SC";"DEL01-SC";"UOP02-DEL01-SC"