"id";"data_inversa";"dia_semana";"horario";"uf";"br";"km";"municipio";"causa_acidente";"tipo_acidente";"classificacao_acidente";"fase_dia";"sentido_via";"condicao_metereologica";"tipo_pista";"tracado_via";"uso_solo";"pessoas";"mortos";"feridos_leves";"feridos_graves";"ilesos";"ignorados";"feridos";"veiculos";"latitude";"longitude";"regional";"delegacia";"uop"
101506;2018-01-06;"sábado";"17:20:00";"PR";277;83,7;"CURITIBA";"Falta de Atenção à Condução";"Colisão lateral";"Sem Vítimas";"Pleno dia";"Decrescente";"Nublado";"Dupla";"Reta";"Sim";2;0;0;0;1;1;0;2;-25,4473533;-49,23072154;"SPRF-PR";"DEL01-PR";"UOP07-DEL01-PR"
101507;2018-01-06;"sábado";"17:00:00";"RJ";356;103,5;"CARDOSO MOREIRA";"Avarias e/ou desgaste excessivo no pneu";"Saída de leito carroçável";"Sem Vítimas";"Pleno dia";"Decrescente";"Chuva";"Simples";"Curva";"Não";2;0;0;0;2;0;0;1;-21,53909472;-41,51168704;"SPRF-RJ";"DEL08-RJ";"UOP03-DEL08-RJ"
101508;2018-01-06;"sábado";"16:30:00";"MG";381;413;"NOVA UNIAO";"Não guardar distância de segurança";"Engavetamento";"Com Vítimas Feridas";"Pleno dia";"Crescente";"Nublado";"Simples";"Reta";"Não";4;0;2;0;2;0;2;3;-19,73140675;-43,5598996;"SPRF-MG";"DEL01-MG";"UOP01-DEL01-MG"
101509;2018-01-06;"sábado";"17:40:00";"ES";101;300;"VIANA";"Desobediência às normas de trânsito pelo condutor";"Colisão lateral";"Com Vítimas Feridas";"Pleno dia";"Crescente";"Sol";"Múltipla";"Reta";"Sim";3;0;1;0;1;1;1;3;-20,35953448;-40,4334721;"SPRF-ES";"DEL01-ES";"UOP01-DEL01-ES"
101510;2018-01-06;"sábado";"16:45:00";"BA";418;87;"NOVA VICOSA";"Falta de Atenção à Condução";"Colisão transversal";"Com Vítimas Feridas";"Pleno dia";"Crescente";"Céu Claro";"Simples";"Interseção de Vias";"Não";3;0;2;0;0;1;2;2;-17,8947;-39,3722;"SPRF-BA";"DEL09-BA";"UOP02-DEL09-BA"
101511;2018-01-06;"sábado";"15:10:00";"RJ";101;331,3;"RIO DE JANEIRO";"Não guardar distância de segurança";"Colisão traseira";"Com Vítimas Feridas";"Pleno dia";"Decrescente";"Nublado";"Dupla";"Reta";"Não";2;0;1;1;0;0;2;2;-22,86731796;-43,19841385;"SPRF-RJ";"DEL02-RJ";"UOP02-DEL02-RJ"
101512;2018-01-06;"sábado";"17:30:00";"SC";101;191;"BIGUACU";"Não guardar distância de segurança";"Colisão traseira";"Com Vítimas Feridas";"Pleno dia";"Decrescente";"Céu Claro";"Dupla";"Reta";"Não";3;0;1;0;2;0;1;2;-27,47786247;-48,64183884;"SPRF-SC";"DEL01-SC";"UOP01-DEL01-SC"
101513;2018-01-06;"sábado";"18:00:00";"PR";116;38,5;"CAMPINA GRANDE DO SUL";"Ingestão de Álcool";"Capotamento";"Sem Vítimas";"Pleno dia";"Crescente";"Chuva";"Dupla";"Curva";"Não";1;0;0;0;1;0;0;1;-25,15226452;-48,86003229;"SPRF-PR";"DEL01-PR";"UOP02-DEL01-PR"
101515;2018-01-06;"sábado";"17:00:00";"PE";101;63,8;"RECIFE";"Falta de Atenção à Condução";"Colisão traseira";"Sem Vítimas";"Anoitecer";"Crescente";"Nublado";"Múltipla";"Interseção de Vias";"Sim";2;0;0;0;2;0;0;2;-8,015538;-34,940008;"SPRF-PE";"DEL01-PE";"UOP01-DEL01-PE"
101517;2018-01-06;"sábado";"14:20:00";"PI";135;322;"CRISTINO CASTRO";"Avarias e/ou desgaste excessivo no pneu";"Colisão traseira";"Sem Vítimas";"Pleno dia";"Decrescente";"Chuva";"Simples";"Reta";"Não";2;0;0;0;2;0;0;2;-8,859149;-44,237926;"SPRF-PI";"DEL03-PI";"UOP02-DEL03-PI"
101518;2018-01-06;"sábado";"17:00:00";"PA";316;85;"SAO FRANCISCO DO PARA";"Falta de Atenção do Pedestre";"Atropelamento de Pedestre";"Com Vítimas Fatais";"Pleno dia";"Decrescente";"Garoa/Chuvisco";"Simples";"Reta";"Não";2;1;0;0;0;1;0;2;-1,31371383;-47,72452275;"SPRF-PA";"DEL01-PA";"UOP02-DEL01-PA"
101519;2018-01-06;"sábado";"16:50:00";"CE";116;11,8;"FORTALEZA";"Velocidade Incompatível";"Colisão frontal";"Com Vítimas Feridas";"Pleno dia";"Decrescente";"Sol";"Simples";"Aclive;Curva;Viaduto";"Sim";3;0;1;0;1;1;1;3;-3,85018351;-38,49537224;"SPRF-CE";"DEL01-CE";"UOP02-DEL01-CE"
101520;2018-01-06;"sábado";"16:00:00";"MT";163;837;"SINOP";"Velocidade Incompatível";"Colisão transversal";"Com Vítimas Feridas";"Pleno dia";"Decrescente";"Chuva";"Simples";"Interseção de Vias";"Sim";3;0;1;1;1;0;2;2;-11,84336;-55,49054;"SPRF-MT";"DEL06-MT";"UOP02-DEL06-MT"
101521;2018-01-06;"sábado";"17:20:00";"MT";163;932;"ITAUBA";"Ultrapassagem Indevida";"Saída de leito carroçável";"Sem Vítimas";"Pleno dia";"Decrescente";"Nublado";"Simples";"Reta";"Não";4;0;0;0;4;0;0;1;-10,89298515;-55,20046234;"SPRF-MT";"DEL06-MT";"UOP02-DEL06-MT"
101523;2018-01-06;"sábado";"18:40:00";"MG";381;705,3;"LAVRAS";"Pista Escorregadia";"Capotamento";"Sem Vítimas";"Plena Noite";"Crescente";"Chuva";"Dupla";"Curva";"Não";1;0;0;0;1;0;0;1;-21,31296464;-45,16646124;"SPRF-MG";"DEL04-MG";"UOP02-DEL04-MG"
101524;2018-01-06;"sábado";"17:55:00";"SE";101;51,1;"CARMOPOLIS";"Falta de Atenção à Condução";"Colisão transversal";"Sem Vítimas";"Anoitecer";"Crescente";"Céu Claro";"Dupla";"Desvio Temporário;Em Obras;Declive";"Não";3;0;0;0;3;0;0;2;-10,61948079;-36,98234869;"SPRF-SE";"DEL02-SE";"UOP02-DEL02-SE"
101525;2018-01-06;"sábado";"18:55:00";"SC";470;49,8;"BLUMENAU";"Falta de Atenção à Condução";"Colisão traseira";"Com Vítimas Feridas";"Pleno dia";"Crescente";"Chuva";"Simples";"Viaduto";"Sim";3;0;1;0;2;0;1;2;-26,86178665;-49,05128628;"SPRF-SC";"DEL04-SC";"UOP01-DEL04-SC"
101526;2018-01-06;"sábado";"18:00:00";"RJ";101;465;"ANGRA DOS REIS";"Pista Escorregadia";"Colisão frontal";"Com Vítimas Feridas";"Pleno dia";"Crescente";"Garoa/Chuvisco";"Simples";"Declive";"Não";4;0;2;0;2;0;2;2;-23,02399362;-44,21888709;"SPRF-RJ";"DEL03-RJ";"UOP03-DEL03-RJ"
101527;2018-01-06;"sábado";"17:40:00";"PB";230;42,4;"SANTA RITA";"Falta de Atenção à Condução";"Colisão traseira";"Com Vítimas Feridas";"Anoitecer";"Decrescente";"Sol";"Dupla";"Retorno Regulamentado";"Sim";2;0;1;0;1;0;1;2;-7,14483951;-34,9979353;"SPRF-PB";"DEL01-PB";"UOP03-DEL01-PB"
101528;2018-01-06;"sábado";"18:45:00";"PR";116;15,1;"COLOMBO";"Velocidade Incompatível";"Colisão traseira";"Com Vítimas Feridas";"Pleno dia";"Crescente";"Nublado";"Dupla";"Reta";"Não";2;0;0;1;1;0;1;2;-25,38567385;-49,17290166;"SPRF-PR";"DEL01-PR";"UOP02-DEL01-PR"
101529;2018-01-06;"sábado";"17:10:00";"RN";406;70;"JOAO CAMARA";"Avarias e/ou desgaste excessivo no pneu";"Capotamento";"Com Vítimas Feridas";"Pleno dia";"Crescente";"Céu Claro";"Simples";"Reta";"Não";2;0;1;1;0;0;2;1;-5,54387;-35,8145;"SPRF-RN";"DEL02-RN";"UOP01-DEL02-RN"
101530;2018-01-06;"sábado";"18:15:00";"RN";226;114,6;"SANTA CRUZ";"Ingestão de Álcool";"Colisão frontal";"Com Vítimas Fatais";"Plena Noite";"Decrescente";"Céu Claro";"Simples";"Reta";"Não";4;1;1;0;2;0;1;2;-6,20391464;-36,0282245;"SPRF-RN";"DEL03-RN";"UOP02-DEL03-RN"
101532;2018-01-06;"sábado";"18:10:00";"PR";369;427;"JURANDA";"Não guardar distância de segurança";"Colisão traseira";"Sem Vítimas";"Pleno dia";"Decrescente";"Chuva";"Simples";"Reta";"Não";2;0;0;0;1;1;0;2;-24,4327;-52,8333;"SPRF-PR";"DEL04-PR";"UOP03-DEL04-PR"
101533;2018-01-06;"sábado";"18:29:00";"AL";101;175;"TEOTONIO VILELA";"Falta de Atenção do Pedestre";"Atropelamento de Pedestre";"Com Vítimas Fatais";"Plena Noite";"Decrescente";"Céu Claro";"Dupla";"Reta";"Sim";2;1;0;0;1;0;0;2;-9,90598;-36,3523;"SPRF-AL";"DEL02-AL";"UOP02-DEL02-AL"
101534;2018-01-06;"sábado";"19:00:00";"RS";480;72;"ERECHIM";"Ingestão de Álcool";"Colisão traseira";"Sem Vítimas";"Anoitecer";"Decrescente";"Céu Claro";"Simples";"Reta";"Não";2;0;0;0;2;0;0;2;-27,64049105;-52,30189025;"SPRF-RS";"DEL08-RS";"UOP04-DEL08-RS"
101535;2018-01-06;"sábado";"19:45:00";"PR";376;178,7;"MARINGA";"Objeto estático sobre o leito carroçável";"Colisão com objeto em movimento";"Com Vítimas Feridas";"Anoitecer";"Decrescente";"Chuva";"Dupla";"Reta";"Sim";2;0;0;2;0;0;2;1;-23,41852779;-51,91515234;"SPRF-PR";"DEL07-PR";"UOP01-DEL09-PR"
101537;2018-01-06;"sábado";"18:30:00";"MT";364;155;"PEDRA PRETA";"Defeito Mecânico no Veículo";"Saída de leito carroçável";"Sem Vítimas";"Anoitecer";"Crescente";"Chuva";"Simples";"Reta";"Não";4;0;0;0;4;0;0;1;-16,76693126;-54,25398588;"SPRF-MT";"DEL02-MT";"UOP01-DEL02-MT"
101538;2018-01-06;"sábado";"18:40:00";"PE";428;139,8;"LAGOA GRANDE";"Falta de Atenção à Condução";"Colisão frontal";"Com Vítimas Feridas";"Plena Noite";"Crescente";"Céu Claro";"Simples";"Ponte";"Sim";4;0;0;1;3;0;1;2;-8,99001868;-40,26617375;"SPRF-PE";"DEL06-PE";"UOP03-DEL06-PE"
101540;2018-01-06;"sábado";"16:55:00";"RJ";116;290;"PORTO REAL";"Falta de Atenção à Condução";"Saída de leito carroçável";"Sem Vítimas";"Pleno dia";"Decrescente";"Chuva";"Múltipla";"Curva";"Sim";1;0;0;0;0;1;0;1;-22,420204;-44,290657;"SPRF-RJ";"DEL07-RJ";"DEL5/7-UOP03/RJ"
101541;2018-01-06;"sábado";"19:25:00";"RJ";101;422;"MANGARATIBA";"Velocidade Incompatível";"Colisão com objeto estático";"Sem Vítimas";"Anoitecer";"Crescente";"Chuva";"Simples";"Curva";"Não";1;0;0;0;1;0;0;1;-22,91788341;-43,94254446;"SPRF-RJ";"DEL03-RJ";"UOP01-DEL03-RJ"
101543;2018-01-06;"sábado";"19:30:00";"MG";40;3,9;"PARACATU";"Pista Escorregadia";"Capotamento";"Com Vítimas Feridas";"Plena Noite";"Crescente";"Chuva";"Simples";"Curva";"Não";1;0;1;0;0;0;1;1;-17,05589993;-47,13107566;"SPRF-MG";"DEL14-MG";"UOP01-DEL14-MG"
101544;2018-01-06;"sábado";"20:20:00";"MG";40;420,9;"CURVELO";"Desobediência às normas de trânsito pelo condutor";"Colisão frontal";"Com Vítimas Feridas";"Plena Noite";"Decrescente";"Céu Claro";"Simples";"Reta";"Não";7;0;2;2;3;0;4;2;-19,15376282;-44,54715729;"SPRF-MG";"DEL02-MG";"UOP01-DEL02-MG"
101545;2018-01-06;"sábado";"19:00:00";"SC";280;20,6;"ARAQUARI";"Falta de Atenção à Condução";"Colisão transversal";"Com Vítimas Feridas";"Anoitecer";"Crescente";"Nublado";"Simples";"Interseção de Vias";"Não";3;0;2;0;1;0;2;2;-26,37018761;-48,68821705;"SPRF-SC";"DEL03-SC";"UOP03-DEL03-SC"
101546;2018-01-06;"sábado";"19:50:00";"SC";101;368,7;"ICARA";"Velocidade Incompatível";"Saída de leito carroçável";"Com Vítimas Feridas";"Anoitecer";"Decrescente";"Chuva";"Dupla";"Declive;Curva";"Não";1;0;1;0;0;0;1;1;-28,69450281;-49,17171478;"SPRF-SC";"DEL02-SC";"UOP01-DEL02-SC"
101547;2018-01-06;"sábado";"19:10:00";"SC";280;21,7;"ARAQUARI";"Falta de Atenção à Condução";"Colisão lateral";"Com Vítimas Feridas";"Anoitecer";"Crescente";"Nublado";"Simples";"Reta";"Não";3;0;1;0;2;0;1;2;-26,37077592;-48,69906025;"SPRF-SC";"DEL03-SC";"UOP03-DEL03-SC"
101548;2018-01-06;"sábado";"19:25:00";"ES";101;125,3;"SOORETAMA";"Falta de Atenção à Condução";"Colisão lateral";"Sem Vítimas";"Plena Noite";"Crescente";"Céu Claro";"Simples";"Reta";"Sim";2;0;0;0;2;0;0;2;-19,18846108;-40,09472787;"SPRF-ES";"DEL04-ES";"UOP01-DEL04-ES"
101549;2018-01-06;"sábado";"18:49:00";"SP";116;218;"GUARULHOS";"Ingestão de Álcool";"Colisão frontal";"Sem Vítimas";"Plena Noite";"Crescente";"Chuva";"Dupla";"Curva";"Sim";2;0;0;0;2;0;0;2;-23,4603922;-46,48837832;"SPRF-SP";"DEL01-SP";"UOP01-DEL01-SP"
101552;2018-01-06;"sábado";"18:40:00";"PI";316;32,7;"DEMERVAL LOBAO";"Falta de Atenção à Condução";"Colisão transversal";"Com Vítimas Feridas";"Plena Noite";"Crescente";"Nublado";"Simples";"Reta";"Sim";2;0;1;0;1;0;1;2;-5,34679942;-42,68207401;"SPRF-PI";"DEL01-PI";"UOP02-DEL01-PI"
101553;2018-01-06;"sábado";"19:45:00";"PE";428;179;"PETROLINA";"Ingestão de Álcool";"Colisão lateral";"Com Vítimas Feridas";"Plena Noite";"Crescente";"Céu Claro";"Simples";"Reta";"Não";2;0;0;1;1;0;1;2;-9,292253;-40,445789;"SPRF-PE";"DEL06-PE";"UOP01-DEL06-PE"
101554;2018-01-06;"sábado";"19:30:00";"GO";70;464;"ARAGARCAS";"Velocidade Incompatível";"Colisão traseira";"Com Vítimas Fatais";"Anoitecer";"Crescente";"Ignorado";"Simples";"Reta";"Não";6;1;2;0;0;3;2;3;-15,9011;-52,1916;"SPRF-GO";"DEL04-GO";"UOP01-DEL04-GO"
101555;2018-01-06;"sábado";"20:35:00";"MG";381;916,8;"CAMANDUCAIA";"Falta de Atenção à Condução";"Colisão com objeto estático";"Sem Vítimas";"Plena Noite";"Crescente";"Chuva";"Dupla";"Curva";"Não";1;0;0;0;1;0;0;1;-22,73870877;-46,13520146;"SPRF-MG";"DEL16-MG";"UOP03-DEL16-MG"
101556;2018-01-06;"sábado";"20:00:00";"PR";116;50,8;"CAMPINA GRANDE DO SUL";"Pista Escorregadia";"Capotamento";"Sem Vítimas";"Plena Noite";"Decrescente";"Chuva";"Dupla";"Declive";"Não";1;0;0;0;1;0;0;1;-25,24116358;-48,90366554;"SPRF-PR";"DEL01-PR";"UOP02-DEL01-PR"
101557;2018-01-06;"sábado";"19:20:00";"PR";153;50,3;"SANTO ANTONIO DA PLATINA";"Defeito Mecânico no Veículo";"Queda de ocupante de veículo";"Com Vítimas Feridas";"Anoitecer";"Decrescente";"Céu Claro";"Simples";"Reta;Aclive";"Não";2;0;1;1;0;0;2;1;-23,36962326;-50,06487873;"SPRF-PR";"DEL07-PR";"UOP04-DEL07-PR"
101559;2018-01-06;"sábado";"19:40:00";"TO";153;206,2;"NOVA OLINDA";"Objeto estático sobre o leito carroçável";"Colisão traseira";"Com Vítimas Feridas";"Plena Noite";"Decrescente";"Chuva";"Simples";"Reta";"Não";3;0;1;1;1;0;2;2;-7,70265623;-48,43743324;"SPRF-TO";"DEL02-TO";"UOP01-DEL02-TO"
101560;2018-01-06;"sábado";"20:15:00";"MT";364;338,2;"SANTO ANTONIO DO LEVERGER";"Avarias e/ou desgaste excessivo no pneu";"Saída de leito carroçável";"Sem Vítimas";"Plena Noite";"Crescente";"Chuva";"Dupla";"Reta";"Não";1;0;0;0;1;0;0;1;-15,8365175;-55,47683716;"SPRF-MT";"DEL02-MT";"UOP02-DEL01-MT"
101562;2018-01-06;"sábado";"19:45:00";"PE";232;5,7;"RECIFE";"Falta de Atenção à Condução";"Colisão com objeto estático";"Sem Vítimas";"Plena Noite";"Crescente";"Céu Claro";"Dupla";"Reta";"Não";1;0;0;0;1;0;0;1;-8,070321;-34,952191;"SPRF-PE";"DEL01-PE";"UOP01-DEL01-PE"
101565;2018-01-06;"sábado";"21:42:00";"SP";116;277;"EMBU DAS ARTES";"Falta de Atenção à Condução";"Capotamento";"Com Vítimas Feridas";"Plena Noite";"Decrescente";"Céu Claro";"Dupla";"Reta";"Sim";3;0;2;0;0;1;2;1;-23,64012111;-46,8347168;"SPRF-SP";"DEL04-SP";"UOP01-DEL04-SP"
101566;2018-01-06;"sábado";"21:30:00";"DF";20;44;"BRASILIA";"Velocidade Incompatível";"Capotamento";"Com Vítimas Fatais";"Plena Noite";"Decrescente";"Garoa/Chuvisco";"Dupla";"Curva";"Não";5;1;0;0;4;0;0;1;-15,57516754;-47,47347951;"SPRF-DF";"DEL02-DF";"UOP01-DEL02-DF"
101567;2018-01-06;"sábado";"14:50:00";"SC";282;454;"PONTE SERRADA";"Falta de Atenção à Condução";"Colisão transversal";"Com Vítimas Feridas";"Pleno dia";"Decrescente";"Céu Claro";"Simples";"Reta";"Sim";2;0;0;1;1;0;1;2;-26,891756;-51,98447;"SPRF-SC";"DEL07-SC";"UOP04-DEL07-SC"
101568;2018-01-06;"sábado";"21:00:00";"RS";290;435,1;"SAO GABRIEL";"Falta de Atenção à Condução";"Saída de leito carroçável";"Com Vítimas Feridas";"Plena Noite";"Decrescente";"Céu Claro";"Simples";"Reta";"Não";4;0;2;0;2;0;2;1;-30,26958195;-54,47060871;"SPRF-RS";"DEL11-RS";"UOP02-DEL11-RS"
101569;2018-01-06;"sábado";"22:10:00";"ES";262;113,8;"VENDA NOVA DO IMIGRANTE";"Desobediência às normas de trânsito pelo condutor";"Colisão frontal";"Com Vítimas Feridas";"Anoitecer";"Crescente";"Céu Claro";"Simples";"Reta";"Não";3;0;0;3;0;0;3;2;-20,3205;-41,2189;"SPRF-ES";"DEL01-ES";"UOP02-DEL01-ES"
101570;2018-01-06;"sábado";"22:20:00";"SC";101;203;"SAO JOSE";"Velocidade Incompatível";"Saída de leito carroçável";"Com Vítimas Feridas";"Plena Noite";"Decrescente";"Céu Claro";"Dupla";"Curva";"Sim";1;0;1;0;0;0;1;1;-27,5665799;-48,61363824;"SPRF-SC";"DEL01-SC";"UOP01-DEL01-SC"
101571;2018-01-06;"sábado";"19:12:00";"SP";116;385;"MIRACATU";"Falta de Atenção à Condução";"Queda de ocupante de veículo";"Com Vítimas Feridas";"Pleno dia";"Crescente";"Chuva";"Dupla";"Curva";"Não";1;0;1;0;0;0;1;1;-24,25416418;-47,37628698;"SPRF-SP";"DEL04-SP";"UOP02-DEL04-SP"
101572;2018-01-06;"sábado";"22:00:00";"ES";101;383,5;"RIO NOVO DO SUL";"Condutor Dormindo";"Colisão com objeto estático";"Sem Vítimas";"Plena Noite";"Decrescente";"Céu Claro";"Simples";"Reta";"Não";1;0;0;0;1;0;0;1;-20,84374245;-40,8761251;"SPRF-ES";"DEL03-ES";"UOP01-DEL03-ES"
101573;2018-01-06;"sábado";"20:00:00";"PI";316;4,8;"TERESINA";"Falta de Atenção à Condução";"Colisão traseira";"Sem Vítimas";"Plena Noite";"Decrescente";"Céu Claro";"Múltipla";"Reta";"Sim";2;0;0;0;2;0;0;2;-5,14084173;-42,78310023;"SPRF-PI";"DEL01-PI";"UOP02-DEL01-PI"
101575;2018-01-06;"sábado";"03:30:00";"BA";116;298;"TUCANO";"Desobediência às normas de trânsito pelo condutor";"Saída de leito carroçável";"Sem Vítimas";"Amanhecer";"Crescente";"Céu Claro";"Simples";"Reta";"Não";1;0;0;0;1;0;0;1;-10,963495;-38,786987;"SPRF-BA";"DEL02-BA";"DEL10/2-UOP02/BA"
101576;2018-01-06;"sábado";"22:30:00";"GO";40;24;"LUZIANIA";"Ingestão de Álcool";"Colisão lateral";"Sem Vítimas";"Plena Noite";"Crescente";"Nublado";"Dupla";"Interseção de Vias";"Sim";2;0;0;0;2;0;0;2;-16,252738;-47,900437;"SPRF-DF";"DEL01-DF";"UOP01-DEL01-DF"
101577;2018-01-06;"sábado";"22:40:00";"ES";101;253,4;"SERRA";"Falta de Atenção à Condução";"Colisão lateral";"Com Vítimas Feridas";"Plena Noite";"Decrescente";"Céu Claro";"Simples";"Reta";"Sim";2;0;1;0;0;1;1;2;-20,11736614;-40,31472266;"SPRF-ES";"DEL02-ES";"UOP01-DEL02-ES"
101578;2018-01-06;"sábado";"20:00:00";"PE";232;78,2;"GRAVATA";"Desobediência às normas de trânsito pelo condutor";"Colisão transversal";"Com Vítimas Feridas";"Plena Noite";"Decrescente";"Céu Claro";"Simples";"Reta";"Sim";2;0;0;1;1;0;1;2;-8,19579864;-35,56962307;"SPRF-PE";"DEL01-PE";"UOP02-DEL02PE"
101579;2018-01-06;"sábado";"20:32:00";"RO";364;238;"CACOAL";"Ingestão de Álcool";"Colisão frontal";"Sem Vítimas";"Plena Noite";"Crescente";"Nublado";"Simples";"Reta";"Sim";2;0;0;0;2;0;0;2;-11,43872186;-61,45482659;"SPRF-RO";"DEL02-RO";"UOP02-DEL02-RO"
101580;2018-01-06;"sábado";"22:50:00";"PR";476;122;"CURITIBA";"Falta de Atenção à Condução";"Colisão lateral";"Com Vítimas Feridas";"Plena Noite";"Crescente";"Nublado";"Dupla";"Reta";"Sim";2;0;1;0;0;1;1;2;-25,385775;-49,203377;"SPRF-PR";"DEL01-PR";"UOP01-DEL01-PR"
101581;2018-01-06;"sábado";"19:15:00";"SP";381;20;"BRAGANCA PAULISTA";"Defeito Mecânico no Veículo";"Capotamento";"Sem Vítimas";"Plena Noite";"Decrescente";"Chuva";"Dupla";"Reta";"Não";1;0;0;0;1;0;0;1;-22,984438;-46,503525;"SPRF-SP";"DEL03-SP";"UOP02-DEL03-SP"
101582;2018-01-06;"sábado";"22:40:00";"SP";116;103;"PINDAMONHANGABA";"Pista Escorregadia";"Saída de leito carroçável";"Sem Vítimas";"Plena Noite";"Decrescente";"Chuva";"Dupla";"Reta";"Não";2;0;0;0;0;2;0;2;-22,999208;-45,497917;"SPRF-SP";"DEL06-SP";"UOP01-DEL06-SP"
101584;2018-01-06;"sábado";"22:30:00";"SP";116;147,5;"SAO JOSE DOS CAMPOS";"Falta de Atenção à Condução";"Colisão traseira";"Sem Vítimas";"Plena Noite";"Crescente";"Chuva";"Dupla";"Reta";"Sim";2;0;0;0;2;0;0;2;-23,19690197;-45,87480694;"SPRF-SP";"DEL02-SP";"UOP01-DEL02-SP"
101585;2018-01-06;"sábado";"18:40:00";"MA";402;38,1;"MORROS";"Falta de Atenção à Condução";"Colisão transversal";"Com Vítimas Feridas";"Plena Noite";"Crescente";"Nublado";"Simples";"Reta";"Sim";4;0;2;1;1;0;3;2;-2,85172666;-44,04013395;"SPRF-MA";"DEL01-MA";"UOP01-DEL01-MA"
101586;2018-01-06;"sábado";"19:15:00";"PR";277;128;"BALSA NOVA";"Velocidade Incompatível";"Saída de leito carroçável";"Sem Vítimas";"Pleno dia";"Decrescente";"Chuva";"Dupla";"Declive;Curva";"Não";1;0;0;0;1;0;0;1;-25,4676407;-49,62424993;"SPRF-PR";"DEL01-PR";"UOP06-DEL01-PR"
101588;2018-01-06;"sábado";"20:15:00";"RS";116;130,5;"CAXIAS DO SUL";"Velocidade Incompatível";"Colisão frontal";"Sem Vítimas";"Anoitecer";"Crescente";"Nublado";"Simples";"Curva";"Não";3;0;0;0;3;0;0;2;-29,03812032;-51,09073833;"SPRF-RS";"DEL05-RS";"UOP01-DEL05-RS"
101589;2018-01-06;"sábado";"22:30:00";"PR";277;723;"FOZ DO IGUACU";"Desobediência às normas de trânsito pelo condutor";"Queda de ocupante de veículo";"Com Vítimas Feridas";"Plena Noite";"Crescente";"Nublado";"Dupla";"Retorno Regulamentado";"Sim";2;0;0;1;1;0;1;2;-25,49885784;-54,5300281;"SPRF-PR";"DEL05-PR";"UOP01-DEL05-PR"
101591;2018-01-06;"sábado";"22:00:00";"CE";20;248,3;"MADALENA";"Restrição de Visibilidade";"Queda de ocupante de veículo";"Com Vítimas Fatais";"Plena Noite";"Crescente";"Céu Claro";"Simples";"Reta";"Não";1;1;0;0;0;0;0;1;-4,79603844;-39,5252037;"SPRF-CE";"DEL02-CE";"UOP02-DEL02-CE"
101592;2018-01-06;"sábado";"23:40:00";"PR";476;130;"CURITIBA";"Falta de Atenção à Condução";"Colisão traseira";"Com Vítimas Feridas";"Plena Noite";"Decrescente";"Céu Claro";"Múltipla";"Reta";"Não";3;0;0;1;1;1;1;3;-25,449564;-49,236427;"SPRF-PR";"DEL01-PR";"UOP07-DEL01-PR"
101593;2018-01-06;"sábado";"19:00:00";"MT";163;1035;"MATUPA";"Ingestão de Álcool";"Colisão frontal";"Com Vítimas Feridas";"Plena Noite";"Crescente";"Chuva";"Simples";"Reta";"Não";2;0;0;1;1;0;1;2;-10,20133;-54,95709;"SPRF-MT";"DEL06-MT";"UOP02-DEL06-MT"
101595;2018-01-06;"sábado";"23:15:00";"SC";163;76,2;"SAO MIGUEL DO OESTE";"Ingestão de Álcool";"Saída de leito carroçável";"Sem Vítimas";"Plena Noite";"Decrescente";"Céu Claro";"Simples";"Declive";"Não";1;0;0;0;1;0;0;1;-26,68289507;-53,51461887;"SPRF-SC";"DEL07-SC";"UOP03-DEL07-SC"
101596;2018-01-06;"sábado";"19:30:00";"MA";222;598;"BOM JESUS DAS SELVAS";"Restrição de Visibilidade";"Colisão transversal";"Com Vítimas Feridas";"Plena Noite";"Crescente";"Céu Claro";"Simples";"Reta";"Não";2;0;0;1;1;0;1;2;-4,4203963;-46,765644;"SPRF-MA";"DEL04-MA";"UOP03-DEL04-MA"
101597;2018-01-06;"sábado";"23:45:00";"SC";101;145;"ITAPEMA";"Falta de Atenção à Condução";"Colisão lateral";"Com Vítimas Feridas";"Plena Noite";"Decrescente";"Nublado";"Dupla";"Reta";"Sim";3;0;2;0;1;0;2;2;-27,08588551;-48,60791371;"SPRF-SC";"DEL04-SC";"UOP03-DEL04-SC"
101599;2018-01-07;"domingo";"00:25:00";"PR";277;23;"MORRETES";"Falta de Atenção à Condução";"Saída de leito carroçável";"Sem Vítimas";"Plena Noite";"Decrescente";"Céu Claro";"Dupla";"Reta";"Não";1;0;0;0;1;0;0;1;-25,53097949;-48,73140335;"SPRF-PR";"DEL01-PR";"UOP05-DEL01-PR"
101600;2018-01-07;"domingo";"00:30:00";"RJ";393;281;"VOLTA REDONDA";"Falta de Atenção à Condução";"Colisão transversal";"Com Vítimas Feridas";"Plena Noite";"Decrescente";"Chuva";"Simples";"Interseção de Vias";"Sim";3;0;0;1;1;1;1;3;-22,47362826;-44,05825451;"SPRF-RJ";"DEL05-RJ";"UOP04-DEL05-RJ"
101601;2018-01-07;"domingo";"00:20:00";"ES";101;317,3;"GUARAPARI";"Falta de Atenção à Condução";"Colisão transversal";"Com Vítimas Fatais";"Plena Noite";"Crescente";"Nublado";"Simples";"Reta;Aclive";"Não";5;1;1;2;1;0;3;2;-20,488343;-40,476921;"SPRF-ES";"DEL03-ES";"UOP01-DEL03-ES"
101602;2018-01-06;"sábado";"22:15:00";"SC";280;31,9;"ARAQUARI";"Falta de Atenção à Condução";"Colisão frontal";"Com Vítimas Feridas";"Plena Noite";"Crescente";"Céu Claro";"Simples";"Curva";"Sim";5;0;2;2;1;0;4;3;-26,41981398;-48,7786746;"SPRF-SC";"DEL03-SC";"UOP03-DEL03-SC"