"id";"data_inversa";"dia_semana";"horario";"uf";"br";"km";"municipio";"causa_acidente";"tipo_acidente";"classificacao_acidente";"fase_dia";"sentido_via";"condicao_metereologica";"tipo_pista";"tracado_via";"uso_solo";"pessoas";"mortos";"feridos_leves";"feridos_graves";"ilesos";"ignorados";"feridos";"veiculos";"latitude";"longitude";"regional";"delegacia";"uop"
101709;2018-01-07;"domingo";"11:15:00";"MS";262;3,2;"TRES LAGOAS";"Pista Escorregadia";"Tombamento";"Com Vítimas Feridas";"Pleno dia";"Crescente";"Chuva";"Dupla";"Curva";"Não";2;0;0;2;0;0;2;1;-20,7870309;-51,653198;"SPRF-MS";"DEL07-MS";"UOP01-DEL07-MS"
101710;2018-01-07;"domingo";"12:10:00";"SP";116;150,2;"SAO JOSE DOS CAMPOS";"Pista Escorregadia";"Colisão com objeto estático";"Sem Vítimas";"Pleno dia";"Crescente";"Chuva";"Dupla";"Reta";"Sim";1;0;0;0;1;0;0;1;-23,21465433;-45,89442027;"SPRF-SP";"DEL02-SP";"UOP01-DEL02-SP"
101711;2018-01-07;"domingo";"11:30:00";"PE";232;125,4;"CARUARU";"Defeito Mecânico no Veículo";"Colisão com objeto em movimento";"Com Vítimas Feridas";"Pleno dia";"Decrescente";"Sol";"Dupla";"Reta";"Sim";2;0;2;0;0;0;2;1;-8,30836475;-35,95486164;"SPRF-PE";"DEL02-PE";"UOP03-DEL02-PE"
101712;2018-01-07;"domingo";"11:50:00";"MS";60;340,8;"CAMPO GRANDE";"Avarias e/ou desgaste excessivo no pneu";"Queda de ocupante de veículo";"Com Vítimas Feridas";"Pleno dia";"Decrescente";"Nublado";"Simples";"Reta";"Não";2;0;1;0;1;0;1;1;-20,41703874;-54,73155454;"SPRF-MS";"DEL01-MS";"UOP02-DEL01-MS"
101713;2018-01-07;"domingo";"12:47:00";"MG";381;516,6;"IGARAPE";"Velocidade Incompatível";"Saída de leito carroçável";"Com Vítimas Feridas";"Pleno dia";"Decrescente";"Chuva";"Dupla";"Declive;Curva";"Não";2;0;1;0;1;0;1;2;-20,10154388;-44,31886259;"SPRF-MG";"DEL01-MG";"UOP03-DEL01-MG"
101714;2018-01-07;"domingo";"12:20:00";"SC";116;44;"ITAIOPOLIS";"Falta de Atenção à Condução";"Capotamento";"Com Vítimas Feridas";"Pleno dia";"Decrescente";"Nublado";"Simples";"Reta;Aclive";"Não";1;0;1;0;0;0;1;1;-26,33844149;-50,09130813;"SPRF-SC";"DEL06-SC";"UOP01-DEL06-SC"
101715;2018-01-07;"domingo";"12:30:00";"DF";60;24;"BRASILIA";"Avarias e/ou desgaste excessivo no pneu";"Tombamento";"Com Vítimas Feridas";"Pleno dia";"Decrescente";"Nublado";"Dupla";"Reta";"Não";2;0;0;1;1;0;1;1;-15,991807;-48,232067;"SPRF-DF";"DEL01-DF";"UOP01-DEL03-DF"
101716;2018-01-07;"domingo";"12:00:00";"PE";316;145;"PARNAMIRIM";"Falta de Atenção à Condução";"Colisão traseira";"Sem Vítimas";"Pleno dia";"Crescente";"Céu Claro";"Simples";"Reta";"Sim";6;0;0;0;6;0;0;2;-8,09597;-39,58474;"SPRF-PE";"DEL05-PE";"UOP02-DEL05-PE"
101718;2018-01-07;"domingo";"13:25:00";"SC";101;196;"BIGUACU";"Falta de Atenção à Condução";"Colisão traseira";"Sem Vítimas";"Pleno dia";"Decrescente";"Céu Claro";"Dupla";"Reta";"Sim";5;0;0;0;5;0;0;5;-27,5185;-48,6383;"SPRF-SC";"DEL01-SC";"UOP01-DEL01-SC"
101719;2018-01-07;"domingo";"13:15:00";"MG";381;929,8;"ITAPEVA";"Velocidade Incompatível";"Saída de leito carroçável";"Com Vítimas Feridas";"Pleno dia";"Crescente";"Chuva";"Dupla";"Curva";"Não";2;0;1;0;1;0;1;1;-22,77085937;-46,23644471;"SPRF-MG";"DEL16-MG";"UOP03-DEL16-MG"
101721;2018-01-07;"domingo";"12:30:00";"MG";50;77;"UBERLANDIA";"Velocidade Incompatível";"Capotamento";"Com Vítimas Feridas";"Pleno dia";"Crescente";"Chuva";"Dupla";"Curva";"Não";3;0;2;0;1;0;2;1;-18,9399304;-48,21903974;"SPRF-MG";"DEL15-MG";"UOP01-DEL15-MG"
101722;2018-01-07;"domingo";"09:30:00";"MT";70;605;"POCONE";"Pista Escorregadia";"Saída de leito carroçável";"Sem Vítimas";"Pleno dia";"Crescente";"Chuva";"Simples";"Curva";"Não";2;0;0;0;2;0;0;1;-15,8516123;-56,84880048;"SPRF-MT";"DEL03-MT";"UOP02-DEL03-MT"
101723;2018-01-07;"domingo";"12:55:00";"SC";116;245;"LAGES";"Falta de Atenção à Condução";"Colisão transversal";"Sem Vítimas";"Pleno dia";"Crescente";"Céu Claro";"Simples";"Rotatória";"Sim";2;0;0;0;2;0;0;2;-27,79980659;-50,36369115;"SPRF-SC";"DEL05-SC";"UOP01-DEL05-SC"
101725;2018-01-07;"domingo";"13:50:00";"SC";470;67;"INDAIAL";"Falta de Atenção à Condução";"Colisão lateral";"Com Vítimas Feridas";"Pleno dia";"Crescente";"Nublado";"Simples";"Reta";"Sim";3;0;2;0;1;0;2;2;-26,87061182;-49,21438336;"SPRF-SC";"DEL04-SC";"UOP01-DEL04-SC"
101727;2018-01-07;"domingo";"12:45:00";"MG";381;516,6;"IGARAPE";"Velocidade Incompatível";"Colisão com objeto estático";"Sem Vítimas";"Pleno dia";"Decrescente";"Chuva";"Dupla";"Declive;Curva";"Não";1;0;0;0;1;0;0;1;-20,10154388;-44,31886259;"SPRF-MG";"DEL01-MG";"UOP03-DEL01-MG"
101728;2018-01-07;"domingo";"12:55:00";"BA";324;568;"SAO SEBASTIAO DO PASSE";"Velocidade Incompatível";"Capotamento";"Com Vítimas Feridas";"Pleno dia";"Decrescente";"Céu Claro";"Dupla";"Reta";"Não";2;0;1;0;0;1;1;1;-12,54448731;-38,58369856;"SPRF-BA";"DEL01-BA";"UOP01-DEL01-BA"
101730;2018-01-07;"domingo";"14:15:00";"SC";101;225;"PALHOCA";"Não guardar distância de segurança";"Colisão traseira";"Com Vítimas Feridas";"Pleno dia";"Decrescente";"Céu Claro";"Dupla";"Reta";"Não";4;0;1;0;3;0;1;3;-27,7422;-48,638;"SPRF-SC";"DEL01-SC";"UOP02-DEL01-SC"
101731;2018-01-07;"domingo";"09:15:00";"SC";282;558,3;"NOVA ITABERABA";"Falta de Atenção à Condução";"Saída de leito carroçável";"Com Vítimas Feridas";"Pleno dia";"Decrescente";"Sol";"Simples";"Curva";"Não";2;0;2;0;0;0;2;1;-26,93153037;-52,83453941;"SPRF-SC";"DEL07-SC";"UOP01-DEL07-SC"
101732;2018-01-07;"domingo";"12:10:00";"MG";262;196;"JOAO MONLEVADE";"Falta de Atenção à Condução";"Colisão lateral";"Sem Vítimas";"Pleno dia";"Decrescente";"Sol";"Simples";"Reta";"Não";2;0;0;0;2;0;0;2;-19,86094821;-43,11679959;"SPRF-MG";"DEL03-MG";"UOP01-DEL03-MG"
101733;2018-01-07;"domingo";"14:45:00";"SP";116;465,5;"PARIQUERA-ACU";"Falta de Atenção à Condução";"Colisão com objeto estático";"Sem Vítimas";"Pleno dia";"Crescente";"Chuva";"Dupla";"Curva";"Não";2;0;0;0;2;0;0;1;-24,7102;-47,884;"SPRF-SP";"DEL05-SP";"UAP01-DEL05-SP"
101734;2018-01-07;"domingo";"15:00:00";"SC";101;60;"ARAQUARI";"Defeito Mecânico no Veículo";"Queda de ocupante de veículo";"Com Vítimas Feridas";"Pleno dia";"Decrescente";"Nublado";"Dupla";"Reta";"Não";2;0;0;2;0;0;2;1;-26,4530923;-48,78150333;"SPRF-SC";"DEL03-SC";"UOP02-DEL03-SC"
101735;2018-01-07;"domingo";"14:00:00";"MS";60;36;"CHAPADAO DO SUL";"Falta de Atenção à Condução";"Saída de leito carroçável";"Com Vítimas Feridas";"Pleno dia";"Decrescente";"Chuva";"Simples";"Curva";"Não";5;0;4;1;0;0;5;1;-18,8218171;-52,67154694;"SPRF-MS";"DEL08-MS";"UOP01-DEL08-MS"
101737;2018-01-07;"domingo";"14:30:00";"GO";364;256;"JATAI";"Pista Escorregadia";"Queda de ocupante de veículo";"Com Vítimas Feridas";"Pleno dia";"Decrescente";"Chuva";"Simples";"Reta";"Não";3;0;1;0;2;0;1;2;-17,692316;-52,196327;"SPRF-GO";"DEL05-GO";"UOP01-DEL05-GO"
101738;2018-01-07;"domingo";"14:15:00";"SP";116;218;"GUARULHOS";"Velocidade Incompatível";"Colisão traseira";"Com Vítimas Feridas";"Pleno dia";"Decrescente";"Chuva";"Múltipla";"Reta";"Sim";2;0;1;0;0;1;1;2;-23,45658823;-46,47760296;"SPRF-SP";"DEL01-SP";"UOP01-DEL01-SP"
101739;2018-01-07;"domingo";"14:30:00";"SC";280;252,8;"CANOINHAS";"Falta de Atenção à Condução";"Saída de leito carroçável";"Com Vítimas Feridas";"Pleno dia";"Decrescente";"Céu Claro";"Simples";"Reta";"Não";3;0;3;0;0;0;3;1;-26,24600912;-50,497281;"SPRF-SC";"DEL06-SC";"UOP04-DEL06-SC"
101740;2018-01-07;"domingo";"14:00:00";"MG";116;810,5;"ALEM PARAIBA";"Velocidade Incompatível";"Saída de leito carroçável";"Com Vítimas Feridas";"Pleno dia";"Crescente";"Sol";"Simples";"Curva";"Não";1;0;1;0;0;0;1;1;-21,83431275;-42,67742065;"SPRF-MG";"DEL07-MG";"UOP01-DEL07-MG"
101743;2018-01-07;"domingo";"15:28:00";"SC";101;61;"ARAQUARI";"Falta de Atenção à Condução";"Capotamento";"Com Vítimas Feridas";"Pleno dia";"Decrescente";"Nublado";"Dupla";"Reta";"Não";4;0;3;0;1;0;3;1;-26,45484049;-48,77175266;"SPRF-SC";"DEL03-SC";"UOP02-DEL03-SC"
101744;2018-01-07;"domingo";"15:15:00";"SC";101;132;"BALNEARIO CAMBORIU";"Falta de Atenção à Condução";"Colisão com objeto em movimento";"Com Vítimas Feridas";"Pleno dia";"Decrescente";"Céu Claro";"Simples";"Reta";"Sim";2;0;1;0;1;0;1;2;-26,9992;-48,646;"SPRF-SC";"DEL04-SC";"UOP03-DEL04-SC"
101745;2018-01-07;"domingo";"15:15:00";"GO";60;34;"GOIANIA";"Condutor Dormindo";"Colisão com objeto estático";"Com Vítimas Feridas";"Pleno dia";"Decrescente";"Nublado";"Dupla";"Reta";"Sim";2;0;2;0;0;0;2;1;-16,6777;-49,2676;"SPRF-GO";"DEL01-GO";"UOP02-DEL01-GO"
101746;2018-01-07;"domingo";"15:40:00";"MG";381;290;"ANTONIO DIAS";"Falta de Atenção à Condução";"Colisão traseira";"Com Vítimas Feridas";"Pleno dia";"Crescente";"Céu Claro";"Simples";"Reta";"Não";5;0;1;0;4;0;1;3;-19,61795087;-42,79689666;"SPRF-MG";"DEL03-MG";"UOP02-DEL03-MG"
101747;2018-01-07;"domingo";"13:50:00";"SE";101;83,4;"LARANJEIRAS";"Objeto estático sobre o leito carroçável";"Queda de ocupante de veículo";"Com Vítimas Feridas";"Pleno dia";"Decrescente";"Céu Claro";"Dupla";"Reta";"Não";2;0;1;0;1;0;1;1;-10,83162007;-37,13818;"SPRF-SE";"DEL01-SE";"UOP01-DEL01-SE"
101748;2018-01-07;"domingo";"14:40:00";"TO";153;350,9;"FORTALEZA DO TABOCAO";"Ultrapassagem Indevida";"Colisão transversal";"Com Vítimas Fatais";"Pleno dia";"Crescente";"Nublado";"Simples";"Declive";"Não";5;3;2;0;0;0;2;2;-8,98928254;-48,49983215;"SPRF-TO";"DEL02-TO";"UOP02-DEL02-TO"
101749;2018-01-07;"domingo";"15:45:00";"GO";40;3,7;"LUZIANIA";"Falta de Atenção à Condução";"Engavetamento";"Com Vítimas Feridas";"Pleno dia";"Decrescente";"Garoa/Chuvisco";"Dupla";"Reta";"Sim";5;0;1;0;4;0;1;4;-16,0834567;-47,986695;"SPRF-DF";"DEL01-DF";"UOP01-DEL01-DF"
101750;2018-01-07;"domingo";"15:30:00";"MG";40;591;"ITABIRITO";"Velocidade Incompatível";"Saída de leito carroçável";"Sem Vítimas";"Pleno dia";"Decrescente";"Chuva";"Dupla";"Reta";"Não";1;0;0;0;1;0;0;1;-20,37994031;-43,90747441;"SPRF-MG";"DEL01-MG";"UOP02-DEL01-MG"
101751;2018-01-07;"domingo";"15:35:00";"SP";116;63,5;"GUARATINGUETA";"Falta de Atenção à Condução";"Colisão com objeto em movimento";"Com Vítimas Feridas";"Pleno dia";"Decrescente";"Chuva";"Simples";"Reta";"Sim";2;0;1;0;1;0;1;2;-22,81003509;-45,17567518;"SPRF-SP";"DEL08-SP";"UOP01-DEL08-SP"
101752;2018-01-07;"domingo";"14:20:00";"PB";230;28;"JOAO PESSOA";"Falta de Atenção à Condução";"Colisão traseira";"Com Vítimas Feridas";"Pleno dia";"Decrescente";"Céu Claro";"Dupla";"Reta";"Sim";4;0;2;0;2;0;2;2;-7,16496079;-34,89959005;"SPRF-PB";"DEL01-PB";"UOP01-DEL01-PB"
101754;2018-01-07;"domingo";"16:00:00";"ES";101;332,6;"GUARAPARI";"Defeito Mecânico no Veículo";"Saída de leito carroçável";"Com Vítimas Feridas";"Pleno dia";"Crescente";"Céu Claro";"Simples";"Reta";"Não";2;0;1;1;0;0;2;1;-20,61203882;-40,51124811;"SPRF-ES";"DEL03-ES";"UOP01-DEL03-ES"
101756;2018-01-07;"domingo";"13:30:00";"MA";316;463;"CODO";"Falta de Atenção à Condução";"Saída de leito carroçável";"Com Vítimas Feridas";"Pleno dia";"Crescente";"Garoa/Chuvisco";"Simples";"Curva";"Não";4;0;2;2;0;0;4;1;-4,54478482;-44,01198911;"SPRF-MA";"DEL03-MA";"UOP01-DEL03-MA"
101757;2018-01-07;"domingo";"16:15:00";"ES";101;146;"LINHARES";"Falta de Atenção à Condução";"Colisão transversal";"Com Vítimas Feridas";"Pleno dia";"Decrescente";"Céu Claro";"Múltipla";"Reta";"Sim";2;0;1;0;1;0;1;2;-19,39159;-40,072563;"SPRF-ES";"DEL04-ES";"UOP01-DEL04-ES"
101758;2018-01-07;"domingo";"16:30:00";"SC";470;52;"BLUMENAU";"Ingestão de Álcool";"Colisão transversal";"Com Vítimas Feridas";"Pleno dia";"Crescente";"Sol";"Simples";"Reta";"Não";3;0;0;2;1;0;2;2;-26,85977757;-49,0770945;"SPRF-SC";"DEL04-SC";"UOP01-DEL04-SC"
101759;2018-01-07;"domingo";"15:15:00";"BA";324;623;"SALVADOR";"Não guardar distância de segurança";"Colisão traseira";"Com Vítimas Feridas";"Pleno dia";"Decrescente";"Sol";"Dupla";"Reta";"Sim";2;0;1;0;1;0;1;2;-12,94131863;-38,47078473;"SPRF-BA";"DEL01-BA";"UOP01-DEL01-BA"
101760;2018-01-07;"domingo";"15:40:00";"SC";101;132,2;"BALNEARIO CAMBORIU";"Falta de Atenção do Pedestre";"Atropelamento de Pedestre";"Com Vítimas Feridas";"Pleno dia";"Decrescente";"Nublado";"Dupla";"Reta";"Sim";2;0;1;0;1;0;1;2;-26,99866062;-48,64789782;"SPRF-SC";"DEL04-SC";"UOP03-DEL04-SC"
101761;2018-01-07;"domingo";"17:20:00";"MG";381;916;"CAMANDUCAIA";"Velocidade Incompatível";"Capotamento";"Sem Vítimas";"Pleno dia";"Crescente";"Chuva";"Dupla";"Reta";"Não";5;0;0;0;5;0;0;1;-22,74560115;-46,13638759;"SPRF-MG";"DEL16-MG";"UOP03-DEL16-MG"
101763;2018-01-07;"domingo";"16:10:00";"TO";153;140,3;"ARAGUAINA";"Velocidade Incompatível";"Colisão com objeto estático";"Sem Vítimas";"Pleno dia";"Decrescente";"Nublado";"Dupla";"Reta";"Sim";1;0;0;0;1;0;0;1;-7,1717506;-48,21556091;"SPRF-TO";"DEL02-TO";"UOP01-DEL02-TO"
101765;2018-01-07;"domingo";"16:50:00";"GO";70;51;"COCALZINHO DE GOIAS";"Ingestão de Álcool";"Saída de leito carroçável";"Com Vítimas Feridas";"Pleno dia";"Crescente";"Chuva";"Simples";"Reta";"Não";2;0;2;0;0;0;2;1;-15,7508;-48,6248;"SPRF-DF";"DEL01-DF";"UOP02-DEL03-DF"
101766;2018-01-07;"domingo";"15:30:00";"MG";40;108,2;"LAGOA GRANDE";"Falta de Atenção à Condução";"Saída de leito carroçável";"Com Vítimas Feridas";"Pleno dia";"Crescente";"Céu Claro";"Simples";"Reta";"Não";4;0;1;0;3;0;1;1;-17,62150082;-46,46358588;"SPRF-MG";"DEL14-MG";"UOP01-DEL14-MG"
101768;2018-01-07;"domingo";"15:30:00";"SP";116;423,3;"JUQUIA";"Defeito Mecânico no Veículo";"Saída de leito carroçável";"Sem Vítimas";"Pleno dia";"Crescente";"Chuva";"Dupla";"Curva";"Não";2;0;0;0;2;0;0;1;-24,3214;-47,6373;"SPRF-SP";"DEL05-SP";"UOP01-DEL05-SP"
101770;2018-01-07;"domingo";"16:50:00";"SC";116;245,5;"LAGES";"Desobediência às normas de trânsito pelo condutor";"Colisão transversal";"Sem Vítimas";"Pleno dia";"Crescente";"Sol";"Simples";"Rotatória";"Sim";2;0;0;0;2;0;0;2;-27,79976725;-50,3636676;"SPRF-SC";"DEL05-SC";"UOP01-DEL05-SC"
101773;2018-01-07;"domingo";"17:00:00";"SC";101;141;"BALNEARIO CAMBORIU";"Falta de Atenção à Condução";"Colisão com objeto em movimento";"Com Vítimas Feridas";"Pleno dia";"Decrescente";"Céu Claro";"Dupla";"Reta";"Não";3;0;2;0;1;0;2;2;-27,0562;-48,5985;"SPRF-SC";"DEL04-SC";"UOP03-DEL04-SC"
101777;2018-01-07;"domingo";"16:15:00";"AP";210;2;"MACAPA";"Mal Súbito";"Colisão transversal";"Com Vítimas Feridas";"Pleno dia";"Decrescente";"Nublado";"Dupla";"Interseção de Vias";"Sim";1;0;1;0;0;0;1;1;0,0821614;-51,07740015;"SPRF-AP";"DEL01-AP";"UOP01-DEL01-AP"
101780;2018-01-07;"domingo";"17:20:00";"CE";116;12;"FORTALEZA";"Falta de Atenção à Condução";"Colisão transversal";"Com Vítimas Feridas";"Anoitecer";"Crescente";"Nublado";"Simples";"Reta";"Sim";2;0;0;1;1;0;1;2;-3,8643;-38,4976;"SPRF-CE";"DEL01-CE";"UOP02-DEL01-CE"
101782;2018-01-07;"domingo";"14:30:00";"PR";116;14;"CAMPINA GRANDE DO SUL";"Falta de Atenção à Condução";"Capotamento";"Sem Vítimas";"Pleno dia";"Crescente";"Chuva";"Dupla";"Curva";"Não";1;0;0;0;1;0;0;1;-25,098421;-48,673969;"SPRF-PR";"DEL01-PR";"UOP02-DEL01-PR"
101783;2018-01-07;"domingo";"15:41:00";"RJ";40;119;"DUQUE DE CAXIAS";"Defeito Mecânico no Veículo";"Queda de ocupante de veículo";"Com Vítimas Feridas";"Pleno dia";"Crescente";"Chuva";"Múltipla";"Reta";"Sim";2;0;1;0;1;0;1;1;-22,76366724;-43,28688383;"SPRF-RJ";"DEL01-RJ";"UOP01-DEL01-RJ"
101784;2018-01-07;"domingo";"18:30:00";"SC";282;653,8;"SAO MIGUEL DO OESTE";"Falta de Atenção à Condução";"Colisão frontal";"Com Vítimas Feridas";"Pleno dia";"Decrescente";"Céu Claro";"Simples";"Interseção de Vias";"Não";2;0;1;0;1;0;1;2;-26,70495864;-53,52548456;"SPRF-SC";"DEL07-SC";"UOP03-DEL07-SC"
101786;2018-01-07;"domingo";"17:25:00";"PA";155;313;"MARABA";"Falta de Atenção à Condução";"Colisão lateral";"Com Vítimas Feridas";"Pleno dia";"Crescente";"Céu Claro";"Simples";"Reta";"Não";3;0;2;0;1;0;2;2;-5,631005;-49,097343;"SPRF-PA";"DEL03-PA";"UOP01-DEL03-PA"
101787;2018-01-07;"domingo";"18:20:00";"RJ";116;220;"PARACAMBI";"Pista Escorregadia";"Colisão com objeto estático";"Sem Vítimas";"Anoitecer";"Decrescente";"Chuva";"Simples";"Curva";"Sim";1;0;0;0;1;0;0;1;-22,67421378;-43,81742477;"SPRF-RJ";"DEL07-RJ";"UOP01-DEL07-RJ"
101790;2018-01-07;"domingo";"18:05:00";"MG";381;791,7;"SAO GONCALO DO SAPUCAI";"Velocidade Incompatível";"Saída de leito carroçável";"Com Vítimas Feridas";"Pleno dia";"Decrescente";"Chuva";"Dupla";"Declive;Curva";"Não";4;0;1;0;3;0;1;1;-21,89473728;-45,54940224;"SPRF-MG";"DEL16-MG";"UOP02-DEL16-MG"
101791;2018-01-07;"domingo";"17:20:00";"PE";101;35;"IGARASSU";"Falta de Atenção à Condução";"Colisão com objeto estático";"Com Vítimas Feridas";"Anoitecer";"Crescente";"Céu Claro";"Múltipla";"Reta";"Não";2;0;0;1;1;0;1;1;-7,7889;-34,9295;"SPRF-PE";"DEL01-PE";"UOP02-DEL01-PE"
101794;2018-01-07;"domingo";"19:20:00";"GO";40;4;"VALPARAISO DE GOIAS";"Falta de Atenção à Condução";"Colisão traseira";"Com Vítimas Feridas";"Anoitecer";"Decrescente";"Nublado";"Dupla";"Reta;Aclive";"Sim";2;0;1;0;1;0;1;2;-16,08301153;-47,98668802;"SPRF-DF";"DEL01-DF";"UOP01-DEL01-DF"
101795;2018-01-07;"domingo";"19:00:00";"GO";60;257,4;"INDIARA";"Pista Escorregadia";"Saída de leito carroçável";"Sem Vítimas";"Plena Noite";"Crescente";"Chuva";"Dupla";"Reta;Retorno Regulamentado";"Não";1;0;0;0;1;0;0;1;-17,15271929;-50,02215861;"SPRF-GO";"DEL01-GO";"UOP02-DEL01-GO"
101798;2018-01-07;"domingo";"19:15:00";"SC";101;204,9;"SAO JOSE";"Ingestão de Álcool";"Colisão com objeto estático";"Com Vítimas Feridas";"Anoitecer";"Crescente";"Céu Claro";"Múltipla";"Interseção de Vias";"Sim";1;0;1;0;0;0;1;1;-27,57511311;-48,61357248;"SPRF-SC";"DEL01-SC";"UOP01-DEL01-SC"
101801;2018-01-07;"domingo";"18:45:00";"ES";262;5;"CARIACICA";"Falta de Atenção à Condução";"Colisão traseira";"Com Vítimas Feridas";"Anoitecer";"Decrescente";"Céu Claro";"Múltipla";"Curva";"Sim";3;0;1;1;1;0;2;2;-20,33661338;-40,38928002;"SPRF-ES";"DEL01-ES";"UOP01-DEL01-ES"
101802;2018-01-07;"domingo";"20:00:00";"GO";60;173;"ABADIA DE GOIAS";"Falta de Atenção à Condução";"Colisão traseira";"Com Vítimas Feridas";"Plena Noite";"Decrescente";"Chuva";"Dupla";"Reta";"Não";6;0;4;0;0;2;4;2;-16,7423;-49,415;"SPRF-GO";"DEL01-GO";"UOP02-DEL01-GO"
101803;2018-01-07;"domingo";"14:30:00";"RS";287;483;"SAO BORJA";"Condutor Dormindo";"Saída de leito carroçável";"Com Vítimas Feridas";"Pleno dia";"Crescente";"Céu Claro";"Simples";"Reta";"Não";3;0;0;1;2;0;1;1;-28,93586669;-55,5745849;"SPRF-RS";"DEL12-RS";"UOP01-DEL12-RS"
101804;2018-01-07;"domingo";"17:30:00";"SC";282;541,6;"CHAPECO";"Ingestão de Álcool";"Colisão frontal";"Com Vítimas Fatais";"Pleno dia";"Crescente";"Sol";"Simples";"Curva";"Não";4;1;3;0;0;0;3;2;-26,99726769;-52,7031675;"SPRF-SC";"DEL07-SC";"UOP01-DEL07-SC"
101805;2018-01-07;"domingo";"19:30:00";"SC";101;223;"PALHOCA";"Não guardar distância de segurança";"Colisão lateral";"Com Vítimas Feridas";"Anoitecer";"Decrescente";"Nublado";"Dupla";"Reta";"Sim";3;0;1;0;2;0;1;3;-27,7248;-48,6435;"SPRF-SC";"DEL01-SC";"UOP02-DEL01-SC"
101807;2018-01-07;"domingo";"18:15:00";"PE";232;420;"SERRA TALHADA";"Desobediência às normas de trânsito pelo condutor";"Capotamento";"Com Vítimas Feridas";"Plena Noite";"Decrescente";"Céu Claro";"Simples";"Reta";"Não";3;0;3;0;0;0;3;1;-7,992367;-38,298645;"SPRF-PE";"DEL04-PE";"UOP01-DEL04-PE"
101808;2018-01-07;"domingo";"19:28:00";"TO";153;494,2;"PARAISO DO TOCANTINS";"Velocidade Incompatível";"Colisão traseira";"Com Vítimas Feridas";"Plena Noite";"Crescente";"Céu Claro";"Simples";"Reta";"Sim";2;0;1;0;1;0;1;2;-10,15751243;-48,88241852;"SPRF-TO";"DEL02-TO";"UOP01-DEL01-TO"
101809;2018-01-07;"domingo";"17:30:00";"AC";317;22;"PORTO ACRE";"Ingestão de Álcool";"Colisão transversal";"Com Vítimas Fatais";"Anoitecer";"Crescente";"Chuva";"Simples";"Reta";"Não";4;1;1;0;0;2;1;3;-9,77922649;-67,36612558;"SPRF-AC";"DEL01-AC";"UOP01-DEL01-AC"
101810;2018-01-07;"domingo";"20:30:00";"SC";101;161,9;"TIJUCAS";"Falta de Atenção à Condução";"Colisão com objeto estático";"Com Vítimas Fatais";"Plena Noite";"Crescente";"Nublado";"Dupla";"Reta";"Não";2;1;0;0;1;0;0;2;-27,21624311;-48,62377584;"SPRF-SC";"DEL04-SC";"UOP03-DEL04-SC"
101811;2018-01-07;"domingo";"18:40:00";"PE";232;144,2;"SAO CAITANO";"Ingestão de Álcool";"Atropelamento de Pedestre";"Com Vítimas Feridas";"Plena Noite";"Crescente";"Céu Claro";"Dupla";"Reta";"Não";3;0;2;1;0;0;3;2;-8,32619962;-36,11433506;"SPRF-PE";"DEL02-PE";"UOP03-DEL02-PE"
101812;2018-01-07;"domingo";"18:20:00";"SC";163;65,5;"SAO MIGUEL DO OESTE";"Ingestão de Álcool";"Colisão transversal";"Com Vítimas Feridas";"Pleno dia";"Decrescente";"Céu Claro";"Dupla";"Reta";"Sim";5;0;2;0;2;1;2;3;-26,75669984;-53,50058556;"SPRF-SC";"DEL07-SC";"UOP03-DEL07-SC"
101814;2018-01-07;"domingo";"20:30:00";"GO";50;283;"CATALAO";"Falta de Atenção à Condução";"Colisão transversal";"Com Vítimas Feridas";"Plena Noite";"Crescente";"Chuva";"Simples";"Interseção de Vias";"Não";5;0;3;0;2;0;3;2;-18,1965;-47,9567;"SPRF-GO";"DEL06-GO";"UOP01-DEL06-GO"
101815;2018-01-07;"domingo";"20:50:00";"ES";101;132,6;"SOORETAMA";"Falta de Atenção à Condução";"Colisão com objeto em movimento";"Com Vítimas Feridas";"Plena Noite";"Crescente";"Céu Claro";"Simples";"Reta";"Não";2;0;0;2;0;0;2;1;-19,23601742;-40,09199202;"SPRF-ES";"DEL04-ES";"UOP01-DEL04-ES"
101816;2018-01-07;"domingo";"20:50:00";"RJ";101;120;"CAMPOS DOS GOYTACAZES";"Falta de Atenção à Condução";"Colisão com objeto estático";"Com Vítimas Feridas";"Plena Noite";"Decrescente";"Céu Claro";"Simples";"Reta";"Sim";1;0;0;1;0;0;1;1;-22,02320132;-41,68970328;"SPRF-RJ";"DEL08-RJ";"UOP02-DEL08-RJ"
101817;2018-01-07;"domingo";"19:30:00";"BA";367;82;"EUNAPOLIS";"Desobediência às normas de trânsito pelo condutor";"Colisão lateral";"Com Vítimas Feridas";"Plena Noite";"Decrescente";"Céu Claro";"Simples";"Reta";"Sim";2;0;1;0;1;0;1;2;-16,372061;-39,561646;"SPRF-BA";"DEL09-BA";"UOP01-DEL09-BA"
101818;2018-01-07;"domingo";"20:20:00";"RS";470;223;"GARIBALDI";"Falta de Atenção à Condução";"Colisão transversal";"Com Vítimas Feridas";"Anoitecer";"Crescente";"Ignorado";"Simples";"Reta";"Não";8;0;0;1;7;0;1;2;-29,2207113;-51,51672453;"SPRF-RS";"DEL06-RS";"UOP01-DEL06-RS"
101820;2018-01-07;"domingo";"19:00:00";"RO";364;375;"OURO PRETO DO OESTE";"Sinalização da via insuficiente ou inadequada";"Tombamento";"Com Vítimas Feridas";"Plena Noite";"Crescente";"Chuva";"Simples";"Curva;Em Obras";"Não";1;0;1;0;0;0;1;1;-10,73515301;-62,19161147;"SPRF-RO";"DEL02-RO";"UOP01-DEL02-RO"