"id";"data_inversa";"dia_semana";"horario";"uf";"br";"km";"municipio";"causa_acidente";"tipo_acidente";"classificacao_acidente";"fase_dia";"sentido_via";"condicao_metereologica";"tipo_pista";"tracado_via";"uso_solo";"pessoas";"mortos";"feridos_leves";"feridos_graves";"ilesos";"ignorados";"feridos";"veiculos";"latitude";"longitude";"regional";"delegacia";"uop"
101943;2018-01-08;"segunda-feira";"10:50:00";"MG";381;794,1;"SAO GONCALO DO SAPUCAI";"Velocidade Incompatível";"Saída de leito carroçável";"Sem Vítimas";"Pleno dia";"Crescente";"Nublado";"Dupla";"Curva";"Não";1;0;0;0;1;0;0;1;-21,90955547;-45,57220852;"SPRF-MG";"DEL16-MG";"UOP02-DEL16-MG"
101944;2018-01-08;"segunda-feira";"10:55:00";"RS";101;46,6;"TERRA DE AREIA";"Falta de Atenção à Condução";"Colisão com objeto estático";"Com Vítimas Feridas";"Pleno dia";"Crescente";"Céu Claro";"Dupla";"Reta";"Não";2;0;2;0;0;0;2;1;-29,58119228;-50,06678402;"SPRF-RS";"DEL03-RS";"DEL9/3-UOP03/RS"
101945;2018-01-08;"segunda-feira";"10:50:00";"MG";40;717,9;"BARBACENA";"Velocidade Incompatível";"Colisão com objeto estático";"Sem Vítimas";"Pleno dia";"Decrescente";"Chuva";"Dupla";"Curva";"Não";1;0;0;0;1;0;0;1;-21,28010214;-43,64309728;"SPRF-MG";"DEL05-MG";"UOP01-DEL05-MG"
101948;2018-01-08;"segunda-feira";"10:55:00";"PR";277;245,7;"IRATI";"Não guardar distância de segurança";"Colisão traseira";"Sem Vítimas";"Pleno dia";"Crescente";"Nublado";"Simples";"Curva";"Não";4;0;0;0;4;0;0;4;-25,44676056;-50,67187965;"SPRF-PR";"DEL03-PR";"UOP02-DEL08-PR"
101949;2018-01-08;"segunda-feira";"10:40:00";"MG";40;529;"CONTAGEM";"Avarias e/ou desgaste excessivo no pneu";"Queda de ocupante de veículo";"Com Vítimas Feridas";"Pleno dia";"Crescente";"Céu Claro";"Dupla";"Curva";"Sim";2;0;1;1;0;0;2;1;-19,9186312;-44,03930155;"SPRF-MG";"DEL01-MG";"UOP03-DEL01-MG"
101956;2018-01-08;"segunda-feira";"11:40:00";"MG";381;937,2;"EXTREMA";"Velocidade Incompatível";"Colisão com objeto estático";"Sem Vítimas";"Pleno dia";"Crescente";"Chuva";"Dupla";"Curva";"Não";1;0;0;0;1;0;0;1;-22,81212519;-46,28396356;"SPRF-MG";"DEL16-MG";"UOP03-DEL16-MG"
101957;2018-01-08;"segunda-feira";"11:00:00";"BA";116;14,5;"VITORIA DA CONQUISTA";"Desobediência às normas de trânsito pelo condutor";"Colisão transversal";"Com Vítimas Feridas";"Pleno dia";"Crescente";"Céu Claro";"Simples";"Reta";"Sim";3;0;0;2;1;0;2;2;-14,851;-40,8485;"SPRF-BA";"DEL08-BA";"UOP01-DEL08-BA"
101958;2018-01-08;"segunda-feira";"11:00:00";"SP";116;554;"BARRA DO TURVO";"Falta de Atenção à Condução";"Capotamento";"Sem Vítimas";"Pleno dia";"Crescente";"Garoa/Chuvisco";"Dupla";"Curva";"Não";1;0;0;0;1;0;0;1;-24,97108102;-48,50017548;"SPRF-SP";"DEL05-SP";"UOP02-DEL05-SP"
101959;2018-01-08;"segunda-feira";"12:10:00";"PR";277;729;"FOZ DO IGUACU";"Falta de Atenção à Condução";"Colisão lateral";"Sem Vítimas";"Pleno dia";"Crescente";"Céu Claro";"Dupla";"Curva";"Sim";1;0;0;0;1;0;0;1;-25,50605752;-54,58819449;"SPRF-PR";"DEL05-PR";"UOP03-DEL05-PR"
101960;2018-01-08;"segunda-feira";"11:30:00";"PE";424;88,1;"GARANHUNS";"Velocidade Incompatível";"Capotamento";"Com Vítimas Feridas";"Pleno dia";"Crescente";"Sol";"Simples";"Curva";"Sim";1;0;0;1;0;0;1;1;-8,88407525;-36,50844812;"SPRF-PE";"DEL03-PE";"UOP01-DEL03-PE"
101962;2018-01-08;"segunda-feira";"10:30:00";"RJ";40;6,8;"COMENDADOR LEVY GASPARIAN";"Velocidade Incompatível";"Colisão com objeto estático";"Sem Vítimas";"Pleno dia";"Decrescente";"Chuva";"Dupla";"Curva";"Não";3;0;0;0;3;0;0;1;-22,03180591;-43,22458852;"SPRF-RJ";"DEL06-RJ";"UOP02-DEL05-RJ"
101964;2018-01-08;"segunda-feira";"12:07:00";"RS";290;57;"GLORINHA";"Falta de Atenção à Condução";"Colisão lateral";"Sem Vítimas";"Pleno dia";"Crescente";"Céu Claro";"Múltipla";"Reta";"Não";4;0;0;0;4;0;0;3;-29,91997672;-50,83307505;"SPRF-RS";"DEL03-RS";"UOP02-DEL03-RS"
101965;2018-01-08;"segunda-feira";"12:40:00";"SP";116;547;"BARRA DO TURVO";"Pista Escorregadia";"Colisão com objeto estático";"Sem Vítimas";"Pleno dia";"Decrescente";"Garoa/Chuvisco";"Simples";"Declive;Curva";"Não";2;0;0;0;2;0;0;1;-24,96707388;-48,44969228;"SPRF-SP";"DEL05-SP";"UOP02-DEL05-SP"
101966;2018-01-08;"segunda-feira";"12:50:00";"GO";60;98;"ANAPOLIS";"Avarias e/ou desgaste excessivo no pneu";"Queda de ocupante de veículo";"Com Vítimas Feridas";"Pleno dia";"Crescente";"Nublado";"Dupla";"Reta";"Sim";2;0;1;1;0;0;2;1;-16,3846;-48,9541;"SPRF-GO";"DEL02-GO";"UOP01-DEL02-GO"
101969;2018-01-08;"segunda-feira";"08:30:00";"RJ";101;49;"CAMPOS DOS GOYTACAZES";"Falta de Atenção à Condução";"Colisão transversal";"Com Vítimas Feridas";"Pleno dia";"Decrescente";"Céu Claro";"Simples";"Reta";"Sim";2;0;0;1;1;0;1;2;-21,625076;-41,314114;"SPRF-RJ";"DEL08-RJ";"UOP01-DEL08-RJ"
101970;2018-01-08;"segunda-feira";"09:00:00";"RJ";101;64;"CAMPOS DOS GOYTACAZES";"Falta de Atenção à Condução";"Colisão transversal";"Com Vítimas Feridas";"Pleno dia";"Crescente";"Céu Claro";"Simples";"Reta";"Não";3;0;3;0;0;0;3;3;-21,749086;-41,336327;"SPRF-RJ";"DEL08-RJ";"UOP02-DEL08-RJ"
101972;2018-01-08;"segunda-feira";"12:50:00";"RS";287;238,2;"SANTA MARIA";"Falta de Atenção à Condução";"Colisão transversal";"Com Vítimas Feridas";"Pleno dia";"Decrescente";"Céu Claro";"Simples";"Reta;Interseção de Vias";"Sim";3;0;1;0;1;1;1;3;-29,70792212;-53,75953674;"SPRF-RS";"DEL09-RS";"UOP01-DEL09-RS"
101973;2018-01-08;"segunda-feira";"10:30:00";"SC";116;162;"PONTE ALTA DO NORTE";"Velocidade Incompatível";"Saída de leito carroçável";"Sem Vítimas";"Pleno dia";"Decrescente";"Nublado";"Simples";"Curva";"Não";1;0;0;0;1;0;0;1;-27,12394341;-50,45654655;"SPRF-SC";"DEL05-SC";"UOP03-DEL05-SC"
101974;2018-01-08;"segunda-feira";"13:20:00";"MG";40;567;"ITABIRITO";"Desobediência às normas de trânsito pelo condutor";"Colisão transversal";"Com Vítimas Feridas";"Pleno dia";"Decrescente";"Sol";"Simples";"Reta";"Não";3;0;2;1;0;0;3;2;-20,1951;-43,9737;"SPRF-MG";"DEL01-MG";"UOP02-DEL01-MG"
101975;2018-01-08;"segunda-feira";"11:50:00";"BA";116;317,7;"ARACI";"Não guardar distância de segurança";"Colisão traseira";"Com Vítimas Fatais";"Pleno dia";"Crescente";"Céu Claro";"Simples";"Reta";"Não";1;1;0;0;0;0;0;1;-11,333775;-38,966988;"SPRF-BA";"DEL02-BA";"DEL10/2-UOP02/BA"
101977;2018-01-08;"segunda-feira";"13:35:00";"PR";163;83;"PLANALTO";"Desobediência às normas de trânsito pelo condutor";"Colisão transversal";"Sem Vítimas";"Pleno dia";"Crescente";"Sol";"Simples";"Interseção de Vias";"Não";3;0;0;0;2;1;0;2;-25,7111;-53,7728;"SPRF-PR";"DEL02-PR";"UOP02-DEL02-PR"
101979;2018-01-08;"segunda-feira";"14:00:00";"RS";116;244,5;"SAO LEOPOLDO";"Falta de Atenção à Condução";"Colisão frontal";"Com Vítimas Feridas";"Pleno dia";"Crescente";"Céu Claro";"Simples";"Reta";"Sim";3;0;1;0;2;0;1;3;-29,74511536;-51,15139509;"SPRF-RS";"DEL01-RS";"UOP02-DEL01-RS"
101980;2018-01-08;"segunda-feira";"12:05:00";"SP";116;557,8;"BARRA DO TURVO";"Falta de Atenção à Condução";"Colisão lateral";"Com Vítimas Feridas";"Pleno dia";"Decrescente";"Chuva";"Dupla";"Curva;Declive";"Não";5;0;1;0;4;0;1;2;-24,9979;-48,508547;"SPRF-SP";"DEL05-SP";"UOP02-DEL05-SP"
101981;2018-01-08;"segunda-feira";"13:00:00";"SP";116;565;"BARRA DO TURVO";"Pista Escorregadia";"Colisão com objeto estático";"Sem Vítimas";"Pleno dia";"Crescente";"Garoa/Chuvisco";"Simples";"Curva";"Não";3;0;0;0;3;0;0;1;-24,97586608;-48,50549698;"SPRF-SP";"DEL05-SP";"UOP02-DEL05-SP"
101982;2018-01-08;"segunda-feira";"12:15:00";"AL";104;31,2;"UNIAO DOS PALMARES";"Não guardar distância de segurança";"Colisão traseira";"Sem Vítimas";"Pleno dia";"Decrescente";"Céu Claro";"Simples";"Curva";"Não";2;0;0;0;2;0;0;2;-9,17153;-36,0212;"SPRF-AL";"DEL01-AL";"UOP02-DEL01-AL"
101987;2018-01-08;"segunda-feira";"14:10:00";"SP";116;27,7;"SILVEIRAS";"Defeito Mecânico no Veículo";"Colisão com objeto estático";"Sem Vítimas";"Pleno dia";"Decrescente";"Chuva";"Dupla";"Curva";"Não";1;0;0;0;1;0;0;1;-22,62443684;-44,91271116;"SPRF-SP";"DEL08-SP";"UOP02-DEL08-SP"
101988;2018-01-08;"segunda-feira";"14:10:00";"MG";40;42,3;"PARACATU";"Falta de Atenção à Condução";"Colisão transversal";"Com Vítimas Feridas";"Pleno dia";"Crescente";"Sol";"Simples";"Interseção de Vias";"Sim";3;0;1;0;1;1;1;2;-17,22134765;-46,86583833;"SPRF-MG";"DEL14-MG";"UOP01-DEL14-MG"
101989;2018-01-08;"segunda-feira";"13:00:00";"PA";163;1005;"SANTAREM";"Sinalização da via insuficiente ou inadequada";"Colisão transversal";"Com Vítimas Feridas";"Pleno dia";"Crescente";"Nublado";"Dupla";"Interseção de Vias";"Sim";3;0;1;0;2;0;1;3;-2,4273808;-54,73503739;"SPRF-PA";"DEL05-PA";"UOP01-DEL05-PA"
101990;2018-01-08;"segunda-feira";"14:20:00";"SP";381;70;"SAO PAULO";"Pista Escorregadia";"Capotamento";"Com Vítimas Feridas";"Pleno dia";"Decrescente";"Chuva";"Dupla";"Curva";"Não";1;0;1;0;0;0;1;1;-23,38700999;-46,56555176;"SPRF-SP";"DEL03-SP";"DEL6/3-UOP03/SP"
101992;2018-01-08;"segunda-feira";"14:40:00";"GO";60;46;"APARECIDA DE GOIANIA";"Falta de Atenção à Condução";"Colisão traseira";"Com Vítimas Feridas";"Pleno dia";"Decrescente";"Chuva";"Dupla";"Reta";"Sim";2;0;1;0;1;0;1;2;-16,8101;-49,2397;"SPRF-GO";"DEL01-GO";"UOP03-DEL01-GO"
101995;2018-01-08;"segunda-feira";"14:10:00";"MG";381;647,6;"SANTO ANTONIO DO AMPARO";"Pista Escorregadia";"Capotamento";"Sem Vítimas";"Pleno dia";"Crescente";"Chuva";"Dupla";"Curva";"Não";2;0;0;0;2;0;0;1;-20,95148559;-44,89116132;"SPRF-MG";"DEL04-MG";"UOP01-DEL04-MG"
101996;2018-01-08;"segunda-feira";"14:30:00";"MG";381;917,5;"CAMANDUCAIA";"Pista Escorregadia";"Colisão traseira";"Com Vítimas Feridas";"Pleno dia";"Decrescente";"Chuva";"Dupla";"Reta";"Sim";3;0;0;1;1;1;1;3;-22,74915246;-46,13955238;"SPRF-MG";"DEL16-MG";"UOP03-DEL16-MG"
101999;2018-01-08;"segunda-feira";"13:00:00";"BA";116;572;"BREJOES";"Ultrapassagem Indevida";"Colisão lateral";"Com Vítimas Feridas";"Pleno dia";"Crescente";"Céu Claro";"Simples";"Reta";"Não";4;0;1;0;3;0;1;1;-12,95719813;-39,92272854;"SPRF-BA";"DEL03-BA";"UOP02-DEL03-BA"
102001;2018-01-08;"segunda-feira";"11:45:00";"SP";116;413;"JUQUIA";"Velocidade Incompatível";"Saída de leito carroçável";"Com Vítimas Feridas";"Pleno dia";"Decrescente";"Chuva";"Dupla";"Curva";"Não";1;0;1;0;0;0;1;1;-24,3214;-47,6373;"SPRF-SP";"DEL05-SP";"UOP01-DEL05-SP"
102004;2018-01-08;"segunda-feira";"14:00:00";"MG";40;666,9;"CARANDAI";"Falta de Atenção à Condução";"Colisão traseira";"Com Vítimas Feridas";"Pleno dia";"Crescente";"Sol";"Simples";"Interseção de Vias";"Sim";3;0;1;0;2;0;1;2;-20,94864003;-43,79701048;"SPRF-MG";"DEL05-MG";"UOP02-DEL05-MG"
102005;2018-01-08;"segunda-feira";"15:15:00";"SC";470;124,5;"IBIRAMA";"Velocidade Incompatível";"Saída de leito carroçável";"Com Vítimas Feridas";"Pleno dia";"Crescente";"Céu Claro";"Simples";"Curva";"Não";4;0;4;0;0;0;4;1;-27,10610941;-49,52182084;"SPRF-SC";"DEL04-SC";"UOP02-DEL04-SC"
102006;2018-01-08;"segunda-feira";"15:15:00";"SC";101;203,2;"FLORIANOPOLIS";"Velocidade Incompatível";"Colisão traseira";"Com Vítimas Feridas";"Pleno dia";"Decrescente";"Sol";"Dupla";"Reta";"Sim";2;0;1;0;1;0;1;2;-27,57238319;-48,61359965;"SPRF-SC";"DEL01-SC";"UOP01-DEL01-SC"
102008;2018-01-08;"segunda-feira";"10:30:00";"BA";101;305,3;"VALENCA";"Pista Escorregadia";"Capotamento";"Sem Vítimas";"Pleno dia";"Decrescente";"Céu Claro";"Simples";"Reta";"Não";8;0;0;0;8;0;0;2;-13,29879883;-39,34074551;"SPRF-BA";"DEL05-BA";"UOP03-DEL05-BA"
102010;2018-01-08;"segunda-feira";"13:15:00";"BA";415;47;"ITABUNA";"Falta de Atenção à Condução";"Colisão lateral";"Com Vítimas Feridas";"Pleno dia";"Crescente";"Céu Claro";"Simples";"Reta";"Sim";2;0;1;0;1;0;1;2;-14,815745;-39,296124;"SPRF-BA";"DEL05-BA";"UOP01-DEL05-BA"
102011;2018-01-08;"segunda-feira";"15:30:00";"GO";60;178;"ABADIA DE GOIAS";"Velocidade Incompatível";"Capotamento";"Com Vítimas Feridas";"Pleno dia";"Crescente";"Chuva";"Dupla";"Reta";"Não";2;0;0;2;0;0;2;1;-16,76632342;-49,4742198;"SPRF-GO";"DEL01-GO";"UOP02-DEL01-GO"
102012;2018-01-08;"segunda-feira";"15:30:00";"SP";116;550;"BARRA DO TURVO";"Falta de Atenção à Condução";"Capotamento";"Com Vítimas Feridas";"Pleno dia";"Crescente";"Chuva";"Dupla";"Curva";"Não";3;0;2;0;1;0;2;1;-24,957979;-48,464648;"SPRF-SP";"DEL05-SP";"UOP02-DEL05-SP"
102013;2018-01-08;"segunda-feira";"14:45:00";"PB";230;0,8;"CABEDELO";"Desobediência às normas de trânsito pelo condutor";"Colisão transversal";"Com Vítimas Feridas";"Pleno dia";"Decrescente";"Sol";"Simples";"Reta";"Sim";3;0;0;1;2;0;1;2;-6,97431454;-34,83204335;"SPRF-PB";"DEL01-PB";"UOP01-DEL01-PB"
102014;2018-01-08;"segunda-feira";"15:00:00";"PR";277;57;"SAO JOSE DOS PINHAIS";"Falta de Atenção à Condução";"Colisão traseira";"Com Vítimas Feridas";"Pleno dia";"Crescente";"Chuva";"Dupla";"Declive";"Não";2;0;0;1;1;0;1;2;-25,5307;-49,1958;"SPRF-PR";"DEL01-PR";"UOP07-DEL01-PR"
102015;2018-01-08;"segunda-feira";"15:45:00";"SC";101;145;"ITAPEMA";"Falta de Atenção à Condução";"Colisão transversal";"Com Vítimas Feridas";"Pleno dia";"Crescente";"Céu Claro";"Simples";"Reta";"Sim";3;0;1;1;1;0;2;2;-27,0868;-48,6095;"SPRF-SC";"DEL04-SC";"UOP03-DEL04-SC"
102016;2018-01-08;"segunda-feira";"13:15:00";"PR";116;3;"CAMPINA GRANDE DO SUL";"Velocidade Incompatível";"Colisão com objeto estático";"Sem Vítimas";"Pleno dia";"Decrescente";"Chuva";"Dupla";"Curva";"Não";1;0;0;0;1;0;0;1;-25,071724;-48,585697;"SPRF-PR";"DEL01-PR";"UOP02-DEL01-PR"
102017;2018-01-08;"segunda-feira";"15:00:00";"CE";116;7;"FORTALEZA";"Falta de Atenção à Condução";"Colisão lateral";"Com Vítimas Feridas";"Pleno dia";"Crescente";"Céu Claro";"Múltipla";"Reta";"Sim";2;0;1;0;1;0;1;2;-3,80456999;-38,50324345;"SPRF-CE";"DEL01-CE";"UOP02-DEL01-CE"
102018;2018-01-08;"segunda-feira";"15:35:00";"GO";60;358;"RIO VERDE";"Fenômenos da Natureza";"Capotamento";"Com Vítimas Feridas";"Pleno dia";"Decrescente";"Chuva";"Dupla";"Reta";"Não";2;0;1;0;1;0;1;1;-17,6147;-50,7544;"SPRF-GO";"DEL04-GO";"UOP01-DEL04-GO"
102019;2018-01-08;"segunda-feira";"15:50:00";"MG";356;265,3;"MURIAE";"Desobediência às normas de trânsito pelo condutor";"Colisão transversal";"Com Vítimas Feridas";"Pleno dia";"Crescente";"Sol";"Simples";"Curva";"Sim";2;0;1;0;0;1;1;2;-21,12682976;-42,37285567;"SPRF-MG";"DEL07-MG";"UOP02-DEL07-MG"
102022;2018-01-08;"segunda-feira";"14:35:00";"PE";101;67,9;"RECIFE";"Avarias e/ou desgaste excessivo no pneu";"Capotamento";"Com Vítimas Feridas";"Pleno dia";"Crescente";"Céu Claro";"Múltipla";"Reta";"Sim";1;0;1;0;0;0;1;1;-8,04455917;-34,94399071;"SPRF-PE";"DEL01-PE";"UOP01-DEL01-PE"
102023;2018-01-08;"segunda-feira";"15:50:00";"SP";116;331;"JUQUITIBA";"Pista Escorregadia";"Colisão com objeto em movimento";"Com Vítimas Feridas";"Pleno dia";"Decrescente";"Chuva";"Dupla";"Reta";"Não";3;0;0;1;2;0;1;3;-23,95199872;-47,10333467;"SPRF-SP";"DEL04-SP";"UOP03-DEL04-SP"
102024;2018-01-08;"segunda-feira";"15:00:00";"AL";101;139;"SAO MIGUEL DOS CAMPOS";"Não guardar distância de segurança";"Colisão transversal";"Com Vítimas Feridas";"Pleno dia";"Crescente";"Céu Claro";"Simples";"Aclive";"Sim";2;0;2;0;0;0;2;2;-9,78019;-36,0983;"SPRF-AL";"DEL02-AL";"UOP01-DEL02-AL"
102025;2018-01-08;"segunda-feira";"16:00:00";"SP";101;47,2;"UBATUBA";"Ultrapassagem Indevida";"Colisão transversal";"Com Vítimas Feridas";"Pleno dia";"Crescente";"Chuva";"Simples";"Rotatória";"Sim";2;0;1;0;1;0;1;2;-23,43336346;-45,08563221;"SPRF-SP";"DEL06-SP";"UOP01-DEL06-SP"
102028;2018-01-08;"segunda-feira";"16:00:00";"SP";116;294,6;"ITAPECERICA DA SERRA";"Falta de Atenção à Condução";"Engavetamento";"Sem Vítimas";"Pleno dia";"Decrescente";"Chuva";"Dupla";"Reta";"Sim";4;0;0;0;4;0;0;4;-23,75595262;-46,90210462;"SPRF-SP";"DEL04-SP";"UOP01-DEL04-SP"
102029;2018-01-08;"segunda-feira";"15:40:00";"PR";376;232,3;"APUCARANA";"Não guardar distância de segurança";"Colisão traseira";"Com Vítimas Feridas";"Pleno dia";"Decrescente";"Céu Claro";"Dupla";"Reta";"Sim";5;0;4;0;1;0;4;2;-23,55130039;-51,46022731;"SPRF-PR";"DEL07-PR";"UOP03-DEL07-PR"
102031;2018-01-08;"segunda-feira";"15:45:00";"SP";116;182;"SANTA ISABEL";"Velocidade Incompatível";"Colisão com objeto estático";"Sem Vítimas";"Pleno dia";"Crescente";"Chuva";"Dupla";"Reta";"Não";1;0;0;0;1;0;0;1;-23,348187;-46,169188;"SPRF-SP";"DEL02-SP";"UOP01-DEL02-SP"
102032;2018-01-08;"segunda-feira";"16:00:00";"PR";116;14,5;"CAMPINA GRANDE DO SUL";"Velocidade Incompatível";"Colisão com objeto estático";"Sem Vítimas";"Pleno dia";"Decrescente";"Chuva";"Dupla";"Curva";"Não";1;0;0;0;1;0;0;1;-25,09924517;-48,67816323;"SPRF-PR";"DEL01-PR";"UOP02-DEL01-PR"
102034;2018-01-08;"segunda-feira";"16:15:00";"SP";381;75;"SAO PAULO";"Pista Escorregadia";"Capotamento";"Sem Vítimas";"Pleno dia";"Decrescente";"Chuva";"Dupla";"Curva";"Não";1;0;0;0;1;0;0;1;-23,38129543;-46,56286687;"SPRF-SP";"DEL03-SP";"DEL6/3-UOP03/SP"
102035;2018-01-08;"segunda-feira";"16:15:00";"SP";116;27,4;"CRUZEIRO";"Pista Escorregadia";"Colisão com objeto estático";"Sem Vítimas";"Pleno dia";"Decrescente";"Chuva";"Dupla";"Curva;Aclive";"Não";1;0;0;0;1;0;0;1;-22,62353409;-44,90992372;"SPRF-SP";"DEL08-SP";"UOP02-DEL08-SP"
102036;2018-01-08;"segunda-feira";"16:30:00";"PR";116;19;"CAMPINA GRANDE DO SUL";"Velocidade Incompatível";"Colisão com objeto estático";"Sem Vítimas";"Pleno dia";"Decrescente";"Chuva";"Dupla";"Curva";"Não";1;0;0;0;1;0;0;1;-25,103069;-48,720436;"SPRF-PR";"DEL01-PR";"UOP02-DEL01-PR"
102037;2018-01-08;"segunda-feira";"16:05:00";"ES";262;39,4;"DOMINGOS MARTINS";"Defeito na Via";"Capotamento";"Com Vítimas Feridas";"Pleno dia";"Decrescente";"Céu Claro";"Simples";"Curva";"Não";1;0;0;1;0;0;1;1;-20,38169972;-40,63114703;"SPRF-ES";"DEL01-ES";"UOP01-DEL01-ES"
102038;2018-01-08;"segunda-feira";"16:19:00";"RJ";40;82;"PETROPOLIS";"Defeito na Via";"Queda de ocupante de veículo";"Com Vítimas Feridas";"Pleno dia";"Decrescente";"Céu Claro";"Simples";"Curva";"Não";1;0;1;0;0;0;1;1;-22,5399;-43,2241;"SPRF-RJ";"DEL06-RJ";"UOP01-DEL06-RJ"
102040;2018-01-08;"segunda-feira";"15:10:00";"PR";369;491,8;"CORBELIA";"Velocidade Incompatível";"Capotamento";"Com Vítimas Feridas";"Pleno dia";"Decrescente";"Nublado";"Simples";"Reta";"Não";3;0;2;1;0;0;3;1;-24,73065356;-53,25205356;"SPRF-PR";"DEL04-PR";"UOP03-DEL04-PR"
102042;2018-01-08;"segunda-feira";"17:15:00";"SC";101;180,7;"BIGUACU";"Defeito Mecânico no Veículo";"Colisão com objeto estático";"Sem Vítimas";"Pleno dia";"Crescente";"Céu Claro";"Dupla";"Reta";"Não";1;0;0;0;1;0;0;1;-27,38641034;-48,63181645;"SPRF-SC";"DEL01-SC";"UOP01-DEL01-SC"
102044;2018-01-08;"segunda-feira";"16:50:00";"MG";354;745;"POUSO ALTO";"Falta de Atenção à Condução";"Colisão lateral";"Com Vítimas Feridas";"Pleno dia";"Decrescente";"Chuva";"Simples";"Interseção de Vias";"Não";6;0;2;0;4;0;2;2;-22,25303619;-44,93133545;"SPRF-MG";"DEL05-MG";"UOP01-DEL17-MG"
102045;2018-01-08;"segunda-feira";"15:30:00";"TO";226;12;"PALMEIRAS DO TOCANTINS";"Falta de Atenção à Condução";"Colisão transversal";"Com Vítimas Feridas";"Pleno dia";"Crescente";"Nublado";"Simples";"Reta";"Não";2;0;1;0;0;1;1;2;-6,614072;-47,545609;"SPRF-TO";"DEL02-TO";"UOP03-DEL02-TO"
102046;2018-01-08;"segunda-feira";"17:30:00";"MG";459;86,9;"CONGONHAL";"Falta de Atenção à Condução";"Colisão lateral";"Com Vítimas Feridas";"Pleno dia";"Decrescente";"Chuva";"Simples";"Reta";"Sim";2;0;0;1;1;0;1;2;-22,15024329;-46,03459289;"SPRF-MG";"DEL09-MG";"UOP01-DEL09-MG"
102047;2018-01-08;"segunda-feira";"17:25:00";"RS";116;256,1;"ESTEIO";"Defeito Mecânico no Veículo";"Tombamento";"Com Vítimas Feridas";"Pleno dia";"Crescente";"Sol";"Dupla";"Reta";"Sim";2;0;1;0;1;0;1;1;-29,8443524;-51,17765752;"SPRF-RS";"DEL01-RS";"UOP02-DEL01-RS"
102049;2018-01-08;"segunda-feira";"17:45:00";"SP";116;104;"TAUBATE";"Não guardar distância de segurança";"Tombamento";"Com Vítimas Feridas";"Pleno dia";"Crescente";"Chuva";"Dupla";"Reta";"Sim";2;0;1;0;1;0;1;2;-23,00342;-45,506306;"SPRF-SP";"DEL06-SP";"UOP01-DEL06-SP"
102050;2018-01-08;"segunda-feira";"17:00:00";"SC";282;4;"FLORIANOPOLIS";"Falta de Atenção à Condução";"Colisão lateral";"Com Vítimas Feridas";"Pleno dia";"Crescente";"Nublado";"Dupla";"Reta";"Sim";2;0;1;0;1;0;1;2;-27,592646;-48,604034;"SPRF-SC";"DEL01-SC";"UOP01-DEL01-SC"
102053;2018-01-08;"segunda-feira";"16:30:00";"SC";101;413,9;"ARARANGUA";"Falta de Atenção à Condução";"Colisão transversal";"Com Vítimas Feridas";"Pleno dia";"Decrescente";"Céu Claro";"Simples";"Reta";"Sim";2;0;0;1;1;0;1;2;-28,95050298;-49,50737447;"SPRF-SC";"DEL02-SC";"UOP02-DEL02-SC"
102055;2018-01-08;"segunda-feira";"17:45:00";"ES";101;108,5;"SOORETAMA";"Falta de Atenção à Condução";"Colisão transversal";"Com Vítimas Feridas";"Pleno dia";"Crescente";"Céu Claro";"Simples";"Interseção de Vias";"Não";2;0;2;0;0;0;2;2;-19,197422;-40,098118;"SPRF-ES";"DEL04-ES";"UOP01-DEL04-ES"
102056;2018-01-08;"segunda-feira";"17:50:00";"PR";376;312,8;"ORTIGUEIRA";"Pista Escorregadia";"Saída de leito carroçável";"Sem Vítimas";"Anoitecer";"Decrescente";"Chuva";"Simples";"Curva";"Não";2;0;0;0;2;0;0;1;-23,9780637;-51,0932153;"SPRF-PR";"DEL07-PR";"UOP02-DEL07-PR"
102058;2018-01-08;"segunda-feira";"16:45:00";"SC";282;602;"MARAVILHA";"Falta de Atenção à Condução";"Colisão transversal";"Sem Vítimas";"Pleno dia";"Decrescente";"Sol";"Simples";"Reta";"Não";2;0;0;0;2;0;0;2;-26,80619401;-53,17795336;"SPRF-SC";"DEL07-SC";"UOP02-DEL07-SC"
102059;2018-01-08;"segunda-feira";"18:10:00";"ES";262;5;"CARIACICA";"Falta de Atenção à Condução";"Colisão traseira";"Com Vítimas Feridas";"Pleno dia";"Decrescente";"Céu Claro";"Múltipla";"Curva;Declive";"Sim";2;0;1;0;1;0;1;2;-20,33725311;-40,38676143;"SPRF-ES";"DEL01-ES";"UOP01-DEL01-ES"
102062;2018-01-08;"segunda-feira";"18:00:00";"PR";116;7,8;"CAMPINA GRANDE DO SUL";"Velocidade Incompatível";"Colisão com objeto estático";"Sem Vítimas";"Anoitecer";"Crescente";"Chuva";"Dupla";"Curva";"Não";1;0;0;0;1;0;0;1;-25,08085345;-48,6226789;"SPRF-PR";"DEL01-PR";"UOP02-DEL01-PR"
102063;2018-01-08;"segunda-feira";"17:05:00";"PR";369;186;"ARAPONGAS";"Ultrapassagem Indevida";"Colisão lateral";"Com Vítimas Feridas";"Pleno dia";"Crescente";"Sol";"Simples";"Curva";"Sim";2;0;0;1;1;0;1;2;-23,41549055;-51,42714143;"SPRF-PR";"DEL07-PR";"UOP03-DEL07-PR"