"id";"data_inversa";"dia_semana";"horario";"uf";"br";"km";"municipio";"causa_acidente";"tipo_acidente";"classificacao_acidente";"fase_dia";"sentido_via";"condicao_metereologica";"tipo_pista";"tracado_via";"uso_solo";"pessoas";"mortos";"feridos_leves";"feridos_graves";"ilesos";"ignorados";"feridos";"veiculos";"latitude";"longitude";"regional";"delegacia";"uop"
102190;2018-01-09;"terça-feira";"09:40:00";"RJ";101;485;"ANGRA DOS REIS";"Falta de Atenção à Condução";"Colisão lateral";"Com Vítimas Feridas";"Pleno dia";"Decrescente";"Céu Claro";"Simples";"Reta";"Não";2;0;1;0;1;0;1;2;-22,98929126;-44,30356979;"SPRF-RJ";"DEL03-RJ";"UOP03-DEL03-RJ"
102194;2018-01-08;"segunda-feira";"20:15:00";"CE";304;44,9;"ARACATI";"Animais na Pista";"Atropelamento de Animal";"Sem Vítimas";"Plena Noite";"Crescente";"Ignorado";"Simples";"Reta";"Não";2;0;0;0;2;0;0;1;-4,568364;-37,7372326;"SPRF-CE";"DEL03-CE";"UOP03-DEL03-CE"
102196;2018-01-09;"terça-feira";"10:45:00";"ES";101;270;"SERRA";"Falta de Atenção à Condução";"Colisão traseira";"Sem Vítimas";"Pleno dia";"Crescente";"Céu Claro";"Simples";"Interseção de Vias";"Sim";2;0;0;0;1;1;0;2;-20,22575787;-40,27081221;"SPRF-ES";"DEL02-ES";"UOP01-DEL02-ES"
102198;2018-01-09;"terça-feira";"09:40:00";"PE";428;190,9;"PETROLINA";"Desobediência às normas de trânsito pelo condutor";"Colisão transversal";"Sem Vítimas";"Pleno dia";"Crescente";"Sol";"Simples";"Interseção de Vias";"Sim";3;0;0;0;3;0;0;2;-9,38180391;-40,51358071;"SPRF-PE";"DEL06-PE";"UOP01-DEL06-PE"
102201;2018-01-09;"terça-feira";"11:10:00";"DF";20;12,4;"BRASILIA";"Falta de Atenção do Pedestre";"Atropelamento de Pedestre";"Com Vítimas Feridas";"Pleno dia";"Crescente";"Sol";"Dupla";"Reta";"Sim";2;0;1;0;1;0;1;2;-15,64279153;-47,75325537;"SPRF-DF";"DEL02-DF";"UOP01-DEL02-DF"
102202;2018-01-09;"terça-feira";"08:05:00";"RR";174;506;"BOA VISTA";"Falta de Atenção à Condução";"Atropelamento de Pedestre";"Com Vítimas Feridas";"Pleno dia";"Decrescente";"Céu Claro";"Dupla";"Interseção de Vias";"Sim";2;0;0;1;1;0;1;2;2,81981531;-60,69469124;"SPRF-RR";"DEL01-RR";"UOP01-DEL01-RR"
102203;2018-01-09;"terça-feira";"11:25:00";"MG";40;604,5;"CONGONHAS";"Condutor Dormindo";"Saída de leito carroçável";"Com Vítimas Feridas";"Pleno dia";"Crescente";"Céu Claro";"Simples";"Declive;Curva";"Não";1;0;1;0;0;0;1;1;-20,458831;-43,83877248;"SPRF-MG";"DEL05-MG";"UOP02-DEL05-MG"
102204;2018-01-04;"quinta-feira";"07:00:00";"RJ";101;271;"RIO BONITO";"Fenômenos da Natureza";"Saída de leito carroçável";"Sem Vítimas";"Pleno dia";"Crescente";"Chuva";"Dupla";"Reta";"Sim";1;0;0;0;1;0;0;1;-22,724432;-42,69368;"SPRF-RJ";"DEL02-RJ";"UOP03-DEL02-RJ"
102207;2018-01-09;"terça-feira";"09:50:00";"PI";402;81,3;"CAJUEIRO DA PRAIA";"Condutor Dormindo";"Capotamento";"Com Vítimas Feridas";"Pleno dia";"Crescente";"Céu Claro";"Simples";"Reta";"Não";1;0;1;0;0;0;1;1;-3,07229527;-41,41605377;"SPRF-PI";"DEL05-PI";"UOP01-DEL05-PI"
102208;2018-01-09;"terça-feira";"11:00:00";"PR";116;5;"CAMPINA GRANDE DO SUL";"Velocidade Incompatível";"Colisão com objeto estático";"Com Vítimas Feridas";"Pleno dia";"Decrescente";"Garoa/Chuvisco";"Dupla";"Curva";"Não";1;0;1;0;0;0;1;1;-25,083086;-48,60001;"SPRF-PR";"DEL01-PR";"UOP02-DEL01-PR"
102209;2018-01-09;"terça-feira";"09:10:00";"RR";174;506;"BOA VISTA";"Falta de Atenção à Condução";"Colisão lateral";"Sem Vítimas";"Pleno dia";"Crescente";"Céu Claro";"Dupla";"Reta";"Sim";2;0;0;0;2;0;0;2;2,81923665;-60,6943211;"SPRF-RR";"DEL01-RR";"UOP01-DEL01-RR"
102212;2018-01-09;"terça-feira";"12:00:00";"RS";377;84,7;"CRUZ ALTA";"Falta de Atenção à Condução";"Colisão frontal";"Com Vítimas Feridas";"Pleno dia";"Crescente";"Céu Claro";"Simples";"Reta";"Não";5;0;3;1;1;0;4;2;-28,6055193;-53,38218212;"SPRF-RS";"DEL10-RS";"UOP02-DEL10-RS"
102213;2018-01-09;"terça-feira";"13:40:00";"PR";116;17,1;"ANTONINA";"Velocidade Incompatível";"Saída de leito carroçável";"Sem Vítimas";"Pleno dia";"Decrescente";"Chuva";"Dupla";"Curva";"Não";1;0;0;0;1;0;0;1;-25,10328685;-48,70205633;"SPRF-PR";"DEL01-PR";"UOP02-DEL01-PR"
102215;2018-01-09;"terça-feira";"12:30:00";"RJ";101;311;"SAO GONCALO";"Falta de Atenção do Pedestre";"Atropelamento de Pedestre";"Com Vítimas Feridas";"Pleno dia";"Crescente";"Céu Claro";"Dupla";"Reta";"Sim";2;0;1;0;1;0;1;2;-22,800632;-43,053211;"SPRF-RJ";"DEL02-RJ";"DEL5/2-UOP04/RJ"
102216;2018-01-09;"terça-feira";"12:40:00";"PR";277;374,1;"GUARAPUAVA";"Desobediência às normas de trânsito pelo condutor";"Colisão frontal";"Com Vítimas Feridas";"Pleno dia";"Decrescente";"Nublado";"Simples";"Reta;Aclive";"Não";5;0;4;1;0;0;5;2;-25,403051;-51,732595;"SPRF-PR";"DEL03-PR";"UOP01-DEL08-PR"
102217;2018-01-09;"terça-feira";"11:20:00";"BA";324;617;"SALVADOR";"Falta de Atenção à Condução";"Colisão com objeto em movimento";"Sem Vítimas";"Pleno dia";"Decrescente";"Céu Claro";"Dupla";"Reta";"Sim";1;0;0;0;1;0;0;1;-12,89550213;-38,44817072;"SPRF-BA";"DEL01-BA";"UOP01-DEL01-BA"
102218;2018-01-09;"terça-feira";"13:00:00";"DF";20;45;"BRASILIA";"Desobediência às normas de trânsito pelo condutor";"Colisão frontal";"Com Vítimas Fatais";"Pleno dia";"Crescente";"Céu Claro";"Dupla";"Aclive";"Não";4;1;2;1;0;0;3;2;-15,577153;-47,467113;"SPRF-DF";"DEL02-DF";"UOP01-DEL02-DF"
102220;2018-01-07;"domingo";"14:32:00";"GO";60;317,4;"ACREUNA";"Avarias e/ou desgaste excessivo no pneu";"Colisão com objeto estático";"Sem Vítimas";"Pleno dia";"Decrescente";"Garoa/Chuvisco";"Dupla";"Curva";"Não";3;0;0;0;3;0;0;1;-17,470799;-50,437192;"SPRF-GO";"DEL04-GO";"UOP01-DEL04-GO"
102222;2018-01-09;"terça-feira";"11:18:00";"SE";101;152,5;"ESTANCIA";"Falta de Atenção à Condução";"Colisão transversal";"Sem Vítimas";"Pleno dia";"Crescente";"Céu Claro";"Simples";"Reta;Retorno Regulamentado";"Sim";2;0;0;0;2;0;0;2;-11,2687;-37,4421;"SPRF-SE";"DEL02-SE";"UOP01-DEL02-SE"
102223;2018-01-09;"terça-feira";"12:07:00";"TO";153;762,5;"ALVORADA";"Não guardar distância de segurança";"Saída de leito carroçável";"Com Vítimas Feridas";"Pleno dia";"Decrescente";"Nublado";"Simples";"Reta";"Não";3;0;1;0;1;1;1;2;-12,49459734;-49,11662598;"SPRF-TO";"DEL02-TO";"UOP02-DEL01-TO"
102224;2018-01-09;"terça-feira";"11:45:00";"ES";101;396;"RIO NOVO DO SUL";"Velocidade Incompatível";"Saída de leito carroçável";"Com Vítimas Feridas";"Pleno dia";"Decrescente";"Sol";"Simples";"Reta";"Sim";2;0;0;2;0;0;2;1;-20,862984;-40,93674;"SPRF-ES";"DEL03-ES";"UOP02-DEL03-ES"
102225;2018-01-09;"terça-feira";"11:10:00";"MS";262;679;"CORUMBA";"Falta de Atenção à Condução";"Engavetamento";"Com Vítimas Feridas";"Pleno dia";"Decrescente";"Nublado";"Simples";"Reta";"Não";6;0;2;0;4;0;2;3;-19,5578423;-57,20531417;"SPRF-MS";"DEL03-MS";"UOP03-DEL03-MS"
102226;2018-01-09;"terça-feira";"12:30:00";"GO";60;21,5;"ALEXANIA";"Falta de Atenção à Condução";"Saída de leito carroçável";"Sem Vítimas";"Pleno dia";"Crescente";"Céu Claro";"Simples";"Reta";"Sim";1;0;0;0;1;0;0;1;-16,0887;-48,5018;"SPRF-DF";"DEL01-DF";"UOP01-DEL03-DF"
102227;2018-01-09;"terça-feira";"13:10:00";"RS";116;0,6;"VACARIA";"Mal Súbito";"Saída de leito carroçável";"Com Vítimas Feridas";"Pleno dia";"Decrescente";"Céu Claro";"Simples";"Declive";"Não";1;0;1;0;0;0;1;1;-28,2142418;-50,75824195;"SPRF-RS";"DEL05-RS";"UOP03-DEL05-RS"
102229;2018-01-09;"terça-feira";"11:30:00";"AL";104;53,6;"MURICI";"Defeito Mecânico no Veículo";"Saída de leito carroçável";"Sem Vítimas";"Pleno dia";"Decrescente";"Céu Claro";"Simples";"Reta";"Não";5;0;0;0;5;0;0;1;-9,307099;-35,94363;"SPRF-AL";"DEL01-AL";"UOP02-DEL01-AL"
102230;2018-01-09;"terça-feira";"12:32:00";"TO";230;73,5;"LUZINOPOLIS";"Falta de Atenção à Condução";"Colisão transversal";"Com Vítimas Feridas";"Pleno dia";"Decrescente";"Céu Claro";"Simples";"Reta";"Não";4;0;3;1;0;0;4;2;-6,15793924;-47,86660205;"SPRF-TO";"DEL02-TO";"UOP03-DEL02-TO"
102233;2018-01-09;"terça-feira";"12:10:00";"MA";226;270,5;"BARRA DO CORDA";"Falta de Atenção à Condução";"Capotamento";"Sem Vítimas";"Pleno dia";"Crescente";"Sol";"Simples";"Reta";"Não";1;0;0;0;0;1;0;1;-5,505959;-45,24369;"SPRF-MA";"DEL03-MA";"UOP01-DEL03-MA"
102235;2018-01-09;"terça-feira";"13:00:00";"PR";376;616;"SAO JOSE DOS PINHAIS";"Falta de Atenção do Pedestre";"Atropelamento de Pedestre";"Com Vítimas Feridas";"Pleno dia";"Crescente";"Nublado";"Múltipla";"Reta";"Sim";2;0;0;1;1;0;1;2;-25,58276267;-49,17713821;"SPRF-PR";"DEL01-PR";"DEL7/1-UOP08/PR"
102238;2018-01-09;"terça-feira";"14:50:00";"MG";116;421;"ALPERCATA";"Desobediência às normas de trânsito pelo condutor";"Colisão lateral";"Com Vítimas Feridas";"Pleno dia";"Decrescente";"Céu Claro";"Simples";"Curva";"Não";3;0;1;0;2;0;1;2;-18,93031628;-41,93999648;"SPRF-MG";"DEL06-MG";"UOP01-DEL06-MG"
102239;2018-01-09;"terça-feira";"15:00:00";"MG";365;628;"UBERLANDIA";"Falta de Atenção à Condução";"Colisão lateral";"Sem Vítimas";"Pleno dia";"Crescente";"Nublado";"Dupla";"Interseção de Vias";"Sim";2;0;0;0;2;0;0;2;-18,90501751;-48,33873039;"SPRF-MG";"DEL15-MG";"UOP01-DEL15-MG"
102240;2018-01-09;"terça-feira";"14:15:00";"RS";285;292,2;"PASSO FUNDO";"Desobediência às normas de trânsito pelo condutor";"Colisão lateral";"Sem Vítimas";"Pleno dia";"Crescente";"Sol";"Dupla";"Interseção de Vias";"Sim";2;0;0;0;2;0;0;2;-28,23694719;-52,37411141;"SPRF-RS";"DEL08-RS";"UOP03-DEL08-RS"
102243;2018-01-09;"terça-feira";"14:10:00";"PR";116;30;"CAMPINA GRANDE DO SUL";"Velocidade Incompatível";"Saída de leito carroçável";"Com Vítimas Feridas";"Pleno dia";"Crescente";"Garoa/Chuvisco";"Dupla";"Curva";"Não";2;0;2;0;0;0;2;1;-25,100033;-48,820927;"SPRF-PR";"DEL01-PR";"UOP02-DEL01-PR"
102244;2018-01-09;"terça-feira";"10:00:00";"PI";135;461;"MONTE ALEGRE DO PIAUI";"Falta de Atenção à Condução";"Saída de leito carroçável";"Com Vítimas Feridas";"Pleno dia";"Crescente";"Céu Claro";"Simples";"Reta";"Não";1;0;1;0;0;0;1;1;-9,566751;-45,002724;"SPRF-PI";"DEL03-PI";"UOP02-DEL03-PI"
102245;2018-01-09;"terça-feira";"14:35:00";"PB";230;47,9;"SANTA RITA";"Falta de Atenção à Condução";"Colisão traseira";"Com Vítimas Feridas";"Pleno dia";"Crescente";"Céu Claro";"Dupla";"Reta";"Não";3;0;1;1;1;0;2;2;-7,17634917;-35,042696;"SPRF-PB";"DEL01-PB";"UOP03-DEL01-PB"
102246;2018-01-09;"terça-feira";"13:30:00";"BA";116;598;"IRAJUBA";"Pista Escorregadia";"Saída de leito carroçável";"Sem Vítimas";"Pleno dia";"Decrescente";"Chuva";"Simples";"Curva";"Não";1;0;0;0;1;0;0;1;-13,22413851;-40,02442449;"SPRF-BA";"DEL03-BA";"UOP02-DEL03-BA"
102248;2018-01-09;"terça-feira";"15:40:00";"GO";153;514,9;"APARECIDA DE GOIANIA";"Falta de Atenção à Condução";"Saída de leito carroçável";"Com Vítimas Feridas";"Pleno dia";"Crescente";"Sol";"Múltipla";"Reta";"Sim";2;0;2;0;0;0;2;1;-16,82511318;-49,24223058;"SPRF-GO";"DEL01-GO";"UOP03-DEL01-GO"
102249;2018-01-09;"terça-feira";"16:00:00";"PR";116;14,3;"CAMPINA GRANDE DO SUL";"Velocidade Incompatível";"Saída de leito carroçável";"Com Vítimas Feridas";"Pleno dia";"Crescente";"Chuva";"Dupla";"Curva";"Não";3;0;2;0;1;0;2;1;-25,09983634;-48,6763467;"SPRF-PR";"DEL01-PR";"UOP02-DEL01-PR"
102250;2018-01-09;"terça-feira";"13:10:00";"RR";174;505;"BOA VISTA";"Falta de Atenção à Condução";"Colisão transversal";"Com Vítimas Feridas";"Pleno dia";"Decrescente";"Céu Claro";"Múltipla";"Rotatória";"Sim";2;0;1;0;1;0;1;2;2,80584176;-60,6909737;"SPRF-RR";"DEL01-RR";"UOP01-DEL01-RR"
102251;2018-01-09;"terça-feira";"16:10:00";"MG";40;524,7;"CONTAGEM";"Defeito Mecânico no Veículo";"Tombamento";"Com Vítimas Feridas";"Pleno dia";"Decrescente";"Céu Claro";"Dupla";"Reta";"Sim";2;0;1;0;1;0;1;1;-19,88536;-44,05028;"SPRF-MG";"DEL01-MG";"UOP03-DEL01-MG"
102252;2018-01-09;"terça-feira";"16:00:00";"MG";40;666,9;"CARANDAI";"Velocidade Incompatível";"Colisão com objeto estático";"Sem Vítimas";"Pleno dia";"Decrescente";"Céu Claro";"Simples";"Rotatória";"Sim";1;0;0;0;1;0;0;1;-20,94838453;-43,79701585;"SPRF-MG";"DEL05-MG";"UOP02-DEL05-MG"
102253;2018-01-09;"terça-feira";"16:30:00";"SC";280;54,6;"GUARAMIRIM";"Pista Escorregadia";"Queda de ocupante de veículo";"Com Vítimas Feridas";"Pleno dia";"Decrescente";"Chuva";"Simples";"Reta";"Sim";2;0;2;0;0;0;2;1;-26,4753513;-48,9882545;"SPRF-SC";"DEL03-SC";"UOP03-DEL03-SC"
102255;2018-01-09;"terça-feira";"15:45:00";"MT";163;970;"TERRA NOVA DO NORTE";"Falta de Atenção à Condução";"Saída de leito carroçável";"Sem Vítimas";"Pleno dia";"Decrescente";"Chuva";"Simples";"Curva;Declive";"Não";1;0;0;0;1;0;0;1;-10,517362;-55,231255;"SPRF-MT";"DEL06-MT";"UOP02-DEL06-MT"
102257;2018-01-09;"terça-feira";"16:00:00";"SC";101;218;"PALHOCA";"Pista Escorregadia";"Saída de leito carroçável";"Sem Vítimas";"Pleno dia";"Decrescente";"Chuva";"Dupla";"Reta";"Sim";1;0;0;0;1;0;0;1;-27,6854;-48,6664;"SPRF-SC";"DEL01-SC";"UOP02-DEL01-SC"
102258;2018-01-09;"terça-feira";"16:15:00";"GO";153;514,7;"APARECIDA DE GOIANIA";"Desobediência às normas de trânsito pelo condutor";"Colisão transversal";"Com Vítimas Feridas";"Pleno dia";"Crescente";"Sol";"Simples";"Reta";"Sim";2;0;1;0;1;0;1;2;-16,82933287;-49,24330562;"SPRF-GO";"DEL01-GO";"UOP03-DEL01-GO"
102259;2018-01-09;"terça-feira";"15:40:00";"SC";116;16,1;"MAFRA";"Velocidade Incompatível";"Colisão com objeto estático";"Sem Vítimas";"Pleno dia";"Crescente";"Chuva";"Simples";"Declive";"Não";1;0;0;0;1;0;0;1;-26,111866;-49,805706;"SPRF-SC";"DEL06-SC";"UOP01-DEL06-SC"
102264;2018-01-09;"terça-feira";"16:40:00";"SC";101;194,3;"BIGUACU";"Falta de Atenção à Condução";"Saída de leito carroçável";"Com Vítimas Feridas";"Pleno dia";"Crescente";"Chuva";"Dupla";"Reta";"Sim";1;0;1;0;0;0;1;1;-27,507;-48,648;"SPRF-SC";"DEL01-SC";"UOP01-DEL01-SC"
102267;2018-01-09;"terça-feira";"17:20:00";"SC";101;210;"SAO JOSE";"Falta de Atenção à Condução";"Colisão traseira";"Com Vítimas Feridas";"Pleno dia";"Decrescente";"Chuva";"Dupla";"Reta";"Sim";2;0;1;0;1;0;1;2;-27,61863821;-48,64728559;"SPRF-SC";"DEL01-SC";"UOP01-DEL01-SC"
102269;2018-01-09;"terça-feira";"17:01:00";"RJ";101;407,1;"ITAGUAI";"Condutor Dormindo";"Colisão com objeto estático";"Com Vítimas Feridas";"Pleno dia";"Crescente";"Nublado";"Dupla";"Reta";"Sim";1;0;1;0;0;0;1;1;-22,88429809;-43,83162353;"SPRF-RJ";"DEL03-RJ";"UOP01-DEL03-RJ"
102270;2018-01-09;"terça-feira";"16:25:00";"PB";230;13;"CABEDELO";"Não guardar distância de segurança";"Colisão traseira";"Sem Vítimas";"Pleno dia";"Decrescente";"Sol";"Dupla";"Reta";"Sim";8;0;0;0;3;5;0;3;-7,07213545;-34,84959841;"SPRF-PB";"DEL01-PB";"UOP01-DEL01-PB"
102271;2018-01-09;"terça-feira";"15:50:00";"BA";324;554;"AMELIA RODRIGUES";"Defeito Mecânico no Veículo";"Capotamento";"Com Vítimas Feridas";"Pleno dia";"Crescente";"Céu Claro";"Dupla";"Reta";"Não";1;0;1;0;0;0;1;1;-12,46835159;-38,68617025;"SPRF-BA";"DEL01-BA";"UOP01-DEL01-BA"
102272;2018-01-09;"terça-feira";"18:00:00";"RS";116;142,5;"CAXIAS DO SUL";"Pista Escorregadia";"Tombamento";"Com Vítimas Feridas";"Pleno dia";"Decrescente";"Nublado";"Dupla";"Curva";"Sim";2;0;2;0;0;0;2;1;-29,11885411;-51,11938765;"SPRF-RS";"DEL05-RS";"UOP01-DEL05-RS"
102273;2018-01-09;"terça-feira";"17:35:00";"SC";116;48,6;"PAPANDUVA";"Pista Escorregadia";"Saída de leito carroçável";"Com Vítimas Feridas";"Pleno dia";"Decrescente";"Chuva";"Simples";"Reta";"Não";1;0;1;0;0;0;1;1;-26,370754;-50,144875;"SPRF-SC";"DEL06-SC";"UOP01-DEL06-SC"
102275;2018-01-09;"terça-feira";"18:00:00";"SC";470;142;"RIO DO SUL";"Falta de Atenção à Condução";"Colisão transversal";"Com Vítimas Feridas";"Pleno dia";"Decrescente";"Nublado";"Simples";"Reta";"Sim";4;0;1;0;3;0;1;2;-27,23143142;-49,66644287;"SPRF-SC";"DEL04-SC";"UOP02-DEL04-SC"
102276;2018-01-09;"terça-feira";"15:30:00";"SC";101;136;"BALNEARIO CAMBORIU";"Falta de Atenção à Condução";"Colisão lateral";"Com Vítimas Feridas";"Pleno dia";"Crescente";"Nublado";"Simples";"Interseção de Vias";"Sim";2;0;1;0;1;0;1;2;-27,0158;-48,6117;"SPRF-SC";"DEL04-SC";"UOP03-DEL04-SC"
102277;2018-01-09;"terça-feira";"16:05:00";"SC";163;65;"SAO MIGUEL DO OESTE";"Falta de Atenção à Condução";"Colisão transversal";"Com Vítimas Feridas";"Pleno dia";"Crescente";"Nublado";"Dupla";"Reta";"Sim";2;0;1;0;1;0;1;2;-26,775362;-53,506016;"SPRF-SC";"DEL07-SC";"UOP03-DEL07-SC"
102278;2018-01-09;"terça-feira";"18:05:00";"MG";459;8,6;"CALDAS";"Pista Escorregadia";"Colisão transversal";"Com Vítimas Feridas";"Pleno dia";"Decrescente";"Céu Claro";"Simples";"Curva";"Não";3;0;0;3;0;0;3;2;-21,81465197;-46,4691996;"SPRF-MG";"DEL09-MG";"UOP01-DEL09-MG"
102279;2018-01-09;"terça-feira";"18:00:00";"SP";116;147,3;"SAO JOSE DOS CAMPOS";"Não guardar distância de segurança";"Colisão lateral";"Com Vítimas Feridas";"Anoitecer";"Decrescente";"Nublado";"Dupla";"Reta";"Sim";3;0;1;0;1;1;1;3;-23,196574;-45,87503;"SPRF-SP";"DEL02-SP";"UOP01-DEL02-SP"
102282;2018-01-09;"terça-feira";"15:40:00";"BA";367;71,6;"PORTO SEGURO";"Falta de Atenção do Pedestre";"Atropelamento de Pedestre";"Com Vítimas Feridas";"Pleno dia";"Decrescente";"Céu Claro";"Simples";"Reta";"Não";6;0;2;0;4;0;2;4;-16,38865983;-39,47808572;"SPRF-BA";"DEL09-BA";"UOP01-DEL09-BA"
102285;2018-01-09;"terça-feira";"16:50:00";"RN";101;176;"BAIA FORMOSA";"Defeito Mecânico no Veículo";"Capotamento";"Com Vítimas Feridas";"Anoitecer";"Decrescente";"Nublado";"Múltipla";"Curva;Aclive";"Não";2;0;1;0;1;0;1;1;-6,50337222;-35,11161804;"SPRF-RN";"DEL01-RN";"UOP01-DEL01-RN"
102288;2018-01-09;"terça-feira";"18:10:00";"RJ";393;282;"VOLTA REDONDA";"Velocidade Incompatível";"Colisão traseira";"Com Vítimas Feridas";"Pleno dia";"Decrescente";"Céu Claro";"Simples";"Reta";"Sim";3;0;0;1;2;0;1;2;-22,48362298;-44,06319022;"SPRF-RJ";"DEL05-RJ";"UOP04-DEL05-RJ"
102290;2018-01-09;"terça-feira";"19:20:00";"PR";469;2;"FOZ DO IGUACU";"Falta de Atenção à Condução";"Colisão lateral";"Com Vítimas Feridas";"Anoitecer";"Decrescente";"Nublado";"Simples";"Reta;Ponte";"Sim";3;0;1;0;2;0;1;2;-25,5469;-54,5882;"SPRF-PR";"DEL05-PR";"UOP04-DEL05-PR"
102292;2018-01-09;"terça-feira";"17:22:00";"PA";316;84;"SAO FRANCISCO DO PARA";"Ultrapassagem Indevida";"Capotamento";"Com Vítimas Feridas";"Anoitecer";"Crescente";"Garoa/Chuvisco";"Dupla";"Reta";"Não";1;0;1;0;0;0;1;1;-1,17087;-47,7939;"SPRF-PA";"DEL01-PA";"UOP02-DEL01-PA"
102294;2018-01-09;"terça-feira";"17:30:00";"PR";277;101,5;"CURITIBA";"Velocidade Incompatível";"Capotamento";"Sem Vítimas";"Anoitecer";"Decrescente";"Chuva";"Dupla";"Curva";"Não";1;0;0;0;1;0;0;1;-25,42808247;-49,38199997;"SPRF-PR";"DEL01-PR";"UOP06-DEL01-PR"
102295;2018-01-09;"terça-feira";"15:50:00";"BA";367;40;"PORTO SEGURO";"Falta de Atenção à Condução";"Colisão lateral";"Com Vítimas Feridas";"Pleno dia";"Decrescente";"Céu Claro";"Simples";"Reta";"Não";4;0;1;0;3;0;1;3;-16,386683;-39,209656;"SPRF-BA";"DEL09-BA";"UOP01-DEL09-BA"
102297;2018-01-09;"terça-feira";"15:25:00";"BA";116;582,8;"NOVA ITARANA";"Pista Escorregadia";"Saída de leito carroçável";"Com Vítimas Feridas";"Pleno dia";"Crescente";"Nublado";"Simples";"Reta";"Não";1;0;1;0;0;0;1;1;-13,11500741;-39,98953164;"SPRF-BA";"DEL03-BA";"UOP02-DEL03-BA"
102298;2018-01-09;"terça-feira";"20:10:00";"RJ";116;303,5;"RESENDE";"Falta de Atenção à Condução";"Colisão frontal";"Com Vítimas Feridas";"Plena Noite";"Decrescente";"Nublado";"Dupla";"Reta";"Sim";2;0;1;0;1;0;1;2;-22,46937;-44,44705;"SPRF-RJ";"DEL07-RJ";"DEL5/7-UOP03/RJ"
102300;2018-01-09;"terça-feira";"19:45:00";"GO";50;96;"CRISTALINA";"Falta de Atenção à Condução";"Colisão transversal";"Com Vítimas Feridas";"Anoitecer";"Crescente";"Céu Claro";"Simples";"Interseção de Vias";"Sim";1;0;1;0;0;0;1;1;-16,75577704;-47,60655714;"SPRF-DF";"DEL01-DF";"UOP02-DEL01-DF"
102301;2018-01-09;"terça-feira";"20:05:00";"PR";277;307;"GUARAPUAVA";"Restrição de Visibilidade";"Saída de leito carroçável";"Com Vítimas Feridas";"Anoitecer";"Crescente";"Chuva";"Simples";"Curva";"Não";1;0;1;0;0;0;1;1;-25,3165341;-51,1956507;"SPRF-PR";"DEL03-PR";"UOP01-DEL08-PR"
102303;2018-01-09;"terça-feira";"19:15:00";"PR";116;15;"CAMPINA GRANDE DO SUL";"Velocidade Incompatível";"Saída de leito carroçável";"Com Vítimas Feridas";"Anoitecer";"Crescente";"Garoa/Chuvisco";"Dupla";"Curva";"Não";1;0;1;0;0;0;1;1;-25,098335;-48,682739;"SPRF-PR";"DEL01-PR";"UOP02-DEL01-PR"
102304;2018-01-09;"terça-feira";"14:00:00";"SC";101;316,3;"PESCARIA BRAVA";"Falta de Atenção à Condução";"Colisão traseira";"Com Vítimas Feridas";"Pleno dia";"Crescente";"Chuva";"Dupla";"Curva";"Sim";2;0;1;0;0;1;1;2;-28,42538523;-48,85396695;"SPRF-SC";"DEL02-SC";"UOP01-DEL02-SC"
102305;2018-01-09;"terça-feira";"18:00:00";"SC";282;97,5;"ALFREDO WAGNER";"Velocidade Incompatível";"Saída de leito carroçável";"Sem Vítimas";"Pleno dia";"Decrescente";"Garoa/Chuvisco";"Simples";"Curva";"Não";1;0;0;0;1;0;0;1;-27,70509662;-49,27583677;"SPRF-SC";"DEL01-SC";"UOP03-DEL01-SC"
102306;2018-01-09;"terça-feira";"17:30:00";"SC";282;83,1;"ALFREDO WAGNER";"Pista Escorregadia";"Saída de leito carroçável";"Com Vítimas Feridas";"Pleno dia";"Decrescente";"Garoa/Chuvisco";"Simples";"Curva";"Não";1;0;1;0;0;0;1;1;-27,66702907;-49,17492535;"SPRF-SC";"DEL01-SC";"UOP03-DEL01-SC"
102307;2018-01-09;"terça-feira";"20:20:00";"MG";40;505,5;"RIBEIRAO DAS NEVES";"Falta de Atenção à Condução";"Saída de leito carroçável";"Com Vítimas Feridas";"Plena Noite";"Decrescente";"Céu Claro";"Dupla";"Reta";"Não";5;0;3;0;1;1;3;2;-19,74650276;-44,14669873;"SPRF-MG";"DEL02-MG";"UOP01-DEL02-MG"
102308;2018-01-09;"terça-feira";"20:45:00";"MG";116;257;"TEOFILO OTONI";"Restrição de Visibilidade";"Atropelamento de Pedestre";"Com Vítimas Feridas";"Plena Noite";"Crescente";"Céu Claro";"Simples";"Interseção de Vias";"Não";2;0;0;1;0;1;1;2;-17,8521;-41,5141;"SPRF-MG";"DEL11-MG";"UOP01-DEL11-MG"
102309;2018-01-09;"terça-feira";"17:20:00";"MT";70;583,4;"NOSSA SENHORA DO LIVRAMENTO";"Pista Escorregadia";"Saída de leito carroçável";"Com Vítimas Feridas";"Anoitecer";"Crescente";"Chuva";"Simples";"Curva";"Não";3;0;0;1;2;0;1;1;-15,76673135;-56,59466654;"SPRF-MT";"DEL03-MT";"UOP02-DEL03-MT"
102310;2018-01-09;"terça-feira";"19:30:00";"PE";101;82;"CABO DE SANTO AGOSTINHO";"Falta de Atenção à Condução";"Colisão transversal";"Sem Vítimas";"Plena Noite";"Crescente";"Céu Claro";"Múltipla";"Interseção de Vias";"Sim";2;0;0;0;1;1;0;2;-8,1768;-34,9443;"SPRF-PE";"DEL01-PE";"UOP03-DEL01-PE"