"id";"data_inversa";"dia_semana";"horario";"uf";"br";"km";"municipio";"causa_acidente";"tipo_acidente";"classificacao_acidente";"fase_dia";"sentido_via";"condicao_metereologica";"tipo_pista";"tracado_via";"uso_solo";"pessoas";"mortos";"feridos_leves";"feridos_graves";"ilesos";"ignorados";"feridos";"veiculos";"latitude";"longitude";"regional";"delegacia";"uop"
102311;2018-01-09;"terça-feira";"20:10:00";"SP";116;157,5;"SAO JOSE DOS CAMPOS";"Defeito Mecânico no Veículo";"Queda de ocupante de veículo";"Com Vítimas Feridas";"Plena Noite";"Crescente";"Céu Claro";"Dupla";"Reta";"Sim";2;0;2;0;0;0;2;1;-23,256777;-45,946114;"SPRF-SP";"DEL02-SP";"UOP01-DEL02-SP"
102313;2018-01-09;"terça-feira";"22:00:00";"SP";116;220;"GUARULHOS";"Não guardar distância de segurança";"Queda de ocupante de veículo";"Com Vítimas Feridas";"Plena Noite";"Decrescente";"Céu Claro";"Múltipla";"Interseção de Vias";"Sim";2;0;2;0;0;0;2;1;-23,46872806;-46,50928974;"SPRF-SP";"DEL01-SP";"UOP01-DEL01-SP"
102314;2018-01-09;"terça-feira";"15:50:00";"MT";163;533;"DIAMANTINO";"Pista Escorregadia";"Saída de leito carroçável";"Sem Vítimas";"Pleno dia";"Decrescente";"Chuva";"Simples";"Reta";"Não";2;0;0;0;1;1;0;2;-14,40904;-56,446545;"SPRF-MT";"DEL01-MT";"UOP01-DEL01-MT"
102315;2018-01-09;"terça-feira";"22:30:00";"SP";116;274,2;"TABOAO DA SERRA";"Falta de Atenção à Condução";"Colisão com objeto estático";"Sem Vítimas";"Plena Noite";"Decrescente";"Nublado";"Dupla";"Reta";"Sim";2;0;0;0;2;0;0;1;-23,61810834;-46,7993331;"SPRF-SP";"DEL04-SP";"UOP01-DEL04-SP"
102316;2018-01-09;"terça-feira";"22:00:00";"SP";381;54,3;"MAIRIPORA";"Falta de Atenção à Condução";"Capotamento";"Sem Vítimas";"Plena Noite";"Crescente";"Céu Claro";"Múltipla";"Curva";"Sim";1;0;0;0;1;0;0;1;-23,24879376;-46,59274668;"SPRF-SP";"DEL03-SP";"UOP01-DEL03-SP"
102319;2018-01-09;"terça-feira";"21:40:00";"MG";116;429;"ALPERCATA";"Velocidade Incompatível";"Colisão transversal";"Com Vítimas Feridas";"Plena Noite";"Decrescente";"Céu Claro";"Simples";"Reta";"Não";2;0;1;0;1;0;1;2;-18,97464;-41,970634;"SPRF-MG";"DEL06-MG";"UOP01-DEL06-MG"
102320;2018-01-09;"terça-feira";"22:49:00";"RJ";40;109;"DUQUE DE CAXIAS";"Defeito Mecânico no Veículo";"Queda de ocupante de veículo";"Com Vítimas Feridas";"Plena Noite";"Decrescente";"Céu Claro";"Simples";"Reta";"Não";1;0;1;0;0;0;1;1;-22,6836;-43,2852;"SPRF-RJ";"DEL01-RJ";"UOP01-DEL01-RJ"
102321;2018-01-09;"terça-feira";"22:30:00";"SP";116;143;"SAO JOSE DOS CAMPOS";"Falta de Atenção à Condução";"Saída de leito carroçável";"Sem Vítimas";"Plena Noite";"Decrescente";"Nublado";"Dupla";"Reta";"Sim";1;0;0;0;1;0;0;1;-23,178532;-45,83794;"SPRF-SP";"DEL06-SP";"UOP02-DEL02-SP"
102323;2018-01-10;"quarta-feira";"06:00:00";"PB";101;103,5;"ALHANDRA";"Velocidade Incompatível";"Saída de leito carroçável";"Sem Vítimas";"Pleno dia";"Crescente";"Chuva";"Dupla";"Reta";"Não";1;0;0;0;1;0;0;1;-7,29954585;-34,93838489;"SPRF-PB";"DEL01-PB";"UOP01-DEL01-PB"
102325;2018-01-10;"quarta-feira";"11:33:00";"PR";376;133;"NOVA ESPERANCA";"Mal Súbito";"Saída de leito carroçável";"Com Vítimas Feridas";"Pleno dia";"Decrescente";"Nublado";"Simples";"Reta";"Não";1;0;1;0;0;0;1;1;-23,196;-52,2019;"SPRF-PR";"DEL07-PR";"UOP02-DEL09-PR"
102326;2018-01-10;"quarta-feira";"11:00:00";"GO";20;158;"ALVORADA DO NORTE";"Defeito na Via";"Capotamento";"Com Vítimas Feridas";"Pleno dia";"Crescente";"Céu Claro";"Simples";"Reta";"Não";5;0;3;0;2;0;3;1;-14,63262;-46,622375;"SPRF-DF";"DEL02-DF";"UOP03-DEL02-DF"
102328;2018-01-10;"quarta-feira";"08:40:00";"SC";101;6;"GARUVA";"Velocidade Incompatível";"Colisão com objeto estático";"Sem Vítimas";"Pleno dia";"Crescente";"Chuva";"Múltipla";"Reta";"Não";1;0;0;0;1;0;0;1;-26,027388;-48,861789;"SPRF-SC";"DEL03-SC";"UOP01-DEL03-SC"
102330;2018-01-10;"quarta-feira";"05:00:00";"PR";376;657;"TIJUCAS DO SUL";"Falta de Atenção à Condução";"Capotamento";"Sem Vítimas";"Plena Noite";"Crescente";"Chuva";"Dupla";"Curva";"Não";1;0;0;0;1;0;0;1;-25,928534;-49,199314;"SPRF-PR";"DEL01-PR";"DEL7/1-UOP08/PR"
102331;2018-01-10;"quarta-feira";"12:15:00";"SC";101;51,3;"JOINVILLE";"Deficiência ou não Acionamento do Sistema de Iluminação/Sinalização do Veículo";"Saída de leito carroçável";"Com Vítimas Feridas";"Pleno dia";"Decrescente";"Nublado";"Dupla";"Curva";"Não";2;0;1;1;0;0;2;1;-26,39613583;-48,83898586;"SPRF-SC";"DEL03-SC";"UOP01-DEL03-SC"
102335;2018-01-10;"quarta-feira";"10:20:00";"SC";101;362,9;"SANGAO";"Velocidade Incompatível";"Colisão com objeto estático";"Sem Vítimas";"Pleno dia";"Crescente";"Chuva";"Dupla";"Curva;Aclive";"Sim";1;0;0;0;1;0;0;1;-28,66873892;-49,11826934;"SPRF-SC";"DEL02-SC";"UOP01-DEL02-SC"
102338;2018-01-10;"quarta-feira";"11:05:00";"SC";101;392,6;"CRICIUMA";"Falta de Atenção à Condução";"Colisão com objeto estático";"Sem Vítimas";"Pleno dia";"Decrescente";"Chuva";"Dupla";"Declive";"Não";2;0;0;0;2;0;0;1;-28,80778243;-49,37646515;"SPRF-SC";"DEL02-SC";"UOP02-DEL02-SC"
102339;2018-01-10;"quarta-feira";"11:00:00";"PA";316;8,1;"ANANINDEUA";"Falta de Atenção à Condução";"Colisão transversal";"Com Vítimas Feridas";"Pleno dia";"Crescente";"Chuva";"Dupla";"Retorno Regulamentado";"Sim";3;0;1;1;1;0;2;2;-1,37102512;-48,38221729;"SPRF-PA";"DEL01-PA";"DEL19/1-UOP05/PA"
102340;2018-01-10;"quarta-feira";"07:00:00";"PB";101;103,7;"ALHANDRA";"Pista Escorregadia";"Saída de leito carroçável";"Sem Vítimas";"Pleno dia";"Crescente";"Chuva";"Dupla";"Curva";"Não";1;0;0;0;1;0;0;1;-7,298809;-34,938164;"SPRF-PB";"DEL01-PB";"UOP01-DEL01-PB"
102341;2018-01-10;"quarta-feira";"12:25:00";"RJ";116;127;"MAGE";"Falta de Atenção à Condução";"Colisão com objeto estático";"Sem Vítimas";"Pleno dia";"Crescente";"Nublado";"Dupla";"Reta";"Não";1;0;0;0;1;0;0;1;-22,65013578;-43,17386627;"SPRF-RJ";"DEL04-RJ";"UOP02-DEL04-RJ"
102342;2018-01-10;"quarta-feira";"11:00:00";"PE";232;51,1;"VITORIA DE SANTO ANTAO";"Pista Escorregadia";"Saída de leito carroçável";"Com Vítimas Feridas";"Pleno dia";"Decrescente";"Nublado";"Dupla";"Curva";"Não";1;0;0;1;0;0;1;1;-8,138878;-35,330877;"SPRF-PE";"DEL01-PE";"UOP02-DEL02PE"
102343;2018-01-10;"quarta-feira";"13:10:00";"SC";101;54;"JOINVILLE";"Falta de Atenção à Condução";"Colisão traseira";"Com Vítimas Feridas";"Pleno dia";"Decrescente";"Chuva";"Dupla";"Reta";"Não";2;0;1;0;1;0;1;2;-26,4277;-48,8264;"SPRF-SC";"DEL03-SC";"UOP01-DEL03-SC"
102344;2018-01-10;"quarta-feira";"06:50:00";"PB";101;118,8;"CAAPORA";"Pista Escorregadia";"Capotamento";"Com Vítimas Feridas";"Pleno dia";"Decrescente";"Chuva";"Dupla";"Aclive";"Não";1;0;1;0;0;0;1;1;-7,43202545;-34,96839184;"SPRF-PB";"DEL01-PB";"UOP01-DEL01-PB"
102346;2018-01-10;"quarta-feira";"10:00:00";"RS";290;35,3;"SANTO ANTONIO DA PATRULHA";"Falta de Atenção à Condução";"Saída de leito carroçável";"Sem Vítimas";"Pleno dia";"Decrescente";"Céu Claro";"Dupla";"Reta";"Não";1;0;0;0;0;1;0;1;-29,8853;-50,6106;"SPRF-RS";"DEL03-RS";"UOP02-DEL03-RS"
102347;2018-01-10;"quarta-feira";"07:35:00";"PB";230;48;"SANTA RITA";"Pista Escorregadia";"Capotamento";"Com Vítimas Feridas";"Pleno dia";"Decrescente";"Garoa/Chuvisco";"Dupla";"Reta";"Não";4;0;2;0;2;0;2;1;-7,16524351;-35,02685997;"SPRF-PB";"DEL01-PB";"UOP03-DEL01-PB"
102348;2018-01-10;"quarta-feira";"09:20:00";"PB";101;55,6;"SANTA RITA";"Falta de Atenção à Condução";"Capotamento";"Com Vítimas Feridas";"Pleno dia";"Decrescente";"Chuva";"Dupla";"Reta";"Não";1;0;1;0;0;0;1;1;-6,96811966;-35,08308019;"SPRF-PB";"DEL01-PB";"UOP04-DEL01-PB"
102349;2018-01-10;"quarta-feira";"08:45:00";"GO";153;512;"APARECIDA DE GOIANIA";"Falta de Atenção à Condução";"Queda de ocupante de veículo";"Com Vítimas Feridas";"Pleno dia";"Decrescente";"Céu Claro";"Dupla";"Reta";"Sim";1;0;1;0;0;0;1;1;-16,8156;-49,2402;"SPRF-GO";"DEL01-GO";"UOP03-DEL01-GO"
102351;2018-01-09;"terça-feira";"23:20:00";"PR";369;365;"CAMPO MOURAO";"Ingestão de Álcool";"Colisão com objeto estático";"Sem Vítimas";"Pleno dia";"Crescente";"Chuva";"Simples";"Reta";"Não";1;0;0;0;1;0;0;1;-24,1187901;-52,43424654;"SPRF-PR";"DEL04-PR";"UOP03-DEL09-PR"
102354;2018-01-10;"quarta-feira";"12:45:00";"PR";153;386;"MALLET";"Falta de Atenção à Condução";"Saída de leito carroçável";"Com Vítimas Feridas";"Pleno dia";"Decrescente";"Garoa/Chuvisco";"Simples";"Curva";"Não";1;0;0;1;0;0;1;1;-25,86376625;-50,83524227;"SPRF-PR";"DEL03-PR";"UOP02-DEL08-PR"
102356;2018-01-10;"quarta-feira";"13:15:00";"ES";262;6,8;"CARIACICA";"Não guardar distância de segurança";"Colisão lateral";"Com Vítimas Feridas";"Pleno dia";"Decrescente";"Sol";"Múltipla";"Reta";"Sim";2;0;1;0;1;0;1;2;-20,3424943;-40,39975137;"SPRF-ES";"DEL01-ES";"UOP01-DEL01-ES"
102357;2018-01-10;"quarta-feira";"07:00:00";"BA";116;681,1;"JEQUIE";"Falta de Atenção à Condução";"Capotamento";"Com Vítimas Feridas";"Pleno dia";"Crescente";"Chuva";"Simples";"Reta";"Não";5;0;4;0;1;0;4;2;-13,8809327;-40,1364537;"SPRF-BA";"DEL03-BA";"UOP01-DEL03-BA"
102359;2018-01-10;"quarta-feira";"05:30:00";"MG";251;473,3;"FRANCISCO SA";"Velocidade Incompatível";"Saída de leito carroçável";"Com Vítimas Feridas";"Plena Noite";"Crescente";"Nublado";"Simples";"Declive;Curva";"Não";4;0;1;1;2;0;2;1;-16,46870976;-43,43007037;"SPRF-MG";"DEL12-MG";"UOP01-DEL12-MG"
102365;2018-01-10;"quarta-feira";"09:55:00";"PB";101;81,7;"BAYEUX";"Falta de Atenção à Condução";"Colisão traseira";"Sem Vítimas";"Pleno dia";"Decrescente";"Nublado";"Dupla";"Reta";"Sim";2;0;0;0;2;0;0;2;-7,12682692;-34,94164646;"SPRF-PB";"DEL01-PB";"UOP01-DEL01-PB"
102366;2018-01-10;"quarta-feira";"12:20:00";"MG";40;525,1;"CONTAGEM";"Defeito Mecânico no Veículo";"Queda de ocupante de veículo";"Com Vítimas Feridas";"Pleno dia";"Decrescente";"Céu Claro";"Dupla";"Reta";"Sim";1;0;1;0;0;0;1;1;-19,88721209;-44,05020833;"SPRF-MG";"DEL01-MG";"UOP03-DEL01-MG"
102367;2018-01-10;"quarta-feira";"07:50:00";"PB";101;118,8;"CAAPORA";"Falta de Atenção à Condução";"Colisão traseira";"Sem Vítimas";"Amanhecer";"Decrescente";"Nublado";"Múltipla";"Curva;Aclive";"Não";2;0;0;0;2;0;0;2;-7,43145993;-34,96869991;"SPRF-PB";"DEL01-PB";"UOP01-DEL01-PB"
102368;2018-01-10;"quarta-feira";"12:05:00";"SC";282;109,8;"ALFREDO WAGNER";"Velocidade Incompatível";"Saída de leito carroçável";"Sem Vítimas";"Pleno dia";"Decrescente";"Chuva";"Simples";"Curva";"Não";1;0;0;0;1;0;0;1;-27,72570294;-49,35959816;"SPRF-SC";"DEL01-SC";"UOP03-DEL01-SC"
102369;2018-01-10;"quarta-feira";"10:10:00";"MG";262;798;"UBERABA";"Avarias e/ou desgaste excessivo no pneu";"Tombamento";"Com Vítimas Feridas";"Pleno dia";"Decrescente";"Nublado";"Simples";"Reta";"Não";1;0;1;0;0;0;1;1;-19,777964;-47,9268;"SPRF-MG";"DEL13-MG";"UOP01-DEL13-MG"
102372;2018-01-10;"quarta-feira";"13:42:00";"PR";369;185;"ARAPONGAS";"Desobediência às normas de trânsito pelo condutor";"Colisão transversal";"Com Vítimas Feridas";"Pleno dia";"Decrescente";"Garoa/Chuvisco";"Simples";"Reta";"Sim";2;0;1;0;1;0;1;2;-23,40943556;-51,42770913;"SPRF-PR";"DEL07-PR";"UOP03-DEL07-PR"
102374;2018-01-10;"quarta-feira";"10:45:00";"SC";116;276,5;"CAPAO ALTO";"Falta de Atenção à Condução";"Saída de leito carroçável";"Com Vítimas Feridas";"Pleno dia";"Crescente";"Chuva";"Simples";"Reta";"Não";1;0;1;0;0;0;1;1;-28,0119591;-50,54746714;"SPRF-SC";"DEL05-SC";"UOP02-DEL05-SC"
102375;2018-01-10;"quarta-feira";"11:15:00";"SC";280;28,4;"ARAQUARI";"Falta de Atenção à Condução";"Colisão transversal";"Com Vítimas Feridas";"Pleno dia";"Decrescente";"Nublado";"Simples";"Reta";"Sim";2;0;1;0;1;0;1;2;-26,40709189;-48,7484622;"SPRF-SC";"DEL03-SC";"UOP03-DEL03-SC"
102376;2018-01-10;"quarta-feira";"13:40:00";"SP";116;81;"ROSEIRA";"Falta de Atenção à Condução";"Colisão traseira";"Com Vítimas Feridas";"Pleno dia";"Decrescente";"Sol";"Dupla";"Reta";"Não";3;0;1;0;2;0;1;2;-22,90454213;-45,30999362;"SPRF-SP";"DEL06-SP";"UOP01-DEL06-SP"
102377;2018-01-10;"quarta-feira";"07:40:00";"GO";364;299,6;"MINEIROS";"Restrição de Visibilidade";"Colisão com objeto estático";"Com Vítimas Feridas";"Amanhecer";"Decrescente";"Nevoeiro/Neblina";"Simples";"Reta";"Sim";1;0;0;1;0;0;1;1;-17,55327539;-52,52815604;"SPRF-GO";"DEL05-GO";"UOP01-DEL05-GO"
102379;2018-01-10;"quarta-feira";"12:00:00";"SC";116;248,3;"LAGES";"Falta de Atenção à Condução";"Colisão traseira";"Sem Vítimas";"Pleno dia";"Decrescente";"Chuva";"Simples";"Reta;Aclive";"Não";2;0;0;0;2;0;0;2;-27,82277602;-50,37672216;"SPRF-SC";"DEL05-SC";"UOP02-DEL05-SC"
102380;2018-01-10;"quarta-feira";"14:15:00";"SC";470;70,9;"INDAIAL";"Falta de Atenção à Condução";"Colisão traseira";"Com Vítimas Feridas";"Pleno dia";"Crescente";"Chuva";"Simples";"Rotatória";"Sim";2;0;1;0;1;0;1;2;-26,88322495;-49,24648941;"SPRF-SC";"DEL04-SC";"UOP01-DEL04-SC"
102381;2018-01-10;"quarta-feira";"00:10:00";"PE";101;73;"RECIFE";"Defeito Mecânico no Veículo";"Incêndio";"Sem Vítimas";"Plena Noite";"Decrescente";"Céu Claro";"Dupla";"Reta";"Não";1;0;0;0;1;0;0;1;-8,1027;-34,9483;"SPRF-PE";"DEL01-PE";"UOP01-DEL01-PE"
102382;2018-01-10;"quarta-feira";"05:28:00";"BA";324;621,3;"SALVADOR";"Falta de Atenção à Condução";"Colisão com objeto estático";"Sem Vítimas";"Amanhecer";"Decrescente";"Chuva";"Múltipla";"Reta";"Sim";1;0;0;0;1;0;0;1;-12,92398875;-38,46817732;"SPRF-BA";"DEL01-BA";"UOP01-DEL01-BA"
102384;2018-01-10;"quarta-feira";"03:00:00";"RJ";116;194;"QUEIMADOS";"Falta de Atenção à Condução";"Capotamento";"Sem Vítimas";"Plena Noite";"Decrescente";"Chuva";"Dupla";"Reta";"Não";1;0;0;0;1;0;0;1;-22,737082;-43,538067;"SPRF-RJ";"DEL01-RJ";"UOP03-DEL01-RJ"
102385;2018-01-10;"quarta-feira";"10:00:00";"PR";373;265,5;"PRUDENTOPOLIS";"Falta de Atenção à Condução";"Colisão traseira";"Com Vítimas Feridas";"Pleno dia";"Crescente";"Chuva";"Simples";"Reta";"Sim";5;0;3;0;2;0;3;3;-25,20117464;-50,97761393;"SPRF-PR";"DEL03-PR";"UOP01-DEL03-PR"
102387;2018-01-10;"quarta-feira";"06:20:00";"PE";101;71;"RECIFE";"Não guardar distância de segurança";"Colisão traseira";"Sem Vítimas";"Pleno dia";"Crescente";"Chuva";"Dupla";"Reta";"Sim";4;0;0;0;3;1;0;3;-8,0857;-34,9457;"SPRF-PE";"DEL01-PE";"UOP01-DEL01-PE"
102388;2018-01-10;"quarta-feira";"08:10:00";"PE";232;4;"RECIFE";"Não guardar distância de segurança";"Colisão traseira";"Sem Vítimas";"Pleno dia";"Decrescente";"Chuva";"Simples";"Viaduto";"Sim";3;0;0;0;3;0;0;3;-8,064473;-34,936928;"SPRF-PE";"DEL01-PE";"UOP01-DEL01-PE"
102390;2018-01-10;"quarta-feira";"12:10:00";"GO";452;185;"ITUMBIARA";"Falta de Atenção à Condução";"Capotamento";"Com Vítimas Feridas";"Pleno dia";"Decrescente";"Céu Claro";"Simples";"Aclive";"Não";5;0;0;1;4;0;1;2;-18,40068916;-49,31568679;"SPRF-GO";"DEL03-GO";"UOP02-DEL03-GO"
102392;2018-01-10;"quarta-feira";"10:15:00";"SC";470;224,6;"SAO CRISTOVAO DO SUL";"Velocidade Incompatível";"Saída de leito carroçável";"Sem Vítimas";"Pleno dia";"Crescente";"Chuva";"Simples";"Curva";"Não";1;0;0;0;1;0;0;1;-27,30351809;-50,25605393;"SPRF-SC";"DEL02-SC";"UOP03-DEL02-SC"
102393;2018-01-10;"quarta-feira";"13:00:00";"MS";262;388,5;"TERENOS";"Não guardar distância de segurança";"Colisão traseira";"Sem Vítimas";"Pleno dia";"Crescente";"Sol";"Simples";"Reta";"Não";2;0;0;0;2;0;0;2;-20,42681173;-54,914563;"SPRF-MS";"DEL01-MS";"UOP03-DEL01-MS"
102396;2018-01-10;"quarta-feira";"07:30:00";"PE";101;119;"ESCADA";"Fenômenos da Natureza";"Saída de leito carroçável";"Sem Vítimas";"Pleno dia";"Crescente";"Chuva";"Dupla";"Curva";"Não";1;0;0;0;1;0;0;1;-8,3532;-35,1756;"SPRF-PE";"DEL01-PE";"UOP03-DEL01-PE"
102397;2018-01-10;"quarta-feira";"07:15:00";"MG";381;483;"BETIM";"Não guardar distância de segurança";"Colisão traseira";"Com Vítimas Feridas";"Amanhecer";"Decrescente";"Céu Claro";"Dupla";"Curva";"Sim";5;0;1;0;4;0;1;4;-19,95640757;-44,09448624;"SPRF-MG";"DEL01-MG";"UOP03-DEL01-MG"
102399;2018-01-10;"quarta-feira";"13:30:00";"MT";163;831;"SINOP";"Falta de Atenção à Condução";"Saída de leito carroçável";"Com Vítimas Feridas";"Pleno dia";"Crescente";"Nublado";"Dupla";"Viaduto;Reta";"Sim";1;0;1;0;0;0;1;1;-11,864589;-55,502926;"SPRF-MT";"DEL06-MT";"UOP01-DEL06-MT"
102400;2018-01-10;"quarta-feira";"13:15:00";"MG";381;487;"BETIM";"Defeito Mecânico no Veículo";"Queda de ocupante de veículo";"Com Vítimas Feridas";"Pleno dia";"Crescente";"Céu Claro";"Dupla";"Reta";"Sim";2;0;2;0;0;0;2;1;-19,9572;-44,1243;"SPRF-MG";"DEL01-MG";"UOP03-DEL01-MG"
102401;2018-01-10;"quarta-feira";"08:35:00";"PE";101;18,7;"GOIANA";"Defeito na Via";"Capotamento";"Sem Vítimas";"Pleno dia";"Crescente";"Chuva";"Dupla";"Reta";"Não";1;0;0;0;1;0;0;1;-7,6525851;-34,94556248;"SPRF-PE";"DEL01-PE";"UOP02-DEL01-PE"
102402;2018-01-10;"quarta-feira";"10:00:00";"MG";50;149,9;"UBERABA";"Velocidade Incompatível";"Saída de leito carroçável";"Com Vítimas Feridas";"Pleno dia";"Crescente";"Nublado";"Dupla";"Reta";"Não";3;0;3;0;0;0;3;1;-19,556136;-48,03439935;"SPRF-MG";"DEL13-MG";"UOP01-DEL13-MG"
102404;2018-01-10;"quarta-feira";"14:45:00";"PR";376;657,8;"TIJUCAS DO SUL";"Pista Escorregadia";"Colisão com objeto estático";"Com Vítimas Feridas";"Pleno dia";"Decrescente";"Chuva";"Dupla";"Curva";"Não";2;0;1;0;1;0;1;1;-25,928534;-49,199314;"SPRF-PR";"DEL01-PR";"DEL7/1-UOP08/PR"
102405;2018-01-10;"quarta-feira";"14:31:00";"SP";116;331;"JUQUITIBA";"Pista Escorregadia";"Capotamento";"Sem Vítimas";"Pleno dia";"Decrescente";"Chuva";"Dupla";"Reta";"Sim";1;0;0;0;1;0;0;1;-23,96335233;-47,12276459;"SPRF-SP";"DEL04-SP";"UOP03-DEL04-SP"
102406;2018-01-10;"quarta-feira";"11:00:00";"BA";101;77,9;"ENTRE RIOS";"Não guardar distância de segurança";"Colisão traseira";"Sem Vítimas";"Pleno dia";"Decrescente";"Nublado";"Simples";"Reta;Aclive";"Não";3;0;0;0;3;0;0;3;-11,97901007;-38,20798025;"SPRF-BA";"DEL01-BA";"UOP04-DEL01-BA"
102407;2018-01-10;"quarta-feira";"00:05:00";"SP";116;205,3;"ARUJA";"Falta de Atenção do Pedestre";"Atropelamento de Pedestre";"Com Vítimas Feridas";"Plena Noite";"Decrescente";"Nublado";"Dupla";"Reta";"Sim";2;0;1;0;1;0;1;2;-23,413988;-46,362998;"SPRF-SP";"DEL01-SP";"UOP01-DEL01-SP"
102410;2018-01-10;"quarta-feira";"13:40:00";"RJ";40;89;"PETROPOLIS";"Velocidade Incompatível";"Saída de leito carroçável";"Com Vítimas Feridas";"Pleno dia";"Crescente";"Nublado";"Simples";"Curva";"Não";3;0;2;0;1;0;2;1;-22,5563125;-43,2374375;"SPRF-RJ";"DEL06-RJ";"UOP01-DEL06-RJ"
102412;2018-01-10;"quarta-feira";"14:40:00";"SP";153;14,9;"NOVA GRANADA";"Falta de Atenção à Condução";"Colisão transversal";"Com Vítimas Feridas";"Pleno dia";"Crescente";"Céu Claro";"Simples";"Reta";"Não";3;0;1;2;0;0;3;2;-20,41911655;-49,26760196;"SPRF-SP";"DEL09-SP";"UOP01-DEL09-SP"
102413;2018-01-10;"quarta-feira";"14:15:00";"SE";101;69,4;"MARUIM";"Não guardar distância de segurança";"Colisão traseira";"Com Vítimas Feridas";"Pleno dia";"Crescente";"Nublado";"Simples";"Reta";"Não";8;0;2;0;6;0;2;4;-10,73128442;-37,08392143;"SPRF-SE";"DEL01-SE";"UOP01-DEL01-SE"
102414;2018-01-10;"quarta-feira";"14:50:00";"RJ";116;111;"DUQUE DE CAXIAS";"Não guardar distância de segurança";"Colisão traseira";"Com Vítimas Feridas";"Pleno dia";"Decrescente";"Nublado";"Múltipla";"Reta";"Sim";4;0;1;0;2;1;1;2;-22,695215;-43,288513;"SPRF-RJ";"DEL04-RJ";"UOP02-DEL04-RJ"
102416;2018-01-09;"terça-feira";"22:00:00";"SC";280;92;"SAO BENTO DO SUL";"Pista Escorregadia";"Capotamento";"Sem Vítimas";"Plena Noite";"Decrescente";"Garoa/Chuvisco";"Simples";"Curva";"Não";1;0;0;0;1;0;0;1;-26,3946;-49,294743;"SPRF-SC";"DEL06-SC";"UOP03-DEL06-SC"
102417;2018-01-10;"quarta-feira";"09:30:00";"SC";470;122,5;"IBIRAMA";"Velocidade Incompatível";"Capotamento";"Sem Vítimas";"Pleno dia";"Crescente";"Chuva";"Simples";"Curva";"Não";1;0;0;0;1;0;0;1;-27,09695495;-49,53104496;"SPRF-SC";"DEL04-SC";"UOP02-DEL04-SC"
102420;2018-01-10;"quarta-feira";"14:00:00";"PI";343;2,4;"TERESINA";"Falta de Atenção à Condução";"Atropelamento de Pedestre";"Com Vítimas Feridas";"Pleno dia";"Decrescente";"Céu Claro";"Dupla";"Reta";"Sim";2;0;1;0;1;0;1;2;-5,08176974;-42,76964572;"SPRF-PI";"DEL05-PI";"UOP01-DEL05-PI"
102421;2018-01-10;"quarta-feira";"03:15:00";"MS";262;367,5;"CAMPO GRANDE";"Não guardar distância de segurança";"Colisão traseira";"Com Vítimas Feridas";"Plena Noite";"Decrescente";"Céu Claro";"Dupla";"Reta";"Sim";5;0;0;1;4;0;1;3;-20,47838612;-54,75808024;"SPRF-MS";"DEL01-MS";"UOP03-DEL01-MS"
102423;2018-01-07;"domingo";"00:30:00";"SC";101;148;"ITAPEMA";"Falta de Atenção à Condução";"Queda de ocupante de veículo";"Com Vítimas Feridas";"Plena Noite";"Crescente";"Nublado";"Dupla";"Reta";"Sim";1;0;0;1;0;0;1;1;-27,10252066;-48,61784325;"SPRF-SC";"DEL04-SC";"UOP03-DEL04-SC"
102426;2018-01-10;"quarta-feira";"15:15:00";"CE";304;15;"BEBERIBE";"Falta de Atenção à Condução";"Queda de ocupante de veículo";"Com Vítimas Feridas";"Pleno dia";"Crescente";"Céu Claro";"Simples";"Reta";"Não";1;0;0;1;0;0;1;1;-4,586472;-38,076454;"SPRF-CE";"DEL03-CE";"UOP03-DEL03-CE"
102431;2018-01-10;"quarta-feira";"16:10:00";"RS";472;577;"URUGUAIANA";"Falta de Atenção à Condução";"Colisão transversal";"Sem Vítimas";"Pleno dia";"Crescente";"Céu Claro";"Simples";"Reta";"Sim";4;0;0;0;4;0;0;2;-29,77814633;-57,06122339;"SPRF-RS";"DEL13-RS";"UOP01-DEL13-RS"
102432;2018-01-10;"quarta-feira";"15:50:00";"SC";101;230;"PALHOCA";"Velocidade Incompatível";"Saída de leito carroçável";"Sem Vítimas";"Pleno dia";"Decrescente";"Chuva";"Dupla";"Reta";"Não";1;0;0;0;1;0;0;1;-27,7854;-48,6352;"SPRF-SC";"DEL01-SC";"UOP02-DEL01-SC"
102433;2018-01-10;"quarta-feira";"16:30:00";"SC";101;307;"LAGUNA";"Fenômenos da Natureza";"Colisão com objeto estático";"Com Vítimas Feridas";"Pleno dia";"Crescente";"Chuva";"Dupla";"Curva";"Não";1;0;1;0;0;0;1;1;-28,4008;-48,7864;"SPRF-SC";"DEL02-SC";"UOP03-DEL02-SC"
102435;2018-01-10;"quarta-feira";"16:35:00";"RS";290;91;"PORTO ALEGRE";"Falta de Atenção à Condução";"Colisão lateral";"Com Vítimas Feridas";"Pleno dia";"Crescente";"Chuva";"Dupla";"Reta";"Não";3;0;2;0;1;0;2;2;-29,96928601;-51,16948843;"SPRF-RS";"DEL01-RS";"UOP01-DEL01-RS"
102436;2018-01-10;"quarta-feira";"16:15:00";"SC";101;182,2;"BIGUACU";"Falta de Atenção à Condução";"Saída de leito carroçável";"Com Vítimas Feridas";"Pleno dia";"Crescente";"Chuva";"Dupla";"Reta";"Não";2;0;2;0;0;0;2;1;-27,39746041;-48,63063812;"SPRF-SC";"DEL01-SC";"UOP01-DEL01-SC"