"id";"data_inversa";"dia_semana";"horario";"uf";"br";"km";"municipio";"causa_acidente";"tipo_acidente";"classificacao_acidente";"fase_dia";"sentido_via";"condicao_metereologica";"tipo_pista";"tracado_via";"uso_solo";"pessoas";"mortos";"feridos_leves";"feridos_graves";"ilesos";"ignorados";"feridos";"veiculos";"latitude";"longitude";"regional";"delegacia";"uop"
102438;2018-01-10;"quarta-feira";"16:25:00";"SP";116;347;"MIRACATU";"Avarias e/ou desgaste excessivo no pneu";"Saída de leito carroçável";"Sem Vítimas";"Pleno dia";"Decrescente";"Nublado";"Dupla";"Curva";"Não";4;0;0;0;4;0;0;1;-24,0516371;-47,20116019;"SPRF-SP";"DEL04-SP";"UOP03-DEL04-SP"
102440;2018-01-10;"quarta-feira";"17:00:00";"SC";101;25,7;"JOINVILLE";"Falta de Atenção à Condução";"Colisão traseira";"Sem Vítimas";"Pleno dia";"Crescente";"Chuva";"Dupla";"Reta";"Não";2;0;0;0;2;0;0;2;-26,190258;-48,91209;"SPRF-SC";"DEL03-SC";"UOP01-DEL03-SC"
102442;2018-01-10;"quarta-feira";"17:00:00";"ES";262;175;"IBATIBA";"Pista Escorregadia";"Saída de leito carroçável";"Sem Vítimas";"Pleno dia";"Crescente";"Chuva";"Simples";"Reta";"Não";1;0;0;0;1;0;0;1;-20,2765;-41,6363;"SPRF-ES";"DEL01-ES";"UOP02-DEL01-ES"
102443;2018-01-10;"quarta-feira";"16:00:00";"SC";282;99;"ALFREDO WAGNER";"Velocidade Incompatível";"Capotamento";"Sem Vítimas";"Pleno dia";"Crescente";"Chuva";"Simples";"Curva";"Não";1;0;0;0;1;0;0;1;-27,700373;-49,287563;"SPRF-SC";"DEL01-SC";"UOP03-DEL01-SC"
102447;2018-01-10;"quarta-feira";"14:20:00";"SC";282;136;"BOM RETIRO";"Falta de Atenção à Condução";"Colisão lateral";"Com Vítimas Feridas";"Pleno dia";"Decrescente";"Chuva";"Simples";"Reta";"Não";2;0;1;0;1;0;1;2;-27,817894;-49,558086;"SPRF-SC";"DEL05-SC";"UOP01-DEL05-SC"
102448;2018-01-10;"quarta-feira";"14:55:00";"SP";116;53,7;"LORENA";"Falta de Atenção à Condução";"Colisão transversal";"Com Vítimas Feridas";"Pleno dia";"Decrescente";"Sol";"Simples";"Interseção de Vias";"Não";2;0;1;0;1;0;1;2;-22,75212144;-45,10505676;"SPRF-SP";"DEL08-SP";"UOP01-DEL08-SP"
102450;2018-01-10;"quarta-feira";"17:20:00";"PR";153;161,5;"VENTANIA";"Velocidade Incompatível";"Atropelamento de Pedestre";"Com Vítimas Feridas";"Pleno dia";"Crescente";"Nublado";"Simples";"Reta";"Sim";2;0;1;0;1;0;1;2;-24,24028517;-50,23644162;"SPRF-PR";"DEL03-PR";"UOP02-DEL03-PR"
102451;2018-01-10;"quarta-feira";"16:49:00";"SP";488;2,9;"APARECIDA";"Falta de Atenção à Condução";"Colisão transversal";"Com Vítimas Feridas";"Pleno dia";"Crescente";"Céu Claro";"Dupla";"Curva";"Sim";2;0;1;0;1;0;1;2;-22,85462271;-45,24258328;"SPRF-SP";"DEL08-SP";"UOP01-DEL08-SP"
102453;2018-01-10;"quarta-feira";"17:40:00";"SC";101;139;"ITAPEMA";"Falta de Atenção à Condução";"Queda de ocupante de veículo";"Com Vítimas Feridas";"Pleno dia";"Decrescente";"Chuva";"Dupla";"Reta";"Sim";1;0;1;0;0;0;1;1;-27,0386;-48,6028;"SPRF-SC";"DEL04-SC";"UOP03-DEL04-SC"
102454;2018-01-10;"quarta-feira";"17:10:00";"MG";365;627,5;"UBERLANDIA";"Falta de Atenção à Condução";"Colisão traseira";"Com Vítimas Feridas";"Pleno dia";"Crescente";"Nublado";"Dupla";"Retorno Regulamentado";"Sim";3;0;0;1;2;0;1;2;-18,90561781;-48,32115111;"SPRF-MG";"DEL15-MG";"UOP01-DEL15-MG"
102455;2018-01-10;"quarta-feira";"17:00:00";"PE";408;64;"CARPINA";"Ingestão de Álcool";"Atropelamento de Pedestre";"Com Vítimas Feridas";"Anoitecer";"Decrescente";"Nublado";"Dupla";"Reta";"Sim";2;0;0;1;1;0;1;2;-7,848514;-35,236262;"SPRF-PE";"DEL01-PE";"UOP01-DEL01-PE"
102456;2018-01-10;"quarta-feira";"17:15:00";"MG";354;711,9;"CAXAMBU";"Velocidade Incompatível";"Colisão com objeto estático";"Com Vítimas Feridas";"Pleno dia";"Decrescente";"Sol";"Simples";"Curva";"Não";1;0;0;1;0;0;1;1;-22,04500388;-44,92690712;"SPRF-MG";"DEL05-MG";"DEL5/4-UOP01/MG"
102461;2018-01-10;"quarta-feira";"17:10:00";"PE";408;104,7;"RECIFE";"Falta de Atenção do Pedestre";"Atropelamento de Pedestre";"Com Vítimas Feridas";"Pleno dia";"Decrescente";"Nublado";"Dupla";"Reta";"Sim";2;0;1;1;0;0;2;2;-8,079502;-34,990759;"SPRF-PE";"DEL01-PE";"UOP01-DEL01-PE"
102462;2018-01-10;"quarta-feira";"17:00:00";"SC";101;307;"LAGUNA";"Falta de Atenção à Condução";"Colisão traseira";"Sem Vítimas";"Pleno dia";"Crescente";"Chuva";"Dupla";"Curva";"Não";2;0;0;0;2;0;0;2;-28,4008;-48,7864;"SPRF-SC";"DEL02-SC";"UOP03-DEL02-SC"
102464;2018-01-10;"quarta-feira";"17:55:00";"PR";277;326,6;"GUARAPUAVA";"Ultrapassagem Indevida";"Colisão frontal";"Com Vítimas Feridas";"Pleno dia";"Crescente";"Nublado";"Simples";"Reta";"Não";4;0;1;2;1;0;3;2;-25,395748;-51,458492;"SPRF-PR";"DEL03-PR";"UOP01-DEL08-PR"
102466;2018-01-10;"quarta-feira";"17:50:00";"GO";60;96;"ANAPOLIS";"Falta de Atenção à Condução";"Colisão transversal";"Com Vítimas Feridas";"Pleno dia";"Crescente";"Nublado";"Múltipla";"Reta";"Sim";2;0;0;1;1;0;1;2;-16,371;-48,9422;"SPRF-GO";"DEL02-GO";"UOP01-DEL02-GO"
102469;2018-01-10;"quarta-feira";"16:15:00";"RR";174;485;"BOA VISTA";"Falta de Atenção à Condução";"Colisão lateral";"Com Vítimas Feridas";"Pleno dia";"Crescente";"Céu Claro";"Simples";"Reta";"Não";3;0;2;0;1;0;2;2;2,72261858;-60,82111716;"SPRF-RR";"DEL01-RR";"UOP01-DEL01-RR"
102470;2018-01-10;"quarta-feira";"17:15:00";"BA";324;514;"FEIRA DE SANTANA";"Falta de Atenção à Condução";"Colisão transversal";"Com Vítimas Feridas";"Pleno dia";"Decrescente";"Nublado";"Dupla";"Reta";"Sim";2;0;2;0;0;0;2;2;-12,24897461;-38,93364519;"SPRF-BA";"DEL02-BA";"UOP01-DEL02-BA"
102472;2018-01-10;"quarta-feira";"18:30:00";"GO";153;494,8;"GOIANIA";"Defeito Mecânico no Veículo";"Queda de ocupante de veículo";"Com Vítimas Feridas";"Pleno dia";"Decrescente";"Sol";"Dupla";"Reta";"Sim";2;0;2;0;0;0;2;1;-16,6681;-49,2263;"SPRF-GO";"DEL01-GO";"UOP01-DEL01-GO"
102473;2018-01-10;"quarta-feira";"07:00:00";"PR";272;396,1;"FAROL";"Pista Escorregadia";"Saída de leito carroçável";"Sem Vítimas";"Amanhecer";"Decrescente";"Chuva";"Simples";"Reta";"Não";1;0;0;0;1;0;0;1;-24,08608402;-52,66248912;"SPRF-PR";"DEL04-PR";"UOP03-DEL09-PR"
102474;2018-01-10;"quarta-feira";"18:00:00";"PR";376;667;"GUARATUBA";"Velocidade Incompatível";"Saída de leito carroçável";"Com Vítimas Feridas";"Pleno dia";"Decrescente";"Chuva";"Dupla";"Curva;Aclive";"Não";2;0;1;0;1;0;1;1;-25,88656205;-48,93482208;"SPRF-PR";"DEL01-PR";"DEL7/1-UOP08/PR"
102475;2018-01-10;"quarta-feira";"06:30:00";"ES";101;266;"SERRA";"Falta de Atenção à Condução";"Tombamento";"Com Vítimas Feridas";"Pleno dia";"Crescente";"Chuva";"Dupla";"Curva";"Sim";1;0;1;0;0;0;1;1;-20,19372555;-40,2687791;"SPRF-ES";"DEL02-ES";"UOP01-DEL02-ES"
102476;2018-01-10;"quarta-feira";"17:40:00";"SE";235;51,3;"ITABAIANA";"Desobediência às normas de trânsito pelo condutor";"Colisão transversal";"Com Vítimas Feridas";"Pleno dia";"Decrescente";"Céu Claro";"Simples";"Reta";"Sim";2;0;2;0;0;0;2;2;-10,69837105;-37,43353606;"SPRF-SE";"DEL01-SE";"UOP02-DEL01-SE"
102480;2018-01-10;"quarta-feira";"09:55:00";"BA";116;442;"FEIRA DE SANTANA";"Velocidade Incompatível";"Capotamento";"Sem Vítimas";"Pleno dia";"Crescente";"Chuva";"Dupla";"Curva;Declive";"Não";1;0;0;0;1;0;0;1;-12,35146391;-39,09267068;"SPRF-BA";"DEL02-BA";"UOP01-DEL02-BA"
102482;2018-01-10;"quarta-feira";"17:30:00";"ES";101;397;"RIO NOVO DO SUL";"Falta de Atenção à Condução";"Queda de ocupante de veículo";"Com Vítimas Feridas";"Pleno dia";"Crescente";"Sol";"Simples";"Reta";"Não";1;0;1;0;0;0;1;1;-20,862984;-40,93674;"SPRF-ES";"DEL03-ES";"UOP02-DEL03-ES"
102483;2018-01-10;"quarta-feira";"14:30:00";"PR";163;128;"REALEZA";"Falta de Atenção à Condução";"Saída de leito carroçável";"Sem Vítimas";"Pleno dia";"Crescente";"Chuva";"Simples";"Reta";"Não";1;0;0;0;1;0;0;1;-25,5935;-53,5609;"SPRF-PR";"DEL02-PR";"UOP02-DEL02-PR"
102484;2018-01-10;"quarta-feira";"19:00:00";"MG";381;521,3;"BRUMADINHO";"Velocidade Incompatível";"Capotamento";"Sem Vítimas";"Anoitecer";"Crescente";"Céu Claro";"Dupla";"Curva";"Não";5;0;0;0;5;0;0;1;-20,12413258;-44,30228013;"SPRF-MG";"DEL04-MG";"UOP03-DEL04-MG"
102485;2018-01-10;"quarta-feira";"16:00:00";"ES";101;269;"SERRA";"Não guardar distância de segurança";"Colisão lateral";"Com Vítimas Feridas";"Pleno dia";"Decrescente";"Céu Claro";"Múltipla";"Reta";"Sim";2;0;1;0;0;1;1;2;-20,21868546;-40,26983589;"SPRF-ES";"DEL02-ES";"UOP01-DEL02-ES"
102486;2018-01-10;"quarta-feira";"18:15:00";"GO";60;43;"APARECIDA DE GOIANIA";"Falta de Atenção à Condução";"Colisão lateral";"Com Vítimas Feridas";"Pleno dia";"Decrescente";"Céu Claro";"Dupla";"Reta";"Sim";2;0;1;0;1;0;1;2;-16,8101;-49,2397;"SPRF-GO";"DEL01-GO";"UOP03-DEL01-GO"
102487;2018-01-10;"quarta-feira";"18:00:00";"MT";70;512;"VARZEA GRANDE";"Ultrapassagem Indevida";"Colisão frontal";"Com Vítimas Feridas";"Anoitecer";"Decrescente";"Céu Claro";"Simples";"Reta";"Não";3;0;0;1;1;1;1;3;-15,6478;-56,1332;"SPRF-MT";"DEL01-MT";"DEL2/4-UOP02/MT"
102488;2018-01-10;"quarta-feira";"16:00:00";"BA";101;164;"CONCEICAO DO JACUIPE";"Pista Escorregadia";"Capotamento";"Com Vítimas Feridas";"Pleno dia";"Crescente";"Chuva";"Simples";"Reta";"Não";1;0;1;0;0;0;1;1;-12,3543;-38,8057;"SPRF-BA";"DEL01-BA";"UOP03-DEL01-BA"
102491;2018-01-10;"quarta-feira";"17:30:00";"PI";343;306,1;"ALTOS";"Falta de Atenção à Condução";"Colisão transversal";"Com Vítimas Feridas";"Anoitecer";"Crescente";"Céu Claro";"Simples";"Reta";"Sim";3;0;0;2;1;0;2;2;-5,03783003;-42,44818297;"SPRF-PI";"DEL01-PI";"UOP01-DEL01-PI"
102496;2018-01-10;"quarta-feira";"14:50:00";"SC";280;29,7;"ARAQUARI";"Falta de Atenção à Condução";"Colisão lateral";"Com Vítimas Feridas";"Pleno dia";"Crescente";"Chuva";"Simples";"Reta";"Não";3;0;1;0;2;0;1;3;-26,41347778;-48,75929929;"SPRF-SC";"DEL03-SC";"UOP03-DEL03-SC"
102497;2018-01-10;"quarta-feira";"18:15:00";"SC";280;102;"SAO BENTO DO SUL";"Velocidade Incompatível";"Colisão transversal";"Com Vítimas Feridas";"Anoitecer";"Decrescente";"Garoa/Chuvisco";"Simples";"Aclive;Curva";"Não";4;0;3;0;1;0;3;2;-26,364401;-49,340599;"SPRF-SC";"DEL06-SC";"UOP03-DEL06-SC"
102499;2018-01-10;"quarta-feira";"20:15:00";"PR";369;153,8;"LONDRINA";"Falta de Atenção à Condução";"Colisão transversal";"Com Vítimas Feridas";"Plena Noite";"Crescente";"Chuva";"Dupla";"Reta";"Sim";2;0;0;1;1;0;1;2;-23,29802363;-51,19665829;"SPRF-PR";"DEL07-PR";"UOP01-DEL07-PR"
102500;2018-01-10;"quarta-feira";"20:20:00";"PR";116;15,8;"CAMPINA GRANDE DO SUL";"Velocidade Incompatível";"Saída de leito carroçável";"Sem Vítimas";"Plena Noite";"Crescente";"Garoa/Chuvisco";"Dupla";"Curva";"Não";1;0;0;0;1;0;0;1;-25,099638;-48,69033006;"SPRF-PR";"DEL01-PR";"UOP02-DEL01-PR"
102503;2018-01-10;"quarta-feira";"10:40:00";"SC";282;80;"RANCHO QUEIMADO";"Velocidade Incompatível";"Saída de leito carroçável";"Com Vítimas Feridas";"Pleno dia";"Decrescente";"Chuva";"Simples";"Curva;Aclive";"Não";2;0;1;0;1;0;1;1;-27,66391693;-49,15921904;"SPRF-SC";"DEL01-SC";"UOP03-DEL01-SC"
102505;2018-01-10;"quarta-feira";"20:35:00";"SC";101;175;"BIGUACU";"Velocidade Incompatível";"Capotamento";"Com Vítimas Feridas";"Plena Noite";"Decrescente";"Chuva";"Dupla";"Curva";"Não";3;0;1;0;2;0;1;1;-27,347;-48,6328;"SPRF-SC";"DEL01-SC";"UOP01-DEL01-SC"
102512;2018-01-10;"quarta-feira";"19:50:00";"MT";163;768;"SORRISO";"Ultrapassagem Indevida";"Colisão frontal";"Sem Vítimas";"Plena Noite";"Crescente";"Céu Claro";"Simples";"Reta";"Não";2;0;0;0;1;1;0;2;-12,43485829;-55,64856291;"SPRF-MT";"DEL06-MT";"UOP01-DEL06-MT"
102514;2018-01-10;"quarta-feira";"19:30:00";"BA";116;811;"VITORIA DA CONQUISTA";"Falta de Atenção do Pedestre";"Atropelamento de Pedestre";"Com Vítimas Feridas";"Plena Noite";"Decrescente";"Céu Claro";"Simples";"Reta";"Sim";2;0;0;1;1;0;1;2;-14,851;-40,8485;"SPRF-BA";"DEL08-BA";"UOP01-DEL08-BA"
102518;2018-01-10;"quarta-feira";"05:20:00";"BA";101;670,5;"ITAPEBI";"Falta de Atenção à Condução";"Saída de leito carroçável";"Com Vítimas Feridas";"Amanhecer";"Decrescente";"Céu Claro";"Simples";"Declive;Curva";"Não";4;0;4;0;0;0;4;1;-15,82132351;-39,52880859;"SPRF-BA";"DEL09-BA";"UOP01-DEL09-BA"
102521;2018-01-10;"quarta-feira";"16:00:00";"MG";50;178;"UBERABA";"Velocidade Incompatível";"Colisão com objeto estático";"Sem Vítimas";"Pleno dia";"Crescente";"Chuva";"Dupla";"Curva";"Sim";1;0;0;0;1;0;0;1;-19,7783;-47,9318;"SPRF-MG";"DEL13-MG";"UOP01-DEL13-MG"
102522;2018-01-10;"quarta-feira";"20:40:00";"MS";163;463;"CAMPO GRANDE";"Ingestão de Álcool";"Queda de ocupante de veículo";"Com Vítimas Feridas";"Plena Noite";"Crescente";"Chuva";"Simples";"Reta";"Não";1;0;1;0;0;0;1;1;-20,443228;-54,646828;"SPRF-MS";"DEL01-MS";"UOP01-DEL01-MS"
102523;2018-01-10;"quarta-feira";"21:25:00";"SC";101;208,6;"SAO JOSE";"Pista Escorregadia";"Tombamento";"Com Vítimas Feridas";"Plena Noite";"Decrescente";"Chuva";"Dupla";"Reta";"Sim";1;0;1;0;0;0;1;1;-27,62006415;-48,6489245;"SPRF-SC";"DEL01-SC";"UOP01-DEL01-SC"
102524;2018-01-10;"quarta-feira";"19:00:00";"PE";101;50,4;"ABREU E LIMA";"Desobediência às normas de trânsito pelo condutor";"Colisão lateral";"Sem Vítimas";"Plena Noite";"Crescente";"Nublado";"Múltipla";"Reta";"Não";2;0;0;0;1;1;0;2;-7,91159947;-34,89956019;"SPRF-PE";"DEL01-PE";"UOP02-DEL01-PE"
102525;2018-01-10;"quarta-feira";"20:50:00";"MS";163;420,1;"CAMPO GRANDE";"Ingestão de Álcool";"Colisão traseira";"Com Vítimas Feridas";"Plena Noite";"Crescente";"Garoa/Chuvisco";"Simples";"Reta";"Não";2;0;1;0;1;0;1;2;-20,443228;-54,646828;"SPRF-MS";"DEL01-MS";"UOP01-DEL01-MS"
102526;2018-01-10;"quarta-feira";"21:30:00";"SP";116;514;"CAJATI";"Velocidade Incompatível";"Saída de leito carroçável";"Com Vítimas Feridas";"Plena Noite";"Decrescente";"Chuva";"Simples";"Curva";"Não";3;0;1;0;2;0;1;1;-24,73659;-48,12319;"SPRF-SP";"DEL05-SP";"UAP01-DEL05-SP"
102528;2018-01-06;"sábado";"23:00:00";"ES";101;301,7;"VIANA";"Falta de Atenção à Condução";"Colisão traseira";"Com Vítimas Feridas";"Plena Noite";"Crescente";"Céu Claro";"Dupla";"Reta";"Sim";3;0;1;1;0;1;2;3;-20,36676061;-40,44377995;"SPRF-ES";"DEL01-ES";"UOP01-DEL01-ES"
102530;2018-01-10;"quarta-feira";"21:09:00";"MG";40;584;"ITABIRITO";"Falta de Atenção à Condução";"Saída de leito carroçável";"Com Vítimas Feridas";"Plena Noite";"Decrescente";"Nublado";"Dupla";"Curva";"Não";1;0;1;0;0;0;1;1;-20,3303;-43,9251;"SPRF-MG";"DEL01-MG";"UOP02-DEL01-MG"
102531;2018-01-10;"quarta-feira";"22:20:00";"SC";101;86;"BARRA VELHA";"Pista Escorregadia";"Saída de leito carroçável";"Com Vítimas Feridas";"Plena Noite";"Decrescente";"Chuva";"Múltipla";"Reta";"Não";1;0;1;0;0;0;1;1;-26,6423;-48,6895;"SPRF-SC";"DEL03-SC";"UOP02-DEL03-SC"
102532;2018-01-10;"quarta-feira";"22:20:00";"RJ";40;105;"DUQUE DE CAXIAS";"Falta de Atenção do Pedestre";"Atropelamento de Pedestre";"Com Vítimas Feridas";"Plena Noite";"Decrescente";"Céu Claro";"Simples";"Reta;Declive";"Sim";2;0;0;1;1;0;1;2;-22,64080839;-43,28340677;"SPRF-RJ";"DEL01-RJ";"UOP01-DEL01-RJ"
102534;2018-01-10;"quarta-feira";"22:20:00";"SP";116;110,7;"TAUBATE";"Falta de Atenção à Condução";"Saída de leito carroçável";"Com Vítimas Feridas";"Plena Noite";"Decrescente";"Céu Claro";"Dupla";"Reta";"Sim";3;0;1;0;2;0;1;1;-23,03748603;-45,55778146;"SPRF-SP";"DEL06-SP";"UOP01-DEL06-SP"
102535;2018-01-10;"quarta-feira";"19:30:00";"MA";316;490;"CODO";"Animais na Pista";"Atropelamento de Animal";"Com Vítimas Feridas";"Plena Noite";"Decrescente";"Céu Claro";"Simples";"Reta";"Não";1;0;1;0;0;0;1;1;-4,661927;-43,837505;"SPRF-MA";"DEL03-MA";"UOP02-DEL03-MA"
102537;2018-01-10;"quarta-feira";"20:20:00";"RO";364;196;"PIMENTA BUENO";"Falta de Atenção à Condução";"Colisão traseira";"Com Vítimas Feridas";"Plena Noite";"Decrescente";"Chuva";"Simples";"Reta";"Não";4;0;1;2;0;1;3;4;-11,686719;-61,183479;"SPRF-RO";"DEL02-RO";"UOP02-DEL02-RO"
102541;2018-01-10;"quarta-feira";"23:40:00";"GO";153;96;"PORANGATU";"Falta de Atenção à Condução";"Saída de leito carroçável";"Com Vítimas Feridas";"Plena Noite";"Crescente";"Céu Claro";"Simples";"Reta";"Não";1;0;1;0;0;0;1;1;-13,40650842;-49,13118498;"SPRF-GO";"DEL07-GO";"UOP01-DEL07-GO"
102542;2018-01-10;"quarta-feira";"22:55:00";"PB";230;16,9;"JOAO PESSOA";"Falta de Atenção à Condução";"Colisão com objeto em movimento";"Com Vítimas Feridas";"Amanhecer";"Crescente";"Céu Claro";"Dupla";"Reta";"Sim";3;0;2;1;0;0;3;2;-7,11560596;-34,8419863;"SPRF-PB";"DEL01-PB";"UOP01-DEL01-PB"
102544;2018-01-10;"quarta-feira";"23:50:00";"SP";153;49;"SAO JOSE DO RIO PRETO";"Animais na Pista";"Atropelamento de Animal";"Sem Vítimas";"Plena Noite";"Crescente";"Nublado";"Simples";"Reta";"Não";2;0;0;0;2;0;0;1;-20,7848887;-49,3501558;"SPRF-SP";"DEL09-SP";"UOP01-DEL09-SP"
102548;2018-01-10;"quarta-feira";"20:45:00";"MT";174;8;"PONTES E LACERDA";"Animais na Pista";"Atropelamento de Animal";"Com Vítimas Fatais";"Plena Noite";"Decrescente";"Chuva";"Simples";"Reta";"Não";1;1;0;0;0;0;0;1;-15,20303046;-59,37046051;"SPRF-MT";"DEL04-MT";"UOP01-DEL04-MT"
102550;2018-01-11;"quinta-feira";"01:00:00";"SC";101;139,8;"BALNEARIO CAMBORIU";"Pista Escorregadia";"Tombamento";"Com Vítimas Fatais";"Plena Noite";"Crescente";"Chuva";"Dupla";"Curva;Aclive";"Não";1;1;0;0;0;0;0;1;-27,0645;-48,5958;"SPRF-SC";"DEL04-SC";"UOP03-DEL04-SC"
102551;2018-01-11;"quinta-feira";"01:30:00";"PR";376;177,5;"MARINGA";"Desobediência às normas de trânsito pelo condutor";"Colisão transversal";"Com Vítimas Feridas";"Plena Noite";"Decrescente";"Garoa/Chuvisco";"Dupla";"Interseção de Vias";"Sim";2;0;1;0;1;0;1;2;-23,4273;-51,9375;"SPRF-PR";"DEL07-PR";"UOP01-DEL09-PR"
102553;2018-01-11;"quinta-feira";"02:40:00";"DF";251;31,9;"BRASILIA";"Condutor Dormindo";"Saída de leito carroçável";"Com Vítimas Feridas";"Plena Noite";"Crescente";"Céu Claro";"Simples";"Reta";"Não";2;0;2;0;0;0;2;1;-15,94118462;-47,73714095;"SPRF-DF";"DEL01-DF";"UOP01-DEL01-DF"
102554;2018-01-11;"quinta-feira";"01:20:00";"SE";101;118;"ITAPORANGA DAJUDA";"Animais na Pista";"Atropelamento de Animal";"Sem Vítimas";"Plena Noite";"Crescente";"Nublado";"Dupla";"Reta";"Não";1;0;0;0;1;0;0;1;-11,0327;-37,3339;"SPRF-SE";"DEL02-SE";"UOP01-DEL02-SE"
102556;2018-01-11;"quinta-feira";"01:30:00";"MT";163;686;"LUCAS DO RIO VERDE";"Falta de Atenção à Condução";"Colisão transversal";"Com Vítimas Feridas";"Plena Noite";"Crescente";"Nublado";"Simples";"Reta";"Sim";4;0;3;0;1;0;3;2;-13,050703;-55,91154;"SPRF-MT";"DEL06-MT";"UOP01-DEL06-MT"
102558;2018-01-11;"quinta-feira";"03:30:00";"RJ";101;62;"CAMPOS DOS GOYTACAZES";"Falta de Atenção à Condução";"Colisão traseira";"Com Vítimas Fatais";"Plena Noite";"Decrescente";"Chuva";"Simples";"Reta";"Sim";1;1;0;0;0;0;0;1;-21,726534;-41,32132;"SPRF-RJ";"DEL08-RJ";"UOP01-DEL08-RJ"
102559;2018-01-11;"quinta-feira";"03:50:00";"GO";153;506;"APARECIDA DE GOIANIA";"Falta de Atenção à Condução";"Saída de leito carroçável";"Com Vítimas Feridas";"Plena Noite";"Crescente";"Nublado";"Dupla";"Curva";"Sim";5;0;5;0;0;0;5;1;-16,7633;-49,24;"SPRF-GO";"DEL01-GO";"UOP01-DEL01-GO"
102560;2018-01-11;"quinta-feira";"03:50:00";"SC";101;213;"PALHOCA";"Falta de Atenção à Condução";"Saída de leito carroçável";"Sem Vítimas";"Plena Noite";"Crescente";"Garoa/Chuvisco";"Múltipla";"Reta";"Sim";1;0;0;0;1;0;0;1;-27,6446;-48,6705;"SPRF-SC";"DEL01-SC";"UOP02-DEL01-SC"
102563;2018-01-11;"quinta-feira";"05:20:00";"ES";101;266;"SERRA";"Não guardar distância de segurança";"Colisão lateral";"Sem Vítimas";"Pleno dia";"Crescente";"Chuva";"Dupla";"Reta";"Sim";2;0;0;0;2;0;0;2;-20,20041649;-40,26914656;"SPRF-ES";"DEL02-ES";"UOP01-DEL02-ES"
102565;2018-01-11;"quinta-feira";"04:30:00";"RJ";116;267;"BARRA MANSA";"Falta de Atenção à Condução";"Colisão com objeto estático";"Sem Vítimas";"Amanhecer";"Crescente";"Céu Claro";"Simples";"Curva";"Não";1;0;0;0;1;0;0;1;-22,54465;-44,17177;"SPRF-RJ";"DEL07-RJ";"UOP02-DEL07-RJ"
102567;2018-01-11;"quinta-feira";"03:44:00";"AL";101;82,1;"RIO LARGO";"Falta de Atenção à Condução";"Colisão traseira";"Com Vítimas Feridas";"Amanhecer";"Crescente";"Céu Claro";"Simples";"Aclive";"Não";5;0;1;1;3;0;2;4;-9,44891646;-35,86172967;"SPRF-AL";"DEL01-AL";"UOP01-DEL01-AL"
102568;2018-01-11;"quinta-feira";"06:00:00";"DF";40;7;"BRASILIA";"Falta de Atenção à Condução";"Colisão traseira";"Com Vítimas Feridas";"Amanhecer";"Decrescente";"Ignorado";"Dupla";"Reta";"Sim";4;0;2;0;2;0;2;2;-16,046477;-47,980603;"SPRF-DF";"DEL01-DF";"UOP01-DEL01-DF"
102570;2018-01-11;"quinta-feira";"00:10:00";"RS";293;293;"SANTANA DO LIVRAMENTO";"Animais na Pista";"Atropelamento de Animal";"Sem Vítimas";"Plena Noite";"Crescente";"Nevoeiro/Neblina";"Simples";"Reta";"Não";1;0;0;0;1;0;0;1;-30,831972;-55,074368;"SPRF-RS";"DEL11-RS";"UOP01-DEL11-RS"
102571;2018-01-10;"quarta-feira";"21:40:00";"BA";324;597,3;"SIMOES FILHO";"Velocidade Incompatível";"Capotamento";"Sem Vítimas";"Plena Noite";"Decrescente";"Nublado";"Dupla";"Reta";"Não";1;0;0;0;0;1;0;1;-12,74027481;-38,43914509;"SPRF-BA";"DEL01-BA";"UOP01-DEL01-BA"
102572;2018-01-11;"quinta-feira";"06:45:00";"RJ";101;476;"ANGRA DOS REIS";"Avarias e/ou desgaste excessivo no pneu";"Colisão frontal";"Com Vítimas Feridas";"Pleno dia";"Crescente";"Céu Claro";"Simples";"Declive";"Não";7;0;3;0;4;0;3;3;-23,00518017;-44,25932944;"SPRF-RJ";"DEL03-RJ";"UOP03-DEL03-RJ"
102573;2018-01-11;"quinta-feira";"06:00:00";"RJ";116;169;"SAO JOAO DE MERITI";"Não guardar distância de segurança";"Colisão traseira";"Com Vítimas Feridas";"Pleno dia";"Decrescente";"Céu Claro";"Múltipla";"Reta";"Sim";4;0;1;0;3;0;1;4;-22,807387;-43,3421674;"SPRF-RJ";"DEL01-RJ";"UOP02-DEL01-RJ"
102575;2018-01-11;"quinta-feira";"05:30:00";"SP";116;195;"ARUJA";"Não guardar distância de segurança";"Colisão traseira";"Com Vítimas Feridas";"Amanhecer";"Decrescente";"Ignorado";"Dupla";"Reta";"Não";3;0;2;0;0;1;2;2;-23,3965;-46,3214;"SPRF-SP";"DEL01-SP";"UOP02-DEL01-SP"
102582;2018-01-11;"quinta-feira";"07:50:00";"GO";60;209,9;"VARJAO";"Velocidade Incompatível";"Saída de leito carroçável";"Com Vítimas Feridas";"Pleno dia";"Decrescente";"Céu Claro";"Dupla";"Retorno Regulamentado";"Não";1;0;0;1;0;0;1;1;-16,95161998;-49,68016398;"SPRF-GO";"DEL01-GO";"UOP02-DEL01-GO"
102583;2018-01-11;"quinta-feira";"07:20:00";"MG";262;830;"UBERABA";"Falta de Atenção à Condução";"Queda de ocupante de veículo";"Com Vítimas Feridas";"Pleno dia";"Decrescente";"Nublado";"Simples";"Reta";"Não";1;0;1;0;0;0;1;1;-19,748796;-47,932343;"SPRF-MG";"DEL13-MG";"UOP01-DEL13-MG"