"id";"data_inversa";"dia_semana";"horario";"uf";"br";"km";"municipio";"causa_acidente";"tipo_acidente";"classificacao_acidente";"fase_dia";"sentido_via";"condicao_metereologica";"tipo_pista";"tracado_via";"uso_solo";"pessoas";"mortos";"feridos_leves";"feridos_graves";"ilesos";"ignorados";"feridos";"veiculos";"latitude";"longitude";"regional";"delegacia";"uop"
102729;2018-01-11;"quinta-feira";"15:30:00";"SC";470;185,8;"POUSO REDONDO";"Ultrapassagem Indevida";"Capotamento";"Sem Vítimas";"Pleno dia";"Crescente";"Céu Claro";"Simples";"Reta";"Não";1;0;0;0;1;0;0;1;-27,258292;-50,04272461;"SPRF-SC";"DEL04-SC";"UOP02-DEL04-SC"
102730;2018-01-11;"quinta-feira";"12:50:00";"SC";116;245;"LAGES";"Desobediência às normas de trânsito pelo condutor";"Colisão transversal";"Sem Vítimas";"Pleno dia";"Decrescente";"Sol";"Simples";"Rotatória";"Não";2;0;0;0;2;0;0;2;-27,7998493;-50,36337197;"SPRF-SC";"DEL05-SC";"UOP01-DEL05-SC"
102734;2018-01-11;"quinta-feira";"17:30:00";"MT";163;834;"SINOP";"Velocidade Incompatível";"Saída de leito carroçável";"Com Vítimas Feridas";"Pleno dia";"Crescente";"Nublado";"Dupla";"Reta";"Sim";1;0;1;0;0;0;1;1;-11,86747691;-55,49696445;"SPRF-MT";"DEL06-MT";"UOP01-DEL06-MT"
102737;2018-01-11;"quinta-feira";"18:50:00";"PB";230;27;"JOAO PESSOA";"Falta de Atenção à Condução";"Colisão traseira";"Com Vítimas Feridas";"Plena Noite";"Decrescente";"Céu Claro";"Dupla";"Curva";"Sim";2;0;1;0;1;0;1;2;-7,16563507;-34,89000052;"SPRF-PB";"DEL01-PB";"UOP01-DEL01-PB"
102739;2018-01-11;"quinta-feira";"17:50:00";"BA";242;385;"SEABRA";"Falta de Atenção à Condução";"Colisão frontal";"Com Vítimas Feridas";"Pleno dia";"Crescente";"Céu Claro";"Simples";"Reta";"Não";3;0;0;2;1;0;2;2;-12,445436;-41,562611;"SPRF-BA";"DEL10-BA";"UOP03-DEL06-BA"
102740;2018-01-11;"quinta-feira";"19:55:00";"RS";386;327,8;"MARQUES DE SOUZA";"Falta de Atenção à Condução";"Saída de leito carroçável";"Sem Vítimas";"Anoitecer";"Decrescente";"Nublado";"Simples";"Aclive";"Não";1;0;0;0;1;0;0;1;-29,34198622;-52,07632452;"SPRF-RS";"DEL04-RS";"UOP01-DEL04-RS"
102741;2018-01-11;"quinta-feira";"19:35:00";"SC";101;63;"ARAQUARI";"Pista Escorregadia";"Colisão com objeto estático";"Sem Vítimas";"Plena Noite";"Decrescente";"Chuva";"Dupla";"Reta";"Não";1;0;0;0;1;0;0;1;-26,45934357;-48,75765502;"SPRF-SC";"DEL03-SC";"UOP02-DEL03-SC"
102743;2018-01-11;"quinta-feira";"19:15:00";"RN";405;0,9;"MOSSORO";"Não guardar distância de segurança";"Colisão traseira";"Com Vítimas Feridas";"Plena Noite";"Decrescente";"Céu Claro";"Dupla";"Reta";"Sim";2;0;1;0;1;0;1;2;-5,19159095;-37,3605557;"SPRF-RN";"DEL04-RN";"UOP02-DEL04-RN"
102744;2018-01-11;"quinta-feira";"19:00:00";"CE";20;224,9;"BOA VIAGEM";"Animais na Pista";"Atropelamento de Animal";"Sem Vítimas";"Plena Noite";"Decrescente";"Nublado";"Simples";"Declive;Curva";"Não";1;0;0;0;1;0;0;1;-5,127904;-39,732544;"SPRF-CE";"DEL02-CE";"UOP02-DEL02-CE"
102745;2018-01-11;"quinta-feira";"19:30:00";"SC";101;329;"CAPIVARI DE BAIXO";"Falta de Atenção à Condução";"Colisão traseira";"Sem Vítimas";"Pleno dia";"Crescente";"Nublado";"Dupla";"Reta";"Não";2;0;0;0;2;0;0;2;-28,44274211;-48,96503985;"SPRF-SC";"DEL02-SC";"UOP01-DEL02-SC"
102747;2018-01-11;"quinta-feira";"20:35:00";"ES";101;298,1;"VIANA";"Falta de Atenção do Pedestre";"Atropelamento de Pedestre";"Com Vítimas Fatais";"Plena Noite";"Crescente";"Céu Claro";"Múltipla";"Reta";"Sim";5;1;0;0;2;2;0;2;-20,35517614;-40,41712141;"SPRF-ES";"DEL01-ES";"UOP01-DEL01-ES"
102750;2018-01-11;"quinta-feira";"19:50:00";"PE";408;101,1;"SAO LOURENCO DA MATA";"Velocidade Incompatível";"Capotamento";"Com Vítimas Feridas";"Plena Noite";"Crescente";"Céu Claro";"Dupla";"Curva";"Não";2;0;1;0;0;1;1;1;-8,055214;-34,999295;"SPRF-PE";"DEL01-PE";"UOP01-DEL01-PE"
102751;2018-01-11;"quinta-feira";"21:00:00";"PR";153;521,7;"GENERAL CARNEIRO";"Falta de Atenção à Condução";"Colisão frontal";"Com Vítimas Feridas";"Plena Noite";"Decrescente";"Chuva";"Simples";"Curva";"Não";2;0;2;0;0;0;2;2;-26,6082703;-51,4748311;"SPRF-PR";"DEL02-PR";"UOP03-DEL02-PR"
102753;2018-01-11;"quinta-feira";"19:30:00";"SC";282;218;"LAGES";"Desobediência às normas de trânsito pelo condutor";"Colisão traseira";"Sem Vítimas";"Anoitecer";"Crescente";"Nublado";"Dupla";"Interseção de Vias";"Sim";2;0;0;0;2;0;0;2;-27,797235;-50,31361;"SPRF-SC";"DEL05-SC";"UOP01-DEL05-SC"
102754;2018-01-11;"quinta-feira";"17:45:00";"MT";70;343,8;"DOM AQUINO";"Falta de Atenção à Condução";"Saída de leito carroçável";"Com Vítimas Feridas";"Pleno dia";"Decrescente";"Nublado";"Simples";"Reta";"Não";5;0;1;0;4;0;1;1;-15,53275268;-54,82761383;"SPRF-MT";"DEL05-MT";"UOP01-DEL05-MT"
102755;2018-01-11;"quinta-feira";"19:20:00";"RO";364;700;"PORTO VELHO";"Falta de Atenção do Pedestre";"Atropelamento de Pedestre";"Com Vítimas Feridas";"Plena Noite";"Decrescente";"Nublado";"Dupla";"Reta";"Não";2;0;1;1;0;0;2;2;-8,80057534;-63,77922893;"SPRF-RO";"DEL01-RO";"UOP01-DEL01-RO"
102756;2018-01-11;"quinta-feira";"20:30:00";"MT";70;0;"PONTAL DO ARAGUAIA";"Defeito Mecânico no Veículo";"Engavetamento";"Com Vítimas Feridas";"Plena Noite";"Crescente";"Céu Claro";"Simples";"Ponte";"Sim";3;0;1;0;2;0;1;3;-15,895538;-52,25599;"SPRF-MT";"DEL07-MT";"UOP01-DEL07-MT"
102760;2018-01-11;"quinta-feira";"18:25:00";"RJ";40;108;"DUQUE DE CAXIAS";"Defeito Mecânico no Veículo";"Colisão traseira";"Com Vítimas Feridas";"Anoitecer";"Crescente";"Nublado";"Múltipla";"Reta";"Sim";3;0;1;0;2;0;1;2;-22,67029347;-43,28569997;"SPRF-RJ";"DEL01-RJ";"UOP01-DEL01-RJ"
102761;2018-01-11;"quinta-feira";"21:45:00";"PR";277;725,5;"FOZ DO IGUACU";"Falta de Atenção à Condução";"Colisão transversal";"Com Vítimas Feridas";"Plena Noite";"Decrescente";"Céu Claro";"Dupla";"Curva";"Sim";3;0;1;0;2;0;1;2;-25,51084592;-54,55000515;"SPRF-PR";"DEL05-PR";"UOP03-DEL05-PR"
102763;2018-01-11;"quinta-feira";"22:20:00";"RS";116;236;"NOVO HAMBURGO";"Falta de Atenção à Condução";"Colisão lateral";"Com Vítimas Feridas";"Plena Noite";"Decrescente";"Céu Claro";"Múltipla";"Rotatória";"Não";3;0;1;0;2;0;1;2;-29,66995068;-51,1426878;"SPRF-RS";"DEL01-RS";"UOP02-DEL01-RS"
102765;2018-01-11;"quinta-feira";"19:30:00";"RO";364;425;"JARU";"Desobediência às normas de trânsito pelo condutor";"Colisão transversal";"Com Vítimas Feridas";"Plena Noite";"Crescente";"Nublado";"Simples";"Interseção de Vias";"Sim";3;0;1;0;2;0;1;2;-10,437518;-62,471706;"SPRF-RO";"DEL03-RO";"UOP02-DEL03-RO"
102766;2018-01-11;"quinta-feira";"23:30:00";"PR";376;4;"SAO JOSE DOS PINHAIS";"Falta de Atenção à Condução";"Colisão traseira";"Sem Vítimas";"Plena Noite";"Crescente";"Chuva";"Dupla";"Reta";"Sim";2;0;0;0;2;0;0;2;-25,53356346;-49,19420233;"SPRF-PR";"DEL01-PR";"DEL7/1-UOP08/PR"
102767;2018-01-11;"quinta-feira";"22:10:00";"MG";116;707,5;"MURIAE";"Pista Escorregadia";"Queda de ocupante de veículo";"Com Vítimas Feridas";"Plena Noite";"Decrescente";"Nublado";"Simples";"Reta";"Sim";1;0;1;0;0;0;1;1;-21,1299;-42,3671;"SPRF-MG";"DEL07-MG";"UOP02-DEL07-MG"
102770;2018-01-11;"quinta-feira";"23:15:00";"RN";101;100;"PARNAMIRIM";"Ingestão de Álcool";"Colisão com objeto estático";"Com Vítimas Feridas";"Plena Noite";"Decrescente";"Nublado";"Múltipla";"Reta";"Sim";1;0;0;1;0;0;1;1;-5,881161;-35,225452;"SPRF-RN";"DEL01-RN";"UOP01-DEL01-RN"
102772;2018-01-11;"quinta-feira";"19:25:00";"MG";381;303;"ANTONIO DIAS";"Falta de Atenção à Condução";"Queda de ocupante de veículo";"Com Vítimas Feridas";"Plena Noite";"Decrescente";"Nublado";"Simples";"Curva";"Não";1;0;1;0;0;0;1;1;-19,6243;-42,8685;"SPRF-MG";"DEL03-MG";"UOP02-DEL03-MG"
102776;2018-01-11;"quinta-feira";"23:30:00";"SC";470;123,4;"IBIRAMA";"Pista Escorregadia";"Saída de leito carroçável";"Sem Vítimas";"Plena Noite";"Decrescente";"Garoa/Chuvisco";"Simples";"Curva";"Não";1;0;0;0;1;0;0;1;-27,10918458;-49,52504559;"SPRF-SC";"DEL04-SC";"UOP02-DEL04-SC"
102782;2018-01-12;"sexta-feira";"00:30:00";"MG";381;612;"OLIVEIRA";"Falta de Atenção à Condução";"Colisão com objeto estático";"Sem Vítimas";"Plena Noite";"Crescente";"Céu Claro";"Dupla";"Curva";"Não";1;0;0;0;1;0;0;1;-20,7025;-44,7496;"SPRF-MG";"DEL04-MG";"UOP01-DEL04-MG"
102785;2018-01-12;"sexta-feira";"02:30:00";"SC";101;119,8;"ITAJAI";"Ingestão de Álcool";"Colisão com objeto estático";"Com Vítimas Feridas";"Plena Noite";"Decrescente";"Céu Claro";"Dupla";"Reta";"Sim";2;0;1;0;1;0;1;1;-26,91143194;-48,71243477;"SPRF-SC";"DEL04-SC";"UOP04-DEL04-SC"
102787;2018-01-12;"sexta-feira";"02:45:00";"PR";116;118;"CURITIBA";"Desobediência às normas de trânsito pelo condutor";"Saída de leito carroçável";"Sem Vítimas";"Plena Noite";"Decrescente";"Céu Claro";"Dupla";"Reta";"Não";1;0;0;0;0;1;0;1;-25,56358131;-49,30870056;"SPRF-PR";"DEL01-PR";"UOP03-DEL01-PR"
102789;2018-01-12;"sexta-feira";"01:00:00";"MA";10;302;"ACAILANDIA";"Animais na Pista";"Atropelamento de Animal";"Sem Vítimas";"Plena Noite";"Decrescente";"Céu Claro";"Simples";"Declive;Curva";"Não";1;0;0;0;1;0;0;1;-5,096301;-47,554436;"SPRF-MA";"DEL04-MA";"UOP03-DEL04-MA"
102790;2018-01-12;"sexta-feira";"00:30:00";"RJ";116;168;"RIO DE JANEIRO";"Falta de Atenção à Condução";"Colisão lateral";"Com Vítimas Feridas";"Plena Noite";"Crescente";"Céu Claro";"Múltipla";"Reta";"Sim";2;0;1;0;1;0;1;2;-22,819967;-43,314999;"SPRF-RJ";"DEL01-RJ";"UOP02-DEL01-RJ"
102791;2018-01-12;"sexta-feira";"03:10:00";"MG";381;767,9;"CAMPANHA";"Velocidade Incompatível";"Saída de leito carroçável";"Sem Vítimas";"Plena Noite";"Decrescente";"Chuva";"Dupla";"Curva";"Não";4;0;0;0;4;0;0;1;-21,75234512;-45,39378047;"SPRF-MG";"DEL16-MG";"UOP02-DEL16-MG"
102792;2018-01-12;"sexta-feira";"03:40:00";"RS";116;297,6;"GUAIBA";"Ingestão de Álcool";"Capotamento";"Sem Vítimas";"Plena Noite";"Decrescente";"Céu Claro";"Dupla";"Reta";"Não";2;0;0;0;2;0;0;1;-30,10290632;-51,34348529;"SPRF-RS";"DEL02-RS";"UOP01-DEL02-RS"
102793;2018-01-12;"sexta-feira";"04:20:00";"PR";277;360,9;"GUARAPUAVA";"Falta de Atenção à Condução";"Colisão lateral";"Com Vítimas Feridas";"Plena Noite";"Crescente";"Nublado";"Simples";"Reta";"Não";4;0;1;0;3;0;1;2;-25,43095052;-51,60428524;"SPRF-PR";"DEL03-PR";"UOP01-DEL08-PR"
102794;2018-01-12;"sexta-feira";"00:50:00";"PE";116;60;"CABROBO";"Falta de Atenção à Condução";"Saída de leito carroçável";"Sem Vítimas";"Plena Noite";"Decrescente";"Céu Claro";"Simples";"Declive";"Não";1;0;0;0;1;0;0;1;-8,361064;-39,145092;"SPRF-PE";"DEL05-PE";"UOP03-DEL05-PE"
102797;2018-01-11;"quinta-feira";"15:30:00";"AL";316;220,6;"ATALAIA";"Velocidade Incompatível";"Saída de leito carroçável";"Sem Vítimas";"Pleno dia";"Crescente";"Nublado";"Simples";"Curva";"Não";1;0;0;0;1;0;0;1;-9,46800006;-36,18857324;"SPRF-AL";"DEL01-AL";"UOP01-DEL01-AL"
102799;2018-01-12;"sexta-feira";"05:30:00";"ES";101;28;"CONCEICAO DA BARRA";"Pista Escorregadia";"Atropelamento de Pedestre";"Com Vítimas Feridas";"Plena Noite";"Crescente";"Céu Claro";"Simples";"Reta";"Sim";2;0;2;0;0;0;2;2;-18,36140911;-39,95319843;"SPRF-ES";"DEL04-ES";"UOP02-DEL04-ES"
102802;2018-01-12;"sexta-feira";"03:00:00";"MG";116;482,2;"DOM CAVATI";"Ingestão de Álcool";"Colisão traseira";"Com Vítimas Feridas";"Plena Noite";"Decrescente";"Céu Claro";"Simples";"Reta";"Sim";5;0;4;0;1;0;4;2;-19,40229529;-42,11564898;"SPRF-MG";"DEL06-MG";"UOP02-DEL06-MG"
102803;2018-01-12;"sexta-feira";"05:00:00";"RJ";116;274;"BARRA MANSA";"Velocidade Incompatível";"Colisão com objeto estático";"Com Vítimas Feridas";"Amanhecer";"Decrescente";"Céu Claro";"Dupla";"Curva";"Não";1;0;1;0;0;0;1;1;-22,52480672;-44,19986486;"SPRF-RJ";"DEL07-RJ";"UOP02-DEL07-RJ"
102804;2018-01-12;"sexta-feira";"05:30:00";"GO";60;436,7;"RIO VERDE";"Condutor Dormindo";"Saída de leito carroçável";"Sem Vítimas";"Amanhecer";"Crescente";"Chuva";"Dupla";"Reta";"Não";5;0;0;0;5;0;0;1;-17,833812;-51,391275;"SPRF-GO";"DEL04-GO";"UOP01-DEL04-GO"
102809;2018-01-12;"sexta-feira";"06:00:00";"ES";101;294,8;"CARIACICA";"Desobediência às normas de trânsito pelo condutor";"Colisão transversal";"Com Vítimas Feridas";"Amanhecer";"Crescente";"Céu Claro";"Múltipla";"Reta";"Sim";2;0;1;0;1;0;1;2;-20,26437;-40,420345;"SPRF-ES";"DEL01-ES";"UOP01-DEL01-ES"
102811;2018-01-12;"sexta-feira";"03:55:00";"RO";319;64;"PORTO VELHO";"Ingestão de Álcool";"Colisão com objeto estático";"Sem Vítimas";"Plena Noite";"Crescente";"Garoa/Chuvisco";"Dupla";"Reta";"Sim";2;0;0;0;1;1;0;2;-8,76477277;-63,88487309;"SPRF-RO";"DEL01-RO";"UOP01-DEL01-RO"
102814;2018-01-11;"quinta-feira";"18:00:00";"MG";40;42,2;"PARACATU";"Falta de Atenção à Condução";"Colisão transversal";"Com Vítimas Feridas";"Pleno dia";"Decrescente";"Céu Claro";"Simples";"Reta";"Sim";2;0;1;0;1;0;1;2;-17,218784;-46,866695;"SPRF-MG";"DEL14-MG";"UOP01-DEL14-MG"
102815;2018-01-12;"sexta-feira";"06:30:00";"RS";285;403;"PANAMBI";"Avarias e/ou desgaste excessivo no pneu";"Danos eventuais";"Com Vítimas Feridas";"Pleno dia";"Decrescente";"Céu Claro";"Simples";"Reta";"Não";2;0;2;0;0;0;2;1;-28,378822;-53,383121;"SPRF-RS";"DEL10-RS";"UOP01-DEL10-RS"
102816;2018-01-12;"sexta-feira";"04:30:00";"SC";282;118;"BOM RETIRO";"Pista Escorregadia";"Capotamento";"Com Vítimas Feridas";"Plena Noite";"Decrescente";"Chuva";"Simples";"Curva";"Não";2;0;2;0;0;0;2;1;-27,818821;-49,590221;"SPRF-SC";"DEL05-SC";"UOP01-DEL05-SC"
102817;2018-01-12;"sexta-feira";"06:55:00";"ES";101;305;"VIANA";"Falta de Atenção à Condução";"Colisão transversal";"Com Vítimas Feridas";"Pleno dia";"Crescente";"Céu Claro";"Múltipla";"Interseção de Vias";"Sim";2;0;0;1;1;0;1;2;-20,38451295;-40,46258211;"SPRF-ES";"DEL03-ES";"UOP01-DEL03-ES"
102818;2018-01-11;"quinta-feira";"22:00:00";"MG";50;169,9;"UBERABA";"Falta de Atenção à Condução";"Saída de leito carroçável";"Sem Vítimas";"Plena Noite";"Crescente";"Céu Claro";"Dupla";"Viaduto";"Sim";1;0;0;0;1;0;0;1;-19,72787564;-47,98128105;"SPRF-MG";"DEL13-MG";"UOP01-DEL13-MG"
102819;2018-01-12;"sexta-feira";"06:50:00";"GO";60;138;"GOIANIA";"Desobediência às normas de trânsito pelo condutor";"Colisão frontal";"Com Vítimas Feridas";"Amanhecer";"Decrescente";"Céu Claro";"Múltipla";"Reta";"Sim";2;0;2;0;0;0;2;2;-16,6117;-49,2053;"SPRF-GO";"DEL01-GO";"UOP01-DEL01-GO"
102821;2018-01-12;"sexta-feira";"06:05:00";"MT";70;610;"POCONE";"Pista Escorregadia";"Capotamento";"Com Vítimas Feridas";"Amanhecer";"Crescente";"Chuva";"Simples";"Aclive";"Não";4;0;2;1;1;0;3;1;-15,89133847;-56,88892365;"SPRF-MT";"DEL03-MT";"UOP02-DEL03-MT"
102823;2018-01-12;"sexta-feira";"06:16:00";"MT";364;201;"RONDONOPOLIS";"Ingestão de Álcool";"Queda de ocupante de veículo";"Com Vítimas Feridas";"Pleno dia";"Decrescente";"Nublado";"Dupla";"Reta";"Sim";2;0;2;0;0;0;2;1;-16,48122396;-54,65089012;"SPRF-MT";"DEL02-MT";"UOP01-DEL02-MT"
102824;2018-01-12;"sexta-feira";"06:10:00";"BA";101;715;"EUNAPOLIS";"Falta de Atenção à Condução";"Queda de ocupante de veículo";"Com Vítimas Feridas";"Pleno dia";"Crescente";"Céu Claro";"Simples";"Reta";"Não";1;0;0;1;0;0;1;1;-16,3467;-39,5804;"SPRF-BA";"DEL09-BA";"UOP01-DEL09-BA"
102825;2018-01-12;"sexta-feira";"06:55:00";"MT";364;300;"JACIARA";"Falta de Atenção à Condução";"Saída de leito carroçável";"Sem Vítimas";"Amanhecer";"Crescente";"Céu Claro";"Dupla";"Reta";"Não";2;0;0;0;2;0;0;1;-15,842025;-55,153408;"SPRF-MT";"DEL02-MT";"UOP02-DEL05-MT"
102826;2018-01-12;"sexta-feira";"07:50:00";"SC";101;43,8;"JOINVILLE";"Ultrapassagem Indevida";"Saída de leito carroçável";"Com Vítimas Feridas";"Pleno dia";"Decrescente";"Sol";"Dupla";"Reta";"Não";1;0;1;0;0;0;1;1;-26,33323048;-48,86113659;"SPRF-SC";"DEL03-SC";"UOP01-DEL03-SC"
102829;2018-01-12;"sexta-feira";"08:20:00";"SP";153;277,5;"OCAUCU";"Animais na Pista";"Saída de leito carroçável";"Com Vítimas Feridas";"Pleno dia";"Decrescente";"Nublado";"Simples";"Declive";"Não";1;0;1;0;0;0;1;1;-22,394903;-49,863625;"SPRF-SP";"DEL07-SP";"UOP02-DEL07-SP"
102833;2018-01-12;"sexta-feira";"07:30:00";"MG";40;528;"CONTAGEM";"Não guardar distância de segurança";"Colisão lateral";"Com Vítimas Feridas";"Pleno dia";"Crescente";"Céu Claro";"Dupla";"Curva";"Sim";3;0;2;0;1;0;2;2;-19,9191;-44,0391;"SPRF-MG";"DEL01-MG";"UOP03-DEL01-MG"
102838;2018-01-12;"sexta-feira";"07:18:00";"PA";316;8,4;"ANANINDEUA";"Falta de Atenção do Pedestre";"Atropelamento de Pedestre";"Com Vítimas Feridas";"Pleno dia";"Decrescente";"Sol";"Dupla";"Curva";"Sim";2;0;0;2;0;0;2;2;-1,3659343;-48,3726;"SPRF-PA";"DEL01-PA";"DEL19/1-UOP05/PA"
102840;2018-01-12;"sexta-feira";"08:30:00";"ES";101;256,4;"SERRA";"Falta de Atenção à Condução";"Colisão transversal";"Com Vítimas Feridas";"Pleno dia";"Crescente";"Sol";"Dupla";"Interseção de Vias";"Sim";3;0;3;0;0;0;3;2;-20,12248379;-40,3056863;"SPRF-ES";"DEL02-ES";"UOP01-DEL02-ES"
102841;2018-01-12;"sexta-feira";"07:10:00";"CE";20;427,9;"FORTALEZA";"Desobediência às normas de trânsito pelo condutor";"Colisão transversal";"Com Vítimas Feridas";"Pleno dia";"Crescente";"Céu Claro";"Dupla";"Em Obras";"Sim";3;0;0;2;1;0;2;3;-3,86796613;-38,51044271;"SPRF-CE";"DEL01-CE";"UOP02-DEL01-CE"
102842;2018-01-12;"sexta-feira";"07:35:00";"RJ";101;286,6;"ITABORAI";"Defeito Mecânico no Veículo";"Colisão lateral";"Sem Vítimas";"Pleno dia";"Decrescente";"Céu Claro";"Dupla";"Reta";"Não";2;0;0;0;2;0;0;2;-22,75476149;-42,83073923;"SPRF-RJ";"DEL02-RJ";"UOP03-DEL02-RJ"
102843;2018-01-12;"sexta-feira";"08:15:00";"MT";163;832,5;"SINOP";"Falta de Atenção à Condução";"Queda de ocupante de veículo";"Com Vítimas Feridas";"Pleno dia";"Crescente";"Ignorado";"Dupla";"Reta";"Sim";1;0;1;0;0;0;1;1;-11,88078472;-55,50032258;"SPRF-MT";"DEL06-MT";"UOP01-DEL06-MT"
102850;2018-01-12;"sexta-feira";"10:20:00";"MG";381;768;"CAMPANHA";"Falta de Atenção à Condução";"Colisão com objeto estático";"Com Vítimas Feridas";"Pleno dia";"Crescente";"Nublado";"Simples";"Reta";"Não";2;0;2;0;0;0;2;1;-21,7562;-45,4041;"SPRF-MG";"DEL16-MG";"UOP02-DEL16-MG"
102852;2018-01-12;"sexta-feira";"10:20:00";"SP";116;34;"CRUZEIRO";"Pista Escorregadia";"Tombamento";"Com Vítimas Feridas";"Pleno dia";"Decrescente";"Nublado";"Simples";"Curva";"Não";1;0;1;0;0;0;1;1;-22,654509;-44,959438;"SPRF-SP";"DEL08-SP";"UOP02-DEL08-SP"
102854;2018-01-12;"sexta-feira";"08:00:00";"AM";174;995;"PRESIDENTE FIGUEIREDO";"Falta de Atenção à Condução";"Colisão lateral";"Sem Vítimas";"Pleno dia";"Crescente";"Céu Claro";"Simples";"Reta";"Não";6;0;0;0;6;0;0;2;-1,99645757;-60,02640814;"SPRF-AM";"DEL01-AM";"UOP02-DEL01-AM"
102855;2018-01-12;"sexta-feira";"09:20:00";"PE";101;37;"IGARASSU";"Falta de Atenção à Condução";"Colisão traseira";"Com Vítimas Feridas";"Pleno dia";"Crescente";"Sol";"Múltipla";"Reta";"Não";2;0;1;0;0;1;1;2;-7,8061;-34,925;"SPRF-PE";"DEL01-PE";"UOP02-DEL01-PE"
102858;2018-01-12;"sexta-feira";"10:45:00";"PR";376;590,1;"CURITIBA";"Defeito na Via";"Tombamento";"Com Vítimas Feridas";"Pleno dia";"Decrescente";"Nublado";"Dupla";"Reta";"Sim";2;0;1;0;1;0;1;1;-25,4289541;-49,267137;"SPRF-PR";"DEL01-PR";"UOP06-DEL01-PR"
102867;2018-01-12;"sexta-feira";"10:20:00";"RS";116;481,8;"TURUCU";"Falta de Atenção à Condução";"Colisão transversal";"Com Vítimas Feridas";"Pleno dia";"Crescente";"Sol";"Simples";"Reta";"Sim";4;0;3;1;0;0;4;2;-31,4219;-52,1777;"SPRF-RS";"DEL07-RS";"UOP01-DEL07-RS"
102869;2018-01-12;"sexta-feira";"10:25:00";"AL";316;225,2;"ATALAIA";"Pista Escorregadia";"Saída de leito carroçável";"Sem Vítimas";"Pleno dia";"Crescente";"Chuva";"Simples";"Curva";"Não";1;0;0;0;1;0;0;1;-9,480967;-36,154373;"SPRF-AL";"DEL01-AL";"UOP01-DEL01-AL"
102870;2018-01-12;"sexta-feira";"11:00:00";"PE";101;42;"IGARASSU";"Falta de Atenção à Condução";"Colisão transversal";"Com Vítimas Feridas";"Pleno dia";"Decrescente";"Sol";"Dupla";"Reta";"Sim";4;0;3;0;1;0;3;2;-7,8457;-34,9102;"SPRF-PE";"DEL01-PE";"UOP02-DEL01-PE"
102871;2018-01-12;"sexta-feira";"11:50:00";"SC";470;70,2;"INDAIAL";"Falta de Atenção à Condução";"Colisão lateral";"Com Vítimas Feridas";"Pleno dia";"Decrescente";"Sol";"Simples";"Rotatória";"Não";2;0;1;0;1;0;1;2;-26,88036846;-49,24273431;"SPRF-SC";"DEL04-SC";"UOP01-DEL04-SC"
102872;2018-01-12;"sexta-feira";"10:00:00";"RO";364;236,5;"CACOAL";"Falta de Atenção do Pedestre";"Atropelamento de Pedestre";"Com Vítimas Feridas";"Pleno dia";"Decrescente";"Sol";"Simples";"Reta";"Sim";3;0;2;0;0;1;2;2;-11,44436876;-61,44372761;"SPRF-RO";"DEL02-RO";"UOP02-DEL02-RO"
102873;2018-01-12;"sexta-feira";"12:00:00";"MG";262;355,8;"BETIM";"Falta de Atenção à Condução";"Tombamento";"Com Vítimas Fatais";"Pleno dia";"Crescente";"Sol";"Dupla";"Reta";"Não";1;1;0;0;0;0;0;1;-19,97915678;-44,22426224;"SPRF-MG";"DEL01-MG";"UOP03-DEL01-MG"
102874;2018-01-12;"sexta-feira";"11:20:00";"MT";163;119;"RONDONOPOLIS";"Falta de Atenção à Condução";"Colisão transversal";"Com Vítimas Feridas";"Pleno dia";"Crescente";"Céu Claro";"Dupla";"Reta";"Sim";2;0;1;0;1;0;1;2;-16,49245815;-54,64682758;"SPRF-MT";"DEL02-MT";"UOP01-DEL02-MT"
102875;2018-01-12;"sexta-feira";"12:10:00";"RS";392;44;"RIO GRANDE";"Avarias e/ou desgaste excessivo no pneu";"Tombamento";"Com Vítimas Feridas";"Pleno dia";"Decrescente";"Garoa/Chuvisco";"Dupla";"Reta";"Não";2;0;0;1;1;0;1;1;-31,930166;-52,312592;"SPRF-RS";"DEL07-RS";"UOP02-DEL07-RS"
102877;2018-01-12;"sexta-feira";"11:10:00";"AL";101;171;"TEOTONIO VILELA";"Pista Escorregadia";"Colisão com objeto estático";"Sem Vítimas";"Pleno dia";"Decrescente";"Chuva";"Dupla";"Curva";"Não";1;0;0;0;1;0;0;1;-9,90598;-36,3523;"SPRF-AL";"DEL02-AL";"UOP02-DEL02-AL"
102878;2018-01-12;"sexta-feira";"10:50:00";"TO";153;627,6;"ALIANCA DO TOCANTINS";"Ultrapassagem Indevida";"Saída de leito carroçável";"Com Vítimas Feridas";"Pleno dia";"Crescente";"Céu Claro";"Simples";"Reta";"Não";5;0;3;1;1;0;4;1;-11,34070026;-48,95289657;"SPRF-TO";"DEL02-TO";"UOP02-DEL01-TO"
102882;2018-01-12;"sexta-feira";"07:00:00";"RS";290;111,9;"ELDORADO DO SUL";"Avarias e/ou desgaste excessivo no pneu";"Saída de leito carroçável";"Com Vítimas Fatais";"Amanhecer";"Decrescente";"Céu Claro";"Dupla";"Reta";"Não";1;1;0;0;0;0;0;1;-30,03961504;-51,32878925;"SPRF-RS";"DEL02-RS";"UOP01-DEL02-RS"
102883;2018-01-12;"sexta-feira";"10:20:00";"MG";116;662;"SAO FRANCISCO DO GLORIA";"Falta de Atenção à Condução";"Colisão transversal";"Com Vítimas Feridas";"Pleno dia";"Decrescente";"Céu Claro";"Simples";"Curva;Aclive";"Não";2;0;2;0;0;0;2;1;-20,81544951;-42,31657326;"SPRF-MG";"DEL07-MG";"UOP03-DEL07-MG"