"id";"data_inversa";"dia_semana";"horario";"uf";"br";"km";"municipio";"causa_acidente";"tipo_acidente";"classificacao_acidente";"fase_dia";"sentido_via";"condicao_metereologica";"tipo_pista";"tracado_via";"uso_solo";"pessoas";"mortos";"feridos_leves";"feridos_graves";"ilesos";"ignorados";"feridos";"veiculos";"latitude";"longitude";"regional";"delegacia";"uop"
102884;2018-01-12;"sexta-feira";"13:18:00";"SC";101;204,6;"SAO JOSE";"Falta de Atenção à Condução";"Colisão traseira";"Com Vítimas Feridas";"Pleno dia";"Decrescente";"Nublado";"Dupla";"Reta";"Não";4;0;1;0;3;0;1;3;-27,58106999;-48,61454482;"SPRF-SC";"DEL01-SC";"UOP01-DEL01-SC"
102885;2018-01-12;"sexta-feira";"09:00:00";"MG";116;607,7;"SAO JOAO DO MANHUACU";"Falta de Atenção à Condução";"Colisão frontal";"Sem Vítimas";"Pleno dia";"Crescente";"Nublado";"Simples";"Reta";"Não";2;0;0;0;2;0;0;2;-20,3933;-42,1476;"SPRF-MG";"DEL07-MG";"UOP03-DEL07-MG"
102890;2018-01-12;"sexta-feira";"13:30:00";"MG";50;12,1;"ARAGUARI";"Condutor Dormindo";"Capotamento";"Com Vítimas Feridas";"Pleno dia";"Crescente";"Céu Claro";"Dupla";"Reta";"Não";1;0;1;0;0;0;1;1;-18,5321;-48,0423;"SPRF-MG";"DEL15-MG";"UOP02-DEL15-MG"
102893;2018-01-06;"sábado";"20:25:00";"ES";262;3,8;"CARIACICA";"Ingestão de Álcool";"Colisão traseira";"Com Vítimas Feridas";"Plena Noite";"Crescente";"Céu Claro";"Dupla";"Reta";"Sim";4;0;3;0;1;0;3;2;-20,33587488;-40,37641615;"SPRF-ES";"DEL01-ES";"UOP01-DEL01-ES"
102894;2018-01-12;"sexta-feira";"13:00:00";"AL";101;111,9;"PILAR";"Falta de Atenção à Condução";"Colisão frontal";"Com Vítimas Fatais";"Pleno dia";"Crescente";"Céu Claro";"Simples";"Reta";"Não";2;1;0;0;0;1;0;2;-9,597656;-35,956963;"SPRF-AL";"DEL02-AL";"UOP01-DEL02-AL"
102895;2018-01-12;"sexta-feira";"12:30:00";"TO";153;706,6;"CARIRI DO TOCANTINS";"Defeito na Via";"Saída de leito carroçável";"Sem Vítimas";"Pleno dia";"Crescente";"Céu Claro";"Simples";"Reta";"Não";2;0;0;0;2;0;0;1;-12,01006778;-49,20063782;"SPRF-TO";"DEL02-TO";"UOP02-DEL01-TO"
102896;2018-01-12;"sexta-feira";"13:16:00";"RS";290;516,7;"ROSARIO DO SUL";"Falta de Atenção à Condução";"Saída de leito carroçável";"Com Vítimas Feridas";"Pleno dia";"Decrescente";"Céu Claro";"Simples";"Reta";"Não";3;0;3;0;0;0;3;1;-30,12158653;-55,25580972;"SPRF-RS";"DEL11-RS";"UOP02-DEL11-RS"
102897;2018-01-12;"sexta-feira";"13:50:00";"RJ";101;317;"SAO GONCALO";"Não guardar distância de segurança";"Engavetamento";"Sem Vítimas";"Pleno dia";"Crescente";"Nublado";"Dupla";"Aclive";"Não";3;0;0;0;3;0;0;3;-22,837111;-43,094929;"SPRF-RJ";"DEL02-RJ";"DEL5/2-UOP04/RJ"
102899;2018-01-12;"sexta-feira";"13:15:00";"AL";101;71;"MESSIAS";"Desobediência às normas de trânsito pelo condutor";"Colisão frontal";"Com Vítimas Feridas";"Pleno dia";"Crescente";"Céu Claro";"Múltipla";"Interseção de Vias";"Não";3;0;0;2;1;0;2;2;-9,371557;-35,830204;"SPRF-AL";"DEL01-AL";"UOP01-DEL01-AL"
102901;2018-01-12;"sexta-feira";"13:45:00";"SC";282;488,6;"FAXINAL DOS GUEDES";"Falta de Atenção à Condução";"Colisão transversal";"Com Vítimas Feridas";"Pleno dia";"Decrescente";"Nublado";"Simples";"Interseção de Vias";"Sim";4;0;3;0;1;0;3;2;-26,86739589;-52,27296623;"SPRF-SC";"DEL07-SC";"UOP01-DEL07-SC"
102902;2018-01-12;"sexta-feira";"12:40:00";"CE";116;2;"FORTALEZA";"Falta de Atenção à Condução";"Colisão traseira";"Sem Vítimas";"Pleno dia";"Crescente";"Céu Claro";"Múltipla";"Em Obras;Reta";"Sim";2;0;0;0;2;0;0;2;-3,76303393;-38,5187359;"SPRF-CE";"DEL01-CE";"UOP02-DEL01-CE"
102904;2018-01-12;"sexta-feira";"11:20:00";"MG";262;443;"NOVA SERRANA";"Desobediência às normas de trânsito pelo condutor";"Colisão transversal";"Com Vítimas Feridas";"Pleno dia";"Decrescente";"Céu Claro";"Simples";"Rotatória";"Sim";2;0;1;0;1;0;1;2;-19,87339088;-44,9817009;"SPRF-MG";"DEL08-MG";"UOP03-DEL08-MG"
102905;2018-01-12;"sexta-feira";"13:43:00";"PE";104;65;"CARUARU";"Falta de Atenção à Condução";"Colisão lateral";"Sem Vítimas";"Pleno dia";"Crescente";"Nublado";"Dupla";"Aclive";"Sim";2;0;0;0;2;0;0;2;-8,27594144;-35,9818688;"SPRF-PE";"DEL02-PE";"UOP01-DEL02-PE"
102907;2018-01-12;"sexta-feira";"13:45:00";"PR";116;38;"CAMPINA GRANDE DO SUL";"Velocidade Incompatível";"Colisão com objeto estático";"Sem Vítimas";"Pleno dia";"Crescente";"Céu Claro";"Dupla";"Reta";"Não";1;0;0;0;1;0;0;1;-25,148083;-48,859238;"SPRF-PR";"DEL01-PR";"UOP02-DEL01-PR"
102915;2018-01-12;"sexta-feira";"15:30:00";"RJ";116;92;"GUAPIMIRIM";"Defeito Mecânico no Veículo";"Incêndio";"Sem Vítimas";"Pleno dia";"Crescente";"Nublado";"Simples";"Reta";"Sim";1;0;0;0;1;0;0;1;-22,46955211;-43,00141145;"SPRF-RJ";"DEL04-RJ";"UOP02-DEL04-RJ"
102920;2018-01-12;"sexta-feira";"15:50:00";"PR";376;194,2;"MARIALVA";"Pista Escorregadia";"Saída de leito carroçável";"Sem Vítimas";"Pleno dia";"Crescente";"Chuva";"Dupla";"Curva";"Não";1;0;0;0;1;0;0;1;-23,50059008;-51,80255163;"SPRF-PR";"DEL07-PR";"UOP01-DEL09-PR"
102922;2018-01-12;"sexta-feira";"15:45:00";"MG";40;505,9;"RIBEIRAO DAS NEVES";"Pista Escorregadia";"Colisão traseira";"Com Vítimas Feridas";"Pleno dia";"Crescente";"Chuva";"Dupla";"Curva";"Sim";4;0;3;0;1;0;3;2;-19,74338502;-44,14813768;"SPRF-MG";"DEL02-MG";"UOP01-DEL02-MG"
102923;2018-01-12;"sexta-feira";"16:00:00";"GO";153;443,9;"ANAPOLIS";"Defeito Mecânico no Veículo";"Queda de ocupante de veículo";"Com Vítimas Feridas";"Pleno dia";"Decrescente";"Nublado";"Dupla";"Reta";"Sim";1;0;1;0;0;0;1;1;-16,3467233;-48,92589569;"SPRF-GO";"DEL02-GO";"UOP01-DEL02-GO"
102930;2018-01-12;"sexta-feira";"15:30:00";"PR";277;213;"TEIXEIRA SOARES";"Falta de Atenção à Condução";"Saída de leito carroçável";"Sem Vítimas";"Plena Noite";"Decrescente";"Chuva";"Simples";"Reta";"Não";1;0;0;0;1;0;0;1;-25,46388082;-50,38545996;"SPRF-PR";"DEL03-PR";"UOP02-DEL08-PR"
102932;2018-01-12;"sexta-feira";"15:00:00";"RN";101;73;"NATAL";"Desobediência às normas de trânsito pelo condutor";"Colisão transversal";"Com Vítimas Feridas";"Pleno dia";"Decrescente";"Céu Claro";"Simples";"Interseção de Vias";"Não";3;0;2;1;0;0;3;2;-5,706872;-35,266884;"SPRF-RN";"DEL02-RN";"UOP01-DEL02-RN"
102934;2018-01-12;"sexta-feira";"14:45:00";"PI";343;23,9;"PARNAIBA";"Ingestão de Álcool";"Colisão transversal";"Sem Vítimas";"Pleno dia";"Crescente";"Céu Claro";"Dupla";"Reta;Aclive";"Não";2;0;0;0;2;0;0;2;-3,01572695;-41,76858187;"SPRF-PI";"DEL05-PI";"UOP01-DEL05-PI"
102935;2018-01-12;"sexta-feira";"15:30:00";"PE";407;127,9;"PETROLINA";"Falta de Atenção à Condução";"Colisão transversal";"Com Vítimas Feridas";"Pleno dia";"Crescente";"Céu Claro";"Simples";"Reta";"Sim";2;0;1;0;1;0;1;2;-9,39387097;-40,51175145;"SPRF-PE";"DEL06-PE";"UOP01-DEL06-PE"
102936;2018-01-12;"sexta-feira";"16:30:00";"MG";381;480;"CONTAGEM";"Falta de Atenção à Condução";"Colisão lateral";"Com Vítimas Feridas";"Pleno dia";"Decrescente";"Céu Claro";"Dupla";"Reta";"Sim";2;0;1;0;1;0;1;1;-19,9586;-44,0608;"SPRF-MG";"DEL01-MG";"UOP03-DEL01-MG"
102938;2018-01-12;"sexta-feira";"15:00:00";"SC";282;222,4;"LAGES";"Ingestão de Álcool";"Saída de leito carroçável";"Com Vítimas Feridas";"Pleno dia";"Crescente";"Chuva";"Simples";"Curva";"Não";2;0;1;0;1;0;1;1;-27,79823589;-50,35709023;"SPRF-SC";"DEL05-SC";"UOP01-DEL05-SC"
102939;2018-01-12;"sexta-feira";"16:25:00";"SC";101;7;"GARUVA";"Pista Escorregadia";"Capotamento";"Sem Vítimas";"Pleno dia";"Crescente";"Chuva";"Dupla";"Reta";"Sim";1;0;0;0;1;0;0;1;-26,0454;-48,8595;"SPRF-SC";"DEL03-SC";"UOP01-DEL03-SC"
102940;2018-01-12;"sexta-feira";"16:15:00";"MG";116;407;"GOVERNADOR VALADARES";"Falta de Atenção à Condução";"Colisão transversal";"Com Vítimas Feridas";"Pleno dia";"Crescente";"Céu Claro";"Simples";"Retorno Regulamentado";"Não";2;0;0;1;1;0;1;2;-18,82251272;-41,98604196;"SPRF-MG";"DEL06-MG";"UOP01-DEL06-MG"
102941;2018-01-12;"sexta-feira";"17:00:00";"RS";285;72,4;"BOM JESUS";"Velocidade Incompatível";"Saída de leito carroçável";"Com Vítimas Fatais";"Pleno dia";"Crescente";"Chuva";"Simples";"Curva";"Não";3;1;2;0;0;0;2;1;-28,66438247;-50,48852921;"SPRF-RS";"DEL05-RS";"UOP03-DEL05-RS"
102942;2018-01-12;"sexta-feira";"17:00:00";"ES";262;4,8;"CARIACICA";"Desobediência às normas de trânsito pelo condutor";"Atropelamento de Pedestre";"Sem Vítimas";"Pleno dia";"Decrescente";"Céu Claro";"Múltipla";"Reta";"Sim";1;0;0;0;1;0;0;1;-20,33715929;-40,38437548;"SPRF-ES";"DEL01-ES";"UOP01-DEL01-ES"
102943;2018-01-12;"sexta-feira";"14:50:00";"PR";163;100,8;"CAPANEMA";"Falta de Atenção à Condução";"Saída de leito carroçável";"Com Vítimas Feridas";"Pleno dia";"Decrescente";"Nublado";"Simples";"Curva;Aclive";"Não";1;0;0;1;0;0;1;1;-25,60252149;-53,76207143;"SPRF-PR";"DEL02-PR";"UOP02-DEL02-PR"
102945;2018-01-12;"sexta-feira";"17:10:00";"GO";20;3;"FORMOSA";"Desobediência às normas de trânsito pelo condutor";"Capotamento";"Com Vítimas Feridas";"Pleno dia";"Decrescente";"Nublado";"Simples";"Reta";"Sim";3;0;3;0;0;0;3;1;-15,569053;-47,31826544;"SPRF-DF";"DEL02-DF";"UOP01-DEL02-DF"
102946;2018-01-12;"sexta-feira";"16:50:00";"PR";277;110,4;"CAMPO LARGO";"Mal Súbito";"Queda de ocupante de veículo";"Com Vítimas Feridas";"Pleno dia";"Decrescente";"Nublado";"Dupla";"Reta;Aclive";"Não";1;0;1;0;0;0;1;1;-25,44322909;-49,45578749;"SPRF-PR";"DEL01-PR";"UOP06-DEL01-PR"
102947;2018-01-12;"sexta-feira";"17:00:00";"MG";50;39;"ARAGUARI";"Falta de Atenção à Condução";"Colisão lateral";"Com Vítimas Feridas";"Pleno dia";"Decrescente";"Céu Claro";"Dupla";"Retorno Regulamentado;Reta";"Sim";2;0;1;0;1;0;1;2;-18,6747;-48,1781;"SPRF-MG";"DEL15-MG";"UOP02-DEL15-MG"
102948;2018-01-12;"sexta-feira";"12:40:00";"AC";317;81;"SENADOR GUIOMARD";"Pista Escorregadia";"Saída de leito carroçável";"Sem Vítimas";"Pleno dia";"Decrescente";"Garoa/Chuvisco";"Simples";"Curva";"Não";2;0;0;0;2;0;0;1;-10,10742;-67,658234;"SPRF-AC";"DEL01-AC";"UOP01-DEL01-AC"
102949;2018-01-12;"sexta-feira";"12:00:00";"MT";174;430;"NOVA LACERDA";"Avarias e/ou desgaste excessivo no pneu";"Saída de leito carroçável";"Com Vítimas Feridas";"Pleno dia";"Decrescente";"Céu Claro";"Simples";"Reta";"Não";4;0;4;0;0;0;4;1;-14,140042;-59,707554;"SPRF-MT";"DEL04-MT";"UOP01-DEL04-MT"
102950;2018-01-12;"sexta-feira";"14:20:00";"RS";287;399,1;"SANTIAGO";"Pista Escorregadia";"Saída de leito carroçável";"Sem Vítimas";"Pleno dia";"Decrescente";"Chuva";"Simples";"Declive";"Não";2;0;0;0;2;0;0;1;-29,16922696;-54,86252278;"SPRF-RS";"DEL12-RS";"UOP02-DEL12-RS"
102952;2018-01-12;"sexta-feira";"15:50:00";"PR";277;665,9;"MEDIANEIRA";"Falta de Atenção à Condução";"Capotamento";"Com Vítimas Feridas";"Pleno dia";"Decrescente";"Chuva";"Dupla";"Reta";"Não";1;0;1;0;0;0;1;1;-25,26041228;-54,04519998;"SPRF-PR";"DEL05-PR";"UOP02-DEL05-PR"
102953;2018-01-12;"sexta-feira";"17:30:00";"SC";101;204,5;"SAO JOSE";"Falta de Atenção à Condução";"Colisão traseira";"Com Vítimas Feridas";"Pleno dia";"Crescente";"Nublado";"Dupla";"Reta";"Sim";2;0;1;0;1;0;1;2;-27,57870725;-48,61425137;"SPRF-SC";"DEL01-SC";"UOP01-DEL01-SC"
102956;2018-01-12;"sexta-feira";"17:30:00";"SP";116;209;"GUARULHOS";"Velocidade Incompatível";"Colisão traseira";"Com Vítimas Feridas";"Anoitecer";"Crescente";"Céu Claro";"Dupla";"Reta";"Sim";2;0;0;1;1;0;1;2;-23,42768338;-46,40892792;"SPRF-SP";"DEL01-SP";"UOP01-DEL01-SP"
102957;2018-01-12;"sexta-feira";"15:15:00";"RN";226;114,1;"SANTA CRUZ";"Ingestão de Álcool";"Colisão frontal";"Com Vítimas Feridas";"Pleno dia";"Decrescente";"Céu Claro";"Simples";"Reta";"Não";6;0;0;1;5;0;1;2;-6,20486391;-36,02656413;"SPRF-RN";"DEL03-RN";"UOP02-DEL03-RN"
102958;2018-01-12;"sexta-feira";"17:35:00";"MG";50;76;"UBERLANDIA";"Velocidade Incompatível";"Capotamento";"Com Vítimas Feridas";"Pleno dia";"Crescente";"Céu Claro";"Dupla";"Reta";"Sim";1;0;0;1;0;0;1;1;-18,9364;-48,2198;"SPRF-MG";"DEL15-MG";"UOP01-DEL15-MG"
102959;2018-01-12;"sexta-feira";"16:30:00";"MS";163;807;"SONORA";"Falta de Atenção à Condução";"Saída de leito carroçável";"Com Vítimas Feridas";"Pleno dia";"Decrescente";"Chuva";"Simples";"Reta";"Não";5;0;1;0;4;0;1;1;-17,85204422;-54,70373869;"SPRF-MS";"DEL06-MS";"UOP01-DEL06-MS"
102960;2018-01-12;"sexta-feira";"15:00:00";"PE";232;269;"SERTANIA";"Fenômenos da Natureza";"Capotamento";"Com Vítimas Feridas";"Pleno dia";"Crescente";"Chuva";"Simples";"Curva";"Não";2;0;1;0;1;0;1;1;-8,40896073;-37,19500868;"SPRF-PE";"DEL03-PE";"UOP02-DEL03-PE"
102961;2018-01-12;"sexta-feira";"17:30:00";"RS";101;9,5;"TORRES";"Desobediência às normas de trânsito pelo condutor";"Tombamento";"Com Vítimas Feridas";"Anoitecer";"Crescente";"Nublado";"Simples";"Rotatória";"Sim";2;0;1;0;1;0;1;2;-29,37061469;-49,8189801;"SPRF-RS";"DEL03-RS";"DEL9/3-UOP03/RS"
102962;2018-01-12;"sexta-feira";"17:45:00";"SC";101;30;"JOINVILLE";"Não guardar distância de segurança";"Colisão traseira";"Com Vítimas Feridas";"Pleno dia";"Crescente";"Nublado";"Dupla";"Aclive";"Não";4;0;2;0;2;0;2;2;-26,23515854;-48,91562819;"SPRF-SC";"DEL03-SC";"UOP01-DEL03-SC"
102963;2018-01-12;"sexta-feira";"18:10:00";"RS";392;45,6;"RIO GRANDE";"Falta de Atenção à Condução";"Capotamento";"Sem Vítimas";"Pleno dia";"Crescente";"Céu Claro";"Dupla";"Reta";"Não";2;0;0;0;2;0;0;1;-31,90730838;-52,31635273;"SPRF-RS";"DEL07-RS";"UOP02-DEL07-RS"
102965;2018-01-12;"sexta-feira";"16:30:00";"CE";222;313;"TIANGUA";"Deficiência ou não Acionamento do Sistema de Iluminação/Sinalização do Veículo";"Colisão traseira";"Sem Vítimas";"Pleno dia";"Decrescente";"Céu Claro";"Simples";"Reta";"Sim";2;0;0;0;2;0;0;2;-3,72618325;-40,99811471;"SPRF-CE";"DEL04-CE";"UOP02-DEL04-CE"
102967;2018-01-12;"sexta-feira";"17:17:00";"SC";101;253,9;"PAULO LOPES";"Falta de Atenção à Condução";"Colisão transversal";"Com Vítimas Feridas";"Pleno dia";"Crescente";"Nublado";"Dupla";"Curva";"Não";2;0;1;0;1;0;1;2;-27,98966456;-48,6811012;"SPRF-SC";"DEL02-SC";"UOP03-DEL02-SC"
102968;2018-01-12;"sexta-feira";"17:50:00";"SC";101;197;"BIGUACU";"Falta de Atenção à Condução";"Saída de leito carroçável";"Com Vítimas Feridas";"Pleno dia";"Decrescente";"Nublado";"Dupla";"Reta";"Sim";1;0;1;0;0;0;1;1;-27,52494197;-48,63583088;"SPRF-SC";"DEL01-SC";"UOP01-DEL01-SC"
102969;2018-01-12;"sexta-feira";"16:50:00";"PE";101;28,5;"IGARASSU";"Falta de Atenção à Condução";"Colisão lateral";"Com Vítimas Feridas";"Pleno dia";"Crescente";"Vento";"Múltipla";"Curva";"Não";2;0;1;0;0;1;1;2;-7,72584901;-34,94140002;"SPRF-PE";"DEL01-PE";"UOP02-DEL01-PE"
102970;2018-01-01;"segunda-feira";"15:40:00";"BA";101;805;"ITAMARAJU";"Ingestão de Álcool";"Capotamento";"Com Vítimas Fatais";"Pleno dia";"Crescente";"Céu Claro";"Simples";"Curva";"Não";4;1;3;0;0;0;3;1;-16,9948;-39,5528;"SPRF-BA";"DEL09-BA";"UOP01-DEL09-BA"
102974;2018-01-12;"sexta-feira";"18:20:00";"RS";285;274,9;"MATO CASTELHANO";"Falta de Atenção à Condução";"Colisão traseira";"Sem Vítimas";"Pleno dia";"Crescente";"Céu Claro";"Simples";"Reta";"Não";3;0;0;0;2;1;0;2;-28,26820745;-52,20546663;"SPRF-RS";"DEL08-RS";"UOP03-DEL08-RS"
102975;2018-01-12;"sexta-feira";"16:20:00";"PI";343;263,1;"CAMPO MAIOR";"Não guardar distância de segurança";"Colisão traseira";"Sem Vítimas";"Pleno dia";"Decrescente";"Céu Claro";"Simples";"Reta";"Sim";2;0;0;0;2;0;0;2;-4,81382849;-42,16032027;"SPRF-PI";"DEL01-PI";"UOP03-DEL01-PI"
102976;2018-01-12;"sexta-feira";"16:25:00";"BA";101;499;"ITABUNA";"Restrição de Visibilidade";"Colisão traseira";"Com Vítimas Feridas";"Pleno dia";"Crescente";"Céu Claro";"Simples";"Declive";"Não";3;0;2;0;1;0;2;2;-14,73869467;-39,33139801;"SPRF-BA";"DEL05-BA";"UOP01-DEL05-BA"
102979;2018-01-12;"sexta-feira";"18:20:00";"MG";381;350;"JOAO MONLEVADE";"Velocidade Incompatível";"Colisão traseira";"Sem Vítimas";"Pleno dia";"Crescente";"Céu Claro";"Simples";"Reta";"Não";2;0;0;0;2;0;0;2;-19,8092;-43,1737;"SPRF-MG";"DEL03-MG";"UOP01-DEL03-MG"
102983;2018-01-12;"sexta-feira";"18:20:00";"RS";290;133,5;"ELDORADO DO SUL";"Defeito Mecânico no Veículo";"Saída de leito carroçável";"Sem Vítimas";"Pleno dia";"Crescente";"Sol";"Simples";"Declive";"Não";3;0;0;0;3;0;0;1;-30,063339;-51,541069;"SPRF-RS";"DEL02-RS";"UOP01-DEL02-RS"
102984;2018-01-12;"sexta-feira";"18:30:00";"SP";488;2,4;"APARECIDA";"Falta de Atenção à Condução";"Colisão frontal";"Com Vítimas Feridas";"Anoitecer";"Crescente";"Nublado";"Dupla";"Reta";"Sim";3;0;3;0;0;0;3;2;-22,8371729;-45,223397;"SPRF-SP";"DEL08-SP";"UOP01-DEL08-SP"
102986;2018-01-12;"sexta-feira";"16:15:00";"RJ";393;288;"VOLTA REDONDA";"Falta de Atenção do Pedestre";"Atropelamento de Pedestre";"Com Vítimas Feridas";"Pleno dia";"Decrescente";"Céu Claro";"Dupla";"Reta";"Sim";2;0;1;0;1;0;1;2;-22,5153196;-44,1018142;"SPRF-RJ";"DEL05-RJ";"UOP04-DEL05-RJ"
102988;2018-01-12;"sexta-feira";"18:15:00";"RJ";101;229,5;"SILVA JARDIM";"Pista Escorregadia";"Saída de leito carroçável";"Com Vítimas Feridas";"Pleno dia";"Crescente";"Chuva";"Dupla";"Curva";"Não";2;0;1;0;1;0;1;1;-22,56627317;-42,37323056;"SPRF-RJ";"DEL02-RJ";"UOP03-DEL02-RJ"
102990;2018-01-12;"sexta-feira";"18:30:00";"MG";381;707,7;"NEPOMUCENO";"Pista Escorregadia";"Colisão com objeto estático";"Com Vítimas Feridas";"Anoitecer";"Crescente";"Nublado";"Dupla";"Curva";"Não";5;0;2;0;3;0;2;2;-21,33356299;-45,1722029;"SPRF-MG";"DEL04-MG";"UOP02-DEL04-MG"
102991;2018-01-12;"sexta-feira";"18:15:00";"RJ";101;257,5;"RIO BONITO";"Pista Escorregadia";"Capotamento";"Sem Vítimas";"Pleno dia";"Decrescente";"Chuva";"Dupla";"Reta";"Não";1;0;0;0;1;0;0;1;-22,69934063;-42,58284053;"SPRF-RJ";"DEL02-RJ";"UOP03-DEL02-RJ"
102992;2018-01-12;"sexta-feira";"18:45:00";"SC";101;202,8;"SAO JOSE";"Falta de Atenção à Condução";"Colisão traseira";"Com Vítimas Feridas";"Pleno dia";"Decrescente";"Chuva";"Múltipla";"Reta";"Sim";2;0;1;0;1;0;1;2;-27,55878931;-48,61791482;"SPRF-SC";"DEL01-SC";"UOP01-DEL01-SC"
102993;2018-01-12;"sexta-feira";"18:15:00";"PB";230;29;"JOAO PESSOA";"Ingestão de Álcool";"Engavetamento";"Com Vítimas Feridas";"Anoitecer";"Crescente";"Céu Claro";"Dupla";"Curva";"Sim";5;0;1;0;4;0;1;4;-7,16040149;-34,90526766;"SPRF-PB";"DEL01-PB";"UOP01-DEL01-PB"
102995;2018-01-12;"sexta-feira";"18:00:00";"RN";101;95,2;"NATAL";"Não guardar distância de segurança";"Colisão traseira";"Com Vítimas Feridas";"Plena Noite";"Decrescente";"Céu Claro";"Dupla";"Reta";"Sim";3;0;1;0;2;0;1;2;-5,84248471;-35,20967995;"SPRF-RN";"DEL01-RN";"UOP01-DEL01-RN"
102997;2018-01-12;"sexta-feira";"18:30:00";"MT";70;33;"BARRA DO GARCAS";"Falta de Atenção à Condução";"Capotamento";"Sem Vítimas";"Pleno dia";"Crescente";"Céu Claro";"Simples";"Curva";"Não";2;0;0;0;2;0;0;1;-15,779749;-52,501266;"SPRF-MT";"DEL07-MT";"UOP01-DEL07-MT"
102998;2018-01-12;"sexta-feira";"19:20:00";"PR";277;724;"FOZ DO IGUACU";"Defeito Mecânico no Veículo";"Colisão traseira";"Com Vítimas Feridas";"Anoitecer";"Decrescente";"Ignorado";"Dupla";"Curva";"Sim";5;0;0;1;3;1;1;3;-25,50403371;-54,5410037;"SPRF-PR";"DEL05-PR";"UOP01-DEL05-PR"
103000;2018-01-12;"sexta-feira";"19:15:00";"RS";116;523;"PELOTAS";"Falta de Atenção à Condução";"Colisão lateral";"Com Vítimas Feridas";"Pleno dia";"Crescente";"Céu Claro";"Dupla";"Reta";"Não";2;0;1;0;1;0;1;2;-31,772423;-52,34297;"SPRF-RS";"DEL07-RS";"UOP01-DEL07-RS"
103001;2018-01-12;"sexta-feira";"12:30:00";"PE";424;39,5;"VENTUROSA";"Falta de Atenção à Condução";"Capotamento";"Com Vítimas Feridas";"Pleno dia";"Decrescente";"Sol";"Simples";"Reta";"Não";4;0;3;1;0;0;4;1;-8,6500358;-36,82817583;"SPRF-PE";"DEL03-PE";"UOP02-DEL03-PE"
103002;2018-01-12;"sexta-feira";"20:00:00";"MG";40;557;"NOVA LIMA";"Defeito Mecânico no Veículo";"Saída de leito carroçável";"Sem Vítimas";"Plena Noite";"Crescente";"Céu Claro";"Dupla";"Reta";"Sim";1;0;0;0;1;0;0;1;-20,10309025;-43,974967;"SPRF-MG";"DEL01-MG";"UOP02-DEL01-MG"
103003;2018-01-12;"sexta-feira";"19:20:00";"MT";364;214;"RONDONOPOLIS";"Falta de Atenção à Condução";"Colisão traseira";"Com Vítimas Feridas";"Anoitecer";"Crescente";"Nublado";"Dupla";"Reta";"Não";2;0;2;0;0;0;2;2;-16,392454;-54,714062;"SPRF-MT";"DEL02-MT";"UOP01-DEL02-MT"
103005;2018-01-12;"sexta-feira";"16:45:00";"RJ";116;79,6;"TERESOPOLIS";"Falta de Atenção à Condução";"Colisão transversal";"Com Vítimas Feridas";"Pleno dia";"Crescente";"Chuva";"Simples";"Curva";"Sim";2;0;1;0;0;1;1;2;-22,38661956;-42,95394659;"SPRF-RJ";"DEL04-RJ";"UOP01-DEL04-RJ"
103006;2018-01-12;"sexta-feira";"20:00:00";"MG";40;773;"JUIZ DE FORA";"Deficiência ou não Acionamento do Sistema de Iluminação/Sinalização do Veículo";"Queda de ocupante de veículo";"Com Vítimas Feridas";"Plena Noite";"Crescente";"Chuva";"Simples";"Interseção de Vias";"Não";2;0;2;0;0;0;2;1;-21,64498913;-43,43588734;"SPRF-MG";"DEL05-MG";"UOP01-DEL05-MG"
103007;2018-01-12;"sexta-feira";"09:00:00";"BA";101;702;"EUNAPOLIS";"Ultrapassagem Indevida";"Colisão lateral";"Com Vítimas Feridas";"Pleno dia";"Decrescente";"Céu Claro";"Simples";"Curva";"Não";3;0;2;0;0;1;2;2;-16,3731;-39,5751;"SPRF-BA";"DEL09-BA";"UOP01-DEL09-BA"
103009;2018-01-12;"sexta-feira";"20:20:00";"DF";20;19,4;"BRASILIA";"Falta de Atenção do Pedestre";"Atropelamento de Pedestre";"Com Vítimas Feridas";"Plena Noite";"Crescente";"Céu Claro";"Dupla";"Reta";"Não";2;0;2;0;0;0;2;2;-15,61036975;-47,69772926;"SPRF-DF";"DEL02-DF";"UOP01-DEL02-DF"
103011;2018-01-12;"sexta-feira";"17:00:00";"RN";405;166,2;"RAFAEL FERNANDES";"Avarias e/ou desgaste excessivo no pneu";"Capotamento";"Com Vítimas Feridas";"Anoitecer";"Crescente";"Céu Claro";"Simples";"Reta";"Não";6;0;3;3;0;0;6;1;-6,195134;-38,226147;"SPRF-RN";"DEL04-RN";"UOP02-DEL04-RN"
103012;2018-01-12;"sexta-feira";"19:35:00";"PB";101;58,4;"SANTA RITA";"Falta de Atenção à Condução";"Colisão transversal";"Com Vítimas Feridas";"Plena Noite";"Decrescente";"Céu Claro";"Dupla";"Retorno Regulamentado";"Não";4;0;1;1;2;0;2;2;-6,98929914;-35,0715787;"SPRF-PB";"DEL01-PB";"UOP04-DEL01-PB"
103015;2018-01-12;"sexta-feira";"20:10:00";"ES";101;145,7;"LINHARES";"Falta de Atenção à Condução";"Queda de ocupante de veículo";"Com Vítimas Feridas";"Plena Noite";"Crescente";"Céu Claro";"Múltipla";"Reta";"Sim";1;0;1;0;0;0;1;1;-19,39159;-40,072563;"SPRF-ES";"DEL04-ES";"UOP01-DEL04-ES"
103017;2018-01-12;"sexta-feira";"19:30:00";"SC";280;28;"ARAQUARI";"Não guardar distância de segurança";"Colisão traseira";"Sem Vítimas";"Anoitecer";"Decrescente";"Nublado";"Simples";"Reta";"Sim";3;0;0;0;3;0;0;3;-26,40600603;-48,74716669;"SPRF-SC";"DEL03-SC";"UOP03-DEL03-SC"