"id";"data_inversa";"dia_semana";"horario";"uf";"br";"km";"municipio";"causa_acidente";"tipo_acidente";"classificacao_acidente";"fase_dia";"sentido_via";"condicao_metereologica";"tipo_pista";"tracado_via";"uso_solo";"pessoas";"mortos";"feridos_leves";"feridos_graves";"ilesos";"ignorados";"feridos";"veiculos";"latitude";"longitude";"regional";"delegacia";"uop"
103018;2018-01-12;"sexta-feira";"19:10:00";"GO";20;42;"FORMOSA";"Objeto estático sobre o leito carroçável";"Colisão traseira";"Sem Vítimas";"Plena Noite";"Decrescente";"Chuva";"Simples";"Reta";"Não";2;0;0;0;2;0;0;2;-15,39234;-47,100006;"SPRF-DF";"DEL02-DF";"UOP01-DEL02-DF"
103019;2018-01-12;"sexta-feira";"10:20:00";"AP";210;0,7;"MACAPA";"Falta de Atenção à Condução";"Colisão lateral";"Com Vítimas Feridas";"Pleno dia";"Decrescente";"Sol";"Dupla";"Reta";"Sim";2;0;1;0;0;1;1;2;0,0773978;-51,06784344;"SPRF-AP";"DEL01-AP";"UOP01-DEL01-AP"
103020;2018-01-12;"sexta-feira";"20:30:00";"MS";163;476,3;"CAMPO GRANDE";"Animais na Pista";"Atropelamento de Animal";"Com Vítimas Feridas";"Plena Noite";"Decrescente";"Nublado";"Simples";"Reta";"Sim";1;0;1;0;0;0;1;1;-20,50999771;-54,55879211;"SPRF-MS";"DEL01-MS";"UOP01-DEL01-MS"
103021;2018-01-12;"sexta-feira";"19:20:00";"SP";116;159;"JACAREI";"Ingestão de Álcool";"Colisão com objeto estático";"Com Vítimas Feridas";"Anoitecer";"Crescente";"Céu Claro";"Simples";"Reta";"Sim";1;0;1;0;0;0;1;1;-23,26353898;-45,95660633;"SPRF-SP";"DEL02-SP";"UOP01-DEL02-SP"
103024;2018-01-12;"sexta-feira";"19:50:00";"MT";364;283;"JACIARA";"Pista Escorregadia";"Capotamento";"Sem Vítimas";"Anoitecer";"Decrescente";"Chuva";"Dupla";"Reta";"Não";1;0;0;0;1;0;0;1;-15,91159121;-55,03947669;"SPRF-MT";"DEL02-MT";"UOP02-DEL05-MT"
103026;2018-01-12;"sexta-feira";"21:35:00";"RS";101;6,8;"TORRES";"Falta de Atenção à Condução";"Colisão lateral";"Sem Vítimas";"Plena Noite";"Crescente";"Chuva";"Dupla";"Retorno Regulamentado";"Não";2;0;0;0;2;0;0;2;-29,35296072;-49,79889572;"SPRF-RS";"DEL03-RS";"DEL9/3-UOP03/RS"
103028;2018-01-12;"sexta-feira";"07:30:00";"CE";20;423,5;"MARACANAU";"Falta de Atenção à Condução";"Engavetamento";"Com Vítimas Feridas";"Pleno dia";"Crescente";"Céu Claro";"Múltipla";"Reta";"Sim";4;0;1;0;2;1;1;4;-3,85639752;-38,55197855;"SPRF-CE";"DEL01-CE";"UOP02-DEL01-CE"
103033;2018-01-12;"sexta-feira";"22:40:00";"SC";101;403;"MARACAJA";"Falta de Atenção à Condução";"Colisão transversal";"Com Vítimas Feridas";"Plena Noite";"Decrescente";"Chuva";"Simples";"Reta";"Sim";2;0;1;0;1;0;1;2;-28,8806;-49,4591;"SPRF-SC";"DEL02-SC";"UOP02-DEL02-SC"
103034;2018-01-12;"sexta-feira";"21:57:00";"PR";153;88,4;"JAPIRA";"Objeto estático sobre o leito carroçável";"Saída de leito carroçável";"Com Vítimas Feridas";"Plena Noite";"Decrescente";"Chuva";"Simples";"Reta";"Não";2;0;2;0;0;0;2;1;-23,67207226;-50,16133547;"SPRF-PR";"DEL07-PR";"DEL7/7-UOP08/PR"
103035;2018-01-12;"sexta-feira";"19:15:00";"PE";232;28;"MORENO";"Restrição de Visibilidade";"Colisão com objeto em movimento";"Com Vítimas Feridas";"Plena Noite";"Decrescente";"Ignorado";"Dupla";"Reta";"Não";1;0;1;0;0;0;1;1;-8,112907;-35,13443;"SPRF-PE";"DEL01-PE";"UOP02-DEL02PE"
103036;2018-01-12;"sexta-feira";"19:15:00";"PE";232;28;"MORENO";"Objeto estático sobre o leito carroçável";"Danos eventuais";"Sem Vítimas";"Pleno dia";"Decrescente";"Ignorado";"Dupla";"Reta";"Não";1;0;0;0;1;0;0;1;-8,112907;-35,13443;"SPRF-PE";"DEL01-PE";"UOP02-DEL02PE"
103038;2018-01-12;"sexta-feira";"23:15:00";"ES";101;299,4;"VIANA";"Velocidade Incompatível";"Colisão com objeto estático";"Com Vítimas Feridas";"Plena Noite";"Decrescente";"Céu Claro";"Dupla";"Reta";"Sim";2;0;0;2;0;0;2;1;-20,35813633;-40,42636424;"SPRF-ES";"DEL01-ES";"UOP01-DEL01-ES"
103039;2018-01-12;"sexta-feira";"22:40:00";"SC";470;92;"ASCURRA";"Falta de Atenção à Condução";"Colisão frontal";"Sem Vítimas";"Plena Noite";"Decrescente";"Céu Claro";"Simples";"Interseção de Vias";"Não";2;0;0;0;2;0;0;2;-26,97273962;-49,36680794;"SPRF-SC";"DEL04-SC";"UOP01-DEL04-SC"
103040;2018-01-10;"quarta-feira";"09:10:00";"RS";471;572;"SANTA VITORIA DO PALMAR";"Falta de Atenção à Condução";"Saída de leito carroçável";"Com Vítimas Feridas";"Pleno dia";"Decrescente";"Chuva";"Simples";"Reta";"Não";2;0;1;0;1;0;1;1;-33,00354;-52,827168;"SPRF-RS";"DEL07-RS";"UOP04-DEL07-RS"
103041;2018-01-12;"sexta-feira";"23:05:00";"PR";277;233,5;"FERNANDES PINHEIRO";"Desobediência às normas de trânsito pelo condutor";"Colisão lateral";"Sem Vítimas";"Plena Noite";"Crescente";"Nublado";"Simples";"Rotatória";"Não";2;0;0;0;2;0;0;2;-25,46388462;-50,56036949;"SPRF-PR";"DEL03-PR";"UOP02-DEL08-PR"
103043;2018-01-12;"sexta-feira";"23:00:00";"PE";101;98;"CABO DE SANTO AGOSTINHO";"Defeito Mecânico no Veículo";"Incêndio";"Sem Vítimas";"Plena Noite";"Crescente";"Ignorado";"Dupla";"Reta";"Sim";1;0;0;0;1;0;0;1;-8,257218;-35,040382;"SPRF-PE";"DEL01-PE";"UOP03-DEL01-PE"
103044;2018-01-13;"sábado";"00:00:00";"PR";277;730;"FOZ DO IGUACU";"Falta de Atenção à Condução";"Colisão com objeto estático";"Sem Vítimas";"Plena Noite";"Crescente";"Ignorado";"Simples";"Curva";"Sim";1;0;0;0;1;0;0;1;-25,50960151;-54,59793091;"SPRF-PR";"DEL05-PR";"UOP03-DEL05-PR"
103045;2018-01-13;"sábado";"00:05:00";"SP";381;48;"ATIBAIA";"Condutor Dormindo";"Colisão com objeto estático";"Sem Vítimas";"Plena Noite";"Crescente";"Chuva";"Dupla";"Reta";"Não";1;0;0;0;1;0;0;1;-23,20632518;-46,59061432;"SPRF-SP";"DEL03-SP";"UOP01-DEL03-SP"
103047;2018-01-12;"sexta-feira";"18:30:00";"RO";364;424,9;"JARU";"Falta de Atenção à Condução";"Colisão transversal";"Com Vítimas Feridas";"Anoitecer";"Crescente";"Nublado";"Simples";"Interseção de Vias";"Sim";2;0;1;0;1;0;1;2;-10,43822481;-62,47055769;"SPRF-RO";"DEL03-RO";"UOP02-DEL03-RO"
103048;2018-01-12;"sexta-feira";"23:20:00";"SC";101;345,4;"TUBARAO";"Avarias e/ou desgaste excessivo no pneu";"Saída de leito carroçável";"Com Vítimas Feridas";"Plena Noite";"Decrescente";"Chuva";"Dupla";"Curva";"Não";2;0;2;0;0;0;2;1;-28,54945988;-49,05332744;"SPRF-SC";"DEL02-SC";"UOP01-DEL02-SC"
103050;2018-01-12;"sexta-feira";"22:25:00";"SC";282;219,8;"LAGES";"Ingestão de Álcool";"Colisão transversal";"Sem Vítimas";"Plena Noite";"Crescente";"Céu Claro";"Simples";"Reta";"Sim";2;0;0;0;2;0;0;2;-27,79417381;-50,33175945;"SPRF-SC";"DEL05-SC";"UOP01-DEL05-SC"
103052;2018-01-12;"sexta-feira";"23:40:00";"RS";386;81,5;"BOA VISTA DAS MISSOES";"Animais na Pista";"Atropelamento de Animal";"Sem Vítimas";"Plena Noite";"Decrescente";"Céu Claro";"Simples";"Reta";"Não";1;0;0;0;1;0;0;1;-27,72630038;-53,23405713;"SPRF-RS";"DEL08-RS";"UOP02-DEL08-RS"
103053;2018-01-12;"sexta-feira";"23:30:00";"BA";415;25;"ILHEUS";"Animais na Pista";"Capotamento";"Com Vítimas Feridas";"Plena Noite";"Crescente";"Céu Claro";"Simples";"Reta";"Não";1;0;1;0;0;0;1;1;-14,794952;-39,191675;"SPRF-BA";"DEL05-BA";"UOP01-DEL05-BA"
103057;2018-01-13;"sábado";"00:00:00";"MG";116;151;"PONTO DOS VOLANTES";"Ingestão de Álcool";"Queda de ocupante de veículo";"Com Vítimas Feridas";"Plena Noite";"Crescente";"Céu Claro";"Simples";"Reta";"Não";2;0;2;0;0;0;2;1;-16,753242;-41,504513;"SPRF-MG";"DEL11-MG";"UOP02-DEL11-MG"
103058;2018-01-13;"sábado";"02:20:00";"PE";232;198;"SANHARO";"Falta de Atenção à Condução";"Colisão transversal";"Com Vítimas Feridas";"Plena Noite";"Crescente";"Nublado";"Simples";"Reta";"Não";3;0;1;1;0;1;2;2;-8,37078051;-36,61391319;"SPRF-PE";"DEL02-PE";"UOP03-DEL02-PE"
103059;2018-01-12;"sexta-feira";"23:30:00";"RS";287;447,1;"UNISTALDA";"Falta de Atenção à Condução";"Saída de leito carroçável";"Com Vítimas Feridas";"Plena Noite";"Crescente";"Céu Claro";"Simples";"Curva";"Não";1;0;0;1;0;0;1;1;-29,01940863;-55,2654174;"SPRF-RS";"DEL12-RS";"UOP02-DEL12-RS"
103061;2018-01-12;"sexta-feira";"22:00:00";"SC";470;336;"CAMPOS NOVOS";"Ingestão de Álcool";"Colisão frontal";"Com Vítimas Feridas";"Plena Noite";"Decrescente";"Céu Claro";"Simples";"Reta";"Não";4;0;4;0;0;0;4;2;-27,504814;-51,344204;"SPRF-SC";"DEL07-SC";"UOP06-DEL07-SC"
103065;2018-01-13;"sábado";"02:25:00";"BA";324;542,8;"AMELIA RODRIGUES";"Falta de Atenção à Condução";"Tombamento";"Com Vítimas Feridas";"Plena Noite";"Decrescente";"Céu Claro";"Dupla";"Curva";"Sim";5;0;1;0;4;0;1;1;-12,4028;-38,7551;"SPRF-BA";"DEL01-BA";"UOP01-DEL01-BA"
103066;2018-01-13;"sábado";"02:15:00";"RS";470;153,7;"NOVA PRATA";"Ingestão de Álcool";"Colisão transversal";"Com Vítimas Feridas";"Plena Noite";"Decrescente";"Céu Claro";"Simples";"Reta";"Não";4;0;1;1;2;0;2;2;-28,76222307;-51,62585557;"SPRF-RS";"DEL06-RS";"UOP02-DEL06-RS"
103068;2018-01-13;"sábado";"03:30:00";"PR";277;671,3;"MEDIANEIRA";"Falta de Atenção à Condução";"Colisão com objeto estático";"Com Vítimas Feridas";"Plena Noite";"Crescente";"Nublado";"Dupla";"Reta";"Sim";2;0;1;0;0;1;1;1;-25,28563017;-54,09036929;"SPRF-PR";"DEL05-PR";"UOP02-DEL05-PR"
103070;2018-01-13;"sábado";"05:00:00";"PR";369;190,2;"ARAPONGAS";"Falta de Atenção à Condução";"Colisão traseira";"Com Vítimas Feridas";"Plena Noite";"Crescente";"Nublado";"Dupla";"Reta";"Não";5;0;2;3;0;0;5;2;-23,45467883;-51,42351952;"SPRF-PR";"DEL07-PR";"UOP03-DEL07-PR"
103072;2018-01-13;"sábado";"05:00:00";"SC";470;46;"BLUMENAU";"Condutor Dormindo";"Colisão frontal";"Com Vítimas Feridas";"Plena Noite";"Crescente";"Nublado";"Simples";"Em Obras;Reta";"Não";3;0;1;2;0;0;3;2;-26,87073987;-49,02139666;"SPRF-SC";"DEL04-SC";"UOP01-DEL04-SC"
103074;2018-01-13;"sábado";"02:50:00";"MT";70;3,7;"BARRA DO GARCAS";"Ingestão de Álcool";"Colisão com objeto estático";"Sem Vítimas";"Plena Noite";"Decrescente";"Céu Claro";"Dupla";"Rotatória";"Sim";1;0;0;0;1;0;0;1;-15,8798021;-52,28261957;"SPRF-MT";"DEL07-MT";"UOP01-DEL07-MT"
103075;2018-01-13;"sábado";"04:45:00";"RS";285;565,7;"SAO LUIZ GONZAGA";"Ingestão de Álcool";"Colisão lateral";"Com Vítimas Feridas";"Plena Noite";"Crescente";"Céu Claro";"Simples";"Reta;Declive";"Sim";7;0;1;0;5;1;1;3;-28,419337;-54,95388284;"SPRF-RS";"DEL10-RS";"UOP01-DEL10-RS"
103076;2018-01-13;"sábado";"03:50:00";"AP";210;3;"MACAPA";"Falta de Atenção à Condução";"Atropelamento de Pedestre";"Com Vítimas Feridas";"Plena Noite";"Crescente";"Chuva";"Dupla";"Reta";"Sim";2;0;1;0;0;1;1;2;0,087255;-51,085796;"SPRF-AP";"DEL01-AP";"UOP01-DEL01-AP"
103077;2018-01-13;"sábado";"04:30:00";"MS";262;743,9;"CORUMBA";"Condutor Dormindo";"Saída de leito carroçável";"Com Vítimas Feridas";"Plena Noite";"Decrescente";"Nublado";"Simples";"Reta";"Não";1;0;1;0;0;0;1;1;-19,27114394;-57,63773007;"SPRF-MS";"DEL03-MS";"UOP03-DEL03-MS"
103079;2018-01-13;"sábado";"04:15:00";"SC";280;124,8;"RIO NEGRINHO";"Ingestão de Álcool";"Colisão traseira";"Sem Vítimas";"Plena Noite";"Decrescente";"Nublado";"Simples";"Reta";"Sim";2;0;0;0;2;0;0;2;-26,23946984;-49,47937757;"SPRF-SC";"DEL06-SC";"UOP03-DEL06-SC"
103080;2018-01-13;"sábado";"05:50:00";"SC";101;133;"BALNEARIO CAMBORIU";"Falta de Atenção à Condução";"Queda de ocupante de veículo";"Com Vítimas Feridas";"Amanhecer";"Crescente";"Céu Claro";"Simples";"Reta";"Sim";2;0;2;0;0;0;2;1;-27,0021;-48,6362;"SPRF-SC";"DEL04-SC";"UOP03-DEL04-SC"
103081;2018-01-13;"sábado";"05:00:00";"GO";40;27,8;"LUZIANIA";"Restrição de Visibilidade";"Colisão traseira";"Com Vítimas Feridas";"Amanhecer";"Decrescente";"Céu Claro";"Simples";"Reta";"Não";2;0;1;0;1;0;1;2;-16,26944558;-47,88129118;"SPRF-DF";"DEL01-DF";"UOP01-DEL01-DF"
103082;2018-01-13;"sábado";"05:15:00";"SC";101;110,8;"ITAJAI";"Condutor Dormindo";"Colisão traseira";"Com Vítimas Feridas";"Plena Noite";"Crescente";"Nublado";"Dupla";"Reta";"Não";2;0;1;0;1;0;1;2;-26,83586391;-48,70776635;"SPRF-SC";"DEL04-SC";"UOP04-DEL04-SC"
103083;2018-01-13;"sábado";"06:00:00";"SP";153;64;"SAO JOSE DO RIO PRETO";"Ingestão de Álcool";"Saída de leito carroçável";"Sem Vítimas";"Plena Noite";"Decrescente";"Céu Claro";"Dupla";"Curva";"Sim";1;0;0;0;0;1;0;1;-20,829193;-49,360462;"SPRF-SP";"DEL09-SP";"UOP01-DEL09-SP"
103085;2018-01-13;"sábado";"04:53:00";"MT";70;522;"VARZEA GRANDE";"Ingestão de Álcool";"Queda de ocupante de veículo";"Com Vítimas Feridas";"Amanhecer";"Crescente";"Céu Claro";"Simples";"Reta";"Não";1;0;0;1;0;0;1;1;-15,6478;-56,1332;"SPRF-MT";"DEL01-MT";"DEL2/4-UOP02/MT"
103087;2018-01-13;"sábado";"07:00:00";"MG";40;527;"CONTAGEM";"Velocidade Incompatível";"Capotamento";"Sem Vítimas";"Pleno dia";"Decrescente";"Céu Claro";"Múltipla";"Reta";"Sim";1;0;0;0;1;0;0;1;-19,90478309;-44,04813107;"SPRF-MG";"DEL01-MG";"UOP03-DEL01-MG"
103088;2018-01-13;"sábado";"01:30:00";"MA";316;304;"PIO XII";"Falta de Atenção à Condução";"Colisão frontal";"Com Vítimas Feridas";"Plena Noite";"Decrescente";"Céu Claro";"Simples";"Reta";"Não";2;0;0;1;0;1;1;2;-3,94295001;-45,14273643;"SPRF-MA";"DEL02-MA";"UI04-DEL02-MA"
103089;2018-01-13;"sábado";"06:45:00";"DF";60;9,5;"BRASILIA";"Falta de Atenção à Condução";"Colisão traseira";"Sem Vítimas";"Amanhecer";"Decrescente";"Céu Claro";"Dupla";"Reta";"Não";5;0;0;0;5;0;0;2;-15,90779529;-48,144794;"SPRF-DF";"DEL01-DF";"UOP01-DEL03-DF"
103091;2018-01-13;"sábado";"04:19:00";"MA";222;670;"ACAILANDIA";"Ingestão de Álcool";"Colisão com objeto estático";"Sem Vítimas";"Plena Noite";"Decrescente";"Céu Claro";"Simples";"Reta";"Sim";1;0;0;0;1;0;0;1;-4,95394;-47,5019;"SPRF-MA";"DEL04-MA";"UOP03-DEL04-MA"
103094;2018-01-13;"sábado";"06:55:00";"SP";116;482;"CAJATI";"Falta de Atenção à Condução";"Capotamento";"Sem Vítimas";"Pleno dia";"Crescente";"Céu Claro";"Dupla";"Reta";"Não";1;0;0;0;1;0;0;1;-24,73659;-48,12319;"SPRF-SP";"DEL05-SP";"UAP01-DEL05-SP"
103097;2018-01-13;"sábado";"07:05:00";"PR";369;188,6;"ARAPONGAS";"Ingestão de Álcool";"Saída de leito carroçável";"Com Vítimas Feridas";"Pleno dia";"Decrescente";"Garoa/Chuvisco";"Dupla";"Reta";"Sim";2;0;1;1;0;0;2;1;-23,43891935;-51,42224818;"SPRF-PR";"DEL07-PR";"UOP03-DEL07-PR"
103098;2018-01-13;"sábado";"06:00:00";"CE";20;201;"BOA VIAGEM";"Não guardar distância de segurança";"Colisão traseira";"Com Vítimas Feridas";"Pleno dia";"Crescente";"Céu Claro";"Simples";"Curva";"Sim";3;0;3;0;0;0;3;2;-5,127904;-39,732544;"SPRF-CE";"DEL02-CE";"UOP02-DEL02-CE"
103102;2018-01-13;"sábado";"01:30:00";"MG";381;729,7;"CARMO DA CACHOEIRA";"Pista Escorregadia";"Colisão com objeto estático";"Com Vítimas Feridas";"Plena Noite";"Decrescente";"Nublado";"Dupla";"Curva";"Não";4;0;1;0;3;0;1;1;-21,500435;-45,214079;"SPRF-MG";"DEL04-MG";"UOP02-DEL04-MG"
103105;2018-01-13;"sábado";"05:30:00";"MT";70;693,3;"CACERES";"Falta de Atenção à Condução";"Colisão com objeto estático";"Sem Vítimas";"Amanhecer";"Crescente";"Nublado";"Simples";"Reta";"Não";2;0;0;0;2;0;0;1;-16,246065;-57,452826;"SPRF-MT";"DEL03-MT";"UOP01-DEL03-MT"
103106;2018-01-13;"sábado";"08:20:00";"MG";50;40;"ARAGUARI";"Desobediência às normas de trânsito pelo condutor";"Colisão com objeto estático";"Sem Vítimas";"Pleno dia";"Decrescente";"Céu Claro";"Dupla";"Retorno Regulamentado";"Não";1;0;0;0;1;0;0;1;-18,68658668;-48,17923173;"SPRF-MG";"DEL15-MG";"UOP02-DEL15-MG"
103108;2018-01-13;"sábado";"06:00:00";"MG";116;370;"FREI INOCENCIO";"Falta de Atenção à Condução";"Colisão transversal";"Com Vítimas Feridas";"Pleno dia";"Decrescente";"Céu Claro";"Simples";"Reta";"Não";3;0;0;1;2;0;1;2;-18,53621685;-41,89284995;"SPRF-MG";"DEL11-MG";"UOP01-DEL11-MG"
103109;2018-01-13;"sábado";"07:30:00";"GO";60;49,8;"APARECIDA DE GOIANIA";"Desobediência às normas de trânsito pelo condutor";"Colisão traseira";"Com Vítimas Feridas";"Pleno dia";"Crescente";"Sol";"Dupla";"Reta;Aclive";"Sim";2;0;1;0;1;0;1;2;-16,78711607;-49,24540311;"SPRF-GO";"DEL01-GO";"UOP03-DEL01-GO"
103110;2018-01-13;"sábado";"08:26:00";"PR";277;687;"SAO MIGUEL DO IGUACU";"Falta de Atenção à Condução";"Colisão traseira";"Sem Vítimas";"Pleno dia";"Crescente";"Nublado";"Dupla";"Reta";"Sim";2;0;0;0;2;0;0;2;-25,343779;-54,224457;"SPRF-PR";"DEL05-PR";"UOP01-DEL05-PR"
103111;2018-01-13;"sábado";"08:15:00";"MG";381;744;"TRES CORACOES";"Falta de Atenção à Condução";"Saída de leito carroçável";"Com Vítimas Feridas";"Pleno dia";"Decrescente";"Sol";"Dupla";"Reta";"Não";3;0;0;2;1;0;2;1;-21,61847942;-45,25310934;"SPRF-MG";"DEL16-MG";"UOP02-DEL16-MG"
103112;2018-01-13;"sábado";"06:30:00";"PA";10;355;"SANTA MARIA DO PARA";"Desobediência às normas de trânsito pelo condutor";"Colisão transversal";"Com Vítimas Feridas";"Pleno dia";"Crescente";"Céu Claro";"Dupla";"Rotatória";"Sim";3;0;3;0;0;0;3;2;-1,33945899;-47,58075714;"SPRF-PA";"DEL01-PA";"UOP02-DEL01-PA"
103114;2018-01-13;"sábado";"08:25:00";"RJ";116;171,4;"SAO JOAO DE MERITI";"Avarias e/ou desgaste excessivo no pneu";"Queda de ocupante de veículo";"Com Vítimas Feridas";"Pleno dia";"Decrescente";"Céu Claro";"Múltipla";"Reta";"Sim";2;0;0;2;0;0;2;1;-22,80434722;-43,3458931;"SPRF-RJ";"DEL01-RJ";"UOP02-DEL01-RJ"
103115;2018-01-13;"sábado";"08:30:00";"PR";116;111;"CURITIBA";"Avarias e/ou desgaste excessivo no pneu";"Queda de ocupante de veículo";"Com Vítimas Feridas";"Pleno dia";"Crescente";"Nublado";"Dupla";"Reta";"Não";2;0;2;0;0;0;2;1;-25,54801007;-49,28736448;"SPRF-PR";"DEL01-PR";"UOP01-DEL01-PR"
103117;2018-01-13;"sábado";"08:00:00";"SC";101;160;"TIJUCAS";"Ultrapassagem Indevida";"Colisão com objeto estático";"Sem Vítimas";"Pleno dia";"Crescente";"Céu Claro";"Dupla";"Reta";"Não";1;0;0;0;1;0;0;1;-27,2154;-48,6234;"SPRF-SC";"DEL04-SC";"UOP03-DEL04-SC"
103119;2018-01-13;"sábado";"07:50:00";"RS";116;38,1;"VACARIA";"Condutor Dormindo";"Colisão frontal";"Com Vítimas Feridas";"Pleno dia";"Decrescente";"Céu Claro";"Simples";"Reta";"Sim";2;0;1;0;1;0;1;2;-28,50741457;-50,92728764;"SPRF-RS";"DEL05-RS";"UOP03-DEL05-RS"
103120;2018-01-13;"sábado";"13:45:00";"SC";470;136;"RIO DO SUL";"Falta de Atenção à Condução";"Colisão transversal";"Com Vítimas Feridas";"Pleno dia";"Crescente";"Céu Claro";"Simples";"Reta";"Não";3;0;0;1;2;0;1;2;-27,17547651;-49,59082603;"SPRF-SC";"DEL04-SC";"UOP02-DEL04-SC"
103121;2018-01-13;"sábado";"08:00:00";"BA";101;754,3;"ITABELA";"Defeito na Via";"Saída de leito carroçável";"Com Vítimas Feridas";"Pleno dia";"Crescente";"Céu Claro";"Simples";"Reta";"Não";5;0;2;3;0;0;5;1;-16,63411892;-39,52003086;"SPRF-BA";"DEL09-BA";"UOP01-DEL09-BA"
103124;2018-01-13;"sábado";"09:15:00";"ES";262;6,8;"CARIACICA";"Falta de Atenção do Pedestre";"Atropelamento de Pedestre";"Com Vítimas Feridas";"Pleno dia";"Decrescente";"Céu Claro";"Múltipla";"Reta";"Sim";2;0;1;1;0;0;2;2;-20,34274077;-40,40069014;"SPRF-ES";"DEL01-ES";"UOP01-DEL01-ES"
103127;2018-01-13;"sábado";"10:10:00";"RJ";40;35,3;"AREAL";"Mal Súbito";"Saída de leito carroçável";"Com Vítimas Feridas";"Pleno dia";"Decrescente";"Céu Claro";"Dupla";"Reta";"Não";1;0;0;1;0;0;1;1;-22,21102702;-43,13444048;"SPRF-RJ";"DEL06-RJ";"UOP02-DEL05-RJ"
103128;2018-01-13;"sábado";"09:10:00";"CE";20;394,8;"CAUCAIA";"Falta de Atenção à Condução";"Saída de leito carroçável";"Com Vítimas Feridas";"Pleno dia";"Decrescente";"Nublado";"Simples";"Reta";"Não";4;0;3;0;1;0;3;1;-3,825608;-38,750574;"SPRF-CE";"DEL01-CE";"UOP01-DEL01-CE"
103129;2018-01-13;"sábado";"09:50:00";"SC";282;189,3;"LAGES";"Não guardar distância de segurança";"Colisão traseira";"Sem Vítimas";"Pleno dia";"Crescente";"Céu Claro";"Simples";"Reta";"Não";3;0;0;0;3;0;0;3;-27,7371977;-50,02988756;"SPRF-SC";"DEL05-SC";"UOP01-DEL05-SC"
103130;2018-01-13;"sábado";"09:40:00";"RS";392;23,9;"RIO GRANDE";"Defeito Mecânico no Veículo";"Colisão com objeto estático";"Com Vítimas Feridas";"Pleno dia";"Decrescente";"Céu Claro";"Dupla";"Reta";"Sim";3;0;1;0;2;0;1;1;-32,0861299;-52,2372924;"SPRF-RS";"DEL07-RS";"UOP02-DEL07-RS"
103131;2018-01-13;"sábado";"10:30:00";"PR";369;368;"CAMPO MOURAO";"Velocidade Incompatível";"Saída de leito carroçável";"Com Vítimas Feridas";"Pleno dia";"Crescente";"Chuva";"Simples";"Curva";"Não";1;0;0;1;0;0;1;1;-24,13706213;-52,44084729;"SPRF-PR";"DEL04-PR";"UOP03-DEL09-PR"
103132;2018-01-13;"sábado";"08:30:00";"MT";364;223,2;"RONDONOPOLIS";"Não guardar distância de segurança";"Capotamento";"Sem Vítimas";"Pleno dia";"Decrescente";"Céu Claro";"Dupla";"Aclive";"Não";2;0;0;0;2;0;0;1;-16,32218272;-54,75185956;"SPRF-MT";"DEL02-MT";"UOP01-DEL02-MT"
103133;2018-01-13;"sábado";"09:30:00";"PE";101;43,3;"IGARASSU";"Falta de Atenção do Pedestre";"Atropelamento de Pedestre";"Com Vítimas Fatais";"Pleno dia";"Decrescente";"Sol";"Múltipla";"Reta";"Não";2;1;0;0;1;0;0;2;-7,85171952;-34,90915008;"SPRF-PE";"DEL01-PE";"UOP02-DEL01-PE"
103136;2018-01-13;"sábado";"10:30:00";"MG";40;777,9;"JUIZ DE FORA";"Velocidade Incompatível";"Saída de leito carroçável";"Com Vítimas Feridas";"Pleno dia";"Decrescente";"Céu Claro";"Dupla";"Curva";"Não";1;0;1;0;0;0;1;1;-21,68134774;-43,45136225;"SPRF-MG";"DEL05-MG";"UOP01-DEL05-MG"
103137;2018-01-13;"sábado";"09:45:00";"AL";316;242;"ATALAIA";"Falta de Atenção à Condução";"Colisão transversal";"Com Vítimas Feridas";"Pleno dia";"Decrescente";"Céu Claro";"Simples";"Rotatória";"Sim";2;0;0;1;1;0;1;2;-9,502378;-36,023075;"SPRF-AL";"DEL01-AL";"UOP01-DEL01-AL"
103138;2018-01-13;"sábado";"09:00:00";"RO";364;367;"OURO PRETO DO OESTE";"Avarias e/ou desgaste excessivo no pneu";"Saída de leito carroçável";"Com Vítimas Feridas";"Pleno dia";"Crescente";"Céu Claro";"Simples";"Reta";"Não";2;0;1;0;0;1;1;2;-10,76727;-62,119099;"SPRF-RO";"DEL02-RO";"UOP01-DEL02-RO"
103139;2018-01-13;"sábado";"09:00:00";"MT";163;834;"SINOP";"Falta de Atenção à Condução";"Queda de ocupante de veículo";"Com Vítimas Feridas";"Pleno dia";"Crescente";"Céu Claro";"Dupla";"Reta";"Sim";1;0;1;0;0;0;1;1;-11,864589;-55,502926;"SPRF-MT";"DEL06-MT";"UOP01-DEL06-MT"
103140;2018-01-13;"sábado";"10:00:00";"MT";70;39,2;"BARRA DO GARCAS";"Falta de Atenção à Condução";"Saída de leito carroçável";"Sem Vítimas";"Pleno dia";"Decrescente";"Céu Claro";"Simples";"Reta";"Não";1;0;0;0;1;0;0;1;-15,77758022;-52,55644155;"SPRF-MT";"DEL07-MT";"UOP01-DEL07-MT"
103141;2018-01-13;"sábado";"08:20:00";"CE";116;480,5;"MILAGRES";"Desobediência às normas de trânsito pelo condutor";"Colisão transversal";"Com Vítimas Feridas";"Pleno dia";"Crescente";"Céu Claro";"Simples";"Reta";"Não";3;0;1;1;1;0;2;2;-7,30877226;-38,93138409;"SPRF-CE";"DEL05-CE";"UOP03-DEL05-CE"