"id";"data_inversa";"dia_semana";"horario";"uf";"br";"km";"municipio";"causa_acidente";"tipo_acidente";"classificacao_acidente";"fase_dia";"sentido_via";"condicao_metereologica";"tipo_pista";"tracado_via";"uso_solo";"pessoas";"mortos";"feridos_leves";"feridos_graves";"ilesos";"ignorados";"feridos";"veiculos";"latitude";"longitude";"regional";"delegacia";"uop"
103573;2018-01-14;"domingo";"19:45:00";"CE";20;404,5;"CAUCAIA";"Falta de Atenção do Pedestre";"Atropelamento de Pedestre";"Com Vítimas Fatais";"Plena Noite";"Crescente";"Céu Claro";"Simples";"Reta";"Não";2;1;0;0;1;0;0;2;-3,77546734;-38,68074775;"SPRF-CE";"DEL01-CE";"UOP01-DEL01-CE"
103575;2018-01-14;"domingo";"20:40:00";"MG";40;276;"TRES MARIAS";"Restrição de Visibilidade";"Atropelamento de Pedestre";"Com Vítimas Feridas";"Plena Noite";"Decrescente";"Ignorado";"Simples";"Declive;Reta";"Não";2;0;0;1;1;0;1;2;-18,206104;-45,231159;"SPRF-MG";"DEL14-MG";"UOP02-DEL14-MG"
103576;2018-01-14;"domingo";"20:15:00";"PR";116;16;"COLOMBO";"Não guardar distância de segurança";"Colisão traseira";"Sem Vítimas";"Plena Noite";"Crescente";"Chuva";"Dupla";"Em Obras;Reta";"Sim";3;0;0;0;3;0;0;2;-25,3874;-49,1774;"SPRF-PR";"DEL01-PR";"UOP02-DEL01-PR"
103577;2018-01-14;"domingo";"21:00:00";"PR";277;721,1;"FOZ DO IGUACU";"Falta de Atenção à Condução";"Saída de leito carroçável";"Com Vítimas Feridas";"Plena Noite";"Crescente";"Céu Claro";"Dupla";"Retorno Regulamentado;Reta";"Sim";1;0;1;0;0;0;1;1;-25,49153731;-54,51279977;"SPRF-PR";"DEL05-PR";"UOP01-DEL05-PR"
103579;2018-01-14;"domingo";"20:30:00";"MT";163;840;"SINOP";"Sinalização da via insuficiente ou inadequada";"Tombamento";"Com Vítimas Feridas";"Plena Noite";"Decrescente";"Nublado";"Simples";"Reta";"Sim";1;0;1;0;0;0;1;1;-11,864589;-55,502926;"SPRF-MT";"DEL06-MT";"UOP02-DEL06-MT"
103581;2018-01-14;"domingo";"21:45:00";"RS";293;53;"CERRITO";"Não guardar distância de segurança";"Colisão traseira";"Sem Vítimas";"Plena Noite";"Crescente";"Garoa/Chuvisco";"Simples";"Declive;Reta";"Não";2;0;0;0;2;0;0;2;-31,727226;-52,857616;"SPRF-RS";"DEL07-RS";"UOP01-DEL07-RS"
103582;2018-01-14;"domingo";"22:00:00";"GO";153;496;"GOIANIA";"Velocidade Incompatível";"Colisão traseira";"Sem Vítimas";"Plena Noite";"Crescente";"Nublado";"Dupla";"Reta";"Sim";2;0;0;0;2;0;0;2;-16,67231665;-49,22853738;"SPRF-GO";"DEL01-GO";"UOP01-DEL01-GO"
103584;2018-01-14;"domingo";"21:40:00";"SC";101;173;"TIJUCAS";"Velocidade Incompatível";"Saída de leito carroçável";"Com Vítimas Feridas";"Pleno dia";"Decrescente";"Chuva";"Dupla";"Reta";"Não";1;0;1;0;0;0;1;1;-27,3307;-48,6267;"SPRF-SC";"DEL04-SC";"UOP03-DEL04-SC"
103586;2018-01-14;"domingo";"21:50:00";"MG";116;524;"CARATINGA";"Ingestão de Álcool";"Tombamento";"Com Vítimas Feridas";"Plena Noite";"Crescente";"Céu Claro";"Simples";"Reta";"Não";1;0;0;1;0;0;1;1;-19,7902;-42,139526;"SPRF-MG";"DEL06-MG";"UOP02-DEL06-MG"
103587;2018-01-14;"domingo";"21:15:00";"RS";386;301;"POUSO NOVO";"Objeto estático sobre o leito carroçável";"Colisão com objeto estático";"Com Vítimas Feridas";"Plena Noite";"Crescente";"Céu Claro";"Simples";"Reta";"Não";2;0;1;0;1;0;1;1;-29,17058;-52,220757;"SPRF-RS";"DEL04-RS";"UOP01-DEL04-RS"
103588;2018-01-14;"domingo";"21:25:00";"CE";116;17,9;"EUSEBIO";"Ingestão de Álcool";"Saída de leito carroçável";"Com Vítimas Feridas";"Plena Noite";"Decrescente";"Céu Claro";"Dupla";"Reta";"Sim";5;0;1;0;4;0;1;1;-3,90433146;-38,50475085;"SPRF-CE";"DEL01-CE";"UOP02-DEL01-CE"
103589;2018-01-14;"domingo";"21:30:00";"MG";381;412;"NOVA UNIAO";"Falta de Atenção à Condução";"Colisão frontal";"Com Vítimas Fatais";"Plena Noite";"Crescente";"Ignorado";"Simples";"Reta";"Não";3;1;0;0;1;1;0;3;-19,6888;-43,5868;"SPRF-MG";"DEL01-MG";"UOP01-DEL01-MG"
103590;2018-01-14;"domingo";"19:00:00";"BA";116;754;"POCOES";"Animais na Pista";"Atropelamento de Animal";"Sem Vítimas";"Plena Noite";"Crescente";"Céu Claro";"Simples";"Reta";"Sim";1;0;0;0;1;0;0;1;-14,50889507;-40,36173105;"SPRF-BA";"DEL08-BA";"UOP02-DEL08-BA"
103591;2018-01-14;"domingo";"22:15:00";"MG";381;794,2;"SAO GONCALO DO SAPUCAI";"Velocidade Incompatível";"Saída de leito carroçável";"Sem Vítimas";"Plena Noite";"Crescente";"Chuva";"Dupla";"Reta";"Não";1;0;0;0;1;0;0;1;-21,90881789;-45,56896091;"SPRF-MG";"DEL16-MG";"UOP02-DEL16-MG"
103593;2018-01-14;"domingo";"20:30:00";"ES";101;212,2;"IBIRACU";"Desobediência às normas de trânsito pelo condutor";"Colisão lateral";"Com Vítimas Feridas";"Plena Noite";"Crescente";"Nublado";"Simples";"Retorno Regulamentado";"Sim";3;0;2;0;1;0;2;2;-19,81744636;-40,36750048;"SPRF-ES";"DEL02-ES";"UOP01-DEL02-ES"
103595;2018-01-14;"domingo";"20:20:00";"CE";222;2,5;"FORTALEZA";"Falta de Atenção do Pedestre";"Colisão lateral";"Com Vítimas Feridas";"Plena Noite";"Decrescente";"Céu Claro";"Múltipla";"Reta";"Sim";4;0;1;0;3;0;1;3;-3,73978501;-38,59173864;"SPRF-CE";"DEL01-CE";"UOP01-DEL01-CE"
103596;2018-01-14;"domingo";"21:30:00";"MS";267;476,1;"GUIA LOPES DA LAGUNA";"Ingestão de Álcool";"Colisão traseira";"Com Vítimas Feridas";"Plena Noite";"Decrescente";"Nublado";"Simples";"Reta";"Sim";3;0;1;0;1;1;1;3;-21,458227;-56,114616;"SPRF-MS";"DEL05-MS";"UOP01-DEL05-MS"
103599;2018-01-14;"domingo";"21:30:00";"MS";262;362;"CAMPO GRANDE";"Falta de Atenção à Condução";"Saída de leito carroçável";"Sem Vítimas";"Pleno dia";"Crescente";"Nublado";"Simples";"Reta";"Não";1;0;0;0;1;0;0;1;-20,51480533;-54,71971326;"SPRF-MS";"DEL01-MS";"UOP03-DEL01-MS"
103600;2018-01-14;"domingo";"20:30:00";"MG";116;221,6;"CATUJI";"Restrição de Visibilidade";"Colisão com objeto estático";"Com Vítimas Feridas";"Plena Noite";"Crescente";"Céu Claro";"Simples";"Ponte";"Não";1;0;0;1;0;0;1;1;-17,30032512;-41,51724934;"SPRF-MG";"DEL11-MG";"UOP01-DEL11-MG"
103601;2018-01-14;"domingo";"18:20:00";"PR";369;487;"CORBELIA";"Velocidade Incompatível";"Colisão com objeto estático";"Com Vítimas Feridas";"Anoitecer";"Crescente";"Chuva";"Simples";"Curva";"Não";3;0;1;1;1;0;2;1;-24,6950627;-53,2400465;"SPRF-PR";"DEL04-PR";"UOP03-DEL04-PR"
103602;2018-01-14;"domingo";"17:05:00";"RS";116;222,3;"DOIS IRMAOS";"Velocidade Incompatível";"Saída de leito carroçável";"Com Vítimas Feridas";"Pleno dia";"Decrescente";"Chuva";"Simples";"Curva";"Sim";1;0;1;0;0;0;1;1;-29,58420595;-51,09586716;"SPRF-RS";"DEL05-RS";"UOP02-DEL05-RS"
103603;2018-01-14;"domingo";"21:40:00";"RJ";116;252;"PIRAI";"Sinalização da via insuficiente ou inadequada";"Atropelamento de Pedestre";"Com Vítimas Feridas";"Plena Noite";"Decrescente";"Garoa/Chuvisco";"Dupla";"Reta";"Não";3;0;2;0;0;1;2;2;-22,6335;-43,9046;"SPRF-RJ";"DEL07-RJ";"UOP02-DEL07-RJ"
103605;2018-01-14;"domingo";"23:00:00";"MG";381;884,5;"ESTIVA";"Velocidade Incompatível";"Saída de leito carroçável";"Sem Vítimas";"Plena Noite";"Crescente";"Chuva";"Dupla";"Retorno Regulamentado";"Não";1;0;0;0;1;0;0;1;-22,49655415;-46,01260103;"SPRF-MG";"DEL16-MG";"UOP01-DEL16-MG"
103607;2018-01-14;"domingo";"22:00:00";"RN";405;42,9;"APODI";"Ingestão de Álcool";"Saída de leito carroçável";"Com Vítimas Feridas";"Plena Noite";"Crescente";"Céu Claro";"Simples";"Reta";"Não";1;0;0;1;0;0;1;1;-5,40238292;-37,63332355;"SPRF-RN";"DEL04-RN";"UOP02-DEL04-RN"
103608;2018-01-14;"domingo";"21:50:00";"PE";101;42;"IGARASSU";"Condutor Dormindo";"Capotamento";"Com Vítimas Feridas";"Plena Noite";"Crescente";"Céu Claro";"Dupla";"Curva";"Sim";1;0;1;0;0;0;1;1;-7,8457;-34,9102;"SPRF-PE";"DEL01-PE";"UOP02-DEL01-PE"
103609;2018-01-14;"domingo";"22:40:00";"RJ";101;273;"TANGUA";"Animais na Pista";"Atropelamento de Animal";"Com Vítimas Feridas";"Plena Noite";"Crescente";"Nublado";"Dupla";"Reta";"Não";2;0;1;0;1;0;1;1;-22,73024723;-42,70422269;"SPRF-RJ";"DEL02-RJ";"UOP03-DEL02-RJ"
103611;2018-01-14;"domingo";"22:30:00";"PE";232;267,1;"SERTANIA";"Animais na Pista";"Atropelamento de Animal";"Sem Vítimas";"Plena Noite";"Crescente";"Nublado";"Simples";"Reta";"Não";1;0;0;0;1;0;0;1;-8,40791642;-37,18046218;"SPRF-PE";"DEL03-PE";"UOP02-DEL03-PE"
103612;2018-01-14;"domingo";"23:35:00";"SC";101;352;"JAGUARUNA";"Falta de Atenção à Condução";"Tombamento";"Com Vítimas Feridas";"Plena Noite";"Crescente";"Garoa/Chuvisco";"Dupla";"Reta";"Não";1;0;1;0;0;0;1;1;-28,6016411;-49,0547229;"SPRF-SC";"DEL02-SC";"UOP01-DEL02-SC"
103613;2018-01-14;"domingo";"23:40:00";"SC";101;206;"SAO JOSE";"Objeto estático sobre o leito carroçável";"Colisão com objeto estático";"Com Vítimas Feridas";"Plena Noite";"Crescente";"Nublado";"Dupla";"Reta";"Sim";3;0;2;0;1;0;2;3;-27,59217721;-48,6183636;"SPRF-SC";"DEL01-SC";"UOP01-DEL01-SC"
103615;2018-01-14;"domingo";"23:10:00";"SE";101;182,4;"UMBAUBA";"Condutor Dormindo";"Colisão frontal";"Com Vítimas Feridas";"Plena Noite";"Crescente";"Nublado";"Simples";"Reta";"Sim";2;0;1;0;1;0;1;2;-11,37408481;-37,65569145;"SPRF-SE";"DEL02-SE";"UOP03-DEL02-SE"
103616;2018-01-15;"segunda-feira";"00:20:00";"SP";153;209,5;"GUAIMBE";"Ingestão de Álcool";"Atropelamento de Pedestre";"Com Vítimas Feridas";"Plena Noite";"Crescente";"Chuva";"Simples";"Reta";"Não";5;0;1;0;2;2;1;2;-21,90430118;-49,91303264;"SPRF-SP";"DEL07-SP";"UOP02-DEL07-SP"
103617;2018-01-15;"segunda-feira";"07:54:00";"PR";476;167;"CONTENDA";"Ingestão de Álcool";"Saída de leito carroçável";"Com Vítimas Feridas";"Amanhecer";"Crescente";"Nublado";"Dupla";"Reta";"Sim";4;0;4;0;0;0;4;1;-25,66326761;-49,49330091;"SPRF-PR";"DEL01-PR";"UOP06-DEL01-PR"
103620;2018-01-14;"domingo";"19:35:00";"AP";210;104;"PORTO GRANDE";"Falta de Atenção à Condução";"Colisão lateral";"Com Vítimas Feridas";"Plena Noite";"Crescente";"Céu Claro";"Simples";"Reta";"Sim";2;0;1;0;1;0;1;2;0,71296644;-51,413727;"SPRF-AP";"DEL01-AP";"UOP01-DEL01-AP"
103621;2018-01-14;"domingo";"22:45:00";"RN";101;84,3;"NATAL";"Falta de Atenção do Pedestre";"Atropelamento de Pedestre";"Com Vítimas Feridas";"Plena Noite";"Decrescente";"Céu Claro";"Dupla";"Reta";"Sim";2;0;1;0;1;0;1;2;-5,77513034;-35,25521831;"SPRF-RN";"DEL02-RN";"UOP01-DEL02-RN"
103624;2018-01-14;"domingo";"22:45:00";"RO";364;199,7;"PIMENTA BUENO";"Ingestão de Álcool";"Atropelamento de Pedestre";"Com Vítimas Feridas";"Plena Noite";"Crescente";"Nublado";"Simples";"Reta";"Sim";4;0;1;0;1;2;1;2;-11,65539698;-61,19219653;"SPRF-RO";"DEL02-RO";"UOP02-DEL02-RO"
103625;2018-01-15;"segunda-feira";"01:00:00";"SC";470;151,7;"AGRONOMICA";"Ingestão de Álcool";"Colisão com objeto estático";"Sem Vítimas";"Plena Noite";"Crescente";"Nublado";"Simples";"Interseção de Vias";"Não";1;0;0;0;0;1;0;1;-27,25722381;-49,71214771;"SPRF-SC";"DEL04-SC";"UOP02-DEL04-SC"
103627;2018-01-15;"segunda-feira";"00:50:00";"MG";40;728;"OLIVEIRA FORTES";"Condutor Dormindo";"Saída de leito carroçável";"Sem Vítimas";"Plena Noite";"Decrescente";"Céu Claro";"Dupla";"Curva";"Não";1;0;0;0;1;0;0;1;-21,3429;-43,5875;"SPRF-MG";"DEL05-MG";"UOP01-DEL05-MG"
103628;2018-01-14;"domingo";"23:00:00";"RO";364;237,1;"CACOAL";"Ingestão de Álcool";"Colisão com objeto estático";"Com Vítimas Feridas";"Plena Noite";"Decrescente";"Nublado";"Simples";"Reta";"Sim";1;0;1;0;0;0;1;1;-11,44298844;-61,44756242;"SPRF-RO";"DEL02-RO";"UOP02-DEL02-RO"
103629;2018-01-15;"segunda-feira";"00:30:00";"SP";381;86;"SAO PAULO";"Defeito Mecânico no Veículo";"Tombamento";"Com Vítimas Feridas";"Plena Noite";"Crescente";"Céu Claro";"Dupla";"Curva";"Sim";2;0;1;0;1;0;1;1;-23,5489;-46,6388;"SPRF-SP";"DEL03-SP";"DEL6/3-UOP03/SP"
103630;2018-01-15;"segunda-feira";"01:25:00";"SC";101;209,5;"SAO JOSE";"Desobediência às normas de trânsito pelo condutor";"Colisão traseira";"Sem Vítimas";"Anoitecer";"Crescente";"Céu Claro";"Dupla";"Reta";"Não";2;0;0;0;1;1;0;2;-27,6138555;-48,6425555;"SPRF-SC";"DEL01-SC";"UOP01-DEL01-SC"
103631;2018-01-15;"segunda-feira";"01:53:00";"SP";116;17,5;"LAVRINHAS";"Pista Escorregadia";"Colisão com objeto estático";"Com Vítimas Feridas";"Plena Noite";"Crescente";"Céu Claro";"Dupla";"Curva";"Não";2;0;1;0;1;0;1;1;-22,55658484;-44,85219162;"SPRF-SP";"DEL08-SP";"UOP02-DEL08-SP"
103633;2018-01-15;"segunda-feira";"02:30:00";"RS";386;143;"SARANDI";"Ingestão de Álcool";"Saída de leito carroçável";"Sem Vítimas";"Plena Noite";"Crescente";"Nublado";"Simples";"Curva";"Não";1;0;0;0;1;0;0;1;-28,0194371;-52,8863251;"SPRF-RS";"DEL08-RS";"UOP01-DEL08-RS"
103634;2018-01-15;"segunda-feira";"03:00:00";"MG";381;665,8;"PERDOES";"Pista Escorregadia";"Capotamento";"Com Vítimas Feridas";"Plena Noite";"Crescente";"Garoa/Chuvisco";"Dupla";"Curva";"Não";1;0;1;0;0;0;1;1;-21,05077072;-45,00216094;"SPRF-MG";"DEL04-MG";"UOP02-DEL04-MG"
103637;2018-01-14;"domingo";"17:40:00";"MG";262;381,5;"MATEUS LEME";"Pista Escorregadia";"Tombamento";"Com Vítimas Feridas";"Pleno dia";"Crescente";"Chuva";"Dupla";"Curva";"Não";1;0;1;0;0;0;1;1;-19,93757246;-44,44578829;"SPRF-MG";"DEL01-MG";"UOP03-DEL01-MG"
103639;2018-01-15;"segunda-feira";"04:19:00";"PE";101;82;"JABOATAO DOS GUARARAPES";"Condutor Dormindo";"Saída de leito carroçável";"Sem Vítimas";"Amanhecer";"Decrescente";"Nublado";"Dupla";"Aclive";"Sim";1;0;0;0;0;1;0;1;-8,1766963;-34,9443318;"SPRF-PE";"DEL01-PE";"UOP03-DEL01-PE"
103641;2018-01-15;"segunda-feira";"02:00:00";"ES";101;198;"JOAO NEIVA";"Condutor Dormindo";"Saída de leito carroçável";"Sem Vítimas";"Plena Noite";"Crescente";"Céu Claro";"Simples";"Reta";"Não";2;0;0;0;2;0;0;1;-19,7579;-40,3788;"SPRF-ES";"DEL04-ES";"UOP01-DEL04-ES"
103642;2018-01-15;"segunda-feira";"03:45:00";"SC";470;68,8;"INDAIAL";"Ingestão de Álcool";"Saída de leito carroçável";"Sem Vítimas";"Plena Noite";"Decrescente";"Nublado";"Simples";"Reta";"Sim";1;0;0;0;1;0;0;1;-26,87256808;-49,23196524;"SPRF-SC";"DEL04-SC";"UOP01-DEL04-SC"
103644;2018-01-15;"segunda-feira";"01:00:00";"PI";230;300,2;"FLORIANO";"Falta de Atenção à Condução";"Queda de ocupante de veículo";"Com Vítimas Fatais";"Plena Noite";"Decrescente";"Nublado";"Simples";"Rotatória";"Não";1;1;0;0;0;0;0;1;-6,7673564;-43,022846;"SPRF-PI";"DEL03-PI";"UOP01-DEL03-PI"
103645;2018-01-15;"segunda-feira";"04:00:00";"MG";381;792,1;"SAO GONCALO DO SAPUCAI";"Ingestão de Álcool";"Saída de leito carroçável";"Sem Vítimas";"Plena Noite";"Crescente";"Chuva";"Dupla";"Curva";"Não";1;0;0;0;1;0;0;1;-21,89733052;-45,55274779;"SPRF-MG";"DEL16-MG";"UOP02-DEL16-MG"
103646;2018-01-15;"segunda-feira";"05:30:00";"GO";20;21,5;"FORMOSA";"Ultrapassagem Indevida";"Colisão frontal";"Com Vítimas Fatais";"Amanhecer";"Crescente";"Céu Claro";"Simples";"Reta";"Não";6;4;1;1;0;0;2;2;-15,54692938;-47,16480101;"SPRF-DF";"DEL02-DF";"UOP01-DEL02-DF"
103647;2018-01-15;"segunda-feira";"05:05:00";"PR";116;93;"SAO JOSE DOS PINHAIS";"Velocidade Incompatível";"Capotamento";"Com Vítimas Feridas";"Amanhecer";"Decrescente";"Nublado";"Simples";"Curva";"Não";2;0;1;1;0;0;2;1;-25,51398199;-49,12904406;"SPRF-PR";"DEL01-PR";"UOP07-DEL01-PR"
103648;2018-01-15;"segunda-feira";"04:30:00";"MS";267;440;"GUIA LOPES DA LAGUNA";"Condutor Dormindo";"Saída de leito carroçável";"Com Vítimas Feridas";"Plena Noite";"Crescente";"Céu Claro";"Simples";"Curva";"Não";1;0;1;0;0;0;1;1;-21,458227;-56,114616;"SPRF-MS";"DEL05-MS";"UOP01-DEL05-MS"
103649;2018-01-15;"segunda-feira";"05:00:00";"RJ";393;285,2;"VOLTA REDONDA";"Velocidade Incompatível";"Colisão com objeto estático";"Sem Vítimas";"Plena Noite";"Crescente";"Garoa/Chuvisco";"Simples";"Curva";"Não";1;0;0;0;0;1;0;1;-22,50290306;-44,07255918;"SPRF-RJ";"DEL05-RJ";"UOP04-DEL05-RJ"
103651;2018-01-15;"segunda-feira";"05:55:00";"SP";116;120,7;"CACAPAVA";"Falta de Atenção do Pedestre";"Atropelamento de Pedestre";"Com Vítimas Fatais";"Amanhecer";"Crescente";"Nublado";"Dupla";"Reta";"Não";2;1;1;0;0;0;1;2;-23,07474521;-45,65088017;"SPRF-SP";"DEL06-SP";"UOP02-DEL02-SP"
103653;2018-01-15;"segunda-feira";"06:15:00";"SP";153;147,1;"PROMISSAO";"Defeito Mecânico no Veículo";"Tombamento";"Sem Vítimas";"Amanhecer";"Crescente";"Sol";"Simples";"Reta";"Não";1;0;0;0;1;0;0;1;-21,39142459;-49,78981807;"SPRF-SP";"DEL07-SP";"UOP01-DEL07-SP"
103654;2018-01-15;"segunda-feira";"06:50:00";"MG";381;829,7;"SAO SEBASTIAO DA BELA VISTA";"Condutor Dormindo";"Colisão com objeto estático";"Sem Vítimas";"Pleno dia";"Crescente";"Nublado";"Dupla";"Reta";"Não";2;0;0;0;2;0;0;1;-22,11873235;-45,75754668;"SPRF-MG";"DEL16-MG";"UOP01-DEL16-MG"
103657;2018-01-15;"segunda-feira";"03:20:00";"RO";364;63;"PORTO VELHO";"Desobediência às normas de trânsito pelo condutor";"Colisão transversal";"Com Vítimas Feridas";"Plena Noite";"Crescente";"Céu Claro";"Dupla";"Interseção de Vias;Reta";"Sim";3;0;1;1;1;0;2;2;-8,75780618;-63,8863349;"SPRF-RO";"DEL04-RO";"DEL21/4-UOP03/RO"
103658;2018-01-15;"segunda-feira";"05:40:00";"CE";20;426;"FORTALEZA";"Falta de Atenção à Condução";"Colisão transversal";"Com Vítimas Feridas";"Pleno dia";"Crescente";"Céu Claro";"Dupla";"Reta";"Sim";2;0;1;0;1;0;1;2;-3,9183647;-38,511259;"SPRF-CE";"DEL01-CE";"UOP02-DEL01-CE"
103659;2018-01-15;"segunda-feira";"03:00:00";"SC";280;239,1;"CANOINHAS";"Falta de Atenção à Condução";"Saída de leito carroçável";"Sem Vítimas";"Plena Noite";"Decrescente";"Garoa/Chuvisco";"Simples";"Curva";"Não";1;0;0;0;0;1;0;1;-26,20811011;-50,44623256;"SPRF-SC";"DEL06-SC";"UOP04-DEL06-SC"
103660;2018-01-15;"segunda-feira";"06:29:00";"AL";104;54;"MURICI";"Velocidade Incompatível";"Capotamento";"Sem Vítimas";"Pleno dia";"Decrescente";"Céu Claro";"Simples";"Curva";"Não";1;0;0;0;0;1;0;1;-9,33194489;-35,91345223;"SPRF-AL";"DEL01-AL";"UOP02-DEL01-AL"
103662;2018-01-15;"segunda-feira";"06:00:00";"TO";153;151;"ARAGUAINA";"Falta de Atenção do Pedestre";"Atropelamento de Pedestre";"Com Vítimas Feridas";"Amanhecer";"Crescente";"Nublado";"Simples";"Reta";"Não";2;0;1;0;1;0;1;2;-7,25556078;-48,25846553;"SPRF-TO";"DEL02-TO";"UOP01-DEL02-TO"
103663;2018-01-15;"segunda-feira";"06:40:00";"SC";101;241;"PALHOCA";"Restrição de Visibilidade";"Saída de leito carroçável";"Com Vítimas Feridas";"Pleno dia";"Decrescente";"Céu Claro";"Dupla";"Reta";"Não";3;0;3;0;0;0;3;1;-27,86669904;-48,64590861;"SPRF-SC";"DEL01-SC";"UOP02-DEL01-SC"
103664;2018-01-15;"segunda-feira";"06:15:00";"RN";405;8,8;"MOSSORO";"Falta de Atenção à Condução";"Colisão traseira";"Com Vítimas Feridas";"Pleno dia";"Decrescente";"Céu Claro";"Simples";"Reta";"Não";2;0;0;1;1;0;1;2;-5,19712475;-37,43186274;"SPRF-RN";"DEL04-RN";"UOP02-DEL04-RN"
103665;2018-01-15;"segunda-feira";"06:19:00";"PR";476;121,7;"CURITIBA";"Falta de Atenção à Condução";"Colisão frontal";"Com Vítimas Feridas";"Amanhecer";"Crescente";"Nublado";"Dupla";"Reta";"Não";2;0;1;0;1;0;1;2;-25,38350262;-49,20103669;"SPRF-PR";"DEL01-PR";"UOP01-DEL01-PR"
103666;2018-01-15;"segunda-feira";"07:30:00";"DF";70;12,4;"BRASILIA";"Falta de Atenção à Condução";"Colisão lateral";"Com Vítimas Feridas";"Pleno dia";"Decrescente";"Sol";"Dupla";"Reta";"Sim";3;0;2;0;1;0;2;2;-15,79348211;-48,16155195;"SPRF-DF";"DEL01-DF";"UOP02-DEL03-DF"
103667;2018-01-15;"segunda-feira";"06:30:00";"CE";116;64,5;"CHOROZINHO";"Não guardar distância de segurança";"Colisão traseira";"Sem Vítimas";"Pleno dia";"Decrescente";"Céu Claro";"Simples";"Aclive";"Não";2;0;0;0;2;0;0;2;-4,290514;-38,497086;"SPRF-CE";"DEL03-CE";"UOP02-DEL03-CE"
103668;2018-01-15;"segunda-feira";"07:40:00";"PR";277;98;"CURITIBA";"Ingestão de Álcool";"Saída de leito carroçável";"Sem Vítimas";"Pleno dia";"Crescente";"Nublado";"Dupla";"Reta";"Sim";1;0;0;0;1;0;0;1;-25,43015802;-49,35215101;"SPRF-PR";"DEL01-PR";"UOP06-DEL01-PR"
103669;2018-01-15;"segunda-feira";"07:30:00";"ES";262;43;"MARECHAL FLORIANO";"Falta de Atenção à Condução";"Colisão lateral";"Com Vítimas Feridas";"Pleno dia";"Decrescente";"Céu Claro";"Simples";"Retorno Regulamentado";"Não";2;0;1;0;1;0;1;2;-20,38803792;-40,66828557;"SPRF-ES";"DEL01-ES";"UOP01-DEL01-ES"
103670;2018-01-15;"segunda-feira";"07:45:00";"GO";153;511,8;"APARECIDA DE GOIANIA";"Falta de Atenção à Condução";"Colisão traseira";"Com Vítimas Feridas";"Pleno dia";"Decrescente";"Nublado";"Dupla";"Reta";"Sim";2;0;1;0;1;0;1;2;-16,79950428;-49,23876038;"SPRF-GO";"DEL01-GO";"UOP03-DEL01-GO"
103671;2018-01-15;"segunda-feira";"07:40:00";"RS";290;88;"PORTO ALEGRE";"Não guardar distância de segurança";"Colisão traseira";"Com Vítimas Feridas";"Pleno dia";"Crescente";"Nublado";"Dupla";"Reta";"Sim";2;0;1;0;1;0;1;2;-29,96757584;-51,14071369;"SPRF-RS";"DEL01-RS";"UOP01-DEL01-RS"
103672;2018-01-15;"segunda-feira";"08:05:00";"ES";101;288,2;"CARIACICA";"Desobediência às normas de trânsito pelo condutor";"Colisão transversal";"Com Vítimas Feridas";"Pleno dia";"Crescente";"Nublado";"Dupla";"Curva";"Sim";5;0;1;1;2;1;2;4;-20,27358515;-40,39188713;"SPRF-ES";"DEL01-ES";"UOP01-DEL01-ES"
103674;2018-01-15;"segunda-feira";"07:45:00";"SP";153;156,6;"PROMISSAO";"Condutor Dormindo";"Colisão traseira";"Com Vítimas Feridas";"Pleno dia";"Crescente";"Céu Claro";"Simples";"Reta";"Não";8;0;3;0;2;3;3;3;-21,47300368;-49,78159904;"SPRF-SP";"DEL07-SP";"UOP01-DEL07-SP"
103675;2018-01-15;"segunda-feira";"06:30:00";"MG";381;448;"SANTA LUZIA";"Falta de Atenção à Condução";"Tombamento";"Com Vítimas Feridas";"Pleno dia";"Crescente";"Céu Claro";"Simples";"Curva";"Não";1;0;1;0;0;0;1;1;-19,81553364;-43,81007368;"SPRF-MG";"DEL01-MG";"UOP01-DEL01-MG"
103676;2018-01-15;"segunda-feira";"07:00:00";"RJ";101;490;"ANGRA DOS REIS";"Falta de Atenção à Condução";"Colisão frontal";"Com Vítimas Feridas";"Pleno dia";"Crescente";"Céu Claro";"Simples";"Curva";"Não";5;0;2;0;3;0;2;4;-23,00715;-44,318436;"SPRF-RJ";"DEL03-RJ";"UOP03-DEL03-RJ"
103677;2018-01-15;"segunda-feira";"06:45:00";"RJ";101;317;"SAO GONCALO";"Restrição de Visibilidade";"Colisão com objeto estático";"Sem Vítimas";"Pleno dia";"Decrescente";"Nublado";"Dupla";"Reta";"Sim";1;0;0;0;1;0;0;1;-22,837111;-43,094929;"SPRF-RJ";"DEL02-RJ";"DEL5/2-UOP04/RJ"
103679;2018-01-15;"segunda-feira";"06:45:00";"PB";230;150;"CAMPINA GRANDE";"Falta de Atenção à Condução";"Colisão transversal";"Sem Vítimas";"Pleno dia";"Crescente";"Céu Claro";"Dupla";"Viaduto";"Sim";2;0;0;0;2;0;0;2;-7,2515;-35,8724;"SPRF-PB";"DEL02-PB";"UOP01-DEL02-PB"
103680;2018-01-15;"segunda-feira";"07:15:00";"ES";101;361,9;"ANCHIETA";"Falta de Atenção à Condução";"Capotamento";"Com Vítimas Feridas";"Pleno dia";"Crescente";"Céu Claro";"Simples";"Reta";"Não";1;0;1;0;0;0;1;1;-20,806316;-40,645905;"SPRF-ES";"DEL03-ES";"UOP01-DEL03-ES"