"id";"data_inversa";"dia_semana";"horario";"uf";"br";"km";"municipio";"causa_acidente";"tipo_acidente";"classificacao_acidente";"fase_dia";"sentido_via";"condicao_metereologica";"tipo_pista";"tracado_via";"uso_solo";"pessoas";"mortos";"feridos_leves";"feridos_graves";"ilesos";"ignorados";"feridos";"veiculos";"latitude";"longitude";"regional";"delegacia";"uop"
103681;2018-01-15;"segunda-feira";"06:30:00";"PE";101;163,9;"GAMELEIRA";"Mal Súbito";"Saída de leito carroçável";"Com Vítimas Fatais";"Pleno dia";"Crescente";"Chuva";"Dupla";"Reta";"Não";2;1;1;0;0;0;1;1;-8,587087;-35,5035372;"SPRF-PE";"DEL01-PE";"UOP03-DEL01-PE"
103682;2018-01-15;"segunda-feira";"08:45:00";"RS";287;247,7;"SANTA MARIA";"Falta de Atenção à Condução";"Engavetamento";"Sem Vítimas";"Pleno dia";"Decrescente";"Chuva";"Simples";"Reta";"Sim";4;0;0;0;4;0;0;4;-29,69927402;-53,84305;"SPRF-RS";"DEL09-RS";"UOP01-DEL09-RS"
103683;2018-01-15;"segunda-feira";"08:35:00";"RS";101;85,8;"OSORIO";"Falta de Atenção à Condução";"Colisão traseira";"Sem Vítimas";"Pleno dia";"Decrescente";"Céu Claro";"Simples";"Interseção de Vias";"Sim";2;0;0;0;2;0;0;2;-29,9003;-50,2738;"SPRF-RS";"DEL03-RS";"UOP01-DEL03-RS"
103685;2018-01-15;"segunda-feira";"08:30:00";"PR";116;15;"COLOMBO";"Falta de Atenção à Condução";"Colisão traseira";"Com Vítimas Feridas";"Pleno dia";"Crescente";"Sol";"Dupla";"Reta";"Sim";3;0;2;0;1;0;2;2;-25,3848;-49,1711;"SPRF-PR";"DEL01-PR";"UOP02-DEL01-PR"
103687;2018-01-15;"segunda-feira";"05:50:00";"MA";135;41;"BACABEIRA";"Falta de Atenção à Condução";"Colisão traseira";"Sem Vítimas";"Amanhecer";"Crescente";"Céu Claro";"Simples";"Reta";"Não";2;0;0;0;2;0;0;2;-2,899871;-44,366676;"SPRF-MA";"DEL01-MA";"UOP01-DEL01-MA"
103688;2018-01-15;"segunda-feira";"08:00:00";"SC";470;70;"INDAIAL";"Falta de Atenção à Condução";"Colisão transversal";"Sem Vítimas";"Pleno dia";"Decrescente";"Céu Claro";"Simples";"Interseção de Vias";"Não";3;0;0;0;3;0;0;3;-26,88009963;-49,24221128;"SPRF-SC";"DEL04-SC";"UOP01-DEL04-SC"
103689;2018-01-15;"segunda-feira";"09:25:00";"SC";101;215,5;"PALHOCA";"Falta de Atenção à Condução";"Colisão transversal";"Com Vítimas Feridas";"Pleno dia";"Crescente";"Sol";"Múltipla";"Rotatória";"Sim";3;0;0;1;1;1;1;3;-27,658611;-48,681847;"SPRF-SC";"DEL01-SC";"UOP02-DEL01-SC"
103690;2018-01-15;"segunda-feira";"09:40:00";"MG";381;753,5;"TRES CORACOES";"Falta de Atenção à Condução";"Colisão com objeto estático";"Sem Vítimas";"Pleno dia";"Decrescente";"Céu Claro";"Dupla";"Reta";"Sim";1;0;0;0;1;0;0;1;-21,66610148;-45,31177139;"SPRF-MG";"DEL16-MG";"UOP02-DEL16-MG"
103692;2018-01-15;"segunda-feira";"09:35:00";"SP";381;1,2;"VARGEM";"Falta de Atenção à Condução";"Saída de leito carroçável";"Sem Vítimas";"Pleno dia";"Crescente";"Céu Claro";"Dupla";"Curva";"Não";2;0;0;0;2;0;0;2;-22,88098844;-46,38639451;"SPRF-SP";"DEL03-SP";"UOP02-DEL03-SP"
103693;2018-01-15;"segunda-feira";"06:40:00";"ES";259;102,6;"BAIXO GUANDU";"Falta de Atenção à Condução";"Colisão transversal";"Com Vítimas Feridas";"Amanhecer";"Crescente";"Céu Claro";"Simples";"Interseção de Vias";"Sim";2;0;1;0;1;0;1;2;-19,514823;-41,023684;"SPRF-ES";"DEL02-ES";"UOP01-DEL02-ES"
103699;2018-01-15;"segunda-feira";"08:50:00";"PI";343;42,4;"BURITI DOS LOPES";"Velocidade Incompatível";"Capotamento";"Com Vítimas Feridas";"Pleno dia";"Crescente";"Céu Claro";"Simples";"Curva";"Não";4;0;3;1;0;0;4;1;-3,16272766;-41,8215157;"SPRF-PI";"DEL05-PI";"UOP01-DEL05-PI"
103701;2018-01-15;"segunda-feira";"09:44:00";"MA";316;421;"PERITORO";"Falta de Atenção à Condução";"Colisão traseira";"Sem Vítimas";"Pleno dia";"Crescente";"Céu Claro";"Simples";"Reta";"Não";3;0;0;0;3;0;0;2;-4,36854875;-44,34745777;"SPRF-MA";"DEL03-MA";"UOP01-DEL03-MA"
103702;2018-01-15;"segunda-feira";"10:30:00";"RS";468;67,2;"CAMPO NOVO";"Desobediência às normas de trânsito pelo condutor";"Colisão transversal";"Sem Vítimas";"Pleno dia";"Decrescente";"Garoa/Chuvisco";"Simples";"Interseção de Vias";"Não";2;0;0;0;2;0;0;2;-27,73578302;-53,84008274;"SPRF-RS";"DEL08-RS";"UOP02-DEL08-RS"
103703;2018-01-15;"segunda-feira";"09:50:00";"MT";364;408,6;"CUIABA";"Animais na Pista";"Queda de ocupante de veículo";"Com Vítimas Feridas";"Pleno dia";"Crescente";"Céu Claro";"Dupla";"Reta";"Sim";1;0;1;0;0;0;1;1;-15,64563266;-56,01017028;"SPRF-MT";"DEL02-MT";"UOP02-DEL01-MT"
103704;2018-01-15;"segunda-feira";"10:00:00";"PE";428;129;"PETROLINA";"Desobediência às normas de trânsito pelo condutor";"Colisão transversal";"Com Vítimas Feridas";"Pleno dia";"Crescente";"Céu Claro";"Simples";"Rotatória";"Sim";2;0;2;0;0;0;2;2;-9,39933276;-40,50457922;"SPRF-PE";"DEL06-PE";"UOP03-DEL06-PE"
103705;2018-01-15;"segunda-feira";"10:00:00";"MG";40;421,5;"CURVELO";"Falta de Atenção à Condução";"Tombamento";"Sem Vítimas";"Pleno dia";"Decrescente";"Céu Claro";"Simples";"Curva";"Não";1;0;0;0;0;1;0;1;-18,756857;-44,431206;"SPRF-MG";"DEL02-MG";"UOP01-DEL02-MG"
103706;2018-01-15;"segunda-feira";"06:30:00";"BA";407;14;"JUAZEIRO";"Defeito Mecânico no Veículo";"Capotamento";"Com Vítimas Feridas";"Pleno dia";"Decrescente";"Céu Claro";"Simples";"Reta";"Não";2;0;1;0;1;0;1;1;-9,520744;-40,455704;"SPRF-BA";"DEL04-BA";"UOP01-DEL04-BA"
103707;2018-01-15;"segunda-feira";"11:25:00";"DF";20;15;"BRASILIA";"Falta de Atenção à Condução";"Saída de leito carroçável";"Com Vítimas Feridas";"Pleno dia";"Decrescente";"Nublado";"Dupla";"Reta";"Não";1;0;1;0;0;0;1;1;-15,630189;-47,733288;"SPRF-DF";"DEL02-DF";"UOP01-DEL02-DF"
103709;2018-01-15;"segunda-feira";"11:45:00";"MG";381;491,8;"BETIM";"Falta de Atenção à Condução";"Tombamento";"Com Vítimas Feridas";"Pleno dia";"Decrescente";"Céu Claro";"Múltipla";"Curva";"Sim";1;0;1;0;0;0;1;1;-19,96171198;-44,1582799;"SPRF-MG";"DEL01-MG";"UOP03-DEL01-MG"
103713;2018-01-15;"segunda-feira";"11:40:00";"SC";101;211,8;"PALHOCA";"Não guardar distância de segurança";"Colisão traseira";"Sem Vítimas";"Pleno dia";"Decrescente";"Céu Claro";"Dupla";"Reta";"Sim";2;0;0;0;2;0;0;2;-27,62482797;-48,65372797;"SPRF-SC";"DEL01-SC";"UOP02-DEL01-SC"
103714;2018-01-15;"segunda-feira";"06:00:00";"PI";135;124,5;"BERTOLINIA";"Defeito na Via";"Capotamento";"Sem Vítimas";"Amanhecer";"Crescente";"Céu Claro";"Simples";"Reta";"Não";3;0;0;0;3;0;0;1;-7,64123;-43,9499;"SPRF-PI";"DEL03-PI";"UOP01-DEL03-PI"
103716;2018-01-15;"segunda-feira";"12:40:00";"SC";101;211,1;"PALHOCA";"Não guardar distância de segurança";"Colisão traseira";"Sem Vítimas";"Pleno dia";"Decrescente";"Sol";"Múltipla";"Reta";"Sim";3;0;0;0;2;1;0;3;-27,6252544;-48,65376212;"SPRF-SC";"DEL01-SC";"UOP02-DEL01-SC"
103717;2018-01-15;"segunda-feira";"12:45:00";"MG";262;607,8;"CAMPOS ALTOS";"Velocidade Incompatível";"Saída de leito carroçável";"Sem Vítimas";"Pleno dia";"Decrescente";"Nublado";"Simples";"Curva";"Não";1;0;0;0;1;0;0;1;-19,6030488;-46,28430068;"SPRF-MG";"DEL08-MG";"UOP02-DEL08-MG"
103718;2018-01-15;"segunda-feira";"12:00:00";"SC";101;185,4;"BIGUACU";"Defeito Mecânico no Veículo";"Queda de ocupante de veículo";"Com Vítimas Feridas";"Pleno dia";"Crescente";"Céu Claro";"Dupla";"Curva";"Sim";2;0;2;0;0;0;2;1;-27,43074642;-48,62512086;"SPRF-SC";"DEL01-SC";"UOP01-DEL01-SC"
103719;2018-01-15;"segunda-feira";"12:40:00";"PR";376;178,8;"MARINGA";"Falta de Atenção à Condução";"Colisão traseira";"Com Vítimas Feridas";"Pleno dia";"Decrescente";"Nublado";"Dupla";"Reta";"Sim";2;0;1;0;1;0;1;2;-23,41777268;-51,91721316;"SPRF-PR";"DEL07-PR";"UOP01-DEL09-PR"
103720;2018-01-15;"segunda-feira";"12:55:00";"GO";60;136,6;"GOIANIA";"Defeito Mecânico no Veículo";"Colisão com objeto estático";"Sem Vítimas";"Pleno dia";"Crescente";"Sol";"Dupla";"Reta";"Sim";1;0;0;0;1;0;0;1;-16,60015929;-49,19997942;"SPRF-GO";"DEL01-GO";"UOP01-DEL01-GO"
103722;2018-01-15;"segunda-feira";"11:20:00";"CE";116;1;"FORTALEZA";"Não guardar distância de segurança";"Colisão traseira";"Com Vítimas Feridas";"Pleno dia";"Crescente";"Céu Claro";"Múltipla";"Reta";"Sim";2;0;1;0;0;1;1;2;-3,76229764;-38,5186105;"SPRF-CE";"DEL01-CE";"UOP02-DEL01-CE"
103723;2018-01-15;"segunda-feira";"10:20:00";"MT";163;977;"TERRA NOVA DO NORTE";"Avarias e/ou desgaste excessivo no pneu";"Saída de leito carroçável";"Sem Vítimas";"Pleno dia";"Crescente";"Chuva";"Simples";"Curva";"Não";2;0;0;0;2;0;0;1;-10,68255;-55,137619;"SPRF-MT";"DEL06-MT";"UOP02-DEL06-MT"
103724;2018-01-15;"segunda-feira";"10:30:00";"PA";308;159;"CAPANEMA";"Falta de Atenção à Condução";"Colisão lateral";"Com Vítimas Feridas";"Pleno dia";"Crescente";"Céu Claro";"Simples";"Reta";"Não";7;0;5;0;2;0;5;2;-1,21129191;-47,13273168;"SPRF-PA";"DEL01-PA";"UOP03-DEL01-PA"
103725;2018-01-15;"segunda-feira";"12:00:00";"AL";316;253;"PILAR";"Desobediência às normas de trânsito pelo condutor";"Colisão transversal";"Com Vítimas Feridas";"Pleno dia";"Decrescente";"Céu Claro";"Simples";"Reta";"Sim";2;0;0;1;1;0;1;2;-9,58699331;-35,95678759;"SPRF-AL";"DEL02-AL";"UOP01-DEL02-AL"
103727;2018-01-15;"segunda-feira";"13:20:00";"DF";20;22;"BRASILIA";"Falta de Atenção à Condução";"Colisão lateral";"Sem Vítimas";"Pleno dia";"Crescente";"Céu Claro";"Dupla";"Reta";"Sim";2;0;0;0;1;1;0;2;-15,59759676;-47,67409801;"SPRF-DF";"DEL02-DF";"UOP01-DEL02-DF"
103728;2018-01-15;"segunda-feira";"13:15:00";"PR";277;144;"BALSA NOVA";"Falta de Atenção à Condução";"Saída de leito carroçável";"Com Vítimas Feridas";"Pleno dia";"Crescente";"Nublado";"Simples";"Curva";"Não";2;0;1;0;1;0;1;1;-25,46899814;-49,78125662;"SPRF-PR";"DEL01-PR";"UOP06-DEL01-PR"
103730;2018-01-15;"segunda-feira";"12:15:00";"PB";101;44,9;"MAMANGUAPE";"Falta de Atenção à Condução";"Colisão traseira";"Com Vítimas Feridas";"Pleno dia";"Decrescente";"Nublado";"Dupla";"Curva";"Não";2;0;1;0;1;0;1;2;-6,88137294;-35,13118207;"SPRF-PB";"DEL01-PB";"UOP04-DEL01-PB"
103733;2018-01-15;"segunda-feira";"12:10:00";"MT";364;335;"SANTO ANTONIO DO LEVERGER";"Falta de Atenção à Condução";"Saída de leito carroçável";"Sem Vítimas";"Pleno dia";"Decrescente";"Nublado";"Dupla";"Reta";"Não";1;0;0;0;1;0;0;1;-15,82693882;-55,45074463;"SPRF-MT";"DEL02-MT";"UOP02-DEL01-MT"
103735;2018-01-15;"segunda-feira";"11:50:00";"MA";135;4,8;"SAO LUIS";"Falta de Atenção à Condução";"Tombamento";"Com Vítimas Feridas";"Pleno dia";"Crescente";"Garoa/Chuvisco";"Dupla";"Reta";"Sim";4;0;2;0;2;0;2;3;-2,62008655;-44,25697855;"SPRF-MA";"DEL01-MA";"UOP01-DEL01-MA"
103736;2018-01-15;"segunda-feira";"13:50:00";"RJ";116;165;"RIO DE JANEIRO";"Velocidade Incompatível";"Colisão traseira";"Com Vítimas Feridas";"Pleno dia";"Decrescente";"Céu Claro";"Múltipla";"Reta";"Não";2;0;1;0;1;0;1;2;-22,815485;-43,290874;"SPRF-RJ";"DEL01-RJ";"UOP02-DEL01-RJ"
103737;2018-01-15;"segunda-feira";"11:56:00";"RO";364;432;"JARU";"Falta de Atenção à Condução";"Colisão traseira";"Sem Vítimas";"Pleno dia";"Decrescente";"Céu Claro";"Simples";"Reta";"Não";3;0;0;0;3;0;0;2;-10,400407;-62,525169;"SPRF-RO";"DEL03-RO";"UOP02-DEL03-RO"
103738;2018-01-15;"segunda-feira";"14:00:00";"PR";158;522,5;"PATO BRANCO";"Velocidade Incompatível";"Saída de leito carroçável";"Sem Vítimas";"Pleno dia";"Crescente";"Chuva";"Simples";"Curva";"Sim";1;0;0;0;1;0;0;1;-26,22908;-52,671;"SPRF-PR";"DEL02-PR";"UOP01-DEL02-PR"
103739;2018-01-15;"segunda-feira";"14:20:00";"GO";60;46,7;"APARECIDA DE GOIANIA";"Falta de Atenção à Condução";"Colisão traseira";"Com Vítimas Feridas";"Pleno dia";"Decrescente";"Sol";"Dupla";"Reta";"Sim";2;0;1;0;1;0;1;2;-16,8101;-49,2397;"SPRF-GO";"DEL01-GO";"UOP03-DEL01-GO"
103740;2018-01-15;"segunda-feira";"14:20:00";"RS";287;235;"SANTA MARIA";"Falta de Atenção à Condução";"Colisão transversal";"Sem Vítimas";"Pleno dia";"Crescente";"Sol";"Simples";"Reta";"Sim";2;0;0;0;2;0;0;2;-29,7054844;-53,72697026;"SPRF-RS";"DEL09-RS";"UOP01-DEL09-RS"
103741;2018-01-15;"segunda-feira";"13:35:00";"MG";459;11,7;"CALDAS";"Falta de Atenção à Condução";"Colisão transversal";"Sem Vítimas";"Pleno dia";"Crescente";"Nublado";"Simples";"Declive";"Sim";2;0;0;0;2;0;0;2;-21,82748058;-46,45036697;"SPRF-MG";"DEL09-MG";"UOP01-DEL09-MG"
103742;2018-01-15;"segunda-feira";"13:35:00";"PE";101;50;"ABREU E LIMA";"Falta de Atenção do Pedestre";"Atropelamento de Pedestre";"Com Vítimas Feridas";"Pleno dia";"Crescente";"Nublado";"Múltipla";"Reta";"Sim";2;0;1;0;1;0;1;2;-7,90361961;-34,90194228;"SPRF-PE";"DEL01-PE";"UOP02-DEL01-PE"
103743;2018-01-15;"segunda-feira";"13:30:00";"SP";116;277;"EMBU DAS ARTES";"Falta de Atenção à Condução";"Colisão com objeto estático";"Com Vítimas Feridas";"Pleno dia";"Decrescente";"Sol";"Dupla";"Reta";"Sim";1;0;1;0;0;0;1;1;-23,63064118;-46,82088196;"SPRF-SP";"DEL04-SP";"UOP01-DEL04-SP"
103745;2018-01-15;"segunda-feira";"08:30:00";"RN";406;169;"SAO GONCALO DO AMARANTE";"Falta de Atenção à Condução";"Capotamento";"Com Vítimas Feridas";"Pleno dia";"Crescente";"Chuva";"Dupla";"Aclive";"Não";1;0;1;0;0;0;1;1;-5,75934805;-35,29716637;"SPRF-RN";"DEL02-RN";"UOP01-DEL02-RN"
103747;2018-01-15;"segunda-feira";"13:50:00";"SC";101;120,3;"ITAJAI";"Defeito Mecânico no Veículo";"Colisão com objeto estático";"Com Vítimas Feridas";"Pleno dia";"Crescente";"Nublado";"Dupla";"Reta";"Não";1;0;1;0;0;0;1;1;-26,92199339;-48,70814323;"SPRF-SC";"DEL04-SC";"UOP04-DEL04-SC"
103748;2018-01-15;"segunda-feira";"13:40:00";"BA";101;897;"CARAVELAS";"Defeito Mecânico no Veículo";"Incêndio";"Sem Vítimas";"Pleno dia";"Crescente";"Nublado";"Simples";"Aclive";"Não";1;0;0;0;1;0;0;1;-17,7009;-39,7692;"SPRF-BA";"DEL09-BA";"UOP02-DEL09-BA"
103749;2018-01-15;"segunda-feira";"14:10:00";"MG";40;738,8;"SANTOS DUMONT";"Velocidade Incompatível";"Colisão com objeto estático";"Sem Vítimas";"Pleno dia";"Crescente";"Chuva";"Dupla";"Reta";"Sim";3;0;0;0;3;0;0;1;-21,40948618;-43,56685691;"SPRF-MG";"DEL05-MG";"UOP01-DEL05-MG"
103750;2018-01-15;"segunda-feira";"14:45:00";"ES";101;145,9;"LINHARES";"Não guardar distância de segurança";"Colisão traseira";"Com Vítimas Feridas";"Pleno dia";"Decrescente";"Céu Claro";"Simples";"Reta";"Sim";2;0;1;0;1;0;1;2;-19,39159;-40,072563;"SPRF-ES";"DEL04-ES";"UOP01-DEL04-ES"
103751;2018-01-15;"segunda-feira";"11:30:00";"MA";230;412,4;"BALSAS";"Falta de Atenção à Condução";"Colisão traseira";"Com Vítimas Feridas";"Pleno dia";"Decrescente";"Céu Claro";"Simples";"Reta";"Não";2;0;1;0;1;0;1;2;-7,50306769;-46,11253738;"SPRF-MA";"DEL05-MA";"UOP01-DEL05-MA"
103752;2018-01-15;"segunda-feira";"13:45:00";"SP";116;155,3;"SAO JOSE DOS CAMPOS";"Mal Súbito";"Colisão com objeto estático";"Com Vítimas Feridas";"Pleno dia";"Decrescente";"Céu Claro";"Dupla";"Reta";"Não";1;0;1;0;0;0;1;1;-23,24573293;-45,92837155;"SPRF-SP";"DEL02-SP";"UOP01-DEL02-SP"
103756;2018-01-15;"segunda-feira";"13:46:00";"PR";376;649;"TIJUCAS DO SUL";"Falta de Atenção à Condução";"Atropelamento de Pedestre";"Com Vítimas Feridas";"Pleno dia";"Crescente";"Céu Claro";"Dupla";"Curva";"Não";2;0;1;0;0;1;1;2;-25,928534;-49,199314;"SPRF-PR";"DEL01-PR";"DEL7/1-UOP08/PR"
103760;2018-01-15;"segunda-feira";"15:00:00";"RS";386;331,6;"MARQUES DE SOUZA";"Condutor Dormindo";"Capotamento";"Sem Vítimas";"Pleno dia";"Decrescente";"Chuva";"Simples";"Reta";"Não";1;0;0;0;1;0;0;1;-29,37028277;-52,06154823;"SPRF-RS";"DEL04-RS";"UOP01-DEL04-RS"
103761;2018-01-15;"segunda-feira";"15:00:00";"MG";40;717,8;"BARBACENA";"Velocidade Incompatível";"Saída de leito carroçável";"Sem Vítimas";"Pleno dia";"Decrescente";"Chuva";"Dupla";"Curva";"Não";1;0;0;0;1;0;0;1;-21,28088625;-43,64313897;"SPRF-MG";"DEL05-MG";"UOP01-DEL05-MG"
103763;2018-01-15;"segunda-feira";"13:15:00";"BA";101;550,7;"AMELIA RODRIGUES";"Avarias e/ou desgaste excessivo no pneu";"Saída de leito carroçável";"Sem Vítimas";"Pleno dia";"Decrescente";"Céu Claro";"Dupla";"Reta";"Não";1;0;0;0;1;0;0;1;-12,45080019;-38,70952249;"SPRF-BA";"DEL05-BA";"UOP02-DEL05-BA"
103765;2018-01-15;"segunda-feira";"15:25:00";"PR";369;45,5;"BANDEIRANTES";"Velocidade Incompatível";"Queda de ocupante de veículo";"Com Vítimas Feridas";"Pleno dia";"Crescente";"Sol";"Dupla";"Curva";"Não";1;0;1;0;0;0;1;1;-23,12153501;-50,32497145;"SPRF-PR";"DEL07-PR";"UOP05-DEL07-PR"
103767;2018-01-15;"segunda-feira";"14:05:00";"RN";405;1;"MOSSORO";"Desobediência às normas de trânsito pelo condutor";"Colisão lateral";"Sem Vítimas";"Pleno dia";"Decrescente";"Céu Claro";"Dupla";"Reta";"Sim";2;0;0;0;1;1;0;2;-5,19143757;-37,35925287;"SPRF-RN";"DEL04-RN";"UOP02-DEL04-RN"
103769;2018-01-15;"segunda-feira";"15:10:00";"PR";376;425,8;"TIBAGI";"Falta de Atenção à Condução";"Colisão traseira";"Sem Vítimas";"Pleno dia";"Crescente";"Chuva";"Simples";"Reta";"Não";4;0;0;0;4;0;0;4;-24,71245124;-50,5521512;"SPRF-PR";"DEL03-PR";"UOP02-DEL03-PR"
103770;2018-01-13;"sábado";"01:10:00";"RS";471;161;"RIO PARDO";"Ultrapassagem Indevida";"Colisão lateral";"Sem Vítimas";"Plena Noite";"Decrescente";"Céu Claro";"Simples";"Curva;Aclive";"Não";2;0;0;0;2;0;0;2;-29,87445737;-52,38946974;"SPRF-RS";"DEL02-RS";"UOP02-DEL02-RS"
103771;2018-01-15;"segunda-feira";"16:00:00";"DF";40;6;"BRASILIA";"Falta de Atenção à Condução";"Colisão lateral";"Com Vítimas Feridas";"Pleno dia";"Decrescente";"Chuva";"Dupla";"Reta";"Sim";2;0;1;0;1;0;1;2;-16,02771709;-47,97916618;"SPRF-DF";"DEL01-DF";"UOP01-DEL01-DF"
103775;2018-01-15;"segunda-feira";"11:35:00";"RJ";101;313;"SAO GONCALO";"Falta de Atenção à Condução";"Colisão traseira";"Com Vítimas Feridas";"Pleno dia";"Crescente";"Nublado";"Dupla";"Reta";"Sim";2;0;1;0;1;0;1;2;-22,810507;-43,069859;"SPRF-RJ";"DEL02-RJ";"DEL5/2-UOP04/RJ"
103777;2018-01-15;"segunda-feira";"15:50:00";"RS";470;232;"CARLOS BARBOSA";"Velocidade Incompatível";"Colisão frontal";"Sem Vítimas";"Pleno dia";"Crescente";"Céu Claro";"Simples";"Curva";"Não";2;0;0;0;2;0;0;2;-29,2997138;-51,4829349;"SPRF-RS";"DEL06-RS";"UOP01-DEL06-RS"
103780;2018-01-15;"segunda-feira";"15:15:00";"RN";405;152;"PAU DOS FERROS";"Falta de Atenção à Condução";"Colisão transversal";"Com Vítimas Feridas";"Pleno dia";"Decrescente";"Sol";"Simples";"Reta";"Sim";2;0;1;0;1;0;1;2;-6,1029353;-38,20650101;"SPRF-RN";"DEL04-RN";"UOP02-DEL04-RN"
103781;2018-01-15;"segunda-feira";"16:30:00";"PR";376;174,7;"MARINGA";"Falta de Atenção à Condução";"Colisão traseira";"Com Vítimas Feridas";"Pleno dia";"Decrescente";"Nublado";"Dupla";"Retorno Regulamentado;Reta;Aclive";"Sim";2;0;1;0;1;0;1;2;-23,41528872;-51,95246187;"SPRF-PR";"DEL07-PR";"UOP01-DEL09-PR"
103782;2018-01-15;"segunda-feira";"15:30:00";"BA";110;162;"RIBEIRA DO POMBAL";"Falta de Atenção à Condução";"Colisão transversal";"Com Vítimas Fatais";"Pleno dia";"Decrescente";"Céu Claro";"Simples";"Reta";"Sim";3;2;0;0;1;0;0;2;-10,834883;-38,53615;"SPRF-BA";"DEL07-BA";"UOP02-DEL07-BA"
103783;2018-01-15;"segunda-feira";"08:00:00";"AC";364;123;"RIO BRANCO";"Desobediência às normas de trânsito pelo condutor";"Colisão transversal";"Com Vítimas Feridas";"Pleno dia";"Crescente";"Céu Claro";"Dupla";"Reta";"Não";2;0;1;0;1;0;1;2;-10,01174392;-67,78285503;"SPRF-AC";"DEL01-AC";"UOP01-DEL01-AC"
103787;2018-01-15;"segunda-feira";"17:20:00";"PR";376;511,8;"PONTA GROSSA";"Falta de Atenção à Condução";"Colisão traseira";"Com Vítimas Feridas";"Pleno dia";"Decrescente";"Chuva";"Dupla";"Reta";"Não";3;0;1;0;2;0;1;2;-25,2279648;-50,04683375;"SPRF-PR";"DEL03-PR";"UOP04-DEL03-PR"
103790;2018-01-15;"segunda-feira";"16:25:00";"MG";381;457;"SANTA LUZIA";"Falta de Atenção à Condução";"Colisão traseira";"Com Vítimas Feridas";"Pleno dia";"Decrescente";"Céu Claro";"Simples";"Curva";"Não";3;0;1;0;2;0;1;2;-19,8251756;-43,834037;"SPRF-MG";"DEL01-MG";"UOP01-DEL01-MG"
103791;2018-01-15;"segunda-feira";"16:35:00";"PA";316;38,4;"SANTA IZABEL DO PARA";"Desobediência às normas de trânsito pelo condutor";"Colisão transversal";"Com Vítimas Feridas";"Pleno dia";"Crescente";"Nublado";"Dupla";"Reta";"Não";2;0;1;1;0;0;2;2;-1,2815867;-48,13221395;"SPRF-PA";"DEL01-PA";"UOP01-DEL01-PA"
103792;2018-01-15;"segunda-feira";"16:20:00";"SP";116;432,5;"REGISTRO";"Falta de Atenção à Condução";"Colisão com objeto estático";"Com Vítimas Feridas";"Pleno dia";"Crescente";"Nublado";"Dupla";"Reta";"Não";1;0;1;0;0;0;1;1;-24,487978;-47,84402;"SPRF-SP";"DEL05-SP";"UOP01-DEL05-SP"
103794;2018-01-15;"segunda-feira";"14:39:00";"RJ";101;182;"RIO DAS OSTRAS";"Falta de Atenção à Condução";"Colisão lateral";"Com Vítimas Feridas";"Pleno dia";"Crescente";"Nublado";"Dupla";"Reta";"Não";2;0;1;0;1;0;1;2;-22,423382;-42,007942;"SPRF-RJ";"DEL02-RJ";"UOP04-DEL08-RJ"
103796;2018-01-15;"segunda-feira";"18:10:00";"SC";101;115,1;"ITAJAI";"Falta de Atenção à Condução";"Colisão lateral";"Com Vítimas Feridas";"Pleno dia";"Decrescente";"Garoa/Chuvisco";"Dupla";"Reta";"Sim";3;0;1;0;2;0;1;3;-26,87468875;-48,72784138;"SPRF-SC";"DEL04-SC";"UOP04-DEL04-SC"
103798;2018-01-15;"segunda-feira";"17:45:00";"SC";282;69,7;"RANCHO QUEIMADO";"Falta de Atenção à Condução";"Saída de leito carroçável";"Com Vítimas Feridas";"Pleno dia";"Crescente";"Chuva";"Simples";"Curva";"Não";2;0;2;0;0;0;2;1;-27,69406955;-49,0904223;"SPRF-SC";"DEL01-SC";"UOP03-DEL01-SC"
103802;2018-01-15;"segunda-feira";"18:30:00";"PR";116;41,8;"CAMPINA GRANDE DO SUL";"Velocidade Incompatível";"Colisão com objeto estático";"Com Vítimas Feridas";"Pleno dia";"Crescente";"Chuva";"Dupla";"Curva";"Não";1;0;1;0;0;0;1;1;-25,17579904;-48,87241758;"SPRF-PR";"DEL01-PR";"UOP02-DEL01-PR"
103803;2018-01-15;"segunda-feira";"18:10:00";"MG";381;908,6;"CAMBUI";"Velocidade Incompatível";"Tombamento";"Com Vítimas Feridas";"Pleno dia";"Decrescente";"Chuva";"Dupla";"Curva";"Não";1;0;1;0;0;0;1;1;-22,68378638;-46,10099316;"SPRF-MG";"DEL16-MG";"UOP03-DEL16-MG"
103805;2018-01-15;"segunda-feira";"17:45:00";"SC";101;313,5;"LAGUNA";"Falta de Atenção à Condução";"Colisão com objeto estático";"Com Vítimas Feridas";"Pleno dia";"Decrescente";"Nublado";"Dupla";"Ponte";"Não";4;0;3;1;0;0;4;1;-28,43639297;-48,83955002;"SPRF-SC";"DEL02-SC";"UOP01-DEL02-SC"
103806;2018-01-15;"segunda-feira";"18:50:00";"PR";376;474,2;"PONTA GROSSA";"Velocidade Incompatível";"Capotamento";"Sem Vítimas";"Pleno dia";"Crescente";"Chuva";"Dupla";"Curva";"Não";2;0;0;0;2;0;0;1;-25,03596557;-50,29910088;"SPRF-PR";"DEL03-PR";"UOP01-DEL03-PR"