"id";"data_inversa";"dia_semana";"horario";"uf";"br";"km";"municipio";"causa_acidente";"tipo_acidente";"classificacao_acidente";"fase_dia";"sentido_via";"condicao_metereologica";"tipo_pista";"tracado_via";"uso_solo";"pessoas";"mortos";"feridos_leves";"feridos_graves";"ilesos";"ignorados";"feridos";"veiculos";"latitude";"longitude";"regional";"delegacia";"uop"
103938;2018-01-16;"terça-feira";"10:10:00";"RO";364;706;"PORTO VELHO";"Mal Súbito";"Saída de leito carroçável";"Com Vítimas Feridas";"Pleno dia";"Crescente";"Chuva";"Dupla";"Curva";"Sim";1;0;1;0;0;0;1;1;-8,80086019;-63,83159906;"SPRF-RO";"DEL01-RO";"UOP01-DEL01-RO"
103939;2018-01-16;"terça-feira";"12:10:00";"BA";407;0,1;"JUAZEIRO";"Não guardar distância de segurança";"Colisão traseira";"Com Vítimas Feridas";"Pleno dia";"Crescente";"Céu Claro";"Simples";"Reta";"Sim";3;0;1;0;2;0;1;2;-9,4104381;-40,50553668;"SPRF-PE";"DEL06-PE";"UOP01-DEL06-PE"
103940;2018-01-16;"terça-feira";"11:30:00";"RN";226;112;"SANTA CRUZ";"Falta de Atenção à Condução";"Colisão frontal";"Com Vítimas Feridas";"Pleno dia";"Decrescente";"Céu Claro";"Simples";"Reta";"Sim";2;0;1;0;1;0;1;2;-6,22650048;-36,01679706;"SPRF-RN";"DEL03-RN";"UOP02-DEL03-RN"
103941;2018-01-16;"terça-feira";"13:15:00";"SP";153;58,9;"SAO JOSE DO RIO PRETO";"Falta de Atenção à Condução";"Colisão transversal";"Com Vítimas Feridas";"Pleno dia";"Crescente";"Céu Claro";"Simples";"Interseção de Vias";"Sim";3;0;2;0;1;0;2;2;-20,78599475;-49,35392234;"SPRF-SP";"DEL09-SP";"UOP01-DEL09-SP"
103944;2018-01-16;"terça-feira";"07:20:00";"MG";356;264,4;"MURIAE";"Falta de Atenção à Condução";"Colisão transversal";"Com Vítimas Feridas";"Pleno dia";"Decrescente";"Céu Claro";"Simples";"Interseção de Vias";"Sim";2;0;1;0;1;0;1;2;-21,12471703;-42,38132983;"SPRF-MG";"DEL07-MG";"UOP02-DEL07-MG"
103945;2018-01-16;"terça-feira";"12:50:00";"MG";381;876,2;"ESTIVA";"Velocidade Incompatível";"Capotamento";"Sem Vítimas";"Pleno dia";"Decrescente";"Céu Claro";"Dupla";"Curva";"Não";1;0;0;0;1;0;0;1;-22,43771668;-45,98369479;"SPRF-MG";"DEL16-MG";"UOP01-DEL16-MG"
103947;2018-01-16;"terça-feira";"12:00:00";"MG";381;922;"CAMANDUCAIA";"Falta de Atenção à Condução";"Queda de ocupante de veículo";"Com Vítimas Feridas";"Pleno dia";"Decrescente";"Nublado";"Dupla";"Curva";"Não";1;0;1;0;0;0;1;1;-22,76563596;-46,17402971;"SPRF-MG";"DEL16-MG";"UOP03-DEL16-MG"
103950;2018-01-16;"terça-feira";"12:15:00";"CE";222;2,1;"FORTALEZA";"Falta de Atenção à Condução";"Colisão transversal";"Sem Vítimas";"Pleno dia";"Decrescente";"Céu Claro";"Múltipla";"Reta";"Sim";2;0;0;0;2;0;0;2;-3,73916941;-38,58767509;"SPRF-CE";"DEL01-CE";"UOP01-DEL01-CE"
103951;2018-01-16;"terça-feira";"14:10:00";"PR";272;367,6;"CAMPO MOURAO";"Desobediência às normas de trânsito pelo condutor";"Colisão transversal";"Com Vítimas Feridas";"Pleno dia";"Crescente";"Céu Claro";"Dupla";"Reta";"Sim";2;0;0;1;1;0;1;2;-24,046;-52,3838;"SPRF-PR";"DEL04-PR";"UOP03-DEL09-PR"
103954;2018-01-16;"terça-feira";"14:35:00";"RJ";116;303;"RESENDE";"Avarias e/ou desgaste excessivo no pneu";"Tombamento";"Com Vítimas Feridas";"Pleno dia";"Decrescente";"Céu Claro";"Dupla";"Reta";"Não";1;0;1;0;0;0;1;1;-22,46937;-44,44705;"SPRF-RJ";"DEL07-RJ";"DEL5/7-UOP03/RJ"
103955;2018-01-16;"terça-feira";"14:00:00";"DF";20;10;"BRASILIA";"Objeto estático sobre o leito carroçável";"Capotamento";"Com Vítimas Feridas";"Pleno dia";"Crescente";"Céu Claro";"Dupla";"Reta";"Sim";2;0;0;2;0;0;2;1;-15,65367026;-47,78070954;"SPRF-DF";"DEL02-DF";"UOP01-DEL02-DF"
103956;2018-01-16;"terça-feira";"11:14:00";"RO";319;50;"PORTO VELHO";"Velocidade Incompatível";"Colisão lateral";"Com Vítimas Feridas";"Pleno dia";"Crescente";"Chuva";"Simples";"Reta";"Não";6;0;4;1;0;1;5;3;-8,7118255;-63,9845252;"SPRF-RO";"DEL01-RO";"UOP01-DEL01-RO"
103957;2018-01-16;"terça-feira";"13:20:00";"AL";101;137,1;"SAO MIGUEL DOS CAMPOS";"Falta de Atenção à Condução";"Colisão traseira";"Sem Vítimas";"Pleno dia";"Crescente";"Céu Claro";"Simples";"Reta";"Sim";5;0;0;0;4;1;0;5;-9,80332022;-36,11319674;"SPRF-AL";"DEL02-AL";"UOP01-DEL02-AL"
103960;2018-01-16;"terça-feira";"15:00:00";"SC";282;5;"SAO JOSE";"Falta de Atenção à Condução";"Colisão lateral";"Com Vítimas Feridas";"Pleno dia";"Crescente";"Céu Claro";"Dupla";"Reta";"Sim";2;0;1;0;1;0;1;2;-27,588425;-48,612919;"SPRF-SC";"DEL01-SC";"UOP01-DEL01-SC"
103961;2018-01-16;"terça-feira";"14:30:00";"SC";101;378;"ICARA";"Avarias e/ou desgaste excessivo no pneu";"Saída de leito carroçável";"Sem Vítimas";"Pleno dia";"Crescente";"Chuva";"Dupla";"Curva";"Não";1;0;0;0;1;0;0;1;-28,7459;-49,2584;"SPRF-SC";"DEL02-SC";"UOP01-DEL02-SC"
103963;2018-01-16;"terça-feira";"15:05:00";"RJ";40;119;"DUQUE DE CAXIAS";"Pista Escorregadia";"Queda de ocupante de veículo";"Com Vítimas Feridas";"Pleno dia";"Crescente";"Céu Claro";"Simples";"Viaduto";"Sim";2;0;2;0;0;0;2;1;-22,76366229;-43,28702867;"SPRF-RJ";"DEL01-RJ";"UOP01-DEL01-RJ"
103966;2018-01-16;"terça-feira";"15:40:00";"RS";392;6;"RIO GRANDE";"Falta de Atenção do Pedestre";"Atropelamento de Pedestre";"Com Vítimas Feridas";"Pleno dia";"Crescente";"Sol";"Simples";"Em Obras";"Sim";2;0;2;0;0;0;2;2;-32,08594522;-52,10633035;"SPRF-RS";"DEL07-RS";"UOP02-DEL07-RS"
103968;2018-01-16;"terça-feira";"14:00:00";"RJ";116;51,1;"TERESOPOLIS";"Condutor Dormindo";"Colisão frontal";"Com Vítimas Feridas";"Pleno dia";"Crescente";"Sol";"Simples";"Aclive";"Não";6;0;2;4;0;0;6;2;-22,18883554;-42,86303043;"SPRF-RJ";"DEL04-RJ";"UOP01-DEL04-RJ"
103971;2018-01-16;"terça-feira";"15:15:00";"SC";282;547;"CHAPECO";"Objeto estático sobre o leito carroçável";"Colisão com objeto estático";"Sem Vítimas";"Pleno dia";"Decrescente";"Chuva";"Simples";"Reta";"Não";1;0;0;0;1;0;0;1;-26,97527346;-52,74287224;"SPRF-SC";"DEL07-SC";"UOP01-DEL07-SC"
103973;2018-01-16;"terça-feira";"15:56:00";"PR";116;159,5;"MANDIRITUBA";"Avarias e/ou desgaste excessivo no pneu";"Saída de leito carroçável";"Com Vítimas Feridas";"Pleno dia";"Decrescente";"Céu Claro";"Simples";"Reta";"Não";2;0;1;1;0;0;2;1;-25,86452957;-49,41972108;"SPRF-PR";"DEL01-PR";"UOP03-DEL01-PR"
103974;2018-01-16;"terça-feira";"13:50:00";"PR";376;642;"TIJUCAS DO SUL";"Velocidade Incompatível";"Saída de leito carroçável";"Sem Vítimas";"Pleno dia";"Decrescente";"Nublado";"Dupla";"Curva";"Não";1;0;0;0;1;0;0;1;-25,80695409;-49,13488857;"SPRF-PR";"DEL01-PR";"DEL7/1-UOP08/PR"
103976;2018-01-16;"terça-feira";"15:22:00";"RS";116;1,8;"PORTO ALEGRE";"Falta de Atenção à Condução";"Colisão traseira";"Com Vítimas Feridas";"Pleno dia";"Decrescente";"Nublado";"Dupla";"Reta";"Sim";3;0;1;0;2;0;1;3;-29,98456238;-51,18093878;"SPRF-RS";"DEL05-RS";"UOP03-DEL05-RS"
103977;2018-01-16;"terça-feira";"16:25:00";"SC";101;144;"ITAPEMA";"Falta de Atenção à Condução";"Colisão traseira";"Com Vítimas Feridas";"Pleno dia";"Crescente";"Nublado";"Múltipla";"Reta";"Sim";2;0;1;0;1;0;1;2;-27,0816;-48,6012;"SPRF-SC";"DEL04-SC";"UOP03-DEL04-SC"
103978;2018-01-16;"terça-feira";"16:30:00";"SC";101;25;"JOINVILLE";"Velocidade Incompatível";"Queda de ocupante de veículo";"Com Vítimas Feridas";"Pleno dia";"Decrescente";"Nublado";"Simples";"Curva";"Sim";2;0;2;0;0;0;2;1;-26,18840718;-48,91160488;"SPRF-SC";"DEL03-SC";"UOP01-DEL03-SC"
103979;2018-01-16;"terça-feira";"15:30:00";"PE";101;18,4;"GOIANA";"Desobediência às normas de trânsito pelo condutor";"Colisão traseira";"Sem Vítimas";"Pleno dia";"Crescente";"Céu Claro";"Dupla";"Reta";"Não";4;0;0;0;4;0;0;3;-7,650673;-34,9476979;"SPRF-PE";"DEL01-PE";"UOP02-DEL01-PE"
103983;2018-01-16;"terça-feira";"17:00:00";"RJ";101;276,5;"TANGUA";"Falta de Atenção à Condução";"Colisão traseira";"Com Vítimas Fatais";"Pleno dia";"Crescente";"Sol";"Dupla";"Reta";"Sim";3;1;1;0;1;0;1;2;-22,73914279;-42,74348469;"SPRF-RJ";"DEL02-RJ";"UOP03-DEL02-RJ"
103984;2018-01-16;"terça-feira";"16:50:00";"SC";470;66,9;"INDAIAL";"Falta de Atenção à Condução";"Colisão transversal";"Com Vítimas Feridas";"Pleno dia";"Decrescente";"Chuva";"Simples";"Reta";"Sim";4;0;2;0;2;0;2;2;-26,87024814;-49,21045125;"SPRF-SC";"DEL04-SC";"UOP01-DEL04-SC"
103985;2018-01-16;"terça-feira";"14:00:00";"SC";280;124,6;"RIO NEGRINHO";"Defeito na Via";"Tombamento";"Com Vítimas Feridas";"Pleno dia";"Decrescente";"Nublado";"Simples";"Reta";"Não";1;0;1;0;0;0;1;1;-26,23885137;-49,48055436;"SPRF-SC";"DEL06-SC";"UOP03-DEL06-SC"
103988;2018-01-16;"terça-feira";"17:20:00";"MG";381;905;"CAMBUI";"Falta de Atenção à Condução";"Colisão com objeto estático";"Sem Vítimas";"Pleno dia";"Crescente";"Chuva";"Dupla";"Curva";"Não";1;0;0;0;1;0;0;1;-22,6662;-46,093;"SPRF-MG";"DEL16-MG";"UOP03-DEL16-MG"
103989;2018-01-16;"terça-feira";"17:20:00";"GO";40;2,3;"VALPARAISO DE GOIAS";"Falta de Atenção à Condução";"Colisão lateral";"Com Vítimas Feridas";"Pleno dia";"Crescente";"Sol";"Dupla";"Reta";"Sim";2;0;1;0;1;0;1;2;-16,0697708;-47,9848005;"SPRF-DF";"DEL01-DF";"UOP01-DEL01-DF"
103990;2018-01-16;"terça-feira";"17:15:00";"MG";381;481,7;"CONTAGEM";"Falta de Atenção à Condução";"Colisão traseira";"Com Vítimas Feridas";"Pleno dia";"Crescente";"Nublado";"Múltipla";"Reta";"Sim";3;0;2;0;1;0;2;2;-19,95888836;-44,07002449;"SPRF-MG";"DEL01-MG";"UOP03-DEL01-MG"
103991;2018-01-16;"terça-feira";"17:15:00";"GO";40;10,5;"LUZIANIA";"Falta de Atenção do Pedestre";"Atropelamento de Pedestre";"Com Vítimas Feridas";"Pleno dia";"Crescente";"Céu Claro";"Dupla";"Reta";"Sim";2;0;1;0;1;0;1;2;-16,13466928;-47,95504118;"SPRF-DF";"DEL01-DF";"UOP01-DEL01-DF"
103992;2018-01-16;"terça-feira";"17:40:00";"GO";414;399,5;"CORUMBA DE GOIAS";"Velocidade Incompatível";"Saída de leito carroçável";"Com Vítimas Feridas";"Anoitecer";"Decrescente";"Chuva";"Simples";"Declive;Curva";"Não";1;0;1;0;0;0;1;1;-15,97123144;-48,82427216;"SPRF-GO";"DEL02-GO";"UOP01-DEL02-GO"
103993;2018-01-16;"terça-feira";"16:40:00";"RS";116;78,9;"CAMPESTRE DA SERRA";"Velocidade Incompatível";"Saída de leito carroçável";"Sem Vítimas";"Pleno dia";"Crescente";"Chuva";"Simples";"Curva;Declive";"Sim";1;0;0;0;1;0;0;1;-28,78976713;-51,09560966;"SPRF-RS";"DEL05-RS";"UOP03-DEL05-RS"
103994;2018-01-16;"terça-feira";"18:10:00";"SC";101;149;"ITAPEMA";"Velocidade Incompatível";"Colisão lateral";"Com Vítimas Feridas";"Pleno dia";"Crescente";"Céu Claro";"Simples";"Reta";"Sim";2;0;1;0;1;0;1;2;-27,1175;-48,6092;"SPRF-SC";"DEL04-SC";"UOP03-DEL04-SC"
103995;2018-01-16;"terça-feira";"16:00:00";"RN";101;163,5;"CANGUARETAMA";"Falta de Atenção à Condução";"Colisão traseira";"Com Vítimas Feridas";"Pleno dia";"Decrescente";"Céu Claro";"Dupla";"Reta";"Não";3;0;2;0;1;0;2;3;-6,3974385;-35,13753185;"SPRF-RN";"DEL01-RN";"UOP01-DEL01-RN"
103996;2018-01-16;"terça-feira";"18:05:00";"RS";472;577;"URUGUAIANA";"Falta de Atenção à Condução";"Colisão lateral";"Com Vítimas Feridas";"Pleno dia";"Crescente";"Céu Claro";"Simples";"Reta";"Sim";2;0;1;0;1;0;1;2;-29,77879352;-57,06178665;"SPRF-RS";"DEL13-RS";"UOP01-DEL13-RS"
103997;2018-01-16;"terça-feira";"17:55:00";"PR";376;177,7;"MARINGA";"Falta de Atenção à Condução";"Colisão com objeto estático";"Com Vítimas Feridas";"Pleno dia";"Decrescente";"Nublado";"Dupla";"Reta";"Sim";1;0;1;0;0;0;1;1;-23,41518535;-51,92453471;"SPRF-PR";"DEL07-PR";"UOP01-DEL09-PR"
103998;2018-01-16;"terça-feira";"17:15:00";"GO";153;372,5;"JARAGUA";"Falta de Atenção à Condução";"Colisão com objeto estático";"Sem Vítimas";"Pleno dia";"Decrescente";"Céu Claro";"Simples";"Reta";"Não";1;0;0;0;1;0;0;1;-15,766983;-49,309837;"SPRF-GO";"DEL02-GO";"UOP02-DEL02-GO"
103999;2018-01-16;"terça-feira";"18:25:00";"RS";287;263,2;"SANTA MARIA";"Falta de Atenção à Condução";"Colisão transversal";"Com Vítimas Feridas";"Pleno dia";"Crescente";"Céu Claro";"Simples";"Interseção de Vias";"Não";2;0;1;0;1;0;1;2;-29,67489132;-53,9953351;"SPRF-RS";"DEL09-RS";"UOP01-DEL09-RS"
104005;2018-01-16;"terça-feira";"18:40:00";"PR";376;251,9;"APUCARANA";"Defeito na Via";"Saída de leito carroçável";"Sem Vítimas";"Anoitecer";"Crescente";"Chuva";"Dupla";"Curva";"Não";5;0;0;0;5;0;0;3;-23,62458429;-51,38434942;"SPRF-PR";"DEL07-PR";"UOP03-DEL07-PR"
104006;2018-01-16;"terça-feira";"18:10:00";"PA";163;1002;"SANTAREM";"Falta de Atenção à Condução";"Colisão transversal";"Com Vítimas Feridas";"Anoitecer";"Crescente";"Nublado";"Simples";"Interseção de Vias";"Sim";2;0;1;0;0;1;1;2;-2,4560651;-54,72873688;"SPRF-PA";"DEL05-PA";"UOP01-DEL05-PA"
104008;2018-01-16;"terça-feira";"19:00:00";"RJ";116;177,2;"NOVA IGUACU";"Falta de Atenção à Condução";"Colisão lateral";"Com Vítimas Feridas";"Pleno dia";"Crescente";"Céu Claro";"Dupla";"Reta";"Sim";3;0;2;0;1;0;2;2;-22,75278434;-43,43685418;"SPRF-RJ";"DEL01-RJ";"UOP02-DEL01-RJ"
104009;2018-01-16;"terça-feira";"18:20:00";"CE";116;4;"FORTALEZA";"Falta de Atenção do Pedestre";"Atropelamento de Pedestre";"Com Vítimas Feridas";"Pleno dia";"Crescente";"Céu Claro";"Dupla";"Reta";"Não";2;0;1;1;0;0;2;2;-3,783286;-38,513013;"SPRF-CE";"DEL01-CE";"UOP02-DEL01-CE"
104011;2018-01-16;"terça-feira";"18:45:00";"SC";470;124,5;"IBIRAMA";"Velocidade Incompatível";"Colisão lateral";"Sem Vítimas";"Pleno dia";"Crescente";"Chuva";"Simples";"Curva";"Sim";2;0;0;0;2;0;0;2;-27,10576082;-49,5218879;"SPRF-SC";"DEL04-SC";"UOP02-DEL04-SC"
104013;2018-01-16;"terça-feira";"10:30:00";"BA";242;302;"ANDARAI";"Falta de Atenção à Condução";"Atropelamento de Pedestre";"Com Vítimas Feridas";"Pleno dia";"Crescente";"Céu Claro";"Simples";"Reta";"Não";2;0;1;0;0;1;1;2;-12,47345325;-41,10195637;"SPRF-BA";"DEL06-BA";"UOP01-DEL06-BA"
104016;2018-01-16;"terça-feira";"18:00:00";"PA";10;221;"IPIXUNA DO PARA";"Falta de Atenção à Condução";"Capotamento";"Com Vítimas Feridas";"Anoitecer";"Crescente";"Céu Claro";"Simples";"Curva";"Não";2;0;1;0;1;0;1;1;-2,55864;-47,4959;"SPRF-PA";"DEL02-PA";"UOP01-DEL02-PA"
104017;2018-01-16;"terça-feira";"19:50:00";"MT";70;0,4;"BARRA DO GARCAS";"Desobediência às normas de trânsito pelo condutor";"Colisão com objeto em movimento";"Com Vítimas Feridas";"Plena Noite";"Crescente";"Céu Claro";"Simples";"Rotatória";"Sim";2;0;1;0;0;1;1;2;-15,89402239;-52,25840658;"SPRF-MT";"DEL07-MT";"UOP01-DEL07-MT"
104018;2018-01-16;"terça-feira";"15:00:00";"BA";110;268;"RIBEIRA DO AMPARO";"Falta de Atenção do Pedestre";"Atropelamento de Pedestre";"Com Vítimas Fatais";"Pleno dia";"Decrescente";"Sol";"Simples";"Reta";"Sim";2;1;0;0;1;0;0;2;-11;-38,29755;"SPRF-BA";"DEL01-BA";"UOP04-DEL01-BA"
104020;2018-01-16;"terça-feira";"19:30:00";"RJ";101;170;"MACAE";"Falta de Atenção à Condução";"Tombamento";"Com Vítimas Feridas";"Anoitecer";"Decrescente";"Céu Claro";"Simples";"Curva";"Não";2;0;0;1;1;0;1;1;-22,35942393;-41,9305122;"SPRF-RJ";"DEL02-RJ";"UOP04-DEL08-RJ"
104022;2018-01-16;"terça-feira";"20:35:00";"SP";153;161,3;"PROMISSAO";"Falta de Atenção à Condução";"Tombamento";"Sem Vítimas";"Plena Noite";"Crescente";"Nublado";"Simples";"Interseção de Vias";"Não";1;0;0;0;0;1;0;1;-21,51903438;-49,78098031;"SPRF-SP";"DEL07-SP";"UOP01-DEL07-SP"
104023;2018-01-16;"terça-feira";"11:30:00";"MS";267;169;"NOVA ANDRADINA";"Falta de Atenção à Condução";"Capotamento";"Sem Vítimas";"Pleno dia";"Crescente";"Sol";"Simples";"Reta";"Não";2;0;0;0;2;0;0;1;-22,233791;-53,343494;"SPRF-MS";"DEL02-MS";"DEL3/7-UOP02/MS"
104024;2018-01-16;"terça-feira";"20:00:00";"ES";101;293;"CARIACICA";"Falta de Atenção à Condução";"Colisão lateral";"Com Vítimas Feridas";"Plena Noite";"Decrescente";"Céu Claro";"Dupla";"Reta";"Não";2;0;1;0;0;1;1;2;-20,26437;-40,420345;"SPRF-ES";"DEL01-ES";"UOP01-DEL01-ES"
104026;2018-01-16;"terça-feira";"21:36:00";"SP";116;228,1;"SAO PAULO";"Falta de Atenção do Pedestre";"Atropelamento de Pedestre";"Com Vítimas Feridas";"Plena Noite";"Decrescente";"Nublado";"Múltipla";"Reta";"Sim";2;0;1;0;0;1;1;2;-23,50087574;-46,56167462;"SPRF-SP";"DEL01-SP";"UOP01-DEL01-SP"
104027;2018-01-16;"terça-feira";"21:45:00";"MG";146;606,3;"POCOS DE CALDAS";"Ingestão de Álcool";"Saída de leito carroçável";"Com Vítimas Feridas";"Plena Noite";"Crescente";"Céu Claro";"Simples";"Reta;Aclive";"Não";2;0;2;0;0;0;2;1;-21,80559754;-46,45711541;"SPRF-MG";"DEL09-MG";"UOP01-DEL09-MG"
104028;2018-01-16;"terça-feira";"20:30:00";"MT";163;992;"TERRA NOVA DO NORTE";"Falta de Atenção à Condução";"Colisão traseira";"Com Vítimas Feridas";"Plena Noite";"Crescente";"Céu Claro";"Simples";"Reta";"Não";2;0;1;0;0;1;1;2;-10,517362;-55,231255;"SPRF-MT";"DEL06-MT";"UOP02-DEL06-MT"
104029;2018-01-16;"terça-feira";"21:35:00";"PR";277;109,5;"CAMPO LARGO";"Falta de Atenção do Pedestre";"Atropelamento de Pedestre";"Com Vítimas Fatais";"Plena Noite";"Decrescente";"Garoa/Chuvisco";"Dupla";"Reta";"Sim";2;1;0;0;0;1;0;2;-25,44303841;-49,45160861;"SPRF-PR";"DEL01-PR";"UOP06-DEL01-PR"
104030;2018-01-16;"terça-feira";"23:00:00";"RS";472;570;"URUGUAIANA";"Animais na Pista";"Atropelamento de Animal";"Com Vítimas Feridas";"Plena Noite";"Crescente";"Céu Claro";"Simples";"Reta";"Não";3;0;3;0;0;0;3;1;-29,75518;-57,08882;"SPRF-RS";"DEL13-RS";"UOP01-DEL13-RS"
104031;2018-01-16;"terça-feira";"16:00:00";"RJ";101;503;"ANGRA DOS REIS";"Falta de Atenção à Condução";"Colisão transversal";"Com Vítimas Feridas";"Pleno dia";"Crescente";"Céu Claro";"Simples";"Reta";"Sim";2;0;0;1;1;0;1;2;-23,00715;-44,318436;"SPRF-RJ";"DEL03-RJ";"UOP03-DEL03-RJ"
104032;2018-01-16;"terça-feira";"22:10:00";"RS";287;247,8;"SANTA MARIA";"Falta de Atenção à Condução";"Colisão transversal";"Com Vítimas Feridas";"Plena Noite";"Crescente";"Céu Claro";"Simples";"Interseção de Vias;Em Obras;Reta";"Sim";2;0;1;0;1;0;1;2;-29,69863098;-53,84431601;"SPRF-RS";"DEL09-RS";"UOP01-DEL09-RS"
104033;2018-01-16;"terça-feira";"22:10:00";"RS";470;161,4;"NOVA PRATA";"Não guardar distância de segurança";"Colisão lateral";"Sem Vítimas";"Plena Noite";"Crescente";"Nublado";"Simples";"Reta";"Não";2;0;0;0;2;0;0;2;-28,81726633;-51,59441471;"SPRF-RS";"DEL06-RS";"UOP02-DEL06-RS"
104035;2018-01-16;"terça-feira";"22:40:00";"SC";101;213,7;"PALHOCA";"Ingestão de Álcool";"Colisão lateral";"Com Vítimas Feridas";"Plena Noite";"Decrescente";"Nublado";"Dupla";"Interseção de Vias";"Não";2;0;1;0;1;0;1;2;-27,63942723;-48,66672527;"SPRF-SC";"DEL01-SC";"UOP02-DEL01-SC"
104036;2018-01-16;"terça-feira";"22:30:00";"RS";386;349;"ESTRELA";"Mal Súbito";"Saída de leito carroçável";"Com Vítimas Feridas";"Plena Noite";"Decrescente";"Céu Claro";"Dupla";"Interseção de Vias";"Sim";3;0;3;0;0;0;3;1;-29,48586988;-51,95448426;"SPRF-RS";"DEL04-RS";"UOP01-DEL04-RS"
104037;2018-01-16;"terça-feira";"22:45:00";"SP";381;34;"ATIBAIA";"Defeito Mecânico no Veículo";"Incêndio";"Sem Vítimas";"Plena Noite";"Decrescente";"Chuva";"Dupla";"Reta";"Não";1;0;0;0;0;1;0;1;-23,08718781;-46,57103285;"SPRF-SP";"DEL03-SP";"UOP02-DEL03-SP"
104038;2018-01-16;"terça-feira";"23:07:00";"SP";116;57,4;"GUARATINGUETA";"Falta de Atenção à Condução";"Colisão com objeto em movimento";"Com Vítimas Feridas";"Plena Noite";"Crescente";"Céu Claro";"Simples";"Reta";"Sim";2;0;0;2;0;0;2;2;-22,77630662;-45,14090818;"SPRF-SP";"DEL08-SP";"UOP01-DEL08-SP"
104040;2018-01-16;"terça-feira";"21:30:00";"PR";116;99;"SAO JOSE DOS PINHAIS";"Pista Escorregadia";"Saída de leito carroçável";"Sem Vítimas";"Plena Noite";"Decrescente";"Chuva";"Dupla";"Reta";"Não";1;0;0;0;1;0;0;1;-25,526846;-49,140408;"SPRF-PR";"DEL01-PR";"UOP07-DEL01-PR"
104044;2018-01-16;"terça-feira";"23:20:00";"SP";116;484;"CAJATI";"Restrição de Visibilidade";"Colisão traseira";"Sem Vítimas";"Plena Noite";"Crescente";"Céu Claro";"Dupla";"Reta";"Não";1;0;0;0;1;0;0;1;-24,73659;-48,12319;"SPRF-SP";"DEL05-SP";"UAP01-DEL05-SP"
104046;2018-01-17;"quarta-feira";"00:35:00";"RJ";101;294;"ITABORAI";"Falta de Atenção à Condução";"Queda de ocupante de veículo";"Com Vítimas Fatais";"Plena Noite";"Decrescente";"Céu Claro";"Dupla";"Reta";"Sim";1;1;0;0;0;0;0;1;-22,758444;-42,895023;"SPRF-RJ";"DEL02-RJ";"DEL5/2-UOP04/RJ"
104047;2018-01-17;"quarta-feira";"00:30:00";"MG";381;719;"CARMO DA CACHOEIRA";"Condutor Dormindo";"Saída de leito carroçável";"Com Vítimas Feridas";"Plena Noite";"Crescente";"Céu Claro";"Dupla";"Reta;Aclive";"Não";5;0;5;0;0;0;5;1;-21,4253;-45,2122;"SPRF-MG";"DEL04-MG";"UOP02-DEL04-MG"
104049;2018-01-17;"quarta-feira";"01:30:00";"RS";116;511,8;"PELOTAS";"Falta de Atenção à Condução";"Colisão traseira";"Com Vítimas Feridas";"Plena Noite";"Decrescente";"Céu Claro";"Dupla";"Ponte;Reta";"Não";2;0;1;1;0;0;2;2;-31,772423;-52,34297;"SPRF-RS";"DEL07-RS";"UOP01-DEL07-RS"
104052;2018-01-17;"quarta-feira";"01:20:00";"SC";101;205,3;"SAO JOSE";"Falta de Atenção à Condução";"Colisão com objeto estático";"Sem Vítimas";"Plena Noite";"Decrescente";"Chuva";"Múltipla";"Reta";"Sim";1;0;0;0;0;1;0;1;-27,589;-48,617;"SPRF-SC";"DEL01-SC";"UOP01-DEL01-SC"
104056;2018-01-17;"quarta-feira";"01:45:00";"RO";364;340;"JI-PARANA";"Desobediência às normas de trânsito pelo condutor";"Colisão lateral";"Com Vítimas Feridas";"Plena Noite";"Decrescente";"Garoa/Chuvisco";"Múltipla";"Reta";"Sim";3;0;1;0;2;0;1;2;-10,898911;-61,930458;"SPRF-RO";"DEL02-RO";"UOP01-DEL02-RO"
104057;2018-01-17;"quarta-feira";"02:40:00";"GO";153;498;"GOIANIA";"Falta de Atenção à Condução";"Saída de leito carroçável";"Sem Vítimas";"Plena Noite";"Crescente";"Céu Claro";"Dupla";"Curva;Aclive";"Sim";1;0;0;0;0;1;0;1;-16,6939;-49,2321;"SPRF-GO";"DEL01-GO";"UOP01-DEL01-GO"
104062;2018-01-17;"quarta-feira";"04:55:00";"RJ";101;289;"ITABORAI";"Falta de Atenção à Condução";"Colisão com objeto estático";"Com Vítimas Feridas";"Plena Noite";"Decrescente";"Céu Claro";"Dupla";"Reta";"Sim";1;0;1;0;0;0;1;1;-22,763754;-42,851696;"SPRF-RJ";"DEL02-RJ";"UOP03-DEL02-RJ"
104070;2018-01-17;"quarta-feira";"06:16:00";"PR";277;730;"FOZ DO IGUACU";"Falta de Atenção do Pedestre";"Atropelamento de Pedestre";"Com Vítimas Feridas";"Amanhecer";"Decrescente";"Céu Claro";"Dupla";"Curva";"Sim";2;0;0;1;0;1;1;2;-25,50907379;-54,59320486;"SPRF-PR";"DEL05-PR";"UOP03-DEL05-PR"
104076;2018-01-17;"quarta-feira";"07:15:00";"RJ";40;122;"DUQUE DE CAXIAS";"Falta de Atenção à Condução";"Queda de ocupante de veículo";"Com Vítimas Feridas";"Pleno dia";"Crescente";"Nublado";"Múltipla";"Reta";"Não";2;0;1;0;1;0;1;2;-22,79025745;-43,28578949;"SPRF-RJ";"DEL01-RJ";"UOP01-DEL01-RJ"