"id";"data_inversa";"dia_semana";"horario";"uf";"br";"km";"municipio";"causa_acidente";"tipo_acidente";"classificacao_acidente";"fase_dia";"sentido_via";"condicao_metereologica";"tipo_pista";"tracado_via";"uso_solo";"pessoas";"mortos";"feridos_leves";"feridos_graves";"ilesos";"ignorados";"feridos";"veiculos";"latitude";"longitude";"regional";"delegacia";"uop"
104233;2018-01-17;"quarta-feira";"21:00:00";"CE";304;53,5;"ARACATI";"Animais na Pista";"Atropelamento de Animal";"Com Vítimas Feridas";"Plena Noite";"Decrescente";"Ignorado";"Simples";"Reta";"Não";2;0;1;0;1;0;1;1;-4,5669045;-37,7290731;"SPRF-CE";"DEL03-CE";"UOP03-DEL03-CE"
104237;2018-01-17;"quarta-feira";"07:30:00";"MG";116;145,5;"PONTO DOS VOLANTES";"Velocidade Incompatível";"Capotamento";"Com Vítimas Feridas";"Pleno dia";"Crescente";"Céu Claro";"Simples";"Curva";"Não";3;0;3;0;0;0;3;1;-16,753242;-41,504513;"SPRF-MG";"DEL11-MG";"UOP02-DEL11-MG"
104238;2018-01-18;"quinta-feira";"00:00:00";"MT";163;714;"SORRISO";"Falta de Atenção à Condução";"Atropelamento de Pedestre";"Com Vítimas Fatais";"Plena Noite";"Crescente";"Céu Claro";"Simples";"Reta";"Sim";2;1;0;0;1;0;0;2;-12,545702;-55,71182;"SPRF-MT";"DEL06-MT";"UOP01-DEL06-MT"
104241;2018-01-18;"quinta-feira";"01:00:00";"PE";428;189;"PETROLINA";"Ingestão de Álcool";"Colisão transversal";"Com Vítimas Feridas";"Plena Noite";"Decrescente";"Céu Claro";"Simples";"Curva";"Sim";3;0;1;1;1;0;2;2;-9,37744272;-40,50033596;"SPRF-PE";"DEL06-PE";"UOP01-DEL06-PE"
104242;2018-01-18;"quinta-feira";"00:50:00";"PA";316;8;"ANANINDEUA";"Ingestão de Álcool";"Colisão transversal";"Com Vítimas Feridas";"Plena Noite";"Crescente";"Nublado";"Simples";"Reta";"Sim";2;0;1;1;0;0;2;2;-1,3659343;-48,3726;"SPRF-PA";"DEL01-PA";"DEL19/1-UOP05/PA"
104243;2018-01-17;"quarta-feira";"23:20:00";"SC";280;103;"SAO BENTO DO SUL";"Pista Escorregadia";"Capotamento";"Sem Vítimas";"Plena Noite";"Decrescente";"Chuva";"Simples";"Curva";"Não";1;0;0;0;1;0;0;1;-26,359613;-49,346687;"SPRF-SC";"DEL06-SC";"UOP03-DEL06-SC"
104244;2018-01-18;"quinta-feira";"02:40:00";"MG";381;350;"JOAO MONLEVADE";"Condutor Dormindo";"Saída de leito carroçável";"Com Vítimas Feridas";"Plena Noite";"Crescente";"Céu Claro";"Simples";"Curva";"Não";2;0;1;0;1;0;1;1;-19,86008041;-43,11135471;"SPRF-MG";"DEL03-MG";"UOP01-DEL03-MG"
104249;2018-01-18;"quinta-feira";"02:55:00";"SC";0;0;"PALHOCA";"Condutor Dormindo";"Colisão com objeto estático";"Com Vítimas Feridas";"Plena Noite";"Não Informado";"Nublado";"Dupla";"Reta";"Sim";1;0;1;0;0;0;1;1;-27,64744182;-48,67276125;"SPRF-SC";"DEL01-SC";"UOP02-DEL01-SC"
104251;2018-01-18;"quinta-feira";"02:30:00";"MA";222;394;"TUFILANDIA";"Animais na Pista";"Saída de leito carroçável";"Com Vítimas Feridas";"Amanhecer";"Decrescente";"Céu Claro";"Simples";"Reta";"Sim";3;0;2;0;1;0;2;1;-3,7019;-45,5885;"SPRF-MA";"DEL02-MA";"UI04-DEL02-MA"
104254;2018-01-18;"quinta-feira";"04:20:00";"RS";386;36,1;"FREDERICO WESTPHALEN";"Ingestão de Álcool";"Colisão frontal";"Sem Vítimas";"Plena Noite";"Decrescente";"Nublado";"Simples";"Reta";"Sim";2;0;0;0;2;0;0;2;-27,37669902;-53,39811444;"SPRF-RS";"DEL08-RS";"UOP02-DEL08-RS"
104255;2018-01-18;"quinta-feira";"05:05:00";"SP";381;83,5;"SAO PAULO";"Falta de Atenção à Condução";"Colisão com objeto em movimento";"Sem Vítimas";"Plena Noite";"Crescente";"Céu Claro";"Dupla";"Reta";"Sim";2;0;0;0;2;0;0;2;-23,44424058;-46,56862188;"SPRF-SP";"DEL03-SP";"DEL6/3-UOP03/SP"
104256;2018-01-18;"quinta-feira";"04:30:00";"MS";163;458;"CAMPO GRANDE";"Falta de Atenção do Pedestre";"Atropelamento de Pedestre";"Com Vítimas Fatais";"Plena Noite";"Crescente";"Céu Claro";"Simples";"Reta";"Não";2;1;0;0;0;1;0;2;-20,63680046;-54,56928715;"SPRF-MS";"DEL01-MS";"UOP01-DEL01-MS"
104260;2018-01-18;"quinta-feira";"04:30:00";"PE";408;102,8;"JABOATAO DOS GUARARAPES";"Falta de Atenção à Condução";"Colisão traseira";"Com Vítimas Feridas";"Amanhecer";"Decrescente";"Céu Claro";"Dupla";"Aclive";"Sim";2;0;0;1;1;0;1;2;-8,07333783;-34,99181187;"SPRF-PE";"DEL01-PE";"UOP01-DEL01-PE"
104262;2018-01-18;"quinta-feira";"06:00:00";"MG";381;709;"NEPOMUCENO";"Falta de Atenção à Condução";"Colisão com objeto estático";"Com Vítimas Feridas";"Pleno dia";"Crescente";"Céu Claro";"Dupla";"Curva";"Não";2;0;1;0;1;0;1;1;-21,3542;-45,1812;"SPRF-MG";"DEL04-MG";"UOP02-DEL04-MG"
104263;2018-01-18;"quinta-feira";"06:45:00";"ES";101;141,1;"LINHARES";"Não guardar distância de segurança";"Colisão traseira";"Com Vítimas Feridas";"Pleno dia";"Crescente";"Céu Claro";"Múltipla";"Reta";"Sim";3;0;1;0;2;0;1;2;-19,39159;-40,072563;"SPRF-ES";"DEL04-ES";"UOP01-DEL04-ES"
104265;2018-01-18;"quinta-feira";"01:40:00";"SC";470;5;"NAVEGANTES";"Animais na Pista";"Atropelamento de Animal";"Com Vítimas Feridas";"Plena Noite";"Crescente";"Nublado";"Simples";"Reta";"Não";1;0;1;0;0;0;1;1;-26,84554847;-48,7147655;"SPRF-SC";"DEL04-SC";"UOP04-DEL04-SC"
104267;2018-01-18;"quinta-feira";"06:40:00";"SP";116;146,7;"SAO JOSE DOS CAMPOS";"Falta de Atenção à Condução";"Colisão lateral";"Com Vítimas Feridas";"Pleno dia";"Crescente";"Céu Claro";"Dupla";"Reta;Aclive";"Não";2;0;1;0;1;0;1;2;-23,19291384;-45,86699188;"SPRF-SP";"DEL02-SP";"UOP01-DEL02-SP"
104269;2018-01-18;"quinta-feira";"07:10:00";"PR";369;144,6;"LONDRINA";"Velocidade Incompatível";"Colisão transversal";"Com Vítimas Feridas";"Pleno dia";"Crescente";"Céu Claro";"Dupla";"Retorno Regulamentado";"Não";3;0;0;2;1;0;2;2;-23,29339217;-51,10772696;"SPRF-PR";"DEL07-PR";"UOP01-DEL07-PR"
104270;2018-01-18;"quinta-feira";"06:00:00";"MS";60;543,6;"NIOAQUE";"Desobediência às normas de trânsito pelo condutor";"Colisão traseira";"Com Vítimas Feridas";"Amanhecer";"Decrescente";"Céu Claro";"Simples";"Reta";"Sim";2;0;0;1;1;0;1;2;-21;-55,82402;"SPRF-MS";"DEL05-MS";"UOP01-DEL05-MS"
104271;2018-01-18;"quinta-feira";"04:30:00";"AL";104;85,5;"RIO LARGO";"Falta de Atenção à Condução";"Colisão traseira";"Sem Vítimas";"Plena Noite";"Crescente";"Céu Claro";"Dupla";"Reta";"Sim";3;0;0;0;2;1;0;2;-9,478767;-35,85363;"SPRF-AL";"DEL01-AL";"UOP01-DEL01-AL"
104272;2018-01-18;"quinta-feira";"07:30:00";"DF";70;3;"BRASILIA";"Falta de Atenção à Condução";"Colisão lateral";"Com Vítimas Feridas";"Pleno dia";"Decrescente";"Céu Claro";"Dupla";"Reta";"Sim";5;0;1;0;4;0;1;2;-15,802453;-48,080387;"SPRF-DF";"DEL01-DF";"UOP02-DEL03-DF"
104273;2018-01-18;"quinta-feira";"07:30:00";"PR";277;707,5;"SANTA TEREZINHA DE ITAIPU";"Falta de Atenção à Condução";"Queda de ocupante de veículo";"Com Vítimas Feridas";"Pleno dia";"Crescente";"Céu Claro";"Dupla";"Reta";"Não";2;0;2;0;0;0;2;1;-25,44098312;-54,39109694;"SPRF-PR";"DEL05-PR";"UOP01-DEL05-PR"
104274;2018-01-18;"quinta-feira";"05:54:00";"BA";324;531;"FEIRA DE SANTANA";"Pista Escorregadia";"Colisão com objeto estático";"Com Vítimas Feridas";"Amanhecer";"Decrescente";"Garoa/Chuvisco";"Dupla";"Curva;Aclive";"Não";5;0;1;0;4;0;1;1;-12,34449813;-38,83993685;"SPRF-BA";"DEL01-BA";"UOP01-DEL01-BA"
104275;2018-01-18;"quinta-feira";"07:40:00";"SC";470;53;"BLUMENAU";"Desobediência às normas de trânsito pelo condutor";"Colisão lateral";"Com Vítimas Feridas";"Pleno dia";"Decrescente";"Nublado";"Simples";"Reta";"Sim";2;0;1;0;1;0;1;2;-26,86188324;-49,08261716;"SPRF-SC";"DEL04-SC";"UOP01-DEL04-SC"
104278;2018-01-18;"quinta-feira";"02:00:00";"MA";222;178;"ITAPECURU MIRIM";"Defeito Mecânico no Veículo";"Saída de leito carroçável";"Sem Vítimas";"Plena Noite";"Decrescente";"Céu Claro";"Simples";"Reta";"Não";1;0;0;0;1;0;0;1;-3,3928914;-44,358963;"SPRF-MA";"DEL01-MA";"DEL18/1-UOP03/MA"
104279;2018-01-18;"quinta-feira";"06:00:00";"RS";470;250,1;"SAO PEDRO DA SERRA";"Velocidade Incompatível";"Saída de leito carroçável";"Sem Vítimas";"Amanhecer";"Decrescente";"Céu Claro";"Simples";"Curva";"Não";1;0;0;0;0;1;0;1;-29,40670323;-51,51367117;"SPRF-RS";"DEL06-RS";"UOP01-DEL06-RS"
104282;2018-01-18;"quinta-feira";"07:00:00";"PI";407;423,7;"PICOS";"Falta de Atenção à Condução";"Saída de leito carroçável";"Com Vítimas Feridas";"Pleno dia";"Decrescente";"Sol";"Simples";"Reta";"Não";3;0;2;1;0;0;3;1;-7,08464821;-41,42971208;"SPRF-PI";"DEL04-PI";"UOP01-DEL04-PI"
104285;2018-01-18;"quinta-feira";"08:10:00";"PR";369;141,4;"IBIPORA";"Falta de Atenção à Condução";"Colisão traseira";"Sem Vítimas";"Pleno dia";"Crescente";"Chuva";"Dupla";"Reta;Aclive";"Sim";3;0;0;0;3;0;0;3;-23,28730138;-51,07779622;"SPRF-PR";"DEL07-PR";"UOP01-DEL07-PR"
104287;2018-01-18;"quinta-feira";"08:40:00";"RS";285;477,7;"CORONEL BARROS";"Condutor Dormindo";"Saída de leito carroçável";"Sem Vítimas";"Pleno dia";"Decrescente";"Céu Claro";"Simples";"Reta;Declive";"Sim";1;0;0;0;1;0;0;1;-28,38279137;-54,05538172;"SPRF-RS";"DEL10-RS";"UOP01-DEL10-RS"
104288;2018-01-18;"quinta-feira";"07:30:00";"PB";101;122,6;"CAAPORA";"Pista Escorregadia";"Saída de leito carroçável";"Com Vítimas Feridas";"Pleno dia";"Crescente";"Chuva";"Dupla";"Curva;Declive";"Não";3;0;1;0;2;0;1;1;-7,45785;-34,981046;"SPRF-PB";"DEL01-PB";"UOP01-DEL01-PB"
104290;2018-01-18;"quinta-feira";"09:00:00";"GO";153;683,4;"ITUMBIARA";"Condutor Dormindo";"Capotamento";"Sem Vítimas";"Pleno dia";"Crescente";"Céu Claro";"Dupla";"Reta";"Não";1;0;0;0;1;0;0;1;-18,24479926;-49,25400496;"SPRF-GO";"DEL03-GO";"UOP02-DEL03-GO"
104292;2018-01-18;"quinta-feira";"06:50:00";"MA";135;12,7;"SAO LUIS";"Pista Escorregadia";"Tombamento";"Com Vítimas Feridas";"Pleno dia";"Decrescente";"Nublado";"Dupla";"Reta";"Não";2;0;2;0;0;0;2;1;-2,5922241;-44,33582067;"SPRF-MA";"DEL01-MA";"UOP01-DEL01-MA"
104293;2018-01-18;"quinta-feira";"07:35:00";"MG";381;484,9;"BETIM";"Falta de Atenção à Condução";"Colisão traseira";"Com Vítimas Feridas";"Pleno dia";"Decrescente";"Sol";"Dupla";"Reta";"Sim";3;0;1;0;2;0;1;2;-19,9592085;-44,08857334;"SPRF-MG";"DEL01-MG";"UOP03-DEL01-MG"
104294;2018-01-18;"quinta-feira";"07:45:00";"PB";230;32;"BAYEUX";"Falta de Atenção à Condução";"Colisão traseira";"Sem Vítimas";"Pleno dia";"Decrescente";"Garoa/Chuvisco";"Dupla";"Reta";"Não";2;0;0;0;2;0;0;2;-7,12778612;-34,93983838;"SPRF-PB";"DEL01-PB";"UOP01-DEL01-PB"
104296;2018-01-18;"quinta-feira";"08:40:00";"SP";153;73,6;"SAO JOSE DO RIO PRETO";"Falta de Atenção à Condução";"Colisão traseira";"Com Vítimas Feridas";"Pleno dia";"Decrescente";"Garoa/Chuvisco";"Simples";"Reta";"Sim";5;0;1;0;4;0;1;2;-20,882509;-49,424402;"SPRF-SP";"DEL09-SP";"UOP01-DEL09-SP"
104297;2018-01-18;"quinta-feira";"07:30:00";"MS";262;353,4;"CAMPO GRANDE";"Falta de Atenção à Condução";"Saída de leito carroçável";"Com Vítimas Feridas";"Pleno dia";"Decrescente";"Céu Claro";"Simples";"Reta";"Não";1;0;1;0;0;0;1;1;-20,55920856;-54,66197133;"SPRF-MS";"DEL01-MS";"UOP03-DEL01-MS"
104298;2018-01-18;"quinta-feira";"09:35:00";"PR";277;464,9;"NOVA LARANJEIRAS";"Velocidade Incompatível";"Saída de leito carroçável";"Com Vítimas Feridas";"Pleno dia";"Decrescente";"Céu Claro";"Simples";"Curva";"Não";1;0;0;1;0;0;1;1;-25,34069048;-52,49891996;"SPRF-PR";"DEL04-PR";"UOP02-DEL04-PR"
104299;2018-01-18;"quinta-feira";"08:20:00";"MS";163;478;"CAMPO GRANDE";"Falta de Atenção à Condução";"Saída de leito carroçável";"Com Vítimas Feridas";"Pleno dia";"Decrescente";"Céu Claro";"Simples";"Reta";"Sim";1;0;1;0;0;0;1;1;-20,443228;-54,646828;"SPRF-MS";"DEL01-MS";"UOP01-DEL01-MS"
104302;2018-01-18;"quinta-feira";"07:15:00";"MA";135;12,2;"SAO LUIS";"Falta de Atenção à Condução";"Saída de leito carroçável";"Sem Vítimas";"Pleno dia";"Decrescente";"Céu Claro";"Dupla";"Curva";"Sim";3;0;0;0;3;0;0;2;-2,67462813;-44,29299116;"SPRF-MA";"DEL01-MA";"UOP01-DEL01-MA"
104304;2018-01-18;"quinta-feira";"09:50:00";"RS";290;99;"PORTO ALEGRE";"Não guardar distância de segurança";"Colisão traseira";"Sem Vítimas";"Pleno dia";"Decrescente";"Céu Claro";"Dupla";"Reta";"Não";3;0;0;0;3;0;0;3;-29,99240759;-51,22701645;"SPRF-RS";"DEL01-RS";"UOP01-DEL01-RS"
104305;2018-01-18;"quinta-feira";"07:50:00";"PR";158;492,4;"CORONEL VIVIDA";"Pista Escorregadia";"Saída de leito carroçável";"Sem Vítimas";"Pleno dia";"Crescente";"Nublado";"Simples";"Curva";"Não";1;0;0;0;1;0;0;1;-26,01503102;-52,56969055;"SPRF-PR";"DEL02-PR";"UOP01-DEL02-PR"
104307;2018-01-18;"quinta-feira";"08:50:00";"PE";116;33;"SALGUEIRO";"Falta de Atenção à Condução";"Engavetamento";"Sem Vítimas";"Pleno dia";"Crescente";"Céu Claro";"Simples";"Aclive";"Não";3;0;0;0;3;0;0;3;-8,11484717;-39,12391841;"SPRF-PE";"DEL05-PE";"UOP01-DEL05-PE"
104309;2018-01-18;"quinta-feira";"08:30:00";"PA";316;32;"SANTA IZABEL DO PARA";"Ingestão de Álcool";"Colisão lateral";"Com Vítimas Feridas";"Pleno dia";"Crescente";"Céu Claro";"Dupla";"Curva";"Sim";3;0;1;0;1;1;1;3;-1,29554675;-48,17353606;"SPRF-PA";"DEL01-PA";"DEL19/1-UOP05/PA"
104311;2018-01-18;"quinta-feira";"10:55:00";"SC";101;213;"PALHOCA";"Falta de Atenção à Condução";"Engavetamento";"Com Vítimas Feridas";"Pleno dia";"Decrescente";"Nublado";"Múltipla";"Reta";"Sim";5;0;2;0;3;0;2;3;-27,6446;-48,6705;"SPRF-SC";"DEL01-SC";"UOP02-DEL01-SC"
104312;2018-01-18;"quinta-feira";"09:30:00";"MS";163;596,4;"SAO GABRIEL DO OESTE";"Mal Súbito";"Saída de leito carroçável";"Com Vítimas Feridas";"Pleno dia";"Crescente";"Céu Claro";"Dupla";"Reta";"Não";1;0;0;1;0;0;1;1;-19,52533259;-54,46182489;"SPRF-MS";"DEL06-MS";"UOP02-DEL06-MS"
104313;2018-01-18;"quinta-feira";"10:50:00";"SC";101;213;"PALHOCA";"Falta de Atenção à Condução";"Colisão lateral";"Com Vítimas Feridas";"Pleno dia";"Decrescente";"Céu Claro";"Dupla";"Reta";"Sim";2;0;1;0;1;0;1;2;-27,6446;-48,6705;"SPRF-SC";"DEL01-SC";"UOP02-DEL01-SC"
104314;2018-01-18;"quinta-feira";"08:10:00";"BA";367;23,3;"PORTO SEGURO";"Não guardar distância de segurança";"Colisão traseira";"Com Vítimas Feridas";"Pleno dia";"Decrescente";"Céu Claro";"Simples";"Reta";"Sim";3;0;0;1;1;1;1;3;-16,43587261;-39,07483882;"SPRF-BA";"DEL09-BA";"UOP01-DEL09-BA"
104316;2018-01-18;"quinta-feira";"10:55:00";"SC";470;77;"INDAIAL";"Falta de Atenção à Condução";"Colisão traseira";"Sem Vítimas";"Pleno dia";"Decrescente";"Céu Claro";"Simples";"Reta";"Sim";3;0;0;0;3;0;0;3;-26,93011351;-49,28594694;"SPRF-SC";"DEL04-SC";"UOP01-DEL04-SC"
104323;2018-01-18;"quinta-feira";"11:20:00";"RJ";116;206;"SEROPEDICA";"Defeito Mecânico no Veículo";"Colisão com objeto estático";"Sem Vítimas";"Pleno dia";"Crescente";"Sol";"Dupla";"Curva";"Sim";1;0;0;0;1;0;0;1;-22,726013;-43,651588;"SPRF-RJ";"DEL01-RJ";"UOP03-DEL01-RJ"
104325;2018-01-18;"quinta-feira";"11:00:00";"PR";277;496,4;"CASCAVEL";"Falta de Atenção à Condução";"Colisão lateral";"Com Vítimas Feridas";"Pleno dia";"Decrescente";"Sol";"Simples";"Reta";"Sim";2;0;1;0;1;0;1;2;-24,99132179;-53,51094268;"SPRF-PR";"DEL04-PR";"UOP04-DEL04-PR"
104326;2018-01-18;"quinta-feira";"10:10:00";"BA";324;596;"CANDEIAS";"Avarias e/ou desgaste excessivo no pneu";"Queda de ocupante de veículo";"Com Vítimas Feridas";"Pleno dia";"Decrescente";"Céu Claro";"Dupla";"Reta";"Sim";2;0;2;0;0;0;2;1;-12,72664942;-38,44933748;"SPRF-BA";"DEL01-BA";"UOP01-DEL01-BA"
104328;2018-01-18;"quinta-feira";"11:35:00";"SC";101;212,8;"PALHOCA";"Falta de Atenção à Condução";"Colisão lateral";"Com Vítimas Feridas";"Pleno dia";"Decrescente";"Nublado";"Múltipla";"Reta";"Sim";1;0;1;0;0;0;1;1;-27,6315289;-48,66022765;"SPRF-SC";"DEL01-SC";"UOP02-DEL01-SC"
104329;2018-01-18;"quinta-feira";"11:15:00";"PE";232;129;"CARUARU";"Não guardar distância de segurança";"Colisão lateral";"Com Vítimas Feridas";"Pleno dia";"Crescente";"Céu Claro";"Dupla";"Reta";"Sim";2;0;2;0;0;0;2;2;-8,303906;-35,972635;"SPRF-PE";"DEL02-PE";"UOP03-DEL02-PE"
104330;2018-01-18;"quinta-feira";"11:40:00";"RJ";393;289;"VOLTA REDONDA";"Desobediência às normas de trânsito pelo condutor";"Colisão lateral";"Com Vítimas Feridas";"Pleno dia";"Decrescente";"Sol";"Simples";"Interseção de Vias";"Sim";2;0;1;0;1;0;1;2;-22,51725093;-44,10752445;"SPRF-RJ";"DEL05-RJ";"UOP04-DEL05-RJ"
104333;2018-01-18;"quinta-feira";"09:10:00";"RS";290;91;"PORTO ALEGRE";"Falta de Atenção à Condução";"Tombamento";"Com Vítimas Feridas";"Pleno dia";"Crescente";"Céu Claro";"Simples";"Curva";"Sim";1;0;1;0;0;0;1;1;-29,96971355;-51,17779255;"SPRF-RS";"DEL01-RS";"UOP01-DEL01-RS"
104335;2018-01-02;"terça-feira";"16:00:00";"PA";316;104;"SANTA MARIA DO PARA";"Falta de Atenção à Condução";"Colisão traseira";"Com Vítimas Feridas";"Pleno dia";"Decrescente";"Ignorado";"Simples";"Reta";"Sim";3;0;1;0;2;0;1;2;-1,34151836;-47,5670135;"SPRF-PA";"DEL01-PA";"UOP02-DEL01-PA"
104338;2018-01-18;"quinta-feira";"11:10:00";"RJ";101;259;"RIO BONITO";"Falta de Atenção do Pedestre";"Atropelamento de Pedestre";"Com Vítimas Feridas";"Pleno dia";"Decrescente";"Sol";"Dupla";"Reta";"Não";2;0;0;1;1;0;1;2;-22,703842;-42,596466;"SPRF-RJ";"DEL02-RJ";"UOP03-DEL02-RJ"
104339;2018-01-18;"quinta-feira";"12:40:00";"MG";40;525;"CONTAGEM";"Velocidade Incompatível";"Saída de leito carroçável";"Com Vítimas Feridas";"Pleno dia";"Decrescente";"Céu Claro";"Dupla";"Reta";"Sim";1;0;1;0;0;0;1;1;-19,8971;-44,0497;"SPRF-MG";"DEL01-MG";"UOP03-DEL01-MG"
104340;2018-01-18;"quinta-feira";"13:25:00";"MG";262;425,3;"SAO GONCALO DO PARA";"Avarias e/ou desgaste excessivo no pneu";"Tombamento";"Com Vítimas Feridas";"Pleno dia";"Decrescente";"Céu Claro";"Dupla";"Reta";"Não";2;0;2;0;0;0;2;1;-19,8912;-44,8363;"SPRF-MG";"DEL08-MG";"UOP03-DEL08-MG"
104342;2018-01-18;"quinta-feira";"12:15:00";"MS";262;195;"RIBAS DO RIO PARDO";"Velocidade Incompatível";"Saída de leito carroçável";"Sem Vítimas";"Pleno dia";"Decrescente";"Céu Claro";"Simples";"Declive";"Não";1;0;0;0;1;0;0;1;-20,443508;-53,7596;"SPRF-MS";"DEL07-MS";"UOP02-DEL07-MS"
104343;2018-01-18;"quinta-feira";"11:45:00";"PE";101;58,8;"RECIFE";"Falta de Atenção à Condução";"Colisão com objeto estático";"Sem Vítimas";"Pleno dia";"Crescente";"Sol";"Dupla";"Reta";"Não";1;0;0;0;1;0;0;1;-7,9763415;-34,92485583;"SPRF-PE";"DEL01-PE";"UOP02-DEL01-PE"
104344;2018-01-18;"quinta-feira";"13:30:00";"GO";40;24,2;"LUZIANIA";"Falta de Atenção à Condução";"Colisão transversal";"Sem Vítimas";"Pleno dia";"Crescente";"Céu Claro";"Dupla";"Interseção de Vias";"Sim";6;0;0;0;6;0;0;2;-16,24508394;-47,90679574;"SPRF-DF";"DEL01-DF";"UOP01-DEL01-DF"
104345;2018-01-18;"quinta-feira";"12:50:00";"SP";116;126,4;"CACAPAVA";"Falta de Atenção à Condução";"Colisão lateral";"Com Vítimas Feridas";"Pleno dia";"Decrescente";"Céu Claro";"Dupla";"Reta";"Sim";2;0;1;0;1;0;1;2;-23,10664407;-45,69756078;"SPRF-SP";"DEL06-SP";"UOP02-DEL02-SP"
104347;2018-01-18;"quinta-feira";"13:40:00";"SP";116;220;"GUARULHOS";"Não guardar distância de segurança";"Colisão traseira";"Com Vítimas Feridas";"Pleno dia";"Crescente";"Céu Claro";"Múltipla";"Reta";"Sim";3;0;1;0;2;0;1;3;-23,46714129;-46,50584428;"SPRF-SP";"DEL01-SP";"UOP01-DEL01-SP"
104350;2018-01-18;"quinta-feira";"09:30:00";"MG";40;613;"CONGONHAS";"Objeto estático sobre o leito carroçável";"Danos eventuais";"Sem Vítimas";"Pleno dia";"Decrescente";"Céu Claro";"Simples";"Reta";"Não";1;0;0;0;1;0;0;1;-20,5301;-43,8233;"SPRF-MG";"DEL05-MG";"UOP02-DEL05-MG"
104354;2018-01-18;"quinta-feira";"13:15:00";"PB";230;65,2;"SAO MIGUEL DE TAIPU";"Pista Escorregadia";"Capotamento";"Sem Vítimas";"Pleno dia";"Crescente";"Chuva";"Dupla";"Reta";"Não";1;0;0;0;1;0;0;1;-7,19036007;-35,18433989;"SPRF-PB";"DEL01-PB";"UOP03-DEL01-PB"
104358;2018-01-18;"quinta-feira";"15:00:00";"SP";116;112;"TAUBATE";"Sinalização da via insuficiente ou inadequada";"Colisão traseira";"Com Vítimas Feridas";"Pleno dia";"Crescente";"Céu Claro";"Dupla";"Reta";"Sim";2;0;1;0;1;0;1;2;-23,041592;-45,570652;"SPRF-SP";"DEL06-SP";"UOP02-DEL02-SP"
104359;2018-01-18;"quinta-feira";"12:30:00";"RO";319;62;"PORTO VELHO";"Falta de Atenção à Condução";"Colisão transversal";"Sem Vítimas";"Pleno dia";"Decrescente";"Céu Claro";"Dupla";"Interseção de Vias";"Sim";2;0;0;0;2;0;0;2;-8,746046;-63,888527;"SPRF-RO";"DEL01-RO";"UOP01-DEL01-RO"
104360;2018-01-18;"quinta-feira";"14:15:00";"MT";163;800;"SANTA CARMEM";"Condutor Dormindo";"Capotamento";"Com Vítimas Feridas";"Pleno dia";"Crescente";"Céu Claro";"Simples";"Reta";"Não";1;0;1;0;0;0;1;1;-12,09386735;-55,32183181;"SPRF-MT";"DEL06-MT";"UOP01-DEL06-MT"
104361;2018-01-18;"quinta-feira";"15:10:00";"SC";101;213;"PALHOCA";"Falta de Atenção à Condução";"Colisão traseira";"Com Vítimas Feridas";"Pleno dia";"Decrescente";"Céu Claro";"Múltipla";"Reta";"Não";3;0;2;0;1;0;2;2;-27,6446;-48,6705;"SPRF-SC";"DEL01-SC";"UOP02-DEL01-SC"
104362;2018-01-15;"segunda-feira";"03:30:00";"SC";101;203,8;"SAO JOSE";"Velocidade Incompatível";"Saída de leito carroçável";"Com Vítimas Feridas";"Plena Noite";"Crescente";"Nublado";"Dupla";"Reta";"Sim";4;0;3;0;1;0;3;1;-27,56972205;-48,61395478;"SPRF-SC";"DEL01-SC";"UOP01-DEL01-SC"
104363;2018-01-14;"domingo";"15:00:00";"SC";158;118;"CUNHA PORA";"Falta de Atenção à Condução";"Saída de leito carroçável";"Com Vítimas Feridas";"Pleno dia";"Decrescente";"Chuva";"Simples";"Reta";"Não";1;0;1;0;0;0;1;1;-26,8886;-53,1779;"SPRF-SC";"DEL07-SC";"UOP02-DEL07-SC"
104364;2018-01-18;"quinta-feira";"10:05:00";"RS";287;310;"SAO VICENTE DO SUL";"Defeito Mecânico no Veículo";"Colisão com objeto estático";"Com Vítimas Feridas";"Pleno dia";"Decrescente";"Nublado";"Simples";"Ponte;Reta";"Não";2;0;2;0;0;0;2;1;-29,665962;-54,473701;"SPRF-RS";"DEL09-RS";"UOP01-DEL09-RS"
104366;2018-01-18;"quinta-feira";"15:40:00";"SC";101;145,5;"ITAPEMA";"Falta de Atenção à Condução";"Colisão lateral";"Com Vítimas Feridas";"Pleno dia";"Decrescente";"Céu Claro";"Dupla";"Reta";"Sim";3;0;2;0;1;0;2;2;-27,08420322;-48,60535514;"SPRF-SC";"DEL04-SC";"UOP03-DEL04-SC"
104370;2018-01-18;"quinta-feira";"16:05:00";"SC";101;146;"ITAPEMA";"Falta de Atenção à Condução";"Colisão traseira";"Sem Vítimas";"Pleno dia";"Decrescente";"Céu Claro";"Dupla";"Reta";"Sim";3;0;0;0;3;0;0;3;-27,08651499;-48,60902488;"SPRF-SC";"DEL04-SC";"UOP03-DEL04-SC"
104373;2018-01-18;"quinta-feira";"14:40:00";"PB";101;55;"SANTA RITA";"Pista Escorregadia";"Colisão com objeto estático";"Com Vítimas Feridas";"Pleno dia";"Crescente";"Chuva";"Dupla";"Curva";"Não";1;0;1;0;0;0;1;1;-6,965159;-35,084908;"SPRF-PB";"DEL01-PB";"UOP04-DEL01-PB"
104376;2018-01-18;"quinta-feira";"15:20:00";"MS";163;1;"MUNDO NOVO";"Velocidade Incompatível";"Engavetamento";"Com Vítimas Feridas";"Pleno dia";"Crescente";"Nublado";"Simples";"Aclive";"Não";3;0;1;0;2;0;1;3;-24,039223;-54,279774;"SPRF-MS";"DEL09-MS";"UOP02-DEL09-MS"