"id";"data_inversa";"dia_semana";"horario";"uf";"br";"km";"municipio";"causa_acidente";"tipo_acidente";"classificacao_acidente";"fase_dia";"sentido_via";"condicao_metereologica";"tipo_pista";"tracado_via";"uso_solo";"pessoas";"mortos";"feridos_leves";"feridos_graves";"ilesos";"ignorados";"feridos";"veiculos";"latitude";"longitude";"regional";"delegacia";"uop"
104378;2018-01-18;"quinta-feira";"16:15:00";"SC";101;199;"BIGUACU";"Defeito Mecânico no Veículo";"Colisão traseira";"Com Vítimas Feridas";"Pleno dia";"Decrescente";"Céu Claro";"Múltipla";"Reta";"Sim";2;0;2;0;0;0;2;2;-27,5402;-48,6226;"SPRF-SC";"DEL01-SC";"UOP01-DEL01-SC"
104379;2018-01-18;"quinta-feira";"15:00:00";"SC";158;116,8;"CUNHA PORA";"Mal Súbito";"Saída de leito carroçável";"Com Vítimas Feridas";"Pleno dia";"Crescente";"Nublado";"Simples";"Curva";"Não";1;0;1;0;0;0;1;1;-26,86710899;-53,16404343;"SPRF-SC";"DEL07-SC";"UOP02-DEL07-SC"
104380;2018-01-18;"quinta-feira";"15:10:00";"PR";163;63,8;"PEROLA DOESTE";"Pista Escorregadia";"Saída de leito carroçável";"Com Vítimas Feridas";"Pleno dia";"Crescente";"Chuva";"Simples";"Curva;Declive";"Não";2;0;2;0;0;0;2;1;-25,84527192;-53,75405431;"SPRF-PR";"DEL02-PR";"UOP02-DEL02-PR"
104381;2018-01-18;"quinta-feira";"16:00:00";"SP";116;167;"JACAREI";"Deficiência ou não Acionamento do Sistema de Iluminação/Sinalização do Veículo";"Colisão com objeto em movimento";"Com Vítimas Feridas";"Pleno dia";"Crescente";"Sol";"Dupla";"Declive";"Sim";1;0;1;0;0;0;1;1;-23,30454189;-46,03299379;"SPRF-SP";"DEL02-SP";"UOP01-DEL02-SP"
104383;2018-01-18;"quinta-feira";"15:40:00";"SP";116;421,3;"REGISTRO";"Falta de Atenção à Condução";"Saída de leito carroçável";"Com Vítimas Feridas";"Pleno dia";"Crescente";"Céu Claro";"Dupla";"Reta";"Não";1;0;1;0;0;0;1;1;-24,487978;-47,84402;"SPRF-SP";"DEL05-SP";"UOP01-DEL05-SP"
104384;2018-01-18;"quinta-feira";"14:40:00";"RN";101;72,6;"EXTREMOZ";"Falta de Atenção à Condução";"Colisão transversal";"Com Vítimas Feridas";"Pleno dia";"Decrescente";"Céu Claro";"Simples";"Reta";"Não";3;0;0;2;1;0;2;2;-5,70362058;-35,26532604;"SPRF-RN";"DEL02-RN";"UOP01-DEL02-RN"
104385;2018-01-18;"quinta-feira";"16:50:00";"MG";381;489,7;"BETIM";"Não guardar distância de segurança";"Colisão traseira";"Com Vítimas Feridas";"Pleno dia";"Crescente";"Sol";"Dupla";"Reta";"Sim";2;0;1;0;1;0;1;2;-19,95648422;-44,14064384;"SPRF-MG";"DEL01-MG";"UOP03-DEL01-MG"
104388;2018-01-18;"quinta-feira";"17:10:00";"RS";116;148,6;"CAXIAS DO SUL";"Não guardar distância de segurança";"Tombamento";"Com Vítimas Feridas";"Pleno dia";"Crescente";"Chuva";"Dupla";"Curva";"Sim";1;0;1;0;0;0;1;1;-29,15769869;-51,15150154;"SPRF-RS";"DEL05-RS";"UOP01-DEL05-RS"
104389;2018-01-18;"quinta-feira";"15:30:00";"ES";101;123;"SOORETAMA";"Defeito na Via";"Danos eventuais";"Sem Vítimas";"Pleno dia";"Decrescente";"Céu Claro";"Simples";"Reta";"Não";1;0;0;0;1;0;0;1;-19,197422;-40,098118;"SPRF-ES";"DEL04-ES";"UOP01-DEL04-ES"
104390;2018-01-18;"quinta-feira";"17:15:00";"PR";376;591;"CURITIBA";"Defeito na Via";"Queda de ocupante de veículo";"Com Vítimas Feridas";"Pleno dia";"Crescente";"Sol";"Dupla";"Reta";"Sim";1;0;1;0;0;0;1;1;-25,45633368;-49,36044306;"SPRF-PR";"DEL01-PR";"UOP06-DEL01-PR"
104393;2018-01-18;"quinta-feira";"16:00:00";"PE";232;400;"SERRA TALHADA";"Animais na Pista";"Atropelamento de Animal";"Sem Vítimas";"Pleno dia";"Crescente";"Nublado";"Simples";"Reta";"Não";1;0;0;0;1;0;0;1;-8,01087142;-38,22373688;"SPRF-PE";"DEL04-PE";"UOP01-DEL04-PE"
104395;2018-01-18;"quinta-feira";"15:40:00";"PB";101;102;"ALHANDRA";"Avarias e/ou desgaste excessivo no pneu";"Saída de leito carroçável";"Com Vítimas Feridas";"Pleno dia";"Decrescente";"Chuva";"Dupla";"Reta";"Não";3;0;1;0;2;0;1;3;-7,28911668;-34,93826151;"SPRF-PB";"DEL01-PB";"UOP01-DEL01-PB"
104396;2018-01-18;"quinta-feira";"14:00:00";"MT";174;151;"GLORIA DOESTE";"Falta de Atenção à Condução";"Colisão lateral";"Sem Vítimas";"Pleno dia";"Crescente";"Céu Claro";"Simples";"Rotatória";"Não";3;0;0;0;3;0;0;2;-15,81422158;-58,31579447;"SPRF-MT";"DEL03-MT";"UOP01-DEL03-MT"
104398;2018-01-18;"quinta-feira";"17:45:00";"PR";376;181,2;"MARINGA";"Velocidade Incompatível";"Colisão traseira";"Com Vítimas Feridas";"Plena Noite";"Decrescente";"Chuva";"Dupla";"Reta";"Sim";3;0;1;1;1;0;2;2;-23,42853147;-51,89321119;"SPRF-PR";"DEL07-PR";"UOP01-DEL09-PR"
104399;2018-01-18;"quinta-feira";"17:50:00";"ES";101;266;"SERRA";"Desobediência às normas de trânsito pelo condutor";"Colisão transversal";"Com Vítimas Feridas";"Pleno dia";"Decrescente";"Céu Claro";"Múltipla";"Interseção de Vias";"Sim";6;0;4;0;2;0;4;2;-20,19567899;-40,26870039;"SPRF-ES";"DEL02-ES";"UOP01-DEL02-ES"
104400;2018-01-18;"quinta-feira";"15:50:00";"AL";316;269,8;"SATUBA";"Velocidade Incompatível";"Colisão traseira";"Sem Vítimas";"Pleno dia";"Decrescente";"Céu Claro";"Simples";"Reta";"Sim";2;0;0;0;2;0;0;2;-9,563767;-35,82474;"SPRF-AL";"DEL02-AL";"UOP01-DEL02-AL"
104402;2018-01-18;"quinta-feira";"17:10:00";"RS";116;148,7;"CAXIAS DO SUL";"Não guardar distância de segurança";"Engavetamento";"Com Vítimas Feridas";"Pleno dia";"Decrescente";"Garoa/Chuvisco";"Dupla";"Curva";"Sim";3;0;1;0;2;0;1;3;-29,15831853;-51,15427339;"SPRF-RS";"DEL05-RS";"UOP01-DEL05-RS"
104403;2018-01-18;"quinta-feira";"15:05:00";"SC";470;228,7;"SAO CRISTOVAO DO SUL";"Velocidade Incompatível";"Colisão com objeto estático";"Sem Vítimas";"Pleno dia";"Crescente";"Chuva";"Simples";"Reta";"Não";1;0;0;0;0;1;0;1;-27,32947675;-50,34394455;"SPRF-SC";"DEL02-SC";"UOP03-DEL02-SC"
104404;2018-01-18;"quinta-feira";"18:20:00";"ES";101;122;"SOORETAMA";"Não guardar distância de segurança";"Colisão traseira";"Com Vítimas Feridas";"Pleno dia";"Crescente";"Céu Claro";"Simples";"Reta";"Não";3;0;0;1;2;0;1;2;-19,16835643;-40,08718684;"SPRF-ES";"DEL04-ES";"UOP01-DEL04-ES"
104405;2018-01-18;"quinta-feira";"18:20:00";"SP";116;229;"SAO PAULO";"Falta de Atenção à Condução";"Colisão traseira";"Com Vítimas Feridas";"Anoitecer";"Decrescente";"Céu Claro";"Múltipla";"Reta";"Sim";2;0;1;0;1;0;1;2;-23,51129474;-46,57460061;"SPRF-SP";"DEL01-SP";"UOP01-DEL01-SP"
104406;2018-01-18;"quinta-feira";"17:00:00";"PB";230;131;"CAMPINA GRANDE";"Falta de Atenção à Condução";"Saída de leito carroçável";"Com Vítimas Feridas";"Pleno dia";"Crescente";"Chuva";"Dupla";"Curva";"Não";1;0;1;0;0;0;1;1;-7,27756884;-35,73252529;"SPRF-PB";"DEL02-PB";"UOP01-DEL02-PB"
104407;2018-01-18;"quinta-feira";"18:20:00";"PR";376;173,3;"MARINGA";"Não guardar distância de segurança";"Colisão traseira";"Com Vítimas Feridas";"Anoitecer";"Decrescente";"Garoa/Chuvisco";"Dupla";"Reta";"Sim";4;0;1;0;3;0;1;2;-23,4273;-51,9375;"SPRF-PR";"DEL07-PR";"UOP01-DEL09-PR"
104408;2018-01-18;"quinta-feira";"17:30:00";"RN";101;82,9;"NATAL";"Falta de Atenção à Condução";"Atropelamento de Pedestre";"Com Vítimas Feridas";"Anoitecer";"Crescente";"Chuva";"Dupla";"Reta";"Sim";2;0;1;0;1;0;1;2;-5,77009264;-35,26910394;"SPRF-RN";"DEL02-RN";"UOP01-DEL02-RN"
104409;2018-01-18;"quinta-feira";"18:05:00";"RJ";40;112;"DUQUE DE CAXIAS";"Falta de Atenção à Condução";"Colisão com objeto estático";"Com Vítimas Feridas";"Pleno dia";"Decrescente";"Céu Claro";"Múltipla";"Aclive";"Sim";2;0;1;0;1;0;1;2;-22,6743648;-43,2859814;"SPRF-RJ";"DEL01-RJ";"UOP01-DEL01-RJ"
104410;2018-01-18;"quinta-feira";"17:30:00";"PE";232;57,6;"POMBOS";"Falta de Atenção à Condução";"Colisão traseira";"Sem Vítimas";"Pleno dia";"Crescente";"Céu Claro";"Dupla";"Reta";"Sim";2;0;0;0;2;0;0;2;-8,141795;-35,383261;"SPRF-PE";"DEL01-PE";"UOP02-DEL02PE"
104411;2018-01-18;"quinta-feira";"17:25:00";"PI";316;308;"PICOS";"Falta de Atenção à Condução";"Colisão transversal";"Sem Vítimas";"Anoitecer";"Decrescente";"Céu Claro";"Dupla";"Rotatória";"Sim";2;0;0;0;2;0;0;2;-7,07610152;-41,47298098;"SPRF-PI";"DEL04-PI";"UOP01-DEL04-PI"
104412;2018-01-18;"quinta-feira";"17:35:00";"MS";163;485;"CAMPO GRANDE";"Falta de Atenção à Condução";"Colisão traseira";"Com Vítimas Feridas";"Pleno dia";"Crescente";"Garoa/Chuvisco";"Simples";"Reta";"Sim";2;0;1;0;1;0;1;2;-20,443228;-54,646828;"SPRF-MS";"DEL01-MS";"UOP02-DEL01-MS"
104413;2018-01-18;"quinta-feira";"17:40:00";"BA";116;16,5;"VITORIA DA CONQUISTA";"Falta de Atenção à Condução";"Colisão frontal";"Com Vítimas Feridas";"Anoitecer";"Crescente";"Nublado";"Simples";"Reta";"Sim";2;0;1;0;1;0;1;2;-14,851;-40,8485;"SPRF-BA";"DEL08-BA";"UOP01-DEL08-BA"
104417;2018-01-18;"quinta-feira";"18:10:00";"PA";230;121;"MARABA";"Falta de Atenção à Condução";"Colisão traseira";"Com Vítimas Feridas";"Anoitecer";"Crescente";"Céu Claro";"Dupla";"Reta";"Sim";2;0;1;0;1;0;1;2;-5,35037015;-49,10185128;"SPRF-PA";"DEL03-PA";"UOP01-DEL03-PA"
104418;2018-01-18;"quinta-feira";"17:40:00";"MG";40;532;"CONTAGEM";"Falta de Atenção à Condução";"Colisão traseira";"Com Vítimas Feridas";"Pleno dia";"Crescente";"Céu Claro";"Dupla";"Reta";"Sim";3;0;2;0;1;0;2;2;-19,9256;-44,0053;"SPRF-MG";"DEL01-MG";"UOP03-DEL01-MG"
104419;2018-01-18;"quinta-feira";"19:20:00";"PR";476;137;"CURITIBA";"Desobediência às normas de trânsito pelo condutor";"Colisão lateral";"Com Vítimas Feridas";"Anoitecer";"Decrescente";"Nublado";"Múltipla";"Interseção de Vias";"Sim";2;0;1;0;1;0;1;2;-25,49656437;-49,27624584;"SPRF-PR";"DEL01-PR";"UOP01-DEL01-PR"
104422;2018-01-18;"quinta-feira";"18:29:00";"MS";163;382;"NOVA ALVORADA DO SUL";"Avarias e/ou desgaste excessivo no pneu";"Colisão transversal";"Com Vítimas Feridas";"Plena Noite";"Crescente";"Chuva";"Simples";"Reta";"Não";8;0;2;0;6;0;2;2;-21,4002357;-54,40506399;"SPRF-MS";"DEL02-MS";"UOP01-DEL02-MS"
104425;2018-01-18;"quinta-feira";"18:45:00";"PE";232;407,4;"SERRA TALHADA";"Animais na Pista";"Atropelamento de Animal";"Com Vítimas Fatais";"Plena Noite";"Decrescente";"Céu Claro";"Simples";"Ponte";"Sim";4;1;2;0;0;1;2;2;-7,98531425;-38,2724458;"SPRF-PE";"DEL04-PE";"UOP01-DEL04-PE"
104426;2018-01-18;"quinta-feira";"19:45:00";"SC";101;22,8;"JOINVILLE";"Avarias e/ou desgaste excessivo no pneu";"Saída de leito carroçável";"Sem Vítimas";"Anoitecer";"Crescente";"Garoa/Chuvisco";"Dupla";"Reta";"Não";3;0;0;0;3;0;0;1;-26,15871238;-48,90761945;"SPRF-SC";"DEL03-SC";"UOP01-DEL03-SC"
104427;2018-01-18;"quinta-feira";"18:25:00";"BA";116;471;"FEIRA DE SANTANA";"Condutor Dormindo";"Capotamento";"Com Vítimas Feridas";"Plena Noite";"Crescente";"Céu Claro";"Dupla";"Reta";"Não";1;0;1;0;0;0;1;1;-12,267113;-38,966988;"SPRF-BA";"DEL02-BA";"UOP01-DEL02-BA"
104430;2018-01-18;"quinta-feira";"19:00:00";"PB";104;96,6;"ESPERANCA";"Falta de Atenção à Condução";"Colisão frontal";"Com Vítimas Feridas";"Plena Noite";"Crescente";"Céu Claro";"Simples";"Reta";"Sim";2;0;1;1;0;0;2;2;-7,01580828;-35,85701734;"SPRF-PB";"DEL02-PB";"UOP04-DEL02-PB"
104431;2018-01-18;"quinta-feira";"07:15:00";"BA";101;692,2;"EUNAPOLIS";"Velocidade Incompatível";"Colisão traseira";"Sem Vítimas";"Pleno dia";"Decrescente";"Céu Claro";"Simples";"Reta;Declive";"Não";2;0;0;0;2;0;0;2;-16,1941;-39,6063;"SPRF-BA";"DEL09-BA";"UOP01-DEL09-BA"
104436;2018-01-18;"quinta-feira";"20:40:00";"RJ";40;119;"DUQUE DE CAXIAS";"Falta de Atenção do Pedestre";"Atropelamento de Pedestre";"Com Vítimas Feridas";"Plena Noite";"Decrescente";"Céu Claro";"Múltipla";"Reta";"Sim";2;0;0;1;1;0;1;2;-22,7713;-43,2862;"SPRF-RJ";"DEL01-RJ";"UOP01-DEL01-RJ"
104439;2018-01-18;"quinta-feira";"18:10:00";"RO";364;711,5;"PORTO VELHO";"Defeito na Via";"Queda de ocupante de veículo";"Com Vítimas Feridas";"Anoitecer";"Crescente";"Céu Claro";"Múltipla";"Reta";"Sim";1;0;0;1;0;0;1;1;-8,77970227;-63,86873424;"SPRF-RO";"DEL01-RO";"UOP01-DEL01-RO"
104441;2018-01-18;"quinta-feira";"19:40:00";"MT";364;258,8;"JUSCIMEIRA";"Animais na Pista";"Atropelamento de Animal";"Com Vítimas Feridas";"Plena Noite";"Decrescente";"Céu Claro";"Simples";"Reta";"Não";1;0;1;0;0;0;1;1;-16,05024707;-54,88636494;"SPRF-MT";"DEL02-MT";"UOP02-DEL05-MT"
104442;2018-01-18;"quinta-feira";"20:25:00";"SC";116;235;"CORREIA PINTO";"Pista Escorregadia";"Colisão com objeto estático";"Sem Vítimas";"Plena Noite";"Decrescente";"Chuva";"Simples";"Curva";"Não";1;0;0;0;1;0;0;1;-27,71612954;-50,33493519;"SPRF-SC";"DEL05-SC";"UOP01-DEL05-SC"
104443;2018-01-18;"quinta-feira";"13:00:00";"BA";116;580,5;"BREJOES";"Condutor Dormindo";"Capotamento";"Com Vítimas Feridas";"Pleno dia";"Crescente";"Nublado";"Múltipla";"Curva";"Não";4;0;4;0;0;0;4;1;-13,104642;-39,986321;"SPRF-BA";"DEL03-BA";"UOP02-DEL03-BA"
104446;2018-01-18;"quinta-feira";"20:45:00";"PE";101;3,5;"GOIANA";"Falta de Atenção à Condução";"Colisão com objeto estático";"Sem Vítimas";"Plena Noite";"Crescente";"Chuva";"Dupla";"Curva";"Não";1;0;0;0;1;0;0;1;-7,51714692;-34,99213099;"SPRF-PE";"DEL01-PE";"UOP02-DEL01-PE"
104448;2018-01-18;"quinta-feira";"20:20:00";"PR";376;89;"PARANAVAI";"Pista Escorregadia";"Saída de leito carroçável";"Com Vítimas Feridas";"Plena Noite";"Crescente";"Chuva";"Simples";"Aclive";"Não";3;0;3;0;0;0;3;1;-22,99569123;-52,58399963;"SPRF-PR";"DEL07-PR";"UOP02-DEL09-PR"
104449;2018-01-18;"quinta-feira";"19:45:00";"MG";365;595,7;"UBERLANDIA";"Ingestão de Álcool";"Colisão frontal";"Com Vítimas Fatais";"Plena Noite";"Crescente";"Céu Claro";"Simples";"Reta";"Não";2;1;0;0;1;0;0;2;-18,87193533;-48,08342457;"SPRF-MG";"DEL15-MG";"UOP02-DEL15-MG"
104450;2018-01-18;"quinta-feira";"21:00:00";"MG";116;705,9;"MURIAE";"Objeto estático sobre o leito carroçável";"Colisão com objeto estático";"Sem Vítimas";"Plena Noite";"Decrescente";"Nublado";"Simples";"Ponte";"Não";3;0;0;0;3;0;0;1;-20,98636435;-42,3555994;"SPRF-MG";"DEL07-MG";"UOP02-DEL07-MG"
104452;2018-01-18;"quinta-feira";"21:15:00";"PA";155;323;"MARABA";"Falta de Atenção à Condução";"Colisão com objeto estático";"Sem Vítimas";"Plena Noite";"Decrescente";"Céu Claro";"Simples";"Reta";"Não";5;0;0;0;5;0;0;1;-5,54539367;-49,07503992;"SPRF-PA";"DEL03-PA";"UOP01-DEL03-PA"
104454;2018-01-18;"quinta-feira";"21:00:00";"PA";316;144;"CAPANEMA";"Falta de Atenção do Pedestre";"Atropelamento de Pedestre";"Com Vítimas Fatais";"Plena Noite";"Crescente";"Nublado";"Simples";"Declive";"Não";2;1;0;0;1;0;0;2;-1,1962112;-47,181202;"SPRF-PA";"DEL01-PA";"UOP03-DEL01-PA"
104457;2018-01-18;"quinta-feira";"17:45:00";"BA";418;48,4;"CARAVELAS";"Falta de Atenção à Condução";"Colisão com objeto estático";"Sem Vítimas";"Anoitecer";"Decrescente";"Nublado";"Simples";"Reta";"Sim";1;0;0;0;1;0;0;1;-17,72415114;-39,53157831;"SPRF-BA";"DEL09-BA";"UOP02-DEL09-BA"
104458;2018-01-18;"quinta-feira";"23:00:00";"PR";153;235,4;"IRATI";"Animais na Pista";"Atropelamento de Animal";"Sem Vítimas";"Plena Noite";"Crescente";"Nublado";"Simples";"Interseção de Vias";"Sim";1;0;0;0;1;0;0;1;-25,47671383;-50,63935518;"SPRF-PR";"DEL03-PR";"UOP02-DEL03-PR"
104459;2018-01-18;"quinta-feira";"21:50:00";"SE";235;50,5;"ITABAIANA";"Falta de Atenção à Condução";"Queda de ocupante de veículo";"Com Vítimas Feridas";"Plena Noite";"Decrescente";"Céu Claro";"Dupla";"Retorno Regulamentado";"Sim";1;0;0;1;0;0;1;1;-10,70376416;-37,42835255;"SPRF-SE";"DEL01-SE";"UOP02-DEL01-SE"
104464;2018-01-18;"quinta-feira";"20:50:00";"MT";364;203;"RONDONOPOLIS";"Ingestão de Álcool";"Queda de ocupante de veículo";"Com Vítimas Feridas";"Plena Noite";"Decrescente";"Céu Claro";"Dupla";"Reta";"Sim";1;0;1;0;0;0;1;1;-16,475554;-54,653446;"SPRF-MT";"DEL02-MT";"UOP01-DEL02-MT"
104465;2018-01-18;"quinta-feira";"20:20:00";"PE";423;111,2;"CAETES";"Defeito Mecânico no Veículo";"Colisão traseira";"Com Vítimas Feridas";"Plena Noite";"Decrescente";"Nublado";"Simples";"Aclive";"Não";5;0;4;1;0;0;5;2;-8,89389083;-36,61811829;"SPRF-PE";"DEL03-PE";"UOP01-DEL03-PE"
104466;2018-01-19;"sexta-feira";"00:15:00";"MG";40;790;"JUIZ DE FORA";"Velocidade Incompatível";"Capotamento";"Com Vítimas Feridas";"Plena Noite";"Decrescente";"Céu Claro";"Dupla";"Reta";"Não";1;0;1;0;0;0;1;1;-21,7788;-43,4245;"SPRF-MG";"DEL05-MG";"UOP01-DEL05-MG"
104467;2018-01-19;"sexta-feira";"00:18:00";"PR";476;123;"CURITIBA";"Falta de Atenção do Pedestre";"Atropelamento de Pedestre";"Com Vítimas Feridas";"Plena Noite";"Decrescente";"Garoa/Chuvisco";"Dupla";"Reta";"Sim";2;0;0;1;1;0;1;2;-25,392904;-49,209557;"SPRF-PR";"DEL01-PR";"UOP07-DEL01-PR"
104468;2018-01-18;"quinta-feira";"22:30:00";"PR";153;303,8;"IMBITUVA";"Falta de Atenção do Pedestre";"Atropelamento de Pedestre";"Com Vítimas Fatais";"Plena Noite";"Crescente";"Nublado";"Simples";"Reta";"Não";2;1;0;0;1;0;0;2;-25,24571974;-50,62781096;"SPRF-PR";"DEL03-PR";"UOP02-DEL08-PR"
104469;2018-01-18;"quinta-feira";"23:40:00";"CE";20;431;"EUSEBIO";"Ingestão de Álcool";"Saída de leito carroçável";"Com Vítimas Feridas";"Plena Noite";"Crescente";"Nublado";"Dupla";"Em Obras";"Sim";1;0;1;0;0;0;1;1;-3,86485406;-38,47277194;"SPRF-CE";"DEL01-CE";"UOP02-DEL01-CE"
104470;2018-01-18;"quinta-feira";"23:40:00";"PI";343;186,5;"PIRIPIRI";"Animais na Pista";"Atropelamento de Animal";"Com Vítimas Feridas";"Plena Noite";"Decrescente";"Céu Claro";"Simples";"Reta";"Não";7;0;3;0;4;0;3;2;-4,29416501;-41,766922;"SPRF-PI";"DEL02-PI";"UOP01-DEL02-PI"
104472;2018-01-19;"sexta-feira";"00:30:00";"CE";222;167,3;"IRAUCUBA";"Objeto estático sobre o leito carroçável";"Capotamento";"Sem Vítimas";"Plena Noite";"Crescente";"Nublado";"Simples";"Reta";"Não";1;0;0;0;0;1;0;1;-3,74706364;-39,93499039;"SPRF-CE";"DEL04-CE";"UOP03-DEL04-CE"
104473;2018-01-18;"quinta-feira";"21:00:00";"PB";230;458,3;"SOUSA";"Velocidade Incompatível";"Atropelamento de Animal";"Sem Vítimas";"Plena Noite";"Crescente";"Nublado";"Simples";"Reta";"Não";1;0;0;0;1;0;0;1;-6,77704011;-38,18352919;"SPRF-PB";"DEL03-PB";"UOP03-DEL03-PB"
104476;2018-01-19;"sexta-feira";"02:20:00";"MG";381;758,2;"TRES CORACOES";"Falta de Atenção à Condução";"Saída de leito carroçável";"Sem Vítimas";"Plena Noite";"Crescente";"Ignorado";"Dupla";"Curva";"Não";3;0;0;0;3;0;0;1;-21,6921546;-45,35138011;"SPRF-MG";"DEL16-MG";"UOP02-DEL16-MG"
104477;2018-01-19;"sexta-feira";"02:10:00";"SP";116;229;"SAO PAULO";"Avarias e/ou desgaste excessivo no pneu";"Saída de leito carroçável";"Com Vítimas Feridas";"Plena Noite";"Decrescente";"Chuva";"Múltipla";"Reta";"Sim";1;0;1;0;0;0;1;1;-23,5489;-46,6388;"SPRF-SP";"DEL01-SP";"UOP01-DEL01-SP"
104479;2018-01-18;"quinta-feira";"18:00:00";"MT";174;501;"COMODORO";"Falta de Atenção à Condução";"Saída de leito carroçável";"Com Vítimas Feridas";"Pleno dia";"Crescente";"Ignorado";"Simples";"Reta";"Não";5;0;0;5;0;0;5;1;-13,529902;-59,831203;"SPRF-MT";"DEL04-MT";"UOP01-DEL04-MT"
104480;2018-01-18;"quinta-feira";"21:00:00";"SC";101;194,8;"BIGUACU";"Não guardar distância de segurança";"Colisão traseira";"Com Vítimas Feridas";"Plena Noite";"Crescente";"Nublado";"Dupla";"Reta";"Sim";2;0;1;0;1;0;1;2;-27,50473907;-48,65035231;"SPRF-SC";"DEL01-SC";"UOP01-DEL01-SC"
104481;2018-01-18;"quinta-feira";"15:00:00";"MA";135;269,5;"CAPINZAL DO NORTE";"Defeito na Via";"Capotamento";"Sem Vítimas";"Pleno dia";"Decrescente";"Chuva";"Simples";"Reta";"Não";1;0;0;0;1;0;0;1;-4,728733;-44,327297;"SPRF-MA";"DEL03-MA";"UOP01-DEL03-MA"
104484;2018-01-19;"sexta-feira";"04:30:00";"MG";40;486,4;"SETE LAGOAS";"Avarias e/ou desgaste excessivo no pneu";"Colisão traseira";"Com Vítimas Feridas";"Plena Noite";"Decrescente";"Céu Claro";"Dupla";"Reta";"Não";1;0;1;0;0;0;1;1;-19,59964168;-44,22275926;"SPRF-MG";"DEL02-MG";"UOP01-DEL02-MG"
104487;2018-01-19;"sexta-feira";"05:00:00";"GO";60;34;"GOIANIA";"Falta de Atenção à Condução";"Capotamento";"Com Vítimas Feridas";"Plena Noite";"Crescente";"Céu Claro";"Dupla";"Rotatória";"Sim";1;0;1;0;0;0;1;1;-16,6777;-49,2676;"SPRF-GO";"DEL01-GO";"UOP02-DEL01-GO"
104488;2018-01-19;"sexta-feira";"05:00:00";"SP";116;214;"GUARULHOS";"Falta de Atenção à Condução";"Capotamento";"Sem Vítimas";"Plena Noite";"Decrescente";"Chuva";"Múltipla";"Reta";"Não";1;0;0;0;1;0;0;1;-23,463257;-46,53373;"SPRF-SP";"DEL01-SP";"UOP01-DEL01-SP"
104489;2018-01-19;"sexta-feira";"05:15:00";"SC";282;2,1;"FLORIANOPOLIS";"Ingestão de Álcool";"Colisão traseira";"Com Vítimas Feridas";"Amanhecer";"Crescente";"Nublado";"Dupla";"Curva";"Sim";2;0;0;1;1;0;1;2;-27,60320124;-48,59142027;"SPRF-SC";"DEL01-SC";"UOP01-DEL01-SC"
104493;2018-01-19;"sexta-feira";"05:50:00";"SP";153;52,9;"SAO JOSE DO RIO PRETO";"Não guardar distância de segurança";"Colisão traseira";"Com Vítimas Feridas";"Amanhecer";"Decrescente";"Céu Claro";"Dupla";"Reta;Viaduto";"Não";1;0;1;0;0;0;1;1;-20,73507205;-49,33808455;"SPRF-SP";"DEL09-SP";"UOP01-DEL09-SP"
104494;2018-01-19;"sexta-feira";"05:30:00";"PE";101;90;"CABO DE SANTO AGOSTINHO";"Pista Escorregadia";"Saída de leito carroçável";"Sem Vítimas";"Amanhecer";"Decrescente";"Chuva";"Dupla";"Reta";"Não";1;0;0;0;1;0;0;1;-8,2228;-34,9923;"SPRF-PE";"DEL01-PE";"UOP03-DEL01-PE"
104496;2018-01-19;"sexta-feira";"04:00:00";"MG";116;529,2;"CARATINGA";"Ingestão de Álcool";"Saída de leito carroçável";"Com Vítimas Fatais";"Plena Noite";"Crescente";"Céu Claro";"Dupla";"Curva";"Sim";3;1;1;0;0;1;1;2;-19,7902;-42,139526;"SPRF-MG";"DEL06-MG";"UOP02-DEL06-MG"
104498;2018-01-19;"sexta-feira";"06:50:00";"SC";470;175,3;"POUSO REDONDO";"Falta de Atenção à Condução";"Colisão lateral";"Com Vítimas Feridas";"Amanhecer";"Crescente";"Céu Claro";"Simples";"Reta";"Não";2;0;1;0;1;0;1;2;-27,25951278;-49,92316246;"SPRF-SC";"DEL04-SC";"UOP02-DEL04-SC"
104503;2018-01-18;"quinta-feira";"14:40:00";"RJ";101;221;"SILVA JARDIM";"Falta de Atenção à Condução";"Capotamento";"Sem Vítimas";"Pleno dia";"Crescente";"Céu Claro";"Dupla";"Reta";"Não";2;0;0;0;2;0;0;1;-22,51690995;-42,32705021;"SPRF-RJ";"DEL02-RJ";"UOP03-DEL02-RJ"
104504;2018-01-19;"sexta-feira";"07:15:00";"PR";476;132;"CURITIBA";"Sinalização da via insuficiente ou inadequada";"Colisão transversal";"Com Vítimas Feridas";"Pleno dia";"Decrescente";"Nublado";"Múltipla";"Interseção de Vias";"Sim";3;0;0;1;2;0;1;3;-25,46768113;-49,25339844;"SPRF-PR";"DEL01-PR";"UOP07-DEL01-PR"
104509;2018-01-19;"sexta-feira";"07:30:00";"SC";101;13;"GARUVA";"Condutor Dormindo";"Colisão lateral";"Com Vítimas Feridas";"Pleno dia";"Crescente";"Nublado";"Dupla";"Curva";"Não";4;0;2;0;2;0;2;1;-26,0982;-48,8676;"SPRF-SC";"DEL03-SC";"UOP01-DEL03-SC"