"id";"data_inversa";"dia_semana";"horario";"uf";"br";"km";"municipio";"causa_acidente";"tipo_acidente";"classificacao_acidente";"fase_dia";"sentido_via";"condicao_metereologica";"tipo_pista";"tracado_via";"uso_solo";"pessoas";"mortos";"feridos_leves";"feridos_graves";"ilesos";"ignorados";"feridos";"veiculos";"latitude";"longitude";"regional";"delegacia";"uop"
104649;2018-01-07;"domingo";"14:40:00";"PR";277;36;"MORRETES";"Não guardar distância de segurança";"Engavetamento";"Sem Vítimas";"Pleno dia";"Crescente";"Nublado";"Dupla";"Reta";"Não";4;0;0;0;4;0;0;4;-25,57341432;-48,83096695;"SPRF-PR";"DEL01-PR";"UOP05-DEL01-PR"
104650;2018-01-19;"sexta-feira";"17:15:00";"RJ";40;110;"DUQUE DE CAXIAS";"Falta de Atenção à Condução";"Queda de ocupante de veículo";"Com Vítimas Feridas";"Pleno dia";"Decrescente";"Céu Claro";"Múltipla";"Reta";"Sim";1;0;1;0;0;0;1;1;-22,6266905;-43,2859814;"SPRF-RJ";"DEL01-RJ";"UOP01-DEL01-RJ"
104651;2018-01-19;"sexta-feira";"16:05:00";"MA";10;259,1;"IMPERATRIZ";"Não guardar distância de segurança";"Colisão traseira";"Sem Vítimas";"Pleno dia";"Decrescente";"Chuva";"Simples";"Aclive";"Não";5;0;0;0;5;0;0;5;-5,47156698;-47,472233;"SPRF-MA";"DEL04-MA";"UOP01-DEL04-MA"
104652;2018-01-19;"sexta-feira";"17:48:00";"RS";285;122,1;"VACARIA";"Não guardar distância de segurança";"Colisão traseira";"Com Vítimas Feridas";"Pleno dia";"Crescente";"Céu Claro";"Simples";"Reta";"Sim";2;0;1;0;1;0;1;2;-28,50511492;-50,94497513;"SPRF-RS";"DEL05-RS";"UOP03-DEL05-RS"
104653;2018-01-19;"sexta-feira";"17:30:00";"MG";381;938,7;"EXTREMA";"Velocidade Incompatível";"Saída de leito carroçável";"Com Vítimas Feridas";"Pleno dia";"Crescente";"Chuva";"Dupla";"Curva";"Sim";5;0;3;1;1;0;4;1;-22,81583315;-46,29343439;"SPRF-MG";"DEL16-MG";"UOP03-DEL16-MG"
104654;2018-01-19;"sexta-feira";"17:10:00";"PR";277;298,3;"PRUDENTOPOLIS";"Velocidade Incompatível";"Saída de leito carroçável";"Sem Vítimas";"Pleno dia";"Crescente";"Garoa/Chuvisco";"Dupla";"Curva";"Não";2;0;0;0;2;0;0;1;-25,29334294;-51,13294601;"SPRF-PR";"DEL03-PR";"UOP01-DEL08-PR"
104655;2018-01-19;"sexta-feira";"16:30:00";"PE";104;30,8;"TORITAMA";"Desobediência às normas de trânsito pelo condutor";"Colisão frontal";"Com Vítimas Feridas";"Pleno dia";"Decrescente";"Nublado";"Simples";"Ponte";"Sim";2;0;1;0;1;0;1;2;-8,0123163;-36,05716109;"SPRF-PE";"DEL02-PE";"UOP01-DEL02-PE"
104656;2018-01-19;"sexta-feira";"16:30:00";"BA";110;74;"JEREMOABO";"Pista Escorregadia";"Saída de leito carroçável";"Sem Vítimas";"Pleno dia";"Decrescente";"Chuva";"Simples";"Curva";"Não";2;0;0;0;2;0;0;1;-10,0578;-38,3429;"SPRF-BA";"DEL07-BA";"UOP01-DEL07-BA"
104657;2018-01-19;"sexta-feira";"17:50:00";"SC";101;117;"ITAJAI";"Ingestão de Álcool";"Colisão com objeto estático";"Com Vítimas Feridas";"Pleno dia";"Crescente";"Garoa/Chuvisco";"Dupla";"Reta";"Não";3;0;1;0;2;0;1;2;-26,88707688;-48,72262001;"SPRF-SC";"DEL04-SC";"UOP04-DEL04-SC"
104659;2018-01-19;"sexta-feira";"17:30:00";"SP";116;224;"GUARULHOS";"Não guardar distância de segurança";"Colisão traseira";"Com Vítimas Feridas";"Pleno dia";"Decrescente";"Chuva";"Múltipla";"Reta";"Sim";2;0;1;0;1;0;1;2;-23,4821258;-46,53500258;"SPRF-SP";"DEL01-SP";"UOP01-DEL01-SP"
104660;2018-01-19;"sexta-feira";"17:40:00";"ES";101;234,3;"FUNDAO";"Falta de Atenção à Condução";"Tombamento";"Com Vítimas Feridas";"Pleno dia";"Crescente";"Céu Claro";"Simples";"Curva";"Não";1;0;0;1;0;0;1;1;-19,9354;-40,4068;"SPRF-ES";"DEL02-ES";"UOP01-DEL02-ES"
104662;2018-01-04;"quinta-feira";"06:50:00";"CE";116;7;"FORTALEZA";"Não guardar distância de segurança";"Colisão traseira";"Com Vítimas Feridas";"Pleno dia";"Decrescente";"Céu Claro";"Simples";"Reta";"Sim";3;0;1;0;2;0;1;2;-3,80972978;-38,50047916;"SPRF-CE";"DEL01-CE";"UOP02-DEL01-CE"
104664;2018-01-19;"sexta-feira";"16:55:00";"RN";304;43;"MOSSORO";"Pista Escorregadia";"Colisão lateral";"Sem Vítimas";"Pleno dia";"Decrescente";"Chuva";"Dupla";"Reta";"Não";2;0;0;0;2;0;0;2;-5,1841285;-37,3477805;"SPRF-RN";"DEL04-RN";"UOP01-DEL04-RN"
104666;2018-01-19;"sexta-feira";"17:00:00";"SP";116;499;"CAJATI";"Pista Escorregadia";"Capotamento";"Sem Vítimas";"Pleno dia";"Crescente";"Chuva";"Simples";"Curva;Aclive";"Não";1;0;0;0;1;0;0;1;-24,73659;-48,12319;"SPRF-SP";"DEL05-SP";"UAP01-DEL05-SP"
104667;2018-01-19;"sexta-feira";"10:30:00";"AP";156;780;"OIAPOQUE";"Falta de Atenção à Condução";"Colisão lateral";"Sem Vítimas";"Pleno dia";"Crescente";"Nublado";"Simples";"Curva";"Não";2;0;0;0;2;0;0;2;3,67352315;-51,76976681;"SPRF-AP";"DEL01-AP";"UOP03-DEL01-AP"
104670;2018-01-19;"sexta-feira";"16:00:00";"SP";116;552;"BARRA DO TURVO";"Velocidade Incompatível";"Capotamento";"Sem Vítimas";"Pleno dia";"Decrescente";"Chuva";"Dupla";"Curva";"Não";1;0;0;0;1;0;0;1;-24,756866;-48,50514;"SPRF-SP";"DEL05-SP";"UOP02-DEL05-SP"
104671;2018-01-19;"sexta-feira";"18:20:00";"SC";470;32;"GASPAR";"Falta de Atenção à Condução";"Colisão transversal";"Sem Vítimas";"Pleno dia";"Crescente";"Céu Claro";"Simples";"Interseção de Vias";"Não";2;0;0;0;2;0;0;2;-26,90247123;-48,93312961;"SPRF-SC";"DEL04-SC";"UOP01-DEL04-SC"
104673;2018-01-19;"sexta-feira";"17:20:00";"PR";376;339;"ORTIGUEIRA";"Pista Escorregadia";"Saída de leito carroçável";"Com Vítimas Feridas";"Pleno dia";"Crescente";"Chuva";"Simples";"Reta";"Sim";1;0;0;1;0;0;1;1;-23,95013577;-51,11482836;"SPRF-PR";"DEL07-PR";"UOP02-DEL07-PR"
104674;2018-01-19;"sexta-feira";"18:10:00";"RS";116;244;"SAO LEOPOLDO";"Falta de Atenção à Condução";"Colisão traseira";"Sem Vítimas";"Pleno dia";"Crescente";"Céu Claro";"Dupla";"Reta";"Sim";3;0;0;0;3;0;0;3;-29,7367454;-51,15001854;"SPRF-RS";"DEL01-RS";"UOP02-DEL01-RS"
104677;2018-01-19;"sexta-feira";"14:00:00";"BA";101;553,3;"ARATACA";"Velocidade Incompatível";"Saída de leito carroçável";"Sem Vítimas";"Pleno dia";"Crescente";"Nublado";"Simples";"Curva";"Não";1;0;0;0;1;0;0;1;-15,1561142;-39,40921057;"SPRF-BA";"DEL05-BA";"UOP02-DEL05-BA"
104678;2018-01-19;"sexta-feira";"14:30:00";"MT";70;674,4;"CACERES";"Falta de Atenção à Condução";"Tombamento";"Sem Vítimas";"Pleno dia";"Crescente";"Chuva";"Simples";"Curva";"Não";1;0;0;0;1;0;0;1;-16,14139269;-57,33365536;"SPRF-MT";"DEL03-MT";"UOP02-DEL03-MT"
104682;2018-01-19;"sexta-feira";"18:30:00";"MG";40;773;"JUIZ DE FORA";"Desobediência às normas de trânsito pelo condutor";"Colisão transversal";"Sem Vítimas";"Pleno dia";"Decrescente";"Sol";"Simples";"Reta";"Não";2;0;0;0;2;0;0;2;-21,6349352;-43,44155662;"SPRF-MG";"DEL05-MG";"UOP01-DEL05-MG"
104683;2018-01-19;"sexta-feira";"19:00:00";"MG";40;777,6;"JUIZ DE FORA";"Mal Súbito";"Queda de ocupante de veículo";"Com Vítimas Feridas";"Anoitecer";"Decrescente";"Nublado";"Dupla";"Reta";"Sim";1;0;1;0;0;0;1;1;-21,67642434;-43,44758339;"SPRF-MG";"DEL05-MG";"UOP01-DEL05-MG"
104685;2018-01-19;"sexta-feira";"16:50:00";"MG";262;37,8;"MANHUACU";"Falta de Atenção à Condução";"Colisão transversal";"Com Vítimas Feridas";"Pleno dia";"Decrescente";"Céu Claro";"Simples";"Reta";"Sim";2;0;0;1;1;0;1;2;-20,26111521;-42,03740584;"SPRF-MG";"DEL06-MG";"UOP03-DEL06-MG"
104687;2018-01-19;"sexta-feira";"19:00:00";"GO";153;441,5;"ANAPOLIS";"Desobediência às normas de trânsito pelo condutor";"Colisão frontal";"Com Vítimas Fatais";"Plena Noite";"Crescente";"Céu Claro";"Dupla";"Aclive";"Sim";4;1;0;0;1;2;0;3;-16,32057052;-48,92182332;"SPRF-GO";"DEL02-GO";"UOP01-DEL02-GO"
104691;2018-01-19;"sexta-feira";"18:50:00";"PR";277;577;"CASCAVEL";"Falta de Atenção à Condução";"Colisão transversal";"Com Vítimas Feridas";"Pleno dia";"Crescente";"Nublado";"Simples";"Reta";"Não";2;0;1;0;1;0;1;2;-24,98436453;-53,34504694;"SPRF-PR";"DEL04-PR";"UOP01-DEL04-PR"
104692;2018-01-19;"sexta-feira";"19:20:00";"ES";262;5,6;"CARIACICA";"Não guardar distância de segurança";"Atropelamento de Pedestre";"Com Vítimas Feridas";"Anoitecer";"Crescente";"Céu Claro";"Múltipla";"Reta";"Sim";2;0;1;0;1;0;1;2;-20,33824402;-40,39207488;"SPRF-ES";"DEL01-ES";"UOP01-DEL01-ES"
104693;2018-01-19;"sexta-feira";"16:20:00";"MT";174;542,5;"COMODORO";"Objeto estático sobre o leito carroçável";"Saída de leito carroçável";"Sem Vítimas";"Pleno dia";"Decrescente";"Chuva";"Simples";"Reta";"Não";5;0;0;0;5;0;0;1;-13,16935516;-59,87697899;"SPRF-MT";"DEL04-MT";"UOP01-DEL04-MT"
104695;2018-01-19;"sexta-feira";"18:30:00";"PI";343;49,2;"BURITI DOS LOPES";"Ingestão de Álcool";"Colisão frontal";"Com Vítimas Feridas";"Plena Noite";"Crescente";"Céu Claro";"Simples";"Reta";"Sim";3;0;1;1;1;0;2;2;-3,1796061;-41,85965359;"SPRF-PI";"DEL05-PI";"UOP01-DEL05-PI"
104696;2018-01-19;"sexta-feira";"19:10:00";"PR";277;433,5;"VIRMOND";"Velocidade Incompatível";"Saída de leito carroçável";"Com Vítimas Feridas";"Pleno dia";"Crescente";"Chuva";"Simples";"Curva";"Não";1;0;0;1;0;0;1;1;-25,37782235;-52,23436832;"SPRF-PR";"DEL04-PR";"UOP02-DEL04-PR"
104698;2018-01-19;"sexta-feira";"18:45:00";"SE";235;4,8;"NOSSA SENHORA DO SOCORRO";"Não guardar distância de segurança";"Colisão traseira";"Com Vítimas Feridas";"Plena Noite";"Crescente";"Céu Claro";"Dupla";"Declive;Reta";"Sim";2;0;1;0;1;0;1;2;-10,90615;-37,11535;"SPRF-SE";"DEL01-SE";"UOP01-DEL01-SE"
104699;2018-01-19;"sexta-feira";"18:50:00";"RS";290;29;"SANTO ANTONIO DA PATRULHA";"Falta de Atenção à Condução";"Colisão traseira";"Sem Vítimas";"Pleno dia";"Decrescente";"Sol";"Dupla";"Reta";"Não";3;0;0;0;3;0;0;3;-29,882647;-50,534782;"SPRF-RS";"DEL03-RS";"UOP02-DEL03-RS"
104702;2018-01-19;"sexta-feira";"19:00:00";"CE";304;79,8;"ARACATI";"Falta de Atenção à Condução";"Colisão lateral";"Sem Vítimas";"Plena Noite";"Crescente";"Nublado";"Simples";"Interseção de Vias";"Não";2;0;0;0;2;0;0;2;-4,72256268;-37,55721867;"SPRF-CE";"DEL03-CE";"UOP03-DEL03-CE"
104703;2018-01-19;"sexta-feira";"20:00:00";"DF";40;0;"BRASILIA";"Não guardar distância de segurança";"Colisão lateral";"Com Vítimas Feridas";"Anoitecer";"Crescente";"Céu Claro";"Dupla";"Reta";"Sim";3;0;2;0;1;0;2;2;-15,97696118;-47,99014715;"SPRF-DF";"DEL01-DF";"UOP01-DEL01-DF"
104705;2018-01-05;"sexta-feira";"19:00:00";"RJ";101;229,7;"SILVA JARDIM";"Pista Escorregadia";"Saída de leito carroçável";"Sem Vítimas";"Anoitecer";"Crescente";"Chuva";"Dupla";"Curva";"Não";1;0;0;0;1;0;0;1;-22,56754854;-42,37457189;"SPRF-RJ";"DEL02-RJ";"UOP03-DEL02-RJ"
104708;2018-01-19;"sexta-feira";"19:20:00";"SP";116;54,1;"LORENA";"Falta de Atenção à Condução";"Colisão traseira";"Com Vítimas Feridas";"Plena Noite";"Crescente";"Chuva";"Dupla";"Reta";"Não";3;0;1;0;2;0;1;2;-22,75860686;-45,11586557;"SPRF-SP";"DEL08-SP";"UOP01-DEL08-SP"
104710;2018-01-19;"sexta-feira";"18:45:00";"BA";324;514;"FEIRA DE SANTANA";"Falta de Atenção à Condução";"Colisão frontal";"Com Vítimas Feridas";"Plena Noite";"Crescente";"Céu Claro";"Simples";"Reta";"Sim";2;0;0;1;1;0;1;2;-12,2392709;-38,93963959;"SPRF-BA";"DEL02-BA";"UOP01-DEL02-BA"
104713;2018-01-19;"sexta-feira";"19:35:00";"BA";116;425,1;"FEIRA DE SANTANA";"Ingestão de Álcool";"Atropelamento de Pedestre";"Com Vítimas Feridas";"Plena Noite";"Decrescente";"Céu Claro";"Simples";"Reta";"Sim";2;0;1;1;0;0;2;2;-12,24800478;-38,9876461;"SPRF-BA";"DEL02-BA";"UOP01-DEL02-BA"
104714;2018-01-19;"sexta-feira";"16:20:00";"RR";174;505;"BOA VISTA";"Falta de Atenção à Condução";"Colisão traseira";"Com Vítimas Feridas";"Pleno dia";"Crescente";"Céu Claro";"Dupla";"Reta";"Sim";3;0;1;0;1;1;1;3;2,8027907;-60,69344116;"SPRF-RR";"DEL01-RR";"UOP01-DEL01-RR"
104716;2018-01-04;"quinta-feira";"13:00:00";"PA";155;255;"ELDORADO DO CARAJAS";"Pista Escorregadia";"Saída de leito carroçável";"Com Vítimas Feridas";"Pleno dia";"Decrescente";"Chuva";"Simples";"Reta";"Não";4;0;1;2;1;0;3;1;-6,07774215;-49,31432247;"SPRF-PA";"DEL03-PA";"UOP01-DEL03-PA"
104717;2018-01-19;"sexta-feira";"19:10:00";"RN";101;125;"SAO JOSE DE MIPIBU";"Deficiência ou não Acionamento do Sistema de Iluminação/Sinalização do Veículo";"Colisão traseira";"Com Vítimas Feridas";"Plena Noite";"Decrescente";"Nublado";"Dupla";"Reta";"Sim";3;0;1;0;1;1;1;2;-6,06959667;-35,23846775;"SPRF-RN";"DEL01-RN";"UOP01-DEL01-RN"
104718;2018-01-19;"sexta-feira";"19:10:00";"PR";277;105,9;"CAMPO LARGO";"Falta de Atenção à Condução";"Capotamento";"Com Vítimas Feridas";"Plena Noite";"Crescente";"Chuva";"Dupla";"Curva";"Não";1;0;1;0;0;0;1;1;-25,43085274;-49,42225903;"SPRF-PR";"DEL01-PR";"UOP06-DEL01-PR"
104721;2018-01-19;"sexta-feira";"20:30:00";"SC";101;182;"BIGUACU";"Ingestão de Álcool";"Colisão transversal";"Sem Vítimas";"Plena Noite";"Decrescente";"Céu Claro";"Dupla";"Curva";"Sim";2;0;0;0;2;0;0;2;-27,40109344;-48,62999403;"SPRF-SC";"DEL01-SC";"UOP01-DEL01-SC"
104723;2018-01-19;"sexta-feira";"18:15:00";"RO";364;424,5;"JARU";"Falta de Atenção à Condução";"Colisão lateral";"Com Vítimas Feridas";"Anoitecer";"Crescente";"Nublado";"Simples";"Interseção de Vias";"Sim";3;0;0;1;2;0;1;2;-10,44065246;-62,46824643;"SPRF-RO";"DEL03-RO";"UOP02-DEL03-RO"
104725;2018-01-19;"sexta-feira";"20:05:00";"RJ";40;67;"PETROPOLIS";"Animais na Pista";"Atropelamento de Animal";"Sem Vítimas";"Plena Noite";"Crescente";"Céu Claro";"Dupla";"Reta";"Não";1;0;0;0;1;0;0;1;-22,43692335;-43,17736638;"SPRF-RJ";"DEL06-RJ";"UOP01-DEL06-RJ"
104729;2018-01-19;"sexta-feira";"21:30:00";"SC";470;182,4;"POUSO REDONDO";"Desobediência às normas de trânsito pelo condutor";"Colisão traseira";"Com Vítimas Feridas";"Plena Noite";"Crescente";"Nublado";"Simples";"Reta";"Não";3;0;1;0;2;0;1;2;-27,2508335;-49,99242783;"SPRF-SC";"DEL04-SC";"UOP02-DEL04-SC"
104735;2018-01-19;"sexta-feira";"22:00:00";"GO";20;3,6;"FORMOSA";"Falta de Atenção à Condução";"Colisão lateral";"Com Vítimas Feridas";"Plena Noite";"Crescente";"Céu Claro";"Dupla";"Interseção de Vias";"Sim";2;0;1;0;1;0;1;2;-15,5642327;-47,3158556;"SPRF-DF";"DEL02-DF";"UOP01-DEL02-DF"
104737;2018-01-19;"sexta-feira";"22:10:00";"SC";101;211,5;"PALHOCA";"Falta de Atenção à Condução";"Queda de ocupante de veículo";"Com Vítimas Feridas";"Plena Noite";"Decrescente";"Nublado";"Múltipla";"Reta";"Não";2;0;1;0;1;0;1;2;-27,62680499;-48,65570499;"SPRF-SC";"DEL01-SC";"UOP02-DEL01-SC"
104738;2018-01-19;"sexta-feira";"17:30:00";"MT";364;558;"NOBRES";"Fenômenos da Natureza";"Saída de leito carroçável";"Sem Vítimas";"Anoitecer";"Crescente";"Chuva";"Dupla";"Reta";"Não";3;0;0;0;3;0;0;1;-14,793691;-56,402504;"SPRF-MT";"DEL01-MT";"UOP01-DEL01-MT"
104739;2018-01-19;"sexta-feira";"22:20:00";"PR";376;666;"GUARATUBA";"Velocidade Incompatível";"Capotamento";"Com Vítimas Feridas";"Plena Noite";"Decrescente";"Chuva";"Simples";"Curva";"Não";4;0;1;0;3;0;1;1;-25,883259;-48,57514;"SPRF-PR";"DEL01-PR";"DEL7/1-UOP08/PR"
104740;2018-01-19;"sexta-feira";"22:20:00";"SP";116;85;"PINDAMONHANGABA";"Falta de Atenção à Condução";"Queda de ocupante de veículo";"Com Vítimas Feridas";"Plena Noite";"Decrescente";"Céu Claro";"Dupla";"Reta";"Não";1;0;1;0;0;0;1;1;-22,922148;-45,344574;"SPRF-SP";"DEL06-SP";"UOP01-DEL06-SP"
104742;2018-01-19;"sexta-feira";"21:15:00";"SC";282;389;"JOACABA";"Desobediência às normas de trânsito pelo condutor";"Colisão transversal";"Com Vítimas Feridas";"Plena Noite";"Crescente";"Céu Claro";"Simples";"Curva";"Sim";6;0;1;0;5;0;1;2;-27,17769081;-51,54647827;"SPRF-SC";"DEL07-SC";"UOP05-DEL07-SC"
104747;2018-01-19;"sexta-feira";"23:00:00";"RS";290;151,8;"ARROIO DOS RATOS";"Falta de Atenção do Pedestre";"Atropelamento de Pedestre";"Com Vítimas Fatais";"Plena Noite";"Decrescente";"Céu Claro";"Simples";"Reta";"Não";3;1;0;0;1;1;0;2;-30,10489025;-51,72547034;"SPRF-RS";"DEL02-RS";"UOP01-DEL02-RS"
104748;2018-01-19;"sexta-feira";"22:50:00";"SC";101;106;"PENHA";"Velocidade Incompatível";"Queda de ocupante de veículo";"Com Vítimas Fatais";"Plena Noite";"Decrescente";"Nublado";"Dupla";"Curva;Aclive";"Não";1;1;0;0;0;0;0;1;-26,80921995;-48,68220979;"SPRF-SC";"DEL03-SC";"UOP02-DEL03-SC"
104749;2018-01-19;"sexta-feira";"21:30:00";"RS";287;335,8;"SAO VICENTE DO SUL";"Defeito Mecânico no Veículo";"Saída de leito carroçável";"Com Vítimas Feridas";"Plena Noite";"Decrescente";"Céu Claro";"Simples";"Reta";"Não";2;0;1;0;1;0;1;1;-29,63160873;-54,67985191;"SPRF-RS";"DEL12-RS";"UOP02-DEL12-RS"
104750;2018-01-19;"sexta-feira";"23:00:00";"SP";116;406,8;"MIRACATU";"Sinalização da via insuficiente ou inadequada";"Atropelamento de Pedestre";"Com Vítimas Feridas";"Plena Noite";"Crescente";"Garoa/Chuvisco";"Dupla";"Reta";"Não";2;0;0;1;1;0;1;2;-24,281868;-47,46013;"SPRF-SP";"DEL04-SP";"UOP02-DEL04-SP"
104751;2018-01-19;"sexta-feira";"22:50:00";"MG";50;93;"UBERLANDIA";"Falta de Atenção à Condução";"Colisão traseira";"Com Vítimas Feridas";"Plena Noite";"Decrescente";"Céu Claro";"Dupla";"Reta";"Não";6;0;1;0;5;0;1;2;-19,05736124;-48,19441223;"SPRF-MG";"DEL15-MG";"UOP01-DEL15-MG"
104752;2018-01-19;"sexta-feira";"20:50:00";"BA";101;207;"GOVERNADOR MANGABEIRA";"Falta de Atenção do Pedestre";"Atropelamento de Pedestre";"Com Vítimas Fatais";"Plena Noite";"Crescente";"Céu Claro";"Simples";"Reta";"Não";2;1;0;0;0;1;0;2;-12,5967;-39,0355;"SPRF-BA";"DEL01-BA";"UOP03-DEL01-BA"
104753;2018-01-19;"sexta-feira";"21:40:00";"SP";153;162;"PROMISSAO";"Defeito Mecânico no Veículo";"Colisão transversal";"Com Vítimas Feridas";"Plena Noite";"Crescente";"Céu Claro";"Simples";"Reta";"Não";2;0;0;1;1;0;1;2;-21,525328;-49,781326;"SPRF-SP";"DEL07-SP";"UOP01-DEL07-SP"
104754;2018-01-19;"sexta-feira";"19:05:00";"PE";232;15;"JABOATAO DOS GUARARAPES";"Animais na Pista";"Atropelamento de Animal";"Sem Vítimas";"Plena Noite";"Decrescente";"Céu Claro";"Dupla";"Reta";"Não";1;0;0;0;1;0;0;1;-8,09053191;-35,02567208;"SPRF-PE";"DEL01-PE";"UOP01-DEL01-PE"
104756;2018-01-19;"sexta-feira";"23:35:00";"PR";376;653;"TIJUCAS DO SUL";"Velocidade Incompatível";"Colisão com objeto estático";"Sem Vítimas";"Plena Noite";"Crescente";"Nublado";"Dupla";"Curva";"Não";1;0;0;0;1;0;0;1;-25,928534;-49,199314;"SPRF-PR";"DEL01-PR";"DEL7/1-UOP08/PR"
104757;2018-01-19;"sexta-feira";"22:50:00";"MS";60;394,7;"SIDROLANDIA";"Velocidade Incompatível";"Saída de leito carroçável";"Com Vítimas Feridas";"Plena Noite";"Decrescente";"Céu Claro";"Simples";"Reta";"Não";2;0;1;1;0;0;2;1;-20,753997;-54,78516787;"SPRF-MS";"DEL01-MS";"UOP04-DEL01-MS"
104758;2018-01-20;"sábado";"00:30:00";"PR";116;39,5;"CAMPINA GRANDE DO SUL";"Velocidade Incompatível";"Capotamento";"Com Vítimas Feridas";"Plena Noite";"Crescente";"Chuva";"Dupla";"Curva";"Não";2;0;1;0;1;0;1;1;-25,1604569;-48,86227179;"SPRF-PR";"DEL01-PR";"UOP02-DEL01-PR"
104759;2018-01-20;"sábado";"00:30:00";"RJ";116;86;"TERESOPOLIS";"Falta de Atenção à Condução";"Colisão com objeto estático";"Com Vítimas Feridas";"Plena Noite";"Crescente";"Céu Claro";"Simples";"Curva";"Não";3;0;2;0;1;0;2;1;-22,4316575;-42,94984818;"SPRF-RJ";"DEL04-RJ";"UOP01-DEL04-RJ"
104760;2018-01-20;"sábado";"00:05:00";"GO";153;537;"HIDROLANDIA";"Animais na Pista";"Atropelamento de Animal";"Sem Vítimas";"Plena Noite";"Decrescente";"Nublado";"Dupla";"Reta;Aclive";"Não";1;0;0;0;1;0;0;1;-17,0276;-49,2229;"SPRF-GO";"DEL01-GO";"UOP03-DEL01-GO"
104761;2018-01-20;"sábado";"00:40:00";"SP";116;271,5;"TABOAO DA SERRA";"Falta de Atenção à Condução";"Colisão lateral";"Com Vítimas Feridas";"Plena Noite";"Crescente";"Céu Claro";"Dupla";"Reta";"Sim";3;0;1;0;1;1;1;3;-23,6078;-46,7529;"SPRF-SP";"DEL04-SP";"UOP01-DEL04-SP"
104762;2018-01-19;"sexta-feira";"20:10:00";"RS";290;314;"CACAPAVA DO SUL";"Falta de Atenção à Condução";"Colisão traseira";"Sem Vítimas";"Pleno dia";"Crescente";"Céu Claro";"Simples";"Reta";"Não";2;0;0;0;2;0;0;2;-30,35162033;-53,33150446;"SPRF-RS";"DEL09-RS";"UOP02-DEL09-RS"
104763;2018-01-20;"sábado";"01:15:00";"DF";40;0;"BRASILIA";"Ingestão de Álcool";"Capotamento";"Com Vítimas Feridas";"Plena Noite";"Decrescente";"Ignorado";"Dupla";"Reta";"Não";1;0;1;0;0;0;1;1;-15,9768051;-47,989838;"SPRF-DF";"DEL01-DF";"UOP01-DEL01-DF"
104765;2018-01-19;"sexta-feira";"23:10:00";"RO";364;346,9;"JI-PARANA";"Falta de Atenção à Condução";"Colisão transversal";"Com Vítimas Feridas";"Plena Noite";"Decrescente";"Céu Claro";"Simples";"Interseção de Vias;Declive;Reta";"Sim";2;0;1;0;1;0;1;2;-10,86164032;-61,9749096;"SPRF-RO";"DEL02-RO";"UOP01-DEL02-RO"
104768;2018-01-19;"sexta-feira";"23:30:00";"BA";101;879;"TEIXEIRA DE FREITAS";"Falta de Atenção à Condução";"Colisão transversal";"Com Vítimas Feridas";"Plena Noite";"Decrescente";"Céu Claro";"Simples";"Reta";"Sim";2;0;2;0;0;0;2;2;-17,535471;-39,74228;"SPRF-BA";"DEL09-BA";"UOP02-DEL09-BA"
104771;2018-01-20;"sábado";"01:30:00";"MG";381;684,3;"RIBEIRAO VERMELHO";"Falta de Atenção à Condução";"Colisão com objeto estático";"Sem Vítimas";"Plena Noite";"Decrescente";"Nublado";"Dupla";"Curva";"Não";1;0;0;0;1;0;0;1;-21,16220179;-45,12172197;"SPRF-MG";"DEL04-MG";"UOP02-DEL04-MG"
104773;2018-01-20;"sábado";"00:30:00";"GO";153;436,4;"ANAPOLIS";"Ingestão de Álcool";"Saída de leito carroçável";"Com Vítimas Feridas";"Plena Noite";"Crescente";"Céu Claro";"Dupla";"Curva";"Não";1;0;1;0;0;0;1;1;-16,28513849;-48,9482454;"SPRF-GO";"DEL02-GO";"UOP01-DEL02-GO"
104774;2018-01-20;"sábado";"01:00:00";"SP";116;0;"GUARULHOS";"Animais na Pista";"Atropelamento de Animal";"Com Vítimas Feridas";"Plena Noite";"Decrescente";"Nublado";"Dupla";"Reta";"Sim";1;0;1;0;0;0;1;1;-23,45621915;-46,49068594;"SPRF-SP";"DEL01-SP";"UOP01-DEL01-SP"
104775;2018-01-20;"sábado";"02:10:00";"GO";158;268,4;"JATAI";"Ingestão de Álcool";"Colisão lateral";"Com Vítimas Feridas";"Plena Noite";"Crescente";"Céu Claro";"Dupla";"Reta";"Sim";4;0;1;0;3;0;1;3;-17,86695349;-51,72938347;"SPRF-GO";"DEL05-GO";"UOP01-DEL05-GO"
104776;2018-01-20;"sábado";"00:20:00";"BA";116;817;"VITORIA DA CONQUISTA";"Ingestão de Álcool";"Colisão frontal";"Com Vítimas Feridas";"Plena Noite";"Decrescente";"Céu Claro";"Simples";"Reta";"Não";2;0;1;0;1;0;1;2;-14,851;-40,8485;"SPRF-BA";"DEL08-BA";"UOP01-DEL08-BA"
104777;2018-01-20;"sábado";"02:30:00";"DF";60;1;"BRASILIA";"Ingestão de Álcool";"Colisão com objeto estático";"Com Vítimas Feridas";"Plena Noite";"Crescente";"Céu Claro";"Dupla";"Reta";"Sim";2;0;2;0;0;0;2;1;-15,885093;-48,068954;"SPRF-DF";"DEL01-DF";"UOP01-DEL03-DF"