"id";"data_inversa";"dia_semana";"horario";"uf";"br";"km";"municipio";"causa_acidente";"tipo_acidente";"classificacao_acidente";"fase_dia";"sentido_via";"condicao_metereologica";"tipo_pista";"tracado_via";"uso_solo";"pessoas";"mortos";"feridos_leves";"feridos_graves";"ilesos";"ignorados";"feridos";"veiculos";"latitude";"longitude";"regional";"delegacia";"uop"
104900;2018-01-20;"sábado";"15:30:00";"SC";470;11,9;"NAVEGANTES";"Falta de Atenção à Condução";"Colisão transversal";"Com Vítimas Feridas";"Pleno dia";"Crescente";"Céu Claro";"Simples";"Interseção de Vias";"Não";2;0;1;0;1;0;1;2;-26,83377878;-48,73855412;"SPRF-SC";"DEL04-SC";"UOP04-DEL04-SC"
104902;2018-01-20;"sábado";"15:32:00";"ES";262;4,2;"CARIACICA";"Ingestão de Álcool";"Colisão traseira";"Com Vítimas Feridas";"Pleno dia";"Decrescente";"Céu Claro";"Simples";"Reta";"Sim";3;0;1;0;2;0;1;3;-20,33802271;-40,38072017;"SPRF-ES";"DEL01-ES";"UOP01-DEL01-ES"
104903;2018-01-20;"sábado";"16:20:00";"MG";381;340;"NOVA ERA";"Desobediência às normas de trânsito pelo condutor";"Colisão lateral";"Com Vítimas Feridas";"Pleno dia";"Crescente";"Céu Claro";"Simples";"Reta";"Não";3;0;1;1;1;0;2;2;-19,750475;-43,037865;"SPRF-MG";"DEL03-MG";"UOP01-DEL03-MG"
104906;2018-01-20;"sábado";"11:10:00";"BA";101;383;"GANDU";"Ultrapassagem Indevida";"Saída de leito carroçável";"Com Vítimas Feridas";"Pleno dia";"Crescente";"Sol";"Simples";"Reta";"Não";2;0;1;0;1;0;1;1;-13,79082165;-39,49516296;"SPRF-BA";"DEL05-BA";"UOP03-DEL05-BA"
104909;2018-01-20;"sábado";"15:00:00";"PE";101;42,7;"IGARASSU";"Desobediência às normas de trânsito pelo condutor";"Colisão transversal";"Sem Vítimas";"Pleno dia";"Decrescente";"Céu Claro";"Múltipla";"Declive";"Sim";2;0;0;0;2;0;0;2;-7,83960886;-34,91174029;"SPRF-PE";"DEL01-PE";"UOP02-DEL01-PE"
104910;2018-01-20;"sábado";"15:30:00";"PE";316;23,8;"ARARIPINA";"Ultrapassagem Indevida";"Colisão frontal";"Com Vítimas Feridas";"Pleno dia";"Crescente";"Ignorado";"Simples";"Reta";"Sim";4;0;0;2;2;0;2;2;-7,58611595;-40,49815564;"SPRF-PE";"DEL05-PE";"UOP02-DEL05-PE"
104911;2018-01-20;"sábado";"15:00:00";"RS";290;21,4;"SANTO ANTONIO DA PATRULHA";"Não guardar distância de segurança";"Colisão lateral";"Com Vítimas Feridas";"Pleno dia";"Crescente";"Sol";"Dupla";"Reta";"Não";3;0;2;0;1;0;2;2;-29,88983469;-50,46873186;"SPRF-RS";"DEL03-RS";"UOP02-DEL03-RS"
104912;2018-01-20;"sábado";"17:05:00";"SC";101;9,8;"GARUVA";"Não guardar distância de segurança";"Colisão traseira";"Com Vítimas Feridas";"Pleno dia";"Crescente";"Chuva";"Dupla";"Reta";"Não";3;0;1;0;2;0;1;2;-26,05601095;-48,85954085;"SPRF-SC";"DEL03-SC";"UOP01-DEL03-SC"
104913;2018-01-20;"sábado";"16:15:00";"PB";230;27;"JOAO PESSOA";"Animais na Pista";"Atropelamento de Animal";"Com Vítimas Feridas";"Pleno dia";"Decrescente";"Céu Claro";"Dupla";"Curva";"Sim";2;0;1;1;0;0;2;1;-7,1677;-34,8855;"SPRF-PB";"DEL01-PB";"UOP01-DEL01-PB"
104915;2018-01-20;"sábado";"15:30:00";"MT";163;750;"SORRISO";"Falta de Atenção à Condução";"Colisão traseira";"Sem Vítimas";"Pleno dia";"Crescente";"Céu Claro";"Dupla";"Curva";"Sim";2;0;0;0;2;0;0;2;-12,545702;-55,71182;"SPRF-MT";"DEL06-MT";"UOP01-DEL06-MT"
104916;2018-01-20;"sábado";"16:08:00";"PA";316;73,8;"SAO FRANCISCO DO PARA";"Falta de Atenção à Condução";"Colisão transversal";"Com Vítimas Feridas";"Pleno dia";"Decrescente";"Sol";"Simples";"Reta";"Não";4;0;0;1;1;2;1;3;-1,2936375;-47,82443047;"SPRF-PA";"DEL01-PA";"UOP01-DEL01-PA"
104917;2018-01-20;"sábado";"16:30:00";"GO";153;508,1;"APARECIDA DE GOIANIA";"Avarias e/ou desgaste excessivo no pneu";"Tombamento";"Com Vítimas Feridas";"Pleno dia";"Decrescente";"Sol";"Dupla";"Aclive";"Sim";1;0;1;0;0;0;1;1;-16,77951032;-49,23725994;"SPRF-GO";"DEL01-GO";"UOP03-DEL01-GO"
104918;2018-01-20;"sábado";"18:00:00";"GO";452;20;"RIO VERDE";"Falta de Atenção à Condução";"Colisão traseira";"Com Vítimas Feridas";"Pleno dia";"Decrescente";"Sol";"Simples";"Reta";"Não";7;0;3;0;4;0;3;2;-17,868765;-50,733345;"SPRF-GO";"DEL04-GO";"UOP01-DEL04-GO"
104919;2018-01-20;"sábado";"16:50:00";"SC";282;519,8;"XAXIM";"Condutor Dormindo";"Colisão com objeto estático";"Sem Vítimas";"Pleno dia";"Decrescente";"Sol";"Simples";"Curva";"Sim";1;0;0;0;1;0;0;1;-26,95108248;-52,52441644;"SPRF-SC";"DEL07-SC";"UOP01-DEL07-SC"
104920;2018-01-20;"sábado";"11:45:00";"MG";381;687,7;"LAVRAS";"Falta de Atenção à Condução";"Colisão com objeto estático";"Sem Vítimas";"Pleno dia";"Crescente";"Chuva";"Dupla";"Curva";"Não";1;0;0;0;1;0;0;1;-21,18122435;-45,12065718;"SPRF-MG";"DEL04-MG";"UOP02-DEL04-MG"
104921;2018-01-20;"sábado";"17:30:00";"RJ";40;92,2;"PETROPOLIS";"Velocidade Incompatível";"Colisão com objeto estático";"Com Vítimas Feridas";"Pleno dia";"Decrescente";"Nublado";"Dupla";"Curva";"Não";1;0;1;0;0;0;1;1;-22,567164;-43,242779;"SPRF-RJ";"DEL06-RJ";"UOP01-DEL06-RJ"
104922;2018-01-20;"sábado";"16:45:00";"BA";101;811;"ITAMARAJU";"Ingestão de Substâncias Psicoativas";"Saída de leito carroçável";"Com Vítimas Feridas";"Pleno dia";"Crescente";"Céu Claro";"Simples";"Reta";"Sim";1;0;0;1;0;0;1;1;-17,05663;-39,55049;"SPRF-BA";"DEL09-BA";"UOP01-DEL09-BA"
104923;2018-01-20;"sábado";"16:55:00";"SE";101;92;"NOSSA SENHORA DO SOCORRO";"Falta de Atenção à Condução";"Colisão traseira";"Com Vítimas Feridas";"Pleno dia";"Decrescente";"Céu Claro";"Múltipla";"Reta";"Não";2;0;1;0;1;0;1;2;-10,9061;-37,1503;"SPRF-SE";"DEL01-SE";"UOP01-DEL01-SE"
104924;2018-01-20;"sábado";"16:10:00";"PR";163;133;"CAPITAO LEONIDAS MARQUES";"Velocidade Incompatível";"Colisão traseira";"Sem Vítimas";"Pleno dia";"Decrescente";"Céu Claro";"Simples";"Reta";"Não";3;0;0;0;3;0;0;3;-25,5545;-53,5876;"SPRF-PR";"DEL04-PR";"UOP05-DEL05-PR"
104925;2018-01-20;"sábado";"18:00:00";"RS";392;351,6;"SANTA MARIA";"Ingestão de Álcool";"Atropelamento de Pedestre";"Com Vítimas Feridas";"Pleno dia";"Crescente";"Nublado";"Simples";"Reta";"Sim";5;0;1;1;3;0;2;2;-29,72845837;-53,80311728;"SPRF-RS";"DEL09-RS";"UOP01-DEL09-RS"
104927;2018-01-20;"sábado";"15:34:00";"RN";101;83;"NATAL";"Falta de Atenção à Condução";"Colisão traseira";"Com Vítimas Feridas";"Pleno dia";"Decrescente";"Céu Claro";"Dupla";"Reta";"Sim";2;0;1;0;1;0;1;2;-5,77166027;-35,2646783;"SPRF-RN";"DEL02-RN";"UOP01-DEL02-RN"
104928;2018-01-20;"sábado";"17:00:00";"SC";282;506,8;"XANXERE";"Falta de Atenção à Condução";"Colisão com objeto estático";"Com Vítimas Feridas";"Pleno dia";"Crescente";"Nublado";"Dupla";"Rotatória";"Não";1;0;1;0;0;0;1;1;-26,8853302;-52,4333024;"SPRF-SC";"DEL07-SC";"UOP01-DEL07-SC"
104929;2018-01-20;"sábado";"17:00:00";"CE";222;301;"TIANGUA";"Não guardar distância de segurança";"Colisão traseira";"Com Vítimas Feridas";"Anoitecer";"Crescente";"Chuva";"Simples";"Curva;Aclive";"Não";3;0;2;1;0;0;3;2;-3,66306933;-40,94373822;"SPRF-CE";"DEL04-CE";"UOP02-DEL04-CE"
104930;2018-01-20;"sábado";"17:50:00";"RS";116;240,8;"NOVO HAMBURGO";"Falta de Atenção à Condução";"Colisão traseira";"Sem Vítimas";"Pleno dia";"Decrescente";"Céu Claro";"Dupla";"Reta";"Sim";2;0;0;0;2;0;0;2;-29,71204089;-51,1474514;"SPRF-RS";"DEL01-RS";"UOP02-DEL01-RS"
104931;2018-01-20;"sábado";"18:00:00";"MG";381;500,6;"BETIM";"Velocidade Incompatível";"Colisão traseira";"Com Vítimas Feridas";"Pleno dia";"Decrescente";"Sol";"Múltipla";"Reta";"Não";3;0;2;0;1;0;2;2;-20,00918152;-44,21728849;"SPRF-MG";"DEL01-MG";"UOP03-DEL01-MG"
104932;2018-01-20;"sábado";"17:30:00";"CE";222;7,5;"CAUCAIA";"Não guardar distância de segurança";"Colisão lateral";"Com Vítimas Feridas";"Anoitecer";"Decrescente";"Céu Claro";"Dupla";"Reta";"Não";2;0;2;0;0;0;2;2;-3,74011331;-38,63557004;"SPRF-CE";"DEL01-CE";"UOP01-DEL01-CE"
104934;2018-01-20;"sábado";"17:15:00";"PR";158;492,8;"CORONEL VIVIDA";"Ingestão de Álcool";"Saída de leito carroçável";"Com Vítimas Feridas";"Pleno dia";"Decrescente";"Nublado";"Simples";"Curva";"Não";3;0;1;1;1;0;2;1;-25,98019;-52,568222;"SPRF-PR";"DEL02-PR";"UOP01-DEL02-PR"
104935;2018-01-20;"sábado";"16:00:00";"RO";364;766;"PORTO VELHO";"Pista Escorregadia";"Saída de leito carroçável";"Com Vítimas Feridas";"Pleno dia";"Crescente";"Chuva";"Simples";"Reta";"Não";4;0;1;0;3;0;1;1;-9,13694985;-64,14796829;"SPRF-RO";"DEL01-RO";"UOP02-DEL01-RO"
104936;2018-01-20;"sábado";"15:20:00";"RJ";116;74,8;"TERESOPOLIS";"Defeito Mecânico no Veículo";"Incêndio";"Sem Vítimas";"Pleno dia";"Decrescente";"Céu Claro";"Simples";"Curva";"Sim";1;0;0;0;0;1;0;1;-22,35944267;-42,94195175;"SPRF-RJ";"DEL04-RJ";"UOP01-DEL04-RJ"
104937;2018-01-20;"sábado";"17:30:00";"PE";408;48,7;"NAZARE DA MATA";"Ingestão de Álcool";"Colisão lateral";"Com Vítimas Feridas";"Anoitecer";"Decrescente";"Céu Claro";"Simples";"Declive;Curva";"Não";6;0;3;0;2;1;3;3;-7,721508;-35,238873;"SPRF-PE";"DEL01-PE";"UOP01-DEL01-PE"
104938;2018-01-20;"sábado";"18:30:00";"SP";116;58,1;"GUARATINGUETA";"Falta de Atenção à Condução";"Colisão com objeto estático";"Com Vítimas Feridas";"Anoitecer";"Crescente";"Chuva";"Dupla";"Reta";"Sim";1;0;1;0;0;0;1;1;-22,7806479;-45,1465486;"SPRF-SP";"DEL08-SP";"UOP01-DEL08-SP"
104939;2018-01-20;"sábado";"18:15:00";"SP";116;444;"REGISTRO";"Falta de Atenção à Condução";"Saída de leito carroçável";"Com Vítimas Feridas";"Pleno dia";"Decrescente";"Nublado";"Dupla";"Reta";"Sim";1;0;1;0;0;0;1;1;-24,487978;-47,84402;"SPRF-SP";"DEL05-SP";"UOP01-DEL05-SP"
104940;2018-01-20;"sábado";"18:30:00";"SP";116;0,4;"QUELUZ";"Pista Escorregadia";"Colisão com objeto estático";"Sem Vítimas";"Anoitecer";"Decrescente";"Chuva";"Dupla";"Reta";"Não";2;0;0;0;2;0;0;2;-22,51576022;-44,70291863;"SPRF-SP";"DEL08-SP";"UOP02-DEL08-SP"
104941;2018-01-20;"sábado";"18:30:00";"RJ";393;234;"VASSOURAS";"Velocidade Incompatível";"Saída de leito carroçável";"Sem Vítimas";"Anoitecer";"Crescente";"Chuva";"Simples";"Curva";"Não";1;0;0;0;1;0;0;1;-22,40056905;-43,66290003;"SPRF-RJ";"DEL05-RJ";"UOP03-DEL05-RJ"
104942;2018-01-20;"sábado";"18:30:00";"RJ";116;265;"BARRA MANSA";"Defeito Mecânico no Veículo";"Colisão com objeto estático";"Com Vítimas Feridas";"Pleno dia";"Crescente";"Chuva";"Dupla";"Curva";"Não";2;0;1;0;1;0;1;2;-22,54465;-44,17177;"SPRF-RJ";"DEL07-RJ";"UOP02-DEL07-RJ"
104943;2018-01-20;"sábado";"18:45:00";"MG";40;618,1;"CONGONHAS";"Velocidade Incompatível";"Tombamento";"Com Vítimas Feridas";"Pleno dia";"Crescente";"Céu Claro";"Simples";"Reta";"Não";1;0;1;0;0;0;1;1;-20,56841206;-43,81190881;"SPRF-MG";"DEL05-MG";"UOP02-DEL05-MG"
104945;2018-01-20;"sábado";"18:00:00";"PB";230;10;"CABEDELO";"Falta de Atenção à Condução";"Colisão traseira";"Com Vítimas Feridas";"Anoitecer";"Crescente";"Céu Claro";"Dupla";"Reta";"Sim";3;0;1;0;2;0;1;3;-7,05812351;-34,85071957;"SPRF-PB";"DEL01-PB";"UOP01-DEL01-PB"
104946;2018-01-20;"sábado";"19:10:00";"SC";470;99;"APIUNA";"Falta de Atenção à Condução";"Colisão transversal";"Com Vítimas Feridas";"Anoitecer";"Crescente";"Nublado";"Simples";"Reta";"Não";3;0;1;0;2;0;1;2;-27,02700874;-49,37902808;"SPRF-SC";"DEL04-SC";"UOP01-DEL04-SC"
104947;2018-01-20;"sábado";"19:05:00";"GO";40;16;"LUZIANIA";"Ingestão de Álcool";"Capotamento";"Com Vítimas Feridas";"Anoitecer";"Crescente";"Céu Claro";"Dupla";"Reta";"Sim";5;0;4;1;0;0;5;1;-16,175176;-47,92964;"SPRF-DF";"DEL01-DF";"UOP01-DEL01-DF"
104948;2018-01-20;"sábado";"18:50:00";"RS";287;240,7;"SANTA MARIA";"Falta de Atenção à Condução";"Colisão transversal";"Sem Vítimas";"Pleno dia";"Decrescente";"Nublado";"Simples";"Interseção de Vias";"Sim";2;0;0;0;2;0;0;2;-29,70677592;-53,78620327;"SPRF-RS";"DEL09-RS";"UOP01-DEL09-RS"
104949;2018-01-20;"sábado";"19:15:00";"MG";262;433,7;"CAETE";"Velocidade Incompatível";"Colisão frontal";"Com Vítimas Feridas";"Pleno dia";"Crescente";"Céu Claro";"Simples";"Curva";"Não";5;0;3;0;2;0;3;2;-19,7867048;-43,68835258;"SPRF-MG";"DEL08-MG";"UOP03-DEL08-MG"
104953;2018-01-20;"sábado";"19:30:00";"SC";101;182,9;"BIGUACU";"Ingestão de Álcool";"Colisão traseira";"Sem Vítimas";"Anoitecer";"Crescente";"Céu Claro";"Dupla";"Reta";"Não";2;0;0;0;2;0;0;2;-27,40509003;-48,62892151;"SPRF-SC";"DEL01-SC";"UOP01-DEL01-SC"
104955;2018-01-20;"sábado";"17:50:00";"PR";373;245,7;"GUAMIRANGA";"Falta de Atenção à Condução";"Colisão transversal";"Com Vítimas Feridas";"Anoitecer";"Crescente";"Nublado";"Simples";"Curva";"Não";2;0;1;0;1;0;1;2;-25,19186;-50,805153;"SPRF-PR";"DEL03-PR";"UOP01-DEL03-PR"
104956;2018-01-20;"sábado";"19:00:00";"RJ";116;204;"SEROPEDICA";"Falta de Atenção à Condução";"Colisão traseira";"Com Vítimas Feridas";"Pleno dia";"Crescente";"Ignorado";"Dupla";"Reta";"Não";5;0;5;0;0;0;5;2;-22,71993251;-43,69004667;"SPRF-RJ";"DEL01-RJ";"UOP03-DEL01-RJ"
104959;2018-01-20;"sábado";"19:00:00";"MG";251;376,6;"GRAO MOGOL";"Falta de Atenção à Condução";"Colisão traseira";"Com Vítimas Feridas";"Anoitecer";"Decrescente";"Céu Claro";"Simples";"Interseção de Vias";"Sim";2;0;0;1;1;0;1;2;-16,27861943;-42,62781143;"SPRF-MG";"DEL12-MG";"UOP01-DEL12-MG"
104960;2018-01-20;"sábado";"18:50:00";"MA";135;20;"SAO LUIS";"Falta de Atenção à Condução";"Colisão traseira";"Sem Vítimas";"Plena Noite";"Decrescente";"Nublado";"Dupla";"Reta";"Sim";2;0;0;0;2;0;0;2;-2,56557101;-44,31933582;"SPRF-MA";"DEL01-MA";"UOP01-DEL01-MA"
104961;2018-01-20;"sábado";"20:00:00";"MG";381;884,7;"ESTIVA";"Animais na Pista";"Atropelamento de Animal";"Com Vítimas Feridas";"Anoitecer";"Decrescente";"Céu Claro";"Dupla";"Curva";"Não";1;0;1;0;0;0;1;1;-22,49493572;-46,01220141;"SPRF-MG";"DEL16-MG";"UOP01-DEL16-MG"
104963;2018-01-20;"sábado";"16:40:00";"RJ";101;207,1;"CASIMIRO DE ABREU";"Desobediência às normas de trânsito pelo condutor";"Colisão frontal";"Com Vítimas Fatais";"Pleno dia";"Decrescente";"Céu Claro";"Simples";"Reta";"Sim";5;1;1;2;1;0;3;2;-22,47798219;-42,21221924;"SPRF-RJ";"DEL02-RJ";"UOP04-DEL08-RJ"
104964;2018-01-20;"sábado";"20:25:00";"DF";70;9,4;"BRASILIA";"Falta de Atenção à Condução";"Colisão lateral";"Com Vítimas Fatais";"Plena Noite";"Crescente";"Nublado";"Dupla";"Reta";"Sim";3;1;0;0;2;0;0;2;-15,78549132;-48,13510537;"SPRF-DF";"DEL01-DF";"UOP02-DEL03-DF"
104965;2018-01-20;"sábado";"20:40:00";"MG";381;487;"BETIM";"Falta de Atenção à Condução";"Colisão lateral";"Sem Vítimas";"Plena Noite";"Decrescente";"Céu Claro";"Dupla";"Curva";"Sim";2;0;0;0;1;1;0;2;-19,9572;-44,1243;"SPRF-MG";"DEL01-MG";"UOP03-DEL01-MG"
104966;2018-01-20;"sábado";"20:30:00";"MG";50;78,1;"UBERLANDIA";"Defeito Mecânico no Veículo";"Queda de ocupante de veículo";"Com Vítimas Feridas";"Plena Noite";"Crescente";"Céu Claro";"Dupla";"Reta";"Não";2;0;2;0;0;0;2;1;-18,95313074;-48,21714989;"SPRF-MG";"DEL15-MG";"UOP01-DEL15-MG"
104967;2018-01-20;"sábado";"20:20:00";"MG";50;180,1;"UBERABA";"Não guardar distância de segurança";"Colisão traseira";"Com Vítimas Feridas";"Plena Noite";"Crescente";"Céu Claro";"Simples";"Rotatória";"Sim";2;0;2;0;0;0;2;1;-19,77842;-47,9233;"SPRF-MG";"DEL13-MG";"UOP01-DEL13-MG"
104968;2018-01-20;"sábado";"18:40:00";"PE";232;405,9;"SERRA TALHADA";"Animais na Pista";"Atropelamento de Animal";"Sem Vítimas";"Plena Noite";"Decrescente";"Céu Claro";"Simples";"Declive";"Não";1;0;0;0;1;0;0;1;-7,98770482;-38,26028198;"SPRF-PE";"DEL04-PE";"UOP01-DEL04-PE"
104970;2018-01-20;"sábado";"21:05:00";"GO";153;504,3;"APARECIDA DE GOIANIA";"Desobediência às normas de trânsito pelo condutor";"Atropelamento de Pedestre";"Com Vítimas Feridas";"Plena Noite";"Decrescente";"Nublado";"Múltipla";"Reta";"Sim";3;0;2;1;0;0;3;2;-16,74255136;-49,24145965;"SPRF-GO";"DEL01-GO";"UOP01-DEL01-GO"
104971;2018-01-20;"sábado";"19:15:00";"MG";116;567,5;"MANHUACU";"Desobediência às normas de trânsito pelo condutor";"Colisão lateral";"Com Vítimas Feridas";"Anoitecer";"Crescente";"Céu Claro";"Simples";"Reta";"Não";3;0;1;2;0;0;3;2;-20,2665;-42,0361;"SPRF-MG";"DEL06-MG";"UOP03-DEL06-MG"
104972;2018-01-20;"sábado";"21:10:00";"SP";153;51,6;"SAO JOSE DO RIO PRETO";"Desobediência às normas de trânsito pelo condutor";"Colisão transversal";"Com Vítimas Fatais";"Plena Noite";"Decrescente";"Céu Claro";"Simples";"Reta";"Sim";4;1;1;0;0;2;1;3;-20,72345454;-49,33854282;"SPRF-SP";"DEL09-SP";"UOP01-DEL09-SP"
104974;2018-01-20;"sábado";"20:20:00";"SE";235;8,8;"NOSSA SENHORA DO SOCORRO";"Animais na Pista";"Atropelamento de Animal";"Sem Vítimas";"Plena Noite";"Decrescente";"Nublado";"Simples";"Reta";"Não";1;0;0;0;1;0;0;1;-10,88340821;-37,13952363;"SPRF-SE";"DEL01-SE";"UOP01-DEL01-SE"
104975;2018-01-20;"sábado";"19:20:00";"BA";410;0,2;"RIBEIRA DO POMBAL";"Ingestão de Álcool";"Queda de ocupante de veículo";"Com Vítimas Feridas";"Plena Noite";"Crescente";"Céu Claro";"Simples";"Reta";"Sim";1;0;1;0;0;0;1;1;-10,81594844;-38,53121709;"SPRF-BA";"DEL07-BA";"UOP02-DEL07-BA"
104978;2018-01-20;"sábado";"18:15:00";"MS";163;75;"ITAQUIRAI";"Falta de Atenção à Condução";"Saída de leito carroçável";"Sem Vítimas";"Anoitecer";"Decrescente";"Nublado";"Simples";"Aclive";"Não";1;0;0;0;1;0;0;1;-23,500938;-54,187305;"SPRF-MS";"DEL09-MS";"UOP02-DEL09-MS"
104979;2018-01-20;"sábado";"20:10:00";"SE";101;96;"SAO CRISTOVAO";"Falta de Atenção à Condução";"Colisão com objeto estático";"Com Vítimas Feridas";"Plena Noite";"Crescente";"Céu Claro";"Dupla";"Em Obras";"Não";1;0;0;1;0;0;1;1;-10,9263;-37,1795;"SPRF-SE";"DEL02-SE";"UOP01-DEL02-SE"
104980;2018-01-20;"sábado";"20:40:00";"CE";20;414,6;"MARACANAU";"Defeito na Via";"Colisão traseira";"Com Vítimas Fatais";"Plena Noite";"Crescente";"Céu Claro";"Simples";"Rotatória;Em Obras";"Sim";1;1;0;0;0;0;0;1;-3,8271994;-38,6241201;"SPRF-CE";"DEL01-CE";"UOP02-DEL01-CE"
104982;2018-01-20;"sábado";"17:40:00";"RS";116;162,4;"CAXIAS DO SUL";"Velocidade Incompatível";"Tombamento";"Sem Vítimas";"Pleno dia";"Crescente";"Nublado";"Simples";"Curva";"Não";1;0;0;0;1;0;0;1;-29,25076855;-51,15914315;"SPRF-RS";"DEL05-RS";"UOP02-DEL05-RS"
104983;2018-01-20;"sábado";"20:15:00";"PR";376;504,8;"PONTA GROSSA";"Falta de Atenção à Condução";"Capotamento";"Sem Vítimas";"Plena Noite";"Crescente";"Chuva";"Dupla";"Reta";"Sim";1;0;0;0;1;0;0;1;-25,095474;-50,162373;"SPRF-PR";"DEL03-PR";"UOP04-DEL03-PR"
104984;2018-01-20;"sábado";"20:40:00";"RN";101;94;"NATAL";"Ingestão de Álcool";"Colisão transversal";"Com Vítimas Feridas";"Plena Noite";"Crescente";"Céu Claro";"Dupla";"Reta";"Sim";2;0;0;1;0;1;1;2;-5,8307044;-35,21175832;"SPRF-RN";"DEL01-RN";"UOP01-DEL01-RN"
104988;2018-01-20;"sábado";"17:00:00";"BA";242;313;"LAJEDINHO";"Falta de Atenção à Condução";"Capotamento";"Sem Vítimas";"Pleno dia";"Crescente";"Céu Claro";"Simples";"Reta";"Não";1;0;0;0;1;0;0;1;-12,498235;-41,191788;"SPRF-BA";"DEL06-BA";"UOP01-DEL06-BA"
104989;2018-01-20;"sábado";"22:15:00";"SC";470;15,7;"ILHOTA";"Falta de Atenção à Condução";"Colisão frontal";"Com Vítimas Feridas";"Plena Noite";"Decrescente";"Nublado";"Simples";"Curva";"Não";2;0;0;1;1;0;1;2;-26,83742624;-48,7739861;"SPRF-SC";"DEL04-SC";"UOP04-DEL04-SC"
104991;2018-01-20;"sábado";"19:20:00";"RO";319;63,1;"PORTO VELHO";"Ingestão de Álcool";"Colisão transversal";"Com Vítimas Feridas";"Plena Noite";"Crescente";"Céu Claro";"Dupla";"Interseção de Vias";"Sim";4;0;1;0;2;1;1;3;-8,75882025;-63,88608813;"SPRF-RO";"DEL01-RO";"UOP01-DEL01-RO"
104993;2018-01-20;"sábado";"22:00:00";"RS";386;44,4;"SEBERI";"Velocidade Incompatível";"Saída de leito carroçável";"Sem Vítimas";"Plena Noite";"Decrescente";"Chuva";"Simples";"Reta";"Sim";1;0;0;0;1;0;0;1;-27,44308312;-53,4152169;"SPRF-RS";"DEL08-RS";"UOP02-DEL08-RS"
104994;2018-01-20;"sábado";"22:00:00";"SC";101;215;"PALHOCA";"Falta de Atenção à Condução";"Colisão lateral";"Com Vítimas Feridas";"Plena Noite";"Decrescente";"Céu Claro";"Dupla";"Curva";"Não";2;0;1;0;1;0;1;2;-27,6601;-48,6774;"SPRF-SC";"DEL01-SC";"UOP02-DEL01-SC"
104995;2018-01-20;"sábado";"21:30:00";"PE";101;88;"JABOATAO DOS GUARARAPES";"Falta de Atenção à Condução";"Colisão transversal";"Com Vítimas Feridas";"Plena Noite";"Decrescente";"Ignorado";"Simples";"Reta";"Não";2;0;1;0;1;0;1;2;-8,2073;-34,9836;"SPRF-PE";"DEL01-PE";"UOP03-DEL01-PE"
104996;2018-01-20;"sábado";"22:10:00";"RS";116;622,5;"ARROIO GRANDE";"Animais na Pista";"Atropelamento de Animal";"Com Vítimas Feridas";"Plena Noite";"Decrescente";"Nublado";"Simples";"Reta";"Não";2;0;0;2;0;0;2;1;-32,31098246;-53,13282754;"SPRF-RS";"DEL07-RS";"UOP03-DEL07-RS"
104997;2018-01-20;"sábado";"22:50:00";"MG";251;522,5;"MONTES CLAROS";"Falta de Atenção à Condução";"Saída de leito carroçável";"Com Vítimas Feridas";"Plena Noite";"Decrescente";"Céu Claro";"Simples";"Reta";"Não";1;0;0;1;0;0;1;1;-16,7847957;-43,8576105;"SPRF-MG";"DEL12-MG";"UOP01-DEL12-MG"
104998;2018-01-20;"sábado";"23:00:00";"RJ";393;155;"TRES RIOS";"Falta de Atenção à Condução";"Colisão frontal";"Com Vítimas Feridas";"Plena Noite";"Crescente";"Céu Claro";"Simples";"Reta";"Não";6;0;4;2;0;0;6;2;-22,1197;-43,2104;"SPRF-RJ";"DEL06-RJ";"UOP01-DEL05-RJ"
104999;2018-01-20;"sábado";"22:45:00";"PR";369;175;"ROLANDIA";"Ultrapassagem Indevida";"Colisão frontal";"Com Vítimas Feridas";"Plena Noite";"Decrescente";"Céu Claro";"Simples";"Reta";"Sim";4;0;1;2;1;0;3;3;-23,30663083;-51,36459676;"SPRF-PR";"DEL07-PR";"UOP01-DEL07-PR"
105000;2018-01-20;"sábado";"22:10:00";"RJ";116;166;"RIO DE JANEIRO";"Pista Escorregadia";"Colisão com objeto estático";"Com Vítimas Feridas";"Plena Noite";"Decrescente";"Chuva";"Múltipla";"Interseção de Vias";"Sim";7;0;4;0;3;0;4;3;-22,815603;-43,300518;"SPRF-RJ";"DEL01-RJ";"UOP02-DEL01-RJ"
105001;2018-01-20;"sábado";"22:20:00";"BA";324;522;"FEIRA DE SANTANA";"Animais na Pista";"Atropelamento de Animal";"Com Vítimas Feridas";"Plena Noite";"Crescente";"Céu Claro";"Dupla";"Reta";"Sim";2;0;1;0;1;0;1;1;-12,29382388;-38,90711814;"SPRF-BA";"DEL01-BA";"UOP01-DEL01-BA"
105004;2018-01-20;"sábado";"18:00:00";"RO";364;118;"PIMENTA BUENO";"Ingestão de Álcool";"Tombamento";"Com Vítimas Feridas";"Plena Noite";"Crescente";"Nublado";"Simples";"Reta";"Não";2;0;1;1;0;0;2;1;-12,141685;-60,724865;"SPRF-RO";"DEL02-RO";"UOP02-DEL02-RO"
105005;2018-01-20;"sábado";"22:10:00";"PR";153;296,1;"IMBITUVA";"Ingestão de Álcool";"Colisão com objeto estático";"Sem Vítimas";"Plena Noite";"Crescente";"Chuva";"Simples";"Reta";"Não";1;0;0;0;0;1;0;1;-25,230473;-50,604874;"SPRF-PR";"DEL03-PR";"UOP02-DEL08-PR"
105006;2018-01-20;"sábado";"23:50:00";"SP";116;222,9;"GUARULHOS";"Falta de Atenção à Condução";"Saída de leito carroçável";"Sem Vítimas";"Plena Noite";"Decrescente";"Céu Claro";"Múltipla";"Reta";"Sim";1;0;0;0;1;0;0;1;-23,48098287;-46,53296954;"SPRF-SP";"DEL01-SP";"UOP01-DEL01-SP"