"id";"data_inversa";"dia_semana";"horario";"uf";"br";"km";"municipio";"causa_acidente";"tipo_acidente";"classificacao_acidente";"fase_dia";"sentido_via";"condicao_metereologica";"tipo_pista";"tracado_via";"uso_solo";"pessoas";"mortos";"feridos_leves";"feridos_graves";"ilesos";"ignorados";"feridos";"veiculos";"latitude";"longitude";"regional";"delegacia";"uop"
105007;2018-01-20;"sábado";"23:45:00";"MG";364;5,8;"PLANURA";"Falta de Atenção à Condução";"Tombamento";"Com Vítimas Feridas";"Plena Noite";"Crescente";"Céu Claro";"Simples";"Reta";"Não";2;0;1;1;0;0;2;1;-20,13824;-48,702347;"SPRF-MG";"DEL13-MG";"UOP02-DEL13-MG"
105011;2018-01-20;"sábado";"22:30:00";"SC";282;342,1;"CAMPOS NOVOS";"Falta de Atenção à Condução";"Saída de leito carroçável";"Com Vítimas Feridas";"Plena Noite";"Decrescente";"Chuva";"Simples";"Reta";"Não";2;0;1;0;1;0;1;1;-27,38833466;-51,20773673;"SPRF-SC";"DEL07-SC";"UOP06-DEL07-SC"
105015;2018-01-21;"domingo";"00:05:00";"PR";376;4,6;"MARINGA";"Falta de Atenção à Condução";"Colisão com objeto estático";"Com Vítimas Feridas";"Plena Noite";"Crescente";"Ignorado";"Dupla";"Curva";"Não";2;0;2;0;0;0;2;1;-23,38035003;-51,95725679;"SPRF-PR";"DEL07-PR";"UOP01-DEL09-PR"
105017;2018-01-20;"sábado";"20:30:00";"PI";230;309;"FLORIANO";"Falta de Atenção à Condução";"Colisão traseira";"Com Vítimas Feridas";"Plena Noite";"Decrescente";"Céu Claro";"Simples";"Reta";"Sim";4;0;2;0;1;1;2;3;-6,7673564;-43,022846;"SPRF-PI";"DEL03-PI";"UOP01-DEL03-PI"
105019;2018-01-20;"sábado";"21:45:00";"RS";285;641;"SANTO ANTONIO DAS MISSOES";"Fenômenos da Natureza";"Capotamento";"Com Vítimas Feridas";"Plena Noite";"Crescente";"Chuva";"Simples";"Reta";"Não";3;0;0;1;2;0;1;1;-28,60408514;-55,68213771;"SPRF-RS";"DEL12-RS";"UOP01-DEL12-RS"
105021;2018-01-20;"sábado";"23:30:00";"RN";226;110,7;"SANTA CRUZ";"Ingestão de Álcool";"Colisão frontal";"Sem Vítimas";"Plena Noite";"Crescente";"Céu Claro";"Simples";"Reta";"Sim";2;0;0;0;1;1;0;2;-6,2298574;-36,023075;"SPRF-RN";"DEL03-RN";"UOP02-DEL03-RN"
105022;2018-01-21;"domingo";"00:20:00";"PR";116;8,6;"QUATRO BARRAS";"Falta de Atenção à Condução";"Colisão com objeto estático";"Com Vítimas Feridas";"Plena Noite";"Decrescente";"Garoa/Chuvisco";"Dupla";"Reta;Aclive";"Sim";1;0;0;1;0;0;1;1;-25,37035944;-49,12107556;"SPRF-PR";"DEL01-PR";"UOP02-DEL01-PR"
105023;2018-01-20;"sábado";"17:00:00";"BA";116;418,7;"FEIRA DE SANTANA";"Ingestão de Álcool";"Capotamento";"Com Vítimas Feridas";"Pleno dia";"Decrescente";"Sol";"Dupla";"Curva";"Sim";1;0;1;0;0;0;1;1;-12,19783106;-38,96526575;"SPRF-BA";"DEL02-BA";"DEL10/2-UOP02/BA"
105025;2018-01-20;"sábado";"21:30:00";"MG";50;22;"ARAGUARI";"Falta de Atenção à Condução";"Colisão com objeto estático";"Sem Vítimas";"Plena Noite";"Crescente";"Céu Claro";"Simples";"Curva";"Não";1;0;0;0;1;0;0;1;-18,60474;-48,051437;"SPRF-MG";"DEL15-MG";"UOP02-DEL15-MG"
105026;2018-01-21;"domingo";"01:44:00";"SP";116;229;"SAO PAULO";"Falta de Atenção à Condução";"Colisão traseira";"Com Vítimas Feridas";"Plena Noite";"Decrescente";"Nublado";"Múltipla";"Reta";"Sim";8;0;1;1;6;0;2;5;-23,50864645;-46,57219112;"SPRF-SP";"DEL01-SP";"UOP01-DEL01-SP"
105028;2018-01-21;"domingo";"00:15:00";"RO";364;197;"PIMENTA BUENO";"Ingestão de Álcool";"Colisão lateral";"Com Vítimas Feridas";"Plena Noite";"Crescente";"Céu Claro";"Simples";"Interseção de Vias";"Sim";3;0;2;0;1;0;2;2;-11,678803;-61,187893;"SPRF-RO";"DEL02-RO";"UOP02-DEL02-RO"
105030;2018-01-21;"domingo";"00:20:00";"RJ";493;16;"MAGE";"Objeto estático sobre o leito carroçável";"Tombamento";"Sem Vítimas";"Plena Noite";"Crescente";"Céu Claro";"Simples";"Reta";"Não";3;0;0;0;2;1;0;3;-22,664349;-43,000145;"SPRF-RJ";"DEL04-RJ";"UOP02-DEL04-RJ"
105031;2018-01-21;"domingo";"02:20:00";"SP";116;271;"TABOAO DA SERRA";"Falta de Atenção do Pedestre";"Atropelamento de Pedestre";"Com Vítimas Fatais";"Plena Noite";"Decrescente";"Céu Claro";"Dupla";"Reta";"Sim";4;2;0;0;2;0;0;3;-23,61145;-46,77545;"SPRF-SP";"DEL04-SP";"UOP01-DEL04-SP"
105032;2018-01-21;"domingo";"01:00:00";"PE";101;198;"XEXEU";"Ingestão de Álcool";"Colisão frontal";"Com Vítimas Fatais";"Plena Noite";"Crescente";"Ignorado";"Dupla";"Curva";"Não";2;1;0;0;1;0;0;2;-8,79466;-35,6261;"SPRF-PE";"DEL01-PE";"UOP03-DEL01-PE"
105033;2018-01-21;"domingo";"02:25:00";"RS";158;329,8;"SANTA MARIA";"Desobediência às normas de trânsito pelo condutor";"Colisão transversal";"Sem Vítimas";"Plena Noite";"Crescente";"Chuva";"Dupla";"Rotatória";"Sim";2;0;0;0;1;1;0;2;-29,70020596;-53,84090424;"SPRF-RS";"DEL09-RS";"UOP01-DEL09-RS"
105034;2018-01-21;"domingo";"02:20:00";"RS";290;25;"SANTO ANTONIO DA PATRULHA";"Condutor Dormindo";"Saída de leito carroçável";"Com Vítimas Feridas";"Plena Noite";"Crescente";"Céu Claro";"Dupla";"Reta";"Não";3;0;2;0;1;0;2;1;-29,880203;-50,503971;"SPRF-RS";"DEL03-RS";"UOP02-DEL03-RS"
105035;2018-01-21;"domingo";"01:30:00";"PR";277;96,9;"CURITIBA";"Falta de Atenção à Condução";"Capotamento";"Sem Vítimas";"Plena Noite";"Crescente";"Garoa/Chuvisco";"Dupla";"Reta";"Sim";1;0;0;0;0;1;0;1;-25,430353;-49,340008;"SPRF-PR";"DEL01-PR";"UOP06-DEL01-PR"
105037;2018-01-21;"domingo";"01:00:00";"PE";232;412,4;"SERRA TALHADA";"Ingestão de Álcool";"Colisão lateral";"Sem Vítimas";"Plena Noite";"Crescente";"Céu Claro";"Simples";"Reta";"Sim";1;0;0;0;1;0;0;1;-7,98150524;-38,3166647;"SPRF-PE";"DEL04-PE";"UOP01-DEL04-PE"
105038;2018-01-21;"domingo";"02:40:00";"GO";40;16,7;"LUZIANIA";"Ingestão de Álcool";"Colisão com objeto estático";"Com Vítimas Feridas";"Plena Noite";"Decrescente";"Céu Claro";"Dupla";"Reta";"Sim";2;0;1;0;0;1;1;1;-16,18100863;-47,92900687;"SPRF-DF";"DEL01-DF";"UOP01-DEL01-DF"
105039;2018-01-21;"domingo";"02:00:00";"PI";343;342,2;"TERESINA";"Avarias e/ou desgaste excessivo no pneu";"Capotamento";"Sem Vítimas";"Plena Noite";"Crescente";"Garoa/Chuvisco";"Simples";"Curva";"Sim";1;0;0;0;1;0;0;1;-5,08314297;-42,75165346;"SPRF-PI";"DEL01-PI";"UOP01-DEL01-PI"
105041;2018-01-21;"domingo";"02:50:00";"MG";116;415,5;"GOVERNADOR VALADARES";"Ingestão de Álcool";"Colisão com objeto estático";"Com Vítimas Feridas";"Plena Noite";"Crescente";"Céu Claro";"Simples";"Ponte";"Sim";1;0;0;1;0;0;1;1;-18,88356415;-41,95154876;"SPRF-MG";"DEL06-MG";"UOP01-DEL06-MG"
105042;2018-01-21;"domingo";"03:45:00";"RS";116;232;"ESTANCIA VELHA";"Falta de Atenção à Condução";"Colisão lateral";"Com Vítimas Feridas";"Plena Noite";"Crescente";"Nublado";"Simples";"Reta";"Sim";2;0;1;0;1;0;1;2;-29,63301506;-51,14335056;"SPRF-RS";"DEL01-RS";"UOP02-DEL01-RS"
105043;2018-01-21;"domingo";"02:50:00";"PI";343;339,1;"TERESINA";"Defeito na Via";"Colisão lateral";"Com Vítimas Fatais";"Plena Noite";"Crescente";"Nublado";"Simples";"Reta";"Sim";2;1;0;0;0;1;0;2;-5,06771996;-42,73165668;"SPRF-PI";"DEL01-PI";"UOP01-DEL01-PI"
105044;2018-01-21;"domingo";"03:30:00";"SC";282;212,3;"LAGES";"Ingestão de Álcool";"Saída de leito carroçável";"Sem Vítimas";"Plena Noite";"Decrescente";"Nublado";"Simples";"Curva";"Não";1;0;0;0;1;0;0;1;-27,783344;-50,2543965;"SPRF-SC";"DEL05-SC";"UOP01-DEL05-SC"
105045;2018-01-21;"domingo";"04:40:00";"MG";381;790,1;"SAO GONCALO DO SAPUCAI";"Velocidade Incompatível";"Saída de leito carroçável";"Com Vítimas Feridas";"Plena Noite";"Crescente";"Nublado";"Dupla";"Reta";"Não";4;0;4;0;0;0;4;1;-21,88731093;-45,54596035;"SPRF-MG";"DEL16-MG";"UOP02-DEL16-MG"
105046;2018-01-21;"domingo";"04:40:00";"PR";476;180,9;"LAPA";"Pista Escorregadia";"Saída de leito carroçável";"Sem Vítimas";"Plena Noite";"Crescente";"Céu Claro";"Simples";"Curva";"Não";1;0;0;0;1;0;0;1;-25,70818525;-49,60019544;"SPRF-PR";"DEL01-PR";"UOP06-DEL01-PR"
105047;2018-01-21;"domingo";"04:35:00";"SC";116;107,9;"MONTE CASTELO";"Falta de Atenção à Condução";"Colisão com objeto estático";"Sem Vítimas";"Plena Noite";"Crescente";"Chuva";"Simples";"Curva";"Não";1;0;0;0;1;0;0;1;-26,462698;-50,231544;"SPRF-SC";"DEL06-SC";"UOP02-DEL06-SC"
105048;2018-01-21;"domingo";"04:40:00";"SC";101;87,3;"BARRA VELHA";"Pista Escorregadia";"Saída de leito carroçável";"Com Vítimas Feridas";"Plena Noite";"Decrescente";"Chuva";"Dupla";"Aclive";"Sim";2;0;1;0;1;0;1;1;-26,64768884;-48,68670702;"SPRF-SC";"DEL03-SC";"UOP02-DEL03-SC"
105049;2018-01-21;"domingo";"04:00:00";"SC";282;526,5;"XAXIM";"Ingestão de Álcool";"Capotamento";"Com Vítimas Feridas";"Plena Noite";"Decrescente";"Nublado";"Simples";"Reta";"Não";3;0;2;0;0;1;2;1;-26,97068623;-52,57972216;"SPRF-SC";"DEL07-SC";"UOP01-DEL07-SC"
105051;2018-01-21;"domingo";"05:45:00";"RS";290;86,1;"PORTO ALEGRE";"Condutor Dormindo";"Saída de leito carroçável";"Com Vítimas Feridas";"Plena Noite";"Decrescente";"Nublado";"Dupla";"Reta";"Sim";1;0;1;0;0;0;1;1;-29,96835487;-51,11814392;"SPRF-RS";"DEL01-RS";"UOP01-DEL01-RS"
105052;2018-01-21;"domingo";"04:08:00";"CE";116;22;"ITAITINGA";"Condutor Dormindo";"Capotamento";"Com Vítimas Feridas";"Plena Noite";"Crescente";"Céu Claro";"Dupla";"Reta";"Sim";2;0;0;1;1;0;1;1;-3,93723436;-38,50904614;"SPRF-CE";"DEL01-CE";"UOP02-DEL01-CE"
105053;2018-01-21;"domingo";"04:50:00";"SC";101;323,9;"PESCARIA BRAVA";"Condutor Dormindo";"Colisão com objeto estático";"Com Vítimas Fatais";"Plena Noite";"Crescente";"Nublado";"Dupla";"Curva";"Não";7;1;2;2;2;0;4;1;-28,42877917;-48,92296135;"SPRF-SC";"DEL02-SC";"UOP01-DEL02-SC"
105054;2018-01-21;"domingo";"05:15:00";"SC";101;197;"BIGUACU";"Ingestão de Álcool";"Colisão traseira";"Sem Vítimas";"Amanhecer";"Decrescente";"Nublado";"Dupla";"Reta";"Sim";2;0;0;0;2;0;0;2;-27,52178313;-48,6371398;"SPRF-SC";"DEL01-SC";"UOP01-DEL01-SC"
105055;2018-01-21;"domingo";"04:45:00";"PB";101;73,4;"SANTA RITA";"Falta de Atenção à Condução";"Colisão traseira";"Com Vítimas Feridas";"Amanhecer";"Crescente";"Céu Claro";"Múltipla";"Reta";"Não";3;0;2;0;1;0;2;2;-7,08093965;-34,98380052;"SPRF-PB";"DEL01-PB";"UOP04-DEL01-PB"
105056;2018-01-21;"domingo";"06:00:00";"GO";60;116,1;"TEREZOPOLIS DE GOIAS";"Ingestão de Álcool";"Saída de leito carroçável";"Com Vítimas Feridas";"Amanhecer";"Crescente";"Céu Claro";"Dupla";"Declive;Reta";"Não";1;0;1;0;0;0;1;1;-16,47376979;-49,07964972;"SPRF-GO";"DEL01-GO";"UOP01-DEL01-GO"
105057;2018-01-21;"domingo";"06:00:00";"SP";116;150;"SAO JOSE DOS CAMPOS";"Falta de Atenção à Condução";"Colisão traseira";"Com Vítimas Feridas";"Amanhecer";"Crescente";"Nublado";"Múltipla";"Reta";"Sim";3;0;1;0;2;0;1;2;-23,21703882;-45,89717388;"SPRF-SP";"DEL02-SP";"UOP01-DEL02-SP"
105059;2018-01-20;"sábado";"18:50:00";"SC";282;588,2;"PINHALZINHO";"Falta de Atenção à Condução";"Saída de leito carroçável";"Com Vítimas Feridas";"Pleno dia";"Decrescente";"Chuva";"Simples";"Reta";"Não";2;0;2;0;0;0;2;1;-26,82631956;-53,05456062;"SPRF-SC";"DEL07-SC";"UOP02-DEL07-SC"
105060;2018-01-21;"domingo";"05:00:00";"PI";343;596,5;"FLORIANO";"Ingestão de Álcool";"Colisão com objeto estático";"Com Vítimas Fatais";"Amanhecer";"Crescente";"Céu Claro";"Dupla";"Reta";"Sim";1;1;0;0;0;0;0;1;-6,80884508;-43,05325567;"SPRF-PI";"DEL03-PI";"UOP01-DEL03-PI"
105062;2018-01-21;"domingo";"02:30:00";"MS";158;147;"APARECIDA DO TABOADO";"Falta de Atenção à Condução";"Saída de leito carroçável";"Sem Vítimas";"Plena Noite";"Decrescente";"Céu Claro";"Simples";"Curva";"Não";1;0;0;0;1;0;0;1;-20,08199138;-51,13678694;"SPRF-MS";"DEL08-MS";"UOP01-DEL08-MS"
105063;2018-01-21;"domingo";"03:40:00";"RR";174;525,2;"BOA VISTA";"Falta de Atenção à Condução";"Colisão lateral";"Com Vítimas Feridas";"Plena Noite";"Crescente";"Céu Claro";"Simples";"Curva";"Não";3;0;1;0;2;0;1;3;2,9733202;-60,74569345;"SPRF-RR";"DEL01-RR";"UOP01-DEL01-RR"
105064;2018-01-21;"domingo";"05:30:00";"GO";153;515;"APARECIDA DE GOIANIA";"Falta de Atenção à Condução";"Saída de leito carroçável";"Sem Vítimas";"Plena Noite";"Crescente";"Céu Claro";"Dupla";"Reta";"Sim";1;0;0;0;0;1;0;1;-16,8413;-49,2454;"SPRF-GO";"DEL01-GO";"UOP03-DEL01-GO"
105065;2018-01-21;"domingo";"04:30:00";"MG";40;615;"CONGONHAS";"Falta de Atenção à Condução";"Colisão frontal";"Sem Vítimas";"Amanhecer";"Crescente";"Céu Claro";"Simples";"Declive";"Não";2;0;0;0;2;0;0;2;-20,5469;-43,8188;"SPRF-MG";"DEL05-MG";"UOP02-DEL05-MG"
105066;2018-01-21;"domingo";"05:30:00";"PR";369;147;"LONDRINA";"Desobediência às normas de trânsito pelo condutor";"Colisão transversal";"Com Vítimas Feridas";"Amanhecer";"Crescente";"Nublado";"Dupla";"Reta;Interseção de Vias";"Sim";2;0;1;0;1;0;1;2;-23,29309653;-51,13459733;"SPRF-PR";"DEL07-PR";"UOP01-DEL07-PR"
105067;2018-01-21;"domingo";"06:20:00";"SC";101;119,8;"ITAJAI";"Ingestão de Álcool";"Colisão lateral";"Sem Vítimas";"Pleno dia";"Crescente";"Céu Claro";"Dupla";"Reta";"Sim";2;0;0;0;2;0;0;2;-26,90613649;-48,71474683;"SPRF-SC";"DEL04-SC";"UOP04-DEL04-SC"
105068;2018-01-20;"sábado";"20:00:00";"SC";480;126,7;"CHAPECO";"Falta de Atenção à Condução";"Queda de ocupante de veículo";"Com Vítimas Feridas";"Plena Noite";"Crescente";"Chuva";"Dupla";"Reta";"Sim";1;0;0;1;0;0;1;1;-27,02476681;-52,63479543;"SPRF-SC";"DEL07-SC";"UOP01-DEL07-SC"
105069;2018-01-21;"domingo";"06:55:00";"PR";376;247,6;"APUCARANA";"Velocidade Incompatível";"Capotamento";"Sem Vítimas";"Amanhecer";"Crescente";"Céu Claro";"Dupla";"Reta";"Não";3;0;0;0;3;0;0;1;-23,59955262;-51,41017377;"SPRF-PR";"DEL07-PR";"UOP03-DEL07-PR"
105070;2018-01-21;"domingo";"06:00:00";"MT";163;835;"SINOP";"Falta de Atenção à Condução";"Colisão lateral";"Com Vítimas Feridas";"Amanhecer";"Crescente";"Céu Claro";"Múltipla";"Reta";"Sim";2;0;2;0;0;0;2;2;-11,8598384;-55,49484819;"SPRF-MT";"DEL06-MT";"UOP01-DEL06-MT"
105071;2018-01-21;"domingo";"06:30:00";"PR";277;39,7;"MORRETES";"Pista Escorregadia";"Queda de ocupante de veículo";"Com Vítimas Feridas";"Pleno dia";"Crescente";"Chuva";"Dupla";"Aclive";"Não";2;0;2;0;0;0;2;1;-25,58208528;-48,86753082;"SPRF-PR";"DEL01-PR";"UOP05-DEL01-PR"
105072;2018-01-20;"sábado";"21:20:00";"SC";282;532,8;"CORDILHEIRA ALTA";"Falta de Atenção à Condução";"Saída de leito carroçável";"Com Vítimas Feridas";"Plena Noite";"Decrescente";"Chuva";"Simples";"Curva";"Não";1;0;1;0;0;0;1;1;-26,9958092;-52,62339825;"SPRF-SC";"DEL07-SC";"UOP01-DEL07-SC"
105073;2018-01-21;"domingo";"05:00:00";"PR";476;175;"CONTENDA";"Ultrapassagem Indevida";"Saída de leito carroçável";"Com Vítimas Feridas";"Plena Noite";"Crescente";"Garoa/Chuvisco";"Simples";"Reta;Declive";"Não";1;0;1;0;0;0;1;1;-25,695481;-49,556929;"SPRF-PR";"DEL01-PR";"UOP06-DEL01-PR"
105075;2018-01-21;"domingo";"07:30:00";"MG";365;544,7;"ROMARIA";"Falta de Atenção à Condução";"Colisão traseira";"Com Vítimas Feridas";"Pleno dia";"Decrescente";"Céu Claro";"Simples";"Reta";"Não";2;0;0;1;1;0;1;2;-18,93263385;-47,64412969;"SPRF-MG";"DEL10-MG";"UOP01-DEL10-MG"
105076;2018-01-21;"domingo";"05:30:00";"SC";280;96,6;"CORUPA";"Velocidade Incompatível";"Colisão com objeto estático";"Com Vítimas Feridas";"Plena Noite";"Crescente";"Nevoeiro/Neblina";"Simples";"Declive;Curva";"Não";2;0;2;0;0;0;2;1;-26,38261427;-49,31482136;"SPRF-SC";"DEL06-SC";"UOP03-DEL06-SC"
105077;2018-01-21;"domingo";"03:10:00";"MG";116;667,4;"MIRADOURO";"Falta de Atenção à Condução";"Saída de leito carroçável";"Com Vítimas Feridas";"Plena Noite";"Decrescente";"Nublado";"Simples";"Curva";"Não";3;0;1;0;2;0;1;1;-20,891035;-42,34286;"SPRF-MG";"DEL07-MG";"UOP03-DEL07-MG"
105078;2018-01-21;"domingo";"06:45:00";"PR";277;429,2;"VIRMOND";"Ingestão de Álcool";"Saída de leito carroçável";"Com Vítimas Feridas";"Pleno dia";"Decrescente";"Céu Claro";"Simples";"Reta";"Não";1;0;1;0;0;0;1;1;-25,37877232;-52,19638824;"SPRF-PR";"DEL04-PR";"UOP02-DEL04-PR"
105079;2018-01-21;"domingo";"08:00:00";"SP";116;228;"SAO PAULO";"Falta de Atenção à Condução";"Colisão com objeto estático";"Com Vítimas Feridas";"Pleno dia";"Decrescente";"Céu Claro";"Múltipla";"Reta";"Sim";1;0;1;0;0;0;1;1;-23,5489;-46,6388;"SPRF-SP";"DEL01-SP";"UOP01-DEL01-SP"
105080;2018-01-21;"domingo";"06:00:00";"PE";101;51,7;"PAULISTA";"Velocidade Incompatível";"Capotamento";"Com Vítimas Feridas";"Pleno dia";"Crescente";"Chuva";"Dupla";"Reta;Em Obras";"Sim";2;0;1;0;1;0;1;1;-7,934501;-34,90284501;"SPRF-PE";"DEL01-PE";"UOP02-DEL01-PE"
105081;2018-01-21;"domingo";"08:00:00";"RS";158;222;"CRUZ ALTA";"Pista Escorregadia";"Saída de leito carroçável";"Com Vítimas Feridas";"Pleno dia";"Crescente";"Chuva";"Simples";"Curva";"Não";2;0;2;0;0;0;2;1;-28,89103044;-53,56137085;"SPRF-RS";"DEL10-RS";"UOP02-DEL10-RS"
105082;2018-01-21;"domingo";"08:00:00";"DF";60;21;"BRASILIA";"Velocidade Incompatível";"Saída de leito carroçável";"Sem Vítimas";"Pleno dia";"Crescente";"Céu Claro";"Simples";"Reta";"Não";1;0;0;0;1;0;0;1;-15,979909;-48,206978;"SPRF-DF";"DEL01-DF";"UOP01-DEL03-DF"
105083;2018-01-21;"domingo";"08:00:00";"RJ";40;83,8;"PETROPOLIS";"Pista Escorregadia";"Saída de leito carroçável";"Com Vítimas Feridas";"Pleno dia";"Decrescente";"Nublado";"Simples";"Curva";"Não";3;0;3;0;0;0;3;1;-22,55484444;-43,22528601;"SPRF-RJ";"DEL06-RJ";"UOP01-DEL06-RJ"
105084;2018-01-21;"domingo";"08:30:00";"DF";40;3;"BRASILIA";"Velocidade Incompatível";"Capotamento";"Sem Vítimas";"Pleno dia";"Decrescente";"Sol";"Simples";"Reta";"Sim";1;0;0;0;0;1;0;1;-16,003145;-47,983944;"SPRF-DF";"DEL01-DF";"UOP01-DEL01-DF"
105085;2018-01-21;"domingo";"06:00:00";"MS";463;59;"PONTA PORA";"Velocidade Incompatível";"Capotamento";"Com Vítimas Feridas";"Pleno dia";"Crescente";"Céu Claro";"Simples";"Curva";"Não";1;0;0;1;0;0;1;1;-22,411724;-55,313869;"SPRF-MS";"DEL04-MS";"UOP03-DEL04-MS"
105086;2018-01-21;"domingo";"04:15:00";"AC";364;126;"RIO BRANCO";"Falta de Atenção à Condução";"Saída de leito carroçável";"Sem Vítimas";"Amanhecer";"Crescente";"Chuva";"Simples";"Reta";"Sim";1;0;0;0;0;1;0;1;-10,01604403;-67,81244516;"SPRF-AC";"DEL01-AC";"UOP01-DEL01-AC"
105087;2018-01-21;"domingo";"07:15:00";"PR";476;123;"CURITIBA";"Ingestão de Álcool";"Colisão traseira";"Com Vítimas Feridas";"Pleno dia";"Decrescente";"Céu Claro";"Dupla";"Curva";"Não";2;0;2;0;0;0;2;2;-25,40576469;-49,21851403;"SPRF-PR";"DEL01-PR";"UOP07-DEL01-PR"
105089;2018-01-21;"domingo";"08:30:00";"MG";381;503;"BETIM";"Velocidade Incompatível";"Colisão com objeto estático";"Com Vítimas Feridas";"Pleno dia";"Decrescente";"Céu Claro";"Dupla";"Reta";"Sim";1;0;1;0;0;0;1;1;-20,02506973;-44,23062122;"SPRF-MG";"DEL01-MG";"UOP03-DEL01-MG"
105090;2018-01-21;"domingo";"08:40:00";"GO";158;267,5;"JATAI";"Velocidade Incompatível";"Colisão com objeto estático";"Com Vítimas Feridas";"Pleno dia";"Decrescente";"Céu Claro";"Dupla";"Reta";"Sim";5;0;1;0;4;0;1;2;-17,8596624;-51,7301774;"SPRF-GO";"DEL05-GO";"UOP01-DEL05-GO"
105091;2018-01-21;"domingo";"06:25:00";"AL";316;157;"PALMEIRA DOS INDIOS";"Falta de Atenção à Condução";"Colisão transversal";"Com Vítimas Feridas";"Pleno dia";"Crescente";"Sol";"Simples";"Aclive";"Sim";2;0;1;0;1;0;1;2;-9,426357;-36,618906;"SPRF-AL";"DEL03-AL";"UOP01-DEL03-AL"
105093;2018-01-21;"domingo";"07:05:00";"PA";316;17;"BENEVIDES";"Ingestão de Álcool";"Queda de ocupante de veículo";"Com Vítimas Feridas";"Pleno dia";"Crescente";"Céu Claro";"Múltipla";"Aclive";"Sim";1;0;1;0;0;0;1;1;-1,36466473;-48,29697937;"SPRF-PA";"DEL01-PA";"DEL19/1-UOP05/PA"
105094;2018-01-21;"domingo";"08:10:00";"BA";101;837;"PRADO";"Falta de Atenção à Condução";"Tombamento";"Com Vítimas Feridas";"Pleno dia";"Crescente";"Sol";"Simples";"Curva";"Não";3;0;1;0;2;0;1;1;-17,22447127;-39,61515427;"SPRF-BA";"DEL09-BA";"UOP01-DEL09-BA"
105095;2018-01-21;"domingo";"09:00:00";"SC";470;72,8;"INDAIAL";"Desobediência às normas de trânsito pelo condutor";"Colisão lateral";"Com Vítimas Feridas";"Pleno dia";"Decrescente";"Nublado";"Simples";"Reta";"Sim";2;0;1;0;1;0;1;2;-26,89614287;-49,26329076;"SPRF-SC";"DEL04-SC";"UOP01-DEL04-SC"
105096;2018-01-21;"domingo";"01:00:00";"MS";163;418;"NOVA ALVORADA DO SUL";"Ingestão de Álcool";"Capotamento";"Sem Vítimas";"Plena Noite";"Crescente";"Nublado";"Simples";"Reta";"Não";1;0;0;0;1;0;0;1;-21,00871594;-54,50860262;"SPRF-MS";"DEL02-MS";"UOP01-DEL02-MS"
105098;2018-01-21;"domingo";"08:20:00";"SC";101;149;"ITAPEMA";"Ingestão de Álcool";"Colisão com objeto estático";"Com Vítimas Feridas";"Pleno dia";"Decrescente";"Garoa/Chuvisco";"Simples";"Curva";"Sim";1;0;1;0;0;0;1;1;-27,1175;-48,6092;"SPRF-SC";"DEL04-SC";"UOP03-DEL04-SC"
105100;2018-01-21;"domingo";"08:00:00";"PE";232;80,3;"GRAVATA";"Falta de Atenção à Condução";"Colisão lateral";"Com Vítimas Feridas";"Pleno dia";"Crescente";"Sol";"Simples";"Reta";"Sim";2;0;0;1;1;0;1;2;-8,19672678;-35,57383381;"SPRF-PE";"DEL01-PE";"UOP02-DEL02PE"
105102;2018-01-21;"domingo";"09:50:00";"PR";116;100;"CURITIBA";"Falta de Atenção à Condução";"Saída de leito carroçável";"Com Vítimas Feridas";"Pleno dia";"Crescente";"Nublado";"Dupla";"Reta";"Não";1;0;1;0;0;0;1;1;-25,57155617;-49,21463013;"SPRF-PR";"DEL01-PR";"UOP07-DEL01-PR"
105103;2018-01-21;"domingo";"10:20:00";"PR";277;596,9;"CASCAVEL";"Avarias e/ou desgaste excessivo no pneu";"Queda de ocupante de veículo";"Com Vítimas Feridas";"Pleno dia";"Decrescente";"Céu Claro";"Dupla";"Reta";"Não";2;0;1;0;1;0;1;1;-24,9896348;-53,5098773;"SPRF-PR";"DEL04-PR";"UOP01-DEL04-PR"
105104;2018-01-21;"domingo";"08:20:00";"CE";222;16,8;"CAUCAIA";"Falta de Atenção à Condução";"Colisão lateral";"Com Vítimas Feridas";"Pleno dia";"Crescente";"Nublado";"Simples";"Reta";"Não";2;0;1;0;1;0;1;2;-3,75408941;-38,70977488;"SPRF-CE";"DEL01-CE";"UOP01-DEL01-CE"
105107;2018-01-21;"domingo";"09:20:00";"BA";110;346;"ALAGOINHAS";"Falta de Atenção à Condução";"Colisão lateral";"Com Vítimas Feridas";"Pleno dia";"Crescente";"Céu Claro";"Simples";"Reta";"Não";2;0;1;0;1;0;1;2;-12,21654902;-38,40888977;"SPRF-BA";"DEL01-BA";"UOP04-DEL01-BA"
105108;2018-01-21;"domingo";"10:45:00";"SP";116;113,5;"TAUBATE";"Falta de Atenção à Condução";"Capotamento";"Com Vítimas Feridas";"Pleno dia";"Crescente";"Sol";"Dupla";"Reta";"Sim";2;0;1;0;1;0;1;2;-23,04532241;-45,5852867;"SPRF-SP";"DEL06-SP";"UOP02-DEL02-SP"
105110;2018-01-21;"domingo";"10:45:00";"RS";287;259;"SANTA MARIA";"Velocidade Incompatível";"Saída de leito carroçável";"Com Vítimas Feridas";"Pleno dia";"Crescente";"Chuva";"Simples";"Reta";"Não";3;0;3;0;0;0;3;1;-29,67663447;-53,95710289;"SPRF-RS";"DEL09-RS";"UOP01-DEL09-RS"