"id";"data_inversa";"dia_semana";"horario";"uf";"br";"km";"municipio";"causa_acidente";"tipo_acidente";"classificacao_acidente";"fase_dia";"sentido_via";"condicao_metereologica";"tipo_pista";"tracado_via";"uso_solo";"pessoas";"mortos";"feridos_leves";"feridos_graves";"ilesos";"ignorados";"feridos";"veiculos";"latitude";"longitude";"regional";"delegacia";"uop"
105113;2018-01-21;"domingo";"10:15:00";"RJ";116;128;"MAGE";"Avarias e/ou desgaste excessivo no pneu";"Saída de leito carroçável";"Com Vítimas Feridas";"Pleno dia";"Decrescente";"Céu Claro";"Dupla";"Reta";"Sim";3;0;3;0;0;0;3;1;-22,65756278;-43,13272393;"SPRF-RJ";"DEL04-RJ";"UOP02-DEL04-RJ"
105114;2018-01-21;"domingo";"06:00:00";"RR";401;72;"BONFIM";"Falta de Atenção à Condução";"Colisão lateral";"Com Vítimas Feridas";"Amanhecer";"Decrescente";"Céu Claro";"Simples";"Reta";"Não";2;0;1;0;1;0;1;2;3;-60;"SPRF-RR";"DEL01-RR";"UOP03/RR"
105117;2018-01-21;"domingo";"11:13:00";"RJ";101;247,2;"SILVA JARDIM";"Velocidade Incompatível";"Colisão com objeto estático";"Com Vítimas Feridas";"Pleno dia";"Crescente";"Nublado";"Dupla";"Curva";"Não";1;0;1;0;0;0;1;1;-22,6600512;-42,49568782;"SPRF-RJ";"DEL02-RJ";"UOP03-DEL02-RJ"
105119;2018-01-21;"domingo";"10:25:00";"PB";230;24;"JOAO PESSOA";"Avarias e/ou desgaste excessivo no pneu";"Tombamento";"Com Vítimas Feridas";"Pleno dia";"Decrescente";"Céu Claro";"Dupla";"Curva";"Não";2;0;2;0;0;0;2;1;-7,16925;-34,865;"SPRF-PB";"DEL01-PB";"UOP01-DEL01-PB"
105120;2018-01-21;"domingo";"11:06:00";"GO";60;337,6;"SANTO ANTONIO DA BARRA";"Velocidade Incompatível";"Capotamento";"Com Vítimas Feridas";"Pleno dia";"Crescente";"Céu Claro";"Dupla";"Reta";"Não";4;0;2;1;0;1;3;2;-17,54127;-50,584966;"SPRF-GO";"DEL04-GO";"UOP01-DEL04-GO"
105123;2018-01-21;"domingo";"11:15:00";"PE";232;31;"MORENO";"Falta de Atenção à Condução";"Capotamento";"Sem Vítimas";"Pleno dia";"Decrescente";"Sol";"Dupla";"Curva";"Não";1;0;0;0;0;1;0;1;-8,106757;-35,158428;"SPRF-PE";"DEL01-PE";"UOP02-DEL02PE"
105124;2018-01-21;"domingo";"11:00:00";"MS";163;575,3;"BANDEIRANTES";"Falta de Atenção à Condução";"Colisão transversal";"Com Vítimas Feridas";"Pleno dia";"Decrescente";"Céu Claro";"Simples";"Reta";"Sim";7;0;1;0;6;0;1;2;-19,67973244;-54,35020208;"SPRF-MS";"DEL01-MS";"UOP02-DEL01-MS"
105125;2018-01-21;"domingo";"12:10:00";"SC";282;49,1;"AGUAS MORNAS";"Velocidade Incompatível";"Saída de leito carroçável";"Com Vítimas Feridas";"Pleno dia";"Crescente";"Nublado";"Simples";"Curva";"Não";2;0;1;0;1;0;1;1;-27,712931;-48,943741;"SPRF-SC";"DEL01-SC";"UOP03-DEL01-SC"
105126;2018-01-21;"domingo";"10:45:00";"SC";282;342;"CAMPOS NOVOS";"Falta de Atenção à Condução";"Colisão transversal";"Sem Vítimas";"Pleno dia";"Decrescente";"Céu Claro";"Simples";"Rotatória";"Sim";5;0;0;0;5;0;0;2;-27,39078112;-51,21599257;"SPRF-SC";"DEL07-SC";"UOP06-DEL07-SC"
105127;2018-01-21;"domingo";"11:50:00";"RJ";40;105;"DUQUE DE CAXIAS";"Defeito Mecânico no Veículo";"Incêndio";"Sem Vítimas";"Pleno dia";"Crescente";"Nublado";"Simples";"Reta";"Sim";1;0;0;0;1;0;0;1;-22,6476;-43,2836;"SPRF-RJ";"DEL01-RJ";"UOP01-DEL01-RJ"
105129;2018-01-21;"domingo";"09:15:00";"MT";163;768;"SORRISO";"Falta de Atenção à Condução";"Colisão frontal";"Com Vítimas Feridas";"Pleno dia";"Crescente";"Céu Claro";"Simples";"Reta";"Não";6;0;5;1;0;0;6;2;-12,545702;-55,71182;"SPRF-MT";"DEL06-MT";"UOP01-DEL06-MT"
105132;2018-01-21;"domingo";"13:00:00";"PR";376;393,9;"TIBAGI";"Falta de Atenção à Condução";"Colisão transversal";"Com Vítimas Feridas";"Pleno dia";"Decrescente";"Céu Claro";"Simples";"Reta";"Sim";5;0;1;2;2;0;3;2;-24,51401573;-50,41660309;"SPRF-PR";"DEL03-PR";"UOP02-DEL03-PR"
105134;2018-01-21;"domingo";"11:55:00";"PE";101;34,7;"IGARASSU";"Falta de Atenção à Condução";"Colisão com objeto estático";"Com Vítimas Feridas";"Pleno dia";"Decrescente";"Sol";"Dupla";"Reta";"Não";1;0;1;0;0;0;1;1;-7,77494891;-34,93384041;"SPRF-PE";"DEL01-PE";"UOP02-DEL01-PE"
105135;2018-01-21;"domingo";"12:00:00";"AL";423;38;"INHAPI";"Defeito Mecânico no Veículo";"Colisão traseira";"Com Vítimas Feridas";"Pleno dia";"Crescente";"Sol";"Simples";"Reta;Declive";"Não";7;0;1;0;6;0;1;2;-9,22919891;-37,62482643;"SPRF-AL";"DEL03-AL";"UOP02-DEL03-AL"
105136;2018-01-21;"domingo";"12:25:00";"RS";293;145,5;"CANDIOTA";"Pista Escorregadia";"Tombamento";"Com Vítimas Feridas";"Pleno dia";"Crescente";"Garoa/Chuvisco";"Simples";"Ponte";"Não";2;0;1;1;0;0;2;1;-31,41989807;-53,72494387;"SPRF-RS";"DEL11-RS";"UOP03-DEL11-RS"
105137;2018-01-21;"domingo";"12:10:00";"RJ";40;52;"PETROPOLIS";"Velocidade Incompatível";"Queda de ocupante de veículo";"Com Vítimas Feridas";"Pleno dia";"Decrescente";"Nublado";"Dupla";"Curva";"Sim";2;0;0;1;0;1;1;2;-22,345634;-43,1270165;"SPRF-RJ";"DEL06-RJ";"UOP01-DEL06-RJ"
105138;2018-01-21;"domingo";"04:00:00";"RR";174;712;"AMAJARI";"Defeito Mecânico no Veículo";"Saída de leito carroçável";"Com Vítimas Feridas";"Pleno dia";"Decrescente";"Céu Claro";"Simples";"Reta";"Não";1;0;1;0;0;0;1;1;4;-61;"SPRF-RR";"DEL01-RR";"UOP02-DEL01-RR"
105140;2018-01-21;"domingo";"12:10:00";"SE";235;3;"NOSSA SENHORA DO SOCORRO";"Falta de Atenção à Condução";"Colisão com objeto estático";"Sem Vítimas";"Pleno dia";"Crescente";"Sol";"Dupla";"Reta";"Não";1;0;0;0;1;0;0;1;-10,9059;-37,111;"SPRF-SE";"DEL01-SE";"UOP01-DEL01-SE"
105141;2018-01-02;"terça-feira";"07:00:00";"MG";365;646;"UBERLANDIA";"Pista Escorregadia";"Capotamento";"Com Vítimas Feridas";"Amanhecer";"Decrescente";"Chuva";"Dupla";"Curva";"Não";2;0;1;0;1;0;1;1;-18,88143742;-48,49056244;"SPRF-MG";"DEL15-MG";"UOP01-DEL15-MG"
105143;2018-01-21;"domingo";"13:15:00";"ES";101;279,6;"SERRA";"Falta de Atenção à Condução";"Colisão traseira";"Com Vítimas Feridas";"Pleno dia";"Decrescente";"Céu Claro";"Dupla";"Interseção de Vias";"Não";3;0;1;0;2;0;1;2;-20,21856968;-40,34570217;"SPRF-ES";"DEL02-ES";"UOP01-DEL02-ES"
105144;2018-01-21;"domingo";"12:00:00";"PI";316;368;"VILA NOVA DO PIAUI";"Falta de Atenção à Condução";"Colisão transversal";"Com Vítimas Feridas";"Pleno dia";"Crescente";"Sol";"Simples";"Reta";"Não";2;0;0;1;1;0;1;2;-7,14281153;-40,9411633;"SPRF-PI";"DEL04-PI";"UOP03-DEL04-PI"
105146;2018-01-21;"domingo";"13:00:00";"MG";40;688;"RESSAQUINHA";"Carga excessiva e/ou mal acondicionada";"Saída de leito carroçável";"Com Vítimas Feridas";"Pleno dia";"Crescente";"Céu Claro";"Simples";"Curva;Declive";"Não";3;0;0;3;0;0;3;1;-21,10512039;-43,76078725;"SPRF-MG";"DEL05-MG";"UOP02-DEL05-MG"
105147;2018-01-21;"domingo";"12:35:00";"RS";290;64,3;"GRAVATAI";"Falta de Atenção à Condução";"Tombamento";"Com Vítimas Feridas";"Pleno dia";"Crescente";"Chuva";"Múltipla";"Reta";"Não";1;0;1;0;0;0;1;1;-29,94302478;-50,9065488;"SPRF-RS";"DEL03-RS";"UOP02-DEL03-RS"
105148;2018-01-21;"domingo";"13:35:00";"MG";40;375;"FELIXLANDIA";"Avarias e/ou desgaste excessivo no pneu";"Saída de leito carroçável";"Com Vítimas Feridas";"Pleno dia";"Crescente";"Céu Claro";"Simples";"Reta";"Não";2;0;1;0;1;0;1;1;-18,85169184;-44,75718747;"SPRF-MG";"DEL02-MG";"UOP01-DEL02-MG"
105149;2018-01-21;"domingo";"10:25:00";"RS";386;437,3;"NOVA SANTA RITA";"Pista Escorregadia";"Colisão com objeto estático";"Sem Vítimas";"Pleno dia";"Decrescente";"Chuva";"Dupla";"Reta";"Sim";1;0;0;0;1;0;0;1;-29,85959965;-51,25871795;"SPRF-RS";"DEL04-RS";"UOP02-DEL04-RS"
105150;2018-01-21;"domingo";"14:00:00";"MG";381;651,3;"SANTO ANTONIO DO AMPARO";"Condutor Dormindo";"Queda de ocupante de veículo";"Com Vítimas Feridas";"Pleno dia";"Crescente";"Sol";"Dupla";"Curva";"Não";1;0;1;0;0;0;1;1;-20,95775665;-44,92121601;"SPRF-MG";"DEL04-MG";"UOP02-DEL04-MG"
105152;2018-01-21;"domingo";"12:30:00";"RN";427;101,2;"CAICO";"Ultrapassagem Indevida";"Colisão lateral";"Sem Vítimas";"Pleno dia";"Decrescente";"Céu Claro";"Simples";"Interseção de Vias;Reta";"Sim";4;0;0;0;1;3;0;3;-6,46053933;-37,10381001;"SPRF-RN";"DEL03-RN";"UOP01-DEL03-RN"
105156;2018-01-21;"domingo";"13:30:00";"MG";262;798,6;"UBERABA";"Falta de Atenção à Condução";"Colisão transversal";"Com Vítimas Feridas";"Pleno dia";"Decrescente";"Céu Claro";"Simples";"Reta";"Não";5;0;3;1;1;0;4;2;-19,77920262;-47,95531641;"SPRF-MG";"DEL13-MG";"UOP01-DEL13-MG"
105158;2018-01-21;"domingo";"14:30:00";"RS";158;343;"SANTA MARIA";"Velocidade Incompatível";"Colisão com objeto estático";"Com Vítimas Feridas";"Pleno dia";"Crescente";"Chuva";"Simples";"Reta";"Não";2;0;0;2;0;0;2;1;-29,74242322;-53,93756032;"SPRF-RS";"DEL09-RS";"UOP01-DEL09-RS"
105161;2018-01-21;"domingo";"13:10:00";"PI";316;5,2;"TERESINA";"Não guardar distância de segurança";"Colisão traseira";"Com Vítimas Feridas";"Pleno dia";"Decrescente";"Sol";"Múltipla";"Declive";"Sim";2;0;1;0;1;0;1;2;-5,14264904;-42,77992052;"SPRF-PI";"DEL01-PI";"UOP02-DEL01-PI"
105162;2018-01-21;"domingo";"10:45:00";"PI";343;330;"TERESINA";"Defeito Mecânico no Veículo";"Tombamento";"Com Vítimas Feridas";"Pleno dia";"Crescente";"Nublado";"Simples";"Reta";"Não";2;0;1;0;1;0;1;1;-5,06368907;-42,64330816;"SPRF-PI";"DEL01-PI";"UOP01-DEL01-PI"
105163;2018-01-21;"domingo";"14:45:00";"MG";381;491,5;"BETIM";"Falta de Atenção à Condução";"Colisão com objeto estático";"Sem Vítimas";"Pleno dia";"Decrescente";"Céu Claro";"Dupla";"Reta";"Sim";1;0;0;0;1;0;0;1;-19,95979394;-44,15281282;"SPRF-MG";"DEL01-MG";"UOP03-DEL01-MG"
105165;2018-01-21;"domingo";"15:30:00";"GO";40;1;"VALPARAISO DE GOIAS";"Falta de Atenção do Pedestre";"Atropelamento de Pedestre";"Com Vítimas Feridas";"Pleno dia";"Crescente";"Céu Claro";"Dupla";"Reta";"Sim";2;0;0;1;1;0;1;2;-16,06273553;-47,98354466;"SPRF-DF";"DEL01-DF";"UOP01-DEL01-DF"
105166;2018-01-20;"sábado";"05:40:00";"SC";282;593,5;"SAUDADES";"Ingestão de Álcool";"Saída de leito carroçável";"Sem Vítimas";"Amanhecer";"Crescente";"Nevoeiro/Neblina";"Simples";"Curva;Declive";"Não";1;0;0;0;1;0;0;1;-26,82427184;-53,10513675;"SPRF-SC";"DEL07-SC";"UOP02-DEL07-SC"
105167;2018-01-21;"domingo";"14:45:00";"TO";153;335;"GUARAI";"Desobediência às normas de trânsito pelo condutor";"Colisão lateral";"Com Vítimas Feridas";"Pleno dia";"Crescente";"Sol";"Dupla";"Reta";"Sim";2;0;0;1;1;0;1;2;-8,844914;-48,510712;"SPRF-TO";"DEL02-TO";"UOP02-DEL02-TO"
105168;2018-01-21;"domingo";"12:50:00";"RO";364;566;"ITAPUA DO OESTE";"Falta de Atenção à Condução";"Capotamento";"Sem Vítimas";"Pleno dia";"Crescente";"Nublado";"Simples";"Curva";"Não";3;0;0;0;3;0;0;1;-9,508092;-63,079286;"SPRF-RO";"DEL03-RO";"UOP04-DEL01-RO"
105169;2018-01-21;"domingo";"12:50:00";"PA";316;8;"ANANINDEUA";"Falta de Atenção à Condução";"Colisão lateral";"Com Vítimas Feridas";"Pleno dia";"Crescente";"Céu Claro";"Múltipla";"Reta";"Sim";7;0;2;0;5;0;2;5;-1,3659343;-48,3726;"SPRF-PA";"DEL01-PA";"DEL19/1-UOP05/PA"
105172;2018-01-21;"domingo";"15:45:00";"SP";101;34,9;"UBATUBA";"Falta de Atenção à Condução";"Tombamento";"Com Vítimas Feridas";"Pleno dia";"Crescente";"Céu Claro";"Simples";"Curva";"Não";4;0;2;0;2;0;2;1;-23,39208131;-45,007478;"SPRF-SP";"DEL06-SP";"UOP01-DEL06-SP"
105173;2018-01-21;"domingo";"15:30:00";"RJ";116;272,8;"BARRA MANSA";"Falta de Atenção à Condução";"Capotamento";"Com Vítimas Feridas";"Pleno dia";"Crescente";"Céu Claro";"Simples";"Retorno Regulamentado";"Não";2;0;2;0;0;0;2;1;-22,54465;-44,17177;"SPRF-RJ";"DEL07-RJ";"UOP02-DEL07-RJ"
105176;2018-01-21;"domingo";"14:30:00";"GO";414;413;"ABADIANIA";"Velocidade Incompatível";"Capotamento";"Com Vítimas Feridas";"Pleno dia";"Crescente";"Céu Claro";"Simples";"Curva";"Não";1;0;1;0;0;0;1;1;-16,1985;-48,7056;"SPRF-GO";"DEL02-GO";"UOP01-DEL02-GO"
105177;2018-01-21;"domingo";"15:00:00";"MA";10;155;"PORTO FRANCO";"Desobediência às normas de trânsito pelo condutor";"Colisão transversal";"Sem Vítimas";"Pleno dia";"Decrescente";"Céu Claro";"Simples";"Reta";"Não";2;0;0;0;2;0;0;2;-6,364955;-47,378895;"SPRF-MA";"DEL04-MA";"UOP02-DEL04-MA"
105178;2018-01-21;"domingo";"16:15:00";"MG";381;786;"SAO GONCALO DO SAPUCAI";"Condutor Dormindo";"Saída de leito carroçável";"Com Vítimas Feridas";"Pleno dia";"Decrescente";"Céu Claro";"Dupla";"Reta";"Não";5;0;0;4;1;0;4;1;-21,85145463;-45,52011645;"SPRF-MG";"DEL16-MG";"UOP02-DEL16-MG"
105181;2018-01-21;"domingo";"15:55:00";"SP";116;140,7;"SAO JOSE DOS CAMPOS";"Falta de Atenção à Condução";"Colisão lateral";"Com Vítimas Feridas";"Pleno dia";"Crescente";"Nublado";"Dupla";"Reta";"Sim";3;0;1;0;2;0;1;3;-23,16877192;-45,81844814;"SPRF-SP";"DEL06-SP";"UOP02-DEL02-SP"
105182;2018-01-21;"domingo";"16:00:00";"PR";116;99;"SAO JOSE DOS PINHAIS";"Falta de Atenção à Condução";"Colisão transversal";"Com Vítimas Feridas";"Pleno dia";"Decrescente";"Chuva";"Dupla";"Reta";"Sim";2;0;1;0;1;0;1;2;-25,526846;-49,140408;"SPRF-PR";"DEL01-PR";"UOP07-DEL01-PR"
105183;2018-01-21;"domingo";"15:20:00";"SC";101;326,4;"CAPIVARI DE BAIXO";"Ingestão de Álcool";"Colisão lateral";"Sem Vítimas";"Pleno dia";"Crescente";"Nublado";"Dupla";"Reta";"Sim";2;0;0;0;2;0;0;2;-28,42795987;-48,94806421;"SPRF-SC";"DEL02-SC";"UOP01-DEL02-SC"
105187;2018-01-17;"quarta-feira";"21:00:00";"ES";262;50,8;"MARECHAL FLORIANO";"Mal Súbito";"Saída de leito carroçável";"Com Vítimas Feridas";"Plena Noite";"Decrescente";"Céu Claro";"Simples";"Reta";"Não";2;0;2;0;0;0;2;1;-20,41388367;-40,72558343;"SPRF-ES";"DEL01-ES";"UOP01-DEL01-ES"
105188;2018-01-21;"domingo";"16:00:00";"MG";381;791;"SAO GONCALO DO SAPUCAI";"Defeito Mecânico no Veículo";"Incêndio";"Sem Vítimas";"Pleno dia";"Decrescente";"Céu Claro";"Dupla";"Reta";"Não";1;0;0;0;0;1;0;1;-21,89648436;-45,55152655;"SPRF-MG";"DEL16-MG";"UOP02-DEL16-MG"
105190;2018-01-21;"domingo";"16:30:00";"RS";290;91;"PORTO ALEGRE";"Desobediência às normas de trânsito pelo condutor";"Colisão transversal";"Com Vítimas Feridas";"Pleno dia";"Decrescente";"Chuva";"Dupla";"Reta";"Não";4;0;1;0;3;0;1;2;-29,96968567;-51,16962254;"SPRF-RS";"DEL01-RS";"UOP01-DEL01-RS"
105192;2018-01-21;"domingo";"15:30:00";"PE";101;80;"JABOATAO DOS GUARARAPES";"Ingestão de Álcool";"Colisão traseira";"Com Vítimas Feridas";"Pleno dia";"Crescente";"Céu Claro";"Dupla";"Rotatória";"Sim";2;0;1;0;1;0;1;2;-8,1548163;-34,9421094;"SPRF-PE";"DEL01-PE";"UOP01-DEL01-PE"
105196;2018-01-21;"domingo";"16:50:00";"SP";101;18,7;"UBATUBA";"Falta de Atenção à Condução";"Colisão transversal";"Com Vítimas Feridas";"Pleno dia";"Crescente";"Nublado";"Simples";"Interseção de Vias";"Não";5;0;1;0;4;0;1;2;-23,31913211;-44,90621161;"SPRF-SP";"DEL06-SP";"UOP01-DEL06-SP"
105198;2018-01-21;"domingo";"16:20:00";"SP";116;335;"JUQUITIBA";"Animais na Pista";"Capotamento";"Com Vítimas Feridas";"Pleno dia";"Decrescente";"Nublado";"Dupla";"Reta";"Não";4;0;3;0;1;0;3;1;-23,97439124;-47,13814974;"SPRF-SP";"DEL04-SP";"UOP03-DEL04-SP"
105199;2018-01-21;"domingo";"15:30:00";"RN";110;101,9;"UPANEMA";"Falta de Atenção à Condução";"Colisão transversal";"Com Vítimas Feridas";"Pleno dia";"Crescente";"Céu Claro";"Simples";"Reta";"Não";2;0;0;1;1;0;1;2;-5,66386104;-37,26148367;"SPRF-RN";"DEL04-RN";"UOP01-DEL04-RN"
105200;2018-01-21;"domingo";"17:05:00";"SC";101;228;"PALHOCA";"Falta de Atenção à Condução";"Queda de ocupante de veículo";"Com Vítimas Feridas";"Pleno dia";"Decrescente";"Nublado";"Dupla";"Reta";"Sim";2;0;0;1;1;0;1;2;-27,768;-48,6313;"SPRF-SC";"DEL01-SC";"UOP02-DEL01-SC"
105201;2018-01-21;"domingo";"17:25:00";"SP";153;307,9;"SAO PEDRO DO TURVO";"Falta de Atenção à Condução";"Colisão traseira";"Sem Vítimas";"Pleno dia";"Decrescente";"Nublado";"Simples";"Aclive";"Não";14;0;0;0;14;0;0;4;-22,65028765;-49,88955281;"SPRF-SP";"DEL07-SP";"UOP03-DEL07-SP"
105204;2018-01-21;"domingo";"17:30:00";"DF";70;6,4;"BRASILIA";"Falta de Atenção à Condução";"Saída de leito carroçável";"Com Vítimas Feridas";"Pleno dia";"Decrescente";"Céu Claro";"Dupla";"Reta";"Sim";1;0;1;0;0;0;1;1;-15,7896158;-48,10957518;"SPRF-DF";"DEL01-DF";"UOP02-DEL03-DF"
105205;2018-01-21;"domingo";"17:20:00";"MG";40;455,5;"CAETANOPOLIS";"Falta de Atenção à Condução";"Capotamento";"Com Vítimas Feridas";"Pleno dia";"Crescente";"Céu Claro";"Dupla";"Aclive";"Não";2;0;0;1;1;0;1;1;-19,36665321;-44,33814834;"SPRF-MG";"DEL02-MG";"UOP01-DEL02-MG"
105206;2018-01-21;"domingo";"16:25:00";"MT";364;290;"JACIARA";"Pista Escorregadia";"Capotamento";"Com Vítimas Feridas";"Pleno dia";"Decrescente";"Chuva";"Dupla";"Curva";"Não";5;0;4;0;1;0;4;1;-15,904695;-55,091705;"SPRF-MT";"DEL02-MT";"UOP02-DEL05-MT"
105207;2018-01-21;"domingo";"14:00:00";"PE";101;106;"CABO DE SANTO AGOSTINHO";"Falta de Atenção à Condução";"Colisão lateral";"Com Vítimas Feridas";"Pleno dia";"Crescente";"Céu Claro";"Dupla";"Reta";"Não";4;0;1;0;3;0;1;1;-8,3098;-35,0821;"SPRF-PE";"DEL01-PE";"UOP03-DEL01-PE"
105209;2018-01-21;"domingo";"17:35:00";"RS";470;10;"BARRACAO";"Velocidade Incompatível";"Queda de ocupante de veículo";"Com Vítimas Feridas";"Pleno dia";"Crescente";"Nublado";"Simples";"Rotatória";"Sim";1;0;1;0;0;0;1;1;-27,66385199;-51,45539939;"SPRF-RS";"DEL08-RS";"UOP05-DEL08-RS"
105210;2018-01-21;"domingo";"16:00:00";"RJ";101;271;"TANGUA";"Desobediência às normas de trânsito pelo condutor";"Colisão lateral";"Sem Vítimas";"Pleno dia";"Crescente";"Céu Claro";"Dupla";"Curva";"Sim";2;0;0;0;2;0;0;2;-22,724432;-42,69368;"SPRF-RJ";"DEL02-RJ";"UOP03-DEL02-RJ"
105212;2018-01-21;"domingo";"16:20:00";"PA";316;60;"CASTANHAL";"Falta de Atenção à Condução";"Colisão frontal";"Com Vítimas Feridas";"Pleno dia";"Crescente";"Chuva";"Dupla";"Reta";"Sim";5;0;2;0;3;0;2;2;-1,296555;-47,92584479;"SPRF-PA";"DEL01-PA";"UOP01-DEL01-PA"
105213;2018-01-21;"domingo";"17:25:00";"RS";386;388,9;"TRIUNFO";"Mal Súbito";"Colisão traseira";"Sem Vítimas";"Pleno dia";"Decrescente";"Chuva";"Dupla";"Reta";"Sim";8;0;0;0;8;0;0;2;-29,70258704;-51,67104986;"SPRF-RS";"DEL04-RS";"UOP02-DEL04-RS"
105214;2018-01-21;"domingo";"16:30:00";"PE";101;64;"RECIFE";"Não guardar distância de segurança";"Colisão traseira";"Sem Vítimas";"Pleno dia";"Crescente";"Céu Claro";"Dupla";"Em Obras";"Sim";3;0;0;0;3;0;0;3;-8,019276;-34,942407;"SPRF-PE";"DEL01-PE";"UOP01-DEL01-PE"
105215;2018-01-21;"domingo";"16:00:00";"PB";104;89;"REMIGIO";"Falta de Atenção à Condução";"Colisão frontal";"Com Vítimas Fatais";"Pleno dia";"Crescente";"Céu Claro";"Simples";"Aclive";"Sim";2;1;0;1;0;0;1;2;-6,97306855;-35,8085686;"SPRF-PB";"DEL02-PB";"UOP04-DEL02-PB"
105216;2018-01-21;"domingo";"16:00:00";"MT";364;293;"JACIARA";"Falta de Atenção à Condução";"Saída de leito carroçável";"Sem Vítimas";"Pleno dia";"Decrescente";"Chuva";"Dupla";"Curva;Aclive";"Não";1;0;0;0;1;0;0;1;-15,90405084;-55,0935173;"SPRF-MT";"DEL02-MT";"UOP02-DEL05-MT"
105217;2018-01-21;"domingo";"17:35:00";"SC";101;21,7;"JOINVILLE";"Pista Escorregadia";"Saída de leito carroçável";"Sem Vítimas";"Pleno dia";"Decrescente";"Chuva";"Dupla";"Reta";"Sim";1;0;0;0;1;0;0;1;-26,15444399;-48,90811932;"SPRF-SC";"DEL03-SC";"UOP01-DEL03-SC"
105219;2018-01-21;"domingo";"17:24:00";"PR";116;39,8;"CAMPINA GRANDE DO SUL";"Velocidade Incompatível";"Saída de leito carroçável";"Com Vítimas Feridas";"Pleno dia";"Crescente";"Céu Claro";"Dupla";"Curva";"Não";2;0;1;0;1;0;1;1;-25,16214365;-48,86175871;"SPRF-PR";"DEL01-PR";"UOP02-DEL01-PR"
105222;2018-01-21;"domingo";"17:20:00";"AL";316;257;"PILAR";"Falta de Atenção à Condução";"Engavetamento";"Com Vítimas Feridas";"Plena Noite";"Crescente";"Céu Claro";"Simples";"Reta";"Não";4;0;1;0;3;0;1;3;-9,590915;-35,9394;"SPRF-AL";"DEL02-AL";"UOP01-DEL02-AL"
105223;2018-01-21;"domingo";"18:20:00";"SC";116;193,4;"PONTE ALTA";"Velocidade Incompatível";"Saída de leito carroçável";"Com Vítimas Feridas";"Pleno dia";"Crescente";"Nublado";"Simples";"Curva";"Não";2;0;2;0;0;0;2;1;-27,37263431;-50,42991757;"SPRF-SC";"DEL05-SC";"UOP03-DEL05-SC"
105226;2018-01-21;"domingo";"18:30:00";"RS";470;217;"BENTO GONCALVES";"Falta de Atenção à Condução";"Atropelamento de Pedestre";"Com Vítimas Feridas";"Anoitecer";"Crescente";"Chuva";"Simples";"Rotatória";"Sim";2;0;1;0;1;0;1;2;-29,17637001;-51,52159357;"SPRF-RS";"DEL06-RS";"UOP01-DEL06-RS"
105227;2018-01-21;"domingo";"18:10:00";"MG";40;727;"BARBACENA";"Velocidade Incompatível";"Capotamento";"Sem Vítimas";"Pleno dia";"Crescente";"Chuva";"Dupla";"Curva;Declive";"Não";1;0;0;0;1;0;0;1;-21,3356;-43,587;"SPRF-MG";"DEL05-MG";"UOP01-DEL05-MG"
105229;2018-01-21;"domingo";"18:00:00";"MG";365;160,3;"PIRAPORA";"Falta de Atenção do Pedestre";"Atropelamento de Pedestre";"Com Vítimas Feridas";"Pleno dia";"Crescente";"Céu Claro";"Simples";"Reta";"Sim";3;0;0;1;0;2;1;2;-17,36288161;-44,92205338;"SPRF-MG";"DEL12-MG";"UOP01-DEL12-MG"
105230;2018-01-21;"domingo";"17:25:00";"SC";282;484,6;"FAXINAL DOS GUEDES";"Velocidade Incompatível";"Saída de leito carroçável";"Com Vítimas Feridas";"Pleno dia";"Crescente";"Chuva";"Simples";"Curva";"Não";1;0;1;0;0;0;1;1;-26,86228523;-52,22606421;"SPRF-SC";"DEL07-SC";"UOP01-DEL07-SC"
105231;2018-01-21;"domingo";"17:45:00";"PR";116;1,9;"QUATRO BARRAS";"Falta de Atenção à Condução";"Saída de leito carroçável";"Com Vítimas Feridas";"Pleno dia";"Decrescente";"Nublado";"Dupla";"Reta";"Não";2;0;0;2;0;0;2;1;-25,35571545;-49,0669126;"SPRF-PR";"DEL01-PR";"UOP02-DEL01-PR"
105232;2018-01-21;"domingo";"17:26:00";"MS";163;240,2;"DOURADOS";"Ingestão de Álcool";"Colisão traseira";"Sem Vítimas";"Pleno dia";"Crescente";"Céu Claro";"Simples";"Curva";"Não";2;0;0;0;2;0;0;2;-22,37886897;-54,79260564;"SPRF-MS";"DEL04-MS";"UOP01-DEL04-MS"
105233;2018-01-21;"domingo";"17:30:00";"MG";381;498;"BETIM";"Falta de Atenção à Condução";"Tombamento";"Com Vítimas Feridas";"Pleno dia";"Crescente";"Céu Claro";"Dupla";"Curva";"Não";1;0;1;0;0;0;1;1;-19,98554029;-44,20433805;"SPRF-MG";"DEL01-MG";"UOP03-DEL01-MG"
105235;2018-01-21;"domingo";"16:50:00";"GO";40;0,5;"VALPARAISO DE GOIAS";"Falta de Atenção à Condução";"Colisão traseira";"Com Vítimas Feridas";"Pleno dia";"Crescente";"Sol";"Dupla";"Reta";"Sim";2;0;1;0;1;0;1;2;-16,05253497;-47,98158743;"SPRF-DF";"DEL01-DF";"UOP01-DEL01-DF"
105236;2018-01-21;"domingo";"17:30:00";"RN";226;220,2;"FLORANIA";"Não guardar distância de segurança";"Colisão traseira";"Com Vítimas Feridas";"Pleno dia";"Crescente";"Céu Claro";"Simples";"Reta";"Sim";3;0;1;1;1;0;2;2;-6,13065012;-36,82742447;"SPRF-RN";"DEL03-RN";"UOP01-DEL03-RN"