"id";"data_inversa";"dia_semana";"horario";"uf";"br";"km";"municipio";"causa_acidente";"tipo_acidente";"classificacao_acidente";"fase_dia";"sentido_via";"condicao_metereologica";"tipo_pista";"tracado_via";"uso_solo";"pessoas";"mortos";"feridos_leves";"feridos_graves";"ilesos";"ignorados";"feridos";"veiculos";"latitude";"longitude";"regional";"delegacia";"uop"
105490;2018-01-22;"segunda-feira";"17:10:00";"BA";324;600;"SIMOES FILHO";"Não guardar distância de segurança";"Capotamento";"Com Vítimas Feridas";"Pleno dia";"Crescente";"Sol";"Dupla";"Reta";"Não";3;0;2;0;1;0;2;1;-12,75538063;-38,42862701;"SPRF-BA";"DEL01-BA";"UOP01-DEL01-BA"
105492;2018-01-22;"segunda-feira";"18:30:00";"PR";153;458;"PORTO VITORIA";"Desobediência às normas de trânsito pelo condutor";"Colisão traseira";"Sem Vítimas";"Pleno dia";"Decrescente";"Nublado";"Simples";"Rotatória";"Não";2;0;0;0;2;0;0;2;-26,21740159;-51,13053203;"SPRF-PR";"DEL02-PR";"UOP03-DEL02-PR"
105493;2018-01-22;"segunda-feira";"18:05:00";"RS";470;220,2;"GARIBALDI";"Não guardar distância de segurança";"Colisão lateral";"Com Vítimas Feridas";"Pleno dia";"Crescente";"Chuva";"Simples";"Aclive;Reta";"Não";4;0;0;1;3;0;1;3;-29,19988934;-51,51853502;"SPRF-RS";"DEL06-RS";"UOP01-DEL06-RS"
105495;2018-01-22;"segunda-feira";"18:45:00";"RJ";116;328;"RESENDE";"Pista Escorregadia";"Colisão com objeto estático";"Sem Vítimas";"Plena Noite";"Decrescente";"Chuva";"Dupla";"Curva";"Não";1;0;0;0;1;0;0;1;-22,492396;-44,65631249;"SPRF-RJ";"DEL07-RJ";"DEL5/7-UOP03/RJ"
105497;2018-01-22;"segunda-feira";"17:34:00";"BA";101;109;"ALAGOINHAS";"Falta de Atenção à Condução";"Colisão lateral";"Com Vítimas Feridas";"Anoitecer";"Crescente";"Céu Claro";"Simples";"Reta";"Sim";2;0;1;0;1;0;1;2;-12,1569294;-38,4075784;"SPRF-BA";"DEL01-BA";"UOP04-DEL01-BA"
105498;2018-01-22;"segunda-feira";"18:50:00";"GO";60;25;"ALEXANIA";"Defeito Mecânico no Veículo";"Saída de leito carroçável";"Com Vítimas Feridas";"Anoitecer";"Crescente";"Céu Claro";"Dupla";"Declive";"Não";1;0;1;0;0;0;1;1;-16,11068326;-48,44563127;"SPRF-DF";"DEL01-DF";"UOP01-DEL03-DF"
105500;2018-01-22;"segunda-feira";"17:00:00";"RO";364;235,5;"CACOAL";"Falta de Atenção à Condução";"Colisão transversal";"Com Vítimas Feridas";"Pleno dia";"Crescente";"Céu Claro";"Simples";"Reta";"Não";2;0;1;0;1;0;1;2;-11,4474339;-61,43356205;"SPRF-RO";"DEL02-RO";"UOP02-DEL02-RO"
105501;2018-01-22;"segunda-feira";"17:55:00";"SC";101;193,9;"BIGUACU";"Não guardar distância de segurança";"Colisão lateral";"Com Vítimas Feridas";"Pleno dia";"Crescente";"Nublado";"Dupla";"Reta";"Sim";3;0;2;0;1;0;2;2;-27,49749891;-48,65706861;"SPRF-SC";"DEL01-SC";"UOP01-DEL01-SC"
105502;2018-01-22;"segunda-feira";"16:00:00";"BA";324;5;"FEIRA DE SANTANA";"Falta de Atenção à Condução";"Colisão lateral";"Com Vítimas Feridas";"Pleno dia";"Crescente";"Céu Claro";"Dupla";"Reta";"Sim";4;0;1;0;2;1;1;3;-12,267113;-38,966988;"SPRF-BA";"DEL02-BA";"UOP01-DEL02-BA"
105504;2018-01-22;"segunda-feira";"18:30:00";"RJ";116;179,9;"NOVA IGUACU";"Não guardar distância de segurança";"Engavetamento";"Com Vítimas Feridas";"Pleno dia";"Decrescente";"Chuva";"Dupla";"Reta";"Sim";8;0;3;0;5;0;3;5;-22,74376077;-43,45010698;"SPRF-RJ";"DEL01-RJ";"UOP02-DEL01-RJ"
105505;2018-01-22;"segunda-feira";"18:00:00";"SE";235;59,6;"ITABAIANA";"Ingestão de Álcool";"Colisão traseira";"Com Vítimas Feridas";"Anoitecer";"Decrescente";"Céu Claro";"Simples";"Declive";"Não";3;0;1;0;1;1;1;2;-10,62724931;-37,46267859;"SPRF-SE";"DEL01-SE";"UOP02-DEL01-SE"
105506;2018-01-22;"segunda-feira";"19:47:00";"GO";251;32;"CRISTALINA";"Não guardar distância de segurança";"Colisão traseira";"Com Vítimas Feridas";"Plena Noite";"Crescente";"Nublado";"Simples";"Reta";"Não";5;0;4;0;1;0;4;2;-16,769066;-47,614;"SPRF-DF";"DEL01-DF";"UOP01-DEL01-DF"
105508;2018-01-22;"segunda-feira";"08:50:00";"AC";364;254;"SENA MADUREIRA";"Defeito na Via";"Saída de leito carroçável";"Sem Vítimas";"Pleno dia";"Decrescente";"Céu Claro";"Simples";"Reta";"Não";5;0;0;0;4;1;0;1;-9,194766;-68,549316;"SPRF-AC";"DEL01-AC";"UOP01-DEL01-AC"
105510;2018-01-22;"segunda-feira";"18:35:00";"RJ";116;280;"BARRA MANSA";"Pista Escorregadia";"Colisão com objeto estático";"Com Vítimas Feridas";"Anoitecer";"Crescente";"Chuva";"Dupla";"Curva";"Não";1;0;1;0;0;0;1;1;-22,54465;-44,17177;"SPRF-RJ";"DEL07-RJ";"UOP02-DEL07-RJ"
105513;2018-01-22;"segunda-feira";"19:40:00";"SC";101;213;"PALHOCA";"Falta de Atenção à Condução";"Colisão traseira";"Com Vítimas Feridas";"Plena Noite";"Crescente";"Chuva";"Dupla";"Reta";"Sim";2;0;1;0;1;0;1;2;-27,6446;-48,6705;"SPRF-SC";"DEL01-SC";"UOP02-DEL01-SC"
105518;2018-01-22;"segunda-feira";"18:30:00";"PI";135;369;"BOM JESUS";"Defeito na Via";"Saída de leito carroçável";"Com Vítimas Feridas";"Anoitecer";"Crescente";"Céu Claro";"Simples";"Reta";"Não";4;0;3;0;1;0;3;1;-9,194224;-44,437984;"SPRF-PI";"DEL03-PI";"UOP02-DEL03-PI"
105519;2018-01-22;"segunda-feira";"19:10:00";"BA";324;358;"CAPIM GROSSO";"Restrição de Visibilidade";"Capotamento";"Com Vítimas Feridas";"Plena Noite";"Crescente";"Ignorado";"Simples";"Reta";"Não";1;0;1;0;0;0;1;1;-11,39031381;-39,98156011;"SPRF-BA";"DEL04-BA";"UOP02-DEL04-BA"
105521;2018-01-22;"segunda-feira";"19:35:00";"BA";324;359;"CAPIM GROSSO";"Falta de Atenção à Condução";"Colisão com objeto em movimento";"Com Vítimas Feridas";"Plena Noite";"Decrescente";"Nublado";"Simples";"Reta";"Sim";2;0;2;0;0;0;2;2;-11,39794944;-39,9595955;"SPRF-BA";"DEL04-BA";"UOP02-DEL04-BA"
105524;2018-01-22;"segunda-feira";"21:20:00";"RJ";116;174,9;"NOVA IGUACU";"Pista Escorregadia";"Tombamento";"Com Vítimas Feridas";"Plena Noite";"Crescente";"Garoa/Chuvisco";"Múltipla";"Reta";"Sim";1;0;1;0;0;0;1;1;-22,78974544;-43,37188753;"SPRF-RJ";"DEL01-RJ";"UOP02-DEL01-RJ"
105526;2018-01-22;"segunda-feira";"01:00:00";"MT";158;752;"BARRA DO GARCAS";"Falta de Atenção à Condução";"Capotamento";"Com Vítimas Feridas";"Plena Noite";"Decrescente";"Céu Claro";"Simples";"Reta";"Não";1;0;1;0;0;0;1;1;-15,893;-52,2599;"SPRF-MT";"DEL07-MT";"UOP01-DEL07-MT"
105528;2018-01-22;"segunda-feira";"21:00:00";"ES";101;266,8;"SERRA";"Ingestão de Álcool";"Colisão traseira";"Sem Vítimas";"Plena Noite";"Crescente";"Céu Claro";"Simples";"Reta";"Sim";2;0;0;0;2;0;0;2;-20,19811069;-40,26906073;"SPRF-ES";"DEL02-ES";"UOP01-DEL02-ES"
105531;2018-01-22;"segunda-feira";"22:15:00";"RS";480;72,2;"ERECHIM";"Mal Súbito";"Colisão frontal";"Com Vítimas Feridas";"Plena Noite";"Decrescente";"Nublado";"Simples";"Reta";"Não";2;0;1;0;1;0;1;2;-27,64043402;-52,30256617;"SPRF-RS";"DEL08-RS";"UOP04-DEL08-RS"
105532;2018-01-22;"segunda-feira";"21:40:00";"SC";101;344,9;"TUBARAO";"Ingestão de Substâncias Psicoativas";"Colisão traseira";"Sem Vítimas";"Plena Noite";"Decrescente";"Nublado";"Dupla";"Reta";"Sim";2;0;0;0;2;0;0;2;-28,54350358;-49,05319333;"SPRF-SC";"DEL02-SC";"UOP01-DEL02-SC"
105534;2018-01-22;"segunda-feira";"21:30:00";"SP";116;434;"REGISTRO";"Velocidade Incompatível";"Saída de leito carroçável";"Sem Vítimas";"Plena Noite";"Crescente";"Chuva";"Dupla";"Reta";"Não";3;0;0;0;3;0;0;1;-24,487978;-47,84402;"SPRF-SP";"DEL05-SP";"UOP01-DEL05-SP"
105535;2018-01-22;"segunda-feira";"22:00:00";"PE";232;4,2;"RECIFE";"Não guardar distância de segurança";"Colisão traseira";"Sem Vítimas";"Plena Noite";"Crescente";"Nublado";"Dupla";"Reta";"Sim";2;0;0;0;2;0;0;2;-8,065374;-34,9391;"SPRF-PE";"DEL01-PE";"UOP01-DEL01-PE"
105536;2018-01-22;"segunda-feira";"19:30:00";"PR";376;304,6;"MAUA DA SERRA";"Ingestão de Álcool";"Saída de leito carroçável";"Com Vítimas Feridas";"Anoitecer";"Decrescente";"Nublado";"Simples";"Curva";"Não";1;0;1;0;0;0;1;1;-23,93251027;-51,12829685;"SPRF-PR";"DEL07-PR";"UOP02-DEL07-PR"
105538;2018-01-22;"segunda-feira";"19:55:00";"MT";70;523;"VARZEA GRANDE";"Falta de Atenção à Condução";"Colisão transversal";"Com Vítimas Feridas";"Plena Noite";"Crescente";"Céu Claro";"Simples";"Reta";"Sim";1;0;1;0;0;0;1;1;-15,65601536;-56,19022965;"SPRF-MT";"DEL01-MT";"DEL2/4-UOP02/MT"
105539;2018-01-22;"segunda-feira";"22:20:00";"SC";280;29,4;"ARAQUARI";"Falta de Atenção à Condução";"Colisão frontal";"Com Vítimas Feridas";"Plena Noite";"Decrescente";"Nublado";"Simples";"Reta";"Sim";5;0;2;0;1;2;2;3;-26,41270904;-48,75640586;"SPRF-SC";"DEL03-SC";"UOP03-DEL03-SC"
105540;2018-01-23;"terça-feira";"00:00:00";"PR";277;662;"MEDIANEIRA";"Falta de Atenção à Condução";"Colisão transversal";"Com Vítimas Feridas";"Plena Noite";"Decrescente";"Céu Claro";"Dupla";"Retorno Regulamentado";"Não";2;0;1;0;0;1;1;2;-25,25112965;-54,01486695;"SPRF-PR";"DEL05-PR";"UOP02-DEL05-PR"
105542;2018-01-23;"terça-feira";"00:00:00";"SP";116;226;"GUARULHOS";"Falta de Atenção do Pedestre";"Atropelamento de Pedestre";"Com Vítimas Feridas";"Plena Noite";"Decrescente";"Chuva";"Múltipla";"Reta";"Sim";2;0;0;1;1;0;1;2;-23,4955085;-46,55507413;"SPRF-SP";"DEL01-SP";"UOP01-DEL01-SP"
105543;2018-01-22;"segunda-feira";"23:00:00";"MT";364;268;"JACIARA";"Falta de Atenção à Condução";"Queda de ocupante de veículo";"Com Vítimas Feridas";"Plena Noite";"Crescente";"Nublado";"Simples";"Reta";"Não";1;0;1;0;0;0;1;1;-15,981249;-54,9324;"SPRF-MT";"DEL02-MT";"UOP02-DEL05-MT"
105545;2018-01-22;"segunda-feira";"23:30:00";"PE";101;57;"RECIFE";"Falta de Atenção à Condução";"Colisão lateral";"Com Vítimas Feridas";"Plena Noite";"Decrescente";"Chuva";"Dupla";"Reta";"Sim";2;0;0;1;1;0;1;2;-7,9717;-34,921;"SPRF-PE";"DEL01-PE";"UOP02-DEL01-PE"
105548;2018-01-22;"segunda-feira";"23:00:00";"MA";135;226,6;"PERITORO";"Defeito na Via";"Queda de ocupante de veículo";"Com Vítimas Feridas";"Plena Noite";"Decrescente";"Céu Claro";"Simples";"Reta";"Não";1;0;0;1;0;0;1;1;-4,3799;-44,3396;"SPRF-MA";"DEL03-MA";"UOP01-DEL03-MA"
105551;2018-01-22;"segunda-feira";"23:00:00";"PE";101;93;"CABO DE SANTO AGOSTINHO";"Carga excessiva e/ou mal acondicionada";"Colisão com objeto em movimento";"Sem Vítimas";"Plena Noite";"Crescente";"Nublado";"Dupla";"Reta";"Não";1;0;0;0;1;0;0;1;-8,2462;-35,0058;"SPRF-PE";"DEL01-PE";"UOP03-DEL01-PE"
105552;2018-01-22;"segunda-feira";"20:00:00";"MS";262;209,4;"RIBAS DO RIO PARDO";"Ultrapassagem Indevida";"Capotamento";"Com Vítimas Feridas";"Plena Noite";"Crescente";"Céu Claro";"Simples";"Declive";"Não";4;0;1;0;3;0;1;1;-20,443508;-53,7596;"SPRF-MS";"DEL07-MS";"UOP02-DEL07-MS"
105555;2018-01-23;"terça-feira";"01:30:00";"RS";448;0,5;"SAPUCAIA DO SUL";"Ingestão de Álcool";"Colisão traseira";"Sem Vítimas";"Plena Noite";"Decrescente";"Céu Claro";"Simples";"Reta";"Sim";2;0;0;0;2;0;0;2;-29,82715914;-51,17200447;"SPRF-RS";"DEL01-RS";"UOP02-DEL01-RS"
105556;2018-01-22;"segunda-feira";"23:30:00";"PE";232;258,1;"ARCOVERDE";"Animais na Pista";"Atropelamento de Animal";"Sem Vítimas";"Plena Noite";"Decrescente";"Céu Claro";"Simples";"Reta";"Não";1;0;0;0;1;0;0;1;-8,40954559;-37,09877014;"SPRF-PE";"DEL03-PE";"UOP02-DEL03-PE"
105557;2018-01-23;"terça-feira";"01:30:00";"SP";381;75;"SAO PAULO";"Velocidade Incompatível";"Capotamento";"Sem Vítimas";"Plena Noite";"Decrescente";"Chuva";"Dupla";"Curva";"Não";1;0;0;0;1;0;0;1;-23,5489;-46,6388;"SPRF-SP";"DEL03-SP";"DEL6/3-UOP03/SP"
105562;2018-01-23;"terça-feira";"02:00:00";"PR";277;110;"CAMPO LARGO";"Falta de Atenção à Condução";"Capotamento";"Sem Vítimas";"Plena Noite";"Decrescente";"Céu Claro";"Dupla";"Reta";"Sim";1;0;0;0;1;0;0;1;-25,43329531;-49,43585334;"SPRF-PR";"DEL01-PR";"UOP06-DEL01-PR"
105563;2018-01-23;"terça-feira";"03:30:00";"SC";280;214,1;"TRES BARRAS";"Falta de Atenção à Condução";"Colisão frontal";"Com Vítimas Fatais";"Plena Noite";"Decrescente";"Ignorado";"Simples";"Reta";"Não";4;2;0;2;0;0;2;2;-26,18331103;-50,20805323;"SPRF-SC";"DEL06-SC";"UOP04-DEL06-SC"
105564;2018-01-23;"terça-feira";"03:20:00";"GO";153;665,1;"GOIATUBA";"Condutor Dormindo";"Saída de leito carroçável";"Com Vítimas Feridas";"Plena Noite";"Decrescente";"Céu Claro";"Dupla";"Reta";"Não";1;0;1;0;0;0;1;1;-18,09111507;-49,2711208;"SPRF-GO";"DEL03-GO";"UOP02-DEL03-GO"
105565;2018-01-22;"segunda-feira";"20:50:00";"SC";101;267,5;"IMBITUBA";"Fenômenos da Natureza";"Saída de leito carroçável";"Com Vítimas Feridas";"Plena Noite";"Crescente";"Chuva";"Dupla";"Curva";"Não";1;0;1;0;0;0;1;1;-28,1285;-48,6936;"SPRF-SC";"DEL02-SC";"UOP03-DEL02-SC"
105567;2018-01-23;"terça-feira";"05:35:00";"GO";40;28,5;"LUZIANIA";"Condutor Dormindo";"Colisão transversal";"Com Vítimas Feridas";"Plena Noite";"Crescente";"Céu Claro";"Simples";"Reta";"Não";2;0;2;0;0;0;2;2;-16,27179237;-47,87585867;"SPRF-DF";"DEL01-DF";"UOP01-DEL01-DF"
105570;2018-01-23;"terça-feira";"06:15:00";"SC";282;5,5;"SAO JOSE";"Falta de Atenção à Condução";"Colisão transversal";"Com Vítimas Feridas";"Pleno dia";"Crescente";"Céu Claro";"Dupla";"Reta";"Sim";2;0;1;0;1;0;1;2;-27,58796654;-48,6139744;"SPRF-SC";"DEL01-SC";"UOP01-DEL01-SC"
105572;2018-01-23;"terça-feira";"03:00:00";"MS";267;75,3;"BATAGUASSU";"Animais na Pista";"Saída de leito carroçável";"Sem Vítimas";"Plena Noite";"Crescente";"Ignorado";"Simples";"Reta";"Não";2;0;0;0;2;0;0;1;-21,8694;-52,8187;"SPRF-MS";"DEL02-MS";"DEL3/7-UOP01/MS"
105573;2018-01-23;"terça-feira";"04:40:00";"BA";116;742,7;"POCOES";"Falta de Atenção à Condução";"Saída de leito carroçável";"Com Vítimas Feridas";"Plena Noite";"Crescente";"Nublado";"Simples";"Curva";"Não";2;0;2;0;0;0;2;1;-14,415262;-40,352091;"SPRF-BA";"DEL08-BA";"UOP02-DEL08-BA"
105574;2018-01-23;"terça-feira";"06:30:00";"SP";116;220;"GUARULHOS";"Não guardar distância de segurança";"Colisão lateral";"Com Vítimas Feridas";"Pleno dia";"Crescente";"Céu Claro";"Múltipla";"Reta";"Sim";3;0;1;0;1;1;1;2;-23,463257;-46,53373;"SPRF-SP";"DEL01-SP";"UOP01-DEL01-SP"
105575;2018-01-23;"terça-feira";"05:00:00";"MT";158;654,5;"NOVA XAVANTINA";"Falta de Atenção à Condução";"Colisão frontal";"Com Vítimas Feridas";"Amanhecer";"Decrescente";"Céu Claro";"Simples";"Reta";"Sim";3;0;0;1;2;0;1;2;-14,673771;-52,35347;"SPRF-MT";"DEL07-MT";"UOP01-DEL07-MT"
105576;2018-01-23;"terça-feira";"01:30:00";"PI";135;514;"GILBUES";"Ingestão de Álcool";"Colisão frontal";"Sem Vítimas";"Plena Noite";"Crescente";"Céu Claro";"Simples";"Reta";"Não";2;0;0;0;2;0;0;2;-9,826421;-45,334484;"SPRF-PI";"DEL03-PI";"UOP02-DEL03-PI"
105577;2018-01-23;"terça-feira";"08:00:00";"PR";476;133;"CURITIBA";"Não guardar distância de segurança";"Colisão traseira";"Com Vítimas Feridas";"Pleno dia";"Crescente";"Céu Claro";"Múltipla";"Reta";"Sim";2;0;1;0;1;0;1;2;-25,469219;-49,254143;"SPRF-PR";"DEL01-PR";"UOP07-DEL01-PR"
105579;2018-01-09;"terça-feira";"08:35:00";"PR";476;140,9;"CURITIBA";"Falta de Atenção à Condução";"Colisão traseira";"Com Vítimas Feridas";"Pleno dia";"Decrescente";"Ignorado";"Dupla";"Reta";"Sim";3;0;2;0;1;0;2;2;-25,52778262;-49,29841881;"SPRF-PR";"DEL01-PR";"UOP01-DEL01-PR"
105580;2018-01-23;"terça-feira";"08:30:00";"MG";50;158,5;"UBERABA";"Condutor Dormindo";"Saída de leito carroçável";"Sem Vítimas";"Pleno dia";"Crescente";"Céu Claro";"Dupla";"Reta";"Não";1;0;0;0;1;0;0;1;-19,63695251;-48,01109903;"SPRF-MG";"DEL13-MG";"UOP01-DEL13-MG"
105582;2018-01-23;"terça-feira";"05:00:00";"MA";316;420;"PERITORO";"Condutor Dormindo";"Queda de ocupante de veículo";"Com Vítimas Feridas";"Plena Noite";"Decrescente";"Céu Claro";"Simples";"Ponte";"Não";1;0;0;1;0;0;1;1;-4,351473;-44,371437;"SPRF-MA";"DEL03-MA";"UOP01-DEL03-MA"
105583;2018-01-23;"terça-feira";"08:25:00";"SC";101;209,6;"SAO JOSE";"Não guardar distância de segurança";"Colisão lateral";"Com Vítimas Feridas";"Pleno dia";"Decrescente";"Céu Claro";"Múltipla";"Reta";"Sim";2;0;1;0;1;0;1;2;-27,61617799;-48,6446498;"SPRF-SC";"DEL01-SC";"UOP01-DEL01-SC"
105584;2018-01-04;"quinta-feira";"19:20:00";"PR";153;452,9;"UNIAO DA VITORIA";"Falta de Atenção à Condução";"Colisão transversal";"Com Vítimas Feridas";"Anoitecer";"Decrescente";"Céu Claro";"Simples";"Curva";"Não";2;0;1;0;1;0;1;2;-26,24785141;-51,16127014;"SPRF-PR";"DEL02-PR";"UOP03-DEL02-PR"
105585;2018-01-23;"terça-feira";"08:40:00";"RJ";116;58,6;"TERESOPOLIS";"Ultrapassagem Indevida";"Colisão frontal";"Com Vítimas Feridas";"Pleno dia";"Crescente";"Sol";"Simples";"Reta";"Não";2;0;1;1;0;0;2;2;-22,22485088;-42,90580094;"SPRF-RJ";"DEL04-RJ";"UOP01-DEL04-RJ"
105586;2018-01-23;"terça-feira";"08:20:00";"SC";101;423;"ARARANGUA";"Defeito Mecânico no Veículo";"Capotamento";"Com Vítimas Feridas";"Pleno dia";"Crescente";"Nublado";"Dupla";"Reta";"Sim";1;0;1;0;0;0;1;1;-29,01633703;-49,58330244;"SPRF-SC";"DEL02-SC";"UOP02-DEL02-SC"
105587;2018-01-23;"terça-feira";"07:30:00";"MG";381;337;"NOVA ERA";"Falta de Atenção à Condução";"Capotamento";"Com Vítimas Feridas";"Pleno dia";"Decrescente";"Nublado";"Simples";"Reta";"Não";1;0;1;0;0;0;1;1;-19,7882606;-43,05245872;"SPRF-MG";"DEL03-MG";"UOP01-DEL03-MG"
105588;2018-01-23;"terça-feira";"09:22:00";"SP";116;216;"GUARULHOS";"Falta de Atenção à Condução";"Colisão traseira";"Sem Vítimas";"Pleno dia";"Crescente";"Céu Claro";"Múltipla";"Reta";"Sim";1;0;0;0;1;0;0;1;-23,463257;-46,53373;"SPRF-SP";"DEL01-SP";"UOP01-DEL01-SP"
105589;2018-01-23;"terça-feira";"08:55:00";"MG";50;158,5;"UBERABA";"Ingestão de Álcool";"Queda de ocupante de veículo";"Sem Vítimas";"Pleno dia";"Crescente";"Sol";"Dupla";"Retorno Regulamentado";"Não";1;0;0;0;1;0;0;1;-19,63738586;-48,01105035;"SPRF-MG";"DEL13-MG";"UOP01-DEL13-MG"
105590;2018-01-23;"terça-feira";"09:20:00";"MG";381;687,9;"LAVRAS";"Velocidade Incompatível";"Capotamento";"Sem Vítimas";"Pleno dia";"Decrescente";"Céu Claro";"Simples";"Curva";"Não";1;0;0;0;1;0;0;1;-21,17974553;-45,12161641;"SPRF-MG";"DEL04-MG";"UOP02-DEL04-MG"
105591;2018-01-23;"terça-feira";"00:50:00";"MG";40;224;"JOAO PINHEIRO";"Desobediência às normas de trânsito pelo condutor";"Colisão transversal";"Sem Vítimas";"Plena Noite";"Decrescente";"Ignorado";"Simples";"Rotatória";"Não";11;0;0;0;6;5;0;4;-17,979826;-45,617336;"SPRF-MG";"DEL14-MG";"UOP02-DEL14-MG"
105596;2018-01-23;"terça-feira";"08:40:00";"RJ";101;298,4;"ITABORAI";"Não guardar distância de segurança";"Colisão traseira";"Com Vítimas Feridas";"Pleno dia";"Crescente";"Céu Claro";"Dupla";"Reta";"Sim";4;0;2;0;2;0;2;2;-22,77223023;-42,93275965;"SPRF-RJ";"DEL02-RJ";"DEL5/2-UOP04/RJ"
105597;2018-01-23;"terça-feira";"09:00:00";"MT";70;521;"VARZEA GRANDE";"Falta de Atenção à Condução";"Colisão transversal";"Com Vítimas Feridas";"Pleno dia";"Decrescente";"Céu Claro";"Simples";"Reta";"Sim";2;0;1;0;1;0;1;2;-15,6478;-56,1332;"SPRF-MT";"DEL01-MT";"DEL2/4-UOP02/MT"
105598;2018-01-23;"terça-feira";"10:15:00";"SC";101;38;"JOINVILLE";"Objeto estático sobre o leito carroçável";"Colisão com objeto estático";"Com Vítimas Feridas";"Pleno dia";"Crescente";"Céu Claro";"Dupla";"Reta";"Sim";1;0;1;0;0;0;1;1;-26,3018;-48,8829;"SPRF-SC";"DEL03-SC";"UOP01-DEL03-SC"
105599;2018-01-23;"terça-feira";"09:30:00";"MG";153;101;"PRATA";"Falta de Atenção à Condução";"Saída de leito carroçável";"Com Vítimas Feridas";"Pleno dia";"Crescente";"Céu Claro";"Simples";"Reta";"Não";1;0;1;0;0;0;1;1;-19,27420247;-48,91765594;"SPRF-MG";"DEL15-MG";"UOP03-DEL15-MG"
105600;2018-01-23;"terça-feira";"09:45:00";"SC";280;52;"GUARAMIRIM";"Falta de Atenção à Condução";"Colisão traseira";"Com Vítimas Feridas";"Pleno dia";"Crescente";"Céu Claro";"Simples";"Reta";"Não";4;0;1;0;3;0;1;2;-26,47144219;-48,97183925;"SPRF-SC";"DEL03-SC";"UOP03-DEL03-SC"
105602;2018-01-23;"terça-feira";"09:25:00";"CE";116;3;"FORTALEZA";"Falta de Atenção à Condução";"Colisão traseira";"Com Vítimas Feridas";"Pleno dia";"Crescente";"Nublado";"Dupla";"Aclive";"Não";3;0;1;0;2;0;1;3;-3,7874;-38,5109;"SPRF-CE";"DEL01-CE";"UOP02-DEL01-CE"
105603;2018-01-23;"terça-feira";"10:26:00";"RS";448;14;"CANOAS";"Defeito Mecânico no Veículo";"Capotamento";"Com Vítimas Feridas";"Pleno dia";"Crescente";"Garoa/Chuvisco";"Múltipla";"Reta";"Não";1;0;1;0;0;0;1;1;-29,91932579;-51,2329495;"SPRF-RS";"DEL01-RS";"UOP01-DEL01-RS"
105604;2018-01-23;"terça-feira";"10:25:00";"RS";285;454,9;"IJUI";"Desobediência às normas de trânsito pelo condutor";"Colisão lateral";"Com Vítimas Feridas";"Pleno dia";"Crescente";"Chuva";"Simples";"Curva";"Não";5;0;3;1;1;0;4;2;-28,3751085;-53,86568785;"SPRF-RS";"DEL10-RS";"UOP01-DEL10-RS"
105606;2018-01-23;"terça-feira";"09:40:00";"RN";101;77;"NATAL";"Falta de Atenção à Condução";"Colisão transversal";"Com Vítimas Feridas";"Pleno dia";"Decrescente";"Céu Claro";"Dupla";"Reta";"Sim";3;0;2;0;1;0;2;2;-5,73553295;-35,29089881;"SPRF-RN";"DEL02-RN";"UOP01-DEL02-RN"
105607;2018-01-23;"terça-feira";"08:10:00";"PI";343;305;"ALTOS";"Animais na Pista";"Atropelamento de Animal";"Com Vítimas Feridas";"Pleno dia";"Crescente";"Nublado";"Simples";"Reta";"Sim";1;0;1;0;0;0;1;1;-5,034002;-42,442924;"SPRF-PI";"DEL01-PI";"UOP01-DEL01-PI"
105610;2018-01-19;"sexta-feira";"19:00:00";"MG";116;409;"GOVERNADOR VALADARES";"Ingestão de Álcool";"Colisão transversal";"Com Vítimas Feridas";"Anoitecer";"Decrescente";"Ignorado";"Simples";"Retorno Regulamentado";"Sim";2;0;1;0;1;0;1;2;-18,83865853;-41,9874689;"SPRF-MG";"DEL06-MG";"UOP01-DEL06-MG"
105611;2018-01-23;"terça-feira";"10:30:00";"PR";277;69;"SAO JOSE DOS PINHAIS";"Falta de Atenção à Condução";"Colisão traseira";"Com Vítimas Feridas";"Pleno dia";"Crescente";"Céu Claro";"Dupla";"Reta";"Não";2;0;1;0;1;0;1;2;-25,51947768;-49,10984159;"SPRF-PR";"DEL01-PR";"UOP07-DEL01-PR"
105613;2018-01-23;"terça-feira";"09:30:00";"AL";101;39,8;"FLEXEIRAS";"Fenômenos da Natureza";"Saída de leito carroçável";"Sem Vítimas";"Pleno dia";"Crescente";"Chuva";"Dupla";"Curva";"Não";1;0;0;0;1;0;0;1;-9,16230743;-35,76886751;"SPRF-AL";"DEL01-AL";"UOP01-DEL01-AL"
105614;2018-01-23;"terça-feira";"11:10:00";"RS";101;56;"TERRA DE AREIA";"Condutor Dormindo";"Saída de leito carroçável";"Sem Vítimas";"Pleno dia";"Decrescente";"Chuva";"Dupla";"Curva";"Sim";1;0;0;0;1;0;0;1;-29,65785441;-50,12872428;"SPRF-RS";"DEL03-RS";"UOP01-DEL03-RS"
105617;2018-01-23;"terça-feira";"11:12:00";"MG";354;737,2;"POUSO ALTO";"Animais na Pista";"Colisão traseira";"Sem Vítimas";"Pleno dia";"Decrescente";"Céu Claro";"Simples";"Curva";"Não";2;0;0;0;2;0;0;2;-22,20451911;-44,96196806;"SPRF-MG";"DEL05-MG";"UOP01-DEL17-MG"