"id";"data_inversa";"dia_semana";"horario";"uf";"br";"km";"municipio";"causa_acidente";"tipo_acidente";"classificacao_acidente";"fase_dia";"sentido_via";"condicao_metereologica";"tipo_pista";"tracado_via";"uso_solo";"pessoas";"mortos";"feridos_leves";"feridos_graves";"ilesos";"ignorados";"feridos";"veiculos";"latitude";"longitude";"regional";"delegacia";"uop"
105618;2018-01-23;"terça-feira";"11:45:00";"PR";376;177;"MARINGA";"Falta de Atenção à Condução";"Colisão traseira";"Com Vítimas Feridas";"Pleno dia";"Decrescente";"Céu Claro";"Dupla";"Reta";"Sim";2;0;1;0;1;0;1;2;-23,41376745;-51,92909718;"SPRF-PR";"DEL07-PR";"UOP01-DEL09-PR"
105619;2018-01-23;"terça-feira";"11:20:00";"PR";116;166,8;"QUITANDINHA";"Falta de Atenção à Condução";"Colisão transversal";"Com Vítimas Feridas";"Pleno dia";"Decrescente";"Sol";"Simples";"Reta;Aclive;Interseção de Vias";"Sim";3;0;2;0;1;0;2;2;-25,872978;-49,498203;"SPRF-PR";"DEL01-PR";"UOP03-DEL01-PR"
105621;2018-01-23;"terça-feira";"11:40:00";"PR";469;13,4;"FOZ DO IGUACU";"Falta de Atenção à Condução";"Colisão lateral";"Com Vítimas Feridas";"Pleno dia";"Crescente";"Sol";"Simples";"Reta";"Sim";2;0;0;1;1;0;1;2;-25,57689826;-54,54454757;"SPRF-PR";"DEL05-PR";"UOP04-DEL05-PR"
105622;2018-01-23;"terça-feira";"12:00:00";"RN";304;297;"MACAIBA";"Falta de Atenção à Condução";"Colisão lateral";"Com Vítimas Feridas";"Pleno dia";"Crescente";"Céu Claro";"Simples";"Reta";"Sim";4;0;0;2;2;0;2;2;-5,865341;-35,340694;"SPRF-RN";"DEL01-RN";"UOP02-DEL01-RN"
105623;2018-01-23;"terça-feira";"11:00:00";"SC";282;388,5;"JOACABA";"Pista Escorregadia";"Queda de ocupante de veículo";"Com Vítimas Feridas";"Pleno dia";"Decrescente";"Céu Claro";"Simples";"Curva";"Não";1;0;0;1;0;0;1;1;-27,17623832;-51,52880251;"SPRF-SC";"DEL07-SC";"UOP05-DEL07-SC"
105624;2018-01-23;"terça-feira";"11:45:00";"SC";101;406;"MARACAJA";"Não guardar distância de segurança";"Colisão traseira";"Sem Vítimas";"Pleno dia";"Crescente";"Nublado";"Dupla";"Reta";"Não";2;0;0;0;2;0;0;2;-28,88668489;-49,46407557;"SPRF-SC";"DEL02-SC";"UOP02-DEL02-SC"
105625;2018-01-23;"terça-feira";"11:10:00";"PE";232;61,5;"POMBOS";"Velocidade Incompatível";"Tombamento";"Sem Vítimas";"Pleno dia";"Decrescente";"Chuva";"Dupla";"Reta";"Não";1;0;0;0;1;0;0;1;-8,141814;-35,396126;"SPRF-PE";"DEL01-PE";"UOP02-DEL02PE"
105627;2018-01-23;"terça-feira";"12:55:00";"PR";277;586,3;"CASCAVEL";"Falta de Atenção à Condução";"Colisão transversal";"Sem Vítimas";"Pleno dia";"Crescente";"Céu Claro";"Simples";"Interseção de Vias";"Sim";2;0;0;0;2;0;0;2;-24,96660702;-53,42417479;"SPRF-PR";"DEL04-PR";"UOP01-DEL04-PR"
105629;2018-01-23;"terça-feira";"12:30:00";"SC";101;215,5;"PALHOCA";"Falta de Atenção à Condução";"Colisão transversal";"Com Vítimas Feridas";"Pleno dia";"Crescente";"Céu Claro";"Múltipla";"Rotatória";"Sim";2;0;1;0;1;0;1;2;-27,65605672;-48,67670116;"SPRF-SC";"DEL01-SC";"UOP02-DEL01-SC"
105631;2018-01-23;"terça-feira";"12:10:00";"PI";343;15,2;"PARNAIBA";"Desobediência às normas de trânsito pelo condutor";"Colisão frontal";"Sem Vítimas";"Pleno dia";"Crescente";"Nublado";"Simples";"Reta";"Não";2;0;0;0;2;0;0;2;-2,93989079;-41,75555522;"SPRF-PI";"DEL05-PI";"UOP01-DEL05-PI"
105632;2018-01-23;"terça-feira";"11:30:00";"MS";163;248;"DOURADOS";"Ingestão de Álcool";"Saída de leito carroçável";"Sem Vítimas";"Pleno dia";"Crescente";"Nublado";"Simples";"Rotatória";"Não";1;0;0;0;1;0;0;1;-22,32000629;-54,81919438;"SPRF-MS";"DEL04-MS";"UOP01-DEL04-MS"
105633;2018-01-23;"terça-feira";"12:05:00";"PE";101;70,3;"RECIFE";"Falta de Atenção à Condução";"Engavetamento";"Sem Vítimas";"Pleno dia";"Decrescente";"Nublado";"Dupla";"Reta";"Sim";4;0;0;0;4;0;0;4;-8,075454;-34,936222;"SPRF-PE";"DEL01-PE";"UOP01-DEL01-PE"
105635;2018-01-23;"terça-feira";"13:35:00";"RS";290;101;"PORTO ALEGRE";"Ultrapassagem Indevida";"Tombamento";"Com Vítimas Feridas";"Pleno dia";"Crescente";"Nublado";"Dupla";"Reta";"Sim";1;0;1;0;0;0;1;1;-29,98563802;-51,25187248;"SPRF-RS";"DEL01-RS";"UOP01-DEL01-RS"
105636;2018-01-23;"terça-feira";"13:30:00";"SC";282;210;"LAGES";"Falta de Atenção à Condução";"Colisão transversal";"Sem Vítimas";"Pleno dia";"Crescente";"Céu Claro";"Simples";"Declive";"Não";2;0;0;0;2;0;0;2;-27,77925288;-50,23427725;"SPRF-SC";"DEL05-SC";"UOP01-DEL05-SC"
105637;2018-01-23;"terça-feira";"14:10:00";"GO";40;1;"VALPARAISO DE GOIAS";"Não guardar distância de segurança";"Colisão lateral";"Com Vítimas Feridas";"Pleno dia";"Decrescente";"Céu Claro";"Dupla";"Reta";"Sim";2;0;1;0;1;0;1;2;-16,06307683;-47,9834718;"SPRF-DF";"DEL01-DF";"UOP01-DEL01-DF"
105638;2018-01-23;"terça-feira";"14:00:00";"SC";101;136;"BALNEARIO CAMBORIU";"Falta de Atenção à Condução";"Colisão transversal";"Com Vítimas Feridas";"Pleno dia";"Crescente";"Sol";"Simples";"Reta";"Não";2;0;1;0;1;0;1;2;-27,0158;-48,6117;"SPRF-SC";"DEL04-SC";"UOP03-DEL04-SC"
105640;2018-01-23;"terça-feira";"14:12:00";"RS";116;148,4;"CAXIAS DO SUL";"Velocidade Incompatível";"Saída de leito carroçável";"Sem Vítimas";"Pleno dia";"Decrescente";"Chuva";"Dupla";"Curva";"Sim";1;0;0;0;1;0;0;1;-29,15741761;-51,15135133;"SPRF-RS";"DEL05-RS";"UOP01-DEL05-RS"
105641;2018-01-07;"domingo";"11:10:00";"PR";376;622;"SAO JOSE DOS PINHAIS";"Falta de Atenção à Condução";"Colisão lateral";"Com Vítimas Feridas";"Pleno dia";"Decrescente";"Ignorado";"Simples";"Reta";"Sim";4;0;1;0;1;2;1;3;-25,60670119;-49,17227268;"SPRF-PR";"DEL01-PR";"DEL7/1-UOP08/PR"
105643;2018-01-23;"terça-feira";"12:00:00";"PA";316;2;"ANANINDEUA";"Não guardar distância de segurança";"Colisão lateral";"Com Vítimas Feridas";"Pleno dia";"Crescente";"Céu Claro";"Dupla";"Reta";"Sim";2;0;1;0;1;0;1;2;-1,396582;-48,422993;"SPRF-PA";"DEL01-PA";"DEL19/1-UOP05/PA"
105644;2018-01-23;"terça-feira";"14:25:00";"PR";158;395,8;"LARANJEIRAS DO SUL";"Ingestão de Álcool";"Saída de leito carroçável";"Com Vítimas Feridas";"Pleno dia";"Decrescente";"Céu Claro";"Simples";"Curva";"Não";1;0;1;0;0;0;1;1;-25,35703767;-52,38238335;"SPRF-PR";"DEL04-PR";"UOP02-DEL04-PR"
105646;2018-01-23;"terça-feira";"14:40:00";"SC";101;114,9;"ITAJAI";"Avarias e/ou desgaste excessivo no pneu";"Tombamento";"Com Vítimas Feridas";"Pleno dia";"Crescente";"Céu Claro";"Dupla";"Reta";"Sim";2;0;2;0;0;0;2;1;-26,863072;-48,72867098;"SPRF-SC";"DEL04-SC";"UOP04-DEL04-SC"
105650;2018-01-23;"terça-feira";"12:50:00";"ES";259;81,9;"COLATINA";"Defeito na Via";"Tombamento";"Com Vítimas Feridas";"Pleno dia";"Crescente";"Céu Claro";"Simples";"Curva";"Não";1;0;1;0;0;0;1;1;-19,50980002;-40,85514653;"SPRF-ES";"DEL02-ES";"UOP01-DEL02-ES"
105653;2018-01-23;"terça-feira";"14:15:00";"SC";470;61;"BLUMENAU";"Não guardar distância de segurança";"Colisão traseira";"Sem Vítimas";"Pleno dia";"Decrescente";"Céu Claro";"Simples";"Curva";"Sim";2;0;0;0;2;0;0;2;-26,88281556;-49,15461089;"SPRF-SC";"DEL04-SC";"UOP01-DEL04-SC"
105655;2018-01-23;"terça-feira";"15:00:00";"SC";470;11,7;"NAVEGANTES";"Falta de Atenção à Condução";"Colisão transversal";"Com Vítimas Feridas";"Pleno dia";"Crescente";"Céu Claro";"Simples";"Interseção de Vias";"Sim";2;0;1;0;1;0;1;2;-26,83474939;-48,75429125;"SPRF-SC";"DEL04-SC";"UOP04-DEL04-SC"
105657;2018-01-23;"terça-feira";"14:20:00";"PE";424;4,8;"ARCOVERDE";"Desobediência às normas de trânsito pelo condutor";"Colisão frontal";"Com Vítimas Fatais";"Pleno dia";"Crescente";"Céu Claro";"Simples";"Declive";"Não";2;1;0;0;1;0;0;2;-8,467076;-37,03898;"SPRF-PE";"DEL03-PE";"UOP02-DEL03-PE"
105659;2018-01-11;"quinta-feira";"13:55:00";"PB";230;28,6;"JOAO PESSOA";"Animais na Pista";"Engavetamento";"Sem Vítimas";"Pleno dia";"Decrescente";"Céu Claro";"Dupla";"Reta";"Sim";3;0;0;0;3;0;0;3;-7,16254267;-34,90282148;"SPRF-PB";"DEL01-PB";"UOP01-DEL01-PB"
105664;2018-01-23;"terça-feira";"14:55:00";"SC";101;206,3;"SAO JOSE";"Falta de Atenção à Condução";"Colisão transversal";"Com Vítimas Feridas";"Pleno dia";"Decrescente";"Sol";"Múltipla";"Reta";"Sim";2;0;1;0;1;0;1;2;-27,594;-48,619;"SPRF-SC";"DEL01-SC";"UOP01-DEL01-SC"
105666;2018-01-23;"terça-feira";"13:00:00";"DF";20;12;"BRASILIA";"Falta de Atenção à Condução";"Saída de leito carroçável";"Com Vítimas Feridas";"Pleno dia";"Crescente";"Céu Claro";"Dupla";"Reta";"Não";2;0;1;0;0;1;1;1;-15,642812;-47,757786;"SPRF-DF";"DEL02-DF";"UOP01-DEL02-DF"
105667;2018-01-23;"terça-feira";"15:40:00";"PR";476;117;"COLOMBO";"Falta de Atenção à Condução";"Colisão transversal";"Com Vítimas Feridas";"Pleno dia";"Decrescente";"Nublado";"Dupla";"Reta";"Não";2;0;1;0;1;0;1;2;-25,348623;-49,175663;"SPRF-PR";"DEL01-PR";"UOP01-DEL01-PR"
105668;2018-01-23;"terça-feira";"14:20:00";"BA";116;813;"VITORIA DA CONQUISTA";"Não guardar distância de segurança";"Colisão traseira";"Com Vítimas Feridas";"Pleno dia";"Decrescente";"Céu Claro";"Simples";"Reta";"Sim";3;0;1;1;0;1;2;2;-14,812725;-40,797902;"SPRF-BA";"DEL08-BA";"UOP01-DEL08-BA"
105669;2018-01-23;"terça-feira";"16:00:00";"RS";158;185;"CRUZ ALTA";"Defeito Mecânico no Veículo";"Saída de leito carroçável";"Sem Vítimas";"Pleno dia";"Crescente";"Chuva";"Simples";"Curva";"Não";1;0;0;0;1;0;0;1;-28,5740826;-53,56806993;"SPRF-RS";"DEL10-RS";"UOP02-DEL10-RS"
105672;2018-01-23;"terça-feira";"16:30:00";"SP";101;11,9;"UBATUBA";"Condutor Dormindo";"Colisão com objeto estático";"Com Vítimas Feridas";"Pleno dia";"Crescente";"Céu Claro";"Simples";"Reta";"Não";2;0;1;0;1;0;1;1;-23,35225174;-44,85781995;"SPRF-SP";"DEL06-SP";"UOP01-DEL06-SP"
105674;2018-01-23;"terça-feira";"14:20:00";"RJ";40;78;"PETROPOLIS";"Defeito Mecânico no Veículo";"Colisão com objeto estático";"Com Vítimas Feridas";"Pleno dia";"Crescente";"Céu Claro";"Simples";"Reta";"Não";2;0;0;1;1;0;1;2;-22,48933;-43,22345;"SPRF-RJ";"DEL06-RJ";"UOP01-DEL06-RJ"
105677;2018-01-23;"terça-feira";"16:30:00";"SC";101;214,3;"PALHOCA";"Desobediência às normas de trânsito pelo condutor";"Queda de ocupante de veículo";"Com Vítimas Feridas";"Pleno dia";"Decrescente";"Sol";"Múltipla";"Reta";"Sim";1;0;1;0;0;0;1;1;-27,64688733;-48,67190793;"SPRF-SC";"DEL01-SC";"UOP02-DEL01-SC"
105678;2018-01-23;"terça-feira";"16:30:00";"SP";101;42;"UBATUBA";"Avarias e/ou desgaste excessivo no pneu";"Danos eventuais";"Com Vítimas Feridas";"Pleno dia";"Crescente";"Céu Claro";"Simples";"Reta";"Não";3;0;1;0;2;0;1;2;-23,41337872;-45,05226016;"SPRF-SP";"DEL06-SP";"UOP01-DEL06-SP"
105680;2018-01-23;"terça-feira";"17:00:00";"SP";116;288;"ITAPECERICA DA SERRA";"Defeito Mecânico no Veículo";"Saída de leito carroçável";"Sem Vítimas";"Pleno dia";"Crescente";"Garoa/Chuvisco";"Dupla";"Reta";"Sim";1;0;0;0;1;0;0;1;-23,70540533;-46,87364101;"SPRF-SP";"DEL04-SP";"UOP01-DEL04-SP"
105681;2018-01-23;"terça-feira";"16:45:00";"MG";40;513;"RIBEIRAO DAS NEVES";"Falta de Atenção à Condução";"Queda de ocupante de veículo";"Com Vítimas Feridas";"Amanhecer";"Decrescente";"Céu Claro";"Dupla";"Reta";"Sim";2;0;2;0;0;0;2;1;-19,8048;-44,0972;"SPRF-MG";"DEL01-MG";"UOP03-DEL01-MG"
105683;2018-01-23;"terça-feira";"17:25:00";"RS";116;78,9;"CAMPESTRE DA SERRA";"Velocidade Incompatível";"Saída de leito carroçável";"Sem Vítimas";"Pleno dia";"Crescente";"Chuva";"Simples";"Curva";"Não";1;0;0;0;1;0;0;1;-28,78975773;-51,09547555;"SPRF-RS";"DEL05-RS";"UOP03-DEL05-RS"
105688;2018-01-23;"terça-feira";"17:25:00";"PR";277;81,9;"CURITIBA";"Falta de Atenção à Condução";"Colisão traseira";"Com Vítimas Feridas";"Pleno dia";"Decrescente";"Nublado";"Dupla";"Reta";"Sim";2;0;1;0;1;0;1;2;-25,46641764;-49,2154285;"SPRF-PR";"DEL01-PR";"UOP07-DEL01-PR"
105692;2018-01-23;"terça-feira";"17:52:00";"PR";376;679;"GUARATUBA";"Velocidade Incompatível";"Capotamento";"Com Vítimas Feridas";"Pleno dia";"Crescente";"Céu Claro";"Dupla";"Curva";"Não";2;0;1;0;1;0;1;1;-25,883259;-48,57514;"SPRF-PR";"DEL01-PR";"DEL7/1-UOP08/PR"
105693;2018-01-23;"terça-feira";"17:30:00";"SC";470;69,7;"INDAIAL";"Desobediência às normas de trânsito pelo condutor";"Colisão lateral";"Com Vítimas Feridas";"Pleno dia";"Decrescente";"Nublado";"Simples";"Reta";"Sim";2;0;0;1;1;0;1;2;-26,88784686;-49,25258338;"SPRF-SC";"DEL04-SC";"UOP01-DEL04-SC"
105695;2018-01-23;"terça-feira";"17:20:00";"SC";282;1;"FLORIANOPOLIS";"Falta de Atenção à Condução";"Engavetamento";"Com Vítimas Feridas";"Pleno dia";"Crescente";"Céu Claro";"Dupla";"Reta";"Não";5;0;3;0;2;0;3;3;-27,602955;-48,580509;"SPRF-SC";"DEL01-SC";"UOP01-DEL01-SC"
105696;2018-01-23;"terça-feira";"18:00:00";"PR";369;107,6;"URAI";"Restrição de Visibilidade";"Colisão lateral";"Com Vítimas Feridas";"Pleno dia";"Decrescente";"Céu Claro";"Simples";"Interseção de Vias";"Não";2;0;1;0;0;1;1;2;-23,26244098;-50,77898026;"SPRF-PR";"DEL07-PR";"UOP05-DEL07-PR"
105697;2018-01-23;"terça-feira";"18:15:00";"MG";356;266,4;"MURIAE";"Falta de Atenção à Condução";"Colisão transversal";"Com Vítimas Feridas";"Pleno dia";"Crescente";"Sol";"Simples";"Interseção de Vias";"Sim";2;0;1;0;1;0;1;2;-21,12863004;-42,36281991;"SPRF-MG";"DEL07-MG";"UOP02-DEL07-MG"
105702;2018-01-23;"terça-feira";"17:40:00";"RJ";40;124;"DUQUE DE CAXIAS";"Falta de Atenção à Condução";"Colisão lateral";"Com Vítimas Feridas";"Pleno dia";"Crescente";"Céu Claro";"Múltipla";"Reta";"Sim";2;0;1;0;1;0;1;2;-22,8147;-43,2881;"SPRF-RJ";"DEL01-RJ";"UOP02-DEL01-RJ"
105704;2018-01-23;"terça-feira";"18:20:00";"RJ";116;167;"SAO JOAO DE MERITI";"Não guardar distância de segurança";"Colisão lateral";"Com Vítimas Feridas";"Anoitecer";"Crescente";"Céu Claro";"Múltipla";"Reta";"Não";2;0;1;0;1;0;1;2;-22,818039;-43,307873;"SPRF-RJ";"DEL01-RJ";"UOP02-DEL01-RJ"
105707;2018-01-23;"terça-feira";"18:15:00";"PR";476;145,4;"CURITIBA";"Falta de Atenção à Condução";"Colisão transversal";"Com Vítimas Feridas";"Pleno dia";"Decrescente";"Céu Claro";"Dupla";"Reta";"Não";2;0;1;0;0;1;1;2;-25,54886899;-49,32381749;"SPRF-PR";"DEL01-PR";"UOP06-DEL01-PR"
105708;2018-01-23;"terça-feira";"18:30:00";"SP";116;219,9;"GUARULHOS";"Não guardar distância de segurança";"Colisão traseira";"Com Vítimas Feridas";"Pleno dia";"Crescente";"Céu Claro";"Múltipla";"Reta";"Sim";2;0;1;0;1;0;1;2;-23,46464385;-46,49857163;"SPRF-SP";"DEL01-SP";"UOP01-DEL01-SP"
105709;2018-01-23;"terça-feira";"18:30:00";"MG";40;673;"CARANDAI";"Objeto estático sobre o leito carroçável";"Colisão com objeto estático";"Sem Vítimas";"Anoitecer";"Decrescente";"Ignorado";"Simples";"Reta";"Não";1;0;0;0;1;0;0;1;-21,0104;-43,7827;"SPRF-MG";"DEL05-MG";"UOP02-DEL05-MG"
105711;2018-01-23;"terça-feira";"18:15:00";"MG";40;526;"CONTAGEM";"Falta de Atenção à Condução";"Colisão traseira";"Com Vítimas Feridas";"Pleno dia";"Crescente";"Céu Claro";"Dupla";"Reta";"Sim";2;0;1;0;1;0;1;2;-19,8944407;-44,05014664;"SPRF-MG";"DEL01-MG";"UOP03-DEL01-MG"
105712;2018-01-23;"terça-feira";"18:30:00";"SC";282;49;"AGUAS MORNAS";"Pista Escorregadia";"Saída de leito carroçável";"Com Vítimas Feridas";"Pleno dia";"Crescente";"Chuva";"Simples";"Aclive";"Não";3;0;3;0;0;0;3;1;-27,712931;-48,943741;"SPRF-SC";"DEL01-SC";"UOP03-DEL01-SC"
105713;2018-01-23;"terça-feira";"18:10:00";"PR";487;178,2;"CAMPO MOURAO";"Desobediência às normas de trânsito pelo condutor";"Colisão transversal";"Com Vítimas Feridas";"Pleno dia";"Decrescente";"Nublado";"Dupla";"Reta";"Sim";2;0;1;0;1;0;1;2;-24,04599861;-52,39492267;"SPRF-PR";"DEL04-PR";"UOP03-DEL09-PR"
105715;2018-01-23;"terça-feira";"16:00:00";"MG";262;775,3;"UBERABA";"Falta de Atenção à Condução";"Saída de leito carroçável";"Sem Vítimas";"Pleno dia";"Crescente";"Chuva";"Simples";"Reta";"Não";1;0;0;0;1;0;0;1;-19,748796;-47,932343;"SPRF-MG";"DEL13-MG";"UOP01-DEL13-MG"
105716;2018-01-23;"terça-feira";"18:30:00";"GO";364;2,7;"SAO SIMAO";"Avarias e/ou desgaste excessivo no pneu";"Tombamento";"Com Vítimas Feridas";"Pleno dia";"Decrescente";"Céu Claro";"Simples";"Declive";"Não";2;0;2;0;0;0;2;1;-19,03053222;-50,52054942;"SPRF-GO";"DEL05-GO";"UOP02-DEL05-GO"
105717;2018-01-23;"terça-feira";"17:50:00";"GO";60;208,5;"GUAPO";"Falta de Atenção à Condução";"Saída de leito carroçável";"Sem Vítimas";"Pleno dia";"Crescente";"Céu Claro";"Dupla";"Reta;Declive";"Não";1;0;0;0;0;1;0;1;-16,92834855;-49,66604934;"SPRF-GO";"DEL01-GO";"UOP02-DEL01-GO"
105718;2018-01-23;"terça-feira";"17:37:00";"RJ";101;312;"SAO GONCALO";"Defeito Mecânico no Veículo";"Colisão traseira";"Com Vítimas Feridas";"Pleno dia";"Decrescente";"Céu Claro";"Dupla";"Reta";"Sim";2;0;1;0;1;0;1;2;-22,805479;-43,061592;"SPRF-RJ";"DEL02-RJ";"DEL5/2-UOP04/RJ"
105720;2018-01-23;"terça-feira";"19:00:00";"ES";101;278,8;"SERRA";"Defeito na Via";"Colisão com objeto estático";"Sem Vítimas";"Plena Noite";"Decrescente";"Céu Claro";"Dupla";"Reta";"Não";1;0;0;0;1;0;0;1;-20,21809649;-40,33773869;"SPRF-ES";"DEL02-ES";"UOP01-DEL02-ES"
105723;2018-01-23;"terça-feira";"17:40:00";"ES";101;298;"VIANA";"Falta de Atenção do Pedestre";"Atropelamento de Pedestre";"Com Vítimas Feridas";"Pleno dia";"Decrescente";"Céu Claro";"Múltipla";"Reta";"Sim";2;0;0;1;1;0;1;2;-20,35365161;-40,41557282;"SPRF-ES";"DEL01-ES";"UOP01-DEL01-ES"
105726;2018-01-23;"terça-feira";"19:30:00";"SC";101;214;"PALHOCA";"Mal Súbito";"Queda de ocupante de veículo";"Com Vítimas Feridas";"Pleno dia";"Crescente";"Garoa/Chuvisco";"Dupla";"Reta";"Sim";1;0;1;0;0;0;1;1;-27,652;-48,676;"SPRF-SC";"DEL01-SC";"UOP02-DEL01-SC"
105727;2018-01-23;"terça-feira";"20:00:00";"ES";101;69,2;"SAO MATEUS";"Animais na Pista";"Atropelamento de Animal";"Com Vítimas Feridas";"Plena Noite";"Crescente";"Céu Claro";"Simples";"Declive";"Não";1;0;0;1;0;0;1;1;-18,73531381;-39,86074805;"SPRF-ES";"DEL04-ES";"UOP02-DEL04-ES"
105728;2018-01-23;"terça-feira";"20:00:00";"SP";116;213,2;"GUARULHOS";"Não guardar distância de segurança";"Colisão traseira";"Com Vítimas Feridas";"Anoitecer";"Decrescente";"Céu Claro";"Múltipla";"Reta";"Sim";4;0;2;0;2;0;2;2;-23,44153861;-46,44114554;"SPRF-SP";"DEL01-SP";"UOP01-DEL01-SP"
105729;2018-01-23;"terça-feira";"18:30:00";"PA";308;151;"CAPANEMA";"Ingestão de Álcool";"Colisão lateral";"Com Vítimas Feridas";"Anoitecer";"Crescente";"Nublado";"Simples";"Reta";"Sim";2;0;1;0;1;0;1;2;-1,21064;-47,182743;"SPRF-PA";"DEL01-PA";"UOP03-DEL01-PA"
105731;2018-01-23;"terça-feira";"20:05:00";"SP";116;227;"SAO PAULO";"Falta de Atenção do Pedestre";"Atropelamento de Pedestre";"Com Vítimas Feridas";"Plena Noite";"Crescente";"Nublado";"Múltipla";"Reta";"Sim";2;0;2;0;0;0;2;2;-23,50232127;-46,56552172;"SPRF-SP";"DEL01-SP";"UOP01-DEL01-SP"
105732;2018-01-23;"terça-feira";"19:40:00";"MG";381;794,5;"SAO GONCALO DO SAPUCAI";"Pista Escorregadia";"Saída de leito carroçável";"Sem Vítimas";"Anoitecer";"Crescente";"Chuva";"Dupla";"Reta";"Não";5;0;0;0;5;0;0;1;-21,90866858;-45,56938469;"SPRF-MG";"DEL16-MG";"UOP02-DEL16-MG"
105733;2018-01-23;"terça-feira";"19:20:00";"PR";277;75;"SAO JOSE DOS PINHAIS";"Falta de Atenção do Pedestre";"Atropelamento de Pedestre";"Com Vítimas Feridas";"Pleno dia";"Decrescente";"Nublado";"Simples";"Reta";"Sim";2;0;0;1;1;0;1;2;-25,5307;-49,1958;"SPRF-PR";"DEL01-PR";"UOP07-DEL01-PR"
105734;2018-01-23;"terça-feira";"20:00:00";"PR";116;17;"ANTONINA";"Falta de Atenção à Condução";"Capotamento";"Sem Vítimas";"Plena Noite";"Decrescente";"Chuva";"Dupla";"Curva";"Não";1;0;0;0;1;0;0;1;-25,09927945;-48,66102219;"SPRF-PR";"DEL01-PR";"UOP02-DEL01-PR"
105735;2018-01-23;"terça-feira";"18:15:00";"RS";153;45;"ERECHIM";"Falta de Atenção à Condução";"Colisão transversal";"Com Vítimas Feridas";"Pleno dia";"Decrescente";"Garoa/Chuvisco";"Simples";"Rotatória";"Sim";2;0;1;0;1;0;1;2;-27,64251651;-52,24522842;"SPRF-RS";"DEL08-RS";"UOP04-DEL08-RS"
105738;2018-01-23;"terça-feira";"22:50:00";"PR";369;194;"ARAPONGAS";"Falta de Atenção à Condução";"Colisão traseira";"Com Vítimas Feridas";"Plena Noite";"Crescente";"Céu Claro";"Múltipla";"Reta";"Não";1;0;1;0;0;0;1;1;-23,41991;-51,424873;"SPRF-PR";"DEL07-PR";"UOP03-DEL07-PR"
105739;2018-01-23;"terça-feira";"22:40:00";"PR";467;97;"CASCAVEL";"Velocidade Incompatível";"Capotamento";"Com Vítimas Feridas";"Plena Noite";"Crescente";"Céu Claro";"Dupla";"Reta";"Não";2;0;2;0;0;0;2;1;-24,88150082;-53,55969004;"SPRF-PR";"DEL04-PR";"UOP05-DEL05-PR"
105740;2018-01-23;"terça-feira";"23:00:00";"SP";116;269;"TABOAO DA SERRA";"Falta de Atenção à Condução";"Colisão lateral";"Com Vítimas Feridas";"Plena Noite";"Crescente";"Céu Claro";"Múltipla";"Interseção de Vias";"Sim";2;0;1;0;1;0;1;2;-23,60866123;-46,75807267;"SPRF-SP";"DEL04-SP";"UOP01-DEL04-SP"
105742;2018-01-23;"terça-feira";"22:25:00";"SC";101;138,5;"BALNEARIO CAMBORIU";"Defeito Mecânico no Veículo";"Colisão com objeto estático";"Com Vítimas Feridas";"Plena Noite";"Crescente";"Chuva";"Dupla";"Reta";"Sim";1;0;1;0;0;0;1;1;-27,02800701;-48,60624798;"SPRF-SC";"DEL04-SC";"UOP03-DEL04-SC"
105744;2018-01-23;"terça-feira";"20:00:00";"AP";156;345;"FERREIRA GOMES";"Desobediência às normas de trânsito pelo condutor";"Colisão transversal";"Com Vítimas Feridas";"Plena Noite";"Crescente";"Céu Claro";"Dupla";"Reta";"Não";8;0;0;1;7;0;1;3;0,649127;-51,337814;"SPRF-AP";"DEL01-AP";"UOP01-DEL01-AP"
105745;2018-01-23;"terça-feira";"23:00:00";"RS";472;631;"BARRA DO QUARAI";"Animais na Pista";"Atropelamento de Animal";"Sem Vítimas";"Plena Noite";"Decrescente";"Nublado";"Simples";"Reta";"Não";1;0;0;0;1;0;0;1;-30,2098;-57,5561;"SPRF-RS";"DEL13-RS";"UOP01-DEL13-RS"
105751;2018-01-23;"terça-feira";"19:20:00";"RR";174;507;"BOA VISTA";"Falta de Atenção à Condução";"Colisão lateral";"Com Vítimas Feridas";"Plena Noite";"Crescente";"Céu Claro";"Dupla";"Reta";"Sim";3;0;2;0;1;0;2;2;2,823575;-60,695906;"SPRF-RR";"DEL01-RR";"UOP01-DEL01-RR"
105752;2018-01-23;"terça-feira";"16:35:00";"SC";116;267;"CAPAO ALTO";"Falta de Atenção à Condução";"Colisão transversal";"Com Vítimas Feridas";"Pleno dia";"Decrescente";"Céu Claro";"Simples";"Interseção de Vias";"Não";3;0;1;0;2;0;1;2;-27,95642285;-50,48438502;"SPRF-SC";"DEL05-SC";"UOP02-DEL05-SC"
105753;2018-01-23;"terça-feira";"21:30:00";"BA";101;895;"CARAVELAS";"Falta de Atenção à Condução";"Colisão lateral";"Com Vítimas Feridas";"Plena Noite";"Crescente";"Céu Claro";"Simples";"Curva";"Não";2;0;1;0;1;0;1;2;-17,6844;-39,7737;"SPRF-BA";"DEL09-BA";"UOP02-DEL09-BA"
105756;2018-01-23;"terça-feira";"23:20:00";"RS";153;531,9;"CACAPAVA DO SUL";"Animais na Pista";"Atropelamento de Animal";"Sem Vítimas";"Plena Noite";"Crescente";"Nublado";"Simples";"Curva";"Não";1;0;0;0;1;0;0;1;-30,61475062;-53,39713544;"SPRF-RS";"DEL09-RS";"UOP02-DEL09-RS"