"id";"data_inversa";"dia_semana";"horario";"uf";"br";"km";"municipio";"causa_acidente";"tipo_acidente";"classificacao_acidente";"fase_dia";"sentido_via";"condicao_metereologica";"tipo_pista";"tracado_via";"uso_solo";"pessoas";"mortos";"feridos_leves";"feridos_graves";"ilesos";"ignorados";"feridos";"veiculos";"latitude";"longitude";"regional";"delegacia";"uop"
105905;2018-01-24;"quarta-feira";"19:30:00";"RJ";116;193;"QUEIMADOS";"Defeito Mecânico no Veículo";"Capotamento";"Com Vítimas Feridas";"Plena Noite";"Decrescente";"Ignorado";"Dupla";"Curva";"Sim";2;0;1;0;1;0;1;1;-22,739573;-43,528702;"SPRF-RJ";"DEL01-RJ";"UOP03-DEL01-RJ"
105907;2018-01-24;"quarta-feira";"16:50:00";"PR";277;720;"FOZ DO IGUACU";"Velocidade Incompatível";"Saída de leito carroçável";"Sem Vítimas";"Pleno dia";"Decrescente";"Nublado";"Dupla";"Reta";"Sim";1;0;0;0;1;0;0;1;-25,487492;-54,503212;"SPRF-PR";"DEL05-PR";"UOP01-DEL05-PR"
105908;2018-01-24;"quarta-feira";"15:30:00";"GO";158;265;"JATAI";"Falta de Atenção à Condução";"Saída de leito carroçável";"Sem Vítimas";"Pleno dia";"Crescente";"Céu Claro";"Simples";"Reta";"Não";1;0;0;0;0;1;0;1;-17,84422146;-51,74318075;"SPRF-GO";"DEL05-GO";"UOP01-DEL05-GO"
105910;2018-01-24;"quarta-feira";"19:30:00";"SP";116;565;"BARRA DO TURVO";"Velocidade Incompatível";"Colisão com objeto estático";"Com Vítimas Feridas";"Anoitecer";"Crescente";"Chuva";"Dupla";"Curva;Declive";"Não";1;0;1;0;0;0;1;1;-24,756866;-48,50514;"SPRF-SP";"DEL05-SP";"UOP02-DEL05-SP"
105911;2018-01-24;"quarta-feira";"20:00:00";"RS";386;161,6;"ALMIRANTE TAMANDARE DO SUL";"Velocidade Incompatível";"Saída de leito carroçável";"Sem Vítimas";"Anoitecer";"Decrescente";"Chuva";"Simples";"Curva";"Não";1;0;0;0;1;0;0;1;-28,17000132;-52,83582218;"SPRF-RS";"DEL08-RS";"UOP01-DEL08-RS"
105912;2018-01-24;"quarta-feira";"20:45:00";"GO";153;134,6;"ESTRELA DO NORTE";"Falta de Atenção à Condução";"Saída de leito carroçável";"Sem Vítimas";"Plena Noite";"Crescente";"Céu Claro";"Simples";"Reta";"Não";1;0;0;0;1;0;0;1;-13,94683211;-49,08303436;"SPRF-GO";"DEL07-GO";"UOP01-DEL07-GO"
105913;2018-01-24;"quarta-feira";"19:25:00";"SC";101;208,2;"SAO JOSE";"Ingestão de Álcool";"Colisão traseira";"Sem Vítimas";"Plena Noite";"Decrescente";"Chuva";"Dupla";"Reta";"Sim";3;0;0;0;3;0;0;3;-27,60876173;-48,63744175;"SPRF-SC";"DEL01-SC";"UOP01-DEL01-SC"
105914;2018-01-24;"quarta-feira";"20:08:00";"GO";40;24;"LUZIANIA";"Falta de Atenção à Condução";"Queda de ocupante de veículo";"Com Vítimas Feridas";"Plena Noite";"Decrescente";"Céu Claro";"Dupla";"Interseção de Vias";"Sim";1;0;1;0;0;0;1;1;-16,24491913;-47,90665627;"SPRF-DF";"DEL01-DF";"UOP01-DEL01-DF"
105915;2018-01-24;"quarta-feira";"20:50:00";"PR";277;26;"MORRETES";"Falta de Atenção à Condução";"Saída de leito carroçável";"Sem Vítimas";"Plena Noite";"Crescente";"Chuva";"Dupla";"Reta";"Não";1;0;0;0;1;0;0;1;-25,53723337;-48,76703382;"SPRF-PR";"DEL01-PR";"UOP05-DEL01-PR"
105924;2018-01-24;"quarta-feira";"20:00:00";"PR";116;39;"CAMPINA GRANDE DO SUL";"Velocidade Incompatível";"Capotamento";"Sem Vítimas";"Plena Noite";"Crescente";"Chuva";"Dupla";"Curva";"Não";1;0;0;0;1;0;0;1;-25,156248;-48,86134;"SPRF-PR";"DEL01-PR";"UOP02-DEL01-PR"
105926;2018-01-24;"quarta-feira";"20:25:00";"MG";251;505;"FRANCISCO SA";"Defeito na Via";"Queda de ocupante de veículo";"Com Vítimas Feridas";"Plena Noite";"Crescente";"Céu Claro";"Simples";"Reta";"Não";2;0;2;0;0;0;2;1;-16,6164;-43,6674;"SPRF-MG";"DEL12-MG";"UOP01-DEL12-MG"
105929;2018-01-24;"quarta-feira";"20:30:00";"PB";101;69,1;"SANTA RITA";"Velocidade Incompatível";"Capotamento";"Sem Vítimas";"Plena Noite";"Decrescente";"Céu Claro";"Dupla";"Retorno Regulamentado";"Não";2;0;0;0;2;0;0;1;-7,06561996;-35,00882009;"SPRF-PB";"DEL01-PB";"UOP04-DEL01-PB"
105930;2018-01-24;"quarta-feira";"20:40:00";"BA";415;49,6;"ITABUNA";"Animais na Pista";"Atropelamento de Animal";"Com Vítimas Feridas";"Plena Noite";"Crescente";"Chuva";"Simples";"Reta";"Sim";1;0;1;0;0;0;1;1;-14,825406;-39,313065;"SPRF-BA";"DEL05-BA";"UOP01-DEL05-BA"
105931;2018-01-24;"quarta-feira";"16:30:00";"PR";277;33,3;"MORRETES";"Pista Escorregadia";"Saída de leito carroçável";"Sem Vítimas";"Pleno dia";"Decrescente";"Chuva";"Dupla";"Curva";"Não";1;0;0;0;1;0;0;1;-25,56753009;-48,8129425;"SPRF-PR";"DEL01-PR";"UOP05-DEL01-PR"
105935;2018-01-24;"quarta-feira";"21:30:00";"SC";101;235,1;"PALHOCA";"Velocidade Incompatível";"Saída de leito carroçável";"Sem Vítimas";"Plena Noite";"Decrescente";"Chuva";"Dupla";"Reta";"Não";1;0;0;0;1;0;0;1;-27,8261115;-48,63012978;"SPRF-SC";"DEL01-SC";"UOP02-DEL01-SC"
105938;2018-01-24;"quarta-feira";"19:20:00";"SP";116;565;"BARRA DO TURVO";"Pista Escorregadia";"Colisão com objeto estático";"Sem Vítimas";"Anoitecer";"Crescente";"Garoa/Chuvisco";"Simples";"Declive;Curva";"Não";1;0;0;0;0;1;0;1;-25,0364735;-48,54618316;"SPRF-SP";"DEL05-SP";"UOP02-DEL05-SP"
105939;2018-01-24;"quarta-feira";"18:00:00";"MG";267;57,9;"GUARARA";"Defeito na Via";"Queda de ocupante de veículo";"Com Vítimas Feridas";"Pleno dia";"Decrescente";"Céu Claro";"Simples";"Reta";"Sim";1;0;1;0;0;0;1;1;-21,72695091;-43,04944512;"SPRF-MG";"DEL07-MG";"UOP01-DEL07-MG"
105941;2018-01-24;"quarta-feira";"18:00:00";"RO";421;32;"MONTE NEGRO";"Defeito na Via";"Saída de leito carroçável";"Com Vítimas Feridas";"Pleno dia";"Decrescente";"Céu Claro";"Simples";"Reta";"Não";2;0;2;0;0;0;2;1;-10,130573;-63,232151;"SPRF-RO";"DEL03-RO";"DEL21/3-UOP04/RO"
105942;2018-01-24;"quarta-feira";"18:00:00";"SP";116;280,9;"EMBU DAS ARTES";"Não guardar distância de segurança";"Colisão lateral";"Com Vítimas Feridas";"Pleno dia";"Crescente";"Nublado";"Dupla";"Reta";"Sim";2;0;1;0;1;0;1;2;-23,65334959;-46,84850335;"SPRF-SP";"DEL04-SP";"UOP01-DEL04-SP"
105944;2018-01-24;"quarta-feira";"22:45:00";"SC";101;335;"TUBARAO";"Ingestão de Álcool";"Colisão transversal";"Com Vítimas Feridas";"Plena Noite";"Decrescente";"Céu Claro";"Simples";"Interseção de Vias";"Não";2;0;1;0;1;0;1;2;-28,4745;-49,0267;"SPRF-SC";"DEL02-SC";"UOP01-DEL02-SC"
105946;2018-01-24;"quarta-feira";"19:50:00";"TO";153;150,7;"ARAGUAINA";"Avarias e/ou desgaste excessivo no pneu";"Saída de leito carroçável";"Com Vítimas Feridas";"Plena Noite";"Crescente";"Céu Claro";"Simples";"Reta";"Não";2;0;2;0;0;0;2;1;-7,254268;-48,258098;"SPRF-TO";"DEL02-TO";"UOP01-DEL02-TO"
105947;2018-01-09;"terça-feira";"13:00:00";"CE";116;11,4;"FORTALEZA";"Ultrapassagem Indevida";"Colisão frontal";"Com Vítimas Feridas";"Pleno dia";"Crescente";"Céu Claro";"Simples";"Aclive";"Sim";2;0;1;0;1;0;1;2;-3,85033872;-38,4956485;"SPRF-CE";"DEL01-CE";"UOP02-DEL01-CE"
105948;2018-01-24;"quarta-feira";"22:00:00";"CE";402;300,2;"UMIRIM";"Falta de Atenção à Condução";"Colisão com objeto em movimento";"Com Vítimas Fatais";"Plena Noite";"Decrescente";"Nublado";"Simples";"Reta";"Não";2;1;0;0;0;1;0;2;-3,6776175;-39,350597;"SPRF-CE";"DEL01-CE";"UOP03-DEL01-CE"
105951;2018-01-25;"quinta-feira";"00:40:00";"MG";381;560;"ITAGUARA";"Falta de Atenção à Condução";"Queda de ocupante de veículo";"Com Vítimas Feridas";"Plena Noite";"Decrescente";"Chuva";"Dupla";"Reta";"Não";1;0;1;0;0;0;1;1;-20,3723;-44,4692;"SPRF-MG";"DEL04-MG";"UOP03-DEL04-MG"
105952;2018-01-25;"quinta-feira";"00:25:00";"RJ";101;479;"ANGRA DOS REIS";"Ingestão de Álcool";"Capotamento";"Com Vítimas Feridas";"Plena Noite";"Crescente";"Céu Claro";"Simples";"Curva";"Não";2;0;1;1;0;0;2;1;-23,01366483;-44,28594232;"SPRF-RJ";"DEL03-RJ";"UOP03-DEL03-RJ"
105953;2018-01-25;"quinta-feira";"00:30:00";"SC";282;1;"FLORIANOPOLIS";"Falta de Atenção do Pedestre";"Atropelamento de Pedestre";"Com Vítimas Fatais";"Plena Noite";"Decrescente";"Nublado";"Dupla";"Reta";"Sim";4;1;0;0;2;1;0;2;-27,602955;-48,580509;"SPRF-SC";"DEL01-SC";"UOP01-DEL01-SC"
105954;2018-01-24;"quarta-feira";"23:05:00";"SP";153;213,2;"GUAIMBE";"Pista Escorregadia";"Colisão com objeto estático";"Sem Vítimas";"Plena Noite";"Decrescente";"Chuva";"Simples";"Reta";"Não";2;0;0;0;2;0;0;1;-21,93696699;-49,91962754;"SPRF-SP";"DEL07-SP";"UOP02-DEL07-SP"
105956;2018-01-25;"quinta-feira";"01:20:00";"SC";470;42;"GASPAR";"Ingestão de Álcool";"Saída de leito carroçável";"Sem Vítimas";"Plena Noite";"Decrescente";"Nublado";"Simples";"Reta";"Não";1;0;0;0;1;0;0;1;-26,89918466;-48,98510545;"SPRF-SC";"DEL04-SC";"UOP01-DEL04-SC"
105958;2018-01-25;"quinta-feira";"02:40:00";"RJ";101;300;"SAO GONCALO";"Não guardar distância de segurança";"Colisão traseira";"Com Vítimas Feridas";"Plena Noite";"Decrescente";"Céu Claro";"Dupla";"Reta";"Sim";4;0;2;1;1;0;3;2;-22,776459;-42,947842;"SPRF-RJ";"DEL02-RJ";"DEL5/2-UOP04/RJ"
105960;2018-01-25;"quinta-feira";"02:40:00";"ES";101;131,1;"LINHARES";"Condutor Dormindo";"Saída de leito carroçável";"Com Vítimas Fatais";"Plena Noite";"Decrescente";"Céu Claro";"Simples";"Reta";"Não";1;1;0;0;0;0;0;1;-19,39159;-40,072563;"SPRF-ES";"DEL04-ES";"UOP01-DEL04-ES"
105961;2018-01-25;"quinta-feira";"03:20:00";"GO";60;47,7;"ABADIANIA";"Pista Escorregadia";"Capotamento";"Sem Vítimas";"Plena Noite";"Crescente";"Chuva";"Dupla";"Curva";"Não";1;0;0;0;1;0;0;1;-16,149861;-48,610697;"SPRF-GO";"DEL02-GO";"UOP01-DEL02-GO"
105966;2018-01-25;"quinta-feira";"04:15:00";"SP";116;279;"EMBU DAS ARTES";"Falta de Atenção do Pedestre";"Atropelamento de Pedestre";"Com Vítimas Feridas";"Plena Noite";"Crescente";"Céu Claro";"Dupla";"Reta";"Sim";2;0;1;0;1;0;1;2;-23,63943311;-46,8355751;"SPRF-SP";"DEL04-SP";"UOP01-DEL04-SP"
105967;2018-01-25;"quinta-feira";"03:30:00";"SE";101;106;"SAO CRISTOVAO";"Animais na Pista";"Atropelamento de Animal";"Sem Vítimas";"Plena Noite";"Crescente";"Céu Claro";"Dupla";"Reta";"Não";1;0;0;0;1;0;0;1;-10,9616;-37,2572;"SPRF-SE";"DEL02-SE";"UOP01-DEL02-SE"
105970;2018-01-25;"quinta-feira";"05:30:00";"DF";70;8;"BRASILIA";"Falta de Atenção à Condução";"Tombamento";"Sem Vítimas";"Amanhecer";"Decrescente";"Chuva";"Dupla";"Reta";"Não";1;0;0;0;1;0;0;1;-15,784966;-48,122108;"SPRF-DF";"DEL01-DF";"UOP02-DEL03-DF"
105972;2018-01-25;"quinta-feira";"05:10:00";"PR";116;127,8;"FAZENDA RIO GRANDE";"Falta de Atenção à Condução";"Colisão lateral";"Com Vítimas Feridas";"Plena Noite";"Decrescente";"Céu Claro";"Dupla";"Reta";"Sim";2;0;1;0;1;0;1;2;-25,65520215;-49,31204796;"SPRF-PR";"DEL01-PR";"UOP03-DEL01-PR"
105973;2018-01-25;"quinta-feira";"04:50:00";"SC";101;209;"SAO JOSE";"Falta de Atenção do Pedestre";"Atropelamento de Pedestre";"Com Vítimas Fatais";"Plena Noite";"Crescente";"Céu Claro";"Dupla";"Reta";"Sim";2;1;0;0;0;1;0;2;-27,60643142;-48,63538027;"SPRF-SC";"DEL01-SC";"UOP01-DEL01-SC"
105977;2018-01-25;"quinta-feira";"02:40:00";"SC";282;536,4;"CHAPECO";"Ingestão de Álcool";"Saída de leito carroçável";"Sem Vítimas";"Plena Noite";"Crescente";"Nublado";"Simples";"Reta";"Não";1;0;0;0;1;0;0;1;-27,00053228;-52,65714347;"SPRF-SC";"DEL07-SC";"UOP01-DEL07-SC"
105978;2018-01-25;"quinta-feira";"06:22:00";"GO";153;667,4;"GOIATUBA";"Animais na Pista";"Queda de ocupante de veículo";"Com Vítimas Feridas";"Plena Noite";"Crescente";"Céu Claro";"Dupla";"Curva";"Não";1;0;1;0;0;0;1;1;-18,11155157;-49,27780151;"SPRF-GO";"DEL03-GO";"UOP02-DEL03-GO"
105979;2018-01-25;"quinta-feira";"07:20:00";"SC";101;133;"BALNEARIO CAMBORIU";"Defeito Mecânico no Veículo";"Colisão com objeto estático";"Sem Vítimas";"Pleno dia";"Crescente";"Nublado";"Simples";"Reta";"Sim";1;0;0;0;1;0;0;1;-27,0021;-48,6362;"SPRF-SC";"DEL04-SC";"UOP03-DEL04-SC"
105982;2018-01-25;"quinta-feira";"06:30:00";"SE";235;6;"NOSSA SENHORA DO SOCORRO";"Falta de Atenção à Condução";"Colisão traseira";"Com Vítimas Feridas";"Pleno dia";"Decrescente";"Sol";"Dupla";"Reta";"Sim";5;0;1;0;4;0;1;5;-10,903851;-37,128677;"SPRF-SE";"DEL01-SE";"UOP01-DEL01-SE"
105985;2018-01-25;"quinta-feira";"07:30:00";"SC";280;31;"ARAQUARI";"Falta de Atenção à Condução";"Colisão transversal";"Com Vítimas Feridas";"Pleno dia";"Crescente";"Nublado";"Simples";"Reta";"Sim";2;0;2;0;0;0;2;2;-26,41691223;-48,77343524;"SPRF-SC";"DEL03-SC";"UOP03-DEL03-SC"
105986;2018-01-25;"quinta-feira";"06:00:00";"PB";230;22;"JOAO PESSOA";"Falta de Atenção à Condução";"Queda de ocupante de veículo";"Com Vítimas Feridas";"Pleno dia";"Decrescente";"Céu Claro";"Dupla";"Reta";"Sim";1;0;0;1;0;0;1;1;-7,15087094;-34,85259742;"SPRF-PB";"DEL01-PB";"UOP01-DEL01-PB"
105988;2018-01-25;"quinta-feira";"07:49:00";"PR";277;590;"CASCAVEL";"Falta de Atenção à Condução";"Colisão transversal";"Com Vítimas Feridas";"Pleno dia";"Decrescente";"Céu Claro";"Simples";"Reta";"Sim";2;0;1;0;1;0;1;2;-24,98144894;-53,45601512;"SPRF-PR";"DEL04-PR";"UOP01-DEL04-PR"
105991;2018-01-25;"quinta-feira";"06:50:00";"ES";259;49;"COLATINA";"Desobediência às normas de trânsito pelo condutor";"Colisão transversal";"Com Vítimas Feridas";"Amanhecer";"Crescente";"Sol";"Simples";"Interseção de Vias";"Sim";3;0;3;0;0;0;3;2;-19,51275294;-40,60394526;"SPRF-ES";"DEL02-ES";"UOP01-DEL02-ES"
105992;2018-01-25;"quinta-feira";"05:40:00";"ES";259;48,1;"COLATINA";"Falta de Atenção à Condução";"Queda de ocupante de veículo";"Com Vítimas Feridas";"Pleno dia";"Decrescente";"Sol";"Simples";"Reta";"Sim";1;0;1;0;0;0;1;1;-19,52186234;-40,59365179;"SPRF-ES";"DEL02-ES";"UOP01-DEL02-ES"
105994;2018-01-25;"quinta-feira";"07:40:00";"SP";153;72,9;"SAO JOSE DO RIO PRETO";"Falta de Atenção à Condução";"Colisão transversal";"Com Vítimas Feridas";"Pleno dia";"Decrescente";"Nublado";"Simples";"Interseção de Vias;Reta;Rotatória";"Não";2;0;0;1;1;0;1;2;-20,87544848;-49,4195348;"SPRF-SP";"DEL09-SP";"UOP01-DEL09-SP"
105996;2018-01-25;"quinta-feira";"07:45:00";"SP";116;283;"EMBU DAS ARTES";"Falta de Atenção à Condução";"Colisão traseira";"Com Vítimas Feridas";"Pleno dia";"Crescente";"Céu Claro";"Dupla";"Reta";"Sim";2;0;1;0;1;0;1;2;-23,649368;-46,852623;"SPRF-SP";"DEL04-SP";"UOP01-DEL04-SP"
106000;2018-01-25;"quinta-feira";"07:00:00";"PB";101;122,6;"CAAPORA";"Falta de Atenção à Condução";"Saída de leito carroçável";"Sem Vítimas";"Pleno dia";"Crescente";"Céu Claro";"Dupla";"Curva";"Não";4;0;0;0;4;0;0;1;-7,45800714;-34,98064041;"SPRF-PB";"DEL01-PB";"UOP01-DEL01-PB"
106002;2018-01-25;"quinta-feira";"06:00:00";"MT";158;720;"BARRA DO GARCAS";"Falta de Atenção à Condução";"Saída de leito carroçável";"Sem Vítimas";"Amanhecer";"Decrescente";"Nublado";"Simples";"Reta";"Não";1;0;0;0;1;0;0;1;-15,893;-52,2599;"SPRF-MT";"DEL07-MT";"UOP01-DEL07-MT"
106003;2018-01-21;"domingo";"16:00:00";"SC";101;138;"BALNEARIO CAMBORIU";"Ingestão de Álcool";"Colisão traseira";"Sem Vítimas";"Pleno dia";"Crescente";"Nublado";"Dupla";"Reta";"Não";2;0;0;0;2;0;0;2;-27,02347166;-48,60770792;"SPRF-SC";"DEL04-SC";"UOP03-DEL04-SC"
106004;2018-01-22;"segunda-feira";"05:30:00";"MG";381;238,7;"SANTANA DO PARAISO";"Desobediência às normas de trânsito pelo condutor";"Colisão frontal";"Com Vítimas Fatais";"Amanhecer";"Crescente";"Céu Claro";"Simples";"Curva";"Não";2;1;0;0;1;0;0;2;-19,3735735;-42,46100754;"SPRF-MG";"DEL06-MG";"UOP01-DEL06-MG"
106007;2018-01-25;"quinta-feira";"08:00:00";"PB";230;150;"CAMPINA GRANDE";"Falta de Atenção à Condução";"Colisão traseira";"Sem Vítimas";"Pleno dia";"Decrescente";"Céu Claro";"Dupla";"Reta";"Não";2;0;0;0;2;0;0;2;-7,24787652;-35,87141275;"SPRF-PB";"DEL02-PB";"UOP01-DEL02-PB"
106009;2018-01-25;"quinta-feira";"07:30:00";"MT";70;622;"POCONE";"Ultrapassagem Indevida";"Saída de leito carroçável";"Com Vítimas Feridas";"Pleno dia";"Crescente";"Céu Claro";"Simples";"Reta";"Não";1;0;1;0;0;0;1;1;-15,899888;-56,898018;"SPRF-MT";"DEL03-MT";"UOP02-DEL03-MT"
106011;2018-01-25;"quinta-feira";"08:30:00";"SC";101;298;"LAGUNA";"Ingestão de Álcool";"Colisão traseira";"Com Vítimas Feridas";"Pleno dia";"Decrescente";"Sol";"Múltipla";"Reta";"Sim";2;0;1;0;1;0;1;2;-28,37750618;-48,764534;"SPRF-SC";"DEL02-SC";"UOP03-DEL02-SC"
106012;2018-01-25;"quinta-feira";"09:35:00";"MG";116;767,1;"LEOPOLDINA";"Falta de Atenção à Condução";"Colisão lateral";"Com Vítimas Feridas";"Pleno dia";"Crescente";"Céu Claro";"Simples";"Reta";"Não";2;0;1;0;1;0;1;2;-21,532427;-42,64342;"SPRF-MG";"DEL07-MG";"UOP01-DEL07-MG"
106014;2018-01-25;"quinta-feira";"09:10:00";"RS";392;46;"RIO GRANDE";"Animais na Pista";"Atropelamento de Animal";"Sem Vítimas";"Pleno dia";"Decrescente";"Céu Claro";"Dupla";"Reta";"Não";1;0;0;0;1;0;0;1;-31,912077;-52,315731;"SPRF-RS";"DEL07-RS";"UOP02-DEL07-RS"
106015;2018-01-25;"quinta-feira";"09:40:00";"SC";101;200,8;"SAO JOSE";"Falta de Atenção à Condução";"Colisão traseira";"Com Vítimas Feridas";"Pleno dia";"Crescente";"Céu Claro";"Múltipla";"Reta";"Sim";2;0;1;0;1;0;1;2;-27,54171299;-48,62181361;"SPRF-SC";"DEL01-SC";"UOP01-DEL01-SC"
106017;2018-01-25;"quinta-feira";"09:20:00";"RS";116;512;"PELOTAS";"Condutor Dormindo";"Saída de leito carroçável";"Sem Vítimas";"Pleno dia";"Decrescente";"Céu Claro";"Dupla";"Reta;Declive";"Não";1;0;0;0;1;0;0;1;-31,772423;-52,34297;"SPRF-RS";"DEL07-RS";"UOP01-DEL07-RS"
106019;2018-01-25;"quinta-feira";"09:00:00";"MG";50;79;"UBERLANDIA";"Defeito Mecânico no Veículo";"Queda de ocupante de veículo";"Com Vítimas Feridas";"Pleno dia";"Crescente";"Céu Claro";"Dupla";"Reta";"Não";2;0;2;0;0;0;2;1;-19,31114336;-48,42018127;"SPRF-MG";"DEL15-MG";"UOP01-DEL15-MG"
106022;2018-01-23;"terça-feira";"20:00:00";"PR";476;255,5;"ANTONIO OLINTO";"Defeito na Via";"Colisão transversal";"Com Vítimas Feridas";"Pleno dia";"Decrescente";"Chuva";"Simples";"Curva";"Não";2;0;0;2;0;0;2;2;-25,88983414;-50,2072084;"SPRF-PR";"DEL02-PR";"UOP04-DEL02-PR"
106024;2018-01-25;"quinta-feira";"09:00:00";"MA";10;179,9;"CAMPESTRE DO MARANHAO";"Ingestão de Álcool";"Colisão transversal";"Com Vítimas Feridas";"Pleno dia";"Decrescente";"Céu Claro";"Simples";"Reta";"Sim";2;0;0;1;1;0;1;2;-6,15442761;-47,36861685;"SPRF-MA";"DEL04-MA";"UOP01-DEL04-MA"
106027;2018-01-25;"quinta-feira";"09:00:00";"SC";470;184,1;"POUSO REDONDO";"Pista Escorregadia";"Saída de leito carroçável";"Com Vítimas Feridas";"Pleno dia";"Decrescente";"Nublado";"Simples";"Curva";"Não";1;0;1;0;0;0;1;1;-27,2523405;-50,01362801;"SPRF-SC";"DEL04-SC";"UOP02-DEL04-SC"
106028;2018-01-25;"quinta-feira";"09:05:00";"SC";470;184,1;"POUSO REDONDO";"Pista Escorregadia";"Saída de leito carroçável";"Com Vítimas Feridas";"Pleno dia";"Decrescente";"Nublado";"Simples";"Curva";"Não";1;0;1;0;0;0;1;1;-27,25245496;-50,01242638;"SPRF-SC";"DEL04-SC";"UOP02-DEL04-SC"
106029;2018-01-25;"quinta-feira";"11:00:00";"SC";470;66;"INDAIAL";"Falta de Atenção à Condução";"Colisão transversal";"Com Vítimas Feridas";"Pleno dia";"Decrescente";"Céu Claro";"Simples";"Reta";"Sim";2;0;1;0;1;0;1;2;-26,87004716;-49,2015034;"SPRF-SC";"DEL04-SC";"UOP01-DEL04-SC"
106032;2018-01-25;"quinta-feira";"09:30:00";"BA";415;23;"ILHEUS";"Falta de Atenção à Condução";"Colisão frontal";"Sem Vítimas";"Pleno dia";"Crescente";"Céu Claro";"Simples";"Reta";"Sim";2;0;0;0;2;0;0;2;-14,7972;-39,0344;"SPRF-BA";"DEL05-BA";"UOP01-DEL05-BA"
106039;2018-01-25;"quinta-feira";"11:45:00";"GO";60;101;"ANAPOLIS";"Falta de Atenção à Condução";"Colisão lateral";"Sem Vítimas";"Pleno dia";"Crescente";"Nublado";"Dupla";"Reta";"Sim";2;0;0;0;2;0;0;2;-16,403548;-48,97864;"SPRF-GO";"DEL02-GO";"UOP01-DEL02-GO"
106042;2018-01-25;"quinta-feira";"08:40:00";"RO";364;570;"ITAPUA DO OESTE";"Falta de Atenção à Condução";"Saída de leito carroçável";"Com Vítimas Feridas";"Pleno dia";"Decrescente";"Nublado";"Simples";"Curva";"Não";3;0;2;0;1;0;2;1;-9,480047;-63,101891;"SPRF-RO";"DEL03-RO";"UOP04-DEL01-RO"
106044;2018-01-25;"quinta-feira";"12:45:00";"SP";116;372;"MIRACATU";"Falta de Atenção à Condução";"Colisão com objeto estático";"Sem Vítimas";"Pleno dia";"Crescente";"Nublado";"Dupla";"Reta";"Não";1;0;0;0;1;0;0;1;-24,16378718;-47,33101398;"SPRF-SP";"DEL04-SP";"UOP02-DEL04-SP"
106046;2018-01-25;"quinta-feira";"11:30:00";"MG";262;73;"MATIPO";"Condutor Dormindo";"Capotamento";"Com Vítimas Feridas";"Pleno dia";"Crescente";"Céu Claro";"Simples";"Curva";"Não";2;0;2;0;0;0;2;1;-20,312191;-42,32449;"SPRF-MG";"DEL06-MG";"UOP03-DEL06-MG"
106048;2018-01-25;"quinta-feira";"12:05:00";"CE";116;64,2;"CHOROZINHO";"Desobediência às normas de trânsito pelo condutor";"Colisão transversal";"Com Vítimas Feridas";"Pleno dia";"Decrescente";"Nublado";"Simples";"Interseção de Vias";"Sim";2;0;1;0;1;0;1;2;-4,29295158;-38,49796325;"SPRF-CE";"DEL03-CE";"UOP02-DEL03-CE"
106049;2018-01-25;"quinta-feira";"13:00:00";"SP";488;0,9;"APARECIDA";"Falta de Atenção à Condução";"Colisão lateral";"Com Vítimas Feridas";"Pleno dia";"Decrescente";"Nublado";"Dupla";"Interseção de Vias";"Sim";2;0;0;1;1;0;1;2;-22,85097604;-45,23224711;"SPRF-SP";"DEL08-SP";"UOP01-DEL08-SP"
106051;2018-01-25;"quinta-feira";"12:10:00";"TO";153;646,6;"DUERE";"Ultrapassagem Indevida";"Colisão frontal";"Com Vítimas Feridas";"Pleno dia";"Crescente";"Garoa/Chuvisco";"Simples";"Reta";"Não";4;0;2;1;1;0;3;2;-11,50572523;-49,00861638;"SPRF-TO";"DEL02-TO";"UOP02-DEL01-TO"
106053;2018-01-25;"quinta-feira";"13:00:00";"DF";60;2;"BRASILIA";"Falta de Atenção à Condução";"Colisão transversal";"Com Vítimas Feridas";"Pleno dia";"Decrescente";"Céu Claro";"Simples";"Reta";"Não";2;0;1;0;1;0;1;2;-15,887383;-48,077988;"SPRF-DF";"DEL01-DF";"UOP01-DEL03-DF"
106054;2018-01-25;"quinta-feira";"08:15:00";"SC";282;494,1;"XANXERE";"Não guardar distância de segurança";"Colisão lateral";"Com Vítimas Feridas";"Pleno dia";"Crescente";"Nublado";"Simples";"Curva";"Não";3;0;2;0;1;0;2;2;-26,87205749;-52,31946606;"SPRF-SC";"DEL07-SC";"UOP01-DEL07-SC"
106056;2018-01-25;"quinta-feira";"13:10:00";"BA";116;383;"LAMARAO";"Não guardar distância de segurança";"Colisão traseira";"Com Vítimas Feridas";"Pleno dia";"Decrescente";"Sol";"Simples";"Reta";"Sim";2;0;1;0;1;0;1;2;-11,78351;-38,90034;"SPRF-BA";"DEL02-BA";"DEL10/2-UOP02/BA"
106057;2018-01-25;"quinta-feira";"07:15:00";"PE";101;95;"CABO DE SANTO AGOSTINHO";"Velocidade Incompatível";"Capotamento";"Sem Vítimas";"Pleno dia";"Decrescente";"Nublado";"Dupla";"Curva";"Não";1;0;0;0;1;0;0;1;-8,2516;-35,0177;"SPRF-PE";"DEL01-PE";"UOP03-DEL01-PE"
106059;2018-01-25;"quinta-feira";"13:30:00";"PE";101;62;"RECIFE";"Falta de Atenção do Pedestre";"Atropelamento de Pedestre";"Com Vítimas Feridas";"Pleno dia";"Decrescente";"Céu Claro";"Dupla";"Reta";"Sim";2;0;1;0;1;0;1;2;-7,996348;-34,939188;"SPRF-PE";"DEL01-PE";"UOP02-DEL01-PE"