"id";"data_inversa";"dia_semana";"horario";"uf";"br";"km";"municipio";"causa_acidente";"tipo_acidente";"classificacao_acidente";"fase_dia";"sentido_via";"condicao_metereologica";"tipo_pista";"tracado_via";"uso_solo";"pessoas";"mortos";"feridos_leves";"feridos_graves";"ilesos";"ignorados";"feridos";"veiculos";"latitude";"longitude";"regional";"delegacia";"uop"
106214;2018-01-26;"sexta-feira";"07:25:00";"SC";282;2;"FLORIANOPOLIS";"Não guardar distância de segurança";"Colisão lateral";"Com Vítimas Feridas";"Pleno dia";"Decrescente";"Nublado";"Dupla";"Reta";"Sim";2;0;1;0;1;0;1;2;-27,603289;-48,590416;"SPRF-SC";"DEL01-SC";"UOP01-DEL01-SC"
106215;2018-01-26;"sexta-feira";"08:00:00";"MG";381;566,7;"ITAGUARA";"Velocidade Incompatível";"Colisão com objeto estático";"Com Vítimas Feridas";"Pleno dia";"Crescente";"Céu Claro";"Dupla";"Curva";"Não";1;0;1;0;0;0;1;1;-20,39949133;-44,50749225;"SPRF-MG";"DEL04-MG";"UOP03-DEL04-MG"
106217;2018-01-26;"sexta-feira";"07:15:00";"GO";50;142,8;"IPAMERI";"Falta de Atenção à Condução";"Saída de leito carroçável";"Com Vítimas Feridas";"Amanhecer";"Crescente";"Chuva";"Dupla";"Reta";"Não";4;0;2;0;2;0;2;1;-17,11031646;-47,72047996;"SPRF-GO";"DEL06-GO";"UOP01-DEL06-GO"
106218;2018-01-26;"sexta-feira";"07:50:00";"GO";60;73;"ABADIANIA";"Ingestão de Álcool";"Queda de ocupante de veículo";"Com Vítimas Feridas";"Pleno dia";"Crescente";"Nublado";"Dupla";"Curva";"Não";1;0;1;0;0;0;1;1;-16,27074414;-48,77031745;"SPRF-GO";"DEL02-GO";"UOP01-DEL02-GO"
106219;2018-01-26;"sexta-feira";"07:10:00";"PE";232;6,3;"RECIFE";"Não guardar distância de segurança";"Colisão traseira";"Sem Vítimas";"Pleno dia";"Decrescente";"Céu Claro";"Dupla";"Reta";"Sim";3;0;0;0;2;1;0;2;-8,0715819;-34,95604749;"SPRF-PE";"DEL01-PE";"UOP01-DEL01-PE"
106220;2018-01-26;"sexta-feira";"06:40:00";"PA";316;12;"MARITUBA";"Desobediência às normas de trânsito pelo condutor";"Colisão traseira";"Com Vítimas Feridas";"Pleno dia";"Crescente";"Céu Claro";"Dupla";"Reta";"Sim";4;0;2;0;1;1;2;3;-1,3556564;-48,34232;"SPRF-PA";"DEL01-PA";"DEL19/1-UOP05/PA"
106222;2018-01-26;"sexta-feira";"08:15:00";"RS";158;333,2;"SANTA MARIA";"Ingestão de Álcool";"Colisão traseira";"Com Vítimas Feridas";"Pleno dia";"Decrescente";"Sol";"Simples";"Rotatória";"Sim";2;0;1;0;1;0;1;2;-29,7071673;-53,85199785;"SPRF-RS";"DEL09-RS";"UOP01-DEL09-RS"
106224;2018-01-26;"sexta-feira";"02:35:00";"RJ";116;106;"GUAPIMIRIM";"Falta de Atenção à Condução";"Tombamento";"Com Vítimas Feridas";"Plena Noite";"Crescente";"Céu Claro";"Simples";"Reta";"Sim";1;0;1;0;0;0;1;1;-22,54637992;-42,9886061;"SPRF-RJ";"DEL04-RJ";"UOP02-DEL04-RJ"
106225;2018-01-26;"sexta-feira";"08:20:00";"DF";40;2,5;"BRASILIA";"Falta de Atenção à Condução";"Colisão traseira";"Com Vítimas Feridas";"Pleno dia";"Crescente";"Nublado";"Dupla";"Retorno Regulamentado";"Sim";3;0;1;0;2;0;1;2;-16,07440339;-47,98537818;"SPRF-DF";"DEL01-DF";"UOP01-DEL01-DF"
106227;2018-01-26;"sexta-feira";"07:20:00";"BA";324;624;"SALVADOR";"Falta de Atenção à Condução";"Colisão traseira";"Com Vítimas Feridas";"Pleno dia";"Crescente";"Céu Claro";"Dupla";"Reta";"Sim";3;0;1;0;2;0;1;2;-12,971561;-38,511154;"SPRF-BA";"DEL01-BA";"UOP01-DEL01-BA"
106228;2018-01-26;"sexta-feira";"07:30:00";"SC";282;64,4;"RANCHO QUEIMADO";"Defeito Mecânico no Veículo";"Incêndio";"Sem Vítimas";"Pleno dia";"Crescente";"Nublado";"Simples";"Reta";"Não";2;0;0;0;2;0;0;1;-27,69567316;-49,05622922;"SPRF-SC";"DEL01-SC";"UOP03-DEL01-SC"
106232;2018-01-06;"sábado";"14:04:00";"GO";364;57,5;"CACHOEIRA ALTA";"Falta de Atenção à Condução";"Colisão transversal";"Com Vítimas Fatais";"Pleno dia";"Crescente";"Nublado";"Dupla";"Reta";"Não";8;2;4;0;1;1;4;3;-18,75446367;-50,93414373;"SPRF-GO";"DEL05-GO";"UOP02-DEL05-GO"
106233;2018-01-26;"sexta-feira";"09:00:00";"SP";116;214;"GUARULHOS";"Falta de Atenção à Condução";"Colisão traseira";"Com Vítimas Feridas";"Pleno dia";"Decrescente";"Nublado";"Múltipla";"Reta";"Sim";5;0;3;0;2;0;3;2;-23,463257;-46,53373;"SPRF-SP";"DEL01-SP";"UOP01-DEL01-SP"
106236;2018-01-26;"sexta-feira";"08:45:00";"GO";40;68;"CRISTALINA";"Pista Escorregadia";"Capotamento";"Sem Vítimas";"Pleno dia";"Decrescente";"Chuva";"Simples";"Reta";"Não";1;0;0;0;1;0;0;1;-16,588668;-47,779562;"SPRF-DF";"DEL01-DF";"UOP02-DEL01-DF"
106240;2018-01-26;"sexta-feira";"07:10:00";"AP";210;7;"MACAPA";"Defeito Mecânico no Veículo";"Colisão traseira";"Com Vítimas Feridas";"Pleno dia";"Crescente";"Nublado";"Dupla";"Retorno Regulamentado";"Não";2;0;1;0;1;0;1;2;0,09820699;-51,11943271;"SPRF-AP";"DEL01-AP";"UOP01-DEL01-AP"
106242;2018-01-26;"sexta-feira";"08:00:00";"PA";316;11;"MARITUBA";"Falta de Atenção à Condução";"Atropelamento de Pedestre";"Com Vítimas Feridas";"Pleno dia";"Decrescente";"Céu Claro";"Dupla";"Reta";"Sim";3;0;1;2;0;0;3;2;-1,36525465;-48,34314555;"SPRF-PA";"DEL01-PA";"DEL19/1-UOP05/PA"
106243;2018-01-26;"sexta-feira";"08:00:00";"BA";116;421;"FEIRA DE SANTANA";"Falta de Atenção à Condução";"Colisão lateral";"Com Vítimas Feridas";"Pleno dia";"Decrescente";"Céu Claro";"Dupla";"Retorno Regulamentado";"Sim";2;0;0;1;1;0;1;2;-12,21812189;-38,96583974;"SPRF-BA";"DEL02-BA";"UOP01-DEL02-BA"
106244;2018-01-26;"sexta-feira";"09:45:00";"MG";50;95;"UBERLANDIA";"Falta de Atenção à Condução";"Saída de leito carroçável";"Com Vítimas Feridas";"Pleno dia";"Crescente";"Nublado";"Dupla";"Reta";"Não";2;0;1;1;0;0;2;1;-19,1029;-48,1806;"SPRF-MG";"DEL15-MG";"UOP01-DEL15-MG"
106245;2018-01-26;"sexta-feira";"08:40:00";"PI";316;356;"CAMPO GRANDE DO PIAUI";"Ingestão de Álcool";"Colisão traseira";"Sem Vítimas";"Pleno dia";"Crescente";"Céu Claro";"Simples";"Reta";"Não";2;0;0;0;1;1;0;2;-7,13107;-41,0362;"SPRF-PI";"DEL04-PI";"UOP03-DEL04-PI"
106248;2018-01-26;"sexta-feira";"08:50:00";"PI";343;296,3;"ALTOS";"Falta de Atenção à Condução";"Colisão transversal";"Com Vítimas Feridas";"Pleno dia";"Decrescente";"Nublado";"Simples";"Reta";"Não";4;0;2;2;0;0;4;2;-4,98475489;-42,3879306;"SPRF-PI";"DEL01-PI";"UOP03-DEL01-PI"
106250;2018-01-26;"sexta-feira";"10:55:00";"PR";476;122;"CURITIBA";"Falta de Atenção à Condução";"Colisão lateral";"Com Vítimas Feridas";"Pleno dia";"Decrescente";"Nublado";"Múltipla";"Reta";"Sim";2;0;1;0;1;0;1;2;-25,35891852;-49,16381836;"SPRF-PR";"DEL01-PR";"UOP01-DEL01-PR"
106253;2018-01-26;"sexta-feira";"07:00:00";"AL";101;190;"JUNQUEIRO";"Falta de Atenção à Condução";"Colisão frontal";"Sem Vítimas";"Amanhecer";"Crescente";"Céu Claro";"Simples";"Declive";"Não";1;0;0;0;0;1;0;1;-9,925714;-36,476135;"SPRF-AL";"DEL02-AL";"UOP02-DEL02-AL"
106254;2018-01-26;"sexta-feira";"10:30:00";"MG";116;694,5;"MURIAE";"Velocidade Incompatível";"Tombamento";"Com Vítimas Feridas";"Pleno dia";"Crescente";"Sol";"Simples";"Curva;Aclive";"Não";1;0;1;0;0;0;1;1;-21,04151357;-42,36666083;"SPRF-MG";"DEL07-MG";"UOP02-DEL07-MG"
106255;2018-01-24;"quarta-feira";"16:25:00";"RN";101;99,2;"PARNAMIRIM";"Não guardar distância de segurança";"Colisão lateral";"Com Vítimas Feridas";"Pleno dia";"Decrescente";"Céu Claro";"Dupla";"Reta";"Sim";2;0;1;0;1;0;1;2;-5,87509115;-35,22173956;"SPRF-RN";"DEL01-RN";"UOP01-DEL01-RN"
106257;2018-01-03;"quarta-feira";"03:30:00";"MG";40;503;"ESMERALDAS";"Falta de Atenção do Pedestre";"Atropelamento de Pedestre";"Com Vítimas Fatais";"Plena Noite";"Crescente";"Chuva";"Dupla";"Reta";"Não";2;1;0;0;1;0;0;2;-19,7353;-44,1505;"SPRF-MG";"DEL02-MG";"UOP01-DEL02-MG"
106258;2018-01-26;"sexta-feira";"10:20:00";"SC";101;332;"TUBARAO";"Animais na Pista";"Colisão traseira";"Sem Vítimas";"Pleno dia";"Decrescente";"Nublado";"Dupla";"Reta";"Sim";2;0;0;0;2;0;0;2;-28,4697275;-49,00211334;"SPRF-SC";"DEL02-SC";"UOP01-DEL02-SC"
106265;2018-01-26;"sexta-feira";"12:00:00";"SC";101;17,6;"JOINVILLE";"Defeito Mecânico no Veículo";"Colisão com objeto estático";"Sem Vítimas";"Pleno dia";"Decrescente";"Chuva";"Dupla";"Reta";"Não";1;0;0;0;1;0;0;1;-26,12448588;-48,88504498;"SPRF-SC";"DEL03-SC";"UOP01-DEL03-SC"
106266;2018-01-26;"sexta-feira";"11:00:00";"SE";101;17,3;"SAO FRANCISCO";"Ultrapassagem Indevida";"Colisão traseira";"Sem Vítimas";"Pleno dia";"Decrescente";"Céu Claro";"Simples";"Reta;Declive";"Não";3;0;0;0;3;0;0;2;-10,33290524;-36,89421415;"SPRF-SE";"DEL02-SE";"UOP02-DEL02-SE"
106269;2018-01-26;"sexta-feira";"11:00:00";"CE";20;422;"MARACANAU";"Falta de Atenção à Condução";"Colisão transversal";"Com Vítimas Feridas";"Pleno dia";"Crescente";"Sol";"Dupla";"Reta";"Sim";2;0;1;0;1;0;1;2;-3,87821;-38,626;"SPRF-CE";"DEL01-CE";"UOP02-DEL01-CE"
106271;2018-01-26;"sexta-feira";"11:00:00";"SC";101;156;"PORTO BELO";"Falta de Atenção à Condução";"Colisão com objeto estático";"Sem Vítimas";"Pleno dia";"Decrescente";"Chuva";"Simples";"Reta";"Sim";1;0;0;0;1;0;0;1;-27,1812;-48,612;"SPRF-SC";"DEL04-SC";"UOP03-DEL04-SC"
106273;2018-01-26;"sexta-feira";"11:10:00";"SP";116;42,2;"CACHOEIRA PAULISTA";"Falta de Atenção à Condução";"Colisão lateral";"Sem Vítimas";"Pleno dia";"Decrescente";"Sol";"Dupla";"Reta";"Não";1;0;0;0;1;0;0;1;-22,69293632;-45,02395619;"SPRF-SP";"DEL08-SP";"UOP02-DEL08-SP"
106274;2018-01-26;"sexta-feira";"12:40:00";"RS";158;329,2;"SANTA MARIA";"Falta de Atenção do Pedestre";"Atropelamento de Pedestre";"Com Vítimas Feridas";"Pleno dia";"Decrescente";"Sol";"Simples";"Ponte";"Sim";3;0;0;1;1;1;1;2;-29,70257772;-53,83586168;"SPRF-RS";"DEL09-RS";"UOP01-DEL09-RS"
106276;2018-01-26;"sexta-feira";"11:15:00";"SP";116;140,5;"SAO JOSE DOS CAMPOS";"Falta de Atenção à Condução";"Engavetamento";"Sem Vítimas";"Pleno dia";"Crescente";"Nublado";"Dupla";"Reta";"Sim";5;0;0;0;5;0;0;4;-23,16792196;-45,8167542;"SPRF-SP";"DEL06-SP";"UOP02-DEL02-SP"
106278;2018-01-26;"sexta-feira";"11:00:00";"PR";277;575;"CASCAVEL";"Não guardar distância de segurança";"Colisão traseira";"Com Vítimas Feridas";"Pleno dia";"Crescente";"Céu Claro";"Simples";"Reta";"Não";3;0;1;0;2;0;1;1;-24,98851349;-53,3253094;"SPRF-PR";"DEL04-PR";"UOP01-DEL04-PR"
106280;2018-01-26;"sexta-feira";"09:50:00";"AC";364;126,1;"RIO BRANCO";"Desobediência às normas de trânsito pelo condutor";"Colisão traseira";"Com Vítimas Feridas";"Pleno dia";"Crescente";"Céu Claro";"Simples";"Reta";"Não";3;0;2;0;0;1;2;2;-10,01301705;-67,80924797;"SPRF-AC";"DEL01-AC";"UOP01-DEL01-AC"
106281;2018-01-26;"sexta-feira";"12:40:00";"SP";116;214;"GUARULHOS";"Velocidade Incompatível";"Colisão com objeto estático";"Com Vítimas Feridas";"Pleno dia";"Decrescente";"Céu Claro";"Múltipla";"Reta";"Não";2;0;2;0;0;0;2;1;-23,463257;-46,53373;"SPRF-SP";"DEL01-SP";"UOP01-DEL01-SP"
106284;2018-01-26;"sexta-feira";"13:55:00";"GO";60;78,7;"ANAPOLIS";"Animais na Pista";"Atropelamento de Animal";"Com Vítimas Feridas";"Pleno dia";"Decrescente";"Nublado";"Dupla";"Curva";"Não";2;0;2;0;0;0;2;1;-16,30480787;-48,82029964;"SPRF-GO";"DEL02-GO";"UOP01-DEL02-GO"
106286;2018-01-26;"sexta-feira";"12:30:00";"PB";230;107,8;"INGA";"Falta de Atenção à Condução";"Colisão com objeto estático";"Com Vítimas Feridas";"Pleno dia";"Decrescente";"Céu Claro";"Dupla";"Curva";"Não";1;0;1;0;0;0;1;1;-7,2039;-35,5389;"SPRF-PB";"DEL01-PB";"UOP03-DEL01-PB"
106288;2018-01-26;"sexta-feira";"14:00:00";"RS";116;241,6;"NOVO HAMBURGO";"Falta de Atenção à Condução";"Colisão transversal";"Com Vítimas Feridas";"Pleno dia";"Crescente";"Céu Claro";"Múltipla";"Interseção de Vias";"Sim";3;0;1;0;1;1;1;3;-29,7443335;-51,1533223;"SPRF-RS";"DEL01-RS";"UOP02-DEL01-RS"
106289;2018-01-26;"sexta-feira";"13:45:00";"SP";116;564;"BARRA DO TURVO";"Falta de Atenção à Condução";"Colisão com objeto estático";"Com Vítimas Feridas";"Pleno dia";"Crescente";"Garoa/Chuvisco";"Simples";"Curva;Aclive";"Não";4;0;1;0;3;0;1;1;-24,756866;-48,50514;"SPRF-SP";"DEL05-SP";"UOP02-DEL05-SP"
106290;2018-01-26;"sexta-feira";"13:55:00";"MG";40;502;"ESMERALDAS";"Avarias e/ou desgaste excessivo no pneu";"Colisão traseira";"Com Vítimas Feridas";"Pleno dia";"Decrescente";"Céu Claro";"Dupla";"Reta";"Não";3;0;3;0;0;0;3;2;-19,7282;-44,1532;"SPRF-MG";"DEL02-MG";"UOP01-DEL02-MG"
106292;2018-01-26;"sexta-feira";"11:30:00";"GO";153;558;"PROFESSOR JAMIL";"Velocidade Incompatível";"Saída de leito carroçável";"Sem Vítimas";"Pleno dia";"Decrescente";"Chuva";"Dupla";"Curva";"Não";1;0;0;0;1;0;0;1;-17,2081;-49,2137;"SPRF-GO";"DEL03-GO";"UOP01-DEL03-GO"
106293;2018-01-26;"sexta-feira";"10:30:00";"SC";280;24,1;"ARAQUARI";"Falta de Atenção à Condução";"Colisão transversal";"Com Vítimas Feridas";"Pleno dia";"Decrescente";"Garoa/Chuvisco";"Simples";"Reta";"Sim";2;0;1;0;1;0;1;2;-26,37788595;-48,72027667;"SPRF-SC";"DEL03-SC";"UOP03-DEL03-SC"
106295;2018-01-26;"sexta-feira";"13:30:00";"MT";163;785;"SORRISO";"Condutor Dormindo";"Saída de leito carroçável";"Sem Vítimas";"Pleno dia";"Crescente";"Nublado";"Simples";"Reta";"Não";1;0;0;0;1;0;0;1;-12,545702;-55,71182;"SPRF-MT";"DEL06-MT";"UOP01-DEL06-MT"
106296;2018-01-26;"sexta-feira";"12:50:00";"PB";230;107,8;"INGA";"Falta de Atenção à Condução";"Colisão traseira";"Com Vítimas Fatais";"Pleno dia";"Decrescente";"Céu Claro";"Dupla";"Curva";"Não";35;1;0;1;33;0;1;2;-7,20232066;-35,55465527;"SPRF-PB";"DEL01-PB";"UOP03-DEL01-PB"
106299;2018-01-06;"sábado";"11:50:00";"SC";101;117;"ITAJAI";"Não guardar distância de segurança";"Colisão traseira";"Com Vítimas Feridas";"Pleno dia";"Crescente";"Céu Claro";"Múltipla";"Viaduto";"Não";2;0;1;0;1;0;1;2;-26,8961;-48,7188;"SPRF-SC";"DEL04-SC";"UOP04-DEL04-SC"
106302;2018-01-26;"sexta-feira";"14:55:00";"RJ";101;64,3;"CAMPOS DOS GOYTACAZES";"Falta de Atenção à Condução";"Colisão transversal";"Com Vítimas Feridas";"Pleno dia";"Crescente";"Céu Claro";"Simples";"Reta";"Sim";2;0;1;0;1;0;1;2;-21,75192162;-41,33934259;"SPRF-RJ";"DEL08-RJ";"UOP02-DEL08-RJ"
106304;2018-01-26;"sexta-feira";"15:00:00";"RJ";393;289;"VOLTA REDONDA";"Desobediência às normas de trânsito pelo condutor";"Colisão transversal";"Com Vítimas Feridas";"Pleno dia";"Decrescente";"Céu Claro";"Dupla";"Interseção de Vias";"Sim";7;0;2;1;4;0;3;3;-22,51689215;-44,10870731;"SPRF-RJ";"DEL05-RJ";"UOP04-DEL05-RJ"
106305;2018-01-26;"sexta-feira";"11:50:00";"MA";135;73,3;"SANTA RITA";"Ultrapassagem Indevida";"Colisão com objeto estático";"Com Vítimas Fatais";"Pleno dia";"Decrescente";"Céu Claro";"Simples";"Declive";"Não";1;1;0;0;0;0;0;1;-3,16776436;-44,33932319;"SPRF-MA";"DEL01-MA";"UOP02-DEL01-MA"
106306;2018-01-26;"sexta-feira";"14:15:00";"SP";116;552;"BARRA DO TURVO";"Velocidade Incompatível";"Tombamento";"Sem Vítimas";"Pleno dia";"Decrescente";"Chuva";"Dupla";"Curva";"Não";5;0;0;0;5;0;0;1;-24,756866;-48,50514;"SPRF-SP";"DEL05-SP";"UOP02-DEL05-SP"
106309;2018-01-26;"sexta-feira";"14:40:00";"AL";101;105,7;"PILAR";"Condutor Dormindo";"Colisão frontal";"Com Vítimas Feridas";"Pleno dia";"Crescente";"Céu Claro";"Simples";"Curva";"Não";3;0;1;0;2;0;1;2;-9,58593962;-35,99777699;"SPRF-AL";"DEL02-AL";"UOP01-DEL02-AL"
106311;2018-01-26;"sexta-feira";"13:20:00";"MA";316;263;"SANTA INES";"Falta de Atenção à Condução";"Colisão transversal";"Sem Vítimas";"Pleno dia";"Decrescente";"Céu Claro";"Múltipla";"Reta";"Sim";2;0;0;0;2;0;0;2;-3,675226;-45,371643;"SPRF-MA";"DEL02-MA";"UI04-DEL02-MA"
106313;2018-01-26;"sexta-feira";"15:25:00";"SC";101;208,6;"SAO JOSE";"Não guardar distância de segurança";"Colisão traseira";"Com Vítimas Feridas";"Pleno dia";"Decrescente";"Nublado";"Múltipla";"Reta;Aclive";"Sim";2;0;1;0;1;0;1;2;-27,60628405;-48,63506913;"SPRF-SC";"DEL01-SC";"UOP01-DEL01-SC"
106314;2018-01-26;"sexta-feira";"14:40:00";"PR";116;7,5;"CAMPINA GRANDE DO SUL";"Velocidade Incompatível";"Capotamento";"Com Vítimas Feridas";"Pleno dia";"Crescente";"Chuva";"Dupla";"Reta";"Não";1;0;1;0;0;0;1;1;-25,08127622;-48,6197705;"SPRF-PR";"DEL01-PR";"UOP02-DEL01-PR"
106317;2018-01-26;"sexta-feira";"15:20:00";"RN";405;2;"MOSSORO";"Não guardar distância de segurança";"Colisão traseira";"Com Vítimas Feridas";"Pleno dia";"Crescente";"Sol";"Dupla";"Interseção de Vias";"Sim";2;0;0;1;1;0;1;2;-5,19250071;-37,36915827;"SPRF-RN";"DEL04-RN";"UOP02-DEL04-RN"
106318;2018-01-26;"sexta-feira";"13:35:00";"ES";393;22;"MUQUI";"Objeto estático sobre o leito carroçável";"Saída de leito carroçável";"Com Vítimas Feridas";"Pleno dia";"Decrescente";"Céu Claro";"Simples";"Curva";"Não";2;0;0;1;0;1;1;2;-20,9189476;-41,3075166;"SPRF-ES";"DEL03-ES";"UOP02-DEL03-ES"
106325;2018-01-26;"sexta-feira";"15:00:00";"RN";427;88,9;"CAICO";"Objeto estático sobre o leito carroçável";"Colisão lateral";"Com Vítimas Feridas";"Pleno dia";"Decrescente";"Céu Claro";"Simples";"Curva";"Não";3;0;1;0;2;0;1;2;-6,49415182;-37,02317877;"SPRF-RN";"DEL03-RN";"UOP01-DEL03-RN"
106327;2018-01-26;"sexta-feira";"15:05:00";"MG";116;557,2;"MANHUACU";"Pista Escorregadia";"Saída de leito carroçável";"Sem Vítimas";"Pleno dia";"Crescente";"Garoa/Chuvisco";"Simples";"Curva";"Não";1;0;0;0;1;0;0;1;-20,01058784;-42,15255526;"SPRF-MG";"DEL06-MG";"UOP02-DEL06-MG"
106328;2018-01-26;"sexta-feira";"16:45:00";"RJ";393;124;"SAPUCAIA";"Velocidade Incompatível";"Capotamento";"Sem Vítimas";"Pleno dia";"Decrescente";"Chuva";"Simples";"Curva;Declive";"Não";1;0;0;0;1;0;0;1;-21,995483;-42,914814;"SPRF-RJ";"DEL06-RJ";"UOP01-DEL05-RJ"
106329;2018-01-26;"sexta-feira";"17:00:00";"ES";101;212;"IBIRACU";"Falta de Atenção à Condução";"Engavetamento";"Com Vítimas Feridas";"Pleno dia";"Crescente";"Céu Claro";"Simples";"Reta";"Sim";3;0;1;0;2;0;1;3;-19,82146762;-40,36943704;"SPRF-ES";"DEL02-ES";"UOP01-DEL02-ES"
106330;2018-01-26;"sexta-feira";"16:15:00";"RJ";101;314;"SAO GONCALO";"Falta de Atenção à Condução";"Colisão traseira";"Com Vítimas Feridas";"Pleno dia";"Decrescente";"Nublado";"Dupla";"Reta";"Não";2;0;1;0;1;0;1;2;-22,816507;-43,077309;"SPRF-RJ";"DEL02-RJ";"DEL5/2-UOP04/RJ"
106331;2018-01-26;"sexta-feira";"16:45:00";"PR";163;150,3;"SANTA LUCIA";"Velocidade Incompatível";"Saída de leito carroçável";"Sem Vítimas";"Pleno dia";"Crescente";"Garoa/Chuvisco";"Simples";"Curva";"Sim";1;0;0;0;1;0;0;1;-25,41390108;-53,57417196;"SPRF-PR";"DEL04-PR";"UOP05-DEL05-PR"
106332;2018-01-26;"sexta-feira";"16:00:00";"MS";60;597,8;"JARDIM";"Falta de Atenção à Condução";"Colisão lateral";"Com Vítimas Feridas";"Pleno dia";"Decrescente";"Céu Claro";"Simples";"Reta";"Sim";2;0;1;0;1;0;1;2;-21,48663607;-56,15340829;"SPRF-MS";"DEL05-MS";"UOP01-DEL05-MS"
106334;2018-01-26;"sexta-feira";"17:25:00";"SC";101;120;"ITAJAI";"Não guardar distância de segurança";"Colisão traseira";"Com Vítimas Feridas";"Pleno dia";"Decrescente";"Nublado";"Dupla";"Reta";"Sim";2;0;1;1;0;0;2;1;-26,9211;-48,7084;"SPRF-SC";"DEL04-SC";"UOP04-DEL04-SC"
106335;2018-01-26;"sexta-feira";"17:30:00";"SP";153;73,3;"SAO JOSE DO RIO PRETO";"Pista Escorregadia";"Colisão traseira";"Sem Vítimas";"Pleno dia";"Crescente";"Chuva";"Simples";"Reta";"Não";7;0;0;0;7;0;0;4;-20,88280633;-49,42501724;"SPRF-SP";"DEL09-SP";"UOP01-DEL09-SP"
106338;2018-01-26;"sexta-feira";"17:45:00";"MG";146;580;"BOTELHOS";"Falta de Atenção à Condução";"Colisão lateral";"Com Vítimas Feridas";"Pleno dia";"Crescente";"Céu Claro";"Simples";"Interseção de Vias";"Não";2;0;1;0;1;0;1;2;-21,636406;-46,405351;"SPRF-MG";"DEL09-MG";"UOP01-DEL09-MG"
106340;2018-01-26;"sexta-feira";"17:50:00";"MG";365;480;"PATROCINIO";"Falta de Atenção à Condução";"Colisão traseira";"Com Vítimas Feridas";"Pleno dia";"Crescente";"Céu Claro";"Simples";"Reta";"Não";3;0;1;0;2;0;1;2;-18,9436;-46,9923;"SPRF-MG";"DEL10-MG";"UOP01-DEL10-MG"
106341;2018-01-26;"sexta-feira";"15:35:00";"PR";376;82;"PARANAVAI";"Falta de Atenção à Condução";"Colisão frontal";"Com Vítimas Feridas";"Pleno dia";"Crescente";"Céu Claro";"Simples";"Reta";"Não";2;0;1;0;1;0;1;2;-22,9654508748;-52,6377346322;"SPRF-PR";"DEL07-PR";"UOP02-DEL09-PR"
106342;2018-01-26;"sexta-feira";"17:40:00";"SC";101;208,2;"SAO JOSE";"Defeito Mecânico no Veículo";"Tombamento";"Com Vítimas Feridas";"Pleno dia";"Crescente";"Nublado";"Múltipla";"Reta";"Sim";2;0;1;1;0;0;2;1;-27,6101;-48,6388;"SPRF-SC";"DEL01-SC";"UOP01-DEL01-SC"
106343;2018-01-26;"sexta-feira";"18:10:00";"SC";101;209;"SAO JOSE";"Falta de Atenção à Condução";"Colisão traseira";"Com Vítimas Feridas";"Anoitecer";"Crescente";"Céu Claro";"Múltipla";"Reta";"Sim";2;0;0;1;1;0;1;2;-27,6176;-48,6463;"SPRF-SC";"DEL01-SC";"UOP01-DEL01-SC"
106344;2018-01-26;"sexta-feira";"17:00:00";"CE";222;4,5;"FORTALEZA";"Condutor Dormindo";"Tombamento";"Com Vítimas Feridas";"Pleno dia";"Decrescente";"Céu Claro";"Múltipla";"Reta";"Sim";1;0;0;1;0;0;1;1;-3,74232411;-38,60894074;"SPRF-CE";"DEL01-CE";"UOP01-DEL01-CE"
106345;2018-01-26;"sexta-feira";"18:15:00";"SC";101;25;"JOINVILLE";"Falta de Atenção à Condução";"Colisão transversal";"Com Vítimas Feridas";"Pleno dia";"Decrescente";"Nublado";"Simples";"Declive";"Não";2;0;1;0;1;0;1;2;-26,1925;-48,912;"SPRF-SC";"DEL03-SC";"UOP01-DEL03-SC"
106346;2018-01-26;"sexta-feira";"18:15:00";"GO";452;184,8;"ITUMBIARA";"Defeito Mecânico no Veículo";"Colisão lateral";"Com Vítimas Feridas";"Pleno dia";"Crescente";"Chuva";"Simples";"Curva";"Não";4;0;3;0;1;0;3;3;-18,40158503;-49,31297064;"SPRF-GO";"DEL03-GO";"UOP02-DEL03-GO"
106347;2018-01-26;"sexta-feira";"18:00:00";"SC";101;116,5;"ITAJAI";"Não guardar distância de segurança";"Colisão traseira";"Com Vítimas Feridas";"Pleno dia";"Decrescente";"Nublado";"Múltipla";"Reta";"Não";3;0;2;0;1;0;2;2;-26,88350622;-48,72399733;"SPRF-SC";"DEL04-SC";"UOP04-DEL04-SC"
106350;2018-01-26;"sexta-feira";"17:45:00";"SC";101;204,1;"SAO JOSE";"Velocidade Incompatível";"Saída de leito carroçável";"Sem Vítimas";"Pleno dia";"Decrescente";"Nublado";"Dupla";"Reta";"Sim";1;0;0;0;1;0;0;1;-27,57673035;-48,61316076;"SPRF-SC";"DEL01-SC";"UOP01-DEL01-SC"
106352;2018-01-26;"sexta-feira";"18:55:00";"RS";480;71,6;"ERECHIM";"Falta de Atenção à Condução";"Colisão lateral";"Com Vítimas Feridas";"Pleno dia";"Decrescente";"Céu Claro";"Simples";"Interseção de Vias";"Sim";2;0;1;0;1;0;1;2;-27,63690477;-52,30902744;"SPRF-RS";"DEL08-RS";"UOP04-DEL08-RS"
106353;2018-01-26;"sexta-feira";"18:40:00";"MG";40;740,5;"SANTOS DUMONT";"Velocidade Incompatível";"Capotamento";"Sem Vítimas";"Pleno dia";"Decrescente";"Nublado";"Simples";"Curva";"Sim";1;0;0;0;1;0;0;1;-21,42938085;-43,55644982;"SPRF-MG";"DEL05-MG";"UOP01-DEL05-MG"