"id";"data_inversa";"dia_semana";"horario";"uf";"br";"km";"municipio";"causa_acidente";"tipo_acidente";"classificacao_acidente";"fase_dia";"sentido_via";"condicao_metereologica";"tipo_pista";"tracado_via";"uso_solo";"pessoas";"mortos";"feridos_leves";"feridos_graves";"ilesos";"ignorados";"feridos";"veiculos";"latitude";"longitude";"regional";"delegacia";"uop"
106355;2018-01-26;"sexta-feira";"18:50:00";"MG";40;739,5;"SANTOS DUMONT";"Velocidade Incompatível";"Capotamento";"Com Vítimas Feridas";"Anoitecer";"Crescente";"Chuva";"Simples";"Curva";"Não";1;0;1;0;0;0;1;1;-21,41955342;-43,56064709;"SPRF-MG";"DEL05-MG";"UOP01-DEL05-MG"
106356;2018-01-26;"sexta-feira";"17:45:00";"SC";282;72;"RANCHO QUEIMADO";"Velocidade Incompatível";"Saída de leito carroçável";"Sem Vítimas";"Pleno dia";"Decrescente";"Chuva";"Simples";"Curva";"Não";1;0;0;0;1;0;0;1;-27,68351383;-49,10523355;"SPRF-SC";"DEL01-SC";"UOP03-DEL01-SC"
106357;2018-01-26;"sexta-feira";"17:00:00";"RN";101;102,5;"PARNAMIRIM";"Não guardar distância de segurança";"Colisão traseira";"Sem Vítimas";"Pleno dia";"Crescente";"Sol";"Múltipla";"Reta";"Sim";2;0;0;0;2;0;0;2;-5,88867892;-35,24130553;"SPRF-RN";"DEL01-RN";"UOP01-DEL01-RN"
106358;2018-01-26;"sexta-feira";"18:45:00";"SP";116;155;"SAO JOSE DOS CAMPOS";"Falta de Atenção à Condução";"Colisão lateral";"Com Vítimas Feridas";"Pleno dia";"Crescente";"Nublado";"Dupla";"Reta";"Sim";2;0;1;0;0;1;1;2;-23,24653141;-45,92994332;"SPRF-SP";"DEL02-SP";"UOP01-DEL02-SP"
106360;2018-01-26;"sexta-feira";"15:05:00";"RJ";116;169;"SAO JOAO DE MERITI";"Falta de Atenção à Condução";"Colisão lateral";"Com Vítimas Feridas";"Pleno dia";"Crescente";"Chuva";"Múltipla";"Reta";"Sim";2;0;1;0;1;0;1;2;-22,816206;-43,324463;"SPRF-RJ";"DEL01-RJ";"UOP02-DEL01-RJ"
106362;2018-01-26;"sexta-feira";"17:40:00";"DF";60;27,6;"BRASILIA";"Pista Escorregadia";"Saída de leito carroçável";"Com Vítimas Feridas";"Pleno dia";"Crescente";"Chuva";"Dupla";"Retorno Regulamentado";"Não";1;0;1;0;0;0;1;1;-16,02694886;-48,25336841;"SPRF-DF";"DEL01-DF";"UOP01-DEL03-DF"
106363;2018-01-26;"sexta-feira";"16:45:00";"RO";364;357,5;"OURO PRETO DO OESTE";"Falta de Atenção à Condução";"Colisão frontal";"Com Vítimas Feridas";"Pleno dia";"Decrescente";"Céu Claro";"Simples";"Reta";"Não";2;0;1;0;1;0;1;2;-10,79326149;-62,03721633;"SPRF-RO";"DEL02-RO";"UOP01-DEL02-RO"
106364;2018-01-26;"sexta-feira";"17:40:00";"RN";101;99,2;"NATAL";"Falta de Atenção à Condução";"Colisão transversal";"Com Vítimas Feridas";"Pleno dia";"Crescente";"Nublado";"Múltipla";"Reta";"Sim";3;0;1;0;0;2;1;3;-5,87312394;-35,22071505;"SPRF-RN";"DEL01-RN";"UOP01-DEL01-RN"
106365;2018-01-26;"sexta-feira";"17:50:00";"MG";116;546,3;"SANTA BARBARA DO LESTE";"Falta de Atenção à Condução";"Colisão lateral";"Com Vítimas Feridas";"Pleno dia";"Decrescente";"Céu Claro";"Simples";"Reta";"Não";2;0;1;0;1;0;1;2;-19,9779;-42,1422;"SPRF-MG";"DEL06-MG";"UOP02-DEL06-MG"
106366;2018-01-26;"sexta-feira";"12:00:00";"RJ";40;74;"PETROPOLIS";"Ingestão de Álcool";"Saída de leito carroçável";"Sem Vítimas";"Pleno dia";"Decrescente";"Chuva";"Simples";"Declive;Curva";"Não";1;0;0;0;1;0;0;1;-22,47511618;-43,2176891;"SPRF-RJ";"DEL06-RJ";"UOP01-DEL06-RJ"
106368;2018-01-26;"sexta-feira";"19:00:00";"ES";101;264;"SERRA";"Não guardar distância de segurança";"Colisão traseira";"Com Vítimas Feridas";"Anoitecer";"Decrescente";"Céu Claro";"Dupla";"Reta";"Sim";4;0;1;0;3;0;1;2;-20,176858;-40,2657;"SPRF-ES";"DEL02-ES";"UOP01-DEL02-ES"
106369;2018-01-26;"sexta-feira";"18:50:00";"ES";447;13;"VILA VELHA";"Falta de Atenção à Condução";"Colisão frontal";"Com Vítimas Feridas";"Plena Noite";"Crescente";"Céu Claro";"Dupla";"Reta";"Sim";2;0;1;0;1;0;1;2;-20,3441;-40,3295;"SPRF-ES";"DEL01-ES";"UOP01-DEL01-ES"
106370;2018-01-26;"sexta-feira";"17:35:00";"RN";101;85,6;"NATAL";"Falta de Atenção à Condução";"Colisão traseira";"Com Vítimas Feridas";"Anoitecer";"Decrescente";"Céu Claro";"Dupla";"Reta";"Sim";2;0;1;0;1;0;1;2;-5,777664;-35,249371;"SPRF-RN";"DEL02-RN";"UOP01-DEL02-RN"
106371;2018-01-26;"sexta-feira";"18:40:00";"ES";101;270;"SERRA";"Não guardar distância de segurança";"Colisão lateral";"Com Vítimas Feridas";"Plena Noite";"Crescente";"Céu Claro";"Dupla";"Reta";"Sim";3;0;0;1;2;0;1;2;-20,22775118;-40,27170539;"SPRF-ES";"DEL02-ES";"UOP01-DEL02-ES"
106373;2018-01-26;"sexta-feira";"19:40:00";"MG";381;697,3;"LAVRAS";"Pista Escorregadia";"Capotamento";"Sem Vítimas";"Plena Noite";"Crescente";"Chuva";"Dupla";"Curva";"Não";1;0;0;0;1;0;0;1;-21,26082906;-45,13998444;"SPRF-MG";"DEL04-MG";"UOP02-DEL04-MG"
106374;2018-01-26;"sexta-feira";"18:40:00";"RS";290;37;"SANTO ANTONIO DA PATRULHA";"Falta de Atenção à Condução";"Colisão traseira";"Com Vítimas Feridas";"Pleno dia";"Decrescente";"Céu Claro";"Dupla";"Reta";"Não";3;0;1;0;2;0;1;2;-29,885795;-50,62814;"SPRF-RS";"DEL03-RS";"UOP02-DEL03-RS"
106376;2018-01-26;"sexta-feira";"19:00:00";"CE";304;46,8;"ARACATI";"Falta de Atenção à Condução";"Colisão traseira";"Com Vítimas Feridas";"Plena Noite";"Decrescente";"Céu Claro";"Dupla";"Reta";"Sim";3;0;1;0;2;0;1;2;-4,57526991;-37,79100353;"SPRF-CE";"DEL03-CE";"UOP03-DEL03-CE"
106377;2018-01-26;"sexta-feira";"16:20:00";"AL";423;31;"CANAPI";"Ultrapassagem Indevida";"Colisão lateral";"Sem Vítimas";"Anoitecer";"Crescente";"Céu Claro";"Simples";"Reta";"Não";2;0;0;0;2;0;0;2;-9,1916131;-37,5161305;"SPRF-AL";"DEL03-AL";"UOP02-DEL03-AL"
106378;2018-01-26;"sexta-feira";"16:00:00";"SC";101;418,6;"ARARANGUA";"Falta de Atenção à Condução";"Colisão traseira";"Com Vítimas Feridas";"Pleno dia";"Crescente";"Sol";"Dupla";"Reta";"Não";4;0;2;0;1;1;2;3;-28,98230128;-49,53908622;"SPRF-SC";"DEL02-SC";"UOP02-DEL02-SC"
106380;2018-01-26;"sexta-feira";"19:30:00";"MG";381;905,5;"CAMBUI";"Velocidade Incompatível";"Colisão com objeto estático";"Sem Vítimas";"Anoitecer";"Crescente";"Chuva";"Dupla";"Curva";"Não";1;0;0;0;1;0;0;1;-22,66270364;-46,09060249;"SPRF-MG";"DEL16-MG";"UOP03-DEL16-MG"
106383;2018-01-26;"sexta-feira";"18:50:00";"DF";60;27,4;"BRASILIA";"Pista Escorregadia";"Saída de leito carroçável";"Com Vítimas Feridas";"Anoitecer";"Crescente";"Chuva";"Dupla";"Declive";"Não";1;0;1;0;0;0;1;1;-16,00685525;-48,24672818;"SPRF-DF";"DEL01-DF";"UOP01-DEL03-DF"
106384;2018-01-26;"sexta-feira";"19:30:00";"MT";163;924;"ITAUBA";"Desobediência às normas de trânsito pelo condutor";"Colisão transversal";"Com Vítimas Feridas";"Plena Noite";"Decrescente";"Céu Claro";"Simples";"Reta";"Não";2;0;1;0;1;0;1;2;-11,0618;-55,2773;"SPRF-MT";"DEL06-MT";"UOP02-DEL06-MT"
106385;2018-01-26;"sexta-feira";"19:00:00";"PB";230;27;"JOAO PESSOA";"Não guardar distância de segurança";"Colisão traseira";"Com Vítimas Feridas";"Plena Noite";"Decrescente";"Nublado";"Dupla";"Reta";"Sim";2;0;1;0;1;0;1;2;-7,1677;-34,8855;"SPRF-PB";"DEL01-PB";"UOP01-DEL01-PB"
106386;2018-01-26;"sexta-feira";"18:30:00";"GO";60;326;"ACREUNA";"Pista Escorregadia";"Capotamento";"Sem Vítimas";"Anoitecer";"Decrescente";"Chuva";"Dupla";"Reta";"Não";1;0;0;0;1;0;0;1;-17,5268;-50,4943;"SPRF-GO";"DEL04-GO";"UOP01-DEL04-GO"
106388;2018-01-26;"sexta-feira";"18:50:00";"PI";343;346,1;"TERESINA";"Falta de Atenção à Condução";"Colisão traseira";"Sem Vítimas";"Plena Noite";"Crescente";"Céu Claro";"Múltipla";"Reta";"Sim";2;0;0;0;2;0;0;2;-5,0446853;-42,7662325;"SPRF-PI";"DEL01-PI";"UOP01-DEL01-PI"
106389;2018-01-26;"sexta-feira";"20:35:00";"PR";476;158;"ARAUCARIA";"Falta de Atenção à Condução";"Colisão transversal";"Com Vítimas Feridas";"Plena Noite";"Crescente";"Céu Claro";"Simples";"Reta";"Sim";3;0;1;0;2;0;1;2;-25,60148138;-49,41899031;"SPRF-PR";"DEL01-PR";"UOP06-DEL01-PR"
106390;2018-01-26;"sexta-feira";"19:20:00";"PE";407;129,6;"PETROLINA";"Falta de Atenção à Condução";"Colisão traseira";"Com Vítimas Feridas";"Plena Noite";"Crescente";"Chuva";"Simples";"Reta";"Sim";2;0;1;0;1;0;1;2;-9,39904;-40,501163;"SPRF-PE";"DEL06-PE";"UOP01-DEL06-PE"
106391;2018-01-26;"sexta-feira";"20:50:00";"MG";251;511,6;"FRANCISCO SA";"Defeito Mecânico no Veículo";"Incêndio";"Sem Vítimas";"Plena Noite";"Crescente";"Céu Claro";"Simples";"Curva";"Não";1;0;0;0;0;1;0;1;-16,64190145;-43,7013214;"SPRF-MG";"DEL12-MG";"UOP01-DEL12-MG"
106393;2018-01-26;"sexta-feira";"20:20:00";"SC";280;20,7;"ARAQUARI";"Falta de Atenção à Condução";"Colisão lateral";"Sem Vítimas";"Plena Noite";"Crescente";"Garoa/Chuvisco";"Simples";"Reta";"Não";2;0;0;0;1;1;0;2;-26,37372339;-48,69466782;"SPRF-SC";"DEL03-SC";"UOP03-DEL03-SC"
106394;2018-01-26;"sexta-feira";"20:00:00";"RJ";116;267;"VOLTA REDONDA";"Falta de Atenção à Condução";"Colisão lateral";"Sem Vítimas";"Plena Noite";"Decrescente";"Chuva";"Dupla";"Reta";"Não";2;0;0;0;2;0;0;2;-22,523537;-44,104546;"SPRF-RJ";"DEL07-RJ";"UOP02-DEL07-RJ"
106395;2018-01-26;"sexta-feira";"20:30:00";"PB";101;89;"JOAO PESSOA";"Ingestão de Álcool";"Colisão transversal";"Com Vítimas Feridas";"Plena Noite";"Crescente";"Céu Claro";"Dupla";"Reta;Retorno Regulamentado;Interseção de Vias";"Sim";2;0;1;0;1;0;1;2;-7,180639;-34,90072131;"SPRF-PB";"DEL01-PB";"UOP01-DEL01-PB"
106396;2018-01-26;"sexta-feira";"21:10:00";"RS";290;88,8;"PORTO ALEGRE";"Falta de Atenção à Condução";"Tombamento";"Com Vítimas Feridas";"Plena Noite";"Decrescente";"Céu Claro";"Simples";"Reta";"Sim";1;0;1;0;0;0;1;1;-29,96761302;-51,14558458;"SPRF-RS";"DEL01-RS";"UOP01-DEL01-RS"
106397;2018-01-26;"sexta-feira";"13:45:00";"RJ";40;87,7;"PETROPOLIS";"Velocidade Incompatível";"Saída de leito carroçável";"Com Vítimas Feridas";"Pleno dia";"Crescente";"Chuva";"Simples";"Curva";"Não";3;0;1;0;1;1;1;2;-22,545449;-43,230031;"SPRF-RJ";"DEL06-RJ";"UOP01-DEL06-RJ"
106400;2018-01-26;"sexta-feira";"21:20:00";"SC";101;204,3;"SAO JOSE";"Falta de Atenção à Condução";"Colisão lateral";"Com Vítimas Feridas";"Plena Noite";"Decrescente";"Céu Claro";"Dupla";"Curva";"Sim";4;0;4;0;0;0;4;2;-27,57582291;-48,61353007;"SPRF-SC";"DEL01-SC";"UOP01-DEL01-SC"
106401;2018-01-26;"sexta-feira";"20:30:00";"RJ";116;325;"ITATIAIA";"Velocidade Incompatível";"Colisão com objeto estático";"Sem Vítimas";"Plena Noite";"Decrescente";"Chuva";"Dupla";"Reta";"Não";1;0;0;0;1;0;0;1;-22,49299076;-44,65022922;"SPRF-RJ";"DEL07-RJ";"DEL5/7-UOP03/RJ"
106402;2018-01-26;"sexta-feira";"20:30:00";"MS";163;797;"COXIM";"Falta de Atenção à Condução";"Tombamento";"Com Vítimas Feridas";"Plena Noite";"Decrescente";"Céu Claro";"Simples";"Reta";"Não";1;0;1;0;0;0;1;1;-17,9477073;-54,68221664;"SPRF-MS";"DEL06-MS";"UOP01-DEL06-MS"
106403;2018-01-26;"sexta-feira";"20:30:00";"BA";242;805;"BARREIRAS";"Não guardar distância de segurança";"Colisão traseira";"Sem Vítimas";"Plena Noite";"Decrescente";"Nublado";"Simples";"Reta";"Não";2;0;0;0;2;0;0;2;-12,1293387;-45,09648375;"SPRF-BA";"DEL10-BA";"UOP01-DEL10-BA"
106404;2018-01-26;"sexta-feira";"19:00:00";"RJ";116;212,9;"PARACAMBI";"Pista Escorregadia";"Tombamento";"Com Vítimas Feridas";"Plena Noite";"Crescente";"Chuva";"Dupla";"Curva";"Não";6;0;4;0;2;0;4;1;-22,611317;-43,70954;"SPRF-RJ";"DEL01-RJ";"UOP03-DEL01-RJ"
106405;2018-01-26;"sexta-feira";"21:00:00";"AL";316;83;"SANTANA DO IPANEMA";"Falta de Atenção à Condução";"Colisão traseira";"Com Vítimas Feridas";"Plena Noite";"Crescente";"Céu Claro";"Simples";"Reta";"Não";2;0;1;0;1;0;1;2;-9,366476;-37,260963;"SPRF-AL";"DEL03-AL";"UOP02-DEL03-AL"
106406;2018-01-26;"sexta-feira";"18:40:00";"MA";135;232;"PERITORO";"Desobediência às normas de trânsito pelo condutor";"Colisão lateral";"Com Vítimas Feridas";"Plena Noite";"Crescente";"Nublado";"Simples";"Reta";"Não";4;0;0;1;3;0;1;2;-4,3799;-44,3396;"SPRF-MA";"DEL03-MA";"UOP01-DEL03-MA"
106407;2018-01-26;"sexta-feira";"22:10:00";"SC";101;80,9;"BARRA VELHA";"Falta de Atenção à Condução";"Queda de ocupante de veículo";"Com Vítimas Feridas";"Plena Noite";"Crescente";"Nublado";"Dupla";"Reta";"Não";1;0;1;0;0;0;1;1;-26,60504716;-48,7247622;"SPRF-SC";"DEL03-SC";"UOP02-DEL03-SC"
106409;2018-01-26;"sexta-feira";"21:30:00";"DF";70;9,1;"BRASILIA";"Falta de Atenção à Condução";"Colisão traseira";"Sem Vítimas";"Plena Noite";"Crescente";"Chuva";"Dupla";"Reta";"Sim";2;0;0;0;2;0;0;2;-15,78484857;-48,13289537;"SPRF-DF";"DEL01-DF";"UOP02-DEL03-DF"
106410;2018-01-26;"sexta-feira";"21:15:00";"SP";153;256;"MARILIA";"Animais na Pista";"Queda de ocupante de veículo";"Com Vítimas Feridas";"Plena Noite";"Decrescente";"Nublado";"Dupla";"Reta";"Sim";1;0;1;0;0;0;1;1;-22,234655;-49,91896212;"SPRF-SP";"DEL07-SP";"UOP02-DEL07-SP"
106411;2018-01-26;"sexta-feira";"21:00:00";"RJ";101;319;"SAO GONCALO";"Falta de Atenção à Condução";"Colisão lateral";"Com Vítimas Feridas";"Plena Noite";"Decrescente";"Chuva";"Dupla";"Reta";"Sim";2;0;1;0;1;0;1;2;-22,854151;-43,101822;"SPRF-RJ";"DEL02-RJ";"DEL5/2-UOP04/RJ"
106412;2018-01-26;"sexta-feira";"22:50:00";"SC";470;126,9;"LONTRAS";"Falta de Atenção à Condução";"Colisão frontal";"Com Vítimas Feridas";"Plena Noite";"Crescente";"Nublado";"Simples";"Reta";"Não";8;0;8;0;0;0;8;2;-27,12155616;-49,5356369;"SPRF-SC";"DEL04-SC";"UOP02-DEL04-SC"
106413;2018-01-26;"sexta-feira";"20:45:00";"SC";101;417;"ARARANGUA";"Ingestão de Álcool";"Colisão traseira";"Com Vítimas Feridas";"Plena Noite";"Crescente";"Nublado";"Dupla";"Reta";"Não";2;0;1;0;1;0;1;2;-28,97489136;-49,53110397;"SPRF-SC";"DEL02-SC";"UOP02-DEL02-SC"
106415;2018-01-26;"sexta-feira";"23:00:00";"ES";101;152;"LINHARES";"Defeito Mecânico no Veículo";"Queda de ocupante de veículo";"Com Vítimas Feridas";"Plena Noite";"Decrescente";"Céu Claro";"Simples";"Reta";"Não";2;0;1;0;1;0;1;1;-19,39159;-40,072563;"SPRF-ES";"DEL04-ES";"UOP01-DEL04-ES"
106416;2018-01-26;"sexta-feira";"21:00:00";"MA";316;289;"PIO XII";"Defeito na Via";"Queda de ocupante de veículo";"Com Vítimas Fatais";"Plena Noite";"Crescente";"Chuva";"Simples";"Reta";"Sim";1;1;0;0;0;0;0;1;-3,812155;-45,195686;"SPRF-MA";"DEL02-MA";"UI04-DEL02-MA"
106417;2018-01-26;"sexta-feira";"22:15:00";"PE";232;233,8;"PESQUEIRA";"Ingestão de Álcool";"Colisão com objeto estático";"Com Vítimas Feridas";"Plena Noite";"Decrescente";"Céu Claro";"Simples";"Reta";"Não";3;0;2;1;0;0;3;1;-8,405886;-36,90061;"SPRF-PE";"DEL03-PE";"UOP02-DEL03-PE"
106418;2018-01-26;"sexta-feira";"22:45:00";"SC";101;116;"ITAJAI";"Falta de Atenção à Condução";"Saída de leito carroçável";"Com Vítimas Feridas";"Plena Noite";"Crescente";"Nublado";"Dupla";"Reta";"Sim";5;0;4;0;1;0;4;1;-26,8805207;-48,725532;"SPRF-SC";"DEL04-SC";"UOP04-DEL04-SC"
106419;2018-01-26;"sexta-feira";"22:55:00";"PR";277;70;"SAO JOSE DOS PINHAIS";"Desobediência às normas de trânsito pelo condutor";"Colisão frontal";"Com Vítimas Feridas";"Plena Noite";"Decrescente";"Garoa/Chuvisco";"Simples";"Interseção de Vias";"Sim";2;0;2;0;0;0;2;2;-25,51577906;-49,11899865;"SPRF-PR";"DEL01-PR";"UOP07-DEL01-PR"
106420;2018-01-26;"sexta-feira";"23:40:00";"GO";364;195;"JATAI";"Animais na Pista";"Atropelamento de Animal";"Com Vítimas Fatais";"Plena Noite";"Crescente";"Céu Claro";"Dupla";"Curva";"Não";1;1;0;0;0;0;0;1;-17,921089;-51,712803;"SPRF-GO";"DEL05-GO";"UOP01-DEL05-GO"
106421;2018-01-26;"sexta-feira";"21:51:00";"RO";364;240,1;"CACOAL";"Ingestão de Álcool";"Queda de ocupante de veículo";"Com Vítimas Feridas";"Plena Noite";"Crescente";"Nublado";"Simples";"Reta";"Sim";1;0;1;0;0;0;1;1;-11,43629804;-61,47172545;"SPRF-RO";"DEL02-RO";"UOP02-DEL02-RO"
106422;2018-01-26;"sexta-feira";"22:10:00";"PI";343;273;"CAMPO MAIOR";"Animais na Pista";"Atropelamento de Animal";"Sem Vítimas";"Plena Noite";"Decrescente";"Nublado";"Simples";"Reta";"Não";1;0;0;0;1;0;0;1;-4,872565;-42,221237;"SPRF-PI";"DEL01-PI";"UOP03-DEL01-PI"
106423;2018-01-26;"sexta-feira";"23:30:00";"GO";50;104;"CRISTALINA";"Falta de Atenção à Condução";"Saída de leito carroçável";"Com Vítimas Feridas";"Plena Noite";"Decrescente";"Céu Claro";"Dupla";"Reta";"Não";2;0;2;0;0;0;2;1;-16,827546;-47,67422676;"SPRF-DF";"DEL01-DF";"UOP02-DEL01-DF"
106424;2018-01-26;"sexta-feira";"20:20:00";"MA";230;2;"BARAO DE GRAJAU";"Falta de Atenção à Condução";"Colisão frontal";"Com Vítimas Feridas";"Plena Noite";"Crescente";"Céu Claro";"Simples";"Reta";"Sim";2;0;0;1;1;0;1;2;-6,753782;-43,027554;"SPRF-PI";"DEL03-PI";"UOP01-DEL03-PI"
106425;2018-01-26;"sexta-feira";"23:30:00";"PE";101;55,2;"RECIFE";"Desobediência às normas de trânsito pelo condutor";"Colisão lateral";"Sem Vítimas";"Plena Noite";"Decrescente";"Garoa/Chuvisco";"Simples";"Declive";"Não";3;0;0;0;3;0;0;3;-7,9550198;-34,91075988;"SPRF-PE";"DEL01-PE";"UOP02-DEL01-PE"
106426;2018-01-27;"sábado";"00:00:00";"MG";40;590;"ITABIRITO";"Ultrapassagem Indevida";"Colisão frontal";"Com Vítimas Feridas";"Plena Noite";"Crescente";"Céu Claro";"Dupla";"Em Obras";"Não";3;0;2;0;1;0;2;2;-20,3723;-43,9114;"SPRF-MG";"DEL01-MG";"UOP02-DEL01-MG"
106427;2018-01-27;"sábado";"00:20:00";"PR";116;113;"CURITIBA";"Falta de Atenção à Condução";"Saída de leito carroçável";"Sem Vítimas";"Plena Noite";"Decrescente";"Garoa/Chuvisco";"Dupla";"Reta";"Sim";1;0;0;0;1;0;0;1;-25,55653511;-49,27109197;"SPRF-PR";"DEL01-PR";"UOP01-DEL01-PR"
106428;2018-01-26;"sexta-feira";"23:30:00";"SP";116;507;"CAJATI";"Velocidade Incompatível";"Colisão com objeto estático";"Sem Vítimas";"Plena Noite";"Decrescente";"Chuva";"Dupla";"Curva";"Não";1;0;0;0;1;0;0;1;-24,73659;-48,12319;"SPRF-SP";"DEL05-SP";"UAP01-DEL05-SP"
106433;2018-01-27;"sábado";"00:24:00";"SP";153;35,1;"NOVA GRANADA";"Falta de Atenção à Condução";"Saída de leito carroçável";"Com Vítimas Feridas";"Plena Noite";"Crescente";"Garoa/Chuvisco";"Simples";"Curva";"Não";1;0;1;0;0;0;1;1;-20,58417073;-49,31968261;"SPRF-SP";"DEL09-SP";"UOP01-DEL09-SP"
106435;2018-01-26;"sexta-feira";"23:55:00";"MA";135;24;"SAO LUIS";"Falta de Atenção à Condução";"Colisão traseira";"Com Vítimas Feridas";"Plena Noite";"Crescente";"Céu Claro";"Dupla";"Reta";"Sim";3;0;2;0;1;0;2;2;-2,55148201;-44,30677235;"SPRF-MA";"DEL01-MA";"UOP01-DEL01-MA"
106436;2018-01-27;"sábado";"01:20:00";"SC";101;196,7;"BIGUACU";"Velocidade Incompatível";"Colisão traseira";"Com Vítimas Feridas";"Plena Noite";"Decrescente";"Nublado";"Múltipla";"Declive;Curva";"Sim";3;0;1;1;1;0;2;2;-27,51350026;-48,64021361;"SPRF-SC";"DEL01-SC";"UOP01-DEL01-SC"
106437;2018-01-27;"sábado";"00:30:00";"CE";116;295,1;"JAGUARIBE";"Defeito na Via";"Saída de leito carroçável";"Sem Vítimas";"Plena Noite";"Decrescente";"Céu Claro";"Simples";"Reta";"Não";5;0;0;0;5;0;0;1;-5,95533894;-38,63063335;"SPRF-CE";"DEL05-CE";"UOP02-DEL05-CE"
106438;2018-01-26;"sexta-feira";"16:30:00";"GO";50;252,2;"CATALAO";"Condutor Dormindo";"Saída de leito carroçável";"Com Vítimas Feridas";"Pleno dia";"Decrescente";"Sol";"Simples";"Reta";"Não";1;0;1;0;0;0;1;1;-17,98777898;-47,79677995;"SPRF-GO";"DEL06-GO";"UOP01-DEL06-GO"
106441;2018-01-26;"sexta-feira";"23:30:00";"AC";364;123,3;"RIO BRANCO";"Desobediência às normas de trânsito pelo condutor";"Colisão transversal";"Com Vítimas Feridas";"Plena Noite";"Crescente";"Céu Claro";"Dupla";"Reta";"Sim";2;0;1;1;0;0;2;2;-10,01172807;-67,78508127;"SPRF-AC";"DEL01-AC";"UOP01-DEL01-AC"
106442;2018-01-27;"sábado";"01:20:00";"ES";101;314,1;"VILA VELHA";"Falta de Atenção do Pedestre";"Atropelamento de Pedestre";"Com Vítimas Feridas";"Plena Noite";"Decrescente";"Céu Claro";"Simples";"Reta";"Não";2;0;1;0;1;0;1;2;-20,46176;-40,46531;"SPRF-ES";"DEL03-ES";"UOP01-DEL03-ES"
106443;2018-01-27;"sábado";"03:25:00";"ES";101;251,9;"SERRA";"Falta de Atenção à Condução";"Colisão frontal";"Com Vítimas Feridas";"Plena Noite";"Crescente";"Céu Claro";"Simples";"Reta";"Sim";3;0;3;0;0;0;3;2;-20,09612588;-40,33966614;"SPRF-ES";"DEL02-ES";"UOP01-DEL02-ES"
106445;2018-01-27;"sábado";"03:20:00";"RJ";101;60,7;"CAMPOS DOS GOYTACAZES";"Falta de Atenção à Condução";"Capotamento";"Com Vítimas Feridas";"Plena Noite";"Decrescente";"Céu Claro";"Simples";"Reta";"Sim";2;0;1;0;0;1;1;1;-21,73313154;-41,3243866;"SPRF-RJ";"DEL08-RJ";"UOP01-DEL08-RJ"
106446;2018-01-27;"sábado";"03:20:00";"MG";381;649,3;"SANTO ANTONIO DO AMPARO";"Animais na Pista";"Atropelamento de Animal";"Com Vítimas Feridas";"Plena Noite";"Crescente";"Nublado";"Dupla";"Reta";"Sim";2;0;1;0;1;0;1;1;-20,95659043;-44,90425587;"SPRF-MG";"DEL04-MG";"UOP01-DEL04-MG"
106447;2018-01-27;"sábado";"04:00:00";"ES";101;285;"CARIACICA";"Velocidade Incompatível";"Capotamento";"Com Vítimas Feridas";"Plena Noite";"Decrescente";"Céu Claro";"Dupla";"Reta";"Não";5;0;3;0;2;0;3;1;-20,2545476;-40,3745842;"SPRF-ES";"DEL01-ES";"UOP01-DEL01-ES"
106448;2018-01-27;"sábado";"04:00:00";"PR";376;251,5;"APUCARANA";"Condutor Dormindo";"Colisão com objeto estático";"Sem Vítimas";"Plena Noite";"Crescente";"Céu Claro";"Dupla";"Reta";"Não";1;0;0;0;1;0;0;1;-23,62428841;-51,38460588;"SPRF-PR";"DEL07-PR";"UOP03-DEL07-PR"
106449;2018-01-27;"sábado";"03:10:00";"PE";232;236,2;"PESQUEIRA";"Condutor Dormindo";"Capotamento";"Com Vítimas Fatais";"Plena Noite";"Decrescente";"Nublado";"Simples";"Curva";"Não";2;1;0;1;0;0;1;1;-8,408648;-36,922433;"SPRF-PE";"DEL03-PE";"UOP02-DEL03-PE"
106451;2018-01-27;"sábado";"05:00:00";"GO";40;7;"VALPARAISO DE GOIAS";"Não guardar distância de segurança";"Colisão traseira";"Sem Vítimas";"Plena Noite";"Decrescente";"Céu Claro";"Dupla";"Reta";"Sim";2;0;0;0;2;0;0;2;-16,108482;-47,972524;"SPRF-DF";"DEL01-DF";"UOP01-DEL01-DF"
106452;2018-01-27;"sábado";"04:20:00";"PR";116;93,4;"SAO JOSE DOS PINHAIS";"Ingestão de Álcool";"Saída de leito carroçável";"Sem Vítimas";"Plena Noite";"Crescente";"Nublado";"Dupla";"Reta";"Não";1;0;0;0;1;0;0;1;-25,51510128;-49,13055159;"SPRF-PR";"DEL01-PR";"UOP07-DEL01-PR"
106453;2018-01-27;"sábado";"04:40:00";"MG";381;478;"CONTAGEM";"Falta de Atenção à Condução";"Queda de ocupante de veículo";"Com Vítimas Feridas";"Plena Noite";"Crescente";"Céu Claro";"Dupla";"Aclive";"Sim";2;0;2;0;0;0;2;1;-19,9643;-44,044;"SPRF-MG";"DEL01-MG";"UOP03-DEL01-MG"
106455;2018-01-27;"sábado";"05:40:00";"SC";101;219,7;"PALHOCA";"Falta de Atenção à Condução";"Colisão com objeto estático";"Sem Vítimas";"Plena Noite";"Crescente";"Garoa/Chuvisco";"Dupla";"Curva";"Sim";1;0;0;0;1;0;0;1;-27,68768836;-48,66540637;"SPRF-SC";"DEL01-SC";"UOP02-DEL01-SC"