"id";"data_inversa";"dia_semana";"horario";"uf";"br";"km";"municipio";"causa_acidente";"tipo_acidente";"classificacao_acidente";"fase_dia";"sentido_via";"condicao_metereologica";"tipo_pista";"tracado_via";"uso_solo";"pessoas";"mortos";"feridos_leves";"feridos_graves";"ilesos";"ignorados";"feridos";"veiculos";"latitude";"longitude";"regional";"delegacia";"uop"
106456;2018-01-27;"sábado";"05:40:00";"GO";50;96;"CRISTALINA";"Condutor Dormindo";"Saída de leito carroçável";"Sem Vítimas";"Plena Noite";"Crescente";"Céu Claro";"Simples";"Viaduto";"Sim";1;0;0;0;1;0;0;1;-16,769066;-47,614;"SPRF-DF";"DEL01-DF";"UOP02-DEL01-DF"
106459;2018-01-27;"sábado";"03:40:00";"AL";104;32,6;"UNIAO DOS PALMARES";"Ingestão de Álcool";"Tombamento";"Com Vítimas Feridas";"Plena Noite";"Crescente";"Céu Claro";"Simples";"Curva";"Não";1;0;0;1;0;0;1;1;-9,14059544;-36,01716424;"SPRF-AL";"DEL01-AL";"UOP02-DEL01-AL"
106460;2018-01-27;"sábado";"06:00:00";"SC";101;134,3;"BALNEARIO CAMBORIU";"Não guardar distância de segurança";"Colisão traseira";"Com Vítimas Feridas";"Amanhecer";"Crescente";"Chuva";"Dupla";"Reta";"Sim";2;0;0;1;1;0;1;2;-27,00406079;-48,62947729;"SPRF-SC";"DEL04-SC";"UOP03-DEL04-SC"
106463;2018-01-27;"sábado";"04:40:00";"PE";101;78,8;"JABOATAO DOS GUARARAPES";"Animais na Pista";"Atropelamento de Animal";"Com Vítimas Fatais";"Amanhecer";"Decrescente";"Céu Claro";"Dupla";"Reta";"Sim";1;1;0;0;0;0;0;1;-8,142851;-34,946934;"SPRF-PE";"DEL01-PE";"UOP01-DEL01-PE"
106465;2018-01-27;"sábado";"01:00:00";"BA";101;783,3;"ITABELA";"Deficiência ou não Acionamento do Sistema de Iluminação/Sinalização do Veículo";"Colisão com objeto estático";"Com Vítimas Feridas";"Plena Noite";"Crescente";"Nevoeiro/Neblina";"Simples";"Reta";"Não";2;0;1;0;0;1;1;2;-16,83508875;-39,48395936;"SPRF-BA";"DEL09-BA";"UOP01-DEL09-BA"
106469;2018-01-27;"sábado";"07:00:00";"RS";116;248,3;"SAO LEOPOLDO";"Objeto estático sobre o leito carroçável";"Colisão com objeto estático";"Com Vítimas Feridas";"Pleno dia";"Crescente";"Sol";"Dupla";"Reta";"Sim";1;0;1;0;0;0;1;1;-29,77882146;-51,15648055;"SPRF-RS";"DEL01-RS";"UOP02-DEL01-RS"
106471;2018-01-27;"sábado";"07:00:00";"PR";476;150,3;"ARAUCARIA";"Falta de Atenção à Condução";"Saída de leito carroçável";"Sem Vítimas";"Pleno dia";"Decrescente";"Céu Claro";"Dupla";"Reta";"Não";1;0;0;0;1;0;0;1;-25,55992582;-49,37100288;"SPRF-PR";"DEL01-PR";"UOP06-DEL01-PR"
106473;2018-01-27;"sábado";"07:30:00";"RS";392;42,7;"RIO GRANDE";"Não guardar distância de segurança";"Colisão lateral";"Com Vítimas Feridas";"Pleno dia";"Crescente";"Céu Claro";"Dupla";"Reta";"Sim";2;0;2;0;0;0;2;2;-31,94140149;-52,31021047;"SPRF-RS";"DEL07-RS";"UOP02-DEL07-RS"
106474;2018-01-27;"sábado";"00:05:00";"RJ";40;52;"PETROPOLIS";"Falta de Atenção à Condução";"Colisão transversal";"Sem Vítimas";"Plena Noite";"Decrescente";"Chuva";"Simples";"Retorno Regulamentado";"Sim";2;0;0;0;0;2;0;2;-22,33333493;-43,13354278;"SPRF-RJ";"DEL06-RJ";"UOP01-DEL06-RJ"
106476;2018-01-27;"sábado";"07:20:00";"MG";40;476;"SETE LAGOAS";"Desobediência às normas de trânsito pelo condutor";"Queda de ocupante de veículo";"Com Vítimas Feridas";"Pleno dia";"Decrescente";"Céu Claro";"Dupla";"Aclive";"Não";2;0;0;1;1;0;1;2;-19,4745783;-44,2917658;"SPRF-MG";"DEL02-MG";"UOP01-DEL02-MG"
106478;2018-01-27;"sábado";"06:30:00";"PE";316;315,4;"FLORESTA";"Animais na Pista";"Atropelamento de Animal";"Com Vítimas Fatais";"Pleno dia";"Decrescente";"Nublado";"Simples";"Reta";"Não";4;1;0;0;3;0;0;2;-8,69637396;-38,52690311;"SPRF-PE";"DEL04-PE";"UOP03-DEL04-PE"
106479;2018-01-26;"sexta-feira";"12:30:00";"MT";163;523;"DIAMANTINO";"Ultrapassagem Indevida";"Colisão frontal";"Com Vítimas Fatais";"Pleno dia";"Decrescente";"Sol";"Múltipla";"Reta";"Não";8;1;4;3;0;0;7;2;-14,40904;-56,446545;"SPRF-MT";"DEL01-MT";"UOP01-DEL01-MT"
106481;2018-01-27;"sábado";"08:30:00";"PR";476;356;"UNIAO DA VITORIA";"Falta de Atenção à Condução";"Colisão transversal";"Com Vítimas Feridas";"Pleno dia";"Decrescente";"Nublado";"Simples";"Reta";"Não";3;0;1;0;2;0;1;2;-26,19654213;-51,02881193;"SPRF-PR";"DEL02-PR";"UOP03-DEL02-PR"
106482;2018-01-27;"sábado";"08:01:00";"RS";480;70;"ERECHIM";"Velocidade Incompatível";"Saída de leito carroçável";"Com Vítimas Feridas";"Pleno dia";"Crescente";"Céu Claro";"Simples";"Curva";"Não";1;0;1;0;0;0;1;1;-27,63464;-52,274338;"SPRF-RS";"DEL08-RS";"UOP04-DEL08-RS"
106483;2018-01-27;"sábado";"08:30:00";"SP";116;504;"CAJATI";"Velocidade Incompatível";"Capotamento";"Sem Vítimas";"Pleno dia";"Decrescente";"Chuva";"Dupla";"Curva";"Não";2;0;0;0;2;0;0;1;-24,73659;-48,12319;"SPRF-SP";"DEL05-SP";"UAP01-DEL05-SP"
106484;2018-01-27;"sábado";"08:50:00";"MG";40;556,1;"NOVA LIMA";"Defeito Mecânico no Veículo";"Tombamento";"Com Vítimas Feridas";"Pleno dia";"Crescente";"Sol";"Dupla";"Reta";"Sim";2;0;2;0;0;0;2;1;-20,10276089;-43,97495994;"SPRF-MG";"DEL01-MG";"UOP02-DEL01-MG"
106485;2018-01-27;"sábado";"08:00:00";"MG";381;485,2;"BETIM";"Não guardar distância de segurança";"Colisão traseira";"Com Vítimas Feridas";"Pleno dia";"Crescente";"Sol";"Múltipla";"Reta";"Sim";1;0;1;0;0;0;1;1;-19,95552013;-44,09806967;"SPRF-MG";"DEL01-MG";"UOP03-DEL01-MG"
106486;2018-01-27;"sábado";"09:00:00";"RS";158;25,3;"FREDERICO WESTPHALEN";"Falta de Atenção à Condução";"Colisão traseira";"Sem Vítimas";"Pleno dia";"Crescente";"Céu Claro";"Simples";"Reta";"Não";2;0;0;0;2;0;0;2;-27,22468537;-53,32087755;"SPRF-RS";"DEL08-RS";"UOP02-DEL08-RS"
106488;2018-01-27;"sábado";"06:20:00";"TO";153;140,5;"ARAGUAINA";"Avarias e/ou desgaste excessivo no pneu";"Tombamento";"Sem Vítimas";"Pleno dia";"Crescente";"Chuva";"Dupla";"Retorno Regulamentado";"Sim";1;0;0;0;1;0;0;1;-7,17272461;-48,21665257;"SPRF-TO";"DEL02-TO";"UOP01-DEL02-TO"
106489;2018-01-28;"domingo";"09:00:00";"RJ";116;173,1;"SAO JOAO DE MERITI";"Defeito Mecânico no Veículo";"Queda de ocupante de veículo";"Com Vítimas Feridas";"Pleno dia";"Crescente";"Céu Claro";"Dupla";"Reta";"Sim";1;0;1;0;0;0;1;1;-22,79770533;-43,3580482;"SPRF-RJ";"DEL01-RJ";"UOP02-DEL01-RJ"
106491;2018-01-27;"sábado";"08:00:00";"MG";40;510;"RIBEIRAO DAS NEVES";"Ingestão de Álcool";"Colisão traseira";"Com Vítimas Feridas";"Pleno dia";"Crescente";"Céu Claro";"Dupla";"Reta";"Não";2;0;1;0;1;0;1;2;-19,77416481;-44,12386179;"SPRF-MG";"DEL01-MG";"UOP03-DEL01-MG"
106493;2018-01-27;"sábado";"09:00:00";"MG";365;610;"UBERLANDIA";"Não guardar distância de segurança";"Queda de ocupante de veículo";"Com Vítimas Feridas";"Pleno dia";"Crescente";"Céu Claro";"Dupla";"Reta";"Não";1;0;1;0;0;0;1;1;-18,96768414;-48,16314686;"SPRF-MG";"DEL15-MG";"UOP01-DEL15-MG"
106494;2018-01-27;"sábado";"08:30:00";"PA";316;14;"MARITUBA";"Não guardar distância de segurança";"Colisão traseira";"Com Vítimas Feridas";"Pleno dia";"Decrescente";"Céu Claro";"Dupla";"Reta";"Sim";3;0;2;0;1;0;2;2;-1,36688497;-48,32010537;"SPRF-PA";"DEL01-PA";"DEL19/1-UOP05/PA"
106495;2018-01-27;"sábado";"10:00:00";"MG";381;494,7;"BETIM";"Falta de Atenção à Condução";"Colisão traseira";"Com Vítimas Feridas";"Pleno dia";"Crescente";"Céu Claro";"Dupla";"Reta";"Não";2;0;1;0;1;0;1;2;-19,96825;-44,198708;"SPRF-MG";"DEL01-MG";"UOP03-DEL01-MG"
106496;2018-01-27;"sábado";"10:30:00";"SC";101;82;"BARRA VELHA";"Falta de Atenção à Condução";"Colisão traseira";"Sem Vítimas";"Pleno dia";"Decrescente";"Nublado";"Dupla";"Curva";"Não";2;0;0;0;2;0;0;2;-26,61326615;-48,7207371;"SPRF-SC";"DEL03-SC";"UOP02-DEL03-SC"
106497;2018-01-27;"sábado";"10:30:00";"SP";153;58,9;"SAO JOSE DO RIO PRETO";"Ingestão de Álcool";"Colisão transversal";"Com Vítimas Feridas";"Pleno dia";"Decrescente";"Céu Claro";"Simples";"Interseção de Vias";"Sim";4;0;1;0;3;0;1;2;-20,78547181;-49,35378746;"SPRF-SP";"DEL09-SP";"UOP01-DEL09-SP"
106498;2018-01-27;"sábado";"10:05:00";"SC";101;347,7;"TREZE DE MAIO";"Falta de Atenção à Condução";"Colisão lateral";"Com Vítimas Feridas";"Pleno dia";"Crescente";"Sol";"Dupla";"Reta";"Não";1;0;1;0;0;0;1;1;-28,56531135;-49,05390836;"SPRF-SC";"DEL02-SC";"UOP01-DEL02-SC"
106500;2018-01-27;"sábado";"09:30:00";"CE";116;295,4;"JAGUARIBE";"Defeito na Via";"Capotamento";"Sem Vítimas";"Pleno dia";"Decrescente";"Chuva";"Simples";"Reta";"Não";3;0;0;0;3;0;0;1;-5,8731466;-38,6027362;"SPRF-CE";"DEL05-CE";"UOP02-DEL05-CE"
106501;2018-01-27;"sábado";"09:00:00";"MT";364;272,8;"JACIARA";"Velocidade Incompatível";"Colisão transversal";"Com Vítimas Feridas";"Pleno dia";"Decrescente";"Céu Claro";"Dupla";"Reta";"Sim";2;0;1;0;1;0;1;2;-15,96173137;-54,96564114;"SPRF-MT";"DEL02-MT";"UOP02-DEL05-MT"
106502;2018-01-27;"sábado";"08:50:00";"PE";232;361,2;"FLORES";"Ultrapassagem Indevida";"Colisão traseira";"Sem Vítimas";"Pleno dia";"Decrescente";"Nublado";"Simples";"Aclive";"Não";9;0;0;0;9;0;0;3;-8,04638106;-37,8600508;"SPRF-PE";"DEL04-PE";"UOP01-DEL04-PE"
106503;2018-01-27;"sábado";"10:30:00";"MG";381;0,8;"BETIM";"Velocidade Incompatível";"Colisão traseira";"Com Vítimas Feridas";"Pleno dia";"Crescente";"Sol";"Múltipla";"Reta";"Sim";8;0;8;0;0;0;8;2;-19,96036203;-44,15497398;"SPRF-MG";"DEL01-MG";"UOP03-DEL01-MG"
106504;2018-01-27;"sábado";"04:00:00";"RJ";116;177;"NOVA IGUACU";"Pista Escorregadia";"Saída de leito carroçável";"Sem Vítimas";"Plena Noite";"Crescente";"Chuva";"Dupla";"Reta";"Sim";1;0;0;0;0;1;0;1;-22,780552;-43,392086;"SPRF-RJ";"DEL01-RJ";"UOP02-DEL01-RJ"
106505;2018-01-27;"sábado";"10:55:00";"MG";381;543;"ITATIAIUCU";"Não guardar distância de segurança";"Colisão traseira";"Sem Vítimas";"Pleno dia";"Crescente";"Céu Claro";"Múltipla";"Reta";"Não";2;0;0;0;2;0;0;2;-20,24301222;-44,41246748;"SPRF-MG";"DEL04-MG";"UOP03-DEL04-MG"
106506;2018-01-27;"sábado";"07:00:00";"PA";155;252;"ELDORADO DO CARAJAS";"Condutor Dormindo";"Saída de leito carroçável";"Com Vítimas Feridas";"Pleno dia";"Crescente";"Chuva";"Simples";"Reta";"Não";1;0;0;1;0;0;1;1;-6,095552;-49,34058;"SPRF-PA";"DEL03-PA";"UOP01-DEL03-PA"
106507;2018-01-27;"sábado";"10:15:00";"RS";285;121,9;"VACARIA";"Não guardar distância de segurança";"Colisão traseira";"Sem Vítimas";"Pleno dia";"Decrescente";"Céu Claro";"Simples";"Reta";"Sim";4;0;0;0;4;0;0;4;-28,50538753;-50,9445101;"SPRF-RS";"DEL05-RS";"UOP03-DEL05-RS"
106508;2018-01-27;"sábado";"10:30:00";"SP";116;64,4;"GUARATINGUETA";"Velocidade Incompatível";"Saída de leito carroçável";"Sem Vítimas";"Pleno dia";"Decrescente";"Nublado";"Dupla";"Reta";"Não";1;0;0;0;0;1;0;1;-22,86315934;-45,23698507;"SPRF-SP";"DEL08-SP";"UOP01-DEL08-SP"
106509;2018-01-27;"sábado";"10:30:00";"MG";381;755,9;"TRES CORACOES";"Não guardar distância de segurança";"Danos eventuais";"Com Vítimas Feridas";"Pleno dia";"Crescente";"Sol";"Dupla";"Reta";"Não";3;0;1;0;2;0;1;2;-21,67401975;-45,3364563;"SPRF-MG";"DEL16-MG";"UOP02-DEL16-MG"
106510;2018-01-27;"sábado";"11:10:00";"SC";282;16;"PALHOCA";"Desobediência às normas de trânsito pelo condutor";"Colisão transversal";"Com Vítimas Feridas";"Pleno dia";"Decrescente";"Céu Claro";"Simples";"Reta";"Sim";2;0;1;0;1;0;1;2;-27,658611;-48,681847;"SPRF-SC";"DEL01-SC";"UOP02-DEL01-SC"
106512;2018-01-27;"sábado";"10:00:00";"BA";324;576;"CANDEIAS";"Falta de Atenção à Condução";"Saída de leito carroçável";"Com Vítimas Feridas";"Pleno dia";"Crescente";"Céu Claro";"Dupla";"Reta";"Não";2;0;1;0;1;0;1;2;-12,58283196;-38,53176445;"SPRF-BA";"DEL01-BA";"UOP01-DEL01-BA"
106513;2018-01-27;"sábado";"11:00:00";"PR";369;504,9;"CORBELIA";"Falta de Atenção à Condução";"Colisão transversal";"Com Vítimas Feridas";"Pleno dia";"Decrescente";"Céu Claro";"Simples";"Reta";"Não";7;0;3;0;4;0;3;2;-24,82435927;-53,29747845;"SPRF-PR";"DEL04-PR";"UOP03-DEL04-PR"
106514;2018-01-27;"sábado";"09:00:00";"CE";222;56,7;"SAO GONCALO DO AMARANTE";"Avarias e/ou desgaste excessivo no pneu";"Saída de leito carroçável";"Com Vítimas Feridas";"Pleno dia";"Crescente";"Chuva";"Simples";"Reta";"Não";2;0;2;0;0;0;2;1;-3,67001131;-39,05373573;"SPRF-CE";"DEL01-CE";"UOP03-DEL01-CE"
106516;2018-01-27;"sábado";"09:40:00";"CE";304;53,3;"ARACATI";"Falta de Atenção à Condução";"Colisão traseira";"Sem Vítimas";"Pleno dia";"Crescente";"Chuva";"Simples";"Reta";"Não";2;0;0;0;2;0;0;2;-4,5749926;-37,73384615;"SPRF-CE";"DEL03-CE";"UOP03-DEL03-CE"
106518;2018-01-27;"sábado";"10:45:00";"AL";316;253,7;"PILAR";"Falta de Atenção à Condução";"Colisão lateral";"Com Vítimas Feridas";"Pleno dia";"Crescente";"Céu Claro";"Simples";"Reta";"Sim";3;0;0;2;1;0;2;2;-9,597656;-35,956963;"SPRF-AL";"DEL02-AL";"UOP01-DEL02-AL"
106520;2018-01-27;"sábado";"11:50:00";"RS";116;146,1;"CAXIAS DO SUL";"Falta de Atenção à Condução";"Colisão traseira";"Sem Vítimas";"Pleno dia";"Crescente";"Céu Claro";"Simples";"Reta";"Sim";9;0;0;0;9;0;0;2;-29,1429035;-51,13716245;"SPRF-RS";"DEL05-RS";"UOP01-DEL05-RS"
106521;2018-01-27;"sábado";"11:00:00";"RN";101;80,5;"SAO GONCALO DO AMARANTE";"Pista Escorregadia";"Colisão traseira";"Com Vítimas Feridas";"Pleno dia";"Crescente";"Garoa/Chuvisco";"Dupla";"Rotatória";"Sim";2;0;1;0;1;0;1;2;-5,76272719;-35,28713299;"SPRF-RN";"DEL02-RN";"UOP01-DEL02-RN"
106522;2018-01-27;"sábado";"11:55:00";"GO";50;112,4;"CRISTALINA";"Avarias e/ou desgaste excessivo no pneu";"Saída de leito carroçável";"Com Vítimas Feridas";"Pleno dia";"Crescente";"Nublado";"Dupla";"Reta";"Não";2;0;2;0;0;0;2;1;-16,87699712;-47,67971992;"SPRF-DF";"DEL01-DF";"UOP02-DEL01-DF"
106523;2018-01-27;"sábado";"12:00:00";"PR";277;32;"MORRETES";"Velocidade Incompatível";"Queda de ocupante de veículo";"Com Vítimas Feridas";"Pleno dia";"Decrescente";"Chuva";"Múltipla";"Curva";"Não";2;0;1;0;1;0;1;1;-25,56152943;-48,81224513;"SPRF-PR";"DEL01-PR";"UOP05-DEL01-PR"
106524;2018-01-27;"sábado";"10:00:00";"MG";116;275,5;"TEOFILO OTONI";"Desobediência às normas de trânsito pelo condutor";"Colisão transversal";"Com Vítimas Feridas";"Pleno dia";"Crescente";"Céu Claro";"Dupla";"Interseção de Vias";"Sim";3;0;1;0;1;1;1;3;-17,84680526;-41,515553;"SPRF-MG";"DEL11-MG";"UOP01-DEL11-MG"
106525;2018-01-27;"sábado";"12:15:00";"MG";381;521,7;"BRUMADINHO";"Velocidade Incompatível";"Saída de leito carroçável";"Sem Vítimas";"Pleno dia";"Crescente";"Sol";"Dupla";"Curva";"Não";1;0;0;0;1;0;0;1;-20,1265;-44,3024;"SPRF-MG";"DEL04-MG";"UOP03-DEL04-MG"
106527;2018-01-27;"sábado";"11:45:00";"SC";282;225;"LAGES";"Desobediência às normas de trânsito pelo condutor";"Colisão transversal";"Sem Vítimas";"Pleno dia";"Crescente";"Nublado";"Simples";"Interseção de Vias";"Sim";2;0;0;0;2;0;0;2;-27,79975914;-50,36361068;"SPRF-SC";"DEL05-SC";"UOP02-DEL05-SC"
106528;2018-01-27;"sábado";"00:10:00";"RJ";101;95;"CAMPOS DOS GOYTACAZES";"Condutor Dormindo";"Colisão lateral";"Com Vítimas Feridas";"Plena Noite";"Decrescente";"Nublado";"Dupla";"Reta";"Não";2;0;1;0;1;0;1;2;-21,869604;-41,547123;"SPRF-RJ";"DEL08-RJ";"UOP02-DEL08-RJ"
106529;2018-01-27;"sábado";"13:00:00";"DF";40;1;"BRASILIA";"Falta de Atenção à Condução";"Colisão lateral";"Com Vítimas Feridas";"Pleno dia";"Crescente";"Céu Claro";"Dupla";"Reta";"Sim";2;0;1;0;1;0;1;2;-15,993942;-47,986098;"SPRF-DF";"DEL01-DF";"UOP01-DEL01-DF"
106531;2018-01-27;"sábado";"12:55:00";"RJ";116;123;"MAGE";"Falta de Atenção à Condução";"Saída de leito carroçável";"Sem Vítimas";"Pleno dia";"Crescente";"Nublado";"Dupla";"Reta";"Não";1;0;0;0;1;0;0;1;-22,605041;-43,064174;"SPRF-RJ";"DEL04-RJ";"UOP02-DEL04-RJ"
106533;2018-01-27;"sábado";"12:50:00";"MG";365;490;"PATROCINIO";"Falta de Atenção à Condução";"Capotamento";"Sem Vítimas";"Pleno dia";"Decrescente";"Chuva";"Simples";"Curva";"Não";1;0;0;0;1;0;0;1;-18,90303846;-47,15091705;"SPRF-MG";"DEL10-MG";"UOP01-DEL10-MG"
106535;2018-01-27;"sábado";"12:30:00";"MG";50;81;"UBERLANDIA";"Falta de Atenção à Condução";"Colisão traseira";"Com Vítimas Feridas";"Pleno dia";"Crescente";"Sol";"Simples";"Viaduto";"Não";2;0;1;0;1;0;1;2;-18,97025393;-48,21583718;"SPRF-MG";"DEL15-MG";"UOP01-DEL15-MG"
106536;2018-01-27;"sábado";"08:20:00";"RO";364;440;"JARU";"Não guardar distância de segurança";"Colisão traseira";"Com Vítimas Feridas";"Pleno dia";"Crescente";"Céu Claro";"Simples";"Reta";"Não";7;0;1;0;6;0;1;2;-10,354854;-62,581497;"SPRF-RO";"DEL03-RO";"UOP02-DEL03-RO"
106537;2018-01-27;"sábado";"13:15:00";"MG";381;478;"CONTAGEM";"Ingestão de Álcool";"Colisão com objeto estático";"Com Vítimas Feridas";"Pleno dia";"Decrescente";"Sol";"Dupla";"Reta";"Sim";2;0;1;0;1;0;1;1;-19,96193384;-44,03856754;"SPRF-MG";"DEL01-MG";"UOP03-DEL01-MG"
106538;2018-01-27;"sábado";"12:00:00";"CE";20;337,8;"CARIDADE";"Fenômenos da Natureza";"Saída de leito carroçável";"Sem Vítimas";"Pleno dia";"Decrescente";"Chuva";"Simples";"Curva";"Não";1;0;0;0;1;0;0;1;-4,232621;-39,192818;"SPRF-CE";"DEL02-CE";"UOP01-DEL02-CE"
106539;2018-01-27;"sábado";"10:30:00";"MG";381;705,3;"LAVRAS";"Velocidade Incompatível";"Colisão com objeto estático";"Sem Vítimas";"Pleno dia";"Crescente";"Céu Claro";"Dupla";"Curva";"Não";1;0;0;0;1;0;0;1;-21,32127228;-45,16649972;"SPRF-MG";"DEL04-MG";"UOP02-DEL04-MG"
106540;2018-01-27;"sábado";"13:00:00";"GO";452;3;"RIO VERDE";"Não guardar distância de segurança";"Capotamento";"Sem Vítimas";"Pleno dia";"Crescente";"Céu Claro";"Dupla";"Reta";"Sim";2;0;0;0;2;0;0;1;-17,79883042;-50,88103294;"SPRF-GO";"DEL04-GO";"UOP01-DEL04-GO"
106543;2018-01-27;"sábado";"13:40:00";"MG";262;368,4;"JUATUBA";"Falta de Atenção à Condução";"Tombamento";"Com Vítimas Feridas";"Pleno dia";"Decrescente";"Céu Claro";"Dupla";"Curva";"Sim";1;0;1;0;0;0;1;1;-19,96053212;-44,33723688;"SPRF-MG";"DEL01-MG";"UOP03-DEL01-MG"
106544;2018-01-27;"sábado";"14:00:00";"PR";277;32,8;"MORRETES";"Falta de Atenção à Condução";"Saída de leito carroçável";"Sem Vítimas";"Pleno dia";"Decrescente";"Nublado";"Dupla";"Curva";"Não";1;0;0;0;1;0;0;1;-25,55978725;-48,81551743;"SPRF-PR";"DEL01-PR";"UOP05-DEL01-PR"
106547;2018-01-27;"sábado";"14:00:00";"GO";20;11,2;"FORMOSA";"Pista Escorregadia";"Saída de leito carroçável";"Sem Vítimas";"Pleno dia";"Crescente";"Chuva";"Simples";"Reta";"Sim";3;0;0;0;3;0;0;1;-15,56261409;-47,25631085;"SPRF-DF";"DEL02-DF";"UOP01-DEL02-DF"
106548;2018-01-27;"sábado";"10:00:00";"MG";262;40,1;"MANHUACU";"Falta de Atenção à Condução";"Colisão transversal";"Com Vítimas Feridas";"Pleno dia";"Decrescente";"Céu Claro";"Simples";"Reta";"Sim";5;0;4;1;0;0;5;2;-20,2471317;-42,1424401;"SPRF-MG";"DEL06-MG";"UOP03-DEL06-MG"
106549;2018-01-27;"sábado";"14:00:00";"RJ";116;200;"SEROPEDICA";"Falta de Atenção à Condução";"Colisão traseira";"Com Vítimas Feridas";"Pleno dia";"Crescente";"Céu Claro";"Dupla";"Reta";"Sim";7;0;3;0;4;0;3;4;-22,72625611;-43,64987254;"SPRF-RJ";"DEL01-RJ";"UOP03-DEL01-RJ"
106550;2018-01-27;"sábado";"14:15:00";"PR";277;604;"SANTA TEREZA DO OESTE";"Avarias e/ou desgaste excessivo no pneu";"Capotamento";"Sem Vítimas";"Pleno dia";"Crescente";"Céu Claro";"Simples";"Reta";"Não";1;0;0;0;1;0;0;1;-25,029057;-53,569607;"SPRF-PR";"DEL05-PR";"UOP02-DEL05-PR"
106551;2018-01-27;"sábado";"14:00:00";"SC";470;102,5;"APIUNA";"Velocidade Incompatível";"Colisão traseira";"Sem Vítimas";"Pleno dia";"Decrescente";"Nublado";"Simples";"Reta";"Sim";3;0;0;0;2;1;0;3;-27,06345146;-49,39674691;"SPRF-SC";"DEL04-SC";"UOP02-DEL04-SC"
106552;2018-01-27;"sábado";"12:02:00";"RS";285;292,2;"PASSO FUNDO";"Desobediência às normas de trânsito pelo condutor";"Colisão transversal";"Sem Vítimas";"Pleno dia";"Crescente";"Céu Claro";"Simples";"Interseção de Vias";"Sim";2;0;0;0;2;0;0;2;-28,23703698;-52,37415433;"SPRF-RS";"DEL08-RS";"UOP03-DEL08-RS"
106553;2018-01-27;"sábado";"14:00:00";"ES";101;286,6;"CARIACICA";"Defeito na Via";"Queda de ocupante de veículo";"Com Vítimas Feridas";"Pleno dia";"Decrescente";"Céu Claro";"Dupla";"Reta";"Não";1;0;1;0;0;0;1;1;-20,2651978;-40,386137;"SPRF-ES";"DEL01-ES";"UOP01-DEL01-ES"
106554;2018-01-27;"sábado";"14:20:00";"RS";116;235,2;"NOVO HAMBURGO";"Falta de Atenção à Condução";"Colisão lateral";"Com Vítimas Feridas";"Pleno dia";"Decrescente";"Sol";"Dupla";"Reta";"Sim";3;0;1;0;2;0;1;2;-29,65835321;-51,14401817;"SPRF-RS";"DEL01-RS";"UOP02-DEL01-RS"
106555;2018-01-27;"sábado";"13:20:00";"RJ";101;313;"SAO GONCALO";"Defeito na Via";"Colisão traseira";"Sem Vítimas";"Pleno dia";"Decrescente";"Chuva";"Dupla";"Reta";"Sim";2;0;0;0;2;0;0;2;-22,7852374;-42,987246;"SPRF-RJ";"DEL02-RJ";"DEL5/2-UOP04/RJ"
106557;2018-01-27;"sábado";"14:00:00";"SC";280;35,9;"ARAQUARI";"Não guardar distância de segurança";"Colisão traseira";"Com Vítimas Feridas";"Pleno dia";"Decrescente";"Garoa/Chuvisco";"Simples";"Curva";"Não";2;0;1;0;0;1;1;2;-26,44145943;-48,80877972;"SPRF-SC";"DEL03-SC";"UOP03-DEL03-SC"
106558;2018-01-27;"sábado";"15:00:00";"MG";381;928,7;"ITAPEVA";"Velocidade Incompatível";"Saída de leito carroçável";"Sem Vítimas";"Pleno dia";"Decrescente";"Chuva";"Dupla";"Curva";"Não";1;0;0;0;1;0;0;1;-22,76985032;-46,23031855;"SPRF-MG";"DEL16-MG";"UOP03-DEL16-MG"
106559;2018-01-27;"sábado";"14:25:00";"SC";470;7,6;"NAVEGANTES";"Não guardar distância de segurança";"Colisão traseira";"Sem Vítimas";"Pleno dia";"Decrescente";"Nublado";"Simples";"Reta";"Sim";2;0;0;0;1;1;0;2;-26,85665726;-48,69717836;"SPRF-SC";"DEL04-SC";"UOP04-DEL04-SC"
106560;2018-01-27;"sábado";"15:00:00";"SC";101;223,5;"PALHOCA";"Falta de Atenção à Condução";"Queda de ocupante de veículo";"Com Vítimas Feridas";"Pleno dia";"Crescente";"Nublado";"Simples";"Reta";"Sim";1;0;0;1;0;0;1;1;-27,7336;-48,6407;"SPRF-SC";"DEL01-SC";"UOP02-DEL01-SC"
106561;2018-01-27;"sábado";"15:15:00";"SC";470;59;"BLUMENAU";"Falta de Atenção à Condução";"Colisão transversal";"Com Vítimas Feridas";"Pleno dia";"Crescente";"Garoa/Chuvisco";"Simples";"Reta";"Sim";2;0;2;0;0;0;2;1;-26,88196091;-49,13883358;"SPRF-SC";"DEL04-SC";"UOP01-DEL04-SC"
106562;2018-01-27;"sábado";"15:20:00";"PR";369;202;"APUCARANA";"Não guardar distância de segurança";"Colisão traseira";"Com Vítimas Feridas";"Pleno dia";"Crescente";"Céu Claro";"Dupla";"Reta";"Sim";4;0;2;0;2;0;2;2;-23,54763559;-51,45120944;"SPRF-PR";"DEL07-PR";"UOP03-DEL07-PR"
106564;2018-01-27;"sábado";"15:15:00";"MG";459;34,1;"CALDAS";"Falta de Atenção à Condução";"Colisão transversal";"Com Vítimas Feridas";"Pleno dia";"Decrescente";"Nublado";"Simples";"Declive;Reta";"Não";2;0;0;1;1;0;1;2;-21,95837016;-46,33779466;"SPRF-MG";"DEL09-MG";"UOP01-DEL09-MG"