"id";"data_inversa";"dia_semana";"horario";"uf";"br";"km";"municipio";"causa_acidente";"tipo_acidente";"classificacao_acidente";"fase_dia";"sentido_via";"condicao_metereologica";"tipo_pista";"tracado_via";"uso_solo";"pessoas";"mortos";"feridos_leves";"feridos_graves";"ilesos";"ignorados";"feridos";"veiculos";"latitude";"longitude";"regional";"delegacia";"uop"
106795;2018-01-28;"domingo";"13:12:00";"SC";101;211,8;"PALHOCA";"Desobediência às normas de trânsito pelo condutor";"Colisão frontal";"Com Vítimas Feridas";"Pleno dia";"Decrescente";"Nublado";"Simples";"Interseção de Vias";"Sim";2;0;0;1;1;0;1;2;-27,62482797;-48,65372797;"SPRF-SC";"DEL01-SC";"UOP02-DEL01-SC"
106796;2018-01-28;"domingo";"12:10:00";"PB";101;114;"CAAPORA";"Falta de Atenção à Condução";"Capotamento";"Com Vítimas Feridas";"Pleno dia";"Decrescente";"Céu Claro";"Dupla";"Reta";"Não";2;0;0;1;1;0;1;1;-7,39529654;-34,95561272;"SPRF-PB";"DEL01-PB";"UOP01-DEL01-PB"
106799;2018-01-28;"domingo";"12:20:00";"ES";101;434,8;"ATILIO VIVACQUA";"Condutor Dormindo";"Saída de leito carroçável";"Com Vítimas Feridas";"Pleno dia";"Decrescente";"Céu Claro";"Simples";"Declive";"Não";4;0;1;3;0;0;4;1;-20,91465;-41,19869;"SPRF-ES";"DEL03-ES";"UOP02-DEL03-ES"
106800;2018-01-23;"terça-feira";"17:12:00";"SC";101;133;"BALNEARIO CAMBORIU";"Falta de Atenção à Condução";"Colisão traseira";"Com Vítimas Feridas";"Pleno dia";"Crescente";"Nublado";"Dupla";"Reta";"Sim";1;0;1;0;0;0;1;1;-26,9961253;-48,65844727;"SPRF-SC";"DEL04-SC";"UOP03-DEL04-SC"
106801;2018-01-28;"domingo";"12:15:00";"PB";230;27,1;"JOAO PESSOA";"Velocidade Incompatível";"Colisão com objeto estático";"Com Vítimas Feridas";"Pleno dia";"Crescente";"Sol";"Dupla";"Reta";"Sim";2;0;1;0;1;0;1;2;-7,16516823;-34,89062042;"SPRF-PB";"DEL01-PB";"UOP01-DEL01-PB"
106804;2018-01-28;"domingo";"05:30:00";"AM";319;676,5;"HUMAITA";"Falta de Atenção à Condução";"Saída de leito carroçável";"Com Vítimas Feridas";"Amanhecer";"Crescente";"Céu Claro";"Simples";"Reta";"Não";1;0;1;0;0;0;1;1;-7,51669344;-63,03664863;"SPRF-RO";"DEL01-RO";"UOP05-DEL01-AM"
106805;2018-01-28;"domingo";"12:20:00";"RJ";101;92;"CAMPOS DOS GOYTACAZES";"Falta de Atenção à Condução";"Colisão com objeto estático";"Sem Vítimas";"Pleno dia";"Decrescente";"Céu Claro";"Dupla";"Reta";"Não";1;0;0;0;1;0;0;1;-21,854557;-41,526257;"SPRF-RJ";"DEL08-RJ";"UOP02-DEL08-RJ"
106806;2018-01-28;"domingo";"10:25:00";"MG";356;279,3;"EUGENOPOLIS";"Desobediência às normas de trânsito pelo condutor";"Tombamento";"Com Vítimas Feridas";"Pleno dia";"Decrescente";"Céu Claro";"Simples";"Declive;Curva";"Não";2;0;2;0;0;0;2;1;-21,12515737;-42,25473762;"SPRF-MG";"DEL07-MG";"UOP02-DEL07-MG"
106807;2018-01-28;"domingo";"14:35:00";"SC";101;215;"PALHOCA";"Desobediência às normas de trânsito pelo condutor";"Colisão lateral";"Com Vítimas Feridas";"Pleno dia";"Decrescente";"Nublado";"Dupla";"Reta";"Sim";4;0;1;1;2;0;2;3;-27,6601;-48,6774;"SPRF-SC";"DEL01-SC";"UOP02-DEL01-SC"
106808;2018-01-28;"domingo";"14:15:00";"RS";285;197,7;"LAGOA VERMELHA";"Falta de Atenção à Condução";"Colisão transversal";"Com Vítimas Feridas";"Pleno dia";"Crescente";"Nublado";"Simples";"Curva";"Sim";3;0;1;0;2;0;1;2;-28,21211366;-51,51042402;"SPRF-RS";"DEL08-RS";"UOP05-DEL08-RS"
106809;2018-01-28;"domingo";"13:20:00";"MT";70;597,5;"POCONE";"Fenômenos da Natureza";"Saída de leito carroçável";"Sem Vítimas";"Pleno dia";"Crescente";"Chuva";"Simples";"Reta";"Sim";1;0;0;0;1;0;0;1;-15,8482838;-56,79339409;"SPRF-MT";"DEL03-MT";"UOP02-DEL03-MT"
106810;2018-01-28;"domingo";"14:20:00";"RS";116;247,6;"SAO LEOPOLDO";"Desobediência às normas de trânsito pelo condutor";"Colisão transversal";"Com Vítimas Feridas";"Pleno dia";"Crescente";"Nublado";"Múltipla";"Interseção de Vias";"Sim";3;0;2;0;1;0;2;2;-29,77225157;-51,15389407;"SPRF-RS";"DEL01-RS";"UOP02-DEL01-RS"
106816;2018-01-28;"domingo";"13:30:00";"MA";316;589,5;"TIMON";"Não guardar distância de segurança";"Colisão traseira";"Com Vítimas Fatais";"Pleno dia";"Crescente";"Céu Claro";"Simples";"Reta";"Não";6;1;4;0;0;1;4;3;-4,99703529;-43,0436429;"SPRF-MA";"DEL03-MA";"UOP02-DEL03-MA"
106817;2018-01-28;"domingo";"15:00:00";"SP";116;95,8;"PINDAMONHANGABA";"Desobediência às normas de trânsito pelo condutor";"Colisão traseira";"Sem Vítimas";"Pleno dia";"Crescente";"Céu Claro";"Dupla";"Reta";"Sim";2;0;0;0;2;0;0;2;-22,96871346;-45,43724305;"SPRF-SP";"DEL06-SP";"UOP01-DEL06-SP"
106818;2018-01-28;"domingo";"15:05:00";"SC";101;215;"PALHOCA";"Falta de Atenção à Condução";"Colisão traseira";"Sem Vítimas";"Pleno dia";"Crescente";"Céu Claro";"Simples";"Reta";"Sim";3;0;0;0;3;0;0;2;-27,6601;-48,6774;"SPRF-SC";"DEL01-SC";"UOP02-DEL01-SC"
106819;2018-01-28;"domingo";"15:15:00";"MG";146;538,5;"MUZAMBINHO";"Restrição de Visibilidade";"Colisão transversal";"Com Vítimas Feridas";"Pleno dia";"Decrescente";"Chuva";"Simples";"Interseção de Vias";"Sim";6;0;4;1;1;0;5;2;-21,35468317;-46,51641101;"SPRF-MG";"DEL09-MG";"UOP01-DEL09-MG"
106820;2018-01-28;"domingo";"13:20:00";"PA";10;322;"SAO MIGUEL DO GUAMA";"Velocidade Incompatível";"Colisão transversal";"Com Vítimas Feridas";"Pleno dia";"Decrescente";"Nublado";"Simples";"Reta;Interseção de Vias";"Sim";2;0;0;1;1;0;1;2;-1,619396;-47,479702;"SPRF-PA";"DEL01-PA";"UOP02-DEL01-PA"
106821;2018-01-28;"domingo";"12:45:00";"PE";232;186;"BELO JARDIM";"Defeito Mecânico no Veículo";"Queda de ocupante de veículo";"Com Vítimas Feridas";"Pleno dia";"Crescente";"Céu Claro";"Simples";"Reta";"Não";2;0;2;0;0;0;2;1;-8,335981;-36,424465;"SPRF-PE";"DEL02-PE";"UOP03-DEL02-PE"
106822;2018-01-28;"domingo";"14:30:00";"MG";381;521;"BRUMADINHO";"Velocidade Incompatível";"Queda de ocupante de veículo";"Com Vítimas Feridas";"Pleno dia";"Decrescente";"Céu Claro";"Dupla";"Curva;Declive";"Não";4;0;4;0;0;0;4;2;-20,1265;-44,3024;"SPRF-MG";"DEL04-MG";"UOP03-DEL04-MG"
106823;2018-01-28;"domingo";"15:10:00";"SC";470;11,9;"NAVEGANTES";"Falta de Atenção à Condução";"Colisão transversal";"Com Vítimas Feridas";"Pleno dia";"Crescente";"Céu Claro";"Simples";"Interseção de Vias";"Não";2;0;1;0;1;0;1;2;-26,8335625;-48,73634756;"SPRF-SC";"DEL04-SC";"UOP04-DEL04-SC"
106825;2018-01-28;"domingo";"15:07:00";"GO";153;436;"ANAPOLIS";"Falta de Atenção do Pedestre";"Atropelamento de Pedestre";"Com Vítimas Fatais";"Pleno dia";"Decrescente";"Céu Claro";"Dupla";"Aclive";"Sim";3;1;0;0;2;0;0;2;-16,28716202;-48,94222498;"SPRF-GO";"DEL02-GO";"UOP01-DEL02-GO"
106827;2018-01-28;"domingo";"15:30:00";"ES";259;13,9;"JOAO NEIVA";"Falta de Atenção à Condução";"Queda de ocupante de veículo";"Com Vítimas Feridas";"Pleno dia";"Crescente";"Céu Claro";"Simples";"Reta";"Não";2;0;2;0;0;0;2;1;-19,65197434;-40,41725546;"SPRF-ES";"DEL02-ES";"UOP01-DEL02-ES"
106828;2018-01-28;"domingo";"15:55:00";"PR";376;615;"SAO JOSE DOS PINHAIS";"Defeito Mecânico no Veículo";"Queda de ocupante de veículo";"Com Vítimas Feridas";"Pleno dia";"Crescente";"Sol";"Dupla";"Reta";"Sim";2;0;1;0;1;0;1;1;-25,5307;-49,1958;"SPRF-PR";"DEL01-PR";"DEL7/1-UOP08/PR"
106829;2018-01-28;"domingo";"16:00:00";"SC";101;220,1;"PALHOCA";"Falta de Atenção à Condução";"Tombamento";"Com Vítimas Feridas";"Pleno dia";"Crescente";"Nublado";"Simples";"Curva";"Sim";1;0;1;0;0;0;1;1;-27,702;-48,6594;"SPRF-SC";"DEL01-SC";"UOP02-DEL01-SC"
106830;2018-01-28;"domingo";"15:45:00";"DF";70;14,7;"BRASILIA";"Falta de Atenção à Condução";"Colisão com objeto estático";"Com Vítimas Feridas";"Pleno dia";"Crescente";"Céu Claro";"Simples";"Reta";"Não";2;0;2;0;0;0;2;1;-15,79906721;-48,18147984;"SPRF-DF";"DEL01-DF";"UOP02-DEL03-DF"
106831;2018-01-28;"domingo";"13:50:00";"MT";70;601;"POCONE";"Fenômenos da Natureza";"Saída de leito carroçável";"Sem Vítimas";"Pleno dia";"Decrescente";"Chuva";"Simples";"Curva";"Não";1;0;0;0;1;0;0;1;-15,85038928;-56,81401491;"SPRF-MT";"DEL03-MT";"UOP02-DEL03-MT"
106833;2018-01-28;"domingo";"10:30:00";"SP";381;76;"SAO PAULO";"Velocidade Incompatível";"Saída de leito carroçável";"Sem Vítimas";"Pleno dia";"Crescente";"Sol";"Dupla";"Curva";"Não";1;0;0;0;1;0;0;1;-23,38377607;-46,56520233;"SPRF-SP";"DEL03-SP";"DEL6/3-UOP03/SP"
106834;2018-01-28;"domingo";"15:00:00";"PI";343;336,3;"TERESINA";"Falta de Atenção à Condução";"Colisão transversal";"Com Vítimas Feridas";"Pleno dia";"Decrescente";"Céu Claro";"Simples";"Reta";"Sim";2;0;2;0;0;0;2;2;-5,06324414;-42,70226218;"SPRF-PI";"DEL01-PI";"UOP01-DEL01-PI"
106836;2018-01-28;"domingo";"14:40:00";"PR";469;15,1;"FOZ DO IGUACU";"Falta de Atenção à Condução";"Colisão transversal";"Com Vítimas Feridas";"Pleno dia";"Decrescente";"Sol";"Simples";"Interseção de Vias";"Sim";3;0;1;0;2;0;1;2;-25,58154444;-54,52968039;"SPRF-PR";"DEL05-PR";"UOP04-DEL05-PR"
106838;2018-01-28;"domingo";"14:20:00";"SC";470;103;"APIUNA";"Falta de Atenção à Condução";"Engavetamento";"Sem Vítimas";"Pleno dia";"Decrescente";"Sol";"Simples";"Reta";"Não";4;0;0;0;4;0;0;4;-27,04636424;-49,39298362;"SPRF-SC";"DEL04-SC";"UOP02-DEL04-SC"
106839;2018-01-28;"domingo";"15:35:00";"PE";101;60,7;"RECIFE";"Falta de Atenção à Condução";"Colisão transversal";"Com Vítimas Feridas";"Pleno dia";"Crescente";"Nublado";"Simples";"Reta;Em Obras";"Sim";2;0;1;0;1;0;1;2;-7,9891152;-34,9345987;"SPRF-PE";"DEL01-PE";"UOP02-DEL01-PE"
106840;2018-01-28;"domingo";"16:20:00";"SC";470;142,8;"RIO DO SUL";"Desobediência às normas de trânsito pelo condutor";"Colisão traseira";"Com Vítimas Feridas";"Pleno dia";"Decrescente";"Nublado";"Simples";"Reta";"Sim";3;0;2;0;1;0;2;2;-27,20622465;-49,64691907;"SPRF-SC";"DEL04-SC";"UOP02-DEL04-SC"
106841;2018-01-28;"domingo";"16:30:00";"SC";101;196;"BIGUACU";"Defeito Mecânico no Veículo";"Queda de ocupante de veículo";"Com Vítimas Feridas";"Pleno dia";"Decrescente";"Nublado";"Dupla";"Reta";"Sim";2;0;2;0;0;0;2;1;-27,5185;-48,6383;"SPRF-SC";"DEL01-SC";"UOP01-DEL01-SC"
106842;2018-01-28;"domingo";"16:15:00";"MG";116;278,6;"TEOFILO OTONI";"Ingestão de Álcool";"Colisão traseira";"Sem Vítimas";"Pleno dia";"Decrescente";"Sol";"Simples";"Reta";"Sim";2;0;0;0;2;0;0;2;-17,8673812;-41,5162663;"SPRF-MG";"DEL11-MG";"UOP01-DEL11-MG"
106844;2018-01-27;"sábado";"22:40:00";"MG";365;348;"VARJAO DE MINAS";"Animais na Pista";"Atropelamento de Animal";"Sem Vítimas";"Plena Noite";"Decrescente";"Céu Claro";"Simples";"Reta;Declive";"Não";1;0;0;0;1;0;0;1;-18,48327224;-46,09562874;"SPRF-MG";"DEL10-MG";"UOP01-DEL10-MG"
106845;2018-01-28;"domingo";"13:45:00";"RJ";116;55,7;"TERESOPOLIS";"Avarias e/ou desgaste excessivo no pneu";"Tombamento";"Com Vítimas Feridas";"Pleno dia";"Crescente";"Sol";"Simples";"Reta";"Não";2;0;1;0;1;0;1;1;-22,20324086;-42,89354324;"SPRF-RJ";"DEL04-RJ";"UOP01-DEL04-RJ"
106846;2018-01-28;"domingo";"17:00:00";"ES";259;4;"JOAO NEIVA";"Não guardar distância de segurança";"Colisão traseira";"Com Vítimas Feridas";"Pleno dia";"Crescente";"Céu Claro";"Simples";"Reta";"Não";2;0;1;0;1;0;1;2;-19,73755181;-40,3774783;"SPRF-ES";"DEL02-ES";"UOP01-DEL02-ES"
106850;2018-01-28;"domingo";"16:50:00";"RJ";101;323;"NITEROI";"Falta de Atenção à Condução";"Colisão traseira";"Com Vítimas Feridas";"Pleno dia";"Crescente";"Céu Claro";"Dupla";"Curva";"Sim";4;0;2;0;2;0;2;3;-22,876848;-43,117287;"SPRF-RJ";"DEL02-RJ";"UOP02-DEL02-RJ"
106851;2018-01-28;"domingo";"12:45:00";"SC";280;78,7;"CORUPA";"Ingestão de Álcool";"Saída de leito carroçável";"Com Vítimas Feridas";"Pleno dia";"Decrescente";"Sol";"Simples";"Curva";"Não";2;0;2;0;0;0;2;1;-26,44053393;-49,21453381;"SPRF-SC";"DEL06-SC";"UOP03-DEL06-SC"
106852;2018-01-28;"domingo";"16:50:00";"ES";262;6,7;"CARIACICA";"Desobediência às normas de trânsito pelo condutor";"Colisão transversal";"Com Vítimas Feridas";"Pleno dia";"Crescente";"Céu Claro";"Múltipla";"Reta";"Sim";3;0;2;0;1;0;2;2;-20,3419391;-40,40017699;"SPRF-ES";"DEL01-ES";"UOP01-DEL01-ES"
106853;2018-01-28;"domingo";"17:00:00";"GO";364;164;"JATAI";"Pista Escorregadia";"Saída de leito carroçável";"Com Vítimas Fatais";"Pleno dia";"Decrescente";"Chuva";"Simples";"Curva";"Não";4;1;3;0;0;0;3;1;-18,072279;-51,520359;"SPRF-GO";"DEL05-GO";"UOP01-DEL05-GO"
106854;2018-01-28;"domingo";"17:30:00";"MG";116;762,9;"LEOPOLDINA";"Ingestão de Álcool";"Queda de ocupante de veículo";"Com Vítimas Feridas";"Pleno dia";"Decrescente";"Sol";"Simples";"Reta";"Sim";1;0;0;1;0;0;1;1;-21,52804554;-42,62942076;"SPRF-MG";"DEL07-MG";"UOP01-DEL07-MG"
106855;2018-01-28;"domingo";"16:40:00";"MG";381;292;"ANTONIO DIAS";"Falta de Atenção à Condução";"Colisão traseira";"Sem Vítimas";"Pleno dia";"Crescente";"Céu Claro";"Simples";"Reta";"Não";3;0;0;0;3;0;0;2;-19,61795087;-42,79647946;"SPRF-MG";"DEL03-MG";"UOP02-DEL03-MG"
106856;2018-01-28;"domingo";"15:51:00";"PB";230;118;"INGA";"Defeito Mecânico no Veículo";"Incêndio";"Sem Vítimas";"Pleno dia";"Crescente";"Céu Claro";"Dupla";"Reta";"Não";1;0;0;0;1;0;0;1;-7,24467825;-35,6371677;"SPRF-PB";"DEL01-PB";"UOP03-DEL01-PB"
106858;2018-01-28;"domingo";"15:55:00";"BA";110;358;"CATU";"Ultrapassagem Indevida";"Colisão transversal";"Com Vítimas Fatais";"Pleno dia";"Crescente";"Céu Claro";"Simples";"Curva";"Não";5;1;4;0;0;0;4;3;-12,29663754;-38,37341143;"SPRF-BA";"DEL01-BA";"UOP04-DEL01-BA"
106859;2018-01-28;"domingo";"17:30:00";"SC";282;290;"SAO JOSE DO CERRITO";"Falta de Atenção à Condução";"Colisão transversal";"Com Vítimas Feridas";"Pleno dia";"Crescente";"Nublado";"Simples";"Reta";"Sim";2;0;0;1;1;0;1;2;-27,56107661;-50,83921999;"SPRF-SC";"DEL05-SC";"UOP02-DEL05-SC"
106860;2018-01-28;"domingo";"17:15:00";"MG";40;510;"RIBEIRAO DAS NEVES";"Avarias e/ou desgaste excessivo no pneu";"Queda de ocupante de veículo";"Com Vítimas Feridas";"Pleno dia";"Decrescente";"Sol";"Dupla";"Declive";"Sim";2;0;2;0;0;0;2;1;-19,77578111;-44,12256577;"SPRF-MG";"DEL01-MG";"UOP03-DEL01-MG"
106861;2018-01-28;"domingo";"17:00:00";"PE";101;49,9;"ABREU E LIMA";"Falta de Atenção do Pedestre";"Atropelamento de Pedestre";"Com Vítimas Feridas";"Pleno dia";"Crescente";"Céu Claro";"Múltipla";"Reta";"Sim";2;0;0;1;1;0;1;2;-7,91573355;-34,89810378;"SPRF-PE";"DEL01-PE";"UOP02-DEL01-PE"
106862;2018-01-28;"domingo";"18:00:00";"MG";262;391;"FLORESTAL";"Falta de Atenção à Condução";"Saída de leito carroçável";"Com Vítimas Feridas";"Pleno dia";"Crescente";"Céu Claro";"Múltipla";"Reta";"Não";2;0;1;0;1;0;1;1;-19,90311157;-44,52917576;"SPRF-MG";"DEL01-MG";"UOP03-DEL01-MG"
106864;2018-01-28;"domingo";"16:00:00";"RJ";465;19,1;"NOVA IGUACU";"Desobediência às normas de trânsito pelo condutor";"Colisão frontal";"Com Vítimas Feridas";"Pleno dia";"Crescente";"Céu Claro";"Simples";"Curva";"Sim";3;0;1;1;1;0;2;2;-22,84026819;-43,60970378;"SPRF-RJ";"DEL01-RJ";"UOP03-DEL01-RJ"
106865;2018-01-28;"domingo";"18:00:00";"RS";290;78,1;"GRAVATAI";"Falta de Atenção à Condução";"Saída de leito carroçável";"Com Vítimas Feridas";"Pleno dia";"Crescente";"Nublado";"Dupla";"Reta";"Não";2;0;1;0;1;0;1;1;-29,95407742;-51,0387711;"SPRF-RS";"DEL01-RS";"UOP01-DEL01-RS"
106866;2018-01-28;"domingo";"17:10:00";"RJ";116;33,8;"SAPUCAIA";"Pista Escorregadia";"Colisão com objeto estático";"Sem Vítimas";"Pleno dia";"Crescente";"Céu Claro";"Simples";"Curva";"Não";1;0;0;0;1;0;0;1;-22,09247955;-42,80857086;"SPRF-RJ";"DEL04-RJ";"UOP01-DEL04-RJ"
106867;2018-01-28;"domingo";"17:47:00";"RS";290;580,5;"ALEGRETE";"Avarias e/ou desgaste excessivo no pneu";"Tombamento";"Com Vítimas Feridas";"Pleno dia";"Decrescente";"Nublado";"Simples";"Reta";"Sim";2;0;2;0;0;0;2;1;-29,8054293;-55,78263252;"SPRF-RS";"DEL13-RS";"UOP02-DEL13-RS"
106868;2018-01-28;"domingo";"18:20:00";"MG";40;501;"ESMERALDAS";"Falta de Atenção à Condução";"Saída de leito carroçável";"Com Vítimas Feridas";"Anoitecer";"Crescente";"Chuva";"Dupla";"Reta;Declive";"Não";1;0;1;0;0;0;1;1;-19,7183;-44,157;"SPRF-MG";"DEL02-MG";"UOP01-DEL02-MG"
106869;2018-01-28;"domingo";"18:00:00";"MG";40;505;"RIBEIRAO DAS NEVES";"Não guardar distância de segurança";"Colisão traseira";"Sem Vítimas";"Anoitecer";"Crescente";"Garoa/Chuvisco";"Dupla";"Reta";"Não";9;0;0;0;9;0;0;2;-19,7504;-44,1449;"SPRF-MG";"DEL02-MG";"UOP01-DEL02-MG"
106871;2018-01-28;"domingo";"18:20:00";"PR";376;644;"TIJUCAS DO SUL";"Velocidade Incompatível";"Colisão com objeto estático";"Com Vítimas Feridas";"Pleno dia";"Decrescente";"Nublado";"Simples";"Curva";"Não";1;0;1;0;0;0;1;1;-25,82154554;-49,1266644;"SPRF-PR";"DEL01-PR";"DEL7/1-UOP08/PR"
106872;2018-01-20;"sábado";"17:30:00";"RJ";116;90,4;"TERESOPOLIS";"Falta de Atenção à Condução";"Colisão com objeto estático";"Sem Vítimas";"Pleno dia";"Crescente";"Chuva";"Simples";"Curva";"Não";1;0;0;0;1;0;0;1;-22,45883784;-42,96899201;"SPRF-RJ";"DEL04-RJ";"UOP02-DEL04-RJ"
106873;2018-01-28;"domingo";"15:00:00";"BA";324;518;"FEIRA DE SANTANA";"Falta de Atenção à Condução";"Saída de leito carroçável";"Sem Vítimas";"Pleno dia";"Decrescente";"Nublado";"Dupla";"Viaduto";"Sim";1;0;0;0;1;0;0;1;-12,27149455;-38,93517941;"SPRF-BA";"DEL01-BA";"UOP01-DEL01-BA"
106874;2018-01-28;"domingo";"18:35:00";"PR";277;664,7;"MATELANDIA";"Falta de Atenção à Condução";"Capotamento";"Com Vítimas Feridas";"Pleno dia";"Crescente";"Nublado";"Dupla";"Curva;Aclive";"Não";2;0;0;2;0;0;2;1;-25,25473313;-54,0352685;"SPRF-PR";"DEL05-PR";"UOP02-DEL05-PR"
106875;2018-01-28;"domingo";"17:35:00";"RS";470;268,3;"SAO JOSE DO SUL";"Pista Escorregadia";"Colisão com objeto estático";"Sem Vítimas";"Pleno dia";"Crescente";"Chuva";"Simples";"Curva;Declive";"Sim";1;0;0;0;1;0;0;1;-29,52188946;-51,48307529;"SPRF-RS";"DEL04-RS";"UOP02-DEL04-RS"
106876;2018-01-28;"domingo";"18:00:00";"PR";277;26,3;"MORRETES";"Defeito Mecânico no Veículo";"Queda de ocupante de veículo";"Com Vítimas Feridas";"Pleno dia";"Decrescente";"Nublado";"Dupla";"Reta";"Não";1;0;1;0;0;0;1;1;-25,53624594;-48,76831055;"SPRF-PR";"DEL01-PR";"UOP05-DEL01-PR"
106877;2018-01-28;"domingo";"17:00:00";"ES";101;265;"SERRA";"Falta de Atenção à Condução";"Colisão traseira";"Com Vítimas Feridas";"Pleno dia";"Decrescente";"Céu Claro";"Múltipla";"Reta";"Sim";4;0;1;0;2;1;1;3;-20,1215224;-40,3077898;"SPRF-ES";"DEL02-ES";"UOP01-DEL02-ES"
106878;2018-01-28;"domingo";"17:55:00";"SE";235;9;"NOSSA SENHORA DO SOCORRO";"Ingestão de Álcool";"Queda de ocupante de veículo";"Com Vítimas Feridas";"Anoitecer";"Decrescente";"Céu Claro";"Simples";"Reta";"Não";1;0;1;0;0;0;1;1;-10,883585;-37,13908;"SPRF-SE";"DEL01-SE";"UOP01-DEL01-SE"
106879;2018-01-28;"domingo";"18:50:00";"SP";116;283,7;"EMBU DAS ARTES";"Falta de Atenção à Condução";"Colisão traseira";"Sem Vítimas";"Anoitecer";"Decrescente";"Nublado";"Dupla";"Reta";"Sim";3;0;0;0;3;0;0;3;-23,67257077;-46,85626566;"SPRF-SP";"DEL04-SP";"UOP01-DEL04-SP"
106881;2018-01-28;"domingo";"16:45:00";"PR";153;1,6;"JACAREZINHO";"Falta de Atenção à Condução";"Saída de leito carroçável";"Sem Vítimas";"Pleno dia";"Decrescente";"Céu Claro";"Simples";"Retorno Regulamentado";"Não";1;0;0;0;0;1;0;1;-23,00780886;-49,90597302;"SPRF-PR";"DEL07-PR";"UOP04-DEL07-PR"
106882;2018-01-28;"domingo";"17:30:00";"MT";163;44,5;"ITIQUIRA";"Pista Escorregadia";"Saída de leito carroçável";"Sem Vítimas";"Plena Noite";"Crescente";"Chuva";"Dupla";"Declive";"Não";3;0;0;0;3;0;0;1;-17,12401398;-54,75940987;"SPRF-MT";"DEL02-MT";"DEL2/2-UOP02/MT"
106883;2018-01-28;"domingo";"14:35:00";"AC";364;113;"RIO BRANCO";"Velocidade Incompatível";"Saída de leito carroçável";"Sem Vítimas";"Pleno dia";"Crescente";"Chuva";"Simples";"Reta";"Não";1;0;0;0;0;1;0;1;-10,01355589;-67,69291252;"SPRF-AC";"DEL01-AC";"UOP01-DEL01-AC"
106884;2018-01-28;"domingo";"17:50:00";"PR";277;205,5;"PALMEIRA";"Não guardar distância de segurança";"Colisão traseira";"Sem Vítimas";"Pleno dia";"Crescente";"Chuva";"Simples";"Reta";"Não";3;0;0;0;3;0;0;3;-25,46356601;-50,32998651;"SPRF-PR";"DEL03-PR";"UOP02-DEL08-PR"
106886;2018-01-28;"domingo";"16:30:00";"MG";381;525,6;"BRUMADINHO";"Velocidade Incompatível";"Queda de ocupante de veículo";"Com Vítimas Feridas";"Pleno dia";"Decrescente";"Céu Claro";"Dupla";"Curva";"Não";1;0;1;0;0;0;1;1;-20,14696268;-44,32290175;"SPRF-MG";"DEL04-MG";"UOP03-DEL04-MG"
106887;2018-01-28;"domingo";"17:00:00";"AL";316;238;"ATALAIA";"Falta de Atenção à Condução";"Colisão frontal";"Com Vítimas Fatais";"Pleno dia";"Decrescente";"Céu Claro";"Dupla";"Reta";"Não";2;1;0;1;0;0;1;2;-9,502378;-36,023075;"SPRF-AL";"DEL01-AL";"UOP01-DEL01-AL"
106888;2018-01-28;"domingo";"18:20:00";"PA";10;285;"MAE DO RIO";"Falta de Atenção à Condução";"Saída de leito carroçável";"Sem Vítimas";"Plena Noite";"Decrescente";"Chuva";"Simples";"Ponte;Curva";"Não";1;0;0;0;1;0;0;1;-1,93751591;-47,52413571;"SPRF-PA";"DEL02-PA";"UOP01-DEL02-PA"
106889;2018-01-28;"domingo";"18:20:00";"PA";316;12;"MARITUBA";"Ingestão de Álcool";"Colisão transversal";"Com Vítimas Feridas";"Anoitecer";"Crescente";"Nublado";"Dupla";"Reta";"Sim";2;0;1;0;1;0;1;2;-1,36551743;-48,3400476;"SPRF-PA";"DEL01-PA";"DEL19/1-UOP05/PA"
106890;2018-01-28;"domingo";"18:30:00";"MG";50;21;"UBERLANDIA";"Falta de Atenção à Condução";"Queda de ocupante de veículo";"Com Vítimas Feridas";"Pleno dia";"Crescente";"Céu Claro";"Dupla";"Reta";"Não";1;0;1;0;0;0;1;1;-18,85992497;-48,25696349;"SPRF-MG";"DEL15-MG";"UOP02-DEL15-MG"
106891;2018-01-28;"domingo";"18:30:00";"CE";222;232;"SOBRAL";"Desobediência às normas de trânsito pelo condutor";"Colisão traseira";"Sem Vítimas";"Plena Noite";"Decrescente";"Céu Claro";"Simples";"Reta";"Não";3;0;0;0;2;1;0;3;-3,71050364;-40,4176122;"SPRF-CE";"DEL04-CE";"UOP01-DEL04-CE"
106894;2018-01-28;"domingo";"18:50:00";"ES";101;311,5;"VILA VELHA";"Ultrapassagem Indevida";"Colisão transversal";"Com Vítimas Feridas";"Anoitecer";"Decrescente";"Céu Claro";"Simples";"Reta";"Não";2;0;0;1;1;0;1;2;-20,42922103;-40,4598248;"SPRF-ES";"DEL03-ES";"UOP01-DEL03-ES"
106895;2018-01-28;"domingo";"20:00:00";"MG";381;483,7;"BETIM";"Avarias e/ou desgaste excessivo no pneu";"Saída de leito carroçável";"Com Vítimas Feridas";"Plena Noite";"Decrescente";"Nublado";"Múltipla";"Reta";"Sim";1;0;1;0;0;0;1;1;-19,95923123;-44,08094645;"SPRF-MG";"DEL01-MG";"UOP03-DEL01-MG"
106896;2018-01-28;"domingo";"19:20:00";"ES";101;312;"VILA VELHA";"Falta de Atenção à Condução";"Colisão transversal";"Com Vítimas Feridas";"Anoitecer";"Crescente";"Céu Claro";"Simples";"Reta";"Não";2;0;1;0;1;0;1;2;-20,44365661;-40,46031564;"SPRF-ES";"DEL03-ES";"UOP01-DEL03-ES"