"id";"data_inversa";"dia_semana";"horario";"uf";"br";"km";"municipio";"causa_acidente";"tipo_acidente";"classificacao_acidente";"fase_dia";"sentido_via";"condicao_metereologica";"tipo_pista";"tracado_via";"uso_solo";"pessoas";"mortos";"feridos_leves";"feridos_graves";"ilesos";"ignorados";"feridos";"veiculos";"latitude";"longitude";"regional";"delegacia";"uop"
106899;2018-01-28;"domingo";"19:50:00";"RS";392;33,4;"RIO GRANDE";"Defeito Mecânico no Veículo";"Tombamento";"Com Vítimas Feridas";"Anoitecer";"Crescente";"Nublado";"Dupla";"Reta";"Sim";2;0;1;0;1;0;1;1;-32,03611;-52,285271;"SPRF-RS";"DEL07-RS";"UOP02-DEL07-RS"
106900;2018-01-28;"domingo";"20:10:00";"PR";116;118;"CURITIBA";"Falta de Atenção à Condução";"Queda de ocupante de veículo";"Com Vítimas Feridas";"Plena Noite";"Crescente";"Garoa/Chuvisco";"Dupla";"Reta";"Não";4;0;1;0;2;1;1;3;-25,57223879;-49,31125259;"SPRF-PR";"DEL01-PR";"UOP03-DEL01-PR"
106901;2018-01-28;"domingo";"20:00:00";"MG";40;631,7;"CONSELHEIRO LAFAIETE";"Velocidade Incompatível";"Queda de ocupante de veículo";"Com Vítimas Feridas";"Plena Noite";"Decrescente";"Céu Claro";"Simples";"Reta";"Não";1;0;1;0;0;0;1;1;-20,67370451;-43,79679322;"SPRF-MG";"DEL05-MG";"UOP02-DEL05-MG"
106903;2018-01-28;"domingo";"19:30:00";"PR";277;399,7;"CANDOI";"Velocidade Incompatível";"Colisão frontal";"Com Vítimas Feridas";"Anoitecer";"Crescente";"Chuva";"Simples";"Declive;Curva";"Não";6;0;6;0;0;0;6;2;-25,4552487;-51,96723372;"SPRF-PR";"DEL04-PR";"UOP02-DEL04-PR"
106904;2018-01-28;"domingo";"20:41:00";"SP";116;211;"GUARULHOS";"Ingestão de Álcool";"Colisão traseira";"Sem Vítimas";"Anoitecer";"Crescente";"Vento";"Múltipla";"Reta";"Sim";2;0;0;0;2;0;0;2;-23,43353866;-46,42261846;"SPRF-SP";"DEL01-SP";"UOP01-DEL01-SP"
106905;2018-01-28;"domingo";"20:30:00";"MG";40;555;"NOVA LIMA";"Ingestão de Álcool";"Colisão com objeto estático";"Com Vítimas Feridas";"Plena Noite";"Crescente";"Céu Claro";"Dupla";"Reta";"Não";2;0;1;0;1;0;1;1;-20,08754346;-43,97625354;"SPRF-MG";"DEL01-MG";"UOP02-DEL01-MG"
106906;2018-01-28;"domingo";"18:25:00";"PR";153;335;"IRATI";"Ingestão de Álcool";"Colisão com objeto estático";"Sem Vítimas";"Pleno dia";"Decrescente";"Nublado";"Simples";"Interseção de Vias";"Sim";1;0;0;0;1;0;0;1;-25,49143015;-50,64597756;"SPRF-PR";"DEL03-PR";"UOP02-DEL08-PR"
106907;2018-01-28;"domingo";"19:20:00";"PR";376;124,7;"ALTO PARANA";"Velocidade Incompatível";"Capotamento";"Com Vítimas Feridas";"Anoitecer";"Decrescente";"Nublado";"Dupla";"Declive";"Não";1;0;1;0;0;0;1;1;-23,11741591;-52,32169812;"SPRF-PR";"DEL07-PR";"UOP02-DEL09-PR"
106909;2018-01-28;"domingo";"19:30:00";"BA";324;513,1;"FEIRA DE SANTANA";"Desobediência às normas de trânsito pelo condutor";"Colisão frontal";"Com Vítimas Feridas";"Plena Noite";"Crescente";"Céu Claro";"Simples";"Reta";"Sim";5;0;0;1;4;0;1;2;-12,23378897;-38,94665374;"SPRF-BA";"DEL02-BA";"UOP01-DEL02-BA"
106910;2018-01-28;"domingo";"21:18:00";"PR";373;265,8;"PRUDENTOPOLIS";"Ingestão de Álcool";"Colisão transversal";"Com Vítimas Feridas";"Plena Noite";"Crescente";"Nublado";"Simples";"Interseção de Vias";"Sim";2;0;2;0;0;0;2;2;-25,20245605;-50,98308563;"SPRF-PR";"DEL03-PR";"UOP01-DEL03-PR"
106911;2018-01-28;"domingo";"21:15:00";"PR";376;160,9;"MARINGA";"Não guardar distância de segurança";"Colisão traseira";"Com Vítimas Feridas";"Plena Noite";"Decrescente";"Chuva";"Dupla";"Reta;Declive";"Sim";2;0;1;0;0;1;1;2;-23,36616353;-52,07081616;"SPRF-PR";"DEL07-PR";"UOP01-DEL09-PR"
106912;2018-01-28;"domingo";"20:00:00";"MT";163;767;"SORRISO";"Falta de Atenção à Condução";"Colisão com objeto estático";"Com Vítimas Feridas";"Plena Noite";"Decrescente";"Chuva";"Simples";"Curva";"Não";1;0;0;1;0;0;1;1;-12,545702;-55,71182;"SPRF-MT";"DEL06-MT";"UOP01-DEL06-MT"
106913;2018-01-28;"domingo";"21:00:00";"ES";101;266,3;"SERRA";"Desobediência às normas de trânsito pelo condutor";"Queda de ocupante de veículo";"Com Vítimas Feridas";"Plena Noite";"Crescente";"Céu Claro";"Múltipla";"Reta";"Sim";1;0;1;0;0;0;1;1;-20,19413336;-40,26887298;"SPRF-ES";"DEL02-ES";"UOP01-DEL02-ES"
106914;2018-01-28;"domingo";"19:40:00";"TO";226;10;"PALMEIRAS DO TOCANTINS";"Fenômenos da Natureza";"Colisão com objeto estático";"Com Vítimas Feridas";"Anoitecer";"Decrescente";"Céu Claro";"Simples";"Reta";"Não";1;0;1;0;0;0;1;1;-6,600472;-47,533829;"SPRF-TO";"DEL02-TO";"UOP03-DEL02-TO"
106915;2018-01-28;"domingo";"19:10:00";"BA";420;261;"MUTUIPE";"Ingestão de Álcool";"Saída de leito carroçável";"Com Vítimas Feridas";"Plena Noite";"Decrescente";"Céu Claro";"Simples";"Curva";"Não";4;0;4;0;0;0;4;1;-13,22833187;-39,53378677;"SPRF-BA";"DEL01-BA";"UOP02-DEL01-BA"
106918;2018-01-28;"domingo";"20:00:00";"CE";222;49,5;"SAO GONCALO DO AMARANTE";"Animais na Pista";"Saída de leito carroçável";"Sem Vítimas";"Plena Noite";"Crescente";"Céu Claro";"Simples";"Reta";"Sim";1;0;0;0;1;0;0;1;-3,66722043;-38,9880738;"SPRF-CE";"DEL01-CE";"UOP03-DEL01-CE"
106919;2018-01-28;"domingo";"22:00:00";"PR";369;109,5;"URAI";"Avarias e/ou desgaste excessivo no pneu";"Queda de ocupante de veículo";"Com Vítimas Feridas";"Plena Noite";"Crescente";"Chuva";"Simples";"Reta";"Não";2;0;2;0;0;0;2;1;-23,26681726;-50,79837799;"SPRF-PR";"DEL07-PR";"UOP05-DEL07-PR"
106920;2018-01-28;"domingo";"18:55:00";"SC";282;531,8;"CORDILHEIRA ALTA";"Velocidade Incompatível";"Colisão frontal";"Com Vítimas Fatais";"Pleno dia";"Crescente";"Chuva";"Simples";"Curva";"Sim";8;1;0;4;3;0;4;3;-26,99669433;-52,61357771;"SPRF-SC";"DEL07-SC";"UOP01-DEL07-SC"
106921;2018-01-28;"domingo";"21:45:00";"SP";153;174;"GUAICARA";"Falta de Atenção à Condução";"Colisão transversal";"Com Vítimas Feridas";"Plena Noite";"Decrescente";"Nublado";"Simples";"Interseção de Vias";"Sim";6;0;1;0;5;0;1;2;-21,633102;-49,787743;"SPRF-SP";"DEL07-SP";"UOP01-DEL07-SP"
106922;2018-01-28;"domingo";"22:25:00";"MT";70;0,4;"BARRA DO GARCAS";"Desobediência às normas de trânsito pelo condutor";"Colisão transversal";"Com Vítimas Feridas";"Plena Noite";"Decrescente";"Céu Claro";"Simples";"Rotatória";"Sim";2;0;1;0;1;0;1;2;-15,89392848;-52,25842237;"SPRF-MT";"DEL07-MT";"UOP01-DEL07-MT"
106923;2018-01-28;"domingo";"21:30:00";"AL";104;56,5;"MURICI";"Animais na Pista";"Atropelamento de Animal";"Com Vítimas Fatais";"Plena Noite";"Decrescente";"Nublado";"Simples";"Reta";"Não";3;1;0;2;0;0;2;2;-9,307099;-35,94363;"SPRF-AL";"DEL01-AL";"UOP02-DEL01-AL"
106924;2018-01-28;"domingo";"21:55:00";"MG";40;660,4;"CARANDAI";"Falta de Atenção à Condução";"Saída de leito carroçável";"Com Vítimas Feridas";"Plena Noite";"Decrescente";"Céu Claro";"Simples";"Reta";"Sim";2;0;1;0;1;0;1;1;-20,90400074;-43,82781565;"SPRF-MG";"DEL05-MG";"UOP02-DEL05-MG"
106925;2018-01-28;"domingo";"22:30:00";"PR";277;122,2;"BALSA NOVA";"Pista Escorregadia";"Queda de ocupante de veículo";"Com Vítimas Feridas";"Plena Noite";"Crescente";"Chuva";"Dupla";"Reta";"Não";1;0;1;0;0;0;1;1;-25,43854665;-49,55024153;"SPRF-PR";"DEL01-PR";"UOP06-DEL01-PR"
106926;2018-01-28;"domingo";"11:50:00";"BA";330;732,7;"JEQUIE";"Falta de Atenção à Condução";"Saída de leito carroçável";"Com Vítimas Feridas";"Pleno dia";"Crescente";"Chuva";"Simples";"Curva";"Não";3;0;1;1;1;0;2;1;-13,914826;-40,0116;"SPRF-BA";"DEL03-BA";"UOP01-DEL03-BA"
106927;2018-01-28;"domingo";"22:40:00";"GO";40;4,1;"VALPARAISO DE GOIAS";"Ingestão de Álcool";"Colisão transversal";"Com Vítimas Feridas";"Plena Noite";"Crescente";"Céu Claro";"Dupla";"Curva";"Sim";2;0;1;0;0;1;1;2;-16,08611736;-47,98654253;"SPRF-DF";"DEL01-DF";"UOP01-DEL01-DF"
106928;2018-01-28;"domingo";"21:50:00";"SP";116;145;"SAO JOSE DOS CAMPOS";"Objeto estático sobre o leito carroçável";"Tombamento";"Com Vítimas Feridas";"Plena Noite";"Crescente";"Nublado";"Múltipla";"Declive";"Sim";1;0;1;0;0;0;1;1;-23,18945231;-45,86022642;"SPRF-SP";"DEL02-SP";"UOP01-DEL02-SP"
106929;2018-01-28;"domingo";"20:30:00";"RS";392;17,7;"RIO GRANDE";"Avarias e/ou desgaste excessivo no pneu";"Tombamento";"Com Vítimas Feridas";"Plena Noite";"Decrescente";"Nublado";"Dupla";"Reta";"Não";2;0;2;0;0;0;2;1;-32,09082548;-52,1734459;"SPRF-RS";"DEL07-RS";"UOP02-DEL07-RS"
106930;2018-01-28;"domingo";"22:00:00";"BA";116;285;"TUCANO";"Falta de Atenção à Condução";"Colisão frontal";"Com Vítimas Feridas";"Plena Noite";"Crescente";"Céu Claro";"Simples";"Reta";"Sim";2;0;0;1;1;0;1;2;-10,97932174;-38,79593253;"SPRF-BA";"DEL02-BA";"DEL10/2-UOP02/BA"
106932;2018-01-28;"domingo";"22:15:00";"RS";101;47;"TERRA DE AREIA";"Falta de Atenção à Condução";"Colisão traseira";"Sem Vítimas";"Plena Noite";"Crescente";"Chuva";"Simples";"Reta";"Sim";5;0;0;0;5;0;0;2;-29,58418729;-50,06908536;"SPRF-RS";"DEL03-RS";"DEL9/3-UOP03/RS"
106934;2018-01-28;"domingo";"23:20:00";"PR";476;72,8;"BOCAIUVA DO SUL";"Condutor Dormindo";"Saída de leito carroçável";"Com Vítimas Feridas";"Plena Noite";"Decrescente";"Chuva";"Simples";"Curva;Declive";"Não";1;0;1;0;0;0;1;1;-25,09016901;-49,09362525;"SPRF-PR";"DEL01-PR";"UOP01-DEL01-PR"
106935;2018-01-28;"domingo";"22:00:00";"PA";316;4,3;"ANANINDEUA";"Ingestão de Álcool";"Colisão traseira";"Sem Vítimas";"Plena Noite";"Crescente";"Garoa/Chuvisco";"Dupla";"Reta";"Sim";5;0;0;0;4;1;0;3;-1,38467898;-48,40524405;"SPRF-PA";"DEL01-PA";"DEL19/1-UOP05/PA"
106937;2018-01-28;"domingo";"23:15:00";"PR";376;158,8;"MANDAGUACU";"Restrição de Visibilidade";"Saída de leito carroçável";"Com Vítimas Feridas";"Plena Noite";"Decrescente";"Chuva";"Dupla";"Reta";"Não";3;0;2;0;1;0;2;1;-23,36176047;-52,0859241;"SPRF-PR";"DEL07-PR";"UOP01-DEL09-PR"
106939;2018-01-28;"domingo";"22:40:00";"BA";116;403;"FEIRA DE SANTANA";"Ingestão de Álcool";"Colisão frontal";"Com Vítimas Feridas";"Plena Noite";"Decrescente";"Nublado";"Simples";"Reta";"Não";4;0;2;0;2;0;2;2;-12,05590864;-38,97011234;"SPRF-BA";"DEL02-BA";"DEL10/2-UOP02/BA"
106942;2018-01-28;"domingo";"21:00:00";"AM";174;1024;"PRESIDENTE FIGUEIREDO";"Falta de Atenção do Pedestre";"Atropelamento de Pedestre";"Com Vítimas Feridas";"Plena Noite";"Decrescente";"Céu Claro";"Simples";"Reta";"Não";2;0;0;1;0;1;1;2;-2,034824;-60,02544;"SPRF-AM";"DEL01-AM";"UOP02-DEL01-AM"
106944;2018-01-28;"domingo";"22:40:00";"MS";163;256;"DOURADOS";"Falta de Atenção à Condução";"Queda de ocupante de veículo";"Com Vítimas Feridas";"Plena Noite";"Decrescente";"Nublado";"Dupla";"Rotatória";"Sim";1;0;1;0;0;0;1;1;-22,2201441;-54,7764922;"SPRF-MS";"DEL04-MS";"UOP01-DEL04-MS"
106945;2018-01-28;"domingo";"21:30:00";"PI";316;44,8;"LAGOA DO PIAUI";"Animais na Pista";"Atropelamento de Animal";"Com Vítimas Feridas";"Plena Noite";"Decrescente";"Nublado";"Simples";"Reta";"Não";1;0;1;0;0;0;1;1;-5,41471;-42,6423;"SPRF-PI";"DEL01-PI";"UOP02-DEL01-PI"
106949;2018-01-28;"domingo";"22:50:00";"MS";463;0,7;"DOURADOS";"Ingestão de Álcool";"Colisão traseira";"Com Vítimas Feridas";"Plena Noite";"Crescente";"Nublado";"Simples";"Reta";"Sim";2;0;1;0;1;0;1;2;-22,2370484;-54,8115275;"SPRF-MS";"DEL04-MS";"UOP01-DEL04-MS"
106950;2018-01-29;"segunda-feira";"01:00:00";"RS";470;223;"GARIBALDI";"Desobediência às normas de trânsito pelo condutor";"Colisão transversal";"Com Vítimas Feridas";"Plena Noite";"Crescente";"Céu Claro";"Simples";"Rotatória";"Não";2;0;1;0;0;1;1;2;-29,22716133;-51,51611137;"SPRF-RS";"DEL06-RS";"UOP01-DEL06-RS"
106951;2018-01-29;"segunda-feira";"01:00:00";"RS";293;54,5;"CERRITO";"Animais na Pista";"Atropelamento de Animal";"Sem Vítimas";"Plena Noite";"Crescente";"Nublado";"Simples";"Reta";"Não";1;0;0;0;1;0;0;1;-31,72699908;-52,8490448;"SPRF-RS";"DEL07-RS";"UOP01-DEL07-RS"
106954;2018-01-29;"segunda-feira";"01:12:00";"RJ";101;254;"RIO BONITO";"Falta de Atenção à Condução";"Colisão com objeto estático";"Sem Vítimas";"Plena Noite";"Crescente";"Céu Claro";"Dupla";"Reta";"Sim";1;0;0;0;1;0;0;1;-22,692238;-42,549614;"SPRF-RJ";"DEL02-RJ";"UOP03-DEL02-RJ"
106959;2018-01-29;"segunda-feira";"03:00:00";"MG";365;656;"MONTE ALEGRE DE MINAS";"Condutor Dormindo";"Saída de leito carroçável";"Com Vítimas Feridas";"Plena Noite";"Crescente";"Nublado";"Dupla";"Reta";"Não";2;0;1;0;1;0;1;1;-18,87672705;-48,60248566;"SPRF-MG";"DEL15-MG";"UOP01-DEL15-MG"
106960;2018-01-29;"segunda-feira";"03:15:00";"PR";376;525,6;"PONTA GROSSA";"Velocidade Incompatível";"Capotamento";"Sem Vítimas";"Plena Noite";"Decrescente";"Garoa/Chuvisco";"Dupla";"Curva";"Não";2;0;0;0;2;0;0;1;-25,25812579;-49,98856008;"SPRF-PR";"DEL03-PR";"UOP04-DEL03-PR"
106962;2018-01-28;"domingo";"22:30:00";"RS";116;454,5;"SAO LOURENCO DO SUL";"Ingestão de Álcool";"Colisão lateral";"Sem Vítimas";"Plena Noite";"Crescente";"Céu Claro";"Simples";"Reta";"Não";2;0;0;0;2;0;0;2;-31,3629;-51,9789;"SPRF-RS";"DEL02-RS";"UOP03-DEL02-RS"
106963;2018-01-29;"segunda-feira";"05:10:00";"RS";116;234,7;"ESTANCIA VELHA";"Ingestão de Álcool";"Saída de leito carroçável";"Com Vítimas Feridas";"Plena Noite";"Crescente";"Garoa/Chuvisco";"Simples";"Viaduto";"Sim";3;0;2;0;0;1;2;1;-29,65739757;-51,14512945;"SPRF-RS";"DEL01-RS";"UOP02-DEL01-RS"
106964;2018-01-29;"segunda-feira";"05:50:00";"GO";60;391,1;"RIO VERDE";"Animais na Pista";"Tombamento";"Com Vítimas Feridas";"Amanhecer";"Crescente";"Céu Claro";"Dupla";"Reta";"Não";1;0;1;0;0;0;1;1;-17,826019;-50,973559;"SPRF-GO";"DEL04-GO";"UOP01-DEL04-GO"
106967;2018-01-29;"segunda-feira";"05:20:00";"SC";116;64,2;"PAPANDUVA";"Fenômenos da Natureza";"Colisão com objeto em movimento";"Com Vítimas Feridas";"Plena Noite";"Decrescente";"Chuva";"Simples";"Reta";"Não";2;0;1;0;1;0;1;2;-26,370754;-50,144875;"SPRF-SC";"DEL06-SC";"UOP02-DEL06-SC"
106969;2018-01-29;"segunda-feira";"05:00:00";"PA";316;3,9;"ANANINDEUA";"Falta de Atenção à Condução";"Colisão traseira";"Com Vítimas Fatais";"Plena Noite";"Decrescente";"Céu Claro";"Dupla";"Reta";"Sim";2;1;0;0;1;0;0;2;-1,38598751;-48,40775728;"SPRF-PA";"DEL01-PA";"DEL19/1-UOP05/PA"
106971;2018-01-29;"segunda-feira";"06:45:00";"MG";40;494,2;"ESMERALDAS";"Pista Escorregadia";"Saída de leito carroçável";"Com Vítimas Feridas";"Pleno dia";"Decrescente";"Chuva";"Dupla";"Curva";"Não";1;0;1;0;0;0;1;1;-19,66514124;-44,19553952;"SPRF-MG";"DEL02-MG";"UOP01-DEL02-MG"
106972;2018-01-28;"domingo";"22:30:00";"SC";280;30,2;"ARAQUARI";"Falta de Atenção do Pedestre";"Atropelamento de Pedestre";"Com Vítimas Feridas";"Plena Noite";"Decrescente";"Garoa/Chuvisco";"Simples";"Reta";"Não";2;0;1;0;1;0;1;2;-26,41466382;-48,76371861;"SPRF-SC";"DEL03-SC";"UOP03-DEL03-SC"
106974;2018-01-29;"segunda-feira";"06:50:00";"GO";20;3;"FORMOSA";"Falta de Atenção à Condução";"Colisão traseira";"Com Vítimas Feridas";"Amanhecer";"Decrescente";"Nublado";"Dupla";"Interseção de Vias";"Sim";2;0;1;0;1;0;1;2;-15,567487;-47,320309;"SPRF-DF";"DEL02-DF";"UOP01-DEL02-DF"
106976;2018-01-29;"segunda-feira";"06:50:00";"SC";101;212;"PALHOCA";"Falta de Atenção do Pedestre";"Colisão com objeto estático";"Com Vítimas Feridas";"Pleno dia";"Crescente";"Nublado";"Dupla";"Reta";"Sim";3;0;2;0;0;1;2;2;-27,6372;-48,6651;"SPRF-SC";"DEL01-SC";"UOP02-DEL01-SC"
106978;2018-01-29;"segunda-feira";"06:00:00";"PE";232;83;"GRAVATA";"Falta de Atenção à Condução";"Colisão transversal";"Com Vítimas Feridas";"Amanhecer";"Crescente";"Ignorado";"Dupla";"Retorno Regulamentado;Curva";"Sim";5;0;3;0;2;0;3;3;-8,2029964;-35,59720516;"SPRF-PE";"DEL01-PE";"UOP02-DEL02PE"
106979;2018-01-29;"segunda-feira";"07:10:00";"PR";116;18,1;"CURITIBA";"Velocidade Incompatível";"Saída de leito carroçável";"Sem Vítimas";"Amanhecer";"Crescente";"Garoa/Chuvisco";"Dupla";"Reta";"Sim";1;0;0;0;1;0;0;1;-25,38909539;-49,19754982;"SPRF-PR";"DEL01-PR";"UOP02-DEL01-PR"
106983;2018-01-29;"segunda-feira";"05:40:00";"BA";324;516;"FEIRA DE SANTANA";"Desobediência às normas de trânsito pelo condutor";"Colisão transversal";"Com Vítimas Fatais";"Pleno dia";"Crescente";"Céu Claro";"Simples";"Reta";"Sim";4;2;0;2;0;0;2;2;-12,267113;-38,966988;"SPRF-BA";"DEL02-BA";"UOP01-DEL02-BA"
106984;2018-01-29;"segunda-feira";"05:47:00";"MG";262;649;"IBIA";"Velocidade Incompatível";"Saída de leito carroçável";"Sem Vítimas";"Amanhecer";"Crescente";"Chuva";"Simples";"Reta";"Não";2;0;0;0;2;0;0;1;-19,4938;-46,549;"SPRF-MG";"DEL08-MG";"UOP01-DEL08-MG"
106986;2018-01-29;"segunda-feira";"06:40:00";"PB";230;136;"CAMPINA GRANDE";"Avarias e/ou desgaste excessivo no pneu";"Saída de leito carroçável";"Com Vítimas Feridas";"Pleno dia";"Crescente";"Garoa/Chuvisco";"Dupla";"Curva";"Não";3;0;2;0;1;0;2;1;-7,2818;-35,7675;"SPRF-PB";"DEL02-PB";"UOP01-DEL02-PB"
106987;2018-01-29;"segunda-feira";"07:00:00";"SP";116;283,7;"EMBU DAS ARTES";"Falta de Atenção à Condução";"Saída de leito carroçável";"Sem Vítimas";"Pleno dia";"Decrescente";"Céu Claro";"Dupla";"Reta";"Sim";2;0;0;0;2;0;0;2;-23,649368;-46,852623;"SPRF-SP";"DEL04-SP";"UOP01-DEL04-SP"
106988;2018-01-29;"segunda-feira";"05:40:00";"RN";406;102;"JOAO CAMARA";"Falta de Atenção à Condução";"Colisão lateral";"Com Vítimas Feridas";"Amanhecer";"Crescente";"Céu Claro";"Simples";"Reta";"Não";2;0;1;0;1;0;1;2;-5,54755609;-35,78338802;"SPRF-RN";"DEL02-RN";"UOP01-DEL02-RN"
106989;2018-01-29;"segunda-feira";"07:25:00";"MG";365;709,7;"MONTE ALEGRE DE MINAS";"Falta de Atenção à Condução";"Colisão transversal";"Sem Vítimas";"Pleno dia";"Crescente";"Chuva";"Simples";"Curva";"Não";2;0;0;0;2;0;0;2;-18,86990489;-49,1116333;"SPRF-MG";"DEL15-MG";"UOP03-DEL15-MG"
106990;2018-01-29;"segunda-feira";"05:20:00";"MS";158;256;"TRES LAGOAS";"Desobediência às normas de trânsito pelo condutor";"Saída de leito carroçável";"Com Vítimas Feridas";"Amanhecer";"Crescente";"Céu Claro";"Simples";"Declive";"Não";1;0;1;0;0;0;1;1;-20,7598;-51,6951;"SPRF-MS";"DEL07-MS";"UOP01-DEL07-MS"
106991;2018-01-29;"segunda-feira";"07:40:00";"ES";101;269,9;"SERRA";"Não guardar distância de segurança";"Colisão traseira";"Com Vítimas Feridas";"Pleno dia";"Crescente";"Sol";"Dupla";"Reta";"Sim";3;0;2;0;1;0;2;2;-20,22462471;-40,27058747;"SPRF-ES";"DEL02-ES";"UOP01-DEL02-ES"
106992;2018-01-29;"segunda-feira";"06:00:00";"MA";316;530,3;"CAXIAS";"Pista Escorregadia";"Saída de leito carroçável";"Com Vítimas Feridas";"Pleno dia";"Decrescente";"Garoa/Chuvisco";"Simples";"Reta";"Não";2;0;1;0;1;0;1;1;-4,82338031;-43,52612792;"SPRF-MA";"DEL03-MA";"UOP02-DEL03-MA"
106993;2018-01-29;"segunda-feira";"08:00:00";"PR";476;124,1;"CURITIBA";"Falta de Atenção à Condução";"Colisão lateral";"Com Vítimas Feridas";"Pleno dia";"Crescente";"Chuva";"Dupla";"Curva";"Não";2;0;1;0;1;0;1;2;-25,40069067;-49,21623485;"SPRF-PR";"DEL01-PR";"UOP07-DEL01-PR"
106994;2018-01-29;"segunda-feira";"07:30:00";"PR";277;80,6;"CURITIBA";"Não guardar distância de segurança";"Colisão lateral";"Com Vítimas Feridas";"Pleno dia";"Crescente";"Chuva";"Dupla";"Reta";"Sim";3;0;2;0;0;1;2;2;-25,47101374;-49,21161801;"SPRF-PR";"DEL01-PR";"UOP07-DEL01-PR"
106995;2018-01-29;"segunda-feira";"07:20:00";"ES";101;111,8;"VENDA NOVA DO IMIGRANTE";"Falta de Atenção à Condução";"Colisão traseira";"Com Vítimas Feridas";"Pleno dia";"Decrescente";"Céu Claro";"Simples";"Curva";"Não";3;0;2;0;1;0;2;2;-20,33779636;-41,19818598;"SPRF-ES";"DEL04-ES";"UOP01-DEL04-ES"
106997;2018-01-29;"segunda-feira";"07:26:00";"PR";369;184;"ARAPONGAS";"Desobediência às normas de trânsito pelo condutor";"Colisão transversal";"Com Vítimas Feridas";"Pleno dia";"Decrescente";"Garoa/Chuvisco";"Simples";"Interseção de Vias";"Sim";2;0;0;1;1;0;1;2;-23,4045126;-51,4284879;"SPRF-PR";"DEL07-PR";"UOP03-DEL07-PR"
106998;2018-01-29;"segunda-feira";"07:40:00";"RS";470;208;"BENTO GONCALVES";"Mal Súbito";"Capotamento";"Sem Vítimas";"Pleno dia";"Decrescente";"Nublado";"Simples";"Curva";"Não";1;0;0;0;1;0;0;1;-29,10306482;-51,54319417;"SPRF-RS";"DEL06-RS";"UOP01-DEL06-RS"
106999;2018-01-29;"segunda-feira";"07:30:00";"RS";116;263;"CANOAS";"Falta de Atenção à Condução";"Colisão traseira";"Sem Vítimas";"Pleno dia";"Crescente";"Céu Claro";"Simples";"Reta";"Sim";2;0;0;0;2;0;0;2;-29,9683071;-51,1742355;"SPRF-RS";"DEL01-RS";"UOP01-DEL01-RS"
107000;2018-01-29;"segunda-feira";"08:00:00";"RS";472;574;"URUGUAIANA";"Falta de Atenção do Pedestre";"Atropelamento de Pedestre";"Com Vítimas Feridas";"Pleno dia";"Decrescente";"Céu Claro";"Simples";"Reta";"Sim";2;0;1;1;0;0;2;2;-29,76370681;-57,05022097;"SPRF-RS";"DEL13-RS";"UOP01-DEL13-RS"
107001;2018-01-28;"domingo";"19:30:00";"BA";101;326,2;"PRESIDENTE TANCREDO NEVES";"Ingestão de Álcool";"Colisão frontal";"Com Vítimas Feridas";"Plena Noite";"Crescente";"Céu Claro";"Simples";"Aclive";"Não";4;0;1;0;3;0;1;3;-13,44038;-39,42334;"SPRF-BA";"DEL05-BA";"UOP03-DEL05-BA"
107002;2018-01-29;"segunda-feira";"07:31:00";"RS";290;455,1;"SAO GABRIEL";"Condutor Dormindo";"Colisão frontal";"Com Vítimas Fatais";"Pleno dia";"Crescente";"Sol";"Simples";"Reta";"Não";3;2;0;1;0;0;1;2;-30,23020871;-54,66681046;"SPRF-RS";"DEL11-RS";"UOP02-DEL11-RS"
107003;2018-01-29;"segunda-feira";"07:15:00";"RN";304;38;"MOSSORO";"Falta de Atenção à Condução";"Colisão transversal";"Com Vítimas Feridas";"Pleno dia";"Crescente";"Nublado";"Dupla";"Reta";"Sim";3;0;2;0;1;0;2;2;-5,18657596;-37,37247616;"SPRF-RN";"DEL04-RN";"UOP02-DEL04-RN"
107006;2018-01-29;"segunda-feira";"07:10:00";"MS";163;265;"DOURADOS";"Falta de Atenção à Condução";"Colisão traseira";"Com Vítimas Feridas";"Pleno dia";"Crescente";"Céu Claro";"Dupla";"Rotatória";"Não";2;0;1;0;1;0;1;2;-22,22373538;-54,73139495;"SPRF-MS";"DEL04-MS";"UOP01-DEL04-MS"
107007;2018-01-29;"segunda-feira";"07:25:00";"SC";470;171,2;"POUSO REDONDO";"Falta de Atenção à Condução";"Colisão transversal";"Sem Vítimas";"Pleno dia";"Decrescente";"Nublado";"Simples";"Reta";"Não";2;0;0;0;2;0;0;2;-27,2657357;-49,88883287;"SPRF-SC";"DEL04-SC";"UOP02-DEL04-SC"
107008;2018-01-29;"segunda-feira";"08:32:00";"SC";101;229,1;"PALHOCA";"Velocidade Incompatível";"Colisão com objeto estático";"Com Vítimas Fatais";"Pleno dia";"Decrescente";"Sol";"Dupla";"Curva";"Não";2;1;0;0;0;1;0;2;-27,76853551;-48,6316618;"SPRF-SC";"DEL01-SC";"UOP02-DEL01-SC"
107009;2018-01-29;"segunda-feira";"06:30:00";"SP";116;433;"REGISTRO";"Falta de Atenção à Condução";"Capotamento";"Com Vítimas Feridas";"Amanhecer";"Decrescente";"Nublado";"Dupla";"Reta";"Não";1;0;1;0;0;0;1;1;-24,487978;-47,84402;"SPRF-SP";"DEL05-SP";"UOP01-DEL05-SP"