"id";"data_inversa";"dia_semana";"horario";"uf";"br";"km";"municipio";"causa_acidente";"tipo_acidente";"classificacao_acidente";"fase_dia";"sentido_via";"condicao_metereologica";"tipo_pista";"tracado_via";"uso_solo";"pessoas";"mortos";"feridos_leves";"feridos_graves";"ilesos";"ignorados";"feridos";"veiculos";"latitude";"longitude";"regional";"delegacia";"uop"
107133;2018-01-29;"segunda-feira";"16:15:00";"SP";116;545;"BARRA DO TURVO";"Velocidade Incompatível";"Capotamento";"Sem Vítimas";"Pleno dia";"Crescente";"Nublado";"Simples";"Curva";"Não";2;0;0;0;2;0;0;1;-24,756866;-48,50514;"SPRF-SP";"DEL05-SP";"UOP02-DEL05-SP"
107134;2018-01-29;"segunda-feira";"15:15:00";"RN";304;45,3;"MOSSORO";"Falta de Atenção à Condução";"Colisão traseira";"Sem Vítimas";"Pleno dia";"Crescente";"Nublado";"Dupla";"Retorno Regulamentado";"Sim";3;0;0;0;3;0;0;2;-5,22531824;-37,34716415;"SPRF-RN";"DEL04-RN";"UOP01-DEL04-RN"
107135;2018-01-29;"segunda-feira";"09:30:00";"SC";470;57,2;"BLUMENAU";"Falta de Atenção à Condução";"Colisão transversal";"Com Vítimas Feridas";"Pleno dia";"Crescente";"Nublado";"Simples";"Reta";"Sim";2;0;1;0;1;0;1;2;-26,87637308;-49,12242115;"SPRF-SC";"DEL04-SC";"UOP01-DEL04-SC"
107136;2018-01-29;"segunda-feira";"18:00:00";"RJ";40;31,8;"TRES RIOS";"Velocidade Incompatível";"Colisão frontal";"Com Vítimas Feridas";"Anoitecer";"Decrescente";"Chuva";"Dupla";"Curva";"Não";4;0;1;0;3;0;1;1;-22,19829;-43,158646;"SPRF-RJ";"DEL06-RJ";"UOP02-DEL05-RJ"
107139;2018-01-29;"segunda-feira";"14:00:00";"MG";116;619,5;"ORIZANIA";"Falta de Atenção à Condução";"Colisão transversal";"Com Vítimas Feridas";"Pleno dia";"Crescente";"Sol";"Simples";"Reta";"Não";2;0;1;0;1;0;1;2;-20,5063;-42,2083;"SPRF-MG";"DEL07-MG";"UOP03-DEL07-MG"
107141;2018-01-29;"segunda-feira";"16:50:00";"SC";282;5,3;"SAO JOSE";"Falta de Atenção à Condução";"Colisão traseira";"Com Vítimas Feridas";"Pleno dia";"Decrescente";"Céu Claro";"Dupla";"Reta";"Sim";3;0;1;0;2;0;1;2;-27,58698236;-48,61588597;"SPRF-SC";"DEL01-SC";"UOP01-DEL01-SC"
107144;2018-01-29;"segunda-feira";"16:55:00";"RS";116;265;"CANOAS";"Não guardar distância de segurança";"Colisão traseira";"Com Vítimas Feridas";"Pleno dia";"Crescente";"Céu Claro";"Múltipla";"Reta";"Sim";2;0;1;0;1;0;1;2;-29,923407;-51,177811;"SPRF-RS";"DEL01-RS";"UOP01-DEL01-RS"
107146;2018-01-29;"segunda-feira";"17:34:00";"ES";101;294;"CARIACICA";"Defeito Mecânico no Veículo";"Incêndio";"Sem Vítimas";"Pleno dia";"Decrescente";"Céu Claro";"Múltipla";"Curva;Aclive";"Sim";1;0;0;0;1;0;0;1;-20,32464738;-40,39537132;"SPRF-ES";"DEL01-ES";"UOP01-DEL01-ES"
107148;2018-01-29;"segunda-feira";"14:32:00";"MA";316;543,4;"CAXIAS";"Velocidade Incompatível";"Capotamento";"Sem Vítimas";"Pleno dia";"Crescente";"Chuva";"Simples";"Reta";"Não";4;0;0;0;4;0;0;1;-4,86568358;-43,41654997;"SPRF-MA";"DEL03-MA";"UOP02-DEL03-MA"
107150;2018-01-29;"segunda-feira";"16:10:00";"PB";101;113;"ALHANDRA";"Condutor Dormindo";"Saída de leito carroçável";"Com Vítimas Feridas";"Pleno dia";"Decrescente";"Céu Claro";"Dupla";"Curva";"Não";1;0;1;0;0;0;1;1;-7,38538565;-34,95688677;"SPRF-PB";"DEL01-PB";"UOP01-DEL01-PB"
107154;2018-01-29;"segunda-feira";"16:30:00";"PE";104;37,2;"CARUARU";"Animais na Pista";"Capotamento";"Sem Vítimas";"Pleno dia";"Crescente";"Céu Claro";"Dupla";"Reta";"Não";1;0;0;0;1;0;0;1;-8,06337219;-36,04730528;"SPRF-PE";"DEL02-PE";"UOP01-DEL02-PE"
107157;2018-01-29;"segunda-feira";"17:10:00";"MG";267;85,9;"JUIZ DE FORA";"Desobediência às normas de trânsito pelo condutor";"Tombamento";"Com Vítimas Feridas";"Pleno dia";"Crescente";"Nublado";"Simples";"Curva";"Não";4;0;3;0;1;0;3;2;-21,74513523;-43,2693764;"SPRF-MG";"DEL05-MG";"UOP01-DEL05-MG"
107159;2018-01-29;"segunda-feira";"14:45:00";"AM";174;939,1;"MANAUS";"Ultrapassagem Indevida";"Saída de leito carroçável";"Com Vítimas Feridas";"Pleno dia";"Decrescente";"Nublado";"Simples";"Declive";"Não";5;0;3;0;2;0;3;1;-3,1023283;-60,02544;"SPRF-AM";"DEL01-AM";"UOP01-DEL01-AM"
107162;2018-01-29;"segunda-feira";"17:30:00";"SP";116;173,2;"JACAREI";"Falta de Atenção à Condução";"Colisão traseira";"Com Vítimas Feridas";"Pleno dia";"Decrescente";"Céu Claro";"Dupla";"Reta";"Não";2;0;1;0;1;0;1;2;-23,33076993;-46,12942338;"SPRF-SP";"DEL02-SP";"UOP01-DEL02-SP"
107163;2018-01-29;"segunda-feira";"17:40:00";"SP";116;269;"TABOAO DA SERRA";"Falta de Atenção à Condução";"Colisão traseira";"Com Vítimas Feridas";"Anoitecer";"Decrescente";"Chuva";"Dupla";"Reta";"Sim";2;0;1;0;1;0;1;2;-23,60862682;-46,75919652;"SPRF-SP";"DEL04-SP";"UOP01-DEL04-SP"
107164;2018-01-29;"segunda-feira";"17:10:00";"PR";376;517;"PONTA GROSSA";"Falta de Atenção à Condução";"Saída de leito carroçável";"Sem Vítimas";"Pleno dia";"Decrescente";"Nublado";"Dupla";"Curva";"Não";1;0;0;0;1;0;0;1;-25,095474;-50,162373;"SPRF-PR";"DEL03-PR";"UOP04-DEL03-PR"
107165;2018-01-29;"segunda-feira";"15:45:00";"PR";153;316,9;"IMBITUVA";"Falta de Atenção à Condução";"Colisão frontal";"Com Vítimas Feridas";"Pleno dia";"Decrescente";"Céu Claro";"Simples";"Reta";"Não";3;0;1;2;0;0;3;2;-25,35023146;-50,63455135;"SPRF-PR";"DEL03-PR";"UOP02-DEL08-PR"
107167;2018-01-29;"segunda-feira";"17:50:00";"SP";116;290;"ITAPECERICA DA SERRA";"Velocidade Incompatível";"Colisão com objeto estático";"Sem Vítimas";"Pleno dia";"Crescente";"Chuva";"Dupla";"Reta";"Não";1;0;0;0;1;0;0;1;-23,719698;-46,884158;"SPRF-SP";"DEL04-SP";"UOP01-DEL04-SP"
107168;2018-01-29;"segunda-feira";"18:00:00";"MG";365;333,4;"SAO GONCALO DO ABAETE";"Fenômenos da Natureza";"Saída de leito carroçável";"Com Vítimas Feridas";"Pleno dia";"Crescente";"Chuva";"Simples";"Declive";"Não";5;0;2;0;3;0;2;1;-18,3403;-45,837;"SPRF-MG";"DEL10-MG";"UOP01-DEL10-MG"
107169;2018-01-29;"segunda-feira";"17:30:00";"MG";153;32;"CENTRALINA";"Condutor Dormindo";"Capotamento";"Com Vítimas Feridas";"Pleno dia";"Decrescente";"Céu Claro";"Dupla";"Reta";"Não";5;0;0;5;0;0;5;1;-18,7012;-49,1437;"SPRF-MG";"DEL15-MG";"UOP03-DEL15-MG"
107170;2018-01-29;"segunda-feira";"17:45:00";"MG";153;3;"ARAPORA";"Velocidade Incompatível";"Saída de leito carroçável";"Com Vítimas Feridas";"Pleno dia";"Crescente";"Céu Claro";"Dupla";"Curva";"Sim";1;0;1;0;0;0;1;1;-18,4513;-49,1878;"SPRF-MG";"DEL15-MG";"UOP03-DEL15-MG"
107173;2018-01-29;"segunda-feira";"18:40:00";"MG";381;338;"BELA VISTA DE MINAS";"Velocidade Incompatível";"Capotamento";"Com Vítimas Feridas";"Anoitecer";"Decrescente";"Chuva";"Simples";"Curva";"Não";1;0;1;0;0;0;1;1;-19,79735408;-43,05476546;"SPRF-MG";"DEL03-MG";"UOP01-DEL03-MG"
107175;2018-01-29;"segunda-feira";"19:05:00";"PR";277;194,5;"PALMEIRA";"Ingestão de Álcool";"Colisão traseira";"Sem Vítimas";"Pleno dia";"Crescente";"Garoa/Chuvisco";"Simples";"Reta";"Não";2;0;0;0;1;1;0;2;-25,46217492;-50,22258818;"SPRF-PR";"DEL03-PR";"UOP02-DEL08-PR"
107176;2018-01-29;"segunda-feira";"18:50:00";"PR";376;511;"PONTA GROSSA";"Falta de Atenção à Condução";"Colisão traseira";"Com Vítimas Feridas";"Pleno dia";"Decrescente";"Chuva";"Múltipla";"Reta";"Não";5;0;1;0;4;0;1;2;-25,22730483;-50,0463295;"SPRF-PR";"DEL03-PR";"UOP04-DEL03-PR"
107178;2018-01-29;"segunda-feira";"17:45:00";"MG";40;531,5;"CONTAGEM";"Pista Escorregadia";"Queda de ocupante de veículo";"Com Vítimas Feridas";"Pleno dia";"Decrescente";"Chuva";"Dupla";"Reta";"Sim";1;0;1;0;0;0;1;1;-19,92292316;-44,02000397;"SPRF-MG";"DEL01-MG";"UOP03-DEL01-MG"
107180;2018-01-29;"segunda-feira";"18:50:00";"RJ";116;166,8;"RIO DE JANEIRO";"Falta de Atenção à Condução";"Colisão traseira";"Com Vítimas Feridas";"Pleno dia";"Decrescente";"Céu Claro";"Dupla";"Reta";"Sim";2;0;1;0;1;0;1;2;-22,81727018;-43,306535;"SPRF-RJ";"DEL01-RJ";"UOP02-DEL01-RJ"
107181;2018-01-29;"segunda-feira";"19:00:00";"GO";40;6;"VALPARAISO DE GOIAS";"Ingestão de Álcool";"Colisão traseira";"Sem Vítimas";"Pleno dia";"Decrescente";"Céu Claro";"Dupla";"Reta";"Sim";2;0;0;0;2;0;0;2;-16,10158219;-47,97670484;"SPRF-DF";"DEL01-DF";"UOP01-DEL01-DF"
107182;2018-01-29;"segunda-feira";"19:30:00";"DF";251;28;"BRASILIA";"Falta de Atenção à Condução";"Capotamento";"Com Vítimas Feridas";"Plena Noite";"Crescente";"Chuva";"Simples";"Curva";"Não";2;0;2;0;0;0;2;1;-15,95056;-47,702091;"SPRF-DF";"DEL01-DF";"UOP01-DEL01-DF"
107184;2018-01-29;"segunda-feira";"18:55:00";"RS";101;56,2;"TERRA DE AREIA";"Falta de Atenção à Condução";"Saída de leito carroçável";"Sem Vítimas";"Pleno dia";"Crescente";"Sol";"Dupla";"Curva";"Não";1;0;0;0;1;0;0;1;-29,65300134;-50,12134854;"SPRF-RS";"DEL03-RS";"UOP01-DEL03-RS"
107185;2018-01-29;"segunda-feira";"19:45:00";"MG";40;638,4;"CONSELHEIRO LAFAIETE";"Fenômenos da Natureza";"Saída de leito carroçável";"Com Vítimas Feridas";"Plena Noite";"Decrescente";"Chuva";"Simples";"Reta;Declive";"Não";3;0;1;0;2;0;1;1;-20,73644266;-43,79963981;"SPRF-MG";"DEL05-MG";"UOP02-DEL05-MG"
107186;2018-01-29;"segunda-feira";"18:45:00";"PA";163;985;"SANTAREM";"Falta de Atenção à Condução";"Colisão transversal";"Com Vítimas Feridas";"Plena Noite";"Decrescente";"Céu Claro";"Simples";"Declive";"Não";2;0;0;1;1;0;1;2;-2,59653712;-54,71964126;"SPRF-PA";"DEL05-PA";"UOP01-DEL05-PA"
107187;2018-01-29;"segunda-feira";"18:45:00";"RN";101;95;"NATAL";"Falta de Atenção à Condução";"Colisão lateral";"Com Vítimas Feridas";"Plena Noite";"Crescente";"Céu Claro";"Múltipla";"Reta";"Sim";2;0;1;0;1;0;1;2;-5,840768;-35,210358;"SPRF-RN";"DEL01-RN";"UOP01-DEL01-RN"
107190;2018-01-29;"segunda-feira";"18:50:00";"CE";222;0,5;"FORTALEZA";"Deficiência ou não Acionamento do Sistema de Iluminação/Sinalização do Veículo";"Colisão lateral";"Com Vítimas Feridas";"Plena Noite";"Crescente";"Céu Claro";"Dupla";"Reta";"Não";4;0;0;1;2;1;1;3;-3,73724089;-38,57365647;"SPRF-CE";"DEL01-CE";"UOP01-DEL01-CE"
107191;2018-01-29;"segunda-feira";"17:20:00";"SC";282;557,5;"NOVA ITABERABA";"Não guardar distância de segurança";"Engavetamento";"Sem Vítimas";"Pleno dia";"Decrescente";"Sol";"Simples";"Reta";"Não";3;0;0;0;3;0;0;3;-26,93065036;-52,82556474;"SPRF-SC";"DEL07-SC";"UOP01-DEL07-SC"
107199;2018-01-29;"segunda-feira";"20:15:00";"GO";60;390;"RIO VERDE";"Velocidade Incompatível";"Saída de leito carroçável";"Sem Vítimas";"Plena Noite";"Decrescente";"Chuva";"Dupla";"Reta";"Sim";3;0;0;0;1;2;0;2;-17,823;-50,9515;"SPRF-GO";"DEL04-GO";"UOP01-DEL04-GO"
107202;2018-01-29;"segunda-feira";"18:50:00";"SC";282;92,4;"ALFREDO WAGNER";"Condutor Dormindo";"Colisão frontal";"Com Vítimas Feridas";"Pleno dia";"Crescente";"Céu Claro";"Simples";"Curva";"Não";4;0;2;1;1;0;3;2;-27,70058481;-49,23660894;"SPRF-SC";"DEL01-SC";"UOP03-DEL01-SC"
107203;2018-01-29;"segunda-feira";"14:50:00";"BA";367;23,7;"PORTO SEGURO";"Falta de Atenção à Condução";"Colisão transversal";"Com Vítimas Feridas";"Pleno dia";"Decrescente";"Sol";"Simples";"Reta";"Sim";3;0;1;0;2;0;1;2;-16,43688206;-39,0785827;"SPRF-BA";"DEL09-BA";"UOP01-DEL09-BA"
107205;2018-01-29;"segunda-feira";"20:00:00";"PE";101;100;"CABO DE SANTO AGOSTINHO";"Velocidade Incompatível";"Colisão frontal";"Sem Vítimas";"Plena Noite";"Crescente";"Céu Claro";"Simples";"Reta";"Sim";2;0;0;0;2;0;0;2;-8,290054;-35,042747;"SPRF-PE";"DEL01-PE";"UOP03-DEL01-PE"
107208;2018-01-29;"segunda-feira";"18:40:00";"CE";20;404;"CAUCAIA";"Deficiência ou não Acionamento do Sistema de Iluminação/Sinalização do Veículo";"Colisão traseira";"Com Vítimas Feridas";"Plena Noite";"Crescente";"Nublado";"Simples";"Reta";"Não";3;0;0;1;1;1;1;2;-3,77528535;-38,6803481;"SPRF-CE";"DEL01-CE";"UOP01-DEL01-CE"
107209;2018-01-29;"segunda-feira";"20:00:00";"CE";20;339;"CARIDADE";"Animais na Pista";"Atropelamento de Animal";"Sem Vítimas";"Plena Noite";"Crescente";"Céu Claro";"Simples";"Reta";"Não";1;0;0;0;1;0;0;1;-4,232621;-39,192818;"SPRF-CE";"DEL02-CE";"UOP01-DEL02-CE"
107210;2018-01-29;"segunda-feira";"21:50:00";"ES";101;213;"IBIRACU";"Falta de Atenção à Condução";"Colisão lateral";"Com Vítimas Feridas";"Plena Noite";"Crescente";"Céu Claro";"Simples";"Reta";"Sim";2;0;1;0;1;0;1;2;-19,82393127;-40,36975086;"SPRF-ES";"DEL02-ES";"UOP01-DEL02-ES"
107211;2018-01-29;"segunda-feira";"22:00:00";"SC";470;99,9;"APIUNA";"Falta de Atenção à Condução";"Colisão lateral";"Com Vítimas Feridas";"Plena Noite";"Crescente";"Céu Claro";"Simples";"Reta";"Sim";2;0;0;1;1;0;1;2;-27,03405215;-49,38774526;"SPRF-SC";"DEL04-SC";"UOP02-DEL04-SC"
107212;2018-01-29;"segunda-feira";"22:10:00";"MG";262;88;"ABRE CAMPO";"Ingestão de Álcool";"Colisão frontal";"Com Vítimas Feridas";"Plena Noite";"Decrescente";"Chuva";"Simples";"Curva";"Não";3;0;2;1;0;0;3;3;-20,33416465;-42,44415522;"SPRF-MG";"DEL03-MG";"UOP03-DEL03-MG"
107216;2018-01-29;"segunda-feira";"21:00:00";"AL";316;81,9;"SANTANA DO IPANEMA";"Animais na Pista";"Atropelamento de Animal";"Com Vítimas Feridas";"Plena Noite";"Crescente";"Céu Claro";"Simples";"Reta";"Não";1;0;0;1;0;0;1;1;-9,36079226;-37,26924702;"SPRF-AL";"DEL03-AL";"UOP02-DEL03-AL"
107218;2018-01-29;"segunda-feira";"21:30:00";"CE";20;347;"CARIDADE";"Animais na Pista";"Atropelamento de Animal";"Sem Vítimas";"Plena Noite";"Crescente";"Céu Claro";"Simples";"Reta";"Não";1;0;0;0;1;0;0;1;-4,232621;-39,192818;"SPRF-CE";"DEL02-CE";"UOP01-DEL02-CE"
107222;2018-01-29;"segunda-feira";"22:40:00";"SP";116;127,3;"CACAPAVA";"Falta de Atenção do Pedestre";"Atropelamento de Pedestre";"Com Vítimas Fatais";"Plena Noite";"Crescente";"Chuva";"Dupla";"Reta";"Sim";2;1;0;0;0;1;0;2;-23,104395;-45,694351;"SPRF-SP";"DEL06-SP";"UOP02-DEL02-SP"
107224;2018-01-29;"segunda-feira";"23:15:00";"SC";470;151,6;"AGRONOMICA";"Velocidade Incompatível";"Colisão com objeto estático";"Sem Vítimas";"Plena Noite";"Crescente";"Nublado";"Simples";"Rotatória";"Sim";1;0;0;0;1;0;0;1;-27,2571952;-49,71248567;"SPRF-SC";"DEL04-SC";"UOP02-DEL04-SC"
107226;2018-01-29;"segunda-feira";"21:50:00";"MG";381;729,3;"CARMO DA CACHOEIRA";"Pista Escorregadia";"Capotamento";"Sem Vítimas";"Plena Noite";"Decrescente";"Chuva";"Dupla";"Curva";"Não";1;0;0;0;1;0;0;1;-21,50081198;-45,21365122;"SPRF-MG";"DEL04-MG";"UOP02-DEL04-MG"
107227;2018-01-29;"segunda-feira";"21:30:00";"SP";116;434,7;"REGISTRO";"Animais na Pista";"Atropelamento de Animal";"Sem Vítimas";"Plena Noite";"Crescente";"Chuva";"Dupla";"Reta";"Não";2;0;0;0;2;0;0;2;-24,487978;-47,84402;"SPRF-SP";"DEL05-SP";"UOP01-DEL05-SP"
107228;2018-01-29;"segunda-feira";"21:30:00";"SP";116;434,4;"REGISTRO";"Animais na Pista";"Atropelamento de Animal";"Com Vítimas Feridas";"Plena Noite";"Decrescente";"Chuva";"Dupla";"Reta";"Não";7;0;6;0;1;0;6;1;-24,487978;-47,84402;"SPRF-SP";"DEL05-SP";"UOP01-DEL05-SP"
107229;2018-01-29;"segunda-feira";"21:30:00";"SP";116;434,4;"REGISTRO";"Animais na Pista";"Atropelamento de Animal";"Sem Vítimas";"Plena Noite";"Decrescente";"Chuva";"Dupla";"Reta";"Não";2;0;0;0;2;0;0;2;-24,487978;-47,84402;"SPRF-SP";"DEL05-SP";"UOP01-DEL05-SP"
107230;2018-01-29;"segunda-feira";"21:30:00";"SP";116;434,4;"REGISTRO";"Animais na Pista";"Atropelamento de Animal";"Com Vítimas Feridas";"Plena Noite";"Decrescente";"Chuva";"Dupla";"Reta";"Não";1;0;1;0;0;0;1;1;-24,487978;-47,84402;"SPRF-SP";"DEL05-SP";"UOP01-DEL05-SP"
107232;2018-01-29;"segunda-feira";"23:30:00";"MG";381;505,7;"BETIM";"Avarias e/ou desgaste excessivo no pneu";"Colisão com objeto estático";"Sem Vítimas";"Plena Noite";"Decrescente";"Chuva";"Dupla";"Curva;Declive";"Sim";1;0;0;0;1;0;0;1;-20,0363013;-44,24667386;"SPRF-MG";"DEL01-MG";"UOP03-DEL01-MG"
107234;2018-01-29;"segunda-feira";"18:30:00";"SP";116;565,1;"BARRA DO TURVO";"Velocidade Incompatível";"Colisão com objeto estático";"Sem Vítimas";"Pleno dia";"Crescente";"Garoa/Chuvisco";"Simples";"Curva";"Não";1;0;0;0;1;0;0;1;-25,0366551;-48,54656696;"SPRF-SP";"DEL05-SP";"UOP02-DEL05-SP"
107236;2018-01-30;"terça-feira";"00:17:00";"RS";116;153,8;"CAXIAS DO SUL";"Ingestão de Álcool";"Colisão lateral";"Com Vítimas Feridas";"Plena Noite";"Crescente";"Céu Claro";"Dupla";"Curva";"Sim";6;0;1;1;4;0;2;2;-29,18865019;-51,18022799;"SPRF-RS";"DEL05-RS";"UOP01-DEL05-RS"
107239;2018-01-29;"segunda-feira";"23:30:00";"PE";232;7;"RECIFE";"Falta de Atenção do Pedestre";"Atropelamento de Pedestre";"Com Vítimas Fatais";"Plena Noite";"Decrescente";"Céu Claro";"Dupla";"Reta";"Não";3;1;0;0;1;1;0;2;-8,072262;-34,9558026;"SPRF-PE";"DEL01-PE";"UOP01-DEL01-PE"
107240;2018-01-29;"segunda-feira";"23:25:00";"MG";381;533,5;"ITATIAIUCU";"Velocidade Incompatível";"Saída de leito carroçável";"Sem Vítimas";"Plena Noite";"Crescente";"Chuva";"Dupla";"Curva";"Não";1;0;0;0;0;1;0;1;-20,17450197;-44,37500115;"SPRF-MG";"DEL04-MG";"UOP03-DEL04-MG"
107241;2018-01-30;"terça-feira";"00:20:00";"SP";116;202,3;"ARUJA";"Restrição de Visibilidade";"Tombamento";"Sem Vítimas";"Plena Noite";"Crescente";"Chuva";"Dupla";"Declive";"Sim";1;0;0;0;1;0;0;1;-23,40876113;-46,34064317;"SPRF-SP";"DEL01-SP";"UOP02-DEL01-SP"
107242;2018-01-30;"terça-feira";"01:15:00";"PR";376;137,2;"NOVA ESPERANCA";"Condutor Dormindo";"Saída de leito carroçável";"Com Vítimas Feridas";"Plena Noite";"Decrescente";"Nublado";"Dupla";"Reta";"Não";1;0;0;1;0;0;1;1;-23,21531792;-52,18686104;"SPRF-PR";"DEL07-PR";"UOP02-DEL09-PR"
107244;2018-01-30;"terça-feira";"02:50:00";"GO";50;305,2;"CUMARI";"Condutor Dormindo";"Colisão com objeto estático";"Com Vítimas Feridas";"Plena Noite";"Crescente";"Chuva";"Simples";"Declive";"Não";1;0;1;0;0;0;1;1;-18,36489924;-48,05125938;"SPRF-GO";"DEL06-GO";"UOP01-DEL06-GO"
107251;2018-01-30;"terça-feira";"05:10:00";"RS";116;69;"CAMPESTRE DA SERRA";"Animais na Pista";"Atropelamento de Animal";"Sem Vítimas";"Plena Noite";"Decrescente";"Nevoeiro/Neblina";"Simples";"Reta";"Não";1;0;0;0;1;0;0;1;-28,7105861;-51,08326352;"SPRF-RS";"DEL05-RS";"UOP03-DEL05-RS"
107255;2018-01-30;"terça-feira";"06:10:00";"MG";381;888,7;"CAMBUI";"Mal Súbito";"Saída de leito carroçável";"Com Vítimas Feridas";"Amanhecer";"Crescente";"Chuva";"Dupla";"Reta";"Não";1;0;1;0;0;0;1;1;-22,53285371;-46,0275355;"SPRF-MG";"DEL16-MG";"UOP03-DEL16-MG"
107256;2018-01-30;"terça-feira";"06:40:00";"SP";116;216,9;"GUARULHOS";"Falta de Atenção do Pedestre";"Atropelamento de Pedestre";"Com Vítimas Feridas";"Amanhecer";"Decrescente";"Nublado";"Múltipla";"Declive";"Não";2;0;0;1;0;1;1;2;-23,456616;-46,476488;"SPRF-SP";"DEL01-SP";"UOP01-DEL01-SP"
107257;2018-01-30;"terça-feira";"05:30:00";"MG";40;467,3;"SETE LAGOAS";"Defeito Mecânico no Veículo";"Incêndio";"Sem Vítimas";"Amanhecer";"Crescente";"Céu Claro";"Dupla";"Reta";"Não";1;0;0;0;1;0;0;1;-19,45795086;-44,30566849;"SPRF-MG";"DEL02-MG";"UOP01-DEL02-MG"
107258;2018-01-30;"terça-feira";"06:40:00";"SP";381;34,9;"ATIBAIA";"Falta de Atenção à Condução";"Queda de ocupante de veículo";"Com Vítimas Feridas";"Amanhecer";"Crescente";"Garoa/Chuvisco";"Dupla";"Declive";"Sim";1;0;1;0;0;0;1;1;-23,09087707;-46,57262208;"SPRF-SP";"DEL03-SP";"UOP02-DEL03-SP"
107259;2018-01-29;"segunda-feira";"19:00:00";"MG";40;638,5;"CONSELHEIRO LAFAIETE";"Não guardar distância de segurança";"Colisão traseira";"Com Vítimas Feridas";"Plena Noite";"Decrescente";"Chuva";"Simples";"Reta";"Não";8;0;2;0;6;0;2;2;-20,7315222;-43,80006284;"SPRF-MG";"DEL05-MG";"UOP02-DEL05-MG"
107261;2018-01-30;"terça-feira";"06:30:00";"SE";235;50,9;"ITABAIANA";"Falta de Atenção à Condução";"Colisão traseira";"Com Vítimas Feridas";"Pleno dia";"Crescente";"Céu Claro";"Dupla";"Rotatória";"Sim";2;0;1;0;1;0;1;2;-10,70108298;-37,43072391;"SPRF-SE";"DEL01-SE";"UOP02-DEL01-SE"
107264;2018-01-29;"segunda-feira";"21:20:00";"MG";40;679;"RESSAQUINHA";"Fenômenos da Natureza";"Tombamento";"Com Vítimas Feridas";"Plena Noite";"Crescente";"Chuva";"Simples";"Reta";"Não";1;0;1;0;0;0;1;1;-21,05308867;-43,76325488;"SPRF-MG";"DEL05-MG";"UOP02-DEL05-MG"
107265;2018-01-29;"segunda-feira";"16:30:00";"RJ";40;51;"PETROPOLIS";"Pista Escorregadia";"Capotamento";"Com Vítimas Feridas";"Pleno dia";"Decrescente";"Chuva";"Simples";"Declive";"Sim";1;0;1;0;0;0;1;1;-22,33253061;-43,13326647;"SPRF-RJ";"DEL06-RJ";"UOP01-DEL06-RJ"
107266;2018-01-30;"terça-feira";"08:20:00";"PR";153;399,5;"MALLET";"Falta de Atenção à Condução";"Saída de leito carroçável";"Com Vítimas Feridas";"Pleno dia";"Decrescente";"Nublado";"Simples";"Curva";"Não";2;0;1;0;1;0;1;1;-25,878252;-50,821545;"SPRF-PR";"DEL02-PR";"UOP03-DEL02-PR"
107267;2018-01-30;"terça-feira";"08:10:00";"ES";101;294;"CARIACICA";"Pista Escorregadia";"Saída de leito carroçável";"Com Vítimas Feridas";"Pleno dia";"Crescente";"Garoa/Chuvisco";"Dupla";"Declive";"Não";1;0;0;1;0;0;1;1;-20,32586004;-40,39651394;"SPRF-ES";"DEL01-ES";"UOP01-DEL01-ES"
107268;2018-01-07;"domingo";"02:00:00";"SP";116;284;"EMBU DAS ARTES";"Não guardar distância de segurança";"Colisão traseira";"Sem Vítimas";"Plena Noite";"Decrescente";"Céu Claro";"Dupla";"Reta";"Não";2;0;0;0;2;0;0;2;-23,6719026;-46,85634613;"SPRF-SP";"DEL04-SP";"UOP01-DEL04-SP"
107269;2018-01-30;"terça-feira";"07:00:00";"CE";116;1;"FORTALEZA";"Não guardar distância de segurança";"Colisão traseira";"Sem Vítimas";"Pleno dia";"Decrescente";"Sol";"Múltipla";"Reta";"Sim";3;0;0;0;3;0;0;3;-3,76574665;-38,51814151;"SPRF-CE";"DEL01-CE";"UOP02-DEL01-CE"
107272;2018-01-30;"terça-feira";"08:30:00";"PR";476;135;"CURITIBA";"Falta de Atenção à Condução";"Colisão traseira";"Com Vítimas Feridas";"Pleno dia";"Decrescente";"Céu Claro";"Múltipla";"Reta";"Sim";2;0;1;0;1;0;1;2;-25,34786998;-49,1883661;"SPRF-PR";"DEL01-PR";"UOP01-DEL01-PR"
107273;2018-01-30;"terça-feira";"07:45:00";"MS";158;75,8;"PARANAIBA";"Objeto estático sobre o leito carroçável";"Colisão com objeto estático";"Sem Vítimas";"Pleno dia";"Decrescente";"Céu Claro";"Simples";"Declive";"Não";1;0;0;0;1;0;0;1;-19,5291916;-51,26949215;"SPRF-MS";"DEL08-MS";"UOP01-DEL08-MS"
107274;2018-01-30;"terça-feira";"08:30:00";"MG";50;69;"UBERLANDIA";"Falta de Atenção à Condução";"Engavetamento";"Sem Vítimas";"Pleno dia";"Crescente";"Nublado";"Dupla";"Reta";"Sim";5;0;0;0;5;0;0;5;-18,88498026;-48,2652247;"SPRF-MG";"DEL15-MG";"UOP01-DEL15-MG"
107275;2018-01-30;"terça-feira";"06:35:00";"PB";230;101;"GURINHEM";"Falta de Atenção do Pedestre";"Colisão lateral";"Sem Vítimas";"Pleno dia";"Decrescente";"Sol";"Dupla";"Declive;Curva";"Não";2;0;0;0;2;0;0;2;-7,20717544;-35,51124573;"SPRF-PB";"DEL01-PB";"UOP03-DEL01-PB"