"id";"data_inversa";"dia_semana";"horario";"uf";"br";"km";"municipio";"causa_acidente";"tipo_acidente";"classificacao_acidente";"fase_dia";"sentido_via";"condicao_metereologica";"tipo_pista";"tracado_via";"uso_solo";"pessoas";"mortos";"feridos_leves";"feridos_graves";"ilesos";"ignorados";"feridos";"veiculos";"latitude";"longitude";"regional";"delegacia";"uop"
107280;2018-01-30;"terça-feira";"09:15:00";"GO";153;581,6;"PROFESSOR JAMIL";"Falta de Atenção à Condução";"Saída de leito carroçável";"Sem Vítimas";"Pleno dia";"Crescente";"Nublado";"Dupla";"Curva";"Não";1;0;0;0;1;0;0;1;-17,38734218;-49,23141719;"SPRF-GO";"DEL03-GO";"UOP01-DEL03-GO"
107281;2018-01-30;"terça-feira";"08:50:00";"PR";277;82;"CURITIBA";"Falta de Atenção à Condução";"Colisão lateral";"Com Vítimas Feridas";"Pleno dia";"Crescente";"Céu Claro";"Dupla";"Reta";"Sim";2;0;1;0;1;0;1;2;-25,428255;-49,27348;"SPRF-PR";"DEL01-PR";"UOP07-DEL01-PR"
107282;2018-01-30;"terça-feira";"08:35:00";"RJ";116;228;"PIRAI";"Pista Escorregadia";"Tombamento";"Sem Vítimas";"Pleno dia";"Crescente";"Chuva";"Simples";"Curva";"Sim";1;0;0;0;1;0;0;1;-22,6335;-43,9046;"SPRF-RJ";"DEL07-RJ";"UOP01-DEL07-RJ"
107283;2018-01-30;"terça-feira";"08:50:00";"RJ";116;228;"PIRAI";"Pista Escorregadia";"Capotamento";"Sem Vítimas";"Pleno dia";"Decrescente";"Chuva";"Dupla";"Curva";"Não";1;0;0;0;1;0;0;1;-22,6335;-43,9046;"SPRF-RJ";"DEL07-RJ";"UOP01-DEL07-RJ"
107284;2018-01-30;"terça-feira";"09:30:00";"MG";40;727,5;"OLIVEIRA FORTES";"Avarias e/ou desgaste excessivo no pneu";"Capotamento";"Com Vítimas Feridas";"Pleno dia";"Crescente";"Céu Claro";"Dupla";"Curva";"Não";1;0;1;0;0;0;1;1;-21,33165332;-43,58600084;"SPRF-MG";"DEL05-MG";"UOP01-DEL05-MG"
107285;2018-01-30;"terça-feira";"09:05:00";"RJ";101;257;"RIO BONITO";"Pista Escorregadia";"Colisão com objeto estático";"Sem Vítimas";"Pleno dia";"Decrescente";"Chuva";"Dupla";"Curva";"Não";1;0;0;0;1;0;0;1;-22,698215;-42,578129;"SPRF-RJ";"DEL02-RJ";"UOP03-DEL02-RJ"
107286;2018-01-30;"terça-feira";"07:20:00";"RJ";101;319;"SAO GONCALO";"Falta de Atenção à Condução";"Colisão lateral";"Com Vítimas Feridas";"Pleno dia";"Crescente";"Chuva";"Dupla";"Reta";"Não";2;0;1;0;1;0;1;2;-22,854151;-43,101822;"SPRF-RJ";"DEL02-RJ";"DEL5/2-UOP04/RJ"
107287;2018-01-30;"terça-feira";"08:40:00";"RJ";101;313,1;"SAO GONCALO";"Falta de Atenção à Condução";"Colisão lateral";"Sem Vítimas";"Pleno dia";"Crescente";"Chuva";"Dupla";"Reta";"Não";2;0;0;0;2;0;0;2;-22,81104321;-43,07066044;"SPRF-RJ";"DEL02-RJ";"DEL5/2-UOP04/RJ"
107289;2018-01-30;"terça-feira";"07:20:00";"RJ";101;196;"CASIMIRO DE ABREU";"Falta de Atenção à Condução";"Capotamento";"Com Vítimas Feridas";"Pleno dia";"Decrescente";"Chuva";"Dupla";"Curva";"Não";1;0;1;0;0;0;1;1;-22,49132031;-42,11963793;"SPRF-RJ";"DEL02-RJ";"UOP04-DEL08-RJ"
107290;2018-01-30;"terça-feira";"09:00:00";"MG";50;71;"UBERLANDIA";"Não guardar distância de segurança";"Colisão traseira";"Com Vítimas Feridas";"Pleno dia";"Crescente";"Céu Claro";"Dupla";"Reta";"Sim";3;0;2;0;1;0;2;3;-18,89934882;-48,24148622;"SPRF-MG";"DEL15-MG";"UOP01-DEL15-MG"
107292;2018-01-30;"terça-feira";"08:15:00";"PA";163;1005;"SANTAREM";"Falta de Atenção à Condução";"Queda de ocupante de veículo";"Com Vítimas Feridas";"Pleno dia";"Decrescente";"Nublado";"Dupla";"Reta";"Sim";1;0;1;0;0;0;1;1;-2,43049911;-54,73543289;"SPRF-PA";"DEL05-PA";"UOP01-DEL05-PA"
107294;2018-01-30;"terça-feira";"09:30:00";"SP";381;73;"MAIRIPORA";"Objeto estático sobre o leito carroçável";"Saída de leito carroçável";"Sem Vítimas";"Pleno dia";"Crescente";"Garoa/Chuvisco";"Dupla";"Curva";"Não";1;0;0;0;1;0;0;1;-23,4083961;-46,5801726;"SPRF-SP";"DEL03-SP";"DEL6/3-UOP03/SP"
107295;2018-01-30;"terça-feira";"07:50:00";"AP";210;1,5;"MACAPA";"Desobediência às normas de trânsito pelo condutor";"Colisão lateral";"Sem Vítimas";"Pleno dia";"Decrescente";"Céu Claro";"Simples";"Interseção de Vias";"Sim";2;0;0;0;1;1;0;2;0,08227036;-51,07733779;"SPRF-AP";"DEL01-AP";"UOP01-DEL01-AP"
107296;2018-01-30;"terça-feira";"09:40:00";"SC";280;58,2;"GUARAMIRIM";"Falta de Atenção à Condução";"Colisão transversal";"Com Vítimas Feridas";"Pleno dia";"Crescente";"Céu Claro";"Simples";"Reta";"Sim";2;0;1;0;1;0;1;2;-26,47427263;-49,02323135;"SPRF-SC";"DEL03-SC";"UOP03-DEL03-SC"
107297;2018-01-30;"terça-feira";"09:00:00";"SC";280;24;"ARAQUARI";"Falta de Atenção à Condução";"Capotamento";"Com Vítimas Feridas";"Pleno dia";"Crescente";"Nublado";"Simples";"Reta";"Não";1;0;1;0;0;0;1;1;-26,37726;-48,719547;"SPRF-SC";"DEL03-SC";"UOP03-DEL03-SC"
107298;2018-01-30;"terça-feira";"08:00:00";"MG";116;584,4;"MANHUACU";"Falta de Atenção à Condução";"Capotamento";"Sem Vítimas";"Pleno dia";"Decrescente";"Chuva";"Simples";"Reta";"Não";1;0;0;0;1;0;0;1;-20,16489939;-42,18887329;"SPRF-MG";"DEL06-MG";"UOP03-DEL06-MG"
107300;2018-01-30;"terça-feira";"08:50:00";"SP";116;337;"JUQUITIBA";"Avarias e/ou desgaste excessivo no pneu";"Saída de leito carroçável";"Sem Vítimas";"Pleno dia";"Crescente";"Chuva";"Dupla";"Curva";"Sim";1;0;0;0;1;0;0;1;-23,932146;-47,068737;"SPRF-SP";"DEL04-SP";"UOP03-DEL04-SP"
107303;2018-01-30;"terça-feira";"10:40:00";"SP";116;362;"MIRACATU";"Velocidade Incompatível";"Colisão com objeto estático";"Com Vítimas Feridas";"Pleno dia";"Crescente";"Garoa/Chuvisco";"Dupla";"Curva";"Não";2;0;2;0;0;0;2;1;-24,12286849;-47,27131069;"SPRF-SP";"DEL04-SP";"UOP03-DEL04-SP"
107304;2018-01-30;"terça-feira";"08:50:00";"PI";316;206,1;"VALENCA DO PIAUI";"Defeito Mecânico no Veículo";"Tombamento";"Sem Vítimas";"Pleno dia";"Crescente";"Sol";"Simples";"Reta";"Não";1;0;0;0;1;0;0;1;-6,37006455;-41,77920341;"SPRF-PI";"DEL04-PI";"UOP02-DEL04-PI"
107305;2018-01-18;"quinta-feira";"11:25:00";"ES";101;395,5;"RIO NOVO DO SUL";"Desobediência às normas de trânsito pelo condutor";"Queda de ocupante de veículo";"Com Vítimas Feridas";"Pleno dia";"Decrescente";"Céu Claro";"Simples";"Curva";"Não";3;0;2;0;1;0;2;2;-20,86633;-40,937564;"SPRF-ES";"DEL03-ES";"UOP02-DEL03-ES"
107306;2018-01-30;"terça-feira";"11:00:00";"PR";369;33,7;"CAMBARA";"Falta de Atenção à Condução";"Saída de leito carroçável";"Com Vítimas Feridas";"Pleno dia";"Decrescente";"Nublado";"Simples";"Curva";"Não";1;0;1;0;0;0;1;1;-23,03176932;-50,20605949;"SPRF-PR";"DEL07-PR";"UOP05-DEL07-PR"
107307;2018-01-30;"terça-feira";"10:27:00";"DF";20;6;"BRASILIA";"Pista Escorregadia";"Colisão traseira";"Sem Vítimas";"Pleno dia";"Decrescente";"Céu Claro";"Dupla";"Reta";"Sim";3;0;0;0;3;0;0;3;-15,6625741;-47,8052149;"SPRF-DF";"DEL02-DF";"UOP01-DEL02-DF"
107308;2018-01-26;"sexta-feira";"12:30:00";"SP";116;214;"GUARULHOS";"Objeto estático sobre o leito carroçável";"Colisão traseira";"Sem Vítimas";"Pleno dia";"Decrescente";"Nublado";"Múltipla";"Reta";"Sim";3;0;0;0;2;1;0;3;-23,44671521;-46,45348102;"SPRF-SP";"DEL01-SP";"UOP01-DEL01-SP"
107310;2018-01-30;"terça-feira";"11:00:00";"RJ";40;14;"TRES RIOS";"Velocidade Incompatível";"Colisão com objeto estático";"Sem Vítimas";"Pleno dia";"Crescente";"Chuva";"Dupla";"Curva;Aclive";"Não";1;0;0;0;1;0;0;1;-22,0731;-43,1871;"SPRF-RJ";"DEL06-RJ";"UOP02-DEL05-RJ"
107311;2018-01-30;"terça-feira";"10:30:00";"CE";222;4;"CAUCAIA";"Não guardar distância de segurança";"Colisão traseira";"Sem Vítimas";"Pleno dia";"Decrescente";"Nublado";"Dupla";"Reta";"Sim";2;0;0;0;2;0;0;2;-3,74174068;-38,60536189;"SPRF-CE";"DEL01-CE";"UOP01-DEL01-CE"
107313;2018-01-30;"terça-feira";"10:30:00";"CE";116;45;"PACAJUS";"Avarias e/ou desgaste excessivo no pneu";"Danos eventuais";"Sem Vítimas";"Pleno dia";"Crescente";"Céu Claro";"Dupla";"Reta";"Sim";1;0;0;0;1;0;0;1;-4,1485;-38,4776;"SPRF-CE";"DEL01-CE";"UOP02-DEL01-CE"
107316;2018-01-30;"terça-feira";"11:30:00";"PR";376;217;"JANDAIA DO SUL";"Falta de Atenção à Condução";"Colisão transversal";"Com Vítimas Feridas";"Pleno dia";"Crescente";"Céu Claro";"Simples";"Reta";"Não";3;0;0;2;1;0;2;2;-23,603521;-51,643764;"SPRF-PR";"DEL07-PR";"UOP03-DEL07-PR"
107317;2018-01-30;"terça-feira";"12:00:00";"MG";262;366,7;"JUATUBA";"Não guardar distância de segurança";"Colisão traseira";"Com Vítimas Feridas";"Pleno dia";"Decrescente";"Nublado";"Dupla";"Reta";"Não";2;0;0;1;1;0;1;2;-19,9747719;-44,32623696;"SPRF-MG";"DEL01-MG";"UOP03-DEL01-MG"
107318;2018-01-30;"terça-feira";"11:40:00";"PR";369;202,5;"APUCARANA";"Falta de Atenção à Condução";"Colisão lateral";"Com Vítimas Feridas";"Pleno dia";"Crescente";"Nublado";"Simples";"Interseção de Vias";"Sim";2;0;1;0;1;0;1;2;-23,54684796;-51,45196254;"SPRF-PR";"DEL07-PR";"UOP03-DEL07-PR"
107319;2018-01-30;"terça-feira";"11:20:00";"MS";163;248,5;"DOURADOS";"Ingestão de Álcool";"Tombamento";"Com Vítimas Feridas";"Pleno dia";"Decrescente";"Chuva";"Simples";"Reta";"Não";1;0;1;0;0;0;1;1;-22,31927732;-54,81961515;"SPRF-MS";"DEL04-MS";"UOP01-DEL04-MS"
107320;2018-01-30;"terça-feira";"10:40:00";"BA";101;103;"ALAGOINHAS";"Desobediência às normas de trânsito pelo condutor";"Colisão transversal";"Sem Vítimas";"Pleno dia";"Crescente";"Céu Claro";"Simples";"Interseção de Vias";"Sim";2;0;0;0;2;0;0;2;-12,1112;-38,3861;"SPRF-BA";"DEL01-BA";"UOP04-DEL01-BA"
107321;2018-01-30;"terça-feira";"12:00:00";"MG";381;908,4;"CAMBUI";"Velocidade Incompatível";"Colisão com objeto estático";"Com Vítimas Feridas";"Pleno dia";"Decrescente";"Chuva";"Dupla";"Curva;Declive";"Não";2;0;2;0;0;0;2;1;-22,68332313;-46,10166157;"SPRF-MG";"DEL16-MG";"UOP03-DEL16-MG"
107322;2018-01-30;"terça-feira";"12:30:00";"GO";50;278,6;"CATALAO";"Falta de Atenção à Condução";"Colisão lateral";"Com Vítimas Feridas";"Pleno dia";"Crescente";"Chuva";"Simples";"Interseção de Vias";"Sim";1;0;1;0;0;0;1;1;-18,17217965;-47,92533928;"SPRF-GO";"DEL06-GO";"UOP01-DEL06-GO"
107323;2018-01-30;"terça-feira";"11:40:00";"MS";163;478;"CAMPO GRANDE";"Falta de Atenção à Condução";"Colisão transversal";"Com Vítimas Feridas";"Pleno dia";"Decrescente";"Céu Claro";"Simples";"Reta";"Não";2;0;0;1;1;0;1;2;-20,49614654;-54,55924547;"SPRF-MS";"DEL01-MS";"UOP01-DEL01-MS"
107324;2018-01-30;"terça-feira";"11:40:00";"ES";262;27,3;"VIANA";"Pista Escorregadia";"Saída de leito carroçável";"Sem Vítimas";"Pleno dia";"Decrescente";"Chuva";"Simples";"Curva";"Não";1;0;0;0;1;0;0;1;-20,38459844;-40,55530608;"SPRF-ES";"DEL01-ES";"UOP01-DEL01-ES"
107326;2018-01-30;"terça-feira";"12:50:00";"RJ";116;294;"PORTO REAL";"Pista Escorregadia";"Colisão com objeto estático";"Sem Vítimas";"Pleno dia";"Crescente";"Céu Claro";"Simples";"Reta";"Não";1;0;0;0;1;0;0;1;-22,420204;-44,290657;"SPRF-RJ";"DEL07-RJ";"DEL5/7-UOP03/RJ"
107329;2018-01-30;"terça-feira";"10:30:00";"MG";40;717,8;"BARBACENA";"Velocidade Incompatível";"Colisão com objeto estático";"Sem Vítimas";"Pleno dia";"Decrescente";"Chuva";"Dupla";"Curva";"Não";1;0;0;0;1;0;0;1;-21,2872;-43,6421;"SPRF-MG";"DEL05-MG";"UOP01-DEL05-MG"
107330;2018-01-30;"terça-feira";"13:00:00";"SC";101;436,4;"SOMBRIO";"Desobediência às normas de trânsito pelo condutor";"Colisão transversal";"Com Vítimas Feridas";"Pleno dia";"Crescente";"Céu Claro";"Dupla";"Rotatória";"Sim";2;0;1;0;1;0;1;2;-29,11078058;-49,63841379;"SPRF-SC";"DEL02-SC";"UOP02-DEL02-SC"
107331;2018-01-30;"terça-feira";"12:30:00";"RJ";40;3;"COMENDADOR LEVY GASPARIAN";"Falta de Atenção à Condução";"Saída de leito carroçável";"Com Vítimas Feridas";"Pleno dia";"Crescente";"Chuva";"Dupla";"Curva";"Não";1;0;0;1;0;0;1;1;-22,0135;-43,2358;"SPRF-RJ";"DEL06-RJ";"UOP02-DEL05-RJ"
107332;2018-01-30;"terça-feira";"07:00:00";"PI";135;554,5;"CORRENTE";"Falta de Atenção à Condução";"Saída de leito carroçável";"Com Vítimas Fatais";"Pleno dia";"Crescente";"Céu Claro";"Simples";"Reta";"Não";9;1;7;1;0;0;8;1;-10,13150645;-45,21136172;"SPRF-PI";"DEL03-PI";"UOP02-DEL03-PI"
107333;2018-01-30;"terça-feira";"10:20:00";"SC";282;207,3;"LAGES";"Não guardar distância de segurança";"Engavetamento";"Com Vítimas Feridas";"Pleno dia";"Crescente";"Céu Claro";"Simples";"Reta";"Não";4;0;1;0;3;0;1;3;-27,7694328;-50,177884;"SPRF-SC";"DEL05-SC";"UOP01-DEL05-SC"
107334;2018-01-30;"terça-feira";"12:30:00";"PA";316;6;"ANANINDEUA";"Desobediência às normas de trânsito pelo condutor";"Colisão transversal";"Com Vítimas Feridas";"Pleno dia";"Crescente";"Céu Claro";"Dupla";"Reta";"Sim";3;0;1;0;2;0;1;3;-1,37663407;-48,39150561;"SPRF-PA";"DEL01-PA";"DEL19/1-UOP05/PA"
107335;2018-01-30;"terça-feira";"11:40:00";"BA";20;78,6;"SAO DESIDERIO";"Velocidade Incompatível";"Colisão com objeto estático";"Com Vítimas Fatais";"Pleno dia";"Decrescente";"Sol";"Simples";"Reta";"Não";4;3;0;1;0;0;1;1;-13,252225;-46,051308;"SPRF-BA";"DEL10-BA";"UOP01-DEL10-BA"
107338;2018-01-01;"segunda-feira";"08:30:00";"RO";364;46;"VILHENA";"Não guardar distância de segurança";"Colisão lateral";"Com Vítimas Feridas";"Pleno dia";"Decrescente";"Céu Claro";"Simples";"Reta";"Não";1;0;0;1;0;0;1;1;-12,584291;-60,344246;"SPRF-RO";"DEL04-RO";"DEL21/4-UOP03/RO"
107339;2018-01-30;"terça-feira";"13:40:00";"GO";60;232,1;"CEZARINA";"Pista Escorregadia";"Saída de leito carroçável";"Sem Vítimas";"Pleno dia";"Decrescente";"Chuva";"Dupla";"Reta";"Não";2;0;0;0;2;0;0;1;-17,07601441;-49,82182592;"SPRF-GO";"DEL01-GO";"UOP02-DEL01-GO"
107340;2018-01-30;"terça-feira";"14:30:00";"SP";116;307;"SAO LOURENCO DA SERRA";"Ingestão de Álcool";"Queda de ocupante de veículo";"Com Vítimas Feridas";"Pleno dia";"Crescente";"Chuva";"Dupla";"Reta";"Não";2;0;1;0;1;0;1;1;-23,8557;-46,9406;"SPRF-SP";"DEL04-SP";"UOP01-DEL04-SP"
107343;2018-01-30;"terça-feira";"14:10:00";"RS";290;58;"GLORINHA";"Condutor Dormindo";"Saída de leito carroçável";"Com Vítimas Feridas";"Pleno dia";"Crescente";"Céu Claro";"Dupla";"Reta";"Não";1;0;1;0;0;0;1;1;-29,9207;-50,8385;"SPRF-RS";"DEL03-RS";"UOP02-DEL03-RS"
107345;2018-01-30;"terça-feira";"11:40:00";"SC";470;266,2;"CURITIBANOS";"Desobediência às normas de trânsito pelo condutor";"Colisão lateral";"Com Vítimas Feridas";"Pleno dia";"Decrescente";"Céu Claro";"Simples";"Curva";"Não";3;0;2;0;0;1;2;2;-27,31290885;-50,73040009;"SPRF-SC";"DEL05-SC";"UOP03-DEL05-SC"
107349;2018-01-30;"terça-feira";"14:30:00";"MG";262;364;"JUATUBA";"Velocidade Incompatível";"Saída de leito carroçável";"Com Vítimas Feridas";"Pleno dia";"Decrescente";"Chuva";"Dupla";"Declive";"Não";1;0;1;0;0;0;1;1;-19,9735;-44,3155;"SPRF-MG";"DEL01-MG";"UOP03-DEL01-MG"
107350;2018-01-30;"terça-feira";"15:35:00";"MG";262;364;"JUATUBA";"Pista Escorregadia";"Tombamento";"Com Vítimas Feridas";"Pleno dia";"Decrescente";"Chuva";"Dupla";"Curva";"Não";2;0;1;0;1;0;1;1;-19,9735;-44,3155;"SPRF-MG";"DEL01-MG";"UOP03-DEL01-MG"
107355;2018-01-30;"terça-feira";"12:20:00";"MT";70;219,9;"GENERAL CARNEIRO";"Avarias e/ou desgaste excessivo no pneu";"Tombamento";"Com Vítimas Feridas";"Pleno dia";"Crescente";"Céu Claro";"Simples";"Reta";"Não";2;0;1;0;1;0;1;1;-15,666533;-53,86226563;"SPRF-MT";"DEL05-MT";"UOP01-DEL05-MT"
107356;2018-01-30;"terça-feira";"16:20:00";"PR";277;660;"MATELANDIA";"Falta de Atenção à Condução";"Queda de ocupante de veículo";"Com Vítimas Feridas";"Pleno dia";"Decrescente";"Céu Claro";"Dupla";"Curva";"Não";1;0;1;0;0;0;1;1;-25,2214037;-53,88982773;"SPRF-PR";"DEL05-PR";"UOP02-DEL05-PR"
107357;2018-01-30;"terça-feira";"15:00:00";"SC";280;127;"RIO NEGRINHO";"Falta de Atenção do Pedestre";"Colisão transversal";"Sem Vítimas";"Pleno dia";"Decrescente";"Céu Claro";"Simples";"Reta";"Não";2;0;0;0;2;0;0;2;-26,2388732;-49,50034708;"SPRF-SC";"DEL06-SC";"UOP03-DEL06-SC"
107358;2018-01-30;"terça-feira";"14:15:00";"MA";135;7,6;"SAO LUIS";"Falta de Atenção à Condução";"Colisão lateral";"Com Vítimas Feridas";"Pleno dia";"Crescente";"Céu Claro";"Dupla";"Reta";"Sim";3;0;1;0;2;0;1;3;-2,64050962;-44,27165151;"SPRF-MA";"DEL01-MA";"UOP01-DEL01-MA"
107360;2018-01-30;"terça-feira";"16:30:00";"MG";40;647,5;"CRISTIANO OTONI";"Pista Escorregadia";"Saída de leito carroçável";"Sem Vítimas";"Pleno dia";"Decrescente";"Chuva";"Simples";"Reta";"Não";1;0;0;0;1;0;0;1;-20,79975399;-43,80942374;"SPRF-MG";"DEL05-MG";"UOP02-DEL05-MG"
107362;2018-01-30;"terça-feira";"15:45:00";"RS";116;255,9;"ESTEIO";"Falta de Atenção à Condução";"Colisão lateral";"Com Vítimas Feridas";"Pleno dia";"Decrescente";"Céu Claro";"Dupla";"Reta";"Sim";2;0;1;0;1;0;1;2;-29,84308872;-51,17704712;"SPRF-RS";"DEL01-RS";"UOP02-DEL01-RS"
107364;2018-01-30;"terça-feira";"16:00:00";"PR";376;622,7;"SAO JOSE DOS PINHAIS";"Falta de Atenção à Condução";"Colisão traseira";"Com Vítimas Feridas";"Pleno dia";"Crescente";"Céu Claro";"Dupla";"Reta";"Não";2;0;0;1;1;0;1;1;-25,62661212;-49,16513442;"SPRF-PR";"DEL01-PR";"DEL7/1-UOP08/PR"
107367;2018-01-30;"terça-feira";"16:45:00";"SC";101;207;"SAO JOSE";"Não guardar distância de segurança";"Colisão lateral";"Com Vítimas Feridas";"Pleno dia";"Decrescente";"Céu Claro";"Dupla";"Reta";"Sim";2;0;1;0;1;0;1;2;-27,598;-48,62;"SPRF-SC";"DEL01-SC";"UOP01-DEL01-SC"
107368;2018-01-30;"terça-feira";"14:25:00";"AL";423;18,9;"OURO BRANCO";"Condutor Dormindo";"Saída de leito carroçável";"Com Vítimas Feridas";"Pleno dia";"Crescente";"Céu Claro";"Simples";"Reta";"Não";1;0;1;0;0;0;1;1;-9,17381994;-37,45401193;"SPRF-AL";"DEL03-AL";"UOP02-DEL03-AL"
107370;2018-01-30;"terça-feira";"17:10:00";"SC";470;69,5;"INDAIAL";"Desobediência às normas de trânsito pelo condutor";"Colisão lateral";"Com Vítimas Feridas";"Pleno dia";"Crescente";"Céu Claro";"Simples";"Reta";"Sim";3;0;0;1;2;0;1;3;-26,88654069;-49,25089091;"SPRF-SC";"DEL04-SC";"UOP01-DEL04-SC"
107371;2018-01-30;"terça-feira";"15:50:00";"CE";222;28;"CAUCAIA";"Desobediência às normas de trânsito pelo condutor";"Colisão frontal";"Sem Vítimas";"Pleno dia";"Decrescente";"Nublado";"Simples";"Reta";"Não";2;0;0;0;2;0;0;2;-3,71700408;-38,80261316;"SPRF-CE";"DEL01-CE";"UOP01-DEL01-CE"
107373;2018-01-30;"terça-feira";"16:10:00";"MG";381;484,3;"BETIM";"Falta de Atenção à Condução";"Queda de ocupante de veículo";"Com Vítimas Feridas";"Pleno dia";"Decrescente";"Chuva";"Dupla";"Reta";"Sim";1;0;1;0;0;0;1;1;-19,95686946;-44,0937912;"SPRF-MG";"DEL01-MG";"UOP03-DEL01-MG"
107374;2018-01-30;"terça-feira";"16:00:00";"PB";230;34;"BAYEUX";"Desobediência às normas de trânsito pelo condutor";"Colisão transversal";"Com Vítimas Feridas";"Pleno dia";"Decrescente";"Céu Claro";"Dupla";"Reta";"Sim";2;0;1;0;1;0;1;2;-7,13049;-34,93498;"SPRF-PB";"DEL01-PB";"UOP01-DEL01-PB"
107375;2018-01-20;"sábado";"15:30:00";"CE";222;249,6;"SOBRAL";"Falta de Atenção à Condução";"Colisão transversal";"Com Vítimas Feridas";"Pleno dia";"Decrescente";"Nublado";"Simples";"Interseção de Vias;Reta";"Sim";3;0;0;1;1;1;1;3;-3,75609008;-40,55545092;"SPRF-CE";"DEL04-CE";"UOP01-DEL04-CE"
107378;2018-01-30;"terça-feira";"16:00:00";"MG";354;727,3;"POUSO ALTO";"Não guardar distância de segurança";"Colisão traseira";"Com Vítimas Feridas";"Pleno dia";"Crescente";"Chuva";"Simples";"Rotatória";"Não";3;0;2;0;1;0;2;2;-22,19409;-44,972885;"SPRF-MG";"DEL05-MG";"UOP01-DEL17-MG"
107380;2018-01-30;"terça-feira";"17:40:00";"RS";116;263;"CANOAS";"Falta de Atenção à Condução";"Colisão lateral";"Com Vítimas Feridas";"Pleno dia";"Decrescente";"Céu Claro";"Dupla";"Reta";"Sim";2;0;1;0;1;0;1;2;-29,90345581;-51,17647022;"SPRF-RS";"DEL01-RS";"UOP01-DEL01-RS"
107386;2018-01-30;"terça-feira";"16:45:00";"MG";381;349;"JOAO MONLEVADE";"Velocidade Incompatível";"Saída de leito carroçável";"Com Vítimas Feridas";"Pleno dia";"Crescente";"Chuva";"Simples";"Curva";"Não";2;0;1;0;1;0;1;1;-19,8548836;-43,11121155;"SPRF-MG";"DEL03-MG";"UOP01-DEL03-MG"
107387;2018-01-30;"terça-feira";"17:00:00";"CE";20;420;"MARACANAU";"Desobediência às normas de trânsito pelo condutor";"Colisão transversal";"Com Vítimas Feridas";"Pleno dia";"Decrescente";"Céu Claro";"Dupla";"Reta";"Sim";2;0;0;1;1;0;1;2;-3,87821;-38,626;"SPRF-CE";"DEL01-CE";"UOP02-DEL01-CE"
107388;2018-01-30;"terça-feira";"17:15:00";"SP";116;212;"GUARULHOS";"Falta de Atenção à Condução";"Colisão com objeto estático";"Com Vítimas Feridas";"Pleno dia";"Decrescente";"Chuva";"Múltipla";"Reta";"Não";1;0;1;0;0;0;1;1;-23,463257;-46,53373;"SPRF-SP";"DEL01-SP";"UOP01-DEL01-SP"
107389;2018-01-30;"terça-feira";"17:55:00";"MG";262;423,9;"IGARATINGA";"Velocidade Incompatível";"Saída de leito carroçável";"Com Vítimas Feridas";"Pleno dia";"Decrescente";"Chuva";"Dupla";"Reta;Declive";"Não";1;0;1;0;0;0;1;1;-19,88938087;-44,80018476;"SPRF-MG";"DEL08-MG";"UOP03-DEL08-MG"
107390;2018-01-30;"terça-feira";"17:20:00";"MT";364;202;"RONDONOPOLIS";"Falta de Atenção à Condução";"Colisão traseira";"Com Vítimas Feridas";"Pleno dia";"Crescente";"Nublado";"Dupla";"Reta";"Sim";3;0;3;0;0;0;3;2;-16,48342044;-54,64977801;"SPRF-MT";"DEL02-MT";"UOP01-DEL02-MT"
107391;2018-01-30;"terça-feira";"18:00:00";"PR";277;585,2;"CASCAVEL";"Velocidade Incompatível";"Tombamento";"Com Vítimas Feridas";"Pleno dia";"Crescente";"Chuva";"Simples";"Reta";"Sim";1;0;1;0;0;0;1;1;-24,96382041;-53,41450006;"SPRF-PR";"DEL04-PR";"UOP01-DEL04-PR"
107392;2018-01-30;"terça-feira";"17:40:00";"SC";101;210,8;"SAO JOSE";"Falta de Atenção à Condução";"Colisão lateral";"Com Vítimas Feridas";"Pleno dia";"Decrescente";"Céu Claro";"Dupla";"Reta";"Sim";2;0;0;1;1;0;1;2;-27,61878619;-48,6475264;"SPRF-SC";"DEL01-SC";"UOP01-DEL01-SC"
107393;2018-01-30;"terça-feira";"15:45:00";"SC";282;160;"BOM RETIRO";"Ingestão de Álcool";"Colisão traseira";"Sem Vítimas";"Pleno dia";"Crescente";"Céu Claro";"Simples";"Reta";"Não";2;0;0;0;2;0;0;2;-27,734652;-49,753586;"SPRF-SC";"DEL05-SC";"UOP01-DEL05-SC"
107398;2018-01-30;"terça-feira";"16:25:00";"RS";287;357;"JAGUARI";"Falta de Atenção à Condução";"Colisão traseira";"Sem Vítimas";"Pleno dia";"Decrescente";"Céu Claro";"Simples";"Reta";"Não";2;0;0;0;2;0;0;2;-29,470295;-54,700588;"SPRF-RS";"DEL12-RS";"UOP02-DEL12-RS"
107400;2018-01-30;"terça-feira";"17:30:00";"PA";230;108;"MARABA";"Falta de Atenção à Condução";"Colisão lateral";"Com Vítimas Feridas";"Pleno dia";"Crescente";"Céu Claro";"Simples";"Ponte";"Não";3;0;1;0;2;0;1;2;-5,377317;-49,013748;"SPRF-PA";"DEL03-PA";"UOP01-DEL03-PA"
107401;2018-01-30;"terça-feira";"18:30:00";"RS";471;493,3;"RIO GRANDE";"Velocidade Incompatível";"Saída de leito carroçável";"Com Vítimas Feridas";"Pleno dia";"Crescente";"Sol";"Simples";"Reta";"Sim";3;0;3;0;0;0;3;1;-32,195793;-52,43919;"SPRF-RS";"DEL07-RS";"UOP02-DEL07-RS"