"id";"data_inversa";"dia_semana";"horario";"uf";"br";"km";"municipio";"causa_acidente";"tipo_acidente";"classificacao_acidente";"fase_dia";"sentido_via";"condicao_metereologica";"tipo_pista";"tracado_via";"uso_solo";"pessoas";"mortos";"feridos_leves";"feridos_graves";"ilesos";"ignorados";"feridos";"veiculos";"latitude";"longitude";"regional";"delegacia";"uop"
107402;2018-01-30;"terça-feira";"18:00:00";"RS";116;248,5;"SAO LEOPOLDO";"Não guardar distância de segurança";"Colisão traseira";"Com Vítimas Feridas";"Pleno dia";"Decrescente";"Céu Claro";"Dupla";"Reta";"Sim";4;0;1;0;3;0;1;3;-29,77995022;-51,15754361;"SPRF-RS";"DEL01-RS";"UOP02-DEL01-RS"
107406;2018-01-30;"terça-feira";"18:20:00";"MT";70;0,8;"BARRA DO GARCAS";"Desobediência às normas de trânsito pelo condutor";"Colisão transversal";"Com Vítimas Feridas";"Anoitecer";"Decrescente";"Nublado";"Simples";"Reta";"Sim";2;0;1;0;1;0;1;2;-15,89235744;-52,26083559;"SPRF-MT";"DEL07-MT";"UOP01-DEL07-MT"
107407;2018-01-30;"terça-feira";"19:10:00";"PR";277;584,8;"CASCAVEL";"Velocidade Incompatível";"Colisão traseira";"Com Vítimas Feridas";"Pleno dia";"Decrescente";"Garoa/Chuvisco";"Simples";"Reta";"Sim";6;0;1;0;5;0;1;4;-24,96438237;-53,40959188;"SPRF-PR";"DEL04-PR";"UOP01-DEL04-PR"
107409;2018-01-30;"terça-feira";"19:20:00";"MG";40;513;"RIBEIRAO DAS NEVES";"Velocidade Incompatível";"Saída de leito carroçável";"Com Vítimas Feridas";"Plena Noite";"Decrescente";"Chuva";"Dupla";"Curva";"Não";1;0;1;0;0;0;1;1;-19,8048;-44,0972;"SPRF-MG";"DEL01-MG";"UOP03-DEL01-MG"
107410;2018-01-30;"terça-feira";"17:40:00";"RR";174;508;"BOA VISTA";"Falta de Atenção à Condução";"Colisão traseira";"Com Vítimas Feridas";"Anoitecer";"Crescente";"Céu Claro";"Simples";"Reta";"Sim";2;0;1;0;1;0;1;2;2,831192;-60,698903;"SPRF-RR";"DEL01-RR";"UOP01-DEL01-RR"
107412;2018-01-30;"terça-feira";"17:16:00";"MG";381;815;"SAO GONCALO DO SAPUCAI";"Velocidade Incompatível";"Saída de leito carroçável";"Com Vítimas Feridas";"Pleno dia";"Crescente";"Chuva";"Dupla";"Curva";"Não";5;0;3;0;2;0;3;1;-22,03616191;-45,68010092;"SPRF-MG";"DEL16-MG";"UOP02-DEL16-MG"
107413;2018-01-30;"terça-feira";"18:30:00";"MG";262;382;"JUATUBA";"Pista Escorregadia";"Capotamento";"Com Vítimas Feridas";"Plena Noite";"Crescente";"Chuva";"Dupla";"Curva";"Não";1;0;1;0;0;0;1;1;-19,932;-44,4595;"SPRF-MG";"DEL01-MG";"UOP03-DEL01-MG"
107418;2018-01-30;"terça-feira";"18:00:00";"PA";155;337,7;"MARABA";"Falta de Atenção à Condução";"Colisão transversal";"Com Vítimas Feridas";"Anoitecer";"Decrescente";"Nublado";"Simples";"Interseção de Vias";"Não";3;0;0;1;2;0;1;2;-5,38871765;-49,07931268;"SPRF-PA";"DEL03-PA";"UOP01-DEL03-PA"
107419;2018-01-19;"sexta-feira";"15:15:00";"SC";101;108,5;"PENHA";"Objeto estático sobre o leito carroçável";"Colisão com objeto estático";"Sem Vítimas";"Pleno dia";"Crescente";"Nublado";"Dupla";"Reta";"Não";1;0;0;0;1;0;0;1;-26,83462635;-48,70260715;"SPRF-SC";"DEL03-SC";"UOP02-DEL03-SC"
107420;2018-01-30;"terça-feira";"19:45:00";"MG";251;500,4;"FRANCISCO SA";"Defeito na Via";"Tombamento";"Com Vítimas Feridas";"Plena Noite";"Crescente";"Nublado";"Simples";"Reta;Aclive";"Não";1;0;1;0;0;0;1;1;-16,58082088;-43,63204066;"SPRF-MG";"DEL12-MG";"UOP01-DEL12-MG"
107421;2018-01-30;"terça-feira";"20:30:00";"GO";60;113;"GOIANAPOLIS";"Falta de Atenção à Condução";"Queda de ocupante de veículo";"Com Vítimas Feridas";"Plena Noite";"Crescente";"Chuva";"Dupla";"Retorno Regulamentado";"Sim";1;0;1;0;0;0;1;1;-16,46054909;-49,06080812;"SPRF-GO";"DEL01-GO";"UOP01-DEL01-GO"
107422;2018-01-30;"terça-feira";"18:30:00";"PR";476;129;"CURITIBA";"Falta de Atenção à Condução";"Colisão lateral";"Com Vítimas Feridas";"Pleno dia";"Crescente";"Nublado";"Múltipla";"Reta";"Sim";2;0;1;0;1;0;1;2;-25,45191944;-49,23960401;"SPRF-PR";"DEL01-PR";"UOP07-DEL01-PR"
107423;2018-01-30;"terça-feira";"17:50:00";"MG";40;646,9;"CONSELHEIRO LAFAIETE";"Objeto estático sobre o leito carroçável";"Colisão com objeto estático";"Sem Vítimas";"Pleno dia";"Decrescente";"Nublado";"Simples";"Reta";"Não";2;0;0;0;1;1;0;2;-20,8075405;-43,80850942;"SPRF-MG";"DEL05-MG";"UOP02-DEL05-MG"
107424;2018-01-30;"terça-feira";"20:40:00";"PR";116;89;"PIRAQUARA";"Objeto estático sobre o leito carroçável";"Colisão com objeto estático";"Sem Vítimas";"Plena Noite";"Crescente";"Nublado";"Dupla";"Reta;Aclive";"Não";1;0;0;0;1;0;0;1;-25,43777156;-49,09154892;"SPRF-PR";"DEL01-PR";"UOP07-DEL01-PR"
107426;2018-01-30;"terça-feira";"19:00:00";"PE";232;10,3;"JABOATAO DOS GUARARAPES";"Defeito Mecânico no Veículo";"Incêndio";"Sem Vítimas";"Plena Noite";"Decrescente";"Nublado";"Dupla";"Reta";"Sim";1;0;0;0;1;0;0;1;-8,079852;-34,990235;"SPRF-PE";"DEL01-PE";"UOP01-DEL01-PE"
107427;2018-01-30;"terça-feira";"16:50:00";"SE";101;13,6;"CEDRO DE SAO JOAO";"Falta de Atenção à Condução";"Colisão transversal";"Com Vítimas Feridas";"Pleno dia";"Crescente";"Céu Claro";"Simples";"Reta";"Não";2;0;0;1;1;0;1;2;-10,2512;-36,8829;"SPRF-SE";"DEL02-SE";"UOP02-DEL02-SE"
107428;2018-01-30;"terça-feira";"18:00:00";"MT";70;531;"VARZEA GRANDE";"Falta de Atenção à Condução";"Capotamento";"Com Vítimas Feridas";"Anoitecer";"Crescente";"Céu Claro";"Simples";"Reta";"Não";2;0;2;0;0;0;2;1;-15,66535418;-56,23077393;"SPRF-MT";"DEL01-MT";"DEL2/4-UOP02/MT"
107430;2018-01-30;"terça-feira";"20:00:00";"SP";381;68;"MAIRIPORA";"Pista Escorregadia";"Colisão lateral";"Com Vítimas Feridas";"Plena Noite";"Decrescente";"Garoa/Chuvisco";"Dupla";"Curva";"Não";3;0;0;1;2;0;1;2;-23,3404695;-46,57380837;"SPRF-SP";"DEL03-SP";"DEL6/3-UOP03/SP"
107432;2018-01-30;"terça-feira";"20:45:00";"MG";50;113,3;"UBERABA";"Velocidade Incompatível";"Saída de leito carroçável";"Com Vítimas Feridas";"Plena Noite";"Decrescente";"Nublado";"Dupla";"Reta";"Não";1;0;1;0;0;0;1;1;-19,25655196;-48,13260915;"SPRF-MG";"DEL13-MG";"UOP01-DEL13-MG"
107433;2018-01-30;"terça-feira";"19:45:00";"MG";381;441;"SABARA";"Objeto estático sobre o leito carroçável";"Colisão com objeto estático";"Com Vítimas Feridas";"Plena Noite";"Decrescente";"Chuva";"Simples";"Reta";"Sim";2;0;1;1;0;0;2;1;-19,79981717;-43,75725746;"SPRF-MG";"DEL01-MG";"UOP01-DEL01-MG"
107434;2018-01-30;"terça-feira";"19:35:00";"MG";40;447,5;"CAETANOPOLIS";"Defeito na Via";"Saída de leito carroçável";"Sem Vítimas";"Plena Noite";"Decrescente";"Chuva";"Dupla";"Reta";"Sim";1;0;0;0;1;0;0;1;-19,30653132;-44,3743392;"SPRF-MG";"DEL02-MG";"UOP01-DEL02-MG"
107435;2018-01-30;"terça-feira";"19:20:00";"PI";222;66;"PIRIPIRI";"Ingestão de Álcool";"Queda de ocupante de veículo";"Com Vítimas Feridas";"Plena Noite";"Crescente";"Céu Claro";"Simples";"Reta";"Não";2;0;1;0;1;0;1;1;-4,232586;-41,701038;"SPRF-PI";"DEL02-PI";"UOP01-DEL02-PI"
107436;2018-01-30;"terça-feira";"20:50:00";"MS";60;198,2;"CAMAPUA";"Velocidade Incompatível";"Colisão com objeto estático";"Com Vítimas Feridas";"Plena Noite";"Crescente";"Céu Claro";"Simples";"Reta";"Sim";2;0;0;1;1;0;1;2;-19,53824492;-54,04257953;"SPRF-MS";"DEL06-MS";"UOP02-DEL06-MS"
107437;2018-01-30;"terça-feira";"21:00:00";"BA";101;528;"BUERAREMA";"Velocidade Incompatível";"Colisão frontal";"Com Vítimas Feridas";"Plena Noite";"Crescente";"Céu Claro";"Simples";"Reta";"Não";6;0;1;0;5;0;1;2;-14,9746;-39,3262;"SPRF-BA";"DEL05-BA";"UOP01-DEL05-BA"
107439;2018-01-30;"terça-feira";"17:40:00";"MA";316;254;"PINDARE-MIRIM";"Não guardar distância de segurança";"Colisão traseira";"Com Vítimas Feridas";"Anoitecer";"Decrescente";"Céu Claro";"Simples";"Reta";"Não";2;0;1;0;1;0;1;2;-3,655849;-45,442451;"SPRF-MA";"DEL02-MA";"UI04-DEL02-MA"
107440;2018-01-30;"terça-feira";"21:40:00";"PR";376;169;"MARINGA";"Falta de Atenção à Condução";"Colisão traseira";"Com Vítimas Feridas";"Plena Noite";"Decrescente";"Nublado";"Dupla";"Retorno Regulamentado";"Sim";3;0;1;0;1;1;1;3;-23,4273;-51,9375;"SPRF-PR";"DEL07-PR";"UOP01-DEL09-PR"
107441;2018-01-30;"terça-feira";"21:35:00";"SP";116;220;"GUARULHOS";"Falta de Atenção à Condução";"Colisão lateral";"Sem Vítimas";"Plena Noite";"Decrescente";"Céu Claro";"Múltipla";"Reta";"Sim";2;0;0;0;2;0;0;2;-23,46608039;-46,50193691;"SPRF-SP";"DEL01-SP";"UOP01-DEL01-SP"
107442;2018-01-30;"terça-feira";"21:30:00";"PE";101;69,7;"RECIFE";"Falta de Atenção à Condução";"Capotamento";"Com Vítimas Feridas";"Plena Noite";"Crescente";"Nublado";"Simples";"Curva";"Não";1;0;1;0;0;0;1;1;-8,065961;-34,944046;"SPRF-PE";"DEL01-PE";"UOP01-DEL01-PE"
107443;2018-01-30;"terça-feira";"20:40:00";"MG";116;531;"CARATINGA";"Falta de Atenção à Condução";"Colisão lateral";"Com Vítimas Feridas";"Plena Noite";"Crescente";"Chuva";"Simples";"Reta";"Não";2;0;1;0;1;0;1;2;-19,7902;-42,139526;"SPRF-MG";"DEL06-MG";"UOP02-DEL06-MG"
107444;2018-01-30;"terça-feira";"22:15:00";"SC";470;68;"INDAIAL";"Falta de Atenção à Condução";"Saída de leito carroçável";"Com Vítimas Feridas";"Plena Noite";"Decrescente";"Nublado";"Simples";"Rotatória";"Sim";1;0;0;1;0;0;1;1;-26,87014287;-49,22634065;"SPRF-SC";"DEL04-SC";"UOP01-DEL04-SC"
107445;2018-01-30;"terça-feira";"22:40:00";"SC";101;194,2;"BIGUACU";"Falta de Atenção à Condução";"Colisão transversal";"Com Vítimas Feridas";"Plena Noite";"Crescente";"Nevoeiro/Neblina";"Dupla";"Interseção de Vias";"Sim";3;0;2;0;1;0;2;2;-27,49940512;-48,65605469;"SPRF-SC";"DEL01-SC";"UOP01-DEL01-SC"
107449;2018-01-30;"terça-feira";"22:20:00";"BA";407;1,7;"JUAZEIRO";"Ingestão de Álcool";"Colisão frontal";"Com Vítimas Feridas";"Plena Noite";"Crescente";"Nublado";"Simples";"Reta";"Sim";2;0;2;0;0;0;2;2;-9,4245904;-40,50603552;"SPRF-PE";"DEL06-PE";"UOP01-DEL06-PE"
107450;2018-01-30;"terça-feira";"22:50:00";"RJ";40;113;"DUQUE DE CAXIAS";"Sinalização da via insuficiente ou inadequada";"Capotamento";"Com Vítimas Feridas";"Plena Noite";"Decrescente";"Céu Claro";"Múltipla";"Reta";"Sim";3;0;3;0;0;0;3;1;-22,7192;-43,2896;"SPRF-RJ";"DEL01-RJ";"UOP01-DEL01-RJ"
107451;2018-01-30;"terça-feira";"20:00:00";"BA";116;12,5;"VITORIA DA CONQUISTA";"Falta de Atenção à Condução";"Atropelamento de Pedestre";"Com Vítimas Feridas";"Plena Noite";"Decrescente";"Céu Claro";"Simples";"Curva";"Sim";2;0;0;1;1;0;1;2;-14,87577817;-40,8732605;"SPRF-BA";"DEL08-BA";"UOP01-DEL08-BA"
107452;2018-01-30;"terça-feira";"23:01:00";"PR";376;108,7;"PARANAVAI";"Ingestão de Álcool";"Colisão lateral";"Com Vítimas Feridas";"Plena Noite";"Decrescente";"Céu Claro";"Simples";"Reta";"Sim";2;0;1;0;1;0;1;2;-23,07191;-52,42112;"SPRF-PR";"DEL07-PR";"UOP02-DEL09-PR"
107454;2018-01-30;"terça-feira";"16:35:00";"MG";116;527;"CARATINGA";"Falta de Atenção à Condução";"Colisão transversal";"Com Vítimas Feridas";"Pleno dia";"Crescente";"Céu Claro";"Simples";"Reta";"Sim";3;0;1;0;2;0;1;2;-19,7902;-42,139526;"SPRF-MG";"DEL06-MG";"UOP02-DEL06-MG"
107456;2018-01-30;"terça-feira";"19:45:00";"MG";116;542,3;"SANTA RITA DE MINAS";"Velocidade Incompatível";"Saída de leito carroçável";"Com Vítimas Feridas";"Plena Noite";"Decrescente";"Chuva";"Simples";"Reta";"Não";2;0;1;0;1;0;1;1;-19,874922;-42,1323;"SPRF-MG";"DEL06-MG";"UOP02-DEL06-MG"
107458;2018-01-30;"terça-feira";"23:40:00";"MG";381;933;"EXTREMA";"Falta de Atenção à Condução";"Colisão traseira";"Sem Vítimas";"Plena Noite";"Crescente";"Nublado";"Dupla";"Reta";"Não";2;0;0;0;2;0;0;2;-22,8021;-46,2602;"SPRF-MG";"DEL16-MG";"UOP03-DEL16-MG"
107461;2018-01-30;"terça-feira";"21:30:00";"MG";116;804,3;"ALEM PARAIBA";"Pista Escorregadia";"Capotamento";"Com Vítimas Feridas";"Plena Noite";"Crescente";"Chuva";"Simples";"Reta";"Não";1;0;1;0;0;0;1;1;-21,8637;-42,6689;"SPRF-MG";"DEL07-MG";"UOP01-DEL07-MG"
107463;2018-01-30;"terça-feira";"23:20:00";"PB";230;19,4;"JOAO PESSOA";"Velocidade Incompatível";"Colisão com objeto estático";"Com Vítimas Feridas";"Plena Noite";"Decrescente";"Céu Claro";"Dupla";"Reta";"Sim";1;0;1;0;0;0;1;1;-7,13045718;-34,85139012;"SPRF-PB";"DEL01-PB";"UOP01-DEL01-PB"
107465;2018-01-30;"terça-feira";"16:50:00";"MG";262;570;"CORREGO DANTA";"Velocidade Incompatível";"Capotamento";"Com Vítimas Feridas";"Pleno dia";"Crescente";"Chuva";"Simples";"Curva";"Não";2;0;2;0;0;0;2;1;-19,71191179;-46,01983249;"SPRF-MG";"DEL08-MG";"UOP02-DEL08-MG"
107470;2018-01-31;"quarta-feira";"01:00:00";"SC";101;237;"PALHOCA";"Não guardar distância de segurança";"Colisão lateral";"Com Vítimas Feridas";"Pleno dia";"Decrescente";"Chuva";"Dupla";"Reta";"Não";2;0;1;0;0;1;1;2;-27,8444;-48,6354;"SPRF-SC";"DEL01-SC";"UOP02-DEL01-SC"
107471;2018-01-31;"quarta-feira";"01:03:00";"MS";60;127,8;"PARAISO DAS AGUAS";"Condutor Dormindo";"Capotamento";"Com Vítimas Feridas";"Plena Noite";"Crescente";"Garoa/Chuvisco";"Simples";"Reta";"Não";5;0;3;2;0;0;5;1;-19,02528;-53,01043;"SPRF-MS";"DEL06-MS";"UOP02-DEL06-MS"
107474;2018-01-31;"quarta-feira";"00:55:00";"PR";277;682;"SAO MIGUEL DO IGUACU";"Ingestão de Álcool";"Colisão transversal";"Com Vítimas Feridas";"Plena Noite";"Crescente";"Céu Claro";"Dupla";"Reta;Retorno Regulamentado";"Não";5;0;2;0;3;0;2;2;-25,329865;-54,182739;"SPRF-PR";"DEL05-PR";"UOP01-DEL05-PR"
107475;2018-01-31;"quarta-feira";"02:30:00";"MG";381;484,5;"BETIM";"Velocidade Incompatível";"Colisão com objeto estático";"Sem Vítimas";"Plena Noite";"Crescente";"Chuva";"Dupla";"Curva";"Não";1;0;0;0;1;0;0;1;-19,95790412;-44,09224176;"SPRF-MG";"DEL01-MG";"UOP03-DEL01-MG"
107476;2018-01-31;"quarta-feira";"02:10:00";"MT";364;303,1;"JACIARA";"Falta de Atenção à Condução";"Saída de leito carroçável";"Sem Vítimas";"Plena Noite";"Crescente";"Céu Claro";"Dupla";"Reta";"Não";1;0;0;0;1;0;0;1;-15,83181496;-55,17922916;"SPRF-MT";"DEL02-MT";"UOP02-DEL05-MT"
107478;2018-01-31;"quarta-feira";"04:40:00";"SC";280;56,2;"GUARAMIRIM";"Falta de Atenção à Condução";"Colisão lateral";"Com Vítimas Feridas";"Plena Noite";"Crescente";"Chuva";"Simples";"Reta";"Sim";3;0;2;0;1;0;2;2;-26,4794659;-49,00497572;"SPRF-SC";"DEL03-SC";"UOP03-DEL03-SC"
107483;2018-01-31;"quarta-feira";"05:15:00";"SP";381;82;"SAO PAULO";"Falta de Atenção do Pedestre";"Atropelamento de Pedestre";"Com Vítimas Feridas";"Amanhecer";"Crescente";"Nublado";"Dupla";"Reta";"Sim";2;0;1;0;1;0;1;2;-23,5489;-46,6388;"SPRF-SP";"DEL03-SP";"DEL6/3-UOP03/SP"
107486;2018-01-31;"quarta-feira";"06:45:00";"RS";158;324,4;"SANTA MARIA";"Desobediência às normas de trânsito pelo condutor";"Colisão com objeto estático";"Com Vítimas Feridas";"Pleno dia";"Crescente";"Céu Claro";"Simples";"Reta";"Sim";2;0;0;1;0;1;1;2;-29,70576016;-53,79761338;"SPRF-RS";"DEL09-RS";"UOP01-DEL09-RS"
107488;2018-01-30;"terça-feira";"07:50:00";"MG";50;48;"ARAGUARI";"Pista Escorregadia";"Queda de ocupante de veículo";"Com Vítimas Feridas";"Pleno dia";"Decrescente";"Chuva";"Dupla";"Curva";"Não";2;0;1;1;0;0;2;1;-18,73246144;-48,20987463;"SPRF-MG";"DEL15-MG";"UOP02-DEL15-MG"
107490;2018-01-31;"quarta-feira";"05:10:00";"BA";116;475;"RAFAEL JAMBEIRO";"Condutor Dormindo";"Colisão com objeto estático";"Sem Vítimas";"Amanhecer";"Crescente";"Céu Claro";"Dupla";"Reta";"Não";1;0;0;0;1;0;0;1;-12,408779;-39,501717;"SPRF-BA";"DEL02-BA";"UOP01-DEL02-BA"
107494;2018-01-31;"quarta-feira";"07:20:00";"MG";381;704,4;"LAVRAS";"Pista Escorregadia";"Saída de leito carroçável";"Com Vítimas Feridas";"Pleno dia";"Crescente";"Chuva";"Dupla";"Curva";"Não";4;0;3;0;1;0;3;1;-21,3111888;-45,16352883;"SPRF-MG";"DEL04-MG";"UOP02-DEL04-MG"
107495;2018-01-31;"quarta-feira";"07:30:00";"PR";277;599,5;"CASCAVEL";"Falta de Atenção à Condução";"Colisão lateral";"Com Vítimas Feridas";"Pleno dia";"Crescente";"Sol";"Dupla";"Reta";"Sim";2;0;1;0;1;0;1;2;-24,956297;-53,455727;"SPRF-PR";"DEL04-PR";"UOP01-DEL04-PR"
107498;2018-01-31;"quarta-feira";"02:30:00";"MG";365;650,7;"UBERLANDIA";"Condutor Dormindo";"Saída de leito carroçável";"Sem Vítimas";"Plena Noite";"Crescente";"Ignorado";"Dupla";"Retorno Regulamentado";"Não";1;0;0;0;1;0;0;1;-18,87381853;-48,53387743;"SPRF-MG";"DEL15-MG";"UOP01-DEL15-MG"
107502;2018-01-31;"quarta-feira";"07:35:00";"RJ";101;324;"NITEROI";"Falta de Atenção à Condução";"Colisão lateral";"Com Vítimas Feridas";"Pleno dia";"Crescente";"Nublado";"Dupla";"Reta";"Não";2;0;1;0;1;0;1;2;-22,87302679;-43,13391209;"SPRF-RJ";"DEL02-RJ";"UOP02-DEL02-RJ"
107503;2018-01-31;"quarta-feira";"07:30:00";"RS";116;259;"CANOAS";"Falta de Atenção à Condução";"Colisão traseira";"Com Vítimas Feridas";"Pleno dia";"Decrescente";"Céu Claro";"Dupla";"Rotatória";"Sim";2;0;1;0;1;0;1;2;-29,870504;-51,179878;"SPRF-RS";"DEL01-RS";"UOP02-DEL01-RS"
107504;2018-01-31;"quarta-feira";"08:00:00";"RJ";101;331;"RIO DE JANEIRO";"Defeito Mecânico no Veículo";"Colisão traseira";"Com Vítimas Feridas";"Pleno dia";"Decrescente";"Céu Claro";"Dupla";"Reta";"Não";2;0;1;0;1;0;1;2;-22,86905782;-43,18842798;"SPRF-RJ";"DEL02-RJ";"UOP02-DEL02-RJ"
107505;2018-01-31;"quarta-feira";"08:00:00";"MG";381;501,3;"BETIM";"Falta de Atenção à Condução";"Tombamento";"Com Vítimas Feridas";"Pleno dia";"Decrescente";"Chuva";"Dupla";"Reta";"Não";1;0;1;0;0;0;1;1;-20,01523164;-44,2225314;"SPRF-MG";"DEL01-MG";"UOP03-DEL01-MG"
107508;2018-01-31;"quarta-feira";"08:20:00";"MG";365;626,1;"UBERLANDIA";"Objeto estático sobre o leito carroçável";"Queda de ocupante de veículo";"Sem Vítimas";"Pleno dia";"Decrescente";"Céu Claro";"Dupla";"Declive";"Sim";1;0;0;0;1;0;0;1;-18,909778;-48,307691;"SPRF-MG";"DEL15-MG";"UOP01-DEL15-MG"
107514;2018-01-31;"quarta-feira";"06:45:00";"RO";364;236,5;"CACOAL";"Falta de Atenção à Condução";"Colisão frontal";"Com Vítimas Feridas";"Pleno dia";"Decrescente";"Céu Claro";"Simples";"Reta";"Sim";2;0;1;0;1;0;1;2;-11,44465811;-61,44230756;"SPRF-RO";"DEL02-RO";"UOP02-DEL02-RO"
107520;2018-01-31;"quarta-feira";"09:00:00";"SC";101;202;"SAO JOSE";"Pista Escorregadia";"Queda de ocupante de veículo";"Com Vítimas Feridas";"Pleno dia";"Crescente";"Chuva";"Múltipla";"Reta";"Sim";2;0;2;0;0;0;2;1;-27,5651;-48,6144;"SPRF-SC";"DEL01-SC";"UOP01-DEL01-SC"
107527;2018-01-31;"quarta-feira";"09:00:00";"MG";381;372;"SAO GONCALO DO RIO ABAIXO";"Falta de Atenção à Condução";"Colisão traseira";"Sem Vítimas";"Pleno dia";"Decrescente";"Chuva";"Simples";"Curva";"Sim";3;0;0;0;3;0;0;3;-19,8521388;-43,26776505;"SPRF-MG";"DEL01-MG";"UOP01-DEL01-MG"
107528;2018-01-31;"quarta-feira";"08:15:00";"MG";381;529,3;"BRUMADINHO";"Velocidade Incompatível";"Saída de leito carroçável";"Sem Vítimas";"Pleno dia";"Decrescente";"Chuva";"Dupla";"Curva";"Não";1;0;0;0;1;0;0;1;-20,16262976;-44,34585184;"SPRF-MG";"DEL04-MG";"UOP03-DEL04-MG"
107532;2018-01-31;"quarta-feira";"07:40:00";"RO";364;711;"PORTO VELHO";"Falta de Atenção à Condução";"Colisão traseira";"Com Vítimas Feridas";"Pleno dia";"Crescente";"Nublado";"Dupla";"Reta";"Sim";2;0;0;1;1;0;1;2;-8,78165854;-63,86518568;"SPRF-RO";"DEL01-RO";"UOP01-DEL01-RO"
107534;2018-01-31;"quarta-feira";"09:25:00";"CE";304;94,2;"ARACATI";"Defeito Mecânico no Veículo";"Capotamento";"Sem Vítimas";"Pleno dia";"Decrescente";"Sol";"Simples";"Reta";"Não";1;0;0;0;1;0;0;1;-4,82984018;-37,47952162;"SPRF-CE";"DEL03-CE";"UOP03-DEL03-CE"
107536;2018-01-05;"sexta-feira";"15:59:00";"BA";101;773;"ITABELA";"Defeito na Via";"Saída de leito carroçável";"Com Vítimas Fatais";"Pleno dia";"Decrescente";"Céu Claro";"Simples";"Reta;Declive";"Não";5;2;1;1;1;0;2;1;-16,7626;-39,4703;"SPRF-BA";"DEL09-BA";"UOP01-DEL09-BA"
107538;2018-01-31;"quarta-feira";"10:35:00";"GO";60;107,9;"GOIANAPOLIS";"Condutor Dormindo";"Colisão traseira";"Com Vítimas Feridas";"Pleno dia";"Crescente";"Nublado";"Múltipla";"Reta";"Não";7;0;4;0;2;1;4;3;-16,43848797;-49,01966572;"SPRF-GO";"DEL01-GO";"UOP01-DEL01-GO"
107539;2018-01-31;"quarta-feira";"09:45:00";"SC";101;254,6;"PAULO LOPES";"Defeito na Via";"Saída de leito carroçável";"Sem Vítimas";"Pleno dia";"Decrescente";"Chuva";"Dupla";"Curva";"Não";1;0;0;0;1;0;0;1;-27,98800188;-48,67923439;"SPRF-SC";"DEL02-SC";"UOP03-DEL02-SC"
107540;2018-01-31;"quarta-feira";"07:35:00";"SC";280;236,9;"CANOINHAS";"Falta de Atenção à Condução";"Colisão lateral";"Com Vítimas Feridas";"Pleno dia";"Decrescente";"Nublado";"Simples";"Curva";"Não";2;0;1;0;1;0;1;2;-26,19714862;-50,43063641;"SPRF-SC";"DEL06-SC";"UOP04-DEL06-SC"
107541;2018-01-31;"quarta-feira";"10:50:00";"SC";101;197;"BIGUACU";"Falta de Atenção à Condução";"Colisão traseira";"Com Vítimas Feridas";"Pleno dia";"Crescente";"Chuva";"Múltipla";"Reta";"Não";3;0;1;0;2;0;1;2;-27,5267;-48,6349;"SPRF-SC";"DEL01-SC";"UOP01-DEL01-SC"
107543;2018-01-31;"quarta-feira";"08:40:00";"SC";101;129,5;"BALNEARIO CAMBORIU";"Falta de Atenção à Condução";"Colisão traseira";"Sem Vítimas";"Pleno dia";"Decrescente";"Nublado";"Dupla";"Reta";"Não";4;0;0;0;4;0;0;4;-26,98230184;-48,67414498;"SPRF-SC";"DEL04-SC";"UOP03-DEL04-SC"
107544;2018-01-31;"quarta-feira";"10:50:00";"SC";470;69;"INDAIAL";"Falta de Atenção à Condução";"Colisão lateral";"Com Vítimas Feridas";"Pleno dia";"Crescente";"Chuva";"Simples";"Interseção de Vias";"Sim";3;0;0;1;1;1;1;3;-26,87839623;-49,24023181;"SPRF-SC";"DEL04-SC";"UOP01-DEL04-SC"
107546;2018-01-31;"quarta-feira";"10:40:00";"RJ";493;18;"MAGE";"Falta de Atenção à Condução";"Colisão traseira";"Sem Vítimas";"Pleno dia";"Crescente";"Céu Claro";"Simples";"Reta";"Sim";2;0;0;0;2;0;0;2;-22,668736;-43,018757;"SPRF-RJ";"DEL04-RJ";"UOP02-DEL04-RJ"
107547;2018-01-31;"quarta-feira";"09:50:00";"CE";20;428;"FORTALEZA";"Falta de Atenção à Condução";"Tombamento";"Com Vítimas Feridas";"Pleno dia";"Crescente";"Céu Claro";"Dupla";"Reta";"Não";1;0;1;0;0;0;1;1;-3,717618;-38,54337;"SPRF-CE";"DEL01-CE";"UOP02-DEL01-CE"
107548;2018-01-31;"quarta-feira";"11:00:00";"SC";101;75;"ARAQUARI";"Falta de Atenção do Pedestre";"Atropelamento de Pedestre";"Com Vítimas Feridas";"Pleno dia";"Crescente";"Chuva";"Múltipla";"Reta";"Não";2;0;1;0;1;0;1;2;-26,5621;-48,72;"SPRF-SC";"DEL03-SC";"UOP02-DEL03-SC"
107549;2018-01-31;"quarta-feira";"11:15:00";"SC";101;212;"PALHOCA";"Falta de Atenção à Condução";"Colisão traseira";"Com Vítimas Feridas";"Pleno dia";"Decrescente";"Céu Claro";"Múltipla";"Reta";"Sim";3;0;1;1;1;0;2;2;-27,6372;-48,6651;"SPRF-SC";"DEL01-SC";"UOP02-DEL01-SC"
107551;2018-01-31;"quarta-feira";"11:08:00";"SP";116;229;"SAO PAULO";"Condutor Dormindo";"Capotamento";"Sem Vítimas";"Pleno dia";"Decrescente";"Céu Claro";"Múltipla";"Aclive";"Sim";1;0;0;0;1;0;0;1;-23,5489;-46,6388;"SPRF-SP";"DEL01-SP";"UOP01-DEL01-SP"