"id";"data_inversa";"dia_semana";"horario";"uf";"br";"km";"municipio";"causa_acidente";"tipo_acidente";"classificacao_acidente";"fase_dia";"sentido_via";"condicao_metereologica";"tipo_pista";"tracado_via";"uso_solo";"pessoas";"mortos";"feridos_leves";"feridos_graves";"ilesos";"ignorados";"feridos";"veiculos";"latitude";"longitude";"regional";"delegacia";"uop"
107826;2018-01-31;"quarta-feira";"07:00:00";"PI";343;563;"AMARANTE";"Avarias e/ou desgaste excessivo no pneu";"Saída de leito carroçável";"Com Vítimas Feridas";"Pleno dia";"Crescente";"Céu Claro";"Simples";"Reta";"Não";1;0;1;0;0;0;1;1;-6,675526;-42,907902;"SPRF-PI";"DEL03-PI";"UOP01-DEL03-PI"
107827;2018-02-01;"quinta-feira";"13:10:00";"PB";101;55,5;"SANTA RITA";"Falta de Atenção à Condução";"Colisão lateral";"Sem Vítimas";"Pleno dia";"Crescente";"Sol";"Dupla";"Reta";"Não";2;0;0;0;1;1;0;2;-6,9688997;-35,08265016;"SPRF-PB";"DEL01-PB";"UOP04-DEL01-PB"
107832;2018-02-01;"quinta-feira";"11:00:00";"BA";101;932;"MUCURI";"Defeito Mecânico no Veículo";"Colisão com objeto em movimento";"Sem Vítimas";"Pleno dia";"Crescente";"Chuva";"Simples";"Reta";"Não";2;0;0;0;2;0;0;2;-17,9769;-39,859;"SPRF-BA";"DEL09-BA";"UOP02-DEL09-BA"
107833;2018-02-01;"quinta-feira";"12:00:00";"MG";354;755,9;"ITAMONTE";"Mal Súbito";"Colisão frontal";"Sem Vítimas";"Pleno dia";"Crescente";"Céu Claro";"Simples";"Reta";"Sim";2;0;0;0;2;0;0;2;-22,29920194;-44,86260116;"SPRF-MG";"DEL05-MG";"UOP01-DEL17-MG"
107834;2018-02-01;"quinta-feira";"14:20:00";"PR";153;37,6;"SANTO ANTONIO DA PLATINA";"Defeito na Via";"Queda de ocupante de veículo";"Com Vítimas Feridas";"Pleno dia";"Decrescente";"Céu Claro";"Simples";"Curva;Aclive";"Não";3;0;1;1;0;1;2;2;-23,26664388;-50,06418191;"SPRF-PR";"DEL07-PR";"UOP04-DEL07-PR"
107835;2018-02-01;"quinta-feira";"13:00:00";"MG";381;299;"ANTONIO DIAS";"Pista Escorregadia";"Saída de leito carroçável";"Sem Vítimas";"Pleno dia";"Decrescente";"Chuva";"Dupla";"Curva";"Não";1;0;0;0;1;0;0;1;-19,6243;-42,8685;"SPRF-MG";"DEL03-MG";"UOP02-DEL03-MG"
107837;2018-02-01;"quinta-feira";"15:20:00";"MG";262;380;"JUATUBA";"Velocidade Incompatível";"Capotamento";"Sem Vítimas";"Pleno dia";"Crescente";"Garoa/Chuvisco";"Dupla";"Curva";"Não";3;0;0;0;3;0;0;1;-19,93603537;-44,43819523;"SPRF-MG";"DEL01-MG";"UOP03-DEL01-MG"
107840;2018-02-01;"quinta-feira";"15:40:00";"SC";101;212,5;"PALHOCA";"Avarias e/ou desgaste excessivo no pneu";"Queda de ocupante de veículo";"Com Vítimas Feridas";"Pleno dia";"Crescente";"Céu Claro";"Dupla";"Reta";"Sim";2;0;1;1;0;0;2;1;-27,63365558;-48,66205479;"SPRF-SC";"DEL01-SC";"UOP02-DEL01-SC"
107841;2018-02-01;"quinta-feira";"09:00:00";"PB";230;403;"POMBAL";"Falta de Atenção à Condução";"Colisão transversal";"Com Vítimas Feridas";"Pleno dia";"Crescente";"Céu Claro";"Simples";"Reta";"Não";2;0;0;1;1;0;1;2;-6,79071964;-37,78927803;"SPRF-PB";"DEL03-PB";"UOP02-DEL03-PB"
107842;2018-02-01;"quinta-feira";"15:50:00";"SC";101;211;"PALHOCA";"Desobediência às normas de trânsito pelo condutor";"Colisão lateral";"Com Vítimas Feridas";"Pleno dia";"Decrescente";"Nublado";"Dupla";"Reta";"Sim";4;0;0;1;3;0;1;4;-27,6372;-48,6651;"SPRF-SC";"DEL01-SC";"UOP02-DEL01-SC"
107843;2018-02-01;"quinta-feira";"13:30:00";"RS";116;257;"ESTEIO";"Falta de Atenção à Condução";"Colisão traseira";"Com Vítimas Feridas";"Pleno dia";"Decrescente";"Céu Claro";"Dupla";"Reta";"Sim";3;0;2;0;1;0;2;2;-29,85270417;-51,1796701;"SPRF-RS";"DEL01-RS";"UOP02-DEL01-RS"
107844;2018-02-01;"quinta-feira";"14:10:00";"SC";470;89,8;"ASCURRA";"Falta de Atenção à Condução";"Colisão transversal";"Com Vítimas Feridas";"Pleno dia";"Crescente";"Céu Claro";"Simples";"Interseção de Vias";"Sim";3;0;2;0;1;0;2;2;-26,95494852;-49,37293679;"SPRF-SC";"DEL04-SC";"UOP01-DEL04-SC"
107845;2018-02-01;"quinta-feira";"14:15:00";"MT";163;4,2;"ITIQUIRA";"Pista Escorregadia";"Colisão com objeto estático";"Com Vítimas Feridas";"Pleno dia";"Decrescente";"Chuva";"Dupla";"Reta;Declive";"Não";3;0;1;2;0;0;3;1;-17,48130333;-54,74030793;"SPRF-MT";"DEL02-MT";"DEL2/2-UOP02/MT"
107846;2018-02-01;"quinta-feira";"15:00:00";"RN";304;283,1;"MACAIBA";"Falta de Atenção à Condução";"Colisão lateral";"Com Vítimas Feridas";"Pleno dia";"Crescente";"Céu Claro";"Simples";"Reta";"Não";2;0;1;0;1;0;1;2;-5,88367897;-35,47021866;"SPRF-RN";"DEL01-RN";"UOP02-DEL01-RN"
107847;2018-02-01;"quinta-feira";"12:40:00";"RR";174;505;"BOA VISTA";"Falta de Atenção à Condução";"Colisão transversal";"Com Vítimas Feridas";"Pleno dia";"Crescente";"Céu Claro";"Dupla";"Rotatória";"Sim";2;0;1;0;1;0;1;2;2,806;-60,691;"SPRF-RR";"DEL01-RR";"UOP01-DEL01-RR"
107848;2018-02-01;"quinta-feira";"11:00:00";"RN";304;186,6;"LAJES";"Animais na Pista";"Atropelamento de Animal";"Sem Vítimas";"Pleno dia";"Decrescente";"Sol";"Simples";"Curva";"Não";1;0;0;0;1;0;0;1;-5,690609;-36,279321;"SPRF-RN";"DEL01-RN";"UOP03-DEL01-RN"
107849;2018-02-01;"quinta-feira";"14:30:00";"MG";381;250,4;"SANTANA DO PARAISO";"Falta de Atenção à Condução";"Colisão transversal";"Com Vítimas Feridas";"Pleno dia";"Decrescente";"Nublado";"Simples";"Interseção de Vias";"Sim";2;0;1;0;0;1;1;2;-19,45391697;-42,52113461;"SPRF-MG";"DEL06-MG";"UOP01-DEL06-MG"
107850;2018-02-01;"quinta-feira";"13:05:00";"RN";101;81,1;"NATAL";"Não guardar distância de segurança";"Colisão traseira";"Com Vítimas Feridas";"Pleno dia";"Crescente";"Céu Claro";"Dupla";"Reta";"Sim";3;0;1;0;2;0;1;2;-5,764695;-35,282959;"SPRF-RN";"DEL02-RN";"UOP01-DEL02-RN"
107851;2018-02-01;"quinta-feira";"16:15:00";"RS";285;124,2;"VACARIA";"Ingestão de Álcool";"Colisão traseira";"Com Vítimas Fatais";"Pleno dia";"Crescente";"Céu Claro";"Simples";"Reta";"Sim";2;1;1;0;0;0;1;2;-28,48983456;-50,9574759;"SPRF-RS";"DEL05-RS";"UOP03-DEL05-RS"
107854;2018-02-01;"quinta-feira";"14:00:00";"MG";116;621,7;"ORIZANIA";"Falta de Atenção à Condução";"Saída de leito carroçável";"Com Vítimas Feridas";"Pleno dia";"Crescente";"Chuva";"Simples";"Reta";"Não";1;0;1;0;0;0;1;1;-20,52218635;-42,19902813;"SPRF-MG";"DEL07-MG";"UOP03-DEL07-MG"
107858;2018-02-01;"quinta-feira";"15:50:00";"PR";476;136;"CURITIBA";"Não guardar distância de segurança";"Colisão traseira";"Com Vítimas Feridas";"Pleno dia";"Crescente";"Nublado";"Múltipla";"Reta";"Sim";2;0;1;0;0;1;1;2;-25,49629645;-49,27558333;"SPRF-PR";"DEL01-PR";"UOP01-DEL01-PR"
107863;2018-02-01;"quinta-feira";"10:50:00";"RO";319;62;"PORTO VELHO";"Defeito Mecânico no Veículo";"Colisão traseira";"Sem Vítimas";"Pleno dia";"Decrescente";"Céu Claro";"Dupla";"Reta";"Sim";2;0;0;0;2;0;0;2;-8,74958818;-63,88780475;"SPRF-RO";"DEL01-RO";"UOP01-DEL01-RO"
107864;2018-02-01;"quinta-feira";"13:50:00";"RO";364;92;"VILHENA";"Ultrapassagem Indevida";"Colisão lateral";"Sem Vítimas";"Pleno dia";"Crescente";"Céu Claro";"Simples";"Reta";"Não";2;0;0;0;2;0;0;2;-12,343863;-60,631535;"SPRF-RO";"DEL04-RO";"DEL21/4-UOP03/RO"
107865;2018-02-01;"quinta-feira";"16:30:00";"GO";153;642,9;"MORRINHOS";"Velocidade Incompatível";"Saída de leito carroçável";"Com Vítimas Feridas";"Pleno dia";"Decrescente";"Chuva";"Dupla";"Reta";"Não";2;0;1;0;1;0;1;1;-17,88919436;-49,23345073;"SPRF-GO";"DEL03-GO";"UOP01-DEL03-GO"
107867;2018-02-01;"quinta-feira";"16:30:00";"GO";70;190;"ITABERAI";"Falta de Atenção à Condução";"Colisão lateral";"Sem Vítimas";"Pleno dia";"Crescente";"Nublado";"Simples";"Retorno Regulamentado;Reta";"Não";2;0;0;0;2;0;0;2;-16,0272;-49,8015;"SPRF-GO";"DEL02-GO";"UOP02-DEL02-GO"
107872;2018-02-01;"quinta-feira";"16:30:00";"MG";354;746;"POUSO ALTO";"Falta de Atenção à Condução";"Colisão transversal";"Sem Vítimas";"Pleno dia";"Decrescente";"Céu Claro";"Simples";"Interseção de Vias";"Não";2;0;0;0;2;0;0;2;-22,19409;-44,972885;"SPRF-MG";"DEL05-MG";"UOP01-DEL17-MG"
107873;2018-02-01;"quinta-feira";"16:45:00";"SC";101;385;"ICARA";"Falta de Atenção à Condução";"Tombamento";"Com Vítimas Feridas";"Pleno dia";"Decrescente";"Céu Claro";"Dupla";"Interseção de Vias";"Não";1;0;1;0;0;0;1;1;-28,7763;-49,3188;"SPRF-SC";"DEL02-SC";"UOP02-DEL02-SC"
107874;2018-02-01;"quinta-feira";"17:05:00";"RS";116;253,1;"SAPUCAIA DO SUL";"Não guardar distância de segurança";"Colisão traseira";"Com Vítimas Feridas";"Pleno dia";"Decrescente";"Céu Claro";"Dupla";"Aclive;Viaduto";"Sim";2;0;1;0;1;0;1;2;-29,81877163;-51,17025822;"SPRF-RS";"DEL01-RS";"UOP02-DEL01-RS"
107875;2018-02-01;"quinta-feira";"16:35:00";"SP";153;93,8;"JACI";"Falta de Atenção à Condução";"Colisão frontal";"Com Vítimas Feridas";"Pleno dia";"Crescente";"Céu Claro";"Simples";"Declive";"Não";5;0;3;0;2;0;3;2;-20,96752273;-49,59462049;"SPRF-SP";"DEL09-SP";"UOP01-DEL09-SP"
107877;2018-02-01;"quinta-feira";"12:20:00";"PR";277;6,8;"PARANAGUA";"Falta de Atenção à Condução";"Colisão transversal";"Com Vítimas Feridas";"Pleno dia";"Decrescente";"Chuva";"Simples";"Interseção de Vias";"Sim";2;0;1;0;1;0;1;2;-25,5205;-48,5095;"SPRF-PR";"DEL01-PR";"UOP05-DEL01-PR"
107880;2018-02-01;"quinta-feira";"12:00:00";"GO";40;77,5;"CRISTALINA";"Não guardar distância de segurança";"Queda de ocupante de veículo";"Com Vítimas Feridas";"Pleno dia";"Decrescente";"Chuva";"Simples";"Reta";"Não";1;0;1;0;0;0;1;1;-16,65485155;-47,73135569;"SPRF-DF";"DEL01-DF";"UOP02-DEL01-DF"
107881;2018-02-01;"quinta-feira";"16:30:00";"RS";290;302;"CACAPAVA DO SUL";"Falta de Atenção à Condução";"Colisão traseira";"Com Vítimas Feridas";"Pleno dia";"Crescente";"Céu Claro";"Simples";"Reta";"Não";6;0;1;0;5;0;1;2;-30,321455;-53,228436;"SPRF-RS";"DEL09-RS";"UOP02-DEL09-RS"
107882;2018-02-01;"quinta-feira";"10:20:00";"MG";381;372;"SAO GONCALO DO RIO ABAIXO";"Falta de Atenção à Condução";"Capotamento";"Sem Vítimas";"Pleno dia";"Decrescente";"Chuva";"Simples";"Curva;Declive";"Não";1;0;0;0;1;0;0;1;-19,8281;-43,382;"SPRF-MG";"DEL01-MG";"UOP01-DEL01-MG"
107883;2018-02-01;"quinta-feira";"17:45:00";"GO";60;28,2;"ALEXANIA";"Falta de Atenção à Condução";"Colisão traseira";"Com Vítimas Feridas";"Pleno dia";"Decrescente";"Céu Claro";"Dupla";"Declive";"Não";2;0;1;0;1;0;1;2;-16,10035554;-48,4707731;"SPRF-DF";"DEL01-DF";"UOP01-DEL03-DF"
107884;2018-02-01;"quinta-feira";"11:00:00";"PI";343;334,5;"TERESINA";"Falta de Atenção à Condução";"Colisão transversal";"Sem Vítimas";"Pleno dia";"Decrescente";"Sol";"Simples";"Reta";"Não";2;0;0;0;2;0;0;2;-5,05884109;-42,6907897;"SPRF-PI";"DEL01-PI";"UOP01-DEL01-PI"
107885;2018-02-01;"quinta-feira";"16:40:00";"PR";153;463,5;"PORTO VITORIA";"Pista Escorregadia";"Tombamento";"Com Vítimas Feridas";"Pleno dia";"Crescente";"Céu Claro";"Simples";"Curva;Declive";"Não";2;0;2;0;0;0;2;1;-26,25493341;-51,16368413;"SPRF-PR";"DEL02-PR";"UOP03-DEL02-PR"
107889;2018-02-01;"quinta-feira";"17:55:00";"RS";470;217,7;"BENTO GONCALVES";"Falta de Atenção à Condução";"Colisão transversal";"Sem Vítimas";"Pleno dia";"Crescente";"Céu Claro";"Simples";"Curva";"Sim";5;0;0;0;5;0;0;2;-29,17865567;-51,51844919;"SPRF-RS";"DEL06-RS";"UOP01-DEL06-RS"
107891;2018-02-01;"quinta-feira";"18:20:00";"SP";116;210;"GUARULHOS";"Não guardar distância de segurança";"Colisão traseira";"Com Vítimas Feridas";"Pleno dia";"Crescente";"Sol";"Dupla";"Reta";"Não";2;0;1;0;1;0;1;2;-23,463257;-46,53373;"SPRF-SP";"DEL01-SP";"UOP01-DEL01-SP"
107894;2018-02-01;"quinta-feira";"16:00:00";"RN";226;4,8;"NATAL";"Desobediência às normas de trânsito pelo condutor";"Colisão frontal";"Com Vítimas Feridas";"Pleno dia";"Decrescente";"Céu Claro";"Simples";"Reta";"Não";3;0;0;2;1;0;2;2;-5,82005059;-35,2668441;"SPRF-RN";"DEL01-RN";"UOP02-DEL01-RN"
107896;2018-02-01;"quinta-feira";"17:00:00";"SC";116;139,9;"SANTA CECILIA";"Falta de Atenção à Condução";"Colisão transversal";"Sem Vítimas";"Pleno dia";"Crescente";"Céu Claro";"Simples";"Reta";"Sim";5;0;0;0;5;0;0;2;-26,96565164;-50,40999605;"SPRF-SC";"DEL06-SC";"UOP02-DEL06-SC"
107898;2018-02-01;"quinta-feira";"12:30:00";"MT";70;408;"CAMPO VERDE";"Pista Escorregadia";"Saída de leito carroçável";"Sem Vítimas";"Pleno dia";"Crescente";"Chuva";"Simples";"Curva";"Não";1;0;0;0;1;0;0;1;-15,67230843;-55,29617482;"SPRF-MT";"DEL02-MT";"UOP02-DEL05-MT"
107899;2018-02-01;"quinta-feira";"16:20:00";"MS";60;591,6;"JARDIM";"Desobediência às normas de trânsito pelo condutor";"Tombamento";"Com Vítimas Feridas";"Pleno dia";"Crescente";"Céu Claro";"Simples";"Interseção de Vias";"Sim";2;0;1;0;1;0;1;2;-21,47877907;-56,13894582;"SPRF-MS";"DEL05-MS";"UOP01-DEL05-MS"
107901;2018-02-01;"quinta-feira";"19:19:00";"GO";153;309;"RIALMA";"Falta de Atenção à Condução";"Colisão frontal";"Com Vítimas Feridas";"Anoitecer";"Crescente";"Chuva";"Simples";"Reta";"Não";5;0;5;0;0;0;5;3;-15,357812;-49,564758;"SPRF-GO";"DEL02-GO";"UOP02-DEL02-GO"
107903;2018-02-01;"quinta-feira";"17:15:00";"MG";40;510;"RIBEIRAO DAS NEVES";"Falta de Atenção à Condução";"Queda de ocupante de veículo";"Com Vítimas Feridas";"Pleno dia";"Decrescente";"Chuva";"Dupla";"Reta";"Sim";1;0;1;0;0;0;1;1;-19,78112094;-44,11774635;"SPRF-MG";"DEL01-MG";"UOP03-DEL01-MG"
107904;2018-02-01;"quinta-feira";"17:55:00";"SP";116;221,3;"GUARULHOS";"Não guardar distância de segurança";"Colisão traseira";"Sem Vítimas";"Pleno dia";"Decrescente";"Céu Claro";"Múltipla";"Reta";"Sim";2;0;0;0;2;0;0;2;-23,46999857;-46,5131192;"SPRF-SP";"DEL01-SP";"UOP01-DEL01-SP"
107905;2018-02-01;"quinta-feira";"18:50:00";"PR";277;101,3;"CURITIBA";"Velocidade Incompatível";"Saída de leito carroçável";"Sem Vítimas";"Pleno dia";"Crescente";"Céu Claro";"Dupla";"Curva";"Sim";2;0;0;0;2;0;0;1;-25,42678407;-49,38195705;"SPRF-PR";"DEL01-PR";"UOP06-DEL01-PR"
107906;2018-02-01;"quinta-feira";"19:15:00";"ES";101;290;"CARIACICA";"Pista Escorregadia";"Capotamento";"Sem Vítimas";"Anoitecer";"Crescente";"Chuva";"Dupla";"Curva";"Sim";1;0;0;0;1;0;0;1;-20,26437;-40,420345;"SPRF-ES";"DEL01-ES";"UOP01-DEL01-ES"
107907;2018-02-01;"quinta-feira";"18:50:00";"PR";116;93,5;"PIRAQUARA";"Falta de Atenção à Condução";"Colisão traseira";"Sem Vítimas";"Pleno dia";"Crescente";"Céu Claro";"Dupla";"Reta";"Não";3;0;0;0;3;0;0;2;-25,4857516;-49,10923342;"SPRF-PR";"DEL01-PR";"UOP07-DEL01-PR"
107908;2018-02-01;"quinta-feira";"18:30:00";"PR";116;116;"CURITIBA";"Falta de Atenção à Condução";"Colisão traseira";"Sem Vítimas";"Pleno dia";"Decrescente";"Nublado";"Dupla";"Reta";"Sim";2;0;0;0;2;0;0;2;-25,55022415;-49,30492401;"SPRF-PR";"DEL01-PR";"UOP03-DEL01-PR"
107909;2018-02-01;"quinta-feira";"19:15:00";"GO";40;1,4;"VALPARAISO DE GOIAS";"Falta de Atenção à Condução";"Atropelamento de Pedestre";"Com Vítimas Feridas";"Anoitecer";"Crescente";"Nublado";"Dupla";"Reta";"Sim";2;0;1;0;1;0;1;2;-16,0618385;-47,9833939;"SPRF-DF";"DEL01-DF";"UOP01-DEL01-DF"
107912;2018-02-01;"quinta-feira";"19:50:00";"RS";290;678;"URUGUAIANA";"Falta de Atenção à Condução";"Saída de leito carroçável";"Sem Vítimas";"Pleno dia";"Crescente";"Céu Claro";"Simples";"Reta";"Não";3;0;0;0;3;0;0;1;-29,91028;-56,674816;"SPRF-RS";"DEL13-RS";"UOP01-DEL13-RS"
107913;2018-02-01;"quinta-feira";"19:40:00";"ES";101;184;"ARACRUZ";"Velocidade Incompatível";"Saída de leito carroçável";"Com Vítimas Feridas";"Plena Noite";"Decrescente";"Chuva";"Simples";"Curva";"Não";1;0;1;0;0;0;1;1;-19,820759;-40,273678;"SPRF-ES";"DEL04-ES";"UOP01-DEL04-ES"
107914;2018-02-01;"quinta-feira";"19:30:00";"RJ";116;141;"DUQUE DE CAXIAS";"Falta de Atenção à Condução";"Colisão frontal";"Com Vítimas Feridas";"Anoitecer";"Decrescente";"Céu Claro";"Simples";"Reta";"Sim";4;0;1;0;3;0;1;4;-22,647245;-43,220829;"SPRF-RJ";"DEL04-RJ";"UOP02-DEL04-RJ"
107915;2018-02-01;"quinta-feira";"16:10:00";"RO";364;422;"JARU";"Falta de Atenção à Condução";"Colisão lateral";"Sem Vítimas";"Pleno dia";"Decrescente";"Céu Claro";"Simples";"Reta";"Sim";2;0;0;0;2;0;0;2;-10,459743;-62,455811;"SPRF-RO";"DEL03-RO";"UOP02-DEL03-RO"
107916;2018-02-01;"quinta-feira";"17:00:00";"SP";116;216,2;"GUARULHOS";"Ingestão de Álcool";"Colisão com objeto estático";"Sem Vítimas";"Pleno dia";"Crescente";"Nublado";"Múltipla";"Viaduto";"Não";1;0;0;0;1;0;0;1;-23,463257;-46,53373;"SPRF-SP";"DEL01-SP";"UOP01-DEL01-SP"
107917;2018-02-01;"quinta-feira";"18:50:00";"MA";135;11;"SAO LUIS";"Falta de Atenção à Condução";"Colisão lateral";"Com Vítimas Feridas";"Plena Noite";"Decrescente";"Céu Claro";"Dupla";"Reta";"Não";2;0;1;0;0;1;1;2;-2,664807;-44,286793;"SPRF-MA";"DEL01-MA";"UOP01-DEL01-MA"
107919;2018-02-01;"quinta-feira";"18:00:00";"PI";343;11;"PARNAIBA";"Não guardar distância de segurança";"Colisão traseira";"Com Vítimas Feridas";"Anoitecer";"Decrescente";"Céu Claro";"Simples";"Reta";"Sim";3;0;1;0;1;1;1;3;-2,903314;-41,750664;"SPRF-PI";"DEL05-PI";"UOP01-DEL05-PI"
107920;2018-02-01;"quinta-feira";"18:45:00";"RN";110;45;"MOSSORO";"Falta de Atenção à Condução";"Colisão transversal";"Com Vítimas Feridas";"Plena Noite";"Crescente";"Nublado";"Simples";"Reta";"Sim";2;0;1;0;1;0;1;2;-5,18804;-37,3441;"SPRF-RN";"DEL04-RN";"UOP01-DEL04-RN"
107921;2018-02-01;"quinta-feira";"20:15:00";"RS";116;143,1;"CAXIAS DO SUL";"Falta de Atenção à Condução";"Colisão lateral";"Sem Vítimas";"Anoitecer";"Crescente";"Céu Claro";"Dupla";"Reta";"Sim";2;0;0;0;2;0;0;2;-29,12487279;-51,11844063;"SPRF-RS";"DEL05-RS";"UOP01-DEL05-RS"
107923;2018-02-01;"quinta-feira";"19:00:00";"RN";304;120;"ITAJA";"Animais na Pista";"Atropelamento de Animal";"Com Vítimas Feridas";"Plena Noite";"Crescente";"Céu Claro";"Simples";"Reta";"Não";1;0;0;1;0;0;1;1;-5,633924;-36,856171;"SPRF-RN";"DEL04-RN";"UOP01-DEL04-RN"
107925;2018-02-01;"quinta-feira";"18:30:00";"PI";343;4,3;"TERESINA";"Falta de Atenção à Condução";"Colisão traseira";"Com Vítimas Feridas";"Plena Noite";"Decrescente";"Céu Claro";"Múltipla";"Reta";"Sim";3;0;1;0;2;0;1;2;-5,08030032;-42,78791785;"SPRF-PI";"DEL01-PI";"UOP01-DEL01-PI"
107926;2018-02-01;"quinta-feira";"20:20:00";"MG";459;82;"CONGONHAL";"Falta de Atenção à Condução";"Colisão transversal";"Com Vítimas Feridas";"Plena Noite";"Crescente";"Céu Claro";"Simples";"Reta";"Não";2;0;0;1;1;0;1;2;-22,1504839;-46,04184508;"SPRF-MG";"DEL09-MG";"UOP01-DEL09-MG"
107929;2018-02-01;"quinta-feira";"20:40:00";"PR";376;455;"TIBAGI";"Ultrapassagem Indevida";"Colisão frontal";"Com Vítimas Feridas";"Plena Noite";"Crescente";"Céu Claro";"Simples";"Curva";"Não";4;0;4;0;0;0;4;2;-24,90780742;-50,42136133;"SPRF-PR";"DEL03-PR";"UOP02-DEL03-PR"
107931;2018-02-01;"quinta-feira";"20:30:00";"MG";40;702;"BARBACENA";"Falta de Atenção do Pedestre";"Atropelamento de Pedestre";"Com Vítimas Feridas";"Plena Noite";"Crescente";"Céu Claro";"Dupla";"Reta";"Não";2;0;1;1;0;0;2;2;-21,2309;-43,7269;"SPRF-MG";"DEL05-MG";"UOP02-DEL05-MG"
107933;2018-02-01;"quinta-feira";"20:00:00";"PA";230;114;"MARABA";"Falta de Atenção à Condução";"Colisão lateral";"Com Vítimas Feridas";"Plena Noite";"Decrescente";"Nublado";"Dupla";"Reta";"Sim";2;0;1;0;1;0;1;2;-5,3594;-49,083626;"SPRF-PA";"DEL03-PA";"UOP01-DEL03-PA"
107934;2018-02-01;"quinta-feira";"09:00:00";"SC";163;93,2;"GUARACIABA";"Animais na Pista";"Engavetamento";"Com Vítimas Feridas";"Pleno dia";"Crescente";"Céu Claro";"Simples";"Reta;Aclive";"Não";5;0;2;0;3;0;2;3;-26,54104551;-53,52063899;"SPRF-SC";"DEL07-SC";"UOP03-DEL07-SC"
107935;2018-02-01;"quinta-feira";"13:25:00";"ES";101;242,9;"SERRA";"Falta de Atenção à Condução";"Colisão traseira";"Sem Vítimas";"Pleno dia";"Decrescente";"Nublado";"Simples";"Reta";"Não";2;0;0;0;2;0;0;2;-20,03303188;-40,39618671;"SPRF-ES";"DEL02-ES";"UOP01-DEL02-ES"
107936;2018-02-01;"quinta-feira";"20:00:00";"CE";116;7;"FORTALEZA";"Falta de Atenção do Pedestre";"Atropelamento de Pedestre";"Com Vítimas Feridas";"Plena Noite";"Decrescente";"Ignorado";"Múltipla";"Reta";"Sim";2;0;1;0;1;0;1;2;-3,81025969;-38,50052476;"SPRF-CE";"DEL01-CE";"UOP02-DEL01-CE"
107938;2018-02-01;"quinta-feira";"20:25:00";"BA";116;426;"FEIRA DE SANTANA";"Falta de Atenção à Condução";"Atropelamento de Pedestre";"Com Vítimas Feridas";"Plena Noite";"Crescente";"Céu Claro";"Simples";"Reta";"Não";2;0;1;0;1;0;1;2;-12,26213769;-38,98948073;"SPRF-BA";"DEL02-BA";"UOP01-DEL02-BA"
107943;2018-02-01;"quinta-feira";"21:00:00";"RJ";116;298,6;"PORTO REAL";"Deficiência ou não Acionamento do Sistema de Iluminação/Sinalização do Veículo";"Colisão traseira";"Com Vítimas Feridas";"Plena Noite";"Decrescente";"Céu Claro";"Dupla";"Declive";"Não";3;0;3;0;0;0;3;2;-22,45450449;-44,3791008;"SPRF-RJ";"DEL07-RJ";"DEL5/7-UOP03/RJ"
107944;2018-02-01;"quinta-feira";"20:57:00";"SP";116;222,6;"GUARULHOS";"Falta de Atenção do Pedestre";"Atropelamento de Pedestre";"Com Vítimas Feridas";"Plena Noite";"Decrescente";"Nublado";"Múltipla";"Reta";"Sim";2;0;0;1;1;0;1;2;-23,47547411;-46,52414113;"SPRF-SP";"DEL01-SP";"UOP01-DEL01-SP"
107947;2018-02-01;"quinta-feira";"19:31:00";"PA";316;97;"SANTA MARIA DO PARA";"Defeito Mecânico no Veículo";"Engavetamento";"Sem Vítimas";"Anoitecer";"Decrescente";"Céu Claro";"Simples";"Reta";"Não";5;0;0;0;4;1;0;4;-1,32888322;-47,64461517;"SPRF-PA";"DEL01-PA";"UOP02-DEL01-PA"
107948;2018-01-30;"terça-feira";"23:55:00";"TO";153;330;"GUARAI";"Restrição de Visibilidade";"Atropelamento de Pedestre";"Com Vítimas Fatais";"Plena Noite";"Decrescente";"Céu Claro";"Simples";"Reta";"Não";1;1;0;0;0;0;0;1;-8,80986303;-48,51218104;"SPRF-TO";"DEL02-TO";"UOP02-DEL02-TO"
107950;2018-02-01;"quinta-feira";"14:00:00";"SC";101;218;"PALHOCA";"Falta de Atenção à Condução";"Colisão traseira";"Sem Vítimas";"Pleno dia";"Decrescente";"Céu Claro";"Dupla";"Reta";"Não";4;0;0;0;4;0;0;4;-27,6854;-48,6664;"SPRF-SC";"DEL01-SC";"UOP02-DEL01-SC"
107952;2018-02-01;"quinta-feira";"22:30:00";"ES";262;2,5;"CARIACICA";"Defeito Mecânico no Veículo";"Colisão traseira";"Com Vítimas Feridas";"Plena Noite";"Crescente";"Chuva";"Dupla";"Reta";"Não";2;0;0;1;1;0;1;2;-20,33289975;-40,3646468;"SPRF-ES";"DEL01-ES";"UOP01-DEL01-ES"
107954;2018-02-01;"quinta-feira";"15:00:00";"PI";135;296;"CRISTINO CASTRO";"Defeito na Via";"Capotamento";"Sem Vítimas";"Pleno dia";"Decrescente";"Céu Claro";"Simples";"Reta";"Não";1;0;0;0;1;0;0;1;-8,692177;-44,082382;"SPRF-PI";"DEL03-PI";"UOP02-DEL03-PI"
107955;2018-02-01;"quinta-feira";"19:15:00";"BA";407;130;"SENHOR DO BONFIM";"Falta de Atenção do Pedestre";"Atropelamento de Pedestre";"Com Vítimas Feridas";"Plena Noite";"Decrescente";"Céu Claro";"Simples";"Reta";"Não";3;0;1;0;2;0;1;2;-10,487289;-40,164697;"SPRF-BA";"DEL04-BA";"UOP01-DEL04-BA"