"id";"data_inversa";"dia_semana";"horario";"uf";"br";"km";"municipio";"causa_acidente";"tipo_acidente";"classificacao_acidente";"fase_dia";"sentido_via";"condicao_metereologica";"tipo_pista";"tracado_via";"uso_solo";"pessoas";"mortos";"feridos_leves";"feridos_graves";"ilesos";"ignorados";"feridos";"veiculos";"latitude";"longitude";"regional";"delegacia";"uop"
108100;2018-02-02;"sexta-feira";"14:30:00";"MT";364;249,9;"JUSCIMEIRA";"Falta de Atenção à Condução";"Colisão traseira";"Sem Vítimas";"Pleno dia";"Crescente";"Céu Claro";"Simples";"Reta";"Não";3;0;0;0;3;0;0;3;-16,12128949;-54,85183344;"SPRF-MT";"DEL02-MT";"UOP01-DEL02-MT"
108101;2018-02-02;"sexta-feira";"15:30:00";"MG";381;335;"NOVA ERA";"Velocidade Incompatível";"Saída de leito carroçável";"Com Vítimas Feridas";"Pleno dia";"Crescente";"Chuva";"Simples";"Curva";"Não";2;0;2;0;0;0;2;1;-19,78196393;-43,04356188;"SPRF-MG";"DEL03-MG";"UOP01-DEL03-MG"
108102;2018-02-02;"sexta-feira";"15:40:00";"SC";101;204,5;"SAO JOSE";"Falta de Atenção à Condução";"Colisão lateral";"Com Vítimas Feridas";"Pleno dia";"Decrescente";"Céu Claro";"Múltipla";"Interseção de Vias";"Sim";2;0;1;0;0;1;1;2;-27,57892408;-48,61358459;"SPRF-SC";"DEL01-SC";"UOP01-DEL01-SC"
108103;2018-01-03;"quarta-feira";"15:30:00";"SC";101;208;"SAO JOSE";"Falta de Atenção à Condução";"Colisão traseira";"Sem Vítimas";"Pleno dia";"Crescente";"Sol";"Múltipla";"Reta";"Sim";2;0;0;0;2;0;0;2;-27,61000613;-48,63806248;"SPRF-SC";"DEL01-SC";"UOP01-DEL01-SC"
108105;2018-02-02;"sexta-feira";"14:40:00";"PE";232;13;"JABOATAO DOS GUARARAPES";"Ingestão de Álcool";"Colisão traseira";"Sem Vítimas";"Pleno dia";"Crescente";"Céu Claro";"Dupla";"Reta";"Não";3;0;0;0;3;0;0;2;-8,087343;-35,008829;"SPRF-PE";"DEL01-PE";"UOP01-DEL01-PE"
108106;2018-02-02;"sexta-feira";"15:40:00";"MG";459;68,9;"SENADOR JOSE BENTO";"Velocidade Incompatível";"Colisão com objeto estático";"Com Vítimas Feridas";"Pleno dia";"Crescente";"Céu Claro";"Simples";"Curva";"Não";1;0;1;0;0;0;1;1;-22,13521485;-46,15830031;"SPRF-MG";"DEL09-MG";"UOP01-DEL09-MG"
108107;2018-02-02;"sexta-feira";"12:20:00";"MG";381;487;"BETIM";"Velocidade Incompatível";"Colisão com objeto estático";"Sem Vítimas";"Pleno dia";"Decrescente";"Chuva";"Dupla";"Curva";"Sim";2;0;0;0;0;2;0;1;-19,95756629;-44,1200845;"SPRF-MG";"DEL01-MG";"UOP03-DEL01-MG"
108109;2018-02-02;"sexta-feira";"16:15:00";"MG";381;185,9;"PERIQUITO";"Velocidade Incompatível";"Colisão frontal";"Com Vítimas Feridas";"Pleno dia";"Crescente";"Chuva";"Simples";"Curva";"Não";4;0;1;3;0;0;4;2;-19,1565;-42,2405;"SPRF-MG";"DEL06-MG";"UOP01-DEL06-MG"
108110;2018-02-02;"sexta-feira";"15:10:00";"RN";0;0;"AUGUSTO SEVERO";"Defeito na Via";"Colisão com objeto estático";"Com Vítimas Feridas";"Pleno dia";"Não Informado";"Céu Claro";"Simples";"Interseção de Vias";"Sim";2;0;2;0;0;0;2;1;-5,860643;-37,31556;"SPRF-RN";"DEL04-RN";"UOP01-DEL04-RN"
108111;2018-02-02;"sexta-feira";"16:10:00";"PR";376;174,3;"MARINGA";"Desobediência às normas de trânsito pelo condutor";"Colisão transversal";"Com Vítimas Feridas";"Pleno dia";"Decrescente";"Céu Claro";"Dupla";"Retorno Regulamentado";"Sim";2;0;0;1;1;0;1;2;-23,41728535;-51,95887323;"SPRF-PR";"DEL07-PR";"UOP01-DEL09-PR"
108113;2018-02-02;"sexta-feira";"16:20:00";"PR";116;101,8;"SAO JOSE DOS PINHAIS";"Avarias e/ou desgaste excessivo no pneu";"Tombamento";"Com Vítimas Feridas";"Pleno dia";"Decrescente";"Céu Claro";"Dupla";"Declive;Reta";"Sim";1;0;1;0;0;0;1;1;-25,56602028;-49,16546431;"SPRF-PR";"DEL01-PR";"UOP07-DEL01-PR"
108114;2018-02-02;"sexta-feira";"13:40:00";"MG";262;590,4;"CAMPOS ALTOS";"Pista Escorregadia";"Saída de leito carroçável";"Sem Vítimas";"Pleno dia";"Decrescente";"Chuva";"Simples";"Curva";"Não";1;0;0;0;1;0;0;1;-19,696579;-46,171776;"SPRF-MG";"DEL08-MG";"UOP02-DEL08-MG"
108116;2018-02-02;"sexta-feira";"15:00:00";"PI";316;3,1;"TERESINA";"Falta de Atenção à Condução";"Colisão traseira";"Com Vítimas Feridas";"Pleno dia";"Decrescente";"Céu Claro";"Dupla";"Reta";"Sim";3;0;1;0;2;0;1;3;-5,08684054;-42,77183533;"SPRF-PI";"DEL01-PI";"UOP02-DEL01-PI"
108118;2018-02-02;"sexta-feira";"13:00:00";"RO";364;629;"ITAPUA DO OESTE";"Falta de Atenção à Condução";"Colisão lateral";"Sem Vítimas";"Pleno dia";"Decrescente";"Céu Claro";"Simples";"Reta";"Não";2;0;0;0;2;0;0;2;-9,080222;-63,362968;"SPRF-RO";"DEL03-RO";"UOP04-DEL01-RO"
108120;2018-02-02;"sexta-feira";"16:30:00";"MG";40;558;"NOVA LIMA";"Falta de Atenção à Condução";"Colisão com objeto estático";"Sem Vítimas";"Pleno dia";"Crescente";"Chuva";"Dupla";"Curva";"Sim";1;0;0;0;1;0;0;1;-20,11083586;-43,97228184;"SPRF-MG";"DEL01-MG";"UOP02-DEL01-MG"
108121;2018-02-02;"sexta-feira";"15:35:00";"PB";230;69,9;"SOBRADO";"Avarias e/ou desgaste excessivo no pneu";"Colisão traseira";"Sem Vítimas";"Pleno dia";"Decrescente";"Céu Claro";"Dupla";"Reta";"Não";2;0;0;0;2;0;0;2;-7,19196481;-35,22793472;"SPRF-PB";"DEL01-PB";"UOP03-DEL01-PB"
108122;2018-02-02;"sexta-feira";"15:48:00";"PB";230;32;"BAYEUX";"Não guardar distância de segurança";"Colisão traseira";"Sem Vítimas";"Pleno dia";"Crescente";"Céu Claro";"Dupla";"Reta";"Sim";4;0;0;0;4;0;0;3;-7,14084742;-34,92169619;"SPRF-PB";"DEL01-PB";"UOP01-DEL01-PB"
108124;2018-02-02;"sexta-feira";"16:30:00";"SC";101;124,5;"ITAJAI";"Não guardar distância de segurança";"Engavetamento";"Com Vítimas Feridas";"Pleno dia";"Crescente";"Sol";"Múltipla";"Reta";"Sim";4;0;1;0;3;0;1;3;-26,94565253;-48,68744521;"SPRF-SC";"DEL04-SC";"UOP04-DEL04-SC"
108126;2018-02-02;"sexta-feira";"14:00:00";"MA";135;86;"ITAPECURU MIRIM";"Deficiência ou não Acionamento do Sistema de Iluminação/Sinalização do Veículo";"Colisão lateral";"Sem Vítimas";"Pleno dia";"Decrescente";"Chuva";"Simples";"Reta";"Sim";2;0;0;0;2;0;0;2;-3,263712;-44,394073;"SPRF-MA";"DEL01-MA";"UOP02-DEL01-MA"
108129;2018-02-02;"sexta-feira";"17:20:00";"SP";116;278,9;"EMBU DAS ARTES";"Falta de Atenção à Condução";"Colisão com objeto estático";"Com Vítimas Feridas";"Pleno dia";"Decrescente";"Céu Claro";"Dupla";"Curva";"Sim";1;0;1;0;0;0;1;1;-23,63681378;-46,8331933;"SPRF-SP";"DEL04-SP";"UOP01-DEL04-SP"
108131;2018-02-02;"sexta-feira";"16:42:00";"MG";381;559,6;"ITAGUARA";"Velocidade Incompatível";"Colisão com objeto estático";"Com Vítimas Feridas";"Pleno dia";"Crescente";"Chuva";"Dupla";"Curva";"Não";4;0;3;0;1;0;3;1;-20,36010226;-44,46426241;"SPRF-MG";"DEL04-MG";"UOP03-DEL04-MG"
108132;2018-02-02;"sexta-feira";"17:00:00";"SC";101;213,5;"PALHOCA";"Não guardar distância de segurança";"Colisão lateral";"Com Vítimas Feridas";"Pleno dia";"Decrescente";"Céu Claro";"Dupla";"Reta";"Sim";2;0;0;1;1;0;1;2;-27,64090515;-48,66780376;"SPRF-SC";"DEL01-SC";"UOP02-DEL01-SC"
108133;2018-02-02;"sexta-feira";"15:50:00";"TO";153;479,5;"PARAISO DO TOCANTINS";"Pista Escorregadia";"Saída de leito carroçável";"Sem Vítimas";"Pleno dia";"Crescente";"Chuva";"Simples";"Declive;Ponte;Curva";"Não";2;0;0;0;2;0;0;1;-10,05651724;-48,82381618;"SPRF-TO";"DEL02-TO";"UOP01-DEL01-TO"
108134;2018-02-02;"sexta-feira";"17:00:00";"PR";369;133,3;"IBIPORA";"Falta de Atenção à Condução";"Colisão transversal";"Com Vítimas Feridas";"Pleno dia";"Decrescente";"Sol";"Simples";"Interseção de Vias";"Não";2;0;1;0;1;0;1;2;-23,260595;-51,01274;"SPRF-PR";"DEL07-PR";"UOP01-DEL07-PR"
108137;2018-02-02;"sexta-feira";"16:10:00";"PI";230;170,3;"SAO JOAO DA VARJOTA";"Pista Escorregadia";"Saída de leito carroçável";"Sem Vítimas";"Pleno dia";"Decrescente";"Chuva";"Simples";"Reta";"Não";2;0;0;0;2;0;0;1;-6,93554711;-41,90606511;"SPRF-PI";"DEL04-PI";"UOP01-DEL04-PI"
108140;2018-02-02;"sexta-feira";"17:45:00";"SC";101;203,3;"SAO JOSE";"Falta de Atenção à Condução";"Colisão lateral";"Com Vítimas Feridas";"Pleno dia";"Decrescente";"Céu Claro";"Múltipla";"Reta";"Sim";2;0;1;0;1;0;1;2;-27,57147472;-48,61369948;"SPRF-SC";"DEL01-SC";"UOP01-DEL01-SC"
108142;2018-02-02;"sexta-feira";"17:53:00";"PR";277;725,5;"FOZ DO IGUACU";"Objeto estático sobre o leito carroçável";"Tombamento";"Com Vítimas Feridas";"Pleno dia";"Decrescente";"Céu Claro";"Dupla";"Curva;Declive";"Sim";1;0;1;0;0;0;1;1;-25,51093775;-54,54975575;"SPRF-PR";"DEL05-PR";"UOP03-DEL05-PR"
108143;2018-02-02;"sexta-feira";"18:00:00";"SC";470;219,7;"SAO CRISTOVAO DO SUL";"Falta de Atenção à Condução";"Colisão lateral";"Sem Vítimas";"Pleno dia";"Decrescente";"Sol";"Simples";"Reta";"Não";2;0;0;0;2;0;0;2;-27,29880906;-50,29752189;"SPRF-SC";"DEL02-SC";"UOP03-DEL02-SC"
108144;2018-02-02;"sexta-feira";"17:55:00";"SC";101;203,3;"SAO JOSE";"Não guardar distância de segurança";"Colisão lateral";"Com Vítimas Feridas";"Pleno dia";"Decrescente";"Céu Claro";"Múltipla";"Reta";"Sim";1;0;1;0;0;0;1;1;-27,57147472;-48,61369948;"SPRF-SC";"DEL01-SC";"UOP01-DEL01-SC"
108145;2018-02-02;"sexta-feira";"17:50:00";"PR";369;139,5;"IBIPORA";"Não guardar distância de segurança";"Colisão traseira";"Com Vítimas Feridas";"Pleno dia";"Decrescente";"Céu Claro";"Simples";"Reta";"Sim";3;0;1;0;2;0;1;2;-23,27703787;-51,06325686;"SPRF-PR";"DEL07-PR";"UOP01-DEL07-PR"
108147;2018-02-02;"sexta-feira";"17:50:00";"GO";50;270,8;"CATALAO";"Falta de Atenção à Condução";"Colisão traseira";"Com Vítimas Feridas";"Pleno dia";"Decrescente";"Céu Claro";"Simples";"Reta";"Não";4;0;0;1;2;1;1;3;-18,11459542;-47,8925854;"SPRF-GO";"DEL06-GO";"UOP01-DEL06-GO"
108148;2018-02-02;"sexta-feira";"18:15:00";"SC";470;140;"RIO DO SUL";"Falta de Atenção à Condução";"Colisão traseira";"Com Vítimas Feridas";"Pleno dia";"Decrescente";"Sol";"Simples";"Reta";"Sim";2;0;1;0;1;0;1;2;-27,19393882;-49,62415785;"SPRF-SC";"DEL04-SC";"UOP02-DEL04-SC"
108150;2018-02-02;"sexta-feira";"18:30:00";"MG";251;423,6;"GRAO MOGOL";"Velocidade Incompatível";"Saída de leito carroçável";"Com Vítimas Feridas";"Anoitecer";"Crescente";"Chuva";"Simples";"Curva";"Não";2;0;1;0;1;0;1;1;-16,31111997;-43,09088144;"SPRF-MG";"DEL12-MG";"UOP01-DEL12-MG"
108152;2018-02-02;"sexta-feira";"17:30:00";"RJ";393;290;"VOLTA REDONDA";"Falta de Atenção à Condução";"Tombamento";"Com Vítimas Feridas";"Pleno dia";"Crescente";"Céu Claro";"Dupla";"Reta";"Sim";3;0;1;0;1;1;1;3;-22,51888514;-44,11422461;"SPRF-RJ";"DEL05-RJ";"UOP04-DEL05-RJ"
108153;2018-02-02;"sexta-feira";"17:45:00";"MG";40;300;"TRES MARIAS";"Velocidade Incompatível";"Colisão frontal";"Com Vítimas Feridas";"Anoitecer";"Decrescente";"Garoa/Chuvisco";"Simples";"Curva";"Não";4;0;2;0;2;0;2;2;-18,350143;-45,093292;"SPRF-MG";"DEL14-MG";"UOP02-DEL14-MG"
108154;2018-02-02;"sexta-feira";"18:25:00";"SC";282;22;"SANTO AMARO DA IMPERATRIZ";"Falta de Atenção à Condução";"Atropelamento de Pedestre";"Com Vítimas Feridas";"Pleno dia";"Decrescente";"Sol";"Simples";"Reta";"Sim";3;0;1;1;0;1;2;2;-27,68909196;-48,73080945;"SPRF-SC";"DEL01-SC";"UOP02-DEL01-SC"
108155;2018-02-02;"sexta-feira";"18:30:00";"RS";158;206;"CRUZ ALTA";"Desobediência às normas de trânsito pelo condutor";"Colisão transversal";"Sem Vítimas";"Pleno dia";"Decrescente";"Sol";"Simples";"Interseção de Vias";"Não";2;0;0;0;2;0;0;2;-28,73857583;-53,59651208;"SPRF-RS";"DEL10-RS";"UOP02-DEL10-RS"
108156;2018-02-02;"sexta-feira";"12:00:00";"PI";230;46,9;"SAO JULIAO";"Falta de Atenção à Condução";"Saída de leito carroçável";"Sem Vítimas";"Pleno dia";"Decrescente";"Sol";"Simples";"Reta";"Não";1;0;0;0;1;0;0;1;-7,13408159;-40,86744351;"SPRF-PI";"DEL04-PI";"UOP03-DEL04-PI"
108157;2018-02-02;"sexta-feira";"18:50:00";"SP";116;193,9;"SANTA ISABEL";"Falta de Atenção à Condução";"Capotamento";"Sem Vítimas";"Anoitecer";"Crescente";"Céu Claro";"Dupla";"Retorno Regulamentado";"Não";2;0;0;0;2;0;0;1;-23,38365199;-46,26442552;"SPRF-SP";"DEL02-SP";"UOP01-DEL02-SP"
108158;2018-02-02;"sexta-feira";"18:10:00";"RJ";40;111;"DUQUE DE CAXIAS";"Falta de Atenção à Condução";"Colisão traseira";"Com Vítimas Feridas";"Anoitecer";"Crescente";"Céu Claro";"Simples";"Reta";"Não";2;0;1;0;1;0;1;2;-22,7008;-43,2901;"SPRF-RJ";"DEL01-RJ";"UOP01-DEL01-RJ"
108159;2018-02-02;"sexta-feira";"17:30:00";"MS";163;714;"RIO VERDE DE MATO GROSSO";"Falta de Atenção à Condução";"Tombamento";"Com Vítimas Feridas";"Pleno dia";"Crescente";"Céu Claro";"Simples";"Reta";"Não";1;0;0;1;0;0;1;1;-18,61574535;-54,77308989;"SPRF-MS";"DEL06-MS";"UOP01-DEL06-MS"
108162;2018-02-02;"sexta-feira";"17:35:00";"MG";381;532,1;"ITATIAIUCU";"Velocidade Incompatível";"Saída de leito carroçável";"Sem Vítimas";"Pleno dia";"Crescente";"Nublado";"Dupla";"Curva";"Não";3;0;0;0;3;0;0;1;-20,17025067;-44,37228064;"SPRF-MG";"DEL04-MG";"UOP03-DEL04-MG"
108163;2018-02-02;"sexta-feira";"18:10:00";"PI";316;7,2;"TERESINA";"Desobediência às normas de trânsito pelo condutor";"Colisão lateral";"Com Vítimas Feridas";"Plena Noite";"Crescente";"Nublado";"Simples";"Reta";"Sim";3;0;3;0;0;0;3;2;-5,15765026;-42,77118104;"SPRF-PI";"DEL01-PI";"UOP02-DEL01-PI"
108164;2018-02-02;"sexta-feira";"18:20:00";"PB";101;37,1;"MAMANGUAPE";"Falta de Atenção do Pedestre";"Atropelamento de Pedestre";"Com Vítimas Fatais";"Plena Noite";"Crescente";"Céu Claro";"Múltipla";"Reta";"Não";2;1;0;0;1;0;0;2;-6,82131983;-35,13845001;"SPRF-PB";"DEL01-PB";"UOP04-DEL01-PB"
108167;2018-02-02;"sexta-feira";"18:40:00";"MS";163;463;"CAMPO GRANDE";"Desobediência às normas de trânsito pelo condutor";"Tombamento";"Com Vítimas Feridas";"Pleno dia";"Decrescente";"Céu Claro";"Simples";"Reta";"Não";1;0;1;0;0;0;1;1;-20,607516;-54,577416;"SPRF-MS";"DEL01-MS";"UOP01-DEL01-MS"
108168;2018-02-02;"sexta-feira";"18:50:00";"SC";101;117;"ITAJAI";"Não guardar distância de segurança";"Colisão traseira";"Com Vítimas Feridas";"Pleno dia";"Decrescente";"Nublado";"Múltipla";"Reta";"Sim";2;0;1;0;1;0;1;2;-26,8961;-48,7188;"SPRF-SC";"DEL04-SC";"UOP04-DEL04-SC"
108169;2018-02-02;"sexta-feira";"19:00:00";"RN";304;297,2;"MACAIBA";"Falta de Atenção à Condução";"Colisão transversal";"Com Vítimas Fatais";"Plena Noite";"Crescente";"Céu Claro";"Simples";"Reta";"Sim";2;1;0;0;1;0;0;2;-5,87040714;-35,32530044;"SPRF-RN";"DEL01-RN";"UOP02-DEL01-RN"
108171;2018-02-02;"sexta-feira";"15:30:00";"MG";40;1,1;"PARACATU";"Falta de Atenção à Condução";"Saída de leito carroçável";"Com Vítimas Feridas";"Pleno dia";"Crescente";"Chuva";"Simples";"Reta";"Não";2;0;1;1;0;0;2;1;-17,03981986;-47,14981052;"SPRF-MG";"DEL14-MG";"UOP01-DEL14-MG"
108172;2018-02-02;"sexta-feira";"20:00:00";"SC";280;48,1;"GUARAMIRIM";"Falta de Atenção à Condução";"Saída de leito carroçável";"Com Vítimas Feridas";"Plena Noite";"Crescente";"Céu Claro";"Simples";"Reta";"Não";2;0;2;0;0;0;2;1;-26,45545517;-48,92871635;"SPRF-SC";"DEL03-SC";"UOP03-DEL03-SC"
108173;2018-02-02;"sexta-feira";"16:45:00";"BA";415;24;"ILHEUS";"Falta de Atenção à Condução";"Colisão transversal";"Com Vítimas Feridas";"Pleno dia";"Crescente";"Céu Claro";"Simples";"Declive";"Não";2;0;0;1;1;0;1;2;-14,797147;-39,179395;"SPRF-BA";"DEL05-BA";"UOP01-DEL05-BA"
108175;2018-02-02;"sexta-feira";"19:40:00";"PE";101;46,7;"IGARASSU";"Falta de Atenção à Condução";"Colisão lateral";"Com Vítimas Feridas";"Plena Noite";"Decrescente";"Céu Claro";"Múltipla";"Reta";"Sim";4;0;1;0;2;1;1;3;-7,8750188;-34,90577018;"SPRF-PE";"DEL01-PE";"UOP02-DEL01-PE"
108176;2018-02-02;"sexta-feira";"19:30:00";"RS";285;440,5;"BOZANO";"Não guardar distância de segurança";"Colisão traseira";"Sem Vítimas";"Pleno dia";"Crescente";"Sol";"Simples";"Reta";"Não";2;0;0;0;2;0;0;2;-28,36050015;-53,73654999;"SPRF-RS";"DEL10-RS";"UOP01-DEL10-RS"
108177;2018-02-02;"sexta-feira";"20:15:00";"MG";262;368;"JUATUBA";"Falta de Atenção à Condução";"Colisão lateral";"Sem Vítimas";"Plena Noite";"Crescente";"Chuva";"Dupla";"Reta";"Não";2;0;0;0;2;0;0;2;-19,97380053;-44,3178547;"SPRF-MG";"DEL01-MG";"UOP03-DEL01-MG"
108179;2018-02-02;"sexta-feira";"20:30:00";"RS";158;153,9;"PANAMBI";"Falta de Atenção à Condução";"Saída de leito carroçável";"Com Vítimas Feridas";"Plena Noite";"Crescente";"Nublado";"Dupla";"Curva";"Não";1;0;1;0;0;0;1;1;-28,310027;-53,492412;"SPRF-RS";"DEL10-RS";"UOP02-DEL10-RS"
108180;2018-02-02;"sexta-feira";"20:45:00";"SP";116;72,2;"APARECIDA";"Falta de Atenção à Condução";"Colisão lateral";"Sem Vítimas";"Plena Noite";"Crescente";"Nublado";"Múltipla";"Aclive";"Não";1;0;0;0;1;0;0;1;-22,86487075;-45,23882631;"SPRF-SP";"DEL08-SP";"UOP01-DEL08-SP"
108182;2018-02-02;"sexta-feira";"18:20:00";"PE";232;414;"SERRA TALHADA";"Falta de Atenção à Condução";"Colisão frontal";"Com Vítimas Feridas";"Plena Noite";"Decrescente";"Céu Claro";"Simples";"Reta";"Sim";2;0;0;2;0;0;2;2;-7,98152649;-38,31669152;"SPRF-PE";"DEL04-PE";"UOP01-DEL04-PE"
108184;2018-02-02;"sexta-feira";"19:50:00";"PI";402;36;"PARNAIBA";"Falta de Atenção à Condução";"Colisão transversal";"Sem Vítimas";"Plena Noite";"Decrescente";"Nublado";"Simples";"Reta";"Não";2;0;0;0;2;0;0;2;-2,94938399;-41,73010826;"SPRF-PI";"DEL05-PI";"UOP01-DEL05-PI"
108185;2018-02-02;"sexta-feira";"16:00:00";"MS";262;742;"CORUMBA";"Animais na Pista";"Saída de leito carroçável";"Com Vítimas Feridas";"Pleno dia";"Crescente";"Nublado";"Simples";"Reta";"Não";2;0;1;0;1;0;1;1;-19,18019253;-57,64526367;"SPRF-MS";"DEL03-MS";"UOP03-DEL03-MS"
108188;2018-02-02;"sexta-feira";"20:35:00";"BA";101;880;"TEIXEIRA DE FREITAS";"Ingestão de Álcool";"Tombamento";"Com Vítimas Feridas";"Plena Noite";"Decrescente";"Nublado";"Simples";"Reta";"Sim";1;0;1;0;0;0;1;1;-17,5625;-39,7281;"SPRF-BA";"DEL09-BA";"UOP02-DEL09-BA"
108189;2018-02-02;"sexta-feira";"21:30:00";"RS";116;377,6;"TAPES";"Falta de Atenção à Condução";"Colisão transversal";"Com Vítimas Feridas";"Plena Noite";"Decrescente";"Céu Claro";"Simples";"Reta";"Não";4;0;1;0;3;0;1;2;-30,74522906;-51,63024902;"SPRF-RS";"DEL02-RS";"UOP03-DEL02-RS"
108191;2018-02-02;"sexta-feira";"21:25:00";"SC";470;132;"LONTRAS";"Falta de Atenção à Condução";"Colisão transversal";"Com Vítimas Feridas";"Plena Noite";"Crescente";"Céu Claro";"Simples";"Reta";"Sim";2;0;1;0;1;0;1;2;-27,16045723;-49,5565474;"SPRF-SC";"DEL04-SC";"UOP02-DEL04-SC"
108192;2018-02-02;"sexta-feira";"21:20:00";"GO";70;0,3;"AGUAS LINDAS DE GOIAS";"Velocidade Incompatível";"Capotamento";"Sem Vítimas";"Plena Noite";"Crescente";"Chuva";"Dupla";"Curva";"Sim";1;0;0;0;1;0;0;1;-15,78062339;-48,23423353;"SPRF-DF";"DEL01-DF";"UOP02-DEL03-DF"
108194;2018-02-02;"sexta-feira";"20:30:00";"PA";308;159;"CAPANEMA";"Animais na Pista";"Atropelamento de Animal";"Sem Vítimas";"Plena Noite";"Crescente";"Chuva";"Simples";"Declive";"Não";1;0;0;0;1;0;0;1;-1,2193027;-47,167907;"SPRF-PA";"DEL01-PA";"UOP03-DEL01-PA"
108197;2018-02-02;"sexta-feira";"21:30:00";"RS";386;445;"CANOAS";"Animais na Pista";"Atropelamento de Animal";"Com Vítimas Feridas";"Plena Noite";"Decrescente";"Céu Claro";"Dupla";"Reta";"Não";2;0;1;0;1;0;1;1;-29,89333638;-51,18602601;"SPRF-RS";"DEL01-RS";"UOP01-DEL01-RS"
108198;2018-02-02;"sexta-feira";"21:00:00";"MG";153;55;"MONTE ALEGRE DE MINAS";"Falta de Atenção à Condução";"Saída de leito carroçável";"Com Vítimas Feridas";"Pleno dia";"Decrescente";"Chuva";"Dupla";"Reta";"Não";2;0;1;0;1;0;1;1;-18,8638;-49,0708;"SPRF-MG";"DEL15-MG";"UOP03-DEL15-MG"
108200;2018-02-02;"sexta-feira";"18:00:00";"RJ";116;272;"BARRA MANSA";"Falta de Atenção à Condução";"Colisão traseira";"Com Vítimas Feridas";"Anoitecer";"Crescente";"Nublado";"Simples";"Curva";"Sim";2;0;1;0;1;0;1;2;-22,54465;-44,17177;"SPRF-RJ";"DEL07-RJ";"UOP02-DEL07-RJ"
108201;2018-02-02;"sexta-feira";"19:25:00";"SC";116;68,8;"MONTE CASTELO";"Falta de Atenção à Condução";"Colisão traseira";"Com Vítimas Feridas";"Plena Noite";"Crescente";"Céu Claro";"Simples";"Reta";"Sim";3;0;1;0;2;0;1;2;-26,462698;-50,231544;"SPRF-SC";"DEL06-SC";"UOP02-DEL06-SC"
108202;2018-02-02;"sexta-feira";"18:30:00";"MG";116;608,1;"SAO JOAO DO MANHUACU";"Falta de Atenção à Condução";"Colisão traseira";"Sem Vítimas";"Anoitecer";"Decrescente";"Céu Claro";"Simples";"Reta";"Não";3;0;0;0;3;0;0;2;-20,3933;-42,1476;"SPRF-MG";"DEL07-MG";"UOP03-DEL07-MG"
108203;2018-02-02;"sexta-feira";"21:30:00";"RS";290;71;"GRAVATAI";"Animais na Pista";"Atropelamento de Animal";"Com Vítimas Feridas";"Plena Noite";"Crescente";"Céu Claro";"Dupla";"Reta";"Não";2;0;1;0;1;0;1;1;-29,95024943;-50,96261501;"SPRF-RS";"DEL03-RS";"UOP02-DEL03-RS"
108204;2018-02-02;"sexta-feira";"21:30:00";"MT";158;556,3;"AGUA BOA";"Falta de Atenção à Condução";"Colisão frontal";"Com Vítimas Fatais";"Plena Noite";"Decrescente";"Céu Claro";"Simples";"Reta";"Não";4;1;0;2;1;0;2;3;-14,0553;-52,1592;"SPRF-MT";"DEL07-MT";"UOP02-DEL07-MT"
108206;2018-02-02;"sexta-feira";"20:20:00";"AC";364;120,5;"RIO BRANCO";"Defeito na Via";"Queda de ocupante de veículo";"Com Vítimas Feridas";"Plena Noite";"Decrescente";"Nublado";"Dupla";"Reta";"Sim";1;0;1;0;0;0;1;1;-10,01223521;-67,7611962;"SPRF-AC";"DEL01-AC";"UOP01-DEL01-AC"
108207;2018-02-02;"sexta-feira";"20:15:00";"RN";406;156;"CEARA-MIRIM";"Ultrapassagem Indevida";"Colisão frontal";"Com Vítimas Feridas";"Plena Noite";"Crescente";"Céu Claro";"Simples";"Aclive";"Não";6;0;1;4;1;0;5;4;-5,69132023;-35,3897953;"SPRF-RN";"DEL02-RN";"UOP01-DEL02-RN"
108208;2018-02-02;"sexta-feira";"23:10:00";"RJ";393;278;"VOLTA REDONDA";"Não guardar distância de segurança";"Colisão traseira";"Com Vítimas Feridas";"Plena Noite";"Decrescente";"Céu Claro";"Simples";"Reta";"Não";2;0;2;0;0;0;2;2;-22,480644;-44,03787;"SPRF-RJ";"DEL05-RJ";"UOP04-DEL05-RJ"
108209;2018-02-02;"sexta-feira";"08:30:00";"RJ";40;55;"PETROPOLIS";"Velocidade Incompatível";"Colisão com objeto estático";"Sem Vítimas";"Plena Noite";"Decrescente";"Céu Claro";"Dupla";"Reta";"Sim";2;0;0;0;2;0;0;1;-22,35506347;-43,12255964;"SPRF-RJ";"DEL06-RJ";"UOP01-DEL06-RJ"
108210;2018-02-02;"sexta-feira";"23:10:00";"SC";470;70,3;"INDAIAL";"Falta de Atenção do Pedestre";"Atropelamento de Pedestre";"Com Vítimas Feridas";"Plena Noite";"Decrescente";"Céu Claro";"Simples";"Interseção de Vias";"Não";2;0;2;0;0;0;2;2;-26,880508;-49,24292;"SPRF-SC";"DEL04-SC";"UOP01-DEL04-SC"
108212;2018-02-02;"sexta-feira";"21:30:00";"CE";222;11;"CAUCAIA";"Falta de Atenção à Condução";"Saída de leito carroçável";"Com Vítimas Feridas";"Plena Noite";"Crescente";"Céu Claro";"Dupla";"Viaduto";"Não";1;0;1;0;0;0;1;1;-3,7665924;-38,66401345;"SPRF-CE";"DEL01-CE";"UOP01-DEL01-CE"