"id";"data_inversa";"dia_semana";"horario";"uf";"br";"km";"municipio";"causa_acidente";"tipo_acidente";"classificacao_acidente";"fase_dia";"sentido_via";"condicao_metereologica";"tipo_pista";"tracado_via";"uso_solo";"pessoas";"mortos";"feridos_leves";"feridos_graves";"ilesos";"ignorados";"feridos";"veiculos";"latitude";"longitude";"regional";"delegacia";"uop"
108340;2018-02-03;"sábado";"13:00:00";"ES";101;118,4;"SOORETAMA";"Ingestão de Álcool";"Tombamento";"Com Vítimas Feridas";"Pleno dia";"Crescente";"Nublado";"Simples";"Reta;Aclive";"Não";2;0;0;2;0;0;2;1;-19,197422;-40,098118;"SPRF-ES";"DEL04-ES";"UOP01-DEL04-ES"
108341;2018-02-03;"sábado";"13:35:00";"SC";470;73,8;"INDAIAL";"Falta de Atenção à Condução";"Colisão traseira";"Com Vítimas Feridas";"Pleno dia";"Crescente";"Sol";"Simples";"Interseção de Vias";"Não";2;0;1;0;1;0;1;2;-26,90058724;-49,26752061;"SPRF-SC";"DEL04-SC";"UOP01-DEL04-SC"
108342;2018-02-03;"sábado";"12:45:00";"PE";428;190,2;"PETROLINA";"Falta de Atenção à Condução";"Colisão transversal";"Com Vítimas Feridas";"Pleno dia";"Crescente";"Céu Claro";"Simples";"Desvio Temporário";"Sim";2;0;1;0;1;0;1;2;-9,39904;-40,501163;"SPRF-PE";"DEL06-PE";"UOP01-DEL06-PE"
108343;2018-02-03;"sábado";"13:30:00";"RS";158;325;"SANTA MARIA";"Falta de Atenção à Condução";"Colisão lateral";"Com Vítimas Feridas";"Pleno dia";"Decrescente";"Sol";"Simples";"Reta";"Sim";2;0;1;0;1;0;1;2;-29,703747;-53,795246;"SPRF-RS";"DEL09-RS";"UOP01-DEL09-RS"
108344;2018-02-03;"sábado";"09:55:00";"RS";0;0;"PASSO FUNDO";"Velocidade Incompatível";"Capotamento";"Sem Vítimas";"Pleno dia";"Não Informado";"Céu Claro";"Simples";"Curva";"Não";1;0;0;0;1;0;0;1;-28,2360889;-52,3776291;"SPRF-RS";"DEL08-RS";"UOP03-DEL08-RS"
108345;2018-02-03;"sábado";"13:00:00";"SP";116;226;"GUARULHOS";"Falta de Atenção do Pedestre";"Atropelamento de Pedestre";"Com Vítimas Fatais";"Pleno dia";"Decrescente";"Nublado";"Múltipla";"Curva";"Sim";2;1;0;0;1;0;0;2;-23,49711631;-46,55705899;"SPRF-SP";"DEL01-SP";"UOP01-DEL01-SP"
108346;2018-02-03;"sábado";"11:45:00";"SC";282;584;"PINHALZINHO";"Falta de Atenção à Condução";"Capotamento";"Sem Vítimas";"Pleno dia";"Crescente";"Céu Claro";"Simples";"Curva";"Não";1;0;0;0;1;0;0;1;-26,831865;-53,016579;"SPRF-SC";"DEL07-SC";"UOP02-DEL07-SC"
108349;2018-02-03;"sábado";"13:00:00";"PE";423;35;"CACHOEIRINHA";"Animais na Pista";"Saída de leito carroçável";"Com Vítimas Feridas";"Pleno dia";"Crescente";"Sol";"Simples";"Curva";"Não";2;0;0;2;0;0;2;1;-8,458882;-36,214756;"SPRF-PE";"DEL02-PE";"UOP03-DEL02-PE"
108350;2018-02-03;"sábado";"13:55:00";"PR";277;577;"CASCAVEL";"Falta de Atenção à Condução";"Colisão traseira";"Sem Vítimas";"Pleno dia";"Decrescente";"Céu Claro";"Simples";"Reta";"Não";2;0;0;0;2;0;0;2;-24,956297;-53,455727;"SPRF-PR";"DEL04-PR";"UOP01-DEL04-PR"
108353;2018-02-03;"sábado";"12:30:00";"RJ";465;20;"NOVA IGUACU";"Falta de Atenção à Condução";"Colisão lateral";"Com Vítimas Feridas";"Pleno dia";"Decrescente";"Céu Claro";"Simples";"Reta";"Sim";2;0;0;1;1;0;1;2;-22,846828;-43,605339;"SPRF-RJ";"DEL01-RJ";"UOP03-DEL01-RJ"
108356;2018-02-03;"sábado";"14:45:00";"PR";369;53,8;"BANDEIRANTES";"Falta de Atenção à Condução";"Saída de leito carroçável";"Com Vítimas Feridas";"Pleno dia";"Decrescente";"Sol";"Simples";"Reta";"Não";2;0;0;2;0;0;2;1;-23,10459225;-50,3474611;"SPRF-PR";"DEL07-PR";"UOP05-DEL07-PR"
108358;2018-02-03;"sábado";"14:20:00";"TO";153;334,6;"GUARAI";"Ingestão de Álcool";"Colisão transversal";"Com Vítimas Feridas";"Pleno dia";"Crescente";"Nublado";"Dupla";"Reta;Interseção de Vias";"Sim";1;0;1;0;0;0;1;1;-8,84127868;-48,51146345;"SPRF-TO";"DEL02-TO";"UOP02-DEL02-TO"
108359;2018-02-03;"sábado";"14:30:00";"MG";365;307;"SAO GONCALO DO ABAETE";"Pista Escorregadia";"Saída de leito carroçável";"Com Vítimas Feridas";"Pleno dia";"Decrescente";"Chuva";"Simples";"Reta";"Não";1;0;1;0;0;0;1;1;-18,178992;-45,8003427;"SPRF-MG";"DEL10-MG";"UOP01-DEL10-MG"
108360;2018-02-03;"sábado";"14:07:00";"PR";277;724;"FOZ DO IGUACU";"Falta de Atenção à Condução";"Queda de ocupante de veículo";"Com Vítimas Feridas";"Pleno dia";"Crescente";"Céu Claro";"Dupla";"Interseção de Vias";"Sim";2;0;1;0;1;0;1;2;-25,502563;-54,538681;"SPRF-PR";"DEL05-PR";"UOP01-DEL05-PR"
108363;2018-02-03;"sábado";"09:15:00";"RS";392;42,2;"RIO GRANDE";"Falta de Atenção do Pedestre";"Atropelamento de Pedestre";"Com Vítimas Feridas";"Pleno dia";"Crescente";"Céu Claro";"Múltipla";"Reta";"Não";2;0;1;1;0;0;2;2;-31,94644833;-52,30976632;"SPRF-RS";"DEL07-RS";"UOP02-DEL07-RS"
108366;2018-02-03;"sábado";"14:40:00";"MG";381;332;"NOVA ERA";"Velocidade Incompatível";"Capotamento";"Sem Vítimas";"Pleno dia";"Crescente";"Chuva";"Dupla";"Curva";"Não";1;0;0;0;1;0;0;1;-19,76222278;-43,047994;"SPRF-MG";"DEL03-MG";"UOP01-DEL03-MG"
108367;2018-02-03;"sábado";"13:30:00";"PI";316;324,2;"PICOS";"Falta de Atenção à Condução";"Colisão lateral";"Com Vítimas Feridas";"Pleno dia";"Crescente";"Céu Claro";"Simples";"Reta";"Não";2;0;0;1;1;0;1;2;-7,097811;-41,352209;"SPRF-PI";"DEL04-PI";"UOP01-DEL04-PI"
108368;2018-02-03;"sábado";"15:00:00";"SC";470;249,4;"CURITIBANOS";"Falta de Atenção à Condução";"Colisão lateral";"Sem Vítimas";"Pleno dia";"Crescente";"Céu Claro";"Simples";"Rotatória";"Não";2;0;0;0;2;0;0;2;-27,3126038;-50,5632019;"SPRF-SC";"DEL05-SC";"UOP03-DEL05-SC"
108369;2018-02-03;"sábado";"15:00:00";"MG";381;332;"NOVA ERA";"Velocidade Incompatível";"Saída de leito carroçável";"Sem Vítimas";"Pleno dia";"Crescente";"Chuva";"Dupla";"Curva";"Não";1;0;0;0;1;0;0;1;-19,76419956;-43,04773808;"SPRF-MG";"DEL03-MG";"UOP01-DEL03-MG"
108372;2018-02-03;"sábado";"15:20:00";"MG";381;813,1;"CAREACU";"Velocidade Incompatível";"Colisão com objeto estático";"Sem Vítimas";"Pleno dia";"Crescente";"Nublado";"Dupla";"Curva";"Não";1;0;0;0;0;1;0;1;-22,02245102;-45,67928003;"SPRF-MG";"DEL16-MG";"UOP02-DEL16-MG"
108373;2018-02-03;"sábado";"13:00:00";"CE";222;300;"TIANGUA";"Velocidade Incompatível";"Capotamento";"Com Vítimas Feridas";"Pleno dia";"Crescente";"Nublado";"Simples";"Curva";"Não";2;0;1;0;1;0;1;1;-3,7039973;-40,987442;"SPRF-CE";"DEL04-CE";"UOP02-DEL04-CE"
108374;2018-02-03;"sábado";"15:20:00";"MG";381;813,1;"CAREACU";"Falta de Atenção à Condução";"Colisão com objeto estático";"Com Vítimas Feridas";"Pleno dia";"Crescente";"Céu Claro";"Dupla";"Reta";"Não";4;0;0;1;0;3;1;2;-22,01644942;-45,67991853;"SPRF-MG";"DEL16-MG";"UOP02-DEL16-MG"
108375;2018-02-03;"sábado";"14:45:00";"RS";293;192,6;"BAGE";"Falta de Atenção à Condução";"Saída de leito carroçável";"Com Vítimas Feridas";"Pleno dia";"Crescente";"Céu Claro";"Simples";"Reta";"Não";1;0;1;0;0;0;1;1;-31,25913672;-54,17460057;"SPRF-RS";"DEL11-RS";"UOP03-DEL11-RS"
108376;2018-02-03;"sábado";"14:25:00";"SP";381;26;"BRAGANCA PAULISTA";"Não guardar distância de segurança";"Colisão lateral";"Com Vítimas Feridas";"Pleno dia";"Crescente";"Céu Claro";"Dupla";"Reta";"Não";1;0;1;0;0;0;1;1;-22,98178474;-46,49414063;"SPRF-SP";"DEL03-SP";"UOP02-DEL03-SP"
108377;2018-02-03;"sábado";"14:30:00";"BA";324;600;"SIMOES FILHO";"Falta de Atenção à Condução";"Capotamento";"Sem Vítimas";"Pleno dia";"Decrescente";"Sol";"Dupla";"Reta";"Não";1;0;0;0;0;1;0;1;-12,787;-38,4001;"SPRF-BA";"DEL01-BA";"UOP01-DEL01-BA"
108378;2018-02-03;"sábado";"14:29:00";"MS";262;425;"TERENOS";"Defeito Mecânico no Veículo";"Capotamento";"Com Vítimas Feridas";"Pleno dia";"Crescente";"Céu Claro";"Simples";"Curva";"Não";4;0;1;0;3;0;1;1;-20,45443817;-55,25694788;"SPRF-MS";"DEL01-MS";"UOP03-DEL01-MS"
108379;2018-02-03;"sábado";"15:15:00";"MG";381;482;"BETIM";"Falta de Atenção à Condução";"Engavetamento";"Com Vítimas Feridas";"Pleno dia";"Crescente";"Chuva";"Dupla";"Reta";"Sim";4;0;4;0;0;0;4;4;-19,9578;-44,0795;"SPRF-MG";"DEL01-MG";"UOP03-DEL01-MG"
108380;2018-02-03;"sábado";"15:50:00";"GO";153;604;"MORRINHOS";"Velocidade Incompatível";"Saída de leito carroçável";"Com Vítimas Feridas";"Pleno dia";"Crescente";"Chuva";"Dupla";"Reta";"Não";4;0;4;0;0;0;4;1;-17,5862;-49,1944;"SPRF-GO";"DEL03-GO";"UOP01-DEL03-GO"
108381;2018-02-03;"sábado";"15:30:00";"SC";101;200;"SAO JOSE";"Velocidade Incompatível";"Colisão traseira";"Com Vítimas Feridas";"Pleno dia";"Crescente";"Céu Claro";"Dupla";"Reta";"Sim";2;0;1;0;1;0;1;2;-27,53658616;-48,6271297;"SPRF-SC";"DEL01-SC";"UOP01-DEL01-SC"
108382;2018-02-03;"sábado";"13:40:00";"BA";110;355;"CATU";"Falta de Atenção à Condução";"Atropelamento de Pedestre";"Com Vítimas Feridas";"Pleno dia";"Crescente";"Céu Claro";"Simples";"Declive";"Sim";3;0;0;2;1;0;2;2;-12,27908685;-38,37027699;"SPRF-BA";"DEL01-BA";"UOP04-DEL01-BA"
108383;2018-02-03;"sábado";"16:00:00";"GO";60;29;"ALEXANIA";"Pista Escorregadia";"Saída de leito carroçável";"Com Vítimas Feridas";"Pleno dia";"Decrescente";"Chuva";"Simples";"Reta";"Sim";2;0;1;0;1;0;1;1;-16,09612405;-48,5200882;"SPRF-DF";"DEL01-DF";"UOP01-DEL03-DF"
108384;2018-02-03;"sábado";"15:55:00";"PR";376;182,7;"SARANDI";"Falta de Atenção à Condução";"Colisão traseira";"Com Vítimas Feridas";"Pleno dia";"Decrescente";"Sol";"Múltipla";"Reta";"Sim";2;0;1;0;1;0;1;2;-23,44015738;-51,87310326;"SPRF-PR";"DEL07-PR";"UOP01-DEL09-PR"
108385;2018-02-03;"sábado";"13:45:00";"BA";101;363,5;"GANDU";"Falta de Atenção à Condução";"Capotamento";"Com Vítimas Feridas";"Pleno dia";"Crescente";"Nublado";"Simples";"Curva";"Não";1;0;1;0;0;0;1;1;-13,72609948;-39,47815001;"SPRF-BA";"DEL05-BA";"UOP03-DEL05-BA"
108386;2018-02-03;"sábado";"15:30:00";"SC";101;127,2;"ITAJAI";"Não guardar distância de segurança";"Colisão traseira";"Com Vítimas Feridas";"Pleno dia";"Crescente";"Céu Claro";"Dupla";"Reta";"Não";3;0;0;2;1;0;2;3;-26,97120312;-48,68287986;"SPRF-SC";"DEL04-SC";"UOP04-DEL04-SC"
108387;2018-02-03;"sábado";"11:00:00";"RO";364;465;"ARIQUEMES";"Desobediência às normas de trânsito pelo condutor";"Capotamento";"Sem Vítimas";"Pleno dia";"Crescente";"Chuva";"Simples";"Reta";"Não";3;0;0;0;3;0;0;1;-10,21094;-62,77366;"SPRF-RO";"DEL03-RO";"UOP01-DEL03-RO"
108389;2018-02-03;"sábado";"16:00:00";"MG";50;124,8;"UBERABA";"Velocidade Incompatível";"Saída de leito carroçável";"Com Vítimas Feridas";"Pleno dia";"Crescente";"Chuva";"Dupla";"Curva";"Não";2;0;1;1;0;0;2;1;-19,34462457;-48,09425807;"SPRF-MG";"DEL13-MG";"UOP01-DEL13-MG"
108390;2018-02-03;"sábado";"14:40:00";"AL";316;156;"PALMEIRA DOS INDIOS";"Ingestão de Álcool";"Queda de ocupante de veículo";"Com Vítimas Feridas";"Pleno dia";"Decrescente";"Sol";"Simples";"Rotatória";"Sim";2;0;2;0;0;0;2;1;-9,41618;-36,631;"SPRF-AL";"DEL03-AL";"UOP01-DEL03-AL"
108391;2018-02-03;"sábado";"16:45:00";"GO";60;227,6;"CEZARINA";"Fenômenos da Natureza";"Saída de leito carroçável";"Sem Vítimas";"Pleno dia";"Crescente";"Chuva";"Dupla";"Curva";"Não";1;0;0;0;0;1;0;1;-17,03799298;-49,77830172;"SPRF-GO";"DEL01-GO";"UOP02-DEL01-GO"
108392;2018-02-03;"sábado";"16:30:00";"PR";376;235;"APUCARANA";"Desobediência às normas de trânsito pelo condutor";"Colisão transversal";"Com Vítimas Feridas";"Pleno dia";"Decrescente";"Céu Claro";"Simples";"Curva";"Não";2;0;1;0;1;0;1;2;-23,58726559;-51,47978242;"SPRF-PR";"DEL07-PR";"UOP03-DEL07-PR"
108395;2018-02-03;"sábado";"15:45:00";"PA";163;1003;"SANTAREM";"Falta de Atenção à Condução";"Colisão traseira";"Com Vítimas Feridas";"Pleno dia";"Crescente";"Nublado";"Dupla";"Curva";"Sim";2;0;1;0;1;0;1;2;-2,43927907;-54,73256707;"SPRF-PA";"DEL05-PA";"UOP01-DEL05-PA"
108396;2018-02-03;"sábado";"16:20:00";"RS";386;325,1;"MARQUES DE SOUZA";"Falta de Atenção à Condução";"Saída de leito carroçável";"Com Vítimas Feridas";"Pleno dia";"Crescente";"Céu Claro";"Simples";"Curva";"Não";5;0;4;0;1;0;4;2;-29,31916571;-52,10371494;"SPRF-RS";"DEL04-RS";"UOP01-DEL04-RS"
108397;2018-02-03;"sábado";"15:40:00";"SC";282;623;"IRACEMINHA";"Defeito na Via";"Queda de ocupante de veículo";"Sem Vítimas";"Pleno dia";"Crescente";"Sol";"Simples";"Curva";"Não";1;0;0;0;1;0;0;1;-26,799004;-53,332302;"SPRF-SC";"DEL07-SC";"UOP02-DEL07-SC"
108398;2018-02-03;"sábado";"17:00:00";"ES";101;263,4;"SERRA";"Falta de Atenção à Condução";"Queda de ocupante de veículo";"Com Vítimas Feridas";"Anoitecer";"Decrescente";"Chuva";"Dupla";"Reta";"Sim";2;0;0;1;1;0;1;1;-20,17285544;-40,26743531;"SPRF-ES";"DEL02-ES";"UOP01-DEL02-ES"
108399;2018-02-03;"sábado";"16:30:00";"GO";153;558;"PROFESSOR JAMIL";"Velocidade Incompatível";"Saída de leito carroçável";"Sem Vítimas";"Pleno dia";"Decrescente";"Chuva";"Dupla";"Curva";"Não";2;0;0;0;2;0;0;1;-17,2081;-49,2137;"SPRF-GO";"DEL03-GO";"UOP01-DEL03-GO"
108400;2018-02-03;"sábado";"17:00:00";"GO";153;579,9;"PIRACANJUBA";"Velocidade Incompatível";"Saída de leito carroçável";"Sem Vítimas";"Pleno dia";"Crescente";"Chuva";"Dupla";"Reta";"Sim";1;0;0;0;1;0;0;1;-17,38541744;-49,23358798;"SPRF-GO";"DEL03-GO";"UOP01-DEL03-GO"
108404;2018-02-03;"sábado";"17:40:00";"SP";488;2,3;"APARECIDA";"Falta de Atenção à Condução";"Colisão lateral";"Com Vítimas Feridas";"Pleno dia";"Decrescente";"Nublado";"Dupla";"Reta";"Sim";2;0;1;0;1;0;1;2;-22,85116044;-45,23839244;"SPRF-SP";"DEL08-SP";"UOP01-DEL08-SP"
108405;2018-02-03;"sábado";"14:40:00";"SC";282;331,4;"CAMPOS NOVOS";"Ingestão de Álcool";"Colisão traseira";"Com Vítimas Feridas";"Pleno dia";"Decrescente";"Céu Claro";"Simples";"Reta";"Não";8;0;2;0;6;0;2;3;-27,3944027;-51,1452198;"SPRF-SC";"DEL07-SC";"UOP06-DEL07-SC"
108408;2018-02-03;"sábado";"17:30:00";"DF";251;30,5;"BRASILIA";"Pista Escorregadia";"Colisão lateral";"Com Vítimas Feridas";"Pleno dia";"Crescente";"Chuva";"Simples";"Declive";"Não";5;0;2;0;3;0;2;2;-15,94478796;-47,72397906;"SPRF-DF";"DEL01-DF";"UOP01-DEL01-DF"
108410;2018-02-03;"sábado";"17:45:00";"MG";40;473;"SETE LAGOAS";"Pista Escorregadia";"Colisão com objeto estático";"Sem Vítimas";"Pleno dia";"Decrescente";"Chuva";"Dupla";"Curva";"Não";1;0;0;0;1;0;0;1;-19,4997;-44,2779;"SPRF-MG";"DEL02-MG";"UOP01-DEL02-MG"
108411;2018-02-03;"sábado";"17:20:00";"MG";40;560;"NOVA LIMA";"Pista Escorregadia";"Capotamento";"Sem Vítimas";"Pleno dia";"Crescente";"Chuva";"Dupla";"Reta";"Não";1;0;0;0;1;0;0;1;-20,1362;-43,9623;"SPRF-MG";"DEL01-MG";"UOP02-DEL01-MG"
108414;2018-02-03;"sábado";"17:50:00";"RS";386;129,1;"BARRA FUNDA";"Desobediência às normas de trânsito pelo condutor";"Colisão traseira";"Sem Vítimas";"Pleno dia";"Crescente";"Céu Claro";"Simples";"Rotatória";"Não";2;0;0;0;2;0;0;2;-27,92789595;-52,9649806;"SPRF-RS";"DEL08-RS";"UOP01-DEL08-RS"
108415;2018-02-03;"sábado";"18:15:00";"PR";376;229;"APUCARANA";"Mal Súbito";"Saída de leito carroçável";"Com Vítimas Feridas";"Pleno dia";"Crescente";"Sol";"Dupla";"Reta";"Não";1;0;1;0;0;0;1;1;-23,56301846;-51,53692869;"SPRF-PR";"DEL07-PR";"UOP03-DEL07-PR"
108418;2018-02-03;"sábado";"17:00:00";"MT";364;0,5;"ALTO ARAGUAIA";"Ingestão de Álcool";"Colisão traseira";"Com Vítimas Feridas";"Pleno dia";"Crescente";"Céu Claro";"Simples";"Reta";"Sim";2;0;1;0;1;0;1;2;-17,31549122;-53,21509178;"SPRF-MT";"DEL02-MT";"UOP02-DEL02-MT"
108419;2018-02-03;"sábado";"17:27:00";"MG";40;567;"ITABIRITO";"Desobediência às normas de trânsito pelo condutor";"Colisão transversal";"Com Vítimas Feridas";"Pleno dia";"Decrescente";"Nublado";"Simples";"Reta";"Não";2;0;1;0;1;0;1;2;-20,1951;-43,9737;"SPRF-MG";"DEL01-MG";"UOP02-DEL01-MG"
108423;2018-02-03;"sábado";"17:30:00";"MS";163;254,8;"DOURADOS";"Avarias e/ou desgaste excessivo no pneu";"Queda de ocupante de veículo";"Com Vítimas Feridas";"Pleno dia";"Decrescente";"Sol";"Dupla";"Reta";"Sim";3;0;3;0;0;0;3;1;-22,2669173;-54,81103778;"SPRF-MS";"DEL04-MS";"UOP01-DEL04-MS"
108426;2018-02-03;"sábado";"17:00:00";"PE";232;556,3;"PARNAMIRIM";"Ingestão de Álcool";"Queda de ocupante de veículo";"Com Vítimas Fatais";"Pleno dia";"Decrescente";"Céu Claro";"Simples";"Reta";"Não";1;1;0;0;0;0;0;1;-8,090978;-39,578655;"SPRF-PE";"DEL05-PE";"UOP01-DEL05-PE"
108427;2018-02-03;"sábado";"16:40:00";"PB";230;88,2;"GURINHEM";"Defeito Mecânico no Veículo";"Incêndio";"Sem Vítimas";"Pleno dia";"Crescente";"Céu Claro";"Dupla";"Reta";"Sim";11;0;0;0;11;0;0;1;-7,17173499;-35,38730514;"SPRF-PB";"DEL01-PB";"UOP03-DEL01-PB"
108428;2018-02-03;"sábado";"15:30:00";"PE";101;83;"JABOATAO DOS GUARARAPES";"Falta de Atenção à Condução";"Colisão lateral";"Sem Vítimas";"Pleno dia";"Decrescente";"Sol";"Dupla";"Reta";"Não";2;0;0;0;2;0;0;2;-8,1777;-34,9526;"SPRF-PE";"DEL01-PE";"UOP03-DEL01-PE"
108429;2018-02-03;"sábado";"18:00:00";"PR";369;39;"ANDIRA";"Ingestão de Álcool";"Queda de ocupante de veículo";"Com Vítimas Feridas";"Pleno dia";"Crescente";"Céu Claro";"Simples";"Reta";"Sim";1;0;1;0;0;0;1;1;-23,0445;-50,2282;"SPRF-PR";"DEL07-PR";"UOP05-DEL07-PR"
108430;2018-02-03;"sábado";"18:30:00";"SC";116;24,2;"ITAIOPOLIS";"Velocidade Incompatível";"Tombamento";"Com Vítimas Feridas";"Pleno dia";"Crescente";"Céu Claro";"Simples";"Reta";"Não";1;0;0;1;0;0;1;1;-26,31062618;-49,96142338;"SPRF-SC";"DEL06-SC";"UOP01-DEL06-SC"
108431;2018-02-03;"sábado";"16:30:00";"MG";381;307;"ANTONIO DIAS";"Pista Escorregadia";"Saída de leito carroçável";"Sem Vítimas";"Pleno dia";"Crescente";"Chuva";"Simples";"Curva";"Não";1;0;0;0;1;0;0;1;-19,6243;-42,8685;"SPRF-MG";"DEL03-MG";"UOP02-DEL03-MG"
108433;2018-02-03;"sábado";"16:00:00";"MS";60;548,3;"NIOAQUE";"Falta de Atenção à Condução";"Capotamento";"Com Vítimas Feridas";"Pleno dia";"Decrescente";"Sol";"Simples";"Reta";"Não";1;0;1;0;0;0;1;1;-21,166715;-55,860092;"SPRF-MS";"DEL05-MS";"UOP01-DEL05-MS"
108434;2018-02-03;"sábado";"17:45:00";"MG";381;897;"CAMBUI";"Falta de Atenção à Condução";"Colisão com objeto estático";"Com Vítimas Feridas";"Pleno dia";"Crescente";"Nublado";"Dupla";"Reta";"Sim";8;0;1;0;5;2;1;6;-22,6089;-46,0609;"SPRF-MG";"DEL16-MG";"UOP03-DEL16-MG"
108436;2018-02-03;"sábado";"19:30:00";"SC";470;132,1;"LONTRAS";"Falta de Atenção à Condução";"Colisão com objeto estático";"Com Vítimas Feridas";"Pleno dia";"Decrescente";"Céu Claro";"Simples";"Curva";"Não";1;0;1;0;0;0;1;1;-27,16260501;-49,55666274;"SPRF-SC";"DEL04-SC";"UOP02-DEL04-SC"
108437;2018-02-03;"sábado";"17:15:00";"PR";376;465,4;"PONTA GROSSA";"Falta de Atenção à Condução";"Capotamento";"Sem Vítimas";"Pleno dia";"Crescente";"Sol";"Dupla";"Curva";"Não";1;0;0;0;1;0;0;1;-24,97609949;-50,37025452;"SPRF-PR";"DEL03-PR";"UOP01-DEL03-PR"
108438;2018-02-03;"sábado";"17:00:00";"MT";174;243;"JAURU";"Fenômenos da Natureza";"Saída de leito carroçável";"Com Vítimas Feridas";"Pleno dia";"Decrescente";"Chuva";"Simples";"Reta";"Não";3;0;3;0;0;0;3;1;-15,53198;-59,009239;"SPRF-MT";"DEL04-MT";"UOP01-DEL04-MT"
108439;2018-02-03;"sábado";"14:40:00";"PI";343;42,5;"BURITI DOS LOPES";"Velocidade Incompatível";"Saída de leito carroçável";"Sem Vítimas";"Pleno dia";"Crescente";"Nublado";"Simples";"Curva";"Não";1;0;0;0;1;0;0;1;-3,16292688;-41,82241917;"SPRF-PI";"DEL05-PI";"UOP01-DEL05-PI"
108440;2018-02-03;"sábado";"17:40:00";"AP";156;292,2;"MACAPA";"Pista Escorregadia";"Saída de leito carroçável";"Sem Vítimas";"Anoitecer";"Crescente";"Chuva";"Simples";"Curva";"Não";1;0;0;0;1;0;0;1;0,37379679;-51,07323123;"SPRF-AP";"DEL01-AP";"UOP01-DEL01-AP"
108441;2018-02-03;"sábado";"19:40:00";"PR";376;173,5;"MARINGA";"Falta de Atenção do Pedestre";"Atropelamento de Pedestre";"Com Vítimas Feridas";"Pleno dia";"Crescente";"Sol";"Dupla";"Reta";"Sim";2;0;1;0;1;0;1;2;-23,41772049;-51,96003199;"SPRF-PR";"DEL07-PR";"UOP01-DEL09-PR"
108442;2018-02-03;"sábado";"19:30:00";"MG";40;525;"CONTAGEM";"Não guardar distância de segurança";"Colisão traseira";"Com Vítimas Feridas";"Plena Noite";"Decrescente";"Nublado";"Dupla";"Reta";"Sim";3;0;1;0;2;0;1;2;-19,8971;-44,0497;"SPRF-MG";"DEL01-MG";"UOP03-DEL01-MG"
108443;2018-02-03;"sábado";"19:45:00";"GO";40;23,5;"LUZIANIA";"Ingestão de Álcool";"Colisão com objeto estático";"Com Vítimas Fatais";"Plena Noite";"Decrescente";"Chuva";"Dupla";"Reta";"Sim";2;1;1;0;0;0;1;1;-16,24051449;-47,91023468;"SPRF-DF";"DEL01-DF";"UOP01-DEL01-DF"
108444;2018-02-03;"sábado";"18:10:00";"BA";242;533;"OLIVEIRA DOS BREJINHOS";"Avarias e/ou desgaste excessivo no pneu";"Saída de leito carroçável";"Com Vítimas Feridas";"Anoitecer";"Decrescente";"Nublado";"Simples";"Reta";"Não";3;0;3;0;0;0;3;1;-12,138249;-42,879542;"SPRF-BA";"DEL10-BA";"UOP03-DEL06-BA"
108445;2018-02-03;"sábado";"16:00:00";"MG";116;525;"CARATINGA";"Animais na Pista";"Atropelamento de Animal";"Com Vítimas Feridas";"Pleno dia";"Crescente";"Chuva";"Simples";"Curva";"Não";1;0;1;0;0;0;1;1;-19,7902;-42,139526;"SPRF-MG";"DEL06-MG";"UOP02-DEL06-MG"
108449;2018-02-03;"sábado";"19:15:00";"ES";101;167,4;"LINHARES";"Falta de Atenção à Condução";"Colisão traseira";"Com Vítimas Feridas";"Plena Noite";"Decrescente";"Garoa/Chuvisco";"Simples";"Reta";"Sim";3;0;0;1;2;0;1;2;-19,52715777;-40,15212446;"SPRF-ES";"DEL04-ES";"UOP01-DEL04-ES"
108450;2018-02-03;"sábado";"17:40:00";"BA";367;40,8;"PORTO SEGURO";"Falta de Atenção à Condução";"Colisão lateral";"Sem Vítimas";"Anoitecer";"Decrescente";"Chuva";"Simples";"Reta";"Não";6;0;0;0;6;0;0;3;-16,38695102;-39,2173952;"SPRF-BA";"DEL09-BA";"UOP01-DEL09-BA"
108451;2018-02-03;"sábado";"13:55:00";"SC";280;237,6;"CANOINHAS";"Defeito Mecânico no Veículo";"Capotamento";"Sem Vítimas";"Pleno dia";"Decrescente";"Céu Claro";"Simples";"Aclive";"Não";1;0;0;0;1;0;0;1;-26,20308772;-50,43570608;"SPRF-SC";"DEL06-SC";"UOP04-DEL06-SC"
108452;2018-02-03;"sábado";"19:00:00";"DF";70;14,8;"BRASILIA";"Falta de Atenção à Condução";"Colisão lateral";"Sem Vítimas";"Plena Noite";"Decrescente";"Chuva";"Dupla";"Reta";"Não";2;0;0;0;2;0;0;2;-15,79926336;-48,18200111;"SPRF-DF";"DEL01-DF";"UOP02-DEL03-DF"
108453;2018-02-03;"sábado";"20:10:00";"PR";376;180,3;"MARINGA";"Não guardar distância de segurança";"Colisão traseira";"Com Vítimas Feridas";"Anoitecer";"Crescente";"Céu Claro";"Dupla";"Declive;Reta";"Sim";3;0;2;0;1;0;2;2;-23,42873929;-51,89261864;"SPRF-PR";"DEL07-PR";"UOP01-DEL09-PR"
108454;2018-02-03;"sábado";"18:40:00";"MT";163;641,6;"NOVA MUTUM";"Falta de Atenção à Condução";"Capotamento";"Sem Vítimas";"Plena Noite";"Crescente";"Chuva";"Simples";"Curva";"Não";1;0;0;0;1;0;0;1;-13,829317;-56,082653;"SPRF-MT";"DEL01-MT";"UOP01-DEL01-MT"
108455;2018-02-03;"sábado";"19:45:00";"RJ";101;405;"ITAGUAI";"Falta de Atenção à Condução";"Queda de ocupante de veículo";"Com Vítimas Feridas";"Anoitecer";"Decrescente";"Céu Claro";"Dupla";"Reta";"Sim";2;0;2;0;0;0;2;1;-22,91539314;-43,77227783;"SPRF-RJ";"DEL03-RJ";"UOP01-DEL03-RJ"