"id";"data_inversa";"dia_semana";"horario";"uf";"br";"km";"municipio";"causa_acidente";"tipo_acidente";"classificacao_acidente";"fase_dia";"sentido_via";"condicao_metereologica";"tipo_pista";"tracado_via";"uso_solo";"pessoas";"mortos";"feridos_leves";"feridos_graves";"ilesos";"ignorados";"feridos";"veiculos";"latitude";"longitude";"regional";"delegacia";"uop"
108457;2018-02-03;"sábado";"19:00:00";"BA";324;621;"SALVADOR";"Falta de Atenção à Condução";"Colisão traseira";"Com Vítimas Feridas";"Plena Noite";"Decrescente";"Céu Claro";"Múltipla";"Curva";"Sim";4;0;2;1;1;0;3;2;-12,9144622;-38,46052766;"SPRF-BA";"DEL01-BA";"UOP01-DEL01-BA"
108459;2018-02-03;"sábado";"14:40:00";"PE";423;97;"GARANHUNS";"Desobediência às normas de trânsito pelo condutor";"Colisão lateral";"Sem Vítimas";"Pleno dia";"Crescente";"Céu Claro";"Simples";"Reta";"Sim";3;0;0;0;2;1;0;3;-8,87845715;-36,4970541;"SPRF-PE";"DEL03-PE";"UOP01-DEL03-PE"
108461;2018-02-03;"sábado";"17:45:00";"MG";40;216,9;"JOAO PINHEIRO";"Pista Escorregadia";"Saída de leito carroçável";"Com Vítimas Feridas";"Anoitecer";"Decrescente";"Chuva";"Simples";"Curva";"Não";2;0;0;2;0;0;2;1;-17,95655393;-45,67845965;"SPRF-MG";"DEL14-MG";"UOP02-DEL14-MG"
108462;2018-02-03;"sábado";"19:40:00";"MS";463;105,9;"PONTA PORA";"Falta de Atenção à Condução";"Colisão transversal";"Com Vítimas Feridas";"Plena Noite";"Decrescente";"Céu Claro";"Simples";"Reta";"Sim";2;0;0;1;1;0;1;2;-22,59712328;-55,66464946;"SPRF-MS";"DEL04-MS";"UOP03-DEL04-MS"
108463;2018-02-03;"sábado";"18:10:00";"RR";401;1;"BOA VISTA";"Falta de Atenção à Condução";"Colisão transversal";"Com Vítimas Feridas";"Anoitecer";"Crescente";"Céu Claro";"Simples";"Ponte";"Não";3;0;1;2;0;0;3;2;2,798041;-60,674471;"SPRF-RR";"DEL01-RR";"UOP01-DEL01-RR"
108464;2018-02-03;"sábado";"20:15:00";"MG";50;199,2;"DELTA";"Falta de Atenção à Condução";"Colisão traseira";"Com Vítimas Feridas";"Plena Noite";"Decrescente";"Nublado";"Dupla";"Reta";"Não";2;0;2;0;0;0;2;2;-19,9296;-47,8197;"SPRF-MG";"DEL13-MG";"UOP01-DEL13-MG"
108467;2018-02-03;"sábado";"19:25:00";"CE";222;303;"TIANGUA";"Ingestão de Álcool";"Colisão frontal";"Com Vítimas Feridas";"Plena Noite";"Decrescente";"Nublado";"Múltipla";"Declive;Curva";"Não";2;0;1;0;1;0;1;2;-3,704028;-40,987442;"SPRF-CE";"DEL04-CE";"UOP02-DEL04-CE"
108468;2018-02-03;"sábado";"18:20:00";"PR";153;360,7;"RIO AZUL";"Não guardar distância de segurança";"Colisão traseira";"Sem Vítimas";"Pleno dia";"Decrescente";"Céu Claro";"Simples";"Declive";"Não";2;0;0;0;2;0;0;2;-25,67834166;-50,75445414;"SPRF-PR";"DEL03-PR";"UOP02-DEL08-PR"
108469;2018-02-03;"sábado";"20:00:00";"PE";101;86,7;"JABOATAO DOS GUARARAPES";"Falta de Atenção à Condução";"Colisão traseira";"Sem Vítimas";"Plena Noite";"Crescente";"Nublado";"Dupla";"Reta";"Não";2;0;0;0;0;2;0;2;-8,1867902;-34,97011018;"SPRF-PE";"DEL01-PE";"UOP03-DEL01-PE"
108470;2018-02-03;"sábado";"19:40:00";"CE";20;426,7;"FORTALEZA";"Falta de Atenção à Condução";"Colisão transversal";"Com Vítimas Feridas";"Plena Noite";"Decrescente";"Céu Claro";"Dupla";"Reta";"Sim";3;0;1;0;2;0;1;2;-3,864562;-38,519339;"SPRF-CE";"DEL01-CE";"UOP02-DEL01-CE"
108472;2018-02-03;"sábado";"21:08:00";"GO";153;507,9;"APARECIDA DE GOIANIA";"Objeto estático sobre o leito carroçável";"Queda de ocupante de veículo";"Com Vítimas Feridas";"Plena Noite";"Crescente";"Chuva";"Múltipla";"Reta";"Não";1;0;1;0;0;0;1;1;-16,7752263;-49,23722506;"SPRF-GO";"DEL01-GO";"UOP03-DEL01-GO"
108473;2018-02-03;"sábado";"20:00:00";"MT";158;719,9;"BARRA DO GARCAS";"Pista Escorregadia";"Saída de leito carroçável";"Sem Vítimas";"Plena Noite";"Decrescente";"Chuva";"Simples";"Reta";"Não";1;0;0;0;1;0;0;1;-15,893;-52,2599;"SPRF-MT";"DEL07-MT";"UOP01-DEL07-MT"
108474;2018-02-03;"sábado";"19:30:00";"BA";101;437,5;"UBAITABA";"Ultrapassagem Indevida";"Colisão frontal";"Com Vítimas Feridas";"Plena Noite";"Crescente";"Nublado";"Simples";"Aclive";"Não";4;0;4;0;0;0;4;2;-14,312957;-39,32366;"SPRF-BA";"DEL05-BA";"UOP01-DEL05-BA"
108476;2018-02-03;"sábado";"20:50:00";"RS";386;3;"IRAI";"Defeito na Via";"Queda de ocupante de veículo";"Com Vítimas Feridas";"Plena Noite";"Decrescente";"Céu Claro";"Simples";"Reta";"Não";1;0;1;0;0;0;1;1;-27,18732665;-53,25932622;"SPRF-RS";"DEL08-RS";"UOP02-DEL08-RS"
108477;2018-02-03;"sábado";"20:30:00";"MG";40;564;"NOVA LIMA";"Falta de Atenção à Condução";"Colisão traseira";"Com Vítimas Feridas";"Plena Noite";"Crescente";"Nublado";"Simples";"Reta";"Sim";5;0;2;0;2;1;2;3;-20,1693;-43,9655;"SPRF-MG";"DEL01-MG";"UOP02-DEL01-MG"
108480;2018-02-03;"sábado";"20:20:00";"PE";232;57;"POMBOS";"Falta de Atenção do Pedestre";"Atropelamento de Pedestre";"Com Vítimas Fatais";"Plena Noite";"Crescente";"Nublado";"Dupla";"Reta";"Não";2;1;1;0;0;0;1;2;-8,14118;-35,380166;"SPRF-PE";"DEL01-PE";"UOP02-DEL02PE"
108481;2018-02-03;"sábado";"21:00:00";"PR";116;122,6;"CURITIBA";"Falta de Atenção à Condução";"Colisão traseira";"Com Vítimas Feridas";"Plena Noite";"Decrescente";"Céu Claro";"Dupla";"Reta";"Sim";3;0;1;0;2;0;1;2;-25,60756808;-49,31895143;"SPRF-PR";"DEL01-PR";"UOP03-DEL01-PR"
108483;2018-02-03;"sábado";"16:35:00";"SC";282;515;"XAXIM";"Velocidade Incompatível";"Colisão traseira";"Com Vítimas Feridas";"Pleno dia";"Crescente";"Céu Claro";"Simples";"Reta";"Não";3;0;1;0;0;2;1;3;-26,91998959;-52,49477863;"SPRF-SC";"DEL07-SC";"UOP01-DEL07-SC"
108484;2018-02-03;"sábado";"18:10:00";"MG";381;375;"SAO GONCALO DO RIO ABAIXO";"Falta de Atenção à Condução";"Capotamento";"Sem Vítimas";"Pleno dia";"Crescente";"Chuva";"Simples";"Curva";"Não";1;0;0;0;1;0;0;1;-19,8281;-43,382;"SPRF-MG";"DEL01-MG";"UOP01-DEL01-MG"
108485;2018-02-03;"sábado";"19:00:00";"BA";101;677;"ITAGIMIRIM";"Falta de Atenção à Condução";"Colisão frontal";"Com Vítimas Feridas";"Plena Noite";"Crescente";"Garoa/Chuvisco";"Simples";"Reta";"Não";2;0;0;1;1;0;1;2;-16,087132;-39,614777;"SPRF-BA";"DEL09-BA";"UOP01-DEL09-BA"
108487;2018-02-03;"sábado";"12:25:00";"MG";381;197,5;"PERIQUITO";"Velocidade Incompatível";"Saída de leito carroçável";"Com Vítimas Fatais";"Pleno dia";"Decrescente";"Chuva";"Simples";"Reta";"Não";4;2;0;2;0;0;2;1;-19,12801816;-42,2135067;"SPRF-MG";"DEL06-MG";"UOP01-DEL06-MG"
108488;2018-02-03;"sábado";"22:15:00";"MG";262;369;"JUATUBA";"Velocidade Incompatível";"Saída de leito carroçável";"Sem Vítimas";"Plena Noite";"Decrescente";"Nublado";"Dupla";"Reta";"Sim";1;0;0;0;0;1;0;1;-19,9566;-44,3527;"SPRF-MG";"DEL01-MG";"UOP03-DEL01-MG"
108490;2018-02-03;"sábado";"20:20:00";"MT";163;855;"SINOP";"Falta de Atenção do Pedestre";"Atropelamento de Pedestre";"Com Vítimas Fatais";"Plena Noite";"Decrescente";"Chuva";"Simples";"Reta";"Sim";3;1;0;0;1;1;0;2;-11,69568054;-55,45218766;"SPRF-MT";"DEL06-MT";"UOP02-DEL06-MT"
108491;2018-02-03;"sábado";"22:00:00";"GO";452;52;"RIO VERDE";"Animais na Pista";"Saída de leito carroçável";"Com Vítimas Feridas";"Plena Noite";"Crescente";"Nublado";"Simples";"Reta";"Não";4;0;3;1;0;0;4;1;-17,973143;-50,459625;"SPRF-GO";"DEL04-GO";"UOP01-DEL04-GO"
108492;2018-02-03;"sábado";"20:00:00";"BA";101;219;"CRUZ DAS ALMAS";"Pista Escorregadia";"Colisão transversal";"Sem Vítimas";"Plena Noite";"Decrescente";"Chuva";"Simples";"Curva";"Não";3;0;0;0;3;0;0;2;-12,6530013;-39,1196683;"SPRF-BA";"DEL01-BA";"UOP03-DEL01-BA"
108494;2018-02-03;"sábado";"22:10:00";"GO";153;503;"APARECIDA DE GOIANIA";"Ingestão de Álcool";"Colisão com objeto estático";"Sem Vítimas";"Plena Noite";"Decrescente";"Chuva";"Dupla";"Reta";"Sim";1;0;0;0;1;0;0;1;-16,7366;-49,243;"SPRF-GO";"DEL01-GO";"UOP01-DEL01-GO"
108495;2018-02-03;"sábado";"21:30:00";"CE";116;5,6;"FORTALEZA";"Falta de Atenção à Condução";"Colisão com objeto estático";"Sem Vítimas";"Plena Noite";"Decrescente";"Céu Claro";"Dupla";"Reta";"Sim";2;0;0;0;2;0;0;2;-3,79887883;-38,50548054;"SPRF-CE";"DEL01-CE";"UOP02-DEL01-CE"
108497;2018-02-03;"sábado";"20:40:00";"MA";316;529;"CAXIAS";"Pista Escorregadia";"Capotamento";"Sem Vítimas";"Plena Noite";"Crescente";"Chuva";"Simples";"Reta";"Não";5;0;0;0;5;0;0;1;-4,818319;-43,536724;"SPRF-MA";"DEL03-MA";"UOP02-DEL03-MA"
108499;2018-02-03;"sábado";"19:43:00";"CE";402;257,9;"ITAPIPOCA";"Desobediência às normas de trânsito pelo condutor";"Colisão frontal";"Com Vítimas Feridas";"Plena Noite";"Crescente";"Nublado";"Simples";"Reta";"Sim";4;0;2;2;0;0;4;2;-3,4948382;-39,57893;"SPRF-CE";"DEL01-CE";"UOP03-DEL01-CE"
108500;2018-02-03;"sábado";"22:20:00";"SC";101;98;"BALNEARIO PICARRAS";"Falta de Atenção à Condução";"Colisão com objeto estático";"Sem Vítimas";"Plena Noite";"Decrescente";"Chuva";"Múltipla";"Reta";"Não";1;0;0;0;1;0;0;1;-26,7493;-48,6944;"SPRF-SC";"DEL03-SC";"UOP02-DEL03-SC"
108503;2018-02-03;"sábado";"21:00:00";"PI";407;423;"PICOS";"Falta de Atenção à Condução";"Colisão transversal";"Com Vítimas Feridas";"Plena Noite";"Decrescente";"Céu Claro";"Simples";"Reta";"Não";3;0;2;0;0;1;2;2;-7,09791163;-41,42081738;"SPRF-PI";"DEL04-PI";"UOP01-DEL04-PI"
108504;2018-02-03;"sábado";"21:40:00";"MS";267;358,6;"MARACAJU";"Ingestão de Álcool";"Saída de leito carroçável";"Com Vítimas Fatais";"Plena Noite";"Crescente";"Céu Claro";"Simples";"Rotatória";"Não";4;1;0;3;0;0;3;1;-21,64883255;-55,09513736;"SPRF-MS";"DEL02-MS";"UOP02-DEL02-MS"
108505;2018-02-03;"sábado";"21:40:00";"RJ";101;296;"ITABORAI";"Falta de Atenção à Condução";"Colisão com objeto estático";"Com Vítimas Feridas";"Plena Noite";"Decrescente";"Nublado";"Dupla";"Reta";"Sim";2;0;1;0;1;0;1;2;-22,767054;-42,910255;"SPRF-RJ";"DEL02-RJ";"DEL5/2-UOP04/RJ"
108506;2018-02-03;"sábado";"21:10:00";"RS";116;37,9;"VACARIA";"Falta de Atenção do Pedestre";"Atropelamento de Pedestre";"Com Vítimas Fatais";"Plena Noite";"Decrescente";"Céu Claro";"Simples";"Reta";"Sim";4;1;0;0;2;1;0;2;-28,50477469;-50,92443109;"SPRF-RS";"DEL05-RS";"UOP03-DEL05-RS"
108507;2018-02-03;"sábado";"23:35:00";"RS";386;32;"FREDERICO WESTPHALEN";"Ingestão de Álcool";"Saída de leito carroçável";"Com Vítimas Feridas";"Plena Noite";"Crescente";"Céu Claro";"Dupla";"Reta";"Sim";1;0;1;0;0;0;1;1;-27,341396;-53,387527;"SPRF-RS";"DEL08-RS";"UOP02-DEL08-RS"
108508;2018-02-03;"sábado";"20:35:00";"RR";432;197;"CANTA";"Não guardar distância de segurança";"Colisão traseira";"Com Vítimas Fatais";"Plena Noite";"Crescente";"Céu Claro";"Simples";"Curva";"Não";3;1;1;0;0;1;1;3;2,64176;-60,592021;"SPRF-RR";"DEL01-RR";"UOP01-DEL01-RR"
108510;2018-02-03;"sábado";"22:15:00";"MT";364;259;"JUSCIMEIRA";"Desobediência às normas de trânsito pelo condutor";"Colisão lateral";"Com Vítimas Feridas";"Plena Noite";"Crescente";"Nublado";"Simples";"Reta";"Sim";2;0;2;0;0;0;2;2;-16,048325;-54,887131;"SPRF-MT";"DEL02-MT";"UOP02-DEL05-MT"
108511;2018-02-03;"sábado";"23:30:00";"PR";272;425,5;"GOIOERE";"Falta de Atenção à Condução";"Colisão frontal";"Com Vítimas Fatais";"Plena Noite";"Crescente";"Céu Claro";"Simples";"Reta";"Não";4;1;0;1;2;0;1;2;-24,17353642;-52,92303085;"SPRF-PR";"DEL04-PR";"UOP03-DEL09-PR"
108513;2018-02-03;"sábado";"22:40:00";"MG";40;765,7;"JUIZ DE FORA";"Velocidade Incompatível";"Saída de leito carroçável";"Sem Vítimas";"Plena Noite";"Decrescente";"Chuva";"Simples";"Ponte";"Não";1;0;0;0;1;0;0;1;-21,58318299;-43,46429626;"SPRF-MG";"DEL05-MG";"UOP01-DEL05-MG"
108514;2018-02-03;"sábado";"23:50:00";"PR";116;38;"CAMPINA GRANDE DO SUL";"Velocidade Incompatível";"Capotamento";"Sem Vítimas";"Plena Noite";"Crescente";"Garoa/Chuvisco";"Dupla";"Curva";"Não";1;0;0;0;1;0;0;1;-25,148083;-48,859238;"SPRF-PR";"DEL01-PR";"UOP02-DEL01-PR"
108515;2018-02-04;"domingo";"00:05:00";"PR";116;134;"FAZENDA RIO GRANDE";"Desobediência às normas de trânsito pelo condutor";"Colisão transversal";"Com Vítimas Feridas";"Plena Noite";"Decrescente";"Garoa/Chuvisco";"Dupla";"Curva;Declive;Retorno Regulamentado";"Não";2;0;0;1;0;1;1;2;-25,657978;-49,30848;"SPRF-PR";"DEL01-PR";"UOP03-DEL01-PR"
108516;2018-02-03;"sábado";"11:00:00";"PR";277;124,1;"BALSA NOVA";"Falta de Atenção à Condução";"Capotamento";"Sem Vítimas";"Plena Noite";"Decrescente";"Céu Claro";"Dupla";"Aclive";"Não";1;0;0;0;1;0;0;1;-25,4668855;-49,59367986;"SPRF-PR";"DEL01-PR";"UOP06-DEL01-PR"
108517;2018-02-03;"sábado";"23:00:00";"PI";230;306;"FLORIANO";"Ingestão de Álcool";"Colisão com objeto estático";"Com Vítimas Feridas";"Plena Noite";"Crescente";"Nublado";"Simples";"Curva";"Sim";1;0;1;0;0;0;1;1;-6,7673564;-43,022846;"SPRF-PI";"DEL03-PI";"UOP01-DEL03-PI"
108518;2018-02-04;"domingo";"00:10:00";"RS";116;542,2;"CAPAO DO LEAO";"Falta de Atenção do Pedestre";"Atropelamento de Pedestre";"Com Vítimas Fatais";"Plena Noite";"Decrescente";"Céu Claro";"Simples";"Reta";"Não";2;1;0;0;1;0;0;2;-31,82435404;-52,53901178;"SPRF-RS";"DEL07-RS";"UOP03-DEL07-RS"
108519;2018-02-04;"domingo";"00:05:00";"ES";101;0,2;"SERRA";"Falta de Atenção à Condução";"Colisão traseira";"Com Vítimas Feridas";"Plena Noite";"Decrescente";"Céu Claro";"Dupla";"Interseção de Vias";"Sim";2;0;2;0;0;0;2;2;-20,23608152;-40,27685967;"SPRF-ES";"DEL02-ES";"UOP01-DEL02-ES"
108521;2018-02-03;"sábado";"22:45:00";"BA";116;424,9;"FEIRA DE SANTANA";"Ingestão de Álcool";"Colisão lateral";"Sem Vítimas";"Plena Noite";"Crescente";"Nublado";"Simples";"Reta";"Sim";2;0;0;0;1;1;0;2;-12,23886203;-38,98146898;"SPRF-BA";"DEL02-BA";"UOP01-DEL02-BA"
108522;2018-02-04;"domingo";"00:05:00";"MG";262;657,5;"IBIA";"Velocidade Incompatível";"Tombamento";"Com Vítimas Feridas";"Plena Noite";"Decrescente";"Chuva";"Simples";"Reta";"Não";1;0;1;0;0;0;1;1;-19,54650319;-46,79016116;"SPRF-MG";"DEL08-MG";"UOP01-DEL08-MG"
108523;2018-02-03;"sábado";"23:20:00";"MS";262;772,1;"CORUMBA";"Falta de Atenção à Condução";"Colisão traseira";"Com Vítimas Feridas";"Plena Noite";"Decrescente";"Céu Claro";"Simples";"Reta";"Sim";2;0;0;1;0;1;1;2;-19,032003;-57,652053;"SPRF-MS";"DEL03-MS";"UOP03-DEL03-MS"
108524;2018-02-03;"sábado";"23:10:00";"PB";230;18,5;"JOAO PESSOA";"Velocidade Incompatível";"Colisão com objeto estático";"Sem Vítimas";"Plena Noite";"Decrescente";"Céu Claro";"Dupla";"Curva";"Sim";1;0;0;0;0;1;0;1;-7,126214;-34,845444;"SPRF-PB";"DEL01-PB";"UOP01-DEL01-PB"
108525;2018-02-04;"domingo";"00:30:00";"GO";60;313,2;"ACREUNA";"Falta de Atenção à Condução";"Colisão lateral";"Sem Vítimas";"Plena Noite";"Crescente";"Céu Claro";"Dupla";"Reta";"Não";2;0;0;0;2;0;0;2;-17,43518612;-50,42733192;"SPRF-GO";"DEL04-GO";"UOP01-DEL04-GO"
108526;2018-02-04;"domingo";"01:30:00";"ES";101;210,4;"IBIRACU";"Avarias e/ou desgaste excessivo no pneu";"Saída de leito carroçável";"Com Vítimas Feridas";"Plena Noite";"Crescente";"Chuva";"Simples";"Curva";"Não";1;0;0;1;0;0;1;1;-19,79697157;-40,37072986;"SPRF-ES";"DEL02-ES";"UOP01-DEL02-ES"
108527;2018-02-04;"domingo";"01:15:00";"RS";290;709;"URUGUAIANA";"Animais na Pista";"Atropelamento de Animal";"Sem Vítimas";"Plena Noite";"Crescente";"Céu Claro";"Simples";"Reta";"Não";2;0;0;0;2;0;0;1;-29,853085;-56,914658;"SPRF-RS";"DEL13-RS";"UOP01-DEL13-RS"
108528;2018-02-04;"domingo";"00:40:00";"SC";101;92;"BARRA VELHA";"Restrição de Visibilidade";"Atropelamento de Pedestre";"Com Vítimas Fatais";"Plena Noite";"Decrescente";"Chuva";"Múltipla";"Reta";"Não";2;1;0;0;1;0;0;2;-26,6954;-48,6985;"SPRF-SC";"DEL03-SC";"UOP02-DEL03-SC"
108529;2018-02-04;"domingo";"00:15:00";"PI";343;5,2;"TERESINA";"Ingestão de Álcool";"Tombamento";"Com Vítimas Feridas";"Plena Noite";"Crescente";"Céu Claro";"Múltipla";"Ponte";"Sim";2;0;1;1;0;0;2;1;-5,08229267;-42,79465556;"SPRF-PI";"DEL05-PI";"UOP01-DEL05-PI"
108530;2018-02-04;"domingo";"00:40:00";"RS";285;660,9;"SAO BORJA";"Condutor Dormindo";"Colisão frontal";"Sem Vítimas";"Plena Noite";"Decrescente";"Céu Claro";"Simples";"Reta";"Não";2;0;0;0;2;0;0;2;-28,6477643;-55,8628722;"SPRF-RS";"DEL12-RS";"UOP01-DEL12-RS"
108531;2018-02-04;"domingo";"01:30:00";"SP";116;206;"GUARULHOS";"Velocidade Incompatível";"Colisão com objeto estático";"Com Vítimas Feridas";"Plena Noite";"Decrescente";"Céu Claro";"Dupla";"Reta";"Sim";2;0;1;0;1;0;1;1;-23,42292846;-46,39251709;"SPRF-SP";"DEL01-SP";"UOP01-DEL01-SP"
108533;2018-02-03;"sábado";"23:30:00";"MG";381;447,5;"SABARA";"Desobediência às normas de trânsito pelo condutor";"Colisão frontal";"Com Vítimas Feridas";"Plena Noite";"Crescente";"Nublado";"Simples";"Curva";"Não";5;0;1;2;1;1;3;3;-19,8893;-43,805;"SPRF-MG";"DEL01-MG";"UOP01-DEL01-MG"
108534;2018-02-04;"domingo";"02:05:00";"PR";277;78,8;"CURITIBA";"Restrição de Visibilidade";"Colisão transversal";"Com Vítimas Feridas";"Plena Noite";"Crescente";"Chuva";"Dupla";"Reta";"Sim";2;0;1;0;1;0;1;2;-25,48530462;-49,18666005;"SPRF-PR";"DEL01-PR";"UOP07-DEL01-PR"
108535;2018-02-04;"domingo";"02:00:00";"SC";470;149,2;"AGRONOMICA";"Ingestão de Álcool";"Colisão traseira";"Com Vítimas Feridas";"Plena Noite";"Crescente";"Céu Claro";"Simples";"Reta";"Não";2;0;1;0;1;0;1;2;-27,24522499;-49,69303429;"SPRF-SC";"DEL04-SC";"UOP02-DEL04-SC"
108536;2018-02-04;"domingo";"02:40:00";"GO";153;699,2;"ITUMBIARA";"Condutor Dormindo";"Saída de leito carroçável";"Sem Vítimas";"Plena Noite";"Crescente";"Céu Claro";"Dupla";"Reta";"Sim";4;0;0;0;4;0;0;1;-18,38450096;-49,20819966;"SPRF-GO";"DEL03-GO";"UOP02-DEL03-GO"
108537;2018-02-04;"domingo";"02:50:00";"SP";116;214;"GUARULHOS";"Falta de Atenção à Condução";"Capotamento";"Sem Vítimas";"Plena Noite";"Decrescente";"Céu Claro";"Múltipla";"Reta";"Não";1;0;0;0;0;1;0;1;-23,463257;-46,53373;"SPRF-SP";"DEL01-SP";"UOP01-DEL01-SP"
108539;2018-02-04;"domingo";"02:00:00";"CE";222;63,2;"SAO GONCALO DO AMARANTE";"Ingestão de Álcool";"Atropelamento de Pedestre";"Com Vítimas Feridas";"Plena Noite";"Crescente";"Céu Claro";"Múltipla";"Reta";"Sim";2;0;1;0;1;0;1;2;-3,668937;-39,086467;"SPRF-CE";"DEL01-CE";"UOP03-DEL01-CE"
108540;2018-02-04;"domingo";"02:50:00";"RS";386;444;"CANOAS";"Animais na Pista";"Atropelamento de Animal";"Sem Vítimas";"Plena Noite";"Crescente";"Ignorado";"Dupla";"Reta";"Sim";1;0;0;0;1;0;0;1;-29,8406439;-51,10839844;"SPRF-RS";"DEL01-RS";"UOP01-DEL01-RS"
108542;2018-02-04;"domingo";"02:00:00";"MG";381;941;"EXTREMA";"Velocidade Incompatível";"Colisão com objeto estático";"Com Vítimas Fatais";"Plena Noite";"Crescente";"Nublado";"Dupla";"Curva";"Não";3;1;0;0;0;2;0;3;-22,8354;-46,3196;"SPRF-MG";"DEL16-MG";"UOP03-DEL16-MG"
108543;2018-02-04;"domingo";"03:50:00";"PR";376;377;"IMBAU";"Ingestão de Álcool";"Colisão traseira";"Sem Vítimas";"Plena Noite";"Crescente";"Céu Claro";"Simples";"Aclive";"Não";2;0;0;0;1;1;0;2;-24,37999493;-50,79138547;"SPRF-PR";"DEL03-PR";"UOP02-DEL03-PR"
108544;2018-02-04;"domingo";"00:40:00";"RO";319;62;"PORTO VELHO";"Falta de Atenção à Condução";"Colisão lateral";"Com Vítimas Feridas";"Plena Noite";"Decrescente";"Garoa/Chuvisco";"Dupla";"Reta";"Sim";4;0;1;1;0;2;2;3;-8,746046;-63,888527;"SPRF-RO";"DEL01-RO";"UOP01-DEL01-RO"
108545;2018-02-04;"domingo";"03:20:00";"SC";101;199;"SAO JOSE";"Ingestão de Álcool";"Colisão com objeto estático";"Sem Vítimas";"Plena Noite";"Decrescente";"Nublado";"Múltipla";"Reta";"Sim";3;0;0;0;3;0;0;2;-27,5402;-48,6226;"SPRF-SC";"DEL01-SC";"UOP01-DEL01-SC"
108546;2018-02-04;"domingo";"04:25:00";"PR";376;2;"SAO JOSE DOS PINHAIS";"Desobediência às normas de trânsito pelo condutor";"Colisão transversal";"Com Vítimas Feridas";"Plena Noite";"Crescente";"Garoa/Chuvisco";"Dupla";"Interseção de Vias";"Sim";3;0;1;0;2;0;1;2;-25,53979221;-49,19164355;"SPRF-PR";"DEL01-PR";"DEL7/1-UOP08/PR"
108548;2018-02-04;"domingo";"01:30:00";"PA";230;115;"MARABA";"Falta de Atenção à Condução";"Colisão transversal";"Com Vítimas Feridas";"Plena Noite";"Crescente";"Garoa/Chuvisco";"Dupla";"Interseção de Vias";"Sim";2;0;0;1;1;0;1;2;-5,35032266;-49,1023108;"SPRF-PA";"DEL03-PA";"UOP01-DEL03-PA"
108549;2018-02-04;"domingo";"04:00:00";"SC";282;585;"PINHALZINHO";"Ingestão de Álcool";"Saída de leito carroçável";"Sem Vítimas";"Plena Noite";"Decrescente";"Céu Claro";"Simples";"Curva";"Não";1;0;0;0;1;0;0;1;-26,830591;-53,025528;"SPRF-SC";"DEL07-SC";"UOP02-DEL07-SC"
108550;2018-02-04;"domingo";"03:39:00";"CE";20;309;"CANINDE";"Falta de Atenção à Condução";"Colisão traseira";"Com Vítimas Feridas";"Plena Noite";"Decrescente";"Nublado";"Simples";"Interseção de Vias";"Sim";3;0;0;2;1;0;2;2;-4,342279;-39,293922;"SPRF-CE";"DEL02-CE";"UOP01-DEL02-CE"
108551;2018-02-04;"domingo";"04:30:00";"SC";101;206;"SAO JOSE";"Velocidade Incompatível";"Tombamento";"Com Vítimas Feridas";"Plena Noite";"Decrescente";"Céu Claro";"Dupla";"Curva";"Sim";1;0;1;0;0;0;1;1;-27,58475246;-48,61750603;"SPRF-SC";"DEL01-SC";"UOP01-DEL01-SC"
108552;2018-02-04;"domingo";"03:00:00";"PR";476;132,8;"CURITIBA";"Não guardar distância de segurança";"Colisão traseira";"Sem Vítimas";"Plena Noite";"Decrescente";"Chuva";"Múltipla";"Reta";"Sim";3;0;0;0;3;0;0;2;-25,46759811;-49,25321387;"SPRF-PR";"DEL01-PR";"UOP07-DEL01-PR"
108553;2018-02-04;"domingo";"03:30:00";"PR";476;132,9;"CURITIBA";"Desobediência às normas de trânsito pelo condutor";"Colisão transversal";"Sem Vítimas";"Plena Noite";"Crescente";"Chuva";"Múltipla";"Reta";"Sim";2;0;0;0;2;0;0;2;-25,46841945;-49,25365492;"SPRF-PR";"DEL01-PR";"UOP07-DEL01-PR"
108554;2018-02-03;"sábado";"15:30:00";"BA";116;305;"TUCANO";"Avarias e/ou desgaste excessivo no pneu";"Capotamento";"Com Vítimas Feridas";"Pleno dia";"Crescente";"Céu Claro";"Simples";"Reta";"Não";3;0;2;0;1;0;2;1;-11,21073377;-38,88010025;"SPRF-BA";"DEL02-BA";"DEL10/2-UOP02/BA"
108556;2018-02-04;"domingo";"05:00:00";"RJ";116;304;"RESENDE";"Falta de Atenção à Condução";"Tombamento";"Com Vítimas Feridas";"Plena Noite";"Crescente";"Chuva";"Dupla";"Retorno Regulamentado";"Sim";1;0;1;0;0;0;1;1;-22,46116748;-44,44553375;"SPRF-RJ";"DEL07-RJ";"DEL5/7-UOP03/RJ"
108558;2018-02-04;"domingo";"04:20:00";"MT";163;747;"SORRISO";"Ingestão de Álcool";"Colisão com objeto estático";"Com Vítimas Feridas";"Plena Noite";"Crescente";"Nublado";"Dupla";"Reta";"Não";1;0;1;0;0;0;1;1;-12,545702;-55,71182;"SPRF-MT";"DEL06-MT";"UOP01-DEL06-MT"
108559;2018-02-04;"domingo";"05:00:00";"RS";470;231;"CARLOS BARBOSA";"Ingestão de Álcool";"Colisão transversal";"Com Vítimas Feridas";"Amanhecer";"Decrescente";"Céu Claro";"Simples";"Reta";"Sim";5;0;2;0;2;1;2;2;-29,28705732;-51,49018974;"SPRF-RS";"DEL06-RS";"UOP01-DEL06-RS"