"id";"data_inversa";"dia_semana";"horario";"uf";"br";"km";"municipio";"causa_acidente";"tipo_acidente";"classificacao_acidente";"fase_dia";"sentido_via";"condicao_metereologica";"tipo_pista";"tracado_via";"uso_solo";"pessoas";"mortos";"feridos_leves";"feridos_graves";"ilesos";"ignorados";"feridos";"veiculos";"latitude";"longitude";"regional";"delegacia";"uop"
108684;2018-02-04;"domingo";"17:36:00";"MG";381;561,3;"ITAGUARA";"Velocidade Incompatível";"Saída de leito carroçável";"Sem Vítimas";"Pleno dia";"Crescente";"Chuva";"Dupla";"Curva";"Não";1;0;0;0;1;0;0;1;-20,37636137;-44,47417168;"SPRF-MG";"DEL04-MG";"UOP03-DEL04-MG"
108685;2018-02-04;"domingo";"16:40:00";"BA";101;191;"CONCEICAO DA FEIRA";"Mal Súbito";"Queda de ocupante de veículo";"Com Vítimas Feridas";"Pleno dia";"Crescente";"Céu Claro";"Simples";"Reta;Aclive";"Não";1;0;1;0;0;0;1;1;-12,5721937;-38,9803386;"SPRF-BA";"DEL01-BA";"UOP03-DEL01-BA"
108686;2018-02-04;"domingo";"15:10:00";"MG";50;175,7;"UBERABA";"Animais na Pista";"Atropelamento de Animal";"Com Vítimas Feridas";"Pleno dia";"Decrescente";"Chuva";"Dupla";"Declive";"Sim";2;0;1;1;0;0;2;1;-19,77876023;-47,96907652;"SPRF-MG";"DEL13-MG";"UOP01-DEL13-MG"
108687;2018-02-04;"domingo";"16:28:00";"ES";262;1,5;"CARIACICA";"Falta de Atenção à Condução";"Colisão lateral";"Com Vítimas Feridas";"Pleno dia";"Crescente";"Chuva";"Simples";"Reta";"Sim";3;0;2;0;1;0;2;2;-20,33059908;-40,35789867;"SPRF-ES";"DEL01-ES";"UOP01-DEL01-ES"
108688;2018-02-04;"domingo";"16:25:00";"SE";101;77;"ARACAJU";"Falta de Atenção à Condução";"Colisão traseira";"Sem Vítimas";"Pleno dia";"Crescente";"Céu Claro";"Simples";"Reta;Em Obras";"Sim";2;0;0;0;2;0;0;2;-10,9472468;-37,0730823;"SPRF-SE";"DEL01-SE";"UOP01-DEL01-SE"
108689;2018-02-04;"domingo";"16:00:00";"RS";116;229;"DOIS IRMAOS";"Falta de Atenção à Condução";"Colisão transversal";"Com Vítimas Feridas";"Pleno dia";"Decrescente";"Sol";"Simples";"Reta";"Não";3;0;2;0;1;0;2;2;-29,618446;-51,121532;"SPRF-RS";"DEL05-RS";"UOP02-DEL05-RS"
108690;2018-02-04;"domingo";"16:45:00";"RN";101;112,4;"SAO JOSE DE MIPIBU";"Não guardar distância de segurança";"Colisão traseira";"Com Vítimas Feridas";"Pleno dia";"Decrescente";"Céu Claro";"Dupla";"Reta";"Não";3;0;0;1;2;0;1;2;-5,96821327;-35,26453614;"SPRF-RN";"DEL01-RN";"UOP01-DEL01-RN"
108691;2018-02-04;"domingo";"16:30:00";"PR";116;77;"PIRAQUARA";"Ingestão de Álcool";"Colisão com objeto estático";"Sem Vítimas";"Pleno dia";"Decrescente";"Céu Claro";"Dupla";"Curva";"Não";1;0;0;0;1;0;0;1;-25,383593;-49,053005;"SPRF-PR";"DEL01-PR";"UOP07-DEL01-PR"
108692;2018-02-04;"domingo";"17:50:00";"MG";40;727,3;"OLIVEIRA FORTES";"Pista Escorregadia";"Saída de leito carroçável";"Sem Vítimas";"Pleno dia";"Decrescente";"Chuva";"Dupla";"Curva";"Não";1;0;0;0;1;0;0;1;-21,33323209;-43,58640053;"SPRF-MG";"DEL05-MG";"UOP01-DEL05-MG"
108693;2018-02-04;"domingo";"17:30:00";"MG";40;300;"TRES MARIAS";"Velocidade Incompatível";"Saída de leito carroçável";"Com Vítimas Feridas";"Pleno dia";"Decrescente";"Nublado";"Simples";"Curva";"Não";2;0;2;0;0;0;2;1;-18,350143;-45,093292;"SPRF-MG";"DEL14-MG";"UOP02-DEL14-MG"
108694;2018-02-04;"domingo";"18:20:00";"MG";262;364,2;"JUATUBA";"Falta de Atenção à Condução";"Saída de leito carroçável";"Sem Vítimas";"Anoitecer";"Crescente";"Nublado";"Dupla";"Reta";"Não";1;0;0;0;1;0;0;1;-19,97311687;-44,30130601;"SPRF-MG";"DEL01-MG";"UOP03-DEL01-MG"
108695;2018-01-24;"quarta-feira";"20:00:00";"BA";101;859;"TEIXEIRA DE FREITAS";"Defeito Mecânico no Veículo";"Incêndio";"Sem Vítimas";"Plena Noite";"Crescente";"Nublado";"Simples";"Reta";"Não";1;0;0;0;1;0;0;1;-17,38652;-39,6633;"SPRF-BA";"DEL09-BA";"UOP02-DEL09-BA"
108696;2018-02-04;"domingo";"18:35:00";"RS";392;20,4;"RIO GRANDE";"Falta de Atenção à Condução";"Colisão lateral";"Com Vítimas Feridas";"Pleno dia";"Decrescente";"Nublado";"Dupla";"Reta";"Sim";3;0;1;0;2;0;1;3;-32,08616444;-52,20103234;"SPRF-RS";"DEL07-RS";"UOP02-DEL07-RS"
108700;2018-02-04;"domingo";"19:00:00";"PR";277;31,7;"MORRETES";"Falta de Atenção à Condução";"Colisão traseira";"Com Vítimas Feridas";"Pleno dia";"Crescente";"Céu Claro";"Dupla";"Reta";"Não";2;0;0;1;1;0;1;2;-25,56102614;-48,80573273;"SPRF-PR";"DEL01-PR";"UOP05-DEL01-PR"
108701;2018-02-04;"domingo";"18:53:00";"PR";376;165;"MARINGA";"Defeito Mecânico no Veículo";"Queda de ocupante de veículo";"Com Vítimas Feridas";"Pleno dia";"Crescente";"Céu Claro";"Dupla";"Reta";"Não";1;0;1;0;0;0;1;1;-23,4273;-51,9375;"SPRF-PR";"DEL07-PR";"UOP01-DEL09-PR"
108702;2018-02-04;"domingo";"15:15:00";"MG";381;692,9;"LAVRAS";"Falta de Atenção à Condução";"Colisão transversal";"Com Vítimas Feridas";"Pleno dia";"Crescente";"Nublado";"Simples";"Retorno Regulamentado";"Não";2;0;0;1;1;0;1;2;-21,22469159;-45,13061285;"SPRF-MG";"DEL04-MG";"UOP02-DEL04-MG"
108703;2018-02-04;"domingo";"12:10:00";"MG";40;648,2;"CRISTIANO OTONI";"Falta de Atenção à Condução";"Colisão transversal";"Com Vítimas Feridas";"Pleno dia";"Decrescente";"Nublado";"Simples";"Reta";"Não";6;0;2;2;2;0;4;2;-20,82308125;-43,80993983;"SPRF-MG";"DEL05-MG";"UOP02-DEL05-MG"
108705;2018-02-04;"domingo";"19:25:00";"PR";116;51;"CAMPINA GRANDE DO SUL";"Velocidade Incompatível";"Saída de leito carroçável";"Sem Vítimas";"Anoitecer";"Crescente";"Chuva";"Dupla";"Curva";"Não";1;0;0;0;1;0;0;1;-25,242548;-48,902889;"SPRF-PR";"DEL01-PR";"UOP02-DEL01-PR"
108706;2018-02-04;"domingo";"15:20:00";"MG";381;671,3;"PERDOES";"Velocidade Incompatível";"Colisão com objeto estático";"Sem Vítimas";"Pleno dia";"Crescente";"Chuva";"Dupla";"Curva";"Não";3;0;0;0;3;0;0;1;-21,06804243;-45,05133024;"SPRF-MG";"DEL04-MG";"UOP02-DEL04-MG"
108707;2018-02-04;"domingo";"18:30:00";"RJ";101;319;"SAO GONCALO";"Falta de Atenção à Condução";"Engavetamento";"Com Vítimas Feridas";"Anoitecer";"Crescente";"Céu Claro";"Dupla";"Reta";"Sim";5;0;0;1;4;0;1;3;-22,854151;-43,101822;"SPRF-RJ";"DEL02-RJ";"DEL5/2-UOP04/RJ"
108708;2018-02-04;"domingo";"19:10:00";"PR";376;339;"ORTIGUEIRA";"Ingestão de Álcool";"Capotamento";"Com Vítimas Feridas";"Anoitecer";"Decrescente";"Céu Claro";"Simples";"Curva";"Não";1;0;0;1;0;0;1;1;-24,18801052;-50,9610055;"SPRF-PR";"DEL07-PR";"UOP02-DEL07-PR"
108709;2018-02-04;"domingo";"18:30:00";"PE";232;143;"SAO CAITANO";"Falta de Atenção à Condução";"Capotamento";"Sem Vítimas";"Plena Noite";"Decrescente";"Céu Claro";"Dupla";"Reta";"Não";1;0;0;0;1;0;0;1;-8,323334;-36,101389;"SPRF-PE";"DEL02-PE";"UOP03-DEL02-PE"
108710;2018-02-04;"domingo";"16:30:00";"RS";158;120;"PALMEIRA DAS MISSOES";"Não guardar distância de segurança";"Colisão traseira";"Sem Vítimas";"Pleno dia";"Decrescente";"Céu Claro";"Simples";"Reta";"Não";3;0;0;0;3;0;0;3;-28,058661;-53,375942;"SPRF-RS";"DEL08-RS";"UOP02-DEL08-RS"
108711;2018-02-04;"domingo";"18:00:00";"RS";101;302;"GUAIBA";"Falta de Atenção à Condução";"Colisão lateral";"Com Vítimas Feridas";"Pleno dia";"Decrescente";"Sol";"Simples";"Reta";"Sim";3;0;1;0;2;0;1;2;-30,1141;-51,3281;"SPRF-RS";"DEL03-RS";"UOP01-DEL03-RS"
108712;2018-02-04;"domingo";"18:00:00";"CE";20;392,9;"CAUCAIA";"Falta de Atenção à Condução";"Colisão frontal";"Com Vítimas Feridas";"Plena Noite";"Crescente";"Nublado";"Simples";"Reta";"Não";5;0;0;2;3;0;2;2;-3,837638;-38,7650143;"SPRF-CE";"DEL01-CE";"UOP01-DEL01-CE"
108714;2018-02-04;"domingo";"18:20:00";"TO";153;200;"NOVA OLINDA";"Pista Escorregadia";"Saída de leito carroçável";"Com Vítimas Fatais";"Anoitecer";"Decrescente";"Chuva";"Simples";"Reta";"Sim";5;1;3;1;0;0;4;1;-7,648289;-48,427147;"SPRF-TO";"DEL02-TO";"UOP01-DEL02-TO"
108716;2018-02-04;"domingo";"18:30:00";"BA";116;349,8;"SERRINHA";"Falta de Atenção do Pedestre";"Atropelamento de Pedestre";"Com Vítimas Fatais";"Anoitecer";"Decrescente";"Nublado";"Simples";"Reta";"Não";2;1;0;0;0;1;0;2;-11,60247141;-38,98455871;"SPRF-BA";"DEL02-BA";"DEL10/2-UOP02/BA"
108717;2018-02-04;"domingo";"18:00:00";"TO";153;743,8;"ALVORADA";"Pista Escorregadia";"Saída de leito carroçável";"Com Vítimas Feridas";"Anoitecer";"Decrescente";"Chuva";"Simples";"Curva";"Não";2;0;0;1;1;0;1;1;-12,36633987;-49,14321899;"SPRF-TO";"DEL02-TO";"UOP02-DEL01-TO"
108718;2018-02-04;"domingo";"20:00:00";"SP";381;86;"SAO PAULO";"Falta de Atenção à Condução";"Colisão traseira";"Com Vítimas Feridas";"Plena Noite";"Crescente";"Céu Claro";"Múltipla";"Reta";"Sim";3;0;1;0;2;0;1;2;-23,46738688;-46,5714444;"SPRF-SP";"DEL03-SP";"DEL6/3-UOP03/SP"
108720;2018-02-04;"domingo";"19:20:00";"SC";280;29,3;"ARAQUARI";"Defeito na Via";"Tombamento";"Com Vítimas Feridas";"Pleno dia";"Crescente";"Céu Claro";"Simples";"Reta";"Não";2;0;2;0;0;0;2;1;-26,41228039;-48,75551942;"SPRF-SC";"DEL03-SC";"UOP03-DEL03-SC"
108721;2018-02-04;"domingo";"19:30:00";"PR";277;109;"CAMPO LARGO";"Desobediência às normas de trânsito pelo condutor";"Colisão transversal";"Com Vítimas Feridas";"Anoitecer";"Crescente";"Nublado";"Dupla";"Retorno Regulamentado;Curva";"Sim";3;0;2;0;1;0;2;2;-25,43786211;-49,44579358;"SPRF-PR";"DEL01-PR";"UOP06-DEL01-PR"
108722;2018-02-04;"domingo";"20:30:00";"SC";101;37;"JOINVILLE";"Não guardar distância de segurança";"Colisão traseira";"Com Vítimas Feridas";"Plena Noite";"Decrescente";"Céu Claro";"Múltipla";"Reta";"Sim";3;0;2;0;1;0;2;2;-26,293;-48,8845;"SPRF-SC";"DEL03-SC";"UOP01-DEL03-SC"
108723;2018-02-04;"domingo";"19:50:00";"BA";367;36;"PORTO SEGURO";"Falta de Atenção à Condução";"Colisão com objeto estático";"Sem Vítimas";"Plena Noite";"Decrescente";"Nublado";"Simples";"Reta";"Não";1;0;0;0;1;0;0;1;-16,40287;-39,177658;"SPRF-BA";"DEL09-BA";"UOP01-DEL09-BA"
108724;2018-02-04;"domingo";"08:00:00";"PB";361;85;"PIANCO";"Falta de Atenção à Condução";"Capotamento";"Com Vítimas Feridas";"Plena Noite";"Decrescente";"Céu Claro";"Simples";"Curva";"Não";1;0;0;1;0;0;1;1;-7,18912274;-37,91656494;"SPRF-PB";"DEL03-PB";"UOP01-DEL03-PB"
108725;2018-02-04;"domingo";"20:00:00";"SC";101;354,8;"JAGUARUNA";"Falta de Atenção à Condução";"Saída de leito carroçável";"Com Vítimas Feridas";"Anoitecer";"Decrescente";"Céu Claro";"Dupla";"Reta";"Não";2;0;2;0;0;0;2;1;-28,61674591;-49,06808842;"SPRF-SC";"DEL02-SC";"UOP01-DEL02-SC"
108728;2018-02-04;"domingo";"21:15:00";"RS";285;104,5;"VACARIA";"Ingestão de Álcool";"Colisão lateral";"Sem Vítimas";"Plena Noite";"Crescente";"Céu Claro";"Simples";"Reta";"Não";2;0;0;0;2;0;0;2;-28,54061484;-50,79217404;"SPRF-RS";"DEL05-RS";"UOP03-DEL05-RS"
108730;2018-02-04;"domingo";"20:00:00";"MT";364;230;"RONDONOPOLIS";"Falta de Atenção à Condução";"Queda de ocupante de veículo";"Com Vítimas Feridas";"Plena Noite";"Crescente";"Céu Claro";"Simples";"Declive";"Não";1;0;0;1;0;0;1;1;-16,265749;-54,774696;"SPRF-MT";"DEL02-MT";"UOP01-DEL02-MT"
108732;2018-02-04;"domingo";"21:00:00";"MG";381;943,3;"EXTREMA";"Animais na Pista";"Atropelamento de Animal";"Com Vítimas Feridas";"Plena Noite";"Crescente";"Nublado";"Dupla";"Reta";"Não";9;0;2;0;7;0;2;3;-22,83923988;-46,32857323;"SPRF-MG";"DEL16-MG";"UOP03-DEL16-MG"
108733;2018-02-04;"domingo";"21:20:00";"SC";280;57,8;"GUARAMIRIM";"Falta de Atenção à Condução";"Saída de leito carroçável";"Com Vítimas Feridas";"Plena Noite";"Crescente";"Céu Claro";"Simples";"Rotatória";"Sim";1;0;1;0;0;0;1;1;-26,47439538;-49,01957184;"SPRF-SC";"DEL03-SC";"UOP03-DEL03-SC"
108734;2018-02-04;"domingo";"20:30:00";"CE";20;391;"CAUCAIA";"Velocidade Incompatível";"Colisão traseira";"Com Vítimas Feridas";"Plena Noite";"Decrescente";"Nublado";"Simples";"Reta";"Não";3;0;2;1;0;0;3;2;-3,8375034;-38,7628313;"SPRF-CE";"DEL01-CE";"UOP01-DEL01-CE"
108737;2018-02-04;"domingo";"21:00:00";"MG";381;518,5;"IGARAPE";"Velocidade Incompatível";"Colisão com objeto estático";"Com Vítimas Feridas";"Plena Noite";"Crescente";"Chuva";"Dupla";"Curva";"Não";3;0;2;0;1;0;2;2;-20,11093862;-44,32214677;"SPRF-MG";"DEL01-MG";"UOP03-DEL01-MG"
108738;2018-02-04;"domingo";"20:00:00";"PR";158;517,6;"PATO BRANCO";"Velocidade Incompatível";"Saída de leito carroçável";"Com Vítimas Feridas";"Anoitecer";"Crescente";"Céu Claro";"Simples";"Curva";"Não";3;0;2;1;0;0;3;1;-26,18963949;-52,67146111;"SPRF-PR";"DEL02-PR";"UOP01-DEL02-PR"
108741;2018-02-04;"domingo";"21:00:00";"RN";427;101,2;"CAICO";"Animais na Pista";"Atropelamento de Animal";"Com Vítimas Feridas";"Plena Noite";"Crescente";"Céu Claro";"Simples";"Curva";"Sim";3;0;1;0;2;0;1;2;-6,45692534;-37,11685175;"SPRF-RN";"DEL03-RN";"UOP01-DEL03-RN"
108742;2018-02-04;"domingo";"21:50:00";"MG";116;686,8;"MURIAE";"Ingestão de Álcool";"Capotamento";"Sem Vítimas";"Plena Noite";"Decrescente";"Chuva";"Simples";"Ponte";"Não";5;0;0;0;5;0;0;2;-20,98196676;-42,35483229;"SPRF-MG";"DEL07-MG";"UOP02-DEL07-MG"
108744;2018-02-04;"domingo";"21:00:00";"BA";116;673;"JEQUIE";"Falta de Atenção à Condução";"Colisão traseira";"Com Vítimas Feridas";"Plena Noite";"Decrescente";"Nevoeiro/Neblina";"Simples";"Reta";"Sim";2;0;0;1;1;0;1;2;-13,85708057;-40,1139164;"SPRF-BA";"DEL03-BA";"UOP01-DEL03-BA"
108745;2018-02-04;"domingo";"20:55:00";"RS";470;219;"BENTO GONCALVES";"Ingestão de Álcool";"Queda de ocupante de veículo";"Com Vítimas Feridas";"Plena Noite";"Decrescente";"Céu Claro";"Simples";"Aclive";"Não";1;0;1;0;0;0;1;1;-29,1927872;-51,5214882;"SPRF-RS";"DEL06-RS";"UOP01-DEL06-RS"
108747;2018-02-04;"domingo";"22:00:00";"SP";116;97,8;"PINDAMONHANGABA";"Falta de Atenção à Condução";"Saída de leito carroçável";"Com Vítimas Feridas";"Plena Noite";"Crescente";"Nublado";"Dupla";"Reta";"Sim";1;0;1;0;0;0;1;1;-22,97722234;-45,45417368;"SPRF-SP";"DEL06-SP";"UOP01-DEL06-SP"
108748;2018-02-04;"domingo";"18:30:00";"MG";381;335;"NOVA ERA";"Pista Escorregadia";"Saída de leito carroçável";"Com Vítimas Feridas";"Pleno dia";"Crescente";"Chuva";"Simples";"Curva";"Não";1;0;1;0;0;0;1;1;-19,78235766;-43,0439052;"SPRF-MG";"DEL03-MG";"UOP01-DEL03-MG"
108750;2018-02-04;"domingo";"19:30:00";"MT";163;737;"SORRISO";"Defeito Mecânico no Veículo";"Incêndio";"Sem Vítimas";"Plena Noite";"Crescente";"Chuva";"Simples";"Reta";"Não";3;0;0;0;3;0;0;1;-12,6974896;-55,8109209;"SPRF-MT";"DEL06-MT";"UOP01-DEL06-MT"
108751;2018-02-04;"domingo";"22:00:00";"ES";262;17,1;"VIANA";"Falta de Atenção à Condução";"Colisão transversal";"Com Vítimas Feridas";"Plena Noite";"Decrescente";"Chuva";"Simples";"Reta";"Sim";2;0;0;1;1;0;1;2;-20,3829151;-40,4596774;"SPRF-ES";"DEL01-ES";"UOP01-DEL01-ES"
108752;2018-02-04;"domingo";"21:20:00";"MS";163;689,6;"RIO VERDE DE MATO GROSSO";"Falta de Atenção à Condução";"Colisão transversal";"Com Vítimas Feridas";"Plena Noite";"Crescente";"Nublado";"Simples";"Reta;Interseção de Vias";"Não";4;0;0;1;2;1;1;3;-18,84233428;-54,81550634;"SPRF-MS";"DEL06-MS";"UOP01-DEL06-MS"
108753;2018-02-04;"domingo";"19:40:00";"PA";316;57;"CASTANHAL";"Defeito Mecânico no Veículo";"Colisão traseira";"Sem Vítimas";"Plena Noite";"Decrescente";"Chuva";"Dupla";"Reta";"Não";6;0;0;0;5;1;0;3;-1,3060867;-48,0070763;"SPRF-PA";"DEL01-PA";"UOP01-DEL01-PA"
108756;2018-02-04;"domingo";"22:05:00";"PR";277;725,5;"FOZ DO IGUACU";"Falta de Atenção à Condução";"Colisão transversal";"Com Vítimas Feridas";"Plena Noite";"Decrescente";"Céu Claro";"Dupla";"Interseção de Vias";"Sim";2;0;1;0;1;0;1;2;-25,51100553;-54,55127656;"SPRF-PR";"DEL05-PR";"UOP03-DEL05-PR"
108757;2018-02-04;"domingo";"22:20:00";"SC";101;216;"PALHOCA";"Ingestão de Álcool";"Saída de leito carroçável";"Com Vítimas Feridas";"Plena Noite";"Crescente";"Nublado";"Dupla";"Reta";"Não";1;0;1;0;0;0;1;1;-27,659815;-48,677479;"SPRF-SC";"DEL01-SC";"UOP02-DEL01-SC"
108759;2018-02-04;"domingo";"18:50:00";"MG";153;9;"ARAPORA";"Desobediência às normas de trânsito pelo condutor";"Capotamento";"Sem Vítimas";"Pleno dia";"Crescente";"Chuva";"Dupla";"Reta";"Não";1;0;0;0;1;0;0;1;-18,498638;-49,188833;"SPRF-MG";"DEL15-MG";"UOP03-DEL15-MG"
108761;2018-02-04;"domingo";"21:50:00";"BA";101;842;"TEIXEIRA DE FREITAS";"Velocidade Incompatível";"Tombamento";"Com Vítimas Feridas";"Plena Noite";"Decrescente";"Chuva";"Simples";"Curva";"Não";1;0;1;0;0;0;1;1;-17,25839;-39,63271;"SPRF-BA";"DEL09-BA";"UOP02-DEL09-BA"
108764;2018-02-04;"domingo";"23:00:00";"ES";262;24,5;"VIANA";"Objeto estático sobre o leito carroçável";"Colisão com objeto estático";"Com Vítimas Feridas";"Plena Noite";"Decrescente";"Chuva";"Simples";"Reta";"Não";2;0;2;0;0;0;2;1;-20,37791545;-40,52841693;"SPRF-ES";"DEL01-ES";"UOP01-DEL01-ES"
108765;2018-02-04;"domingo";"23:35:00";"MG";381;674;"PERDOES";"Velocidade Incompatível";"Colisão com objeto estático";"Sem Vítimas";"Plena Noite";"Crescente";"Chuva";"Dupla";"Curva";"Não";1;0;0;0;1;0;0;1;-21,0913;-45,0724;"SPRF-MG";"DEL04-MG";"UOP02-DEL04-MG"
108766;2018-02-04;"domingo";"23:30:00";"MG";381;521,5;"BRUMADINHO";"Velocidade Incompatível";"Colisão com objeto estático";"Com Vítimas Feridas";"Plena Noite";"Crescente";"Chuva";"Dupla";"Curva";"Não";1;0;1;0;0;0;1;1;-20,12303785;-44,30082321;"SPRF-MG";"DEL04-MG";"UOP03-DEL04-MG"
108769;2018-02-04;"domingo";"23:29:00";"MG";381;882,5;"ESTIVA";"Falta de Atenção à Condução";"Atropelamento de Pedestre";"Com Vítimas Feridas";"Plena Noite";"Crescente";"Nublado";"Dupla";"Reta";"Sim";2;0;2;0;0;0;2;2;-22,47920542;-46,01070012;"SPRF-MG";"DEL16-MG";"UOP01-DEL16-MG"
108770;2018-02-05;"segunda-feira";"00:01:00";"GO";60;138;"GOIANIA";"Defeito Mecânico no Veículo";"Saída de leito carroçável";"Sem Vítimas";"Plena Noite";"Decrescente";"Vento";"Simples";"Reta";"Sim";1;0;0;0;1;0;0;1;-16,6117;-49,2053;"SPRF-GO";"DEL01-GO";"UOP01-DEL01-GO"
108771;2018-02-04;"domingo";"21:30:00";"RO";319;62;"PORTO VELHO";"Ingestão de Álcool";"Colisão transversal";"Com Vítimas Feridas";"Plena Noite";"Decrescente";"Nublado";"Múltipla";"Reta";"Sim";2;0;1;0;0;1;1;2;-8,75025623;-63,88767064;"SPRF-RO";"DEL01-RO";"UOP01-DEL01-RO"
108772;2018-02-04;"domingo";"23:00:00";"GO";153;505,5;"APARECIDA DE GOIANIA";"Ingestão de Álcool";"Saída de leito carroçável";"Sem Vítimas";"Plena Noite";"Crescente";"Céu Claro";"Dupla";"Reta";"Sim";2;0;0;0;2;0;0;1;-16,74940171;-49,24095006;"SPRF-GO";"DEL01-GO";"UOP01-DEL01-GO"
108774;2018-02-04;"domingo";"23:40:00";"ES";262;4,6;"CARIACICA";"Desobediência às normas de trânsito pelo condutor";"Colisão transversal";"Com Vítimas Feridas";"Plena Noite";"Crescente";"Chuva";"Dupla";"Interseção de Vias";"Sim";4;0;2;0;2;0;2;2;-20,33785169;-40,3847149;"SPRF-ES";"DEL01-ES";"UOP01-DEL01-ES"
108776;2018-02-05;"segunda-feira";"00:10:00";"PR";467;109,5;"CASCAVEL";"Falta de Atenção do Pedestre";"Atropelamento de Pedestre";"Com Vítimas Fatais";"Plena Noite";"Decrescente";"Céu Claro";"Dupla";"Reta";"Não";4;1;0;0;2;1;0;2;-24,92799817;-53,45470404;"SPRF-PR";"DEL04-PR";"UOP01-DEL04-PR"
108778;2018-02-05;"segunda-feira";"00:35:00";"RS";290;53;"GLORINHA";"Falta de Atenção à Condução";"Saída de leito carroçável";"Sem Vítimas";"Plena Noite";"Crescente";"Céu Claro";"Dupla";"Reta";"Não";2;0;0;0;2;0;0;2;-29,912077;-50,787758;"SPRF-RS";"DEL03-RS";"UOP02-DEL03-RS"
108779;2018-02-04;"domingo";"21:45:00";"MG";50;192,4;"UBERABA";"Ingestão de Álcool";"Saída de leito carroçável";"Com Vítimas Feridas";"Plena Noite";"Decrescente";"Céu Claro";"Dupla";"Reta";"Não";1;0;1;0;0;0;1;1;-19,87187605;-47,8590095;"SPRF-MG";"DEL13-MG";"UOP01-DEL13-MG"
108780;2018-02-04;"domingo";"23:50:00";"AL";101;171;"TEOTONIO VILELA";"Velocidade Incompatível";"Colisão com objeto estático";"Com Vítimas Feridas";"Plena Noite";"Decrescente";"Nublado";"Dupla";"Curva";"Não";2;0;1;1;0;0;2;1;-9,90598;-36,3523;"SPRF-AL";"DEL02-AL";"UOP02-DEL02-AL"
108782;2018-02-04;"domingo";"18:14:00";"RO";364;237,6;"CACOAL";"Falta de Atenção à Condução";"Colisão transversal";"Com Vítimas Feridas";"Pleno dia";"Decrescente";"Nublado";"Simples";"Interseção de Vias";"Sim";3;0;2;1;0;0;3;2;-11,44069168;-61,45154484;"SPRF-RO";"DEL02-RO";"UOP02-DEL02-RO"
108784;2018-02-05;"segunda-feira";"01:50:00";"SC";101;200;"SAO JOSE";"Velocidade Incompatível";"Colisão com objeto estático";"Com Vítimas Feridas";"Plena Noite";"Crescente";"Nublado";"Múltipla";"Aclive;Reta";"Sim";4;0;2;0;2;0;2;3;-27,54938184;-48,61995757;"SPRF-SC";"DEL01-SC";"UOP01-DEL01-SC"
108785;2018-02-05;"segunda-feira";"00:20:00";"RN";304;184,7;"LAJES";"Animais na Pista";"Atropelamento de Animal";"Com Vítimas Feridas";"Plena Noite";"Decrescente";"Céu Claro";"Simples";"Reta";"Não";1;0;0;1;0;0;1;1;-5,69023;-36,294729;"SPRF-RN";"DEL01-RN";"UOP03-DEL01-RN"
108786;2018-02-05;"segunda-feira";"01:40:00";"SC";282;334,6;"CAMPOS NOVOS";"Velocidade Incompatível";"Capotamento";"Com Vítimas Feridas";"Plena Noite";"Crescente";"Céu Claro";"Simples";"Reta";"Não";1;0;1;0;0;0;1;1;-27,39320861;-51,15183878;"SPRF-SC";"DEL07-SC";"UOP06-DEL07-SC"
108788;2018-02-05;"segunda-feira";"03:15:00";"PR";476;145;"ARAUCARIA";"Condutor Dormindo";"Capotamento";"Com Vítimas Feridas";"Plena Noite";"Crescente";"Nublado";"Dupla";"Reta";"Sim";4;0;1;3;0;0;4;1;-25,54904;-49,32524443;"SPRF-PR";"DEL01-PR";"UOP06-DEL01-PR"
108789;2018-02-05;"segunda-feira";"02:56:00";"PI";316;18,2;"TERESINA";"Falta de Atenção do Pedestre";"Atropelamento de Pedestre";"Com Vítimas Feridas";"Plena Noite";"Crescente";"Nublado";"Simples";"Reta";"Não";2;0;0;1;0;1;1;2;-5,24595891;-42,73350984;"SPRF-PI";"DEL01-PI";"UOP02-DEL01-PI"
108790;2018-02-04;"domingo";"23:55:00";"MA";316;115,5;"SANTA LUZIA DO PARUA";"Falta de Atenção à Condução";"Colisão traseira";"Com Vítimas Fatais";"Plena Noite";"Crescente";"Ignorado";"Simples";"Reta";"Sim";3;1;0;1;1;0;1;2;-2,55191917;-45,77329448;"SPRF-MA";"DEL02-MA";"UOP02-DEL02-MA"
108791;2018-02-04;"domingo";"19:15:00";"SC";101;280,2;"IMBITUBA";"Não guardar distância de segurança";"Tombamento";"Com Vítimas Feridas";"Pleno dia";"Crescente";"Nublado";"Dupla";"Reta";"Não";1;0;1;0;0;0;1;1;-28,20692333;-48,69866045;"SPRF-SC";"DEL02-SC";"UOP03-DEL02-SC"
108792;2018-02-05;"segunda-feira";"04:00:00";"CE";222;56;"SAO GONCALO DO AMARANTE";"Defeito Mecânico no Veículo";"Incêndio";"Sem Vítimas";"Plena Noite";"Decrescente";"Céu Claro";"Simples";"Reta";"Não";1;0;0;0;1;0;0;1;-3,66918903;-39,01707423;"SPRF-CE";"DEL01-CE";"UOP03-DEL01-CE"
108793;2018-02-05;"segunda-feira";"03:50:00";"SE";101;156;"ESTANCIA";"Animais na Pista";"Atropelamento de Animal";"Com Vítimas Feridas";"Plena Noite";"Decrescente";"Céu Claro";"Simples";"Curva";"Não";3;0;2;0;1;0;2;2;-11,2687;-37,4421;"SPRF-SE";"DEL02-SE";"UOP01-DEL02-SE"