"id";"data_inversa";"dia_semana";"horario";"uf";"br";"km";"municipio";"causa_acidente";"tipo_acidente";"classificacao_acidente";"fase_dia";"sentido_via";"condicao_metereologica";"tipo_pista";"tracado_via";"uso_solo";"pessoas";"mortos";"feridos_leves";"feridos_graves";"ilesos";"ignorados";"feridos";"veiculos";"latitude";"longitude";"regional";"delegacia";"uop"
108795;2018-02-03;"sábado";"02:55:00";"RJ";116;190;"QUEIMADOS";"Não guardar distância de segurança";"Saída de leito carroçável";"Sem Vítimas";"Plena Noite";"Crescente";"Céu Claro";"Dupla";"Curva";"Não";1;0;0;0;1;0;0;1;-22,741264;-43,500793;"SPRF-RJ";"DEL01-RJ";"UOP03-DEL01-RJ"
108796;2018-02-04;"domingo";"16:35:00";"RS";290;159;"ARROIO DOS RATOS";"Condutor Dormindo";"Saída de leito carroçável";"Com Vítimas Feridas";"Pleno dia";"Decrescente";"Sol";"Simples";"Reta";"Não";2;0;1;0;1;0;1;1;-30,108566;-51,798321;"SPRF-RS";"DEL02-RS";"UOP01-DEL02-RS"
108798;2018-02-05;"segunda-feira";"06:40:00";"MG";40;566,5;"NOVA LIMA";"Velocidade Incompatível";"Colisão frontal";"Com Vítimas Fatais";"Pleno dia";"Decrescente";"Chuva";"Simples";"Curva";"Não";3;1;0;2;0;0;2;2;-20,18260357;-43,96672726;"SPRF-MG";"DEL01-MG";"UOP02-DEL01-MG"
108799;2018-02-05;"segunda-feira";"06:29:00";"RJ";40;109;"DUQUE DE CAXIAS";"Não guardar distância de segurança";"Colisão traseira";"Com Vítimas Feridas";"Pleno dia";"Crescente";"Céu Claro";"Múltipla";"Reta";"Sim";2;0;1;0;1;0;1;2;-22,6266905;-43,2859814;"SPRF-RJ";"DEL01-RJ";"UOP01-DEL01-RJ"
108801;2018-02-05;"segunda-feira";"05:20:00";"CE";20;355;"CARIDADE";"Animais na Pista";"Atropelamento de Animal";"Sem Vítimas";"Amanhecer";"Crescente";"Céu Claro";"Simples";"Reta";"Não";1;0;0;0;1;0;0;1;-4,232621;-39,192818;"SPRF-CE";"DEL02-CE";"UOP01-DEL02-CE"
108804;2018-02-05;"segunda-feira";"05:00:00";"RJ";101;461;"ANGRA DOS REIS";"Fenômenos da Natureza";"Saída de leito carroçável";"Sem Vítimas";"Plena Noite";"Crescente";"Chuva";"Simples";"Curva";"Não";1;0;0;0;1;0;0;1;-23,03619576;-44,1942054;"SPRF-RJ";"DEL03-RJ";"UOP03-DEL03-RJ"
108805;2018-02-05;"segunda-feira";"06:30:00";"MG";381;705,5;"LAVRAS";"Velocidade Incompatível";"Capotamento";"Sem Vítimas";"Pleno dia";"Crescente";"Chuva";"Dupla";"Curva";"Não";1;0;0;0;1;0;0;1;-21,31920144;-45,16685486;"SPRF-MG";"DEL04-MG";"UOP02-DEL04-MG"
108811;2018-02-05;"segunda-feira";"07:30:00";"SC";101;123,1;"ITAJAI";"Desobediência às normas de trânsito pelo condutor";"Colisão transversal";"Com Vítimas Feridas";"Amanhecer";"Decrescente";"Céu Claro";"Dupla";"Interseção de Vias";"Sim";2;0;1;0;1;0;1;2;-26,9434;-48,6917;"SPRF-SC";"DEL04-SC";"UOP04-DEL04-SC"
108812;2018-02-05;"segunda-feira";"07:40:00";"MG";381;596;"CARMOPOLIS DE MINAS";"Falta de Atenção à Condução";"Saída de leito carroçável";"Sem Vítimas";"Pleno dia";"Decrescente";"Chuva";"Dupla";"Curva";"Não";2;0;0;0;2;0;0;1;-20,588;-44,6956;"SPRF-MG";"DEL04-MG";"UOP01-DEL04-MG"
108813;2018-02-05;"segunda-feira";"06:55:00";"RS";290;99;"PORTO ALEGRE";"Animais na Pista";"Saída de leito carroçável";"Sem Vítimas";"Pleno dia";"Decrescente";"Sol";"Dupla";"Reta";"Sim";3;0;0;0;3;0;0;1;-29,99182218;-51,22639418;"SPRF-RS";"DEL01-RS";"UOP01-DEL01-RS"
108814;2018-02-05;"segunda-feira";"06:00:00";"RJ";116;167;"RIO DE JANEIRO";"Falta de Atenção à Condução";"Colisão com objeto estático";"Sem Vítimas";"Amanhecer";"Crescente";"Céu Claro";"Múltipla";"Reta";"Não";1;0;0;0;1;0;0;1;-22,818039;-43,307873;"SPRF-RJ";"DEL01-RJ";"UOP02-DEL01-RJ"
108815;2018-02-05;"segunda-feira";"07:10:00";"MG";40;697,2;"BARBACENA";"Velocidade Incompatível";"Colisão frontal";"Com Vítimas Fatais";"Pleno dia";"Crescente";"Chuva";"Simples";"Reta";"Não";3;1;1;1;0;0;2;2;-21,18276613;-43,75386447;"SPRF-MG";"DEL05-MG";"UOP02-DEL05-MG"
108817;2018-02-05;"segunda-feira";"06:30:00";"RS";116;318,3;"BARRA DO RIBEIRO";"Falta de Atenção do Pedestre";"Atropelamento de Pedestre";"Com Vítimas Fatais";"Amanhecer";"Crescente";"Céu Claro";"Simples";"Reta";"Não";3;2;0;0;1;0;0;2;-30,26916782;-51,40816212;"SPRF-RS";"DEL02-RS";"UOP01-DEL02-RS"
108818;2018-02-05;"segunda-feira";"07:25:00";"SC";101;199;"SAO JOSE";"Falta de Atenção à Condução";"Colisão traseira";"Com Vítimas Feridas";"Pleno dia";"Crescente";"Céu Claro";"Dupla";"Reta";"Sim";3;0;2;0;1;0;2;3;-27,5402;-48,6226;"SPRF-SC";"DEL01-SC";"UOP01-DEL01-SC"
108821;2018-02-05;"segunda-feira";"07:35:00";"PR";116;43;"CAMPINA GRANDE DO SUL";"Velocidade Incompatível";"Capotamento";"Sem Vítimas";"Pleno dia";"Crescente";"Garoa/Chuvisco";"Dupla";"Curva";"Não";1;0;0;0;1;0;0;1;-25,30244146;-49,05052185;"SPRF-PR";"DEL01-PR";"UOP02-DEL01-PR"
108823;2018-02-05;"segunda-feira";"07:30:00";"RS";290;86,6;"PORTO ALEGRE";"Não guardar distância de segurança";"Colisão traseira";"Com Vítimas Feridas";"Pleno dia";"Crescente";"Céu Claro";"Múltipla";"Reta";"Não";6;0;1;0;5;0;1;5;-29,96806486;-51,1231732;"SPRF-RS";"DEL01-RS";"UOP01-DEL01-RS"
108824;2018-02-05;"segunda-feira";"07:30:00";"PR";467;93,2;"CASCAVEL";"Condutor Dormindo";"Saída de leito carroçável";"Com Vítimas Feridas";"Pleno dia";"Crescente";"Céu Claro";"Dupla";"Curva";"Não";1;0;1;0;0;0;1;1;-24,86136797;-53,58539629;"SPRF-PR";"DEL04-PR";"UOP05-DEL05-PR"
108825;2018-02-05;"segunda-feira";"06:50:00";"PB";101;89,5;"JOAO PESSOA";"Desobediência às normas de trânsito pelo condutor";"Colisão transversal";"Com Vítimas Feridas";"Pleno dia";"Decrescente";"Sol";"Dupla";"Retorno Regulamentado";"Sim";2;0;1;0;1;0;1;2;-7,17881876;-34,89983886;"SPRF-PB";"DEL01-PB";"UOP01-DEL01-PB"
108827;2018-02-05;"segunda-feira";"07:30:00";"MG";381;636,7;"SANTO ANTONIO DO AMPARO";"Velocidade Incompatível";"Capotamento";"Sem Vítimas";"Pleno dia";"Crescente";"Nublado";"Dupla";"Aclive;Curva";"Não";1;0;0;0;1;0;0;1;-20,86956465;-44,84241153;"SPRF-MG";"DEL04-MG";"UOP01-DEL04-MG"
108828;2018-02-05;"segunda-feira";"07:00:00";"SC";282;89,4;"ALFREDO WAGNER";"Condutor Dormindo";"Saída de leito carroçável";"Com Vítimas Feridas";"Pleno dia";"Decrescente";"Céu Claro";"Simples";"Curva";"Não";4;0;4;0;0;0;4;1;-27,67980462;-49,2188178;"SPRF-SC";"DEL01-SC";"UOP03-DEL01-SC"
108829;2018-02-05;"segunda-feira";"07:50:00";"SC";101;121,9;"ITAJAI";"Desobediência às normas de trânsito pelo condutor";"Colisão lateral";"Com Vítimas Feridas";"Pleno dia";"Crescente";"Céu Claro";"Dupla";"Reta";"Não";2;0;1;0;1;0;1;2;-26,92934564;-48,70521855;"SPRF-SC";"DEL04-SC";"UOP04-DEL04-SC"
108830;2018-02-05;"segunda-feira";"06:30:00";"PB";230;23;"JOAO PESSOA";"Desobediência às normas de trânsito pelo condutor";"Colisão lateral";"Com Vítimas Feridas";"Pleno dia";"Decrescente";"Céu Claro";"Dupla";"Reta";"Sim";4;0;2;0;2;0;2;2;-7,15631524;-34,85721588;"SPRF-PB";"DEL01-PB";"UOP01-DEL01-PB"
108831;2018-02-05;"segunda-feira";"07:30:00";"MG";381;707,1;"NEPOMUCENO";"Velocidade Incompatível";"Saída de leito carroçável";"Com Vítimas Feridas";"Pleno dia";"Decrescente";"Chuva";"Dupla";"Curva";"Não";1;0;1;0;0;0;1;1;-21,33728059;-45,17580057;"SPRF-MG";"DEL04-MG";"UOP02-DEL04-MG"
108832;2018-02-05;"segunda-feira";"06:30:00";"TO";153;96;"WANDERLANDIA";"Falta de Atenção à Condução";"Capotamento";"Sem Vítimas";"Amanhecer";"Crescente";"Chuva";"Simples";"Reta";"Não";2;0;0;0;2;0;0;1;-6,90270822;-48,02836418;"SPRF-TO";"DEL02-TO";"UOP01-DEL02-TO"
108833;2018-02-05;"segunda-feira";"08:10:00";"GO";153;508,9;"APARECIDA DE GOIANIA";"Defeito Mecânico no Veículo";"Queda de ocupante de veículo";"Com Vítimas Feridas";"Pleno dia";"Decrescente";"Sol";"Dupla";"Declive";"Sim";2;0;2;0;0;0;2;1;-16,77239344;-49,23853938;"SPRF-GO";"DEL01-GO";"UOP03-DEL01-GO"
108836;2018-02-05;"segunda-feira";"08:30:00";"SC";101;134;"BALNEARIO CAMBORIU";"Falta de Atenção à Condução";"Queda de ocupante de veículo";"Com Vítimas Feridas";"Pleno dia";"Crescente";"Nublado";"Simples";"Reta";"Sim";1;0;1;0;0;0;1;1;-27,0049;-48,6266;"SPRF-SC";"DEL04-SC";"UOP03-DEL04-SC"
108837;2018-02-03;"sábado";"18:40:00";"MT";174;121,5;"CACERES";"Velocidade Incompatível";"Saída de leito carroçável";"Sem Vítimas";"Anoitecer";"Decrescente";"Chuva";"Simples";"Reta";"Não";1;0;0;0;1;0;0;1;-15,82165383;-58,0779925;"SPRF-MT";"DEL03-MT";"UOP01-DEL03-MT"
108839;2018-02-05;"segunda-feira";"08:10:00";"SC";101;232;"PALHOCA";"Condutor Dormindo";"Saída de leito carroçável";"Com Vítimas Feridas";"Pleno dia";"Crescente";"Céu Claro";"Dupla";"Reta";"Não";2;0;2;0;0;0;2;1;-27,8032;-48,6381;"SPRF-SC";"DEL01-SC";"UOP02-DEL01-SC"
108840;2018-01-17;"quarta-feira";"12:50:00";"AC";364;121;"RIO BRANCO";"Falta de Atenção à Condução";"Colisão transversal";"Com Vítimas Feridas";"Pleno dia";"Crescente";"Céu Claro";"Dupla";"Reta";"Sim";3;0;1;1;1;0;2;2;-10,01212762;-67,76730359;"SPRF-AC";"DEL01-AC";"UOP01-DEL01-AC"
108842;2018-01-04;"quinta-feira";"19:00:00";"MG";40;635;"CONSELHEIRO LAFAIETE";"Velocidade Incompatível";"Saída de leito carroçável";"Sem Vítimas";"Pleno dia";"Decrescente";"Chuva";"Simples";"Curva";"Não";2;0;0;0;2;0;0;1;-20,73349891;-43,799631;"SPRF-MG";"DEL05-MG";"UOP02-DEL05-MG"
108843;2018-02-05;"segunda-feira";"08:55:00";"SC";101;204;"SAO JOSE";"Desobediência às normas de trânsito pelo condutor";"Colisão transversal";"Com Vítimas Feridas";"Pleno dia";"Crescente";"Céu Claro";"Simples";"Interseção de Vias";"Sim";2;0;1;0;1;0;1;2;-27,57354999;-48,61382604;"SPRF-SC";"DEL01-SC";"UOP01-DEL01-SC"
108845;2018-02-05;"segunda-feira";"06:30:00";"MS";60;525,7;"NIOAQUE";"Falta de Atenção à Condução";"Colisão transversal";"Com Vítimas Feridas";"Amanhecer";"Decrescente";"Céu Claro";"Simples";"Reta";"Não";2;0;1;0;1;0;1;2;-21,13198754;-55,71956366;"SPRF-MS";"DEL05-MS";"UOP01-DEL05-MS"
108846;2018-02-05;"segunda-feira";"07:00:00";"CE";222;312,5;"TIANGUA";"Desobediência às normas de trânsito pelo condutor";"Colisão transversal";"Com Vítimas Feridas";"Pleno dia";"Decrescente";"Chuva";"Simples";"Reta";"Sim";4;0;0;1;0;3;1;4;-3,7270662;-40,99859476;"SPRF-CE";"DEL04-CE";"UOP02-DEL04-CE"
108847;2018-02-05;"segunda-feira";"08:40:00";"RS";290;557,1;"ALEGRETE";"Falta de Atenção à Condução";"Capotamento";"Sem Vítimas";"Pleno dia";"Decrescente";"Céu Claro";"Simples";"Reta";"Não";5;0;0;0;5;0;0;1;-29,901589;-55,567278;"SPRF-RS";"DEL13-RS";"UOP02-DEL13-RS"
108848;2018-02-05;"segunda-feira";"08:35:00";"SC";101;121;"ITAJAI";"Falta de Atenção à Condução";"Tombamento";"Com Vítimas Feridas";"Pleno dia";"Crescente";"Nublado";"Simples";"Reta";"Não";1;0;0;1;0;0;1;1;-26,91837384;-48,70972037;"SPRF-SC";"DEL04-SC";"UOP04-DEL04-SC"
108850;2018-02-05;"segunda-feira";"08:50:00";"SC";101;127,9;"ITAJAI";"Desobediência às normas de trânsito pelo condutor";"Colisão traseira";"Com Vítimas Feridas";"Pleno dia";"Decrescente";"Céu Claro";"Dupla";"Reta";"Não";3;0;1;0;2;0;1;3;-26,96491391;-48,68315938;"SPRF-SC";"DEL04-SC";"UOP03-DEL04-SC"
108851;2018-02-05;"segunda-feira";"09:20:00";"PR";369;435;"UBIRATA";"Não guardar distância de segurança";"Colisão traseira";"Com Vítimas Feridas";"Pleno dia";"Crescente";"Céu Claro";"Simples";"Reta";"Não";6;0;1;0;5;0;1;2;-24,4843;-52,8875;"SPRF-PR";"DEL04-PR";"UOP03-DEL04-PR"
108853;2018-01-12;"sexta-feira";"15:20:00";"PR";153;333,4;"IRATI";"Desobediência às normas de trânsito pelo condutor";"Colisão transversal";"Com Vítimas Feridas";"Pleno dia";"Crescente";"Nublado";"Simples";"Interseção de Vias";"Não";3;0;1;1;0;1;2;3;-25,477255;-50,639714;"SPRF-PR";"DEL03-PR";"UOP02-DEL08-PR"
108856;2018-02-05;"segunda-feira";"08:05:00";"PR";376;599,8;"CURITIBA";"Falta de Atenção à Condução";"Colisão traseira";"Com Vítimas Feridas";"Pleno dia";"Decrescente";"Garoa/Chuvisco";"Dupla";"Reta";"Sim";2;0;1;0;1;0;1;2;-25,52968674;-49,32633307;"SPRF-PR";"DEL01-PR";"UOP06-DEL01-PR"
108858;2018-02-05;"segunda-feira";"09:45:00";"PR";153;45,6;"SANTO ANTONIO DA PLATINA";"Desobediência às normas de trânsito pelo condutor";"Colisão frontal";"Com Vítimas Feridas";"Pleno dia";"Decrescente";"Céu Claro";"Simples";"Aclive;Reta";"Não";3;0;0;3;0;0;3;2;-23,32802077;-50,06653005;"SPRF-PR";"DEL07-PR";"UOP04-DEL07-PR"
108860;2018-01-22;"segunda-feira";"13:30:00";"PR";277;514,9;"GUARANIACU";"Ultrapassagem Indevida";"Colisão frontal";"Com Vítimas Feridas";"Pleno dia";"Decrescente";"Céu Claro";"Simples";"Reta";"Não";5;0;3;0;2;0;3;2;-25,1039;-52,8686;"SPRF-PR";"DEL04-PR";"UOP04-DEL04-PR"
108861;2018-02-05;"segunda-feira";"09:30:00";"SC";101;215;"PALHOCA";"Desobediência às normas de trânsito pelo condutor";"Colisão transversal";"Com Vítimas Feridas";"Pleno dia";"Crescente";"Céu Claro";"Dupla";"Reta";"Sim";3;0;1;0;0;2;1;3;-27,6601;-48,6774;"SPRF-SC";"DEL01-SC";"UOP02-DEL01-SC"
108865;2018-02-05;"segunda-feira";"10:10:00";"PR";376;651;"TIJUCAS DO SUL";"Velocidade Incompatível";"Colisão com objeto estático";"Sem Vítimas";"Pleno dia";"Decrescente";"Chuva";"Dupla";"Curva";"Não";1;0;0;0;1;0;0;1;-25,928534;-49,199314;"SPRF-PR";"DEL01-PR";"DEL7/1-UOP08/PR"
108866;2018-02-05;"segunda-feira";"09:15:00";"PE";101;60,3;"RECIFE";"Falta de Atenção à Condução";"Colisão transversal";"Com Vítimas Feridas";"Pleno dia";"Crescente";"Céu Claro";"Dupla";"Reta";"Não";2;0;1;0;1;0;1;2;-7,98889;-34,934921;"SPRF-PE";"DEL01-PE";"UOP02-DEL01-PE"
108867;2018-02-05;"segunda-feira";"09:35:00";"PB";230;17,5;"JOAO PESSOA";"Falta de Atenção à Condução";"Colisão traseira";"Com Vítimas Feridas";"Pleno dia";"Crescente";"Céu Claro";"Dupla";"Interseção de Vias";"Sim";3;0;2;0;1;0;2;2;-7,11595012;-34,84395004;"SPRF-PB";"DEL01-PB";"UOP01-DEL01-PB"
108868;2018-02-05;"segunda-feira";"09:20:00";"MT";70;6,7;"BARRA DO GARCAS";"Pista Escorregadia";"Queda de ocupante de veículo";"Com Vítimas Feridas";"Pleno dia";"Crescente";"Céu Claro";"Dupla";"Rotatória";"Sim";1;0;0;1;0;0;1;1;-15,87779974;-52,31367588;"SPRF-MT";"DEL07-MT";"UOP01-DEL07-MT"
108869;2018-02-05;"segunda-feira";"09:30:00";"MA";10;248,9;"IMPERATRIZ";"Não guardar distância de segurança";"Colisão traseira";"Sem Vítimas";"Pleno dia";"Crescente";"Nublado";"Simples";"Reta";"Sim";3;0;0;0;3;0;0;3;-5,55922704;-47,45379712;"SPRF-MA";"DEL04-MA";"UOP01-DEL04-MA"
108870;2018-02-05;"segunda-feira";"09:30:00";"RN";304;296,6;"MACAIBA";"Falta de Atenção à Condução";"Colisão traseira";"Com Vítimas Feridas";"Pleno dia";"Crescente";"Céu Claro";"Simples";"Interseção de Vias";"Sim";3;0;1;0;2;0;1;2;-5,86536497;-35,35313487;"SPRF-RN";"DEL01-RN";"UOP02-DEL01-RN"
108871;2018-02-05;"segunda-feira";"10:30:00";"RJ";40;93,9;"DUQUE DE CAXIAS";"Pista Escorregadia";"Saída de leito carroçável";"Com Vítimas Feridas";"Pleno dia";"Crescente";"Chuva";"Dupla";"Curva";"Não";2;0;2;0;0;0;2;1;-22,52583739;-43,21987152;"SPRF-RJ";"DEL06-RJ";"UOP01-DEL06-RJ"
108872;2018-02-05;"segunda-feira";"09:40:00";"MG";40;801,2;"MATIAS BARBOSA";"Fenômenos da Natureza";"Colisão com objeto estático";"Com Vítimas Feridas";"Pleno dia";"Crescente";"Chuva";"Dupla";"Curva";"Sim";2;0;1;0;1;0;1;1;-21,8445;-43,377;"SPRF-MG";"DEL05-MG";"UOP01-DEL05-MG"
108873;2018-02-05;"segunda-feira";"09:40:00";"RJ";40;18;"TRES RIOS";"Falta de Atenção à Condução";"Saída de leito carroçável";"Sem Vítimas";"Pleno dia";"Decrescente";"Chuva";"Dupla";"Curva";"Não";4;0;0;0;4;0;0;1;-22,1014;-43,171;"SPRF-RJ";"DEL06-RJ";"UOP02-DEL05-RJ"
108874;2018-02-05;"segunda-feira";"10:00:00";"SP";116;328,2;"JUQUITIBA";"Falta de Atenção à Condução";"Colisão lateral";"Com Vítimas Feridas";"Pleno dia";"Decrescente";"Céu Claro";"Dupla";"Curva";"Sim";2;0;1;0;1;0;1;2;-23,932146;-47,068737;"SPRF-SP";"DEL04-SP";"UOP03-DEL04-SP"
108875;2018-02-05;"segunda-feira";"10:15:00";"PE";101;101;"CABO DE SANTO AGOSTINHO";"Falta de Atenção à Condução";"Colisão transversal";"Com Vítimas Feridas";"Pleno dia";"Crescente";"Sol";"Simples";"Reta";"Não";2;0;1;0;1;0;1;2;-8,2847;-35,0581;"SPRF-PE";"DEL01-PE";"UOP03-DEL01-PE"
108876;2018-02-05;"segunda-feira";"09:00:00";"CE";116;23;"ITAITINGA";"Pista Escorregadia";"Colisão com objeto estático";"Sem Vítimas";"Pleno dia";"Decrescente";"Garoa/Chuvisco";"Dupla";"Reta";"Não";1;0;0;0;1;0;0;1;-3,93595189;-38,5091556;"SPRF-CE";"DEL01-CE";"UOP02-DEL01-CE"
108878;2018-02-05;"segunda-feira";"09:50:00";"RJ";40;17;"TRES RIOS";"Falta de Atenção à Condução";"Tombamento";"Sem Vítimas";"Pleno dia";"Decrescente";"Chuva";"Dupla";"Reta";"Não";1;0;0;0;1;0;0;1;-22,093;-43,1708;"SPRF-RJ";"DEL06-RJ";"UOP02-DEL05-RJ"
108879;2018-02-05;"segunda-feira";"11:30:00";"PR";277;51;"SAO JOSE DOS PINHAIS";"Velocidade Incompatível";"Saída de leito carroçável";"Com Vítimas Feridas";"Pleno dia";"Decrescente";"Garoa/Chuvisco";"Dupla";"Curva";"Não";1;0;1;0;0;0;1;1;-25,58558349;-48,957012;"SPRF-PR";"DEL01-PR";"UOP07-DEL01-PR"
108880;2018-02-05;"segunda-feira";"11:20:00";"GO";60;414;"RIO VERDE";"Condutor Dormindo";"Capotamento";"Com Vítimas Feridas";"Pleno dia";"Crescente";"Céu Claro";"Dupla";"Reta";"Não";1;0;1;0;0;0;1;1;-17,8188;-51,1831;"SPRF-GO";"DEL04-GO";"UOP01-DEL04-GO"
108881;2018-02-05;"segunda-feira";"09:15:00";"RO";364;237,7;"CACOAL";"Falta de Atenção à Condução";"Colisão transversal";"Com Vítimas Feridas";"Pleno dia";"Crescente";"Sol";"Simples";"Declive";"Sim";2;0;1;0;1;0;1;2;-11,44085129;-61,45128071;"SPRF-RO";"DEL02-RO";"UOP02-DEL02-RO"
108882;2018-02-05;"segunda-feira";"09:10:00";"SC";282;573;"NOVA ERECHIM";"Falta de Atenção à Condução";"Colisão lateral";"Sem Vítimas";"Pleno dia";"Crescente";"Sol";"Simples";"Reta";"Sim";2;0;0;0;2;0;0;2;-26,8822393;-52,94160783;"SPRF-SC";"DEL07-SC";"UOP02-DEL07-SC"
108883;2018-02-05;"segunda-feira";"10:00:00";"MG";50;59;"UBERLANDIA";"Pista Escorregadia";"Capotamento";"Sem Vítimas";"Pleno dia";"Decrescente";"Garoa/Chuvisco";"Dupla";"Declive";"Não";1;0;0;0;1;0;0;1;-18,8114;-48,2469;"SPRF-MG";"DEL15-MG";"UOP02-DEL15-MG"
108884;2018-02-05;"segunda-feira";"11:00:00";"ES";101;357;"ANCHIETA";"Condutor Dormindo";"Saída de leito carroçável";"Sem Vítimas";"Pleno dia";"Crescente";"Nublado";"Simples";"Curva";"Não";1;0;0;0;1;0;0;1;-20,806316;-40,645905;"SPRF-ES";"DEL03-ES";"UOP01-DEL03-ES"
108885;2018-02-05;"segunda-feira";"10:30:00";"PE";101;61;"RECIFE";"Falta de Atenção do Pedestre";"Atropelamento de Pedestre";"Com Vítimas Feridas";"Pleno dia";"Decrescente";"Céu Claro";"Simples";"Reta;Em Obras";"Sim";2;0;1;0;1;0;1;2;-7,9941775;-34,937873;"SPRF-PE";"DEL01-PE";"UOP02-DEL01-PE"
108886;2018-02-05;"segunda-feira";"09:10:00";"PI";343;42,3;"BURITI DOS LOPES";"Falta de Atenção à Condução";"Saída de leito carroçável";"Com Vítimas Feridas";"Pleno dia";"Crescente";"Garoa/Chuvisco";"Simples";"Curva";"Não";3;0;2;0;1;0;2;1;-3,16228484;-41,82073382;"SPRF-PI";"DEL05-PI";"UOP01-DEL05-PI"
108887;2018-01-28;"domingo";"04:00:00";"RS";470;161;"NOVA PRATA";"Ingestão de Álcool";"Colisão traseira";"Com Vítimas Feridas";"Plena Noite";"Crescente";"Garoa/Chuvisco";"Simples";"Reta";"Não";7;0;1;0;6;0;1;2;-28,81584219;-51,59661856;"SPRF-RS";"DEL06-RS";"UOP02-DEL06-RS"
108888;2018-02-05;"segunda-feira";"11:10:00";"MG";116;525;"CARATINGA";"Falta de Atenção do Pedestre";"Atropelamento de Pedestre";"Com Vítimas Feridas";"Pleno dia";"Crescente";"Nublado";"Simples";"Curva";"Não";3;0;0;1;2;0;1;2;-19,75687919;-42,13306096;"SPRF-MG";"DEL06-MG";"UOP02-DEL06-MG"
108889;2018-02-05;"segunda-feira";"11:50:00";"SC";101;216;"PALHOCA";"Falta de Atenção à Condução";"Colisão traseira";"Sem Vítimas";"Pleno dia";"Crescente";"Nublado";"Dupla";"Reta";"Sim";2;0;0;0;2;0;0;2;-27,66458037;-48,68040819;"SPRF-SC";"DEL01-SC";"UOP02-DEL01-SC"
108890;2018-02-05;"segunda-feira";"09:15:00";"RO";319;62;"PORTO VELHO";"Falta de Atenção à Condução";"Colisão transversal";"Sem Vítimas";"Pleno dia";"Decrescente";"Nublado";"Simples";"Interseção de Vias";"Sim";2;0;0;0;2;0;0;2;-8,7480157;-63,88812181;"SPRF-RO";"DEL01-RO";"UOP01-DEL01-RO"
108891;2018-02-05;"segunda-feira";"11:30:00";"RS";158;322;"SANTA MARIA";"Desobediência às normas de trânsito pelo condutor";"Colisão lateral";"Com Vítimas Feridas";"Pleno dia";"Crescente";"Céu Claro";"Simples";"Rotatória";"Sim";2;0;1;0;1;0;1;2;-29,69510813;-53,77525985;"SPRF-RS";"DEL09-RS";"UOP01-DEL09-RS"
108892;2018-02-05;"segunda-feira";"11:30:00";"RJ";40;51;"PETROPOLIS";"Velocidade Incompatível";"Saída de leito carroçável";"Com Vítimas Feridas";"Pleno dia";"Decrescente";"Chuva";"Dupla";"Reta";"Não";1;0;1;0;0;0;1;1;-22,5344758;-43,2186376;"SPRF-RJ";"DEL06-RJ";"UOP01-DEL06-RJ"
108893;2018-02-05;"segunda-feira";"10:10:00";"RJ";465;15;"SEROPEDICA";"Desobediência às normas de trânsito pelo condutor";"Colisão lateral";"Com Vítimas Feridas";"Pleno dia";"Decrescente";"Chuva";"Simples";"Reta";"Sim";2;0;1;0;1;0;1;2;-22,810925;-43,631504;"SPRF-RJ";"DEL01-RJ";"UOP03-DEL01-RJ"
108894;2018-02-05;"segunda-feira";"10:45:00";"BA";367;80;"EUNAPOLIS";"Ultrapassagem Indevida";"Colisão frontal";"Com Vítimas Feridas";"Pleno dia";"Crescente";"Céu Claro";"Simples";"Reta";"Não";7;0;1;0;6;0;1;3;-16,369566;-39,544456;"SPRF-BA";"DEL09-BA";"UOP01-DEL09-BA"
108895;2018-02-05;"segunda-feira";"10:00:00";"BA";101;394,2;"IBIRAPITANGA";"Falta de Atenção do Pedestre";"Atropelamento de Pedestre";"Com Vítimas Fatais";"Pleno dia";"Crescente";"Céu Claro";"Simples";"Declive";"Não";4;1;1;0;2;0;1;2;-13,97546;-39,477683;"SPRF-BA";"DEL05-BA";"UOP03-DEL05-BA"
108896;2018-02-05;"segunda-feira";"10:15:00";"CE";116;457,1;"BARRO";"Falta de Atenção à Condução";"Colisão com objeto estático";"Com Vítimas Feridas";"Pleno dia";"Crescente";"Céu Claro";"Simples";"Declive";"Não";2;0;2;0;0;0;2;1;-7,19334859;-38,79110456;"SPRF-CE";"DEL05-CE";"UOP03-DEL05-CE"
108897;2018-02-05;"segunda-feira";"12:05:00";"TO";153;334;"GUARAI";"Falta de Atenção à Condução";"Colisão transversal";"Com Vítimas Feridas";"Pleno dia";"Crescente";"Garoa/Chuvisco";"Simples";"Interseção de Vias";"Sim";2;0;0;1;1;0;1;2;-8,84169353;-48,51141125;"SPRF-TO";"DEL02-TO";"UOP02-DEL02-TO"
108899;2018-02-05;"segunda-feira";"12:09:00";"PE";101;67,4;"RECIFE";"Falta de Atenção à Condução";"Colisão traseira";"Com Vítimas Feridas";"Pleno dia";"Crescente";"Sol";"Dupla";"Reta";"Sim";3;0;2;0;1;0;2;2;-8,044234;-34,944373;"SPRF-PE";"DEL01-PE";"UOP01-DEL01-PE"