"id";"data_inversa";"dia_semana";"horario";"uf";"br";"km";"municipio";"causa_acidente";"tipo_acidente";"classificacao_acidente";"fase_dia";"sentido_via";"condicao_metereologica";"tipo_pista";"tracado_via";"uso_solo";"pessoas";"mortos";"feridos_leves";"feridos_graves";"ilesos";"ignorados";"feridos";"veiculos";"latitude";"longitude";"regional";"delegacia";"uop"
108901;2018-02-05;"segunda-feira";"12:15:00";"SC";101;45;"JOINVILLE";"Desobediência às normas de trânsito pelo condutor";"Colisão transversal";"Sem Vítimas";"Pleno dia";"Decrescente";"Chuva";"Simples";"Rotatória";"Sim";2;0;0;0;2;0;0;2;-26,3556704;-48,85881901;"SPRF-SC";"DEL03-SC";"UOP01-DEL03-SC"
108902;2018-02-05;"segunda-feira";"11:50:00";"MG";262;451,3;"NOVA SERRANA";"Defeito na Via";"Capotamento";"Com Vítimas Feridas";"Pleno dia";"Crescente";"Nublado";"Simples";"Reta";"Não";1;0;1;0;0;0;1;1;-19,86262622;-45,00067884;"SPRF-MG";"DEL08-MG";"UOP03-DEL08-MG"
108903;2018-02-05;"segunda-feira";"11:50:00";"SC";153;113,9;"CONCORDIA";"Falta de Atenção à Condução";"Colisão transversal";"Com Vítimas Feridas";"Pleno dia";"Decrescente";"Sol";"Simples";"Curva";"Não";2;0;1;0;1;0;1;2;-27,33921229;-51,9831103;"SPRF-SC";"DEL07-SC";"UOP04-DEL07-SC"
108906;2018-02-05;"segunda-feira";"13:15:00";"ES";101;195;"JOAO NEIVA";"Falta de Atenção à Condução";"Colisão lateral";"Com Vítimas Feridas";"Pleno dia";"Crescente";"Sol";"Simples";"Aclive";"Não";2;0;1;0;1;0;1;2;-19,7579;-40,3788;"SPRF-ES";"DEL04-ES";"UOP01-DEL04-ES"
108907;2018-02-05;"segunda-feira";"13:10:00";"PR";369;158,2;"CAMBE";"Pista Escorregadia";"Queda de ocupante de veículo";"Com Vítimas Feridas";"Pleno dia";"Crescente";"Céu Claro";"Dupla";"Viaduto";"Sim";1;0;0;1;0;0;1;1;-23,28541483;-51,23525527;"SPRF-PR";"DEL07-PR";"UOP01-DEL07-PR"
108908;2018-02-05;"segunda-feira";"12:30:00";"MG";381;532;"ITATIAIUCU";"Falta de Atenção à Condução";"Saída de leito carroçável";"Com Vítimas Feridas";"Pleno dia";"Decrescente";"Chuva";"Dupla";"Curva";"Não";1;0;1;0;0;0;1;1;-20,1709;-44,3729;"SPRF-MG";"DEL04-MG";"UOP03-DEL04-MG"
108911;2018-02-05;"segunda-feira";"13:45:00";"PR";277;3;"PARANAGUA";"Falta de Atenção à Condução";"Colisão lateral";"Com Vítimas Feridas";"Pleno dia";"Decrescente";"Nublado";"Simples";"Reta";"Sim";2;0;1;0;1;0;1;2;-25,55730944;-48,55064392;"SPRF-PR";"DEL01-PR";"UOP05-DEL01-PR"
108912;2018-02-05;"segunda-feira";"07:10:00";"ES";101;392;"RIO NOVO DO SUL";"Falta de Atenção à Condução";"Saída de leito carroçável";"Com Vítimas Feridas";"Pleno dia";"Decrescente";"Chuva";"Simples";"Curva";"Não";3;0;2;0;1;0;2;1;-20,86739352;-40,9043017;"SPRF-ES";"DEL03-ES";"UOP02-DEL03-ES"
108913;2018-02-05;"segunda-feira";"13:00:00";"PE";101;136;"ESCADA";"Defeito Mecânico no Veículo";"Capotamento";"Com Vítimas Feridas";"Pleno dia";"Decrescente";"Sol";"Dupla";"Curva";"Não";1;0;1;0;0;0;1;1;-8,4146;-35,3106;"SPRF-PE";"DEL01-PE";"UOP03-DEL01-PE"
108914;2018-02-05;"segunda-feira";"12:00:00";"PE";316;278,3;"BELEM DE SAO FRANCISCO";"Animais na Pista";"Capotamento";"Com Vítimas Feridas";"Pleno dia";"Crescente";"Céu Claro";"Simples";"Reta";"Não";5;0;5;0;0;0;5;1;-8,71678863;-38,89634907;"SPRF-PE";"DEL04-PE";"UOP03-DEL04-PE"
108915;2018-02-05;"segunda-feira";"12:30:00";"BA";101;298;"VALENCA";"Falta de Atenção à Condução";"Saída de leito carroçável";"Com Vítimas Feridas";"Pleno dia";"Crescente";"Chuva";"Simples";"Curva";"Não";1;0;1;0;0;0;1;1;-13,241669;-39,326589;"SPRF-BA";"DEL01-BA";"UOP02-DEL01-BA"
108916;2018-02-05;"segunda-feira";"12:30:00";"PE";428;189,4;"PETROLINA";"Falta de Atenção à Condução";"Colisão lateral";"Com Vítimas Feridas";"Pleno dia";"Crescente";"Céu Claro";"Simples";"Rotatória";"Sim";2;0;1;0;0;1;1;2;-9,37460052;-40,48874438;"SPRF-PE";"DEL06-PE";"UOP01-DEL06-PE"
108917;2018-02-05;"segunda-feira";"14:00:00";"SC";101;209,5;"SAO JOSE";"Falta de Atenção à Condução";"Engavetamento";"Com Vítimas Feridas";"Pleno dia";"Decrescente";"Céu Claro";"Dupla";"Reta";"Sim";3;0;1;0;2;0;1;3;-27,6138555;-48,6425555;"SPRF-SC";"DEL01-SC";"UOP01-DEL01-SC"
108918;2018-02-05;"segunda-feira";"14:40:00";"MG";381;686,8;"LAVRAS";"Avarias e/ou desgaste excessivo no pneu";"Saída de leito carroçável";"Sem Vítimas";"Pleno dia";"Crescente";"Garoa/Chuvisco";"Dupla";"Curva;Declive";"Não";1;0;0;0;1;0;0;1;-21,17748897;-45,12451887;"SPRF-MG";"DEL04-MG";"UOP02-DEL04-MG"
108921;2018-02-05;"segunda-feira";"11:20:00";"PE";232;407,6;"SERRA TALHADA";"Ultrapassagem Indevida";"Colisão lateral";"Com Vítimas Feridas";"Pleno dia";"Decrescente";"Céu Claro";"Simples";"Reta";"Sim";3;0;1;0;2;0;1;2;-7,98463957;-38,27567518;"SPRF-PE";"DEL04-PE";"UOP01-DEL04-PE"
108927;2018-02-05;"segunda-feira";"15:00:00";"MG";381;907,5;"CAMBUI";"Velocidade Incompatível";"Colisão lateral";"Sem Vítimas";"Pleno dia";"Crescente";"Chuva";"Múltipla";"Curva";"Não";2;0;0;0;2;0;0;2;-22,67680254;-46,09675317;"SPRF-MG";"DEL16-MG";"UOP03-DEL16-MG"
108929;2018-02-05;"segunda-feira";"15:00:00";"PR";369;143,8;"LONDRINA";"Defeito Mecânico no Veículo";"Incêndio";"Sem Vítimas";"Pleno dia";"Crescente";"Nublado";"Dupla";"Declive;Reta";"Não";1;0;0;0;1;0;0;1;-23,29300784;-51,10146669;"SPRF-PR";"DEL07-PR";"UOP01-DEL07-PR"
108931;2018-02-05;"segunda-feira";"14:35:00";"RN";304;47;"MOSSORO";"Desobediência às normas de trânsito pelo condutor";"Colisão transversal";"Com Vítimas Feridas";"Pleno dia";"Crescente";"Nublado";"Dupla";"Reta";"Sim";2;0;1;0;1;0;1;2;-5,225972;-37,330868;"SPRF-RN";"DEL04-RN";"UOP01-DEL04-RN"
108934;2018-02-05;"segunda-feira";"15:40:00";"SP";116;27,7;"SILVEIRAS";"Pista Escorregadia";"Colisão transversal";"Sem Vítimas";"Pleno dia";"Decrescente";"Chuva";"Dupla";"Curva";"Não";1;0;0;0;1;0;0;1;-22,62395409;-44,91027474;"SPRF-SP";"DEL08-SP";"UOP02-DEL08-SP"
108935;2018-02-05;"segunda-feira";"09:50:00";"PB";230;463,1;"SOUSA";"Falta de Atenção à Condução";"Tombamento";"Com Vítimas Fatais";"Pleno dia";"Decrescente";"Céu Claro";"Simples";"Reta";"Sim";2;1;0;0;0;1;0;2;-6,77833;-38,22644992;"SPRF-PB";"DEL03-PB";"UOP03-DEL03-PB"
108936;2018-02-05;"segunda-feira";"16:10:00";"ES";101;87;"SAO MATEUS";"Falta de Atenção à Condução";"Saída de leito carroçável";"Com Vítimas Feridas";"Pleno dia";"Crescente";"Nublado";"Simples";"Reta";"Não";3;0;1;1;1;0;2;2;-18,8713059;-39,94322866;"SPRF-ES";"DEL04-ES";"UOP02-DEL04-ES"
108941;2018-02-05;"segunda-feira";"16:13:00";"MG";381;528,2;"BRUMADINHO";"Falta de Atenção à Condução";"Capotamento";"Sem Vítimas";"Pleno dia";"Crescente";"Chuva";"Dupla";"Curva";"Não";1;0;0;0;1;0;0;1;-20,16411963;-44,3383408;"SPRF-MG";"DEL04-MG";"UOP03-DEL04-MG"
108942;2018-02-05;"segunda-feira";"11:00:00";"PA";10;335;"SAO MIGUEL DO GUAMA";"Falta de Atenção à Condução";"Colisão lateral";"Com Vítimas Feridas";"Pleno dia";"Crescente";"Chuva";"Simples";"Reta";"Não";4;0;2;2;0;0;4;2;-1,58526218;-47,49750137;"SPRF-PA";"DEL01-PA";"UOP02-DEL01-PA"
108943;2018-02-05;"segunda-feira";"15:20:00";"RS";392;274;"CACAPAVA DO SUL";"Falta de Atenção à Condução";"Tombamento";"Com Vítimas Feridas";"Pleno dia";"Decrescente";"Céu Claro";"Simples";"Curva;Aclive";"Não";2;0;2;0;0;0;2;1;-30,358177;-53,518333;"SPRF-RS";"DEL09-RS";"UOP02-DEL09-RS"
108945;2018-02-05;"segunda-feira";"17:00:00";"GO";153;493,4;"GOIANIA";"Velocidade Incompatível";"Atropelamento de Pedestre";"Com Vítimas Feridas";"Pleno dia";"Decrescente";"Nublado";"Múltipla";"Aclive;Reta;Interseção de Vias";"Sim";2;0;0;1;1;0;1;2;-16,6506607;-49,21488054;"SPRF-GO";"DEL01-GO";"UOP01-DEL01-GO"
108946;2018-02-05;"segunda-feira";"14:00:00";"RN";101;96;"NATAL";"Falta de Atenção à Condução";"Colisão lateral";"Com Vítimas Feridas";"Pleno dia";"Crescente";"Céu Claro";"Dupla";"Reta";"Sim";2;0;2;0;0;0;2;2;-5,84724782;-35,20849943;"SPRF-RN";"DEL01-RN";"UOP01-DEL01-RN"
108947;2018-02-05;"segunda-feira";"17:50:00";"RS";116;257,1;"ESTEIO";"Desobediência às normas de trânsito pelo condutor";"Colisão transversal";"Com Vítimas Feridas";"Pleno dia";"Crescente";"Céu Claro";"Simples";"Reta";"Sim";4;0;4;0;0;0;4;2;-29,85351372;-51,18032003;"SPRF-RS";"DEL01-RS";"UOP02-DEL01-RS"
108950;2018-02-05;"segunda-feira";"16:50:00";"MG";262;380;"JUATUBA";"Pista Escorregadia";"Saída de leito carroçável";"Com Vítimas Feridas";"Pleno dia";"Decrescente";"Chuva";"Dupla";"Curva";"Não";1;0;1;0;0;0;1;1;-19,9356;-44,4406;"SPRF-MG";"DEL01-MG";"UOP03-DEL01-MG"
108953;2018-01-18;"quinta-feira";"13:10:00";"PR";158;523;"PATO BRANCO";"Pista Escorregadia";"Colisão transversal";"Com Vítimas Feridas";"Pleno dia";"Decrescente";"Ignorado";"Simples";"Reta";"Sim";1;0;1;0;0;0;1;1;-26,23695814;-52,6915884;"SPRF-PR";"DEL02-PR";"UOP01-DEL02-PR"
108954;2018-02-05;"segunda-feira";"16:20:00";"BA";324;542;"AMELIA RODRIGUES";"Defeito Mecânico no Veículo";"Saída de leito carroçável";"Sem Vítimas";"Pleno dia";"Decrescente";"Sol";"Dupla";"Curva";"Sim";1;0;0;0;1;0;0;1;-12,40191604;-38,75653356;"SPRF-BA";"DEL01-BA";"UOP01-DEL01-BA"
108955;2018-02-05;"segunda-feira";"17:00:00";"PB";101;89,5;"JOAO PESSOA";"Falta de Atenção à Condução";"Colisão transversal";"Com Vítimas Feridas";"Pleno dia";"Decrescente";"Sol";"Dupla";"Reta";"Sim";2;0;1;0;1;0;1;2;-7,17810344;-34,89960826;"SPRF-PB";"DEL01-PB";"UOP01-DEL01-PB"
108956;2018-02-05;"segunda-feira";"15:50:00";"RJ";101;325;"NITEROI";"Falta de Atenção à Condução";"Colisão lateral";"Com Vítimas Feridas";"Pleno dia";"Decrescente";"Chuva";"Dupla";"Reta";"Não";2;0;1;0;1;0;1;2;-22,8783273;-43,1145218;"SPRF-RJ";"DEL02-RJ";"UOP02-DEL02-RJ"
108957;2018-02-05;"segunda-feira";"17:00:00";"RS";285;458;"IJUI";"Ingestão de Álcool";"Colisão transversal";"Com Vítimas Feridas";"Pleno dia";"Crescente";"Sol";"Simples";"Interseção de Vias";"Sim";2;0;1;0;1;0;1;2;-28,400869;-53,898464;"SPRF-RS";"DEL10-RS";"UOP01-DEL10-RS"
108958;2018-02-05;"segunda-feira";"18:00:00";"PR";116;15;"COLOMBO";"Falta de Atenção à Condução";"Capotamento";"Com Vítimas Feridas";"Pleno dia";"Decrescente";"Céu Claro";"Dupla";"Reta";"Sim";1;0;1;0;0;0;1;1;-25,38727801;-49,17763174;"SPRF-PR";"DEL01-PR";"UOP02-DEL01-PR"
108961;2018-02-05;"segunda-feira";"18:20:00";"MG";50;151,2;"UBERABA";"Velocidade Incompatível";"Saída de leito carroçável";"Com Vítimas Feridas";"Pleno dia";"Decrescente";"Chuva";"Dupla";"Reta";"Não";4;0;4;0;0;0;4;1;-19,57485;-48,03218;"SPRF-MG";"DEL13-MG";"UOP01-DEL13-MG"
108962;2018-02-05;"segunda-feira";"16:20:00";"PR";277;560,6;"CASCAVEL";"Ultrapassagem Indevida";"Colisão traseira";"Com Vítimas Feridas";"Pleno dia";"Decrescente";"Sol";"Simples";"Curva";"Não";3;0;1;0;2;0;1;2;-25,06558056;-53,21803428;"SPRF-PR";"DEL04-PR";"UOP04-DEL04-PR"
108963;2018-02-05;"segunda-feira";"16:30:00";"PR";369;183;"ARAPONGAS";"Ingestão de Álcool";"Colisão traseira";"Sem Vítimas";"Pleno dia";"Crescente";"Sol";"Dupla";"Reta";"Sim";2;0;0;0;2;0;0;2;-23,39614807;-51,42532457;"SPRF-PR";"DEL07-PR";"UOP03-DEL07-PR"
108964;2018-02-05;"segunda-feira";"18:20:00";"PR";277;578,7;"CASCAVEL";"Falta de Atenção à Condução";"Colisão traseira";"Sem Vítimas";"Pleno dia";"Crescente";"Sol";"Simples";"Reta";"Não";5;0;0;0;4;1;0;3;-24,98294607;-53,35703373;"SPRF-PR";"DEL04-PR";"UOP01-DEL04-PR"
108965;2018-02-05;"segunda-feira";"18:30:00";"SC";282;3;"FLORIANOPOLIS";"Falta de Atenção à Condução";"Colisão lateral";"Com Vítimas Feridas";"Pleno dia";"Crescente";"Céu Claro";"Dupla";"Reta";"Sim";2;0;1;0;1;0;1;2;-27,59783642;-48,60024668;"SPRF-SC";"DEL01-SC";"UOP01-DEL01-SC"
108967;2018-02-05;"segunda-feira";"16:40:00";"SE";235;49,2;"ITABAIANA";"Falta de Atenção à Condução";"Colisão traseira";"Com Vítimas Feridas";"Pleno dia";"Crescente";"Céu Claro";"Simples";"Aclive";"Sim";2;0;1;0;1;0;1;2;-10,71453219;-37,42250363;"SPRF-SE";"DEL01-SE";"UOP02-DEL01-SE"
108969;2018-02-05;"segunda-feira";"11:15:00";"MT";70;301;"PRIMAVERA DO LESTE";"Falta de Atenção à Condução";"Saída de leito carroçável";"Sem Vítimas";"Pleno dia";"Decrescente";"Céu Claro";"Simples";"Reta";"Não";1;0;0;0;1;0;0;1;-15,578269;-54,48061;"SPRF-MT";"DEL05-MT";"UOP01-DEL05-MT"
108971;2018-02-05;"segunda-feira";"17:50:00";"MG";381;333;"NOVA ERA";"Velocidade Incompatível";"Saída de leito carroçável";"Com Vítimas Feridas";"Pleno dia";"Crescente";"Chuva";"Dupla";"Reta";"Não";2;0;2;0;0;0;2;1;-19,750475;-43,037865;"SPRF-MG";"DEL03-MG";"UOP01-DEL03-MG"
108972;2018-02-05;"segunda-feira";"15:20:00";"MG";381;338;"NOVA ERA";"Velocidade Incompatível";"Capotamento";"Sem Vítimas";"Pleno dia";"Crescente";"Chuva";"Simples";"Curva";"Não";1;0;0;0;1;0;0;1;-19,750475;-43,037865;"SPRF-MG";"DEL03-MG";"UOP01-DEL03-MG"
108973;2018-02-05;"segunda-feira";"07:14:00";"RS";116;499,6;"PELOTAS";"Falta de Atenção à Condução";"Saída de leito carroçável";"Com Vítimas Feridas";"Pleno dia";"Crescente";"Sol";"Simples";"Reta";"Não";2;0;1;0;1;0;1;1;-31,772423;-52,34297;"SPRF-RS";"DEL07-RS";"UOP01-DEL07-RS"
108974;2018-02-05;"segunda-feira";"17:50:00";"SP";116;273;"TABOAO DA SERRA";"Falta de Atenção à Condução";"Colisão lateral";"Com Vítimas Feridas";"Pleno dia";"Decrescente";"Céu Claro";"Dupla";"Reta";"Sim";2;0;1;0;1;0;1;2;-23,6457822;-46,83265686;"SPRF-SP";"DEL04-SP";"UOP01-DEL04-SP"
108975;2018-02-05;"segunda-feira";"17:00:00";"MG";40;633;"CONSELHEIRO LAFAIETE";"Desobediência às normas de trânsito pelo condutor";"Colisão lateral";"Com Vítimas Feridas";"Pleno dia";"Decrescente";"Chuva";"Simples";"Interseção de Vias";"Sim";2;0;1;0;1;0;1;2;-20,68830904;-43,79052222;"SPRF-MG";"DEL05-MG";"UOP02-DEL05-MG"
108976;2018-02-05;"segunda-feira";"19:45:00";"RS";287;250,4;"SANTA MARIA";"Sinalização da via insuficiente ou inadequada";"Colisão transversal";"Com Vítimas Feridas";"Pleno dia";"Decrescente";"Sol";"Simples";"Desvio Temporário";"Sim";2;0;1;0;1;0;1;2;-29,69104925;-53,87016982;"SPRF-RS";"DEL09-RS";"UOP01-DEL09-RS"
108977;2018-02-05;"segunda-feira";"17:15:00";"MG";262;483,5;"BOM DESPACHO";"Avarias e/ou desgaste excessivo no pneu";"Saída de leito carroçável";"Sem Vítimas";"Pleno dia";"Crescente";"Céu Claro";"Simples";"Reta";"Não";1;0;0;0;1;0;0;1;-19,78593654;-45,30673742;"SPRF-MG";"DEL08-MG";"UOP03-DEL08-MG"
108978;2018-02-05;"segunda-feira";"18:35:00";"SE";101;156;"ESTANCIA";"Falta de Atenção à Condução";"Queda de ocupante de veículo";"Com Vítimas Feridas";"Plena Noite";"Decrescente";"Céu Claro";"Simples";"Curva";"Não";1;0;1;0;0;0;1;1;-11,2898;-37,4685;"SPRF-SE";"DEL02-SE";"UOP01-DEL02-SE"
108979;2018-02-05;"segunda-feira";"20:15:00";"SC";470;100;"APIUNA";"Falta de Atenção à Condução";"Colisão transversal";"Com Vítimas Feridas";"Plena Noite";"Decrescente";"Nublado";"Simples";"Reta";"Sim";2;0;1;0;1;0;1;2;-27,03520849;-49,38943774;"SPRF-SC";"DEL04-SC";"UOP02-DEL04-SC"
108981;2018-02-05;"segunda-feira";"15:15:00";"RJ";116;39,6;"SAO JOSE DO VALE DO RIO PRETO";"Fenômenos da Natureza";"Saída de leito carroçável";"Com Vítimas Feridas";"Pleno dia";"Crescente";"Chuva";"Simples";"Reta";"Não";4;0;1;0;3;0;1;1;-22,12935622;-42,7801609;"SPRF-RJ";"DEL04-RJ";"UOP01-DEL04-RJ"
108984;2018-02-05;"segunda-feira";"16:40:00";"PR";277;97;"CURITIBA";"Falta de Atenção à Condução";"Saída de leito carroçável";"Com Vítimas Feridas";"Pleno dia";"Crescente";"Céu Claro";"Dupla";"Reta";"Sim";1;0;0;1;0;0;1;1;-25,430092;-49,348053;"SPRF-PR";"DEL01-PR";"UOP06-DEL01-PR"
108985;2018-02-05;"segunda-feira";"19:30:00";"MG";262;384;"MATEUS LEME";"Velocidade Incompatível";"Capotamento";"Sem Vítimas";"Plena Noite";"Crescente";"Chuva";"Múltipla";"Curva";"Não";1;0;0;0;1;0;0;1;-19,92096632;-44,46896553;"SPRF-MG";"DEL01-MG";"UOP03-DEL01-MG"
108987;2018-02-05;"segunda-feira";"18:50:00";"SC";280;23,6;"ARAQUARI";"Falta de Atenção à Condução";"Colisão transversal";"Com Vítimas Feridas";"Anoitecer";"Decrescente";"Nublado";"Simples";"Reta";"Sim";3;0;1;0;2;0;1;2;-26,37477678;-48,71660622;"SPRF-SC";"DEL03-SC";"UOP03-DEL03-SC"
108988;2018-02-05;"segunda-feira";"19:45:00";"PE";101;66,1;"RECIFE";"Falta de Atenção à Condução";"Colisão lateral";"Com Vítimas Feridas";"Plena Noite";"Decrescente";"Céu Claro";"Simples";"Reta";"Sim";2;0;0;1;1;0;1;2;-8,04227991;-34,94311998;"SPRF-PE";"DEL01-PE";"UOP01-DEL01-PE"
108990;2018-02-05;"segunda-feira";"19:50:00";"AL";316;267,7;"SATUBA";"Animais na Pista";"Atropelamento de Animal";"Sem Vítimas";"Plena Noite";"Crescente";"Vento";"Simples";"Reta";"Não";3;0;0;0;3;0;0;1;-9,58352759;-35,84024549;"SPRF-AL";"DEL02-AL";"UOP01-DEL02-AL"
108993;2018-02-05;"segunda-feira";"20:55:00";"ES";101;143;"LINHARES";"Velocidade Incompatível";"Capotamento";"Com Vítimas Feridas";"Plena Noite";"Decrescente";"Nublado";"Múltipla";"Interseção de Vias";"Não";2;0;1;0;1;0;1;1;-19,39159;-40,072563;"SPRF-ES";"DEL04-ES";"UOP01-DEL04-ES"
108995;2018-02-05;"segunda-feira";"18:50:00";"PA";316;78;"CASTANHAL";"Animais na Pista";"Atropelamento de Animal";"Sem Vítimas";"Plena Noite";"Crescente";"Chuva";"Simples";"Reta";"Não";5;0;0;0;5;0;0;1;-1,30500129;-47,78608365;"SPRF-PA";"DEL01-PA";"UOP01-DEL01-PA"
108996;2018-02-05;"segunda-feira";"16:15:00";"MG";50;2;"UBERLANDIA";"Pista Escorregadia";"Saída de leito carroçável";"Sem Vítimas";"Pleno dia";"Crescente";"Chuva";"Dupla";"Declive";"Não";1;0;0;0;1;0;0;1;-18,85693712;-48,25061135;"SPRF-MG";"DEL15-MG";"UOP01-DEL15-MG"
108997;2018-02-04;"domingo";"12:10:00";"PI";135;514;"GILBUES";"Falta de Atenção à Condução";"Colisão com objeto estático";"Com Vítimas Fatais";"Pleno dia";"Decrescente";"Chuva";"Simples";"Reta";"Não";4;1;0;1;2;0;1;1;-9,826421;-45,334484;"SPRF-PI";"DEL03-PI";"UOP02-DEL03-PI"
108998;2018-02-05;"segunda-feira";"21:30:00";"GO";153;422,5;"ANAPOLIS";"Falta de Atenção do Pedestre";"Atropelamento de Pedestre";"Com Vítimas Feridas";"Plena Noite";"Crescente";"Céu Claro";"Dupla";"Reta";"Não";2;0;0;2;0;0;2;2;-16,20312212;-49,02254226;"SPRF-GO";"DEL02-GO";"UOP01-DEL02-GO"
109002;2018-02-05;"segunda-feira";"22:15:00";"SP";116;130;"CACAPAVA";"Falta de Atenção do Pedestre";"Atropelamento de Pedestre";"Com Vítimas Fatais";"Plena Noite";"Crescente";"Céu Claro";"Dupla";"Reta";"Sim";2;1;0;0;1;0;0;2;-23,123142;-45,727932;"SPRF-SP";"DEL06-SP";"UOP02-DEL02-SP"
109005;2018-02-05;"segunda-feira";"21:40:00";"TO";153;507;"PARAISO DO TOCANTINS";"Defeito na Via";"Tombamento";"Com Vítimas Feridas";"Plena Noite";"Crescente";"Nublado";"Simples";"Reta";"Não";1;0;1;0;0;0;1;1;-10,26338458;-48,8798225;"SPRF-TO";"DEL02-TO";"UOP01-DEL01-TO"
109008;2018-02-05;"segunda-feira";"19:00:00";"RN";406;150;"CEARA-MIRIM";"Falta de Atenção à Condução";"Colisão com objeto em movimento";"Com Vítimas Feridas";"Plena Noite";"Decrescente";"Céu Claro";"Simples";"Reta";"Sim";2;0;2;0;0;0;2;2;-5,64971358;-35,43261141;"SPRF-RN";"DEL02-RN";"UOP01-DEL02-RN"
109010;2018-02-05;"segunda-feira";"21:30:00";"PE";232;470;"MIRANDIBA";"Animais na Pista";"Atropelamento de Animal";"Com Vítimas Feridas";"Plena Noite";"Crescente";"Céu Claro";"Simples";"Curva";"Não";2;0;1;1;0;0;2;1;-8,02531992;-38,77714209;"SPRF-PE";"DEL05-PE";"UOP01-DEL05-PE"
109011;2018-02-05;"segunda-feira";"20:15:00";"RS";290;381,8;"SANTA MARGARIDA DO SUL";"Falta de Atenção à Condução";"Colisão com objeto estático";"Sem Vítimas";"Anoitecer";"Decrescente";"Nublado";"Simples";"Reta";"Não";1;0;0;0;1;0;0;1;-30,34650293;-53,97102295;"SPRF-RS";"DEL09-RS";"UOP02-DEL09-RS"
109012;2018-02-05;"segunda-feira";"20:15:00";"SC";101;413,3;"ARARANGUA";"Ingestão de Álcool";"Colisão com objeto estático";"Com Vítimas Feridas";"Anoitecer";"Decrescente";"Nublado";"Simples";"Rotatória";"Sim";1;0;1;0;0;0;1;1;-28,9494037;-49,50671732;"SPRF-SC";"DEL02-SC";"UOP02-DEL02-SC"
109013;2018-02-05;"segunda-feira";"23:38:00";"ES";101;267,8;"SERRA";"Falta de Atenção à Condução";"Colisão com objeto estático";"Sem Vítimas";"Plena Noite";"Crescente";"Chuva";"Múltipla";"Reta";"Sim";1;0;0;0;0;1;0;1;-20,129093;-40,308125;"SPRF-ES";"DEL02-ES";"UOP01-DEL02-ES"
109015;2018-02-05;"segunda-feira";"23:10:00";"GO";153;520,5;"HIDROLANDIA";"Ingestão de Álcool";"Tombamento";"Com Vítimas Feridas";"Plena Noite";"Crescente";"Chuva";"Dupla";"Aclive";"Não";1;0;1;0;0;0;1;1;-16,88010135;-49,25315025;"SPRF-GO";"DEL01-GO";"UOP03-DEL01-GO"
109018;2018-02-05;"segunda-feira";"23:40:00";"PR";277;242,2;"IRATI";"Animais na Pista";"Atropelamento de Animal";"Sem Vítimas";"Plena Noite";"Crescente";"Nublado";"Simples";"Curva";"Não";1;0;0;0;1;0;0;1;-25,45373748;-50,64908624;"SPRF-PR";"DEL03-PR";"UOP02-DEL08-PR"
109019;2018-02-05;"segunda-feira";"22:00:00";"AP";156;801,9;"OIAPOQUE";"Falta de Atenção à Condução";"Colisão transversal";"Com Vítimas Feridas";"Plena Noite";"Decrescente";"Céu Claro";"Simples";"Reta";"Sim";2;0;2;0;0;0;2;2;3,8427067;-51,8354;"SPRF-AP";"DEL01-AP";"UOP03-DEL01-AP"
109022;2018-02-05;"segunda-feira";"23:30:00";"SP";116;149;"SAO JOSE DOS CAMPOS";"Falta de Atenção à Condução";"Colisão lateral";"Sem Vítimas";"Plena Noite";"Decrescente";"Nublado";"Múltipla";"Reta";"Sim";2;0;0;0;1;1;0;2;-23,20890211;-45,88778973;"SPRF-SP";"DEL02-SP";"UOP01-DEL02-SP"
109023;2018-02-06;"terça-feira";"01:00:00";"SC";470;69,6;"INDAIAL";"Falta de Atenção à Condução";"Colisão com objeto estático";"Com Vítimas Feridas";"Plena Noite";"Crescente";"Céu Claro";"Simples";"Interseção de Vias";"Sim";1;0;1;0;0;0;1;1;-26,87464003;-49,2354092;"SPRF-SC";"DEL04-SC";"UOP01-DEL04-SC"
109026;2018-02-06;"terça-feira";"01:10:00";"MG";153;113,4;"PRATA";"Não guardar distância de segurança";"Colisão lateral";"Com Vítimas Feridas";"Plena Noite";"Decrescente";"Nublado";"Simples";"Aclive;Reta";"Não";2;0;1;0;1;0;1;1;-19,29601633;-48,91288876;"SPRF-MG";"DEL15-MG";"UOP03-DEL15-MG"
109027;2018-02-05;"segunda-feira";"23:30:00";"MG";267;277,9;"AIURUOCA";"Velocidade Incompatível";"Saída de leito carroçável";"Com Vítimas Fatais";"Plena Noite";"Crescente";"Ignorado";"Simples";"Curva";"Não";3;2;1;0;0;0;1;1;-21,9404979;-44,67453003;"SPRF-MG";"DEL05-MG";"DEL5/4-UOP01/MG"
109034;2018-02-06;"terça-feira";"03:00:00";"PE";232;57,8;"POMBOS";"Falta de Atenção à Condução";"Queda de ocupante de veículo";"Com Vítimas Fatais";"Plena Noite";"Crescente";"Céu Claro";"Dupla";"Reta";"Sim";2;1;1;0;0;0;1;1;-8,14228984;-35,3846483;"SPRF-PE";"DEL01-PE";"UOP02-DEL02PE"
109036;2018-02-06;"terça-feira";"04:05:00";"SC";101;383,9;"ICARA";"Condutor Dormindo";"Colisão com objeto estático";"Sem Vítimas";"Plena Noite";"Crescente";"Nublado";"Dupla";"Declive";"Não";1;0;0;0;1;0;0;1;-28,76464572;-49,29372182;"SPRF-SC";"DEL02-SC";"UOP02-DEL02-SC"