"id";"data_inversa";"dia_semana";"horario";"uf";"br";"km";"municipio";"causa_acidente";"tipo_acidente";"classificacao_acidente";"fase_dia";"sentido_via";"condicao_metereologica";"tipo_pista";"tracado_via";"uso_solo";"pessoas";"mortos";"feridos_leves";"feridos_graves";"ilesos";"ignorados";"feridos";"veiculos";"latitude";"longitude";"regional";"delegacia";"uop"
109037;2018-02-06;"terça-feira";"04:30:00";"GO";20;131,7;"FLORES DE GOIAS";"Ultrapassagem Indevida";"Colisão frontal";"Com Vítimas Feridas";"Plena Noite";"Decrescente";"Nublado";"Simples";"Aclive";"Não";3;0;1;1;1;0;2;2;-14,83495081;-46,7273075;"SPRF-DF";"DEL02-DF";"UOP03-DEL02-DF"
109040;2018-02-05;"segunda-feira";"22:00:00";"MT";70;712;"CACERES";"Velocidade Incompatível";"Saída de leito carroçável";"Sem Vítimas";"Plena Noite";"Crescente";"Chuva";"Simples";"Curva";"Não";1;0;0;0;1;0;0;1;-16,20130755;-57,60024548;"SPRF-MT";"DEL03-MT";"UOP01-DEL03-MT"
109041;2018-02-06;"terça-feira";"05:35:00";"SC";470;69;"INDAIAL";"Falta de Atenção à Condução";"Colisão com objeto estático";"Com Vítimas Feridas";"Plena Noite";"Decrescente";"Céu Claro";"Simples";"Rotatória";"Não";1;0;0;1;0;0;1;1;-26,87539694;-49,23636675;"SPRF-SC";"DEL04-SC";"UOP01-DEL04-SC"
109043;2018-02-06;"terça-feira";"05:35:00";"SP";116;230,1;"SAO PAULO";"Mal Súbito";"Colisão traseira";"Com Vítimas Feridas";"Amanhecer";"Crescente";"Nublado";"Múltipla";"Reta";"Sim";3;0;1;0;2;0;1;3;-23,51740409;-46,58340454;"SPRF-SP";"DEL01-SP";"UOP01-DEL01-SP"
109048;2018-02-06;"terça-feira";"06:21:00";"GO";70;3;"AGUAS LINDAS DE GOIAS";"Não guardar distância de segurança";"Colisão traseira";"Com Vítimas Feridas";"Amanhecer";"Crescente";"Garoa/Chuvisco";"Dupla";"Curva";"Não";4;0;1;0;3;0;1;4;-15,7723;-48,2309;"SPRF-DF";"DEL01-DF";"UOP02-DEL03-DF"
109049;2018-02-06;"terça-feira";"05:30:00";"MG";40;519;"CONTAGEM";"Avarias e/ou desgaste excessivo no pneu";"Queda de ocupante de veículo";"Com Vítimas Feridas";"Pleno dia";"Crescente";"Garoa/Chuvisco";"Dupla";"Reta";"Sim";2;0;1;0;1;0;1;1;-19,84654253;-44,07338164;"SPRF-MG";"DEL01-MG";"UOP03-DEL01-MG"
109053;2018-02-06;"terça-feira";"06:00:00";"TO";153;202,2;"NOVA OLINDA";"Falta de Atenção à Condução";"Colisão transversal";"Com Vítimas Fatais";"Amanhecer";"Crescente";"Chuva";"Simples";"Reta";"Não";2;1;0;0;1;0;0;2;-7,667872;-48,426018;"SPRF-TO";"DEL02-TO";"UOP01-DEL02-TO"
109056;2018-02-05;"segunda-feira";"14:45:00";"MG";381;346;"BELA VISTA DE MINAS";"Pista Escorregadia";"Capotamento";"Sem Vítimas";"Pleno dia";"Decrescente";"Chuva";"Simples";"Curva";"Não";1;0;0;0;1;0;0;1;-19,830753;-43,091476;"SPRF-MG";"DEL03-MG";"UOP01-DEL03-MG"
109057;2018-02-06;"terça-feira";"06:40:00";"MG";365;631,5;"UBERLANDIA";"Falta de Atenção à Condução";"Colisão traseira";"Com Vítimas Feridas";"Pleno dia";"Decrescente";"Nublado";"Dupla";"Retorno Regulamentado";"Sim";2;0;1;0;1;0;1;2;-18,9015616;-48,3551082;"SPRF-MG";"DEL15-MG";"UOP01-DEL15-MG"
109058;2018-02-06;"terça-feira";"06:30:00";"PR";277;579;"CASCAVEL";"Velocidade Incompatível";"Colisão traseira";"Sem Vítimas";"Amanhecer";"Decrescente";"Céu Claro";"Simples";"Reta";"Não";5;0;0;0;5;0;0;5;-24,98396168;-53,365556;"SPRF-PR";"DEL04-PR";"UOP01-DEL04-PR"
109062;2018-02-05;"segunda-feira";"16:30:00";"MG";365;646;"UBERLANDIA";"Velocidade Incompatível";"Capotamento";"Com Vítimas Feridas";"Pleno dia";"Decrescente";"Chuva";"Dupla";"Retorno Regulamentado";"Não";2;0;1;0;1;0;1;1;-18,884;-48,4739;"SPRF-MG";"DEL15-MG";"UOP01-DEL15-MG"
109063;2018-02-06;"terça-feira";"07:45:00";"SC";470;71;"INDAIAL";"Falta de Atenção do Pedestre";"Atropelamento de Pedestre";"Com Vítimas Feridas";"Pleno dia";"Crescente";"Sol";"Simples";"Reta";"Sim";2;0;1;0;1;0;1;2;-26,88383739;-49,24732089;"SPRF-SC";"DEL04-SC";"UOP01-DEL04-SC"
109065;2018-02-06;"terça-feira";"06:30:00";"BA";324;618,8;"SALVADOR";"Falta de Atenção à Condução";"Colisão traseira";"Com Vítimas Feridas";"Pleno dia";"Crescente";"Céu Claro";"Dupla";"Reta";"Sim";3;0;2;0;1;0;2;2;-12,905178;-38,455869;"SPRF-BA";"DEL01-BA";"UOP01-DEL01-BA"
109066;2018-02-06;"terça-feira";"07:00:00";"RJ";101;262;"RIO BONITO";"Defeito Mecânico no Veículo";"Capotamento";"Com Vítimas Feridas";"Amanhecer";"Crescente";"Chuva";"Dupla";"Curva";"Sim";2;0;2;0;0;0;2;1;-22,71516082;-42,62177134;"SPRF-RJ";"DEL02-RJ";"UOP03-DEL02-RJ"
109067;2018-02-06;"terça-feira";"07:10:00";"SC";282;2;"FLORIANOPOLIS";"Ultrapassagem Indevida";"Colisão traseira";"Com Vítimas Feridas";"Pleno dia";"Decrescente";"Céu Claro";"Dupla";"Reta";"Sim";2;0;0;1;1;0;1;2;-27,60379741;-48,58410175;"SPRF-SC";"DEL01-SC";"UOP01-DEL01-SC"
109069;2018-02-06;"terça-feira";"06:25:00";"BA";324;618,8;"SALVADOR";"Defeito Mecânico no Veículo";"Incêndio";"Com Vítimas Feridas";"Pleno dia";"Decrescente";"Céu Claro";"Múltipla";"Reta";"Sim";1;0;1;0;0;0;1;1;-12,971561;-38,511154;"SPRF-BA";"DEL01-BA";"UOP01-DEL01-BA"
109070;2018-02-06;"terça-feira";"08:05:00";"ES";101;293,1;"CARIACICA";"Defeito na Via";"Queda de ocupante de veículo";"Com Vítimas Feridas";"Pleno dia";"Decrescente";"Chuva";"Múltipla";"Reta";"Sim";2;0;2;0;0;0;2;1;-20,3160999;-40,3938335;"SPRF-ES";"DEL01-ES";"UOP01-DEL01-ES"
109071;2018-02-06;"terça-feira";"07:45:00";"RS";448;3,6;"ESTEIO";"Não guardar distância de segurança";"Colisão traseira";"Com Vítimas Feridas";"Pleno dia";"Crescente";"Céu Claro";"Dupla";"Reta";"Não";3;0;1;0;2;0;1;2;-29,84503665;-51,1982118;"SPRF-RS";"DEL01-RS";"UOP02-DEL01-RS"
109072;2018-02-06;"terça-feira";"08:10:00";"PR";369;151,8;"LONDRINA";"Objeto estático sobre o leito carroçável";"Colisão traseira";"Sem Vítimas";"Pleno dia";"Crescente";"Céu Claro";"Dupla";"Declive";"Sim";3;0;0;0;3;0;0;2;-23,310745;-51,163204;"SPRF-PR";"DEL07-PR";"UOP01-DEL07-PR"
109073;2018-02-06;"terça-feira";"07:10:00";"SP";116;269,1;"TABOAO DA SERRA";"Falta de Atenção à Condução";"Colisão traseira";"Com Vítimas Feridas";"Pleno dia";"Crescente";"Céu Claro";"Dupla";"Reta";"Sim";2;0;1;0;1;0;1;2;-23,6078;-46,7529;"SPRF-SP";"DEL04-SP";"UOP01-DEL04-SP"
109074;2018-02-06;"terça-feira";"08:00:00";"MG";262;468;"BOM DESPACHO";"Pista Escorregadia";"Queda de ocupante de veículo";"Com Vítimas Feridas";"Pleno dia";"Crescente";"Chuva";"Simples";"Reta";"Não";1;0;1;0;0;0;1;1;-19,736858;-45,2526;"SPRF-MG";"DEL08-MG";"UOP03-DEL08-MG"
109081;2018-02-06;"terça-feira";"07:35:00";"CE";116;5;"FORTALEZA";"Não guardar distância de segurança";"Colisão traseira";"Com Vítimas Feridas";"Pleno dia";"Decrescente";"Céu Claro";"Dupla";"Reta";"Sim";3;0;1;1;1;0;2;2;-3,79737598;-38,50624591;"SPRF-CE";"DEL01-CE";"UOP02-DEL01-CE"
109086;2018-02-05;"segunda-feira";"23:00:00";"MS";267;329;"RIO BRILHANTE";"Condutor Dormindo";"Saída de leito carroçável";"Com Vítimas Fatais";"Plena Noite";"Decrescente";"Céu Claro";"Simples";"Reta";"Não";2;1;0;1;0;0;1;1;-21,601262;-54,836763;"SPRF-MS";"DEL02-MS";"UOP02-DEL02-MS"
109087;2018-02-06;"terça-feira";"08:30:00";"RJ";116;312,3;"ITATIAIA";"Avarias e/ou desgaste excessivo no pneu";"Tombamento";"Com Vítimas Feridas";"Pleno dia";"Crescente";"Nublado";"Dupla";"Reta";"Não";1;0;0;1;0;0;1;1;-22,46862331;-44,51351166;"SPRF-RJ";"DEL07-RJ";"DEL5/7-UOP03/RJ"
109088;2018-02-06;"terça-feira";"08:55:00";"MG";381;532;"ITATIAIUCU";"Pista Escorregadia";"Saída de leito carroçável";"Sem Vítimas";"Pleno dia";"Crescente";"Chuva";"Dupla";"Curva";"Não";3;0;0;0;3;0;0;1;-20,1709;-44,3729;"SPRF-MG";"DEL04-MG";"UOP03-DEL04-MG"
109089;2018-02-06;"terça-feira";"06:30:00";"PE";101;72;"RECIFE";"Falta de Atenção à Condução";"Capotamento";"Sem Vítimas";"Pleno dia";"Crescente";"Ignorado";"Dupla";"Curva";"Sim";1;0;0;0;0;1;0;1;-8,086168;-34,946178;"SPRF-PE";"DEL01-PE";"UOP01-DEL01-PE"
109091;2018-02-06;"terça-feira";"08:55:00";"SC";101;199,8;"BIGUACU";"Não guardar distância de segurança";"Colisão traseira";"Com Vítimas Feridas";"Pleno dia";"Crescente";"Chuva";"Dupla";"Reta";"Não";8;0;2;0;6;0;2;6;-27,53532736;-48,62835131;"SPRF-SC";"DEL01-SC";"UOP01-DEL01-SC"
109096;2018-02-06;"terça-feira";"08:15:00";"RS";290;94;"PORTO ALEGRE";"Desobediência às normas de trânsito pelo condutor";"Colisão traseira";"Com Vítimas Feridas";"Pleno dia";"Crescente";"Céu Claro";"Dupla";"Reta";"Sim";3;0;2;0;0;1;2;2;-29,97716728;-51,20007634;"SPRF-RS";"DEL01-RS";"UOP01-DEL01-RS"
109104;2018-02-06;"terça-feira";"08:30:00";"MG";116;327;"CAMPANARIO";"Animais na Pista";"Colisão frontal";"Com Vítimas Feridas";"Pleno dia";"Crescente";"Céu Claro";"Simples";"Reta";"Não";5;0;3;1;1;0;4;2;-18,2387;-41,7256;"SPRF-MG";"DEL11-MG";"UOP01-DEL11-MG"
109108;2018-02-06;"terça-feira";"09:00:00";"AL";424;95;"MARECHAL DEODORO";"Pista Escorregadia";"Capotamento";"Com Vítimas Feridas";"Pleno dia";"Crescente";"Céu Claro";"Simples";"Reta";"Não";1;0;1;0;0;0;1;1;-9,710712;-35,895298;"SPRF-AL";"DEL02-AL";"UOP01-DEL02-AL"
109109;2018-01-05;"sexta-feira";"17:05:00";"SC";101;205;"SAO JOSE";"Não guardar distância de segurança";"Colisão lateral";"Com Vítimas Feridas";"Pleno dia";"Crescente";"Céu Claro";"Dupla";"Reta";"Sim";2;0;1;0;1;0;1;2;-27,592;-48,6181;"SPRF-SC";"DEL01-SC";"UOP01-DEL01-SC"
109111;2018-02-06;"terça-feira";"08:50:00";"RJ";101;283;"ITABORAI";"Falta de Atenção à Condução";"Colisão com objeto estático";"Com Vítimas Feridas";"Pleno dia";"Crescente";"Chuva";"Dupla";"Curva";"Sim";3;0;1;0;2;0;1;1;-22,73591;-42,805927;"SPRF-RJ";"DEL02-RJ";"UOP03-DEL02-RJ"
109112;2018-02-06;"terça-feira";"08:50:00";"SC";282;212,2;"LAGES";"Restrição de Visibilidade";"Colisão lateral";"Com Vítimas Feridas";"Pleno dia";"Decrescente";"Céu Claro";"Simples";"Reta";"Não";3;0;2;0;1;0;2;2;-27,78286671;-50,25348867;"SPRF-SC";"DEL05-SC";"UOP01-DEL05-SC"
109115;2018-02-06;"terça-feira";"09:50:00";"MS";163;254;"DOURADOS";"Carga excessiva e/ou mal acondicionada";"Queda de ocupante de veículo";"Com Vítimas Feridas";"Pleno dia";"Crescente";"Céu Claro";"Dupla";"Rotatória";"Não";2;0;1;0;1;0;1;1;-22,27302833;-54,81750995;"SPRF-MS";"DEL04-MS";"UOP01-DEL04-MS"
109118;2018-02-06;"terça-feira";"10:00:00";"CE";116;2;"FORTALEZA";"Falta de Atenção do Pedestre";"Atropelamento de Pedestre";"Com Vítimas Feridas";"Pleno dia";"Decrescente";"Chuva";"Múltipla";"Reta";"Não";2;0;0;1;1;0;1;2;-3,78478112;-38,51531982;"SPRF-CE";"DEL01-CE";"UOP02-DEL01-CE"
109121;2018-02-06;"terça-feira";"08:10:00";"MG";116;178,9;"PADRE PARAISO";"Falta de Atenção à Condução";"Colisão lateral";"Com Vítimas Feridas";"Pleno dia";"Crescente";"Chuva";"Simples";"Reta";"Sim";2;0;0;1;1;0;1;2;-17,0679;-41,4821;"SPRF-MG";"DEL11-MG";"UOP02-DEL11-MG"
109122;2018-01-14;"domingo";"00:45:00";"SE";101;48,7;"CAPELA";"Falta de Atenção à Condução";"Saída de leito carroçável";"Sem Vítimas";"Plena Noite";"Decrescente";"Ignorado";"Dupla";"Aclive";"Não";2;0;0;0;2;0;0;1;-10,503772;-37,053085;"SPRF-SE";"DEL02-SE";"UOP02-DEL02-SE"
109123;2018-02-06;"terça-feira";"07:00:00";"MG";262;442;"NOVA SERRANA";"Falta de Atenção à Condução";"Colisão traseira";"Sem Vítimas";"Pleno dia";"Crescente";"Chuva";"Dupla";"Reta";"Sim";2;0;0;0;1;1;0;2;-19,880623;-44,912323;"SPRF-MG";"DEL08-MG";"UOP03-DEL08-MG"
109124;2018-02-06;"terça-feira";"07:20:00";"RS";290;92;"PORTO ALEGRE";"Velocidade Incompatível";"Colisão traseira";"Com Vítimas Feridas";"Pleno dia";"Decrescente";"Céu Claro";"Múltipla";"Curva";"Sim";3;0;2;0;1;0;2;2;-29,971916;-51,176838;"SPRF-RS";"DEL01-RS";"UOP01-DEL01-RS"
109126;2018-01-26;"sexta-feira";"17:40:00";"PR";277;642;"CEU AZUL";"Velocidade Incompatível";"Colisão traseira";"Com Vítimas Feridas";"Pleno dia";"Decrescente";"Nublado";"Simples";"Reta";"Não";4;0;2;0;2;0;2;2;-25,182899;-53,87112;"SPRF-PR";"DEL05-PR";"UOP02-DEL05-PR"
109127;2018-02-06;"terça-feira";"08:00:00";"MS";262;354,8;"CAMPO GRANDE";"Falta de Atenção à Condução";"Colisão transversal";"Com Vítimas Feridas";"Pleno dia";"Crescente";"Céu Claro";"Simples";"Reta";"Não";2;0;1;0;1;0;1;2;-20,55136281;-54,67008141;"SPRF-MS";"DEL01-MS";"UOP03-DEL01-MS"
109128;2018-02-06;"terça-feira";"12:00:00";"SP";116;279,4;"EMBU DAS ARTES";"Falta de Atenção à Condução";"Queda de ocupante de veículo";"Com Vítimas Feridas";"Pleno dia";"Decrescente";"Céu Claro";"Dupla";"Reta";"Sim";1;0;1;0;0;0;1;1;-23,64230793;-46,83781743;"SPRF-SP";"DEL04-SP";"UOP01-DEL04-SP"
109129;2018-02-06;"terça-feira";"12:40:00";"DF";40;0;"BRASILIA";"Falta de Atenção à Condução";"Colisão com objeto estático";"Sem Vítimas";"Pleno dia";"Crescente";"Garoa/Chuvisco";"Simples";"Curva";"Sim";1;0;0;0;1;0;0;1;-15,976897;-47,990129;"SPRF-DF";"DEL01-DF";"UOP01-DEL01-DF"
109130;2018-02-06;"terça-feira";"07:10:00";"BA";101;858,5;"TEIXEIRA DE FREITAS";"Falta de Atenção à Condução";"Colisão transversal";"Sem Vítimas";"Pleno dia";"Crescente";"Céu Claro";"Simples";"Reta";"Não";2;0;0;0;2;0;0;2;-17,38655;-39,66323;"SPRF-BA";"DEL09-BA";"UOP02-DEL09-BA"
109131;2018-02-06;"terça-feira";"11:40:00";"SC";101;284,2;"IMBITUBA";"Velocidade Incompatível";"Colisão com objeto estático";"Com Vítimas Feridas";"Pleno dia";"Crescente";"Céu Claro";"Dupla";"Curva;Viaduto";"Sim";1;0;0;1;0;0;1;1;-28,23302922;-48,70197415;"SPRF-SC";"DEL02-SC";"UOP03-DEL02-SC"
109133;2018-02-06;"terça-feira";"13:17:00";"DF";40;5;"BRASILIA";"Falta de Atenção à Condução";"Colisão transversal";"Com Vítimas Feridas";"Pleno dia";"Decrescente";"Céu Claro";"Dupla";"Retorno Regulamentado";"Não";2;0;1;0;0;1;1;2;-16,020903;-47,980541;"SPRF-DF";"DEL01-DF";"UOP01-DEL01-DF"
109134;2018-02-06;"terça-feira";"10:00:00";"MG";262;382;"JUATUBA";"Defeito na Via";"Capotamento";"Com Vítimas Feridas";"Pleno dia";"Decrescente";"Chuva";"Dupla";"Curva";"Não";1;0;1;0;0;0;1;1;-19,937637;-44,44563809;"SPRF-MG";"DEL01-MG";"UOP03-DEL01-MG"
109138;2018-02-06;"terça-feira";"12:15:00";"SE";235;4,1;"NOSSA SENHORA DO SOCORRO";"Falta de Atenção à Condução";"Colisão traseira";"Sem Vítimas";"Pleno dia";"Decrescente";"Céu Claro";"Dupla";"Reta";"Sim";2;0;0;0;2;0;0;2;-10,90625575;-37,11290717;"SPRF-SE";"DEL01-SE";"UOP01-DEL01-SE"
109140;2018-01-22;"segunda-feira";"11:50:00";"SP";116;18,1;"LAVRINHAS";"Condutor Dormindo";"Colisão com objeto estático";"Sem Vítimas";"Pleno dia";"Decrescente";"Sol";"Dupla";"Reta";"Não";2;0;0;0;2;0;0;1;-22,5588733;-44,85750889;"SPRF-SP";"DEL08-SP";"UOP02-DEL08-SP"
109141;2018-02-06;"terça-feira";"11:45:00";"RS";386;74,8;"BOA VISTA DAS MISSOES";"Desobediência às normas de trânsito pelo condutor";"Colisão transversal";"Sem Vítimas";"Pleno dia";"Crescente";"Céu Claro";"Simples";"Interseção de Vias";"Sim";3;0;0;0;3;0;0;2;-27,68565621;-53,30841064;"SPRF-RS";"DEL08-RS";"UOP02-DEL08-RS"
109142;2018-02-06;"terça-feira";"13:35:00";"SP";116;290;"ITAPECERICA DA SERRA";"Animais na Pista";"Atropelamento de Animal";"Com Vítimas Feridas";"Pleno dia";"Decrescente";"Céu Claro";"Dupla";"Curva";"Sim";2;0;1;0;1;0;1;1;-23,72029704;-46,88526571;"SPRF-SP";"DEL04-SP";"UOP01-DEL04-SP"
109143;2018-02-06;"terça-feira";"13:00:00";"MG";50;62;"UBERLANDIA";"Pista Escorregadia";"Saída de leito carroçável";"Com Vítimas Feridas";"Pleno dia";"Crescente";"Chuva";"Dupla";"Curva";"Não";1;0;1;0;0;0;1;1;-18,9146078;-48,2753801;"SPRF-MG";"DEL15-MG";"UOP02-DEL15-MG"
109145;2018-02-06;"terça-feira";"05:45:00";"AP";156;39,1;"LARANJAL DO JARI";"Defeito na Via";"Saída de leito carroçável";"Sem Vítimas";"Amanhecer";"Crescente";"Céu Claro";"Simples";"Curva";"Não";1;0;0;0;1;0;0;1;-0,840829;-52,519063;"SPRF-AP";"DEL01-AP";"UOP01-DEL01-AP"
109146;2018-02-06;"terça-feira";"11:15:00";"PE";232;127;"CARUARU";"Falta de Atenção à Condução";"Colisão transversal";"Com Vítimas Feridas";"Pleno dia";"Crescente";"Céu Claro";"Simples";"Reta";"Sim";2;0;0;1;1;0;1;2;-8,30400676;-35,96340179;"SPRF-PE";"DEL02-PE";"UOP03-DEL02-PE"
109147;2018-02-06;"terça-feira";"12:30:00";"RJ";101;243;"SILVA JARDIM";"Não guardar distância de segurança";"Colisão traseira";"Com Vítimas Feridas";"Pleno dia";"Decrescente";"Nublado";"Dupla";"Retorno Regulamentado";"Não";2;0;1;0;1;0;1;2;-22,638527;-42,464127;"SPRF-RJ";"DEL02-RJ";"UOP03-DEL02-RJ"
109149;2018-02-06;"terça-feira";"10:20:00";"MA";135;268;"CAPINZAL DO NORTE";"Falta de Atenção à Condução";"Colisão transversal";"Com Vítimas Feridas";"Pleno dia";"Decrescente";"Céu Claro";"Simples";"Reta";"Sim";2;0;2;0;0;0;2;2;-4,73349023;-44,33145493;"SPRF-MA";"DEL03-MA";"UOP01-DEL03-MA"
109150;2018-02-06;"terça-feira";"13:50:00";"SC";101;208;"SAO JOSE";"Falta de Atenção à Condução";"Colisão lateral";"Com Vítimas Feridas";"Pleno dia";"Decrescente";"Céu Claro";"Múltipla";"Interseção de Vias";"Sim";3;0;2;0;1;0;2;2;-27,6101;-48,6388;"SPRF-SC";"DEL01-SC";"UOP01-DEL01-SC"
109151;2018-02-06;"terça-feira";"13:51:00";"SP";116;217,7;"GUARULHOS";"Defeito Mecânico no Veículo";"Colisão traseira";"Com Vítimas Feridas";"Pleno dia";"Decrescente";"Nublado";"Múltipla";"Reta";"Sim";1;0;1;0;0;0;1;1;-23,463257;-46,53373;"SPRF-SP";"DEL01-SP";"UOP01-DEL01-SP"
109152;2018-02-06;"terça-feira";"13:40:00";"PR";116;117;"CURITIBA";"Mal Súbito";"Colisão com objeto em movimento";"Com Vítimas Feridas";"Pleno dia";"Crescente";"Sol";"Múltipla";"Reta";"Sim";2;0;1;0;1;0;1;2;-25,428255;-49,27348;"SPRF-PR";"DEL01-PR";"UOP03-DEL01-PR"
109153;2018-02-06;"terça-feira";"12:35:00";"RN";110;48;"MOSSORO";"Falta de Atenção à Condução";"Queda de ocupante de veículo";"Com Vítimas Feridas";"Pleno dia";"Crescente";"Céu Claro";"Simples";"Reta";"Sim";2;0;1;0;0;1;1;2;-5,208813;-37,332851;"SPRF-RN";"DEL04-RN";"UOP01-DEL04-RN"
109154;2018-02-06;"terça-feira";"11:00:00";"PR";373;394,5;"CANDOI";"Não guardar distância de segurança";"Colisão frontal";"Com Vítimas Feridas";"Pleno dia";"Crescente";"Sol";"Simples";"Reta";"Não";2;0;0;2;0;0;2;2;-25,5414656;-52,0114209;"SPRF-PR";"DEL03-PR";"UOP01-DEL08-PR"
109155;2018-02-06;"terça-feira";"11:35:00";"RO";364;766;"PORTO VELHO";"Pista Escorregadia";"Queda de ocupante de veículo";"Com Vítimas Feridas";"Pleno dia";"Crescente";"Chuva";"Simples";"Reta";"Não";1;0;1;0;0;0;1;1;-9,1434523;-64,17692006;"SPRF-RO";"DEL01-RO";"UOP02-DEL01-RO"
109159;2018-02-06;"terça-feira";"11:30:00";"RJ";40;72,8;"PETROPOLIS";"Pista Escorregadia";"Colisão com objeto estático";"Com Vítimas Feridas";"Pleno dia";"Decrescente";"Chuva";"Simples";"Reta";"Não";1;0;1;0;0;0;1;1;-22,46290886;-43,22257876;"SPRF-RJ";"DEL06-RJ";"UOP01-DEL06-RJ"
109161;2018-02-06;"terça-feira";"13:40:00";"MG";40;245;"SAO GONCALO DO ABAETE";"Não guardar distância de segurança";"Colisão traseira";"Sem Vítimas";"Pleno dia";"Crescente";"Nublado";"Simples";"Declive";"Não";2;0;0;0;2;0;0;2;-18,09465;-45,475784;"SPRF-MG";"DEL14-MG";"UOP02-DEL14-MG"
109162;2018-02-06;"terça-feira";"01:00:00";"PE";428;125,4;"LAGOA GRANDE";"Animais na Pista";"Atropelamento de Animal";"Sem Vítimas";"Plena Noite";"Decrescente";"Nublado";"Simples";"Reta";"Não";1;0;0;0;1;0;0;1;-8,92984371;-40,11027932;"SPRF-PE";"DEL06-PE";"UOP03-DEL06-PE"
109163;2018-02-06;"terça-feira";"15:00:00";"MG";381;646,1;"SANTO ANTONIO DO AMPARO";"Velocidade Incompatível";"Saída de leito carroçável";"Sem Vítimas";"Pleno dia";"Crescente";"Chuva";"Dupla";"Curva";"Não";2;0;0;0;2;0;0;1;-20,94878036;-44,88642047;"SPRF-MG";"DEL04-MG";"UOP01-DEL04-MG"
109164;2018-02-06;"terça-feira";"15:10:00";"MG";262;376;"JUATUBA";"Pista Escorregadia";"Capotamento";"Com Vítimas Feridas";"Pleno dia";"Crescente";"Chuva";"Dupla";"Curva";"Não";1;0;1;0;0;0;1;1;-19,93333233;-44,40330505;"SPRF-MG";"DEL01-MG";"UOP03-DEL01-MG"
109166;2018-02-06;"terça-feira";"15:10:00";"MG";40;453,1;"CAETANOPOLIS";"Velocidade Incompatível";"Saída de leito carroçável";"Sem Vítimas";"Pleno dia";"Decrescente";"Chuva";"Dupla";"Reta";"Não";2;0;0;0;2;0;0;1;-19,35632059;-44,34827964;"SPRF-MG";"DEL02-MG";"UOP01-DEL02-MG"
109167;2018-02-06;"terça-feira";"14:50:00";"GO";60;82,4;"ANAPOLIS";"Falta de Atenção à Condução";"Saída de leito carroçável";"Com Vítimas Feridas";"Pleno dia";"Decrescente";"Céu Claro";"Múltipla";"Declive;Reta";"Não";1;0;1;0;0;0;1;1;-16,31427096;-48,8409968;"SPRF-GO";"DEL02-GO";"UOP01-DEL02-GO"
109169;2018-02-06;"terça-feira";"13:30:00";"PA";316;60;"CASTANHAL";"Desobediência às normas de trânsito pelo condutor";"Colisão lateral";"Com Vítimas Feridas";"Pleno dia";"Decrescente";"Céu Claro";"Dupla";"Reta";"Sim";3;0;2;0;1;0;2;3;-1,2942672;-47,92676;"SPRF-PA";"DEL01-PA";"UOP01-DEL01-PA"
109171;2018-02-06;"terça-feira";"15:25:00";"SC";101;442,9;"SANTA ROSA DO SUL";"Velocidade Incompatível";"Colisão traseira";"Com Vítimas Feridas";"Pleno dia";"Decrescente";"Céu Claro";"Dupla";"Em Obras";"Não";4;0;1;0;2;1;1;3;-29,13006297;-49,68799121;"SPRF-SC";"DEL02-SC";"UOP02-DEL02-SC"
109173;2018-02-06;"terça-feira";"14:15:00";"RN";304;38,5;"MOSSORO";"Falta de Atenção à Condução";"Colisão traseira";"Com Vítimas Feridas";"Pleno dia";"Decrescente";"Céu Claro";"Dupla";"Reta";"Sim";2;0;1;0;1;0;1;2;-5,181406;-37,36834;"SPRF-RN";"DEL04-RN";"UOP02-DEL04-RN"
109174;2018-01-28;"domingo";"01:00:00";"RN";101;99;"NATAL";"Condutor Dormindo";"Colisão com objeto estático";"Sem Vítimas";"Plena Noite";"Decrescente";"Céu Claro";"Múltipla";"Reta";"Sim";1;0;0;0;1;0;0;1;-5,87365;-35,220673;"SPRF-RN";"DEL01-RN";"UOP01-DEL01-RN"
109175;2018-02-06;"terça-feira";"15:50:00";"SC";280;52,3;"GUARAMIRIM";"Falta de Atenção à Condução";"Colisão transversal";"Com Vítimas Feridas";"Pleno dia";"Crescente";"Céu Claro";"Simples";"Reta";"Sim";2;0;1;0;1;0;1;2;-26,46994031;-48,96772108;"SPRF-SC";"DEL03-SC";"UOP03-DEL03-SC"
109176;2018-02-06;"terça-feira";"15:00:00";"BA";324;545;"AMELIA RODRIGUES";"Falta de Atenção à Condução";"Colisão transversal";"Com Vítimas Feridas";"Pleno dia";"Crescente";"Chuva";"Dupla";"Reta";"Sim";4;0;1;0;3;0;1;2;-12,418752;-38,748421;"SPRF-BA";"DEL01-BA";"UOP01-DEL01-BA"
109177;2018-02-06;"terça-feira";"15:40:00";"RS";116;0,4;"PORTO ALEGRE";"Não guardar distância de segurança";"Colisão traseira";"Com Vítimas Feridas";"Pleno dia";"Crescente";"Céu Claro";"Simples";"Reta";"Sim";2;0;1;0;1;0;1;2;-29,96989944;-51,17682695;"SPRF-RS";"DEL01-RS";"UOP01-DEL01-RS"
109183;2018-02-06;"terça-feira";"14:10:00";"SC";163;103;"SAO JOSE DO CEDRO";"Falta de Atenção à Condução";"Engavetamento";"Sem Vítimas";"Pleno dia";"Decrescente";"Céu Claro";"Dupla";"Reta";"Não";3;0;0;0;3;0;0;3;-26,462091;-53,507706;"SPRF-SC";"DEL07-SC";"UOP03-DEL07-SC"