"id";"data_inversa";"dia_semana";"horario";"uf";"br";"km";"municipio";"causa_acidente";"tipo_acidente";"classificacao_acidente";"fase_dia";"sentido_via";"condicao_metereologica";"tipo_pista";"tracado_via";"uso_solo";"pessoas";"mortos";"feridos_leves";"feridos_graves";"ilesos";"ignorados";"feridos";"veiculos";"latitude";"longitude";"regional";"delegacia";"uop"
109185;2018-02-06;"terça-feira";"15:30:00";"MS";163;742,4;"COXIM";"Condutor Dormindo";"Colisão com objeto estático";"Com Vítimas Feridas";"Pleno dia";"Crescente";"Céu Claro";"Simples";"Reta";"Não";4;0;4;0;0;0;4;1;-18,50711;-54,760437;"SPRF-MS";"DEL06-MS";"UOP01-DEL06-MS"
109186;2018-02-06;"terça-feira";"14:00:00";"RO";364;362;"JI-PARANA";"Defeito na Via";"Saída de leito carroçável";"Sem Vítimas";"Pleno dia";"Crescente";"Céu Claro";"Simples";"Reta";"Não";1;0;0;0;1;0;0;1;-10,777059;-62,074444;"SPRF-RO";"DEL02-RO";"UOP01-DEL02-RO"
109187;2018-02-06;"terça-feira";"16:45:00";"SC";101;203;"SAO JOSE";"Falta de Atenção à Condução";"Colisão transversal";"Com Vítimas Feridas";"Pleno dia";"Decrescente";"Sol";"Múltipla";"Interseção de Vias";"Sim";2;0;1;0;1;0;1;2;-27,57257281;-48,61339957;"SPRF-SC";"DEL01-SC";"UOP01-DEL01-SC"
109192;2018-02-06;"terça-feira";"17:30:00";"GO";153;499;"GOIANIA";"Não guardar distância de segurança";"Colisão traseira";"Com Vítimas Feridas";"Pleno dia";"Crescente";"Céu Claro";"Dupla";"Reta";"Sim";6;0;1;0;4;1;1;3;-16,7033;-49,2311;"SPRF-GO";"DEL01-GO";"UOP01-DEL01-GO"
109193;2018-02-06;"terça-feira";"17:30:00";"MG";40;557,9;"NOVA LIMA";"Velocidade Incompatível";"Colisão com objeto estático";"Com Vítimas Feridas";"Pleno dia";"Crescente";"Garoa/Chuvisco";"Dupla";"Curva";"Sim";1;0;1;0;0;0;1;1;-20,11079556;-43,97268659;"SPRF-MG";"DEL01-MG";"UOP02-DEL01-MG"
109196;2018-02-06;"terça-feira";"17:30:00";"ES";101;1;"VITORIA";"Falta de Atenção à Condução";"Colisão lateral";"Com Vítimas Feridas";"Pleno dia";"Decrescente";"Céu Claro";"Simples";"Reta";"Sim";2;0;1;0;1;0;1;2;-20,27727583;-40,28659345;"SPRF-ES";"DEL02-ES";"UOP01-DEL02-ES"
109198;2018-02-06;"terça-feira";"18:15:00";"SP";153;120,6;"UBARANA";"Ultrapassagem Indevida";"Capotamento";"Com Vítimas Feridas";"Pleno dia";"Crescente";"Céu Claro";"Simples";"Reta;Declive";"Não";1;0;1;0;0;0;1;1;-21,17552056;-49,71789071;"SPRF-SP";"DEL09-SP";"UOP01-DEL09-SP"
109202;2018-02-06;"terça-feira";"16:30:00";"BA";116;219;"EUCLIDES DA CUNHA";"Ultrapassagem Indevida";"Colisão frontal";"Com Vítimas Feridas";"Pleno dia";"Crescente";"Céu Claro";"Simples";"Reta";"Sim";4;0;3;0;1;0;3;2;-10,5079365;-39,016155;"SPRF-BA";"DEL07-BA";"UOP02-DEL07-BA"
109203;2018-02-06;"terça-feira";"18:30:00";"RS";290;88;"PORTO ALEGRE";"Falta de Atenção à Condução";"Colisão traseira";"Sem Vítimas";"Anoitecer";"Decrescente";"Céu Claro";"Múltipla";"Reta";"Não";3;0;0;0;3;0;0;3;-29,967531;-51,137264;"SPRF-RS";"DEL01-RS";"UOP01-DEL01-RS"
109206;2018-02-06;"terça-feira";"17:50:00";"PR";476;135;"CURITIBA";"Falta de Atenção à Condução";"Queda de ocupante de veículo";"Com Vítimas Feridas";"Pleno dia";"Decrescente";"Céu Claro";"Múltipla";"Reta";"Sim";1;0;1;0;0;0;1;1;-25,483786;-49,265808;"SPRF-PR";"DEL01-PR";"UOP01-DEL01-PR"
109207;2018-02-06;"terça-feira";"18:40:00";"SC";101;213,9;"PALHOCA";"Falta de Atenção à Condução";"Queda de ocupante de veículo";"Com Vítimas Feridas";"Pleno dia";"Decrescente";"Céu Claro";"Múltipla";"Reta";"Sim";1;0;1;0;0;0;1;1;-27,63794931;-48,66564679;"SPRF-SC";"DEL01-SC";"UOP02-DEL01-SC"
109208;2018-02-06;"terça-feira";"17:40:00";"BA";116;423;"FEIRA DE SANTANA";"Falta de Atenção à Condução";"Colisão transversal";"Com Vítimas Feridas";"Anoitecer";"Decrescente";"Nublado";"Simples";"Reta";"Não";2;0;1;0;0;1;1;2;-12,267113;-38,966988;"SPRF-BA";"DEL02-BA";"UOP01-DEL02-BA"
109211;2018-02-06;"terça-feira";"17:45:00";"MG";40;562,3;"NOVA LIMA";"Falta de Atenção à Condução";"Saída de leito carroçável";"Com Vítimas Feridas";"Pleno dia";"Decrescente";"Chuva";"Dupla";"Reta";"Não";1;0;1;0;0;0;1;1;-20,14968106;-43,96105023;"SPRF-MG";"DEL01-MG";"UOP02-DEL01-MG"
109213;2018-02-06;"terça-feira";"18:30:00";"ES";101;145,9;"LINHARES";"Desobediência às normas de trânsito pelo condutor";"Colisão transversal";"Com Vítimas Feridas";"Pleno dia";"Crescente";"Nublado";"Múltipla";"Retorno Regulamentado";"Sim";2;0;1;0;1;0;1;2;-19,39159;-40,072563;"SPRF-ES";"DEL04-ES";"UOP01-DEL04-ES"
109214;2018-02-06;"terça-feira";"18:50:00";"MG";40;523;"CONTAGEM";"Falta de Atenção à Condução";"Colisão lateral";"Com Vítimas Feridas";"Anoitecer";"Decrescente";"Nublado";"Dupla";"Reta";"Sim";2;0;1;0;1;0;1;2;-19,879;-44,051;"SPRF-MG";"DEL01-MG";"UOP03-DEL01-MG"
109215;2018-02-06;"terça-feira";"17:00:00";"MT";70;767;"CACERES";"Falta de Atenção à Condução";"Saída de leito carroçável";"Com Vítimas Feridas";"Pleno dia";"Decrescente";"Céu Claro";"Simples";"Reta";"Não";2;0;1;0;1;0;1;1;-16,10915324;-57,915802;"SPRF-MT";"DEL03-MT";"UOP01-DEL03-MT"
109220;2018-02-06;"terça-feira";"18:20:00";"SC";470;144,2;"RIO DO SUL";"Falta de Atenção à Condução";"Colisão transversal";"Sem Vítimas";"Pleno dia";"Decrescente";"Céu Claro";"Simples";"Reta";"Não";2;0;0;0;2;0;0;2;-27,23552581;-49,67855956;"SPRF-SC";"DEL04-SC";"UOP02-DEL04-SC"
109225;2018-02-06;"terça-feira";"20:12:00";"SP";116;202,5;"ARUJA";"Falta de Atenção à Condução";"Colisão com objeto estático";"Com Vítimas Feridas";"Plena Noite";"Crescente";"Céu Claro";"Múltipla";"Declive";"Não";1;0;1;0;0;0;1;1;-23,40150458;-46,33003235;"SPRF-SP";"DEL01-SP";"UOP02-DEL01-SP"
109228;2018-02-06;"terça-feira";"19:15:00";"GO";40;21,3;"LUZIANIA";"Ingestão de Álcool";"Atropelamento de Pedestre";"Com Vítimas Feridas";"Pleno dia";"Decrescente";"Céu Claro";"Dupla";"Reta";"Sim";2;0;0;1;1;0;1;2;-16,22118645;-47,91518358;"SPRF-DF";"DEL01-DF";"UOP01-DEL01-DF"
109231;2018-02-06;"terça-feira";"19:10:00";"SC";101;149;"ITAPEMA";"Animais na Pista";"Atropelamento de Animal";"Com Vítimas Feridas";"Plena Noite";"Crescente";"Céu Claro";"Simples";"Reta";"Sim";1;0;1;0;0;0;1;1;-27,10192147;-48,61656189;"SPRF-SC";"DEL04-SC";"UOP03-DEL04-SC"
109233;2018-02-06;"terça-feira";"17:30:00";"CE";304;51,6;"ARACATI";"Falta de Atenção à Condução";"Colisão transversal";"Com Vítimas Feridas";"Anoitecer";"Decrescente";"Ignorado";"Simples";"Interseção de Vias";"Não";3;0;1;1;1;0;2;2;-4,56947731;-37,74818851;"SPRF-CE";"DEL03-CE";"UOP03-DEL03-CE"
109237;2018-02-06;"terça-feira";"19:50:00";"MG";365;445;"GUIMARANIA";"Pista Escorregadia";"Capotamento";"Sem Vítimas";"Anoitecer";"Decrescente";"Chuva";"Simples";"Curva";"Não";2;0;0;0;0;2;0;1;-18,8438;-46,7932;"SPRF-MG";"DEL10-MG";"UOP01-DEL10-MG"
109241;2018-02-06;"terça-feira";"17:30:00";"RJ";393;289,4;"VOLTA REDONDA";"Desobediência às normas de trânsito pelo condutor";"Colisão transversal";"Com Vítimas Feridas";"Pleno dia";"Decrescente";"Nublado";"Dupla";"Reta";"Sim";2;0;1;0;1;0;1;2;-22,51695748;-44,10874754;"SPRF-RJ";"DEL05-RJ";"UOP04-DEL05-RJ"
109242;2018-02-06;"terça-feira";"17:05:00";"SC";280;24;"ARAQUARI";"Não guardar distância de segurança";"Atropelamento de Pedestre";"Com Vítimas Feridas";"Pleno dia";"Decrescente";"Sol";"Simples";"Reta";"Sim";2;0;1;0;1;0;1;2;-26,37726;-48,719547;"SPRF-SC";"DEL03-SC";"UOP03-DEL03-SC"
109243;2018-02-06;"terça-feira";"21:05:00";"SC";101;38,7;"JOINVILLE";"Falta de Atenção à Condução";"Colisão frontal";"Com Vítimas Feridas";"Plena Noite";"Crescente";"Céu Claro";"Dupla";"Reta";"Sim";2;0;2;0;0;0;2;2;-26,29564955;-48,88401826;"SPRF-SC";"DEL03-SC";"UOP01-DEL03-SC"
109244;2018-02-06;"terça-feira";"21:20:00";"ES";259;55,1;"COLATINA";"Defeito na Via";"Tombamento";"Com Vítimas Feridas";"Plena Noite";"Decrescente";"Chuva";"Dupla";"Reta";"Não";2;0;2;0;0;0;2;1;-19,49735007;-40,646486;"SPRF-ES";"DEL02-ES";"UOP01-DEL02-ES"
109245;2018-02-06;"terça-feira";"21:40:00";"SP";116;222,8;"GUARULHOS";"Objeto estático sobre o leito carroçável";"Colisão com objeto estático";"Com Vítimas Feridas";"Plena Noite";"Crescente";"Nublado";"Múltipla";"Reta";"Sim";1;0;1;0;0;0;1;1;-23,47792445;-46,52905226;"SPRF-SP";"DEL01-SP";"UOP01-DEL01-SP"
109246;2018-01-18;"quinta-feira";"07:30:00";"PE";407;128;"PETROLINA";"Falta de Atenção à Condução";"Colisão lateral";"Sem Vítimas";"Pleno dia";"Crescente";"Ignorado";"Simples";"Reta";"Sim";1;0;0;0;1;0;0;1;-9,39216149;-40,52101135;"SPRF-PE";"DEL06-PE";"UOP01-DEL06-PE"
109249;2018-02-06;"terça-feira";"19:40:00";"CE";116;27;"ITAITINGA";"Animais na Pista";"Atropelamento de Animal";"Com Vítimas Feridas";"Plena Noite";"Decrescente";"Céu Claro";"Dupla";"Reta";"Não";1;0;0;1;0;0;1;1;-3,98635194;-38,5152824;"SPRF-CE";"DEL01-CE";"UOP02-DEL01-CE"
109250;2018-02-06;"terça-feira";"18:45:00";"SC";282;411;"CATANDUVAS";"Não guardar distância de segurança";"Colisão traseira";"Com Vítimas Feridas";"Pleno dia";"Decrescente";"Céu Claro";"Simples";"Reta;Aclive";"Não";5;0;2;0;3;0;2;3;-27,059202;-51,680046;"SPRF-SC";"DEL07-SC";"UOP05-DEL07-SC"
109252;2018-02-06;"terça-feira";"21:00:00";"MT";70;325;"DOM AQUINO";"Ultrapassagem Indevida";"Saída de leito carroçável";"Sem Vítimas";"Plena Noite";"Decrescente";"Céu Claro";"Simples";"Reta";"Não";2;0;0;0;2;0;0;2;-15,511809;-54,662647;"SPRF-MT";"DEL05-MT";"UOP01-DEL05-MT"
109253;2018-02-06;"terça-feira";"13:05:00";"RS";470;173;"VERANOPOLIS";"Falta de Atenção à Condução";"Colisão transversal";"Com Vítimas Feridas";"Pleno dia";"Decrescente";"Céu Claro";"Simples";"Reta";"Não";2;0;0;1;1;0;1;2;-28,9408;-51,5485;"SPRF-RS";"DEL06-RS";"UOP02-DEL06-RS"
109256;2018-02-04;"domingo";"09:55:00";"MS";463;70;"PONTA PORA";"Falta de Atenção à Condução";"Saída de leito carroçável";"Com Vítimas Feridas";"Pleno dia";"Decrescente";"Céu Claro";"Simples";"Reta";"Não";3;0;3;0;0;0;3;1;-22,47588046;-55,40656328;"SPRF-MS";"DEL04-MS";"UOP03-DEL04-MS"
109257;2018-02-06;"terça-feira";"23:15:00";"MG";40;517,7;"RIBEIRAO DAS NEVES";"Não guardar distância de segurança";"Colisão traseira";"Sem Vítimas";"Plena Noite";"Decrescente";"Nublado";"Dupla";"Reta";"Sim";3;0;0;0;3;0;0;3;-19,83292391;-44,0816294;"SPRF-MG";"DEL01-MG";"UOP03-DEL01-MG"
109261;2018-02-07;"quarta-feira";"00:05:00";"MG";381;671,5;"PERDOES";"Velocidade Incompatível";"Saída de leito carroçável";"Com Vítimas Feridas";"Plena Noite";"Crescente";"Garoa/Chuvisco";"Dupla";"Curva";"Não";1;0;1;0;0;0;1;1;-21,06620386;-45,05115038;"SPRF-MG";"DEL04-MG";"UOP02-DEL04-MG"
109263;2018-02-06;"terça-feira";"23:00:00";"RN";226;70,2;"TANGARA";"Animais na Pista";"Atropelamento de Animal";"Com Vítimas Feridas";"Plena Noite";"Crescente";"Céu Claro";"Simples";"Declive";"Sim";1;0;0;1;0;0;1;1;-6,19537643;-35,79574311;"SPRF-RN";"DEL01-RN";"UOP02-DEL01-RN"
109265;2018-02-07;"quarta-feira";"01:20:00";"MG";262;364;"JUATUBA";"Velocidade Incompatível";"Saída de leito carroçável";"Sem Vítimas";"Plena Noite";"Crescente";"Céu Claro";"Dupla";"Reta";"Não";1;0;0;0;0;1;0;1;-19,9735;-44,3155;"SPRF-MG";"DEL01-MG";"UOP03-DEL01-MG"
109266;2018-02-07;"quarta-feira";"00:10:00";"PA";316;157;"CAPANEMA";"Animais na Pista";"Atropelamento de Animal";"Sem Vítimas";"Plena Noite";"Crescente";"Nublado";"Simples";"Reta";"Não";1;0;0;0;1;0;0;1;-1,22911702;-47,16307064;"SPRF-PA";"DEL01-PA";"UOP03-DEL01-PA"
109267;2018-02-07;"quarta-feira";"02:00:00";"GO";60;113,7;"GOIANAPOLIS";"Ingestão de Álcool";"Colisão com objeto estático";"Com Vítimas Feridas";"Plena Noite";"Decrescente";"Céu Claro";"Dupla";"Reta";"Não";2;0;2;0;0;0;2;1;-16,46146775;-49,06152746;"SPRF-GO";"DEL01-GO";"UOP01-DEL01-GO"
109268;2018-02-06;"terça-feira";"20:40:00";"RO";435;130;"CEREJEIRAS";"Animais na Pista";"Atropelamento de Animal";"Com Vítimas Feridas";"Plena Noite";"Crescente";"Céu Claro";"Simples";"Reta";"Não";2;0;2;0;0;0;2;1;-13,189006;-60,877922;"SPRF-RO";"DEL04-RO";"UOP02-DEL04-RO"
109272;2018-02-07;"quarta-feira";"01:30:00";"RJ";101;283;"ITABORAI";"Falta de Atenção à Condução";"Colisão com objeto estático";"Sem Vítimas";"Plena Noite";"Decrescente";"Chuva";"Dupla";"Curva";"Sim";2;0;0;0;2;0;0;1;-22,73591;-42,805927;"SPRF-RJ";"DEL02-RJ";"UOP03-DEL02-RJ"
109274;2018-02-07;"quarta-feira";"04:45:00";"SC";470;58;"BLUMENAU";"Falta de Atenção à Condução";"Colisão transversal";"Com Vítimas Feridas";"Plena Noite";"Crescente";"Nublado";"Simples";"Interseção de Vias";"Sim";2;0;0;1;1;0;1;2;-26,8773331;-49,12988144;"SPRF-SC";"DEL04-SC";"UOP01-DEL04-SC"
109275;2018-02-07;"quarta-feira";"04:30:00";"RS";392;83,5;"PELOTAS";"Animais na Pista";"Atropelamento de Animal";"Com Vítimas Feridas";"Plena Noite";"Decrescente";"Céu Claro";"Simples";"Reta";"Não";1;0;1;0;0;0;1;1;-31,70480307;-52,41278887;"SPRF-RS";"DEL07-RS";"UOP01-DEL07-RS"
109277;2018-02-07;"quarta-feira";"05:10:00";"SC";470;3,1;"NAVEGANTES";"Condutor Dormindo";"Colisão frontal";"Com Vítimas Feridas";"Plena Noite";"Decrescente";"Céu Claro";"Simples";"Reta";"Sim";4;0;4;0;0;0;4;2;-26,87577886;-48,66786003;"SPRF-SC";"DEL04-SC";"UOP04-DEL04-SC"
109279;2018-02-07;"quarta-feira";"06:30:00";"RS";116;269;"PORTO ALEGRE";"Falta de Atenção à Condução";"Tombamento";"Com Vítimas Feridas";"Pleno dia";"Crescente";"Céu Claro";"Múltipla";"Reta";"Sim";1;0;1;0;0;0;1;1;-29,96309116;-51,17638707;"SPRF-RS";"DEL01-RS";"UOP01-DEL01-RS"
109282;2018-02-07;"quarta-feira";"04:40:00";"MG";262;490;"POMPEU";"Velocidade Incompatível";"Capotamento";"Com Vítimas Feridas";"Amanhecer";"Crescente";"Ignorado";"Simples";"Reta";"Não";1;0;1;0;0;0;1;1;-19;-45;"SPRF-MG";"DEL08-MG";"UOP03-DEL08-MG"
109284;2018-02-07;"quarta-feira";"07:50:00";"GO";153;437;"ANAPOLIS";"Desobediência às normas de trânsito pelo condutor";"Colisão transversal";"Com Vítimas Feridas";"Pleno dia";"Decrescente";"Nublado";"Simples";"Reta";"Não";4;0;1;0;3;0;1;2;-16,286884;-48,942978;"SPRF-GO";"DEL02-GO";"UOP01-DEL02-GO"
109285;2018-02-07;"quarta-feira";"07:00:00";"ES";101;276,5;"SERRA";"Falta de Atenção à Condução";"Saída de leito carroçável";"Com Vítimas Feridas";"Pleno dia";"Crescente";"Chuva";"Dupla";"Reta";"Não";1;0;1;0;0;0;1;1;-20,22869749;-40,28525591;"SPRF-ES";"DEL02-ES";"UOP01-DEL02-ES"
109287;2018-02-07;"quarta-feira";"08:00:00";"DF";20;1;"BRASILIA";"Falta de Atenção à Condução";"Queda de ocupante de veículo";"Com Vítimas Feridas";"Pleno dia";"Crescente";"Nublado";"Dupla";"Reta";"Não";2;0;1;0;1;0;1;2;-15,68783171;-47,85987854;"SPRF-DF";"DEL02-DF";"UOP01-DEL02-DF"
109288;2018-02-07;"quarta-feira";"07:20:00";"PR";116;121;"CURITIBA";"Falta de Atenção à Condução";"Colisão transversal";"Sem Vítimas";"Pleno dia";"Crescente";"Céu Claro";"Dupla";"Aclive;Reta";"Não";2;0;0;0;2;0;0;2;-25,63409785;-49,31213379;"SPRF-PR";"DEL01-PR";"UOP03-DEL01-PR"
109290;2018-02-07;"quarta-feira";"06:15:00";"SC";101;453,6;"SAO JOAO DO SUL";"Condutor Dormindo";"Saída de leito carroçável";"Sem Vítimas";"Amanhecer";"Crescente";"Céu Claro";"Dupla";"Curva";"Não";1;0;0;0;0;1;0;1;-29,20125008;-49,75312211;"SPRF-SC";"DEL02-SC";"UOP02-DEL02-SC"
109292;2018-02-07;"quarta-feira";"04:30:00";"PI";343;443,9;"AGUA BRANCA";"Pista Escorregadia";"Saída de leito carroçável";"Sem Vítimas";"Plena Noite";"Crescente";"Chuva";"Simples";"Reta";"Sim";1;0;0;0;1;0;0;1;-5,88767792;-42,64213444;"SPRF-PI";"DEL01-PI";"UOP02-DEL01-PI"
109293;2018-02-07;"quarta-feira";"05:10:00";"MT";174;83,8;"CACERES";"Animais na Pista";"Atropelamento de Animal";"Sem Vítimas";"Amanhecer";"Crescente";"Nublado";"Simples";"Reta";"Não";1;0;0;0;1;0;0;1;-15,954286;-57,777218;"SPRF-MT";"DEL03-MT";"UOP01-DEL03-MT"
109296;2018-02-07;"quarta-feira";"08:30:00";"RJ";116;179;"NOVA IGUACU";"Falta de Atenção à Condução";"Colisão traseira";"Com Vítimas Feridas";"Pleno dia";"Decrescente";"Nublado";"Múltipla";"Reta";"Sim";3;0;1;0;2;0;1;2;-22,78504467;-43,38775635;"SPRF-RJ";"DEL01-RJ";"UOP02-DEL01-RJ"
109297;2018-02-07;"quarta-feira";"08:55:00";"SP";153;62;"SAO JOSE DO RIO PRETO";"Falta de Atenção à Condução";"Colisão traseira";"Sem Vítimas";"Pleno dia";"Crescente";"Sol";"Dupla";"Aclive";"Sim";3;0;0;0;3;0;0;3;-20,81328;-49,356758;"SPRF-SP";"DEL09-SP";"UOP01-DEL09-SP"
109298;2018-02-07;"quarta-feira";"06:40:00";"RO";364;750;"PORTO VELHO";"Pista Escorregadia";"Saída de leito carroçável";"Sem Vítimas";"Amanhecer";"Crescente";"Chuva";"Simples";"Curva";"Não";2;0;0;0;2;0;0;1;-9,05844788;-64,01828516;"SPRF-RO";"DEL01-RO";"UOP02-DEL01-RO"
109299;2018-02-07;"quarta-feira";"09:15:00";"PR";476;136;"CURITIBA";"Falta de Atenção à Condução";"Colisão lateral";"Com Vítimas Feridas";"Pleno dia";"Decrescente";"Céu Claro";"Múltipla";"Reta";"Sim";2;0;1;0;1;0;1;2;-25,43982551;-49,24136643;"SPRF-PR";"DEL01-PR";"UOP01-DEL01-PR"
109305;2018-02-07;"quarta-feira";"08:45:00";"PR";376;186;"SARANDI";"Não guardar distância de segurança";"Queda de ocupante de veículo";"Com Vítimas Feridas";"Pleno dia";"Crescente";"Sol";"Dupla";"Reta";"Não";1;0;1;0;0;0;1;1;-23,4522;-51,8527;"SPRF-PR";"DEL07-PR";"UOP01-DEL09-PR"
109306;2018-02-07;"quarta-feira";"08:50:00";"PR";376;182;"SARANDI";"Falta de Atenção à Condução";"Colisão transversal";"Com Vítimas Feridas";"Pleno dia";"Decrescente";"Sol";"Múltipla";"Rotatória;Interseção de Vias;Curva";"Sim";2;0;2;0;0;0;2;2;-23,43684;-51,878807;"SPRF-PR";"DEL07-PR";"UOP01-DEL09-PR"
109307;2018-02-07;"quarta-feira";"09:03:00";"BA";101;945;"MUCURI";"Falta de Atenção à Condução";"Colisão frontal";"Com Vítimas Feridas";"Pleno dia";"Crescente";"Céu Claro";"Simples";"Aclive";"Não";7;0;1;0;6;0;1;2;-18,0856;-39,894;"SPRF-BA";"DEL09-BA";"UOP02-DEL09-BA"
109308;2018-02-07;"quarta-feira";"06:50:00";"PI";316;8,7;"TERESINA";"Falta de Atenção à Condução";"Colisão traseira";"Sem Vítimas";"Pleno dia";"Decrescente";"Garoa/Chuvisco";"Simples";"Reta";"Sim";2;0;0;0;2;0;0;2;-5,17116904;-42,76703716;"SPRF-PI";"DEL01-PI";"UOP02-DEL01-PI"
109310;2018-02-06;"terça-feira";"19:00:00";"PA";222;72;"RONDON DO PARA";"Pista Escorregadia";"Saída de leito carroçável";"Com Vítimas Feridas";"Amanhecer";"Crescente";"Chuva";"Simples";"Reta";"Não";3;0;0;1;2;0;1;1;-4,59558946;-47,86743164;"SPRF-PA";"DEL02-PA";"UOP02-DEL02-PA"
109312;2018-02-07;"quarta-feira";"08:15:00";"MG";116;512,6;"UBAPORANGA";"Fenômenos da Natureza";"Saída de leito carroçável";"Sem Vítimas";"Pleno dia";"Decrescente";"Chuva";"Simples";"Curva";"Não";2;0;0;0;2;0;0;1;-19,635754;-42,10591;"SPRF-MG";"DEL06-MG";"UOP02-DEL06-MG"
109313;2018-02-07;"quarta-feira";"09:10:00";"RN";101;116;"SAO JOSE DE MIPIBU";"Falta de Atenção à Condução";"Colisão com objeto estático";"Sem Vítimas";"Pleno dia";"Decrescente";"Céu Claro";"Dupla";"Aclive";"Não";4;0;0;0;4;0;0;1;-5,999234;-35,260391;"SPRF-RN";"DEL01-RN";"UOP01-DEL01-RN"
109316;2018-02-07;"quarta-feira";"08:40:00";"CE";116;96,8;"MORADA NOVA";"Falta de Atenção à Condução";"Colisão transversal";"Com Vítimas Feridas";"Pleno dia";"Crescente";"Nublado";"Simples";"Reta";"Não";4;0;1;0;3;0;1;2;-4,57134754;-38,24007413;"SPRF-CE";"DEL03-CE";"UOP02-DEL03-CE"
109319;2018-02-07;"quarta-feira";"08:07:00";"RO";364;15,8;"VILHENA";"Não guardar distância de segurança";"Colisão transversal";"Com Vítimas Feridas";"Pleno dia";"Crescente";"Nublado";"Simples";"Reta";"Sim";2;0;1;1;0;0;2;2;-12,734379;-60,156971;"SPRF-RO";"DEL04-RO";"UOP01-DEL04-RO"
109320;2018-02-07;"quarta-feira";"09:10:00";"SC";282;128;"BOM RETIRO";"Falta de Atenção à Condução";"Colisão transversal";"Com Vítimas Feridas";"Pleno dia";"Decrescente";"Céu Claro";"Simples";"Reta";"Sim";3;0;2;0;1;0;2;2;-27,803921;-49,487785;"SPRF-SC";"DEL05-SC";"UOP01-DEL05-SC"
109321;2018-02-07;"quarta-feira";"10:30:00";"SC";470;230;"SAO CRISTOVAO DO SUL";"Velocidade Incompatível";"Capotamento";"Com Vítimas Feridas";"Pleno dia";"Crescente";"Céu Claro";"Simples";"Reta";"Não";1;0;1;0;0;0;1;1;-27,30345199;-50,41213989;"SPRF-SC";"DEL02-SC";"UOP03-DEL02-SC"
109322;2018-02-07;"quarta-feira";"09:00:00";"PI";316;172,3;"DOM EXPEDITO LOPES";"Falta de Atenção à Condução";"Saída de leito carroçável";"Sem Vítimas";"Pleno dia";"Crescente";"Sol";"Simples";"Curva";"Não";1;0;0;0;1;0;0;1;-6,93596963;-41,74942017;"SPRF-PI";"DEL04-PI";"UOP02-DEL04-PI"
109323;2018-02-07;"quarta-feira";"06:20:00";"PI";316;66;"MONSENHOR GIL";"Pista Escorregadia";"Saída de leito carroçável";"Com Vítimas Feridas";"Pleno dia";"Decrescente";"Chuva";"Simples";"Curva";"Não";5;0;1;0;1;3;1;2;-5,62402928;-42,59876952;"SPRF-PI";"DEL01-PI";"UOP02-DEL01-PI"
109324;2018-02-07;"quarta-feira";"06:30:00";"PI";316;43,9;"LAGOA DO PIAUI";"Pista Escorregadia";"Saída de leito carroçável";"Sem Vítimas";"Amanhecer";"Decrescente";"Chuva";"Simples";"Curva";"Não";1;0;0;0;1;0;0;1;-5,41471;-42,6423;"SPRF-PI";"DEL01-PI";"UOP02-DEL01-PI"
109325;2018-02-07;"quarta-feira";"10:40:00";"RS";470;183;"VERANOPOLIS";"Falta de Atenção à Condução";"Colisão traseira";"Sem Vítimas";"Pleno dia";"Decrescente";"Sol";"Simples";"Reta";"Não";2;0;0;0;2;0;0;2;-29,01414525;-51,55952454;"SPRF-RS";"DEL06-RS";"UOP02-DEL06-RS"
109326;2018-02-07;"quarta-feira";"09:00:00";"PE";232;410;"SERRA TALHADA";"Falta de Atenção à Condução";"Colisão transversal";"Com Vítimas Feridas";"Pleno dia";"Crescente";"Nublado";"Simples";"Reta";"Sim";2;0;1;0;1;0;1;2;-7,99123753;-38,29627991;"SPRF-PE";"DEL04-PE";"UOP01-DEL04-PE"
109327;2018-02-07;"quarta-feira";"11:15:00";"SC";282;1;"FLORIANOPOLIS";"Falta de Atenção à Condução";"Colisão traseira";"Com Vítimas Feridas";"Pleno dia";"Decrescente";"Céu Claro";"Dupla";"Reta";"Sim";3;0;2;0;1;0;2;2;-27,602955;-48,580509;"SPRF-SC";"DEL01-SC";"UOP01-DEL01-SC"
109336;2018-02-07;"quarta-feira";"11:40:00";"RJ";101;420;"MANGARATIBA";"Falta de Atenção à Condução";"Colisão traseira";"Com Vítimas Feridas";"Pleno dia";"Decrescente";"Nublado";"Dupla";"Reta";"Sim";3;0;1;0;2;0;1;2;-22,918983;-43,923222;"SPRF-RJ";"DEL03-RJ";"UOP01-DEL03-RJ"
109337;2018-02-07;"quarta-feira";"11:30:00";"GO";364;224;"JATAI";"Defeito Mecânico no Veículo";"Saída de leito carroçável";"Com Vítimas Feridas";"Pleno dia";"Decrescente";"Céu Claro";"Simples";"Reta";"Não";2;0;2;0;0;0;2;1;-17,830856;-51,952065;"SPRF-GO";"DEL05-GO";"UOP01-DEL05-GO"
109339;2018-02-07;"quarta-feira";"12:10:00";"SC";470;67;"INDAIAL";"Falta de Atenção à Condução";"Colisão lateral";"Com Vítimas Feridas";"Pleno dia";"Decrescente";"Sol";"Simples";"Interseção de Vias";"Sim";2;0;2;0;0;0;2;2;-26,87054483;-49,21345532;"SPRF-SC";"DEL04-SC";"UOP01-DEL04-SC"