"id";"data_inversa";"dia_semana";"horario";"uf";"br";"km";"municipio";"causa_acidente";"tipo_acidente";"classificacao_acidente";"fase_dia";"sentido_via";"condicao_metereologica";"tipo_pista";"tracado_via";"uso_solo";"pessoas";"mortos";"feridos_leves";"feridos_graves";"ilesos";"ignorados";"feridos";"veiculos";"latitude";"longitude";"regional";"delegacia";"uop"
109340;2018-02-07;"quarta-feira";"12:20:00";"RS";116;298,6;"GUAIBA";"Desobediência às normas de trânsito pelo condutor";"Tombamento";"Com Vítimas Feridas";"Pleno dia";"Crescente";"Sol";"Dupla";"Reta";"Sim";3;0;2;0;0;1;2;2;-30,11179433;-51,34434695;"SPRF-RS";"DEL02-RS";"UOP01-DEL02-RS"
109342;2018-02-07;"quarta-feira";"10:15:00";"PI";343;522;"AMARANTE";"Defeito na Via";"Saída de leito carroçável";"Com Vítimas Feridas";"Pleno dia";"Decrescente";"Céu Claro";"Simples";"Reta";"Não";1;0;1;0;0;0;1;1;-6,378219;-42,795422;"SPRF-PI";"DEL03-PI";"UOP01-DEL03-PI"
109344;2018-02-07;"quarta-feira";"09:15:00";"PI";343;264,3;"CAMPO MAIOR";"Falta de Atenção à Condução";"Colisão lateral";"Com Vítimas Feridas";"Pleno dia";"Decrescente";"Vento";"Simples";"Reta";"Sim";4;0;2;0;2;0;2;2;-4,83016107;-42,16374094;"SPRF-PI";"DEL01-PI";"UOP03-DEL01-PI"
109345;2018-02-07;"quarta-feira";"12:15:00";"BA";324;542,9;"AMELIA RODRIGUES";"Condutor Dormindo";"Saída de leito carroçável";"Sem Vítimas";"Pleno dia";"Crescente";"Chuva";"Dupla";"Reta";"Não";1;0;0;0;1;0;0;1;-12,4028;-38,7551;"SPRF-BA";"DEL01-BA";"UOP01-DEL01-BA"
109346;2018-02-03;"sábado";"17:44:00";"PE";101;69,1;"RECIFE";"Desobediência às normas de trânsito pelo condutor";"Danos eventuais";"Sem Vítimas";"Anoitecer";"Crescente";"Céu Claro";"Múltipla";"Reta";"Sim";3;0;0;0;3;0;0;1;-8,06235274;-34,94513869;"SPRF-PE";"DEL01-PE";"UOP01-DEL01-PE"
109349;2018-02-07;"quarta-feira";"12:50:00";"SC";101;372;"ICARA";"Falta de Atenção à Condução";"Saída de leito carroçável";"Sem Vítimas";"Pleno dia";"Decrescente";"Sol";"Dupla";"Reta";"Não";3;0;0;0;3;0;0;1;-28,712;-49,2145;"SPRF-SC";"DEL02-SC";"UOP01-DEL02-SC"
109350;2018-02-07;"quarta-feira";"12:30:00";"MG";381;483;"BETIM";"Objeto estático sobre o leito carroçável";"Queda de ocupante de veículo";"Com Vítimas Feridas";"Pleno dia";"Crescente";"Céu Claro";"Dupla";"Reta";"Sim";1;0;1;0;0;0;1;1;-19,9596;-44,0877;"SPRF-MG";"DEL01-MG";"UOP03-DEL01-MG"
109352;2018-02-07;"quarta-feira";"13:50:00";"RS";101;86,4;"OSORIO";"Falta de Atenção à Condução";"Colisão frontal";"Com Vítimas Feridas";"Pleno dia";"Decrescente";"Sol";"Dupla";"Reta";"Sim";2;0;1;0;1;0;1;2;-29,9003;-50,2738;"SPRF-RS";"DEL03-RS";"UOP01-DEL03-RS"
109354;2018-02-07;"quarta-feira";"14:00:00";"SP";116;291;"ITAPECERICA DA SERRA";"Defeito Mecânico no Veículo";"Tombamento";"Sem Vítimas";"Pleno dia";"Crescente";"Sol";"Dupla";"Curva";"Não";1;0;0;0;1;0;0;1;-23,71621083;-46,868577;"SPRF-SP";"DEL04-SP";"UOP01-DEL04-SP"
109355;2018-02-07;"quarta-feira";"13:30:00";"SC";470;2;"NAVEGANTES";"Desobediência às normas de trânsito pelo condutor";"Colisão transversal";"Com Vítimas Feridas";"Pleno dia";"Decrescente";"Céu Claro";"Simples";"Reta";"Sim";2;0;1;0;1;0;1;2;-26,868551;-48,674831;"SPRF-SC";"DEL04-SC";"UOP04-DEL04-SC"
109357;2018-02-07;"quarta-feira";"14:10:00";"RJ";393;181;"PARAIBA DO SUL";"Falta de Atenção à Condução";"Colisão traseira";"Com Vítimas Feridas";"Pleno dia";"Crescente";"Céu Claro";"Simples";"Curva";"Sim";2;0;1;0;1;0;1;2;-22,1435225;-43,2866669;"SPRF-RJ";"DEL05-RJ";"UOP03-DEL05-RJ"
109358;2018-02-07;"quarta-feira";"14:00:00";"RJ";116;140;"DUQUE DE CAXIAS";"Avarias e/ou desgaste excessivo no pneu";"Colisão com objeto estático";"Sem Vítimas";"Pleno dia";"Crescente";"Chuva";"Dupla";"Reta";"Não";1;0;0;0;1;0;0;1;-22,65203683;-43,23944092;"SPRF-RJ";"DEL04-RJ";"UOP02-DEL04-RJ"
109359;2018-02-07;"quarta-feira";"13:25:00";"SC";101;133;"BALNEARIO CAMBORIU";"Não guardar distância de segurança";"Colisão traseira";"Com Vítimas Feridas";"Pleno dia";"Decrescente";"Céu Claro";"Simples";"Reta";"Sim";2;0;1;0;1;0;1;2;-27,0021;-48,6362;"SPRF-SC";"DEL04-SC";"UOP03-DEL04-SC"
109362;2018-01-27;"sábado";"20:35:00";"PI";343;597;"FLORIANO";"Falta de Atenção à Condução";"Engavetamento";"Sem Vítimas";"Plena Noite";"Crescente";"Céu Claro";"Dupla";"Aclive";"Sim";5;0;0;0;5;0;0;3;-6,812184;-43,056244;"SPRF-PI";"DEL03-PI";"UOP01-DEL03-PI"
109364;2018-02-07;"quarta-feira";"12:20:00";"SC";101;215,1;"PALHOCA";"Pista Escorregadia";"Tombamento";"Com Vítimas Feridas";"Pleno dia";"Crescente";"Céu Claro";"Múltipla";"Reta";"Sim";1;0;1;0;0;0;1;1;-27,65929129;-48,67726022;"SPRF-SC";"DEL01-SC";"UOP02-DEL01-SC"
109366;2018-02-07;"quarta-feira";"13:55:00";"SC";280;250,9;"CANOINHAS";"Avarias e/ou desgaste excessivo no pneu";"Colisão com objeto estático";"Com Vítimas Feridas";"Pleno dia";"Decrescente";"Céu Claro";"Simples";"Aclive";"Não";1;0;1;0;0;0;1;1;-26,25687262;-50,55339178;"SPRF-SC";"DEL06-SC";"UOP04-DEL06-SC"
109369;2018-02-07;"quarta-feira";"14:45:00";"MG";116;677,5;"MIRADOURO";"Falta de Atenção à Condução";"Colisão traseira";"Com Vítimas Feridas";"Pleno dia";"Decrescente";"Nublado";"Simples";"Declive;Reta";"Sim";2;0;0;1;1;0;1;2;-20,91071;-42,349706;"SPRF-MG";"DEL07-MG";"UOP02-DEL07-MG"
109371;2018-02-07;"quarta-feira";"11:00:00";"AL";316;205;"MARIBONDO";"Condutor Dormindo";"Colisão lateral";"Com Vítimas Feridas";"Pleno dia";"Crescente";"Céu Claro";"Simples";"Reta";"Não";5;0;3;0;2;0;3;2;-9,577656;-36,305576;"SPRF-AL";"DEL03-AL";"UOP01-DEL03-AL"
109373;2018-02-07;"quarta-feira";"15:15:00";"PR";376;177;"MARINGA";"Falta de Atenção à Condução";"Queda de ocupante de veículo";"Com Vítimas Feridas";"Pleno dia";"Decrescente";"Sol";"Múltipla";"Curva";"Sim";1;0;1;0;0;0;1;1;-23,42525842;-51,89847454;"SPRF-PR";"DEL07-PR";"UOP01-DEL09-PR"
109375;2018-02-07;"quarta-feira";"15:43:00";"PR";116;93;"PIRAQUARA";"Falta de Atenção do Pedestre";"Atropelamento de Pedestre";"Com Vítimas Fatais";"Pleno dia";"Crescente";"Céu Claro";"Dupla";"Reta";"Sim";2;1;0;0;1;0;0;2;-25,482296;-49,105915;"SPRF-PR";"DEL01-PR";"UOP07-DEL01-PR"
109376;2018-02-07;"quarta-feira";"15:20:00";"SP";101;14,5;"UBATUBA";"Defeito Mecânico no Veículo";"Incêndio";"Sem Vítimas";"Pleno dia";"Decrescente";"Céu Claro";"Simples";"Reta";"Não";1;0;0;0;1;0;0;1;-23,33638467;-44,87923622;"SPRF-SP";"DEL06-SP";"UOP01-DEL06-SP"
109378;2018-02-07;"quarta-feira";"15:30:00";"SP";116;7,8;"QUELUZ";"Falta de Atenção à Condução";"Colisão lateral";"Com Vítimas Feridas";"Pleno dia";"Crescente";"Nublado";"Dupla";"Reta";"Sim";2;0;1;0;1;0;1;2;-22,53595048;-44,76967871;"SPRF-SP";"DEL08-SP";"UOP02-DEL08-SP"
109380;2018-02-07;"quarta-feira";"15:10:00";"SC";101;58;"ARAQUARI";"Falta de Atenção à Condução";"Colisão traseira";"Com Vítimas Feridas";"Pleno dia";"Crescente";"Sol";"Múltipla";"Declive";"Não";2;0;1;0;1;0;1;2;-26,4467;-48,7939;"SPRF-SC";"DEL03-SC";"UOP02-DEL03-SC"
109382;2018-02-07;"quarta-feira";"16:20:00";"MG";40;607,5;"CONGONHAS";"Animais na Pista";"Colisão lateral";"Com Vítimas Feridas";"Pleno dia";"Decrescente";"Céu Claro";"Simples";"Reta";"Sim";3;0;0;1;2;0;1;2;-20,48404965;-43,83906484;"SPRF-MG";"DEL05-MG";"UOP02-DEL05-MG"
109383;2018-02-07;"quarta-feira";"13:00:00";"MT";163;807;"SINOP";"Falta de Atenção à Condução";"Colisão lateral";"Com Vítimas Feridas";"Pleno dia";"Crescente";"Nublado";"Simples";"Reta";"Não";2;0;1;0;1;0;1;2;-11,864589;-55,502926;"SPRF-MT";"DEL06-MT";"UOP01-DEL06-MT"
109384;2018-02-07;"quarta-feira";"15:00:00";"SP";116;76;"ROSEIRA";"Objeto estático sobre o leito carroçável";"Saída de leito carroçável";"Sem Vítimas";"Pleno dia";"Decrescente";"Nublado";"Dupla";"Reta";"Não";1;0;0;0;1;0;0;1;-22,877489;-45,27206;"SPRF-SP";"DEL06-SP";"UOP01-DEL06-SP"
109387;2018-02-07;"quarta-feira";"16:30:00";"MG";381;869,5;"POUSO ALEGRE";"Condutor Dormindo";"Saída de leito carroçável";"Com Vítimas Feridas";"Pleno dia";"Crescente";"Sol";"Dupla";"Reta";"Sim";2;0;1;0;1;0;1;1;-22,39;-45,9539;"SPRF-MG";"DEL16-MG";"UOP01-DEL16-MG"
109388;2018-02-06;"terça-feira";"09:45:00";"CE";116;6,8;"FORTALEZA";"Falta de Atenção à Condução";"Colisão traseira";"Com Vítimas Feridas";"Pleno dia";"Decrescente";"Céu Claro";"Simples";"Interseção de Vias";"Sim";2;0;1;0;1;0;1;2;-3,80555847;-38,50270044;"SPRF-CE";"DEL01-CE";"UOP02-DEL01-CE"
109394;2018-02-07;"quarta-feira";"17:00:00";"PE";316;89;"OURICURI";"Animais na Pista";"Atropelamento de Animal";"Sem Vítimas";"Plena Noite";"Crescente";"Céu Claro";"Simples";"Curva";"Não";1;0;0;0;1;0;0;1;-7,89993;-40,038109;"SPRF-PE";"DEL05-PE";"UOP02-DEL05-PE"
109396;2018-02-07;"quarta-feira";"17:10:00";"RS";386;74,8;"BOA VISTA DAS MISSOES";"Desobediência às normas de trânsito pelo condutor";"Colisão transversal";"Com Vítimas Feridas";"Pleno dia";"Crescente";"Céu Claro";"Simples";"Interseção de Vias";"Não";3;0;1;0;2;0;1;2;-27,68839232;-53,30841064;"SPRF-RS";"DEL08-RS";"UOP02-DEL08-RS"
109397;2018-02-07;"quarta-feira";"16:15:00";"PR";369;490;"CORBELIA";"Falta de Atenção à Condução";"Colisão traseira";"Sem Vítimas";"Pleno dia";"Crescente";"Céu Claro";"Simples";"Desvio Temporário";"Não";2;0;0;0;2;0;0;2;-24,7166;-53,2465;"SPRF-PR";"DEL04-PR";"UOP03-DEL04-PR"
109401;2018-02-07;"quarta-feira";"16:40:00";"ES";101;293,6;"CARIACICA";"Falta de Atenção à Condução";"Colisão lateral";"Com Vítimas Feridas";"Pleno dia";"Decrescente";"Nublado";"Múltipla";"Reta";"Sim";2;0;1;0;0;1;1;2;-20,3202521;-40,3962212;"SPRF-ES";"DEL01-ES";"UOP01-DEL01-ES"
109402;2018-02-07;"quarta-feira";"16:00:00";"BA";367;67,6;"EUNAPOLIS";"Falta de Atenção à Condução";"Colisão lateral";"Com Vítimas Feridas";"Pleno dia";"Decrescente";"Céu Claro";"Simples";"Reta";"Não";7;0;6;0;1;0;6;3;-16,38599284;-39,44754531;"SPRF-BA";"DEL09-BA";"UOP01-DEL09-BA"
109403;2018-02-07;"quarta-feira";"15:50:00";"PR";116;147;"MANDIRITUBA";"Falta de Atenção à Condução";"Colisão transversal";"Sem Vítimas";"Pleno dia";"Decrescente";"Céu Claro";"Dupla";"Aclive;Reta";"Não";2;0;0;0;2;0;0;2;-25,779367;-49,326534;"SPRF-PR";"DEL01-PR";"UOP03-DEL01-PR"
109405;2018-02-07;"quarta-feira";"17:25:00";"PR";277;84;"CURITIBA";"Pista Escorregadia";"Colisão com objeto estático";"Sem Vítimas";"Pleno dia";"Decrescente";"Chuva";"Dupla";"Curva";"Não";1;0;0;0;1;0;0;1;-25,44420468;-49,23349679;"SPRF-PR";"DEL01-PR";"UOP07-DEL01-PR"
109406;2018-02-07;"quarta-feira";"17:20:00";"RS";116;302;"GUAIBA";"Falta de Atenção à Condução";"Colisão lateral";"Com Vítimas Feridas";"Pleno dia";"Decrescente";"Sol";"Simples";"Em Obras";"Sim";2;0;1;0;1;0;1;2;-30,131899;-51,353867;"SPRF-RS";"DEL02-RS";"UOP01-DEL02-RS"
109408;2018-02-07;"quarta-feira";"13:30:00";"MT";174;90;"CACERES";"Avarias e/ou desgaste excessivo no pneu";"Queda de ocupante de veículo";"Com Vítimas Feridas";"Pleno dia";"Decrescente";"Céu Claro";"Dupla";"Reta";"Não";2;0;0;2;0;0;2;1;-15,95052395;-57,78053284;"SPRF-MT";"DEL03-MT";"UOP01-DEL03-MT"
109409;2018-02-07;"quarta-feira";"17:45:00";"RS";116;266;"CANOAS";"Não guardar distância de segurança";"Colisão traseira";"Com Vítimas Feridas";"Pleno dia";"Decrescente";"Céu Claro";"Múltipla";"Reta";"Sim";2;0;1;0;1;0;1;2;-29,93130217;-51,17747404;"SPRF-RS";"DEL01-RS";"UOP01-DEL01-RS"
109411;2018-02-07;"quarta-feira";"18:00:00";"RS";153;48;"ERECHIM";"Falta de Atenção à Condução";"Colisão traseira";"Com Vítimas Feridas";"Pleno dia";"Crescente";"Céu Claro";"Simples";"Interseção de Vias";"Sim";2;0;1;0;1;0;1;2;-27,651188;-52,257259;"SPRF-RS";"DEL08-RS";"UOP04-DEL08-RS"
109413;2018-02-07;"quarta-feira";"18:10:00";"ES";101;303,5;"VIANA";"Avarias e/ou desgaste excessivo no pneu";"Queda de ocupante de veículo";"Com Vítimas Feridas";"Pleno dia";"Decrescente";"Garoa/Chuvisco";"Dupla";"Reta";"Sim";1;0;1;0;0;0;1;1;-20,3777547;-40,4476221;"SPRF-ES";"DEL01-ES";"UOP01-DEL01-ES"
109419;2018-02-07;"quarta-feira";"18:10:00";"RJ";40;104;"DUQUE DE CAXIAS";"Não guardar distância de segurança";"Colisão traseira";"Sem Vítimas";"Pleno dia";"Decrescente";"Nublado";"Dupla";"Declive";"Não";2;0;0;0;2;0;0;2;-22,63345098;-43,28500092;"SPRF-RJ";"DEL01-RJ";"UOP01-DEL01-RJ"
109420;2018-02-07;"quarta-feira";"18:10:00";"RS";116;262;"CANOAS";"Falta de Atenção à Condução";"Colisão traseira";"Com Vítimas Feridas";"Pleno dia";"Decrescente";"Céu Claro";"Simples";"Reta";"Sim";2;0;1;0;1;0;1;2;-29,887983;-51,179008;"SPRF-RS";"DEL01-RS";"UOP01-DEL01-RS"
109422;2018-02-07;"quarta-feira";"18:35:00";"GO";60;231,4;"CEZARINA";"Fenômenos da Natureza";"Saída de leito carroçável";"Com Vítimas Feridas";"Pleno dia";"Decrescente";"Chuva";"Dupla";"Curva";"Não";3;0;0;1;2;0;1;1;-17,06812842;-49,80518818;"SPRF-GO";"DEL01-GO";"UOP02-DEL01-GO"
109426;2018-02-07;"quarta-feira";"19:00:00";"MG";50;6;"UBERLANDIA";"Fenômenos da Natureza";"Saída de leito carroçável";"Sem Vítimas";"Pleno dia";"Crescente";"Chuva";"Dupla";"Curva";"Não";7;0;0;0;7;0;0;1;-18,88448281;-48,20453171;"SPRF-MG";"DEL15-MG";"UOP02-DEL15-MG"
109428;2018-02-07;"quarta-feira";"19:05:00";"SC";470;79;"INDAIAL";"Falta de Atenção à Condução";"Saída de leito carroçável";"Com Vítimas Feridas";"Anoitecer";"Crescente";"Nublado";"Simples";"Reta";"Não";2;0;1;0;0;1;1;2;-26,93917277;-49,29148614;"SPRF-SC";"DEL04-SC";"UOP01-DEL04-SC"
109430;2018-02-07;"quarta-feira";"18:45:00";"RJ";116;181;"NOVA IGUACU";"Animais na Pista";"Atropelamento de Animal";"Com Vítimas Feridas";"Anoitecer";"Decrescente";"Nublado";"Dupla";"Reta";"Sim";1;0;1;0;0;0;1;1;-22,761312;-43,423492;"SPRF-RJ";"DEL01-RJ";"UOP02-DEL01-RJ"
109432;2018-02-07;"quarta-feira";"19:15:00";"RS";116;152;"CAXIAS DO SUL";"Desobediência às normas de trânsito pelo condutor";"Colisão lateral";"Sem Vítimas";"Pleno dia";"Crescente";"Céu Claro";"Simples";"Reta";"Sim";2;0;0;0;2;0;0;2;-29,182934;-51,168015;"SPRF-RS";"DEL05-RS";"UOP01-DEL05-RS"
109433;2018-02-07;"quarta-feira";"17:00:00";"AC";364;109;"RIO BRANCO";"Falta de Atenção à Condução";"Saída de leito carroçável";"Com Vítimas Fatais";"Pleno dia";"Decrescente";"Céu Claro";"Simples";"Curva";"Não";2;1;0;1;0;0;1;1;-10,01433773;-67,65930176;"SPRF-AC";"DEL01-AC";"UOP01-DEL01-AC"
109437;2018-02-07;"quarta-feira";"19:00:00";"ES";259;43,2;"COLATINA";"Falta de Atenção à Condução";"Colisão traseira";"Com Vítimas Feridas";"Plena Noite";"Crescente";"Chuva";"Simples";"Reta";"Não";2;0;1;0;1;0;1;2;-19,60631779;-40,49499321;"SPRF-ES";"DEL02-ES";"UOP01-DEL02-ES"
109438;2018-02-07;"quarta-feira";"14:30:00";"BA";367;44,9;"PORTO SEGURO";"Falta de Atenção à Condução";"Colisão traseira";"Com Vítimas Feridas";"Pleno dia";"Crescente";"Céu Claro";"Simples";"Reta";"Não";2;0;1;0;1;0;1;2;-16,37516608;-39,2521506;"SPRF-BA";"DEL09-BA";"UOP01-DEL09-BA"
109439;2018-02-07;"quarta-feira";"16:05:00";"RJ";101;236;"SILVA JARDIM";"Falta de Atenção do Pedestre";"Atropelamento de Pedestre";"Com Vítimas Feridas";"Pleno dia";"Decrescente";"Nublado";"Simples";"Em Obras";"Sim";2;0;0;1;1;0;1;1;-22,610138;-42,404274;"SPRF-RJ";"DEL02-RJ";"UOP03-DEL02-RJ"
109440;2018-02-07;"quarta-feira";"17:50:00";"RN";101;72,5;"EXTREMOZ";"Falta de Atenção à Condução";"Colisão lateral";"Com Vítimas Feridas";"Anoitecer";"Crescente";"Céu Claro";"Simples";"Declive";"Não";2;0;1;0;1;0;1;2;-5,70279813;-35,26495637;"SPRF-RN";"DEL02-RN";"UOP01-DEL02-RN"
109441;2018-02-07;"quarta-feira";"17:40:00";"RO";364;696;"PORTO VELHO";"Ingestão de Álcool";"Colisão com objeto estático";"Com Vítimas Feridas";"Anoitecer";"Crescente";"Nublado";"Dupla";"Curva";"Não";1;0;1;0;0;0;1;1;-8,80178402;-63,74444604;"SPRF-RO";"DEL01-RO";"UOP01-DEL01-RO"
109446;2018-02-07;"quarta-feira";"20:40:00";"SC";280;127,6;"RIO NEGRINHO";"Falta de Atenção do Pedestre";"Atropelamento de Pedestre";"Com Vítimas Feridas";"Plena Noite";"Decrescente";"Nublado";"Simples";"Reta";"Não";2;0;1;1;0;0;2;2;-26,24116389;-49,50984198;"SPRF-SC";"DEL06-SC";"UOP03-DEL06-SC"
109450;2018-02-07;"quarta-feira";"20:15:00";"PA";316;51;"CASTANHAL";"Falta de Atenção à Condução";"Saída de leito carroçável";"Com Vítimas Feridas";"Plena Noite";"Crescente";"Garoa/Chuvisco";"Múltipla";"Curva";"Não";1;0;1;0;0;0;1;1;-1,306961;-48,034779;"SPRF-PA";"DEL01-PA";"UOP01-DEL01-PA"
109451;2018-02-07;"quarta-feira";"20:50:00";"ES";101;108;"SOORETAMA";"Ingestão de Álcool";"Saída de leito carroçável";"Sem Vítimas";"Plena Noite";"Crescente";"Nublado";"Simples";"Reta";"Não";1;0;0;0;0;1;0;1;-19,197422;-40,098118;"SPRF-ES";"DEL04-ES";"UOP01-DEL04-ES"
109453;2018-02-01;"quinta-feira";"20:37:00";"RS";116;147,4;"CAXIAS DO SUL";"Desobediência às normas de trânsito pelo condutor";"Colisão transversal";"Com Vítimas Feridas";"Anoitecer";"Decrescente";"Céu Claro";"Dupla";"Interseção de Vias";"Sim";3;0;1;0;1;1;1;3;-29,15108165;-51,1464083;"SPRF-RS";"DEL05-RS";"UOP01-DEL05-RS"
109454;2018-02-07;"quarta-feira";"19:30:00";"MG";50;25,4;"ARAGUARI";"Pista Escorregadia";"Saída de leito carroçável";"Com Vítimas Feridas";"Anoitecer";"Crescente";"Chuva";"Dupla";"Declive";"Não";2;0;2;0;0;0;2;1;-18,647682;-48,18762;"SPRF-MG";"DEL15-MG";"UOP02-DEL15-MG"
109455;2018-02-07;"quarta-feira";"19:55:00";"BA";101;807;"ITAMARAJU";"Falta de Atenção à Condução";"Colisão transversal";"Com Vítimas Feridas";"Plena Noite";"Decrescente";"Nublado";"Simples";"Reta";"Sim";2;0;1;0;1;0;1;2;-17,0105;-39,545;"SPRF-BA";"DEL09-BA";"UOP01-DEL09-BA"
109461;2018-02-07;"quarta-feira";"20:25:00";"PB";230;40,9;"SANTA RITA";"Velocidade Incompatível";"Colisão com objeto estático";"Com Vítimas Fatais";"Plena Noite";"Crescente";"Nublado";"Dupla";"Reta;Retorno Regulamentado";"Não";1;1;0;0;0;0;0;1;-7,1406796;-34,9888188;"SPRF-PB";"DEL01-PB";"UOP01-DEL01-PB"
109462;2018-02-07;"quarta-feira";"20:30:00";"BA";110;80,9;"JEREMOABO";"Falta de Atenção à Condução";"Saída de leito carroçável";"Com Vítimas Feridas";"Plena Noite";"Decrescente";"Céu Claro";"Simples";"Reta";"Não";3;0;2;1;0;0;3;1;-10,10238814;-38,31031322;"SPRF-BA";"DEL07-BA";"UOP01-DEL07-BA"
109464;2018-02-07;"quarta-feira";"20:50:00";"MS";267;29,8;"BATAGUASSU";"Falta de Atenção à Condução";"Colisão lateral";"Com Vítimas Feridas";"Plena Noite";"Crescente";"Ignorado";"Dupla";"Reta";"Sim";2;0;1;0;1;0;1;2;-21,714626;-52,422653;"SPRF-MS";"DEL02-MS";"DEL3/7-UOP01/MS"
109465;2018-02-07;"quarta-feira";"21:50:00";"PR";476;138;"CURITIBA";"Desobediência às normas de trânsito pelo condutor";"Colisão lateral";"Com Vítimas Feridas";"Plena Noite";"Crescente";"Nublado";"Múltipla";"Reta;Interseção de Vias";"Sim";2;0;1;0;1;0;1;2;-25,46311453;-49,25170898;"SPRF-PR";"DEL01-PR";"UOP01-DEL01-PR"
109466;2018-02-07;"quarta-feira";"20:40:00";"ES";101;291,8;"CARIACICA";"Não guardar distância de segurança";"Colisão com objeto estático";"Sem Vítimas";"Plena Noite";"Crescente";"Céu Claro";"Dupla";"Reta";"Não";1;0;0;0;1;0;0;1;-20,26437;-40,420345;"SPRF-ES";"DEL01-ES";"UOP01-DEL01-ES"
109468;2018-02-07;"quarta-feira";"20:30:00";"CE";20;316;"SAO GONCALO DO AMARANTE";"Animais na Pista";"Atropelamento de Animal";"Sem Vítimas";"Plena Noite";"Crescente";"Céu Claro";"Simples";"Reta";"Não";1;0;0;0;1;0;0;1;-3,5522452;-38,8318982;"SPRF-CE";"DEL02-CE";"UOP01-DEL02-CE"
109469;2018-02-07;"quarta-feira";"18:50:00";"PE";232;32,2;"MORENO";"Ingestão de Álcool";"Colisão com objeto estático";"Com Vítimas Fatais";"Plena Noite";"Decrescente";"Céu Claro";"Dupla";"Curva";"Não";2;1;0;0;1;0;0;2;-8,10489473;-35,16830465;"SPRF-PE";"DEL01-PE";"UOP02-DEL02PE"
109470;2018-02-07;"quarta-feira";"21:00:00";"BA";110;203;"CIPO";"Ingestão de Álcool";"Colisão lateral";"Com Vítimas Feridas";"Plena Noite";"Crescente";"Céu Claro";"Simples";"Reta";"Sim";3;0;1;0;2;0;1;2;-11,097;-38,512;"SPRF-BA";"DEL07-BA";"UOP02-DEL07-BA"
109471;2018-02-07;"quarta-feira";"20:30:00";"PA";10;1;"DOM ELISEU";"Ingestão de Álcool";"Colisão com objeto estático";"Com Vítimas Feridas";"Plena Noite";"Crescente";"Céu Claro";"Simples";"Reta";"Sim";2;0;0;2;0;0;2;1;-4,42856726;-47,53646851;"SPRF-PA";"DEL02-PA";"UOP02-DEL02-PA"
109473;2018-02-07;"quarta-feira";"21:50:00";"ES";101;269,5;"SERRA";"Falta de Atenção à Condução";"Colisão com objeto em movimento";"Com Vítimas Feridas";"Plena Noite";"Crescente";"Nublado";"Múltipla";"Reta";"Sim";2;0;1;1;0;0;2;1;-20,22788709;-40,27184218;"SPRF-ES";"DEL02-ES";"UOP01-DEL02-ES"
109475;2018-02-07;"quarta-feira";"17:30:00";"BA";116;378;"LAMARAO";"Defeito Mecânico no Veículo";"Capotamento";"Sem Vítimas";"Pleno dia";"Crescente";"Céu Claro";"Simples";"Reta";"Não";1;0;0;0;1;0;0;1;-11,83788766;-38,9746213;"SPRF-BA";"DEL02-BA";"DEL10/2-UOP02/BA"
109478;2018-02-07;"quarta-feira";"21:20:00";"ES";101;0,3;"SERRA";"Falta de Atenção à Condução";"Colisão lateral";"Sem Vítimas";"Plena Noite";"Decrescente";"Céu Claro";"Múltipla";"Reta";"Sim";3;0;0;0;3;0;0;2;-20,23689188;-40,27719051;"SPRF-ES";"DEL02-ES";"UOP01-DEL02-ES"
109480;2018-02-07;"quarta-feira";"21:25:00";"MT";163;116;"RONDONOPOLIS";"Falta de Atenção à Condução";"Colisão traseira";"Com Vítimas Feridas";"Plena Noite";"Decrescente";"Céu Claro";"Dupla";"Aclive";"Não";1;0;1;0;0;0;1;1;-16,52998;-54,662449;"SPRF-MT";"DEL02-MT";"UOP01-DEL02-MT"
109482;2018-01-31;"quarta-feira";"06:10:00";"GO";60;43,3;"ALEXANIA";"Falta de Atenção à Condução";"Atropelamento de Pedestre";"Com Vítimas Fatais";"Amanhecer";"Decrescente";"Nublado";"Dupla";"Reta";"Sim";2;1;0;0;1;0;0;2;-16,12234649;-48,59115601;"SPRF-GO";"DEL02-GO";"UOP01-DEL02-GO"
109483;2018-02-07;"quarta-feira";"19:00:00";"RN";110;63,7;"MOSSORO";"Deficiência ou não Acionamento do Sistema de Iluminação/Sinalização do Veículo";"Colisão traseira";"Com Vítimas Fatais";"Plena Noite";"Crescente";"Céu Claro";"Simples";"Reta";"Não";2;1;0;0;0;1;0;2;-5,18804;-37,3441;"SPRF-RN";"DEL04-RN";"UOP01-DEL04-RN"
109484;2018-02-07;"quarta-feira";"22:50:00";"RS";392;353;"SANTA MARIA";"Desobediência às normas de trânsito pelo condutor";"Colisão transversal";"Com Vítimas Feridas";"Plena Noite";"Decrescente";"Céu Claro";"Simples";"Rotatória";"Sim";6;0;0;1;3;2;1;3;-29,71607562;-53,80971551;"SPRF-RS";"DEL09-RS";"UOP01-DEL09-RS"
109485;2018-02-07;"quarta-feira";"23:00:00";"RJ";101;413;"ITAGUAI";"Falta de Atenção à Condução";"Colisão traseira";"Com Vítimas Feridas";"Plena Noite";"Crescente";"Céu Claro";"Dupla";"Reta";"Sim";4;0;2;0;2;0;2;2;-22,899321;-43,865307;"SPRF-RJ";"DEL03-RJ";"UOP01-DEL03-RJ"