"id";"data_inversa";"dia_semana";"horario";"uf";"br";"km";"municipio";"causa_acidente";"tipo_acidente";"classificacao_acidente";"fase_dia";"sentido_via";"condicao_metereologica";"tipo_pista";"tracado_via";"uso_solo";"pessoas";"mortos";"feridos_leves";"feridos_graves";"ilesos";"ignorados";"feridos";"veiculos";"latitude";"longitude";"regional";"delegacia";"uop"
109487;2018-02-08;"quinta-feira";"00:00:00";"SP";116;225;"GUARULHOS";"Falta de Atenção à Condução";"Colisão com objeto estático";"Sem Vítimas";"Plena Noite";"Crescente";"Céu Claro";"Múltipla";"Reta";"Sim";1;0;0;0;1;0;0;1;-23,463257;-46,53373;"SPRF-SP";"DEL01-SP";"UOP01-DEL01-SP"
109490;2018-02-08;"quinta-feira";"00:30:00";"RJ";465;12;"SEROPEDICA";"Falta de Atenção à Condução";"Colisão com objeto estático";"Com Vítimas Fatais";"Amanhecer";"Crescente";"Céu Claro";"Simples";"Reta";"Sim";1;1;0;0;0;0;0;1;-22,791252;-43,651257;"SPRF-RJ";"DEL01-RJ";"UOP03-DEL01-RJ"
109495;2018-02-08;"quinta-feira";"04:00:00";"SC";280;55;"GUARAMIRIM";"Falta de Atenção à Condução";"Colisão transversal";"Com Vítimas Feridas";"Plena Noite";"Crescente";"Céu Claro";"Simples";"Reta";"Sim";2;0;0;1;1;0;1;2;-26,475843;-48,993786;"SPRF-SC";"DEL03-SC";"UOP03-DEL03-SC"
109496;2018-02-08;"quinta-feira";"03:00:00";"MT";70;381;"CAMPO VERDE";"Ingestão de Álcool";"Colisão frontal";"Sem Vítimas";"Plena Noite";"Decrescente";"Chuva";"Simples";"Reta";"Sim";2;0;0;0;2;0;0;2;-15,520829;-55,124516;"SPRF-MT";"DEL05-MT";"UOP01-DEL05-MT"
109499;2018-02-08;"quinta-feira";"04:50:00";"SC";470;57,4;"BLUMENAU";"Desobediência às normas de trânsito pelo condutor";"Colisão frontal";"Com Vítimas Feridas";"Plena Noite";"Crescente";"Céu Claro";"Simples";"Reta";"Sim";2;0;0;2;0;0;2;2;-26,87644964;-49,12414581;"SPRF-SC";"DEL04-SC";"UOP01-DEL04-SC"
109500;2018-02-08;"quinta-feira";"04:40:00";"PR";376;493;"PONTA GROSSA";"Falta de Atenção à Condução";"Colisão com objeto estático";"Com Vítimas Feridas";"Plena Noite";"Crescente";"Céu Claro";"Dupla";"Reta";"Sim";1;0;1;0;0;0;1;1;-25,13793719;-50,16316384;"SPRF-PR";"DEL03-PR";"UOP04-DEL03-PR"
109501;2018-02-08;"quinta-feira";"00:01:00";"MG";381;575;"ITAGUARA";"Ingestão de Álcool";"Saída de leito carroçável";"Sem Vítimas";"Plena Noite";"Crescente";"Céu Claro";"Simples";"Rotatória";"Não";1;0;0;0;1;0;0;1;-20,4563;-44,5696;"SPRF-MG";"DEL04-MG";"UOP03-DEL04-MG"
109503;2018-02-08;"quinta-feira";"04:45:00";"MG";381;592,7;"CARMOPOLIS DE MINAS";"Ingestão de Álcool";"Capotamento";"Com Vítimas Feridas";"Plena Noite";"Decrescente";"Céu Claro";"Dupla";"Reta";"Não";1;0;1;0;0;0;1;1;-20,55902387;-44,66396374;"SPRF-MG";"DEL04-MG";"UOP01-DEL04-MG"
109505;2018-02-08;"quinta-feira";"05:00:00";"GO";40;15;"LUZIANIA";"Condutor Dormindo";"Capotamento";"Sem Vítimas";"Plena Noite";"Crescente";"Céu Claro";"Simples";"Reta";"Sim";1;0;0;0;0;1;0;1;-16,1671;-47,930161;"SPRF-DF";"DEL01-DF";"UOP01-DEL01-DF"
109510;2018-02-07;"quarta-feira";"09:20:00";"RO";435;85;"COLORADO DO OESTE";"Falta de Atenção à Condução";"Colisão lateral";"Com Vítimas Feridas";"Pleno dia";"Crescente";"Nublado";"Simples";"Interseção de Vias";"Sim";2;0;1;0;1;0;1;2;-13,118861;-60,531811;"SPRF-RO";"DEL04-RO";"UOP02-DEL04-RO"
109511;2018-02-08;"quinta-feira";"05:40:00";"RJ";40;118;"DUQUE DE CAXIAS";"Falta de Atenção à Condução";"Capotamento";"Com Vítimas Feridas";"Pleno dia";"Decrescente";"Céu Claro";"Múltipla";"Reta";"Sim";2;0;1;1;0;0;2;1;-22,7646;-43,2866;"SPRF-RJ";"DEL01-RJ";"UOP01-DEL01-RJ"
109514;2018-02-08;"quinta-feira";"06:45:00";"SP";116;225;"GUARULHOS";"Velocidade Incompatível";"Queda de ocupante de veículo";"Com Vítimas Feridas";"Pleno dia";"Crescente";"Céu Claro";"Múltipla";"Reta";"Sim";2;0;1;0;1;0;1;1;-23,48283209;-46,53680685;"SPRF-SP";"DEL01-SP";"UOP01-DEL01-SP"
109515;2018-02-04;"domingo";"07:00:00";"MG";365;629;"UBERLANDIA";"Não guardar distância de segurança";"Queda de ocupante de veículo";"Com Vítimas Feridas";"Pleno dia";"Crescente";"Nublado";"Dupla";"Curva";"Sim";1;0;1;0;0;0;1;1;-18,91044387;-48,32592204;"SPRF-MG";"DEL15-MG";"UOP01-DEL15-MG"
109516;2018-02-08;"quinta-feira";"05:10:00";"BA";242;726,9;"CRISTOPOLIS";"Ultrapassagem Indevida";"Colisão frontal";"Com Vítimas Fatais";"Amanhecer";"Decrescente";"Nevoeiro/Neblina";"Simples";"Reta";"Não";2;1;0;1;0;0;1;2;-12,21923339;-44,43969727;"SPRF-BA";"DEL10-BA";"UOP01-DEL10-BA"
109518;2018-02-08;"quinta-feira";"05:30:00";"MG";381;431;"CAETE";"Falta de Atenção à Condução";"Colisão frontal";"Com Vítimas Feridas";"Amanhecer";"Crescente";"Céu Claro";"Simples";"Curva";"Não";4;0;2;1;0;1;3;3;-19,78867238;-43,66447449;"SPRF-MG";"DEL01-MG";"UOP01-DEL01-MG"
109520;2018-02-08;"quinta-feira";"07:00:00";"MG";116;688;"MURIAE";"Condutor Dormindo";"Capotamento";"Com Vítimas Feridas";"Pleno dia";"Decrescente";"Céu Claro";"Simples";"Curva";"Não";2;0;1;0;1;0;1;1;-21,00503515;-42,36740112;"SPRF-MG";"DEL07-MG";"UOP02-DEL07-MG"
109521;2018-02-08;"quinta-feira";"07:30:00";"PR";116;117,8;"CURITIBA";"Não guardar distância de segurança";"Colisão traseira";"Com Vítimas Feridas";"Pleno dia";"Decrescente";"Nublado";"Dupla";"Reta";"Sim";2;0;1;0;1;0;1;2;-25,55730944;-49,30389404;"SPRF-PR";"DEL01-PR";"UOP03-DEL01-PR"
109522;2018-02-08;"quinta-feira";"06:35:00";"AL";101;185;"JUNQUEIRO";"Falta de Atenção à Condução";"Colisão transversal";"Com Vítimas Feridas";"Amanhecer";"Crescente";"Céu Claro";"Simples";"Reta";"Sim";3;0;1;1;1;0;2;2;-9,898611;-36,439444;"SPRF-AL";"DEL02-AL";"UOP02-DEL02-AL"
109523;2018-02-08;"quinta-feira";"06:00:00";"BA";116;215;"EUCLIDES DA CUNHA";"Ingestão de Álcool";"Colisão lateral";"Sem Vítimas";"Pleno dia";"Crescente";"Céu Claro";"Simples";"Reta";"Não";2;0;0;0;2;0;0;2;-10,5079365;-39,016155;"SPRF-BA";"DEL07-BA";"UOP02-DEL07-BA"
109524;2018-02-08;"quinta-feira";"06:30:00";"CE";222;0;"CAUCAIA";"Falta de Atenção à Condução";"Colisão lateral";"Com Vítimas Feridas";"Pleno dia";"Crescente";"Céu Claro";"Múltipla";"Curva;Interseção de Vias";"Sim";3;0;2;0;1;0;2;2;-3,743318;-38,6177;"SPRF-CE";"DEL01-CE";"UOP01-DEL01-CE"
109529;2018-02-08;"quinta-feira";"07:50:00";"RS";116;265,5;"CANOAS";"Desobediência às normas de trânsito pelo condutor";"Atropelamento de Pedestre";"Com Vítimas Feridas";"Pleno dia";"Crescente";"Céu Claro";"Dupla";"Retorno Regulamentado";"Sim";2;0;0;1;1;0;1;2;-29,92562566;-51,17800444;"SPRF-RS";"DEL01-RS";"UOP01-DEL01-RS"
109532;2018-02-08;"quinta-feira";"08:00:00";"MG";40;509;"RIBEIRAO DAS NEVES";"Não guardar distância de segurança";"Colisão lateral";"Com Vítimas Feridas";"Pleno dia";"Decrescente";"Céu Claro";"Dupla";"Reta";"Não";2;0;1;0;1;0;1;2;-19,7723172;-44,125278;"SPRF-MG";"DEL01-MG";"UOP03-DEL01-MG"
109533;2018-02-08;"quinta-feira";"07:30:00";"ES";101;286;"CARIACICA";"Falta de Atenção à Condução";"Colisão lateral";"Com Vítimas Feridas";"Pleno dia";"Decrescente";"Nublado";"Dupla";"Reta";"Sim";2;0;0;1;1;0;1;2;-20,26336465;-40,38186371;"SPRF-ES";"DEL01-ES";"UOP01-DEL01-ES"
109536;2018-02-08;"quinta-feira";"08:15:00";"PR";116;115,5;"CURITIBA";"Falta de Atenção à Condução";"Colisão lateral";"Com Vítimas Feridas";"Pleno dia";"Decrescente";"Céu Claro";"Dupla";"Reta";"Sim";2;0;1;0;1;0;1;2;-25,54491959;-49,30365801;"SPRF-PR";"DEL01-PR";"UOP03-DEL01-PR"
109537;2018-02-08;"quinta-feira";"08:10:00";"MG";262;42,9;"MANHUACU";"Defeito na Via";"Tombamento";"Com Vítimas Feridas";"Pleno dia";"Decrescente";"Nublado";"Simples";"Reta";"Não";2;0;1;1;0;0;2;1;-20,26474849;-42,07721428;"SPRF-MG";"DEL06-MG";"UOP03-DEL06-MG"
109539;2018-02-08;"quinta-feira";"07:50:00";"PR";158;522;"PATO BRANCO";"Falta de Atenção à Condução";"Colisão traseira";"Com Vítimas Feridas";"Pleno dia";"Decrescente";"Céu Claro";"Simples";"Declive";"Sim";2;0;1;0;1;0;1;2;-26,22725727;-52,6893568;"SPRF-PR";"DEL02-PR";"UOP01-DEL02-PR"
109540;2018-02-08;"quinta-feira";"07:45:00";"PB";230;67;"SAO MIGUEL DE TAIPU";"Falta de Atenção à Condução";"Colisão traseira";"Com Vítimas Feridas";"Pleno dia";"Crescente";"Céu Claro";"Dupla";"Curva";"Não";2;0;1;0;1;0;1;2;-7,20717544;-35,13290405;"SPRF-PB";"DEL01-PB";"UOP03-DEL01-PB"
109541;2018-02-08;"quinta-feira";"08:35:00";"SC";101;150;"ITAPEMA";"Falta de Atenção à Condução";"Tombamento";"Com Vítimas Feridas";"Pleno dia";"Crescente";"Céu Claro";"Dupla";"Reta";"Sim";1;0;1;0;0;0;1;1;-27,1267;-48,6095;"SPRF-SC";"DEL04-SC";"UOP03-DEL04-SC"
109542;2018-02-08;"quinta-feira";"08:15:00";"SC";470;64;"INDAIAL";"Falta de Atenção à Condução";"Colisão lateral";"Com Vítimas Feridas";"Pleno dia";"Crescente";"Sol";"Simples";"Reta";"Não";2;0;1;0;1;0;1;2;-26,8743672;-49,1858482;"SPRF-SC";"DEL04-SC";"UOP01-DEL04-SC"
109544;2018-01-03;"quarta-feira";"14:15:00";"MG";40;620,2;"CONSELHEIRO LAFAIETE";"Falta de Atenção à Condução";"Colisão frontal";"Com Vítimas Feridas";"Pleno dia";"Crescente";"Sol";"Simples";"Reta";"Não";5;0;3;0;2;0;3;2;-20,58325728;-43,80756749;"SPRF-MG";"DEL05-MG";"UOP02-DEL05-MG"
109545;2018-02-08;"quinta-feira";"07:50:00";"PE";104;102,2;"CUPIRA";"Defeito Mecânico no Veículo";"Colisão lateral";"Com Vítimas Feridas";"Pleno dia";"Crescente";"Céu Claro";"Simples";"Aclive";"Não";3;0;0;1;1;1;1;2;-8,58290879;-35,95071198;"SPRF-PE";"DEL02-PE";"UOP01-DEL02-PE"
109547;2018-01-13;"sábado";"04:30:00";"MA";135;37;"BACABEIRA";"Carga excessiva e/ou mal acondicionada";"Derramamento de carga";"Sem Vítimas";"Plena Noite";"Crescente";"Céu Claro";"Simples";"Reta";"Não";5;0;0;0;1;4;0;3;-2,85697727;-44,37618256;"SPRF-MA";"DEL01-MA";"UOP01-DEL01-MA"
109549;2018-02-08;"quinta-feira";"07:50:00";"MG";365;613;"UBERLANDIA";"Falta de Atenção à Condução";"Saída de leito carroçável";"Sem Vítimas";"Pleno dia";"Crescente";"Céu Claro";"Simples";"Reta";"Sim";1;0;0;0;1;0;0;1;-18,9182;-48,2099;"SPRF-MG";"DEL15-MG";"UOP01-DEL15-MG"
109550;2018-02-08;"quinta-feira";"09:50:00";"RS";287;287,3;"SAO PEDRO DO SUL";"Falta de Atenção à Condução";"Colisão traseira";"Sem Vítimas";"Pleno dia";"Decrescente";"Céu Claro";"Simples";"Reta;Declive";"Não";7;0;0;0;7;0;0;2;-29,64606936;-54,30427554;"SPRF-RS";"DEL09-RS";"UOP01-DEL09-RS"
109551;2018-02-08;"quinta-feira";"04:40:00";"AL";101;75,8;"RIO LARGO";"Falta de Atenção à Condução";"Saída de leito carroçável";"Sem Vítimas";"Pleno dia";"Crescente";"Nublado";"Dupla";"Reta";"Não";1;0;0;0;1;0;0;1;-9,404365;-35,839981;"SPRF-AL";"DEL01-AL";"UOP01-DEL01-AL"
109552;2018-02-08;"quinta-feira";"09:00:00";"PE";101;91,6;"CABO DE SANTO AGOSTINHO";"Defeito na Via";"Saída de leito carroçável";"Sem Vítimas";"Pleno dia";"Decrescente";"Céu Claro";"Dupla";"Declive;Reta";"Não";1;0;0;0;1;0;0;1;-8,22599975;-34,99413986;"SPRF-PE";"DEL01-PE";"UOP03-DEL01-PE"
109554;2018-02-08;"quinta-feira";"10:00:00";"SP";116;156,3;"SAO JOSE DOS CAMPOS";"Falta de Atenção à Condução";"Colisão traseira";"Com Vítimas Feridas";"Plena Noite";"Decrescente";"Céu Claro";"Dupla";"Reta";"Sim";3;0;0;1;1;1;1;3;-23,25098707;-45,93649864;"SPRF-SP";"DEL02-SP";"UOP01-DEL02-SP"
109555;2018-02-08;"quinta-feira";"07:40:00";"RO";364;336,2;"JI-PARANA";"Ingestão de Álcool";"Saída de leito carroçável";"Com Vítimas Feridas";"Pleno dia";"Decrescente";"Céu Claro";"Simples";"Reta";"Não";2;0;1;0;0;1;1;2;-10,982406;-61,9172277;"SPRF-RO";"DEL02-RO";"UOP01-DEL02-RO"
109556;2018-02-08;"quinta-feira";"09:10:00";"SC";470;55;"BLUMENAU";"Falta de Atenção à Condução";"Colisão transversal";"Com Vítimas Feridas";"Pleno dia";"Decrescente";"Sol";"Simples";"Reta";"Não";2;0;0;1;1;0;1;2;-26,8683039;-49,1039757;"SPRF-SC";"DEL04-SC";"UOP01-DEL04-SC"
109557;2018-02-08;"quinta-feira";"10:05:00";"SC";470;54,5;"BLUMENAU";"Falta de Atenção à Condução";"Colisão traseira";"Com Vítimas Feridas";"Pleno dia";"Crescente";"Sol";"Simples";"Interseção de Vias";"Não";3;0;1;0;2;0;1;2;-26,86611;-49,1007782;"SPRF-SC";"DEL04-SC";"UOP01-DEL04-SC"
109558;2018-02-08;"quinta-feira";"05:00:00";"BA";101;348;"TEOLANDIA";"Falta de Atenção do Pedestre";"Atropelamento de Pedestre";"Com Vítimas Fatais";"Amanhecer";"Decrescente";"Céu Claro";"Simples";"Curva";"Sim";2;1;0;0;0;1;0;2;-13,6025;-39,4927;"SPRF-BA";"DEL05-BA";"UOP03-DEL05-BA"
109559;2018-02-07;"quarta-feira";"19:30:00";"TO";153;561,1;"FATIMA";"Defeito na Via";"Tombamento";"Sem Vítimas";"Plena Noite";"Decrescente";"Garoa/Chuvisco";"Simples";"Reta";"Sim";1;0;0;0;0;1;0;1;-10,75269558;-48,90252191;"SPRF-TO";"DEL02-TO";"UOP01-DEL01-TO"
109560;2018-02-08;"quinta-feira";"10:10:00";"MG";381;874,2;"ESTIVA";"Falta de Atenção à Condução";"Saída de leito carroçável";"Sem Vítimas";"Pleno dia";"Decrescente";"Sol";"Dupla";"Reta";"Não";3;0;0;0;3;0;0;1;-22,42728116;-45,97190114;"SPRF-MG";"DEL16-MG";"UOP01-DEL16-MG"
109561;2018-02-08;"quinta-feira";"10:00:00";"GO";40;117,9;"CRISTALINA";"Avarias e/ou desgaste excessivo no pneu";"Capotamento";"Sem Vítimas";"Pleno dia";"Crescente";"Sol";"Dupla";"Reta";"Não";1;0;0;0;1;0;0;1;-16,85466606;-47,44073656;"SPRF-DF";"DEL01-DF";"UOP02-DEL01-DF"
109562;2018-02-08;"quinta-feira";"08:00:00";"RO";174;13,4;"VILHENA";"Desobediência às normas de trânsito pelo condutor";"Colisão transversal";"Com Vítimas Feridas";"Pleno dia";"Crescente";"Céu Claro";"Dupla";"Reta";"Sim";3;0;1;0;2;0;1;2;-12,73876453;-60,1312885;"SPRF-RO";"DEL04-RO";"UOP01-DEL04-RO"
109564;2018-02-08;"quinta-feira";"09:10:00";"MG";116;182,4;"PADRE PARAISO";"Não guardar distância de segurança";"Colisão frontal";"Com Vítimas Feridas";"Pleno dia";"Crescente";"Céu Claro";"Simples";"Reta";"Não";3;0;1;0;2;0;1;3;-17,0679;-41,4821;"SPRF-MG";"DEL11-MG";"UOP01-DEL11-MG"
109565;2018-02-08;"quinta-feira";"11:20:00";"SC";101;2,3;"GARUVA";"Falta de Atenção à Condução";"Saída de leito carroçável";"Com Vítimas Feridas";"Pleno dia";"Decrescente";"Céu Claro";"Dupla";"Reta";"Sim";3;0;2;0;1;0;2;1;-26,00199233;-48,87383764;"SPRF-SC";"DEL03-SC";"UOP01-DEL03-SC"
109566;2018-02-08;"quinta-feira";"10:49:00";"CE";116;19;"EUSEBIO";"Falta de Atenção à Condução";"Colisão traseira";"Sem Vítimas";"Pleno dia";"Decrescente";"Céu Claro";"Dupla";"Reta";"Sim";2;0;0;0;2;0;0;2;-3,9268;-38,5078;"SPRF-CE";"DEL01-CE";"UOP02-DEL01-CE"
109567;2018-02-08;"quinta-feira";"11:20:00";"ES";101;65,6;"SAO MATEUS";"Falta de Atenção do Pedestre";"Atropelamento de Pedestre";"Com Vítimas Feridas";"Pleno dia";"Decrescente";"Céu Claro";"Simples";"Reta";"Sim";2;0;1;0;1;0;1;2;-18,71458817;-39,87750493;"SPRF-ES";"DEL04-ES";"UOP02-DEL04-ES"
109568;2018-02-08;"quinta-feira";"11:20:00";"RJ";116;135;"MAGE";"Ultrapassagem Indevida";"Colisão com objeto estático";"Sem Vítimas";"Pleno dia";"Crescente";"Céu Claro";"Dupla";"Reta";"Sim";1;0;0;0;1;0;0;1;-22,6473461;-43,2224146;"SPRF-RJ";"DEL04-RJ";"UOP02-DEL04-RJ"
109570;2018-01-31;"quarta-feira";"05:15:00";"BA";116;427;"FEIRA DE SANTANA";"Condutor Dormindo";"Colisão com objeto estático";"Sem Vítimas";"Amanhecer";"Crescente";"Céu Claro";"Dupla";"Reta";"Não";1;0;0;0;1;0;0;1;-12,27962454;-38,99597168;"SPRF-BA";"DEL02-BA";"UOP01-DEL02-BA"
109571;2018-01-07;"domingo";"15:20:00";"TO";153;159;"ARAGUAINA";"Falta de Atenção à Condução";"Saída de leito carroçável";"Sem Vítimas";"Pleno dia";"Decrescente";"Céu Claro";"Simples";"Reta";"Não";5;0;0;0;5;0;0;1;-7,313383;-48,300945;"SPRF-TO";"DEL02-TO";"UOP01-DEL02-TO"
109572;2018-02-08;"quinta-feira";"12:00:00";"GO";40;1,8;"VALPARAISO DE GOIAS";"Avarias e/ou desgaste excessivo no pneu";"Queda de ocupante de veículo";"Com Vítimas Feridas";"Pleno dia";"Crescente";"Céu Claro";"Dupla";"Reta";"Sim";2;0;1;0;1;0;1;1;-16,0654683;-47,9839017;"SPRF-DF";"DEL01-DF";"UOP01-DEL01-DF"
109573;2018-02-08;"quinta-feira";"11:05:00";"MS";262;378;"TERENOS";"Ingestão de Álcool";"Saída de leito carroçável";"Com Vítimas Feridas";"Pleno dia";"Crescente";"Sol";"Simples";"Curva";"Não";5;0;4;0;1;0;4;1;-20,47354657;-54,8420307;"SPRF-MS";"DEL01-MS";"UOP03-DEL01-MS"
109574;2018-02-08;"quinta-feira";"12:00:00";"SP";116;273;"TABOAO DA SERRA";"Falta de Atenção à Condução";"Colisão traseira";"Com Vítimas Feridas";"Pleno dia";"Decrescente";"Sol";"Dupla";"Reta";"Sim";3;0;1;1;0;1;2;3;-23,61621602;-46,7892158;"SPRF-SP";"DEL04-SP";"UOP01-DEL04-SP"
109578;2018-02-08;"quinta-feira";"12:10:00";"SC";101;210,4;"SAO JOSE";"Não guardar distância de segurança";"Colisão transversal";"Com Vítimas Feridas";"Pleno dia";"Decrescente";"Sol";"Múltipla";"Reta";"Sim";3;0;1;0;1;1;1;3;-27,61930608;-48,64813681;"SPRF-SC";"DEL01-SC";"UOP01-DEL01-SC"
109579;2018-02-08;"quinta-feira";"11:40:00";"SP";153;71,9;"SAO JOSE DO RIO PRETO";"Desobediência às normas de trânsito pelo condutor";"Colisão transversal";"Com Vítimas Feridas";"Pleno dia";"Crescente";"Sol";"Simples";"Reta";"Sim";2;0;1;0;1;0;1;2;-20,86623367;-49,41266993;"SPRF-SP";"DEL09-SP";"UOP01-DEL09-SP"
109581;2018-02-08;"quinta-feira";"11:50:00";"RN";405;1,5;"MOSSORO";"Falta de Atenção à Condução";"Colisão transversal";"Com Vítimas Feridas";"Pleno dia";"Crescente";"Céu Claro";"Dupla";"Reta";"Sim";3;0;2;1;0;0;3;2;-5,19221262;-37,36633052;"SPRF-RN";"DEL04-RN";"UOP02-DEL04-RN"
109582;2018-02-08;"quinta-feira";"10:20:00";"RS";386;393;"TRIUNFO";"Condutor Dormindo";"Saída de leito carroçável";"Sem Vítimas";"Pleno dia";"Crescente";"Sol";"Dupla";"Reta";"Não";1;0;0;0;1;0;0;1;-29,80251791;-51,512146;"SPRF-RS";"DEL04-RS";"UOP02-DEL04-RS"
109586;2018-02-08;"quinta-feira";"12:11:00";"AL";316;255,1;"PILAR";"Falta de Atenção à Condução";"Colisão transversal";"Com Vítimas Feridas";"Pleno dia";"Crescente";"Céu Claro";"Simples";"Reta";"Não";2;0;1;0;1;0;1;2;-9,597656;-35,956963;"SPRF-AL";"DEL02-AL";"UOP01-DEL02-AL"
109588;2018-02-08;"quinta-feira";"13:00:00";"MG";381;360,8;"JOAO MONLEVADE";"Defeito na Via";"Colisão transversal";"Com Vítimas Feridas";"Pleno dia";"Decrescente";"Céu Claro";"Simples";"Curva";"Sim";2;0;1;0;1;0;1;2;-19,83986737;-43,17964375;"SPRF-MG";"DEL03-MG";"UOP01-DEL03-MG"
109589;2018-02-08;"quinta-feira";"12:20:00";"MG";116;527,1;"CARATINGA";"Falta de Atenção à Condução";"Colisão transversal";"Com Vítimas Feridas";"Pleno dia";"Decrescente";"Sol";"Simples";"Reta";"Sim";2;0;1;0;1;0;1;2;-19,7902;-42,139526;"SPRF-MG";"DEL06-MG";"UOP02-DEL06-MG"
109592;2018-01-04;"quinta-feira";"00:10:00";"SC";101;42;"JOINVILLE";"Objeto estático sobre o leito carroçável";"Queda de ocupante de veículo";"Com Vítimas Feridas";"Plena Noite";"Decrescente";"Nublado";"Dupla";"Reta";"Não";1;0;1;0;0;0;1;1;-26,3315;-48,8617;"SPRF-SC";"DEL03-SC";"UOP01-DEL03-SC"
109594;2018-02-08;"quinta-feira";"12:50:00";"PE";101;82;"JABOATAO DOS GUARARAPES";"Falta de Atenção à Condução";"Colisão traseira";"Sem Vítimas";"Pleno dia";"Decrescente";"Sol";"Múltipla";"Reta";"Sim";2;0;0;0;2;0;0;2;-8,1768;-34,9443;"SPRF-PE";"DEL01-PE";"UOP03-DEL01-PE"
109598;2018-02-08;"quinta-feira";"12:30:00";"BA";324;536,6;"AMELIA RODRIGUES";"Falta de Atenção à Condução";"Colisão lateral";"Sem Vítimas";"Pleno dia";"Decrescente";"Céu Claro";"Dupla";"Curva";"Sim";2;0;0;0;2;0;0;2;-12,38426968;-38,79890442;"SPRF-BA";"DEL01-BA";"UOP01-DEL01-BA"
109599;2018-02-08;"quinta-feira";"14:20:00";"SC";470;45,3;"GASPAR";"Falta de Atenção à Condução";"Tombamento";"Com Vítimas Feridas";"Pleno dia";"Crescente";"Sol";"Simples";"Reta";"Não";1;0;1;0;0;0;1;1;-26,873154;-49,019121;"SPRF-SC";"DEL04-SC";"UOP01-DEL04-SC"
109601;2018-02-08;"quinta-feira";"12:40:00";"PI";316;5,7;"TERESINA";"Não guardar distância de segurança";"Colisão traseira";"Com Vítimas Feridas";"Pleno dia";"Decrescente";"Sol";"Múltipla";"Reta";"Sim";2;0;1;0;1;0;1;2;-5,1448292;-42,77611129;"SPRF-PI";"DEL01-PI";"UOP02-DEL01-PI"
109602;2018-02-08;"quinta-feira";"14:15:00";"DF";20;18;"BRASILIA";"Ingestão de Álcool";"Colisão traseira";"Com Vítimas Feridas";"Pleno dia";"Crescente";"Céu Claro";"Dupla";"Aclive";"Sim";2;0;1;0;1;0;1;2;-15,616901;-47,708927;"SPRF-DF";"DEL02-DF";"UOP01-DEL02-DF"
109606;2018-02-08;"quinta-feira";"12:00:00";"AM";174;967;"PRESIDENTE FIGUEIREDO";"Falta de Atenção à Condução";"Colisão com objeto estático";"Sem Vítimas";"Pleno dia";"Decrescente";"Céu Claro";"Dupla";"Reta";"Não";1;0;0;0;1;0;0;1;-2,034824;-60,02544;"SPRF-AM";"DEL01-AM";"UOP02-DEL01-AM"
109607;2018-02-08;"quinta-feira";"12:30:00";"PI";316;62,1;"MONSENHOR GIL";"Falta de Atenção à Condução";"Capotamento";"Sem Vítimas";"Pleno dia";"Crescente";"Céu Claro";"Simples";"Reta";"Não";1;0;0;0;1;0;0;1;-5,564572;-42,60812;"SPRF-PI";"DEL01-PI";"UOP02-DEL01-PI"
109608;2018-02-08;"quinta-feira";"13:00:00";"RN";101;84;"SAO GONCALO DO AMARANTE";"Não guardar distância de segurança";"Colisão lateral";"Com Vítimas Feridas";"Pleno dia";"Crescente";"Nublado";"Múltipla";"Interseção de Vias";"Sim";2;0;1;0;1;0;1;2;-5,77544053;-35,25487751;"SPRF-RN";"DEL02-RN";"UOP01-DEL02-RN"
109611;2018-02-08;"quinta-feira";"14:05:00";"RN";101;84,4;"SAO GONCALO DO AMARANTE";"Pista Escorregadia";"Queda de ocupante de veículo";"Com Vítimas Feridas";"Pleno dia";"Crescente";"Garoa/Chuvisco";"Simples";"Reta";"Sim";1;0;1;0;0;0;1;1;-5,77554101;-35,25454993;"SPRF-RN";"DEL02-RN";"UOP01-DEL02-RN"
109613;2018-02-08;"quinta-feira";"06:00:00";"RO";319;20;"PORTO VELHO";"Condutor Dormindo";"Saída de leito carroçável";"Com Vítimas Feridas";"Amanhecer";"Crescente";"Nublado";"Simples";"Reta";"Não";2;0;1;1;0;0;2;1;-8,04876;-63,509209;"SPRF-RO";"DEL01-RO";"UOP01-DEL01-RO"
109615;2018-02-08;"quinta-feira";"15:30:00";"MG";116;712,4;"MURIAE";"Falta de Atenção à Condução";"Colisão com objeto estático";"Com Vítimas Feridas";"Pleno dia";"Crescente";"Sol";"Simples";"Curva;Aclive";"Não";1;0;0;1;0;0;1;1;-21,1299;-42,3671;"SPRF-MG";"DEL07-MG";"UOP02-DEL07-MG"
109616;2018-02-08;"quinta-feira";"15:10:00";"AL";316;265;"SATUBA";"Objeto estático sobre o leito carroçável";"Colisão com objeto estático";"Com Vítimas Feridas";"Pleno dia";"Crescente";"Céu Claro";"Simples";"Reta";"Não";1;0;1;0;0;0;1;1;-9,563767;-35,82474;"SPRF-AL";"DEL02-AL";"UOP01-DEL02-AL"
109619;2018-02-03;"sábado";"09:20:00";"SP";116;340;"JUQUITIBA";"Defeito na Via";"Saída de leito carroçável";"Com Vítimas Feridas";"Pleno dia";"Decrescente";"Nublado";"Dupla";"Curva;Aclive";"Não";2;0;2;0;0;0;2;1;-24,00375423;-47,15745831;"SPRF-SP";"DEL04-SP";"UOP03-DEL04-SP"
109621;2018-02-08;"quinta-feira";"15:45:00";"SP";381;89;"GUARULHOS";"Falta de Atenção à Condução";"Colisão com objeto estático";"Com Vítimas Feridas";"Pleno dia";"Decrescente";"Sol";"Múltipla";"Reta";"Sim";1;0;1;0;0;0;1;1;-23,48843875;-46,55662537;"SPRF-SP";"DEL03-SP";"DEL6/3-UOP03/SP"