"id";"data_inversa";"dia_semana";"horario";"uf";"br";"km";"municipio";"causa_acidente";"tipo_acidente";"classificacao_acidente";"fase_dia";"sentido_via";"condicao_metereologica";"tipo_pista";"tracado_via";"uso_solo";"pessoas";"mortos";"feridos_leves";"feridos_graves";"ilesos";"ignorados";"feridos";"veiculos";"latitude";"longitude";"regional";"delegacia";"uop"
109623;2018-02-08;"quinta-feira";"14:20:00";"SC";282;582,7;"PINHALZINHO";"Falta de Atenção à Condução";"Colisão frontal";"Sem Vítimas";"Pleno dia";"Crescente";"Céu Claro";"Simples";"Interseção de Vias";"Não";2;0;0;0;2;0;0;2;-26,87419111;-52,95465946;"SPRF-SC";"DEL07-SC";"UOP02-DEL07-SC"
109624;2018-02-08;"quinta-feira";"14:40:00";"PE";104;30,7;"CARUARU";"Desobediência às normas de trânsito pelo condutor";"Colisão frontal";"Sem Vítimas";"Pleno dia";"Decrescente";"Céu Claro";"Simples";"Curva";"Sim";2;0;0;0;2;0;0;2;-8,0095701;-36,0604199;"SPRF-PE";"DEL02-PE";"UOP01-DEL02-PE"
109627;2018-02-08;"quinta-feira";"14:05:00";"RO";364;236;"CACOAL";"Desobediência às normas de trânsito pelo condutor";"Colisão transversal";"Com Vítimas Feridas";"Pleno dia";"Crescente";"Céu Claro";"Simples";"Reta";"Sim";3;0;1;0;2;0;1;3;-11,445874;-61,437862;"SPRF-RO";"DEL02-RO";"UOP02-DEL02-RO"
109628;2018-02-08;"quinta-feira";"15:30:00";"MG";381;265;"TIMOTEO";"Falta de Atenção à Condução";"Colisão transversal";"Com Vítimas Feridas";"Pleno dia";"Crescente";"Nublado";"Simples";"Reta";"Não";2;0;1;0;1;0;1;2;-19,5845;-42,6443;"SPRF-MG";"DEL03-MG";"UOP02-DEL03-MG"
109629;2018-02-08;"quinta-feira";"16:30:00";"SC";116;245,7;"LAGES";"Falta de Atenção à Condução";"Colisão transversal";"Com Vítimas Feridas";"Pleno dia";"Crescente";"Sol";"Simples";"Reta";"Sim";2;0;1;0;1;0;1;2;-27,81600099;-50,36888123;"SPRF-SC";"DEL05-SC";"UOP02-DEL05-SC"
109631;2018-02-08;"quinta-feira";"14:30:00";"AL";101;21;"JOAQUIM GOMES";"Mal Súbito";"Capotamento";"Sem Vítimas";"Pleno dia";"Crescente";"Céu Claro";"Simples";"Reta";"Não";2;0;0;0;2;0;0;1;-9,0442771;-35,7013387;"SPRF-AL";"DEL01-AL";"UOP01-DEL01-AL"
109634;2018-02-08;"quinta-feira";"16:30:00";"RJ";40;41;"AREAL";"Condutor Dormindo";"Capotamento";"Sem Vítimas";"Pleno dia";"Crescente";"Céu Claro";"Dupla";"Curva";"Não";1;0;0;0;1;0;0;1;-22,2578;-43,1086;"SPRF-RJ";"DEL06-RJ";"UOP02-DEL05-RJ"
109635;2018-02-08;"quinta-feira";"15:00:00";"SC";470;53,1;"BLUMENAU";"Falta de Atenção à Condução";"Tombamento";"Com Vítimas Feridas";"Pleno dia";"Crescente";"Sol";"Simples";"Interseção de Vias";"Não";1;0;0;1;0;0;1;1;-26,86428112;-49,08485413;"SPRF-SC";"DEL04-SC";"UOP01-DEL04-SC"
109636;2018-02-08;"quinta-feira";"16:00:00";"PR";376;665;"GUARATUBA";"Velocidade Incompatível";"Colisão com objeto estático";"Sem Vítimas";"Pleno dia";"Crescente";"Garoa/Chuvisco";"Dupla";"Curva";"Não";1;0;0;0;1;0;0;1;-25,883259;-48,57514;"SPRF-PR";"DEL01-PR";"DEL7/1-UOP08/PR"
109639;2018-02-08;"quinta-feira";"17:00:00";"SC";101;53;"JOINVILLE";"Falta de Atenção à Condução";"Saída de leito carroçável";"Sem Vítimas";"Pleno dia";"Crescente";"Sol";"Dupla";"Reta";"Não";2;0;0;0;2;0;0;2;-26,4178;-48,8331;"SPRF-SC";"DEL03-SC";"UOP01-DEL03-SC"
109640;2018-02-08;"quinta-feira";"16:10:00";"MT";364;290;"JACIARA";"Pista Escorregadia";"Saída de leito carroçável";"Sem Vítimas";"Pleno dia";"Crescente";"Chuva";"Dupla";"Curva";"Não";3;0;0;0;3;0;0;1;-15,885073;-55,109463;"SPRF-MT";"DEL02-MT";"UOP02-DEL05-MT"
109641;2018-02-08;"quinta-feira";"14:45:00";"MT";70;322,4;"DOM AQUINO";"Falta de Atenção à Condução";"Saída de leito carroçável";"Com Vítimas Feridas";"Pleno dia";"Crescente";"Chuva";"Simples";"Reta";"Não";2;0;2;0;0;0;2;1;-15,5109198;-54,65290546;"SPRF-MT";"DEL05-MT";"UOP01-DEL05-MT"
109643;2018-02-08;"quinta-feira";"17:30:00";"DF";40;4;"BRASILIA";"Falta de Atenção à Condução";"Queda de ocupante de veículo";"Com Vítimas Feridas";"Pleno dia";"Crescente";"Céu Claro";"Dupla";"Reta";"Sim";1;0;1;0;0;0;1;1;-16,01666255;-47,9814443;"SPRF-DF";"DEL01-DF";"UOP01-DEL01-DF"
109648;2018-02-08;"quinta-feira";"17:30:00";"PR";376;266;"CALIFORNIA";"Desobediência às normas de trânsito pelo condutor";"Colisão transversal";"Com Vítimas Feridas";"Pleno dia";"Crescente";"Céu Claro";"Simples";"Reta";"Sim";2;0;1;0;1;0;1;2;-23,665;-51,3637;"SPRF-PR";"DEL07-PR";"UOP03-DEL07-PR"
109650;2018-02-08;"quinta-feira";"18:05:00";"RS";386;342,3;"LAJEADO";"Não guardar distância de segurança";"Colisão traseira";"Com Vítimas Feridas";"Pleno dia";"Decrescente";"Sol";"Simples";"Reta";"Sim";3;0;1;0;2;0;1;3;-29,432055;-52,0112142;"SPRF-RS";"DEL04-RS";"UOP01-DEL04-RS"
109651;2018-02-08;"quinta-feira";"17:30:00";"RJ";493;23;"MAGE";"Falta de Atenção à Condução";"Colisão transversal";"Sem Vítimas";"Pleno dia";"Crescente";"Céu Claro";"Simples";"Reta";"Não";2;0;0;0;1;1;0;2;-22,657053;-43,061737;"SPRF-RJ";"DEL04-RJ";"UOP02-DEL04-RJ"
109655;2018-02-08;"quinta-feira";"16:30:00";"SC";101;146;"ITAPEMA";"Falta de Atenção à Condução";"Colisão traseira";"Com Vítimas Feridas";"Pleno dia";"Decrescente";"Sol";"Dupla";"Reta";"Não";3;0;1;0;2;0;1;3;-27,0918;-48,6168;"SPRF-SC";"DEL04-SC";"UOP03-DEL04-SC"
109656;2018-02-08;"quinta-feira";"18:15:00";"PR";163;190,8;"SANTA TEREZA DO OESTE";"Falta de Atenção à Condução";"Colisão com objeto estático";"Sem Vítimas";"Pleno dia";"Decrescente";"Céu Claro";"Dupla";"Reta";"Não";1;0;0;0;0;1;0;1;-25,09377069;-53,59327931;"SPRF-PR";"DEL04-PR";"UOP05-DEL05-PR"
109659;2018-02-08;"quinta-feira";"18:00:00";"PR";163;83;"PLANALTO";"Falta de Atenção à Condução";"Colisão transversal";"Sem Vítimas";"Pleno dia";"Crescente";"Céu Claro";"Simples";"Reta";"Não";2;0;0;0;2;0;0;2;-25,7111;-53,7728;"SPRF-PR";"DEL02-PR";"UOP02-DEL02-PR"
109660;2018-02-08;"quinta-feira";"18:20:00";"RS";470;219;"BENTO GONCALVES";"Desobediência às normas de trânsito pelo condutor";"Colisão transversal";"Com Vítimas Feridas";"Pleno dia";"Decrescente";"Céu Claro";"Simples";"Curva";"Sim";3;0;2;0;1;0;2;2;-29,2231598;-51,51690964;"SPRF-RS";"DEL06-RS";"UOP01-DEL06-RS"
109662;2018-02-08;"quinta-feira";"17:30:00";"RN";101;106;"PARNAMIRIM";"Restrição de Visibilidade";"Tombamento";"Com Vítimas Feridas";"Anoitecer";"Crescente";"Nublado";"Dupla";"Retorno Regulamentado";"Sim";2;0;1;0;1;0;1;2;-5,90604351;-35,26046187;"SPRF-RN";"DEL01-RN";"UOP01-DEL01-RN"
109664;2018-02-08;"quinta-feira";"18:40:00";"SP";116;153;"SAO JOSE DOS CAMPOS";"Falta de Atenção à Condução";"Colisão traseira";"Com Vítimas Feridas";"Pleno dia";"Decrescente";"Céu Claro";"Dupla";"Reta";"Sim";2;0;1;0;0;1;1;2;-23,23606726;-45,7935333;"SPRF-SP";"DEL02-SP";"UOP01-DEL02-SP"
109665;2018-02-08;"quinta-feira";"18:45:00";"RJ";116;178;"NOVA IGUACU";"Falta de Atenção à Condução";"Colisão traseira";"Com Vítimas Feridas";"Pleno dia";"Decrescente";"Céu Claro";"Múltipla";"Reta";"Não";3;0;1;0;2;0;1;3;-22,74564598;-43,44441286;"SPRF-RJ";"DEL01-RJ";"UOP02-DEL01-RJ"
109666;2018-02-08;"quinta-feira";"16:02:00";"MG";381;643;"SANTO ANTONIO DO AMPARO";"Velocidade Incompatível";"Colisão com objeto estático";"Com Vítimas Feridas";"Pleno dia";"Decrescente";"Céu Claro";"Dupla";"Curva";"Não";1;0;1;0;0;0;1;1;-20,93403184;-44,87471027;"SPRF-MG";"DEL04-MG";"UOP01-DEL04-MG"
109667;2018-02-08;"quinta-feira";"18:50:00";"SC";101;207;"SAO JOSE";"Falta de Atenção à Condução";"Engavetamento";"Sem Vítimas";"Anoitecer";"Crescente";"Nublado";"Múltipla";"Reta";"Sim";3;0;0;0;3;0;0;3;-27,6034;-48,632;"SPRF-SC";"DEL01-SC";"UOP01-DEL01-SC"
109673;2018-02-08;"quinta-feira";"19:30:00";"SC";101;120,7;"ITAJAI";"Falta de Atenção à Condução";"Colisão traseira";"Com Vítimas Feridas";"Anoitecer";"Crescente";"Céu Claro";"Dupla";"Viaduto";"Não";3;0;3;0;0;0;3;2;-26,9211;-48,7084;"SPRF-SC";"DEL04-SC";"UOP04-DEL04-SC"
109674;2018-02-08;"quinta-feira";"18:20:00";"MS";163;465,1;"CAMPO GRANDE";"Desobediência às normas de trânsito pelo condutor";"Tombamento";"Com Vítimas Feridas";"Anoitecer";"Crescente";"Céu Claro";"Simples";"Reta";"Sim";2;0;2;0;0;0;2;1;-20,594009;-54,580391;"SPRF-MS";"DEL01-MS";"UOP01-DEL01-MS"
109675;2018-02-08;"quinta-feira";"18:45:00";"MG";262;583,9;"CAMPOS ALTOS";"Velocidade Incompatível";"Saída de leito carroçável";"Com Vítimas Feridas";"Pleno dia";"Decrescente";"Chuva";"Simples";"Curva";"Não";4;0;4;0;0;0;4;1;-19,696579;-46,171776;"SPRF-MG";"DEL08-MG";"UOP02-DEL08-MG"
109676;2018-02-08;"quinta-feira";"18:10:00";"SP";116;276,9;"EMBU DAS ARTES";"Falta de Atenção à Condução";"Colisão traseira";"Com Vítimas Feridas";"Pleno dia";"Decrescente";"Sol";"Dupla";"Reta";"Sim";3;0;2;0;1;0;2;3;-23,62947641;-46,81988955;"SPRF-SP";"DEL04-SP";"UOP01-DEL04-SP"
109678;2018-02-08;"quinta-feira";"18:20:00";"SC";101;327,8;"CAPIVARI DE BAIXO";"Falta de Atenção à Condução";"Colisão lateral";"Com Vítimas Feridas";"Pleno dia";"Decrescente";"Céu Claro";"Simples";"Reta";"Sim";2;0;1;0;1;0;1;2;-28,4360722;-48,95922482;"SPRF-SC";"DEL02-SC";"UOP01-DEL02-SC"
109681;2018-02-08;"quinta-feira";"18:05:00";"SP";116;112;"TAUBATE";"Falta de Atenção à Condução";"Colisão traseira";"Com Vítimas Feridas";"Pleno dia";"Decrescente";"Céu Claro";"Dupla";"Reta";"Sim";2;0;0;1;1;0;1;2;-23,041592;-45,570652;"SPRF-SP";"DEL06-SP";"UOP02-DEL02-SP"
109682;2018-02-08;"quinta-feira";"18:30:00";"PR";476;141;"CURITIBA";"Falta de Atenção à Condução";"Colisão traseira";"Com Vítimas Feridas";"Pleno dia";"Decrescente";"Sol";"Dupla";"Reta";"Não";2;0;1;0;1;0;1;2;-25,528614;-49,298798;"SPRF-PR";"DEL01-PR";"UOP01-DEL01-PR"
109683;2018-02-08;"quinta-feira";"19:45:00";"RJ";116;165;"RIO DE JANEIRO";"Falta de Atenção à Condução";"Colisão traseira";"Sem Vítimas";"Anoitecer";"Decrescente";"Céu Claro";"Dupla";"Interseção de Vias";"Sim";2;0;0;0;2;0;0;2;-22,80973188;-43,33604336;"SPRF-RJ";"DEL01-RJ";"UOP02-DEL01-RJ"
109686;2018-02-08;"quinta-feira";"20:00:00";"MG";381;695,2;"LAVRAS";"Falta de Atenção do Pedestre";"Atropelamento de Pedestre";"Com Vítimas Fatais";"Plena Noite";"Decrescente";"Céu Claro";"Dupla";"Aclive";"Não";2;1;0;0;1;0;0;2;-21,2503;-45,1383;"SPRF-MG";"DEL04-MG";"UOP02-DEL04-MG"
109687;2018-02-08;"quinta-feira";"19:00:00";"PI";343;336,3;"TERESINA";"Falta de Atenção à Condução";"Colisão transversal";"Com Vítimas Feridas";"Plena Noite";"Crescente";"Céu Claro";"Simples";"Reta";"Não";2;0;0;1;1;0;1;2;-5,06225025;-42,70677567;"SPRF-PI";"DEL01-PI";"UOP01-DEL01-PI"
109691;2018-02-08;"quinta-feira";"18:45:00";"PA";316;0;"BELEM";"Falta de Atenção à Condução";"Colisão lateral";"Com Vítimas Feridas";"Anoitecer";"Decrescente";"Nublado";"Dupla";"Reta";"Sim";2;0;2;0;0;0;2;2;-1,405913;-48,43406;"SPRF-PA";"DEL01-PA";"DEL19/1-UOP05/PA"
109693;2018-02-08;"quinta-feira";"19:30:00";"PE";232;17;"MORENO";"Velocidade Incompatível";"Capotamento";"Com Vítimas Feridas";"Plena Noite";"Crescente";"Céu Claro";"Simples";"Reta";"Não";2;0;1;0;1;0;1;2;-8,095657;-35,045834;"SPRF-PE";"DEL01-PE";"UOP01-DEL01-PE"
109694;2018-02-08;"quinta-feira";"20:35:00";"MT";70;288;"PRIMAVERA DO LESTE";"Pista Escorregadia";"Queda de ocupante de veículo";"Com Vítimas Feridas";"Plena Noite";"Crescente";"Chuva";"Simples";"Reta";"Sim";2;0;0;2;0;0;2;1;-15,576694;-54,368019;"SPRF-MT";"DEL05-MT";"UOP01-DEL05-MT"
109696;2018-02-08;"quinta-feira";"18:50:00";"BA";324;1;"FEIRA DE SANTANA";"Falta de Atenção à Condução";"Colisão transversal";"Com Vítimas Feridas";"Plena Noite";"Crescente";"Céu Claro";"Simples";"Reta";"Sim";2;0;0;1;1;0;1;2;-12,2763397;-38,93893723;"SPRF-BA";"DEL02-BA";"UOP01-DEL02-BA"
109697;2018-02-08;"quinta-feira";"19:45:00";"GO";153;515;"APARECIDA DE GOIANIA";"Falta de Atenção à Condução";"Colisão lateral";"Com Vítimas Feridas";"Plena Noite";"Crescente";"Céu Claro";"Dupla";"Curva";"Sim";2;0;1;0;1;0;1;2;-16,8413;-49,2454;"SPRF-GO";"DEL01-GO";"UOP03-DEL01-GO"
109699;2018-02-08;"quinta-feira";"19:35:00";"TO";153;123,9;"WANDERLANDIA";"Ultrapassagem Indevida";"Colisão frontal";"Com Vítimas Fatais";"Plena Noite";"Decrescente";"Nublado";"Simples";"Curva";"Não";4;1;3;0;0;0;3;2;-7,06917964;-48,12037115;"SPRF-TO";"DEL02-TO";"UOP01-DEL02-TO"
109700;2018-02-08;"quinta-feira";"22:30:00";"RS";116;150;"CAXIAS DO SUL";"Não guardar distância de segurança";"Colisão traseira";"Com Vítimas Feridas";"Plena Noite";"Crescente";"Céu Claro";"Dupla";"Declive;Interseção de Vias;Reta";"Sim";2;0;1;0;1;0;1;2;-29,168428;-51,158337;"SPRF-RS";"DEL05-RS";"UOP01-DEL05-RS"
109701;2018-02-08;"quinta-feira";"19:30:00";"RS";287;394,5;"SANTIAGO";"Avarias e/ou desgaste excessivo no pneu";"Tombamento";"Com Vítimas Feridas";"Pleno dia";"Crescente";"Céu Claro";"Simples";"Reta";"Não";2;0;2;0;0;0;2;1;-29,19951997;-54,84980058;"SPRF-RS";"DEL12-RS";"UOP02-DEL12-RS"
109703;2018-02-08;"quinta-feira";"22:24:00";"MG";50;12;"UBERLANDIA";"Ingestão de Álcool";"Queda de ocupante de veículo";"Com Vítimas Feridas";"Plena Noite";"Crescente";"Vento";"Dupla";"Interseção de Vias";"Não";1;0;1;0;0;0;1;1;-18,895;-48,193;"SPRF-MG";"DEL15-MG";"UOP02-DEL15-MG"
109704;2018-02-08;"quinta-feira";"22:50:00";"PR";476;156;"ARAUCARIA";"Desobediência às normas de trânsito pelo condutor";"Colisão transversal";"Com Vítimas Feridas";"Plena Noite";"Crescente";"Céu Claro";"Múltipla";"Interseção de Vias";"Sim";2;0;1;0;1;0;1;2;-25,599157;-49,417736;"SPRF-PR";"DEL01-PR";"UOP06-DEL01-PR"
109705;2018-02-08;"quinta-feira";"22:10:00";"PR";153;68,1;"CONSELHEIRO MAIRINCK";"Falta de Atenção do Pedestre";"Atropelamento de Pedestre";"Com Vítimas Fatais";"Plena Noite";"Crescente";"Céu Claro";"Simples";"Reta";"Não";4;1;0;0;2;1;0;2;-23,50823603;-50,11184384;"SPRF-PR";"DEL07-PR";"DEL7/7-UOP08/PR"
109706;2018-02-08;"quinta-feira";"20:00:00";"PB";104;116,8;"LAGOA SECA";"Falta de Atenção do Pedestre";"Atropelamento de Pedestre";"Com Vítimas Fatais";"Plena Noite";"Crescente";"Céu Claro";"Simples";"Reta";"Não";6;1;2;0;2;1;2;4;-7,181261;-35,865158;"SPRF-PB";"DEL02-PB";"UOP04-DEL02-PB"
109708;2018-02-08;"quinta-feira";"19:50:00";"PI";343;184;"PIRIPIRI";"Falta de Atenção à Condução";"Colisão com objeto em movimento";"Com Vítimas Feridas";"Plena Noite";"Crescente";"Chuva";"Simples";"Curva";"Sim";2;0;0;1;0;1;1;2;-4,272144;-41,761505;"SPRF-PI";"DEL02-PI";"UOP01-DEL02-PI"
109709;2018-02-08;"quinta-feira";"19:00:00";"PR";153;110;"IBAITI";"Falta de Atenção à Condução";"Colisão traseira";"Com Vítimas Feridas";"Anoitecer";"Crescente";"Céu Claro";"Simples";"Reta";"Sim";2;0;1;0;1;0;1;2;-23,855228;-50,193096;"SPRF-PR";"DEL07-PR";"DEL7/7-UOP08/PR"
109711;2018-02-08;"quinta-feira";"20:32:00";"MT";174;276,7;"PONTES E LACERDA";"Sinalização da via insuficiente ou inadequada";"Saída de leito carroçável";"Com Vítimas Feridas";"Plena Noite";"Crescente";"Nublado";"Simples";"Declive";"Não";1;0;1;0;0;0;1;1;-15,32075168;-59,23375811;"SPRF-MT";"DEL04-MT";"UOP01-DEL04-MT"
109712;2018-02-08;"quinta-feira";"19:45:00";"TO";242;325,3;"PEIXE";"Falta de Atenção à Condução";"Colisão frontal";"Com Vítimas Fatais";"Plena Noite";"Crescente";"Ignorado";"Simples";"Reta";"Não";3;1;0;0;2;0;0;2;-11,9963384;-48,61175537;"SPRF-TO";"DEL02-TO";"UOP02-DEL01-TO"
109713;2018-02-08;"quinta-feira";"18:25:00";"MG";116;586,9;"MANHUACU";"Ingestão de Álcool";"Colisão transversal";"Com Vítimas Feridas";"Pleno dia";"Decrescente";"Céu Claro";"Simples";"Reta";"Não";3;0;0;1;0;2;1;3;-20,2665;-42,0361;"SPRF-MG";"DEL06-MG";"UOP03-DEL06-MG"
109716;2018-02-08;"quinta-feira";"18:00:00";"MG";381;247,7;"SANTANA DO PARAISO";"Falta de Atenção à Condução";"Colisão traseira";"Com Vítimas Fatais";"Pleno dia";"Crescente";"Céu Claro";"Simples";"Reta";"Não";3;1;0;0;1;1;0;3;-19,44979958;-42,51664996;"SPRF-MG";"DEL06-MG";"UOP01-DEL06-MG"
109717;2018-02-08;"quinta-feira";"23:42:00";"SC";101;210;"SAO JOSE";"Falta de Atenção à Condução";"Colisão lateral";"Com Vítimas Feridas";"Plena Noite";"Crescente";"Céu Claro";"Múltipla";"Interseção de Vias";"Sim";2;0;1;0;1;0;1;2;-27,60201991;-48,63304138;"SPRF-SC";"DEL01-SC";"UOP01-DEL01-SC"
109718;2018-02-08;"quinta-feira";"22:55:00";"BA";101;251;"SANTO ANTONIO DE JESUS";"Condutor Dormindo";"Colisão lateral";"Sem Vítimas";"Plena Noite";"Decrescente";"Céu Claro";"Simples";"Reta";"Não";2;0;0;0;2;0;0;2;-12,9532;-39,2746;"SPRF-BA";"DEL01-BA";"UOP02-DEL01-BA"
109720;2018-02-08;"quinta-feira";"23:30:00";"MS";163;357;"NOVA ALVORADA DO SUL";"Falta de Atenção à Condução";"Colisão frontal";"Com Vítimas Feridas";"Plena Noite";"Crescente";"Nublado";"Simples";"Reta";"Não";2;0;0;1;1;0;1;2;-21,53612442;-54,40979004;"SPRF-MS";"DEL02-MS";"UOP02-DEL02-MS"
109721;2018-02-09;"sexta-feira";"00:15:00";"RS";158;244,9;"TUPANCIRETA";"Falta de Atenção à Condução";"Capotamento";"Com Vítimas Feridas";"Plena Noite";"Decrescente";"Céu Claro";"Simples";"Reta";"Não";3;0;2;1;0;0;3;1;-29,11579501;-53,65008543;"SPRF-RS";"DEL10-RS";"UOP02-DEL10-RS"
109722;2018-02-08;"quinta-feira";"23:55:00";"RS";470;154;"NOVA PRATA";"Falta de Atenção à Condução";"Colisão frontal";"Com Vítimas Feridas";"Plena Noite";"Crescente";"Céu Claro";"Simples";"Reta";"Sim";4;0;3;0;1;0;3;2;-28,80253518;-51,60957456;"SPRF-RS";"DEL06-RS";"UOP02-DEL06-RS"
109723;2018-02-08;"quinta-feira";"18:55:00";"SC";470;57,8;"BLUMENAU";"Falta de Atenção à Condução";"Colisão lateral";"Com Vítimas Feridas";"Plena Noite";"Crescente";"Céu Claro";"Simples";"Reta";"Não";2;0;1;0;1;0;1;2;-26,8767179;-49,1282704;"SPRF-SC";"DEL04-SC";"UOP01-DEL04-SC"
109725;2018-02-09;"sexta-feira";"00:35:00";"RJ";116;42,5;"TERESOPOLIS";"Velocidade Incompatível";"Colisão com objeto estático";"Sem Vítimas";"Plena Noite";"Decrescente";"Nublado";"Simples";"Reta";"Não";1;0;0;0;1;0;0;1;-22,14797975;-42,79724121;"SPRF-RJ";"DEL04-RJ";"UOP01-DEL04-RJ"
109726;2018-02-09;"sexta-feira";"01:05:00";"ES";101;295;"CARIACICA";"Falta de Atenção à Condução";"Colisão traseira";"Sem Vítimas";"Plena Noite";"Decrescente";"Nublado";"Dupla";"Reta";"Sim";2;0;0;0;2;0;0;2;-20,34205168;-40,40496826;"SPRF-ES";"DEL01-ES";"UOP01-DEL01-ES"
109733;2018-01-19;"sexta-feira";"16:30:00";"PR";116;17;"ANTONINA";"Velocidade Incompatível";"Colisão com objeto estático";"Com Vítimas Feridas";"Pleno dia";"Decrescente";"Chuva";"Dupla";"Curva";"Não";3;0;2;0;1;0;2;1;-25,103088;-48,701103;"SPRF-PR";"DEL01-PR";"UOP02-DEL01-PR"
109734;2018-02-09;"sexta-feira";"02:10:00";"MT";163;730;"SORRISO";"Condutor Dormindo";"Saída de leito carroçável";"Com Vítimas Feridas";"Plena Noite";"Decrescente";"Céu Claro";"Simples";"Reta";"Não";1;0;1;0;0;0;1;1;-12,73144246;-55,82702637;"SPRF-MT";"DEL06-MT";"UOP01-DEL06-MT"
109735;2018-02-09;"sexta-feira";"02:00:00";"RJ";116;200;"SEROPEDICA";"Falta de Atenção à Condução";"Colisão traseira";"Com Vítimas Feridas";"Plena Noite";"Crescente";"Céu Claro";"Dupla";"Reta";"Não";2;0;1;0;1;0;1;1;-22,72805714;-43,66241455;"SPRF-RJ";"DEL01-RJ";"UOP03-DEL01-RJ"
109737;2018-02-09;"sexta-feira";"02:40:00";"SP";116;227,5;"SAO PAULO";"Falta de Atenção do Pedestre";"Atropelamento de Pedestre";"Com Vítimas Fatais";"Plena Noite";"Decrescente";"Céu Claro";"Múltipla";"Reta";"Sim";2;1;0;0;0;1;0;2;-23,49977377;-46,56280518;"SPRF-SP";"DEL01-SP";"UOP01-DEL01-SP"
109739;2018-02-09;"sexta-feira";"02:45:00";"PR";376;619,8;"SAO JOSE DOS PINHAIS";"Falta de Atenção à Condução";"Saída de leito carroçável";"Sem Vítimas";"Plena Noite";"Crescente";"Céu Claro";"Simples";"Interseção de Vias";"Não";1;0;0;0;0;1;0;1;-25,59497339;-49,1737854;"SPRF-PR";"DEL01-PR";"DEL7/1-UOP08/PR"
109740;2018-02-09;"sexta-feira";"02:20:00";"PE";101;95,8;"CABO DE SANTO AGOSTINHO";"Velocidade Incompatível";"Saída de leito carroçável";"Com Vítimas Feridas";"Plena Noite";"Decrescente";"Nublado";"Dupla";"Desvio Temporário";"Não";1;0;1;0;0;0;1;1;-8,24984019;-35,01058078;"SPRF-PE";"DEL01-PE";"UOP03-DEL01-PE"
109741;2018-02-08;"quinta-feira";"17:58:00";"SC";101;126,6;"ITAJAI";"Não guardar distância de segurança";"Colisão traseira";"Com Vítimas Feridas";"Pleno dia";"Crescente";"Céu Claro";"Dupla";"Reta";"Sim";2;0;1;0;1;0;1;2;-26,95902695;-48,68104301;"SPRF-SC";"DEL04-SC";"UOP04-DEL04-SC"
109743;2018-02-09;"sexta-feira";"04:30:00";"RJ";116;287,5;"BARRA MANSA";"Condutor Dormindo";"Colisão com objeto estático";"Com Vítimas Feridas";"Plena Noite";"Crescente";"Céu Claro";"Dupla";"Reta";"Não";3;0;2;0;1;0;2;1;-22,54465;-44,17177;"SPRF-RJ";"DEL07-RJ";"UOP02-DEL07-RJ"
109745;2018-02-09;"sexta-feira";"05:00:00";"RJ";116;171,6;"SAO JOAO DE MERITI";"Ingestão de Álcool";"Colisão traseira";"Com Vítimas Feridas";"Amanhecer";"Crescente";"Ignorado";"Dupla";"Reta";"Sim";3;0;1;0;2;0;1;2;-22,80352932;-43,34741033;"SPRF-RJ";"DEL01-RJ";"UOP02-DEL01-RJ"
109746;2018-02-09;"sexta-feira";"00:30:00";"CE";230;77,7;"VARZEA ALEGRE";"Falta de Atenção à Condução";"Colisão com objeto estático";"Sem Vítimas";"Plena Noite";"Crescente";"Céu Claro";"Simples";"Declive;Reta";"Sim";1;0;0;0;0;1;0;1;-6,79148409;-39,27830635;"SPRF-CE";"DEL05-CE";"UOP01-DEL05-CE"
109747;2018-02-08;"quinta-feira";"21:00:00";"MG";40;672,9;"CARANDAI";"Animais na Pista";"Atropelamento de Animal";"Com Vítimas Feridas";"Plena Noite";"Decrescente";"Céu Claro";"Simples";"Curva";"Não";1;0;1;0;0;0;1;1;-20,9806745;-43,78257751;"SPRF-MG";"DEL05-MG";"UOP02-DEL05-MG"
109748;2018-02-09;"sexta-feira";"05:40:00";"PR";369;130;"IBIPORA";"Defeito na Via";"Tombamento";"Com Vítimas Feridas";"Plena Noite";"Crescente";"Céu Claro";"Dupla";"Retorno Regulamentado";"Não";1;0;1;0;0;0;1;1;-23,25901083;-50,99990845;"SPRF-PR";"DEL07-PR";"UOP01-DEL07-PR"
109749;2018-02-09;"sexta-feira";"05:20:00";"RS";116;240,1;"NOVO HAMBURGO";"Falta de Atenção à Condução";"Colisão com objeto estático";"Sem Vítimas";"Plena Noite";"Crescente";"Nublado";"Dupla";"Reta";"Sim";1;0;0;0;1;0;0;1;-29,70585335;-51,14712954;"SPRF-RS";"DEL01-RS";"UOP02-DEL01-RS"
109750;2018-02-09;"sexta-feira";"06:05:00";"RS";386;161,8;"ALMIRANTE TAMANDARE DO SUL";"Desobediência às normas de trânsito pelo condutor";"Colisão frontal";"Com Vítimas Fatais";"Plena Noite";"Crescente";"Céu Claro";"Simples";"Curva";"Não";6;1;0;5;0;0;5;2;-28,17175061;-52,83610099;"SPRF-RS";"DEL08-RS";"UOP01-DEL08-RS"