"id";"data_inversa";"dia_semana";"horario";"uf";"br";"km";"municipio";"causa_acidente";"tipo_acidente";"classificacao_acidente";"fase_dia";"sentido_via";"condicao_metereologica";"tipo_pista";"tracado_via";"uso_solo";"pessoas";"mortos";"feridos_leves";"feridos_graves";"ilesos";"ignorados";"feridos";"veiculos";"latitude";"longitude";"regional";"delegacia";"uop"
110129;2018-02-10;"sábado";"08:30:00";"ES";262;151;"IBATIBA";"Defeito Mecânico no Veículo";"Colisão frontal";"Com Vítimas Feridas";"Pleno dia";"Crescente";"Céu Claro";"Simples";"Reta";"Não";10;0;8;1;0;1;9;3;-20,21975767;-41,45021439;"SPRF-ES";"DEL01-ES";"UOP02-DEL01-ES"
110132;2018-02-09;"sexta-feira";"21:45:00";"PR";158;512,8;"PATO BRANCO";"Velocidade Incompatível";"Saída de leito carroçável";"Com Vítimas Fatais";"Plena Noite";"Crescente";"Ignorado";"Simples";"Aclive";"Não";3;1;0;0;0;2;0;2;-26,22908;-52,671;"SPRF-PR";"DEL02-PR";"UOP01-DEL02-PR"
110133;2018-02-03;"sábado";"19:20:00";"GO";60;78,3;"ANAPOLIS";"Fenômenos da Natureza";"Engavetamento";"Com Vítimas Feridas";"Anoitecer";"Crescente";"Chuva";"Dupla";"Reta";"Não";7;0;4;0;3;0;4;3;-16,29789949;-48,80656887;"SPRF-GO";"DEL02-GO";"UOP01-DEL02-GO"
110134;2018-02-10;"sábado";"08:30:00";"RJ";116;286,5;"BARRA MANSA";"Condutor Dormindo";"Colisão com objeto estático";"Sem Vítimas";"Pleno dia";"Decrescente";"Céu Claro";"Dupla";"Reta";"Não";1;0;0;0;1;0;0;1;-22,54465;-44,17177;"SPRF-RJ";"DEL07-RJ";"UOP02-DEL07-RJ"
110135;2018-02-10;"sábado";"05:00:00";"CE";20;137;"TAUA";"Falta de Atenção à Condução";"Colisão lateral";"Com Vítimas Fatais";"Amanhecer";"Crescente";"Céu Claro";"Simples";"Reta";"Não";2;1;0;0;0;1;0;2;-5,99859;-40,3056;"SPRF-CE";"DEL02-CE";"UOP02-DEL02-CE"
110137;2018-02-10;"sábado";"08:50:00";"RJ";465;21;"RIO DE JANEIRO";"Falta de Atenção à Condução";"Colisão lateral";"Sem Vítimas";"Pleno dia";"Crescente";"Céu Claro";"Simples";"Reta";"Sim";2;0;0;0;2;0;0;2;-22,854782;-43,601933;"SPRF-RJ";"DEL01-RJ";"UOP03-DEL01-RJ"
110139;2018-02-10;"sábado";"09:00:00";"MG";381;338;"NOVA ERA";"Velocidade Incompatível";"Saída de leito carroçável";"Com Vítimas Feridas";"Pleno dia";"Crescente";"Garoa/Chuvisco";"Simples";"Aclive;Curva";"Não";4;0;2;0;2;0;2;1;-19,83130911;-43,0821991;"SPRF-MG";"DEL03-MG";"UOP01-DEL03-MG"
110140;2018-02-10;"sábado";"09:10:00";"MG";40;525,8;"CONTAGEM";"Falta de Atenção do Pedestre";"Atropelamento de Pedestre";"Com Vítimas Fatais";"Pleno dia";"Crescente";"Céu Claro";"Dupla";"Reta";"Sim";2;1;0;1;0;0;1;2;-19,88990476;-44,05009974;"SPRF-MG";"DEL01-MG";"UOP03-DEL01-MG"
110141;2018-02-10;"sábado";"07:20:00";"PE";232;130,2;"CARUARU";"Não guardar distância de segurança";"Colisão traseira";"Com Vítimas Feridas";"Pleno dia";"Crescente";"Chuva";"Dupla";"Declive";"Sim";6;0;1;0;5;0;1;2;-8,30072246;-35,99677244;"SPRF-PE";"DEL02-PE";"UOP03-DEL02-PE"
110142;2018-02-10;"sábado";"07:30:00";"MA";222;626,6;"ACAILANDIA";"Defeito na Via";"Saída de leito carroçável";"Com Vítimas Feridas";"Pleno dia";"Decrescente";"Nublado";"Simples";"Curva";"Não";2;0;2;0;0;0;2;1;-4,95394;-47,5019;"SPRF-MA";"DEL04-MA";"UOP03-DEL04-MA"
110145;2018-02-10;"sábado";"09:35:00";"PR";376;601;"CURITIBA";"Falta de Atenção à Condução";"Colisão traseira";"Com Vítimas Feridas";"Pleno dia";"Crescente";"Céu Claro";"Dupla";"Viaduto";"Sim";4;0;1;0;3;0;1;3;-25,540482249;-49,3112942576;"SPRF-PR";"DEL01-PR";"UOP06-DEL01-PR"
110146;2018-02-10;"sábado";"09:40:00";"SC";101;339;"TUBARAO";"Não guardar distância de segurança";"Engavetamento";"Sem Vítimas";"Pleno dia";"Decrescente";"Céu Claro";"Dupla";"Curva";"Não";6;0;0;0;6;0;0;6;-28,48559116;-49,03884888;"SPRF-SC";"DEL02-SC";"UOP01-DEL02-SC"
110149;2018-02-10;"sábado";"09:45:00";"PR";469;19,8;"FOZ DO IGUACU";"Falta de Atenção à Condução";"Colisão traseira";"Sem Vítimas";"Pleno dia";"Decrescente";"Céu Claro";"Simples";"Aclive";"Não";2;0;0;0;2;0;0;2;-25,60525679;-54,4960252;"SPRF-PR";"DEL05-PR";"UOP04-DEL05-PR"
110150;2018-02-10;"sábado";"09:15:00";"ES";262;0,7;"CARIACICA";"Falta de Atenção à Condução";"Colisão lateral";"Com Vítimas Feridas";"Pleno dia";"Decrescente";"Céu Claro";"Dupla";"Ponte";"Sim";2;0;0;1;1;0;1;2;-20,32638134;-40,35378277;"SPRF-ES";"DEL01-ES";"UOP01-DEL01-ES"
110153;2018-02-10;"sábado";"08:30:00";"AL";101;30;"JOAQUIM GOMES";"Defeito na Via";"Colisão com objeto estático";"Sem Vítimas";"Pleno dia";"Decrescente";"Nublado";"Simples";"Curva";"Não";1;0;0;0;1;0;0;1;-9,084775;-35,746807;"SPRF-AL";"DEL01-AL";"UOP01-DEL01-AL"
110154;2018-02-10;"sábado";"08:30:00";"SC";116;296,6;"CAPAO ALTO";"Ingestão de Álcool";"Colisão frontal";"Com Vítimas Feridas";"Pleno dia";"Crescente";"Céu Claro";"Simples";"Reta";"Não";4;0;1;1;2;0;2;2;-28,1492005;-50,66302299;"SPRF-SC";"DEL05-SC";"UOP02-DEL05-SC"
110155;2018-02-10;"sábado";"09:15:00";"PA";316;6;"ANANINDEUA";"Desobediência às normas de trânsito pelo condutor";"Colisão transversal";"Com Vítimas Feridas";"Pleno dia";"Crescente";"Céu Claro";"Dupla";"Reta";"Sim";2;0;1;0;1;0;1;2;-1,3659343;-48,3726;"SPRF-PA";"DEL01-PA";"DEL19/1-UOP05/PA"
110156;2018-02-10;"sábado";"09:30:00";"MG";381;754,5;"TRES CORACOES";"Falta de Atenção à Condução";"Colisão traseira";"Com Vítimas Feridas";"Pleno dia";"Decrescente";"Nublado";"Dupla";"Reta";"Não";3;0;1;0;1;1;1;2;-21,66876596;-45,31707;"SPRF-MG";"DEL16-MG";"UOP02-DEL16-MG"
110160;2018-02-10;"sábado";"09:20:00";"BA";101;901;"IBIRAPUA";"Ultrapassagem Indevida";"Colisão traseira";"Com Vítimas Feridas";"Pleno dia";"Decrescente";"Nublado";"Simples";"Reta";"Não";3;0;1;0;2;0;1;2;-17,6673;-40,1095;"SPRF-BA";"DEL09-BA";"UOP02-DEL09-BA"
110161;2018-02-10;"sábado";"10:40:00";"SC";101;120;"ITAJAI";"Ingestão de Álcool";"Capotamento";"Com Vítimas Feridas";"Pleno dia";"Decrescente";"Sol";"Múltipla";"Reta";"Sim";2;0;1;0;1;0;1;1;-26,9211;-48,7084;"SPRF-SC";"DEL04-SC";"UOP04-DEL04-SC"
110162;2018-02-10;"sábado";"11:30:00";"CE";222;9;"CAUCAIA";"Falta de Atenção à Condução";"Colisão traseira";"Com Vítimas Feridas";"Pleno dia";"Crescente";"Sol";"Dupla";"Reta";"Sim";2;0;1;0;1;0;1;2;-3,73477948;-38,67257724;"SPRF-CE";"DEL01-CE";"UOP01-DEL01-CE"
110163;2018-02-10;"sábado";"10:33:00";"PR";277;634,4;"CEU AZUL";"Falta de Atenção à Condução";"Saída de leito carroçável";"Com Vítimas Feridas";"Pleno dia";"Crescente";"Céu Claro";"Simples";"Curva";"Não";2;0;2;0;0;0;2;1;-25,13566925;-53,82599115;"SPRF-PR";"DEL05-PR";"UOP02-DEL05-PR"
110165;2018-02-10;"sábado";"10:55:00";"SC";101;215,7;"PALHOCA";"Desobediência às normas de trânsito pelo condutor";"Tombamento";"Com Vítimas Feridas";"Pleno dia";"Decrescente";"Céu Claro";"Dupla";"Reta";"Sim";2;0;1;0;1;0;1;1;-27,65363073;-48,67628185;"SPRF-SC";"DEL01-SC";"UOP02-DEL01-SC"
110166;2018-02-10;"sábado";"10:00:00";"PA";230;113,5;"MARABA";"Falta de Atenção à Condução";"Colisão traseira";"Com Vítimas Feridas";"Pleno dia";"Crescente";"Céu Claro";"Dupla";"Reta";"Sim";2;0;1;0;1;0;1;2;-5,35737257;-49,08485413;"SPRF-PA";"DEL03-PA";"UOP01-DEL03-PA"
110169;2018-02-10;"sábado";"08:25:00";"BA";324;623;"SALVADOR";"Defeito Mecânico no Veículo";"Queda de ocupante de veículo";"Com Vítimas Feridas";"Pleno dia";"Crescente";"Céu Claro";"Múltipla";"Reta";"Não";1;0;1;0;0;0;1;1;-12,971561;-38,511154;"SPRF-BA";"DEL01-BA";"UOP01-DEL01-BA"
110170;2018-02-10;"sábado";"09:00:00";"CE";116;52;"PACAJUS";"Falta de Atenção à Condução";"Colisão com objeto estático";"Com Vítimas Feridas";"Pleno dia";"Crescente";"Sol";"Dupla";"Retorno Regulamentado";"Não";2;0;2;0;0;0;2;1;-4,1897435;-38,4795713;"SPRF-CE";"DEL03-CE";"UOP02-DEL03-CE"
110171;2018-02-10;"sábado";"09:00:00";"RO";364;47,2;"VILHENA";"Mal Súbito";"Capotamento";"Com Vítimas Feridas";"Pleno dia";"Decrescente";"Céu Claro";"Simples";"Reta";"Não";2;0;2;0;0;0;2;1;-12,57466957;-60,34996033;"SPRF-RO";"DEL04-RO";"DEL21/4-UOP03/RO"
110173;2018-02-10;"sábado";"10:20:00";"BA";324;554,2;"AMELIA RODRIGUES";"Falta de Atenção à Condução";"Capotamento";"Sem Vítimas";"Pleno dia";"Crescente";"Nublado";"Dupla";"Reta";"Não";2;0;0;0;2;0;0;1;-12,4695559;-38,6846538;"SPRF-BA";"DEL01-BA";"UOP01-DEL01-BA"
110174;2018-02-10;"sábado";"11:15:00";"SC";101;332,8;"TUBARAO";"Falta de Atenção à Condução";"Colisão traseira";"Sem Vítimas";"Pleno dia";"Decrescente";"Céu Claro";"Dupla";"Viaduto";"Sim";3;0;0;0;2;1;0;3;-28,46560716;-48,995381;"SPRF-SC";"DEL02-SC";"UOP01-DEL02-SC"
110175;2018-02-10;"sábado";"11:20:00";"MG";116;692;"MURIAE";"Falta de Atenção à Condução";"Colisão com objeto estático";"Com Vítimas Feridas";"Pleno dia";"Decrescente";"Céu Claro";"Simples";"Curva";"Não";2;0;1;1;0;0;2;2;-21,1299;-42,3671;"SPRF-MG";"DEL07-MG";"UOP02-DEL07-MG"
110177;2018-02-10;"sábado";"10:30:00";"CE";304;40,1;"ARACATI";"Falta de Atenção à Condução";"Colisão transversal";"Com Vítimas Feridas";"Pleno dia";"Decrescente";"Céu Claro";"Simples";"Interseção de Vias";"Não";6;0;1;0;5;0;1;2;-4,57981434;-37,85062281;"SPRF-CE";"DEL03-CE";"UOP03-DEL03-CE"
110180;2018-02-10;"sábado";"11:40:00";"RJ";40;81;"PETROPOLIS";"Falta de Atenção à Condução";"Queda de ocupante de veículo";"Com Vítimas Feridas";"Pleno dia";"Decrescente";"Céu Claro";"Dupla";"Reta";"Não";2;0;2;0;0;0;2;1;-22,5305189;-43,2217658;"SPRF-RJ";"DEL06-RJ";"UOP01-DEL06-RJ"
110181;2018-02-10;"sábado";"09:30:00";"RO";364;258,1;"CACOAL";"Defeito na Via";"Tombamento";"Com Vítimas Feridas";"Pleno dia";"Crescente";"Nublado";"Simples";"Reta";"Não";2;0;2;0;0;0;2;1;-11,4314399;-61,63364928;"SPRF-RO";"DEL02-RO";"UOP02-DEL02-RO"
110182;2018-02-10;"sábado";"11:40:00";"RS";116;246,7;"SAO LEOPOLDO";"Não guardar distância de segurança";"Colisão traseira";"Com Vítimas Feridas";"Pleno dia";"Decrescente";"Sol";"Dupla";"Reta";"Sim";2;0;1;0;1;0;1;2;-29,76472473;-51,1538565;"SPRF-RS";"DEL01-RS";"UOP02-DEL01-RS"
110183;2018-02-10;"sábado";"06:19:00";"SP";381;68;"MAIRIPORA";"Mal Súbito";"Queda de ocupante de veículo";"Com Vítimas Feridas";"Amanhecer";"Decrescente";"Nublado";"Dupla";"Curva";"Não";2;0;1;0;0;1;1;1;-23,34722051;-46,56222582;"SPRF-SP";"DEL03-SP";"DEL6/3-UOP03/SP"
110184;2018-02-10;"sábado";"11:15:00";"SC";470;131,9;"LONTRAS";"Falta de Atenção à Condução";"Colisão transversal";"Sem Vítimas";"Pleno dia";"Crescente";"Céu Claro";"Simples";"Reta";"Sim";2;0;0;0;2;0;0;2;-27,16985323;-49,57333492;"SPRF-SC";"DEL04-SC";"UOP02-DEL04-SC"
110186;2018-02-10;"sábado";"12:00:00";"PR";376;639;"TIJUCAS DO SUL";"Não guardar distância de segurança";"Engavetamento";"Sem Vítimas";"Pleno dia";"Crescente";"Céu Claro";"Dupla";"Reta";"Não";5;0;0;0;5;0;0;5;-25,8465003;-49,10346991;"SPRF-PR";"DEL01-PR";"DEL7/1-UOP08/PR"
110187;2018-02-10;"sábado";"10:30:00";"MT";70;679,6;"CACERES";"Falta de Atenção à Condução";"Saída de leito carroçável";"Com Vítimas Feridas";"Pleno dia";"Crescente";"Chuva";"Simples";"Reta";"Não";1;0;0;1;0;0;1;1;-16,12022832;-57,30779159;"SPRF-MT";"DEL03-MT";"UOP02-DEL03-MT"
110188;2018-02-10;"sábado";"12:15:00";"ES";101;261,2;"SERRA";"Condutor Dormindo";"Colisão com objeto estático";"Sem Vítimas";"Pleno dia";"Crescente";"Sol";"Dupla";"Reta";"Sim";1;0;0;0;1;0;0;1;-20,16749774;-40,27161956;"SPRF-ES";"DEL02-ES";"UOP01-DEL02-ES"
110189;2018-02-10;"sábado";"10:45:00";"AP";210;2;"MACAPA";"Falta de Atenção à Condução";"Colisão transversal";"Com Vítimas Feridas";"Pleno dia";"Crescente";"Nublado";"Simples";"Reta";"Sim";2;0;2;0;0;0;2;2;0,08377072;-51,0836792;"SPRF-AP";"DEL01-AP";"UOP01-DEL01-AP"
110191;2018-02-10;"sábado";"09:14:00";"BA";101;208,4;"GOVERNADOR MANGABEIRA";"Falta de Atenção à Condução";"Colisão lateral";"Com Vítimas Feridas";"Pleno dia";"Crescente";"Sol";"Simples";"Reta";"Sim";4;0;2;0;1;1;2;3;-12,602392;-39,043655;"SPRF-BA";"DEL01-BA";"UOP03-DEL01-BA"
110192;2018-02-10;"sábado";"12:10:00";"SP";381;81;"SAO PAULO";"Velocidade Incompatível";"Colisão com objeto estático";"Sem Vítimas";"Pleno dia";"Decrescente";"Céu Claro";"Dupla";"Reta";"Sim";2;0;0;0;2;0;0;2;-23,42315751;-46,57607317;"SPRF-SP";"DEL03-SP";"DEL6/3-UOP03/SP"
110193;2018-02-10;"sábado";"12:05:00";"RS";116;531,2;"CAPAO DO LEAO";"Falta de Atenção à Condução";"Colisão transversal";"Com Vítimas Feridas";"Pleno dia";"Decrescente";"Nublado";"Simples";"Reta";"Sim";4;0;2;0;2;0;2;2;-31,7602;-52,4381;"SPRF-RS";"DEL07-RS";"UOP01-DEL07-RS"
110196;2018-02-10;"sábado";"10:20:00";"PI";343;596,4;"FLORIANO";"Falta de Atenção à Condução";"Colisão traseira";"Sem Vítimas";"Pleno dia";"Crescente";"Céu Claro";"Simples";"Reta";"Sim";2;0;0;0;2;0;0;2;-6,80809524;-43,05275476;"SPRF-PI";"DEL03-PI";"UOP01-DEL03-PI"
110198;2018-02-10;"sábado";"09:45:00";"PB";230;159,6;"CAMPINA GRANDE";"Não guardar distância de segurança";"Colisão traseira";"Sem Vítimas";"Pleno dia";"Crescente";"Nublado";"Simples";"Curva";"Sim";2;0;0;0;2;0;0;2;-7,252;-35,9334;"SPRF-PB";"DEL02-PB";"UOP01-DEL02-PB"
110199;2018-02-10;"sábado";"12:00:00";"SP";153;65,9;"SAO JOSE DO RIO PRETO";"Defeito na Via";"Tombamento";"Com Vítimas Feridas";"Pleno dia";"Crescente";"Chuva";"Simples";"Reta";"Não";1;0;1;0;0;0;1;1;-20,84142626;-49,3703109;"SPRF-SP";"DEL09-SP";"UOP01-DEL09-SP"
110201;2018-02-10;"sábado";"12:00:00";"ES";101;400;"ITAPEMIRIM";"Falta de Atenção à Condução";"Colisão traseira";"Sem Vítimas";"Pleno dia";"Crescente";"Céu Claro";"Simples";"Reta";"Não";2;0;0;0;2;0;0;2;-21,011595;-40,83424;"SPRF-ES";"DEL03-ES";"UOP02-DEL03-ES"
110202;2018-02-10;"sábado";"11:40:00";"PR";376;325;"ORTIGUEIRA";"Falta de Atenção à Condução";"Colisão frontal";"Com Vítimas Feridas";"Pleno dia";"Crescente";"Chuva";"Simples";"Curva";"Não";4;0;2;0;1;1;2;2;-24;-51;"SPRF-PR";"DEL07-PR";"UOP02-DEL07-PR"
110203;2018-02-10;"sábado";"11:30:00";"RJ";116;137;"DUQUE DE CAXIAS";"Desobediência às normas de trânsito pelo condutor";"Atropelamento de Pedestre";"Com Vítimas Feridas";"Pleno dia";"Decrescente";"Sol";"Dupla";"Reta";"Sim";3;0;3;0;0;0;3;2;-22,64861096;-43,22983325;"SPRF-RJ";"DEL04-RJ";"UOP02-DEL04-RJ"
110204;2018-02-10;"sábado";"13:00:00";"RS";101;1;"TORRES";"Falta de Atenção à Condução";"Colisão traseira";"Sem Vítimas";"Pleno dia";"Decrescente";"Nublado";"Dupla";"Reta";"Não";3;0;0;0;3;0;0;3;-29,307631;-49,772755;"SPRF-RS";"DEL03-RS";"DEL9/3-UOP03/RS"
110205;2018-02-10;"sábado";"13:20:00";"SC";101;335;"TUBARAO";"Ingestão de Álcool";"Colisão transversal";"Com Vítimas Feridas";"Pleno dia";"Decrescente";"Céu Claro";"Dupla";"Interseção de Vias";"Sim";2;0;1;0;1;0;1;2;-28,46963444;-49,01504159;"SPRF-SC";"DEL02-SC";"UOP01-DEL02-SC"
110207;2018-02-10;"sábado";"13:30:00";"PR";376;176,2;"MARINGA";"Não guardar distância de segurança";"Colisão lateral";"Com Vítimas Feridas";"Pleno dia";"Crescente";"Nublado";"Dupla";"Reta";"Sim";3;0;1;1;1;0;2;2;-23,412691;-51,931583;"SPRF-PR";"DEL07-PR";"UOP01-DEL09-PR"
110208;2018-02-10;"sábado";"13:30:00";"MG";50;18,8;"UBERLANDIA";"Pista Escorregadia";"Capotamento";"Com Vítimas Feridas";"Pleno dia";"Decrescente";"Chuva";"Dupla";"Reta";"Não";4;0;3;0;1;0;3;1;-18,9146078;-48,2753801;"SPRF-MG";"DEL15-MG";"UOP02-DEL15-MG"
110209;2018-02-10;"sábado";"11:00:00";"MT";70;687,2;"CACERES";"Pista Escorregadia";"Saída de leito carroçável";"Com Vítimas Feridas";"Pleno dia";"Crescente";"Chuva";"Simples";"Reta";"Não";4;0;4;0;0;0;4;1;-16,2123051;-57,41560221;"SPRF-MT";"DEL03-MT";"UOP02-DEL03-MT"
110210;2018-02-10;"sábado";"13:27:00";"GO";40;33;"LUZIANIA";"Falta de Atenção à Condução";"Colisão transversal";"Com Vítimas Feridas";"Pleno dia";"Crescente";"Céu Claro";"Simples";"Reta";"Não";3;0;1;0;1;1;1;2;-16,299561;-47,847163;"SPRF-DF";"DEL01-DF";"UOP01-DEL01-DF"
110212;2018-02-10;"sábado";"09:30:00";"BA";101;350,8;"WENCESLAU GUIMARAES";"Velocidade Incompatível";"Capotamento";"Sem Vítimas";"Pleno dia";"Decrescente";"Garoa/Chuvisco";"Simples";"Curva";"Não";3;0;0;0;3;0;0;1;-13,62329879;-39,49447632;"SPRF-BA";"DEL05-BA";"UOP03-DEL05-BA"
110213;2018-02-10;"sábado";"13:30:00";"ES";259;20;"JOAO NEIVA";"Falta de Atenção à Condução";"Colisão traseira";"Com Vítimas Feridas";"Pleno dia";"Decrescente";"Sol";"Simples";"Reta";"Sim";2;0;1;0;1;0;1;2;-19,653738;-40,46228;"SPRF-ES";"DEL02-ES";"UOP01-DEL02-ES"
110215;2018-02-10;"sábado";"13:40:00";"SC";101;203;"SAO JOSE";"Ingestão de Álcool";"Colisão traseira";"Sem Vítimas";"Pleno dia";"Crescente";"Sol";"Múltipla";"Aclive";"Sim";3;0;0;0;3;0;0;3;-27,56672456;-48,61399761;"SPRF-SC";"DEL01-SC";"UOP01-DEL01-SC"
110216;2018-02-10;"sábado";"13:30:00";"SC";101;134;"BALNEARIO CAMBORIU";"Não guardar distância de segurança";"Colisão lateral";"Com Vítimas Feridas";"Pleno dia";"Crescente";"Céu Claro";"Dupla";"Reta";"Sim";1;0;1;0;0;0;1;1;-27,0049;-48,6266;"SPRF-SC";"DEL04-SC";"UOP03-DEL04-SC"
110217;2018-02-10;"sábado";"13:50:00";"MG";381;926,8;"CAMANDUCAIA";"Falta de Atenção à Condução";"Saída de leito carroçável";"Com Vítimas Feridas";"Pleno dia";"Decrescente";"Chuva";"Dupla";"Reta";"Não";2;0;2;0;0;0;2;1;-22,76839932;-46,20890648;"SPRF-MG";"DEL16-MG";"UOP03-DEL16-MG"
110218;2018-02-10;"sábado";"13:50:00";"MG";381;759,6;"TRES CORACOES";"Velocidade Incompatível";"Saída de leito carroçável";"Com Vítimas Feridas";"Pleno dia";"Crescente";"Chuva";"Dupla";"Reta";"Não";4;0;4;0;0;0;4;1;-21,68599459;-45,34556897;"SPRF-MG";"DEL16-MG";"UOP02-DEL16-MG"
110219;2018-02-10;"sábado";"11:30:00";"GO";70;389,8;"MONTES CLAROS DE GOIAS";"Defeito na Via";"Saída de leito carroçável";"Sem Vítimas";"Pleno dia";"Crescente";"Nublado";"Simples";"Reta";"Não";3;0;0;0;3;0;0;1;-15,87390049;-51,52801692;"SPRF-GO";"DEL04-GO";"UOP01-DEL04-GO"
110220;2018-02-10;"sábado";"10:40:00";"RO";364;426,6;"JARU";"Falta de Atenção à Condução";"Colisão traseira";"Com Vítimas Feridas";"Pleno dia";"Crescente";"Céu Claro";"Simples";"Reta";"Sim";3;0;1;0;2;0;1;3;-10,43514382;-62,48817444;"SPRF-RO";"DEL03-RO";"UOP02-DEL03-RO"
110221;2018-02-10;"sábado";"11:25:00";"PI";343;57;"BURITI DOS LOPES";"Não guardar distância de segurança";"Colisão traseira";"Com Vítimas Feridas";"Pleno dia";"Decrescente";"Nevoeiro/Neblina";"Simples";"Reta";"Não";4;0;2;0;2;0;2;3;-3,230094;-41,813797;"SPRF-PI";"DEL05-PI";"UOP01-DEL05-PI"
110222;2018-02-10;"sábado";"06:00:00";"MG";116;530;"CARATINGA";"Animais na Pista";"Atropelamento de Animal";"Com Vítimas Feridas";"Amanhecer";"Decrescente";"Nublado";"Simples";"Declive;Curva";"Sim";1;0;1;0;0;0;1;1;-19,7902;-42,139526;"SPRF-MG";"DEL06-MG";"UOP02-DEL06-MG"
110224;2018-02-10;"sábado";"12:20:00";"PR";158;352,2;"MARQUINHO";"Velocidade Incompatível";"Saída de leito carroçável";"Sem Vítimas";"Pleno dia";"Decrescente";"Chuva";"Simples";"Em Obras;Curva";"Não";1;0;0;0;1;0;0;1;-25,06223025;-52,28914976;"SPRF-PR";"DEL04-PR";"UOP02-DEL04-PR"
110225;2018-02-10;"sábado";"12:50:00";"MG";381;659,3;"SANTO ANTONIO DO AMPARO";"Fenômenos da Natureza";"Capotamento";"Sem Vítimas";"Pleno dia";"Decrescente";"Chuva";"Dupla";"Reta;Aclive";"Não";1;0;0;0;1;0;0;1;-21,0041232;-44,97114801;"SPRF-MG";"DEL04-MG";"UOP02-DEL04-MG"
110226;2018-02-10;"sábado";"12:50:00";"RS";101;49,2;"TERRA DE AREIA";"Falta de Atenção à Condução";"Colisão lateral";"Com Vítimas Feridas";"Pleno dia";"Decrescente";"Céu Claro";"Dupla";"Reta";"Sim";2;0;1;0;1;0;1;2;-29,56509604;-50,05371094;"SPRF-RS";"DEL03-RS";"DEL9/3-UOP03/RS"
110227;2018-02-10;"sábado";"13:45:00";"ES";101;340,3;"GUARAPARI";"Condutor Dormindo";"Colisão frontal";"Sem Vítimas";"Pleno dia";"Crescente";"Sol";"Simples";"Declive";"Não";6;0;0;0;5;1;0;3;-20,64851214;-40,56850523;"SPRF-ES";"DEL03-ES";"UOP01-DEL03-ES"
110228;2018-02-10;"sábado";"14:15:00";"MG";381;887,2;"ESTIVA";"Falta de Atenção à Condução";"Colisão lateral";"Com Vítimas Feridas";"Pleno dia";"Decrescente";"Nublado";"Simples";"Retorno Regulamentado";"Não";2;0;1;0;1;0;1;2;-22,5232815;-46,02414061;"SPRF-MG";"DEL16-MG";"UOP01-DEL16-MG"
110230;2018-02-10;"sábado";"11:30:00";"MT";70;719;"CACERES";"Pista Escorregadia";"Colisão com objeto estático";"Sem Vítimas";"Pleno dia";"Crescente";"Chuva";"Simples";"Curva";"Não";4;0;0;0;4;0;0;1;-16,16967003;-57,60912895;"SPRF-MT";"DEL03-MT";"UOP01-DEL03-MT"
110231;2018-02-10;"sábado";"14:00:00";"MG";40;781;"JUIZ DE FORA";"Falta de Atenção à Condução";"Colisão com objeto estático";"Sem Vítimas";"Pleno dia";"Crescente";"Céu Claro";"Dupla";"Reta;Retorno Regulamentado";"Não";1;0;0;0;1;0;0;1;-21,7046;-43,4508;"SPRF-MG";"DEL05-MG";"UOP01-DEL05-MG"
110232;2018-02-10;"sábado";"13:30:00";"BA";116;778,9;"PLANALTO";"Falta de Atenção à Condução";"Colisão traseira";"Com Vítimas Feridas";"Pleno dia";"Crescente";"Céu Claro";"Simples";"Reta";"Sim";4;0;1;0;3;0;1;2;-14,670178;-40,471447;"SPRF-BA";"DEL08-BA";"UOP02-DEL08-BA"
110233;2018-02-10;"sábado";"13:40:00";"RJ";356;146;"CAMPOS DOS GOYTACAZES";"Desobediência às normas de trânsito pelo condutor";"Colisão transversal";"Com Vítimas Feridas";"Pleno dia";"Crescente";"Céu Claro";"Simples";"Reta";"Sim";4;0;4;0;0;0;4;2;-21,777777;-41,306713;"SPRF-RJ";"DEL08-RJ";"UOP02-DEL08-RJ"
110235;2018-02-10;"sábado";"14:50:00";"SC";101;208;"SAO JOSE";"Falta de Atenção à Condução";"Colisão traseira";"Com Vítimas Feridas";"Pleno dia";"Crescente";"Céu Claro";"Múltipla";"Reta";"Sim";2;0;1;0;1;0;1;2;-27,6101;-48,6388;"SPRF-SC";"DEL01-SC";"UOP01-DEL01-SC"
110236;2018-02-10;"sábado";"15:05:00";"PR";467;78;"CURITIBA";"Falta de Atenção à Condução";"Colisão traseira";"Com Vítimas Feridas";"Pleno dia";"Crescente";"Céu Claro";"Dupla";"Retorno Regulamentado";"Não";2;0;1;0;0;1;1;2;-25,4289541;-49,267137;"SPRF-PR";"DEL04-PR";"UOP05-DEL05-PR"
110237;2018-02-10;"sábado";"15:00:00";"MG";381;924,8;"ITAPEVA";"Velocidade Incompatível";"Saída de leito carroçável";"Com Vítimas Feridas";"Pleno dia";"Crescente";"Chuva";"Dupla";"Curva";"Não";2;0;2;0;0;0;2;1;-22,77295851;-46,19220542;"SPRF-MG";"DEL16-MG";"UOP03-DEL16-MG"
110238;2018-02-10;"sábado";"12:00:00";"PR";376;89,8;"PARANAVAI";"Velocidade Incompatível";"Saída de leito carroçável";"Sem Vítimas";"Pleno dia";"Crescente";"Chuva";"Simples";"Reta";"Não";1;0;0;0;1;0;0;1;-23,00011572;-52,57369995;"SPRF-PR";"DEL07-PR";"UOP02-DEL09-PR"
110240;2018-02-10;"sábado";"13:30:00";"BA";101;720;"EUNAPOLIS";"Falta de Atenção à Condução";"Engavetamento";"Sem Vítimas";"Pleno dia";"Decrescente";"Sol";"Simples";"Reta";"Sim";4;0;0;0;4;0;0;4;-16,39482;-39,58245;"SPRF-BA";"DEL09-BA";"UOP01-DEL09-BA"