"id";"data_inversa";"dia_semana";"horario";"uf";"br";"km";"municipio";"causa_acidente";"tipo_acidente";"classificacao_acidente";"fase_dia";"sentido_via";"condicao_metereologica";"tipo_pista";"tracado_via";"uso_solo";"pessoas";"mortos";"feridos_leves";"feridos_graves";"ilesos";"ignorados";"feridos";"veiculos";"latitude";"longitude";"regional";"delegacia";"uop"
110241;2018-02-10;"sábado";"14:00:00";"SC";280;33;"ARAQUARI";"Falta de Atenção à Condução";"Colisão traseira";"Com Vítimas Feridas";"Pleno dia";"Decrescente";"Nublado";"Simples";"Reta";"Não";3;0;1;0;2;0;1;3;-26,425766;-48,787415;"SPRF-SC";"DEL03-SC";"UOP03-DEL03-SC"
110242;2018-02-10;"sábado";"14:45:00";"MG";40;557,7;"NOVA LIMA";"Avarias e/ou desgaste excessivo no pneu";"Colisão com objeto estático";"Sem Vítimas";"Pleno dia";"Crescente";"Chuva";"Dupla";"Curva";"Não";3;0;0;0;3;0;0;1;-20,10931659;-43,97401214;"SPRF-MG";"DEL01-MG";"UOP02-DEL01-MG"
110243;2018-02-10;"sábado";"13:15:00";"PI";135;633,5;"CRISTALANDIA DO PIAUI";"Falta de Atenção à Condução";"Saída de leito carroçável";"Com Vítimas Feridas";"Pleno dia";"Crescente";"Nublado";"Simples";"Aclive;Reta";"Não";1;0;0;1;0;0;1;1;-10,6548;-45,1815;"SPRF-PI";"DEL03-PI";"UOP02-DEL03-PI"
110244;2018-02-10;"sábado";"14:20:00";"MT";163;773;"SORRISO";"Falta de Atenção à Condução";"Colisão traseira";"Sem Vítimas";"Pleno dia";"Decrescente";"Nublado";"Simples";"Reta";"Não";2;0;0;0;2;0;0;2;-12,545702;-55,71182;"SPRF-MT";"DEL06-MT";"UOP01-DEL06-MT"
110245;2018-02-10;"sábado";"15:30:00";"ES";101;265,7;"SERRA";"Desobediência às normas de trânsito pelo condutor";"Colisão transversal";"Com Vítimas Feridas";"Pleno dia";"Crescente";"Céu Claro";"Dupla";"Interseção de Vias";"Sim";2;0;0;1;1;0;1;2;-20,129093;-40,308125;"SPRF-ES";"DEL02-ES";"UOP01-DEL02-ES"
110246;2018-02-10;"sábado";"11:00:00";"MT";174;283,2;"PONTES E LACERDA";"Falta de Atenção à Condução";"Saída de leito carroçável";"Com Vítimas Feridas";"Pleno dia";"Crescente";"Nublado";"Simples";"Reta";"Não";4;0;2;0;2;0;2;1;-15,27413542;-59,29277538;"SPRF-MT";"DEL04-MT";"UOP01-DEL04-MT"
110247;2018-02-10;"sábado";"15:30:00";"MG";146;580;"BOTELHOS";"Mal Súbito";"Saída de leito carroçável";"Sem Vítimas";"Pleno dia";"Crescente";"Nublado";"Simples";"Aclive;Reta";"Sim";3;0;0;0;3;0;0;1;-21,631355;-46,407696;"SPRF-MG";"DEL09-MG";"UOP01-DEL09-MG"
110248;2018-02-10;"sábado";"13:10:00";"PI";135;387;"BOM JESUS";"Falta de Atenção à Condução";"Colisão frontal";"Com Vítimas Feridas";"Pleno dia";"Crescente";"Chuva";"Simples";"Curva";"Não";8;0;4;3;1;0;7;2;-9,325157;-44,51786;"SPRF-PI";"DEL03-PI";"UOP02-DEL03-PI"
110249;2018-02-10;"sábado";"15:00:00";"MG";40;525,7;"CONTAGEM";"Velocidade Incompatível";"Capotamento";"Com Vítimas Feridas";"Pleno dia";"Decrescente";"Chuva";"Dupla";"Reta";"Sim";1;0;1;0;0;0;1;1;-19,89389087;-44,05003667;"SPRF-MG";"DEL01-MG";"UOP03-DEL01-MG"
110250;2018-02-10;"sábado";"15:40:00";"MG";116;704,8;"MURIAE";"Falta de Atenção à Condução";"Colisão traseira";"Com Vítimas Feridas";"Pleno dia";"Decrescente";"Céu Claro";"Simples";"Curva";"Sim";2;0;1;0;1;0;1;2;-21,12563775;-42,38299549;"SPRF-MG";"DEL07-MG";"UOP02-DEL07-MG"
110252;2018-02-10;"sábado";"15:30:00";"MG";116;792,1;"LEOPOLDINA";"Avarias e/ou desgaste excessivo no pneu";"Capotamento";"Com Vítimas Feridas";"Pleno dia";"Decrescente";"Céu Claro";"Simples";"Curva";"Não";2;0;1;0;1;0;1;1;-21,532427;-42,64342;"SPRF-MG";"DEL07-MG";"UOP01-DEL07-MG"
110254;2018-02-10;"sábado";"15:30:00";"PR";153;154;"VENTANIA";"Falta de Atenção à Condução";"Saída de leito carroçável";"Sem Vítimas";"Pleno dia";"Decrescente";"Chuva";"Simples";"Curva";"Não";1;0;0;0;1;0;0;1;-24,246305;-50,243202;"SPRF-PR";"DEL07-PR";"DEL7/7-UOP08/PR"
110255;2018-02-10;"sábado";"15:20:00";"MG";262;426;"IGARATINGA";"Avarias e/ou desgaste excessivo no pneu";"Capotamento";"Com Vítimas Feridas";"Pleno dia";"Crescente";"Chuva";"Dupla";"Reta";"Não";1;0;1;0;0;0;1;1;-19,8912;-44,8363;"SPRF-MG";"DEL08-MG";"UOP03-DEL08-MG"
110257;2018-02-10;"sábado";"11:38:00";"RJ";101;537;"ANGRA DOS REIS";"Desobediência às normas de trânsito pelo condutor";"Colisão transversal";"Com Vítimas Feridas";"Pleno dia";"Crescente";"Sol";"Simples";"Reta";"Sim";5;0;2;0;3;0;2;2;-23,04561636;-44,57702637;"SPRF-RJ";"DEL03-RJ";"UOP02-DEL03-RJ"
110261;2018-02-10;"sábado";"13:40:00";"CE";304;61,8;"ARACATI";"Não guardar distância de segurança";"Colisão traseira";"Sem Vítimas";"Pleno dia";"Crescente";"Céu Claro";"Simples";"Reta";"Não";3;0;0;0;3;0;0;2;-4,60485254;-37,66422798;"SPRF-CE";"DEL03-CE";"UOP03-DEL03-CE"
110264;2018-02-10;"sábado";"15:55:00";"SC";101;348,7;"JAGUARUNA";"Velocidade Incompatível";"Colisão com objeto estático";"Sem Vítimas";"Pleno dia";"Decrescente";"Chuva";"Dupla";"Curva";"Não";1;0;0;0;1;0;0;1;-28,59031555;-49,04486239;"SPRF-SC";"DEL02-SC";"UOP01-DEL02-SC"
110265;2018-02-10;"sábado";"14:00:00";"BA";101;137,4;"TEODORO SAMPAIO";"Falta de Atenção à Condução";"Capotamento";"Com Vítimas Feridas";"Pleno dia";"Crescente";"Sol";"Simples";"Reta";"Não";1;0;1;0;0;0;1;1;-12,22440521;-38,62072478;"SPRF-BA";"DEL01-BA";"UOP04-DEL01-BA"
110267;2018-02-10;"sábado";"16:15:00";"MG";381;941,1;"EXTREMA";"Velocidade Incompatível";"Saída de leito carroçável";"Com Vítimas Feridas";"Pleno dia";"Decrescente";"Chuva";"Dupla";"Curva";"Não";4;0;1;0;3;0;1;1;-22,83467088;-46,31905066;"SPRF-MG";"DEL16-MG";"UOP03-DEL16-MG"
110268;2018-02-10;"sábado";"15:50:00";"GO";60;10,6;"SANTO ANTONIO DO DESCOBERTO";"Condutor Dormindo";"Saída de leito carroçável";"Com Vítimas Feridas";"Pleno dia";"Decrescente";"Nublado";"Dupla";"Curva";"Não";4;0;3;1;0;0;4;1;-15,9437;-48,2596;"SPRF-DF";"DEL01-DF";"UOP01-DEL03-DF"
110269;2018-02-10;"sábado";"14:15:00";"SP";381;83;"SAO PAULO";"Falta de Atenção à Condução";"Queda de ocupante de veículo";"Com Vítimas Feridas";"Pleno dia";"Crescente";"Chuva";"Dupla";"Reta";"Sim";1;0;1;0;0;0;1;1;-23,43756873;-46,5680666;"SPRF-SP";"DEL03-SP";"DEL6/3-UOP03/SP"
110270;2018-02-10;"sábado";"14:30:00";"SC";158;135,5;"PALMITOS";"Defeito na Via";"Colisão traseira";"Sem Vítimas";"Pleno dia";"Crescente";"Céu Claro";"Simples";"Reta";"Não";2;0;0;0;2;0;0;2;-27,067968;-53,161564;"SPRF-SC";"DEL07-SC";"UOP02-DEL07-SC"
110271;2018-02-10;"sábado";"16:30:00";"RS";392;648,2;"CERRO LARGO";"Não guardar distância de segurança";"Colisão traseira";"Sem Vítimas";"Pleno dia";"Crescente";"Céu Claro";"Simples";"Reta";"Não";2;0;0;0;2;0;0;2;-28,14950321;-54,66659546;"SPRF-RS";"DEL10-RS";"UOP01-DEL10-RS"
110272;2018-02-10;"sábado";"16:10:00";"GO";40;50;"LUZIANIA";"Ultrapassagem Indevida";"Colisão transversal";"Com Vítimas Feridas";"Pleno dia";"Crescente";"Céu Claro";"Simples";"Reta";"Não";6;0;1;0;4;1;1;4;-16,442519;-47,813013;"SPRF-DF";"DEL01-DF";"UOP02-DEL01-DF"
110274;2018-02-10;"sábado";"15:00:00";"RJ";101;303;"SAO GONCALO";"Falta de Atenção à Condução";"Engavetamento";"Sem Vítimas";"Pleno dia";"Decrescente";"Céu Claro";"Dupla";"Reta";"Não";4;0;0;0;4;0;0;4;-22,782822;-42,976677;"SPRF-RJ";"DEL02-RJ";"DEL5/2-UOP04/RJ"
110275;2018-02-10;"sábado";"16:35:00";"SC";101;336,8;"TUBARAO";"Pista Escorregadia";"Colisão com objeto estático";"Sem Vítimas";"Pleno dia";"Crescente";"Chuva";"Dupla";"Reta";"Não";1;0;0;0;1;0;0;1;-28,47352011;-49,02374268;"SPRF-SC";"DEL02-SC";"UOP01-DEL02-SC"
110277;2018-02-10;"sábado";"16:15:00";"RS";290;66;"GRAVATAI";"Não guardar distância de segurança";"Colisão traseira";"Sem Vítimas";"Pleno dia";"Decrescente";"Sol";"Dupla";"Reta";"Não";7;0;0;0;7;0;0;3;-29,94295637;-50,9125784;"SPRF-RS";"DEL03-RS";"UOP02-DEL03-RS"
110278;2018-02-10;"sábado";"14:00:00";"RO";364;236;"CACOAL";"Falta de Atenção à Condução";"Colisão transversal";"Com Vítimas Feridas";"Pleno dia";"Decrescente";"Nublado";"Simples";"Interseção de Vias";"Sim";2;0;0;1;1;0;1;2;-11,445874;-61,437862;"SPRF-RO";"DEL02-RO";"UOP02-DEL02-RO"
110280;2018-02-10;"sábado";"15:40:00";"TO";230;69,3;"LUZINOPOLIS";"Desobediência às normas de trânsito pelo condutor";"Colisão transversal";"Com Vítimas Feridas";"Pleno dia";"Crescente";"Céu Claro";"Simples";"Interseção de Vias";"Não";2;0;1;0;1;0;1;2;-6,19461913;-47,86214769;"SPRF-TO";"DEL02-TO";"UOP03-DEL02-TO"
110282;2018-02-10;"sábado";"17:00:00";"RJ";116;175;"NOVA IGUACU";"Defeito Mecânico no Veículo";"Colisão com objeto estático";"Com Vítimas Feridas";"Pleno dia";"Decrescente";"Sol";"Múltipla";"Reta";"Sim";1;0;0;1;0;0;1;1;-22,7615303;-43,42376232;"SPRF-RJ";"DEL01-RJ";"UOP02-DEL01-RJ"
110284;2018-02-10;"sábado";"12:30:00";"MG";381;295;"ANTONIO DIAS";"Velocidade Incompatível";"Saída de leito carroçável";"Com Vítimas Feridas";"Pleno dia";"Decrescente";"Nublado";"Simples";"Curva";"Não";1;0;1;0;0;0;1;1;-19,6243;-42,8685;"SPRF-MG";"DEL03-MG";"UOP02-DEL03-MG"
110285;2018-02-10;"sábado";"17:00:00";"MG";40;528;"CONTAGEM";"Pista Escorregadia";"Saída de leito carroçável";"Com Vítimas Feridas";"Pleno dia";"Crescente";"Chuva";"Dupla";"Reta";"Sim";2;0;0;1;1;0;1;1;-19,9191;-44,0391;"SPRF-MG";"DEL01-MG";"UOP03-DEL01-MG"
110287;2018-02-10;"sábado";"17:10:00";"RS";290;65,7;"GRAVATAI";"Não guardar distância de segurança";"Colisão traseira";"Sem Vítimas";"Pleno dia";"Decrescente";"Céu Claro";"Múltipla";"Reta";"Não";3;0;0;0;3;0;0;3;-29,942627;-50,915585;"SPRF-RS";"DEL03-RS";"UOP02-DEL03-RS"
110288;2018-02-10;"sábado";"16:30:00";"SC";101;207;"SAO JOSE";"Não guardar distância de segurança";"Colisão lateral";"Com Vítimas Feridas";"Pleno dia";"Decrescente";"Chuva";"Dupla";"Reta";"Sim";2;0;1;0;1;0;1;2;-27,6034;-48,632;"SPRF-SC";"DEL01-SC";"UOP01-DEL01-SC"
110289;2018-02-10;"sábado";"17:35:00";"SC";101;206;"SAO JOSE";"Falta de Atenção à Condução";"Colisão lateral";"Sem Vítimas";"Pleno dia";"Decrescente";"Chuva";"Múltipla";"Declive";"Sim";2;0;0;0;2;0;0;2;-27,60093413;-48,62351949;"SPRF-SC";"DEL01-SC";"UOP01-DEL01-SC"
110290;2018-02-10;"sábado";"17:00:00";"PR";376;495,5;"PONTA GROSSA";"Ingestão de Álcool";"Colisão traseira";"Sem Vítimas";"Pleno dia";"Decrescente";"Nublado";"Dupla";"Reta";"Não";2;0;0;0;2;0;0;2;-25,095474;-50,162373;"SPRF-PR";"DEL03-PR";"UOP04-DEL03-PR"
110291;2018-02-10;"sábado";"13:40:00";"RS";287;339,4;"SAO VICENTE DO SUL";"Falta de Atenção à Condução";"Saída de leito carroçável";"Com Vítimas Feridas";"Pleno dia";"Decrescente";"Céu Claro";"Simples";"Curva";"Não";1;0;1;0;0;0;1;1;-29,53761921;-54,57939148;"SPRF-RS";"DEL12-RS";"UOP02-DEL12-RS"
110293;2018-02-10;"sábado";"15:30:00";"CE";20;168,1;"PEDRA BRANCA";"Defeito Mecânico no Veículo";"Tombamento";"Sem Vítimas";"Pleno dia";"Decrescente";"Céu Claro";"Simples";"Reta";"Não";4;0;0;0;4;0;0;1;-5,38061609;-39,9634552;"SPRF-CE";"DEL02-CE";"UOP02-DEL02-CE"
110295;2018-02-10;"sábado";"15:15:00";"ES";101;178,4;"ARACRUZ";"Falta de Atenção à Condução";"Saída de leito carroçável";"Com Vítimas Feridas";"Pleno dia";"Decrescente";"Céu Claro";"Simples";"Curva";"Não";1;0;1;0;0;0;1;1;-19,61421159;-40,21309376;"SPRF-ES";"DEL04-ES";"UOP01-DEL04-ES"
110296;2018-02-10;"sábado";"12:40:00";"MS";262;668,1;"CORUMBA";"Animais na Pista";"Saída de leito carroçável";"Com Vítimas Feridas";"Pleno dia";"Crescente";"Nublado";"Simples";"Reta";"Não";4;0;4;0;0;0;4;1;-19,0098;-57,6547;"SPRF-MS";"DEL03-MS";"UOP02-DEL03-MS"
110297;2018-02-10;"sábado";"14:00:00";"MA";316;286,8;"PIO XII";"Defeito na Via";"Capotamento";"Com Vítimas Fatais";"Pleno dia";"Crescente";"Céu Claro";"Simples";"Reta";"Não";8;4;0;1;0;3;1;2;-3,7954922;-45,2066803;"SPRF-MA";"DEL02-MA";"UI04-DEL02-MA"
110298;2018-02-10;"sábado";"17:00:00";"SP";381;75;"SAO PAULO";"Falta de Atenção à Condução";"Saída de leito carroçável";"Sem Vítimas";"Pleno dia";"Decrescente";"Chuva";"Dupla";"Curva";"Não";1;0;0;0;1;0;0;1;-23,37565808;-46,56083822;"SPRF-SP";"DEL03-SP";"DEL6/3-UOP03/SP"
110300;2018-02-10;"sábado";"17:20:00";"PR";116;80;"PIRAQUARA";"Velocidade Incompatível";"Capotamento";"Com Vítimas Feridas";"Pleno dia";"Crescente";"Garoa/Chuvisco";"Dupla";"Reta";"Não";1;0;1;0;0;0;1;1;-25,403618;-49,059505;"SPRF-PR";"DEL01-PR";"UOP07-DEL01-PR"
110301;2018-02-10;"sábado";"17:00:00";"MG";381;484;"BETIM";"Velocidade Incompatível";"Colisão com objeto estático";"Com Vítimas Feridas";"Pleno dia";"Decrescente";"Chuva";"Dupla";"Curva;Aclive";"Sim";2;0;1;0;1;0;1;1;-19,95927056;-44,09002767;"SPRF-MG";"DEL01-MG";"UOP03-DEL01-MG"
110302;2018-02-10;"sábado";"14:20:00";"MG";381;689,4;"LAVRAS";"Velocidade Incompatível";"Colisão com objeto em movimento";"Sem Vítimas";"Pleno dia";"Crescente";"Chuva";"Dupla";"Curva";"Não";2;0;0;0;2;0;0;2;-21,19865352;-45,119351;"SPRF-MG";"DEL04-MG";"UOP02-DEL04-MG"
110303;2018-02-10;"sábado";"16:35:00";"GO";60;377,5;"RIO VERDE";"Ingestão de Álcool";"Saída de leito carroçável";"Sem Vítimas";"Pleno dia";"Crescente";"Céu Claro";"Dupla";"Reta";"Não";3;0;0;0;3;0;0;1;-17,74408841;-50,87459564;"SPRF-GO";"DEL04-GO";"UOP01-DEL04-GO"
110304;2018-02-10;"sábado";"15:20:00";"MG";381;679,3;"LAVRAS";"Velocidade Incompatível";"Capotamento";"Sem Vítimas";"Pleno dia";"Crescente";"Chuva";"Dupla";"Declive;Curva";"Não";3;0;0;0;3;0;0;1;-21,26214486;-45,13978386;"SPRF-MG";"DEL04-MG";"UOP02-DEL04-MG"
110305;2018-02-10;"sábado";"17:10:00";"PR";277;676;"MEDIANEIRA";"Falta de Atenção à Condução";"Queda de ocupante de veículo";"Com Vítimas Feridas";"Pleno dia";"Crescente";"Céu Claro";"Dupla";"Reta";"Não";2;0;2;0;0;0;2;1;-25,303299;-54,131992;"SPRF-PR";"DEL05-PR";"UOP01-DEL05-PR"
110306;2018-02-10;"sábado";"17:10:00";"SP";116;32,3;"CRUZEIRO";"Pista Escorregadia";"Colisão com objeto estático";"Sem Vítimas";"Pleno dia";"Crescente";"Nublado";"Dupla";"Reta";"Não";1;0;0;0;1;0;0;1;-22,6441102;-44,94923511;"SPRF-SP";"DEL08-SP";"UOP02-DEL08-SP"
110307;2018-02-10;"sábado";"17:35:00";"SP";381;68;"MAIRIPORA";"Falta de Atenção à Condução";"Colisão lateral";"Sem Vítimas";"Pleno dia";"Crescente";"Chuva";"Dupla";"Curva";"Não";2;0;0;0;2;0;0;2;-23,34312664;-46,57341385;"SPRF-SP";"DEL03-SP";"DEL6/3-UOP03/SP"
110308;2018-02-10;"sábado";"16:00:00";"MG";262;88,5;"ABRE CAMPO";"Avarias e/ou desgaste excessivo no pneu";"Queda de ocupante de veículo";"Com Vítimas Feridas";"Anoitecer";"Crescente";"Nublado";"Simples";"Reta";"Não";1;0;0;1;0;0;1;1;-20,33453114;-42,45178965;"SPRF-MG";"DEL03-MG";"UOP03-DEL03-MG"
110309;2018-02-10;"sábado";"16:30:00";"ES";101;239;"SERRA";"Falta de Atenção à Condução";"Colisão traseira";"Com Vítimas Feridas";"Pleno dia";"Decrescente";"Sol";"Simples";"Reta";"Sim";2;0;1;0;1;0;1;2;-20,129093;-40,308125;"SPRF-ES";"DEL02-ES";"UOP01-DEL02-ES"
110310;2018-02-10;"sábado";"17:00:00";"SP";116;212;"GUARULHOS";"Desobediência às normas de trânsito pelo condutor";"Colisão com objeto estático";"Com Vítimas Feridas";"Pleno dia";"Crescente";"Céu Claro";"Múltipla";"Reta";"Sim";2;0;1;0;1;0;1;2;-23,43851175;-46,43472433;"SPRF-SP";"DEL01-SP";"UOP01-DEL01-SP"
110312;2018-02-10;"sábado";"18:10:00";"ES";101;450;"MIMOSO DO SUL";"Ingestão de Álcool";"Queda de ocupante de veículo";"Com Vítimas Feridas";"Pleno dia";"Decrescente";"Céu Claro";"Simples";"Reta";"Não";1;0;1;0;0;0;1;1;-21,06465;-41,366745;"SPRF-ES";"DEL03-ES";"UOP02-DEL03-ES"
110313;2018-02-10;"sábado";"17:00:00";"RS";290;41,6;"SANTO ANTONIO DA PATRULHA";"Não guardar distância de segurança";"Colisão lateral";"Com Vítimas Feridas";"Pleno dia";"Decrescente";"Nublado";"Dupla";"Reta";"Não";3;0;2;0;1;0;2;2;-29,88777863;-50,6720379;"SPRF-RS";"DEL03-RS";"UOP02-DEL03-RS"
110314;2018-02-10;"sábado";"17:30:00";"SP";381;54;"MAIRIPORA";"Pista Escorregadia";"Colisão traseira";"Com Vítimas Feridas";"Pleno dia";"Decrescente";"Nublado";"Múltipla";"Curva";"Sim";3;0;1;0;2;0;1;1;-23,24827841;-46,59267141;"SPRF-SP";"DEL03-SP";"UOP01-DEL03-SP"
110317;2018-02-10;"sábado";"17:10:00";"RJ";116;235,9;"PIRAI";"Velocidade Incompatível";"Colisão com objeto estático";"Sem Vítimas";"Anoitecer";"Decrescente";"Chuva";"Dupla";"Curva";"Não";1;0;0;0;1;0;0;1;-22,65180448;-43,8910675;"SPRF-RJ";"DEL07-RJ";"UOP01-DEL07-RJ"
110318;2018-02-10;"sábado";"18:30:00";"SC";101;225;"PALHOCA";"Falta de Atenção à Condução";"Queda de ocupante de veículo";"Com Vítimas Feridas";"Pleno dia";"Decrescente";"Chuva";"Dupla";"Reta";"Sim";1;0;1;0;0;0;1;1;-27,7422;-48,638;"SPRF-SC";"DEL01-SC";"UOP02-DEL01-SC"
110319;2018-02-10;"sábado";"18:00:00";"SC";280;5;"SAO FRANCISCO DO SUL";"Ingestão de Álcool";"Atropelamento de Pedestre";"Com Vítimas Feridas";"Pleno dia";"Crescente";"Nublado";"Simples";"Reta";"Sim";2;0;1;1;0;0;2;2;-26,260122;-48,625729;"SPRF-SC";"DEL03-SC";"UOP03-DEL03-SC"
110322;2018-02-10;"sábado";"18:30:00";"RJ";101;272;"TANGUA";"Falta de Atenção à Condução";"Colisão traseira";"Com Vítimas Feridas";"Pleno dia";"Decrescente";"Céu Claro";"Dupla";"Reta";"Sim";2;0;1;0;1;0;1;2;-22,729362;-42,701134;"SPRF-RJ";"DEL02-RJ";"UOP03-DEL02-RJ"
110323;2018-02-10;"sábado";"18:30:00";"PR";277;663;"MEDIANEIRA";"Ingestão de Álcool";"Saída de leito carroçável";"Com Vítimas Feridas";"Pleno dia";"Decrescente";"Céu Claro";"Dupla";"Reta";"Não";1;0;0;1;0;0;1;1;-25,251606;-54,018887;"SPRF-PR";"DEL05-PR";"UOP02-DEL05-PR"
110324;2018-02-10;"sábado";"17:25:00";"MG";381;913;"CAMANDUCAIA";"Velocidade Incompatível";"Saída de leito carroçável";"Com Vítimas Feridas";"Pleno dia";"Decrescente";"Chuva";"Dupla";"Curva";"Não";2;0;1;0;1;0;1;1;-22,7206;-46,1292;"SPRF-MG";"DEL16-MG";"UOP03-DEL16-MG"
110325;2018-02-10;"sábado";"18:40:00";"RS";287;250;"SANTA MARIA";"Falta de Atenção à Condução";"Colisão transversal";"Com Vítimas Feridas";"Pleno dia";"Decrescente";"Céu Claro";"Simples";"Em Obras";"Sim";3;0;1;0;2;0;1;2;-29,6813177;-53,774899;"SPRF-RS";"DEL09-RS";"UOP01-DEL09-RS"
110326;2018-02-10;"sábado";"14:00:00";"RO";364;380;"OURO PRETO DO OESTE";"Pista Escorregadia";"Saída de leito carroçável";"Com Vítimas Feridas";"Pleno dia";"Decrescente";"Chuva";"Simples";"Reta";"Não";2;0;2;0;0;0;2;1;-10,73871;-62,226395;"SPRF-RO";"DEL02-RO";"UOP01-DEL02-RO"
110327;2018-02-10;"sábado";"18:42:00";"SC";101;210;"PALHOCA";"Pista Escorregadia";"Tombamento";"Com Vítimas Feridas";"Pleno dia";"Crescente";"Nublado";"Dupla";"Reta";"Sim";1;0;1;0;0;0;1;1;-27,6235;-48,6524;"SPRF-SC";"DEL01-SC";"UOP01-DEL01-SC"
110328;2018-02-10;"sábado";"17:20:00";"RN";101;94;"NATAL";"Falta de Atenção à Condução";"Colisão lateral";"Com Vítimas Feridas";"Anoitecer";"Crescente";"Céu Claro";"Dupla";"Reta";"Sim";2;0;1;0;1;0;1;2;-5,81412314;-35,20362854;"SPRF-RN";"DEL01-RN";"UOP01-DEL01-RN"
110331;2018-02-10;"sábado";"17:45:00";"SC";116;93,9;"MONTE CASTELO";"Falta de Atenção à Condução";"Colisão com objeto estático";"Com Vítimas Fatais";"Pleno dia";"Decrescente";"Céu Claro";"Simples";"Reta";"Não";3;2;0;1;0;0;1;1;-26,462698;-50,231544;"SPRF-SC";"DEL06-SC";"UOP02-DEL06-SC"
110332;2018-02-10;"sábado";"16:10:00";"MG";40;444;"PARAOPEBA";"Pista Escorregadia";"Saída de leito carroçável";"Com Vítimas Feridas";"Pleno dia";"Decrescente";"Chuva";"Dupla";"Curva";"Não";2;0;1;0;1;0;1;1;-19,2887;-44,3908;"SPRF-MG";"DEL02-MG";"UOP01-DEL02-MG"
110333;2018-02-10;"sábado";"17:10:00";"BA";407;5,7;"JUAZEIRO";"Ultrapassagem Indevida";"Colisão com objeto em movimento";"Com Vítimas Fatais";"Pleno dia";"Decrescente";"Nublado";"Dupla";"Reta";"Sim";2;1;0;0;1;0;0;2;-9,453666;-40,487447;"SPRF-PE";"DEL06-PE";"UOP01-DEL06-PE"
110334;2018-02-10;"sábado";"19:30:00";"GO";60;45,5;"ALEXANIA";"Pista Escorregadia";"Capotamento";"Sem Vítimas";"Anoitecer";"Crescente";"Chuva";"Dupla";"Reta";"Não";4;0;0;0;4;0;0;1;-16,13332524;-48,59828532;"SPRF-GO";"DEL02-GO";"UOP01-DEL02-GO"
110336;2018-02-10;"sábado";"18:20:00";"RN";101;82,1;"NATAL";"Ingestão de Álcool";"Colisão transversal";"Com Vítimas Feridas";"Plena Noite";"Decrescente";"Nublado";"Dupla";"Reta";"Sim";3;0;2;1;0;0;3;2;-5,77450118;-35,26542664;"SPRF-RN";"DEL02-RN";"UOP01-DEL02-RN"
110338;2018-02-10;"sábado";"16:40:00";"PE";232;410;"SERRA TALHADA";"Pista Escorregadia";"Tombamento";"Com Vítimas Feridas";"Anoitecer";"Crescente";"Chuva";"Simples";"Reta";"Sim";1;0;0;1;0;0;1;1;-7,98229148;-38,29684854;"SPRF-PE";"DEL04-PE";"UOP01-DEL04-PE"
110339;2018-02-10;"sábado";"16:20:00";"SC";480;126,8;"CHAPECO";"Velocidade Incompatível";"Saída de leito carroçável";"Com Vítimas Feridas";"Pleno dia";"Decrescente";"Sol";"Dupla";"Reta";"Sim";1;0;1;0;0;0;1;1;-27,0968;-52,6186;"SPRF-SC";"DEL07-SC";"UOP01-DEL07-SC"
110340;2018-02-10;"sábado";"18:40:00";"CE";116;298,6;"JAGUARIBE";"Defeito na Via";"Saída de leito carroçável";"Com Vítimas Feridas";"Plena Noite";"Crescente";"Chuva";"Simples";"Curva";"Não";5;0;4;0;1;0;4;1;-5,8777522;-38,6078805;"SPRF-CE";"DEL05-CE";"UOP02-DEL05-CE"
110341;2018-02-10;"sábado";"16:00:00";"MG";381;941,1;"EXTREMA";"Velocidade Incompatível";"Saída de leito carroçável";"Com Vítimas Feridas";"Pleno dia";"Decrescente";"Chuva";"Dupla";"Curva";"Não";3;0;2;0;1;0;2;1;-22,83467088;-46,31905066;"SPRF-MG";"DEL16-MG";"UOP03-DEL16-MG"
110342;2018-02-10;"sábado";"19:35:00";"SP";116;315,2;"JUQUITIBA";"Falta de Atenção à Condução";"Atropelamento de Pedestre";"Com Vítimas Fatais";"Plena Noite";"Decrescente";"Nublado";"Dupla";"Reta";"Não";3;1;0;0;0;2;0;2;-23,90285;-46,990364;"SPRF-SP";"DEL04-SP";"UOP03-DEL04-SP"
110344;2018-02-10;"sábado";"20:00:00";"RJ";356;149;"CAMPOS DOS GOYTACAZES";"Deficiência ou não Acionamento do Sistema de Iluminação/Sinalização do Veículo";"Colisão traseira";"Sem Vítimas";"Plena Noite";"Crescente";"Céu Claro";"Simples";"Reta";"Não";2;0;0;0;2;0;0;2;-21,76702969;-41,27629671;"SPRF-RJ";"DEL08-RJ";"UOP02-DEL08-RJ"
110345;2018-02-10;"sábado";"18:00:00";"RJ";101;313;"SAO GONCALO";"Falta de Atenção à Condução";"Queda de ocupante de veículo";"Com Vítimas Feridas";"Pleno dia";"Decrescente";"Sol";"Dupla";"Reta";"Sim";1;0;1;0;0;0;1;1;-22,810507;-43,069859;"SPRF-RJ";"DEL02-RJ";"DEL5/2-UOP04/RJ"
110346;2018-02-10;"sábado";"21:00:00";"SC";101;393,2;"CRICIUMA";"Desobediência às normas de trânsito pelo condutor";"Colisão com objeto em movimento";"Com Vítimas Feridas";"Plena Noite";"Decrescente";"Chuva";"Dupla";"Declive";"Não";2;0;1;0;1;0;1;2;-28,81358117;-49,3890826;"SPRF-SC";"DEL02-SC";"UOP02-DEL02-SC"