"id";"data_inversa";"dia_semana";"horario";"uf";"br";"km";"municipio";"causa_acidente";"tipo_acidente";"classificacao_acidente";"fase_dia";"sentido_via";"condicao_metereologica";"tipo_pista";"tracado_via";"uso_solo";"pessoas";"mortos";"feridos_leves";"feridos_graves";"ilesos";"ignorados";"feridos";"veiculos";"latitude";"longitude";"regional";"delegacia";"uop"
110550;2018-02-11;"domingo";"13:00:00";"PE";101;85;"JABOATAO DOS GUARARAPES";"Defeito Mecânico no Veículo";"Tombamento";"Com Vítimas Feridas";"Pleno dia";"Decrescente";"Sol";"Simples";"Reta";"Não";2;0;2;0;0;0;2;1;-8,1846;-34,9681;"SPRF-PE";"DEL01-PE";"UOP03-DEL01-PE"
110551;2018-02-11;"domingo";"13:00:00";"MG";381;876,9;"ESTIVA";"Avarias e/ou desgaste excessivo no pneu";"Colisão com objeto estático";"Sem Vítimas";"Pleno dia";"Crescente";"Nublado";"Dupla";"Reta";"Não";1;0;0;0;1;0;0;1;-22,43994294;-45,98594517;"SPRF-MG";"DEL16-MG";"UOP01-DEL16-MG"
110554;2018-02-11;"domingo";"13:00:00";"SP";116;204;"ARUJA";"Falta de Atenção à Condução";"Colisão traseira";"Sem Vítimas";"Pleno dia";"Decrescente";"Céu Claro";"Múltipla";"Reta";"Não";2;0;0;0;2;0;0;2;-23,3965;-46,3214;"SPRF-SP";"DEL01-SP";"UOP02-DEL01-SP"
110555;2018-02-11;"domingo";"13:18:00";"PA";316;8;"ANANINDEUA";"Não guardar distância de segurança";"Colisão traseira";"Com Vítimas Feridas";"Pleno dia";"Decrescente";"Céu Claro";"Dupla";"Reta";"Sim";2;0;2;0;0;0;2;2;-1,3659343;-48,3726;"SPRF-PA";"DEL01-PA";"DEL19/1-UOP05/PA"
110556;2018-02-11;"domingo";"14:10:00";"PR";277;104,9;"CAMPO LARGO";"Falta de Atenção à Condução";"Capotamento";"Com Vítimas Feridas";"Pleno dia";"Decrescente";"Chuva";"Dupla";"Curva";"Sim";2;0;2;0;0;0;2;1;-25,43684658;-49,40139771;"SPRF-PR";"DEL01-PR";"UOP06-DEL01-PR"
110557;2018-02-11;"domingo";"14:40:00";"RS";116;265;"CANOAS";"Avarias e/ou desgaste excessivo no pneu";"Colisão com objeto estático";"Sem Vítimas";"Pleno dia";"Crescente";"Nublado";"Simples";"Reta";"Sim";1;0;0;0;1;0;0;1;-29,9683071;-51,1742355;"SPRF-RS";"DEL01-RS";"UOP01-DEL01-RS"
110558;2018-02-11;"domingo";"09:45:00";"BA";101;320,1;"PRESIDENTE TANCREDO NEVES";"Velocidade Incompatível";"Saída de leito carroçável";"Sem Vítimas";"Pleno dia";"Decrescente";"Céu Claro";"Simples";"Declive";"Não";1;0;0;0;1;0;0;1;-13,396632;-39,401618;"SPRF-BA";"DEL05-BA";"UOP03-DEL05-BA"
110559;2018-02-11;"domingo";"08:30:00";"RR";174;325;"CARACARAI";"Avarias e/ou desgaste excessivo no pneu";"Saída de leito carroçável";"Com Vítimas Feridas";"Pleno dia";"Crescente";"Céu Claro";"Simples";"Reta";"Não";5;0;5;0;0;0;5;1;1,5375;-60,979856;"SPRF-RR";"DEL01-RR";"UOP01-DEL01-RR"
110563;2018-02-11;"domingo";"13:50:00";"CE";116;21;"ITAITINGA";"Desobediência às normas de trânsito pelo condutor";"Capotamento";"Com Vítimas Feridas";"Pleno dia";"Crescente";"Céu Claro";"Dupla";"Reta";"Sim";2;0;1;0;1;0;1;2;-3,9448;-38,5098;"SPRF-CE";"DEL01-CE";"UOP02-DEL01-CE"
110566;2018-02-11;"domingo";"14:30:00";"MT";163;926;"ITAUBA";"Falta de Atenção à Condução";"Colisão traseira";"Sem Vítimas";"Pleno dia";"Crescente";"Céu Claro";"Simples";"Reta";"Não";4;0;0;0;4;0;0;2;-11,0618;-55,2773;"SPRF-MT";"DEL06-MT";"UOP02-DEL06-MT"
110567;2018-02-11;"domingo";"15:25:00";"SP";116;161,3;"JACAREI";"Falta de Atenção do Pedestre";"Atropelamento de Pedestre";"Com Vítimas Feridas";"Pleno dia";"Crescente";"Céu Claro";"Dupla";"Ponte";"Sim";2;0;0;1;1;0;1;2;-23,26405746;-45,95557451;"SPRF-SP";"DEL02-SP";"UOP01-DEL02-SP"
110568;2018-02-11;"domingo";"14:00:00";"MS";163;611;"SAO GABRIEL DO OESTE";"Avarias e/ou desgaste excessivo no pneu";"Tombamento";"Com Vítimas Feridas";"Pleno dia";"Decrescente";"Céu Claro";"Simples";"Declive";"Não";2;0;0;2;0;0;2;1;-19,3936;-54,5635;"SPRF-MS";"DEL06-MS";"UOP02-DEL06-MS"
110569;2018-02-11;"domingo";"14:45:00";"PE";232;126,7;"CARUARU";"Falta de Atenção à Condução";"Colisão com objeto estático";"Com Vítimas Feridas";"Pleno dia";"Decrescente";"Céu Claro";"Simples";"Viaduto";"Não";2;0;0;1;0;1;1;1;-8,283759;-35,976406;"SPRF-PE";"DEL02-PE";"UOP03-DEL02-PE"
110570;2018-02-11;"domingo";"14:50:00";"RJ";116;255;"PINHEIRAL";"Falta de Atenção à Condução";"Colisão traseira";"Com Vítimas Feridas";"Pleno dia";"Crescente";"Céu Claro";"Dupla";"Reta";"Não";2;0;1;0;1;0;1;2;-22,51326;-44,000935;"SPRF-RJ";"DEL07-RJ";"UOP02-DEL07-RJ"
110571;2018-02-11;"domingo";"15:55:00";"PR";116;26,2;"CAMPINA GRANDE DO SUL";"Velocidade Incompatível";"Saída de leito carroçável";"Sem Vítimas";"Pleno dia";"Decrescente";"Céu Claro";"Dupla";"Curva";"Não";2;0;0;0;2;0;0;1;-25,106883;-48,78732183;"SPRF-PR";"DEL01-PR";"UOP02-DEL01-PR"
110572;2018-02-11;"domingo";"15:00:00";"RS";470;237,5;"CARLOS BARBOSA";"Falta de Atenção à Condução";"Colisão transversal";"Com Vítimas Feridas";"Pleno dia";"Decrescente";"Nublado";"Simples";"Reta;Declive";"Não";8;0;1;0;6;1;1;5;-29,33325934;-51,50033858;"SPRF-RS";"DEL06-RS";"UOP01-DEL06-RS"
110574;2018-02-11;"domingo";"16:10:00";"MG";262;424,5;"IGARATINGA";"Ingestão de Álcool";"Saída de leito carroçável";"Com Vítimas Feridas";"Pleno dia";"Crescente";"Céu Claro";"Dupla";"Curva";"Não";2;0;2;0;0;0;2;1;-19,89094998;-44,81405202;"SPRF-MG";"DEL08-MG";"UOP03-DEL08-MG"
110576;2018-02-11;"domingo";"13:00:00";"RJ";116;168;"SAO JOAO DE MERITI";"Avarias e/ou desgaste excessivo no pneu";"Tombamento";"Com Vítimas Feridas";"Pleno dia";"Crescente";"Céu Claro";"Múltipla";"Reta";"Sim";2;0;2;0;0;0;2;1;-22,819967;-43,314999;"SPRF-RJ";"DEL01-RJ";"UOP02-DEL01-RJ"
110577;2018-02-11;"domingo";"16:30:00";"SC";101;165;"TIJUCAS";"Ingestão de Álcool";"Colisão lateral";"Sem Vítimas";"Pleno dia";"Crescente";"Nublado";"Dupla";"Reta";"Sim";2;0;0;0;2;0;0;2;-27,2595;-48,6316;"SPRF-SC";"DEL04-SC";"UOP03-DEL04-SC"
110578;2018-02-11;"domingo";"15:05:00";"BA";101;66;"ENTRE RIOS";"Defeito Mecânico no Veículo";"Capotamento";"Com Vítimas Feridas";"Pleno dia";"Crescente";"Céu Claro";"Simples";"Reta";"Não";1;0;1;0;0;0;1;1;-11,9685;-38,1004;"SPRF-BA";"DEL01-BA";"UOP04-DEL01-BA"
110579;2018-02-10;"sábado";"03:50:00";"AM";174;1035;"PRESIDENTE FIGUEIREDO";"Condutor Dormindo";"Saída de leito carroçável";"Com Vítimas Feridas";"Plena Noite";"Decrescente";"Céu Claro";"Simples";"Reta";"Não";2;0;1;0;1;0;1;1;-1;-60;"SPRF-AM";"DEL01-AM";"UOP02-DEL01-AM"
110580;2018-02-11;"domingo";"16:40:00";"MG";381;491;"BETIM";"Defeito Mecânico no Veículo";"Queda de ocupante de veículo";"Com Vítimas Feridas";"Pleno dia";"Crescente";"Céu Claro";"Simples";"Reta";"Sim";2;0;2;0;0;0;2;1;-19,9616;-44,1603;"SPRF-MG";"DEL01-MG";"UOP03-DEL01-MG"
110581;2018-02-11;"domingo";"14:40:00";"PR";277;101,5;"CURITIBA";"Avarias e/ou desgaste excessivo no pneu";"Capotamento";"Sem Vítimas";"Pleno dia";"Decrescente";"Chuva";"Dupla";"Curva";"Não";1;0;0;0;1;0;0;1;-25,4368466;-49,3711853;"SPRF-PR";"DEL01-PR";"UOP06-DEL01-PR"
110582;2018-02-11;"domingo";"17:10:00";"SP";116;280;"EMBU DAS ARTES";"Ultrapassagem Indevida";"Tombamento";"Com Vítimas Feridas";"Pleno dia";"Decrescente";"Céu Claro";"Dupla";"Reta";"Sim";2;0;1;0;1;0;1;2;-23,6878427;-46,8592083;"SPRF-SP";"DEL04-SP";"UOP01-DEL04-SP"
110583;2018-02-11;"domingo";"10:00:00";"RO";364;845;"PORTO VELHO";"Ingestão de Álcool";"Colisão traseira";"Com Vítimas Fatais";"Pleno dia";"Decrescente";"Sol";"Simples";"Declive;Reta";"Não";10;1;3;5;1;0;8;3;-9,44704042;-64,73038852;"SPRF-RO";"DEL01-RO";"UOP02-DEL01-RO"
110584;2018-02-11;"domingo";"16:40:00";"PR";376;658;"TIJUCAS DO SUL";"Pista Escorregadia";"Saída de leito carroçável";"Com Vítimas Feridas";"Pleno dia";"Decrescente";"Chuva";"Dupla";"Reta";"Não";2;0;2;0;0;0;2;1;-25,8468651;-49,00726318;"SPRF-PR";"DEL01-PR";"DEL7/1-UOP08/PR"
110585;2018-02-11;"domingo";"17:00:00";"RJ";116;104,4;"GUAPIMIRIM";"Falta de Atenção à Condução";"Colisão transversal";"Com Vítimas Feridas";"Pleno dia";"Decrescente";"Sol";"Dupla";"Aclive";"Sim";4;0;2;0;2;0;2;2;-22,51001965;-43,00186157;"SPRF-RJ";"DEL04-RJ";"UOP02-DEL04-RJ"
110586;2018-02-11;"domingo";"16:30:00";"SP";381;22;"BRAGANCA PAULISTA";"Não guardar distância de segurança";"Colisão lateral";"Com Vítimas Feridas";"Pleno dia";"Decrescente";"Céu Claro";"Dupla";"Reta";"Não";3;0;1;1;1;0;2;2;-22,996984;-46,516323;"SPRF-SP";"DEL03-SP";"UOP02-DEL03-SP"
110588;2018-02-11;"domingo";"16:00:00";"PA";153;138;"SAO GERALDO DO ARAGUAIA";"Objeto estático sobre o leito carroçável";"Colisão lateral";"Com Vítimas Feridas";"Pleno dia";"Crescente";"Nublado";"Simples";"Aclive";"Não";5;0;4;1;0;0;5;2;-6,402148;-48,53897095;"SPRF-PA";"DEL03-PA";"UOP01-DEL03-PA"
110589;2018-02-11;"domingo";"17:30:00";"RS";290;259,3;"CACHOEIRA DO SUL";"Falta de Atenção à Condução";"Colisão frontal";"Com Vítimas Fatais";"Pleno dia";"Decrescente";"Nublado";"Simples";"Reta";"Não";7;1;1;3;2;0;4;3;-30,25784146;-52,81816965;"SPRF-RS";"DEL02-RS";"UOP02-DEL02-RS"
110590;2018-02-11;"domingo";"17:08:00";"RS";392;265;"CACAPAVA DO SUL";"Falta de Atenção à Condução";"Colisão frontal";"Com Vítimas Feridas";"Pleno dia";"Decrescente";"Chuva";"Simples";"Curva";"Não";5;0;4;1;0;0;5;2;-30,434811;-53,500072;"SPRF-RS";"DEL09-RS";"UOP02-DEL09-RS"
110591;2018-02-11;"domingo";"15:10:00";"PR";116;82;"PIRAQUARA";"Defeito Mecânico no Veículo";"Colisão com objeto estático";"Sem Vítimas";"Pleno dia";"Crescente";"Chuva";"Dupla";"Reta";"Não";1;0;0;0;1;0;0;1;-25,415276;-49,067802;"SPRF-PR";"DEL01-PR";"UOP07-DEL01-PR"
110592;2018-02-11;"domingo";"17:45:00";"PR";376;221,5;"CAMBIRA";"Avarias e/ou desgaste excessivo no pneu";"Tombamento";"Com Vítimas Feridas";"Pleno dia";"Crescente";"Chuva";"Dupla";"Curva";"Não";2;0;2;0;0;0;2;1;-23,60250959;-51,60003448;"SPRF-PR";"DEL07-PR";"UOP03-DEL07-PR"
110593;2018-02-11;"domingo";"17:40:00";"GO";40;25,1;"LUZIANIA";"Falta de Atenção à Condução";"Colisão traseira";"Com Vítimas Feridas";"Pleno dia";"Crescente";"Céu Claro";"Simples";"Reta";"Sim";3;0;3;0;0;0;3;2;-16,25348721;-47,89987457;"SPRF-DF";"DEL01-DF";"UOP01-DEL01-DF"
110594;2018-02-11;"domingo";"17:10:00";"DF";70;10,1;"BRASILIA";"Não guardar distância de segurança";"Capotamento";"Com Vítimas Feridas";"Pleno dia";"Decrescente";"Céu Claro";"Dupla";"Reta";"Sim";1;0;1;0;0;0;1;1;-15,78839706;-48,14517699;"SPRF-DF";"DEL01-DF";"UOP02-DEL03-DF"
110595;2018-02-11;"domingo";"16:30:00";"PE";101;93;"CABO DE SANTO AGOSTINHO";"Falta de Atenção à Condução";"Colisão transversal";"Com Vítimas Feridas";"Pleno dia";"Decrescente";"Nublado";"Simples";"Reta";"Não";3;0;1;0;1;1;1;2;-8,2462;-35,0058;"SPRF-PE";"DEL01-PE";"UOP03-DEL01-PE"
110596;2018-02-11;"domingo";"10:00:00";"RJ";101;448;"MANGARATIBA";"Avarias e/ou desgaste excessivo no pneu";"Colisão transversal";"Com Vítimas Fatais";"Pleno dia";"Decrescente";"Céu Claro";"Simples";"Curva";"Não";5;2;0;3;0;0;3;2;-22,960205;-44,040936;"SPRF-RJ";"DEL03-RJ";"UOP03-DEL03-RJ"
110597;2018-02-11;"domingo";"17:05:00";"SP";116;133,1;"CACAPAVA";"Defeito Mecânico no Veículo";"Incêndio";"Sem Vítimas";"Pleno dia";"Decrescente";"Nublado";"Dupla";"Reta";"Sim";1;0;0;0;1;0;0;1;-23,13639659;-45,75413657;"SPRF-SP";"DEL06-SP";"UOP02-DEL02-SP"
110598;2018-02-11;"domingo";"17:40:00";"PR";376;652,8;"TIJUCAS DO SUL";"Falta de Atenção à Condução";"Saída de leito carroçável";"Sem Vítimas";"Pleno dia";"Crescente";"Céu Claro";"Dupla";"Curva";"Não";1;0;0;0;1;0;0;1;-25,85922355;-48,99353027;"SPRF-PR";"DEL01-PR";"DEL7/1-UOP08/PR"
110599;2018-02-11;"domingo";"17:40:00";"SC";470;87;"RODEIO";"Falta de Atenção à Condução";"Colisão transversal";"Sem Vítimas";"Pleno dia";"Crescente";"Nublado";"Simples";"Reta";"Não";2;0;0;0;2;0;0;2;-26,9551111;-49,35128331;"SPRF-SC";"DEL04-SC";"UOP01-DEL04-SC"
110600;2018-02-11;"domingo";"15:30:00";"RR";174;505;"BONFIM";"Falta de Atenção à Condução";"Colisão transversal";"Com Vítimas Feridas";"Pleno dia";"Decrescente";"Céu Claro";"Simples";"Rotatória";"Sim";3;0;2;0;1;0;2;2;2;-60;"SPRF-RR";"DEL01-RR";"UOP01-DEL01-RR"
110604;2018-02-11;"domingo";"17:50:00";"PR";376;664;"GUARATUBA";"Pista Escorregadia";"Saída de leito carroçável";"Com Vítimas Feridas";"Pleno dia";"Crescente";"Chuva";"Múltipla";"Reta";"Não";2;0;1;0;1;0;1;1;-25,85551615;-48,95507813;"SPRF-PR";"DEL01-PR";"DEL7/1-UOP08/PR"
110606;2018-02-11;"domingo";"18:00:00";"SC";101;209;"SAO JOSE";"Falta de Atenção à Condução";"Engavetamento";"Sem Vítimas";"Anoitecer";"Crescente";"Chuva";"Múltipla";"Declive";"Sim";4;0;0;0;4;0;0;4;-27,61382791;-48,64295483;"SPRF-SC";"DEL01-SC";"UOP01-DEL01-SC"
110607;2018-02-11;"domingo";"13:15:00";"SC";116;93,1;"MONTE CASTELO";"Desobediência às normas de trânsito pelo condutor";"Colisão frontal";"Com Vítimas Feridas";"Pleno dia";"Decrescente";"Chuva";"Simples";"Reta";"Não";7;0;4;0;3;0;4;2;-26,65827998;-50,27870175;"SPRF-SC";"DEL06-SC";"UOP02-DEL06-SC"
110608;2018-02-11;"domingo";"18:38:00";"PR";369;138,5;"IBIPORA";"Desobediência às normas de trânsito pelo condutor";"Colisão transversal";"Com Vítimas Feridas";"Pleno dia";"Crescente";"Chuva";"Dupla";"Rotatória";"Sim";3;0;2;0;1;0;2;2;-23,2695;-51,0437;"SPRF-PR";"DEL07-PR";"UOP01-DEL07-PR"
110609;2018-02-11;"domingo";"16:30:00";"PA";316;270,2;"CACHOEIRA DO PIRIA";"Falta de Atenção à Condução";"Saída de leito carroçável";"Com Vítimas Feridas";"Pleno dia";"Decrescente";"Céu Claro";"Dupla";"Reta";"Não";4;0;2;0;2;0;2;1;-1,815187;-46,33621216;"SPRF-PA";"DEL01-PA";"UOP04-DEL01-PA"
110610;2018-02-11;"domingo";"18:40:00";"PR";116;96;"SAO JOSE DOS PINHAIS";"Velocidade Incompatível";"Colisão com objeto estático";"Com Vítimas Feridas";"Pleno dia";"Crescente";"Nublado";"Dupla";"Curva";"Não";1;0;0;1;0;0;1;1;-25,51517874;-49,13199663;"SPRF-PR";"DEL01-PR";"UOP07-DEL01-PR"
110611;2018-02-11;"domingo";"18:20:00";"RJ";101;435;"MANGARATIBA";"Desobediência às normas de trânsito pelo condutor";"Colisão transversal";"Com Vítimas Feridas";"Pleno dia";"Crescente";"Céu Claro";"Simples";"Reta";"Não";2;0;1;0;1;0;1;2;-22,98747393;-44,10255432;"SPRF-RJ";"DEL03-RJ";"UOP01-DEL03-RJ"
110612;2018-02-11;"domingo";"19:00:00";"PR";163;169;"TOLEDO";"Pista Escorregadia";"Saída de leito carroçável";"Com Vítimas Feridas";"Anoitecer";"Decrescente";"Chuva";"Simples";"Reta";"Não";2;0;1;0;1;0;1;1;-24,61830581;-53,94012451;"SPRF-PR";"DEL04-PR";"UOP05-DEL05-PR"
110613;2018-02-11;"domingo";"10:15:00";"SC";280;168,2;"MAFRA";"Ingestão de Álcool";"Colisão com objeto estático";"Sem Vítimas";"Pleno dia";"Crescente";"Nublado";"Simples";"Reta";"Sim";3;0;0;0;3;0;0;2;-26,16003;-49,815845;"SPRF-SC";"DEL06-SC";"UOP01-DEL06-SC"
110615;2018-02-11;"domingo";"18:00:00";"CE";20;418;"MARACANAU";"Falta de Atenção à Condução";"Colisão transversal";"Com Vítimas Feridas";"Plena Noite";"Crescente";"Chuva";"Simples";"Reta";"Sim";6;0;0;2;4;0;2;2;-3,87821;-38,626;"SPRF-CE";"DEL01-CE";"UOP02-DEL01-CE"
110616;2018-02-11;"domingo";"19:15:00";"SP";116;324,7;"JUQUITIBA";"Velocidade Incompatível";"Colisão traseira";"Com Vítimas Fatais";"Anoitecer";"Decrescente";"Céu Claro";"Dupla";"Reta";"Não";3;1;1;1;0;0;2;2;-23,932146;-47,068737;"SPRF-SP";"DEL04-SP";"UOP03-DEL04-SP"
110617;2018-02-11;"domingo";"15:00:00";"SC";282;531,4;"CORDILHEIRA ALTA";"Falta de Atenção à Condução";"Colisão lateral";"Com Vítimas Feridas";"Pleno dia";"Crescente";"Céu Claro";"Simples";"Reta";"Sim";4;0;2;1;1;0;3;2;-26,99394825;-52,61113144;"SPRF-SC";"DEL07-SC";"UOP01-DEL07-SC"
110618;2018-02-11;"domingo";"19:00:00";"SC";101;205,4;"SAO JOSE";"Ingestão de Álcool";"Colisão com objeto estático";"Sem Vítimas";"Anoitecer";"Crescente";"Nublado";"Dupla";"Curva";"Sim";1;0;0;0;1;0;0;1;-27,58848663;-48,61690226;"SPRF-SC";"DEL01-SC";"UOP01-DEL01-SC"
110619;2018-02-11;"domingo";"18:50:00";"RS";470;176;"VERANOPOLIS";"Ingestão de Álcool";"Colisão frontal";"Com Vítimas Feridas";"Anoitecer";"Crescente";"Chuva";"Simples";"Reta";"Não";7;0;0;6;0;1;6;3;-28,95768552;-51,56158447;"SPRF-RS";"DEL06-RS";"UOP02-DEL06-RS"
110620;2018-02-11;"domingo";"14:20:00";"RJ";40;74;"PETROPOLIS";"Falta de Atenção à Condução";"Colisão lateral";"Com Vítimas Feridas";"Pleno dia";"Crescente";"Céu Claro";"Simples";"Curva";"Não";3;0;1;0;2;0;1;2;-22,47632108;-43,22635178;"SPRF-RJ";"DEL06-RJ";"UOP01-DEL06-RJ"
110621;2018-02-11;"domingo";"17:45:00";"SC";470;247,1;"CURITIBANOS";"Falta de Atenção à Condução";"Colisão frontal";"Com Vítimas Feridas";"Pleno dia";"Crescente";"Nublado";"Simples";"Reta";"Sim";6;0;4;1;1;0;5;2;-27,31529243;-50,54269277;"SPRF-SC";"DEL05-SC";"UOP03-DEL05-SC"
110622;2018-02-11;"domingo";"19:20:00";"PR";116;47,1;"CAMPINA GRANDE DO SUL";"Falta de Atenção à Condução";"Colisão com objeto estático";"Sem Vítimas";"Anoitecer";"Crescente";"Chuva";"Dupla";"Curva";"Não";1;0;0;0;1;0;0;1;-25,2114603;-48,89759981;"SPRF-PR";"DEL01-PR";"UOP02-DEL01-PR"
110623;2018-02-11;"domingo";"19:40:00";"PR";116;20,4;"ANTONINA";"Falta de Atenção à Condução";"Saída de leito carroçável";"Com Vítimas Feridas";"Plena Noite";"Crescente";"Chuva";"Dupla";"Curva";"Não";1;0;1;0;0;0;1;1;-25,101109;-48,732564;"SPRF-PR";"DEL01-PR";"UOP02-DEL01-PR"
110624;2018-02-11;"domingo";"19:30:00";"RJ";101;308;"SAO GONCALO";"Condutor Dormindo";"Colisão com objeto estático";"Com Vítimas Feridas";"Anoitecer";"Decrescente";"Céu Claro";"Dupla";"Reta";"Não";1;0;1;0;0;0;1;1;-22,793098;-43,024815;"SPRF-RJ";"DEL02-RJ";"DEL5/2-UOP04/RJ"
110626;2018-02-11;"domingo";"17:50:00";"MT";174;221,3;"FIGUEIROPOLIS DOESTE";"Animais na Pista";"Saída de leito carroçável";"Sem Vítimas";"Pleno dia";"Decrescente";"Chuva";"Simples";"Reta";"Não";1;0;0;0;1;0;0;1;-15,60408722;-58,84604782;"SPRF-MT";"DEL04-MT";"UOP01-DEL04-MT"
110630;2018-02-11;"domingo";"18:00:00";"BA";116;824;"VITORIA DA CONQUISTA";"Falta de Atenção à Condução";"Queda de ocupante de veículo";"Com Vítimas Feridas";"Anoitecer";"Decrescente";"Céu Claro";"Dupla";"Reta;Aclive";"Sim";1;0;1;0;0;0;1;1;-14,851;-40,8485;"SPRF-BA";"DEL08-BA";"UOP01-DEL08-BA"
110631;2018-02-11;"domingo";"18:00:00";"PR";376;158;"MANDAGUACU";"Ingestão de Álcool";"Saída de leito carroçável";"Com Vítimas Feridas";"Pleno dia";"Decrescente";"Chuva";"Dupla";"Reta";"Não";1;0;1;0;0;0;1;1;-23,36185734;-52,08590269;"SPRF-PR";"DEL07-PR";"UOP01-DEL09-PR"
110632;2018-02-11;"domingo";"20:10:00";"RS";158;226,8;"CRUZ ALTA";"Defeito na Via";"Tombamento";"Com Vítimas Feridas";"Pleno dia";"Crescente";"Nublado";"Simples";"Curva";"Não";2;0;0;1;0;1;1;2;-28,91287873;-53,6375311;"SPRF-RS";"DEL10-RS";"UOP02-DEL10-RS"
110633;2018-02-11;"domingo";"20:10:00";"RS";386;343,9;"LAJEADO";"Falta de Atenção à Condução";"Colisão transversal";"Com Vítimas Feridas";"Anoitecer";"Decrescente";"Chuva";"Simples";"Reta";"Sim";2;0;0;1;1;0;1;2;-29,47339079;-51,9529343;"SPRF-RS";"DEL04-RS";"UOP01-DEL04-RS"
110634;2018-02-11;"domingo";"19:10:00";"MG";116;527;"CARATINGA";"Falta de Atenção à Condução";"Queda de ocupante de veículo";"Com Vítimas Feridas";"Pleno dia";"Decrescente";"Céu Claro";"Simples";"Curva";"Sim";1;0;1;0;0;0;1;1;-19,7902;-42,139526;"SPRF-MG";"DEL06-MG";"UOP02-DEL06-MG"
110637;2018-02-11;"domingo";"20:00:00";"PR";116;39,1;"CAMPINA GRANDE DO SUL";"Velocidade Incompatível";"Saída de leito carroçável";"Sem Vítimas";"Plena Noite";"Crescente";"Céu Claro";"Múltipla";"Curva";"Não";2;0;0;0;2;0;0;1;-25,15710363;-48,86147579;"SPRF-PR";"DEL01-PR";"UOP02-DEL01-PR"
110639;2018-02-11;"domingo";"20:20:00";"RJ";493;18,2;"MAGE";"Desobediência às normas de trânsito pelo condutor";"Colisão frontal";"Com Vítimas Feridas";"Plena Noite";"Crescente";"Céu Claro";"Simples";"Ponte";"Sim";7;0;6;0;1;0;6;2;-22,66470981;-43,05953979;"SPRF-RJ";"DEL04-RJ";"UOP02-DEL04-RJ"
110640;2018-02-11;"domingo";"18:45:00";"SC";280;27,1;"ARAQUARI";"Falta de Atenção à Condução";"Colisão traseira";"Com Vítimas Feridas";"Pleno dia";"Crescente";"Nublado";"Simples";"Reta";"Sim";5;0;2;0;3;0;2;3;-26,39768833;-48,74077893;"SPRF-SC";"DEL03-SC";"UOP03-DEL03-SC"
110641;2018-02-11;"domingo";"20:50:00";"SC";0;0;"BLUMENAU";"Desobediência às normas de trânsito pelo condutor";"Colisão frontal";"Com Vítimas Feridas";"Plena Noite";"Não Informado";"Garoa/Chuvisco";"Simples";"Reta";"Sim";2;0;1;0;1;0;1;2;-26,86265476;-49,0892449;"SPRF-SC";"DEL04-SC";"UOP01-DEL04-SC"
110642;2018-02-11;"domingo";"20:45:00";"MG";365;12,9;"MONTES CLAROS";"Velocidade Incompatível";"Saída de leito carroçável";"Com Vítimas Feridas";"Plena Noite";"Decrescente";"Céu Claro";"Simples";"Reta;Declive";"Não";1;0;1;0;0;0;1;1;-16,85338624;-43,97048413;"SPRF-MG";"DEL12-MG";"UOP01-DEL12-MG"
110643;2018-02-11;"domingo";"20:15:00";"BA";418;120;"TEIXEIRA DE FREITAS";"Defeito Mecânico no Veículo";"Incêndio";"Sem Vítimas";"Plena Noite";"Decrescente";"Nublado";"Simples";"Reta";"Não";1;0;0;0;1;0;0;1;-17,535471;-39,74228;"SPRF-BA";"DEL09-BA";"UOP02-DEL09-BA"
110644;2018-02-11;"domingo";"18:50:00";"RO";364;327;"PRESIDENTE MEDICI";"Falta de Atenção à Condução";"Colisão traseira";"Com Vítimas Feridas";"Plena Noite";"Crescente";"Céu Claro";"Simples";"Curva";"Não";6;0;2;0;4;0;2;2;-11,010188;-61,922325;"SPRF-RO";"DEL02-RO";"UOP01-DEL02-RO"
110646;2018-02-11;"domingo";"20:20:00";"PR";277;723,9;"FOZ DO IGUACU";"Falta de Atenção à Condução";"Colisão transversal";"Com Vítimas Feridas";"Plena Noite";"Decrescente";"Chuva";"Dupla";"Retorno Regulamentado";"Sim";5;0;2;0;3;0;2;2;-25,51027007;-54,56166012;"SPRF-PR";"DEL05-PR";"UOP01-DEL05-PR"
110647;2018-02-11;"domingo";"18:20:00";"PE";232;85,9;"GRAVATA";"Defeito na Via";"Queda de ocupante de veículo";"Com Vítimas Feridas";"Plena Noite";"Decrescente";"Céu Claro";"Dupla";"Reta";"Não";1;0;1;0;0;0;1;1;-8,213335;-35,621141;"SPRF-PE";"DEL01-PE";"UOP02-DEL02PE"
110648;2018-02-11;"domingo";"14:25:00";"DF";70;17,2;"BRASILIA";"Mal Súbito";"Saída de leito carroçável";"Com Vítimas Feridas";"Pleno dia";"Crescente";"Céu Claro";"Dupla";"Reta";"Não";1;0;1;0;0;0;1;1;-15,792999;-48,204528;"SPRF-DF";"DEL01-DF";"UOP02-DEL03-DF"
110649;2018-02-11;"domingo";"18:20:00";"PE";232;79,8;"GRAVATA";"Falta de Atenção à Condução";"Colisão frontal";"Com Vítimas Feridas";"Plena Noite";"Decrescente";"Nublado";"Múltipla";"Curva";"Sim";3;0;1;1;1;0;2;2;-8,196081;-35,568759;"SPRF-PE";"DEL01-PE";"UOP02-DEL02PE"