"id";"data_inversa";"dia_semana";"horario";"uf";"br";"km";"municipio";"causa_acidente";"tipo_acidente";"classificacao_acidente";"fase_dia";"sentido_via";"condicao_metereologica";"tipo_pista";"tracado_via";"uso_solo";"pessoas";"mortos";"feridos_leves";"feridos_graves";"ilesos";"ignorados";"feridos";"veiculos";"latitude";"longitude";"regional";"delegacia";"uop"
110753;2018-02-12;"segunda-feira";"11:20:00";"SC";101;15,8;"JOINVILLE";"Velocidade Incompatível";"Colisão com objeto estático";"Sem Vítimas";"Pleno dia";"Crescente";"Chuva";"Dupla";"Reta";"Não";1;0;0;0;1;0;0;1;-26,10797053;-48,87284596;"SPRF-SC";"DEL03-SC";"UOP01-DEL03-SC"
110754;2018-02-12;"segunda-feira";"11:25:00";"GO";20;185,3;"SIMOLANDIA";"Falta de Atenção à Condução";"Capotamento";"Com Vítimas Feridas";"Pleno dia";"Crescente";"Céu Claro";"Dupla";"Curva";"Não";2;0;2;0;0;0;2;1;-14,44075239;-46,46073138;"SPRF-DF";"DEL02-DF";"UOP03-DEL02-DF"
110756;2018-02-12;"segunda-feira";"10:45:00";"SP";101;41,9;"UBATUBA";"Ultrapassagem Indevida";"Colisão frontal";"Com Vítimas Feridas";"Pleno dia";"Crescente";"Céu Claro";"Simples";"Reta";"Sim";4;0;0;2;1;1;2;3;-23,41328687;-45,04830711;"SPRF-SP";"DEL06-SP";"UOP01-DEL06-SP"
110758;2018-02-12;"segunda-feira";"10:30:00";"RJ";101;544;"PARATY";"Falta de Atenção à Condução";"Colisão lateral";"Com Vítimas Feridas";"Pleno dia";"Crescente";"Céu Claro";"Simples";"Reta";"Não";5;0;1;0;4;0;1;3;-23,05523147;-44,58258684;"SPRF-RJ";"DEL03-RJ";"UOP02-DEL03-RJ"
110759;2018-02-12;"segunda-feira";"08:30:00";"RS";153;672;"ACEGUA";"Falta de Atenção à Condução";"Saída de leito carroçável";"Sem Vítimas";"Amanhecer";"Crescente";"Céu Claro";"Simples";"Reta";"Não";1;0;0;0;1;0;0;1;-31,68013;-54,153896;"SPRF-RS";"DEL11-RS";"UOP03-DEL11-RS"
110760;2018-02-12;"segunda-feira";"12:28:00";"SP";116;215;"GUARULHOS";"Defeito Mecânico no Veículo";"Incêndio";"Sem Vítimas";"Pleno dia";"Decrescente";"Céu Claro";"Múltipla";"Aclive";"Sim";1;0;0;0;1;0;0;1;-23,463257;-46,53373;"SPRF-SP";"DEL01-SP";"UOP01-DEL01-SP"
110762;2018-02-12;"segunda-feira";"11:40:00";"PE";101;18;"GOIANA";"Falta de Atenção à Condução";"Capotamento";"Com Vítimas Feridas";"Pleno dia";"Crescente";"Sol";"Múltipla";"Reta";"Não";1;0;1;0;0;0;1;1;-7,6477;-34,9504;"SPRF-PE";"DEL01-PE";"UOP02-DEL01-PE"
110763;2018-02-12;"segunda-feira";"09:30:00";"MS";60;131;"PARAISO DAS AGUAS";"Falta de Atenção à Condução";"Saída de leito carroçável";"Com Vítimas Feridas";"Pleno dia";"Crescente";"Nublado";"Simples";"Reta";"Não";2;0;2;0;0;0;2;1;-19,02528;-53,01043;"SPRF-MS";"DEL06-MS";"UOP02-DEL06-MS"
110767;2018-02-12;"segunda-feira";"12:55:00";"SP";381;83,7;"SAO PAULO";"Defeito Mecânico no Veículo";"Capotamento";"Com Vítimas Feridas";"Pleno dia";"Decrescente";"Céu Claro";"Dupla";"Reta";"Sim";4;0;2;0;2;0;2;2;-23,42773783;-46,57768247;"SPRF-SP";"DEL03-SP";"DEL6/3-UOP03/SP"
110768;2018-02-12;"segunda-feira";"11:20:00";"RN";405;87,8;"APODI";"Falta de Atenção à Condução";"Tombamento";"Com Vítimas Feridas";"Pleno dia";"Decrescente";"Céu Claro";"Simples";"Reta";"Não";1;0;0;1;0;0;1;1;-5,73787728;-37,833866;"SPRF-RN";"DEL04-RN";"UOP02-DEL04-RN"
110770;2018-02-12;"segunda-feira";"09:20:00";"SC";280;93,4;"CORUPA";"Defeito Mecânico no Veículo";"Capotamento";"Com Vítimas Feridas";"Pleno dia";"Decrescente";"Chuva";"Simples";"Curva";"Não";2;0;1;0;1;0;1;1;-26,39715297;-49,29979535;"SPRF-SC";"DEL06-SC";"UOP03-DEL06-SC"
110771;2018-02-12;"segunda-feira";"11:20:00";"PB";230;66;"SAO MIGUEL DE TAIPU";"Condutor Dormindo";"Saída de leito carroçável";"Com Vítimas Feridas";"Pleno dia";"Crescente";"Nublado";"Dupla";"Aclive;Curva";"Não";1;0;1;0;0;0;1;1;-7,18673837;-35,19813538;"SPRF-PB";"DEL01-PB";"UOP03-DEL01-PB"
110772;2018-02-12;"segunda-feira";"12:05:00";"SC";282;500,3;"XANXERE";"Falta de Atenção à Condução";"Saída de leito carroçável";"Sem Vítimas";"Pleno dia";"Crescente";"Nublado";"Simples";"Rotatória;Reta";"Sim";1;0;0;0;1;0;0;1;-26,88152132;-52,37534173;"SPRF-SC";"DEL07-SC";"UOP01-DEL07-SC"
110773;2018-02-12;"segunda-feira";"13:30:00";"MG";116;277,8;"TEOFILO OTONI";"Falta de Atenção à Condução";"Colisão traseira";"Com Vítimas Feridas";"Pleno dia";"Decrescente";"Céu Claro";"Múltipla";"Reta";"Sim";4;0;4;0;0;0;4;2;-17,8521;-41,5141;"SPRF-MG";"DEL11-MG";"UOP01-DEL11-MG"
110774;2018-02-12;"segunda-feira";"13:15:00";"PR";376;652;"TIJUCAS DO SUL";"Velocidade Incompatível";"Capotamento";"Sem Vítimas";"Pleno dia";"Crescente";"Chuva";"Dupla";"Curva";"Não";1;0;0;0;1;0;0;1;-25,928534;-49,199314;"SPRF-PR";"DEL01-PR";"DEL7/1-UOP08/PR"
110775;2018-02-12;"segunda-feira";"12:15:00";"BA";324;592;"CANDEIAS";"Falta de Atenção à Condução";"Queda de ocupante de veículo";"Com Vítimas Feridas";"Pleno dia";"Crescente";"Nublado";"Dupla";"Reta";"Sim";2;0;2;0;0;0;2;1;-12,61753485;-38,49156191;"SPRF-BA";"DEL01-BA";"UOP01-DEL01-BA"
110777;2018-02-12;"segunda-feira";"13:15:00";"PR";376;660;"TIJUCAS DO SUL";"Velocidade Incompatível";"Capotamento";"Com Vítimas Feridas";"Pleno dia";"Decrescente";"Chuva";"Dupla";"Curva";"Não";2;0;0;1;1;0;1;1;-25,85041829;-48,99355366;"SPRF-PR";"DEL01-PR";"DEL7/1-UOP08/PR"
110778;2018-02-12;"segunda-feira";"11:00:00";"RS";290;66,8;"GRAVATAI";"Avarias e/ou desgaste excessivo no pneu";"Queda de ocupante de veículo";"Com Vítimas Feridas";"Pleno dia";"Crescente";"Nublado";"Dupla";"Reta";"Não";1;0;1;0;0;0;1;1;-29,94249931;-50,92383405;"SPRF-RS";"DEL03-RS";"UOP02-DEL03-RS"
110779;2018-02-12;"segunda-feira";"13:30:00";"ES";101;270,8;"SERRA";"Falta de Atenção à Condução";"Queda de ocupante de veículo";"Com Vítimas Feridas";"Pleno dia";"Decrescente";"Céu Claro";"Múltipla";"Curva";"Sim";1;0;0;1;0;0;1;1;-20,23310681;-40,2750501;"SPRF-ES";"DEL02-ES";"UOP01-DEL02-ES"
110780;2018-02-12;"segunda-feira";"13:30:00";"PR";277;62,8;"SAO JOSE DOS PINHAIS";"Velocidade Incompatível";"Saída de leito carroçável";"Sem Vítimas";"Pleno dia";"Decrescente";"Chuva";"Dupla";"Reta";"Não";1;0;0;0;1;0;0;1;-25,54161776;-49,06049162;"SPRF-PR";"DEL01-PR";"UOP07-DEL01-PR"
110781;2018-02-12;"segunda-feira";"13:24:00";"MG";381;851,8;"POUSO ALEGRE";"Sinalização da via insuficiente ou inadequada";"Danos eventuais";"Sem Vítimas";"Pleno dia";"Crescente";"Sol";"Dupla";"Reta;Aclive";"Sim";4;0;0;0;3;1;0;2;-22,24820603;-45,88548256;"SPRF-MG";"DEL16-MG";"UOP01-DEL16-MG"
110782;2018-02-12;"segunda-feira";"13:30:00";"MG";381;915,3;"CAMANDUCAIA";"Pista Escorregadia";"Saída de leito carroçável";"Sem Vítimas";"Pleno dia";"Decrescente";"Chuva";"Dupla";"Curva";"Não";1;0;0;0;1;0;0;1;-22,73426281;-46,13472019;"SPRF-MG";"DEL16-MG";"UOP03-DEL16-MG"
110783;2018-02-12;"segunda-feira";"13:30:00";"MG";116;117,1;"ITAOBIM";"Falta de Atenção à Condução";"Colisão transversal";"Com Vítimas Feridas";"Pleno dia";"Crescente";"Céu Claro";"Simples";"Rotatória";"Sim";2;0;1;0;1;0;1;2;-16,56213;-41,50368;"SPRF-MG";"DEL11-MG";"UOP02-DEL11-MG"
110784;2018-02-12;"segunda-feira";"14:00:00";"MG";153;172;"COMENDADOR GOMES";"Velocidade Incompatível";"Saída de leito carroçável";"Sem Vítimas";"Pleno dia";"Decrescente";"Céu Claro";"Simples";"Rotatória";"Não";1;0;0;0;1;0;0;1;-19,698795;-49,08096;"SPRF-MG";"DEL13-MG";"UOP02-DEL13-MG"
110785;2018-02-12;"segunda-feira";"13:00:00";"CE";116;59,5;"PACAJUS";"Animais na Pista";"Atropelamento de Animal";"Sem Vítimas";"Pleno dia";"Crescente";"Chuva";"Simples";"Reta";"Não";1;0;0;0;1;0;0;1;-4,172899;-38,46087;"SPRF-CE";"DEL03-CE";"UOP02-DEL03-CE"
110786;2018-02-12;"segunda-feira";"12:50:00";"RS";285;463;"IJUI";"Ingestão de Álcool";"Colisão traseira";"Com Vítimas Feridas";"Pleno dia";"Crescente";"Sol";"Simples";"Reta";"Sim";3;0;2;0;1;0;2;2;-28,410311;-53,93684;"SPRF-RS";"DEL10-RS";"UOP01-DEL10-RS"
110788;2018-02-12;"segunda-feira";"13:10:00";"PI";343;71,6;"BURITI DOS LOPES";"Fenômenos da Natureza";"Capotamento";"Com Vítimas Feridas";"Pleno dia";"Decrescente";"Chuva";"Simples";"Curva";"Não";4;0;4;0;0;0;4;1;-3,322306;-41,741505;"SPRF-PI";"DEL05-PI";"UOP01-DEL05-PI"
110789;2018-02-12;"segunda-feira";"13:45:00";"RJ";101;283;"ITABORAI";"Velocidade Incompatível";"Tombamento";"Com Vítimas Feridas";"Pleno dia";"Crescente";"Sol";"Simples";"Curva";"Sim";2;0;2;0;0;0;2;1;-22,736261;-42,804141;"SPRF-RJ";"DEL02-RJ";"UOP03-DEL02-RJ"
110790;2018-02-12;"segunda-feira";"14:20:00";"PR";116;18,8;"ANTONINA";"Velocidade Incompatível";"Colisão com objeto estático";"Com Vítimas Feridas";"Pleno dia";"Decrescente";"Garoa/Chuvisco";"Dupla";"Curva";"Não";4;0;4;0;0;0;4;1;-25,10358949;-48,71854982;"SPRF-PR";"DEL01-PR";"UOP02-DEL01-PR"
110792;2018-02-12;"segunda-feira";"07:40:00";"MS";60;153,4;"CAMAPUA";"Condutor Dormindo";"Saída de leito carroçável";"Com Vítimas Feridas";"Pleno dia";"Crescente";"Nublado";"Simples";"Reta";"Não";1;0;1;0;0;0;1;1;-19,43292425;-53,94424438;"SPRF-MS";"DEL06-MS";"UOP02-DEL06-MS"
110793;2018-02-12;"segunda-feira";"14:20:00";"PR";376;615;"SAO JOSE DOS PINHAIS";"Pista Escorregadia";"Saída de leito carroçável";"Com Vítimas Feridas";"Pleno dia";"Decrescente";"Chuva";"Simples";"Interseção de Vias";"Não";2;0;1;0;1;0;1;1;-25,57189974;-49,18035594;"SPRF-PR";"DEL01-PR";"DEL7/1-UOP08/PR"
110794;2018-02-12;"segunda-feira";"13:00:00";"MG";40;468,8;"SETE LAGOAS";"Condutor Dormindo";"Saída de leito carroçável";"Sem Vítimas";"Pleno dia";"Decrescente";"Céu Claro";"Simples";"Reta";"Não";2;0;0;0;2;0;0;1;-19,46078459;-44,30183547;"SPRF-MG";"DEL02-MG";"UOP01-DEL02-MG"
110797;2018-02-12;"segunda-feira";"14:35:00";"SP";116;227,9;"SAO PAULO";"Falta de Atenção à Condução";"Colisão lateral";"Com Vítimas Feridas";"Pleno dia";"Crescente";"Nublado";"Múltipla";"Declive";"Sim";2;0;1;0;1;0;1;2;-23,50103316;-46,56417847;"SPRF-SP";"DEL01-SP";"UOP01-DEL01-SP"
110800;2018-02-12;"segunda-feira";"14:50:00";"SC";470;124;"IBIRAMA";"Velocidade Incompatível";"Colisão lateral";"Com Vítimas Feridas";"Pleno dia";"Crescente";"Chuva";"Simples";"Curva";"Não";5;0;1;0;4;0;1;2;-27,1049802;-49,5215234;"SPRF-SC";"DEL04-SC";"UOP02-DEL04-SC"
110801;2018-02-12;"segunda-feira";"14:20:00";"MG";116;526,7;"CARATINGA";"Falta de Atenção à Condução";"Colisão transversal";"Com Vítimas Feridas";"Pleno dia";"Decrescente";"Sol";"Simples";"Reta";"Sim";3;0;1;0;1;1;1;3;-19,7902;-42,139526;"SPRF-MG";"DEL06-MG";"UOP02-DEL06-MG"
110803;2018-02-12;"segunda-feira";"15:05:00";"SP";381;80,7;"SAO PAULO";"Defeito Mecânico no Veículo";"Incêndio";"Sem Vítimas";"Pleno dia";"Crescente";"Sol";"Dupla";"Reta";"Não";1;0;0;0;0;1;0;1;-23,4488845;-46,57296752;"SPRF-SP";"DEL03-SP";"DEL6/3-UOP03/SP"
110804;2018-02-12;"segunda-feira";"14:35:00";"PR";277;586,3;"CASCAVEL";"Falta de Atenção à Condução";"Colisão transversal";"Sem Vítimas";"Pleno dia";"Decrescente";"Sol";"Simples";"Interseção de Vias";"Sim";4;0;0;0;4;0;0;2;-24,96676751;-53,42449129;"SPRF-PR";"DEL04-PR";"UOP01-DEL04-PR"
110805;2018-02-12;"segunda-feira";"14:30:00";"PR";116;44,3;"CAMPINA GRANDE DO SUL";"Velocidade Incompatível";"Capotamento";"Com Vítimas Feridas";"Pleno dia";"Crescente";"Chuva";"Dupla";"Curva";"Não";2;0;1;0;1;0;1;1;-25,19529167;-48,89021158;"SPRF-PR";"DEL01-PR";"UOP02-DEL01-PR"
110807;2018-02-12;"segunda-feira";"14:30:00";"SC";282;406;"CATANDUVAS";"Ultrapassagem Indevida";"Saída de leito carroçável";"Com Vítimas Feridas";"Pleno dia";"Decrescente";"Nublado";"Simples";"Reta";"Não";4;0;4;0;0;0;4;1;-27,09538504;-51,65581584;"SPRF-SC";"DEL07-SC";"UOP05-DEL07-SC"
110808;2018-02-12;"segunda-feira";"14:20:00";"PI";343;42,4;"BURITI DOS LOPES";"Falta de Atenção à Condução";"Saída de leito carroçável";"Sem Vítimas";"Pleno dia";"Crescente";"Chuva";"Simples";"Curva";"Não";1;0;0;0;1;0;0;1;-3,16272766;-41,8215157;"SPRF-PI";"DEL05-PI";"UOP01-DEL05-PI"
110809;2018-02-12;"segunda-feira";"15:28:00";"ES";101;329;"GUARAPARI";"Falta de Atenção à Condução";"Colisão lateral";"Com Vítimas Feridas";"Pleno dia";"Crescente";"Céu Claro";"Simples";"Curva";"Não";5;0;4;0;1;0;4;2;-20,66715;-40,49785;"SPRF-ES";"DEL03-ES";"UOP01-DEL03-ES"
110810;2018-02-12;"segunda-feira";"13:25:00";"MT";163;899,6;"CLAUDIA";"Falta de Atenção à Condução";"Colisão transversal";"Com Vítimas Fatais";"Pleno dia";"Crescente";"Céu Claro";"Simples";"Reta";"Não";3;1;2;0;0;0;2;2;-11,31658;-55,32541;"SPRF-MT";"DEL06-MT";"UOP02-DEL06-MT"
110811;2018-02-12;"segunda-feira";"15:00:00";"MG";262;494,8;"MOEMA";"Avarias e/ou desgaste excessivo no pneu";"Saída de leito carroçável";"Com Vítimas Feridas";"Pleno dia";"Crescente";"Céu Claro";"Simples";"Reta";"Não";2;0;2;0;0;0;2;1;-19,78608797;-45,41473389;"SPRF-MG";"DEL08-MG";"UOP03-DEL08-MG"
110812;2018-02-12;"segunda-feira";"15:00:00";"PR";116;51;"CAMPINA GRANDE DO SUL";"Velocidade Incompatível";"Saída de leito carroçável";"Sem Vítimas";"Pleno dia";"Decrescente";"Chuva";"Dupla";"Curva";"Não";1;0;0;0;1;0;0;1;-25,242548;-48,902889;"SPRF-PR";"DEL01-PR";"UOP02-DEL01-PR"
110813;2018-02-12;"segunda-feira";"15:28:00";"SC";470;1,3;"ILHOTA";"Falta de Atenção à Condução";"Colisão transversal";"Com Vítimas Feridas";"Pleno dia";"Crescente";"Nublado";"Simples";"Reta";"Sim";2;0;1;1;0;0;2;2;-26,900204;-48,82765;"SPRF-SC";"DEL04-SC";"UOP04-DEL04-SC"
110814;2018-02-12;"segunda-feira";"14:15:00";"BA";101;244,6;"CRUZ DAS ALMAS";"Ingestão de Álcool";"Saída de leito carroçável";"Com Vítimas Feridas";"Pleno dia";"Decrescente";"Nublado";"Simples";"Curva";"Não";1;0;1;0;0;0;1;1;-12,693066;-39,150366;"SPRF-BA";"DEL01-BA";"UOP02-DEL01-BA"
110816;2018-02-12;"segunda-feira";"16:00:00";"PR";376;665;"GUARATUBA";"Velocidade Incompatível";"Capotamento";"Sem Vítimas";"Pleno dia";"Crescente";"Chuva";"Dupla";"Curva";"Não";1;0;0;0;1;0;0;1;-25,883259;-48,57514;"SPRF-PR";"DEL01-PR";"DEL7/1-UOP08/PR"
110817;2018-02-12;"segunda-feira";"13:30:00";"RO";174;14;"VILHENA";"Falta de Atenção à Condução";"Colisão traseira";"Com Vítimas Feridas";"Pleno dia";"Crescente";"Nublado";"Dupla";"Reta";"Sim";2;0;1;0;1;0;1;2;-12,733067;-60,12981;"SPRF-RO";"DEL04-RO";"UOP01-DEL04-RO"
110819;2018-02-12;"segunda-feira";"14:30:00";"GO";153;653;"GOIATUBA";"Pista Escorregadia";"Saída de leito carroçável";"Com Vítimas Feridas";"Pleno dia";"Crescente";"Chuva";"Dupla";"Retorno Regulamentado";"Não";1;0;1;0;0;0;1;1;-17,985629;-49,258226;"SPRF-GO";"DEL03-GO";"UOP01-DEL03-GO"
110820;2018-02-12;"segunda-feira";"15:15:00";"PR";369;511;"CASCAVEL";"Ultrapassagem Indevida";"Saída de leito carroçável";"Com Vítimas Feridas";"Pleno dia";"Decrescente";"Céu Claro";"Simples";"Reta";"Não";1;0;1;0;0;0;1;1;-24,8639;-53,3378;"SPRF-PR";"DEL04-PR";"UOP01-DEL04-PR"
110823;2018-02-12;"segunda-feira";"15:20:00";"PE";101;100;"CABO DE SANTO AGOSTINHO";"Defeito Mecânico no Veículo";"Colisão traseira";"Sem Vítimas";"Pleno dia";"Decrescente";"Nublado";"Dupla";"Reta";"Sim";2;0;0;0;2;0;0;2;-8,2768;-35,054;"SPRF-PE";"DEL01-PE";"UOP03-DEL01-PE"
110825;2018-02-12;"segunda-feira";"11:30:00";"MG";50;118,1;"UBERABA";"Não guardar distância de segurança";"Colisão traseira";"Sem Vítimas";"Pleno dia";"Decrescente";"Sol";"Dupla";"Reta";"Não";2;0;0;0;2;0;0;2;-19,29298694;-48,11672419;"SPRF-MG";"DEL13-MG";"UOP01-DEL13-MG"
110827;2018-02-12;"segunda-feira";"16:00:00";"MS";163;493;"CAMPO GRANDE";"Pista Escorregadia";"Saída de leito carroçável";"Sem Vítimas";"Pleno dia";"Crescente";"Chuva";"Simples";"Reta";"Não";1;0;0;0;1;0;0;1;-20,380375;-54,5391809;"SPRF-MS";"DEL01-MS";"UOP02-DEL01-MS"
110828;2018-02-12;"segunda-feira";"15:40:00";"PR";476;136;"CURITIBA";"Velocidade Incompatível";"Colisão traseira";"Com Vítimas Feridas";"Pleno dia";"Decrescente";"Chuva";"Múltipla";"Reta";"Sim";2;0;0;1;0;1;1;2;-25,491047;-49,271679;"SPRF-PR";"DEL01-PR";"UOP01-DEL01-PR"
110829;2018-02-12;"segunda-feira";"16:00:00";"MT";364;316;"CAMPO VERDE";"Pista Escorregadia";"Tombamento";"Com Vítimas Feridas";"Pleno dia";"Decrescente";"Chuva";"Dupla";"Curva";"Não";4;0;4;0;0;0;4;1;-15,80629355;-55,29972553;"SPRF-MT";"DEL02-MT";"UOP02-DEL05-MT"
110832;2018-02-12;"segunda-feira";"15:40:00";"BA";110;172,5;"RIBEIRA DO POMBAL";"Falta de Atenção à Condução";"Colisão frontal";"Com Vítimas Feridas";"Pleno dia";"Decrescente";"Céu Claro";"Simples";"Aclive";"Sim";2;0;1;1;0;0;2;2;-10,8602811;-38,53042603;"SPRF-BA";"DEL07-BA";"UOP02-DEL07-BA"
110833;2018-02-12;"segunda-feira";"14:50:00";"AL";316;91,9;"SANTANA DO IPANEMA";"Defeito Mecânico no Veículo";"Queda de ocupante de veículo";"Com Vítimas Feridas";"Pleno dia";"Decrescente";"Céu Claro";"Simples";"Declive";"Não";2;0;2;0;0;0;2;1;-9,387621;-37,190098;"SPRF-AL";"DEL03-AL";"UOP02-DEL03-AL"
110834;2018-02-12;"segunda-feira";"17:15:00";"RS";287;248,3;"SANTA MARIA";"Falta de Atenção à Condução";"Colisão transversal";"Sem Vítimas";"Pleno dia";"Crescente";"Céu Claro";"Simples";"Reta;Em Obras";"Não";5;0;0;0;5;0;0;2;-29,69069725;-53,88175964;"SPRF-RS";"DEL09-RS";"UOP01-DEL09-RS"
110835;2018-02-12;"segunda-feira";"17:40:00";"MG";381;527;"BRUMADINHO";"Velocidade Incompatível";"Capotamento";"Sem Vítimas";"Pleno dia";"Decrescente";"Céu Claro";"Dupla";"Curva";"Não";1;0;0;0;1;0;0;1;-20,167;-44,3321;"SPRF-MG";"DEL04-MG";"UOP03-DEL04-MG"
110837;2018-02-12;"segunda-feira";"10:00:00";"SC";282;410,2;"CATANDUVAS";"Não guardar distância de segurança";"Colisão traseira";"Com Vítimas Feridas";"Pleno dia";"Decrescente";"Garoa/Chuvisco";"Simples";"Reta";"Sim";9;0;2;2;5;0;4;2;-27,06167494;-51,67383883;"SPRF-SC";"DEL07-SC";"UOP05-DEL07-SC"
110839;2018-02-12;"segunda-feira";"16:40:00";"MG";262;357,1;"BETIM";"Ingestão de Álcool";"Saída de leito carroçável";"Com Vítimas Feridas";"Pleno dia";"Decrescente";"Céu Claro";"Dupla";"Reta";"Não";4;0;4;0;0;0;4;1;-19,98051989;-44,24990024;"SPRF-MG";"DEL01-MG";"UOP03-DEL01-MG"
110840;2018-02-12;"segunda-feira";"17:10:00";"MS";262;363;"CAMPO GRANDE";"Falta de Atenção à Condução";"Colisão transversal";"Com Vítimas Feridas";"Pleno dia";"Decrescente";"Garoa/Chuvisco";"Simples";"Reta";"Sim";3;0;1;0;2;0;1;2;-20,490387;-54,741367;"SPRF-MS";"DEL01-MS";"UOP03-DEL01-MS"
110841;2018-02-12;"segunda-feira";"18:35:00";"PR";369;200,3;"ARAPONGAS";"Desobediência às normas de trânsito pelo condutor";"Colisão lateral";"Com Vítimas Feridas";"Pleno dia";"Decrescente";"Chuva";"Simples";"Interseção de Vias";"Não";3;0;1;0;1;1;1;3;-23,41682458;-51,42695904;"SPRF-PR";"DEL07-PR";"UOP03-DEL07-PR"
110844;2018-02-12;"segunda-feira";"18:30:00";"MG";356;266,7;"MURIAE";"Falta de Atenção à Condução";"Colisão lateral";"Com Vítimas Feridas";"Pleno dia";"Crescente";"Céu Claro";"Simples";"Curva";"Não";3;0;2;0;1;0;2;2;-21,12926552;-42,35924989;"SPRF-MG";"DEL07-MG";"UOP02-DEL07-MG"
110845;2018-02-12;"segunda-feira";"18:00:00";"RJ";465;2,4;"SEROPEDICA";"Desobediência às normas de trânsito pelo condutor";"Colisão transversal";"Com Vítimas Feridas";"Anoitecer";"Crescente";"Céu Claro";"Simples";"Reta";"Sim";3;0;2;0;1;0;2;2;-22,73439026;-43,71459961;"SPRF-RJ";"DEL01-RJ";"UOP03-DEL01-RJ"
110846;2018-02-12;"segunda-feira";"18:00:00";"PR";277;714;"SANTA TEREZINHA DE ITAIPU";"Não guardar distância de segurança";"Engavetamento";"Sem Vítimas";"Pleno dia";"Decrescente";"Céu Claro";"Dupla";"Reta";"Não";4;0;0;0;4;0;0;4;-25,4755085;-54,4887114;"SPRF-PR";"DEL05-PR";"UOP01-DEL05-PR"
110847;2018-02-12;"segunda-feira";"17:20:00";"PR";116;39;"CAMPINA GRANDE DO SUL";"Velocidade Incompatível";"Capotamento";"Sem Vítimas";"Pleno dia";"Crescente";"Chuva";"Dupla";"Reta";"Não";2;0;0;0;2;0;0;1;-25,17705846;-48,87778759;"SPRF-PR";"DEL01-PR";"UOP02-DEL01-PR"
110848;2018-02-12;"segunda-feira";"18:30:00";"PR";277;703;"SAO MIGUEL DO IGUACU";"Falta de Atenção à Condução";"Saída de leito carroçável";"Sem Vítimas";"Anoitecer";"Crescente";"Nublado";"Dupla";"Reta";"Não";3;0;0;0;3;0;0;1;-25,420568;-54,353245;"SPRF-PR";"DEL05-PR";"UOP01-DEL05-PR"
110849;2018-02-12;"segunda-feira";"18:03:00";"SC";101;192;"BIGUACU";"Mal Súbito";"Colisão traseira";"Sem Vítimas";"Pleno dia";"Decrescente";"Nublado";"Dupla";"Curva";"Sim";3;0;0;0;3;0;0;3;-27,4897;-48,6559;"SPRF-SC";"DEL01-SC";"UOP01-DEL01-SC"
110852;2018-02-12;"segunda-feira";"17:20:00";"RJ";101;321;"NITEROI";"Falta de Atenção à Condução";"Queda de ocupante de veículo";"Com Vítimas Feridas";"Pleno dia";"Decrescente";"Céu Claro";"Dupla";"Reta";"Não";2;0;2;0;0;0;2;1;-22,87490991;-43,11035156;"SPRF-RJ";"DEL02-RJ";"UOP02-DEL02-RJ"
110854;2018-02-12;"segunda-feira";"18:15:00";"BA";367;83,4;"EUNAPOLIS";"Falta de Atenção à Condução";"Colisão transversal";"Com Vítimas Feridas";"Anoitecer";"Decrescente";"Ignorado";"Simples";"Reta";"Sim";5;0;3;0;2;0;3;2;-16,37340131;-39,57416353;"SPRF-BA";"DEL09-BA";"UOP01-DEL09-BA"
110857;2018-02-12;"segunda-feira";"18:50:00";"RN";101;66;"CEARA-MIRIM";"Não guardar distância de segurança";"Colisão transversal";"Com Vítimas Feridas";"Plena Noite";"Crescente";"Céu Claro";"Simples";"Interseção de Vias";"Não";2;0;1;0;1;0;1;2;-5,65173681;-35,24982959;"SPRF-RN";"DEL02-RN";"UOP01-DEL02-RN"
110858;2018-02-12;"segunda-feira";"19:55:00";"SC";101;207;"SAO JOSE";"Não guardar distância de segurança";"Colisão traseira";"Com Vítimas Feridas";"Anoitecer";"Crescente";"Nublado";"Dupla";"Curva";"Sim";2;0;1;0;1;0;1;2;-27,6034;-48,632;"SPRF-SC";"DEL01-SC";"UOP01-DEL01-SC"
110859;2018-02-12;"segunda-feira";"20:00:00";"PR";376;658;"TIJUCAS DO SUL";"Animais na Pista";"Saída de leito carroçável";"Sem Vítimas";"Plena Noite";"Decrescente";"Chuva";"Dupla";"Curva";"Não";1;0;0;0;1;0;0;1;-25,8494071;-48,99630024;"SPRF-PR";"DEL01-PR";"DEL7/1-UOP08/PR"
110861;2018-02-12;"segunda-feira";"19:10:00";"RJ";101;586;"PARATY";"Avarias e/ou desgaste excessivo no pneu";"Saída de leito carroçável";"Com Vítimas Feridas";"Anoitecer";"Decrescente";"Nublado";"Simples";"Reta";"Sim";1;0;1;0;0;0;1;1;-23,26153417;-44,69718933;"SPRF-RJ";"DEL03-RJ";"UOP04-DEL03-RJ"
110862;2018-02-12;"segunda-feira";"18:50:00";"MS";163;487,6;"CAMPO GRANDE";"Ingestão de Álcool";"Queda de ocupante de veículo";"Com Vítimas Feridas";"Plena Noite";"Decrescente";"Chuva";"Simples";"Reta";"Sim";1;0;1;0;0;0;1;1;-20,41992445;-54,54659343;"SPRF-MS";"DEL01-MS";"UOP02-DEL01-MS"
110863;2018-02-12;"segunda-feira";"17:35:00";"RO";364;512;"ARIQUEMES";"Falta de Atenção à Condução";"Colisão transversal";"Com Vítimas Feridas";"Pleno dia";"Decrescente";"Nublado";"Simples";"Curva;Interseção de Vias";"Não";3;0;1;0;2;0;1;2;-9,950953;-63,050949;"SPRF-RO";"DEL03-RO";"UOP01-DEL03-RO"