"id";"data_inversa";"dia_semana";"horario";"uf";"br";"km";"municipio";"causa_acidente";"tipo_acidente";"classificacao_acidente";"fase_dia";"sentido_via";"condicao_metereologica";"tipo_pista";"tracado_via";"uso_solo";"pessoas";"mortos";"feridos_leves";"feridos_graves";"ilesos";"ignorados";"feridos";"veiculos";"latitude";"longitude";"regional";"delegacia";"uop"
110864;2018-02-12;"segunda-feira";"20:20:00";"GO";40;83,7;"CRISTALINA";"Ingestão de Álcool";"Saída de leito carroçável";"Com Vítimas Feridas";"Plena Noite";"Crescente";"Nublado";"Dupla";"Reta";"Não";1;0;1;0;0;0;1;1;-16,6973651;-47,69429699;"SPRF-DF";"DEL01-DF";"UOP02-DEL01-DF"
110865;2018-02-12;"segunda-feira";"20:30:00";"SP";116;270;"TABOAO DA SERRA";"Desobediência às normas de trânsito pelo condutor";"Capotamento";"Com Vítimas Feridas";"Plena Noite";"Decrescente";"Ignorado";"Dupla";"Reta";"Sim";7;0;1;0;6;0;1;2;-23,6078;-46,7529;"SPRF-SP";"DEL04-SP";"UOP01-DEL04-SP"
110867;2018-02-12;"segunda-feira";"20:00:00";"AL";316;191,8;"TANQUE DARCA";"Falta de Atenção à Condução";"Colisão frontal";"Com Vítimas Feridas";"Plena Noite";"Decrescente";"Céu Claro";"Simples";"Curva";"Não";4;0;1;2;0;1;3;2;-9,57773019;-36,4176178;"SPRF-AL";"DEL03-AL";"UOP01-DEL03-AL"
110868;2018-02-12;"segunda-feira";"20:00:00";"CE";222;23;"CAUCAIA";"Falta de Atenção à Condução";"Colisão traseira";"Com Vítimas Feridas";"Plena Noite";"Crescente";"Nublado";"Simples";"Reta";"Não";3;0;2;0;1;0;2;2;-3,7307356;-38,7647017;"SPRF-CE";"DEL01-CE";"UOP01-DEL01-CE"
110869;2018-02-12;"segunda-feira";"20:35:00";"PE";101;50;"ABREU E LIMA";"Ingestão de Álcool";"Colisão lateral";"Com Vítimas Feridas";"Plena Noite";"Crescente";"Céu Claro";"Múltipla";"Curva";"Sim";2;0;1;0;0;1;1;2;-7,9148;-34,8984;"SPRF-PE";"DEL01-PE";"UOP02-DEL01-PE"
110870;2018-02-12;"segunda-feira";"19:30:00";"PB";230;67,9;"SOBRADO";"Falta de Atenção à Condução";"Colisão com objeto estático";"Com Vítimas Fatais";"Plena Noite";"Crescente";"Céu Claro";"Dupla";"Declive";"Não";1;1;0;0;0;0;0;1;-7,18776025;-35,20517349;"SPRF-PB";"DEL01-PB";"UOP03-DEL01-PB"
110872;2018-02-12;"segunda-feira";"19:45:00";"SP";116;557;"BARRA DO TURVO";"Pista Escorregadia";"Capotamento";"Com Vítimas Feridas";"Plena Noite";"Decrescente";"Chuva";"Dupla";"Reta;Declive";"Não";2;0;1;0;1;0;1;1;-24,756866;-48,50514;"SPRF-SP";"DEL05-SP";"UOP02-DEL05-SP"
110873;2018-02-12;"segunda-feira";"18:00:00";"PA";230;116;"MARABA";"Falta de Atenção à Condução";"Colisão transversal";"Com Vítimas Feridas";"Plena Noite";"Decrescente";"Céu Claro";"Simples";"Interseção de Vias";"Sim";2;0;1;0;1;0;1;2;-5,359473;-49,083012;"SPRF-PA";"DEL03-PA";"UOP01-DEL03-PA"
110874;2018-02-12;"segunda-feira";"17:55:00";"MG";365;613;"UBERLANDIA";"Ingestão de Álcool";"Colisão traseira";"Sem Vítimas";"Pleno dia";"Crescente";"Céu Claro";"Simples";"Reta";"Sim";2;0;0;0;2;0;0;2;-18,90960211;-48,22238449;"SPRF-MG";"DEL15-MG";"UOP01-DEL15-MG"
110875;2018-02-12;"segunda-feira";"21:30:00";"SC";101;314,2;"LAGUNA";"Falta de Atenção à Condução";"Colisão frontal";"Com Vítimas Feridas";"Plena Noite";"Crescente";"Chuva";"Simples";"Ponte";"Não";2;0;0;1;1;0;1;2;-28,43367584;-48,83834839;"SPRF-SC";"DEL02-SC";"UOP01-DEL02-SC"
110876;2018-02-12;"segunda-feira";"22:06:00";"SC";280;29,4;"ARAQUARI";"Falta de Atenção à Condução";"Colisão transversal";"Com Vítimas Feridas";"Plena Noite";"Decrescente";"Nublado";"Simples";"Reta";"Não";3;0;1;1;1;0;2;2;-26,41291501;-48,75676632;"SPRF-SC";"DEL03-SC";"UOP03-DEL03-SC"
110877;2018-02-12;"segunda-feira";"21:30:00";"PR";277;43,5;"MORRETES";"Velocidade Incompatível";"Colisão transversal";"Sem Vítimas";"Plena Noite";"Crescente";"Chuva";"Dupla";"Aclive;Curva";"Não";2;0;0;0;2;0;0;2;-25,477423;-48,834866;"SPRF-PR";"DEL01-PR";"UOP07-DEL01-PR"
110879;2018-02-12;"segunda-feira";"19:40:00";"SC";163;67,3;"SAO MIGUEL DO OESTE";"Defeito Mecânico no Veículo";"Saída de leito carroçável";"Com Vítimas Feridas";"Anoitecer";"Decrescente";"Céu Claro";"Dupla";"Reta";"Sim";3;0;2;0;1;0;2;1;-26,74171564;-53,50118637;"SPRF-SC";"DEL07-SC";"UOP03-DEL07-SC"
110881;2018-02-12;"segunda-feira";"22:29:00";"RJ";101;322;"NITEROI";"Falta de Atenção à Condução";"Queda de ocupante de veículo";"Com Vítimas Feridas";"Plena Noite";"Crescente";"Céu Claro";"Dupla";"Curva";"Não";2;0;2;0;0;0;2;1;-22,87946778;-43,11583299;"SPRF-RJ";"DEL02-RJ";"UOP02-DEL02-RJ"
110883;2018-02-12;"segunda-feira";"20:50:00";"SC";282;451;"PONTE SERRADA";"Falta de Atenção à Condução";"Capotamento";"Sem Vítimas";"Plena Noite";"Decrescente";"Céu Claro";"Dupla";"Reta";"Não";2;0;0;0;2;0;0;1;-26,912806;-51,962536;"SPRF-SC";"DEL07-SC";"UOP04-DEL07-SC"
110885;2018-02-12;"segunda-feira";"23:30:00";"PR";116;96,4;"SAO JOSE DOS PINHAIS";"Velocidade Incompatível";"Saída de leito carroçável";"Com Vítimas Feridas";"Plena Noite";"Crescente";"Garoa/Chuvisco";"Dupla";"Reta";"Não";2;0;2;0;0;0;2;1;-25,5078421;-49,12541942;"SPRF-PR";"DEL01-PR";"UOP07-DEL01-PR"
110886;2018-02-12;"segunda-feira";"23:15:00";"ES";259;59;"COLATINA";"Falta de Atenção à Condução";"Colisão traseira";"Com Vítimas Feridas";"Plena Noite";"Decrescente";"Céu Claro";"Simples";"Interseção de Vias";"Sim";3;0;0;2;1;0;2;2;-19,521255;-40,665943;"SPRF-ES";"DEL02-ES";"UOP01-DEL02-ES"
110887;2018-02-12;"segunda-feira";"22:45:00";"SC";101;402,5;"MARACAJA";"Falta de Atenção à Condução";"Colisão traseira";"Sem Vítimas";"Plena Noite";"Crescente";"Chuva";"Simples";"Interseção de Vias";"Sim";2;0;0;0;2;0;0;2;-28,86930685;-49,45050537;"SPRF-SC";"DEL02-SC";"UOP02-DEL02-SC"
110889;2018-02-12;"segunda-feira";"23:00:00";"SC";280;55,5;"GUARAMIRIM";"Falta de Atenção à Condução";"Colisão transversal";"Sem Vítimas";"Plena Noite";"Decrescente";"Céu Claro";"Simples";"Reta";"Sim";2;0;0;0;2;0;0;2;-26,47785866;-48,99832465;"SPRF-SC";"DEL03-SC";"UOP03-DEL03-SC"
110890;2018-02-13;"terça-feira";"00:50:00";"PR";376;177;"MARINGA";"Falta de Atenção à Condução";"Atropelamento de Pedestre";"Com Vítimas Feridas";"Plena Noite";"Crescente";"Céu Claro";"Múltipla";"Reta";"Não";2;0;2;0;0;0;2;2;-23,4273;-51,9375;"SPRF-PR";"DEL07-PR";"UOP01-DEL09-PR"
110892;2018-02-13;"terça-feira";"00:05:00";"RN";101;85;"NATAL";"Animais na Pista";"Atropelamento de Animal";"Com Vítimas Feridas";"Plena Noite";"Crescente";"Céu Claro";"Dupla";"Reta";"Sim";3;0;2;0;1;0;2;1;-5,77655066;-35,25993347;"SPRF-RN";"DEL02-RN";"UOP01-DEL02-RN"
110893;2018-02-12;"segunda-feira";"22:30:00";"PB";427;36,9;"POMBAL";"Falta de Atenção à Condução";"Colisão lateral";"Com Vítimas Feridas";"Plena Noite";"Crescente";"Garoa/Chuvisco";"Simples";"Curva";"Sim";4;0;1;1;2;0;2;2;-6,76396442;-37,78896313;"SPRF-PB";"DEL03-PB";"UOP02-DEL03-PB"
110895;2018-02-12;"segunda-feira";"23:50:00";"SC";101;101;"BALNEARIO PICARRAS";"Pista Escorregadia";"Colisão com objeto estático";"Com Vítimas Feridas";"Plena Noite";"Decrescente";"Chuva";"Dupla";"Curva";"Sim";1;0;1;0;0;0;1;1;-26,7751;-48,6857;"SPRF-SC";"DEL03-SC";"UOP02-DEL03-SC"
110896;2018-02-13;"terça-feira";"01:49:00";"SC";470;8,5;"NAVEGANTES";"Ingestão de Álcool";"Colisão frontal";"Com Vítimas Feridas";"Plena Noite";"Decrescente";"Nublado";"Simples";"Curva";"Sim";7;0;5;1;0;1;6;3;-26,8342136;-48,72271113;"SPRF-SC";"DEL04-SC";"UOP04-DEL04-SC"
110897;2018-02-13;"terça-feira";"00:50:00";"BA";324;543;"AMELIA RODRIGUES";"Não guardar distância de segurança";"Saída de leito carroçável";"Com Vítimas Feridas";"Plena Noite";"Decrescente";"Céu Claro";"Dupla";"Curva";"Sim";2;0;1;0;1;0;1;1;-12,4028;-38,7551;"SPRF-BA";"DEL01-BA";"UOP01-DEL01-BA"
110898;2018-02-13;"terça-feira";"00:40:00";"MT";70;277;"PRIMAVERA DO LESTE";"Falta de Atenção à Condução";"Colisão lateral";"Sem Vítimas";"Plena Noite";"Crescente";"Céu Claro";"Simples";"Rotatória";"Sim";3;0;0;0;3;0;0;2;-15,555717;-54,270836;"SPRF-MT";"DEL05-MT";"UOP01-DEL05-MT"
110900;2018-02-13;"terça-feira";"01:10:00";"PB";101;85;"BAYEUX";"Animais na Pista";"Atropelamento de Animal";"Sem Vítimas";"Amanhecer";"Crescente";"Chuva";"Dupla";"Reta";"Sim";1;0;0;0;1;0;0;1;-7,1548;-34,9077;"SPRF-PB";"DEL01-PB";"UOP01-DEL01-PB"
110901;2018-02-12;"segunda-feira";"23:25:00";"AM";174;923,5;"MANAUS";"Falta de Atenção à Condução";"Atropelamento de Pedestre";"Com Vítimas Feridas";"Plena Noite";"Crescente";"Céu Claro";"Simples";"Reta";"Não";2;0;1;0;0;1;1;2;-2,62314188;-60,03988892;"SPRF-AM";"DEL01-AM";"UOP01-DEL01-AM"
110902;2018-02-13;"terça-feira";"01:00:00";"MS";163;439,9;"CAMPO GRANDE";"Animais na Pista";"Atropelamento de Animal";"Sem Vítimas";"Plena Noite";"Decrescente";"Nublado";"Simples";"Aclive";"Não";1;0;0;0;1;0;0;1;-20,6911358;-54,5492104;"SPRF-MS";"DEL01-MS";"UOP01-DEL01-MS"
110903;2018-02-13;"terça-feira";"00:10:00";"RJ";101;430;"MANGARATIBA";"Avarias e/ou desgaste excessivo no pneu";"Colisão transversal";"Com Vítimas Feridas";"Plena Noite";"Crescente";"Nublado";"Simples";"Curva";"Não";3;0;3;0;0;0;3;2;-22,90906843;-43,87046814;"SPRF-RJ";"DEL03-RJ";"UOP01-DEL03-RJ"
110904;2018-02-13;"terça-feira";"01:00:00";"BA";324;528;"FEIRA DE SANTANA";"Não guardar distância de segurança";"Colisão traseira";"Com Vítimas Feridas";"Plena Noite";"Decrescente";"Nublado";"Dupla";"Reta";"Sim";3;0;2;0;0;1;2;2;-12,33731869;-38,85658264;"SPRF-BA";"DEL01-BA";"UOP01-DEL01-BA"
110905;2018-02-12;"segunda-feira";"21:40:00";"RJ";116;314;"ITATIAIA";"Fenômenos da Natureza";"Colisão com objeto estático";"Com Vítimas Feridas";"Plena Noite";"Decrescente";"Chuva";"Dupla";"Reta";"Não";1;0;1;0;0;0;1;1;-22,496592;-44,563713;"SPRF-RJ";"DEL07-RJ";"DEL5/7-UOP03/RJ"
110906;2018-02-13;"terça-feira";"03:20:00";"RS";290;253,7;"CACHOEIRA DO SUL";"Falta de Atenção do Pedestre";"Atropelamento de Pedestre";"Com Vítimas Fatais";"Plena Noite";"Decrescente";"Céu Claro";"Simples";"Reta";"Não";2;1;0;0;1;0;0;2;-30,24942895;-52,76733398;"SPRF-RS";"DEL02-RS";"UOP02-DEL02-RS"
110907;2018-02-12;"segunda-feira";"21:00:00";"BA";324;574;"SAO SEBASTIAO DO PASSE";"Falta de Atenção à Condução";"Capotamento";"Sem Vítimas";"Plena Noite";"Crescente";"Vento";"Dupla";"Reta";"Não";1;0;0;0;1;0;0;1;-12,56502801;-38,56063843;"SPRF-BA";"DEL01-BA";"UOP01-DEL01-BA"
110908;2018-02-13;"terça-feira";"04:35:00";"SC";282;503,8;"XANXERE";"Velocidade Incompatível";"Colisão com objeto estático";"Com Vítimas Feridas";"Plena Noite";"Decrescente";"Céu Claro";"Dupla";"Curva";"Sim";2;0;2;0;0;0;2;1;-26,88334235;-52,40673466;"SPRF-SC";"DEL07-SC";"UOP01-DEL07-SC"
110910;2018-02-13;"terça-feira";"05:30:00";"MG";381;489,4;"BETIM";"Ingestão de Álcool";"Colisão traseira";"Com Vítimas Feridas";"Pleno dia";"Crescente";"Céu Claro";"Múltipla";"Reta";"Sim";3;0;1;0;2;0;1;3;-19,95626002;-44,13908194;"SPRF-MG";"DEL01-MG";"UOP03-DEL01-MG"
110911;2018-02-13;"terça-feira";"05:55:00";"MG";381;495;"BETIM";"Falta de Atenção à Condução";"Atropelamento de Pedestre";"Com Vítimas Feridas";"Amanhecer";"Decrescente";"Céu Claro";"Dupla";"Reta";"Sim";3;0;1;0;0;2;1;2;-19,97496214;-44,18812752;"SPRF-MG";"DEL01-MG";"UOP03-DEL01-MG"
110912;2018-02-13;"terça-feira";"05:00:00";"MT";70;503;"CUIABA";"Defeito Mecânico no Veículo";"Incêndio";"Sem Vítimas";"Plena Noite";"Decrescente";"Nublado";"Simples";"Reta";"Não";1;0;0;0;1;0;0;1;-15,700109;-56,04048;"SPRF-MT";"DEL02-MT";"UOP02-DEL01-MT"
110914;2018-02-13;"terça-feira";"06:10:00";"SP";116;58,2;"GUARATINGUETA";"Falta de Atenção à Condução";"Colisão traseira";"Com Vítimas Feridas";"Amanhecer";"Decrescente";"Céu Claro";"Dupla";"Reta";"Sim";5;0;0;1;2;2;1;2;-22,78119988;-45,14731518;"SPRF-SP";"DEL08-SP";"UOP01-DEL08-SP"
110915;2018-02-13;"terça-feira";"06:10:00";"GO";40;7,7;"VALPARAISO DE GOIAS";"Condutor Dormindo";"Saída de leito carroçável";"Com Vítimas Feridas";"Amanhecer";"Crescente";"Céu Claro";"Dupla";"Reta";"Sim";1;0;1;0;0;0;1;1;-16,11385603;-47,96905647;"SPRF-DF";"DEL01-DF";"UOP01-DEL01-DF"
110916;2018-02-13;"terça-feira";"05:45:00";"GO";20;146,6;"ALVORADA DO NORTE";"Falta de Atenção à Condução";"Saída de leito carroçável";"Com Vítimas Feridas";"Amanhecer";"Crescente";"Céu Claro";"Simples";"Reta";"Não";1;0;1;0;0;0;1;1;-14,73099129;-46,65250965;"SPRF-DF";"DEL02-DF";"UOP03-DEL02-DF"
110917;2018-02-13;"terça-feira";"07:00:00";"MG";381;344;"BELA VISTA DE MINAS";"Velocidade Incompatível";"Colisão frontal";"Com Vítimas Feridas";"Pleno dia";"Crescente";"Nublado";"Simples";"Curva";"Não";2;0;0;1;1;0;1;2;-19,83389278;-43,10005188;"SPRF-MG";"DEL03-MG";"UOP01-DEL03-MG"
110918;2018-02-13;"terça-feira";"06:30:00";"SC";101;161,3;"TIJUCAS";"Falta de Atenção à Condução";"Colisão lateral";"Com Vítimas Feridas";"Pleno dia";"Decrescente";"Sol";"Dupla";"Reta";"Não";2;0;2;0;0;0;2;2;-27,21921992;-48,62529948;"SPRF-SC";"DEL04-SC";"UOP03-DEL04-SC"
110919;2018-02-13;"terça-feira";"05:45:00";"SC";282;507,2;"XANXERE";"Ingestão de Álcool";"Capotamento";"Com Vítimas Feridas";"Plena Noite";"Decrescente";"Ignorado";"Dupla";"Rotatória";"Não";1;0;1;0;0;0;1;1;-26,8863453;-52,44107263;"SPRF-SC";"DEL07-SC";"UOP01-DEL07-SC"
110920;2018-02-13;"terça-feira";"05:40:00";"SE";235;20,5;"NOSSA SENHORA DO SOCORRO";"Avarias e/ou desgaste excessivo no pneu";"Saída de leito carroçável";"Com Vítimas Feridas";"Amanhecer";"Decrescente";"Chuva";"Simples";"Reta";"Não";3;0;2;0;1;0;2;1;-10,83126706;-37,22527851;"SPRF-SE";"DEL01-SE";"UOP01-DEL01-SE"
110921;2018-02-12;"segunda-feira";"16:35:00";"SC";101;281,7;"IMBITUBA";"Desobediência às normas de trânsito pelo condutor";"Colisão transversal";"Sem Vítimas";"Pleno dia";"Crescente";"Chuva";"Simples";"Rotatória";"Não";2;0;0;0;2;0;0;2;-28,27828562;-48,70309481;"SPRF-SC";"DEL02-SC";"UOP03-DEL02-SC"
110922;2018-02-13;"terça-feira";"07:15:00";"PR";376;134,9;"NOVA ESPERANCA";"Falta de Atenção à Condução";"Saída de leito carroçável";"Com Vítimas Feridas";"Amanhecer";"Decrescente";"Nublado";"Dupla";"Reta";"Sim";1;0;1;0;0;0;1;1;-23,201941;-52,196896;"SPRF-PR";"DEL07-PR";"UOP02-DEL09-PR"
110923;2018-02-13;"terça-feira";"06:05:00";"MS";419;261,5;"ANASTACIO";"Animais na Pista";"Colisão com objeto em movimento";"Com Vítimas Feridas";"Amanhecer";"Crescente";"Nublado";"Simples";"Curva";"Não";2;0;1;0;1;0;1;1;-20,64058714;-55,88392182;"SPRF-MS";"DEL03-MS";"UOP01-DEL03-MS"
110924;2018-02-13;"terça-feira";"06:30:00";"CE";222;0,8;"FORTALEZA";"Falta de Atenção à Condução";"Queda de ocupante de veículo";"Com Vítimas Feridas";"Pleno dia";"Decrescente";"Nublado";"Múltipla";"Reta";"Sim";1;0;1;0;0;0;1;1;-3,7257137;-38,6582166;"SPRF-CE";"DEL01-CE";"UOP01-DEL01-CE"
110925;2018-02-13;"terça-feira";"04:30:00";"RJ";101;405;"ITAGUAI";"Objeto estático sobre o leito carroçável";"Queda de ocupante de veículo";"Com Vítimas Feridas";"Plena Noite";"Decrescente";"Céu Claro";"Dupla";"Reta";"Sim";2;0;0;2;0;0;2;1;-22,86478722;-43,80386353;"SPRF-RJ";"DEL03-RJ";"UOP01-DEL03-RJ"
110926;2018-02-13;"terça-feira";"01:00:00";"BA";242;392;"SEABRA";"Ingestão de Álcool";"Colisão lateral";"Sem Vítimas";"Pleno dia";"Decrescente";"Céu Claro";"Simples";"Rotatória";"Sim";2;0;0;0;2;0;0;2;-12,42584778;-41,76864624;"SPRF-BA";"DEL10-BA";"UOP03-DEL06-BA"
110927;2018-02-13;"terça-feira";"07:15:00";"RS";392;18;"RIO GRANDE";"Ingestão de Álcool";"Colisão com objeto estático";"Sem Vítimas";"Pleno dia";"Decrescente";"Céu Claro";"Dupla";"Interseção de Vias";"Sim";1;0;0;0;1;0;0;1;-32,090179;-52,17651;"SPRF-RS";"DEL07-RS";"UOP02-DEL07-RS"
110928;2018-02-05;"segunda-feira";"11:40:00";"MG";262;381,8;"MATEUS LEME";"Velocidade Incompatível";"Colisão traseira";"Com Vítimas Feridas";"Pleno dia";"Crescente";"Chuva";"Múltipla";"Curva";"Não";2;0;1;0;1;0;1;2;-19,93749278;-44,44601655;"SPRF-MG";"DEL01-MG";"UOP03-DEL01-MG"
110929;2018-02-13;"terça-feira";"07:20:00";"PR";277;101,4;"CURITIBA";"Velocidade Incompatível";"Colisão com objeto estático";"Sem Vítimas";"Pleno dia";"Decrescente";"Chuva";"Dupla";"Curva";"Não";1;0;0;0;1;0;0;1;-25,430873;-49,36019897;"SPRF-PR";"DEL01-PR";"UOP06-DEL01-PR"
110930;2018-02-13;"terça-feira";"08:20:00";"RS";158;262,1;"JULIO DE CASTILHOS";"Falta de Atenção à Condução";"Saída de leito carroçável";"Sem Vítimas";"Pleno dia";"Decrescente";"Céu Claro";"Simples";"Reta";"Não";5;0;0;0;5;0;0;1;-29,2225158;-53,66944366;"SPRF-RS";"DEL10-RS";"UOP02-DEL10-RS"
110932;2018-02-13;"terça-feira";"07:50:00";"SC";101;328;"CAPIVARI DE BAIXO";"Falta de Atenção à Condução";"Colisão traseira";"Sem Vítimas";"Pleno dia";"Crescente";"Céu Claro";"Dupla";"Reta";"Sim";5;0;0;0;5;0;0;2;-28,44283173;-48,9651981;"SPRF-SC";"DEL02-SC";"UOP01-DEL02-SC"
110933;2018-02-13;"terça-feira";"08:15:00";"MG";381;862,1;"POUSO ALEGRE";"Velocidade Incompatível";"Atropelamento de Pedestre";"Com Vítimas Feridas";"Pleno dia";"Crescente";"Céu Claro";"Dupla";"Reta";"Não";2;0;0;1;0;1;1;2;-22,33873085;-45,92465069;"SPRF-MG";"DEL16-MG";"UOP01-DEL16-MG"
110934;2018-02-13;"terça-feira";"07:40:00";"SP";381;71;"SAO PAULO";"Pista Escorregadia";"Saída de leito carroçável";"Sem Vítimas";"Pleno dia";"Decrescente";"Garoa/Chuvisco";"Dupla";"Curva";"Não";1;0;0;0;1;0;0;1;-23,35009678;-46,56894211;"SPRF-SP";"DEL03-SP";"DEL6/3-UOP03/SP"
110936;2018-02-13;"terça-feira";"07:30:00";"BA";101;534,8;"SAO JOSE DA VITORIA";"Falta de Atenção à Condução";"Capotamento";"Sem Vítimas";"Pleno dia";"Decrescente";"Chuva";"Simples";"Curva";"Não";1;0;0;0;1;0;0;1;-15,033321;-39,33093;"SPRF-BA";"DEL05-BA";"UOP01-DEL05-BA"
110937;2018-02-13;"terça-feira";"08:35:00";"PR";376;618;"CURITIBA";"Desobediência às normas de trânsito pelo condutor";"Capotamento";"Sem Vítimas";"Pleno dia";"Crescente";"Garoa/Chuvisco";"Dupla";"Reta";"Não";1;0;0;0;1;0;0;1;-25,4289541;-49,267137;"SPRF-PR";"DEL01-PR";"DEL7/1-UOP08/PR"
110938;2018-02-13;"terça-feira";"06:30:00";"RJ";116;288,7;"BARRA MANSA";"Falta de Atenção à Condução";"Colisão com objeto estático";"Sem Vítimas";"Amanhecer";"Crescente";"Nublado";"Dupla";"Reta";"Não";1;0;0;0;1;0;0;1;-22,54465;-44,17177;"SPRF-RJ";"DEL07-RJ";"UOP02-DEL07-RJ"
110939;2018-02-13;"terça-feira";"09:00:00";"GO";20;49;"FORMOSA";"Falta de Atenção à Condução";"Colisão lateral";"Com Vítimas Feridas";"Pleno dia";"Crescente";"Céu Claro";"Simples";"Reta";"Não";3;0;2;0;1;0;2;2;-15,33605;-47,125084;"SPRF-DF";"DEL02-DF";"UOP01-DEL02-DF"
110941;2018-02-13;"terça-feira";"09:30:00";"MG";381;847,6;"POUSO ALEGRE";"Velocidade Incompatível";"Saída de leito carroçável";"Com Vítimas Feridas";"Pleno dia";"Decrescente";"Sol";"Dupla";"Reta";"Não";1;0;1;0;0;0;1;1;-22,21814365;-45,8710223;"SPRF-MG";"DEL16-MG";"UOP01-DEL16-MG"
110942;2018-02-13;"terça-feira";"07:45:00";"PB";230;26,5;"JOAO PESSOA";"Velocidade Incompatível";"Colisão com objeto estático";"Sem Vítimas";"Pleno dia";"Decrescente";"Chuva";"Dupla";"Reta";"Sim";1;0;0;0;1;0;0;1;-7,167677;-34,88573;"SPRF-PB";"DEL01-PB";"UOP01-DEL01-PB"
110943;2018-02-13;"terça-feira";"07:10:00";"RJ";116;87,4;"TERESOPOLIS";"Falta de Atenção à Condução";"Colisão com objeto estático";"Com Vítimas Feridas";"Pleno dia";"Crescente";"Céu Claro";"Simples";"Curva";"Não";1;0;1;0;0;0;1;1;-22,44784117;-42,95516968;"SPRF-RJ";"DEL04-RJ";"UOP01-DEL04-RJ"
110946;2018-02-13;"terça-feira";"09:00:00";"RS";386;211,1;"TIO HUGO";"Condutor Dormindo";"Colisão traseira";"Com Vítimas Feridas";"Pleno dia";"Crescente";"Sol";"Simples";"Reta";"Não";3;0;1;0;2;0;1;2;-28,54688442;-52,61384198;"SPRF-RS";"DEL04-RS";"NPF/DEL04-RS"
110947;2018-02-13;"terça-feira";"10:30:00";"RS";290;96;"PORTO ALEGRE";"Avarias e/ou desgaste excessivo no pneu";"Queda de ocupante de veículo";"Com Vítimas Feridas";"Pleno dia";"Crescente";"Céu Claro";"Múltipla";"Reta";"Sim";2;0;2;0;0;0;2;1;-29,99744704;-51,20873109;"SPRF-RS";"DEL01-RS";"UOP01-DEL01-RS"
110948;2018-02-13;"terça-feira";"10:20:00";"PR";116;90;"PIRAQUARA";"Falta de Atenção à Condução";"Saída de leito carroçável";"Sem Vítimas";"Pleno dia";"Decrescente";"Garoa/Chuvisco";"Dupla";"Reta";"Não";1;0;0;0;1;0;0;1;-25,49131394;-49,11313978;"SPRF-PR";"DEL01-PR";"UOP07-DEL01-PR"
110949;2018-02-13;"terça-feira";"11:00:00";"PR";376;587;"CURITIBA";"Não guardar distância de segurança";"Colisão traseira";"Sem Vítimas";"Pleno dia";"Decrescente";"Nublado";"Dupla";"Reta";"Sim";3;0;0;0;3;0;0;3;-25,43920288;-49,36500549;"SPRF-PR";"DEL01-PR";"UOP06-DEL01-PR"
110950;2018-02-13;"terça-feira";"10:30:00";"RS";116;563,4;"PEDRO OSORIO";"Desobediência às normas de trânsito pelo condutor";"Colisão transversal";"Com Vítimas Feridas";"Pleno dia";"Decrescente";"Céu Claro";"Simples";"Interseção de Vias";"Não";3;0;1;0;2;0;1;2;-31,86455;-52,8235;"SPRF-RS";"DEL07-RS";"UOP03-DEL07-RS"
110951;2018-02-13;"terça-feira";"10:20:00";"PR";116;46;"CAMPINA GRANDE DO SUL";"Velocidade Incompatível";"Saída de leito carroçável";"Sem Vítimas";"Pleno dia";"Crescente";"Chuva";"Dupla";"Curva";"Não";1;0;0;0;1;0;0;1;-25,201878;-48,896217;"SPRF-PR";"DEL01-PR";"UOP02-DEL01-PR"
110952;2018-02-13;"terça-feira";"09:30:00";"PR";376;496,8;"PONTA GROSSA";"Falta de Atenção à Condução";"Saída de leito carroçável";"Sem Vítimas";"Pleno dia";"Crescente";"Nublado";"Dupla";"Reta";"Sim";1;0;0;0;1;0;0;1;-25,14652775;-50,15396118;"SPRF-PR";"DEL03-PR";"UOP04-DEL03-PR"
110954;2018-02-13;"terça-feira";"10:10:00";"PI";343;18,3;"PARNAIBA";"Desobediência às normas de trânsito pelo condutor";"Colisão frontal";"Com Vítimas Fatais";"Pleno dia";"Crescente";"Céu Claro";"Simples";"Reta";"Não";4;1;0;0;3;0;0;2;-2,96909872;-41,76109314;"SPRF-PI";"DEL05-PI";"UOP01-DEL05-PI"
110955;2018-02-13;"terça-feira";"11:00:00";"PR";116;26;"CAMPINA GRANDE DO SUL";"Velocidade Incompatível";"Colisão com objeto estático";"Sem Vítimas";"Pleno dia";"Decrescente";"Chuva";"Dupla";"Reta";"Não";1;0;0;0;1;0;0;1;-25,106836;-48,785343;"SPRF-PR";"DEL01-PR";"UOP02-DEL01-PR"
110957;2018-02-13;"terça-feira";"10:05:00";"SE";101;97,5;"SAO CRISTOVAO";"Pista Escorregadia";"Colisão com objeto estático";"Sem Vítimas";"Pleno dia";"Crescente";"Chuva";"Dupla";"Reta";"Não";3;0;0;0;3;0;0;1;-10,9241;-37,1768;"SPRF-SE";"DEL02-SE";"UOP01-DEL02-SE"
110958;2018-02-13;"terça-feira";"11:25:00";"SC";101;222,8;"PALHOCA";"Falta de Atenção à Condução";"Colisão traseira";"Com Vítimas Feridas";"Pleno dia";"Crescente";"Nublado";"Dupla";"Declive";"Sim";4;0;3;0;1;0;3;2;-27,71037005;-48,65371101;"SPRF-SC";"DEL01-SC";"UOP02-DEL01-SC"