"id";"data_inversa";"dia_semana";"horario";"uf";"br";"km";"municipio";"causa_acidente";"tipo_acidente";"classificacao_acidente";"fase_dia";"sentido_via";"condicao_metereologica";"tipo_pista";"tracado_via";"uso_solo";"pessoas";"mortos";"feridos_leves";"feridos_graves";"ilesos";"ignorados";"feridos";"veiculos";"latitude";"longitude";"regional";"delegacia";"uop"
111061;2018-02-13;"terça-feira";"04:30:00";"CE";304;71,4;"ARACATI";"Condutor Dormindo";"Saída de leito carroçável";"Sem Vítimas";"Amanhecer";"Crescente";"Nublado";"Dupla";"Reta";"Não";1;0;0;0;1;0;0;1;-4,659349;-37,614578;"SPRF-CE";"DEL03-CE";"UOP03-DEL03-CE"
111062;2018-02-13;"terça-feira";"18:30:00";"ES";101;290;"CARIACICA";"Falta de Atenção à Condução";"Colisão com objeto estático";"Com Vítimas Feridas";"Plena Noite";"Decrescente";"Céu Claro";"Dupla";"Reta";"Não";3;0;1;0;2;0;1;2;-20,26437;-40,420345;"SPRF-ES";"DEL01-ES";"UOP01-DEL01-ES"
111064;2018-02-13;"terça-feira";"17:20:00";"CE";20;413,5;"MARACANAU";"Falta de Atenção à Condução";"Colisão transversal";"Com Vítimas Feridas";"Pleno dia";"Crescente";"Céu Claro";"Simples";"Reta";"Sim";3;0;2;0;1;0;2;2;-3,87821;-38,626;"SPRF-CE";"DEL01-CE";"UOP01-DEL01-CE"
111065;2018-02-13;"terça-feira";"19:40:00";"SC";101;427;"ARARANGUA";"Avarias e/ou desgaste excessivo no pneu";"Tombamento";"Com Vítimas Feridas";"Anoitecer";"Decrescente";"Céu Claro";"Dupla";"Reta";"Não";2;0;2;0;0;0;2;1;-29,0377;-49,61;"SPRF-SC";"DEL02-SC";"UOP02-DEL02-SC"
111066;2018-02-13;"terça-feira";"19:20:00";"ES";101;241,6;"SERRA";"Falta de Atenção à Condução";"Danos eventuais";"Sem Vítimas";"Plena Noite";"Decrescente";"Céu Claro";"Simples";"Reta";"Sim";1;0;0;0;1;0;0;1;-20,03082159;-40,39770914;"SPRF-ES";"DEL02-ES";"UOP01-DEL02-ES"
111067;2018-02-13;"terça-feira";"17:00:00";"SP";381;90;"GUARULHOS";"Falta de Atenção à Condução";"Colisão traseira";"Com Vítimas Feridas";"Pleno dia";"Crescente";"Garoa/Chuvisco";"Dupla";"Reta";"Não";3;0;1;0;2;0;1;2;-23,49100791;-46,55952141;"SPRF-SP";"DEL03-SP";"DEL6/3-UOP03/SP"
111068;2018-02-13;"terça-feira";"19:00:00";"PE";408;75;"PAUDALHO";"Desobediência às normas de trânsito pelo condutor";"Colisão frontal";"Com Vítimas Fatais";"Plena Noite";"Crescente";"Chuva";"Dupla";"Curva";"Sim";2;1;0;0;1;0;0;2;-7,907842;-35,172894;"SPRF-PE";"DEL01-PE";"UOP01-DEL01-PE"
111070;2018-02-13;"terça-feira";"18:40:00";"PI";343;0,1;"LUIS CORREIA";"Falta de Atenção à Condução";"Colisão transversal";"Com Vítimas Feridas";"Plena Noite";"Crescente";"Garoa/Chuvisco";"Simples";"Reta";"Sim";2;0;1;0;1;0;1;2;-2,881846;-41,665638;"SPRF-PI";"DEL05-PI";"UOP01-DEL05-PI"
111072;2018-02-13;"terça-feira";"19:00:00";"SP";116;507;"CAJATI";"Pista Escorregadia";"Tombamento";"Sem Vítimas";"Anoitecer";"Decrescente";"Garoa/Chuvisco";"Simples";"Curva";"Não";3;0;0;0;3;0;0;1;-24,78922807;-48,20526123;"SPRF-SP";"DEL05-SP";"UAP01-DEL05-SP"
111073;2018-02-13;"terça-feira";"17:00:00";"PI";316;49;"LAGOA DO PIAUI";"Ingestão de Álcool";"Tombamento";"Sem Vítimas";"Plena Noite";"Crescente";"Chuva";"Simples";"Reta";"Não";1;0;0;0;0;1;0;1;-5,41471;-42,6423;"SPRF-PI";"DEL01-PI";"UOP02-DEL01-PI"
111074;2018-02-13;"terça-feira";"19:15:00";"AL";104;93;"RIO LARGO";"Falta de Atenção à Condução";"Colisão traseira";"Sem Vítimas";"Plena Noite";"Crescente";"Chuva";"Dupla";"Reta";"Sim";4;0;0;0;4;0;0;4;-9,478767;-35,85363;"SPRF-AL";"DEL01-AL";"UOP01-DEL01-AL"
111075;2018-02-13;"terça-feira";"15:30:00";"MT";364;599;"DIAMANTINO";"Fenômenos da Natureza";"Saída de leito carroçável";"Com Vítimas Feridas";"Pleno dia";"Crescente";"Chuva";"Simples";"Curva";"Não";11;0;4;1;6;0;5;1;-14,46393696;-56,26647949;"SPRF-MT";"DEL01-MT";"UOP01-DEL01-MT"
111076;2018-02-13;"terça-feira";"16:00:00";"RJ";101;296;"ITABORAI";"Falta de Atenção à Condução";"Colisão lateral";"Sem Vítimas";"Pleno dia";"Decrescente";"Céu Claro";"Dupla";"Reta";"Sim";1;0;0;0;1;0;0;1;-22,767054;-42,910255;"SPRF-RJ";"DEL02-RJ";"DEL5/2-UOP04/RJ"
111077;2018-02-13;"terça-feira";"19:30:00";"RN";304;45;"MOSSORO";"Falta de Atenção à Condução";"Colisão transversal";"Com Vítimas Feridas";"Plena Noite";"Crescente";"Céu Claro";"Dupla";"Aclive";"Sim";5;0;3;0;1;1;3;2;-5,22527444;-37,34756559;"SPRF-RN";"DEL04-RN";"UOP01-DEL04-RN"
111078;2018-02-13;"terça-feira";"19:30:00";"SP";381;19;"BRAGANCA PAULISTA";"Objeto estático sobre o leito carroçável";"Colisão com objeto estático";"Com Vítimas Feridas";"Anoitecer";"Decrescente";"Nublado";"Dupla";"Rotatória";"Sim";1;0;1;0;0;0;1;1;-22,981255;-46,494503;"SPRF-SP";"DEL03-SP";"UOP02-DEL03-SP"
111079;2018-02-13;"terça-feira";"19:20:00";"RN";226;4,5;"NATAL";"Desobediência às normas de trânsito pelo condutor";"Colisão frontal";"Com Vítimas Feridas";"Plena Noite";"Crescente";"Céu Claro";"Simples";"Reta";"Sim";2;0;1;0;0;1;1;2;-5,819329;-35,264206;"SPRF-RN";"DEL01-RN";"UOP02-DEL01-RN"
111080;2018-02-13;"terça-feira";"20:51:00";"RJ";101;301;"SAO GONCALO";"Ultrapassagem Indevida";"Colisão com objeto estático";"Sem Vítimas";"Plena Noite";"Decrescente";"Céu Claro";"Dupla";"Reta";"Não";1;0;0;0;1;0;0;1;-22,778576;-42,957455;"SPRF-RJ";"DEL02-RJ";"DEL5/2-UOP04/RJ"
111083;2018-02-13;"terça-feira";"20:00:00";"GO";40;18;"LUZIANIA";"Falta de Atenção à Condução";"Colisão lateral";"Com Vítimas Feridas";"Plena Noite";"Crescente";"Céu Claro";"Dupla";"Reta";"Sim";2;0;0;1;1;0;1;2;-16,19349;-47,925575;"SPRF-DF";"DEL01-DF";"UOP01-DEL01-DF"
111085;2018-02-13;"terça-feira";"19:20:00";"CE";116;34;"HORIZONTE";"Ultrapassagem Indevida";"Saída de leito carroçável";"Sem Vítimas";"Plena Noite";"Decrescente";"Céu Claro";"Dupla";"Declive;Reta";"Sim";5;0;0;0;4;1;0;2;-4,045072;-38,5074985;"SPRF-CE";"DEL01-CE";"UOP02-DEL01-CE"
111088;2018-02-13;"terça-feira";"15:00:00";"MG";381;293;"ANTONIO DIAS";"Velocidade Incompatível";"Colisão com objeto estático";"Com Vítimas Feridas";"Pleno dia";"Decrescente";"Céu Claro";"Simples";"Reta";"Não";3;0;1;0;2;0;1;1;-19,63861136;-42,80894101;"SPRF-MG";"DEL03-MG";"UOP02-DEL03-MG"
111090;2018-02-13;"terça-feira";"19:00:00";"MS";158;267,9;"TRES LAGOAS";"Ingestão de Álcool";"Colisão lateral";"Sem Vítimas";"Plena Noite";"Decrescente";"Chuva";"Simples";"Reta";"Sim";4;0;0;0;4;0;0;2;-20,76271537;-51,68955297;"SPRF-MS";"DEL07-MS";"UOP01-DEL07-MS"
111091;2018-02-13;"terça-feira";"21:00:00";"RS";101;76;"OSORIO";"Restrição de Visibilidade";"Colisão frontal";"Com Vítimas Feridas";"Plena Noite";"Decrescente";"Céu Claro";"Dupla";"Reta";"Sim";2;0;1;1;0;0;2;2;-29,9003;-50,2738;"SPRF-RS";"DEL03-RS";"UOP01-DEL03-RS"
111092;2018-02-13;"terça-feira";"17:30:00";"MG";50;88;"UBERLANDIA";"Velocidade Incompatível";"Saída de leito carroçável";"Com Vítimas Feridas";"Pleno dia";"Crescente";"Chuva";"Dupla";"Reta";"Não";2;0;1;0;1;0;1;1;-19,02942701;-48,20457458;"SPRF-MG";"DEL15-MG";"UOP01-DEL15-MG"
111093;2018-02-13;"terça-feira";"20:30:00";"SC";101;21,8;"JOINVILLE";"Defeito Mecânico no Veículo";"Queda de ocupante de veículo";"Com Vítimas Feridas";"Plena Noite";"Decrescente";"Chuva";"Dupla";"Aclive";"Não";2;0;2;0;0;0;2;1;-26,15035063;-48,90881819;"SPRF-SC";"DEL03-SC";"UOP01-DEL03-SC"
111094;2018-02-13;"terça-feira";"19:45:00";"PE";316;58,8;"TRINDADE";"Falta de Atenção do Pedestre";"Atropelamento de Pedestre";"Com Vítimas Fatais";"Plena Noite";"Decrescente";"Nublado";"Simples";"Reta";"Não";2;1;0;0;1;0;0;2;-7,75996048;-40,26194929;"SPRF-PE";"DEL05-PE";"UOP02-DEL05-PE"
111095;2018-02-13;"terça-feira";"20:15:00";"PI";316;9;"TERESINA";"Falta de Atenção à Condução";"Colisão frontal";"Com Vítimas Feridas";"Plena Noite";"Decrescente";"Nublado";"Simples";"Reta";"Não";3;0;1;1;1;0;2;2;-5,173879;-42,766232;"SPRF-PI";"DEL01-PI";"UOP02-DEL01-PI"
111097;2018-02-13;"terça-feira";"18:00:00";"MG";381;290,2;"ANTONIO DIAS";"Mal Súbito";"Colisão com objeto estático";"Sem Vítimas";"Pleno dia";"Decrescente";"Céu Claro";"Simples";"Ponte";"Não";1;0;0;0;1;0;0;1;-19,6243;-42,8685;"SPRF-MG";"DEL03-MG";"UOP02-DEL03-MG"
111098;2018-02-13;"terça-feira";"21:30:00";"PR";373;183,2;"PONTA GROSSA";"Desobediência às normas de trânsito pelo condutor";"Colisão transversal";"Com Vítimas Feridas";"Plena Noite";"Crescente";"Garoa/Chuvisco";"Simples";"Interseção de Vias";"Não";8;0;1;0;7;0;1;2;-25,04454807;-50,28579712;"SPRF-PR";"DEL03-PR";"UOP01-DEL03-PR"
111099;2018-02-13;"terça-feira";"22:00:00";"RJ";393;169,5;"TRES RIOS";"Ingestão de Álcool";"Colisão frontal";"Com Vítimas Feridas";"Plena Noite";"Crescente";"Céu Claro";"Simples";"Reta";"Não";9;0;0;1;8;0;1;2;-22,12146452;-43,1572222;"SPRF-RJ";"DEL06-RJ";"UOP02-DEL05-RJ"
111100;2018-02-13;"terça-feira";"21:40:00";"PR";376;504,8;"PONTA GROSSA";"Falta de Atenção do Pedestre";"Atropelamento de Pedestre";"Com Vítimas Feridas";"Plena Noite";"Decrescente";"Nublado";"Dupla";"Reta";"Não";2;0;1;0;1;0;1;2;-25,18754434;-50,08804321;"SPRF-PR";"DEL03-PR";"UOP04-DEL03-PR"
111102;2018-02-13;"terça-feira";"14:30:00";"RS";101;24,1;"TRES CACHOEIRAS";"Velocidade Incompatível";"Colisão traseira";"Com Vítimas Feridas";"Pleno dia";"Decrescente";"Céu Claro";"Dupla";"Reta";"Sim";3;0;1;0;2;0;1;2;-29,4512482;-49,91803944;"SPRF-RS";"DEL03-RS";"DEL9/3-UOP03/RS"
111103;2018-02-13;"terça-feira";"17:59:00";"BA";101;694;"EUNAPOLIS";"Falta de Atenção à Condução";"Capotamento";"Com Vítimas Feridas";"Anoitecer";"Crescente";"Ignorado";"Simples";"Reta";"Não";2;0;2;0;0;0;2;1;-16,2188;-39,5972;"SPRF-BA";"DEL09-BA";"UOP01-DEL09-BA"
111104;2018-02-13;"terça-feira";"21:50:00";"GO";153;30;"PORANGATU";"Defeito na Via";"Queda de ocupante de veículo";"Com Vítimas Feridas";"Plena Noite";"Decrescente";"Céu Claro";"Simples";"Reta";"Não";1;0;1;0;0;0;1;1;-13,086911;-49,192348;"SPRF-GO";"DEL07-GO";"UOP01-DEL07-GO"
111106;2018-02-13;"terça-feira";"18:50:00";"RJ";101;429;"MANGARATIBA";"Falta de Atenção à Condução";"Colisão lateral";"Com Vítimas Feridas";"Plena Noite";"Decrescente";"Chuva";"Simples";"Reta";"Não";3;0;2;0;1;0;2;2;-22,935335;-44,000401;"SPRF-RJ";"DEL03-RJ";"UOP01-DEL03-RJ"
111107;2018-02-13;"terça-feira";"22:15:00";"PR";376;149,5;"PRESIDENTE CASTELO BRANCO";"Defeito Mecânico no Veículo";"Saída de leito carroçável";"Com Vítimas Feridas";"Plena Noite";"Decrescente";"Nublado";"Dupla";"Reta";"Não";4;0;3;0;1;0;3;1;-23,29495407;-52,12056572;"SPRF-PR";"DEL07-PR";"UOP01-DEL09-PR"
111109;2018-02-13;"terça-feira";"21:10:00";"PE";101;60,5;"RECIFE";"Falta de Atenção à Condução";"Colisão traseira";"Com Vítimas Feridas";"Plena Noite";"Decrescente";"Céu Claro";"Dupla";"Reta";"Sim";3;0;1;0;1;1;1;2;-7,98804905;-34,93404941;"SPRF-PE";"DEL01-PE";"UOP02-DEL01-PE"
111111;2018-02-13;"terça-feira";"22:00:00";"SP";381;89,5;"GUARULHOS";"Falta de Atenção à Condução";"Colisão com objeto estático";"Sem Vítimas";"Plena Noite";"Crescente";"Céu Claro";"Dupla";"Reta";"Sim";4;0;0;0;4;0;0;1;-23,463257;-46,53373;"SPRF-SP";"DEL03-SP";"DEL6/3-UOP03/SP"
111112;2018-02-13;"terça-feira";"17:00:00";"MG";262;441;"NOVA SERRANA";"Defeito Mecânico no Veículo";"Colisão com objeto estático";"Sem Vítimas";"Pleno dia";"Crescente";"Céu Claro";"Dupla";"Reta";"Sim";1;0;0;0;1;0;0;1;-19,882961;-44,902931;"SPRF-MG";"DEL08-MG";"UOP03-DEL08-MG"
111113;2018-02-13;"terça-feira";"20:20:00";"RR";174;503,1;"BOA VISTA";"Falta de Atenção à Condução";"Colisão transversal";"Com Vítimas Feridas";"Plena Noite";"Decrescente";"Céu Claro";"Dupla";"Rotatória";"Sim";3;0;2;0;1;0;2;2;2,795955;-60,698415;"SPRF-RR";"DEL01-RR";"UOP01-DEL01-RR"
111116;2018-02-13;"terça-feira";"22:00:00";"PE";101;60,5;"RECIFE";"Defeito na Via";"Queda de ocupante de veículo";"Com Vítimas Feridas";"Plena Noite";"Decrescente";"Céu Claro";"Dupla";"Reta";"Sim";2;0;1;0;1;0;1;1;-7,98804905;-34,93404941;"SPRF-PE";"DEL01-PE";"UOP02-DEL01-PE"
111118;2018-02-13;"terça-feira";"23:30:00";"ES";262;5,5;"CARIACICA";"Falta de Atenção do Pedestre";"Atropelamento de Pedestre";"Com Vítimas Feridas";"Plena Noite";"Crescente";"Céu Claro";"Múltipla";"Reta";"Sim";2;0;1;0;1;0;1;2;-20,3374;-40,3859;"SPRF-ES";"DEL01-ES";"UOP01-DEL01-ES"
111119;2018-02-13;"terça-feira";"23:00:00";"RJ";116;214;"PARACAMBI";"Velocidade Incompatível";"Colisão com objeto estático";"Sem Vítimas";"Plena Noite";"Decrescente";"Chuva";"Dupla";"Curva";"Não";4;0;0;0;4;0;0;1;-22,69258624;-43,78463745;"SPRF-RJ";"DEL01-RJ";"UOP03-DEL01-RJ"
111120;2018-02-13;"terça-feira";"21:40:00";"CE";304;53;"ARACATI";"Ingestão de Álcool";"Colisão transversal";"Com Vítimas Feridas";"Plena Noite";"Crescente";"Nublado";"Simples";"Reta";"Não";2;0;0;1;0;1;1;2;-4,57098257;-37,74814128;"SPRF-CE";"DEL03-CE";"UOP03-DEL03-CE"
111121;2018-02-13;"terça-feira";"21:00:00";"MG";116;276,2;"TEOFILO OTONI";"Falta de Atenção à Condução";"Colisão traseira";"Sem Vítimas";"Plena Noite";"Crescente";"Ignorado";"Simples";"Reta";"Sim";2;0;0;0;2;0;0;2;-17,8521;-41,5141;"SPRF-MG";"DEL11-MG";"UOP01-DEL11-MG"
111122;2018-02-13;"terça-feira";"22:57:00";"PR";277;205,4;"PALMEIRA";"Velocidade Incompatível";"Saída de leito carroçável";"Sem Vítimas";"Plena Noite";"Crescente";"Garoa/Chuvisco";"Simples";"Reta";"Não";3;0;0;0;2;1;0;2;-25,47179346;-50,29472351;"SPRF-PR";"DEL03-PR";"UOP02-DEL08-PR"
111124;2018-02-13;"terça-feira";"23:00:00";"PR";277;206,5;"PALMEIRA";"Velocidade Incompatível";"Saída de leito carroçável";"Com Vítimas Feridas";"Plena Noite";"Crescente";"Nublado";"Simples";"Curva";"Não";2;0;1;1;0;0;2;1;-25,42992;-50,006817;"SPRF-PR";"DEL03-PR";"UOP02-DEL08-PR"
111125;2018-02-13;"terça-feira";"23:20:00";"PR";277;472;"NOVA LARANJEIRAS";"Desobediência às normas de trânsito pelo condutor";"Colisão transversal";"Com Vítimas Feridas";"Plena Noite";"Crescente";"Céu Claro";"Simples";"Rotatória;Reta";"Sim";2;0;1;0;0;1;1;2;-25,30057913;-52,56271362;"SPRF-PR";"DEL04-PR";"UOP02-DEL04-PR"
111126;2018-02-13;"terça-feira";"20:20:00";"RO";425;101;"NOVA MAMORE";"Falta de Atenção à Condução";"Colisão frontal";"Com Vítimas Feridas";"Pleno dia";"Crescente";"Chuva";"Simples";"Reta";"Não";2;0;0;1;1;0;1;2;-10,420012;-65,334305;"SPRF-RO";"DEL01-RO";"UOP02-DEL01-RO"
111127;2018-02-13;"terça-feira";"23:08:00";"SC";101;147;"ITAPEMA";"Defeito Mecânico no Veículo";"Colisão com objeto estático";"Com Vítimas Feridas";"Plena Noite";"Decrescente";"Céu Claro";"Dupla";"Reta";"Sim";1;0;1;0;0;0;1;1;-27,1012;-48,618;"SPRF-SC";"DEL04-SC";"UOP03-DEL04-SC"
111128;2018-02-13;"terça-feira";"22:10:00";"BA";116;608,1;"IRAJUBA";"Defeito Mecânico no Veículo";"Saída de leito carroçável";"Sem Vítimas";"Plena Noite";"Crescente";"Céu Claro";"Simples";"Curva";"Não";1;0;0;0;1;0;0;1;-13,251839;-40,084778;"SPRF-BA";"DEL03-BA";"UOP01-DEL03-BA"
111129;2018-02-13;"terça-feira";"22:16:00";"RS";290;104;"ELDORADO DO SUL";"Velocidade Incompatível";"Colisão com objeto estático";"Sem Vítimas";"Plena Noite";"Crescente";"Céu Claro";"Dupla";"Ponte";"Sim";1;0;0;0;1;0;0;1;-29,993122;-51,275398;"SPRF-RS";"DEL02-RS";"UOP01-DEL02-RS"
111131;2018-02-13;"terça-feira";"21:30:00";"PI";316;35;"DEMERVAL LOBAO";"Animais na Pista";"Atropelamento de Animal";"Sem Vítimas";"Plena Noite";"Crescente";"Nublado";"Simples";"Curva";"Não";1;0;0;0;1;0;0;1;-5,35811;-42,6755;"SPRF-PI";"DEL01-PI";"UOP02-DEL01-PI"
111132;2018-02-14;"quarta-feira";"00:10:00";"PR";277;7,1;"PARANAGUA";"Defeito Mecânico no Veículo";"Incêndio";"Sem Vítimas";"Plena Noite";"Decrescente";"Nublado";"Dupla";"Reta";"Não";1;0;0;0;1;0;0;1;-25,56226501;-48,60282898;"SPRF-PR";"DEL01-PR";"UOP05-DEL01-PR"
111133;2018-02-13;"terça-feira";"16:00:00";"MA";230;547,7;"CAROLINA";"Falta de Atenção à Condução";"Saída de leito carroçável";"Com Vítimas Fatais";"Pleno dia";"Crescente";"Garoa/Chuvisco";"Simples";"Ponte";"Não";5;3;1;1;0;0;2;1;-7,400787;-47,247066;"SPRF-MA";"DEL05-MA";"UOP01-DEL05-MA"
111134;2018-02-13;"terça-feira";"22:40:00";"PB";101;42;"MAMANGUAPE";"Pista Escorregadia";"Colisão com objeto estático";"Com Vítimas Feridas";"Plena Noite";"Decrescente";"Chuva";"Dupla";"Curva";"Sim";7;0;2;2;3;0;4;2;-6,8568861;-35,1342696;"SPRF-PB";"DEL01-PB";"UOP04-DEL01-PB"
111135;2018-02-13;"terça-feira";"23:30:00";"PE";408;94,5;"SAO LOURENCO DA MATA";"Velocidade Incompatível";"Colisão com objeto estático";"Com Vítimas Feridas";"Plena Noite";"Decrescente";"Chuva";"Dupla";"Reta";"Não";1;0;1;0;0;0;1;1;-8,015327;-35,04199;"SPRF-PE";"DEL01-PE";"UOP01-DEL01-PE"
111136;2018-02-13;"terça-feira";"22:00:00";"MG";262;19,4;"REDUTO";"Falta de Atenção à Condução";"Engavetamento";"Com Vítimas Feridas";"Plena Noite";"Crescente";"Céu Claro";"Simples";"Reta";"Não";10;0;7;0;3;0;7;3;-20,26219712;-41,8812561;"SPRF-MG";"DEL06-MG";"UOP03-DEL06-MG"
111137;2018-02-13;"terça-feira";"23:35:00";"MG";116;225,6;"TEOFILO OTONI";"Falta de Atenção do Pedestre";"Atropelamento de Pedestre";"Com Vítimas Feridas";"Plena Noite";"Crescente";"Céu Claro";"Simples";"Curva";"Não";2;0;2;0;0;0;2;2;-17,8521;-41,5141;"SPRF-MG";"DEL11-MG";"UOP01-DEL11-MG"
111139;2018-02-13;"terça-feira";"23:20:00";"PB";104;116;"LAGOA SECA";"Velocidade Incompatível";"Colisão com objeto estático";"Sem Vítimas";"Plena Noite";"Crescente";"Nevoeiro/Neblina";"Simples";"Curva";"Não";1;0;0;0;1;0;0;1;-7,18431139;-35,86398605;"SPRF-PB";"DEL02-PB";"UOP04-DEL02-PB"
111140;2018-02-14;"quarta-feira";"00:20:00";"MS";463;9,3;"DOURADOS";"Animais na Pista";"Atropelamento de Animal";"Com Vítimas Feridas";"Plena Noite";"Crescente";"Céu Claro";"Simples";"Reta";"Não";2;0;1;0;1;0;1;1;-22,25094099;-54,88983572;"SPRF-MS";"DEL04-MS";"UOP01-DEL04-MS"
111142;2018-02-13;"terça-feira";"22:25:00";"MT";70;530;"VARZEA GRANDE";"Velocidade Incompatível";"Saída de leito carroçável";"Sem Vítimas";"Plena Noite";"Decrescente";"Céu Claro";"Simples";"Reta";"Não";2;0;0;0;0;2;0;1;-15,6478;-56,1332;"SPRF-MT";"DEL01-MT";"DEL2/4-UOP02/MT"
111146;2018-02-13;"terça-feira";"21:00:00";"GO";40;7;"LUZIANIA";"Ingestão de Álcool";"Colisão traseira";"Sem Vítimas";"Plena Noite";"Decrescente";"Céu Claro";"Dupla";"Reta";"Sim";3;0;0;0;3;0;0;3;-16,09991744;-47,98141479;"SPRF-DF";"DEL01-DF";"UOP01-DEL01-DF"
111148;2018-02-13;"terça-feira";"18:00:00";"MA";316;277;"BELA VISTA DO MARANHAO";"Ingestão de Álcool";"Colisão frontal";"Com Vítimas Feridas";"Plena Noite";"Crescente";"Céu Claro";"Simples";"Reta";"Sim";3;0;1;1;1;0;2;2;-3,733718;-45,26273;"SPRF-MA";"DEL02-MA";"UI04-DEL02-MA"
111149;2018-02-14;"quarta-feira";"01:10:00";"PI";316;36;"DEMERVAL LOBAO";"Animais na Pista";"Atropelamento de Animal";"Sem Vítimas";"Plena Noite";"Crescente";"Céu Claro";"Simples";"Reta";"Não";1;0;0;0;1;0;0;1;-5,35811;-42,6755;"SPRF-PI";"DEL01-PI";"UOP02-DEL01-PI"
111150;2018-02-13;"terça-feira";"14:00:00";"MA";222;350;"SANTA INES";"Falta de Atenção à Condução";"Colisão com objeto estático";"Sem Vítimas";"Pleno dia";"Crescente";"Céu Claro";"Simples";"Reta";"Sim";3;0;0;0;3;0;0;2;-3,66934;-45,3832;"SPRF-MA";"DEL02-MA";"UI04-DEL02-MA"
111152;2018-02-14;"quarta-feira";"04:30:00";"MG";381;410;"NOVA UNIAO";"Ultrapassagem Indevida";"Colisão frontal";"Com Vítimas Feridas";"Plena Noite";"Crescente";"Céu Claro";"Simples";"Reta";"Não";3;0;1;0;2;0;1;3;-19,6888;-43,5868;"SPRF-MG";"DEL01-MG";"UOP01-DEL01-MG"
111153;2018-02-14;"quarta-feira";"03:00:00";"MT";364;137;"PEDRA PRETA";"Falta de Atenção à Condução";"Colisão com objeto estático";"Sem Vítimas";"Plena Noite";"Decrescente";"Céu Claro";"Simples";"Curva";"Não";1;0;0;0;1;0;0;1;-16,808228;-54,08886;"SPRF-MT";"DEL02-MT";"UOP01-DEL02-MT"
111154;2018-02-14;"quarta-feira";"05:00:00";"SP";381;78;"SAO PAULO";"Velocidade Incompatível";"Colisão com objeto estático";"Com Vítimas Feridas";"Amanhecer";"Decrescente";"Garoa/Chuvisco";"Dupla";"Curva";"Não";1;0;1;0;0;0;1;1;-23,44154463;-46,56482224;"SPRF-SP";"DEL03-SP";"DEL6/3-UOP03/SP"
111155;2018-02-14;"quarta-feira";"05:05:00";"MG";146;534;"MUZAMBINHO";"Ingestão de Álcool";"Colisão lateral";"Com Vítimas Feridas";"Amanhecer";"Decrescente";"Céu Claro";"Simples";"Reta";"Não";3;0;2;0;1;0;2;2;-21,376307;-46,525948;"SPRF-MG";"DEL09-MG";"UOP01-DEL09-MG"
111157;2018-02-14;"quarta-feira";"04:20:00";"MG";50;113,1;"UBERABA";"Falta de Atenção à Condução";"Saída de leito carroçável";"Sem Vítimas";"Amanhecer";"Crescente";"Céu Claro";"Dupla";"Reta";"Não";1;0;0;0;1;0;0;1;-19,25825067;-48,13186971;"SPRF-MG";"DEL13-MG";"UOP01-DEL13-MG"
111159;2018-02-14;"quarta-feira";"00:30:00";"MT";174;83;"CACERES";"Animais na Pista";"Atropelamento de Animal";"Sem Vítimas";"Plena Noite";"Decrescente";"Nublado";"Simples";"Reta";"Não";1;0;0;0;1;0;0;1;-15,957368;-57,76954651;"SPRF-MT";"DEL03-MT";"UOP01-DEL03-MT"
111160;2018-02-14;"quarta-feira";"05:15:00";"PB";230;112,9;"INGA";"Pista Escorregadia";"Saída de leito carroçável";"Com Vítimas Feridas";"Amanhecer";"Decrescente";"Chuva";"Dupla";"Retorno Regulamentado";"Não";5;0;4;0;1;0;4;1;-7,214487;-35,589549;"SPRF-PB";"DEL01-PB";"UOP03-DEL01-PB"
111162;2018-02-14;"quarta-feira";"05:40:00";"RJ";101;394;"RIO DE JANEIRO";"Pista Escorregadia";"Colisão com objeto estático";"Sem Vítimas";"Plena Noite";"Crescente";"Chuva";"Dupla";"Curva";"Sim";1;0;0;0;1;0;0;1;-22,87583283;-43,73898651;"SPRF-RJ";"DEL03-RJ";"UOP01-DEL03-RJ"
111163;2018-02-14;"quarta-feira";"06:30:00";"ES";101;128,9;"SOORETAMA";"Falta de Atenção à Condução";"Colisão traseira";"Com Vítimas Feridas";"Amanhecer";"Crescente";"Céu Claro";"Múltipla";"Reta";"Sim";1;0;1;0;0;0;1;1;-19,197422;-40,098118;"SPRF-ES";"DEL04-ES";"UOP01-DEL04-ES"
111164;2018-02-13;"terça-feira";"21:30:00";"MG";116;508,9;"UBAPORANGA";"Velocidade Incompatível";"Colisão traseira";"Sem Vítimas";"Plena Noite";"Crescente";"Céu Claro";"Simples";"Reta";"Não";2;0;0;0;1;1;0;2;-19,635754;-42,10591;"SPRF-MG";"DEL06-MG";"UOP02-DEL06-MG"
111166;2018-02-14;"quarta-feira";"06:45:00";"RS";116;266;"CANOAS";"Não guardar distância de segurança";"Colisão lateral";"Com Vítimas Feridas";"Amanhecer";"Decrescente";"Céu Claro";"Dupla";"Reta";"Sim";1;0;0;1;0;0;1;1;-29,95850402;-51,17590427;"SPRF-RS";"DEL01-RS";"UOP01-DEL01-RS"
111168;2018-02-14;"quarta-feira";"07:20:00";"ES";101;123,8;"SOORETAMA";"Falta de Atenção do Pedestre";"Colisão com objeto em movimento";"Com Vítimas Feridas";"Pleno dia";"Crescente";"Céu Claro";"Simples";"Reta";"Não";2;0;1;0;1;0;1;2;-19,18036986;-40,09293348;"SPRF-ES";"DEL04-ES";"UOP01-DEL04-ES"