"id";"data_inversa";"dia_semana";"horario";"uf";"br";"km";"municipio";"causa_acidente";"tipo_acidente";"classificacao_acidente";"fase_dia";"sentido_via";"condicao_metereologica";"tipo_pista";"tracado_via";"uso_solo";"pessoas";"mortos";"feridos_leves";"feridos_graves";"ilesos";"ignorados";"feridos";"veiculos";"latitude";"longitude";"regional";"delegacia";"uop"
111274;2018-02-14;"quarta-feira";"15:30:00";"SP";116;109;"TAUBATE";"Não guardar distância de segurança";"Colisão traseira";"Com Vítimas Feridas";"Pleno dia";"Crescente";"Garoa/Chuvisco";"Dupla";"Reta";"Sim";3;0;1;0;2;0;1;2;-23,028759;-45,545235;"SPRF-SP";"DEL06-SP";"UOP01-DEL06-SP"
111275;2018-02-14;"quarta-feira";"15:15:00";"MG";267;295,9;"BAEPENDI";"Falta de Atenção à Condução";"Engavetamento";"Sem Vítimas";"Pleno dia";"Decrescente";"Céu Claro";"Simples";"Reta";"Não";4;0;0;0;4;0;0;3;-21,959368;-44,89038;"SPRF-MG";"DEL05-MG";"DEL5/4-UOP01/MG"
111276;2018-02-14;"quarta-feira";"13:40:00";"ES";101;304;"VIANA";"Ingestão de Substâncias Psicoativas";"Colisão frontal";"Sem Vítimas";"Pleno dia";"Crescente";"Céu Claro";"Dupla";"Reta";"Sim";4;0;0;0;4;0;0;3;-20,3830206;-40,4597951;"SPRF-ES";"DEL01-ES";"UOP01-DEL01-ES"
111277;2018-02-14;"quarta-feira";"15:50:00";"SC";101;205;"SAO JOSE";"Falta de Atenção à Condução";"Colisão lateral";"Com Vítimas Feridas";"Pleno dia";"Decrescente";"Céu Claro";"Múltipla";"Reta";"Sim";2;0;1;0;0;1;1;2;-27,592;-48,6181;"SPRF-SC";"DEL01-SC";"UOP01-DEL01-SC"
111278;2018-02-14;"quarta-feira";"15:50:00";"MG";262;44,3;"MANHUACU";"Velocidade Incompatível";"Saída de leito carroçável";"Com Vítimas Feridas";"Pleno dia";"Crescente";"Céu Claro";"Simples";"Curva";"Não";1;0;1;0;0;0;1;1;-20,25991199;-42,09144954;"SPRF-MG";"DEL06-MG";"UOP03-DEL06-MG"
111280;2018-02-14;"quarta-feira";"15:40:00";"SC";101;216;"PALHOCA";"Velocidade Incompatível";"Colisão traseira";"Com Vítimas Feridas";"Pleno dia";"Decrescente";"Nublado";"Dupla";"Reta";"Sim";1;0;1;0;0;0;1;1;-27,659815;-48,677479;"SPRF-SC";"DEL01-SC";"UOP02-DEL01-SC"
111281;2018-02-14;"quarta-feira";"15:35:00";"PR";376;511,9;"PONTA GROSSA";"Condutor Dormindo";"Saída de leito carroçável";"Sem Vítimas";"Pleno dia";"Decrescente";"Garoa/Chuvisco";"Dupla";"Reta";"Não";1;0;0;0;1;0;0;1;-25,23367151;-50,04143715;"SPRF-PR";"DEL03-PR";"UOP04-DEL03-PR"
111282;2018-02-14;"quarta-feira";"16:00:00";"RJ";40;11,8;"COMENDADOR LEVY GASPARIAN";"Falta de Atenção à Condução";"Colisão lateral";"Com Vítimas Feridas";"Pleno dia";"Crescente";"Céu Claro";"Dupla";"Reta";"Não";4;0;3;0;1;0;3;2;-22,05531481;-43,19632877;"SPRF-RJ";"DEL06-RJ";"UOP02-DEL05-RJ"
111284;2018-02-14;"quarta-feira";"15:55:00";"RS";290;91;"PORTO ALEGRE";"Falta de Atenção à Condução";"Colisão lateral";"Com Vítimas Feridas";"Pleno dia";"Decrescente";"Céu Claro";"Dupla";"Reta";"Não";3;0;0;1;2;0;1;2;-29,96954625;-51,16966009;"SPRF-RS";"DEL01-RS";"UOP01-DEL01-RS"
111285;2018-02-14;"quarta-feira";"13:34:00";"SC";163;69,6;"SAO MIGUEL DO OESTE";"Falta de Atenção à Condução";"Colisão transversal";"Com Vítimas Feridas";"Pleno dia";"Decrescente";"Céu Claro";"Dupla";"Reta";"Sim";2;0;1;0;0;1;1;2;-26,73670432;-53,50356811;"SPRF-SC";"DEL07-SC";"UOP03-DEL07-SC"
111286;2018-02-14;"quarta-feira";"14:40:00";"PI";316;16,3;"TERESINA";"Não guardar distância de segurança";"Colisão traseira";"Com Vítimas Feridas";"Pleno dia";"Decrescente";"Nublado";"Simples";"Reta";"Não";5;0;1;0;4;0;1;4;-5,226193;-42,750168;"SPRF-PI";"DEL01-PI";"UOP02-DEL01-PI"
111288;2018-02-14;"quarta-feira";"15:50:00";"RS";386;419,5;"MONTENEGRO";"Ultrapassagem Indevida";"Saída de leito carroçável";"Sem Vítimas";"Pleno dia";"Decrescente";"Sol";"Dupla";"Reta";"Sim";1;0;0;0;1;0;0;1;-29,82158272;-51,44897461;"SPRF-RS";"DEL04-RS";"UOP02-DEL04-RS"
111289;2018-02-14;"quarta-feira";"16:00:00";"SP";116;46;"CANAS";"Animais na Pista";"Colisão traseira";"Sem Vítimas";"Pleno dia";"Decrescente";"Céu Claro";"Dupla";"Reta";"Não";2;0;0;0;2;0;0;2;-22,71409718;-45,0537025;"SPRF-SP";"DEL08-SP";"UOP02-DEL08-SP"
111290;2018-02-13;"terça-feira";"22:50:00";"PE";316;66,5;"OURICURI";"Fenômenos da Natureza";"Capotamento";"Sem Vítimas";"Plena Noite";"Crescente";"Chuva";"Simples";"Reta";"Não";1;0;0;0;1;0;0;1;-7,79199859;-40,20595371;"SPRF-PE";"DEL05-PE";"UOP02-DEL05-PE"
111291;2018-02-14;"quarta-feira";"13:30:00";"RO";364;63,8;"PORTO VELHO";"Falta de Atenção à Condução";"Colisão traseira";"Com Vítimas Feridas";"Pleno dia";"Decrescente";"Nublado";"Dupla";"Reta";"Sim";3;0;1;0;2;0;1;3;-8,76450769;-63,88448954;"SPRF-RO";"DEL04-RO";"DEL21/4-UOP03/RO"
111292;2018-02-14;"quarta-feira";"16:25:00";"MG";116;313,2;"ITAMBACURI";"Condutor Dormindo";"Colisão com objeto estático";"Com Vítimas Feridas";"Pleno dia";"Crescente";"Céu Claro";"Simples";"Reta";"Não";1;0;0;1;0;0;1;1;-18,09497004;-41,6892904;"SPRF-MG";"DEL11-MG";"UOP01-DEL11-MG"
111293;2018-02-14;"quarta-feira";"14:50:00";"MT";364;204,1;"RONDONOPOLIS";"Avarias e/ou desgaste excessivo no pneu";"Queda de ocupante de veículo";"Com Vítimas Feridas";"Pleno dia";"Decrescente";"Céu Claro";"Dupla";"Reta";"Não";2;0;2;0;0;0;2;1;-16,46649904;-54,65751439;"SPRF-MT";"DEL02-MT";"UOP01-DEL02-MT"
111294;2018-02-13;"terça-feira";"19:30:00";"PE";428;17;"CABROBO";"Pista Escorregadia";"Colisão com objeto estático";"Sem Vítimas";"Plena Noite";"Decrescente";"Chuva";"Simples";"Reta";"Sim";1;0;0;0;1;0;0;1;-8,496933;-39,370312;"SPRF-PE";"DEL05-PE";"UOP03-DEL05-PE"
111295;2018-02-14;"quarta-feira";"15:20:00";"SP";116;106,5;"TAUBATE";"Falta de Atenção à Condução";"Colisão traseira";"Sem Vítimas";"Pleno dia";"Crescente";"Nublado";"Dupla";"Reta";"Sim";2;0;0;0;2;0;0;2;-23,01795;-45,530148;"SPRF-SP";"DEL06-SP";"UOP01-DEL06-SP"
111296;2018-02-14;"quarta-feira";"16:00:00";"PE";101;3,2;"GOIANA";"Pista Escorregadia";"Saída de leito carroçável";"Com Vítimas Feridas";"Pleno dia";"Crescente";"Garoa/Chuvisco";"Dupla";"Curva";"Não";3;0;2;0;1;0;2;2;-7,53101966;-34,99136009;"SPRF-PE";"DEL01-PE";"UOP02-DEL01-PE"
111297;2018-02-14;"quarta-feira";"16:20:00";"SC";480;125,1;"CHAPECO";"Falta de Atenção à Condução";"Saída de leito carroçável";"Sem Vítimas";"Pleno dia";"Decrescente";"Céu Claro";"Múltipla";"Declive;Curva";"Não";1;0;0;0;1;0;0;1;-27,0968;-52,6186;"SPRF-SC";"DEL07-SC";"UOP01-DEL07-SC"
111298;2018-02-14;"quarta-feira";"16:00:00";"MS";163;287,2;"DOURADOS";"Falta de Atenção à Condução";"Colisão transversal";"Com Vítimas Feridas";"Pleno dia";"Crescente";"Sol";"Simples";"Reta";"Não";3;0;1;0;2;0;1;2;-22,221565;-54,806004;"SPRF-MS";"DEL04-MS";"UOP01-DEL04-MS"
111299;2018-02-14;"quarta-feira";"16:20:00";"MG";40;331,4;"FELIXLANDIA";"Falta de Atenção à Condução";"Saída de leito carroçável";"Com Vítimas Feridas";"Pleno dia";"Decrescente";"Céu Claro";"Simples";"Curva;Aclive";"Não";3;0;0;1;2;0;1;1;-18,58523795;-45,01119563;"SPRF-MG";"DEL14-MG";"UOP02-DEL14-MG"
111302;2018-02-14;"quarta-feira";"15:30:00";"PB";101;72;"SANTA RITA";"Falta de Atenção à Condução";"Colisão traseira";"Sem Vítimas";"Pleno dia";"Crescente";"Nublado";"Múltipla";"Retorno Regulamentado";"Não";2;0;0;0;2;0;0;2;-7,07960876;-34,98638302;"SPRF-PB";"DEL01-PB";"UOP04-DEL01-PB"
111303;2018-02-14;"quarta-feira";"16:00:00";"PR";280;285;"FLOR DA SERRA DO SUL";"Falta de Atenção à Condução";"Colisão traseira";"Sem Vítimas";"Pleno dia";"Crescente";"Céu Claro";"Simples";"Declive";"Não";3;0;0;0;3;0;0;2;-26,2581;-53,3088;"SPRF-PR";"DEL02-PR";"UOP01-DEL02-PR"
111305;2018-02-14;"quarta-feira";"17:18:00";"PR";116;166,6;"QUITANDINHA";"Falta de Atenção à Condução";"Colisão transversal";"Com Vítimas Feridas";"Pleno dia";"Crescente";"Céu Claro";"Simples";"Reta";"Não";2;0;1;0;1;0;1;2;-25,87560617;-49,4868305;"SPRF-PR";"DEL01-PR";"UOP03-DEL01-PR"
111308;2018-01-16;"terça-feira";"22:40:00";"MS";163;416,9;"NOVA ALVORADA DO SUL";"Ingestão de Álcool";"Colisão com objeto estático";"Com Vítimas Feridas";"Plena Noite";"Crescente";"Nublado";"Simples";"Reta";"Não";3;0;0;2;1;0;2;2;-21,02298255;-54,50592041;"SPRF-MS";"DEL02-MS";"UOP01-DEL02-MS"
111309;2018-02-14;"quarta-feira";"12:15:00";"BA";418;48;"CARAVELAS";"Falta de Atenção do Pedestre";"Atropelamento de Pedestre";"Com Vítimas Feridas";"Pleno dia";"Crescente";"Céu Claro";"Simples";"Reta";"Não";2;0;0;1;1;0;1;2;-17,722933;-39,528667;"SPRF-BA";"DEL09-BA";"UOP02-DEL09-BA"
111310;2018-02-14;"quarta-feira";"16:00:00";"MG";381;706,8;"LAVRAS";"Condutor Dormindo";"Saída de leito carroçável";"Com Vítimas Feridas";"Pleno dia";"Crescente";"Sol";"Dupla";"Curva";"Não";3;0;3;0;0;0;3;1;-21,32530621;-45,16704326;"SPRF-MG";"DEL04-MG";"UOP02-DEL04-MG"
111311;2018-02-14;"quarta-feira";"18:15:00";"RS";116;194,9;"PICADA CAFE";"Falta de Atenção à Condução";"Colisão transversal";"Com Vítimas Feridas";"Pleno dia";"Crescente";"Sol";"Múltipla";"Interseção de Vias";"Sim";2;0;1;0;1;0;1;2;-29,45401397;-51,13688507;"SPRF-RS";"DEL05-RS";"UOP02-DEL05-RS"
111312;2018-02-14;"quarta-feira";"18:25:00";"ES";101;321;"GUARAPARI";"Falta de Atenção à Condução";"Colisão transversal";"Com Vítimas Feridas";"Pleno dia";"Decrescente";"Céu Claro";"Simples";"Interseção de Vias";"Não";2;0;2;0;0;0;2;2;-20,52204066;-40,47834009;"SPRF-ES";"DEL03-ES";"UOP01-DEL03-ES"
111314;2018-02-10;"sábado";"21:40:00";"RJ";465;3;"SEROPEDICA";"Desobediência às normas de trânsito pelo condutor";"Colisão transversal";"Com Vítimas Feridas";"Plena Noite";"Decrescente";"Céu Claro";"Dupla";"Reta";"Não";2;0;1;0;0;1;1;2;-22,73185705;-43,71985674;"SPRF-RJ";"DEL01-RJ";"UOP03-DEL01-RJ"
111315;2018-02-14;"quarta-feira";"17:20:00";"SP";116;37,8;"CACHOEIRA PAULISTA";"Pista Escorregadia";"Colisão com objeto estático";"Sem Vítimas";"Pleno dia";"Decrescente";"Chuva";"Dupla";"Curva";"Não";1;0;0;0;1;0;0;1;-22,66971058;-44,99016609;"SPRF-SP";"DEL08-SP";"UOP02-DEL08-SP"
111317;2018-02-14;"quarta-feira";"17:20:00";"CE";116;298,6;"JAGUARIBE";"Defeito na Via";"Saída de leito carroçável";"Com Vítimas Feridas";"Pleno dia";"Crescente";"Garoa/Chuvisco";"Simples";"Reta";"Não";4;0;1;0;3;0;1;1;-5,890965;-38,622257;"SPRF-CE";"DEL05-CE";"UOP02-DEL05-CE"
111318;2018-02-14;"quarta-feira";"18:30:00";"RJ";116;248;"PIRAI";"Velocidade Incompatível";"Colisão com objeto estático";"Com Vítimas Feridas";"Plena Noite";"Crescente";"Chuva";"Dupla";"Curva";"Não";2;0;1;0;1;0;1;1;-22,58231454;-43,99200439;"SPRF-RJ";"DEL07-RJ";"UOP01-DEL07-RJ"
111320;2018-02-14;"quarta-feira";"18:30:00";"PR";277;7,5;"PARANAGUA";"Desobediência às normas de trânsito pelo condutor";"Colisão transversal";"Com Vítimas Feridas";"Pleno dia";"Crescente";"Céu Claro";"Simples";"Reta";"Não";2;0;1;0;1;0;1;2;-25,50750298;-48,51691498;"SPRF-PR";"DEL01-PR";"UOP05-DEL01-PR"
111321;2018-01-20;"sábado";"21:50:00";"PR";158;524,2;"PATO BRANCO";"Defeito Mecânico no Veículo";"Queda de ocupante de veículo";"Com Vítimas Feridas";"Plena Noite";"Decrescente";"Céu Claro";"Simples";"Reta";"Sim";1;0;1;0;0;0;1;1;-26,22908;-52,671;"SPRF-PR";"DEL02-PR";"UOP01-DEL02-PR"
111322;2018-02-14;"quarta-feira";"17:30:00";"PR";376;0;"SAO JOSE DOS PINHAIS";"Falta de Atenção à Condução";"Colisão traseira";"Com Vítimas Feridas";"Pleno dia";"Crescente";"Nublado";"Múltipla";"Reta";"Não";1;0;1;0;0;0;1;1;-25,5673141;-49,1831526;"SPRF-PR";"DEL01-PR";"DEL7/1-UOP08/PR"
111323;2018-02-14;"quarta-feira";"19:00:00";"SP";116;279;"EMBU DAS ARTES";"Não guardar distância de segurança";"Queda de ocupante de veículo";"Com Vítimas Feridas";"Anoitecer";"Crescente";"Chuva";"Dupla";"Curva";"Não";1;0;1;0;0;0;1;1;-23,63575718;-46,83106899;"SPRF-SP";"DEL04-SP";"UOP01-DEL04-SP"
111325;2018-02-14;"quarta-feira";"19:00:00";"SP";116;340;"MIRACATU";"Pista Escorregadia";"Saída de leito carroçável";"Sem Vítimas";"Anoitecer";"Decrescente";"Chuva";"Dupla";"Curva";"Não";2;0;0;0;2;0;0;1;-24,00604;-47,15838;"SPRF-SP";"DEL04-SP";"UOP03-DEL04-SP"
111326;2018-02-14;"quarta-feira";"18:08:00";"BA";324;550,9;"AMELIA RODRIGUES";"Pista Escorregadia";"Capotamento";"Com Vítimas Feridas";"Plena Noite";"Crescente";"Céu Claro";"Dupla";"Reta";"Não";1;0;1;0;0;0;1;1;-12,4028;-38,7551;"SPRF-BA";"DEL01-BA";"UOP01-DEL01-BA"
111327;2018-02-14;"quarta-feira";"19:10:00";"GO";40;7;"VALPARAISO DE GOIAS";"Animais na Pista";"Atropelamento de Animal";"Com Vítimas Feridas";"Pleno dia";"Crescente";"Céu Claro";"Dupla";"Reta";"Sim";1;0;1;0;0;0;1;1;-16,11178165;-47,97044992;"SPRF-DF";"DEL01-DF";"UOP01-DEL01-DF"
111332;2018-02-14;"quarta-feira";"18:30:00";"SE";235;4;"NOSSA SENHORA DO SOCORRO";"Falta de Atenção à Condução";"Capotamento";"Com Vítimas Feridas";"Plena Noite";"Decrescente";"Ignorado";"Dupla";"Reta";"Não";5;0;5;0;0;0;5;1;-10,9064;-37,1197;"SPRF-SE";"DEL01-SE";"UOP01-DEL01-SE"
111333;2018-02-14;"quarta-feira";"19:30:00";"SC";470;52,4;"BLUMENAU";"Falta de Atenção à Condução";"Colisão lateral";"Com Vítimas Feridas";"Anoitecer";"Crescente";"Nublado";"Simples";"Reta";"Sim";2;0;1;0;1;0;1;2;-26,85979671;-49,07599747;"SPRF-SC";"DEL04-SC";"UOP01-DEL04-SC"
111335;2018-02-14;"quarta-feira";"17:50:00";"CE";222;143;"IRAUCUBA";"Ultrapassagem Indevida";"Colisão lateral";"Com Vítimas Feridas";"Plena Noite";"Decrescente";"Chuva";"Simples";"Reta";"Não";9;0;4;1;4;0;5;3;-3,762098;-39,736069;"SPRF-CE";"DEL04-CE";"UOP03-DEL04-CE"
111336;2018-02-14;"quarta-feira";"17:50:00";"RS";290;317,1;"CACAPAVA DO SUL";"Desobediência às normas de trânsito pelo condutor";"Colisão transversal";"Sem Vítimas";"Pleno dia";"Decrescente";"Céu Claro";"Simples";"Interseção de Vias";"Não";3;0;0;0;3;0;0;2;-30,36655291;-53,36240888;"SPRF-RS";"DEL09-RS";"UOP02-DEL09-RS"
111338;2018-02-14;"quarta-feira";"19:00:00";"SP";116;218,5;"GUARULHOS";"Pista Escorregadia";"Tombamento";"Com Vítimas Feridas";"Anoitecer";"Crescente";"Nublado";"Dupla";"Curva";"Sim";1;0;1;0;0;0;1;1;-23,45902416;-46,48947358;"SPRF-SP";"DEL01-SP";"UOP01-DEL01-SP"
111340;2018-02-14;"quarta-feira";"19:40:00";"AL";423;58,4;"AGUA BRANCA";"Animais na Pista";"Saída de leito carroçável";"Com Vítimas Feridas";"Plena Noite";"Crescente";"Céu Claro";"Simples";"Declive;Reta";"Não";5;0;4;1;0;0;5;1;-9,28566468;-37,79479275;"SPRF-AL";"DEL03-AL";"UOP02-DEL03-AL"
111342;2018-02-14;"quarta-feira";"16:30:00";"SC";116;245,6;"LAGES";"Falta de Atenção à Condução";"Colisão transversal";"Sem Vítimas";"Pleno dia";"Decrescente";"Céu Claro";"Simples";"Rotatória";"Sim";2;0;0;0;2;0;0;2;-27,80067384;-50,36383043;"SPRF-SC";"DEL05-SC";"UOP02-DEL05-SC"
111344;2018-02-14;"quarta-feira";"19:30:00";"MT";163;56;"RONDONOPOLIS";"Defeito Mecânico no Veículo";"Capotamento";"Sem Vítimas";"Plena Noite";"Decrescente";"Céu Claro";"Dupla";"Reta";"Não";2;0;0;0;2;0;0;1;-17,021475;-54,762337;"SPRF-MT";"DEL02-MT";"DEL2/2-UOP02/MT"
111345;2018-02-14;"quarta-feira";"20:20:00";"RJ";116;237;"PIRAI";"Falta de Atenção do Pedestre";"Atropelamento de Pedestre";"Com Vítimas Feridas";"Plena Noite";"Crescente";"Céu Claro";"Dupla";"Reta";"Sim";2;0;0;1;1;0;1;2;-22,6380952;-43,89862061;"SPRF-RJ";"DEL07-RJ";"UOP01-DEL07-RJ"
111346;2018-02-14;"quarta-feira";"19:30:00";"SC";101;213;"PALHOCA";"Não guardar distância de segurança";"Colisão traseira";"Sem Vítimas";"Anoitecer";"Decrescente";"Nublado";"Dupla";"Declive";"Sim";2;0;0;0;2;0;0;2;-27,6446;-48,6705;"SPRF-SC";"DEL01-SC";"UOP02-DEL01-SC"
111347;2018-02-14;"quarta-feira";"19:30:00";"MT";0;0;"NOVA MUTUM";"Defeito Mecânico no Veículo";"Incêndio";"Sem Vítimas";"Plena Noite";"Não Informado";"Céu Claro";"Simples";"Reta";"Não";1;0;0;0;1;0;0;1;-13,96605408;-56,09687805;"SPRF-MT";"DEL01-MT";"UOP01-DEL01-MT"
111348;2018-02-14;"quarta-feira";"20:25:00";"CE";20;424,5;"MARACANAU";"Pista Escorregadia";"Saída de leito carroçável";"Sem Vítimas";"Plena Noite";"Decrescente";"Chuva";"Dupla";"Reta";"Sim";1;0;0;0;1;0;0;1;-3,86401912;-38,52050185;"SPRF-CE";"DEL01-CE";"UOP02-DEL01-CE"
111349;2018-02-14;"quarta-feira";"21:30:00";"SC";101;82;"BARRA VELHA";"Falta de Atenção à Condução";"Capotamento";"Sem Vítimas";"Plena Noite";"Decrescente";"Céu Claro";"Múltipla";"Reta";"Não";1;0;0;0;1;0;0;1;-26,6219;-48,7163;"SPRF-SC";"DEL03-SC";"UOP02-DEL03-SC"
111350;2018-02-14;"quarta-feira";"21:45:00";"RS";116;264;"CANOAS";"Falta de Atenção à Condução";"Colisão lateral";"Com Vítimas Feridas";"Plena Noite";"Decrescente";"Céu Claro";"Dupla";"Declive";"Sim";3;0;2;0;1;0;2;2;-29,91404383;-51,17733121;"SPRF-RS";"DEL01-RS";"UOP01-DEL01-RS"
111351;2018-02-14;"quarta-feira";"19:30:00";"PI";343;12;"PARNAIBA";"Falta de Atenção à Condução";"Colisão traseira";"Com Vítimas Feridas";"Plena Noite";"Crescente";"Chuva";"Dupla";"Rotatória";"Sim";3;0;1;0;2;0;1;2;-2,910035;-41,753662;"SPRF-PI";"DEL05-PI";"UOP01-DEL05-PI"
111356;2018-02-14;"quarta-feira";"21:55:00";"BA";101;922;"NOVA VICOSA";"Animais na Pista";"Atropelamento de Animal";"Sem Vítimas";"Plena Noite";"Crescente";"Céu Claro";"Simples";"Reta";"Não";3;0;0;0;3;0;0;1;-17,9048;-39,8245;"SPRF-BA";"DEL09-BA";"UOP02-DEL09-BA"
111360;2018-02-14;"quarta-feira";"23:25:00";"PR";116;17;"COLOMBO";"Falta de Atenção à Condução";"Saída de leito carroçável";"Com Vítimas Feridas";"Plena Noite";"Decrescente";"Nublado";"Dupla";"Reta";"Sim";2;0;2;0;0;0;2;1;-25,389;-49,1867;"SPRF-PR";"DEL01-PR";"UOP02-DEL01-PR"
111361;2018-02-14;"quarta-feira";"23:25:00";"PR";277;593,8;"CASCAVEL";"Ingestão de Álcool";"Colisão com objeto estático";"Sem Vítimas";"Plena Noite";"Crescente";"Céu Claro";"Simples";"Reta";"Sim";1;0;0;0;0;1;0;1;-24,956297;-53,455727;"SPRF-PR";"DEL04-PR";"UOP01-DEL04-PR"
111362;2018-02-14;"quarta-feira";"23:10:00";"RJ";393;122,9;"SAPUCAIA";"Falta de Atenção do Pedestre";"Atropelamento de Pedestre";"Com Vítimas Fatais";"Plena Noite";"Decrescente";"Céu Claro";"Simples";"Reta";"Não";2;1;0;1;0;0;1;2;-21,95183252;-42,84010023;"SPRF-RJ";"DEL06-RJ";"UOP01-DEL05-RJ"
111364;2018-02-15;"quinta-feira";"00:15:00";"PR";376;228,6;"APUCARANA";"Animais na Pista";"Atropelamento de Animal";"Com Vítimas Feridas";"Plena Noite";"Decrescente";"Céu Claro";"Dupla";"Reta";"Não";2;0;2;0;0;0;2;2;-23,57463714;-51,55125168;"SPRF-PR";"DEL07-PR";"UOP03-DEL07-PR"
111365;2018-02-14;"quarta-feira";"23:45:00";"AL";101;211,6;"SAO SEBASTIAO";"Ingestão de Álcool";"Colisão frontal";"Com Vítimas Feridas";"Plena Noite";"Crescente";"Nublado";"Simples";"Desvio Temporário";"Não";4;0;1;3;0;0;4;2;-10,01348193;-36,61056519;"SPRF-AL";"DEL02-AL";"UOP02-DEL02-AL"
111366;2018-02-14;"quarta-feira";"22:40:00";"RO";364;706;"PORTO VELHO";"Velocidade Incompatível";"Colisão com objeto estático";"Sem Vítimas";"Plena Noite";"Crescente";"Céu Claro";"Dupla";"Curva";"Sim";1;0;0;0;0;1;0;1;-8,762345;-63,90435;"SPRF-RO";"DEL01-RO";"UOP01-DEL01-RO"
111367;2018-02-15;"quinta-feira";"00:40:00";"ES";262;157,4;"IBATIBA";"Ingestão de Álcool";"Colisão lateral";"Com Vítimas Feridas";"Plena Noite";"Crescente";"Nublado";"Simples";"Reta";"Sim";2;0;0;1;1;0;1;2;-20,23136021;-41,49056017;"SPRF-ES";"DEL01-ES";"UOP02-DEL01-ES"
111368;2018-02-14;"quarta-feira";"08:20:00";"PR";376;657;"TIJUCAS DO SUL";"Velocidade Incompatível";"Saída de leito carroçável";"Sem Vítimas";"Pleno dia";"Decrescente";"Chuva";"Dupla";"Curva";"Não";1;0;0;0;1;0;0;1;-25,928534;-49,199314;"SPRF-PR";"DEL01-PR";"DEL7/1-UOP08/PR"
111369;2018-02-15;"quinta-feira";"00:50:00";"RJ";116;275;"BARRA MANSA";"Pista Escorregadia";"Colisão com objeto estático";"Com Vítimas Feridas";"Plena Noite";"Crescente";"Chuva";"Dupla";"Reta";"Sim";1;0;1;0;0;0;1;1;-22,55948867;-44,16572571;"SPRF-RJ";"DEL07-RJ";"UOP02-DEL07-RJ"
111371;2018-02-15;"quinta-feira";"01:22:00";"SP";116;218;"GUARULHOS";"Falta de Atenção à Condução";"Colisão traseira";"Com Vítimas Feridas";"Plena Noite";"Crescente";"Céu Claro";"Múltipla";"Reta";"Não";2;0;1;0;1;0;1;2;-23,461415;-46,489996;"SPRF-SP";"DEL01-SP";"UOP01-DEL01-SP"
111374;2018-02-15;"quinta-feira";"00:40:00";"SC";163;69;"SAO MIGUEL DO OESTE";"Ingestão de Álcool";"Atropelamento de Pedestre";"Com Vítimas Feridas";"Plena Noite";"Decrescente";"Céu Claro";"Dupla";"Reta";"Sim";3;0;1;0;2;0;1;2;-26,741289;-53,501209;"SPRF-SC";"DEL07-SC";"UOP03-DEL07-SC"
111377;2018-02-14;"quarta-feira";"23:30:00";"RJ";101;578;"PARATY";"Fenômenos da Natureza";"Colisão com objeto estático";"Com Vítimas Feridas";"Plena Noite";"Crescente";"Chuva";"Simples";"Reta";"Sim";2;0;2;0;0;0;2;1;-23,24891699;-44,70062256;"SPRF-RJ";"DEL03-RJ";"UOP04-DEL03-RJ"
111381;2018-02-15;"quinta-feira";"02:40:00";"RJ";116;328;"RESENDE";"Pista Escorregadia";"Colisão com objeto estático";"Sem Vítimas";"Plena Noite";"Decrescente";"Chuva";"Dupla";"Curva";"Não";1;0;0;0;1;0;0;1;-22,46937;-44,44705;"SPRF-RJ";"DEL07-RJ";"DEL5/7-UOP03/RJ"
111382;2018-02-15;"quinta-feira";"03:20:00";"SC";101;208;"SAO JOSE";"Falta de Atenção à Condução";"Colisão com objeto estático";"Com Vítimas Feridas";"Plena Noite";"Crescente";"Céu Claro";"Dupla";"Reta";"Sim";1;0;1;0;0;0;1;1;-27,6101;-48,6388;"SPRF-SC";"DEL01-SC";"UOP01-DEL01-SC"
111383;2018-02-15;"quinta-feira";"05:00:00";"MG";365;481,2;"PATROCINIO";"Ingestão de Álcool";"Colisão lateral";"Com Vítimas Feridas";"Plena Noite";"Crescente";"Céu Claro";"Simples";"Curva";"Não";4;0;1;0;3;0;1;2;-18,9436;-46,9923;"SPRF-MG";"DEL10-MG";"UOP01-DEL10-MG"
111385;2018-02-15;"quinta-feira";"05:10:00";"SC";101;338,8;"TUBARAO";"Ingestão de Álcool";"Saída de leito carroçável";"Sem Vítimas";"Amanhecer";"Decrescente";"Nublado";"Dupla";"Aclive;Reta";"Não";1;0;0;0;1;0;0;1;-28,4946;-49,0429;"SPRF-SC";"DEL02-SC";"UOP01-DEL02-SC"
111386;2018-02-15;"quinta-feira";"04:50:00";"PR";116;208;"RIO NEGRO";"Falta de Atenção à Condução";"Colisão transversal";"Com Vítimas Feridas";"Plena Noite";"Crescente";"Céu Claro";"Simples";"Reta";"Sim";2;0;1;0;1;0;1;2;-26,10631;-49,797928;"SPRF-SC";"DEL06-SC";"UOP01-DEL06-SC"
111387;2018-01-31;"quarta-feira";"05:15:00";"SE";101;25,9;"MURIBECA";"Condutor Dormindo";"Colisão com objeto estático";"Com Vítimas Feridas";"Pleno dia";"Decrescente";"Céu Claro";"Simples";"Reta";"Não";1;0;1;0;0;0;1;1;-10,41306954;-36,92025304;"SPRF-SE";"DEL02-SE";"UOP02-DEL02-SE"
111389;2018-02-15;"quinta-feira";"04:45:00";"MT";364;137;"PEDRA PRETA";"Fenômenos da Natureza";"Colisão com objeto estático";"Sem Vítimas";"Plena Noite";"Crescente";"Céu Claro";"Simples";"Declive;Reta";"Não";1;0;0;0;1;0;0;1;-16,808228;-54,08886;"SPRF-MT";"DEL02-MT";"UOP01-DEL02-MT"