"id";"data_inversa";"dia_semana";"horario";"uf";"br";"km";"municipio";"causa_acidente";"tipo_acidente";"classificacao_acidente";"fase_dia";"sentido_via";"condicao_metereologica";"tipo_pista";"tracado_via";"uso_solo";"pessoas";"mortos";"feridos_leves";"feridos_graves";"ilesos";"ignorados";"feridos";"veiculos";"latitude";"longitude";"regional";"delegacia";"uop"
112033;2018-02-18;"domingo";"04:30:00";"RO";364;244;"CACOAL";"Falta de Atenção à Condução";"Atropelamento de Pedestre";"Com Vítimas Feridas";"Plena Noite";"Decrescente";"Nublado";"Simples";"Reta";"Não";5;0;2;1;0;2;3;2;-11,4405876;-61,49410424;"SPRF-RO";"DEL02-RO";"UOP02-DEL02-RO"
112034;2018-02-18;"domingo";"05:38:00";"MG";262;819,1;"UBERABA";"Falta de Atenção do Pedestre";"Atropelamento de Pedestre";"Com Vítimas Fatais";"Amanhecer";"Crescente";"Céu Claro";"Dupla";"Reta";"Não";2;1;0;0;1;0;0;2;-19,75944;-48,05929;"SPRF-MG";"DEL13-MG";"UOP01-DEL13-MG"
112035;2018-02-18;"domingo";"06:00:00";"MG";262;395,1;"PARA DE MINAS";"Falta de Atenção à Condução";"Saída de leito carroçável";"Com Vítimas Feridas";"Amanhecer";"Decrescente";"Céu Claro";"Dupla";"Reta";"Não";1;0;1;0;0;0;1;1;-19,89556563;-44,56628998;"SPRF-MG";"DEL01-MG";"UOP03-DEL01-MG"
112036;2018-02-18;"domingo";"05:50:00";"MG";381;790,2;"SAO GONCALO DO SAPUCAI";"Velocidade Incompatível";"Saída de leito carroçável";"Sem Vítimas";"Amanhecer";"Crescente";"Chuva";"Dupla";"Reta";"Não";1;0;0;0;1;0;0;1;-21,88642131;-45,5456205;"SPRF-MG";"DEL16-MG";"UOP02-DEL16-MG"
112037;2018-02-18;"domingo";"06:15:00";"RN";101;79,7;"SAO GONCALO DO AMARANTE";"Falta de Atenção à Condução";"Colisão transversal";"Com Vítimas Feridas";"Pleno dia";"Crescente";"Céu Claro";"Dupla";"Reta";"Não";2;0;1;0;1;0;1;2;-5,75785458;-35,29701233;"SPRF-RN";"DEL02-RN";"UOP01-DEL02-RN"
112039;2018-02-18;"domingo";"05:55:00";"RS";116;154,6;"CAXIAS DO SUL";"Defeito Mecânico no Veículo";"Incêndio";"Sem Vítimas";"Amanhecer";"Crescente";"Céu Claro";"Simples";"Reta";"Não";1;0;0;0;1;0;0;1;-29,1977259;-51,17886543;"SPRF-RS";"DEL05-RS";"UOP01-DEL05-RS"
112041;2018-02-18;"domingo";"05:30:00";"SP";116;56,5;"LORENA";"Velocidade Incompatível";"Queda de ocupante de veículo";"Com Vítimas Fatais";"Amanhecer";"Crescente";"Nublado";"Dupla";"Reta";"Sim";1;1;0;0;0;0;0;1;-22,77180651;-45,13455507;"SPRF-SP";"DEL08-SP";"UOP01-DEL08-SP"
112042;2018-02-18;"domingo";"06:30:00";"SP";116;277,6;"TABOAO DA SERRA";"Ingestão de Álcool";"Colisão com objeto estático";"Sem Vítimas";"Pleno dia";"Crescente";"Nublado";"Dupla";"Reta";"Sim";1;0;0;0;1;0;0;1;-23,6078;-46,7529;"SPRF-SP";"DEL04-SP";"UOP01-DEL04-SP"
112043;2018-02-18;"domingo";"06:07:00";"RS";290;94;"PORTO ALEGRE";"Condutor Dormindo";"Saída de leito carroçável";"Com Vítimas Fatais";"Amanhecer";"Crescente";"Céu Claro";"Dupla";"Curva";"Sim";4;1;0;3;0;0;3;1;-29,973856;-51,197853;"SPRF-RS";"DEL01-RS";"UOP01-DEL01-RS"
112044;2018-02-18;"domingo";"03:30:00";"SC";280;206,3;"MAFRA";"Ingestão de Álcool";"Saída de leito carroçável";"Com Vítimas Feridas";"Plena Noite";"Crescente";"Céu Claro";"Simples";"Curva";"Não";1;0;0;1;0;0;1;1;-26,16036854;-50,13473511;"SPRF-SC";"DEL06-SC";"UOP01-DEL06-SC"
112045;2018-02-18;"domingo";"06:30:00";"SC";280;166,3;"MAFRA";"Ultrapassagem Indevida";"Colisão com objeto estático";"Com Vítimas Feridas";"Pleno dia";"Decrescente";"Nublado";"Simples";"Declive";"Sim";1;0;1;0;0;0;1;1;-26,17474136;-49,81743408;"SPRF-SC";"DEL06-SC";"UOP01-DEL06-SC"
112046;2018-02-18;"domingo";"03:30:00";"SC";282;407,7;"CATANDUVAS";"Condutor Dormindo";"Colisão frontal";"Com Vítimas Feridas";"Plena Noite";"Decrescente";"Céu Claro";"Simples";"Curva";"Não";2;0;0;1;0;1;1;2;-27,07766666;-51,66293813;"SPRF-SC";"DEL07-SC";"UOP05-DEL07-SC"
112047;2018-02-18;"domingo";"05:30:00";"RS";293;119;"PINHEIRO MACHADO";"Ingestão de Álcool";"Colisão traseira";"Sem Vítimas";"Plena Noite";"Decrescente";"Céu Claro";"Simples";"Curva";"Não";4;0;0;0;4;0;0;2;-31,537302;-53,49258;"SPRF-RS";"DEL11-RS";"UOP03-DEL11-RS"
112048;2018-02-18;"domingo";"07:10:00";"SC";101;118,6;"ITAJAI";"Defeito na Via";"Tombamento";"Com Vítimas Feridas";"Pleno dia";"Crescente";"Nublado";"Simples";"Reta";"Sim";1;0;1;0;0;0;1;1;-26,90928041;-48,71185302;"SPRF-SC";"DEL04-SC";"UOP04-DEL04-SC"
112049;2018-02-18;"domingo";"06:30:00";"PR";476;119;"COLOMBO";"Ingestão de Álcool";"Colisão com objeto estático";"Com Vítimas Feridas";"Amanhecer";"Crescente";"Nublado";"Múltipla";"Aclive";"Sim";1;0;0;1;0;0;1;1;-25,364202;-49,185825;"SPRF-PR";"DEL01-PR";"UOP01-DEL01-PR"
112051;2018-02-18;"domingo";"07:10:00";"MG";381;815,4;"CAREACU";"Pista Escorregadia";"Saída de leito carroçável";"Sem Vítimas";"Pleno dia";"Decrescente";"Chuva";"Dupla";"Curva";"Não";2;0;0;0;2;0;0;1;-22,03528218;-45,68042317;"SPRF-MG";"DEL16-MG";"UOP02-DEL16-MG"
112053;2018-02-18;"domingo";"09:10:00";"PR";376;626,4;"SAO JOSE DOS PINHAIS";"Ingestão de Substâncias Psicoativas";"Atropelamento de Pedestre";"Com Vítimas Feridas";"Pleno dia";"Crescente";"Nublado";"Dupla";"Reta";"Sim";2;0;0;1;1;0;1;2;-25,66876032;-49,15557861;"SPRF-PR";"DEL01-PR";"DEL7/1-UOP08/PR"
112055;2018-02-18;"domingo";"09:00:00";"SP";153;201,2;"GETULINA";"Falta de Atenção à Condução";"Saída de leito carroçável";"Sem Vítimas";"Pleno dia";"Crescente";"Céu Claro";"Simples";"Reta";"Não";1;0;0;0;1;0;0;1;-21,83728055;-49,90378618;"SPRF-SP";"DEL07-SP";"UOP01-DEL07-SP"
112056;2018-02-18;"domingo";"09:00:00";"MG";262;368;"JUATUBA";"Velocidade Incompatível";"Colisão com objeto estático";"Sem Vítimas";"Pleno dia";"Crescente";"Sol";"Dupla";"Reta";"Não";1;0;0;0;1;0;0;1;-19,9568;-44,344;"SPRF-MG";"DEL01-MG";"UOP03-DEL01-MG"
112059;2018-02-18;"domingo";"09:05:00";"RS";116;216,1;"MORRO REUTER";"Falta de Atenção à Condução";"Colisão lateral";"Com Vítimas Feridas";"Pleno dia";"Decrescente";"Sol";"Simples";"Reta;Interseção de Vias";"Sim";2;0;1;0;1;0;1;2;-29,5384173;-51,07822627;"SPRF-RS";"DEL05-RS";"UOP02-DEL05-RS"
112060;2018-02-18;"domingo";"04:50:00";"SC";101;376,9;"ICARA";"Condutor Dormindo";"Saída de leito carroçável";"Com Vítimas Feridas";"Plena Noite";"Decrescente";"Céu Claro";"Dupla";"Reta";"Não";1;0;0;1;0;0;1;1;-28,73682606;-49,24723506;"SPRF-SC";"DEL02-SC";"UOP01-DEL02-SC"
112062;2018-02-18;"domingo";"10:10:00";"DF";20;11,5;"BRASILIA";"Desobediência às normas de trânsito pelo condutor";"Colisão transversal";"Com Vítimas Fatais";"Pleno dia";"Crescente";"Céu Claro";"Dupla";"Reta";"Sim";4;1;0;0;2;1;0;3;-15,64476483;-47,76210574;"SPRF-DF";"DEL02-DF";"UOP01-DEL02-DF"
112063;2018-02-09;"sexta-feira";"12:30:00";"SC";280;129;"RIO NEGRINHO";"Falta de Atenção do Pedestre";"Atropelamento de Pedestre";"Com Vítimas Feridas";"Pleno dia";"Crescente";"Nublado";"Simples";"Reta";"Sim";2;0;0;1;1;0;1;2;-26,25430361;-49,52844271;"SPRF-SC";"DEL06-SC";"UOP03-DEL06-SC"
112064;2018-02-18;"domingo";"10:10:00";"RS";116;568,9;"PEDRO OSORIO";"Animais na Pista";"Atropelamento de Animal";"Sem Vítimas";"Pleno dia";"Decrescente";"Céu Claro";"Simples";"Reta";"Não";2;0;0;0;2;0;0;1;-31,9558433;-52,7697233;"SPRF-RS";"DEL07-RS";"UOP03-DEL07-RS"
112065;2018-02-18;"domingo";"10:05:00";"CE";20;410,1;"CAUCAIA";"Desobediência às normas de trânsito pelo condutor";"Colisão lateral";"Com Vítimas Feridas";"Pleno dia";"Decrescente";"Nublado";"Simples";"Reta";"Não";5;0;4;1;0;0;5;3;-3,7640296;-38,6583805;"SPRF-CE";"DEL01-CE";"UOP01-DEL01-CE"
112066;2018-02-18;"domingo";"08:30:00";"MG";381;815,4;"CAREACU";"Pista Escorregadia";"Capotamento";"Com Vítimas Feridas";"Pleno dia";"Crescente";"Chuva";"Dupla";"Curva";"Não";2;0;1;0;1;0;1;1;-22,03528218;-45,68042317;"SPRF-MG";"DEL16-MG";"UOP02-DEL16-MG"
112067;2018-02-18;"domingo";"10:40:00";"GO";60;135;"GOIANIA";"Falta de Atenção à Condução";"Saída de leito carroçável";"Sem Vítimas";"Pleno dia";"Crescente";"Chuva";"Dupla";"Declive";"Não";1;0;0;0;1;0;0;1;-16,589;-49,1945;"SPRF-GO";"DEL01-GO";"UOP01-DEL01-GO"
112068;2018-02-18;"domingo";"11:00:00";"SP";116;269;"TABOAO DA SERRA";"Falta de Atenção à Condução";"Colisão transversal";"Com Vítimas Feridas";"Pleno dia";"Decrescente";"Nublado";"Dupla";"Reta";"Sim";4;0;2;0;2;0;2;2;-23,60874479;-46,75701857;"SPRF-SP";"DEL04-SP";"UOP01-DEL04-SP"
112069;2018-02-18;"domingo";"03:45:00";"SC";282;300;"VARGEM";"Desobediência às normas de trânsito pelo condutor";"Capotamento";"Com Vítimas Feridas";"Amanhecer";"Decrescente";"Ignorado";"Simples";"Curva";"Não";1;0;1;0;0;0;1;1;-27,515957;-50,917877;"SPRF-SC";"DEL07-SC";"UOP06-DEL07-SC"
112070;2018-02-18;"domingo";"10:09:00";"DF";70;11,2;"BRASILIA";"Falta de Atenção à Condução";"Colisão traseira";"Com Vítimas Feridas";"Pleno dia";"Crescente";"Sol";"Dupla";"Reta";"Sim";5;0;1;0;4;0;1;2;-15,79029202;-48,15149166;"SPRF-DF";"DEL01-DF";"UOP02-DEL03-DF"
112073;2018-02-18;"domingo";"11:00:00";"SC";470;56,4;"BLUMENAU";"Falta de Atenção à Condução";"Colisão transversal";"Com Vítimas Feridas";"Pleno dia";"Crescente";"Céu Claro";"Múltipla";"Interseção de Vias";"Sim";3;0;1;0;2;0;1;2;-26,87321016;-49,11418408;"SPRF-SC";"DEL04-SC";"UOP01-DEL04-SC"
112075;2018-02-18;"domingo";"11:20:00";"SC";101;111;"ITAJAI";"Falta de Atenção à Condução";"Saída de leito carroçável";"Sem Vítimas";"Pleno dia";"Crescente";"Nublado";"Simples";"Curva";"Não";1;0;0;0;1;0;0;1;-26,86083041;-48,70170593;"SPRF-SC";"DEL04-SC";"UOP04-DEL04-SC"
112076;2018-02-18;"domingo";"12:00:00";"AL";101;218,4;"PORTO REAL DO COLEGIO";"Pista Escorregadia";"Capotamento";"Sem Vítimas";"Pleno dia";"Crescente";"Chuva";"Dupla";"Curva";"Não";1;0;0;0;1;0;0;1;-10,1872;-36,8282;"SPRF-AL";"DEL02-AL";"UOP02-DEL02-AL"
112077;2018-02-18;"domingo";"11:50:00";"AL";104;40;"UNIAO DOS PALMARES";"Falta de Atenção à Condução";"Colisão traseira";"Com Vítimas Feridas";"Pleno dia";"Crescente";"Chuva";"Simples";"Reta";"Não";2;0;1;0;1;0;1;2;-9,11203546;-35,94796786;"SPRF-AL";"DEL01-AL";"UOP02-DEL01-AL"
112079;2018-02-18;"domingo";"12:20:00";"MG";381;938,6;"EXTREMA";"Fenômenos da Natureza";"Saída de leito carroçável";"Com Vítimas Feridas";"Pleno dia";"Crescente";"Chuva";"Dupla";"Reta";"Não";3;0;2;0;1;0;2;1;-22,81778071;-46,29532095;"SPRF-MG";"DEL16-MG";"UOP03-DEL16-MG"
112080;2018-02-18;"domingo";"12:00:00";"MG";381;499,5;"BETIM";"Velocidade Incompatível";"Saída de leito carroçável";"Com Vítimas Feridas";"Pleno dia";"Crescente";"Céu Claro";"Dupla";"Reta";"Sim";6;0;4;1;1;0;5;1;-19,99935235;-44,21025134;"SPRF-MG";"DEL01-MG";"UOP03-DEL01-MG"
112082;2018-02-18;"domingo";"11:40:00";"MT";163;588;"NOVA MUTUM";"Ultrapassagem Indevida";"Saída de leito carroçável";"Com Vítimas Feridas";"Pleno dia";"Decrescente";"Sol";"Simples";"Reta";"Não";4;0;1;0;3;0;1;1;-13,829317;-56,082653;"SPRF-MT";"DEL01-MT";"UOP01-DEL01-MT"
112084;2018-02-18;"domingo";"12:20:00";"SP";381;61;"MAIRIPORA";"Não guardar distância de segurança";"Colisão traseira";"Com Vítimas Feridas";"Pleno dia";"Crescente";"Chuva";"Dupla";"Curva";"Não";3;0;1;0;2;0;1;3;-23,28953413;-46,58081889;"SPRF-SP";"DEL03-SP";"UOP01-DEL03-SP"
112085;2018-02-18;"domingo";"12:00:00";"SC";101;38,6;"JOINVILLE";"Ingestão de Álcool";"Colisão traseira";"Com Vítimas Feridas";"Pleno dia";"Decrescente";"Sol";"Dupla";"Reta";"Sim";4;0;1;0;2;1;1;3;-26,2965282;-48,88385851;"SPRF-SC";"DEL03-SC";"UOP01-DEL03-SC"
112086;2018-02-18;"domingo";"10:20:00";"SC";280;3;"SAO FRANCISCO DO SUL";"Defeito Mecânico no Veículo";"Queda de ocupante de veículo";"Com Vítimas Feridas";"Pleno dia";"Crescente";"Céu Claro";"Simples";"Reta";"Sim";1;0;1;0;0;0;1;1;-26,2588070967;-48,6243513871;"SPRF-SC";"DEL03-SC";"UOP03-DEL03-SC"
112090;2018-02-18;"domingo";"12:30:00";"MG";262;168,2;"SAO DOMINGOS DO PRATA";"Condutor Dormindo";"Capotamento";"Sem Vítimas";"Pleno dia";"Crescente";"Sol";"Simples";"Curva";"Não";1;0;0;0;1;0;0;1;-19,95823287;-42,90805668;"SPRF-MG";"DEL03-MG";"UOP03-DEL03-MG"
112092;2018-02-18;"domingo";"12:25:00";"RS";290;439,3;"ROSARIO DO SUL";"Defeito Mecânico no Veículo";"Colisão com objeto em movimento";"Com Vítimas Feridas";"Pleno dia";"Crescente";"Céu Claro";"Simples";"Reta";"Não";3;0;1;0;2;0;1;2;-30,2426026;-54,92293134;"SPRF-RS";"DEL11-RS";"UOP02-DEL11-RS"
112093;2018-02-18;"domingo";"14:00:00";"RS";392;351,5;"SANTA MARIA";"Velocidade Incompatível";"Colisão transversal";"Com Vítimas Feridas";"Pleno dia";"Crescente";"Céu Claro";"Simples";"Reta";"Não";2;0;0;1;1;0;1;2;-29,72834657;-53,80335331;"SPRF-RS";"DEL09-RS";"UOP01-DEL09-RS"
112094;2018-02-18;"domingo";"12:15:00";"SC";101;213;"PALHOCA";"Falta de Atenção à Condução";"Colisão lateral";"Com Vítimas Feridas";"Pleno dia";"Crescente";"Céu Claro";"Múltipla";"Reta";"Sim";2;0;1;0;1;0;1;2;-27,6446;-48,6705;"SPRF-SC";"DEL01-SC";"UOP02-DEL01-SC"
112095;2018-02-18;"domingo";"13:50:00";"RS";116;156,7;"CAXIAS DO SUL";"Condutor Dormindo";"Colisão com objeto estático";"Com Vítimas Feridas";"Pleno dia";"Decrescente";"Céu Claro";"Simples";"Aclive";"Não";3;0;1;0;2;0;1;1;-29,21320584;-51,17838991;"SPRF-RS";"DEL05-RS";"UOP01-DEL05-RS"
112096;2018-02-18;"domingo";"11:00:00";"RO";364;473;"ARIQUEMES";"Falta de Atenção à Condução";"Colisão com objeto estático";"Com Vítimas Feridas";"Pleno dia";"Decrescente";"Céu Claro";"Simples";"Reta";"Não";1;0;1;0;0;0;1;1;-10,181381;-62,81987;"SPRF-RO";"DEL03-RO";"UOP01-DEL03-RO"
112097;2018-02-18;"domingo";"13:25:00";"MS";163;251,9;"DOURADOS";"Defeito Mecânico no Veículo";"Queda de ocupante de veículo";"Com Vítimas Feridas";"Pleno dia";"Crescente";"Céu Claro";"Simples";"Reta";"Não";2;0;1;0;1;0;1;1;-22,29962878;-54,82083321;"SPRF-MS";"DEL04-MS";"UOP01-DEL04-MS"
112101;2018-02-18;"domingo";"14:30:00";"BA";101;719;"EUNAPOLIS";"Animais na Pista";"Atropelamento de Animal";"Com Vítimas Feridas";"Pleno dia";"Crescente";"Céu Claro";"Simples";"Reta";"Sim";1;0;1;0;0;0;1;1;-16,3807;-39,5834;"SPRF-BA";"DEL09-BA";"UOP01-DEL09-BA"
112102;2018-02-18;"domingo";"14:40:00";"SC";282;20;"PALHOCA";"Falta de Atenção à Condução";"Colisão frontal";"Com Vítimas Feridas";"Plena Noite";"Crescente";"Céu Claro";"Dupla";"Reta";"Não";5;0;2;1;1;1;3;3;-27,683958;-48,71006;"SPRF-SC";"DEL01-SC";"UOP02-DEL01-SC"
112103;2018-02-18;"domingo";"13:50:00";"MS";163;463,1;"CAMPO GRANDE";"Ingestão de Álcool";"Colisão traseira";"Com Vítimas Feridas";"Pleno dia";"Crescente";"Garoa/Chuvisco";"Simples";"Reta";"Não";5;0;1;0;4;0;1;2;-20,60683695;-54,57758904;"SPRF-MS";"DEL01-MS";"UOP01-DEL01-MS"
112104;2018-02-18;"domingo";"13:40:00";"RN";226;291;"AUGUSTO SEVERO";"Pista Escorregadia";"Tombamento";"Com Vítimas Feridas";"Pleno dia";"Crescente";"Nublado";"Simples";"Interseção de Vias";"Sim";2;0;2;0;0;0;2;1;-5,870764;-37,316833;"SPRF-RN";"DEL04-RN";"UOP01-DEL04-RN"
112105;2018-02-18;"domingo";"13:50:00";"MS";262;469,3;"ANASTACIO";"Fenômenos da Natureza";"Capotamento";"Sem Vítimas";"Pleno dia";"Crescente";"Chuva";"Simples";"Curva";"Não";3;0;0;0;3;0;0;1;-20,51166953;-55,6197241;"SPRF-MS";"DEL03-MS";"UOP01-DEL03-MS"
112106;2018-02-18;"domingo";"14:40:00";"MG";381;908,6;"CAMBUI";"Velocidade Incompatível";"Saída de leito carroçável";"Sem Vítimas";"Pleno dia";"Crescente";"Chuva";"Dupla";"Aclive;Curva";"Não";2;0;0;0;2;0;0;1;-22,68188513;-46,10094257;"SPRF-MG";"DEL16-MG";"UOP03-DEL16-MG"
112107;2018-02-18;"domingo";"15:20:00";"PR";116;39;"CAMPINA GRANDE DO SUL";"Velocidade Incompatível";"Capotamento";"Sem Vítimas";"Pleno dia";"Crescente";"Garoa/Chuvisco";"Dupla";"Curva";"Não";1;0;0;0;1;0;0;1;-25,156248;-48,86134;"SPRF-PR";"DEL01-PR";"UOP02-DEL01-PR"
112108;2018-02-18;"domingo";"15:10:00";"SC";101;90,1;"BARRA VELHA";"Falta de Atenção à Condução";"Colisão com objeto estático";"Com Vítimas Feridas";"Pleno dia";"Decrescente";"Nublado";"Dupla";"Reta";"Sim";1;0;1;0;0;0;1;1;-26,67709144;-48,69177036;"SPRF-SC";"DEL03-SC";"UOP02-DEL03-SC"
112109;2018-02-18;"domingo";"15:10:00";"PR";277;671,9;"MEDIANEIRA";"Avarias e/ou desgaste excessivo no pneu";"Queda de ocupante de veículo";"Com Vítimas Feridas";"Pleno dia";"Decrescente";"Chuva";"Dupla";"Reta";"Sim";2;0;1;0;1;0;1;1;-25,28717193;-54,09606533;"SPRF-PR";"DEL05-PR";"UOP02-DEL05-PR"
112110;2018-02-18;"domingo";"13:45:00";"RS";101;57,3;"MAQUINE";"Falta de Atenção à Condução";"Tombamento";"Com Vítimas Feridas";"Pleno dia";"Crescente";"Céu Claro";"Dupla";"Curva";"Sim";1;0;0;1;0;0;1;1;-29,66261865;-50,1338752;"SPRF-RS";"DEL03-RS";"UOP01-DEL03-RS"
112112;2018-02-18;"domingo";"13:15:00";"RS";392;253,9;"CACAPAVA DO SUL";"Falta de Atenção à Condução";"Tombamento";"Com Vítimas Feridas";"Pleno dia";"Decrescente";"Céu Claro";"Simples";"Curva";"Não";2;0;2;0;0;0;2;1;-30,52044422;-53,45301315;"SPRF-RS";"DEL09-RS";"UOP02-DEL09-RS"
112113;2018-02-18;"domingo";"15:20:00";"GO";153;580,7;"PROFESSOR JAMIL";"Objeto estático sobre o leito carroçável";"Colisão com objeto estático";"Sem Vítimas";"Pleno dia";"Crescente";"Chuva";"Dupla";"Curva";"Não";1;0;0;0;1;0;0;1;-17,37922231;-49,23702893;"SPRF-GO";"DEL03-GO";"UOP01-DEL03-GO"
112114;2018-02-18;"domingo";"15:15:00";"SP";116;159,8;"JACAREI";"Ingestão de Álcool";"Saída de leito carroçável";"Com Vítimas Feridas";"Pleno dia";"Decrescente";"Nublado";"Dupla";"Reta";"Não";2;0;1;0;1;0;1;1;-23,26895606;-45,96471548;"SPRF-SP";"DEL02-SP";"UOP01-DEL02-SP"
112115;2018-02-18;"domingo";"14:30:00";"SP";116;116;"TAUBATE";"Defeito Mecânico no Veículo";"Tombamento";"Com Vítimas Feridas";"Pleno dia";"Crescente";"Chuva";"Dupla";"Reta";"Sim";2;0;2;0;0;0;2;1;-23,053757;-45,608791;"SPRF-SP";"DEL06-SP";"UOP02-DEL02-SP"
112116;2018-02-18;"domingo";"15:00:00";"MG";365;688;"MONTE ALEGRE DE MINAS";"Não guardar distância de segurança";"Colisão traseira";"Com Vítimas Feridas";"Pleno dia";"Crescente";"Nublado";"Dupla";"Em Obras";"Sim";4;0;2;0;2;0;2;2;-18,8701;-48,87;"SPRF-MG";"DEL15-MG";"UOP03-DEL15-MG"
112117;2018-02-18;"domingo";"15:10:00";"MG";381;626,8;"OLIVEIRA";"Condutor Dormindo";"Colisão com objeto estático";"Sem Vítimas";"Pleno dia";"Crescente";"Céu Claro";"Dupla";"Reta";"Não";1;0;0;0;1;0;0;1;-20,80738487;-44,79110055;"SPRF-MG";"DEL04-MG";"UOP01-DEL04-MG"
112120;2018-02-16;"sexta-feira";"19:00:00";"AP";156;777;"OIAPOQUE";"Defeito Mecânico no Veículo";"Incêndio";"Sem Vítimas";"Plena Noite";"Crescente";"Garoa/Chuvisco";"Simples";"Reta";"Não";4;0;0;0;4;0;0;1;3,8427067;-51,8354;"SPRF-AP";"DEL01-AP";"UOP03-DEL01-AP"
112121;2018-02-18;"domingo";"16:00:00";"RS";290;88;"PORTO ALEGRE";"Avarias e/ou desgaste excessivo no pneu";"Queda de ocupante de veículo";"Com Vítimas Feridas";"Pleno dia";"Decrescente";"Sol";"Dupla";"Reta";"Sim";2;0;2;0;0;0;2;1;-29,9683071;-51,1742355;"SPRF-RS";"DEL01-RS";"UOP01-DEL01-RS"
112122;2018-02-18;"domingo";"16:10:00";"RS";101;9,5;"TORRES";"Falta de Atenção à Condução";"Colisão traseira";"Com Vítimas Feridas";"Pleno dia";"Crescente";"Céu Claro";"Dupla";"Reta";"Não";2;0;1;0;0;1;1;2;-29,36995455;-49,81910038;"SPRF-RS";"DEL03-RS";"DEL9/3-UOP03/RS"
112123;2018-02-18;"domingo";"14:25:00";"GO";60;113,7;"TEREZOPOLIS DE GOIAS";"Velocidade Incompatível";"Colisão com objeto estático";"Sem Vítimas";"Pleno dia";"Crescente";"Chuva";"Dupla";"Curva";"Não";2;0;0;0;2;0;0;1;-16,46146775;-49,06152746;"SPRF-GO";"DEL01-GO";"UOP01-DEL01-GO"
112124;2018-02-18;"domingo";"16:20:00";"MG";153;38,7;"CANAPOLIS";"Pista Escorregadia";"Saída de leito carroçável";"Sem Vítimas";"Pleno dia";"Decrescente";"Chuva";"Dupla";"Curva";"Não";2;0;0;0;2;0;0;1;-18,72712252;-49,11509662;"SPRF-MG";"DEL15-MG";"UOP03-DEL15-MG"
112125;2018-02-18;"domingo";"15:30:00";"PE";101;147,5;"RIBEIRAO";"Velocidade Incompatível";"Saída de leito carroçável";"Sem Vítimas";"Pleno dia";"Decrescente";"Nublado";"Dupla";"Curva";"Não";1;0;0;0;1;0;0;1;-8,484584;-35,372143;"SPRF-PE";"DEL01-PE";"UOP03-DEL01-PE"
112126;2018-02-18;"domingo";"16:00:00";"RS";116;347,9;"TAPES";"Falta de Atenção à Condução";"Colisão frontal";"Sem Vítimas";"Pleno dia";"Crescente";"Céu Claro";"Simples";"Reta;Aclive";"Não";2;0;0;0;2;0;0;2;-30,513486;-51,494915;"SPRF-RS";"DEL02-RS";"UOP03-DEL02-RS"
112127;2018-02-18;"domingo";"16:45:00";"RN";226;174,6;"CURRAIS NOVOS";"Não guardar distância de segurança";"Colisão traseira";"Com Vítimas Feridas";"Pleno dia";"Crescente";"Céu Claro";"Simples";"Reta";"Sim";2;0;0;1;1;0;1;2;-6,25801516;-36,5063783;"SPRF-RN";"DEL03-RN";"UOP02-DEL03-RN"
112129;2018-02-18;"domingo";"16:40:00";"RJ";116;298;"RESENDE";"Pista Escorregadia";"Capotamento";"Com Vítimas Feridas";"Pleno dia";"Crescente";"Chuva";"Dupla";"Reta";"Não";1;0;1;0;0;0;1;1;-22,46937;-44,44705;"SPRF-RJ";"DEL07-RJ";"DEL5/7-UOP03/RJ"
112131;2018-02-18;"domingo";"17:10:00";"MG";50;164,7;"UBERABA";"Velocidade Incompatível";"Colisão com objeto estático";"Com Vítimas Feridas";"Pleno dia";"Decrescente";"Chuva";"Dupla";"Ponte";"Não";3;0;3;0;0;0;3;1;-19,68707406;-47,99187845;"SPRF-MG";"DEL13-MG";"UOP01-DEL13-MG"
112132;2018-02-18;"domingo";"15:15:00";"MT";364;323;"CAMPO VERDE";"Pista Escorregadia";"Saída de leito carroçável";"Sem Vítimas";"Pleno dia";"Crescente";"Chuva";"Dupla";"Reta";"Não";5;0;0;0;5;0;0;1;-15,81563;-55,350422;"SPRF-MT";"DEL02-MT";"UOP02-DEL05-MT"
112133;2018-02-18;"domingo";"17:10:00";"CE";20;427,9;"FORTALEZA";"Avarias e/ou desgaste excessivo no pneu";"Queda de ocupante de veículo";"Com Vítimas Feridas";"Anoitecer";"Decrescente";"Céu Claro";"Dupla";"Reta";"Não";2;0;1;1;0;0;2;1;-3,86914069;-38,50652315;"SPRF-CE";"DEL01-CE";"UOP02-DEL01-CE"
112135;2018-02-18;"domingo";"16:15:00";"PE";407;124,3;"PETROLINA";"Ingestão de Álcool";"Colisão transversal";"Com Vítimas Feridas";"Pleno dia";"Crescente";"Nublado";"Simples";"Curva;Interseção de Vias";"Sim";3;0;1;0;2;0;1;2;-9,400385;-40,504086;"SPRF-PE";"DEL06-PE";"UOP01-DEL06-PE"
112136;2018-02-18;"domingo";"17:20:00";"RJ";116;298,2;"RESENDE";"Pista Escorregadia";"Colisão com objeto estático";"Sem Vítimas";"Anoitecer";"Decrescente";"Chuva";"Dupla";"Reta";"Sim";1;0;0;0;1;0;0;1;-22,45429514;-44,37783195;"SPRF-RJ";"DEL07-RJ";"DEL5/7-UOP03/RJ"
112137;2018-02-18;"domingo";"17:20:00";"BA";116;422;"FEIRA DE SANTANA";"Falta de Atenção à Condução";"Capotamento";"Com Vítimas Feridas";"Pleno dia";"Decrescente";"Céu Claro";"Dupla";"Rotatória";"Sim";3;0;1;0;2;0;1;2;-12,23104429;-38,96098708;"SPRF-BA";"DEL02-BA";"UOP01-DEL02-BA"