"id";"data_inversa";"dia_semana";"horario";"uf";"br";"km";"municipio";"causa_acidente";"tipo_acidente";"classificacao_acidente";"fase_dia";"sentido_via";"condicao_metereologica";"tipo_pista";"tracado_via";"uso_solo";"pessoas";"mortos";"feridos_leves";"feridos_graves";"ilesos";"ignorados";"feridos";"veiculos";"latitude";"longitude";"regional";"delegacia";"uop"
112139;2018-02-18;"domingo";"17:30:00";"SC";101;282,3;"IMBITUBA";"Falta de Atenção à Condução";"Colisão traseira";"Sem Vítimas";"Pleno dia";"Decrescente";"Céu Claro";"Simples";"Interseção de Vias";"Sim";9;0;0;0;9;0;0;2;-28,2151059;-48,69945288;"SPRF-SC";"DEL02-SC";"UOP03-DEL02-SC"
112141;2018-02-18;"domingo";"16:15:00";"GO";50;300,2;"CATALAO";"Pista Escorregadia";"Saída de leito carroçável";"Sem Vítimas";"Pleno dia";"Decrescente";"Chuva";"Dupla";"Curva";"Não";1;0;0;0;1;0;0;1;-18,33097909;-48,02619921;"SPRF-GO";"DEL06-GO";"UOP01-DEL06-GO"
112142;2018-02-18;"domingo";"16:00:00";"SC";101;145;"ITAPEMA";"Não guardar distância de segurança";"Engavetamento";"Com Vítimas Feridas";"Anoitecer";"Decrescente";"Nublado";"Dupla";"Reta";"Não";5;0;1;0;4;0;1;4;-27,0868;-48,6095;"SPRF-SC";"DEL04-SC";"UOP03-DEL04-SC"
112144;2018-02-18;"domingo";"17:30:00";"RJ";116;238;"PIRAI";"Pista Escorregadia";"Colisão com objeto estático";"Com Vítimas Feridas";"Plena Noite";"Decrescente";"Chuva";"Dupla";"Curva";"Não";2;0;1;0;1;0;1;1;-22,62288454;-43,91921997;"SPRF-RJ";"DEL07-RJ";"UOP01-DEL07-RJ"
112145;2018-02-18;"domingo";"17:45:00";"RJ";101;90;"CAMPOS DOS GOYTACAZES";"Velocidade Incompatível";"Capotamento";"Com Vítimas Feridas";"Plena Noite";"Decrescente";"Chuva";"Dupla";"Reta";"Não";3;0;2;1;0;0;3;1;-21,843607;-41,517471;"SPRF-RJ";"DEL08-RJ";"UOP02-DEL08-RJ"
112150;2018-02-18;"domingo";"17:35:00";"SC";470;170;"POUSO REDONDO";"Falta de Atenção à Condução";"Engavetamento";"Sem Vítimas";"Pleno dia";"Decrescente";"Sol";"Simples";"Reta";"Não";3;0;0;0;3;0;0;3;-27,2585436;-49,9222337;"SPRF-SC";"DEL04-SC";"UOP02-DEL04-SC"
112152;2018-02-18;"domingo";"16:10:00";"MT";70;277;"PRIMAVERA DO LESTE";"Falta de Atenção à Condução";"Saída de leito carroçável";"Com Vítimas Feridas";"Pleno dia";"Crescente";"Céu Claro";"Simples";"Reta";"Não";2;0;1;1;0;0;2;1;-15,555717;-54,270836;"SPRF-MT";"DEL05-MT";"UOP01-DEL05-MT"
112153;2018-02-18;"domingo";"18:00:00";"RJ";101;421;"MANGARATIBA";"Desobediência às normas de trânsito pelo condutor";"Colisão lateral";"Com Vítimas Feridas";"Anoitecer";"Crescente";"Chuva";"Dupla";"Reta";"Sim";4;0;2;0;2;0;2;2;-22,91557595;-43,9357236;"SPRF-RJ";"DEL03-RJ";"UOP01-DEL03-RJ"
112154;2018-02-18;"domingo";"17:10:00";"MT";364;719;"DIAMANTINO";"Falta de Atenção à Condução";"Saída de leito carroçável";"Com Vítimas Fatais";"Plena Noite";"Decrescente";"Céu Claro";"Simples";"Reta";"Não";1;1;0;0;0;0;0;1;-14,18983752;-57,48802185;"SPRF-MT";"DEL01-MT";"UOP01-DEL01-MT"
112155;2018-02-18;"domingo";"18:40:00";"SC";101;182;"BIGUACU";"Falta de Atenção à Condução";"Tombamento";"Com Vítimas Feridas";"Pleno dia";"Crescente";"Céu Claro";"Dupla";"Reta";"Sim";2;0;2;0;0;0;2;1;-27,4071;-48,6284;"SPRF-SC";"DEL01-SC";"UOP01-DEL01-SC"
112156;2018-02-18;"domingo";"18:00:00";"PR";163;78,7;"PLANALTO";"Falta de Atenção à Condução";"Saída de leito carroçável";"Sem Vítimas";"Pleno dia";"Decrescente";"Chuva";"Simples";"Curva";"Não";2;0;0;0;2;0;0;1;-25,73378862;-53,79898408;"SPRF-PR";"DEL02-PR";"UOP02-DEL02-PR"
112157;2018-02-18;"domingo";"18:50:00";"MG";381;934;"EXTREMA";"Velocidade Incompatível";"Colisão com objeto estático";"Com Vítimas Feridas";"Anoitecer";"Decrescente";"Chuva";"Dupla";"Curva";"Não";1;0;1;0;0;0;1;1;-22,80508522;-46,25976916;"SPRF-MG";"DEL16-MG";"UOP03-DEL16-MG"
112160;2018-02-18;"domingo";"17:40:00";"SP";116;473,8;"JACUPIRANGA";"Velocidade Incompatível";"Colisão lateral";"Sem Vítimas";"Anoitecer";"Crescente";"Chuva";"Dupla";"Curva";"Sim";1;0;0;0;1;0;0;1;-24,692978;-48,002632;"SPRF-SP";"DEL05-SP";"UAP01-DEL05-SP"
112162;2018-02-18;"domingo";"17:20:00";"RS";158;110,2;"PALMEIRA DAS MISSOES";"Pista Escorregadia";"Saída de leito carroçável";"Com Vítimas Feridas";"Pleno dia";"Crescente";"Chuva";"Simples";"Reta";"Não";1;0;1;0;0;0;1;1;-27,95570128;-53,32696566;"SPRF-RS";"DEL08-RS";"UOP02-DEL08-RS"
112165;2018-02-18;"domingo";"18:50:00";"BA";116;434,7;"FEIRA DE SANTANA";"Velocidade Incompatível";"Capotamento";"Sem Vítimas";"Plena Noite";"Decrescente";"Céu Claro";"Dupla";"Reta";"Não";1;0;0;0;0;1;0;1;-12,267113;-38,966988;"SPRF-BA";"DEL02-BA";"UOP01-DEL02-BA"
112166;2018-02-18;"domingo";"19:05:00";"MG";40;754,7;"JUIZ DE FORA";"Avarias e/ou desgaste excessivo no pneu";"Saída de leito carroçável";"Sem Vítimas";"Plena Noite";"Crescente";"Garoa/Chuvisco";"Dupla";"Declive";"Não";1;0;0;0;1;0;0;1;-21,51446466;-43,52463875;"SPRF-MG";"DEL05-MG";"UOP01-DEL05-MG"
112168;2018-02-18;"domingo";"19:25:00";"TO";153;150;"ARAGUAINA";"Ingestão de Álcool";"Colisão frontal";"Com Vítimas Feridas";"Anoitecer";"Decrescente";"Nublado";"Simples";"Reta";"Não";2;0;1;0;1;0;1;2;-7,248127;-48,255337;"SPRF-TO";"DEL02-TO";"UOP01-DEL02-TO"
112169;2018-02-18;"domingo";"17:00:00";"BA";101;920;"NOVA VICOSA";"Falta de Atenção à Condução";"Colisão transversal";"Com Vítimas Feridas";"Pleno dia";"Crescente";"Céu Claro";"Simples";"Reta";"Sim";2;0;1;0;1;0;1;2;-17,8884;-39,8163;"SPRF-BA";"DEL09-BA";"UOP02-DEL09-BA"
112171;2018-02-18;"domingo";"19:00:00";"ES";101;123,5;"SOORETAMA";"Falta de Atenção à Condução";"Capotamento";"Sem Vítimas";"Plena Noite";"Decrescente";"Céu Claro";"Simples";"Reta";"Não";1;0;0;0;1;0;0;1;-19,1545128;-40,08030295;"SPRF-ES";"DEL04-ES";"UOP01-DEL04-ES"
112173;2018-02-18;"domingo";"18:00:00";"MT";163;833;"SINOP";"Falta de Atenção à Condução";"Queda de ocupante de veículo";"Com Vítimas Feridas";"Plena Noite";"Decrescente";"Céu Claro";"Simples";"Reta";"Sim";1;0;1;0;0;0;1;1;-11,864589;-55,502926;"SPRF-MT";"DEL06-MT";"UOP01-DEL06-MT"
112174;2018-02-18;"domingo";"19:30:00";"AL";316;244;"ATALAIA";"Falta de Atenção do Pedestre";"Atropelamento de Pedestre";"Com Vítimas Feridas";"Plena Noite";"Crescente";"Chuva";"Simples";"Reta";"Sim";2;0;0;1;0;1;1;2;-9,51062;-36,004493;"SPRF-AL";"DEL01-AL";"UOP01-DEL01-AL"
112175;2018-02-18;"domingo";"19:30:00";"RJ";116;167,3;"RIO DE JANEIRO";"Ingestão de Álcool";"Colisão traseira";"Com Vítimas Feridas";"Plena Noite";"Decrescente";"Chuva";"Dupla";"Reta";"Sim";5;0;2;0;3;0;2;2;-22,81920286;-43,30979327;"SPRF-RJ";"DEL01-RJ";"UOP02-DEL01-RJ"
112176;2018-02-18;"domingo";"18:50:00";"CE";116;523,7;"JATI";"Animais na Pista";"Atropelamento de Animal";"Sem Vítimas";"Plena Noite";"Crescente";"Céu Claro";"Simples";"Reta";"Não";2;0;0;0;2;0;0;1;-7,667092;-39,016155;"SPRF-CE";"DEL05-CE";"UOP03-DEL05-CE"
112177;2018-02-18;"domingo";"19:20:00";"PI";343;334;"TERESINA";"Restrição de Visibilidade";"Colisão traseira";"Com Vítimas Feridas";"Plena Noite";"Crescente";"Chuva";"Simples";"Reta";"Não";2;0;1;0;1;0;1;2;-5,03075493;-42,77114868;"SPRF-PI";"DEL01-PI";"UOP01-DEL01-PI"
112180;2018-02-18;"domingo";"19:00:00";"MG";40;509;"RIBEIRAO DAS NEVES";"Falta de Atenção à Condução";"Colisão traseira";"Com Vítimas Feridas";"Plena Noite";"Crescente";"Nublado";"Dupla";"Reta";"Sim";2;0;0;1;1;0;1;2;-19,7774;-44,1209;"SPRF-MG";"DEL01-MG";"UOP03-DEL01-MG"
112181;2018-02-18;"domingo";"19:45:00";"MG";262;358;"BETIM";"Falta de Atenção à Condução";"Capotamento";"Com Vítimas Feridas";"Plena Noite";"Crescente";"Céu Claro";"Dupla";"Reta";"Sim";1;0;1;0;0;0;1;1;-19,98180972;-44,23062837;"SPRF-MG";"DEL01-MG";"UOP03-DEL01-MG"
112182;2018-02-18;"domingo";"18:00:00";"RJ";101;483;"ANGRA DOS REIS";"Pista Escorregadia";"Colisão lateral";"Sem Vítimas";"Anoitecer";"Decrescente";"Chuva";"Simples";"Reta";"Não";2;0;0;0;2;0;0;2;-22,9924788;-44,2404925;"SPRF-RJ";"DEL03-RJ";"UOP03-DEL03-RJ"
112183;2018-02-18;"domingo";"19:30:00";"MS";262;487;"ANASTACIO";"Ingestão de Álcool";"Saída de leito carroçável";"Sem Vítimas";"Plena Noite";"Crescente";"Céu Claro";"Simples";"Rotatória";"Não";1;0;0;0;1;0;0;1;-20,484;-55,7998;"SPRF-MS";"DEL03-MS";"UOP01-DEL03-MS"
112184;2018-02-18;"domingo";"19:00:00";"PA";10;163;"PARAGOMINAS";"Ingestão de Álcool";"Colisão frontal";"Com Vítimas Fatais";"Plena Noite";"Crescente";"Nublado";"Simples";"Reta";"Não";2;1;0;0;1;0;0;2;-2,95401269;-47,43347168;"SPRF-PA";"DEL02-PA";"UOP01-DEL02-PA"
112185;2018-02-17;"sábado";"22:00:00";"MA";135;294,3;"SANTO ANTONIO DOS LOPES";"Pista Escorregadia";"Capotamento";"Com Vítimas Fatais";"Plena Noite";"Crescente";"Chuva";"Simples";"Reta";"Não";2;2;0;0;0;0;0;1;-4,86399;-44,3548;"SPRF-MA";"DEL03-MA";"UOP01-DEL03-MA"
112186;2018-02-18;"domingo";"20:30:00";"TO";153;115,8;"WANDERLANDIA";"Pista Escorregadia";"Capotamento";"Com Vítimas Feridas";"Plena Noite";"Crescente";"Chuva";"Simples";"Reta";"Não";2;0;2;0;0;0;2;1;-6,90188738;-48,02947998;"SPRF-TO";"DEL02-TO";"UOP01-DEL02-TO"
112187;2018-02-18;"domingo";"18:00:00";"MG";50;175,8;"UBERABA";"Objeto estático sobre o leito carroçável";"Colisão com objeto estático";"Com Vítimas Feridas";"Anoitecer";"Decrescente";"Chuva";"Dupla";"Reta";"Sim";2;0;1;0;0;1;1;2;-19,7788202;-47,96815699;"SPRF-MG";"DEL13-MG";"UOP01-DEL13-MG"
112189;2018-02-18;"domingo";"19:55:00";"MG";50;175,8;"UBERABA";"Objeto estático sobre o leito carroçável";"Colisão traseira";"Sem Vítimas";"Plena Noite";"Decrescente";"Chuva";"Dupla";"Declive";"Sim";3;0;0;0;2;1;0;3;-19,7788202;-47,96815699;"SPRF-MG";"DEL13-MG";"UOP01-DEL13-MG"
112190;2018-02-18;"domingo";"19:50:00";"CE";20;209;"BOA VIAGEM";"Falta de Atenção à Condução";"Queda de ocupante de veículo";"Com Vítimas Feridas";"Plena Noite";"Crescente";"Céu Claro";"Simples";"Reta";"Não";2;0;0;2;0;0;2;1;-5,11381004;-39,72587585;"SPRF-CE";"DEL02-CE";"UOP02-DEL02-CE"
112191;2018-02-18;"domingo";"20:20:00";"SP";116;206;"GUARULHOS";"Falta de Atenção à Condução";"Colisão lateral";"Com Vítimas Feridas";"Plena Noite";"Decrescente";"Nublado";"Múltipla";"Reta";"Não";2;0;1;0;1;0;1;2;-23,4547941;-46,477872;"SPRF-SP";"DEL01-SP";"UOP01-DEL01-SP"
112192;2018-02-18;"domingo";"21:10:00";"CE";222;4,8;"CAUCAIA";"Ingestão de Álcool";"Atropelamento de Pedestre";"Com Vítimas Feridas";"Plena Noite";"Decrescente";"Nublado";"Múltipla";"Reta";"Sim";2;0;2;0;0;0;2;2;-3,74297;-38,613312;"SPRF-CE";"DEL01-CE";"UOP01-DEL01-CE"
112193;2018-02-18;"domingo";"20:50:00";"GO";60;48,8;"APARECIDA DE GOIANIA";"Ingestão de Álcool";"Colisão traseira";"Sem Vítimas";"Plena Noite";"Crescente";"Nublado";"Dupla";"Aclive;Reta";"Sim";2;0;0;0;2;0;0;2;-16,78610945;-49,25751597;"SPRF-GO";"DEL01-GO";"UOP03-DEL01-GO"
112194;2018-02-18;"domingo";"21:30:00";"MG";381;452;"SANTA LUZIA";"Falta de Atenção à Condução";"Queda de ocupante de veículo";"Com Vítimas Feridas";"Plena Noite";"Decrescente";"Céu Claro";"Simples";"Rotatória";"Sim";1;0;1;0;0;0;1;1;-19,82760004;-43,83828163;"SPRF-MG";"DEL01-MG";"UOP01-DEL01-MG"
112195;2018-02-18;"domingo";"17:50:00";"SC";470;136;"RIO DO SUL";"Falta de Atenção do Pedestre";"Atropelamento de Pedestre";"Com Vítimas Feridas";"Pleno dia";"Decrescente";"Céu Claro";"Simples";"Rotatória";"Sim";3;0;3;0;0;0;3;2;-27,19787973;-49,62876867;"SPRF-SC";"DEL04-SC";"UOP02-DEL04-SC"
112197;2018-02-18;"domingo";"19:00:00";"PE";428;181,9;"PETROLINA";"Ingestão de Álcool";"Colisão frontal";"Com Vítimas Feridas";"Plena Noite";"Crescente";"Céu Claro";"Simples";"Reta";"Não";4;0;2;0;2;0;2;2;-9,31542902;-40,45763886;"SPRF-PE";"DEL06-PE";"UOP01-DEL06-PE"
112198;2018-02-18;"domingo";"20:15:00";"PI";343;275;"CAMPO MAIOR";"Defeito na Via";"Queda de ocupante de veículo";"Com Vítimas Feridas";"Plena Noite";"Decrescente";"Chuva";"Simples";"Reta";"Não";2;0;1;1;0;0;2;1;-4,8405754;-42,17376709;"SPRF-PI";"DEL01-PI";"UOP03-DEL01-PI"
112200;2018-02-18;"domingo";"19:23:00";"MG";251;480,3;"FRANCISCO SA";"Falta de Atenção à Condução";"Queda de ocupante de veículo";"Com Vítimas Feridas";"Plena Noite";"Decrescente";"Céu Claro";"Simples";"Reta";"Sim";1;0;0;1;0;0;1;1;-16,46910018;-43,49187168;"SPRF-MG";"DEL12-MG";"UOP01-DEL12-MG"
112201;2018-02-18;"domingo";"20:50:00";"PR";376;595;"CURITIBA";"Falta de Atenção à Condução";"Capotamento";"Sem Vítimas";"Plena Noite";"Crescente";"Céu Claro";"Dupla";"Reta";"Não";1;0;0;0;1;0;0;1;-25,4289541;-49,267137;"SPRF-PR";"DEL01-PR";"UOP06-DEL01-PR"
112205;2018-02-18;"domingo";"21:40:00";"PR";376;512;"PONTA GROSSA";"Condutor Dormindo";"Saída de leito carroçável";"Com Vítimas Feridas";"Plena Noite";"Crescente";"Nublado";"Dupla";"Reta";"Não";1;0;1;0;0;0;1;1;-25,19624306;-50,07568359;"SPRF-PR";"DEL03-PR";"UOP04-DEL03-PR"
112206;2018-02-18;"domingo";"22:10:00";"PB";230;35,2;"SANTA RITA";"Animais na Pista";"Atropelamento de Animal";"Com Vítimas Fatais";"Plena Noite";"Decrescente";"Céu Claro";"Dupla";"Curva";"Sim";6;1;2;0;2;1;2;3;-7,12523003;-34,94544983;"SPRF-PB";"DEL01-PB";"UOP01-DEL01-PB"
112209;2018-02-18;"domingo";"18:30:00";"RJ";393;181;"PARAIBA DO SUL";"Ingestão de Álcool";"Colisão traseira";"Com Vítimas Feridas";"Anoitecer";"Crescente";"Chuva";"Simples";"Reta";"Não";7;0;2;0;4;1;2;4;-22,15283431;-43,27583313;"SPRF-RJ";"DEL05-RJ";"UOP03-DEL05-RJ"
112210;2018-02-18;"domingo";"22:28:00";"SC";101;207,6;"SAO JOSE";"Falta de Atenção à Condução";"Colisão transversal";"Com Vítimas Feridas";"Plena Noite";"Crescente";"Nublado";"Dupla";"Interseção de Vias";"Sim";2;0;2;0;0;0;2;2;-27,59915899;-48,62201428;"SPRF-SC";"DEL01-SC";"UOP01-DEL01-SC"
112211;2018-02-18;"domingo";"22:15:00";"RS";285;462,5;"IJUI";"Deficiência ou não Acionamento do Sistema de Iluminação/Sinalização do Veículo";"Colisão transversal";"Com Vítimas Feridas";"Plena Noite";"Crescente";"Céu Claro";"Simples";"Interseção de Vias";"Sim";2;0;1;0;1;0;1;2;-28,41249926;-53,93243785;"SPRF-RS";"DEL10-RS";"UOP01-DEL10-RS"
112212;2018-02-18;"domingo";"22:40:00";"PR";277;333;"GUARAPUAVA";"Velocidade Incompatível";"Colisão lateral";"Sem Vítimas";"Plena Noite";"Crescente";"Garoa/Chuvisco";"Dupla";"Curva";"Não";2;0;0;0;2;0;0;2;-25,34689608;-51,39163971;"SPRF-PR";"DEL03-PR";"UOP01-DEL08-PR"
112214;2018-02-18;"domingo";"22:40:00";"DF";60;2;"BRASILIA";"Falta de Atenção do Pedestre";"Atropelamento de Pedestre";"Com Vítimas Fatais";"Plena Noite";"Decrescente";"Nublado";"Dupla";"Reta";"Sim";2;1;0;0;1;0;0;2;-15,887383;-48,077988;"SPRF-DF";"DEL01-DF";"UOP01-DEL03-DF"
112217;2018-02-18;"domingo";"21:30:00";"PR";376;614;"SAO JOSE DOS PINHAIS";"Falta de Atenção à Condução";"Saída de leito carroçável";"Sem Vítimas";"Plena Noite";"Decrescente";"Garoa/Chuvisco";"Dupla";"Curva";"Não";1;0;0;0;0;1;0;1;-25,57618741;-49,1679265;"SPRF-PR";"DEL01-PR";"DEL7/1-UOP08/PR"
112219;2018-02-18;"domingo";"21:00:00";"AM";174;912;"MANAUS";"Ingestão de Álcool";"Atropelamento de Pedestre";"Com Vítimas Feridas";"Plena Noite";"Decrescente";"Céu Claro";"Simples";"Declive";"Não";3;0;0;1;0;2;1;2;-3,1023283;-60,02544;"SPRF-AM";"DEL01-AM";"UOP01-DEL01-AM"
112221;2018-02-19;"segunda-feira";"00:00:00";"CE";116;36;"HORIZONTE";"Ingestão de Álcool";"Colisão com objeto estático";"Com Vítimas Feridas";"Plena Noite";"Crescente";"Nublado";"Dupla";"Reta";"Sim";3;0;1;0;2;0;1;1;-4,0756;-38,5001;"SPRF-CE";"DEL01-CE";"UOP02-DEL01-CE"
112222;2018-02-18;"domingo";"23:50:00";"SP";116;216;"GUARULHOS";"Falta de Atenção à Condução";"Colisão com objeto estático";"Com Vítimas Feridas";"Plena Noite";"Crescente";"Nublado";"Múltipla";"Reta";"Sim";3;0;3;0;0;0;3;1;-23,452727;-46,468914;"SPRF-SP";"DEL01-SP";"UOP01-DEL01-SP"
112224;2018-02-18;"domingo";"21:50:00";"PR";277;0,4;"FOZ DO IGUACU";"Falta de Atenção à Condução";"Colisão lateral";"Com Vítimas Feridas";"Plena Noite";"Decrescente";"Nublado";"Dupla";"Reta";"Sim";2;0;1;0;1;0;1;2;-25,5469;-54,5882;"SPRF-PR";"DEL05-PR";"UOP03-DEL05-PR"
112229;2018-02-19;"segunda-feira";"00:10:00";"SP";116;223,7;"GUARULHOS";"Ultrapassagem Indevida";"Saída de leito carroçável";"Com Vítimas Feridas";"Plena Noite";"Crescente";"Céu Claro";"Múltipla";"Reta";"Sim";1;0;1;0;0;0;1;1;-23,48080502;-46,53333664;"SPRF-SP";"DEL01-SP";"UOP01-DEL01-SP"
112230;2018-02-19;"segunda-feira";"00:50:00";"SC";470;155;"AGRONOMICA";"Falta de Atenção à Condução";"Colisão transversal";"Sem Vítimas";"Plena Noite";"Decrescente";"Céu Claro";"Simples";"Reta";"Não";2;0;0;0;2;0;0;2;-27,27660232;-49,75296021;"SPRF-SC";"DEL04-SC";"UOP02-DEL04-SC"
112233;2018-02-19;"segunda-feira";"00:05:00";"RN";226;317,9;"MESSIAS TARGINO";"Animais na Pista";"Atropelamento de Animal";"Com Vítimas Fatais";"Plena Noite";"Crescente";"Nublado";"Simples";"Reta";"Não";2;2;0;0;0;0;0;1;-6,0793004;-37,514194;"SPRF-RN";"DEL04-RN";"UOP01-DEL04-RN"
112234;2018-02-19;"segunda-feira";"00:40:00";"PR";376;250;"APUCARANA";"Defeito Mecânico no Veículo";"Saída de leito carroçável";"Com Vítimas Feridas";"Plena Noite";"Decrescente";"Garoa/Chuvisco";"Dupla";"Curva";"Não";3;0;1;0;2;0;1;1;-23,5513;-51,461266;"SPRF-PR";"DEL07-PR";"UOP03-DEL07-PR"
112238;2018-02-18;"domingo";"18:14:00";"SP";116;565;"BARRA DO TURVO";"Falta de Atenção à Condução";"Colisão com objeto estático";"Sem Vítimas";"Plena Noite";"Crescente";"Ignorado";"Dupla";"Curva";"Não";1;0;0;0;1;0;0;1;-24,756866;-48,50514;"SPRF-SP";"DEL05-SP";"UOP02-DEL05-SP"
112240;2018-02-19;"segunda-feira";"00:30:00";"MA";135;156;"MATOES DO NORTE";"Animais na Pista";"Tombamento";"Sem Vítimas";"Plena Noite";"Decrescente";"Chuva";"Simples";"Reta";"Não";1;0;0;0;1;0;0;1;-3,63076;-44,553;"SPRF-MA";"DEL01-MA";"UOP02-DEL01-MA"
112242;2018-02-19;"segunda-feira";"03:30:00";"BA";20;94;"SAO DESIDERIO";"Defeito Mecânico no Veículo";"Incêndio";"Sem Vítimas";"Amanhecer";"Crescente";"Céu Claro";"Simples";"Reta";"Não";1;0;0;0;1;0;0;1;-12,479832;-45,885891;"SPRF-BA";"DEL10-BA";"UOP01-DEL10-BA"
112244;2018-02-19;"segunda-feira";"02:00:00";"TO";153;415,3;"MIRANORTE";"Não guardar distância de segurança";"Colisão traseira";"Com Vítimas Feridas";"Plena Noite";"Crescente";"Céu Claro";"Simples";"Interseção de Vias";"Não";1;0;1;0;0;0;1;1;-9,54206437;-48,60049726;"SPRF-TO";"DEL02-TO";"UOP01-DEL01-TO"
112246;2018-02-19;"segunda-feira";"05:00:00";"SC";470;61;"BLUMENAU";"Desobediência às normas de trânsito pelo condutor";"Colisão com objeto em movimento";"Com Vítimas Feridas";"Plena Noite";"Decrescente";"Nublado";"Simples";"Curva";"Sim";3;0;2;0;0;1;2;3;-26,88300486;-49,15642619;"SPRF-SC";"DEL04-SC";"UOP01-DEL04-SC"
112249;2018-02-19;"segunda-feira";"05:50:00";"BA";324;529;"FEIRA DE SANTANA";"Avarias e/ou desgaste excessivo no pneu";"Queda de ocupante de veículo";"Com Vítimas Feridas";"Amanhecer";"Decrescente";"Céu Claro";"Dupla";"Reta";"Não";2;0;1;0;1;0;1;1;-12,332452;-38,8549012;"SPRF-BA";"DEL01-BA";"UOP01-DEL01-BA"
112250;2018-02-19;"segunda-feira";"05:30:00";"PR";277;127;"BALSA NOVA";"Pista Escorregadia";"Queda de ocupante de veículo";"Com Vítimas Feridas";"Amanhecer";"Decrescente";"Garoa/Chuvisco";"Dupla";"Declive;Curva";"Não";2;0;1;1;0;0;2;1;-25,46780278;-49,62403882;"SPRF-PR";"DEL01-PR";"UOP06-DEL01-PR"
112251;2018-02-19;"segunda-feira";"02:00:00";"PB";230;267,8;"JUNCO DO SERIDO";"Defeito Mecânico no Veículo";"Saída de leito carroçável";"Com Vítimas Feridas";"Plena Noite";"Crescente";"Nublado";"Simples";"Reta";"Não";10;0;4;1;5;0;5;1;-6,96742;-36,76262024;"SPRF-PB";"DEL03-PB";"UOP01-DEL03-PB"
112252;2018-02-19;"segunda-feira";"06:10:00";"CE";20;240;"MADALENA";"Falta de Atenção à Condução";"Colisão traseira";"Com Vítimas Feridas";"Pleno dia";"Crescente";"Céu Claro";"Simples";"Reta";"Não";3;0;1;1;1;0;2;2;-4,85537668;-39,5665741;"SPRF-CE";"DEL02-CE";"UOP02-DEL02-CE"
112254;2018-02-19;"segunda-feira";"06:10:00";"DF";20;17;"BRASILIA";"Falta de Atenção à Condução";"Colisão traseira";"Com Vítimas Feridas";"Pleno dia";"Crescente";"Céu Claro";"Dupla";"Reta";"Não";3;0;1;0;2;0;1;2;-15,621374;-47,71698;"SPRF-DF";"DEL02-DF";"UOP01-DEL02-DF"
112255;2018-02-19;"segunda-feira";"00:15:00";"RS";153;399,6;"CACHOEIRA DO SUL";"Desobediência às normas de trânsito pelo condutor";"Engavetamento";"Sem Vítimas";"Plena Noite";"Decrescente";"Céu Claro";"Simples";"Em Obras";"Não";3;0;0;0;3;0;0;3;-30,00727392;-52,92114258;"SPRF-RS";"DEL02-RS";"UOP02-DEL02-RS"
112256;2018-02-19;"segunda-feira";"06:42:00";"DF";70;2;"BRASILIA";"Falta de Atenção à Condução";"Colisão lateral";"Com Vítimas Feridas";"Amanhecer";"Decrescente";"Céu Claro";"Dupla";"Reta";"Sim";2;0;1;0;1;0;1;2;-15,798048;-48,073235;"SPRF-DF";"DEL01-DF";"UOP02-DEL03-DF"
112258;2018-02-19;"segunda-feira";"06:30:00";"PR";376;145;"PRESIDENTE CASTELO BRANCO";"Restrição de Visibilidade";"Atropelamento de Pedestre";"Com Vítimas Feridas";"Amanhecer";"Crescente";"Céu Claro";"Dupla";"Desvio Temporário";"Sim";2;0;1;0;0;1;1;2;-23,279581;-52,150963;"SPRF-PR";"DEL07-PR";"UOP02-DEL09-PR"
112259;2018-02-19;"segunda-feira";"07:00:00";"PR";369;493,4;"CORBELIA";"Fenômenos da Natureza";"Saída de leito carroçável";"Com Vítimas Feridas";"Pleno dia";"Crescente";"Chuva";"Simples";"Reta";"Não";1;0;1;0;0;0;1;1;-24,74047789;-53,26311656;"SPRF-PR";"DEL04-PR";"UOP03-DEL04-PR"
112260;2018-02-18;"domingo";"23:50:00";"SC";282;532;"CORDILHEIRA ALTA";"Ingestão de Álcool";"Capotamento";"Com Vítimas Feridas";"Plena Noite";"Crescente";"Ignorado";"Simples";"Curva";"Não";1;0;1;0;0;0;1;1;-26,996822;-52,615528;"SPRF-SC";"DEL07-SC";"UOP01-DEL07-SC"
112261;2018-02-18;"domingo";"20:00:00";"MT";70;94,8;"GENERAL CARNEIRO";"Pista Escorregadia";"Saída de leito carroçável";"Com Vítimas Feridas";"Plena Noite";"Decrescente";"Chuva";"Simples";"Curva";"Não";5;0;5;0;0;0;5;1;-15,57466588;-52,90238217;"SPRF-MT";"DEL07-MT";"UOP01-DEL07-MT"
112262;2018-02-19;"segunda-feira";"05:40:00";"MT";163;730;"SORRISO";"Defeito na Via";"Queda de ocupante de veículo";"Com Vítimas Feridas";"Amanhecer";"Decrescente";"Nublado";"Simples";"Reta";"Não";1;0;1;0;0;0;1;1;-12,545702;-55,71182;"SPRF-MT";"DEL06-MT";"UOP01-DEL06-MT"
112263;2018-02-19;"segunda-feira";"07:10:00";"SP";116;156,5;"SAO JOSE DOS CAMPOS";"Falta de Atenção à Condução";"Colisão traseira";"Com Vítimas Feridas";"Pleno dia";"Decrescente";"Nublado";"Dupla";"Reta";"Sim";3;0;1;0;2;0;1;3;-23,25123951;-45,93692511;"SPRF-SP";"DEL02-SP";"UOP01-DEL02-SP"