"id";"data_inversa";"dia_semana";"horario";"uf";"br";"km";"municipio";"causa_acidente";"tipo_acidente";"classificacao_acidente";"fase_dia";"sentido_via";"condicao_metereologica";"tipo_pista";"tracado_via";"uso_solo";"pessoas";"mortos";"feridos_leves";"feridos_graves";"ilesos";"ignorados";"feridos";"veiculos";"latitude";"longitude";"regional";"delegacia";"uop"
112387;2018-02-19;"segunda-feira";"15:26:00";"RO";364;395;"OURO PRETO DO OESTE";"Falta de Atenção à Condução";"Saída de leito carroçável";"Com Vítimas Feridas";"Pleno dia";"Decrescente";"Céu Claro";"Simples";"Reta";"Não";1;0;1;0;0;0;1;1;-10,65385994;-62,30415344;"SPRF-RO";"DEL03-RO";"UOP02-DEL03-RO"
112389;2018-02-19;"segunda-feira";"16:00:00";"SC";282;3,8;"FLORIANOPOLIS";"Falta de Atenção à Condução";"Colisão traseira";"Com Vítimas Feridas";"Pleno dia";"Decrescente";"Nublado";"Dupla";"Reta";"Sim";3;0;2;0;1;0;2;3;-27,595;-48,602;"SPRF-SC";"DEL01-SC";"UOP01-DEL01-SC"
112390;2018-02-19;"segunda-feira";"15:25:00";"RS";285;293;"PASSO FUNDO";"Não guardar distância de segurança";"Colisão traseira";"Com Vítimas Feridas";"Pleno dia";"Crescente";"Chuva";"Simples";"Reta";"Sim";3;0;2;0;1;0;2;2;-28,231;-52,392;"SPRF-RS";"DEL08-RS";"UOP03-DEL08-RS"
112392;2018-02-19;"segunda-feira";"15:00:00";"SC";101;225;"PALHOCA";"Pista Escorregadia";"Saída de leito carroçável";"Sem Vítimas";"Pleno dia";"Decrescente";"Chuva";"Dupla";"Reta;Aclive";"Não";2;0;0;0;1;1;0;2;-27,7325738;-48,64099145;"SPRF-SC";"DEL01-SC";"UOP02-DEL01-SC"
112393;2018-02-19;"segunda-feira";"16:30:00";"BA";324;622;"SALVADOR";"Falta de Atenção à Condução";"Colisão traseira";"Com Vítimas Feridas";"Pleno dia";"Decrescente";"Sol";"Dupla";"Reta";"Sim";3;0;2;0;1;0;2;2;-12,8881185;-38,4425354;"SPRF-BA";"DEL01-BA";"UOP01-DEL01-BA"
112394;2018-02-19;"segunda-feira";"16:25:00";"SC";101;208;"SAO JOSE";"Não guardar distância de segurança";"Queda de ocupante de veículo";"Com Vítimas Feridas";"Pleno dia";"Decrescente";"Nublado";"Múltipla";"Reta";"Não";1;0;1;0;0;0;1;1;-27,6101;-48,6388;"SPRF-SC";"DEL01-SC";"UOP01-DEL01-SC"
112397;2018-02-19;"segunda-feira";"15:45:00";"SC";470;7;"NAVEGANTES";"Condutor Dormindo";"Colisão frontal";"Sem Vítimas";"Pleno dia";"Crescente";"Nublado";"Simples";"Reta;Em Obras";"Sim";3;0;0;0;3;0;0;3;-26,86430153;-48,68453979;"SPRF-SC";"DEL04-SC";"UOP04-DEL04-SC"
112399;2018-02-19;"segunda-feira";"17:15:00";"SC";282;279,6;"SAO JOSE DO CERRITO";"Falta de Atenção à Condução";"Saída de leito carroçável";"Sem Vítimas";"Pleno dia";"Crescente";"Nublado";"Simples";"Reta";"Não";2;0;0;0;2;0;0;2;-27,58347346;-50,75430837;"SPRF-SC";"DEL05-SC";"UOP02-DEL05-SC"
112400;2018-02-19;"segunda-feira";"16:20:00";"PR";116;119;"CURITIBA";"Falta de Atenção à Condução";"Colisão transversal";"Sem Vítimas";"Pleno dia";"Decrescente";"Nublado";"Dupla";"Declive;Reta";"Não";2;0;0;0;2;0;0;2;-25,5758918;-49,31213379;"SPRF-PR";"DEL01-PR";"UOP03-DEL01-PR"
112402;2018-02-19;"segunda-feira";"17:25:00";"RS";470;209;"BENTO GONCALVES";"Condutor Dormindo";"Saída de leito carroçável";"Sem Vítimas";"Pleno dia";"Decrescente";"Nublado";"Simples";"Reta";"Sim";1;0;0;0;1;0;0;1;-29,1128943;-51,54336691;"SPRF-RS";"DEL06-RS";"UOP01-DEL06-RS"
112404;2018-02-19;"segunda-feira";"10:20:00";"MT";364;477;"JANGADA";"Falta de Atenção à Condução";"Colisão traseira";"Sem Vítimas";"Pleno dia";"Crescente";"Céu Claro";"Simples";"Reta";"Não";1;0;0;0;1;0;0;1;-15,412147;-56,355824;"SPRF-MT";"DEL01-MT";"DEL2/4-UOP02/MT"
112408;2018-02-19;"segunda-feira";"16:30:00";"MT";163;755;"SORRISO";"Pista Escorregadia";"Saída de leito carroçável";"Com Vítimas Feridas";"Pleno dia";"Crescente";"Chuva";"Dupla";"Reta";"Não";2;0;1;0;1;0;1;1;-12,545702;-55,71182;"SPRF-MT";"DEL06-MT";"UOP01-DEL06-MT"
112409;2018-02-19;"segunda-feira";"18:00:00";"PR";376;590;"CURITIBA";"Não guardar distância de segurança";"Colisão traseira";"Sem Vítimas";"Pleno dia";"Crescente";"Sol";"Dupla";"Reta";"Sim";2;0;0;0;2;0;0;2;-25,4482349;-49,36637878;"SPRF-PR";"DEL01-PR";"UOP06-DEL01-PR"
112410;2018-02-19;"segunda-feira";"16:20:00";"MT";163;697;"SORRISO";"Falta de Atenção à Condução";"Saída de leito carroçável";"Com Vítimas Feridas";"Pleno dia";"Decrescente";"Chuva";"Simples";"Aclive";"Não";1;0;1;0;0;0;1;1;-13,00188159;-55,88745117;"SPRF-MT";"DEL06-MT";"UOP01-DEL06-MT"
112413;2018-02-19;"segunda-feira";"17:25:00";"BA";116;403;"FEIRA DE SANTANA";"Falta de Atenção à Condução";"Colisão lateral";"Com Vítimas Feridas";"Pleno dia";"Crescente";"Céu Claro";"Simples";"Reta";"Não";2;0;1;0;0;1;1;2;-12,03939688;-38,97133044;"SPRF-BA";"DEL02-BA";"DEL10/2-UOP02/BA"
112414;2018-02-19;"segunda-feira";"16:30:00";"SC";101;235;"PALHOCA";"Velocidade Incompatível";"Capotamento";"Com Vítimas Feridas";"Pleno dia";"Decrescente";"Chuva";"Dupla";"Curva";"Não";3;0;1;2;0;0;3;1;-27,827;-48,63;"SPRF-SC";"DEL01-SC";"UOP02-DEL01-SC"
112415;2018-02-19;"segunda-feira";"17:45:00";"PI";343;26;"PARNAIBA";"Animais na Pista";"Atropelamento de Animal";"Com Vítimas Feridas";"Plena Noite";"Decrescente";"Garoa/Chuvisco";"Simples";"Reta";"Não";1;0;1;0;0;0;1;1;-3,034567;-41,77211;"SPRF-PI";"DEL05-PI";"UOP01-DEL05-PI"
112416;2018-02-19;"segunda-feira";"18:00:00";"BA";116;619;"JAGUAQUARA";"Velocidade Incompatível";"Capotamento";"Com Vítimas Feridas";"Plena Noite";"Crescente";"Céu Claro";"Simples";"Reta";"Não";2;0;1;1;0;0;2;1;-13,36086338;-40,0177002;"SPRF-BA";"DEL03-BA";"UOP01-DEL03-BA"
112417;2018-02-19;"segunda-feira";"18:15:00";"RN";101;101;"PARNAMIRIM";"Não guardar distância de segurança";"Colisão lateral";"Sem Vítimas";"Plena Noite";"Decrescente";"Nublado";"Múltipla";"Interseção de Vias";"Não";2;0;0;0;2;0;0;2;-5,88026381;-35,2251308;"SPRF-RN";"DEL01-RN";"UOP01-DEL01-RN"
112420;2018-02-19;"segunda-feira";"16:00:00";"RS";472;504,6;"ITAQUI";"Pista Escorregadia";"Saída de leito carroçável";"Sem Vítimas";"Pleno dia";"Crescente";"Chuva";"Simples";"Reta";"Não";2;0;0;0;2;0;0;1;-29,344609;-56,61891;"SPRF-RS";"DEL13-RS";"UOP01-DEL13-RS"
112422;2018-02-19;"segunda-feira";"18:25:00";"BA";116;420;"FEIRA DE SANTANA";"Falta de Atenção à Condução";"Colisão frontal";"Com Vítimas Feridas";"Plena Noite";"Crescente";"Céu Claro";"Múltipla";"Reta";"Sim";2;0;1;0;1;0;1;2;-12,21245949;-38,96576732;"SPRF-BA";"DEL02-BA";"DEL10/2-UOP02/BA"
112423;2018-02-19;"segunda-feira";"16:00:00";"PB";104;151,8;"QUEIMADAS";"Mal Súbito";"Saída de leito carroçável";"Com Vítimas Feridas";"Pleno dia";"Crescente";"Céu Claro";"Simples";"Declive;Reta";"Não";1;0;1;0;0;0;1;1;-7,45234765;-35,91407061;"SPRF-PB";"DEL02-PB";"UOP03-DEL02-PB"
112424;2018-02-19;"segunda-feira";"18:25:00";"SP";116;517,8;"CAJATI";"Velocidade Incompatível";"Capotamento";"Sem Vítimas";"Anoitecer";"Decrescente";"Chuva";"Dupla";"Curva;Declive";"Não";1;0;0;0;1;0;0;1;-24,73659;-48,12319;"SPRF-SP";"DEL05-SP";"UAP01-DEL05-SP"
112425;2018-02-19;"segunda-feira";"18:30:00";"ES";262;3,5;"CARIACICA";"Falta de Atenção do Pedestre";"Atropelamento de Pedestre";"Com Vítimas Feridas";"Plena Noite";"Decrescente";"Céu Claro";"Múltipla";"Reta";"Sim";2;0;1;0;1;0;1;2;-20,3356381;-40,3728561;"SPRF-ES";"DEL01-ES";"UOP01-DEL01-ES"
112427;2018-02-19;"segunda-feira";"18:45:00";"RN";304;152,1;"ANGICOS";"Animais na Pista";"Atropelamento de Animal";"Com Vítimas Feridas";"Plena Noite";"Crescente";"Céu Claro";"Simples";"Reta";"Não";2;0;1;0;1;0;1;1;-5,6659646;-36,60141;"SPRF-RN";"DEL04-RN";"UOP01-DEL04-RN"
112428;2018-02-19;"segunda-feira";"18:50:00";"BA";324;562,2;"SAO SEBASTIAO DO PASSE";"Falta de Atenção à Condução";"Colisão transversal";"Com Vítimas Feridas";"Plena Noite";"Crescente";"Céu Claro";"Dupla";"Retorno Regulamentado";"Não";3;0;2;0;0;1;2;2;-12,52641244;-38,6100769;"SPRF-BA";"DEL01-BA";"UOP01-DEL01-BA"
112429;2018-02-19;"segunda-feira";"18:40:00";"MG";40;511;"RIBEIRAO DAS NEVES";"Falta de Atenção à Condução";"Colisão traseira";"Com Vítimas Feridas";"Plena Noite";"Decrescente";"Céu Claro";"Dupla";"Interseção de Vias";"Sim";3;0;2;0;1;0;2;2;-19,7926;-44,1112;"SPRF-MG";"DEL01-MG";"UOP03-DEL01-MG"
112430;2018-02-19;"segunda-feira";"17:00:00";"SP";116;82,4;"ROSEIRA";"Objeto estático sobre o leito carroçável";"Colisão com objeto estático";"Sem Vítimas";"Anoitecer";"Decrescente";"Céu Claro";"Dupla";"Reta";"Sim";1;0;0;0;1;0;0;1;-22,91088893;-45,32229746;"SPRF-SP";"DEL06-SP";"UOP01-DEL06-SP"
112433;2018-02-19;"segunda-feira";"08:30:00";"ES";262;0,5;"CARIACICA";"Falta de Atenção à Condução";"Colisão traseira";"Com Vítimas Feridas";"Pleno dia";"Decrescente";"Céu Claro";"Dupla";"Reta";"Sim";2;0;1;0;1;0;1;2;-20,33175018;-40,36102295;"SPRF-ES";"DEL01-ES";"UOP01-DEL01-ES"
112434;2018-02-19;"segunda-feira";"19:00:00";"SC";101;402;"MARACAJA";"Desobediência às normas de trânsito pelo condutor";"Colisão transversal";"Sem Vítimas";"Anoitecer";"Decrescente";"Nublado";"Dupla";"Viaduto";"Sim";2;0;0;0;1;1;0;2;-28,86615465;-49,44831491;"SPRF-SC";"DEL02-SC";"UOP02-DEL02-SC"
112436;2018-02-19;"segunda-feira";"19:40:00";"GO";60;92,2;"ANAPOLIS";"Pista Escorregadia";"Saída de leito carroçável";"Sem Vítimas";"Plena Noite";"Decrescente";"Chuva";"Dupla";"Curva";"Sim";1;0;0;0;1;0;0;1;-16,35144356;-48,91266435;"SPRF-GO";"DEL02-GO";"UOP01-DEL02-GO"
112437;2018-02-19;"segunda-feira";"19:15:00";"SC";101;207,1;"SAO JOSE";"Falta de Atenção à Condução";"Tombamento";"Com Vítimas Feridas";"Plena Noite";"Crescente";"Chuva";"Dupla";"Curva";"Não";1;0;0;1;0;0;1;1;-27,6030704;-48,63105115;"SPRF-SC";"DEL01-SC";"UOP01-DEL01-SC"
112441;2018-02-19;"segunda-feira";"15:10:00";"SC";282;389,3;"JOACABA";"Falta de Atenção à Condução";"Colisão frontal";"Com Vítimas Feridas";"Pleno dia";"Crescente";"Céu Claro";"Simples";"Curva";"Sim";2;0;2;0;0;0;2;2;-27,17990507;-51,53755993;"SPRF-SC";"DEL07-SC";"UOP05-DEL07-SC"
112443;2018-02-19;"segunda-feira";"20:30:00";"PE";232;14;"JABOATAO DOS GUARARAPES";"Animais na Pista";"Atropelamento de Animal";"Com Vítimas Feridas";"Plena Noite";"Decrescente";"Nublado";"Dupla";"Reta";"Não";1;0;0;1;0;0;1;1;-8,090255;-35,020523;"SPRF-PE";"DEL01-PE";"UOP01-DEL01-PE"
112445;2018-02-19;"segunda-feira";"20:40:00";"PR";376;599;"CURITIBA";"Falta de Atenção à Condução";"Colisão traseira";"Com Vítimas Feridas";"Plena Noite";"Crescente";"Nublado";"Simples";"Reta";"Não";2;0;0;1;1;0;1;2;-25,428255;-49,27348;"SPRF-PR";"DEL01-PR";"UOP06-DEL01-PR"
112447;2018-02-19;"segunda-feira";"21:10:00";"RN";304;50,7;"MOSSORO";"Animais na Pista";"Saída de leito carroçável";"Com Vítimas Feridas";"Plena Noite";"Decrescente";"Céu Claro";"Simples";"Reta";"Não";1;0;1;0;0;0;1;1;-5,24899943;-37,31063247;"SPRF-RN";"DEL04-RN";"UOP01-DEL04-RN"
112448;2018-02-19;"segunda-feira";"21:15:00";"PR";369;145;"LONDRINA";"Animais na Pista";"Atropelamento de Animal";"Com Vítimas Feridas";"Plena Noite";"Decrescente";"Céu Claro";"Dupla";"Aclive";"Sim";1;0;1;0;0;0;1;1;-23,310745;-51,163204;"SPRF-PR";"DEL07-PR";"UOP01-DEL07-PR"
112449;2018-02-19;"segunda-feira";"19:20:00";"MA";135;16,7;"SAO LUIS";"Pista Escorregadia";"Queda de ocupante de veículo";"Com Vítimas Feridas";"Plena Noite";"Decrescente";"Garoa/Chuvisco";"Simples";"Rotatória";"Não";1;0;0;1;0;0;1;1;-2,5667232;-44,36101198;"SPRF-MA";"DEL01-MA";"UOP01-DEL01-MA"
112450;2018-02-19;"segunda-feira";"21:20:00";"RS";290;102;"PORTO ALEGRE";"Falta de Atenção do Pedestre";"Atropelamento de Pedestre";"Com Vítimas Feridas";"Plena Noite";"Crescente";"Nublado";"Dupla";"Aclive";"Não";1;0;1;0;0;0;1;1;-29,98493395;-51,2285614;"SPRF-RS";"DEL01-RS";"UOP01-DEL01-RS"
112452;2018-02-19;"segunda-feira";"20:55:00";"RJ";393;236,5;"VASSOURAS";"Falta de Atenção à Condução";"Colisão traseira";"Sem Vítimas";"Plena Noite";"Crescente";"Chuva";"Simples";"Reta";"Sim";2;0;0;0;2;0;0;2;-22,4176118;-43,6813505;"SPRF-RJ";"DEL05-RJ";"UOP03-DEL05-RJ"
112453;2018-02-19;"segunda-feira";"21:00:00";"RJ";116;266;"BARRA MANSA";"Falta de Atenção à Condução";"Colisão traseira";"Com Vítimas Feridas";"Plena Noite";"Crescente";"Nublado";"Dupla";"Reta";"Não";2;0;1;0;1;0;1;2;-22,54465;-44,17177;"SPRF-RJ";"DEL07-RJ";"UOP02-DEL07-RJ"
112455;2018-02-19;"segunda-feira";"21:00:00";"PB";230;67,7;"SAO MIGUEL DE TAIPU";"Ingestão de Álcool";"Colisão com objeto estático";"Sem Vítimas";"Plena Noite";"Decrescente";"Céu Claro";"Dupla";"Aclive";"Não";1;0;0;0;1;0;0;1;-7,18679034;-35,2042215;"SPRF-PB";"DEL01-PB";"UOP03-DEL01-PB"
112457;2018-02-19;"segunda-feira";"19:28:00";"MA";316;424,4;"PERITORO";"Falta de Atenção à Condução";"Colisão transversal";"Sem Vítimas";"Plena Noite";"Crescente";"Céu Claro";"Simples";"Interseção de Vias";"Sim";2;0;0;0;2;0;0;2;-4,37209134;-44,33783501;"SPRF-MA";"DEL03-MA";"UOP01-DEL03-MA"
112458;2018-02-19;"segunda-feira";"21:40:00";"DF";20;7;"BRASILIA";"Animais na Pista";"Atropelamento de Animal";"Com Vítimas Feridas";"Plena Noite";"Crescente";"Céu Claro";"Dupla";"Aclive";"Sim";1;0;1;0;0;0;1;1;-15,662208;-47,799866;"SPRF-DF";"DEL02-DF";"UOP01-DEL02-DF"
112459;2018-02-19;"segunda-feira";"13:30:00";"MT";70;728;"CACERES";"Falta de Atenção à Condução";"Capotamento";"Com Vítimas Feridas";"Pleno dia";"Crescente";"Chuva";"Simples";"Reta";"Não";4;0;4;0;0;0;4;1;-16,168987;-57,609459;"SPRF-MT";"DEL03-MT";"UOP01-DEL03-MT"
112460;2018-02-19;"segunda-feira";"19:50:00";"SC";116;4,5;"MAFRA";"Desobediência às normas de trânsito pelo condutor";"Colisão transversal";"Sem Vítimas";"Plena Noite";"Crescente";"Garoa/Chuvisco";"Simples";"Interseção de Vias";"Sim";2;0;0;0;2;0;0;2;-26,13824768;-49,81118752;"SPRF-SC";"DEL06-SC";"UOP01-DEL06-SC"
112461;2018-02-19;"segunda-feira";"22:15:00";"GO";40;20;"LUZIANIA";"Falta de Atenção do Pedestre";"Atropelamento de Pedestre";"Com Vítimas Fatais";"Plena Noite";"Crescente";"Chuva";"Dupla";"Reta";"Sim";3;1;0;0;1;1;0;3;-16,21849;-47,915478;"SPRF-DF";"DEL01-DF";"UOP01-DEL01-DF"
112462;2018-02-19;"segunda-feira";"20:32:00";"ES";262;1,2;"CARIACICA";"Defeito na Via";"Queda de ocupante de veículo";"Com Vítimas Feridas";"Plena Noite";"Crescente";"Céu Claro";"Dupla";"Declive";"Sim";1;0;1;0;0;0;1;1;-20,32939963;-40,35615947;"SPRF-ES";"DEL01-ES";"UOP01-DEL01-ES"
112463;2018-02-19;"segunda-feira";"22:25:00";"SP";153;63;"SAO JOSE DO RIO PRETO";"Falta de Atenção à Condução";"Tombamento";"Com Vítimas Fatais";"Plena Noite";"Crescente";"Nublado";"Dupla";"Aclive";"Sim";1;1;0;0;0;0;0;1;-20,82155;-49,357655;"SPRF-SP";"DEL09-SP";"UOP01-DEL09-SP"
112464;2018-02-19;"segunda-feira";"22:30:00";"RS";116;234,9;"ESTANCIA VELHA";"Restrição de Visibilidade";"Colisão transversal";"Com Vítimas Feridas";"Plena Noite";"Crescente";"Chuva";"Simples";"Reta";"Sim";2;0;2;0;0;0;2;2;-29,65945747;-51,14394831;"SPRF-RS";"DEL01-RS";"UOP02-DEL01-RS"
112465;2018-02-19;"segunda-feira";"22:40:00";"GO";60;230,5;"CEZARINA";"Restrição de Visibilidade";"Colisão traseira";"Com Vítimas Feridas";"Plena Noite";"Decrescente";"Céu Claro";"Dupla";"Reta";"Não";6;0;6;0;0;0;6;2;-17,0294992;-49,77744877;"SPRF-GO";"DEL01-GO";"UOP02-DEL01-GO"
112466;2018-02-19;"segunda-feira";"22:20:00";"SC";282;2,1;"FLORIANOPOLIS";"Pista Escorregadia";"Queda de ocupante de veículo";"Com Vítimas Feridas";"Plena Noite";"Crescente";"Chuva";"Dupla";"Reta";"Sim";1;0;1;0;0;0;1;1;-27,6036172;-48,59006166;"SPRF-SC";"DEL01-SC";"UOP01-DEL01-SC"
112467;2018-02-19;"segunda-feira";"20:20:00";"SC";116;58;"PAPANDUVA";"Falta de Atenção à Condução";"Colisão transversal";"Sem Vítimas";"Plena Noite";"Crescente";"Nublado";"Simples";"Interseção de Vias;Reta";"Não";5;0;0;0;5;0;0;2;-26,370754;-50,144875;"SPRF-SC";"DEL06-SC";"UOP02-DEL06-SC"
112469;2018-02-19;"segunda-feira";"23:45:00";"PR";277;474,1;"NOVA LARANJEIRAS";"Falta de Atenção à Condução";"Colisão com objeto estático";"Com Vítimas Feridas";"Plena Noite";"Decrescente";"Nublado";"Simples";"Declive;Reta";"Não";1;0;1;0;0;0;1;1;-25,307411;-52,541832;"SPRF-PR";"DEL04-PR";"UOP02-DEL04-PR"
112470;2018-02-19;"segunda-feira";"21:30:00";"MG";381;489;"BETIM";"Defeito Mecânico no Veículo";"Colisão com objeto estático";"Sem Vítimas";"Pleno dia";"Decrescente";"Nublado";"Múltipla";"Aclive";"Sim";1;0;0;0;1;0;0;1;-19,95610487;-44,13247544;"SPRF-MG";"DEL01-MG";"UOP03-DEL01-MG"
112474;2018-02-19;"segunda-feira";"23:10:00";"RS";116;263;"CANOAS";"Pista Escorregadia";"Danos eventuais";"Sem Vítimas";"Plena Noite";"Decrescente";"Ignorado";"Múltipla";"Reta";"Sim";1;0;0;0;1;0;0;1;-29,905449;-51,176739;"SPRF-RS";"DEL01-RS";"UOP01-DEL01-RS"
112475;2018-02-20;"terça-feira";"02:30:00";"SC";101;426;"ARARANGUA";"Condutor Dormindo";"Colisão com objeto estático";"Com Vítimas Feridas";"Plena Noite";"Decrescente";"Nublado";"Dupla";"Reta;Viaduto";"Sim";1;0;1;0;0;0;1;1;-29,02701706;-49,60098624;"SPRF-SC";"DEL02-SC";"UOP02-DEL02-SC"
112476;2018-02-20;"terça-feira";"03:35:00";"PR";376;650,8;"TIJUCAS DO SUL";"Falta de Atenção à Condução";"Colisão com objeto estático";"Com Vítimas Feridas";"Plena Noite";"Crescente";"Nevoeiro/Neblina";"Dupla";"Aclive;Curva";"Não";1;0;1;0;0;0;1;1;-25,84562918;-49,07730103;"SPRF-PR";"DEL01-PR";"DEL7/1-UOP08/PR"
112477;2018-02-20;"terça-feira";"05:05:00";"MG";40;562;"NOVA LIMA";"Falta de Atenção à Condução";"Colisão com objeto estático";"Sem Vítimas";"Amanhecer";"Decrescente";"Chuva";"Dupla";"Curva";"Não";1;0;0;0;0;1;0;1;-20,1524;-43,9626;"SPRF-MG";"DEL01-MG";"UOP02-DEL01-MG"
112478;2018-02-20;"terça-feira";"05:00:00";"MG";381;905;"CAMBUI";"Animais na Pista";"Atropelamento de Animal";"Com Vítimas Feridas";"Amanhecer";"Crescente";"Nublado";"Dupla";"Curva";"Não";1;0;1;0;0;0;1;1;-22,6662;-46,093;"SPRF-MG";"DEL16-MG";"UOP03-DEL16-MG"
112479;2018-02-20;"terça-feira";"05:15:00";"SP";116;221;"GUARULHOS";"Não guardar distância de segurança";"Colisão lateral";"Com Vítimas Feridas";"Amanhecer";"Crescente";"Ignorado";"Múltipla";"Reta";"Sim";3;0;2;0;0;1;2;2;-23,463257;-46,53373;"SPRF-SP";"DEL01-SP";"UOP01-DEL01-SP"
112481;2018-02-19;"segunda-feira";"17:00:00";"RJ";101;318;"SAO GONCALO";"Falta de Atenção à Condução";"Queda de ocupante de veículo";"Com Vítimas Feridas";"Pleno dia";"Crescente";"Nublado";"Dupla";"Reta";"Não";2;0;2;0;0;0;2;1;-22,845663;-43,098431;"SPRF-RJ";"DEL02-RJ";"DEL5/2-UOP04/RJ"
112482;2018-02-20;"terça-feira";"05:10:00";"MG";381;526,3;"BRUMADINHO";"Velocidade Incompatível";"Capotamento";"Sem Vítimas";"Amanhecer";"Crescente";"Chuva";"Dupla";"Curva";"Não";1;0;0;0;1;0;0;1;-20,1563521;-44,32833109;"SPRF-MG";"DEL04-MG";"UOP03-DEL04-MG"
112485;2018-02-20;"terça-feira";"06:43:00";"PA";163;997;"SANTAREM";"Falta de Atenção à Condução";"Colisão traseira";"Com Vítimas Feridas";"Amanhecer";"Decrescente";"Nublado";"Simples";"Reta";"Sim";3;0;2;0;1;0;2;2;-2,46978532;-54,72770691;"SPRF-PA";"DEL05-PA";"UOP01-DEL05-PA"
112487;2018-02-20;"terça-feira";"07:00:00";"MG";381;533;"ITATIAIUCU";"Velocidade Incompatível";"Saída de leito carroçável";"Sem Vítimas";"Pleno dia";"Decrescente";"Chuva";"Dupla";"Curva";"Não";1;0;0;0;1;0;0;1;-20,1781;-44,3771;"SPRF-MG";"DEL04-MG";"UOP03-DEL04-MG"
112488;2018-02-20;"terça-feira";"06:30:00";"PB";101;43,5;"MAMANGUAPE";"Pista Escorregadia";"Saída de leito carroçável";"Sem Vítimas";"Pleno dia";"Decrescente";"Chuva";"Dupla";"Reta";"Não";1;0;0;0;1;0;0;1;-6,87304897;-35,13240012;"SPRF-PB";"DEL01-PB";"UOP04-DEL01-PB"
112490;2018-02-20;"terça-feira";"06:50:00";"RJ";101;66;"CAMPOS DOS GOYTACAZES";"Desobediência às normas de trânsito pelo condutor";"Colisão transversal";"Com Vítimas Feridas";"Pleno dia";"Crescente";"Céu Claro";"Simples";"Reta";"Sim";2;0;1;0;1;0;1;2;-21,75184688;-41,34567261;"SPRF-RJ";"DEL08-RJ";"UOP02-DEL08-RJ"
112491;2018-02-20;"terça-feira";"06:40:00";"PI";343;340,3;"TERESINA";"Não guardar distância de segurança";"Colisão traseira";"Sem Vítimas";"Pleno dia";"Crescente";"Céu Claro";"Simples";"Reta";"Sim";2;0;0;0;2;0;0;2;-5,07515902;-42,73771852;"SPRF-PI";"DEL01-PI";"UOP01-DEL01-PI"
112493;2018-02-20;"terça-feira";"07:07:00";"BA";324;543;"AMELIA RODRIGUES";"Desobediência às normas de trânsito pelo condutor";"Colisão lateral";"Com Vítimas Feridas";"Pleno dia";"Crescente";"Sol";"Dupla";"Retorno Regulamentado;Curva";"Sim";2;0;1;0;1;0;1;2;-12,4028;-38,7551;"SPRF-BA";"DEL01-BA";"UOP01-DEL01-BA"
112494;2018-02-20;"terça-feira";"07:35:00";"RN";304;190;"LAJES";"Desobediência às normas de trânsito pelo condutor";"Colisão lateral";"Com Vítimas Feridas";"Pleno dia";"Decrescente";"Céu Claro";"Simples";"Reta";"Não";2;0;1;0;1;0;1;2;-5,70041;-36,245018;"SPRF-RN";"DEL01-RN";"UOP03-DEL01-RN"
112495;2018-02-20;"terça-feira";"07:20:00";"RS";472;149;"SANTA ROSA";"Pista Escorregadia";"Colisão frontal";"Com Vítimas Fatais";"Pleno dia";"Crescente";"Garoa/Chuvisco";"Simples";"Curva";"Não";7;1;1;3;2;0;4;2;-27,8713;-54,481853;"SPRF-RS";"DEL10-RS";"UOP01-DEL10-RS"
112497;2018-02-20;"terça-feira";"07:00:00";"MS";163;462;"CAMPO GRANDE";"Falta de Atenção à Condução";"Colisão frontal";"Com Vítimas Feridas";"Pleno dia";"Crescente";"Chuva";"Simples";"Reta";"Não";2;0;1;0;1;0;1;2;-20,616884;-54,5748;"SPRF-MS";"DEL01-MS";"UOP01-DEL01-MS"
112499;2018-02-20;"terça-feira";"07:00:00";"PA";316;114,1;"SANTA MARIA DO PARA";"Avarias e/ou desgaste excessivo no pneu";"Queda de ocupante de veículo";"Com Vítimas Feridas";"Anoitecer";"Decrescente";"Chuva";"Simples";"Reta";"Não";2;0;1;1;0;0;2;1;-1,31709;-47,513165;"SPRF-PA";"DEL01-PA";"UOP02-DEL01-PA"
112500;2018-02-20;"terça-feira";"07:50:00";"PE";408;85,6;"PAUDALHO";"Pista Escorregadia";"Capotamento";"Sem Vítimas";"Pleno dia";"Decrescente";"Nublado";"Dupla";"Reta";"Não";1;0;0;0;1;0;0;1;-7,897091;-35,18001;"SPRF-PE";"DEL01-PE";"UOP01-DEL01-PE"
112501;2018-02-20;"terça-feira";"08:00:00";"BA";324;620,5;"SALVADOR";"Não guardar distância de segurança";"Colisão traseira";"Com Vítimas Feridas";"Pleno dia";"Crescente";"Céu Claro";"Múltipla";"Reta";"Sim";8;0;1;0;7;0;1;2;-12,9203088;-38,4652743;"SPRF-BA";"DEL01-BA";"UOP01-DEL01-BA"
112502;2018-02-20;"terça-feira";"06:40:00";"MG";262;87;"ABRE CAMPO";"Desobediência às normas de trânsito pelo condutor";"Colisão frontal";"Com Vítimas Feridas";"Pleno dia";"Crescente";"Céu Claro";"Simples";"Reta";"Não";4;0;2;1;1;0;3;2;-20,333214;-42,437653;"SPRF-MG";"DEL03-MG";"UOP03-DEL03-MG"
112503;2018-02-20;"terça-feira";"07:50:00";"CE";222;151;"IRAUCUBA";"Falta de Atenção à Condução";"Colisão lateral";"Com Vítimas Feridas";"Pleno dia";"Decrescente";"Céu Claro";"Simples";"Reta";"Não";2;0;0;1;1;0;1;2;-3,743703;-39,798561;"SPRF-CE";"DEL04-CE";"UOP03-DEL04-CE"