"id";"data_inversa";"dia_semana";"horario";"uf";"br";"km";"municipio";"causa_acidente";"tipo_acidente";"classificacao_acidente";"fase_dia";"sentido_via";"condicao_metereologica";"tipo_pista";"tracado_via";"uso_solo";"pessoas";"mortos";"feridos_leves";"feridos_graves";"ilesos";"ignorados";"feridos";"veiculos";"latitude";"longitude";"regional";"delegacia";"uop"
112800;2018-02-21;"quarta-feira";"13:50:00";"TO";153;743,6;"ALVORADA";"Pista Escorregadia";"Saída de leito carroçável";"Com Vítimas Feridas";"Pleno dia";"Decrescente";"Garoa/Chuvisco";"Simples";"Curva";"Não";1;0;1;0;0;0;1;1;-12,32949259;-49,14832453;"SPRF-TO";"DEL02-TO";"UOP02-DEL01-TO"
112802;2018-02-21;"quarta-feira";"13:30:00";"MG";381;431;"CAETE";"Defeito Mecânico no Veículo";"Incêndio";"Sem Vítimas";"Pleno dia";"Decrescente";"Nublado";"Simples";"Curva";"Não";1;0;0;0;1;0;0;1;-19,8802;-43,6696;"SPRF-MG";"DEL01-MG";"UOP01-DEL01-MG"
112804;2018-02-21;"quarta-feira";"14:00:00";"PR";476;135;"CURITIBA";"Mal Súbito";"Colisão com objeto estático";"Com Vítimas Feridas";"Pleno dia";"Crescente";"Sol";"Simples";"Reta";"Não";3;0;0;1;0;2;1;3;-25,47720458;-49,26053525;"SPRF-PR";"DEL01-PR";"UOP01-DEL01-PR"
112806;2018-02-21;"quarta-feira";"13:30:00";"RJ";116;172,7;"SAO JOAO DE MERITI";"Falta de Atenção à Condução";"Colisão lateral";"Com Vítimas Feridas";"Pleno dia";"Decrescente";"Nublado";"Múltipla";"Reta";"Sim";2;0;0;1;1;0;1;2;-22,79921842;-43,35527857;"SPRF-RJ";"DEL01-RJ";"UOP02-DEL01-RJ"
112807;2018-02-21;"quarta-feira";"11:38:00";"MG";262;35,9;"MANHUACU";"Falta de Atenção à Condução";"Colisão traseira";"Com Vítimas Feridas";"Pleno dia";"Decrescente";"Nublado";"Simples";"Rotatória";"Sim";2;0;1;0;1;0;1;2;-20,26683698;-42,03609735;"SPRF-MG";"DEL06-MG";"UOP03-DEL06-MG"
112810;2018-02-21;"quarta-feira";"14:50:00";"DF";60;30,3;"BRASILIA";"Falta de Atenção à Condução";"Colisão transversal";"Com Vítimas Feridas";"Pleno dia";"Crescente";"Céu Claro";"Dupla";"Reta";"Sim";2;0;1;0;1;0;1;2;-16,04129725;-48,25659335;"SPRF-DF";"DEL01-DF";"UOP01-DEL03-DF"
112811;2018-02-21;"quarta-feira";"11:00:00";"RN";304;266,6;"SAO PEDRO";"Defeito na Via";"Saída de leito carroçável";"Sem Vítimas";"Pleno dia";"Crescente";"Céu Claro";"Simples";"Reta";"Não";2;0;0;0;2;0;0;1;-5,862133;-35,607303;"SPRF-RN";"DEL01-RN";"UOP02-DEL01-RN"
112812;2018-02-21;"quarta-feira";"14:30:00";"SC";101;325;"PESCARIA BRAVA";"Desobediência às normas de trânsito pelo condutor";"Colisão lateral";"Com Vítimas Feridas";"Pleno dia";"Crescente";"Céu Claro";"Dupla";"Reta;Interseção de Vias";"Sim";2;0;0;1;1;0;1;2;-28,4245;-48,938;"SPRF-SC";"DEL02-SC";"UOP01-DEL02-SC"
112813;2018-02-21;"quarta-feira";"15:00:00";"RJ";116;301,8;"RESENDE";"Falta de Atenção à Condução";"Colisão com objeto estático";"Com Vítimas Feridas";"Pleno dia";"Decrescente";"Nublado";"Dupla";"Reta";"Não";5;0;2;0;3;0;2;1;-22,46937;-44,44705;"SPRF-RJ";"DEL07-RJ";"DEL5/7-UOP03/RJ"
112814;2018-02-21;"quarta-feira";"14:30:00";"CE";226;150,5;"MILHA";"Falta de Atenção à Condução";"Colisão frontal";"Com Vítimas Fatais";"Pleno dia";"Crescente";"Chuva";"Simples";"Curva";"Não";3;1;1;1;0;0;2;2;-5,6718;-39,194;"SPRF-CE";"DEL02-CE";"UOP02-DEL02-CE"
112815;2018-02-21;"quarta-feira";"13:50:00";"PR";277;115;"CAMPO LARGO";"Pista Escorregadia";"Saída de leito carroçável";"Com Vítimas Feridas";"Pleno dia";"Decrescente";"Céu Claro";"Simples";"Aclive;Reta";"Não";2;0;2;0;0;0;2;1;-25,44622949;-49,50517589;"SPRF-PR";"DEL01-PR";"UOP06-DEL01-PR"
112816;2018-02-21;"quarta-feira";"12:35:00";"RS";290;388,7;"SANTA MARGARIDA DO SUL";"Falta de Atenção à Condução";"Saída de leito carroçável";"Sem Vítimas";"Pleno dia";"Crescente";"Sol";"Simples";"Curva";"Não";3;0;0;0;3;0;0;1;-30,34604531;-54,0337639;"SPRF-RS";"DEL09-RS";"UOP02-DEL09-RS"
112817;2018-02-21;"quarta-feira";"14:30:00";"MG";381;331;"NOVA ERA";"Falta de Atenção à Condução";"Capotamento";"Com Vítimas Feridas";"Pleno dia";"Decrescente";"Nublado";"Dupla";"Curva";"Não";1;0;1;0;0;0;1;1;-19,7711;-43,0471;"SPRF-MG";"DEL03-MG";"UOP01-DEL03-MG"
112818;2018-02-21;"quarta-feira";"14:50:00";"CE";222;5;"CAUCAIA";"Falta de Atenção à Condução";"Colisão transversal";"Com Vítimas Feridas";"Pleno dia";"Crescente";"Céu Claro";"Dupla";"Aclive";"Não";2;0;1;0;1;0;1;2;-3,74297;-38,613312;"SPRF-CE";"DEL01-CE";"UOP01-DEL01-CE"
112823;2018-02-21;"quarta-feira";"15:30:00";"MG";40;815,2;"SIMAO PEREIRA";"Falta de Atenção à Condução";"Colisão traseira";"Com Vítimas Feridas";"Pleno dia";"Crescente";"Chuva";"Dupla";"Reta";"Não";2;0;1;0;1;0;1;2;-21,9226811;-43,3200197;"SPRF-MG";"DEL05-MG";"UOP01-DEL05-MG"
112824;2018-01-20;"sábado";"21:40:00";"MG";40;471,3;"SETE LAGOAS";"Falta de Atenção à Condução";"Tombamento";"Com Vítimas Feridas";"Plena Noite";"Decrescente";"Nublado";"Dupla";"Reta";"Sim";2;0;1;0;0;1;1;2;-19,48112145;-44,28453851;"SPRF-MG";"DEL02-MG";"UOP01-DEL02-MG"
112825;2018-02-21;"quarta-feira";"15:30:00";"SP";116;393;"MIRACATU";"Falta de Atenção à Condução";"Saída de leito carroçável";"Sem Vítimas";"Pleno dia";"Crescente";"Céu Claro";"Dupla";"Reta";"Sim";1;0;0;0;1;0;0;1;-24,2835703;-47,45277575;"SPRF-SP";"DEL04-SP";"UOP02-DEL04-SP"
112828;2018-02-21;"quarta-feira";"13:20:00";"MT";163;585;"NOVA MUTUM";"Pista Escorregadia";"Colisão frontal";"Com Vítimas Feridas";"Pleno dia";"Decrescente";"Chuva";"Simples";"Reta";"Não";4;0;2;2;0;0;4;2;-13,8420802;-56,08726501;"SPRF-MT";"DEL01-MT";"UOP01-DEL01-MT"
112829;2018-02-21;"quarta-feira";"15:30:00";"MG";50;71;"UBERLANDIA";"Falta de Atenção à Condução";"Colisão lateral";"Com Vítimas Feridas";"Pleno dia";"Decrescente";"Céu Claro";"Múltipla";"Interseção de Vias";"Sim";2;0;0;1;0;1;1;2;-18,88936557;-48,25812757;"SPRF-MG";"DEL15-MG";"UOP01-DEL15-MG"
112830;2018-02-21;"quarta-feira";"15:45:00";"SC";282;5,5;"SAO JOSE";"Velocidade Incompatível";"Colisão com objeto estático";"Sem Vítimas";"Pleno dia";"Decrescente";"Nublado";"Dupla";"Curva";"Sim";1;0;0;0;1;0;0;1;-27,5876049;-48,61675413;"SPRF-SC";"DEL01-SC";"UOP01-DEL01-SC"
112831;2018-02-21;"quarta-feira";"14:50:00";"RO";319;63,8;"PORTO VELHO";"Falta de Atenção à Condução";"Colisão transversal";"Sem Vítimas";"Pleno dia";"Crescente";"Chuva";"Dupla";"Reta";"Sim";2;0;0;0;2;0;0;2;-8,7611479;-63,88526121;"SPRF-RO";"DEL01-RO";"UOP01-DEL01-RO"
112832;2018-02-21;"quarta-feira";"15:20:00";"MG";381;489,1;"BETIM";"Falta de Atenção à Condução";"Colisão com objeto estático";"Com Vítimas Feridas";"Pleno dia";"Crescente";"Chuva";"Múltipla";"Reta";"Sim";3;0;3;0;0;0;3;1;-19,95629;-44,14187041;"SPRF-MG";"DEL01-MG";"UOP03-DEL01-MG"
112833;2018-02-21;"quarta-feira";"15:50:00";"RS";386;355,8;"ESTRELA";"Falta de Atenção à Condução";"Saída de leito carroçável";"Com Vítimas Feridas";"Pleno dia";"Crescente";"Chuva";"Dupla";"Reta";"Sim";2;0;1;0;1;0;1;1;-29,5476;-51,908142;"SPRF-RS";"DEL04-RS";"UOP01-DEL04-RS"
112834;2018-02-21;"quarta-feira";"16:00:00";"MG";381;540;"ITATIAIUCU";"Falta de Atenção à Condução";"Tombamento";"Sem Vítimas";"Pleno dia";"Decrescente";"Garoa/Chuvisco";"Dupla";"Curva";"Não";1;0;0;0;1;0;0;1;-20,2342;-44,4037;"SPRF-MG";"DEL04-MG";"UOP03-DEL04-MG"
112837;2018-02-21;"quarta-feira";"16:20:00";"CE";116;13,9;"FORTALEZA";"Restrição de Visibilidade";"Colisão lateral";"Com Vítimas Feridas";"Pleno dia";"Crescente";"Céu Claro";"Múltipla";"Reta";"Sim";2;0;1;0;1;0;1;2;-3,86916794;-38,49807858;"SPRF-CE";"DEL01-CE";"UOP02-DEL01-CE"
112838;2018-02-21;"quarta-feira";"16:10:00";"SC";101;328;"CAPIVARI DE BAIXO";"Não guardar distância de segurança";"Colisão com objeto estático";"Com Vítimas Feridas";"Pleno dia";"Crescente";"Céu Claro";"Dupla";"Reta;Aclive;Viaduto";"Sim";1;0;0;1;0;0;1;1;-28,4397;-48,9625;"SPRF-SC";"DEL02-SC";"UOP01-DEL02-SC"
112840;2018-02-21;"quarta-feira";"15:40:00";"MT";364;404;"CUIABA";"Não guardar distância de segurança";"Colisão lateral";"Com Vítimas Feridas";"Pleno dia";"Decrescente";"Garoa/Chuvisco";"Dupla";"Rotatória";"Sim";2;0;1;0;1;0;1;2;-15,641664;-56,020365;"SPRF-MT";"DEL02-MT";"UOP02-DEL01-MT"
112842;2018-02-21;"quarta-feira";"16:20:00";"PR";369;186,7;"ARAPONGAS";"Falta de Atenção à Condução";"Colisão transversal";"Com Vítimas Feridas";"Pleno dia";"Crescente";"Céu Claro";"Simples";"Reta;Interseção de Vias";"Sim";2;0;1;0;1;0;1;2;-23,42154268;-51,42459548;"SPRF-PR";"DEL07-PR";"UOP03-DEL07-PR"
112843;2018-02-21;"quarta-feira";"12:30:00";"MT";163;115;"RONDONOPOLIS";"Pista Escorregadia";"Saída de leito carroçável";"Sem Vítimas";"Pleno dia";"Crescente";"Chuva";"Dupla";"Reta";"Não";1;0;0;0;1;0;0;1;-16,54143036;-54,66041565;"SPRF-MT";"DEL02-MT";"UOP01-DEL02-MT"
112844;2018-02-21;"quarta-feira";"16:40:00";"AL";423;74,8;"AGUA BRANCA";"Velocidade Incompatível";"Colisão traseira";"Com Vítimas Feridas";"Anoitecer";"Decrescente";"Céu Claro";"Simples";"Reta;Declive";"Não";2;0;0;2;0;0;2;1;-9,32576596;-37,96600342;"SPRF-AL";"DEL03-AL";"UOP02-DEL03-AL"
112846;2018-02-21;"quarta-feira";"17:00:00";"CE";222;4,8;"CAUCAIA";"Desobediência às normas de trânsito pelo condutor";"Colisão transversal";"Com Vítimas Feridas";"Anoitecer";"Crescente";"Nublado";"Múltipla";"Interseção de Vias";"Sim";4;0;2;0;2;0;2;3;-3,74257927;-38,61199644;"SPRF-CE";"DEL01-CE";"UOP01-DEL01-CE"
112847;2018-02-21;"quarta-feira";"15:40:00";"GO";60;185,3;"GUAPO";"Pista Escorregadia";"Saída de leito carroçável";"Com Vítimas Feridas";"Pleno dia";"Crescente";"Chuva";"Dupla";"Curva";"Não";5;0;5;0;0;0;5;1;-16,80757429;-49,52639367;"SPRF-GO";"DEL01-GO";"UOP02-DEL01-GO"
112849;2018-02-21;"quarta-feira";"17:00:00";"RS";116;239;"NOVO HAMBURGO";"Falta de Atenção à Condução";"Atropelamento de Pedestre";"Com Vítimas Feridas";"Pleno dia";"Crescente";"Chuva";"Dupla";"Aclive;Reta";"Sim";2;0;1;0;1;0;1;2;-29,69419012;-51,14416569;"SPRF-RS";"DEL01-RS";"UOP02-DEL01-RS"
112850;2018-02-21;"quarta-feira";"17:05:00";"SE";101;110;"SAO CRISTOVAO";"Velocidade Incompatível";"Saída de leito carroçável";"Com Vítimas Feridas";"Pleno dia";"Decrescente";"Sol";"Dupla";"Reta";"Não";2;0;1;0;0;1;1;2;-10,9685;-37,2766;"SPRF-SE";"DEL02-SE";"UOP01-DEL02-SE"
112853;2018-02-21;"quarta-feira";"15:20:00";"MG";116;754,9;"LEOPOLDINA";"Avarias e/ou desgaste excessivo no pneu";"Saída de leito carroçável";"Sem Vítimas";"Pleno dia";"Crescente";"Céu Claro";"Simples";"Declive";"Não";3;0;0;0;3;0;0;1;-21,532427;-42,64342;"SPRF-MG";"DEL07-MG";"UOP01-DEL07-MG"
112856;2018-02-21;"quarta-feira";"17:25:00";"SP";381;68;"MAIRIPORA";"Não guardar distância de segurança";"Queda de ocupante de veículo";"Com Vítimas Feridas";"Pleno dia";"Crescente";"Céu Claro";"Dupla";"Reta";"Sim";1;0;1;0;0;0;1;1;-23,3184;-46,5872;"SPRF-SP";"DEL03-SP";"DEL6/3-UOP03/SP"
112857;2018-02-21;"quarta-feira";"16:15:00";"RJ";101;575;"PARATY";"Pista Escorregadia";"Tombamento";"Com Vítimas Feridas";"Pleno dia";"Crescente";"Chuva";"Simples";"Curva";"Sim";2;0;2;0;0;0;2;1;-23,218262;-44,71344;"SPRF-RJ";"DEL03-RJ";"UOP04-DEL03-RJ"
112859;2018-02-21;"quarta-feira";"15:45:00";"PR";277;101,5;"CURITIBA";"Falta de Atenção à Condução";"Capotamento";"Com Vítimas Feridas";"Pleno dia";"Decrescente";"Garoa/Chuvisco";"Dupla";"Aclive;Curva";"Não";1;0;1;0;0;0;1;1;-25,42916768;-49,3790477;"SPRF-PR";"DEL01-PR";"UOP06-DEL01-PR"
112860;2018-02-13;"terça-feira";"16:30:00";"MS";60;30;"CHAPADAO DO SUL";"Pista Escorregadia";"Saída de leito carroçável";"Sem Vítimas";"Pleno dia";"Crescente";"Chuva";"Simples";"Curva";"Não";1;0;0;0;1;0;0;1;-18,794;-52,6198;"SPRF-MS";"DEL08-MS";"UOP01-DEL08-MS"
112864;2018-02-21;"quarta-feira";"17:20:00";"SC";280;53;"GUARAMIRIM";"Falta de Atenção à Condução";"Colisão transversal";"Com Vítimas Feridas";"Pleno dia";"Decrescente";"Nublado";"Simples";"Interseção de Vias";"Sim";2;0;1;0;1;0;1;2;-26,47323812;-48,97663772;"SPRF-SC";"DEL03-SC";"UOP03-DEL03-SC"
112866;2018-02-21;"quarta-feira";"17:45:00";"AP";210;1;"MACAPA";"Ingestão de Álcool";"Colisão transversal";"Com Vítimas Feridas";"Pleno dia";"Decrescente";"Nublado";"Múltipla";"Interseção de Vias";"Sim";4;0;1;0;2;1;1;3;0,078212;-51,070091;"SPRF-AP";"DEL01-AP";"UOP01-DEL01-AP"
112867;2018-02-21;"quarta-feira";"17:45:00";"RJ";393;235;"VASSOURAS";"Desobediência às normas de trânsito pelo condutor";"Colisão transversal";"Com Vítimas Feridas";"Amanhecer";"Crescente";"Chuva";"Simples";"Reta";"Sim";3;0;3;0;0;0;3;2;-22,4119311;-43,67361009;"SPRF-RJ";"DEL05-RJ";"UOP03-DEL05-RJ"
112868;2018-02-21;"quarta-feira";"18:10:00";"SP";116;17,7;"LAVRINHAS";"Desobediência às normas de trânsito pelo condutor";"Colisão transversal";"Com Vítimas Feridas";"Anoitecer";"Crescente";"Chuva";"Dupla";"Reta";"Não";3;0;2;0;1;0;2;2;-22,55701769;-44,85408763;"SPRF-SP";"DEL08-SP";"UOP02-DEL08-SP"
112869;2018-02-21;"quarta-feira";"18:00:00";"CE";116;3;"FORTALEZA";"Falta de Atenção do Pedestre";"Atropelamento de Pedestre";"Com Vítimas Feridas";"Plena Noite";"Decrescente";"Ignorado";"Múltipla";"Reta";"Sim";2;0;0;1;1;0;1;2;-3,7874;-38,5109;"SPRF-CE";"DEL01-CE";"UOP02-DEL01-CE"
112870;2018-02-21;"quarta-feira";"18:00:00";"SP";116;276;"EMBU DAS ARTES";"Defeito Mecânico no Veículo";"Colisão traseira";"Com Vítimas Feridas";"Anoitecer";"Decrescente";"Nublado";"Dupla";"Reta";"Sim";5;0;1;0;4;0;1;5;-23,62043807;-46,81149423;"SPRF-SP";"DEL04-SP";"UOP01-DEL04-SP"
112871;2018-02-21;"quarta-feira";"18:10:00";"SP";116;274;"TABOAO DA SERRA";"Falta de Atenção à Condução";"Colisão traseira";"Com Vítimas Feridas";"Anoitecer";"Crescente";"Céu Claro";"Dupla";"Reta";"Sim";5;0;2;0;3;0;2;4;-23,649368;-46,852623;"SPRF-SP";"DEL04-SP";"UOP01-DEL04-SP"
112872;2018-02-21;"quarta-feira";"15:50:00";"MG";381;815,3;"CAREACU";"Velocidade Incompatível";"Capotamento";"Com Vítimas Feridas";"Pleno dia";"Decrescente";"Chuva";"Dupla";"Curva";"Não";3;0;3;0;0;0;3;1;-22,0358118;-45,68119261;"SPRF-MG";"DEL16-MG";"UOP02-DEL16-MG"
112873;2018-02-21;"quarta-feira";"17:45:00";"RS";386;81;"LAJEADO DO BUGRE";"Velocidade Incompatível";"Saída de leito carroçável";"Com Vítimas Feridas";"Pleno dia";"Crescente";"Chuva";"Simples";"Reta";"Não";3;0;3;0;0;0;3;1;-27,710569;-53,237091;"SPRF-RS";"DEL08-RS";"UOP02-DEL08-RS"
112874;2018-02-21;"quarta-feira";"17:40:00";"SC";163;93,9;"GUARACIABA";"Velocidade Incompatível";"Saída de leito carroçável";"Sem Vítimas";"Pleno dia";"Crescente";"Céu Claro";"Simples";"Aclive;Curva";"Não";1;0;0;0;1;0;0;1;-26,53474197;-53,52160869;"SPRF-SC";"DEL07-SC";"UOP03-DEL07-SC"
112876;2018-02-21;"quarta-feira";"18:30:00";"SC";282;16;"PALHOCA";"Falta de Atenção à Condução";"Colisão traseira";"Sem Vítimas";"Pleno dia";"Decrescente";"Céu Claro";"Simples";"Reta";"Sim";3;0;0;0;3;0;0;3;-27,658611;-48,681847;"SPRF-SC";"DEL01-SC";"UOP02-DEL01-SC"
112877;2018-02-21;"quarta-feira";"18:40:00";"CE";222;8,6;"CAUCAIA";"Falta de Atenção à Condução";"Colisão lateral";"Com Vítimas Feridas";"Plena Noite";"Crescente";"Céu Claro";"Múltipla";"Curva";"Sim";2;0;1;0;1;0;1;2;-3,736507;-38,65337;"SPRF-CE";"DEL01-CE";"UOP01-DEL01-CE"
112879;2018-02-21;"quarta-feira";"18:58:00";"SC";470;53,5;"BLUMENAU";"Ultrapassagem Indevida";"Colisão transversal";"Com Vítimas Feridas";"Anoitecer";"Decrescente";"Nublado";"Simples";"Reta";"Sim";2;0;1;0;1;0;1;2;-26,86262892;-49,08923954;"SPRF-SC";"DEL04-SC";"UOP01-DEL04-SC"
112880;2018-02-21;"quarta-feira";"18:30:00";"MG";381;337;"NOVA ERA";"Defeito Mecânico no Veículo";"Atropelamento de Pedestre";"Com Vítimas Feridas";"Plena Noite";"Decrescente";"Chuva";"Simples";"Reta";"Não";2;0;1;0;1;0;1;2;-19,750475;-43,037865;"SPRF-MG";"DEL03-MG";"UOP01-DEL03-MG"
112881;2018-02-21;"quarta-feira";"18:52:00";"GO";153;307,2;"RIALMA";"Falta de Atenção à Condução";"Colisão lateral";"Com Vítimas Feridas";"Plena Noite";"Crescente";"Chuva";"Simples";"Reta";"Não";2;0;0;1;1;0;1;2;-15,34066587;-49,56932794;"SPRF-GO";"DEL02-GO";"UOP02-DEL02-GO"
112882;2018-02-21;"quarta-feira";"18:30:00";"MG";116;667,6;"MIRADOURO";"Falta de Atenção à Condução";"Colisão lateral";"Com Vítimas Feridas";"Plena Noite";"Crescente";"Nublado";"Simples";"Curva";"Não";6;0;6;0;0;0;6;2;-20,891035;-42,34286;"SPRF-MG";"DEL07-MG";"UOP03-DEL07-MG"
112883;2018-02-21;"quarta-feira";"18:00:00";"MT";163;831;"SINOP";"Falta de Atenção do Pedestre";"Colisão com objeto estático";"Com Vítimas Feridas";"Anoitecer";"Crescente";"Nublado";"Dupla";"Curva";"Sim";2;0;0;1;1;0;1;2;-11,864589;-55,502926;"SPRF-MT";"DEL06-MT";"UOP01-DEL06-MT"
112884;2018-02-21;"quarta-feira";"19:15:00";"TO";153;145;"ARAGUAINA";"Falta de Atenção do Pedestre";"Atropelamento de Pedestre";"Com Vítimas Feridas";"Plena Noite";"Decrescente";"Nublado";"Simples";"Reta";"Sim";3;0;2;0;1;0;2;2;-7,21719967;-48,24573044;"SPRF-TO";"DEL02-TO";"UOP01-DEL02-TO"
112887;2018-02-21;"quarta-feira";"19:20:00";"PR";373;389,1;"CANDOI";"Falta de Atenção à Condução";"Saída de leito carroçável";"Com Vítimas Feridas";"Plena Noite";"Crescente";"Céu Claro";"Simples";"Reta";"Não";2;0;1;0;1;0;1;1;-25,6676;-52,1248;"SPRF-PR";"DEL03-PR";"UOP01-DEL08-PR"
112888;2018-02-21;"quarta-feira";"18:50:00";"PR";277;590;"CASCAVEL";"Falta de Atenção à Condução";"Colisão traseira";"Sem Vítimas";"Anoitecer";"Decrescente";"Nublado";"Simples";"Reta";"Não";2;0;0;0;2;0;0;2;-24,956297;-53,455727;"SPRF-PR";"DEL04-PR";"UOP01-DEL04-PR"
112893;2018-02-21;"quarta-feira";"19:30:00";"PR";277;108,6;"CAMPO LARGO";"Falta de Atenção à Condução";"Colisão transversal";"Com Vítimas Feridas";"Plena Noite";"Crescente";"Céu Claro";"Dupla";"Curva";"Não";2;0;2;0;0;0;2;2;-25,43786844;-49,44579363;"SPRF-PR";"DEL01-PR";"UOP06-DEL01-PR"
112894;2018-02-21;"quarta-feira";"19:25:00";"DF";20;5,8;"BRASILIA";"Defeito Mecânico no Veículo";"Colisão traseira";"Com Vítimas Feridas";"Plena Noite";"Decrescente";"Chuva";"Dupla";"Reta;Aclive";"Sim";4;0;3;0;1;0;3;2;-15,66687727;-47,80984701;"SPRF-DF";"DEL02-DF";"UOP01-DEL02-DF"
112895;2018-02-21;"quarta-feira";"19:55:00";"PE";101;51,6;"PAULISTA";"Falta de Atenção do Pedestre";"Atropelamento de Pedestre";"Com Vítimas Feridas";"Plena Noite";"Decrescente";"Vento";"Múltipla";"Reta";"Sim";2;0;2;0;0;0;2;2;-7,91863922;-34,89764015;"SPRF-PE";"DEL01-PE";"UOP02-DEL01-PE"
112896;2018-02-21;"quarta-feira";"20:15:00";"PR";376;168,4;"MARINGA";"Falta de Atenção à Condução";"Capotamento";"Com Vítimas Feridas";"Plena Noite";"Decrescente";"Céu Claro";"Dupla";"Reta";"Não";2;0;1;0;1;0;1;1;-23,3674713;-52,07244873;"SPRF-PR";"DEL07-PR";"UOP01-DEL09-PR"
112897;2018-02-21;"quarta-feira";"19:50:00";"ES";262;26,3;"VIANA";"Pista Escorregadia";"Capotamento";"Sem Vítimas";"Plena Noite";"Decrescente";"Nublado";"Simples";"Curva";"Não";1;0;0;0;1;0;0;1;-20,38066937;-40,54219827;"SPRF-ES";"DEL01-ES";"UOP01-DEL01-ES"
112898;2018-02-21;"quarta-feira";"17:25:00";"AC";364;127;"RIO BRANCO";"Defeito Mecânico no Veículo";"Incêndio";"Sem Vítimas";"Pleno dia";"Crescente";"Céu Claro";"Simples";"Reta";"Sim";1;0;0;0;1;0;0;1;-10,019817;-67,814339;"SPRF-AC";"DEL01-AC";"UOP01-DEL01-AC"
112899;2018-02-21;"quarta-feira";"19:20:00";"RJ";40;111;"DUQUE DE CAXIAS";"Falta de Atenção à Condução";"Colisão com objeto estático";"Com Vítimas Feridas";"Plena Noite";"Crescente";"Chuva";"Múltipla";"Aclive";"Sim";5;0;1;2;2;0;3;2;-22,73692343;-43,28887939;"SPRF-RJ";"DEL01-RJ";"UOP01-DEL01-RJ"
112900;2018-02-21;"quarta-feira";"23:00:00";"PA";316;25;"BENEVIDES";"Ingestão de Álcool";"Colisão traseira";"Com Vítimas Fatais";"Plena Noite";"Crescente";"Chuva";"Dupla";"Reta";"Não";2;1;0;0;0;1;0;2;-1,3617675;-48,2451;"SPRF-PA";"DEL01-PA";"DEL19/1-UOP05/PA"
112902;2018-02-21;"quarta-feira";"22:30:00";"PA";316;67;"CASTANHAL";"Falta de Atenção à Condução";"Colisão transversal";"Com Vítimas Feridas";"Plena Noite";"Decrescente";"Garoa/Chuvisco";"Simples";"Reta";"Sim";3;0;1;0;2;0;1;2;-1,294879;-47,892807;"SPRF-PA";"DEL01-PA";"UOP01-DEL01-PA"
112903;2018-02-21;"quarta-feira";"18:50:00";"CE";222;103,2;"UMIRIM";"Ultrapassagem Indevida";"Colisão lateral";"Com Vítimas Feridas";"Plena Noite";"Decrescente";"Céu Claro";"Simples";"Reta";"Não";2;0;0;1;0;1;1;2;-3,746764;-39,445271;"SPRF-CE";"DEL04-CE";"UOP03-DEL04-CE"
112904;2018-02-21;"quarta-feira";"21:15:00";"CE";222;4,2;"CAUCAIA";"Velocidade Incompatível";"Colisão lateral";"Com Vítimas Feridas";"Plena Noite";"Crescente";"Céu Claro";"Dupla";"Reta";"Sim";3;0;3;0;0;0;3;2;-3,74230091;-38,62586975;"SPRF-CE";"DEL01-CE";"UOP01-DEL01-CE"
112907;2018-02-22;"quinta-feira";"03:10:00";"GO";153;404;"PIRENOPOLIS";"Fenômenos da Natureza";"Colisão com objeto estático";"Com Vítimas Feridas";"Plena Noite";"Decrescente";"Chuva";"Simples";"Reta";"Não";1;0;1;0;0;0;1;1;-16,06215888;-49,06394423;"SPRF-GO";"DEL02-GO";"UOP01-DEL02-GO"
112908;2018-02-22;"quinta-feira";"03:55:00";"SC";101;86,6;"BARRA VELHA";"Ingestão de Álcool";"Colisão com objeto estático";"Com Vítimas Feridas";"Plena Noite";"Decrescente";"Céu Claro";"Dupla";"Reta";"Sim";1;0;1;0;0;0;1;1;-26,64232386;-48,69117734;"SPRF-SC";"DEL03-SC";"UOP02-DEL03-SC"
112909;2018-02-21;"quarta-feira";"22:50:00";"MG";381;250,8;"IPATINGA";"Falta de Atenção à Condução";"Colisão lateral";"Com Vítimas Feridas";"Plena Noite";"Decrescente";"Garoa/Chuvisco";"Simples";"Aclive";"Sim";2;0;1;0;1;0;1;2;-19,468807;-42,537025;"SPRF-MG";"DEL06-MG";"UOP01-DEL06-MG"
112910;2018-02-21;"quarta-feira";"21:50:00";"GO";414;434,5;"ANAPOLIS";"Defeito na Via";"Colisão com objeto estático";"Com Vítimas Feridas";"Plena Noite";"Crescente";"Chuva";"Simples";"Curva";"Não";2;0;0;1;1;0;1;1;-16,240338;-48,9342323;"SPRF-GO";"DEL02-GO";"UOP01-DEL02-GO"
112911;2018-02-22;"quinta-feira";"00:40:00";"GO";153;437,6;"ANAPOLIS";"Ingestão de Álcool";"Saída de leito carroçável";"Com Vítimas Feridas";"Plena Noite";"Decrescente";"Chuva";"Dupla";"Curva";"Sim";3;0;1;0;2;0;1;1;-16,28914443;-48,93776178;"SPRF-GO";"DEL02-GO";"UOP01-DEL02-GO"
112912;2018-02-22;"quinta-feira";"03:20:00";"RJ";116;208;"SEROPEDICA";"Falta de Atenção à Condução";"Saída de leito carroçável";"Com Vítimas Fatais";"Plena Noite";"Decrescente";"Garoa/Chuvisco";"Dupla";"Reta";"Sim";3;1;1;0;1;0;1;1;-22,722965;-43,671375;"SPRF-RJ";"DEL01-RJ";"UOP03-DEL01-RJ"