"id";"data_inversa";"dia_semana";"horario";"uf";"br";"km";"municipio";"causa_acidente";"tipo_acidente";"classificacao_acidente";"fase_dia";"sentido_via";"condicao_metereologica";"tipo_pista";"tracado_via";"uso_solo";"pessoas";"mortos";"feridos_leves";"feridos_graves";"ilesos";"ignorados";"feridos";"veiculos";"latitude";"longitude";"regional";"delegacia";"uop"
113120;2018-02-22;"quinta-feira";"14:20:00";"BA";101;216,1;"MURITIBA";"Falta de Atenção à Condução";"Colisão com objeto estático";"Com Vítimas Feridas";"Pleno dia";"Crescente";"Sol";"Simples";"Reta";"Sim";2;0;1;0;0;1;1;2;-12,63767991;-39,09660992;"SPRF-BA";"DEL01-BA";"UOP03-DEL01-BA"
113121;2018-02-22;"quinta-feira";"15:35:00";"PR";376;151;"MANDAGUACU";"Falta de Atenção à Condução";"Saída de leito carroçável";"Com Vítimas Feridas";"Pleno dia";"Crescente";"Céu Claro";"Dupla";"Reta";"Não";1;0;1;0;0;0;1;1;-23,30678848;-52,11085796;"SPRF-PR";"DEL07-PR";"UOP01-DEL09-PR"
113122;2018-02-22;"quinta-feira";"16:05:00";"SP";116;212;"GUARULHOS";"Falta de Atenção à Condução";"Saída de leito carroçável";"Com Vítimas Feridas";"Pleno dia";"Decrescente";"Céu Claro";"Múltipla";"Reta";"Sim";1;0;1;0;0;0;1;1;-23,47584314;-46,52572632;"SPRF-SP";"DEL01-SP";"UOP01-DEL01-SP"
113123;2018-02-22;"quinta-feira";"16:00:00";"RJ";116;303,3;"RESENDE";"Falta de Atenção à Condução";"Colisão transversal";"Com Vítimas Feridas";"Pleno dia";"Crescente";"Sol";"Simples";"Interseção de Vias";"Sim";2;0;0;1;1;0;1;2;-22,45833178;-44,42762733;"SPRF-RJ";"DEL07-RJ";"DEL5/7-UOP03/RJ"
113124;2018-02-22;"quinta-feira";"16:00:00";"PR";369;195;"APUCARANA";"Velocidade Incompatível";"Capotamento";"Sem Vítimas";"Pleno dia";"Crescente";"Céu Claro";"Dupla";"Reta";"Não";2;0;0;0;2;0;0;1;-23,5091267;-51,4268569;"SPRF-PR";"DEL07-PR";"UOP03-DEL07-PR"
113125;2018-02-22;"quinta-feira";"16:00:00";"MG";40;492,9;"ESMERALDAS";"Pista Escorregadia";"Colisão com objeto estático";"Com Vítimas Feridas";"Pleno dia";"Decrescente";"Chuva";"Dupla";"Reta";"Não";1;0;1;0;0;0;1;1;-19,64251572;-44,20245831;"SPRF-MG";"DEL02-MG";"UOP01-DEL02-MG"
113126;2018-02-22;"quinta-feira";"15:30:00";"MG";153;45;"CANAPOLIS";"Falta de Atenção à Condução";"Tombamento";"Sem Vítimas";"Pleno dia";"Crescente";"Céu Claro";"Dupla";"Reta";"Não";1;0;0;0;1;0;0;1;-18,7859;-49,0832;"SPRF-MG";"DEL15-MG";"UOP03-DEL15-MG"
113130;2018-02-22;"quinta-feira";"16:15:00";"SC";101;214,7;"PALHOCA";"Falta de Atenção à Condução";"Colisão lateral";"Com Vítimas Feridas";"Pleno dia";"Decrescente";"Nublado";"Dupla";"Reta";"Sim";2;0;1;0;1;0;1;2;-27,652;-48,676;"SPRF-SC";"DEL01-SC";"UOP02-DEL01-SC"
113134;2018-02-22;"quinta-feira";"16:50:00";"MG";365;628;"UBERLANDIA";"Falta de Atenção à Condução";"Colisão traseira";"Com Vítimas Feridas";"Pleno dia";"Crescente";"Céu Claro";"Dupla";"Retorno Regulamentado";"Sim";2;0;1;0;1;0;1;2;-18,90482489;-48,3394897;"SPRF-MG";"DEL15-MG";"UOP01-DEL15-MG"
113137;2018-02-22;"quinta-feira";"16:00:00";"MG";116;670,9;"MIRADOURO";"Falta de Atenção à Condução";"Saída de leito carroçável";"Com Vítimas Feridas";"Pleno dia";"Decrescente";"Chuva";"Simples";"Curva";"Não";2;0;2;0;0;0;2;1;-20,86869678;-42,32949615;"SPRF-MG";"DEL07-MG";"UOP03-DEL07-MG"
113139;2018-02-22;"quinta-feira";"16:15:00";"RJ";101;73;"CAMPOS DOS GOYTACAZES";"Falta de Atenção à Condução";"Colisão lateral";"Sem Vítimas";"Pleno dia";"Crescente";"Chuva";"Simples";"Reta";"Não";2;0;0;0;2;0;0;2;-21,798874;-41,393955;"SPRF-RJ";"DEL08-RJ";"UOP02-DEL08-RJ"
113142;2018-02-22;"quinta-feira";"17:20:00";"RS";290;96;"PORTO ALEGRE";"Falta de Atenção à Condução";"Queda de ocupante de veículo";"Com Vítimas Feridas";"Pleno dia";"Crescente";"Céu Claro";"Dupla";"Curva";"Não";1;0;0;1;0;0;1;1;-29,992107;-51,204525;"SPRF-RS";"DEL01-RS";"UOP01-DEL01-RS"
113144;2018-02-22;"quinta-feira";"16:30:00";"RN";304;232;"RIACHUELO";"Falta de Atenção à Condução";"Saída de leito carroçável";"Sem Vítimas";"Pleno dia";"Crescente";"Chuva";"Simples";"Curva";"Não";2;0;0;0;2;0;0;1;-5,74990224;-35,90465191;"SPRF-RN";"DEL01-RN";"UOP02-DEL01-RN"
113145;2018-02-22;"quinta-feira";"16:30:00";"SC";116;42,4;"PAPANDUVA";"Falta de Atenção à Condução";"Queda de ocupante de veículo";"Com Vítimas Feridas";"Pleno dia";"Decrescente";"Céu Claro";"Simples";"Reta";"Não";1;0;1;0;0;0;1;1;-26,370754;-50,144875;"SPRF-SC";"DEL06-SC";"UOP01-DEL06-SC"
113147;2018-02-22;"quinta-feira";"18:00:00";"MG";381;445;"SABARA";"Velocidade Incompatível";"Capotamento";"Com Vítimas Feridas";"Anoitecer";"Crescente";"Chuva";"Simples";"Curva";"Não";1;0;1;0;0;0;1;1;-19,8893;-43,805;"SPRF-MG";"DEL01-MG";"UOP01-DEL01-MG"
113148;2018-02-22;"quinta-feira";"17:15:00";"RS";386;80,7;"BOA VISTA DAS MISSOES";"Falta de Atenção à Condução";"Colisão frontal";"Com Vítimas Feridas";"Pleno dia";"Decrescente";"Sol";"Simples";"Reta";"Não";3;0;2;1;0;0;3;2;-27,70914341;-53,23812438;"SPRF-RS";"DEL08-RS";"UOP02-DEL08-RS"
113149;2018-02-22;"quinta-feira";"17:20:00";"ES";101;1,3;"VITORIA";"Falta de Atenção à Condução";"Colisão lateral";"Com Vítimas Feridas";"Pleno dia";"Crescente";"Nublado";"Dupla";"Reta";"Sim";2;0;1;0;1;0;1;2;-20,24488451;-40,28263807;"SPRF-ES";"DEL04-ES";"UOP02-DEL04-ES"
113150;2018-02-22;"quinta-feira";"16:40:00";"ES";101;1,8;"SERRA";"Falta de Atenção à Condução";"Colisão lateral";"Com Vítimas Feridas";"Pleno dia";"Crescente";"Nublado";"Dupla";"Reta";"Não";3;0;3;0;0;0;3;2;-20,129093;-40,308125;"SPRF-ES";"DEL02-ES";"UOP01-DEL02-ES"
113152;2018-02-22;"quinta-feira";"18:00:00";"MG";381;345;"BELA VISTA DE MINAS";"Velocidade Incompatível";"Saída de leito carroçável";"Com Vítimas Feridas";"Pleno dia";"Crescente";"Chuva";"Simples";"Curva";"Não";1;0;1;0;0;0;1;1;-19,7784;-43,0437;"SPRF-MG";"DEL03-MG";"UOP01-DEL03-MG"
113153;2018-02-22;"quinta-feira";"18:30:00";"PE";101;37,3;"ITAPISSUMA";"Desobediência às normas de trânsito pelo condutor";"Colisão lateral";"Sem Vítimas";"Plena Noite";"Decrescente";"Nublado";"Múltipla";"Reta";"Não";2;0;0;0;2;0;0;2;-7,80354956;-34,9255701;"SPRF-PE";"DEL01-PE";"UOP02-DEL01-PE"
113156;2018-02-22;"quinta-feira";"17:15:00";"GO";414;430;"ABADIANIA";"Pista Escorregadia";"Colisão com objeto estático";"Com Vítimas Feridas";"Pleno dia";"Crescente";"Chuva";"Simples";"Curva";"Não";1;0;1;0;0;0;1;1;-16,20033359;-48,91012967;"SPRF-GO";"DEL02-GO";"UOP01-DEL02-GO"
113157;2018-02-22;"quinta-feira";"18:50:00";"GO";70;8;"AGUAS LINDAS DE GOIAS";"Falta de Atenção à Condução";"Queda de ocupante de veículo";"Com Vítimas Feridas";"Plena Noite";"Crescente";"Céu Claro";"Dupla";"Reta";"Sim";1;0;1;0;0;0;1;1;-15,7375;-48,2739;"SPRF-DF";"DEL01-DF";"UOP02-DEL03-DF"
113158;2018-02-22;"quinta-feira";"18:40:00";"RS";470;167;"VILA FLORES";"Desobediência às normas de trânsito pelo condutor";"Colisão transversal";"Com Vítimas Feridas";"Anoitecer";"Decrescente";"Céu Claro";"Simples";"Rotatória";"Não";3;0;2;0;0;1;2;2;-28,86031031;-51,55677795;"SPRF-RS";"DEL06-RS";"UOP02-DEL06-RS"
113159;2018-02-22;"quinta-feira";"18:50:00";"MG";262;191;"BELA VISTA DE MINAS";"Velocidade Incompatível";"Saída de leito carroçável";"Sem Vítimas";"Plena Noite";"Crescente";"Chuva";"Simples";"Reta";"Não";1;0;0;0;1;0;0;1;-19,869349;-43,083492;"SPRF-MG";"DEL03-MG";"UOP01-DEL03-MG"
113160;2018-02-22;"quinta-feira";"19:05:00";"SC";280;5,5;"SAO FRANCISCO DO SUL";"Falta de Atenção à Condução";"Colisão traseira";"Com Vítimas Feridas";"Plena Noite";"Decrescente";"Céu Claro";"Simples";"Reta";"Sim";2;0;1;0;1;0;1;2;-26,2629701;-48,62962947;"SPRF-SC";"DEL03-SC";"UOP03-DEL03-SC"
113161;2018-02-22;"quinta-feira";"16:08:00";"MG";262;508;"LUZ";"Falta de Atenção à Condução";"Colisão transversal";"Com Vítimas Feridas";"Pleno dia";"Crescente";"Nublado";"Simples";"Reta";"Não";6;0;4;0;2;0;4;2;-19,801857;-45,68594;"SPRF-MG";"DEL08-MG";"UOP03-DEL08-MG"
113162;2018-02-22;"quinta-feira";"19:10:00";"SC";101;135;"BALNEARIO CAMBORIU";"Falta de Atenção à Condução";"Colisão traseira";"Com Vítimas Feridas";"Plena Noite";"Decrescente";"Céu Claro";"Dupla";"Reta";"Não";2;0;1;0;1;0;1;2;-27,0081;-48,617;"SPRF-SC";"DEL04-SC";"UOP03-DEL04-SC"
113163;2018-02-22;"quinta-feira";"05:45:00";"RO";364;708;"PORTO VELHO";"Mal Súbito";"Tombamento";"Com Vítimas Feridas";"Pleno dia";"Crescente";"Céu Claro";"Dupla";"Reta";"Sim";1;0;1;0;0;0;1;1;-8,785837;-63,857594;"SPRF-RO";"DEL01-RO";"UOP01-DEL01-RO"
113167;2018-02-22;"quinta-feira";"16:25:00";"SC";101;334,7;"TUBARAO";"Falta de Atenção à Condução";"Colisão lateral";"Com Vítimas Feridas";"Pleno dia";"Crescente";"Céu Claro";"Dupla";"Reta";"Sim";2;0;1;0;1;0;1;2;-28,46885163;-49,01403844;"SPRF-SC";"DEL02-SC";"UOP01-DEL02-SC"
113169;2018-02-22;"quinta-feira";"19:00:00";"RJ";101;321;"NITEROI";"Falta de Atenção à Condução";"Colisão traseira";"Com Vítimas Feridas";"Plena Noite";"Decrescente";"Céu Claro";"Dupla";"Reta";"Sim";2;0;0;1;1;0;1;2;-22,869852;-43,110458;"SPRF-RJ";"DEL02-RJ";"UOP02-DEL02-RJ"
113171;2018-02-22;"quinta-feira";"18:10:00";"SP";116;132,5;"CACAPAVA";"Falta de Atenção à Condução";"Colisão lateral";"Sem Vítimas";"Plena Noite";"Crescente";"Céu Claro";"Dupla";"Reta";"Sim";2;0;0;0;2;0;0;2;-23,13383792;-45,74906061;"SPRF-SP";"DEL06-SP";"UOP02-DEL02-SP"
113173;2018-02-22;"quinta-feira";"18:40:00";"MG";40;525,7;"CONTAGEM";"Avarias e/ou desgaste excessivo no pneu";"Tombamento";"Com Vítimas Feridas";"Plena Noite";"Decrescente";"Céu Claro";"Dupla";"Reta";"Sim";2;0;2;0;0;0;2;1;-19,89382227;-44,0498528;"SPRF-MG";"DEL01-MG";"UOP03-DEL01-MG"
113174;2018-02-22;"quinta-feira";"18:00:00";"MA";135;34,5;"BACABEIRA";"Falta de Atenção à Condução";"Capotamento";"Sem Vítimas";"Anoitecer";"Crescente";"Nublado";"Dupla";"Reta";"Não";1;0;0;0;1;0;0;1;-2,84457353;-44,37462831;"SPRF-MA";"DEL01-MA";"UOP01-DEL01-MA"
113177;2018-02-22;"quinta-feira";"19:50:00";"PE";101;67;"RECIFE";"Falta de Atenção à Condução";"Queda de ocupante de veículo";"Com Vítimas Feridas";"Plena Noite";"Crescente";"Céu Claro";"Dupla";"Reta";"Sim";1;0;1;0;0;0;1;1;-8,043712;-34,943855;"SPRF-PE";"DEL01-PE";"UOP01-DEL01-PE"
113178;2018-02-22;"quinta-feira";"18:44:00";"MS";463;50,7;"PONTA PORA";"Falta de Atenção do Pedestre";"Atropelamento de Pedestre";"Com Vítimas Feridas";"Plena Noite";"Crescente";"Céu Claro";"Simples";"Reta";"Não";2;0;1;0;1;0;1;2;-22,20759025;-55,15274048;"SPRF-MS";"DEL04-MS";"UOP03-DEL04-MS"
113179;2018-02-22;"quinta-feira";"19:50:00";"SC";101;136;"BALNEARIO CAMBORIU";"Falta de Atenção à Condução";"Colisão traseira";"Com Vítimas Feridas";"Plena Noite";"Crescente";"Céu Claro";"Múltipla";"Reta";"Sim";2;0;2;0;0;0;2;2;-27,0158;-48,6117;"SPRF-SC";"DEL04-SC";"UOP03-DEL04-SC"
113180;2018-02-22;"quinta-feira";"20:05:00";"SP";116;395;"MIRACATU";"Fenômenos da Natureza";"Saída de leito carroçável";"Sem Vítimas";"Plena Noite";"Decrescente";"Chuva";"Dupla";"Reta";"Sim";3;0;0;0;3;0;0;1;-24,28853287;-47,46006846;"SPRF-SP";"DEL04-SP";"UOP02-DEL04-SP"
113181;2018-02-22;"quinta-feira";"19:45:00";"GO";60;21,6;"ALEXANIA";"Velocidade Incompatível";"Saída de leito carroçável";"Com Vítimas Feridas";"Plena Noite";"Decrescente";"Céu Claro";"Simples";"Aclive";"Sim";1;0;1;0;0;0;1;1;-16,0887;-48,5018;"SPRF-DF";"DEL01-DF";"UOP01-DEL03-DF"
113182;2018-02-22;"quinta-feira";"20:10:00";"SC";101;214,3;"PALHOCA";"Defeito Mecânico no Veículo";"Incêndio";"Sem Vítimas";"Plena Noite";"Decrescente";"Céu Claro";"Múltipla";"Reta";"Sim";1;0;0;0;1;0;0;1;-27,64978362;-48,67435269;"SPRF-SC";"DEL01-SC";"UOP02-DEL01-SC"
113183;2018-02-22;"quinta-feira";"17:30:00";"MG";381;376;"SAO GONCALO DO RIO ABAIXO";"Pista Escorregadia";"Saída de leito carroçável";"Com Vítimas Feridas";"Anoitecer";"Crescente";"Chuva";"Simples";"Curva";"Não";2;0;1;0;1;0;1;1;-19,8281;-43,382;"SPRF-MG";"DEL01-MG";"UOP01-DEL01-MG"
113187;2018-02-22;"quinta-feira";"20:10:00";"SC";101;212;"PALHOCA";"Falta de Atenção à Condução";"Colisão traseira";"Com Vítimas Feridas";"Plena Noite";"Decrescente";"Céu Claro";"Dupla";"Reta";"Sim";2;0;1;0;1;0;1;2;-27,63351521;-48,66295623;"SPRF-SC";"DEL01-SC";"UOP02-DEL01-SC"
113189;2018-02-22;"quinta-feira";"20:05:00";"MG";381;580,9;"CARMOPOLIS DE MINAS";"Falta de Atenção à Condução";"Tombamento";"Com Vítimas Feridas";"Plena Noite";"Crescente";"Nublado";"Simples";"Curva";"Não";2;0;2;0;0;0;2;1;-20,48508244;-44,59179402;"SPRF-MG";"DEL04-MG";"UOP01-DEL04-MG"
113190;2018-02-22;"quinta-feira";"20:15:00";"SP";116;289,9;"ITAPECERICA DA SERRA";"Condutor Dormindo";"Colisão traseira";"Com Vítimas Feridas";"Plena Noite";"Decrescente";"Garoa/Chuvisco";"Dupla";"Reta";"Não";6;0;1;0;5;0;1;2;-23,72006621;-46,88472122;"SPRF-SP";"DEL04-SP";"UOP01-DEL04-SP"
113191;2018-02-22;"quinta-feira";"15:20:00";"SC";282;533,7;"CORDILHEIRA ALTA";"Avarias e/ou desgaste excessivo no pneu";"Saída de leito carroçável";"Com Vítimas Feridas";"Pleno dia";"Crescente";"Sol";"Simples";"Curva";"Não";1;0;1;0;0;0;1;1;-26,99184243;-52,60940552;"SPRF-SC";"DEL07-SC";"UOP01-DEL07-SC"
113192;2018-02-22;"quinta-feira";"18:40:00";"MA";10;251;"IMPERATRIZ";"Restrição de Visibilidade";"Colisão lateral";"Com Vítimas Feridas";"Anoitecer";"Decrescente";"Garoa/Chuvisco";"Simples";"Retorno Regulamentado";"Sim";2;0;1;0;0;1;1;2;-5,543249;-47,464447;"SPRF-MA";"DEL04-MA";"UOP01-DEL04-MA"
113194;2018-02-22;"quinta-feira";"09:40:00";"RO";364;499;"ARIQUEMES";"Falta de Atenção à Condução";"Colisão traseira";"Sem Vítimas";"Pleno dia";"Decrescente";"Céu Claro";"Simples";"Reta";"Não";2;0;0;0;1;1;0;2;-10,037506;-62,976601;"SPRF-RO";"DEL03-RO";"UOP01-DEL03-RO"
113203;2018-02-14;"quarta-feira";"15:00:00";"MS";158;1;"CASSILANDIA";"Falta de Atenção à Condução";"Colisão lateral";"Com Vítimas Feridas";"Pleno dia";"Crescente";"Nublado";"Simples";"Rotatória";"Sim";3;0;1;0;2;0;1;2;-19,1112617;-51,74399078;"SPRF-MS";"DEL08-MS";"UOP01-DEL08-MS"
113213;2018-02-22;"quinta-feira";"21:00:00";"MG";40;608,8;"CONGONHAS";"Falta de Atenção à Condução";"Atropelamento de Pedestre";"Com Vítimas Feridas";"Plena Noite";"Decrescente";"Nublado";"Simples";"Curva";"Sim";2;0;0;1;0;1;1;2;-20,51363029;-43,8398239;"SPRF-MG";"DEL05-MG";"UOP02-DEL05-MG"
113215;2018-02-22;"quinta-feira";"20:30:00";"MG";381;477,3;"CONTAGEM";"Falta de Atenção à Condução";"Colisão traseira";"Com Vítimas Feridas";"Plena Noite";"Decrescente";"Chuva";"Dupla";"Reta";"Sim";3;0;1;0;2;0;1;3;-19,95915056;-44,03182983;"SPRF-MG";"DEL01-MG";"UOP03-DEL01-MG"
113222;2018-02-22;"quinta-feira";"21:35:00";"ES";262;128;"CONCEICAO DO CASTELO";"Velocidade Incompatível";"Saída de leito carroçável";"Com Vítimas Feridas";"Plena Noite";"Decrescente";"Chuva";"Simples";"Curva";"Não";2;0;0;2;0;0;2;1;-20,26131141;-41,27862451;"SPRF-ES";"DEL01-ES";"UOP02-DEL01-ES"
113226;2018-02-22;"quinta-feira";"20:10:00";"GO";153;441;"ANAPOLIS";"Falta de Atenção à Condução";"Capotamento";"Sem Vítimas";"Plena Noite";"Decrescente";"Chuva";"Dupla";"Reta";"Sim";1;0;0;0;1;0;0;1;-16,325272;-48,922024;"SPRF-GO";"DEL02-GO";"UOP01-DEL02-GO"
113227;2018-02-22;"quinta-feira";"21:45:00";"BA";116;819;"VITORIA DA CONQUISTA";"Falta de Atenção à Condução";"Queda de ocupante de veículo";"Com Vítimas Feridas";"Plena Noite";"Decrescente";"Céu Claro";"Simples";"Curva";"Não";1;0;1;0;0;0;1;1;-14,829188;-40,828459;"SPRF-BA";"DEL08-BA";"UOP01-DEL08-BA"
113229;2018-02-22;"quinta-feira";"22:30:00";"PR";116;193,2;"CAMPO DO TENENTE";"Avarias e/ou desgaste excessivo no pneu";"Queda de ocupante de veículo";"Com Vítimas Feridas";"Plena Noite";"Decrescente";"Céu Claro";"Simples";"Reta";"Não";1;0;1;0;0;0;1;1;-25,978533;-49,683205;"SPRF-SC";"DEL06-SC";"UOP01-DEL06-SC"
113230;2018-02-22;"quinta-feira";"22:00:00";"MG";50;71;"UBERLANDIA";"Falta de Atenção à Condução";"Colisão traseira";"Com Vítimas Feridas";"Plena Noite";"Decrescente";"Nublado";"Dupla";"Reta";"Não";2;0;0;1;1;0;1;2;-18,9146078;-48,2753801;"SPRF-MG";"DEL15-MG";"UOP01-DEL15-MG"
113232;2018-02-22;"quinta-feira";"23:00:00";"RN";101;84,5;"NATAL";"Falta de Atenção à Condução";"Colisão traseira";"Com Vítimas Feridas";"Plena Noite";"Crescente";"Céu Claro";"Dupla";"Reta";"Sim";2;0;1;0;1;0;1;2;-5,77313486;-35,26062012;"SPRF-RN";"DEL02-RN";"UOP01-DEL02-RN"
113233;2018-02-22;"quinta-feira";"20:00:00";"PR";163;0;"BARRACAO";"Velocidade Incompatível";"Colisão traseira";"Sem Vítimas";"Plena Noite";"Decrescente";"Céu Claro";"Simples";"Reta";"Não";2;0;0;0;2;0;0;2;-26,287046;-53,55503;"SPRF-PR";"DEL02-PR";"UOP02-DEL02-PR"
113234;2018-02-22;"quinta-feira";"21:45:00";"MS";60;368,7;"CAMPO GRANDE";"Defeito na Via";"Colisão traseira";"Com Vítimas Feridas";"Plena Noite";"Decrescente";"Céu Claro";"Simples";"Reta";"Sim";1;0;1;0;0;0;1;1;-20,56079574;-54,68513489;"SPRF-MS";"DEL01-MS";"UOP03-DEL01-MS"
113238;2018-02-22;"quinta-feira";"23:00:00";"RJ";116;170;"SAO JOAO DE MERITI";"Falta de Atenção à Condução";"Colisão traseira";"Sem Vítimas";"Plena Noite";"Crescente";"Chuva";"Múltipla";"Reta";"Sim";2;0;0;0;2;0;0;2;-22,79264121;-43,36715698;"SPRF-RJ";"DEL01-RJ";"UOP02-DEL01-RJ"
113240;2018-02-22;"quinta-feira";"23:27:00";"RS";116;243,8;"SAO LEOPOLDO";"Velocidade Incompatível";"Capotamento";"Com Vítimas Feridas";"Plena Noite";"Decrescente";"Céu Claro";"Dupla";"Curva";"Sim";1;0;0;1;0;0;1;1;-29,73910393;-51,1502172;"SPRF-RS";"DEL01-RS";"UOP02-DEL01-RS"
113241;2018-02-22;"quinta-feira";"22:50:00";"SP";116;170;"JACAREI";"Objeto estático sobre o leito carroçável";"Colisão traseira";"Sem Vítimas";"Plena Noite";"Crescente";"Céu Claro";"Dupla";"Curva";"Não";2;0;0;0;2;0;0;2;-23,3055;-45,967;"SPRF-SP";"DEL02-SP";"UOP01-DEL02-SP"
113244;2018-02-22;"quinta-feira";"22:00:00";"MG";50;71;"UBERLANDIA";"Não guardar distância de segurança";"Colisão traseira";"Com Vítimas Feridas";"Plena Noite";"Crescente";"Céu Claro";"Dupla";"Reta";"Sim";2;0;1;1;0;0;2;2;-18,891014;-48,255643;"SPRF-MG";"DEL15-MG";"UOP01-DEL15-MG"
113245;2018-02-23;"sexta-feira";"01:00:00";"RJ";116;298,9;"RESENDE";"Falta de Atenção à Condução";"Colisão traseira";"Com Vítimas Feridas";"Plena Noite";"Crescente";"Chuva";"Dupla";"Reta";"Sim";2;0;2;0;0;0;2;2;-22,45466313;-44,38437939;"SPRF-RJ";"DEL07-RJ";"DEL5/7-UOP03/RJ"
113248;2018-02-22;"quinta-feira";"19:15:00";"GO";158;267,3;"JATAI";"Animais na Pista";"Atropelamento de Animal";"Com Vítimas Feridas";"Plena Noite";"Crescente";"Nublado";"Dupla";"Reta";"Sim";2;0;2;0;0;0;2;1;-17,8928;-51,7151;"SPRF-GO";"DEL05-GO";"UOP01-DEL05-GO"
113249;2018-02-23;"sexta-feira";"00:55:00";"MT";163;783;"SORRISO";"Falta de Atenção à Condução";"Queda de ocupante de veículo";"Com Vítimas Feridas";"Plena Noite";"Crescente";"Chuva";"Simples";"Reta";"Não";1;0;1;0;0;0;1;1;-12,55113323;-55,70132737;"SPRF-MT";"DEL06-MT";"UOP01-DEL06-MT"
113251;2018-02-23;"sexta-feira";"02:40:00";"SC";101;199;"SAO JOSE";"Falta de Atenção à Condução";"Saída de leito carroçável";"Sem Vítimas";"Plena Noite";"Crescente";"Céu Claro";"Dupla";"Reta";"Sim";1;0;0;0;1;0;0;1;-27,53461254;-48,6295491;"SPRF-SC";"DEL01-SC";"UOP01-DEL01-SC"
113255;2018-02-23;"sexta-feira";"02:35:00";"MT";70;535;"NOSSA SENHORA DO LIVRAMENTO";"Velocidade Incompatível";"Saída de leito carroçável";"Com Vítimas Feridas";"Plena Noite";"Crescente";"Chuva";"Simples";"Aclive;Reta";"Não";2;0;1;0;1;0;1;1;-15,775434;-56,345993;"SPRF-MT";"DEL01-MT";"DEL2/4-UOP02/MT"
113256;2018-02-23;"sexta-feira";"03:30:00";"ES";101;284;"CARIACICA";"Falta de Atenção à Condução";"Colisão com objeto estático";"Sem Vítimas";"Plena Noite";"Decrescente";"Céu Claro";"Dupla";"Reta";"Sim";1;0;0;0;1;0;0;1;-20,24379369;-40,36980987;"SPRF-ES";"DEL01-ES";"UOP01-DEL01-ES"
113260;2018-02-23;"sexta-feira";"05:10:00";"SC";280;58;"GUARAMIRIM";"Falta de Atenção à Condução";"Colisão transversal";"Com Vítimas Feridas";"Plena Noite";"Crescente";"Céu Claro";"Simples";"Reta";"Sim";2;0;1;0;1;0;1;2;-26,474155;-49,021248;"SPRF-SC";"DEL03-SC";"UOP03-DEL03-SC"
113263;2018-02-23;"sexta-feira";"05:00:00";"PR";467;105;"CASCAVEL";"Ingestão de Álcool";"Saída de leito carroçável";"Com Vítimas Feridas";"Plena Noite";"Decrescente";"Céu Claro";"Dupla";"Reta";"Não";3;0;1;0;1;1;1;2;-24,91370008;-53,49461317;"SPRF-PR";"DEL04-PR";"UOP01-DEL04-PR"
113264;2018-02-23;"sexta-feira";"05:10:00";"SP";459;26;"LORENA";"Animais na Pista";"Atropelamento de Animal";"Com Vítimas Feridas";"Amanhecer";"Decrescente";"Garoa/Chuvisco";"Simples";"Reta";"Não";1;0;0;1;0;0;1;1;-22,69265471;-45,12381613;"SPRF-SP";"DEL08-SP";"UOP03-DEL08-SP"
113265;2018-01-18;"quinta-feira";"12:30:00";"PB";230;1,9;"CABEDELO";"Falta de Atenção à Condução";"Colisão traseira";"Sem Vítimas";"Pleno dia";"Crescente";"Céu Claro";"Múltipla";"Reta";"Sim";4;0;0;0;2;2;0;3;-6,98286157;-34,82972957;"SPRF-PB";"DEL01-PB";"UOP01-DEL01-PB"
113266;2018-02-23;"sexta-feira";"04:50:00";"SC";280;196,6;"MAFRA";"Ingestão de Álcool";"Queda de ocupante de veículo";"Com Vítimas Feridas";"Plena Noite";"Decrescente";"Céu Claro";"Simples";"Reta";"Não";1;0;1;0;0;0;1;1;-26,17294052;-49,95675658;"SPRF-SC";"DEL06-SC";"UOP01-DEL06-SC"
113267;2018-02-23;"sexta-feira";"06:10:00";"BA";242;856;"BARREIRAS";"Falta de Atenção à Condução";"Colisão frontal";"Com Vítimas Fatais";"Pleno dia";"Crescente";"Céu Claro";"Simples";"Reta";"Não";3;1;0;0;2;0;0;2;-12,069405;-45,554856;"SPRF-BA";"DEL10-BA";"UOP01-DEL10-BA"
113273;2018-02-23;"sexta-feira";"07:00:00";"GO";153;507;"APARECIDA DE GOIANIA";"Falta de Atenção do Pedestre";"Atropelamento de Pedestre";"Com Vítimas Feridas";"Pleno dia";"Decrescente";"Céu Claro";"Dupla";"Reta";"Sim";3;0;0;1;1;1;1;2;-16,7715;-49,2387;"SPRF-GO";"DEL01-GO";"UOP03-DEL01-GO"
113275;2018-02-23;"sexta-feira";"07:20:00";"PR";376;181,5;"MARINGA";"Não guardar distância de segurança";"Queda de ocupante de veículo";"Com Vítimas Feridas";"Pleno dia";"Decrescente";"Céu Claro";"Dupla";"Reta";"Sim";2;0;1;0;1;0;1;2;-23,43448913;-51,88283504;"SPRF-PR";"DEL07-PR";"UOP01-DEL09-PR"
113276;2018-02-23;"sexta-feira";"07:00:00";"RJ";40;105;"DUQUE DE CAXIAS";"Pista Escorregadia";"Colisão traseira";"Com Vítimas Feridas";"Pleno dia";"Crescente";"Chuva";"Dupla";"Reta";"Sim";2;0;1;0;1;0;1;2;-22,6476;-43,2836;"SPRF-RJ";"DEL01-RJ";"UOP01-DEL01-RJ"