"id";"data_inversa";"dia_semana";"horario";"uf";"br";"km";"municipio";"causa_acidente";"tipo_acidente";"classificacao_acidente";"fase_dia";"sentido_via";"condicao_metereologica";"tipo_pista";"tracado_via";"uso_solo";"pessoas";"mortos";"feridos_leves";"feridos_graves";"ilesos";"ignorados";"feridos";"veiculos";"latitude";"longitude";"regional";"delegacia";"uop"
113279;2018-02-23;"sexta-feira";"07:15:00";"RN";101;94;"NATAL";"Falta de Atenção à Condução";"Colisão lateral";"Com Vítimas Feridas";"Pleno dia";"Decrescente";"Sol";"Múltipla";"Reta";"Sim";2;0;1;0;1;0;1;2;-5,831766;-35,211914;"SPRF-RN";"DEL01-RN";"UOP01-DEL01-RN"
113280;2018-02-23;"sexta-feira";"07:00:00";"SP";381;89;"SAO PAULO";"Ultrapassagem Indevida";"Colisão lateral";"Sem Vítimas";"Pleno dia";"Crescente";"Céu Claro";"Múltipla";"Reta";"Sim";2;0;0;0;1;1;0;2;-23,48403043;-46,56211853;"SPRF-SP";"DEL03-SP";"DEL6/3-UOP03/SP"
113281;2018-02-23;"sexta-feira";"06:35:00";"MS";163;256;"DOURADOS";"Falta de Atenção à Condução";"Colisão transversal";"Com Vítimas Feridas";"Amanhecer";"Crescente";"Céu Claro";"Dupla";"Interseção de Vias";"Sim";3;0;3;0;0;0;3;2;-22,25911307;-54,80369925;"SPRF-MS";"DEL04-MS";"UOP01-DEL04-MS"
113283;2018-02-23;"sexta-feira";"07:00:00";"RS";116;150;"CAXIAS DO SUL";"Desobediência às normas de trânsito pelo condutor";"Atropelamento de Pedestre";"Com Vítimas Feridas";"Amanhecer";"Decrescente";"Céu Claro";"Múltipla";"Reta";"Sim";2;0;1;0;0;1;1;2;-29,16842129;-51,15832239;"SPRF-RS";"DEL05-RS";"UOP01-DEL05-RS"
113284;2018-02-23;"sexta-feira";"07:20:00";"CE";116;10;"FORTALEZA";"Falta de Atenção à Condução";"Colisão traseira";"Com Vítimas Feridas";"Pleno dia";"Decrescente";"Céu Claro";"Múltipla";"Reta";"Sim";2;0;2;0;0;0;2;2;-3,79848398;-38,50845337;"SPRF-CE";"DEL01-CE";"UOP02-DEL01-CE"
113286;2018-02-23;"sexta-feira";"07:10:00";"RS";392;351,5;"SANTA MARIA";"Falta de Atenção à Condução";"Colisão transversal";"Com Vítimas Feridas";"Pleno dia";"Crescente";"Sol";"Simples";"Reta";"Sim";2;0;1;0;1;0;1;2;-29,72464572;-53,80599704;"SPRF-RS";"DEL09-RS";"UOP01-DEL09-RS"
113287;2018-02-23;"sexta-feira";"04:00:00";"PI";316;137;"ELESBAO VELOSO";"Fenômenos da Natureza";"Colisão com objeto estático";"Sem Vítimas";"Amanhecer";"Decrescente";"Chuva";"Simples";"Reta";"Não";2;0;0;0;2;0;0;1;-6,17741962;-42,1257019;"SPRF-PI";"DEL04-PI";"UOP02-DEL04-PI"
113291;2018-02-23;"sexta-feira";"07:30:00";"PR";376;592;"CURITIBA";"Falta de Atenção à Condução";"Colisão traseira";"Com Vítimas Feridas";"Pleno dia";"Decrescente";"Nublado";"Dupla";"Reta";"Sim";3;0;1;0;1;1;1;3;-25,428255;-49,27348;"SPRF-PR";"DEL01-PR";"UOP06-DEL01-PR"
113292;2018-02-23;"sexta-feira";"05:35:00";"GO";70;37,3;"COCALZINHO DE GOIAS";"Ingestão de Álcool";"Colisão transversal";"Com Vítimas Feridas";"Amanhecer";"Crescente";"Nublado";"Simples";"Curva";"Não";3;0;2;0;1;0;2;2;-15,77406209;-48,50830425;"SPRF-DF";"DEL01-DF";"UOP02-DEL03-DF"
113293;2018-02-23;"sexta-feira";"08:10:00";"MG";40;532,2;"BELO HORIZONTE";"Falta de Atenção à Condução";"Atropelamento de Pedestre";"Com Vítimas Feridas";"Pleno dia";"Crescente";"Nublado";"Dupla";"Reta";"Sim";2;0;0;1;1;0;1;2;-19,92534012;-44,00725908;"SPRF-MG";"DEL01-MG";"UOP03-DEL01-MG"
113295;2018-02-23;"sexta-feira";"08:20:00";"SP";153;62,5;"SAO JOSE DO RIO PRETO";"Falta de Atenção à Condução";"Engavetamento";"Sem Vítimas";"Pleno dia";"Crescente";"Céu Claro";"Dupla";"Reta";"Sim";5;0;0;0;5;0;0;5;-20,81741553;-49,35720101;"SPRF-SP";"DEL09-SP";"UOP01-DEL09-SP"
113296;2018-02-23;"sexta-feira";"08:05:00";"PR";277;83;"CURITIBA";"Não guardar distância de segurança";"Colisão lateral";"Com Vítimas Feridas";"Pleno dia";"Crescente";"Céu Claro";"Dupla";"Reta";"Sim";4;0;2;0;1;1;2;3;-25,45319498;-49,22698975;"SPRF-PR";"DEL01-PR";"UOP07-DEL01-PR"
113298;2018-02-23;"sexta-feira";"08:20:00";"SC";101;209;"SAO JOSE";"Falta de Atenção à Condução";"Colisão traseira";"Com Vítimas Feridas";"Pleno dia";"Crescente";"Sol";"Múltipla";"Reta";"Sim";2;0;1;0;1;0;1;2;-27,61129909;-48,64044428;"SPRF-SC";"DEL01-SC";"UOP01-DEL01-SC"
113299;2018-02-23;"sexta-feira";"07:10:00";"RN";226;84,7;"TANGARA";"Falta de Atenção à Condução";"Colisão frontal";"Com Vítimas Feridas";"Pleno dia";"Crescente";"Céu Claro";"Simples";"Reta";"Não";3;0;1;2;0;0;3;2;-6,2060585;-35,80925256;"SPRF-RN";"DEL03-RN";"UOP02-DEL03-RN"
113300;2018-02-23;"sexta-feira";"07:40:00";"GO";40;1;"VALPARAISO DE GOIAS";"Falta de Atenção do Pedestre";"Atropelamento de Pedestre";"Com Vítimas Feridas";"Pleno dia";"Crescente";"Nublado";"Simples";"Reta";"Sim";3;0;1;0;2;0;1;2;-16,058245;-47,982825;"SPRF-DF";"DEL01-DF";"UOP01-DEL01-DF"
113301;2018-02-23;"sexta-feira";"08:20:00";"ES";101;293,7;"CARIACICA";"Desobediência às normas de trânsito pelo condutor";"Colisão transversal";"Com Vítimas Feridas";"Pleno dia";"Crescente";"Céu Claro";"Dupla";"Retorno Regulamentado";"Sim";2;0;0;1;1;0;1;2;-20,26437;-40,420345;"SPRF-ES";"DEL01-ES";"UOP01-DEL01-ES"
113304;2018-02-23;"sexta-feira";"08:00:00";"GO";60;116;"TEREZOPOLIS DE GOIAS";"Falta de Atenção à Condução";"Saída de leito carroçável";"Sem Vítimas";"Pleno dia";"Crescente";"Céu Claro";"Dupla";"Reta";"Não";1;0;0;0;1;0;0;1;-16,4732;-49,0789;"SPRF-GO";"DEL01-GO";"UOP01-DEL01-GO"
113307;2018-02-23;"sexta-feira";"07:40:00";"RJ";40;94;"PETROPOLIS";"Avarias e/ou desgaste excessivo no pneu";"Colisão lateral";"Com Vítimas Feridas";"Pleno dia";"Crescente";"Chuva";"Simples";"Curva";"Não";2;0;1;0;1;0;1;2;-22,56059835;-43,26278687;"SPRF-RJ";"DEL06-RJ";"UOP01-DEL06-RJ"
113308;2018-02-15;"quinta-feira";"19:15:00";"SC";282;89;"ALFREDO WAGNER";"Velocidade Incompatível";"Saída de leito carroçável";"Com Vítimas Feridas";"Pleno dia";"Decrescente";"Céu Claro";"Simples";"Curva";"Não";1;0;1;0;0;0;1;1;-27,677973;-49,215893;"SPRF-SC";"DEL01-SC";"UOP03-DEL01-SC"
113313;2018-02-23;"sexta-feira";"08:05:00";"RJ";101;479;"ANGRA DOS REIS";"Pista Escorregadia";"Colisão frontal";"Com Vítimas Feridas";"Pleno dia";"Crescente";"Chuva";"Simples";"Reta";"Não";2;0;0;2;0;0;2;2;-22,9914212;-44,2431536;"SPRF-RJ";"DEL03-RJ";"UOP03-DEL03-RJ"
113315;2018-02-23;"sexta-feira";"07:45:00";"BA";324;623;"SALVADOR";"Não guardar distância de segurança";"Colisão traseira";"Com Vítimas Feridas";"Pleno dia";"Crescente";"Sol";"Dupla";"Reta";"Sim";6;0;1;0;5;0;1;5;-12,92565569;-38,46837312;"SPRF-BA";"DEL01-BA";"UOP01-DEL01-BA"
113316;2018-02-23;"sexta-feira";"08:10:00";"PR";376;6;"MANDAGUARI";"Falta de Atenção à Condução";"Colisão lateral";"Com Vítimas Feridas";"Pleno dia";"Decrescente";"Sol";"Simples";"Reta;Interseção de Vias";"Sim";2;0;1;0;1;0;1;2;-23,547966;-51,671265;"SPRF-PR";"DEL07-PR";"UOP01-DEL09-PR"
113317;2018-02-23;"sexta-feira";"08:00:00";"MT";163;1030;"PEIXOTO DE AZEVEDO";"Desobediência às normas de trânsito pelo condutor";"Colisão lateral";"Com Vítimas Feridas";"Pleno dia";"Crescente";"Céu Claro";"Simples";"Reta";"Sim";2;0;2;0;0;0;2;2;-10;-54;"SPRF-MT";"DEL06-MT";"UOP02-DEL06-MT"
113318;2018-02-23;"sexta-feira";"08:28:00";"RJ";116;177;"SAO JOAO DE MERITI";"Falta de Atenção à Condução";"Colisão traseira";"Sem Vítimas";"Pleno dia";"Crescente";"Chuva";"Múltipla";"Reta";"Sim";2;0;0;0;2;0;0;2;-22,780552;-43,392086;"SPRF-RJ";"DEL01-RJ";"UOP02-DEL01-RJ"
113321;2018-02-23;"sexta-feira";"08:00:00";"PR";116;115;"CURITIBA";"Defeito Mecânico no Veículo";"Incêndio";"Sem Vítimas";"Pleno dia";"Crescente";"Céu Claro";"Dupla";"Declive;Curva;Viaduto;Interseção de Vias";"Sim";1;0;0;0;0;1;0;1;-25,428255;-49,27348;"SPRF-PR";"DEL01-PR";"UOP01-DEL01-PR"
113324;2018-02-23;"sexta-feira";"00:00:00";"PE";0;0;"RECIFE";"Defeito na Via";"Danos eventuais";"Sem Vítimas";"Pleno dia";"Não Informado";"Ignorado";"Simples";"Reta";"Não";1;0;0;0;1;0;0;1;-8,0847885;-34,886531;"SPRF-PE";"N/A";"N/A"
113334;2018-02-23;"sexta-feira";"09:30:00";"SP";381;29,9;"ATIBAIA";"Avarias e/ou desgaste excessivo no pneu";"Tombamento";"Com Vítimas Feridas";"Pleno dia";"Decrescente";"Sol";"Dupla";"Reta;Aclive";"Não";1;0;0;1;0;0;1;1;-23,04821453;-46,56432261;"SPRF-SP";"DEL03-SP";"UOP02-DEL03-SP"
113348;2018-01-05;"sexta-feira";"18:45:00";"PR";376;287;"MAUA DA SERRA";"Defeito na Via";"Colisão com objeto em movimento";"Com Vítimas Feridas";"Anoitecer";"Crescente";"Ignorado";"Simples";"Reta";"Sim";2;0;0;1;1;0;1;1;-23,81424449;-51,26471758;"SPRF-PR";"DEL07-PR";"UOP02-DEL07-PR"
113352;2018-02-23;"sexta-feira";"11:25:00";"PR";277;639;"CEU AZUL";"Pista Escorregadia";"Tombamento";"Com Vítimas Feridas";"Pleno dia";"Decrescente";"Sol";"Simples";"Reta";"Não";2;0;1;0;1;0;1;1;-25,1790604;-53,8759872;"SPRF-PR";"DEL05-PR";"UOP02-DEL05-PR"
113353;2018-02-23;"sexta-feira";"10:30:00";"RN";406;115;"POCO BRANCO";"Defeito Mecânico no Veículo";"Incêndio";"Sem Vítimas";"Pleno dia";"Crescente";"Céu Claro";"Simples";"Reta";"Não";1;0;0;0;1;0;0;1;-5,62488;-35,6615;"SPRF-RN";"DEL02-RN";"UOP01-DEL02-RN"
113354;2018-02-23;"sexta-feira";"10:40:00";"MT";364;268,6;"JACIARA";"Falta de Atenção à Condução";"Colisão lateral";"Sem Vítimas";"Pleno dia";"Decrescente";"Céu Claro";"Simples";"Aclive";"Sim";2;0;0;0;2;0;0;2;-15,97703773;-54,9357623;"SPRF-MT";"DEL02-MT";"UOP02-DEL05-MT"
113357;2018-02-23;"sexta-feira";"12:00:00";"PR";376;4,1;"APUCARANA";"Falta de Atenção à Condução";"Colisão transversal";"Com Vítimas Feridas";"Pleno dia";"Crescente";"Sol";"Simples";"Interseção de Vias";"Sim";2;0;1;0;1;0;1;2;-23,55507704;-51,44460705;"SPRF-PR";"DEL07-PR";"UOP03-DEL07-PR"
113359;2018-02-23;"sexta-feira";"12:45:00";"GO";60;196,9;"GUAPO";"Fenômenos da Natureza";"Saída de leito carroçável";"Com Vítimas Feridas";"Pleno dia";"Crescente";"Chuva";"Dupla";"Curva";"Não";3;0;3;0;0;0;3;1;-16,85453214;-49,59387302;"SPRF-GO";"DEL01-GO";"UOP02-DEL01-GO"
113360;2018-02-23;"sexta-feira";"12:45:00";"MG";364;27;"FRUTAL";"Velocidade Incompatível";"Tombamento";"Com Vítimas Feridas";"Pleno dia";"Decrescente";"Céu Claro";"Simples";"Reta";"Não";2;0;1;0;1;0;1;2;-20,02408086;-48,89544725;"SPRF-MG";"DEL13-MG";"UOP02-DEL13-MG"
113361;2018-02-19;"segunda-feira";"10:05:00";"RR";0;0;"AMAJARI";"Pista Escorregadia";"Saída de leito carroçável";"Sem Vítimas";"Pleno dia";"Não Informado";"Céu Claro";"Simples";"Curva";"Não";3;0;0;0;3;0;0;1;3,63800266;-60,97159177;"SPRF-RR";"DEL01-RR";"UOP01-DEL01-RR"
113365;2018-02-23;"sexta-feira";"12:40:00";"PB";101;90;"JOAO PESSOA";"Desobediência às normas de trânsito pelo condutor";"Colisão frontal";"Com Vítimas Feridas";"Pleno dia";"Decrescente";"Céu Claro";"Dupla";"Reta;Interseção de Vias";"Sim";2;0;1;0;0;1;1;2;-7,189411;-34,90324;"SPRF-PB";"DEL01-PB";"UOP01-DEL01-PB"
113367;2018-02-23;"sexta-feira";"13:00:00";"TO";153;788,3;"TALISMA";"Pista Escorregadia";"Saída de leito carroçável";"Com Vítimas Feridas";"Pleno dia";"Decrescente";"Chuva";"Simples";"Reta";"Não";4;0;3;0;1;0;3;1;-12,71000913;-49,06974792;"SPRF-TO";"DEL02-TO";"UOP02-DEL01-TO"
113369;2018-02-23;"sexta-feira";"12:50:00";"PA";230;112;"MARABA";"Falta de Atenção à Condução";"Colisão traseira";"Com Vítimas Feridas";"Pleno dia";"Decrescente";"Céu Claro";"Simples";"Declive";"Não";2;0;1;0;1;0;1;2;-5,36397364;-49,06924635;"SPRF-PA";"DEL03-PA";"UOP01-DEL03-PA"
113370;2018-02-23;"sexta-feira";"12:30:00";"PA";230;113;"MARABA";"Falta de Atenção à Condução";"Colisão transversal";"Com Vítimas Feridas";"Pleno dia";"Crescente";"Céu Claro";"Simples";"Rotatória";"Sim";2;0;1;0;1;0;1;2;-5,36131385;-49,0789935;"SPRF-PA";"DEL03-PA";"UOP01-DEL03-PA"
113371;2018-02-23;"sexta-feira";"13:45:00";"PE";101;77,2;"RECIFE";"Falta de Atenção à Condução";"Colisão transversal";"Com Vítimas Feridas";"Pleno dia";"Decrescente";"Céu Claro";"Simples";"Curva;Em Obras";"Sim";2;0;1;0;1;0;1;2;-8,1368;-34,9474;"SPRF-PE";"DEL01-PE";"UOP01-DEL01-PE"
113372;2018-02-23;"sexta-feira";"12:50:00";"GO";60;29,7;"ALEXANIA";"Falta de Atenção à Condução";"Saída de leito carroçável";"Sem Vítimas";"Pleno dia";"Decrescente";"Nublado";"Dupla";"Curva";"Não";1;0;0;0;1;0;0;1;-16,0887;-48,5018;"SPRF-DF";"DEL01-DF";"UOP01-DEL03-DF"
113374;2018-02-23;"sexta-feira";"13:19:00";"RS";386;176,3;"CARAZINHO";"Falta de Atenção à Condução";"Colisão transversal";"Com Vítimas Fatais";"Pleno dia";"Crescente";"Céu Claro";"Simples";"Reta";"Não";2;1;0;0;1;0;0;2;-28,27585476;-52,7683641;"SPRF-RS";"DEL08-RS";"UOP01-DEL08-RS"
113375;2018-02-23;"sexta-feira";"13:30:00";"GO";60;383,1;"RIO VERDE";"Falta de Atenção à Condução";"Colisão com objeto em movimento";"Com Vítimas Feridas";"Pleno dia";"Decrescente";"Céu Claro";"Dupla";"Reta";"Não";2;0;0;1;0;1;1;2;-17,78510977;-50,90088974;"SPRF-GO";"DEL04-GO";"UOP01-DEL04-GO"
113376;2018-02-23;"sexta-feira";"13:30:00";"RS";116;156,3;"CAXIAS DO SUL";"Falta de Atenção à Condução";"Saída de leito carroçável";"Com Vítimas Feridas";"Pleno dia";"Crescente";"Céu Claro";"Dupla";"Curva";"Sim";1;0;1;0;0;0;1;1;-29,22169915;-51,17637634;"SPRF-RS";"DEL05-RS";"UOP01-DEL05-RS"
113378;2018-02-23;"sexta-feira";"12:40:00";"MT";70;505;"CUIABA";"Animais na Pista";"Colisão com objeto estático";"Com Vítimas Feridas";"Pleno dia";"Crescente";"Nublado";"Dupla";"Reta";"Sim";1;0;1;0;0;0;1;1;-15,66372;-55,964912;"SPRF-MT";"DEL02-MT";"UOP02-DEL01-MT"
113381;2018-02-23;"sexta-feira";"12:45:00";"SC";282;21,6;"SANTO AMARO DA IMPERATRIZ";"Falta de Atenção à Condução";"Colisão traseira";"Com Vítimas Feridas";"Pleno dia";"Crescente";"Céu Claro";"Simples";"Reta";"Sim";2;0;1;0;1;0;1;2;-27,68859101;-48,72350938;"SPRF-SC";"DEL01-SC";"UOP02-DEL01-SC"
113382;2018-02-23;"sexta-feira";"13:33:00";"BA";324;604,9;"SIMOES FILHO";"Não guardar distância de segurança";"Colisão traseira";"Com Vítimas Feridas";"Pleno dia";"Decrescente";"Céu Claro";"Dupla";"Reta";"Sim";6;0;1;0;5;0;1;2;-12,787;-38,4001;"SPRF-BA";"DEL01-BA";"UOP01-DEL01-BA"
113384;2018-02-23;"sexta-feira";"13:40:00";"RJ";356;63;"ITALVA";"Pista Escorregadia";"Saída de leito carroçável";"Com Vítimas Feridas";"Pleno dia";"Decrescente";"Chuva";"Simples";"Curva";"Não";1;0;1;0;0;0;1;1;-21,356379;-41,708946;"SPRF-RJ";"DEL08-RJ";"UOP03-DEL08-RJ"
113385;2018-02-23;"sexta-feira";"13:10:00";"MG";365;624,2;"UBERLANDIA";"Falta de Atenção à Condução";"Colisão lateral";"Com Vítimas Feridas";"Pleno dia";"Decrescente";"Céu Claro";"Dupla";"Reta";"Sim";1;0;1;0;0;0;1;1;-18,90188034;-48,27726043;"SPRF-MG";"DEL15-MG";"UOP01-DEL15-MG"
113389;2018-02-23;"sexta-feira";"14:10:00";"PA";163;1005,7;"SANTAREM";"Desobediência às normas de trânsito pelo condutor";"Colisão transversal";"Com Vítimas Feridas";"Pleno dia";"Crescente";"Sol";"Dupla";"Interseção de Vias";"Sim";2;0;1;0;1;0;1;2;-2,43539339;-54,73344952;"SPRF-PA";"DEL05-PA";"UOP01-DEL05-PA"
113390;2018-02-23;"sexta-feira";"13:30:00";"GO";153;436,5;"ANAPOLIS";"Falta de Atenção à Condução";"Colisão com objeto estático";"Com Vítimas Feridas";"Pleno dia";"Decrescente";"Céu Claro";"Dupla";"Curva";"Sim";3;0;0;1;1;1;1;2;-16,2887545;-48,937984;"SPRF-GO";"DEL02-GO";"UOP01-DEL02-GO"
113399;2018-02-23;"sexta-feira";"14:00:00";"PE";101;96,3;"CABO DE SANTO AGOSTINHO";"Falta de Atenção à Condução";"Colisão traseira";"Sem Vítimas";"Pleno dia";"Crescente";"Sol";"Simples";"Reta";"Não";2;0;0;0;2;0;0;2;-8,27400912;-35,00244141;"SPRF-PE";"DEL01-PE";"UOP03-DEL01-PE"
113400;2018-02-23;"sexta-feira";"14:30:00";"MG";262;429,4;"SAO GONCALO DO PARA";"Velocidade Incompatível";"Capotamento";"Com Vítimas Feridas";"Pleno dia";"Decrescente";"Sol";"Dupla";"Reta;Interseção de Vias";"Não";1;0;1;0;0;0;1;1;-19,8978;-44,8619;"SPRF-MG";"DEL08-MG";"UOP03-DEL08-MG"
113407;2018-02-23;"sexta-feira";"14:50:00";"ES";101;141;"LINHARES";"Falta de Atenção à Condução";"Colisão lateral";"Com Vítimas Feridas";"Pleno dia";"Crescente";"Chuva";"Múltipla";"Reta";"Sim";3;0;2;0;0;1;2;3;-19,32403728;-40,07312268;"SPRF-ES";"DEL04-ES";"UOP01-DEL04-ES"
113408;2018-02-23;"sexta-feira";"14:20:00";"SE";101;32,3;"CAPELA";"Falta de Atenção à Condução";"Colisão traseira";"Sem Vítimas";"Pleno dia";"Decrescente";"Céu Claro";"Dupla";"Reta";"Não";3;0;0;0;3;0;0;3;-10,46805713;-36,94371248;"SPRF-SE";"DEL02-SE";"UOP02-DEL02-SE"
113414;2018-02-23;"sexta-feira";"15:25:00";"ES";101;394,2;"RIO NOVO DO SUL";"Velocidade Incompatível";"Colisão traseira";"Com Vítimas Feridas";"Pleno dia";"Crescente";"Chuva";"Simples";"Curva";"Não";4;0;2;0;2;0;2;4;-20,862984;-40,93674;"SPRF-ES";"DEL03-ES";"UOP02-DEL03-ES"
113415;2018-02-23;"sexta-feira";"15:15:00";"PR";369;166;"CAMBE";"Velocidade Incompatível";"Colisão traseira";"Sem Vítimas";"Pleno dia";"Crescente";"Céu Claro";"Simples";"Reta";"Não";2;0;0;0;2;0;0;2;-23,28928776;-51,27021074;"SPRF-PR";"DEL07-PR";"UOP01-DEL07-PR"
113417;2018-02-23;"sexta-feira";"15:00:00";"AP";156;212;"MACAPA";"Pista Escorregadia";"Saída de leito carroçável";"Sem Vítimas";"Pleno dia";"Decrescente";"Chuva";"Simples";"Reta";"Não";1;0;0;0;1;0;0;1;0,236335;-51,295339;"SPRF-AP";"DEL01-AP";"UOP01-DEL01-AP"
113418;2018-02-23;"sexta-feira";"16:00:00";"MG";381;355;"JOAO MONLEVADE";"Não guardar distância de segurança";"Colisão traseira";"Sem Vítimas";"Pleno dia";"Crescente";"Nublado";"Simples";"Reta";"Não";2;0;0;0;2;0;0;2;-19,84164356;-43,17695618;"SPRF-MG";"DEL03-MG";"UOP01-DEL03-MG"
113420;2018-02-23;"sexta-feira";"15:30:00";"RJ";495;29;"PETROPOLIS";"Falta de Atenção à Condução";"Colisão transversal";"Com Vítimas Feridas";"Pleno dia";"Crescente";"Céu Claro";"Simples";"Curva";"Sim";2;0;1;0;1;0;1;2;-22,38650779;-43,12554359;"SPRF-RJ";"DEL06-RJ";"UOP02-DEL05-RJ"
113423;2018-02-23;"sexta-feira";"14:20:00";"SC";280;128,2;"RIO NEGRINHO";"Falta de Atenção à Condução";"Colisão traseira";"Com Vítimas Feridas";"Pleno dia";"Crescente";"Céu Claro";"Simples";"Reta";"Sim";2;0;1;0;1;0;1;2;-26,2438101;-49,51510851;"SPRF-SC";"DEL06-SC";"UOP03-DEL06-SC"
113425;2018-02-23;"sexta-feira";"16:10:00";"RN";101;100,3;"PARNAMIRIM";"Ingestão de Álcool";"Tombamento";"Com Vítimas Feridas";"Pleno dia";"Decrescente";"Céu Claro";"Dupla";"Reta";"Sim";1;0;1;0;0;0;1;1;-5,883806;-35,226362;"SPRF-RN";"DEL01-RN";"UOP01-DEL01-RN"
113426;2018-02-23;"sexta-feira";"16:20:00";"GO";50;152,5;"IPAMERI";"Pista Escorregadia";"Saída de leito carroçável";"Sem Vítimas";"Pleno dia";"Decrescente";"Chuva";"Dupla";"Reta";"Não";1;0;0;0;1;0;0;1;-17,19399785;-47,73649862;"SPRF-GO";"DEL06-GO";"UOP01-DEL06-GO"
113427;2018-02-23;"sexta-feira";"16:25:00";"RN";304;218,6;"CAICARA DO RIO DO VENTO";"Falta de Atenção à Condução";"Colisão transversal";"Com Vítimas Feridas";"Pleno dia";"Crescente";"Nublado";"Simples";"Declive";"Sim";2;0;1;0;1;0;1;2;-5,7571657;-36,00076765;"SPRF-RN";"DEL01-RN";"UOP03-DEL01-RN"
113429;2018-01-01;"segunda-feira";"19:47:00";"RJ";101;296;"ITABORAI";"Falta de Atenção à Condução";"Queda de ocupante de veículo";"Com Vítimas Feridas";"Plena Noite";"Crescente";"Céu Claro";"Dupla";"Reta";"Sim";2;0;2;0;0;0;2;1;-22,767054;-42,910255;"SPRF-RJ";"DEL02-RJ";"DEL5/2-UOP04/RJ"
113432;2018-02-23;"sexta-feira";"17:00:00";"SC";470;7;"NAVEGANTES";"Não guardar distância de segurança";"Colisão traseira";"Com Vítimas Feridas";"Pleno dia";"Decrescente";"Céu Claro";"Simples";"Reta";"Sim";2;0;1;1;0;0;2;1;-26,84499;-48,71505;"SPRF-SC";"DEL04-SC";"UOP04-DEL04-SC"
113433;2018-02-07;"quarta-feira";"18:00:00";"SP";116;275;"TABOAO DA SERRA";"Falta de Atenção à Condução";"Colisão traseira";"Sem Vítimas";"Pleno dia";"Crescente";"Céu Claro";"Dupla";"Reta";"Não";4;0;0;0;4;0;0;4;-23,6078;-46,7529;"SPRF-SP";"DEL04-SP";"UOP01-DEL04-SP"
113434;2018-02-23;"sexta-feira";"16:15:00";"ES";101;67,8;"SAO MATEUS";"Não guardar distância de segurança";"Colisão lateral";"Com Vítimas Feridas";"Pleno dia";"Crescente";"Nublado";"Múltipla";"Reta";"Sim";3;0;0;1;0;2;1;3;-18,72488085;-39,8600361;"SPRF-ES";"DEL04-ES";"UOP02-DEL04-ES"
113437;2018-02-23;"sexta-feira";"17:25:00";"RS";392;123,6;"CANGUCU";"Falta de Atenção à Condução";"Colisão transversal";"Com Vítimas Feridas";"Pleno dia";"Decrescente";"Sol";"Simples";"Reta";"Não";2;0;0;1;1;0;1;2;-31,379108;-52,713032;"SPRF-RS";"DEL07-RS";"UOP01-DEL07-RS"
113438;2018-02-23;"sexta-feira";"16:20:00";"MG";381;884,2;"ESTIVA";"Pista Escorregadia";"Saída de leito carroçável";"Sem Vítimas";"Pleno dia";"Crescente";"Chuva";"Dupla";"Reta";"Não";1;0;0;0;1;0;0;1;-22,4947552;-46,01290757;"SPRF-MG";"DEL16-MG";"UOP01-DEL16-MG"
113443;2018-02-23;"sexta-feira";"08:25:00";"RJ";101;330;"RIO DE JANEIRO";"Pista Escorregadia";"Tombamento";"Com Vítimas Feridas";"Pleno dia";"Crescente";"Chuva";"Dupla";"Reta";"Não";1;0;1;0;0;0;1;1;-22,87870572;-43,21334839;"SPRF-RJ";"DEL02-RJ";"UOP02-DEL02-RJ"
113445;2018-02-23;"sexta-feira";"17:40:00";"ES";262;3;"CARIACICA";"Falta de Atenção à Condução";"Colisão lateral";"Com Vítimas Feridas";"Anoitecer";"Crescente";"Chuva";"Dupla";"Reta";"Sim";3;0;2;0;1;0;2;2;-20,33504;-40,372006;"SPRF-ES";"DEL01-ES";"UOP01-DEL01-ES"
113446;2018-02-23;"sexta-feira";"17:40:00";"SC";101;156;"PORTO BELO";"Falta de Atenção à Condução";"Tombamento";"Com Vítimas Feridas";"Pleno dia";"Crescente";"Céu Claro";"Simples";"Reta";"Não";1;0;1;0;0;0;1;1;-27,1812;-48,612;"SPRF-SC";"DEL04-SC";"UOP03-DEL04-SC"
113448;2018-02-23;"sexta-feira";"17:05:00";"PE";232;275;"SERTANIA";"Falta de Atenção à Condução";"Tombamento";"Com Vítimas Feridas";"Anoitecer";"Crescente";"Céu Claro";"Simples";"Reta";"Não";1;0;1;0;0;0;1;1;-8,3866;-37,244567;"SPRF-PE";"DEL03-PE";"UOP02-DEL03-PE"
113450;2018-02-23;"sexta-feira";"17:30:00";"SP";116;210;"GUARULHOS";"Falta de Atenção à Condução";"Colisão traseira";"Com Vítimas Feridas";"Pleno dia";"Decrescente";"Céu Claro";"Simples";"Reta";"Não";5;0;1;0;4;0;1;4;-23,463257;-46,53373;"SPRF-SP";"DEL01-SP";"UOP01-DEL01-SP"
113452;2018-02-23;"sexta-feira";"18:00:00";"AP";210;5;"MACAPA";"Pista Escorregadia";"Colisão com objeto estático";"Com Vítimas Feridas";"Pleno dia";"Decrescente";"Chuva";"Dupla";"Reta";"Sim";2;0;1;0;1;0;1;2;0,09155547;-51,10667378;"SPRF-AP";"DEL01-AP";"UOP01-DEL01-AP"
113455;2018-02-23;"sexta-feira";"11:30:00";"SC";282;488,6;"FAXINAL DOS GUEDES";"Falta de Atenção à Condução";"Colisão lateral";"Com Vítimas Feridas";"Pleno dia";"Crescente";"Céu Claro";"Simples";"Em Obras";"Sim";2;0;1;0;1;0;1;2;-26,86305602;-52,26264954;"SPRF-SC";"DEL07-SC";"UOP01-DEL07-SC"