"id";"data_inversa";"dia_semana";"horario";"uf";"br";"km";"municipio";"causa_acidente";"tipo_acidente";"classificacao_acidente";"fase_dia";"sentido_via";"condicao_metereologica";"tipo_pista";"tracado_via";"uso_solo";"pessoas";"mortos";"feridos_leves";"feridos_graves";"ilesos";"ignorados";"feridos";"veiculos";"latitude";"longitude";"regional";"delegacia";"uop"
113457;2018-02-23;"sexta-feira";"17:10:00";"GO";60;79,8;"ANAPOLIS";"Pista Escorregadia";"Saída de leito carroçável";"Sem Vítimas";"Pleno dia";"Crescente";"Chuva";"Dupla";"Curva";"Não";1;0;0;0;1;0;0;1;-16,30362826;-48,81926984;"SPRF-GO";"DEL02-GO";"UOP01-DEL02-GO"
113458;2018-02-23;"sexta-feira";"17:35:00";"MT";364;289;"JACIARA";"Pista Escorregadia";"Saída de leito carroçável";"Sem Vítimas";"Pleno dia";"Crescente";"Chuva";"Múltipla";"Curva";"Não";1;0;0;0;1;0;0;1;-15,906434;-55,083103;"SPRF-MT";"DEL02-MT";"UOP02-DEL05-MT"
113460;2018-02-23;"sexta-feira";"18:35:00";"PI";230;306;"FLORIANO";"Falta de Atenção à Condução";"Tombamento";"Com Vítimas Feridas";"Anoitecer";"Decrescente";"Chuva";"Dupla";"Reta";"Não";1;0;0;1;0;0;1;1;-6,7673564;-43,022846;"SPRF-PI";"DEL03-PI";"UOP01-DEL03-PI"
113461;2018-02-23;"sexta-feira";"17:30:00";"ES";101;1,6;"SERRA";"Falta de Atenção à Condução";"Colisão lateral";"Com Vítimas Feridas";"Anoitecer";"Decrescente";"Nublado";"Dupla";"Reta";"Não";3;0;2;0;1;0;2;2;-20,25185005;-40,28717369;"SPRF-ES";"DEL02-ES";"UOP01-DEL02-ES"
113462;2018-02-23;"sexta-feira";"18:50:00";"SC";101;209,9;"SAO JOSE";"Falta de Atenção à Condução";"Colisão lateral";"Com Vítimas Feridas";"Anoitecer";"Decrescente";"Nublado";"Múltipla";"Reta";"Sim";1;0;1;0;0;0;1;1;-27,61672742;-48,64572287;"SPRF-SC";"DEL01-SC";"UOP01-DEL01-SC"
113463;2018-02-23;"sexta-feira";"19:00:00";"SE";235;1;"ARACAJU";"Ingestão de Álcool";"Atropelamento de Pedestre";"Com Vítimas Feridas";"Plena Noite";"Crescente";"Nublado";"Dupla";"Reta";"Sim";3;0;2;1;0;0;3;2;-10,90869;-37,084389;"SPRF-SE";"DEL01-SE";"UOP01-DEL01-SE"
113466;2018-02-23;"sexta-feira";"18:05:00";"BA";116;12,5;"VITORIA DA CONQUISTA";"Falta de Atenção do Pedestre";"Atropelamento de Pedestre";"Com Vítimas Feridas";"Plena Noite";"Crescente";"Céu Claro";"Simples";"Reta";"Sim";2;0;1;0;1;0;1;2;-14,88506882;-40,86845398;"SPRF-BA";"DEL08-BA";"UOP01-DEL08-BA"
113468;2018-02-23;"sexta-feira";"19:10:00";"GO";40;5;"VALPARAISO DE GOIAS";"Falta de Atenção à Condução";"Queda de ocupante de veículo";"Com Vítimas Feridas";"Plena Noite";"Crescente";"Chuva";"Dupla";"Interseção de Vias";"Sim";1;0;0;1;0;0;1;1;-16,093134;-47,982236;"SPRF-DF";"DEL01-DF";"UOP01-DEL01-DF"
113469;2018-02-23;"sexta-feira";"18:30:00";"PI";316;83,7;"LAGOINHA DO PIAUI";"Desobediência às normas de trânsito pelo condutor";"Colisão frontal";"Com Vítimas Fatais";"Plena Noite";"Crescente";"Ignorado";"Simples";"Reta";"Não";2;1;0;0;1;0;0;2;-5,83103;-42,6257;"SPRF-PI";"DEL04-PI";"UOP02-DEL04-PI"
113473;2018-02-23;"sexta-feira";"18:30:00";"ES";262;0,1;"CARIACICA";"Não guardar distância de segurança";"Engavetamento";"Com Vítimas Feridas";"Plena Noite";"Decrescente";"Chuva";"Dupla";"Ponte";"Sim";8;0;4;0;3;1;4;5;-20,32195562;-40,35135468;"SPRF-ES";"DEL01-ES";"UOP01-DEL01-ES"
113474;2018-02-23;"sexta-feira";"20:00:00";"ES";262;4,9;"CARIACICA";"Ingestão de Álcool";"Colisão transversal";"Sem Vítimas";"Plena Noite";"Decrescente";"Chuva";"Múltipla";"Declive";"Sim";2;0;0;0;2;0;0;2;-20,3382177;-40,3849654;"SPRF-ES";"DEL01-ES";"UOP01-DEL01-ES"
113475;2018-02-23;"sexta-feira";"19:50:00";"GO";153;591;"PIRACANJUBA";"Velocidade Incompatível";"Saída de leito carroçável";"Com Vítimas Feridas";"Plena Noite";"Crescente";"Chuva";"Dupla";"Curva";"Não";4;0;4;0;0;0;4;1;-17,4751;-49,2138;"SPRF-GO";"DEL03-GO";"UOP01-DEL03-GO"
113480;2018-02-23;"sexta-feira";"18:00:00";"GO";153;509;"APARECIDA DE GOIANIA";"Velocidade Incompatível";"Colisão com objeto estático";"Sem Vítimas";"Anoitecer";"Decrescente";"Chuva";"Dupla";"Reta";"Sim";1;0;0;0;0;1;0;1;-16,7888;-49,2379;"SPRF-GO";"DEL01-GO";"UOP03-DEL01-GO"
113481;2018-02-23;"sexta-feira";"19:50:00";"ES";101;268,5;"SERRA";"Falta de Atenção à Condução";"Colisão traseira";"Com Vítimas Feridas";"Plena Noite";"Decrescente";"Chuva";"Dupla";"Reta";"Sim";2;0;1;0;1;0;1;2;-20,17327841;-40,27014971;"SPRF-ES";"DEL02-ES";"UOP01-DEL02-ES"
113482;2018-02-23;"sexta-feira";"20:00:00";"MG";50;99;"UBERLANDIA";"Objeto estático sobre o leito carroçável";"Colisão com objeto estático";"Com Vítimas Feridas";"Plena Noite";"Crescente";"Céu Claro";"Dupla";"Reta";"Não";1;0;1;0;0;0;1;1;-19,1378;-48,1702;"SPRF-MG";"DEL15-MG";"UOP01-DEL15-MG"
113483;2018-02-23;"sexta-feira";"20:00:00";"SP";116;210;"GUARULHOS";"Velocidade Incompatível";"Tombamento";"Com Vítimas Feridas";"Plena Noite";"Crescente";"Ignorado";"Múltipla";"Reta";"Não";1;0;1;0;0;0;1;1;-23,463257;-46,53373;"SPRF-SP";"DEL01-SP";"UOP01-DEL01-SP"
113484;2018-02-23;"sexta-feira";"20:50:00";"SP";101;48,2;"UBATUBA";"Desobediência às normas de trânsito pelo condutor";"Colisão lateral";"Com Vítimas Feridas";"Plena Noite";"Decrescente";"Chuva";"Simples";"Reta";"Sim";3;0;1;0;2;0;1;3;-23,43864817;-45,08775121;"SPRF-SP";"DEL06-SP";"UOP01-DEL06-SP"
113485;2018-02-23;"sexta-feira";"19:42:00";"PR";153;24,5;"JACAREZINHO";"Desobediência às normas de trânsito pelo condutor";"Colisão transversal";"Com Vítimas Feridas";"Plena Noite";"Crescente";"Céu Claro";"Simples";"Interseção de Vias";"Não";2;0;1;0;1;0;1;2;-23,19591179;-49,98206377;"SPRF-PR";"DEL07-PR";"UOP04-DEL07-PR"
113489;2018-02-23;"sexta-feira";"21:00:00";"RS";470;227;"GARIBALDI";"Falta de Atenção à Condução";"Colisão transversal";"Com Vítimas Feridas";"Plena Noite";"Crescente";"Céu Claro";"Simples";"Reta";"Sim";3;0;0;1;2;0;1;2;-29,24660291;-51,51594216;"SPRF-RS";"DEL06-RS";"UOP01-DEL06-RS"
113491;2018-02-23;"sexta-feira";"21:00:00";"PE";101;54;"PAULISTA";"Falta de Atenção à Condução";"Colisão traseira";"Sem Vítimas";"Plena Noite";"Decrescente";"Céu Claro";"Simples";"Declive";"Sim";2;0;0;0;2;0;0;2;-7,9487;-34,907;"SPRF-PE";"DEL01-PE";"UOP02-DEL01-PE"
113493;2018-02-23;"sexta-feira";"21:00:00";"SC";470;58,5;"BLUMENAU";"Ingestão de Álcool";"Colisão lateral";"Com Vítimas Feridas";"Plena Noite";"Crescente";"Nublado";"Simples";"Curva";"Sim";3;0;0;1;2;0;1;3;-26,88655505;-49,12742615;"SPRF-SC";"DEL04-SC";"UOP01-DEL04-SC"
113497;2018-02-23;"sexta-feira";"21:30:00";"SP";116;151;"SAO JOSE DOS CAMPOS";"Falta de Atenção à Condução";"Colisão com objeto em movimento";"Sem Vítimas";"Plena Noite";"Decrescente";"Nublado";"Dupla";"Reta";"Sim";2;0;0;0;2;0;0;2;-23,219809;-45,899918;"SPRF-SP";"DEL02-SP";"UOP01-DEL02-SP"
113498;2018-02-23;"sexta-feira";"18:20:00";"MT";70;556;"POCONE";"Pista Escorregadia";"Saída de leito carroçável";"Sem Vítimas";"Plena Noite";"Crescente";"Chuva";"Simples";"Reta";"Não";1;0;0;0;1;0;0;1;-15,7274919;-56,51641846;"SPRF-MT";"DEL01-MT";"DEL2/4-UOP02/MT"
113500;2018-02-23;"sexta-feira";"22:10:00";"BA";407;6,5;"JUAZEIRO";"Ingestão de Álcool";"Colisão frontal";"Sem Vítimas";"Plena Noite";"Decrescente";"Nublado";"Dupla";"Retorno Regulamentado";"Não";2;0;0;0;1;1;0;2;-9,46000982;-40,48463962;"SPRF-PE";"DEL06-PE";"UOP01-DEL06-PE"
113501;2018-02-23;"sexta-feira";"21:30:00";"ES";259;8;"JOAO NEIVA";"Falta de Atenção à Condução";"Saída de leito carroçável";"Com Vítimas Feridas";"Plena Noite";"Crescente";"Céu Claro";"Simples";"Reta";"Não";1;0;1;0;0;0;1;1;-19,72146408;-40,37314653;"SPRF-ES";"DEL02-ES";"UOP01-DEL02-ES"
113502;2018-02-23;"sexta-feira";"21:00:00";"RJ";116;226;"PIRAI";"Pista Escorregadia";"Capotamento";"Sem Vítimas";"Plena Noite";"Crescente";"Chuva";"Dupla";"Curva";"Não";1;0;0;0;1;0;0;1;-22,672081;-43,817894;"SPRF-RJ";"DEL07-RJ";"UOP01-DEL07-RJ"
113503;2018-02-23;"sexta-feira";"22:20:00";"MG";40;773;"JUIZ DE FORA";"Falta de Atenção à Condução";"Colisão com objeto estático";"Com Vítimas Feridas";"Plena Noite";"Crescente";"Céu Claro";"Dupla";"Reta";"Não";2;0;0;1;1;0;1;2;-21,6517;-43,4346;"SPRF-MG";"DEL05-MG";"UOP01-DEL05-MG"
113508;2018-02-23;"sexta-feira";"22:20:00";"SC";101;210,1;"SAO JOSE";"Falta de Atenção à Condução";"Engavetamento";"Sem Vítimas";"Plena Noite";"Decrescente";"Ignorado";"Múltipla";"Reta";"Sim";3;0;0;0;3;0;0;3;-27,62291074;-48,65179076;"SPRF-SC";"DEL01-SC";"UOP01-DEL01-SC"
113509;2018-02-23;"sexta-feira";"22:10:00";"PE";101;68,1;"RECIFE";"Falta de Atenção à Condução";"Colisão traseira";"Sem Vítimas";"Plena Noite";"Decrescente";"Céu Claro";"Múltipla";"Reta";"Sim";2;0;0;0;2;0;0;2;-8,051017;-34,945724;"SPRF-PE";"DEL01-PE";"UOP01-DEL01-PE"
113513;2018-02-23;"sexta-feira";"23:00:00";"PB";230;20,6;"JOAO PESSOA";"Velocidade Incompatível";"Colisão com objeto estático";"Sem Vítimas";"Plena Noite";"Decrescente";"Céu Claro";"Dupla";"Reta";"Sim";1;0;0;0;1;0;0;1;-7,13838123;-34,85289961;"SPRF-PB";"DEL01-PB";"UOP01-DEL01-PB"
113514;2018-02-23;"sexta-feira";"22:10:00";"SC";470;58,3;"BLUMENAU";"Falta de Atenção à Condução";"Colisão traseira";"Sem Vítimas";"Plena Noite";"Decrescente";"Nublado";"Simples";"Reta";"Não";2;0;0;0;2;0;0;2;-26,8781435;-49,13228095;"SPRF-SC";"DEL04-SC";"UOP01-DEL04-SC"
113515;2018-02-23;"sexta-feira";"23:10:00";"PA";316;8,3;"ANANINDEUA";"Falta de Atenção do Pedestre";"Atropelamento de Pedestre";"Com Vítimas Fatais";"Plena Noite";"Crescente";"Nublado";"Dupla";"Reta";"Sim";2;1;0;0;1;0;0;2;-1,366236;-48,367805;"SPRF-PA";"DEL01-PA";"DEL19/1-UOP05/PA"
113517;2018-02-23;"sexta-feira";"23:30:00";"PR";476;138;"CURITIBA";"Velocidade Incompatível";"Colisão com objeto estático";"Com Vítimas Feridas";"Plena Noite";"Crescente";"Céu Claro";"Múltipla";"Reta";"Sim";2;0;2;0;0;0;2;1;-25,505564;-49,283417;"SPRF-PR";"DEL01-PR";"UOP01-DEL01-PR"
113519;2018-02-23;"sexta-feira";"23:00:00";"SC";101;206,9;"SAO JOSE";"Falta de Atenção à Condução";"Colisão traseira";"Com Vítimas Feridas";"Plena Noite";"Crescente";"Garoa/Chuvisco";"Múltipla";"Viaduto";"Sim";2;0;1;0;1;0;1;2;-27,59282069;-48,61854581;"SPRF-SC";"DEL01-SC";"UOP01-DEL01-SC"
113520;2018-02-23;"sexta-feira";"23:40:00";"RJ";101;461;"ANGRA DOS REIS";"Defeito Mecânico no Veículo";"Incêndio";"Sem Vítimas";"Plena Noite";"Crescente";"Nublado";"Simples";"Reta";"Não";3;0;0;0;3;0;0;1;-23,00715;-44,318436;"SPRF-RJ";"DEL03-RJ";"UOP03-DEL03-RJ"
113522;2018-02-23;"sexta-feira";"23:45:00";"RS";290;4,7;"OSORIO";"Falta de Atenção à Condução";"Colisão traseira";"Sem Vítimas";"Plena Noite";"Crescente";"Céu Claro";"Dupla";"Reta";"Não";2;0;0;0;2;0;0;2;-29,8979;-50,3206;"SPRF-RS";"DEL03-RS";"UOP02-DEL03-RS"
113524;2018-02-24;"sábado";"00:10:00";"MS";163;266;"DOURADOS";"Falta de Atenção à Condução";"Colisão traseira";"Com Vítimas Feridas";"Plena Noite";"Decrescente";"Céu Claro";"Dupla";"Reta";"Não";2;0;1;0;1;0;1;2;-22,221565;-54,806004;"SPRF-MS";"DEL04-MS";"UOP01-DEL04-MS"
113525;2018-02-23;"sexta-feira";"23:20:00";"MT";70;507;"CUIABA";"Velocidade Incompatível";"Saída de leito carroçável";"Com Vítimas Feridas";"Plena Noite";"Decrescente";"Chuva";"Simples";"Reta";"Não";2;0;1;0;1;0;1;1;-15,657376;-55,981468;"SPRF-MT";"DEL02-MT";"UOP02-DEL01-MT"
113527;2018-02-24;"sábado";"01:45:00";"PR";376;219,6;"CAMBIRA";"Ingestão de Álcool";"Saída de leito carroçável";"Sem Vítimas";"Plena Noite";"Crescente";"Nublado";"Simples";"Reta";"Não";1;0;0;0;0;1;0;1;-23,59750765;-51,60869387;"SPRF-PR";"DEL07-PR";"UOP03-DEL07-PR"
113528;2018-02-24;"sábado";"01:00:00";"RS";392;5,8;"RIO GRANDE";"Desobediência às normas de trânsito pelo condutor";"Colisão frontal";"Com Vítimas Feridas";"Plena Noite";"Crescente";"Céu Claro";"Simples";"Curva";"Não";3;0;1;0;2;0;1;2;-32,08335965;-52,1053502;"SPRF-RS";"DEL07-RS";"UOP02-DEL07-RS"
113530;2018-02-24;"sábado";"02:40:00";"MG";364;32;"FRUTAL";"Velocidade Incompatível";"Colisão com objeto estático";"Com Vítimas Feridas";"Plena Noite";"Decrescente";"Céu Claro";"Simples";"Rotatória";"Não";3;0;3;0;0;0;3;1;-20,00637891;-48,93606839;"SPRF-MG";"DEL13-MG";"UOP02-DEL13-MG"
113531;2018-02-24;"sábado";"02:30:00";"PE";101;83;"JABOATAO DOS GUARARAPES";"Animais na Pista";"Atropelamento de Animal";"Sem Vítimas";"Plena Noite";"Crescente";"Nublado";"Dupla";"Reta";"Não";1;0;0;0;1;0;0;1;-8,1777;-34,9526;"SPRF-PE";"DEL01-PE";"UOP03-DEL01-PE"
113533;2018-02-24;"sábado";"02:35:00";"GO";153;241,6;"SAO LUIZ DO NORTE";"Falta de Atenção do Pedestre";"Atropelamento de Pedestre";"Com Vítimas Fatais";"Plena Noite";"Crescente";"Céu Claro";"Simples";"Curva";"Não";3;1;0;0;2;0;0;2;-14,85178891;-49,31751902;"SPRF-GO";"DEL07-GO";"UOP02-DEL07-GO"
113534;2018-02-24;"sábado";"02:25:00";"PR";158;522;"PATO BRANCO";"Falta de Atenção à Condução";"Colisão transversal";"Com Vítimas Feridas";"Plena Noite";"Decrescente";"Céu Claro";"Simples";"Reta";"Sim";4;0;3;0;1;0;3;2;-26,20228;-52,678215;"SPRF-PR";"DEL02-PR";"UOP01-DEL02-PR"
113535;2018-02-24;"sábado";"07:50:00";"GO";40;1,8;"VALPARAISO DE GOIAS";"Não guardar distância de segurança";"Colisão traseira";"Com Vítimas Feridas";"Pleno dia";"Decrescente";"Céu Claro";"Dupla";"Reta";"Sim";2;0;1;0;1;0;1;2;-16,0780754;-47,9858014;"SPRF-DF";"DEL01-DF";"UOP01-DEL01-DF"
113536;2018-02-24;"sábado";"08:10:00";"GO";40;25;"LUZIANIA";"Falta de Atenção à Condução";"Queda de ocupante de veículo";"Com Vítimas Feridas";"Pleno dia";"Crescente";"Céu Claro";"Dupla";"Reta";"Sim";1;0;0;1;0;0;1;1;-16,26481866;-47,89012849;"SPRF-DF";"DEL01-DF";"UOP01-DEL01-DF"
113537;2018-02-24;"sábado";"07:00:00";"PR";476;136;"CURITIBA";"Falta de Atenção à Condução";"Colisão traseira";"Com Vítimas Feridas";"Pleno dia";"Crescente";"Céu Claro";"Múltipla";"Reta";"Sim";2;0;1;0;1;0;1;2;-25,491047;-49,271679;"SPRF-PR";"DEL01-PR";"UOP01-DEL01-PR"
113538;2018-02-24;"sábado";"06:30:00";"PR";467;76;"TOLEDO";"Velocidade Incompatível";"Capotamento";"Com Vítimas Feridas";"Amanhecer";"Decrescente";"Céu Claro";"Dupla";"Curva";"Não";6;0;3;3;0;0;6;1;-24,7592;-53,6955;"SPRF-PR";"DEL04-PR";"UOP01-DEL04-PR"
113539;2018-02-24;"sábado";"07:10:00";"GO";70;2,3;"AGUAS LINDAS DE GOIAS";"Falta de Atenção à Condução";"Colisão traseira";"Com Vítimas Feridas";"Amanhecer";"Crescente";"Nublado";"Dupla";"Curva";"Sim";5;0;1;0;4;0;1;2;-15,76326206;-48,2331329;"SPRF-DF";"DEL01-DF";"UOP02-DEL03-DF"
113540;2018-02-24;"sábado";"08:20:00";"PR";277;730;"FOZ DO IGUACU";"Desobediência às normas de trânsito pelo condutor";"Colisão traseira";"Sem Vítimas";"Pleno dia";"Crescente";"Céu Claro";"Dupla";"Reta";"Sim";2;0;0;0;2;0;0;2;-25,5469;-54,5882;"SPRF-PR";"DEL05-PR";"UOP03-DEL05-PR"
113541;2018-02-16;"sexta-feira";"07:45:00";"MS";463;1,4;"DOURADOS";"Falta de Atenção à Condução";"Colisão transversal";"Com Vítimas Feridas";"Pleno dia";"Crescente";"Sol";"Simples";"Interseção de Vias";"Sim";2;0;0;1;1;0;1;2;-22,25903363;-54,81797934;"SPRF-MS";"DEL04-MS";"UOP01-DEL04-MS"
113542;2018-02-24;"sábado";"08:00:00";"RS";293;17,9;"CAPAO DO LEAO";"Não guardar distância de segurança";"Colisão lateral";"Com Vítimas Feridas";"Pleno dia";"Decrescente";"Céu Claro";"Simples";"Reta";"Não";2;0;1;0;1;0;1;2;-31,746307;-52,491283;"SPRF-RS";"DEL07-RS";"UOP01-DEL07-RS"
113543;2018-02-24;"sábado";"03:50:00";"MS";163;549,8;"BANDEIRANTES";"Falta de Atenção à Condução";"Saída de leito carroçável";"Com Vítimas Feridas";"Pleno dia";"Crescente";"Céu Claro";"Simples";"Reta";"Sim";2;0;0;1;1;0;1;2;-19,91654822;-54,36927795;"SPRF-MS";"DEL06-MS";"UOP02-DEL06-MS"
113544;2018-02-24;"sábado";"01:00:00";"SP";116;213;"GUARULHOS";"Velocidade Incompatível";"Colisão com objeto estático";"Com Vítimas Feridas";"Plena Noite";"Crescente";"Céu Claro";"Múltipla";"Reta";"Sim";2;0;0;2;0;0;2;1;-23,44102003;-46,44122422;"SPRF-SP";"DEL01-SP";"UOP01-DEL01-SP"
113545;2018-02-24;"sábado";"05:50:00";"CE";116;3;"FORTALEZA";"Pista Escorregadia";"Tombamento";"Com Vítimas Feridas";"Amanhecer";"Crescente";"Nublado";"Simples";"Curva";"Sim";2;0;2;0;0;0;2;1;-3,77940698;-38,51602793;"SPRF-CE";"DEL01-CE";"UOP02-DEL01-CE"
113546;2018-02-24;"sábado";"08:00:00";"MG";262;440;"NOVA SERRANA";"Velocidade Incompatível";"Capotamento";"Sem Vítimas";"Pleno dia";"Decrescente";"Chuva";"Dupla";"Reta;Aclive";"Não";1;0;0;0;1;0;0;1;-19,876581;-44,98399;"SPRF-MG";"DEL08-MG";"UOP03-DEL08-MG"
113547;2018-02-24;"sábado";"06:10:00";"SC";101;321;"PESCARIA BRAVA";"Velocidade Incompatível";"Colisão traseira";"Com Vítimas Feridas";"Amanhecer";"Decrescente";"Céu Claro";"Múltipla";"Reta";"Sim";2;0;2;0;0;0;2;2;-28,427;-48,9088;"SPRF-SC";"DEL02-SC";"UOP01-DEL02-SC"
113548;2018-02-24;"sábado";"07:15:00";"PR";163;198;"SANTA TEREZA DO OESTE";"Falta de Atenção à Condução";"Colisão com objeto estático";"Com Vítimas Feridas";"Amanhecer";"Decrescente";"Céu Claro";"Dupla";"Interseção de Vias";"Não";1;0;1;0;0;0;1;1;-25,0442;-53,5568;"SPRF-PR";"DEL04-PR";"UOP05-DEL05-PR"
113549;2018-02-24;"sábado";"03:20:00";"SP";116;207;"GUARULHOS";"Falta de Atenção do Pedestre";"Atropelamento de Pedestre";"Com Vítimas Fatais";"Plena Noite";"Crescente";"Nublado";"Dupla";"Reta";"Sim";2;1;0;0;0;1;0;2;-23,43300908;-46,41723633;"SPRF-SP";"DEL01-SP";"UOP01-DEL01-SP"
113551;2018-02-24;"sábado";"04:50:00";"PE";232;449;"SAO JOSE DO BELMONTE";"Falta de Atenção à Condução";"Saída de leito carroçável";"Sem Vítimas";"Amanhecer";"Crescente";"Chuva";"Simples";"Interseção de Vias";"Não";1;0;0;0;1;0;0;1;-7,98554833;-38,63273621;"SPRF-PE";"DEL04-PE";"UOP01-DEL04-PE"
113553;2018-02-24;"sábado";"03:45:00";"RJ";116;284;"BARRA MANSA";"Pista Escorregadia";"Capotamento";"Sem Vítimas";"Plena Noite";"Crescente";"Chuva";"Dupla";"Curva";"Não";1;0;0;0;1;0;0;1;-22,52016859;-44,20692444;"SPRF-RJ";"DEL07-RJ";"UOP02-DEL07-RJ"
113559;2018-02-24;"sábado";"08:10:00";"MG";381;487;"BETIM";"Defeito Mecânico no Veículo";"Colisão traseira";"Com Vítimas Feridas";"Pleno dia";"Decrescente";"Nublado";"Dupla";"Aclive";"Sim";3;0;3;0;0;0;3;2;-19,95640757;-44,1185081;"SPRF-MG";"DEL01-MG";"UOP03-DEL01-MG"
113561;2018-02-24;"sábado";"01:50:00";"BA";116;788,7;"PLANALTO";"Ingestão de Álcool";"Saída de leito carroçável";"Com Vítimas Feridas";"Plena Noite";"Crescente";"Nublado";"Simples";"Reta";"Não";1;0;0;1;0;0;1;1;-14,69799;-40,578367;"SPRF-BA";"DEL08-BA";"UOP02-DEL08-BA"
113565;2018-02-24;"sábado";"06:30:00";"SC";470;137,6;"RIO DO SUL";"Falta de Atenção à Condução";"Capotamento";"Sem Vítimas";"Amanhecer";"Crescente";"Céu Claro";"Simples";"Reta";"Não";1;0;0;0;1;0;0;1;-27,19967874;-49,6321106;"SPRF-SC";"DEL04-SC";"UOP02-DEL04-SC"
113570;2018-02-24;"sábado";"04:05:00";"SC";101;209,3;"SAO JOSE";"Velocidade Incompatível";"Saída de leito carroçável";"Sem Vítimas";"Plena Noite";"Decrescente";"Chuva";"Múltipla";"Reta;Aclive";"Sim";1;0;0;0;1;0;0;1;-27,61366629;-48,64242911;"SPRF-SC";"DEL01-SC";"UOP01-DEL01-SC"
113574;2018-02-24;"sábado";"07:40:00";"RS";285;514,5;"VITORIA DAS MISSOES";"Condutor Dormindo";"Tombamento";"Com Vítimas Feridas";"Pleno dia";"Crescente";"Sol";"Simples";"Reta";"Não";1;0;0;1;0;0;1;1;-28,39812397;-54,43832507;"SPRF-RS";"DEL10-RS";"UOP01-DEL10-RS"
113584;2018-02-24;"sábado";"09:00:00";"CE";116;14,5;"FORTALEZA";"Falta de Atenção à Condução";"Colisão lateral";"Com Vítimas Feridas";"Pleno dia";"Crescente";"Chuva";"Dupla";"Reta";"Sim";2;0;1;0;1;0;1;2;-3,878948;-38,500754;"SPRF-CE";"DEL01-CE";"UOP02-DEL01-CE"
113586;2018-02-24;"sábado";"09:35:00";"CE";20;284,2;"CANINDE";"Falta de Atenção à Condução";"Saída de leito carroçável";"Com Vítimas Feridas";"Pleno dia";"Crescente";"Céu Claro";"Simples";"Curva";"Não";2;0;1;0;1;0;1;1;-4,35484;-39,3112;"SPRF-CE";"DEL02-CE";"UOP01-DEL02-CE"
113609;2018-02-24;"sábado";"08:45:00";"SP";116;214;"GUARULHOS";"Defeito Mecânico no Veículo";"Incêndio";"Sem Vítimas";"Pleno dia";"Decrescente";"Sol";"Múltipla";"Reta";"Sim";1;0;0;0;1;0;0;1;-23,46996002;-46,50227891;"SPRF-SP";"DEL01-SP";"UOP01-DEL01-SP"
113614;2018-02-24;"sábado";"09:00:00";"MG";381;605,5;"OLIVEIRA";"Velocidade Incompatível";"Colisão com objeto estático";"Sem Vítimas";"Pleno dia";"Crescente";"Nublado";"Dupla";"Curva";"Não";1;0;0;0;1;0;0;1;-20,63945296;-44,73605061;"SPRF-MG";"DEL04-MG";"UOP01-DEL04-MG"
113615;2018-02-24;"sábado";"05:38:00";"RJ";393;278,8;"BARRA DO PIRAI";"Condutor Dormindo";"Colisão traseira";"Com Vítimas Feridas";"Amanhecer";"Crescente";"Nublado";"Simples";"Reta";"Sim";9;0;4;1;4;0;5;2;-22,48073727;-44,03881162;"SPRF-RJ";"DEL05-RJ";"UOP04-DEL05-RJ"
113616;2018-02-24;"sábado";"09:39:00";"AL";316;189;"TANQUE DARCA";"Ultrapassagem Indevida";"Colisão com objeto em movimento";"Com Vítimas Feridas";"Pleno dia";"Decrescente";"Céu Claro";"Simples";"Curva";"Não";3;0;1;1;1;0;2;2;-9,582492;-36,418125;"SPRF-AL";"DEL03-AL";"UOP01-DEL03-AL"
113618;2018-02-24;"sábado";"09:55:00";"SC";470;57,6;"BLUMENAU";"Falta de Atenção à Condução";"Tombamento";"Com Vítimas Feridas";"Pleno dia";"Decrescente";"Sol";"Simples";"Interseção de Vias";"Sim";2;0;2;0;0;0;2;1;-26,87368389;-49,11399096;"SPRF-SC";"DEL04-SC";"UOP01-DEL04-SC"
113619;2018-02-24;"sábado";"09:30:00";"BA";324;620;"SALVADOR";"Não guardar distância de segurança";"Colisão traseira";"Com Vítimas Feridas";"Pleno dia";"Crescente";"Céu Claro";"Múltipla";"Reta";"Sim";5;0;2;0;3;0;2;4;-12,971561;-38,511154;"SPRF-BA";"DEL01-BA";"UOP01-DEL01-BA"
113621;2018-02-23;"sexta-feira";"22:45:00";"SC";282;145;"BOM RETIRO";"Desobediência às normas de trânsito pelo condutor";"Colisão frontal";"Com Vítimas Feridas";"Plena Noite";"Decrescente";"Céu Claro";"Simples";"Curva";"Não";2;0;0;1;1;0;1;2;-27,74310006;-49,75227356;"SPRF-SC";"DEL05-SC";"UOP01-DEL05-SC"
113622;2018-02-24;"sábado";"09:30:00";"RJ";40;116;"DUQUE DE CAXIAS";"Falta de Atenção à Condução";"Colisão frontal";"Com Vítimas Feridas";"Pleno dia";"Crescente";"Céu Claro";"Dupla";"Reta";"Não";2;0;1;0;1;0;1;2;-22,73892717;-43,28843415;"SPRF-RJ";"DEL01-RJ";"UOP01-DEL01-RJ"
113624;2018-02-24;"sábado";"09:10:00";"RN";101;125;"SAO JOSE DE MIPIBU";"Falta de Atenção à Condução";"Queda de ocupante de veículo";"Com Vítimas Feridas";"Pleno dia";"Decrescente";"Nublado";"Dupla";"Reta";"Não";5;0;1;0;3;1;1;5;-6,078156;-35,234119;"SPRF-RN";"DEL01-RN";"UOP01-DEL01-RN"
113625;2018-02-24;"sábado";"10:00:00";"PR";277;56,1;"SAO JOSE DOS PINHAIS";"Desobediência às normas de trânsito pelo condutor";"Colisão com objeto estático";"Com Vítimas Fatais";"Pleno dia";"Crescente";"Céu Claro";"Dupla";"Reta";"Não";3;1;0;0;0;2;0;3;-25,56174274;-49,01522901;"SPRF-PR";"DEL01-PR";"UOP07-DEL01-PR"