"id";"data_inversa";"dia_semana";"horario";"uf";"br";"km";"municipio";"causa_acidente";"tipo_acidente";"classificacao_acidente";"fase_dia";"sentido_via";"condicao_metereologica";"tipo_pista";"tracado_via";"uso_solo";"pessoas";"mortos";"feridos_leves";"feridos_graves";"ilesos";"ignorados";"feridos";"veiculos";"latitude";"longitude";"regional";"delegacia";"uop"
113626;2018-02-24;"sábado";"10:20:00";"ES";101;296;"CARIACICA";"Falta de Atenção à Condução";"Colisão traseira";"Com Vítimas Feridas";"Pleno dia";"Decrescente";"Céu Claro";"Dupla";"Curva";"Sim";2;0;1;0;1;0;1;2;-20,34202653;-40,40471613;"SPRF-ES";"DEL01-ES";"UOP01-DEL01-ES"
113627;2018-02-24;"sábado";"04:00:00";"SP";381;76;"SAO PAULO";"Condutor Dormindo";"Tombamento";"Sem Vítimas";"Plena Noite";"Decrescente";"Céu Claro";"Dupla";"Curva";"Não";1;0;0;0;1;0;0;1;-23,36110748;-46,55286527;"SPRF-SP";"DEL03-SP";"DEL6/3-UOP03/SP"
113628;2018-02-16;"sexta-feira";"08:50:00";"PR";487;2,7;"ALTO PARAISO";"Velocidade Incompatível";"Colisão lateral";"Sem Vítimas";"Pleno dia";"Decrescente";"Céu Claro";"Simples";"Reta";"Não";3;0;0;0;3;0;0;2;-23,508793;-53,72822;"SPRF-PR";"DEL06-PR";"UOP03-DEL06-PR"
113629;2018-02-24;"sábado";"10:20:00";"ES";101;147;"LINHARES";"Falta de Atenção à Condução";"Colisão transversal";"Com Vítimas Feridas";"Pleno dia";"Crescente";"Céu Claro";"Múltipla";"Interseção de Vias";"Sim";2;0;1;0;1;0;1;2;-19,37981824;-40,06713867;"SPRF-ES";"DEL04-ES";"UOP01-DEL04-ES"
113631;2018-02-24;"sábado";"09:45:00";"MG";40;695,5;"ALFREDO VASCONCELOS";"Velocidade Incompatível";"Saída de leito carroçável";"Sem Vítimas";"Pleno dia";"Decrescente";"Chuva";"Simples";"Curva;Declive";"Não";1;0;0;0;1;0;0;1;-21,17544808;-43,75785828;"SPRF-MG";"DEL05-MG";"UOP02-DEL05-MG"
113632;2018-02-24;"sábado";"10:20:00";"BA";101;922;"NOVA VICOSA";"Pista Escorregadia";"Saída de leito carroçável";"Sem Vítimas";"Pleno dia";"Crescente";"Chuva";"Simples";"Aclive";"Não";1;0;0;0;1;0;0;1;-17,9048;-39,8245;"SPRF-BA";"DEL09-BA";"UOP02-DEL09-BA"
113635;2018-02-24;"sábado";"10:10:00";"PR";467;98;"CASCAVEL";"Velocidade Incompatível";"Saída de leito carroçável";"Com Vítimas Feridas";"Pleno dia";"Decrescente";"Sol";"Dupla";"Reta";"Não";1;0;1;0;0;0;1;1;-24,8897;-53,5525;"SPRF-PR";"DEL04-PR";"UOP01-DEL04-PR"
113636;2018-02-24;"sábado";"07:50:00";"SC";470;244;"CURITIBANOS";"Ultrapassagem Indevida";"Colisão frontal";"Com Vítimas Fatais";"Pleno dia";"Decrescente";"Nublado";"Simples";"Aclive;Curva";"Não";2;1;0;1;0;0;1;2;-27,31443408;-50,51925659;"SPRF-SC";"DEL05-SC";"UOP03-DEL05-SC"
113637;2018-02-24;"sábado";"10:30:00";"MG";40;717,5;"BARBACENA";"Velocidade Incompatível";"Capotamento";"Com Vítimas Feridas";"Pleno dia";"Decrescente";"Chuva";"Dupla";"Aclive;Curva";"Não";1;0;1;0;0;0;1;1;-21,28325385;-43,64274937;"SPRF-MG";"DEL05-MG";"UOP01-DEL05-MG"
113638;2018-02-24;"sábado";"11:00:00";"SC";101;134;"BALNEARIO CAMBORIU";"Falta de Atenção à Condução";"Colisão transversal";"Com Vítimas Feridas";"Pleno dia";"Crescente";"Céu Claro";"Simples";"Rotatória";"Sim";2;0;1;0;1;0;1;2;-27,0049;-48,6266;"SPRF-SC";"DEL04-SC";"UOP03-DEL04-SC"
113640;2018-02-24;"sábado";"07:00:00";"MT";163;877;"SINOP";"Velocidade Incompatível";"Saída de leito carroçável";"Com Vítimas Feridas";"Pleno dia";"Crescente";"Céu Claro";"Simples";"Curva";"Não";4;0;1;0;3;0;1;1;-11,506643;-55,373355;"SPRF-MT";"DEL06-MT";"UOP02-DEL06-MT"
113641;2018-02-24;"sábado";"11:20:00";"SC";101;232;"PALHOCA";"Falta de Atenção à Condução";"Colisão lateral";"Sem Vítimas";"Pleno dia";"Crescente";"Céu Claro";"Dupla";"Reta";"Não";2;0;0;0;2;0;0;2;-27,8032;-48,6381;"SPRF-SC";"DEL01-SC";"UOP02-DEL01-SC"
113642;2018-02-24;"sábado";"10:50:00";"BA";324;613;"SALVADOR";"Falta de Atenção à Condução";"Colisão lateral";"Com Vítimas Feridas";"Pleno dia";"Decrescente";"Céu Claro";"Dupla";"Reta";"Sim";2;0;1;0;1;0;1;2;-12,87704927;-38,43018651;"SPRF-BA";"DEL01-BA";"UOP01-DEL01-BA"
113645;2018-02-24;"sábado";"11:00:00";"PR";376;594;"CURITIBA";"Falta de Atenção à Condução";"Colisão com objeto em movimento";"Com Vítimas Feridas";"Pleno dia";"Crescente";"Céu Claro";"Dupla";"Interseção de Vias";"Sim";2;0;1;0;1;0;1;2;-25,428255;-49,27348;"SPRF-PR";"DEL01-PR";"UOP06-DEL01-PR"
113647;2018-02-24;"sábado";"12:05:00";"SC";282;4,5;"SAO JOSE";"Falta de Atenção à Condução";"Colisão traseira";"Sem Vítimas";"Pleno dia";"Decrescente";"Nublado";"Dupla";"Reta";"Sim";3;0;0;0;3;0;0;3;-27,59215041;-48,60502747;"SPRF-SC";"DEL01-SC";"UOP01-DEL01-SC"
113648;2018-02-24;"sábado";"12:30:00";"SC";470;56,4;"BLUMENAU";"Falta de Atenção à Condução";"Colisão transversal";"Com Vítimas Feridas";"Pleno dia";"Crescente";"Céu Claro";"Simples";"Interseção de Vias";"Não";4;0;2;0;2;0;2;2;-26,8730104;-49,1139659;"SPRF-SC";"DEL04-SC";"UOP01-DEL04-SC"
113650;2018-02-24;"sábado";"12:20:00";"SC";282;21;"PALHOCA";"Falta de Atenção à Condução";"Colisão com objeto estático";"Com Vítimas Feridas";"Pleno dia";"Decrescente";"Sol";"Simples";"Interseção de Vias";"Sim";2;0;1;0;1;0;1;1;-27,68916944;-48,73493743;"SPRF-SC";"DEL01-SC";"UOP02-DEL01-SC"
113651;2018-02-24;"sábado";"12:45:00";"PE";232;83,1;"GRAVATA";"Falta de Atenção à Condução";"Colisão lateral";"Sem Vítimas";"Pleno dia";"Crescente";"Céu Claro";"Dupla";"Reta";"Não";2;0;0;0;2;0;0;2;-8,20301109;-35,59731781;"SPRF-PE";"DEL01-PE";"UOP02-DEL02PE"
113652;2018-02-24;"sábado";"12:50:00";"MG";459;103,4;"POUSO ALEGRE";"Ingestão de Álcool";"Colisão traseira";"Com Vítimas Feridas";"Pleno dia";"Crescente";"Céu Claro";"Dupla";"Aclive;Curva";"Sim";4;0;1;0;3;0;1;3;-22,21971426;-45,91434091;"SPRF-MG";"DEL16-MG";"UOP01-DEL16-MG"
113653;2018-02-24;"sábado";"04:05:00";"SP";153;195;"GETULINA";"Ingestão de Álcool";"Saída de leito carroçável";"Com Vítimas Feridas";"Plena Noite";"Decrescente";"Céu Claro";"Simples";"Interseção de Vias";"Não";3;0;1;0;2;0;1;1;-21,776442;-49,892319;"SPRF-SP";"DEL07-SP";"UOP01-DEL07-SP"
113655;2018-02-24;"sábado";"13:10:00";"PE";407;129;"PETROLINA";"Desobediência às normas de trânsito pelo condutor";"Colisão lateral";"Com Vítimas Feridas";"Pleno dia";"Crescente";"Céu Claro";"Simples";"Rotatória";"Sim";2;0;1;0;1;0;1;2;-9,39904;-40,501163;"SPRF-PE";"DEL06-PE";"UOP01-DEL06-PE"
113657;2018-02-24;"sábado";"13:20:00";"PR";369;164,7;"CAMBE";"Ingestão de Álcool";"Colisão transversal";"Com Vítimas Feridas";"Pleno dia";"Crescente";"Céu Claro";"Dupla";"Reta;Aclive;Retorno Regulamentado";"Não";4;0;1;0;2;1;1;3;-23,29516101;-51,29422632;"SPRF-PR";"DEL07-PR";"UOP01-DEL07-PR"
113659;2018-01-27;"sábado";"20:05:00";"PR";376;179;"MARINGA";"Falta de Atenção à Condução";"Colisão transversal";"Com Vítimas Feridas";"Anoitecer";"Decrescente";"Céu Claro";"Dupla";"Retorno Regulamentado";"Sim";3;0;1;0;1;1;1;3;-23,4202208;-51,91063321;"SPRF-PR";"DEL07-PR";"UOP01-DEL09-PR"
113660;2018-02-24;"sábado";"13:30:00";"SC";470;59,5;"BLUMENAU";"Falta de Atenção à Condução";"Colisão traseira";"Sem Vítimas";"Pleno dia";"Decrescente";"Sol";"Simples";"Rotatória";"Não";2;0;0;0;2;0;0;2;-26,88288628;-49,14202541;"SPRF-SC";"DEL04-SC";"UOP01-DEL04-SC"
113661;2018-02-24;"sábado";"13:10:00";"RJ";116;332,9;"RESENDE";"Falta de Atenção à Condução";"Colisão com objeto estático";"Sem Vítimas";"Pleno dia";"Crescente";"Nublado";"Dupla";"Reta";"Não";1;0;0;0;1;0;0;1;-22,51232437;-44,69833371;"SPRF-RJ";"DEL07-RJ";"DEL5/7-UOP03/RJ"
113663;2018-02-24;"sábado";"13:25:00";"PB";230;24;"JOAO PESSOA";"Falta de Atenção à Condução";"Colisão com objeto estático";"Com Vítimas Feridas";"Pleno dia";"Decrescente";"Céu Claro";"Dupla";"Reta";"Sim";1;0;1;0;0;0;1;1;-7,1637;-34,8618;"SPRF-PB";"DEL01-PB";"UOP01-DEL01-PB"
113664;2018-02-24;"sábado";"12:50:00";"PB";230;22;"JOAO PESSOA";"Velocidade Incompatível";"Colisão traseira";"Com Vítimas Feridas";"Pleno dia";"Decrescente";"Céu Claro";"Dupla";"Reta";"Sim";2;0;1;0;0;1;1;2;-7,1541;-34,8556;"SPRF-PB";"DEL01-PB";"UOP01-DEL01-PB"
113667;2018-02-24;"sábado";"14:05:00";"RS";101;23,2;"TRES CACHOEIRAS";"Falta de Atenção à Condução";"Colisão transversal";"Sem Vítimas";"Pleno dia";"Decrescente";"Céu Claro";"Simples";"Reta";"Sim";2;0;0;0;2;0;0;2;-29,44639121;-49,91077015;"SPRF-RS";"DEL03-RS";"DEL9/3-UOP03/RS"
113669;2018-02-24;"sábado";"13:20:00";"MA";316;557,3;"CAXIAS";"Pista Escorregadia";"Saída de leito carroçável";"Sem Vítimas";"Pleno dia";"Decrescente";"Céu Claro";"Simples";"Curva";"Não";1;0;0;0;0;1;0;1;-4,88496653;-43,30730081;"SPRF-MA";"DEL03-MA";"UOP02-DEL03-MA"
113673;2018-02-24;"sábado";"13:20:00";"ES";101;269,8;"SERRA";"Falta de Atenção à Condução";"Colisão transversal";"Com Vítimas Feridas";"Pleno dia";"Decrescente";"Sol";"Múltipla";"Interseção de Vias";"Sim";2;0;1;0;1;0;1;2;-20,2245521;-40,2700658;"SPRF-ES";"DEL02-ES";"UOP01-DEL02-ES"
113675;2018-02-24;"sábado";"14:40:00";"DF";60;28,8;"BRASILIA";"Falta de Atenção à Condução";"Saída de leito carroçável";"Com Vítimas Feridas";"Pleno dia";"Crescente";"Garoa/Chuvisco";"Dupla";"Reta";"Não";1;0;1;0;0;0;1;1;-16,02736309;-48,25342153;"SPRF-DF";"DEL01-DF";"UOP01-DEL03-DF"
113676;2018-02-24;"sábado";"15:00:00";"RS";290;259,2;"CACHOEIRA DO SUL";"Ultrapassagem Indevida";"Saída de leito carroçável";"Com Vítimas Feridas";"Pleno dia";"Crescente";"Nublado";"Simples";"Reta";"Não";1;0;1;0;0;0;1;1;-30,25762375;-52,81716138;"SPRF-RS";"DEL02-RS";"UOP02-DEL02-RS"
113677;2018-02-24;"sábado";"14:30:00";"ES";101;285,9;"CARIACICA";"Velocidade Incompatível";"Capotamento";"Sem Vítimas";"Pleno dia";"Decrescente";"Céu Claro";"Dupla";"Reta";"Sim";1;0;0;0;1;0;0;1;-20,258184;-40,3773454;"SPRF-ES";"DEL01-ES";"UOP01-DEL01-ES"
113678;2018-02-24;"sábado";"12:50:00";"PR";277;672,4;"MEDIANEIRA";"Ingestão de Álcool";"Colisão lateral";"Com Vítimas Feridas";"Pleno dia";"Crescente";"Céu Claro";"Dupla";"Reta";"Sim";2;0;1;0;1;0;1;2;-25,2952463;-54,0918303;"SPRF-PR";"DEL05-PR";"UOP01-DEL05-PR"
113680;2018-02-24;"sábado";"14:35:00";"MG";40;566,6;"NOVA LIMA";"Velocidade Incompatível";"Colisão com objeto estático";"Sem Vítimas";"Pleno dia";"Crescente";"Chuva";"Simples";"Declive";"Sim";1;0;0;0;1;0;0;1;-20,19844247;-43,9745349;"SPRF-MG";"DEL01-MG";"UOP02-DEL01-MG"
113683;2018-02-24;"sábado";"12:35:00";"GO";153;558,2;"PROFESSOR JAMIL";"Pista Escorregadia";"Colisão transversal";"Sem Vítimas";"Pleno dia";"Decrescente";"Chuva";"Dupla";"Curva;Declive";"Não";5;0;0;0;1;4;0;1;-17,20774632;-49,21211958;"SPRF-GO";"DEL03-GO";"UOP01-DEL03-GO"
113684;2018-02-24;"sábado";"15:00:00";"RN";406;152;"CEARA-MIRIM";"Ingestão de Álcool";"Colisão transversal";"Com Vítimas Feridas";"Pleno dia";"Decrescente";"Céu Claro";"Simples";"Interseção de Vias";"Sim";3;0;2;1;0;0;3;2;-5,65376577;-35,41886395;"SPRF-RN";"DEL02-RN";"UOP01-DEL02-RN"
113685;2018-02-24;"sábado";"15:20:00";"MG";40;553,9;"NOVA LIMA";"Falta de Atenção à Condução";"Saída de leito carroçável";"Com Vítimas Feridas";"Pleno dia";"Crescente";"Chuva";"Dupla";"Curva";"Sim";1;0;1;0;0;0;1;1;-20,07;-43,9828;"SPRF-MG";"DEL01-MG";"UOP02-DEL01-MG"
113686;2018-02-24;"sábado";"15:20:00";"BA";101;684,9;"ITAGIMIRIM";"Velocidade Incompatível";"Saída de leito carroçável";"Com Vítimas Feridas";"Pleno dia";"Crescente";"Sol";"Simples";"Aclive";"Não";2;0;2;0;0;0;2;1;-16,087132;-39,614777;"SPRF-BA";"DEL09-BA";"UOP01-DEL09-BA"
113690;2018-02-24;"sábado";"16:00:00";"MG";267;128,3;"JUIZ DE FORA";"Velocidade Incompatível";"Saída de leito carroçável";"Com Vítimas Feridas";"Pleno dia";"Decrescente";"Céu Claro";"Simples";"Reta";"Não";1;0;0;1;0;0;1;1;-21,764648;-43,35065;"SPRF-MG";"DEL05-MG";"UOP01-DEL05-MG"
113691;2018-02-24;"sábado";"15:50:00";"RS";386;243,8;"SOLEDADE";"Falta de Atenção à Condução";"Colisão transversal";"Sem Vítimas";"Pleno dia";"Crescente";"Céu Claro";"Simples";"Interseção de Vias";"Sim";5;0;0;0;5;0;0;2;-28,79560411;-52,51948387;"SPRF-RS";"DEL04-RS";"NPF/DEL04-RS"
113692;2018-02-24;"sábado";"05:20:00";"RJ";393;208,8;"VASSOURAS";"Falta de Atenção à Condução";"Saída de leito carroçável";"Com Vítimas Feridas";"Amanhecer";"Decrescente";"Nublado";"Simples";"Reta";"Não";2;0;0;2;0;0;2;1;-22,25324923;-43,43960665;"SPRF-RJ";"DEL05-RJ";"UOP03-DEL05-RJ"
113693;2018-02-24;"sábado";"12:30:00";"MT";70;708,8;"CACERES";"Velocidade Incompatível";"Saída de leito carroçável";"Com Vítimas Feridas";"Pleno dia";"Crescente";"Nublado";"Simples";"Curva";"Não";2;0;1;1;0;0;2;1;-16,22692242;-57,56900042;"SPRF-MT";"DEL03-MT";"UOP01-DEL03-MT"
113696;2018-02-24;"sábado";"16:00:00";"MG";365;396;"PATOS DE MINAS";"Falta de Atenção à Condução";"Capotamento";"Sem Vítimas";"Pleno dia";"Crescente";"Chuva";"Simples";"Curva";"Não";1;0;0;0;1;0;0;1;-18,62562993;-46,39068323;"SPRF-MG";"DEL10-MG";"UOP01-DEL10-MG"
113697;2018-02-24;"sábado";"16:15:00";"ES";101;300;"VIANA";"Falta de Atenção à Condução";"Colisão traseira";"Com Vítimas Feridas";"Pleno dia";"Decrescente";"Céu Claro";"Dupla";"Reta";"Sim";3;0;2;0;1;0;2;2;-20,39076;-40,49646;"SPRF-ES";"DEL01-ES";"UOP01-DEL01-ES"
113698;2018-02-24;"sábado";"16:50:00";"PE";424;98,3;"GARANHUNS";"Mal Súbito";"Colisão lateral";"Com Vítimas Fatais";"Pleno dia";"Crescente";"Céu Claro";"Simples";"Reta";"Não";3;1;1;0;1;0;1;2;-8,945304;-36,509865;"SPRF-PE";"DEL03-PE";"UOP01-DEL03-PE"
113699;2018-02-24;"sábado";"16:10:00";"RS";116;357,9;"TAPES";"Falta de Atenção à Condução";"Colisão transversal";"Com Vítimas Feridas";"Pleno dia";"Crescente";"Nublado";"Simples";"Declive";"Não";4;0;4;0;0;0;4;2;-30,593612;-51,539038;"SPRF-RS";"DEL02-RS";"UOP03-DEL02-RS"
113701;2018-02-24;"sábado";"14:25:00";"MG";50;177,4;"UBERABA";"Falta de Atenção à Condução";"Saída de leito carroçável";"Com Vítimas Feridas";"Pleno dia";"Crescente";"Garoa/Chuvisco";"Dupla";"Reta";"Sim";1;0;1;0;0;0;1;1;-19,77956618;-47,94625908;"SPRF-MG";"DEL13-MG";"UOP01-DEL13-MG"
113703;2018-02-24;"sábado";"17:15:00";"SC";101;125,7;"ITAJAI";"Avarias e/ou desgaste excessivo no pneu";"Saída de leito carroçável";"Com Vítimas Feridas";"Pleno dia";"Decrescente";"Nublado";"Dupla";"Retorno Regulamentado";"Não";4;0;4;0;0;0;4;1;-26,95276934;-48,67886782;"SPRF-SC";"DEL04-SC";"UOP04-DEL04-SC"
113705;2018-02-24;"sábado";"17:20:00";"RN";405;3,1;"MOSSORO";"Falta de Atenção à Condução";"Colisão transversal";"Com Vítimas Feridas";"Pleno dia";"Decrescente";"Céu Claro";"Simples";"Reta";"Sim";3;0;3;0;0;0;3;2;-5,19396573;-37,38141282;"SPRF-RN";"DEL04-RN";"UOP02-DEL04-RN"
113706;2018-02-24;"sábado";"11:00:00";"MG";50;174,4;"UBERABA";"Ingestão de Álcool";"Tombamento";"Com Vítimas Feridas";"Pleno dia";"Crescente";"Nublado";"Simples";"Curva";"Sim";1;0;1;0;0;0;1;1;-19,775097;-47,972019;"SPRF-MG";"DEL13-MG";"UOP01-DEL13-MG"
113707;2018-02-24;"sábado";"03:35:00";"AL";316;241,7;"ATALAIA";"Animais na Pista";"Atropelamento de Animal";"Sem Vítimas";"Plena Noite";"Decrescente";"Céu Claro";"Simples";"Interseção de Vias";"Sim";1;0;0;0;1;0;0;1;-9,50730719;-36,02279663;"SPRF-AL";"DEL01-AL";"UOP01-DEL01-AL"
113710;2018-02-24;"sábado";"15:45:00";"GO";40;141;"CRISTALINA";"Pista Escorregadia";"Saída de leito carroçável";"Com Vítimas Feridas";"Pleno dia";"Crescente";"Chuva";"Simples";"Declive";"Não";1;0;1;0;0;0;1;1;-16,95712;-47,270758;"SPRF-DF";"DEL01-DF";"UOP02-DEL01-DF"
113712;2018-02-24;"sábado";"14:25:00";"MG";116;551,2;"SANTA BARBARA DO LESTE";"Velocidade Incompatível";"Saída de leito carroçável";"Com Vítimas Feridas";"Pleno dia";"Crescente";"Chuva";"Simples";"Reta";"Não";1;0;1;0;0;0;1;1;-19,9779;-42,1422;"SPRF-MG";"DEL06-MG";"UOP02-DEL06-MG"
113713;2018-02-24;"sábado";"15:45:00";"MT";163;812;"SINOP";"Falta de Atenção à Condução";"Saída de leito carroçável";"Com Vítimas Feridas";"Pleno dia";"Crescente";"Nublado";"Simples";"Reta";"Não";2;0;2;0;0;0;2;1;-11,864589;-55,502926;"SPRF-MT";"DEL06-MT";"UOP01-DEL06-MT"
113714;2018-02-24;"sábado";"16:20:00";"MG";381;709,3;"NEPOMUCENO";"Velocidade Incompatível";"Colisão com objeto estático";"Sem Vítimas";"Pleno dia";"Decrescente";"Chuva";"Dupla";"Curva";"Não";1;0;0;0;1;0;0;1;-21,35192213;-45,17988123;"SPRF-MG";"DEL04-MG";"UOP02-DEL04-MG"
113715;2018-02-24;"sábado";"03:10:00";"MG";381;948,9;"EXTREMA";"Falta de Atenção à Condução";"Queda de ocupante de veículo";"Com Vítimas Feridas";"Plena Noite";"Decrescente";"Nublado";"Dupla";"Reta";"Não";1;0;0;1;0;0;1;1;-22,87064408;-46,3584377;"SPRF-MG";"DEL16-MG";"UOP03-DEL16-MG"
113716;2018-02-24;"sábado";"15:50:00";"MG";381;688,1;"LAVRAS";"Velocidade Incompatível";"Saída de leito carroçável";"Sem Vítimas";"Pleno dia";"Decrescente";"Nublado";"Dupla";"Curva";"Não";1;0;0;0;1;0;0;1;-21,19378101;-45,11811011;"SPRF-MG";"DEL04-MG";"UOP02-DEL04-MG"
113717;2018-02-24;"sábado";"17:50:00";"SC";101;206;"SAO JOSE";"Falta de Atenção à Condução";"Queda de ocupante de veículo";"Com Vítimas Feridas";"Pleno dia";"Crescente";"Sol";"Múltipla";"Reta";"Sim";1;0;0;1;0;0;1;1;-27,6001;-48,6225;"SPRF-SC";"DEL01-SC";"UOP01-DEL01-SC"
113718;2018-02-24;"sábado";"17:40:00";"SC";101;205;"SAO JOSE";"Ingestão de Álcool";"Colisão lateral";"Com Vítimas Feridas";"Pleno dia";"Crescente";"Nublado";"Dupla";"Reta";"Sim";2;0;1;0;0;1;1;2;-27,5843293;-48,61569285;"SPRF-SC";"DEL01-SC";"UOP01-DEL01-SC"
113719;2018-02-23;"sexta-feira";"23:00:00";"RS";287;314;"SAO VICENTE DO SUL";"Falta de Atenção à Condução";"Saída de leito carroçável";"Sem Vítimas";"Plena Noite";"Crescente";"Chuva";"Simples";"Reta";"Não";1;0;0;0;0;1;0;1;-29,656771;-54,513344;"SPRF-RS";"DEL09-RS";"UOP01-DEL09-RS"
113720;2018-02-24;"sábado";"17:00:00";"SC";280;24,3;"ARAQUARI";"Falta de Atenção à Condução";"Colisão traseira";"Com Vítimas Feridas";"Pleno dia";"Decrescente";"Céu Claro";"Simples";"Reta";"Sim";2;0;1;0;1;0;1;2;-26,3794665;-48,72204512;"SPRF-SC";"DEL03-SC";"UOP03-DEL03-SC"
113721;2018-02-24;"sábado";"17:15:00";"MG";40;526;"CONTAGEM";"Falta de Atenção à Condução";"Colisão traseira";"Sem Vítimas";"Plena Noite";"Decrescente";"Chuva";"Dupla";"Reta;Aclive";"Sim";2;0;0;0;2;0;0;2;-19,9054;-44,0476;"SPRF-MG";"DEL01-MG";"UOP03-DEL01-MG"
113722;2018-02-24;"sábado";"17:55:00";"MG";381;487,6;"BETIM";"Defeito na Via";"Tombamento";"Com Vítimas Feridas";"Anoitecer";"Decrescente";"Chuva";"Dupla";"Curva";"Sim";1;0;1;0;0;0;1;1;-19,95630069;-44,12000328;"SPRF-MG";"DEL01-MG";"UOP03-DEL01-MG"
113723;2018-02-24;"sábado";"18:00:00";"SP";116;210;"GUARULHOS";"Velocidade Incompatível";"Colisão traseira";"Com Vítimas Feridas";"Pleno dia";"Decrescente";"Céu Claro";"Múltipla";"Reta";"Não";3;0;1;0;2;0;1;2;-23,45316802;-46,47216797;"SPRF-SP";"DEL01-SP";"UOP01-DEL01-SP"
113726;2018-02-24;"sábado";"18:30:00";"PB";230;23,6;"JOAO PESSOA";"Defeito Mecânico no Veículo";"Queda de ocupante de veículo";"Com Vítimas Feridas";"Plena Noite";"Crescente";"Céu Claro";"Dupla";"Reta";"Sim";2;0;2;0;0;0;2;1;-7,16070117;-34,86004069;"SPRF-PB";"DEL01-PB";"UOP01-DEL01-PB"
113727;2018-02-24;"sábado";"18:15:00";"GO";70;0,9;"AGUAS LINDAS DE GOIAS";"Condutor Dormindo";"Capotamento";"Com Vítimas Feridas";"Anoitecer";"Crescente";"Nublado";"Dupla";"Aclive";"Sim";1;0;1;0;0;0;1;1;-15,77635934;-48,23279679;"SPRF-DF";"DEL01-DF";"UOP02-DEL03-DF"
113728;2018-02-24;"sábado";"14:40:00";"RJ";101;306;"SAO GONCALO";"Falta de Atenção à Condução";"Colisão com objeto estático";"Sem Vítimas";"Pleno dia";"Decrescente";"Chuva";"Dupla";"Reta";"Sim";1;0;0;0;1;0;0;1;-22,789141;-43,005524;"SPRF-RJ";"DEL02-RJ";"DEL5/2-UOP04/RJ"
113729;2018-02-24;"sábado";"18:00:00";"SC";101;296;"IMBITUBA";"Ingestão de Álcool";"Colisão lateral";"Com Vítimas Feridas";"Anoitecer";"Crescente";"Céu Claro";"Dupla";"Reta";"Não";2;0;1;0;1;0;1;2;-28,3433;-48,7331;"SPRF-SC";"DEL02-SC";"UOP03-DEL02-SC"
113737;2018-02-24;"sábado";"19:00:00";"CE";222;242,6;"SOBRAL";"Falta de Atenção à Condução";"Colisão lateral";"Com Vítimas Feridas";"Plena Noite";"Crescente";"Céu Claro";"Simples";"Reta";"Não";2;0;0;1;0;1;1;2;-3,74455987;-40,50110936;"SPRF-CE";"DEL04-CE";"UOP01-DEL04-CE"
113738;2018-02-24;"sábado";"17:50:00";"SP";116;470;"JACUPIRANGA";"Falta de Atenção à Condução";"Saída de leito carroçável";"Sem Vítimas";"Anoitecer";"Decrescente";"Nublado";"Dupla";"Curva";"Não";2;0;0;0;2;0;0;1;-24,692978;-48,002632;"SPRF-SP";"DEL05-SP";"UAP01-DEL05-SP"
113739;2018-02-24;"sábado";"19:10:00";"SC";280;68;"JARAGUA DO SUL";"Falta de Atenção à Condução";"Saída de leito carroçável";"Com Vítimas Feridas";"Anoitecer";"Decrescente";"Céu Claro";"Simples";"Reta";"Não";1;0;1;0;0;0;1;1;-26,472767;-49,111004;"SPRF-SC";"DEL03-SC";"UOP03-DEL03-SC"
113740;2018-02-24;"sábado";"19:15:00";"SC";101;115,9;"ITAJAI";"Falta de Atenção do Pedestre";"Atropelamento de Pedestre";"Com Vítimas Feridas";"Plena Noite";"Decrescente";"Céu Claro";"Dupla";"Reta";"Sim";3;0;0;1;1;1;1;2;-26,8716618;-48,72894514;"SPRF-SC";"DEL04-SC";"UOP04-DEL04-SC"
113741;2018-02-24;"sábado";"19:00:00";"TO";153;670;"GURUPI";"Falta de Atenção à Condução";"Colisão frontal";"Com Vítimas Feridas";"Plena Noite";"Crescente";"Céu Claro";"Dupla";"Retorno Regulamentado";"Sim";2;0;1;0;1;0;1;2;-11,73536671;-49,07798767;"SPRF-TO";"DEL02-TO";"UOP02-DEL01-TO"
113742;2018-02-24;"sábado";"19:10:00";"GO";40;105,4;"CRISTALINA";"Fenômenos da Natureza";"Queda de ocupante de veículo";"Com Vítimas Feridas";"Plena Noite";"Crescente";"Chuva";"Dupla";"Reta";"Não";1;0;1;0;0;0;1;1;-16,82485539;-47,54778743;"SPRF-DF";"DEL01-DF";"UOP02-DEL01-DF"
113744;2018-02-24;"sábado";"05:15:00";"PR";376;173,9;"MARINGA";"Desobediência às normas de trânsito pelo condutor";"Colisão traseira";"Sem Vítimas";"Amanhecer";"Decrescente";"Céu Claro";"Múltipla";"Declive;Reta;Interseção de Vias";"Sim";2;0;0;0;1;1;0;2;-23,4191;-51,968166;"SPRF-PR";"DEL07-PR";"UOP01-DEL09-PR"
113745;2018-02-24;"sábado";"19:00:00";"PR";277;726;"FOZ DO IGUACU";"Falta de Atenção à Condução";"Colisão transversal";"Com Vítimas Feridas";"Pleno dia";"Decrescente";"Céu Claro";"Dupla";"Rotatória";"Sim";3;0;2;0;1;0;2;2;-25,510586;-54,554813;"SPRF-PR";"DEL05-PR";"UOP03-DEL05-PR"
113747;2018-02-24;"sábado";"19:30:00";"PE";232;78;"GRAVATA";"Falta de Atenção à Condução";"Colisão frontal";"Com Vítimas Fatais";"Plena Noite";"Crescente";"Céu Claro";"Simples";"Reta";"Sim";4;1;0;1;2;0;1;3;-8,193437;-35,551865;"SPRF-PE";"DEL01-PE";"UOP02-DEL02PE"