"id";"data_inversa";"dia_semana";"horario";"uf";"br";"km";"municipio";"causa_acidente";"tipo_acidente";"classificacao_acidente";"fase_dia";"sentido_via";"condicao_metereologica";"tipo_pista";"tracado_via";"uso_solo";"pessoas";"mortos";"feridos_leves";"feridos_graves";"ilesos";"ignorados";"feridos";"veiculos";"latitude";"longitude";"regional";"delegacia";"uop"
114120;2018-02-26;"segunda-feira";"00:11:00";"SC";101;134;"BALNEARIO CAMBORIU";"Falta de Atenção à Condução";"Colisão com objeto estático";"Com Vítimas Feridas";"Plena Noite";"Decrescente";"Céu Claro";"Simples";"Reta";"Sim";1;0;1;0;0;0;1;1;-27,0049;-48,6266;"SPRF-SC";"DEL04-SC";"UOP03-DEL04-SC"
114121;2018-02-26;"segunda-feira";"00:15:00";"SP";116;210,8;"GUARULHOS";"Ingestão de Álcool";"Tombamento";"Com Vítimas Feridas";"Plena Noite";"Decrescente";"Nublado";"Múltipla";"Reta";"Não";2;0;2;0;0;0;2;1;-23,463257;-46,53373;"SPRF-SP";"DEL01-SP";"UOP01-DEL01-SP"
114125;2018-02-26;"segunda-feira";"01:00:00";"ES";101;270;"SERRA";"Defeito Mecânico no Veículo";"Colisão com objeto estático";"Sem Vítimas";"Plena Noite";"Crescente";"Garoa/Chuvisco";"Dupla";"Reta";"Sim";1;0;0;0;1;0;0;1;-20,1980476;-40,26741025;"SPRF-ES";"DEL02-ES";"UOP01-DEL02-ES"
114127;2018-02-25;"domingo";"21:00:00";"BA";330;761,9;"JITAUNA";"Objeto estático sobre o leito carroçável";"Colisão frontal";"Com Vítimas Fatais";"Plena Noite";"Crescente";"Céu Claro";"Simples";"Curva";"Não";3;1;0;0;2;0;0;2;-13,9903;-39,8924;"SPRF-BA";"DEL03-BA";"UOP01-DEL03-BA"
114129;2018-02-26;"segunda-feira";"01:30:00";"SC";101;125;"ITAJAI";"Falta de Atenção à Condução";"Colisão com objeto estático";"Com Vítimas Feridas";"Plena Noite";"Decrescente";"Nublado";"Simples";"Curva";"Não";1;0;1;0;0;0;1;1;-26,94111544;-48,69125366;"SPRF-SC";"DEL04-SC";"UOP04-DEL04-SC"
114130;2018-02-26;"segunda-feira";"02:30:00";"RJ";101;273;"RIO BONITO";"Condutor Dormindo";"Capotamento";"Com Vítimas Feridas";"Plena Noite";"Decrescente";"Céu Claro";"Dupla";"Reta";"Não";2;0;2;0;0;0;2;1;-22,731619;-42,710529;"SPRF-RJ";"DEL02-RJ";"UOP03-DEL02-RJ"
114131;2018-02-26;"segunda-feira";"02:30:00";"RS";116;262;"CANOAS";"Ingestão de Álcool";"Colisão com objeto estático";"Sem Vítimas";"Plena Noite";"Decrescente";"Céu Claro";"Múltipla";"Reta";"Não";1;0;0;0;1;0;0;1;-29,90375807;-51,17637634;"SPRF-RS";"DEL01-RS";"UOP01-DEL01-RS"
114134;2018-02-26;"segunda-feira";"03:55:00";"PR";476;130;"CURITIBA";"Ingestão de Álcool";"Saída de leito carroçável";"Sem Vítimas";"Plena Noite";"Crescente";"Ignorado";"Dupla";"Interseção de Vias";"Sim";1;0;0;0;1;0;0;1;-25,449564;-49,236427;"SPRF-PR";"DEL01-PR";"UOP07-DEL01-PR"
114137;2018-02-26;"segunda-feira";"03:50:00";"SP";116;132;"CACAPAVA";"Condutor Dormindo";"Colisão traseira";"Com Vítimas Feridas";"Plena Noite";"Decrescente";"Nublado";"Dupla";"Reta";"Sim";7;0;3;0;4;0;3;2;-23,131706;-45,744831;"SPRF-SP";"DEL06-SP";"UOP02-DEL02-SP"
114138;2018-02-26;"segunda-feira";"05:10:00";"MG";381;494;"BETIM";"Avarias e/ou desgaste excessivo no pneu";"Tombamento";"Com Vítimas Feridas";"Amanhecer";"Crescente";"Céu Claro";"Múltipla";"Curva";"Sim";1;0;1;0;0;0;1;1;-19,9731;-44,1843;"SPRF-MG";"DEL01-MG";"UOP03-DEL01-MG"
114140;2018-02-26;"segunda-feira";"06:00:00";"RJ";116;167,4;"RIO DE JANEIRO";"Defeito Mecânico no Veículo";"Incêndio";"Sem Vítimas";"Amanhecer";"Decrescente";"Céu Claro";"Múltipla";"Reta";"Sim";1;0;0;0;1;0;0;1;-22,818039;-43,307873;"SPRF-RJ";"DEL01-RJ";"UOP02-DEL01-RJ"
114141;2018-02-26;"segunda-feira";"06:40:00";"PB";230;512;"CACHOEIRA DOS INDIOS";"Pista Escorregadia";"Saída de leito carroçável";"Com Vítimas Feridas";"Pleno dia";"Crescente";"Chuva";"Simples";"Curva";"Não";1;0;1;0;0;0;1;1;-6,884796;-38,62239;"SPRF-PB";"DEL03-PB";"UOP03-DEL03-PB"
114144;2018-02-26;"segunda-feira";"06:30:00";"AL";316;266;"SATUBA";"Velocidade Incompatível";"Queda de ocupante de veículo";"Com Vítimas Feridas";"Pleno dia";"Crescente";"Céu Claro";"Simples";"Curva";"Sim";2;0;1;1;0;0;2;1;-9,587583;-35,878014;"SPRF-AL";"DEL02-AL";"UOP01-DEL02-AL"
114146;2018-02-26;"segunda-feira";"05:30:00";"PI";316;117,8;"ELESBAO VELOSO";"Animais na Pista";"Atropelamento de Animal";"Sem Vítimas";"Amanhecer";"Decrescente";"Chuva";"Simples";"Reta";"Não";4;0;0;0;4;0;0;1;-6,01628792;-42,31315613;"SPRF-PI";"DEL04-PI";"UOP02-DEL04-PI"
114147;2018-02-26;"segunda-feira";"07:00:00";"SP";116;220;"GUARULHOS";"Não guardar distância de segurança";"Colisão lateral";"Com Vítimas Feridas";"Amanhecer";"Crescente";"Céu Claro";"Múltipla";"Reta";"Sim";2;0;1;0;0;1;1;2;-23,46587752;-46,50169656;"SPRF-SP";"DEL01-SP";"UOP01-DEL01-SP"
114151;2018-02-26;"segunda-feira";"07:20:00";"SP";116;278,1;"EMBU DAS ARTES";"Velocidade Incompatível";"Capotamento";"Com Vítimas Feridas";"Pleno dia";"Crescente";"Nublado";"Dupla";"Reta";"Sim";1;0;1;0;0;0;1;1;-23,649368;-46,852623;"SPRF-SP";"DEL04-SP";"UOP01-DEL04-SP"
114152;2018-02-26;"segunda-feira";"07:35:00";"GO";60;97;"ANAPOLIS";"Falta de Atenção à Condução";"Colisão traseira";"Com Vítimas Feridas";"Pleno dia";"Crescente";"Nublado";"Dupla";"Reta";"Sim";2;0;1;0;1;0;1;2;-16,3774;-48,9483;"SPRF-GO";"DEL02-GO";"UOP01-DEL02-GO"
114154;2018-02-25;"domingo";"20:30:00";"MT";174;135,8;"MIRASSOL DOESTE";"Animais na Pista";"Atropelamento de Animal";"Sem Vítimas";"Plena Noite";"Decrescente";"Nublado";"Simples";"Reta";"Não";1;0;0;0;1;0;0;1;-15,82792973;-58,1678009;"SPRF-MT";"DEL03-MT";"UOP01-DEL03-MT"
114155;2018-02-26;"segunda-feira";"07:55:00";"BA";116;674,2;"JEQUIE";"Falta de Atenção à Condução";"Colisão transversal";"Com Vítimas Feridas";"Pleno dia";"Decrescente";"Céu Claro";"Simples";"Interseção de Vias";"Sim";2;0;1;0;1;0;1;2;-13,871;-40,113;"SPRF-BA";"DEL03-BA";"UOP01-DEL03-BA"
114156;2018-02-26;"segunda-feira";"08:04:00";"PR";476;152,2;"ARAUCARIA";"Falta de Atenção à Condução";"Colisão com objeto estático";"Com Vítimas Feridas";"Pleno dia";"Crescente";"Céu Claro";"Dupla";"Reta";"Sim";1;0;1;0;0;0;1;1;-25,57140133;-49,38564777;"SPRF-PR";"DEL01-PR";"UOP06-DEL01-PR"
114157;2018-02-26;"segunda-feira";"07:50:00";"PE";232;10;"RECIFE";"Falta de Atenção à Condução";"Engavetamento";"Com Vítimas Feridas";"Amanhecer";"Decrescente";"Céu Claro";"Dupla";"Interseção de Vias";"Sim";5;0;1;0;3;1;1;5;-8,0578381;-34,8828969;"SPRF-PE";"DEL01-PE";"UOP01-DEL01-PE"
114158;2018-02-26;"segunda-feira";"08:05:00";"MG";381;795;"SAO GONCALO DO SAPUCAI";"Velocidade Incompatível";"Capotamento";"Sem Vítimas";"Pleno dia";"Crescente";"Chuva";"Dupla";"Curva";"Não";1;0;0;0;1;0;0;1;-21,9151;-45,5814;"SPRF-MG";"DEL16-MG";"UOP02-DEL16-MG"
114160;2018-02-26;"segunda-feira";"08:10:00";"SP";101;45;"UBATUBA";"Falta de Atenção à Condução";"Colisão transversal";"Com Vítimas Feridas";"Pleno dia";"Crescente";"Nublado";"Simples";"Reta";"Sim";2;0;1;0;1;0;1;2;-23,417763;-45,067871;"SPRF-SP";"DEL06-SP";"UOP01-DEL06-SP"
114161;2018-02-26;"segunda-feira";"06:30:00";"CE";222;6,5;"CAUCAIA";"Falta de Atenção à Condução";"Colisão transversal";"Com Vítimas Feridas";"Pleno dia";"Crescente";"Nublado";"Dupla";"Reta";"Sim";2;0;1;0;1;0;1;2;-3,74745136;-38,62592052;"SPRF-CE";"DEL01-CE";"UOP01-DEL01-CE"
114162;2018-02-26;"segunda-feira";"08:05:00";"PE";423;93,7;"GARANHUNS";"Falta de Atenção à Condução";"Colisão transversal";"Com Vítimas Feridas";"Pleno dia";"Crescente";"Céu Claro";"Simples";"Reta";"Não";3;0;1;0;2;0;1;2;-8,873146;-36,468596;"SPRF-PE";"DEL03-PE";"UOP01-DEL03-PE"
114164;2018-02-26;"segunda-feira";"08:26:00";"PB";230;25;"JOAO PESSOA";"Falta de Atenção à Condução";"Queda de ocupante de veículo";"Com Vítimas Feridas";"Pleno dia";"Decrescente";"Céu Claro";"Múltipla";"Reta;Aclive;Viaduto";"Sim";1;0;0;1;0;0;1;1;-7,1707;-34,8684;"SPRF-PB";"DEL01-PB";"UOP01-DEL01-PB"
114165;2018-02-25;"domingo";"21:00:00";"BA";242;589;"MUQUEM DE SAO FRANCISCO";"Objeto estático sobre o leito carroçável";"Saída de leito carroçável";"Sem Vítimas";"Plena Noite";"Decrescente";"Céu Claro";"Simples";"Reta";"Não";2;0;0;0;2;0;0;1;-12,17267;-43,259295;"SPRF-BA";"DEL10-BA";"UOP03-DEL06-BA"
114168;2018-02-26;"segunda-feira";"08:30:00";"PI";343;1,1;"TERESINA";"Falta de Atenção à Condução";"Colisão lateral";"Com Vítimas Feridas";"Pleno dia";"Crescente";"Nublado";"Dupla";"Aclive";"Sim";3;0;2;0;1;0;2;3;-5,089569;-42,802288;"SPRF-PI";"DEL01-PI";"UOP01-DEL01-PI"
114169;2018-02-26;"segunda-feira";"09:20:00";"SP";116;230,2;"SAO PAULO";"Falta de Atenção à Condução";"Colisão lateral";"Com Vítimas Feridas";"Pleno dia";"Crescente";"Nublado";"Múltipla";"Reta";"Sim";2;0;1;0;1;0;1;2;-23,51868298;-46,58227801;"SPRF-SP";"DEL01-SP";"UOP01-DEL01-SP"
114170;2018-02-26;"segunda-feira";"09:20:00";"PE";101;55;"PAULISTA";"Falta de Atenção do Pedestre";"Atropelamento de Pedestre";"Com Vítimas Feridas";"Pleno dia";"Decrescente";"Céu Claro";"Dupla";"Declive";"Não";2;0;2;0;0;0;2;2;-7,9566;-34,9117;"SPRF-PE";"DEL01-PE";"UOP02-DEL01-PE"
114172;2018-02-26;"segunda-feira";"09:50:00";"PR";277;83;"CURITIBA";"Falta de Atenção à Condução";"Colisão traseira";"Com Vítimas Feridas";"Pleno dia";"Crescente";"Céu Claro";"Dupla";"Reta";"Sim";2;0;1;0;1;0;1;2;-25,428255;-49,27348;"SPRF-PR";"DEL01-PR";"UOP07-DEL01-PR"
114173;2018-01-03;"quarta-feira";"23:20:00";"MG";381;443;"SABARA";"Velocidade Incompatível";"Colisão transversal";"Com Vítimas Feridas";"Plena Noite";"Decrescente";"Chuva";"Simples";"Curva";"Não";3;0;1;0;0;2;1;2;-19,80958749;-43,76757234;"SPRF-MG";"DEL01-MG";"UOP01-DEL01-MG"
114174;2018-02-26;"segunda-feira";"10:00:00";"RJ";101;410;"ITAGUAI";"Falta de Atenção à Condução";"Tombamento";"Com Vítimas Feridas";"Pleno dia";"Crescente";"Nublado";"Dupla";"Reta";"Sim";1;0;1;0;0;0;1;1;-22,88376665;-43,82995605;"SPRF-RJ";"DEL03-RJ";"UOP01-DEL03-RJ"
114175;2018-02-26;"segunda-feira";"09:20:00";"RS";287;271;"SANTA MARIA";"Defeito Mecânico no Veículo";"Incêndio";"Sem Vítimas";"Pleno dia";"Crescente";"Céu Claro";"Simples";"Reta";"Não";1;0;0;0;1;0;0;1;-29,666454;-54,084244;"SPRF-RS";"DEL09-RS";"UOP01-DEL09-RS"
114176;2018-02-26;"segunda-feira";"10:00:00";"SC";101;24,7;"JOINVILLE";"Falta de Atenção à Condução";"Colisão traseira";"Com Vítimas Feridas";"Pleno dia";"Crescente";"Céu Claro";"Dupla";"Viaduto";"Sim";5;0;3;0;2;0;3;3;-26,17754946;-48,90840323;"SPRF-SC";"DEL03-SC";"UOP01-DEL03-SC"
114178;2018-02-26;"segunda-feira";"09:55:00";"PA";316;11;"MARITUBA";"Falta de Atenção à Condução";"Atropelamento de Pedestre";"Com Vítimas Feridas";"Pleno dia";"Decrescente";"Céu Claro";"Simples";"Reta";"Sim";3;0;2;0;1;0;2;3;-1,3556564;-48,34232;"SPRF-PA";"DEL01-PA";"DEL19/1-UOP05/PA"
114180;2018-02-26;"segunda-feira";"09:55:00";"MG";116;526,2;"CARATINGA";"Falta de Atenção à Condução";"Colisão transversal";"Com Vítimas Feridas";"Pleno dia";"Decrescente";"Garoa/Chuvisco";"Simples";"Reta";"Sim";2;0;1;0;1;0;1;2;-19,7902;-42,139526;"SPRF-MG";"DEL06-MG";"UOP02-DEL06-MG"
114181;2018-02-26;"segunda-feira";"10:00:00";"PA";222;242,1;"MARABA";"Falta de Atenção à Condução";"Colisão lateral";"Sem Vítimas";"Pleno dia";"Crescente";"Sol";"Simples";"Reta";"Sim";2;0;0;0;2;0;0;2;-5,323977;-49,085155;"SPRF-PA";"DEL03-PA";"UOP01-DEL03-PA"
114182;2018-02-26;"segunda-feira";"10:15:00";"BA";101;878;"TEIXEIRA DE FREITAS";"Falta de Atenção à Condução";"Colisão transversal";"Com Vítimas Feridas";"Pleno dia";"Crescente";"Sol";"Simples";"Reta";"Sim";4;0;2;0;1;1;2;3;-17,5466;-39,7192;"SPRF-BA";"DEL09-BA";"UOP02-DEL09-BA"
114183;2018-02-26;"segunda-feira";"10:43:00";"GO";153;538;"HIDROLANDIA";"Falta de Atenção à Condução";"Capotamento";"Com Vítimas Feridas";"Pleno dia";"Decrescente";"Céu Claro";"Dupla";"Reta";"Não";2;0;1;0;1;0;1;1;-17,0365;-49,2243;"SPRF-GO";"DEL01-GO";"UOP03-DEL01-GO"
114187;2018-01-08;"segunda-feira";"20:40:00";"GO";60;117,4;"TEREZOPOLIS DE GOIAS";"Velocidade Incompatível";"Colisão com objeto estático";"Com Vítimas Feridas";"Plena Noite";"Crescente";"Chuva";"Dupla";"Reta;Declive";"Sim";1;0;1;0;0;0;1;1;-16,4812588;-49,08923856;"SPRF-GO";"DEL01-GO";"UOP01-DEL01-GO"
114188;2018-02-26;"segunda-feira";"11:10:00";"PA";163;1003;"SANTAREM";"Falta de Atenção à Condução";"Colisão transversal";"Com Vítimas Feridas";"Pleno dia";"Decrescente";"Nublado";"Simples";"Reta";"Não";2;0;2;0;0;0;2;2;-2,44418568;-54,73102273;"SPRF-PA";"DEL05-PA";"UOP01-DEL05-PA"
114189;2018-02-26;"segunda-feira";"11:10:00";"ES";101;147,1;"LINHARES";"Falta de Atenção à Condução";"Colisão lateral";"Com Vítimas Feridas";"Pleno dia";"Crescente";"Sol";"Simples";"Reta";"Sim";2;0;1;0;1;0;1;2;-19,39378453;-40,0658083;"SPRF-ES";"DEL04-ES";"UOP01-DEL04-ES"
114191;2018-02-26;"segunda-feira";"11:15:00";"BA";324;552,4;"AMELIA RODRIGUES";"Falta de Atenção à Condução";"Saída de leito carroçável";"Com Vítimas Feridas";"Pleno dia";"Decrescente";"Nublado";"Dupla";"Reta";"Não";4;0;2;0;2;0;2;1;-12,4599472;-38,697282;"SPRF-BA";"DEL01-BA";"UOP01-DEL01-BA"
114193;2018-01-05;"sexta-feira";"11:45:00";"PR";376;156;"MANDAGUACU";"Sinalização da via insuficiente ou inadequada";"Queda de ocupante de veículo";"Com Vítimas Feridas";"Pleno dia";"Crescente";"Chuva";"Simples";"Em Obras";"Sim";1;0;1;0;0;0;1;1;-23,35612494;-52,08869219;"SPRF-PR";"DEL07-PR";"UOP01-DEL09-PR"
114194;2018-02-26;"segunda-feira";"08:20:00";"SC";282;42,1;"AGUAS MORNAS";"Velocidade Incompatível";"Saída de leito carroçável";"Com Vítimas Feridas";"Pleno dia";"Decrescente";"Sol";"Simples";"Reta";"Não";2;0;1;0;1;0;1;2;-27,72058642;-48,88847237;"SPRF-SC";"DEL01-SC";"UOP03-DEL01-SC"
114195;2018-02-26;"segunda-feira";"11:40:00";"PR";116;117;"CURITIBA";"Não guardar distância de segurança";"Colisão traseira";"Sem Vítimas";"Pleno dia";"Decrescente";"Céu Claro";"Dupla";"Curva";"Não";2;0;0;0;2;0;0;2;-25,4289541;-49,267137;"SPRF-PR";"DEL01-PR";"UOP03-DEL01-PR"
114197;2018-02-26;"segunda-feira";"11:00:00";"MS";163;478;"CAMPO GRANDE";"Pista Escorregadia";"Tombamento";"Com Vítimas Feridas";"Pleno dia";"Decrescente";"Chuva";"Simples";"Reta";"Sim";2;0;1;0;1;0;1;1;-20,49646;-54,559055;"SPRF-MS";"DEL01-MS";"UOP01-DEL01-MS"
114200;2018-02-26;"segunda-feira";"12:20:00";"BA";324;470;"TANQUINHO";"Falta de Atenção à Condução";"Colisão traseira";"Com Vítimas Feridas";"Pleno dia";"Crescente";"Sol";"Simples";"Aclive";"Não";2;0;1;0;1;0;1;2;-11,979055;-39,10421;"SPRF-BA";"DEL02-BA";"UOP01-DEL02-BA"
114201;2018-02-26;"segunda-feira";"12:00:00";"PR";277;81,5;"CURITIBA";"Falta de Atenção à Condução";"Saída de leito carroçável";"Sem Vítimas";"Pleno dia";"Crescente";"Céu Claro";"Dupla";"Reta";"Sim";1;0;0;0;1;0;0;1;-25,46396695;-49,21733379;"SPRF-PR";"DEL01-PR";"UOP07-DEL01-PR"
114202;2018-02-26;"segunda-feira";"12:20:00";"PR";376;176;"MARINGA";"Falta de Atenção à Condução";"Colisão lateral";"Com Vítimas Feridas";"Pleno dia";"Decrescente";"Sol";"Dupla";"Reta";"Sim";3;0;0;1;2;0;1;3;-23,411356;-51,940777;"SPRF-PR";"DEL07-PR";"UOP01-DEL09-PR"
114203;2018-02-26;"segunda-feira";"10:40:00";"SC";470;149;"AGRONOMICA";"Defeito Mecânico no Veículo";"Tombamento";"Com Vítimas Feridas";"Pleno dia";"Crescente";"Céu Claro";"Simples";"Reta";"Não";1;0;1;0;0;0;1;1;-27,252104;-49,702129;"SPRF-SC";"DEL04-SC";"UOP02-DEL04-SC"
114205;2018-02-24;"sábado";"05:50:00";"BA";242;389;"SEABRA";"Falta de Atenção à Condução";"Colisão transversal";"Com Vítimas Feridas";"Amanhecer";"Decrescente";"Sol";"Simples";"Reta";"Sim";2;0;2;0;0;0;2;2;-12,44007;-41,75404;"SPRF-BA";"DEL10-BA";"UOP03-DEL06-BA"
114206;2018-02-26;"segunda-feira";"10:00:00";"MG";40;532;"BELO HORIZONTE";"Não guardar distância de segurança";"Colisão lateral";"Com Vítimas Feridas";"Pleno dia";"Crescente";"Nublado";"Dupla";"Reta";"Sim";2;0;1;0;1;0;1;2;-19,92324594;-44,01955605;"SPRF-MG";"DEL01-MG";"UOP03-DEL01-MG"
114207;2018-02-26;"segunda-feira";"13:15:00";"PR";376;212,3;"MANDAGUARI";"Defeito Mecânico no Veículo";"Saída de leito carroçável";"Com Vítimas Feridas";"Pleno dia";"Crescente";"Céu Claro";"Dupla";"Reta";"Não";5;0;3;0;2;0;3;1;-23,547966;-51,671265;"SPRF-PR";"DEL07-PR";"UOP01-DEL09-PR"
114211;2018-02-26;"segunda-feira";"13:15:00";"MG";381;908,2;"CAMBUI";"Velocidade Incompatível";"Colisão com objeto estático";"Com Vítimas Feridas";"Pleno dia";"Decrescente";"Nublado";"Dupla";"Curva";"Não";2;0;1;0;1;0;1;1;-22,68476157;-46,10238078;"SPRF-MG";"DEL16-MG";"UOP03-DEL16-MG"
114222;2018-02-26;"segunda-feira";"13:00:00";"BA";330;729,4;"JEQUIE";"Velocidade Incompatível";"Saída de leito carroçável";"Com Vítimas Feridas";"Pleno dia";"Decrescente";"Céu Claro";"Simples";"Curva";"Não";2;0;1;1;0;0;2;1;-13,890638;-40,025022;"SPRF-BA";"DEL03-BA";"UOP01-DEL03-BA"
114223;2018-02-26;"segunda-feira";"13:20:00";"RS";287;249,2;"SANTA MARIA";"Desobediência às normas de trânsito pelo condutor";"Colisão transversal";"Com Vítimas Feridas";"Pleno dia";"Crescente";"Céu Claro";"Simples";"Interseção de Vias;Em Obras";"Sim";2;0;1;0;1;0;1;2;-29,69335821;-53,86292898;"SPRF-RS";"DEL09-RS";"UOP01-DEL09-RS"
114230;2018-02-26;"segunda-feira";"13:00:00";"RN";110;63,3;"MOSSORO";"Avarias e/ou desgaste excessivo no pneu";"Saída de leito carroçável";"Com Vítimas Feridas";"Pleno dia";"Crescente";"Sol";"Simples";"Reta";"Não";4;0;3;0;0;1;3;2;-5,226844;-37,33197;"SPRF-RN";"DEL04-RN";"UOP01-DEL04-RN"
114238;2018-02-26;"segunda-feira";"13:10:00";"RJ";393;236,4;"VASSOURAS";"Falta de Atenção à Condução";"Tombamento";"Com Vítimas Feridas";"Pleno dia";"Crescente";"Chuva";"Simples";"Interseção de Vias";"Sim";1;0;0;1;0;0;1;1;-22,41737623;-43,68026733;"SPRF-RJ";"DEL05-RJ";"UOP03-DEL05-RJ"
114240;2018-02-26;"segunda-feira";"12:40:00";"PE";116;25;"SALGUEIRO";"Falta de Atenção à Condução";"Colisão lateral";"Com Vítimas Feridas";"Pleno dia";"Crescente";"Céu Claro";"Simples";"Reta";"Sim";4;0;2;1;1;0;3;2;-8,061417;-39,135975;"SPRF-PE";"DEL05-PE";"UOP01-DEL05-PE"
114246;2018-02-26;"segunda-feira";"14:00:00";"SC";282;343,4;"CAMPOS NOVOS";"Falta de Atenção à Condução";"Colisão lateral";"Com Vítimas Feridas";"Pleno dia";"Crescente";"Céu Claro";"Simples";"Reta";"Sim";3;0;2;0;1;0;2;2;-27,38862433;-51,22935265;"SPRF-SC";"DEL07-SC";"UOP06-DEL07-SC"
114247;2018-02-26;"segunda-feira";"06:50:00";"ES";101;258;"SERRA";"Falta de Atenção à Condução";"Colisão lateral";"Com Vítimas Feridas";"Pleno dia";"Decrescente";"Sol";"Dupla";"Reta";"Sim";2;0;1;0;1;0;1;2;-20,13112699;-40,29559851;"SPRF-ES";"DEL02-ES";"UOP01-DEL02-ES"
114248;2018-02-26;"segunda-feira";"14:15:00";"MG";153;133;"PRATA";"Velocidade Incompatível";"Saída de leito carroçável";"Com Vítimas Feridas";"Pleno dia";"Decrescente";"Chuva";"Simples";"Reta";"Não";3;0;1;2;0;0;3;1;-19,48775128;-48,86047527;"SPRF-MG";"DEL15-MG";"UOP03-DEL15-MG"
114250;2018-02-26;"segunda-feira";"14:30:00";"ES";101;270,8;"SERRA";"Falta de Atenção à Condução";"Colisão com objeto estático";"Com Vítimas Feridas";"Pleno dia";"Crescente";"Céu Claro";"Dupla";"Curva";"Sim";1;0;0;1;0;0;1;1;-20,129093;-40,308125;"SPRF-ES";"DEL02-ES";"UOP01-DEL02-ES"
114251;2018-02-26;"segunda-feira";"14:40:00";"RS";101;63,8;"MAQUINE";"Condutor Dormindo";"Saída de leito carroçável";"Sem Vítimas";"Pleno dia";"Crescente";"Nublado";"Dupla";"Reta";"Não";1;0;0;0;1;0;0;1;-29,6781;-50,2066;"SPRF-RS";"DEL03-RS";"UOP01-DEL03-RS"
114254;2018-02-26;"segunda-feira";"15:15:00";"MG";381;532,1;"ITATIAIUCU";"Velocidade Incompatível";"Capotamento";"Sem Vítimas";"Pleno dia";"Crescente";"Nublado";"Dupla";"Curva";"Não";1;0;0;0;1;0;0;1;-20,17025067;-44,37228064;"SPRF-MG";"DEL04-MG";"UOP03-DEL04-MG"
114255;2018-02-26;"segunda-feira";"15:00:00";"PR";272;363,1;"CAMPO MOURAO";"Falta de Atenção à Condução";"Tombamento";"Com Vítimas Feridas";"Pleno dia";"Crescente";"Céu Claro";"Simples";"Declive";"Não";1;0;1;0;0;0;1;1;-24,034185;-52,419201;"SPRF-PR";"DEL04-PR";"UOP03-DEL09-PR"
114256;2018-02-26;"segunda-feira";"15:00:00";"MG";381;330;"NOVA ERA";"Velocidade Incompatível";"Capotamento";"Sem Vítimas";"Pleno dia";"Crescente";"Chuva";"Dupla";"Curva";"Sim";1;0;0;0;1;0;0;1;-19,7744576;-43,05953979;"SPRF-MG";"DEL03-MG";"UOP01-DEL03-MG"
114258;2018-02-26;"segunda-feira";"15:15:00";"PR";277;118;"PARANAGUA";"Ingestão de Álcool";"Saída de leito carroçável";"Com Vítimas Feridas";"Pleno dia";"Decrescente";"Céu Claro";"Dupla";"Curva";"Sim";1;0;1;0;0;0;1;1;-25,55978725;-48,58154297;"SPRF-PR";"DEL01-PR";"UOP06-DEL01-PR"
114259;2018-02-26;"segunda-feira";"13:30:00";"RJ";393;234,3;"VASSOURAS";"Não guardar distância de segurança";"Colisão lateral";"Com Vítimas Feridas";"Pleno dia";"Decrescente";"Chuva";"Simples";"Interseção de Vias";"Sim";3;0;2;0;1;0;2;2;-22,404371;-43,662876;"SPRF-RJ";"DEL05-RJ";"UOP03-DEL05-RJ"
114261;2018-02-26;"segunda-feira";"15:30:00";"RS";290;490;"ROSARIO DO SUL";"Falta de Atenção à Condução";"Saída de leito carroçável";"Com Vítimas Feridas";"Pleno dia";"Decrescente";"Céu Claro";"Simples";"Reta";"Não";4;0;2;0;2;0;2;1;-30,24245917;-54,95979309;"SPRF-RS";"DEL11-RS";"UOP02-DEL11-RS"
114262;2018-02-26;"segunda-feira";"15:20:00";"PR";376;263,3;"CALIFORNIA";"Ingestão de Álcool";"Saída de leito carroçável";"Com Vítimas Feridas";"Pleno dia";"Crescente";"Céu Claro";"Simples";"Curva";"Não";1;0;0;1;0;0;1;1;-23,70260067;-51,33223322;"SPRF-PR";"DEL07-PR";"UOP03-DEL07-PR"
114263;2018-02-26;"segunda-feira";"15:40:00";"MG";381;544;"ITATIAIUCU";"Pista Escorregadia";"Colisão com objeto estático";"Sem Vítimas";"Pleno dia";"Decrescente";"Chuva";"Dupla";"Curva";"Não";1;0;0;0;1;0;0;1;-20,2605;-44,4207;"SPRF-MG";"DEL04-MG";"UOP03-DEL04-MG"
114266;2018-02-26;"segunda-feira";"08:00:00";"MG";381;767,8;"CAMPANHA";"Velocidade Incompatível";"Saída de leito carroçável";"Com Vítimas Feridas";"Pleno dia";"Decrescente";"Chuva";"Dupla";"Reta";"Não";2;0;1;1;0;0;2;1;-21,7494426;-45,38960464;"SPRF-MG";"DEL16-MG";"UOP02-DEL16-MG"
114268;2018-02-26;"segunda-feira";"15:45:00";"MG";381;729,4;"CARMO DA CACHOEIRA";"Velocidade Incompatível";"Capotamento";"Sem Vítimas";"Pleno dia";"Crescente";"Chuva";"Dupla";"Curva";"Não";1;0;0;0;1;0;0;1;-21,50008234;-45,21320144;"SPRF-MG";"DEL04-MG";"UOP02-DEL04-MG"
114271;2018-02-26;"segunda-feira";"14:00:00";"PR";373;460;"CORONEL VIVIDA";"Falta de Atenção à Condução";"Capotamento";"Sem Vítimas";"Pleno dia";"Crescente";"Céu Claro";"Simples";"Reta";"Não";2;0;0;0;2;0;0;1;-25,94199188;-52,40203857;"SPRF-PR";"DEL02-PR";"UOP01-DEL02-PR"