"id";"data_inversa";"dia_semana";"horario";"uf";"br";"km";"municipio";"causa_acidente";"tipo_acidente";"classificacao_acidente";"fase_dia";"sentido_via";"condicao_metereologica";"tipo_pista";"tracado_via";"uso_solo";"pessoas";"mortos";"feridos_leves";"feridos_graves";"ilesos";"ignorados";"feridos";"veiculos";"latitude";"longitude";"regional";"delegacia";"uop"
114273;2018-02-26;"segunda-feira";"15:20:00";"MG";40;804;"MATIAS BARBOSA";"Velocidade Incompatível";"Colisão com objeto estático";"Com Vítimas Feridas";"Pleno dia";"Crescente";"Chuva";"Dupla";"Curva;Declive";"Não";1;0;1;0;0;0;1;1;-21,865;-43,3683;"SPRF-MG";"DEL05-MG";"UOP01-DEL05-MG"
114274;2018-02-26;"segunda-feira";"13:20:00";"MG";381;737,2;"TRES CORACOES";"Velocidade Incompatível";"Saída de leito carroçável";"Sem Vítimas";"Pleno dia";"Crescente";"Chuva";"Dupla";"Curva";"Não";1;0;0;0;1;0;0;1;-21,56390167;-45,24405984;"SPRF-MG";"DEL16-MG";"UOP02-DEL16-MG"
114275;2018-02-26;"segunda-feira";"08:50:00";"MG";381;794,8;"SAO GONCALO DO SAPUCAI";"Velocidade Incompatível";"Saída de leito carroçável";"Com Vítimas Feridas";"Pleno dia";"Decrescente";"Chuva";"Dupla";"Curva";"Não";3;0;2;0;1;0;2;1;-21,9097405;-45,56604364;"SPRF-MG";"DEL16-MG";"UOP02-DEL16-MG"
114276;2018-02-26;"segunda-feira";"07:00:00";"MT";364;260;"JUSCIMEIRA";"Falta de Atenção à Condução";"Saída de leito carroçável";"Com Vítimas Feridas";"Pleno dia";"Decrescente";"Nublado";"Simples";"Reta";"Não";2;0;1;0;1;0;1;1;-16,040104;-54,890747;"SPRF-MT";"DEL02-MT";"UOP02-DEL05-MT"
114277;2018-02-26;"segunda-feira";"15:30:00";"PI";343;2,4;"TERESINA";"Falta de Atenção à Condução";"Colisão lateral";"Com Vítimas Feridas";"Pleno dia";"Crescente";"Nublado";"Dupla";"Reta";"Sim";3;0;2;0;1;0;2;2;-5,0446853;-42,7662325;"SPRF-PI";"DEL01-PI";"UOP01-DEL01-PI"
114278;2018-02-26;"segunda-feira";"16:10:00";"PR";277;726,4;"FOZ DO IGUACU";"Falta de Atenção à Condução";"Colisão lateral";"Sem Vítimas";"Pleno dia";"Decrescente";"Céu Claro";"Dupla";"Rotatória";"Sim";2;0;0;0;2;0;0;2;-25,51015742;-54,55872052;"SPRF-PR";"DEL05-PR";"UOP03-DEL05-PR"
114284;2018-01-29;"segunda-feira";"01:30:00";"CE";116;353,2;"JAGUARIBE";"Animais na Pista";"Saída de leito carroçável";"Sem Vítimas";"Amanhecer";"Crescente";"Céu Claro";"Simples";"Reta";"Não";1;0;0;0;1;0;0;1;-5,890965;-38,622257;"SPRF-CE";"DEL05-CE";"UOP02-DEL05-CE"
114291;2018-02-26;"segunda-feira";"16:40:00";"SC";101;203,9;"SAO JOSE";"Desobediência às normas de trânsito pelo condutor";"Colisão transversal";"Com Vítimas Feridas";"Pleno dia";"Crescente";"Céu Claro";"Dupla";"Viaduto";"Sim";2;0;1;0;1;0;1;2;-27,5743049;-48,6130559;"SPRF-SC";"DEL01-SC";"UOP01-DEL01-SC"
114292;2018-02-26;"segunda-feira";"16:45:00";"MG";381;815,5;"CAREACU";"Velocidade Incompatível";"Capotamento";"Sem Vítimas";"Pleno dia";"Decrescente";"Chuva";"Dupla";"Curva";"Não";1;0;0;0;1;0;0;1;-22,03475289;-45,6796542;"SPRF-MG";"DEL16-MG";"UOP02-DEL16-MG"
114298;2018-01-01;"segunda-feira";"21:15:00";"RS";285;73;"BOM JESUS";"Falta de Atenção à Condução";"Colisão lateral";"Com Vítimas Feridas";"Plena Noite";"Crescente";"Chuva";"Simples";"Reta";"Não";3;0;1;0;2;0;1;2;-28,63575071;-50,5357495;"SPRF-RS";"DEL05-RS";"UOP03-DEL05-RS"
114300;2018-02-26;"segunda-feira";"16:45:00";"MG";459;16,4;"CALDAS";"Mal Súbito";"Saída de leito carroçável";"Sem Vítimas";"Pleno dia";"Decrescente";"Chuva";"Simples";"Reta";"Não";1;0;0;0;1;0;0;1;-21,84835104;-46,43801717;"SPRF-MG";"DEL09-MG";"UOP01-DEL09-MG"
114301;2018-02-26;"segunda-feira";"17:00:00";"SC";101;122,7;"ITAJAI";"Falta de Atenção à Condução";"Tombamento";"Com Vítimas Feridas";"Pleno dia";"Crescente";"Céu Claro";"Dupla";"Curva";"Sim";1;0;1;0;0;0;1;1;-26,93203733;-48,70340109;"SPRF-SC";"DEL04-SC";"UOP04-DEL04-SC"
114304;2018-02-26;"segunda-feira";"14:00:00";"RO";319;56;"PORTO VELHO";"Falta de Atenção à Condução";"Colisão transversal";"Com Vítimas Feridas";"Pleno dia";"Decrescente";"Sol";"Simples";"Reta";"Não";3;0;2;1;0;0;3;2;-8,73923661;-63,92995298;"SPRF-RO";"DEL01-RO";"UOP01-DEL01-RO"
114305;2018-02-26;"segunda-feira";"16:50:00";"RJ";116;90;"TERESOPOLIS";"Pista Escorregadia";"Colisão lateral";"Com Vítimas Feridas";"Pleno dia";"Decrescente";"Chuva";"Simples";"Curva";"Não";4;0;3;0;1;0;3;2;-22,46307114;-42,9675293;"SPRF-RJ";"DEL04-RJ";"UOP02-DEL04-RJ"
114306;2018-02-26;"segunda-feira";"17:35:00";"SE";101;85;"NOSSA SENHORA DO SOCORRO";"Ingestão de Álcool";"Colisão lateral";"Com Vítimas Feridas";"Pleno dia";"Crescente";"Céu Claro";"Dupla";"Reta";"Não";3;0;1;0;2;0;1;3;-10,8571;-37,1357;"SPRF-SE";"DEL01-SE";"UOP01-DEL01-SE"
114307;2018-02-26;"segunda-feira";"16:55:00";"SP";116;336;"JUQUITIBA";"Velocidade Incompatível";"Saída de leito carroçável";"Sem Vítimas";"Pleno dia";"Decrescente";"Sol";"Dupla";"Curva";"Não";1;0;0;0;1;0;0;1;-23,94162468;-47,09218204;"SPRF-SP";"DEL04-SP";"UOP03-DEL04-SP"
114308;2018-02-26;"segunda-feira";"17:30:00";"CE";20;16,5;"MARACANAU";"Desobediência às normas de trânsito pelo condutor";"Colisão frontal";"Com Vítimas Feridas";"Anoitecer";"Crescente";"Céu Claro";"Simples";"Em Obras";"Sim";2;0;0;1;1;0;1;2;-3,84233163;-38,59222412;"SPRF-CE";"DEL02-CE";"UOP02-DEL02-CE"
114309;2018-02-26;"segunda-feira";"17:00:00";"BA";415;27;"ILHEUS";"Falta de Atenção à Condução";"Colisão transversal";"Com Vítimas Feridas";"Pleno dia";"Crescente";"Sol";"Simples";"Reta";"Não";2;0;0;1;1;0;1;2;-14,7972;-39,0344;"SPRF-BA";"DEL05-BA";"UOP01-DEL05-BA"
114311;2018-02-26;"segunda-feira";"17:40:00";"DF";20;6,7;"BRASILIA";"Falta de Atenção à Condução";"Colisão transversal";"Com Vítimas Feridas";"Pleno dia";"Crescente";"Céu Claro";"Dupla";"Retorno Regulamentado";"Sim";2;0;1;0;1;0;1;2;-15,66336042;-47,802059;"SPRF-DF";"DEL02-DF";"UOP01-DEL02-DF"
114312;2018-02-26;"segunda-feira";"17:10:00";"RS";470;169,9;"VILA FLORES";"Falta de Atenção à Condução";"Colisão transversal";"Com Vítimas Feridas";"Pleno dia";"Decrescente";"Chuva";"Simples";"Interseção de Vias";"Sim";2;0;1;0;1;0;1;2;-28,87547484;-51,5492329;"SPRF-RS";"DEL06-RS";"UOP02-DEL06-RS"
114313;2018-02-26;"segunda-feira";"17:40:00";"RS";290;21,1;"SANTO ANTONIO DA PATRULHA";"Condutor Dormindo";"Saída de leito carroçável";"Com Vítimas Feridas";"Pleno dia";"Decrescente";"Céu Claro";"Múltipla";"Reta";"Não";4;0;4;0;0;0;4;1;-29,8898526;-50,46562832;"SPRF-RS";"DEL03-RS";"UOP02-DEL03-RS"
114317;2018-02-26;"segunda-feira";"17:30:00";"RS";386;391,4;"TRIUNFO";"Desobediência às normas de trânsito pelo condutor";"Colisão transversal";"Sem Vítimas";"Pleno dia";"Decrescente";"Sol";"Dupla";"Interseção de Vias";"Não";2;0;0;0;2;0;0;2;-29,70713935;-51,65496826;"SPRF-RS";"DEL04-RS";"UOP02-DEL04-RS"
114319;2018-02-26;"segunda-feira";"18:15:00";"PR";376;369,3;"ORTIGUEIRA";"Velocidade Incompatível";"Queda de ocupante de veículo";"Com Vítimas Feridas";"Anoitecer";"Decrescente";"Céu Claro";"Simples";"Reta";"Não";1;0;1;0;0;0;1;1;-24,208803;-50,949875;"SPRF-PR";"DEL03-PR";"UOP02-DEL03-PR"
114320;2018-02-26;"segunda-feira";"17:00:00";"MG";40;796;"JUIZ DE FORA";"Velocidade Incompatível";"Colisão com objeto estático";"Sem Vítimas";"Pleno dia";"Crescente";"Chuva";"Dupla";"Curva";"Não";2;0;0;0;2;0;0;2;-21,8108;-43,3926;"SPRF-MG";"DEL05-MG";"UOP01-DEL05-MG"
114321;2018-02-26;"segunda-feira";"18:40:00";"SC";470;69;"INDAIAL";"Falta de Atenção à Condução";"Colisão transversal";"Com Vítimas Feridas";"Anoitecer";"Crescente";"Céu Claro";"Simples";"Reta";"Sim";2;0;1;0;1;0;1;2;-26,87139659;-49,22985166;"SPRF-SC";"DEL04-SC";"UOP01-DEL04-SC"
114323;2018-02-26;"segunda-feira";"17:10:00";"MG";40;643;"CONSELHEIRO LAFAIETE";"Velocidade Incompatível";"Saída de leito carroçável";"Sem Vítimas";"Anoitecer";"Decrescente";"Chuva";"Simples";"Curva";"Não";1;0;0;0;1;0;0;1;-20,7711017;-43,80628824;"SPRF-MG";"DEL05-MG";"UOP02-DEL05-MG"
114324;2018-02-26;"segunda-feira";"15:45:00";"RJ";101;475;"ANGRA DOS REIS";"Pista Escorregadia";"Saída de leito carroçável";"Com Vítimas Feridas";"Pleno dia";"Crescente";"Chuva";"Simples";"Curva";"Sim";2;0;1;1;0;0;2;1;-22,99758746;-44,26687717;"SPRF-RJ";"DEL03-RJ";"UOP03-DEL03-RJ"
114325;2018-02-26;"segunda-feira";"18:10:00";"SP";116;222,7;"GUARULHOS";"Pista Escorregadia";"Colisão com objeto estático";"Sem Vítimas";"Plena Noite";"Crescente";"Chuva";"Múltipla";"Reta";"Sim";1;0;0;0;1;0;0;1;-23,47371064;-46,52215858;"SPRF-SP";"DEL01-SP";"UOP01-DEL01-SP"
114326;2018-02-26;"segunda-feira";"18:00:00";"PB";230;18,9;"JOAO PESSOA";"Falta de Atenção à Condução";"Engavetamento";"Sem Vítimas";"Plena Noite";"Crescente";"Céu Claro";"Dupla";"Reta";"Sim";3;0;0;0;3;0;0;3;-7,1302226;-34,8513564;"SPRF-PB";"DEL01-PB";"UOP01-DEL01-PB"
114328;2018-02-26;"segunda-feira";"18:40:00";"GO";153;499,9;"GOIANIA";"Falta de Atenção à Condução";"Colisão lateral";"Com Vítimas Feridas";"Anoitecer";"Crescente";"Nublado";"Dupla";"Reta";"Sim";2;0;1;0;1;0;1;2;-16,69484222;-49,23199976;"SPRF-GO";"DEL01-GO";"UOP01-DEL01-GO"
114330;2018-02-26;"segunda-feira";"19:00:00";"RJ";116;228;"PIRAI";"Falta de Atenção à Condução";"Colisão lateral";"Sem Vítimas";"Plena Noite";"Decrescente";"Chuva";"Dupla";"Curva";"Não";1;0;0;0;1;0;0;1;-22,6663924;-43,8434267;"SPRF-RJ";"DEL07-RJ";"UOP01-DEL07-RJ"
114333;2018-02-26;"segunda-feira";"17:20:00";"ES";101;264,3;"SERRA";"Desobediência às normas de trânsito pelo condutor";"Colisão transversal";"Com Vítimas Feridas";"Anoitecer";"Crescente";"Nublado";"Múltipla";"Interseção de Vias";"Sim";2;0;1;0;1;0;1;2;-20,17697539;-40,26590377;"SPRF-ES";"DEL02-ES";"UOP01-DEL02-ES"
114334;2018-02-26;"segunda-feira";"18:35:00";"SP";116;217,6;"GUARULHOS";"Falta de Atenção à Condução";"Tombamento";"Com Vítimas Feridas";"Plena Noite";"Crescente";"Chuva";"Múltipla";"Reta";"Sim";1;0;1;0;0;0;1;1;-23,457814;-46,480988;"SPRF-SP";"DEL01-SP";"UOP01-DEL01-SP"
114339;2018-02-26;"segunda-feira";"19:40:00";"MG";153;242,5;"FRONTEIRA";"Ingestão de Álcool";"Colisão transversal";"Com Vítimas Fatais";"Plena Noite";"Decrescente";"Nublado";"Simples";"Reta";"Não";6;1;0;0;2;3;0;3;-20,26824;-49,199852;"SPRF-MG";"DEL13-MG";"UOP02-DEL13-MG"
114340;2018-02-26;"segunda-feira";"18:30:00";"SC";282;0,5;"FLORIANOPOLIS";"Falta de Atenção do Pedestre";"Atropelamento de Pedestre";"Com Vítimas Feridas";"Plena Noite";"Crescente";"Céu Claro";"Dupla";"Reta";"Não";2;0;1;1;0;0;2;2;-27,599;-48,575;"SPRF-SC";"DEL01-SC";"UOP01-DEL01-SC"
114342;2018-02-26;"segunda-feira";"07:30:00";"MG";381;513;"IGARAPE";"Fenômenos da Natureza";"Colisão com objeto em movimento";"Com Vítimas Feridas";"Pleno dia";"Decrescente";"Céu Claro";"Dupla";"Reta";"Sim";2;0;0;1;1;0;1;1;-20,0831;-44,3086;"SPRF-MG";"DEL01-MG";"UOP03-DEL01-MG"
114343;2018-02-26;"segunda-feira";"18:40:00";"MT";163;821;"SINOP";"Falta de Atenção à Condução";"Colisão transversal";"Com Vítimas Feridas";"Plena Noite";"Crescente";"Nublado";"Simples";"Reta";"Sim";2;0;1;0;1;0;1;2;-11,864589;-55,502926;"SPRF-MT";"DEL06-MT";"UOP01-DEL06-MT"
114344;2018-02-26;"segunda-feira";"15:00:00";"MT";163;835;"SINOP";"Falta de Atenção à Condução";"Queda de ocupante de veículo";"Com Vítimas Feridas";"Pleno dia";"Decrescente";"Céu Claro";"Dupla";"Reta";"Sim";1;0;1;0;0;0;1;1;-11,85622119;-55,49396038;"SPRF-MT";"DEL06-MT";"UOP01-DEL06-MT"
114346;2018-02-26;"segunda-feira";"19:25:00";"TO";226;13,1;"PALMEIRAS DO TOCANTINS";"Animais na Pista";"Atropelamento de Animal";"Com Vítimas Feridas";"Plena Noite";"Decrescente";"Céu Claro";"Simples";"Reta";"Não";1;0;1;0;0;0;1;1;-6,61880948;-47,55403571;"SPRF-TO";"DEL02-TO";"UOP03-DEL02-TO"
114347;2018-02-26;"segunda-feira";"20:20:00";"MG";381;912,9;"CAMANDUCAIA";"Velocidade Incompatível";"Saída de leito carroçável";"Sem Vítimas";"Plena Noite";"Decrescente";"Chuva";"Dupla";"Curva";"Não";2;0;0;0;2;0;0;1;-22,7206;-46,1292;"SPRF-MG";"DEL16-MG";"UOP03-DEL16-MG"
114348;2018-02-26;"segunda-feira";"19:00:00";"SP";116;155;"SAO JOSE DOS CAMPOS";"Não guardar distância de segurança";"Colisão traseira";"Sem Vítimas";"Plena Noite";"Crescente";"Chuva";"Dupla";"Declive";"Sim";1;0;0;0;1;0;0;1;-23,243651;-45,925969;"SPRF-SP";"DEL02-SP";"UOP01-DEL02-SP"
114351;2018-02-26;"segunda-feira";"19:00:00";"SP";116;154,7;"SAO JOSE DOS CAMPOS";"Não guardar distância de segurança";"Colisão lateral";"Sem Vítimas";"Plena Noite";"Crescente";"Chuva";"Dupla";"Declive";"Sim";3;0;0;0;3;0;0;3;-23,242429;-45,924513;"SPRF-SP";"DEL02-SP";"UOP01-DEL02-SP"
114352;2018-02-26;"segunda-feira";"19:07:00";"RJ";101;331;"RIO DE JANEIRO";"Falta de Atenção à Condução";"Colisão traseira";"Com Vítimas Feridas";"Plena Noite";"Decrescente";"Nublado";"Dupla";"Reta";"Sim";2;0;1;0;1;0;1;2;-22,86858331;-43,19892883;"SPRF-RJ";"DEL02-RJ";"UOP02-DEL02-RJ"
114355;2018-02-26;"segunda-feira";"19:30:00";"MT";158;639,5;"NOVA XAVANTINA";"Falta de Atenção à Condução";"Saída de leito carroçável";"Com Vítimas Feridas";"Plena Noite";"Decrescente";"Céu Claro";"Simples";"Reta";"Não";1;0;1;0;0;0;1;1;-14,673771;-52,35347;"SPRF-MT";"DEL07-MT";"UOP02-DEL07-MT"
114356;2018-02-26;"segunda-feira";"17:15:00";"RO";364;195,7;"PIMENTA BUENO";"Ingestão de Álcool";"Colisão traseira";"Sem Vítimas";"Pleno dia";"Decrescente";"Céu Claro";"Simples";"Curva";"Sim";3;0;0;0;3;0;0;2;-11,68900277;-61,18211986;"SPRF-RO";"DEL02-RO";"UOP02-DEL02-RO"
114357;2018-02-26;"segunda-feira";"19:25:00";"PR";476;278;"ANTONIO OLINTO";"Falta de Atenção à Condução";"Colisão transversal";"Sem Vítimas";"Plena Noite";"Decrescente";"Céu Claro";"Simples";"Reta";"Sim";2;0;0;0;2;0;0;2;-25,92840703;-50,13679504;"SPRF-PR";"DEL02-PR";"UOP04-DEL02-PR"
114359;2018-02-26;"segunda-feira";"21:00:00";"ES";101;0,4;"SERRA";"Falta de Atenção à Condução";"Colisão transversal";"Com Vítimas Feridas";"Plena Noite";"Crescente";"Céu Claro";"Múltipla";"Interseção de Vias";"Sim";3;0;3;0;0;0;3;2;-20,23695228;-40,27746677;"SPRF-ES";"DEL04-ES";"UOP02-DEL04-ES"
114360;2018-02-26;"segunda-feira";"20:30:00";"GO";153;61;"PORANGATU";"Falta de Atenção do Pedestre";"Atropelamento de Pedestre";"Com Vítimas Fatais";"Plena Noite";"Crescente";"Céu Claro";"Simples";"Reta";"Não";2;1;0;0;0;1;0;2;-13,35297;-49,12318;"SPRF-GO";"DEL07-GO";"UOP01-DEL07-GO"
114364;2018-02-26;"segunda-feira";"20:15:00";"CE";222;17,7;"CAUCAIA";"Animais na Pista";"Atropelamento de Animal";"Sem Vítimas";"Plena Noite";"Decrescente";"Céu Claro";"Simples";"Reta";"Não";1;0;0;0;1;0;0;1;-3,75044241;-38,71687288;"SPRF-CE";"DEL01-CE";"UOP01-DEL01-CE"
114365;2018-02-26;"segunda-feira";"19:20:00";"SC";116;77,9;"MONTE CASTELO";"Falta de Atenção à Condução";"Colisão lateral";"Com Vítimas Feridas";"Plena Noite";"Crescente";"Nublado";"Simples";"Aclive";"Não";2;0;2;0;0;0;2;2;-26,462698;-50,231544;"SPRF-SC";"DEL06-SC";"UOP02-DEL06-SC"
114366;2018-02-26;"segunda-feira";"19:00:00";"MS";60;565;"NIOAQUE";"Animais na Pista";"Atropelamento de Animal";"Com Vítimas Feridas";"Plena Noite";"Crescente";"Céu Claro";"Simples";"Reta";"Não";1;0;1;0;0;0;1;1;-21,135727;-55,83045;"SPRF-MS";"DEL05-MS";"UOP01-DEL05-MS"
114367;2018-02-26;"segunda-feira";"22:10:00";"ES";262;5,1;"CARIACICA";"Velocidade Incompatível";"Colisão com objeto estático";"Sem Vítimas";"Plena Noite";"Decrescente";"Céu Claro";"Dupla";"Curva";"Sim";1;0;0;0;1;0;0;1;-20,33693622;-40,38730592;"SPRF-ES";"DEL01-ES";"UOP01-DEL01-ES"
114370;2018-02-26;"segunda-feira";"21:50:00";"GO";153;508;"APARECIDA DE GOIANIA";"Velocidade Incompatível";"Saída de leito carroçável";"Sem Vítimas";"Plena Noite";"Decrescente";"Nublado";"Dupla";"Reta;Aclive";"Não";1;0;0;0;0;1;0;1;-16,77290475;-49,23796266;"SPRF-GO";"DEL01-GO";"UOP03-DEL01-GO"
114371;2018-02-26;"segunda-feira";"22:00:00";"SC";101;205;"SAO JOSE";"Falta de Atenção à Condução";"Colisão lateral";"Com Vítimas Feridas";"Plena Noite";"Crescente";"Chuva";"Múltipla";"Reta";"Sim";2;0;1;0;1;0;1;2;-27,58283728;-48,61510491;"SPRF-SC";"DEL01-SC";"UOP01-DEL01-SC"
114373;2018-02-26;"segunda-feira";"13:45:00";"MT";70;514;"VARZEA GRANDE";"Falta de Atenção à Condução";"Colisão transversal";"Sem Vítimas";"Pleno dia";"Crescente";"Céu Claro";"Simples";"Reta";"Sim";2;0;0;0;2;0;0;2;-15,6478;-56,1332;"SPRF-MT";"DEL01-MT";"DEL2/4-UOP02/MT"
114377;2018-02-26;"segunda-feira";"22:30:00";"MG";116;275,6;"TEOFILO OTONI";"Falta de Atenção à Condução";"Queda de ocupante de veículo";"Com Vítimas Feridas";"Pleno dia";"Crescente";"Céu Claro";"Simples";"Reta";"Sim";1;0;0;1;0;0;1;1;-17,85459727;-41,51480198;"SPRF-MG";"DEL11-MG";"UOP01-DEL11-MG"
114378;2018-02-26;"segunda-feira";"21:30:00";"SP";116;150,5;"SAO JOSE DOS CAMPOS";"Velocidade Incompatível";"Colisão com objeto estático";"Sem Vítimas";"Plena Noite";"Crescente";"Chuva";"Dupla";"Declive";"Sim";1;0;0;0;1;0;0;1;-23,21559;-45,895807;"SPRF-SP";"DEL02-SP";"UOP01-DEL02-SP"
114379;2018-02-26;"segunda-feira";"21:40:00";"RO";364;711;"PORTO VELHO";"Falta de Atenção à Condução";"Colisão traseira";"Com Vítimas Feridas";"Plena Noite";"Crescente";"Nublado";"Dupla";"Reta";"Sim";2;0;1;0;1;0;1;2;-8,77896288;-63,8698554;"SPRF-RO";"DEL01-RO";"UOP01-DEL01-RO"
114382;2018-02-26;"segunda-feira";"23:30:00";"AL";101;137;"SAO MIGUEL DOS CAMPOS";"Deficiência ou não Acionamento do Sistema de Iluminação/Sinalização do Veículo";"Colisão traseira";"Com Vítimas Feridas";"Plena Noite";"Decrescente";"Céu Claro";"Simples";"Declive";"Sim";2;0;0;1;1;0;1;2;-9,802605;-36,11277;"SPRF-AL";"DEL02-AL";"UOP01-DEL02-AL"
114384;2018-02-26;"segunda-feira";"23:52:00";"GO";50;259,9;"CATALAO";"Condutor Dormindo";"Saída de leito carroçável";"Sem Vítimas";"Plena Noite";"Crescente";"Céu Claro";"Simples";"Reta";"Não";1;0;0;0;1;0;0;1;-18,03641889;-47,84288439;"SPRF-GO";"DEL06-GO";"UOP01-DEL06-GO"
114386;2018-02-26;"segunda-feira";"17:40:00";"RR";174;518;"BOA VISTA";"Restrição de Visibilidade";"Saída de leito carroçável";"Com Vítimas Feridas";"Anoitecer";"Decrescente";"Céu Claro";"Simples";"Reta";"Não";2;0;0;1;1;0;1;1;2,942057;-60,71894;"SPRF-RR";"DEL01-RR";"UOP01-DEL01-RR"
114391;2018-02-27;"terça-feira";"00:30:00";"BA";116;19;"VITORIA DA CONQUISTA";"Desobediência às normas de trânsito pelo condutor";"Colisão transversal";"Com Vítimas Feridas";"Plena Noite";"Crescente";"Céu Claro";"Simples";"Curva";"Sim";2;0;2;0;0;0;2;2;-14,902145;-40,840613;"SPRF-PE";"DEL05-PE";"UOP03-DEL05-PE"
114393;2018-02-27;"terça-feira";"00:45:00";"PB";230;23,1;"JOAO PESSOA";"Velocidade Incompatível";"Capotamento";"Sem Vítimas";"Plena Noite";"Decrescente";"Céu Claro";"Simples";"Reta";"Não";1;0;0;0;0;1;0;1;-7,1569502;-34,85784012;"SPRF-PB";"DEL01-PB";"UOP01-DEL01-PB"
114394;2018-02-26;"segunda-feira";"23:58:00";"RJ";101;331;"RIO DE JANEIRO";"Defeito Mecânico no Veículo";"Colisão traseira";"Com Vítimas Feridas";"Plena Noite";"Decrescente";"Nublado";"Dupla";"Reta";"Não";2;0;0;1;1;0;1;2;-22,867664;-43,19556;"SPRF-RJ";"DEL02-RJ";"UOP02-DEL02-RJ"
114396;2018-02-27;"terça-feira";"01:30:00";"SP";153;75,6;"BADY BASSITT";"Velocidade Incompatível";"Tombamento";"Com Vítimas Feridas";"Plena Noite";"Decrescente";"Céu Claro";"Dupla";"Interseção de Vias";"Sim";1;0;1;0;0;0;1;1;-20,89879388;-49,43961382;"SPRF-SP";"DEL09-SP";"UOP01-DEL09-SP"
114398;2018-02-27;"terça-feira";"02:05:00";"CE";222;8,2;"CAUCAIA";"Animais na Pista";"Atropelamento de Animal";"Com Vítimas Feridas";"Plena Noite";"Crescente";"Céu Claro";"Dupla";"Reta";"Sim";1;0;1;0;0;0;1;1;-3,7539477;-38,6392193;"SPRF-CE";"DEL01-CE";"UOP01-DEL01-CE"
114399;2018-02-27;"terça-feira";"01:55:00";"SC";470;6;"NAVEGANTES";"Sinalização da via insuficiente ou inadequada";"Tombamento";"Com Vítimas Feridas";"Plena Noite";"Crescente";"Nublado";"Simples";"Reta";"Sim";1;0;1;0;0;0;1;1;-26,852238;-48,709545;"SPRF-SC";"DEL04-SC";"UOP04-DEL04-SC"
114400;2018-02-27;"terça-feira";"02:33:00";"SC";101;209,7;"SAO JOSE";"Falta de Atenção à Condução";"Colisão traseira";"Com Vítimas Feridas";"Plena Noite";"Crescente";"Céu Claro";"Múltipla";"Reta";"Sim";3;0;2;0;0;1;2;2;-27,61235772;-48,64105772;"SPRF-SC";"DEL01-SC";"UOP01-DEL01-SC"
114401;2018-02-27;"terça-feira";"02:00:00";"SP";116;286,9;"ITAPECERICA DA SERRA";"Não guardar distância de segurança";"Colisão traseira";"Com Vítimas Feridas";"Plena Noite";"Decrescente";"Nublado";"Dupla";"Reta";"Não";4;0;1;0;3;0;1;2;-23,69979594;-46,86752558;"SPRF-SP";"DEL04-SP";"UOP01-DEL04-SP"
114405;2018-02-27;"terça-feira";"03:00:00";"PE";104;21;"TAQUARITINGA DO NORTE";"Condutor Dormindo";"Capotamento";"Sem Vítimas";"Plena Noite";"Decrescente";"Céu Claro";"Simples";"Reta";"Não";1;0;0;0;1;0;0;1;-7,964189;-36,124378;"SPRF-PE";"DEL02-PE";"UOP01-DEL02-PE"
114406;2018-02-27;"terça-feira";"03:40:00";"ES";262;19,3;"VIANA";"Animais na Pista";"Atropelamento de Animal";"Com Vítimas Feridas";"Plena Noite";"Crescente";"Céu Claro";"Simples";"Reta";"Sim";1;0;0;1;0;0;1;1;-20,3932;-40,4863;"SPRF-ES";"DEL01-ES";"UOP01-DEL01-ES"
114408;2018-02-27;"terça-feira";"02:40:00";"MS";163;436,6;"CAMPO GRANDE";"Condutor Dormindo";"Capotamento";"Com Vítimas Feridas";"Plena Noite";"Crescente";"Céu Claro";"Simples";"Aclive";"Não";3;0;1;0;2;0;1;1;-20,843699;-54,511944;"SPRF-MS";"DEL01-MS";"UOP01-DEL01-MS"
114409;2018-02-27;"terça-feira";"03:30:00";"RS";101;75,7;"OSORIO";"Condutor Dormindo";"Saída de leito carroçável";"Com Vítimas Feridas";"Plena Noite";"Decrescente";"Céu Claro";"Dupla";"Reta";"Não";1;0;1;0;0;0;1;1;-29,9003;-50,2738;"SPRF-RS";"DEL03-RS";"UOP01-DEL03-RS"
114410;2018-02-27;"terça-feira";"04:10:00";"GO";364;208,2;"JATAI";"Defeito Mecânico no Veículo";"Incêndio";"Sem Vítimas";"Plena Noite";"Crescente";"Céu Claro";"Simples";"Curva";"Não";1;0;0;0;1;0;0;1;-17,90283784;-51,8332386;"SPRF-GO";"DEL05-GO";"UOP01-DEL05-GO"
114411;2018-02-27;"terça-feira";"04:40:00";"PE";101;70;"RECIFE";"Velocidade Incompatível";"Colisão lateral";"Com Vítimas Fatais";"Amanhecer";"Crescente";"Céu Claro";"Dupla";"Interseção de Vias";"Sim";6;1;1;0;0;4;1;2;-8,073252;-34,942963;"SPRF-PE";"DEL01-PE";"UOP01-DEL01-PE"
114433;2018-01-21;"domingo";"09:50:00";"DF";60;3;"BRASILIA";"Velocidade Incompatível";"Colisão traseira";"Com Vítimas Feridas";"Pleno dia";"Crescente";"Céu Claro";"Dupla";"Reta";"Sim";2;0;1;0;1;0;1;2;-15,890521;-48,086864;"SPRF-DF";"DEL01-DF";"UOP01-DEL03-DF"