"id";"data_inversa";"dia_semana";"horario";"uf";"br";"km";"municipio";"causa_acidente";"tipo_acidente";"classificacao_acidente";"fase_dia";"sentido_via";"condicao_metereologica";"tipo_pista";"tracado_via";"uso_solo";"pessoas";"mortos";"feridos_leves";"feridos_graves";"ilesos";"ignorados";"feridos";"veiculos";"latitude";"longitude";"regional";"delegacia";"uop"
114434;2018-02-27;"terça-feira";"04:30:00";"PR";369;389,2;"MAMBORE";"Animais na Pista";"Atropelamento de Animal";"Sem Vítimas";"Plena Noite";"Crescente";"Garoa/Chuvisco";"Simples";"Reta";"Não";1;0;0;0;1;0;0;1;-24,27674;-52,51793;"SPRF-PR";"DEL04-PR";"UOP03-DEL04-PR"
114438;2018-02-27;"terça-feira";"05:25:00";"SC";101;215;"PALHOCA";"Ingestão de Álcool";"Queda de ocupante de veículo";"Com Vítimas Feridas";"Plena Noite";"Crescente";"Céu Claro";"Múltipla";"Reta";"Sim";1;0;1;0;0;0;1;1;-27,6601;-48,6774;"SPRF-SC";"DEL01-SC";"UOP02-DEL01-SC"
114444;2018-02-27;"terça-feira";"06:15:00";"MG";50;173,7;"UBERABA";"Avarias e/ou desgaste excessivo no pneu";"Queda de ocupante de veículo";"Com Vítimas Feridas";"Pleno dia";"Decrescente";"Céu Claro";"Dupla";"Reta";"Sim";2;0;1;0;0;1;1;1;-19,76475383;-47,97627847;"SPRF-MG";"DEL13-MG";"UOP01-DEL13-MG"
114447;2018-02-27;"terça-feira";"06:30:00";"SP";116;276;"COTIA";"Falta de Atenção à Condução";"Colisão traseira";"Com Vítimas Feridas";"Pleno dia";"Decrescente";"Nublado";"Dupla";"Reta";"Sim";2;0;1;0;1;0;1;2;-23,61810343;-46,82373047;"SPRF-SP";"DEL04-SP";"UOP01-DEL04-SP"
114448;2018-02-27;"terça-feira";"06:11:00";"SP";116;211;"GUARULHOS";"Falta de Atenção à Condução";"Colisão lateral";"Com Vítimas Feridas";"Amanhecer";"Crescente";"Céu Claro";"Múltipla";"Reta";"Sim";2;0;1;0;1;0;1;2;-23,43556759;-46,4272669;"SPRF-SP";"DEL01-SP";"UOP01-DEL01-SP"
114449;2018-02-27;"terça-feira";"05:30:00";"BA";324;576;"SAO SEBASTIAO DO PASSE";"Condutor Dormindo";"Saída de leito carroçável";"Sem Vítimas";"Amanhecer";"Crescente";"Céu Claro";"Dupla";"Reta";"Não";3;0;0;0;3;0;0;1;-12,59097958;-38,52095413;"SPRF-BA";"DEL01-BA";"UOP01-DEL01-BA"
114450;2018-02-25;"domingo";"18:30:00";"CE";222;307,8;"TIANGUA";"Ingestão de Álcool";"Saída de leito carroçável";"Com Vítimas Feridas";"Plena Noite";"Decrescente";"Garoa/Chuvisco";"Simples";"Reta";"Não";1;0;1;0;0;0;1;1;-3,68719991;-40,97682981;"SPRF-CE";"DEL04-CE";"UOP02-DEL04-CE"
114451;2018-02-27;"terça-feira";"08:15:00";"RN";304;302;"MACAIBA";"Falta de Atenção à Condução";"Colisão traseira";"Com Vítimas Feridas";"Pleno dia";"Crescente";"Céu Claro";"Dupla";"Reta";"Não";5;0;1;0;4;0;1;4;-5,87478352;-35,3124466;"SPRF-RN";"DEL01-RN";"UOP02-DEL01-RN"
114452;2018-02-27;"terça-feira";"06:40:00";"CE";222;3;"CAUCAIA";"Não guardar distância de segurança";"Colisão traseira";"Com Vítimas Feridas";"Pleno dia";"Decrescente";"Céu Claro";"Múltipla";"Reta";"Sim";2;0;1;0;1;0;1;2;-3,73956018;-38,60389709;"SPRF-CE";"DEL01-CE";"UOP01-DEL01-CE"
114454;2018-02-27;"terça-feira";"06:20:00";"ES";262;3,5;"CARIACICA";"Desobediência às normas de trânsito pelo condutor";"Colisão traseira";"Com Vítimas Feridas";"Pleno dia";"Decrescente";"Sol";"Dupla";"Reta";"Sim";2;0;1;0;1;0;1;2;-20,33947637;-40,39398193;"SPRF-ES";"DEL01-ES";"UOP01-DEL01-ES"
114455;2018-02-27;"terça-feira";"07:25:00";"RN";101;97,1;"NATAL";"Falta de Atenção à Condução";"Colisão traseira";"Com Vítimas Feridas";"Pleno dia";"Decrescente";"Sol";"Múltipla";"Viaduto";"Sim";2;0;0;1;1;0;1;2;-5,85850774;-35,21312892;"SPRF-RN";"DEL01-RN";"UOP01-DEL01-RN"
114461;2018-02-27;"terça-feira";"07:00:00";"GO";40;113;"CRISTALINA";"Velocidade Incompatível";"Saída de leito carroçável";"Sem Vítimas";"Pleno dia";"Decrescente";"Céu Claro";"Dupla";"Curva";"Não";1;0;0;0;1;0;0;1;-16,847953;-47,483787;"SPRF-DF";"DEL01-DF";"UOP02-DEL01-DF"
114467;2018-02-27;"terça-feira";"07:20:00";"CE";222;4,3;"CAUCAIA";"Não guardar distância de segurança";"Colisão traseira";"Com Vítimas Feridas";"Pleno dia";"Decrescente";"Sol";"Dupla";"Reta";"Sim";2;0;0;1;1;0;1;2;-3,741658;-38,604572;"SPRF-CE";"DEL01-CE";"UOP01-DEL01-CE"
114469;2018-02-27;"terça-feira";"07:45:00";"RS";386;347,9;"LAJEADO";"Desobediência às normas de trânsito pelo condutor";"Colisão lateral";"Sem Vítimas";"Pleno dia";"Decrescente";"Nublado";"Dupla";"Reta";"Sim";2;0;0;0;2;0;0;2;-29,451736;-51,965893;"SPRF-RS";"DEL04-RS";"UOP01-DEL04-RS"
114470;2018-02-27;"terça-feira";"07:45:00";"SC";282;23,6;"SANTO AMARO DA IMPERATRIZ";"Desobediência às normas de trânsito pelo condutor";"Colisão transversal";"Com Vítimas Feridas";"Pleno dia";"Decrescente";"Céu Claro";"Simples";"Rotatória";"Sim";2;0;1;0;1;0;1;2;-27,687958;-48,736794;"SPRF-SC";"DEL01-SC";"UOP03-DEL01-SC"
114472;2018-02-27;"terça-feira";"07:50:00";"RS";386;347,9;"LAJEADO";"Não guardar distância de segurança";"Colisão traseira";"Sem Vítimas";"Pleno dia";"Decrescente";"Céu Claro";"Dupla";"Reta";"Sim";4;0;0;0;4;0;0;4;-29,45589266;-51,95791232;"SPRF-RS";"DEL04-RS";"UOP01-DEL04-RS"
114474;2018-02-27;"terça-feira";"08:15:00";"PR";376;180;"MARINGA";"Falta de Atenção à Condução";"Colisão lateral";"Com Vítimas Feridas";"Pleno dia";"Decrescente";"Sol";"Múltipla";"Reta";"Sim";2;0;1;0;1;0;1;2;-23,427254;-51,895123;"SPRF-PR";"DEL07-PR";"UOP01-DEL09-PR"
114476;2018-02-27;"terça-feira";"08:25:00";"PE";232;131,4;"CARUARU";"Falta de Atenção à Condução";"Capotamento";"Com Vítimas Feridas";"Pleno dia";"Crescente";"Céu Claro";"Dupla";"Reta";"Sim";3;0;1;2;0;0;3;1;-8,30192;-36,00146;"SPRF-PE";"DEL02-PE";"UOP03-DEL02-PE"
114492;2018-02-27;"terça-feira";"06:30:00";"SC";280;11,8;"SAO FRANCISCO DO SUL";"Falta de Atenção à Condução";"Incêndio";"Sem Vítimas";"Pleno dia";"Crescente";"Céu Claro";"Simples";"Aclive";"Não";2;0;0;0;1;1;0;2;-26,30080201;-48,64952087;"SPRF-SC";"DEL03-SC";"UOP03-DEL03-SC"
114497;2018-02-23;"sexta-feira";"17:30:00";"RJ";101;176;"MACAE";"Pista Escorregadia";"Capotamento";"Sem Vítimas";"Pleno dia";"Decrescente";"Garoa/Chuvisco";"Simples";"Reta";"Não";1;0;0;0;1;0;0;1;-22,384222;-41,976444;"SPRF-RJ";"DEL02-RJ";"UOP04-DEL08-RJ"
114498;2018-02-27;"terça-feira";"08:50:00";"BA";407;2,5;"JUAZEIRO";"Não guardar distância de segurança";"Colisão traseira";"Sem Vítimas";"Pleno dia";"Decrescente";"Céu Claro";"Simples";"Reta";"Sim";2;0;0;0;2;0;0;2;-9,3588256;-40,4809567;"SPRF-PE";"DEL06-PE";"UOP01-DEL06-PE"
114500;2018-02-24;"sábado";"04:00:00";"PR";376;133,4;"NOVA ESPERANCA";"Desobediência às normas de trânsito pelo condutor";"Colisão transversal";"Com Vítimas Feridas";"Plena Noite";"Decrescente";"Céu Claro";"Simples";"Reta;Em Obras";"Não";5;0;1;3;1;0;4;2;-23,18136324;-52,21994018;"SPRF-PR";"DEL07-PR";"UOP02-DEL09-PR"
114501;2018-02-23;"sexta-feira";"16:20:00";"PE";101;70,7;"RECIFE";"Falta de Atenção à Condução";"Colisão traseira";"Com Vítimas Feridas";"Pleno dia";"Crescente";"Sol";"Simples";"Declive";"Sim";2;0;1;0;1;0;1;2;-8,07526985;-34,94271398;"SPRF-PE";"DEL01-PE";"UOP01-DEL01-PE"
114503;2018-02-27;"terça-feira";"09:30:00";"ES";262;5,2;"CARIACICA";"Não guardar distância de segurança";"Colisão traseira";"Com Vítimas Feridas";"Pleno dia";"Decrescente";"Céu Claro";"Múltipla";"Declive";"Sim";2;0;1;0;1;0;1;2;-20,337655;-40,3909218;"SPRF-ES";"DEL01-ES";"UOP01-DEL01-ES"
114504;2018-02-27;"terça-feira";"09:30:00";"PR";376;323;"ORTIGUEIRA";"Pista Escorregadia";"Colisão com objeto estático";"Com Vítimas Feridas";"Pleno dia";"Crescente";"Garoa/Chuvisco";"Simples";"Curva";"Não";1;0;1;0;0;0;1;1;-24,06840906;-51,06297925;"SPRF-PR";"DEL07-PR";"UOP02-DEL07-PR"
114505;2018-01-31;"quarta-feira";"15:46:00";"PR";369;137;"IBIPORA";"Falta de Atenção à Condução";"Colisão transversal";"Com Vítimas Feridas";"Pleno dia";"Crescente";"Ignorado";"Simples";"Reta";"Sim";2;0;1;0;1;0;1;2;-23,27541169;-51,00379229;"SPRF-PR";"DEL07-PR";"UOP01-DEL07-PR"
114506;2018-02-24;"sábado";"05:00:00";"SC";101;194,3;"BIGUACU";"Falta de Atenção à Condução";"Colisão lateral";"Com Vítimas Feridas";"Plena Noite";"Decrescente";"Garoa/Chuvisco";"Múltipla";"Viaduto";"Sim";3;0;2;0;0;1;2;2;-27,499;-48,656;"SPRF-SC";"DEL01-SC";"UOP01-DEL01-SC"
114510;2018-02-27;"terça-feira";"10:20:00";"SP";116;219;"GUARULHOS";"Não guardar distância de segurança";"Colisão lateral";"Com Vítimas Feridas";"Pleno dia";"Crescente";"Nublado";"Múltipla";"Reta";"Não";2;0;1;0;1;0;1;2;-23,48969825;-46,56417847;"SPRF-SP";"DEL01-SP";"UOP01-DEL01-SP"
114511;2018-02-27;"terça-feira";"07:20:00";"SE";235;38,1;"AREIA BRANCA";"Falta de Atenção à Condução";"Colisão traseira";"Sem Vítimas";"Pleno dia";"Crescente";"Sol";"Simples";"Reta";"Não";2;0;0;0;2;0;0;2;-10,77721757;-37,37501227;"SPRF-SE";"DEL01-SE";"UOP02-DEL01-SE"
114512;2018-02-27;"terça-feira";"09:00:00";"MT";163;982;"TERRA NOVA DO NORTE";"Falta de Atenção à Condução";"Colisão frontal";"Sem Vítimas";"Pleno dia";"Crescente";"Nublado";"Simples";"Interseção de Vias";"Não";2;0;0;0;2;0;0;2;-10,63260271;-55,13248444;"SPRF-MT";"DEL06-MT";"UOP02-DEL06-MT"
114514;2018-01-26;"sexta-feira";"16:30:00";"SP";116;301;"SAO LOURENCO DA SERRA";"Pista Escorregadia";"Saída de leito carroçável";"Com Vítimas Feridas";"Pleno dia";"Decrescente";"Chuva";"Dupla";"Reta";"Não";1;0;1;0;0;0;1;1;-23,8557;-46,9406;"SPRF-SP";"DEL04-SP";"UOP01-DEL04-SP"
114515;2018-02-27;"terça-feira";"10:50:00";"GO";153;505;"APARECIDA DE GOIANIA";"Falta de Atenção do Pedestre";"Atropelamento de Pedestre";"Com Vítimas Feridas";"Pleno dia";"Crescente";"Sol";"Dupla";"Reta";"Sim";2;0;2;0;0;0;2;2;-16,7537;-49,2411;"SPRF-GO";"DEL01-GO";"UOP01-DEL01-GO"
114516;2018-02-24;"sábado";"05:00:00";"MG";381;482;"CONTAGEM";"Falta de Atenção à Condução";"Colisão traseira";"Com Vítimas Feridas";"Plena Noite";"Crescente";"Nublado";"Dupla";"Reta";"Sim";1;0;0;1;0;0;1;1;-19,9578;-44,0795;"SPRF-MG";"DEL01-MG";"UOP03-DEL01-MG"
114518;2018-02-27;"terça-feira";"10:10:00";"PE";232;10,8;"JABOATAO DOS GUARARAPES";"Pista Escorregadia";"Colisão com objeto estático";"Sem Vítimas";"Pleno dia";"Decrescente";"Céu Claro";"Simples";"Curva";"Sim";2;0;0;0;2;0;0;1;-8,082256;-34,993503;"SPRF-PE";"DEL01-PE";"UOP01-DEL01-PE"
114520;2018-02-27;"terça-feira";"10:30:00";"SC";101;338;"TUBARAO";"Falta de Atenção à Condução";"Colisão lateral";"Sem Vítimas";"Pleno dia";"Crescente";"Céu Claro";"Dupla";"Reta";"Sim";3;0;0;0;3;0;0;2;-28,4946;-49,0429;"SPRF-SC";"DEL02-SC";"UOP01-DEL02-SC"
114521;2018-02-24;"sábado";"05:10:00";"ES";101;267,7;"SERRA";"Falta de Atenção à Condução";"Colisão traseira";"Com Vítimas Feridas";"Amanhecer";"Crescente";"Nublado";"Dupla";"Interseção de Vias";"Sim";2;0;1;0;1;0;1;2;-20,2058083;-40,26942819;"SPRF-ES";"DEL02-ES";"UOP01-DEL02-ES"
114522;2018-02-27;"terça-feira";"10:00:00";"PR";163;22;"SANTO ANTONIO DO SUDOESTE";"Falta de Atenção à Condução";"Saída de leito carroçável";"Com Vítimas Feridas";"Pleno dia";"Crescente";"Nublado";"Simples";"Reta;Declive";"Não";2;0;2;0;0;0;2;1;-26,1624;-53,6788;"SPRF-PR";"DEL02-PR";"UOP02-DEL02-PR"
114523;2018-02-27;"terça-feira";"11:45:00";"ES";101;294,1;"CARIACICA";"Velocidade Incompatível";"Colisão traseira";"Com Vítimas Feridas";"Pleno dia";"Decrescente";"Céu Claro";"Dupla";"Declive";"Sim";3;0;2;1;0;0;3;2;-20,29311345;-40,39260864;"SPRF-ES";"DEL01-ES";"UOP01-DEL01-ES"
114524;2018-02-27;"terça-feira";"11:30:00";"SC";282;4,8;"FLORIANOPOLIS";"Falta de Atenção à Condução";"Colisão traseira";"Com Vítimas Feridas";"Pleno dia";"Crescente";"Céu Claro";"Dupla";"Reta";"Sim";2;0;1;0;1;0;1;2;-27,5909736;-48,60715485;"SPRF-SC";"DEL01-SC";"UOP01-DEL01-SC"
114525;2018-02-27;"terça-feira";"11:05:00";"PB";230;1,1;"CABEDELO";"Desobediência às normas de trânsito pelo condutor";"Colisão lateral";"Com Vítimas Feridas";"Pleno dia";"Crescente";"Céu Claro";"Simples";"Interseção de Vias";"Sim";2;0;1;0;1;0;1;2;-6,9753;-34,8318;"SPRF-PB";"DEL01-PB";"UOP01-DEL01-PB"
114528;2018-02-27;"terça-feira";"10:30:00";"MA";222;676;"ACAILANDIA";"Desobediência às normas de trânsito pelo condutor";"Colisão transversal";"Com Vítimas Feridas";"Pleno dia";"Crescente";"Céu Claro";"Simples";"Aclive;Reta";"Sim";8;0;1;0;4;3;1;3;-4,967567;-47,512344;"SPRF-MA";"DEL04-MA";"UOP03-DEL04-MA"
114529;2018-02-27;"terça-feira";"12:30:00";"SC";101;208;"SAO JOSE";"Defeito Mecânico no Veículo";"Tombamento";"Com Vítimas Feridas";"Pleno dia";"Decrescente";"Céu Claro";"Dupla";"Reta";"Sim";1;0;0;1;0;0;1;1;-27,6101;-48,6388;"SPRF-SC";"DEL01-SC";"UOP01-DEL01-SC"
114530;2018-02-27;"terça-feira";"12:00:00";"PR";116;119;"CURITIBA";"Falta de Atenção à Condução";"Queda de ocupante de veículo";"Com Vítimas Feridas";"Pleno dia";"Crescente";"Céu Claro";"Dupla";"Curva";"Sim";2;0;2;0;0;0;2;1;-25,56226501;-49,30801392;"SPRF-PR";"DEL01-PR";"UOP03-DEL01-PR"
114531;2018-02-27;"terça-feira";"12:20:00";"SC";101;206;"SAO JOSE";"Defeito Mecânico no Veículo";"Queda de ocupante de veículo";"Com Vítimas Feridas";"Pleno dia";"Crescente";"Céu Claro";"Múltipla";"Interseção de Vias";"Sim";2;0;2;0;0;0;2;1;-27,588;-48,617;"SPRF-SC";"DEL01-SC";"UOP01-DEL01-SC"
114533;2018-01-20;"sábado";"19:45:00";"BA";242;398;"SEABRA";"Animais na Pista";"Capotamento";"Sem Vítimas";"Plena Noite";"Decrescente";"Céu Claro";"Simples";"Reta";"Não";2;0;0;0;2;0;0;1;-12,473464;-41,67334;"SPRF-BA";"DEL10-BA";"UOP03-DEL06-BA"
114534;2018-02-09;"sexta-feira";"18:30:00";"PR";369;185;"ARAPONGAS";"Falta de Atenção à Condução";"Colisão transversal";"Com Vítimas Feridas";"Anoitecer";"Crescente";"Ignorado";"Simples";"Reta";"Sim";2;0;1;0;0;1;1;2;-23,41914802;-51,42539263;"SPRF-PR";"DEL07-PR";"UOP03-DEL07-PR"
114536;2018-02-27;"terça-feira";"11:50:00";"MS";163;356,3;"NOVA ALVORADA DO SUL";"Falta de Atenção à Condução";"Colisão transversal";"Com Vítimas Feridas";"Pleno dia";"Decrescente";"Nublado";"Simples";"Reta;Em Obras";"Não";3;0;0;2;1;0;2;2;-21,53424784;-54,40772904;"SPRF-MS";"DEL02-MS";"UOP02-DEL02-MS"
114537;2018-02-27;"terça-feira";"12:50:00";"MG";40;555;"NOVA LIMA";"Avarias e/ou desgaste excessivo no pneu";"Tombamento";"Com Vítimas Feridas";"Pleno dia";"Decrescente";"Céu Claro";"Dupla";"Reta";"Não";1;0;1;0;0;0;1;1;-20,0943;-43,9755;"SPRF-MG";"DEL01-MG";"UOP02-DEL01-MG"
114539;2018-02-04;"domingo";"03:15:00";"PR";153;364;"RIO AZUL";"Falta de Atenção à Condução";"Saída de leito carroçável";"Com Vítimas Fatais";"Plena Noite";"Crescente";"Céu Claro";"Simples";"Reta";"Não";2;1;0;1;0;0;1;1;-25,71880624;-50,78631882;"SPRF-PR";"DEL03-PR";"UOP02-DEL08-PR"
114540;2018-02-27;"terça-feira";"13:15:00";"PA";308;9;"ANANINDEUA";"Não guardar distância de segurança";"Colisão traseira";"Com Vítimas Feridas";"Pleno dia";"Crescente";"Chuva";"Dupla";"Reta";"Sim";3;0;1;0;2;0;1;3;-1,366236;-48,367805;"SPRF-PA";"DEL01-PA";"DEL19/1-UOP05/PA"
114541;2018-02-27;"terça-feira";"05:00:00";"RR";174;435,5;"MUCAJAI";"Objeto estático sobre o leito carroçável";"Colisão com objeto estático";"Com Vítimas Feridas";"Plena Noite";"Crescente";"Céu Claro";"Simples";"Reta";"Não";1;0;1;0;0;0;1;1;2,43020162;-60,92054699;"SPRF-RR";"DEL01-RR";"UOP01-DEL01-RR"
114542;2018-02-27;"terça-feira";"13:40:00";"PR";277;99,5;"CURITIBA";"Falta de Atenção à Condução";"Queda de ocupante de veículo";"Com Vítimas Feridas";"Pleno dia";"Crescente";"Garoa/Chuvisco";"Dupla";"Curva";"Não";2;0;0;1;1;0;1;1;-25,4289541;-49,267137;"SPRF-PR";"DEL01-PR";"UOP06-DEL01-PR"
114544;2018-02-27;"terça-feira";"06:40:00";"SC";280;287,8;"IRINEOPOLIS";"Condutor Dormindo";"Saída de leito carroçável";"Com Vítimas Feridas";"Amanhecer";"Decrescente";"Nevoeiro/Neblina";"Simples";"Reta";"Não";2;0;2;0;0;0;2;1;-26,29451;-50,896038;"SPRF-SC";"DEL06-SC";"UOP04-DEL06-SC"
114546;2018-02-27;"terça-feira";"13:55:00";"RN";101;109,3;"PARNAMIRIM";"Falta de Atenção à Condução";"Colisão transversal";"Com Vítimas Feridas";"Pleno dia";"Crescente";"Céu Claro";"Dupla";"Reta";"Sim";2;0;1;0;1;0;1;2;-5,92797799;-35,26483739;"SPRF-RN";"DEL01-RN";"UOP01-DEL01-RN"
114547;2018-02-27;"terça-feira";"12:10:00";"MT";163;944;"ITAUBA";"Velocidade Incompatível";"Queda de ocupante de veículo";"Com Vítimas Feridas";"Pleno dia";"Crescente";"Céu Claro";"Simples";"Reta";"Não";1;0;1;0;0;0;1;1;-10,88860234;-55,20011902;"SPRF-MT";"DEL06-MT";"UOP02-DEL06-MT"
114549;2018-02-27;"terça-feira";"12:25:00";"RO";364;200,9;"PIMENTA BUENO";"Defeito na Via";"Tombamento";"Com Vítimas Feridas";"Pleno dia";"Crescente";"Nublado";"Simples";"Reta";"Sim";1;0;1;0;0;0;1;1;-11,64494394;-61,19460404;"SPRF-RO";"DEL02-RO";"UOP02-DEL02-RO"
114553;2018-02-19;"segunda-feira";"10:45:00";"RS";392;353;"SANTA MARIA";"Falta de Atenção à Condução";"Colisão traseira";"Com Vítimas Feridas";"Pleno dia";"Crescente";"Sol";"Simples";"Reta";"Sim";2;0;0;1;1;0;1;2;-29,713892;-53,808228;"SPRF-RS";"DEL09-RS";"UOP01-DEL09-RS"
114555;2018-02-27;"terça-feira";"13:05:00";"MG";116;413,6;"GOVERNADOR VALADARES";"Falta de Atenção à Condução";"Colisão frontal";"Com Vítimas Feridas";"Pleno dia";"Crescente";"Sol";"Simples";"Interseção de Vias";"Sim";3;0;2;0;0;1;2;3;-18,87630067;-41,96434021;"SPRF-MG";"DEL06-MG";"UOP01-DEL06-MG"
114561;2018-02-02;"sexta-feira";"18:10:00";"PR";277;712;"SANTA TEREZINHA DE ITAIPU";"Falta de Atenção à Condução";"Colisão traseira";"Com Vítimas Feridas";"Anoitecer";"Decrescente";"Céu Claro";"Dupla";"Reta";"Sim";2;0;1;0;1;0;1;2;-25,45775;-54,431229;"SPRF-PR";"DEL05-PR";"UOP01-DEL05-PR"
114562;2018-02-24;"sábado";"05:10:00";"SC";163;80;"GUARACIABA";"Falta de Atenção à Condução";"Colisão com objeto estático";"Com Vítimas Feridas";"Plena Noite";"Decrescente";"Céu Claro";"Simples";"Reta";"Não";1;0;1;0;0;0;1;1;-26,650438;-53,518547;"SPRF-SC";"DEL07-SC";"UOP03-DEL07-SC"
114564;2018-02-27;"terça-feira";"14:44:00";"GO";158;273;"JATAI";"Defeito na Via";"Tombamento";"Com Vítimas Feridas";"Pleno dia";"Crescente";"Nublado";"Simples";"Reta";"Sim";1;0;1;0;0;0;1;1;-17,87854305;-51,71600997;"SPRF-GO";"DEL05-GO";"UOP01-DEL05-GO"
114565;2018-02-27;"terça-feira";"14:08:00";"SP";153;120;"UBARANA";"Pista Escorregadia";"Queda de ocupante de veículo";"Com Vítimas Feridas";"Pleno dia";"Decrescente";"Chuva";"Simples";"Rotatória";"Sim";1;0;1;0;0;0;1;1;-21,170277;-49,715206;"SPRF-SP";"DEL09-SP";"UOP01-DEL09-SP"
114571;2018-02-27;"terça-feira";"15:20:00";"PE";101;51;"ABREU E LIMA";"Falta de Atenção à Condução";"Colisão transversal";"Sem Vítimas";"Pleno dia";"Decrescente";"Sol";"Múltipla";"Retorno Regulamentado";"Sim";2;0;0;0;2;0;0;2;-7,9244;-34,8965;"SPRF-PE";"DEL01-PE";"UOP02-DEL01-PE"
114572;2018-02-27;"terça-feira";"15:55:00";"PB";101;99,6;"ALHANDRA";"Velocidade Incompatível";"Saída de leito carroçável";"Com Vítimas Feridas";"Pleno dia";"Crescente";"Céu Claro";"Dupla";"Retorno Regulamentado";"Não";4;0;3;0;1;0;3;1;-7,261264;-34,936136;"SPRF-PB";"DEL01-PB";"UOP01-DEL01-PB"
114573;2018-02-27;"terça-feira";"15:15:00";"MG";381;416,9;"GOVERNADOR VALADARES";"Falta de Atenção à Condução";"Colisão transversal";"Com Vítimas Feridas";"Pleno dia";"Crescente";"Céu Claro";"Simples";"Curva";"Sim";2;0;1;0;1;0;1;2;-18,89644577;-41,94772661;"SPRF-MG";"DEL01-MG";"UOP01-DEL01-MG"
114574;2018-02-27;"terça-feira";"06:10:00";"SP";116;230;"SAO PAULO";"Falta de Atenção à Condução";"Queda de ocupante de veículo";"Com Vítimas Feridas";"Amanhecer";"Decrescente";"Nublado";"Múltipla";"Reta";"Sim";1;0;1;0;0;0;1;1;-23,51781342;-46,58076793;"SPRF-SP";"DEL01-SP";"UOP01-DEL01-SP"
114576;2018-02-27;"terça-feira";"16:00:00";"MG";40;618,2;"CONGONHAS";"Velocidade Incompatível";"Saída de leito carroçável";"Com Vítimas Feridas";"Pleno dia";"Decrescente";"Nublado";"Simples";"Curva;Declive";"Não";1;0;0;1;0;0;1;1;-20,5689606;-43,81111085;"SPRF-MG";"DEL05-MG";"UOP02-DEL05-MG"
114577;2018-02-27;"terça-feira";"13:25:00";"RO";435;35;"VILHENA";"Falta de Atenção à Condução";"Saída de leito carroçável";"Com Vítimas Feridas";"Pleno dia";"Decrescente";"Céu Claro";"Simples";"Aclive";"Não";1;0;1;0;0;0;1;1;-12,847389;-60,378979;"SPRF-RO";"DEL04-RO";"UOP02-DEL04-RO"
114578;2018-02-27;"terça-feira";"15:50:00";"RS";116;197,3;"NOVA PETROPOLIS";"Desobediência às normas de trânsito pelo condutor";"Colisão transversal";"Com Vítimas Feridas";"Pleno dia";"Decrescente";"Sol";"Simples";"Reta";"Sim";2;0;1;0;1;0;1;2;-29,471302;-51,150024;"SPRF-RS";"DEL05-RS";"UOP02-DEL05-RS"
114579;2018-02-27;"terça-feira";"16:10:00";"MG";365;626;"UBERLANDIA";"Não guardar distância de segurança";"Colisão traseira";"Sem Vítimas";"Pleno dia";"Crescente";"Nublado";"Dupla";"Reta";"Sim";2;0;0;0;2;0;0;2;-18,90812;-48,31282;"SPRF-MG";"DEL15-MG";"UOP01-DEL15-MG"
114581;2018-02-27;"terça-feira";"15:25:00";"MT";364;320;"CAMPO VERDE";"Avarias e/ou desgaste excessivo no pneu";"Saída de leito carroçável";"Sem Vítimas";"Pleno dia";"Crescente";"Chuva";"Dupla";"Aclive";"Não";1;0;0;0;1;0;0;1;-15,820097;-55,323799;"SPRF-MT";"DEL02-MT";"UOP02-DEL05-MT"
114584;2018-02-27;"terça-feira";"16:50:00";"MG";381;815,5;"CAREACU";"Velocidade Incompatível";"Saída de leito carroçável";"Com Vítimas Feridas";"Pleno dia";"Decrescente";"Chuva";"Dupla";"Curva";"Não";4;0;4;0;0;0;4;1;-22,03172635;-45,67584157;"SPRF-MG";"DEL16-MG";"UOP02-DEL16-MG"
114585;2018-02-27;"terça-feira";"11:10:00";"RJ";101;299;"SAO GONCALO";"Condutor Dormindo";"Atropelamento de Pedestre";"Com Vítimas Feridas";"Pleno dia";"Decrescente";"Nublado";"Dupla";"Reta";"Sim";2;0;1;0;0;1;1;2;-22,774326;-42,938232;"SPRF-RJ";"DEL02-RJ";"DEL5/2-UOP04/RJ"
114586;2018-02-27;"terça-feira";"16:45:00";"SC";101;213,5;"PALHOCA";"Não guardar distância de segurança";"Queda de ocupante de veículo";"Com Vítimas Feridas";"Pleno dia";"Decrescente";"Chuva";"Múltipla";"Reta";"Não";1;0;0;1;0;0;1;1;-27,6446;-48,6705;"SPRF-SC";"DEL01-SC";"UOP02-DEL01-SC"
114588;2018-02-27;"terça-feira";"15:30:00";"MG";381;709,2;"NEPOMUCENO";"Pista Escorregadia";"Capotamento";"Com Vítimas Feridas";"Pleno dia";"Decrescente";"Chuva";"Dupla";"Curva";"Não";1;0;1;0;0;0;1;1;-21,28886546;-45,14006395;"SPRF-MG";"DEL04-MG";"UOP02-DEL04-MG"
114589;2018-02-27;"terça-feira";"17:15:00";"PE";232;5;"RECIFE";"Falta de Atenção à Condução";"Queda de ocupante de veículo";"Com Vítimas Feridas";"Pleno dia";"Decrescente";"Céu Claro";"Dupla";"Reta";"Sim";1;0;1;0;0;0;1;1;-8,067958;-34,945354;"SPRF-PE";"DEL01-PE";"UOP01-DEL01-PE"
114590;2018-02-27;"terça-feira";"15:45:00";"RO";364;308;"PRESIDENTE MEDICI";"Falta de Atenção à Condução";"Colisão transversal";"Com Vítimas Feridas";"Pleno dia";"Crescente";"Sol";"Múltipla";"Reta";"Sim";2;0;1;0;1;0;1;2;-11,172435;-61,901573;"SPRF-RO";"DEL02-RO";"UOP01-DEL02-RO"