"id";"data_inversa";"dia_semana";"horario";"uf";"br";"km";"municipio";"causa_acidente";"tipo_acidente";"classificacao_acidente";"fase_dia";"sentido_via";"condicao_metereologica";"tipo_pista";"tracado_via";"uso_solo";"pessoas";"mortos";"feridos_leves";"feridos_graves";"ilesos";"ignorados";"feridos";"veiculos";"latitude";"longitude";"regional";"delegacia";"uop"
114591;2018-02-27;"terça-feira";"16:35:00";"MG";381;694,4;"LAVRAS";"Defeito Mecânico no Veículo";"Queda de ocupante de veículo";"Com Vítimas Feridas";"Pleno dia";"Crescente";"Chuva";"Dupla";"Reta";"Não";3;0;0;1;1;1;1;3;-21,26280623;-45,14006395;"SPRF-MG";"DEL04-MG";"UOP02-DEL04-MG"
114592;2018-02-27;"terça-feira";"16:05:00";"MT";364;579,6;"NOBRES";"Pista Escorregadia";"Capotamento";"Sem Vítimas";"Pleno dia";"Crescente";"Chuva";"Simples";"Reta";"Não";1;0;0;0;1;0;0;1;-14,66296;-56,299362;"SPRF-MT";"DEL01-MT";"UOP01-DEL01-MT"
114593;2018-02-27;"terça-feira";"17:35:00";"DF";20;0;"BRASILIA";"Velocidade Incompatível";"Capotamento";"Sem Vítimas";"Pleno dia";"Decrescente";"Céu Claro";"Dupla";"Reta";"Não";3;0;0;0;3;0;0;1;-15,68494501;-47,81776425;"SPRF-DF";"DEL02-DF";"UOP01-DEL02-DF"
114595;2018-02-27;"terça-feira";"14:47:00";"MT";163;668;"LUCAS DO RIO VERDE";"Condutor Dormindo";"Saída de leito carroçável";"Sem Vítimas";"Pleno dia";"Decrescente";"Nublado";"Simples";"Reta";"Não";1;0;0;0;1;0;0;1;-13,23192464;-56,01104736;"SPRF-MT";"DEL06-MT";"UOP01-DEL06-MT"
114596;2018-02-27;"terça-feira";"16:50:00";"SC";101;194,3;"BIGUACU";"Falta de Atenção à Condução";"Colisão lateral";"Com Vítimas Feridas";"Pleno dia";"Decrescente";"Chuva";"Múltipla";"Viaduto;Retorno Regulamentado";"Sim";2;0;1;0;1;0;1;2;-27,49891215;-48,65579724;"SPRF-SC";"DEL01-SC";"UOP01-DEL01-SC"
114601;2018-02-27;"terça-feira";"17:00:00";"SC";282;2,9;"FLORIANOPOLIS";"Falta de Atenção à Condução";"Colisão lateral";"Com Vítimas Feridas";"Pleno dia";"Decrescente";"Chuva";"Dupla";"Reta";"Sim";2;0;1;0;1;0;1;2;-27,60229064;-48,59578443;"SPRF-SC";"DEL01-SC";"UOP01-DEL01-SC"
114604;2018-02-27;"terça-feira";"16:40:00";"MG";262;49,9;"MANHUACU";"Animais na Pista";"Atropelamento de Animal";"Com Vítimas Feridas";"Pleno dia";"Crescente";"Nublado";"Simples";"Reta";"Não";2;0;1;1;0;0;2;1;-20,247702;-42,129566;"SPRF-MG";"DEL06-MG";"UOP03-DEL06-MG"
114605;2018-02-27;"terça-feira";"17:55:00";"SC";282;276,6;"SAO JOSE DO CERRITO";"Velocidade Incompatível";"Saída de leito carroçável";"Sem Vítimas";"Pleno dia";"Decrescente";"Chuva";"Simples";"Curva;Declive";"Não";1;0;0;0;1;0;0;1;-27,59589674;-50,73224545;"SPRF-SC";"DEL05-SC";"UOP02-DEL05-SC"
114606;2018-02-27;"terça-feira";"17:50:00";"RS";158;471,3;"ROSARIO DO SUL";"Falta de Atenção à Condução";"Saída de leito carroçável";"Sem Vítimas";"Pleno dia";"Decrescente";"Céu Claro";"Simples";"Aclive";"Não";1;0;0;0;1;0;0;1;-30,28095827;-54,98131782;"SPRF-RS";"DEL11-RS";"UOP02-DEL11-RS"
114609;2018-02-27;"terça-feira";"18:30:00";"MG";262;41,1;"MANHUACU";"Velocidade Incompatível";"Colisão frontal";"Com Vítimas Feridas";"Anoitecer";"Crescente";"Céu Claro";"Simples";"Curva";"Não";9;0;5;1;3;0;6;4;-20,274427;-42,059002;"SPRF-MG";"DEL06-MG";"UOP03-DEL06-MG"
114610;2018-02-16;"sexta-feira";"06:50:00";"MG";381;492;"BETIM";"Falta de Atenção à Condução";"Colisão traseira";"Com Vítimas Feridas";"Amanhecer";"Crescente";"Nublado";"Dupla";"Reta";"Sim";2;0;1;1;0;0;2;2;-19,9639;-44,1693;"SPRF-MG";"DEL01-MG";"UOP03-DEL01-MG"
114611;2018-02-27;"terça-feira";"17:40:00";"RJ";40;19;"TRES RIOS";"Pista Escorregadia";"Saída de leito carroçável";"Com Vítimas Feridas";"Anoitecer";"Decrescente";"Chuva";"Dupla";"Curva";"Não";1;0;1;0;0;0;1;1;-22,102304;-43,171024;"SPRF-RJ";"DEL06-RJ";"UOP02-DEL05-RJ"
114612;2018-02-27;"terça-feira";"17:50:00";"SC";282;33,9;"AGUAS MORNAS";"Velocidade Incompatível";"Saída de leito carroçável";"Com Vítimas Feridas";"Pleno dia";"Decrescente";"Céu Claro";"Simples";"Curva";"Não";1;0;0;1;0;0;1;1;-27,706587;-48,808144;"SPRF-SC";"DEL01-SC";"UOP03-DEL01-SC"
114613;2018-02-27;"terça-feira";"17:20:00";"RS";392;23,4;"RIO GRANDE";"Avarias e/ou desgaste excessivo no pneu";"Tombamento";"Com Vítimas Feridas";"Pleno dia";"Crescente";"Chuva";"Dupla";"Reta";"Não";2;0;1;0;1;0;1;1;-32,088001;-52,22781;"SPRF-RS";"DEL07-RS";"UOP02-DEL07-RS"
114614;2018-02-27;"terça-feira";"18:25:00";"PE";101;44,2;"IGARASSU";"Falta de Atenção à Condução";"Colisão traseira";"Sem Vítimas";"Plena Noite";"Decrescente";"Céu Claro";"Dupla";"Reta";"Sim";2;0;0;0;2;0;0;2;-7,856;-34,9085;"SPRF-PE";"DEL01-PE";"UOP02-DEL01-PE"
114615;2018-02-27;"terça-feira";"18:50:00";"PR";476;130;"CURITIBA";"Falta de Atenção à Condução";"Colisão lateral";"Com Vítimas Feridas";"Anoitecer";"Crescente";"Nublado";"Múltipla";"Reta";"Sim";2;0;0;1;1;0;1;2;-25,43071798;-49,24209595;"SPRF-PR";"DEL01-PR";"UOP07-DEL01-PR"
114616;2018-02-27;"terça-feira";"18:30:00";"RS";290;91;"PORTO ALEGRE";"Falta de Atenção à Condução";"Tombamento";"Com Vítimas Feridas";"Pleno dia";"Decrescente";"Nublado";"Dupla";"Retorno Regulamentado";"Não";2;0;1;0;1;0;1;2;-29,97159098;-51,17019653;"SPRF-RS";"DEL01-RS";"UOP01-DEL01-RS"
114617;2018-02-27;"terça-feira";"18:00:00";"MG";381;3,5;"BETIM";"Velocidade Incompatível";"Colisão traseira";"Com Vítimas Feridas";"Pleno dia";"Crescente";"Nublado";"Dupla";"Reta";"Não";2;0;1;0;1;0;1;2;-19,98651932;-44,17142701;"SPRF-MG";"DEL01-MG";"UOP03-DEL01-MG"
114620;2018-02-27;"terça-feira";"18:30:00";"MG";50;155,1;"UBERABA";"Velocidade Incompatível";"Colisão com objeto estático";"Sem Vítimas";"Anoitecer";"Crescente";"Chuva";"Dupla";"Ponte";"Não";1;0;0;0;1;0;0;1;-19,6157;-48,0192;"SPRF-MG";"DEL13-MG";"UOP01-DEL13-MG"
114621;2018-02-27;"terça-feira";"18:30:00";"BA";367;26,7;"PORTO SEGURO";"Falta de Atenção à Condução";"Colisão transversal";"Com Vítimas Feridas";"Plena Noite";"Decrescente";"Ignorado";"Simples";"Reta";"Sim";2;0;1;0;1;0;1;2;-16,4307;-39,095634;"SPRF-BA";"DEL09-BA";"UOP01-DEL09-BA"
114623;2018-02-27;"terça-feira";"18:50:00";"SC";101;135;"BALNEARIO CAMBORIU";"Falta de Atenção à Condução";"Colisão lateral";"Com Vítimas Feridas";"Plena Noite";"Crescente";"Chuva";"Dupla";"Reta";"Sim";3;0;1;0;2;0;1;3;-27,0081;-48,617;"SPRF-SC";"DEL04-SC";"UOP03-DEL04-SC"
114625;2018-02-09;"sexta-feira";"15:30:00";"AL";423;99,7;"DELMIRO GOUVEIA";"Ingestão de Álcool";"Saída de leito carroçável";"Com Vítimas Feridas";"Pleno dia";"Decrescente";"Chuva";"Simples";"Declive";"Não";1;0;0;1;0;0;1;1;-9,37861241;-38,13697815;"SPRF-BA";"DEL07-BA";"UOP01-DEL07-BA"
114626;2018-02-27;"terça-feira";"14:30:00";"CE";116;135,1;"RUSSAS";"Mal Súbito";"Capotamento";"Sem Vítimas";"Pleno dia";"Crescente";"Céu Claro";"Simples";"Curva";"Não";1;0;0;0;1;0;0;1;-4,766018;-38,056034;"SPRF-CE";"DEL03-CE";"UOP01-DEL03-CE"
114629;2018-02-27;"terça-feira";"19:30:00";"ES";101;71;"SAO MATEUS";"Falta de Atenção à Condução";"Colisão frontal";"Com Vítimas Feridas";"Plena Noite";"Crescente";"Nublado";"Simples";"Reta";"Não";2;0;1;0;1;0;1;2;-18,720545;-39,865883;"SPRF-ES";"DEL04-ES";"UOP02-DEL04-ES"
114630;2018-02-27;"terça-feira";"16:55:00";"ES";262;155,9;"IBATIBA";"Defeito na Via";"Queda de ocupante de veículo";"Com Vítimas Feridas";"Pleno dia";"Decrescente";"Céu Claro";"Simples";"Reta";"Não";1;0;1;0;0;0;1;1;-20,2283;-41,4753;"SPRF-ES";"DEL01-ES";"UOP02-DEL01-ES"
114631;2018-02-27;"terça-feira";"18:30:00";"RO";364;715;"PORTO VELHO";"Falta de Atenção à Condução";"Colisão traseira";"Com Vítimas Feridas";"Plena Noite";"Crescente";"Céu Claro";"Dupla";"Desvio Temporário";"Não";2;0;1;0;1;0;1;2;-8,79849535;-63,89930895;"SPRF-RO";"DEL01-RO";"UOP01-DEL01-RO"
114633;2018-02-27;"terça-feira";"20:15:00";"RJ";40;122;"DUQUE DE CAXIAS";"Desobediência às normas de trânsito pelo condutor";"Colisão com objeto estático";"Com Vítimas Feridas";"Plena Noite";"Decrescente";"Nublado";"Múltipla";"Reta";"Sim";2;0;2;0;0;0;2;1;-22,7985856;-43,29022494;"SPRF-RJ";"DEL01-RJ";"UOP01-DEL01-RJ"
114634;2018-02-27;"terça-feira";"19:35:00";"GO";40;36,7;"LUZIANIA";"Falta de Atenção à Condução";"Colisão lateral";"Com Vítimas Feridas";"Plena Noite";"Crescente";"Céu Claro";"Dupla";"Reta";"Não";2;0;0;1;1;0;1;2;-16,32527;-47,839347;"SPRF-DF";"DEL01-DF";"UOP01-DEL01-DF"
114637;2018-02-27;"terça-feira";"20:30:00";"PA";316;1;"ANANINDEUA";"Falta de Atenção à Condução";"Colisão lateral";"Com Vítimas Feridas";"Plena Noite";"Crescente";"Céu Claro";"Dupla";"Reta";"Sim";2;0;1;0;1;0;1;2;-1,40190439;-48,42754126;"SPRF-PA";"DEL01-PA";"DEL19/1-UOP05/PA"
114638;2018-02-27;"terça-feira";"20:10:00";"SC";101;204,9;"SAO JOSE";"Falta de Atenção à Condução";"Colisão traseira";"Com Vítimas Feridas";"Plena Noite";"Crescente";"Garoa/Chuvisco";"Múltipla";"Reta";"Sim";5;0;3;0;2;0;3;3;-27,5832;-48,6151;"SPRF-SC";"DEL01-SC";"UOP01-DEL01-SC"
114640;2018-02-27;"terça-feira";"20:50:00";"SC";101;186;"BIGUACU";"Velocidade Incompatível";"Capotamento";"Com Vítimas Feridas";"Plena Noite";"Crescente";"Chuva";"Dupla";"Curva";"Sim";1;0;1;0;0;0;1;1;-27,43417966;-48,62550974;"SPRF-SC";"DEL01-SC";"UOP01-DEL01-SC"
114641;2018-02-27;"terça-feira";"19:15:00";"RJ";393;279;"BARRA DO PIRAI";"Desobediência às normas de trânsito pelo condutor";"Colisão transversal";"Com Vítimas Feridas";"Plena Noite";"Crescente";"Chuva";"Simples";"Reta";"Sim";2;0;1;0;1;0;1;2;-22,47988561;-44,04354036;"SPRF-RJ";"DEL05-RJ";"UOP04-DEL05-RJ"
114642;2018-02-27;"terça-feira";"19:40:00";"SC";470;58,5;"BLUMENAU";"Falta de Atenção à Condução";"Colisão frontal";"Com Vítimas Feridas";"Plena Noite";"Decrescente";"Nublado";"Simples";"Reta";"Sim";2;0;0;1;1;0;1;2;-26,87853212;-49,13327068;"SPRF-SC";"DEL04-SC";"UOP01-DEL04-SC"
114644;2018-02-27;"terça-feira";"21:00:00";"PI";343;345,3;"TERESINA";"Falta de Atenção à Condução";"Colisão transversal";"Com Vítimas Feridas";"Plena Noite";"Decrescente";"Céu Claro";"Dupla";"Interseção de Vias";"Sim";2;0;1;0;1;0;1;2;-5,10325492;-42,78601885;"SPRF-PI";"DEL01-PI";"UOP01-DEL01-PI"
114646;2018-02-27;"terça-feira";"21:25:00";"SC";101;59,8;"ARAQUARI";"Falta de Atenção à Condução";"Saída de leito carroçável";"Com Vítimas Feridas";"Plena Noite";"Crescente";"Chuva";"Dupla";"Reta";"Não";2;0;2;0;0;0;2;1;-26,451;-48,7852;"SPRF-SC";"DEL03-SC";"UOP02-DEL03-SC"
114648;2018-02-27;"terça-feira";"18:00:00";"MG";116;529,3;"CARATINGA";"Falta de Atenção à Condução";"Colisão transversal";"Com Vítimas Feridas";"Anoitecer";"Decrescente";"Céu Claro";"Dupla";"Curva";"Sim";2;0;1;0;0;1;1;2;-19,79230664;-42,13736415;"SPRF-MG";"DEL06-MG";"UOP02-DEL06-MG"
114649;2018-02-27;"terça-feira";"21:45:00";"PR";277;677,7;"MEDIANEIRA";"Falta de Atenção à Condução";"Colisão transversal";"Com Vítimas Feridas";"Plena Noite";"Crescente";"Chuva";"Dupla";"Reta;Aclive";"Não";2;0;1;1;0;0;2;2;-25,307642;-54,140575;"SPRF-PR";"DEL05-PR";"UOP01-DEL05-PR"
114651;2018-02-27;"terça-feira";"20:10:00";"MS";163;240,4;"DOURADOS";"Falta de Atenção à Condução";"Colisão lateral";"Sem Vítimas";"Plena Noite";"Decrescente";"Ignorado";"Simples";"Reta";"Não";2;0;0;0;2;0;0;1;-22,36823346;-54,79786545;"SPRF-MS";"DEL04-MS";"UOP01-DEL04-MS"
114654;2018-02-27;"terça-feira";"15:00:00";"MT";70;576;"NOSSA SENHORA DO LIVRAMENTO";"Velocidade Incompatível";"Saída de leito carroçável";"Com Vítimas Feridas";"Pleno dia";"Crescente";"Chuva";"Simples";"Curva";"Não";4;0;1;0;3;0;1;1;-15,7705413;-56,60174489;"SPRF-MT";"DEL03-MT";"UOP02-DEL03-MT"
114656;2018-02-27;"terça-feira";"18:30:00";"MG";116;480;"DOM CAVATI";"Ingestão de Álcool";"Colisão transversal";"Com Vítimas Feridas";"Plena Noite";"Crescente";"Nublado";"Simples";"Reta";"Sim";2;0;0;1;1;0;1;2;-19,3806937;-42,11131454;"SPRF-MG";"DEL06-MG";"UOP02-DEL06-MG"
114659;2018-02-27;"terça-feira";"21:20:00";"MG";262;801;"UBERABA";"Agressão Externa";"Incêndio";"Sem Vítimas";"Plena Noite";"Decrescente";"Chuva";"Dupla";"Reta";"Sim";1;0;0;0;0;1;0;1;-19,775097;-47,972019;"SPRF-MG";"DEL13-MG";"UOP01-DEL13-MG"
114660;2018-02-27;"terça-feira";"19:15:00";"PR";116;207,2;"RIO NEGRO";"Animais na Pista";"Atropelamento de Animal";"Com Vítimas Feridas";"Plena Noite";"Crescente";"Céu Claro";"Simples";"Declive";"Não";1;0;1;0;0;0;1;1;-26,101749;-49,780796;"SPRF-SC";"DEL06-SC";"UOP01-DEL06-SC"
114661;2018-02-27;"terça-feira";"10:30:00";"PR";277;363,1;"GUARAPUAVA";"Falta de Atenção à Condução";"Atropelamento de Pedestre";"Com Vítimas Feridas";"Plena Noite";"Decrescente";"Nublado";"Simples";"Reta;Declive";"Não";2;0;1;0;0;1;1;2;-25,4377534;-51,6362806;"SPRF-PR";"DEL03-PR";"UOP01-DEL08-PR"
114664;2018-02-27;"terça-feira";"22:44:00";"RO";364;344;"JI-PARANA";"Ingestão de Álcool";"Colisão transversal";"Com Vítimas Feridas";"Plena Noite";"Crescente";"Céu Claro";"Múltipla";"Interseção de Vias";"Sim";5;0;1;0;2;2;1;3;-10,87026197;-61,95788383;"SPRF-RO";"DEL02-RO";"UOP01-DEL02-RO"
114665;2018-01-02;"terça-feira";"09:30:00";"SC";101;38,2;"JOINVILLE";"Falta de Atenção à Condução";"Engavetamento";"Com Vítimas Feridas";"Pleno dia";"Crescente";"Céu Claro";"Dupla";"Reta;Viaduto";"Não";15;0;8;0;7;0;8;7;-26,29689696;-48,88403177;"SPRF-SC";"DEL03-SC";"UOP01-DEL03-SC"
114666;2018-02-27;"terça-feira";"23:15:00";"GO";60;440;"JATAI";"Animais na Pista";"Atropelamento de Animal";"Com Vítimas Feridas";"Plena Noite";"Decrescente";"Céu Claro";"Dupla";"Reta";"Não";2;0;1;0;1;0;1;1;-17,8397;-51,4315;"SPRF-GO";"DEL05-GO";"UOP01-DEL05-GO"
114668;2018-02-28;"quarta-feira";"00:20:00";"PE";101;63,2;"RECIFE";"Falta de Atenção à Condução";"Colisão com objeto estático";"Com Vítimas Feridas";"Plena Noite";"Crescente";"Céu Claro";"Dupla";"Reta";"Sim";1;0;0;1;0;0;1;1;-8,008719;-34,937701;"SPRF-PE";"DEL01-PE";"UOP01-DEL01-PE"
114669;2018-02-28;"quarta-feira";"00:30:00";"PE";232;13;"JABOATAO DOS GUARARAPES";"Ingestão de Álcool";"Colisão com objeto estático";"Sem Vítimas";"Plena Noite";"Crescente";"Céu Claro";"Dupla";"Reta";"Não";3;0;0;0;3;0;0;3;-8,088325;-35,012085;"SPRF-PE";"DEL01-PE";"UOP01-DEL01-PE"
114671;2018-02-27;"terça-feira";"21:07:00";"SC";282;466;"PONTE SERRADA";"Velocidade Incompatível";"Saída de leito carroçável";"Com Vítimas Feridas";"Plena Noite";"Crescente";"Chuva";"Simples";"Curva";"Não";1;0;1;0;0;0;1;1;-26,854576;-52,086765;"SPRF-SC";"DEL07-SC";"UOP04-DEL07-SC"
114673;2018-02-28;"quarta-feira";"01:05:00";"SC";282;331;"CAMPOS NOVOS";"Restrição de Visibilidade";"Queda de ocupante de veículo";"Com Vítimas Feridas";"Plena Noite";"Decrescente";"Nublado";"Simples";"Reta";"Não";1;0;1;0;0;0;1;1;-27,38890623;-51,1183387;"SPRF-SC";"DEL07-SC";"UOP06-DEL07-SC"
114674;2018-02-28;"quarta-feira";"03:00:00";"RS";116;558;"PEDRO OSORIO";"Ingestão de Álcool";"Colisão com objeto estático";"Sem Vítimas";"Plena Noite";"Crescente";"Céu Claro";"Simples";"Reta";"Não";1;0;0;0;1;0;0;1;-31,90670726;-52,67463684;"SPRF-RS";"DEL07-RS";"UOP03-DEL07-RS"
114676;2018-02-28;"quarta-feira";"03:00:00";"SP";116;212;"GUARULHOS";"Velocidade Incompatível";"Atropelamento de Pedestre";"Com Vítimas Feridas";"Plena Noite";"Crescente";"Ignorado";"Múltipla";"Reta";"Não";2;0;0;1;0;1;1;2;-23,43700567;-46,43066347;"SPRF-SP";"DEL01-SP";"UOP01-DEL01-SP"
114678;2018-02-27;"terça-feira";"18:20:00";"MG";267;273,9;"AIURUOCA";"Velocidade Incompatível";"Saída de leito carroçável";"Com Vítimas Feridas";"Anoitecer";"Decrescente";"Chuva";"Simples";"Curva";"Não";1;0;1;0;0;0;1;1;-21,93030692;-44,62783813;"SPRF-MG";"DEL05-MG";"DEL5/4-UOP01/MG"
114681;2018-02-28;"quarta-feira";"06:05:00";"BA";324;512;"FEIRA DE SANTANA";"Desobediência às normas de trânsito pelo condutor";"Colisão transversal";"Com Vítimas Feridas";"Pleno dia";"Crescente";"Céu Claro";"Simples";"Reta";"Sim";3;0;0;2;1;0;2;2;-12,23211;-38,9531;"SPRF-BA";"DEL02-BA";"UOP01-DEL02-BA"
114683;2018-02-28;"quarta-feira";"06:25:00";"MG";381;584,1;"CARMOPOLIS DE MINAS";"Falta de Atenção à Condução";"Colisão com objeto estático";"Sem Vítimas";"Amanhecer";"Decrescente";"Céu Claro";"Dupla";"Em Obras;Reta";"Não";1;0;0;0;1;0;0;1;-20,51766471;-44,61871862;"SPRF-MG";"DEL04-MG";"UOP01-DEL04-MG"
114684;2018-02-28;"quarta-feira";"00:30:00";"PR";376;615;"SAO JOSE DOS PINHAIS";"Restrição de Visibilidade";"Queda de ocupante de veículo";"Com Vítimas Feridas";"Plena Noite";"Crescente";"Céu Claro";"Dupla";"Reta";"Sim";1;0;0;1;0;0;1;1;-25,58084661;-49,17617798;"SPRF-PR";"DEL01-PR";"DEL7/1-UOP08/PR"
114686;2018-02-28;"quarta-feira";"06:55:00";"DF";20;15,3;"BRASILIA";"Falta de Atenção à Condução";"Colisão traseira";"Com Vítimas Feridas";"Pleno dia";"Decrescente";"Céu Claro";"Dupla";"Reta";"Não";2;0;1;0;1;0;1;2;-15,6292076;-47,7309369;"SPRF-DF";"DEL02-DF";"UOP01-DEL02-DF"
114687;2018-02-28;"quarta-feira";"07:00:00";"PE";407;126,8;"PETROLINA";"Falta de Atenção à Condução";"Colisão traseira";"Com Vítimas Feridas";"Pleno dia";"Crescente";"Céu Claro";"Simples";"Reta";"Sim";4;0;2;0;2;0;2;3;-9,39080661;-40,52008867;"SPRF-PE";"DEL06-PE";"UOP01-DEL06-PE"
114688;2018-02-28;"quarta-feira";"06:50:00";"ES";101;270,9;"SERRA";"Falta de Atenção à Condução";"Colisão lateral";"Com Vítimas Feridas";"Pleno dia";"Crescente";"Céu Claro";"Múltipla";"Curva";"Não";2;0;1;0;1;0;1;2;-20,22998607;-40,27313232;"SPRF-ES";"DEL02-ES";"UOP01-DEL02-ES"
114689;2018-02-28;"quarta-feira";"06:50:00";"SC";282;5,1;"SAO JOSE";"Não guardar distância de segurança";"Colisão traseira";"Sem Vítimas";"Pleno dia";"Decrescente";"Céu Claro";"Dupla";"Reta";"Sim";2;0;0;0;2;0;0;2;-27,59;-48,61;"SPRF-SC";"DEL01-SC";"UOP01-DEL01-SC"
114690;2018-02-28;"quarta-feira";"07:10:00";"RS";116;257;"ESTEIO";"Falta de Atenção à Condução";"Colisão traseira";"Com Vítimas Feridas";"Pleno dia";"Decrescente";"Céu Claro";"Dupla";"Reta";"Sim";5;0;3;0;2;0;3;2;-29,8489448;-51,17886543;"SPRF-RS";"DEL01-RS";"UOP02-DEL01-RS"
114692;2018-02-28;"quarta-feira";"07:00:00";"PR";376;105;"PARANAVAI";"Falta de Atenção à Condução";"Queda de ocupante de veículo";"Com Vítimas Feridas";"Pleno dia";"Decrescente";"Nublado";"Simples";"Reta";"Não";1;0;0;1;0;0;1;1;-23,063156;-52,431847;"SPRF-PR";"DEL07-PR";"UOP02-DEL09-PR"
114693;2018-02-28;"quarta-feira";"07:20:00";"SC";101;42,1;"JOINVILLE";"Falta de Atenção à Condução";"Colisão traseira";"Com Vítimas Feridas";"Pleno dia";"Decrescente";"Céu Claro";"Dupla";"Reta";"Sim";2;0;1;0;1;0;1;2;-26,325662;-48,865882;"SPRF-SC";"DEL03-SC";"UOP01-DEL03-SC"
114696;2018-02-28;"quarta-feira";"07:20:00";"PB";230;157;"CAMPINA GRANDE";"Desobediência às normas de trânsito pelo condutor";"Colisão transversal";"Com Vítimas Feridas";"Pleno dia";"Crescente";"Garoa/Chuvisco";"Simples";"Interseção de Vias";"Sim";4;0;2;0;2;0;2;2;-7,24804681;-35,86143494;"SPRF-PB";"DEL02-PB";"UOP01-DEL02-PB"
114697;2018-02-28;"quarta-feira";"06:25:00";"PB";230;71;"SOBRADO";"Velocidade Incompatível";"Colisão com objeto estático";"Sem Vítimas";"Pleno dia";"Crescente";"Garoa/Chuvisco";"Dupla";"Reta";"Não";1;0;0;0;0;1;0;1;-7,18597669;-35,26263718;"SPRF-PB";"DEL01-PB";"UOP03-DEL01-PB"
114698;2018-02-28;"quarta-feira";"07:20:00";"SE";101;74,5;"LARANJEIRAS";"Falta de Atenção à Condução";"Colisão traseira";"Sem Vítimas";"Pleno dia";"Decrescente";"Chuva";"Simples";"Reta;Aclive";"Não";2;0;0;0;2;0;0;2;-10,7853;-37,1421;"SPRF-SE";"DEL01-SE";"UOP01-DEL01-SE"
114699;2018-02-28;"quarta-feira";"07:55:00";"AL";101;12,8;"NOVO LINO";"Falta de Atenção à Condução";"Colisão lateral";"Sem Vítimas";"Pleno dia";"Crescente";"Céu Claro";"Dupla";"Reta";"Não";2;0;0;0;2;0;0;2;-8,973;-35,675;"SPRF-AL";"DEL01-AL";"UOP01-DEL01-AL"
114701;2018-02-28;"quarta-feira";"08:00:00";"PE";101;114;"IPOJUCA";"Pista Escorregadia";"Capotamento";"Sem Vítimas";"Pleno dia";"Crescente";"Nublado";"Dupla";"Curva";"Não";1;0;0;0;1;0;0;1;-8,33657107;-35,13963103;"SPRF-PE";"DEL01-PE";"UOP03-DEL01-PE"
114704;2018-02-28;"quarta-feira";"07:40:00";"RN";101;104;"PARNAMIRIM";"Desobediência às normas de trânsito pelo condutor";"Colisão traseira";"Com Vítimas Feridas";"Pleno dia";"Decrescente";"Nublado";"Múltipla";"Reta";"Sim";2;0;1;0;0;1;1;2;-5,892745;-35,257225;"SPRF-RN";"DEL01-RN";"UOP01-DEL01-RN"
114705;2018-02-28;"quarta-feira";"07:55:00";"PR";376;144;"PRESIDENTE CASTELO BRANCO";"Desobediência às normas de trânsito pelo condutor";"Colisão traseira";"Com Vítimas Feridas";"Pleno dia";"Crescente";"Nublado";"Dupla";"Reta";"Sim";4;0;0;1;3;0;1;2;-23,273064;-52,157608;"SPRF-PR";"DEL07-PR";"UOP02-DEL09-PR"
114707;2018-02-28;"quarta-feira";"08:00:00";"PR";277;723;"FOZ DO IGUACU";"Falta de Atenção à Condução";"Colisão transversal";"Com Vítimas Feridas";"Pleno dia";"Crescente";"Céu Claro";"Dupla";"Retorno Regulamentado";"Sim";3;0;1;1;1;0;2;2;-25,498783;-54,529865;"SPRF-PR";"DEL05-PR";"UOP01-DEL05-PR"
114710;2018-02-28;"quarta-feira";"07:50:00";"PR";376;178;"MARINGA";"Pista Escorregadia";"Queda de ocupante de veículo";"Com Vítimas Feridas";"Pleno dia";"Crescente";"Garoa/Chuvisco";"Múltipla";"Reta";"Sim";1;0;1;0;0;0;1;1;-23,412691;-51,931583;"SPRF-PR";"DEL07-PR";"UOP01-DEL09-PR"
114711;2018-02-28;"quarta-feira";"08:20:00";"PR";277;721;"FOZ DO IGUACU";"Falta de Atenção à Condução";"Colisão transversal";"Com Vítimas Feridas";"Pleno dia";"Crescente";"Sol";"Dupla";"Retorno Regulamentado";"Sim";3;0;3;0;0;0;3;2;-25,491169;-54,511887;"SPRF-PR";"DEL05-PR";"UOP01-DEL05-PR"
114713;2018-02-28;"quarta-feira";"08:50:00";"SC";101;196;"BIGUACU";"Defeito Mecânico no Veículo";"Queda de ocupante de veículo";"Com Vítimas Feridas";"Pleno dia";"Crescente";"Céu Claro";"Múltipla";"Reta";"Sim";2;0;2;0;0;0;2;1;-27,5185;-48,6383;"SPRF-SC";"DEL01-SC";"UOP01-DEL01-SC"
114714;2018-02-28;"quarta-feira";"07:45:00";"SE";101;128,3;"ESTANCIA";"Falta de Atenção à Condução";"Colisão com objeto estático";"Com Vítimas Feridas";"Pleno dia";"Crescente";"Chuva";"Dupla";"Reta";"Não";2;0;1;0;1;0;1;1;-11,088707;-37,370736;"SPRF-SE";"DEL02-SE";"UOP01-DEL02-SE"
114715;2018-02-28;"quarta-feira";"08:15:00";"BA";324;616;"SALVADOR";"Não guardar distância de segurança";"Engavetamento";"Sem Vítimas";"Pleno dia";"Crescente";"Sol";"Dupla";"Reta";"Sim";7;0;0;0;7;0;0;4;-12,8873864;-38,44026089;"SPRF-BA";"DEL01-BA";"UOP01-DEL01-BA"