"id";"data_inversa";"dia_semana";"horario";"uf";"br";"km";"municipio";"causa_acidente";"tipo_acidente";"classificacao_acidente";"fase_dia";"sentido_via";"condicao_metereologica";"tipo_pista";"tracado_via";"uso_solo";"pessoas";"mortos";"feridos_leves";"feridos_graves";"ilesos";"ignorados";"feridos";"veiculos";"latitude";"longitude";"regional";"delegacia";"uop"
114853;2018-01-15;"segunda-feira";"17:40:00";"BA";324;619;"SALVADOR";"Falta de Atenção à Condução";"Colisão traseira";"Com Vítimas Feridas";"Pleno dia";"Decrescente";"Sol";"Dupla";"Reta";"Sim";2;0;1;0;1;0;1;2;-12,90623862;-38,45634908;"SPRF-BA";"DEL01-BA";"UOP01-DEL01-BA"
114855;2018-02-28;"quarta-feira";"20:00:00";"CE";116;199,7;"LIMOEIRO DO NORTE";"Falta de Atenção à Condução";"Colisão transversal";"Com Vítimas Fatais";"Plena Noite";"Decrescente";"Céu Claro";"Simples";"Reta";"Não";2;1;0;1;0;0;1;2;-5,154772;-38,154018;"SPRF-CE";"DEL03-CE";"UOP01-DEL03-CE"
114856;2018-02-28;"quarta-feira";"19:30:00";"ES";101;67;"SAO MATEUS";"Não guardar distância de segurança";"Colisão traseira";"Com Vítimas Feridas";"Plena Noite";"Decrescente";"Céu Claro";"Dupla";"Reta";"Sim";2;0;0;1;1;0;1;2;-18,720545;-39,865883;"SPRF-ES";"DEL04-ES";"UOP02-DEL04-ES"
114857;2018-02-24;"sábado";"13:05:00";"SC";101;340,6;"TUBARAO";"Desobediência às normas de trânsito pelo condutor";"Colisão transversal";"Com Vítimas Feridas";"Pleno dia";"Crescente";"Sol";"Simples";"Interseção de Vias";"Sim";2;0;1;0;1;0;1;2;-28,50706102;-49,04994518;"SPRF-SC";"DEL02-SC";"UOP01-DEL02-SC"
114858;2018-02-28;"quarta-feira";"20:10:00";"MG";262;390;"FLORESTAL";"Defeito na Via";"Capotamento";"Sem Vítimas";"Plena Noite";"Crescente";"Chuva";"Dupla";"Reta";"Não";1;0;0;0;1;0;0;1;-19,90561338;-44,51406956;"SPRF-MG";"DEL01-MG";"UOP03-DEL01-MG"
114859;2018-02-28;"quarta-feira";"20:00:00";"RJ";116;298;"RESENDE";"Pista Escorregadia";"Queda de ocupante de veículo";"Com Vítimas Feridas";"Plena Noite";"Crescente";"Chuva";"Dupla";"Reta";"Não";1;0;1;0;0;0;1;1;-22,453835;-44,3784724;"SPRF-RJ";"DEL07-RJ";"DEL5/7-UOP03/RJ"
114860;2018-02-28;"quarta-feira";"14:15:00";"SC";101;342;"TUBARAO";"Falta de Atenção do Pedestre";"Atropelamento de Pedestre";"Com Vítimas Feridas";"Pleno dia";"Crescente";"Nublado";"Simples";"Interseção de Vias";"Sim";3;0;1;0;1;1;1;2;-28,5275;-49,0561;"SPRF-SC";"DEL02-SC";"UOP01-DEL02-SC"
114861;2018-02-28;"quarta-feira";"08:40:00";"ES";101;312,9;"VILA VELHA";"Animais na Pista";"Atropelamento de Animal";"Sem Vítimas";"Pleno dia";"Crescente";"Céu Claro";"Simples";"Reta";"Não";1;0;0;0;1;0;0;1;-20,45297554;-40,46236485;"SPRF-ES";"DEL03-ES";"UOP01-DEL03-ES"
114865;2018-02-28;"quarta-feira";"19:30:00";"SC";101;87;"BARRA VELHA";"Falta de Atenção à Condução";"Colisão transversal";"Com Vítimas Feridas";"Plena Noite";"Crescente";"Chuva";"Dupla";"Rotatória";"Não";3;0;1;0;2;0;1;2;-26,6504;-48,6869;"SPRF-SC";"DEL03-SC";"UOP02-DEL03-SC"
114866;2018-02-28;"quarta-feira";"20:30:00";"RJ";101;398;"ITAGUAI";"Falta de Atenção do Pedestre";"Atropelamento de Pedestre";"Com Vítimas Feridas";"Plena Noite";"Crescente";"Céu Claro";"Dupla";"Reta";"Sim";2;0;0;1;1;0;1;2;-22,8570128;-43,7573396;"SPRF-RJ";"DEL03-RJ";"UOP01-DEL03-RJ"
114868;2018-02-28;"quarta-feira";"17:20:00";"SC";282;443;"PONTE SERRADA";"Ingestão de Álcool";"Saída de leito carroçável";"Sem Vítimas";"Pleno dia";"Decrescente";"Céu Claro";"Simples";"Curva";"Não";1;0;0;0;1;0;0;1;-26,92329437;-51,88087463;"SPRF-SC";"DEL07-SC";"UOP04-DEL07-SC"
114871;2018-02-28;"quarta-feira";"20:20:00";"RJ";101;398;"ITAGUAI";"Desobediência às normas de trânsito pelo pedestre";"Atropelamento de Pedestre";"Com Vítimas Fatais";"Plena Noite";"Decrescente";"Nublado";"Dupla";"Reta";"Não";3;1;0;0;2;0;0;2;-22,8609895;-43,7570807;"SPRF-RJ";"DEL03-RJ";"UOP01-DEL03-RJ"
114875;2018-02-28;"quarta-feira";"05:00:00";"PR";280;276;"MARMELEIRO";"Velocidade Incompatível";"Saída de leito carroçável";"Sem Vítimas";"Amanhecer";"Decrescente";"Céu Claro";"Simples";"Curva";"Não";1;0;0;0;0;1;0;1;-26,22198304;-53,16421509;"SPRF-PR";"DEL02-PR";"UOP01-DEL02-PR"
114876;2018-02-28;"quarta-feira";"16:00:00";"PB";230;304;"SANTA LUZIA";"Velocidade Incompatível";"Capotamento";"Com Vítimas Fatais";"Pleno dia";"Crescente";"Nublado";"Simples";"Reta";"Não";1;1;0;0;0;0;0;1;-6,910833;-37,013056;"SPRF-PB";"DEL03-PB";"UOP01-DEL03-PB"
114877;2018-02-28;"quarta-feira";"20:30:00";"MG";381;487,5;"BETIM";"Falta de Atenção à Condução";"Danos eventuais";"Sem Vítimas";"Plena Noite";"Decrescente";"Chuva";"Dupla";"Declive;Curva";"Sim";2;0;0;0;2;0;0;2;-19,9572;-44,1243;"SPRF-MG";"DEL01-MG";"UOP03-DEL01-MG"
114878;2018-02-28;"quarta-feira";"16:45:00";"RS";470;227;"GARIBALDI";"Mal Súbito";"Queda de ocupante de veículo";"Com Vítimas Feridas";"Pleno dia";"Decrescente";"Céu Claro";"Simples";"Reta";"Não";1;0;0;1;0;0;1;1;-29,27667906;-51,49905686;"SPRF-RS";"DEL06-RS";"UOP01-DEL06-RS"
114880;2018-02-28;"quarta-feira";"21:25:00";"PB";101;88,5;"JOAO PESSOA";"Falta de Atenção do Pedestre";"Atropelamento de Pedestre";"Com Vítimas Feridas";"Plena Noite";"Crescente";"Chuva";"Dupla";"Reta";"Sim";3;0;2;1;0;0;3;2;-7,169921;-34,897323;"SPRF-PB";"DEL01-PB";"UOP01-DEL01-PB"
114881;2018-02-28;"quarta-feira";"21:30:00";"RJ";116;298;"RESENDE";"Desobediência às normas de trânsito pelo pedestre";"Atropelamento de Pedestre";"Com Vítimas Fatais";"Plena Noite";"Crescente";"Chuva";"Dupla";"Reta";"Não";2;1;0;0;0;1;0;2;-22,453835;-44,3784724;"SPRF-RJ";"DEL07-RJ";"DEL5/7-UOP03/RJ"
114883;2018-02-28;"quarta-feira";"16:05:00";"MA";222;439,8;"SANTA LUZIA";"Fenômenos da Natureza";"Capotamento";"Sem Vítimas";"Pleno dia";"Crescente";"Garoa/Chuvisco";"Simples";"Aclive;Curva";"Não";1;0;0;0;1;0;0;1;-4,07600443;-45,91331652;"SPRF-MA";"DEL02-MA";"UI04-DEL02-MA"
114885;2018-02-28;"quarta-feira";"18:45:00";"PB";104;72,2;"REMIGIO";"Pista Escorregadia";"Capotamento";"Com Vítimas Feridas";"Plena Noite";"Decrescente";"Chuva";"Simples";"Reta";"Não";1;0;0;1;0;0;1;1;-6,891337;-35,901931;"SPRF-PB";"DEL02-PB";"UOP04-DEL02-PB"
114886;2018-02-28;"quarta-feira";"21:00:00";"RJ";116;298;"RESENDE";"Falta de Atenção à Condução";"Capotamento";"Com Vítimas Feridas";"Plena Noite";"Crescente";"Chuva";"Dupla";"Reta";"Não";1;0;1;0;0;0;1;1;-22,453835;-44,3784724;"SPRF-RJ";"DEL07-RJ";"DEL5/7-UOP03/RJ"
114887;2018-02-28;"quarta-feira";"21:15:00";"CE";116;46;"PACAJUS";"Falta de Atenção à Condução";"Colisão lateral";"Com Vítimas Feridas";"Plena Noite";"Decrescente";"Céu Claro";"Dupla";"Reta";"Não";2;0;0;1;1;0;1;2;-4,1565;-38,4819;"SPRF-CE";"DEL01-CE";"UOP02-DEL01-CE"
114891;2018-02-28;"quarta-feira";"22:00:00";"GO";414;439;"ANAPOLIS";"Deficiência ou não Acionamento do Sistema de Iluminação/Sinalização do Veículo";"Colisão traseira";"Com Vítimas Feridas";"Plena Noite";"Crescente";"Céu Claro";"Simples";"Reta";"Sim";3;0;2;1;0;0;3;2;-16,27664206;-48,94134521;"SPRF-GO";"DEL02-GO";"UOP01-DEL02-GO"
114892;2018-02-28;"quarta-feira";"21:25:00";"MS";60;199;"CAMAPUA";"Ingestão de Álcool";"Tombamento";"Com Vítimas Feridas";"Plena Noite";"Crescente";"Garoa/Chuvisco";"Simples";"Reta";"Sim";1;0;1;0;0;0;1;1;-19,527525;-54,044304;"SPRF-MS";"DEL06-MS";"UOP02-DEL06-MS"
114893;2018-02-28;"quarta-feira";"22:01:00";"SC";101;254,8;"PAULO LOPES";"Velocidade Incompatível";"Capotamento";"Com Vítimas Feridas";"Plena Noite";"Decrescente";"Chuva";"Dupla";"Declive";"Não";2;0;1;0;1;0;1;1;-27,9968266;-48,68591309;"SPRF-SC";"DEL02-SC";"UOP03-DEL02-SC"
114894;2018-02-28;"quarta-feira";"22:15:00";"MG";40;621;"CONSELHEIRO LAFAIETE";"Desobediência às normas de trânsito pelo condutor";"Colisão traseira";"Com Vítimas Feridas";"Plena Noite";"Decrescente";"Nublado";"Simples";"Declive";"Não";2;0;1;0;1;0;1;2;-20,5944;-43,8026;"SPRF-MG";"DEL05-MG";"UOP02-DEL05-MG"
114899;2018-02-28;"quarta-feira";"23:00:00";"MG";262;768;"UBERABA";"Velocidade Incompatível";"Saída de leito carroçável";"Sem Vítimas";"Plena Noite";"Crescente";"Céu Claro";"Simples";"Rotatória";"Não";1;0;0;0;1;0;0;1;-19,685202;-47,676212;"SPRF-MG";"DEL13-MG";"UOP01-DEL13-MG"
114902;2018-02-28;"quarta-feira";"23:20:00";"ES";101;264,4;"SERRA";"Falta de Atenção à Condução";"Colisão transversal";"Com Vítimas Feridas";"Plena Noite";"Decrescente";"Céu Claro";"Múltipla";"Interseção de Vias";"Sim";2;0;1;0;1;0;1;2;-20,17785546;-40,26547462;"SPRF-ES";"DEL02-ES";"UOP01-DEL02-ES"
114904;2018-02-28;"quarta-feira";"23:15:00";"MT";364;1178;"CAMPOS DE JULIO";"Ingestão de Álcool";"Colisão transversal";"Com Vítimas Feridas";"Plena Noite";"Crescente";"Céu Claro";"Simples";"Reta";"Não";3;0;3;0;0;0;3;2;-13,71988975;-59,25766331;"SPRF-MT";"DEL04-MT";"UOP01-DEL04-MT"
114906;2018-02-28;"quarta-feira";"23:30:00";"SC";101;110,5;"NAVEGANTES";"Velocidade Incompatível";"Capotamento";"Sem Vítimas";"Plena Noite";"Crescente";"Chuva";"Dupla";"Reta";"Não";1;0;0;0;1;0;0;1;-26,8397;-48,714;"SPRF-SC";"DEL04-SC";"UOP04-DEL04-SC"
114907;2018-02-28;"quarta-feira";"21:45:00";"BA";116;520,5;"ITATIM";"Restrição de Visibilidade";"Atropelamento de Animal";"Sem Vítimas";"Plena Noite";"Crescente";"Céu Claro";"Simples";"Reta";"Não";7;0;0;0;7;0;0;1;-12,70366109;-39,71924221;"SPRF-BA";"DEL03-BA";"UOP02-DEL03-BA"
114909;2018-03-01;"quinta-feira";"00:50:00";"RJ";101;44;"CAMPOS DOS GOYTACAZES";"Pista Escorregadia";"Saída de leito carroçável";"Com Vítimas Feridas";"Plena Noite";"Crescente";"Chuva";"Simples";"Curva";"Não";1;0;1;0;0;0;1;1;-21,581078;-41,320469;"SPRF-RJ";"DEL08-RJ";"UOP01-DEL08-RJ"
114910;2018-03-01;"quinta-feira";"00:01:00";"RS";290;119;"ELDORADO DO SUL";"Falta de Atenção à Condução";"Queda de ocupante de veículo";"Com Vítimas Feridas";"Plena Noite";"Crescente";"Nublado";"Simples";"Reta";"Não";1;0;1;0;0;0;1;1;-30,049431;-51,398045;"SPRF-RS";"DEL02-RS";"UOP01-DEL02-RS"
114915;2018-03-01;"quinta-feira";"03:09:00";"RJ";116;96;"GUAPIMIRIM";"Falta de Atenção à Condução";"Saída de leito carroçável";"Sem Vítimas";"Plena Noite";"Decrescente";"Nublado";"Simples";"Reta";"Não";1;0;0;0;0;1;0;1;-22,480257;-42,997448;"SPRF-RJ";"DEL04-RJ";"UOP02-DEL04-RJ"
114917;2018-03-01;"quinta-feira";"02:30:00";"TO";153;353,1;"FORTALEZA DO TABOCAO";"Pista Escorregadia";"Saída de leito carroçável";"Com Vítimas Feridas";"Plena Noite";"Decrescente";"Chuva";"Simples";"Reta";"Não";1;0;1;0;0;0;1;1;-9,00572845;-48,50145305;"SPRF-TO";"DEL02-TO";"UOP02-DEL02-TO"
114919;2018-02-28;"quarta-feira";"19:40:00";"MA";10;246;"IMPERATRIZ";"Falta de Atenção à Condução";"Colisão frontal";"Com Vítimas Fatais";"Plena Noite";"Decrescente";"Nublado";"Simples";"Declive";"Sim";3;1;1;0;0;1;1;3;-5,581313;-47,438831;"SPRF-MA";"DEL04-MA";"UOP01-DEL04-MA"
114921;2018-03-01;"quinta-feira";"06:00:00";"PE";101;88,9;"CABO DE SANTO AGOSTINHO";"Desobediência às normas de trânsito pelo condutor";"Colisão transversal";"Sem Vítimas";"Pleno dia";"Crescente";"Céu Claro";"Múltipla";"Reta";"Sim";3;0;0;0;2;1;0;3;-8,22273021;-34,96633887;"SPRF-PE";"DEL01-PE";"UOP03-DEL01-PE"
114924;2018-03-01;"quinta-feira";"05:40:00";"SC";280;26,1;"ARAQUARI";"Desobediência às normas de trânsito pelo condutor";"Colisão frontal";"Com Vítimas Feridas";"Amanhecer";"Crescente";"Céu Claro";"Simples";"Reta";"Não";2;0;0;2;0;0;2;2;-26,39026469;-48,73474538;"SPRF-SC";"DEL03-SC";"UOP03-DEL03-SC"
114928;2018-03-01;"quinta-feira";"06:30:00";"SC";280;253,6;"CANOINHAS";"Falta de Atenção à Condução";"Saída de leito carroçável";"Sem Vítimas";"Pleno dia";"Decrescente";"Céu Claro";"Simples";"Curva";"Não";1;0;0;0;1;0;0;1;-26,21335897;-50,43387651;"SPRF-SC";"DEL06-SC";"UOP04-DEL06-SC"
114930;2018-03-01;"quinta-feira";"07:15:00";"MG";381;478;"CONTAGEM";"Desobediência às normas de trânsito pelo condutor";"Colisão lateral";"Com Vítimas Feridas";"Pleno dia";"Decrescente";"Sol";"Dupla";"Reta";"Sim";3;0;1;1;1;0;2;3;-19,9643;-44,044;"SPRF-MG";"DEL01-MG";"UOP03-DEL01-MG"
114931;2018-03-01;"quinta-feira";"07:00:00";"MG";40;626;"CONSELHEIRO LAFAIETE";"Velocidade Incompatível";"Tombamento";"Com Vítimas Feridas";"Pleno dia";"Crescente";"Céu Claro";"Simples";"Reta";"Sim";1;0;0;1;0;0;1;1;-20,63261293;-43,81225348;"SPRF-MG";"DEL05-MG";"UOP02-DEL05-MG"
114932;2018-03-01;"quinta-feira";"07:20:00";"TO";153;149,1;"ARAGUAINA";"Velocidade Incompatível";"Colisão com objeto estático";"Com Vítimas Feridas";"Pleno dia";"Decrescente";"Chuva";"Simples";"Declive;Reta";"Sim";2;0;1;1;0;0;2;1;-7,248127;-48,255337;"SPRF-TO";"DEL02-TO";"UOP01-DEL02-TO"
114934;2018-03-01;"quinta-feira";"07:15:00";"SC";282;17;"PALHOCA";"Desobediência às normas de trânsito pelo condutor";"Colisão traseira";"Com Vítimas Feridas";"Pleno dia";"Crescente";"Céu Claro";"Simples";"Reta";"Não";2;0;1;0;1;0;1;2;-27,665707;-48,688065;"SPRF-SC";"DEL01-SC";"UOP02-DEL01-SC"
114935;2018-03-01;"quinta-feira";"07:30:00";"PR";369;149;"LONDRINA";"Falta de Atenção à Condução";"Engavetamento";"Com Vítimas Feridas";"Pleno dia";"Crescente";"Céu Claro";"Dupla";"Reta";"Sim";4;0;1;0;3;0;1;4;-23,292847;-51,153266;"SPRF-PR";"DEL07-PR";"UOP01-DEL07-PR"
114937;2018-03-01;"quinta-feira";"07:50:00";"SC";282;5,8;"SAO JOSE";"Falta de Atenção à Condução";"Colisão traseira";"Sem Vítimas";"Pleno dia";"Crescente";"Céu Claro";"Dupla";"Reta";"Não";3;0;0;0;3;0;0;3;-27,59106642;-48,61038208;"SPRF-SC";"DEL01-SC";"UOP01-DEL01-SC"
114939;2018-03-01;"quinta-feira";"06:45:00";"RJ";101;308;"SAO GONCALO";"Falta de Atenção à Condução";"Colisão transversal";"Com Vítimas Feridas";"Pleno dia";"Crescente";"Céu Claro";"Dupla";"Reta";"Não";2;0;0;1;1;0;1;2;-22,793098;-43,024815;"SPRF-RJ";"DEL02-RJ";"DEL5/2-UOP04/RJ"
114940;2018-03-01;"quinta-feira";"07:45:00";"PA";230;120,5;"MARABA";"Desobediência às normas de trânsito pelo condutor";"Colisão transversal";"Com Vítimas Feridas";"Pleno dia";"Crescente";"Nublado";"Dupla";"Interseção de Vias;Declive";"Sim";2;0;1;0;1;0;1;2;-5,366178;-49,126121;"SPRF-PA";"DEL03-PA";"UOP01-DEL03-PA"
114941;2018-03-01;"quinta-feira";"07:20:00";"DF";70;6,1;"BRASILIA";"Não guardar distância de segurança";"Colisão traseira";"Com Vítimas Feridas";"Pleno dia";"Decrescente";"Céu Claro";"Múltipla";"Reta";"Sim";5;0;1;0;4;0;1;2;-15,79083403;-48,10668376;"SPRF-DF";"DEL01-DF";"UOP02-DEL03-DF"
114943;2018-03-01;"quinta-feira";"06:50:00";"BA";101;807;"ITAMARAJU";"Falta de Atenção do Pedestre";"Atropelamento de Pedestre";"Com Vítimas Feridas";"Amanhecer";"Crescente";"Céu Claro";"Simples";"Curva";"Não";2;0;2;0;0;0;2;2;-17,0105;-39,545;"SPRF-BA";"DEL09-BA";"UOP01-DEL09-BA"
114944;2018-03-01;"quinta-feira";"07:50:00";"PR";373;264,3;"PRUDENTOPOLIS";"Falta de Atenção à Condução";"Saída de leito carroçável";"Com Vítimas Feridas";"Pleno dia";"Crescente";"Céu Claro";"Simples";"Curva";"Sim";1;0;1;0;0;0;1;1;-25,19879139;-50,96818864;"SPRF-PR";"DEL03-PR";"UOP01-DEL03-PR"
114945;2018-03-01;"quinta-feira";"07:10:00";"MG";50;67,9;"UBERLANDIA";"Falta de Atenção à Condução";"Colisão traseira";"Com Vítimas Feridas";"Pleno dia";"Crescente";"Céu Claro";"Dupla";"Reta";"Sim";3;0;1;0;1;1;1;3;-18,8785256;-48,26181527;"SPRF-MG";"DEL15-MG";"UOP01-DEL15-MG"
114948;2018-03-01;"quinta-feira";"08:15:00";"SC";282;1;"FLORIANOPOLIS";"Falta de Atenção à Condução";"Engavetamento";"Com Vítimas Feridas";"Pleno dia";"Crescente";"Céu Claro";"Dupla";"Reta";"Sim";3;0;1;0;2;0;1;3;-27,602955;-48,580509;"SPRF-SC";"DEL01-SC";"UOP01-DEL01-SC"
114949;2018-03-01;"quinta-feira";"08:05:00";"PR";116;107,7;"SAO JOSE DOS PINHAIS";"Falta de Atenção à Condução";"Engavetamento";"Sem Vítimas";"Pleno dia";"Crescente";"Céu Claro";"Dupla";"Reta";"Não";4;0;0;0;4;0;0;4;-25,569897;-49,187782;"SPRF-PR";"DEL01-PR";"UOP07-DEL01-PR"
114951;2018-03-01;"quinta-feira";"08:19:00";"SP";116;230;"SAO PAULO";"Agressão Externa";"Danos eventuais";"Sem Vítimas";"Pleno dia";"Crescente";"Céu Claro";"Múltipla";"Reta";"Sim";1;0;0;0;1;0;0;1;-23,51661707;-46,58022881;"SPRF-SP";"DEL01-SP";"UOP01-DEL01-SP"
114952;2018-03-01;"quinta-feira";"09:10:00";"MG";381;483,2;"BETIM";"Falta de Atenção à Condução";"Colisão traseira";"Com Vítimas Feridas";"Pleno dia";"Decrescente";"Céu Claro";"Múltipla";"Aclive";"Sim";2;0;1;0;1;0;1;2;-19,9596;-44,0877;"SPRF-MG";"DEL01-MG";"UOP03-DEL01-MG"
114954;2018-03-01;"quinta-feira";"08:30:00";"BA";324;540,5;"AMELIA RODRIGUES";"Defeito Mecânico no Veículo";"Incêndio";"Sem Vítimas";"Pleno dia";"Crescente";"Céu Claro";"Dupla";"Aclive";"Sim";1;0;0;0;1;0;0;1;-12,39365886;-38,77555847;"SPRF-BA";"DEL01-BA";"UOP01-DEL01-BA"
114955;2018-03-01;"quinta-feira";"08:25:00";"PR";116;112;"CURITIBA";"Falta de Atenção à Condução";"Colisão lateral";"Com Vítimas Feridas";"Pleno dia";"Crescente";"Sol";"Dupla";"Reta";"Não";2;0;1;0;1;0;1;2;-25,569897;-49,187782;"SPRF-PR";"DEL01-PR";"UOP01-DEL01-PR"
114956;2018-03-01;"quinta-feira";"05:00:00";"MA";316;448;"PERITORO";"Ultrapassagem Indevida";"Saída de leito carroçável";"Sem Vítimas";"Amanhecer";"Decrescente";"Ignorado";"Simples";"Declive";"Não";3;0;0;0;3;0;0;3;-4,476348;-44,155643;"SPRF-MA";"DEL03-MA";"UOP01-DEL03-MA"
114957;2018-03-01;"quinta-feira";"08:50:00";"RJ";101;330;"RIO DE JANEIRO";"Defeito Mecânico no Veículo";"Incêndio";"Sem Vítimas";"Pleno dia";"Decrescente";"Céu Claro";"Dupla";"Reta";"Não";1;0;0;0;1;0;0;1;-22,868481;-43,18568;"SPRF-RJ";"DEL02-RJ";"UOP02-DEL02-RJ"
114958;2018-01-08;"segunda-feira";"01:30:00";"MS";163;29,2;"MUNDO NOVO";"Objeto estático sobre o leito carroçável";"Colisão com objeto em movimento";"Sem Vítimas";"Plena Noite";"Decrescente";"Céu Claro";"Dupla";"Reta";"Sim";2;0;0;0;2;0;0;1;-23,85695397;-54,33494568;"SPRF-MS";"DEL09-MS";"UOP02-DEL09-MS"
114962;2018-03-01;"quinta-feira";"09:20:00";"PB";230;165,6;"CAMPINA GRANDE";"Falta de Atenção à Condução";"Colisão com objeto estático";"Sem Vítimas";"Pleno dia";"Crescente";"Céu Claro";"Simples";"Rotatória";"Sim";1;0;0;0;1;0;0;1;-7,20717544;-35,95481873;"SPRF-PB";"DEL02-PB";"UOP02-DEL02-PB"
114965;2018-03-01;"quinta-feira";"10:10:00";"RJ";116;289;"BARRA MANSA";"Falta de Atenção à Condução";"Colisão com objeto estático";"Sem Vítimas";"Pleno dia";"Decrescente";"Céu Claro";"Dupla";"Curva";"Não";2;0;0;0;2;0;0;2;-22,449371;-44,321712;"SPRF-RJ";"DEL07-RJ";"UOP02-DEL07-RJ"
114966;2018-03-01;"quinta-feira";"09:45:00";"MS";262;299,1;"CAMPO GRANDE";"Desobediência às normas de trânsito pelo condutor";"Colisão lateral";"Com Vítimas Feridas";"Pleno dia";"Decrescente";"Céu Claro";"Simples";"Reta";"Não";2;0;0;1;0;1;1;2;-20,503264;-54,287306;"SPRF-MS";"DEL01-MS";"UOP01-DEL01-MS"
114967;2018-02-28;"quarta-feira";"23:10:00";"SC";101;384,1;"ICARA";"Falta de Atenção à Condução";"Colisão com objeto estático";"Sem Vítimas";"Plena Noite";"Crescente";"Nublado";"Dupla";"Reta";"Não";2;0;0;0;2;0;0;1;-28,7723;-49,31;"SPRF-SC";"DEL02-SC";"UOP02-DEL02-SC"
114968;2018-03-01;"quinta-feira";"11:30:00";"PR";376;3,2;"MANDAGUARI";"Falta de Atenção à Condução";"Colisão transversal";"Com Vítimas Feridas";"Pleno dia";"Crescente";"Céu Claro";"Simples";"Reta";"Sim";2;0;1;0;1;0;1;2;-23,51602681;-51,69252992;"SPRF-PR";"DEL07-PR";"UOP01-DEL09-PR"
114969;2018-03-01;"quinta-feira";"11:00:00";"PR";277;597,9;"CASCAVEL";"Ultrapassagem Indevida";"Colisão lateral";"Com Vítimas Feridas";"Pleno dia";"Decrescente";"Sol";"Múltipla";"Reta";"Sim";3;0;0;2;1;0;2;2;-25,00003653;-53,5206458;"SPRF-PR";"DEL04-PR";"UOP01-DEL04-PR"
114970;2018-03-01;"quinta-feira";"11:30:00";"SP";381;38;"ATIBAIA";"Defeito Mecânico no Veículo";"Colisão lateral";"Sem Vítimas";"Pleno dia";"Crescente";"Sol";"Dupla";"Reta";"Sim";2;0;0;0;2;0;0;2;-23,111236;-46,571055;"SPRF-SP";"DEL03-SP";"UOP01-DEL03-SP"
114971;2018-01-08;"segunda-feira";"07:30:00";"RR";174;103;"RORAINOPOLIS";"Falta de Atenção à Condução";"Saída de leito carroçável";"Com Vítimas Fatais";"Pleno dia";"Crescente";"Céu Claro";"Simples";"Ponte;Reta";"Não";6;2;3;0;0;1;3;2;0,019228;-60,643032;"SPRF-RR";"DEL01-RR";"UOP01-DEL01-RR"
114974;2018-03-01;"quinta-feira";"11:20:00";"RN";101;138,3;"SAO JOSE DE MIPIBU";"Pista Escorregadia";"Capotamento";"Com Vítimas Feridas";"Pleno dia";"Decrescente";"Chuva";"Dupla";"Reta";"Não";2;0;1;0;1;0;1;1;-6,188488;-35,213215;"SPRF-RN";"DEL01-RN";"UOP01-DEL01-RN"
114977;2018-03-01;"quinta-feira";"12:40:00";"PR";277;589;"SANTA TEREZA DO OESTE";"Falta de Atenção à Condução";"Queda de ocupante de veículo";"Com Vítimas Feridas";"Pleno dia";"Decrescente";"Céu Claro";"Simples";"Reta";"Sim";1;0;1;0;0;0;1;1;-25,02817;-53,55983;"SPRF-PR";"DEL04-PR";"UOP01-DEL04-PR"
114978;2018-03-01;"quinta-feira";"08:00:00";"PR";369;151,7;"LONDRINA";"Velocidade Incompatível";"Colisão traseira";"Com Vítimas Feridas";"Pleno dia";"Crescente";"Céu Claro";"Dupla";"Reta";"Sim";2;0;1;0;1;0;1;2;-23,292815;-51,178225;"SPRF-PR";"DEL07-PR";"UOP01-DEL07-PR"
114980;2018-03-01;"quinta-feira";"11:25:00";"RS";386;133;"SARANDI";"Falta de Atenção à Condução";"Colisão transversal";"Com Vítimas Feridas";"Pleno dia";"Decrescente";"Sol";"Simples";"Rotatória";"Não";2;0;0;1;1;0;1;2;-27,951338;-52,92548;"SPRF-RS";"DEL08-RS";"UOP01-DEL08-RS"
114981;2018-03-01;"quinta-feira";"11:45:00";"MS";463;102,7;"PONTA PORA";"Ultrapassagem Indevida";"Colisão frontal";"Com Vítimas Feridas";"Pleno dia";"Crescente";"Nublado";"Simples";"Reta";"Não";3;0;2;0;1;0;2;2;-22,616868;-55,632186;"SPRF-MS";"DEL04-MS";"UOP03-DEL04-MS"
114982;2018-03-01;"quinta-feira";"13:10:00";"PB";230;64,5;"SAO MIGUEL DE TAIPU";"Defeito na Via";"Saída de leito carroçável";"Sem Vítimas";"Pleno dia";"Crescente";"Chuva";"Dupla";"Declive;Curva";"Não";2;0;0;0;2;0;0;1;-7,1944;-35,1754;"SPRF-PB";"DEL01-PB";"UOP03-DEL01-PB"
114983;2018-03-01;"quinta-feira";"13:00:00";"MA";135;7,5;"SAO LUIS";"Desobediência às normas de trânsito pelo condutor";"Colisão transversal";"Com Vítimas Feridas";"Pleno dia";"Crescente";"Céu Claro";"Dupla";"Rotatória";"Sim";3;0;1;0;2;0;1;2;-2,64401958;-44,27215576;"SPRF-MA";"DEL01-MA";"UOP01-DEL01-MA"
114987;2018-03-01;"quinta-feira";"13:40:00";"PR";277;729;"FOZ DO IGUACU";"Desobediência às normas de trânsito pelo condutor";"Colisão traseira";"Sem Vítimas";"Pleno dia";"Crescente";"Céu Claro";"Dupla";"Reta";"Sim";2;0;0;0;2;0;0;2;-25,507555;-54,583755;"SPRF-PR";"DEL05-PR";"UOP03-DEL05-PR"