"id";"data_inversa";"dia_semana";"horario";"uf";"br";"km";"municipio";"causa_acidente";"tipo_acidente";"classificacao_acidente";"fase_dia";"sentido_via";"condicao_metereologica";"tipo_pista";"tracado_via";"uso_solo";"pessoas";"mortos";"feridos_leves";"feridos_graves";"ilesos";"ignorados";"feridos";"veiculos";"latitude";"longitude";"regional";"delegacia";"uop"
115248;2018-03-02;"sexta-feira";"14:20:00";"MG";381;711;"CARMO DA CACHOEIRA";"Velocidade Incompatível";"Capotamento";"Com Vítimas Feridas";"Pleno dia";"Decrescente";"Nublado";"Dupla";"Curva";"Não";3;0;3;0;0;0;3;1;-21,3666;-45,19;"SPRF-MG";"DEL04-MG";"UOP02-DEL04-MG"
115249;2018-03-02;"sexta-feira";"13:40:00";"RO";364;590;"ITAPUA DO OESTE";"Avarias e/ou desgaste excessivo no pneu";"Colisão frontal";"Com Vítimas Feridas";"Pleno dia";"Crescente";"Céu Claro";"Simples";"Reta";"Não";6;0;5;0;1;0;5;2;-9,29236;-63,15343;"SPRF-RO";"DEL03-RO";"UOP04-DEL01-RO"
115252;2018-03-02;"sexta-feira";"15:00:00";"SC";101;134;"BALNEARIO CAMBORIU";"Desobediência às normas de trânsito pelo condutor";"Colisão transversal";"Com Vítimas Feridas";"Pleno dia";"Crescente";"Sol";"Dupla";"Interseção de Vias";"Sim";2;0;1;0;1;0;1;2;-27,0049;-48,6266;"SPRF-SC";"DEL04-SC";"UOP03-DEL04-SC"
115256;2018-03-02;"sexta-feira";"15:30:00";"RJ";101;66;"CAMPOS DOS GOYTACAZES";"Falta de Atenção à Condução";"Colisão traseira";"Com Vítimas Feridas";"Pleno dia";"Crescente";"Nublado";"Simples";"Curva";"Sim";2;0;1;0;1;0;1;2;-21,760904;-41,347889;"SPRF-RJ";"DEL08-RJ";"UOP02-DEL08-RJ"
115257;2018-03-02;"sexta-feira";"15:30:00";"SC";282;21;"PALHOCA";"Falta de Atenção à Condução";"Colisão traseira";"Sem Vítimas";"Pleno dia";"Decrescente";"Nublado";"Simples";"Reta";"Sim";2;0;0;0;1;1;0;2;-27,68907;-48,717541;"SPRF-SC";"DEL01-SC";"UOP02-DEL01-SC"
115258;2018-03-02;"sexta-feira";"15:15:00";"SP";116;402;"MIRACATU";"Velocidade Incompatível";"Colisão com objeto estático";"Sem Vítimas";"Pleno dia";"Decrescente";"Chuva";"Dupla";"Retorno Regulamentado";"Não";1;0;0;0;1;0;0;1;-24,31406374;-47,51944721;"SPRF-SP";"DEL04-SP";"UOP02-DEL04-SP"
115260;2018-03-02;"sexta-feira";"15:35:00";"SP";116;478;"JACUPIRANGA";"Pista Escorregadia";"Queda de ocupante de veículo";"Com Vítimas Feridas";"Pleno dia";"Crescente";"Chuva";"Dupla";"Reta";"Não";1;0;1;0;0;0;1;1;-24,68971828;-47,98851016;"SPRF-SP";"DEL05-SP";"UAP01-DEL05-SP"
115261;2018-03-02;"sexta-feira";"15:30:00";"SC";101;201,8;"SAO JOSE";"Falta de Atenção à Condução";"Colisão com objeto estático";"Com Vítimas Feridas";"Pleno dia";"Crescente";"Nublado";"Dupla";"Reta;Declive";"Não";1;0;1;0;0;0;1;1;-27,57983711;-48,61377243;"SPRF-SC";"DEL01-SC";"UOP01-DEL01-SC"
115262;2018-03-02;"sexta-feira";"15:50:00";"SC";282;53;"RANCHO QUEIMADO";"Velocidade Incompatível";"Saída de leito carroçável";"Sem Vítimas";"Pleno dia";"Decrescente";"Garoa/Chuvisco";"Simples";"Curva";"Não";1;0;0;0;1;0;0;1;-27,691511;-48,970215;"SPRF-SC";"DEL01-SC";"UOP03-DEL01-SC"
115263;2018-03-02;"sexta-feira";"15:50:00";"RJ";116;166;"RIO DE JANEIRO";"Falta de Atenção à Condução";"Colisão lateral";"Com Vítimas Feridas";"Pleno dia";"Crescente";"Sol";"Múltipla";"Reta";"Sim";2;0;1;0;1;0;1;2;-22,80488561;-43,34478766;"SPRF-RJ";"DEL01-RJ";"UOP02-DEL01-RJ"
115265;2018-03-02;"sexta-feira";"14:30:00";"RS";293;236;"DOM PEDRITO";"Defeito Mecânico no Veículo";"Saída de leito carroçável";"Sem Vítimas";"Pleno dia";"Decrescente";"Céu Claro";"Simples";"Reta";"Não";2;0;0;0;2;0;0;1;-31,041653;-54,5425;"SPRF-RS";"DEL11-RS";"UOP03-DEL11-RS"
115266;2018-03-02;"sexta-feira";"15:40:00";"CE";222;2;"FORTALEZA";"Falta de Atenção do Pedestre";"Atropelamento de Pedestre";"Com Vítimas Feridas";"Pleno dia";"Decrescente";"Céu Claro";"Dupla";"Reta";"Sim";2;0;1;1;0;0;2;2;-3,73841464;-38,5825038;"SPRF-CE";"DEL01-CE";"UOP01-DEL01-CE"
115270;2018-03-02;"sexta-feira";"15:10:00";"TO";153;303;"PRESIDENTE KENNEDY";"Avarias e/ou desgaste excessivo no pneu";"Capotamento";"Sem Vítimas";"Pleno dia";"Decrescente";"Chuva";"Simples";"Reta";"Não";1;0;0;0;1;0;0;1;-8,560845;-48,483185;"SPRF-TO";"DEL02-TO";"UOP02-DEL02-TO"
115271;2018-03-02;"sexta-feira";"15:45:00";"RJ";116;168;"SAO JOAO DE MERITI";"Falta de Atenção à Condução";"Colisão traseira";"Com Vítimas Feridas";"Pleno dia";"Decrescente";"Céu Claro";"Múltipla";"Reta";"Sim";2;0;1;0;1;0;1;2;-22,79341001;-43,36603106;"SPRF-RJ";"DEL01-RJ";"UOP02-DEL01-RJ"
115274;2018-03-02;"sexta-feira";"17:00:00";"DF";70;3,3;"BRASILIA";"Falta de Atenção à Condução";"Colisão transversal";"Com Vítimas Feridas";"Pleno dia";"Decrescente";"Céu Claro";"Dupla";"Reta";"Sim";2;0;0;1;1;0;1;2;-15,80221586;-48,08364451;"SPRF-DF";"DEL01-DF";"UOP02-DEL03-DF"
115277;2018-03-02;"sexta-feira";"16:40:00";"SP";116;228;"SAO PAULO";"Não guardar distância de segurança";"Engavetamento";"Sem Vítimas";"Pleno dia";"Decrescente";"Nublado";"Múltipla";"Reta";"Sim";3;0;0;0;3;0;0;3;-23,5489;-46,6388;"SPRF-SP";"DEL01-SP";"UOP01-DEL01-SP"
115279;2018-03-02;"sexta-feira";"17:00:00";"MG";381;934,4;"EXTREMA";"Velocidade Incompatível";"Saída de leito carroçável";"Com Vítimas Feridas";"Pleno dia";"Decrescente";"Nublado";"Dupla";"Curva;Declive";"Não";1;0;1;0;0;0;1;1;-22,8083;-46,266;"SPRF-MG";"DEL16-MG";"UOP03-DEL16-MG"
115281;2018-03-02;"sexta-feira";"17:15:00";"GO";20;32;"FORMOSA";"Ultrapassagem Indevida";"Colisão frontal";"Com Vítimas Feridas";"Pleno dia";"Crescente";"Céu Claro";"Simples";"Reta";"Não";4;0;3;0;1;0;3;2;-15,482159;-47,101757;"SPRF-DF";"DEL02-DF";"UOP01-DEL02-DF"
115282;2018-01-15;"segunda-feira";"01:00:00";"AC";364;148;"RIO BRANCO";"Ingestão de Álcool";"Colisão traseira";"Com Vítimas Feridas";"Plena Noite";"Crescente";"Céu Claro";"Dupla";"Reta";"Não";5;0;1;0;4;0;1;2;-9,886862;-67,900284;"SPRF-AC";"DEL01-AC";"UOP01-DEL01-AC"
115284;2018-03-02;"sexta-feira";"17:20:00";"SC";101;187;"BIGUACU";"Falta de Atenção do Pedestre";"Atropelamento de Pedestre";"Com Vítimas Feridas";"Pleno dia";"Crescente";"Chuva";"Dupla";"Reta";"Sim";2;0;2;0;0;0;2;2;-27,4514;-48,6336;"SPRF-SC";"DEL01-SC";"UOP01-DEL01-SC"
115286;2018-03-02;"sexta-feira";"17:10:00";"PI";343;343,3;"TERESINA";"Ingestão de Álcool";"Colisão transversal";"Com Vítimas Feridas";"Pleno dia";"Crescente";"Céu Claro";"Simples";"Declive";"Sim";2;0;1;0;1;0;1;2;-5,09231205;-42,74986267;"SPRF-PI";"DEL01-PI";"UOP01-DEL01-PI"
115287;2018-03-02;"sexta-feira";"17:30:00";"SC";470;136,3;"RIO DO SUL";"Falta de Atenção à Condução";"Colisão com objeto estático";"Com Vítimas Feridas";"Pleno dia";"Decrescente";"Céu Claro";"Simples";"Reta";"Não";2;0;1;0;1;0;1;2;-27,194323;-49,624554;"SPRF-SC";"DEL04-SC";"UOP02-DEL04-SC"
115288;2018-03-02;"sexta-feira";"16:50:00";"RJ";393;238;"VASSOURAS";"Falta de Atenção à Condução";"Colisão transversal";"Sem Vítimas";"Pleno dia";"Decrescente";"Céu Claro";"Simples";"Reta";"Sim";2;0;0;0;2;0;0;2;-22,429241;-43,697148;"SPRF-RJ";"DEL05-RJ";"UOP03-DEL05-RJ"
115289;2018-03-02;"sexta-feira";"17:35:00";"MG";381;833,5;"SAO SEBASTIAO DA BELA VISTA";"Velocidade Incompatível";"Saída de leito carroçável";"Com Vítimas Feridas";"Pleno dia";"Decrescente";"Chuva";"Dupla";"Reta";"Não";1;0;1;0;0;0;1;1;-22,1255;-45,7981;"SPRF-MG";"DEL16-MG";"UOP01-DEL16-MG"
115292;2018-03-02;"sexta-feira";"16:15:00";"SP";116;514,4;"CAJATI";"Velocidade Incompatível";"Colisão com objeto estático";"Com Vítimas Feridas";"Pleno dia";"Crescente";"Garoa/Chuvisco";"Simples";"Curva";"Não";1;0;1;0;0;0;1;1;-24,7781724;-48,21152955;"SPRF-SP";"DEL05-SP";"UAP01-DEL05-SP"
115293;2018-03-02;"sexta-feira";"15:00:00";"MS";463;68,2;"PONTA PORA";"Velocidade Incompatível";"Colisão traseira";"Com Vítimas Feridas";"Pleno dia";"Crescente";"Nublado";"Simples";"Reta";"Não";3;0;2;1;0;0;3;2;-22,45575599;-55,38667791;"SPRF-MS";"DEL04-MS";"UOP03-DEL04-MS"
115294;2018-03-02;"sexta-feira";"17:55:00";"SC";470;35;"GASPAR";"Falta de Atenção à Condução";"Colisão frontal";"Com Vítimas Feridas";"Pleno dia";"Crescente";"Garoa/Chuvisco";"Simples";"Reta";"Não";3;0;2;0;1;0;2;2;-26,89880281;-48,90220642;"SPRF-SC";"DEL04-SC";"UOP01-DEL04-SC"
115295;2018-03-02;"sexta-feira";"17:45:00";"PR";116;135,3;"MANDIRITUBA";"Falta de Atenção do Pedestre";"Atropelamento de Pedestre";"Com Vítimas Feridas";"Pleno dia";"Decrescente";"Céu Claro";"Simples";"Declive";"Não";3;0;1;0;2;0;1;3;-25,72352273;-49,31787157;"SPRF-PR";"DEL01-PR";"UOP03-DEL01-PR"
115297;2018-03-02;"sexta-feira";"17:20:00";"SP";116;201;"ARUJA";"Pista Escorregadia";"Saída de leito carroçável";"Com Vítimas Feridas";"Pleno dia";"Crescente";"Chuva";"Dupla";"Curva";"Sim";1;0;1;0;0;0;1;1;-23,41410728;-46,36367798;"SPRF-SP";"DEL01-SP";"UOP02-DEL01-SP"
115298;2018-03-02;"sexta-feira";"17:40:00";"SP";116;148,2;"SAO JOSE DOS CAMPOS";"Não guardar distância de segurança";"Colisão lateral";"Sem Vítimas";"Anoitecer";"Decrescente";"Chuva";"Dupla";"Reta";"Sim";2;0;0;0;2;0;0;2;-23,2008041;-45,8792974;"SPRF-SP";"DEL02-SP";"UOP01-DEL02-SP"
115300;2018-03-02;"sexta-feira";"17:30:00";"RS";158;329,8;"SANTA MARIA";"Pista Escorregadia";"Tombamento";"Com Vítimas Feridas";"Pleno dia";"Crescente";"Céu Claro";"Simples";"Rotatória";"Sim";1;0;0;1;0;0;1;1;-29,700372;-53,84108841;"SPRF-RS";"DEL09-RS";"UOP01-DEL09-RS"
115301;2018-03-02;"sexta-feira";"17:25:00";"PB";230;49;"SANTA RITA";"Avarias e/ou desgaste excessivo no pneu";"Capotamento";"Sem Vítimas";"Pleno dia";"Decrescente";"Nublado";"Dupla";"Curva";"Não";1;0;0;0;1;0;0;1;-7,18224245;-35,05077481;"SPRF-PB";"DEL01-PB";"UOP03-DEL01-PB"
115303;2018-03-02;"sexta-feira";"17:40:00";"PR";116;116,7;"CURITIBA";"Falta de Atenção à Condução";"Colisão traseira";"Com Vítimas Feridas";"Pleno dia";"Decrescente";"Nublado";"Dupla";"Reta";"Sim";2;0;1;0;1;0;1;2;-25,55483157;-49,30526733;"SPRF-PR";"DEL01-PR";"UOP03-DEL01-PR"
115305;2018-03-02;"sexta-feira";"17:10:00";"GO";153;499;"GOIANIA";"Falta de Atenção à Condução";"Colisão lateral";"Com Vítimas Feridas";"Anoitecer";"Crescente";"Céu Claro";"Dupla";"Reta";"Sim";2;0;1;0;1;0;1;2;-16,7033;-49,2311;"SPRF-GO";"DEL01-GO";"UOP01-DEL01-GO"
115306;2018-03-02;"sexta-feira";"17:35:00";"GO";60;412;"RIO VERDE";"Pista Escorregadia";"Capotamento";"Sem Vítimas";"Pleno dia";"Decrescente";"Chuva";"Dupla";"Reta";"Não";1;0;0;0;1;0;0;1;-17,8181;-51,1657;"SPRF-GO";"DEL04-GO";"UOP01-DEL04-GO"
115307;2018-03-02;"sexta-feira";"17:45:00";"BA";407;4;"JUAZEIRO";"Desobediência às normas de trânsito pelo condutor";"Colisão lateral";"Com Vítimas Feridas";"Anoitecer";"Crescente";"Céu Claro";"Simples";"Reta";"Sim";2;0;2;0;0;0;2;2;-9,43965;-40,494293;"SPRF-PE";"DEL06-PE";"UOP01-DEL06-PE"
115309;2018-03-02;"sexta-feira";"18:20:00";"DF";60;25;"BRASILIA";"Falta de Atenção à Condução";"Saída de leito carroçável";"Sem Vítimas";"Anoitecer";"Crescente";"Céu Claro";"Dupla";"Curva";"Não";1;0;0;0;1;0;0;1;-15,996379;-48,240028;"SPRF-DF";"DEL01-DF";"UOP01-DEL03-DF"
115311;2018-03-02;"sexta-feira";"18:30:00";"SC";101;210;"SAO JOSE";"Não guardar distância de segurança";"Colisão traseira";"Com Vítimas Feridas";"Anoitecer";"Crescente";"Céu Claro";"Múltipla";"Reta";"Sim";3;0;1;0;2;0;1;2;-27,61988353;-48,64911762;"SPRF-SC";"DEL01-SC";"UOP01-DEL01-SC"
115315;2018-03-02;"sexta-feira";"18:15:00";"RJ";101;305;"SAO GONCALO";"Falta de Atenção à Condução";"Queda de ocupante de veículo";"Com Vítimas Feridas";"Anoitecer";"Decrescente";"Nublado";"Dupla";"Reta";"Não";3;0;1;0;1;1;1;2;-22,787031;-42,995907;"SPRF-RJ";"DEL02-RJ";"DEL5/2-UOP04/RJ"
115316;2018-03-02;"sexta-feira";"17:40:00";"PR";277;542,4;"IBEMA";"Falta de Atenção à Condução";"Saída de leito carroçável";"Com Vítimas Feridas";"Pleno dia";"Decrescente";"Céu Claro";"Simples";"Curva";"Não";1;0;1;0;0;0;1;1;-25,10327967;-53,0783844;"SPRF-PR";"DEL04-PR";"UOP04-DEL04-PR"
115317;2018-03-02;"sexta-feira";"18:40:00";"GO";153;494,9;"GOIANIA";"Velocidade Incompatível";"Colisão traseira";"Com Vítimas Feridas";"Anoitecer";"Decrescente";"Nublado";"Dupla";"Reta";"Sim";2;0;1;0;1;0;1;2;-16,6614;-49,2218;"SPRF-GO";"DEL01-GO";"UOP01-DEL01-GO"
115319;2018-03-02;"sexta-feira";"17:45:00";"SC";470;160,9;"TROMBUDO CENTRAL";"Falta de Atenção à Condução";"Colisão transversal";"Com Vítimas Feridas";"Anoitecer";"Decrescente";"Céu Claro";"Simples";"Reta";"Não";2;0;1;0;1;0;1;2;-27,286278;-49,798035;"SPRF-SC";"DEL04-SC";"UOP02-DEL04-SC"
115320;2018-03-02;"sexta-feira";"17:00:00";"MT";163;513;"DIAMANTINO";"Não guardar distância de segurança";"Colisão traseira";"Sem Vítimas";"Pleno dia";"Crescente";"Céu Claro";"Simples";"Reta";"Não";3;0;0;0;3;0;0;2;-14,50648535;-56,19918823;"SPRF-MT";"DEL01-MT";"UOP01-DEL01-MT"
115322;2018-03-02;"sexta-feira";"19:10:00";"SC";101;363,9;"SANGAO";"Objeto estático sobre o leito carroçável";"Tombamento";"Com Vítimas Feridas";"Plena Noite";"Decrescente";"Nublado";"Dupla";"Aclive";"Não";2;0;1;1;0;0;2;1;-28,6771;-49,1338;"SPRF-SC";"DEL02-SC";"UOP01-DEL02-SC"
115323;2018-03-02;"sexta-feira";"19:15:00";"MG";40;730,2;"OLIVEIRA FORTES";"Velocidade Incompatível";"Saída de leito carroçável";"Com Vítimas Feridas";"Plena Noite";"Decrescente";"Chuva";"Dupla";"Curva;Declive";"Não";2;0;1;0;1;0;1;1;-21,3565;-43,581;"SPRF-MG";"DEL05-MG";"UOP01-DEL05-MG"
115324;2018-03-02;"sexta-feira";"19:00:00";"RJ";101;410;"ITAGUAI";"Desobediência às normas de trânsito pelo pedestre";"Atropelamento de Pedestre";"Com Vítimas Fatais";"Plena Noite";"Crescente";"Céu Claro";"Dupla";"Reta";"Não";2;1;0;0;1;0;0;2;-22,889908;-43,840076;"SPRF-RJ";"DEL03-RJ";"UOP01-DEL03-RJ"
115325;2018-03-02;"sexta-feira";"18:20:00";"RR";174;503;"BOA VISTA";"Desobediência às normas de trânsito pelo condutor";"Colisão transversal";"Com Vítimas Feridas";"Anoitecer";"Decrescente";"Céu Claro";"Dupla";"Reta";"Sim";3;0;1;0;0;2;1;3;2,799616;-60,696689;"SPRF-RR";"DEL01-RR";"UOP01-DEL01-RR"
115326;2018-03-02;"sexta-feira";"18:00:00";"SC";116;30,4;"ITAIOPOLIS";"Velocidade Incompatível";"Colisão frontal";"Sem Vítimas";"Pleno dia";"Decrescente";"Chuva";"Simples";"Curva";"Não";2;0;0;0;2;0;0;2;-26,37833712;-49,92163897;"SPRF-SC";"DEL06-SC";"UOP01-DEL06-SC"
115327;2018-03-02;"sexta-feira";"19:00:00";"SP";381;66;"MAIRIPORA";"Falta de Atenção à Condução";"Capotamento";"Com Vítimas Feridas";"Plena Noite";"Crescente";"Chuva";"Dupla";"Reta";"Sim";2;0;2;0;0;0;2;1;-23,32586912;-46,57919562;"SPRF-SP";"DEL03-SP";"DEL6/3-UOP03/SP"
115328;2018-03-02;"sexta-feira";"18:00:00";"RN";101;43,5;"MAXARANGUAPE";"Animais na Pista";"Atropelamento de Animal";"Com Vítimas Feridas";"Plena Noite";"Decrescente";"Céu Claro";"Simples";"Reta";"Não";1;0;0;1;0;0;1;1;-5,485139;-35,324432;"SPRF-RN";"DEL02-RN";"UOP01-DEL02-RN"
115329;2018-03-02;"sexta-feira";"19:30:00";"SC";470;327,4;"CAMPOS NOVOS";"Ultrapassagem Indevida";"Colisão frontal";"Com Vítimas Feridas";"Plena Noite";"Crescente";"Nublado";"Simples";"Reta";"Não";2;0;1;1;0;0;2;2;-27,465645;-51,268574;"SPRF-SC";"DEL07-SC";"UOP06-DEL07-SC"
115330;2018-03-02;"sexta-feira";"19:45:00";"MG";381;876,4;"ESTIVA";"Velocidade Incompatível";"Saída de leito carroçável";"Com Vítimas Feridas";"Plena Noite";"Decrescente";"Chuva";"Dupla";"Curva";"Não";2;0;1;0;1;0;1;1;-22,4394025;-45,98484814;"SPRF-MG";"DEL16-MG";"UOP01-DEL16-MG"
115331;2018-03-02;"sexta-feira";"14:30:00";"PB";101;126,5;"CAAPORA";"Falta de Atenção à Condução";"Colisão lateral";"Com Vítimas Feridas";"Pleno dia";"Decrescente";"Ignorado";"Dupla";"Reta";"Sim";4;0;1;1;1;1;2;3;-7,49197319;-34,98274863;"SPRF-PB";"DEL01-PB";"UOP01-DEL01-PB"
115334;2018-03-02;"sexta-feira";"19:30:00";"SC";101;210,6;"SAO JOSE";"Falta de Atenção à Condução";"Colisão lateral";"Com Vítimas Feridas";"Plena Noite";"Decrescente";"Nublado";"Dupla";"Reta";"Não";2;0;1;0;1;0;1;2;-27,62081989;-48,64966035;"SPRF-SC";"DEL01-SC";"UOP01-DEL01-SC"
115335;2018-03-02;"sexta-feira";"19:00:00";"RS";158;335;"SANTA MARIA";"Falta de Atenção à Condução";"Colisão frontal";"Com Vítimas Feridas";"Anoitecer";"Crescente";"Céu Claro";"Simples";"Reta";"Não";2;0;1;0;1;0;1;2;-29,70747948;-53,87389004;"SPRF-RS";"DEL09-RS";"UOP01-DEL09-RS"
115336;2018-03-02;"sexta-feira";"15:00:00";"MS";463;68;"PONTA PORA";"Desobediência às normas de trânsito pelo condutor";"Colisão com objeto estático";"Com Vítimas Feridas";"Pleno dia";"Crescente";"Nublado";"Dupla";"Reta";"Não";3;0;1;0;0;2;1;3;-22,45411995;-55,38516514;"SPRF-MS";"DEL04-MS";"UOP03-DEL04-MS"
115337;2018-03-02;"sexta-feira";"19:30:00";"RS";101;10,5;"DOM PEDRO DE ALCANTARA";"Falta de Atenção à Condução";"Colisão traseira";"Com Vítimas Feridas";"Plena Noite";"Decrescente";"Céu Claro";"Simples";"Reta";"Sim";2;0;0;1;1;0;1;2;-29,372843;-49,823124;"SPRF-RS";"DEL03-RS";"DEL9/3-UOP03/RS"
115339;2018-03-02;"sexta-feira";"20:15:00";"BA";101;98,1;"ALAGOINHAS";"Falta de Atenção à Condução";"Capotamento";"Com Vítimas Feridas";"Plena Noite";"Crescente";"Céu Claro";"Simples";"Interseção de Vias";"Não";1;0;1;0;0;0;1;1;-12,063495;-38,35464478;"SPRF-BA";"DEL01-BA";"UOP04-DEL01-BA"
115340;2018-03-02;"sexta-feira";"20:15:00";"SC";101;208;"SAO JOSE";"Falta de Atenção à Condução";"Colisão traseira";"Com Vítimas Feridas";"Plena Noite";"Decrescente";"Céu Claro";"Dupla";"Reta";"Sim";2;0;1;0;1;0;1;2;-27,6101;-48,6388;"SPRF-SC";"DEL01-SC";"UOP01-DEL01-SC"
115341;2018-03-02;"sexta-feira";"19:50:00";"PR";116;42;"CAMPINA GRANDE DO SUL";"Falta de Atenção à Condução";"Colisão transversal";"Com Vítimas Feridas";"Plena Noite";"Decrescente";"Nublado";"Dupla";"Interseção de Vias";"Não";7;0;2;0;5;0;2;2;-25,20121348;-48,8973999;"SPRF-PR";"DEL01-PR";"UOP02-DEL01-PR"
115342;2018-03-02;"sexta-feira";"19:40:00";"RO";364;342;"JI-PARANA";"Falta de Atenção do Pedestre";"Atropelamento de Pedestre";"Com Vítimas Feridas";"Plena Noite";"Decrescente";"Céu Claro";"Dupla";"Declive";"Sim";2;0;2;0;0;0;2;2;-10,883874;-61,937317;"SPRF-RO";"DEL02-RO";"UOP01-DEL02-RO"
115344;2018-03-02;"sexta-feira";"17:30:00";"MG";116;739;"LARANJAL";"Defeito na Via";"Colisão com objeto estático";"Com Vítimas Feridas";"Anoitecer";"Crescente";"Chuva";"Simples";"Curva";"Não";1;0;1;0;0;0;1;1;-21,43672876;-42,52922055;"SPRF-MG";"DEL07-MG";"UOP01-DEL07-MG"
115345;2018-03-02;"sexta-feira";"19:15:00";"CE";222;220,5;"SOBRAL";"Velocidade Incompatível";"Saída de leito carroçável";"Sem Vítimas";"Plena Noite";"Decrescente";"Chuva";"Simples";"Curva";"Não";2;0;0;0;2;0;0;1;-3,734836;-40,317974;"SPRF-CE";"DEL04-CE";"UOP01-DEL04-CE"
115347;2018-03-02;"sexta-feira";"21:10:00";"SC";101;203;"SAO JOSE";"Falta de Atenção à Condução";"Colisão transversal";"Com Vítimas Feridas";"Pleno dia";"Crescente";"Céu Claro";"Múltipla";"Interseção de Vias";"Sim";2;0;1;0;1;0;1;2;-27,5742;-48,6134;"SPRF-SC";"DEL01-SC";"UOP01-DEL01-SC"
115348;2018-03-02;"sexta-feira";"21:21:00";"PR";116;15,8;"CAMPINA GRANDE DO SUL";"Velocidade Incompatível";"Capotamento";"Sem Vítimas";"Plena Noite";"Crescente";"Nublado";"Dupla";"Curva";"Não";1;0;0;0;1;0;0;1;-25,09970208;-48,69045138;"SPRF-PR";"DEL01-PR";"UOP02-DEL01-PR"
115350;2018-03-02;"sexta-feira";"19:50:00";"MG";381;451;"SANTA LUZIA";"Falta de Atenção à Condução";"Colisão transversal";"Com Vítimas Feridas";"Plena Noite";"Decrescente";"Céu Claro";"Simples";"Reta";"Sim";2;0;0;1;1;0;1;2;-19,82362452;-43,8303414;"SPRF-MG";"DEL01-MG";"UOP01-DEL01-MG"
115352;2018-03-02;"sexta-feira";"21:30:00";"GO";60;179,5;"ABADIA DE GOIAS";"Deficiência ou não Acionamento do Sistema de Iluminação/Sinalização do Veículo";"Colisão traseira";"Com Vítimas Feridas";"Plena Noite";"Decrescente";"Céu Claro";"Dupla";"Aclive";"Não";2;0;0;1;1;0;1;2;-16,7709;-49,4844;"SPRF-GO";"DEL01-GO";"UOP02-DEL01-GO"
115353;2018-03-02;"sexta-feira";"21:35:00";"RS";470;218,6;"BENTO GONCALVES";"Falta de Atenção à Condução";"Colisão transversal";"Com Vítimas Feridas";"Plena Noite";"Decrescente";"Ignorado";"Simples";"Curva";"Não";4;0;4;0;0;0;4;3;-29,186667;-51,520433;"SPRF-RS";"DEL06-RS";"UOP01-DEL06-RS"
115354;2018-03-02;"sexta-feira";"20:25:00";"PR";476;197,4;"LAPA";"Ingestão de Álcool";"Colisão traseira";"Sem Vítimas";"Pleno dia";"Crescente";"Ignorado";"Simples";"Aclive";"Sim";2;0;0;0;1;1;0;2;-25,76144061;-49,73503232;"SPRF-PR";"DEL01-PR";"UOP06-DEL01-PR"
115355;2018-03-02;"sexta-feira";"21:30:00";"RJ";393;158;"TRES RIOS";"Falta de Atenção à Condução";"Colisão frontal";"Com Vítimas Feridas";"Plena Noite";"Crescente";"Garoa/Chuvisco";"Simples";"Reta";"Não";2;0;0;1;0;1;1;2;-22,127502;-43,147022;"SPRF-RJ";"DEL06-RJ";"UOP01-DEL05-RJ"
115356;2018-03-02;"sexta-feira";"21:25:00";"RJ";116;165,2;"RIO DE JANEIRO";"Falta de Atenção do Pedestre";"Atropelamento de Pedestre";"Com Vítimas Feridas";"Plena Noite";"Decrescente";"Nublado";"Múltipla";"Reta";"Sim";2;0;0;1;1;0;1;2;-22,80860938;-43,33867997;"SPRF-RJ";"DEL01-RJ";"UOP02-DEL01-RJ"
115357;2018-03-02;"sexta-feira";"19:30:00";"ES";259;81,2;"COLATINA";"Objeto estático sobre o leito carroçável";"Colisão com objeto estático";"Com Vítimas Feridas";"Plena Noite";"Crescente";"Céu Claro";"Simples";"Reta";"Não";1;0;1;0;0;0;1;1;-19,514526;-40,842159;"SPRF-ES";"DEL02-ES";"UOP01-DEL02-ES"
115358;2018-03-02;"sexta-feira";"20:30:00";"BA";116;284,7;"TUCANO";"Mal Súbito";"Colisão frontal";"Com Vítimas Feridas";"Plena Noite";"Decrescente";"Céu Claro";"Simples";"Reta";"Não";3;0;0;2;1;0;2;2;-11,04571086;-38,83681644;"SPRF-BA";"DEL02-BA";"DEL10/2-UOP02/BA"
115359;2018-03-02;"sexta-feira";"21:00:00";"PI";316;13;"TERESINA";"Restrição de Visibilidade";"Tombamento";"Com Vítimas Feridas";"Plena Noite";"Decrescente";"Chuva";"Dupla";"Reta";"Sim";1;0;0;1;0;0;1;1;-5,17823132;-42,76908875;"SPRF-PI";"DEL01-PI";"UOP02-DEL01-PI"
115360;2018-03-02;"sexta-feira";"21:45:00";"SC";470;35,6;"GASPAR";"Falta de Atenção do Pedestre";"Atropelamento de Pedestre";"Com Vítimas Feridas";"Plena Noite";"Decrescente";"Céu Claro";"Simples";"Em Obras";"Sim";2;0;1;0;1;0;1;2;-26,92941643;-48,959198;"SPRF-SC";"DEL04-SC";"UOP01-DEL04-SC"
115361;2018-03-02;"sexta-feira";"20:15:00";"PR";476;114;"COLOMBO";"Falta de Atenção à Condução";"Saída de leito carroçável";"Sem Vítimas";"Plena Noite";"Crescente";"Céu Claro";"Simples";"Reta";"Sim";1;0;0;0;0;1;0;1;-25,335966;-49,158184;"SPRF-PR";"DEL01-PR";"UOP01-DEL01-PR"
115362;2018-03-02;"sexta-feira";"13:30:00";"SC";101;195,9;"BIGUACU";"Falta de Atenção à Condução";"Colisão transversal";"Com Vítimas Feridas";"Pleno dia";"Decrescente";"Nublado";"Dupla";"Reta";"Não";3;0;2;0;1;0;2;2;-27,51042198;-48,64345908;"SPRF-SC";"DEL01-SC";"UOP01-DEL01-SC"