"id";"data_inversa";"dia_semana";"horario";"uf";"br";"km";"municipio";"causa_acidente";"tipo_acidente";"classificacao_acidente";"fase_dia";"sentido_via";"condicao_metereologica";"tipo_pista";"tracado_via";"uso_solo";"pessoas";"mortos";"feridos_leves";"feridos_graves";"ilesos";"ignorados";"feridos";"veiculos";"latitude";"longitude";"regional";"delegacia";"uop"
115364;2018-03-02;"sexta-feira";"22:00:00";"PR";277;680,9;"MEDIANEIRA";"Velocidade Incompatível";"Capotamento";"Com Vítimas Fatais";"Plena Noite";"Crescente";"Céu Claro";"Dupla";"Curva";"Não";2;2;0;0;0;0;0;1;-25,322565;-54,165028;"SPRF-PR";"DEL05-PR";"UOP01-DEL05-PR"
115367;2018-03-02;"sexta-feira";"21:55:00";"MG";381;934,4;"EXTREMA";"Velocidade Incompatível";"Colisão com objeto estático";"Com Vítimas Feridas";"Plena Noite";"Decrescente";"Chuva";"Simples";"Curva;Declive";"Não";4;0;1;0;3;0;1;1;-22,80530117;-46,2598262;"SPRF-MG";"DEL16-MG";"UOP03-DEL16-MG"
115368;2018-03-02;"sexta-feira";"19:30:00";"SP";116;56;"GUARATINGUETA";"Velocidade Incompatível";"Saída de leito carroçável";"Sem Vítimas";"Plena Noite";"Crescente";"Chuva";"Dupla";"Reta";"Não";1;0;0;0;1;0;0;1;-22,769072;-45,130444;"SPRF-SP";"DEL08-SP";"UOP01-DEL08-SP"
115370;2018-03-02;"sexta-feira";"21:00:00";"DF";20;14,7;"BRASILIA";"Falta de Atenção do Pedestre";"Atropelamento de Pedestre";"Com Vítimas Fatais";"Plena Noite";"Decrescente";"Céu Claro";"Dupla";"Reta";"Não";2;1;0;0;0;1;0;2;-15,65477567;-47,72306442;"SPRF-DF";"DEL02-DF";"UOP01-DEL02-DF"
115374;2018-03-02;"sexta-feira";"23:49:00";"ES";262;46,2;"MARECHAL FLORIANO";"Ingestão de Álcool";"Queda de ocupante de veículo";"Com Vítimas Feridas";"Plena Noite";"Crescente";"Nublado";"Simples";"Reta";"Sim";3;0;1;1;0;1;2;2;-20,40513336;-40,67687988;"SPRF-ES";"DEL01-ES";"UOP01-DEL01-ES"
115375;2018-03-02;"sexta-feira";"22:00:00";"ES";262;194,5;"IUNA";"Defeito Mecânico no Veículo";"Incêndio";"Sem Vítimas";"Plena Noite";"Decrescente";"Nublado";"Simples";"Reta";"Não";1;0;0;0;1;0;0;1;-20,2843786;-41,77170731;"SPRF-ES";"DEL01-ES";"UOP02-DEL01-ES"
115376;2018-03-02;"sexta-feira";"19:30:00";"RJ";101;476,8;"ANGRA DOS REIS";"Desobediência às normas de trânsito pelo condutor";"Colisão lateral";"Com Vítimas Feridas";"Plena Noite";"Decrescente";"Chuva";"Simples";"Reta";"Sim";1;0;0;1;0;0;1;1;-22,9914212;-44,2431536;"SPRF-RJ";"DEL03-RJ";"UOP03-DEL03-RJ"
115378;2018-03-02;"sexta-feira";"22:00:00";"RJ";393;292,4;"VOLTA REDONDA";"Falta de Atenção à Condução";"Colisão traseira";"Com Vítimas Feridas";"Plena Noite";"Crescente";"Chuva";"Dupla";"Reta";"Sim";3;0;1;0;2;0;1;2;-22,518597;-44,113775;"SPRF-RJ";"DEL05-RJ";"UOP04-DEL05-RJ"
115379;2018-03-02;"sexta-feira";"23:00:00";"MG";40;465,7;"SETE LAGOAS";"Velocidade Incompatível";"Saída de leito carroçável";"Sem Vítimas";"Plena Noite";"Decrescente";"Nublado";"Múltipla";"Reta;Interseção de Vias";"Não";1;0;0;0;0;1;0;1;-19,44161;-44,32681;"SPRF-MG";"DEL02-MG";"UOP01-DEL02-MG"
115380;2018-03-02;"sexta-feira";"22:30:00";"PR";277;516,8;"GUARANIACU";"Falta de Atenção à Condução";"Saída de leito carroçável";"Com Vítimas Feridas";"Plena Noite";"Crescente";"Céu Claro";"Simples";"Reta";"Sim";2;0;2;0;0;0;2;1;-25,11148701;-52,83943176;"SPRF-PR";"DEL04-PR";"UOP04-DEL04-PR"
115381;2018-03-02;"sexta-feira";"23:00:00";"GO";153;692,9;"ITUMBIARA";"Falta de Atenção à Condução";"Saída de leito carroçável";"Sem Vítimas";"Plena Noite";"Decrescente";"Nublado";"Dupla";"Curva";"Não";1;0;0;0;1;0;0;1;-18,3259;-49,2276;"SPRF-GO";"DEL03-GO";"UOP02-DEL03-GO"
115382;2018-03-02;"sexta-feira";"23:04:00";"RJ";116;228;"PIRAI";"Pista Escorregadia";"Colisão com objeto estático";"Sem Vítimas";"Plena Noite";"Decrescente";"Chuva";"Dupla";"Curva";"Não";3;0;0;0;1;2;0;1;-22,6663924;-43,8434267;"SPRF-RJ";"DEL07-RJ";"UOP01-DEL07-RJ"
115383;2018-03-03;"sábado";"00:20:00";"SP";101;47,2;"UBATUBA";"Desobediência às normas de trânsito pelo condutor";"Colisão transversal";"Com Vítimas Feridas";"Plena Noite";"Crescente";"Chuva";"Simples";"Rotatória";"Sim";2;0;1;0;1;0;1;2;-23,429897;-45,082436;"SPRF-SP";"DEL06-SP";"UOP01-DEL06-SP"
115384;2018-03-02;"sexta-feira";"23:06:00";"RR";174;503,2;"BOA VISTA";"Desobediência às normas de trânsito pelo pedestre";"Atropelamento de Pedestre";"Com Vítimas Fatais";"Plena Noite";"Decrescente";"Céu Claro";"Dupla";"Reta";"Sim";3;1;0;0;0;2;0;3;2,791;-60,699;"SPRF-RR";"DEL01-RR";"UOP01-DEL01-RR"
115388;2018-03-03;"sábado";"00:25:00";"ES";101;159;"LINHARES";"Falta de Atenção à Condução";"Colisão transversal";"Com Vítimas Fatais";"Plena Noite";"Crescente";"Céu Claro";"Simples";"Interseção de Vias";"Sim";4;1;1;0;1;1;1;3;-19,41997316;-40,06851196;"SPRF-ES";"DEL04-ES";"UOP01-DEL04-ES"
115389;2018-03-02;"sexta-feira";"23:30:00";"MG";381;509;"SAO JOAQUIM DE BICAS";"Velocidade Incompatível";"Capotamento";"Com Vítimas Feridas";"Plena Noite";"Crescente";"Ignorado";"Dupla";"Curva";"Sim";2;0;2;0;0;0;2;1;-20,0553;-44,2849;"SPRF-MG";"DEL01-MG";"UOP03-DEL01-MG"
115391;2018-03-02;"sexta-feira";"18:50:00";"RO";435;112;"CEREJEIRAS";"Defeito na Via";"Saída de leito carroçável";"Com Vítimas Feridas";"Anoitecer";"Crescente";"Céu Claro";"Simples";"Reta";"Não";3;0;3;0;0;0;3;1;-13,190789;-60,712566;"SPRF-RO";"DEL04-RO";"UOP02-DEL04-RO"
115392;2018-03-02;"sexta-feira";"23:40:00";"RJ";101;308;"SAO GONCALO";"Defeito Mecânico no Veículo";"Capotamento";"Sem Vítimas";"Plena Noite";"Decrescente";"Céu Claro";"Dupla";"Reta";"Não";3;0;0;0;3;0;0;1;-22,793098;-43,024815;"SPRF-RJ";"DEL02-RJ";"DEL5/2-UOP04/RJ"
115394;2018-03-03;"sábado";"00:05:00";"SC";101;211,3;"PALHOCA";"Velocidade Incompatível";"Capotamento";"Sem Vítimas";"Pleno dia";"Crescente";"Céu Claro";"Múltipla";"Reta";"Sim";5;0;0;0;5;0;0;1;-27,6301;-48,659;"SPRF-SC";"DEL01-SC";"UOP02-DEL01-SC"
115397;2018-03-03;"sábado";"00:00:00";"MT";364;312;"JACIARA";"Velocidade Incompatível";"Saída de leito carroçável";"Sem Vítimas";"Plena Noite";"Crescente";"Chuva";"Dupla";"Curva";"Não";2;0;0;0;2;0;0;1;-15,812568;-55,256477;"SPRF-MT";"DEL02-MT";"UOP02-DEL05-MT"
115398;2018-03-03;"sábado";"00:15:00";"PA";316;34;"SANTA IZABEL DO PARA";"Ingestão de Álcool";"Colisão lateral";"Sem Vítimas";"Plena Noite";"Crescente";"Céu Claro";"Dupla";"Reta";"Sim";2;0;0;0;2;0;0;2;-1,289763;-48,156025;"SPRF-PA";"DEL01-PA";"DEL19/1-UOP05/PA"
115399;2018-03-03;"sábado";"01:20:00";"SP";116;225;"GUARULHOS";"Falta de Atenção à Condução";"Engavetamento";"Com Vítimas Feridas";"Plena Noite";"Crescente";"Nublado";"Múltipla";"Reta";"Não";4;0;1;0;3;0;1;4;-23,48988028;-46,54762119;"SPRF-SP";"DEL01-SP";"UOP01-DEL01-SP"
115400;2018-03-03;"sábado";"02:05:00";"SC";101;211,3;"PALHOCA";"Não guardar distância de segurança";"Colisão traseira";"Com Vítimas Feridas";"Plena Noite";"Crescente";"Nublado";"Simples";"Interseção de Vias";"Sim";4;0;1;0;3;0;1;3;-27,6301;-48,659;"SPRF-SC";"DEL01-SC";"UOP02-DEL01-SC"
115402;2018-03-03;"sábado";"01:30:00";"SP";116;231;"SAO PAULO";"Velocidade Incompatível";"Colisão com objeto estático";"Com Vítimas Feridas";"Plena Noite";"Crescente";"Nublado";"Múltipla";"Aclive;Ponte";"Sim";1;0;1;0;0;0;1;1;-23,52428045;-46,58691287;"SPRF-SP";"DEL01-SP";"UOP01-DEL01-SP"
115404;2018-03-03;"sábado";"03:50:00";"GO";40;3;"VALPARAISO DE GOIAS";"Falta de Atenção à Condução";"Colisão com objeto estático";"Sem Vítimas";"Plena Noite";"Crescente";"Céu Claro";"Dupla";"Reta";"Sim";1;0;0;0;0;1;0;1;-16,076081;-47,985671;"SPRF-DF";"DEL01-DF";"UOP01-DEL01-DF"
115405;2018-03-03;"sábado";"03:00:00";"MT";163;670;"LUCAS DO RIO VERDE";"Falta de Atenção à Condução";"Colisão frontal";"Com Vítimas Feridas";"Plena Noite";"Crescente";"Vento";"Simples";"Reta";"Não";2;0;1;1;0;0;2;2;-13,32815751;-56,05499268;"SPRF-MT";"DEL06-MT";"UOP01-DEL06-MT"
115406;2018-03-03;"sábado";"04:00:00";"CE";116;16,5;"EUSEBIO";"Ingestão de Álcool";"Saída de leito carroçável";"Com Vítimas Fatais";"Plena Noite";"Decrescente";"Nublado";"Dupla";"Reta";"Sim";1;1;0;0;0;0;0;1;-3,8930832;-38,5075998;"SPRF-CE";"DEL01-CE";"UOP02-DEL01-CE"
115408;2018-03-03;"sábado";"04:10:00";"BA";101;503;"ITABUNA";"Animais na Pista";"Atropelamento de Animal";"Com Vítimas Feridas";"Plena Noite";"Decrescente";"Céu Claro";"Simples";"Declive";"Não";2;0;0;1;1;0;1;1;-14,771;-39,292;"SPRF-BA";"DEL05-BA";"UOP01-DEL05-BA"
115409;2018-03-03;"sábado";"03:30:00";"RO";319;63,1;"PORTO VELHO";"Desobediência às normas de trânsito pelo pedestre";"Atropelamento de Pedestre";"Com Vítimas Feridas";"Plena Noite";"Decrescente";"Garoa/Chuvisco";"Múltipla";"Reta";"Sim";2;0;1;1;0;0;2;2;-8,753036;-63,886997;"SPRF-RO";"DEL01-RO";"UOP01-DEL01-RO"
115411;2018-03-03;"sábado";"05:00:00";"PB";101;19,9;"RIO TINTO";"Velocidade Incompatível";"Saída de leito carroçável";"Com Vítimas Feridas";"Amanhecer";"Decrescente";"Nublado";"Dupla";"Curva";"Não";1;0;1;0;0;0;1;1;-6,6675;-35,1138;"SPRF-PB";"DEL01-PB";"UOP04-DEL01-PB"
115412;2018-03-03;"sábado";"04:34:00";"BA";324;566,4;"SAO SEBASTIAO DO PASSE";"Condutor Dormindo";"Colisão traseira";"Sem Vítimas";"Plena Noite";"Decrescente";"Céu Claro";"Dupla";"Reta";"Não";2;0;0;0;2;0;0;2;-12,53145012;-38,60067844;"SPRF-BA";"DEL01-BA";"UOP01-DEL01-BA"
115413;2018-03-03;"sábado";"00:45:00";"MT";163;603;"NOVA MUTUM";"Animais na Pista";"Atropelamento de Animal";"Com Vítimas Feridas";"Plena Noite";"Decrescente";"Nublado";"Simples";"Reta";"Sim";1;0;0;1;0;0;1;1;-13,8180776;-56,07559204;"SPRF-MT";"DEL01-MT";"UOP01-DEL01-MT"
115414;2018-03-03;"sábado";"05:10:00";"MG";40;720,9;"BARBACENA";"Condutor Dormindo";"Capotamento";"Sem Vítimas";"Plena Noite";"Decrescente";"Chuva";"Dupla";"Reta";"Sim";1;0;0;0;1;0;0;1;-21,3014;-43,6218;"SPRF-MG";"DEL05-MG";"UOP01-DEL05-MG"
115415;2018-03-02;"sexta-feira";"21:15:00";"BA";116;922,7;"ENCRUZILHADA";"Desobediência às normas de trânsito pelo condutor";"Saída de leito carroçável";"Com Vítimas Feridas";"Plena Noite";"Decrescente";"Céu Claro";"Simples";"Curva";"Não";2;0;1;0;1;0;1;1;-15,61377875;-41,28799438;"SPRF-BA";"DEL08-BA";"UOP03-DEL08-BA"
115416;2018-03-03;"sábado";"05:00:00";"SC";101;248;"PAULO LOPES";"Defeito na Via";"Saída de leito carroçável";"Sem Vítimas";"Amanhecer";"Crescente";"Céu Claro";"Dupla";"Reta";"Não";1;0;0;0;1;0;0;1;-27,9385;-48,6634;"SPRF-SC";"DEL02-SC";"UOP03-DEL02-SC"
115417;2018-03-03;"sábado";"04:40:00";"PR";277;113;"CAMPO LARGO";"Ingestão de Álcool";"Engavetamento";"Sem Vítimas";"Amanhecer";"Crescente";"Céu Claro";"Dupla";"Reta";"Sim";6;0;0;0;5;1;0;3;-25,44428735;-49,47257993;"SPRF-PR";"DEL01-PR";"UOP06-DEL01-PR"
115419;2018-03-03;"sábado";"06:14:00";"SP";116;179,1;"GUARAREMA";"Pista Escorregadia";"Tombamento";"Com Vítimas Feridas";"Amanhecer";"Decrescente";"Nublado";"Simples";"Curva";"Não";1;0;1;0;0;0;1;1;-23,30946857;-46,04782104;"SPRF-SP";"DEL02-SP";"UOP01-DEL02-SP"
115420;2018-03-02;"sexta-feira";"19:15:00";"AL";101;61;"MESSIAS";"Falta de Atenção do Pedestre";"Queda de ocupante de veículo";"Com Vítimas Feridas";"Plena Noite";"Crescente";"Nublado";"Dupla";"Curva";"Não";1;0;1;0;0;0;1;1;-9,292861;-35,818958;"SPRF-AL";"DEL01-AL";"UOP01-DEL01-AL"
115422;2018-03-03;"sábado";"06:50:00";"RN";304;296;"MACAIBA";"Ingestão de Álcool";"Tombamento";"Com Vítimas Feridas";"Pleno dia";"Decrescente";"Nublado";"Simples";"Reta";"Não";1;0;1;0;0;0;1;1;-5,865692;-35,355812;"SPRF-RN";"DEL01-RN";"UOP02-DEL01-RN"
115423;2018-03-03;"sábado";"06:45:00";"RS";290;422,6;"SAO GABRIEL";"Ingestão de Álcool";"Saída de leito carroçável";"Com Vítimas Feridas";"Amanhecer";"Crescente";"Céu Claro";"Simples";"Reta";"Não";1;0;1;0;0;0;1;1;-30,331028;-54,357944;"SPRF-RS";"DEL11-RS";"UOP02-DEL11-RS"
115424;2018-03-03;"sábado";"07:10:00";"MG";116;336,8;"CAMPANARIO";"Desobediência às normas de trânsito pelo condutor";"Colisão frontal";"Com Vítimas Feridas";"Pleno dia";"Crescente";"Céu Claro";"Simples";"Reta";"Não";5;0;5;0;0;0;5;2;-18,29194973;-41,74942017;"SPRF-MG";"DEL11-MG";"UOP01-DEL11-MG"
115425;2018-03-03;"sábado";"07:00:00";"PR";376;599;"CURITIBA";"Avarias e/ou desgaste excessivo no pneu";"Queda de ocupante de veículo";"Com Vítimas Feridas";"Pleno dia";"Decrescente";"Nublado";"Dupla";"Reta";"Sim";2;0;2;0;0;0;2;1;-25,4289541;-49,267137;"SPRF-PR";"DEL01-PR";"UOP06-DEL01-PR"
115426;2018-03-03;"sábado";"06:00:00";"RO";364;343,9;"JI-PARANA";"Desobediência às normas de trânsito pelo condutor";"Colisão transversal";"Com Vítimas Feridas";"Amanhecer";"Decrescente";"Céu Claro";"Múltipla";"Interseção de Vias";"Sim";2;0;1;0;1;0;1;2;-10,87430586;-61,95210392;"SPRF-RO";"DEL02-RO";"UOP01-DEL02-RO"
115427;2018-03-03;"sábado";"07:20:00";"PR";376;182;"SARANDI";"Ingestão de Álcool";"Queda de ocupante de veículo";"Com Vítimas Feridas";"Pleno dia";"Crescente";"Céu Claro";"Múltipla";"Rotatória";"Sim";2;0;1;0;1;0;1;2;-23,43684;-51,878807;"SPRF-PR";"DEL07-PR";"UOP01-DEL09-PR"
115428;2018-03-03;"sábado";"05:40:00";"ES";101;269;"SERRA";"Não guardar distância de segurança";"Colisão traseira";"Com Vítimas Feridas";"Amanhecer";"Crescente";"Céu Claro";"Múltipla";"Reta";"Sim";2;0;1;0;1;0;1;2;-20,22096578;-40,27038574;"SPRF-ES";"DEL02-ES";"UOP01-DEL02-ES"
115431;2018-03-03;"sábado";"05:30:00";"ES";262;120;"CONCEICAO DO CASTELO";"Condutor Dormindo";"Colisão com objeto estático";"Com Vítimas Feridas";"Amanhecer";"Decrescente";"Nublado";"Simples";"Curva";"Não";1;0;1;0;0;0;1;1;-20,29829987;-41,230756;"SPRF-ES";"DEL01-ES";"UOP02-DEL01-ES"
115432;2018-03-03;"sábado";"06:50:00";"SC";101;79;"ARAQUARI";"Falta de Atenção à Condução";"Colisão com objeto estático";"Sem Vítimas";"Amanhecer";"Decrescente";"Céu Claro";"Dupla";"Curva";"Não";1;0;0;0;1;0;0;1;-26,61408833;-48,72001645;"SPRF-SC";"DEL03-SC";"UOP02-DEL03-SC"
115433;2018-03-03;"sábado";"06:50:00";"PB";230;40,9;"SANTA RITA";"Velocidade Incompatível";"Colisão com objeto estático";"Sem Vítimas";"Pleno dia";"Crescente";"Céu Claro";"Dupla";"Retorno Regulamentado";"Não";1;0;0;0;0;1;0;1;-7,143;-34,9891;"SPRF-PB";"DEL01-PB";"UOP01-DEL01-PB"
115436;2018-03-03;"sábado";"08:10:00";"SC";470;65,5;"INDAIAL";"Desobediência às normas de trânsito pelo condutor";"Colisão transversal";"Com Vítimas Feridas";"Pleno dia";"Crescente";"Nublado";"Simples";"Reta";"Não";2;0;0;1;1;0;1;2;-26,87208566;-49,19388056;"SPRF-SC";"DEL04-SC";"UOP01-DEL04-SC"
115437;2018-03-03;"sábado";"08:20:00";"GO";60;49;"APARECIDA DE GOIANIA";"Ingestão de Álcool";"Colisão com objeto estático";"Com Vítimas Feridas";"Pleno dia";"Decrescente";"Céu Claro";"Dupla";"Reta";"Não";2;0;0;1;0;1;1;2;-16,8101;-49,2397;"SPRF-GO";"DEL01-GO";"UOP03-DEL01-GO"
115438;2018-03-03;"sábado";"08:10:00";"RS";116;153,7;"CAXIAS DO SUL";"Falta de Atenção à Condução";"Colisão transversal";"Com Vítimas Feridas";"Pleno dia";"Crescente";"Céu Claro";"Simples";"Rotatória";"Sim";2;0;1;0;1;0;1;2;-29,185799;-51,177132;"SPRF-RS";"DEL05-RS";"UOP01-DEL05-RS"
115439;2018-03-03;"sábado";"08:05:00";"MA";135;50;"BACABEIRA";"Não guardar distância de segurança";"Colisão traseira";"Sem Vítimas";"Pleno dia";"Decrescente";"Céu Claro";"Simples";"Reta";"Sim";2;0;0;0;2;0;0;2;-2,94715534;-44,32434082;"SPRF-MA";"DEL01-MA";"UOP01-DEL01-MA"
115440;2018-03-03;"sábado";"07:00:00";"PE";104;131,1;"QUIPAPA";"Falta de Atenção à Condução";"Capotamento";"Com Vítimas Feridas";"Amanhecer";"Crescente";"Nublado";"Simples";"Curva";"Não";6;0;3;2;0;1;5;1;-8,784293;-36,016506;"SPRF-PE";"DEL02-PE";"UOP01-DEL02-PE"
115443;2018-03-03;"sábado";"08:15:00";"PE";232;16,2;"JABOATAO DOS GUARARAPES";"Falta de Atenção à Condução";"Colisão com objeto estático";"Sem Vítimas";"Pleno dia";"Decrescente";"Nublado";"Dupla";"Reta";"Sim";2;0;0;0;2;0;0;2;-8,094562;-35,039112;"SPRF-PE";"DEL01-PE";"UOP01-DEL01-PE"
115444;2018-03-03;"sábado";"08:50:00";"SC";470;59,5;"BLUMENAU";"Falta de Atenção à Condução";"Colisão transversal";"Com Vítimas Feridas";"Pleno dia";"Crescente";"Céu Claro";"Simples";"Rotatória";"Sim";2;0;1;0;1;0;1;2;-26,88272735;-49,14204687;"SPRF-SC";"DEL04-SC";"UOP01-DEL04-SC"
115448;2018-03-02;"sexta-feira";"15:30:00";"BA";101;126;"ALAGOINHAS";"Defeito na Via";"Saída de leito carroçável";"Com Vítimas Feridas";"Pleno dia";"Crescente";"Chuva";"Simples";"Reta";"Não";1;0;1;0;0;0;1;1;-12,15933951;-38,53737047;"SPRF-BA";"DEL01-BA";"UOP04-DEL01-BA"
115449;2018-03-03;"sábado";"08:45:00";"SC";101;133;"BALNEARIO CAMBORIU";"Mal Súbito";"Colisão lateral";"Com Vítimas Feridas";"Pleno dia";"Crescente";"Céu Claro";"Simples";"Curva";"Não";2;0;1;0;1;0;1;2;-27,0021;-48,6362;"SPRF-SC";"DEL04-SC";"UOP03-DEL04-SC"
115451;2018-03-03;"sábado";"09:15:00";"SC";470;59;"BLUMENAU";"Falta de Atenção à Condução";"Colisão transversal";"Com Vítimas Feridas";"Pleno dia";"Crescente";"Nublado";"Simples";"Reta";"Não";2;0;1;0;1;0;1;2;-26,88117709;-49,13751662;"SPRF-SC";"DEL04-SC";"UOP01-DEL04-SC"
115452;2018-03-03;"sábado";"08:40:00";"SP";116;281;"EMBU DAS ARTES";"Objeto estático sobre o leito carroçável";"Queda de ocupante de veículo";"Com Vítimas Feridas";"Pleno dia";"Decrescente";"Céu Claro";"Dupla";"Reta";"Sim";1;0;1;0;0;0;1;1;-23,65236684;-46,84772015;"SPRF-SP";"DEL04-SP";"UOP01-DEL04-SP"
115453;2018-03-03;"sábado";"10:00:00";"SC";470;64,8;"INDAIAL";"Desobediência às normas de trânsito pelo condutor";"Colisão transversal";"Com Vítimas Feridas";"Pleno dia";"Crescente";"Céu Claro";"Simples";"Reta";"Sim";2;0;0;1;1;0;1;2;-26,87193732;-49,19476569;"SPRF-SC";"DEL04-SC";"UOP01-DEL04-SC"
115455;2018-03-03;"sábado";"07:45:00";"PI";343;345,7;"TERESINA";"Falta de Atenção à Condução";"Colisão traseira";"Com Vítimas Feridas";"Pleno dia";"Crescente";"Céu Claro";"Dupla";"Reta";"Sim";2;0;1;0;1;0;1;2;-5,102889;-42,766506;"SPRF-PI";"DEL01-PI";"UOP01-DEL01-PI"
115459;2018-03-03;"sábado";"09:20:00";"ES";101;265;"SERRA";"Agressão Externa";"Queda de ocupante de veículo";"Com Vítimas Feridas";"Pleno dia";"Decrescente";"Céu Claro";"Dupla";"Interseção de Vias";"Sim";1;0;1;0;0;0;1;1;-20,20034601;-40,26901245;"SPRF-ES";"DEL02-ES";"UOP01-DEL02-ES"
115460;2018-03-03;"sábado";"09:00:00";"RJ";101;415;"MANGARATIBA";"Falta de Atenção à Condução";"Colisão transversal";"Com Vítimas Feridas";"Pleno dia";"Decrescente";"Sol";"Dupla";"Retorno Regulamentado";"Sim";2;0;1;0;1;0;1;2;-22,904333;-43,881832;"SPRF-RJ";"DEL03-RJ";"UOP01-DEL03-RJ"
115462;2018-03-03;"sábado";"09:20:00";"PR";376;617;"SAO JOSE DOS PINHAIS";"Falta de Atenção à Condução";"Colisão com objeto estático";"Sem Vítimas";"Pleno dia";"Crescente";"Céu Claro";"Dupla";"Retorno Regulamentado;Curva;Viaduto";"Não";1;0;0;0;1;0;0;1;-25,5307;-49,1958;"SPRF-PR";"DEL01-PR";"DEL7/1-UOP08/PR"
115463;2018-03-03;"sábado";"09:30:00";"RN";101;108;"PARNAMIRIM";"Pista Escorregadia";"Tombamento";"Com Vítimas Feridas";"Pleno dia";"Crescente";"Chuva";"Dupla";"Reta";"Sim";1;0;1;0;0;0;1;1;-5,92823;-35,264656;"SPRF-RN";"DEL01-RN";"UOP01-DEL01-RN"
115465;2018-03-03;"sábado";"07:30:00";"RO";319;63;"PORTO VELHO";"Falta de Atenção do Pedestre";"Atropelamento de Pedestre";"Com Vítimas Feridas";"Pleno dia";"Decrescente";"Céu Claro";"Dupla";"Reta";"Sim";2;0;1;1;0;0;2;2;-8,753036;-63,886997;"SPRF-RO";"DEL01-RO";"UOP01-DEL01-RO"
115466;2018-03-03;"sábado";"09:20:00";"PB";101;13,3;"MAMANGUAPE";"Pista Escorregadia";"Saída de leito carroçável";"Com Vítimas Feridas";"Pleno dia";"Decrescente";"Chuva";"Dupla";"Curva";"Não";2;0;1;0;1;0;1;1;-6,611498;-35,139782;"SPRF-PB";"DEL01-PB";"UOP04-DEL01-PB"
115469;2018-03-03;"sábado";"09:50:00";"PA";222;244;"MARABA";"Falta de Atenção à Condução";"Colisão lateral";"Com Vítimas Feridas";"Pleno dia";"Crescente";"Céu Claro";"Dupla";"Reta";"Sim";2;0;1;0;1;0;1;2;-5,5473683;-49,0766706;"SPRF-PA";"DEL03-PA";"UOP01-DEL03-PA"
115470;2018-03-03;"sábado";"10:40:00";"MG";381;483,1;"BETIM";"Defeito Mecânico no Veículo";"Incêndio";"Sem Vítimas";"Pleno dia";"Decrescente";"Céu Claro";"Múltipla";"Reta";"Sim";1;0;0;0;1;0;0;1;-19,95866146;-44,08034563;"SPRF-MG";"DEL01-MG";"UOP03-DEL01-MG"
115471;2018-03-03;"sábado";"10:00:00";"CE";20;403,5;"CAUCAIA";"Falta de Atenção à Condução";"Colisão lateral";"Sem Vítimas";"Pleno dia";"Decrescente";"Céu Claro";"Dupla";"Reta";"Não";2;0;0;0;2;0;0;2;-3,76011545;-38,64142656;"SPRF-CE";"DEL01-CE";"UOP01-DEL01-CE"
115474;2018-03-03;"sábado";"10:10:00";"SC";101;204,3;"SAO JOSE";"Falta de Atenção à Condução";"Colisão com objeto estático";"Sem Vítimas";"Plena Noite";"Crescente";"Sol";"Múltipla";"Curva;Interseção de Vias";"Sim";2;0;0;0;2;0;0;2;-27,57611772;-48,61356318;"SPRF-SC";"DEL01-SC";"UOP01-DEL01-SC"
115475;2018-03-03;"sábado";"09:45:00";"MG";381;486;"BETIM";"Falta de Atenção à Condução";"Colisão com objeto estático";"Sem Vítimas";"Pleno dia";"Decrescente";"Nublado";"Dupla";"Curva";"Sim";1;0;0;0;1;0;0;1;-19,9554;-44,1157;"SPRF-MG";"DEL01-MG";"UOP03-DEL01-MG"
115476;2018-03-03;"sábado";"10:40:00";"SC";101;208,2;"SAO JOSE";"Falta de Atenção à Condução";"Tombamento";"Com Vítimas Feridas";"Pleno dia";"Decrescente";"Céu Claro";"Dupla";"Reta";"Sim";3;0;1;1;0;1;2;2;-27,6101;-48,6388;"SPRF-SC";"DEL01-SC";"UOP01-DEL01-SC"
115477;2018-03-03;"sábado";"11:15:00";"DF";70;17;"BRASILIA";"Velocidade Incompatível";"Colisão lateral";"Com Vítimas Feridas";"Pleno dia";"Decrescente";"Céu Claro";"Dupla";"Reta";"Sim";2;0;0;1;1;0;1;2;-15,794133;-48,202095;"SPRF-DF";"DEL01-DF";"UOP02-DEL03-DF"
115478;2018-03-03;"sábado";"09:40:00";"PA";316;62;"CASTANHAL";"Desobediência às normas de trânsito pelo condutor";"Colisão transversal";"Com Vítimas Feridas";"Pleno dia";"Decrescente";"Céu Claro";"Dupla";"Reta";"Sim";2;0;1;0;1;0;1;2;-1,296296;-47,919842;"SPRF-PA";"DEL01-PA";"UOP01-DEL01-PA"
115480;2018-03-03;"sábado";"11:00:00";"RJ";101;485;"ANGRA DOS REIS";"Falta de Atenção à Condução";"Colisão traseira";"Com Vítimas Feridas";"Pleno dia";"Crescente";"Sol";"Simples";"Curva";"Sim";2;0;1;0;1;0;1;2;-22,9853748;-44,2968881;"SPRF-RJ";"DEL03-RJ";"UOP03-DEL03-RJ"
115482;2018-03-03;"sábado";"09:27:00";"RS";158;563,5;"SANTANA DO LIVRAMENTO";"Pista Escorregadia";"Colisão com objeto estático";"Sem Vítimas";"Pleno dia";"Crescente";"Nublado";"Simples";"Interseção de Vias";"Sim";2;0;0;0;2;0;0;1;-30,854765;-55,496521;"SPRF-RS";"DEL11-RS";"UOP01-DEL11-RS"