"id";"data_inversa";"dia_semana";"horario";"uf";"br";"km";"municipio";"causa_acidente";"tipo_acidente";"classificacao_acidente";"fase_dia";"sentido_via";"condicao_metereologica";"tipo_pista";"tracado_via";"uso_solo";"pessoas";"mortos";"feridos_leves";"feridos_graves";"ilesos";"ignorados";"feridos";"veiculos";"latitude";"longitude";"regional";"delegacia";"uop"
115483;2018-03-03;"sábado";"11:10:00";"RJ";40;64,8;"PETROPOLIS";"Mal Súbito";"Saída de leito carroçável";"Com Vítimas Fatais";"Pleno dia";"Decrescente";"Nublado";"Dupla";"Reta";"Não";1;1;0;0;0;0;0;1;-22,42689724;-43,15807343;"SPRF-RJ";"DEL06-RJ";"UOP01-DEL06-RJ"
115484;2018-03-03;"sábado";"11:10:00";"PA";316;7;"ANANINDEUA";"Falta de Atenção do Pedestre";"Atropelamento de Pedestre";"Com Vítimas Feridas";"Pleno dia";"Decrescente";"Céu Claro";"Dupla";"Reta";"Sim";2;0;0;1;1;0;1;2;-1,366236;-48,367805;"SPRF-PA";"DEL01-PA";"DEL19/1-UOP05/PA"
115485;2018-03-03;"sábado";"12:18:00";"PE";232;131;"CARUARU";"Falta de Atenção à Condução";"Saída de leito carroçável";"Com Vítimas Feridas";"Pleno dia";"Crescente";"Sol";"Dupla";"Reta";"Sim";1;0;1;0;0;0;1;1;-8,3052648;-35,99945068;"SPRF-PE";"DEL02-PE";"UOP03-DEL02-PE"
115486;2018-02-16;"sexta-feira";"20:20:00";"PR";277;707,9;"SANTA TEREZINHA DE ITAIPU";"Velocidade Incompatível";"Atropelamento de Pedestre";"Com Vítimas Fatais";"Plena Noite";"Decrescente";"Céu Claro";"Dupla";"Declive";"Sim";2;1;0;0;0;1;0;2;-25,44251416;-54,39476487;"SPRF-PR";"DEL05-PR";"UOP01-DEL05-PR"
115487;2018-03-03;"sábado";"11:00:00";"ES";393;2;"CACHOEIRO DE ITAPEMIRIM";"Falta de Atenção à Condução";"Colisão lateral";"Com Vítimas Feridas";"Pleno dia";"Crescente";"Sol";"Simples";"Reta";"Sim";2;0;1;0;1;0;1;2;-20,832424;-41,174911;"SPRF-ES";"DEL03-ES";"UOP02-DEL03-ES"
115488;2018-03-03;"sábado";"12:30:00";"SP";116;274;"TABOAO DA SERRA";"Falta de Atenção à Condução";"Saída de leito carroçável";"Sem Vítimas";"Pleno dia";"Decrescente";"Céu Claro";"Dupla";"Reta";"Não";1;0;0;0;1;0;0;1;-23,61684516;-46,82235718;"SPRF-SP";"DEL04-SP";"UOP01-DEL04-SP"
115489;2018-03-03;"sábado";"13:00:00";"PR";158;501,6;"CORONEL VIVIDA";"Falta de Atenção à Condução";"Colisão traseira";"Com Vítimas Feridas";"Pleno dia";"Decrescente";"Nublado";"Simples";"Reta";"Não";4;0;1;0;3;0;1;2;-26,06060925;-52,6317054;"SPRF-PR";"DEL02-PR";"UOP01-DEL02-PR"
115491;2018-03-03;"sábado";"13:20:00";"AL";316;158,1;"PALMEIRA DOS INDIOS";"Falta de Atenção à Condução";"Colisão frontal";"Com Vítimas Feridas";"Pleno dia";"Decrescente";"Céu Claro";"Simples";"Reta";"Sim";2;0;0;2;0;0;2;2;-9,433344;-36,613235;"SPRF-AL";"DEL03-AL";"UOP01-DEL03-AL"
115493;2018-03-03;"sábado";"13:10:00";"SC";101;207;"SAO JOSE";"Falta de Atenção à Condução";"Colisão traseira";"Com Vítimas Feridas";"Pleno dia";"Crescente";"Nublado";"Dupla";"Aclive;Reta";"Sim";5;0;2;0;3;0;2;3;-27,6034;-48,632;"SPRF-SC";"DEL01-SC";"UOP01-DEL01-SC"
115498;2018-03-03;"sábado";"13:15:00";"SC";163;78;"GUARACIABA";"Falta de Atenção à Condução";"Colisão transversal";"Sem Vítimas";"Pleno dia";"Decrescente";"Chuva";"Simples";"Reta";"Não";2;0;0;0;2;0;0;2;-26,66824151;-53,51969898;"SPRF-SC";"DEL07-SC";"UOP03-DEL07-SC"
115500;2018-03-03;"sábado";"12:55:00";"MS";267;29,3;"BATAGUASSU";"Condutor Dormindo";"Saída de leito carroçável";"Com Vítimas Feridas";"Pleno dia";"Crescente";"Céu Claro";"Dupla";"Reta";"Sim";3;0;1;0;2;0;1;1;-21,726473;-52,325401;"SPRF-MS";"DEL02-MS";"DEL3/7-UOP01/MS"
115502;2018-02-09;"sexta-feira";"10:30:00";"SC";101;213;"PALHOCA";"Não guardar distância de segurança";"Colisão traseira";"Com Vítimas Feridas";"Pleno dia";"Decrescente";"Céu Claro";"Dupla";"Reta";"Sim";5;0;2;1;2;0;3;2;-27,6446;-48,6705;"SPRF-SC";"DEL01-SC";"UOP02-DEL01-SC"
115505;2018-03-03;"sábado";"13:30:00";"PI";343;345,5;"TERESINA";"Falta de Atenção à Condução";"Colisão transversal";"Com Vítimas Feridas";"Pleno dia";"Decrescente";"Céu Claro";"Simples";"Interseção de Vias";"Sim";3;0;1;1;0;1;2;2;-5,102889;-42,766506;"SPRF-PI";"DEL01-PI";"UOP01-DEL01-PI"
115506;2018-03-03;"sábado";"14:30:00";"DF";70;10;"BRASILIA";"Falta de Atenção à Condução";"Colisão traseira";"Com Vítimas Feridas";"Pleno dia";"Crescente";"Chuva";"Dupla";"Reta";"Sim";3;0;1;0;2;0;1;2;-15,786943;-48,140007;"SPRF-DF";"DEL01-DF";"UOP02-DEL03-DF"
115507;2018-03-03;"sábado";"14:30:00";"SC";470;123;"IBIRAMA";"Pista Escorregadia";"Saída de leito carroçável";"Sem Vítimas";"Pleno dia";"Crescente";"Céu Claro";"Simples";"Curva";"Não";1;0;0;0;1;0;0;1;-27,106783;-49,522049;"SPRF-SC";"DEL04-SC";"UOP02-DEL04-SC"
115508;2018-03-03;"sábado";"14:40:00";"RN";101;110,9;"PARNAMIRIM";"Avarias e/ou desgaste excessivo no pneu";"Capotamento";"Sem Vítimas";"Pleno dia";"Crescente";"Céu Claro";"Dupla";"Reta";"Sim";2;0;0;0;0;2;0;2;-5,95069;-35,265012;"SPRF-RN";"DEL01-RN";"UOP01-DEL01-RN"
115509;2018-03-03;"sábado";"14:00:00";"MG";116;776,7;"LEOPOLDINA";"Falta de Atenção à Condução";"Saída de leito carroçável";"Com Vítimas Feridas";"Pleno dia";"Decrescente";"Chuva";"Simples";"Aclive;Curva";"Não";2;0;2;0;0;0;2;1;-21,5410415;-42,6538058;"SPRF-MG";"DEL07-MG";"UOP01-DEL07-MG"
115510;2018-03-03;"sábado";"14:10:00";"PR";467;107,8;"CASCAVEL";"Velocidade Incompatível";"Saída de leito carroçável";"Com Vítimas Feridas";"Pleno dia";"Crescente";"Garoa/Chuvisco";"Dupla";"Curva";"Não";1;0;1;0;0;0;1;1;-24,92195535;-53,46993327;"SPRF-PR";"DEL04-PR";"UOP01-DEL04-PR"
115511;2018-03-03;"sábado";"14:30:00";"MG";381;693,5;"LAVRAS";"Falta de Atenção à Condução";"Capotamento";"Sem Vítimas";"Pleno dia";"Decrescente";"Sol";"Dupla";"Curva";"Não";1;0;0;0;1;0;0;1;-21,25226198;-45,13709307;"SPRF-MG";"DEL04-MG";"UOP02-DEL04-MG"
115515;2018-03-03;"sábado";"15:15:00";"PB";101;43;"MAMANGUAPE";"Velocidade Incompatível";"Colisão com objeto estático";"Sem Vítimas";"Pleno dia";"Decrescente";"Garoa/Chuvisco";"Dupla";"Curva";"Não";1;0;0;0;1;0;0;1;-6,8634304;-35,133582;"SPRF-PB";"DEL01-PB";"UOP04-DEL01-PB"
115516;2018-03-03;"sábado";"09:50:00";"RJ";101;305;"SAO GONCALO";"Falta de Atenção à Condução";"Colisão com objeto estático";"Com Vítimas Feridas";"Pleno dia";"Decrescente";"Céu Claro";"Dupla";"Reta";"Sim";1;0;0;1;0;0;1;1;-22,787031;-42,995907;"SPRF-RJ";"DEL02-RJ";"DEL5/2-UOP04/RJ"
115518;2018-03-03;"sábado";"13:15:00";"MG";116;558,9;"MANHUACU";"Falta de Atenção à Condução";"Colisão com objeto estático";"Com Vítimas Feridas";"Pleno dia";"Decrescente";"Nublado";"Simples";"Reta";"Não";1;0;0;1;0;0;1;1;-20,2471317;-42,1424401;"SPRF-MG";"DEL06-MG";"UOP03-DEL06-MG"
115520;2018-03-03;"sábado";"15:20:00";"ES";101;269,9;"SERRA";"Condutor Dormindo";"Colisão com objeto estático";"Com Vítimas Feridas";"Pleno dia";"Crescente";"Céu Claro";"Múltipla";"Reta";"Sim";1;0;1;0;0;0;1;1;-20,20384726;-40,27244568;"SPRF-ES";"DEL02-ES";"UOP01-DEL02-ES"
115521;2018-03-03;"sábado";"15:40:00";"PE";101;77;"RECIFE";"Falta de Atenção à Condução";"Colisão lateral";"Com Vítimas Feridas";"Pleno dia";"Crescente";"Nublado";"Dupla";"Reta";"Sim";2;0;1;0;1;0;1;2;-8,1368;-34,9474;"SPRF-PE";"DEL01-PE";"UOP01-DEL01-PE"
115523;2018-03-03;"sábado";"15:20:00";"PB";230;136;"CAMPINA GRANDE";"Velocidade Incompatível";"Saída de leito carroçável";"Com Vítimas Feridas";"Pleno dia";"Crescente";"Chuva";"Dupla";"Curva";"Não";1;0;1;0;0;0;1;1;-7,2818;-35,7675;"SPRF-PB";"DEL02-PB";"UOP01-DEL02-PB"
115524;2018-03-03;"sábado";"15:30:00";"PR";277;637;"CEU AZUL";"Não guardar distância de segurança";"Engavetamento";"Sem Vítimas";"Pleno dia";"Decrescente";"Chuva";"Simples";"Reta;Aclive";"Sim";8;0;0;0;8;0;0;3;-25,151279;-53,844353;"SPRF-PR";"DEL05-PR";"UOP02-DEL05-PR"
115525;2018-03-03;"sábado";"15:20:00";"MG";381;332;"NOVA ERA";"Pista Escorregadia";"Capotamento";"Com Vítimas Feridas";"Pleno dia";"Decrescente";"Chuva";"Dupla";"Curva";"Sim";1;0;0;1;0;0;1;1;-19,75999325;-43,03376092;"SPRF-MG";"DEL03-MG";"UOP01-DEL03-MG"
115527;2018-03-03;"sábado";"14:50:00";"SC";101;321,1;"PESCARIA BRAVA";"Desobediência às normas de trânsito pelo condutor";"Colisão frontal";"Com Vítimas Feridas";"Pleno dia";"Crescente";"Céu Claro";"Simples";"Interseção de Vias;Viaduto";"Não";6;0;0;1;5;0;1;2;-28,427;-48,9088;"SPRF-SC";"DEL02-SC";"UOP01-DEL02-SC"
115529;2018-03-03;"sábado";"16:15:00";"PR";376;205;"MANDAGUARI";"Condutor Dormindo";"Saída de leito carroçável";"Com Vítimas Feridas";"Plena Noite";"Decrescente";"Nublado";"Dupla";"Curva;Declive";"Não";2;0;2;0;0;0;2;1;-23,509514;-51,721405;"SPRF-PR";"DEL07-PR";"UOP01-DEL09-PR"
115530;2018-03-03;"sábado";"14:20:00";"BA";324;553,2;"AMELIA RODRIGUES";"Agressão Externa";"Saída de leito carroçável";"Com Vítimas Feridas";"Pleno dia";"Decrescente";"Céu Claro";"Dupla";"Reta";"Não";1;0;0;1;0;0;1;1;-12,46473741;-38,69247437;"SPRF-BA";"DEL01-BA";"UOP01-DEL01-BA"
115532;2018-03-03;"sábado";"16:30:00";"PA";316;10,8;"MARITUBA";"Falta de Atenção à Condução";"Colisão lateral";"Com Vítimas Feridas";"Pleno dia";"Decrescente";"Céu Claro";"Dupla";"Reta";"Sim";2;0;1;0;1;0;1;2;-1,35668473;-48,35014343;"SPRF-PA";"DEL01-PA";"DEL19/1-UOP05/PA"
115535;2018-03-03;"sábado";"15:15:00";"MT";163;848;"SINOP";"Não guardar distância de segurança";"Colisão traseira";"Sem Vítimas";"Pleno dia";"Crescente";"Céu Claro";"Simples";"Reta";"Não";2;0;0;0;1;1;0;2;-11,81089965;-55,48164368;"SPRF-MT";"DEL06-MT";"UOP02-DEL06-MT"
115536;2018-03-03;"sábado";"15:45:00";"SP";116;117,9;"TAUBATE";"Avarias e/ou desgaste excessivo no pneu";"Colisão traseira";"Com Vítimas Feridas";"Pleno dia";"Decrescente";"Chuva";"Dupla";"Reta";"Sim";6;0;0;2;4;0;2;3;-23,058229;-45,617695;"SPRF-SP";"DEL06-SP";"UOP02-DEL02-SP"
115538;2018-03-03;"sábado";"16:40:00";"SP";116;229;"GUARULHOS";"Ultrapassagem Indevida";"Colisão traseira";"Sem Vítimas";"Pleno dia";"Decrescente";"Garoa/Chuvisco";"Múltipla";"Reta";"Sim";1;0;0;0;1;0;0;1;-23,51080907;-46,57408118;"SPRF-SP";"DEL01-SP";"UOP01-DEL01-SP"
115539;2018-03-03;"sábado";"14:45:00";"RJ";101;314;"SAO GONCALO";"Não guardar distância de segurança";"Engavetamento";"Com Vítimas Feridas";"Pleno dia";"Decrescente";"Nublado";"Dupla";"Reta";"Não";5;0;2;0;3;0;2;4;-22,7967644;-43,0317193;"SPRF-RJ";"DEL02-RJ";"DEL5/2-UOP04/RJ"
115544;2018-03-03;"sábado";"15:10:00";"MT";364;400;"NOVA BRASILANDIA";"Ingestão de Álcool";"Colisão lateral";"Sem Vítimas";"Pleno dia";"Crescente";"Céu Claro";"Dupla";"Curva";"Não";2;0;0;0;2;0;0;2;-15;-55;"SPRF-MT";"DEL02-MT";"UOP02-DEL01-MT"
115546;2018-03-03;"sábado";"17:15:00";"PE";101;65,9;"RECIFE";"Falta de Atenção do Pedestre";"Atropelamento de Pedestre";"Com Vítimas Feridas";"Pleno dia";"Crescente";"Céu Claro";"Simples";"Reta";"Sim";2;0;0;1;1;0;1;2;-8,033111;-34,942109;"SPRF-PE";"DEL01-PE";"UOP01-DEL01-PE"
115549;2018-03-03;"sábado";"16:35:00";"MS";163;264,8;"DOURADOS";"Falta de Atenção à Condução";"Saída de leito carroçável";"Com Vítimas Feridas";"Pleno dia";"Decrescente";"Sol";"Dupla";"Interseção de Vias";"Sim";1;0;0;1;0;0;1;1;-22,22402836;-54,7322908;"SPRF-MS";"DEL04-MS";"UOP01-DEL04-MS"
115550;2018-03-03;"sábado";"17:45:00";"SE";235;56,8;"ITABAIANA";"Falta de Atenção à Condução";"Colisão transversal";"Sem Vítimas";"Anoitecer";"Crescente";"Nublado";"Simples";"Reta";"Sim";2;0;0;0;1;1;0;2;-10,658644;-37,448425;"SPRF-SE";"DEL01-SE";"UOP02-DEL01-SE"
115551;2018-03-03;"sábado";"17:55:00";"PR";116;49,1;"CAMPINA GRANDE DO SUL";"Falta de Atenção à Condução";"Saída de leito carroçável";"Sem Vítimas";"Anoitecer";"Decrescente";"Chuva";"Dupla";"Curva";"Não";1;0;0;0;1;0;0;1;-25,225872;-48,906879;"SPRF-PR";"DEL01-PR";"UOP02-DEL01-PR"
115553;2018-03-03;"sábado";"17:40:00";"SC";470;52;"BLUMENAU";"Desobediência às normas de trânsito pelo condutor";"Colisão transversal";"Com Vítimas Feridas";"Anoitecer";"Crescente";"Nublado";"Simples";"Reta";"Não";5;0;2;0;3;0;2;4;-26,85983499;-49,07739758;"SPRF-SC";"DEL04-SC";"UOP01-DEL04-SC"
115555;2018-03-03;"sábado";"15:15:00";"MA";10;248;"IMPERATRIZ";"Desobediência às normas de trânsito pelo condutor";"Colisão lateral";"Com Vítimas Feridas";"Pleno dia";"Decrescente";"Céu Claro";"Simples";"Reta;Interseção de Vias";"Sim";3;0;1;2;0;0;3;2;-5,566143;-47,449028;"SPRF-MA";"DEL04-MA";"UOP01-DEL04-MA"
115556;2018-03-03;"sábado";"17:40:00";"PR";277;72;"SAO JOSE DOS PINHAIS";"Defeito na Via";"Capotamento";"Sem Vítimas";"Anoitecer";"Crescente";"Garoa/Chuvisco";"Dupla";"Curva";"Não";1;0;0;0;1;0;0;1;-25,51245471;-49,13012986;"SPRF-PR";"DEL01-PR";"UOP07-DEL01-PR"
115557;2018-03-03;"sábado";"17:30:00";"MG";40;547;"NOVA LIMA";"Defeito Mecânico no Veículo";"Incêndio";"Com Vítimas Feridas";"Anoitecer";"Crescente";"Chuva";"Dupla";"Curva;Aclive";"Não";1;0;1;0;0;0;1;1;-20,033;-43,9691;"SPRF-MG";"DEL01-MG";"UOP02-DEL01-MG"
115558;2018-03-03;"sábado";"17:30:00";"ES";101;270,2;"SERRA";"Falta de Atenção à Condução";"Tombamento";"Com Vítimas Feridas";"Anoitecer";"Crescente";"Céu Claro";"Dupla";"Curva";"Sim";1;0;0;1;0;0;1;1;-20,23284507;-40,27563214;"SPRF-ES";"DEL02-ES";"UOP01-DEL02-ES"
115559;2018-03-03;"sábado";"17:30:00";"SP";381;79;"SAO PAULO";"Não guardar distância de segurança";"Colisão traseira";"Com Vítimas Feridas";"Anoitecer";"Decrescente";"Nublado";"Múltipla";"Reta";"Sim";3;0;2;0;1;0;2;2;-23,46072682;-46,57310486;"SPRF-SP";"DEL03-SP";"DEL6/3-UOP03/SP"
115561;2018-03-03;"sábado";"18:30:00";"MG";262;884,5;"CAMPO FLORIDO";"Falta de Atenção à Condução";"Saída de leito carroçável";"Sem Vítimas";"Anoitecer";"Decrescente";"Céu Claro";"Dupla";"Reta";"Não";1;0;0;0;1;0;0;1;-19,766943;-48,580914;"SPRF-MG";"DEL13-MG";"UOP02-DEL13-MG"
115562;2018-03-03;"sábado";"16:20:00";"BA";101;466;"URUCUCA";"Falta de Atenção à Condução";"Capotamento";"Com Vítimas Feridas";"Pleno dia";"Crescente";"Céu Claro";"Simples";"Curva";"Não";4;0;3;0;1;0;3;1;-14,54482629;-39,32846409;"SPRF-BA";"DEL05-BA";"UOP01-DEL05-BA"
115563;2018-03-03;"sábado";"18:10:00";"PR";116;66;"CAMPINA GRANDE DO SUL";"Velocidade Incompatível";"Saída de leito carroçável";"Com Vítimas Feridas";"Plena Noite";"Crescente";"Garoa/Chuvisco";"Dupla";"Curva";"Não";3;0;2;0;1;0;2;1;-25,310339;-49,012131;"SPRF-PR";"DEL01-PR";"UOP02-DEL01-PR"
115565;2018-03-03;"sábado";"18:15:00";"SC";101;213,8;"PALHOCA";"Defeito Mecânico no Veículo";"Tombamento";"Com Vítimas Feridas";"Pleno dia";"Crescente";"Nublado";"Dupla";"Reta";"Sim";2;0;2;0;0;0;2;1;-27,6446;-48,6705;"SPRF-SC";"DEL01-SC";"UOP02-DEL01-SC"
115566;2018-03-03;"sábado";"18:20:00";"SP";116;218;"GUARULHOS";"Falta de Atenção à Condução";"Colisão com objeto estático";"Sem Vítimas";"Anoitecer";"Crescente";"Céu Claro";"Múltipla";"Reta";"Sim";1;0;0;0;1;0;0;1;-23,45858619;-46,4829424;"SPRF-SP";"DEL01-SP";"UOP01-DEL01-SP"
115568;2018-03-03;"sábado";"13:45:00";"RO";435;85;"COLORADO DO OESTE";"Falta de Atenção à Condução";"Colisão transversal";"Com Vítimas Feridas";"Pleno dia";"Crescente";"Céu Claro";"Simples";"Reta";"Sim";2;0;0;1;1;0;1;2;-13,118861;-60,531811;"SPRF-RO";"DEL04-RO";"UOP02-DEL04-RO"
115571;2018-03-03;"sábado";"19:00:00";"PI";343;345,5;"TERESINA";"Desobediência às normas de trânsito pelo condutor";"Colisão transversal";"Sem Vítimas";"Plena Noite";"Decrescente";"Céu Claro";"Dupla";"Interseção de Vias";"Sim";2;0;0;0;2;0;0;2;-5,10586558;-42,76778063;"SPRF-PI";"DEL01-PI";"UOP01-DEL01-PI"
115572;2018-03-03;"sábado";"18:55:00";"SC";280;43;"GUARAMIRIM";"Desobediência às normas de trânsito pelo condutor";"Queda de ocupante de veículo";"Com Vítimas Feridas";"Plena Noite";"Decrescente";"Nublado";"Simples";"Reta";"Não";3;0;1;0;1;1;1;3;-26,451193;-48,877975;"SPRF-SC";"DEL03-SC";"UOP03-DEL03-SC"
115574;2018-03-03;"sábado";"19:15:00";"SC";101;215,3;"PALHOCA";"Ingestão de Álcool";"Colisão traseira";"Sem Vítimas";"Plena Noite";"Decrescente";"Garoa/Chuvisco";"Múltipla";"Viaduto";"Sim";2;0;0;0;2;0;0;2;-27,6601;-48,6774;"SPRF-SC";"DEL01-SC";"UOP02-DEL01-SC"
115576;2018-03-03;"sábado";"19:00:00";"MG";381;905;"CAMBUI";"Falta de Atenção à Condução";"Colisão lateral";"Com Vítimas Feridas";"Plena Noite";"Decrescente";"Nublado";"Dupla";"Curva";"Não";7;0;2;0;5;0;2;2;-22,6662;-46,093;"SPRF-MG";"DEL16-MG";"UOP03-DEL16-MG"
115577;2018-03-03;"sábado";"19:10:00";"PR";277;595,7;"CASCAVEL";"Ingestão de Álcool";"Colisão frontal";"Com Vítimas Feridas";"Plena Noite";"Decrescente";"Céu Claro";"Simples";"Interseção de Vias";"Sim";2;0;0;1;1;0;1;2;-24,98232367;-53,50067139;"SPRF-PR";"DEL04-PR";"UOP01-DEL04-PR"
115578;2018-03-03;"sábado";"18:45:00";"PI";343;347,5;"TERESINA";"Falta de Atenção à Condução";"Colisão traseira";"Com Vítimas Feridas";"Plena Noite";"Decrescente";"Céu Claro";"Dupla";"Reta";"Sim";4;0;2;0;1;1;2;2;-5,114822;-42,778355;"SPRF-PI";"DEL01-PI";"UOP01-DEL01-PI"
115579;2018-03-03;"sábado";"19:30:00";"MG";365;612,6;"UBERLANDIA";"Desobediência às normas de trânsito pelo condutor";"Colisão frontal";"Com Vítimas Feridas";"Plena Noite";"Crescente";"Céu Claro";"Simples";"Reta";"Sim";2;0;2;0;0;0;2;2;-18,8974;-48,2715;"SPRF-MG";"DEL15-MG";"UOP01-DEL15-MG"
115580;2018-03-03;"sábado";"18:30:00";"PA";230;113;"MARABA";"Desobediência às normas de trânsito pelo condutor";"Colisão frontal";"Com Vítimas Feridas";"Anoitecer";"Crescente";"Céu Claro";"Simples";"Reta";"Não";2;0;0;1;0;1;1;2;-5,366874;-49,057587;"SPRF-PA";"DEL03-PA";"UOP01-DEL03-PA"
115581;2018-03-03;"sábado";"19:20:00";"PR";277;105;"CAMPO LARGO";"Velocidade Incompatível";"Saída de leito carroçável";"Com Vítimas Feridas";"Anoitecer";"Decrescente";"Chuva";"Dupla";"Reta;Declive";"Sim";1;0;0;1;0;0;1;1;-25,43462269;-49,41337997;"SPRF-PR";"DEL01-PR";"UOP06-DEL01-PR"
115584;2018-03-03;"sábado";"19:25:00";"MG";116;278,2;"TEOFILO OTONI";"Desobediência às normas de trânsito pelo condutor";"Colisão transversal";"Sem Vítimas";"Plena Noite";"Crescente";"Céu Claro";"Simples";"Reta;Interseção de Vias;Aclive";"Sim";3;0;0;0;3;0;0;2;-17,8673812;-41,5162663;"SPRF-MG";"DEL11-MG";"UOP01-DEL11-MG"
115585;2018-03-03;"sábado";"19:30:00";"DF";60;4;"BRASILIA";"Falta de Atenção à Condução";"Colisão lateral";"Com Vítimas Feridas";"Plena Noite";"Crescente";"Nublado";"Dupla";"Reta";"Sim";2;0;1;0;1;0;1;2;-15,90058391;-48,11462402;"SPRF-DF";"DEL01-DF";"UOP01-DEL03-DF"
115586;2018-03-03;"sábado";"18:50:00";"SP";116;224;"GUARULHOS";"Falta de Atenção à Condução";"Colisão traseira";"Sem Vítimas";"Plena Noite";"Crescente";"Céu Claro";"Múltipla";"Reta";"Não";2;0;0;0;2;0;0;2;-23,48591973;-46,54632568;"SPRF-SP";"DEL01-SP";"UOP01-DEL01-SP"
115587;2018-03-03;"sábado";"18:45:00";"SP";116;54,5;"LORENA";"Ingestão de Álcool";"Colisão com objeto estático";"Sem Vítimas";"Plena Noite";"Crescente";"Céu Claro";"Dupla";"Reta";"Sim";1;0;0;0;1;0;0;1;-22,758053;-45,115101;"SPRF-SP";"DEL08-SP";"UOP01-DEL08-SP"
115588;2018-03-03;"sábado";"19:40:00";"ES";101;159;"LINHARES";"Defeito Mecânico no Veículo";"Tombamento";"Com Vítimas Feridas";"Plena Noite";"Crescente";"Céu Claro";"Simples";"Reta";"Sim";2;0;1;0;1;0;1;1;-19,418678;-40,06713867;"SPRF-ES";"DEL04-ES";"UOP01-DEL04-ES"
115589;2018-03-03;"sábado";"19:40:00";"MG";459;106;"POUSO ALEGRE";"Desobediência às normas de trânsito pelo condutor";"Engavetamento";"Com Vítimas Feridas";"Plena Noite";"Crescente";"Nublado";"Dupla";"Reta";"Sim";5;0;1;0;2;2;1;3;-22,23387;-45,898136;"SPRF-MG";"DEL16-MG";"UOP01-DEL16-MG"
115590;2018-03-03;"sábado";"19:50:00";"PR";277;397,9;"CANDOI";"Falta de Atenção à Condução";"Colisão transversal";"Com Vítimas Feridas";"Plena Noite";"Crescente";"Chuva";"Simples";"Reta";"Não";3;0;1;0;2;0;1;2;-25,459984;-51,957977;"SPRF-PR";"DEL03-PR";"UOP01-DEL08-PR"
115591;2018-03-03;"sábado";"19:35:00";"RJ";101;436,9;"MANGARATIBA";"Ingestão de Álcool";"Colisão lateral";"Com Vítimas Feridas";"Plena Noite";"Decrescente";"Chuva";"Simples";"Curva";"Sim";5;0;4;0;1;0;4;3;-22,937099;-44,010822;"SPRF-RJ";"DEL03-RJ";"UOP01-DEL03-RJ"
115593;2018-03-03;"sábado";"19:50:00";"SC";101;89,5;"BARRA VELHA";"Falta de Atenção à Condução";"Colisão transversal";"Com Vítimas Feridas";"Plena Noite";"Decrescente";"Nublado";"Simples";"Reta";"Sim";2;0;1;0;1;0;1;2;-26,6689;-48,6897;"SPRF-SC";"DEL03-SC";"UOP02-DEL03-SC"
115594;2018-03-03;"sábado";"19:35:00";"BA";324;516,7;"FEIRA DE SANTANA";"Falta de Atenção à Condução";"Colisão com objeto em movimento";"Com Vítimas Feridas";"Plena Noite";"Crescente";"Céu Claro";"Simples";"Reta";"Sim";2;0;0;1;0;1;1;2;-12,26106;-38,93245;"SPRF-BA";"DEL02-BA";"UOP01-DEL02-BA"
115595;2018-03-03;"sábado";"19:25:00";"PB";230;33,3;"BAYEUX";"Velocidade Incompatível";"Colisão transversal";"Com Vítimas Feridas";"Plena Noite";"Crescente";"Céu Claro";"Dupla";"Reta";"Sim";3;0;1;0;1;1;1;2;-7,136169;-34,926396;"SPRF-PB";"DEL01-PB";"UOP01-DEL01-PB"
115596;2018-03-03;"sábado";"19:10:00";"SP";381;77;"SAO PAULO";"Desobediência às normas de trânsito pelo pedestre";"Atropelamento de Pedestre";"Com Vítimas Feridas";"Plena Noite";"Crescente";"Céu Claro";"Dupla";"Curva";"Sim";2;0;0;1;1;0;1;2;-23,40306563;-46,575637;"SPRF-SP";"DEL03-SP";"DEL6/3-UOP03/SP"
115597;2018-03-03;"sábado";"17:40:00";"SC";163;67,5;"SAO MIGUEL DO OESTE";"Ingestão de Álcool";"Saída de leito carroçável";"Sem Vítimas";"Pleno dia";"Crescente";"Céu Claro";"Simples";"Interseção de Vias";"Sim";5;0;0;0;2;3;0;2;-26,74345943;-53,50109518;"SPRF-SC";"DEL07-SC";"UOP03-DEL07-SC"
115598;2018-03-03;"sábado";"20:10:00";"GO";70;15;"AGUAS LINDAS DE GOIAS";"Falta de Atenção à Condução";"Colisão traseira";"Com Vítimas Feridas";"Plena Noite";"Crescente";"Céu Claro";"Simples";"Reta";"Não";4;0;3;0;0;1;3;2;-15,7448;-48,3557;"SPRF-DF";"DEL01-DF";"UOP02-DEL03-DF"
115599;2018-03-03;"sábado";"20:30:00";"SP";116;216;"GUARULHOS";"Ingestão de Substâncias Psicoativas";"Colisão transversal";"Com Vítimas Feridas";"Plena Noite";"Decrescente";"Ignorado";"Múltipla";"Reta";"Não";3;0;2;1;0;0;3;2;-23,45247519;-46,4675054;"SPRF-SP";"DEL01-SP";"UOP01-DEL01-SP"
115603;2018-03-03;"sábado";"20:25:00";"GO";50;296,8;"CATALAO";"Animais na Pista";"Saída de leito carroçável";"Com Vítimas Feridas";"Plena Noite";"Decrescente";"Céu Claro";"Simples";"Curva";"Não";3;0;3;0;0;0;3;1;-18,2979;-48,0109;"SPRF-GO";"DEL06-GO";"UOP01-DEL06-GO"
115604;2018-03-03;"sábado";"19:30:00";"MT";70;2;"BARRA DO GARCAS";"Falta de Atenção à Condução";"Colisão lateral";"Com Vítimas Feridas";"Plena Noite";"Crescente";"Céu Claro";"Simples";"Interseção de Vias";"Sim";2;0;0;1;1;0;1;2;-15,887496;-52,268105;"SPRF-MT";"DEL07-MT";"UOP01-DEL07-MT"