"id";"data_inversa";"dia_semana";"horario";"uf";"br";"km";"municipio";"causa_acidente";"tipo_acidente";"classificacao_acidente";"fase_dia";"sentido_via";"condicao_metereologica";"tipo_pista";"tracado_via";"uso_solo";"pessoas";"mortos";"feridos_leves";"feridos_graves";"ilesos";"ignorados";"feridos";"veiculos";"latitude";"longitude";"regional";"delegacia";"uop"
115712;2018-03-04;"domingo";"06:20:00";"SC";282;526;"XAXIM";"Ingestão de Álcool";"Saída de leito carroçável";"Com Vítimas Feridas";"Amanhecer";"Decrescente";"Céu Claro";"Simples";"Curva";"Não";1;0;1;0;0;0;1;1;-26,96369381;-52,54829407;"SPRF-SC";"DEL07-SC";"UOP01-DEL07-SC"
115713;2018-03-04;"domingo";"08:05:00";"RN";304;271;"SAO PEDRO";"Ingestão de Álcool";"Colisão lateral";"Com Vítimas Feridas";"Pleno dia";"Decrescente";"Céu Claro";"Simples";"Reta";"Não";2;0;1;0;1;0;1;2;-5,87064791;-35,58284998;"SPRF-RN";"DEL01-RN";"UOP02-DEL01-RN"
115715;2018-03-04;"domingo";"05:30:00";"BA";324;570,5;"CANDEIAS";"Velocidade Incompatível";"Capotamento";"Sem Vítimas";"Amanhecer";"Crescente";"Céu Claro";"Dupla";"Reta";"Não";1;0;0;0;1;0;0;1;-12,57332921;-38,54690552;"SPRF-BA";"DEL01-BA";"UOP01-DEL01-BA"
115717;2018-03-04;"domingo";"08:39:00";"PE";232;55;"POMBOS";"Falta de Atenção à Condução";"Colisão traseira";"Com Vítimas Fatais";"Pleno dia";"Crescente";"Sol";"Dupla";"Reta";"Não";4;1;1;0;2;0;1;4;-8,13128877;-35,36087036;"SPRF-PE";"DEL01-PE";"UOP02-DEL02PE"
115718;2018-03-04;"domingo";"08:45:00";"PE";101;65,5;"RECIFE";"Não guardar distância de segurança";"Colisão traseira";"Com Vítimas Feridas";"Pleno dia";"Crescente";"Chuva";"Dupla";"Reta";"Sim";3;0;2;0;1;0;2;2;-8,03001983;-34,94294202;"SPRF-PE";"DEL01-PE";"UOP01-DEL01-PE"
115720;2018-03-04;"domingo";"07:30:00";"SP";116;426;"JUQUIA";"Falta de Atenção à Condução";"Colisão com objeto estático";"Sem Vítimas";"Pleno dia";"Crescente";"Nublado";"Dupla";"Reta";"Não";1;0;0;0;1;0;0;1;-24,39838367;-47,72598267;"SPRF-SP";"DEL05-SP";"UOP01-DEL05-SP"
115721;2018-03-04;"domingo";"04:50:00";"ES";101;288;"CARIACICA";"Velocidade Incompatível";"Colisão com objeto estático";"Sem Vítimas";"Plena Noite";"Decrescente";"Céu Claro";"Dupla";"Reta";"Sim";1;0;0;0;0;1;0;1;-20,28924924;-40,39398193;"SPRF-ES";"DEL01-ES";"UOP01-DEL01-ES"
115723;2018-03-04;"domingo";"08:30:00";"PR";376;253;"CALIFORNIA";"Ingestão de Álcool";"Colisão com objeto estático";"Sem Vítimas";"Pleno dia";"Decrescente";"Céu Claro";"Dupla";"Reta";"Não";1;0;0;0;1;0;0;1;-23,64160979;-51,37330631;"SPRF-PR";"DEL07-PR";"UOP03-DEL07-PR"
115724;2018-03-04;"domingo";"08:55:00";"RS";290;124,6;"ELDORADO DO SUL";"Defeito Mecânico no Veículo";"Tombamento";"Com Vítimas Feridas";"Pleno dia";"Decrescente";"Céu Claro";"Simples";"Reta";"Não";2;0;2;0;0;0;2;1;-30,054256;-51,448662;"SPRF-RS";"DEL02-RS";"UOP01-DEL02-RS"
115725;2018-01-03;"quarta-feira";"19:50:00";"MG";40;530;"CONTAGEM";"Falta de Atenção à Condução";"Colisão transversal";"Com Vítimas Feridas";"Plena Noite";"Crescente";"Céu Claro";"Dupla";"Curva";"Sim";2;0;0;1;1;0;1;2;-19,9214;-44,023;"SPRF-MG";"DEL01-MG";"UOP03-DEL01-MG"
115726;2018-03-04;"domingo";"09:00:00";"MS";163;5,7;"MUNDO NOVO";"Falta de Atenção à Condução";"Colisão traseira";"Com Vítimas Feridas";"Pleno dia";"Crescente";"Céu Claro";"Simples";"Reta";"Não";4;0;1;0;3;0;1;1;-24,00693724;-54,31069589;"SPRF-MS";"DEL09-MS";"UOP02-DEL09-MS"
115727;2018-03-04;"domingo";"10:00:00";"SC";470;255,3;"CURITIBANOS";"Velocidade Incompatível";"Saída de leito carroçável";"Com Vítimas Feridas";"Pleno dia";"Crescente";"Nublado";"Simples";"Reta";"Não";4;0;4;0;0;0;4;1;-27,309111;-50,620499;"SPRF-SC";"DEL05-SC";"UOP03-DEL05-SC"
115728;2018-03-04;"domingo";"10:00:00";"PR";277;609,8;"SANTA TEREZA DO OESTE";"Falta de Atenção à Condução";"Colisão transversal";"Sem Vítimas";"Pleno dia";"Crescente";"Céu Claro";"Simples";"Reta";"Não";2;0;0;0;2;0;0;2;-25,047836;-53,612991;"SPRF-PR";"DEL05-PR";"UOP02-DEL05-PR"
115729;2018-03-04;"domingo";"10:00:00";"GO";20;152,9;"ALVORADA DO NORTE";"Condutor Dormindo";"Saída de leito carroçável";"Com Vítimas Feridas";"Pleno dia";"Decrescente";"Céu Claro";"Simples";"Reta";"Não";2;0;1;0;1;0;1;1;-14,679946;-46,64674;"SPRF-DF";"DEL02-DF";"UOP03-DEL02-DF"
115730;2018-03-04;"domingo";"10:05:00";"PA";316;8;"ANANINDEUA";"Falta de Atenção do Pedestre";"Atropelamento de Pedestre";"Com Vítimas Feridas";"Pleno dia";"Crescente";"Céu Claro";"Múltipla";"Reta";"Sim";2;0;1;1;0;0;2;2;-1,36754997;-48,37529182;"SPRF-PA";"DEL01-PA";"DEL19/1-UOP05/PA"
115731;2018-03-04;"domingo";"10:50:00";"MG";365;629;"UBERLANDIA";"Desobediência às normas de trânsito pelo condutor";"Queda de ocupante de veículo";"Com Vítimas Feridas";"Pleno dia";"Crescente";"Céu Claro";"Dupla";"Curva";"Sim";2;0;1;1;0;0;2;1;-18,89097954;-48,42563157;"SPRF-MG";"DEL15-MG";"UOP01-DEL15-MG"
115732;2018-03-04;"domingo";"06:45:00";"RS";287;335,7;"SAO VICENTE DO SUL";"Velocidade Incompatível";"Saída de leito carroçável";"Com Vítimas Fatais";"Amanhecer";"Decrescente";"Céu Claro";"Simples";"Reta";"Não";3;1;0;1;0;1;1;2;-29,638802;-54,679932;"SPRF-RS";"DEL12-RS";"UOP02-DEL12-RS"
115733;2018-03-04;"domingo";"10:15:00";"PA";316;94,1;"SANTA MARIA DO PARA";"Falta de Atenção à Condução";"Colisão lateral";"Com Vítimas Feridas";"Pleno dia";"Crescente";"Céu Claro";"Simples";"Reta";"Não";2;0;1;0;0;1;1;2;-1,3382487;-47,5865059;"SPRF-PA";"DEL01-PA";"UOP02-DEL01-PA"
115734;2018-03-04;"domingo";"11:00:00";"MG";381;543,9;"ITATIAIUCU";"Falta de Atenção à Condução";"Saída de leito carroçável";"Com Vítimas Feridas";"Pleno dia";"Crescente";"Nublado";"Dupla";"Curva";"Não";1;0;1;0;0;0;1;1;-20,2548;-44,414;"SPRF-MG";"DEL04-MG";"UOP03-DEL04-MG"
115735;2018-02-28;"quarta-feira";"12:15:00";"SC";101;122,1;"ITAJAI";"Falta de Atenção à Condução";"Colisão traseira";"Com Vítimas Feridas";"Pleno dia";"Crescente";"Sol";"Dupla";"Reta";"Sim";1;0;1;0;0;0;1;1;-26,93619813;-48,69927585;"SPRF-SC";"DEL04-SC";"UOP04-DEL04-SC"
115736;2018-03-04;"domingo";"04:00:00";"BA";242;450;"IBITIARA";"Ingestão de Álcool";"Capotamento";"Com Vítimas Fatais";"Plena Noite";"Crescente";"Ignorado";"Simples";"Reta;Declive";"Não";2;1;0;0;1;0;0;1;-12,47441234;-42,28217133;"SPRF-BA";"DEL06-BA";"UOP01-DEL06-BA"
115738;2018-03-04;"domingo";"11:25:00";"ES";101;270,6;"SERRA";"Ingestão de Álcool";"Atropelamento de Pedestre";"Com Vítimas Feridas";"Pleno dia";"Crescente";"Nublado";"Múltipla";"Interseção de Vias";"Sim";3;0;1;0;1;1;1;2;-20,229758;-40,272825;"SPRF-ES";"DEL02-ES";"UOP01-DEL02-ES"
115739;2018-03-04;"domingo";"11:00:00";"GO";60;120;"TEREZOPOLIS DE GOIAS";"Defeito Mecânico no Veículo";"Queda de ocupante de veículo";"Com Vítimas Feridas";"Pleno dia";"Decrescente";"Céu Claro";"Dupla";"Reta;Declive";"Não";1;0;1;0;0;0;1;1;-16,4979;-49,1065;"SPRF-GO";"DEL01-GO";"UOP01-DEL01-GO"
115741;2018-03-04;"domingo";"10:50:00";"MG";365;665;"MONTE ALEGRE DE MINAS";"Velocidade Incompatível";"Saída de leito carroçável";"Com Vítimas Feridas";"Pleno dia";"Crescente";"Sol";"Dupla";"Reta";"Não";2;0;2;0;0;0;2;1;-18,88660244;-48,70623778;"SPRF-MG";"DEL15-MG";"UOP01-DEL15-MG"
115743;2018-03-04;"domingo";"11:04:00";"CE";222;8,6;"CAUCAIA";"Desobediência às normas de trânsito pelo condutor";"Colisão transversal";"Com Vítimas Feridas";"Pleno dia";"Decrescente";"Céu Claro";"Dupla";"Rotatória";"Sim";3;0;2;0;1;0;2;2;-3,7661737;-38,662931;"SPRF-CE";"DEL01-CE";"UOP01-DEL01-CE"
115744;2018-01-11;"quinta-feira";"13:20:00";"CE";222;5,8;"FORTALEZA";"Falta de Atenção à Condução";"Colisão traseira";"Com Vítimas Feridas";"Pleno dia";"Decrescente";"Céu Claro";"Simples";"Curva;Rotatória";"Sim";5;0;0;1;4;0;1;2;-3,74372;-38,620974;"SPRF-CE";"DEL01-CE";"UOP01-DEL01-CE"
115746;2018-03-04;"domingo";"11:45:00";"MA";316;555;"CAXIAS";"Ingestão de Álcool";"Tombamento";"Com Vítimas Feridas";"Pleno dia";"Decrescente";"Céu Claro";"Simples";"Curva";"Não";1;0;1;0;0;0;1;1;-4,871665;-43,322151;"SPRF-MA";"DEL03-MA";"UOP02-DEL03-MA"
115747;2018-03-04;"domingo";"12:20:00";"GO";153;445,4;"ANAPOLIS";"Não guardar distância de segurança";"Colisão traseira";"Sem Vítimas";"Pleno dia";"Crescente";"Céu Claro";"Dupla";"Reta";"Sim";2;0;0;0;2;0;0;2;-16,352293;-48,928513;"SPRF-GO";"DEL02-GO";"UOP01-DEL02-GO"
115748;2018-03-04;"domingo";"12:15:00";"MG";40;527,3;"CONTAGEM";"Condutor Dormindo";"Saída de leito carroçável";"Com Vítimas Feridas";"Pleno dia";"Crescente";"Céu Claro";"Múltipla";"Curva";"Sim";2;0;1;0;1;0;1;1;-19,90544693;-44,04784799;"SPRF-MG";"DEL01-MG";"UOP03-DEL01-MG"
115749;2018-03-04;"domingo";"12:28:00";"RS";290;101;"PORTO ALEGRE";"Agressão Externa";"Saída de leito carroçável";"Com Vítimas Feridas";"Pleno dia";"Crescente";"Céu Claro";"Dupla";"Reta";"Não";3;0;3;0;0;0;3;1;-29,98553682;-51,24556955;"SPRF-RS";"DEL01-RS";"UOP01-DEL01-RS"
115753;2018-03-04;"domingo";"11:00:00";"RJ";40;105;"DUQUE DE CAXIAS";"Falta de Atenção à Condução";"Atropelamento de Pedestre";"Com Vítimas Feridas";"Pleno dia";"Decrescente";"Céu Claro";"Múltipla";"Reta";"Sim";2;0;0;1;1;0;1;2;-22,6380952;-43,28338623;"SPRF-RJ";"DEL01-RJ";"UOP01-DEL01-RJ"
115756;2018-03-04;"domingo";"13:00:00";"PR";369;167,3;"CAMBE";"Falta de Atenção à Condução";"Colisão lateral";"Com Vítimas Feridas";"Pleno dia";"Decrescente";"Céu Claro";"Dupla";"Reta;Declive";"Não";2;0;1;0;1;0;1;2;-23,2969791;-51,31755617;"SPRF-PR";"DEL07-PR";"UOP01-DEL07-PR"
115757;2018-03-04;"domingo";"13:00:00";"PR";376;159,2;"MARINGA";"Falta de Atenção à Condução";"Saída de leito carroçável";"Com Vítimas Feridas";"Pleno dia";"Crescente";"Céu Claro";"Dupla";"Retorno Regulamentado";"Não";2;0;2;0;0;0;2;1;-23,352516;-52,09127;"SPRF-PR";"DEL07-PR";"UOP01-DEL09-PR"
115758;2018-03-04;"domingo";"13:30:00";"SP";381;44;"ATIBAIA";"Defeito Mecânico no Veículo";"Colisão com objeto estático";"Sem Vítimas";"Pleno dia";"Decrescente";"Sol";"Dupla";"Curva";"Sim";1;0;0;0;1;0;0;1;-23,16281195;-46,57362273;"SPRF-SP";"DEL03-SP";"UOP01-DEL03-SP"
115759;2018-03-04;"domingo";"12:45:00";"MG";262;367;"JUATUBA";"Avarias e/ou desgaste excessivo no pneu";"Saída de leito carroçável";"Sem Vítimas";"Pleno dia";"Crescente";"Chuva";"Dupla";"Declive;Curva";"Não";1;0;0;0;1;0;0;1;-19,9619;-44,3358;"SPRF-MG";"DEL01-MG";"UOP03-DEL01-MG"
115760;2018-03-04;"domingo";"11:46:00";"MG";50;0,6;"ARAGUARI";"Velocidade Incompatível";"Queda de ocupante de veículo";"Com Vítimas Feridas";"Pleno dia";"Crescente";"Céu Claro";"Dupla";"Declive";"Não";1;0;0;1;0;0;1;1;-18,427999;-48,063292;"SPRF-MG";"DEL15-MG";"UOP02-DEL15-MG"
115761;2018-03-04;"domingo";"14:00:00";"CE";20;334;"CARIDADE";"Pista Escorregadia";"Capotamento";"Com Vítimas Feridas";"Pleno dia";"Decrescente";"Garoa/Chuvisco";"Simples";"Reta";"Não";3;0;1;0;2;0;1;1;-4,18207261;-39,16900635;"SPRF-CE";"DEL02-CE";"UOP01-DEL02-CE"
115763;2018-03-04;"domingo";"14:40:00";"SP";116;521;"CAJATI";"Velocidade Incompatível";"Colisão com objeto estático";"Sem Vítimas";"Pleno dia";"Decrescente";"Chuva";"Dupla";"Reta";"Não";3;0;0;0;3;0;0;1;-24,81665356;-48,2093811;"SPRF-SP";"DEL05-SP";"UAP01-DEL05-SP"
115765;2018-03-04;"domingo";"14:45:00";"MG";40;557,8;"NOVA LIMA";"Velocidade Incompatível";"Saída de leito carroçável";"Sem Vítimas";"Pleno dia";"Crescente";"Chuva";"Dupla";"Curva";"Não";1;0;0;0;1;0;0;1;-20,1100096;-43,9734378;"SPRF-MG";"DEL01-MG";"UOP02-DEL01-MG"
115770;2018-03-04;"domingo";"15:00:00";"SC";101;196,6;"BIGUACU";"Velocidade Incompatível";"Saída de leito carroçável";"Com Vítimas Feridas";"Pleno dia";"Decrescente";"Chuva";"Múltipla";"Curva";"Não";2;0;1;1;0;0;2;1;-27,51464022;-48,63941963;"SPRF-SC";"DEL01-SC";"UOP01-DEL01-SC"
115772;2018-03-04;"domingo";"14:00:00";"ES";262;61;"MARECHAL FLORIANO";"Pista Escorregadia";"Capotamento";"Sem Vítimas";"Pleno dia";"Decrescente";"Nublado";"Simples";"Curva";"Não";1;0;0;0;1;0;0;1;-20,41868773;-40,81794262;"SPRF-ES";"DEL01-ES";"UOP02-DEL01-ES"
115773;2018-03-04;"domingo";"15:30:00";"SP";116;318;"JUQUITIBA";"Velocidade Incompatível";"Saída de leito carroçável";"Com Vítimas Feridas";"Pleno dia";"Crescente";"Céu Claro";"Dupla";"Curva";"Sim";1;0;1;0;0;0;1;1;-23,94484092;-47,06062317;"SPRF-SP";"DEL04-SP";"UOP03-DEL04-SP"
115776;2018-03-04;"domingo";"16:10:00";"SC";470;116;"IBIRAMA";"Falta de Atenção à Condução";"Colisão lateral";"Com Vítimas Feridas";"Pleno dia";"Crescente";"Nublado";"Simples";"Reta";"Não";3;0;2;0;1;0;2;2;-27,08113703;-49,49890137;"SPRF-SC";"DEL04-SC";"UOP02-DEL04-SC"
115778;2018-03-04;"domingo";"11:35:00";"SP";116;198;"ARUJA";"Falta de Atenção à Condução";"Colisão traseira";"Com Vítimas Feridas";"Pleno dia";"Decrescente";"Nublado";"Dupla";"Reta";"Não";7;0;2;0;5;0;2;2;-23,40150458;-46,30973339;"SPRF-SP";"DEL01-SP";"UOP02-DEL01-SP"
115779;2018-03-04;"domingo";"16:06:00";"GO";153;396,2;"PIRENOPOLIS";"Falta de Atenção à Condução";"Colisão traseira";"Com Vítimas Feridas";"Pleno dia";"Decrescente";"Céu Claro";"Simples";"Reta";"Sim";3;0;2;0;1;0;2;2;-16,009773;-49,125004;"SPRF-GO";"DEL02-GO";"UOP02-DEL02-GO"
115780;2018-03-04;"domingo";"16:14:00";"PR";277;212,9;"TEIXEIRA SOARES";"Velocidade Incompatível";"Colisão frontal";"Com Vítimas Fatais";"Pleno dia";"Crescente";"Nublado";"Simples";"Curva";"Não";8;2;1;5;0;0;6;3;-25,46931383;-50,37437439;"SPRF-PR";"DEL03-PR";"UOP02-DEL08-PR"
115782;2018-03-04;"domingo";"15:30:00";"AL";316;253;"PILAR";"Ingestão de Álcool";"Colisão traseira";"Sem Vítimas";"Pleno dia";"Crescente";"Nublado";"Simples";"Reta";"Sim";2;0;0;0;2;0;0;2;-9,57134;-35,966396;"SPRF-AL";"DEL02-AL";"UOP01-DEL02-AL"
115784;2018-03-04;"domingo";"16:15:00";"PE";104;48,1;"CARUARU";"Pista Escorregadia";"Capotamento";"Com Vítimas Feridas";"Pleno dia";"Crescente";"Chuva";"Dupla";"Reta";"Não";2;0;1;0;1;0;1;1;-8,1437;-35,9869;"SPRF-PE";"DEL02-PE";"UOP01-DEL02-PE"
115787;2018-03-04;"domingo";"15:30:00";"GO";414;393;"CORUMBA DE GOIAS";"Falta de Atenção à Condução";"Tombamento";"Com Vítimas Feridas";"Pleno dia";"Crescente";"Céu Claro";"Simples";"Reta";"Sim";1;0;1;0;0;0;1;1;-15,91907352;-48,80950928;"SPRF-GO";"DEL02-GO";"UOP01-DEL02-GO"
115788;2018-03-04;"domingo";"13:25:00";"MS";262;37,8;"TRES LAGOAS";"Defeito Mecânico no Veículo";"Saída de leito carroçável";"Com Vítimas Feridas";"Pleno dia";"Decrescente";"Sol";"Simples";"Reta";"Não";2;0;1;0;1;0;1;1;-20,783045;-51,940834;"SPRF-MS";"DEL07-MS";"UOP01-DEL07-MS"
115790;2018-03-04;"domingo";"16:20:00";"MG";116;240,3;"TEOFILO OTONI";"Pista Escorregadia";"Colisão lateral";"Com Vítimas Feridas";"Pleno dia";"Crescente";"Chuva";"Simples";"Reta";"Não";6;0;6;0;0;0;6;2;-17,8673812;-41,5162663;"SPRF-MG";"DEL11-MG";"UOP01-DEL11-MG"
115792;2018-03-04;"domingo";"16:00:00";"PI";343;2,4;"TERESINA";"Falta de Atenção à Condução";"Colisão traseira";"Com Vítimas Feridas";"Pleno dia";"Crescente";"Céu Claro";"Dupla";"Reta";"Não";2;0;0;2;0;0;2;2;-5,089569;-42,802288;"SPRF-PI";"DEL01-PI";"UOP01-DEL01-PI"
115793;2018-03-04;"domingo";"16:10:00";"ES";101;20;"PEDRO CANARIO";"Falta de Atenção à Condução";"Capotamento";"Sem Vítimas";"Pleno dia";"Crescente";"Sol";"Simples";"Reta";"Não";3;0;0;0;3;0;0;1;-18,32564;-39,958439;"SPRF-ES";"DEL04-ES";"UOP02-DEL04-ES"
115794;2018-03-04;"domingo";"16:00:00";"SC";116;209,2;"PONTE ALTA";"Desobediência às normas de trânsito pelo condutor";"Colisão transversal";"Com Vítimas Feridas";"Pleno dia";"Decrescente";"Nublado";"Simples";"Reta;Interseção de Vias";"Não";2;0;0;1;0;1;1;2;-27,48974;-50,375561;"SPRF-SC";"DEL05-SC";"UOP03-DEL05-SC"
115795;2018-03-04;"domingo";"16:45:00";"SC";101;237;"PALHOCA";"Pista Escorregadia";"Capotamento";"Sem Vítimas";"Anoitecer";"Decrescente";"Chuva";"Dupla";"Reta";"Não";1;0;0;0;1;0;0;1;-27,8444;-48,6354;"SPRF-SC";"DEL01-SC";"UOP02-DEL01-SC"
115799;2018-03-04;"domingo";"15:30:00";"RJ";101;525;"ANGRA DOS REIS";"Falta de Atenção à Condução";"Colisão lateral";"Com Vítimas Feridas";"Pleno dia";"Crescente";"Nublado";"Simples";"Curva";"Não";7;0;0;2;5;0;2;3;-23,00450056;-44,48113203;"SPRF-RJ";"DEL03-RJ";"UOP02-DEL03-RJ"
115800;2018-03-04;"domingo";"16:50:00";"PR";116;119;"CURITIBA";"Falta de Atenção à Condução";"Colisão lateral";"Sem Vítimas";"Pleno dia";"Crescente";"Nublado";"Dupla";"Retorno Regulamentado";"Sim";4;0;0;0;4;0;0;4;-25,57564986;-49,31225625;"SPRF-PR";"DEL01-PR";"UOP03-DEL01-PR"
115801;2018-03-04;"domingo";"17:15:00";"SP";116;212;"GUARULHOS";"Pista Escorregadia";"Danos eventuais";"Sem Vítimas";"Anoitecer";"Crescente";"Chuva";"Múltipla";"Reta";"Sim";1;0;0;0;1;0;0;1;-23,41914802;-46,37466431;"SPRF-SP";"DEL01-SP";"UOP01-DEL01-SP"
115804;2018-03-04;"domingo";"16:00:00";"MT";163;847;"SINOP";"Velocidade Incompatível";"Colisão lateral";"Com Vítimas Feridas";"Pleno dia";"Crescente";"Chuva";"Simples";"Reta";"Sim";2;0;1;0;1;0;1;2;-11,75418081;-55,46729922;"SPRF-MT";"DEL06-MT";"UOP02-DEL06-MT"
115805;2018-03-04;"domingo";"17:00:00";"RJ";101;304;"SAO GONCALO";"Restrição de Visibilidade";"Colisão com objeto estático";"Com Vítimas Feridas";"Pleno dia";"Decrescente";"Sol";"Dupla";"Reta";"Não";1;0;1;0;0;0;1;1;-22,800632;-43,053211;"SPRF-RJ";"DEL02-RJ";"DEL5/2-UOP04/RJ"
115806;2018-03-04;"domingo";"16:10:00";"MG";116;586;"MANHUACU";"Ingestão de Álcool";"Saída de leito carroçável";"Com Vítimas Feridas";"Pleno dia";"Decrescente";"Sol";"Simples";"Reta";"Não";3;0;2;0;0;1;2;2;-20,23900584;-42,16140747;"SPRF-MG";"DEL06-MG";"UOP03-DEL06-MG"
115807;2018-03-04;"domingo";"17:43:00";"SC";101;232,7;"PALHOCA";"Defeito Mecânico no Veículo";"Colisão com objeto estático";"Sem Vítimas";"Pleno dia";"Decrescente";"Chuva";"Dupla";"Reta";"Não";1;0;0;0;1;0;0;1;-27,81357175;-48,56437683;"SPRF-SC";"DEL01-SC";"UOP02-DEL01-SC"
115811;2018-03-04;"domingo";"17:00:00";"RN";101;80,5;"SAO GONCALO DO AMARANTE";"Desobediência às normas de trânsito pelo condutor";"Colisão transversal";"Sem Vítimas";"Anoitecer";"Crescente";"Céu Claro";"Dupla";"Interseção de Vias";"Sim";2;0;0;0;2;0;0;2;-5,76321524;-35,28733991;"SPRF-RN";"DEL02-RN";"UOP01-DEL02-RN"
115812;2018-03-04;"domingo";"16:00:00";"GO";153;37;"PORANGATU";"Ultrapassagem Indevida";"Saída de leito carroçável";"Com Vítimas Feridas";"Pleno dia";"Crescente";"Céu Claro";"Simples";"Reta;Declive";"Não";4;0;1;0;3;0;1;1;-13,08750413;-49,19334412;"SPRF-GO";"DEL07-GO";"UOP01-DEL07-GO"
115814;2018-03-04;"domingo";"17:50:00";"GO";60;380;"RIO VERDE";"Ingestão de Álcool";"Colisão traseira";"Sem Vítimas";"Anoitecer";"Crescente";"Céu Claro";"Dupla";"Reta";"Sim";4;0;0;0;4;0;0;2;-17,77251385;-50,88639736;"SPRF-GO";"DEL04-GO";"UOP01-DEL04-GO"
115815;2018-03-04;"domingo";"17:35:00";"MG";381;912,9;"CAMANDUCAIA";"Velocidade Incompatível";"Colisão com objeto estático";"Com Vítimas Feridas";"Anoitecer";"Decrescente";"Garoa/Chuvisco";"Dupla";"Curva";"Sim";4;0;1;0;3;0;1;2;-22,714;-46,1229;"SPRF-MG";"DEL16-MG";"UOP03-DEL16-MG"
115816;2018-03-04;"domingo";"17:00:00";"SP";116;87;"PINDAMONHANGABA";"Defeito Mecânico no Veículo";"Colisão com objeto estático";"Com Vítimas Feridas";"Pleno dia";"Crescente";"Chuva";"Múltipla";"Reta";"Não";7;0;7;0;0;0;7;1;-22,930706;-45,361767;"SPRF-SP";"DEL06-SP";"UOP01-DEL06-SP"
115817;2018-03-04;"domingo";"17:00:00";"BA";116;366,2;"SERRINHA";"Desobediência às normas de trânsito pelo condutor";"Colisão transversal";"Com Vítimas Feridas";"Pleno dia";"Decrescente";"Sol";"Simples";"Reta";"Não";4;0;2;0;2;0;2;2;-11,73650019;-38,97803315;"SPRF-BA";"DEL02-BA";"DEL10/2-UOP02/BA"
115818;2018-03-04;"domingo";"17:40:00";"MG";381;923;"CAMANDUCAIA";"Velocidade Incompatível";"Saída de leito carroçável";"Sem Vítimas";"Pleno dia";"Decrescente";"Chuva";"Dupla";"Curva";"Não";1;0;0;0;1;0;0;1;-22,7734;-46,1906;"SPRF-MG";"DEL16-MG";"UOP03-DEL16-MG"
115822;2018-03-04;"domingo";"17:10:00";"MS";158;2;"CASSILANDIA";"Ultrapassagem Indevida";"Colisão lateral";"Com Vítimas Feridas";"Anoitecer";"Crescente";"Chuva";"Simples";"Reta";"Sim";2;0;1;0;1;0;1;2;-19,10754119;-51,74697876;"SPRF-MS";"DEL08-MS";"UOP01-DEL08-MS"
115823;2018-03-04;"domingo";"18:18:00";"PR";158;494,7;"CORONEL VIVIDA";"Velocidade Incompatível";"Saída de leito carroçável";"Com Vítimas Feridas";"Pleno dia";"Crescente";"Chuva";"Simples";"Curva";"Não";2;0;0;1;1;0;1;2;-26,02544925;-52,58558214;"SPRF-PR";"DEL02-PR";"UOP01-DEL02-PR"
115824;2018-03-04;"domingo";"18:00:00";"RJ";101;496;"ANGRA DOS REIS";"Velocidade Incompatível";"Colisão traseira";"Com Vítimas Feridas";"Plena Noite";"Crescente";"Chuva";"Simples";"Reta";"Não";2;0;1;0;1;0;1;2;-22,99885159;-44,25292969;"SPRF-RJ";"DEL03-RJ";"UOP03-DEL03-RJ"
115826;2018-03-04;"domingo";"18:35:00";"GO";40;2,4;"VALPARAISO DE GOIAS";"Falta de Atenção do Pedestre";"Atropelamento de Pedestre";"Sem Vítimas";"Anoitecer";"Crescente";"Nublado";"Dupla";"Reta";"Sim";2;0;0;0;2;0;0;2;-16,07061982;-47,98512697;"SPRF-DF";"DEL01-DF";"UOP01-DEL01-DF"
115828;2018-03-04;"domingo";"18:35:00";"RN";101;129,9;"SAO JOSE DE MIPIBU";"Falta de Atenção à Condução";"Colisão transversal";"Com Vítimas Fatais";"Plena Noite";"Decrescente";"Nublado";"Dupla";"Retorno Regulamentado";"Não";2;1;0;0;1;0;0;2;-6,1159768;-35,23040771;"SPRF-RN";"DEL01-RN";"UOP01-DEL01-RN"
115829;2018-03-04;"domingo";"15:40:00";"BA";116;16,3;"VITORIA DA CONQUISTA";"Não guardar distância de segurança";"Colisão traseira";"Com Vítimas Feridas";"Pleno dia";"Decrescente";"Sol";"Simples";"Reta";"Sim";3;0;2;0;1;0;2;1;-14,902504;-40,845293;"SPRF-BA";"DEL08-BA";"UOP01-DEL08-BA"
115830;2018-03-04;"domingo";"18:18:00";"MG";50;178,3;"UBERABA";"Velocidade Incompatível";"Colisão com objeto estático";"Com Vítimas Feridas";"Anoitecer";"Crescente";"Céu Claro";"Dupla";"Desvio Temporário";"Sim";1;0;1;0;0;0;1;1;-19,7783;-47,9318;"SPRF-MG";"DEL13-MG";"UOP01-DEL13-MG"
115831;2018-03-04;"domingo";"18:10:00";"PE";232;181;"BELO JARDIM";"Ingestão de Álcool";"Colisão frontal";"Com Vítimas Feridas";"Plena Noite";"Crescente";"Nublado";"Simples";"Reta";"Sim";3;0;1;0;2;0;1;2;-8,34628;-36,437763;"SPRF-PE";"DEL02-PE";"UOP03-DEL02-PE"
115834;2018-03-04;"domingo";"19:00:00";"SC";101;190;"BIGUACU";"Pista Escorregadia";"Colisão lateral";"Sem Vítimas";"Plena Noite";"Crescente";"Chuva";"Dupla";"Reta";"Sim";2;0;0;0;2;0;0;2;-27,4775;-48,6413;"SPRF-SC";"DEL01-SC";"UOP01-DEL01-SC"