"id";"data_inversa";"dia_semana";"horario";"uf";"br";"km";"municipio";"causa_acidente";"tipo_acidente";"classificacao_acidente";"fase_dia";"sentido_via";"condicao_metereologica";"tipo_pista";"tracado_via";"uso_solo";"pessoas";"mortos";"feridos_leves";"feridos_graves";"ilesos";"ignorados";"feridos";"veiculos";"latitude";"longitude";"regional";"delegacia";"uop"
115837;2018-03-04;"domingo";"18:55:00";"PI";316;10;"TERESINA";"Falta de Atenção à Condução";"Colisão lateral";"Com Vítimas Feridas";"Plena Noite";"Decrescente";"Nublado";"Simples";"Reta";"Sim";3;0;2;0;0;1;2;2;-5,19339824;-42,76026964;"SPRF-PI";"DEL01-PI";"UOP02-DEL01-PI"
115838;2018-03-04;"domingo";"17:09:00";"MG";381;560,1;"ITAGUARA";"Velocidade Incompatível";"Saída de leito carroçável";"Sem Vítimas";"Pleno dia";"Crescente";"Chuva";"Dupla";"Curva";"Não";1;0;0;0;1;0;0;1;-20,3723;-44,4692;"SPRF-MG";"DEL04-MG";"UOP03-DEL04-MG"
115839;2018-03-04;"domingo";"19:17:00";"SC";101;217;"PALHOCA";"Não guardar distância de segurança";"Colisão lateral";"Com Vítimas Feridas";"Anoitecer";"Crescente";"Chuva";"Múltipla";"Reta";"Sim";2;0;1;0;1;0;1;2;-27,6771;-48,67;"SPRF-SC";"DEL01-SC";"UOP02-DEL01-SC"
115840;2018-03-04;"domingo";"18:05:00";"ES";101;143;"LINHARES";"Falta de Atenção à Condução";"Queda de ocupante de veículo";"Com Vítimas Feridas";"Plena Noite";"Crescente";"Nublado";"Múltipla";"Reta";"Sim";1;0;1;0;0;0;1;1;-19,34483653;-40,06576538;"SPRF-ES";"DEL04-ES";"UOP01-DEL04-ES"
115841;2018-03-04;"domingo";"18:40:00";"AL";101;9;"NOVO LINO";"Pista Escorregadia";"Saída de leito carroçável";"Sem Vítimas";"Plena Noite";"Crescente";"Garoa/Chuvisco";"Dupla";"Reta";"Não";1;0;0;0;1;0;0;1;-8,944839;-35,658531;"SPRF-AL";"DEL01-AL";"UOP01-DEL01-AL"
115843;2018-03-04;"domingo";"19:00:00";"BA";324;515;"FEIRA DE SANTANA";"Falta de Atenção à Condução";"Colisão transversal";"Com Vítimas Feridas";"Plena Noite";"Decrescente";"Céu Claro";"Simples";"Reta";"Sim";2;0;1;0;1;0;1;2;-12,25278573;-38,93417358;"SPRF-BA";"DEL02-BA";"UOP01-DEL02-BA"
115844;2018-03-04;"domingo";"16:00:00";"PE";101;213;"XEXEU";"Defeito na Via";"Saída de leito carroçável";"Com Vítimas Feridas";"Pleno dia";"Decrescente";"Chuva";"Dupla";"Reta";"Não";2;0;2;0;0;0;2;1;-8,871518;-35,629715;"SPRF-PE";"DEL01-PE";"UOP03-DEL01-PE"
115847;2018-03-04;"domingo";"19:45:00";"MG";153;9;"ARAPORA";"Velocidade Incompatível";"Saída de leito carroçável";"Com Vítimas Feridas";"Plena Noite";"Decrescente";"Nublado";"Dupla";"Reta";"Não";1;0;1;0;0;0;1;1;-18,499264;-49,188803;"SPRF-MG";"DEL15-MG";"UOP03-DEL15-MG"
115848;2018-03-04;"domingo";"19:00:00";"MT";364;205;"RONDONOPOLIS";"Não guardar distância de segurança";"Colisão traseira";"Com Vítimas Feridas";"Plena Noite";"Crescente";"Nublado";"Dupla";"Declive";"Sim";4;0;3;0;1;0;3;2;-16,459299;-54,660919;"SPRF-MT";"DEL02-MT";"UOP01-DEL02-MT"
115849;2018-01-20;"sábado";"11:40:00";"MG";356;268,3;"MURIAE";"Ultrapassagem Indevida";"Colisão lateral";"Com Vítimas Feridas";"Pleno dia";"Crescente";"Ignorado";"Simples";"Reta";"Sim";3;0;3;0;0;0;3;3;-21,12821046;-42,34635925;"SPRF-MG";"DEL07-MG";"UOP02-DEL07-MG"
115850;2018-03-04;"domingo";"19:35:00";"ES";101;0,3;"SERRA";"Falta de Atenção do Pedestre";"Atropelamento de Pedestre";"Com Vítimas Feridas";"Plena Noite";"Decrescente";"Nublado";"Dupla";"Reta";"Sim";3;0;2;1;0;0;3;2;-20,23514029;-40,27450562;"SPRF-ES";"DEL02-ES";"UOP01-DEL02-ES"
115851;2018-03-04;"domingo";"20:05:00";"PR";376;168,9;"MARINGA";"Condutor Dormindo";"Saída de leito carroçável";"Sem Vítimas";"Plena Noite";"Decrescente";"Nublado";"Dupla";"Reta";"Sim";1;0;0;0;1;0;0;1;-23,39916606;-52,00175107;"SPRF-PR";"DEL07-PR";"UOP01-DEL09-PR"
115852;2018-03-04;"domingo";"19:20:00";"SP";153;346,5;"OURINHOS";"Desobediência às normas de trânsito pelo pedestre";"Atropelamento de Pedestre";"Com Vítimas Feridas";"Plena Noite";"Decrescente";"Nublado";"Dupla";"Reta";"Sim";3;0;1;1;0;1;2;2;-22,976862;-49,903156;"SPRF-SP";"DEL07-SP";"UOP03-DEL07-SP"
115853;2018-03-04;"domingo";"17:45:00";"MG";381;769,7;"CAMPANHA";"Velocidade Incompatível";"Saída de leito carroçável";"Com Vítimas Feridas";"Anoitecer";"Decrescente";"Chuva";"Dupla";"Curva;Aclive";"Não";1;0;1;0;0;0;1;1;-21,7596193;-45,40844947;"SPRF-MG";"DEL16-MG";"UOP02-DEL16-MG"
115855;2018-03-04;"domingo";"19:15:00";"MG";262;439;"NOVA SERRANA";"Falta de Atenção à Condução";"Colisão com objeto estático";"Com Vítimas Feridas";"Plena Noite";"Crescente";"Nublado";"Dupla";"Reta";"Não";3;0;2;0;1;0;2;1;-19,896221;-44,869728;"SPRF-MG";"DEL08-MG";"UOP03-DEL08-MG"
115856;2018-03-04;"domingo";"20:08:00";"MG";262;442;"NOVA SERRANA";"Desobediência às normas de trânsito pelo condutor";"Colisão transversal";"Com Vítimas Feridas";"Plena Noite";"Crescente";"Céu Claro";"Simples";"Reta";"Não";2;0;0;1;1;0;1;2;-19,880623;-44,912323;"SPRF-MG";"DEL08-MG";"UOP03-DEL08-MG"
115857;2018-03-04;"domingo";"18:30:00";"PB";230;509;"CAJAZEIRAS";"Ingestão de Álcool";"Colisão transversal";"Sem Vítimas";"Plena Noite";"Crescente";"Céu Claro";"Simples";"Curva";"Sim";2;0;0;0;2;0;0;2;-6,892;-38,582;"SPRF-PB";"DEL03-PB";"UOP03-DEL03-PB"
115859;2018-03-04;"domingo";"19:10:00";"MS";163;374;"NAVIRAI";"Falta de Atenção à Condução";"Queda de ocupante de veículo";"Com Vítimas Feridas";"Plena Noite";"Crescente";"Garoa/Chuvisco";"Simples";"Reta";"Não";2;0;1;1;0;0;2;1;-23,055607;-54,235474;"SPRF-MS";"DEL02-MS";"UOP01-DEL02-MS"
115861;2018-03-04;"domingo";"18:30:00";"SC";470;212,4;"SAO CRISTOVAO DO SUL";"Velocidade Incompatível";"Saída de leito carroçável";"Com Vítimas Feridas";"Anoitecer";"Crescente";"Chuva";"Simples";"Reta";"Não";2;0;1;1;0;0;2;1;-27,306669;-50,24688;"SPRF-SC";"DEL02-SC";"UOP03-DEL02-SC"
115862;2018-02-04;"domingo";"12:00:00";"PR";476;110;"COLOMBO";"Falta de Atenção à Condução";"Colisão lateral";"Com Vítimas Feridas";"Pleno dia";"Decrescente";"Céu Claro";"Simples";"Reta";"Não";2;0;0;2;0;0;2;1;-25,311363;-49,145245;"SPRF-PR";"DEL01-PR";"UOP01-DEL01-PR"
115863;2018-03-04;"domingo";"18:30:00";"MG";40;508;"RIBEIRAO DAS NEVES";"Falta de Atenção à Condução";"Saída de leito carroçável";"Com Vítimas Feridas";"Anoitecer";"Crescente";"Nublado";"Dupla";"Reta";"Sim";1;0;1;0;0;0;1;1;-19,7699;-44,1272;"SPRF-MG";"DEL02-MG";"UOP01-DEL02-MG"
115864;2018-03-04;"domingo";"20:50:00";"MG";365;605;"UBERLANDIA";"Ingestão de Álcool";"Saída de leito carroçável";"Com Vítimas Feridas";"Plena Noite";"Crescente";"Céu Claro";"Simples";"Reta";"Não";1;0;1;0;0;0;1;1;-18,89937893;-48,16104124;"SPRF-MG";"DEL15-MG";"UOP01-DEL15-MG"
115865;2018-03-04;"domingo";"18:50:00";"RJ";116;106;"GUAPIMIRIM";"Desobediência às normas de trânsito pelo condutor";"Colisão frontal";"Sem Vítimas";"Plena Noite";"Decrescente";"Nublado";"Dupla";"Reta";"Sim";2;0;0;0;2;0;0;2;-22,547271;-42,987515;"SPRF-RJ";"DEL04-RJ";"UOP02-DEL04-RJ"
115867;2018-03-04;"domingo";"19:50:00";"RJ";101;138;"CARAPEBUS";"Defeito Mecânico no Veículo";"Incêndio";"Sem Vítimas";"Plena Noite";"Crescente";"Nublado";"Simples";"Reta;Retorno Regulamentado";"Não";1;0;0;0;1;0;0;1;-22,16578606;-41,74255371;"SPRF-RJ";"DEL02-RJ";"UOP04-DEL08-RJ"
115868;2018-03-04;"domingo";"18:00:00";"SC";280;190,8;"MAFRA";"Não guardar distância de segurança";"Colisão traseira";"Sem Vítimas";"Pleno dia";"Decrescente";"Sol";"Simples";"Curva";"Não";2;0;0;0;2;0;0;2;-26,17652624;-49,97805119;"SPRF-SC";"DEL06-SC";"UOP01-DEL06-SC"
115869;2018-03-04;"domingo";"21:20:00";"PR";369;131,7;"IBIPORA";"Animais na Pista";"Atropelamento de Animal";"Com Vítimas Feridas";"Plena Noite";"Decrescente";"Céu Claro";"Dupla";"Reta";"Sim";4;0;1;1;2;0;2;2;-23,26198758;-50,99546302;"SPRF-PR";"DEL07-PR";"UOP01-DEL07-PR"
115871;2018-03-04;"domingo";"21:00:00";"RJ";101;527;"ANGRA DOS REIS";"Condutor Dormindo";"Colisão frontal";"Com Vítimas Feridas";"Plena Noite";"Decrescente";"Nublado";"Simples";"Curva";"Não";4;0;1;0;3;0;1;3;-23,01848595;-44,52670075;"SPRF-RJ";"DEL03-RJ";"UOP02-DEL03-RJ"
115872;2018-03-04;"domingo";"20:45:00";"MG";262;188,9;"SAO DOMINGOS DO PRATA";"Ingestão de Álcool";"Colisão traseira";"Sem Vítimas";"Plena Noite";"Decrescente";"Nublado";"Simples";"Reta";"Não";2;0;0;0;2;0;0;2;-19,88555748;-43,05885315;"SPRF-MG";"DEL03-MG";"UOP01-DEL03-MG"
115873;2018-03-04;"domingo";"20:00:00";"PB";230;370,7;"MALTA";"Falta de Atenção à Condução";"Colisão lateral";"Com Vítimas Fatais";"Plena Noite";"Crescente";"Céu Claro";"Simples";"Reta";"Não";2;1;0;0;1;0;0;2;-6,90865;-37,555568;"SPRF-PB";"DEL03-PB";"UOP02-DEL03-PB"
115874;2018-03-04;"domingo";"20:02:00";"SP";116;178;"SAO JOSE DOS CAMPOS";"Desobediência às normas de trânsito pelo condutor";"Atropelamento de Pedestre";"Com Vítimas Feridas";"Plena Noite";"Crescente";"Céu Claro";"Dupla";"Interseção de Vias";"Sim";3;0;0;1;2;0;1;2;-23;-46;"SPRF-SP";"DEL02-SP";"UOP01-DEL02-SP"
115875;2018-03-04;"domingo";"21:25:00";"CE";20;424;"FORTALEZA";"Ingestão de Álcool";"Saída de leito carroçável";"Com Vítimas Feridas";"Plena Noite";"Crescente";"Céu Claro";"Dupla";"Reta";"Não";1;0;1;0;0;0;1;1;-3,860106;-38,53807;"SPRF-CE";"DEL01-CE";"UOP02-DEL01-CE"
115877;2018-03-04;"domingo";"20:30:00";"BA";330;800,1;"CAMAMU";"Velocidade Incompatível";"Saída de leito carroçável";"Com Vítimas Feridas";"Plena Noite";"Crescente";"Céu Claro";"Simples";"Curva";"Não";3;0;3;0;0;0;3;1;-14;-39;"SPRF-BA";"DEL05-BA";"UOP01-DEL05-BA"
115878;2018-03-04;"domingo";"21:30:00";"SC";101;107,4;"PENHA";"Ingestão de álcool e/ou substâncias psicoativas pelo pedestre";"Capotamento";"Com Vítimas Feridas";"Plena Noite";"Crescente";"Nublado";"Dupla";"Reta";"Não";2;0;1;0;1;0;1;1;-26,82336227;-48,68724346;"SPRF-SC";"DEL03-SC";"UOP02-DEL03-SC"
115879;2018-03-04;"domingo";"20:50:00";"PI";316;3;"TERESINA";"Desobediência às normas de trânsito pelo pedestre";"Atropelamento de Pedestre";"Com Vítimas Feridas";"Plena Noite";"Crescente";"Nublado";"Múltipla";"Reta";"Sim";2;0;0;1;0;1;1;2;-5,134029;-42,790317;"SPRF-PI";"DEL01-PI";"UOP02-DEL01-PI"
115880;2018-03-04;"domingo";"20:15:00";"SC";101;25;"JOINVILLE";"Velocidade Incompatível";"Colisão transversal";"Com Vítimas Feridas";"Pleno dia";"Decrescente";"Chuva";"Dupla";"Interseção de Vias";"Não";2;0;1;0;1;0;1;2;-26,1925;-48,912;"SPRF-SC";"DEL03-SC";"UOP01-DEL03-SC"
115881;2018-03-04;"domingo";"21:30:00";"AL";316;232,6;"ATALAIA";"Velocidade Incompatível";"Saída de leito carroçável";"Com Vítimas Feridas";"Plena Noite";"Crescente";"Céu Claro";"Simples";"Reta";"Não";2;0;0;2;0;0;2;1;-9,494974;-36,092855;"SPRF-AL";"DEL01-AL";"UOP01-DEL01-AL"
115882;2018-03-04;"domingo";"21:05:00";"RS";470;336;"TRIUNFO";"Falta de Atenção à Condução";"Colisão traseira";"Com Vítimas Feridas";"Plena Noite";"Decrescente";"Céu Claro";"Simples";"Curva";"Não";4;0;4;0;0;0;4;2;-29,76005585;-51,66844368;"SPRF-RS";"DEL04-RS";"UOP02-DEL04-RS"
115884;2018-03-04;"domingo";"20:00:00";"RS";158;536,4;"SANTANA DO LIVRAMENTO";"Animais na Pista";"Atropelamento de Animal";"Sem Vítimas";"Plena Noite";"Decrescente";"Céu Claro";"Simples";"Reta";"Não";4;0;0;0;4;0;0;1;-30,79611491;-55,23445129;"SPRF-RS";"DEL11-RS";"UOP01-DEL11-RS"
115886;2018-03-04;"domingo";"21:00:00";"PA";308;36,2;"SANTA IZABEL DO PARA";"Desobediência às normas de trânsito pelo condutor";"Colisão transversal";"Sem Vítimas";"Plena Noite";"Decrescente";"Ignorado";"Dupla";"Retorno Regulamentado";"Sim";2;0;0;0;2;0;0;2;-1,28917007;-48,15419734;"SPRF-PA";"DEL01-PA";"UOP01-DEL01-PA"
115887;2018-03-04;"domingo";"22:10:00";"RS";116;241,5;"NOVO HAMBURGO";"Desobediência às normas de trânsito pelo condutor";"Colisão transversal";"Sem Vítimas";"Plena Noite";"Decrescente";"Céu Claro";"Dupla";"Reta";"Sim";3;0;0;0;3;0;0;3;-29,70594654;-51,14547729;"SPRF-RS";"DEL01-RS";"UOP02-DEL01-RS"
115889;2018-03-04;"domingo";"22:20:00";"GO";60;38,3;"GOIANIA";"Ingestão de Álcool";"Colisão com objeto estático";"Com Vítimas Feridas";"Plena Noite";"Decrescente";"Chuva";"Dupla";"Rotatória";"Sim";1;0;1;0;0;0;1;1;-16,6777;-49,2676;"SPRF-GO";"DEL01-GO";"UOP02-DEL01-GO"
115890;2018-03-04;"domingo";"22:10:00";"RJ";116;215;"SEROPEDICA";"Falta de Atenção à Condução";"Saída de leito carroçável";"Sem Vítimas";"Plena Noite";"Decrescente";"Chuva";"Dupla";"Curva";"Sim";1;0;0;0;1;0;0;1;-22,69638714;-43,76747131;"SPRF-RJ";"DEL01-RJ";"UOP03-DEL01-RJ"
115892;2018-03-04;"domingo";"16:50:00";"PI";316;99;"BARRO DURO";"Ingestão de Álcool";"Colisão com objeto estático";"Com Vítimas Feridas";"Pleno dia";"Crescente";"Garoa/Chuvisco";"Simples";"Ponte";"Não";1;0;0;1;0;0;1;1;-5,79499565;-42,54867554;"SPRF-PI";"DEL04-PI";"UOP02-DEL04-PI"
115894;2018-03-04;"domingo";"21:30:00";"SC";101;48;"JOINVILLE";"Defeito Mecânico no Veículo";"Saída de leito carroçável";"Sem Vítimas";"Plena Noite";"Decrescente";"Garoa/Chuvisco";"Dupla";"Curva";"Não";1;0;0;0;1;0;0;1;-26,3829;-48,851;"SPRF-SC";"DEL03-SC";"UOP01-DEL03-SC"
115895;2018-03-04;"domingo";"21:20:00";"SC";470;68;"INDAIAL";"Falta de Atenção à Condução";"Saída de leito carroçável";"Sem Vítimas";"Plena Noite";"Decrescente";"Céu Claro";"Simples";"Reta";"Não";1;0;0;0;1;0;0;1;-26,8702942;-49,2273515;"SPRF-SC";"DEL04-SC";"UOP01-DEL04-SC"
115898;2018-03-04;"domingo";"22:50:00";"PR";277;586;"CASCAVEL";"Falta de Atenção à Condução";"Queda de ocupante de veículo";"Com Vítimas Feridas";"Plena Noite";"Decrescente";"Céu Claro";"Simples";"Curva";"Sim";1;0;1;0;0;0;1;1;-24,98232367;-53,43406677;"SPRF-PR";"DEL04-PR";"UOP01-DEL04-PR"
115900;2018-03-04;"domingo";"22:50:00";"RJ";393;105;"SAPUCAIA";"Falta de Atenção à Condução";"Colisão frontal";"Sem Vítimas";"Plena Noite";"Crescente";"Chuva";"Simples";"Reta";"Não";2;0;0;0;2;0;0;2;-21,874243;-42,66758;"SPRF-RJ";"DEL06-RJ";"UOP01-DEL05-RJ"
115901;2018-03-04;"domingo";"19:10:00";"MG";116;414;"GOVERNADOR VALADARES";"Ingestão de Álcool";"Saída de leito carroçável";"Sem Vítimas";"Plena Noite";"Crescente";"Nublado";"Simples";"Reta";"Sim";1;0;0;0;1;0;0;1;-18,8660064;-41,97028399;"SPRF-MG";"DEL06-MG";"UOP01-DEL06-MG"
115904;2018-03-04;"domingo";"23:10:00";"PR";277;703;"SAO MIGUEL DO IGUACU";"Condutor Dormindo";"Saída de leito carroçável";"Sem Vítimas";"Plena Noite";"Crescente";"Céu Claro";"Dupla";"Reta";"Não";1;0;0;0;1;0;0;1;-25,420568;-54,353245;"SPRF-PR";"DEL05-PR";"UOP01-DEL05-PR"
115905;2018-03-04;"domingo";"22:30:00";"MG";381;884,3;"ESTIVA";"Ingestão de Álcool";"Saída de leito carroçável";"Com Vítimas Feridas";"Pleno dia";"Crescente";"Nublado";"Dupla";"Reta";"Não";5;0;1;0;4;0;1;1;-22,49497328;-46,01317763;"SPRF-MG";"DEL16-MG";"UOP01-DEL16-MG"
115906;2018-03-04;"domingo";"21:25:00";"SC";282;460,4;"PONTE SERRADA";"Falta de Atenção do Pedestre";"Atropelamento de Pedestre";"Com Vítimas Feridas";"Plena Noite";"Crescente";"Céu Claro";"Simples";"Reta";"Sim";2;0;0;1;1;0;1;2;-26,856062;-52,03215;"SPRF-SC";"DEL07-SC";"UOP04-DEL07-SC"
115910;2018-03-04;"domingo";"23:30:00";"SP";116;273;"TABOAO DA SERRA";"Falta de Atenção à Condução";"Colisão com objeto estático";"Sem Vítimas";"Plena Noite";"Crescente";"Nublado";"Dupla";"Reta";"Sim";1;0;0;0;1;0;0;1;-23,6156901;-46,78800881;"SPRF-SP";"DEL04-SP";"UOP01-DEL04-SP"
115913;2018-03-04;"domingo";"23:55:00";"GO";60;165,7;"GOIANIA";"Falta de Atenção à Condução";"Colisão com objeto estático";"Com Vítimas Feridas";"Plena Noite";"Crescente";"Céu Claro";"Dupla";"Interseção de Vias";"Não";1;0;0;1;0;0;1;1;-16,71127585;-49,35536027;"SPRF-GO";"DEL01-GO";"UOP02-DEL01-GO"
115914;2018-03-04;"domingo";"20:45:00";"RS";472;154,5;"SANTA ROSA";"Falta de Atenção à Condução";"Saída de leito carroçável";"Com Vítimas Feridas";"Plena Noite";"Decrescente";"Céu Claro";"Simples";"Reta";"Não";2;0;0;2;0;0;2;1;-27,83178975;-54,42626953;"SPRF-RS";"DEL10-RS";"UOP01-DEL10-RS"
115915;2018-03-05;"segunda-feira";"00:15:00";"MS";163;207;"CAARAPO";"Falta de Atenção à Condução";"Colisão lateral";"Com Vítimas Feridas";"Plena Noite";"Decrescente";"Céu Claro";"Simples";"Reta";"Não";2;0;0;1;1;0;1;2;-22,64651184;-54,81206775;"SPRF-MS";"DEL04-MS";"UOP02-DEL04-MS"
115917;2018-03-04;"domingo";"22:45:00";"RS";290;207,3;"PANTANO GRANDE";"Falta de Atenção à Condução";"Colisão traseira";"Com Vítimas Fatais";"Plena Noite";"Crescente";"Céu Claro";"Simples";"Reta";"Não";49;1;0;0;47;1;0;3;-30,167908;-52,288261;"SPRF-RS";"DEL02-RS";"UOP02-DEL02-RS"
115918;2018-03-05;"segunda-feira";"01:00:00";"MS";163;482,3;"CAMPO GRANDE";"Desobediência às normas de trânsito pelo condutor";"Colisão frontal";"Com Vítimas Fatais";"Plena Noite";"Crescente";"Céu Claro";"Simples";"Reta";"Sim";2;2;0;0;0;0;0;2;-20,461115;-54,55177;"SPRF-MS";"DEL01-MS";"UOP02-DEL01-MS"
115919;2018-03-04;"domingo";"23:45:00";"SP";116;511,5;"CAJATI";"Velocidade Incompatível";"Colisão com objeto estático";"Sem Vítimas";"Plena Noite";"Decrescente";"Nublado";"Simples";"Curva;Declive";"Não";1;0;0;0;1;0;0;1;-24,83784182;-48,20800781;"SPRF-SP";"DEL05-SP";"UAP01-DEL05-SP"
115920;2018-03-04;"domingo";"20:30:00";"PA";316;5,1;"ANANINDEUA";"Desobediência às normas de trânsito pelo pedestre";"Atropelamento de Pedestre";"Com Vítimas Feridas";"Plena Noite";"Decrescente";"Nublado";"Dupla";"Reta";"Sim";2;0;0;1;0;1;1;2;-1,38042623;-48,39844465;"SPRF-PA";"DEL01-PA";"DEL19/1-UOP05/PA"
115921;2018-03-04;"domingo";"16:30:00";"RR";174;502;"BOA VISTA";"Ingestão de Álcool";"Atropelamento de Pedestre";"Com Vítimas Feridas";"Pleno dia";"Decrescente";"Céu Claro";"Dupla";"Reta";"Sim";5;0;0;1;3;1;1;2;2,787376;-60,699524;"SPRF-RR";"DEL01-RR";"UOP01-DEL01-RR"
115922;2018-03-05;"segunda-feira";"01:00:00";"MT";163;834,5;"SINOP";"Falta de Atenção à Condução";"Danos eventuais";"Com Vítimas Feridas";"Plena Noite";"Decrescente";"Céu Claro";"Dupla";"Rotatória";"Sim";1;0;0;1;0;0;1;1;-11,86973335;-55,50033909;"SPRF-MT";"DEL06-MT";"UOP01-DEL06-MT"
115924;2018-03-04;"domingo";"23:50:00";"AM";174;906,2;"MANAUS";"Animais na Pista";"Atropelamento de Animal";"Com Vítimas Fatais";"Plena Noite";"Decrescente";"Nublado";"Simples";"Reta";"Não";2;1;0;1;0;0;1;1;-2,78357376;-60,03653884;"SPRF-AM";"DEL01-AM";"UOP01-DEL01-AM"
115926;2018-03-04;"domingo";"22:00:00";"RS";392;352,8;"SANTA MARIA";"Falta de Atenção à Condução";"Tombamento";"Sem Vítimas";"Plena Noite";"Crescente";"Céu Claro";"Simples";"Reta";"Sim";1;0;0;0;0;1;0;1;-29,71683037;-53,80916834;"SPRF-RS";"DEL09-RS";"UOP01-DEL09-RS"
115927;2018-03-05;"segunda-feira";"01:30:00";"RR";174;506;"BOA VISTA";"Ingestão de Álcool";"Colisão traseira";"Com Vítimas Feridas";"Plena Noite";"Decrescente";"Céu Claro";"Dupla";"Reta";"Sim";4;0;1;0;3;0;1;2;2,805917;-60,690617;"SPRF-RR";"DEL01-RR";"UOP01-DEL01-RR"
115928;2018-03-04;"domingo";"19:30:00";"MG";262;766,6;"UBERABA";"Velocidade Incompatível";"Saída de leito carroçável";"Com Vítimas Feridas";"Plena Noite";"Crescente";"Chuva";"Simples";"Reta";"Não";1;0;1;0;0;0;1;1;-19,683079;-47,666935;"SPRF-MG";"DEL13-MG";"UOP01-DEL13-MG"
115931;2018-03-05;"segunda-feira";"04:50:00";"SP";116;282,6;"EMBU DAS ARTES";"Falta de Atenção à Condução";"Saída de leito carroçável";"Sem Vítimas";"Plena Noite";"Decrescente";"Nublado";"Dupla";"Reta";"Sim";1;0;0;0;1;0;0;1;-23,66397269;-46,85372829;"SPRF-SP";"DEL04-SP";"UOP01-DEL04-SP"
115932;2018-03-05;"segunda-feira";"05:00:00";"PE";423;78;"JUCATI";"Ingestão de álcool e/ou substâncias psicoativas pelo pedestre";"Atropelamento de Pedestre";"Com Vítimas Fatais";"Pleno dia";"Crescente";"Nevoeiro/Neblina";"Simples";"Reta";"Não";2;1;0;0;1;0;0;2;-8,75097846;-36,43109752;"SPRF-PE";"DEL03-PE";"UOP01-DEL03-PE"
115936;2018-03-05;"segunda-feira";"04:30:00";"GO";153;498,2;"GOIANIA";"Ingestão de Álcool";"Colisão com objeto estático";"Com Vítimas Feridas";"Plena Noite";"Decrescente";"Céu Claro";"Dupla";"Reta;Declive";"Sim";2;0;2;0;0;0;2;1;-16,6903071;-49,23264384;"SPRF-GO";"DEL01-GO";"UOP01-DEL01-GO"
115939;2018-03-05;"segunda-feira";"06:05:00";"RS";158;331,8;"SANTA MARIA";"Animais na Pista";"Atropelamento de Animal";"Com Vítimas Feridas";"Pleno dia";"Crescente";"Céu Claro";"Simples";"Reta";"Sim";1;0;1;0;0;0;1;1;-29,70757298;-53,85196495;"SPRF-RS";"DEL09-RS";"UOP01-DEL09-RS"
115940;2018-03-04;"domingo";"18:50:00";"AL";316;162,4;"PALMEIRA DOS INDIOS";"Falta de Atenção à Condução";"Saída de leito carroçável";"Com Vítimas Feridas";"Plena Noite";"Crescente";"Nublado";"Simples";"Reta";"Não";1;0;1;0;0;0;1;1;-9,46851332;-36,58446729;"SPRF-AL";"DEL03-AL";"UOP01-DEL03-AL"
115941;2018-03-05;"segunda-feira";"06:00:00";"MA";135;14,1;"SAO LUIS";"Mal Súbito";"Tombamento";"Sem Vítimas";"Amanhecer";"Decrescente";"Nublado";"Dupla";"Reta";"Sim";1;0;0;0;1;0;0;1;-2,61687992;-44,25498962;"SPRF-MA";"DEL01-MA";"UOP01-DEL01-MA"
115942;2018-03-05;"segunda-feira";"05:30:00";"GO";40;0,3;"VALPARAISO DE GOIAS";"Não guardar distância de segurança";"Colisão lateral";"Com Vítimas Feridas";"Amanhecer";"Decrescente";"Céu Claro";"Dupla";"Reta";"Sim";2;0;1;0;1;0;1;2;-16,0534021;-47,98430446;"SPRF-DF";"DEL01-DF";"UOP01-DEL01-DF"
115943;2018-03-05;"segunda-feira";"06:00:00";"GO";40;9,3;"LUZIANIA";"Falta de Atenção do Pedestre";"Atropelamento de Pedestre";"Com Vítimas Feridas";"Amanhecer";"Decrescente";"Nublado";"Dupla";"Reta";"Sim";2;0;2;0;0;0;2;2;-16,12862555;-47,95939952;"SPRF-DF";"DEL01-DF";"UOP01-DEL01-DF"
115945;2018-03-05;"segunda-feira";"07:10:00";"PR";376;179;"MARINGA";"Falta de Atenção à Condução";"Colisão traseira";"Com Vítimas Feridas";"Pleno dia";"Crescente";"Céu Claro";"Dupla";"Reta";"Sim";2;0;1;0;1;0;1;2;-23,42822085;-51,89859008;"SPRF-PR";"DEL07-PR";"UOP01-DEL09-PR"
115946;2018-03-05;"segunda-feira";"07:15:00";"PA";163;1001;"SANTAREM";"Falta de Atenção à Condução";"Colisão transversal";"Com Vítimas Feridas";"Pleno dia";"Crescente";"Céu Claro";"Simples";"Reta";"Sim";3;0;2;0;1;0;2;2;-2,44895244;-54,73178391;"SPRF-PA";"DEL05-PA";"UOP01-DEL05-PA"
115949;2018-03-05;"segunda-feira";"07:05:00";"BA";110;2;"PAULO AFONSO";"Falta de Atenção à Condução";"Colisão lateral";"Sem Vítimas";"Pleno dia";"Decrescente";"Céu Claro";"Simples";"Rotatória";"Sim";2;0;0;0;2;0;0;2;-9,43818206;-38,20439816;"SPRF-BA";"DEL07-BA";"UOP01-DEL07-BA"
115951;2018-03-05;"segunda-feira";"00:00:00";"BA";101;553,5;"SAO JOSE DA VITORIA";"Falta de Atenção à Condução";"Colisão frontal";"Sem Vítimas";"Plena Noite";"Crescente";"Céu Claro";"Simples";"Reta";"Não";2;0;0;0;1;1;0;2;-15,1515;-39,3998;"SPRF-BA";"DEL05-BA";"UOP02-DEL05-BA"