"id";"data_inversa";"dia_semana";"horario";"uf";"br";"km";"municipio";"causa_acidente";"tipo_acidente";"classificacao_acidente";"fase_dia";"sentido_via";"condicao_metereologica";"tipo_pista";"tracado_via";"uso_solo";"pessoas";"mortos";"feridos_leves";"feridos_graves";"ilesos";"ignorados";"feridos";"veiculos";"latitude";"longitude";"regional";"delegacia";"uop"
116352;2018-03-06;"terça-feira";"23:20:00";"PI";407;426,2;"PICOS";"Falta de Atenção à Condução";"Capotamento";"Com Vítimas Feridas";"Plena Noite";"Decrescente";"Nublado";"Simples";"Reta";"Sim";2;0;1;0;1;0;1;2;-7,103844;-41,416818;"SPRF-PI";"DEL04-PI";"UOP01-DEL04-PI"
116354;2018-03-06;"terça-feira";"23:55:00";"ES";101;66,9;"SAO MATEUS";"Falta de Atenção à Condução";"Queda de ocupante de veículo";"Com Vítimas Feridas";"Plena Noite";"Crescente";"Céu Claro";"Simples";"Reta";"Sim";1;0;0;1;0;0;1;1;-18,716522;-39,874359;"SPRF-ES";"DEL04-ES";"UOP02-DEL04-ES"
116356;2018-03-06;"terça-feira";"23:20:00";"MT";70;22,6;"BARRA DO GARCAS";"Condutor Dormindo";"Saída de leito carroçável";"Sem Vítimas";"Plena Noite";"Decrescente";"Céu Claro";"Simples";"Declive";"Não";1;0;0;0;1;0;0;1;-15,842041;-52,441063;"SPRF-MT";"DEL07-MT";"UOP01-DEL07-MT"
116358;2018-03-06;"terça-feira";"21:40:00";"RO";364;789;"PORTO VELHO";"Velocidade Incompatível";"Saída de leito carroçável";"Sem Vítimas";"Plena Noite";"Decrescente";"Chuva";"Simples";"Aclive;Curva";"Não";1;0;0;0;1;0;0;1;-9,201028;-64,325555;"SPRF-RO";"DEL01-RO";"UOP02-DEL01-RO"
116359;2018-03-06;"terça-feira";"00:30:00";"MT";163;751;"SORRISO";"Agressão Externa";"Saída de leito carroçável";"Com Vítimas Feridas";"Plena Noite";"Decrescente";"Vento";"Dupla";"Reta";"Sim";2;0;2;0;0;0;2;1;-12,56872169;-55,7249254;"SPRF-MT";"DEL06-MT";"UOP01-DEL06-MT"
116360;2018-02-14;"quarta-feira";"22:45:00";"PR";476;140,8;"CURITIBA";"Velocidade Incompatível";"Colisão com objeto estático";"Com Vítimas Feridas";"Plena Noite";"Crescente";"Garoa/Chuvisco";"Múltipla";"Reta";"Sim";1;0;0;1;0;0;1;1;-25,52553854;-49,29709196;"SPRF-PR";"DEL01-PR";"UOP01-DEL01-PR"
116361;2018-03-07;"quarta-feira";"01:30:00";"RJ";40;119;"DUQUE DE CAXIAS";"Falta de Atenção à Condução";"Capotamento";"Sem Vítimas";"Plena Noite";"Crescente";"Céu Claro";"Dupla";"Reta";"Sim";1;0;0;0;1;0;0;1;-22,7713;-43,2862;"SPRF-RJ";"DEL01-RJ";"UOP01-DEL01-RJ"
116365;2018-03-06;"terça-feira";"19:20:00";"PI";316;81,3;"MONSENHOR GIL";"Pista Escorregadia";"Saída de leito carroçável";"Com Vítimas Feridas";"Plena Noite";"Crescente";"Chuva";"Simples";"Curva";"Não";3;0;0;2;1;0;2;1;-5,564572;-42,60812;"SPRF-PI";"DEL01-PI";"UOP02-DEL01-PI"
116366;2018-03-07;"quarta-feira";"02:40:00";"MG";40;95;"JOAO PINHEIRO";"Falta de Atenção à Condução";"Saída de leito carroçável";"Com Vítimas Feridas";"Plena Noite";"Crescente";"Céu Claro";"Simples";"Reta";"Não";1;0;1;0;0;0;1;1;-17,530588;-46,54195;"SPRF-MG";"DEL14-MG";"UOP01-DEL14-MG"
116367;2018-03-07;"quarta-feira";"01:50:00";"RJ";116;172,7;"MESQUITA";"Velocidade Incompatível";"Colisão com objeto estático";"Com Vítimas Feridas";"Plena Noite";"Decrescente";"Nublado";"Múltipla";"Reta";"Sim";2;0;2;0;0;0;2;1;-22,775677;-43,4004432;"SPRF-RJ";"DEL01-RJ";"UOP02-DEL01-RJ"
116369;2018-03-07;"quarta-feira";"01:30:00";"MG";381;837;"SAO SEBASTIAO DA BELA VISTA";"Falta de Atenção à Condução";"Colisão traseira";"Sem Vítimas";"Plena Noite";"Decrescente";"Céu Claro";"Dupla";"Curva";"Não";2;0;0;0;1;1;0;2;-22,1507;-45,8231;"SPRF-MG";"DEL16-MG";"UOP01-DEL16-MG"
116370;2018-03-07;"quarta-feira";"03:40:00";"PR";476;150,8;"CURITIBA";"Falta de Atenção à Condução";"Capotamento";"Com Vítimas Feridas";"Plena Noite";"Crescente";"Nublado";"Dupla";"Reta";"Sim";1;0;0;1;0;0;1;1;-25,4289541;-49,267137;"SPRF-PR";"DEL01-PR";"UOP06-DEL01-PR"
116371;2018-03-07;"quarta-feira";"03:50:00";"MG";381;493,9;"BETIM";"Pista Escorregadia";"Colisão com objeto estático";"Com Vítimas Feridas";"Plena Noite";"Decrescente";"Garoa/Chuvisco";"Dupla";"Curva";"Sim";1;0;1;0;0;0;1;1;-19,973995;-44,1850607;"SPRF-MG";"DEL01-MG";"UOP03-DEL01-MG"
116378;2018-03-07;"quarta-feira";"00:30:00";"SC";282;231,8;"LAGES";"Condutor Dormindo";"Saída de leito carroçável";"Com Vítimas Feridas";"Plena Noite";"Decrescente";"Céu Claro";"Simples";"Reta;Aclive";"Não";1;0;1;0;0;0;1;1;-27,78542747;-50,44369072;"SPRF-SC";"DEL05-SC";"UOP02-DEL05-SC"
116379;2018-03-07;"quarta-feira";"04:30:00";"RS";287;273,7;"SAO PEDRO DO SUL";"Falta de Atenção à Condução";"Colisão lateral";"Sem Vítimas";"Plena Noite";"Decrescente";"Céu Claro";"Simples";"Reta";"Não";2;0;0;0;2;0;0;2;-29,6648538;-54,10665751;"SPRF-RS";"DEL09-RS";"UOP01-DEL09-RS"
116380;2018-02-27;"terça-feira";"07:30:00";"PR";476;268;"SAO MATEUS DO SUL";"Falta de Atenção à Condução";"Queda de ocupante de veículo";"Com Vítimas Feridas";"Pleno dia";"Decrescente";"Nublado";"Simples";"Reta";"Não";2;0;2;0;0;0;2;1;-25,868753;-50,396477;"SPRF-PR";"DEL02-PR";"UOP04-DEL02-PR"
116381;2018-03-07;"quarta-feira";"07:00:00";"GO";60;96;"ANAPOLIS";"Desobediência às normas de trânsito pelo condutor";"Colisão transversal";"Com Vítimas Feridas";"Pleno dia";"Decrescente";"Céu Claro";"Dupla";"Reta";"Sim";2;0;1;0;1;0;1;2;-16,371;-48,9422;"SPRF-GO";"DEL02-GO";"UOP01-DEL02-GO"
116382;2018-03-07;"quarta-feira";"06:45:00";"MG";116;279,5;"TEOFILO OTONI";"Falta de Atenção à Condução";"Colisão traseira";"Com Vítimas Feridas";"Amanhecer";"Decrescente";"Nublado";"Simples";"Reta";"Sim";3;0;1;0;2;0;1;2;-17,8673812;-41,5162663;"SPRF-MG";"DEL11-MG";"UOP01-DEL11-MG"
116384;2018-03-07;"quarta-feira";"06:35:00";"PE";232;145,4;"SAO CAITANO";"Falta de Atenção à Condução";"Colisão traseira";"Com Vítimas Feridas";"Pleno dia";"Decrescente";"Nublado";"Simples";"Reta";"Sim";2;0;1;0;1;0;1;2;-8,3324363;-36,12810804;"SPRF-PE";"DEL02-PE";"UOP03-DEL02-PE"
116387;2018-03-07;"quarta-feira";"07:00:00";"ES";262;6,9;"CARIACICA";"Falta de Atenção à Condução";"Colisão traseira";"Com Vítimas Feridas";"Pleno dia";"Crescente";"Céu Claro";"Dupla";"Aclive";"Sim";2;0;1;0;1;0;1;2;-20,3427392;-40,4023462;"SPRF-ES";"DEL01-ES";"UOP01-DEL01-ES"
116389;2018-03-07;"quarta-feira";"06:30:00";"RS";116;504,1;"PELOTAS";"Falta de Atenção à Condução";"Saída de leito carroçável";"Com Vítimas Feridas";"Amanhecer";"Crescente";"Nublado";"Simples";"Reta";"Não";2;0;2;0;0;0;2;1;-31,61596594;-52,31002808;"SPRF-RS";"DEL07-RS";"UOP01-DEL07-RS"
116391;2018-03-07;"quarta-feira";"07:20:00";"PR";369;170,2;"ROLANDIA";"Velocidade Incompatível";"Colisão transversal";"Com Vítimas Feridas";"Pleno dia";"Crescente";"Céu Claro";"Dupla";"Rotatória";"Sim";2;0;0;1;1;0;1;2;-23,302246;-51,33441654;"SPRF-PR";"DEL07-PR";"UOP01-DEL07-PR"
116392;2018-03-07;"quarta-feira";"07:00:00";"SE";101;79,1;"LARANJEIRAS";"Falta de Atenção à Condução";"Colisão traseira";"Sem Vítimas";"Pleno dia";"Decrescente";"Céu Claro";"Dupla";"Reta";"Não";2;0;0;0;2;0;0;2;-10,803;-37,1405;"SPRF-SE";"DEL01-SE";"UOP01-DEL01-SE"
116394;2018-03-07;"quarta-feira";"07:50:00";"SC";101;122,2;"ITAJAI";"Não guardar distância de segurança";"Colisão traseira";"Com Vítimas Feridas";"Pleno dia";"Crescente";"Sol";"Dupla";"Reta";"Sim";2;0;0;1;0;1;1;2;-26,93431383;-48,70239258;"SPRF-SC";"DEL04-SC";"UOP04-DEL04-SC"
116395;2018-03-07;"quarta-feira";"07:20:00";"DF";70;11,4;"BRASILIA";"Falta de Atenção à Condução";"Atropelamento de Pedestre";"Com Vítimas Feridas";"Pleno dia";"Crescente";"Céu Claro";"Dupla";"Reta";"Sim";2;0;1;0;1;0;1;2;-15,79089598;-48,15299478;"SPRF-DF";"DEL01-DF";"UOP02-DEL03-DF"
116396;2018-03-07;"quarta-feira";"06:39:00";"MS";163;268,4;"DOURADOS";"Falta de Atenção à Condução";"Colisão transversal";"Com Vítimas Feridas";"Pleno dia";"Crescente";"Céu Claro";"Dupla";"Reta";"Não";3;0;1;0;2;0;1;2;-22,20520632;-54,7051549;"SPRF-MS";"DEL04-MS";"UOP01-DEL04-MS"
116397;2018-03-07;"quarta-feira";"07:20:00";"PR";116;120;"CURITIBA";"Falta de Atenção à Condução";"Saída de leito carroçável";"Com Vítimas Feridas";"Pleno dia";"Crescente";"Garoa/Chuvisco";"Dupla";"Reta;Declive";"Não";1;0;1;0;0;0;1;1;-25,551222;-49,305038;"SPRF-PR";"DEL01-PR";"UOP03-DEL01-PR"
116398;2018-03-07;"quarta-feira";"06:00:00";"MS";163;260,3;"DOURADOS";"Condutor Dormindo";"Saída de leito carroçável";"Sem Vítimas";"Pleno dia";"Crescente";"Céu Claro";"Dupla";"Curva";"Não";1;0;0;0;1;0;0;1;-22,24249039;-54,7702682;"SPRF-MS";"DEL04-MS";"UOP01-DEL04-MS"
116399;2018-03-07;"quarta-feira";"06:00:00";"SP";116;157,2;"SAO JOSE DOS CAMPOS";"Falta de Atenção à Condução";"Tombamento";"Com Vítimas Feridas";"Amanhecer";"Decrescente";"Céu Claro";"Dupla";"Reta";"Sim";1;0;1;0;0;0;1;1;-23,25543273;-45,94338563;"SPRF-SP";"DEL02-SP";"UOP01-DEL02-SP"
116400;2018-03-07;"quarta-feira";"07:45:00";"RN";427;39,4;"ACARI";"Desobediência às normas de trânsito pelo condutor";"Colisão transversal";"Sem Vítimas";"Pleno dia";"Decrescente";"Céu Claro";"Simples";"Interseção de Vias";"Sim";3;0;0;0;3;0;0;3;-6,54046694;-36,64854527;"SPRF-RN";"DEL03-RN";"UOP01-DEL03-RN"
116405;2018-03-07;"quarta-feira";"07:35:00";"SC";282;4,9;"SAO JOSE";"Não guardar distância de segurança";"Colisão traseira";"Com Vítimas Feridas";"Pleno dia";"Decrescente";"Sol";"Dupla";"Aclive;Reta";"Sim";2;0;1;0;1;0;1;2;-27,5902249;-48,60912681;"SPRF-SC";"DEL01-SC";"UOP01-DEL01-SC"
116407;2018-03-07;"quarta-feira";"08:14:00";"PB";101;86,3;"JOAO PESSOA";"Falta de Atenção à Condução";"Colisão lateral";"Sem Vítimas";"Pleno dia";"Crescente";"Céu Claro";"Dupla";"Reta;Aclive";"Sim";2;0;0;0;2;0;0;2;-7,15421;-34,908025;"SPRF-PB";"DEL01-PB";"UOP01-DEL01-PB"
116410;2018-03-07;"quarta-feira";"08:25:00";"SC";101;118;"ITAJAI";"Não guardar distância de segurança";"Colisão traseira";"Sem Vítimas";"Pleno dia";"Crescente";"Nublado";"Múltipla";"Reta";"Sim";3;0;0;0;2;1;0;3;-26,9045;-48,7153;"SPRF-SC";"DEL04-SC";"UOP04-DEL04-SC"
116411;2018-03-07;"quarta-feira";"08:20:00";"MG";40;555,4;"NOVA LIMA";"Condutor Dormindo";"Saída de leito carroçável";"Com Vítimas Feridas";"Pleno dia";"Crescente";"Nublado";"Dupla";"Reta";"Não";3;0;0;1;0;2;1;2;-20,0943;-43,9755;"SPRF-MG";"DEL01-MG";"UOP02-DEL01-MG"
116413;2018-03-07;"quarta-feira";"07:30:00";"MS";163;479;"CAMPO GRANDE";"Falta de Atenção à Condução";"Colisão traseira";"Com Vítimas Feridas";"Pleno dia";"Crescente";"Céu Claro";"Simples";"Reta";"Sim";2;0;1;0;1;0;1;2;-20,46690263;-54,58694458;"SPRF-MS";"DEL01-MS";"UOP01-DEL01-MS"
116416;2018-03-07;"quarta-feira";"09:00:00";"MG";116;690,9;"MURIAE";"Falta de Atenção à Condução";"Capotamento";"Com Vítimas Feridas";"Pleno dia";"Crescente";"Céu Claro";"Simples";"Curva";"Não";1;0;1;0;0;0;1;1;-21,01102;-42,360854;"SPRF-MG";"DEL07-MG";"UOP02-DEL07-MG"
116418;2018-03-07;"quarta-feira";"07:45:00";"RS";392;351,3;"SANTA MARIA";"Desobediência às normas de trânsito pelo condutor";"Colisão transversal";"Com Vítimas Feridas";"Pleno dia";"Crescente";"Sol";"Simples";"Reta";"Sim";2;0;2;0;0;0;2;2;-29,72988382;-53,80180299;"SPRF-RS";"DEL09-RS";"UOP01-DEL09-RS"
116420;2018-03-07;"quarta-feira";"09:10:00";"BA";101;207;"GOVERNADOR MANGABEIRA";"Ingestão de Álcool";"Saída de leito carroçável";"Com Vítimas Feridas";"Pleno dia";"Crescente";"Céu Claro";"Simples";"Declive";"Não";2;0;1;0;1;0;1;1;-12,5967;-39,0355;"SPRF-BA";"DEL01-BA";"UOP03-DEL01-BA"
116422;2018-03-07;"quarta-feira";"08:10:00";"PE";232;149;"SAO CAITANO";"Desobediência às normas de trânsito pelo condutor";"Colisão transversal";"Com Vítimas Feridas";"Pleno dia";"Crescente";"Céu Claro";"Dupla";"Reta";"Não";2;0;1;0;0;1;1;2;-8,327447;-36,154049;"SPRF-PE";"DEL02-PE";"UOP03-DEL02-PE"
116424;2018-03-07;"quarta-feira";"09:30:00";"PR";376;109;"PARANAVAI";"Não guardar distância de segurança";"Colisão traseira";"Sem Vítimas";"Pleno dia";"Decrescente";"Céu Claro";"Simples";"Reta";"Sim";3;0;0;0;3;0;0;2;-23,085865;-52,401798;"SPRF-PR";"DEL07-PR";"UOP02-DEL09-PR"
116425;2018-02-03;"sábado";"22:45:00";"PR";376;498,6;"PONTA GROSSA";"Desobediência às normas de trânsito pelo condutor";"Colisão transversal";"Com Vítimas Fatais";"Plena Noite";"Decrescente";"Céu Claro";"Dupla";"Reta";"Sim";2;1;0;0;1;0;0;2;-25,01246495;-49,70283508;"SPRF-PR";"DEL03-PR";"UOP04-DEL03-PR"
116426;2018-02-19;"segunda-feira";"13:43:00";"BA";116;829,6;"VITORIA DA CONQUISTA";"Não guardar distância de segurança";"Colisão lateral";"Com Vítimas Feridas";"Pleno dia";"Decrescente";"Sol";"Simples";"Declive";"Não";2;0;1;0;1;0;1;2;-14,90534925;-40,8713454;"SPRF-BA";"DEL08-BA";"UOP01-DEL08-BA"
116429;2018-03-07;"quarta-feira";"09:50:00";"AP";156;798;"OIAPOQUE";"Defeito Mecânico no Veículo";"Incêndio";"Sem Vítimas";"Pleno dia";"Decrescente";"Céu Claro";"Simples";"Reta";"Não";1;0;0;0;1;0;0;1;3,81081635;-51,78543091;"SPRF-AP";"DEL01-AP";"UOP03-DEL01-AP"
116431;2018-03-07;"quarta-feira";"07:55:00";"MG";381;486;"BETIM";"Falta de Atenção à Condução";"Colisão traseira";"Com Vítimas Feridas";"Pleno dia";"Decrescente";"Sol";"Dupla";"Curva";"Sim";2;0;0;1;1;0;1;2;-19,9554;-44,1157;"SPRF-MG";"DEL01-MG";"UOP03-DEL01-MG"
116432;2018-03-07;"quarta-feira";"10:15:00";"SC";101;203;"SAO JOSE";"Falta de Atenção à Condução";"Colisão lateral";"Com Vítimas Feridas";"Pleno dia";"Decrescente";"Céu Claro";"Dupla";"Reta";"Sim";2;0;1;0;1;0;1;2;-27,5682907;-48,6137169;"SPRF-SC";"DEL01-SC";"UOP01-DEL01-SC"
116435;2018-03-07;"quarta-feira";"10:30:00";"PR";369;98,4;"CORNELIO PROCOPIO";"Desobediência às normas de trânsito pelo condutor";"Colisão lateral";"Com Vítimas Feridas";"Pleno dia";"Crescente";"Céu Claro";"Dupla";"Reta";"Não";2;0;1;0;1;0;1;2;-23,24176015;-50,70222247;"SPRF-PR";"DEL07-PR";"UOP05-DEL07-PR"
116437;2018-03-07;"quarta-feira";"11:15:00";"RN";101;102,4;"PARNAMIRIM";"Não guardar distância de segurança";"Queda de ocupante de veículo";"Com Vítimas Feridas";"Pleno dia";"Crescente";"Sol";"Dupla";"Reta";"Sim";2;0;1;0;0;1;1;2;-5,88915384;-35,24382412;"SPRF-RN";"DEL01-RN";"UOP01-DEL01-RN"
116440;2018-03-07;"quarta-feira";"10:40:00";"RS";116;255;"ESTEIO";"Defeito Mecânico no Veículo";"Tombamento";"Com Vítimas Feridas";"Pleno dia";"Decrescente";"Céu Claro";"Múltipla";"Reta";"Sim";2;0;2;0;0;0;2;1;-29,83523;-51,174843;"SPRF-RS";"DEL01-RS";"UOP02-DEL01-RS"
116441;2018-03-07;"quarta-feira";"11:05:00";"RS";386;272;"FONTOURA XAVIER";"Não guardar distância de segurança";"Colisão traseira";"Sem Vítimas";"Pleno dia";"Crescente";"Céu Claro";"Simples";"Reta";"Não";2;0;0;0;2;0;0;2;-28,98914;-52,366314;"SPRF-RS";"DEL04-RS";"NPF/DEL04-RS"
116443;2018-01-22;"segunda-feira";"22:25:00";"PB";230;19,7;"JOAO PESSOA";"Velocidade Incompatível";"Colisão com objeto estático";"Sem Vítimas";"Plena Noite";"Decrescente";"Céu Claro";"Dupla";"Curva";"Não";1;0;0;0;1;0;0;1;-7,131972;-34,853152;"SPRF-PB";"DEL01-PB";"UOP01-DEL01-PB"
116444;2018-03-07;"quarta-feira";"11:55:00";"SC";101;139,5;"BALNEARIO CAMBORIU";"Condutor Dormindo";"Colisão traseira";"Com Vítimas Feridas";"Pleno dia";"Crescente";"Céu Claro";"Simples";"Reta";"Não";4;0;1;0;3;0;1;2;-27,04689545;-48,59802246;"SPRF-SC";"DEL04-SC";"UOP03-DEL04-SC"
116445;2018-03-07;"quarta-feira";"11:30:00";"MG";40;583,5;"ITABIRITO";"Falta de Atenção à Condução";"Saída de leito carroçável";"Sem Vítimas";"Pleno dia";"Decrescente";"Céu Claro";"Simples";"Reta";"Não";1;0;0;0;1;0;0;1;-20,3244;-43,93;"SPRF-MG";"DEL01-MG";"UOP02-DEL01-MG"
116448;2018-03-06;"terça-feira";"19:00:00";"MA";135;178;"SAO MATEUS DO MARANHAO";"Falta de Atenção à Condução";"Colisão frontal";"Com Vítimas Fatais";"Plena Noite";"Crescente";"Ignorado";"Simples";"Reta";"Não";3;1;0;0;2;0;0;2;-4,02317911;-44,46784973;"SPRF-MA";"DEL01-MA";"UOP02-DEL01-MA"
116454;2018-01-18;"quinta-feira";"18:00:00";"PB";405;22,4;"SAO JOAO DO RIO DO PEIXE";"Falta de Atenção à Condução";"Colisão frontal";"Com Vítimas Feridas";"Plena Noite";"Decrescente";"Nublado";"Simples";"Reta";"Não";2;0;0;1;1;0;1;2;-6,63787778;-38,4258363;"SPRF-PB";"DEL03-PB";"UOP03-DEL03-PB"
116455;2018-03-07;"quarta-feira";"13:05:00";"RN";304;48;"MOSSORO";"Desobediência às normas de trânsito pelo condutor";"Colisão lateral";"Com Vítimas Feridas";"Pleno dia";"Crescente";"Céu Claro";"Dupla";"Viaduto";"Sim";2;0;0;1;1;0;1;2;-5,227724;-37,323058;"SPRF-RN";"DEL04-RN";"UOP01-DEL04-RN"
116457;2018-02-19;"segunda-feira";"17:00:00";"SC";282;307;"VARGEM";"Falta de Atenção à Condução";"Capotamento";"Com Vítimas Feridas";"Pleno dia";"Crescente";"Nublado";"Simples";"Curva";"Não";5;0;2;0;3;0;2;1;-27,51314344;-50,92437744;"SPRF-SC";"DEL07-SC";"UOP06-DEL07-SC"
116459;2018-03-07;"quarta-feira";"13:45:00";"SP";116;213,6;"GUARULHOS";"Não guardar distância de segurança";"Colisão traseira";"Com Vítimas Feridas";"Pleno dia";"Crescente";"Nublado";"Múltipla";"Reta";"Sim";2;0;1;0;0;1;1;2;-23,44381733;-46,44750237;"SPRF-SP";"DEL01-SP";"UOP01-DEL01-SP"
116460;2018-03-07;"quarta-feira";"13:05:00";"MG";40;49,2;"PARACATU";"Ultrapassagem Indevida";"Capotamento";"Com Vítimas Feridas";"Pleno dia";"Decrescente";"Céu Claro";"Simples";"Aclive;Reta";"Não";5;0;5;0;0;0;5;1;-17,238159;-46,809711;"SPRF-MG";"DEL14-MG";"UOP01-DEL14-MG"
116462;2018-03-07;"quarta-feira";"13:17:00";"RJ";393;294;"BARRA MANSA";"Falta de Atenção à Condução";"Colisão transversal";"Com Vítimas Feridas";"Pleno dia";"Crescente";"Nublado";"Simples";"Interseção de Vias";"Sim";2;0;1;0;1;0;1;2;-22,54221228;-44,11370963;"SPRF-RJ";"DEL05-RJ";"UOP04-DEL05-RJ"
116463;2018-02-11;"domingo";"12:30:00";"PE";232;31,2;"MORENO";"Defeito Mecânico no Veículo";"Incêndio";"Sem Vítimas";"Pleno dia";"Crescente";"Céu Claro";"Dupla";"Curva";"Não";1;0;0;0;1;0;0;1;-8,106757;-35,158428;"SPRF-PE";"DEL01-PE";"UOP02-DEL02PE"
116464;2018-03-07;"quarta-feira";"13:20:00";"MS";262;143,5;"TRES LAGOAS";"Falta de Atenção à Condução";"Colisão traseira";"Sem Vítimas";"Pleno dia";"Crescente";"Céu Claro";"Dupla";"Reta";"Sim";3;0;0;0;3;0;0;3;-20,758873;-52,033009;"SPRF-MS";"DEL07-MS";"UOP02-DEL07-MS"
116466;2018-03-07;"quarta-feira";"14:20:00";"MG";381;772,2;"CAMPANHA";"Falta de Atenção à Condução";"Colisão traseira";"Com Vítimas Feridas";"Pleno dia";"Crescente";"Céu Claro";"Dupla";"Reta";"Não";2;0;0;1;1;0;1;2;-21,78078108;-45,43217576;"SPRF-MG";"DEL16-MG";"UOP02-DEL16-MG"
116469;2018-03-07;"quarta-feira";"13:30:00";"GO";60;385,5;"RIO VERDE";"Ingestão de Álcool";"Colisão com objeto estático";"Sem Vítimas";"Pleno dia";"Decrescente";"Sol";"Dupla";"Reta";"Sim";1;0;0;0;1;0;0;1;-17,7964;-50,914;"SPRF-GO";"DEL04-GO";"UOP01-DEL04-GO"
116474;2018-03-07;"quarta-feira";"13:45:00";"PR";163;143,9;"CAPITAO LEONIDAS MARQUES";"Falta de Atenção à Condução";"Colisão transversal";"Sem Vítimas";"Pleno dia";"Crescente";"Sol";"Simples";"Reta";"Não";2;0;0;0;2;0;0;2;-25,47087329;-53,58424634;"SPRF-PR";"DEL04-PR";"UOP05-DEL05-PR"
116477;2018-03-07;"quarta-feira";"06:30:00";"RJ";101;303;"SAO GONCALO";"Falta de Atenção à Condução";"Colisão transversal";"Sem Vítimas";"Pleno dia";"Decrescente";"Céu Claro";"Simples";"Curva";"Não";4;0;0;0;1;3;0;3;-22,793098;-43,024815;"SPRF-RJ";"DEL02-RJ";"DEL5/2-UOP04/RJ"
116478;2018-03-07;"quarta-feira";"15:20:00";"DF";60;23,3;"BRASILIA";"Pista Escorregadia";"Saída de leito carroçável";"Sem Vítimas";"Pleno dia";"Decrescente";"Chuva";"Dupla";"Curva";"Não";1;0;0;0;1;0;0;1;-15,99691856;-48,24064401;"SPRF-DF";"DEL01-DF";"UOP01-DEL03-DF"
116481;2018-03-07;"quarta-feira";"13:55:00";"MT";364;316;"CAMPO VERDE";"Pista Escorregadia";"Queda de ocupante de veículo";"Com Vítimas Feridas";"Pleno dia";"Crescente";"Chuva";"Dupla";"Reta";"Não";1;0;1;0;0;0;1;1;-15,80811042;-55,29968262;"SPRF-MT";"DEL02-MT";"UOP02-DEL05-MT"
116485;2018-03-07;"quarta-feira";"15:00:00";"PI";343;4;"TERESINA";"Não guardar distância de segurança";"Colisão traseira";"Sem Vítimas";"Pleno dia";"Decrescente";"Sol";"Múltipla";"Reta";"Não";3;0;0;0;3;0;0;3;-5,089569;-42,802288;"SPRF-PI";"DEL01-PI";"UOP01-DEL01-PI"
116488;2018-03-07;"quarta-feira";"07:00:00";"RJ";101;293;"ITABORAI";"Pista Escorregadia";"Queda de ocupante de veículo";"Com Vítimas Feridas";"Pleno dia";"Crescente";"Céu Claro";"Dupla";"Reta";"Não";2;0;2;0;0;0;2;1;-22,756203;-42,887241;"SPRF-RJ";"DEL02-RJ";"DEL5/2-UOP04/RJ"
116490;2018-03-07;"quarta-feira";"15:20:00";"SC";101;205;"SAO JOSE";"Desobediência às normas de trânsito pelo condutor";"Colisão lateral";"Com Vítimas Feridas";"Pleno dia";"Crescente";"Nublado";"Múltipla";"Reta";"Sim";2;0;1;0;1;0;1;2;-27,588;-48,617;"SPRF-SC";"DEL01-SC";"UOP01-DEL01-SC"
116491;2018-03-03;"sábado";"19:40:00";"MG";381;252;"SANTANA DO PARAISO";"Ingestão de Álcool";"Atropelamento de Pedestre";"Com Vítimas Feridas";"Pleno dia";"Decrescente";"Chuva";"Simples";"Reta";"Sim";4;0;0;1;1;2;1;3;-19,45901552;-42,52539396;"SPRF-MG";"DEL03-MG";"UOP02-DEL03-MG"
116493;2018-03-07;"quarta-feira";"15:00:00";"MT";364;472;"JANGADA";"Condutor Dormindo";"Saída de leito carroçável";"Com Vítimas Feridas";"Pleno dia";"Decrescente";"Céu Claro";"Simples";"Reta";"Não";1;0;1;0;0;0;1;1;-15,447289;-56,329193;"SPRF-MT";"DEL01-MT";"DEL2/4-UOP02/MT"
116495;2018-03-07;"quarta-feira";"16:30:00";"RJ";116;278,8;"BARRA MANSA";"Pista Escorregadia";"Colisão com objeto estático";"Sem Vítimas";"Pleno dia";"Crescente";"Chuva";"Dupla";"Declive";"Não";1;0;0;0;1;0;0;1;-22,55271;-44,17778;"SPRF-RJ";"DEL07-RJ";"UOP02-DEL07-RJ"
116497;2018-03-07;"quarta-feira";"13:50:00";"RJ";101;233;"SILVA JARDIM";"Pista Escorregadia";"Capotamento";"Sem Vítimas";"Pleno dia";"Decrescente";"Chuva";"Dupla";"Reta";"Não";1;0;0;0;1;0;0;1;-22,58865439;-42,38388062;"SPRF-RJ";"DEL02-RJ";"UOP03-DEL02-RJ"
116498;2018-03-07;"quarta-feira";"16:30:00";"SE";101;150,7;"ESTANCIA";"Falta de Atenção à Condução";"Colisão transversal";"Com Vítimas Feridas";"Pleno dia";"Crescente";"Céu Claro";"Múltipla";"Reta";"Sim";3;0;1;0;1;1;1;3;-11,259465;-37,440912;"SPRF-SE";"DEL02-SE";"UOP01-DEL02-SE"
116499;2018-03-07;"quarta-feira";"17:00:00";"SC";101;198,1;"BIGUACU";"Desobediência às normas de trânsito pelo condutor";"Colisão lateral";"Com Vítimas Feridas";"Pleno dia";"Decrescente";"Nublado";"Múltipla";"Reta";"Sim";2;0;1;0;1;0;1;2;-27,5341;-48,6298;"SPRF-SC";"DEL01-SC";"UOP01-DEL01-SC"
116501;2018-03-07;"quarta-feira";"17:00:00";"SP";381;79;"SAO PAULO";"Velocidade Incompatível";"Colisão traseira";"Com Vítimas Feridas";"Pleno dia";"Crescente";"Garoa/Chuvisco";"Dupla";"Curva";"Sim";4;0;2;0;2;0;2;2;-23,406303;-46,580396;"SPRF-SP";"DEL03-SP";"DEL6/3-UOP03/SP"