"id";"data_inversa";"dia_semana";"horario";"uf";"br";"km";"municipio";"causa_acidente";"tipo_acidente";"classificacao_acidente";"fase_dia";"sentido_via";"condicao_metereologica";"tipo_pista";"tracado_via";"uso_solo";"pessoas";"mortos";"feridos_leves";"feridos_graves";"ilesos";"ignorados";"feridos";"veiculos";"latitude";"longitude";"regional";"delegacia";"uop"
116503;2018-03-07;"quarta-feira";"16:50:00";"PR";476;133,3;"CURITIBA";"Falta de Atenção à Condução";"Colisão lateral";"Com Vítimas Feridas";"Pleno dia";"Crescente";"Céu Claro";"Múltipla";"Reta";"Não";3;0;1;0;1;1;1;3;-25,469219;-49,254143;"SPRF-PR";"DEL01-PR";"UOP07-DEL01-PR"
116504;2018-03-07;"quarta-feira";"17:10:00";"MG";40;688;"RESSAQUINHA";"Desobediência às normas de trânsito pelo condutor";"Colisão transversal";"Com Vítimas Feridas";"Pleno dia";"Decrescente";"Céu Claro";"Simples";"Curva";"Não";3;0;2;0;1;0;2;2;-21,1215;-43,7584;"SPRF-MG";"DEL05-MG";"UOP02-DEL05-MG"
116506;2018-03-07;"quarta-feira";"17:25:00";"GO";40;10;"LUZIANIA";"Desobediência às normas de trânsito pelo condutor";"Colisão traseira";"Com Vítimas Feridas";"Pleno dia";"Crescente";"Céu Claro";"Simples";"Retorno Regulamentado";"Sim";2;0;1;0;1;0;1;2;-16,131285;-47,957923;"SPRF-DF";"DEL01-DF";"UOP01-DEL01-DF"
116507;2018-03-07;"quarta-feira";"17:45:00";"PE";101;70,5;"RECIFE";"Falta de Atenção à Condução";"Colisão transversal";"Com Vítimas Feridas";"Anoitecer";"Crescente";"Céu Claro";"Dupla";"Interseção de Vias";"Sim";2;0;1;0;1;0;1;2;-8,15983693;-34,94613647;"SPRF-PE";"DEL01-PE";"UOP01-DEL01-PE"
116509;2018-03-07;"quarta-feira";"16:15:00";"BA";101;504;"ITABUNA";"Desobediência às normas de trânsito pelo condutor";"Colisão lateral";"Com Vítimas Feridas";"Pleno dia";"Decrescente";"Nublado";"Simples";"Reta";"Sim";2;0;1;0;1;0;1;2;-14,771;-39,292;"SPRF-BA";"DEL05-BA";"UOP01-DEL05-BA"
116511;2018-03-07;"quarta-feira";"17:48:00";"BA";116;420;"FEIRA DE SANTANA";"Falta de Atenção à Condução";"Colisão frontal";"Com Vítimas Feridas";"Anoitecer";"Crescente";"Ignorado";"Dupla";"Interseção de Vias";"Sim";2;0;1;0;1;0;1;2;-12,2883715;-39,010558;"SPRF-BA";"DEL02-BA";"DEL10/2-UOP02/BA"
116513;2018-03-07;"quarta-feira";"16:50:00";"MA";135;82,7;"ITAPECURU MIRIM";"Pista Escorregadia";"Capotamento";"Com Vítimas Feridas";"Pleno dia";"Crescente";"Chuva";"Simples";"Reta";"Não";3;0;3;0;0;0;3;1;-3,236217;-44,370758;"SPRF-MA";"DEL01-MA";"UOP02-DEL01-MA"
116516;2018-03-07;"quarta-feira";"18:20:00";"PR";376;3,5;"MANDAGUARI";"Desobediência às normas de trânsito pelo condutor";"Colisão transversal";"Com Vítimas Feridas";"Plena Noite";"Decrescente";"Céu Claro";"Simples";"Interseção de Vias";"Sim";3;0;1;0;1;1;1;2;-23,547966;-51,671265;"SPRF-PR";"DEL07-PR";"UOP01-DEL09-PR"
116517;2018-03-07;"quarta-feira";"17:30:00";"SP";488;0;"APARECIDA";"Defeito Mecânico no Veículo";"Incêndio";"Sem Vítimas";"Pleno dia";"Decrescente";"Céu Claro";"Dupla";"Reta";"Sim";1;0;0;0;1;0;0;1;-22,8583526;-45,2333673;"SPRF-SP";"DEL08-SP";"UOP01-DEL08-SP"
116518;2018-03-07;"quarta-feira";"18:10:00";"SP";116;342;"MIRACATU";"Objeto estático sobre o leito carroçável";"Tombamento";"Sem Vítimas";"Anoitecer";"Decrescente";"Chuva";"Dupla";"Reta";"Não";1;0;0;0;1;0;0;1;-24,2675713;-47,3931912;"SPRF-SP";"DEL04-SP";"UOP03-DEL04-SP"
116520;2018-03-07;"quarta-feira";"17:50:00";"MG";262;589,5;"CAMPOS ALTOS";"Velocidade Incompatível";"Saída de leito carroçável";"Com Vítimas Feridas";"Anoitecer";"Crescente";"Chuva";"Simples";"Curva";"Não";2;0;1;0;1;0;1;1;-19,67621179;-46,14646196;"SPRF-MG";"DEL08-MG";"UOP02-DEL08-MG"
116523;2018-03-07;"quarta-feira";"16:00:00";"PI";343;598;"FLORIANO";"Falta de Atenção à Condução";"Colisão com objeto estático";"Sem Vítimas";"Pleno dia";"Decrescente";"Céu Claro";"Dupla";"Reta";"Sim";1;0;0;0;1;0;0;1;-6,819801;-43,060368;"SPRF-PI";"DEL03-PI";"UOP01-DEL03-PI"
116527;2018-02-21;"quarta-feira";"19:45:00";"SC";101;123;"ITAJAI";"Falta de Atenção à Condução";"Colisão lateral";"Com Vítimas Feridas";"Plena Noite";"Decrescente";"Céu Claro";"Simples";"Curva";"Sim";2;0;1;0;1;0;1;2;-26,9434;-48,6917;"SPRF-SC";"DEL04-SC";"UOP04-DEL04-SC"
116528;2018-03-07;"quarta-feira";"19:00:00";"SE";101;178;"SANTA LUZIA DO ITANHY";"Falta de Atenção à Condução";"Colisão transversal";"Com Vítimas Feridas";"Plena Noite";"Crescente";"Céu Claro";"Simples";"Reta";"Não";2;0;0;1;1;0;1;2;-11,35962202;-37,61950401;"SPRF-SE";"DEL02-SE";"UOP03-DEL02-SE"
116529;2018-03-07;"quarta-feira";"18:10:00";"BA";101;232,6;"SAPEACU";"Ultrapassagem Indevida";"Saída de leito carroçável";"Com Vítimas Feridas";"Plena Noite";"Crescente";"Céu Claro";"Simples";"Reta";"Não";3;0;2;0;1;0;2;1;-12,74636;-39,18422;"SPRF-BA";"DEL01-BA";"UOP02-DEL01-BA"
116531;2018-03-07;"quarta-feira";"19:10:00";"GO";414;409,4;"ABADIANIA";"Desobediência às normas de trânsito pelo condutor";"Colisão transversal";"Com Vítimas Feridas";"Plena Noite";"Decrescente";"Céu Claro";"Simples";"Rotatória;Interseção de Vias";"Não";3;0;1;0;2;0;1;2;-16,05193054;-48,85329617;"SPRF-GO";"DEL02-GO";"UOP01-DEL02-GO"
116532;2018-03-07;"quarta-feira";"15:50:00";"SC";282;582,6;"PINHALZINHO";"Falta de Atenção à Condução";"Capotamento";"Com Vítimas Feridas";"Pleno dia";"Crescente";"Sol";"Simples";"Curva;Declive";"Sim";1;0;1;0;0;0;1;1;-26,82694306;-53,0087328;"SPRF-SC";"DEL07-SC";"UOP02-DEL07-SC"
116534;2018-03-07;"quarta-feira";"18:40:00";"PA";163;984;"SANTAREM";"Falta de Atenção à Condução";"Colisão transversal";"Com Vítimas Feridas";"Anoitecer";"Crescente";"Céu Claro";"Dupla";"Aclive";"Sim";2;0;1;0;0;1;1;2;-2,54387207;-54,72427368;"SPRF-PA";"DEL05-PA";"UOP01-DEL05-PA"
116535;2018-03-07;"quarta-feira";"18:30:00";"RR";174;505;"BOA VISTA";"Falta de Atenção à Condução";"Colisão transversal";"Com Vítimas Feridas";"Plena Noite";"Decrescente";"Céu Claro";"Dupla";"Reta";"Sim";2;0;1;0;1;0;1;2;2,824;-60,696;"SPRF-RR";"DEL01-RR";"UOP01-DEL01-RR"
116536;2018-03-07;"quarta-feira";"16:40:00";"MA";135;7;"SAO LUIS";"Ingestão de Álcool";"Colisão transversal";"Com Vítimas Feridas";"Pleno dia";"Crescente";"Sol";"Dupla";"Reta";"Sim";2;0;1;0;1;0;1;2;-2,59251259;-44,24614123;"SPRF-MA";"DEL01-MA";"UOP01-DEL01-MA"
116538;2018-03-07;"quarta-feira";"18:10:00";"MG";50;193,3;"DELTA";"Pista Escorregadia";"Queda de ocupante de veículo";"Com Vítimas Feridas";"Anoitecer";"Crescente";"Nublado";"Dupla";"Reta";"Não";1;0;1;0;0;0;1;1;-19,8854;-47,8498;"SPRF-MG";"DEL13-MG";"UOP01-DEL13-MG"
116540;2018-03-07;"quarta-feira";"16:30:00";"MG";365;443;"GUIMARANIA";"Falta de Atenção à Condução";"Saída de leito carroçável";"Com Vítimas Feridas";"Pleno dia";"Decrescente";"Nublado";"Simples";"Reta";"Não";2;0;1;1;0;0;2;1;-18,804903;-46,764573;"SPRF-MG";"DEL10-MG";"UOP01-DEL10-MG"
116544;2018-03-07;"quarta-feira";"19:30:00";"GO";153;522;"HIDROLANDIA";"Velocidade Incompatível";"Saída de leito carroçável";"Sem Vítimas";"Plena Noite";"Decrescente";"Nublado";"Dupla";"Reta";"Não";1;0;0;0;1;0;0;1;-16,9027;-49,2546;"SPRF-GO";"DEL01-GO";"UOP03-DEL01-GO"
116545;2018-03-07;"quarta-feira";"20:30:00";"PE";101;70,6;"RECIFE";"Animais na Pista";"Colisão traseira";"Sem Vítimas";"Plena Noite";"Decrescente";"Céu Claro";"Dupla";"Viaduto;Declive";"Não";2;0;0;0;2;0;0;2;-8,075306;-34,94053;"SPRF-PE";"DEL01-PE";"UOP01-DEL01-PE"
116546;2018-03-07;"quarta-feira";"20:15:00";"SC";101;164,3;"TIJUCAS";"Falta de Atenção do Pedestre";"Saída de leito carroçável";"Com Vítimas Feridas";"Plena Noite";"Crescente";"Céu Claro";"Simples";"Curva";"Não";1;0;1;0;0;0;1;1;-27,2505;-48,6311;"SPRF-SC";"DEL04-SC";"UOP03-DEL04-SC"
116548;2018-03-07;"quarta-feira";"20:30:00";"PR";272;363;"GUAIRA";"Ingestão de Álcool";"Colisão traseira";"Com Vítimas Feridas";"Plena Noite";"Crescente";"Céu Claro";"Simples";"Rotatória;Reta";"Não";2;0;1;0;1;0;1;2;-24,10790069;-54,23332214;"SPRF-PR";"DEL04-PR";"UOP03-DEL09-PR"
116549;2018-03-07;"quarta-feira";"18:40:00";"MA";10;254;"IMPERATRIZ";"Falta de Atenção à Condução";"Colisão traseira";"Com Vítimas Feridas";"Anoitecer";"Crescente";"Céu Claro";"Simples";"Reta";"Sim";3;0;3;0;0;0;3;2;-5,517879;-47,471581;"SPRF-MA";"DEL04-MA";"UOP01-DEL04-MA"
116551;2018-03-07;"quarta-feira";"19:40:00";"MG";40;518;"CONTAGEM";"Não guardar distância de segurança";"Colisão traseira";"Sem Vítimas";"Plena Noite";"Decrescente";"Nublado";"Dupla";"Reta";"Sim";1;0;0;0;1;0;0;1;-19,843;-44,0749;"SPRF-MG";"DEL01-MG";"UOP03-DEL01-MG"
116552;2018-03-07;"quarta-feira";"19:15:00";"MT";163;692,4;"LUCAS DO RIO VERDE";"Animais na Pista";"Atropelamento de Animal";"Com Vítimas Feridas";"Plena Noite";"Crescente";"Céu Claro";"Simples";"Reta";"Não";4;0;1;0;3;0;1;1;-12,97779492;-55,87646484;"SPRF-MT";"DEL06-MT";"UOP01-DEL06-MT"
116553;2018-03-07;"quarta-feira";"20:00:00";"GO";50;279,1;"CATALAO";"Falta de Atenção à Condução";"Colisão transversal";"Com Vítimas Feridas";"Plena Noite";"Crescente";"Nublado";"Simples";"Reta";"Sim";2;0;2;0;0;0;2;2;-18,1739;-47,9289;"SPRF-GO";"DEL06-GO";"UOP01-DEL06-GO"
116556;2018-03-07;"quarta-feira";"21:25:00";"PE";232;164,5;"TACAIMBO";"Animais na Pista";"Atropelamento de Animal";"Com Vítimas Feridas";"Plena Noite";"Crescente";"Céu Claro";"Simples";"Reta";"Não";2;0;1;0;1;0;1;1;-8,335559;-36,289352;"SPRF-PE";"DEL02-PE";"UOP03-DEL02-PE"
116558;2018-03-07;"quarta-feira";"20:10:00";"PB";230;37;"SANTA RITA";"Falta de Atenção do Pedestre";"Atropelamento de Pedestre";"Com Vítimas Fatais";"Plena Noite";"Decrescente";"Nublado";"Dupla";"Reta";"Sim";4;1;0;0;3;0;0;2;-7,131314;-34,956305;"SPRF-PB";"DEL01-PB";"UOP01-DEL01-PB"
116559;2018-03-07;"quarta-feira";"21:35:00";"PE";101;78;"RECIFE";"Sinalização da via insuficiente ou inadequada";"Atropelamento de Pedestre";"Com Vítimas Feridas";"Plena Noite";"Crescente";"Céu Claro";"Dupla";"Reta";"Sim";3;0;3;0;0;0;3;2;-8,1456;-34,9465;"SPRF-PE";"DEL01-PE";"UOP01-DEL01-PE"
116561;2018-03-07;"quarta-feira";"20:00:00";"RJ";40;1;"COMENDADOR LEVY GASPARIAN";"Velocidade Incompatível";"Colisão com objeto estático";"Com Vítimas Feridas";"Plena Noite";"Crescente";"Chuva";"Dupla";"Curva";"Não";2;0;1;0;1;0;1;1;-22,0116;-43,251;"SPRF-RJ";"DEL06-RJ";"UOP02-DEL05-RJ"
116562;2018-03-07;"quarta-feira";"20:10:00";"PA";10;58,3;"ULIANOPOLIS";"Falta de Atenção à Condução";"Saída de leito carroçável";"Com Vítimas Feridas";"Plena Noite";"Decrescente";"Céu Claro";"Simples";"Declive";"Não";1;0;1;0;0;0;1;1;-3,721266;-47,489651;"SPRF-PA";"DEL02-PA";"UOP02-DEL02-PA"
116564;2018-03-07;"quarta-feira";"21:45:00";"RN";226;1,5;"NATAL";"Animais na Pista";"Atropelamento de Animal";"Com Vítimas Feridas";"Plena Noite";"Decrescente";"Céu Claro";"Dupla";"Reta";"Sim";1;0;1;0;0;0;1;1;-5,809263;-35,24402;"SPRF-RN";"DEL01-RN";"UOP02-DEL01-RN"
116565;2018-03-07;"quarta-feira";"19:45:00";"MT";163;837;"SINOP";"Falta de Atenção à Condução";"Colisão transversal";"Com Vítimas Feridas";"Plena Noite";"Decrescente";"Ignorado";"Múltipla";"Reta";"Sim";4;0;2;1;1;0;3;2;-11,84310644;-55,49065053;"SPRF-MT";"DEL06-MT";"UOP02-DEL06-MT"
116566;2018-03-07;"quarta-feira";"17:20:00";"AC";364;124;"RIO BRANCO";"Não guardar distância de segurança";"Colisão traseira";"Com Vítimas Feridas";"Anoitecer";"Crescente";"Ignorado";"Dupla";"Reta";"Sim";6;0;2;0;4;0;2;2;-10,011523;-67,791466;"SPRF-AC";"DEL01-AC";"UOP01-DEL01-AC"
116567;2018-03-07;"quarta-feira";"20:10:00";"ES";262;28,7;"VIANA";"Avarias e/ou desgaste excessivo no pneu";"Colisão frontal";"Sem Vítimas";"Plena Noite";"Crescente";"Chuva";"Simples";"Curva";"Não";3;0;0;0;3;0;0;2;-20,3765977;-40,5613845;"SPRF-ES";"DEL01-ES";"UOP01-DEL01-ES"
116568;2018-03-07;"quarta-feira";"21:30:00";"PE";101;92;"CABO DE SANTO AGOSTINHO";"Desobediência às normas de trânsito pelo condutor";"Colisão transversal";"Com Vítimas Feridas";"Plena Noite";"Crescente";"Nublado";"Simples";"Reta";"Sim";2;0;1;0;1;0;1;2;-8,2379;-35,0024;"SPRF-PE";"DEL01-PE";"UOP03-DEL01-PE"
116569;2018-03-07;"quarta-feira";"21:15:00";"SC";282;21;"PALHOCA";"Falta de Atenção à Condução";"Colisão lateral";"Com Vítimas Feridas";"Plena Noite";"Decrescente";"Nublado";"Simples";"Curva";"Sim";3;0;1;0;2;0;1;3;-27,68907;-48,717541;"SPRF-SC";"DEL01-SC";"UOP02-DEL01-SC"
116570;2018-03-07;"quarta-feira";"21:40:00";"RS";158;565,8;"SANTANA DO LIVRAMENTO";"Desobediência às normas de trânsito pelo condutor";"Colisão transversal";"Com Vítimas Feridas";"Plena Noite";"Decrescente";"Céu Claro";"Simples";"Reta";"Sim";5;0;1;1;3;0;2;2;-30,868536;-55,507889;"SPRF-RS";"DEL11-RS";"UOP01-DEL11-RS"
116572;2018-03-07;"quarta-feira";"21:20:00";"PR";277;695;"SAO MIGUEL DO IGUACU";"Deficiência ou não Acionamento do Sistema de Iluminação/Sinalização do Veículo";"Colisão traseira";"Com Vítimas Feridas";"Plena Noite";"Crescente";"Céu Claro";"Dupla";"Reta";"Não";2;0;0;1;1;0;1;2;-25,382038;-54,286789;"SPRF-PR";"DEL05-PR";"UOP01-DEL05-PR"
116573;2018-03-07;"quarta-feira";"22:30:00";"MG";459;104;"POUSO ALEGRE";"Falta de Atenção à Condução";"Saída de leito carroçável";"Sem Vítimas";"Plena Noite";"Decrescente";"Céu Claro";"Dupla";"Reta";"Sim";1;0;0;0;1;0;0;1;-22,23148199;-45,9000501;"SPRF-MG";"DEL16-MG";"UOP01-DEL16-MG"
116575;2018-03-07;"quarta-feira";"20:50:00";"RR";174;505;"BOA VISTA";"Falta de Atenção do Pedestre";"Atropelamento de Pedestre";"Com Vítimas Feridas";"Plena Noite";"Crescente";"Céu Claro";"Simples";"Rotatória";"Sim";2;0;0;2;0;0;2;2;2,8065677;-60,689662;"SPRF-RR";"DEL01-RR";"UOP01-DEL01-RR"
116576;2018-03-07;"quarta-feira";"22:00:00";"SC";101;313;"LAGUNA";"Desobediência às normas de trânsito pelo condutor";"Colisão traseira";"Sem Vítimas";"Plena Noite";"Crescente";"Céu Claro";"Dupla";"Curva";"Sim";3;0;0;0;3;0;0;2;-28,441;-48,8231;"SPRF-SC";"DEL02-SC";"UOP01-DEL02-SC"
116577;2018-03-07;"quarta-feira";"22:00:00";"PA";155;336;"MARABA";"Restrição de Visibilidade";"Colisão transversal";"Com Vítimas Fatais";"Plena Noite";"Decrescente";"Chuva";"Simples";"Reta";"Não";3;1;0;0;0;2;0;2;-5,43008538;-49,07661438;"SPRF-PA";"DEL03-PA";"UOP01-DEL03-PA"
116579;2018-03-07;"quarta-feira";"21:00:00";"RJ";465;19;"NOVA IGUACU";"Falta de Atenção à Condução";"Colisão transversal";"Com Vítimas Feridas";"Plena Noite";"Crescente";"Chuva";"Simples";"Reta";"Sim";2;0;1;0;1;0;1;2;-22,839184;-43,610451;"SPRF-RJ";"DEL01-RJ";"UOP03-DEL01-RJ"
116580;2018-03-07;"quarta-feira";"22:30:00";"PR";277;591,1;"CASCAVEL";"Desobediência às normas de trânsito pelo condutor";"Colisão lateral";"Com Vítimas Feridas";"Plena Noite";"Decrescente";"Céu Claro";"Simples";"Reta";"Sim";2;0;1;0;1;0;1;2;-24,98504665;-53,46577048;"SPRF-PR";"DEL04-PR";"UOP01-DEL04-PR"
116582;2018-03-07;"quarta-feira";"23:00:00";"GO";40;4;"VALPARAISO DE GOIAS";"Falta de Atenção à Condução";"Colisão traseira";"Com Vítimas Feridas";"Plena Noite";"Crescente";"Nublado";"Simples";"Reta";"Sim";4;0;2;0;1;1;2;3;-16,085241;-47,986752;"SPRF-DF";"DEL01-DF";"UOP01-DEL01-DF"
116583;2018-03-07;"quarta-feira";"17:35:00";"SC";470;38;"GASPAR";"Falta de Atenção à Condução";"Saída de leito carroçável";"Com Vítimas Feridas";"Pleno dia";"Crescente";"Céu Claro";"Simples";"Curva";"Sim";1;0;1;0;0;0;1;1;-26,91394802;-48,97016823;"SPRF-SC";"DEL04-SC";"UOP01-DEL04-SC"
116584;2018-03-07;"quarta-feira";"20:50:00";"RO";364;310;"PRESIDENTE MEDICI";"Animais na Pista";"Atropelamento de Animal";"Com Vítimas Feridas";"Plena Noite";"Decrescente";"Nublado";"Simples";"Reta";"Não";1;0;0;1;0;0;1;1;-11,154401;-61,901588;"SPRF-RO";"DEL02-RO";"UOP01-DEL02-RO"
116585;2018-03-07;"quarta-feira";"22:25:00";"SC";470;70,7;"INDAIAL";"Falta de Atenção à Condução";"Colisão transversal";"Com Vítimas Feridas";"Plena Noite";"Decrescente";"Céu Claro";"Simples";"Reta";"Sim";2;0;1;0;1;0;1;2;-26,88320103;-49,24631506;"SPRF-SC";"DEL04-SC";"UOP01-DEL04-SC"
116586;2018-03-07;"quarta-feira";"21:15:00";"GO";50;181,1;"CAMPO ALEGRE DE GOIAS";"Defeito Mecânico no Veículo";"Queda de ocupante de veículo";"Com Vítimas Feridas";"Plena Noite";"Decrescente";"Chuva";"Dupla";"Curva";"Não";2;0;2;0;0;0;2;1;-17,4158;-47,7948;"SPRF-GO";"DEL06-GO";"UOP01-DEL06-GO"
116589;2018-03-08;"quinta-feira";"00:05:00";"PR";277;75;"SAO JOSE DOS PINHAIS";"Velocidade Incompatível";"Capotamento";"Com Vítimas Feridas";"Plena Noite";"Crescente";"Garoa/Chuvisco";"Dupla";"Reta";"Não";1;0;0;1;0;0;1;1;-25,50525918;-49,14798264;"SPRF-PR";"DEL01-PR";"UOP07-DEL01-PR"
116591;2018-03-08;"quinta-feira";"00:35:00";"MG";50;36;"ARAGUARI";"Falta de Atenção à Condução";"Colisão transversal";"Com Vítimas Feridas";"Plena Noite";"Decrescente";"Céu Claro";"Dupla";"Reta";"Sim";3;0;1;0;2;0;1;2;-18,6588;-48,1568;"SPRF-MG";"DEL15-MG";"UOP02-DEL15-MG"
116592;2018-03-07;"quarta-feira";"22:40:00";"SC";101;289,1;"IMBITUBA";"Animais na Pista";"Atropelamento de Animal";"Com Vítimas Feridas";"Plena Noite";"Crescente";"Céu Claro";"Dupla";"Curva";"Sim";5;0;1;0;4;0;1;1;-28,27572678;-48,6999464;"SPRF-SC";"DEL02-SC";"UOP03-DEL02-SC"
116595;2018-03-08;"quinta-feira";"01:15:00";"SP";116;488;"CAJATI";"Pista Escorregadia";"Saída de leito carroçável";"Sem Vítimas";"Pleno dia";"Crescente";"Garoa/Chuvisco";"Dupla";"Curva";"Não";2;0;0;0;2;0;0;1;-24,73810076;-48,11599731;"SPRF-SP";"DEL05-SP";"UAP01-DEL05-SP"
116596;2018-03-08;"quinta-feira";"00:40:00";"SC";280;42;"ARAQUARI";"Falta de Atenção à Condução";"Colisão traseira";"Sem Vítimas";"Plena Noite";"Decrescente";"Nublado";"Simples";"Reta";"Não";3;0;0;0;3;0;0;3;-26,4506;-48,86797;"SPRF-SC";"DEL03-SC";"UOP03-DEL03-SC"
116597;2018-03-08;"quinta-feira";"02:00:00";"MG";364;39,6;"FRUTAL";"Condutor Dormindo";"Saída de leito carroçável";"Com Vítimas Feridas";"Plena Noite";"Crescente";"Nublado";"Simples";"Reta";"Não";2;0;2;0;0;0;2;1;-20,025185;-48,94096;"SPRF-MG";"DEL13-MG";"UOP02-DEL13-MG"
116599;2018-03-08;"quinta-feira";"01:30:00";"MG";40;558,5;"NOVA LIMA";"Pista Escorregadia";"Saída de leito carroçável";"Com Vítimas Feridas";"Plena Noite";"Decrescente";"Chuva";"Dupla";"Reta";"Não";1;0;0;1;0;0;1;1;-20,1197;-43,9675;"SPRF-MG";"DEL01-MG";"UOP02-DEL01-MG"
116601;2018-03-08;"quinta-feira";"03:20:00";"SC";101;372,9;"ICARA";"Falta de Atenção à Condução";"Saída de leito carroçável";"Com Vítimas Feridas";"Plena Noite";"Decrescente";"Céu Claro";"Dupla";"Reta";"Não";1;0;1;0;0;0;1;1;-28,70602656;-49,18785095;"SPRF-SC";"DEL02-SC";"UOP01-DEL02-SC"
116602;2018-03-08;"quinta-feira";"03:15:00";"RS";290;115;"ELDORADO DO SUL";"Condutor Dormindo";"Colisão traseira";"Com Vítimas Feridas";"Plena Noite";"Decrescente";"Céu Claro";"Simples";"Reta";"Não";2;0;1;0;1;0;1;2;-30,045572;-51,357651;"SPRF-RS";"DEL02-RS";"UOP01-DEL02-RS"
116603;2018-03-08;"quinta-feira";"05:00:00";"SC";101;158,1;"PORTO BELO";"Ingestão de Álcool";"Tombamento";"Com Vítimas Feridas";"Plena Noite";"Decrescente";"Céu Claro";"Dupla";"Reta";"Sim";1;0;1;0;0;0;1;1;-27,199;-48,6146;"SPRF-SC";"DEL04-SC";"UOP03-DEL04-SC"
116604;2018-03-07;"quarta-feira";"11:50:00";"SC";101;1;"GARUVA";"Velocidade Incompatível";"Queda de ocupante de veículo";"Com Vítimas Feridas";"Pleno dia";"Crescente";"Nublado";"Múltipla";"Reta";"Não";1;0;1;0;0;0;1;1;-25,9973;-48,8786;"SPRF-SC";"DEL03-SC";"UOP01-DEL03-SC"
116610;2018-03-08;"quinta-feira";"05:00:00";"PB";412;23,6;"BOA VISTA";"Animais na Pista";"Saída de leito carroçável";"Com Vítimas Feridas";"Amanhecer";"Decrescente";"Céu Claro";"Simples";"Reta";"Não";1;0;1;0;0;0;1;1;-7,281259;-36,2668;"SPRF-PB";"DEL02-PB";"UOP02-DEL02-PB"
116613;2018-03-08;"quinta-feira";"05:15:00";"ES";101;284,4;"CARIACICA";"Pista Escorregadia";"Colisão com objeto estático";"Com Vítimas Feridas";"Amanhecer";"Decrescente";"Chuva";"Dupla";"Declive";"Não";1;0;1;0;0;0;1;1;-20,2478927;-40,3689421;"SPRF-ES";"DEL01-ES";"UOP01-DEL01-ES"
116619;2018-03-08;"quinta-feira";"05:00:00";"RS";101;41;"TERRA DE AREIA";"Condutor Dormindo";"Saída de leito carroçável";"Com Vítimas Feridas";"Plena Noite";"Decrescente";"Céu Claro";"Dupla";"Reta";"Não";3;0;2;0;0;1;2;2;-29,542553;-50,031525;"SPRF-RS";"DEL03-RS";"DEL9/3-UOP03/RS"
116620;2018-03-08;"quinta-feira";"02:30:00";"MS";163;248,5;"DOURADOS";"Falta de Atenção à Condução";"Saída de leito carroçável";"Sem Vítimas";"Plena Noite";"Decrescente";"Nublado";"Simples";"Reta";"Não";1;0;0;0;1;0;0;1;-22,319118;-54,81959134;"SPRF-MS";"DEL04-MS";"UOP01-DEL04-MS"
116621;2018-03-08;"quinta-feira";"02:00:00";"MG";381;487;"BETIM";"Falta de Atenção à Condução";"Danos eventuais";"Sem Vítimas";"Plena Noite";"Crescente";"Nublado";"Dupla";"Reta";"Sim";1;0;0;0;0;1;0;1;-19,9572;-44,1243;"SPRF-MG";"DEL01-MG";"UOP03-DEL01-MG"
116624;2018-03-08;"quinta-feira";"07:20:00";"PR";476;122,5;"CURITIBA";"Desobediência às normas de trânsito pelo condutor";"Colisão lateral";"Com Vítimas Feridas";"Pleno dia";"Decrescente";"Nublado";"Múltipla";"Reta";"Sim";2;0;1;0;1;0;1;2;-25,38877069;-49,2018199;"SPRF-PR";"DEL01-PR";"UOP01-DEL01-PR"
116627;2018-03-08;"quinta-feira";"07:00:00";"RJ";116;289,1;"BARRA MANSA";"Pista Escorregadia";"Saída de leito carroçável";"Com Vítimas Feridas";"Amanhecer";"Decrescente";"Chuva";"Simples";"Reta";"Não";1;0;1;0;0;0;1;1;-22,449371;-44,321712;"SPRF-RJ";"DEL07-RJ";"UOP02-DEL07-RJ"
116632;2018-03-08;"quinta-feira";"08:00:00";"GO";153;440,9;"ANAPOLIS";"Falta de Atenção à Condução";"Tombamento";"Com Vítimas Feridas";"Pleno dia";"Crescente";"Nublado";"Dupla";"Reta;Viaduto";"Sim";1;0;0;1;0;0;1;1;-16,306765;-48,923847;"SPRF-GO";"DEL02-GO";"UOP01-DEL02-GO"
116633;2018-03-08;"quinta-feira";"07:50:00";"RS";116;241;"NOVO HAMBURGO";"Falta de Atenção à Condução";"Colisão traseira";"Com Vítimas Feridas";"Pleno dia";"Decrescente";"Céu Claro";"Múltipla";"Reta";"Sim";4;0;1;0;3;0;1;3;-29,71179633;-51,14747044;"SPRF-RS";"DEL01-RS";"UOP02-DEL01-RS"
116635;2018-03-08;"quinta-feira";"07:52:00";"SP";116;285,5;"ITAPECERICA DA SERRA";"Falta de Atenção à Condução";"Atropelamento de Pedestre";"Com Vítimas Feridas";"Pleno dia";"Decrescente";"Chuva";"Dupla";"Reta";"Sim";2;0;1;0;1;0;1;2;-23,68980945;-46,86233282;"SPRF-SP";"DEL04-SP";"UOP01-DEL04-SP"
116636;2018-03-08;"quinta-feira";"08:12:00";"SC";101;215;"PALHOCA";"Falta de Atenção à Condução";"Colisão lateral";"Com Vítimas Feridas";"Pleno dia";"Decrescente";"Céu Claro";"Múltipla";"Aclive";"Sim";3;0;2;0;1;0;2;2;-27,6601;-48,6774;"SPRF-SC";"DEL01-SC";"UOP02-DEL01-SC"