"id";"data_inversa";"dia_semana";"horario";"uf";"br";"km";"municipio";"causa_acidente";"tipo_acidente";"classificacao_acidente";"fase_dia";"sentido_via";"condicao_metereologica";"tipo_pista";"tracado_via";"uso_solo";"pessoas";"mortos";"feridos_leves";"feridos_graves";"ilesos";"ignorados";"feridos";"veiculos";"latitude";"longitude";"regional";"delegacia";"uop"
116637;2018-03-08;"quinta-feira";"08:10:00";"SC";101;201,4;"SAO JOSE";"Falta de Atenção à Condução";"Colisão lateral";"Com Vítimas Feridas";"Pleno dia";"Crescente";"Sol";"Dupla";"Reta";"Sim";2;0;1;0;1;0;1;2;-27,5572;-48,6188;"SPRF-SC";"DEL01-SC";"UOP01-DEL01-SC"
116639;2018-03-08;"quinta-feira";"08:30:00";"RJ";116;215;"PARACAMBI";"Desobediência às normas de trânsito pelo condutor";"Colisão lateral";"Sem Vítimas";"Pleno dia";"Crescente";"Garoa/Chuvisco";"Múltipla";"Reta";"Não";1;0;0;0;1;0;0;1;-22,711451;-43,735519;"SPRF-RJ";"DEL01-RJ";"UOP03-DEL01-RJ"
116640;2018-03-08;"quinta-feira";"07:40:00";"MG";40;521;"CONTAGEM";"Velocidade Incompatível";"Colisão traseira";"Com Vítimas Feridas";"Pleno dia";"Crescente";"Céu Claro";"Dupla";"Reta";"Não";2;0;0;1;1;0;1;2;-19,8665;-44,064;"SPRF-MG";"DEL01-MG";"UOP03-DEL01-MG"
116641;2018-03-07;"quarta-feira";"17:00:00";"SP";116;304;"SAO LOURENCO DA SERRA";"Desobediência às normas de trânsito pelo condutor";"Tombamento";"Sem Vítimas";"Pleno dia";"Decrescente";"Chuva";"Dupla";"Curva";"Não";1;0;0;0;1;0;0;1;-23,87202455;-46,96380615;"SPRF-SP";"DEL04-SP";"UOP01-DEL04-SP"
116642;2018-03-08;"quinta-feira";"08:45:00";"RS";285;336;"CARAZINHO";"Não guardar distância de segurança";"Colisão traseira";"Com Vítimas Feridas";"Pleno dia";"Crescente";"Céu Claro";"Simples";"Aclive";"Sim";3;0;1;0;2;0;1;2;-28,31778;-52,759102;"SPRF-RS";"DEL08-RS";"UOP03-DEL08-RS"
116643;2018-03-08;"quinta-feira";"05:50:00";"MA";135;12,9;"SAO LUIS";"Pista Escorregadia";"Saída de leito carroçável";"Sem Vítimas";"Amanhecer";"Decrescente";"Céu Claro";"Dupla";"Aclive;Curva";"Sim";1;0;0;0;1;0;0;1;-2,5802346;-44,34972838;"SPRF-MA";"DEL01-MA";"UOP01-DEL01-MA"
116644;2018-03-08;"quinta-feira";"07:55:00";"SP";381;68;"MAIRIPORA";"Velocidade Incompatível";"Colisão com objeto estático";"Sem Vítimas";"Pleno dia";"Decrescente";"Chuva";"Dupla";"Curva";"Sim";1;0;0;0;1;0;0;1;-23,34273852;-46,57348305;"SPRF-SP";"DEL03-SP";"DEL6/3-UOP03/SP"
116649;2018-03-08;"quinta-feira";"09:10:00";"TO";153;789;"TALISMA";"Avarias e/ou desgaste excessivo no pneu";"Saída de leito carroçável";"Com Vítimas Feridas";"Pleno dia";"Crescente";"Nublado";"Simples";"Declive";"Não";2;0;1;0;1;0;1;1;-12,74428;-49,08366;"SPRF-TO";"DEL02-TO";"UOP02-DEL01-TO"
116650;2018-03-08;"quinta-feira";"08:20:00";"PA";308;10,1;"MARITUBA";"Defeito Mecânico no Veículo";"Queda de ocupante de veículo";"Com Vítimas Feridas";"Pleno dia";"Decrescente";"Sol";"Dupla";"Reta";"Sim";1;0;0;1;0;0;1;1;-1,36562469;-48,35746586;"SPRF-PA";"DEL01-PA";"DEL19/1-UOP05/PA"
116652;2018-03-08;"quinta-feira";"08:20:00";"RJ";101;307;"SAO GONCALO";"Falta de Atenção à Condução";"Colisão traseira";"Com Vítimas Feridas";"Pleno dia";"Crescente";"Chuva";"Dupla";"Reta";"Sim";2;0;1;0;1;0;1;2;-22,791161;-43,01516;"SPRF-RJ";"DEL02-RJ";"DEL5/2-UOP04/RJ"
116653;2018-03-08;"quinta-feira";"09:25:00";"MG";40;511;"RIBEIRAO DAS NEVES";"Falta de Atenção à Condução";"Saída de leito carroçável";"Com Vítimas Feridas";"Pleno dia";"Crescente";"Céu Claro";"Dupla";"Retorno Regulamentado";"Não";1;0;1;0;0;0;1;1;-19,7926;-44,1112;"SPRF-MG";"DEL01-MG";"UOP03-DEL01-MG"
116654;2018-02-03;"sábado";"18:40:00";"AL";104;93,1;"RIO LARGO";"Falta de Atenção à Condução";"Colisão traseira";"Sem Vítimas";"Plena Noite";"Crescente";"Céu Claro";"Dupla";"Reta";"Sim";3;0;0;0;2;1;0;3;-9,53092422;-35,79679638;"SPRF-AL";"DEL01-AL";"UOP01-DEL01-AL"
116657;2018-03-08;"quinta-feira";"09:30:00";"PA";316;11;"MARITUBA";"Não guardar distância de segurança";"Colisão traseira";"Com Vítimas Feridas";"Pleno dia";"Decrescente";"Sol";"Dupla";"Reta";"Sim";5;0;1;0;4;0;1;4;-1,365636;-48,358788;"SPRF-PA";"DEL01-PA";"DEL19/1-UOP05/PA"
116659;2018-03-08;"quinta-feira";"10:00:00";"RJ";116;236;"PIRAI";"Pista Escorregadia";"Colisão com objeto estático";"Sem Vítimas";"Pleno dia";"Crescente";"Chuva";"Simples";"Curva";"Sim";1;0;0;0;1;0;0;1;-22,666327;-43,84705;"SPRF-RJ";"DEL07-RJ";"UOP01-DEL07-RJ"
116660;2018-03-08;"quinta-feira";"10:05:00";"PR";369;114;"URAI";"Falta de Atenção à Condução";"Saída de leito carroçável";"Com Vítimas Feridas";"Pleno dia";"Decrescente";"Céu Claro";"Simples";"Reta";"Não";1;0;0;1;0;0;1;1;-23,2804577;-50,86120605;"SPRF-PR";"DEL07-PR";"UOP05-DEL07-PR"
116661;2018-03-08;"quinta-feira";"09:20:00";"SP";116;116,9;"TAUBATE";"Pista Escorregadia";"Tombamento";"Com Vítimas Feridas";"Pleno dia";"Crescente";"Chuva";"Dupla";"Interseção de Vias";"Não";1;0;1;0;0;0;1;1;-23,053757;-45,608791;"SPRF-SP";"DEL06-SP";"UOP02-DEL02-SP"
116665;2018-03-08;"quinta-feira";"09:15:00";"MT";163;831;"SINOP";"Falta de Atenção à Condução";"Queda de ocupante de veículo";"Com Vítimas Feridas";"Pleno dia";"Decrescente";"Céu Claro";"Dupla";"Retorno Regulamentado";"Não";1;0;1;0;0;0;1;1;-11,87810221;-55,49880981;"SPRF-MT";"DEL06-MT";"UOP01-DEL06-MT"
116669;2018-03-08;"quinta-feira";"10:20:00";"SP";381;75;"SAO PAULO";"Objeto estático sobre o leito carroçável";"Capotamento";"Sem Vítimas";"Pleno dia";"Decrescente";"Céu Claro";"Dupla";"Curva";"Não";1;0;0;0;1;0;0;1;-23,38259828;-46,56898499;"SPRF-SP";"DEL03-SP";"DEL6/3-UOP03/SP"
116670;2018-03-08;"quinta-feira";"10:00:00";"MT";364;279;"JACIARA";"Defeito Mecânico no Veículo";"Saída de leito carroçável";"Sem Vítimas";"Pleno dia";"Decrescente";"Céu Claro";"Dupla";"Curva;Declive";"Não";2;0;0;0;2;0;0;1;-15,942534;-55,014857;"SPRF-MT";"DEL02-MT";"UOP02-DEL05-MT"
116671;2018-03-08;"quinta-feira";"10:35:00";"PR";376;176,5;"MARINGA";"Falta de Atenção à Condução";"Colisão transversal";"Com Vítimas Feridas";"Pleno dia";"Decrescente";"Sol";"Dupla";"Reta";"Sim";2;0;1;0;1;0;1;2;-23,41157699;-51,93502843;"SPRF-PR";"DEL07-PR";"UOP01-DEL09-PR"
116672;2018-03-08;"quinta-feira";"10:25:00";"SC";101;212,9;"PALHOCA";"Mal Súbito";"Colisão traseira";"Com Vítimas Feridas";"Pleno dia";"Crescente";"Céu Claro";"Múltipla";"Reta";"Sim";2;0;0;1;1;0;1;2;-27,61639975;-48,64860532;"SPRF-SC";"DEL01-SC";"UOP02-DEL01-SC"
116673;2018-02-27;"terça-feira";"17:20:00";"RJ";101;314;"SAO GONCALO";"Animais na Pista";"Atropelamento de Animal";"Com Vítimas Feridas";"Pleno dia";"Crescente";"Céu Claro";"Dupla";"Reta";"Sim";1;0;1;0;0;0;1;1;-22,816507;-43,077309;"SPRF-RJ";"DEL02-RJ";"DEL5/2-UOP04/RJ"
116674;2018-03-08;"quinta-feira";"09:40:00";"BA";242;572;"OLIVEIRA DOS BREJINHOS";"Pista Escorregadia";"Saída de leito carroçável";"Com Vítimas Fatais";"Pleno dia";"Crescente";"Chuva";"Simples";"Curva";"Não";4;2;1;0;1;0;1;1;-12;-43;"SPRF-BA";"DEL10-BA";"UOP03-DEL06-BA"
116675;2018-03-08;"quinta-feira";"09:45:00";"MG";116;442,1;"ENGENHEIRO CALDAS";"Falta de Atenção à Condução";"Saída de leito carroçável";"Com Vítimas Feridas";"Pleno dia";"Crescente";"Céu Claro";"Simples";"Curva";"Não";1;0;1;0;0;0;1;1;-19,085945;-41,998007;"SPRF-MG";"DEL06-MG";"UOP02-DEL06-MG"
116676;2018-02-18;"domingo";"22:05:00";"PB";230;392;"SAO BENTINHO";"Pista Escorregadia";"Capotamento";"Sem Vítimas";"Plena Noite";"Decrescente";"Chuva";"Simples";"Curva";"Não";1;0;0;0;1;0;0;1;-6,8856;-37,7321;"SPRF-PB";"DEL03-PB";"UOP02-DEL03-PB"
116677;2018-03-08;"quinta-feira";"10:00:00";"PB";230;160;"CAMPINA GRANDE";"Desobediência às normas de trânsito pelo condutor";"Colisão transversal";"Com Vítimas Feridas";"Pleno dia";"Decrescente";"Céu Claro";"Simples";"Reta";"Não";2;0;1;0;1;0;1;2;-7,24532217;-35,93833923;"SPRF-PB";"DEL02-PB";"UOP01-DEL02-PB"
116678;2018-03-08;"quinta-feira";"10:30:00";"PE";232;9;"RECIFE";"Falta de Atenção à Condução";"Colisão lateral";"Com Vítimas Feridas";"Pleno dia";"Crescente";"Céu Claro";"Simples";"Interseção de Vias";"Sim";2;0;1;0;1;0;1;2;-8,077656;-34,978714;"SPRF-PE";"DEL01-PE";"UOP01-DEL01-PE"
116680;2018-03-08;"quinta-feira";"11:10:00";"PR";153;24;"JACAREZINHO";"Desobediência às normas de trânsito pelo condutor";"Colisão transversal";"Sem Vítimas";"Pleno dia";"Crescente";"Céu Claro";"Simples";"Rotatória";"Não";2;0;0;0;2;0;0;2;-23,183662;-49,982449;"SPRF-PR";"DEL07-PR";"UOP04-DEL07-PR"
116682;2018-03-08;"quinta-feira";"10:50:00";"PA";316;143;"BONITO";"Pista Escorregadia";"Capotamento";"Com Vítimas Feridas";"Pleno dia";"Crescente";"Chuva";"Simples";"Reta";"Não";3;0;2;1;0;0;3;1;-1,261387;-47,267429;"SPRF-PA";"DEL01-PA";"UOP03-DEL01-PA"
116683;2018-03-08;"quinta-feira";"08:50:00";"RO";364;465,1;"CACAULANDIA";"Defeito na Via";"Colisão traseira";"Com Vítimas Feridas";"Pleno dia";"Crescente";"Céu Claro";"Simples";"Reta";"Não";4;0;2;0;2;0;2;2;-10,217354;-62,769939;"SPRF-RO";"DEL03-RO";"UOP01-DEL03-RO"
116684;2018-03-08;"quinta-feira";"08:40:00";"RJ";116;295,3;"PORTO REAL";"Avarias e/ou desgaste excessivo no pneu";"Saída de leito carroçável";"Sem Vítimas";"Pleno dia";"Crescente";"Chuva";"Dupla";"Reta";"Não";1;0;0;0;1;0;0;1;-22,45799025;-44,34695725;"SPRF-RJ";"DEL07-RJ";"DEL5/7-UOP03/RJ"
116685;2018-03-08;"quinta-feira";"07:40:00";"RJ";101;314,8;"SAO GONCALO";"Não guardar distância de segurança";"Engavetamento";"Com Vítimas Feridas";"Pleno dia";"Crescente";"Céu Claro";"Dupla";"Reta";"Não";11;0;7;0;4;0;7;4;-22,816507;-43,077309;"SPRF-RJ";"DEL02-RJ";"DEL5/2-UOP04/RJ"
116686;2018-03-08;"quinta-feira";"11:55:00";"RS";153;48,1;"ERECHIM";"Falta de Atenção à Condução";"Colisão traseira";"Com Vítimas Feridas";"Pleno dia";"Decrescente";"Céu Claro";"Simples";"Reta";"Sim";3;0;1;0;2;0;1;2;-27,651188;-52,257259;"SPRF-RS";"DEL08-RS";"UOP04-DEL08-RS"
116687;2018-03-08;"quinta-feira";"10:30:00";"RN";101;73,6;"SAO GONCALO DO AMARANTE";"Desobediência às normas de trânsito pelo condutor";"Colisão traseira";"Com Vítimas Feridas";"Pleno dia";"Decrescente";"Céu Claro";"Simples";"Reta";"Não";2;0;1;0;1;0;1;2;-5,71148577;-35,2704075;"SPRF-RN";"DEL02-RN";"UOP01-DEL02-RN"
116699;2018-03-08;"quinta-feira";"13:45:00";"RJ";101;109;"CAMPOS DOS GOYTACAZES";"Pista Escorregadia";"Colisão com objeto estático";"Sem Vítimas";"Pleno dia";"Decrescente";"Chuva";"Dupla";"Reta";"Não";1;0;0;0;1;0;0;1;-21,948124;-41,637321;"SPRF-RJ";"DEL08-RJ";"UOP02-DEL08-RJ"
116700;2018-03-08;"quinta-feira";"13:30:00";"RN";101;116,3;"SAO JOSE DE MIPIBU";"Falta de Atenção à Condução";"Colisão traseira";"Com Vítimas Feridas";"Pleno dia";"Crescente";"Céu Claro";"Dupla";"Retorno Regulamentado";"Não";2;0;1;0;1;0;1;2;-6,00131806;-35,25959183;"SPRF-RN";"DEL01-RN";"UOP01-DEL01-RN"
116701;2018-03-08;"quinta-feira";"12:20:00";"MS";60;399,8;"SIDROLANDIA";"Mal Súbito";"Saída de leito carroçável";"Com Vítimas Feridas";"Pleno dia";"Decrescente";"Sol";"Simples";"Reta";"Não";1;0;1;0;0;0;1;1;-20,89555;-54,865681;"SPRF-MS";"DEL01-MS";"UOP04-DEL01-MS"
116703;2018-03-08;"quinta-feira";"12:50:00";"BA";324;511,6;"FEIRA DE SANTANA";"Desobediência às normas de trânsito pelo condutor";"Colisão transversal";"Com Vítimas Feridas";"Pleno dia";"Crescente";"Céu Claro";"Dupla";"Reta";"Sim";2;0;1;0;1;0;1;2;-12,23140709;-38,95923615;"SPRF-BA";"DEL02-BA";"UOP01-DEL02-BA"
116704;2018-03-08;"quinta-feira";"13:50:00";"SC";101;216;"PALHOCA";"Falta de Atenção à Condução";"Colisão transversal";"Com Vítimas Feridas";"Pleno dia";"Decrescente";"Céu Claro";"Dupla";"Reta";"Não";3;0;3;0;0;0;3;2;-27,659815;-48,677479;"SPRF-SC";"DEL01-SC";"UOP02-DEL01-SC"
116705;2018-03-08;"quinta-feira";"13:50:00";"SP";101;49,4;"UBATUBA";"Ultrapassagem Indevida";"Colisão transversal";"Com Vítimas Feridas";"Pleno dia";"Decrescente";"Céu Claro";"Simples";"Interseção de Vias";"Sim";3;0;1;0;2;0;1;2;-23,44944365;-45,07829636;"SPRF-SP";"DEL06-SP";"UOP01-DEL06-SP"
116707;2018-03-08;"quinta-feira";"13:40:00";"GO";60;72;"ABADIANIA";"Pista Escorregadia";"Saída de leito carroçável";"Com Vítimas Feridas";"Pleno dia";"Crescente";"Chuva";"Dupla";"Reta";"Não";3;0;1;0;2;0;1;1;-16,2636;-48,764;"SPRF-GO";"DEL02-GO";"UOP01-DEL02-GO"
116708;2018-03-08;"quinta-feira";"13:40:00";"RS";470;176;"VERANOPOLIS";"Desobediência às normas de trânsito pelo condutor";"Colisão transversal";"Com Vítimas Feridas";"Pleno dia";"Decrescente";"Céu Claro";"Simples";"Reta";"Sim";3;0;1;0;2;0;1;2;-28,93219065;-51,5416798;"SPRF-RS";"DEL06-RS";"UOP02-DEL06-RS"
116709;2018-03-08;"quinta-feira";"13:40:00";"SC";101;207,9;"SAO JOSE";"Falta de Atenção à Condução";"Colisão lateral";"Com Vítimas Feridas";"Pleno dia";"Crescente";"Sol";"Dupla";"Curva";"Sim";3;0;0;1;2;0;1;3;-27,6078735;-48,64049834;"SPRF-SC";"DEL01-SC";"UOP01-DEL01-SC"
116713;2018-03-08;"quinta-feira";"14:00:00";"RJ";116;50;"TERESOPOLIS";"Falta de Atenção à Condução";"Colisão traseira";"Com Vítimas Feridas";"Pleno dia";"Crescente";"Nublado";"Simples";"Declive;Reta";"Não";3;0;1;0;2;0;1;2;-22,183947;-42,854172;"SPRF-RJ";"DEL04-RJ";"UOP01-DEL04-RJ"
116714;2018-03-08;"quinta-feira";"13:55:00";"RJ";40;56,5;"PETROPOLIS";"Pista Escorregadia";"Saída de leito carroçável";"Com Vítimas Fatais";"Pleno dia";"Crescente";"Chuva";"Dupla";"Curva";"Não";1;1;0;0;0;0;0;1;-22,36523711;-43,12798977;"SPRF-RJ";"DEL06-RJ";"UOP01-DEL06-RJ"
116715;2018-03-08;"quinta-feira";"13:00:00";"CE";222;134,4;"ITAPAJE";"Defeito Mecânico no Veículo";"Incêndio";"Sem Vítimas";"Pleno dia";"Crescente";"Céu Claro";"Simples";"Reta";"Não";5;0;0;0;5;0;0;1;-3,71489323;-39,64004517;"SPRF-CE";"DEL04-CE";"UOP03-DEL04-CE"
116716;2018-03-08;"quinta-feira";"09:30:00";"RO";364;425;"JARU";"Falta de Atenção à Condução";"Colisão lateral";"Sem Vítimas";"Pleno dia";"Crescente";"Céu Claro";"Simples";"Interseção de Vias";"Não";2;0;0;0;2;0;0;2;-10,4413;-62,4681;"SPRF-RO";"DEL03-RO";"UOP02-DEL03-RO"
116720;2018-03-08;"quinta-feira";"11:30:00";"MG";381;599,8;"CARMOPOLIS DE MINAS";"Velocidade Incompatível";"Saída de leito carroçável";"Com Vítimas Feridas";"Pleno dia";"Decrescente";"Céu Claro";"Dupla";"Reta";"Não";3;0;2;0;1;0;2;1;-20,6024;-44,719;"SPRF-MG";"DEL04-MG";"UOP01-DEL04-MG"
116721;2018-03-08;"quinta-feira";"10:58:00";"MG";381;606,5;"OLIVEIRA";"Condutor Dormindo";"Saída de leito carroçável";"Com Vítimas Feridas";"Pleno dia";"Decrescente";"Céu Claro";"Dupla";"Curva";"Não";4;0;3;0;1;0;3;1;-20,6525;-44,7356;"SPRF-MG";"DEL04-MG";"UOP01-DEL04-MG"
116723;2018-03-08;"quinta-feira";"14:00:00";"GO";60;56,4;"ABADIANIA";"Pista Escorregadia";"Saída de leito carroçável";"Sem Vítimas";"Pleno dia";"Crescente";"Chuva";"Dupla";"Curva";"Não";1;0;0;0;1;0;0;1;-16,19089598;-48,67462635;"SPRF-GO";"DEL02-GO";"UOP01-DEL02-GO"
116724;2018-03-08;"quinta-feira";"13:50:00";"RJ";101;109;"CAMPOS DOS GOYTACAZES";"Pista Escorregadia";"Colisão com objeto estático";"Com Vítimas Feridas";"Pleno dia";"Decrescente";"Chuva";"Dupla";"Reta";"Não";1;0;1;0;0;0;1;1;-21,948124;-41,637321;"SPRF-RJ";"DEL08-RJ";"UOP02-DEL08-RJ"
116727;2018-03-08;"quinta-feira";"11:50:00";"SP";116;489;"CAJATI";"Falta de Atenção à Condução";"Colisão transversal";"Com Vítimas Feridas";"Pleno dia";"Crescente";"Céu Claro";"Simples";"Interseção de Vias";"Sim";2;0;1;0;0;1;1;2;-24,73033976;-48,10836794;"SPRF-SP";"DEL05-SP";"UAP01-DEL05-SP"
116730;2018-01-12;"sexta-feira";"14:15:00";"PB";230;19;"JOAO PESSOA";"Ingestão de Álcool";"Colisão lateral";"Com Vítimas Feridas";"Pleno dia";"Decrescente";"Céu Claro";"Dupla";"Reta";"Sim";2;0;1;0;1;0;1;2;-7,12861011;-34,84753579;"SPRF-PB";"DEL01-PB";"UOP01-DEL01-PB"
116733;2018-03-08;"quinta-feira";"15:20:00";"RS";116;523,5;"PELOTAS";"Pista Escorregadia";"Colisão com objeto estático";"Sem Vítimas";"Pleno dia";"Crescente";"Sol";"Simples";"Aclive";"Não";1;0;0;0;1;0;0;1;-31,7293352;-52,38830566;"SPRF-RS";"DEL07-RS";"UOP01-DEL07-RS"
116734;2018-03-08;"quinta-feira";"14:13:00";"RO";364;343;"JI-PARANA";"Falta de Atenção à Condução";"Atropelamento de Pedestre";"Com Vítimas Feridas";"Pleno dia";"Decrescente";"Céu Claro";"Dupla";"Reta";"Sim";3;0;0;1;2;0;1;2;-10,87787432;-61,94922226;"SPRF-RO";"DEL02-RO";"UOP01-DEL02-RO"
116735;2018-03-08;"quinta-feira";"14:00:00";"MT";364;522;"ROSARIO OESTE";"Avarias e/ou desgaste excessivo no pneu";"Saída de leito carroçável";"Com Vítimas Feridas";"Pleno dia";"Crescente";"Nublado";"Simples";"Reta";"Não";2;0;1;0;1;0;1;1;-14,999528;-56,516826;"SPRF-MT";"DEL01-MT";"DEL2/4-UOP02/MT"
116736;2018-03-08;"quinta-feira";"15:30:00";"PR";277;513,9;"GUARANIACU";"Velocidade Incompatível";"Saída de leito carroçável";"Sem Vítimas";"Pleno dia";"Crescente";"Céu Claro";"Simples";"Curva";"Não";1;0;0;0;1;0;0;1;-25,11295847;-52,83050537;"SPRF-PR";"DEL04-PR";"UOP04-DEL04-PR"
116737;2018-03-08;"quinta-feira";"15:30:00";"RJ";116;295,6;"PORTO REAL";"Fenômenos da Natureza";"Capotamento";"Com Vítimas Feridas";"Pleno dia";"Crescente";"Chuva";"Dupla";"Reta";"Não";1;0;1;0;0;0;1;1;-22,449371;-44,321712;"SPRF-RJ";"DEL07-RJ";"DEL5/7-UOP03/RJ"
116739;2018-03-08;"quinta-feira";"14:55:00";"PA";308;9;"ANAJAS";"Falta de Atenção à Condução";"Colisão lateral";"Com Vítimas Feridas";"Pleno dia";"Decrescente";"Céu Claro";"Dupla";"Reta";"Sim";2;0;1;0;0;1;1;2;-0,70310735;-49,5703125;"SPRF-PA";"DEL01-PA";"DEL19/1-UOP05/PA"
116742;2018-03-08;"quinta-feira";"15:00:00";"MT";364;203,5;"RONDONOPOLIS";"Falta de Atenção à Condução";"Colisão traseira";"Com Vítimas Feridas";"Pleno dia";"Decrescente";"Céu Claro";"Dupla";"Reta";"Sim";2;0;1;0;1;0;1;2;-16,475554;-54,653446;"SPRF-MT";"DEL02-MT";"UOP01-DEL02-MT"
116746;2018-03-08;"quinta-feira";"16:40:00";"SC";101;203,1;"SAO JOSE";"Falta de Atenção à Condução";"Colisão lateral";"Sem Vítimas";"Pleno dia";"Decrescente";"Nublado";"Múltipla";"Reta";"Sim";2;0;0;0;2;0;0;2;-27,5742;-48,6134;"SPRF-SC";"DEL01-SC";"UOP01-DEL01-SC"
116747;2018-03-08;"quinta-feira";"15:45:00";"SP";116;114;"TAUBATE";"Não guardar distância de segurança";"Colisão traseira";"Com Vítimas Feridas";"Pleno dia";"Decrescente";"Nublado";"Dupla";"Reta";"Não";2;0;1;0;1;0;1;2;-23,046539;-45,590172;"SPRF-SP";"DEL06-SP";"UOP02-DEL02-SP"
116750;2018-03-08;"quinta-feira";"16:55:00";"MG";50;6;"UBERLANDIA";"Avarias e/ou desgaste excessivo no pneu";"Saída de leito carroçável";"Sem Vítimas";"Pleno dia";"Decrescente";"Chuva";"Dupla";"Curva";"Não";1;0;0;0;1;0;0;1;-18,86730591;-48,21212769;"SPRF-MG";"DEL15-MG";"UOP02-DEL15-MG"
116751;2018-03-08;"quinta-feira";"15:45:00";"MG";267;127;"JUIZ DE FORA";"Velocidade Incompatível";"Saída de leito carroçável";"Sem Vítimas";"Pleno dia";"Decrescente";"Chuva";"Simples";"Curva";"Não";1;0;0;0;1;0;0;1;-21,771578;-43,29119;"SPRF-MG";"DEL05-MG";"UOP01-DEL05-MG"
116752;2018-03-08;"quinta-feira";"16:40:00";"SP";116;218;"SAO JOSE DOS CAMPOS";"Pista Escorregadia";"Tombamento";"Com Vítimas Feridas";"Pleno dia";"Decrescente";"Garoa/Chuvisco";"Múltipla";"Reta;Interseção de Vias;Aclive";"Sim";1;0;1;0;0;0;1;1;-23,219809;-45,899918;"SPRF-SP";"DEL01-SP";"UOP01-DEL01-SP"
116753;2018-03-08;"quinta-feira";"15:20:00";"RR";401;1,7;"BOA VISTA";"Mal Súbito";"Tombamento";"Com Vítimas Feridas";"Pleno dia";"Decrescente";"Céu Claro";"Simples";"Reta";"Não";1;0;1;0;0;0;1;1;2,796989;-60,672448;"SPRF-RR";"DEL01-RR";"UOP01-DEL01-RR"
116755;2018-03-08;"quinta-feira";"17:05:00";"MG";381;532;"ITATIAIUCU";"Falta de Atenção à Condução";"Saída de leito carroçável";"Com Vítimas Feridas";"Pleno dia";"Crescente";"Garoa/Chuvisco";"Dupla";"Curva";"Não";1;0;1;0;0;0;1;1;-20,1709;-44,3729;"SPRF-MG";"DEL04-MG";"UOP03-DEL04-MG"
116756;2018-03-08;"quinta-feira";"17:00:00";"BA";324;625;"SALVADOR";"Falta de Atenção à Condução";"Colisão lateral";"Com Vítimas Feridas";"Pleno dia";"Crescente";"Sol";"Dupla";"Interseção de Vias";"Sim";2;0;1;0;1;0;1;2;-12,95179844;-38,47130585;"SPRF-BA";"DEL01-BA";"UOP01-DEL01-BA"
116757;2018-03-08;"quinta-feira";"16:25:00";"PB";101;0,5;"MATARACA";"Defeito Mecânico no Veículo";"Incêndio";"Sem Vítimas";"Pleno dia";"Crescente";"Sol";"Dupla";"Reta";"Não";2;0;0;0;2;0;0;1;-6,518;-35,1118;"SPRF-PB";"DEL01-PB";"UOP04-DEL01-PB"
116759;2018-02-12;"segunda-feira";"05:50:00";"MG";267;214,1;"BOM JARDIM DE MINAS";"Animais na Pista";"Saída de leito carroçável";"Com Vítimas Feridas";"Plena Noite";"Crescente";"Nublado";"Simples";"Reta";"Não";6;0;6;0;0;0;6;1;-21,948;-44,129;"SPRF-MG";"DEL05-MG";"DEL5/4-UOP01/MG"
116761;2018-03-08;"quinta-feira";"15:40:00";"SC";101;103,5;"BALNEARIO PICARRAS";"Falta de Atenção à Condução";"Colisão com objeto estático";"Sem Vítimas";"Pleno dia";"Crescente";"Nublado";"Dupla";"Reta";"Não";1;0;0;0;1;0;0;1;-26,80166199;-48,67744443;"SPRF-SC";"DEL03-SC";"UOP02-DEL03-SC"
116762;2018-03-08;"quinta-feira";"17:50:00";"RS";116;148,7;"CAXIAS DO SUL";"Falta de Atenção do Pedestre";"Atropelamento de Pedestre";"Com Vítimas Feridas";"Pleno dia";"Crescente";"Céu Claro";"Dupla";"Curva";"Sim";3;0;1;0;1;1;1;2;-29,15444;-51,151005;"SPRF-RS";"DEL05-RS";"UOP01-DEL05-RS"
116764;2018-03-08;"quinta-feira";"17:20:00";"RN";101;85,6;"NATAL";"Falta de Atenção à Condução";"Colisão traseira";"Com Vítimas Feridas";"Anoitecer";"Crescente";"Céu Claro";"Dupla";"Ponte";"Sim";3;0;2;0;1;0;2;3;-5,783276;-35,2471306;"SPRF-RN";"DEL02-RN";"UOP01-DEL02-RN"
116766;2018-03-08;"quinta-feira";"18:10:00";"MG";381;788,9;"SAO GONCALO DO SAPUCAI";"Pista Escorregadia";"Saída de leito carroçável";"Sem Vítimas";"Anoitecer";"Crescente";"Chuva";"Dupla";"Curva";"Não";4;0;0;0;4;0;0;1;-21,86989746;-45,53841859;"SPRF-MG";"DEL16-MG";"UOP02-DEL16-MG"
116767;2018-03-08;"quinta-feira";"17:50:00";"GO";60;100;"ANAPOLIS";"Falta de Atenção à Condução";"Colisão traseira";"Com Vítimas Feridas";"Pleno dia";"Decrescente";"Céu Claro";"Dupla";"Rotatória";"Não";3;0;1;0;1;1;1;2;-16,3979;-48,9664;"SPRF-GO";"DEL02-GO";"UOP01-DEL02-GO"
116768;2018-03-08;"quinta-feira";"17:50:00";"RS";116;267,8;"CANOAS";"Não guardar distância de segurança";"Colisão lateral";"Com Vítimas Feridas";"Pleno dia";"Decrescente";"Céu Claro";"Múltipla";"Reta";"Sim";2;0;1;0;1;0;1;2;-29,9439976;-51,17676342;"SPRF-RS";"DEL01-RS";"UOP01-DEL01-RS"
116769;2018-03-08;"quinta-feira";"17:45:00";"RS";116;256,8;"ESTEIO";"Falta de Atenção à Condução";"Colisão lateral";"Com Vítimas Feridas";"Anoitecer";"Crescente";"Céu Claro";"Dupla";"Reta";"Sim";2;0;1;0;1;0;1;2;-29,85101526;-51,17939115;"SPRF-RS";"DEL01-RS";"UOP02-DEL01-RS"