"id";"data_inversa";"dia_semana";"horario";"uf";"br";"km";"municipio";"causa_acidente";"tipo_acidente";"classificacao_acidente";"fase_dia";"sentido_via";"condicao_metereologica";"tipo_pista";"tracado_via";"uso_solo";"pessoas";"mortos";"feridos_leves";"feridos_graves";"ilesos";"ignorados";"feridos";"veiculos";"latitude";"longitude";"regional";"delegacia";"uop"
116770;2018-03-08;"quinta-feira";"18:00:00";"RS";158;196,2;"CRUZ ALTA";"Restrição de Visibilidade";"Colisão transversal";"Com Vítimas Feridas";"Pleno dia";"Decrescente";"Céu Claro";"Simples";"Rotatória";"Sim";2;0;1;0;1;0;1;2;-28,652655;-53,583588;"SPRF-RS";"DEL10-RS";"UOP02-DEL10-RS"
116771;2018-03-08;"quinta-feira";"18:25:00";"MA";10;249;"IMPERATRIZ";"Não guardar distância de segurança";"Colisão traseira";"Com Vítimas Feridas";"Plena Noite";"Decrescente";"Nublado";"Simples";"Reta";"Sim";3;0;2;0;1;0;2;2;-5,558508;-47,45417;"SPRF-MA";"DEL04-MA";"UOP01-DEL04-MA"
116773;2018-03-08;"quinta-feira";"18:22:00";"RS";116;268;"CANOAS";"Falta de Atenção à Condução";"Colisão transversal";"Sem Vítimas";"Pleno dia";"Decrescente";"Céu Claro";"Dupla";"Reta";"Sim";1;0;0;0;1;0;0;1;-29,94590805;-51,17687071;"SPRF-RS";"DEL01-RS";"UOP01-DEL01-RS"
116775;2018-03-08;"quinta-feira";"18:45:00";"SC";280;35,7;"ARAQUARI";"Falta de Atenção à Condução";"Colisão transversal";"Com Vítimas Feridas";"Plena Noite";"Crescente";"Céu Claro";"Simples";"Reta";"Não";4;0;1;0;3;0;1;2;-26,43972064;-48,80725622;"SPRF-SC";"DEL03-SC";"UOP03-DEL03-SC"
116776;2018-03-08;"quinta-feira";"17:20:00";"MT";364;400,2;"CUIABA";"Falta de Atenção à Condução";"Colisão transversal";"Com Vítimas Feridas";"Anoitecer";"Decrescente";"Céu Claro";"Simples";"Rotatória";"Sim";3;0;1;0;2;0;1;2;-15,675622;-55,938293;"SPRF-MT";"DEL02-MT";"UOP02-DEL01-MT"
116778;2018-03-08;"quinta-feira";"18:30:00";"ES";262;107;"VENDA NOVA DO IMIGRANTE";"Restrição de Visibilidade";"Saída de leito carroçável";"Com Vítimas Feridas";"Plena Noite";"Decrescente";"Chuva";"Simples";"Reta";"Sim";1;0;0;1;0;0;1;1;-20,33232014;-41,15877575;"SPRF-ES";"DEL01-ES";"UOP02-DEL01-ES"
116779;2018-01-17;"quarta-feira";"20:25:00";"PR";277;592,6;"CASCAVEL";"Falta de Atenção à Condução";"Atropelamento de Pedestre";"Com Vítimas Feridas";"Plena Noite";"Decrescente";"Céu Claro";"Simples";"Declive";"Sim";2;0;0;1;0;1;1;2;-24,98183066;-53,47660005;"SPRF-PR";"DEL04-PR";"UOP01-DEL04-PR"
116781;2018-03-08;"quinta-feira";"17:40:00";"PE";101;97,9;"CABO DE SANTO AGOSTINHO";"Falta de Atenção à Condução";"Capotamento";"Com Vítimas Feridas";"Anoitecer";"Crescente";"Céu Claro";"Dupla";"Reta";"Não";1;0;1;0;0;0;1;1;-8,25737167;-35,04112959;"SPRF-PE";"DEL01-PE";"UOP03-DEL01-PE"
116783;2018-03-08;"quinta-feira";"18:28:00";"MG";381;486;"BETIM";"Falta de Atenção à Condução";"Engavetamento";"Com Vítimas Feridas";"Plena Noite";"Decrescente";"Nublado";"Dupla";"Reta";"Sim";4;0;2;0;2;0;2;3;-19,9554;-44,1157;"SPRF-MG";"DEL01-MG";"UOP03-DEL01-MG"
116784;2018-03-08;"quinta-feira";"19:20:00";"GO";40;2,9;"VALPARAISO DE GOIAS";"Não guardar distância de segurança";"Saída de leito carroçável";"Sem Vítimas";"Plena Noite";"Decrescente";"Chuva";"Dupla";"Reta";"Sim";1;0;0;0;1;0;0;1;-16,0862218;-47,986322;"SPRF-DF";"DEL01-DF";"UOP01-DEL01-DF"
116785;2018-03-08;"quinta-feira";"19:10:00";"PR";277;723;"FOZ DO IGUACU";"Falta de Atenção à Condução";"Colisão transversal";"Com Vítimas Feridas";"Anoitecer";"Decrescente";"Céu Claro";"Dupla";"Retorno Regulamentado";"Sim";2;0;0;1;1;0;1;2;-25,498783;-54,529865;"SPRF-PR";"DEL05-PR";"UOP01-DEL05-PR"
116787;2018-03-08;"quinta-feira";"19:30:00";"RS";116;527,8;"CAPAO DO LEAO";"Falta de Atenção à Condução";"Colisão lateral";"Com Vítimas Feridas";"Plena Noite";"Crescente";"Céu Claro";"Simples";"Reta";"Não";2;0;2;0;0;0;2;2;-31,74918977;-52,41851807;"SPRF-RS";"DEL07-RS";"UOP01-DEL07-RS"
116788;2018-03-08;"quinta-feira";"17:45:00";"MG";116;771,2;"LEOPOLDINA";"Mal Súbito";"Colisão frontal";"Com Vítimas Feridas";"Anoitecer";"Crescente";"Nublado";"Simples";"Curva";"Não";2;0;2;0;0;0;2;2;-21,5410415;-42,6538058;"SPRF-MG";"DEL07-MG";"UOP01-DEL07-MG"
116789;2018-03-08;"quinta-feira";"18:40:00";"MS";163;478,3;"CAMPO GRANDE";"Falta de Atenção à Condução";"Colisão transversal";"Com Vítimas Feridas";"Plena Noite";"Decrescente";"Nublado";"Simples";"Reta";"Sim";2;0;1;0;1;0;1;2;-20,4808586;-54,55944121;"SPRF-MS";"DEL01-MS";"UOP01-DEL01-MS"
116792;2018-03-08;"quinta-feira";"19:10:00";"SC";101;337,5;"TUBARAO";"Falta de Atenção à Condução";"Tombamento";"Com Vítimas Feridas";"Plena Noite";"Decrescente";"Céu Claro";"Dupla";"Declive";"Sim";1;0;1;0;0;0;1;1;-28,48383544;-49,03559268;"SPRF-SC";"DEL02-SC";"UOP01-DEL02-SC"
116793;2018-03-08;"quinta-feira";"18:30:00";"MA";316;612;"TIMON";"Falta de Atenção à Condução";"Colisão frontal";"Com Vítimas Feridas";"Plena Noite";"Crescente";"Céu Claro";"Múltipla";"Reta";"Não";3;0;0;1;2;0;1;2;-5,075141;-42,859455;"SPRF-MA";"DEL03-MA";"UOP02-DEL03-MA"
116794;2018-03-08;"quinta-feira";"18:15:00";"RS";468;107,9;"TRES PASSOS";"Desobediência às normas de trânsito pelo condutor";"Colisão transversal";"Com Vítimas Feridas";"Pleno dia";"Decrescente";"Céu Claro";"Simples";"Interseção de Vias;Curva";"Não";2;0;2;0;0;0;2;2;-27,429918;-53,954441;"SPRF-RS";"DEL08-RS";"UOP02-DEL08-RS"
116795;2018-03-08;"quinta-feira";"19:08:00";"SP";116;222,8;"GUARULHOS";"Desobediência às normas de trânsito pelo condutor";"Colisão lateral";"Com Vítimas Feridas";"Plena Noite";"Crescente";"Garoa/Chuvisco";"Múltipla";"Reta";"Sim";3;0;1;0;2;0;1;2;-23,47629;-46,52649254;"SPRF-SP";"DEL01-SP";"UOP01-DEL01-SP"
116799;2018-03-08;"quinta-feira";"17:00:00";"MG";365;776;"ITUIUTABA";"Desobediência às normas de trânsito pelo condutor";"Colisão lateral";"Com Vítimas Fatais";"Pleno dia";"Decrescente";"Chuva";"Simples";"Declive";"Não";2;1;0;1;0;0;1;2;-18,958845;-49,660732;"SPRF-MG";"DEL15-MG";"UOP03-DEL15-MG"
116801;2018-03-08;"quinta-feira";"20:00:00";"RJ";116;214;"SEROPEDICA";"Falta de Atenção à Condução";"Colisão com objeto estático";"Sem Vítimas";"Plena Noite";"Decrescente";"Chuva";"Dupla";"Curva";"Sim";1;0;0;0;1;0;0;1;-22,69765408;-43,76678467;"SPRF-RJ";"DEL01-RJ";"UOP03-DEL01-RJ"
116802;2018-03-08;"quinta-feira";"19:30:00";"PR";158;517;"PATO BRANCO";"Falta de Atenção à Condução";"Colisão transversal";"Com Vítimas Feridas";"Plena Noite";"Decrescente";"Céu Claro";"Simples";"Reta";"Não";5;0;2;0;3;0;2;2;-26,18255351;-52,66433716;"SPRF-PR";"DEL02-PR";"UOP01-DEL02-PR"
116803;2018-03-08;"quinta-feira";"19:55:00";"MS";262;326;"CAMPO GRANDE";"Desobediência às normas de trânsito pelo condutor";"Colisão lateral";"Sem Vítimas";"Plena Noite";"Decrescente";"Céu Claro";"Simples";"Reta";"Sim";2;0;0;0;2;0;0;2;-20,46860636;-54,53467813;"SPRF-MS";"DEL01-MS";"UOP01-DEL01-MS"
116804;2018-03-08;"quinta-feira";"20:00:00";"CE";20;412;"CAUCAIA";"Falta de Atenção à Condução";"Colisão transversal";"Com Vítimas Feridas";"Plena Noite";"Decrescente";"Garoa/Chuvisco";"Simples";"Reta";"Sim";2;0;0;1;1;0;1;2;-3,76999;-38,670063;"SPRF-CE";"DEL01-CE";"UOP01-DEL01-CE"
116805;2018-03-08;"quinta-feira";"21:00:00";"SC";470;68;"INDAIAL";"Sinalização da via insuficiente ou inadequada";"Colisão com objeto estático";"Com Vítimas Feridas";"Plena Noite";"Decrescente";"Nublado";"Simples";"Rotatória";"Sim";1;0;1;0;0;0;1;1;-26,87;-49,22722;"SPRF-SC";"DEL04-SC";"UOP01-DEL04-SC"
116806;2018-03-08;"quinta-feira";"17:45:00";"MG";40;41,1;"PARACATU";"Falta de Atenção à Condução";"Saída de leito carroçável";"Com Vítimas Feridas";"Anoitecer";"Decrescente";"Ignorado";"Simples";"Reta";"Não";1;0;1;0;0;0;1;1;-17,212667;-46,872986;"SPRF-MG";"DEL14-MG";"UOP01-DEL14-MG"
116807;2018-03-08;"quinta-feira";"18:30:00";"MT";70;514;"VARZEA GRANDE";"Desobediência às normas de trânsito pelo condutor";"Colisão transversal";"Com Vítimas Feridas";"Plena Noite";"Crescente";"Céu Claro";"Simples";"Reta";"Sim";2;0;0;1;1;0;1;2;-15,70611;-56,13369;"SPRF-MT";"DEL01-MT";"DEL2/4-UOP02/MT"
116808;2018-03-08;"quinta-feira";"20:50:00";"PE";101;28;"IGARASSU";"Pista Escorregadia";"Saída de leito carroçável";"Sem Vítimas";"Plena Noite";"Crescente";"Céu Claro";"Dupla";"Curva";"Não";1;0;0;0;1;0;0;1;-7,7305;-34,9413;"SPRF-PE";"DEL01-PE";"UOP02-DEL01-PE"
116809;2018-03-08;"quinta-feira";"20:00:00";"PE";101;69;"RECIFE";"Falta de Atenção à Condução";"Colisão lateral";"Com Vítimas Feridas";"Plena Noite";"Crescente";"Nublado";"Dupla";"Reta";"Sim";1;0;1;0;0;0;1;1;-8,05988824;-34,94598627;"SPRF-PE";"DEL01-PE";"UOP01-DEL01-PE"
116811;2018-03-08;"quinta-feira";"20:20:00";"MT";364;255;"JUSCIMEIRA";"Falta de Atenção à Condução";"Colisão traseira";"Com Vítimas Feridas";"Plena Noite";"Crescente";"Céu Claro";"Simples";"Reta";"Não";4;0;3;0;1;0;3;1;-16,09307828;-54,87190247;"SPRF-MT";"DEL02-MT";"UOP01-DEL02-MT"
116812;2018-03-08;"quinta-feira";"21:20:00";"PR";476;122;"PINHAIS";"Falta de Atenção à Condução";"Colisão frontal";"Com Vítimas Feridas";"Plena Noite";"Decrescente";"Céu Claro";"Dupla";"Reta";"Sim";2;0;1;0;1;0;1;2;-25,385775;-49,203377;"SPRF-PR";"DEL01-PR";"UOP01-DEL01-PR"
116816;2018-03-08;"quinta-feira";"21:20:00";"MS";262;428,9;"TERENOS";"Animais na Pista";"Atropelamento de Animal";"Com Vítimas Feridas";"Plena Noite";"Crescente";"Céu Claro";"Simples";"Reta";"Não";2;0;1;0;1;0;1;1;-20,47469742;-55,27173668;"SPRF-MS";"DEL03-MS";"UOP01-DEL03-MS"
116818;2018-03-08;"quinta-feira";"22:00:00";"SC";282;506,8;"XANXERE";"Velocidade Incompatível";"Colisão com objeto estático";"Com Vítimas Feridas";"Plena Noite";"Crescente";"Nublado";"Dupla";"Rotatória";"Sim";2;0;0;1;0;1;1;2;-26,885712;-52,42907;"SPRF-SC";"DEL07-SC";"UOP01-DEL07-SC"
116819;2018-03-08;"quinta-feira";"22:00:00";"SC";101;53,4;"JOINVILLE";"Velocidade Incompatível";"Saída de leito carroçável";"Com Vítimas Feridas";"Plena Noite";"Crescente";"Nublado";"Dupla";"Curva";"Não";1;0;1;0;0;0;1;1;-26,4178;-48,8331;"SPRF-SC";"DEL03-SC";"UOP01-DEL03-SC"
116820;2018-03-08;"quinta-feira";"23:00:00";"PR";376;176,5;"MARINGA";"Ingestão de Álcool";"Colisão frontal";"Com Vítimas Feridas";"Plena Noite";"Decrescente";"Nublado";"Dupla";"Reta";"Sim";3;0;1;0;2;0;1;2;-23,41160653;-51,93477631;"SPRF-PR";"DEL07-PR";"UOP01-DEL09-PR"
116823;2018-03-08;"quinta-feira";"22:56:00";"SC";282;2;"FLORIANOPOLIS";"Falta de Atenção à Condução";"Colisão com objeto estático";"Sem Vítimas";"Plena Noite";"Decrescente";"Céu Claro";"Dupla";"Reta";"Sim";1;0;0;0;1;0;0;1;-27,59715183;-48,5868001;"SPRF-SC";"DEL01-SC";"UOP01-DEL01-SC"
116824;2018-03-08;"quinta-feira";"22:50:00";"PR";476;201,7;"LAPA";"Falta de Atenção à Condução";"Colisão transversal";"Com Vítimas Fatais";"Plena Noite";"Crescente";"Céu Claro";"Simples";"Reta";"Sim";3;1;0;1;1;0;1;2;-25,7754;-49,764946;"SPRF-PR";"DEL02-PR";"UOP04-DEL02-PR"
116825;2018-03-08;"quinta-feira";"23:10:00";"SC";101;79;"ARAQUARI";"Defeito na Via";"Colisão com objeto estático";"Sem Vítimas";"Plena Noite";"Decrescente";"Nublado";"Dupla";"Reta";"Não";1;0;0;0;1;0;0;1;-26,5972;-48,7233;"SPRF-SC";"DEL03-SC";"UOP02-DEL03-SC"
116826;2018-03-08;"quinta-feira";"23:40:00";"PR";376;174,8;"MARINGA";"Falta de Atenção à Condução";"Colisão lateral";"Com Vítimas Feridas";"Plena Noite";"Crescente";"Céu Claro";"Dupla";"Reta";"Sim";2;0;1;0;1;0;1;2;-23,41527395;-51,95204973;"SPRF-PR";"DEL07-PR";"UOP01-DEL09-PR"
116830;2018-03-09;"sexta-feira";"01:10:00";"SC";470;93;"ASCURRA";"Falta de Atenção à Condução";"Saída de leito carroçável";"Com Vítimas Feridas";"Plena Noite";"Decrescente";"Céu Claro";"Simples";"Reta";"Não";1;0;1;0;0;0;1;1;-26,97822;-49,369578;"SPRF-SC";"DEL04-SC";"UOP01-DEL04-SC"
116831;2018-03-09;"sexta-feira";"00:40:00";"MS";163;693;"RIO VERDE DE MATO GROSSO";"Animais na Pista";"Atropelamento de Animal";"Com Vítimas Feridas";"Plena Noite";"Crescente";"Céu Claro";"Dupla";"Reta";"Não";1;0;1;0;0;0;1;1;-18,79841806;-54,82246399;"SPRF-MS";"DEL06-MS";"UOP01-DEL06-MS"
116832;2018-03-09;"sexta-feira";"00:40:00";"CE";116;329,2;"JAGUARIBE";"Falta de Atenção à Condução";"Saída de leito carroçável";"Sem Vítimas";"Plena Noite";"Decrescente";"Céu Claro";"Simples";"Reta";"Não";1;0;0;0;0;1;0;1;-5,990852;-38,628197;"SPRF-CE";"DEL05-CE";"UOP02-DEL05-CE"
116833;2018-03-09;"sexta-feira";"00:50:00";"SC";101;37,1;"JOINVILLE";"Falta de Atenção à Condução";"Colisão com objeto estático";"Sem Vítimas";"Plena Noite";"Crescente";"Nublado";"Dupla";"Reta";"Sim";1;0;0;0;0;1;0;1;-26,2991092;-48,88363749;"SPRF-SC";"DEL03-SC";"UOP01-DEL03-SC"
116836;2018-03-08;"quinta-feira";"23:40:00";"MG";50;3,8;"ARAGUARI";"Ingestão de Álcool";"Colisão com objeto estático";"Sem Vítimas";"Plena Noite";"Crescente";"Céu Claro";"Dupla";"Curva";"Não";1;0;0;0;1;0;0;1;-18,453148;-48,048509;"SPRF-MG";"DEL15-MG";"UOP02-DEL15-MG"
116840;2018-03-09;"sexta-feira";"03:40:00";"MG";146;515,7;"GUAXUPE";"Condutor Dormindo";"Saída de leito carroçável";"Com Vítimas Feridas";"Plena Noite";"Decrescente";"Céu Claro";"Simples";"Declive";"Não";1;0;1;0;0;0;1;1;-21,2896;-46,6942;"SPRF-MG";"DEL09-MG";"UOP01-DEL09-MG"
116841;2018-03-09;"sexta-feira";"01:40:00";"RO";174;13;"VILHENA";"Ingestão de Álcool";"Colisão lateral";"Com Vítimas Feridas";"Plena Noite";"Crescente";"Céu Claro";"Dupla";"Interseção de Vias";"Sim";3;0;2;0;1;0;2;2;-12,7414;-60,130264;"SPRF-RO";"DEL04-RO";"UOP01-DEL04-RO"
116842;2018-03-09;"sexta-feira";"03:50:00";"PR";277;4;"PARANAGUA";"Falta de Atenção à Condução";"Colisão com objeto estático";"Sem Vítimas";"Plena Noite";"Crescente";"Céu Claro";"Dupla";"Reta";"Sim";1;0;0;0;1;0;0;1;-25,5205;-48,5095;"SPRF-PR";"DEL01-PR";"UOP05-DEL01-PR"
116843;2018-03-09;"sexta-feira";"02:55:00";"MG";153;68;"MONTE ALEGRE DE MINAS";"Defeito Mecânico no Veículo";"Saída de leito carroçável";"Com Vítimas Feridas";"Pleno dia";"Decrescente";"Garoa/Chuvisco";"Simples";"Declive;Curva";"Não";1;0;1;0;0;0;1;1;-18,95800237;-49,02860546;"SPRF-MG";"DEL15-MG";"UOP03-DEL15-MG"
116848;2018-03-09;"sexta-feira";"05:50:00";"BA";101;376;"GANDU";"Velocidade Incompatível";"Capotamento";"Sem Vítimas";"Amanhecer";"Decrescente";"Chuva";"Simples";"Declive";"Não";1;0;0;0;1;0;0;1;-13,821323;-39,494522;"SPRF-BA";"DEL05-BA";"UOP03-DEL05-BA"
116849;2018-03-09;"sexta-feira";"05:35:00";"RJ";101;409;"ITAGUAI";"Falta de Atenção à Condução";"Colisão traseira";"Com Vítimas Feridas";"Amanhecer";"Crescente";"Nublado";"Dupla";"Reta";"Não";2;0;0;1;1;0;1;2;-22,887184;-43,836804;"SPRF-RJ";"DEL03-RJ";"UOP01-DEL03-RJ"
116850;2018-03-09;"sexta-feira";"06:25:00";"PE";232;8;"RECIFE";"Falta de Atenção à Condução";"Colisão traseira";"Com Vítimas Feridas";"Pleno dia";"Decrescente";"Céu Claro";"Dupla";"Reta";"Não";2;0;1;0;1;0;1;2;-8,0578381;-34,8828969;"SPRF-PE";"DEL01-PE";"UOP01-DEL01-PE"
116851;2018-03-09;"sexta-feira";"06:30:00";"RJ";116;180,1;"MESQUITA";"Falta de Atenção à Condução";"Colisão lateral";"Com Vítimas Feridas";"Amanhecer";"Decrescente";"Céu Claro";"Dupla";"Reta";"Sim";2;0;1;0;1;0;1;2;-22,76926024;-43,41882982;"SPRF-RJ";"DEL01-RJ";"UOP02-DEL01-RJ"
116856;2018-03-09;"sexta-feira";"07:00:00";"BA";116;425;"FEIRA DE SANTANA";"Falta de Atenção à Condução";"Colisão transversal";"Com Vítimas Feridas";"Pleno dia";"Decrescente";"Céu Claro";"Simples";"Reta";"Sim";3;0;2;0;1;0;2;2;-12,24831932;-38,98758173;"SPRF-BA";"DEL02-BA";"UOP01-DEL02-BA"
116857;2018-03-09;"sexta-feira";"05:10:00";"SP";116;217;"GUARULHOS";"Falta de Atenção à Condução";"Colisão lateral";"Com Vítimas Feridas";"Amanhecer";"Crescente";"Nublado";"Múltipla";"Reta";"Sim";1;0;1;0;0;0;1;1;-23,44748094;-46,45913268;"SPRF-SP";"DEL01-SP";"UOP01-DEL01-SP"
116861;2018-03-09;"sexta-feira";"06:40:00";"MG";40;513;"RIBEIRAO DAS NEVES";"Falta de Atenção à Condução";"Queda de ocupante de veículo";"Com Vítimas Feridas";"Pleno dia";"Decrescente";"Chuva";"Dupla";"Curva";"Sim";1;0;0;1;0;0;1;1;-19,8048;-44,0972;"SPRF-MG";"DEL01-MG";"UOP03-DEL01-MG"
116862;2018-03-09;"sexta-feira";"06:31:00";"RS";116;257;"ESTEIO";"Condutor Dormindo";"Colisão com objeto estático";"Sem Vítimas";"Pleno dia";"Decrescente";"Céu Claro";"Dupla";"Reta";"Sim";1;0;0;0;1;0;0;1;-29,852671;-51,179691;"SPRF-RS";"DEL01-RS";"UOP02-DEL01-RS"
116864;2018-03-09;"sexta-feira";"08:00:00";"PE";101;80;"JABOATAO DOS GUARARAPES";"Falta de Atenção à Condução";"Colisão lateral";"Com Vítimas Feridas";"Pleno dia";"Crescente";"Céu Claro";"Dupla";"Interseção de Vias";"Sim";2;0;1;0;1;0;1;2;-8,1623;-34,9394;"SPRF-PE";"DEL01-PE";"UOP01-DEL01-PE"
116865;2018-03-09;"sexta-feira";"06:50:00";"RS";290;86;"PORTO ALEGRE";"Ingestão de Álcool";"Saída de leito carroçável";"Com Vítimas Feridas";"Pleno dia";"Decrescente";"Nublado";"Dupla";"Curva";"Sim";1;0;1;0;0;0;1;1;-29,96978791;-51,11265946;"SPRF-RS";"DEL01-RS";"UOP01-DEL01-RS"
116866;2018-03-09;"sexta-feira";"07:20:00";"SC";282;22,6;"SANTO AMARO DA IMPERATRIZ";"Falta de Atenção à Condução";"Colisão transversal";"Com Vítimas Feridas";"Pleno dia";"Crescente";"Céu Claro";"Simples";"Interseção de Vias";"Sim";2;0;1;0;1;0;1;2;-27,687958;-48,736794;"SPRF-SC";"DEL01-SC";"UOP02-DEL01-SC"
116867;2018-03-09;"sexta-feira";"07:40:00";"RS";116;146,9;"CAXIAS DO SUL";"Falta de Atenção à Condução";"Colisão traseira";"Com Vítimas Feridas";"Pleno dia";"Crescente";"Céu Claro";"Dupla";"Reta";"Sim";2;0;1;0;1;0;1;2;-29,142286;-51,136219;"SPRF-RS";"DEL05-RS";"UOP01-DEL05-RS"
116868;2018-03-09;"sexta-feira";"06:50:00";"SC";282;4,8;"SAO JOSE";"Falta de Atenção à Condução";"Colisão traseira";"Com Vítimas Feridas";"Pleno dia";"Decrescente";"Céu Claro";"Dupla";"Reta";"Sim";2;0;1;0;1;0;1;2;-27,592646;-48,604034;"SPRF-SC";"DEL01-SC";"UOP01-DEL01-SC"
116869;2018-03-09;"sexta-feira";"08:00:00";"PR";369;91;"CORNELIO PROCOPIO";"Falta de Atenção à Condução";"Colisão transversal";"Com Vítimas Feridas";"Pleno dia";"Crescente";"Céu Claro";"Simples";"Reta";"Não";3;0;2;1;0;0;3;2;-23,23026239;-50,679245;"SPRF-PR";"DEL07-PR";"UOP05-DEL07-PR"
116870;2018-03-09;"sexta-feira";"07:30:00";"SC";282;16;"PALHOCA";"Falta de Atenção à Condução";"Colisão traseira";"Com Vítimas Feridas";"Pleno dia";"Crescente";"Céu Claro";"Simples";"Reta";"Sim";2;0;1;0;1;0;1;2;-27,658611;-48,681847;"SPRF-SC";"DEL01-SC";"UOP02-DEL01-SC"
116872;2018-03-09;"sexta-feira";"07:45:00";"SP";116;222,4;"GUARULHOS";"Desobediência às normas de trânsito pelo condutor";"Colisão lateral";"Com Vítimas Feridas";"Pleno dia";"Crescente";"Nublado";"Múltipla";"Reta";"Sim";2;0;2;0;0;0;2;2;-23,47498901;-46,52435144;"SPRF-SP";"DEL01-SP";"UOP01-DEL01-SP"
116873;2018-03-09;"sexta-feira";"08:00:00";"SC";101;49;"JOINVILLE";"Falta de Atenção à Condução";"Colisão traseira";"Com Vítimas Feridas";"Pleno dia";"Crescente";"Céu Claro";"Dupla";"Reta";"Não";5;0;3;0;2;0;3;3;-26,3869;-48,8425;"SPRF-SC";"DEL03-SC";"UOP01-DEL03-SC"
116875;2018-03-09;"sexta-feira";"08:15:00";"GO";40;2,8;"VALPARAISO DE GOIAS";"Desobediência às normas de trânsito pelo condutor";"Colisão lateral";"Com Vítimas Feridas";"Pleno dia";"Decrescente";"Sol";"Dupla";"Reta";"Sim";2;0;1;0;1;0;1;2;-16,067129;-47,984235;"SPRF-DF";"DEL01-DF";"UOP01-DEL01-DF"
116877;2018-03-09;"sexta-feira";"08:20:00";"MG";381;485;"BETIM";"Não guardar distância de segurança";"Colisão lateral";"Com Vítimas Feridas";"Pleno dia";"Decrescente";"Chuva";"Múltipla";"Reta";"Sim";3;0;1;0;2;0;1;3;-19,95608487;-44,09519434;"SPRF-MG";"DEL01-MG";"UOP03-DEL01-MG"
116879;2018-03-09;"sexta-feira";"08:10:00";"SP";116;186,3;"SANTA ISABEL";"Defeito na Via";"Colisão com objeto estático";"Sem Vítimas";"Pleno dia";"Decrescente";"Céu Claro";"Dupla";"Curva";"Não";1;0;0;0;1;0;0;1;-23,38007724;-46,2311554;"SPRF-SP";"DEL02-SP";"UOP01-DEL02-SP"
116881;2018-03-09;"sexta-feira";"08:30:00";"PI";343;580;"FLORIANO";"Fenômenos da Natureza";"Capotamento";"Sem Vítimas";"Pleno dia";"Crescente";"Garoa/Chuvisco";"Simples";"Curva";"Não";1;0;0;0;1;0;0;1;-6,813167;-42,940075;"SPRF-PI";"DEL03-PI";"UOP01-DEL03-PI"
116882;2018-03-09;"sexta-feira";"09:20:00";"MG";40;469;"SETE LAGOAS";"Velocidade Incompatível";"Saída de leito carroçável";"Sem Vítimas";"Pleno dia";"Decrescente";"Chuva";"Dupla";"Curva;Aclive";"Não";1;0;0;0;1;0;0;1;-19,469;-44,295;"SPRF-MG";"DEL02-MG";"UOP01-DEL02-MG"
116884;2018-02-18;"domingo";"04:20:00";"PR";376;1;"APUCARANA";"Mal Súbito";"Queda de ocupante de veículo";"Com Vítimas Feridas";"Plena Noite";"Crescente";"Ignorado";"Simples";"Reta";"Sim";1;0;1;0;0;0;1;1;-23,57657431;-51,42127275;"SPRF-PR";"DEL07-PR";"UOP03-DEL07-PR"
116885;2018-03-09;"sexta-feira";"08:30:00";"MG";381;334;"NOVA ERA";"Velocidade Incompatível";"Saída de leito carroçável";"Sem Vítimas";"Pleno dia";"Crescente";"Chuva";"Simples";"Curva";"Não";1;0;0;0;1;0;0;1;-19,80547003;-43,06022644;"SPRF-MG";"DEL03-MG";"UOP01-DEL03-MG"
116886;2018-03-09;"sexta-feira";"09:30:00";"SC";101;136;"BALNEARIO CAMBORIU";"Falta de Atenção à Condução";"Colisão traseira";"Com Vítimas Feridas";"Pleno dia";"Crescente";"Céu Claro";"Dupla";"Reta";"Sim";2;0;1;0;1;0;1;2;-27,0158;-48,6117;"SPRF-SC";"DEL04-SC";"UOP03-DEL04-SC"
116887;2018-03-09;"sexta-feira";"09:30:00";"MG";40;627,5;"CONSELHEIRO LAFAIETE";"Falta de Atenção à Condução";"Colisão lateral";"Com Vítimas Feridas";"Pleno dia";"Crescente";"Céu Claro";"Simples";"Reta";"Sim";2;0;0;1;1;0;1;2;-20,6457;-43,8102;"SPRF-MG";"DEL05-MG";"UOP02-DEL05-MG"
116889;2018-03-09;"sexta-feira";"10:00:00";"RJ";40;120;"DUQUE DE CAXIAS";"Falta de Atenção à Condução";"Colisão traseira";"Com Vítimas Feridas";"Pleno dia";"Decrescente";"Céu Claro";"Dupla";"Reta";"Sim";2;0;1;0;1;0;1;2;-22,7807;-43,2856;"SPRF-RJ";"DEL01-RJ";"UOP01-DEL01-RJ"
116890;2018-03-09;"sexta-feira";"09:45:00";"SC";101;332;"TUBARAO";"Ingestão de Álcool";"Colisão com objeto estático";"Sem Vítimas";"Pleno dia";"Crescente";"Céu Claro";"Dupla";"Reta";"Sim";1;0;0;0;1;0;0;1;-28,4669;-48,9973;"SPRF-SC";"DEL02-SC";"UOP01-DEL02-SC"
116891;2018-03-09;"sexta-feira";"06:00:00";"MG";365;572,7;"INDIANOPOLIS";"Desobediência às normas de trânsito pelo condutor";"Atropelamento de Pedestre";"Com Vítimas Fatais";"Amanhecer";"Crescente";"Nublado";"Simples";"Declive";"Não";2;1;0;0;0;1;0;2;-18,908375;-47,880383;"SPRF-MG";"DEL15-MG";"UOP02-DEL15-MG"