"id";"data_inversa";"dia_semana";"horario";"uf";"br";"km";"municipio";"causa_acidente";"tipo_acidente";"classificacao_acidente";"fase_dia";"sentido_via";"condicao_metereologica";"tipo_pista";"tracado_via";"uso_solo";"pessoas";"mortos";"feridos_leves";"feridos_graves";"ilesos";"ignorados";"feridos";"veiculos";"latitude";"longitude";"regional";"delegacia";"uop"
116893;2018-03-09;"sexta-feira";"10:00:00";"PE";101;171,5;"AGUA PRETA";"Falta de Atenção à Condução";"Saída de leito carroçável";"Com Vítimas Feridas";"Pleno dia";"Crescente";"Céu Claro";"Dupla";"Reta";"Não";1;0;1;0;0;0;1;1;-8,5854095;-35,5019822;"SPRF-PE";"DEL01-PE";"UOP03-DEL01-PE"
116896;2018-03-09;"sexta-feira";"10:27:00";"MT";364;389;"CUIABA";"Restrição de Visibilidade";"Colisão lateral";"Sem Vítimas";"Pleno dia";"Crescente";"Céu Claro";"Simples";"Reta";"Não";1;0;0;0;1;0;0;1;-15,701612;-55,845661;"SPRF-MT";"DEL02-MT";"UOP02-DEL01-MT"
116900;2018-03-09;"sexta-feira";"10:15:00";"MG";40;545;"NOVA LIMA";"Pista Escorregadia";"Saída de leito carroçável";"Com Vítimas Feridas";"Pleno dia";"Crescente";"Chuva";"Dupla";"Curva";"Sim";3;0;2;1;0;0;3;1;-20,007526;-43,964614;"SPRF-MG";"DEL01-MG";"UOP02-DEL01-MG"
116901;2018-03-09;"sexta-feira";"10:30:00";"GO";153;244;"SAO LUIZ DO NORTE";"Velocidade Incompatível";"Saída de leito carroçável";"Com Vítimas Feridas";"Pleno dia";"Crescente";"Chuva";"Simples";"Reta";"Não";1;0;1;0;0;0;1;1;-14,869303;-49,330322;"SPRF-GO";"DEL07-GO";"UOP02-DEL07-GO"
116902;2018-03-09;"sexta-feira";"10:50:00";"BA";324;549;"AMELIA RODRIGUES";"Pista Escorregadia";"Capotamento";"Com Vítimas Feridas";"Pleno dia";"Crescente";"Chuva";"Dupla";"Declive";"Não";1;0;1;0;0;0;1;1;-12,42582683;-38,73735845;"SPRF-BA";"DEL01-BA";"UOP01-DEL01-BA"
116911;2018-03-09;"sexta-feira";"11:20:00";"MG";40;731,5;"OLIVEIRA FORTES";"Falta de Atenção à Condução";"Queda de ocupante de veículo";"Com Vítimas Feridas";"Pleno dia";"Decrescente";"Nublado";"Dupla";"Curva";"Não";1;0;1;0;0;0;1;1;-21,3617;-43,5762;"SPRF-MG";"DEL05-MG";"UOP01-DEL05-MG"
116912;2018-03-09;"sexta-feira";"11:45:00";"DF";20;18,3;"BRASILIA";"Defeito Mecânico no Veículo";"Saída de leito carroçável";"Sem Vítimas";"Pleno dia";"Crescente";"Chuva";"Dupla";"Declive;Reta";"Sim";3;0;0;0;3;0;0;1;-15,61556633;-47,70671904;"SPRF-DF";"DEL02-DF";"UOP01-DEL02-DF"
116913;2018-03-09;"sexta-feira";"12:00:00";"RS";158;392,6;"SAO GABRIEL";"Falta de Atenção do Pedestre";"Colisão traseira";"Com Vítimas Feridas";"Pleno dia";"Decrescente";"Céu Claro";"Simples";"Reta";"Não";2;0;1;0;1;0;1;2;-29,935223;-54,357285;"SPRF-RS";"DEL09-RS";"UOP01-DEL09-RS"
116914;2018-03-09;"sexta-feira";"11:00:00";"BA";116;438,5;"FEIRA DE SANTANA";"Pista Escorregadia";"Saída de leito carroçável";"Sem Vítimas";"Pleno dia";"Decrescente";"Garoa/Chuvisco";"Dupla";"Curva";"Não";1;0;0;0;1;0;0;1;-12,3366;-39,07253;"SPRF-BA";"DEL02-BA";"UOP01-DEL02-BA"
116915;2018-03-09;"sexta-feira";"09:50:00";"SC";280;129,9;"RIO NEGRINHO";"Falta de Atenção à Condução";"Colisão transversal";"Com Vítimas Feridas";"Pleno dia";"Crescente";"Nublado";"Simples";"Reta";"Não";2;0;1;0;1;0;1;2;-26,25029071;-49,52662736;"SPRF-SC";"DEL06-SC";"UOP03-DEL06-SC"
116916;2018-03-09;"sexta-feira";"11:50:00";"CE";222;4,6;"CAUCAIA";"Não guardar distância de segurança";"Colisão traseira";"Sem Vítimas";"Pleno dia";"Crescente";"Céu Claro";"Múltipla";"Reta";"Sim";2;0;0;0;2;0;0;2;-3,74213497;-38,60937953;"SPRF-CE";"DEL01-CE";"UOP01-DEL01-CE"
116918;2018-03-09;"sexta-feira";"10:40:00";"SC";470;6,5;"NAVEGANTES";"Mal Súbito";"Colisão frontal";"Com Vítimas Feridas";"Pleno dia";"Crescente";"Céu Claro";"Simples";"Reta";"Não";4;0;3;0;1;0;3;2;-26,852238;-48,709545;"SPRF-SC";"DEL04-SC";"UOP04-DEL04-SC"
116920;2018-03-09;"sexta-feira";"12:00:00";"MG";381;335;"NOVA ERA";"Velocidade Incompatível";"Saída de leito carroçável";"Sem Vítimas";"Pleno dia";"Decrescente";"Chuva";"Simples";"Curva";"Não";1;0;0;0;1;0;0;1;-19,79513323;-43,05473328;"SPRF-MG";"DEL03-MG";"UOP01-DEL03-MG"
116921;2018-03-09;"sexta-feira";"12:15:00";"SC";282;5;"SAO JOSE";"Ultrapassagem Indevida";"Colisão lateral";"Com Vítimas Feridas";"Pleno dia";"Crescente";"Céu Claro";"Dupla";"Reta";"Sim";2;0;0;1;1;0;1;2;-27,588425;-48,612919;"SPRF-SC";"DEL01-SC";"UOP01-DEL01-SC"
116922;2018-03-09;"sexta-feira";"12:25:00";"MG";262;380;"JUATUBA";"Velocidade Incompatível";"Saída de leito carroçável";"Com Vítimas Feridas";"Pleno dia";"Decrescente";"Nublado";"Dupla";"Curva";"Não";1;0;1;0;0;0;1;1;-19,9356;-44,4406;"SPRF-MG";"DEL01-MG";"UOP03-DEL01-MG"
116925;2018-03-09;"sexta-feira";"11:10:00";"SC";470;68,5;"INDAIAL";"Falta de Atenção à Condução";"Colisão transversal";"Com Vítimas Feridas";"Pleno dia";"Decrescente";"Céu Claro";"Simples";"Rotatória";"Não";2;0;1;0;1;0;1;2;-26,87049697;-49,22124445;"SPRF-SC";"DEL04-SC";"UOP01-DEL04-SC"
116926;2018-03-09;"sexta-feira";"12:50:00";"CE";222;203,7;"FORQUILHA";"Pista Escorregadia";"Saída de leito carroçável";"Sem Vítimas";"Pleno dia";"Decrescente";"Chuva";"Simples";"Curva";"Não";1;0;0;0;1;0;0;1;-3,789354;-40,217991;"SPRF-CE";"DEL04-CE";"UOP01-DEL04-CE"
116927;2018-03-09;"sexta-feira";"12:45:00";"SP";116;416;"JUQUIA";"Defeito Mecânico no Veículo";"Incêndio";"Sem Vítimas";"Pleno dia";"Decrescente";"Céu Claro";"Simples";"Reta";"Sim";1;0;0;0;0;1;0;1;-24,35224713;-47,65617373;"SPRF-SP";"DEL05-SP";"UOP01-DEL05-SP"
116929;2018-03-09;"sexta-feira";"12:00:00";"MG";40;48,9;"PARACATU";"Velocidade Incompatível";"Saída de leito carroçável";"Com Vítimas Feridas";"Pleno dia";"Decrescente";"Chuva";"Simples";"Curva";"Não";2;0;2;0;0;0;2;1;-17,241491;-46,818447;"SPRF-MG";"DEL14-MG";"UOP01-DEL14-MG"
116930;2018-03-09;"sexta-feira";"12:50:00";"MG";40;281,6;"TRES MARIAS";"Falta de Atenção à Condução";"Colisão transversal";"Com Vítimas Feridas";"Pleno dia";"Decrescente";"Sol";"Simples";"Reta";"Não";7;0;3;1;2;1;4;3;-18,242233;-45,207981;"SPRF-MG";"DEL14-MG";"UOP02-DEL14-MG"
116933;2018-03-09;"sexta-feira";"13:15:00";"SP";116;318,5;"JUQUITIBA";"Falta de Atenção à Condução";"Capotamento";"Com Vítimas Feridas";"Pleno dia";"Decrescente";"Céu Claro";"Dupla";"Curva";"Sim";3;0;2;0;1;0;2;1;-23,93124491;-47,00017154;"SPRF-SP";"DEL04-SP";"UOP03-DEL04-SP"
116934;2018-03-09;"sexta-feira";"12:00:00";"PR";476;116;"COLOMBO";"Desobediência às normas de trânsito pelo condutor";"Colisão lateral";"Com Vítimas Feridas";"Pleno dia";"Decrescente";"Céu Claro";"Dupla";"Reta";"Sim";2;0;2;0;0;0;2;2;-25,34996;-49,16642;"SPRF-PR";"DEL01-PR";"UOP01-DEL01-PR"
116935;2018-03-09;"sexta-feira";"13:00:00";"MG";262;666,6;"ARAXA";"Condutor Dormindo";"Saída de leito carroçável";"Com Vítimas Feridas";"Pleno dia";"Crescente";"Céu Claro";"Simples";"Curva";"Não";1;0;1;0;0;0;1;1;-19,556086;-46,788284;"SPRF-MG";"DEL08-MG";"UOP01-DEL08-MG"
116936;2018-03-09;"sexta-feira";"13:00:00";"PA";10;302;"IRITUIA";"Falta de Atenção à Condução";"Colisão traseira";"Sem Vítimas";"Pleno dia";"Crescente";"Sol";"Simples";"Reta";"Não";3;0;0;0;3;0;0;3;-1,808288;-47,514381;"SPRF-PA";"DEL02-PA";"UOP01-DEL02-PA"
116937;2018-03-09;"sexta-feira";"13:00:00";"GO";153;625,5;"MORRINHOS";"Velocidade Incompatível";"Saída de leito carroçável";"Sem Vítimas";"Pleno dia";"Crescente";"Chuva";"Dupla";"Declive";"Não";1;0;0;0;1;0;0;1;-17,7647;-49,1676;"SPRF-GO";"DEL03-GO";"UOP01-DEL03-GO"
116938;2018-03-02;"sexta-feira";"14:00:00";"GO";60;50;"ABADIANIA";"Defeito na Via";"Capotamento";"Sem Vítimas";"Pleno dia";"Decrescente";"Chuva";"Dupla";"Curva";"Não";4;0;0;0;3;1;0;2;-16,1625;-48,624;"SPRF-GO";"DEL02-GO";"UOP01-DEL02-GO"
116945;2018-03-09;"sexta-feira";"13:40:00";"SC";280;54,5;"GUARAMIRIM";"Falta de Atenção à Condução";"Colisão transversal";"Com Vítimas Feridas";"Pleno dia";"Crescente";"Nublado";"Simples";"Reta";"Sim";2;0;0;1;1;0;1;2;-26,475399;-48,983723;"SPRF-SC";"DEL03-SC";"UOP03-DEL03-SC"
116946;2018-03-09;"sexta-feira";"12:05:00";"RO";364;739;"PORTO VELHO";"Avarias e/ou desgaste excessivo no pneu";"Saída de leito carroçável";"Com Vítimas Feridas";"Pleno dia";"Crescente";"Sol";"Simples";"Curva";"Não";3;0;1;2;0;0;3;1;-8,978996;-64,000406;"SPRF-RO";"DEL01-RO";"UOP02-DEL01-RO"
116947;2018-03-09;"sexta-feira";"12:30:00";"MG";365;193,8;"BURITIZEIRO";"Defeito Mecânico no Veículo";"Saída de leito carroçável";"Sem Vítimas";"Pleno dia";"Decrescente";"Nublado";"Simples";"Curva;Declive";"Não";2;0;0;0;2;0;0;1;-17,45771;-45,187038;"SPRF-MG";"DEL12-MG";"UOP01-DEL12-MG"
116952;2018-03-09;"sexta-feira";"13:15:00";"SC";470;5;"NAVEGANTES";"Falta de Atenção à Condução";"Colisão traseira";"Com Vítimas Feridas";"Pleno dia";"Crescente";"Nublado";"Simples";"Reta";"Sim";2;0;1;0;1;0;1;2;-26,89417175;-48,69026187;"SPRF-SC";"DEL04-SC";"UOP04-DEL04-SC"
116953;2018-03-09;"sexta-feira";"13:45:00";"BA";101;737;"ITABELA";"Velocidade Incompatível";"Colisão frontal";"Com Vítimas Fatais";"Pleno dia";"Crescente";"Nublado";"Simples";"Curva";"Não";35;1;0;0;34;0;0;2;-16,5134;-39,5776;"SPRF-BA";"DEL09-BA";"UOP01-DEL09-BA"
116954;2018-03-07;"quarta-feira";"18:00:00";"MG";365;614;"UBERLANDIA";"Falta de Atenção à Condução";"Colisão transversal";"Com Vítimas Feridas";"Anoitecer";"Crescente";"Nublado";"Simples";"Reta";"Sim";5;0;1;0;1;3;1;3;-18,928747;-48,192417;"SPRF-MG";"DEL15-MG";"UOP01-DEL15-MG"
116955;2018-03-09;"sexta-feira";"14:25:00";"SC";280;54,3;"GUARAMIRIM";"Desobediência às normas de trânsito pelo condutor";"Colisão transversal";"Com Vítimas Feridas";"Pleno dia";"Decrescente";"Nublado";"Simples";"Reta";"Sim";2;0;1;0;1;0;1;2;-26,475399;-48,983723;"SPRF-SC";"DEL03-SC";"UOP03-DEL03-SC"
116957;2018-03-09;"sexta-feira";"14:40:00";"RS";472;156,4;"SANTA ROSA";"Desobediência às normas de trânsito pelo condutor";"Colisão transversal";"Com Vítimas Feridas";"Pleno dia";"Crescente";"Céu Claro";"Simples";"Interseção de Vias";"Sim";3;0;2;0;1;0;2;2;-27,84393339;-54,43313599;"SPRF-RS";"DEL10-RS";"UOP01-DEL10-RS"
116959;2018-03-09;"sexta-feira";"12:03:00";"RS";471;648,3;"SANTA VITORIA DO PALMAR";"Não guardar distância de segurança";"Colisão traseira";"Sem Vítimas";"Pleno dia";"Crescente";"Céu Claro";"Simples";"Rotatória";"Sim";2;0;0;0;2;0;0;2;-33,53317209;-53,35166931;"SPRF-RS";"DEL07-RS";"UOP04-DEL07-RS"
116962;2018-03-09;"sexta-feira";"14:00:00";"MT";70;5,9;"BARRA DO GARCAS";"Falta de Atenção à Condução";"Colisão transversal";"Sem Vítimas";"Pleno dia";"Decrescente";"Nublado";"Dupla";"Reta";"Sim";1;0;0;0;1;0;0;1;-15,87823832;-52,30528057;"SPRF-MT";"DEL07-MT";"UOP01-DEL07-MT"
116964;2018-03-09;"sexta-feira";"11:25:00";"PR";277;279;"PRUDENTOPOLIS";"Defeito Mecânico no Veículo";"Colisão com objeto em movimento";"Sem Vítimas";"Pleno dia";"Crescente";"Sol";"Simples";"Reta";"Não";2;0;0;0;2;0;0;2;-25,32168386;-50,96694946;"SPRF-PR";"DEL03-PR";"UOP02-DEL08-PR"
116965;2018-03-09;"sexta-feira";"15:15:00";"PR";376;170,8;"MARINGA";"Ultrapassagem Indevida";"Colisão traseira";"Com Vítimas Feridas";"Pleno dia";"Crescente";"Sol";"Dupla";"Aclive;Interseção de Vias;Reta";"Sim";5;0;1;0;4;0;1;2;-23,40947404;-51,98856443;"SPRF-PR";"DEL07-PR";"UOP01-DEL09-PR"
116967;2018-03-09;"sexta-feira";"13:20:00";"RS";293;160;"HULHA NEGRA";"Falta de Atenção à Condução";"Saída de leito carroçável";"Com Vítimas Feridas";"Pleno dia";"Crescente";"Céu Claro";"Simples";"Reta";"Não";1;0;1;0;0;0;1;1;-31,391062;-53,87154;"SPRF-RS";"DEL11-RS";"UOP03-DEL11-RS"
116970;2018-03-09;"sexta-feira";"13:30:00";"MG";262;132;"RIO CASCA";"Pista Escorregadia";"Capotamento";"Sem Vítimas";"Pleno dia";"Crescente";"Chuva";"Simples";"Curva";"Não";1;0;0;0;1;0;0;1;-20,14104896;-42,69263506;"SPRF-MG";"DEL03-MG";"UOP03-DEL03-MG"
116971;2018-03-09;"sexta-feira";"15:00:00";"PE";428;85,9;"SANTA MARIA DA BOA VISTA";"Velocidade Incompatível";"Saída de leito carroçável";"Com Vítimas Feridas";"Pleno dia";"Decrescente";"Céu Claro";"Simples";"Reta";"Não";1;0;1;0;0;0;1;1;-8,794876;-39,839851;"SPRF-PE";"DEL06-PE";"UOP03-DEL06-PE"
116973;2018-02-21;"quarta-feira";"20:25:00";"MT";70;743,9;"CACERES";"Animais na Pista";"Atropelamento de Animal";"Sem Vítimas";"Plena Noite";"Decrescente";"Chuva";"Simples";"Reta";"Não";2;0;0;0;2;0;0;1;-16,03129525;-57,72697449;"SPRF-MT";"DEL03-MT";"UOP01-DEL03-MT"
116974;2018-03-09;"sexta-feira";"15:40:00";"PR";277;58;"SAO JOSE DOS PINHAIS";"Ingestão de Álcool";"Colisão lateral";"Sem Vítimas";"Pleno dia";"Decrescente";"Céu Claro";"Dupla";"Reta";"Não";2;0;0;0;2;0;0;2;-25,55436696;-49,03236866;"SPRF-PR";"DEL01-PR";"UOP07-DEL01-PR"
116975;2018-03-09;"sexta-feira";"15:20:00";"ES";101;284;"CARIACICA";"Falta de Atenção à Condução";"Capotamento";"Com Vítimas Feridas";"Pleno dia";"Decrescente";"Céu Claro";"Dupla";"Reta";"Não";1;0;1;0;0;0;1;1;-20,36522754;-40,51208496;"SPRF-ES";"DEL01-ES";"UOP01-DEL01-ES"
116977;2018-03-09;"sexta-feira";"15:20:00";"CE";116;76,6;"CHOROZINHO";"Não guardar distância de segurança";"Colisão traseira";"Com Vítimas Feridas";"Pleno dia";"Decrescente";"Céu Claro";"Simples";"Reta";"Não";3;0;1;0;2;0;1;2;-4,340775;-38,473812;"SPRF-CE";"DEL03-CE";"UOP02-DEL03-CE"
116978;2018-03-09;"sexta-feira";"14:40:00";"RO";364;364,3;"JI-PARANA";"Avarias e/ou desgaste excessivo no pneu";"Tombamento";"Com Vítimas Feridas";"Pleno dia";"Decrescente";"Nublado";"Simples";"Reta";"Não";2;0;1;0;1;0;1;1;-10,773523;-62,092392;"SPRF-RO";"DEL02-RO";"UOP01-DEL02-RO"
116982;2018-03-09;"sexta-feira";"15:45:00";"RS";285;291,8;"PASSO FUNDO";"Falta de Atenção à Condução";"Colisão traseira";"Sem Vítimas";"Pleno dia";"Decrescente";"Céu Claro";"Simples";"Reta";"Sim";2;0;0;0;2;0;0;2;-28,23523162;-52,38298416;"SPRF-RS";"DEL08-RS";"UOP03-DEL08-RS"
116985;2018-03-09;"sexta-feira";"15:40:00";"RN";101;94;"NATAL";"Não guardar distância de segurança";"Colisão traseira";"Com Vítimas Feridas";"Pleno dia";"Crescente";"Céu Claro";"Dupla";"Reta";"Sim";2;0;1;0;1;0;1;2;-5,831766;-35,211914;"SPRF-RN";"DEL01-RN";"UOP01-DEL01-RN"
116986;2018-03-09;"sexta-feira";"13:30:00";"PE";316;240;"BELEM DE SAO FRANCISCO";"Objeto estático sobre o leito carroçável";"Saída de leito carroçável";"Com Vítimas Feridas";"Pleno dia";"Crescente";"Céu Claro";"Simples";"Reta";"Não";1;0;1;0;0;0;1;1;-8,6378834;-39,0491559;"SPRF-PE";"DEL05-PE";"UOP03-DEL05-PE"
116987;2018-03-09;"sexta-feira";"16:00:00";"PR";376;546,1;"PALMEIRA";"Objeto estático sobre o leito carroçável";"Colisão com objeto estático";"Sem Vítimas";"Pleno dia";"Decrescente";"Céu Claro";"Dupla";"Reta";"Não";1;0;0;0;1;0;0;1;-25,401201;-49,7900805;"SPRF-PR";"DEL01-PR";"UOP06-DEL01-PR"
116988;2018-03-09;"sexta-feira";"15:30:00";"RN";304;296,2;"MACAIBA";"Não guardar distância de segurança";"Colisão traseira";"Sem Vítimas";"Pleno dia";"Crescente";"Céu Claro";"Simples";"Reta";"Sim";2;0;0;0;2;0;0;2;-5,865536;-35,354256;"SPRF-RN";"DEL01-RN";"UOP02-DEL01-RN"
116990;2018-03-09;"sexta-feira";"16:30:00";"RN";101;98;"NATAL";"Não guardar distância de segurança";"Colisão traseira";"Sem Vítimas";"Pleno dia";"Crescente";"Céu Claro";"Dupla";"Reta";"Sim";5;0;0;0;5;0;0;2;-5,865723;-35,216537;"SPRF-RN";"DEL01-RN";"UOP01-DEL01-RN"
116992;2018-03-09;"sexta-feira";"16:15:00";"ES";101;443,4;"MIMOSO DO SUL";"Defeito Mecânico no Veículo";"Incêndio";"Sem Vítimas";"Pleno dia";"Crescente";"Nublado";"Simples";"Reta";"Não";1;0;0;0;1;0;0;1;-21,111406;-41,26327515;"SPRF-ES";"DEL03-ES";"UOP02-DEL03-ES"
116994;2018-03-09;"sexta-feira";"16:40:00";"PR";272;371;"CAMPO MOURAO";"Velocidade Incompatível";"Colisão transversal";"Com Vítimas Feridas";"Pleno dia";"Crescente";"Chuva";"Simples";"Reta";"Não";2;0;2;0;0;0;2;2;-24,06178413;-52,43156433;"SPRF-PR";"DEL04-PR";"UOP03-DEL09-PR"
116995;2018-03-09;"sexta-feira";"17:00:00";"BA";420;74,1;"SIMOES FILHO";"Defeito Mecânico no Veículo";"Queda de ocupante de veículo";"Com Vítimas Feridas";"Pleno dia";"Crescente";"Céu Claro";"Dupla";"Reta";"Não";2;0;2;0;0;0;2;1;-12,88410238;-38,43429565;"SPRF-BA";"DEL01-BA";"UOP01-DEL01-BA"
116999;2018-03-09;"sexta-feira";"15:45:00";"RS";471;531,1;"RIO GRANDE";"Condutor Dormindo";"Colisão traseira";"Sem Vítimas";"Pleno dia";"Decrescente";"Céu Claro";"Simples";"Reta";"Não";4;0;0;0;4;0;0;2;-32,653416;-52,587551;"SPRF-RS";"DEL07-RS";"UOP02-DEL07-RS"
117000;2018-03-09;"sexta-feira";"15:45:00";"BA";101;747,3;"ITABELA";"Falta de Atenção à Condução";"Colisão lateral";"Com Vítimas Feridas";"Pleno dia";"Decrescente";"Nublado";"Simples";"Reta";"Não";6;0;2;0;4;0;2;2;-16,5876859;-39,55434322;"SPRF-BA";"DEL09-BA";"UOP01-DEL09-BA"
117006;2018-03-09;"sexta-feira";"17:30:00";"BA";324;513;"FEIRA DE SANTANA";"Falta de Atenção à Condução";"Queda de ocupante de veículo";"Com Vítimas Feridas";"Pleno dia";"Decrescente";"Céu Claro";"Simples";"Reta";"Sim";1;0;0;1;0;0;1;1;-12,23521322;-38,94433379;"SPRF-BA";"DEL02-BA";"UOP01-DEL02-BA"
117009;2018-03-09;"sexta-feira";"17:15:00";"MG";153;55;"MONTE ALEGRE DE MINAS";"Defeito Mecânico no Veículo";"Saída de leito carroçável";"Com Vítimas Feridas";"Pleno dia";"Crescente";"Chuva";"Dupla";"Reta";"Não";2;0;2;0;0;0;2;1;-18,77111506;-49,07318115;"SPRF-MG";"DEL15-MG";"UOP03-DEL15-MG"
117011;2018-03-09;"sexta-feira";"17:40:00";"RS";158;328;"SANTA MARIA";"Desobediência às normas de trânsito pelo condutor";"Colisão transversal";"Sem Vítimas";"Pleno dia";"Decrescente";"Céu Claro";"Simples";"Interseção de Vias";"Sim";2;0;0;0;2;0;0;2;-29,711109;-53,819717;"SPRF-RS";"DEL09-RS";"UOP01-DEL09-RS"
117013;2018-03-09;"sexta-feira";"18:00:00";"ES";101;164;"LINHARES";"Falta de Atenção à Condução";"Queda de ocupante de veículo";"Com Vítimas Feridas";"Plena Noite";"Crescente";"Chuva";"Simples";"Reta";"Não";1;0;0;1;0;0;1;1;-19,48212895;-40,11108398;"SPRF-ES";"DEL04-ES";"UOP01-DEL04-ES"
117014;2018-03-09;"sexta-feira";"18:00:00";"SC";101;223;"PALHOCA";"Desobediência às normas de trânsito pelo condutor";"Colisão frontal";"Com Vítimas Feridas";"Anoitecer";"Crescente";"Garoa/Chuvisco";"Dupla";"Reta;Aclive";"Não";3;0;1;0;2;0;1;2;-27,7248;-48,6435;"SPRF-SC";"DEL01-SC";"UOP02-DEL01-SC"
117015;2018-03-09;"sexta-feira";"17:50:00";"MG";365;96;"JEQUITAI";"Defeito Mecânico no Veículo";"Incêndio";"Sem Vítimas";"Anoitecer";"Crescente";"Céu Claro";"Simples";"Declive";"Não";2;0;0;0;2;0;0;1;-17,216932;-44,489983;"SPRF-MG";"DEL12-MG";"UOP01-DEL12-MG"
117016;2018-03-09;"sexta-feira";"17:00:00";"MG";262;446,9;"NOVA SERRANA";"Desobediência às normas de trânsito pelo condutor";"Colisão transversal";"Com Vítimas Feridas";"Pleno dia";"Crescente";"Nublado";"Simples";"Reta";"Sim";1;0;1;0;0;0;1;1;-19,86073849;-45,00518382;"SPRF-MG";"DEL08-MG";"UOP03-DEL08-MG"
117017;2018-03-09;"sexta-feira";"17:51:00";"MG";40;494;"ESMERALDAS";"Velocidade Incompatível";"Saída de leito carroçável";"Com Vítimas Feridas";"Anoitecer";"Decrescente";"Chuva";"Dupla";"Curva";"Não";3;0;3;0;0;0;3;1;-19,6668;-44,1949;"SPRF-MG";"DEL02-MG";"UOP01-DEL02-MG"
117018;2018-03-09;"sexta-feira";"18:15:00";"RS";116;248;"SAO LEOPOLDO";"Desobediência às normas de trânsito pelo condutor";"Atropelamento de Pedestre";"Com Vítimas Feridas";"Anoitecer";"Crescente";"Céu Claro";"Dupla";"Viaduto";"Sim";2;0;1;0;1;0;1;2;-29,74410931;-51,15097046;"SPRF-RS";"DEL01-RS";"UOP02-DEL01-RS"
117019;2018-03-09;"sexta-feira";"17:00:00";"MT";364;568;"NOBRES";"Pista Escorregadia";"Saída de leito carroçável";"Com Vítimas Feridas";"Pleno dia";"Decrescente";"Chuva";"Dupla";"Curva";"Não";2;0;1;0;1;0;1;1;-14,746673;-56,327179;"SPRF-MT";"DEL01-MT";"UOP01-DEL01-MT"
117021;2018-03-09;"sexta-feira";"18:20:00";"PB";230;467,9;"SOUSA";"Falta de Atenção à Condução";"Colisão traseira";"Com Vítimas Feridas";"Anoitecer";"Crescente";"Céu Claro";"Simples";"Reta";"Não";6;0;0;3;2;1;3;3;-6,7813;-38,2606;"SPRF-PB";"DEL03-PB";"UOP03-DEL03-PB"
117022;2018-03-09;"sexta-feira";"18:00:00";"PR";376;647;"TIJUCAS DO SUL";"Falta de Atenção à Condução";"Saída de leito carroçável";"Com Vítimas Feridas";"Anoitecer";"Decrescente";"Garoa/Chuvisco";"Dupla";"Reta";"Não";1;0;1;0;0;0;1;1;-25,8369774;-49,11026001;"SPRF-PR";"DEL01-PR";"DEL7/1-UOP08/PR"
117023;2018-03-09;"sexta-feira";"17:00:00";"MG";153;1;"ARAPORA";"Falta de Atenção à Condução";"Saída de leito carroçável";"Sem Vítimas";"Pleno dia";"Crescente";"Nublado";"Dupla";"Reta;Aclive";"Sim";1;0;0;0;1;0;0;1;-18,4331;-49,1911;"SPRF-MG";"DEL15-MG";"UOP03-DEL15-MG"
117024;2018-03-09;"sexta-feira";"18:40:00";"SC";101;138;"BALNEARIO CAMBORIU";"Não guardar distância de segurança";"Engavetamento";"Com Vítimas Feridas";"Plena Noite";"Decrescente";"Céu Claro";"Dupla";"Viaduto";"Sim";5;0;1;0;4;0;1;5;-27,032;-48,6051;"SPRF-SC";"DEL04-SC";"UOP03-DEL04-SC"
117026;2018-03-09;"sexta-feira";"17:59:00";"BA";367;66;"PORTO SEGURO";"Falta de Atenção à Condução";"Colisão frontal";"Sem Vítimas";"Plena Noite";"Crescente";"Céu Claro";"Simples";"Curva";"Não";2;0;0;0;2;0;0;2;-16,392578;-39,457966;"SPRF-BA";"DEL09-BA";"UOP01-DEL09-BA"
117028;2018-03-09;"sexta-feira";"18:44:00";"PR";277;551,7;"CATANDUVAS";"Desobediência às normas de trânsito pelo condutor";"Saída de leito carroçável";"Com Vítimas Feridas";"Anoitecer";"Decrescente";"Nublado";"Simples";"Reta";"Não";4;0;1;0;2;1;1;3;-25,08933011;-53,13537598;"SPRF-PR";"DEL04-PR";"UOP04-DEL04-PR"
117030;2018-03-09;"sexta-feira";"19:15:00";"PE";407;126;"PETROLINA";"Falta de Atenção à Condução";"Colisão lateral";"Com Vítimas Feridas";"Plena Noite";"Decrescente";"Nublado";"Simples";"Rotatória";"Sim";2;0;1;0;1;0;1;2;-9,37725748;-40,53543091;"SPRF-PE";"DEL06-PE";"UOP01-DEL06-PE"
117031;2018-03-09;"sexta-feira";"15:50:00";"RN";304;40,7;"MOSSORO";"Falta de Atenção à Condução";"Colisão transversal";"Sem Vítimas";"Pleno dia";"Crescente";"Sol";"Dupla";"Retorno Regulamentado";"Sim";2;0;0;0;2;0;0;2;-5,20192161;-37,37720346;"SPRF-RN";"DEL04-RN";"UOP01-DEL04-RN"
117032;2018-03-09;"sexta-feira";"19:00:00";"BA";324;2;"FEIRA DE SANTANA";"Falta de Atenção à Condução";"Colisão traseira";"Com Vítimas Feridas";"Plena Noite";"Decrescente";"Céu Claro";"Simples";"Reta";"Sim";2;0;2;0;0;0;2;2;-12,267113;-38,966988;"SPRF-BA";"DEL02-BA";"UOP01-DEL02-BA"
117034;2018-03-09;"sexta-feira";"10:00:00";"AP";156;449;"TARTARUGALZINHO";"Velocidade Incompatível";"Saída de leito carroçável";"Com Vítimas Fatais";"Pleno dia";"Decrescente";"Céu Claro";"Simples";"Reta";"Não";7;2;1;4;0;0;5;1;1,251274;-50,97945;"SPRF-AP";"DEL01-AP";"UOP02-DEL01-AP"