"id";"data_inversa";"dia_semana";"horario";"uf";"br";"km";"municipio";"causa_acidente";"tipo_acidente";"classificacao_acidente";"fase_dia";"sentido_via";"condicao_metereologica";"tipo_pista";"tracado_via";"uso_solo";"pessoas";"mortos";"feridos_leves";"feridos_graves";"ilesos";"ignorados";"feridos";"veiculos";"latitude";"longitude";"regional";"delegacia";"uop"
117035;2018-03-09;"sexta-feira";"18:30:00";"SC";116;247;"LAGES";"Pista Escorregadia";"Saída de leito carroçável";"Sem Vítimas";"Plena Noite";"Decrescente";"Céu Claro";"Simples";"Reta";"Sim";1;0;0;0;1;0;0;1;-27,804199;-50,365093;"SPRF-SC";"DEL05-SC";"UOP02-DEL05-SC"
117036;2018-03-09;"sexta-feira";"19:35:00";"PR";376;49;"LOANDA";"Fenômenos da Natureza";"Capotamento";"Com Vítimas Feridas";"Plena Noite";"Decrescente";"Chuva";"Simples";"Reta";"Não";4;0;4;0;0;0;4;1;-22,865463;-52,961361;"SPRF-PR";"DEL07-PR";"UOP02-DEL09-PR"
117039;2018-03-09;"sexta-feira";"17:45:00";"MG";40;515;"RIBEIRAO DAS NEVES";"Falta de Atenção à Condução";"Colisão traseira";"Com Vítimas Feridas";"Anoitecer";"Decrescente";"Nublado";"Dupla";"Aclive;Reta";"Sim";3;0;1;1;1;0;2;2;-19,819;-44,0869;"SPRF-MG";"DEL01-MG";"UOP03-DEL01-MG"
117040;2018-03-09;"sexta-feira";"18:40:00";"MG";381;481,7;"BETIM";"Falta de Atenção à Condução";"Colisão lateral";"Com Vítimas Feridas";"Anoitecer";"Crescente";"Nublado";"Múltipla";"Reta";"Sim";2;0;1;0;1;0;1;2;-19,959;-44,0704;"SPRF-MG";"DEL01-MG";"UOP03-DEL01-MG"
117041;2018-03-09;"sexta-feira";"18:10:00";"CE";116;345,1;"ICO";"Defeito na Via";"Capotamento";"Sem Vítimas";"Anoitecer";"Crescente";"Céu Claro";"Simples";"Reta";"Não";1;0;0;0;1;0;0;1;-6,1473818;-38,65264893;"SPRF-CE";"DEL05-CE";"UOP02-DEL05-CE"
117043;2018-03-09;"sexta-feira";"19:45:00";"GO";40;9;"LUZIANIA";"Falta de Atenção à Condução";"Queda de ocupante de veículo";"Com Vítimas Feridas";"Plena Noite";"Crescente";"Nublado";"Dupla";"Reta";"Sim";1;0;1;0;0;0;1;1;-16,1312245;-47,9578767;"SPRF-DF";"DEL01-DF";"UOP01-DEL01-DF"
117044;2018-03-09;"sexta-feira";"18:00:00";"SC";116;58,3;"PAPANDUVA";"Desobediência às normas de trânsito pelo condutor";"Colisão frontal";"Com Vítimas Feridas";"Anoitecer";"Crescente";"Céu Claro";"Simples";"Reta";"Não";6;0;4;2;0;0;6;2;-26,379332;-50,207748;"SPRF-SC";"DEL06-SC";"UOP02-DEL06-SC"
117045;2018-03-09;"sexta-feira";"19:05:00";"PR";476;124;"CURITIBA";"Não guardar distância de segurança";"Colisão traseira";"Com Vítimas Feridas";"Plena Noite";"Crescente";"Céu Claro";"Dupla";"Declive";"Sim";2;0;1;0;1;0;1;2;-25,399845;-49,215855;"SPRF-PR";"DEL01-PR";"UOP07-DEL01-PR"
117046;2018-03-09;"sexta-feira";"19:30:00";"SC";101;124,5;"ITAJAI";"Falta de Atenção à Condução";"Colisão traseira";"Com Vítimas Feridas";"Plena Noite";"Decrescente";"Nublado";"Dupla";"Reta";"Sim";6;0;1;1;4;0;2;4;-26,95294496;-48,69026187;"SPRF-SC";"DEL04-SC";"UOP04-DEL04-SC"
117048;2018-03-09;"sexta-feira";"18:50:00";"CE";116;166;"RUSSAS";"Falta de Atenção à Condução";"Colisão traseira";"Com Vítimas Feridas";"Plena Noite";"Crescente";"Céu Claro";"Simples";"Curva";"Sim";2;0;1;0;0;1;1;2;-4,929619;-37,989922;"SPRF-CE";"DEL03-CE";"UOP01-DEL03-CE"
117050;2018-03-09;"sexta-feira";"19:30:00";"PR";277;593;"CASCAVEL";"Falta de Atenção à Condução";"Colisão traseira";"Sem Vítimas";"Plena Noite";"Crescente";"Nublado";"Simples";"Reta";"Sim";1;0;0;0;1;0;0;1;-25,02817;-53,55983;"SPRF-PR";"DEL04-PR";"UOP01-DEL04-PR"
117051;2018-03-09;"sexta-feira";"19:45:00";"RS";116;514;"PELOTAS";"Falta de Atenção à Condução";"Saída de leito carroçável";"Com Vítimas Feridas";"Plena Noite";"Crescente";"Céu Claro";"Simples";"Reta";"Sim";1;0;1;0;0;0;1;1;-31,67923732;-52,33982742;"SPRF-RS";"DEL07-RS";"UOP01-DEL07-RS"
117057;2018-03-09;"sexta-feira";"20:05:00";"CE";116;533,4;"JATI";"Falta de Atenção do Pedestre";"Atropelamento de Pedestre";"Com Vítimas Fatais";"Plena Noite";"Decrescente";"Céu Claro";"Simples";"Declive";"Não";2;1;0;0;0;1;0;2;-7,73547448;-39,04894124;"SPRF-CE";"DEL05-CE";"UOP03-DEL05-CE"
117059;2018-03-09;"sexta-feira";"18:45:00";"MS";60;562,6;"NIOAQUE";"Animais na Pista";"Atropelamento de Animal";"Com Vítimas Feridas";"Plena Noite";"Crescente";"Céu Claro";"Simples";"Declive";"Não";1;0;1;0;0;0;1;1;-21,34310671;-56,00418091;"SPRF-MS";"DEL05-MS";"UOP01-DEL05-MS"
117060;2018-03-09;"sexta-feira";"19:00:00";"BA";110;370;"CATU";"Desobediência às normas de trânsito pelo condutor";"Colisão frontal";"Com Vítimas Feridas";"Plena Noite";"Crescente";"Céu Claro";"Dupla";"Interseção de Vias";"Sim";3;0;2;0;1;0;2;2;-12,37678552;-38,36021593;"SPRF-BA";"DEL01-BA";"UOP04-DEL01-BA"
117061;2018-03-09;"sexta-feira";"17:45:00";"SC";280;238,8;"CANOINHAS";"Falta de Atenção à Condução";"Saída de leito carroçável";"Com Vítimas Feridas";"Pleno dia";"Crescente";"Sol";"Simples";"Reta";"Não";3;0;2;1;0;0;3;1;-26,205389;-50,438919;"SPRF-SC";"DEL06-SC";"UOP04-DEL06-SC"
117062;2018-03-09;"sexta-feira";"21:10:00";"RJ";116;175;"MESQUITA";"Falta de Atenção do Pedestre";"Atropelamento de Pedestre";"Com Vítimas Fatais";"Pleno dia";"Decrescente";"Nublado";"Dupla";"Reta";"Sim";4;1;0;0;2;1;0;4;-22,76067453;-43,42522413;"SPRF-RJ";"DEL01-RJ";"UOP02-DEL01-RJ"
117063;2018-03-09;"sexta-feira";"21:00:00";"RS";293;61,3;"PIRATINI";"Falta de Atenção à Condução";"Saída de leito carroçável";"Com Vítimas Feridas";"Plena Noite";"Decrescente";"Céu Claro";"Dupla";"Reta";"Não";2;0;1;0;0;1;1;2;-31,702238;-52,934551;"SPRF-RS";"DEL07-RS";"UOP01-DEL07-RS"
117064;2018-03-09;"sexta-feira";"21:30:00";"GO";60;5;"SANTO ANTONIO DO DESCOBERTO";"Velocidade Incompatível";"Capotamento";"Sem Vítimas";"Plena Noite";"Crescente";"Chuva";"Dupla";"Curva";"Não";1;0;0;0;1;0;0;1;-16,09181515;-48,27925617;"SPRF-DF";"DEL01-DF";"UOP01-DEL03-DF"
117067;2018-03-09;"sexta-feira";"21:00:00";"BA";116;3;"VITORIA DA CONQUISTA";"Falta de Atenção à Condução";"Tombamento";"Com Vítimas Feridas";"Plena Noite";"Crescente";"Céu Claro";"Simples";"Reta";"Não";1;0;1;0;0;0;1;1;-14,83064645;-40,86364746;"SPRF-PE";"DEL05-PE";"UOP03-DEL05-PE"
117068;2018-03-09;"sexta-feira";"21:25:00";"BA";324;355;"CAPIM GROSSO";"Ingestão de Álcool";"Tombamento";"Com Vítimas Feridas";"Plena Noite";"Decrescente";"Nublado";"Múltipla";"Rotatória";"Sim";1;0;1;0;0;0;1;1;-11,38445549;-40,0012207;"SPRF-BA";"DEL04-BA";"UOP02-DEL04-BA"
117069;2018-03-09;"sexta-feira";"21:40:00";"SC";470;69,9;"INDAIAL";"Desobediência às normas de trânsito pelo condutor";"Colisão transversal";"Com Vítimas Feridas";"Plena Noite";"Decrescente";"Céu Claro";"Simples";"Reta";"Sim";2;0;1;0;0;1;1;2;-26,87799908;-49,23977584;"SPRF-SC";"DEL04-SC";"UOP01-DEL04-SC"
117070;2018-03-09;"sexta-feira";"21:20:00";"RJ";116;66,4;"TERESOPOLIS";"Restrição de Visibilidade";"Atropelamento de Pedestre";"Com Vítimas Feridas";"Plena Noite";"Crescente";"Céu Claro";"Simples";"Curva";"Não";2;0;0;1;0;1;1;2;-22,28869933;-42,93130875;"SPRF-RJ";"DEL04-RJ";"UOP01-DEL04-RJ"
117071;2018-03-09;"sexta-feira";"19:15:00";"AC";364;138;"RIO BRANCO";"Desobediência às normas de trânsito pelo condutor";"Colisão transversal";"Com Vítimas Feridas";"Plena Noite";"Crescente";"Céu Claro";"Dupla";"Rotatória";"Sim";2;0;0;1;1;0;1;2;-9,961135;-67,856461;"SPRF-AC";"DEL01-AC";"UOP01-DEL01-AC"
117072;2018-03-09;"sexta-feira";"18:40:00";"MT";70;728;"CACERES";"Desobediência às normas de trânsito pelo condutor";"Atropelamento de Pedestre";"Com Vítimas Feridas";"Plena Noite";"Decrescente";"Nublado";"Simples";"Reta";"Não";2;0;2;0;0;0;2;2;-16,15400669;-57,62075901;"SPRF-MT";"DEL03-MT";"UOP01-DEL03-MT"
117074;2018-03-09;"sexta-feira";"20:50:00";"RS";392;352,6;"SANTA MARIA";"Falta de Atenção à Condução";"Colisão lateral";"Com Vítimas Feridas";"Plena Noite";"Crescente";"Céu Claro";"Simples";"Reta";"Sim";2;0;1;0;0;1;1;2;-29,720404;-53,807632;"SPRF-RS";"DEL09-RS";"UOP01-DEL09-RS"
117077;2018-03-09;"sexta-feira";"21:30:00";"MA";135;9;"SAO LUIS";"Falta de Atenção à Condução";"Colisão traseira";"Com Vítimas Feridas";"Plena Noite";"Decrescente";"Céu Claro";"Dupla";"Aclive";"Sim";2;0;1;1;0;0;2;2;-2,649437;-44,280422;"SPRF-MA";"DEL01-MA";"UOP01-DEL01-MA"
117078;2018-03-09;"sexta-feira";"19:00:00";"RJ";101;542;"PARATY";"Fenômenos da Natureza";"Saída de leito carroçável";"Com Vítimas Feridas";"Plena Noite";"Decrescente";"Chuva";"Simples";"Curva";"Não";1;0;1;0;0;0;1;1;-23,05572553;-44,58938599;"SPRF-RJ";"DEL03-RJ";"UOP02-DEL03-RJ"
117079;2018-03-09;"sexta-feira";"22:20:00";"PB";230;234,2;"JUAZEIRINHO";"Velocidade Incompatível";"Atropelamento de Animal";"Com Vítimas Feridas";"Plena Noite";"Crescente";"Céu Claro";"Simples";"Reta";"Não";3;0;1;0;2;0;1;1;-7,043813;-36,52056634;"SPRF-PB";"DEL02-PB";"UOP02-DEL02-PB"
117080;2018-03-09;"sexta-feira";"12:33:00";"PR";277;708,5;"SANTA TEREZINHA DE ITAIPU";"Velocidade Incompatível";"Saída de leito carroçável";"Com Vítimas Feridas";"Pleno dia";"Decrescente";"Céu Claro";"Dupla";"Reta";"Sim";2;0;1;1;0;0;2;1;-25,442902;-54,395679;"SPRF-PR";"DEL05-PR";"UOP01-DEL05-PR"
117081;2018-03-09;"sexta-feira";"22:02:00";"TO";235;193;"GUARAI";"Falta de Atenção à Condução";"Queda de ocupante de veículo";"Com Vítimas Feridas";"Plena Noite";"Crescente";"Céu Claro";"Simples";"Reta";"Não";1;0;1;0;0;0;1;1;-8,96067527;-48,4236925;"SPRF-TO";"DEL02-TO";"UOP02-DEL02-TO"
117082;2018-03-09;"sexta-feira";"22:40:00";"RS";116;264,5;"CANOAS";"Desobediência às normas de trânsito pelo condutor";"Colisão lateral";"Com Vítimas Feridas";"Plena Noite";"Decrescente";"Céu Claro";"Múltipla";"Reta";"Sim";2;0;0;1;1;0;1;2;-29,91328127;-51,17637634;"SPRF-RS";"DEL01-RS";"UOP01-DEL01-RS"
117084;2018-03-06;"terça-feira";"10:40:00";"SP";153;51;"SAO JOSE DO RIO PRETO";"Objeto estático sobre o leito carroçável";"Colisão com objeto em movimento";"Sem Vítimas";"Pleno dia";"Crescente";"Nublado";"Simples";"Reta";"Não";2;0;0;0;2;0;0;1;-20,717976;-49,338745;"SPRF-SP";"DEL09-SP";"UOP01-DEL09-SP"
117085;2018-03-09;"sexta-feira";"20:10:00";"SC";282;503,2;"XANXERE";"Objeto estático sobre o leito carroçável";"Colisão com objeto estático";"Sem Vítimas";"Plena Noite";"Crescente";"Céu Claro";"Dupla";"Curva";"Sim";2;0;0;0;1;1;0;2;-26,88492;-52,399788;"SPRF-SC";"DEL07-SC";"UOP01-DEL07-SC"
117087;2018-03-09;"sexta-feira";"20:35:00";"RS";287;459,3;"SAO BORJA";"Animais na Pista";"Atropelamento de Animal";"Sem Vítimas";"Plena Noite";"Crescente";"Céu Claro";"Simples";"Reta";"Não";3;0;0;0;3;0;0;1;-28,977058;-55,361931;"SPRF-RS";"DEL12-RS";"UOP01-DEL12-RS"
117089;2018-03-09;"sexta-feira";"23:10:00";"DF";70;19;"BRASILIA";"Falta de Atenção à Condução";"Capotamento";"Sem Vítimas";"Plena Noite";"Crescente";"Chuva";"Dupla";"Curva";"Não";1;0;0;0;1;0;0;1;-15,788868;-48,220242;"SPRF-DF";"DEL01-DF";"UOP02-DEL03-DF"
117090;2018-03-09;"sexta-feira";"22:30:00";"BA";116;11,9;"VITORIA DA CONQUISTA";"Ingestão de Álcool";"Colisão transversal";"Com Vítimas Feridas";"Plena Noite";"Crescente";"Céu Claro";"Simples";"Reta";"Sim";2;0;2;0;0;0;2;2;-14,88639602;-40,8732605;"SPRF-PE";"DEL05-PE";"UOP03-DEL05-PE"
117091;2018-03-09;"sexta-feira";"23:05:00";"PR";116;142,8;"MANDIRITUBA";"Falta de Atenção à Condução";"Queda de ocupante de veículo";"Com Vítimas Feridas";"Plena Noite";"Crescente";"Nublado";"Simples";"Declive";"Não";1;0;0;1;0;0;1;1;-25,772902;-49,323254;"SPRF-PR";"DEL01-PR";"UOP03-DEL01-PR"
117092;2018-03-10;"sábado";"00:00:00";"ES";101;142;"LINHARES";"Avarias e/ou desgaste excessivo no pneu";"Colisão com objeto estático";"Com Vítimas Feridas";"Plena Noite";"Crescente";"Nublado";"Dupla";"Reta";"Sim";4;0;0;3;0;1;3;1;-19,33410569;-40,0681901;"SPRF-ES";"DEL04-ES";"UOP01-DEL04-ES"
117094;2018-03-10;"sábado";"00:05:00";"MG";381;493,5;"BETIM";"Falta de Atenção à Condução";"Colisão traseira";"Com Vítimas Feridas";"Plena Noite";"Decrescente";"Céu Claro";"Múltipla";"Reta";"Sim";3;0;2;0;1;0;2;2;-19,96569017;-44,17577326;"SPRF-MG";"DEL01-MG";"UOP03-DEL01-MG"
117097;2018-03-09;"sexta-feira";"22:35:00";"PR";467;79;"TOLEDO";"Ingestão de Álcool";"Saída de leito carroçável";"Com Vítimas Feridas";"Plena Noite";"Crescente";"Céu Claro";"Dupla";"Curva";"Não";4;0;0;1;3;0;1;1;-24,7786;-53,6791;"SPRF-PR";"DEL04-PR";"UOP05-DEL05-PR"
117099;2018-03-10;"sábado";"00:30:00";"GO";60;178,6;"ABADIA DE GOIAS";"Ingestão de Álcool";"Capotamento";"Com Vítimas Feridas";"Plena Noite";"Decrescente";"Chuva";"Dupla";"Reta";"Não";1;0;1;0;0;0;1;1;-16,7602;-49,4578;"SPRF-GO";"DEL01-GO";"UOP02-DEL01-GO"
117100;2018-03-10;"sábado";"00:40:00";"AL";101;173,8;"TEOTONIO VILELA";"Ingestão de Álcool";"Colisão lateral";"Com Vítimas Feridas";"Plena Noite";"Crescente";"Céu Claro";"Simples";"Reta";"Sim";2;0;1;0;1;0;1;2;-9,90933267;-36,33384705;"SPRF-AL";"DEL02-AL";"UOP02-DEL02-AL"
117102;2018-03-09;"sexta-feira";"23:45:00";"BA";101;712,6;"EUNAPOLIS";"Falta de Atenção à Condução";"Saída de leito carroçável";"Com Vítimas Feridas";"Plena Noite";"Crescente";"Céu Claro";"Simples";"Reta";"Sim";4;0;1;0;3;0;1;1;-16,33389514;-39,58157301;"SPRF-BA";"DEL09-BA";"UOP01-DEL09-BA"
117103;2018-03-10;"sábado";"00:45:00";"SC";101;211,7;"PALHOCA";"Desobediência às normas de trânsito pelo condutor";"Queda de ocupante de veículo";"Com Vítimas Feridas";"Plena Noite";"Crescente";"Céu Claro";"Dupla";"Interseção de Vias";"Não";1;0;1;0;0;0;1;1;-27,63609041;-48,66095781;"SPRF-SC";"DEL01-SC";"UOP02-DEL01-SC"
117105;2018-03-09;"sexta-feira";"21:00:00";"MA";222;544;"BURITICUPU";"Ingestão de Álcool";"Colisão frontal";"Com Vítimas Feridas";"Plena Noite";"Decrescente";"Céu Claro";"Simples";"Aclive";"Não";2;0;1;0;1;0;1;2;-4,31217696;-46,46118164;"SPRF-MA";"DEL04-MA";"UOP03-DEL04-MA"
117109;2018-03-10;"sábado";"00:30:00";"RJ";493;19,9;"MAGE";"Ingestão de Álcool";"Colisão frontal";"Com Vítimas Feridas";"Plena Noite";"Crescente";"Céu Claro";"Simples";"Reta";"Sim";3;0;2;0;1;0;2;3;-22,6635624;-43,0355897;"SPRF-RJ";"DEL04-RJ";"UOP02-DEL04-RJ"
117110;2018-03-10;"sábado";"01:55:00";"SC";470;4;"NAVEGANTES";"Desobediência às normas de trânsito pelo condutor";"Colisão lateral";"Com Vítimas Feridas";"Plena Noite";"Decrescente";"Céu Claro";"Simples";"Reta";"Não";3;0;0;2;1;0;2;2;-26,858473;-48,690788;"SPRF-SC";"DEL04-SC";"UOP04-DEL04-SC"
117111;2018-03-10;"sábado";"02:50:00";"RS";116;150,2;"CAXIAS DO SUL";"Desobediência às normas de trânsito pelo condutor";"Colisão transversal";"Sem Vítimas";"Plena Noite";"Crescente";"Céu Claro";"Dupla";"Interseção de Vias";"Sim";2;0;0;0;2;0;0;2;-29,17117554;-51,15991294;"SPRF-RS";"DEL05-RS";"UOP01-DEL05-RS"
117112;2018-03-10;"sábado";"02:10:00";"RJ";116;167;"SAO JOAO DE MERITI";"Falta de Atenção à Condução";"Colisão traseira";"Com Vítimas Feridas";"Plena Noite";"Decrescente";"Nublado";"Dupla";"Reta";"Não";2;0;1;0;0;1;1;2;-22,818039;-43,307873;"SPRF-RJ";"DEL01-RJ";"UOP02-DEL01-RJ"
117113;2018-03-10;"sábado";"03:36:00";"PE";408;64,8;"CARPINA";"Falta de Atenção à Condução";"Queda de ocupante de veículo";"Com Vítimas Fatais";"Amanhecer";"Crescente";"Céu Claro";"Simples";"Reta";"Sim";1;1;0;0;0;0;0;1;-7,852006;-35,220448;"SPRF-PE";"DEL01-PE";"UOP01-DEL01-PE"
117114;2018-03-10;"sábado";"03:35:00";"PR";277;588;"CASCAVEL";"Falta de Atenção à Condução";"Queda de ocupante de veículo";"Com Vítimas Feridas";"Plena Noite";"Crescente";"Nublado";"Simples";"Declive";"Sim";1;0;0;1;0;0;1;1;-25,02817;-53,55983;"SPRF-PR";"DEL04-PR";"UOP01-DEL04-PR"
117118;2018-03-09;"sexta-feira";"23:00:00";"PR";158;526;"PATO BRANCO";"Ingestão de Álcool";"Colisão traseira";"Sem Vítimas";"Plena Noite";"Crescente";"Céu Claro";"Dupla";"Interseção de Vias";"Sim";3;0;0;0;3;0;0;2;-26,25198905;-52,70783186;"SPRF-PR";"DEL02-PR";"UOP01-DEL02-PR"
117119;2018-03-10;"sábado";"01:10:00";"SC";101;110;"NAVEGANTES";"Velocidade Incompatível";"Saída de leito carroçável";"Com Vítimas Fatais";"Plena Noite";"Decrescente";"Chuva";"Dupla";"Curva";"Não";1;1;0;0;0;0;0;1;-26,8397;-48,714;"SPRF-SC";"DEL03-SC";"UOP02-DEL03-SC"
117120;2018-03-10;"sábado";"04:30:00";"RS";392;351,9;"SANTA MARIA";"Desobediência às normas de trânsito pelo condutor";"Colisão frontal";"Com Vítimas Feridas";"Plena Noite";"Decrescente";"Nublado";"Simples";"Curva";"Sim";2;0;0;1;0;1;1;2;-29,728384;-53,803284;"SPRF-RS";"DEL09-RS";"UOP01-DEL09-RS"
117121;2018-03-10;"sábado";"03:50:00";"SC";101;272;"IMBITUBA";"Desobediência às normas de trânsito pelo condutor";"Colisão frontal";"Com Vítimas Feridas";"Plena Noite";"Crescente";"Céu Claro";"Simples";"Viaduto";"Não";4;0;1;1;2;0;2;2;-28,1369;-48,692;"SPRF-SC";"DEL02-SC";"UOP03-DEL02-SC"
117122;2018-03-10;"sábado";"02:30:00";"MG";50;74;"UBERLANDIA";"Falta de Atenção à Condução";"Colisão traseira";"Com Vítimas Feridas";"Plena Noite";"Crescente";"Céu Claro";"Dupla";"Reta";"Sim";2;0;1;1;0;0;2;2;-18,90757834;-48,22782649;"SPRF-MG";"DEL15-MG";"UOP01-DEL15-MG"
117124;2018-03-10;"sábado";"04:50:00";"PR";116;110;"SAO JOSE DOS PINHAIS";"Velocidade Incompatível";"Saída de leito carroçável";"Com Vítimas Fatais";"Plena Noite";"Decrescente";"Céu Claro";"Dupla";"Reta";"Sim";1;1;0;0;0;0;0;1;-25,569897;-49,187782;"SPRF-PR";"DEL01-PR";"UOP07-DEL01-PR"
117125;2018-03-10;"sábado";"05:00:00";"SC";470;144;"RIO DO SUL";"Condutor Dormindo";"Colisão lateral";"Com Vítimas Feridas";"Amanhecer";"Decrescente";"Céu Claro";"Simples";"Curva";"Não";2;0;0;1;1;0;1;2;-27,21635766;-49,6538955;"SPRF-SC";"DEL04-SC";"UOP02-DEL04-SC"
117127;2018-03-10;"sábado";"05:00:00";"GO";20;131,8;"FLORES DE GOIAS";"Ultrapassagem Indevida";"Colisão frontal";"Com Vítimas Feridas";"Amanhecer";"Decrescente";"Chuva";"Simples";"Reta;Aclive";"Não";9;0;2;2;5;0;4;2;-14,840312;-46,730885;"SPRF-DF";"DEL02-DF";"UOP03-DEL02-DF"
117128;2018-03-10;"sábado";"04:30:00";"MS";262;312,8;"CAMPO GRANDE";"Ingestão de Álcool";"Atropelamento de Pedestre";"Com Vítimas Feridas";"Plena Noite";"Crescente";"Céu Claro";"Simples";"Reta";"Não";4;0;1;2;0;1;3;2;-20,472744;-54,408177;"SPRF-MS";"DEL01-MS";"UOP01-DEL01-MS"
117130;2018-03-10;"sábado";"05:15:00";"SC";470;8;"NAVEGANTES";"Ingestão de Álcool";"Colisão frontal";"Com Vítimas Feridas";"Plena Noite";"Crescente";"Céu Claro";"Simples";"Reta";"Não";4;0;4;0;0;0;4;2;-26,83688;-48,718853;"SPRF-SC";"DEL04-SC";"UOP04-DEL04-SC"
117134;2018-03-10;"sábado";"04:40:00";"ES";262;174;"IBATIBA";"Condutor Dormindo";"Colisão com objeto estático";"Com Vítimas Feridas";"Amanhecer";"Decrescente";"Chuva";"Simples";"Reta;Declive;Ponte";"Não";1;0;1;0;0;0;1;1;-20,26926253;-41,60920836;"SPRF-ES";"DEL01-ES";"UOP02-DEL01-ES"
117135;2018-03-10;"sábado";"05:30:00";"RJ";101;326;"NITEROI";"Desobediência às normas de trânsito pelo condutor";"Colisão lateral";"Com Vítimas Feridas";"Pleno dia";"Decrescente";"Céu Claro";"Dupla";"Reta";"Sim";8;0;6;0;2;0;6;2;-22,872055;-43,146187;"SPRF-RJ";"DEL02-RJ";"UOP02-DEL02-RJ"
117136;2018-03-10;"sábado";"05:50:00";"SC";101;217;"PALHOCA";"Avarias e/ou desgaste excessivo no pneu";"Tombamento";"Com Vítimas Feridas";"Amanhecer";"Decrescente";"Nublado";"Dupla";"Reta";"Sim";2;0;2;0;0;0;2;1;-27,6771;-48,67;"SPRF-SC";"DEL01-SC";"UOP02-DEL01-SC"
117139;2018-03-10;"sábado";"06:10:00";"AL";101;137;"SAO MIGUEL DOS CAMPOS";"Falta de Atenção à Condução";"Colisão transversal";"Sem Vítimas";"Amanhecer";"Decrescente";"Céu Claro";"Simples";"Curva";"Não";2;0;0;0;2;0;0;2;-9,802605;-36,11277;"SPRF-AL";"DEL02-AL";"UOP01-DEL02-AL"
117141;2018-03-10;"sábado";"05:00:00";"MG";116;415,5;"GOVERNADOR VALADARES";"Falta de Atenção à Condução";"Tombamento";"Com Vítimas Feridas";"Amanhecer";"Crescente";"Nublado";"Simples";"Reta";"Sim";1;0;0;1;0;0;1;1;-18,88412247;-41,94918305;"SPRF-MG";"DEL06-MG";"UOP01-DEL06-MG"
117142;2018-03-10;"sábado";"05:30:00";"MS";163;626,6;"SAO GABRIEL DO OESTE";"Defeito Mecânico no Veículo";"Capotamento";"Com Vítimas Feridas";"Amanhecer";"Decrescente";"Céu Claro";"Simples";"Reta";"Não";1;0;0;1;0;0;1;1;-19,3046226;-54,62611288;"SPRF-MS";"DEL06-MS";"UOP02-DEL06-MS"
117143;2018-03-10;"sábado";"06:30:00";"SP";116;270,8;"TABOAO DA SERRA";"Velocidade Incompatível";"Colisão com objeto estático";"Sem Vítimas";"Pleno dia";"Crescente";"Nublado";"Dupla";"Reta";"Sim";1;0;0;0;1;0;0;1;-23,60766831;-46,76700175;"SPRF-SP";"DEL04-SP";"UOP01-DEL04-SP"
117144;2018-03-10;"sábado";"06:30:00";"MG";381;506;"SAO JOAQUIM DE BICAS";"Velocidade Incompatível";"Colisão com objeto estático";"Sem Vítimas";"Pleno dia";"Crescente";"Chuva";"Dupla";"Reta";"Sim";1;0;0;0;0;1;0;1;-20,0411;-44,2619;"SPRF-MG";"DEL01-MG";"UOP03-DEL01-MG"
117147;2018-03-10;"sábado";"06:20:00";"PR";369;365;"CAMPO MOURAO";"Velocidade Incompatível";"Colisão com objeto estático";"Com Vítimas Feridas";"Pleno dia";"Decrescente";"Céu Claro";"Simples";"Reta";"Não";1;0;0;1;0;0;1;1;-24,1077;-52,4351;"SPRF-PR";"DEL04-PR";"UOP03-DEL09-PR"
117148;2018-03-10;"sábado";"06:30:00";"RJ";116;179;"NOVA IGUACU";"Velocidade Incompatível";"Saída de leito carroçável";"Com Vítimas Feridas";"Pleno dia";"Crescente";"Nublado";"Dupla";"Reta";"Sim";2;0;1;1;0;0;2;1;-22,74953909;-43,44148636;"SPRF-RJ";"DEL01-RJ";"UOP02-DEL01-RJ"
117149;2018-03-10;"sábado";"03:45:00";"MS";267;193;"NOVA ALVORADA DO SUL";"Condutor Dormindo";"Saída de leito carroçável";"Com Vítimas Feridas";"Plena Noite";"Crescente";"Céu Claro";"Simples";"Curva";"Não";3;0;3;0;0;0;3;1;-21,59713318;-53,88980091;"SPRF-MS";"DEL02-MS";"DEL3/7-UOP02/MS"
117150;2018-03-10;"sábado";"04:50:00";"RO";364;525,5;"ARIQUEMES";"Defeito na Via";"Tombamento";"Com Vítimas Feridas";"Amanhecer";"Crescente";"Chuva";"Simples";"Reta";"Não";1;0;1;0;0;0;1;1;-9,836729;-63,065918;"SPRF-RO";"DEL03-RO";"UOP01-DEL03-RO"
117153;2018-03-09;"sexta-feira";"21:15:00";"PR";277;718;"SANTA TEREZINHA DE ITAIPU";"Defeito Mecânico no Veículo";"Queda de ocupante de veículo";"Com Vítimas Feridas";"Plena Noite";"Decrescente";"Céu Claro";"Dupla";"Reta";"Não";1;0;1;0;0;0;1;1;-25,480068;-54,485416;"SPRF-PR";"DEL05-PR";"UOP01-DEL05-PR"
117155;2018-03-10;"sábado";"07:20:00";"SC";101;205,8;"SAO JOSE";"Falta de Atenção à Condução";"Colisão lateral";"Com Vítimas Feridas";"Pleno dia";"Crescente";"Nublado";"Dupla";"Reta";"Sim";2;0;1;0;0;1;1;2;-27,591;-48,618;"SPRF-SC";"DEL01-SC";"UOP01-DEL01-SC"