"id";"data_inversa";"dia_semana";"horario";"uf";"br";"km";"municipio";"causa_acidente";"tipo_acidente";"classificacao_acidente";"fase_dia";"sentido_via";"condicao_metereologica";"tipo_pista";"tracado_via";"uso_solo";"pessoas";"mortos";"feridos_leves";"feridos_graves";"ilesos";"ignorados";"feridos";"veiculos";"latitude";"longitude";"regional";"delegacia";"uop"
117158;2018-03-10;"sábado";"07:25:00";"RS";116;236;"NOVO HAMBURGO";"Ingestão de Álcool";"Colisão traseira";"Sem Vítimas";"Pleno dia";"Crescente";"Sol";"Múltipla";"Reta";"Sim";3;0;0;0;3;0;0;3;-29,68566667;-51,14112139;"SPRF-RS";"DEL01-RS";"UOP02-DEL01-RS"
117159;2018-03-10;"sábado";"06:00:00";"MG";365;139,9;"VARZEA DA PALMA";"Velocidade Incompatível";"Saída de leito carroçável";"Com Vítimas Feridas";"Amanhecer";"Crescente";"Ignorado";"Simples";"Curva";"Não";1;0;1;0;0;0;1;1;-17,19854472;-44,81942782;"SPRF-MG";"DEL12-MG";"UOP01-DEL12-MG"
117160;2018-01-18;"quinta-feira";"19:40:00";"PB";101;82,9;"BAYEUX";"Restrição de Visibilidade";"Colisão traseira";"Com Vítimas Feridas";"Plena Noite";"Decrescente";"Céu Claro";"Múltipla";"Reta";"Sim";3;0;0;2;0;1;2;2;-7,12769995;-34,9397101;"SPRF-PB";"DEL01-PB";"UOP01-DEL01-PB"
117164;2018-03-10;"sábado";"03:00:00";"RJ";101;12;"CAMPOS DOS GOYTACAZES";"Falta de Atenção à Condução";"Queda de ocupante de veículo";"Com Vítimas Feridas";"Plena Noite";"Decrescente";"Ignorado";"Simples";"Reta";"Não";2;0;2;0;0;0;2;1;-21,316484;-41,325775;"SPRF-RJ";"DEL08-RJ";"UOP01-DEL08-RJ"
117165;2018-03-10;"sábado";"07:30:00";"MG";262;382;"JUATUBA";"Avarias e/ou desgaste excessivo no pneu";"Tombamento";"Sem Vítimas";"Amanhecer";"Crescente";"Garoa/Chuvisco";"Dupla";"Curva";"Não";1;0;0;0;1;0;0;1;-19,93698244;-44,44784528;"SPRF-MG";"DEL01-MG";"UOP03-DEL01-MG"
117166;2018-03-10;"sábado";"08:00:00";"MG";116;651,7;"FERVEDOURO";"Velocidade Incompatível";"Colisão com objeto estático";"Com Vítimas Feridas";"Pleno dia";"Crescente";"Nublado";"Simples";"Curva";"Sim";2;0;1;0;1;0;1;1;-20,715635;-42,281895;"SPRF-MG";"DEL07-MG";"UOP03-DEL07-MG"
117167;2018-03-10;"sábado";"08:15:00";"SP";116;162;"JACAREI";"Velocidade Incompatível";"Queda de ocupante de veículo";"Com Vítimas Feridas";"Pleno dia";"Crescente";"Nublado";"Dupla";"Curva";"Sim";1;0;1;0;0;0;1;1;-23,27996132;-45,98275781;"SPRF-SP";"DEL02-SP";"UOP01-DEL02-SP"
117169;2018-03-10;"sábado";"02:00:00";"RJ";116;291;"PORTO REAL";"Ingestão de Álcool";"Tombamento";"Com Vítimas Feridas";"Plena Noite";"Decrescente";"Céu Claro";"Dupla";"Reta";"Não";1;0;1;0;0;0;1;1;-22,449371;-44,321712;"SPRF-RJ";"DEL07-RJ";"DEL5/7-UOP03/RJ"
117171;2018-03-10;"sábado";"08:20:00";"GO";60;49;"APARECIDA DE GOIANIA";"Desobediência às normas de trânsito pelo condutor";"Colisão lateral";"Com Vítimas Feridas";"Pleno dia";"Crescente";"Céu Claro";"Dupla";"Reta";"Sim";3;0;0;1;1;1;1;3;-16,8101;-49,2397;"SPRF-GO";"DEL01-GO";"UOP03-DEL01-GO"
117173;2018-03-10;"sábado";"07:40:00";"MS";262;102,8;"AGUA CLARA";"Mal Súbito";"Colisão frontal";"Com Vítimas Fatais";"Amanhecer";"Crescente";"Céu Claro";"Simples";"Reta";"Não";3;1;0;2;0;0;2;2;-20,559;-52,519;"SPRF-MS";"DEL07-MS";"UOP02-DEL07-MS"
117175;2018-03-10;"sábado";"09:00:00";"SC";280;68,5;"JARAGUA DO SUL";"Falta de Atenção à Condução";"Colisão transversal";"Com Vítimas Feridas";"Pleno dia";"Crescente";"Céu Claro";"Simples";"Reta";"Sim";2;0;1;1;0;0;2;2;-26,48532392;-49,07524109;"SPRF-SC";"DEL03-SC";"UOP03-DEL03-SC"
117176;2018-03-10;"sábado";"08:10:00";"BA";415;29,1;"ILHEUS";"Falta de Atenção à Condução";"Colisão transversal";"Com Vítimas Feridas";"Pleno dia";"Decrescente";"Nublado";"Simples";"Reta";"Não";3;0;2;0;1;0;2;3;-14,8482;-39,281986;"SPRF-BA";"DEL05-BA";"UOP01-DEL05-BA"
117177;2018-03-10;"sábado";"10:00:00";"DF";20;19,9;"BRASILIA";"Velocidade Incompatível";"Colisão com objeto estático";"Com Vítimas Feridas";"Pleno dia";"Crescente";"Céu Claro";"Dupla";"Declive";"Sim";1;0;1;0;0;0;1;1;-15,62920864;-47,68186569;"SPRF-DF";"DEL02-DF";"UOP01-DEL02-DF"
117178;2018-03-10;"sábado";"10:00:00";"GO";60;52;"ABADIANIA";"Velocidade Incompatível";"Saída de leito carroçável";"Sem Vítimas";"Pleno dia";"Decrescente";"Céu Claro";"Dupla";"Reta";"Não";1;0;0;0;1;0;0;1;-16,17667115;-48,65025546;"SPRF-GO";"DEL02-GO";"UOP01-DEL02-GO"
117179;2018-03-10;"sábado";"08:30:00";"RR";174;507;"BOA VISTA";"Desobediência às normas de trânsito pelo condutor";"Colisão transversal";"Com Vítimas Feridas";"Pleno dia";"Decrescente";"Céu Claro";"Dupla";"Interseção de Vias";"Sim";2;0;2;0;0;0;2;2;2,827078;-60,697386;"SPRF-RR";"DEL01-RR";"UOP01-DEL01-RR"
117180;2018-03-10;"sábado";"10:15:00";"BA";242;724;"CRISTOPOLIS";"Falta de Atenção à Condução";"Colisão lateral";"Sem Vítimas";"Pleno dia";"Crescente";"Sol";"Simples";"Reta";"Não";4;0;0;0;2;2;0;3;-12,232873;-44,389656;"SPRF-BA";"DEL10-BA";"UOP01-DEL10-BA"
117182;2018-03-10;"sábado";"09:50:00";"SC";282;532,4;"CORDILHEIRA ALTA";"Não guardar distância de segurança";"Capotamento";"Sem Vítimas";"Pleno dia";"Crescente";"Sol";"Simples";"Reta";"Não";1;0;0;0;1;0;0;1;-26,9961253;-52,61989832;"SPRF-SC";"DEL07-SC";"UOP01-DEL07-SC"
117184;2018-03-10;"sábado";"10:15:00";"RJ";116;226,9;"PIRAI";"Falta de Atenção à Condução";"Colisão com objeto estático";"Com Vítimas Feridas";"Pleno dia";"Crescente";"Céu Claro";"Dupla";"Curva";"Não";1;0;1;0;0;0;1;1;-22,66470981;-43,84643555;"SPRF-RJ";"DEL07-RJ";"UOP01-DEL07-RJ"
117185;2018-03-10;"sábado";"10:30:00";"ES";262;19;"VIANA";"Falta de Atenção à Condução";"Colisão lateral";"Com Vítimas Feridas";"Pleno dia";"Crescente";"Nublado";"Simples";"Reta";"Sim";2;0;1;1;0;0;2;2;-20,39354886;-40,4825592;"SPRF-ES";"DEL01-ES";"UOP01-DEL01-ES"
117186;2018-03-10;"sábado";"09:30:00";"SP";116;269,2;"TABOAO DA SERRA";"Falta de Atenção à Condução";"Colisão lateral";"Com Vítimas Feridas";"Pleno dia";"Decrescente";"Céu Claro";"Múltipla";"Reta";"Sim";2;0;1;0;1;0;1;2;-23,6088431;-46,75523758;"SPRF-SP";"DEL04-SP";"UOP01-DEL04-SP"
117188;2018-03-10;"sábado";"06:45:00";"MG";153;7;"ARAPORA";"Condutor Dormindo";"Saída de leito carroçável";"Sem Vítimas";"Pleno dia";"Decrescente";"Sol";"Dupla";"Reta";"Não";1;0;0;0;1;0;0;1;-18,47049146;-49,19059753;"SPRF-MG";"DEL15-MG";"UOP03-DEL15-MG"
117189;2018-03-10;"sábado";"10:50:00";"PR";116;1;"QUATRO BARRAS";"Velocidade Incompatível";"Colisão com objeto estático";"Sem Vítimas";"Pleno dia";"Decrescente";"Céu Claro";"Dupla";"Retorno Regulamentado";"Não";1;0;0;0;1;0;0;1;-25,34774932;-49,04983521;"SPRF-PR";"DEL01-PR";"UOP02-DEL01-PR"
117190;2018-03-10;"sábado";"10:40:00";"ES";101;246,1;"SERRA";"Falta de Atenção à Condução";"Capotamento";"Sem Vítimas";"Pleno dia";"Crescente";"Nublado";"Dupla";"Aclive";"Sim";2;0;0;0;1;1;0;2;-20,07334546;-40,35529912;"SPRF-ES";"DEL02-ES";"UOP01-DEL02-ES"
117192;2018-03-10;"sábado";"09:55:00";"SP";488;4,2;"APARECIDA";"Falta de Atenção à Condução";"Colisão com objeto estático";"Com Vítimas Feridas";"Pleno dia";"Crescente";"Nublado";"Dupla";"Declive;Curva";"Sim";1;0;0;1;0;0;1;1;-22,85989365;-45,25238514;"SPRF-SP";"DEL08-SP";"UOP01-DEL08-SP"
117193;2018-03-10;"sábado";"11:00:00";"DF";20;10;"BRASILIA";"Falta de Atenção à Condução";"Queda de ocupante de veículo";"Com Vítimas Feridas";"Pleno dia";"Decrescente";"Nublado";"Dupla";"Declive";"Sim";1;0;1;0;0;0;1;1;-15,650243;-47,773872;"SPRF-DF";"DEL02-DF";"UOP01-DEL02-DF"
117194;2018-03-10;"sábado";"11:00:00";"ES";101;146,7;"LINHARES";"Falta de Atenção à Condução";"Colisão traseira";"Com Vítimas Feridas";"Pleno dia";"Crescente";"Céu Claro";"Dupla";"Reta";"Sim";2;0;0;1;1;0;1;2;-19,37518279;-40,06636888;"SPRF-ES";"DEL04-ES";"UOP01-DEL04-ES"
117195;2018-03-10;"sábado";"09:45:00";"SC";158;105,3;"CUNHA PORA";"Falta de Atenção à Condução";"Saída de leito carroçável";"Com Vítimas Feridas";"Pleno dia";"Crescente";"Céu Claro";"Simples";"Curva";"Não";1;0;1;0;0;0;1;1;-26,87185597;-53,16215515;"SPRF-SC";"DEL07-SC";"UOP02-DEL07-SC"
117196;2018-03-10;"sábado";"10:50:00";"RS";116;265;"CANOAS";"Velocidade Incompatível";"Colisão traseira";"Com Vítimas Feridas";"Pleno dia";"Crescente";"Céu Claro";"Múltipla";"Reta";"Sim";4;0;1;2;1;0;3;2;-29,923407;-51,177811;"SPRF-RS";"DEL01-RS";"UOP01-DEL01-RS"
117197;2018-03-10;"sábado";"10:45:00";"ES";101;257,6;"SERRA";"Falta de Atenção à Condução";"Colisão transversal";"Com Vítimas Feridas";"Pleno dia";"Crescente";"Nublado";"Dupla";"Rotatória";"Sim";2;0;1;0;1;0;1;2;-20,12844402;-40,29902749;"SPRF-ES";"DEL02-ES";"UOP01-DEL02-ES"
117198;2018-03-10;"sábado";"11:00:00";"SC";470;59;"BLUMENAU";"Desobediência às normas de trânsito pelo condutor";"Colisão transversal";"Com Vítimas Feridas";"Pleno dia";"Crescente";"Sol";"Simples";"Retorno Regulamentado";"Sim";2;0;1;0;1;0;1;2;-26,88113881;-49,13753539;"SPRF-SC";"DEL04-SC";"UOP01-DEL04-SC"
117199;2018-03-10;"sábado";"09:00:00";"PB";361;110,8;"ITAPORANGA";"Velocidade Incompatível";"Colisão transversal";"Com Vítimas Feridas";"Pleno dia";"Crescente";"Nublado";"Simples";"Reta";"Sim";2;0;1;0;1;0;1;2;-7,298814;-38,14613964;"SPRF-PB";"DEL03-PB";"UOP01-DEL03-PB"
117200;2018-03-10;"sábado";"08:10:00";"SC";282;585,5;"PINHALZINHO";"Desobediência às normas de trânsito pelo condutor";"Queda de ocupante de veículo";"Com Vítimas Feridas";"Pleno dia";"Decrescente";"Sol";"Simples";"Curva";"Não";3;0;1;1;1;0;2;2;-26,83195979;-53,02289486;"SPRF-SC";"DEL07-SC";"UOP02-DEL07-SC"
117201;2018-03-10;"sábado";"09:30:00";"RJ";116;211;"SEROPEDICA";"Falta de Atenção à Condução";"Colisão lateral";"Com Vítimas Feridas";"Pleno dia";"Crescente";"Sol";"Simples";"Viaduto";"Sim";2;0;1;0;1;0;1;2;-22,718443;-43,700897;"SPRF-RJ";"DEL01-RJ";"UOP03-DEL01-RJ"
117203;2018-03-10;"sábado";"11:50:00";"SC";101;208;"SAO JOSE";"Velocidade Incompatível";"Capotamento";"Sem Vítimas";"Pleno dia";"Decrescente";"Sol";"Múltipla";"Curva;Interseção de Vias;Aclive";"Sim";1;0;0;0;1;0;0;1;-27,6101;-48,6388;"SPRF-SC";"DEL01-SC";"UOP01-DEL01-SC"
117204;2018-03-10;"sábado";"12:00:00";"SC";470;174;"POUSO REDONDO";"Ultrapassagem Indevida";"Colisão lateral";"Sem Vítimas";"Pleno dia";"Decrescente";"Nublado";"Simples";"Reta";"Não";2;0;0;0;2;0;0;2;-27,25781513;-49,90847468;"SPRF-SC";"DEL04-SC";"UOP02-DEL04-SC"
117205;2018-03-10;"sábado";"12:00:00";"MG";381;938,5;"EXTREMA";"Velocidade Incompatível";"Saída de leito carroçável";"Com Vítimas Feridas";"Pleno dia";"Crescente";"Nublado";"Dupla";"Curva";"Não";2;0;1;0;1;0;1;1;-22,81740616;-46,29421949;"SPRF-MG";"DEL16-MG";"UOP03-DEL16-MG"
117211;2018-03-10;"sábado";"06:30:00";"GO";60;177;"ABADIA DE GOIAS";"Falta de Atenção à Condução";"Saída de leito carroçável";"Sem Vítimas";"Amanhecer";"Crescente";"Céu Claro";"Dupla";"Aclive";"Não";1;0;0;0;1;0;0;1;-16,76794312;-49,47928369;"SPRF-GO";"DEL01-GO";"UOP02-DEL01-GO"
117212;2018-03-10;"sábado";"12:30:00";"RS";116;261,3;"CANOAS";"Não guardar distância de segurança";"Colisão traseira";"Com Vítimas Feridas";"Pleno dia";"Crescente";"Sol";"Dupla";"Reta";"Sim";2;0;0;1;1;0;1;2;-29,89064824;-51,17804736;"SPRF-RS";"DEL01-RS";"UOP01-DEL01-RS"
117214;2018-03-10;"sábado";"12:50:00";"MG";50;66;"UBERLANDIA";"Velocidade Incompatível";"Colisão traseira";"Com Vítimas Feridas";"Pleno dia";"Decrescente";"Nublado";"Dupla";"Curva";"Não";4;0;0;1;3;0;1;2;-18,87510275;-48,26225281;"SPRF-MG";"DEL15-MG";"UOP01-DEL15-MG"
117216;2018-03-10;"sábado";"09:30:00";"PI";343;328;"TERESINA";"Defeito Mecânico no Veículo";"Tombamento";"Com Vítimas Feridas";"Pleno dia";"Crescente";"Sol";"Simples";"Reta";"Não";1;0;1;0;0;0;1;1;-5,069324;-42,634327;"SPRF-PI";"DEL01-PI";"UOP01-DEL01-PI"
117217;2018-03-10;"sábado";"13:00:00";"SC";101;206,1;"SAO JOSE";"Falta de Atenção à Condução";"Colisão transversal";"Com Vítimas Feridas";"Pleno dia";"Crescente";"Céu Claro";"Múltipla";"Reta;Interseção de Vias";"Sim";2;0;0;1;1;0;1;2;-27,59915804;-48,62208724;"SPRF-SC";"DEL01-SC";"UOP01-DEL01-SC"
117218;2018-03-10;"sábado";"12:30:00";"BA";407;114,2;"JAGUARARI";"Ingestão de Álcool";"Colisão traseira";"Sem Vítimas";"Pleno dia";"Decrescente";"Garoa/Chuvisco";"Simples";"Declive";"Não";2;0;0;0;2;0;0;2;-10,35300101;-40,16851544;"SPRF-BA";"DEL04-BA";"UOP01-DEL04-BA"
117219;2018-03-10;"sábado";"12:20:00";"PB";230;111,9;"INGA";"Desobediência às normas de trânsito pelo condutor";"Colisão lateral";"Sem Vítimas";"Pleno dia";"Crescente";"Céu Claro";"Dupla";"Retorno Regulamentado";"Não";2;0;0;0;1;1;0;2;-7,2086;-35,5736;"SPRF-PB";"DEL01-PB";"UOP03-DEL01-PB"
117222;2018-03-10;"sábado";"13:00:00";"SC";101;123;"ITAJAI";"Desobediência às normas de trânsito pelo condutor";"Colisão transversal";"Com Vítimas Feridas";"Pleno dia";"Crescente";"Céu Claro";"Dupla";"Interseção de Vias";"Sim";2;0;0;1;1;0;1;2;-26,9414351;-48,70033264;"SPRF-SC";"DEL04-SC";"UOP04-DEL04-SC"
117223;2018-03-10;"sábado";"12:50:00";"RS";158;563;"SANTANA DO LIVRAMENTO";"Falta de Atenção à Condução";"Colisão lateral";"Com Vítimas Feridas";"Pleno dia";"Decrescente";"Céu Claro";"Simples";"Interseção de Vias";"Não";5;0;1;0;4;0;1;2;-30,854765;-55,496521;"SPRF-RS";"DEL11-RS";"UOP01-DEL11-RS"
117224;2018-03-09;"sexta-feira";"14:00:00";"MT";70;148;"GENERAL CARNEIRO";"Falta de Atenção à Condução";"Saída de leito carroçável";"Com Vítimas Feridas";"Pleno dia";"Decrescente";"Chuva";"Simples";"Reta";"Não";1;0;1;0;0;0;1;1;-15,58226;-53,352726;"SPRF-MT";"DEL07-MT";"UOP01-DEL07-MT"
117225;2018-03-10;"sábado";"13:00:00";"SC";101;194;"BIGUACU";"Desobediência às normas de trânsito pelo condutor";"Colisão transversal";"Com Vítimas Feridas";"Pleno dia";"Decrescente";"Sol";"Dupla";"Interseção de Vias";"Sim";2;0;1;0;0;1;1;2;-27,50008745;-48,65484238;"SPRF-SC";"DEL01-SC";"UOP01-DEL01-SC"
117226;2018-03-10;"sábado";"12:00:00";"MT";364;206,5;"RONDONOPOLIS";"Falta de Atenção à Condução";"Colisão frontal";"Com Vítimas Feridas";"Pleno dia";"Crescente";"Céu Claro";"Dupla";"Reta";"Sim";2;0;1;0;1;0;1;2;-16,451248;-54,664696;"SPRF-MT";"DEL02-MT";"UOP01-DEL02-MT"
117227;2018-03-10;"sábado";"13:05:00";"SE";235;5,8;"NOSSA SENHORA DO SOCORRO";"Falta de Atenção à Condução";"Queda de ocupante de veículo";"Com Vítimas Feridas";"Pleno dia";"Crescente";"Céu Claro";"Dupla";"Reta";"Sim";1;0;1;0;0;0;1;1;-10,9007392;-37,12943316;"SPRF-SE";"DEL01-SE";"UOP01-DEL01-SE"
117228;2018-03-10;"sábado";"13:00:00";"RN";101;106;"PARNAMIRIM";"Desobediência às normas de trânsito pelo condutor";"Colisão transversal";"Com Vítimas Feridas";"Pleno dia";"Crescente";"Céu Claro";"Dupla";"Interseção de Vias";"Sim";3;0;1;0;1;1;1;3;-5,910553;-35,261307;"SPRF-RN";"DEL01-RN";"UOP01-DEL01-RN"
117230;2018-03-10;"sábado";"12:50:00";"GO";70;50,7;"COCALZINHO DE GOIAS";"Ultrapassagem Indevida";"Colisão frontal";"Com Vítimas Fatais";"Pleno dia";"Crescente";"Nublado";"Simples";"Reta";"Não";6;4;1;1;0;0;2;2;-15,7506;-48,6152;"SPRF-DF";"DEL01-DF";"UOP02-DEL03-DF"
117231;2018-01-29;"segunda-feira";"14:45:00";"RS";290;313,1;"CACAPAVA DO SUL";"Carga excessiva e/ou mal acondicionada";"Derramamento de carga";"Sem Vítimas";"Pleno dia";"Crescente";"Céu Claro";"Simples";"Reta";"Não";2;0;0;0;2;0;0;2;-30,34826412;-53,32996756;"SPRF-RS";"DEL09-RS";"UOP02-DEL09-RS"
117232;2018-03-10;"sábado";"13:40:00";"SP";116;211;"GUARULHOS";"Falta de Atenção à Condução";"Colisão lateral";"Com Vítimas Feridas";"Pleno dia";"Decrescente";"Chuva";"Múltipla";"Reta";"Sim";3;0;1;0;2;0;1;2;-23,43289095;-46,42050862;"SPRF-SP";"DEL01-SP";"UOP01-DEL01-SP"
117234;2018-03-10;"sábado";"13:30:00";"SC";101;214;"PALHOCA";"Falta de Atenção à Condução";"Colisão lateral";"Com Vítimas Feridas";"Pleno dia";"Crescente";"Sol";"Múltipla";"Reta";"Sim";2;0;1;0;1;0;1;2;-27,652;-48,676;"SPRF-SC";"DEL01-SC";"UOP02-DEL01-SC"
117236;2018-03-10;"sábado";"14:15:00";"PE";407;125;"PETROLINA";"Desobediência às normas de trânsito pelo condutor";"Colisão traseira";"Com Vítimas Feridas";"Pleno dia";"Crescente";"Céu Claro";"Simples";"Rotatória";"Sim";3;0;1;0;2;0;1;3;-9,3576103;-40,54847717;"SPRF-PE";"DEL06-PE";"UOP01-DEL06-PE"
117237;2018-03-10;"sábado";"14:10:00";"PR";277;69,9;"SAO JOSE DOS PINHAIS";"Desobediência às normas de trânsito pelo pedestre";"Atropelamento de Pedestre";"Com Vítimas Feridas";"Pleno dia";"Decrescente";"Nublado";"Dupla";"Reta";"Não";3;0;0;1;0;2;1;2;-25,51889675;-49,11987305;"SPRF-PR";"DEL01-PR";"UOP07-DEL01-PR"
117239;2018-03-10;"sábado";"13:20:00";"MG";459;105;"POUSO ALEGRE";"Não guardar distância de segurança";"Colisão traseira";"Com Vítimas Feridas";"Pleno dia";"Crescente";"Chuva";"Dupla";"Curva";"Não";3;0;0;1;2;0;1;3;-22,23892529;-45,89000523;"SPRF-MG";"DEL16-MG";"UOP01-DEL16-MG"
117240;2018-03-10;"sábado";"14:20:00";"PB";101;88,9;"JOAO PESSOA";"Desobediência às normas de trânsito pelo condutor";"Colisão transversal";"Com Vítimas Feridas";"Pleno dia";"Crescente";"Sol";"Múltipla";"Retorno Regulamentado";"Sim";2;0;2;0;0;0;2;2;-7,18118715;-34,90082932;"SPRF-PB";"DEL01-PB";"UOP01-DEL01-PB"
117243;2018-03-10;"sábado";"14:44:00";"MG";50;124;"UBERABA";"Falta de Atenção à Condução";"Capotamento";"Com Vítimas Feridas";"Pleno dia";"Crescente";"Chuva";"Dupla";"Curva";"Não";5;0;4;1;0;0;5;1;-19,3507;-48,0917;"SPRF-MG";"DEL13-MG";"UOP01-DEL13-MG"
117246;2018-03-10;"sábado";"13:50:00";"MT";174;375,1;"CONQUISTA DOESTE";"Velocidade Incompatível";"Colisão traseira";"Com Vítimas Feridas";"Pleno dia";"Crescente";"Céu Claro";"Simples";"Curva";"Não";2;0;0;1;1;0;1;2;-14,57826721;-59,52941895;"SPRF-MT";"DEL04-MT";"UOP01-DEL04-MT"
117247;2018-03-10;"sábado";"14:40:00";"MG";381;484;"BETIM";"Não guardar distância de segurança";"Colisão traseira";"Com Vítimas Feridas";"Pleno dia";"Decrescente";"Chuva";"Dupla";"Curva";"Não";5;0;1;0;4;0;1;4;-19,9557;-44,0964;"SPRF-MG";"DEL01-MG";"UOP03-DEL01-MG"
117250;2018-03-10;"sábado";"15:00:00";"SC";470;109,7;"APIUNA";"Condutor Dormindo";"Colisão com objeto estático";"Sem Vítimas";"Pleno dia";"Decrescente";"Céu Claro";"Simples";"Reta";"Não";1;0;0;0;1;0;0;1;-27,080708;-49,440491;"SPRF-SC";"DEL04-SC";"UOP02-DEL04-SC"
117251;2018-03-10;"sábado";"14:20:00";"GO";60;437;"RIO VERDE";"Velocidade Incompatível";"Saída de leito carroçável";"Sem Vítimas";"Pleno dia";"Crescente";"Chuva";"Dupla";"Declive;Reta";"Não";1;0;0;0;1;0;0;1;-17,82068983;-51,30499363;"SPRF-GO";"DEL04-GO";"UOP01-DEL04-GO"
117252;2018-03-10;"sábado";"14:30:00";"MG";40;474,4;"SETE LAGOAS";"Avarias e/ou desgaste excessivo no pneu";"Saída de leito carroçável";"Com Vítimas Feridas";"Pleno dia";"Decrescente";"Chuva";"Dupla";"Reta";"Não";5;0;3;1;1;0;4;1;-19,5079;-44,2734;"SPRF-MG";"DEL02-MG";"UOP01-DEL02-MG"
117253;2018-03-10;"sábado";"15:15:00";"ES";101;0,2;"SERRA";"Desobediência às normas de trânsito pelo condutor";"Colisão transversal";"Com Vítimas Feridas";"Pleno dia";"Crescente";"Nublado";"Múltipla";"Interseção de Vias";"Sim";2;0;1;0;0;1;1;2;-20,23601719;-40,27691854;"SPRF-ES";"DEL04-ES";"UOP02-DEL04-ES"
117254;2018-03-10;"sábado";"14:25:00";"PR";116;119;"CURITIBA";"Falta de Atenção à Condução";"Colisão lateral";"Com Vítimas Feridas";"Pleno dia";"Decrescente";"Céu Claro";"Dupla";"Interseção de Vias";"Não";3;0;2;0;1;0;2;2;-25,45195498;-49,23660278;"SPRF-PR";"DEL01-PR";"UOP03-DEL01-PR"
117255;2018-03-10;"sábado";"15:43:00";"PB";230;33,8;"SANTA RITA";"Defeito Mecânico no Veículo";"Colisão com objeto estático";"Com Vítimas Feridas";"Pleno dia";"Crescente";"Céu Claro";"Múltipla";"Reta";"Não";2;0;1;0;1;0;1;1;-7,12608171;-34,94334698;"SPRF-PB";"DEL01-PB";"UOP01-DEL01-PB"
117256;2018-03-10;"sábado";"15:00:00";"SC";101;187;"BIGUACU";"Falta de Atenção à Condução";"Colisão lateral";"Com Vítimas Feridas";"Pleno dia";"Decrescente";"Céu Claro";"Dupla";"Reta";"Não";2;0;2;0;0;0;2;2;-27,4514;-48,6336;"SPRF-SC";"DEL01-SC";"UOP01-DEL01-SC"
117257;2018-03-10;"sábado";"15:40:00";"PR";376;176;"MARINGA";"Desobediência às normas de trânsito pelo condutor";"Colisão transversal";"Sem Vítimas";"Pleno dia";"Crescente";"Céu Claro";"Dupla";"Reta";"Sim";2;0;0;0;2;0;0;2;-23,412691;-51,931583;"SPRF-PR";"DEL07-PR";"UOP01-DEL09-PR"
117258;2018-03-10;"sábado";"11:28:00";"RS";116;67,8;"CAMPESTRE DA SERRA";"Desobediência às normas de trânsito pelo condutor";"Colisão lateral";"Com Vítimas Feridas";"Pleno dia";"Crescente";"Céu Claro";"Simples";"Reta";"Não";4;0;1;0;3;0;1;2;-28,70141044;-51,0765928;"SPRF-RS";"DEL05-RS";"UOP03-DEL05-RS"
117259;2018-03-10;"sábado";"15:15:00";"SP";381;75;"SAO PAULO";"Defeito na Via";"Saída de leito carroçável";"Com Vítimas Feridas";"Pleno dia";"Decrescente";"Chuva";"Dupla";"Curva";"Não";2;0;1;0;1;0;1;1;-23,40149008;-46,57606334;"SPRF-SP";"DEL03-SP";"DEL6/3-UOP03/SP"
117261;2018-03-10;"sábado";"15:20:00";"PR";376;524,3;"PONTA GROSSA";"Velocidade Incompatível";"Tombamento";"Sem Vítimas";"Pleno dia";"Decrescente";"Céu Claro";"Dupla";"Reta";"Não";1;0;0;0;1;0;0;1;-25,26963312;-49,94534969;"SPRF-PR";"DEL03-PR";"UOP04-DEL03-PR"
117262;2018-03-10;"sábado";"14:40:00";"AL";101;108,1;"PILAR";"Velocidade Incompatível";"Saída de leito carroçável";"Sem Vítimas";"Pleno dia";"Decrescente";"Céu Claro";"Simples";"Reta";"Não";2;0;0;0;2;0;0;1;-9,586626;-35,9893;"SPRF-AL";"DEL02-AL";"UOP01-DEL02-AL"
117263;2018-03-10;"sábado";"13:30:00";"SC";280;7;"SAO FRANCISCO DO SUL";"Falta de Atenção à Condução";"Colisão traseira";"Com Vítimas Feridas";"Pleno dia";"Crescente";"Céu Claro";"Simples";"Rotatória";"Sim";2;0;1;0;0;1;1;2;-26,271294;-48,641315;"SPRF-SC";"DEL03-SC";"UOP03-DEL03-SC"
117265;2018-03-10;"sábado";"15:15:00";"SC";163;85,1;"GUARACIABA";"Falta de Atenção à Condução";"Colisão transversal";"Com Vítimas Feridas";"Pleno dia";"Decrescente";"Céu Claro";"Simples";"Curva";"Não";3;0;1;1;1;0;2;2;-26,607304;-53,517044;"SPRF-SC";"DEL07-SC";"UOP03-DEL07-SC"
117266;2018-03-10;"sábado";"16:00:00";"RJ";116;279;"BARRA MANSA";"Pista Escorregadia";"Colisão com objeto estático";"Sem Vítimas";"Pleno dia";"Crescente";"Chuva";"Dupla";"Reta";"Não";1;0;0;0;1;0;0;1;-22,4700561;-44,2791088;"SPRF-RJ";"DEL07-RJ";"UOP02-DEL07-RJ"
117267;2018-03-10;"sábado";"06:00:00";"PE";116;76,3;"CABROBO";"Condutor Dormindo";"Saída de leito carroçável";"Com Vítimas Feridas";"Amanhecer";"Decrescente";"Sol";"Simples";"Reta";"Não";4;0;3;1;0;0;4;1;-8,493412;-39,207829;"SPRF-PE";"DEL05-PE";"UOP03-DEL05-PE"