"id";"data_inversa";"dia_semana";"horario";"uf";"br";"km";"municipio";"causa_acidente";"tipo_acidente";"classificacao_acidente";"fase_dia";"sentido_via";"condicao_metereologica";"tipo_pista";"tracado_via";"uso_solo";"pessoas";"mortos";"feridos_leves";"feridos_graves";"ilesos";"ignorados";"feridos";"veiculos";"latitude";"longitude";"regional";"delegacia";"uop"
117268;2018-03-10;"sábado";"14:30:00";"MT";70;305;"POXOREO";"Defeito na Via";"Saída de leito carroçável";"Com Vítimas Feridas";"Pleno dia";"Decrescente";"Nublado";"Simples";"Reta";"Não";2;0;1;0;1;0;1;1;-15,574893;-54,514645;"SPRF-MT";"DEL05-MT";"UOP01-DEL05-MT"
117269;2018-03-10;"sábado";"16:00:00";"GO";153;539,7;"HIDROLANDIA";"Falta de Atenção à Condução";"Saída de leito carroçável";"Com Vítimas Feridas";"Pleno dia";"Crescente";"Sol";"Dupla";"Reta";"Não";2;0;2;0;0;0;2;1;-17,04180377;-49,22509158;"SPRF-GO";"DEL01-GO";"UOP03-DEL01-GO"
117270;2018-03-10;"sábado";"15:50:00";"SC";101;96;"BARRA VELHA";"Velocidade Incompatível";"Colisão traseira";"Com Vítimas Feridas";"Pleno dia";"Decrescente";"Sol";"Dupla";"Reta";"Não";6;0;4;0;2;0;4;3;-26,7318;-48,7009;"SPRF-SC";"DEL03-SC";"UOP02-DEL03-SC"
117271;2018-03-10;"sábado";"16:00:00";"MG";365;654;"UBERLANDIA";"Defeito Mecânico no Veículo";"Queda de ocupante de veículo";"Com Vítimas Feridas";"Pleno dia";"Decrescente";"Céu Claro";"Dupla";"Reta";"Não";3;0;0;2;0;1;2;2;-18,8713;-48,5486;"SPRF-MG";"DEL15-MG";"UOP01-DEL15-MG"
117272;2018-03-10;"sábado";"15:30:00";"SC";101;44,9;"JOINVILLE";"Falta de Atenção à Condução";"Tombamento";"Com Vítimas Feridas";"Pleno dia";"Crescente";"Céu Claro";"Dupla";"Curva";"Sim";1;0;0;1;0;0;1;1;-26,349;-48,8573;"SPRF-SC";"DEL03-SC";"UOP01-DEL03-SC"
117273;2018-03-10;"sábado";"16:00:00";"RN";101;99;"PARNAMIRIM";"Falta de Atenção à Condução";"Colisão traseira";"Com Vítimas Feridas";"Pleno dia";"Decrescente";"Céu Claro";"Simples";"Reta";"Sim";2;0;1;0;1;0;1;2;-5,87365;-35,220673;"SPRF-RN";"DEL01-RN";"UOP01-DEL01-RN"
117274;2018-03-10;"sábado";"08:50:00";"AC";364;148,6;"RIO BRANCO";"Falta de Atenção à Condução";"Saída de leito carroçável";"Com Vítimas Feridas";"Pleno dia";"Crescente";"Nublado";"Dupla";"Reta";"Sim";1;0;1;0;0;0;1;1;-9,88092258;-67,90168762;"SPRF-AC";"DEL01-AC";"UOP01-DEL01-AC"
117277;2018-03-10;"sábado";"16:30:00";"SC";101;134;"BALNEARIO CAMBORIU";"Não guardar distância de segurança";"Colisão lateral";"Com Vítimas Feridas";"Pleno dia";"Decrescente";"Céu Claro";"Simples";"Interseção de Vias";"Sim";2;0;1;0;1;0;1;2;-27,0049;-48,6266;"SPRF-SC";"DEL04-SC";"UOP03-DEL04-SC"
117281;2018-03-10;"sábado";"16:45:00";"PB";230;4,1;"CABEDELO";"Falta de Atenção à Condução";"Colisão transversal";"Com Vítimas Feridas";"Anoitecer";"Decrescente";"Céu Claro";"Dupla";"Reta";"Sim";3;0;1;0;1;1;1;3;-7;-34,832057;"SPRF-PB";"DEL01-PB";"UOP01-DEL01-PB"
117282;2018-03-10;"sábado";"16:50:00";"MG";381;532;"ITATIAIUCU";"Falta de Atenção à Condução";"Capotamento";"Sem Vítimas";"Pleno dia";"Crescente";"Nublado";"Dupla";"Curva";"Não";2;0;0;0;2;0;0;1;-20,1709;-44,3729;"SPRF-MG";"DEL04-MG";"UOP03-DEL04-MG"
117284;2018-03-10;"sábado";"15:10:00";"MA";135;0,5;"SAO LUIS";"Falta de Atenção à Condução";"Colisão traseira";"Com Vítimas Feridas";"Pleno dia";"Crescente";"Céu Claro";"Simples";"Reta";"Sim";2;0;0;1;1;0;1;2;-2,59326087;-44,24812317;"SPRF-MA";"DEL01-MA";"UOP01-DEL01-MA"
117286;2018-03-10;"sábado";"16:40:00";"PE";101;50,2;"IGARASSU";"Falta de Atenção à Condução";"Colisão transversal";"Sem Vítimas";"Pleno dia";"Crescente";"Céu Claro";"Múltipla";"Reta";"Sim";2;0;0;0;2;0;0;2;-7,9148;-34,8984;"SPRF-PE";"DEL01-PE";"UOP02-DEL01-PE"
117287;2018-03-10;"sábado";"15:00:00";"DF";20;54;"BRASILIA";"Defeito Mecânico no Veículo";"Saída de leito carroçável";"Com Vítimas Feridas";"Pleno dia";"Crescente";"Chuva";"Dupla";"Curva";"Não";2;0;0;2;0;0;2;1;-15,578154;-47,384861;"SPRF-DF";"DEL02-DF";"UOP01-DEL02-DF"
117288;2018-03-10;"sábado";"16:10:00";"SC";470;34;"GASPAR";"Falta de Atenção à Condução";"Colisão traseira";"Com Vítimas Feridas";"Pleno dia";"Crescente";"Céu Claro";"Simples";"Interseção de Vias";"Não";3;0;1;0;1;1;1;2;-26,90158708;-48,93157661;"SPRF-SC";"DEL04-SC";"UOP01-DEL04-SC"
117290;2018-03-10;"sábado";"16:30:00";"MG";381;875,6;"ESTIVA";"Velocidade Incompatível";"Colisão com objeto estático";"Sem Vítimas";"Pleno dia";"Decrescente";"Chuva";"Dupla";"Declive;Reta";"Não";1;0;0;0;1;0;0;1;-22,4348;-45,9801;"SPRF-MG";"DEL16-MG";"UOP01-DEL16-MG"
117292;2018-03-10;"sábado";"16:30:00";"MG";365;622,5;"UBERLANDIA";"Velocidade Incompatível";"Saída de leito carroçável";"Sem Vítimas";"Pleno dia";"Decrescente";"Nublado";"Simples";"Reta";"Sim";1;0;0;0;1;0;0;1;-18,9146078;-48,2753801;"SPRF-MG";"DEL15-MG";"UOP01-DEL15-MG"
117293;2018-03-10;"sábado";"16:25:00";"AM";174;892;"MANAUS";"Pista Escorregadia";"Colisão com objeto estático";"Com Vítimas Feridas";"Pleno dia";"Decrescente";"Chuva";"Simples";"Aclive;Curva";"Não";1;0;1;0;0;0;1;1;-2,57954195;-60,02929688;"SPRF-AM";"DEL01-AM";"UOP01-DEL01-AM"
117294;2018-03-10;"sábado";"16:55:00";"MG";381;903,4;"CAMBUI";"Velocidade Incompatível";"Saída de leito carroçável";"Com Vítimas Feridas";"Pleno dia";"Decrescente";"Chuva";"Dupla";"Curva";"Não";2;0;1;0;1;0;1;1;-22,64645738;-46,08809173;"SPRF-MG";"DEL16-MG";"UOP03-DEL16-MG"
117295;2018-03-10;"sábado";"17:00:00";"SC";282;48,9;"AGUAS MORNAS";"Velocidade Incompatível";"Saída de leito carroçável";"Sem Vítimas";"Pleno dia";"Crescente";"Nublado";"Simples";"Reta";"Não";1;0;0;0;1;0;0;1;-27,7125108;-48,94407034;"SPRF-SC";"DEL01-SC";"UOP03-DEL01-SC"
117296;2018-03-10;"sábado";"16:00:00";"PR";153;298,3;"IMBITUVA";"Desobediência às normas de trânsito pelo condutor";"Colisão frontal";"Com Vítimas Fatais";"Pleno dia";"Decrescente";"Nublado";"Simples";"Reta";"Não";2;1;0;0;1;0;0;2;-25,21488107;-50,5947876;"SPRF-PR";"DEL03-PR";"UOP02-DEL08-PR"
117298;2018-03-10;"sábado";"17:20:00";"DF";40;2;"BRASILIA";"Falta de Atenção do Pedestre";"Atropelamento de Pedestre";"Com Vítimas Feridas";"Pleno dia";"Crescente";"Céu Claro";"Dupla";"Reta";"Sim";2;0;0;1;1;0;1;2;-15,99435;-47,985947;"SPRF-DF";"DEL01-DF";"UOP01-DEL01-DF"
117299;2018-03-10;"sábado";"17:00:00";"RJ";116;213;"PARACAMBI";"Falta de Atenção do Pedestre";"Colisão com objeto estático";"Com Vítimas Feridas";"Pleno dia";"Decrescente";"Chuva";"Dupla";"Curva";"Não";1;0;1;0;0;0;1;1;-22,713438;-43,734085;"SPRF-RJ";"DEL01-RJ";"UOP03-DEL01-RJ"
117300;2018-03-10;"sábado";"17:55:00";"ES";101;310,4;"VIANA";"Ingestão de Álcool";"Colisão lateral";"Sem Vítimas";"Anoitecer";"Crescente";"Nublado";"Simples";"Ponte";"Não";2;0;0;0;1;1;0;2;-20,43216816;-40,45955508;"SPRF-ES";"DEL03-ES";"UOP01-DEL03-ES"
117301;2018-03-10;"sábado";"18:00:00";"AL";316;33,5;"CANAPI";"Animais na Pista";"Atropelamento de Animal";"Com Vítimas Feridas";"Anoitecer";"Decrescente";"Céu Claro";"Simples";"Declive";"Não";2;0;0;1;1;0;1;2;-9,112739;-37,621606;"SPRF-AL";"DEL03-AL";"UOP02-DEL03-AL"
117302;2018-03-10;"sábado";"18:00:00";"DF";70;12,1;"BRASILIA";"Ingestão de Álcool";"Colisão traseira";"Sem Vítimas";"Anoitecer";"Crescente";"Chuva";"Dupla";"Reta";"Sim";4;0;0;0;4;0;0;4;-15,79248586;-48,15939814;"SPRF-DF";"DEL01-DF";"UOP02-DEL03-DF"
117304;2018-03-10;"sábado";"16:20:00";"MG";40;712,7;"BARBACENA";"Avarias e/ou desgaste excessivo no pneu";"Saída de leito carroçável";"Sem Vítimas";"Pleno dia";"Decrescente";"Chuva";"Dupla";"Curva";"Não";1;0;0;0;1;0;0;1;-21,2562;-43,6621;"SPRF-MG";"DEL05-MG";"UOP02-DEL05-MG"
117306;2018-03-10;"sábado";"12:00:00";"SC";101;97,5;"BALNEARIO PICARRAS";"Falta de Atenção à Condução";"Saída de leito carroçável";"Com Vítimas Feridas";"Pleno dia";"Decrescente";"Sol";"Dupla";"Curva";"Não";1;0;1;0;0;0;1;1;-26,7409;-48,6983;"SPRF-SC";"DEL03-SC";"UOP02-DEL03-SC"
117307;2018-03-10;"sábado";"18:30:00";"CE";222;18,5;"CAUCAIA";"Ingestão de Álcool";"Colisão transversal";"Com Vítimas Feridas";"Plena Noite";"Crescente";"Nublado";"Simples";"Reta";"Sim";3;0;1;0;2;0;1;2;-3,74641199;-38,72680664;"SPRF-CE";"DEL01-CE";"UOP01-DEL01-CE"
117308;2018-03-10;"sábado";"16:20:00";"PR";277;219;"TEIXEIRA SOARES";"Falta de Atenção à Condução";"Colisão traseira";"Sem Vítimas";"Pleno dia";"Decrescente";"Sol";"Simples";"Reta";"Não";2;0;0;0;2;0;0;2;-25,45372779;-50,44434249;"SPRF-PR";"DEL03-PR";"UOP02-DEL08-PR"
117309;2018-03-10;"sábado";"09:38:00";"GO";60;192,7;"GUAPO";"Falta de Atenção à Condução";"Colisão traseira";"Com Vítimas Feridas";"Pleno dia";"Crescente";"Sol";"Dupla";"Reta";"Não";2;0;0;1;1;0;1;2;-16,851826;-49,572976;"SPRF-GO";"DEL01-GO";"UOP02-DEL01-GO"
117310;2018-03-10;"sábado";"18:10:00";"PI";316;130;"ELESBAO VELOSO";"Animais na Pista";"Atropelamento de Animal";"Com Vítimas Feridas";"Plena Noite";"Decrescente";"Céu Claro";"Simples";"Aclive;Reta";"Não";2;0;1;0;1;0;1;1;-6,02669615;-42,29759932;"SPRF-PI";"DEL04-PI";"UOP02-DEL04-PI"
117311;2018-03-10;"sábado";"18:15:00";"PA";10;274;"MAE DO RIO";"Animais na Pista";"Atropelamento de Animal";"Com Vítimas Feridas";"Pleno dia";"Crescente";"Céu Claro";"Simples";"Reta";"Sim";1;0;0;1;0;0;1;1;-2,052389;-47,552586;"SPRF-PA";"DEL02-PA";"UOP01-DEL02-PA"
117312;2018-03-10;"sábado";"16:50:00";"SC";101;264;"GAROPABA";"Falta de Atenção à Condução";"Saída de leito carroçável";"Com Vítimas Feridas";"Pleno dia";"Crescente";"Garoa/Chuvisco";"Dupla";"Curva";"Não";1;0;1;0;0;0;1;1;-28,0663;-48,7151;"SPRF-SC";"DEL02-SC";"UOP03-DEL02-SC"
117313;2018-03-10;"sábado";"19:00:00";"MG";381;912,9;"CAMANDUCAIA";"Velocidade Incompatível";"Colisão com objeto estático";"Sem Vítimas";"Anoitecer";"Decrescente";"Chuva";"Dupla";"Curva";"Não";5;0;0;0;5;0;0;1;-22,71242391;-46,12203986;"SPRF-MG";"DEL16-MG";"UOP03-DEL16-MG"
117314;2018-03-10;"sábado";"13:00:00";"SC";282;182,9;"BOCAINA DO SUL";"Falta de Atenção à Condução";"Colisão lateral";"Sem Vítimas";"Pleno dia";"Decrescente";"Céu Claro";"Simples";"Reta";"Não";2;0;0;0;2;0;0;2;-27,75160769;-50,07019043;"SPRF-SC";"DEL05-SC";"UOP01-DEL05-SC"
117315;2018-03-10;"sábado";"18:40:00";"SP";116;181,3;"GUARAREMA";"Falta de Atenção do Pedestre";"Atropelamento de Pedestre";"Com Vítimas Feridas";"Anoitecer";"Crescente";"Céu Claro";"Dupla";"Reta";"Não";7;0;5;1;1;0;6;4;-23,34118612;-46,15476519;"SPRF-SP";"DEL02-SP";"UOP01-DEL02-SP"
117317;2018-02-02;"sexta-feira";"07:30:00";"RS";116;372;"TAPES";"Falta de Atenção à Condução";"Saída de leito carroçável";"Com Vítimas Feridas";"Pleno dia";"Crescente";"Céu Claro";"Simples";"Reta";"Não";1;0;1;0;0;0;1;1;-30,673815;-51,39629;"SPRF-RS";"DEL02-RS";"UOP03-DEL02-RS"
117318;2018-03-10;"sábado";"17:10:00";"AM";174;972;"MANAUS";"Desobediência às normas de trânsito pelo condutor";"Colisão traseira";"Sem Vítimas";"Pleno dia";"Crescente";"Céu Claro";"Simples";"Declive";"Não";3;0;0;0;3;0;0;2;-2,78119477;-60,03616333;"SPRF-AM";"DEL01-AM";"UOP02-DEL01-AM"
117319;2018-03-10;"sábado";"19:00:00";"RJ";101;72;"CAMPOS DOS GOYTACAZES";"Restrição de Visibilidade";"Atropelamento de Pedestre";"Com Vítimas Fatais";"Plena Noite";"Crescente";"Chuva";"Simples";"Reta";"Não";2;1;0;0;1;0;0;2;-21,791758;-41,388409;"SPRF-RJ";"DEL08-RJ";"UOP02-DEL08-RJ"
117321;2018-03-10;"sábado";"18:10:00";"PE";232;79,5;"GRAVATA";"Falta de Atenção à Condução";"Atropelamento de Pedestre";"Com Vítimas Feridas";"Plena Noite";"Decrescente";"Céu Claro";"Simples";"Reta";"Sim";2;0;0;1;1;0;1;2;-8,19567;-35,566095;"SPRF-PE";"DEL01-PE";"UOP02-DEL02PE"
117324;2018-03-10;"sábado";"19:10:00";"SC";101;185,1;"BIGUACU";"Falta de Atenção à Condução";"Tombamento";"Com Vítimas Feridas";"Plena Noite";"Decrescente";"Nublado";"Dupla";"Reta";"Sim";1;0;1;0;0;0;1;1;-27,42221903;-48,62495628;"SPRF-SC";"DEL01-SC";"UOP01-DEL01-SC"
117325;2018-03-10;"sábado";"19:30:00";"SC";470;63,6;"BLUMENAU";"Ingestão de Álcool";"Colisão lateral";"Com Vítimas Feridas";"Plena Noite";"Crescente";"Nublado";"Simples";"Declive;Reta";"Não";2;0;1;0;1;0;1;2;-26,87446386;-49,18593854;"SPRF-SC";"DEL04-SC";"UOP01-DEL04-SC"
117326;2018-03-10;"sábado";"19:10:00";"PR";476;171,3;"CONTENDA";"Falta de Atenção à Condução";"Colisão lateral";"Com Vítimas Feridas";"Plena Noite";"Crescente";"Céu Claro";"Dupla";"Reta";"Sim";2;0;1;0;1;0;1;2;-25,67850733;-49,52211589;"SPRF-PR";"DEL01-PR";"UOP06-DEL01-PR"
117327;2018-03-10;"sábado";"16:50:00";"BA";101;572;"ARATACA";"Falta de Atenção à Condução";"Colisão traseira";"Com Vítimas Feridas";"Anoitecer";"Decrescente";"Ignorado";"Simples";"Reta";"Não";3;0;1;1;1;0;2;2;-15,285;-39,478;"SPRF-BA";"DEL05-BA";"UOP02-DEL05-BA"
117329;2018-03-10;"sábado";"19:27:00";"RJ";116;300,6;"RESENDE";"Pista Escorregadia";"Colisão com objeto estático";"Com Vítimas Feridas";"Plena Noite";"Crescente";"Chuva";"Dupla";"Reta";"Sim";2;0;1;0;1;0;1;1;-22,45799467;-44,40124512;"SPRF-RJ";"DEL07-RJ";"DEL5/7-UOP03/RJ"
117330;2018-03-10;"sábado";"19:30:00";"RS";116;257;"ESTEIO";"Desobediência às normas de trânsito pelo condutor";"Colisão transversal";"Com Vítimas Feridas";"Plena Noite";"Crescente";"Céu Claro";"Simples";"Reta";"Sim";2;0;1;0;1;0;1;2;-29,87808967;-51,17918973;"SPRF-RS";"DEL01-RS";"UOP02-DEL01-RS"
117331;2018-03-10;"sábado";"19:20:00";"RJ";116;172;"SAO JOAO DE MERITI";"Falta de Atenção à Condução";"Queda de ocupante de veículo";"Com Vítimas Feridas";"Plena Noite";"Decrescente";"Chuva";"Dupla";"Reta";"Não";1;0;1;0;0;0;1;1;-22,801882;-43,350437;"SPRF-RJ";"DEL01-RJ";"UOP02-DEL01-RJ"
117332;2018-03-10;"sábado";"11:00:00";"MT";174;131;"MIRASSOL DOESTE";"Ultrapassagem Indevida";"Capotamento";"Sem Vítimas";"Pleno dia";"Crescente";"Céu Claro";"Simples";"Reta";"Não";1;0;0;0;1;0;0;1;-15,848076;-58,126381;"SPRF-MT";"DEL03-MT";"UOP01-DEL03-MT"
117333;2018-03-10;"sábado";"19:45:00";"GO";60;18;"ALEXANIA";"Fenômenos da Natureza";"Saída de leito carroçável";"Com Vítimas Feridas";"Plena Noite";"Decrescente";"Chuva";"Simples";"Declive";"Não";2;0;2;0;0;0;2;1;-16,0963;-48,5202;"SPRF-DF";"DEL01-DF";"UOP01-DEL03-DF"
117334;2018-03-10;"sábado";"20:08:00";"SC";280;24,1;"ARAQUARI";"Falta de Atenção à Condução";"Colisão traseira";"Com Vítimas Feridas";"Plena Noite";"Decrescente";"Garoa/Chuvisco";"Simples";"Reta";"Sim";5;0;3;1;1;0;4;2;-26,3779911;-48,72044921;"SPRF-SC";"DEL03-SC";"UOP03-DEL03-SC"
117335;2018-03-10;"sábado";"19:20:00";"ES";262;161;"IBATIBA";"Ingestão de Álcool";"Colisão frontal";"Com Vítimas Feridas";"Plena Noite";"Decrescente";"Chuva";"Simples";"Reta";"Não";5;0;3;0;2;0;3;2;-20,2343;-41,5284;"SPRF-ES";"DEL01-ES";"UOP02-DEL01-ES"
117338;2018-03-10;"sábado";"20:00:00";"RJ";116;243,8;"PIRAI";"Velocidade Incompatível";"Colisão com objeto estático";"Sem Vítimas";"Plena Noite";"Decrescente";"Chuva";"Dupla";"Reta";"Não";1;0;0;0;1;0;0;1;-22,59372606;-44,07302856;"SPRF-RJ";"DEL07-RJ";"UOP01-DEL07-RJ"
117339;2018-03-10;"sábado";"20:00:00";"SC";470;7;"NAVEGANTES";"Ingestão de Álcool";"Colisão traseira";"Sem Vítimas";"Plena Noite";"Decrescente";"Nublado";"Simples";"Reta";"Sim";2;0;0;0;2;0;0;2;-26,85658069;-48,6970067;"SPRF-SC";"DEL04-SC";"UOP04-DEL04-SC"
117340;2018-03-10;"sábado";"19:25:00";"MA";316;262,5;"SANTA INES";"Falta de Atenção do Pedestre";"Atropelamento de Pedestre";"Com Vítimas Feridas";"Plena Noite";"Decrescente";"Céu Claro";"Simples";"Curva";"Sim";3;0;0;3;0;0;3;2;-3,67352886;-45,36872864;"SPRF-MA";"DEL02-MA";"UI04-DEL02-MA"
117341;2018-03-10;"sábado";"20:29:00";"RJ";40;123;"DUQUE DE CAXIAS";"Pista Escorregadia";"Queda de ocupante de veículo";"Com Vítimas Feridas";"Plena Noite";"Crescente";"Chuva";"Múltipla";"Reta";"Não";2;0;2;0;0;0;2;1;-22,8061;-43,2894;"SPRF-RJ";"DEL01-RJ";"UOP01-DEL01-RJ"
117342;2018-03-10;"sábado";"18:45:00";"MT";163;525,4;"DIAMANTINO";"Falta de Atenção à Condução";"Saída de leito carroçável";"Sem Vítimas";"Plena Noite";"Crescente";"Chuva";"Simples";"Declive";"Não";1;0;0;0;1;0;0;1;-14,42803042;-56,11747742;"SPRF-MT";"DEL01-MT";"UOP01-DEL01-MT"
117343;2018-03-10;"sábado";"21:05:00";"SE";235;37;"AREIA BRANCA";"Sinalização da via insuficiente ou inadequada";"Queda de ocupante de veículo";"Com Vítimas Feridas";"Plena Noite";"Decrescente";"Céu Claro";"Simples";"Em Obras;Reta";"Não";2;0;0;2;0;0;2;1;-10,769654;-37,337318;"SPRF-SE";"DEL01-SE";"UOP02-DEL01-SE"
117346;2018-03-10;"sábado";"19:10:00";"ES";101;16,7;"PEDRO CANARIO";"Ingestão de Álcool";"Queda de ocupante de veículo";"Com Vítimas Feridas";"Plena Noite";"Decrescente";"Chuva";"Simples";"Aclive";"Não";2;0;0;1;1;0;1;1;-18,298746;-39,957325;"SPRF-ES";"DEL04-ES";"UOP02-DEL04-ES"
117347;2018-03-10;"sábado";"21:00:00";"TO";230;138;"ARAGUATINS";"Animais na Pista";"Atropelamento de Animal";"Com Vítimas Feridas";"Plena Noite";"Decrescente";"Céu Claro";"Simples";"Reta";"Não";2;0;1;0;1;0;1;1;-5,733399;-48,097221;"SPRF-TO";"DEL02-TO";"UOP03-DEL02-TO"
117348;2018-03-10;"sábado";"19:30:00";"RS";470;225;"GARIBALDI";"Falta de Atenção à Condução";"Colisão traseira";"Com Vítimas Feridas";"Plena Noite";"Crescente";"Céu Claro";"Simples";"Reta";"Sim";3;0;1;0;0;2;1;3;-29,24606274;-51,5161952;"SPRF-RS";"DEL06-RS";"UOP01-DEL06-RS"
117349;2018-03-10;"sábado";"21:32:00";"MG";116;193;"CARAI";"Ingestão de Álcool";"Colisão frontal";"Com Vítimas Feridas";"Plena Noite";"Crescente";"Nublado";"Simples";"Reta";"Não";24;0;3;0;21;0;3;2;-17,17708254;-41,49547959;"SPRF-MG";"DEL11-MG";"UOP01-DEL11-MG"
117350;2018-03-10;"sábado";"20:38:00";"RN";304;89,3;"ACU";"Animais na Pista";"Atropelamento de Animal";"Com Vítimas Feridas";"Plena Noite";"Crescente";"Céu Claro";"Simples";"Reta";"Não";2;0;1;0;1;0;1;1;-5,525892;-37,106462;"SPRF-RN";"DEL04-RN";"UOP01-DEL04-RN"
117351;2018-03-10;"sábado";"19:30:00";"CE";222;120,7;"ITAPAJE";"Falta de Atenção à Condução";"Colisão transversal";"Com Vítimas Fatais";"Plena Noite";"Crescente";"Céu Claro";"Simples";"Reta";"Sim";3;1;2;0;0;0;2;2;-3,70941159;-39,56863403;"SPRF-CE";"DEL04-CE";"UOP03-DEL04-CE"
117352;2018-03-10;"sábado";"21:40:00";"PR";376;162,6;"MARINGA";"Avarias e/ou desgaste excessivo no pneu";"Tombamento";"Com Vítimas Feridas";"Plena Noite";"Crescente";"Céu Claro";"Dupla";"Reta";"Não";2;0;1;0;1;0;1;1;-23,352516;-52,09127;"SPRF-PR";"DEL07-PR";"UOP01-DEL09-PR"
117353;2018-03-10;"sábado";"19:30:00";"PI";20;369;"MONSENHOR HIPOLITO";"Falta de Atenção à Condução";"Colisão traseira";"Sem Vítimas";"Plena Noite";"Crescente";"Céu Claro";"Simples";"Reta";"Não";2;0;0;0;1;1;0;2;-6,823955;-41,042598;"SPRF-PI";"DEL04-PI";"UOP01-DEL04-PI"
117354;2018-03-10;"sábado";"21:45:00";"PR";376;195,1;"MARIALVA";"Falta de Atenção à Condução";"Saída de leito carroçável";"Com Vítimas Fatais";"Plena Noite";"Crescente";"Céu Claro";"Dupla";"Curva";"Não";1;1;0;0;0;0;0;1;-23,49347666;-51,81289673;"SPRF-PR";"DEL07-PR";"UOP01-DEL09-PR"
117356;2018-03-10;"sábado";"16:30:00";"SP";116;61,7;"GUARATINGUETA";"Ingestão de álcool e/ou substâncias psicoativas pelo pedestre";"Atropelamento de Pedestre";"Com Vítimas Fatais";"Pleno dia";"Crescente";"Nublado";"Dupla";"Reta";"Sim";3;1;0;0;1;1;0;2;-22,79772;-45,167511;"SPRF-SP";"DEL08-SP";"UOP01-DEL08-SP"
117357;2018-03-10;"sábado";"20:51:00";"SP";153;209,6;"GUAIMBE";"Falta de Atenção à Condução";"Saída de leito carroçável";"Com Vítimas Feridas";"Plena Noite";"Crescente";"Nublado";"Simples";"Reta";"Não";1;0;1;0;0;0;1;1;-21,899904;-49,912048;"SPRF-SP";"DEL07-SP";"UOP02-DEL07-SP"
117359;2018-03-10;"sábado";"21:50:00";"RN";304;31;"MOSSORO";"Ingestão de Álcool";"Colisão traseira";"Com Vítimas Feridas";"Plena Noite";"Decrescente";"Céu Claro";"Simples";"Reta";"Sim";1;0;1;0;0;0;1;1;-5,125933;-37,342953;"SPRF-RN";"DEL04-RN";"UOP02-DEL04-RN"
117360;2018-03-10;"sábado";"21:30:00";"SC";470;37,7;"GASPAR";"Falta de Atenção à Condução";"Colisão com objeto estático";"Com Vítimas Feridas";"Plena Noite";"Crescente";"Céu Claro";"Simples";"Desvio Temporário";"Sim";1;0;1;0;0;0;1;1;-26,91386192;-48,96722049;"SPRF-SC";"DEL04-SC";"UOP01-DEL04-SC"
117362;2018-03-10;"sábado";"22:30:00";"RJ";116;107,9;"GUAPIMIRIM";"Falta de Atenção à Condução";"Colisão lateral";"Com Vítimas Feridas";"Plena Noite";"Crescente";"Chuva";"Dupla";"Reta";"Não";2;0;1;0;1;0;1;2;-22,53665902;-42,99362183;"SPRF-RJ";"DEL04-RJ";"UOP02-DEL04-RJ"
117363;2018-03-10;"sábado";"22:20:00";"DF";60;7,4;"BRASILIA";"Ingestão de Álcool";"Colisão traseira";"Com Vítimas Feridas";"Plena Noite";"Crescente";"Chuva";"Dupla";"Reta";"Sim";2;0;1;0;1;0;1;2;-15,901237;-48,122334;"SPRF-DF";"DEL01-DF";"UOP01-DEL03-DF"
117364;2018-03-10;"sábado";"21:58:00";"ES";101;170;"LINHARES";"Pista Escorregadia";"Queda de ocupante de veículo";"Com Vítimas Feridas";"Plena Noite";"Decrescente";"Chuva";"Simples";"Reta";"Não";2;0;2;0;0;0;2;1;-19,45234894;-40,09872437;"SPRF-ES";"DEL04-ES";"UOP01-DEL04-ES"
117365;2018-03-10;"sábado";"22:40:00";"ES";101;221;"IBIRACU";"Falta de Atenção à Condução";"Colisão traseira";"Com Vítimas Feridas";"Plena Noite";"Crescente";"Chuva";"Simples";"Reta";"Não";2;0;2;0;0;0;2;2;-19,86662917;-40,39870262;"SPRF-ES";"DEL02-ES";"UOP01-DEL02-ES"
117366;2018-03-10;"sábado";"23:00:00";"SP";116;288;"ITAPECERICA DA SERRA";"Deficiência ou não Acionamento do Sistema de Iluminação/Sinalização do Veículo";"Colisão traseira";"Com Vítimas Feridas";"Plena Noite";"Crescente";"Nublado";"Dupla";"Reta";"Sim";2;0;1;0;1;0;1;2;-23,68477417;-46,86080933;"SPRF-SP";"DEL04-SP";"UOP01-DEL04-SP"
117369;2018-03-10;"sábado";"23:20:00";"MG";50;69;"UBERLANDIA";"Ingestão de Álcool";"Tombamento";"Com Vítimas Feridas";"Plena Noite";"Crescente";"Nublado";"Dupla";"Interseção de Vias";"Sim";2;0;2;0;0;0;2;1;-18,88549798;-48,26499939;"SPRF-MG";"DEL15-MG";"UOP01-DEL15-MG"
117370;2018-03-10;"sábado";"23:00:00";"RS";158;194,9;"CRUZ ALTA";"Desobediência às normas de trânsito pelo condutor";"Colisão transversal";"Com Vítimas Feridas";"Plena Noite";"Crescente";"Céu Claro";"Simples";"Interseção de Vias";"Sim";4;0;2;0;1;1;2;2;-28,646063;-53,575897;"SPRF-RS";"DEL10-RS";"UOP02-DEL10-RS"
117371;2018-03-10;"sábado";"21:35:00";"PR";272;369;"CAMPO MOURAO";"Desobediência às normas de trânsito pelo condutor";"Colisão frontal";"Com Vítimas Feridas";"Plena Noite";"Crescente";"Céu Claro";"Simples";"Reta";"Sim";2;0;1;0;0;1;1;2;-24,05788256;-52,41754428;"SPRF-PR";"DEL04-PR";"UOP03-DEL09-PR"