"id";"data_inversa";"dia_semana";"horario";"uf";"br";"km";"municipio";"causa_acidente";"tipo_acidente";"classificacao_acidente";"fase_dia";"sentido_via";"condicao_metereologica";"tipo_pista";"tracado_via";"uso_solo";"pessoas";"mortos";"feridos_leves";"feridos_graves";"ilesos";"ignorados";"feridos";"veiculos";"latitude";"longitude";"regional";"delegacia";"uop"
117372;2018-03-10;"sábado";"19:10:00";"MT";70;572;"NOSSA SENHORA DO LIVRAMENTO";"Animais na Pista";"Capotamento";"Sem Vítimas";"Plena Noite";"Crescente";"Chuva";"Simples";"Reta";"Não";2;0;0;0;2;0;0;1;-15,69973058;-56,46148682;"SPRF-MT";"DEL03-MT";"UOP02-DEL03-MT"
117374;2018-03-10;"sábado";"18:40:00";"PR";163;130;"REALEZA";"Falta de Atenção à Condução";"Saída de leito carroçável";"Com Vítimas Feridas";"Anoitecer";"Crescente";"Céu Claro";"Simples";"Reta;Aclive";"Não";2;0;1;0;1;0;1;1;-25,5769;-53,5652;"SPRF-PR";"DEL02-PR";"UOP02-DEL02-PR"
117375;2018-03-10;"sábado";"21:40:00";"PR";163;36;"SANTO ANTONIO DO SUDOESTE";"Falta de Atenção à Condução";"Colisão frontal";"Com Vítimas Feridas";"Plena Noite";"Crescente";"Céu Claro";"Simples";"Reta;Aclive";"Sim";2;0;0;1;1;0;1;2;-26,0589;-53,7195;"SPRF-PR";"DEL02-PR";"UOP02-DEL02-PR"
117376;2018-03-10;"sábado";"23:30:00";"PR";476;130,5;"CURITIBA";"Falta de Atenção à Condução";"Colisão traseira";"Com Vítimas Feridas";"Plena Noite";"Crescente";"Céu Claro";"Múltipla";"Reta";"Sim";2;0;2;0;0;0;2;2;-25,449564;-49,236427;"SPRF-PR";"DEL01-PR";"UOP07-DEL01-PR"
117377;2018-03-10;"sábado";"23:40:00";"SC";101;34,5;"JOINVILLE";"Velocidade Incompatível";"Saída de leito carroçável";"Sem Vítimas";"Plena Noite";"Decrescente";"Nublado";"Dupla";"Curva";"Não";1;0;0;0;1;0;0;1;-26,268;-48,896;"SPRF-SC";"DEL03-SC";"UOP01-DEL03-SC"
117379;2018-03-10;"sábado";"22:50:00";"BA";116;762,5;"POCOES";"Falta de Atenção à Condução";"Tombamento";"Com Vítimas Feridas";"Plena Noite";"Decrescente";"Céu Claro";"Simples";"Reta";"Não";2;0;0;1;0;1;1;2;-14,53839128;-40,38986206;"SPRF-BA";"DEL08-BA";"UOP02-DEL08-BA"
117380;2018-03-10;"sábado";"22:30:00";"MG";116;7;"DIVISA ALEGRE";"Desobediência às normas de trânsito pelo condutor";"Tombamento";"Com Vítimas Feridas";"Plena Noite";"Decrescente";"Ignorado";"Simples";"Retorno Regulamentado";"Sim";1;0;1;0;0;0;1;1;-15,761115;-41,332664;"SPRF-BA";"DEL08-BA";"UOP03-DEL08-BA"
117381;2018-03-10;"sábado";"23:50:00";"PR";369;198,1;"APUCARANA";"Ingestão de Álcool";"Colisão frontal";"Com Vítimas Feridas";"Plena Noite";"Crescente";"Céu Claro";"Dupla";"Reta";"Não";5;0;5;0;0;0;5;2;-23,52009959;-51,43294573;"SPRF-PR";"DEL07-PR";"UOP03-DEL07-PR"
117382;2018-03-10;"sábado";"22:30:00";"MT";364;191,6;"RONDONOPOLIS";"Falta de Atenção à Condução";"Capotamento";"Com Vítimas Feridas";"Plena Noite";"Decrescente";"Nublado";"Simples";"Curva";"Não";1;0;1;0;0;0;1;1;-16,55459447;-54,57046509;"SPRF-MT";"DEL02-MT";"UOP01-DEL02-MT"
117384;2018-03-11;"domingo";"00:19:00";"SP";116;200;"ARUJA";"Falta de Atenção do Pedestre";"Atropelamento de Pedestre";"Com Vítimas Feridas";"Plena Noite";"Decrescente";"Nublado";"Múltipla";"Reta";"Não";2;0;1;0;1;0;1;2;-23,40284006;-46,31949305;"SPRF-SP";"DEL01-SP";"UOP02-DEL01-SP"
117385;2018-03-10;"sábado";"23:20:00";"ES";262;159,2;"IBATIBA";"Desobediência às normas de trânsito pelo condutor";"Colisão transversal";"Com Vítimas Feridas";"Plena Noite";"Decrescente";"Nublado";"Múltipla";"Interseção de Vias";"Sim";4;0;0;2;1;1;2;3;-20,23591542;-41,50856853;"SPRF-ES";"DEL01-ES";"UOP02-DEL01-ES"
117386;2018-03-11;"domingo";"00:05:00";"MG";40;518;"RIBEIRAO DAS NEVES";"Ingestão de Álcool";"Saída de leito carroçável";"Sem Vítimas";"Plena Noite";"Crescente";"Chuva";"Dupla";"Reta";"Sim";1;0;0;0;1;0;0;1;-19,843;-44,0749;"SPRF-MG";"DEL01-MG";"UOP03-DEL01-MG"
117387;2018-03-11;"domingo";"00:22:00";"PR";277;588,3;"CASCAVEL";"Desobediência às normas de trânsito pelo condutor";"Colisão frontal";"Com Vítimas Fatais";"Plena Noite";"Crescente";"Céu Claro";"Simples";"Interseção de Vias;Declive;Reta";"Sim";3;1;0;0;2;0;0;2;-24,97609949;-53,43475342;"SPRF-PR";"DEL04-PR";"UOP01-DEL04-PR"
117388;2018-03-10;"sábado";"20:27:00";"PR";277;118,3;"CAMPO LARGO";"Falta de Atenção à Condução";"Colisão com objeto estático";"Sem Vítimas";"Plena Noite";"Crescente";"Nublado";"Dupla";"Reta";"Não";2;0;0;0;2;0;0;2;-25,42816515;-49,53163144;"SPRF-PR";"DEL01-PR";"UOP06-DEL01-PR"
117389;2018-03-11;"domingo";"00:25:00";"RS";116;265;"CANOAS";"Não guardar distância de segurança";"Colisão traseira";"Sem Vítimas";"Plena Noite";"Decrescente";"Céu Claro";"Dupla";"Reta";"Sim";3;0;0;0;3;0;0;3;-29,923407;-51,177811;"SPRF-RS";"DEL01-RS";"UOP01-DEL01-RS"
117391;2018-03-10;"sábado";"23:45:00";"MT";163;691;"JUSCIMEIRA";"Ingestão de Álcool";"Colisão frontal";"Com Vítimas Feridas";"Plena Noite";"Decrescente";"Céu Claro";"Simples";"Reta";"Sim";2;0;0;1;1;0;1;2;-16,160118;-54,796425;"SPRF-MT";"DEL06-MT";"UOP01-DEL06-MT"
117392;2018-03-11;"domingo";"01:00:00";"SC";101;207;"SAO JOSE";"Falta de Atenção à Condução";"Colisão com objeto estático";"Com Vítimas Feridas";"Pleno dia";"Decrescente";"Ignorado";"Múltipla";"Aclive;Reta";"Sim";1;0;1;0;0;0;1;1;-27,6034;-48,632;"SPRF-SC";"DEL01-SC";"UOP01-DEL01-SC"
117393;2018-03-11;"domingo";"00:05:00";"MG";146;543,4;"MUZAMBINHO";"Desobediência às normas de trânsito pelo condutor";"Colisão transversal";"Com Vítimas Feridas";"Plena Noite";"Decrescente";"Céu Claro";"Simples";"Curva";"Não";9;0;3;3;3;0;6;3;-21,35845519;-46,47491455;"SPRF-MG";"DEL09-MG";"UOP01-DEL09-MG"
117394;2018-03-11;"domingo";"01:00:00";"MG";40;806,2;"MATIAS BARBOSA";"Falta de Atenção à Condução";"Colisão com objeto estático";"Com Vítimas Feridas";"Plena Noite";"Decrescente";"Chuva";"Dupla";"Reta";"Não";1;0;1;0;0;0;1;1;-21,8675;-43,3499;"SPRF-MG";"DEL05-MG";"UOP01-DEL05-MG"
117395;2018-03-11;"domingo";"00:50:00";"SP";116;413,7;"JUQUIA";"Ingestão de Substâncias Psicoativas";"Colisão com objeto em movimento";"Com Vítimas Feridas";"Plena Noite";"Decrescente";"Céu Claro";"Dupla";"Reta";"Não";1;0;1;0;0;0;1;1;-24,33166476;-47,62771608;"SPRF-SP";"DEL05-SP";"UOP01-DEL05-SP"
117396;2018-03-11;"domingo";"02:00:00";"MG";381;689,3;"LAVRAS";"Velocidade Incompatível";"Colisão com objeto estático";"Sem Vítimas";"Plena Noite";"Crescente";"Garoa/Chuvisco";"Dupla";"Curva;Aclive";"Não";1;0;0;0;1;0;0;1;-21,19812634;-45,11932427;"SPRF-MG";"DEL04-MG";"UOP02-DEL04-MG"
117397;2018-03-11;"domingo";"02:00:00";"PE";232;66,2;"GRAVATA";"Avarias e/ou desgaste excessivo no pneu";"Queda de ocupante de veículo";"Com Vítimas Feridas";"Plena Noite";"Crescente";"Céu Claro";"Dupla";"Curva;Aclive";"Não";1;0;1;0;0;0;1;1;-8,166291;-35,460781;"SPRF-PE";"DEL01-PE";"UOP02-DEL02PE"
117398;2018-03-11;"domingo";"02:50:00";"PR";116;92;"SAO JOSE DOS PINHAIS";"Agressão Externa";"Colisão com objeto estático";"Com Vítimas Feridas";"Plena Noite";"Crescente";"Céu Claro";"Dupla";"Reta;Viaduto";"Não";2;0;1;0;1;0;1;1;-25,476923;-49,097691;"SPRF-PR";"DEL01-PR";"UOP07-DEL01-PR"
117399;2018-03-11;"domingo";"02:30:00";"RS";158;324,8;"SANTA MARIA";"Falta de Atenção à Condução";"Colisão com objeto estático";"Com Vítimas Feridas";"Plena Noite";"Crescente";"Céu Claro";"Simples";"Curva";"Sim";1;0;0;1;0;0;1;1;-29,70696435;-53,79894627;"SPRF-RS";"DEL09-RS";"UOP01-DEL09-RS"
117400;2018-03-11;"domingo";"00:30:00";"MA";316;612,2;"TIMON";"Ingestão de Álcool";"Colisão frontal";"Com Vítimas Feridas";"Plena Noite";"Decrescente";"Céu Claro";"Dupla";"Reta";"Não";3;0;0;1;2;0;1;2;-5,07484385;-42,86052704;"SPRF-MA";"DEL03-MA";"UOP02-DEL03-MA"
117401;2018-03-11;"domingo";"01:00:00";"RO";174;14,8;"VILHENA";"Falta de Atenção à Condução";"Colisão com objeto estático";"Sem Vítimas";"Plena Noite";"Decrescente";"Céu Claro";"Dupla";"Reta";"Sim";1;0;0;0;0;1;0;1;-12,72474474;-60,12954712;"SPRF-RO";"DEL04-RO";"UOP01-DEL04-RO"
117402;2018-03-10;"sábado";"21:50:00";"MG";381;620,9;"OLIVEIRA";"Velocidade Incompatível";"Saída de leito carroçável";"Com Vítimas Feridas";"Plena Noite";"Decrescente";"Chuva";"Dupla";"Curva";"Não";2;0;1;0;1;0;1;1;-20,7635;-44,778;"SPRF-MG";"DEL04-MG";"UOP01-DEL04-MG"
117403;2018-03-11;"domingo";"02:30:00";"PE";101;100;"CABO DE SANTO AGOSTINHO";"Falta de Atenção à Condução";"Atropelamento de Pedestre";"Com Vítimas Fatais";"Plena Noite";"Crescente";"Céu Claro";"Múltipla";"Reta";"Sim";2;1;0;0;0;1;0;2;-8,2768;-35,054;"SPRF-PE";"DEL01-PE";"UOP03-DEL01-PE"
117405;2018-03-11;"domingo";"00:30:00";"SC";282;323;"CAMPOS NOVOS";"Ingestão de Álcool";"Saída de leito carroçável";"Com Vítimas Feridas";"Plena Noite";"Decrescente";"Céu Claro";"Simples";"Curva;Rotatória";"Não";1;0;1;0;0;0;1;1;-27,37462381;-51,06783807;"SPRF-SC";"DEL07-SC";"UOP06-DEL07-SC"
117406;2018-03-11;"domingo";"03:30:00";"RJ";116;123;"MAGE";"Velocidade Incompatível";"Colisão com objeto estático";"Com Vítimas Feridas";"Plena Noite";"Crescente";"Garoa/Chuvisco";"Dupla";"Reta";"Não";1;0;0;1;0;0;1;1;-22,66724427;-43,10966492;"SPRF-RJ";"DEL04-RJ";"UOP02-DEL04-RJ"
117407;2018-03-11;"domingo";"03:50:00";"MG";40;501;"ESMERALDAS";"Pista Escorregadia";"Saída de leito carroçável";"Sem Vítimas";"Plena Noite";"Crescente";"Céu Claro";"Dupla";"Reta";"Não";1;0;0;0;0;1;0;1;-19,7183;-44,157;"SPRF-MG";"DEL02-MG";"UOP01-DEL02-MG"
117408;2018-03-11;"domingo";"02:00:00";"MG";40;546;"NOVA LIMA";"Condutor Dormindo";"Colisão com objeto estático";"Sem Vítimas";"Plena Noite";"Crescente";"Nublado";"Dupla";"Curva";"Sim";1;0;0;0;1;0;0;1;-20,02265348;-43,97045499;"SPRF-MG";"DEL01-MG";"UOP02-DEL01-MG"
117409;2018-02-12;"segunda-feira";"03:00:00";"GO";153;195;"URUACU";"Falta de Atenção do Pedestre";"Saída de leito carroçável";"Com Vítimas Feridas";"Plena Noite";"Crescente";"Ignorado";"Simples";"Reta";"Não";3;0;1;0;2;0;1;1;-14,4715278;-49,1575501;"SPRF-GO";"DEL07-GO";"UOP02-DEL07-GO"
117410;2018-03-11;"domingo";"04:00:00";"SP";116;211,6;"GUARULHOS";"Falta de Atenção à Condução";"Saída de leito carroçável";"Com Vítimas Feridas";"Plena Noite";"Crescente";"Céu Claro";"Múltipla";"Reta";"Sim";3;0;1;0;2;0;1;1;-23,43551443;-46,42764827;"SPRF-SP";"DEL01-SP";"UOP01-DEL01-SP"
117411;2018-03-11;"domingo";"00:02:00";"SC";282;576;"PINHALZINHO";"Ingestão de Álcool";"Colisão frontal";"Com Vítimas Feridas";"Plena Noite";"Decrescente";"Céu Claro";"Simples";"Reta";"Sim";2;0;0;1;1;0;1;2;-26,85102901;-52,98500061;"SPRF-SC";"DEL07-SC";"UOP02-DEL07-SC"
117412;2018-03-10;"sábado";"23:00:00";"SC";282;579;"PINHALZINHO";"Ingestão de Álcool";"Saída de leito carroçável";"Com Vítimas Feridas";"Plena Noite";"Crescente";"Céu Claro";"Simples";"Reta";"Sim";2;0;1;0;1;0;1;1;-26,84957404;-52,98025846;"SPRF-SC";"DEL07-SC";"UOP02-DEL07-SC"
117413;2018-02-27;"terça-feira";"17:50:00";"CE";222;1;"FORTALEZA";"Falta de Atenção à Condução";"Colisão traseira";"Com Vítimas Feridas";"Anoitecer";"Crescente";"Céu Claro";"Dupla";"Reta";"Sim";3;0;1;0;2;0;1;3;-3,73799811;-38,57993055;"SPRF-CE";"DEL01-CE";"UOP01-DEL01-CE"
117414;2018-03-11;"domingo";"00:40:00";"MA";402;53,2;"MORROS";"Desobediência às normas de trânsito pelo condutor";"Colisão frontal";"Com Vítimas Fatais";"Plena Noite";"Decrescente";"Céu Claro";"Simples";"Curva";"Sim";3;1;1;0;0;1;1;3;-2,85858264;-44,05525377;"SPRF-MA";"DEL01-MA";"UOP01-DEL01-MA"
117415;2018-03-11;"domingo";"03:50:00";"SC";282;3,5;"FLORIANOPOLIS";"Velocidade Incompatível";"Atropelamento de Pedestre";"Com Vítimas Fatais";"Plena Noite";"Decrescente";"Nublado";"Dupla";"Curva";"Sim";3;1;1;1;0;0;2;2;-27,59593477;-48,60214233;"SPRF-SC";"DEL01-SC";"UOP01-DEL01-SC"
117416;2018-03-11;"domingo";"05:20:00";"SP";116;216;"GUARULHOS";"Ingestão de álcool e/ou substâncias psicoativas pelo pedestre";"Colisão com objeto estático";"Sem Vítimas";"Amanhecer";"Crescente";"Nublado";"Múltipla";"Reta";"Sim";2;0;0;0;2;0;0;1;-23,452539;-46,468771;"SPRF-SP";"DEL01-SP";"UOP01-DEL01-SP"
117417;2018-03-10;"sábado";"23:15:00";"SC";470;176,7;"POUSO REDONDO";"Ingestão de Álcool";"Atropelamento de Pedestre";"Com Vítimas Fatais";"Plena Noite";"Decrescente";"Nublado";"Simples";"Reta";"Não";2;1;0;0;1;0;0;2;-27,254238;-49,948658;"SPRF-SC";"DEL04-SC";"UOP02-DEL04-SC"
117418;2018-03-11;"domingo";"05:10:00";"PA";316;12;"MARITUBA";"Falta de Atenção à Condução";"Colisão traseira";"Com Vítimas Fatais";"Pleno dia";"Crescente";"Céu Claro";"Dupla";"Reta";"Sim";3;1;0;1;1;0;1;2;-1,365636;-48,358788;"SPRF-PA";"DEL01-PA";"DEL19/1-UOP05/PA"
117419;2018-03-11;"domingo";"00:50:00";"SC";101;354,5;"JAGUARUNA";"Ingestão de Álcool";"Saída de leito carroçável";"Sem Vítimas";"Plena Noite";"Decrescente";"Céu Claro";"Dupla";"Reta";"Não";2;0;0;0;0;2;0;1;-28,61778244;-49,0699625;"SPRF-SC";"DEL02-SC";"UOP01-DEL02-SC"
117420;2018-03-11;"domingo";"05:30:00";"RS";386;440;"CANOAS";"Ingestão de Álcool";"Saída de leito carroçável";"Sem Vítimas";"Plena Noite";"Decrescente";"Nublado";"Dupla";"Reta";"Não";1;0;0;0;1;0;0;1;-29,878265;-51,241951;"SPRF-RS";"DEL01-RS";"UOP01-DEL01-RS"
117422;2018-03-11;"domingo";"06:10:00";"PR";369;39;"ANDIRA";"Desobediência às normas de trânsito pelo condutor";"Colisão transversal";"Com Vítimas Feridas";"Amanhecer";"Decrescente";"Céu Claro";"Simples";"Interseção de Vias";"Não";1;0;0;1;0;0;1;1;-23,06077983;-50,25421143;"SPRF-PR";"DEL07-PR";"UOP05-DEL07-PR"
117423;2018-03-11;"domingo";"06:15:00";"GO";60;111,7;"GOIANAPOLIS";"Condutor Dormindo";"Capotamento";"Com Vítimas Feridas";"Amanhecer";"Crescente";"Nublado";"Dupla";"Curva";"Não";1;0;1;0;0;0;1;1;-16,451;-49,0409;"SPRF-GO";"DEL01-GO";"UOP01-DEL01-GO"
117424;2018-03-11;"domingo";"05:00:00";"PE";104;68;"CARUARU";"Falta de Atenção à Condução";"Capotamento";"Sem Vítimas";"Pleno dia";"Crescente";"Céu Claro";"Simples";"Retorno Regulamentado";"Não";1;0;0;0;1;0;0;1;-8,3107;-35,9904;"SPRF-PE";"DEL02-PE";"UOP01-DEL02-PE"
117425;2018-03-11;"domingo";"05:15:00";"SC";101;89;"BARRA VELHA";"Ingestão de Álcool";"Colisão com objeto estático";"Sem Vítimas";"Plena Noite";"Crescente";"Céu Claro";"Dupla";"Reta";"Não";2;0;0;0;2;0;0;2;-26,6689;-48,6897;"SPRF-SC";"DEL03-SC";"UOP02-DEL03-SC"
117426;2018-03-11;"domingo";"06:30:00";"BA";324;612;"SALVADOR";"Ingestão de Álcool";"Saída de leito carroçável";"Com Vítimas Feridas";"Plena Noite";"Decrescente";"Sol";"Dupla";"Declive;Reta";"Sim";1;0;1;0;0;0;1;1;-12,85811234;-38,42134476;"SPRF-BA";"DEL01-BA";"UOP01-DEL01-BA"
117427;2018-03-11;"domingo";"03:10:00";"SC";116;156,4;"SANTA CECILIA";"Falta de Atenção à Condução";"Colisão com objeto estático";"Com Vítimas Feridas";"Plena Noite";"Crescente";"Nublado";"Simples";"Curva";"Não";2;0;2;0;0;0;2;1;-26,986475;-50,394382;"SPRF-SC";"DEL06-SC";"UOP02-DEL06-SC"
117429;2018-03-11;"domingo";"03:00:00";"MG";262;386,4;"FLORESTAL";"Velocidade Incompatível";"Saída de leito carroçável";"Sem Vítimas";"Plena Noite";"Crescente";"Chuva";"Dupla";"Curva";"Não";1;0;0;0;0;1;0;1;-19,91815307;-44,48338187;"SPRF-MG";"DEL01-MG";"UOP03-DEL01-MG"
117431;2018-03-11;"domingo";"00:45:00";"MG";381;271;"CORONEL FABRICIANO";"Pista Escorregadia";"Colisão com objeto estático";"Sem Vítimas";"Plena Noite";"Decrescente";"Chuva";"Simples";"Curva";"Não";1;0;0;0;1;0;0;1;-19,52740045;-42,66989529;"SPRF-MG";"DEL03-MG";"UOP02-DEL03-MG"
117432;2018-03-11;"domingo";"05:35:00";"PR";153;58,5;"GUAPIRAMA";"Condutor Dormindo";"Colisão frontal";"Com Vítimas Fatais";"Amanhecer";"Decrescente";"Nevoeiro/Neblina";"Simples";"Reta";"Não";4;1;1;1;1;0;2;2;-23,40906634;-50,06583452;"SPRF-PR";"DEL07-PR";"UOP04-DEL07-PR"
117433;2018-03-11;"domingo";"06:55:00";"ES";101;216;"IBIRACU";"Falta de Atenção à Condução";"Capotamento";"Com Vítimas Feridas";"Pleno dia";"Crescente";"Chuva";"Simples";"Curva";"Não";2;0;0;1;1;0;1;1;-19,829673;-40,369799;"SPRF-ES";"DEL02-ES";"UOP01-DEL02-ES"
117434;2018-03-11;"domingo";"05:30:00";"PI";316;19,9;"TERESINA";"Falta de Atenção à Condução";"Colisão transversal";"Com Vítimas Feridas";"Amanhecer";"Decrescente";"Nublado";"Simples";"Reta";"Não";2;0;1;0;1;0;1;2;-5,0446853;-42,7662325;"SPRF-PI";"DEL01-PI";"UOP02-DEL01-PI"
117436;2018-03-11;"domingo";"07:25:00";"BA";324;620;"SALVADOR";"Avarias e/ou desgaste excessivo no pneu";"Queda de ocupante de veículo";"Com Vítimas Feridas";"Pleno dia";"Crescente";"Sol";"Múltipla";"Reta";"Sim";2;0;2;0;0;0;2;1;-12,91272626;-38,45954329;"SPRF-BA";"DEL01-BA";"UOP01-DEL01-BA"
117438;2018-03-11;"domingo";"03:40:00";"MT";163;761;"SORRISO";"Ingestão de Álcool";"Saída de leito carroçável";"Sem Vítimas";"Plena Noite";"Crescente";"Garoa/Chuvisco";"Simples";"Reta";"Não";1;0;0;0;1;0;0;1;-12,49959902;-55,69107056;"SPRF-MT";"DEL06-MT";"UOP01-DEL06-MT"
117439;2018-03-11;"domingo";"07:00:00";"SC";470;9;"NAVEGANTES";"Desobediência às normas de trânsito pelo condutor";"Tombamento";"Sem Vítimas";"Amanhecer";"Crescente";"Céu Claro";"Simples";"Interseção de Vias";"Não";1;0;0;0;0;1;0;1;-26,84712861;-48,71406555;"SPRF-SC";"DEL04-SC";"UOP04-DEL04-SC"
117440;2018-03-11;"domingo";"07:15:00";"PR";467;91;"MARECHAL CANDIDO RONDON";"Falta de Atenção à Condução";"Saída de leito carroçável";"Sem Vítimas";"Pleno dia";"Crescente";"Céu Claro";"Dupla";"Curva";"Não";1;0;0;0;1;0;0;1;-24,7293696;-54,04518127;"SPRF-PR";"DEL04-PR";"UOP05-DEL05-PR"
117444;2018-03-10;"sábado";"16:25:00";"BA";20;154,2;"CONCEICAO DO JACUIPE";"Falta de Atenção à Condução";"Queda de ocupante de veículo";"Com Vítimas Feridas";"Pleno dia";"Decrescente";"Nublado";"Simples";"Em Obras";"Não";1;0;1;0;0;0;1;1;-12,31987761;-38,74259949;"SPRF-BA";"DEL10-BA";"UOP01-DEL10-BA"
117445;2018-03-11;"domingo";"07:30:00";"SC";280;282,9;"IRINEOPOLIS";"Falta de Atenção à Condução";"Saída de leito carroçável";"Com Vítimas Feridas";"Pleno dia";"Decrescente";"Nublado";"Simples";"Reta";"Não";4;0;2;0;2;0;2;1;-26,296255;-50,848663;"SPRF-SC";"DEL06-SC";"UOP04-DEL06-SC"
117446;2018-03-11;"domingo";"06:30:00";"SC";101;123,1;"ITAJAI";"Ingestão de álcool e/ou substâncias psicoativas pelo pedestre";"Saída de leito carroçável";"Com Vítimas Feridas";"Amanhecer";"Crescente";"Céu Claro";"Dupla";"Interseção de Vias";"Sim";1;0;0;1;0;0;1;1;-26,93725983;-48,69832451;"SPRF-SC";"DEL04-SC";"UOP04-DEL04-SC"
117447;2018-03-11;"domingo";"06:20:00";"RR";401;2;"CANTA";"Falta de Atenção à Condução";"Saída de leito carroçável";"Com Vítimas Feridas";"Amanhecer";"Crescente";"Céu Claro";"Simples";"Declive;Reta";"Não";1;0;1;0;0;0;1;1;2,793089;-60,665255;"SPRF-RR";"DEL01-RR";"UOP01-DEL01-RR"
117449;2018-03-11;"domingo";"06:00:00";"RS";285;498,5;"ENTRE-IJUIS";"Falta de Atenção à Condução";"Saída de leito carroçável";"Com Vítimas Feridas";"Amanhecer";"Crescente";"Céu Claro";"Simples";"Rotatória";"Sim";2;0;1;0;1;0;1;1;-28,38052681;-54,26147461;"SPRF-RS";"DEL10-RS";"UOP01-DEL10-RS"
117450;2018-03-11;"domingo";"06:00:00";"RJ";101;430;"ANGRA DOS REIS";"Ingestão de Álcool";"Colisão transversal";"Com Vítimas Feridas";"Amanhecer";"Decrescente";"Céu Claro";"Simples";"Reta";"Não";2;0;0;1;1;0;1;2;-22,957;-44,309;"SPRF-RJ";"DEL03-RJ";"UOP01-DEL03-RJ"
117453;2018-03-11;"domingo";"08:45:00";"GO";40;5,8;"VALPARAISO DE GOIAS";"Falta de Atenção à Condução";"Colisão com objeto estático";"Sem Vítimas";"Pleno dia";"Decrescente";"Chuva";"Dupla";"Reta";"Sim";1;0;0;0;1;0;0;1;-16,093134;-47,982236;"SPRF-DF";"DEL01-DF";"UOP01-DEL01-DF"
117454;2018-03-11;"domingo";"07:45:00";"MG";381;442;"SABARA";"Velocidade Incompatível";"Colisão frontal";"Com Vítimas Feridas";"Pleno dia";"Decrescente";"Chuva";"Simples";"Curva";"Sim";2;0;0;1;1;0;1;2;-19,79925188;-43,76094818;"SPRF-MG";"DEL01-MG";"UOP01-DEL01-MG"
117455;2018-03-11;"domingo";"08:50:00";"MG";262;381;"JUATUBA";"Pista Escorregadia";"Saída de leito carroçável";"Com Vítimas Feridas";"Pleno dia";"Crescente";"Chuva";"Dupla";"Curva";"Não";1;0;1;0;0;0;1;1;-19,9378;-44,4522;"SPRF-MG";"DEL01-MG";"UOP03-DEL01-MG"
117457;2018-03-10;"sábado";"23:15:00";"PE";428;190;"PETROLINA";"Ingestão de Álcool";"Colisão com objeto estático";"Com Vítimas Feridas";"Plena Noite";"Decrescente";"Nublado";"Simples";"Reta";"Sim";1;0;1;0;0;0;1;1;-9,372067;-40,486843;"SPRF-PE";"DEL06-PE";"UOP01-DEL06-PE"
117458;2018-03-11;"domingo";"08:40:00";"MS";163;262;"DOURADOS";"Desobediência às normas de trânsito pelo condutor";"Colisão lateral";"Com Vítimas Feridas";"Pleno dia";"Crescente";"Sol";"Múltipla";"Interseção de Vias";"Sim";5;0;1;2;2;0;3;2;-22,23184448;-54,74770278;"SPRF-MS";"DEL04-MS";"UOP01-DEL04-MS"
117463;2018-03-11;"domingo";"08:40:00";"BA";418;68,9;"CARAVELAS";"Defeito na Via";"Saída de leito carroçável";"Com Vítimas Feridas";"Pleno dia";"Crescente";"Nublado";"Simples";"Reta";"Não";5;0;1;0;4;0;1;1;-17,734264;-39,553185;"SPRF-BA";"DEL09-BA";"UOP02-DEL09-BA"
117464;2018-03-11;"domingo";"10:00:00";"BA";101;835;"PRADO";"Falta de Atenção à Condução";"Colisão frontal";"Com Vítimas Feridas";"Pleno dia";"Crescente";"Nublado";"Simples";"Reta";"Não";2;0;1;1;0;0;2;2;-17,21265;-39,603095;"SPRF-BA";"DEL09-BA";"UOP01-DEL09-BA"
117465;2018-03-11;"domingo";"10:10:00";"SP";116;211;"GUARULHOS";"Defeito Mecânico no Veículo";"Colisão com objeto em movimento";"Com Vítimas Feridas";"Pleno dia";"Crescente";"Céu Claro";"Múltipla";"Reta";"Sim";2;0;1;0;1;0;1;2;-23,43453489;-46,42428786;"SPRF-SP";"DEL01-SP";"UOP01-DEL01-SP"
117466;2018-03-11;"domingo";"09:45:00";"GO";60;56,7;"ABADIANIA";"Pista Escorregadia";"Colisão com objeto estático";"Sem Vítimas";"Pleno dia";"Crescente";"Chuva";"Dupla";"Curva";"Não";1;0;0;0;1;0;0;1;-16,18961837;-48,67080688;"SPRF-GO";"DEL02-GO";"UOP01-DEL02-GO"
117467;2018-03-11;"domingo";"10:30:00";"GO";153;586,9;"PROFESSOR JAMIL";"Velocidade Incompatível";"Saída de leito carroçável";"Com Vítimas Feridas";"Pleno dia";"Crescente";"Chuva";"Dupla";"Curva";"Não";4;0;4;0;0;0;4;1;-17,4342;-49,23;"SPRF-GO";"DEL03-GO";"UOP01-DEL03-GO"
117469;2018-03-11;"domingo";"10:40:00";"PI";343;5,5;"PARNAIBA";"Falta de Atenção à Condução";"Colisão lateral";"Com Vítimas Feridas";"Pleno dia";"Crescente";"Céu Claro";"Simples";"Reta";"Sim";2;0;1;0;1;0;1;2;-2,89597567;-41,70132816;"SPRF-PI";"DEL05-PI";"UOP01-DEL05-PI"
117471;2018-03-11;"domingo";"10:50:00";"RJ";116;218;"PARACAMBI";"Falta de Atenção à Condução";"Capotamento";"Sem Vítimas";"Pleno dia";"Decrescente";"Céu Claro";"Dupla";"Reta";"Não";1;0;0;0;1;0;0;1;-22,700907;-43,757046;"SPRF-RJ";"DEL07-RJ";"UOP01-DEL07-RJ"