"id";"data_inversa";"dia_semana";"horario";"uf";"br";"km";"municipio";"causa_acidente";"tipo_acidente";"classificacao_acidente";"fase_dia";"sentido_via";"condicao_metereologica";"tipo_pista";"tracado_via";"uso_solo";"pessoas";"mortos";"feridos_leves";"feridos_graves";"ilesos";"ignorados";"feridos";"veiculos";"latitude";"longitude";"regional";"delegacia";"uop"
117595;2018-03-11;"domingo";"19:30:00";"PR";277;722,3;"FOZ DO IGUACU";"Falta de Atenção à Condução";"Capotamento";"Sem Vítimas";"Plena Noite";"Decrescente";"Céu Claro";"Dupla";"Reta";"Sim";1;0;0;0;0;1;0;1;-25,495068;-54,52095;"SPRF-PR";"DEL05-PR";"UOP01-DEL05-PR"
117596;2018-03-11;"domingo";"19:40:00";"RJ";40;77;"PETROPOLIS";"Pista Escorregadia";"Queda de ocupante de veículo";"Com Vítimas Feridas";"Plena Noite";"Crescente";"Céu Claro";"Simples";"Curva";"Não";1;0;1;0;0;0;1;1;-22,47193468;-43,23790133;"SPRF-RJ";"DEL06-RJ";"UOP01-DEL06-RJ"
117597;2018-03-11;"domingo";"18:45:00";"PE";101;64,5;"RECIFE";"Ingestão de Álcool";"Colisão traseira";"Com Vítimas Feridas";"Plena Noite";"Crescente";"Céu Claro";"Simples";"Reta";"Não";4;0;1;0;1;2;1;3;-8,0266;-34,9429;"SPRF-PE";"DEL01-PE";"UOP01-DEL01-PE"
117599;2018-03-11;"domingo";"20:00:00";"SP";116;322,1;"JUQUITIBA";"Ingestão de álcool e/ou substâncias psicoativas pelo pedestre";"Atropelamento de Pedestre";"Com Vítimas Fatais";"Plena Noite";"Decrescente";"Nublado";"Dupla";"Reta";"Sim";2;1;1;0;0;0;1;2;-23,93479972;-47,02560425;"SPRF-SP";"DEL04-SP";"UOP03-DEL04-SP"
117602;2018-03-11;"domingo";"17:10:00";"SC";282;496;"XANXERE";"Falta de Atenção à Condução";"Colisão traseira";"Sem Vítimas";"Pleno dia";"Crescente";"Sol";"Simples";"Reta";"Não";2;0;0;0;2;0;0;2;-26,878679;-52,335735;"SPRF-SC";"DEL07-SC";"UOP01-DEL07-SC"
117603;2018-03-11;"domingo";"19:15:00";"RS";116;145,2;"CAXIAS DO SUL";"Falta de Atenção do Pedestre";"Atropelamento de Pedestre";"Com Vítimas Feridas";"Plena Noite";"Decrescente";"Céu Claro";"Dupla";"Reta";"Sim";2;0;1;0;0;1;1;2;-29,135021;-51,13028;"SPRF-RS";"DEL05-RS";"UOP01-DEL05-RS"
117604;2018-03-11;"domingo";"20:00:00";"SE";101;116;"ITAPORANGA DAJUDA";"Desobediência às normas de trânsito pelo condutor";"Colisão traseira";"Com Vítimas Fatais";"Plena Noite";"Crescente";"Céu Claro";"Dupla";"Reta";"Não";3;1;1;0;0;1;1;2;-11,0187;-37,3224;"SPRF-SE";"DEL02-SE";"UOP01-DEL02-SE"
117605;2018-03-11;"domingo";"20:25:00";"PE";232;95,9;"SAIRE";"Falta de Atenção à Condução";"Saída de leito carroçável";"Com Vítimas Feridas";"Plena Noite";"Crescente";"Céu Claro";"Dupla";"Reta";"Não";3;0;2;0;1;0;2;1;-8,23187797;-35,7069397;"SPRF-PE";"DEL01-PE";"UOP02-DEL02PE"
117607;2018-03-11;"domingo";"20:15:00";"SC";101;136;"BALNEARIO CAMBORIU";"Falta de Atenção à Condução";"Colisão lateral";"Com Vítimas Feridas";"Plena Noite";"Decrescente";"Nublado";"Dupla";"Reta";"Não";2;0;1;0;1;0;1;2;-27,0158;-48,6117;"SPRF-SC";"DEL04-SC";"UOP03-DEL04-SC"
117608;2018-03-11;"domingo";"08:20:00";"ES";101;71,1;"SAO MATEUS";"Falta de Atenção à Condução";"Colisão lateral";"Com Vítimas Feridas";"Plena Noite";"Crescente";"Nublado";"Simples";"Reta";"Não";2;0;1;0;0;1;1;2;-18,720545;-39,865883;"SPRF-ES";"DEL04-ES";"UOP02-DEL04-ES"
117609;2018-03-11;"domingo";"16:40:00";"SC";282;486,9;"FAXINAL DOS GUEDES";"Pista Escorregadia";"Colisão frontal";"Com Vítimas Fatais";"Pleno dia";"Decrescente";"Chuva";"Simples";"Curva";"Sim";6;2;1;3;0;0;4;2;-26,85470463;-52,2530365;"SPRF-SC";"DEL07-SC";"UOP01-DEL07-SC"
117610;2018-03-11;"domingo";"20:45:00";"PR";376;169,4;"MARINGA";"Deficiência ou não Acionamento do Sistema de Iluminação/Sinalização do Veículo";"Colisão traseira";"Com Vítimas Feridas";"Plena Noite";"Decrescente";"Nublado";"Dupla";"Aclive;Reta";"Não";2;0;1;0;1;0;1;2;-23,409788;-51,987453;"SPRF-PR";"DEL07-PR";"UOP01-DEL09-PR"
117612;2018-03-11;"domingo";"21:15:00";"RS";116;257;"ESTEIO";"Falta de Atenção do Pedestre";"Atropelamento de Pedestre";"Com Vítimas Feridas";"Plena Noite";"Crescente";"Nublado";"Dupla";"Reta";"Sim";2;0;0;1;1;0;1;2;-29,852671;-51,179691;"SPRF-RS";"DEL01-RS";"UOP02-DEL01-RS"
117613;2018-03-11;"domingo";"21:10:00";"RJ";116;267,1;"BARRA MANSA";"Falta de Atenção à Condução";"Tombamento";"Com Vítimas Feridas";"Plena Noite";"Crescente";"Céu Claro";"Dupla";"Curva";"Não";1;0;1;0;0;0;1;1;-22,560883;-44,122238;"SPRF-RJ";"DEL07-RJ";"UOP02-DEL07-RJ"
117615;2018-03-11;"domingo";"21:15:00";"SC";101;221;"PALHOCA";"Falta de Atenção à Condução";"Colisão traseira";"Com Vítimas Feridas";"Plena Noite";"Decrescente";"Céu Claro";"Dupla";"Reta";"Sim";2;0;1;0;1;0;1;2;-27,7096;-48,6544;"SPRF-SC";"DEL01-SC";"UOP02-DEL01-SC"
117616;2018-03-11;"domingo";"20:25:00";"MG";116;276;"TEOFILO OTONI";"Falta de Atenção à Condução";"Atropelamento de Pedestre";"Com Vítimas Feridas";"Plena Noite";"Crescente";"Nublado";"Simples";"Curva";"Sim";2;0;0;1;0;1;1;2;-17,8769566;-41,5162663;"SPRF-MG";"DEL11-MG";"UOP01-DEL11-MG"
117618;2018-02-03;"sábado";"15:15:00";"AC";364;106;"RIO BRANCO";"Avarias e/ou desgaste excessivo no pneu";"Queda de ocupante de veículo";"Com Vítimas Feridas";"Pleno dia";"Crescente";"Céu Claro";"Simples";"Reta";"Não";2;0;0;2;0;0;2;1;-10,02635562;-67,64188617;"SPRF-AC";"DEL01-AC";"UOP01-DEL01-AC"
117619;2018-03-11;"domingo";"21:30:00";"PR";369;141;"IBIPORA";"Falta de Atenção à Condução";"Capotamento";"Com Vítimas Feridas";"Plena Noite";"Decrescente";"Céu Claro";"Simples";"Reta";"Sim";1;0;1;0;0;0;1;1;-23,25171389;-51,04179382;"SPRF-PR";"DEL07-PR";"UOP01-DEL07-PR"
117620;2018-03-11;"domingo";"21:25:00";"SC";470;53,1;"BLUMENAU";"Falta de Atenção à Condução";"Tombamento";"Com Vítimas Feridas";"Plena Noite";"Crescente";"Vento";"Simples";"Reta";"Sim";1;0;1;0;0;0;1;1;-26,867121;-49,102066;"SPRF-SC";"DEL04-SC";"UOP01-DEL04-SC"
117621;2018-03-11;"domingo";"21:25:00";"PR";476;174;"CONTENDA";"Falta de Atenção do Pedestre";"Atropelamento de Pedestre";"Com Vítimas Feridas";"Plena Noite";"Crescente";"Céu Claro";"Simples";"Aclive";"Não";2;0;0;1;0;1;1;2;-25,685408;-49,535042;"SPRF-PR";"DEL01-PR";"UOP06-DEL01-PR"
117623;2018-01-21;"domingo";"10:20:00";"PB";101;71,8;"SANTA RITA";"Condutor Dormindo";"Saída de leito carroçável";"Com Vítimas Feridas";"Pleno dia";"Crescente";"Céu Claro";"Dupla";"Reta";"Não";4;0;1;0;3;0;1;1;-7,07167762;-34,99821424;"SPRF-PB";"DEL01-PB";"UOP04-DEL01-PB"
117624;2018-03-11;"domingo";"19:00:00";"PB";104;117,7;"CAMPINA GRANDE";"Não guardar distância de segurança";"Colisão traseira";"Com Vítimas Feridas";"Plena Noite";"Crescente";"Céu Claro";"Simples";"Reta";"Não";3;0;1;0;2;0;1;2;-7,20777623;-35,87924485;"SPRF-PB";"DEL02-PB";"UOP04-DEL02-PB"
117626;2018-03-11;"domingo";"19:55:00";"RS";392;248,6;"CACAPAVA DO SUL";"Pista Escorregadia";"Saída de leito carroçável";"Com Vítimas Feridas";"Plena Noite";"Crescente";"Garoa/Chuvisco";"Simples";"Ponte";"Não";3;0;3;0;0;0;3;1;-30,55161778;-53,41552734;"SPRF-RS";"DEL09-RS";"UOP02-DEL09-RS"
117628;2018-03-11;"domingo";"19:10:00";"RJ";0;0;"TANGUA";"Desobediência às normas de trânsito pelo condutor";"Colisão traseira";"Com Vítimas Feridas";"Plena Noite";"Não Informado";"Céu Claro";"Simples";"Reta";"Não";3;0;1;0;2;0;1;2;-22,72997151;-42,71829257;"SPRF-RJ";"DEL02-RJ";"UOP03-DEL02-RJ"
117629;2018-03-11;"domingo";"22:50:00";"RN";226;3;"NATAL";"Pista Escorregadia";"Tombamento";"Com Vítimas Feridas";"Plena Noite";"Crescente";"Céu Claro";"Simples";"Curva";"Sim";3;0;2;0;0;1;2;2;-5,82182946;-35,25240518;"SPRF-RN";"DEL01-RN";"UOP02-DEL01-RN"
117630;2018-03-11;"domingo";"22:55:00";"SC";470;68,4;"INDAIAL";"Falta de Atenção à Condução";"Danos eventuais";"Com Vítimas Feridas";"Plena Noite";"Decrescente";"Nublado";"Simples";"Interseção de Vias";"Não";1;0;0;1;0;0;1;1;-26,87027598;-49,22742158;"SPRF-SC";"DEL04-SC";"UOP01-DEL04-SC"
117631;2018-03-11;"domingo";"22:40:00";"ES";101;233;"FUNDAO";"Avarias e/ou desgaste excessivo no pneu";"Tombamento";"Com Vítimas Feridas";"Plena Noite";"Decrescente";"Chuva";"Simples";"Reta";"Não";1;0;1;0;0;0;1;1;-20,00178;-40,413221;"SPRF-ES";"DEL02-ES";"UOP01-DEL02-ES"
117632;2018-03-11;"domingo";"23:05:00";"SP";101;49,7;"UBATUBA";"Ingestão de Álcool";"Colisão lateral";"Sem Vítimas";"Plena Noite";"Decrescente";"Céu Claro";"Simples";"Reta";"Sim";4;0;0;0;4;0;0;2;-23,444124;-45,08374;"SPRF-SP";"DEL06-SP";"UOP01-DEL06-SP"
117634;2018-03-11;"domingo";"22:40:00";"PE";101;67,5;"RECIFE";"Ingestão de Álcool";"Colisão com objeto estático";"Sem Vítimas";"Plena Noite";"Crescente";"Céu Claro";"Múltipla";"Reta";"Sim";1;0;0;0;1;0;0;1;-8,046426;-34,945025;"SPRF-PE";"DEL01-PE";"UOP01-DEL01-PE"
117635;2018-03-11;"domingo";"21:20:00";"PA";10;259;"AURORA DO PARA";"Ingestão de Álcool";"Tombamento";"Com Vítimas Feridas";"Plena Noite";"Crescente";"Céu Claro";"Simples";"Reta";"Não";1;0;1;0;0;0;1;1;-2,052389;-47,552586;"SPRF-PA";"DEL02-PA";"UOP01-DEL02-PA"
117636;2018-03-11;"domingo";"23:00:00";"RJ";493;22;"MAGE";"Defeito na Via";"Colisão com objeto estático";"Com Vítimas Feridas";"Plena Noite";"Decrescente";"Céu Claro";"Simples";"Desvio Temporário";"Não";1;0;1;0;0;0;1;1;-22,659311;-43,053299;"SPRF-RJ";"DEL04-RJ";"UOP02-DEL04-RJ"
117637;2018-03-11;"domingo";"21:12:00";"SC";101;110,6;"ITAJAI";"Falta de Atenção do Pedestre";"Atropelamento de Pedestre";"Com Vítimas Fatais";"Plena Noite";"Decrescente";"Nublado";"Dupla";"Reta";"Não";3;1;0;0;1;1;0;2;-26,8397;-48,714;"SPRF-SC";"DEL04-SC";"UOP04-DEL04-SC"
117638;2018-03-11;"domingo";"22:55:00";"GO";60;178;"ABADIA DE GOIAS";"Defeito Mecânico no Veículo";"Incêndio";"Sem Vítimas";"Plena Noite";"Crescente";"Céu Claro";"Dupla";"Reta";"Não";1;0;0;0;0;1;0;1;-16,7602;-49,4578;"SPRF-GO";"DEL01-GO";"UOP02-DEL01-GO"
117639;2018-03-11;"domingo";"23:20:00";"PR";376;489,6;"PONTA GROSSA";"Não guardar distância de segurança";"Colisão traseira";"Sem Vítimas";"Plena Noite";"Crescente";"Céu Claro";"Dupla";"Reta";"Sim";3;0;0;0;3;0;0;2;-25,10052306;-50,19035339;"SPRF-PR";"DEL03-PR";"UOP04-DEL03-PR"
117640;2018-03-11;"domingo";"23:00:00";"RS";116;229;"DOIS IRMAOS";"Ingestão de Álcool";"Colisão com objeto estático";"Com Vítimas Feridas";"Plena Noite";"Crescente";"Chuva";"Simples";"Curva";"Sim";1;0;0;1;0;0;1;1;-29,62355743;-51,13409484;"SPRF-RS";"DEL05-RS";"UOP02-DEL05-RS"
117641;2018-03-11;"domingo";"22:40:00";"MG";116;595,3;"SAO JOAO DO MANHUACU";"Velocidade Incompatível";"Saída de leito carroçável";"Com Vítimas Feridas";"Pleno dia";"Decrescente";"Céu Claro";"Simples";"Curva";"Não";1;0;1;0;0;0;1;1;-20,29697755;-42,14630127;"SPRF-MG";"DEL06-MG";"UOP03-DEL06-MG"
117642;2018-03-11;"domingo";"20:00:00";"SC";101;83,8;"BARRA VELHA";"Falta de Atenção à Condução";"Colisão traseira";"Com Vítimas Feridas";"Plena Noite";"Crescente";"Céu Claro";"Múltipla";"Reta";"Não";1;0;1;0;0;0;1;1;-26,627;-48,7098;"SPRF-SC";"DEL03-SC";"UOP02-DEL03-SC"
117643;2018-03-11;"domingo";"18:50:00";"RO";319;60,9;"PORTO VELHO";"Falta de Atenção à Condução";"Colisão lateral";"Com Vítimas Feridas";"Plena Noite";"Crescente";"Céu Claro";"Dupla";"Rotatória";"Sim";3;0;3;0;0;0;3;2;-8;-63;"SPRF-RO";"DEL01-RO";"UOP01-DEL01-RO"
117644;2018-03-11;"domingo";"21:30:00";"RS";158;524;"SANTANA DO LIVRAMENTO";"Animais na Pista";"Saída de leito carroçável";"Com Vítimas Feridas";"Plena Noite";"Decrescente";"Nublado";"Simples";"Reta";"Não";2;0;2;0;0;0;2;1;-30,726934;-55,144867;"SPRF-RS";"DEL11-RS";"UOP01-DEL11-RS"
117645;2018-03-11;"domingo";"21:50:00";"SC";480;130,5;"CHAPECO";"Ingestão de álcool e/ou substâncias psicoativas pelo pedestre";"Colisão frontal";"Sem Vítimas";"Plena Noite";"Decrescente";"Céu Claro";"Múltipla";"Curva";"Não";3;0;0;0;3;0;0;2;-27,02487748;-52,64099121;"SPRF-SC";"DEL07-SC";"UOP01-DEL07-SC"
117646;2018-03-11;"domingo";"19:00:00";"MT";174;230;"PORTO ESPERIDIAO";"Desobediência às normas de trânsito pelo condutor";"Colisão lateral";"Com Vítimas Feridas";"Plena Noite";"Decrescente";"Ignorado";"Simples";"Reta";"Não";2;0;0;2;0;0;2;1;-15,585206;-58,924309;"SPRF-MT";"DEL04-MT";"UOP01-DEL04-MT"
117650;2018-03-11;"domingo";"23:40:00";"RS";116;253,5;"SAPUCAIA DO SUL";"Falta de Atenção à Condução";"Colisão com objeto estático";"Sem Vítimas";"Plena Noite";"Crescente";"Garoa/Chuvisco";"Dupla";"Reta";"Não";1;0;0;0;0;1;0;1;-29,82634836;-51,17706299;"SPRF-RS";"DEL01-RS";"UOP02-DEL01-RS"
117651;2018-03-11;"domingo";"22:45:00";"RS";386;405;"MONTENEGRO";"Ingestão de Álcool";"Colisão com objeto estático";"Sem Vítimas";"Plena Noite";"Crescente";"Chuva";"Múltipla";"Reta";"Não";1;0;0;0;1;0;0;1;-29,777224;-51,560829;"SPRF-RS";"DEL04-RS";"UOP02-DEL04-RS"
117652;2018-03-11;"domingo";"22:18:00";"SC";116;0,5;"MAFRA";"Não guardar distância de segurança";"Queda de ocupante de veículo";"Com Vítimas Feridas";"Plena Noite";"Crescente";"Céu Claro";"Simples";"Reta";"Sim";1;0;1;0;0;0;1;1;-26,108942;-49,784187;"SPRF-SC";"DEL06-SC";"UOP01-DEL06-SC"
117655;2018-03-12;"segunda-feira";"00:05:00";"MG";50;55;"UBERLANDIA";"Defeito Mecânico no Veículo";"Saída de leito carroçável";"Sem Vítimas";"Plena Noite";"Decrescente";"Céu Claro";"Dupla";"Curva";"Não";1;0;0;0;1;0;0;1;-18,7819;-48,2344;"SPRF-MG";"DEL15-MG";"UOP02-DEL15-MG"
117656;2018-03-11;"domingo";"18:40:00";"SC";163;73,8;"SAO MIGUEL DO OESTE";"Ingestão de álcool e/ou substâncias psicoativas pelo pedestre";"Saída de leito carroçável";"Com Vítimas Feridas";"Anoitecer";"Crescente";"Céu Claro";"Simples";"Curva";"Não";2;0;0;1;0;1;1;2;-26,710846;-53,515026;"SPRF-SC";"DEL07-SC";"UOP03-DEL07-SC"
117659;2018-03-11;"domingo";"23:00:00";"PB";405;10,3;"UIRAUNA";"Animais na Pista";"Atropelamento de Animal";"Com Vítimas Feridas";"Plena Noite";"Crescente";"Céu Claro";"Simples";"Reta";"Não";1;0;0;1;0;0;1;1;-6,530987;-38,414745;"SPRF-PB";"DEL03-PB";"UOP03-DEL03-PB"
117660;2018-03-12;"segunda-feira";"01:00:00";"RJ";101;47,7;"CAMPOS DOS GOYTACAZES";"Ultrapassagem Indevida";"Colisão frontal";"Com Vítimas Fatais";"Plena Noite";"Crescente";"Nublado";"Simples";"Reta";"Sim";5;2;0;1;1;1;1;3;-21,611831;-41,316605;"SPRF-RJ";"DEL08-RJ";"UOP01-DEL08-RJ"
117661;2018-03-12;"segunda-feira";"01:30:00";"RJ";116;292;"PORTO REAL";"Condutor Dormindo";"Capotamento";"Com Vítimas Feridas";"Plena Noite";"Decrescente";"Nublado";"Dupla";"Reta";"Não";1;0;0;1;0;0;1;1;-22,449371;-44,321712;"SPRF-RJ";"DEL07-RJ";"DEL5/7-UOP03/RJ"
117665;2018-03-12;"segunda-feira";"01:00:00";"MG";381;575;"ITAGUARA";"Falta de Atenção à Condução";"Queda de ocupante de veículo";"Com Vítimas Feridas";"Plena Noite";"Decrescente";"Céu Claro";"Dupla";"Reta";"Não";1;0;1;0;0;0;1;1;-20,4563;-44,5696;"SPRF-MG";"DEL04-MG";"UOP03-DEL04-MG"
117667;2018-03-11;"domingo";"20:40:00";"RS";471;149,8;"SANTA CRUZ DO SUL";"Animais na Pista";"Saída de leito carroçável";"Com Vítimas Feridas";"Plena Noite";"Decrescente";"Nublado";"Simples";"Reta";"Sim";2;0;1;0;1;0;1;1;-29,808634;-52,405289;"SPRF-RS";"DEL02-RS";"UOP02-DEL02-RS"
117669;2018-03-12;"segunda-feira";"02:40:00";"SC";101;374,9;"ICARA";"Restrição de Visibilidade";"Saída de leito carroçável";"Com Vítimas Feridas";"Plena Noite";"Decrescente";"Chuva";"Dupla";"Curva";"Não";1;0;1;0;0;0;1;1;-28,7179;-49,2327;"SPRF-SC";"DEL02-SC";"UOP01-DEL02-SC"
117670;2018-03-12;"segunda-feira";"03:45:00";"TO";153;552,5;"OLIVEIRA DE FATIMA";"Defeito na Via";"Saída de leito carroçável";"Sem Vítimas";"Plena Noite";"Decrescente";"Nevoeiro/Neblina";"Simples";"Reta;Aclive";"Não";1;0;0;0;1;0;0;1;-10,671178;-48,907956;"SPRF-TO";"DEL02-TO";"UOP01-DEL01-TO"
117671;2018-03-12;"segunda-feira";"03:40:00";"SC";101;202;"SAO JOSE";"Falta de Atenção à Condução";"Colisão lateral";"Com Vítimas Feridas";"Plena Noite";"Crescente";"Céu Claro";"Dupla";"Reta";"Sim";2;0;1;0;1;0;1;2;-27,55292037;-48,61948458;"SPRF-SC";"DEL01-SC";"UOP01-DEL01-SC"
117672;2018-03-12;"segunda-feira";"01:20:00";"PB";104;135,3;"QUEIMADAS";"Ingestão de Álcool";"Saída de leito carroçável";"Com Vítimas Feridas";"Plena Noite";"Decrescente";"Ignorado";"Simples";"Reta";"Não";1;0;0;1;0;0;1;1;-7,33689138;-35,89929583;"SPRF-PB";"DEL02-PB";"UOP03-DEL02-PB"
117675;2018-03-12;"segunda-feira";"04:40:00";"SC";101;431;"SOMBRIO";"Falta de Atenção à Condução";"Capotamento";"Com Vítimas Feridas";"Plena Noite";"Crescente";"Ignorado";"Dupla";"Reta";"Não";1;0;1;0;0;0;1;1;-29,0652863;-49,6241857;"SPRF-SC";"DEL02-SC";"UOP02-DEL02-SC"
117676;2018-03-11;"domingo";"19:25:00";"MA";316;614,5;"TIMON";"Ingestão de Álcool";"Colisão transversal";"Com Vítimas Feridas";"Plena Noite";"Crescente";"Céu Claro";"Dupla";"Interseção de Vias;Reta";"Sim";5;0;0;1;4;0;1;2;-5,079532;-42,842918;"SPRF-MA";"DEL03-MA";"UOP02-DEL03-MA"
117677;2018-03-12;"segunda-feira";"03:30:00";"RJ";101;321,8;"NITEROI";"Defeito Mecânico no Veículo";"Colisão lateral";"Com Vítimas Feridas";"Plena Noite";"Decrescente";"Céu Claro";"Dupla";"Reta";"Não";3;0;2;0;1;0;2;2;-22,87870572;-43,10348511;"SPRF-RJ";"DEL02-RJ";"UOP02-DEL02-RJ"
117678;2018-03-12;"segunda-feira";"04:00:00";"RJ";40;117;"DUQUE DE CAXIAS";"Objeto estático sobre o leito carroçável";"Colisão com objeto estático";"Com Vítimas Feridas";"Plena Noite";"Decrescente";"Céu Claro";"Simples";"Reta";"Sim";1;0;1;0;0;0;1;1;-22,6408063;-43,2859814;"SPRF-RJ";"DEL01-RJ";"UOP01-DEL01-RJ"
117679;2018-03-12;"segunda-feira";"04:40:00";"SP";116;99;"PINDAMONHANGABA";"Falta de Atenção à Condução";"Colisão com objeto estático";"Com Vítimas Feridas";"Amanhecer";"Decrescente";"Nublado";"Dupla";"Reta";"Sim";1;0;1;0;0;0;1;1;-22,98237;-45,464367;"SPRF-SP";"DEL06-SP";"UOP01-DEL06-SP"
117680;2018-03-12;"segunda-feira";"05:30:00";"DF";251;33;"BRASILIA";"Falta de Atenção à Condução";"Colisão frontal";"Com Vítimas Feridas";"Amanhecer";"Crescente";"Céu Claro";"Simples";"Aclive;Reta";"Não";3;0;1;2;0;0;3;2;-15,937679;-47,748878;"SPRF-DF";"DEL01-DF";"UOP01-DEL01-DF"
117682;2018-03-12;"segunda-feira";"06:00:00";"RN";304;181;"LAJES";"Restrição de Visibilidade";"Colisão traseira";"Com Vítimas Feridas";"Amanhecer";"Decrescente";"Céu Claro";"Simples";"Curva";"Não";2;0;1;0;1;0;1;2;-5,690104;-36,311028;"SPRF-RN";"DEL01-RN";"UOP03-DEL01-RN"
117685;2018-03-11;"domingo";"18:30:00";"PR";373;197;"IPIRANGA";"Falta de Atenção à Condução";"Saída de leito carroçável";"Sem Vítimas";"Anoitecer";"Crescente";"Céu Claro";"Simples";"Curva";"Não";1;0;0;0;0;1;0;1;-25,07813613;-50,39360046;"SPRF-PR";"DEL03-PR";"UOP01-DEL03-PR"
117686;2018-01-13;"sábado";"22:48:00";"MA";135;186,6;"SAO MATEUS DO MARANHAO";"Ultrapassagem Indevida";"Colisão frontal";"Com Vítimas Feridas";"Plena Noite";"Crescente";"Chuva";"Simples";"Reta";"Sim";3;0;1;0;0;2;1;2;-4,0396;-44,4673;"SPRF-MA";"DEL03-MA";"UOP01-DEL03-MA"
117687;2018-03-12;"segunda-feira";"06:26:00";"RN";304;296,4;"MACAIBA";"Não guardar distância de segurança";"Colisão traseira";"Com Vítimas Feridas";"Pleno dia";"Decrescente";"Céu Claro";"Simples";"Reta";"Não";3;0;1;0;2;0;1;2;-5,8656638;-35,35512239;"SPRF-RN";"DEL01-RN";"UOP02-DEL01-RN"
117688;2018-03-12;"segunda-feira";"06:45:00";"RN";304;295,9;"MACAIBA";"Desobediência às normas de trânsito pelo condutor";"Queda de ocupante de veículo";"Com Vítimas Feridas";"Pleno dia";"Crescente";"Céu Claro";"Simples";"Reta";"Sim";2;0;1;0;1;0;1;2;-5,86633618;-35,35947561;"SPRF-RN";"DEL01-RN";"UOP02-DEL01-RN"
117689;2018-03-12;"segunda-feira";"06:15:00";"PI";316;4;"TERESINA";"Velocidade Incompatível";"Saída de leito carroçável";"Com Vítimas Feridas";"Pleno dia";"Decrescente";"Nublado";"Múltipla";"Reta";"Sim";1;0;0;1;0;0;1;1;-5,136601;-42,788982;"SPRF-PI";"DEL01-PI";"UOP02-DEL01-PI"
117691;2018-03-12;"segunda-feira";"07:00:00";"RJ";393;230;"VASSOURAS";"Falta de Atenção à Condução";"Capotamento";"Com Vítimas Feridas";"Amanhecer";"Crescente";"Céu Claro";"Simples";"Curva;Declive";"Não";3;0;2;0;1;0;2;1;-22,3805555;-43,63700867;"SPRF-RJ";"DEL05-RJ";"UOP03-DEL05-RJ"
117693;2018-03-12;"segunda-feira";"03:50:00";"BA";407;85;"JAGUARARI";"Agressão Externa";"Saída de leito carroçável";"Sem Vítimas";"Plena Noite";"Crescente";"Céu Claro";"Simples";"Reta";"Não";1;0;0;0;1;0;0;1;-10,10152;-40,23143;"SPRF-BA";"DEL04-BA";"UOP01-DEL04-BA"
117695;2018-03-12;"segunda-feira";"07:20:00";"PR";277;726,5;"FOZ DO IGUACU";"Falta de Atenção à Condução";"Queda de ocupante de veículo";"Com Vítimas Feridas";"Pleno dia";"Crescente";"Céu Claro";"Dupla";"Curva";"Sim";2;0;2;0;0;0;2;1;-25,510586;-54,554813;"SPRF-PR";"DEL05-PR";"UOP03-DEL05-PR"
117696;2018-03-11;"domingo";"20:30:00";"BA";101;315;"PRESIDENTE TANCREDO NEVES";"Ultrapassagem Indevida";"Colisão lateral";"Com Vítimas Feridas";"Plena Noite";"Decrescente";"Céu Claro";"Simples";"Curva";"Não";2;0;1;0;0;1;1;2;-13,358723;-39,375788;"SPRF-BA";"DEL05-BA";"UOP03-DEL05-BA"
117697;2018-03-12;"segunda-feira";"07:20:00";"PE";424;0,4;"ARCOVERDE";"Falta de Atenção à Condução";"Colisão transversal";"Com Vítimas Feridas";"Pleno dia";"Crescente";"Céu Claro";"Simples";"Reta";"Sim";3;0;0;1;2;0;1;3;-8,430991;-37,062363;"SPRF-PE";"DEL03-PE";"UOP02-DEL03-PE"
117698;2018-03-12;"segunda-feira";"07:00:00";"BA";324;607;"SIMOES FILHO";"Não guardar distância de segurança";"Colisão traseira";"Com Vítimas Feridas";"Pleno dia";"Crescente";"Sol";"Dupla";"Reta;Aclive";"Não";2;0;1;0;1;0;1;2;-12,8185118;-38,4079205;"SPRF-BA";"DEL01-BA";"UOP01-DEL01-BA"
117699;2018-03-12;"segunda-feira";"07:15:00";"PR";476;142;"CURITIBA";"Falta de Atenção à Condução";"Colisão lateral";"Com Vítimas Feridas";"Pleno dia";"Decrescente";"Sol";"Dupla";"Reta";"Sim";2;0;1;0;1;0;1;2;-25,537161;-49,301632;"SPRF-PR";"DEL01-PR";"UOP01-DEL01-PR"
117700;2018-03-12;"segunda-feira";"06:35:00";"MT";163;882;"CLAUDIA";"Falta de Atenção à Condução";"Colisão lateral";"Sem Vítimas";"Pleno dia";"Crescente";"Nublado";"Simples";"Reta";"Não";2;0;0;0;2;0;0;2;-11,4608461;-55,3597641;"SPRF-MT";"DEL06-MT";"UOP02-DEL06-MT"
117701;2018-03-12;"segunda-feira";"07:20:00";"PR";376;174,3;"MARINGA";"Falta de Atenção à Condução";"Colisão transversal";"Com Vítimas Feridas";"Pleno dia";"Decrescente";"Céu Claro";"Dupla";"Reta";"Sim";2;0;1;0;1;0;1;2;-23,41662768;-51,96121216;"SPRF-PR";"DEL07-PR";"UOP01-DEL09-PR"
117702;2018-03-12;"segunda-feira";"06:35:00";"PI";343;42,9;"BURITI DOS LOPES";"Velocidade Incompatível";"Capotamento";"Com Vítimas Feridas";"Pleno dia";"Crescente";"Nublado";"Simples";"Curva";"Não";1;0;1;0;0;0;1;1;-3,16262693;-41,82289124;"SPRF-PI";"DEL05-PI";"UOP01-DEL05-PI"