"id";"data_inversa";"dia_semana";"horario";"uf";"br";"km";"municipio";"causa_acidente";"tipo_acidente";"classificacao_acidente";"fase_dia";"sentido_via";"condicao_metereologica";"tipo_pista";"tracado_via";"uso_solo";"pessoas";"mortos";"feridos_leves";"feridos_graves";"ilesos";"ignorados";"feridos";"veiculos";"latitude";"longitude";"regional";"delegacia";"uop"
117703;2018-03-12;"segunda-feira";"07:45:00";"CE";222;10,2;"CAUCAIA";"Mal Súbito";"Colisão com objeto estático";"Com Vítimas Fatais";"Pleno dia";"Decrescente";"Nublado";"Dupla";"Reta";"Sim";3;1;0;1;1;0;1;2;-3,762916;-38,6559;"SPRF-CE";"DEL01-CE";"UOP01-DEL01-CE"
117704;2018-03-12;"segunda-feira";"07:30:00";"RS";116;245;"SAO LEOPOLDO";"Falta de Atenção à Condução";"Colisão frontal";"Sem Vítimas";"Pleno dia";"Crescente";"Céu Claro";"Simples";"Reta";"Sim";2;0;0;0;2;0;0;2;-29,74920465;-51,15161687;"SPRF-RS";"DEL01-RS";"UOP02-DEL01-RS"
117705;2018-03-12;"segunda-feira";"07:20:00";"RN";101;108;"PARNAMIRIM";"Falta de Atenção do Pedestre";"Atropelamento de Pedestre";"Com Vítimas Feridas";"Pleno dia";"Decrescente";"Céu Claro";"Dupla";"Reta";"Sim";3;0;3;0;0;0;3;2;-5,916;-35,263;"SPRF-RN";"DEL01-RN";"UOP01-DEL01-RN"
117707;2018-03-12;"segunda-feira";"04:15:00";"PR";163;298;"MERCEDES";"Agressão Externa";"Saída de leito carroçável";"Sem Vítimas";"Plena Noite";"Crescente";"Céu Claro";"Simples";"Reta";"Não";1;0;0;0;1;0;0;1;-24,4826;-54,1258;"SPRF-PR";"DEL06-PR";"UOP02-DEL06-PR"
117708;2018-03-12;"segunda-feira";"07:50:00";"SC";101;210,1;"PALHOCA";"Falta de Atenção à Condução";"Colisão traseira";"Com Vítimas Feridas";"Pleno dia";"Decrescente";"Nublado";"Dupla";"Reta";"Sim";2;0;1;0;1;0;1;2;-27,6235;-48,6524;"SPRF-SC";"DEL01-SC";"UOP01-DEL01-SC"
117710;2018-03-12;"segunda-feira";"07:50:00";"PE";101;87;"CABO DE SANTO AGOSTINHO";"Falta de Atenção à Condução";"Colisão traseira";"Sem Vítimas";"Pleno dia";"Crescente";"Sol";"Dupla";"Reta";"Não";4;0;0;0;4;0;0;4;-8,1999;-34,9787;"SPRF-PE";"DEL01-PE";"UOP03-DEL01-PE"
117711;2018-03-12;"segunda-feira";"07:00:00";"MG";40;523;"CONTAGEM";"Não guardar distância de segurança";"Colisão traseira";"Com Vítimas Feridas";"Pleno dia";"Crescente";"Nublado";"Dupla";"Reta";"Sim";2;0;1;0;1;0;1;2;-19,879;-44,051;"SPRF-MG";"DEL01-MG";"UOP03-DEL01-MG"
117713;2018-03-12;"segunda-feira";"07:50:00";"RJ";116;205;"SEROPEDICA";"Falta de Atenção à Condução";"Colisão traseira";"Sem Vítimas";"Pleno dia";"Decrescente";"Céu Claro";"Dupla";"Reta";"Sim";2;0;0;0;2;0;0;2;-22,727467;-43,641682;"SPRF-RJ";"DEL01-RJ";"UOP03-DEL01-RJ"
117714;2018-03-12;"segunda-feira";"07:45:00";"PR";163;73;"PLANALTO";"Falta de Atenção à Condução";"Colisão transversal";"Com Vítimas Feridas";"Pleno dia";"Decrescente";"Sol";"Simples";"Interseção de Vias";"Não";2;0;1;0;1;0;1;2;-25,7815;-53,7905;"SPRF-PR";"DEL02-PR";"UOP02-DEL02-PR"
117715;2018-03-12;"segunda-feira";"07:40:00";"CE";116;5;"FORTALEZA";"Falta de Atenção à Condução";"Tombamento";"Com Vítimas Feridas";"Pleno dia";"Decrescente";"Céu Claro";"Dupla";"Reta";"Sim";2;0;2;0;0;0;2;1;-3,8038;-38,5032;"SPRF-CE";"DEL01-CE";"UOP02-DEL01-CE"
117716;2018-03-12;"segunda-feira";"07:50:00";"PE";101;87;"JABOATAO DOS GUARARAPES";"Falta de Atenção à Condução";"Colisão traseira";"Sem Vítimas";"Pleno dia";"Crescente";"Sol";"Dupla";"Reta";"Sim";3;0;0;0;3;0;0;3;-8,1999;-34,9787;"SPRF-PE";"DEL01-PE";"UOP03-DEL01-PE"
117717;2018-03-12;"segunda-feira";"06:45:00";"MG";40;753,3;"EWBANK DA CAMARA";"Velocidade Incompatível";"Saída de leito carroçável";"Com Vítimas Feridas";"Amanhecer";"Crescente";"Céu Claro";"Simples";"Reta";"Não";1;0;1;0;0;0;1;1;-21,512;-43,5253;"SPRF-MG";"DEL05-MG";"UOP01-DEL05-MG"
117720;2018-02-20;"terça-feira";"07:30:00";"PB";101;85,2;"BAYEUX";"Não guardar distância de segurança";"Queda de ocupante de veículo";"Com Vítimas Feridas";"Pleno dia";"Decrescente";"Céu Claro";"Dupla";"Reta";"Não";1;0;0;1;0;0;1;1;-7,15349979;-34,90878018;"SPRF-PB";"DEL01-PB";"UOP01-DEL01-PB"
117721;2018-03-12;"segunda-feira";"07:37:00";"SP";116;207,6;"GUARULHOS";"Desobediência às normas de trânsito pelo condutor";"Colisão traseira";"Com Vítimas Feridas";"Pleno dia";"Crescente";"Céu Claro";"Dupla";"Reta";"Sim";1;0;1;0;0;0;1;1;-23,51110782;-46,57516479;"SPRF-SP";"DEL01-SP";"UOP01-DEL01-SP"
117726;2018-03-12;"segunda-feira";"08:30:00";"PI";230;160;"SAO JOAO DA VARJOTA";"Pista Escorregadia";"Saída de leito carroçável";"Com Vítimas Feridas";"Pleno dia";"Crescente";"Chuva";"Simples";"Reta";"Não";1;0;1;0;0;0;1;1;-6,927992;-41,814514;"SPRF-PI";"DEL04-PI";"UOP01-DEL04-PI"
117727;2018-03-12;"segunda-feira";"08:30:00";"SP";116;213,8;"GUARULHOS";"Falta de Atenção à Condução";"Colisão lateral";"Com Vítimas Feridas";"Pleno dia";"Decrescente";"Sol";"Múltipla";"Reta";"Sim";3;0;1;0;2;0;1;2;-23,4447466;-46,44913584;"SPRF-SP";"DEL01-SP";"UOP01-DEL01-SP"
117728;2018-03-12;"segunda-feira";"08:40:00";"SC";101;89,3;"BARRA VELHA";"Falta de Atenção à Condução";"Colisão traseira";"Com Vítimas Feridas";"Pleno dia";"Decrescente";"Céu Claro";"Simples";"Reta";"Sim";2;0;1;0;1;0;1;2;-26,6689;-48,6897;"SPRF-SC";"DEL03-SC";"UOP02-DEL03-SC"
117729;2018-03-12;"segunda-feira";"08:45:00";"PB";101;88,3;"JOAO PESSOA";"Desobediência às normas de trânsito pelo condutor";"Colisão lateral";"Com Vítimas Feridas";"Pleno dia";"Crescente";"Céu Claro";"Dupla";"Curva";"Não";2;0;0;1;1;0;1;2;-7,1716;-34,8978;"SPRF-PB";"DEL01-PB";"UOP01-DEL01-PB"
117731;2018-03-12;"segunda-feira";"08:15:00";"ES";259;55,1;"COLATINA";"Objeto estático sobre o leito carroçável";"Saída de leito carroçável";"Com Vítimas Feridas";"Pleno dia";"Decrescente";"Céu Claro";"Simples";"Reta";"Não";1;0;1;0;0;0;1;1;-19,50163314;-40,65600873;"SPRF-ES";"DEL02-ES";"UOP01-DEL02-ES"
117732;2018-03-12;"segunda-feira";"09:15:00";"PR";476;182,8;"LAPA";"Velocidade Incompatível";"Capotamento";"Com Vítimas Feridas";"Pleno dia";"Crescente";"Céu Claro";"Simples";"Reta";"Não";1;0;1;0;0;0;1;1;-25,715963;-49,617252;"SPRF-PR";"DEL01-PR";"UOP06-DEL01-PR"
117733;2018-02-13;"terça-feira";"05:00:00";"PB";230;124,8;"CAMPINA GRANDE";"Falta de Atenção à Condução";"Saída de leito carroçável";"Sem Vítimas";"Amanhecer";"Crescente";"Nublado";"Dupla";"Curva";"Não";1;0;0;0;0;1;0;1;-7,27513623;-35,72955613;"SPRF-PB";"DEL02-PB";"UOP01-DEL02-PB"
117734;2018-03-12;"segunda-feira";"09:20:00";"AL";316;242;"ATALAIA";"Defeito Mecânico no Veículo";"Colisão frontal";"Com Vítimas Feridas";"Pleno dia";"Decrescente";"Céu Claro";"Simples";"Declive;Curva";"Não";4;0;1;0;3;0;1;2;-9,541718;-35,98506;"SPRF-AL";"DEL01-AL";"UOP01-DEL01-AL"
117738;2018-03-12;"segunda-feira";"07:45:00";"PR";272;553;"TERRA ROXA";"Agressão Externa";"Colisão transversal";"Com Vítimas Feridas";"Pleno dia";"Crescente";"Céu Claro";"Simples";"Reta";"Não";3;0;3;0;0;0;3;2;-24,08126974;-54,09725815;"SPRF-PR";"DEL06-PR";"UAP01-DEL06-PR"
117739;2018-03-12;"segunda-feira";"09:00:00";"SC";282;86,9;"ALFREDO WAGNER";"Velocidade Incompatível";"Colisão transversal";"Com Vítimas Feridas";"Pleno dia";"Crescente";"Céu Claro";"Simples";"Curva";"Não";2;0;2;0;0;0;2;2;-27,661551;-49,197906;"SPRF-SC";"DEL01-SC";"UOP03-DEL01-SC"
117740;2018-03-12;"segunda-feira";"09:20:00";"MT";163;834;"SINOP";"Falta de Atenção à Condução";"Colisão transversal";"Sem Vítimas";"Pleno dia";"Crescente";"Céu Claro";"Simples";"Retorno Regulamentado";"Não";2;0;0;0;2;0;0;2;-11,8619751;-55,49606323;"SPRF-MT";"DEL06-MT";"UOP01-DEL06-MT"
117744;2018-03-12;"segunda-feira";"09:50:00";"RN";101;75;"EXTREMOZ";"Desobediência às normas de trânsito pelo condutor";"Colisão traseira";"Com Vítimas Feridas";"Pleno dia";"Crescente";"Céu Claro";"Dupla";"Rotatória";"Não";3;0;1;0;2;0;1;2;-5,72161146;-35,2781269;"SPRF-RN";"DEL02-RN";"UOP01-DEL02-RN"
117745;2018-03-12;"segunda-feira";"08:00:00";"PB";230;505;"CAJAZEIRAS";"Objeto estático sobre o leito carroçável";"Tombamento";"Com Vítimas Feridas";"Pleno dia";"Decrescente";"Céu Claro";"Simples";"Reta";"Sim";1;0;1;0;0;0;1;1;-6,899448;-38,549242;"SPRF-PB";"DEL03-PB";"UOP03-DEL03-PB"
117746;2018-03-12;"segunda-feira";"10:40:00";"SC";101;281,7;"IMBITUBA";"Objeto estático sobre o leito carroçável";"Tombamento";"Com Vítimas Feridas";"Pleno dia";"Decrescente";"Nublado";"Dupla";"Reta";"Não";1;0;1;0;0;0;1;1;-28,2178;-48,7001;"SPRF-SC";"DEL02-SC";"UOP03-DEL02-SC"
117749;2018-03-12;"segunda-feira";"10:40:00";"RS";293;49,5;"CERRITO";"Falta de Atenção à Condução";"Colisão traseira";"Sem Vítimas";"Pleno dia";"Decrescente";"Céu Claro";"Simples";"Interseção de Vias";"Não";2;0;0;0;2;0;0;2;-31,73031616;-52,82951295;"SPRF-RS";"DEL07-RS";"UOP01-DEL07-RS"
117750;2018-02-04;"domingo";"16:00:00";"PB";230;92,3;"GURINHEM";"Velocidade Incompatível";"Saída de leito carroçável";"Com Vítimas Feridas";"Pleno dia";"Crescente";"Céu Claro";"Dupla";"Reta";"Não";1;0;0;1;0;0;1;1;-7,17882815;-35,42233691;"SPRF-PB";"DEL01-PB";"UOP03-DEL01-PB"
117752;2018-03-12;"segunda-feira";"09:30:00";"RO";364;524;"ARIQUEMES";"Defeito na Via";"Colisão traseira";"Sem Vítimas";"Pleno dia";"Decrescente";"Nublado";"Simples";"Curva";"Não";3;0;0;0;3;0;0;2;-9,843314;-63,059895;"SPRF-RO";"DEL03-RO";"UOP01-DEL03-RO"
117753;2018-03-12;"segunda-feira";"11:05:00";"PR";277;69,9;"SAO JOSE DOS PINHAIS";"Falta de Atenção do Pedestre";"Atropelamento de Pedestre";"Com Vítimas Feridas";"Pleno dia";"Decrescente";"Céu Claro";"Dupla";"Reta";"Sim";2;0;0;1;1;0;1;2;-25,514171;-49,122339;"SPRF-PR";"DEL01-PR";"UOP07-DEL01-PR"
117754;2018-03-12;"segunda-feira";"11:20:00";"MG";381;880;"ESTIVA";"Desobediência às normas de trânsito pelo pedestre";"Tombamento";"Com Vítimas Feridas";"Pleno dia";"Crescente";"Sol";"Dupla";"Curva";"Não";1;0;1;0;0;0;1;1;-22,466;-46,0094;"SPRF-MG";"DEL16-MG";"UOP01-DEL16-MG"
117755;2018-03-12;"segunda-feira";"11:30:00";"RS";386;214,6;"TIO HUGO";"Mal Súbito";"Colisão frontal";"Com Vítimas Feridas";"Pleno dia";"Crescente";"Sol";"Simples";"Curva";"Não";2;0;0;2;0;0;2;2;-28,58813937;-52,59841919;"SPRF-RS";"DEL04-RS";"NPF/DEL04-RS"
117756;2018-03-09;"sexta-feira";"19:45:00";"PB";230;56;"CRUZ DO ESPIRITO SANTO";"Defeito Mecânico no Veículo";"Saída de leito carroçável";"Com Vítimas Feridas";"Plena Noite";"Crescente";"Céu Claro";"Dupla";"Reta";"Não";2;0;1;1;0;0;2;1;-7,20565;-35,11104;"SPRF-PB";"DEL01-PB";"UOP03-DEL01-PB"
117759;2018-03-12;"segunda-feira";"12:30:00";"GO";40;2,3;"VALPARAISO DE GOIAS";"Desobediência às normas de trânsito pelo condutor";"Colisão transversal";"Com Vítimas Feridas";"Pleno dia";"Crescente";"Céu Claro";"Dupla";"Reta";"Sim";2;0;1;0;1;0;1;2;-16,05956077;-47,98567775;"SPRF-DF";"DEL01-DF";"UOP01-DEL01-DF"
117761;2018-03-12;"segunda-feira";"07:50:00";"MG";356;266,4;"MURIAE";"Falta de Atenção à Condução";"Colisão transversal";"Com Vítimas Feridas";"Pleno dia";"Decrescente";"Céu Claro";"Simples";"Rotatória";"Sim";2;0;1;0;1;0;1;2;-21,12839719;-42,36421287;"SPRF-MG";"DEL07-MG";"UOP02-DEL07-MG"
117762;2018-01-19;"sexta-feira";"16:01:00";"PB";230;12,7;"CABEDELO";"Falta de Atenção à Condução";"Colisão traseira";"Com Vítimas Feridas";"Pleno dia";"Decrescente";"Céu Claro";"Dupla";"Reta";"Sim";1;0;1;0;0;0;1;1;-7,07881653;-34,84910756;"SPRF-PB";"DEL01-PB";"UOP01-DEL01-PB"
117764;2018-02-17;"sábado";"15:00:00";"PB";101;2,6;"MATARACA";"Velocidade Incompatível";"Saída de leito carroçável";"Sem Vítimas";"Pleno dia";"Decrescente";"Chuva";"Dupla";"Reta";"Não";2;0;0;0;0;2;0;2;-6,482081;-35,1115771;"SPRF-PB";"DEL01-PB";"UOP04-DEL01-PB"
117767;2018-03-12;"segunda-feira";"13:00:00";"RJ";40;118,1;"DUQUE DE CAXIAS";"Não guardar distância de segurança";"Queda de ocupante de veículo";"Com Vítimas Feridas";"Pleno dia";"Crescente";"Céu Claro";"Múltipla";"Reta";"Sim";1;0;1;0;0;0;1;1;-22,76351884;-43,28613281;"SPRF-RJ";"DEL01-RJ";"UOP01-DEL01-RJ"
117768;2018-03-12;"segunda-feira";"12:50:00";"PE";101;70,2;"RECIFE";"Falta de Atenção do Pedestre";"Colisão com objeto em movimento";"Com Vítimas Feridas";"Pleno dia";"Crescente";"Sol";"Dupla";"Reta";"Sim";2;0;2;0;0;0;2;2;-8,07988558;-34,94296885;"SPRF-PE";"DEL01-PE";"UOP01-DEL01-PE"
117770;2018-03-12;"segunda-feira";"13:38:00";"ES";101;295;"CARIACICA";"Defeito Mecânico no Veículo";"Queda de ocupante de veículo";"Com Vítimas Feridas";"Pleno dia";"Decrescente";"Céu Claro";"Múltipla";"Reta";"Sim";2;0;1;1;0;0;2;1;-20,33261445;-40,40011615;"SPRF-ES";"DEL01-ES";"UOP01-DEL01-ES"
117771;2018-03-12;"segunda-feira";"11:50:00";"SC";470;116,2;"LONTRAS";"Defeito na Via";"Queda de ocupante de veículo";"Com Vítimas Feridas";"Pleno dia";"Decrescente";"Sol";"Simples";"Curva";"Não";1;0;1;0;0;0;1;1;-27,07869155;-49,49615479;"SPRF-SC";"DEL04-SC";"UOP02-DEL04-SC"
117772;2018-02-21;"quarta-feira";"02:20:00";"PB";361;50,8;"CATINGUEIRA";"Animais na Pista";"Atropelamento de Animal";"Com Vítimas Feridas";"Plena Noite";"Decrescente";"Nublado";"Simples";"Curva";"Não";1;0;1;0;0;0;1;1;-7,125973;-37,609196;"SPRF-PB";"DEL03-PB";"UOP01-DEL03-PB"
117773;2018-02-28;"quarta-feira";"07:20:00";"PB";230;18,5;"JOAO PESSOA";"Não guardar distância de segurança";"Colisão lateral";"Com Vítimas Feridas";"Pleno dia";"Crescente";"Céu Claro";"Dupla";"Reta";"Sim";2;0;1;0;1;0;1;2;-7,1198;-34,8453;"SPRF-PB";"DEL01-PB";"UOP01-DEL01-PB"
117775;2018-03-12;"segunda-feira";"13:20:00";"SC";282;22,2;"PALHOCA";"Desobediência às normas de trânsito pelo condutor";"Colisão traseira";"Sem Vítimas";"Pleno dia";"Decrescente";"Nublado";"Simples";"Reta";"Sim";2;0;0;0;2;0;0;2;-27,688507;-48,72739;"SPRF-SC";"DEL01-SC";"UOP02-DEL01-SC"
117777;2018-03-12;"segunda-feira";"14:00:00";"TO";153;217,5;"NOVA OLINDA";"Avarias e/ou desgaste excessivo no pneu";"Saída de leito carroçável";"Sem Vítimas";"Pleno dia";"Crescente";"Chuva";"Simples";"Curva;Declive";"Não";3;0;0;0;3;0;0;2;-7,793785;-48,461258;"SPRF-TO";"DEL02-TO";"UOP01-DEL02-TO"
117778;2018-03-12;"segunda-feira";"13:30:00";"RS";116;264;"CANOAS";"Falta de Atenção à Condução";"Colisão traseira";"Com Vítimas Feridas";"Pleno dia";"Crescente";"Céu Claro";"Dupla";"Reta";"Sim";2;0;1;0;1;0;1;2;-29,914425;-51,177544;"SPRF-RS";"DEL01-RS";"UOP01-DEL01-RS"
117779;2018-03-12;"segunda-feira";"13:05:00";"MG";153;35;"CANAPOLIS";"Falta de Atenção à Condução";"Saída de leito carroçável";"Sem Vítimas";"Pleno dia";"Decrescente";"Sol";"Múltipla";"Reta";"Não";1;0;0;0;1;0;0;1;-18,714302;-49,131862;"SPRF-MG";"DEL15-MG";"UOP03-DEL15-MG"
117780;2018-03-12;"segunda-feira";"14:05:00";"SC";282;4,8;"SAO JOSE";"Falta de Atenção à Condução";"Colisão traseira";"Com Vítimas Feridas";"Pleno dia";"Decrescente";"Nublado";"Dupla";"Reta";"Sim";2;0;1;0;1;0;1;2;-27,591;-48,607;"SPRF-SC";"DEL01-SC";"UOP01-DEL01-SC"
117781;2018-03-12;"segunda-feira";"14:25:00";"GO";452;189,2;"ITUMBIARA";"Defeito na Via";"Saída de leito carroçável";"Com Vítimas Feridas";"Pleno dia";"Crescente";"Sol";"Simples";"Reta";"Não";2;0;1;0;1;0;1;1;-18,385166;-49,342552;"SPRF-GO";"DEL03-GO";"UOP02-DEL03-GO"
117785;2018-03-12;"segunda-feira";"15:00:00";"GO";158;152;"CAIAPONIA";"Pista Escorregadia";"Saída de leito carroçável";"Com Vítimas Feridas";"Pleno dia";"Decrescente";"Chuva";"Simples";"Reta";"Não";1;0;1;0;0;0;1;1;-16,90442788;-51,79779053;"SPRF-GO";"DEL04-GO";"UOP01-DEL04-GO"
117786;2018-03-12;"segunda-feira";"14:30:00";"MG";381;361;"JOAO MONLEVADE";"Falta de Atenção à Condução";"Colisão transversal";"Com Vítimas Feridas";"Pleno dia";"Decrescente";"Sol";"Simples";"Curva";"Sim";4;0;1;0;3;0;1;2;-19,8410986;-43,19892883;"SPRF-MG";"DEL03-MG";"UOP01-DEL03-MG"
117790;2018-03-12;"segunda-feira";"14:40:00";"ES";101;181;"ARACRUZ";"Defeito Mecânico no Veículo";"Queda de ocupante de veículo";"Com Vítimas Feridas";"Pleno dia";"Decrescente";"Céu Claro";"Simples";"Reta";"Não";2;0;1;0;1;0;1;1;-19,63038083;-40,22528172;"SPRF-ES";"DEL04-ES";"UOP01-DEL04-ES"
117791;2018-03-12;"segunda-feira";"15:05:00";"SP";116;146,6;"SAO JOSE DOS CAMPOS";"Falta de Atenção à Condução";"Colisão lateral";"Com Vítimas Feridas";"Pleno dia";"Crescente";"Céu Claro";"Dupla";"Rotatória";"Sim";2;0;1;0;1;0;1;2;-23,193743;-45,86894;"SPRF-SP";"DEL02-SP";"UOP01-DEL02-SP"
117795;2018-03-12;"segunda-feira";"15:00:00";"PR";476;118;"COLOMBO";"Defeito Mecânico no Veículo";"Colisão traseira";"Com Vítimas Feridas";"Pleno dia";"Crescente";"Céu Claro";"Dupla";"Reta";"Sim";2;0;1;0;1;0;1;2;-25,35481357;-49,18041801;"SPRF-PR";"DEL01-PR";"UOP01-DEL01-PR"
117797;2018-03-12;"segunda-feira";"15:30:00";"MG";153;172;"COMENDADOR GOMES";"Velocidade Incompatível";"Saída de leito carroçável";"Com Vítimas Feridas";"Pleno dia";"Crescente";"Céu Claro";"Simples";"Interseção de Vias";"Não";1;0;0;1;0;0;1;1;-19,72825081;-48,9742291;"SPRF-MG";"DEL13-MG";"UOP02-DEL13-MG"
117798;2018-03-12;"segunda-feira";"10:45:00";"MG";153;23,2;"CENTRALINA";"Defeito Mecânico no Veículo";"Saída de leito carroçável";"Sem Vítimas";"Pleno dia";"Decrescente";"Céu Claro";"Dupla";"Curva";"Não";1;0;0;0;1;0;0;1;-18,624759;-49,186227;"SPRF-MG";"DEL15-MG";"UOP03-DEL15-MG"
117801;2018-03-12;"segunda-feira";"14:45:00";"SC";101;91,3;"BARRA VELHA";"Falta de Atenção à Condução";"Colisão transversal";"Sem Vítimas";"Pleno dia";"Crescente";"Nublado";"Dupla";"Interseção de Vias";"Sim";2;0;0;0;2;0;0;2;-26,6867;-48,6953;"SPRF-SC";"DEL03-SC";"UOP02-DEL03-SC"
117802;2018-02-10;"sábado";"19:00:00";"PB";361;16,9;"SANTA TERESINHA";"Restrição de Visibilidade";"Colisão traseira";"Com Vítimas Fatais";"Plena Noite";"Crescente";"Chuva";"Simples";"Aclive";"Não";3;1;0;0;0;2;0;3;-7,039306;-37,445583;"SPRF-PB";"DEL03-PB";"UOP01-DEL03-PB"
117803;2018-02-04;"domingo";"19:00:00";"PB";230;503,9;"CAJAZEIRAS";"Ingestão de Álcool";"Tombamento";"Com Vítimas Feridas";"Plena Noite";"Decrescente";"Céu Claro";"Simples";"Rotatória";"Sim";2;0;2;0;0;0;2;1;-6,89408211;-38,54210735;"SPRF-PB";"DEL03-PB";"UOP03-DEL03-PB"
117804;2018-02-03;"sábado";"18:30:00";"PB";230;155,8;"CAMPINA GRANDE";"Animais na Pista";"Atropelamento de Animal";"Com Vítimas Feridas";"Anoitecer";"Decrescente";"Céu Claro";"Simples";"Reta";"Sim";1;0;1;0;0;0;1;1;-7,2705;-35,912429;"SPRF-PB";"DEL02-PB";"UOP01-DEL02-PB"
117805;2018-02-06;"terça-feira";"15:25:00";"PB";230;352,8;"PATOS";"Defeito na Via";"Colisão traseira";"Com Vítimas Feridas";"Pleno dia";"Crescente";"Nublado";"Simples";"Interseção de Vias";"Não";4;0;1;0;3;0;1;2;-6,94052794;-37,40673333;"SPRF-PB";"DEL03-PB";"UOP01-DEL03-PB"
117806;2018-03-12;"segunda-feira";"15:50:00";"MG";40;463;"SETE LAGOAS";"Falta de Atenção à Condução";"Saída de leito carroçável";"Com Vítimas Feridas";"Pleno dia";"Crescente";"Céu Claro";"Dupla";"Declive";"Sim";2;0;1;0;1;0;1;1;-19,4369;-44,3326;"SPRF-MG";"DEL02-MG";"UOP01-DEL02-MG"
117807;2018-03-12;"segunda-feira";"15:50:00";"MA";135;83,2;"ITAPECURU MIRIM";"Pista Escorregadia";"Saída de leito carroçável";"Sem Vítimas";"Pleno dia";"Crescente";"Chuva";"Simples";"Reta";"Não";2;0;0;0;2;0;0;1;-3,28469067;-44,40662387;"SPRF-MA";"DEL01-MA";"UOP02-DEL01-MA"
117808;2018-03-12;"segunda-feira";"16:20:00";"SC";101;163;"TIJUCAS";"Ultrapassagem Indevida";"Saída de leito carroçável";"Sem Vítimas";"Pleno dia";"Decrescente";"Céu Claro";"Dupla";"Reta";"Não";2;0;0;0;2;0;0;2;-27,2414;-48,6306;"SPRF-SC";"DEL04-SC";"UOP03-DEL04-SC"
117809;2018-03-12;"segunda-feira";"14:26:00";"BA";330;766,4;"IPIAU";"Velocidade Incompatível";"Saída de leito carroçável";"Sem Vítimas";"Pleno dia";"Crescente";"Chuva";"Simples";"Curva";"Não";1;0;0;0;1;0;0;1;-14,074;-39,7858;"SPRF-BA";"DEL03-BA";"UOP01-DEL03-BA"
117810;2018-03-12;"segunda-feira";"15:00:00";"MT";163;755;"SORRISO";"Pista Escorregadia";"Saída de leito carroçável";"Sem Vítimas";"Pleno dia";"Crescente";"Chuva";"Dupla";"Reta";"Não";1;0;0;0;1;0;0;1;-12,529058;-55,70413;"SPRF-MT";"DEL06-MT";"UOP01-DEL06-MT"
117811;2018-03-12;"segunda-feira";"16:25:00";"PE";101;86;"JABOATAO DOS GUARARAPES";"Falta de Atenção à Condução";"Colisão transversal";"Com Vítimas Feridas";"Pleno dia";"Crescente";"Céu Claro";"Simples";"Reta";"Sim";3;0;1;1;1;0;2;2;-8,19789798;-34,95849609;"SPRF-PE";"DEL01-PE";"UOP03-DEL01-PE"
117812;2018-03-12;"segunda-feira";"16:00:00";"MG";381;500;"BETIM";"Condutor Dormindo";"Colisão transversal";"Com Vítimas Feridas";"Anoitecer";"Decrescente";"Céu Claro";"Múltipla";"Reta";"Sim";2;0;1;0;1;0;1;2;-20,002554;-44,21196;"SPRF-MG";"DEL01-MG";"UOP03-DEL01-MG"
117814;2018-03-08;"quinta-feira";"01:52:00";"SC";282;325,5;"CAMPOS NOVOS";"Condutor Dormindo";"Colisão frontal";"Com Vítimas Fatais";"Plena Noite";"Crescente";"Céu Claro";"Simples";"Reta";"Não";3;1;1;1;0;0;2;2;-27,37744564;-51,09301329;"SPRF-SC";"DEL07-SC";"UOP06-DEL07-SC"
117815;2018-03-12;"segunda-feira";"16:10:00";"MG";40;799;"JUIZ DE FORA";"Defeito Mecânico no Veículo";"Queda de ocupante de veículo";"Com Vítimas Feridas";"Pleno dia";"Crescente";"Céu Claro";"Simples";"Curva";"Sim";1;0;0;1;0;0;1;1;-21,8278;-43,374;"SPRF-MG";"DEL05-MG";"UOP01-DEL05-MG"
117816;2018-03-12;"segunda-feira";"16:50:00";"SP";381;42,7;"ATIBAIA";"Ingestão de Álcool";"Colisão lateral";"Com Vítimas Feridas";"Pleno dia";"Crescente";"Céu Claro";"Dupla";"Reta";"Não";2;0;1;0;1;0;1;2;-23,15568046;-46,57403558;"SPRF-SP";"DEL03-SP";"UOP01-DEL03-SP"
117819;2018-03-12;"segunda-feira";"17:20:00";"PA";163;990;"SANTAREM";"Falta de Atenção à Condução";"Colisão lateral";"Com Vítimas Feridas";"Pleno dia";"Crescente";"Céu Claro";"Simples";"Reta";"Sim";4;0;2;1;1;0;3;2;-2,56290756;-54,7215271;"SPRF-PA";"DEL05-PA";"UOP01-DEL05-PA"
117822;2018-03-12;"segunda-feira";"15:15:00";"PR";153;336;"IRATI";"Falta de Atenção à Condução";"Colisão transversal";"Com Vítimas Feridas";"Pleno dia";"Crescente";"Sol";"Simples";"Reta";"Não";3;0;0;1;2;0;1;2;-25,49765704;-50,64815015;"SPRF-PR";"DEL03-PR";"UOP02-DEL08-PR"
117823;2018-03-12;"segunda-feira";"15:10:00";"BA";135;162;"BARREIRAS";"Falta de Atenção à Condução";"Saída de leito carroçável";"Sem Vítimas";"Pleno dia";"Crescente";"Garoa/Chuvisco";"Simples";"Reta";"Não";3;0;0;0;3;0;0;1;-11,989013;-44,936849;"SPRF-BA";"DEL10-BA";"UOP01-DEL10-BA"
117824;2018-03-12;"segunda-feira";"17:30:00";"RN";427;55,5;"JARDIM DO SERIDO";"Falta de Atenção à Condução";"Colisão lateral";"Com Vítimas Feridas";"Anoitecer";"Crescente";"Céu Claro";"Simples";"Reta";"Sim";2;0;1;0;1;0;1;2;-6,585306;-36,764652;"SPRF-RN";"DEL03-RN";"UOP01-DEL03-RN"