"id";"data_inversa";"dia_semana";"horario";"uf";"br";"km";"municipio";"causa_acidente";"tipo_acidente";"classificacao_acidente";"fase_dia";"sentido_via";"condicao_metereologica";"tipo_pista";"tracado_via";"uso_solo";"pessoas";"mortos";"feridos_leves";"feridos_graves";"ilesos";"ignorados";"feridos";"veiculos";"latitude";"longitude";"regional";"delegacia";"uop"
117825;2018-03-12;"segunda-feira";"16:00:00";"MG";459;64,8;"SENADOR JOSE BENTO";"Velocidade Incompatível";"Saída de leito carroçável";"Com Vítimas Feridas";"Pleno dia";"Crescente";"Céu Claro";"Simples";"Curva";"Não";1;0;1;0;0;0;1;1;-22,106401;-46,178806;"SPRF-MG";"DEL09-MG";"UOP01-DEL09-MG"
117826;2018-03-12;"segunda-feira";"17:25:00";"AP";210;7,8;"MACAPA";"Não guardar distância de segurança";"Colisão traseira";"Com Vítimas Feridas";"Pleno dia";"Decrescente";"Céu Claro";"Dupla";"Curva";"Não";4;0;1;0;3;0;1;2;0,10349566;-51,12586766;"SPRF-AP";"DEL01-AP";"UOP01-DEL01-AP"
117829;2018-02-18;"domingo";"23:50:00";"PB";230;460,5;"SOUSA";"Animais na Pista";"Atropelamento de Animal";"Com Vítimas Fatais";"Plena Noite";"Decrescente";"Chuva";"Simples";"Reta";"Não";1;1;0;0;0;0;0;1;-6,77525;-38,2021499;"SPRF-PB";"DEL03-PB";"UOP03-DEL03-PB"
117833;2018-03-12;"segunda-feira";"15:50:00";"RS";158;26;"FREDERICO WESTPHALEN";"Não guardar distância de segurança";"Colisão traseira";"Com Vítimas Feridas";"Pleno dia";"Decrescente";"Sol";"Simples";"Reta";"Sim";2;0;1;0;1;0;1;2;-27,300388;-53,363838;"SPRF-RS";"DEL08-RS";"UOP02-DEL08-RS"
117834;2018-03-12;"segunda-feira";"18:00:00";"BA";116;407,7;"FEIRA DE SANTANA";"Falta de Atenção à Condução";"Colisão transversal";"Com Vítimas Feridas";"Anoitecer";"Crescente";"Nublado";"Simples";"Reta";"Não";2;0;0;1;1;0;1;2;-12,13063478;-38,96713257;"SPRF-BA";"DEL02-BA";"DEL10/2-UOP02/BA"
117836;2018-03-12;"segunda-feira";"16:30:00";"SP";116;67,2;"APARECIDA";"Velocidade Incompatível";"Tombamento";"Com Vítimas Feridas";"Pleno dia";"Decrescente";"Sol";"Simples";"Rotatória";"Não";2;0;0;1;1;0;1;1;-22,83694592;-45,22384644;"SPRF-SP";"DEL08-SP";"UOP01-DEL08-SP"
117837;2018-02-18;"domingo";"18:17:00";"PB";101;46,3;"MAMANGUAPE";"Velocidade Incompatível";"Colisão traseira";"Com Vítimas Feridas";"Plena Noite";"Crescente";"Nublado";"Dupla";"Reta";"Não";3;0;1;1;0;1;2;2;-6,89774973;-35,12219016;"SPRF-PB";"DEL01-PB";"UOP04-DEL01-PB"
117838;2018-03-12;"segunda-feira";"17:55:00";"SC";470;104,5;"RIO DO SUL";"Falta de Atenção à Condução";"Colisão lateral";"Com Vítimas Feridas";"Anoitecer";"Crescente";"Céu Claro";"Simples";"Reta";"Sim";2;0;2;0;0;0;2;2;-27,19704499;-49,62792635;"SPRF-SC";"DEL04-SC";"UOP02-DEL04-SC"
117839;2018-03-12;"segunda-feira";"16:40:00";"SP";116;170,2;"JACAREI";"Carga excessiva e/ou mal acondicionada";"Derramamento de carga";"Com Vítimas Feridas";"Pleno dia";"Decrescente";"Céu Claro";"Dupla";"Reta";"Não";1;0;1;0;0;0;1;1;-23,30754719;-46,05085731;"SPRF-SP";"DEL02-SP";"UOP01-DEL02-SP"
117840;2018-03-12;"segunda-feira";"15:00:00";"SC";101;140,8;"BALNEARIO CAMBORIU";"Defeito Mecânico no Veículo";"Tombamento";"Com Vítimas Feridas";"Pleno dia";"Decrescente";"Nublado";"Dupla";"Túnel";"Não";2;0;1;1;0;0;2;1;-27,0478;-48,5981;"SPRF-SC";"DEL04-SC";"UOP03-DEL04-SC"
117843;2018-03-12;"segunda-feira";"16:45:00";"MS";158;97;"PARANAIBA";"Defeito Mecânico no Veículo";"Incêndio";"Sem Vítimas";"Anoitecer";"Crescente";"Céu Claro";"Dupla";"Reta";"Sim";1;0;0;0;1;0;0;1;-19,699146;-51,167812;"SPRF-MS";"DEL08-MS";"UOP01-DEL08-MS"
117845;2018-03-12;"segunda-feira";"18:30:00";"MG";116;702;"MURIAE";"Desobediência às normas de trânsito pelo condutor";"Colisão frontal";"Com Vítimas Feridas";"Plena Noite";"Crescente";"Ignorado";"Simples";"Interseção de Vias;Curva";"Não";2;0;1;0;1;0;1;2;-21,108013;-42,37956762;"SPRF-MG";"DEL07-MG";"UOP02-DEL07-MG"
117848;2018-03-12;"segunda-feira";"18:50:00";"MG";40;581;"ITABIRITO";"Falta de Atenção à Condução";"Saída de leito carroçável";"Com Vítimas Feridas";"Plena Noite";"Decrescente";"Céu Claro";"Simples";"Curva";"Não";1;0;1;0;0;0;1;1;-20,3105;-43,9349;"SPRF-MG";"DEL01-MG";"UOP02-DEL01-MG"
117850;2018-03-12;"segunda-feira";"18:15:00";"RS";153;50,9;"ERECHIM";"Falta de Atenção do Pedestre";"Atropelamento de Pedestre";"Com Vítimas Feridas";"Pleno dia";"Crescente";"Céu Claro";"Simples";"Curva";"Sim";2;0;0;1;1;0;1;2;-27,656242;-52,275589;"SPRF-RS";"DEL08-RS";"UOP04-DEL08-RS"
117851;2018-03-12;"segunda-feira";"18:47:00";"SP";116;224;"GUARULHOS";"Falta de Atenção à Condução";"Colisão lateral";"Com Vítimas Feridas";"Anoitecer";"Decrescente";"Chuva";"Múltipla";"Reta";"Sim";2;0;1;0;1;0;1;2;-23,50544092;-46,56898499;"SPRF-SP";"DEL01-SP";"UOP01-DEL01-SP"
117853;2018-03-12;"segunda-feira";"16:50:00";"SC";470;213,2;"SAO CRISTOVAO DO SUL";"Falta de Atenção à Condução";"Colisão frontal";"Com Vítimas Feridas";"Anoitecer";"Decrescente";"Céu Claro";"Simples";"Aclive";"Não";2;0;1;0;1;0;1;2;-27,306669;-50,24688;"SPRF-SC";"DEL02-SC";"UOP03-DEL02-SC"
117856;2018-03-12;"segunda-feira";"19:30:00";"GO";153;444;"ANAPOLIS";"Desobediência às normas de trânsito pelo condutor";"Colisão transversal";"Com Vítimas Feridas";"Plena Noite";"Decrescente";"Céu Claro";"Dupla";"Rotatória";"Sim";5;0;1;0;4;0;1;2;-16,35438273;-48,92870128;"SPRF-GO";"DEL02-GO";"UOP01-DEL02-GO"
117857;2018-03-12;"segunda-feira";"18:40:00";"MT";163;797;"SINOP";"Velocidade Incompatível";"Capotamento";"Com Vítimas Feridas";"Plena Noite";"Crescente";"Chuva";"Simples";"Reta";"Não";1;0;1;0;0;0;1;1;-12,11452277;-55,5166626;"SPRF-MT";"DEL06-MT";"UOP01-DEL06-MT"
117859;2018-03-12;"segunda-feira";"19:45:00";"SC";101;210,5;"SAO JOSE";"Falta de Atenção à Condução";"Colisão lateral";"Com Vítimas Feridas";"Plena Noite";"Crescente";"Céu Claro";"Dupla";"Reta";"Sim";4;0;1;0;1;2;1;3;-27,60932162;-48,63074541;"SPRF-SC";"DEL01-SC";"UOP01-DEL01-SC"
117860;2018-03-12;"segunda-feira";"19:50:00";"PR";476;342,5;"PAULA FREITAS";"Falta de Atenção do Pedestre";"Atropelamento de Pedestre";"Com Vítimas Feridas";"Plena Noite";"Crescente";"Céu Claro";"Simples";"Reta";"Sim";3;0;1;0;2;0;1;2;-26,17246295;-50,91311216;"SPRF-PR";"DEL02-PR";"UOP03-DEL02-PR"
117861;2018-03-12;"segunda-feira";"18:00:00";"SP";116;217;"GUARULHOS";"Falta de Atenção à Condução";"Colisão lateral";"Com Vítimas Feridas";"Anoitecer";"Crescente";"Nublado";"Múltipla";"Aclive";"Sim";3;0;1;0;2;0;1;2;-23,45403817;-46,47333473;"SPRF-SP";"DEL01-SP";"UOP01-DEL01-SP"
117862;2018-03-12;"segunda-feira";"19:45:00";"SC";163;69,3;"SAO MIGUEL DO OESTE";"Desobediência às normas de trânsito pelo condutor";"Colisão transversal";"Com Vítimas Feridas";"Plena Noite";"Crescente";"Céu Claro";"Dupla";"Reta";"Sim";3;0;2;0;0;1;2;2;-26,72713672;-53,51283789;"SPRF-SC";"DEL07-SC";"UOP03-DEL07-SC"
117864;2018-03-12;"segunda-feira";"20:30:00";"PE";101;56;"PAULISTA";"Falta de Atenção à Condução";"Colisão traseira";"Sem Vítimas";"Plena Noite";"Decrescente";"Vento";"Dupla";"Curva";"Sim";2;0;0;0;2;0;0;2;-7,952604;-34,909303;"SPRF-PE";"DEL01-PE";"UOP02-DEL01-PE"
117869;2018-03-12;"segunda-feira";"20:55:00";"RS";290;101;"PORTO ALEGRE";"Falta de Atenção à Condução";"Tombamento";"Com Vítimas Feridas";"Plena Noite";"Crescente";"Céu Claro";"Dupla";"Reta";"Não";1;0;0;1;0;0;1;1;-29,98716667;-51,23999381;"SPRF-RS";"DEL01-RS";"UOP01-DEL01-RS"
117870;2018-03-12;"segunda-feira";"17:55:00";"SC";280;256;"CANOINHAS";"Animais na Pista";"Atropelamento de Animal";"Com Vítimas Feridas";"Anoitecer";"Crescente";"Céu Claro";"Simples";"Reta";"Não";1;0;0;1;0;0;1;1;-26,26549;-50,598591;"SPRF-SC";"DEL06-SC";"UOP04-DEL06-SC"
117871;2018-03-12;"segunda-feira";"22:00:00";"RN";110;48;"MOSSORO";"Falta de Atenção à Condução";"Colisão traseira";"Com Vítimas Feridas";"Plena Noite";"Decrescente";"Céu Claro";"Simples";"Reta";"Sim";2;0;1;0;1;0;1;2;-5,208813;-37,332851;"SPRF-RN";"DEL04-RN";"UOP01-DEL04-RN"
117872;2018-03-12;"segunda-feira";"17:00:00";"MT";70;732,7;"CACERES";"Desobediência às normas de trânsito pelo condutor";"Colisão transversal";"Com Vítimas Feridas";"Pleno dia";"Crescente";"Céu Claro";"Simples";"Reta;Interseção de Vias";"Sim";3;0;3;0;0;0;3;2;-16,09044928;-57,68832386;"SPRF-MT";"DEL03-MT";"UOP01-DEL03-MT"
117874;2018-03-12;"segunda-feira";"21:00:00";"MG";381;432;"CAETE";"Falta de Atenção à Condução";"Colisão traseira";"Com Vítimas Feridas";"Plena Noite";"Decrescente";"Céu Claro";"Dupla";"Curva";"Não";3;0;1;0;2;0;1;2;-19,78996457;-43,69125366;"SPRF-MG";"DEL01-MG";"UOP01-DEL01-MG"
117875;2018-03-12;"segunda-feira";"04:40:00";"RS";472;404,3;"SAO BORJA";"Falta de Atenção à Condução";"Colisão com objeto estático";"Com Vítimas Feridas";"Plena Noite";"Crescente";"Céu Claro";"Simples";"Reta";"Não";1;0;1;0;0;0;1;1;-28,672972;-55,966007;"SPRF-RS";"DEL12-RS";"UOP01-DEL12-RS"
117879;2018-03-12;"segunda-feira";"22:00:00";"MG";116;638,8;"DIVINO";"Ingestão de Álcool";"Atropelamento de Pedestre";"Com Vítimas Fatais";"Plena Noite";"Crescente";"Nevoeiro/Neblina";"Simples";"Reta";"Sim";2;1;0;0;0;1;0;2;-20,63131855;-42,23117497;"SPRF-MG";"DEL07-MG";"UOP03-DEL07-MG"
117882;2018-03-12;"segunda-feira";"22:55:00";"SC";101;22,2;"JOINVILLE";"Velocidade Incompatível";"Saída de leito carroçável";"Sem Vítimas";"Plena Noite";"Crescente";"Chuva";"Dupla";"Curva";"Sim";1;0;0;0;1;0;0;1;-26,15152803;-48,9088117;"SPRF-SC";"DEL03-SC";"UOP01-DEL03-SC"
117885;2018-03-12;"segunda-feira";"21:20:00";"SP";116;546;"BARRA DO TURVO";"Velocidade Incompatível";"Colisão com objeto estático";"Com Vítimas Feridas";"Plena Noite";"Crescente";"Chuva";"Dupla";"Curva";"Não";2;0;1;0;1;0;1;1;-24,89141948;-48,2258606;"SPRF-SP";"DEL05-SP";"UOP02-DEL05-SP"
117886;2018-03-12;"segunda-feira";"20:17:00";"MT";364;275;"JACIARA";"Falta de Atenção à Condução";"Colisão transversal";"Com Vítimas Feridas";"Plena Noite";"Decrescente";"Céu Claro";"Dupla";"Reta";"Sim";3;0;1;0;2;0;1;2;-15,952514;-54,978525;"SPRF-MT";"DEL02-MT";"UOP02-DEL05-MT"
117891;2018-03-13;"terça-feira";"00:00:00";"PR";277;80,3;"CURITIBA";"Falta de Atenção à Condução";"Colisão com objeto estático";"Com Vítimas Feridas";"Plena Noite";"Crescente";"Céu Claro";"Dupla";"Reta";"Não";2;0;1;0;1;0;1;2;-25,47303326;-49,21257019;"SPRF-PR";"DEL01-PR";"UOP07-DEL01-PR"
117893;2018-03-12;"segunda-feira";"19:00:00";"MT";174;113,9;"CACERES";"Animais na Pista";"Atropelamento de Animal";"Com Vítimas Feridas";"Plena Noite";"Decrescente";"Céu Claro";"Simples";"Reta";"Não";2;0;2;0;0;0;2;1;-15,8979424;-57,81967163;"SPRF-MT";"DEL03-MT";"UOP01-DEL03-MT"
117895;2018-03-13;"terça-feira";"00:45:00";"AP";210;13,8;"MACAPA";"Falta de Atenção à Condução";"Colisão traseira";"Com Vítimas Fatais";"Plena Noite";"Crescente";"Céu Claro";"Simples";"Reta";"Não";2;1;0;0;0;1;0;2;0,149466;-51,140343;"SPRF-AP";"DEL01-AP";"UOP01-DEL01-AP"
117896;2018-03-12;"segunda-feira";"22:30:00";"SC";282;149,1;"BOM RETIRO";"Falta de Atenção à Condução";"Saída de leito carroçável";"Sem Vítimas";"Plena Noite";"Crescente";"Céu Claro";"Simples";"Reta";"Não";1;0;0;0;0;1;0;1;-27,73702278;-49,75639343;"SPRF-SC";"DEL05-SC";"UOP01-DEL05-SC"
117898;2018-03-13;"terça-feira";"03:05:00";"SP";381;22;"BRAGANCA PAULISTA";"Desobediência às normas de trânsito pelo condutor";"Colisão com objeto estático";"Com Vítimas Feridas";"Plena Noite";"Crescente";"Céu Claro";"Dupla";"Curva";"Não";1;0;0;1;0;0;1;1;-22,98620968;-46,53121948;"SPRF-SP";"DEL03-SP";"UOP02-DEL03-SP"
117899;2018-03-13;"terça-feira";"02:50:00";"PR";277;473,7;"NOVA LARANJEIRAS";"Ingestão de Álcool";"Saída de leito carroçável";"Com Vítimas Feridas";"Plena Noite";"Crescente";"Céu Claro";"Simples";"Reta";"Não";4;0;1;0;3;0;1;1;-25,30430376;-52,55996704;"SPRF-PR";"DEL04-PR";"UOP02-DEL04-PR"
117900;2018-03-13;"terça-feira";"01:10:00";"SC";470;24;"ILHOTA";"Falta de Atenção à Condução";"Colisão transversal";"Com Vítimas Feridas";"Plena Noite";"Decrescente";"Céu Claro";"Simples";"Interseção de Vias";"Não";2;0;2;0;0;0;2;2;-26,881754;-48,856251;"SPRF-SC";"DEL04-SC";"UOP04-DEL04-SC"
117903;2018-03-12;"segunda-feira";"13:45:00";"SP";116;498;"CAJATI";"Falta de Atenção à Condução";"Queda de ocupante de veículo";"Com Vítimas Feridas";"Pleno dia";"Decrescente";"Céu Claro";"Simples";"Reta";"Não";2;0;1;0;1;0;1;1;-24,76789294;-48,16925048;"SPRF-SP";"DEL05-SP";"UAP01-DEL05-SP"
117904;2018-03-12;"segunda-feira";"22:00:00";"SC";101;149,9;"ITAPEMA";"Falta de Atenção à Condução";"Colisão transversal";"Com Vítimas Feridas";"Plena Noite";"Crescente";"Nublado";"Simples";"Reta";"Sim";2;0;1;0;1;0;1;2;-27,1175;-48,6092;"SPRF-SC";"DEL04-SC";"UOP03-DEL04-SC"
117905;2018-03-13;"terça-feira";"03:00:00";"PI";316;310;"PICOS";"Ingestão de Álcool";"Colisão com objeto estático";"Sem Vítimas";"Plena Noite";"Decrescente";"Nublado";"Múltipla";"Reta";"Sim";1;0;0;0;1;0;0;1;-7,079431;-41,460765;"SPRF-PI";"DEL04-PI";"UOP01-DEL04-PI"
117907;2018-03-13;"terça-feira";"05:10:00";"BA";324;569;"SAO SEBASTIAO DO PASSE";"Fenômenos da Natureza";"Saída de leito carroçável";"Com Vítimas Feridas";"Pleno dia";"Crescente";"Chuva";"Dupla";"Reta";"Não";5;0;4;1;0;0;5;1;-12,54627491;-38,58192444;"SPRF-BA";"DEL01-BA";"UOP01-DEL01-BA"
117908;2018-03-13;"terça-feira";"05:25:00";"RJ";101;273,4;"TANGUA";"Falta de Atenção à Condução";"Colisão transversal";"Com Vítimas Feridas";"Plena Noite";"Crescente";"Nublado";"Dupla";"Reta;Declive";"Sim";2;0;0;1;1;0;1;2;-22,7329511;-42,7144424;"SPRF-RJ";"DEL02-RJ";"UOP03-DEL02-RJ"
117910;2018-03-13;"terça-feira";"04:30:00";"BA";116;786,5;"PLANALTO";"Ultrapassagem Indevida";"Colisão lateral";"Com Vítimas Feridas";"Pleno dia";"Crescente";"Nublado";"Simples";"Reta";"Não";2;0;1;0;1;0;1;1;-14,65268296;-40,45715332;"SPRF-BA";"DEL08-BA";"UOP02-DEL08-BA"
117911;2018-03-13;"terça-feira";"05:30:00";"RJ";116;204;"SEROPEDICA";"Defeito Mecânico no Veículo";"Queda de ocupante de veículo";"Com Vítimas Feridas";"Amanhecer";"Decrescente";"Céu Claro";"Dupla";"Reta";"Sim";1;0;1;0;0;0;1;1;-22,72390114;-43,67245607;"SPRF-RJ";"DEL01-RJ";"UOP03-DEL01-RJ"
117916;2018-03-13;"terça-feira";"05:30:00";"BA";324;598;"SIMOES FILHO";"Defeito na Via";"Colisão com objeto estático";"Sem Vítimas";"Amanhecer";"Crescente";"Chuva";"Dupla";"Reta";"Não";1;0;0;0;1;0;0;1;-12,74483738;-38,43635559;"SPRF-BA";"DEL01-BA";"UOP01-DEL01-BA"
117917;2018-03-13;"terça-feira";"06:40:00";"PE";232;19;"JABOATAO DOS GUARARAPES";"Falta de Atenção à Condução";"Engavetamento";"Com Vítimas Feridas";"Pleno dia";"Crescente";"Céu Claro";"Dupla";"Reta";"Não";2;0;1;0;1;0;1;2;-8,097333;-35,067125;"SPRF-PE";"DEL01-PE";"UOP01-DEL01-PE"
117918;2018-03-12;"segunda-feira";"13:40:00";"MG";50;73;"UBERLANDIA";"Falta de Atenção à Condução";"Colisão traseira";"Com Vítimas Feridas";"Pleno dia";"Decrescente";"Céu Claro";"Múltipla";"Reta";"Não";3;0;1;1;1;0;2;2;-18,9101;-48,2239;"SPRF-MG";"DEL15-MG";"UOP01-DEL15-MG"
117921;2018-02-25;"domingo";"10:05:00";"PB";101;19,5;"RIO TINTO";"Velocidade Incompatível";"Tombamento";"Com Vítimas Feridas";"Pleno dia";"Crescente";"Chuva";"Dupla";"Curva";"Não";1;0;0;1;0;0;1;1;-6,66008925;-35,11723995;"SPRF-PB";"DEL01-PB";"UOP04-DEL01-PB"
117922;2018-03-13;"terça-feira";"07:20:00";"SC";470;140;"RIO DO SUL";"Falta de Atenção à Condução";"Colisão transversal";"Com Vítimas Feridas";"Pleno dia";"Decrescente";"Céu Claro";"Simples";"Reta";"Sim";2;0;0;1;1;0;1;2;-27,19404856;-49,6243;"SPRF-SC";"DEL04-SC";"UOP02-DEL04-SC"
117926;2018-03-13;"terça-feira";"07:25:00";"DF";70;4;"BRASILIA";"Falta de Atenção à Condução";"Queda de ocupante de veículo";"Com Vítimas Feridas";"Pleno dia";"Decrescente";"Céu Claro";"Dupla";"Reta";"Sim";1;0;1;0;0;0;1;1;-15,798115;-48,089317;"SPRF-DF";"DEL01-DF";"UOP02-DEL03-DF"
117928;2018-03-13;"terça-feira";"07:35:00";"PR";277;79;"CURITIBA";"Falta de Atenção à Condução";"Colisão lateral";"Com Vítimas Feridas";"Pleno dia";"Crescente";"Nublado";"Dupla";"Aclive";"Sim";2;0;1;0;1;0;1;2;-25,47733371;-49,20456648;"SPRF-PR";"DEL01-PR";"UOP07-DEL01-PR"
117931;2018-03-13;"terça-feira";"07:45:00";"MG";381;913;"CAMANDUCAIA";"Velocidade Incompatível";"Capotamento";"Com Vítimas Feridas";"Pleno dia";"Crescente";"Céu Claro";"Dupla";"Curva";"Não";2;0;1;0;1;0;1;1;-22,71419252;-46,12241864;"SPRF-MG";"DEL16-MG";"UOP03-DEL16-MG"
117933;2018-03-13;"terça-feira";"08:20:00";"PR";376;599,5;"CURITIBA";"Falta de Atenção à Condução";"Colisão transversal";"Com Vítimas Feridas";"Pleno dia";"Decrescente";"Céu Claro";"Dupla";"Reta";"Sim";3;0;1;1;1;0;2;3;-25,52385392;-49,33273315;"SPRF-PR";"DEL01-PR";"UOP06-DEL01-PR"
117934;2018-02-01;"quinta-feira";"13:30:00";"PB";104;145,1;"QUEIMADAS";"Falta de Atenção à Condução";"Colisão traseira";"Sem Vítimas";"Pleno dia";"Crescente";"Céu Claro";"Simples";"Reta";"Não";2;0;0;0;2;0;0;2;-7,39414213;-35,89758826;"SPRF-PB";"DEL02-PB";"UOP03-DEL02-PB"
117936;2018-03-13;"terça-feira";"08:05:00";"RS";386;445,9;"CANOAS";"Falta de Atenção à Condução";"Colisão lateral";"Sem Vítimas";"Pleno dia";"Crescente";"Sol";"Dupla";"Reta";"Sim";2;0;0;0;2;0;0;2;-29,89359217;-51,18372375;"SPRF-RS";"DEL01-RS";"UOP01-DEL01-RS"
117937;2018-03-13;"terça-feira";"06:45:00";"MG";262;510,3;"MOEMA";"Mal Súbito";"Saída de leito carroçável";"Sem Vítimas";"Amanhecer";"Decrescente";"Céu Claro";"Simples";"Reta";"Não";1;0;0;0;1;0;0;1;-19,77187296;-45,49987793;"SPRF-MG";"DEL08-MG";"UOP03-DEL08-MG"
117938;2018-02-21;"quarta-feira";"07:50:00";"GO";60;96,3;"ANAPOLIS";"Não guardar distância de segurança";"Queda de ocupante de veículo";"Com Vítimas Feridas";"Pleno dia";"Crescente";"Nublado";"Dupla";"Retorno Regulamentado";"Sim";1;0;0;1;0;0;1;1;-16,37308221;-48,94456387;"SPRF-GO";"DEL02-GO";"UOP01-DEL02-GO"
117939;2018-03-13;"terça-feira";"07:00:00";"RJ";116;175,2;"SAO JOAO DE MERITI";"Desobediência às normas de trânsito pelo condutor";"Colisão transversal";"Com Vítimas Feridas";"Pleno dia";"Decrescente";"Céu Claro";"Múltipla";"Reta";"Sim";3;0;1;0;2;0;1;2;-22,80276927;-43,34587097;"SPRF-RJ";"DEL01-RJ";"UOP02-DEL01-RJ"
117940;2018-02-18;"domingo";"16:40:00";"PB";230;467,9;"SOUSA";"Falta de Atenção à Condução";"Colisão traseira";"Com Vítimas Feridas";"Pleno dia";"Decrescente";"Chuva";"Simples";"Reta";"Não";3;0;0;1;1;1;1;2;-6,78165997;-38,26860923;"SPRF-PB";"DEL03-PB";"UOP03-DEL03-PB"
117943;2018-03-13;"terça-feira";"08:20:00";"PB";101;9,2;"MAMANGUAPE";"Defeito na Via";"Saída de leito carroçável";"Sem Vítimas";"Pleno dia";"Decrescente";"Céu Claro";"Dupla";"Reta";"Não";1;0;0;0;1;0;0;1;-6,5710261;-35,1443367;"SPRF-PB";"DEL01-PB";"UOP04-DEL01-PB"
117944;2018-03-13;"terça-feira";"07:40:00";"PR";153;460,5;"UNIAO DA VITORIA";"Velocidade Incompatível";"Saída de leito carroçável";"Sem Vítimas";"Pleno dia";"Decrescente";"Céu Claro";"Simples";"Curva";"Não";1;0;0;0;1;0;0;1;-26,233818;-51,146985;"SPRF-PR";"DEL02-PR";"UOP03-DEL02-PR"
117945;2018-03-13;"terça-feira";"08:30:00";"RJ";40;120;"DUQUE DE CAXIAS";"Não guardar distância de segurança";"Colisão lateral";"Com Vítimas Feridas";"Pleno dia";"Crescente";"Nublado";"Múltipla";"Reta";"Sim";2;0;1;0;1;0;1;2;-22,6345305;-43,2859814;"SPRF-RJ";"DEL01-RJ";"UOP01-DEL01-RJ"
117948;2018-03-13;"terça-feira";"06:00:00";"RO";364;551;"ALTO PARAISO";"Defeito na Via";"Queda de ocupante de veículo";"Com Vítimas Feridas";"Pleno dia";"Crescente";"Céu Claro";"Simples";"Reta";"Não";2;0;2;0;0;0;2;1;-9,642742;-63,074917;"SPRF-RO";"DEL03-RO";"UOP01-DEL03-RO"
117951;2018-03-13;"terça-feira";"08:30:00";"ES";262;1,8;"CARIACICA";"Falta de Atenção à Condução";"Colisão traseira";"Com Vítimas Feridas";"Pleno dia";"Decrescente";"Céu Claro";"Múltipla";"Reta";"Sim";2;0;1;0;0;1;1;2;-20,33432562;-40,35827637;"SPRF-ES";"DEL01-ES";"UOP01-DEL01-ES"
117952;2018-03-13;"terça-feira";"08:45:00";"RS";116;235,9;"NOVO HAMBURGO";"Defeito Mecânico no Veículo";"Tombamento";"Com Vítimas Feridas";"Pleno dia";"Decrescente";"Sol";"Dupla";"Declive;Viaduto";"Sim";2;0;2;0;0;0;2;1;-29,66866421;-51,1431053;"SPRF-RS";"DEL01-RS";"UOP02-DEL01-RS"
117953;2018-03-13;"terça-feira";"08:50:00";"CE";222;41;"CAUCAIA";"Falta de Atenção à Condução";"Colisão lateral";"Com Vítimas Feridas";"Pleno dia";"Crescente";"Céu Claro";"Simples";"Reta";"Sim";2;0;1;0;1;0;1;2;-3,684422;-38,915939;"SPRF-CE";"DEL01-CE";"UOP03-DEL01-CE"
117954;2018-03-13;"terça-feira";"08:45:00";"GO";20;74,5;"FORMOSA";"Condutor Dormindo";"Capotamento";"Com Vítimas Feridas";"Pleno dia";"Decrescente";"Céu Claro";"Simples";"Reta";"Não";2;0;1;0;1;0;1;1;-15,136623;-47,130238;"SPRF-DF";"DEL02-DF";"UOP03-DEL02-DF"
117958;2018-03-13;"terça-feira";"10:40:00";"PR";476;101,7;"BOCAIUVA DO SUL";"Desobediência às normas de trânsito pelo pedestre";"Atropelamento de Pedestre";"Com Vítimas Feridas";"Pleno dia";"Crescente";"Céu Claro";"Simples";"Reta";"Não";3;0;0;1;1;1;1;2;-25,255327;-49,141785;"SPRF-PR";"DEL01-PR";"UOP01-DEL01-PR"
117959;2018-03-13;"terça-feira";"09:40:00";"MG";381;483;"BETIM";"Falta de Atenção à Condução";"Tombamento";"Com Vítimas Feridas";"Pleno dia";"Crescente";"Céu Claro";"Múltipla";"Curva";"Sim";1;0;1;0;0;0;1;1;-19,9596;-44,0877;"SPRF-MG";"DEL01-MG";"UOP03-DEL01-MG"
117960;2018-03-13;"terça-feira";"09:50:00";"SC";280;51;"GUARAMIRIM";"Não guardar distância de segurança";"Colisão traseira";"Com Vítimas Feridas";"Pleno dia";"Crescente";"Sol";"Simples";"Reta";"Sim";2;0;1;0;1;0;1;2;-26,465389;-48,955444;"SPRF-SC";"DEL03-SC";"UOP03-DEL03-SC"
117961;2018-03-13;"terça-feira";"08:00:00";"MT";163;687;"LUCAS DO RIO VERDE";"Falta de Atenção à Condução";"Colisão transversal";"Com Vítimas Feridas";"Pleno dia";"Crescente";"Sol";"Dupla";"Interseção de Vias";"Sim";2;0;1;0;1;0;1;2;-13,0793232;-55,9369966;"SPRF-MT";"DEL06-MT";"UOP01-DEL06-MT"
117962;2018-01-17;"quarta-feira";"14:20:00";"PB";230;17;"JOAO PESSOA";"Não guardar distância de segurança";"Queda de ocupante de veículo";"Com Vítimas Feridas";"Pleno dia";"Crescente";"Céu Claro";"Múltipla";"Reta";"Sim";2;0;0;1;0;1;1;2;-7,10964019;-34,84355993;"SPRF-PB";"DEL01-PB";"UOP01-DEL01-PB"
117964;2018-03-13;"terça-feira";"09:50:00";"SC";101;413;"ARARANGUA";"Desobediência às normas de trânsito pelo condutor";"Colisão lateral";"Com Vítimas Feridas";"Pleno dia";"Crescente";"Sol";"Simples";"Reta";"Sim";2;0;1;0;0;1;1;2;-28,9515;-49,5083;"SPRF-SC";"DEL02-SC";"UOP02-DEL02-SC"