"id";"data_inversa";"dia_semana";"horario";"uf";"br";"km";"municipio";"causa_acidente";"tipo_acidente";"classificacao_acidente";"fase_dia";"sentido_via";"condicao_metereologica";"tipo_pista";"tracado_via";"uso_solo";"pessoas";"mortos";"feridos_leves";"feridos_graves";"ilesos";"ignorados";"feridos";"veiculos";"latitude";"longitude";"regional";"delegacia";"uop"
117965;2018-03-13;"terça-feira";"10:00:00";"PR";376;176;"MARINGA";"Não guardar distância de segurança";"Colisão traseira";"Sem Vítimas";"Pleno dia";"Decrescente";"Sol";"Dupla";"Reta;Retorno Regulamentado";"Sim";2;0;0;0;2;0;0;2;-23,41130131;-51,94034901;"SPRF-PR";"DEL07-PR";"UOP01-DEL09-PR"
117969;2018-03-07;"quarta-feira";"17:00:00";"ES";101;349,4;"GUARAPARI";"Ultrapassagem Indevida";"Colisão frontal";"Com Vítimas Feridas";"Anoitecer";"Decrescente";"Céu Claro";"Simples";"Curva";"Não";6;0;3;3;0;0;6;3;-20,6595128;-40,6483296;"SPRF-ES";"DEL03-ES";"UOP01-DEL03-ES"
117971;2018-03-12;"segunda-feira";"09:30:00";"MA";10;270;"IMPERATRIZ";"Ultrapassagem Indevida";"Colisão traseira";"Sem Vítimas";"Pleno dia";"Decrescente";"Sol";"Simples";"Aclive";"Não";2;0;0;0;2;0;0;2;-5,373673;-47,478401;"SPRF-MA";"DEL04-MA";"UOP01-DEL04-MA"
117972;2018-03-13;"terça-feira";"11:10:00";"PE";232;8;"RECIFE";"Falta de Atenção à Condução";"Colisão traseira";"Sem Vítimas";"Pleno dia";"Decrescente";"Céu Claro";"Dupla";"Reta";"Sim";2;0;0;0;2;0;0;2;-8,075855;-34,970215;"SPRF-PE";"DEL01-PE";"UOP01-DEL01-PE"
117973;2018-03-13;"terça-feira";"09:30:00";"RJ";40;116;"DUQUE DE CAXIAS";"Avarias e/ou desgaste excessivo no pneu";"Queda de ocupante de veículo";"Com Vítimas Feridas";"Pleno dia";"Crescente";"Nublado";"Dupla";"Reta";"Sim";1;0;1;0;0;0;1;1;-22,75845345;-43,2875061;"SPRF-RJ";"DEL01-RJ";"UOP01-DEL01-RJ"
117975;2018-01-15;"segunda-feira";"02:15:00";"PB";230;14,8;"CABEDELO";"Desobediência às normas de trânsito pelo condutor";"Colisão transversal";"Com Vítimas Feridas";"Plena Noite";"Crescente";"Nublado";"Dupla";"Retorno Regulamentado";"Sim";3;0;2;0;1;0;2;2;-7,09154491;-34,84836996;"SPRF-PB";"DEL01-PB";"UOP01-DEL01-PB"
117976;2018-03-13;"terça-feira";"11:30:00";"SC";101;217;"PALHOCA";"Falta de Atenção à Condução";"Saída de leito carroçável";"Com Vítimas Feridas";"Pleno dia";"Decrescente";"Céu Claro";"Dupla";"Reta";"Sim";1;0;1;0;0;0;1;1;-27,6771;-48,67;"SPRF-SC";"DEL01-SC";"UOP02-DEL01-SC"
117977;2018-03-13;"terça-feira";"11:45:00";"RN";405;1;"MOSSORO";"Desobediência às normas de trânsito pelo condutor";"Colisão lateral";"Com Vítimas Feridas";"Pleno dia";"Crescente";"Sol";"Dupla";"Interseção de Vias";"Sim";2;0;1;0;1;0;1;2;-5,19147497;-37,36012191;"SPRF-RN";"DEL04-RN";"UOP02-DEL04-RN"
117978;2018-03-13;"terça-feira";"11:45:00";"RS";290;86;"PORTO ALEGRE";"Mal Súbito";"Saída de leito carroçável";"Com Vítimas Feridas";"Pleno dia";"Decrescente";"Céu Claro";"Dupla";"Reta";"Sim";1;0;1;0;0;0;1;1;-29,96828222;-51,1207366;"SPRF-RS";"DEL01-RS";"UOP01-DEL01-RS"
117979;2018-03-13;"terça-feira";"11:25:00";"PR";376;228,1;"APUCARANA";"Falta de Atenção à Condução";"Capotamento";"Com Vítimas Feridas";"Pleno dia";"Decrescente";"Céu Claro";"Dupla";"Reta";"Não";2;0;2;0;0;0;2;1;-23,56927782;-51,5470754;"SPRF-PR";"DEL07-PR";"UOP03-DEL07-PR"
117980;2018-03-13;"terça-feira";"09:30:00";"SC";470;220,8;"SAO CRISTOVAO DO SUL";"Falta de Atenção à Condução";"Saída de leito carroçável";"Com Vítimas Feridas";"Pleno dia";"Decrescente";"Céu Claro";"Simples";"Reta";"Não";2;0;1;1;0;0;2;1;-27,309702;-50,30975;"SPRF-SC";"DEL02-SC";"UOP03-DEL02-SC"
117983;2018-03-13;"terça-feira";"12:30:00";"RS";116;365;"SENTINELA DO SUL";"Desobediência às normas de trânsito pelo condutor";"Colisão lateral";"Com Vítimas Feridas";"Pleno dia";"Crescente";"Sol";"Simples";"Reta";"Não";2;0;1;0;1;0;1;2;-30,65296224;-51,56239718;"SPRF-RS";"DEL02-RS";"UOP03-DEL02-RS"
117984;2018-02-26;"segunda-feira";"18:10:00";"GO";153;634;"MORRINHOS";"Condutor Dormindo";"Saída de leito carroçável";"Sem Vítimas";"Anoitecer";"Decrescente";"Céu Claro";"Dupla";"Reta";"Não";3;0;0;0;3;0;0;1;-17,81823075;-49,21145022;"SPRF-GO";"DEL03-GO";"UOP01-DEL03-GO"
117985;2018-03-13;"terça-feira";"11:45:00";"PB";230;22,8;"JOAO PESSOA";"Falta de Atenção à Condução";"Colisão traseira";"Sem Vítimas";"Pleno dia";"Decrescente";"Céu Claro";"Dupla";"Reta";"Sim";3;0;0;0;3;0;0;3;-7,1495;-34,8517;"SPRF-PB";"DEL01-PB";"UOP01-DEL01-PB"
117986;2018-03-13;"terça-feira";"11:15:00";"PR";369;182;"ARAPONGAS";"Desobediência às normas de trânsito pelo condutor";"Colisão transversal";"Com Vítimas Feridas";"Pleno dia";"Crescente";"Céu Claro";"Dupla";"Reta;Aclive";"Não";2;0;0;2;0;0;2;2;-23,3816529;-51,41773039;"SPRF-PR";"DEL07-PR";"UOP03-DEL07-PR"
117987;2018-03-06;"terça-feira";"03:00:00";"RJ";40;123;"DUQUE DE CAXIAS";"Falta de Atenção do Pedestre";"Atropelamento de Pedestre";"Com Vítimas Fatais";"Plena Noite";"Crescente";"Nublado";"Simples";"Curva";"Sim";2;1;0;0;1;0;0;2;-22,77364907;-43,28613281;"SPRF-RJ";"DEL01-RJ";"UOP01-DEL01-RJ"
117988;2018-03-13;"terça-feira";"12:50:00";"PA";163;1004;"SANTAREM";"Falta de Atenção à Condução";"Colisão lateral";"Com Vítimas Feridas";"Pleno dia";"Decrescente";"Nublado";"Dupla";"Reta";"Sim";2;0;1;0;1;0;1;2;-2,48932082;-54,72160509;"SPRF-PA";"DEL05-PA";"UOP01-DEL05-PA"
117989;2018-03-13;"terça-feira";"13:08:00";"RS";386;451,3;"CANOAS";"Desobediência às normas de trânsito pelo condutor";"Colisão lateral";"Com Vítimas Feridas";"Pleno dia";"Decrescente";"Céu Claro";"Dupla";"Reta";"Sim";1;0;1;0;0;0;1;1;-29,933411;-51,177361;"SPRF-RS";"DEL01-RS";"UOP01-DEL01-RS"
117990;2018-03-13;"terça-feira";"08:15:00";"RS";285;292;"PASSO FUNDO";"Falta de Atenção à Condução";"Colisão traseira";"Com Vítimas Feridas";"Pleno dia";"Decrescente";"Sol";"Dupla";"Rotatória";"Sim";2;0;1;0;1;0;1;2;-28,23543957;-52,3770833;"SPRF-RS";"DEL08-RS";"UOP03-DEL08-RS"
117991;2018-03-13;"terça-feira";"13:08:00";"GO";153;436,4;"ANAPOLIS";"Avarias e/ou desgaste excessivo no pneu";"Saída de leito carroçável";"Sem Vítimas";"Pleno dia";"Crescente";"Chuva";"Dupla";"Declive;Curva";"Não";2;0;0;0;2;0;0;1;-16,289211;-48,937376;"SPRF-GO";"DEL02-GO";"UOP01-DEL02-GO"
117994;2018-03-13;"terça-feira";"13:10:00";"RN";304;38,5;"MOSSORO";"Desobediência às normas de trânsito pelo condutor";"Colisão transversal";"Com Vítimas Feridas";"Pleno dia";"Crescente";"Céu Claro";"Dupla";"Reta";"Sim";2;0;1;0;0;1;1;2;-5,18473281;-37,37117797;"SPRF-RN";"DEL04-RN";"UOP02-DEL04-RN"
117995;2018-03-13;"terça-feira";"13:00:00";"SC";101;359,7;"SANGAO";"Desobediência às normas de trânsito pelo condutor";"Queda de ocupante de veículo";"Com Vítimas Fatais";"Pleno dia";"Crescente";"Céu Claro";"Simples";"Reta";"Sim";2;1;1;0;0;0;1;1;-28,6532;-49,1067;"SPRF-SC";"DEL02-SC";"UOP01-DEL02-SC"
117997;2018-03-13;"terça-feira";"09:40:00";"RJ";495;28,2;"PETROPOLIS";"Falta de Atenção à Condução";"Colisão lateral";"Com Vítimas Feridas";"Pleno dia";"Decrescente";"Nublado";"Simples";"Reta";"Não";2;0;1;0;1;0;1;2;-22,39960192;-43,12133789;"SPRF-RJ";"DEL06-RJ";"UOP02-DEL05-RJ"
117999;2018-03-13;"terça-feira";"13:30:00";"BA";242;773,2;"BARREIRAS";"Pista Escorregadia";"Saída de leito carroçável";"Sem Vítimas";"Pleno dia";"Crescente";"Garoa/Chuvisco";"Simples";"Reta";"Não";2;0;0;0;2;0;0;1;-12,161967;-44,851632;"SPRF-BA";"DEL10-BA";"UOP01-DEL10-BA"
118000;2018-02-08;"quinta-feira";"05:00:00";"MT";364;553;"ROSARIO OESTE";"Falta de Atenção do Pedestre";"Atropelamento de Pedestre";"Com Vítimas Fatais";"Amanhecer";"Crescente";"Nublado";"Dupla";"Reta";"Não";3;1;2;0;0;0;2;2;-14,826149;-56,431152;"SPRF-MT";"DEL01-MT";"UOP01-DEL01-MT"
118001;2018-03-13;"terça-feira";"13:30:00";"PR";369;185;"ARAPONGAS";"Falta de Atenção à Condução";"Colisão transversal";"Com Vítimas Feridas";"Pleno dia";"Decrescente";"Chuva";"Simples";"Interseção de Vias";"Sim";7;0;2;0;4;1;2;4;-23,40943064;-51,42769304;"SPRF-PR";"DEL07-PR";"UOP03-DEL07-PR"
118002;2018-03-13;"terça-feira";"13:35:00";"PR";277;725;"FOZ DO IGUACU";"Desobediência às normas de trânsito pelo condutor";"Colisão transversal";"Sem Vítimas";"Pleno dia";"Decrescente";"Céu Claro";"Dupla";"Interseção de Vias";"Sim";2;0;0;0;2;0;0;2;-25,508245;-54,5462;"SPRF-PR";"DEL05-PR";"UOP03-DEL05-PR"
118003;2018-03-13;"terça-feira";"13:15:00";"MT";163;1035;"MATUPA";"Falta de Atenção à Condução";"Atropelamento de Pedestre";"Com Vítimas Feridas";"Pleno dia";"Decrescente";"Nublado";"Simples";"Reta";"Não";3;0;1;0;1;1;1;2;-10,20681307;-54,96185303;"SPRF-MT";"DEL06-MT";"UOP02-DEL06-MT"
118004;2018-03-13;"terça-feira";"13:50:00";"SC";282;485,2;"FAXINAL DOS GUEDES";"Ingestão de Álcool";"Colisão lateral";"Sem Vítimas";"Pleno dia";"Crescente";"Sol";"Simples";"Reta";"Não";2;0;0;0;1;1;0;2;-26,86167268;-52,23486185;"SPRF-SC";"DEL07-SC";"UOP01-DEL07-SC"
118005;2018-03-13;"terça-feira";"13:35:00";"MG";381;498;"BETIM";"Não guardar distância de segurança";"Colisão lateral";"Com Vítimas Feridas";"Pleno dia";"Crescente";"Sol";"Múltipla";"Reta";"Sim";2;0;1;0;1;0;1;2;-19,99297008;-44,20776665;"SPRF-MG";"DEL01-MG";"UOP03-DEL01-MG"
118007;2018-03-13;"terça-feira";"11:50:00";"SC";280;115,8;"SAO BENTO DO SUL";"Desobediência às normas de trânsito pelo condutor";"Colisão transversal";"Sem Vítimas";"Pleno dia";"Crescente";"Sol";"Simples";"Interseção de Vias;Reta";"Sim";2;0;0;0;2;0;0;2;-26,28234919;-49,41393173;"SPRF-SC";"DEL06-SC";"UOP03-DEL06-SC"
118008;2018-03-13;"terça-feira";"13:10:00";"GO";153;419;"ANAPOLIS";"Avarias e/ou desgaste excessivo no pneu";"Saída de leito carroçável";"Com Vítimas Feridas";"Pleno dia";"Decrescente";"Chuva";"Simples";"Declive;Curva";"Não";1;0;1;0;0;0;1;1;-16,177332;-49,043015;"SPRF-GO";"DEL02-GO";"UOP01-DEL02-GO"
118009;2018-03-13;"terça-feira";"14:30:00";"PI";343;3,1;"TERESINA";"Falta de Atenção à Condução";"Colisão com objeto estático";"Com Vítimas Feridas";"Pleno dia";"Crescente";"Céu Claro";"Múltipla";"Reta";"Sim";1;0;0;1;0;0;1;1;-5,089569;-42,802288;"SPRF-PI";"DEL01-PI";"UOP01-DEL01-PI"
118010;2018-03-13;"terça-feira";"14:40:00";"MG";40;749,6;"SANTOS DUMONT";"Velocidade Incompatível";"Saída de leito carroçável";"Sem Vítimas";"Pleno dia";"Crescente";"Chuva";"Simples";"Curva";"Não";2;0;0;0;1;1;0;2;-21,49217755;-43,53614977;"SPRF-MG";"DEL05-MG";"UOP01-DEL05-MG"
118012;2018-03-13;"terça-feira";"15:20:00";"MG";116;764,4;"DIVISA ALEGRE";"Defeito Mecânico no Veículo";"Capotamento";"Com Vítimas Feridas";"Pleno dia";"Decrescente";"Céu Claro";"Simples";"Curva";"Não";2;0;2;0;0;0;2;1;-15,761115;-41,332664;"SPRF-MG";"DEL07-MG";"UOP01-DEL07-MG"
118013;2018-03-13;"terça-feira";"15:10:00";"RN";101;109;"PARNAMIRIM";"Desobediência às normas de trânsito pelo condutor";"Colisão transversal";"Com Vítimas Feridas";"Pleno dia";"Decrescente";"Céu Claro";"Dupla";"Reta";"Sim";2;0;1;0;1;0;1;2;-5,937378;-35,264832;"SPRF-RN";"DEL01-RN";"UOP01-DEL01-RN"
118014;2018-03-13;"terça-feira";"13:10:00";"RS";153;49,9;"ERECHIM";"Falta de Atenção à Condução";"Colisão lateral";"Com Vítimas Feridas";"Pleno dia";"Decrescente";"Céu Claro";"Simples";"Interseção de Vias";"Sim";2;0;0;1;1;0;1;2;-27,655142;-52,265831;"SPRF-RS";"DEL08-RS";"UOP04-DEL08-RS"
118016;2018-02-13;"terça-feira";"23:20:00";"PB";230;138,2;"CAMPINA GRANDE";"Ingestão de Álcool";"Saída de leito carroçável";"Sem Vítimas";"Plena Noite";"Crescente";"Chuva";"Dupla";"Reta";"Não";3;0;0;0;0;3;0;1;-7,27431982;-35,7844602;"SPRF-PB";"DEL02-PB";"UOP01-DEL02-PB"
118019;2018-03-13;"terça-feira";"15:30:00";"PR";163;271;"TOLEDO";"Desobediência às normas de trânsito pelo condutor";"Colisão transversal";"Com Vítimas Feridas";"Pleno dia";"Crescente";"Céu Claro";"Simples";"Declive";"Não";3;0;0;2;1;0;2;2;-24,619302;-53,926742;"SPRF-PR";"DEL06-PR";"UOP02-DEL06-PR"
118020;2018-03-13;"terça-feira";"15:22:00";"SP";116;179,1;"GUARAREMA";"Falta de Atenção à Condução";"Colisão traseira";"Sem Vítimas";"Pleno dia";"Decrescente";"Céu Claro";"Dupla";"Interseção de Vias";"Sim";2;0;0;0;2;0;0;2;-23,34209822;-46,15631104;"SPRF-SP";"DEL02-SP";"UOP01-DEL02-SP"
118023;2018-03-13;"terça-feira";"13:20:00";"GO";153;419,5;"ANAPOLIS";"Avarias e/ou desgaste excessivo no pneu";"Saída de leito carroçável";"Sem Vítimas";"Pleno dia";"Decrescente";"Chuva";"Simples";"Reta";"Não";5;0;0;0;5;0;0;1;-16,1736303;-49,04300882;"SPRF-GO";"DEL02-GO";"UOP01-DEL02-GO"
118024;2018-03-13;"terça-feira";"15:45:00";"PB";230;26,1;"JOAO PESSOA";"Não guardar distância de segurança";"Colisão traseira";"Sem Vítimas";"Pleno dia";"Decrescente";"Céu Claro";"Múltipla";"Reta";"Sim";3;0;0;0;2;1;0;3;-7,169246;-34,879638;"SPRF-PB";"DEL01-PB";"UOP01-DEL01-PB"
118026;2018-02-18;"domingo";"06:18:00";"MG";459;107,4;"POUSO ALEGRE";"Pista Escorregadia";"Queda de ocupante de veículo";"Com Vítimas Feridas";"Pleno dia";"Crescente";"Chuva";"Simples";"Rotatória";"Sim";1;0;1;0;0;0;1;1;-22,23825993;-45,86654663;"SPRF-MG";"DEL16-MG";"UOP01-DEL16-MG"
118028;2018-03-13;"terça-feira";"18:45:00";"BA";324;615;"SALVADOR";"Não guardar distância de segurança";"Engavetamento";"Sem Vítimas";"Anoitecer";"Crescente";"Nublado";"Dupla";"Reta";"Sim";4;0;0;0;4;0;0;4;-12,87071487;-38,42330933;"SPRF-BA";"DEL01-BA";"UOP01-DEL01-BA"
118029;2018-03-13;"terça-feira";"18:40:00";"RJ";116;256;"VOLTA REDONDA";"Defeito Mecânico no Veículo";"Colisão com objeto estático";"Com Vítimas Feridas";"Pleno dia";"Decrescente";"Céu Claro";"Dupla";"Declive";"Não";3;0;1;0;2;0;1;2;-22,58358254;-44,04144287;"SPRF-RJ";"DEL07-RJ";"UOP02-DEL07-RJ"
118030;2018-03-13;"terça-feira";"18:50:00";"SC";101;214;"PALHOCA";"Falta de Atenção à Condução";"Colisão traseira";"Com Vítimas Feridas";"Plena Noite";"Decrescente";"Nublado";"Dupla";"Reta";"Sim";2;0;1;0;1;0;1;2;-27,652;-48,676;"SPRF-SC";"DEL01-SC";"UOP02-DEL01-SC"
118031;2018-03-13;"terça-feira";"18:25:00";"SC";101;332,8;"TUBARAO";"Falta de Atenção à Condução";"Colisão transversal";"Com Vítimas Feridas";"Anoitecer";"Decrescente";"Céu Claro";"Simples";"Interseção de Vias";"Sim";2;0;0;1;1;0;1;2;-28,4669;-48,9973;"SPRF-SC";"DEL02-SC";"UOP01-DEL02-SC"
118033;2018-03-13;"terça-feira";"18:20:00";"PR";369;235;"JANDAIA DO SUL";"Defeito na Via";"Saída de leito carroçável";"Com Vítimas Feridas";"Plena Noite";"Crescente";"Garoa/Chuvisco";"Simples";"Curva";"Não";4;0;3;0;1;0;3;1;-23,65960465;-51,69020084;"SPRF-PR";"DEL07-PR";"UOP03-DEL07-PR"
118036;2018-03-13;"terça-feira";"17:04:00";"MS";163;262;"DOURADOS";"Defeito na Via";"Queda de ocupante de veículo";"Com Vítimas Feridas";"Anoitecer";"Decrescente";"Nublado";"Dupla";"Reta";"Sim";1;0;1;0;0;0;1;1;-22,22681918;-54,73388672;"SPRF-MS";"DEL04-MS";"UOP01-DEL04-MS"
118037;2018-03-13;"terça-feira";"18:30:00";"PI";343;8,4;"PARNAIBA";"Desobediência às normas de trânsito pelo condutor";"Tombamento";"Com Vítimas Feridas";"Plena Noite";"Decrescente";"Nublado";"Simples";"Reta";"Sim";2;0;1;0;1;0;1;1;-2,8998974;-41,72694862;"SPRF-PI";"DEL05-PI";"UOP01-DEL05-PI"
118039;2018-03-13;"terça-feira";"18:40:00";"CE";116;325,2;"JAGUARIBE";"Falta de Atenção à Condução";"Saída de leito carroçável";"Com Vítimas Feridas";"Plena Noite";"Decrescente";"Céu Claro";"Simples";"Curva";"Não";7;0;1;0;6;0;1;1;-5,990852;-38,628197;"SPRF-CE";"DEL05-CE";"UOP02-DEL05-CE"
118042;2018-03-13;"terça-feira";"18:30:00";"RJ";356;156;"CAMPOS DOS GOYTACAZES";"Animais na Pista";"Atropelamento de Animal";"Com Vítimas Feridas";"Anoitecer";"Crescente";"Chuva";"Simples";"Reta";"Não";2;0;2;0;0;0;2;1;-21,777777;-41,306713;"SPRF-RJ";"DEL08-RJ";"UOP02-DEL08-RJ"
118043;2018-03-13;"terça-feira";"16:20:00";"MG";116;84;"MEDINA";"Falta de Atenção à Condução";"Saída de leito carroçável";"Sem Vítimas";"Pleno dia";"Crescente";"Chuva";"Simples";"Curva";"Não";1;0;0;0;1;0;0;1;-16,14621578;-41,42234087;"SPRF-MG";"DEL11-MG";"UOP02-DEL11-MG"
118044;2018-03-13;"terça-feira";"18:52:00";"SP";116;85;"PINDAMONHANGABA";"Desobediência às normas de trânsito pelo condutor";"Colisão frontal";"Com Vítimas Feridas";"Plena Noite";"Decrescente";"Céu Claro";"Simples";"Curva";"Não";2;0;1;0;1;0;1;2;-22,922148;-45,344574;"SPRF-SP";"DEL06-SP";"UOP01-DEL06-SP"
118045;2018-03-13;"terça-feira";"17:30:00";"MG";40;751,8;"SANTOS DUMONT";"Desobediência às normas de trânsito pelo condutor";"Saída de leito carroçável";"Sem Vítimas";"Anoitecer";"Decrescente";"Garoa/Chuvisco";"Simples";"Curva";"Não";1;0;0;0;1;0;0;1;-21,4989;-43,5357;"SPRF-MG";"DEL05-MG";"UOP01-DEL05-MG"
118047;2018-03-13;"terça-feira";"10:15:00";"CE";222;106,5;"UMIRIM";"Pista Escorregadia";"Saída de leito carroçável";"Com Vítimas Feridas";"Pleno dia";"Decrescente";"Chuva";"Simples";"Curva";"Não";1;0;1;0;0;0;1;1;-3,75687;-39,463551;"SPRF-CE";"DEL04-CE";"UOP03-DEL04-CE"
118048;2018-03-13;"terça-feira";"19:40:00";"PR";277;544,4;"CATANDUVAS";"Ultrapassagem Indevida";"Colisão frontal";"Com Vítimas Feridas";"Plena Noite";"Decrescente";"Céu Claro";"Simples";"Reta";"Não";2;0;1;0;1;0;1;2;-25,10182009;-53,08545738;"SPRF-PR";"DEL04-PR";"UOP04-DEL04-PR"
118049;2018-03-13;"terça-feira";"18:50:00";"RS";470;218;"BENTO GONCALVES";"Não guardar distância de segurança";"Colisão traseira";"Sem Vítimas";"Anoitecer";"Decrescente";"Nublado";"Simples";"Interseção de Vias;Aclive";"Sim";3;0;0;0;2;1;0;3;-29,18239319;-51,52015775;"SPRF-RS";"DEL06-RS";"UOP01-DEL06-RS"
118051;2018-03-13;"terça-feira";"19:30:00";"GO";60;31;"ALEXANIA";"Falta de Atenção à Condução";"Atropelamento de Pedestre";"Com Vítimas Feridas";"Plena Noite";"Decrescente";"Céu Claro";"Dupla";"Reta";"Sim";2;0;0;1;0;1;1;2;-16,0963;-48,5202;"SPRF-DF";"DEL01-DF";"UOP01-DEL03-DF"
118052;2018-03-13;"terça-feira";"19:20:00";"MG";40;3;"PARACATU";"Velocidade Incompatível";"Saída de leito carroçável";"Com Vítimas Feridas";"Plena Noite";"Decrescente";"Nublado";"Simples";"Curva";"Não";1;0;1;0;0;0;1;1;-17,048716;-47,13475;"SPRF-MG";"DEL14-MG";"UOP01-DEL14-MG"
118056;2018-03-13;"terça-feira";"17:50:00";"SC";282;5;"SAO JOSE";"Restrição de Visibilidade";"Colisão traseira";"Com Vítimas Feridas";"Pleno dia";"Decrescente";"Céu Claro";"Dupla";"Declive";"Sim";2;0;1;0;1;0;1;2;-27,588425;-48,612919;"SPRF-SC";"DEL01-SC";"UOP01-DEL01-SC"
118059;2018-03-13;"terça-feira";"11:40:00";"MT";364;21,4;"ALTO ARAGUAIA";"Ultrapassagem Indevida";"Saída de leito carroçável";"Sem Vítimas";"Pleno dia";"Decrescente";"Sol";"Simples";"Curva";"Não";1;0;0;0;1;0;0;1;-17,209864;-53,356396;"SPRF-MT";"DEL02-MT";"UOP02-DEL02-MT"
118061;2018-03-13;"terça-feira";"17:20:00";"MG";381;905,3;"CAMBUI";"Velocidade Incompatível";"Colisão com objeto estático";"Sem Vítimas";"Pleno dia";"Crescente";"Chuva";"Dupla";"Curva;Aclive";"Não";1;0;0;0;1;0;0;1;-22,6662;-46,093;"SPRF-MG";"DEL16-MG";"UOP03-DEL16-MG"
118062;2018-03-13;"terça-feira";"20:00:00";"SP";116;301,8;"SAO LOURENCO DA SERRA";"Falta de Atenção à Condução";"Capotamento";"Com Vítimas Feridas";"Plena Noite";"Crescente";"Céu Claro";"Dupla";"Curva";"Sim";1;0;1;0;0;0;1;1;-23,80417352;-46,92159086;"SPRF-SP";"DEL04-SP";"UOP01-DEL04-SP"
118065;2018-03-13;"terça-feira";"20:00:00";"AL";101;46,3;"FLEXEIRAS";"Ingestão de Álcool";"Colisão traseira";"Com Vítimas Feridas";"Plena Noite";"Crescente";"Céu Claro";"Dupla";"Reta";"Não";5;0;3;0;1;1;3;3;-9,21025322;-35,7800355;"SPRF-AL";"DEL01-AL";"UOP01-DEL01-AL"
118066;2018-03-13;"terça-feira";"20:00:00";"DF";60;9,5;"BRASILIA";"Defeito Mecânico no Veículo";"Queda de ocupante de veículo";"Com Vítimas Feridas";"Plena Noite";"Crescente";"Chuva";"Dupla";"Viaduto";"Sim";2;0;2;0;0;0;2;1;-15,90777566;-48,14465404;"SPRF-DF";"DEL01-DF";"UOP01-DEL03-DF"
118069;2018-03-13;"terça-feira";"19:50:00";"PI";343;347;"TERESINA";"Falta de Atenção à Condução";"Colisão traseira";"Com Vítimas Feridas";"Plena Noite";"Crescente";"Céu Claro";"Simples";"Ponte";"Sim";2;0;1;0;0;1;1;2;-5,114822;-42,778355;"SPRF-PI";"DEL01-PI";"UOP01-DEL01-PI"
118070;2018-03-13;"terça-feira";"20:20:00";"SC";282;212,2;"LAGES";"Falta de Atenção à Condução";"Colisão transversal";"Sem Vítimas";"Plena Noite";"Decrescente";"Nublado";"Simples";"Interseção de Vias";"Não";2;0;0;0;2;0;0;2;-27,78287889;-50,25313854;"SPRF-SC";"DEL05-SC";"UOP01-DEL05-SC"
118071;2018-03-13;"terça-feira";"20:30:00";"MG";40;528;"BELO HORIZONTE";"Objeto estático sobre o leito carroçável";"Colisão com objeto estático";"Com Vítimas Feridas";"Plena Noite";"Decrescente";"Nublado";"Dupla";"Reta;Declive";"Sim";1;0;1;0;0;0;1;1;-19,90858926;-44,0445435;"SPRF-MG";"DEL01-MG";"UOP03-DEL01-MG"
118074;2018-03-13;"terça-feira";"17:00:00";"SC";116;48,3;"PAPANDUVA";"Velocidade Incompatível";"Colisão traseira";"Com Vítimas Feridas";"Pleno dia";"Crescente";"Sol";"Simples";"Reta";"Não";3;0;1;1;1;0;2;2;-26,39325;-50,155151;"SPRF-SC";"DEL06-SC";"UOP01-DEL06-SC"
118076;2018-03-13;"terça-feira";"19:25:00";"MT";364;347;"SANTO ANTONIO DO LEVERGER";"Falta de Atenção à Condução";"Colisão com objeto estático";"Sem Vítimas";"Plena Noite";"Decrescente";"Nublado";"Simples";"Reta";"Não";1;0;0;0;1;0;0;1;-15,81051084;-55,62583923;"SPRF-MT";"DEL02-MT";"UOP02-DEL01-MT"
118077;2018-03-13;"terça-feira";"12:45:00";"MA";316;329,7;"BACABAL";"Pista Escorregadia";"Tombamento";"Com Vítimas Feridas";"Pleno dia";"Crescente";"Céu Claro";"Simples";"Reta;Em Obras";"Não";2;0;1;0;1;0;1;1;-4,113497;-45,014;"SPRF-MA";"DEL02-MA";"DEL18/2-UOP03/MA"
118080;2018-03-13;"terça-feira";"19:45:00";"MG";146;543,9;"MUZAMBINHO";"Falta de Atenção à Condução";"Saída de leito carroçável";"Com Vítimas Feridas";"Plena Noite";"Decrescente";"Céu Claro";"Simples";"Interseção de Vias";"Não";4;0;3;1;0;0;4;1;-21,358342;-46,473407;"SPRF-MG";"DEL09-MG";"UOP01-DEL09-MG"
118081;2018-03-13;"terça-feira";"20:30:00";"PE";101;144;"RIBEIRAO";"Falta de Atenção do Pedestre";"Atropelamento de Pedestre";"Com Vítimas Fatais";"Plena Noite";"Crescente";"Ignorado";"Dupla";"Reta";"Não";2;1;0;0;0;1;0;2;-8,45936;-35,36445;"SPRF-PE";"DEL01-PE";"UOP03-DEL01-PE"
118082;2018-03-13;"terça-feira";"21:50:00";"RS";116;237;"NOVO HAMBURGO";"Não guardar distância de segurança";"Tombamento";"Com Vítimas Feridas";"Plena Noite";"Decrescente";"Céu Claro";"Dupla";"Reta";"Sim";2;0;2;0;0;0;2;1;-29,67841;-51,142227;"SPRF-RS";"DEL01-RS";"UOP02-DEL01-RS"