"id";"data_inversa";"dia_semana";"horario";"uf";"br";"km";"municipio";"causa_acidente";"tipo_acidente";"classificacao_acidente";"fase_dia";"sentido_via";"condicao_metereologica";"tipo_pista";"tracado_via";"uso_solo";"pessoas";"mortos";"feridos_leves";"feridos_graves";"ilesos";"ignorados";"feridos";"veiculos";"latitude";"longitude";"regional";"delegacia";"uop"
118084;2018-03-13;"terça-feira";"22:40:00";"SP";116;285,2;"ITAPECERICA DA SERRA";"Desobediência às normas de trânsito pelo condutor";"Colisão com objeto estático";"Com Vítimas Feridas";"Plena Noite";"Decrescente";"Céu Claro";"Dupla";"Reta";"Sim";1;0;1;0;0;0;1;1;-23,687142;-46,86055804;"SPRF-SP";"DEL04-SP";"UOP01-DEL04-SP"
118085;2018-03-13;"terça-feira";"21:30:00";"MS";163;239,7;"DOURADOS";"Objeto estático sobre o leito carroçável";"Colisão com objeto estático";"Sem Vítimas";"Plena Noite";"Decrescente";"Céu Claro";"Simples";"Reta";"Não";2;0;0;0;2;0;0;1;-22,36484024;-54,79953647;"SPRF-MS";"DEL04-MS";"UOP01-DEL04-MS"
118087;2018-03-13;"terça-feira";"22:30:00";"MG";40;510;"RIBEIRAO DAS NEVES";"Defeito Mecânico no Veículo";"Queda de ocupante de veículo";"Com Vítimas Feridas";"Plena Noite";"Decrescente";"Nublado";"Dupla";"Reta";"Não";2;0;2;0;0;0;2;1;-19,777778;-44,121252;"SPRF-MG";"DEL01-MG";"UOP03-DEL01-MG"
118088;2018-03-13;"terça-feira";"23:50:00";"SC";101;130,3;"BALNEARIO CAMBORIU";"Velocidade Incompatível";"Colisão lateral";"Com Vítimas Feridas";"Plena Noite";"Crescente";"Céu Claro";"Simples";"Reta";"Não";3;0;1;0;2;0;1;2;-26,9907;-48,6629;"SPRF-SC";"DEL04-SC";"UOP03-DEL04-SC"
118089;2018-03-13;"terça-feira";"23:40:00";"SC";282;250;"SAO JOSE DO CERRITO";"Falta de Atenção à Condução";"Colisão com objeto estático";"Sem Vítimas";"Plena Noite";"Crescente";"Céu Claro";"Simples";"Reta";"Não";2;0;0;0;2;0;0;2;-27,69451981;-50,54659182;"SPRF-SC";"DEL05-SC";"UOP02-DEL05-SC"
118093;2018-03-13;"terça-feira";"23:30:00";"PE";232;93;"SAIRE";"Velocidade Incompatível";"Capotamento";"Com Vítimas Feridas";"Plena Noite";"Crescente";"Ignorado";"Dupla";"Curva";"Não";1;0;1;0;0;0;1;1;-8,216229;-35,646755;"SPRF-PE";"DEL01-PE";"UOP02-DEL02PE"
118094;2018-03-14;"quarta-feira";"01:00:00";"SC";101;204,9;"SAO JOSE";"Desobediência às normas de trânsito pelo condutor";"Colisão transversal";"Sem Vítimas";"Plena Noite";"Decrescente";"Nublado";"Múltipla";"Reta;Interseção de Vias";"Sim";2;0;0;0;2;0;0;2;-27,592;-48,6181;"SPRF-SC";"DEL01-SC";"UOP01-DEL01-SC"
118097;2018-03-14;"quarta-feira";"00:50:00";"MT";163;91;"RONDONOPOLIS";"Condutor Dormindo";"Saída de leito carroçável";"Sem Vítimas";"Plena Noite";"Crescente";"Céu Claro";"Dupla";"Declive";"Não";3;0;0;0;3;0;0;1;-16,732157;-54,643509;"SPRF-MT";"DEL02-MT";"DEL2/2-UOP02/MT"
118098;2018-03-13;"terça-feira";"20:00:00";"MT";163;806;"SINOP";"Falta de Atenção à Condução";"Colisão traseira";"Com Vítimas Feridas";"Plena Noite";"Crescente";"Nublado";"Simples";"Reta";"Não";3;0;0;2;1;0;2;2;-11,92379049;-55,51391602;"SPRF-MT";"DEL06-MT";"UOP01-DEL06-MT"
118100;2018-03-13;"terça-feira";"23:15:00";"PE";232;207,1;"PESQUEIRA";"Desobediência às normas de trânsito pelo condutor";"Colisão frontal";"Com Vítimas Feridas";"Plena Noite";"Crescente";"Céu Claro";"Simples";"Declive";"Não";5;0;2;2;1;0;4;2;-8,36953602;-36,668863;"SPRF-PE";"DEL02-PE";"UOP03-DEL02-PE"
118102;2018-03-14;"quarta-feira";"01:00:00";"PR";376;499,9;"PONTA GROSSA";"Falta de Atenção à Condução";"Saída de leito carroçável";"Sem Vítimas";"Plena Noite";"Crescente";"Nublado";"Dupla";"Declive;Reta";"Não";1;0;0;0;0;1;0;1;-25,15769604;-50,12881547;"SPRF-PR";"DEL03-PR";"UOP04-DEL03-PR"
118104;2018-03-14;"quarta-feira";"05:53:00";"SE";235;5;"NOSSA SENHORA DO SOCORRO";"Não guardar distância de segurança";"Colisão traseira";"Com Vítimas Feridas";"Pleno dia";"Decrescente";"Céu Claro";"Dupla";"Reta";"Sim";3;0;1;1;0;1;2;2;-10,9041;-37,1278;"SPRF-SE";"DEL01-SE";"UOP01-DEL01-SE"
118107;2018-03-13;"terça-feira";"23:10:00";"MG";50;9,3;"ARAGUARI";"Condutor Dormindo";"Saída de leito carroçável";"Com Vítimas Feridas";"Plena Noite";"Crescente";"Céu Claro";"Dupla";"Reta";"Não";3;0;2;0;1;0;2;1;-18,5076;-48,0397;"SPRF-MG";"DEL15-MG";"UOP02-DEL15-MG"
118108;2018-02-20;"terça-feira";"13:00:00";"PB";230;250,6;"JUAZEIRINHO";"Falta de Atenção à Condução";"Colisão transversal";"Sem Vítimas";"Pleno dia";"Decrescente";"Garoa/Chuvisco";"Simples";"Reta";"Sim";2;0;0;0;2;0;0;2;-7,05672002;-36,65325999;"SPRF-PB";"DEL03-PB";"UOP01-DEL03-PB"
118114;2018-03-14;"quarta-feira";"10:30:00";"PE";423;86,3;"SAO JOAO";"Falta de Atenção à Condução";"Colisão traseira";"Com Vítimas Feridas";"Pleno dia";"Crescente";"Céu Claro";"Simples";"Reta";"Não";3;0;2;0;1;0;2;2;-8,81765;-36,44701;"SPRF-PE";"DEL03-PE";"UOP01-DEL03-PE"
118117;2018-03-14;"quarta-feira";"10:20:00";"SC";282;3;"FLORIANOPOLIS";"Não guardar distância de segurança";"Queda de ocupante de veículo";"Com Vítimas Feridas";"Pleno dia";"Decrescente";"Céu Claro";"Dupla";"Curva";"Sim";1;0;1;0;0;0;1;1;-27,600384;-48,599705;"SPRF-SC";"DEL01-SC";"UOP01-DEL01-SC"
118118;2018-03-14;"quarta-feira";"09:25:00";"SC";101;117,8;"ITAJAI";"Velocidade Incompatível";"Engavetamento";"Com Vítimas Feridas";"Pleno dia";"Crescente";"Nublado";"Múltipla";"Reta";"Sim";7;0;3;0;4;0;3;4;-26,89462628;-48,71957213;"SPRF-SC";"DEL04-SC";"UOP04-DEL04-SC"
118121;2018-03-14;"quarta-feira";"08:05:00";"SC";101;121,2;"ITAJAI";"Não guardar distância de segurança";"Colisão traseira";"Com Vítimas Feridas";"Pleno dia";"Crescente";"Céu Claro";"Dupla";"Reta";"Não";3;0;2;0;1;0;2;2;-26,92300261;-48,70772297;"SPRF-SC";"DEL04-SC";"UOP04-DEL04-SC"
118122;2018-03-14;"quarta-feira";"07:55:00";"SC";101;212,9;"PALHOCA";"Não guardar distância de segurança";"Colisão lateral";"Com Vítimas Feridas";"Pleno dia";"Decrescente";"Nublado";"Dupla";"Reta";"Sim";3;0;1;0;2;0;1;2;-27,64703939;-48,66645098;"SPRF-SC";"DEL01-SC";"UOP02-DEL01-SC"
118123;2018-03-14;"quarta-feira";"10:50:00";"ES";101;146;"LINHARES";"Defeito na Via";"Colisão transversal";"Com Vítimas Feridas";"Pleno dia";"Decrescente";"Céu Claro";"Dupla";"Reta";"Sim";2;0;1;0;1;0;1;2;-19,3754763;-40,06613553;"SPRF-ES";"DEL04-ES";"UOP01-DEL04-ES"
118125;2018-03-14;"quarta-feira";"09:40:00";"RJ";493;23;"MAGE";"Falta de Atenção à Condução";"Colisão traseira";"Com Vítimas Feridas";"Pleno dia";"Crescente";"Céu Claro";"Simples";"Reta";"Não";2;0;1;0;0;1;1;2;-22,657053;-43,061737;"SPRF-RJ";"DEL04-RJ";"UOP02-DEL04-RJ"
118126;2018-03-14;"quarta-feira";"06:45:00";"MG";381;893,7;"CAMBUI";"Falta de Atenção à Condução";"Colisão com objeto estático";"Com Vítimas Feridas";"Pleno dia";"Crescente";"Céu Claro";"Dupla";"Curva";"Não";1;0;1;0;0;0;1;1;-22,57292311;-46,04236987;"SPRF-MG";"DEL16-MG";"UOP03-DEL16-MG"
118127;2018-03-14;"quarta-feira";"08:10:00";"RO";364;16;"VILHENA";"Desobediência às normas de trânsito pelo condutor";"Colisão lateral";"Com Vítimas Feridas";"Pleno dia";"Decrescente";"Nublado";"Dupla";"Reta";"Sim";2;0;1;0;1;0;1;2;-12,734379;-60,156971;"SPRF-RO";"DEL04-RO";"UOP01-DEL04-RO"
118128;2018-03-14;"quarta-feira";"10:50:00";"PR";476;142;"CURITIBA";"Velocidade Incompatível";"Saída de leito carroçável";"Com Vítimas Feridas";"Pleno dia";"Decrescente";"Céu Claro";"Dupla";"Curva";"Sim";1;0;1;0;0;0;1;1;-25,537161;-49,301632;"SPRF-PR";"DEL01-PR";"UOP01-DEL01-PR"
118129;2018-03-14;"quarta-feira";"07:30:00";"MG";381;850,2;"POUSO ALEGRE";"Falta de Atenção do Pedestre";"Atropelamento de Pedestre";"Com Vítimas Feridas";"Pleno dia";"Decrescente";"Sol";"Dupla";"Viaduto";"Sim";6;0;0;1;1;4;1;2;-22,2466;-45,8848;"SPRF-MG";"DEL16-MG";"UOP01-DEL16-MG"
118130;2018-03-14;"quarta-feira";"08:20:00";"MG";40;742,9;"SANTOS DUMONT";"Falta de Atenção à Condução";"Colisão com objeto estático";"Sem Vítimas";"Pleno dia";"Crescente";"Céu Claro";"Simples";"Ponte";"Sim";1;0;0;0;1;0;0;1;-21,45035255;-43,5576582;"SPRF-MG";"DEL05-MG";"UOP01-DEL05-MG"
118133;2018-03-14;"quarta-feira";"08:50:00";"MG";381;836,5;"SAO SEBASTIAO DA BELA VISTA";"Defeito Mecânico no Veículo";"Saída de leito carroçável";"Com Vítimas Feridas";"Pleno dia";"Decrescente";"Céu Claro";"Dupla";"Curva";"Não";1;0;0;1;0;0;1;1;-22,14092913;-45,81524938;"SPRF-MG";"DEL16-MG";"UOP01-DEL16-MG"
118135;2018-03-14;"quarta-feira";"09:40:00";"SC";101;265;"PAULO LOPES";"Velocidade Incompatível";"Colisão traseira";"Com Vítimas Feridas";"Pleno dia";"Crescente";"Garoa/Chuvisco";"Dupla";"Reta";"Não";4;0;0;2;2;0;2;3;-28,0774;-48,7121;"SPRF-SC";"DEL02-SC";"UOP03-DEL02-SC"
118137;2018-03-14;"quarta-feira";"08:45:00";"SC";470;48;"BLUMENAU";"Defeito Mecânico no Veículo";"Colisão frontal";"Sem Vítimas";"Pleno dia";"Decrescente";"Nublado";"Simples";"Reta";"Sim";2;0;0;0;2;0;0;2;-26,86376875;-49,04497504;"SPRF-SC";"DEL04-SC";"UOP01-DEL04-SC"
118138;2018-03-14;"quarta-feira";"07:35:00";"CE";20;429,5;"FORTALEZA";"Desobediência às normas de trânsito pelo condutor";"Colisão frontal";"Com Vítimas Feridas";"Pleno dia";"Crescente";"Céu Claro";"Dupla";"Reta";"Sim";2;0;0;1;1;0;1;2;-3,86973527;-38,50708008;"SPRF-CE";"DEL01-CE";"UOP02-DEL01-CE"
118140;2018-03-14;"quarta-feira";"08:54:00";"RJ";101;333;"RIO DE JANEIRO";"Falta de Atenção à Condução";"Colisão lateral";"Com Vítimas Feridas";"Pleno dia";"Crescente";"Céu Claro";"Dupla";"Reta";"Sim";2;0;1;0;1;0;1;2;-22,878471;-43,21072;"SPRF-RJ";"DEL02-RJ";"UOP02-DEL02-RJ"
118141;2018-03-14;"quarta-feira";"07:45:00";"CE";222;5;"CAUCAIA";"Deficiência ou não Acionamento do Sistema de Iluminação/Sinalização do Veículo";"Colisão transversal";"Sem Vítimas";"Pleno dia";"Crescente";"Céu Claro";"Dupla";"Reta";"Sim";2;0;0;0;2;0;0;2;-3,74262209;-38,61196686;"SPRF-CE";"DEL01-CE";"UOP01-DEL01-CE"
118142;2018-03-14;"quarta-feira";"09:23:00";"RJ";101;417,4;"MANGARATIBA";"Desobediência às normas de trânsito pelo condutor";"Colisão transversal";"Com Vítimas Feridas";"Pleno dia";"Crescente";"Céu Claro";"Dupla";"Aclive";"Sim";4;0;2;0;2;0;2;2;-22,91373948;-43,90095158;"SPRF-RJ";"DEL03-RJ";"UOP01-DEL03-RJ"
118143;2018-03-14;"quarta-feira";"11:30:00";"SC";282;5;"SAO JOSE";"Falta de Atenção à Condução";"Colisão traseira";"Com Vítimas Feridas";"Pleno dia";"Decrescente";"Céu Claro";"Dupla";"Reta";"Não";2;0;1;0;1;0;1;2;-27,59309069;-48,59729294;"SPRF-SC";"DEL01-SC";"UOP01-DEL01-SC"
118145;2018-03-14;"quarta-feira";"09:15:00";"RJ";116;270;"BARRA MANSA";"Desobediência às normas de trânsito pelo condutor";"Colisão transversal";"Com Vítimas Feridas";"Pleno dia";"Crescente";"Céu Claro";"Dupla";"Interseção de Vias";"Sim";2;0;1;0;1;0;1;2;-22,56143556;-44,16515172;"SPRF-RJ";"DEL07-RJ";"UOP02-DEL07-RJ"
118148;2018-03-14;"quarta-feira";"07:50:00";"SC";282;334,3;"CAMPOS NOVOS";"Velocidade Incompatível";"Saída de leito carroçável";"Sem Vítimas";"Pleno dia";"Decrescente";"Chuva";"Simples";"Curva;Aclive";"Não";1;0;0;0;1;0;0;1;-27,39266901;-51,17858648;"SPRF-SC";"DEL07-SC";"UOP06-DEL07-SC"
118150;2018-03-14;"quarta-feira";"11:55:00";"ES";101;146;"LINHARES";"Falta de Atenção à Condução";"Colisão traseira";"Com Vítimas Feridas";"Pleno dia";"Crescente";"Céu Claro";"Múltipla";"Reta";"Sim";3;0;1;0;2;0;1;2;-19,3756686;-40,06637692;"SPRF-ES";"DEL04-ES";"UOP01-DEL04-ES"
118151;2018-03-14;"quarta-feira";"10:30:00";"MT";70;522;"VARZEA GRANDE";"Falta de Atenção à Condução";"Colisão transversal";"Com Vítimas Feridas";"Pleno dia";"Decrescente";"Céu Claro";"Simples";"Reta";"Sim";3;0;1;0;2;0;1;2;-15,66246718;-56,18888855;"SPRF-MT";"DEL01-MT";"DEL2/4-UOP02/MT"
118152;2018-03-14;"quarta-feira";"08:00:00";"RJ";356;149;"CAMPOS DOS GOYTACAZES";"Desobediência às normas de trânsito pelo condutor";"Queda de ocupante de veículo";"Com Vítimas Feridas";"Pleno dia";"Decrescente";"Céu Claro";"Simples";"Reta";"Sim";3;0;2;0;1;0;2;2;-21,777777;-41,306713;"SPRF-RJ";"DEL08-RJ";"UOP02-DEL08-RJ"
118155;2018-03-14;"quarta-feira";"08:13:00";"PR";376;2,9;"APUCARANA";"Não guardar distância de segurança";"Colisão lateral";"Com Vítimas Feridas";"Pleno dia";"Decrescente";"Céu Claro";"Simples";"Curva";"Sim";3;0;2;0;0;1;2;2;-23,5593453;-51,43657207;"SPRF-PR";"DEL07-PR";"UOP03-DEL07-PR"
118156;2018-03-14;"quarta-feira";"08:25:00";"SC";101;201;"SAO JOSE";"Não guardar distância de segurança";"Colisão traseira";"Com Vítimas Feridas";"Pleno dia";"Crescente";"Céu Claro";"Múltipla";"Reta";"Sim";2;0;1;0;1;0;1;2;-27,54126753;-48,62202102;"SPRF-SC";"DEL01-SC";"UOP01-DEL01-SC"
118159;2018-03-14;"quarta-feira";"11:58:00";"SP";116;213,8;"GUARULHOS";"Defeito Mecânico no Veículo";"Colisão com objeto estático";"Com Vítimas Feridas";"Pleno dia";"Decrescente";"Sol";"Múltipla";"Reta";"Sim";2;0;1;0;1;0;1;1;-23,47584314;-46,52297974;"SPRF-SP";"DEL01-SP";"UOP01-DEL01-SP"
118160;2018-03-14;"quarta-feira";"10:05:00";"SC";280;49;"GUARAMIRIM";"Falta de Atenção à Condução";"Colisão traseira";"Com Vítimas Feridas";"Pleno dia";"Decrescente";"Nublado";"Simples";"Reta";"Sim";2;0;1;0;1;0;1;2;-26,458549;-48,937061;"SPRF-SC";"DEL03-SC";"UOP03-DEL03-SC"
118161;2018-03-14;"quarta-feira";"11:50:00";"SP";153;65,2;"SAO JOSE DO RIO PRETO";"Falta de Atenção à Condução";"Colisão traseira";"Com Vítimas Feridas";"Pleno dia";"Crescente";"Céu Claro";"Simples";"Reta;Em Obras";"Sim";2;0;0;1;1;0;1;2;-20,83868891;-49,36815709;"SPRF-SP";"DEL09-SP";"UOP01-DEL09-SP"
118163;2018-03-14;"quarta-feira";"09:15:00";"SC";101;316,3;"PESCARIA BRAVA";"Velocidade Incompatível";"Colisão com objeto estático";"Com Vítimas Feridas";"Pleno dia";"Crescente";"Nublado";"Dupla";"Curva";"Sim";1;0;1;0;0;0;1;1;-28,42521266;-48,85450065;"SPRF-SC";"DEL02-SC";"UOP01-DEL02-SC"
118164;2018-03-14;"quarta-feira";"11:20:00";"MS";60;366,9;"CAMPO GRANDE";"Falta de Atenção à Condução";"Colisão traseira";"Com Vítimas Feridas";"Pleno dia";"Crescente";"Céu Claro";"Dupla";"Rotatória";"Sim";2;0;1;0;1;0;1;2;-20,477977;-54,750888;"SPRF-MS";"DEL01-MS";"UOP03-DEL01-MS"
118167;2018-03-14;"quarta-feira";"12:30:00";"SC";101;204;"SAO JOSE";"Mal Súbito";"Saída de leito carroçável";"Sem Vítimas";"Pleno dia";"Decrescente";"Céu Claro";"Múltipla";"Reta";"Sim";1;0;0;0;1;0;0;1;-27,5832;-48,6151;"SPRF-SC";"DEL01-SC";"UOP01-DEL01-SC"
118168;2018-01-14;"domingo";"23:30:00";"BA";415;32;"ITABUNA";"Defeito Mecânico no Veículo";"Queda de ocupante de veículo";"Com Vítimas Feridas";"Plena Noite";"Crescente";"Céu Claro";"Simples";"Reta";"Não";1;0;1;0;0;0;1;1;-14,8482;-39,281986;"SPRF-BA";"DEL05-BA";"UOP01-DEL05-BA"
118169;2018-03-14;"quarta-feira";"10:30:00";"MA";10;178;"CAMPESTRE DO MARANHAO";"Desobediência às normas de trânsito pelo condutor";"Colisão traseira";"Com Vítimas Feridas";"Pleno dia";"Decrescente";"Céu Claro";"Simples";"Reta";"Sim";3;0;1;0;2;0;1;2;-6,158751;-47,367653;"SPRF-MA";"DEL04-MA";"UOP01-DEL04-MA"
118173;2018-03-14;"quarta-feira";"09:30:00";"PE";101;75;"RECIFE";"Falta de Atenção à Condução";"Colisão com objeto estático";"Sem Vítimas";"Pleno dia";"Decrescente";"Céu Claro";"Dupla";"Reta";"Sim";1;0;0;0;1;0;0;1;-8,114717;-34,944612;"SPRF-PE";"DEL01-PE";"UOP01-DEL01-PE"
118176;2018-03-14;"quarta-feira";"13:00:00";"PR";277;488,5;"NOVA LARANJEIRAS";"Velocidade Incompatível";"Colisão com objeto estático";"Com Vítimas Feridas";"Pleno dia";"Crescente";"Nublado";"Simples";"Curva";"Não";3;0;2;1;0;0;3;1;-25,23103171;-52,64923096;"SPRF-PR";"DEL04-PR";"UOP02-DEL04-PR"
118179;2018-03-14;"quarta-feira";"13:05:00";"SC";101;71,8;"ARAQUARI";"Pista Escorregadia";"Saída de leito carroçável";"Sem Vítimas";"Pleno dia";"Decrescente";"Chuva";"Dupla";"Reta";"Não";2;0;0;0;2;0;0;1;-26,52682945;-48,71532527;"SPRF-SC";"DEL03-SC";"UOP02-DEL03-SC"
118180;2018-03-14;"quarta-feira";"13:14:00";"SC";470;67;"INDAIAL";"Velocidade Incompatível";"Colisão frontal";"Com Vítimas Fatais";"Pleno dia";"Decrescente";"Chuva";"Simples";"Reta";"Não";4;1;0;3;0;0;3;2;-26,86969784;-49,20332998;"SPRF-SC";"DEL04-SC";"UOP01-DEL04-SC"
118183;2018-03-14;"quarta-feira";"13:00:00";"RJ";40;113;"DUQUE DE CAXIAS";"Falta de Atenção à Condução";"Queda de ocupante de veículo";"Com Vítimas Feridas";"Pleno dia";"Crescente";"Céu Claro";"Simples";"Reta";"Não";1;0;1;0;0;0;1;1;-22,69638714;-43,2831502;"SPRF-RJ";"DEL01-RJ";"UOP01-DEL01-RJ"
118189;2018-03-14;"quarta-feira";"13:25:00";"PR";116;119;"CURITIBA";"Falta de Atenção à Condução";"Colisão traseira";"Com Vítimas Feridas";"Pleno dia";"Crescente";"Chuva";"Dupla";"Aclive";"Não";2;0;1;0;1;0;1;2;-25,57572155;-49,31228846;"SPRF-PR";"DEL01-PR";"UOP03-DEL01-PR"
118193;2018-03-14;"quarta-feira";"10:19:00";"GO";153;327,5;"RIANAPOLIS";"Falta de Atenção à Condução";"Tombamento";"Com Vítimas Feridas";"Pleno dia";"Decrescente";"Nublado";"Simples";"Reta";"Não";1;0;1;0;0;0;1;1;-15,50462;-49,478848;"SPRF-GO";"DEL02-GO";"UOP02-DEL02-GO"
118197;2018-03-14;"quarta-feira";"13:30:00";"PR";277;721,5;"FOZ DO IGUACU";"Desobediência às normas de trânsito pelo condutor";"Colisão lateral";"Com Vítimas Feridas";"Pleno dia";"Crescente";"Céu Claro";"Dupla";"Reta;Retorno Regulamentado";"Sim";2;0;1;0;1;0;1;2;-25,491169;-54,511887;"SPRF-PR";"DEL05-PR";"UOP01-DEL05-PR"
118201;2018-03-14;"quarta-feira";"13:40:00";"DF";20;10;"BRASILIA";"Pista Escorregadia";"Saída de leito carroçável";"Com Vítimas Feridas";"Pleno dia";"Crescente";"Chuva";"Dupla";"Interseção de Vias";"Sim";3;0;1;0;2;0;1;1;-15,650243;-47,773872;"SPRF-DF";"DEL02-DF";"UOP01-DEL02-DF"
118202;2018-03-14;"quarta-feira";"14:00:00";"SC";282;5;"SAO JOSE";"Falta de Atenção à Condução";"Colisão traseira";"Com Vítimas Feridas";"Pleno dia";"Decrescente";"Céu Claro";"Múltipla";"Reta";"Sim";3;0;2;0;1;0;2;3;-27,588425;-48,612919;"SPRF-SC";"DEL01-SC";"UOP01-DEL01-SC"
118203;2018-01-14;"domingo";"11:30:00";"PB";230;14;"CABEDELO";"Velocidade Incompatível";"Colisão traseira";"Com Vítimas Feridas";"Pleno dia";"Crescente";"Céu Claro";"Dupla";"Reta";"Sim";5;0;3;0;0;2;3;3;-7,087369;-34,848665;"SPRF-PB";"DEL01-PB";"UOP01-DEL01-PB"
118206;2018-01-08;"segunda-feira";"12:40:00";"MA";135;21,2;"SAO LUIS";"Desobediência às normas de trânsito pelo condutor";"Engavetamento";"Sem Vítimas";"Pleno dia";"Crescente";"Nublado";"Dupla";"Reta";"Sim";4;0;0;0;4;0;0;4;-2,56417765;-44,31797326;"SPRF-MA";"DEL01-MA";"UOP01-DEL01-MA"
118207;2018-03-13;"terça-feira";"20:45:00";"RS";386;72,8;"BOA VISTA DAS MISSOES";"Velocidade Incompatível";"Colisão traseira";"Com Vítimas Feridas";"Plena Noite";"Decrescente";"Chuva";"Simples";"Reta";"Não";2;0;0;2;0;0;2;2;-27,67501515;-53,3113718;"SPRF-RS";"DEL08-RS";"UOP02-DEL08-RS"
118208;2018-03-14;"quarta-feira";"14:35:00";"MG";381;497;"BETIM";"Falta de Atenção à Condução";"Colisão com objeto estático";"Sem Vítimas";"Pleno dia";"Decrescente";"Nublado";"Dupla";"Reta";"Sim";1;0;0;0;1;0;0;1;-19,9874;-44,2038;"SPRF-MG";"DEL01-MG";"UOP03-DEL01-MG"
118210;2018-03-14;"quarta-feira";"15:00:00";"ES";262;4,4;"CARIACICA";"Velocidade Incompatível";"Colisão com objeto estático";"Com Vítimas Feridas";"Pleno dia";"Crescente";"Céu Claro";"Dupla";"Curva";"Sim";1;0;1;0;0;0;1;1;-20,33851564;-40,38234919;"SPRF-ES";"DEL01-ES";"UOP01-DEL01-ES"
118211;2018-03-14;"quarta-feira";"14:40:00";"PE";110;248;"JATOBA";"Falta de Atenção à Condução";"Capotamento";"Com Vítimas Feridas";"Pleno dia";"Decrescente";"Céu Claro";"Simples";"Reta";"Não";3;0;1;0;1;1;1;3;-9,17938028;-38,27018738;"SPRF-BA";"DEL07-BA";"UOP01-DEL07-BA"
118212;2018-03-14;"quarta-feira";"13:35:00";"MG";40;509;"RIBEIRAO DAS NEVES";"Não guardar distância de segurança";"Engavetamento";"Com Vítimas Feridas";"Pleno dia";"Decrescente";"Nublado";"Dupla";"Reta";"Sim";4;0;1;0;3;0;1;3;-19,77322183;-44,12464982;"SPRF-MG";"DEL01-MG";"UOP03-DEL01-MG"
118214;2018-03-14;"quarta-feira";"13:10:00";"SP";116;145,7;"SAO JOSE DOS CAMPOS";"Não guardar distância de segurança";"Engavetamento";"Sem Vítimas";"Pleno dia";"Crescente";"Céu Claro";"Dupla";"Declive";"Sim";3;0;0;0;3;0;0;3;-23,1888273;-45,8589295;"SPRF-SP";"DEL02-SP";"UOP01-DEL02-SP"
118215;2018-03-14;"quarta-feira";"14:50:00";"SP";116;524;"BARRA DO TURVO";"Falta de Atenção à Condução";"Saída de leito carroçável";"Sem Vítimas";"Pleno dia";"Crescente";"Chuva";"Dupla";"Reta";"Não";1;0;0;0;1;0;0;1;-24,90788268;-48,24760434;"SPRF-SP";"DEL05-SP";"UOP02-DEL05-SP"
118217;2018-02-14;"quarta-feira";"04:30:00";"PB";101;114,8;"CAAPORA";"Defeito na Via";"Saída de leito carroçável";"Com Vítimas Feridas";"Amanhecer";"Crescente";"Chuva";"Dupla";"Declive";"Não";4;0;1;0;3;0;1;1;-7,40223869;-34,95508001;"SPRF-PB";"DEL01-PB";"UOP01-DEL01-PB"
118222;2018-03-14;"quarta-feira";"15:40:00";"RS";290;96,9;"PORTO ALEGRE";"Defeito Mecânico no Veículo";"Incêndio";"Sem Vítimas";"Pleno dia";"Decrescente";"Sol";"Simples";"Declive;Curva";"Sim";1;0;0;0;1;0;0;1;-29,99876786;-51,20685428;"SPRF-RS";"DEL01-RS";"UOP01-DEL01-RS"
118223;2018-03-14;"quarta-feira";"16:00:00";"PE";101;53;"PAULISTA";"Falta de Atenção à Condução";"Colisão traseira";"Com Vítimas Feridas";"Pleno dia";"Decrescente";"Céu Claro";"Dupla";"Reta";"Sim";2;0;1;0;1;0;1;2;-7,9407;-34,9037;"SPRF-PE";"DEL01-PE";"UOP02-DEL01-PE"
118224;2018-03-14;"quarta-feira";"14:25:00";"SC";282;491,1;"FAXINAL DOS GUEDES";"Velocidade Incompatível";"Saída de leito carroçável";"Com Vítimas Feridas";"Pleno dia";"Decrescente";"Chuva";"Simples";"Curva";"Não";1;0;1;0;0;0;1;1;-26,872433;-52,291599;"SPRF-SC";"DEL07-SC";"UOP01-DEL07-SC"
118225;2018-03-14;"quarta-feira";"15:50:00";"PR";116;13,1;"COLOMBO";"Velocidade Incompatível";"Colisão com objeto estático";"Com Vítimas Feridas";"Pleno dia";"Decrescente";"Chuva";"Dupla";"Reta";"Sim";3;0;1;0;2;0;1;1;-25,3785;-49,1564;"SPRF-PR";"DEL01-PR";"UOP02-DEL01-PR"
118230;2018-03-14;"quarta-feira";"16:20:00";"PR";116;98;"SAO JOSE DOS PINHAIS";"Velocidade Incompatível";"Saída de leito carroçável";"Sem Vítimas";"Plena Noite";"Crescente";"Chuva";"Dupla";"Curva";"Não";1;0;0;0;1;0;0;1;-25,519745;-49,134327;"SPRF-PR";"DEL01-PR";"UOP07-DEL01-PR"
118231;2018-03-14;"quarta-feira";"16:15:00";"DF";60;27;"BRASILIA";"Pista Escorregadia";"Saída de leito carroçável";"Sem Vítimas";"Pleno dia";"Crescente";"Chuva";"Dupla";"Curva";"Não";1;0;0;0;1;0;0;1;-16,012222;-48,247662;"SPRF-DF";"DEL01-DF";"UOP01-DEL03-DF"