"id";"data_inversa";"dia_semana";"horario";"uf";"br";"km";"municipio";"causa_acidente";"tipo_acidente";"classificacao_acidente";"fase_dia";"sentido_via";"condicao_metereologica";"tipo_pista";"tracado_via";"uso_solo";"pessoas";"mortos";"feridos_leves";"feridos_graves";"ilesos";"ignorados";"feridos";"veiculos";"latitude";"longitude";"regional";"delegacia";"uop"
118372;2018-03-13;"terça-feira";"23:10:00";"SP";101;47,2;"UBATUBA";"Velocidade Incompatível";"Colisão lateral";"Com Vítimas Feridas";"Plena Noite";"Crescente";"Nublado";"Simples";"Rotatória";"Sim";2;0;2;0;0;0;2;2;-23,4446711;-45,0801835;"SPRF-SP";"DEL06-SP";"UOP01-DEL06-SP"
118374;2018-03-15;"quinta-feira";"09:50:00";"PA";316;33;"SANTA IZABEL DO PARA";"Falta de Atenção à Condução";"Colisão traseira";"Com Vítimas Feridas";"Pleno dia";"Crescente";"Céu Claro";"Dupla";"Reta";"Sim";2;0;1;0;1;0;1;2;-1,29531077;-48,17335904;"SPRF-PA";"DEL01-PA";"DEL19/1-UOP05/PA"
118375;2018-03-15;"quinta-feira";"09:30:00";"PB";104;130;"CAMPINA GRANDE";"Não guardar distância de segurança";"Colisão traseira";"Sem Vítimas";"Pleno dia";"Decrescente";"Céu Claro";"Simples";"Reta";"Sim";2;0;0;0;2;0;0;2;-7,29014;-35,890297;"SPRF-PB";"DEL02-PB";"UOP01-DEL02-PB"
118377;2018-02-04;"domingo";"21:15:00";"RS";116;150;"CAXIAS DO SUL";"Falta de Atenção do Pedestre";"Atropelamento de Pedestre";"Com Vítimas Fatais";"Plena Noite";"Crescente";"Céu Claro";"Dupla";"Reta";"Sim";3;1;0;0;2;0;0;2;-29,16876324;-51,15875959;"SPRF-RS";"DEL05-RS";"UOP01-DEL05-RS"
118378;2018-03-15;"quinta-feira";"10:30:00";"RJ";116;98;"GUAPIMIRIM";"Falta de Atenção à Condução";"Tombamento";"Com Vítimas Feridas";"Pleno dia";"Crescente";"Céu Claro";"Simples";"Curva";"Sim";1;0;1;0;0;0;1;1;-22,482868;-42,997238;"SPRF-RJ";"DEL04-RJ";"UOP02-DEL04-RJ"
118380;2018-03-15;"quinta-feira";"11:00:00";"PR";277;637,9;"CEU AZUL";"Falta de Atenção à Condução";"Colisão transversal";"Com Vítimas Feridas";"Pleno dia";"Decrescente";"Sol";"Simples";"Reta";"Sim";4;0;0;1;3;0;1;2;-25,15728817;-53,85047436;"SPRF-PR";"DEL05-PR";"UOP02-DEL05-PR"
118381;2018-03-15;"quinta-feira";"10:15:00";"SP";116;219,4;"GUARULHOS";"Falta de Atenção à Condução";"Colisão lateral";"Com Vítimas Feridas";"Pleno dia";"Crescente";"Céu Claro";"Múltipla";"Reta";"Sim";2;0;1;0;1;0;1;2;-23,46384668;-46,49660826;"SPRF-SP";"DEL01-SP";"UOP01-DEL01-SP"
118382;2018-03-15;"quinta-feira";"10:50:00";"GO";50;251;"CATALAO";"Defeito Mecânico no Veículo";"Capotamento";"Com Vítimas Feridas";"Pleno dia";"Crescente";"Céu Claro";"Simples";"Reta";"Não";2;0;0;1;0;1;1;2;-17,9767;-47,7964;"SPRF-GO";"DEL06-GO";"UOP01-DEL06-GO"
118386;2018-03-15;"quinta-feira";"11:10:00";"CE";116;19;"EUSEBIO";"Falta de Atenção à Condução";"Colisão lateral";"Com Vítimas Feridas";"Pleno dia";"Crescente";"Nublado";"Dupla";"Reta";"Sim";2;0;1;0;1;0;1;2;-3,9268;-38,5078;"SPRF-CE";"DEL01-CE";"UOP02-DEL01-CE"
118388;2018-03-15;"quinta-feira";"11:30:00";"GO";40;1;"VALPARAISO DE GOIAS";"Falta de Atenção à Condução";"Colisão transversal";"Com Vítimas Feridas";"Pleno dia";"Decrescente";"Céu Claro";"Simples";"Reta";"Sim";2;0;1;0;1;0;1;2;-16,058245;-47,982825;"SPRF-DF";"DEL01-DF";"UOP01-DEL01-DF"
118389;2018-03-15;"quinta-feira";"11:15:00";"RS";470;220;"GARIBALDI";"Falta de Atenção à Condução";"Colisão transversal";"Com Vítimas Feridas";"Pleno dia";"Decrescente";"Garoa/Chuvisco";"Simples";"Reta";"Não";3;0;1;0;2;0;1;2;-29,1770977;-51,5306454;"SPRF-RS";"DEL06-RS";"UOP01-DEL06-RS"
118390;2018-03-15;"quinta-feira";"08:40:00";"CE";222;242,9;"SOBRAL";"Defeito Mecânico no Veículo";"Tombamento";"Com Vítimas Feridas";"Pleno dia";"Decrescente";"Céu Claro";"Simples";"Reta";"Não";1;0;1;0;0;0;1;1;-3,741748;-40,496851;"SPRF-CE";"DEL04-CE";"UOP01-DEL04-CE"
118392;2018-03-15;"quinta-feira";"12:20:00";"RJ";356;82,6;"ITALVA";"Desobediência às normas de trânsito pelo condutor";"Colisão transversal";"Sem Vítimas";"Pleno dia";"Crescente";"Sol";"Simples";"Interseção de Vias";"Não";2;0;0;0;2;0;0;2;-21,471594;-41,673347;"SPRF-RJ";"DEL08-RJ";"UOP03-DEL08-RJ"
118393;2018-03-15;"quinta-feira";"10:50:00";"MT";163;754;"SORRISO";"Falta de Atenção à Condução";"Colisão lateral";"Com Vítimas Feridas";"Pleno dia";"Decrescente";"Sol";"Dupla";"Reta";"Sim";10;0;1;0;6;3;1;2;-12,54463559;-55,70925593;"SPRF-MT";"DEL06-MT";"UOP01-DEL06-MT"
118395;2018-03-15;"quinta-feira";"12:10:00";"SC";101;201,8;"SAO JOSE";"Velocidade Incompatível";"Colisão lateral";"Sem Vítimas";"Pleno dia";"Decrescente";"Nublado";"Dupla";"Reta";"Sim";4;0;0;0;4;0;0;4;-27,5572;-48,6188;"SPRF-SC";"DEL01-SC";"UOP01-DEL01-SC"
118396;2018-03-15;"quinta-feira";"12:40:00";"SC";101;24;"JOINVILLE";"Defeito Mecânico no Veículo";"Colisão traseira";"Com Vítimas Feridas";"Pleno dia";"Crescente";"Céu Claro";"Dupla";"Reta";"Não";2;0;1;0;1;0;1;2;-26,1837;-48,9105;"SPRF-SC";"DEL03-SC";"UOP01-DEL03-SC"
118397;2018-03-15;"quinta-feira";"13:00:00";"SC";470;137,9;"RIO DO SUL";"Velocidade Incompatível";"Colisão traseira";"Com Vítimas Feridas";"Pleno dia";"Decrescente";"Nublado";"Simples";"Reta";"Não";2;0;1;0;1;0;1;2;-27,203201;-49,635063;"SPRF-SC";"DEL04-SC";"UOP02-DEL04-SC"
118399;2018-03-15;"quinta-feira";"12:50:00";"SC";101;148;"ITAPEMA";"Falta de Atenção à Condução";"Saída de leito carroçável";"Com Vítimas Feridas";"Pleno dia";"Crescente";"Nublado";"Dupla";"Reta";"Não";2;0;2;0;0;0;2;1;-27,109;-48,6126;"SPRF-SC";"DEL04-SC";"UOP03-DEL04-SC"
118401;2018-03-12;"segunda-feira";"06:38:00";"PR";277;323,7;"GUARAPUAVA";"Velocidade Incompatível";"Colisão traseira";"Sem Vítimas";"Amanhecer";"Decrescente";"Sol";"Simples";"Aclive;Curva";"Não";3;0;0;0;3;0;0;2;-25,373138;-51,30366;"SPRF-PR";"DEL03-PR";"UOP01-DEL08-PR"
118402;2018-03-15;"quinta-feira";"12:15:00";"RS";285;47,4;"BOM JESUS";"Fenômenos da Natureza";"Saída de leito carroçável";"Com Vítimas Feridas";"Pleno dia";"Crescente";"Chuva";"Simples";"Reta";"Não";1;0;0;1;0;0;1;1;-28,67218635;-50,31376183;"SPRF-RS";"DEL05-RS";"UOP03-DEL05-RS"
118403;2018-03-15;"quinta-feira";"12:20:00";"ES";101;66,2;"SAO MATEUS";"Desobediência às normas de trânsito pelo condutor";"Colisão transversal";"Com Vítimas Feridas";"Pleno dia";"Decrescente";"Céu Claro";"Múltipla";"Reta";"Sim";2;0;1;0;1;0;1;2;-18,716522;-39,874359;"SPRF-ES";"DEL04-ES";"UOP02-DEL04-ES"
118405;2018-03-15;"quinta-feira";"13:10:00";"SC";282;15,9;"PALHOCA";"Desobediência às normas de trânsito pelo condutor";"Colisão transversal";"Com Vítimas Feridas";"Pleno dia";"Decrescente";"Nublado";"Simples";"Reta";"Sim";2;0;1;0;1;0;1;2;-27,651848;-48,676048;"SPRF-SC";"DEL01-SC";"UOP02-DEL01-SC"
118407;2018-03-15;"quinta-feira";"12:35:00";"SP";116;186;"SANTA ISABEL";"Falta de Atenção à Condução";"Colisão com objeto estático";"Com Vítimas Feridas";"Pleno dia";"Crescente";"Céu Claro";"Dupla";"Reta";"Não";2;0;1;0;1;0;1;1;-23,35384964;-46,20247185;"SPRF-SP";"DEL02-SP";"UOP01-DEL02-SP"
118408;2018-03-15;"quinta-feira";"11:45:00";"MG";116;276,5;"TEOFILO OTONI";"Não guardar distância de segurança";"Queda de ocupante de veículo";"Com Vítimas Feridas";"Pleno dia";"Decrescente";"Sol";"Múltipla";"Reta";"Sim";1;0;1;0;0;0;1;1;-17,85982579;-41,51596069;"SPRF-MG";"DEL11-MG";"UOP01-DEL11-MG"
118412;2018-03-15;"quinta-feira";"13:35:00";"SC";101;325,9;"CAPIVARI DE BAIXO";"Desobediência às normas de trânsito pelo condutor";"Colisão transversal";"Com Vítimas Feridas";"Pleno dia";"Crescente";"Nublado";"Simples";"Viaduto";"Sim";2;0;1;0;1;0;1;2;-28,46506955;-48,99009705;"SPRF-SC";"DEL02-SC";"UOP01-DEL02-SC"
118414;2018-03-15;"quinta-feira";"13:30:00";"DF";70;10,9;"BRASILIA";"Ingestão de Álcool";"Colisão transversal";"Com Vítimas Feridas";"Pleno dia";"Crescente";"Céu Claro";"Dupla";"Retorno Regulamentado;Reta";"Não";2;0;1;0;1;0;1;2;-15,789312;-48,147545;"SPRF-DF";"DEL01-DF";"UOP02-DEL03-DF"
118415;2018-03-15;"quinta-feira";"13:30:00";"SP";116;229;"SAO PAULO";"Falta de Atenção à Condução";"Colisão traseira";"Com Vítimas Feridas";"Pleno dia";"Decrescente";"Céu Claro";"Múltipla";"Reta";"Sim";2;0;0;1;1;0;1;2;-23,50435375;-46,56757683;"SPRF-SP";"DEL01-SP";"UOP01-DEL01-SP"
118416;2018-03-15;"quinta-feira";"13:45:00";"RS";470;158;"NOVA PRATA";"Falta de Atenção à Condução";"Colisão transversal";"Com Vítimas Feridas";"Pleno dia";"Crescente";"Nublado";"Simples";"Reta";"Sim";2;0;1;0;1;0;1;2;-28,80155272;-51,61028534;"SPRF-RS";"DEL06-RS";"UOP02-DEL06-RS"
118417;2018-03-15;"quinta-feira";"12:45:00";"MA";135;6,8;"SAO LUIS";"Falta de Atenção à Condução";"Colisão transversal";"Com Vítimas Feridas";"Pleno dia";"Decrescente";"Céu Claro";"Dupla";"Aclive";"Sim";2;0;1;0;1;0;1;2;-2,628887;-44,263302;"SPRF-MA";"DEL01-MA";"UOP01-DEL01-MA"
118418;2018-03-15;"quinta-feira";"13:30:00";"RN";101;71;"EXTREMOZ";"Desobediência às normas de trânsito pelo condutor";"Colisão lateral";"Sem Vítimas";"Pleno dia";"Decrescente";"Céu Claro";"Simples";"Interseção de Vias";"Não";2;0;0;0;2;0;0;2;-5,689736;-35,262981;"SPRF-RN";"DEL02-RN";"UOP01-DEL02-RN"
118419;2018-03-15;"quinta-feira";"13:45:00";"SP";116;214,8;"GUARULHOS";"Desobediência às normas de trânsito pelo condutor";"Colisão lateral";"Com Vítimas Feridas";"Pleno dia";"Crescente";"Céu Claro";"Múltipla";"Reta";"Sim";1;0;1;0;0;0;1;1;-23,44806951;-46,45774546;"SPRF-SP";"DEL01-SP";"UOP01-DEL01-SP"
118423;2018-03-15;"quinta-feira";"10:00:00";"MA";316;618;"TIMON";"Falta de Atenção à Condução";"Colisão lateral";"Sem Vítimas";"Pleno dia";"Decrescente";"Céu Claro";"Simples";"Reta";"Sim";4;0;0;0;4;0;0;2;-5,111158;-42,826832;"SPRF-MA";"DEL03-MA";"UOP02-DEL03-MA"
118424;2018-03-15;"quinta-feira";"13:30:00";"MT";364;287,6;"JACIARA";"Falta de Atenção à Condução";"Saída de leito carroçável";"Sem Vítimas";"Pleno dia";"Decrescente";"Sol";"Dupla";"Reta";"Não";1;0;0;0;1;0;0;1;-15,903066;-55,065239;"SPRF-MT";"DEL02-MT";"UOP02-DEL05-MT"
118425;2018-03-15;"quinta-feira";"13:20:00";"MG";50;158;"UBERABA";"Defeito Mecânico no Veículo";"Colisão com objeto estático";"Sem Vítimas";"Pleno dia";"Decrescente";"Nublado";"Dupla";"Reta";"Não";1;0;0;0;1;0;0;1;-19,6411;-48,0095;"SPRF-MG";"DEL13-MG";"UOP01-DEL13-MG"
118426;2018-03-15;"quinta-feira";"14:10:00";"RJ";393;282,9;"VOLTA REDONDA";"Velocidade Incompatível";"Saída de leito carroçável";"Com Vítimas Feridas";"Pleno dia";"Decrescente";"Céu Claro";"Simples";"Curva";"Não";1;0;0;1;0;0;1;1;-22,510941;-44,084461;"SPRF-RJ";"DEL05-RJ";"UOP04-DEL05-RJ"
118429;2018-03-15;"quinta-feira";"15:00:00";"MG";153;54;"MONTE ALEGRE DE MINAS";"Condutor Dormindo";"Saída de leito carroçável";"Com Vítimas Feridas";"Pleno dia";"Crescente";"Céu Claro";"Dupla";"Aclive";"Não";1;0;1;0;0;0;1;1;-18,8574;-49,0778;"SPRF-MG";"DEL15-MG";"UOP03-DEL15-MG"
118430;2018-03-15;"quinta-feira";"10:30:00";"RO";364;515,9;"ARIQUEMES";"Defeito na Via";"Queda de ocupante de veículo";"Com Vítimas Feridas";"Pleno dia";"Decrescente";"Céu Claro";"Simples";"Reta";"Sim";1;0;1;0;0;0;1;1;-9,924994;-63,054909;"SPRF-RO";"DEL03-RO";"UOP01-DEL03-RO"
118433;2018-03-15;"quinta-feira";"14:00:00";"MT";364;109,4;"ALTO GARCAS";"Falta de Atenção à Condução";"Capotamento";"Sem Vítimas";"Pleno dia";"Crescente";"Nublado";"Simples";"Aclive;Em Obras";"Não";3;0;0;0;3;0;0;1;-16,846359;-53,825527;"SPRF-MT";"DEL02-MT";"UOP02-DEL02-MT"
118434;2018-03-15;"quinta-feira";"14:20:00";"MA";135;5,4;"SAO LUIS";"Falta de Atenção à Condução";"Colisão transversal";"Sem Vítimas";"Pleno dia";"Decrescente";"Nublado";"Dupla";"Reta";"Sim";2;0;0;0;2;0;0;2;-2,621546;-44,258041;"SPRF-MA";"DEL01-MA";"UOP01-DEL01-MA"
118435;2018-03-15;"quinta-feira";"15:30:00";"PE";101;52;"PAULISTA";"Desobediência às normas de trânsito pelo condutor";"Colisão transversal";"Com Vítimas Feridas";"Pleno dia";"Crescente";"Céu Claro";"Dupla";"Reta";"Sim";3;0;2;0;1;0;2;2;-7,9324;-34,9017;"SPRF-PE";"DEL01-PE";"UOP02-DEL01-PE"
118436;2018-03-15;"quinta-feira";"15:20:00";"SP";116;81,9;"ROSEIRA";"Falta de Atenção à Condução";"Colisão com objeto estático";"Com Vítimas Feridas";"Pleno dia";"Crescente";"Céu Claro";"Dupla";"Ponte;Reta";"Sim";3;0;2;1;0;0;3;1;-22,909193;-45,318848;"SPRF-SP";"DEL06-SP";"UOP01-DEL06-SP"
118439;2018-03-15;"quinta-feira";"13:40:00";"MG";40;514,9;"RIBEIRAO DAS NEVES";"Falta de Atenção à Condução";"Colisão com objeto em movimento";"Sem Vítimas";"Pleno dia";"Decrescente";"Céu Claro";"Dupla";"Reta";"Sim";2;0;0;0;2;0;0;2;-19,8128;-44,093;"SPRF-MG";"DEL01-MG";"UOP03-DEL01-MG"
118440;2018-03-15;"quinta-feira";"13:30:00";"RO";364;342;"JI-PARANA";"Falta de Atenção à Condução";"Colisão transversal";"Com Vítimas Feridas";"Pleno dia";"Decrescente";"Sol";"Simples";"Interseção de Vias";"Sim";3;0;1;0;2;0;1;2;-10,883874;-61,937317;"SPRF-RO";"DEL02-RO";"UOP01-DEL02-RO"
118441;2018-01-15;"segunda-feira";"12:40:00";"PB";230;132;"MASSARANDUBA";"Velocidade Incompatível";"Capotamento";"Com Vítimas Feridas";"Pleno dia";"Decrescente";"Nublado";"Dupla";"Curva";"Não";3;0;1;2;0;0;3;1;-7,27733568;-35,72507679;"SPRF-PB";"DEL02-PB";"UOP01-DEL02-PB"
118443;2018-03-13;"terça-feira";"17:13:00";"RO";364;34;"VILHENA";"Defeito Mecânico no Veículo";"Saída de leito carroçável";"Com Vítimas Feridas";"Pleno dia";"Decrescente";"Nublado";"Simples";"Reta";"Não";1;0;1;0;0;0;1;1;-12,676378;-60,296364;"SPRF-RO";"DEL04-RO";"DEL21/4-UOP03/RO"
118446;2018-03-15;"quinta-feira";"11:00:00";"SC";101;340,2;"TUBARAO";"Velocidade Incompatível";"Capotamento";"Com Vítimas Feridas";"Pleno dia";"Decrescente";"Chuva";"Dupla";"Declive";"Sim";1;0;1;0;0;0;1;1;-28,5108;-49,0509;"SPRF-SC";"DEL02-SC";"UOP01-DEL02-SC"
118449;2018-03-15;"quinta-feira";"13:30:00";"SC";282;118,1;"BOM RETIRO";"Falta de Atenção à Condução";"Saída de leito carroçável";"Com Vítimas Feridas";"Pleno dia";"Decrescente";"Céu Claro";"Simples";"Curva";"Não";5;0;3;0;2;0;3;1;-27,776798;-49,411194;"SPRF-SC";"DEL05-SC";"UOP01-DEL05-SC"
118450;2018-03-15;"quinta-feira";"16:30:00";"GO";60;128;"GOIANAPOLIS";"Objeto estático sobre o leito carroçável";"Colisão traseira";"Sem Vítimas";"Pleno dia";"Crescente";"Céu Claro";"Dupla";"Reta";"Não";3;0;0;0;3;0;0;3;-16,5498;-49,1518;"SPRF-GO";"DEL01-GO";"UOP01-DEL01-GO"
118453;2018-02-17;"sábado";"20:50:00";"PB";230;157,2;"CAMPINA GRANDE";"Falta de Atenção do Pedestre";"Atropelamento de Pedestre";"Com Vítimas Fatais";"Plena Noite";"Decrescente";"Chuva";"Simples";"Reta";"Sim";2;1;0;0;0;1;0;2;-7,26303206;-35,92505693;"SPRF-PB";"DEL02-PB";"UOP01-DEL02-PB"
118456;2018-03-15;"quinta-feira";"16:10:00";"PE";408;89;"SAO LOURENCO DA MATA";"Não guardar distância de segurança";"Colisão com objeto estático";"Com Vítimas Feridas";"Anoitecer";"Decrescente";"Nublado";"Dupla";"Declive";"Não";3;0;1;0;2;0;1;1;-7,967299;-35,09166;"SPRF-PE";"DEL01-PE";"UOP01-DEL01-PE"
118458;2018-03-15;"quinta-feira";"16:30:00";"SC";282;33;"AGUAS MORNAS";"Falta de Atenção à Condução";"Saída de leito carroçável";"Com Vítimas Feridas";"Pleno dia";"Decrescente";"Céu Claro";"Simples";"Curva";"Sim";1;0;1;0;0;0;1;1;-27,70669777;-48,80818963;"SPRF-SC";"DEL01-SC";"UOP03-DEL01-SC"
118459;2018-03-15;"quinta-feira";"16:40:00";"PA";230;111;"MARABA";"Defeito na Via";"Tombamento";"Com Vítimas Feridas";"Pleno dia";"Decrescente";"Céu Claro";"Simples";"Reta";"Não";1;0;1;0;0;0;1;1;-5,371375;-49,040127;"SPRF-PA";"DEL03-PA";"UOP01-DEL03-PA"
118460;2018-03-15;"quinta-feira";"17:15:00";"SC";470;53;"BLUMENAU";"Desobediência às normas de trânsito pelo condutor";"Colisão transversal";"Com Vítimas Feridas";"Pleno dia";"Decrescente";"Nublado";"Simples";"Reta";"Sim";2;0;1;0;1;0;1;2;-26,86180667;-49,08237308;"SPRF-SC";"DEL04-SC";"UOP01-DEL04-SC"
118461;2018-03-15;"quinta-feira";"17:30:00";"MG";365;613;"UBERLANDIA";"Desobediência às normas de trânsito pelo condutor";"Colisão transversal";"Com Vítimas Feridas";"Pleno dia";"Crescente";"Céu Claro";"Dupla";"Interseção de Vias";"Sim";1;0;1;0;0;0;1;1;-18,8974;-48,2715;"SPRF-MG";"DEL15-MG";"UOP01-DEL15-MG"
118463;2018-03-15;"quinta-feira";"16:30:00";"MG";381;882,4;"ESTIVA";"Velocidade Incompatível";"Saída de leito carroçável";"Com Vítimas Feridas";"Pleno dia";"Decrescente";"Nublado";"Dupla";"Reta";"Não";1;0;1;0;0;0;1;1;-22,47725848;-46,01071537;"SPRF-MG";"DEL16-MG";"UOP01-DEL16-MG"
118464;2018-03-15;"quinta-feira";"17:20:00";"CE";116;3;"FORTALEZA";"Fenômenos da Natureza";"Colisão traseira";"Com Vítimas Feridas";"Pleno dia";"Decrescente";"Céu Claro";"Múltipla";"Reta";"Sim";2;0;1;0;1;0;1;2;-3,81492711;-38,49815369;"SPRF-CE";"DEL01-CE";"UOP02-DEL01-CE"
118465;2018-03-15;"quinta-feira";"17:33:00";"PR";277;74,8;"SAO JOSE DOS PINHAIS";"Não guardar distância de segurança";"Colisão traseira";"Sem Vítimas";"Anoitecer";"Crescente";"Chuva";"Dupla";"Aclive;Reta";"Sim";3;0;0;0;3;0;0;3;-25,49619961;-49,16270256;"SPRF-PR";"DEL01-PR";"UOP07-DEL01-PR"
118467;2018-02-27;"terça-feira";"18:45:00";"RN";406;167,7;"SAO GONCALO DO AMARANTE";"Animais na Pista";"Atropelamento de Animal";"Sem Vítimas";"Plena Noite";"Decrescente";"Céu Claro";"Dupla";"Reta";"Não";1;0;0;0;1;0;0;1;-5,7511131;-35,3191942;"SPRF-RN";"DEL02-RN";"UOP01-DEL02-RN"
118468;2018-03-15;"quinta-feira";"16:30:00";"MS";359;77,6;"FIGUEIRAO";"Falta de Atenção à Condução";"Saída de leito carroçável";"Com Vítimas Feridas";"Plena Noite";"Crescente";"Céu Claro";"Simples";"Aclive;Reta";"Não";2;0;1;0;1;0;1;1;-18,4849;-53,5552;"SPRF-MS";"DEL06-MS";"UOP01-DEL06-MS"
118469;2018-03-15;"quinta-feira";"12:45:00";"SC";282;523,9;"XAXIM";"Velocidade Incompatível";"Saída de leito carroçável";"Sem Vítimas";"Pleno dia";"Crescente";"Chuva";"Simples";"Curva";"Não";1;0;0;0;1;0;0;1;-26,96614179;-52,55722046;"SPRF-SC";"DEL07-SC";"UOP01-DEL07-SC"
118470;2018-03-15;"quinta-feira";"16:00:00";"BA";101;501,3;"ITABUNA";"Ultrapassagem Indevida";"Saída de leito carroçável";"Com Vítimas Feridas";"Pleno dia";"Decrescente";"Céu Claro";"Simples";"Aclive";"Não";2;0;1;0;1;0;1;1;-14,760685;-39,304775;"SPRF-BA";"DEL05-BA";"UOP01-DEL05-BA"
118471;2018-03-15;"quinta-feira";"17:40:00";"PR";277;595,5;"CASCAVEL";"Velocidade Incompatível";"Saída de leito carroçável";"Com Vítimas Feridas";"Pleno dia";"Decrescente";"Chuva";"Simples";"Reta";"Sim";2;0;0;1;1;0;1;1;-24,98311139;-53,50249529;"SPRF-PR";"DEL04-PR";"UOP01-DEL04-PR"
118472;2018-03-15;"quinta-feira";"17:50:00";"BA";324;622;"SALVADOR";"Falta de Atenção à Condução";"Colisão lateral";"Com Vítimas Feridas";"Anoitecer";"Crescente";"Ignorado";"Dupla";"Reta";"Não";2;0;1;0;1;0;1;2;-12,9278411;-38,4685703;"SPRF-BA";"DEL01-BA";"UOP01-DEL01-BA"
118475;2018-03-15;"quinta-feira";"17:20:00";"BA";324;541;"AMELIA RODRIGUES";"Falta de Atenção à Condução";"Colisão com objeto estático";"Sem Vítimas";"Anoitecer";"Crescente";"Céu Claro";"Dupla";"Reta";"Sim";1;0;0;0;1;0;0;1;-12,3976827;-38,77212524;"SPRF-BA";"DEL01-BA";"UOP01-DEL01-BA"
118476;2018-03-15;"quinta-feira";"20:00:00";"ES";262;104,5;"VENDA NOVA DO IMIGRANTE";"Falta de Atenção à Condução";"Colisão frontal";"Com Vítimas Feridas";"Plena Noite";"Decrescente";"Céu Claro";"Simples";"Reta";"Sim";3;0;2;0;1;0;2;2;-20,3312;-41,1303;"SPRF-ES";"DEL01-ES";"UOP02-DEL01-ES"
118479;2018-03-15;"quinta-feira";"19:30:00";"SP";153;49,5;"SAO JOSE DO RIO PRETO";"Avarias e/ou desgaste excessivo no pneu";"Colisão traseira";"Com Vítimas Fatais";"Plena Noite";"Crescente";"Céu Claro";"Simples";"Reta";"Não";7;1;2;0;4;0;2;3;-20,699968;-49,339458;"SPRF-SP";"DEL09-SP";"UOP01-DEL09-SP"
118480;2018-03-15;"quinta-feira";"16:45:00";"SC";282;499,2;"XANXERE";"Falta de Atenção à Condução";"Colisão transversal";"Sem Vítimas";"Pleno dia";"Crescente";"Nublado";"Dupla";"Interseção de Vias";"Sim";2;0;0;0;2;0;0;2;-26,88288046;-52,36495972;"SPRF-SC";"DEL07-SC";"UOP01-DEL07-SC"
118481;2018-03-15;"quinta-feira";"18:50:00";"GO";40;18,4;"LUZIANIA";"Falta de Atenção à Condução";"Colisão lateral";"Com Vítimas Feridas";"Plena Noite";"Crescente";"Céu Claro";"Dupla";"Reta";"Não";5;0;1;0;4;0;1;2;-16,1975312;-47,92579651;"SPRF-DF";"DEL01-DF";"UOP01-DEL01-DF"
118482;2018-03-15;"quinta-feira";"18:37:00";"SC";282;4;"FLORIANOPOLIS";"Não guardar distância de segurança";"Colisão traseira";"Com Vítimas Feridas";"Plena Noite";"Crescente";"Nublado";"Múltipla";"Reta";"Sim";3;0;1;0;2;0;1;3;-27,598;-48,6;"SPRF-SC";"DEL01-SC";"UOP01-DEL01-SC"
118483;2018-03-15;"quinta-feira";"18:10:00";"PB";230;500,7;"CAJAZEIRAS";"Falta de Atenção do Pedestre";"Atropelamento de Pedestre";"Com Vítimas Feridas";"Plena Noite";"Decrescente";"Céu Claro";"Simples";"Reta";"Sim";2;0;0;2;0;0;2;2;-6,897359;-38,527044;"SPRF-PB";"DEL03-PB";"UOP03-DEL03-PB"
118486;2018-03-15;"quinta-feira";"20:30:00";"SC";101;214,5;"PALHOCA";"Defeito Mecânico no Veículo";"Colisão traseira";"Com Vítimas Feridas";"Plena Noite";"Crescente";"Nublado";"Múltipla";"Viaduto";"Sim";3;0;2;0;1;0;2;2;-27,652;-48,676;"SPRF-SC";"DEL01-SC";"UOP02-DEL01-SC"
118487;2018-03-15;"quinta-feira";"19:30:00";"PR";476;82;"BOCAIUVA DO SUL";"Pista Escorregadia";"Colisão frontal";"Com Vítimas Feridas";"Plena Noite";"Crescente";"Chuva";"Simples";"Curva";"Não";4;0;3;0;1;0;3;2;-25,23033285;-49,12390717;"SPRF-PR";"DEL01-PR";"UOP01-DEL01-PR"
118488;2018-03-15;"quinta-feira";"19:40:00";"CE";222;3,8;"CAUCAIA";"Falta de Atenção à Condução";"Colisão transversal";"Com Vítimas Feridas";"Plena Noite";"Crescente";"Nublado";"Múltipla";"Reta";"Sim";2;0;1;0;1;0;1;2;-3,740385;-38,595749;"SPRF-CE";"DEL01-CE";"UOP01-DEL01-CE"
118489;2018-03-15;"quinta-feira";"18:40:00";"PR";369;161;"CAMBE";"Desobediência às normas de trânsito pelo condutor";"Colisão lateral";"Com Vítimas Feridas";"Plena Noite";"Decrescente";"Céu Claro";"Dupla";"Reta";"Sim";2;0;1;0;1;0;1;2;-23,28964746;-51,26295713;"SPRF-PR";"DEL07-PR";"UOP01-DEL07-PR"
118490;2018-03-15;"quinta-feira";"19:00:00";"MG";116;704,7;"MURIAE";"Desobediência às normas de trânsito pelo condutor";"Colisão transversal";"Com Vítimas Feridas";"Plena Noite";"Decrescente";"Nublado";"Múltipla";"Reta";"Sim";2;0;1;0;1;0;1;2;-21,127175;-42,38328;"SPRF-MG";"DEL07-MG";"UOP02-DEL07-MG"
118491;2018-03-15;"quinta-feira";"20:20:00";"CE";222;6;"CAUCAIA";"Ultrapassagem Indevida";"Colisão lateral";"Com Vítimas Feridas";"Plena Noite";"Crescente";"Céu Claro";"Dupla";"Reta";"Sim";2;0;0;1;1;0;1;2;-3,74093055;-38,59885454;"SPRF-CE";"DEL01-CE";"UOP01-DEL01-CE"