"id";"data_inversa";"dia_semana";"horario";"uf";"br";"km";"municipio";"causa_acidente";"tipo_acidente";"classificacao_acidente";"fase_dia";"sentido_via";"condicao_metereologica";"tipo_pista";"tracado_via";"uso_solo";"pessoas";"mortos";"feridos_leves";"feridos_graves";"ilesos";"ignorados";"feridos";"veiculos";"latitude";"longitude";"regional";"delegacia";"uop"
118874;2018-03-17;"sábado";"06:30:00";"SC";101;170;"TIJUCAS";"Velocidade Incompatível";"Colisão com objeto estático";"Sem Vítimas";"Plena Noite";"Decrescente";"Céu Claro";"Dupla";"Reta";"Não";1;0;0;0;0;1;0;1;-27,3047;-48,6324;"SPRF-SC";"DEL04-SC";"UOP03-DEL04-SC"
118875;2018-03-16;"sexta-feira";"18:00:00";"PR";376;290,6;"MAUA DA SERRA";"Falta de Atenção à Condução";"Colisão lateral";"Com Vítimas Feridas";"Anoitecer";"Crescente";"Céu Claro";"Simples";"Reta";"Sim";2;0;0;1;1;0;1;2;-23,90090491;-51,22478485;"SPRF-PR";"DEL07-PR";"UOP02-DEL07-PR"
118877;2018-03-17;"sábado";"06:00:00";"RJ";101;61;"CAMPOS DOS GOYTACAZES";"Falta de Atenção à Condução";"Queda de ocupante de veículo";"Com Vítimas Feridas";"Pleno dia";"Decrescente";"Nublado";"Simples";"Reta";"Sim";1;0;1;0;0;0;1;1;-21,726534;-41,32132;"SPRF-RJ";"DEL08-RJ";"UOP01-DEL08-RJ"
118879;2018-03-17;"sábado";"05:45:00";"PR";476;128;"CURITIBA";"Condutor Dormindo";"Saída de leito carroçável";"Com Vítimas Feridas";"Amanhecer";"Decrescente";"Céu Claro";"Múltipla";"Reta";"Sim";1;0;1;0;0;0;1;1;-25,433048;-49,23156;"SPRF-PR";"DEL01-PR";"UOP07-DEL01-PR"
118881;2018-03-17;"sábado";"06:30:00";"RJ";116;228;"PIRAI";"Pista Escorregadia";"Colisão com objeto estático";"Sem Vítimas";"Pleno dia";"Decrescente";"Chuva";"Simples";"Curva";"Não";1;0;0;0;1;0;0;1;-22,672081;-43,817894;"SPRF-RJ";"DEL07-RJ";"UOP01-DEL07-RJ"
118882;2018-03-17;"sábado";"07:30:00";"SE";101;105;"SAO CRISTOVAO";"Condutor Dormindo";"Saída de leito carroçável";"Com Vítimas Feridas";"Pleno dia";"Decrescente";"Sol";"Dupla";"Reta";"Não";1;0;1;0;0;0;1;1;-10,9472468;-37,0730823;"SPRF-SE";"DEL02-SE";"UOP01-DEL02-SE"
118884;2018-03-17;"sábado";"06:00:00";"GO";20;12,9;"FORMOSA";"Ultrapassagem Indevida";"Saída de leito carroçável";"Sem Vítimas";"Pleno dia";"Decrescente";"Nublado";"Simples";"Curva";"Não";4;0;0;0;3;1;0;2;-15,56904266;-47,24110097;"SPRF-DF";"DEL02-DF";"UOP01-DEL02-DF"
118885;2018-03-17;"sábado";"07:10:00";"RS";116;253;"SAPUCAIA DO SUL";"Ingestão de Álcool";"Colisão transversal";"Com Vítimas Feridas";"Pleno dia";"Decrescente";"Céu Claro";"Dupla";"Interseção de Vias";"Sim";3;0;1;0;2;0;1;2;-29,817963;-51,169994;"SPRF-RS";"DEL01-RS";"UOP02-DEL01-RS"
118887;2018-03-17;"sábado";"07:50:00";"RN";101;85;"NATAL";"Falta de Atenção à Condução";"Colisão transversal";"Com Vítimas Feridas";"Pleno dia";"Crescente";"Céu Claro";"Dupla";"Reta";"Sim";2;0;1;0;1;0;1;2;-5,777664;-35,249371;"SPRF-RN";"DEL02-RN";"UOP01-DEL02-RN"
118889;2018-03-17;"sábado";"06:00:00";"MG";262;357;"BETIM";"Condutor Dormindo";"Saída de leito carroçável";"Com Vítimas Feridas";"Amanhecer";"Decrescente";"Céu Claro";"Dupla";"Reta";"Não";2;0;2;0;0;0;2;1;-19,9801;-44,2508;"SPRF-MG";"DEL01-MG";"UOP03-DEL01-MG"
118891;2018-03-17;"sábado";"07:55:00";"PB";230;23,1;"JOAO PESSOA";"Não guardar distância de segurança";"Colisão traseira";"Com Vítimas Feridas";"Pleno dia";"Decrescente";"Sol";"Dupla";"Reta";"Sim";3;0;0;2;1;0;2;2;-7,164155;-34,86052;"SPRF-PB";"DEL01-PB";"UOP01-DEL01-PB"
118892;2018-03-17;"sábado";"06:55:00";"RO";319;62,8;"PORTO VELHO";"Falta de Atenção à Condução";"Colisão traseira";"Com Vítimas Feridas";"Pleno dia";"Crescente";"Céu Claro";"Dupla";"Reta";"Sim";1;0;1;0;0;0;1;1;-8,75565361;-63,88678819;"SPRF-RO";"DEL01-RO";"UOP01-DEL01-RO"
118893;2018-03-17;"sábado";"07:15:00";"PB";230;112,6;"INGA";"Defeito Mecânico no Veículo";"Incêndio";"Sem Vítimas";"Pleno dia";"Decrescente";"Sol";"Dupla";"Reta";"Não";1;0;0;0;1;0;0;1;-7,22382246;-35,59085373;"SPRF-PB";"DEL01-PB";"UOP03-DEL01-PB"
118894;2018-03-17;"sábado";"07:45:00";"BA";116;827,2;"VITORIA DA CONQUISTA";"Desobediência às normas de trânsito pelo condutor";"Colisão transversal";"Com Vítimas Feridas";"Pleno dia";"Crescente";"Céu Claro";"Simples";"Reta";"Não";6;0;3;0;2;1;3;2;-14,88651431;-40,85973948;"SPRF-BA";"DEL08-BA";"UOP01-DEL08-BA"
118895;2018-03-17;"sábado";"08:20:00";"PR";277;84;"CURITIBA";"Falta de Atenção à Condução";"Colisão lateral";"Com Vítimas Feridas";"Pleno dia";"Crescente";"Sol";"Dupla";"Reta";"Sim";2;0;1;0;1;0;1;2;-25,44394619;-49,23460588;"SPRF-PR";"DEL01-PR";"UOP07-DEL01-PR"
118896;2018-03-17;"sábado";"08:00:00";"PE";101;80;"JABOATAO DOS GUARARAPES";"Falta de Atenção à Condução";"Colisão lateral";"Sem Vítimas";"Pleno dia";"Crescente";"Céu Claro";"Dupla";"Curva";"Não";2;0;0;0;2;0;0;2;-8,1623;-34,9394;"SPRF-PE";"DEL01-PE";"UOP01-DEL01-PE"
118898;2018-03-17;"sábado";"07:30:00";"MG";40;613,6;"CONGONHAS";"Condutor Dormindo";"Saída de leito carroçável";"Sem Vítimas";"Pleno dia";"Crescente";"Sol";"Simples";"Curva";"Não";1;0;0;0;0;1;0;1;-20,5305008;-43,82325053;"SPRF-MG";"DEL05-MG";"UOP02-DEL05-MG"
118899;2018-03-17;"sábado";"08:35:00";"ES";101;270,8;"SERRA";"Velocidade Incompatível";"Saída de leito carroçável";"Com Vítimas Feridas";"Pleno dia";"Decrescente";"Chuva";"Múltipla";"Curva";"Sim";2;0;1;1;0;0;2;1;-20,129093;-40,308125;"SPRF-ES";"DEL02-ES";"UOP01-DEL02-ES"
118902;2018-03-17;"sábado";"07:45:00";"RS";116;395,4;"CAMAQUA";"Desobediência às normas de trânsito pelo condutor";"Colisão transversal";"Com Vítimas Feridas";"Pleno dia";"Decrescente";"Nublado";"Simples";"Reta";"Sim";2;0;0;1;1;0;1;2;-30,849752;-51,767821;"SPRF-RS";"DEL02-RS";"UOP03-DEL02-RS"
118903;2018-03-17;"sábado";"07:35:00";"RO";319;58;"PORTO VELHO";"Desobediência às normas de trânsito pelo condutor";"Colisão transversal";"Com Vítimas Feridas";"Pleno dia";"Crescente";"Nublado";"Simples";"Reta";"Sim";2;0;1;0;1;0;1;2;-8,74282809;-63,91613692;"SPRF-RO";"DEL01-RO";"UOP01-DEL01-RO"
118904;2018-03-17;"sábado";"09:00:00";"GO";50;161,8;"CAMPO ALEGRE DE GOIAS";"Falta de Atenção à Condução";"Saída de leito carroçável";"Sem Vítimas";"Pleno dia";"Crescente";"Nublado";"Dupla";"Reta";"Não";1;0;0;0;1;0;0;1;-17,263;-47,7694;"SPRF-GO";"DEL06-GO";"UOP01-DEL06-GO"
118907;2018-03-17;"sábado";"09:00:00";"SP";116;163;"SAO JOSE DOS CAMPOS";"Condutor Dormindo";"Capotamento";"Com Vítimas Feridas";"Pleno dia";"Decrescente";"Céu Claro";"Dupla";"Reta";"Não";1;0;1;0;0;0;1;1;-23,219809;-45,899918;"SPRF-SP";"DEL02-SP";"UOP01-DEL02-SP"
118908;2018-03-17;"sábado";"05:30:00";"RJ";101;478;"ANGRA DOS REIS";"Ingestão de Álcool";"Colisão frontal";"Com Vítimas Feridas";"Amanhecer";"Crescente";"Nublado";"Simples";"Curva";"Não";2;0;2;0;0;0;2;2;-23,0011949;-44,27031302;"SPRF-RJ";"DEL03-RJ";"UOP03-DEL03-RJ"
118910;2018-03-17;"sábado";"09:00:00";"MS";60;414,1;"SIDROLANDIA";"Não guardar distância de segurança";"Colisão traseira";"Com Vítimas Feridas";"Pleno dia";"Decrescente";"Céu Claro";"Simples";"Reta";"Não";2;0;1;0;1;0;1;2;-20,896643;-54,86999;"SPRF-MS";"DEL01-MS";"UOP04-DEL01-MS"
118911;2018-03-17;"sábado";"09:30:00";"MG";40;555;"NOVA LIMA";"Pista Escorregadia";"Queda de ocupante de veículo";"Com Vítimas Feridas";"Pleno dia";"Crescente";"Céu Claro";"Simples";"Curva;Declive;Retorno Regulamentado";"Sim";1;0;1;0;0;0;1;1;-20,08896823;-43,97637033;"SPRF-MG";"DEL01-MG";"UOP02-DEL01-MG"
118914;2018-03-17;"sábado";"08:35:00";"ES";101;69;"SAO MATEUS";"Não guardar distância de segurança";"Colisão traseira";"Com Vítimas Feridas";"Pleno dia";"Decrescente";"Céu Claro";"Simples";"Reta";"Não";2;0;1;0;1;0;1;2;-18,69828547;-39,86663818;"SPRF-ES";"DEL04-ES";"UOP02-DEL04-ES"
118915;2018-01-08;"segunda-feira";"07:00:00";"SC";282;106,8;"ALFREDO WAGNER";"Condutor Dormindo";"Colisão lateral";"Sem Vítimas";"Pleno dia";"Crescente";"Céu Claro";"Simples";"Curva";"Não";2;0;0;0;2;0;0;2;-27,7318797;-49,3641545;"SPRF-SC";"DEL01-SC";"UOP03-DEL01-SC"
118916;2018-03-17;"sábado";"10:45:00";"PR";116;121;"CURITIBA";"Ingestão de Álcool";"Colisão traseira";"Com Vítimas Feridas";"Pleno dia";"Crescente";"Céu Claro";"Dupla";"Declive";"Sim";2;0;1;0;1;0;1;2;-25,551222;-49,305038;"SPRF-PR";"DEL01-PR";"UOP03-DEL01-PR"
118917;2018-03-17;"sábado";"10:50:00";"SP";153;312;"SAO PEDRO DO TURVO";"Objeto estático sobre o leito carroçável";"Colisão com objeto estático";"Com Vítimas Feridas";"Pleno dia";"Crescente";"Céu Claro";"Simples";"Declive";"Não";1;0;1;0;0;0;1;1;-22,697967;-49,889653;"SPRF-SP";"DEL07-SP";"UOP03-DEL07-SP"
118918;2018-03-17;"sábado";"11:00:00";"BA";101;501;"ITABUNA";"Falta de Atenção à Condução";"Colisão transversal";"Com Vítimas Feridas";"Pleno dia";"Crescente";"Chuva";"Simples";"Reta";"Sim";3;0;3;0;0;0;3;2;-14,764269;-39,300249;"SPRF-BA";"DEL05-BA";"UOP01-DEL05-BA"
118920;2018-03-17;"sábado";"11:10:00";"PR";376;205,8;"MANDAGUARI";"Desobediência às normas de trânsito pelo condutor";"Colisão transversal";"Com Vítimas Feridas";"Pleno dia";"Crescente";"Céu Claro";"Simples";"Reta";"Sim";2;0;1;0;1;0;1;2;-23,516375;-51,689702;"SPRF-PR";"DEL07-PR";"UOP01-DEL09-PR"
118928;2018-03-17;"sábado";"11:15:00";"RJ";40;92,1;"PETROPOLIS";"Velocidade Incompatível";"Saída de leito carroçável";"Com Vítimas Feridas";"Pleno dia";"Crescente";"Nevoeiro/Neblina";"Dupla";"Curva;Declive";"Não";3;0;2;0;1;0;2;1;-22,56899991;-43,24321747;"SPRF-RJ";"DEL06-RJ";"UOP01-DEL06-RJ"
118930;2018-03-17;"sábado";"10:45:00";"PE";423;93,1;"GARANHUNS";"Falta de Atenção à Condução";"Colisão frontal";"Com Vítimas Feridas";"Pleno dia";"Crescente";"Céu Claro";"Simples";"Reta";"Sim";3;0;1;0;0;2;1;3;-8,86972;-36,463238;"SPRF-PE";"DEL03-PE";"UOP01-DEL03-PE"
118931;2018-03-17;"sábado";"10:40:00";"SE";235;63,6;"ITABAIANA";"Falta de Atenção à Condução";"Colisão transversal";"Com Vítimas Feridas";"Pleno dia";"Decrescente";"Céu Claro";"Simples";"Reta";"Sim";4;0;3;0;1;0;3;2;-10,604629;-37,478199;"SPRF-SE";"DEL01-SE";"UOP02-DEL01-SE"
118933;2018-03-17;"sábado";"09:10:00";"MS";163;474,9;"CAMPO GRANDE";"Velocidade Incompatível";"Saída de leito carroçável";"Sem Vítimas";"Pleno dia";"Crescente";"Céu Claro";"Simples";"Curva";"Sim";1;0;0;0;1;0;0;1;-20,5233633;-54,569047;"SPRF-MS";"DEL01-MS";"UOP01-DEL01-MS"
118934;2018-03-17;"sábado";"11:50:00";"PI";343;11;"PARNAIBA";"Falta de Atenção à Condução";"Colisão traseira";"Com Vítimas Feridas";"Pleno dia";"Decrescente";"Céu Claro";"Dupla";"Reta";"Sim";2;0;0;1;1;0;1;2;-2,98555597;-41,76017046;"SPRF-PI";"DEL05-PI";"UOP01-DEL05-PI"
118935;2018-03-17;"sábado";"12:20:00";"RJ";40;43;"AREAL";"Velocidade Incompatível";"Saída de leito carroçável";"Com Vítimas Feridas";"Pleno dia";"Decrescente";"Nublado";"Dupla";"Curva";"Não";2;0;1;0;1;0;1;1;-22,19121975;-43,16184998;"SPRF-RJ";"DEL06-RJ";"UOP02-DEL05-RJ"
118936;2018-03-17;"sábado";"11:00:00";"SC";101;371;"ICARA";"Falta de Atenção à Condução";"Capotamento";"Com Vítimas Feridas";"Pleno dia";"Crescente";"Céu Claro";"Dupla";"Reta";"Sim";1;0;1;0;0;0;1;1;-28,707;-49,2058;"SPRF-SC";"DEL02-SC";"UOP01-DEL02-SC"
118937;2018-03-16;"sexta-feira";"19:30:00";"RS";287;461,2;"SAO BORJA";"Falta de Atenção à Condução";"Colisão traseira";"Com Vítimas Fatais";"Anoitecer";"Decrescente";"Céu Claro";"Simples";"Reta";"Não";2;1;0;0;1;0;0;2;-28,973873;-55,3806;"SPRF-RS";"DEL12-RS";"UOP01-DEL12-RS"
118938;2018-03-17;"sábado";"11:45:00";"MG";0;0;"FRUTAL";"Falta de Atenção à Condução";"Colisão transversal";"Sem Vítimas";"Pleno dia";"Não Informado";"Céu Claro";"Simples";"Reta";"Sim";3;0;0;0;3;0;0;2;-19,8399;-48,96348;"SPRF-MG";"DEL13-MG";"UOP02-DEL13-MG"
118940;2018-03-17;"sábado";"09:30:00";"RR";174;674;"PACARAIMA";"Defeito Mecânico no Veículo";"Incêndio";"Sem Vítimas";"Pleno dia";"Crescente";"Céu Claro";"Simples";"Reta";"Não";1;0;0;0;1;0;0;1;4,21455795;-61,01341009;"SPRF-RR";"DEL01-RR";"UOP02-DEL01-RR"
118941;2018-03-17;"sábado";"11:35:00";"RS";101;85,8;"OSORIO";"Falta de Atenção à Condução";"Colisão traseira";"Com Vítimas Feridas";"Pleno dia";"Crescente";"Céu Claro";"Simples";"Reta";"Não";3;0;1;0;2;0;1;2;-29,88113683;-50,26657104;"SPRF-RS";"DEL03-RS";"UOP01-DEL03-RS"
118942;2018-03-17;"sábado";"10:30:00";"PI";135;223;"COLONIA DO GURGUEIA";"Desobediência às normas de trânsito pelo condutor";"Colisão lateral";"Com Vítimas Feridas";"Pleno dia";"Decrescente";"Céu Claro";"Simples";"Reta";"Não";3;0;1;0;2;0;1;2;-8,153824;-43,768879;"SPRF-PI";"DEL03-PI";"UOP02-DEL03-PI"
118943;2018-03-17;"sábado";"13:25:00";"SC";280;52;"GUARAMIRIM";"Defeito Mecânico no Veículo";"Queda de ocupante de veículo";"Com Vítimas Feridas";"Pleno dia";"Decrescente";"Nublado";"Simples";"Reta";"Sim";2;0;2;0;0;0;2;1;-26,46991;-48,96744;"SPRF-SC";"DEL03-SC";"UOP03-DEL03-SC"
118944;2018-03-17;"sábado";"12:50:00";"SC";282;2;"FLORIANOPOLIS";"Falta de Atenção à Condução";"Colisão lateral";"Com Vítimas Feridas";"Pleno dia";"Decrescente";"Céu Claro";"Dupla";"Reta";"Não";2;0;1;0;1;0;1;2;-27,603289;-48,590416;"SPRF-SC";"DEL01-SC";"UOP01-DEL01-SC"
118945;2018-03-17;"sábado";"12:20:00";"ES";262;30,3;"DOMINGOS MARTINS";"Velocidade Incompatível";"Capotamento";"Com Vítimas Feridas";"Pleno dia";"Crescente";"Chuva";"Simples";"Curva";"Não";2;0;2;0;0;0;2;1;-20,38582538;-40,56632996;"SPRF-ES";"DEL01-ES";"UOP01-DEL01-ES"
118946;2018-03-17;"sábado";"13:10:00";"PR";116;119;"CURITIBA";"Falta de Atenção à Condução";"Colisão traseira";"Com Vítimas Feridas";"Pleno dia";"Crescente";"Céu Claro";"Dupla";"Reta";"Sim";3;0;1;0;2;0;1;2;-25,55111467;-49,30526733;"SPRF-PR";"DEL01-PR";"UOP03-DEL01-PR"
118947;2018-03-17;"sábado";"12:55:00";"PR";277;588,7;"CASCAVEL";"Defeito Mecânico no Veículo";"Saída de leito carroçável";"Com Vítimas Feridas";"Pleno dia";"Decrescente";"Céu Claro";"Simples";"Reta;Declive";"Sim";1;0;1;0;0;0;1;1;-24,976197;-53,443202;"SPRF-PR";"DEL04-PR";"UOP01-DEL04-PR"
118948;2018-03-17;"sábado";"13:05:00";"SC";101;19,3;"JOINVILLE";"Ingestão de Álcool";"Colisão com objeto estático";"Com Vítimas Feridas";"Pleno dia";"Crescente";"Chuva";"Dupla";"Curva";"Não";2;0;2;0;0;0;2;1;-26,1409;-48,903;"SPRF-SC";"DEL03-SC";"UOP01-DEL03-SC"
118949;2018-03-17;"sábado";"12:30:00";"MG";267;64,6;"BICAS";"Defeito na Via";"Saída de leito carroçável";"Com Vítimas Feridas";"Pleno dia";"Crescente";"Céu Claro";"Simples";"Reta";"Não";2;0;2;0;0;0;2;1;-21,73997545;-43,12004259;"SPRF-MG";"DEL05-MG";"UOP01-DEL05-MG"
118951;2018-03-17;"sábado";"10:15:00";"RS";158;505;"SANTANA DO LIVRAMENTO";"Falta de Atenção à Condução";"Colisão traseira";"Sem Vítimas";"Pleno dia";"Crescente";"Nublado";"Simples";"Aclive;Em Obras;Reta;Desvio Temporário";"Não";3;0;0;0;3;0;0;3;-30,564863;-55,082924;"SPRF-RS";"DEL11-RS";"UOP01-DEL11-RS"
118953;2018-03-17;"sábado";"10:40:00";"RO";364;424,9;"JARU";"Falta de Atenção à Condução";"Colisão transversal";"Com Vítimas Feridas";"Pleno dia";"Crescente";"Chuva";"Simples";"Interseção de Vias";"Sim";3;0;1;0;2;0;1;3;-10,43834615;-62,47065693;"SPRF-RO";"DEL03-RO";"UOP02-DEL03-RO"
118956;2018-03-17;"sábado";"14:20:00";"RS";392;321,7;"SAO SEPE";"Mal Súbito";"Colisão com objeto estático";"Com Vítimas Feridas";"Pleno dia";"Crescente";"Céu Claro";"Simples";"Reta";"Não";1;0;1;0;0;0;1;1;-29,975817;-53,68895;"SPRF-RS";"DEL09-RS";"UOP01-DEL09-RS"
118957;2018-03-17;"sábado";"14:25:00";"RN";101;117;"SAO JOSE DE MIPIBU";"Velocidade Incompatível";"Saída de leito carroçável";"Com Vítimas Feridas";"Pleno dia";"Crescente";"Céu Claro";"Dupla";"Aclive";"Não";1;0;0;1;0;0;1;1;-6,007576;-35,256966;"SPRF-RN";"DEL01-RN";"UOP01-DEL01-RN"
118959;2018-03-17;"sábado";"14:20:00";"DF";20;13;"BRASILIA";"Ingestão de Álcool";"Saída de leito carroçável";"Com Vítimas Feridas";"Pleno dia";"Crescente";"Nublado";"Dupla";"Reta";"Não";1;0;1;0;0;0;1;1;-15,638752;-47,749599;"SPRF-DF";"DEL02-DF";"UOP01-DEL02-DF"
118960;2018-03-17;"sábado";"14:30:00";"MG";40;446,9;"CAETANOPOLIS";"Objeto estático sobre o leito carroçável";"Saída de leito carroçável";"Com Vítimas Feridas";"Pleno dia";"Crescente";"Sol";"Dupla";"Curva";"Sim";2;0;1;1;0;0;2;1;-19,301;-44,3777;"SPRF-MG";"DEL02-MG";"UOP01-DEL02-MG"
118962;2018-03-17;"sábado";"14:40:00";"GO";60;15;"ALEXANIA";"Falta de Atenção à Condução";"Capotamento";"Sem Vítimas";"Pleno dia";"Decrescente";"Céu Claro";"Dupla";"Reta";"Não";1;0;0;0;1;0;0;1;-16,094168;-48,517212;"SPRF-DF";"DEL01-DF";"UOP01-DEL03-DF"
118963;2018-03-17;"sábado";"11:25:00";"RS";392;243,7;"CACAPAVA DO SUL";"Falta de Atenção à Condução";"Tombamento";"Com Vítimas Feridas";"Pleno dia";"Decrescente";"Céu Claro";"Simples";"Interseção de Vias";"Não";2;0;1;0;1;0;1;1;-30,58945486;-53,38806152;"SPRF-RS";"DEL09-RS";"UOP02-DEL09-RS"
118964;2018-03-17;"sábado";"14:30:00";"RS";290;98,8;"PORTO ALEGRE";"Não guardar distância de segurança";"Colisão traseira";"Sem Vítimas";"Pleno dia";"Crescente";"Céu Claro";"Dupla";"Ponte";"Sim";3;0;0;0;3;0;0;3;-29,98730606;-51,23978544;"SPRF-RS";"DEL01-RS";"UOP01-DEL01-RS"
118968;2018-03-17;"sábado";"15:10:00";"DF";60;9,6;"BRASILIA";"Falta de Atenção à Condução";"Saída de leito carroçável";"Sem Vítimas";"Pleno dia";"Crescente";"Chuva";"Dupla";"Reta";"Não";5;0;0;0;5;0;0;2;-15,90854951;-48,14684607;"SPRF-DF";"DEL01-DF";"UOP01-DEL03-DF"
118970;2018-03-17;"sábado";"15:25:00";"DF";60;5;"BRASILIA";"Falta de Atenção à Condução";"Colisão lateral";"Com Vítimas Feridas";"Pleno dia";"Crescente";"Céu Claro";"Dupla";"Reta";"Não";2;0;1;0;1;0;1;2;-15,895438;-48,104771;"SPRF-DF";"DEL01-DF";"UOP01-DEL03-DF"
118971;2018-03-17;"sábado";"14:30:00";"ES";101;0,2;"SERRA";"Não guardar distância de segurança";"Colisão traseira";"Com Vítimas Feridas";"Pleno dia";"Crescente";"Nublado";"Múltipla";"Reta";"Sim";4;0;1;0;3;0;1;3;-20,23612213;-40,27647018;"SPRF-ES";"DEL02-ES";"UOP01-DEL02-ES"
118973;2018-03-17;"sábado";"15:30:00";"PE";407;127;"PETROLINA";"Desobediência às normas de trânsito pelo condutor";"Colisão transversal";"Com Vítimas Feridas";"Pleno dia";"Crescente";"Céu Claro";"Simples";"Interseção de Vias";"Sim";2;0;1;0;1;0;1;2;-9,39140996;-40,51894069;"SPRF-PE";"DEL06-PE";"UOP01-DEL06-PE"
118974;2018-03-17;"sábado";"15:10:00";"PA";316;44;"SANTA IZABEL DO PARA";"Falta de Atenção à Condução";"Saída de leito carroçável";"Com Vítimas Feridas";"Pleno dia";"Crescente";"Nublado";"Dupla";"Reta";"Sim";2;0;2;0;0;0;2;1;-1,28537;-48,062698;"SPRF-PA";"DEL01-PA";"UOP01-DEL01-PA"
118975;2018-03-17;"sábado";"15:25:00";"PR";116;129;"FAZENDA RIO GRANDE";"Ingestão de Substâncias Psicoativas";"Colisão com objeto estático";"Com Vítimas Feridas";"Pleno dia";"Decrescente";"Sol";"Dupla";"Curva";"Sim";2;0;1;0;0;1;1;2;-25,630278;-49,313812;"SPRF-PR";"DEL01-PR";"UOP03-DEL01-PR"
118977;2018-03-17;"sábado";"15:45:00";"BA";367;28,4;"PORTO SEGURO";"Defeito Mecânico no Veículo";"Capotamento";"Sem Vítimas";"Pleno dia";"Crescente";"Céu Claro";"Simples";"Reta";"Sim";4;0;0;0;4;0;0;1;-16,408607;-39,170006;"SPRF-BA";"DEL09-BA";"UOP01-DEL09-BA"
118979;2018-03-17;"sábado";"15:45:00";"RS";392;352,7;"SANTA MARIA";"Falta de Atenção à Condução";"Colisão lateral";"Com Vítimas Feridas";"Pleno dia";"Crescente";"Céu Claro";"Simples";"Reta;Interseção de Vias;Em Obras";"Sim";3;0;3;0;0;0;3;2;-29,720404;-53,807632;"SPRF-RS";"DEL09-RS";"UOP01-DEL09-RS"
118980;2018-03-17;"sábado";"15:40:00";"SP";116;158;"JACAREI";"Pista Escorregadia";"Queda de ocupante de veículo";"Com Vítimas Feridas";"Pleno dia";"Crescente";"Sol";"Dupla";"Curva";"Sim";2;0;2;0;0;0;2;2;-23,25825513;-45,94902992;"SPRF-SP";"DEL02-SP";"UOP01-DEL02-SP"
118981;2018-03-17;"sábado";"16:30:00";"PE";232;109;"BEZERROS";"Defeito Mecânico no Veículo";"Saída de leito carroçável";"Com Vítimas Fatais";"Pleno dia";"Decrescente";"Céu Claro";"Dupla";"Reta";"Não";4;1;3;0;0;0;3;1;-8,26086717;-35,79135422;"SPRF-PE";"DEL02-PE";"UOP03-DEL02-PE"
118984;2018-03-17;"sábado";"16:40:00";"RN";427;2,8;"CURRAIS NOVOS";"Defeito Mecânico no Veículo";"Queda de ocupante de veículo";"Com Vítimas Feridas";"Pleno dia";"Decrescente";"Céu Claro";"Simples";"Curva";"Não";2;0;0;2;0;0;2;1;-6,282889;-36,521175;"SPRF-RN";"DEL03-RN";"UOP02-DEL03-RN"
118987;2018-03-17;"sábado";"16:40:00";"RJ";40;119;"DUQUE DE CAXIAS";"Desobediência às normas de trânsito pelo pedestre";"Atropelamento de Pedestre";"Com Vítimas Fatais";"Pleno dia";"Crescente";"Nublado";"Múltipla";"Reta";"Sim";3;1;0;0;1;1;0;2;-22,78504467;-43,28613281;"SPRF-RJ";"DEL01-RJ";"UOP01-DEL01-RJ"
118988;2018-03-17;"sábado";"16:45:00";"RS";116;233,4;"NOVO HAMBURGO";"Desobediência às normas de trânsito pelo condutor";"Colisão traseira";"Com Vítimas Feridas";"Pleno dia";"Decrescente";"Sol";"Simples";"Aclive;Reta";"Sim";3;0;1;0;2;0;1;2;-29,6455329;-51,14341199;"SPRF-RS";"DEL01-RS";"UOP02-DEL01-RS"
118990;2018-03-17;"sábado";"17:00:00";"SC";101;209,9;"SAO JOSE";"Ingestão de Álcool";"Colisão traseira";"Com Vítimas Feridas";"Pleno dia";"Decrescente";"Céu Claro";"Dupla";"Reta";"Sim";2;0;1;1;0;0;2;2;-27,6176;-48,6463;"SPRF-SC";"DEL01-SC";"UOP01-DEL01-SC"
118994;2018-03-17;"sábado";"16:15:00";"MS";163;238,2;"CAARAPO";"Falta de Atenção à Condução";"Saída de leito carroçável";"Sem Vítimas";"Pleno dia";"Decrescente";"Céu Claro";"Simples";"Reta";"Não";1;0;0;0;1;0;0;1;-22,41610671;-54,79637146;"SPRF-MS";"DEL04-MS";"UOP02-DEL04-MS"
118995;2018-03-17;"sábado";"17:30:00";"PR";373;184;"PONTA GROSSA";"Falta de Atenção à Condução";"Queda de ocupante de veículo";"Com Vítimas Feridas";"Pleno dia";"Crescente";"Nublado";"Simples";"Curva";"Não";1;0;1;0;0;0;1;1;-25,04050445;-50,2809906;"SPRF-PR";"DEL03-PR";"UOP01-DEL03-PR"
118996;2018-03-17;"sábado";"06:35:00";"SC";158;112,8;"CUNHA PORA";"Falta de Atenção à Condução";"Tombamento";"Com Vítimas Feridas";"Amanhecer";"Crescente";"Céu Claro";"Simples";"Reta";"Não";1;0;1;0;0;0;1;1;-26,760532;-53,174904;"SPRF-SC";"DEL07-SC";"UOP02-DEL07-SC"
118997;2018-03-17;"sábado";"12:15:00";"RR";174;141;"RORAINOPOLIS";"Defeito na Via";"Saída de leito carroçável";"Sem Vítimas";"Pleno dia";"Decrescente";"Céu Claro";"Simples";"Curva";"Não";1;0;0;0;1;0;0;1;0,32460993;-60,52393913;"SPRF-RR";"DEL01-RR";"UOP01-DEL01-RR"
118998;2018-03-17;"sábado";"17:00:00";"PR";369;129,8;"JATAIZINHO";"Desobediência às normas de trânsito pelo condutor";"Colisão transversal";"Com Vítimas Feridas";"Pleno dia";"Decrescente";"Céu Claro";"Dupla";"Reta";"Sim";2;0;0;1;1;0;1;2;-23,26279582;-50,97381592;"SPRF-PR";"DEL07-PR";"UOP01-DEL07-PR"