"id";"data_inversa";"dia_semana";"horario";"uf";"br";"km";"municipio";"causa_acidente";"tipo_acidente";"classificacao_acidente";"fase_dia";"sentido_via";"condicao_metereologica";"tipo_pista";"tracado_via";"uso_solo";"pessoas";"mortos";"feridos_leves";"feridos_graves";"ilesos";"ignorados";"feridos";"veiculos";"latitude";"longitude";"regional";"delegacia";"uop"
119115;2018-03-18;"domingo";"05:20:00";"SP";116;95;"PINDAMONHANGABA";"Defeito Mecânico no Veículo";"Tombamento";"Com Vítimas Feridas";"Amanhecer";"Decrescente";"Nublado";"Dupla";"Reta";"Não";1;0;1;0;0;0;1;1;-22,965269;-45,430374;"SPRF-SP";"DEL06-SP";"UOP01-DEL06-SP"
119116;2018-03-18;"domingo";"04:45:00";"SC";282;2,2;"FLORIANOPOLIS";"Falta de Atenção à Condução";"Colisão traseira";"Sem Vítimas";"Plena Noite";"Crescente";"Nublado";"Dupla";"Reta";"Sim";2;0;0;0;2;0;0;2;-27,603289;-48,590416;"SPRF-SC";"DEL01-SC";"UOP01-DEL01-SC"
119117;2018-01-12;"sexta-feira";"20:40:00";"DF";60;5,9;"BRASILIA";"Ingestão de Álcool";"Colisão traseira";"Sem Vítimas";"Plena Noite";"Crescente";"Céu Claro";"Dupla";"Reta";"Sim";2;0;0;0;2;0;0;2;-15,89768344;-48,11222929;"SPRF-DF";"DEL01-DF";"UOP01-DEL03-DF"
119118;2018-03-18;"domingo";"04:00:00";"PA";10;330,7;"SAO MIGUEL DO GUAMA";"Restrição de Visibilidade";"Colisão traseira";"Com Vítimas Feridas";"Plena Noite";"Crescente";"Céu Claro";"Simples";"Reta";"Não";3;0;1;1;1;0;2;2;-1,55452293;-47,51182726;"SPRF-PA";"DEL01-PA";"UOP02-DEL01-PA"
119119;2018-03-18;"domingo";"05:20:00";"RJ";393;243;"VASSOURAS";"Desobediência às normas de trânsito pelo condutor";"Colisão frontal";"Com Vítimas Feridas";"Plena Noite";"Crescente";"Nublado";"Simples";"Declive";"Não";4;0;1;3;0;0;4;2;-22,43278804;-43,73548597;"SPRF-RJ";"DEL05-RJ";"UOP03-DEL05-RJ"
119120;2018-03-18;"domingo";"05:50:00";"GO";153;506,5;"APARECIDA DE GOIANIA";"Ingestão de Álcool";"Saída de leito carroçável";"Com Vítimas Feridas";"Amanhecer";"Crescente";"Céu Claro";"Dupla";"Reta";"Sim";1;0;0;1;0;0;1;1;-16,7633;-49,24;"SPRF-GO";"DEL01-GO";"UOP01-DEL01-GO"
119121;2018-03-18;"domingo";"06:05:00";"DF";80;14,9;"BRASILIA";"Defeito Mecânico no Veículo";"Saída de leito carroçável";"Com Vítimas Fatais";"Amanhecer";"Crescente";"Nublado";"Simples";"Declive";"Não";7;1;6;0;0;0;6;1;-15,71105038;-48,19929231;"SPRF-DF";"DEL01-DF";"UOP02-DEL03-DF"
119123;2018-03-18;"domingo";"04:40:00";"RO";364;525;"ARIQUEMES";"Ingestão de álcool e/ou substâncias psicoativas pelo pedestre";"Queda de ocupante de veículo";"Com Vítimas Feridas";"Plena Noite";"Crescente";"Céu Claro";"Simples";"Reta";"Não";1;0;1;0;0;0;1;1;-9,836729;-63,065918;"SPRF-RO";"DEL03-RO";"UOP01-DEL03-RO"
119124;2018-03-18;"domingo";"06:30:00";"PR";277;13;"PARANAGUA";"Condutor Dormindo";"Colisão com objeto estático";"Com Vítimas Feridas";"Amanhecer";"Decrescente";"Nublado";"Dupla";"Reta";"Não";2;0;2;0;0;0;2;1;-25,5399633;-48,71818542;"SPRF-PR";"DEL01-PR";"UOP05-DEL01-PR"
119125;2018-03-18;"domingo";"05:42:00";"SC";470;7,4;"NAVEGANTES";"Falta de Atenção à Condução";"Colisão transversal";"Com Vítimas Feridas";"Amanhecer";"Decrescente";"Nublado";"Simples";"Reta";"Não";7;0;5;0;2;0;5;3;-26,84499;-48,71505;"SPRF-SC";"DEL04-SC";"UOP04-DEL04-SC"
119126;2018-03-18;"domingo";"06:00:00";"PI";343;333;"TERESINA";"Falta de Atenção à Condução";"Capotamento";"Sem Vítimas";"Pleno dia";"Crescente";"Céu Claro";"Simples";"Curva";"Sim";1;0;0;0;0;1;0;1;-5,08684054;-42,79655457;"SPRF-PI";"DEL01-PI";"UOP01-DEL01-PI"
119127;2018-03-18;"domingo";"04:00:00";"RS";116;559,5;"PEDRO OSORIO";"Condutor Dormindo";"Saída de leito carroçável";"Com Vítimas Feridas";"Plena Noite";"Decrescente";"Ignorado";"Simples";"Reta";"Não";1;0;1;0;0;0;1;1;-31,91788187;-52,69757509;"SPRF-RS";"DEL07-RS";"UOP03-DEL07-RS"
119128;2018-03-18;"domingo";"04:50:00";"SP";153;344,9;"OURINHOS";"Ingestão de Substâncias Psicoativas";"Colisão com objeto estático";"Sem Vítimas";"Plena Noite";"Decrescente";"Céu Claro";"Simples";"Curva";"Sim";1;0;0;0;1;0;0;1;-22,972828;-49,900843;"SPRF-SP";"DEL07-SP";"UOP03-DEL07-SP"
119129;2018-03-18;"domingo";"06:20:00";"MG";262;360;"BETIM";"Velocidade Incompatível";"Capotamento";"Sem Vítimas";"Amanhecer";"Crescente";"Garoa/Chuvisco";"Dupla";"Retorno Regulamentado";"Não";1;0;0;0;0;1;0;1;-19,97603804;-44,25957546;"SPRF-MG";"DEL01-MG";"UOP03-DEL01-MG"
119130;2018-03-18;"domingo";"05:55:00";"MT";163;1057;"GUARANTA DO NORTE";"Ingestão de Álcool";"Saída de leito carroçável";"Sem Vítimas";"Pleno dia";"Decrescente";"Céu Claro";"Simples";"Reta";"Não";1;0;0;0;1;0;0;1;-9,97290825;-54,90898132;"SPRF-MT";"DEL06-MT";"UOP02-DEL06-MT"
119132;2018-03-17;"sábado";"22:30:00";"SC";470;98,7;"APIUNA";"Desobediência às normas de trânsito pelo condutor";"Colisão traseira";"Com Vítimas Feridas";"Plena Noite";"Crescente";"Ignorado";"Simples";"Reta";"Sim";3;0;1;0;1;1;1;2;-27,02587924;-49,37655509;"SPRF-SC";"DEL04-SC";"UOP01-DEL04-SC"
119133;2018-03-18;"domingo";"06:30:00";"MG";381;337;"BELA VISTA DE MINAS";"Pista Escorregadia";"Capotamento";"Sem Vítimas";"Amanhecer";"Crescente";"Garoa/Chuvisco";"Múltipla";"Curva";"Não";1;0;0;0;1;0;0;1;-19,80805413;-43,07327271;"SPRF-MG";"DEL03-MG";"UOP01-DEL03-MG"
119135;2018-03-18;"domingo";"06:30:00";"MG";381;336;"NOVA ERA";"Velocidade Incompatível";"Saída de leito carroçável";"Com Vítimas Feridas";"Amanhecer";"Crescente";"Nublado";"Simples";"Aclive;Curva";"Não";5;0;2;0;3;0;2;1;-19,76727342;-43,03271775;"SPRF-MG";"DEL03-MG";"UOP01-DEL03-MG"
119136;2018-03-18;"domingo";"02:45:00";"MG";40;697;"BARBACENA";"Falta de Atenção à Condução";"Queda de ocupante de veículo";"Com Vítimas Feridas";"Plena Noite";"Crescente";"Céu Claro";"Dupla";"Reta";"Não";1;0;0;1;0;0;1;1;-21,21001928;-43,74388933;"SPRF-MG";"DEL05-MG";"UOP02-DEL05-MG"
119137;2018-03-18;"domingo";"06:00:00";"MS";163;380;"NOVA ALVORADA DO SUL";"Ingestão de Álcool";"Saída de leito carroçável";"Com Vítimas Feridas";"Pleno dia";"Crescente";"Céu Claro";"Simples";"Reta";"Não";1;0;0;1;0;0;1;1;-21,33378;-54,421099;"SPRF-MS";"DEL02-MS";"UOP01-DEL02-MS"
119138;2018-03-18;"domingo";"06:20:00";"MT";364;375;"CUIABA";"Falta de Atenção à Condução";"Saída de leito carroçável";"Sem Vítimas";"Pleno dia";"Crescente";"Céu Claro";"Dupla";"Reta";"Não";1;0;0;0;1;0;0;1;-15,704568;-55,719036;"SPRF-MT";"DEL02-MT";"UOP02-DEL01-MT"
119139;2018-03-18;"domingo";"06:00:00";"RS";158;329,1;"SANTA MARIA";"Falta de Atenção à Condução";"Capotamento";"Com Vítimas Feridas";"Amanhecer";"Decrescente";"Céu Claro";"Dupla";"Reta";"Sim";3;0;0;1;0;2;1;2;-29,70652;-53,828564;"SPRF-RS";"DEL09-RS";"UOP01-DEL09-RS"
119140;2018-03-18;"domingo";"06:20:00";"MT";364;261,5;"JUSCIMEIRA";"Falta de Atenção à Condução";"Capotamento";"Sem Vítimas";"Pleno dia";"Decrescente";"Céu Claro";"Simples";"Declive";"Sim";1;0;0;0;1;0;0;1;-16,023325;-54,899853;"SPRF-MT";"DEL02-MT";"UOP02-DEL05-MT"
119141;2018-03-18;"domingo";"06:30:00";"RS";470;234;"CARLOS BARBOSA";"Falta de Atenção à Condução";"Capotamento";"Com Vítimas Feridas";"Amanhecer";"Crescente";"Céu Claro";"Simples";"Reta";"Não";1;0;1;0;0;0;1;1;-29,32423375;-51,49870276;"SPRF-RS";"DEL06-RS";"UOP01-DEL06-RS"
119142;2018-03-18;"domingo";"06:40:00";"RO";364;343;"JI-PARANA";"Falta de Atenção à Condução";"Queda de ocupante de veículo";"Com Vítimas Feridas";"Pleno dia";"Crescente";"Céu Claro";"Dupla";"Reta";"Sim";2;0;2;0;0;0;2;1;-10,878848;-61,944893;"SPRF-RO";"DEL02-RO";"UOP01-DEL02-RO"
119143;2018-03-18;"domingo";"07:15:00";"MG";40;563;"NOVA LIMA";"Ingestão de Álcool";"Saída de leito carroçável";"Sem Vítimas";"Pleno dia";"Crescente";"Nublado";"Dupla";"Curva";"Sim";1;0;0;0;1;0;0;1;-20,1602;-43,9646;"SPRF-MG";"DEL01-MG";"UOP02-DEL01-MG"
119144;2018-03-18;"domingo";"01:00:00";"PR";376;669;"GUARATUBA";"Velocidade Incompatível";"Saída de leito carroçável";"Sem Vítimas";"Plena Noite";"Decrescente";"Nublado";"Dupla";"Curva";"Não";1;0;0;0;0;1;0;1;-25,87339074;-48,93603888;"SPRF-PR";"DEL01-PR";"DEL7/1-UOP08/PR"
119145;2018-03-18;"domingo";"07:50:00";"DF";60;3;"BRASILIA";"Falta de Atenção à Condução";"Colisão traseira";"Com Vítimas Feridas";"Pleno dia";"Crescente";"Nublado";"Dupla";"Reta";"Sim";2;0;1;0;1;0;1;2;-15,88820153;-48,08075124;"SPRF-DF";"DEL01-DF";"UOP01-DEL03-DF"
119147;2018-03-18;"domingo";"08:00:00";"MG";381;346;"BELA VISTA DE MINAS";"Pista Escorregadia";"Danos eventuais";"Sem Vítimas";"Pleno dia";"Crescente";"Chuva";"Múltipla";"Curva";"Não";1;0;0;0;1;0;0;1;-19,83001725;-43,07395935;"SPRF-MG";"DEL03-MG";"UOP01-DEL03-MG"
119149;2018-03-18;"domingo";"08:15:00";"SC";282;0,2;"FLORIANOPOLIS";"Ingestão de Álcool";"Colisão traseira";"Com Vítimas Feridas";"Pleno dia";"Crescente";"Céu Claro";"Dupla";"Curva";"Não";3;0;3;0;0;0;3;2;-27,598;-48,579;"SPRF-SC";"DEL01-SC";"UOP01-DEL01-SC"
119150;2018-03-18;"domingo";"07:00:00";"MG";381;383;"MATEUS LEME";"Velocidade Incompatível";"Saída de leito carroçável";"Sem Vítimas";"Pleno dia";"Crescente";"Céu Claro";"Dupla";"Curva";"Não";1;0;0;0;1;0;0;1;-19,93727795;-44,44650397;"SPRF-MG";"DEL01-MG";"UOP01-DEL01-MG"
119151;2018-03-18;"domingo";"08:10:00";"MA";135;23,2;"SAO LUIS";"Falta de Atenção à Condução";"Colisão transversal";"Sem Vítimas";"Pleno dia";"Decrescente";"Nublado";"Dupla";"Interseção de Vias";"Sim";4;0;0;0;3;1;0;3;-2,55207151;-44,30733025;"SPRF-MA";"DEL01-MA";"UOP01-DEL01-MA"
119152;2018-03-18;"domingo";"07:25:00";"SC";282;633;"DESCANSO";"Falta de Atenção à Condução";"Colisão transversal";"Com Vítimas Feridas";"Pleno dia";"Decrescente";"Céu Claro";"Simples";"Curva";"Não";2;0;0;1;1;0;1;2;-26,824224;-53,412407;"SPRF-SC";"DEL07-SC";"UOP03-DEL07-SC"
119155;2018-03-18;"domingo";"08:30:00";"RJ";40;109;"DUQUE DE CAXIAS";"Pista Escorregadia";"Queda de ocupante de veículo";"Com Vítimas Feridas";"Pleno dia";"Decrescente";"Sol";"Múltipla";"Curva";"Sim";1;0;1;0;0;0;1;1;-22,67237243;-43,28452257;"SPRF-RJ";"DEL01-RJ";"UOP01-DEL01-RJ"
119156;2018-03-18;"domingo";"07:40:00";"RJ";101;501,6;"ANGRA DOS REIS";"Falta de Atenção à Condução";"Capotamento";"Com Vítimas Feridas";"Pleno dia";"Decrescente";"Céu Claro";"Simples";"Reta";"Sim";1;0;1;0;0;0;1;1;-22,92565039;-44,37059619;"SPRF-RJ";"DEL03-RJ";"UOP03-DEL03-RJ"
119159;2018-03-18;"domingo";"09:00:00";"RN";304;113,9;"ACU";"Desobediência às normas de trânsito pelo condutor";"Colisão transversal";"Com Vítimas Feridas";"Pleno dia";"Crescente";"Céu Claro";"Simples";"Reta";"Não";3;0;1;1;1;0;2;2;-5,61188571;-36,90444946;"SPRF-RN";"DEL04-RN";"UOP01-DEL04-RN"
119160;2018-03-18;"domingo";"09:25:00";"SP";116;4;"GUARULHOS";"Não guardar distância de segurança";"Colisão traseira";"Sem Vítimas";"Pleno dia";"Decrescente";"Sol";"Dupla";"Reta";"Sim";2;0;0;0;2;0;0;2;-23,42331;-46,487894;"SPRF-SP";"DEL01-SP";"UOP01-DEL01-SP"
119163;2018-03-18;"domingo";"10:00:00";"GO";60;19;"ALEXANIA";"Falta de Atenção à Condução";"Saída de leito carroçável";"Com Vítimas Feridas";"Pleno dia";"Crescente";"Nublado";"Dupla";"Curva";"Não";2;0;1;0;1;0;1;2;-16,11480171;-48,38579871;"SPRF-DF";"DEL01-DF";"UOP01-DEL03-DF"
119164;2018-03-18;"domingo";"10:00:00";"SP";116;92,5;"PINDAMONHANGABA";"Defeito Mecânico no Veículo";"Tombamento";"Com Vítimas Feridas";"Pleno dia";"Decrescente";"Sol";"Dupla";"Reta";"Não";2;0;2;0;0;0;2;1;-22,952322;-45,404633;"SPRF-SP";"DEL06-SP";"UOP01-DEL06-SP"
119165;2018-03-16;"sexta-feira";"20:00:00";"PR";277;592,3;"CASCAVEL";"Falta de Atenção à Condução";"Tombamento";"Com Vítimas Feridas";"Plena Noite";"Decrescente";"Céu Claro";"Simples";"Reta";"Sim";1;0;1;0;0;0;1;1;-24,9818909;-53,47627133;"SPRF-PR";"DEL04-PR";"UOP01-DEL04-PR"
119166;2018-03-18;"domingo";"09:15:00";"RS";290;53;"GLORINHA";"Defeito Mecânico no Veículo";"Tombamento";"Com Vítimas Feridas";"Pleno dia";"Crescente";"Sol";"Dupla";"Reta";"Não";2;0;1;0;1;0;1;1;-29,9124722;-50,78989953;"SPRF-RS";"DEL03-RS";"UOP02-DEL03-RS"
119167;2018-03-18;"domingo";"09:10:00";"BA";415;32;"ILHEUS";"Animais na Pista";"Tombamento";"Com Vítimas Feridas";"Pleno dia";"Decrescente";"Sol";"Simples";"Reta";"Não";1;0;1;0;0;0;1;1;-14,8482;-39,281986;"SPRF-BA";"DEL05-BA";"UOP01-DEL05-BA"
119168;2018-03-18;"domingo";"09:50:00";"MG";40;500,3;"ESMERALDAS";"Desobediência às normas de trânsito pelo condutor";"Tombamento";"Com Vítimas Feridas";"Pleno dia";"Decrescente";"Nublado";"Dupla";"Reta";"Não";1;0;1;0;0;0;1;1;-19,7116;-44,1633;"SPRF-MG";"DEL02-MG";"UOP01-DEL02-MG"
119169;2018-03-17;"sábado";"17:35:00";"RJ";101;498;"ANGRA DOS REIS";"Agressão Externa";"Colisão com objeto estático";"Com Vítimas Feridas";"Anoitecer";"Decrescente";"Ignorado";"Simples";"Reta";"Não";3;0;1;0;2;0;1;2;-23,0057347;-44,3157591;"SPRF-RJ";"DEL03-RJ";"UOP03-DEL03-RJ"
119171;2018-03-18;"domingo";"10:25:00";"RS";290;113,9;"ELDORADO DO SUL";"Falta de Atenção à Condução";"Colisão traseira";"Com Vítimas Feridas";"Pleno dia";"Crescente";"Céu Claro";"Simples";"Reta";"Não";3;0;1;0;2;0;1;2;-30,043636;-51,337456;"SPRF-RS";"DEL02-RS";"UOP01-DEL02-RS"
119174;2018-03-17;"sábado";"12:30:00";"BA";330;783,6;"IPIAU";"Não guardar distância de segurança";"Colisão lateral";"Com Vítimas Feridas";"Pleno dia";"Crescente";"Céu Claro";"Simples";"Reta";"Sim";2;0;0;1;1;0;1;2;-14,165522;-39,687977;"SPRF-BA";"DEL03-BA";"UOP01-DEL03-BA"
119175;2018-03-18;"domingo";"10:30:00";"RS";101;85,9;"OSORIO";"Falta de Atenção à Condução";"Colisão transversal";"Com Vítimas Feridas";"Pleno dia";"Decrescente";"Sol";"Dupla";"Rotatória";"Sim";4;0;4;0;0;0;4;2;-29,87939724;-50,26095986;"SPRF-RS";"DEL03-RS";"UOP01-DEL03-RS"
119176;2018-03-18;"domingo";"11:00:00";"SC";101;214,9;"PALHOCA";"Falta de Atenção à Condução";"Colisão lateral";"Com Vítimas Feridas";"Pleno dia";"Decrescente";"Céu Claro";"Múltipla";"Reta";"Sim";2;0;0;1;0;1;1;2;-27,6518859;-48,6759329;"SPRF-SC";"DEL01-SC";"UOP02-DEL01-SC"
119177;2018-03-18;"domingo";"11:10:00";"RN";226;44,2;"BOM JESUS";"Velocidade Incompatível";"Colisão lateral";"Sem Vítimas";"Pleno dia";"Decrescente";"Céu Claro";"Simples";"Declive";"Não";3;0;0;0;3;0;0;3;-5,956964;-35,562416;"SPRF-RN";"DEL01-RN";"UOP02-DEL01-RN"
119178;2018-03-18;"domingo";"09:10:00";"SC";282;568;"NOVA ERECHIM";"Falta de Atenção à Condução";"Colisão lateral";"Sem Vítimas";"Pleno dia";"Crescente";"Céu Claro";"Simples";"Rotatória";"Sim";2;0;0;0;2;0;0;2;-26,90519409;-52,90322542;"SPRF-SC";"DEL07-SC";"UOP02-DEL07-SC"
119179;2018-03-18;"domingo";"10:50:00";"PE";116;26,2;"SALGUEIRO";"Falta de Atenção do Pedestre";"Atropelamento de Pedestre";"Com Vítimas Feridas";"Pleno dia";"Decrescente";"Céu Claro";"Simples";"Rotatória";"Sim";2;0;1;0;1;0;1;2;-8,069921;-39,13364;"SPRF-PE";"DEL05-PE";"UOP01-DEL05-PE"
119181;2018-03-18;"domingo";"11:00:00";"MA";316;248;"BOM JARDIM";"Defeito na Via";"Colisão lateral";"Sem Vítimas";"Pleno dia";"Crescente";"Céu Claro";"Simples";"Reta";"Não";3;0;0;0;3;0;0;3;-3,65434208;-45,47721863;"SPRF-MA";"DEL02-MA";"UI04-DEL02-MA"
119182;2018-03-18;"domingo";"11:40:00";"PB";230;18,6;"JOAO PESSOA";"Falta de Atenção à Condução";"Queda de ocupante de veículo";"Com Vítimas Feridas";"Pleno dia";"Crescente";"Sol";"Dupla";"Curva";"Sim";1;0;1;0;0;0;1;1;-7,1198;-34,8453;"SPRF-PB";"DEL01-PB";"UOP01-DEL01-PB"
119183;2018-03-18;"domingo";"11:10:00";"SP";381;85,4;"SAO PAULO";"Falta de Atenção do Pedestre";"Atropelamento de Pedestre";"Com Vítimas Feridas";"Pleno dia";"Crescente";"Céu Claro";"Dupla";"Reta";"Sim";2;0;0;1;1;0;1;2;-23,45836035;-46,57154633;"SPRF-SP";"DEL03-SP";"DEL6/3-UOP03/SP"
119185;2018-03-18;"domingo";"11:30:00";"SP";381;61;"MAIRIPORA";"Velocidade Incompatível";"Tombamento";"Com Vítimas Feridas";"Pleno dia";"Crescente";"Céu Claro";"Dupla";"Curva;Declive";"Não";1;0;1;0;0;0;1;1;-23,29166295;-46,58787048;"SPRF-SP";"DEL03-SP";"UOP01-DEL03-SP"
119186;2018-03-18;"domingo";"12:20:00";"PA";163;1002,5;"SANTAREM";"Falta de Atenção à Condução";"Colisão transversal";"Com Vítimas Feridas";"Pleno dia";"Crescente";"Céu Claro";"Simples";"Interseção de Vias";"Não";5;0;0;2;3;0;2;2;-2,45041618;-54,72976953;"SPRF-PA";"DEL05-PA";"UOP01-DEL05-PA"
119187;2018-03-18;"domingo";"11:30:00";"RJ";101;270;"RIO BONITO";"Ultrapassagem Indevida";"Colisão lateral";"Com Vítimas Feridas";"Pleno dia";"Decrescente";"Céu Claro";"Dupla";"Reta";"Sim";2;0;1;0;1;0;1;2;-22,718523;-42,686893;"SPRF-RJ";"DEL02-RJ";"UOP03-DEL02-RJ"
119188;2018-03-18;"domingo";"11:35:00";"MT";163;758,9;"SORRISO";"Ingestão de Álcool";"Capotamento";"Com Vítimas Feridas";"Pleno dia";"Decrescente";"Sol";"Dupla";"Curva";"Sim";3;0;1;1;1;0;2;1;-12,51434674;-55,69381714;"SPRF-MT";"DEL06-MT";"UOP01-DEL06-MT"
119189;2018-03-18;"domingo";"12:30:00";"ES";101;302;"VIANA";"Pista Escorregadia";"Tombamento";"Com Vítimas Feridas";"Pleno dia";"Crescente";"Céu Claro";"Dupla";"Reta";"Sim";1;0;0;1;0;0;1;1;-20,382972;-40,4597032;"SPRF-ES";"DEL01-ES";"UOP01-DEL01-ES"
119190;2018-03-18;"domingo";"11:00:00";"SC";470;108,7;"APIUNA";"Defeito Mecânico no Veículo";"Tombamento";"Com Vítimas Feridas";"Pleno dia";"Crescente";"Céu Claro";"Simples";"Reta";"Sim";2;0;1;0;1;0;1;1;-27,080708;-49,440491;"SPRF-SC";"DEL04-SC";"UOP02-DEL04-SC"
119191;2018-03-18;"domingo";"12:55:00";"PR";376;601;"CURITIBA";"Falta de Atenção à Condução";"Colisão lateral";"Sem Vítimas";"Pleno dia";"Crescente";"Céu Claro";"Dupla";"Curva";"Sim";2;0;0;0;2;0;0;2;-25,53872419;-49,31144714;"SPRF-PR";"DEL01-PR";"UOP06-DEL01-PR"
119192;2018-03-17;"sábado";"20:00:00";"CE";226;260,8;"TAUA";"Desobediência às normas de trânsito pelo condutor";"Capotamento";"Com Vítimas Fatais";"Plena Noite";"Crescente";"Ignorado";"Simples";"Reta";"Não";2;1;0;1;0;0;1;1;-5,44238941;-40,06645203;"SPRF-CE";"DEL02-CE";"UOP02-DEL02-CE"
119194;2018-03-18;"domingo";"11:00:00";"BA";101;338;"TEOLANDIA";"Falta de Atenção à Condução";"Capotamento";"Sem Vítimas";"Pleno dia";"Crescente";"Nublado";"Simples";"Curva";"Não";4;0;0;0;4;0;0;1;-13,5349;-39,4484;"SPRF-BA";"DEL05-BA";"UOP03-DEL05-BA"
119195;2018-03-18;"domingo";"13:45:00";"PA";316;41;"SANTA IZABEL DO PARA";"Avarias e/ou desgaste excessivo no pneu";"Saída de leito carroçável";"Com Vítimas Feridas";"Pleno dia";"Crescente";"Chuva";"Dupla";"Reta";"Não";2;0;2;0;0;0;2;1;-1,285225;-48,148689;"SPRF-PA";"DEL01-PA";"UOP01-DEL01-PA"
119197;2018-03-06;"terça-feira";"17:00:00";"SP";116;215;"GUARULHOS";"Agressão Externa";"Colisão lateral";"Com Vítimas Feridas";"Pleno dia";"Crescente";"Nublado";"Múltipla";"Reta";"Sim";2;0;1;0;0;1;1;2;-23,44755001;-46,45639373;"SPRF-SP";"DEL01-SP";"UOP01-DEL01-SP"
119199;2018-03-18;"domingo";"07:40:00";"MA";222;637;"ACAILANDIA";"Condutor Dormindo";"Saída de leito carroçável";"Com Vítimas Feridas";"Pleno dia";"Crescente";"Chuva";"Simples";"Reta";"Não";1;0;1;0;0;0;1;1;-4,78310046;-47,18215942;"SPRF-MA";"DEL04-MA";"UOP03-DEL04-MA"
119200;2018-03-18;"domingo";"08:00:00";"PR";277;396;"CANDOI";"Ingestão de Álcool";"Saída de leito carroçável";"Com Vítimas Feridas";"Pleno dia";"Decrescente";"Nublado";"Simples";"Reta";"Não";1;0;1;0;0;0;1;1;-25,45249748;-51,93634272;"SPRF-PR";"DEL03-PR";"UOP01-DEL08-PR"
119201;2018-03-18;"domingo";"14:15:00";"PR";376;214;"CAMPO LARGO";"Falta de Atenção à Condução";"Saída de leito carroçável";"Sem Vítimas";"Pleno dia";"Crescente";"Céu Claro";"Dupla";"Reta";"Não";1;0;0;0;1;0;0;1;-25,445097;-49,50071;"SPRF-PR";"DEL07-PR";"UOP03-DEL07-PR"
119202;2018-03-18;"domingo";"14:00:00";"GO";153;569,4;"PROFESSOR JAMIL";"Falta de Atenção à Condução";"Saída de leito carroçável";"Sem Vítimas";"Pleno dia";"Decrescente";"Nublado";"Dupla";"Reta";"Não";2;0;0;0;2;0;0;1;-17,2943;-49,2347;"SPRF-GO";"DEL03-GO";"UOP01-DEL03-GO"
119203;2018-03-18;"domingo";"14:20:00";"GO";60;116;"TEREZOPOLIS DE GOIAS";"Falta de Atenção à Condução";"Saída de leito carroçável";"Com Vítimas Feridas";"Pleno dia";"Crescente";"Chuva";"Dupla";"Curva";"Não";2;0;1;0;1;0;1;1;-16,4732;-49,0789;"SPRF-GO";"DEL01-GO";"UOP01-DEL01-GO"
119204;2018-03-18;"domingo";"13:40:00";"MG";40;790;"JUIZ DE FORA";"Falta de Atenção à Condução";"Tombamento";"Com Vítimas Feridas";"Pleno dia";"Crescente";"Céu Claro";"Dupla";"Reta";"Não";1;0;1;0;0;0;1;1;-21,7788;-43,4245;"SPRF-MG";"DEL05-MG";"UOP01-DEL05-MG"
119205;2018-03-18;"domingo";"14:40:00";"RS";116;147;"CAXIAS DO SUL";"Desobediência às normas de trânsito pelo condutor";"Colisão transversal";"Com Vítimas Feridas";"Pleno dia";"Decrescente";"Nublado";"Dupla";"Reta";"Sim";3;0;2;0;1;0;2;2;-29,16033642;-51,14479065;"SPRF-RS";"DEL05-RS";"UOP01-DEL05-RS"
119206;2018-03-18;"domingo";"14:00:00";"PA";10;352;"SANTA MARIA DO PARA";"Defeito Mecânico no Veículo";"Saída de leito carroçável";"Sem Vítimas";"Pleno dia";"Crescente";"Sol";"Simples";"Reta";"Sim";1;0;0;0;1;0;0;1;-1,356462;-47,57423;"SPRF-PA";"DEL01-PA";"UOP02-DEL01-PA"
119207;2018-03-18;"domingo";"09:00:00";"MG";381;423;"CAETE";"Restrição de Visibilidade";"Colisão traseira";"Com Vítimas Feridas";"Pleno dia";"Decrescente";"Nublado";"Simples";"Reta";"Não";3;0;0;1;2;0;1;2;-19,76282638;-43,64062965;"SPRF-MG";"DEL01-MG";"UOP01-DEL01-MG"
119210;2018-03-18;"domingo";"15:20:00";"MG";381;890;"CAMBUI";"Falta de Atenção à Condução";"Colisão traseira";"Com Vítimas Feridas";"Pleno dia";"Crescente";"Céu Claro";"Dupla";"Reta";"Não";4;0;3;1;0;0;4;2;-22,53798689;-46,03681594;"SPRF-MG";"DEL16-MG";"UOP03-DEL16-MG"
119211;2018-02-06;"terça-feira";"17:50:00";"RS";290;721;"URUGUAIANA";"Falta de Atenção à Condução";"Colisão transversal";"Sem Vítimas";"Pleno dia";"Decrescente";"Céu Claro";"Simples";"Curva";"Sim";3;0;0;0;3;0;0;2;-29,77152983;-57,04101563;"SPRF-RS";"DEL13-RS";"UOP01-DEL13-RS"
119213;2018-03-18;"domingo";"15:50:00";"RJ";116;265,1;"BARRA MANSA";"Defeito Mecânico no Veículo";"Incêndio";"Sem Vítimas";"Pleno dia";"Decrescente";"Céu Claro";"Dupla";"Curva";"Não";5;0;0;0;5;0;0;1;-22,560883;-44,122238;"SPRF-RJ";"DEL07-RJ";"UOP02-DEL07-RJ"
119214;2018-03-18;"domingo";"15:00:00";"PA";316;0;"BELEM";"Falta de Atenção do Pedestre";"Atropelamento de Pedestre";"Com Vítimas Feridas";"Pleno dia";"Decrescente";"Céu Claro";"Múltipla";"Reta";"Sim";2;0;2;0;0;0;2;2;-1,40336308;-48,43254089;"SPRF-PA";"DEL01-PA";"DEL19/1-UOP05/PA"