"id";"data_inversa";"dia_semana";"horario";"uf";"br";"km";"municipio";"causa_acidente";"tipo_acidente";"classificacao_acidente";"fase_dia";"sentido_via";"condicao_metereologica";"tipo_pista";"tracado_via";"uso_solo";"pessoas";"mortos";"feridos_leves";"feridos_graves";"ilesos";"ignorados";"feridos";"veiculos";"latitude";"longitude";"regional";"delegacia";"uop"
119314;2018-03-18;"domingo";"16:40:00";"MG";262;424;"SAO GONCALO DO PARA";"Ingestão de Álcool";"Colisão lateral";"Com Vítimas Feridas";"Pleno dia";"Crescente";"Céu Claro";"Dupla";"Reta";"Não";6;0;3;1;2;0;4;2;-19,8909;-44,8191;"SPRF-MG";"DEL08-MG";"UOP03-DEL08-MG"
119315;2018-03-18;"domingo";"22:15:00";"PE";101;61;"RECIFE";"Falta de Atenção à Condução";"Capotamento";"Sem Vítimas";"Plena Noite";"Crescente";"Céu Claro";"Simples";"Reta";"Sim";1;0;0;0;1;0;0;1;-8,006453;-34,937924;"SPRF-PE";"DEL01-PE";"UOP02-DEL01-PE"
119316;2018-03-18;"domingo";"21:40:00";"PE";428;174;"PETROLINA";"Desobediência às normas de trânsito pelo condutor";"Colisão transversal";"Com Vítimas Feridas";"Plena Noite";"Crescente";"Céu Claro";"Simples";"Reta";"Não";2;0;0;1;1;0;1;2;-9,252337;-40,425278;"SPRF-PE";"DEL06-PE";"UOP01-DEL06-PE"
119318;2018-03-18;"domingo";"22:15:00";"MG";116;277,5;"TEOFILO OTONI";"Ingestão de Álcool";"Colisão com objeto estático";"Com Vítimas Feridas";"Plena Noite";"Decrescente";"Céu Claro";"Simples";"Reta";"Sim";3;0;2;0;1;0;2;1;-17,87028238;-41,51596069;"SPRF-MG";"DEL11-MG";"UOP01-DEL11-MG"
119319;2018-03-18;"domingo";"21:30:00";"SP";381;85;"SAO PAULO";"Não guardar distância de segurança";"Colisão traseira";"Com Vítimas Feridas";"Plena Noite";"Crescente";"Céu Claro";"Dupla";"Reta";"Sim";2;0;1;0;1;0;1;2;-23,45694747;-46,57516479;"SPRF-SP";"DEL03-SP";"DEL6/3-UOP03/SP"
119321;2018-03-18;"domingo";"21:28:00";"PB";361;3,9;"PATOS";"Falta de Atenção à Condução";"Colisão lateral";"Com Vítimas Feridas";"Plena Noite";"Decrescente";"Céu Claro";"Simples";"Reta";"Sim";2;0;1;0;0;1;1;2;-7,018599;-37,26078;"SPRF-PB";"DEL03-PB";"UOP01-DEL03-PB"
119322;2018-03-18;"domingo";"22:00:00";"PI";230;306;"FLORIANO";"Ingestão de Álcool";"Saída de leito carroçável";"Com Vítimas Feridas";"Plena Noite";"Crescente";"Céu Claro";"Dupla";"Reta";"Sim";1;0;1;0;0;0;1;1;-6,7873531;-42,9977417;"SPRF-PI";"DEL03-PI";"UOP01-DEL03-PI"
119323;2018-03-18;"domingo";"22:00:00";"GO";60;136;"GOIANIA";"Falta de Atenção à Condução";"Saída de leito carroçável";"Com Vítimas Feridas";"Plena Noite";"Crescente";"Nublado";"Dupla";"Curva";"Sim";1;0;1;0;0;0;1;1;-16,5959;-49,1965;"SPRF-GO";"DEL01-GO";"UOP01-DEL01-GO"
119327;2018-03-18;"domingo";"23:00:00";"RN";101;84;"NATAL";"Falta de Atenção do Pedestre";"Atropelamento de Pedestre";"Com Vítimas Feridas";"Plena Noite";"Decrescente";"Céu Claro";"Dupla";"Reta";"Sim";2;0;1;1;0;0;2;2;-5,774175;-35,257801;"SPRF-RN";"DEL02-RN";"UOP01-DEL02-RN"
119329;2018-03-18;"domingo";"22:10:00";"RS";290;103,8;"ELDORADO DO SUL";"Velocidade Incompatível";"Colisão com objeto estático";"Com Vítimas Feridas";"Plena Noite";"Decrescente";"Nublado";"Dupla";"Ponte";"Não";1;0;1;0;0;0;1;1;-29,99017;-51,265766;"SPRF-RS";"DEL02-RS";"UOP01-DEL02-RS"
119331;2018-03-18;"domingo";"20:30:00";"MT";364;629,5;"DIAMANTINO";"Falta de Atenção do Pedestre";"Atropelamento de Pedestre";"Com Vítimas Fatais";"Plena Noite";"Crescente";"Garoa/Chuvisco";"Simples";"Reta";"Não";2;1;0;0;1;0;0;2;-14,34156501;-56,43676758;"SPRF-MT";"DEL01-MT";"UOP01-DEL01-MT"
119332;2018-03-18;"domingo";"23:00:00";"SE";101;148;"ESTANCIA";"Velocidade Incompatível";"Capotamento";"Sem Vítimas";"Plena Noite";"Crescente";"Nublado";"Dupla";"Curva";"Sim";1;0;0;0;0;1;0;1;-11,25653109;-37,43979692;"SPRF-SE";"DEL02-SE";"UOP01-DEL02-SE"
119335;2018-03-19;"segunda-feira";"00:40:00";"PB";230;19,2;"JOAO PESSOA";"Falta de Atenção à Condução";"Colisão com objeto estático";"Sem Vítimas";"Plena Noite";"Crescente";"Céu Claro";"Dupla";"Reta";"Não";2;0;0;0;2;0;0;1;-7,1324216;-34,8534358;"SPRF-PB";"DEL01-PB";"UOP01-DEL01-PB"
119336;2018-03-19;"segunda-feira";"00:30:00";"RS";290;74;"GRAVATAI";"Falta de Atenção à Condução";"Saída de leito carroçável";"Com Vítimas Feridas";"Plena Noite";"Crescente";"Chuva";"Dupla";"Reta";"Não";2;0;2;0;0;0;2;1;-29,953354;-50,996696;"SPRF-RS";"DEL03-RS";"UOP02-DEL03-RS"
119337;2018-03-19;"segunda-feira";"01:00:00";"RJ";101;54;"CAMPOS DOS GOYTACAZES";"Desobediência às normas de trânsito pelo condutor";"Colisão frontal";"Com Vítimas Fatais";"Plena Noite";"Crescente";"Céu Claro";"Simples";"Reta";"Não";2;1;0;0;1;0;0;2;-21,669363;-41,311115;"SPRF-RJ";"DEL08-RJ";"UOP01-DEL08-RJ"
119338;2018-03-19;"segunda-feira";"00:10:00";"BA";101;476;"URUCUCA";"Velocidade Incompatível";"Tombamento";"Com Vítimas Fatais";"Plena Noite";"Decrescente";"Nublado";"Simples";"Reta";"Não";2;1;1;0;0;0;1;1;-14,5624;-39,3326;"SPRF-BA";"DEL05-BA";"UOP01-DEL05-BA"
119339;2018-02-15;"quinta-feira";"01:15:00";"MG";262;9,8;"MARTINS SOARES";"Avarias e/ou desgaste excessivo no pneu";"Colisão frontal";"Com Vítimas Feridas";"Plena Noite";"Crescente";"Chuva";"Simples";"Declive";"Não";10;0;4;5;1;0;9;2;-20,2460238;-41,83734465;"SPRF-MG";"DEL06-MG";"UOP03-DEL06-MG"
119340;2018-03-19;"segunda-feira";"01:10:00";"PR";277;722,6;"FOZ DO IGUACU";"Falta de Atenção à Condução";"Saída de leito carroçável";"Com Vítimas Feridas";"Plena Noite";"Crescente";"Céu Claro";"Dupla";"Reta";"Não";1;0;1;0;0;0;1;1;-25,49286827;-54,50660706;"SPRF-PR";"DEL05-PR";"UOP01-DEL05-PR"
119342;2018-03-18;"domingo";"22:30:00";"MG";40;688;"CARANDAI";"Ingestão de Álcool";"Colisão frontal";"Com Vítimas Feridas";"Plena Noite";"Crescente";"Nublado";"Simples";"Curva";"Sim";5;0;4;0;0;1;4;3;-20,95414574;-43,79153073;"SPRF-MG";"DEL05-MG";"UOP02-DEL05-MG"
119344;2018-03-18;"domingo";"22:00:00";"MT";364;163,7;"PEDRA PRETA";"Falta de Atenção à Condução";"Saída de leito carroçável";"Com Vítimas Fatais";"Plena Noite";"Decrescente";"Chuva";"Simples";"Declive";"Não";2;1;0;1;0;0;1;1;-16,695524;-54,284431;"SPRF-MT";"DEL02-MT";"UOP01-DEL02-MT"
119345;2018-03-19;"segunda-feira";"03:20:00";"SC";101;311,3;"LAGUNA";"Falta de Atenção do Pedestre";"Atropelamento de Pedestre";"Com Vítimas Fatais";"Plena Noite";"Crescente";"Céu Claro";"Dupla";"Reta";"Sim";2;1;0;0;0;1;0;2;-28,43679393;-48,80909622;"SPRF-SC";"DEL02-SC";"UOP01-DEL02-SC"
119347;2018-03-19;"segunda-feira";"02:40:00";"PI";316;44;"LAGOA DO PIAUI";"Animais na Pista";"Atropelamento de Animal";"Com Vítimas Fatais";"Plena Noite";"Crescente";"Céu Claro";"Simples";"Reta";"Não";1;1;0;0;0;0;0;1;-5,4177811;-42,64549255;"SPRF-PI";"DEL01-PI";"UOP02-DEL01-PI"
119348;2018-03-19;"segunda-feira";"01:40:00";"MG";153;9;"ARAPORA";"Mal Súbito";"Saída de leito carroçável";"Com Vítimas Feridas";"Plena Noite";"Decrescente";"Céu Claro";"Dupla";"Reta";"Não";1;0;1;0;0;0;1;1;-18,5055;-49,189;"SPRF-MG";"DEL15-MG";"UOP03-DEL15-MG"
119349;2018-03-19;"segunda-feira";"03:40:00";"PE";232;340;"CUSTODIA";"Condutor Dormindo";"Saída de leito carroçável";"Com Vítimas Feridas";"Amanhecer";"Crescente";"Céu Claro";"Simples";"Reta";"Não";1;0;1;0;0;0;1;1;-8,08207241;-37,67284011;"SPRF-PE";"DEL03-PE";"UOP02-DEL03-PE"
119351;2018-03-19;"segunda-feira";"04:00:00";"PR";373;400,5;"CANDOI";"Ingestão de Álcool";"Saída de leito carroçável";"Com Vítimas Feridas";"Plena Noite";"Crescente";"Nublado";"Simples";"Reta";"Sim";1;0;0;1;0;0;1;1;-25,57766728;-52,05734253;"SPRF-PR";"DEL03-PR";"UOP01-DEL08-PR"
119352;2018-03-19;"segunda-feira";"02:30:00";"MS";262;734;"CORUMBA";"Animais na Pista";"Saída de leito carroçável";"Com Vítimas Feridas";"Plena Noite";"Crescente";"Céu Claro";"Simples";"Curva";"Não";1;0;1;0;0;0;1;1;-19,3940679;-57,08496094;"SPRF-MS";"DEL03-MS";"UOP03-DEL03-MS"
119353;2018-03-19;"segunda-feira";"05:00:00";"DF";40;3;"BRASILIA";"Falta de Atenção à Condução";"Colisão transversal";"Com Vítimas Feridas";"Amanhecer";"Crescente";"Céu Claro";"Dupla";"Viaduto";"Sim";5;0;2;2;1;0;4;2;-16,003145;-47,983944;"SPRF-DF";"DEL01-DF";"UOP01-DEL01-DF"
119354;2018-03-18;"domingo";"17:00:00";"RN";101;96;"NATAL";"Falta de Atenção à Condução";"Colisão com objeto estático";"Sem Vítimas";"Pleno dia";"Decrescente";"Céu Claro";"Múltipla";"Reta";"Sim";1;0;0;0;0;1;0;1;-5,840768;-35,210358;"SPRF-RN";"DEL01-RN";"UOP01-DEL01-RN"
119355;2018-03-19;"segunda-feira";"05:30:00";"RJ";116;140;"DUQUE DE CAXIAS";"Falta de Atenção à Condução";"Colisão lateral";"Com Vítimas Feridas";"Pleno dia";"Crescente";"Céu Claro";"Dupla";"Reta";"Não";2;0;1;0;1;0;1;2;-22,6472747;-43,1874407;"SPRF-RJ";"DEL04-RJ";"UOP02-DEL04-RJ"
119357;2018-03-19;"segunda-feira";"02:00:00";"SC";282;518,7;"XAXIM";"Ingestão de Álcool";"Capotamento";"Com Vítimas Feridas";"Plena Noite";"Decrescente";"Nublado";"Simples";"Reta";"Sim";1;0;1;0;0;0;1;1;-26,94554741;-52,51287818;"SPRF-SC";"DEL07-SC";"UOP01-DEL07-SC"
119358;2018-03-19;"segunda-feira";"06:30:00";"GO";50;272,8;"CATALAO";"Animais na Pista";"Atropelamento de Animal";"Com Vítimas Feridas";"Pleno dia";"Decrescente";"Céu Claro";"Simples";"Reta";"Não";2;0;1;1;0;0;2;1;-18,1228;-47,8994;"SPRF-GO";"DEL06-GO";"UOP01-DEL06-GO"
119361;2018-03-19;"segunda-feira";"07:10:00";"BA";324;622;"SALVADOR";"Não guardar distância de segurança";"Queda de ocupante de veículo";"Com Vítimas Feridas";"Pleno dia";"Crescente";"Sol";"Dupla";"Reta";"Sim";1;0;1;0;0;0;1;1;-12,93594941;-38,47253859;"SPRF-BA";"DEL01-BA";"UOP01-DEL01-BA"
119366;2018-03-19;"segunda-feira";"04:00:00";"SC";280;52,1;"GUARAMIRIM";"Falta de Atenção à Condução";"Colisão traseira";"Com Vítimas Feridas";"Plena Noite";"Decrescente";"Nublado";"Simples";"Reta";"Não";2;0;0;1;1;0;1;2;-26,46943974;-48,96626562;"SPRF-SC";"DEL03-SC";"UOP03-DEL03-SC"
119367;2018-03-19;"segunda-feira";"07:30:00";"MG";365;626,8;"UBERLANDIA";"Falta de Atenção à Condução";"Colisão transversal";"Com Vítimas Feridas";"Pleno dia";"Decrescente";"Sol";"Dupla";"Reta;Declive";"Sim";3;0;0;1;2;0;1;2;-18,90958522;-48,30833224;"SPRF-MG";"DEL15-MG";"UOP01-DEL15-MG"
119368;2018-03-19;"segunda-feira";"07:30:00";"PE";232;4,6;"RECIFE";"Não guardar distância de segurança";"Engavetamento";"Com Vítimas Feridas";"Pleno dia";"Decrescente";"Céu Claro";"Dupla";"Viaduto";"Sim";5;0;1;0;4;0;1;4;-8,066782;-34,942037;"SPRF-PE";"DEL01-PE";"UOP01-DEL01-PE"
119369;2018-03-19;"segunda-feira";"06:20:00";"MA";10;318,7;"ACAILANDIA";"Falta de Atenção à Condução";"Saída de leito carroçável";"Com Vítimas Feridas";"Amanhecer";"Crescente";"Chuva";"Simples";"Reta";"Não";1;0;0;1;0;0;1;1;-4,967567;-47,512344;"SPRF-MA";"DEL04-MA";"UOP03-DEL04-MA"
119370;2018-03-19;"segunda-feira";"07:10:00";"GO";50;282,9;"CATALAO";"Falta de Atenção à Condução";"Colisão transversal";"Com Vítimas Feridas";"Pleno dia";"Crescente";"Céu Claro";"Simples";"Interseção de Vias";"Sim";2;0;0;1;1;0;1;2;-18,1896;-47,9511;"SPRF-GO";"DEL06-GO";"UOP01-DEL06-GO"
119372;2018-03-19;"segunda-feira";"06:00:00";"MT";158;649;"NOVA XAVANTINA";"Falta de Atenção à Condução";"Colisão traseira";"Com Vítimas Feridas";"Amanhecer";"Decrescente";"Céu Claro";"Simples";"Aclive";"Sim";2;0;0;2;0;0;2;2;-14,637;-52,356;"SPRF-MT";"DEL07-MT";"UOP02-DEL07-MT"
119373;2018-03-07;"quarta-feira";"08:10:00";"PR";277;82;"CURITIBA";"Falta de Atenção à Condução";"Colisão lateral";"Com Vítimas Feridas";"Pleno dia";"Crescente";"Céu Claro";"Dupla";"Reta";"Sim";2;0;1;0;1;0;1;2;-25,46402719;-49,21664719;"SPRF-PR";"DEL01-PR";"UOP07-DEL01-PR"
119374;2018-03-19;"segunda-feira";"07:48:00";"SP";116;221;"GUARULHOS";"Falta de Atenção à Condução";"Colisão traseira";"Com Vítimas Feridas";"Pleno dia";"Crescente";"Sol";"Múltipla";"Reta";"Sim";2;0;1;0;1;0;1;2;-23,47752222;-46,52664232;"SPRF-SP";"DEL01-SP";"UOP01-DEL01-SP"
119375;2018-03-19;"segunda-feira";"07:55:00";"SC";101;216,3;"PALHOCA";"Desobediência às normas de trânsito pelo condutor";"Colisão transversal";"Com Vítimas Feridas";"Pleno dia";"Decrescente";"Sol";"Múltipla";"Interseção de Vias";"Não";2;0;0;1;1;0;1;2;-27,659815;-48,677479;"SPRF-SC";"DEL01-SC";"UOP02-DEL01-SC"
119376;2018-03-19;"segunda-feira";"07:00:00";"MG";40;517;"CONTAGEM";"Falta de Atenção à Condução";"Colisão traseira";"Com Vítimas Feridas";"Pleno dia";"Crescente";"Céu Claro";"Dupla";"Reta";"Sim";6;0;3;0;3;0;3;3;-19,8351;-44,08;"SPRF-MG";"DEL01-MG";"UOP03-DEL01-MG"
119377;2018-03-19;"segunda-feira";"08:15:00";"MG";116;703;"MURIAE";"Falta de Atenção à Condução";"Colisão transversal";"Com Vítimas Feridas";"Pleno dia";"Crescente";"Céu Claro";"Simples";"Rotatória";"Sim";2;0;1;0;1;0;1;2;-21,111694;-42,380782;"SPRF-MG";"DEL07-MG";"UOP02-DEL07-MG"
119379;2018-03-19;"segunda-feira";"08:00:00";"MG";365;626;"UBERLANDIA";"Não guardar distância de segurança";"Colisão traseira";"Com Vítimas Feridas";"Pleno dia";"Crescente";"Céu Claro";"Dupla";"Reta";"Sim";2;0;1;0;1;0;1;2;-18,90888033;-48,31043031;"SPRF-MG";"DEL15-MG";"UOP01-DEL15-MG"
119381;2018-03-19;"segunda-feira";"07:30:00";"RJ";101;308,9;"SAO GONCALO";"Falta de Atenção à Condução";"Engavetamento";"Sem Vítimas";"Pleno dia";"Crescente";"Céu Claro";"Dupla";"Reta";"Não";4;0;0;0;4;0;0;4;-22,793098;-43,024815;"SPRF-RJ";"DEL02-RJ";"DEL5/2-UOP04/RJ"
119382;2018-03-19;"segunda-feira";"07:30:00";"PE";101;73;"RECIFE";"Falta de Atenção à Condução";"Colisão traseira";"Com Vítimas Feridas";"Pleno dia";"Crescente";"Céu Claro";"Dupla";"Curva";"Não";2;0;1;0;1;0;1;2;-8,099113;-34,950217;"SPRF-PE";"DEL01-PE";"UOP01-DEL01-PE"
119383;2018-03-19;"segunda-feira";"08:05:00";"RS";386;415;"MONTENEGRO";"Animais na Pista";"Atropelamento de Animal";"Com Vítimas Feridas";"Pleno dia";"Crescente";"Nublado";"Dupla";"Reta";"Sim";2;0;1;0;1;0;1;1;-29,816236;-51,483341;"SPRF-RS";"DEL04-RS";"UOP02-DEL04-RS"
119385;2018-03-19;"segunda-feira";"08:45:00";"MG";153;150,5;"CAMPO FLORIDO";"Defeito na Via";"Saída de leito carroçável";"Com Vítimas Feridas";"Pleno dia";"Decrescente";"Chuva";"Simples";"Curva";"Não";3;0;3;0;0;0;3;1;-19,64646761;-48,85414124;"SPRF-MG";"DEL13-MG";"UOP02-DEL13-MG"
119386;2018-03-19;"segunda-feira";"06:30:00";"PR";373;266,5;"PRUDENTOPOLIS";"Falta de Atenção do Pedestre";"Atropelamento de Pedestre";"Com Vítimas Feridas";"Amanhecer";"Crescente";"Céu Claro";"Simples";"Reta";"Sim";2;0;1;0;1;0;1;2;-25,20411603;-50,98932445;"SPRF-PR";"DEL03-PR";"UOP01-DEL03-PR"
119390;2018-03-19;"segunda-feira";"09:00:00";"BA";324;616;"SALVADOR";"Desobediência às normas de trânsito pelo condutor";"Colisão traseira";"Com Vítimas Feridas";"Pleno dia";"Decrescente";"Chuva";"Dupla";"Reta";"Sim";2;0;1;0;1;0;1;2;-12,88894472;-38,44216526;"SPRF-BA";"DEL01-BA";"UOP01-DEL01-BA"
119393;2018-03-19;"segunda-feira";"09:20:00";"GO";60;132;"GOIANIA";"Falta de Atenção à Condução";"Saída de leito carroçável";"Com Vítimas Feridas";"Pleno dia";"Decrescente";"Sol";"Dupla";"Curva";"Não";2;0;1;0;1;0;1;1;-16,581;-49,168;"SPRF-GO";"DEL01-GO";"UOP01-DEL01-GO"
119394;2018-03-19;"segunda-feira";"09:15:00";"RS";290;167;"BUTIA";"Falta de Atenção à Condução";"Tombamento";"Com Vítimas Feridas";"Pleno dia";"Crescente";"Sol";"Simples";"Reta";"Não";2;0;0;1;1;0;1;2;-30,123198;-51,878967;"SPRF-RS";"DEL02-RS";"UOP02-DEL02-RS"
119396;2018-03-19;"segunda-feira";"07:58:00";"ES";101;67;"SAO MATEUS";"Falta de Atenção à Condução";"Colisão lateral";"Com Vítimas Feridas";"Pleno dia";"Decrescente";"Céu Claro";"Dupla";"Reta";"Sim";1;0;1;0;0;0;1;1;-18,720545;-39,865883;"SPRF-ES";"DEL04-ES";"UOP02-DEL04-ES"
119397;2018-03-19;"segunda-feira";"09:30:00";"SP";116;219;"GUARULHOS";"Não guardar distância de segurança";"Colisão lateral";"Com Vítimas Feridas";"Pleno dia";"Crescente";"Sol";"Múltipla";"Reta";"Não";2;0;1;0;1;0;1;2;-23,46037252;-46,48663044;"SPRF-SP";"DEL01-SP";"UOP01-DEL01-SP"
119398;2018-03-19;"segunda-feira";"10:00:00";"CE";116;15;"FORTALEZA";"Deficiência ou não Acionamento do Sistema de Iluminação/Sinalização do Veículo";"Colisão traseira";"Com Vítimas Feridas";"Pleno dia";"Decrescente";"Céu Claro";"Dupla";"Reta";"Sim";2;0;0;1;1;0;1;2;-3,88226465;-38,50100487;"SPRF-CE";"DEL01-CE";"UOP02-DEL01-CE"
119399;2018-03-13;"terça-feira";"07:30:00";"SP";381;85;"SAO PAULO";"Não guardar distância de segurança";"Colisão traseira";"Com Vítimas Feridas";"Amanhecer";"Crescente";"Nublado";"Dupla";"Reta";"Sim";3;0;1;0;2;0;1;3;-23,45960484;-46,57159746;"SPRF-SP";"DEL03-SP";"DEL6/3-UOP03/SP"
119400;2018-03-19;"segunda-feira";"08:30:00";"BA";367;68;"PORTO SEGURO";"Falta de Atenção à Condução";"Colisão frontal";"Com Vítimas Feridas";"Pleno dia";"Crescente";"Sol";"Simples";"Reta";"Não";3;0;1;0;2;0;1;2;-16,387259;-39,450871;"SPRF-BA";"DEL09-BA";"UOP01-DEL09-BA"
119402;2018-03-19;"segunda-feira";"10:10:00";"GO";153;508;"APARECIDA DE GOIANIA";"Falta de Atenção à Condução";"Colisão traseira";"Com Vítimas Feridas";"Pleno dia";"Decrescente";"Sol";"Dupla";"Reta";"Sim";3;0;2;0;1;0;2;2;-16,77709584;-49,23676992;"SPRF-GO";"DEL01-GO";"UOP03-DEL01-GO"
119403;2018-03-19;"segunda-feira";"09:30:00";"SP";116;273;"TABOAO DA SERRA";"Falta de Atenção à Condução";"Colisão lateral";"Com Vítimas Feridas";"Pleno dia";"Decrescente";"Sol";"Dupla";"Reta";"Sim";2;0;1;0;1;0;1;2;-23,61674686;-46,79125696;"SPRF-SP";"DEL04-SP";"UOP01-DEL04-SP"
119404;2018-03-19;"segunda-feira";"07:40:00";"MA";135;133;"MATOES DO NORTE";"Não guardar distância de segurança";"Colisão traseira";"Com Vítimas Feridas";"Pleno dia";"Crescente";"Sol";"Simples";"Reta";"Sim";4;0;3;0;1;0;3;2;-3,62168052;-44,55696809;"SPRF-MA";"DEL01-MA";"UOP02-DEL01-MA"
119406;2018-03-19;"segunda-feira";"09:30:00";"TO";153;149,1;"ARAGUAINA";"Velocidade Incompatível";"Saída de leito carroçável";"Sem Vítimas";"Pleno dia";"Crescente";"Chuva";"Dupla";"Reta";"Sim";1;0;0;0;1;0;0;1;-7,23987283;-48,25469971;"SPRF-TO";"DEL02-TO";"UOP01-DEL02-TO"
119407;2018-03-19;"segunda-feira";"04:40:00";"GO";50;272,7;"CATALAO";"Animais na Pista";"Atropelamento de Animal";"Com Vítimas Feridas";"Amanhecer";"Decrescente";"Céu Claro";"Simples";"Reta";"Não";1;0;1;0;0;0;1;1;-18,12732091;-47,90303528;"SPRF-GO";"DEL06-GO";"UOP01-DEL06-GO"
119409;2018-03-19;"segunda-feira";"09:40:00";"MA";222;363;"SANTA INES";"Falta de Atenção à Condução";"Colisão frontal";"Com Vítimas Feridas";"Pleno dia";"Crescente";"Céu Claro";"Simples";"Reta";"Sim";2;0;0;1;1;0;1;2;-3,69119355;-45,40235549;"SPRF-MA";"DEL02-MA";"UI04-DEL02-MA"
119410;2018-03-19;"segunda-feira";"09:00:00";"SC";101;340;"TUBARAO";"Falta de Atenção à Condução";"Saída de leito carroçável";"Com Vítimas Fatais";"Pleno dia";"Decrescente";"Céu Claro";"Dupla";"Ponte";"Não";1;1;0;0;0;0;0;1;-28,5066603;-49,0443094;"SPRF-SC";"DEL02-SC";"UOP01-DEL02-SC"
119412;2018-03-19;"segunda-feira";"11:20:00";"MG";381;857,3;"POUSO ALEGRE";"Velocidade Incompatível";"Colisão traseira";"Com Vítimas Feridas";"Pleno dia";"Decrescente";"Céu Claro";"Dupla";"Reta";"Não";5;0;3;0;2;0;3;2;-22,30004569;-45,90021372;"SPRF-MG";"DEL16-MG";"UOP01-DEL16-MG"
119417;2018-03-19;"segunda-feira";"11:40:00";"RJ";116;99;"GUAPIMIRIM";"Defeito Mecânico no Veículo";"Colisão traseira";"Com Vítimas Feridas";"Pleno dia";"Crescente";"Céu Claro";"Simples";"Curva";"Não";4;0;2;0;2;0;2;2;-22,488504;-42,999359;"SPRF-RJ";"DEL04-RJ";"UOP02-DEL04-RJ"
119418;2018-03-19;"segunda-feira";"12:00:00";"PR";277;590,1;"CASCAVEL";"Falta de Atenção à Condução";"Colisão transversal";"Com Vítimas Feridas";"Pleno dia";"Decrescente";"Céu Claro";"Simples";"Interseção de Vias";"Sim";3;0;2;0;1;0;2;2;-24,981309;-53,456141;"SPRF-PR";"DEL04-PR";"UOP01-DEL04-PR"
119419;2018-03-19;"segunda-feira";"11:00:00";"MT";163;1022;"PEIXOTO DE AZEVEDO";"Desobediência às normas de trânsito pelo condutor";"Saída de leito carroçável";"Sem Vítimas";"Pleno dia";"Crescente";"Céu Claro";"Simples";"Reta";"Não";1;0;0;0;0;1;0;1;-10,29938129;-55,03171921;"SPRF-MT";"DEL06-MT";"UOP02-DEL06-MT"
119421;2018-03-19;"segunda-feira";"05:40:00";"PI";343;441,7;"AGUA BRANCA";"Falta de Atenção à Condução";"Colisão transversal";"Com Vítimas Feridas";"Amanhecer";"Decrescente";"Nublado";"Simples";"Reta";"Não";2;0;0;1;1;0;1;2;-5,888477;-42,642536;"SPRF-PI";"DEL01-PI";"UOP02-DEL01-PI"
119423;2018-03-19;"segunda-feira";"12:00:00";"PB";104;133;"QUEIMADAS";"Não guardar distância de segurança";"Colisão traseira";"Com Vítimas Feridas";"Pleno dia";"Decrescente";"Céu Claro";"Simples";"Reta";"Sim";2;0;1;0;1;0;1;2;-7,316772;-35,895016;"SPRF-PB";"DEL02-PB";"UOP03-DEL02-PB"
119424;2018-03-19;"segunda-feira";"11:30:00";"MS";60;199;"CAMAPUA";"Desobediência às normas de trânsito pelo condutor";"Colisão transversal";"Com Vítimas Feridas";"Pleno dia";"Crescente";"Nublado";"Simples";"Reta";"Sim";2;0;1;0;1;0;1;2;-19,539;-54,042;"SPRF-MS";"DEL06-MS";"UOP02-DEL06-MS"
119427;2018-03-19;"segunda-feira";"11:20:00";"CE";116;344,9;"ICO";"Defeito na Via";"Saída de leito carroçável";"Sem Vítimas";"Pleno dia";"Crescente";"Céu Claro";"Simples";"Reta";"Sim";2;0;0;0;2;0;0;1;-6,25114158;-38,69247437;"SPRF-CE";"DEL05-CE";"UOP02-DEL05-CE"
119429;2018-03-19;"segunda-feira";"13:00:00";"SC";470;140,5;"RIO DO SUL";"Falta de Atenção à Condução";"Colisão transversal";"Com Vítimas Feridas";"Pleno dia";"Decrescente";"Céu Claro";"Simples";"Reta";"Não";3;0;1;0;2;0;1;3;-27,19691617;-49,6276179;"SPRF-SC";"DEL04-SC";"UOP02-DEL04-SC"
119430;2018-03-19;"segunda-feira";"12:00:00";"MS";262;150;"RIBAS DO RIO PARDO";"Defeito Mecânico no Veículo";"Saída de leito carroçável";"Sem Vítimas";"Pleno dia";"Decrescente";"Céu Claro";"Simples";"Reta";"Não";4;0;0;0;4;0;0;1;-20,464283;-52,934155;"SPRF-MS";"DEL07-MS";"UOP02-DEL07-MS"
119431;2018-03-19;"segunda-feira";"11:40:00";"MT";364;401;"NOVA BRASILANDIA";"Falta de Atenção à Condução";"Colisão lateral";"Com Vítimas Feridas";"Pleno dia";"Crescente";"Céu Claro";"Dupla";"Reta";"Não";4;0;3;0;1;0;3;2;-15;-55;"SPRF-MT";"DEL02-MT";"UOP02-DEL01-MT"
119433;2018-03-19;"segunda-feira";"12:40:00";"MS";163;492;"CAMPO GRANDE";"Pista Escorregadia";"Saída de leito carroçável";"Com Vítimas Feridas";"Pleno dia";"Crescente";"Chuva";"Simples";"Curva";"Não";4;0;3;0;1;0;3;1;-20,3789533;-54,5414947;"SPRF-MS";"DEL01-MS";"UOP02-DEL01-MS"