"id";"data_inversa";"dia_semana";"horario";"uf";"br";"km";"municipio";"causa_acidente";"tipo_acidente";"classificacao_acidente";"fase_dia";"sentido_via";"condicao_metereologica";"tipo_pista";"tracado_via";"uso_solo";"pessoas";"mortos";"feridos_leves";"feridos_graves";"ilesos";"ignorados";"feridos";"veiculos";"latitude";"longitude";"regional";"delegacia";"uop"
119565;2018-02-28;"quarta-feira";"09:30:00";"PA";230;590,7;"VITORIA DO XINGU";"Avarias e/ou desgaste excessivo no pneu";"Saída de leito carroçável";"Com Vítimas Feridas";"Pleno dia";"Decrescente";"Nublado";"Simples";"Curva";"Não";1;0;1;0;0;0;1;1;-3,08921523;-51,89869427;"SPRF-PA";"DEL04-PA";"UOP01-DEL04-PA"
119568;2018-03-19;"segunda-feira";"17:37:00";"RO";364;532;"ARIQUEMES";"Defeito na Via";"Saída de leito carroçável";"Com Vítimas Feridas";"Anoitecer";"Decrescente";"Céu Claro";"Simples";"Curva";"Não";1;0;1;0;0;0;1;1;-9,780548;-63,090492;"SPRF-RO";"DEL03-RO";"UOP01-DEL03-RO"
119569;2018-03-20;"terça-feira";"05:10:00";"SP";153;60,6;"SAO JOSE DO RIO PRETO";"Falta de Atenção à Condução";"Colisão traseira";"Com Vítimas Feridas";"Plena Noite";"Crescente";"Céu Claro";"Dupla";"Reta";"Sim";2;0;2;0;0;0;2;2;-20,8020658;-49,35564458;"SPRF-SP";"DEL09-SP";"UOP01-DEL09-SP"
119571;2018-03-20;"terça-feira";"05:50:00";"AL";104;84,2;"RIO LARGO";"Defeito Mecânico no Veículo";"Capotamento";"Com Vítimas Feridas";"Pleno dia";"Crescente";"Céu Claro";"Dupla";"Reta";"Não";1;0;1;0;0;0;1;1;-9,45312578;-35,83053589;"SPRF-AL";"DEL01-AL";"UOP01-DEL01-AL"
119572;2018-03-20;"terça-feira";"05:40:00";"PR";158;527,4;"PATO BRANCO";"Velocidade Incompatível";"Saída de leito carroçável";"Com Vítimas Fatais";"Amanhecer";"Decrescente";"Céu Claro";"Simples";"Curva";"Não";1;1;0;0;0;0;0;1;-26,20228;-52,678215;"SPRF-PR";"DEL02-PR";"UOP01-DEL02-PR"
119575;2018-03-20;"terça-feira";"05:45:00";"PI";343;344,5;"TERESINA";"Falta de Atenção à Condução";"Colisão transversal";"Com Vítimas Feridas";"Pleno dia";"Crescente";"Nublado";"Simples";"Reta";"Sim";2;0;1;0;1;0;1;2;-5,094729;-42,762775;"SPRF-PI";"DEL01-PI";"UOP01-DEL01-PI"
119577;2018-03-20;"terça-feira";"05:40:00";"PB";101;84;"BAYEUX";"Condutor Dormindo";"Colisão com objeto estático";"Com Vítimas Feridas";"Pleno dia";"Decrescente";"Céu Claro";"Dupla";"Reta";"Sim";2;0;1;0;0;1;1;2;-7,1409417;-34,9216174;"SPRF-PB";"DEL01-PB";"UOP01-DEL01-PB"
119578;2018-03-20;"terça-feira";"06:25:00";"PE";101;30;"ITAPISSUMA";"Falta de Atenção à Condução";"Capotamento";"Com Vítimas Feridas";"Pleno dia";"Crescente";"Sol";"Dupla";"Curva";"Não";1;0;1;0;0;0;1;1;-7,7457;-34,9381;"SPRF-PE";"DEL01-PE";"UOP02-DEL01-PE"
119579;2018-03-20;"terça-feira";"06:30:00";"RN";101;85,9;"NATAL";"Falta de Atenção à Condução";"Colisão lateral";"Com Vítimas Feridas";"Pleno dia";"Crescente";"Céu Claro";"Dupla";"Reta";"Sim";2;0;1;0;1;0;1;2;-5,777664;-35,249371;"SPRF-RN";"DEL02-RN";"UOP01-DEL02-RN"
119580;2018-03-20;"terça-feira";"06:05:00";"RJ";101;428;"MANGARATIBA";"Falta de Atenção à Condução";"Colisão traseira";"Sem Vítimas";"Pleno dia";"Crescente";"Nublado";"Dupla";"Reta";"Não";2;0;0;0;2;0;0;2;-22,93942433;-43,98170471;"SPRF-RJ";"DEL03-RJ";"UOP01-DEL03-RJ"
119581;2018-03-20;"terça-feira";"06:10:00";"MS";163;501;"CAMPO GRANDE";"Velocidade Incompatível";"Saída de leito carroçável";"Sem Vítimas";"Pleno dia";"Crescente";"Céu Claro";"Simples";"Reta";"Não";1;0;0;0;0;1;0;1;-20,2961534;-54,5000605;"SPRF-MS";"DEL01-MS";"UOP02-DEL01-MS"
119582;2018-03-20;"terça-feira";"06:40:00";"MG";40;510;"RIBEIRAO DAS NEVES";"Pista Escorregadia";"Colisão traseira";"Com Vítimas Feridas";"Amanhecer";"Decrescente";"Chuva";"Dupla";"Declive";"Não";5;0;1;1;2;1;2;5;-19,7844;-44,1152;"SPRF-MG";"DEL01-MG";"UOP03-DEL01-MG"
119583;2018-03-20;"terça-feira";"06:50:00";"MG";116;524,7;"CARATINGA";"Desobediência às normas de trânsito pelo condutor";"Colisão frontal";"Com Vítimas Feridas";"Amanhecer";"Crescente";"Céu Claro";"Simples";"Rotatória";"Não";2;0;1;0;1;0;1;2;-19,752;-42,133;"SPRF-MG";"DEL06-MG";"UOP02-DEL06-MG"
119584;2018-03-20;"terça-feira";"07:30:00";"PE";232;8,5;"RECIFE";"Ingestão de Álcool";"Engavetamento";"Sem Vítimas";"Pleno dia";"Decrescente";"Sol";"Dupla";"Reta";"Sim";4;0;0;0;3;1;0;4;-8,075855;-34,970215;"SPRF-PE";"DEL01-PE";"UOP01-DEL01-PE"
119585;2018-03-20;"terça-feira";"07:15:00";"CE";116;41;"HORIZONTE";"Falta de Atenção à Condução";"Colisão lateral";"Com Vítimas Feridas";"Pleno dia";"Decrescente";"Céu Claro";"Dupla";"Reta";"Não";3;0;0;2;0;1;2;2;-4,10413335;-38,49808931;"SPRF-CE";"DEL01-CE";"UOP02-DEL01-CE"
119586;2018-03-20;"terça-feira";"06:15:00";"MG";262;444,8;"NOVA SERRANA";"Defeito na Via";"Capotamento";"Com Vítimas Feridas";"Amanhecer";"Decrescente";"Nublado";"Múltipla";"Reta";"Sim";1;0;1;0;0;0;1;1;-19,880623;-44,912323;"SPRF-MG";"DEL08-MG";"UOP03-DEL08-MG"
119587;2018-03-20;"terça-feira";"07:40:00";"BA";324;621;"SALVADOR";"Não guardar distância de segurança";"Engavetamento";"Com Vítimas Feridas";"Pleno dia";"Crescente";"Céu Claro";"Dupla";"Reta";"Sim";3;0;1;0;2;0;1;3;-12,792712;-38,4049294;"SPRF-BA";"DEL01-BA";"UOP01-DEL01-BA"
119588;2018-03-20;"terça-feira";"08:00:00";"MG";356;266,1;"MURIAE";"Falta de Atenção à Condução";"Colisão lateral";"Com Vítimas Feridas";"Pleno dia";"Decrescente";"Sol";"Simples";"Reta";"Sim";3;0;3;0;0;0;3;2;-21,12842765;-42,36499697;"SPRF-MG";"DEL07-MG";"UOP02-DEL07-MG"
119589;2018-03-20;"terça-feira";"07:30:00";"PR";373;173;"PONTA GROSSA";"Desobediência às normas de trânsito pelo condutor";"Colisão lateral";"Com Vítimas Feridas";"Pleno dia";"Decrescente";"Céu Claro";"Dupla";"Curva";"Sim";2;0;1;0;1;0;1;2;-25,07825274;-50,20544887;"SPRF-PR";"DEL03-PR";"UOP01-DEL03-PR"
119590;2018-03-20;"terça-feira";"06:55:00";"SC";280;131;"RIO NEGRINHO";"Falta de Atenção à Condução";"Colisão lateral";"Com Vítimas Feridas";"Pleno dia";"Crescente";"Céu Claro";"Simples";"Aclive";"Sim";2;0;0;1;1;0;1;2;-26,255838;-49,539585;"SPRF-SC";"DEL06-SC";"UOP03-DEL06-SC"
119593;2018-03-20;"terça-feira";"07:45:00";"MG";50;180;"UBERABA";"Falta de Atenção à Condução";"Colisão lateral";"Com Vítimas Feridas";"Pleno dia";"Decrescente";"Céu Claro";"Dupla";"Reta";"Sim";2;0;1;0;1;0;1;2;-19,7852;-47,9169;"SPRF-MG";"DEL13-MG";"UOP01-DEL13-MG"
119596;2018-03-20;"terça-feira";"08:28:00";"PA";316;101;"SANTA MARIA DO PARA";"Não guardar distância de segurança";"Colisão traseira";"Com Vítimas Feridas";"Pleno dia";"Decrescente";"Céu Claro";"Simples";"Reta";"Não";2;0;1;0;1;0;1;2;-1,338084;-47,586559;"SPRF-PA";"DEL01-PA";"UOP02-DEL01-PA"
119600;2018-03-20;"terça-feira";"08:45:00";"PR";277;12,1;"PARANAGUA";"Falta de Atenção à Condução";"Queda de ocupante de veículo";"Com Vítimas Feridas";"Pleno dia";"Crescente";"Céu Claro";"Dupla";"Reta";"Não";1;0;0;1;0;0;1;1;-25,56350388;-48,63647461;"SPRF-PR";"DEL01-PR";"UOP05-DEL01-PR"
119602;2018-03-10;"sábado";"20:20:00";"SC";280;165,2;"MAFRA";"Falta de Atenção à Condução";"Colisão frontal";"Com Vítimas Feridas";"Plena Noite";"Crescente";"Nublado";"Simples";"Reta";"Sim";3;0;0;2;1;0;2;2;-26,20966275;-49,78156328;"SPRF-SC";"DEL06-SC";"UOP01-DEL06-SC"
119604;2018-03-20;"terça-feira";"08:45:00";"GO";60;59,4;"ABADIANIA";"Não guardar distância de segurança";"Colisão traseira";"Com Vítimas Feridas";"Pleno dia";"Crescente";"Céu Claro";"Dupla";"Reta";"Não";3;0;1;0;2;0;1;2;-16,1865;-48,6872;"SPRF-GO";"DEL02-GO";"UOP01-DEL02-GO"
119606;2018-03-20;"terça-feira";"09:15:00";"SC";101;87,3;"BARRA VELHA";"Falta de Atenção à Condução";"Colisão transversal";"Com Vítimas Feridas";"Pleno dia";"Decrescente";"Nublado";"Simples";"Interseção de Vias";"Sim";3;0;2;0;1;0;2;2;-26,6504;-48,6869;"SPRF-SC";"DEL03-SC";"UOP02-DEL03-SC"
119607;2018-03-15;"quinta-feira";"16:00:00";"MS";0;0;"CAMPO GRANDE";"Fenômenos da Natureza";"Danos eventuais";"Sem Vítimas";"Pleno dia";"Não Informado";"Céu Claro";"Simples";"Reta";"Sim";2;0;0;0;2;0;0;1;-20,46561602;-54,60205078;"SPRF-MS";"DEL01-MS";"N/A"
119608;2018-03-20;"terça-feira";"07:40:00";"PR";376;597;"CURITIBA";"Falta de Atenção à Condução";"Colisão lateral";"Com Vítimas Feridas";"Pleno dia";"Decrescente";"Céu Claro";"Múltipla";"Interseção de Vias";"Sim";3;0;1;0;2;0;1;2;-25,50338315;-49,34101045;"SPRF-PR";"DEL01-PR";"UOP06-DEL01-PR"
119609;2018-03-20;"terça-feira";"09:00:00";"RJ";465;19;"NOVA IGUACU";"Falta de Atenção à Condução";"Colisão lateral";"Com Vítimas Feridas";"Pleno dia";"Crescente";"Céu Claro";"Simples";"Reta";"Sim";2;0;1;0;1;0;1;2;-22,839184;-43,610451;"SPRF-RJ";"DEL01-RJ";"UOP03-DEL01-RJ"
119611;2018-03-20;"terça-feira";"08:10:00";"MS";163;523;"JARAGUARI";"Defeito Mecânico no Veículo";"Queda de ocupante de veículo";"Com Vítimas Feridas";"Pleno dia";"Crescente";"Sol";"Dupla";"Reta";"Não";1;0;1;0;0;0;1;1;-20,14719825;-54,43915755;"SPRF-MS";"DEL01-MS";"UOP02-DEL01-MS"
119613;2018-03-14;"quarta-feira";"23:25:00";"SC";282;489,2;"FAXINAL DOS GUEDES";"Velocidade Incompatível";"Saída de leito carroçável";"Sem Vítimas";"Plena Noite";"Decrescente";"Nublado";"Simples";"Reta";"Não";1;0;0;0;1;0;0;1;-26,86940594;-52,26676941;"SPRF-SC";"DEL07-SC";"UOP01-DEL07-SC"
119614;2018-03-20;"terça-feira";"08:50:00";"RS";386;22,7;"FREDERICO WESTPHALEN";"Condutor Dormindo";"Colisão lateral";"Com Vítimas Feridas";"Pleno dia";"Crescente";"Céu Claro";"Simples";"Curva";"Não";4;0;1;0;3;0;1;2;-27,275194;-53,353176;"SPRF-RS";"DEL08-RS";"UOP02-DEL08-RS"
119616;2018-03-20;"terça-feira";"10:00:00";"MG";116;777,3;"LEOPOLDINA";"Velocidade Incompatível";"Saída de leito carroçável";"Com Vítimas Feridas";"Pleno dia";"Crescente";"Sol";"Simples";"Curva";"Não";2;0;2;0;0;0;2;1;-21,59998119;-42,69836426;"SPRF-MG";"DEL07-MG";"UOP01-DEL07-MG"
119617;2018-03-20;"terça-feira";"08:00:00";"RO";364;703;"PORTO VELHO";"Falta de Atenção à Condução";"Colisão lateral";"Com Vítimas Feridas";"Pleno dia";"Crescente";"Nublado";"Dupla";"Declive;Curva;Retorno Regulamentado";"Sim";3;0;1;0;2;0;1;2;-8,80093971;-63,78662109;"SPRF-RO";"DEL01-RO";"UOP01-DEL01-RO"
119619;2018-02-23;"sexta-feira";"11:15:00";"SC";282;185,3;"BOCAINA DO SUL";"Falta de Atenção à Condução";"Colisão traseira";"Sem Vítimas";"Pleno dia";"Crescente";"Céu Claro";"Simples";"Reta";"Não";3;0;0;0;3;0;0;3;-27,75160769;-50,06538391;"SPRF-SC";"DEL05-SC";"UOP01-DEL05-SC"
119621;2018-03-01;"quinta-feira";"09:15:00";"PB";104;117,2;"LAGOA SECA";"Falta de Atenção à Condução";"Colisão traseira";"Sem Vítimas";"Pleno dia";"Decrescente";"Céu Claro";"Simples";"Reta";"Não";2;0;0;0;2;0;0;2;-7,2001134;-35,8669281;"SPRF-PB";"DEL02-PB";"UOP04-DEL02-PB"
119623;2018-03-20;"terça-feira";"11:00:00";"ES";101;298;"VIANA";"Avarias e/ou desgaste excessivo no pneu";"Queda de ocupante de veículo";"Com Vítimas Feridas";"Pleno dia";"Decrescente";"Céu Claro";"Dupla";"Reta";"Sim";2;0;2;0;0;0;2;1;-20,3829109;-40,4596828;"SPRF-ES";"DEL01-ES";"UOP01-DEL01-ES"
119626;2018-03-20;"terça-feira";"09:30:00";"PI";343;306,1;"ALTOS";"Falta de Atenção do Pedestre";"Atropelamento de Pedestre";"Com Vítimas Feridas";"Pleno dia";"Crescente";"Céu Claro";"Simples";"Curva";"Sim";2;0;0;2;0;0;2;2;-5,038756;-42,450893;"SPRF-PI";"DEL01-PI";"UOP01-DEL01-PI"
119628;2018-03-20;"terça-feira";"12:15:00";"PE";232;559,4;"PARNAMIRIM";"Desobediência às normas de trânsito pelo condutor";"Colisão lateral";"Com Vítimas Feridas";"Pleno dia";"Decrescente";"Céu Claro";"Simples";"Interseção de Vias";"Sim";4;0;4;0;0;0;4;2;-8,094745;-39,576882;"SPRF-PE";"DEL05-PE";"UOP01-DEL05-PE"
119629;2018-03-20;"terça-feira";"10:45:00";"RO";435;114;"COLORADO DO OESTE";"Defeito na Via";"Capotamento";"Sem Vítimas";"Pleno dia";"Decrescente";"Céu Claro";"Simples";"Declive";"Não";1;0;0;0;1;0;0;1;-13,189502;-60,730247;"SPRF-RO";"DEL04-RO";"UOP02-DEL04-RO"
119630;2018-03-20;"terça-feira";"12:20:00";"SC";101;135;"BALNEARIO CAMBORIU";"Desobediência às normas de trânsito pelo condutor";"Colisão transversal";"Com Vítimas Feridas";"Pleno dia";"Crescente";"Nublado";"Simples";"Reta";"Sim";2;0;1;0;1;0;1;2;-27,0081;-48,617;"SPRF-SC";"DEL04-SC";"UOP03-DEL04-SC"
119631;2018-03-20;"terça-feira";"11:42:00";"SC";101;281,9;"IMBITUBA";"Não guardar distância de segurança";"Queda de ocupante de veículo";"Com Vítimas Feridas";"Pleno dia";"Crescente";"Garoa/Chuvisco";"Simples";"Curva";"Não";1;0;1;0;0;0;1;1;-28,2178;-48,7001;"SPRF-SC";"DEL02-SC";"UOP03-DEL02-SC"
119632;2018-03-20;"terça-feira";"12:35:00";"AL";101;203;"SAO SEBASTIAO";"Defeito Mecânico no Veículo";"Capotamento";"Sem Vítimas";"Pleno dia";"Crescente";"Céu Claro";"Dupla";"Curva";"Não";1;0;0;0;0;1;0;1;-9,958604;-36,545883;"SPRF-AL";"DEL02-AL";"UOP02-DEL02-AL"
119636;2018-03-20;"terça-feira";"11:20:00";"SP";116;222;"GUARULHOS";"Falta de Atenção à Condução";"Colisão traseira";"Com Vítimas Feridas";"Pleno dia";"Crescente";"Nublado";"Múltipla";"Reta";"Sim";2;0;1;0;1;0;1;2;-23,46450607;-46,50238037;"SPRF-SP";"DEL01-SP";"UOP01-DEL01-SP"
119637;2018-03-20;"terça-feira";"11:30:00";"SC";101;445;"SANTA ROSA DO SUL";"Falta de Atenção à Condução";"Colisão lateral";"Com Vítimas Feridas";"Pleno dia";"Crescente";"Chuva";"Múltipla";"Reta";"Sim";2;0;2;0;0;0;2;2;-29,1456;-49,7224;"SPRF-SC";"DEL02-SC";"UOP02-DEL02-SC"
119638;2018-03-20;"terça-feira";"12:45:00";"MG";364;34;"FRUTAL";"Defeito Mecânico no Veículo";"Saída de leito carroçável";"Com Vítimas Feridas";"Pleno dia";"Decrescente";"Céu Claro";"Simples";"Reta";"Não";1;0;1;0;0;0;1;1;-20,025185;-48,94096;"SPRF-MG";"DEL13-MG";"UOP02-DEL13-MG"
119639;2018-03-20;"terça-feira";"12:40:00";"BA";110;176;"RIBEIRA DO POMBAL";"Desobediência às normas de trânsito pelo condutor";"Colisão traseira";"Com Vítimas Feridas";"Pleno dia";"Crescente";"Céu Claro";"Simples";"Reta";"Não";4;0;3;0;1;0;3;2;-10,86162979;-38,52767944;"SPRF-BA";"DEL07-BA";"UOP02-DEL07-BA"
119640;2018-03-20;"terça-feira";"13:00:00";"RJ";101;81;"CAMPOS DOS GOYTACAZES";"Falta de Atenção à Condução";"Colisão transversal";"Com Vítimas Feridas";"Pleno dia";"Decrescente";"Céu Claro";"Simples";"Curva";"Sim";2;0;1;0;0;1;1;2;-21,832211;-41,447304;"SPRF-RJ";"DEL08-RJ";"UOP02-DEL08-RJ"
119641;2018-03-20;"terça-feira";"12:09:00";"RS";285;38;"BOM JESUS";"Pista Escorregadia";"Saída de leito carroçável";"Sem Vítimas";"Pleno dia";"Crescente";"Chuva";"Simples";"Reta";"Não";1;0;0;0;1;0;0;1;-28,700533;-50,241066;"SPRF-RS";"DEL05-RS";"UOP03-DEL05-RS"
119643;2018-03-20;"terça-feira";"13:30:00";"SC";101;211,5;"PALHOCA";"Não guardar distância de segurança";"Colisão lateral";"Com Vítimas Feridas";"Pleno dia";"Crescente";"Céu Claro";"Múltipla";"Reta";"Sim";2;0;1;0;0;1;1;2;-27,6301;-48,659;"SPRF-SC";"DEL01-SC";"UOP02-DEL01-SC"
119646;2018-03-20;"terça-feira";"13:30:00";"PR";277;723;"FOZ DO IGUACU";"Falta de Atenção à Condução";"Colisão lateral";"Com Vítimas Feridas";"Pleno dia";"Crescente";"Nublado";"Dupla";"Reta";"Sim";2;0;0;1;1;0;1;2;-25,498783;-54,529865;"SPRF-PR";"DEL05-PR";"UOP01-DEL05-PR"
119647;2018-03-20;"terça-feira";"13:30:00";"RS";116;521;"PELOTAS";"Desobediência às normas de trânsito pelo condutor";"Colisão transversal";"Com Vítimas Feridas";"Pleno dia";"Crescente";"Céu Claro";"Dupla";"Rotatória";"Sim";3;0;2;0;1;0;2;2;-31,70671075;-52,36762583;"SPRF-RS";"DEL07-RS";"UOP01-DEL07-RS"
119650;2018-03-20;"terça-feira";"12:10:00";"SP";116;227;"SAO PAULO";"Avarias e/ou desgaste excessivo no pneu";"Tombamento";"Com Vítimas Feridas";"Pleno dia";"Crescente";"Céu Claro";"Múltipla";"Aclive;Reta";"Não";1;0;1;0;0;0;1;1;-23,50044928;-46,56276878;"SPRF-SP";"DEL01-SP";"UOP01-DEL01-SP"
119652;2018-03-20;"terça-feira";"10:00:00";"SC";282;47,8;"AGUAS MORNAS";"Velocidade Incompatível";"Capotamento";"Sem Vítimas";"Pleno dia";"Decrescente";"Chuva";"Simples";"Curva";"Não";1;0;0;0;1;0;0;1;-27,71918953;-48,93721361;"SPRF-SC";"DEL01-SC";"UOP03-DEL01-SC"
119654;2018-03-20;"terça-feira";"14:30:00";"PR";369;177;"ROLANDIA";"Falta de Atenção à Condução";"Colisão transversal";"Com Vítimas Feridas";"Pleno dia";"Crescente";"Céu Claro";"Simples";"Interseção de Vias";"Não";2;0;0;1;1;0;1;2;-23,34603846;-51,38464451;"SPRF-PR";"DEL07-PR";"UOP01-DEL07-PR"
119655;2018-03-04;"domingo";"13:20:00";"PB";230;123,1;"CAMPINA GRANDE";"Defeito Mecânico no Veículo";"Capotamento";"Com Vítimas Feridas";"Pleno dia";"Decrescente";"Chuva";"Dupla";"Reta";"Não";1;0;1;0;0;0;1;1;-7,25449649;-35,66608429;"SPRF-PB";"DEL02-PB";"UOP01-DEL02-PB"
119657;2018-03-20;"terça-feira";"10:14:00";"MS";262;468,9;"ANASTACIO";"Desobediência às normas de trânsito pelo condutor";"Colisão traseira";"Com Vítimas Feridas";"Pleno dia";"Crescente";"Céu Claro";"Dupla";"Aclive";"Não";4;0;2;0;2;0;2;2;-20,51456982;-55,61424673;"SPRF-MS";"DEL03-MS";"UOP01-DEL03-MS"
119658;2018-03-20;"terça-feira";"14:15:00";"SC";101;212,5;"PALHOCA";"Defeito Mecânico no Veículo";"Tombamento";"Com Vítimas Feridas";"Pleno dia";"Crescente";"Garoa/Chuvisco";"Dupla";"Reta";"Não";2;0;2;0;0;0;2;1;-27,6372;-48,6651;"SPRF-SC";"DEL01-SC";"UOP02-DEL01-SC"
119659;2018-03-20;"terça-feira";"14:15:00";"MG";40;530;"BELO HORIZONTE";"Falta de Atenção à Condução";"Colisão lateral";"Com Vítimas Feridas";"Pleno dia";"Crescente";"Sol";"Dupla";"Curva;Aclive";"Sim";2;0;1;0;1;0;1;2;-19,9216372;-44,0346686;"SPRF-MG";"DEL01-MG";"UOP03-DEL01-MG"
119660;2018-03-20;"terça-feira";"12:15:00";"MG";381;349;"JOAO MONLEVADE";"Condutor Dormindo";"Saída de leito carroçável";"Com Vítimas Feridas";"Pleno dia";"Decrescente";"Céu Claro";"Simples";"Reta";"Não";1;0;1;0;0;0;1;1;-19,85068565;-43,10279846;"SPRF-MG";"DEL03-MG";"UOP01-DEL03-MG"
119661;2018-03-20;"terça-feira";"14:38:00";"GO";153;579,3;"PROFESSOR JAMIL";"Falta de Atenção à Condução";"Saída de leito carroçável";"Sem Vítimas";"Pleno dia";"Crescente";"Céu Claro";"Dupla";"Reta";"Não";1;0;0;0;1;0;0;1;-17,3767;-49,2382;"SPRF-GO";"DEL03-GO";"UOP01-DEL03-GO"
119662;2018-03-20;"terça-feira";"15:30:00";"GO";153;490,5;"GOIANIA";"Não guardar distância de segurança";"Colisão traseira";"Com Vítimas Feridas";"Pleno dia";"Decrescente";"Céu Claro";"Simples";"Reta";"Sim";2;0;1;0;1;0;1;2;-16,6298;-49,2056;"SPRF-GO";"DEL01-GO";"UOP01-DEL01-GO"
119663;2018-03-20;"terça-feira";"15:50:00";"MG";381;494;"BETIM";"Defeito na Via";"Colisão com objeto estático";"Com Vítimas Feridas";"Pleno dia";"Crescente";"Céu Claro";"Dupla";"Reta";"Sim";2;0;2;0;0;0;2;1;-19,9731;-44,1843;"SPRF-MG";"DEL01-MG";"UOP03-DEL01-MG"
119665;2018-03-20;"terça-feira";"15:55:00";"MG";381;869,5;"POUSO ALEGRE";"Falta de Atenção à Condução";"Saída de leito carroçável";"Sem Vítimas";"Pleno dia";"Crescente";"Chuva";"Dupla";"Curva";"Não";1;0;0;0;1;0;0;1;-22,39;-45,9539;"SPRF-MG";"DEL16-MG";"UOP01-DEL16-MG"
119666;2018-03-20;"terça-feira";"15:55:00";"SC";101;328,3;"CAPIVARI DE BAIXO";"Falta de Atenção à Condução";"Colisão transversal";"Com Vítimas Feridas";"Pleno dia";"Decrescente";"Chuva";"Simples";"Rotatória";"Sim";2;0;1;0;1;0;1;2;-28,4397;-48,9625;"SPRF-SC";"DEL02-SC";"UOP01-DEL02-SC"
119670;2018-03-20;"terça-feira";"15:35:00";"MG";40;638,5;"CONSELHEIRO LAFAIETE";"Pista Escorregadia";"Saída de leito carroçável";"Com Vítimas Feridas";"Pleno dia";"Decrescente";"Chuva";"Simples";"Curva";"Não";1;0;1;0;0;0;1;1;-20,7398;-43,7994;"SPRF-MG";"DEL05-MG";"UOP02-DEL05-MG"
119673;2018-03-20;"terça-feira";"14:40:00";"PR";376;418,4;"TIBAGI";"Avarias e/ou desgaste excessivo no pneu";"Saída de leito carroçável";"Sem Vítimas";"Pleno dia";"Crescente";"Chuva";"Simples";"Reta";"Não";1;0;0;0;1;0;0;1;-24,6746;-50,6002;"SPRF-PR";"DEL03-PR";"UOP02-DEL03-PR"
119677;2018-03-20;"terça-feira";"16:00:00";"PR";277;145;"PORTO AMAZONAS";"Velocidade Incompatível";"Colisão frontal";"Com Vítimas Feridas";"Pleno dia";"Decrescente";"Chuva";"Simples";"Curva";"Não";6;0;2;2;2;0;4;2;-25,46854378;-49,7705653;"SPRF-PR";"DEL01-PR";"UOP06-DEL01-PR"
119679;2018-03-20;"terça-feira";"16:40:00";"GO";40;0,2;"VALPARAISO DE GOIAS";"Falta de Atenção à Condução";"Queda de ocupante de veículo";"Com Vítimas Feridas";"Pleno dia";"Crescente";"Nublado";"Dupla";"Reta";"Sim";1;0;1;0;0;0;1;1;-16,0562949;-47,982333;"SPRF-DF";"DEL01-DF";"UOP01-DEL01-DF"
119682;2018-03-20;"terça-feira";"17:10:00";"SC";101;208;"SAO JOSE";"Falta de Atenção à Condução";"Tombamento";"Com Vítimas Feridas";"Pleno dia";"Crescente";"Chuva";"Múltipla";"Reta";"Sim";1;0;0;1;0;0;1;1;-27,606;-48,613;"SPRF-SC";"DEL01-SC";"UOP01-DEL01-SC"
119684;2018-03-20;"terça-feira";"17:15:00";"BA";407;4;"JUAZEIRO";"Falta de Atenção à Condução";"Colisão lateral";"Com Vítimas Feridas";"Pleno dia";"Crescente";"Céu Claro";"Simples";"Reta";"Não";2;0;0;2;0;0;2;2;-9,43965;-40,494293;"SPRF-PE";"DEL06-PE";"UOP01-DEL06-PE"
119685;2018-03-20;"terça-feira";"11:30:00";"SC";282;92,5;"ALFREDO WAGNER";"Velocidade Incompatível";"Saída de leito carroçável";"Sem Vítimas";"Pleno dia";"Crescente";"Chuva";"Simples";"Reta";"Não";1;0;0;0;1;0;0;1;-27,697363;-49,23542;"SPRF-SC";"DEL01-SC";"UOP03-DEL01-SC"
119686;2018-03-20;"terça-feira";"17:00:00";"ES";101;189;"ARACRUZ";"Falta de Atenção à Condução";"Colisão transversal";"Com Vítimas Feridas";"Pleno dia";"Crescente";"Nublado";"Simples";"Interseção de Vias";"Sim";3;0;1;2;0;0;3;2;-19,70207181;-40,31570435;"SPRF-ES";"DEL04-ES";"UOP01-DEL04-ES"
119687;2018-03-20;"terça-feira";"17:35:00";"PR";376;641,9;"TIJUCAS DO SUL";"Falta de Atenção à Condução";"Colisão com objeto estático";"Sem Vítimas";"Anoitecer";"Crescente";"Chuva";"Dupla";"Curva";"Não";1;0;0;0;1;0;0;1;-25,79989118;-49,12811279;"SPRF-PR";"DEL01-PR";"DEL7/1-UOP08/PR"
119692;2018-03-20;"terça-feira";"17:40:00";"SP";381;45;"ATIBAIA";"Não guardar distância de segurança";"Colisão traseira";"Com Vítimas Feridas";"Anoitecer";"Decrescente";"Chuva";"Dupla";"Reta";"Não";5;0;2;0;3;0;2;3;-23,17373394;-46,57763243;"SPRF-SP";"DEL03-SP";"UOP01-DEL03-SP"
119694;2018-03-20;"terça-feira";"17:20:00";"GO";50;139,7;"IPAMERI";"Defeito Mecânico no Veículo";"Queda de ocupante de veículo";"Com Vítimas Feridas";"Pleno dia";"Crescente";"Nublado";"Dupla";"Reta";"Não";2;0;1;0;0;1;1;2;-17,0797;-47,7349;"SPRF-GO";"DEL06-GO";"UOP01-DEL06-GO"
119697;2018-03-20;"terça-feira";"17:30:00";"MG";262;364;"JUATUBA";"Velocidade Incompatível";"Saída de leito carroçável";"Com Vítimas Feridas";"Anoitecer";"Decrescente";"Céu Claro";"Dupla";"Curva";"Não";1;0;1;0;0;0;1;1;-19,9735;-44,3155;"SPRF-MG";"DEL01-MG";"UOP03-DEL01-MG"