"id";"data_inversa";"dia_semana";"horario";"uf";"br";"km";"municipio";"causa_acidente";"tipo_acidente";"classificacao_acidente";"fase_dia";"sentido_via";"condicao_metereologica";"tipo_pista";"tracado_via";"uso_solo";"pessoas";"mortos";"feridos_leves";"feridos_graves";"ilesos";"ignorados";"feridos";"veiculos";"latitude";"longitude";"regional";"delegacia";"uop"
119698;2018-03-20;"terça-feira";"17:30:00";"RJ";116;167;"RIO DE JANEIRO";"Falta de Atenção à Condução";"Colisão lateral";"Sem Vítimas";"Anoitecer";"Crescente";"Nublado";"Múltipla";"Reta";"Sim";2;0;0;0;2;0;0;2;-22,818039;-43,307873;"SPRF-RJ";"DEL01-RJ";"UOP02-DEL01-RJ"
119699;2018-03-20;"terça-feira";"17:20:00";"PE";423;89,6;"SAO JOAO";"Falta de Atenção à Condução";"Colisão transversal";"Com Vítimas Feridas";"Pleno dia";"Crescente";"Céu Claro";"Simples";"Reta";"Não";2;0;0;1;1;0;1;2;-8,84261584;-36,45836055;"SPRF-PE";"DEL03-PE";"UOP01-DEL03-PE"
119700;2018-03-20;"terça-feira";"16:20:00";"SC";282;64,4;"RANCHO QUEIMADO";"Falta de Atenção à Condução";"Colisão frontal";"Sem Vítimas";"Pleno dia";"Crescente";"Chuva";"Múltipla";"Curva";"Não";2;0;0;0;2;0;0;2;-27,70095267;-49,05394334;"SPRF-SC";"DEL01-SC";"UOP03-DEL01-SC"
119702;2018-03-20;"terça-feira";"17:45:00";"BA";324;542;"AMELIA RODRIGUES";"Não guardar distância de segurança";"Colisão traseira";"Sem Vítimas";"Anoitecer";"Crescente";"Céu Claro";"Dupla";"Reta";"Sim";3;0;0;0;3;0;0;3;-12,4100444;-38,7563324;"SPRF-BA";"DEL01-BA";"UOP01-DEL01-BA"
119703;2018-03-20;"terça-feira";"17:45:00";"RS";116;186,9;"NOVA PETROPOLIS";"Pista Escorregadia";"Tombamento";"Com Vítimas Feridas";"Anoitecer";"Crescente";"Nublado";"Simples";"Curva";"Não";1;0;1;0;0;0;1;1;-29,37978177;-51,11595154;"SPRF-RS";"DEL05-RS";"UOP02-DEL05-RS"
119704;2018-03-20;"terça-feira";"17:50:00";"GO";60;163;"GOIANIA";"Objeto estático sobre o leito carroçável";"Colisão lateral";"Sem Vítimas";"Pleno dia";"Decrescente";"Sol";"Dupla";"Reta";"Sim";2;0;0;0;2;0;0;2;-16,7002;-49,3335;"SPRF-GO";"DEL01-GO";"UOP02-DEL01-GO"
119705;2018-03-20;"terça-feira";"15:18:00";"GO";153;374,9;"SAO FRANCISCO DE GOIAS";"Não guardar distância de segurança";"Colisão traseira";"Sem Vítimas";"Pleno dia";"Crescente";"Céu Claro";"Simples";"Aclive";"Não";3;0;0;0;3;0;0;3;-15,860242;-49,261246;"SPRF-GO";"DEL02-GO";"UOP02-DEL02-GO"
119707;2018-03-20;"terça-feira";"18:15:00";"RS";290;91;"PORTO ALEGRE";"Velocidade Incompatível";"Tombamento";"Com Vítimas Feridas";"Pleno dia";"Decrescente";"Sol";"Múltipla";"Aclive";"Sim";2;0;2;0;0;0;2;1;-29,97152127;-51,17505753;"SPRF-RS";"DEL01-RS";"UOP01-DEL01-RS"
119708;2018-03-20;"terça-feira";"18:00:00";"SC";282;2,7;"FLORIANOPOLIS";"Falta de Atenção à Condução";"Colisão traseira";"Com Vítimas Feridas";"Anoitecer";"Crescente";"Chuva";"Dupla";"Reta";"Sim";3;0;1;0;2;0;1;2;-27,60189631;-48,59708277;"SPRF-SC";"DEL01-SC";"UOP01-DEL01-SC"
119709;2018-03-20;"terça-feira";"17:50:00";"PR";277;705;"SAO MIGUEL DO IGUACU";"Agressão Externa";"Saída de leito carroçável";"Com Vítimas Feridas";"Anoitecer";"Decrescente";"Nublado";"Dupla";"Reta";"Não";2;0;1;0;1;0;1;1;-25,430321;-54,369568;"SPRF-PR";"DEL05-PR";"UOP01-DEL05-PR"
119710;2018-03-20;"terça-feira";"17:10:00";"RO";364;341,8;"JI-PARANA";"Falta de Atenção à Condução";"Colisão traseira";"Com Vítimas Feridas";"Anoitecer";"Decrescente";"Céu Claro";"Dupla";"Reta;Ponte";"Sim";2;0;1;0;1;0;1;2;-10,88494117;-61,93612486;"SPRF-RO";"DEL02-RO";"UOP01-DEL02-RO"
119711;2018-03-20;"terça-feira";"18:20:00";"PR";476;129,2;"CURITIBA";"Falta de Atenção à Condução";"Colisão traseira";"Com Vítimas Feridas";"Anoitecer";"Decrescente";"Chuva";"Múltipla";"Reta";"Sim";3;0;0;1;1;1;1;3;-25,44495067;-49,2340976;"SPRF-PR";"DEL01-PR";"UOP07-DEL01-PR"
119713;2018-03-20;"terça-feira";"16:50:00";"MT";70;4;"BARRA DO GARCAS";"Ingestão de Álcool";"Colisão com objeto estático";"Com Vítimas Feridas";"Pleno dia";"Decrescente";"Céu Claro";"Múltipla";"Rotatória";"Sim";1;0;0;1;0;0;1;1;-15,879057;-52,285675;"SPRF-MT";"DEL07-MT";"UOP01-DEL07-MT"
119716;2018-03-20;"terça-feira";"17:24:00";"MT";364;305;"JACIARA";"Falta de Atenção à Condução";"Colisão lateral";"Sem Vítimas";"Anoitecer";"Crescente";"Céu Claro";"Dupla";"Reta";"Não";2;0;0;0;2;0;0;2;-15,83678586;-55,16619444;"SPRF-MT";"DEL02-MT";"UOP02-DEL05-MT"
119717;2018-03-20;"terça-feira";"18:30:00";"GO";153;652,8;"GOIATUBA";"Falta de Atenção à Condução";"Saída de leito carroçável";"Com Vítimas Feridas";"Anoitecer";"Crescente";"Céu Claro";"Dupla";"Reta";"Não";2;0;1;0;1;0;1;1;-17,984;-49,2579;"SPRF-GO";"DEL03-GO";"UOP01-DEL03-GO"
119718;2018-03-20;"terça-feira";"17:30:00";"BA";101;101,1;"ALAGOINHAS";"Desobediência às normas de trânsito pelo condutor";"Colisão lateral";"Com Vítimas Feridas";"Anoitecer";"Crescente";"Céu Claro";"Simples";"Reta";"Sim";3;0;1;0;1;1;1;3;-12,1005;-38,3718;"SPRF-BA";"DEL01-BA";"UOP04-DEL01-BA"
119722;2018-03-20;"terça-feira";"18:15:00";"RN";406;77,4;"JANDAIRA";"Animais na Pista";"Atropelamento de Animal";"Com Vítimas Feridas";"Plena Noite";"Crescente";"Céu Claro";"Simples";"Reta";"Não";1;0;1;0;0;0;1;1;-5,40961601;-36,01220727;"SPRF-RN";"DEL02-RN";"UOP01-DEL02-RN"
119723;2018-03-20;"terça-feira";"19:20:00";"PR";369;136,1;"IBIPORA";"Desobediência às normas de trânsito pelo condutor";"Colisão traseira";"Com Vítimas Feridas";"Plena Noite";"Crescente";"Céu Claro";"Simples";"Reta";"Sim";3;0;2;0;1;0;2;2;-23,2657577;-51,03724387;"SPRF-PR";"DEL07-PR";"UOP01-DEL07-PR"
119728;2018-03-20;"terça-feira";"18:55:00";"DF";70;6,4;"BRASILIA";"Falta de Atenção à Condução";"Colisão lateral";"Com Vítimas Fatais";"Plena Noite";"Crescente";"Nublado";"Dupla";"Reta;Retorno Regulamentado;Declive";"Não";3;1;2;0;0;0;2;2;-15,78946611;-48,11031547;"SPRF-DF";"DEL01-DF";"UOP02-DEL03-DF"
119729;2018-03-20;"terça-feira";"19:00:00";"PR";158;516;"PATO BRANCO";"Restrição de Visibilidade";"Colisão frontal";"Sem Vítimas";"Plena Noite";"Crescente";"Chuva";"Simples";"Curva";"Não";2;0;0;0;2;0;0;2;-26,19389087;-52,66835406;"SPRF-PR";"DEL02-PR";"UOP01-DEL02-PR"
119731;2018-03-20;"terça-feira";"19:30:00";"ES";101;270,7;"SERRA";"Defeito Mecânico no Veículo";"Queda de ocupante de veículo";"Com Vítimas Feridas";"Plena Noite";"Decrescente";"Céu Claro";"Dupla";"Curva";"Sim";1;0;1;0;0;0;1;1;-20,2325632;-40,27107239;"SPRF-ES";"DEL02-ES";"UOP01-DEL02-ES"
119732;2018-03-20;"terça-feira";"19:00:00";"ES";101;299;"VIANA";"Falta de Atenção do Pedestre";"Atropelamento de Pedestre";"Com Vítimas Feridas";"Anoitecer";"Decrescente";"Céu Claro";"Múltipla";"Reta";"Sim";2;0;0;1;0;1;1;2;-20,3829687;-40,4596784;"SPRF-ES";"DEL01-ES";"UOP01-DEL01-ES"
119733;2018-03-20;"terça-feira";"17:30:00";"PR";272;553;"TERRA ROXA";"Velocidade Incompatível";"Saída de leito carroçável";"Com Vítimas Feridas";"Pleno dia";"Crescente";"Nublado";"Simples";"Curva";"Não";2;0;1;0;0;1;1;1;-24,08571166;-54,1179657;"SPRF-PR";"DEL06-PR";"UAP01-DEL06-PR"
119734;2018-03-20;"terça-feira";"19:50:00";"PR";476;133,1;"CURITIBA";"Falta de Atenção à Condução";"Colisão transversal";"Sem Vítimas";"Plena Noite";"Decrescente";"Chuva";"Múltipla";"Interseção de Vias";"Sim";2;0;0;0;2;0;0;2;-25,47015653;-49,25480962;"SPRF-PR";"DEL01-PR";"UOP07-DEL01-PR"
119735;2018-02-15;"quinta-feira";"09:20:00";"SC";101;134,4;"BALNEARIO CAMBORIU";"Falta de Atenção à Condução";"Colisão lateral";"Com Vítimas Feridas";"Pleno dia";"Decrescente";"Nublado";"Simples";"Interseção de Vias";"Sim";3;0;1;0;2;0;1;3;-27,00378108;-48,63043628;"SPRF-SC";"DEL04-SC";"UOP03-DEL04-SC"
119736;2018-03-20;"terça-feira";"19:25:00";"GO";60;167,8;"GOIANIA";"Objeto estático sobre o leito carroçável";"Colisão com objeto estático";"Com Vítimas Feridas";"Plena Noite";"Decrescente";"Céu Claro";"Dupla";"Declive";"Sim";1;0;1;0;0;0;1;1;-16,74960555;-49,4190502;"SPRF-GO";"DEL01-GO";"UOP02-DEL01-GO"
119741;2018-03-20;"terça-feira";"19:20:00";"MG";40;662,8;"CARANDAI";"Restrição de Visibilidade";"Saída de leito carroçável";"Sem Vítimas";"Plena Noite";"Crescente";"Céu Claro";"Simples";"Reta";"Não";1;0;0;0;1;0;0;1;-20,9292;-43,8184;"SPRF-MG";"DEL05-MG";"UOP02-DEL05-MG"
119744;2018-03-20;"terça-feira";"17:45:00";"MA";135;236,5;"PERITORO";"Ingestão de Álcool";"Colisão transversal";"Com Vítimas Fatais";"Anoitecer";"Crescente";"Céu Claro";"Simples";"Curva";"Não";2;1;0;1;0;0;1;2;-4,467181;-44,371997;"SPRF-MA";"DEL03-MA";"UOP01-DEL03-MA"
119745;2018-03-20;"terça-feira";"20:20:00";"MG";381;486,1;"BETIM";"Objeto estático sobre o leito carroçável";"Colisão com objeto estático";"Com Vítimas Feridas";"Plena Noite";"Decrescente";"Céu Claro";"Múltipla";"Reta";"Sim";1;0;1;0;0;0;1;1;-19,9554;-44,1157;"SPRF-MG";"DEL01-MG";"UOP03-DEL01-MG"
119746;2018-03-20;"terça-feira";"20:15:00";"PB";104;114,5;"LAGOA SECA";"Falta de Atenção à Condução";"Colisão lateral";"Sem Vítimas";"Plena Noite";"Decrescente";"Céu Claro";"Simples";"Aclive";"Não";3;0;0;0;3;0;0;2;-7,1652005;-35,8581962;"SPRF-PB";"DEL02-PB";"UOP04-DEL02-PB"
119747;2018-03-20;"terça-feira";"19:45:00";"RS";101;45,5;"TERRA DE AREIA";"Falta de Atenção à Condução";"Colisão com objeto estático";"Com Vítimas Feridas";"Plena Noite";"Decrescente";"Nublado";"Simples";"Reta";"Sim";1;0;1;0;0;0;1;1;-29,569855;-50,056385;"SPRF-RS";"DEL03-RS";"DEL9/3-UOP03/RS"
119749;2018-03-20;"terça-feira";"17:40:00";"RS";287;401,6;"SANTIAGO";"Falta de Atenção à Condução";"Saída de leito carroçável";"Com Vítimas Feridas";"Anoitecer";"Crescente";"Céu Claro";"Simples";"Reta";"Não";1;0;1;0;0;0;1;1;-29,15216128;-54,88632202;"SPRF-RS";"DEL12-RS";"UOP02-DEL12-RS"
119753;2018-03-20;"terça-feira";"17:00:00";"RJ";40;91;"PETROPOLIS";"Ultrapassagem Indevida";"Saída de leito carroçável";"Com Vítimas Feridas";"Pleno dia";"Crescente";"Chuva";"Simples";"Curva";"Não";1;0;1;0;0;0;1;1;-22,55164669;-43,25111389;"SPRF-RJ";"DEL06-RJ";"UOP01-DEL06-RJ"
119754;2018-03-20;"terça-feira";"19:40:00";"SP";116;114,9;"TAUBATE";"Desobediência às normas de trânsito pelo condutor";"Colisão com objeto estático";"Com Vítimas Feridas";"Plena Noite";"Decrescente";"Chuva";"Dupla";"Reta";"Não";2;0;1;0;1;0;1;2;-23,046539;-45,590172;"SPRF-SP";"DEL06-SP";"UOP02-DEL02-SP"
119757;2018-03-20;"terça-feira";"22:10:00";"SP";381;61;"MAIRIPORA";"Velocidade Incompatível";"Colisão com objeto estático";"Com Vítimas Feridas";"Plena Noite";"Decrescente";"Chuva";"Dupla";"Curva;Aclive";"Não";1;0;1;0;0;0;1;1;-23,28945529;-46,58077866;"SPRF-SP";"DEL03-SP";"UOP01-DEL03-SP"
119759;2018-03-20;"terça-feira";"19:40:00";"MT";163;55,8;"RONDONOPOLIS";"Defeito na Via";"Colisão com objeto estático";"Com Vítimas Feridas";"Plena Noite";"Decrescente";"Chuva";"Dupla";"Reta;Declive";"Não";1;0;1;0;0;0;1;1;-17,021475;-54,762337;"SPRF-MT";"DEL02-MT";"DEL2/2-UOP02/MT"
119760;2018-03-20;"terça-feira";"22:10:00";"SP";116;305;"SAO LOURENCO DA SERRA";"Falta de Atenção à Condução";"Saída de leito carroçável";"Com Vítimas Feridas";"Plena Noite";"Crescente";"Chuva";"Dupla";"Curva;Declive";"Não";1;0;1;0;0;0;1;1;-23,79812173;-46,91507578;"SPRF-SP";"DEL04-SP";"UOP01-DEL04-SP"
119761;2018-03-20;"terça-feira";"17:00:00";"SC";282;501,1;"XANXERE";"Velocidade Incompatível";"Saída de leito carroçável";"Sem Vítimas";"Pleno dia";"Crescente";"Chuva";"Dupla";"Rotatória";"Sim";1;0;0;0;1;0;0;1;-26,882715;-52,381729;"SPRF-SC";"DEL07-SC";"UOP01-DEL07-SC"
119763;2018-03-20;"terça-feira";"21:10:00";"RJ";116;332,9;"RESENDE";"Desobediência às normas de trânsito pelo pedestre";"Atropelamento de Pedestre";"Com Vítimas Fatais";"Plena Noite";"Crescente";"Chuva";"Dupla";"Reta";"Não";2;1;0;0;0;1;0;2;-22,51203166;-44,69577044;"SPRF-RJ";"DEL07-RJ";"DEL5/7-UOP03/RJ"
119764;2018-03-20;"terça-feira";"22:00:00";"SC";101;396,3;"MARACAJA";"Falta de Atenção à Condução";"Colisão com objeto estático";"Com Vítimas Feridas";"Plena Noite";"Crescente";"Nublado";"Dupla";"Reta";"Sim";3;0;1;0;2;0;1;2;-28,8318;-49,4143;"SPRF-SC";"DEL02-SC";"UOP02-DEL02-SC"
119765;2018-03-20;"terça-feira";"23:00:00";"PE";101;54;"PAULISTA";"Falta de Atenção à Condução";"Colisão transversal";"Sem Vítimas";"Plena Noite";"Decrescente";"Céu Claro";"Múltipla";"Reta";"Sim";2;0;0;0;2;0;0;2;-7,9487;-34,907;"SPRF-PE";"DEL01-PE";"UOP02-DEL01-PE"
119766;2018-03-20;"terça-feira";"19:15:00";"RO";364;569;"ITAPUA DO OESTE";"Falta de Atenção à Condução";"Saída de leito carroçável";"Sem Vítimas";"Plena Noite";"Crescente";"Céu Claro";"Simples";"Curva";"Não";1;0;0;0;1;0;0;1;-9,486569;-63,095852;"SPRF-RO";"DEL03-RO";"UOP04-DEL01-RO"
119767;2018-03-20;"terça-feira";"23:00:00";"SC";101;189,7;"BIGUACU";"Ingestão de Álcool";"Colisão com objeto estático";"Com Vítimas Feridas";"Plena Noite";"Crescente";"Nublado";"Múltipla";"Reta";"Não";1;0;1;0;0;0;1;1;-27,4683;-48,6415;"SPRF-SC";"DEL01-SC";"UOP01-DEL01-SC"
119769;2018-03-20;"terça-feira";"23:00:00";"SP";116;207;"GUARULHOS";"Desobediência às normas de trânsito pelo condutor";"Colisão com objeto estático";"Com Vítimas Feridas";"Plena Noite";"Decrescente";"Chuva";"Dupla";"Reta";"Sim";2;0;2;0;0;0;2;1;-23,41807311;-46,37816012;"SPRF-SP";"DEL01-SP";"UOP01-DEL01-SP"
119772;2018-03-20;"terça-feira";"20:15:00";"RS";153;620,7;"BAGE";"Animais na Pista";"Capotamento";"Sem Vítimas";"Plena Noite";"Crescente";"Céu Claro";"Simples";"Reta";"Não";1;0;0;0;1;0;0;1;-31,318283;-53,953644;"SPRF-RS";"DEL11-RS";"UOP03-DEL11-RS"
119775;2018-03-20;"terça-feira";"21:40:00";"CE";116;514,9;"BREJO SANTO";"Falta de Atenção à Condução";"Colisão traseira";"Com Vítimas Feridas";"Plena Noite";"Decrescente";"Céu Claro";"Simples";"Reta;Aclive";"Não";6;0;2;3;1;0;5;2;-7,59272;-39,025182;"SPRF-CE";"DEL05-CE";"UOP03-DEL05-CE"
119777;2018-03-21;"quarta-feira";"00:35:00";"PR";369;42;"ANDIRA";"Defeito Mecânico no Veículo";"Saída de leito carroçável";"Com Vítimas Feridas";"Plena Noite";"Decrescente";"Garoa/Chuvisco";"Simples";"Reta";"Não";1;0;1;0;0;0;1;1;-23,07215131;-50,26358843;"SPRF-PR";"DEL07-PR";"UOP05-DEL07-PR"
119778;2018-03-21;"quarta-feira";"01:15:00";"SC";101;196,7;"BIGUACU";"Animais na Pista";"Atropelamento de Animal";"Com Vítimas Feridas";"Plena Noite";"Decrescente";"Nublado";"Múltipla";"Reta";"Não";1;0;1;0;0;0;1;1;-27,50953321;-48,64438639;"SPRF-SC";"DEL01-SC";"UOP01-DEL01-SC"
119784;2018-03-21;"quarta-feira";"03:30:00";"ES";262;41;"DOMINGOS MARTINS";"Objeto estático sobre o leito carroçável";"Colisão com objeto estático";"Com Vítimas Feridas";"Plena Noite";"Decrescente";"Nublado";"Simples";"Curva";"Não";1;0;1;0;0;0;1;1;-20,3841;-40,6439;"SPRF-ES";"DEL01-ES";"UOP01-DEL01-ES"
119785;2018-03-21;"quarta-feira";"04:40:00";"MG";40;565;"NOVA LIMA";"Carga excessiva e/ou mal acondicionada";"Colisão com objeto em movimento";"Sem Vítimas";"Plena Noite";"Crescente";"Nublado";"Simples";"Reta";"Não";1;0;0;0;1;0;0;1;-20,17843451;-43,96644831;"SPRF-MG";"DEL01-MG";"UOP02-DEL01-MG"
119786;2018-03-21;"quarta-feira";"05:10:00";"RJ";116;244;"PIRAI";"Falta de Atenção à Condução";"Capotamento";"Sem Vítimas";"Amanhecer";"Crescente";"Céu Claro";"Simples";"Curva";"Não";1;0;0;0;1;0;0;1;-22,624538;-43,917652;"SPRF-RJ";"DEL07-RJ";"UOP01-DEL07-RJ"
119789;2018-03-20;"terça-feira";"21:30:00";"MG";381;456,2;"BELO HORIZONTE";"Não guardar distância de segurança";"Queda de ocupante de veículo";"Com Vítimas Feridas";"Plena Noite";"Decrescente";"Céu Claro";"Dupla";"Reta";"Sim";2;0;1;0;0;1;1;2;-19,83906001;-43,88626099;"SPRF-MG";"DEL01-MG";"UOP01-DEL01-MG"
119792;2018-03-21;"quarta-feira";"05:20:00";"MG";381;453,6;"SABARA";"Falta de Atenção à Condução";"Tombamento";"Com Vítimas Feridas";"Amanhecer";"Decrescente";"Céu Claro";"Simples";"Reta";"Sim";1;0;1;0;0;0;1;1;-19,8344177;-43,8601296;"SPRF-MG";"DEL01-MG";"UOP01-DEL01-MG"
119794;2018-03-21;"quarta-feira";"06:20:00";"RJ";116;142;"DUQUE DE CAXIAS";"Defeito Mecânico no Veículo";"Tombamento";"Com Vítimas Feridas";"Pleno dia";"Decrescente";"Céu Claro";"Dupla";"Reta";"Sim";1;0;1;0;0;0;1;1;-22,6694676;-43,2716159;"SPRF-RJ";"DEL04-RJ";"UOP02-DEL04-RJ"
119803;2018-03-21;"quarta-feira";"05:45:00";"PR";116;117;"CURITIBA";"Falta de Atenção à Condução";"Tombamento";"Com Vítimas Feridas";"Amanhecer";"Decrescente";"Nublado";"Dupla";"Retorno Regulamentado";"Sim";1;0;1;0;0;0;1;1;-25,544559;-49,30146;"SPRF-PR";"DEL01-PR";"UOP03-DEL01-PR"
119805;2018-03-21;"quarta-feira";"06:50:00";"SC";101;214;"PALHOCA";"Falta de Atenção à Condução";"Colisão traseira";"Com Vítimas Feridas";"Pleno dia";"Decrescente";"Céu Claro";"Dupla";"Reta";"Sim";2;0;1;0;1;0;1;2;-27,652;-48,676;"SPRF-SC";"DEL01-SC";"UOP02-DEL01-SC"
119808;2018-03-21;"quarta-feira";"06:45:00";"MG";381;612;"OLIVEIRA";"Velocidade Incompatível";"Capotamento";"Sem Vítimas";"Pleno dia";"Crescente";"Chuva";"Dupla";"Curva";"Não";1;0;0;0;1;0;0;1;-20,7025;-44,7496;"SPRF-MG";"DEL04-MG";"UOP01-DEL04-MG"
119809;2018-03-21;"quarta-feira";"07:00:00";"MG";381;884,3;"ESTIVA";"Velocidade Incompatível";"Colisão com objeto estático";"Sem Vítimas";"Pleno dia";"Decrescente";"Chuva";"Dupla";"Reta";"Não";1;0;0;0;1;0;0;1;-22,5006;-46,0136;"SPRF-MG";"DEL16-MG";"UOP01-DEL16-MG"
119810;2018-03-21;"quarta-feira";"07:20:00";"PR";376;175,1;"MARINGA";"Falta de Atenção à Condução";"Colisão traseira";"Com Vítimas Feridas";"Pleno dia";"Crescente";"Céu Claro";"Dupla";"Reta";"Sim";2;0;1;0;1;0;1;2;-23,411356;-51,940777;"SPRF-PR";"DEL07-PR";"UOP01-DEL09-PR"
119811;2018-03-21;"quarta-feira";"05:00:00";"MG";40;503;"ESMERALDAS";"Falta de Atenção do Pedestre";"Atropelamento de Pedestre";"Com Vítimas Feridas";"Amanhecer";"Crescente";"Nublado";"Dupla";"Reta";"Não";2;0;0;1;0;1;1;2;-19,7353;-44,1505;"SPRF-MG";"DEL02-MG";"UOP01-DEL02-MG"
119815;2018-03-21;"quarta-feira";"07:45:00";"RS";470;217;"BENTO GONCALVES";"Desobediência às normas de trânsito pelo condutor";"Colisão transversal";"Sem Vítimas";"Pleno dia";"Decrescente";"Céu Claro";"Simples";"Reta";"Sim";2;0;0;0;2;0;0;2;-29,17498828;-51,52293652;"SPRF-RS";"DEL06-RS";"UOP01-DEL06-RS"
119817;2018-03-21;"quarta-feira";"07:35:00";"GO";40;1,8;"VALPARAISO DE GOIAS";"Falta de Atenção à Condução";"Queda de ocupante de veículo";"Com Vítimas Feridas";"Pleno dia";"Crescente";"Céu Claro";"Dupla";"Reta";"Sim";1;0;1;0;0;0;1;1;-16,06546497;-47,98403263;"SPRF-DF";"DEL01-DF";"UOP01-DEL01-DF"
119819;2018-03-21;"quarta-feira";"06:49:00";"BA";367;44,8;"PORTO SEGURO";"Falta de Atenção à Condução";"Colisão frontal";"Com Vítimas Fatais";"Pleno dia";"Crescente";"Céu Claro";"Simples";"Reta";"Sim";2;1;0;0;1;0;0;2;-16,37542;-39,243946;"SPRF-BA";"DEL09-BA";"UOP01-DEL09-BA"
119820;2018-03-21;"quarta-feira";"04:30:00";"RJ";493;21;"MAGE";"Sinalização da via insuficiente ou inadequada";"Atropelamento de Pedestre";"Com Vítimas Feridas";"Plena Noite";"Crescente";"Ignorado";"Simples";"Reta";"Não";2;0;0;1;0;1;1;2;-22,66851148;-43,020401;"SPRF-RJ";"DEL04-RJ";"UOP02-DEL04-RJ"
119821;2018-03-21;"quarta-feira";"07:44:00";"RN";304;38,5;"MOSSORO";"Falta de Atenção à Condução";"Colisão lateral";"Com Vítimas Feridas";"Pleno dia";"Crescente";"Sol";"Dupla";"Reta";"Sim";2;0;0;1;1;0;1;2;-5,181406;-37,36834;"SPRF-RN";"DEL04-RN";"UOP02-DEL04-RN"
119822;2018-03-21;"quarta-feira";"06:45:00";"MT";174;5;"PONTES E LACERDA";"Desobediência às normas de trânsito pelo condutor";"Colisão transversal";"Com Vítimas Feridas";"Pleno dia";"Crescente";"Céu Claro";"Simples";"Reta";"Sim";2;0;1;0;1;0;1;2;-15,226537;-59,335728;"SPRF-MT";"DEL04-MT";"UOP01-DEL04-MT"
119823;2018-03-21;"quarta-feira";"06:40:00";"PE";423;41,6;"CACHOEIRINHA";"Desobediência às normas de trânsito pelo condutor";"Capotamento";"Sem Vítimas";"Pleno dia";"Decrescente";"Céu Claro";"Simples";"Reta";"Não";1;0;0;0;1;0;0;1;-8,505822;-36,249352;"SPRF-PE";"DEL03-PE";"UOP01-DEL03-PE"
119825;2018-03-21;"quarta-feira";"08:00:00";"MG";381;493,8;"BETIM";"Objeto estático sobre o leito carroçável";"Colisão com objeto estático";"Com Vítimas Feridas";"Pleno dia";"Crescente";"Nublado";"Múltipla";"Reta";"Sim";1;0;1;0;0;0;1;1;-19,966;-44,1775;"SPRF-MG";"DEL01-MG";"UOP03-DEL01-MG"
119826;2018-03-21;"quarta-feira";"07:45:00";"SP";116;171,1;"JACAREI";"Defeito Mecânico no Veículo";"Colisão com objeto estático";"Com Vítimas Feridas";"Pleno dia";"Decrescente";"Céu Claro";"Dupla";"Curva";"Não";1;0;1;0;0;0;1;1;-23,31199095;-46,05606079;"SPRF-SP";"DEL02-SP";"UOP01-DEL02-SP"
119827;2018-03-21;"quarta-feira";"07:15:00";"SP";116;202;"ARUJA";"Mal Súbito";"Saída de leito carroçável";"Com Vítimas Feridas";"Pleno dia";"Crescente";"Céu Claro";"Dupla";"Reta";"Não";2;0;1;0;1;0;1;1;-23,40979493;-46,34465039;"SPRF-SP";"DEL01-SP";"UOP02-DEL01-SP"
119829;2018-03-21;"quarta-feira";"07:45:00";"MG";146;516;"GUAXUPE";"Falta de Atenção à Condução";"Colisão transversal";"Com Vítimas Feridas";"Pleno dia";"Crescente";"Céu Claro";"Simples";"Interseção de Vias";"Não";2;0;1;0;1;0;1;2;-21,29038;-46,692806;"SPRF-MG";"DEL09-MG";"UOP01-DEL09-MG"
119832;2018-03-21;"quarta-feira";"07:50:00";"RS";116;530,1;"BARRA DO RIBEIRO";"Desobediência às normas de trânsito pelo condutor";"Colisão transversal";"Com Vítimas Feridas";"Pleno dia";"Decrescente";"Céu Claro";"Simples";"Rotatória";"Sim";2;0;1;0;1;0;1;2;-30,34457;-51,42852;"SPRF-RS";"DEL07-RS";"UOP01-DEL07-RS"
119835;2018-03-21;"quarta-feira";"08:10:00";"SP";116;565,2;"BARRA DO TURVO";"Pista Escorregadia";"Colisão com objeto estático";"Sem Vítimas";"Pleno dia";"Crescente";"Garoa/Chuvisco";"Simples";"Curva;Aclive";"Não";1;0;0;0;1;0;0;1;-25,03914005;-48,5459154;"SPRF-SP";"DEL05-SP";"UOP02-DEL05-SP"
119836;2018-03-21;"quarta-feira";"08:20:00";"CE";20;419,7;"MARACANAU";"Desobediência às normas de trânsito pelo condutor";"Colisão transversal";"Sem Vítimas";"Pleno dia";"Crescente";"Céu Claro";"Simples";"Interseção de Vias;Em Obras";"Sim";2;0;0;0;1;1;0;2;-3,84432806;-38,58068526;"SPRF-CE";"DEL01-CE";"UOP02-DEL01-CE"
119837;2018-03-14;"quarta-feira";"05:15:00";"SC";101;116,3;"ITAJAI";"Ingestão de Álcool";"Saída de leito carroçável";"Sem Vítimas";"Amanhecer";"Crescente";"Garoa/Chuvisco";"Dupla";"Reta";"Sim";1;0;0;0;1;0;0;1;-26,8877;-48,7222;"SPRF-SC";"DEL04-SC";"UOP04-DEL04-SC"