"id";"data_inversa";"dia_semana";"horario";"uf";"br";"km";"municipio";"causa_acidente";"tipo_acidente";"classificacao_acidente";"fase_dia";"sentido_via";"condicao_metereologica";"tipo_pista";"tracado_via";"uso_solo";"pessoas";"mortos";"feridos_leves";"feridos_graves";"ilesos";"ignorados";"feridos";"veiculos";"latitude";"longitude";"regional";"delegacia";"uop"
120099;2018-03-10;"sábado";"04:40:00";"RJ";101;312;"SAO GONCALO";"Mal Súbito";"Tombamento";"Com Vítimas Fatais";"Amanhecer";"Decrescente";"Céu Claro";"Dupla";"Reta";"Não";1;1;0;0;0;0;0;1;-22,805479;-43,061592;"SPRF-RJ";"DEL02-RJ";"DEL5/2-UOP04/RJ"
120100;2018-02-09;"sexta-feira";"15:45:00";"MG";40;161,5;"JOAO PINHEIRO";"Pista Escorregadia";"Saída de leito carroçável";"Com Vítimas Feridas";"Pleno dia";"Crescente";"Chuva";"Dupla";"Curva";"Não";4;0;1;0;3;0;1;1;-17,8924883;-46,12499951;"SPRF-MG";"DEL14-MG";"UOP02-DEL14-MG"
120101;2018-03-22;"quinta-feira";"14:20:00";"SC";470;52,6;"BLUMENAU";"Desobediência às normas de trânsito pelo condutor";"Colisão transversal";"Sem Vítimas";"Pleno dia";"Decrescente";"Nublado";"Simples";"Reta";"Sim";2;0;0;0;2;0;0;2;-26,86039013;-49,07940656;"SPRF-SC";"DEL04-SC";"UOP01-DEL04-SC"
120103;2018-03-22;"quinta-feira";"13:30:00";"MT";163;1039;"MATUPA";"Falta de Atenção à Condução";"Colisão lateral";"Com Vítimas Feridas";"Pleno dia";"Crescente";"Nublado";"Simples";"Rotatória";"Sim";2;0;0;1;1;0;1;2;-10,18476502;-54,9453789;"SPRF-MT";"DEL06-MT";"UOP02-DEL06-MT"
120108;2018-03-22;"quinta-feira";"14:20:00";"ES";101;216,5;"IBIRACU";"Falta de Atenção à Condução";"Colisão traseira";"Com Vítimas Feridas";"Pleno dia";"Crescente";"Chuva";"Dupla";"Reta";"Não";2;0;1;0;1;0;1;2;-19,84522615;-40,38547933;"SPRF-ES";"DEL02-ES";"UOP01-DEL02-ES"
120110;2018-03-22;"quinta-feira";"12:25:00";"MT";364;283,5;"JACIARA";"Pista Escorregadia";"Saída de leito carroçável";"Sem Vítimas";"Pleno dia";"Decrescente";"Chuva";"Dupla";"Curva";"Não";3;0;0;0;3;0;0;1;-15,914181;-55,032875;"SPRF-MT";"DEL02-MT";"UOP02-DEL05-MT"
120112;2018-03-22;"quinta-feira";"15:00:00";"PE";101;84,6;"CABO DE SANTO AGOSTINHO";"Desobediência às normas de trânsito pelo condutor";"Colisão lateral";"Com Vítimas Feridas";"Pleno dia";"Crescente";"Céu Claro";"Simples";"Reta";"Sim";3;0;1;0;1;1;1;2;-8,2005;-34,959538;"SPRF-PE";"DEL01-PE";"UOP03-DEL01-PE"
120113;2018-03-22;"quinta-feira";"14:25:00";"BA";116;417,2;"FEIRA DE SANTANA";"Falta de Atenção à Condução";"Colisão frontal";"Com Vítimas Feridas";"Pleno dia";"Crescente";"Sol";"Simples";"Reta";"Sim";2;0;1;0;1;0;1;2;-12,18566803;-38,96523608;"SPRF-BA";"DEL02-BA";"DEL10/2-UOP02/BA"
120114;2018-02-20;"terça-feira";"16:30:00";"MT";70;523,5;"VARZEA GRANDE";"Falta de Atenção à Condução";"Colisão traseira";"Com Vítimas Feridas";"Pleno dia";"Crescente";"Sol";"Simples";"Reta";"Sim";1;0;1;0;0;0;1;1;-15,65171696;-56,19372156;"SPRF-MT";"DEL01-MT";"DEL2/4-UOP02/MT"
120116;2018-03-22;"quinta-feira";"14:45:00";"MG";267;238,2;"LIBERDADE";"Avarias e/ou desgaste excessivo no pneu";"Colisão frontal";"Com Vítimas Feridas";"Pleno dia";"Crescente";"Chuva";"Simples";"Curva";"Não";3;0;3;0;0;0;3;2;-21,9404979;-44,37927246;"SPRF-MG";"DEL05-MG";"DEL5/4-UOP01/MG"
120117;2018-02-17;"sábado";"17:35:00";"RR";174;450;"MUCAJAI";"Ingestão de Álcool";"Colisão transversal";"Sem Vítimas";"Pleno dia";"Crescente";"Céu Claro";"Simples";"Interseção de Vias";"Sim";2;0;0;0;2;0;0;2;2,4563;-60,9184;"SPRF-RR";"DEL01-RR";"UOP01-DEL01-RR"
120121;2018-03-22;"quinta-feira";"14:30:00";"RJ";101;422;"MANGARATIBA";"Avarias e/ou desgaste excessivo no pneu";"Colisão frontal";"Sem Vítimas";"Pleno dia";"Decrescente";"Garoa/Chuvisco";"Simples";"Curva";"Não";4;0;0;0;4;0;0;3;-22,93942433;-44,00985718;"SPRF-RJ";"DEL03-RJ";"UOP01-DEL03-RJ"
120122;2018-03-22;"quinta-feira";"14:10:00";"PE";232;149;"SAO CAITANO";"Falta de Atenção à Condução";"Saída de leito carroçável";"Sem Vítimas";"Pleno dia";"Crescente";"Céu Claro";"Simples";"Reta";"Sim";1;0;0;0;1;0;0;1;-8,33380042;-36,16767883;"SPRF-PE";"DEL02-PE";"UOP03-DEL02-PE"
120125;2018-03-22;"quinta-feira";"16:20:00";"MG";40;557;"NOVA LIMA";"Falta de Atenção à Condução";"Saída de leito carroçável";"Sem Vítimas";"Pleno dia";"Crescente";"Chuva";"Dupla";"Curva";"Sim";1;0;0;0;1;0;0;1;-20,1116;-43,9714;"SPRF-MG";"DEL01-MG";"UOP02-DEL01-MG"
120129;2018-02-10;"sábado";"16:45:00";"PB";230;156,8;"CAMPINA GRANDE";"Ingestão de Álcool";"Colisão com objeto estático";"Com Vítimas Feridas";"Pleno dia";"Crescente";"Nublado";"Simples";"Reta";"Sim";2;0;2;0;0;0;2;1;-7,26505993;-35,91868008;"SPRF-PB";"DEL02-PB";"UOP01-DEL02-PB"
120131;2018-03-22;"quinta-feira";"16:35:00";"ES";101;357,2;"ANCHIETA";"Falta de Atenção à Condução";"Colisão transversal";"Com Vítimas Feridas";"Pleno dia";"Crescente";"Nublado";"Simples";"Reta";"Não";2;0;0;1;1;0;1;2;-20,68923746;-40,69710106;"SPRF-ES";"DEL03-ES";"UOP01-DEL03-ES"
120132;2018-03-22;"quinta-feira";"15:50:00";"RJ";40;60;"PETROPOLIS";"Velocidade Incompatível";"Saída de leito carroçável";"Com Vítimas Feridas";"Pleno dia";"Decrescente";"Garoa/Chuvisco";"Dupla";"Curva";"Não";2;0;2;0;0;0;2;1;-22,3995543;-43,134814;"SPRF-RJ";"DEL06-RJ";"UOP01-DEL06-RJ"
120133;2018-02-02;"sexta-feira";"12:15:00";"MG";267;19,2;"LEOPOLDINA";"Ultrapassagem Indevida";"Saída de leito carroçável";"Com Vítimas Feridas";"Pleno dia";"Crescente";"Céu Claro";"Simples";"Curva";"Não";1;0;1;0;0;0;1;1;-21,5917;-42,7835;"SPRF-MG";"DEL07-MG";"UOP01-DEL07-MG"
120136;2018-03-22;"quinta-feira";"17:00:00";"RS";153;48,6;"ERECHIM";"Velocidade Incompatível";"Saída de leito carroçável";"Sem Vítimas";"Pleno dia";"Decrescente";"Nublado";"Dupla";"Interseção de Vias";"Não";2;0;0;0;2;0;0;2;-27,6189628;-52,238669;"SPRF-RS";"DEL08-RS";"UOP04-DEL08-RS"
120140;2018-03-22;"quinta-feira";"17:30:00";"SP";116;142,8;"SAO JOSE DOS CAMPOS";"Falta de Atenção à Condução";"Engavetamento";"Com Vítimas Feridas";"Anoitecer";"Decrescente";"Céu Claro";"Dupla";"Reta";"Sim";5;0;0;1;4;0;1;5;-23,174294;-45,829464;"SPRF-SP";"DEL06-SP";"UOP02-DEL02-SP"
120143;2018-03-22;"quinta-feira";"17:50:00";"SC";101;315,7;"PESCARIA BRAVA";"Defeito Mecânico no Veículo";"Tombamento";"Com Vítimas Feridas";"Anoitecer";"Decrescente";"Céu Claro";"Múltipla";"Curva";"Sim";2;0;1;0;1;0;1;1;-28,42607128;-48,85317028;"SPRF-SC";"DEL02-SC";"UOP01-DEL02-SC"
120146;2018-03-22;"quinta-feira";"17:20:00";"PR";476;125;"CURITIBA";"Velocidade Incompatível";"Colisão traseira";"Com Vítimas Feridas";"Pleno dia";"Crescente";"Nublado";"Dupla";"Reta;Em Obras";"Sim";2;0;1;0;1;0;1;2;-25,4083;-49,219658;"SPRF-PR";"DEL01-PR";"UOP07-DEL01-PR"
120148;2018-03-22;"quinta-feira";"16:50:00";"MS";463;106,6;"PONTA PORA";"Desobediência às normas de trânsito pelo condutor";"Colisão transversal";"Sem Vítimas";"Anoitecer";"Crescente";"Céu Claro";"Simples";"Reta";"Sim";2;0;0;0;2;0;0;2;-22,59654;-55,665398;"SPRF-MS";"DEL04-MS";"UOP03-DEL04-MS"
120149;2018-03-08;"quinta-feira";"17:55:00";"PB";230;24;"JOAO PESSOA";"Velocidade Incompatível";"Engavetamento";"Com Vítimas Feridas";"Anoitecer";"Decrescente";"Céu Claro";"Dupla";"Aclive";"Sim";4;0;1;0;3;0;1;3;-7,1637;-34,8618;"SPRF-PB";"DEL01-PB";"UOP01-DEL01-PB"
120150;2018-03-22;"quinta-feira";"14:50:00";"MG";50;22;"ARAGUARI";"Falta de Atenção à Condução";"Tombamento";"Com Vítimas Feridas";"Pleno dia";"Decrescente";"Céu Claro";"Dupla";"Curva";"Não";2;0;2;0;0;0;2;1;-18,6111089;-48,04801941;"SPRF-MG";"DEL15-MG";"UOP02-DEL15-MG"
120151;2018-03-22;"quinta-feira";"18:00:00";"RJ";356;149;"CAMPOS DOS GOYTACAZES";"Falta de Atenção à Condução";"Colisão transversal";"Com Vítimas Feridas";"Plena Noite";"Crescente";"Chuva";"Simples";"Reta";"Sim";2;0;0;1;1;0;1;2;-21,777777;-41,306713;"SPRF-RJ";"DEL08-RJ";"UOP02-DEL08-RJ"
120154;2018-03-22;"quinta-feira";"18:10:00";"MS";163;341,3;"RIO BRILHANTE";"Falta de Atenção à Condução";"Colisão transversal";"Com Vítimas Feridas";"Plena Noite";"Crescente";"Céu Claro";"Simples";"Reta";"Sim";4;0;0;2;2;0;2;2;-21,65870454;-54,43862915;"SPRF-MS";"DEL02-MS";"UOP02-DEL02-MS"
120155;2018-03-22;"quinta-feira";"18:51:00";"ES";101;284,9;"CARIACICA";"Falta de Atenção à Condução";"Colisão traseira";"Com Vítimas Feridas";"Plena Noite";"Crescente";"Céu Claro";"Dupla";"Declive";"Sim";2;0;0;1;1;0;1;2;-20,29030115;-40,38963315;"SPRF-ES";"DEL01-ES";"UOP01-DEL01-ES"
120156;2018-03-10;"sábado";"19:00:00";"MT";70;1,2;"BARRA DO GARCAS";"Desobediência às normas de trânsito pelo condutor";"Colisão transversal";"Com Vítimas Feridas";"Plena Noite";"Decrescente";"Ignorado";"Simples";"Reta";"Sim";4;0;1;0;3;0;1;2;-15,89085349;-52,26300359;"SPRF-MT";"DEL07-MT";"UOP01-DEL07-MT"
120157;2018-03-22;"quinta-feira";"19:20:00";"SC";101;210;"PALHOCA";"Não guardar distância de segurança";"Colisão traseira";"Com Vítimas Feridas";"Anoitecer";"Crescente";"Céu Claro";"Dupla";"Reta";"Sim";2;0;1;0;1;0;1;2;-27,6235;-48,6524;"SPRF-SC";"DEL01-SC";"UOP01-DEL01-SC"
120158;2018-03-22;"quinta-feira";"17:30:00";"PR";280;261;"MARMELEIRO";"Velocidade Incompatível";"Saída de leito carroçável";"Com Vítimas Feridas";"Anoitecer";"Decrescente";"Nublado";"Simples";"Curva";"Não";1;0;1;0;0;0;1;1;-26,16653145;-53,04611206;"SPRF-PR";"DEL02-PR";"UOP01-DEL02-PR"
120159;2018-03-22;"quinta-feira";"18:10:00";"GO";60;113,7;"GOIANAPOLIS";"Velocidade Incompatível";"Saída de leito carroçável";"Com Vítimas Feridas";"Anoitecer";"Crescente";"Céu Claro";"Dupla";"Reta";"Sim";1;0;1;0;0;0;1;1;-16,4572;-49,0567;"SPRF-GO";"DEL01-GO";"UOP01-DEL01-GO"
120160;2018-03-22;"quinta-feira";"09:20:00";"RJ";101;210;"CASIMIRO DE ABREU";"Falta de Atenção à Condução";"Colisão traseira";"Com Vítimas Feridas";"Pleno dia";"Decrescente";"Nublado";"Dupla";"Reta";"Não";2;0;1;0;1;0;1;2;-22,481638;-42,237114;"SPRF-RJ";"DEL02-RJ";"UOP04-DEL08-RJ"
120161;2018-03-22;"quinta-feira";"18:50:00";"RS";290;132;"ELDORADO DO SUL";"Avarias e/ou desgaste excessivo no pneu";"Saída de leito carroçável";"Com Vítimas Feridas";"Plena Noite";"Crescente";"Nublado";"Simples";"Reta";"Não";1;0;1;0;0;0;1;1;-30,061724;-51,530876;"SPRF-RS";"DEL02-RS";"UOP01-DEL02-RS"
120162;2018-03-22;"quinta-feira";"18:00:00";"MG";381;483;"BETIM";"Velocidade Incompatível";"Colisão traseira";"Com Vítimas Feridas";"Plena Noite";"Decrescente";"Céu Claro";"Dupla";"Curva";"Sim";3;0;1;0;2;0;1;2;-19,95866449;-44,09139559;"SPRF-MG";"DEL01-MG";"UOP03-DEL01-MG"
120163;2018-03-22;"quinta-feira";"18:33:00";"SC";101;120,3;"ITAJAI";"Falta de Atenção à Condução";"Engavetamento";"Com Vítimas Feridas";"Plena Noite";"Decrescente";"Céu Claro";"Dupla";"Reta";"Sim";5;0;1;0;3;1;1;4;-26,91512385;-48,71090412;"SPRF-SC";"DEL04-SC";"UOP04-DEL04-SC"
120164;2018-03-22;"quinta-feira";"18:35:00";"PI";343;601;"FLORIANO";"Ultrapassagem Indevida";"Colisão frontal";"Com Vítimas Feridas";"Plena Noite";"Crescente";"Céu Claro";"Simples";"Reta";"Não";2;0;0;1;0;1;1;2;-6,837403;-43,07935;"SPRF-PI";"DEL03-PI";"UOP01-DEL03-PI"
120166;2018-03-22;"quinta-feira";"19:20:00";"SC";282;5,5;"SAO JOSE";"Falta de Atenção à Condução";"Colisão lateral";"Sem Vítimas";"Plena Noite";"Crescente";"Céu Claro";"Dupla";"Reta";"Sim";2;0;0;0;2;0;0;2;-27,588425;-48,612919;"SPRF-SC";"DEL01-SC";"UOP01-DEL01-SC"
120168;2018-03-22;"quinta-feira";"17:15:00";"MG";381;532,1;"ITATIAIUCU";"Velocidade Incompatível";"Saída de leito carroçável";"Com Vítimas Feridas";"Pleno dia";"Crescente";"Chuva";"Dupla";"Curva";"Não";1;0;1;0;0;0;1;1;-20,16683305;-44,36828613;"SPRF-MG";"DEL04-MG";"UOP03-DEL04-MG"
120169;2018-03-22;"quinta-feira";"19:45:00";"PR";116;166,9;"QUITANDINHA";"Falta de Atenção à Condução";"Colisão com objeto em movimento";"Com Vítimas Fatais";"Plena Noite";"Crescente";"Céu Claro";"Simples";"Declive";"Sim";3;1;0;0;1;1;0;3;-25,87902915;-49,49202633;"SPRF-PR";"DEL01-PR";"UOP03-DEL01-PR"
120170;2018-01-05;"sexta-feira";"15:00:00";"PI";135;311,2;"CRISTINO CASTRO";"Falta de Atenção à Condução";"Colisão traseira";"Sem Vítimas";"Pleno dia";"Crescente";"Chuva";"Simples";"Curva";"Não";6;0;0;0;6;0;0;2;-8,77875329;-44,18904483;"SPRF-PI";"DEL03-PI";"UOP02-DEL03-PI"
120171;2018-03-22;"quinta-feira";"18:40:00";"RR";174;505;"BOA VISTA";"Falta de Atenção à Condução";"Colisão transversal";"Com Vítimas Feridas";"Plena Noite";"Decrescente";"Céu Claro";"Simples";"Rotatória";"Sim";3;0;1;0;1;1;1;3;2,806108;-60,690945;"SPRF-RR";"DEL01-RR";"UOP01-DEL01-RR"
120172;2018-03-22;"quinta-feira";"16:45:00";"SC";101;407,1;"ARARANGUA";"Falta de Atenção à Condução";"Colisão com objeto estático";"Com Vítimas Feridas";"Pleno dia";"Crescente";"Nublado";"Dupla";"Reta";"Não";1;0;1;0;0;0;1;1;-28,9102;-49,4825;"SPRF-SC";"DEL02-SC";"UOP02-DEL02-SC"
120173;2018-03-22;"quinta-feira";"19:50:00";"DF";70;7;"BRASILIA";"Falta de Atenção do Pedestre";"Atropelamento de Pedestre";"Com Vítimas Feridas";"Plena Noite";"Crescente";"Céu Claro";"Dupla";"Reta;Aclive";"Sim";2;0;2;0;0;0;2;2;-15,787601;-48,114429;"SPRF-DF";"DEL01-DF";"UOP02-DEL03-DF"
120175;2018-03-22;"quinta-feira";"19:30:00";"RS";290;92,3;"PORTO ALEGRE";"Objeto estático sobre o leito carroçável";"Colisão com objeto estático";"Com Vítimas Feridas";"Plena Noite";"Crescente";"Céu Claro";"Dupla";"Reta";"Não";1;0;1;0;0;0;1;1;-29,971916;-51,176838;"SPRF-RS";"DEL01-RS";"UOP01-DEL01-RS"
120177;2018-03-22;"quinta-feira";"17:20:00";"RN";304;295,1;"MACAIBA";"Desobediência às normas de trânsito pelo condutor";"Colisão com objeto estático";"Com Vítimas Feridas";"Anoitecer";"Crescente";"Céu Claro";"Simples";"Interseção de Vias";"Não";3;0;0;1;2;0;1;2;-5,864849;-35,349312;"SPRF-RN";"DEL01-RN";"UOP02-DEL01-RN"
120180;2018-03-22;"quinta-feira";"18:55:00";"SP";116;269,4;"TABOAO DA SERRA";"Desobediência às normas de trânsito pelo condutor";"Colisão transversal";"Sem Vítimas";"Plena Noite";"Crescente";"Nublado";"Dupla";"Interseção de Vias";"Sim";3;0;0;0;2;1;0;3;-23,60861699;-46,75811291;"SPRF-SP";"DEL04-SP";"UOP01-DEL04-SP"
120181;2018-03-22;"quinta-feira";"19:20:00";"SC";101;121,1;"ITAJAI";"Falta de Atenção à Condução";"Tombamento";"Com Vítimas Feridas";"Anoitecer";"Crescente";"Nublado";"Dupla";"Reta";"Sim";2;0;2;0;0;0;2;1;-26,9297;-48,7048;"SPRF-SC";"DEL04-SC";"UOP04-DEL04-SC"
120185;2018-03-22;"quinta-feira";"14:30:00";"MG";153;7,8;"ARAPORA";"Defeito Mecânico no Veículo";"Capotamento";"Sem Vítimas";"Pleno dia";"Decrescente";"Sol";"Dupla";"Reta";"Não";1;0;0;0;1;0;0;1;-18,4878;-49,1886;"SPRF-MG";"DEL15-MG";"UOP03-DEL15-MG"
120187;2018-03-22;"quinta-feira";"17:25:00";"SC";101;207,7;"SAO JOSE";"Desobediência às normas de trânsito pelo condutor";"Colisão traseira";"Com Vítimas Feridas";"Pleno dia";"Crescente";"Céu Claro";"Dupla";"Reta";"Sim";2;0;0;1;1;0;1;2;-27,6034;-48,632;"SPRF-SC";"DEL01-SC";"UOP01-DEL01-SC"
120188;2018-03-22;"quinta-feira";"19:30:00";"SC";101;141,5;"BALNEARIO CAMBORIU";"Falta de Atenção à Condução";"Tombamento";"Com Vítimas Feridas";"Plena Noite";"Decrescente";"Nublado";"Dupla";"Reta";"Sim";1;0;1;0;0;0;1;1;-27,0562;-48,5985;"SPRF-SC";"DEL04-SC";"UOP03-DEL04-SC"
120191;2018-03-22;"quinta-feira";"18:00:00";"MT";70;281;"PRIMAVERA DO LESTE";"Falta de Atenção à Condução";"Colisão frontal";"Com Vítimas Feridas";"Anoitecer";"Crescente";"Nublado";"Simples";"Interseção de Vias";"Sim";3;0;2;0;1;0;2;2;-15,567039;-54,305145;"SPRF-MT";"DEL05-MT";"UOP01-DEL05-MT"
120196;2018-03-22;"quinta-feira";"18:05:00";"MG";116;526,7;"CARATINGA";"Falta de Atenção à Condução";"Colisão transversal";"Com Vítimas Feridas";"Anoitecer";"Crescente";"Chuva";"Simples";"Reta";"Sim";2;0;0;1;0;1;1;2;-19,76924789;-42,13163763;"SPRF-MG";"DEL06-MG";"UOP02-DEL06-MG"
120197;2018-03-22;"quinta-feira";"21:50:00";"SC";470;58;"BLUMENAU";"Falta de Atenção à Condução";"Colisão transversal";"Com Vítimas Feridas";"Plena Noite";"Decrescente";"Nublado";"Simples";"Reta";"Sim";2;0;1;0;1;0;1;2;-26,87732441;-49,129875;"SPRF-SC";"DEL04-SC";"UOP01-DEL04-SC"
120198;2018-03-22;"quinta-feira";"21:25:00";"PB";101;89;"JOAO PESSOA";"Ingestão de Álcool";"Atropelamento de Pedestre";"Com Vítimas Feridas";"Plena Noite";"Decrescente";"Céu Claro";"Dupla";"Reta";"Sim";3;0;3;0;0;0;3;2;-7,174583;-34,89864;"SPRF-PB";"DEL01-PB";"UOP01-DEL01-PB"
120199;2018-03-22;"quinta-feira";"21:30:00";"PB";230;40;"SANTA RITA";"Falta de Atenção à Condução";"Colisão traseira";"Sem Vítimas";"Plena Noite";"Decrescente";"Céu Claro";"Dupla";"Reta";"Não";2;0;0;0;1;1;0;2;-7,14779702;-34,99427965;"SPRF-PB";"DEL01-PB";"UOP01-DEL01-PB"
120200;2018-03-22;"quinta-feira";"22:20:00";"SC";470;81;"RODEIO";"Desobediência às normas de trânsito pelo condutor";"Colisão lateral";"Com Vítimas Feridas";"Plena Noite";"Crescente";"Nublado";"Simples";"Reta";"Não";2;0;1;1;0;0;2;2;-26,95634953;-49,3032074;"SPRF-SC";"DEL04-SC";"UOP01-DEL04-SC"
120202;2018-03-22;"quinta-feira";"22:20:00";"CE";20;408;"CAUCAIA";"Animais na Pista";"Capotamento";"Com Vítimas Feridas";"Plena Noite";"Crescente";"Vento";"Múltipla";"Reta";"Não";1;0;1;0;0;0;1;1;-3,76999;-38,670063;"SPRF-CE";"DEL01-CE";"UOP01-DEL01-CE"
120205;2018-03-22;"quinta-feira";"22:40:00";"SC";101;213;"PALHOCA";"Velocidade Incompatível";"Saída de leito carroçável";"Sem Vítimas";"Plena Noite";"Crescente";"Céu Claro";"Dupla";"Reta";"Sim";1;0;0;0;0;1;0;1;-27,64449582;-48,66530199;"SPRF-SC";"DEL01-SC";"UOP02-DEL01-SC"
120206;2018-03-22;"quinta-feira";"22:45:00";"PR";116;131,1;"FAZENDA RIO GRANDE";"Falta de Atenção à Condução";"Queda de ocupante de veículo";"Com Vítimas Feridas";"Plena Noite";"Crescente";"Nublado";"Dupla";"Reta";"Sim";1;0;1;0;0;0;1;1;-25,68113734;-49,31625366;"SPRF-PR";"DEL01-PR";"UOP03-DEL01-PR"
120208;2018-03-22;"quinta-feira";"22:15:00";"SC";101;217;"PALHOCA";"Ingestão de Álcool";"Colisão traseira";"Sem Vítimas";"Plena Noite";"Decrescente";"Céu Claro";"Múltipla";"Reta";"Sim";2;0;0;0;2;0;0;2;-27,6771;-48,67;"SPRF-SC";"DEL01-SC";"UOP02-DEL01-SC"
120210;2018-03-22;"quinta-feira";"23:25:00";"RJ";101;330;"RIO DE JANEIRO";"Falta de Atenção à Condução";"Colisão traseira";"Com Vítimas Feridas";"Plena Noite";"Decrescente";"Céu Claro";"Múltipla";"Reta";"Não";2;0;0;1;1;0;1;2;-22,868481;-43,18568;"SPRF-RJ";"DEL02-RJ";"UOP02-DEL02-RJ"
120211;2018-03-23;"sexta-feira";"00:10:00";"SC";280;56,5;"GUARAMIRIM";"Falta de Atenção à Condução";"Queda de ocupante de veículo";"Com Vítimas Feridas";"Plena Noite";"Decrescente";"Ignorado";"Simples";"Reta";"Não";1;0;0;1;0;0;1;1;-26,4754067;-48,9883993;"SPRF-SC";"DEL03-SC";"UOP03-DEL03-SC"
120213;2018-03-22;"quinta-feira";"23:35:00";"MG";381;510,9;"SAO JOAQUIM DE BICAS";"Velocidade Incompatível";"Colisão com objeto estático";"Com Vítimas Feridas";"Plena Noite";"Crescente";"Nublado";"Dupla";"Aclive;Reta";"Sim";1;0;1;0;0;0;1;1;-20,0685;-44,2974;"SPRF-MG";"DEL01-MG";"UOP03-DEL01-MG"
120214;2018-03-23;"sexta-feira";"00:30:00";"MG";40;42,2;"PARACATU";"Falta de Atenção à Condução";"Colisão traseira";"Sem Vítimas";"Plena Noite";"Decrescente";"Céu Claro";"Simples";"Interseção de Vias";"Sim";2;0;0;0;1;1;0;2;-17,218784;-46,866695;"SPRF-MG";"DEL14-MG";"UOP01-DEL14-MG"
120215;2018-03-22;"quinta-feira";"20:40:00";"RO";435;113;"CEREJEIRAS";"Defeito na Via";"Saída de leito carroçável";"Com Vítimas Feridas";"Plena Noite";"Crescente";"Céu Claro";"Simples";"Reta";"Não";1;0;0;1;0;0;1;1;-13,190149;-60,721409;"SPRF-RO";"DEL04-RO";"UOP02-DEL04-RO"
120217;2018-03-23;"sexta-feira";"00:30:00";"MT";163;980;"NOVA SANTA HELENA";"Defeito Mecânico no Veículo";"Incêndio";"Sem Vítimas";"Plena Noite";"Decrescente";"Céu Claro";"Simples";"Curva";"Não";1;0;0;0;1;0;0;1;-10,8049795;-55,16647339;"SPRF-MT";"DEL06-MT";"UOP02-DEL06-MT"
120219;2018-03-23;"sexta-feira";"01:15:00";"MS";163;817;"SONORA";"Condutor Dormindo";"Colisão com objeto estático";"Com Vítimas Feridas";"Plena Noite";"Crescente";"Céu Claro";"Simples";"Reta";"Não";1;0;1;0;0;0;1;1;-17,774462;-54,749301;"SPRF-MS";"DEL06-MS";"UOP01-DEL06-MS"
120220;2018-03-23;"sexta-feira";"02:52:00";"PR";116;47,8;"CAMPINA GRANDE DO SUL";"Condutor Dormindo";"Saída de leito carroçável";"Sem Vítimas";"Plena Noite";"Decrescente";"Céu Claro";"Dupla";"Retorno Regulamentado";"Sim";1;0;0;0;1;0;0;1;-25,21560421;-48,90290916;"SPRF-PR";"DEL01-PR";"UOP02-DEL01-PR"
120226;2018-03-23;"sexta-feira";"04:40:00";"SC";101;211;"PALHOCA";"Ingestão de Álcool";"Colisão com objeto estático";"Com Vítimas Fatais";"Plena Noite";"Crescente";"Céu Claro";"Dupla";"Reta";"Não";1;1;0;0;0;0;0;1;-27,6301;-48,659;"SPRF-SC";"DEL01-SC";"UOP02-DEL01-SC"
120227;2018-03-23;"sexta-feira";"05:00:00";"PR";369;37,5;"ANDIRA";"Ingestão de Álcool";"Colisão traseira";"Com Vítimas Feridas";"Plena Noite";"Crescente";"Céu Claro";"Dupla";"Reta";"Sim";4;0;1;0;3;0;1;2;-23,06457043;-50,25283813;"SPRF-PR";"DEL07-PR";"UOP05-DEL07-PR"
120230;2018-03-23;"sexta-feira";"05:30:00";"PR";376;175,7;"MARINGA";"Velocidade Incompatível";"Colisão traseira";"Com Vítimas Feridas";"Amanhecer";"Crescente";"Céu Claro";"Dupla";"Reta";"Sim";3;0;1;0;2;0;1;3;-23,411356;-51,940777;"SPRF-PR";"DEL07-PR";"UOP01-DEL09-PR"
120231;2018-03-23;"sexta-feira";"05:20:00";"RS";392;349,6;"SANTA MARIA";"Falta de Atenção à Condução";"Colisão traseira";"Com Vítimas Feridas";"Plena Noite";"Crescente";"Céu Claro";"Simples";"Reta";"Sim";4;0;1;0;3;0;1;2;-29,744389;-53,792816;"SPRF-RS";"DEL09-RS";"UOP01-DEL09-RS"
120232;2018-03-23;"sexta-feira";"05:20:00";"RJ";116;296;"PORTO REAL";"Não guardar distância de segurança";"Colisão lateral";"Com Vítimas Feridas";"Amanhecer";"Decrescente";"Céu Claro";"Dupla";"Reta";"Não";2;0;1;0;1;0;1;2;-22,449371;-44,321712;"SPRF-RJ";"DEL07-RJ";"DEL5/7-UOP03/RJ"
120235;2018-03-23;"sexta-feira";"05:00:00";"RO";364;708;"PORTO VELHO";"Falta de Atenção à Condução";"Queda de ocupante de veículo";"Com Vítimas Feridas";"Plena Noite";"Decrescente";"Céu Claro";"Dupla";"Retorno Regulamentado";"Não";1;0;1;0;0;0;1;1;-9,674507;-65,44786;"SPRF-RO";"DEL01-RO";"UOP01-DEL01-RO"
120236;2018-03-23;"sexta-feira";"06:20:00";"DF";70;10,3;"BRASILIA";"Desobediência às normas de trânsito pelo condutor";"Atropelamento de Pedestre";"Com Vítimas Feridas";"Amanhecer";"Crescente";"Nublado";"Dupla";"Reta";"Sim";2;0;1;0;1;0;1;2;-15,78812914;-48,1433281;"SPRF-DF";"DEL01-DF";"UOP02-DEL03-DF"