"id";"data_inversa";"dia_semana";"horario";"uf";"br";"km";"municipio";"causa_acidente";"tipo_acidente";"classificacao_acidente";"fase_dia";"sentido_via";"condicao_metereologica";"tipo_pista";"tracado_via";"uso_solo";"pessoas";"mortos";"feridos_leves";"feridos_graves";"ilesos";"ignorados";"feridos";"veiculos";"latitude";"longitude";"regional";"delegacia";"uop"
120363;2018-03-23;"sexta-feira";"16:30:00";"RN";226;99,9;"SANTA CRUZ";"Desobediência às normas de trânsito pelo condutor";"Colisão transversal";"Sem Vítimas";"Pleno dia";"Crescente";"Céu Claro";"Simples";"Reta";"Não";2;0;0;0;1;1;0;2;-6,244968;-35,986515;"SPRF-RN";"DEL03-RN";"UOP02-DEL03-RN"
120364;2018-03-23;"sexta-feira";"16:50:00";"RN";110;49,2;"MOSSORO";"Falta de Atenção à Condução";"Colisão traseira";"Com Vítimas Feridas";"Pleno dia";"Decrescente";"Céu Claro";"Dupla";"Interseção de Vias";"Sim";2;0;1;0;1;0;1;2;-5,21646;-37,329269;"SPRF-RN";"DEL04-RN";"UOP01-DEL04-RN"
120365;2018-03-23;"sexta-feira";"16:25:00";"SP";116;147,9;"SAO JOSE DOS CAMPOS";"Falta de Atenção à Condução";"Colisão traseira";"Sem Vítimas";"Pleno dia";"Crescente";"Céu Claro";"Dupla";"Interseção de Vias";"Sim";3;0;0;0;3;0;0;3;-23,22016639;-45,90614316;"SPRF-SP";"DEL02-SP";"UOP01-DEL02-SP"
120366;2018-03-23;"sexta-feira";"16:40:00";"PE";101;68,8;"RECIFE";"Falta de Atenção à Condução";"Colisão lateral";"Com Vítimas Feridas";"Anoitecer";"Crescente";"Céu Claro";"Simples";"Reta";"Sim";2;0;1;0;1;0;1;2;-8,058991;-34,946258;"SPRF-PE";"DEL01-PE";"UOP01-DEL01-PE"
120367;2018-03-23;"sexta-feira";"16:40:00";"SC";163;80,8;"GUARACIABA";"Não guardar distância de segurança";"Colisão traseira";"Sem Vítimas";"Pleno dia";"Crescente";"Céu Claro";"Simples";"Reta";"Não";8;0;0;0;4;4;0;5;-26,62966926;-53,51711065;"SPRF-SC";"DEL07-SC";"UOP03-DEL07-SC"
120370;2018-03-23;"sexta-feira";"15:20:00";"BA";110;327;"ALAGOINHAS";"Pista Escorregadia";"Queda de ocupante de veículo";"Com Vítimas Feridas";"Pleno dia";"Decrescente";"Nublado";"Simples";"Interseção de Vias";"Não";1;0;1;0;0;0;1;1;-12,07732298;-38,34434509;"SPRF-BA";"DEL01-BA";"UOP04-DEL01-BA"
120372;2018-03-23;"sexta-feira";"12:15:00";"MT";70;524,8;"POCONE";"Falta de Atenção à Condução";"Saída de leito carroçável";"Com Vítimas Feridas";"Pleno dia";"Decrescente";"Nublado";"Simples";"Reta";"Não";1;0;1;0;0;0;1;1;-15,8630079;-56,84390549;"SPRF-MT";"DEL01-MT";"DEL2/4-UOP02/MT"
120374;2018-03-23;"sexta-feira";"16:30:00";"MT";163;826,5;"SINOP";"Falta de Atenção à Condução";"Colisão traseira";"Sem Vítimas";"Pleno dia";"Crescente";"Céu Claro";"Dupla";"Reta";"Sim";3;0;0;0;3;0;0;2;-11,90363484;-55,51116943;"SPRF-MT";"DEL06-MT";"UOP01-DEL06-MT"
120376;2018-03-23;"sexta-feira";"16:30:00";"MT";163;833;"SINOP";"Falta de Atenção à Condução";"Queda de ocupante de veículo";"Com Vítimas Feridas";"Pleno dia";"Crescente";"Céu Claro";"Dupla";"Reta";"Sim";3;0;3;0;0;0;3;1;-11,87429;-55,49869;"SPRF-MT";"DEL06-MT";"UOP01-DEL06-MT"
120379;2018-03-23;"sexta-feira";"16:20:00";"PR";277;298,8;"PRUDENTOPOLIS";"Ingestão de Álcool";"Colisão transversal";"Sem Vítimas";"Pleno dia";"Crescente";"Céu Claro";"Simples";"Reta;Aclive";"Sim";2;0;0;0;2;0;0;2;-25,294998;-51,136216;"SPRF-PR";"DEL03-PR";"UOP01-DEL08-PR"
120380;2018-03-23;"sexta-feira";"16:05:00";"PB";230;153;"CAMPINA GRANDE";"Desobediência às normas de trânsito pelo condutor";"Colisão transversal";"Com Vítimas Feridas";"Pleno dia";"Crescente";"Céu Claro";"Simples";"Reta";"Sim";2;0;0;1;1;0;1;2;-7,27837332;-35,89682937;"SPRF-PB";"DEL02-PB";"UOP01-DEL02-PB"
120381;2018-03-23;"sexta-feira";"18:15:00";"SE";235;3,1;"ARACAJU";"Falta de Atenção à Condução";"Colisão traseira";"Com Vítimas Feridas";"Plena Noite";"Crescente";"Céu Claro";"Dupla";"Reta";"Sim";4;0;1;0;3;0;1;2;-10,9059;-37,111;"SPRF-SE";"DEL01-SE";"UOP01-DEL01-SE"
120383;2018-03-23;"sexta-feira";"18:10:00";"PR";277;671,5;"MEDIANEIRA";"Falta de Atenção à Condução";"Queda de ocupante de veículo";"Com Vítimas Feridas";"Pleno dia";"Crescente";"Céu Claro";"Dupla";"Declive";"Sim";1;0;1;0;0;0;1;1;-25,284861;-54,087521;"SPRF-PR";"DEL05-PR";"UOP02-DEL05-PR"
120384;2018-03-23;"sexta-feira";"16:30:00";"RJ";393;102,5;"SAPUCAIA";"Falta de Atenção à Condução";"Colisão transversal";"Com Vítimas Feridas";"Pleno dia";"Crescente";"Céu Claro";"Simples";"Reta";"Não";2;0;1;0;1;0;1;2;-21,87169464;-42,66952515;"SPRF-RJ";"DEL06-RJ";"UOP01-DEL05-RJ"
120385;2018-03-23;"sexta-feira";"18:20:00";"DF";20;47;"BRASILIA";"Velocidade Incompatível";"Saída de leito carroçável";"Com Vítimas Feridas";"Pleno dia";"Crescente";"Céu Claro";"Dupla";"Reta";"Não";2;0;1;0;0;1;1;1;-15,57806507;-47,46643066;"SPRF-DF";"DEL02-DF";"UOP01-DEL02-DF"
120386;2018-03-23;"sexta-feira";"18:15:00";"MG";262;469,2;"BOM DESPACHO";"Velocidade Incompatível";"Saída de leito carroçável";"Sem Vítimas";"Plena Noite";"Crescente";"Chuva";"Simples";"Reta";"Não";1;0;0;0;1;0;0;1;-19,783918;-45,25713;"SPRF-MG";"DEL08-MG";"UOP03-DEL08-MG"
120387;2018-03-23;"sexta-feira";"18:40:00";"ES";101;90,6;"JAGUARE";"Falta de Atenção à Condução";"Colisão transversal";"Com Vítimas Feridas";"Plena Noite";"Decrescente";"Céu Claro";"Simples";"Reta";"Sim";2;0;0;1;0;1;1;2;-18,90954799;-39,96077542;"SPRF-ES";"DEL04-ES";"UOP02-DEL04-ES"
120388;2018-03-23;"sexta-feira";"17:30:00";"PR";369;187,6;"ARAPONGAS";"Falta de Atenção do Pedestre";"Atropelamento de Pedestre";"Com Vítimas Feridas";"Anoitecer";"Crescente";"Garoa/Chuvisco";"Simples";"Reta";"Sim";2;0;1;0;0;1;1;2;-23,41871484;-51,42591205;"SPRF-PR";"DEL07-PR";"UOP03-DEL07-PR"
120389;2018-03-23;"sexta-feira";"18:30:00";"SC";101;126,5;"ITAJAI";"Falta de Atenção à Condução";"Queda de ocupante de veículo";"Com Vítimas Feridas";"Plena Noite";"Crescente";"Nublado";"Dupla";"Reta";"Não";2;0;2;0;0;0;2;1;-26,964;-48,6832;"SPRF-SC";"DEL04-SC";"UOP04-DEL04-SC"
120390;2018-03-23;"sexta-feira";"16:30:00";"PR";163;159,4;"LINDOESTE";"Falta de Atenção do Pedestre";"Atropelamento de Pedestre";"Com Vítimas Feridas";"Pleno dia";"Crescente";"Sol";"Simples";"Reta";"Não";2;0;1;0;1;0;1;2;-25,34030262;-53,58444214;"SPRF-PR";"DEL04-PR";"UOP05-DEL05-PR"
120393;2018-03-23;"sexta-feira";"18:30:00";"SC";101;145;"ITAPEMA";"Falta de Atenção à Condução";"Colisão lateral";"Com Vítimas Feridas";"Plena Noite";"Decrescente";"Céu Claro";"Dupla";"Interseção de Vias";"Sim";3;0;1;0;2;0;1;2;-27,0868;-48,6095;"SPRF-SC";"DEL04-SC";"UOP03-DEL04-SC"
120394;2018-03-23;"sexta-feira";"13:40:00";"MG";40;43,3;"PARACATU";"Ultrapassagem Indevida";"Colisão lateral";"Com Vítimas Feridas";"Pleno dia";"Decrescente";"Sol";"Simples";"Reta;Interseção de Vias";"Sim";5;0;2;0;0;3;2;3;-17,225937;-46,861691;"SPRF-MG";"DEL14-MG";"UOP01-DEL14-MG"
120395;2018-03-23;"sexta-feira";"18:55:00";"MG";364;8,5;"FRUTAL";"Sinalização da via insuficiente ou inadequada";"Colisão com objeto estático";"Com Vítimas Feridas";"Plena Noite";"Decrescente";"Céu Claro";"Simples";"Ponte";"Não";2;0;0;2;0;0;2;1;-20,104993;-48,738531;"SPRF-MG";"DEL13-MG";"UOP02-DEL13-MG"
120396;2018-03-23;"sexta-feira";"09:50:00";"MG";50;197;"UBERABA";"Defeito Mecânico no Veículo";"Colisão com objeto estático";"Sem Vítimas";"Pleno dia";"Decrescente";"Nublado";"Dupla";"Reta";"Não";1;0;0;0;1;0;0;1;-19,9146;-47,8299;"SPRF-MG";"DEL13-MG";"UOP01-DEL13-MG"
120399;2018-03-23;"sexta-feira";"17:15:00";"GO";414;403,6;"ABADIANIA";"Pista Escorregadia";"Saída de leito carroçável";"Com Vítimas Feridas";"Anoitecer";"Decrescente";"Chuva";"Simples";"Curva;Declive";"Não";2;0;1;0;1;0;1;1;-16,008464;-48,841733;"SPRF-GO";"DEL02-GO";"UOP01-DEL02-GO"
120401;2018-03-23;"sexta-feira";"09:22:00";"RO";364;424;"JARU";"Falta de Atenção à Condução";"Colisão traseira";"Com Vítimas Feridas";"Pleno dia";"Decrescente";"Céu Claro";"Simples";"Reta";"Sim";2;0;0;1;1;0;1;1;-10,43244266;-62,4936676;"SPRF-RO";"DEL03-RO";"UOP02-DEL03-RO"
120402;2018-03-23;"sexta-feira";"19:00:00";"RS";480;73,1;"ERECHIM";"Falta de Atenção à Condução";"Atropelamento de Pedestre";"Com Vítimas Feridas";"Plena Noite";"Decrescente";"Nublado";"Simples";"Reta";"Sim";4;0;0;2;2;0;2;2;-27,64742834;-52,29229984;"SPRF-RS";"DEL08-RS";"UOP04-DEL08-RS"
120404;2018-03-23;"sexta-feira";"18:30:00";"PI";135;352,2;"BOM JESUS";"Restrição de Visibilidade";"Colisão traseira";"Com Vítimas Fatais";"Plena Noite";"Crescente";"Céu Claro";"Simples";"Reta";"Não";2;1;0;0;0;1;0;2;-9,075311;-44,354767;"SPRF-PI";"DEL03-PI";"UOP02-DEL03-PI"
120405;2018-03-23;"sexta-feira";"15:20:00";"RJ";116;180;"NOVA IGUACU";"Agressão Externa";"Colisão lateral";"Sem Vítimas";"Pleno dia";"Decrescente";"Sol";"Dupla";"Reta";"Sim";2;0;0;0;2;0;0;2;-22,765121;-43,415562;"SPRF-RJ";"DEL01-RJ";"UOP02-DEL01-RJ"
120406;2018-03-23;"sexta-feira";"19:00:00";"SC";101;197;"BIGUACU";"Falta de Atenção à Condução";"Colisão traseira";"Com Vítimas Feridas";"Plena Noite";"Crescente";"Chuva";"Dupla";"Curva;Aclive";"Sim";2;0;1;0;1;0;1;2;-27,51885732;-48,63822249;"SPRF-SC";"DEL01-SC";"UOP01-DEL01-SC"
120407;2018-03-23;"sexta-feira";"18:46:00";"MS";163;475;"CAMPO GRANDE";"Pista Escorregadia";"Tombamento";"Com Vítimas Feridas";"Plena Noite";"Crescente";"Nublado";"Simples";"Reta";"Sim";1;0;1;0;0;0;1;1;-20,51363788;-54,5621208;"SPRF-MS";"DEL01-MS";"UOP01-DEL01-MS"
120408;2018-03-23;"sexta-feira";"19:10:00";"ES";101;288,1;"CARIACICA";"Velocidade Incompatível";"Colisão com objeto estático";"Sem Vítimas";"Plena Noite";"Decrescente";"Nublado";"Dupla";"Reta";"Não";1;0;0;0;1;0;0;1;-20,2729943;-40,3910628;"SPRF-ES";"DEL01-ES";"UOP01-DEL01-ES"
120409;2018-03-23;"sexta-feira";"19:50:00";"SC";470;60,9;"BLUMENAU";"Desobediência às normas de trânsito pelo condutor";"Colisão frontal";"Com Vítimas Fatais";"Plena Noite";"Decrescente";"Nublado";"Simples";"Curva";"Sim";2;1;0;0;1;0;0;2;-26,88301833;-49,15612847;"SPRF-SC";"DEL04-SC";"UOP01-DEL04-SC"
120410;2018-03-23;"sexta-feira";"19:20:00";"ES";259;102,2;"BAIXO GUANDU";"Falta de Atenção do Pedestre";"Atropelamento de Pedestre";"Com Vítimas Fatais";"Plena Noite";"Decrescente";"Céu Claro";"Simples";"Reta";"Não";2;1;0;0;1;0;0;2;-19,51276191;-41,00757123;"SPRF-ES";"DEL02-ES";"UOP01-DEL02-ES"
120411;2018-03-23;"sexta-feira";"19:45:00";"RS";290;704,5;"URUGUAIANA";"Falta de Atenção do Pedestre";"Atropelamento de Pedestre";"Com Vítimas Fatais";"Plena Noite";"Crescente";"Céu Claro";"Simples";"Reta";"Não";5;1;2;0;0;2;2;2;-29,845409;-56,930454;"SPRF-RS";"DEL13-RS";"UOP01-DEL13-RS"
120412;2018-03-23;"sexta-feira";"19:20:00";"AL";423;19;"CANAPI";"Animais na Pista";"Saída de leito carroçável";"Com Vítimas Feridas";"Plena Noite";"Decrescente";"Céu Claro";"Simples";"Reta";"Não";5;0;2;0;3;0;2;1;-9,174086;-37,454884;"SPRF-AL";"DEL03-AL";"UOP02-DEL03-AL"
120413;2018-03-23;"sexta-feira";"17:10:00";"SP";381;58,5;"MAIRIPORA";"Pista Escorregadia";"Tombamento";"Com Vítimas Feridas";"Anoitecer";"Crescente";"Nublado";"Dupla";"Aclive;Reta";"Não";1;0;1;0;0;0;1;1;-23,279966;-46,586471;"SPRF-SP";"DEL03-SP";"UOP01-DEL03-SP"
120415;2018-03-23;"sexta-feira";"19:20:00";"MA";222;679;"ACAILANDIA";"Fenômenos da Natureza";"Saída de leito carroçável";"Sem Vítimas";"Plena Noite";"Crescente";"Chuva";"Simples";"Reta";"Não";1;0;0;0;1;0;0;1;-4,92404219;-47,43484497;"SPRF-MA";"DEL04-MA";"UOP03-DEL04-MA"
120417;2018-03-23;"sexta-feira";"18:40:00";"MT";163;839;"SINOP";"Falta de Atenção à Condução";"Queda de ocupante de veículo";"Com Vítimas Feridas";"Plena Noite";"Crescente";"Ignorado";"Dupla";"Reta";"Sim";1;0;1;0;0;0;1;1;-11,82717679;-55,4864341;"SPRF-MT";"DEL06-MT";"UOP02-DEL06-MT"
120418;2018-03-23;"sexta-feira";"18:30:00";"MT";163;840;"SINOP";"Ingestão de Álcool";"Queda de ocupante de veículo";"Com Vítimas Feridas";"Plena Noite";"Crescente";"Nublado";"Simples";"Reta";"Sim";1;0;0;1;0;0;1;1;-11,82177919;-55,48496962;"SPRF-MT";"DEL06-MT";"UOP02-DEL06-MT"
120420;2018-03-23;"sexta-feira";"20:20:00";"AL";316;270,1;"SATUBA";"Falta de Atenção à Condução";"Atropelamento de Pedestre";"Com Vítimas Feridas";"Plena Noite";"Crescente";"Céu Claro";"Simples";"Reta";"Não";2;0;0;1;1;0;1;2;-9,567017;-35,807751;"SPRF-AL";"DEL02-AL";"UOP01-DEL02-AL"
120422;2018-03-23;"sexta-feira";"19:25:00";"AL";316;157,1;"PALMEIRA DOS INDIOS";"Falta de Atenção à Condução";"Colisão lateral";"Sem Vítimas";"Plena Noite";"Decrescente";"Céu Claro";"Simples";"Reta";"Sim";2;0;0;0;2;0;0;2;-9,433344;-36,613235;"SPRF-AL";"DEL03-AL";"UOP01-DEL03-AL"
120423;2018-03-23;"sexta-feira";"20:40:00";"RN";304;36,9;"MOSSORO";"Ingestão de Álcool";"Colisão lateral";"Com Vítimas Feridas";"Plena Noite";"Crescente";"Céu Claro";"Dupla";"Reta";"Sim";2;0;1;0;1;0;1;2;-5,168547;-37,355415;"SPRF-RN";"DEL04-RN";"UOP02-DEL04-RN"
120425;2018-03-23;"sexta-feira";"19:40:00";"MG";262;781,9;"UBERABA";"Ultrapassagem Indevida";"Saída de leito carroçável";"Sem Vítimas";"Plena Noite";"Crescente";"Céu Claro";"Simples";"Reta;Declive";"Não";2;0;0;0;2;0;0;1;-19,72994745;-47,7306819;"SPRF-MG";"DEL13-MG";"UOP01-DEL13-MG"
120426;2018-03-23;"sexta-feira";"20:05:00";"RS";287;267,8;"SANTA MARIA";"Falta de Atenção do Pedestre";"Atropelamento de Pedestre";"Com Vítimas Fatais";"Plena Noite";"Decrescente";"Nublado";"Simples";"Reta";"Não";2;1;0;0;1;0;0;2;-29,66933542;-54,0469408;"SPRF-RS";"DEL09-RS";"UOP01-DEL09-RS"
120429;2018-03-23;"sexta-feira";"17:50:00";"BA";407;230;"CAPIM GROSSO";"Velocidade Incompatível";"Saída de leito carroçável";"Com Vítimas Feridas";"Anoitecer";"Decrescente";"Céu Claro";"Simples";"Rotatória";"Sim";1;0;0;1;0;0;1;1;-11,372677;-40,011324;"SPRF-BA";"DEL04-BA";"UOP02-DEL04-BA"
120430;2018-02-27;"terça-feira";"17:00:00";"RJ";116;304;"RESENDE";"Falta de Atenção à Condução";"Colisão transversal";"Com Vítimas Feridas";"Pleno dia";"Decrescente";"Nublado";"Simples";"Viaduto";"Não";2;0;1;0;1;0;1;2;-22,459236;-44,434776;"SPRF-RJ";"DEL07-RJ";"DEL5/7-UOP03/RJ"
120431;2018-03-23;"sexta-feira";"20:40:00";"CE";116;48,2;"PACAJUS";"Falta de Atenção do Pedestre";"Atropelamento de Pedestre";"Com Vítimas Feridas";"Plena Noite";"Decrescente";"Céu Claro";"Dupla";"Curva";"Sim";2;0;0;1;1;0;1;2;-4,18782505;-38,47758865;"SPRF-CE";"DEL01-CE";"UOP02-DEL01-CE"
120432;2018-03-23;"sexta-feira";"21:05:00";"SC";101;307,5;"LAGUNA";"Condutor Dormindo";"Colisão com objeto estático";"Com Vítimas Feridas";"Plena Noite";"Crescente";"Céu Claro";"Múltipla";"Reta";"Não";1;0;1;0;0;0;1;1;-28,41349802;-48,79406512;"SPRF-SC";"DEL02-SC";"UOP03-DEL02-SC"
120433;2018-03-23;"sexta-feira";"15:15:00";"PR";163;53,5;"PEROLA DOESTE";"Pista Escorregadia";"Saída de leito carroçável";"Sem Vítimas";"Pleno dia";"Crescente";"Chuva";"Simples";"Curva";"Não";1;0;0;0;1;0;0;1;-25,92504917;-53,75071764;"SPRF-PR";"DEL02-PR";"UOP02-DEL02-PR"
120436;2018-03-23;"sexta-feira";"21:10:00";"MG";381;858,8;"POUSO ALEGRE";"Velocidade Incompatível";"Saída de leito carroçável";"Com Vítimas Feridas";"Plena Noite";"Decrescente";"Céu Claro";"Dupla";"Reta";"Não";1;0;1;0;0;0;1;1;-22,3129147;-45,90365499;"SPRF-MG";"DEL16-MG";"UOP01-DEL16-MG"
120440;2018-03-23;"sexta-feira";"21:35:00";"GO";40;32;"LUZIANIA";"Ingestão de Álcool";"Capotamento";"Com Vítimas Feridas";"Plena Noite";"Crescente";"Nublado";"Dupla";"Reta";"Não";1;0;1;0;0;0;1;1;-16,291947;-47,852139;"SPRF-DF";"DEL01-DF";"UOP01-DEL01-DF"
120442;2018-03-23;"sexta-feira";"21:30:00";"PE";101;97,1;"CABO DE SANTO AGOSTINHO";"Falta de Atenção à Condução";"Colisão traseira";"Sem Vítimas";"Plena Noite";"Crescente";"Céu Claro";"Dupla";"Reta";"Não";2;0;0;0;2;0;0;2;-8,257;-35,0395;"SPRF-PE";"DEL01-PE";"UOP03-DEL01-PE"
120445;2018-03-23;"sexta-feira";"21:40:00";"RS";285;402,8;"PANAMBI";"Pista Escorregadia";"Colisão frontal";"Com Vítimas Feridas";"Plena Noite";"Crescente";"Chuva";"Simples";"Reta";"Não";3;0;0;1;2;0;1;2;-28,383703;-53,352825;"SPRF-RS";"DEL10-RS";"UOP01-DEL10-RS"
120446;2018-03-23;"sexta-feira";"21:50:00";"ES";101;135,5;"LINHARES";"Desobediência às normas de trânsito pelo condutor";"Tombamento";"Com Vítimas Feridas";"Plena Noite";"Crescente";"Céu Claro";"Simples";"Interseção de Vias";"Não";3;0;0;1;1;1;1;3;-19,27955476;-40,08741349;"SPRF-ES";"DEL04-ES";"UOP01-DEL04-ES"
120449;2018-03-23;"sexta-feira";"21:30:00";"SC";282;516,8;"XAXIM";"Falta de Atenção à Condução";"Colisão traseira";"Sem Vítimas";"Plena Noite";"Decrescente";"Nublado";"Simples";"Aclive";"Não";3;0;0;0;3;0;0;3;-26,94900478;-52,51533508;"SPRF-SC";"DEL07-SC";"UOP01-DEL07-SC"
120451;2018-03-23;"sexta-feira";"19:30:00";"RO";319;62;"PORTO VELHO";"Falta de Atenção do Pedestre";"Atropelamento de Pedestre";"Com Vítimas Feridas";"Plena Noite";"Crescente";"Céu Claro";"Dupla";"Reta";"Sim";3;0;1;0;1;1;1;2;-8,74365662;-63,8848114;"SPRF-RO";"DEL01-RO";"UOP01-DEL01-RO"
120452;2018-03-23;"sexta-feira";"22:30:00";"PR";116;105;"SAO JOSE DOS PINHAIS";"Falta de Atenção à Condução";"Colisão com objeto em movimento";"Com Vítimas Feridas";"Plena Noite";"Decrescente";"Nublado";"Dupla";"Aclive;Reta";"Não";2;0;0;1;0;1;1;2;-25,566381;-49,168457;"SPRF-PR";"DEL01-PR";"UOP07-DEL01-PR"
120453;2018-03-24;"sábado";"02:15:00";"MG";381;921;"CAMANDUCAIA";"Ingestão de Álcool";"Saída de leito carroçável";"Com Vítimas Feridas";"Plena Noite";"Crescente";"Nublado";"Dupla";"Curva";"Não";4;0;2;0;0;2;2;2;-22,7658;-46,1763;"SPRF-MG";"DEL16-MG";"UOP03-DEL16-MG"
120454;2018-03-24;"sábado";"00:40:00";"RS";285;328,2;"CARAZINHO";"Velocidade Incompatível";"Colisão lateral";"Sem Vítimas";"Plena Noite";"Decrescente";"Céu Claro";"Simples";"Reta";"Não";2;0;0;0;1;1;0;2;-28,28821341;-52,71334932;"SPRF-RS";"DEL08-RS";"UOP03-DEL08-RS"
120455;2018-03-24;"sábado";"03:00:00";"SC";282;219;"LAGES";"Ingestão de Álcool";"Colisão com objeto estático";"Sem Vítimas";"Plena Noite";"Decrescente";"Garoa/Chuvisco";"Simples";"Reta";"Não";1;0;0;0;1;0;0;1;-27,795521;-50,323608;"SPRF-SC";"DEL05-SC";"UOP01-DEL05-SC"
120456;2018-03-24;"sábado";"05:00:00";"MG";381;492;"BETIM";"Defeito Mecânico no Veículo";"Saída de leito carroçável";"Sem Vítimas";"Amanhecer";"Decrescente";"Nublado";"Dupla";"Curva";"Sim";1;0;0;0;1;0;0;1;-19,9639;-44,1693;"SPRF-MG";"DEL01-MG";"UOP03-DEL01-MG"
120457;2018-03-24;"sábado";"04:45:00";"PB";230;47,8;"SANTA RITA";"Defeito Mecânico no Veículo";"Saída de leito carroçável";"Sem Vítimas";"Amanhecer";"Crescente";"Chuva";"Dupla";"Reta";"Não";1;0;0;0;0;1;0;1;-7;-35;"SPRF-PB";"DEL01-PB";"UOP03-DEL01-PB"
120459;2018-03-23;"sexta-feira";"23:00:00";"MG";381;480;"CONTAGEM";"Condutor Dormindo";"Saída de leito carroçável";"Com Vítimas Feridas";"Plena Noite";"Decrescente";"Céu Claro";"Múltipla";"Curva";"Sim";1;0;1;0;0;0;1;1;-19,95842952;-44,05574977;"SPRF-MG";"DEL01-MG";"UOP03-DEL01-MG"
120461;2018-03-24;"sábado";"05:20:00";"GO";40;8,1;"LUZIANIA";"Falta de Atenção à Condução";"Colisão com objeto estático";"Com Vítimas Feridas";"Amanhecer";"Decrescente";"Céu Claro";"Dupla";"Reta";"Sim";2;0;2;0;0;0;2;1;-16,1158472;-47,9684399;"SPRF-DF";"DEL01-DF";"UOP01-DEL01-DF"
120462;2018-03-24;"sábado";"04:50:00";"SC";101;191;"BIGUACU";"Falta de Atenção à Condução";"Saída de leito carroçável";"Sem Vítimas";"Plena Noite";"Crescente";"Nublado";"Dupla";"Curva";"Sim";1;0;0;0;0;1;0;1;-27,4847;-48,6476;"SPRF-SC";"DEL01-SC";"UOP01-DEL01-SC"
120464;2018-03-24;"sábado";"04:50:00";"SC";101;135;"BALNEARIO CAMBORIU";"Falta de Atenção à Condução";"Tombamento";"Com Vítimas Fatais";"Plena Noite";"Crescente";"Nublado";"Simples";"Reta";"Sim";1;1;0;0;0;0;0;1;-27,0081;-48,617;"SPRF-SC";"DEL04-SC";"UOP03-DEL04-SC"
120467;2018-03-24;"sábado";"03:30:00";"SC";101;219,5;"PALHOCA";"Ingestão de Álcool";"Colisão com objeto estático";"Sem Vítimas";"Plena Noite";"Crescente";"Chuva";"Múltipla";"Reta";"Não";1;0;0;0;0;1;0;1;-27,693;-48,6631;"SPRF-SC";"DEL01-SC";"UOP02-DEL01-SC"
120468;2018-03-24;"sábado";"04:00:00";"RJ";116;183;"NOVA IGUACU";"Avarias e/ou desgaste excessivo no pneu";"Capotamento";"Com Vítimas Feridas";"Plena Noite";"Decrescente";"Céu Claro";"Dupla";"Reta";"Não";2;0;1;0;1;0;1;1;-22,751593;-43,438511;"SPRF-RJ";"DEL01-RJ";"UOP02-DEL01-RJ"
120469;2018-03-24;"sábado";"03:30:00";"SC";101;216,9;"PALHOCA";"Ingestão de Álcool";"Colisão com objeto estático";"Sem Vítimas";"Plena Noite";"Crescente";"Chuva";"Múltipla";"Reta";"Não";1;0;0;0;1;0;0;1;-27,659815;-48,677479;"SPRF-SC";"DEL01-SC";"UOP02-DEL01-SC"
120472;2018-03-24;"sábado";"01:00:00";"PR";476;122;"CURITIBA";"Restrição de Visibilidade";"Colisão com objeto estático";"Com Vítimas Feridas";"Plena Noite";"Crescente";"Céu Claro";"Dupla";"Interseção de Vias";"Sim";2;0;1;0;1;0;1;1;-25,385775;-49,203377;"SPRF-PR";"DEL01-PR";"UOP01-DEL01-PR"
120474;2018-03-24;"sábado";"00:25:00";"PR";116;106;"SAO JOSE DOS PINHAIS";"Ingestão de Álcool";"Saída de leito carroçável";"Sem Vítimas";"Plena Noite";"Decrescente";"Chuva";"Dupla";"Reta";"Sim";1;0;0;0;1;0;0;1;-25,5684592;-49,18692827;"SPRF-PR";"DEL01-PR";"UOP07-DEL01-PR"
120475;2018-03-24;"sábado";"03:25:00";"MS";163;284,5;"DOURADINA";"Ingestão de Álcool";"Saída de leito carroçável";"Sem Vítimas";"Plena Noite";"Crescente";"Céu Claro";"Simples";"Curva";"Não";2;0;0;0;2;0;0;1;-22,111024;-54,585253;"SPRF-MS";"DEL04-MS";"UOP01-DEL04-MS"
120476;2018-03-24;"sábado";"04:00:00";"ES";101;288,1;"CARIACICA";"Falta de Atenção à Condução";"Queda de ocupante de veículo";"Com Vítimas Feridas";"Plena Noite";"Crescente";"Céu Claro";"Dupla";"Curva";"Sim";2;0;1;1;0;0;2;1;-20,274147;-40,392135;"SPRF-ES";"DEL01-ES";"UOP01-DEL01-ES"
120477;2018-03-24;"sábado";"03:25:00";"PR";476;122;"CURITIBA";"Ingestão de Álcool";"Colisão com objeto estático";"Com Vítimas Feridas";"Plena Noite";"Crescente";"Nublado";"Múltipla";"Reta";"Sim";2;0;2;0;0;0;2;1;-25,38373525;-49,24003601;"SPRF-PR";"DEL01-PR";"UOP01-DEL01-PR"
120482;2018-03-23;"sexta-feira";"23:30:00";"PR";369;153;"LONDRINA";"Desobediência às normas de trânsito pelo condutor";"Colisão transversal";"Com Vítimas Feridas";"Plena Noite";"Crescente";"Céu Claro";"Dupla";"Reta";"Sim";2;0;1;0;0;1;1;2;-23,29360403;-51,18732864;"SPRF-PR";"DEL07-PR";"UOP01-DEL07-PR"
120484;2018-03-23;"sexta-feira";"23:15:00";"PR";376;164,9;"MARINGA";"Velocidade Incompatível";"Colisão traseira";"Com Vítimas Feridas";"Plena Noite";"Crescente";"Nublado";"Dupla";"Reta";"Não";2;0;1;0;1;0;1;2;-23,409788;-51,987453;"SPRF-PR";"DEL07-PR";"UOP01-DEL09-PR"