"id";"data_inversa";"dia_semana";"horario";"uf";"br";"km";"municipio";"causa_acidente";"tipo_acidente";"classificacao_acidente";"fase_dia";"sentido_via";"condicao_metereologica";"tipo_pista";"tracado_via";"uso_solo";"pessoas";"mortos";"feridos_leves";"feridos_graves";"ilesos";"ignorados";"feridos";"veiculos";"latitude";"longitude";"regional";"delegacia";"uop"
120486;2018-03-24;"sábado";"06:00:00";"SC";101;207,5;"SAO JOSE";"Ingestão de Álcool";"Capotamento";"Sem Vítimas";"Amanhecer";"Decrescente";"Nublado";"Múltipla";"Reta";"Sim";1;0;0;0;1;0;0;1;-27,60176795;-48,62628222;"SPRF-SC";"DEL01-SC";"UOP01-DEL01-SC"
120487;2018-03-23;"sexta-feira";"22:40:00";"MG";364;21,8;"FRUTAL";"Ingestão de Álcool";"Saída de leito carroçável";"Com Vítimas Feridas";"Plena Noite";"Decrescente";"Céu Claro";"Simples";"Declive";"Não";2;0;2;0;0;0;2;1;-20,04499601;-48,84743571;"SPRF-MG";"DEL13-MG";"UOP02-DEL13-MG"
120488;2018-03-23;"sexta-feira";"20:00:00";"BA";242;137;"RAFAEL JAMBEIRO";"Falta de Atenção do Pedestre";"Atropelamento de Pedestre";"Com Vítimas Fatais";"Plena Noite";"Decrescente";"Céu Claro";"Simples";"Reta";"Não";2;1;0;0;1;0;0;2;-12,50228048;-39,66339111;"SPRF-BA";"DEL06-BA";"UOP02-DEL06-BA"
120489;2018-03-23;"sexta-feira";"23:00:00";"PR";277;589,1;"CASCAVEL";"Desobediência às normas de trânsito pelo condutor";"Colisão lateral";"Com Vítimas Feridas";"Plena Noite";"Crescente";"Céu Claro";"Simples";"Aclive";"Sim";3;0;1;2;0;0;3;2;-24,97905602;-53,4484005;"SPRF-PR";"DEL04-PR";"UOP01-DEL04-PR"
120490;2018-03-24;"sábado";"05:40:00";"PI";316;3,9;"TERESINA";"Ingestão de Álcool";"Colisão transversal";"Com Vítimas Feridas";"Pleno dia";"Crescente";"Céu Claro";"Dupla";"Interseção de Vias";"Sim";4;0;3;0;1;0;3;2;-5,13585801;-42,78923918;"SPRF-PI";"DEL01-PI";"UOP02-DEL01-PI"
120492;2018-03-24;"sábado";"05:00:00";"SP";116;219;"GUARULHOS";"Ingestão de Álcool";"Atropelamento de Pedestre";"Sem Vítimas";"Amanhecer";"Crescente";"Nublado";"Dupla";"Curva";"Sim";1;0;0;0;1;0;0;1;-23,4981809;-46,4099407;"SPRF-SP";"DEL01-SP";"UOP01-DEL01-SP"
120493;2018-03-23;"sexta-feira";"18:50:00";"RJ";116;39;"TERESOPOLIS";"Falta de Atenção à Condução";"Colisão lateral";"Sem Vítimas";"Plena Noite";"Decrescente";"Ignorado";"Simples";"Reta";"Não";2;0;0;0;2;0;0;2;-22,125177;-42,779701;"SPRF-RJ";"DEL04-RJ";"UOP01-DEL04-RJ"
120494;2018-03-23;"sexta-feira";"22:40:00";"MA";316;259,5;"SANTA INES";"Animais na Pista";"Atropelamento de Animal";"Sem Vítimas";"Plena Noite";"Decrescente";"Céu Claro";"Simples";"Reta";"Sim";2;0;0;0;1;1;0;2;-3,661957;-45,393083;"SPRF-MA";"DEL02-MA";"UI04-DEL02-MA"
120501;2018-03-24;"sábado";"04:41:00";"GO";364;387;"SANTA RITA DO ARAGUAIA";"Velocidade Incompatível";"Saída de leito carroçável";"Com Vítimas Fatais";"Plena Noite";"Crescente";"Nublado";"Dupla";"Declive";"Sim";2;2;0;0;0;0;0;1;-17,320871;-53,21026;"SPRF-GO";"DEL05-GO";"UOP01-DEL05-GO"
120502;2018-03-24;"sábado";"01:05:00";"PR";277;344,1;"GUARAPUAVA";"Ingestão de Álcool";"Saída de leito carroçável";"Sem Vítimas";"Plena Noite";"Crescente";"Nublado";"Simples";"Interseção de Vias";"Sim";1;0;0;0;1;0;0;1;-25,36552066;-51,47880077;"SPRF-PR";"DEL03-PR";"UOP01-DEL08-PR"
120503;2018-03-23;"sexta-feira";"23:20:00";"BA";116;785,1;"PLANALTO";"Animais na Pista";"Atropelamento de Animal";"Com Vítimas Feridas";"Plena Noite";"Decrescente";"Nublado";"Simples";"Reta";"Não";1;0;1;0;0;0;1;1;-14,68564;-40,55051;"SPRF-BA";"DEL08-BA";"UOP02-DEL08-BA"
120504;2018-03-24;"sábado";"06:50:00";"PR";376;172,8;"MARINGA";"Falta de Atenção à Condução";"Colisão lateral";"Com Vítimas Feridas";"Pleno dia";"Decrescente";"Céu Claro";"Dupla";"Rotatória";"Sim";3;0;2;0;1;0;2;2;-23,41847955;-51,9718734;"SPRF-PR";"DEL07-PR";"UOP01-DEL09-PR"
120507;2018-03-23;"sexta-feira";"23:00:00";"PR";376;158;"MANDAGUACU";"Não guardar distância de segurança";"Colisão traseira";"Com Vítimas Feridas";"Plena Noite";"Decrescente";"Céu Claro";"Dupla";"Reta";"Sim";2;0;1;0;1;0;1;2;-23,352516;-52,09127;"SPRF-PR";"DEL07-PR";"UOP01-DEL09-PR"
120508;2018-03-24;"sábado";"04:00:00";"BA";101;439;"UBAITABA";"Pista Escorregadia";"Saída de leito carroçável";"Com Vítimas Feridas";"Plena Noite";"Crescente";"Chuva";"Simples";"Curva";"Não";1;0;1;0;0;0;1;1;-14,2639;-39,3254;"SPRF-BA";"DEL05-BA";"UOP01-DEL05-BA"
120509;2018-03-24;"sábado";"05:24:00";"SC";101;376,2;"ICARA";"Falta de Atenção à Condução";"Colisão traseira";"Com Vítimas Feridas";"Plena Noite";"Decrescente";"Céu Claro";"Dupla";"Reta";"Não";2;0;1;0;1;0;1;2;-28,76999449;-49,30783264;"SPRF-SC";"DEL02-SC";"UOP01-DEL02-SC"
120510;2018-03-23;"sexta-feira";"23:40:00";"PR";376;168;"MARINGA";"Não guardar distância de segurança";"Colisão traseira";"Com Vítimas Feridas";"Plena Noite";"Decrescente";"Céu Claro";"Dupla";"Reta";"Não";2;0;1;0;1;0;1;2;-23,40402522;-51,99829102;"SPRF-PR";"DEL07-PR";"UOP01-DEL09-PR"
120513;2018-03-24;"sábado";"06:00:00";"PA";316;14,9;"MARITUBA";"Velocidade Incompatível";"Saída de leito carroçável";"Com Vítimas Feridas";"Amanhecer";"Decrescente";"Nublado";"Dupla";"Reta";"Sim";1;0;1;0;0;0;1;1;-1,36590892;-48,31353128;"SPRF-PA";"DEL01-PA";"DEL19/1-UOP05/PA"
120515;2018-03-24;"sábado";"00:30:00";"SP";116;335;"JUQUITIBA";"Objeto estático sobre o leito carroçável";"Colisão com objeto estático";"Com Vítimas Feridas";"Plena Noite";"Crescente";"Nublado";"Dupla";"Reta";"Não";1;0;1;0;0;0;1;1;-23,94609601;-47,09838867;"SPRF-SP";"DEL04-SP";"UOP03-DEL04-SP"
120516;2018-03-24;"sábado";"03:10:00";"RS";386;133;"SARANDI";"Velocidade Incompatível";"Saída de leito carroçável";"Com Vítimas Feridas";"Plena Noite";"Crescente";"Chuva";"Simples";"Rotatória";"Sim";1;0;1;0;0;0;1;1;-27,951338;-52,92548;"SPRF-RS";"DEL08-RS";"UOP01-DEL08-RS"
120517;2018-03-24;"sábado";"05:00:00";"RJ";116;318;"ITATIAIA";"Ingestão de Álcool";"Colisão traseira";"Sem Vítimas";"Amanhecer";"Crescente";"Sol";"Simples";"Reta";"Sim";2;0;0;0;2;0;0;2;-22,467085;-44,500671;"SPRF-RJ";"DEL07-RJ";"DEL5/7-UOP03/RJ"
120519;2018-03-23;"sexta-feira";"19:00:00";"MG";262;688;"ARAXA";"Agressão Externa";"Capotamento";"Com Vítimas Feridas";"Plena Noite";"Decrescente";"Céu Claro";"Simples";"Curva";"Sim";2;0;2;0;0;0;2;1;-19,54955875;-46,93825723;"SPRF-MG";"DEL08-MG";"UOP01-DEL08-MG"
120520;2018-03-24;"sábado";"07:55:00";"RN";101;113;"PARNAMIRIM";"Desobediência às normas de trânsito pelo condutor";"Colisão lateral";"Com Vítimas Feridas";"Pleno dia";"Decrescente";"Sol";"Dupla";"Reta";"Não";2;0;0;1;1;0;1;2;-5,949072;-35,264729;"SPRF-RN";"DEL01-RN";"UOP01-DEL01-RN"
120522;2018-03-23;"sexta-feira";"20:40:00";"RJ";101;259;"RIO BONITO";"Desobediência às normas de trânsito pelo pedestre";"Atropelamento de Pedestre";"Com Vítimas Feridas";"Plena Noite";"Decrescente";"Céu Claro";"Dupla";"Reta";"Não";2;0;0;1;1;0;1;2;-22,69005226;-42,5390625;"SPRF-RJ";"DEL02-RJ";"UOP03-DEL02-RJ"
120523;2018-03-24;"sábado";"07:30:00";"SP";116;221;"GUARULHOS";"Velocidade Incompatível";"Colisão traseira";"Com Vítimas Feridas";"Pleno dia";"Crescente";"Sol";"Múltipla";"Reta";"Sim";3;0;2;0;1;0;2;2;-23,46856076;-46,50968671;"SPRF-SP";"DEL01-SP";"UOP01-DEL01-SP"
120526;2018-03-23;"sexta-feira";"21:50:00";"RJ";116;292;"PORTO REAL";"Falta de Atenção à Condução";"Colisão traseira";"Com Vítimas Feridas";"Plena Noite";"Crescente";"Céu Claro";"Dupla";"Reta";"Não";3;0;0;1;1;1;1;3;-22,449371;-44,321712;"SPRF-RJ";"DEL07-RJ";"DEL5/7-UOP03/RJ"
120527;2018-03-24;"sábado";"08:20:00";"BA";324;469;"TANQUINHO";"Falta de Atenção à Condução";"Colisão frontal";"Com Vítimas Feridas";"Pleno dia";"Decrescente";"Nublado";"Simples";"Reta";"Não";3;0;0;3;0;0;3;2;-11,96141035;-39,1834259;"SPRF-BA";"DEL02-BA";"UOP01-DEL02-BA"
120530;2018-03-24;"sábado";"00:10:00";"RJ";393;236,9;"VASSOURAS";"Falta de Atenção à Condução";"Colisão frontal";"Com Vítimas Feridas";"Plena Noite";"Crescente";"Céu Claro";"Simples";"Reta";"Sim";2;0;0;1;1;0;1;2;-22,400957;-43,664425;"SPRF-RJ";"DEL05-RJ";"UOP03-DEL05-RJ"
120532;2018-03-24;"sábado";"07:30:00";"RS";392;99,7;"PELOTAS";"Falta de Atenção à Condução";"Tombamento";"Com Vítimas Feridas";"Pleno dia";"Decrescente";"Garoa/Chuvisco";"Simples";"Rotatória";"Sim";1;0;1;0;0;0;1;1;-31,541342;-52,568176;"SPRF-RS";"DEL07-RS";"UOP01-DEL07-RS"
120533;2018-03-24;"sábado";"08:30:00";"CE";222;5,8;"CAUCAIA";"Desobediência às normas de trânsito pelo condutor";"Colisão transversal";"Com Vítimas Feridas";"Pleno dia";"Crescente";"Nublado";"Dupla";"Curva;Retorno Regulamentado";"Sim";5;0;0;2;3;0;2;3;-3,743416;-38,620681;"SPRF-CE";"DEL01-CE";"UOP01-DEL01-CE"
120534;2018-03-24;"sábado";"07:25:00";"PR";373;190,2;"PONTA GROSSA";"Mal Súbito";"Colisão lateral";"Com Vítimas Feridas";"Amanhecer";"Decrescente";"Céu Claro";"Simples";"Reta";"Não";2;0;1;0;1;0;1;2;-25,05275156;-50,31783342;"SPRF-PR";"DEL03-PR";"UOP01-DEL03-PR"
120536;2018-03-24;"sábado";"08:00:00";"GO";153;561,7;"PROFESSOR JAMIL";"Condutor Dormindo";"Saída de leito carroçável";"Com Vítimas Feridas";"Pleno dia";"Decrescente";"Céu Claro";"Dupla";"Reta";"Não";1;0;1;0;0;0;1;1;-17,2262;-49,2294;"SPRF-GO";"DEL03-GO";"UOP01-DEL03-GO"
120538;2018-03-24;"sábado";"05:40:00";"PE";423;83,2;"JUCATI";"Ingestão de Álcool";"Colisão frontal";"Sem Vítimas";"Amanhecer";"Crescente";"Céu Claro";"Simples";"Reta";"Não";2;0;0;0;2;0;0;2;-8,79152067;-36,43498778;"SPRF-PE";"DEL03-PE";"UOP01-DEL03-PE"
120539;2018-03-24;"sábado";"08:45:00";"PR";277;563;"CASCAVEL";"Falta de Atenção à Condução";"Capotamento";"Com Vítimas Feridas";"Pleno dia";"Crescente";"Céu Claro";"Simples";"Reta";"Não";3;0;1;0;2;0;1;2;-24,98823634;-53,32952499;"SPRF-PR";"DEL04-PR";"UOP04-DEL04-PR"
120544;2018-03-24;"sábado";"09:32:00";"SP";116;168;"JACAREI";"Falta de Atenção à Condução";"Colisão traseira";"Com Vítimas Feridas";"Pleno dia";"Decrescente";"Céu Claro";"Dupla";"Aclive";"Sim";3;0;0;1;2;0;1;3;-23,30458131;-46,03305817;"SPRF-SP";"DEL02-SP";"UOP01-DEL02-SP"
120545;2018-03-24;"sábado";"07:30:00";"RJ";465;18;"NOVA IGUACU";"Desobediência às normas de trânsito pelo condutor";"Colisão frontal";"Com Vítimas Feridas";"Pleno dia";"Crescente";"Sol";"Simples";"Reta";"Sim";4;0;2;0;2;0;2;2;-22,831354;-43,615128;"SPRF-RJ";"DEL01-RJ";"UOP03-DEL01-RJ"
120547;2018-03-24;"sábado";"09:00:00";"PE";101;132;"ESCADA";"Ingestão de Álcool";"Capotamento";"Sem Vítimas";"Pleno dia";"Crescente";"Céu Claro";"Simples";"Reta";"Não";1;0;0;0;0;1;0;1;-8,408;-35,2755;"SPRF-PE";"DEL01-PE";"UOP03-DEL01-PE"
120551;2018-03-24;"sábado";"10:05:00";"SC";101;199,9;"SAO JOSE";"Não guardar distância de segurança";"Colisão traseira";"Com Vítimas Feridas";"Pleno dia";"Crescente";"Nublado";"Múltipla";"Reta";"Não";3;0;1;0;2;0;1;3;-27,54003083;-48,62324503;"SPRF-SC";"DEL01-SC";"UOP01-DEL01-SC"
120553;2018-03-24;"sábado";"10:00:00";"PR";277;701;"SAO MIGUEL DO IGUACU";"Avarias e/ou desgaste excessivo no pneu";"Saída de leito carroçável";"Com Vítimas Feridas";"Pleno dia";"Crescente";"Céu Claro";"Dupla";"Reta";"Não";1;0;1;0;0;0;1;1;-25,410875;-54,336601;"SPRF-PR";"DEL05-PR";"UOP01-DEL05-PR"
120554;2018-03-24;"sábado";"09:49:00";"SP";116;222;"GUARULHOS";"Desobediência às normas de trânsito pelo condutor";"Colisão traseira";"Com Vítimas Feridas";"Pleno dia";"Crescente";"Sol";"Múltipla";"Reta";"Sim";3;0;2;0;1;0;2;2;-23,4755667;-46,52538747;"SPRF-SP";"DEL01-SP";"UOP01-DEL01-SP"
120555;2018-03-23;"sexta-feira";"19:00:00";"MG";116;390,2;"GOVERNADOR VALADARES";"Desobediência às normas de trânsito pelo condutor";"Colisão frontal";"Com Vítimas Feridas";"Plena Noite";"Crescente";"Céu Claro";"Simples";"Reta";"Não";7;0;5;0;2;0;5;4;-18,73470419;-41,98974609;"SPRF-MG";"DEL06-MG";"UOP01-DEL06-MG"
120556;2018-03-24;"sábado";"08:40:00";"PR";158;505;"PATO BRANCO";"Ultrapassagem Indevida";"Colisão frontal";"Com Vítimas Feridas";"Pleno dia";"Crescente";"Céu Claro";"Simples";"Curva";"Não";2;0;1;0;1;0;1;2;-26,09070496;-52,64476776;"SPRF-PR";"DEL02-PR";"UOP01-DEL02-PR"
120557;2018-03-24;"sábado";"08:50:00";"MA";10;253,6;"IMPERATRIZ";"Falta de Atenção à Condução";"Colisão lateral";"Com Vítimas Feridas";"Pleno dia";"Decrescente";"Céu Claro";"Simples";"Interseção de Vias";"Sim";2;0;1;0;1;0;1;2;-5,52122745;-47,47183263;"SPRF-MA";"DEL04-MA";"UOP01-DEL04-MA"
120559;2018-03-23;"sexta-feira";"19:00:00";"PE";428;62,6;"SANTA MARIA DA BOA VISTA";"Animais na Pista";"Atropelamento de Animal";"Sem Vítimas";"Plena Noite";"Crescente";"Nublado";"Simples";"Reta";"Não";1;0;0;0;1;0;0;1;-8,68203589;-39,75421431;"SPRF-PE";"DEL06-PE";"UOP03-DEL06-PE"
120560;2018-03-24;"sábado";"11:08:00";"MG";146;580;"BOTELHOS";"Condutor Dormindo";"Saída de leito carroçável";"Com Vítimas Feridas";"Pleno dia";"Decrescente";"Céu Claro";"Simples";"Reta";"Não";1;0;1;0;0;0;1;1;-21,631355;-46,407696;"SPRF-MG";"DEL09-MG";"UOP01-DEL09-MG"
120562;2018-03-24;"sábado";"07:40:00";"MA";10;247;"IMPERATRIZ";"Desobediência às normas de trânsito pelo condutor";"Colisão transversal";"Com Vítimas Feridas";"Pleno dia";"Decrescente";"Nublado";"Simples";"Reta";"Sim";3;0;2;0;1;0;2;2;-5,573772;-47,443893;"SPRF-MA";"DEL04-MA";"UOP01-DEL04-MA"
120564;2018-03-23;"sexta-feira";"23:00:00";"SP";116;269,5;"TABOAO DA SERRA";"Falta de Atenção à Condução";"Tombamento";"Com Vítimas Feridas";"Plena Noite";"Crescente";"Céu Claro";"Dupla";"Reta";"Sim";2;0;1;0;1;0;1;2;-23,60677861;-46,78390503;"SPRF-SP";"DEL04-SP";"UOP01-DEL04-SP"
120565;2018-03-24;"sábado";"11:15:00";"RS";470;184;"VERANOPOLIS";"Desobediência às normas de trânsito pelo condutor";"Colisão transversal";"Com Vítimas Feridas";"Pleno dia";"Crescente";"Nublado";"Simples";"Curva";"Sim";6;0;5;1;0;0;6;2;-28,98604076;-51,56313427;"SPRF-RS";"DEL06-RS";"UOP02-DEL06-RS"
120566;2018-03-24;"sábado";"07:30:00";"GO";20;24,9;"FORMOSA";"Pista Escorregadia";"Capotamento";"Sem Vítimas";"Amanhecer";"Crescente";"Chuva";"Simples";"Curva";"Não";1;0;0;0;0;1;0;1;-15,53176033;-47,13066101;"SPRF-DF";"DEL02-DF";"UOP01-DEL02-DF"
120567;2018-03-24;"sábado";"10:05:00";"RS";290;455;"SAO GABRIEL";"Velocidade Incompatível";"Saída de leito carroçável";"Com Vítimas Feridas";"Pleno dia";"Decrescente";"Chuva";"Simples";"Curva";"Não";2;0;1;0;1;0;1;1;-30,23059456;-54,66934204;"SPRF-RS";"DEL11-RS";"UOP02-DEL11-RS"
120568;2018-03-24;"sábado";"11:55:00";"RS";116;247,8;"SAO LEOPOLDO";"Falta de Atenção à Condução";"Colisão traseira";"Com Vítimas Feridas";"Pleno dia";"Decrescente";"Nublado";"Múltipla";"Reta";"Sim";2;0;1;0;1;0;1;2;-29,76738;-51,153519;"SPRF-RS";"DEL01-RS";"UOP02-DEL01-RS"
120569;2018-03-24;"sábado";"11:50:00";"RS";101;35;"TRES FORQUILHAS";"Condutor Dormindo";"Saída de leito carroçável";"Com Vítimas Feridas";"Pleno dia";"Crescente";"Nublado";"Dupla";"Reta";"Não";2;0;2;0;0;0;2;1;-29,517025;-49,991112;"SPRF-RS";"DEL03-RS";"DEL9/3-UOP03/RS"
120570;2018-03-24;"sábado";"11:45:00";"DF";40;0;"BRASILIA";"Pista Escorregadia";"Saída de leito carroçável";"Com Vítimas Feridas";"Pleno dia";"Crescente";"Chuva";"Dupla";"Reta";"Não";1;0;1;0;0;0;1;1;-15,9666104;-47,98979762;"SPRF-DF";"DEL01-DF";"UOP01-DEL01-DF"
120571;2018-03-24;"sábado";"10:45:00";"PR";476;136,8;"CURITIBA";"Desobediência às normas de trânsito pelo condutor";"Colisão traseira";"Com Vítimas Feridas";"Pleno dia";"Decrescente";"Céu Claro";"Dupla";"Reta";"Sim";2;0;0;1;1;0;1;2;-25,49081519;-49,27116925;"SPRF-PR";"DEL01-PR";"UOP01-DEL01-PR"
120572;2018-03-24;"sábado";"12:00:00";"PR";476;141,7;"CURITIBA";"Falta de Atenção do Pedestre";"Atropelamento de Pedestre";"Com Vítimas Feridas";"Pleno dia";"Decrescente";"Céu Claro";"Dupla";"Reta";"Sim";3;0;2;1;0;0;3;2;-25,528614;-49,298798;"SPRF-PR";"DEL01-PR";"UOP01-DEL01-PR"
120573;2018-03-24;"sábado";"11:00:00";"RO";364;224,4;"PIMENTA BUENO";"Não guardar distância de segurança";"Colisão traseira";"Sem Vítimas";"Pleno dia";"Decrescente";"Céu Claro";"Simples";"Reta";"Não";3;0;0;0;1;2;0;2;-11,514898;-61,353947;"SPRF-RO";"DEL02-RO";"UOP02-DEL02-RO"
120574;2018-03-24;"sábado";"12:40:00";"MG";381;852,5;"POUSO ALEGRE";"Velocidade Incompatível";"Saída de leito carroçável";"Com Vítimas Feridas";"Pleno dia";"Crescente";"Sol";"Dupla";"Reta;Aclive";"Sim";5;0;4;0;1;0;4;1;-22,263;-45,8904;"SPRF-MG";"DEL16-MG";"UOP01-DEL16-MG"
120575;2018-03-24;"sábado";"11:30:00";"PI";343;346;"TERESINA";"Não guardar distância de segurança";"Colisão traseira";"Sem Vítimas";"Pleno dia";"Decrescente";"Céu Claro";"Simples";"Reta";"Sim";2;0;0;0;2;0;0;2;-5,110751;-42,770531;"SPRF-PI";"DEL01-PI";"UOP01-DEL01-PI"
120576;2018-03-24;"sábado";"11:00:00";"RO";319;57,2;"PORTO VELHO";"Defeito Mecânico no Veículo";"Queda de ocupante de veículo";"Com Vítimas Feridas";"Pleno dia";"Decrescente";"Céu Claro";"Simples";"Ponte";"Sim";1;0;0;1;0;0;1;1;-8,73986421;-63,92051697;"SPRF-RO";"DEL01-RO";"UOP01-DEL01-RO"
120577;2018-03-24;"sábado";"08:30:00";"SC";282;87;"ALFREDO WAGNER";"Velocidade Incompatível";"Colisão frontal";"Com Vítimas Feridas";"Pleno dia";"Decrescente";"Nublado";"Simples";"Curva";"Não";2;0;1;0;1;0;1;2;-27,664766;-49,20578;"SPRF-SC";"DEL01-SC";"UOP03-DEL01-SC"
120578;2018-03-24;"sábado";"12:50:00";"PR";277;83,8;"CURITIBA";"Falta de Atenção à Condução";"Queda de ocupante de veículo";"Com Vítimas Feridas";"Pleno dia";"Decrescente";"Céu Claro";"Dupla";"Curva";"Sim";1;0;1;0;0;0;1;1;-25,44699485;-49,23179626;"SPRF-PR";"DEL01-PR";"UOP07-DEL01-PR"
120582;2018-03-24;"sábado";"12:55:00";"MG";381;665,7;"PERDOES";"Animais na Pista";"Colisão com objeto estático";"Sem Vítimas";"Pleno dia";"Crescente";"Céu Claro";"Dupla";"Curva";"Não";1;0;0;0;1;0;0;1;-21,0522;-45,0049;"SPRF-MG";"DEL04-MG";"UOP02-DEL04-MG"
120585;2018-03-24;"sábado";"13:30:00";"PR";376;176,8;"MARINGA";"Sinalização da via insuficiente ou inadequada";"Atropelamento de Pedestre";"Com Vítimas Feridas";"Pleno dia";"Crescente";"Sol";"Dupla";"Interseção de Vias";"Sim";3;0;2;0;1;0;2;2;-23,41251232;-51,93274319;"SPRF-PR";"DEL07-PR";"UOP01-DEL09-PR"
120586;2018-03-24;"sábado";"13:23:00";"SC";101;216,4;"PALHOCA";"Falta de Atenção à Condução";"Colisão lateral";"Com Vítimas Feridas";"Pleno dia";"Crescente";"Céu Claro";"Múltipla";"Viaduto";"Sim";3;0;2;0;1;0;2;2;-27,659815;-48,677479;"SPRF-SC";"DEL01-SC";"UOP02-DEL01-SC"
120589;2018-03-24;"sábado";"13:40:00";"DF";40;6,9;"BRASILIA";"Velocidade Incompatível";"Saída de leito carroçável";"Com Vítimas Fatais";"Pleno dia";"Crescente";"Nublado";"Dupla";"Reta";"Sim";3;1;0;0;1;1;0;1;-16,0379696;-47,9796284;"SPRF-DF";"DEL01-DF";"UOP01-DEL01-DF"
120591;2018-03-24;"sábado";"12:45:00";"AP";210;0,7;"MACAPA";"Não guardar distância de segurança";"Colisão lateral";"Com Vítimas Feridas";"Pleno dia";"Crescente";"Nublado";"Dupla";"Reta";"Sim";3;0;1;0;2;0;1;2;0,07788977;-51,06909919;"SPRF-AP";"DEL01-AP";"UOP01-DEL01-AP"
120593;2018-03-24;"sábado";"13:30:00";"MG";381;878;"ESTIVA";"Velocidade Incompatível";"Capotamento";"Com Vítimas Feridas";"Pleno dia";"Decrescente";"Sol";"Dupla";"Reta";"Não";1;0;1;0;0;0;1;1;-22,4522;-46,0019;"SPRF-MG";"DEL16-MG";"UOP01-DEL16-MG"
120595;2018-03-24;"sábado";"14:00:00";"SC";470;175;"POUSO REDONDO";"Ingestão de Álcool";"Colisão transversal";"Com Vítimas Feridas";"Pleno dia";"Crescente";"Sol";"Simples";"Reta";"Sim";2;0;1;0;1;0;1;2;-27,2589512;-49,9246177;"SPRF-SC";"DEL04-SC";"UOP02-DEL04-SC"
120596;2018-03-24;"sábado";"14:20:00";"SC";101;196;"BIGUACU";"Falta de Atenção à Condução";"Colisão traseira";"Com Vítimas Feridas";"Pleno dia";"Decrescente";"Céu Claro";"Múltipla";"Reta";"Sim";3;0;1;0;2;0;1;2;-27,5185;-48,6383;"SPRF-SC";"DEL01-SC";"UOP01-DEL01-SC"
120598;2018-03-24;"sábado";"13:50:00";"MG";40;358,6;"FELIXLANDIA";"Falta de Atenção à Condução";"Colisão frontal";"Com Vítimas Feridas";"Pleno dia";"Crescente";"Céu Claro";"Simples";"Ponte;Reta";"Não";3;0;1;1;1;0;2;2;-18,742;-44,859;"SPRF-MG";"DEL02-MG";"UOP01-DEL02-MG"
120599;2018-03-24;"sábado";"14:10:00";"RJ";393;103;"SAPUCAIA";"Falta de Atenção à Condução";"Tombamento";"Com Vítimas Feridas";"Pleno dia";"Crescente";"Sol";"Simples";"Reta";"Sim";1;0;1;0;0;0;1;1;-21,87748427;-42,6721859;"SPRF-RJ";"DEL06-RJ";"UOP01-DEL05-RJ"
120606;2018-03-24;"sábado";"09:20:00";"MT";70;298,8;"POXOREO";"Falta de Atenção à Condução";"Saída de leito carroçável";"Com Vítimas Feridas";"Pleno dia";"Decrescente";"Céu Claro";"Simples";"Reta";"Não";3;0;0;3;0;0;3;1;-15,580797;-54,455086;"SPRF-MT";"DEL05-MT";"UOP01-DEL05-MT"
120608;2018-03-24;"sábado";"15:00:00";"MG";262;37,5;"MANHUACU";"Falta de Atenção à Condução";"Colisão lateral";"Com Vítimas Feridas";"Pleno dia";"Crescente";"Céu Claro";"Simples";"Curva";"Sim";2;0;1;0;1;0;1;2;-20,25749;-42,030487;"SPRF-MG";"DEL06-MG";"UOP03-DEL06-MG"
120610;2018-03-24;"sábado";"08:20:00";"SC";282;89,1;"ALFREDO WAGNER";"Falta de Atenção à Condução";"Saída de leito carroçável";"Com Vítimas Feridas";"Pleno dia";"Crescente";"Nublado";"Simples";"Curva";"Não";3;0;1;1;1;0;2;1;-27,67806031;-49,21672761;"SPRF-SC";"DEL01-SC";"UOP03-DEL01-SC"
120613;2018-03-24;"sábado";"13:50:00";"PR";280;261,1;"MARMELEIRO";"Velocidade Incompatível";"Colisão frontal";"Com Vítimas Feridas";"Pleno dia";"Decrescente";"Nublado";"Simples";"Curva";"Não";4;0;0;1;3;0;1;2;-26,164912;-53,047321;"SPRF-PR";"DEL02-PR";"UOP01-DEL02-PR"
120614;2018-03-24;"sábado";"14:15:00";"MT";163;773,2;"SORRISO";"Falta de Atenção à Condução";"Colisão traseira";"Sem Vítimas";"Pleno dia";"Decrescente";"Sol";"Simples";"Reta";"Não";6;0;0;0;6;0;0;3;-12,44596384;-55,65124512;"SPRF-MT";"DEL06-MT";"UOP01-DEL06-MT"
120616;2018-03-24;"sábado";"11:30:00";"BA";242;149;"RAFAEL JAMBEIRO";"Falta de Atenção à Condução";"Saída de leito carroçável";"Com Vítimas Feridas";"Pleno dia";"Crescente";"Chuva";"Simples";"Reta";"Não";5;0;5;0;0;0;5;1;-12,534813;-39,598606;"SPRF-BA";"DEL06-BA";"UOP02-DEL06-BA"
120617;2018-03-24;"sábado";"15:20:00";"AL";316;224,5;"ATALAIA";"Pista Escorregadia";"Colisão transversal";"Com Vítimas Feridas";"Pleno dia";"Crescente";"Chuva";"Simples";"Curva";"Não";7;0;3;3;1;0;6;3;-9,47665;-36,157177;"SPRF-AL";"DEL01-AL";"UOP01-DEL01-AL"
120619;2018-03-24;"sábado";"15:35:00";"DF";20;6;"BRASILIA";"Falta de Atenção à Condução";"Colisão transversal";"Com Vítimas Feridas";"Pleno dia";"Decrescente";"Céu Claro";"Dupla";"Reta";"Sim";2;0;1;0;1;0;1;2;-15,665888;-47,808308;"SPRF-DF";"DEL02-DF";"UOP01-DEL02-DF"