"id";"data_inversa";"dia_semana";"horario";"uf";"br";"km";"municipio";"causa_acidente";"tipo_acidente";"classificacao_acidente";"fase_dia";"sentido_via";"condicao_metereologica";"tipo_pista";"tracado_via";"uso_solo";"pessoas";"mortos";"feridos_leves";"feridos_graves";"ilesos";"ignorados";"feridos";"veiculos";"latitude";"longitude";"regional";"delegacia";"uop"
120622;2018-03-24;"sábado";"15:35:00";"RJ";101;262,3;"RIO BONITO";"Ingestão de Álcool";"Colisão com objeto estático";"Com Vítimas Feridas";"Pleno dia";"Crescente";"Sol";"Dupla";"Curva";"Sim";4;0;0;1;2;1;1;2;-22,7156772;-42,6218559;"SPRF-RJ";"DEL02-RJ";"UOP03-DEL02-RJ"
120624;2018-03-24;"sábado";"15:00:00";"DF";20;8,7;"BRASILIA";"Avarias e/ou desgaste excessivo no pneu";"Colisão com objeto estático";"Sem Vítimas";"Pleno dia";"Crescente";"Céu Claro";"Dupla";"Curva";"Sim";1;0;0;0;1;0;0;1;-15,65566928;-47,78533995;"SPRF-DF";"DEL02-DF";"UOP01-DEL02-DF"
120625;2018-03-24;"sábado";"14:30:00";"SP";116;279;"EMBU DAS ARTES";"Falta de Atenção à Condução";"Colisão com objeto estático";"Com Vítimas Feridas";"Pleno dia";"Crescente";"Sol";"Dupla";"Reta";"Sim";1;0;1;0;0;0;1;1;-23,63856328;-46,83486968;"SPRF-SP";"DEL04-SP";"UOP01-DEL04-SP"
120626;2018-03-24;"sábado";"11:05:00";"MT";174;249;"JAURU";"Pista Escorregadia";"Saída de leito carroçável";"Com Vítimas Feridas";"Pleno dia";"Crescente";"Chuva";"Simples";"Reta";"Não";2;0;1;0;1;0;1;1;-15,487375;-59,057259;"SPRF-MT";"DEL04-MT";"UOP01-DEL04-MT"
120627;2018-03-20;"terça-feira";"15:00:00";"RJ";40;93;"DUQUE DE CAXIAS";"Velocidade Incompatível";"Saída de leito carroçável";"Com Vítimas Feridas";"Pleno dia";"Crescente";"Chuva";"Simples";"Curva;Declive";"Não";2;0;2;0;0;0;2;1;-22,55568399;-43,25866699;"SPRF-RJ";"DEL06-RJ";"UOP01-DEL06-RJ"
120629;2018-03-24;"sábado";"15:30:00";"AL";316;269;"SATUBA";"Desobediência às normas de trânsito pelo condutor";"Colisão transversal";"Com Vítimas Feridas";"Pleno dia";"Crescente";"Nublado";"Simples";"Reta";"Sim";2;0;0;1;1;0;1;2;-9,567017;-35,807751;"SPRF-AL";"DEL02-AL";"UOP01-DEL02-AL"
120635;2018-03-24;"sábado";"16:40:00";"RN";110;52;"MOSSORO";"Falta de Atenção à Condução";"Colisão lateral";"Com Vítimas Feridas";"Pleno dia";"Crescente";"Céu Claro";"Simples";"Reta";"Sim";2;0;0;1;1;0;1;2;-5,226844;-37,33197;"SPRF-RN";"DEL04-RN";"UOP01-DEL04-RN"
120636;2018-03-24;"sábado";"16:35:00";"RS";116;241;"NOVO HAMBURGO";"Desobediência às normas de trânsito pelo condutor";"Colisão com objeto estático";"Sem Vítimas";"Pleno dia";"Crescente";"Chuva";"Dupla";"Reta";"Sim";2;0;0;0;2;0;0;2;-29,70692502;-51,14708662;"SPRF-RS";"DEL01-RS";"UOP02-DEL01-RS"
120637;2018-03-24;"sábado";"12:45:00";"ES";262;53,5;"MARECHAL FLORIANO";"Falta de Atenção à Condução";"Colisão traseira";"Com Vítimas Feridas";"Pleno dia";"Crescente";"Céu Claro";"Simples";"Reta";"Não";2;0;0;1;1;0;1;2;-20,41585855;-40,65399123;"SPRF-ES";"DEL01-ES";"UOP01-DEL01-ES"
120640;2018-03-24;"sábado";"14:10:00";"MA";135;7,2;"SAO LUIS";"Falta de Atenção à Condução";"Colisão transversal";"Com Vítimas Feridas";"Pleno dia";"Crescente";"Sol";"Dupla";"Retorno Regulamentado";"Sim";3;0;3;0;0;0;3;2;-2,636088;-44,268486;"SPRF-MA";"DEL01-MA";"UOP01-DEL01-MA"
120641;2018-03-24;"sábado";"15:15:00";"SC";163;82,6;"GUARACIABA";"Ingestão de álcool e/ou substâncias psicoativas pelo pedestre";"Saída de leito carroçável";"Com Vítimas Feridas";"Pleno dia";"Crescente";"Chuva";"Simples";"Curva";"Não";1;0;1;0;0;0;1;1;-26,632759;-53,51857;"SPRF-SC";"DEL07-SC";"UOP03-DEL07-SC"
120642;2018-03-24;"sábado";"16:15:00";"MG";459;44;"SANTA RITA DE CALDAS";"Defeito Mecânico no Veículo";"Tombamento";"Com Vítimas Feridas";"Pleno dia";"Crescente";"Nublado";"Simples";"Reta";"Não";2;0;1;1;0;0;2;1;-22,024606;-46,305838;"SPRF-MG";"DEL09-MG";"UOP01-DEL09-MG"
120643;2018-03-24;"sábado";"15:15:00";"BA";116;593;"BREJOES";"Falta de Atenção à Condução";"Capotamento";"Sem Vítimas";"Pleno dia";"Decrescente";"Chuva";"Simples";"Reta";"Não";1;0;0;0;1;0;0;1;-13,05004792;-39,96070862;"SPRF-BA";"DEL03-BA";"UOP02-DEL03-BA"
120645;2018-03-24;"sábado";"17:30:00";"DF";70;17;"BRASILIA";"Ingestão de Álcool";"Colisão com objeto estático";"Sem Vítimas";"Pleno dia";"Crescente";"Nublado";"Dupla";"Reta";"Não";3;0;0;0;3;0;0;1;-15,794133;-48,202095;"SPRF-DF";"DEL01-DF";"UOP02-DEL03-DF"
120647;2018-03-24;"sábado";"10:30:00";"BA";116;735;"BOA NOVA";"Falta de Atenção à Condução";"Saída de leito carroçável";"Com Vítimas Feridas";"Pleno dia";"Crescente";"Sol";"Simples";"Reta";"Não";2;0;1;0;0;1;1;2;-14,35187611;-40,33493042;"SPRF-BA";"DEL08-BA";"UOP02-DEL08-BA"
120648;2018-03-24;"sábado";"17:50:00";"AL";316;267;"SATUBA";"Desobediência às normas de trânsito pelo condutor";"Colisão transversal";"Com Vítimas Feridas";"Anoitecer";"Crescente";"Céu Claro";"Simples";"Reta";"Sim";3;0;1;0;2;0;1;2;-9,587583;-35,878014;"SPRF-AL";"DEL02-AL";"UOP01-DEL02-AL"
120649;2018-03-24;"sábado";"18:10:00";"MG";146;600,2;"POCOS DE CALDAS";"Velocidade Incompatível";"Capotamento";"Sem Vítimas";"Plena Noite";"Decrescente";"Céu Claro";"Simples";"Reta";"Não";1;0;0;0;1;0;0;1;-21,773626;-46,424359;"SPRF-MG";"DEL09-MG";"UOP01-DEL09-MG"
120651;2018-03-24;"sábado";"17:45:00";"RJ";101;309;"SAO GONCALO";"Falta de Atenção à Condução";"Colisão transversal";"Sem Vítimas";"Anoitecer";"Decrescente";"Céu Claro";"Dupla";"Curva";"Sim";2;0;0;0;1;1;0;2;-22,794992;-43,034481;"SPRF-RJ";"DEL02-RJ";"DEL5/2-UOP04/RJ"
120653;2018-03-24;"sábado";"18:20:00";"PE";407;124,1;"PETROLINA";"Ingestão de Álcool";"Atropelamento de Pedestre";"Com Vítimas Feridas";"Plena Noite";"Crescente";"Nublado";"Dupla";"Curva";"Sim";2;0;1;0;1;0;1;2;-9,37861241;-40,53131104;"SPRF-PE";"DEL06-PE";"UOP01-DEL06-PE"
120655;2018-03-24;"sábado";"18:10:00";"ES";101;144,3;"LINHARES";"Falta de Atenção à Condução";"Colisão traseira";"Com Vítimas Feridas";"Plena Noite";"Crescente";"Nublado";"Múltipla";"Reta";"Sim";2;0;0;1;0;1;1;2;-19,35364154;-40,06387174;"SPRF-ES";"DEL04-ES";"UOP01-DEL04-ES"
120656;2018-03-24;"sábado";"17:30:00";"RS";470;166;"VILA FLORES";"Pista Escorregadia";"Saída de leito carroçável";"Com Vítimas Feridas";"Anoitecer";"Decrescente";"Chuva";"Simples";"Curva";"Sim";1;0;0;1;0;0;1;1;-28,84774018;-51,57139017;"SPRF-RS";"DEL06-RS";"UOP02-DEL06-RS"
120658;2018-03-24;"sábado";"13:00:00";"MT";364;402;"CUIABA";"Não guardar distância de segurança";"Colisão traseira";"Com Vítimas Feridas";"Plena Noite";"Crescente";"Céu Claro";"Dupla";"Reta";"Sim";3;0;1;0;0;2;1;3;-15,66855;-55,954765;"SPRF-MT";"DEL02-MT";"UOP02-DEL01-MT"
120659;2018-03-24;"sábado";"18:00:00";"GO";251;30;"CRISTALINA";"Desobediência às normas de trânsito pelo condutor";"Colisão frontal";"Com Vítimas Feridas";"Anoitecer";"Crescente";"Chuva";"Dupla";"Reta";"Sim";9;0;6;0;3;0;6;2;-16,05554666;-47,53524542;"SPRF-DF";"DEL01-DF";"UOP01-DEL01-DF"
120660;2018-03-24;"sábado";"17:10:00";"PR";277;3;"FOZ DO IGUACU";"Velocidade Incompatível";"Saída de leito carroçável";"Sem Vítimas";"Anoitecer";"Crescente";"Chuva";"Dupla";"Reta";"Sim";1;0;0;0;0;1;0;1;-25,47892035;-54,5833987;"SPRF-PR";"DEL05-PR";"UOP03-DEL05-PR"
120665;2018-03-24;"sábado";"17:25:00";"RR";174;497;"BOA VISTA";"Animais na Pista";"Atropelamento de Animal";"Com Vítimas Feridas";"Pleno dia";"Crescente";"Céu Claro";"Dupla";"Reta";"Não";1;0;1;0;0;0;1;1;2,74964586;-60,74066162;"SPRF-RR";"DEL01-RR";"UOP01-DEL01-RR"
120667;2018-03-20;"terça-feira";"19:15:00";"SC";480;125,9;"CHAPECO";"Não guardar distância de segurança";"Colisão traseira";"Com Vítimas Feridas";"Plena Noite";"Decrescente";"Nublado";"Dupla";"Reta";"Sim";3;0;0;1;1;1;1;3;-27,03344053;-52,63549805;"SPRF-SC";"DEL07-SC";"UOP01-DEL07-SC"
120668;2018-03-24;"sábado";"17:55:00";"RO";364;241,5;"CACOAL";"Falta de Atenção à Condução";"Colisão lateral";"Com Vítimas Feridas";"Anoitecer";"Crescente";"Céu Claro";"Dupla";"Reta";"Sim";3;0;0;3;0;0;3;2;-11,44082;-61,48227;"SPRF-RO";"DEL02-RO";"UOP02-DEL02-RO"
120669;2018-03-24;"sábado";"18:40:00";"PE";101;118;"ESCADA";"Pista Escorregadia";"Saída de leito carroçável";"Com Vítimas Feridas";"Plena Noite";"Crescente";"Chuva";"Simples";"Reta";"Não";1;0;1;0;0;0;1;1;-8,353173;-35,158592;"SPRF-PE";"DEL01-PE";"UOP03-DEL01-PE"
120672;2018-03-24;"sábado";"17:40:00";"MS";163;402;"NOVA ALVORADA DO SUL";"Fenômenos da Natureza";"Saída de leito carroçável";"Com Vítimas Feridas";"Anoitecer";"Crescente";"Chuva";"Simples";"Curva";"Não";5;0;2;0;3;0;2;1;-21,14983457;-54,47845459;"SPRF-MS";"DEL02-MS";"UOP01-DEL02-MS"
120673;2018-01-25;"quinta-feira";"18:00:00";"RN";405;185;"JOSE DA PENHA";"Animais na Pista";"Atropelamento de Animal";"Com Vítimas Feridas";"Plena Noite";"Decrescente";"Céu Claro";"Simples";"Reta";"Não";1;0;0;1;0;0;1;1;-6,39070692;-38,31207275;"SPRF-RN";"DEL04-RN";"UOP02-DEL04-RN"
120674;2018-03-24;"sábado";"19:00:00";"RS";116;263;"CANOAS";"Falta de Atenção à Condução";"Colisão traseira";"Sem Vítimas";"Plena Noite";"Decrescente";"Chuva";"Múltipla";"Reta";"Sim";2;0;0;0;2;0;0;2;-29,905449;-51,176739;"SPRF-RS";"DEL01-RS";"UOP01-DEL01-RS"
120675;2018-03-24;"sábado";"18:20:00";"MT";163;797,9;"SINOP";"Ingestão de Álcool";"Queda de ocupante de veículo";"Com Vítimas Feridas";"Plena Noite";"Crescente";"Céu Claro";"Simples";"Reta";"Não";1;0;1;0;0;0;1;1;-11,98290507;-55,51254272;"SPRF-MT";"DEL06-MT";"UOP01-DEL06-MT"
120676;2018-03-24;"sábado";"19:30:00";"SE";235;30,1;"AREIA BRANCA";"Ingestão de Álcool";"Colisão frontal";"Sem Vítimas";"Plena Noite";"Crescente";"Chuva";"Simples";"Curva";"Não";2;0;0;0;2;0;0;2;-10,77934847;-37,2958374;"SPRF-SE";"DEL01-SE";"UOP01-DEL01-SE"
120678;2018-03-24;"sábado";"19:00:00";"SE";235;52;"ITABAIANA";"Desobediência às normas de trânsito pelo condutor";"Colisão lateral";"Com Vítimas Feridas";"Plena Noite";"Crescente";"Nublado";"Simples";"Reta";"Sim";2;0;0;1;1;0;1;2;-10,69653862;-37,43556976;"SPRF-SE";"DEL01-SE";"UOP02-DEL01-SE"
120679;2018-03-24;"sábado";"18:00:00";"RN";110;99,9;"UPANEMA";"Desobediência às normas de trânsito pelo condutor";"Colisão frontal";"Com Vítimas Feridas";"Anoitecer";"Crescente";"Céu Claro";"Dupla";"Rotatória";"Sim";2;0;1;0;0;1;1;2;-5,645792;-37,259064;"SPRF-RN";"DEL04-RN";"UOP01-DEL04-RN"
120680;2018-03-24;"sábado";"19:15:00";"PA";308;8,7;"ANANINDEUA";"Ingestão de Álcool";"Colisão lateral";"Sem Vítimas";"Plena Noite";"Decrescente";"Chuva";"Dupla";"Reta";"Sim";2;0;0;0;2;0;0;2;-1,36670976;-48,37076141;"SPRF-PA";"DEL01-PA";"DEL19/1-UOP05/PA"
120681;2018-03-24;"sábado";"19:45:00";"SP";101;42,9;"UBATUBA";"Falta de Atenção à Condução";"Colisão traseira";"Com Vítimas Feridas";"Plena Noite";"Decrescente";"Céu Claro";"Simples";"Reta";"Sim";2;0;0;1;1;0;1;2;-23,42040818;-45,04394531;"SPRF-SP";"DEL06-SP";"UOP01-DEL06-SP"
120682;2018-03-24;"sábado";"15:00:00";"MG";262;539,5;"LUZ";"Velocidade Incompatível";"Saída de leito carroçável";"Com Vítimas Feridas";"Pleno dia";"Crescente";"Céu Claro";"Simples";"Curva;Declive";"Não";1;0;1;0;0;0;1;1;-19,74085399;-45,84732056;"SPRF-MG";"DEL08-MG";"UOP02-DEL08-MG"
120683;2018-03-24;"sábado";"19:40:00";"GO";153;502,9;"APARECIDA DE GOIANIA";"Falta de Atenção à Condução";"Tombamento";"Com Vítimas Feridas";"Plena Noite";"Decrescente";"Céu Claro";"Dupla";"Reta";"Sim";1;0;1;0;0;0;1;1;-16,72600038;-49,24081385;"SPRF-GO";"DEL01-GO";"UOP01-DEL01-GO"
120686;2018-03-24;"sábado";"19:20:00";"RJ";40;22;"TRES RIOS";"Falta de Atenção à Condução";"Queda de ocupante de veículo";"Com Vítimas Feridas";"Plena Noite";"Decrescente";"Céu Claro";"Simples";"Curva";"Não";1;0;1;0;0;0;1;1;-22,1309;-43,158;"SPRF-RJ";"DEL06-RJ";"UOP02-DEL05-RJ"
120688;2018-03-24;"sábado";"19:50:00";"CE";402;301,2;"UMIRIM";"Velocidade Incompatível";"Tombamento";"Com Vítimas Fatais";"Plena Noite";"Crescente";"Céu Claro";"Simples";"Interseção de Vias";"Sim";2;1;0;1;0;0;1;1;-3,64911133;-39,42581177;"SPRF-CE";"DEL01-CE";"UOP03-DEL01-CE"
120689;2018-03-24;"sábado";"18:50:00";"PR";163;19,5;"SANTO ANTONIO DO SUDOESTE";"Avarias e/ou desgaste excessivo no pneu";"Colisão frontal";"Com Vítimas Feridas";"Anoitecer";"Crescente";"Chuva";"Simples";"Reta;Declive";"Não";4;0;1;1;2;0;2;2;-26,176217;-53,666599;"SPRF-PR";"DEL02-PR";"UOP02-DEL02-PR"
120691;2018-03-24;"sábado";"15:28:00";"MG";262;46,2;"MANHUACU";"Ingestão de Álcool";"Saída de leito carroçável";"Com Vítimas Feridas";"Pleno dia";"Decrescente";"Céu Claro";"Simples";"Curva";"Não";7;0;7;0;0;0;7;1;-20,263256;-42,105717;"SPRF-MG";"DEL06-MG";"UOP03-DEL06-MG"
120692;2018-03-24;"sábado";"19:30:00";"PR";163;20,1;"SANTO ANTONIO DO SUDOESTE";"Ingestão de Álcool";"Colisão traseira";"Com Vítimas Feridas";"Plena Noite";"Decrescente";"Garoa/Chuvisco";"Simples";"Reta";"Não";5;0;1;0;4;0;1;2;-26,1843;-53,6605;"SPRF-PR";"DEL02-PR";"UOP02-DEL02-PR"
120693;2018-03-24;"sábado";"19:50:00";"RN";427;0;"CURRAIS NOVOS";"Desobediência às normas de trânsito pelo condutor";"Colisão transversal";"Com Vítimas Feridas";"Plena Noite";"Decrescente";"Céu Claro";"Simples";"Interseção de Vias";"Sim";2;0;1;1;0;0;2;2;-6,27571326;-36,52198792;"SPRF-RN";"DEL03-RN";"UOP02-DEL03-RN"
120694;2018-03-24;"sábado";"19:20:00";"RS";470;70;"LAGOA VERMELHA";"Não guardar distância de segurança";"Colisão traseira";"Sem Vítimas";"Plena Noite";"Crescente";"Chuva";"Simples";"Reta";"Não";2;0;0;0;2;0;0;2;-28,203295;-51,525402;"SPRF-RS";"DEL08-RS";"UOP05-DEL08-RS"
120696;2018-03-24;"sábado";"19:40:00";"SC";470;49,8;"BLUMENAU";"Ingestão de Álcool";"Colisão traseira";"Sem Vítimas";"Plena Noite";"Decrescente";"Céu Claro";"Simples";"Reta";"Não";2;0;0;0;2;0;0;2;-26,860709;-49,053454;"SPRF-SC";"DEL04-SC";"UOP01-DEL04-SC"
120698;2018-03-24;"sábado";"20:15:00";"PR";476;93;"BOCAIUVA DO SUL";"Desobediência às normas de trânsito pelo condutor";"Colisão frontal";"Com Vítimas Feridas";"Plena Noite";"Crescente";"Céu Claro";"Simples";"Interseção de Vias";"Sim";3;0;1;0;2;0;1;2;-25,209375;-49,1133;"SPRF-PR";"DEL01-PR";"UOP01-DEL01-PR"
120699;2018-03-24;"sábado";"19:45:00";"ES";101;343,2;"GUARAPARI";"Restrição de Visibilidade";"Colisão com objeto em movimento";"Com Vítimas Feridas";"Plena Noite";"Decrescente";"Céu Claro";"Simples";"Reta";"Não";1;0;0;1;0;0;1;1;-20,64306555;-40,48736572;"SPRF-ES";"DEL03-ES";"UOP01-DEL03-ES"
120700;2018-03-24;"sábado";"18:45:00";"RS";386;46,7;"SEBERI";"Falta de Atenção à Condução";"Saída de leito carroçável";"Com Vítimas Feridas";"Plena Noite";"Decrescente";"Chuva";"Simples";"Reta";"Não";2;0;1;1;0;0;2;1;-27,457483;-53,409458;"SPRF-RS";"DEL08-RS";"UOP02-DEL08-RS"
120704;2018-03-24;"sábado";"20:48:00";"RJ";393;232;"VASSOURAS";"Falta de Atenção à Condução";"Colisão transversal";"Com Vítimas Feridas";"Plena Noite";"Crescente";"Céu Claro";"Simples";"Interseção de Vias";"Sim";4;0;1;0;3;0;1;2;-22,39106112;-43,65054846;"SPRF-RJ";"DEL05-RJ";"UOP03-DEL05-RJ"
120706;2018-03-24;"sábado";"21:00:00";"ES";101;294;"CARIACICA";"Avarias e/ou desgaste excessivo no pneu";"Colisão com objeto estático";"Com Vítimas Feridas";"Plena Noite";"Decrescente";"Chuva";"Dupla";"Aclive;Curva";"Sim";4;0;4;0;0;0;4;1;-20,31243302;-40,39672852;"SPRF-ES";"DEL01-ES";"UOP01-DEL01-ES"
120707;2018-03-24;"sábado";"21:20:00";"GO";60;91;"ANAPOLIS";"Ingestão de Álcool";"Colisão traseira";"Com Vítimas Fatais";"Plena Noite";"Crescente";"Nublado";"Dupla";"Reta;Aclive";"Sim";4;1;2;1;0;0;3;2;-16,35257085;-48,9181602;"SPRF-GO";"DEL02-GO";"UOP01-DEL02-GO"
120708;2018-03-24;"sábado";"18:40:00";"MA";135;23;"SAO LUIS";"Falta de Atenção à Condução";"Colisão transversal";"Com Vítimas Feridas";"Plena Noite";"Decrescente";"Chuva";"Dupla";"Reta";"Sim";2;0;1;0;1;0;1;2;-2,556122;-44,3113938;"SPRF-MA";"DEL01-MA";"UOP01-DEL01-MA"
120709;2018-03-24;"sábado";"21:00:00";"AL";423;104;"DELMIRO GOUVEIA";"Animais na Pista";"Atropelamento de Animal";"Sem Vítimas";"Plena Noite";"Decrescente";"Garoa/Chuvisco";"Simples";"Reta";"Não";2;0;0;0;2;0;0;1;-9,387481;-38,14962;"SPRF-BA";"DEL07-BA";"UOP01-DEL07-BA"
120710;2018-03-24;"sábado";"20:30:00";"BA";101;892;"CARAVELAS";"Falta de Atenção à Condução";"Colisão lateral";"Sem Vítimas";"Plena Noite";"Crescente";"Céu Claro";"Simples";"Reta";"Não";2;0;0;0;2;0;0;2;-17,6668;-39,7732;"SPRF-BA";"DEL09-BA";"UOP02-DEL09-BA"
120711;2018-03-24;"sábado";"20:25:00";"BA";116;422,2;"FEIRA DE SANTANA";"Ingestão de Álcool";"Colisão frontal";"Sem Vítimas";"Plena Noite";"Crescente";"Céu Claro";"Simples";"Reta";"Sim";2;0;0;0;2;0;0;2;-12,23070164;-38,96634651;"SPRF-BA";"DEL02-BA";"UOP01-DEL02-BA"
120712;2018-03-24;"sábado";"20:25:00";"MS";163;533;"JARAGUARI";"Ingestão de Álcool";"Colisão transversal";"Com Vítimas Feridas";"Plena Noite";"Decrescente";"Céu Claro";"Dupla";"Reta";"Não";2;0;1;0;1;0;1;2;-20,06183699;-54,42212015;"SPRF-MS";"DEL01-MS";"UOP02-DEL01-MS"
120714;2018-03-24;"sábado";"21:30:00";"SC";280;238,8;"CANOINHAS";"Falta de Atenção à Condução";"Tombamento";"Com Vítimas Feridas";"Plena Noite";"Crescente";"Nublado";"Simples";"Reta";"Não";1;0;1;0;0;0;1;1;-26,205389;-50,438919;"SPRF-SC";"DEL06-SC";"UOP04-DEL06-SC"
120715;2018-03-24;"sábado";"21:30:00";"SP";381;43;"ATIBAIA";"Falta de Atenção à Condução";"Capotamento";"Sem Vítimas";"Plena Noite";"Crescente";"Céu Claro";"Dupla";"Reta";"Sim";1;0;0;0;1;0;0;1;-23,18005784;-46,57718186;"SPRF-SP";"DEL03-SP";"UOP01-DEL03-SP"
120718;2018-03-24;"sábado";"21:45:00";"SP";116;189,3;"SANTA ISABEL";"Condutor Dormindo";"Saída de leito carroçável";"Com Vítimas Feridas";"Plena Noite";"Decrescente";"Céu Claro";"Dupla";"Reta";"Não";1;0;1;0;0;0;1;1;-23,34856015;-46,14646196;"SPRF-SP";"DEL02-SP";"UOP01-DEL02-SP"
120720;2018-03-24;"sábado";"22:30:00";"PE";232;20,7;"MORENO";"Condutor Dormindo";"Colisão com objeto estático";"Com Vítimas Feridas";"Plena Noite";"Decrescente";"Nublado";"Dupla";"Reta";"Não";2;0;1;0;1;0;1;2;-8,0955625;-35,0759375;"SPRF-PE";"DEL01-PE";"UOP01-DEL01-PE"
120721;2018-03-24;"sábado";"22:30:00";"SC";470;120;"IBIRAMA";"Velocidade Incompatível";"Saída de leito carroçável";"Com Vítimas Feridas";"Plena Noite";"Decrescente";"Garoa/Chuvisco";"Simples";"Curva";"Não";4;0;3;0;1;0;3;1;-27,089924;-49,520416;"SPRF-SC";"DEL04-SC";"UOP02-DEL04-SC"
120722;2018-03-24;"sábado";"21:40:00";"PB";230;25,5;"JOAO PESSOA";"Ingestão de Álcool";"Colisão lateral";"Sem Vítimas";"Plena Noite";"Decrescente";"Chuva";"Múltipla";"Curva;Aclive;Viaduto";"Sim";3;0;0;0;2;1;0;3;-7,1707;-34,8684;"SPRF-PB";"DEL01-PB";"UOP01-DEL01-PB"
120723;2018-03-24;"sábado";"22:00:00";"PR";376;515,8;"PALMEIRA";"Defeito Mecânico no Veículo";"Queda de ocupante de veículo";"Com Vítimas Feridas";"Plena Noite";"Crescente";"Nublado";"Dupla";"Reta";"Não";2;0;1;0;1;0;1;1;-25,28195427;-49,92050171;"SPRF-PR";"DEL03-PR";"UOP04-DEL03-PR"
120724;2018-03-24;"sábado";"22:20:00";"RJ";101;66;"CAMPOS DOS GOYTACAZES";"Falta de Atenção à Condução";"Colisão transversal";"Com Vítimas Feridas";"Plena Noite";"Decrescente";"Céu Claro";"Simples";"Reta";"Sim";2;0;0;1;1;0;1;2;-21,760904;-41,347889;"SPRF-RJ";"DEL08-RJ";"UOP02-DEL08-RJ"
120725;2018-03-24;"sábado";"22:20:00";"PE";101;50;"ABREU E LIMA";"Ingestão de Álcool";"Colisão traseira";"Sem Vítimas";"Plena Noite";"Decrescente";"Nublado";"Múltipla";"Reta";"Sim";2;0;0;0;1;1;0;2;-7,9148;-34,8984;"SPRF-PE";"DEL01-PE";"UOP02-DEL01-PE"
120727;2018-03-24;"sábado";"22:30:00";"RJ";393;283,2;"VOLTA REDONDA";"Desobediência às normas de trânsito pelo condutor";"Atropelamento de Pedestre";"Com Vítimas Feridas";"Plena Noite";"Crescente";"Céu Claro";"Simples";"Curva";"Não";5;0;1;1;3;0;2;3;-22,510941;-44,084461;"SPRF-RJ";"DEL05-RJ";"UOP04-DEL05-RJ"
120728;2018-03-24;"sábado";"14:30:00";"MG";116;536,1;"SANTA RITA DE MINAS";"Não guardar distância de segurança";"Colisão traseira";"Com Vítimas Feridas";"Pleno dia";"Crescente";"Sol";"Simples";"Curva";"Não";2;0;1;0;0;1;1;2;-19,850182;-42,141717;"SPRF-MG";"DEL06-MG";"UOP02-DEL06-MG"
120730;2018-03-24;"sábado";"22:40:00";"SC";101;145,5;"ITAPEMA";"Mal Súbito";"Colisão traseira";"Sem Vítimas";"Plena Noite";"Decrescente";"Céu Claro";"Múltipla";"Aclive";"Sim";2;0;0;0;2;0;0;2;-27,0868;-48,6095;"SPRF-SC";"DEL04-SC";"UOP03-DEL04-SC"
120733;2018-03-24;"sábado";"23:25:00";"RN";101;79,7;"NATAL";"Animais na Pista";"Atropelamento de Animal";"Com Vítimas Feridas";"Plena Noite";"Decrescente";"Céu Claro";"Dupla";"Reta";"Sim";2;0;1;1;0;0;2;1;-5,75577;-35,28845;"SPRF-RN";"DEL02-RN";"UOP01-DEL02-RN"
120734;2018-03-24;"sábado";"23:55:00";"GO";153;437,5;"ANAPOLIS";"Ingestão de Álcool";"Queda de ocupante de veículo";"Com Vítimas Feridas";"Pleno dia";"Crescente";"Garoa/Chuvisco";"Dupla";"Reta";"Sim";2;0;1;0;0;1;1;2;-16,280523;-48,960049;"SPRF-GO";"DEL02-GO";"UOP01-DEL02-GO"
120735;2018-03-24;"sábado";"19:15:00";"MG";153;1,2;"ARAPORA";"Falta de Atenção à Condução";"Queda de ocupante de veículo";"Com Vítimas Feridas";"Plena Noite";"Decrescente";"Céu Claro";"Dupla";"Declive";"Sim";1;0;0;1;0;0;1;1;-18,428493;-49,192646;"SPRF-MG";"DEL15-MG";"UOP03-DEL15-MG"
120736;2018-03-24;"sábado";"22:40:00";"MG";381;350;"JOAO MONLEVADE";"Defeito Mecânico no Veículo";"Colisão com objeto em movimento";"Com Vítimas Feridas";"Plena Noite";"Crescente";"Céu Claro";"Simples";"Reta";"Não";2;0;1;0;1;0;1;2;-19,86431058;-43,13635834;"SPRF-MG";"DEL03-MG";"UOP01-DEL03-MG"
120738;2018-03-24;"sábado";"20:30:00";"RS";470;197,4;"BENTO GONCALVES";"Ingestão de Substâncias Psicoativas";"Saída de leito carroçável";"Com Vítimas Feridas";"Plena Noite";"Crescente";"Chuva";"Simples";"Aclive;Curva";"Não";1;0;1;0;0;0;1;1;-29,05384763;-51,59545809;"SPRF-RS";"DEL06-RS";"UOP01-DEL06-RS"
120739;2018-03-24;"sábado";"23:20:00";"PR";277;670,9;"MEDIANEIRA";"Velocidade Incompatível";"Saída de leito carroçável";"Sem Vítimas";"Plena Noite";"Crescente";"Chuva";"Dupla";"Curva";"Sim";1;0;0;0;0;1;0;1;-25,280552;-54,079082;"SPRF-PR";"DEL05-PR";"UOP02-DEL05-PR"
120740;2018-03-24;"sábado";"19:30:00";"MS";163;85,7;"ITAQUIRAI";"Animais na Pista";"Atropelamento de Animal";"Sem Vítimas";"Plena Noite";"Decrescente";"Chuva";"Simples";"Reta";"Não";1;0;0;0;1;0;0;1;-23,408683;-54,208998;"SPRF-MS";"DEL09-MS";"UOP01-DEL09-MS"