"id";"data_inversa";"dia_semana";"horario";"uf";"br";"km";"municipio";"causa_acidente";"tipo_acidente";"classificacao_acidente";"fase_dia";"sentido_via";"condicao_metereologica";"tipo_pista";"tracado_via";"uso_solo";"pessoas";"mortos";"feridos_leves";"feridos_graves";"ilesos";"ignorados";"feridos";"veiculos";"latitude";"longitude";"regional";"delegacia";"uop"
120845;2018-03-25;"domingo";"11:00:00";"MG";40;492;"ESMERALDAS";"Animais na Pista";"Capotamento";"Sem Vítimas";"Pleno dia";"Crescente";"Céu Claro";"Dupla";"Reta";"Não";2;0;0;0;2;0;0;1;-19,6498;-44,2003;"SPRF-MG";"DEL02-MG";"UOP01-DEL02-MG"
120846;2018-03-25;"domingo";"09:30:00";"AC";364;112;"RIO BRANCO";"Falta de Atenção à Condução";"Saída de leito carroçável";"Sem Vítimas";"Pleno dia";"Decrescente";"Céu Claro";"Simples";"Reta";"Não";3;0;0;0;0;3;0;1;-10,013679;-67,683113;"SPRF-AC";"DEL01-AC";"UOP01-DEL01-AC"
120847;2018-03-25;"domingo";"10:40:00";"RJ";116;228;"PIRAI";"Velocidade Incompatível";"Queda de ocupante de veículo";"Com Vítimas Feridas";"Pleno dia";"Decrescente";"Céu Claro";"Dupla";"Curva";"Não";1;0;1;0;0;0;1;1;-22,66597704;-43,84643555;"SPRF-RJ";"DEL07-RJ";"UOP01-DEL07-RJ"
120849;2018-03-25;"domingo";"11:15:00";"GO";60;184;"ABADIA DE GOIAS";"Falta de Atenção à Condução";"Saída de leito carroçável";"Com Vítimas Feridas";"Pleno dia";"Crescente";"Céu Claro";"Dupla";"Reta";"Não";4;0;4;0;0;0;4;1;-16,7899;-49,5019;"SPRF-GO";"DEL01-GO";"UOP02-DEL01-GO"
120850;2018-03-25;"domingo";"10:35:00";"RO";364;718;"PORTO VELHO";"Avarias e/ou desgaste excessivo no pneu";"Tombamento";"Com Vítimas Feridas";"Pleno dia";"Crescente";"Céu Claro";"Múltipla";"Retorno Regulamentado";"Não";1;0;1;0;0;0;1;1;-8,80338358;-63,91448468;"SPRF-RO";"DEL01-RO";"UOP01-DEL01-RO"
120851;2018-03-25;"domingo";"12:10:00";"PR";376;4,2;"MANDAGUARI";"Não guardar distância de segurança";"Colisão traseira";"Sem Vítimas";"Pleno dia";"Crescente";"Garoa/Chuvisco";"Simples";"Interseção de Vias";"Sim";2;0;0;0;2;0;0;2;-23,51740015;-51,68413675;"SPRF-PR";"DEL07-PR";"UOP01-DEL09-PR"
120853;2018-03-25;"domingo";"12:10:00";"MG";381;524;"ITATIAIUCU";"Desobediência às normas de trânsito pelo condutor";"Queda de ocupante de veículo";"Com Vítimas Feridas";"Pleno dia";"Decrescente";"Céu Claro";"Dupla";"Curva";"Não";1;0;0;1;0;0;1;1;-20,1442;-44,3211;"SPRF-MG";"DEL04-MG";"UOP03-DEL04-MG"
120854;2018-03-25;"domingo";"11:50:00";"SP";116;139;"SAO JOSE DOS CAMPOS";"Não guardar distância de segurança";"Colisão traseira";"Com Vítimas Feridas";"Pleno dia";"Crescente";"Céu Claro";"Dupla";"Reta";"Sim";5;0;1;0;4;0;1;4;-23,161556;-45,804054;"SPRF-SP";"DEL06-SP";"UOP02-DEL02-SP"
120856;2018-03-25;"domingo";"12:30:00";"SP";101;20;"UBATUBA";"Ingestão de Álcool";"Saída de leito carroçável";"Com Vítimas Feridas";"Pleno dia";"Crescente";"Céu Claro";"Simples";"Aclive;Reta";"Não";4;0;3;1;0;0;4;1;-23,32838529;-44,9230957;"SPRF-SP";"DEL06-SP";"UOP01-DEL06-SP"
120857;2018-03-05;"segunda-feira";"23:20:00";"MT";163;540;"DIAMANTINO";"Defeito na Via";"Saída de leito carroçável";"Sem Vítimas";"Pleno dia";"Crescente";"Ignorado";"Simples";"Reta";"Não";1;0;0;0;1;0;0;1;-14,25373523;-56,12365723;"SPRF-MT";"DEL01-MT";"UOP01-DEL01-MT"
120859;2018-03-25;"domingo";"12:30:00";"PB";101;15;"MAMANGUAPE";"Pista Escorregadia";"Saída de leito carroçável";"Com Vítimas Feridas";"Pleno dia";"Crescente";"Chuva";"Dupla";"Reta";"Não";2;0;1;0;1;0;1;1;-6,8209867;-35,1386084;"SPRF-PB";"DEL01-PB";"UOP04-DEL01-PB"
120861;2018-03-25;"domingo";"12:10:00";"MS";262;408,1;"TERENOS";"Velocidade Incompatível";"Colisão traseira";"Com Vítimas Feridas";"Pleno dia";"Decrescente";"Chuva";"Simples";"Reta";"Não";2;0;1;0;1;0;1;2;-20,436313;-55,096173;"SPRF-MS";"DEL01-MS";"UOP03-DEL01-MS"
120863;2018-03-25;"domingo";"12:50:00";"PI";316;6,3;"TERESINA";"Falta de Atenção à Condução";"Engavetamento";"Sem Vítimas";"Pleno dia";"Decrescente";"Nublado";"Simples";"Reta";"Sim";3;0;0;0;3;0;0;3;-5,07042575;-42,77389526;"SPRF-PI";"DEL01-PI";"UOP02-DEL01-PI"
120864;2018-03-25;"domingo";"10:49:00";"PR";277;301,5;"PRUDENTOPOLIS";"Fenômenos da Natureza";"Capotamento";"Com Vítimas Feridas";"Pleno dia";"Decrescente";"Chuva";"Simples";"Curva";"Não";2;0;1;0;1;0;1;1;-25,30471114;-51,16045475;"SPRF-PR";"DEL03-PR";"UOP01-DEL08-PR"
120865;2018-03-25;"domingo";"13:25:00";"RS";290;89,2;"PORTO ALEGRE";"Condutor Dormindo";"Colisão com objeto estático";"Com Vítimas Feridas";"Pleno dia";"Crescente";"Nevoeiro/Neblina";"Múltipla";"Reta";"Não";2;0;2;0;0;0;2;1;-29,967892;-51,147331;"SPRF-RS";"DEL01-RS";"UOP01-DEL01-RS"
120866;2018-03-25;"domingo";"11:10:00";"MT";70;521;"VARZEA GRANDE";"Desobediência às normas de trânsito pelo condutor";"Colisão transversal";"Com Vítimas Feridas";"Pleno dia";"Crescente";"Sol";"Simples";"Interseção de Vias";"Não";2;0;1;0;1;0;1;2;-15,70898477;-56,12400055;"SPRF-MT";"DEL01-MT";"DEL2/4-UOP02/MT"
120870;2018-03-25;"domingo";"11:35:00";"RO";364;577;"ITAPUA DO OESTE";"Ultrapassagem Indevida";"Colisão traseira";"Com Vítimas Feridas";"Pleno dia";"Crescente";"Nublado";"Simples";"Reta";"Sim";4;0;2;0;0;2;2;3;-9,422195;-63,115967;"SPRF-RO";"DEL03-RO";"UOP04-DEL01-RO"
120871;2018-03-25;"domingo";"14:00:00";"PE";101;202,8;"XEXEU";"Pista Escorregadia";"Capotamento";"Com Vítimas Feridas";"Pleno dia";"Crescente";"Chuva";"Dupla";"Reta";"Não";3;0;3;0;0;0;3;1;-8,786386;-35,621826;"SPRF-PE";"DEL01-PE";"UOP03-DEL01-PE"
120872;2018-03-25;"domingo";"13:50:00";"SC";282;405,2;"JOACABA";"Desobediência às normas de trânsito pelo condutor";"Colisão traseira";"Com Vítimas Feridas";"Pleno dia";"Decrescente";"Nublado";"Simples";"Reta;Declive";"Não";4;0;0;1;3;0;1;2;-27,098232;-51,651218;"SPRF-SC";"DEL07-SC";"UOP05-DEL07-SC"
120873;2018-03-25;"domingo";"14:00:00";"GO";60;288;"ACREUNA";"Agressão Externa";"Capotamento";"Com Vítimas Feridas";"Pleno dia";"Crescente";"Céu Claro";"Dupla";"Reta";"Não";2;0;2;0;0;0;2;1;-17,2861;-50,2592;"SPRF-GO";"DEL04-GO";"UOP01-DEL04-GO"
120875;2018-03-25;"domingo";"14:20:00";"PR";277;110,1;"CAMPO LARGO";"Falta de Atenção à Condução";"Colisão traseira";"Com Vítimas Feridas";"Pleno dia";"Decrescente";"Garoa/Chuvisco";"Dupla";"Declive";"Não";3;0;1;0;2;0;1;2;-25,442851;-49,45278;"SPRF-PR";"DEL01-PR";"UOP06-DEL01-PR"
120876;2018-03-25;"domingo";"14:30:00";"RS";116;260;"CANOAS";"Defeito na Via";"Tombamento";"Com Vítimas Feridas";"Pleno dia";"Decrescente";"Nublado";"Dupla";"Curva";"Sim";1;0;1;0;0;0;1;1;-29,879332;-51,180458;"SPRF-RS";"DEL01-RS";"UOP01-DEL01-RS"
120877;2018-03-25;"domingo";"14:20:00";"RN";101;72;"EXTREMOZ";"Desobediência às normas de trânsito pelo condutor";"Colisão transversal";"Com Vítimas Feridas";"Pleno dia";"Decrescente";"Céu Claro";"Simples";"Interseção de Vias";"Não";3;0;0;1;1;1;1;2;-5,698662;-35,263168;"SPRF-RN";"DEL02-RN";"UOP01-DEL02-RN"
120879;2018-03-25;"domingo";"14:40:00";"RJ";393;230;"VASSOURAS";"Desobediência às normas de trânsito pelo condutor";"Queda de ocupante de veículo";"Com Vítimas Feridas";"Pleno dia";"Crescente";"Sol";"Simples";"Curva";"Não";1;0;1;0;0;0;1;1;-22,38124499;-43,63960236;"SPRF-RJ";"DEL05-RJ";"UOP03-DEL05-RJ"
120880;2018-03-25;"domingo";"14:00:00";"PE";104;64,8;"CARUARU";"Ingestão de Álcool";"Colisão transversal";"Com Vítimas Feridas";"Pleno dia";"Decrescente";"Chuva";"Simples";"Reta";"Sim";2;0;1;0;1;0;1;2;-8,288316;-35,984099;"SPRF-PE";"DEL02-PE";"UOP01-DEL02-PE"
120882;2018-03-25;"domingo";"14:24:00";"RN";406;167;"SAO GONCALO DO AMARANTE";"Defeito Mecânico no Veículo";"Queda de ocupante de veículo";"Com Vítimas Feridas";"Pleno dia";"Crescente";"Céu Claro";"Dupla";"Reta";"Não";2;0;2;0;0;0;2;1;-5,75127323;-35,32104492;"SPRF-RN";"DEL02-RN";"UOP01-DEL02-RN"
120884;2018-03-25;"domingo";"15:10:00";"PR";369;158;"CAMBE";"Falta de Atenção à Condução";"Colisão traseira";"Sem Vítimas";"Pleno dia";"Crescente";"Garoa/Chuvisco";"Dupla";"Interseção de Vias";"Sim";5;0;0;0;5;0;0;2;-23,28676495;-51,24137163;"SPRF-PR";"DEL07-PR";"UOP01-DEL07-PR"
120885;2018-03-25;"domingo";"14:30:00";"PR";376;262,8;"CALIFORNIA";"Pista Escorregadia";"Saída de leito carroçável";"Com Vítimas Feridas";"Pleno dia";"Crescente";"Chuva";"Simples";"Curva";"Não";5;0;3;0;2;0;3;1;-23,69884301;-51,33507729;"SPRF-PR";"DEL07-PR";"UOP03-DEL07-PR"
120886;2018-03-25;"domingo";"11:25:00";"MG";116;467,1;"TARUMIRIM";"Desobediência às normas de trânsito pelo condutor";"Tombamento";"Com Vítimas Fatais";"Pleno dia";"Decrescente";"Céu Claro";"Simples";"Aclive";"Não";4;1;3;0;0;0;3;3;-19,286753;-42,073593;"SPRF-MG";"DEL06-MG";"UOP02-DEL06-MG"
120887;2018-03-25;"domingo";"11:15:00";"MG";381;505;"BETIM";"Agressão Externa";"Incêndio";"Com Vítimas Feridas";"Pleno dia";"Crescente";"Sol";"Dupla";"Reta";"Não";2;0;1;0;0;1;1;2;-20,0384;-44,2529;"SPRF-MG";"DEL01-MG";"UOP03-DEL01-MG"
120889;2018-03-25;"domingo";"15:40:00";"PE";101;44,4;"IGARASSU";"Falta de Atenção à Condução";"Colisão transversal";"Com Vítimas Feridas";"Pleno dia";"Crescente";"Céu Claro";"Múltipla";"Reta";"Sim";3;0;2;0;1;0;2;2;-7,8578576;-34,9084778;"SPRF-PE";"DEL01-PE";"UOP02-DEL01-PE"
120893;2018-03-25;"domingo";"15:50:00";"SP";116;329;"JUQUITIBA";"Falta de Atenção à Condução";"Colisão traseira";"Com Vítimas Feridas";"Pleno dia";"Decrescente";"Céu Claro";"Dupla";"Reta";"Não";6;0;4;0;0;2;4;3;-23,93982042;-47,07572937;"SPRF-SP";"DEL04-SP";"UOP03-DEL04-SP"
120894;2018-03-25;"domingo";"15:00:00";"MS";359;188;"COXIM";"Defeito na Via";"Saída de leito carroçável";"Sem Vítimas";"Pleno dia";"Crescente";"Céu Claro";"Simples";"Reta";"Não";1;0;0;0;1;0;0;1;-18,48560335;-54,57391391;"SPRF-MS";"DEL06-MS";"UOP01-DEL06-MS"
120895;2018-03-25;"domingo";"15:55:00";"SC";470;38;"GASPAR";"Velocidade Incompatível";"Saída de leito carroçável";"Com Vítimas Feridas";"Pleno dia";"Crescente";"Sol";"Simples";"Reta";"Não";2;0;1;0;1;0;1;1;-26,913943;-48,969764;"SPRF-SC";"DEL04-SC";"UOP01-DEL04-SC"
120897;2018-03-25;"domingo";"16:30:00";"SP";116;107,4;"TAUBATE";"Avarias e/ou desgaste excessivo no pneu";"Tombamento";"Com Vítimas Feridas";"Pleno dia";"Decrescente";"Céu Claro";"Dupla";"Reta";"Sim";2;0;2;0;0;0;2;1;-23,01795;-45,530148;"SPRF-SP";"DEL06-SP";"UOP01-DEL06-SP"
120899;2018-03-25;"domingo";"16:30:00";"MG";40;531,2;"BELO HORIZONTE";"Falta de Atenção à Condução";"Colisão com objeto estático";"Sem Vítimas";"Pleno dia";"Decrescente";"Céu Claro";"Dupla";"Declive";"Sim";1;0;0;0;1;0;0;1;-19,92361914;-44,01766777;"SPRF-MG";"DEL01-MG";"UOP03-DEL01-MG"
120900;2018-03-25;"domingo";"15:45:00";"RO";364;754,8;"PORTO VELHO";"Fenômenos da Natureza";"Saída de leito carroçável";"Sem Vítimas";"Pleno dia";"Crescente";"Chuva";"Simples";"Curva";"Não";4;0;0;0;4;0;0;1;-9,074166;-64,055275;"SPRF-RO";"DEL01-RO";"UOP02-DEL01-RO"
120901;2018-03-25;"domingo";"16:40:00";"GO";452;61,3;"MAURILANDIA";"Falta de Atenção à Condução";"Saída de leito carroçável";"Com Vítimas Feridas";"Pleno dia";"Crescente";"Nublado";"Simples";"Curva";"Não";1;0;0;1;0;0;1;1;-18,001158;-50,380878;"SPRF-GO";"DEL04-GO";"UOP01-DEL04-GO"
120902;2018-03-25;"domingo";"17:05:00";"RS";470;158;"NOVA PRATA";"Falta de Atenção à Condução";"Saída de leito carroçável";"Com Vítimas Feridas";"Pleno dia";"Crescente";"Céu Claro";"Simples";"Curva";"Sim";4;0;4;0;0;0;4;1;-28,79762747;-51,61357641;"SPRF-RS";"DEL06-RS";"UOP02-DEL06-RS"
120903;2018-03-25;"domingo";"16:20:00";"RS";116;121;"SAO MARCOS";"Ingestão de Álcool";"Colisão lateral";"Sem Vítimas";"Pleno dia";"Crescente";"Nublado";"Múltipla";"Curva";"Não";2;0;0;0;2;0;0;2;-29,010195;-51,070106;"SPRF-RS";"DEL05-RS";"UOP01-DEL05-RS"
120904;2018-03-25;"domingo";"17:00:00";"RS";116;113;"SAO MARCOS";"Falta de Atenção à Condução";"Colisão lateral";"Com Vítimas Feridas";"Pleno dia";"Crescente";"Nublado";"Simples";"Reta";"Sim";3;0;1;0;2;0;1;2;-29,0053838;-51,08294968;"SPRF-RS";"DEL05-RS";"UOP01-DEL05-RS"
120906;2018-03-25;"domingo";"16:25:00";"GO";60;183,5;"ABADIA DE GOIAS";"Velocidade Incompatível";"Capotamento";"Com Vítimas Feridas";"Pleno dia";"Crescente";"Chuva";"Dupla";"Reta";"Não";2;0;2;0;0;0;2;1;-16,79725;-49,51255;"SPRF-GO";"DEL01-GO";"UOP02-DEL01-GO"
120911;2018-03-25;"domingo";"16:50:00";"MG";365;625;"UBERLANDIA";"Falta de Atenção à Condução";"Colisão transversal";"Com Vítimas Feridas";"Pleno dia";"Crescente";"Céu Claro";"Dupla";"Reta";"Sim";2;0;0;1;1;0;1;2;-18,905;-48,2879;"SPRF-MG";"DEL15-MG";"UOP01-DEL15-MG"
120912;2018-03-25;"domingo";"17:00:00";"GO";40;139;"CRISTALINA";"Desobediência às normas de trânsito pelo condutor";"Colisão frontal";"Com Vítimas Fatais";"Pleno dia";"Crescente";"Céu Claro";"Simples";"Declive";"Não";6;1;5;0;0;0;5;2;-16,952006;-47,288372;"SPRF-DF";"DEL01-DF";"UOP02-DEL01-DF"
120913;2018-03-25;"domingo";"16:30:00";"MG";381;314,1;"ANTONIO DIAS";"Desobediência às normas de trânsito pelo condutor";"Capotamento";"Com Vítimas Feridas";"Pleno dia";"Decrescente";"Céu Claro";"Simples";"Reta";"Não";3;0;1;0;1;1;1;1;-19,6615428;-42,9633411;"SPRF-MG";"DEL03-MG";"UOP02-DEL03-MG"
120914;2018-03-25;"domingo";"17:20:00";"ES";101;293;"CARIACICA";"Falta de Atenção à Condução";"Colisão traseira";"Com Vítimas Feridas";"Anoitecer";"Crescente";"Céu Claro";"Múltipla";"Interseção de Vias";"Sim";2;0;0;1;1;0;1;2;-20,33947637;-40,40359497;"SPRF-ES";"DEL01-ES";"UOP01-DEL01-ES"
120917;2018-03-25;"domingo";"17:40:00";"PR";376;431;"TIBAGI";"Desobediência às normas de trânsito pelo condutor";"Colisão frontal";"Com Vítimas Feridas";"Pleno dia";"Crescente";"Chuva";"Dupla";"Reta";"Não";4;0;0;4;0;0;4;2;-24,7518199;-50,53642273;"SPRF-PR";"DEL03-PR";"UOP02-DEL03-PR"
120918;2018-03-25;"domingo";"16:10:00";"RJ";116;193;"QUEIMADOS";"Falta de Atenção à Condução";"Colisão traseira";"Com Vítimas Feridas";"Plena Noite";"Crescente";"Ignorado";"Dupla";"Curva";"Sim";5;0;1;0;4;0;1;2;-22,739573;-43,528702;"SPRF-RJ";"DEL01-RJ";"UOP03-DEL01-RJ"
120920;2018-03-25;"domingo";"17:50:00";"PA";230;116,7;"MARABA";"Falta de Atenção à Condução";"Colisão traseira";"Com Vítimas Feridas";"Anoitecer";"Crescente";"Chuva";"Dupla";"Reta";"Sim";3;0;2;0;1;0;2;2;-5,359473;-49,083012;"SPRF-PA";"DEL03-PA";"UOP01-DEL03-PA"
120922;2018-03-25;"domingo";"17:20:00";"BA";324;624;"SALVADOR";"Defeito Mecânico no Veículo";"Queda de ocupante de veículo";"Com Vítimas Feridas";"Anoitecer";"Crescente";"Nublado";"Dupla";"Reta";"Sim";2;0;2;0;0;0;2;1;-12,89977825;-38,45823211;"SPRF-BA";"DEL01-BA";"UOP01-DEL01-BA"
120923;2018-03-25;"domingo";"18:00:00";"GO";20;137;"FLORES DE GOIAS";"Pista Escorregadia";"Saída de leito carroçável";"Com Vítimas Feridas";"Anoitecer";"Crescente";"Chuva";"Simples";"Reta";"Não";1;0;1;0;0;0;1;1;-14,795048;-46,700195;"SPRF-DF";"DEL02-DF";"UOP03-DEL02-DF"
120924;2018-03-24;"sábado";"22:40:00";"RS";285;297;"PASSO FUNDO";"Velocidade Incompatível";"Saída de leito carroçável";"Com Vítimas Feridas";"Plena Noite";"Decrescente";"Chuva";"Simples";"Reta;Declive";"Sim";1;0;1;0;0;0;1;1;-28,23523162;-52,43072748;"SPRF-RS";"DEL08-RS";"UOP03-DEL08-RS"
120927;2018-03-25;"domingo";"15:50:00";"MG";50;152,1;"UBERABA";"Avarias e/ou desgaste excessivo no pneu";"Capotamento";"Com Vítimas Feridas";"Pleno dia";"Decrescente";"Céu Claro";"Dupla";"Curva";"Não";2;0;1;0;1;0;1;1;-19,5908;-48,0287;"SPRF-MG";"DEL13-MG";"UOP01-DEL13-MG"
120928;2018-03-25;"domingo";"18:30:00";"MG";153;54,8;"MONTE ALEGRE DE MINAS";"Falta de Atenção à Condução";"Saída de leito carroçável";"Sem Vítimas";"Anoitecer";"Decrescente";"Nublado";"Dupla";"Reta";"Não";1;0;0;0;1;0;0;1;-18,8574;-49,0778;"SPRF-MG";"DEL15-MG";"UOP03-DEL15-MG"
120929;2018-03-25;"domingo";"18:45:00";"MG";381;733;"OLIVEIRA";"Pista Escorregadia";"Tombamento";"Com Vítimas Feridas";"Plena Noite";"Decrescente";"Céu Claro";"Dupla";"Retorno Regulamentado";"Não";2;0;2;0;0;0;2;1;-20,8519;-44,8354;"SPRF-MG";"DEL04-MG";"UOP02-DEL04-MG"
120930;2018-03-25;"domingo";"18:20:00";"SC";101;142;"ITAPEMA";"Não guardar distância de segurança";"Colisão traseira";"Com Vítimas Feridas";"Plena Noite";"Decrescente";"Nublado";"Simples";"Reta";"Não";3;0;1;1;1;0;2;3;-27,0645;-48,5958;"SPRF-SC";"DEL04-SC";"UOP03-DEL04-SC"
120931;2018-03-25;"domingo";"18:30:00";"SP";116;115;"TAUBATE";"Desobediência às normas de trânsito pelo condutor";"Colisão frontal";"Com Vítimas Feridas";"Plena Noite";"Crescente";"Céu Claro";"Múltipla";"Reta";"Não";2;0;2;0;0;0;2;2;-23,049601;-45,599728;"SPRF-SP";"DEL06-SP";"UOP02-DEL02-SP"
120932;2018-03-25;"domingo";"18:15:00";"PA";230;110;"MARABA";"Desobediência às normas de trânsito pelo condutor";"Colisão frontal";"Com Vítimas Feridas";"Plena Noite";"Decrescente";"Chuva";"Simples";"Reta";"Sim";2;0;0;1;1;0;1;2;-5,37539777;-49,0436554;"SPRF-PA";"DEL03-PA";"UOP01-DEL03-PA"
120933;2018-03-25;"domingo";"18:40:00";"SP";116;197;"ARUJA";"Desobediência às normas de trânsito pelo condutor";"Colisão traseira";"Com Vítimas Feridas";"Anoitecer";"Crescente";"Céu Claro";"Dupla";"Reta";"Não";7;0;1;0;6;0;1;3;-23,39609145;-46,29114479;"SPRF-SP";"DEL01-SP";"UOP02-DEL01-SP"
120934;2018-03-25;"domingo";"18:45:00";"RN";304;155,2;"ANGICOS";"Falta de Atenção à Condução";"Colisão traseira";"Com Vítimas Feridas";"Plena Noite";"Decrescente";"Chuva";"Simples";"Reta";"Não";2;0;0;1;1;0;1;2;-5,69242484;-36,5936737;"SPRF-RN";"DEL04-RN";"UOP01-DEL04-RN"
120936;2018-03-25;"domingo";"18:40:00";"MG";381;498,7;"BETIM";"Falta de Atenção à Condução";"Engavetamento";"Com Vítimas Feridas";"Plena Noite";"Crescente";"Céu Claro";"Dupla";"Reta";"Não";7;0;2;0;5;0;2;3;-19,9954;-44,208;"SPRF-MG";"DEL01-MG";"UOP03-DEL01-MG"
120937;2018-03-25;"domingo";"16:53:00";"RJ";101;297;"ITABORAI";"Falta de Atenção à Condução";"Colisão lateral";"Com Vítimas Feridas";"Anoitecer";"Crescente";"Céu Claro";"Dupla";"Declive";"Não";7;0;1;0;6;0;1;2;-22,769421;-42,918736;"SPRF-RJ";"DEL02-RJ";"DEL5/2-UOP04/RJ"
120938;2018-03-25;"domingo";"16:50:00";"RJ";101;304;"SAO GONCALO";"Falta de Atenção à Condução";"Tombamento";"Com Vítimas Feridas";"Pleno dia";"Decrescente";"Céu Claro";"Dupla";"Reta";"Sim";1;0;0;1;0;0;1;1;-22,78492;-42,986286;"SPRF-RJ";"DEL02-RJ";"DEL5/2-UOP04/RJ"
120939;2018-03-25;"domingo";"18:00:00";"PR";116;93;"SAO JOSE DOS PINHAIS";"Ingestão de Álcool";"Tombamento";"Sem Vítimas";"Pleno dia";"Crescente";"Garoa/Chuvisco";"Dupla";"Reta";"Não";1;0;0;0;1;0;0;1;-25,482296;-49,105915;"SPRF-PR";"DEL01-PR";"UOP07-DEL01-PR"
120940;2018-03-25;"domingo";"19:10:00";"TO";153;413;"MIRANORTE";"Falta de Atenção à Condução";"Colisão traseira";"Com Vítimas Feridas";"Plena Noite";"Crescente";"Chuva";"Múltipla";"Reta;Interseção de Vias";"Sim";2;0;1;0;1;0;1;2;-9,52340122;-48,59253282;"SPRF-TO";"DEL02-TO";"UOP01-DEL01-TO"
120942;2018-03-25;"domingo";"19:00:00";"PB";230;35,5;"SANTA RITA";"Ingestão de Álcool";"Queda de ocupante de veículo";"Com Vítimas Feridas";"Plena Noite";"Decrescente";"Nublado";"Dupla";"Declive";"Sim";1;0;1;0;0;0;1;1;-7,1268;-34,9412;"SPRF-PB";"DEL01-PB";"UOP01-DEL01-PB"
120943;2018-03-25;"domingo";"19:00:00";"SE";235;73,5;"FREI PAULO";"Ingestão de Álcool";"Colisão frontal";"Com Vítimas Feridas";"Plena Noite";"Crescente";"Nublado";"Simples";"Reta";"Sim";3;0;1;1;0;1;2;2;-10,5552222;-37,53294074;"SPRF-SE";"DEL01-SE";"UOP02-DEL01-SE"
120946;2018-03-25;"domingo";"18:55:00";"PR";277;592,9;"CASCAVEL";"Desobediência às normas de trânsito pelo condutor";"Colisão transversal";"Com Vítimas Feridas";"Plena Noite";"Decrescente";"Céu Claro";"Dupla";"Declive";"Sim";2;0;1;0;1;0;1;2;-25,02817;-53,55983;"SPRF-PR";"DEL04-PR";"UOP01-DEL04-PR"
120947;2018-03-25;"domingo";"19:15:00";"PE";407;128;"PETROLINA";"Ingestão de Álcool";"Colisão lateral";"Com Vítimas Feridas";"Plena Noite";"Decrescente";"Céu Claro";"Simples";"Reta";"Sim";2;0;1;0;1;0;1;2;-9,39424144;-40,51058829;"SPRF-PE";"DEL06-PE";"UOP01-DEL06-PE"
120948;2018-03-25;"domingo";"19:00:00";"GO";70;21;"COCALZINHO DE GOIAS";"Ingestão de Álcool";"Colisão frontal";"Com Vítimas Feridas";"Plena Noite";"Crescente";"Céu Claro";"Simples";"Reta";"Não";3;0;2;0;1;0;2;2;-15,7406;-48,3837;"SPRF-DF";"DEL01-DF";"UOP02-DEL03-DF"
120949;2018-03-25;"domingo";"13:00:00";"MT";70;521;"VARZEA GRANDE";"Falta de Atenção à Condução";"Colisão traseira";"Com Vítimas Feridas";"Pleno dia";"Decrescente";"Garoa/Chuvisco";"Simples";"Reta";"Sim";3;0;1;0;2;0;1;2;-15,68737172;-56,17043495;"SPRF-MT";"DEL01-MT";"DEL2/4-UOP02/MT"
120953;2018-03-25;"domingo";"17:30:00";"PR";116;62;"CAMPINA GRANDE DO SUL";"Desobediência às normas de trânsito pelo condutor";"Colisão transversal";"Com Vítimas Feridas";"Plena Noite";"Decrescente";"Chuva";"Dupla";"Aclive";"Não";3;0;1;1;1;0;2;2;-25,305613;-48,973301;"SPRF-PR";"DEL01-PR";"UOP02-DEL01-PR"
120954;2018-03-25;"domingo";"20:00:00";"MG";40;477;"SETE LAGOAS";"Falta de Atenção à Condução";"Saída de leito carroçável";"Com Vítimas Feridas";"Plena Noite";"Decrescente";"Céu Claro";"Múltipla";"Aclive;Reta";"Não";2;0;2;0;0;0;2;1;-19,5308;-44,2577;"SPRF-MG";"DEL02-MG";"UOP01-DEL02-MG"
120956;2018-03-25;"domingo";"19:20:00";"PI";343;14;"PARNAIBA";"Ingestão de Álcool";"Queda de ocupante de veículo";"Com Vítimas Feridas";"Plena Noite";"Crescente";"Céu Claro";"Dupla";"Reta";"Sim";1;0;0;1;0;0;1;1;-2,927902;-41,753502;"SPRF-PI";"DEL05-PI";"UOP01-DEL05-PI"
120958;2018-03-25;"domingo";"17:45:00";"MT";163;718;"SORRISO";"Ultrapassagem Indevida";"Colisão lateral";"Com Vítimas Feridas";"Anoitecer";"Crescente";"Chuva";"Simples";"Reta";"Não";2;0;0;1;1;0;1;2;-12,98047133;-55,87783813;"SPRF-MT";"DEL06-MT";"UOP01-DEL06-MT"
120959;2018-03-25;"domingo";"17:58:00";"SE";101;91;"NOSSA SENHORA DO SOCORRO";"Ingestão de Álcool";"Saída de leito carroçável";"Sem Vítimas";"Plena Noite";"Decrescente";"Nublado";"Dupla";"Curva;Declive;Viaduto";"Não";1;0;0;0;1;0;0;1;-10,8961;-37,1323;"SPRF-SE";"DEL01-SE";"UOP01-DEL01-SE"
120960;2018-03-25;"domingo";"20:15:00";"SC";101;144,2;"ITAPEMA";"Desobediência às normas de trânsito pelo condutor";"Colisão traseira";"Com Vítimas Feridas";"Plena Noite";"Decrescente";"Céu Claro";"Dupla";"Reta";"Não";3;0;1;1;1;0;2;2;-27,0816;-48,6012;"SPRF-SC";"DEL04-SC";"UOP03-DEL04-SC"
120961;2018-03-25;"domingo";"15:40:00";"RO";421;53;"MONTE NEGRO";"Avarias e/ou desgaste excessivo no pneu";"Queda de ocupante de veículo";"Com Vítimas Feridas";"Pleno dia";"Crescente";"Céu Claro";"Simples";"Reta";"Sim";2;0;2;0;0;0;2;1;-10,282966;-63,313168;"SPRF-RO";"DEL03-RO";"DEL21/3-UOP04/RO"