"id";"data_inversa";"dia_semana";"horario";"uf";"br";"km";"municipio";"causa_acidente";"tipo_acidente";"classificacao_acidente";"fase_dia";"sentido_via";"condicao_metereologica";"tipo_pista";"tracado_via";"uso_solo";"pessoas";"mortos";"feridos_leves";"feridos_graves";"ilesos";"ignorados";"feridos";"veiculos";"latitude";"longitude";"regional";"delegacia";"uop"
121192;2018-03-26;"segunda-feira";"18:40:00";"RJ";116;317,1;"ITATIAIA";"Falta de Atenção à Condução";"Atropelamento de Pedestre";"Com Vítimas Feridas";"Plena Noite";"Decrescente";"Nublado";"Dupla";"Reta";"Não";2;0;0;1;1;0;1;2;-22,467085;-44,500671;"SPRF-RJ";"DEL07-RJ";"DEL5/7-UOP03/RJ"
121193;2018-03-26;"segunda-feira";"19:00:00";"ES";101;334;"GUARAPARI";"Falta de Atenção à Condução";"Colisão transversal";"Com Vítimas Feridas";"Plena Noite";"Crescente";"Céu Claro";"Simples";"Reta";"Não";3;0;1;1;1;0;2;2;-20,621;-40,52;"SPRF-ES";"DEL03-ES";"UOP01-DEL03-ES"
121194;2018-02-22;"quinta-feira";"18:00:00";"MG";356;267;"MURIAE";"Ultrapassagem Indevida";"Tombamento";"Com Vítimas Feridas";"Pleno dia";"Decrescente";"Céu Claro";"Simples";"Interseção de Vias";"Sim";3;0;1;0;0;2;1;3;-21,12765501;-42,35769046;"SPRF-MG";"DEL07-MG";"UOP02-DEL07-MG"
121196;2018-03-26;"segunda-feira";"18:20:00";"SC";280;16,3;"SAO FRANCISCO DO SUL";"Desobediência às normas de trânsito pelo condutor";"Colisão frontal";"Com Vítimas Fatais";"Anoitecer";"Decrescente";"Chuva";"Simples";"Reta";"Não";2;1;0;1;0;0;1;2;-26,347403;-48,658012;"SPRF-SC";"DEL03-SC";"UOP03-DEL03-SC"
121198;2018-03-26;"segunda-feira";"19:00:00";"PI";343;343,2;"TERESINA";"Falta de Atenção à Condução";"Colisão transversal";"Com Vítimas Feridas";"Plena Noite";"Decrescente";"Garoa/Chuvisco";"Simples";"Reta";"Sim";2;0;1;0;1;0;1;2;-5,087362;-42,757851;"SPRF-PI";"DEL01-PI";"UOP01-DEL01-PI"
121199;2018-03-26;"segunda-feira";"18:15:00";"GO";153;498;"GOIANIA";"Falta de Atenção à Condução";"Colisão traseira";"Com Vítimas Feridas";"Plena Noite";"Decrescente";"Chuva";"Dupla";"Reta";"Sim";2;0;1;0;1;0;1;2;-16,6939;-49,2321;"SPRF-GO";"DEL01-GO";"UOP01-DEL01-GO"
121201;2018-03-26;"segunda-feira";"19:30:00";"RJ";40;118;"DUQUE DE CAXIAS";"Defeito Mecânico no Veículo";"Engavetamento";"Com Vítimas Feridas";"Anoitecer";"Decrescente";"Céu Claro";"Dupla";"Reta";"Sim";7;0;3;0;4;0;3;4;-22,6266905;-43,2859814;"SPRF-RJ";"DEL01-RJ";"UOP01-DEL01-RJ"
121202;2018-03-26;"segunda-feira";"19:15:00";"PR";158;523,6;"PATO BRANCO";"Ingestão de Álcool";"Atropelamento de Pedestre";"Com Vítimas Feridas";"Plena Noite";"Decrescente";"Nublado";"Simples";"Curva";"Não";3;0;1;0;1;1;1;2;-26,20228;-52,678215;"SPRF-PR";"DEL02-PR";"UOP01-DEL02-PR"
121203;2018-03-26;"segunda-feira";"19:20:00";"SP";116;223;"GUARULHOS";"Falta de Atenção à Condução";"Engavetamento";"Sem Vítimas";"Plena Noite";"Decrescente";"Céu Claro";"Múltipla";"Reta";"Sim";5;0;0;0;4;1;0;3;-23,480459;-46,532373;"SPRF-SP";"DEL01-SP";"UOP01-DEL01-SP"
121204;2018-03-26;"segunda-feira";"14:15:00";"MG";50;17,1;"UBERLANDIA";"Condutor Dormindo";"Saída de leito carroçável";"Sem Vítimas";"Pleno dia";"Decrescente";"Céu Claro";"Dupla";"Reta";"Não";1;0;0;0;1;0;0;1;-18,9146078;-48,2753801;"SPRF-MG";"DEL15-MG";"UOP02-DEL15-MG"
121205;2018-03-26;"segunda-feira";"19:00:00";"PI";343;343,7;"TERESINA";"Ingestão de Álcool";"Engavetamento";"Com Vítimas Feridas";"Plena Noite";"Crescente";"Chuva";"Simples";"Aclive;Reta";"Sim";3;0;1;0;2;0;1;3;-5,09353031;-42,76231256;"SPRF-PI";"DEL01-PI";"UOP01-DEL01-PI"
121209;2018-03-26;"segunda-feira";"19:55:00";"PR";376;202;"MANDAGUARI";"Pista Escorregadia";"Capotamento";"Com Vítimas Feridas";"Plena Noite";"Decrescente";"Chuva";"Dupla";"Interseção de Vias";"Não";1;0;1;0;0;0;1;1;-23,50879682;-51,7247293;"SPRF-PR";"DEL07-PR";"UOP01-DEL09-PR"
121211;2018-03-26;"segunda-feira";"20:00:00";"SP";101;47,8;"UBATUBA";"Falta de Atenção à Condução";"Colisão lateral";"Com Vítimas Feridas";"Plena Noite";"Crescente";"Nublado";"Simples";"Curva";"Sim";1;0;1;0;0;0;1;1;-23,43747431;-45,08779675;"SPRF-SP";"DEL06-SP";"UOP01-DEL06-SP"
121212;2018-03-26;"segunda-feira";"20:30:00";"SC";101;110,5;"ITAJAI";"Pista Escorregadia";"Saída de leito carroçável";"Com Vítimas Feridas";"Plena Noite";"Decrescente";"Chuva";"Dupla";"Curva";"Sim";2;0;2;0;0;0;2;1;-26,83605726;-48,71049285;"SPRF-SC";"DEL04-SC";"UOP04-DEL04-SC"
121214;2018-03-26;"segunda-feira";"19:55:00";"PR";116;63;"QUATRO BARRAS";"Velocidade Incompatível";"Saída de leito carroçável";"Com Vítimas Feridas";"Pleno dia";"Decrescente";"Chuva";"Dupla";"Curva;Declive";"Não";3;0;1;0;2;0;1;1;-25,307777;-48,983212;"SPRF-PR";"DEL01-PR";"UOP02-DEL01-PR"
121215;2018-03-26;"segunda-feira";"18:25:00";"RO";174;14;"VILHENA";"Falta de Atenção à Condução";"Colisão transversal";"Sem Vítimas";"Plena Noite";"Decrescente";"Céu Claro";"Simples";"Interseção de Vias";"Sim";2;0;0;0;2;0;0;2;-12,733067;-60,12981;"SPRF-RO";"DEL04-RO";"UOP01-DEL04-RO"
121216;2018-03-26;"segunda-feira";"11:30:00";"PA";163;541;"TRAIRAO";"Defeito na Via";"Queda de ocupante de veículo";"Com Vítimas Feridas";"Pleno dia";"Crescente";"Nublado";"Simples";"Aclive;Reta";"Não";1;0;1;0;0;0;1;1;-5,262755;-56,040063;"SPRF-PA";"DEL05-PA";"UOP01-DEL05-PA"
121220;2018-03-26;"segunda-feira";"21:45:00";"RS";290;92,4;"PORTO ALEGRE";"Falta de Atenção à Condução";"Saída de leito carroçável";"Com Vítimas Feridas";"Plena Noite";"Decrescente";"Céu Claro";"Simples";"Curva;Declive";"Sim";1;0;1;0;0;0;1;1;-29,988411;-51,203342;"SPRF-RS";"DEL01-RS";"UOP01-DEL01-RS"
121221;2018-03-26;"segunda-feira";"21:00:00";"GO";153;506,5;"APARECIDA DE GOIANIA";"Velocidade Incompatível";"Saída de leito carroçável";"Sem Vítimas";"Plena Noite";"Crescente";"Chuva";"Dupla";"Reta";"Sim";1;0;0;0;1;0;0;1;-16,7633;-49,24;"SPRF-GO";"DEL01-GO";"UOP01-DEL01-GO"
121222;2018-03-26;"segunda-feira";"20:30:00";"ES";101;268,2;"SERRA";"Falta de Atenção à Condução";"Queda de ocupante de veículo";"Com Vítimas Feridas";"Plena Noite";"Crescente";"Chuva";"Simples";"Reta";"Sim";1;0;1;0;0;0;1;1;-20,21017799;-40,26985466;"SPRF-ES";"DEL02-ES";"UOP01-DEL02-ES"
121225;2018-03-26;"segunda-feira";"22:00:00";"SE";235;53;"ITABAIANA";"Ultrapassagem Indevida";"Colisão frontal";"Com Vítimas Feridas";"Plena Noite";"Crescente";"Céu Claro";"Simples";"Reta";"Sim";6;0;0;1;5;0;1;3;-10,684707;-37,440544;"SPRF-SE";"DEL01-SE";"UOP02-DEL01-SE"
121229;2018-03-26;"segunda-feira";"17:10:00";"PR";376;493;"PONTA GROSSA";"Falta de Atenção à Condução";"Saída de leito carroçável";"Com Vítimas Feridas";"Pleno dia";"Crescente";"Chuva";"Dupla";"Reta";"Sim";1;0;1;0;0;0;1;1;-25,08933011;-50,18486023;"SPRF-PR";"DEL03-PR";"UOP04-DEL03-PR"
121230;2018-03-26;"segunda-feira";"20:40:00";"PR";277;127,9;"BALSA NOVA";"Velocidade Incompatível";"Saída de leito carroçável";"Com Vítimas Feridas";"Plena Noite";"Decrescente";"Chuva";"Dupla";"Curva";"Não";1;0;1;0;0;0;1;1;-25,468074;-49,62799072;"SPRF-PR";"DEL01-PR";"UOP06-DEL01-PR"
121231;2018-03-26;"segunda-feira";"21:00:00";"BA";324;514;"FEIRA DE SANTANA";"Falta de Atenção à Condução";"Colisão traseira";"Sem Vítimas";"Plena Noite";"Crescente";"Nublado";"Simples";"Reta";"Sim";2;0;0;0;1;1;0;2;-12,23265484;-38,95065308;"SPRF-BA";"DEL02-BA";"UOP01-DEL02-BA"
121233;2018-03-26;"segunda-feira";"19:00:00";"PI";343;126;"PIRACURUCA";"Velocidade Incompatível";"Saída de leito carroçável";"Sem Vítimas";"Plena Noite";"Decrescente";"Chuva";"Simples";"Reta";"Não";2;0;0;0;0;2;0;1;-3,69159603;-41,68281555;"SPRF-PI";"DEL02-PI";"UOP01-DEL02-PI"
121235;2018-03-26;"segunda-feira";"23:10:00";"RJ";40;110;"DUQUE DE CAXIAS";"Avarias e/ou desgaste excessivo no pneu";"Saída de leito carroçável";"Com Vítimas Feridas";"Plena Noite";"Crescente";"Céu Claro";"Dupla";"Reta";"Sim";1;0;1;0;0;0;1;1;-22,6924;-43,2875;"SPRF-RJ";"DEL01-RJ";"UOP01-DEL01-RJ"
121237;2018-03-26;"segunda-feira";"23:00:00";"ES";101;270,8;"SERRA";"Falta de Atenção à Condução";"Tombamento";"Sem Vítimas";"Plena Noite";"Decrescente";"Chuva";"Simples";"Viaduto";"Sim";1;0;0;0;0;1;0;1;-20,23303131;-40,27488381;"SPRF-ES";"DEL02-ES";"UOP01-DEL02-ES"
121241;2018-03-26;"segunda-feira";"23:15:00";"PR";376;650,9;"TIJUCAS DO SUL";"Velocidade Incompatível";"Saída de leito carroçável";"Sem Vítimas";"Plena Noite";"Crescente";"Chuva";"Dupla";"Curva";"Não";1;0;0;0;1;0;0;1;-25,848101;-49,07592773;"SPRF-PR";"DEL01-PR";"DEL7/1-UOP08/PR"
121242;2018-03-27;"terça-feira";"00:00:00";"PB";230;81,9;"CALDAS BRANDAO";"Animais na Pista";"Atropelamento de Animal";"Com Vítimas Feridas";"Plena Noite";"Decrescente";"Céu Claro";"Simples";"Declive";"Sim";1;0;1;0;0;0;1;1;-7,172983;-35,335486;"SPRF-PB";"DEL01-PB";"UOP03-DEL01-PB"
121243;2018-03-27;"terça-feira";"00:05:00";"RS";116;264;"CANOAS";"Condutor Dormindo";"Colisão com objeto estático";"Sem Vítimas";"Plena Noite";"Crescente";"Céu Claro";"Múltipla";"Reta";"Sim";1;0;0;0;1;0;0;1;-29,90938468;-51,17724538;"SPRF-RS";"DEL01-RS";"UOP01-DEL01-RS"
121245;2018-03-27;"terça-feira";"01:10:00";"DF";20;7;"BRASILIA";"Condutor Dormindo";"Capotamento";"Sem Vítimas";"Plena Noite";"Crescente";"Céu Claro";"Dupla";"Reta";"Sim";1;0;0;0;1;0;0;1;-15,6626486;-47,7998273;"SPRF-DF";"DEL02-DF";"UOP01-DEL02-DF"
121246;2018-03-26;"segunda-feira";"23:40:00";"SC";101;312;"LAGUNA";"Ingestão de Álcool";"Colisão com objeto estático";"Sem Vítimas";"Plena Noite";"Crescente";"Garoa/Chuvisco";"Múltipla";"Curva";"Sim";2;0;0;0;2;0;0;1;-28,4399591;-48,8126716;"SPRF-SC";"DEL02-SC";"UOP01-DEL02-SC"
121247;2018-03-26;"segunda-feira";"23:20:00";"MT";364;206,2;"RONDONOPOLIS";"Defeito na Via";"Tombamento";"Com Vítimas Feridas";"Plena Noite";"Crescente";"Chuva";"Dupla";"Reta";"Sim";1;0;1;0;0;0;1;1;-16,451248;-54,664696;"SPRF-MT";"DEL02-MT";"UOP01-DEL02-MT"
121253;2018-03-27;"terça-feira";"02:00:00";"MT";174;230;"PONTES E LACERDA";"Animais na Pista";"Saída de leito carroçável";"Com Vítimas Feridas";"Plena Noite";"Crescente";"Ignorado";"Simples";"Reta";"Não";5;0;3;0;2;0;3;1;-15,50661911;-59,06799316;"SPRF-MT";"DEL04-MT";"UOP01-DEL04-MT"
121256;2018-02-18;"domingo";"16:19:00";"SP";116;545;"BARRA DO TURVO";"Velocidade Incompatível";"Colisão com objeto estático";"Sem Vítimas";"Pleno dia";"Decrescente";"Céu Claro";"Simples";"Curva";"Não";1;0;0;0;1;0;0;1;-24,756866;-48,50514;"SPRF-SP";"DEL05-SP";"UOP02-DEL05-SP"
121258;2018-03-27;"terça-feira";"03:20:00";"MS";267;69,5;"BATAGUASSU";"Condutor Dormindo";"Saída de leito carroçável";"Com Vítimas Feridas";"Plena Noite";"Decrescente";"Céu Claro";"Simples";"Aclive";"Não";2;0;2;0;0;0;2;1;-21,8579766;-52,7603619;"SPRF-MS";"DEL02-MS";"DEL3/7-UOP01/MS"
121259;2018-03-27;"terça-feira";"04:55:00";"SC";470;30,9;"GASPAR";"Ultrapassagem Indevida";"Colisão frontal";"Com Vítimas Feridas";"Plena Noite";"Crescente";"Nublado";"Simples";"Reta";"Não";2;0;0;1;1;0;1;2;-26,89346661;-48,90430832;"SPRF-SC";"DEL04-SC";"UOP01-DEL04-SC"
121262;2018-03-27;"terça-feira";"05:30:00";"GO";60;138;"GOIANIA";"Falta de Atenção à Condução";"Colisão traseira";"Com Vítimas Feridas";"Amanhecer";"Crescente";"Céu Claro";"Simples";"Reta";"Sim";3;0;1;1;0;1;2;3;-16,6117;-49,2053;"SPRF-GO";"DEL01-GO";"UOP01-DEL01-GO"
121263;2018-03-27;"terça-feira";"05:30:00";"RS";290;28,8;"SANTO ANTONIO DA PATRULHA";"Defeito Mecânico no Veículo";"Incêndio";"Sem Vítimas";"Amanhecer";"Crescente";"Chuva";"Múltipla";"Reta";"Não";3;0;0;0;3;0;0;1;-29,882647;-50,534782;"SPRF-RS";"DEL03-RS";"UOP02-DEL03-RS"
121266;2018-03-26;"segunda-feira";"20:00:00";"PR";476;212;"LAPA";"Velocidade Incompatível";"Saída de leito carroçável";"Com Vítimas Feridas";"Plena Noite";"Crescente";"Chuva";"Simples";"Reta";"Não";1;0;1;0;0;0;1;1;-25,780834;-49,866035;"SPRF-PR";"DEL02-PR";"UOP04-DEL02-PR"
121267;2018-03-27;"terça-feira";"06:10:00";"RN";101;103,3;"PARNAMIRIM";"Velocidade Incompatível";"Colisão traseira";"Com Vítimas Feridas";"Pleno dia";"Decrescente";"Céu Claro";"Dupla";"Reta";"Sim";3;0;2;0;1;0;2;2;-5,890809;-35,251326;"SPRF-RN";"DEL01-RN";"UOP01-DEL01-RN"
121270;2018-03-27;"terça-feira";"06:30:00";"SP";381;60,3;"SAO JOSE DOS CAMPOS";"Velocidade Incompatível";"Capotamento";"Sem Vítimas";"Pleno dia";"Crescente";"Nublado";"Dupla";"Curva";"Não";1;0;0;0;1;0;0;1;-23;-46;"SPRF-SP";"DEL03-SP";"UOP01-DEL03-SP"
121271;2018-03-27;"terça-feira";"06:10:00";"SP";116;275;"TABOAO DA SERRA";"Não guardar distância de segurança";"Queda de ocupante de veículo";"Com Vítimas Feridas";"Amanhecer";"Decrescente";"Nublado";"Dupla";"Reta";"Sim";1;0;1;0;0;0;1;1;-23,619576;-46,809898;"SPRF-SP";"DEL04-SP";"UOP01-DEL04-SP"
121272;2018-03-27;"terça-feira";"07:10:00";"ES";101;1;"VITORIA";"Falta de Atenção à Condução";"Colisão lateral";"Com Vítimas Feridas";"Pleno dia";"Crescente";"Céu Claro";"Múltipla";"Reta";"Sim";3;0;1;0;2;0;1;3;-20,24171368;-40,28066305;"SPRF-ES";"DEL02-ES";"UOP01-DEL02-ES"
121273;2018-03-27;"terça-feira";"06:50:00";"SP";116;211;"GUARULHOS";"Falta de Atenção à Condução";"Capotamento";"Com Vítimas Feridas";"Pleno dia";"Decrescente";"Nublado";"Múltipla";"Reta";"Sim";3;0;1;0;2;0;1;3;-23,46198658;-46,48544219;"SPRF-SP";"DEL01-SP";"UOP01-DEL01-SP"
121274;2018-03-27;"terça-feira";"07:20:00";"GO";153;499;"GOIANIA";"Falta de Atenção à Condução";"Colisão traseira";"Com Vítimas Feridas";"Pleno dia";"Crescente";"Céu Claro";"Dupla";"Reta";"Sim";2;0;1;0;1;0;1;2;-16,7033;-49,2311;"SPRF-GO";"DEL01-GO";"UOP01-DEL01-GO"
121275;2018-03-27;"terça-feira";"07:35:00";"GO";40;137,6;"CRISTALINA";"Objeto estático sobre o leito carroçável";"Saída de leito carroçável";"Sem Vítimas";"Pleno dia";"Crescente";"Céu Claro";"Simples";"Reta";"Não";1;0;0;0;1;0;0;1;-16,950403;-47,306603;"SPRF-DF";"DEL01-DF";"UOP02-DEL01-DF"
121276;2018-03-27;"terça-feira";"07:45:00";"ES";101;230;"FUNDAO";"Falta de Atenção à Condução";"Queda de ocupante de veículo";"Com Vítimas Feridas";"Pleno dia";"Decrescente";"Céu Claro";"Simples";"Reta";"Sim";1;0;0;1;0;0;1;1;-19,93849631;-40,40771484;"SPRF-ES";"DEL02-ES";"UOP01-DEL02-ES"
121277;2018-03-27;"terça-feira";"06:00:00";"GO";364;352;"MINEIROS";"Ultrapassagem Indevida";"Saída de leito carroçável";"Sem Vítimas";"Amanhecer";"Crescente";"Céu Claro";"Simples";"Reta";"Não";1;0;0;0;1;0;0;1;-17,380156;-52,924263;"SPRF-GO";"DEL05-GO";"UOP01-DEL05-GO"
121278;2018-03-27;"terça-feira";"07:35:00";"SC";101;200;"SAO JOSE";"Desobediência às normas de trânsito pelo condutor";"Colisão lateral";"Com Vítimas Feridas";"Pleno dia";"Crescente";"Nublado";"Dupla";"Reta";"Sim";2;0;1;0;1;0;1;2;-27,56124306;-48,61694813;"SPRF-SC";"DEL01-SC";"UOP01-DEL01-SC"
121279;2018-03-27;"terça-feira";"06:00:00";"PR";369;143,7;"LONDRINA";"Desobediência às normas de trânsito pelo condutor";"Saída de leito carroçável";"Com Vítimas Feridas";"Amanhecer";"Crescente";"Nublado";"Dupla";"Reta;Interseção de Vias;Declive";"Sim";5;0;1;0;3;1;1;2;-23,29286496;-51,10102773;"SPRF-PR";"DEL07-PR";"UOP01-DEL07-PR"
121282;2018-03-27;"terça-feira";"08:00:00";"SC";101;215;"PALHOCA";"Condutor Dormindo";"Saída de leito carroçável";"Com Vítimas Feridas";"Pleno dia";"Crescente";"Chuva";"Múltipla";"Reta";"Não";1;0;1;0;0;0;1;1;-27,6601;-48,6774;"SPRF-SC";"DEL01-SC";"UOP02-DEL01-SC"
121283;2018-03-27;"terça-feira";"06:55:00";"RO";364;345;"JI-PARANA";"Animais na Pista";"Atropelamento de Animal";"Com Vítimas Feridas";"Pleno dia";"Decrescente";"Céu Claro";"Dupla";"Reta";"Sim";1;0;1;0;0;0;1;1;-10,868851;-61,960064;"SPRF-RO";"DEL02-RO";"UOP01-DEL02-RO"
121284;2018-03-27;"terça-feira";"07:15:00";"SP";381;73,2;"SAO PAULO";"Velocidade Incompatível";"Capotamento";"Sem Vítimas";"Pleno dia";"Decrescente";"Chuva";"Dupla";"Curva";"Não";1;0;0;0;1;0;0;1;-23,40080001;-46,57168869;"SPRF-SP";"DEL03-SP";"DEL6/3-UOP03/SP"
121287;2018-03-27;"terça-feira";"08:10:00";"MG";40;546;"NOVA LIMA";"Animais na Pista";"Capotamento";"Sem Vítimas";"Pleno dia";"Crescente";"Céu Claro";"Dupla";"Declive";"Não";2;0;0;0;2;0;0;1;-20,0225;-43,9702;"SPRF-MG";"DEL01-MG";"UOP02-DEL01-MG"
121289;2018-03-27;"terça-feira";"06:50:00";"PR";376;591,4;"CURITIBA";"Falta de Atenção do Pedestre";"Atropelamento de Pedestre";"Com Vítimas Feridas";"Amanhecer";"Decrescente";"Nublado";"Dupla";"Reta";"Sim";2;0;1;0;1;0;1;2;-25,4680739975;-49,3560791016;"SPRF-PR";"DEL01-PR";"UOP06-DEL01-PR"
121291;2018-03-27;"terça-feira";"07:50:00";"SP";116;123,1;"CACAPAVA";"Condutor Dormindo";"Colisão com objeto estático";"Com Vítimas Feridas";"Pleno dia";"Decrescente";"Nublado";"Dupla";"Reta";"Sim";1;0;1;0;0;0;1;1;-23,087582;-45,669758;"SPRF-SP";"DEL06-SP";"UOP02-DEL02-SP"
121292;2018-03-27;"terça-feira";"09:00:00";"SP";381;90,1;"GUARULHOS";"Falta de Atenção à Condução";"Colisão lateral";"Com Vítimas Feridas";"Pleno dia";"Crescente";"Céu Claro";"Dupla";"Curva";"Não";2;0;1;0;1;0;1;2;-23,495945;-46,559688;"SPRF-SP";"DEL03-SP";"DEL6/3-UOP03/SP"
121293;2018-03-27;"terça-feira";"08:00:00";"SP";116;216;"GUARULHOS";"Falta de Atenção à Condução";"Tombamento";"Com Vítimas Feridas";"Pleno dia";"Crescente";"Garoa/Chuvisco";"Múltipla";"Reta";"Sim";2;0;1;0;0;1;1;2;-23,4523314;-46,46745801;"SPRF-SP";"DEL01-SP";"UOP01-DEL01-SP"
121295;2018-03-27;"terça-feira";"08:30:00";"RS";285;265,5;"MATO CASTELHANO";"Defeito Mecânico no Veículo";"Saída de leito carroçável";"Com Vítimas Feridas";"Pleno dia";"Crescente";"Sol";"Simples";"Reta";"Não";2;0;1;0;1;0;1;1;-28,30312;-52,127029;"SPRF-RS";"DEL08-RS";"UOP03-DEL08-RS"
121296;2018-03-27;"terça-feira";"06:00:00";"RJ";101;277;"TANGUA";"Falta de Atenção à Condução";"Colisão lateral";"Com Vítimas Fatais";"Pleno dia";"Decrescente";"Céu Claro";"Dupla";"Reta";"Sim";3;1;0;1;1;0;1;2;-22,739443;-42,748337;"SPRF-RJ";"DEL02-RJ";"UOP03-DEL02-RJ"
121297;2018-03-27;"terça-feira";"09:10:00";"PE";101;44,1;"IGARASSU";"Falta de Atenção à Condução";"Colisão traseira";"Sem Vítimas";"Pleno dia";"Crescente";"Sol";"Múltipla";"Reta";"Sim";2;0;0;0;2;0;0;2;-7,855754;-34,908903;"SPRF-PE";"DEL01-PE";"UOP02-DEL01-PE"
121298;2018-03-27;"terça-feira";"08:40:00";"MS";163;760;"COXIM";"Avarias e/ou desgaste excessivo no pneu";"Saída de leito carroçável";"Com Vítimas Feridas";"Pleno dia";"Decrescente";"Céu Claro";"Simples";"Reta";"Não";2;0;1;0;1;0;1;1;-18,256496;-54,662098;"SPRF-MS";"DEL06-MS";"UOP01-DEL06-MS"
121299;2018-03-27;"terça-feira";"09:10:00";"PA";316;12;"MARITUBA";"Falta de Atenção à Condução";"Colisão lateral";"Com Vítimas Feridas";"Pleno dia";"Decrescente";"Sol";"Dupla";"Reta";"Sim";4;0;1;0;3;0;1;3;-1,365636;-48,358788;"SPRF-PA";"DEL01-PA";"DEL19/1-UOP05/PA"
121300;2018-03-27;"terça-feira";"09:42:00";"SP";116;211,9;"GUARULHOS";"Falta de Atenção à Condução";"Capotamento";"Com Vítimas Feridas";"Pleno dia";"Crescente";"Céu Claro";"Múltipla";"Reta";"Sim";2;0;2;0;0;0;2;1;-23,43664084;-46,43034316;"SPRF-SP";"DEL01-SP";"UOP01-DEL01-SP"
121301;2018-03-27;"terça-feira";"10:00:00";"RJ";40;22;"TRES RIOS";"Falta de Atenção à Condução";"Colisão lateral";"Sem Vítimas";"Pleno dia";"Decrescente";"Céu Claro";"Dupla";"Reta";"Não";4;0;0;0;4;0;0;2;-22,1309;-43,158;"SPRF-RJ";"DEL06-RJ";"UOP02-DEL05-RJ"
121303;2018-03-27;"terça-feira";"10:10:00";"PB";230;17;"JOAO PESSOA";"Não guardar distância de segurança";"Colisão traseira";"Com Vítimas Feridas";"Pleno dia";"Decrescente";"Céu Claro";"Dupla";"Curva";"Sim";2;0;1;0;0;1;1;2;-7,1121;-34,8426;"SPRF-PB";"DEL01-PB";"UOP01-DEL01-PB"
121304;2018-03-27;"terça-feira";"09:00:00";"RS";158;21,1;"FREDERICO WESTPHALEN";"Ingestão de Álcool";"Saída de leito carroçável";"Com Vítimas Feridas";"Pleno dia";"Crescente";"Céu Claro";"Simples";"Curva";"Não";1;0;1;0;0;0;1;1;-27,270937;-53,347481;"SPRF-RS";"DEL08-RS";"UOP02-DEL08-RS"
121307;2018-03-27;"terça-feira";"10:10:00";"PR";376;3,6;"APUCARANA";"Falta de Atenção à Condução";"Queda de ocupante de veículo";"Com Vítimas Feridas";"Pleno dia";"Crescente";"Nublado";"Simples";"Interseção de Vias";"Sim";2;0;1;0;0;1;1;2;-23,55821432;-51,44089043;"SPRF-PR";"DEL07-PR";"UOP03-DEL07-PR"
121309;2018-03-27;"terça-feira";"10:40:00";"DF";70;1,7;"BRASILIA";"Não guardar distância de segurança";"Colisão traseira";"Com Vítimas Feridas";"Pleno dia";"Decrescente";"Céu Claro";"Dupla";"Reta";"Não";5;0;3;0;2;0;3;3;-15,797006;-48,070231;"SPRF-DF";"DEL01-DF";"UOP02-DEL03-DF"
121315;2018-03-27;"terça-feira";"11:10:00";"ES";262;4;"CARIACICA";"Falta de Atenção à Condução";"Queda de ocupante de veículo";"Com Vítimas Feridas";"Pleno dia";"Crescente";"Nublado";"Dupla";"Reta";"Sim";1;0;1;0;0;0;1;1;-20,3364006;-40,3775266;"SPRF-ES";"DEL01-ES";"UOP01-DEL01-ES"
121316;2018-03-27;"terça-feira";"10:35:00";"MG";262;401;"PARA DE MINAS";"Defeito Mecânico no Veículo";"Tombamento";"Com Vítimas Feridas";"Pleno dia";"Decrescente";"Céu Claro";"Dupla";"Curva";"Não";2;0;1;0;1;0;1;1;-19,8864;-44,6187;"SPRF-MG";"DEL08-MG";"UOP03-DEL08-MG"
121317;2018-03-27;"terça-feira";"10:00:00";"SP";116;227;"GUARULHOS";"Desobediência às normas de trânsito pelo condutor";"Colisão lateral";"Com Vítimas Feridas";"Pleno dia";"Crescente";"Céu Claro";"Múltipla";"Reta";"Sim";2;0;1;0;1;0;1;2;-23,5012438;-46,56411678;"SPRF-SP";"DEL01-SP";"UOP01-DEL01-SP"
121318;2018-03-27;"terça-feira";"11:15:00";"RN";304;296,7;"MACAIBA";"Falta de Atenção à Condução";"Colisão frontal";"Com Vítimas Feridas";"Pleno dia";"Crescente";"Nublado";"Simples";"Interseção de Vias";"Sim";2;0;1;0;1;0;1;2;-5,865074;-35,351147;"SPRF-RN";"DEL01-RN";"UOP02-DEL01-RN"
121320;2018-03-24;"sábado";"08:26:00";"MG";381;441;"SABARA";"Desobediência às normas de trânsito pelo condutor";"Colisão frontal";"Com Vítimas Feridas";"Pleno dia";"Crescente";"Céu Claro";"Dupla";"Reta";"Não";3;0;1;1;1;0;2;2;-19,83647642;-43,83544922;"SPRF-MG";"DEL01-MG";"UOP01-DEL01-MG"
121321;2018-03-27;"terça-feira";"11:20:00";"RJ";116;201;"SEROPEDICA";"Falta de Atenção à Condução";"Colisão com objeto estático";"Sem Vítimas";"Pleno dia";"Crescente";"Céu Claro";"Dupla";"Reta";"Sim";1;0;0;0;1;0;0;1;-22,731236;-43,603722;"SPRF-RJ";"DEL01-RJ";"UOP03-DEL01-RJ"
121322;2018-03-27;"terça-feira";"11:25:00";"PR";116;11;"COLOMBO";"Falta de Atenção à Condução";"Colisão lateral";"Com Vítimas Feridas";"Pleno dia";"Crescente";"Nublado";"Dupla";"Reta";"Sim";2;0;1;0;0;1;1;2;-25,3727;-49,1408;"SPRF-PR";"DEL01-PR";"UOP02-DEL01-PR"