"id";"data_inversa";"dia_semana";"horario";"uf";"br";"km";"municipio";"causa_acidente";"tipo_acidente";"classificacao_acidente";"fase_dia";"sentido_via";"condicao_metereologica";"tipo_pista";"tracado_via";"uso_solo";"pessoas";"mortos";"feridos_leves";"feridos_graves";"ilesos";"ignorados";"feridos";"veiculos";"latitude";"longitude";"regional";"delegacia";"uop"
121324;2018-03-27;"terça-feira";"11:50:00";"PE";232;49;"VITORIA DE SANTO ANTAO";"Animais na Pista";"Saída de leito carroçável";"Sem Vítimas";"Pleno dia";"Crescente";"Nublado";"Dupla";"Reta";"Sim";3;0;0;0;3;0;0;1;-8,129751;-35,283936;"SPRF-PE";"DEL01-PE";"UOP02-DEL02PE"
121325;2018-03-27;"terça-feira";"09:10:00";"RO";364;343;"JI-PARANA";"Defeito Mecânico no Veículo";"Tombamento";"Com Vítimas Feridas";"Pleno dia";"Decrescente";"Nublado";"Múltipla";"Reta";"Sim";2;0;1;0;1;0;1;1;-10,878848;-61,944893;"SPRF-RO";"DEL02-RO";"UOP01-DEL02-RO"
121326;2018-03-23;"sexta-feira";"21:15:00";"SP";381;86;"SAO PAULO";"Falta de Atenção do Pedestre";"Atropelamento de Pedestre";"Com Vítimas Feridas";"Plena Noite";"Crescente";"Céu Claro";"Dupla";"Reta";"Sim";2;0;0;1;1;0;1;2;-23,48777625;-46,56294113;"SPRF-SP";"DEL03-SP";"DEL6/3-UOP03/SP"
121327;2018-03-27;"terça-feira";"12:20:00";"PR";369;173,5;"ROLANDIA";"Desobediência às normas de trânsito pelo condutor";"Colisão frontal";"Com Vítimas Feridas";"Pleno dia";"Decrescente";"Céu Claro";"Simples";"Interseção de Vias";"Sim";2;0;0;1;1;0;1;2;-23,31280382;-51,37270868;"SPRF-PR";"DEL07-PR";"UOP01-DEL07-PR"
121329;2018-03-27;"terça-feira";"12:45:00";"RJ";40;111;"DUQUE DE CAXIAS";"Falta de Atenção à Condução";"Colisão transversal";"Com Vítimas Feridas";"Pleno dia";"Crescente";"Céu Claro";"Múltipla";"Reta";"Sim";2;0;1;0;1;0;1;2;-22,7008;-43,2901;"SPRF-RJ";"DEL01-RJ";"UOP01-DEL01-RJ"
121332;2018-03-27;"terça-feira";"13:00:00";"SP";116;225;"GUARULHOS";"Falta de Atenção à Condução";"Colisão traseira";"Com Vítimas Feridas";"Pleno dia";"Crescente";"Céu Claro";"Múltipla";"Reta";"Não";2;0;1;0;1;0;1;2;-23,50103316;-46,56005859;"SPRF-SP";"DEL01-SP";"UOP01-DEL01-SP"
121333;2018-03-27;"terça-feira";"12:10:00";"RO";364;23;"VILHENA";"Não guardar distância de segurança";"Colisão traseira";"Com Vítimas Feridas";"Pleno dia";"Decrescente";"Céu Claro";"Simples";"Declive";"Não";3;0;1;0;2;0;1;1;-12,724921;-60,220432;"SPRF-RO";"DEL04-RO";"UOP01-DEL04-RO"
121334;2018-03-27;"terça-feira";"13:30:00";"PR";369;154,3;"LONDRINA";"Desobediência às normas de trânsito pelo condutor";"Colisão transversal";"Com Vítimas Feridas";"Pleno dia";"Decrescente";"Nublado";"Múltipla";"Reta;Interseção de Vias";"Sim";2;0;2;0;0;0;2;2;-23,29747673;-51,20151845;"SPRF-PR";"DEL07-PR";"UOP01-DEL07-PR"
121335;2018-03-27;"terça-feira";"12:50:00";"SP";116;220;"GUARULHOS";"Falta de Atenção à Condução";"Colisão lateral";"Com Vítimas Feridas";"Pleno dia";"Crescente";"Nublado";"Múltipla";"Reta";"Não";3;0;1;0;2;0;1;2;-23,4982194;-46,409941;"SPRF-SP";"DEL01-SP";"UOP01-DEL01-SP"
121338;2018-03-27;"terça-feira";"12:30:00";"MT";364;307,4;"JACIARA";"Pista Escorregadia";"Saída de leito carroçável";"Com Vítimas Feridas";"Pleno dia";"Decrescente";"Chuva";"Dupla";"Reta";"Não";1;0;1;0;0;0;1;1;-15,820883;-55,212234;"SPRF-MT";"DEL02-MT";"UOP02-DEL05-MT"
121339;2018-03-27;"terça-feira";"13:30:00";"ES";101;281,9;"SERRA";"Pista Escorregadia";"Queda de ocupante de veículo";"Com Vítimas Feridas";"Pleno dia";"Decrescente";"Céu Claro";"Dupla";"Ponte";"Não";1;0;1;0;0;0;1;1;-20,226562;-40,363877;"SPRF-ES";"DEL02-ES";"UOP01-DEL02-ES"
121342;2018-03-27;"terça-feira";"14:00:00";"SC";101;207;"SAO JOSE";"Falta de Atenção à Condução";"Colisão transversal";"Com Vítimas Feridas";"Pleno dia";"Crescente";"Céu Claro";"Simples";"Aclive;Curva";"Sim";3;0;2;0;1;0;2;2;-27,60209597;-48,62905914;"SPRF-SC";"DEL01-SC";"UOP01-DEL01-SC"
121344;2018-03-27;"terça-feira";"14:00:00";"PA";230;110;"MARABA";"Falta de Atenção à Condução";"Colisão traseira";"Com Vítimas Feridas";"Pleno dia";"Decrescente";"Céu Claro";"Simples";"Reta";"Não";2;0;0;1;1;0;1;2;-5,38677054;-48,99002291;"SPRF-PA";"DEL03-PA";"UOP01-DEL03-PA"
121345;2018-03-27;"terça-feira";"12:40:00";"BA";101;717,5;"EUNAPOLIS";"Falta de Atenção à Condução";"Colisão transversal";"Com Vítimas Feridas";"Pleno dia";"Decrescente";"Céu Claro";"Simples";"Interseção de Vias";"Sim";3;0;2;0;1;0;2;2;-16,3638;-39,5811;"SPRF-BA";"DEL09-BA";"UOP01-DEL09-BA"
121346;2018-03-27;"terça-feira";"12:35:00";"RO";364;341;"JI-PARANA";"Desobediência às normas de trânsito pelo condutor";"Colisão lateral";"Com Vítimas Feridas";"Pleno dia";"Crescente";"Nublado";"Simples";"Interseção de Vias";"Sim";3;0;0;1;2;0;1;2;-10,889981;-61,931229;"SPRF-RO";"DEL02-RO";"UOP01-DEL02-RO"
121347;2018-03-27;"terça-feira";"14:15:00";"RS";158;329;"SANTA MARIA";"Falta de Atenção à Condução";"Colisão traseira";"Sem Vítimas";"Pleno dia";"Crescente";"Nublado";"Simples";"Reta";"Sim";2;0;0;0;2;0;0;2;-29,70652;-53,828564;"SPRF-RS";"DEL09-RS";"UOP01-DEL09-RS"
121348;2018-03-27;"terça-feira";"13:20:00";"RO";364;273,3;"CACOAL";"Falta de Atenção à Condução";"Colisão transversal";"Com Vítimas Fatais";"Pleno dia";"Crescente";"Nublado";"Simples";"Reta";"Não";7;1;2;3;0;1;5;3;-11,38545467;-61,74336791;"SPRF-RO";"DEL02-RO";"UOP02-DEL02-RO"
121349;2018-03-25;"domingo";"18:00:00";"RJ";116;137;"MAGE";"Defeito Mecânico no Veículo";"Incêndio";"Sem Vítimas";"Anoitecer";"Crescente";"Céu Claro";"Dupla";"Reta";"Sim";1;0;0;0;1;0;0;1;-22,647911;-43,182049;"SPRF-RJ";"DEL04-RJ";"UOP02-DEL04-RJ"
121350;2018-03-27;"terça-feira";"14:40:00";"TO";153;148,8;"ARAGUAINA";"Velocidade Incompatível";"Tombamento";"Com Vítimas Feridas";"Pleno dia";"Crescente";"Céu Claro";"Simples";"Reta";"Não";3;0;1;0;1;1;1;2;-7,240095;-48,2543815;"SPRF-TO";"DEL02-TO";"UOP01-DEL02-TO"
121351;2018-03-27;"terça-feira";"11:30:00";"MT";70;521;"CUIABA";"Defeito Mecânico no Veículo";"Colisão com objeto em movimento";"Sem Vítimas";"Pleno dia";"Decrescente";"Chuva";"Simples";"Reta";"Não";1;0;0;0;1;0;0;1;-15,650426;-55,998444;"SPRF-MT";"DEL01-MT";"DEL2/4-UOP02/MT"
121353;2018-03-27;"terça-feira";"14:30:00";"PI";343;1,6;"TERESINA";"Falta de Atenção à Condução";"Colisão lateral";"Com Vítimas Feridas";"Pleno dia";"Decrescente";"Céu Claro";"Dupla";"Reta";"Sim";2;0;1;0;1;0;1;2;-5,089569;-42,802288;"SPRF-PI";"DEL01-PI";"UOP01-DEL01-PI"
121358;2018-03-27;"terça-feira";"15:00:00";"RS";158;322,8;"SANTA MARIA";"Desobediência às normas de trânsito pelo condutor";"Colisão transversal";"Com Vítimas Feridas";"Pleno dia";"Crescente";"Céu Claro";"Simples";"Curva";"Sim";3;0;2;0;1;0;2;2;-29,69505687;-53,78196269;"SPRF-RS";"DEL09-RS";"UOP01-DEL09-RS"
121360;2018-03-27;"terça-feira";"12:30:00";"PR";277;683;"SAO MIGUEL DO IGUACU";"Velocidade Incompatível";"Capotamento";"Com Vítimas Feridas";"Pleno dia";"Crescente";"Chuva";"Dupla";"Curva";"Não";1;0;0;1;0;0;1;1;-25,332716;-54,192101;"SPRF-PR";"DEL05-PR";"UOP01-DEL05-PR"
121361;2018-03-27;"terça-feira";"15:00:00";"PI";226;266,4;"TERESINA";"Desobediência às normas de trânsito pelo condutor";"Colisão traseira";"Com Vítimas Feridas";"Pleno dia";"Crescente";"Sol";"Dupla";"Rotatória";"Sim";1;0;0;1;0;0;1;1;-5,085446;-42,755966;"SPRF-PI";"DEL01-PI";"UOP01-DEL01-PI"
121364;2018-03-27;"terça-feira";"16:00:00";"PR";163;265;"TOLEDO";"Falta de Atenção à Condução";"Colisão traseira";"Sem Vítimas";"Pleno dia";"Crescente";"Céu Claro";"Simples";"Reta;Em Obras";"Não";2;0;0;0;2;0;0;2;-24,6381;-53,8621;"SPRF-PR";"DEL06-PR";"UOP02-DEL06-PR"
121367;2018-03-27;"terça-feira";"13:50:00";"PA";316;8;"ANANINDEUA";"Falta de Atenção à Condução";"Colisão com objeto estático";"Com Vítimas Feridas";"Pleno dia";"Crescente";"Céu Claro";"Dupla";"Reta";"Sim";1;0;1;0;0;0;1;1;-1,366236;-48,367805;"SPRF-PA";"DEL01-PA";"DEL19/1-UOP05/PA"
121369;2018-03-27;"terça-feira";"15:05:00";"MA";135;37,7;"BACABEIRA";"Falta de Atenção à Condução";"Saída de leito carroçável";"Com Vítimas Feridas";"Pleno dia";"Crescente";"Chuva";"Dupla";"Reta";"Não";1;0;1;0;0;0;1;1;-2,87309327;-44,37583923;"SPRF-MA";"DEL01-MA";"UOP01-DEL01-MA"
121370;2018-03-27;"terça-feira";"16:20:00";"MG";40;663,7;"CARANDAI";"Falta de Atenção à Condução";"Colisão traseira";"Com Vítimas Feridas";"Pleno dia";"Decrescente";"Céu Claro";"Simples";"Aclive;Reta";"Não";2;0;1;0;1;0;1;2;-20,92946023;-43,81831795;"SPRF-MG";"DEL05-MG";"UOP02-DEL05-MG"
121371;2018-03-27;"terça-feira";"15:00:00";"GO";364;193;"JATAI";"Falta de Atenção à Condução";"Tombamento";"Sem Vítimas";"Pleno dia";"Decrescente";"Céu Claro";"Dupla";"Viaduto";"Não";1;0;0;0;0;1;0;1;-17,917818;-51,696274;"SPRF-GO";"DEL05-GO";"UOP01-DEL05-GO"
121372;2018-03-27;"terça-feira";"16:55:00";"DF";40;2;"BRASILIA";"Velocidade Incompatível";"Colisão traseira";"Com Vítimas Feridas";"Pleno dia";"Crescente";"Céu Claro";"Simples";"Reta";"Sim";2;0;1;0;1;0;1;2;-15,99435;-47,985947;"SPRF-DF";"DEL01-DF";"UOP01-DEL01-DF"
121374;2018-03-27;"terça-feira";"13:15:00";"SC";101;176,9;"BIGUACU";"Mal Súbito";"Queda de ocupante de veículo";"Com Vítimas Feridas";"Pleno dia";"Crescente";"Nublado";"Múltipla";"Reta";"Sim";2;0;1;0;1;0;1;1;-27,35568821;-48,63231182;"SPRF-SC";"DEL01-SC";"UOP01-DEL01-SC"
121375;2018-03-27;"terça-feira";"16:40:00";"PI";343;345,5;"TERESINA";"Falta de Atenção à Condução";"Colisão transversal";"Com Vítimas Feridas";"Pleno dia";"Decrescente";"Céu Claro";"Dupla";"Interseção de Vias";"Sim";3;0;1;0;2;0;1;2;-5,102889;-42,766506;"SPRF-PI";"DEL01-PI";"UOP01-DEL01-PI"
121376;2018-03-27;"terça-feira";"17:05:00";"MG";381;498;"BETIM";"Falta de Atenção à Condução";"Capotamento";"Com Vítimas Fatais";"Anoitecer";"Crescente";"Céu Claro";"Dupla";"Reta";"Não";1;1;0;0;0;0;0;1;-19,9954;-44,208;"SPRF-MG";"DEL01-MG";"UOP03-DEL01-MG"
121377;2018-03-27;"terça-feira";"17:15:00";"PR";376;223,6;"CAMBIRA";"Desobediência às normas de trânsito pelo condutor";"Colisão transversal";"Com Vítimas Feridas";"Pleno dia";"Crescente";"Nublado";"Dupla";"Interseção de Vias";"Sim";2;0;1;1;0;0;2;2;-23,58849659;-51,64577273;"SPRF-PR";"DEL07-PR";"UOP03-DEL07-PR"
121378;2018-03-27;"terça-feira";"16:30:00";"MA";135;21,6;"SAO LUIS";"Pista Escorregadia";"Saída de leito carroçável";"Sem Vítimas";"Pleno dia";"Decrescente";"Chuva";"Dupla";"Reta";"Não";1;0;0;0;1;0;0;1;-2,738783;-44,337048;"SPRF-MA";"DEL01-MA";"UOP01-DEL01-MA"
121379;2018-03-27;"terça-feira";"16:30:00";"MG";116;277;"TEOFILO OTONI";"Não guardar distância de segurança";"Tombamento";"Com Vítimas Feridas";"Pleno dia";"Decrescente";"Sol";"Dupla";"Reta";"Sim";1;0;1;0;0;0;1;1;-17,86505416;-41,51596069;"SPRF-MG";"DEL11-MG";"UOP01-DEL11-MG"
121380;2018-03-27;"terça-feira";"13:30:00";"AL";101;192;"JUNQUEIRO";"Velocidade Incompatível";"Capotamento";"Com Vítimas Feridas";"Pleno dia";"Decrescente";"Sol";"Simples";"Curva";"Sim";1;0;1;0;0;0;1;1;-9,93638762;-36,52816772;"SPRF-AL";"DEL02-AL";"UOP02-DEL02-AL"
121387;2018-03-27;"terça-feira";"16:55:00";"RJ";116;177;"NOVA IGUACU";"Pista Escorregadia";"Queda de ocupante de veículo";"Com Vítimas Feridas";"Pleno dia";"Crescente";"Sol";"Dupla";"Reta";"Sim";2;0;1;0;0;1;1;2;-22,780552;-43,392086;"SPRF-RJ";"DEL01-RJ";"UOP02-DEL01-RJ"
121388;2018-03-27;"terça-feira";"17:00:00";"SP";116;485;"CAJATI";"Falta de Atenção à Condução";"Colisão traseira";"Com Vítimas Feridas";"Pleno dia";"Crescente";"Nublado";"Dupla";"Reta";"Não";3;0;1;1;0;1;2;2;-24,74558412;-48,13934326;"SPRF-SP";"DEL05-SP";"UAP01-DEL05-SP"
121389;2018-03-27;"terça-feira";"18:00:00";"GO";153;435,6;"ANAPOLIS";"Velocidade Incompatível";"Saída de leito carroçável";"Com Vítimas Feridas";"Pleno dia";"Crescente";"Céu Claro";"Dupla";"Reta;Viaduto";"Sim";4;0;4;0;0;0;4;1;-16,28664196;-48,94458801;"SPRF-GO";"DEL02-GO";"UOP01-DEL02-GO"
121392;2018-03-27;"terça-feira";"18:10:00";"RN";405;66,8;"FELIPE GUERRA";"Deficiência ou não Acionamento do Sistema de Iluminação/Sinalização do Veículo";"Colisão traseira";"Com Vítimas Feridas";"Plena Noite";"Crescente";"Garoa/Chuvisco";"Simples";"Reta";"Não";2;0;1;0;1;0;1;2;-5,577256;-37,759377;"SPRF-RN";"DEL04-RN";"UOP02-DEL04-RN"
121394;2018-03-27;"terça-feira";"18:00:00";"SC";282;2,7;"FLORIANOPOLIS";"Não guardar distância de segurança";"Colisão traseira";"Com Vítimas Feridas";"Plena Noite";"Decrescente";"Nublado";"Dupla";"Reta";"Sim";4;0;1;0;3;0;1;3;-27,603289;-48,590416;"SPRF-SC";"DEL01-SC";"UOP01-DEL01-SC"
121395;2018-03-27;"terça-feira";"18:35:00";"BA";101;265;"SANTO ANTONIO DE JESUS";"Falta de Atenção à Condução";"Atropelamento de Pedestre";"Com Vítimas Feridas";"Plena Noite";"Crescente";"Céu Claro";"Simples";"Reta";"Sim";2;0;1;1;0;0;2;2;-12,9843703;-39,2906049;"SPRF-BA";"DEL01-BA";"UOP02-DEL01-BA"
121396;2018-03-27;"terça-feira";"18:00:00";"SC";280;128,2;"RIO NEGRINHO";"Desobediência às normas de trânsito pelo condutor";"Colisão transversal";"Com Vítimas Feridas";"Plena Noite";"Crescente";"Nublado";"Simples";"Reta;Declive";"Sim";2;0;1;0;1;0;1;2;-26,243179;-49,513199;"SPRF-SC";"DEL06-SC";"UOP03-DEL06-SC"
121399;2018-03-27;"terça-feira";"18:40:00";"PB";101;82;"BAYEUX";"Ingestão de álcool e/ou substâncias psicoativas pelo pedestre";"Atropelamento de Pedestre";"Com Vítimas Feridas";"Plena Noite";"Crescente";"Céu Claro";"Dupla";"Reta";"Sim";2;0;0;1;1;0;1;2;-7,1268;-34,9412;"SPRF-PB";"DEL01-PB";"UOP01-DEL01-PB"
121403;2018-03-27;"terça-feira";"18:55:00";"SC";101;332,8;"TUBARAO";"Desobediência às normas de trânsito pelo condutor";"Colisão transversal";"Sem Vítimas";"Plena Noite";"Crescente";"Chuva";"Simples";"Rotatória";"Sim";3;0;0;0;3;0;0;2;-28,47714157;-49,00245667;"SPRF-SC";"DEL02-SC";"UOP01-DEL02-SC"
121405;2018-03-27;"terça-feira";"18:40:00";"SC";101;136;"BALNEARIO CAMBORIU";"Falta de Atenção à Condução";"Colisão traseira";"Com Vítimas Feridas";"Pleno dia";"Crescente";"Céu Claro";"Dupla";"Ponte;Reta";"Não";2;0;1;0;1;0;1;2;-27,0158;-48,6117;"SPRF-SC";"DEL04-SC";"UOP03-DEL04-SC"
121407;2018-03-27;"terça-feira";"19:00:00";"PR";369;56,3;"BANDEIRANTES";"Desobediência às normas de trânsito pelo condutor";"Colisão transversal";"Com Vítimas Feridas";"Plena Noite";"Decrescente";"Céu Claro";"Simples";"Interseção de Vias";"Sim";2;0;1;0;1;0;1;2;-23,10978286;-50,3709617;"SPRF-PR";"DEL07-PR";"UOP05-DEL07-PR"
121408;2018-03-27;"terça-feira";"19:10:00";"RJ";116;140;"DUQUE DE CAXIAS";"Falta de Atenção à Condução";"Colisão frontal";"Com Vítimas Feridas";"Plena Noite";"Crescente";"Céu Claro";"Simples";"Aclive";"Sim";2;0;1;0;1;0;1;2;-22,646624;-43,211174;"SPRF-RJ";"DEL04-RJ";"UOP02-DEL04-RJ"
121409;2018-03-27;"terça-feira";"19:00:00";"BA";242;772;"BARREIRAS";"Desobediência às normas de trânsito pelo pedestre";"Atropelamento de Pedestre";"Com Vítimas Feridas";"Plena Noite";"Decrescente";"Céu Claro";"Simples";"Reta";"Não";2;0;0;1;0;1;1;2;-12,158313;-44,841432;"SPRF-BA";"DEL10-BA";"UOP01-DEL10-BA"
121411;2018-03-27;"terça-feira";"19:20:00";"RJ";493;22;"MAGE";"Falta de Atenção do Pedestre";"Atropelamento de Pedestre";"Com Vítimas Feridas";"Plena Noite";"Crescente";"Céu Claro";"Simples";"Reta";"Sim";2;0;1;0;1;0;1;2;-22,659311;-43,053299;"SPRF-RJ";"DEL04-RJ";"UOP02-DEL04-RJ"
121412;2018-03-27;"terça-feira";"18:30:00";"MS";60;549,6;"BANDEIRANTES";"Falta de Atenção à Condução";"Saída de leito carroçável";"Com Vítimas Feridas";"Plena Noite";"Crescente";"Nublado";"Simples";"Reta";"Sim";2;0;1;0;1;0;1;1;-19,915043;-54,369705;"SPRF-MS";"DEL05-MS";"UOP01-DEL05-MS"
121414;2018-03-27;"terça-feira";"19:45:00";"GO";70;7,3;"AGUAS LINDAS DE GOIAS";"Falta de Atenção à Condução";"Colisão lateral";"Com Vítimas Feridas";"Plena Noite";"Crescente";"Céu Claro";"Dupla";"Reta";"Sim";2;0;1;0;1;0;1;2;-15,7350072;-48,2732974;"SPRF-DF";"DEL01-DF";"UOP02-DEL03-DF"
121415;2018-03-27;"terça-feira";"19:45:00";"ES";101;284,7;"CARIACICA";"Velocidade Incompatível";"Capotamento";"Com Vítimas Feridas";"Plena Noite";"Crescente";"Céu Claro";"Dupla";"Curva";"Sim";2;0;1;0;0;1;1;2;-20,2470185;-40,37013173;"SPRF-ES";"DEL01-ES";"UOP01-DEL01-ES"
121416;2018-03-27;"terça-feira";"19:40:00";"GO";153;496;"GOIANIA";"Falta de Atenção à Condução";"Atropelamento de Pedestre";"Sem Vítimas";"Plena Noite";"Decrescente";"Céu Claro";"Dupla";"Reta";"Sim";1;0;0;0;1;0;0;1;-16,6776;-49,2314;"SPRF-GO";"DEL01-GO";"UOP01-DEL01-GO"
121418;2018-03-27;"terça-feira";"19:00:00";"PR";116;116,5;"CURITIBA";"Falta de Atenção à Condução";"Colisão lateral";"Com Vítimas Feridas";"Anoitecer";"Decrescente";"Chuva";"Múltipla";"Aclive;Reta";"Sim";4;0;1;1;2;0;2;4;-25,544559;-49,30146;"SPRF-PR";"DEL01-PR";"UOP03-DEL01-PR"
121420;2018-03-24;"sábado";"04:20:00";"SC";116;156,7;"SANTA CECILIA";"Objeto estático sobre o leito carroçável";"Saída de leito carroçável";"Com Vítimas Feridas";"Amanhecer";"Decrescente";"Garoa/Chuvisco";"Simples";"Curva";"Não";1;0;1;0;0;0;1;1;-27,083289;-50,437984;"SPRF-SC";"DEL06-SC";"UOP02-DEL06-SC"
121423;2018-03-27;"terça-feira";"20:28:00";"PR";163;37,4;"SANTO ANTONIO DO SUDOESTE";"Falta de Atenção à Condução";"Tombamento";"Com Vítimas Feridas";"Plena Noite";"Crescente";"Chuva";"Simples";"Curva";"Sim";1;0;0;1;0;0;1;1;-26,0559;-53,7264;"SPRF-PR";"DEL02-PR";"UOP02-DEL02-PR"
121424;2018-03-27;"terça-feira";"20:00:00";"CE";116;375,5;"ICO";"Falta de Atenção à Condução";"Colisão transversal";"Com Vítimas Fatais";"Plena Noite";"Crescente";"Céu Claro";"Simples";"Rotatória";"Sim";3;1;0;0;1;1;0;3;-6,404711;-38,844887;"SPRF-CE";"DEL05-CE";"UOP01-DEL05-CE"
121426;2018-03-27;"terça-feira";"20:40:00";"PI";343;597;"FLORIANO";"Ingestão de Álcool";"Colisão traseira";"Com Vítimas Feridas";"Plena Noite";"Crescente";"Céu Claro";"Dupla";"Reta";"Sim";2;0;1;1;0;0;2;2;-6,812184;-43,056244;"SPRF-PI";"DEL03-PI";"UOP01-DEL03-PI"
121427;2018-03-27;"terça-feira";"20:30:00";"DF";70;8;"BRASILIA";"Velocidade Incompatível";"Saída de leito carroçável";"Com Vítimas Feridas";"Plena Noite";"Decrescente";"Céu Claro";"Dupla";"Reta";"Sim";2;0;0;1;0;1;1;2;-15,784194;-48,1216;"SPRF-DF";"DEL01-DF";"UOP02-DEL03-DF"
121428;2018-03-27;"terça-feira";"20:30:00";"BA";324;6,8;"FEIRA DE SANTANA";"Mal Súbito";"Colisão com objeto estático";"Com Vítimas Feridas";"Plena Noite";"Crescente";"Céu Claro";"Dupla";"Reta";"Sim";1;0;1;0;0;0;1;1;-12,27425699;-38,98498535;"SPRF-BA";"DEL02-BA";"UOP01-DEL02-BA"
121430;2018-03-27;"terça-feira";"19:20:00";"DF";251;6;"BRASILIA";"Ingestão de Álcool";"Capotamento";"Com Vítimas Feridas";"Plena Noite";"Crescente";"Céu Claro";"Dupla";"Curva";"Não";4;0;4;0;0;0;4;1;-15,9997482;-47,5568291;"SPRF-DF";"DEL01-DF";"UOP01-DEL01-DF"
121431;2018-03-27;"terça-feira";"18:30:00";"MG";116;277;"TEOFILO OTONI";"Falta de Atenção à Condução";"Colisão transversal";"Sem Vítimas";"Anoitecer";"Decrescente";"Céu Claro";"Simples";"Reta;Aclive;Interseção de Vias";"Sim";2;0;0;0;2;0;0;2;-17,8767884;-41,5162664;"SPRF-MG";"DEL11-MG";"UOP01-DEL11-MG"
121433;2018-03-27;"terça-feira";"20:45:00";"RJ";465;2;"SEROPEDICA";"Desobediência às normas de trânsito pelo condutor";"Colisão transversal";"Sem Vítimas";"Plena Noite";"Crescente";"Céu Claro";"Simples";"Reta";"Sim";4;0;0;0;4;0;0;2;-22,727266;-43,718712;"SPRF-RJ";"DEL01-RJ";"UOP03-DEL01-RJ"
121434;2018-03-27;"terça-feira";"19:40:00";"RJ";40;123;"DUQUE DE CAXIAS";"Desobediência às normas de trânsito pelo pedestre";"Atropelamento de Pedestre";"Com Vítimas Feridas";"Plena Noite";"Decrescente";"Nublado";"Múltipla";"Reta";"Sim";2;0;0;1;1;0;1;2;-22,8061;-43,2894;"SPRF-RJ";"DEL01-RJ";"UOP01-DEL01-RJ"
121435;2018-03-27;"terça-feira";"21:30:00";"ES";101;111,2;"SOORETAMA";"Defeito Mecânico no Veículo";"Tombamento";"Com Vítimas Feridas";"Plena Noite";"Crescente";"Céu Claro";"Simples";"Declive";"Não";1;0;1;0;0;0;1;1;-19,10559473;-40,05340576;"SPRF-ES";"DEL04-ES";"UOP01-DEL04-ES"
121437;2018-03-27;"terça-feira";"22:00:00";"MG";146;602,8;"POCOS DE CALDAS";"Ingestão de Álcool";"Tombamento";"Com Vítimas Feridas";"Plena Noite";"Crescente";"Céu Claro";"Simples";"Aclive;Curva";"Não";1;0;0;1;0;0;1;1;-21,78666;-46,440255;"SPRF-MG";"DEL09-MG";"UOP01-DEL09-MG"
121440;2018-03-21;"quarta-feira";"21:20:00";"GO";153;290;"RIALMA";"Ingestão de Álcool";"Colisão lateral";"Com Vítimas Feridas";"Plena Noite";"Crescente";"Céu Claro";"Simples";"Reta";"Não";2;0;1;0;1;0;1;2;-15,210296;-49,547256;"SPRF-GO";"DEL02-GO";"UOP02-DEL02-GO"
121441;2018-03-27;"terça-feira";"21:45:00";"MS";60;234;"BANDEIRANTES";"Animais na Pista";"Saída de leito carroçável";"Com Vítimas Feridas";"Plena Noite";"Crescente";"Nublado";"Simples";"Reta";"Não";2;0;2;0;0;0;2;1;-19,66845297;-54,31640625;"SPRF-MS";"DEL06-MS";"UOP02-DEL06-MS"
121442;2018-03-27;"terça-feira";"22:29:00";"RS";386;168,2;"CARAZINHO";"Falta de Atenção à Condução";"Colisão traseira";"Com Vítimas Feridas";"Pleno dia";"Decrescente";"Nublado";"Simples";"Aclive";"Não";2;0;1;0;1;0;1;2;-28,222359;-52,821266;"SPRF-RS";"DEL08-RS";"UOP01-DEL08-RS"
121443;2018-03-27;"terça-feira";"22:30:00";"SC";282;1;"FLORIANOPOLIS";"Falta de Atenção à Condução";"Colisão traseira";"Sem Vítimas";"Plena Noite";"Decrescente";"Nublado";"Dupla";"Curva";"Sim";2;0;0;0;2;0;0;2;-27,60101208;-48,57763139;"SPRF-SC";"DEL01-SC";"UOP01-DEL01-SC"
121447;2018-03-27;"terça-feira";"23:15:00";"PR";376;617;"SAO JOSE DOS PINHAIS";"Ingestão de Álcool";"Saída de leito carroçável";"Sem Vítimas";"Plena Noite";"Crescente";"Chuva";"Dupla";"Curva";"Não";1;0;0;0;0;1;0;1;-25,67247356;-49,15008545;"SPRF-PR";"DEL01-PR";"DEL7/1-UOP08/PR"
121448;2018-03-27;"terça-feira";"17:30:00";"SC";282;259,2;"SAO JOSE DO CERRITO";"Falta de Atenção à Condução";"Saída de leito carroçável";"Com Vítimas Feridas";"Anoitecer";"Crescente";"Chuva";"Simples";"Aclive;Curva";"Não";2;0;2;0;0;0;2;1;-27,62757378;-50,62637329;"SPRF-SC";"DEL05-SC";"UOP02-DEL05-SC"
121450;2018-03-27;"terça-feira";"18:15:00";"RJ";116;163,8;"RIO DE JANEIRO";"Não guardar distância de segurança";"Colisão traseira";"Com Vítimas Feridas";"Anoitecer";"Decrescente";"Céu Claro";"Dupla";"Reta";"Sim";3;0;1;0;2;0;1;2;-22,81849217;-43,32466295;"SPRF-RJ";"DEL01-RJ";"UOP02-DEL01-RJ"