"id";"data_inversa";"dia_semana";"horario";"uf";"br";"km";"municipio";"causa_acidente";"tipo_acidente";"classificacao_acidente";"fase_dia";"sentido_via";"condicao_metereologica";"tipo_pista";"tracado_via";"uso_solo";"pessoas";"mortos";"feridos_leves";"feridos_graves";"ilesos";"ignorados";"feridos";"veiculos";"latitude";"longitude";"regional";"delegacia";"uop"
121451;2018-03-27;"terça-feira";"22:00:00";"SC";101;106,5;"PENHA";"Defeito Mecânico no Veículo";"Saída de leito carroçável";"Com Vítimas Feridas";"Plena Noite";"Decrescente";"Nublado";"Dupla";"Reta";"Não";1;0;1;0;0;0;1;1;-26,8194;-48,6837;"SPRF-SC";"DEL03-SC";"UOP02-DEL03-SC"
121452;2018-03-27;"terça-feira";"23:45:00";"RJ";101;406,9;"ITAGUAI";"Mal Súbito";"Colisão com objeto estático";"Com Vítimas Fatais";"Plena Noite";"Decrescente";"Céu Claro";"Dupla";"Reta";"Sim";1;1;0;0;0;0;0;1;-22,8772085;-43,81805417;"SPRF-RJ";"DEL03-RJ";"UOP01-DEL03-RJ"
121453;2018-03-27;"terça-feira";"23:50:00";"SC";101;215,3;"PALHOCA";"Não guardar distância de segurança";"Colisão traseira";"Com Vítimas Feridas";"Plena Noite";"Crescente";"Nublado";"Dupla";"Reta";"Sim";3;0;0;2;1;0;2;2;-27,6601;-48,6774;"SPRF-SC";"DEL01-SC";"UOP02-DEL01-SC"
121454;2018-03-27;"terça-feira";"23:29:00";"PR";376;660;"TIJUCAS DO SUL";"Pista Escorregadia";"Saída de leito carroçável";"Com Vítimas Feridas";"Plena Noite";"Decrescente";"Chuva";"Dupla";"Curva";"Não";3;0;1;0;2;0;1;1;-25,85300587;-48,99223376;"SPRF-PR";"DEL01-PR";"DEL7/1-UOP08/PR"
121458;2018-03-27;"terça-feira";"18:15:00";"RO";364;26;"VILHENA";"Falta de Atenção à Condução";"Colisão traseira";"Com Vítimas Feridas";"Anoitecer";"Decrescente";"Garoa/Chuvisco";"Simples";"Reta;Declive";"Não";1;0;0;1;0;0;1;1;-12,723949;-60,248085;"SPRF-RO";"DEL04-RO";"UOP01-DEL04-RO"
121460;2018-03-27;"terça-feira";"19:00:00";"RO";435;85;"COLORADO DO OESTE";"Sinalização da via insuficiente ou inadequada";"Atropelamento de Pedestre";"Com Vítimas Feridas";"Plena Noite";"Crescente";"Nublado";"Simples";"Reta;Aclive";"Sim";2;0;2;0;0;0;2;2;-13,127687;-60,543923;"SPRF-RO";"DEL04-RO";"UOP02-DEL04-RO"
121463;2018-03-28;"quarta-feira";"01:50:00";"PR";116;119;"CURITIBA";"Velocidade Incompatível";"Colisão traseira";"Com Vítimas Feridas";"Plena Noite";"Crescente";"Garoa/Chuvisco";"Dupla";"Curva";"Sim";3;0;0;1;0;2;1;3;-25,57960793;-49,31213379;"SPRF-PR";"DEL01-PR";"UOP03-DEL01-PR"
121465;2018-03-28;"quarta-feira";"00:41:00";"PR";277;584,1;"CASCAVEL";"Ingestão de Álcool";"Colisão com objeto estático";"Com Vítimas Feridas";"Plena Noite";"Crescente";"Chuva";"Simples";"Rotatória";"Sim";1;0;1;0;0;0;1;1;-24,96863007;-53,40660095;"SPRF-PR";"DEL04-PR";"UOP01-DEL04-PR"
121467;2018-03-28;"quarta-feira";"00:30:00";"MG";262;379;"JUATUBA";"Falta de Atenção à Condução";"Capotamento";"Com Vítimas Feridas";"Plena Noite";"Crescente";"Céu Claro";"Dupla";"Curva";"Não";1;0;1;0;0;0;1;1;-19,937;-44,4308;"SPRF-MG";"DEL01-MG";"UOP03-DEL01-MG"
121469;2018-03-28;"quarta-feira";"00:20:00";"MT";163;96,9;"RONDONOPOLIS";"Pista Escorregadia";"Saída de leito carroçável";"Com Vítimas Feridas";"Plena Noite";"Crescente";"Chuva";"Dupla";"Reta";"Sim";5;0;3;0;2;0;3;1;-16,692511;-54,664528;"SPRF-MT";"DEL02-MT";"DEL2/2-UOP02/MT"
121473;2018-03-28;"quarta-feira";"02:45:00";"SC";282;86,9;"ALFREDO WAGNER";"Falta de Atenção à Condução";"Saída de leito carroçável";"Com Vítimas Feridas";"Pleno dia";"Crescente";"Céu Claro";"Simples";"Curva";"Não";1;0;1;0;0;0;1;1;-27,664766;-49,20578;"SPRF-SC";"DEL01-SC";"UOP03-DEL01-SC"
121474;2018-03-28;"quarta-feira";"05:20:00";"PB";230;31;"BAYEUX";"Defeito na Via";"Colisão lateral";"Com Vítimas Feridas";"Pleno dia";"Crescente";"Chuva";"Dupla";"Reta";"Sim";2;0;1;0;1;0;1;2;-7,144909;-34,917291;"SPRF-PB";"DEL01-PB";"UOP01-DEL01-PB"
121475;2018-03-28;"quarta-feira";"04:20:00";"RJ";116;99;"GUAPIMIRIM";"Agressão Externa";"Colisão com objeto estático";"Com Vítimas Feridas";"Plena Noite";"Decrescente";"Céu Claro";"Simples";"Curva";"Não";2;0;1;0;1;0;1;1;-22,488504;-42,999359;"SPRF-RJ";"DEL04-RJ";"UOP02-DEL04-RJ"
121476;2018-03-28;"quarta-feira";"05:30:00";"RJ";101;61;"CAMPOS DOS GOYTACAZES";"Falta de Atenção à Condução";"Queda de ocupante de veículo";"Com Vítimas Feridas";"Amanhecer";"Decrescente";"Céu Claro";"Simples";"Reta";"Não";1;0;1;0;0;0;1;1;-21,726534;-41,32132;"SPRF-RJ";"DEL08-RJ";"UOP01-DEL08-RJ"
121479;2018-03-28;"quarta-feira";"05:50:00";"PE";101;2,8;"GOIANA";"Falta de Atenção à Condução";"Capotamento";"Sem Vítimas";"Pleno dia";"Crescente";"Nublado";"Dupla";"Curva";"Não";1;0;0;0;1;0;0;1;-7,52314984;-34,99557495;"SPRF-PE";"DEL01-PE";"UOP02-DEL01-PE"
121486;2018-03-28;"quarta-feira";"06:30:00";"RJ";393;287;"VOLTA REDONDA";"Velocidade Incompatível";"Colisão traseira";"Sem Vítimas";"Pleno dia";"Decrescente";"Céu Claro";"Simples";"Reta";"Não";3;0;0;0;3;0;0;3;-22,51125;-44,086327;"SPRF-RJ";"DEL05-RJ";"UOP04-DEL05-RJ"
121488;2018-03-28;"quarta-feira";"06:45:00";"SC";470;79,5;"RODEIO";"Falta de Atenção à Condução";"Saída de leito carroçável";"Com Vítimas Feridas";"Pleno dia";"Decrescente";"Céu Claro";"Simples";"Curva";"Não";1;0;1;0;0;0;1;1;-26,94581521;-49,29479063;"SPRF-SC";"DEL04-SC";"UOP01-DEL04-SC"
121489;2018-03-27;"terça-feira";"22:30:00";"SC";280;99,7;"SAO BENTO DO SUL";"Falta de Atenção à Condução";"Saída de leito carroçável";"Com Vítimas Feridas";"Plena Noite";"Crescente";"Nublado";"Simples";"Curva";"Não";1;0;1;0;0;0;1;1;-26,37108483;-49,3264541;"SPRF-SC";"DEL06-SC";"UOP03-DEL06-SC"
121491;2018-03-28;"quarta-feira";"06:30:00";"GO";153;511,4;"APARECIDA DE GOIANIA";"Falta de Atenção à Condução";"Colisão traseira";"Com Vítimas Feridas";"Amanhecer";"Decrescente";"Ignorado";"Dupla";"Reta";"Sim";2;0;1;0;1;0;1;2;-16,8067;-49,2394;"SPRF-GO";"DEL01-GO";"UOP03-DEL01-GO"
121492;2018-03-28;"quarta-feira";"07:10:00";"SC";101;215;"PALHOCA";"Falta de Atenção à Condução";"Colisão lateral";"Com Vítimas Feridas";"Pleno dia";"Decrescente";"Céu Claro";"Dupla";"Reta";"Sim";2;0;1;0;1;0;1;2;-27,6601;-48,6774;"SPRF-SC";"DEL01-SC";"UOP02-DEL01-SC"
121494;2018-03-28;"quarta-feira";"07:20:00";"SP";153;71,4;"SAO JOSE DO RIO PRETO";"Não guardar distância de segurança";"Colisão traseira";"Sem Vítimas";"Pleno dia";"Decrescente";"Sol";"Simples";"Em Obras;Reta";"Sim";2;0;0;0;2;0;0;2;-20,86130816;-49,40903395;"SPRF-SP";"DEL09-SP";"UOP01-DEL09-SP"
121495;2018-03-28;"quarta-feira";"07:00:00";"PB";230;153;"CAMPINA GRANDE";"Desobediência às normas de trânsito pelo condutor";"Colisão transversal";"Sem Vítimas";"Pleno dia";"Crescente";"Céu Claro";"Simples";"Reta";"Sim";2;0;0;0;2;0;0;2;-7,2763;-35,8887;"SPRF-PB";"DEL02-PB";"UOP01-DEL02-PB"
121496;2018-03-28;"quarta-feira";"06:18:00";"RR";174;506;"BOA VISTA";"Falta de Atenção à Condução";"Colisão com objeto estático";"Com Vítimas Feridas";"Pleno dia";"Decrescente";"Céu Claro";"Múltipla";"Interseção de Vias";"Sim";3;0;0;2;1;0;2;2;2,827152;-60,697254;"SPRF-RR";"DEL01-RR";"UOP01-DEL01-RR"
121497;2018-03-28;"quarta-feira";"07:23:00";"ES";101;233;"FUNDAO";"Desobediência às normas de trânsito pelo condutor";"Capotamento";"Sem Vítimas";"Pleno dia";"Crescente";"Céu Claro";"Simples";"Curva";"Não";1;0;0;0;0;1;0;1;-19,98367397;-40,40771484;"SPRF-ES";"DEL02-ES";"UOP01-DEL02-ES"
121498;2018-03-28;"quarta-feira";"07:40:00";"SP";153;73,5;"SAO JOSE DO RIO PRETO";"Não guardar distância de segurança";"Colisão traseira";"Com Vítimas Feridas";"Pleno dia";"Decrescente";"Sol";"Simples";"Reta";"Não";6;0;2;0;3;1;2;5;-20,8846485;-49,42622675;"SPRF-SP";"DEL09-SP";"UOP01-DEL09-SP"
121500;2018-03-28;"quarta-feira";"07:20:00";"RS";116;246;"SAO LEOPOLDO";"Falta de Atenção à Condução";"Colisão lateral";"Com Vítimas Feridas";"Pleno dia";"Crescente";"Garoa/Chuvisco";"Múltipla";"Reta";"Sim";3;0;0;1;2;0;1;3;-29,75128184;-51,15155065;"SPRF-RS";"DEL01-RS";"UOP02-DEL01-RS"
121501;2018-02-09;"sexta-feira";"08:00:00";"PE";0;0;"RECIFE";"Defeito na Via";"Danos eventuais";"Sem Vítimas";"Plena Noite";"Não Informado";"Ignorado";"Dupla";"Reta";"Não";1;0;0;0;1;0;0;1;-8,08267069;-34,88876038;"SPRF-PE";"N/A";"N/A"
121503;2018-03-28;"quarta-feira";"07:40:00";"PB";230;28;"JOAO PESSOA";"Pista Escorregadia";"Colisão com objeto estático";"Sem Vítimas";"Pleno dia";"Decrescente";"Chuva";"Simples";"Curva";"Sim";1;0;0;0;1;0;0;1;-7,165977;-34,8946;"SPRF-PB";"DEL01-PB";"UOP01-DEL01-PB"
121504;2018-03-28;"quarta-feira";"08:10:00";"DF";20;2,6;"BRASILIA";"Falta de Atenção à Condução";"Engavetamento";"Sem Vítimas";"Pleno dia";"Decrescente";"Céu Claro";"Dupla";"Reta";"Sim";3;0;0;0;3;0;0;3;-15,680909;-47,835598;"SPRF-DF";"DEL02-DF";"UOP01-DEL02-DF"
121505;2018-03-28;"quarta-feira";"07:00:00";"MG";356;267,2;"MURIAE";"Falta de Atenção à Condução";"Colisão transversal";"Com Vítimas Feridas";"Pleno dia";"Crescente";"Céu Claro";"Simples";"Interseção de Vias";"Sim";2;0;1;0;1;0;1;2;-21,126658;-42,357132;"SPRF-MG";"DEL07-MG";"UOP02-DEL07-MG"
121507;2018-03-10;"sábado";"08:40:00";"PE";407;27,1;"AFRANIO";"Animais na Pista";"Saída de leito carroçável";"Sem Vítimas";"Pleno dia";"Crescente";"Chuva";"Simples";"Reta";"Não";1;0;0;0;1;0;0;1;-8,509351;-41,008175;"SPRF-PE";"DEL06-PE";"UOP02-DEL06-PE"
121509;2018-03-28;"quarta-feira";"06:55:00";"MG";381;787,7;"SAO GONCALO DO SAPUCAI";"Ultrapassagem Indevida";"Saída de leito carroçável";"Com Vítimas Feridas";"Amanhecer";"Decrescente";"Sol";"Dupla";"Reta;Aclive";"Não";2;0;1;0;1;0;1;1;-21,86348022;-45,53165138;"SPRF-MG";"DEL16-MG";"UOP02-DEL16-MG"
121510;2018-03-28;"quarta-feira";"07:10:00";"MG";381;787,2;"SAO GONCALO DO SAPUCAI";"Falta de Atenção à Condução";"Saída de leito carroçável";"Com Vítimas Feridas";"Pleno dia";"Crescente";"Céu Claro";"Dupla";"Reta";"Não";1;0;1;0;0;0;1;1;-21,8639;-45,5323;"SPRF-MG";"DEL16-MG";"UOP02-DEL16-MG"
121511;2018-03-28;"quarta-feira";"08:00:00";"RS";116;258;"ESTEIO";"Falta de Atenção do Pedestre";"Atropelamento de Pedestre";"Com Vítimas Feridas";"Pleno dia";"Crescente";"Nublado";"Simples";"Reta";"Sim";2;0;1;0;1;0;1;2;-29,86158;-51,180912;"SPRF-RS";"DEL01-RS";"UOP02-DEL01-RS"
121512;2018-03-28;"quarta-feira";"07:10:00";"SC";282;519;"XAXIM";"Falta de Atenção à Condução";"Tombamento";"Com Vítimas Feridas";"Pleno dia";"Decrescente";"Chuva";"Simples";"Declive;Reta";"Não";2;0;1;0;1;0;1;2;-26,95979732;-52,5276947;"SPRF-SC";"DEL07-SC";"UOP01-DEL07-SC"
121513;2018-03-28;"quarta-feira";"06:10:00";"AP";210;0,8;"MACAPA";"Falta de Atenção à Condução";"Colisão frontal";"Com Vítimas Feridas";"Pleno dia";"Decrescente";"Chuva";"Simples";"Reta";"Sim";2;0;1;0;1;0;1;2;0,07895884;-51,07124984;"SPRF-AP";"DEL01-AP";"UOP01-DEL01-AP"
121514;2018-03-28;"quarta-feira";"07:55:00";"RS";471;192,7;"PANTANO GRANDE";"Desobediência às normas de trânsito pelo condutor";"Saída de leito carroçável";"Com Vítimas Feridas";"Pleno dia";"Decrescente";"Céu Claro";"Simples";"Reta";"Não";1;0;1;0;0;0;1;1;-30,17837331;-52,36221313;"SPRF-RS";"DEL02-RS";"UOP02-DEL02-RS"
121515;2018-03-28;"quarta-feira";"07:00:00";"MG";40;692;"ALFREDO VASCONCELOS";"Falta de Atenção à Condução";"Colisão traseira";"Com Vítimas Feridas";"Pleno dia";"Crescente";"Céu Claro";"Dupla";"Reta";"Não";4;0;2;0;2;0;2;2;-21,1563;-43,7624;"SPRF-MG";"DEL05-MG";"UOP02-DEL05-MG"
121518;2018-03-27;"terça-feira";"18:50:00";"RS";116;39,3;"VACARIA";"Falta de Atenção do Pedestre";"Atropelamento de Pedestre";"Com Vítimas Feridas";"Plena Noite";"Crescente";"Nublado";"Simples";"Rotatória";"Sim";2;0;0;1;1;0;1;2;-28,51425438;-50,93512774;"SPRF-RS";"DEL05-RS";"UOP03-DEL05-RS"
121519;2018-03-28;"quarta-feira";"08:45:00";"MG";50;185;"UBERABA";"Avarias e/ou desgaste excessivo no pneu";"Tombamento";"Com Vítimas Feridas";"Pleno dia";"Crescente";"Sol";"Dupla";"Reta";"Não";1;0;1;0;0;0;1;1;-19,8219;-47,8925;"SPRF-MG";"DEL13-MG";"UOP01-DEL13-MG"
121520;2018-03-25;"domingo";"22:30:00";"PB";230;464,2;"SOUSA";"Ingestão de Álcool";"Colisão transversal";"Com Vítimas Feridas";"Plena Noite";"Crescente";"Garoa/Chuvisco";"Simples";"Interseção de Vias";"Sim";3;0;1;1;0;1;2;2;-6,77862342;-38,23565588;"SPRF-PB";"DEL03-PB";"UOP03-DEL03-PB"
121522;2018-03-28;"quarta-feira";"09:20:00";"PR";277;729,5;"FOZ DO IGUACU";"Falta de Atenção à Condução";"Colisão traseira";"Com Vítimas Feridas";"Pleno dia";"Crescente";"Chuva";"Dupla";"Curva";"Sim";2;0;1;0;1;0;1;1;-25,507555;-54,583755;"SPRF-PR";"DEL05-PR";"UOP03-DEL05-PR"
121523;2018-03-28;"quarta-feira";"08:00:00";"GO";153;495;"GOIANIA";"Não guardar distância de segurança";"Colisão traseira";"Com Vítimas Feridas";"Pleno dia";"Decrescente";"Céu Claro";"Dupla";"Reta;Aclive";"Sim";2;0;1;0;1;0;1;2;-16,6681;-49,2263;"SPRF-GO";"DEL01-GO";"UOP01-DEL01-GO"
121524;2018-03-28;"quarta-feira";"07:45:00";"GO";60;45,9;"APARECIDA DE GOIANIA";"Falta de Atenção à Condução";"Colisão lateral";"Com Vítimas Feridas";"Pleno dia";"Crescente";"Céu Claro";"Dupla";"Reta";"Sim";2;0;0;1;1;0;1;2;-16,8101;-49,2397;"SPRF-GO";"DEL01-GO";"UOP03-DEL01-GO"
121525;2018-03-28;"quarta-feira";"09:25:00";"PR";369;174,9;"ROLANDIA";"Ingestão de Álcool";"Colisão transversal";"Com Vítimas Feridas";"Pleno dia";"Crescente";"Sol";"Dupla";"Reta";"Sim";2;0;2;0;0;0;2;2;-23,32151843;-51,38274366;"SPRF-PR";"DEL07-PR";"UOP01-DEL07-PR"
121528;2018-03-28;"quarta-feira";"09:15:00";"PA";308;10,2;"MARITUBA";"Falta de Atenção do Pedestre";"Atropelamento de Pedestre";"Com Vítimas Feridas";"Pleno dia";"Crescente";"Céu Claro";"Dupla";"Reta";"Sim";2;0;1;0;1;0;1;2;-1,36567734;-48,35742027;"SPRF-PA";"DEL01-PA";"DEL19/1-UOP05/PA"
121529;2018-03-28;"quarta-feira";"09:30:00";"SC";101;163,2;"TIJUCAS";"Desobediência às normas de trânsito pelo condutor";"Saída de leito carroçável";"Com Vítimas Feridas";"Pleno dia";"Crescente";"Nublado";"Dupla";"Reta";"Sim";2;0;1;0;0;1;1;2;-27,2414;-48,6306;"SPRF-SC";"DEL04-SC";"UOP03-DEL04-SC"
121530;2018-03-28;"quarta-feira";"09:10:00";"RJ";116;77;"TERESOPOLIS";"Falta de Atenção à Condução";"Colisão transversal";"Sem Vítimas";"Pleno dia";"Crescente";"Céu Claro";"Simples";"Reta";"Não";2;0;0;0;2;0;0;2;-22,40243328;-42,95382375;"SPRF-RJ";"DEL04-RJ";"UOP01-DEL04-RJ"
121534;2018-03-28;"quarta-feira";"10:15:00";"RN";226;113,7;"SANTA CRUZ";"Velocidade Incompatível";"Capotamento";"Com Vítimas Feridas";"Pleno dia";"Decrescente";"Chuva";"Simples";"Curva";"Não";2;0;1;0;1;0;1;1;-6,220038;-36,020126;"SPRF-RN";"DEL03-RN";"UOP02-DEL03-RN"
121535;2018-03-28;"quarta-feira";"09:20:00";"SC";282;344,1;"CAMPOS NOVOS";"Pista Escorregadia";"Saída de leito carroçável";"Sem Vítimas";"Pleno dia";"Crescente";"Chuva";"Simples";"Rotatória";"Não";1;0;0;0;1;0;0;1;-27,381166;-51,240082;"SPRF-SC";"DEL07-SC";"UOP06-DEL07-SC"
121536;2018-03-16;"sexta-feira";"19:20:00";"SP";116;148,2;"SAO JOSE DOS CAMPOS";"Falta de Atenção à Condução";"Colisão traseira";"Sem Vítimas";"Plena Noite";"Decrescente";"Céu Claro";"Múltipla";"Reta";"Não";3;0;0;0;3;0;0;2;-23,20136019;-45,88009715;"SPRF-SP";"DEL02-SP";"UOP01-DEL02-SP"
121537;2018-03-28;"quarta-feira";"10:30:00";"MG";50;118,7;"UBERABA";"Velocidade Incompatível";"Saída de leito carroçável";"Com Vítimas Feridas";"Pleno dia";"Crescente";"Céu Claro";"Dupla";"Curva";"Não";4;0;3;1;0;0;4;1;-19,2995;-48,1139;"SPRF-MG";"DEL13-MG";"UOP01-DEL13-MG"
121539;2018-03-28;"quarta-feira";"12:50:00";"RJ";393;133;"SAPUCAIA";"Desobediência às normas de trânsito pelo condutor";"Colisão frontal";"Com Vítimas Feridas";"Pleno dia";"Decrescente";"Céu Claro";"Simples";"Em Obras";"Sim";2;0;1;1;0;0;2;2;-21,990076;-42,905018;"SPRF-RJ";"DEL06-RJ";"UOP01-DEL05-RJ"
121540;2018-03-28;"quarta-feira";"11:15:00";"AL";101;51,5;"FLEXEIRAS";"Falta de Atenção à Condução";"Colisão lateral";"Sem Vítimas";"Pleno dia";"Crescente";"Céu Claro";"Simples";"Curva";"Não";3;0;0;0;3;0;0;3;-9,241987;-35,760014;"SPRF-AL";"DEL01-AL";"UOP01-DEL01-AL"
121542;2018-03-28;"quarta-feira";"11:30:00";"RR";401;1;"BOA VISTA";"Falta de Atenção à Condução";"Colisão transversal";"Com Vítimas Feridas";"Pleno dia";"Decrescente";"Céu Claro";"Dupla";"Interseção de Vias";"Sim";2;0;1;0;1;0;1;2;2,802809;-60,684396;"SPRF-RR";"DEL01-RR";"UOP01-DEL01-RR"
121543;2018-03-28;"quarta-feira";"11:10:00";"BA";324;592;"CANDEIAS";"Defeito Mecânico no Veículo";"Colisão com objeto em movimento";"Sem Vítimas";"Pleno dia";"Crescente";"Nublado";"Dupla";"Reta";"Não";2;0;0;0;2;0;0;2;-12,69259321;-38,46588135;"SPRF-BA";"DEL01-BA";"UOP01-DEL01-BA"
121544;2018-03-28;"quarta-feira";"11:00:00";"PB";101;29;"RIO TINTO";"Defeito Mecânico no Veículo";"Saída de leito carroçável";"Com Vítimas Feridas";"Pleno dia";"Crescente";"Chuva";"Dupla";"Retorno Regulamentado";"Não";2;0;2;0;0;0;2;1;-6,7526;-35,1338;"SPRF-PB";"DEL01-PB";"UOP04-DEL01-PB"
121546;2018-03-23;"sexta-feira";"15:00:00";"ES";101;145,9;"LINHARES";"Falta de Atenção à Condução";"Colisão traseira";"Com Vítimas Feridas";"Pleno dia";"Decrescente";"Céu Claro";"Múltipla";"Reta";"Sim";3;0;2;0;1;0;2;2;-19,36895811;-40,06528527;"SPRF-ES";"DEL04-ES";"UOP01-DEL04-ES"
121548;2018-02-05;"segunda-feira";"07:45:00";"BA";367;58,6;"PORTO SEGURO";"Ultrapassagem Indevida";"Colisão lateral";"Com Vítimas Feridas";"Pleno dia";"Decrescente";"Nublado";"Simples";"Reta";"Não";5;0;1;0;2;2;1;3;-16,38713314;-39,37146073;"SPRF-BA";"DEL09-BA";"UOP01-DEL09-BA"
121549;2018-03-28;"quarta-feira";"11:40:00";"PE";116;36;"SALGUEIRO";"Condutor Dormindo";"Saída de leito carroçável";"Com Vítimas Feridas";"Pleno dia";"Decrescente";"Céu Claro";"Simples";"Declive;Reta";"Não";1;0;1;0;0;0;1;1;-8,153247;-39,109697;"SPRF-PE";"DEL05-PE";"UOP01-DEL05-PE"
121550;2018-03-28;"quarta-feira";"10:00:00";"MS";163;457,4;"CAMPO GRANDE";"Falta de Atenção à Condução";"Colisão transversal";"Sem Vítimas";"Pleno dia";"Decrescente";"Chuva";"Simples";"Interseção de Vias";"Sim";3;0;0;0;3;0;0;2;-20,66126194;-54,56138849;"SPRF-MS";"DEL01-MS";"UOP01-DEL01-MS"
121551;2018-03-28;"quarta-feira";"14:10:00";"PI";343;339;"TERESINA";"Defeito na Via";"Tombamento";"Com Vítimas Feridas";"Pleno dia";"Decrescente";"Sol";"Simples";"Reta";"Não";1;0;1;0;0;0;1;1;-5,06710213;-42,73087079;"SPRF-PI";"DEL01-PI";"UOP01-DEL01-PI"
121554;2018-03-28;"quarta-feira";"11:15:00";"SP";116;223,4;"GUARULHOS";"Desobediência às normas de trânsito pelo condutor";"Colisão lateral";"Com Vítimas Feridas";"Pleno dia";"Crescente";"Céu Claro";"Múltipla";"Reta";"Não";2;0;1;0;1;0;1;2;-23,50481125;-46,57104492;"SPRF-SP";"DEL01-SP";"UOP01-DEL01-SP"
121555;2018-03-28;"quarta-feira";"14:30:00";"SP";381;71,5;"MAIRIPORA";"Velocidade Incompatível";"Colisão com objeto estático";"Sem Vítimas";"Pleno dia";"Decrescente";"Chuva";"Dupla";"Aclive";"Não";1;0;0;0;1;0;0;1;-23,35403157;-46,55630794;"SPRF-SP";"DEL03-SP";"DEL6/3-UOP03/SP"
121556;2018-03-28;"quarta-feira";"13:45:00";"PA";316;13,7;"MARITUBA";"Desobediência às normas de trânsito pelo condutor";"Colisão transversal";"Com Vítimas Feridas";"Pleno dia";"Crescente";"Nublado";"Dupla";"Reta";"Sim";2;0;0;1;0;1;1;2;-1,36745344;-48,32498431;"SPRF-PA";"DEL01-PA";"DEL19/1-UOP05/PA"
121558;2018-03-28;"quarta-feira";"06:40:00";"MG";40;356;"FELIXLANDIA";"Falta de Atenção à Condução";"Colisão traseira";"Com Vítimas Feridas";"Pleno dia";"Decrescente";"Céu Claro";"Simples";"Reta";"Não";3;0;0;2;1;0;2;2;-18,730549;-44,882553;"SPRF-MG";"DEL02-MG";"UOP01-DEL02-MG"
121560;2018-03-28;"quarta-feira";"14:08:00";"AL";101;223,1;"PORTO REAL DO COLEGIO";"Animais na Pista";"Atropelamento de Animal";"Sem Vítimas";"Pleno dia";"Crescente";"Céu Claro";"Dupla";"Reta";"Sim";1;0;0;0;1;0;0;1;-10,09836;-36,705189;"SPRF-AL";"DEL02-AL";"UOP02-DEL02-AL"
121562;2018-03-28;"quarta-feira";"14:00:00";"PE";104;67;"CARUARU";"Desobediência às normas de trânsito pelo condutor";"Colisão lateral";"Com Vítimas Feridas";"Pleno dia";"Decrescente";"Nublado";"Dupla";"Reta";"Sim";2;0;1;0;1;0;1;2;-8,29723;-35,98791;"SPRF-PE";"DEL02-PE";"UOP01-DEL02-PE"
121563;2018-02-18;"domingo";"06:15:00";"RO";364;570,2;"ALTO PARAISO";"Defeito na Via";"Queda de ocupante de veículo";"Com Vítimas Feridas";"Amanhecer";"Crescente";"Ignorado";"Simples";"Curva";"Sim";1;0;0;1;0;0;1;1;-9,4786302;-63,10382724;"SPRF-RO";"DEL03-RO";"UOP04-DEL01-RO"
121565;2018-03-28;"quarta-feira";"07:30:00";"MA";316;327;"OLHO DAGUA DAS CUNHAS";"Pista Escorregadia";"Capotamento";"Com Vítimas Feridas";"Amanhecer";"Crescente";"Céu Claro";"Simples";"Reta";"Não";1;0;1;0;0;0;1;1;-4,102784;-45,028259;"SPRF-MA";"DEL02-MA";"DEL18/2-UOP03/MA"
121566;2018-03-28;"quarta-feira";"07:50:00";"MA";316;327;"OLHO DAGUA DAS CUNHAS";"Pista Escorregadia";"Saída de leito carroçável";"Com Vítimas Feridas";"Amanhecer";"Decrescente";"Céu Claro";"Simples";"Reta";"Não";1;0;1;0;0;0;1;1;-4,102784;-45,028259;"SPRF-MA";"DEL02-MA";"DEL18/2-UOP03/MA"
121567;2018-03-28;"quarta-feira";"14:05:00";"PE";232;16,8;"JABOATAO DOS GUARARAPES";"Pista Escorregadia";"Saída de leito carroçável";"Sem Vítimas";"Pleno dia";"Crescente";"Chuva";"Dupla";"Curva";"Sim";1;0;0;0;1;0;0;1;-8,09477281;-35,0421114;"SPRF-PE";"DEL01-PE";"UOP01-DEL01-PE"
121568;2018-03-28;"quarta-feira";"11:40:00";"MT";163;837;"SINOP";"Falta de Atenção à Condução";"Colisão transversal";"Com Vítimas Feridas";"Pleno dia";"Crescente";"Céu Claro";"Simples";"Reta";"Sim";2;0;1;0;1;0;1;2;-11,84319044;-55,49049497;"SPRF-MT";"DEL06-MT";"UOP02-DEL06-MT"
121569;2018-03-28;"quarta-feira";"12:30:00";"MG";116;316,5;"ITAMBACURI";"Defeito Mecânico no Veículo";"Capotamento";"Com Vítimas Feridas";"Pleno dia";"Crescente";"Céu Claro";"Simples";"Reta";"Não";1;0;1;0;0;0;1;1;-18,05621439;-41,66497836;"SPRF-MG";"DEL11-MG";"UOP01-DEL11-MG"
121570;2018-03-28;"quarta-feira";"15:00:00";"RN";101;107;"PARNAMIRIM";"Não guardar distância de segurança";"Colisão traseira";"Sem Vítimas";"Pleno dia";"Crescente";"Chuva";"Dupla";"Reta";"Sim";2;0;0;0;2;0;0;2;-5,919193;-35,264118;"SPRF-RN";"DEL01-RN";"UOP01-DEL01-RN"
121571;2018-03-28;"quarta-feira";"11:37:00";"PR";476;153,6;"ARAUCARIA";"Falta de Atenção à Condução";"Colisão traseira";"Com Vítimas Feridas";"Pleno dia";"Decrescente";"Céu Claro";"Dupla";"Reta";"Sim";2;0;1;0;1;0;1;2;-25,58158118;-49,39788312;"SPRF-PR";"DEL01-PR";"UOP06-DEL01-PR"
121574;2018-03-28;"quarta-feira";"14:30:00";"SP";116;92;"PINDAMONHANGABA";"Avarias e/ou desgaste excessivo no pneu";"Colisão com objeto estático";"Com Vítimas Feridas";"Pleno dia";"Crescente";"Sol";"Dupla";"Reta";"Sim";1;0;1;0;0;0;1;1;-22,952322;-45,404633;"SPRF-SP";"DEL06-SP";"UOP01-DEL06-SP"