"id";"data_inversa";"dia_semana";"horario";"uf";"br";"km";"municipio";"causa_acidente";"tipo_acidente";"classificacao_acidente";"fase_dia";"sentido_via";"condicao_metereologica";"tipo_pista";"tracado_via";"uso_solo";"pessoas";"mortos";"feridos_leves";"feridos_graves";"ilesos";"ignorados";"feridos";"veiculos";"latitude";"longitude";"regional";"delegacia";"uop"
121576;2018-03-28;"quarta-feira";"11:50:00";"PI";343;345;"TERESINA";"Falta de Atenção à Condução";"Colisão lateral";"Sem Vítimas";"Pleno dia";"Decrescente";"Céu Claro";"Simples";"Reta";"Sim";2;0;0;0;2;0;0;2;-5,102889;-42,766506;"SPRF-PI";"DEL01-PI";"UOP01-DEL01-PI"
121577;2018-03-28;"quarta-feira";"15:40:00";"PR";376;617,5;"SAO JOSE DOS PINHAIS";"Avarias e/ou desgaste excessivo no pneu";"Queda de ocupante de veículo";"Com Vítimas Feridas";"Pleno dia";"Crescente";"Garoa/Chuvisco";"Simples";"Retorno Regulamentado";"Não";1;0;1;0;0;0;1;1;-25,59317468;-49,17191771;"SPRF-PR";"DEL01-PR";"DEL7/1-UOP08/PR"
121579;2018-03-28;"quarta-feira";"14:20:00";"SC";101;103;"BALNEARIO PICARRAS";"Defeito Mecânico no Veículo";"Queda de ocupante de veículo";"Com Vítimas Feridas";"Pleno dia";"Decrescente";"Céu Claro";"Dupla";"Reta";"Não";2;0;2;0;0;0;2;1;-26,78136885;-48,68378341;"SPRF-SC";"DEL03-SC";"UOP02-DEL03-SC"
121580;2018-03-28;"quarta-feira";"10:20:00";"ES";262;4,9;"CARIACICA";"Desobediência às normas de trânsito pelo condutor";"Atropelamento de Pedestre";"Com Vítimas Feridas";"Pleno dia";"Crescente";"Céu Claro";"Múltipla";"Reta";"Sim";3;0;1;0;2;0;1;3;-20,33796738;-40,38483024;"SPRF-ES";"DEL01-ES";"UOP01-DEL01-ES"
121581;2018-03-28;"quarta-feira";"11:55:00";"ES";262;4;"CARIACICA";"Falta de Atenção à Condução";"Colisão lateral";"Com Vítimas Feridas";"Pleno dia";"Crescente";"Céu Claro";"Dupla";"Reta";"Sim";2;0;1;0;1;0;1;2;-20,33643322;-40,3787604;"SPRF-ES";"DEL01-ES";"UOP01-DEL01-ES"
121582;2018-03-28;"quarta-feira";"15:15:00";"RS";470;225;"GARIBALDI";"Falta de Atenção à Condução";"Colisão transversal";"Com Vítimas Feridas";"Pleno dia";"Crescente";"Nublado";"Simples";"Interseção de Vias";"Sim";2;0;1;0;1;0;1;2;-29,24600379;-51,51612908;"SPRF-RS";"DEL06-RS";"UOP01-DEL06-RS"
121586;2018-03-28;"quarta-feira";"16:00:00";"RS";285;398,6;"SANTA BARBARA DO SUL";"Velocidade Incompatível";"Saída de leito carroçável";"Com Vítimas Fatais";"Pleno dia";"Decrescente";"Chuva";"Simples";"Reta";"Não";3;1;2;0;0;0;2;1;-28,386579;-53,333727;"SPRF-RS";"DEL10-RS";"UOP01-DEL10-RS"
121588;2018-03-12;"segunda-feira";"16:35:00";"RO";364;16;"VILHENA";"Falta de Atenção à Condução";"Colisão traseira";"Com Vítimas Feridas";"Pleno dia";"Crescente";"Céu Claro";"Dupla";"Reta";"Sim";2;0;2;0;0;0;2;2;-12,734379;-60,156971;"SPRF-RO";"DEL04-RO";"UOP01-DEL04-RO"
121593;2018-03-28;"quarta-feira";"15:35:00";"RN";101;127,9;"SAO JOSE DE MIPIBU";"Pista Escorregadia";"Tombamento";"Com Vítimas Feridas";"Pleno dia";"Decrescente";"Chuva";"Dupla";"Reta";"Sim";2;0;1;0;1;0;1;1;-6,09473091;-35,23517136;"SPRF-RN";"DEL01-RN";"UOP01-DEL01-RN"
121595;2018-03-26;"segunda-feira";"13:50:00";"RJ";40;113;"DUQUE DE CAXIAS";"Objeto estático sobre o leito carroçável";"Colisão traseira";"Com Vítimas Feridas";"Pleno dia";"Decrescente";"Céu Claro";"Dupla";"Reta";"Não";3;0;0;1;2;0;1;3;-22,6266905;-43,2859814;"SPRF-RJ";"DEL01-RJ";"UOP01-DEL01-RJ"
121597;2018-03-28;"quarta-feira";"15:30:00";"GO";153;498;"GOIANIA";"Falta de Atenção à Condução";"Capotamento";"Sem Vítimas";"Pleno dia";"Decrescente";"Céu Claro";"Dupla";"Reta";"Sim";1;0;0;0;0;1;0;1;-16,6939;-49,2321;"SPRF-GO";"DEL01-GO";"UOP01-DEL01-GO"
121598;2018-03-28;"quarta-feira";"17:00:00";"MG";262;40;"MANHUACU";"Falta de Atenção à Condução";"Colisão transversal";"Com Vítimas Feridas";"Pleno dia";"Crescente";"Sol";"Simples";"Declive";"Sim";2;0;2;0;0;0;2;2;-20,273359;-42,049168;"SPRF-MG";"DEL06-MG";"UOP03-DEL06-MG"
121600;2018-03-28;"quarta-feira";"16:30:00";"RJ";40;96;"PETROPOLIS";"Não guardar distância de segurança";"Colisão lateral";"Sem Vítimas";"Pleno dia";"Decrescente";"Céu Claro";"Simples";"Curva";"Não";2;0;0;0;2;0;0;2;-22,5862;-43,2622;"SPRF-RJ";"DEL06-RJ";"UOP01-DEL06-RJ"
121601;2018-03-28;"quarta-feira";"08:30:00";"BA";20;185;"LUIS EDUARDO MAGALHAES";"Falta de Atenção à Condução";"Colisão transversal";"Com Vítimas Feridas";"Pleno dia";"Crescente";"Céu Claro";"Simples";"Reta";"Não";2;0;1;0;1;0;1;2;-12,3624;-45,8617;"SPRF-BA";"DEL10-BA";"UOP01-DEL10-BA"
121602;2018-03-28;"quarta-feira";"16:45:00";"BA";324;624;"SALVADOR";"Defeito Mecânico no Veículo";"Tombamento";"Com Vítimas Feridas";"Anoitecer";"Decrescente";"Céu Claro";"Dupla";"Reta";"Sim";2;0;2;0;0;0;2;1;-12,9510266;-38,47083539;"SPRF-BA";"DEL01-BA";"UOP01-DEL01-BA"
121604;2018-03-28;"quarta-feira";"10:00:00";"RS";480;66;"BARAO DE COTEGIPE";"Desobediência às normas de trânsito pelo condutor";"Colisão frontal";"Com Vítimas Feridas";"Pleno dia";"Decrescente";"Nublado";"Múltipla";"Curva";"Não";5;0;3;0;2;0;3;3;-27,628544;-52,362926;"SPRF-RS";"DEL08-RS";"UOP04-DEL08-RS"
121607;2018-01-15;"segunda-feira";"23:00:00";"PR";476;129;"CURITIBA";"Falta de Atenção à Condução";"Queda de ocupante de veículo";"Com Vítimas Feridas";"Plena Noite";"Crescente";"Ignorado";"Simples";"Reta";"Sim";2;0;1;0;0;1;1;2;-25,4289541;-49,267137;"SPRF-PR";"DEL01-PR";"UOP07-DEL01-PR"
121609;2018-03-28;"quarta-feira";"17:30:00";"MG";381;375,3;"SAO GONCALO DO RIO ABAIXO";"Falta de Atenção à Condução";"Colisão traseira";"Com Vítimas Fatais";"Anoitecer";"Decrescente";"Céu Claro";"Simples";"Reta";"Não";11;1;6;3;1;0;9;2;-19,8564395;-43,25115287;"SPRF-MG";"DEL01-MG";"UOP01-DEL01-MG"
121612;2018-03-28;"quarta-feira";"15:30:00";"MS";158;326,2;"TRES LAGOAS";"Velocidade Incompatível";"Capotamento";"Sem Vítimas";"Pleno dia";"Crescente";"Chuva";"Simples";"Reta";"Não";1;0;0;0;1;0;0;1;-21,157764;-51,968783;"SPRF-MS";"DEL07-MS";"UOP01-DEL07-MS"
121613;2018-03-28;"quarta-feira";"17:25:00";"PR";476;138,2;"CURITIBA";"Falta de Atenção à Condução";"Colisão lateral";"Com Vítimas Feridas";"Plena Noite";"Crescente";"Garoa/Chuvisco";"Múltipla";"Reta";"Sim";2;0;1;0;1;0;1;2;-25,506554;-49,284618;"SPRF-PR";"DEL01-PR";"UOP01-DEL01-PR"
121615;2018-03-28;"quarta-feira";"17:25:00";"SC";470;66,3;"INDAIAL";"Falta de Atenção à Condução";"Colisão traseira";"Com Vítimas Feridas";"Pleno dia";"Decrescente";"Nublado";"Simples";"Reta";"Sim";2;0;1;0;1;0;1;2;-26,87017158;-49,20843959;"SPRF-SC";"DEL04-SC";"UOP01-DEL04-SC"
121616;2018-03-28;"quarta-feira";"18:00:00";"RS";290;721;"URUGUAIANA";"Avarias e/ou desgaste excessivo no pneu";"Tombamento";"Com Vítimas Feridas";"Anoitecer";"Decrescente";"Céu Claro";"Simples";"Curva";"Sim";2;0;1;0;1;0;1;1;-29,76014433;-57,05933419;"SPRF-RS";"DEL13-RS";"UOP01-DEL13-RS"
121617;2018-03-28;"quarta-feira";"17:45:00";"RS";116;235,3;"NOVO HAMBURGO";"Falta de Atenção à Condução";"Atropelamento de Pedestre";"Com Vítimas Feridas";"Pleno dia";"Decrescente";"Nublado";"Simples";"Reta";"Sim";2;0;1;0;1;0;1;2;-29,66344824;-51,14344418;"SPRF-RS";"DEL01-RS";"UOP02-DEL01-RS"
121618;2018-03-28;"quarta-feira";"17:20:00";"GO";60;102;"ANAPOLIS";"Defeito Mecânico no Veículo";"Tombamento";"Com Vítimas Feridas";"Anoitecer";"Crescente";"Nublado";"Dupla";"Reta";"Não";1;0;1;0;0;0;1;1;-16,320274;-48,870555;"SPRF-GO";"DEL02-GO";"UOP01-DEL02-GO"
121619;2018-03-28;"quarta-feira";"18:00:00";"PE";408;59;"TRACUNHAEM";"Restrição de Visibilidade";"Colisão frontal";"Com Vítimas Feridas";"Plena Noite";"Decrescente";"Chuva";"Simples";"Interseção de Vias";"Não";2;0;1;0;1;0;1;2;-7,807879;-35,243155;"SPRF-PE";"DEL01-PE";"UOP01-DEL01-PE"
121620;2018-03-28;"quarta-feira";"17:15:00";"PR";373;275,4;"PRUDENTOPOLIS";"Falta de Atenção à Condução";"Colisão traseira";"Com Vítimas Feridas";"Pleno dia";"Crescente";"Nublado";"Simples";"Reta";"Não";3;0;2;0;1;0;2;2;-25,26235623;-51,06235032;"SPRF-PR";"DEL03-PR";"UOP01-DEL03-PR"
121622;2018-03-28;"quarta-feira";"20:10:00";"PI";343;267,2;"CAMPO MAIOR";"Desobediência às normas de trânsito pelo condutor";"Colisão frontal";"Com Vítimas Feridas";"Plena Noite";"Crescente";"Garoa/Chuvisco";"Simples";"Reta";"Sim";3;0;0;2;1;0;2;2;-4,84468056;-42,17170715;"SPRF-PI";"DEL01-PI";"UOP03-DEL01-PI"
121623;2018-03-28;"quarta-feira";"15:20:00";"MG";116;411;"GOVERNADOR VALADARES";"Falta de Atenção à Condução";"Colisão lateral";"Com Vítimas Feridas";"Pleno dia";"Crescente";"Nublado";"Dupla";"Viaduto";"Sim";2;0;1;0;1;0;1;2;-18,85171113;-41,98219299;"SPRF-MG";"DEL06-MG";"UOP01-DEL06-MG"
121625;2018-03-28;"quarta-feira";"19:25:00";"PR";277;724;"FOZ DO IGUACU";"Falta de Atenção à Condução";"Atropelamento de Pedestre";"Com Vítimas Feridas";"Plena Noite";"Crescente";"Chuva";"Dupla";"Reta";"Sim";2;0;1;0;0;1;1;2;-25,502563;-54,538681;"SPRF-PR";"DEL05-PR";"UOP01-DEL05-PR"
121627;2018-03-28;"quarta-feira";"13:50:00";"MT";70;217,6;"GENERAL CARNEIRO";"Pista Escorregadia";"Saída de leito carroçável";"Com Vítimas Feridas";"Pleno dia";"Crescente";"Chuva";"Simples";"Curva";"Não";4;0;1;0;3;0;1;1;-15,68151016;-53,84978771;"SPRF-MT";"DEL05-MT";"UOP01-DEL05-MT"
121628;2018-03-28;"quarta-feira";"20:40:00";"PB";230;23,2;"JOAO PESSOA";"Velocidade Incompatível";"Colisão lateral";"Com Vítimas Feridas";"Plena Noite";"Decrescente";"Céu Claro";"Dupla";"Reta";"Sim";2;0;1;0;1;0;1;2;-7,162351;-34,860897;"SPRF-PB";"DEL01-PB";"UOP01-DEL01-PB"
121629;2018-03-28;"quarta-feira";"20:22:00";"PI";230;307;"FLORIANO";"Falta de Atenção à Condução";"Queda de ocupante de veículo";"Com Vítimas Feridas";"Plena Noite";"Crescente";"Céu Claro";"Dupla";"Curva";"Não";2;0;1;0;1;0;1;1;-6,81598924;-42,95036316;"SPRF-PI";"DEL03-PI";"UOP01-DEL03-PI"
121630;2018-03-28;"quarta-feira";"20:15:00";"PE";232;12;"JABOATAO DOS GUARARAPES";"Falta de Atenção à Condução";"Colisão traseira";"Sem Vítimas";"Plena Noite";"Crescente";"Nublado";"Dupla";"Retorno Regulamentado;Reta";"Não";2;0;0;0;2;0;0;2;-8,085784;-35,003479;"SPRF-PE";"DEL01-PE";"UOP01-DEL01-PE"
121631;2018-03-28;"quarta-feira";"19:05:00";"RJ";101;483,4;"ANGRA DOS REIS";"Desobediência às normas de trânsito pelo condutor";"Colisão transversal";"Com Vítimas Feridas";"Plena Noite";"Decrescente";"Céu Claro";"Simples";"Curva";"Sim";3;0;1;0;2;0;1;2;-23,00400283;-44,29704666;"SPRF-RJ";"DEL03-RJ";"UOP03-DEL03-RJ"
121632;2018-03-28;"quarta-feira";"16:30:00";"PA";316;39;"SANTA IZABEL DO PARA";"Velocidade Incompatível";"Saída de leito carroçável";"Com Vítimas Feridas";"Pleno dia";"Decrescente";"Chuva";"Dupla";"Reta";"Não";1;0;1;0;0;0;1;1;-1,291732;-48,160191;"SPRF-PA";"DEL01-PA";"UOP01-DEL01-PA"
121633;2018-03-28;"quarta-feira";"17:28:00";"MG";381;155,2;"GOVERNADOR VALADARES";"Falta de Atenção à Condução";"Colisão traseira";"Com Vítimas Feridas";"Plena Noite";"Crescente";"Céu Claro";"Simples";"Reta";"Não";2;0;1;0;1;0;1;2;-18,859725;-41,985318;"SPRF-MG";"DEL06-MG";"UOP01-DEL06-MG"
121634;2018-03-28;"quarta-feira";"19:00:00";"RS";158;335,4;"SANTA MARIA";"Desobediência às normas de trânsito pelo condutor";"Colisão transversal";"Com Vítimas Feridas";"Plena Noite";"Crescente";"Céu Claro";"Simples";"Interseção de Vias;Reta";"Sim";3;0;1;2;0;0;3;2;-29,71787397;-53,87901306;"SPRF-RS";"DEL09-RS";"UOP01-DEL09-RS"
121636;2018-03-28;"quarta-feira";"19:10:00";"PR";376;596;"CURITIBA";"Falta de Atenção do Pedestre";"Atropelamento de Pedestre";"Com Vítimas Feridas";"Plena Noite";"Crescente";"Garoa/Chuvisco";"Dupla";"Reta";"Sim";2;0;1;0;1;0;1;2;-25,4289541;-49,267137;"SPRF-PR";"DEL01-PR";"UOP06-DEL01-PR"
121637;2018-03-28;"quarta-feira";"19:00:00";"SC";101;32,5;"JOINVILLE";"Falta de Atenção à Condução";"Engavetamento";"Sem Vítimas";"Plena Noite";"Decrescente";"Chuva";"Dupla";"Curva";"Sim";3;0;0;0;3;0;0;3;-26,25166977;-48,90804217;"SPRF-SC";"DEL03-SC";"UOP01-DEL03-SC"
121638;2018-03-28;"quarta-feira";"18:45:00";"GO";50;280,6;"CATALAO";"Desobediência às normas de trânsito pelo condutor";"Colisão transversal";"Com Vítimas Feridas";"Plena Noite";"Crescente";"Céu Claro";"Simples";"Interseção de Vias";"Sim";2;0;1;0;1;0;1;2;-18,18369247;-47,94570923;"SPRF-GO";"DEL06-GO";"UOP01-DEL06-GO"
121639;2018-03-28;"quarta-feira";"18:20:00";"RN";101;28,1;"RIO DO FOGO";"Defeito na Via";"Colisão traseira";"Com Vítimas Feridas";"Plena Noite";"Crescente";"Chuva";"Simples";"Reta";"Não";2;0;1;0;1;0;1;2;-5,355145;-35,3864939;"SPRF-RN";"DEL02-RN";"UOP01-DEL02-RN"
121640;2018-03-28;"quarta-feira";"20:15:00";"SC";101;136;"BALNEARIO CAMBORIU";"Não guardar distância de segurança";"Colisão traseira";"Sem Vítimas";"Plena Noite";"Decrescente";"Céu Claro";"Dupla";"Curva";"Sim";2;0;0;0;2;0;0;2;-27,0158;-48,6117;"SPRF-SC";"DEL04-SC";"UOP03-DEL04-SC"
121641;2018-03-28;"quarta-feira";"15:50:00";"PR";158;326,3;"PALMITAL";"Pista Escorregadia";"Saída de leito carroçável";"Com Vítimas Fatais";"Pleno dia";"Crescente";"Chuva";"Simples";"Curva";"Não";1;1;0;0;0;0;0;1;-24,90138485;-52,2379303;"SPRF-PR";"DEL04-PR";"UOP02-DEL04-PR"
121642;2018-03-28;"quarta-feira";"16:30:00";"RO";319;62;"PORTO VELHO";"Desobediência às normas de trânsito pelo condutor";"Colisão transversal";"Com Vítimas Feridas";"Pleno dia";"Crescente";"Céu Claro";"Dupla";"Interseção de Vias";"Sim";2;0;1;0;1;0;1;2;-8,748025;-63,888137;"SPRF-RO";"DEL01-RO";"UOP01-DEL01-RO"
121643;2018-03-28;"quarta-feira";"18:50:00";"RS";116;245;"SAO LEOPOLDO";"Falta de Atenção à Condução";"Colisão lateral";"Com Vítimas Feridas";"Plena Noite";"Crescente";"Nublado";"Dupla";"Rotatória";"Sim";2;0;1;0;1;0;1;2;-29,7441652;-51,15148092;"SPRF-RS";"DEL01-RS";"UOP02-DEL01-RS"
121644;2018-03-28;"quarta-feira";"20:00:00";"PR";277;593,8;"CASCAVEL";"Falta de Atenção à Condução";"Colisão lateral";"Com Vítimas Feridas";"Plena Noite";"Crescente";"Chuva";"Simples";"Reta";"Não";2;0;1;0;1;0;1;2;-24,9799167;-53,48622769;"SPRF-PR";"DEL04-PR";"UOP01-DEL04-PR"
121645;2018-03-28;"quarta-feira";"17:55:00";"SC";470;7;"NAVEGANTES";"Falta de Atenção à Condução";"Colisão transversal";"Com Vítimas Feridas";"Anoitecer";"Decrescente";"Nublado";"Simples";"Reta";"Sim";2;0;1;0;1;0;1;2;-26,84499;-48,71505;"SPRF-SC";"DEL04-SC";"UOP04-DEL04-SC"
121646;2018-03-28;"quarta-feira";"18:55:00";"SC";282;17,4;"PALHOCA";"Restrição de Visibilidade";"Colisão transversal";"Sem Vítimas";"Pleno dia";"Decrescente";"Nublado";"Simples";"Reta";"Não";2;0;0;0;2;0;0;2;-27,665707;-48,688065;"SPRF-SC";"DEL01-SC";"UOP02-DEL01-SC"
121647;2018-03-28;"quarta-feira";"18:45:00";"DF";70;3;"BRASILIA";"Falta de Atenção à Condução";"Colisão traseira";"Com Vítimas Feridas";"Plena Noite";"Crescente";"Céu Claro";"Dupla";"Reta";"Não";6;0;4;0;2;0;4;2;-15,802453;-48,080387;"SPRF-DF";"DEL01-DF";"UOP02-DEL03-DF"
121648;2018-03-28;"quarta-feira";"21:15:00";"RS";290;108;"ELDORADO DO SUL";"Desobediência às normas de trânsito pelo condutor";"Colisão transversal";"Com Vítimas Feridas";"Plena Noite";"Decrescente";"Céu Claro";"Múltipla";"Reta";"Não";2;0;0;1;0;1;1;2;-30,006546;-51,312927;"SPRF-RS";"DEL02-RS";"UOP01-DEL02-RS"
121649;2018-03-28;"quarta-feira";"21:00:00";"DF";80;16,7;"BRASILIA";"Ingestão de Álcool";"Colisão transversal";"Com Vítimas Feridas";"Plena Noite";"Decrescente";"Nublado";"Simples";"Reta";"Não";2;0;1;0;1;0;1;2;-15,69444228;-48,20435632;"SPRF-DF";"DEL01-DF";"UOP02-DEL03-DF"
121650;2018-03-28;"quarta-feira";"18:30:00";"PA";308;8,7;"ANANINDEUA";"Falta de Atenção do Pedestre";"Colisão transversal";"Com Vítimas Feridas";"Plena Noite";"Crescente";"Ignorado";"Dupla";"Reta";"Sim";4;0;0;1;1;2;1;3;-1,366649;-48,37060064;"SPRF-PA";"DEL01-PA";"DEL19/1-UOP05/PA"
121651;2018-03-28;"quarta-feira";"20:00:00";"PR";476;130;"CURITIBA";"Desobediência às normas de trânsito pelo condutor";"Colisão com objeto estático";"Com Vítimas Feridas";"Plena Noite";"Decrescente";"Chuva";"Simples";"Reta";"Sim";3;0;2;0;1;0;2;1;-25,451592;-49,237718;"SPRF-PR";"DEL01-PR";"UOP07-DEL01-PR"
121652;2018-03-28;"quarta-feira";"19:35:00";"RO";319;60,9;"PORTO VELHO";"Falta de Atenção à Condução";"Colisão transversal";"Com Vítimas Feridas";"Plena Noite";"Decrescente";"Céu Claro";"Dupla";"Rotatória";"Sim";4;0;4;0;0;0;4;2;-8,73850686;-63,89030457;"SPRF-RO";"DEL01-RO";"UOP01-DEL01-RO"
121655;2018-03-28;"quarta-feira";"20:00:00";"GO";452;35,7;"SANTA HELENA DE GOIAS";"Não guardar distância de segurança";"Queda de ocupante de veículo";"Com Vítimas Feridas";"Pleno dia";"Crescente";"Céu Claro";"Simples";"Reta";"Não";1;0;1;0;0;0;1;1;-17,92255607;-50,59455156;"SPRF-GO";"DEL04-GO";"UOP01-DEL04-GO"
121660;2018-03-28;"quarta-feira";"19:40:00";"MG";40;611,6;"CONGONHAS";"Falta de Atenção do Pedestre";"Atropelamento de Pedestre";"Com Vítimas Feridas";"Plena Noite";"Crescente";"Céu Claro";"Simples";"Reta";"Sim";3;0;0;1;1;1;1;2;-20,517;-43,8375;"SPRF-MG";"DEL05-MG";"UOP02-DEL05-MG"
121662;2018-03-28;"quarta-feira";"20:10:00";"BA";324;578;"SAO SEBASTIAO DO PASSE";"Fenômenos da Natureza";"Capotamento";"Sem Vítimas";"Plena Noite";"Crescente";"Chuva";"Dupla";"Reta";"Não";1;0;0;0;1;0;0;1;-12,59720879;-38,51600647;"SPRF-BA";"DEL01-BA";"UOP01-DEL01-BA"
121663;2018-03-28;"quarta-feira";"21:40:00";"MT";70;8;"BARRA DO GARCAS";"Falta de Atenção à Condução";"Colisão transversal";"Com Vítimas Feridas";"Plena Noite";"Decrescente";"Céu Claro";"Simples";"Reta";"Sim";2;0;1;0;1;0;1;2;-15,878259;-52,325825;"SPRF-MT";"DEL07-MT";"UOP01-DEL07-MT"
121664;2018-03-28;"quarta-feira";"19:30:00";"RO";364;421;"JARU";"Desobediência às normas de trânsito pelo condutor";"Colisão transversal";"Com Vítimas Feridas";"Plena Noite";"Decrescente";"Céu Claro";"Simples";"Reta";"Sim";1;0;1;0;0;0;1;1;-10,467289;-62,450893;"SPRF-RO";"DEL03-RO";"UOP02-DEL03-RO"
121665;2018-03-28;"quarta-feira";"21:40:00";"PE";424;94;"GARANHUNS";"Ingestão de álcool e/ou substâncias psicoativas pelo pedestre";"Colisão transversal";"Sem Vítimas";"Plena Noite";"Crescente";"Céu Claro";"Simples";"Reta";"Não";2;0;0;0;2;0;0;2;-8,87852075;-36,47722989;"SPRF-PE";"DEL03-PE";"UOP01-DEL03-PE"
121666;2018-03-28;"quarta-feira";"18:30:00";"SC";282;424,9;"VARGEM BONITA";"Velocidade Incompatível";"Capotamento";"Sem Vítimas";"Anoitecer";"Crescente";"Chuva";"Simples";"Curva";"Não";1;0;0;0;1;0;0;1;-26,988014;-51,753124;"SPRF-SC";"DEL07-SC";"UOP05-DEL07-SC"
121667;2018-03-28;"quarta-feira";"20:00:00";"PE";110;261,3;"JATOBA";"Animais na Pista";"Atropelamento de Animal";"Com Vítimas Feridas";"Plena Noite";"Crescente";"Céu Claro";"Simples";"Reta";"Não";4;0;1;0;3;0;1;1;-9,29188581;-38,20770264;"SPRF-BA";"DEL07-BA";"UOP01-DEL07-BA"
121669;2018-03-28;"quarta-feira";"21:00:00";"RN";101;107,1;"PARNAMIRIM";"Ingestão de álcool e/ou substâncias psicoativas pelo pedestre";"Atropelamento de Pedestre";"Com Vítimas Feridas";"Plena Noite";"Decrescente";"Chuva";"Múltipla";"Reta";"Sim";2;0;1;0;1;0;1;2;-5,915849;-35,262524;"SPRF-RN";"DEL01-RN";"UOP01-DEL01-RN"
121670;2018-03-28;"quarta-feira";"18:10:00";"ES";101;301,1;"VIANA";"Falta de Atenção à Condução";"Tombamento";"Com Vítimas Feridas";"Plena Noite";"Crescente";"Céu Claro";"Múltipla";"Reta";"Não";2;0;1;0;0;1;1;2;-20,3625353;-40,4409008;"SPRF-ES";"DEL01-ES";"UOP01-DEL01-ES"
121671;2018-03-28;"quarta-feira";"22:00:00";"RJ";116;305;"RESENDE";"Desobediência às normas de trânsito pelo condutor";"Colisão transversal";"Com Vítimas Feridas";"Plena Noite";"Crescente";"Nublado";"Simples";"Interseção de Vias";"Sim";2;0;0;1;1;0;1;2;-22,4656093;-44,436028;"SPRF-RJ";"DEL07-RJ";"DEL5/7-UOP03/RJ"
121672;2018-03-28;"quarta-feira";"22:00:00";"SP";116;3;"GUARULHOS";"Falta de Atenção à Condução";"Engavetamento";"Com Vítimas Feridas";"Plena Noite";"Decrescente";"Nublado";"Dupla";"Reta";"Não";4;0;1;0;3;0;1;3;-23,42948488;-46,49304628;"SPRF-SP";"DEL01-SP";"UOP01-DEL01-SP"
121674;2018-03-28;"quarta-feira";"18:45:00";"RO";364;236,1;"CACOAL";"Falta de Atenção do Pedestre";"Atropelamento de Pedestre";"Com Vítimas Feridas";"Plena Noite";"Decrescente";"Nublado";"Simples";"Reta";"Sim";2;0;1;0;1;0;1;2;-11,445874;-61,437862;"SPRF-RO";"DEL02-RO";"UOP02-DEL02-RO"
121677;2018-03-28;"quarta-feira";"22:30:00";"RJ";116;87;"TERESOPOLIS";"Desobediência às normas de trânsito pelo condutor";"Colisão com objeto estático";"Com Vítimas Feridas";"Plena Noite";"Crescente";"Nublado";"Simples";"Reta";"Não";2;0;1;0;1;0;1;1;-22,445335;-42,951752;"SPRF-RJ";"DEL04-RJ";"UOP01-DEL04-RJ"
121679;2018-03-28;"quarta-feira";"22:40:00";"PE";101;83;"JABOATAO DOS GUARARAPES";"Falta de Atenção à Condução";"Colisão transversal";"Sem Vítimas";"Plena Noite";"Decrescente";"Chuva";"Simples";"Reta";"Não";2;0;0;0;2;0;0;2;-8,1777;-34,9526;"SPRF-PE";"DEL01-PE";"UOP03-DEL01-PE"
121680;2018-03-28;"quarta-feira";"19:15:00";"RS";101;71,9;"OSORIO";"Falta de Atenção do Pedestre";"Atropelamento de Pedestre";"Com Vítimas Fatais";"Plena Noite";"Crescente";"Garoa/Chuvisco";"Dupla";"Reta";"Sim";3;1;0;0;2;0;0;2;-29,83111376;-50,24597168;"SPRF-RS";"DEL03-RS";"UOP01-DEL03-RS"
121681;2018-03-28;"quarta-feira";"19:50:00";"BA";324;512,8;"FEIRA DE SANTANA";"Defeito Mecânico no Veículo";"Colisão transversal";"Com Vítimas Feridas";"Plena Noite";"Decrescente";"Nublado";"Simples";"Reta";"Sim";3;0;3;0;0;0;3;2;-12,2299706;-38,95889282;"SPRF-BA";"DEL02-BA";"UOP01-DEL02-BA"
121682;2018-03-28;"quarta-feira";"23:00:00";"SC";101;187,5;"BIGUACU";"Defeito Mecânico no Veículo";"Queda de ocupante de veículo";"Com Vítimas Feridas";"Plena Noite";"Crescente";"Garoa/Chuvisco";"Dupla";"Reta";"Sim";1;0;1;0;0;0;1;1;-27,4514;-48,6336;"SPRF-SC";"DEL01-SC";"UOP01-DEL01-SC"
121683;2018-03-28;"quarta-feira";"22:00:00";"RN";304;34,7;"MOSSORO";"Defeito na Via";"Colisão com objeto estático";"Com Vítimas Feridas";"Plena Noite";"Crescente";"Nublado";"Dupla";"Reta";"Sim";2;0;1;0;1;0;1;1;-5,152564;-37,34874;"SPRF-RN";"DEL04-RN";"UOP02-DEL04-RN"
121684;2018-03-28;"quarta-feira";"23:15:00";"GO";153;303,8;"RIALMA";"Ultrapassagem Indevida";"Saída de leito carroçável";"Sem Vítimas";"Plena Noite";"Crescente";"Nublado";"Simples";"Reta";"Não";1;0;0;0;1;0;0;1;-15,33105729;-49,5707792;"SPRF-GO";"DEL02-GO";"UOP02-DEL02-GO"