"id";"data_inversa";"dia_semana";"horario";"uf";"br";"km";"municipio";"causa_acidente";"tipo_acidente";"classificacao_acidente";"fase_dia";"sentido_via";"condicao_metereologica";"tipo_pista";"tracado_via";"uso_solo";"pessoas";"mortos";"feridos_leves";"feridos_graves";"ilesos";"ignorados";"feridos";"veiculos";"latitude";"longitude";"regional";"delegacia";"uop"
121818;2018-03-29;"quinta-feira";"14:55:00";"CE";20;359;"CARIDADE";"Falta de Atenção à Condução";"Capotamento";"Sem Vítimas";"Pleno dia";"Decrescente";"Nublado";"Simples";"Interseção de Vias";"Não";2;0;0;0;2;0;0;1;-4,032512;-38,992687;"SPRF-CE";"DEL02-CE";"UOP01-DEL02-CE"
121819;2018-03-29;"quinta-feira";"12:30:00";"BA";415;56;"ITABUNA";"Velocidade Incompatível";"Colisão frontal";"Com Vítimas Fatais";"Pleno dia";"Crescente";"Chuva";"Simples";"Aclive;Curva";"Não";6;1;0;5;0;0;5;2;-14,814651;-39,296741;"SPRF-BA";"DEL05-BA";"UOP01-DEL05-BA"
121821;2018-03-29;"quinta-feira";"14:50:00";"PR";116;47,3;"CAMPINA GRANDE DO SUL";"Velocidade Incompatível";"Saída de leito carroçável";"Sem Vítimas";"Pleno dia";"Decrescente";"Chuva";"Dupla";"Curva";"Não";1;0;0;0;1;0;0;1;-25,210619;-48,897217;"SPRF-PR";"DEL01-PR";"UOP02-DEL01-PR"
121822;2018-03-29;"quinta-feira";"15:30:00";"SP";116;142;"SAO JOSE DOS CAMPOS";"Não guardar distância de segurança";"Colisão traseira";"Sem Vítimas";"Pleno dia";"Decrescente";"Céu Claro";"Dupla";"Reta";"Sim";6;0;0;0;6;0;0;6;-23,174294;-45,829464;"SPRF-SP";"DEL06-SP";"UOP02-DEL02-SP"
121824;2018-03-29;"quinta-feira";"15:00:00";"PR";373;405,2;"CANDOI";"Ultrapassagem Indevida";"Colisão frontal";"Com Vítimas Feridas";"Pleno dia";"Decrescente";"Nublado";"Simples";"Reta;Aclive";"Não";5;0;1;2;2;0;3;3;-25,61509886;-52,06143558;"SPRF-PR";"DEL03-PR";"UOP01-DEL08-PR"
121826;2018-03-29;"quinta-feira";"15:20:00";"RS";290;96;"PORTO ALEGRE";"Objeto estático sobre o leito carroçável";"Tombamento";"Com Vítimas Feridas";"Pleno dia";"Decrescente";"Céu Claro";"Dupla";"Reta";"Sim";1;0;1;0;0;0;1;1;-29,9920893;-51,2038935;"SPRF-RS";"DEL01-RS";"UOP01-DEL01-RS"
121828;2018-03-29;"quinta-feira";"14:48:00";"PA";155;333;"MARABA";"Fenômenos da Natureza";"Saída de leito carroçável";"Com Vítimas Feridas";"Pleno dia";"Decrescente";"Chuva";"Simples";"Reta";"Não";3;0;1;0;2;0;1;1;-5,471545;-49,075897;"SPRF-PA";"DEL03-PA";"UOP01-DEL03-PA"
121831;2018-03-29;"quinta-feira";"15:20:00";"RS";290;212,5;"PANTANO GRANDE";"Não guardar distância de segurança";"Colisão traseira";"Sem Vítimas";"Pleno dia";"Crescente";"Sol";"Simples";"Reta";"Não";3;0;0;0;2;1;0;3;-30,1818106;-52,345383;"SPRF-RS";"DEL02-RS";"UOP02-DEL02-RS"
121832;2018-03-29;"quinta-feira";"15:00:00";"SP";116;367;"MIRACATU";"Velocidade Incompatível";"Colisão com objeto estático";"Sem Vítimas";"Pleno dia";"Decrescente";"Chuva";"Dupla";"Curva";"Não";1;0;0;0;1;0;0;1;-24,147019;-47,301096;"SPRF-SP";"DEL04-SP";"UOP02-DEL04-SP"
121834;2018-03-29;"quinta-feira";"14:15:00";"RS";470;172;"VERANOPOLIS";"Ingestão de Álcool";"Colisão transversal";"Sem Vítimas";"Pleno dia";"Crescente";"Céu Claro";"Simples";"Reta;Interseção de Vias";"Não";2;0;0;0;2;0;0;2;-28,89701192;-51,55263384;"SPRF-RS";"DEL06-RS";"UOP02-DEL06-RS"
121836;2018-03-29;"quinta-feira";"15:15:00";"SP";153;61,5;"SAO JOSE DO RIO PRETO";"Agressão Externa";"Colisão traseira";"Com Vítimas Feridas";"Pleno dia";"Crescente";"Céu Claro";"Dupla";"Reta";"Sim";2;0;1;0;1;0;1;2;-20,805029;-49,355747;"SPRF-SP";"DEL09-SP";"UOP01-DEL09-SP"
121837;2018-03-29;"quinta-feira";"14:25:00";"MS";163;535,4;"JARAGUARI";"Pista Escorregadia";"Capotamento";"Com Vítimas Feridas";"Pleno dia";"Crescente";"Garoa/Chuvisco";"Simples";"Reta";"Não";1;0;1;0;0;0;1;1;-20,03727537;-54,41115528;"SPRF-MS";"DEL01-MS";"UOP02-DEL01-MS"
121840;2018-03-29;"quinta-feira";"15:30:00";"SC";101;212;"PALHOCA";"Não guardar distância de segurança";"Colisão traseira";"Sem Vítimas";"Pleno dia";"Decrescente";"Nublado";"Dupla";"Reta";"Sim";2;0;0;0;2;0;0;2;-27,6372;-48,6651;"SPRF-SC";"DEL01-SC";"UOP02-DEL01-SC"
121842;2018-03-29;"quinta-feira";"16:00:00";"SC";101;138;"BALNEARIO CAMBORIU";"Não guardar distância de segurança";"Colisão traseira";"Com Vítimas Feridas";"Pleno dia";"Decrescente";"Chuva";"Dupla";"Reta";"Sim";3;0;1;0;2;0;1;3;-27,032;-48,6051;"SPRF-SC";"DEL04-SC";"UOP03-DEL04-SC"
121844;2018-03-29;"quinta-feira";"15:35:00";"PE";104;28,9;"TORITAMA";"Desobediência às normas de trânsito pelo condutor";"Colisão transversal";"Com Vítimas Feridas";"Pleno dia";"Decrescente";"Nublado";"Simples";"Reta";"Sim";2;0;2;0;0;0;2;2;-8,0065;-36,0709;"SPRF-PE";"DEL02-PE";"UOP01-DEL02-PE"
121845;2018-03-29;"quinta-feira";"15:43:00";"SP";116;146,3;"SAO JOSE DOS CAMPOS";"Defeito Mecânico no Veículo";"Queda de ocupante de veículo";"Com Vítimas Feridas";"Pleno dia";"Crescente";"Céu Claro";"Dupla";"Declive";"Sim";2;0;2;0;0;0;2;1;-23,191269;-45,863358;"SPRF-SP";"DEL02-SP";"UOP01-DEL02-SP"
121846;2018-03-29;"quinta-feira";"15:45:00";"RS";101;86;"OSORIO";"Falta de Atenção à Condução";"Colisão transversal";"Com Vítimas Feridas";"Pleno dia";"Decrescente";"Nublado";"Dupla";"Curva";"Sim";3;0;1;0;2;0;1;2;-29,8570916;-50,2478906;"SPRF-RS";"DEL03-RS";"UOP01-DEL03-RS"
121847;2018-03-29;"quinta-feira";"15:45:00";"CE";116;42;"HORIZONTE";"Não guardar distância de segurança";"Colisão traseira";"Com Vítimas Feridas";"Pleno dia";"Crescente";"Sol";"Múltipla";"Reta";"Não";2;0;1;0;1;0;1;2;-4,1229;-38,486;"SPRF-CE";"DEL01-CE";"UOP02-DEL01-CE"
121849;2018-03-29;"quinta-feira";"16:15:00";"PR";376;312;"ORTIGUEIRA";"Pista Escorregadia";"Capotamento";"Sem Vítimas";"Pleno dia";"Decrescente";"Chuva";"Simples";"Curva";"Não";2;0;0;0;2;0;0;1;-23,93731009;-51,14273071;"SPRF-PR";"DEL07-PR";"UOP02-DEL07-PR"
121852;2018-03-29;"quinta-feira";"14:15:00";"PR";376;674,5;"GUARATUBA";"Defeito Mecânico no Veículo";"Saída de leito carroçável";"Com Vítimas Feridas";"Pleno dia";"Decrescente";"Chuva";"Dupla";"Reta";"Não";2;0;1;0;1;0;1;1;-25,94199188;-48,90265703;"SPRF-PR";"DEL01-PR";"DEL7/1-UOP08/PR"
121855;2018-03-29;"quinta-feira";"16:30:00";"RS";116;249,8;"SAO LEOPOLDO";"Falta de Atenção à Condução";"Colisão traseira";"Sem Vítimas";"Pleno dia";"Decrescente";"Céu Claro";"Dupla";"Reta";"Sim";2;0;0;0;2;0;0;2;-29,78962196;-51,16358757;"SPRF-RS";"DEL01-RS";"UOP02-DEL01-RS"
121856;2018-03-29;"quinta-feira";"12:55:00";"GO";153;442,1;"ANAPOLIS";"Defeito Mecânico no Veículo";"Queda de ocupante de veículo";"Com Vítimas Feridas";"Pleno dia";"Decrescente";"Céu Claro";"Dupla";"Reta";"Sim";2;0;2;0;0;0;2;1;-16,32586424;-48,92202258;"SPRF-GO";"DEL02-GO";"UOP01-DEL02-GO"
121857;2018-03-29;"quinta-feira";"16:53:00";"SP";116;227;"SAO PAULO";"Defeito Mecânico no Veículo";"Queda de ocupante de veículo";"Com Vítimas Feridas";"Pleno dia";"Decrescente";"Garoa/Chuvisco";"Múltipla";"Aclive";"Sim";2;0;2;0;0;0;2;1;-23,50123847;-46,56404528;"SPRF-SP";"DEL01-SP";"UOP01-DEL01-SP"
121860;2018-03-29;"quinta-feira";"16:30:00";"PA";316;9;"MARITUBA";"Falta de Atenção à Condução";"Colisão lateral";"Com Vítimas Feridas";"Pleno dia";"Crescente";"Céu Claro";"Dupla";"Reta";"Sim";3;0;2;0;1;0;2;2;-1,36608054;-48,36625814;"SPRF-PA";"DEL01-PA";"DEL19/1-UOP05/PA"
121861;2018-03-29;"quinta-feira";"15:30:00";"PR";476;144;"CURITIBA";"Desobediência às normas de trânsito pelo condutor";"Colisão transversal";"Com Vítimas Feridas";"Pleno dia";"Decrescente";"Chuva";"Dupla";"Reta";"Sim";2;0;0;1;1;0;1;2;-25,542501;-49,313011;"SPRF-PR";"DEL01-PR";"UOP06-DEL01-PR"
121863;2018-03-29;"quinta-feira";"17:00:00";"PR";376;309;"ORTIGUEIRA";"Falta de Atenção à Condução";"Capotamento";"Sem Vítimas";"Pleno dia";"Crescente";"Chuva";"Simples";"Curva";"Não";1;0;0;0;1;0;0;1;-23,99628979;-51,08344316;"SPRF-PR";"DEL07-PR";"UOP02-DEL07-PR"
121864;2018-03-29;"quinta-feira";"04:00:00";"MT";158;630,8;"AGUA BOA";"Objeto estático sobre o leito carroçável";"Saída de leito carroçável";"Com Vítimas Fatais";"Pleno dia";"Decrescente";"Nublado";"Dupla";"Curva";"Não";3;1;1;1;0;0;2;1;-14,53706196;-52,31002808;"SPRF-MT";"DEL07-MT";"UOP02-DEL07-MT"
121867;2018-03-29;"quinta-feira";"16:20:00";"PR";116;39;"CAMPINA GRANDE DO SUL";"Velocidade Incompatível";"Capotamento";"Com Vítimas Feridas";"Pleno dia";"Crescente";"Chuva";"Dupla";"Curva";"Não";1;0;1;0;0;0;1;1;-25,156248;-48,86134;"SPRF-PR";"DEL01-PR";"UOP02-DEL01-PR"
121869;2018-03-29;"quinta-feira";"15:55:00";"BA";101;674,5;"ITAGIMIRIM";"Pista Escorregadia";"Colisão frontal";"Com Vítimas Feridas";"Pleno dia";"Crescente";"Chuva";"Simples";"Curva";"Não";6;0;3;0;3;0;3;2;-16,0255;-39,609;"SPRF-BA";"DEL09-BA";"UOP01-DEL09-BA"
121871;2018-03-29;"quinta-feira";"17:40:00";"SP";116;133;"CACAPAVA";"Desobediência às normas de trânsito pelo condutor";"Colisão traseira";"Com Vítimas Feridas";"Plena Noite";"Decrescente";"Céu Claro";"Dupla";"Reta";"Não";3;0;1;0;2;0;1;3;-23,135967;-45,753292;"SPRF-SP";"DEL06-SP";"UOP02-DEL02-SP"
121872;2018-03-29;"quinta-feira";"17:05:00";"AL";316;188,5;"TANQUE DARCA";"Ingestão de Álcool";"Saída de leito carroçável";"Com Vítimas Feridas";"Pleno dia";"Crescente";"Céu Claro";"Simples";"Reta";"Não";1;0;1;0;0;0;1;1;-9,585144;-36,426563;"SPRF-AL";"DEL03-AL";"UOP01-DEL03-AL"
121873;2018-03-29;"quinta-feira";"17:40:00";"SE";235;4,3;"NOSSA SENHORA DO SOCORRO";"Desobediência às normas de trânsito pelo condutor";"Danos eventuais";"Com Vítimas Feridas";"Anoitecer";"Crescente";"Céu Claro";"Dupla";"Reta";"Sim";2;0;1;0;1;0;1;2;-10,90748168;-37,11456299;"SPRF-SE";"DEL01-SE";"UOP01-DEL01-SE"
121875;2018-03-29;"quinta-feira";"17:30:00";"RS";448;13,9;"CANOAS";"Defeito Mecânico no Veículo";"Colisão com objeto estático";"Com Vítimas Feridas";"Pleno dia";"Decrescente";"Céu Claro";"Dupla";"Reta";"Não";2;0;1;1;0;0;2;1;-29,91577352;-51,23494506;"SPRF-RS";"DEL01-RS";"UOP01-DEL01-RS"
121876;2018-03-29;"quinta-feira";"17:45:00";"SE";235;5;"NOSSA SENHORA DO SOCORRO";"Velocidade Incompatível";"Colisão traseira";"Com Vítimas Feridas";"Anoitecer";"Crescente";"Nublado";"Dupla";"Reta";"Não";2;0;1;0;0;1;1;2;-10,90653353;-37,11568952;"SPRF-SE";"DEL01-SE";"UOP01-DEL01-SE"
121877;2018-03-29;"quinta-feira";"15:30:00";"BA";101;167;"FEIRA DE SANTANA";"Falta de Atenção à Condução";"Colisão transversal";"Com Vítimas Feridas";"Pleno dia";"Crescente";"Céu Claro";"Simples";"Reta";"Não";3;0;2;0;1;0;2;2;-12,3625;-38,8298;"SPRF-BA";"DEL01-BA";"UOP03-DEL01-BA"
121879;2018-03-29;"quinta-feira";"17:10:00";"PR";369;132,2;"IBIPORA";"Defeito Mecânico no Veículo";"Tombamento";"Com Vítimas Feridas";"Pleno dia";"Decrescente";"Céu Claro";"Dupla";"Reta";"Não";2;0;2;0;0;0;2;1;-23,27793472;-51,01889849;"SPRF-PR";"DEL07-PR";"UOP01-DEL07-PR"
121881;2018-03-29;"quinta-feira";"13:00:00";"RJ";116;38;"TERESOPOLIS";"Falta de Atenção à Condução";"Colisão transversal";"Com Vítimas Feridas";"Pleno dia";"Decrescente";"Céu Claro";"Simples";"Curva";"Não";2;0;1;1;0;0;2;2;-22,3512585;-42,9409141;"SPRF-RJ";"DEL04-RJ";"UOP01-DEL04-RJ"
121882;2018-03-29;"quinta-feira";"18:00:00";"PE";232;407;"SERRA TALHADA";"Pista Escorregadia";"Tombamento";"Com Vítimas Feridas";"Anoitecer";"Crescente";"Chuva";"Simples";"Reta";"Sim";1;0;1;0;0;0;1;1;-7,987209;-38,262493;"SPRF-PE";"DEL04-PE";"UOP01-DEL04-PE"
121883;2018-03-29;"quinta-feira";"18:10:00";"BA";324;607;"SIMOES FILHO";"Não guardar distância de segurança";"Colisão traseira";"Sem Vítimas";"Anoitecer";"Decrescente";"Nublado";"Dupla";"Declive";"Não";7;0;0;0;7;0;0;7;-12,82410819;-38,40905848;"SPRF-BA";"DEL01-BA";"UOP01-DEL01-BA"
121884;2018-03-29;"quinta-feira";"17:00:00";"PI";316;8,2;"TERESINA";"Falta de Atenção à Condução";"Colisão traseira";"Com Vítimas Feridas";"Pleno dia";"Crescente";"Céu Claro";"Simples";"Reta";"Sim";2;0;1;0;1;0;1;2;-5,164865;-42,768986;"SPRF-PI";"DEL01-PI";"UOP02-DEL01-PI"
121885;2018-03-29;"quinta-feira";"17:30:00";"BA";116;418;"FEIRA DE SANTANA";"Ingestão de Álcool";"Colisão traseira";"Sem Vítimas";"Anoitecer";"Decrescente";"Céu Claro";"Dupla";"Reta";"Sim";6;0;0;0;6;0;0;2;-12,19104613;-38,9691925;"SPRF-BA";"DEL02-BA";"DEL10/2-UOP02/BA"
121887;2018-03-29;"quinta-feira";"16:30:00";"PR";376;677;"GUARATUBA";"Velocidade Incompatível";"Saída de leito carroçável";"Sem Vítimas";"Pleno dia";"Decrescente";"Chuva";"Dupla";"Curva";"Não";1;0;0;0;1;0;0;1;-25,94060259;-48,90698075;"SPRF-PR";"DEL01-PR";"DEL7/1-UOP08/PR"
121890;2018-03-29;"quinta-feira";"18:15:00";"SE";101;182;"UMBAUBA";"Sinalização da via insuficiente ou inadequada";"Atropelamento de Pedestre";"Com Vítimas Feridas";"Plena Noite";"Crescente";"Nublado";"Múltipla";"Reta";"Sim";3;0;0;2;0;1;2;2;-11,376;-37,6586;"SPRF-SE";"DEL02-SE";"UOP03-DEL02-SE"
121892;2018-03-29;"quinta-feira";"17:55:00";"SC";101;215,5;"PALHOCA";"Não guardar distância de segurança";"Engavetamento";"Sem Vítimas";"Plena Noite";"Crescente";"Chuva";"Múltipla";"Reta;Aclive";"Sim";3;0;0;0;3;0;0;3;-27,65336402;-48,6772871;"SPRF-SC";"DEL01-SC";"UOP02-DEL01-SC"
121894;2018-03-29;"quinta-feira";"15:25:00";"RJ";101;308,3;"SAO GONCALO";"Falta de Atenção à Condução";"Atropelamento de Pedestre";"Com Vítimas Feridas";"Pleno dia";"Decrescente";"Céu Claro";"Dupla";"Reta";"Sim";2;0;1;0;1;0;1;2;-22,793098;-43,024815;"SPRF-RJ";"DEL02-RJ";"DEL5/2-UOP04/RJ"
121895;2018-03-29;"quinta-feira";"18:20:00";"PA";316;13;"MARITUBA";"Defeito na Via";"Tombamento";"Com Vítimas Feridas";"Plena Noite";"Decrescente";"Nublado";"Dupla";"Reta";"Sim";1;0;1;0;0;0;1;1;-1,365636;-48,358788;"SPRF-PA";"DEL01-PA";"DEL19/1-UOP05/PA"
121896;2018-03-29;"quinta-feira";"18:41:00";"GO";70;2,9;"AGUAS LINDAS DE GOIAS";"Não guardar distância de segurança";"Colisão lateral";"Com Vítimas Feridas";"Plena Noite";"Crescente";"Céu Claro";"Dupla";"Reta;Aclive";"Sim";2;0;1;0;0;1;1;2;-15,76202301;-48,23579013;"SPRF-DF";"DEL01-DF";"UOP02-DEL03-DF"
121897;2018-03-29;"quinta-feira";"18:30:00";"PR";369;187,8;"ARAPONGAS";"Falta de Atenção à Condução";"Colisão transversal";"Com Vítimas Feridas";"Plena Noite";"Decrescente";"Nublado";"Simples";"Interseção de Vias;Reta";"Sim";2;0;0;1;1;0;1;2;-23,4311584;-51,42263532;"SPRF-PR";"DEL07-PR";"UOP03-DEL07-PR"
121898;2018-03-29;"quinta-feira";"15:00:00";"PE";232;35;"MORENO";"Não guardar distância de segurança";"Colisão traseira";"Com Vítimas Feridas";"Pleno dia";"Crescente";"Nublado";"Dupla";"Declive;Reta";"Não";3;0;1;0;2;0;1;2;-8,106037;-35,178482;"SPRF-PE";"DEL01-PE";"UOP02-DEL02PE"
121899;2018-03-29;"quinta-feira";"19:00:00";"SP";101;45,6;"UBATUBA";"Velocidade Incompatível";"Atropelamento de Pedestre";"Com Vítimas Feridas";"Plena Noite";"Crescente";"Nublado";"Simples";"Reta";"Sim";3;0;2;1;0;0;3;2;-23,424009;-45,07489;"SPRF-SP";"DEL06-SP";"UOP01-DEL06-SP"
121900;2018-03-29;"quinta-feira";"19:00:00";"CE";116;359;"ICO";"Defeito na Via";"Queda de ocupante de veículo";"Com Vítimas Fatais";"Plena Noite";"Crescente";"Chuva";"Simples";"Reta";"Não";2;1;0;1;0;0;1;1;-6,24977645;-38,67874146;"SPRF-CE";"DEL05-CE";"UOP02-DEL05-CE"
121901;2018-03-29;"quinta-feira";"18:50:00";"SP";116;307;"SAO LOURENCO DA SERRA";"Falta de Atenção à Condução";"Capotamento";"Sem Vítimas";"Plena Noite";"Decrescente";"Chuva";"Dupla";"Curva";"Sim";1;0;0;0;1;0;0;1;-23,85067405;-46,93865776;"SPRF-SP";"DEL04-SP";"UOP01-DEL04-SP"
121902;2018-03-29;"quinta-feira";"18:00:00";"MS";163;492,4;"CAMPO GRANDE";"Falta de Atenção do Pedestre";"Atropelamento de Pedestre";"Com Vítimas Fatais";"Anoitecer";"Crescente";"Garoa/Chuvisco";"Simples";"Reta";"Sim";4;1;0;0;3;0;0;2;-20,38391456;-54,54258084;"SPRF-MS";"DEL01-MS";"UOP02-DEL01-MS"
121903;2018-03-29;"quinta-feira";"19:15:00";"PR";373;183;"PONTA GROSSA";"Falta de Atenção à Condução";"Colisão frontal";"Sem Vítimas";"Plena Noite";"Crescente";"Nublado";"Simples";"Curva";"Não";2;0;0;0;2;0;0;2;-25,03922134;-50,27514338;"SPRF-PR";"DEL03-PR";"UOP01-DEL03-PR"
121906;2018-03-29;"quinta-feira";"18:30:00";"SP";116;147;"SAO JOSE DOS CAMPOS";"Falta de Atenção à Condução";"Colisão traseira";"Sem Vítimas";"Anoitecer";"Decrescente";"Céu Claro";"Múltipla";"Reta";"Sim";2;0;0;0;2;0;0;2;-23,19637199;-45,87358475;"SPRF-SP";"DEL02-SP";"UOP01-DEL02-SP"
121907;2018-03-29;"quinta-feira";"19:40:00";"SP";116;21,7;"LAVRINHAS";"Ingestão de Álcool";"Atropelamento de Pedestre";"Com Vítimas Feridas";"Plena Noite";"Crescente";"Céu Claro";"Dupla";"Curva";"Não";2;0;1;0;1;0;1;2;-22,576513;-44,873154;"SPRF-SP";"DEL08-SP";"UOP02-DEL08-SP"
121908;2018-03-29;"quinta-feira";"19:20:00";"TO";242;452;"FORMOSO DO ARAGUAIA";"Deficiência ou não Acionamento do Sistema de Iluminação/Sinalização do Veículo";"Colisão traseira";"Com Vítimas Feridas";"Plena Noite";"Crescente";"Céu Claro";"Dupla";"Reta";"Sim";3;0;1;0;2;0;1;2;-11,811776;-49,528908;"SPRF-TO";"DEL02-TO";"UOP02-DEL01-TO"
121910;2018-03-29;"quinta-feira";"14:00:00";"RS";285;566,4;"SAO LUIZ GONZAGA";"Falta de Atenção à Condução";"Colisão transversal";"Com Vítimas Feridas";"Pleno dia";"Crescente";"Céu Claro";"Simples";"Interseção de Vias";"Sim";4;0;1;0;3;0;1;2;-28,419132;-54,956936;"SPRF-RS";"DEL10-RS";"UOP01-DEL10-RS"
121914;2018-03-29;"quinta-feira";"18:55:00";"PR";116;11,1;"COLOMBO";"Não guardar distância de segurança";"Engavetamento";"Sem Vítimas";"Plena Noite";"Crescente";"Garoa/Chuvisco";"Dupla";"Reta";"Sim";7;0;0;0;7;0;0;4;-25,3727;-49,1408;"SPRF-PR";"DEL01-PR";"UOP02-DEL01-PR"
121915;2018-03-29;"quinta-feira";"16:20:00";"SC";282;461,5;"PONTE SERRADA";"Falta de Atenção à Condução";"Colisão transversal";"Com Vítimas Feridas";"Pleno dia";"Crescente";"Garoa/Chuvisco";"Simples";"Reta";"Sim";2;0;1;0;1;0;1;2;-26,856403;-52,041328;"SPRF-SC";"DEL07-SC";"UOP04-DEL07-SC"
121916;2018-03-29;"quinta-feira";"18:50:00";"RS";386;383,6;"TABAI";"Falta de Atenção à Condução";"Colisão traseira";"Com Vítimas Feridas";"Anoitecer";"Decrescente";"Céu Claro";"Dupla";"Reta";"Não";2;0;1;0;1;0;1;2;-29,67951;-51,72713;"SPRF-RS";"DEL04-RS";"UOP02-DEL04-RS"
121917;2018-03-29;"quinta-feira";"19:45:00";"PR";476;137;"CURITIBA";"Velocidade Incompatível";"Tombamento";"Com Vítimas Feridas";"Plena Noite";"Crescente";"Garoa/Chuvisco";"Dupla";"Reta";"Sim";1;0;1;0;0;0;1;1;-25,498302;-49,277546;"SPRF-PR";"DEL01-PR";"UOP01-DEL01-PR"
121919;2018-03-29;"quinta-feira";"15:30:00";"SC";470;1,2;"ILHOTA";"Desobediência às normas de trânsito pelo condutor";"Colisão transversal";"Com Vítimas Feridas";"Pleno dia";"Crescente";"Chuva";"Simples";"Reta";"Sim";4;0;3;0;1;0;3;2;-26,90247689;-48,72848511;"SPRF-SC";"DEL04-SC";"UOP04-DEL04-SC"
121920;2018-03-29;"quinta-feira";"19:20:00";"RS";116;143;"CAXIAS DO SUL";"Ingestão de álcool e/ou substâncias psicoativas pelo pedestre";"Atropelamento de Pedestre";"Com Vítimas Feridas";"Plena Noite";"Crescente";"Nublado";"Dupla";"Reta";"Sim";2;0;1;0;1;0;1;2;-29,12022;-51,122593;"SPRF-RS";"DEL05-RS";"UOP01-DEL05-RS"
121922;2018-03-29;"quinta-feira";"15:15:00";"SC";116;23,6;"ITAIOPOLIS";"Falta de Atenção à Condução";"Colisão transversal";"Com Vítimas Feridas";"Pleno dia";"Decrescente";"Nublado";"Simples";"Interseção de Vias";"Não";2;0;0;1;1;0;1;2;-26,265459;-49,916561;"SPRF-SC";"DEL06-SC";"UOP01-DEL06-SC"
121923;2018-03-29;"quinta-feira";"19:45:00";"GO";40;11;"LUZIANIA";"Falta de Atenção à Condução";"Colisão transversal";"Com Vítimas Feridas";"Plena Noite";"Crescente";"Céu Claro";"Dupla";"Reta";"Sim";3;0;3;0;0;0;3;2;-16,145123;-47,945382;"SPRF-DF";"DEL01-DF";"UOP01-DEL01-DF"
121924;2018-03-29;"quinta-feira";"19:50:00";"SP";116;218;"GUARULHOS";"Falta de Atenção à Condução";"Colisão lateral";"Com Vítimas Feridas";"Plena Noite";"Crescente";"Céu Claro";"Múltipla";"Reta";"Não";3;0;2;0;1;0;2;2;-23,45741207;-46,47940542;"SPRF-SP";"DEL01-SP";"UOP01-DEL01-SP"
121926;2018-03-29;"quinta-feira";"18:15:00";"SC";470;155,5;"TROMBUDO CENTRAL";"Falta de Atenção à Condução";"Colisão transversal";"Com Vítimas Feridas";"Pleno dia";"Crescente";"Garoa/Chuvisco";"Simples";"Interseção de Vias";"Não";2;0;1;0;1;0;1;2;-27,27527206;-49,74311918;"SPRF-SC";"DEL04-SC";"UOP02-DEL04-SC"
121927;2018-03-29;"quinta-feira";"18:20:00";"BA";101;892;"CARAVELAS";"Animais na Pista";"Atropelamento de Animal";"Sem Vítimas";"Plena Noite";"Crescente";"Nublado";"Simples";"Reta";"Não";2;0;0;0;2;0;0;2;-17,658;-39,772;"SPRF-BA";"DEL09-BA";"UOP02-DEL09-BA"
121928;2018-03-29;"quinta-feira";"18:50:00";"PR";116;11,3;"COLOMBO";"Falta de Atenção do Pedestre";"Atropelamento de Pedestre";"Com Vítimas Feridas";"Anoitecer";"Decrescente";"Chuva";"Dupla";"Reta";"Sim";3;0;1;1;1;0;2;3;-25,373245;-49,144276;"SPRF-PR";"DEL01-PR";"UOP02-DEL01-PR"
121929;2018-03-29;"quinta-feira";"19:55:00";"SC";101;163,4;"TIJUCAS";"Ingestão de Álcool";"Colisão com objeto estático";"Com Vítimas Feridas";"Plena Noite";"Crescente";"Chuva";"Dupla";"Reta";"Sim";2;0;1;0;1;0;1;2;-27,2340935;-48,63028586;"SPRF-SC";"DEL04-SC";"UOP03-DEL04-SC"
121930;2018-03-29;"quinta-feira";"19:25:00";"SP";153;195;"GETULINA";"Agressão Externa";"Saída de leito carroçável";"Com Vítimas Feridas";"Plena Noite";"Crescente";"Céu Claro";"Simples";"Reta";"Não";1;0;1;0;0;0;1;1;-21,776442;-49,892319;"SPRF-SP";"DEL07-SP";"UOP01-DEL07-SP"
121931;2018-03-29;"quinta-feira";"19:30:00";"BA";324;626;"SALVADOR";"Fenômenos da Natureza";"Saída de leito carroçável";"Sem Vítimas";"Plena Noite";"Crescente";"Chuva";"Dupla";"Reta";"Sim";1;0;0;0;1;0;0;1;-12,96291346;-38,47655283;"SPRF-BA";"DEL01-BA";"UOP01-DEL01-BA"
121932;2018-03-29;"quinta-feira";"18:40:00";"RJ";40;122;"DUQUE DE CAXIAS";"Não guardar distância de segurança";"Colisão lateral";"Com Vítimas Feridas";"Plena Noite";"Decrescente";"Nublado";"Múltipla";"Reta";"Sim";2;0;1;0;1;0;1;2;-22,79480733;-43,28796116;"SPRF-RJ";"DEL01-RJ";"UOP01-DEL01-RJ"
121933;2018-03-29;"quinta-feira";"19:38:00";"PR";467;105,5;"CASCAVEL";"Pista Escorregadia";"Atropelamento de Pedestre";"Com Vítimas Feridas";"Plena Noite";"Crescente";"Chuva";"Dupla";"Declive;Curva";"Não";2;0;1;0;1;0;1;2;-24,9142;-53,492;"SPRF-PR";"DEL04-PR";"UOP01-DEL04-PR"
121934;2018-03-29;"quinta-feira";"18:00:00";"PR";116;17;"ANTONINA";"Velocidade Incompatível";"Capotamento";"Com Vítimas Feridas";"Plena Noite";"Crescente";"Chuva";"Dupla";"Curva";"Não";2;0;1;0;1;0;1;1;-25,103088;-48,701103;"SPRF-PR";"DEL01-PR";"UOP02-DEL01-PR"
121936;2018-03-29;"quinta-feira";"20:20:00";"PR";277;71;"SAO JOSE DOS PINHAIS";"Falta de Atenção à Condução";"Colisão lateral";"Com Vítimas Fatais";"Plena Noite";"Decrescente";"Chuva";"Dupla";"Reta";"Sim";6;1;0;1;2;2;1;5;-25,51010761;-49,13463593;"SPRF-PR";"DEL01-PR";"UOP07-DEL01-PR"