"id";"data_inversa";"dia_semana";"horario";"uf";"br";"km";"municipio";"causa_acidente";"tipo_acidente";"classificacao_acidente";"fase_dia";"sentido_via";"condicao_metereologica";"tipo_pista";"tracado_via";"uso_solo";"pessoas";"mortos";"feridos_leves";"feridos_graves";"ilesos";"ignorados";"feridos";"veiculos";"latitude";"longitude";"regional";"delegacia";"uop"
121937;2018-03-29;"quinta-feira";"20:30:00";"SC";470;141,9;"RIO DO SUL";"Falta de Atenção à Condução";"Colisão transversal";"Com Vítimas Feridas";"Plena Noite";"Decrescente";"Garoa/Chuvisco";"Simples";"Reta";"Sim";2;0;1;0;1;0;1;2;-27,20464652;-49,63848129;"SPRF-SC";"DEL04-SC";"UOP02-DEL04-SC"
121942;2018-03-29;"quinta-feira";"17:15:00";"PR";376;651;"TIJUCAS DO SUL";"Falta de Atenção à Condução";"Colisão com objeto estático";"Com Vítimas Feridas";"Pleno dia";"Crescente";"Chuva";"Dupla";"Curva";"Não";1;0;1;0;0;0;1;1;-25,84176686;-49,04571533;"SPRF-PR";"DEL01-PR";"DEL7/1-UOP08/PR"
121943;2018-03-29;"quinta-feira";"20:06:00";"PE";232;412;"SERRA TALHADA";"Pista Escorregadia";"Danos eventuais";"Com Vítimas Feridas";"Plena Noite";"Decrescente";"Nublado";"Simples";"Interseção de Vias";"Sim";2;0;0;2;0;0;2;1;-7,98914979;-38,33068728;"SPRF-PE";"DEL04-PE";"UOP01-DEL04-PE"
121944;2018-03-29;"quinta-feira";"20:00:00";"MG";381;503;"BETIM";"Falta de Atenção à Condução";"Colisão lateral";"Com Vítimas Feridas";"Plena Noite";"Crescente";"Céu Claro";"Simples";"Declive";"Sim";2;0;1;0;1;0;1;2;-20,0304;-44,236;"SPRF-MG";"DEL01-MG";"UOP03-DEL01-MG"
121949;2018-03-29;"quinta-feira";"20:55:00";"TO";242;315,8;"PEIXE";"Objeto estático sobre o leito carroçável";"Colisão lateral";"Com Vítimas Feridas";"Plena Noite";"Decrescente";"Céu Claro";"Simples";"Reta";"Não";2;0;0;2;0;0;2;1;-12,00504998;-48,59062171;"SPRF-TO";"DEL02-TO";"UOP02-DEL01-TO"
121950;2018-03-29;"quinta-feira";"17:30:00";"PR";116;14;"CAMPINA GRANDE DO SUL";"Velocidade Incompatível";"Colisão com objeto estático";"Com Vítimas Feridas";"Pleno dia";"Decrescente";"Garoa/Chuvisco";"Dupla";"Curva";"Não";3;0;1;0;2;0;1;2;-25,098421;-48,673969;"SPRF-PR";"DEL01-PR";"UOP02-DEL01-PR"
121951;2018-03-29;"quinta-feira";"16:00:00";"BA";324;554,1;"CAPIM GROSSO";"Não guardar distância de segurança";"Colisão traseira";"Sem Vítimas";"Pleno dia";"Decrescente";"Céu Claro";"Dupla";"Reta";"Não";3;0;0;0;3;0;0;3;-11,372763;-40,011303;"SPRF-BA";"DEL01-BA";"UOP01-DEL01-BA"
121952;2018-03-29;"quinta-feira";"19:20:00";"PR";163;35,5;"SANTO ANTONIO DO SUDOESTE";"Ingestão de Álcool";"Colisão frontal";"Com Vítimas Feridas";"Plena Noite";"Crescente";"Nublado";"Simples";"Reta";"Não";7;0;1;0;5;1;1;3;-26,05996832;-53,71955037;"SPRF-PR";"DEL02-PR";"UOP02-DEL02-PR"
121954;2018-03-29;"quinta-feira";"17:30:00";"MT";364;284;"JACIARA";"Velocidade Incompatível";"Capotamento";"Com Vítimas Feridas";"Pleno dia";"Crescente";"Chuva";"Dupla";"Reta";"Não";4;0;4;0;0;0;4;1;-15,90952877;-55,04350674;"SPRF-MT";"DEL02-MT";"UOP02-DEL05-MT"
121956;2018-03-29;"quinta-feira";"21:20:00";"RN";304;103,9;"ACU";"Velocidade Incompatível";"Colisão traseira";"Com Vítimas Feridas";"Plena Noite";"Crescente";"Nublado";"Simples";"Reta";"Não";5;0;3;1;1;0;4;2;-5,585606;-36,990026;"SPRF-RN";"DEL04-RN";"UOP01-DEL04-RN"
121958;2018-03-29;"quinta-feira";"21:25:00";"PR";116;15,5;"CAMPINA GRANDE DO SUL";"Velocidade Incompatível";"Capotamento";"Sem Vítimas";"Plena Noite";"Decrescente";"Chuva";"Dupla";"Curva";"Não";1;0;0;0;1;0;0;1;-25,098335;-48,682739;"SPRF-PR";"DEL01-PR";"UOP02-DEL01-PR"
121960;2018-03-29;"quinta-feira";"20:45:00";"SC";116;245;"LAGES";"Desobediência às normas de trânsito pelo condutor";"Colisão transversal";"Com Vítimas Feridas";"Plena Noite";"Decrescente";"Garoa/Chuvisco";"Simples";"Rotatória";"Sim";5;0;1;0;3;1;1;2;-27,795443;-50,361874;"SPRF-SC";"DEL05-SC";"UOP01-DEL05-SC"
121961;2018-03-29;"quinta-feira";"21:20:00";"PR";376;658;"TIJUCAS DO SUL";"Velocidade Incompatível";"Saída de leito carroçável";"Sem Vítimas";"Anoitecer";"Decrescente";"Chuva";"Dupla";"Curva";"Não";3;0;0;0;3;0;0;2;-25,84439325;-49,02992249;"SPRF-PR";"DEL01-PR";"DEL7/1-UOP08/PR"
121964;2018-03-29;"quinta-feira";"22:30:00";"PE";423;95,9;"GARANHUNS";"Ingestão de Álcool";"Colisão transversal";"Com Vítimas Feridas";"Plena Noite";"Crescente";"Céu Claro";"Simples";"Curva";"Sim";3;0;2;0;0;1;2;2;-8,88171672;-36,48811162;"SPRF-PE";"DEL03-PE";"UOP01-DEL03-PE"
121966;2018-03-29;"quinta-feira";"22:30:00";"ES";101;273;"SERRA";"Avarias e/ou desgaste excessivo no pneu";"Capotamento";"Com Vítimas Feridas";"Plena Noite";"Decrescente";"Garoa/Chuvisco";"Dupla";"Reta";"Não";1;0;1;0;0;0;1;1;-20,0967082;-40,3392543;"SPRF-ES";"DEL02-ES";"UOP01-DEL02-ES"
121967;2018-03-29;"quinta-feira";"20:00:00";"PR";376;628;"SAO JOSE DOS PINHAIS";"Velocidade Incompatível";"Saída de leito carroçável";"Sem Vítimas";"Plena Noite";"Decrescente";"Chuva";"Dupla";"Reta";"Não";1;0;0;0;1;0;0;1;-25,57647245;-49,17922497;"SPRF-PR";"DEL01-PR";"DEL7/1-UOP08/PR"
121968;2018-03-29;"quinta-feira";"21:15:00";"MG";40;623;"CONSELHEIRO LAFAIETE";"Falta de Atenção à Condução";"Colisão transversal";"Sem Vítimas";"Plena Noite";"Crescente";"Céu Claro";"Simples";"Declive;Curva";"Não";4;0;0;0;3;1;0;2;-20,60657083;-43,80713314;"SPRF-MG";"DEL05-MG";"UOP02-DEL05-MG"
121969;2018-03-24;"sábado";"22:10:00";"MG";116;528,4;"CARATINGA";"Ingestão de Álcool";"Colisão transversal";"Sem Vítimas";"Plena Noite";"Crescente";"Céu Claro";"Simples";"Retorno Regulamentado";"Sim";2;0;0;0;2;0;0;2;-19,78544186;-42,13473558;"SPRF-MG";"DEL06-MG";"UOP02-DEL06-MG"
121970;2018-03-29;"quinta-feira";"22:45:00";"SP";116;403;"MIRACATU";"Ingestão de Álcool";"Saída de leito carroçável";"Com Vítimas Feridas";"Plena Noite";"Crescente";"Nublado";"Dupla";"Reta";"Não";1;0;0;1;0;0;1;1;-24,31893;-47,53122;"SPRF-SP";"DEL04-SP";"UOP02-DEL04-SP"
121973;2018-03-29;"quinta-feira";"18:40:00";"RO";364;518,6;"ARIQUEMES";"Defeito na Via";"Queda de ocupante de veículo";"Com Vítimas Feridas";"Plena Noite";"Decrescente";"Garoa/Chuvisco";"Múltipla";"Rotatória";"Não";1;0;1;0;0;0;1;1;-9,888696;-63,056728;"SPRF-RO";"DEL03-RO";"UOP01-DEL03-RO"
121975;2018-03-29;"quinta-feira";"19:05:00";"SC";101;19,5;"JOINVILLE";"Desobediência às normas de trânsito pelo condutor";"Colisão frontal";"Sem Vítimas";"Plena Noite";"Crescente";"Chuva";"Simples";"Viaduto";"Não";2;0;0;0;2;0;0;2;-26,1409;-48,903;"SPRF-SC";"DEL03-SC";"UOP01-DEL03-SC"
121976;2018-03-29;"quinta-feira";"22:45:00";"GO";60;163,5;"GOIANIA";"Objeto estático sobre o leito carroçável";"Colisão com objeto estático";"Com Vítimas Feridas";"Plena Noite";"Decrescente";"Céu Claro";"Dupla";"Viaduto;Curva";"Sim";1;0;0;1;0;0;1;1;-16,7002;-49,3335;"SPRF-GO";"DEL01-GO";"UOP02-DEL01-GO"
121978;2018-03-29;"quinta-feira";"20:50:00";"SC";116;226,3;"CORREIA PINTO";"Falta de Atenção à Condução";"Colisão lateral";"Sem Vítimas";"Plena Noite";"Crescente";"Nublado";"Simples";"Reta";"Não";2;0;0;0;2;0;0;2;-27,585733;-50,365551;"SPRF-SC";"DEL05-SC";"UOP03-DEL05-SC"
121979;2018-03-29;"quinta-feira";"20:25:00";"PR";373;172,5;"PONTA GROSSA";"Falta de Atenção do Pedestre";"Atropelamento de Pedestre";"Com Vítimas Feridas";"Plena Noite";"Crescente";"Nublado";"Dupla";"Reta";"Sim";2;0;1;0;1;0;1;2;-25,08022537;-50,19795209;"SPRF-PR";"DEL03-PR";"UOP01-DEL03-PR"
121981;2018-03-29;"quinta-feira";"22:45:00";"MS";262;327,7;"CAMPO GRANDE";"Ingestão de Álcool";"Colisão frontal";"Com Vítimas Feridas";"Plena Noite";"Decrescente";"Nublado";"Simples";"Retorno Regulamentado";"Sim";2;0;1;1;0;0;2;2;-20,46512771;-54,55013943;"SPRF-MS";"DEL01-MS";"UOP01-DEL01-MS"
121982;2018-03-30;"sexta-feira";"00:00:00";"MT";158;639;"NOVA XAVANTINA";"Ingestão de Álcool";"Colisão frontal";"Sem Vítimas";"Plena Noite";"Crescente";"Céu Claro";"Simples";"Reta";"Não";4;0;0;0;3;1;0;2;-14,58358346;-52,36083984;"SPRF-MT";"DEL07-MT";"UOP02-DEL07-MT"
121984;2018-03-29;"quinta-feira";"23:10:00";"MA";10;244;"IMPERATRIZ";"Ingestão de Álcool";"Colisão transversal";"Com Vítimas Feridas";"Plena Noite";"Decrescente";"Céu Claro";"Simples";"Reta";"Não";2;0;1;1;0;0;2;2;-5,596112;-47,42886;"SPRF-MA";"DEL04-MA";"UOP01-DEL04-MA"
121985;2018-03-30;"sexta-feira";"00:25:00";"RS";285;651;"SAO BORJA";"Ingestão de Álcool";"Saída de leito carroçável";"Sem Vítimas";"Plena Noite";"Crescente";"Céu Claro";"Simples";"Aclive";"Não";1;0;0;0;1;0;0;1;-28,629305;-55,770164;"SPRF-RS";"DEL12-RS";"UOP01-DEL12-RS"
121986;2018-03-30;"sexta-feira";"00:20:00";"PI";343;345,5;"TERESINA";"Ingestão de Álcool";"Colisão com objeto estático";"Com Vítimas Feridas";"Plena Noite";"Crescente";"Chuva";"Dupla";"Reta";"Sim";2;0;1;0;1;0;1;2;-5,102889;-42,766506;"SPRF-PI";"DEL01-PI";"UOP01-DEL01-PI"
121987;2018-03-30;"sexta-feira";"01:00:00";"MG";381;481;"CONTAGEM";"Velocidade Incompatível";"Colisão com objeto estático";"Com Vítimas Feridas";"Plena Noite";"Decrescente";"Céu Claro";"Múltipla";"Reta";"Sim";2;0;2;0;0;0;2;1;-19,959;-44,0704;"SPRF-MG";"DEL01-MG";"UOP03-DEL01-MG"
121988;2018-03-30;"sexta-feira";"00:50:00";"ES";101;142,4;"LINHARES";"Ingestão de Álcool";"Colisão transversal";"Sem Vítimas";"Plena Noite";"Decrescente";"Céu Claro";"Múltipla";"Curva";"Sim";2;0;0;0;2;0;0;2;-19,33819058;-40,06556422;"SPRF-ES";"DEL04-ES";"UOP01-DEL04-ES"
121989;2018-03-29;"quinta-feira";"23:30:00";"PR";476;2;"ADRIANOPOLIS";"Não guardar distância de segurança";"Colisão com objeto estático";"Sem Vítimas";"Plena Noite";"Crescente";"Céu Claro";"Dupla";"Reta";"Sim";3;0;0;0;2;1;0;3;-24,664125;-48,990765;"SPRF-PR";"DEL01-PR";"UOP01-DEL01-PR"
121991;2018-03-30;"sexta-feira";"01:00:00";"SC";101;284;"IMBITUBA";"Falta de Atenção à Condução";"Colisão com objeto estático";"Com Vítimas Feridas";"Plena Noite";"Crescente";"Nublado";"Dupla";"Aclive";"Não";5;0;2;1;2;0;3;2;-28,2443;-48,6996;"SPRF-SC";"DEL02-SC";"UOP03-DEL02-SC"
121992;2018-03-30;"sexta-feira";"00:20:00";"PR";116;15,5;"CAMPINA GRANDE DO SUL";"Velocidade Incompatível";"Colisão com objeto estático";"Sem Vítimas";"Plena Noite";"Crescente";"Garoa/Chuvisco";"Dupla";"Curva";"Não";4;0;0;0;4;0;0;1;-25,098335;-48,682739;"SPRF-PR";"DEL01-PR";"UOP02-DEL01-PR"
121994;2018-03-30;"sexta-feira";"02:00:00";"PE";101;3,3;"GOIANA";"Desobediência às normas de trânsito pelo condutor";"Capotamento";"Com Vítimas Feridas";"Plena Noite";"Crescente";"Nublado";"Dupla";"Declive";"Não";3;0;2;0;1;0;2;1;-7,526311;-34,99261;"SPRF-PE";"DEL01-PE";"UOP02-DEL01-PE"
121995;2018-03-30;"sexta-feira";"01:00:00";"PA";316;34;"SANTA IZABEL DO PARA";"Falta de Atenção à Condução";"Colisão transversal";"Com Vítimas Feridas";"Plena Noite";"Crescente";"Céu Claro";"Dupla";"Reta";"Sim";6;0;2;3;1;0;5;2;-1,289763;-48,156025;"SPRF-PA";"DEL01-PA";"DEL19/1-UOP05/PA"
121997;2018-03-30;"sexta-feira";"02:10:00";"TO";153;666;"GURUPI";"Falta de Atenção à Condução";"Colisão frontal";"Com Vítimas Feridas";"Plena Noite";"Crescente";"Chuva";"Simples";"Reta";"Não";2;0;2;0;0;0;2;2;-11,71344629;-49,07532692;"SPRF-TO";"DEL02-TO";"UOP02-DEL01-TO"
121998;2018-03-30;"sexta-feira";"01:30:00";"PR";277;394,9;"CANDOI";"Ingestão de Álcool";"Atropelamento de Pedestre";"Com Vítimas Feridas";"Plena Noite";"Crescente";"Nublado";"Simples";"Reta";"Não";2;0;1;0;1;0;1;2;-25,44947494;-51,92376852;"SPRF-PR";"DEL03-PR";"UOP01-DEL08-PR"
121999;2018-03-29;"quinta-feira";"11:50:00";"MA";222;339;"IGARAPE DO MEIO";"Falta de Atenção à Condução";"Colisão traseira";"Com Vítimas Feridas";"Pleno dia";"Crescente";"Céu Claro";"Simples";"Reta";"Sim";3;0;1;0;2;0;1;2;-3,641773;-45,188031;"SPRF-MA";"DEL02-MA";"UI04-DEL02-MA"
122001;2018-03-30;"sexta-feira";"02:55:00";"MG";381;353,2;"JOAO MONLEVADE";"Defeito Mecânico no Veículo";"Colisão lateral";"Com Vítimas Feridas";"Plena Noite";"Decrescente";"Céu Claro";"Simples";"Curva";"Não";7;0;1;0;6;0;1;2;-19,86101885;-43,11721802;"SPRF-MG";"DEL03-MG";"UOP01-DEL03-MG"
122002;2018-03-30;"sexta-feira";"02:50:00";"RS";116;252,8;"SAPUCAIA DO SUL";"Animais na Pista";"Colisão com objeto estático";"Com Vítimas Feridas";"Plena Noite";"Crescente";"Céu Claro";"Simples";"Reta";"Sim";1;0;1;0;0;0;1;1;-29,809242;-51,167557;"SPRF-RS";"DEL01-RS";"UOP02-DEL01-RS"
122003;2018-03-30;"sexta-feira";"03:25:00";"PR";369;160;"CAMBE";"Ingestão de Álcool";"Colisão traseira";"Com Vítimas Feridas";"Plena Noite";"Crescente";"Céu Claro";"Dupla";"Viaduto;Curva";"Sim";4;0;2;0;1;1;2;2;-23,28424209;-51,233857;"SPRF-PR";"DEL07-PR";"UOP01-DEL07-PR"
122005;2018-03-30;"sexta-feira";"03:30:00";"SC";101;232;"PALHOCA";"Falta de Atenção à Condução";"Colisão com objeto estático";"Sem Vítimas";"Plena Noite";"Crescente";"Nublado";"Dupla";"Curva";"Não";1;0;0;0;1;0;0;1;-27,8032;-48,6381;"SPRF-SC";"DEL01-SC";"UOP02-DEL01-SC"
122006;2018-03-30;"sexta-feira";"04:15:00";"PR";376;298;"MAUA DA SERRA";"Animais na Pista";"Atropelamento de Animal";"Com Vítimas Feridas";"Plena Noite";"Crescente";"Nublado";"Dupla";"Reta";"Não";4;0;2;0;2;0;2;1;-23,92917082;-51,17144108;"SPRF-PR";"DEL07-PR";"UOP02-DEL07-PR"
122007;2018-03-30;"sexta-feira";"04:30:00";"MG";381;671,1;"PERDOES";"Condutor Dormindo";"Capotamento";"Com Vítimas Feridas";"Plena Noite";"Decrescente";"Céu Claro";"Dupla";"Aclive";"Não";4;0;2;1;1;0;3;1;-21,0708;-45,0516;"SPRF-MG";"DEL04-MG";"UOP02-DEL04-MG"
122010;2018-03-30;"sexta-feira";"05:00:00";"GO";40;16,2;"LUZIANIA";"Falta de Atenção à Condução";"Colisão com objeto estático";"Sem Vítimas";"Amanhecer";"Crescente";"Céu Claro";"Dupla";"Reta";"Sim";1;0;0;0;1;0;0;1;-16,17706846;-47,92950869;"SPRF-DF";"DEL01-DF";"UOP01-DEL01-DF"
122012;2018-03-30;"sexta-feira";"04:00:00";"PR";369;150;"LONDRINA";"Falta de Atenção à Condução";"Colisão traseira";"Com Vítimas Feridas";"Plena Noite";"Crescente";"Céu Claro";"Dupla";"Reta";"Sim";6;0;1;0;5;0;1;2;-23,2930719;-51,1605835;"SPRF-PR";"DEL07-PR";"UOP01-DEL07-PR"
122014;2018-03-30;"sexta-feira";"05:40:00";"RS";285;538,3;"CAIBATE";"Desobediência às normas de trânsito pelo condutor";"Colisão transversal";"Com Vítimas Feridas";"Plena Noite";"Crescente";"Céu Claro";"Simples";"Interseção de Vias";"Não";2;0;1;0;1;0;1;2;-28,402021;-54,672325;"SPRF-RS";"DEL10-RS";"UOP01-DEL10-RS"
122015;2018-03-30;"sexta-feira";"05:15:00";"SC";280;52,6;"GUARAMIRIM";"Ingestão de Álcool";"Colisão frontal";"Com Vítimas Feridas";"Amanhecer";"Decrescente";"Nublado";"Simples";"Interseção de Vias";"Sim";2;0;1;0;1;0;1;2;-26,47105322;-48,97062689;"SPRF-SC";"DEL03-SC";"UOP03-DEL03-SC"
122016;2018-03-30;"sexta-feira";"06:00:00";"PE";101;3;"GOIANA";"Velocidade Incompatível";"Saída de leito carroçável";"Sem Vítimas";"Amanhecer";"Crescente";"Chuva";"Dupla";"Curva";"Não";1;0;0;0;1;0;0;1;-7,5328;-34,9909;"SPRF-PE";"DEL01-PE";"UOP02-DEL01-PE"
122018;2018-03-30;"sexta-feira";"05:40:00";"SP";116;273,3;"TABOAO DA SERRA";"Ingestão de Álcool";"Colisão traseira";"Com Vítimas Feridas";"Pleno dia";"Decrescente";"Céu Claro";"Dupla";"Reta";"Não";3;0;0;2;1;0;2;2;-23,62187815;-46,80175781;"SPRF-SP";"DEL04-SP";"UOP01-DEL04-SP"
122020;2018-03-30;"sexta-feira";"05:30:00";"RJ";116;172;"SAO JOAO DE MERITI";"Falta de Atenção à Condução";"Queda de ocupante de veículo";"Com Vítimas Feridas";"Amanhecer";"Decrescente";"Céu Claro";"Dupla";"Reta";"Não";1;0;0;1;0;0;1;1;-22,801882;-43,350437;"SPRF-RJ";"DEL01-RJ";"UOP02-DEL01-RJ"
122022;2018-03-30;"sexta-feira";"05:30:00";"CE";222;59;"SAO GONCALO DO AMARANTE";"Falta de Atenção à Condução";"Colisão lateral";"Sem Vítimas";"Amanhecer";"Crescente";"Céu Claro";"Simples";"Reta";"Sim";3;0;0;0;2;1;0;3;-3,670535;-39,071838;"SPRF-CE";"DEL01-CE";"UOP03-DEL01-CE"
122024;2018-03-30;"sexta-feira";"05:30:00";"RS";386;329;"MARQUES DE SOUZA";"Ingestão de Álcool";"Colisão frontal";"Sem Vítimas";"Amanhecer";"Decrescente";"Nublado";"Simples";"Ponte";"Não";3;0;0;0;3;0;0;3;-29,33992;-52,078266;"SPRF-RS";"DEL04-RS";"UOP01-DEL04-RS"
122025;2018-03-30;"sexta-feira";"06:00:00";"RS";153;42;"ERECHIM";"Condutor Dormindo";"Saída de leito carroçável";"Com Vítimas Feridas";"Amanhecer";"Crescente";"Nevoeiro/Neblina";"Simples";"Reta";"Não";1;0;1;0;0;0;1;1;-27,606115;-52,237984;"SPRF-RS";"DEL08-RS";"UOP04-DEL08-RS"
122026;2018-03-30;"sexta-feira";"06:30:00";"RS";392;117;"CANGUCU";"Falta de Atenção à Condução";"Saída de leito carroçável";"Com Vítimas Feridas";"Amanhecer";"Decrescente";"Nevoeiro/Neblina";"Simples";"Curva";"Não";2;0;2;0;0;0;2;1;-31,413721;-52,67617;"SPRF-RS";"DEL07-RS";"UOP01-DEL07-RS"
122028;2018-03-30;"sexta-feira";"06:30:00";"MA";135;9,9;"SAO LUIS";"Falta de Atenção à Condução";"Colisão lateral";"Com Vítimas Feridas";"Pleno dia";"Crescente";"Chuva";"Dupla";"Reta";"Sim";2;0;1;0;0;1;1;2;-2,6877926;-44,2997379;"SPRF-MA";"DEL01-MA";"UOP01-DEL01-MA"
122029;2018-03-30;"sexta-feira";"07:00:00";"PR";116;5;"CAMPINA GRANDE DO SUL";"Velocidade Incompatível";"Capotamento";"Com Vítimas Feridas";"Amanhecer";"Crescente";"Nublado";"Dupla";"Curva";"Não";2;0;2;0;0;0;2;1;-25,083086;-48,60001;"SPRF-PR";"DEL01-PR";"UOP02-DEL01-PR"
122030;2018-03-30;"sexta-feira";"06:00:00";"PI";343;291;"ALTOS";"Fenômenos da Natureza";"Saída de leito carroçável";"Sem Vítimas";"Amanhecer";"Crescente";"Chuva";"Simples";"Reta";"Não";3;0;0;0;3;0;0;1;-4,952586;-42,353409;"SPRF-PI";"DEL01-PI";"UOP03-DEL01-PI"
122032;2018-03-30;"sexta-feira";"07:20:00";"SP";116;385;"MIRACATU";"Falta de Atenção à Condução";"Colisão traseira";"Com Vítimas Feridas";"Pleno dia";"Crescente";"Nublado";"Simples";"Interseção de Vias";"Não";2;0;1;0;1;0;1;2;-24,25614659;-47,37318995;"SPRF-SP";"DEL04-SP";"UOP02-DEL04-SP"
122033;2018-03-30;"sexta-feira";"07:00:00";"PR";369;174;"ROLANDIA";"Desobediência às normas de trânsito pelo condutor";"Colisão transversal";"Com Vítimas Feridas";"Amanhecer";"Crescente";"Nublado";"Simples";"Interseção de Vias";"Sim";3;0;2;0;1;0;2;2;-23,31844942;-51,37933281;"SPRF-PR";"DEL07-PR";"UOP01-DEL07-PR"
122034;2018-03-30;"sexta-feira";"06:30:00";"MG";40;372;"CURVELO";"Avarias e/ou desgaste excessivo no pneu";"Saída de leito carroçável";"Com Vítimas Feridas";"Amanhecer";"Decrescente";"Céu Claro";"Simples";"Ponte";"Não";4;0;1;0;3;0;1;1;-18,828915;-44,778152;"SPRF-MG";"DEL02-MG";"UOP01-DEL02-MG"
122035;2018-03-30;"sexta-feira";"06:45:00";"RS";285;245,2;"CIRIACO";"Falta de Atenção à Condução";"Colisão frontal";"Com Vítimas Feridas";"Pleno dia";"Decrescente";"Nevoeiro/Neblina";"Simples";"Reta";"Não";6;0;0;6;0;0;6;2;-28,2725;-51,932531;"SPRF-RS";"DEL08-RS";"UOP03-DEL08-RS"
122037;2018-03-26;"segunda-feira";"11:05:00";"MG";116;705;"MURIAE";"Pista Escorregadia";"Tombamento";"Com Vítimas Feridas";"Pleno dia";"Decrescente";"Céu Claro";"Simples";"Interseção de Vias";"Sim";2;0;2;0;0;0;2;1;-21,12949679;-42,38534404;"SPRF-MG";"DEL07-MG";"UOP02-DEL07-MG"
122038;2018-03-30;"sexta-feira";"07:40:00";"CE";222;29,1;"CAUCAIA";"Não guardar distância de segurança";"Colisão traseira";"Com Vítimas Feridas";"Pleno dia";"Crescente";"Nublado";"Simples";"Reta";"Não";4;0;3;0;1;0;3;2;-3,714337;-38,811092;"SPRF-CE";"DEL01-CE";"UOP01-DEL01-CE"
122039;2018-03-30;"sexta-feira";"07:50:00";"PR";376;615,9;"SAO JOSE DOS PINHAIS";"Falta de Atenção à Condução";"Colisão traseira";"Com Vítimas Feridas";"Pleno dia";"Crescente";"Céu Claro";"Múltipla";"Reta";"Não";2;0;1;0;1;0;1;2;-25,5786789;-49,17868668;"SPRF-PR";"DEL01-PR";"DEL7/1-UOP08/PR"
122040;2018-03-30;"sexta-feira";"08:10:00";"RS";116;251;"SAO LEOPOLDO";"Ingestão de Álcool";"Colisão traseira";"Sem Vítimas";"Pleno dia";"Crescente";"Nublado";"Múltipla";"Reta";"Sim";2;0;0;0;2;0;0;2;-29,79697837;-51,16517628;"SPRF-RS";"DEL01-RS";"UOP02-DEL01-RS"
122041;2018-03-30;"sexta-feira";"06:05:00";"SC";282;52;"AGUAS MORNAS";"Ingestão de Álcool";"Colisão frontal";"Com Vítimas Feridas";"Amanhecer";"Decrescente";"Céu Claro";"Simples";"Curva";"Não";8;0;6;1;1;0;7;2;-27,69586877;-48,96508276;"SPRF-SC";"DEL01-SC";"UOP03-DEL01-SC"
122042;2018-03-30;"sexta-feira";"08:45:00";"MG";365;0,2;"MONTES CLAROS";"Falta de Atenção à Condução";"Colisão traseira";"Com Vítimas Feridas";"Pleno dia";"Crescente";"Sol";"Simples";"Reta";"Sim";4;0;0;1;3;0;1;2;-16,76639938;-43,88379669;"SPRF-MG";"DEL12-MG";"UOP01-DEL12-MG"
122044;2018-03-30;"sexta-feira";"08:00:00";"BA";324;553,1;"AMELIA RODRIGUES";"Falta de Atenção à Condução";"Saída de leito carroçável";"Com Vítimas Feridas";"Pleno dia";"Decrescente";"Nublado";"Dupla";"Reta;Declive";"Não";3;0;1;0;2;0;1;1;-12,39231757;-38,78036499;"SPRF-BA";"DEL01-BA";"UOP01-DEL01-BA"
122045;2018-03-30;"sexta-feira";"06:15:00";"PE";101;3,3;"GOIANA";"Fenômenos da Natureza";"Saída de leito carroçável";"Sem Vítimas";"Pleno dia";"Crescente";"Chuva";"Dupla";"Curva";"Não";1;0;0;0;1;0;0;1;-7,5328;-34,9909;"SPRF-PE";"DEL01-PE";"UOP02-DEL01-PE"
122046;2018-03-30;"sexta-feira";"08:30:00";"RJ";101;278;"TANGUA";"Falta de Atenção à Condução";"Colisão traseira";"Sem Vítimas";"Pleno dia";"Crescente";"Céu Claro";"Dupla";"Reta";"Sim";2;0;0;0;2;0;0;2;-22,740246;-42,758068;"SPRF-RJ";"DEL02-RJ";"UOP03-DEL02-RJ"
122047;2018-03-30;"sexta-feira";"08:40:00";"PR";277;660;"MATELANDIA";"Falta de Atenção à Condução";"Colisão com objeto estático";"Com Vítimas Feridas";"Pleno dia";"Decrescente";"Nublado";"Dupla";"Curva";"Não";1;0;1;0;0;0;1;1;-25,25161483;-53,99073243;"SPRF-PR";"DEL05-PR";"UOP02-DEL05-PR"
122048;2018-03-30;"sexta-feira";"08:41:00";"PE";232;77;"GRAVATA";"Desobediência às normas de trânsito pelo condutor";"Colisão traseira";"Com Vítimas Feridas";"Pleno dia";"Crescente";"Céu Claro";"Dupla";"Reta";"Não";2;0;1;0;1;0;1;2;-8,193439;-35,543007;"SPRF-PE";"DEL01-PE";"UOP02-DEL02PE"
122049;2018-03-30;"sexta-feira";"01:38:00";"SC";282;52;"RANCHO QUEIMADO";"Pista Escorregadia";"Saída de leito carroçável";"Sem Vítimas";"Plena Noite";"Decrescente";"Garoa/Chuvisco";"Simples";"Declive;Curva";"Não";1;0;0;0;1;0;0;1;-27,696936;-48,964138;"SPRF-SC";"DEL01-SC";"UOP03-DEL01-SC"
122051;2018-03-30;"sexta-feira";"09:10:00";"MA";316;565;"CAXIAS";"Pista Escorregadia";"Saída de leito carroçável";"Com Vítimas Feridas";"Pleno dia";"Crescente";"Chuva";"Simples";"Reta";"Não";4;0;3;0;1;0;3;1;-4,90293706;-43,24586034;"SPRF-MA";"DEL03-MA";"UOP02-DEL03-MA"