"id";"data_inversa";"dia_semana";"horario";"uf";"br";"km";"municipio";"causa_acidente";"tipo_acidente";"classificacao_acidente";"fase_dia";"sentido_via";"condicao_metereologica";"tipo_pista";"tracado_via";"uso_solo";"pessoas";"mortos";"feridos_leves";"feridos_graves";"ilesos";"ignorados";"feridos";"veiculos";"latitude";"longitude";"regional";"delegacia";"uop"
122265;2018-03-31;"sábado";"11:05:00";"BA";116;420;"FEIRA DE SANTANA";"Defeito Mecânico no Veículo";"Incêndio";"Sem Vítimas";"Pleno dia";"Decrescente";"Céu Claro";"Simples";"Curva";"Sim";2;0;0;0;2;0;0;1;-12,22728634;-38,96438599;"SPRF-BA";"DEL02-BA";"DEL10/2-UOP02/BA"
122267;2018-03-31;"sábado";"11:40:00";"RS";116;464,8;"SAO LOURENCO DO SUL";"Falta de Atenção à Condução";"Colisão transversal";"Com Vítimas Feridas";"Pleno dia";"Crescente";"Nublado";"Simples";"Interseção de Vias";"Não";2;0;1;0;1;0;1;2;-31,31930477;-52,02744931;"SPRF-RS";"DEL02-RS";"UOP03-DEL02-RS"
122268;2018-03-31;"sábado";"11:30:00";"ES";101;260;"SERRA";"Não guardar distância de segurança";"Colisão lateral";"Sem Vítimas";"Pleno dia";"Crescente";"Céu Claro";"Dupla";"Curva";"Não";2;0;0;0;2;0;0;2;-20,14634895;-40,28324127;"SPRF-ES";"DEL02-ES";"UOP01-DEL02-ES"
122269;2018-03-31;"sábado";"11:58:00";"PR";376;312,3;"ORTIGUEIRA";"Pista Escorregadia";"Capotamento";"Com Vítimas Feridas";"Pleno dia";"Decrescente";"Chuva";"Simples";"Curva";"Não";4;0;1;0;3;0;1;1;-23,98476786;-51,09306333;"SPRF-PR";"DEL07-PR";"UOP02-DEL07-PR"
122270;2018-03-31;"sábado";"11:20:00";"CE";20;404,2;"CAUCAIA";"Falta de Atenção à Condução";"Colisão transversal";"Com Vítimas Feridas";"Pleno dia";"Decrescente";"Nublado";"Simples";"Reta";"Não";2;0;2;0;0;0;2;2;-3,76999;-38,670063;"SPRF-CE";"DEL01-CE";"UOP01-DEL01-CE"
122271;2018-03-31;"sábado";"12:00:00";"PR";277;730,6;"FOZ DO IGUACU";"Não guardar distância de segurança";"Colisão traseira";"Com Vítimas Feridas";"Pleno dia";"Crescente";"Nublado";"Simples";"Ponte";"Não";2;0;0;1;0;1;1;2;-25,50949984;-54,59933907;"SPRF-PR";"DEL05-PR";"UOP03-DEL05-PR"
122272;2018-03-31;"sábado";"11:40:00";"AL";101;20;"JOAQUIM GOMES";"Falta de Atenção à Condução";"Saída de leito carroçável";"Com Vítimas Feridas";"Pleno dia";"Crescente";"Chuva";"Dupla";"Curva";"Não";3;0;3;0;0;0;3;1;-9,03032;-35,681488;"SPRF-AL";"DEL01-AL";"UOP01-DEL01-AL"
122273;2018-03-31;"sábado";"11:40:00";"RS";392;61,3;"PELOTAS";"Não guardar distância de segurança";"Colisão traseira";"Com Vítimas Feridas";"Pleno dia";"Decrescente";"Nevoeiro/Neblina";"Simples";"Curva";"Não";1;0;1;0;0;0;1;1;-31,787077;-52,351822;"SPRF-RS";"DEL07-RS";"UOP01-DEL07-RS"
122274;2018-03-31;"sábado";"12:30:00";"PR";376;1;"SAO JOSE DOS PINHAIS";"Mal Súbito";"Saída de leito carroçável";"Com Vítimas Feridas";"Pleno dia";"Decrescente";"Nublado";"Dupla";"Reta;Aclive";"Sim";1;0;1;0;0;0;1;1;-25,5307;-49,1958;"SPRF-PR";"DEL01-PR";"DEL7/1-UOP08/PR"
122275;2018-03-31;"sábado";"10:02:00";"TO";153;336;"GUARAI";"Falta de Atenção à Condução";"Colisão frontal";"Com Vítimas Feridas";"Pleno dia";"Crescente";"Céu Claro";"Simples";"Reta";"Sim";3;0;0;1;1;1;1;3;-8,85386;-48,508884;"SPRF-TO";"DEL02-TO";"UOP02-DEL02-TO"
122276;2018-03-31;"sábado";"13:00:00";"PE";101;82;"JABOATAO DOS GUARARAPES";"Falta de Atenção à Condução";"Colisão traseira";"Com Vítimas Feridas";"Pleno dia";"Crescente";"Nublado";"Dupla";"Reta";"Sim";2;0;0;1;1;0;1;2;-8,1768;-34,9443;"SPRF-PE";"DEL01-PE";"UOP03-DEL01-PE"
122277;2018-03-31;"sábado";"12:20:00";"PR";476;124,7;"CURITIBA";"Falta de Atenção à Condução";"Colisão traseira";"Sem Vítimas";"Pleno dia";"Decrescente";"Nublado";"Dupla";"Reta";"Sim";6;0;0;0;6;0;0;6;-25,40581399;-49,21833158;"SPRF-PR";"DEL01-PR";"UOP07-DEL01-PR"
122278;2018-03-31;"sábado";"11:40:00";"SC";282;489,3;"FAXINAL DOS GUEDES";"Defeito na Via";"Saída de leito carroçável";"Sem Vítimas";"Pleno dia";"Decrescente";"Chuva";"Simples";"Curva";"Não";1;0;0;0;1;0;0;1;-26,86573079;-52,26951599;"SPRF-SC";"DEL07-SC";"UOP01-DEL07-SC"
122280;2018-03-31;"sábado";"11:37:00";"AL";316;265;"SATUBA";"Defeito Mecânico no Veículo";"Saída de leito carroçável";"Com Vítimas Feridas";"Pleno dia";"Crescente";"Céu Claro";"Simples";"Reta";"Não";3;0;2;0;1;0;2;1;-9,587626;-35,8522361;"SPRF-AL";"DEL02-AL";"UOP01-DEL02-AL"
122281;2018-03-31;"sábado";"11:45:00";"RO";364;751;"PORTO VELHO";"Pista Escorregadia";"Saída de leito carroçável";"Com Vítimas Feridas";"Pleno dia";"Crescente";"Chuva";"Simples";"Curva";"Não";2;0;2;0;0;0;2;1;-9,674507;-65,44786;"SPRF-RO";"DEL01-RO";"UOP02-DEL01-RO"
122282;2018-03-31;"sábado";"13:20:00";"ES";262;34;"DOMINGOS MARTINS";"Falta de Atenção à Condução";"Colisão transversal";"Sem Vítimas";"Pleno dia";"Crescente";"Céu Claro";"Simples";"Curva";"Não";2;0;0;0;2;0;0;2;-20,3752;-40,5893;"SPRF-ES";"DEL01-ES";"UOP01-DEL01-ES"
122283;2018-03-31;"sábado";"13:13:00";"SP";381;58;"MAIRIPORA";"Falta de Atenção à Condução";"Tombamento";"Com Vítimas Feridas";"Pleno dia";"Crescente";"Céu Claro";"Dupla";"Reta";"Não";5;0;0;1;3;1;1;5;-23,28007;-46,586486;"SPRF-SP";"DEL03-SP";"UOP01-DEL03-SP"
122286;2018-03-31;"sábado";"13:00:00";"AL";104;50,6;"BRANQUINHA";"Velocidade Incompatível";"Colisão frontal";"Com Vítimas Feridas";"Pleno dia";"Decrescente";"Chuva";"Simples";"Reta";"Não";4;0;0;3;1;0;3;2;-9,25800239;-35,97747803;"SPRF-AL";"DEL01-AL";"UOP02-DEL01-AL"
122289;2018-03-31;"sábado";"13:50:00";"BA";110;198;"RIBEIRA DO AMPARO";"Desobediência às normas de trânsito pelo condutor";"Colisão traseira";"Com Vítimas Feridas";"Pleno dia";"Decrescente";"Céu Claro";"Simples";"Reta";"Sim";3;0;2;0;1;0;2;2;-11,0552;-38,5133;"SPRF-BA";"DEL07-BA";"UOP02-DEL07-BA"
122290;2018-03-31;"sábado";"14:07:00";"BA";324;619;"SALVADOR";"Mal Súbito";"Saída de leito carroçável";"Com Vítimas Fatais";"Pleno dia";"Decrescente";"Céu Claro";"Dupla";"Reta";"Sim";1;1;0;0;0;0;0;1;-12,9111305;-38,4588765;"SPRF-BA";"DEL01-BA";"UOP01-DEL01-BA"
122291;2018-03-31;"sábado";"12:40:00";"MA";135;41;"BACABEIRA";"Falta de Atenção à Condução";"Capotamento";"Com Vítimas Feridas";"Pleno dia";"Decrescente";"Céu Claro";"Dupla";"Reta";"Não";2;0;1;1;0;0;2;1;-2,899871;-44,366676;"SPRF-MA";"DEL01-MA";"UOP01-DEL01-MA"
122293;2018-03-31;"sábado";"12:10:00";"SC";282;273,6;"SAO JOSE DO CERRITO";"Falta de Atenção à Condução";"Saída de leito carroçável";"Sem Vítimas";"Pleno dia";"Decrescente";"Chuva";"Simples";"Curva";"Não";1;0;0;0;1;0;0;1;-27,61441732;-50,71555138;"SPRF-SC";"DEL05-SC";"UOP02-DEL05-SC"
122294;2018-03-31;"sábado";"14:00:00";"BA";135;112,5;"RIACHAO DAS NEVES";"Ingestão de Álcool";"Atropelamento de Pedestre";"Com Vítimas Fatais";"Pleno dia";"Decrescente";"Sol";"Simples";"Reta";"Não";2;1;0;0;1;0;0;2;-11,663772;-44,863074;"SPRF-BA";"DEL10-BA";"UOP01-DEL10-BA"
122295;2018-03-31;"sábado";"13:30:00";"PR";376;591;"CURITIBA";"Não guardar distância de segurança";"Capotamento";"Com Vítimas Feridas";"Pleno dia";"Crescente";"Céu Claro";"Dupla";"Reta";"Não";2;0;1;1;0;0;2;1;-25,47179346;-49,35539246;"SPRF-PR";"DEL01-PR";"UOP06-DEL01-PR"
122297;2018-03-31;"sábado";"14:05:00";"SP";153;61,5;"SAO JOSE DO RIO PRETO";"Ingestão de Álcool";"Colisão lateral";"Com Vítimas Feridas";"Pleno dia";"Crescente";"Nublado";"Dupla";"Declive";"Sim";2;0;1;0;1;0;1;2;-20,80949965;-49,35650541;"SPRF-SP";"DEL09-SP";"UOP01-DEL09-SP"
122299;2018-03-31;"sábado";"14:00:00";"PB";230;20,6;"JOAO PESSOA";"Avarias e/ou desgaste excessivo no pneu";"Tombamento";"Com Vítimas Feridas";"Pleno dia";"Decrescente";"Céu Claro";"Dupla";"Reta";"Sim";2;0;2;0;0;0;2;1;-7,138711;-34,852612;"SPRF-PB";"DEL01-PB";"UOP01-DEL01-PB"
122300;2018-03-31;"sábado";"14:50:00";"PA";316;57;"CASTANHAL";"Falta de Atenção à Condução";"Colisão traseira";"Com Vítimas Feridas";"Pleno dia";"Crescente";"Nublado";"Dupla";"Reta";"Sim";2;0;0;1;1;0;1;2;-1,306961;-48,034779;"SPRF-PA";"DEL01-PA";"UOP01-DEL01-PA"
122301;2018-03-31;"sábado";"11:00:00";"RS";471;505,2;"RIO GRANDE";"Velocidade Incompatível";"Capotamento";"Com Vítimas Feridas";"Pleno dia";"Crescente";"Chuva";"Simples";"Reta";"Não";1;0;1;0;0;0;1;1;-32,416332;-52,562019;"SPRF-RS";"DEL07-RS";"UOP02-DEL07-RS"
122303;2018-03-31;"sábado";"13:38:00";"PR";277;673;"MEDIANEIRA";"Carga excessiva e/ou mal acondicionada";"Queda de ocupante de veículo";"Com Vítimas Feridas";"Pleno dia";"Crescente";"Céu Claro";"Dupla";"Reta";"Sim";1;0;0;1;0;0;1;1;-25,290573;-54,106499;"SPRF-PR";"DEL05-PR";"UOP01-DEL05-PR"
122304;2018-03-31;"sábado";"14:00:00";"GO";153;615;"MORRINHOS";"Ingestão de Álcool";"Saída de leito carroçável";"Sem Vítimas";"Pleno dia";"Crescente";"Nublado";"Dupla";"Reta";"Não";1;0;0;0;1;0;0;1;-17,6778;-49,1621;"SPRF-GO";"DEL03-GO";"UOP01-DEL03-GO"
122307;2018-03-31;"sábado";"14:25:00";"PE";232;113,7;"BEZERROS";"Pista Escorregadia";"Saída de leito carroçável";"Com Vítimas Feridas";"Pleno dia";"Crescente";"Chuva";"Dupla";"Curva;Declive";"Sim";1;0;1;0;0;0;1;1;-8,2984703;-35,84907532;"SPRF-PE";"DEL02-PE";"UOP03-DEL02-PE"
122308;2018-03-31;"sábado";"11:15:00";"MT";70;743;"CACERES";"Velocidade Incompatível";"Colisão com objeto estático";"Com Vítimas Feridas";"Pleno dia";"Crescente";"Céu Claro";"Simples";"Reta";"Não";1;0;0;1;0;0;1;1;-16,06380576;-57,71255493;"SPRF-MT";"DEL03-MT";"UOP01-DEL03-MT"
122310;2018-03-31;"sábado";"15:00:00";"RS";116;248,5;"SAO LEOPOLDO";"Desobediência às normas de trânsito pelo condutor";"Colisão com objeto estático";"Sem Vítimas";"Pleno dia";"Decrescente";"Chuva";"Dupla";"Reta";"Sim";1;0;0;0;0;1;0;1;-29,77681003;-51,15536744;"SPRF-RS";"DEL01-RS";"UOP02-DEL01-RS"
122311;2018-03-31;"sábado";"16:10:00";"RS";285;132;"VACARIA";"Falta de Atenção à Condução";"Colisão traseira";"Com Vítimas Feridas";"Pleno dia";"Decrescente";"Nublado";"Simples";"Reta";"Não";4;0;2;0;1;1;2;2;-28,437056;-51,003933;"SPRF-RS";"DEL05-RS";"UOP03-DEL05-RS"
122312;2018-03-31;"sábado";"16:00:00";"RS";470;225;"GARIBALDI";"Pista Escorregadia";"Colisão transversal";"Com Vítimas Feridas";"Pleno dia";"Decrescente";"Chuva";"Simples";"Curva";"Não";5;0;3;0;2;0;3;2;-29,2398;-51,5192826;"SPRF-RS";"DEL06-RS";"UOP01-DEL06-RS"
122314;2018-03-31;"sábado";"16:20:00";"RN";101;83,5;"NATAL";"Falta de Atenção à Condução";"Engavetamento";"Sem Vítimas";"Pleno dia";"Crescente";"Céu Claro";"Dupla";"Reta";"Sim";3;0;0;0;3;0;0;3;-5,771044;-35,266171;"SPRF-RN";"DEL02-RN";"UOP01-DEL02-RN"
122315;2018-03-31;"sábado";"16:45:00";"TO";242;322,2;"PEIXE";"Velocidade Incompatível";"Saída de leito carroçável";"Com Vítimas Fatais";"Pleno dia";"Crescente";"Céu Claro";"Simples";"Curva";"Não";2;1;1;0;0;0;1;1;-11,98827848;-48,64471436;"SPRF-TO";"DEL02-TO";"UOP02-DEL01-TO"
122318;2018-03-31;"sábado";"16:55:00";"ES";101;267;"SERRA";"Desobediência às normas de trânsito pelo condutor";"Queda de ocupante de veículo";"Com Vítimas Feridas";"Pleno dia";"Crescente";"Céu Claro";"Múltipla";"Interseção de Vias";"Sim";2;0;0;1;0;1;1;2;-20,18451419;-40,26695251;"SPRF-ES";"DEL02-ES";"UOP01-DEL02-ES"
122319;2018-03-26;"segunda-feira";"16:00:00";"PA";163;565;"TRAIRAO";"Defeito na Via";"Queda de ocupante de veículo";"Com Vítimas Feridas";"Pleno dia";"Crescente";"Céu Claro";"Simples";"Declive;Reta";"Não";1;0;0;1;0;0;1;1;-5,09734;-56,137038;"SPRF-PA";"DEL05-PA";"UOP01-DEL05-PA"
122320;2018-03-31;"sábado";"16:20:00";"MG";381;6;"BETIM";"Desobediência às normas de trânsito pelo condutor";"Colisão com objeto estático";"Sem Vítimas";"Pleno dia";"Decrescente";"Céu Claro";"Dupla";"Curva";"Não";2;0;0;0;1;1;0;2;-19,97205809;-44,19387817;"SPRF-MG";"DEL01-MG";"UOP03-DEL01-MG"
122321;2018-03-31;"sábado";"17:00:00";"PR";369;51;"CAMPO MOURAO";"Falta de Atenção à Condução";"Saída de leito carroçável";"Com Vítimas Feridas";"Pleno dia";"Crescente";"Nublado";"Simples";"Curva";"Não";2;0;1;1;0;0;2;1;-24,0567;-52,3819;"SPRF-PR";"DEL07-PR";"UOP05-DEL07-PR"
122323;2018-03-31;"sábado";"15:50:00";"MT";70;521;"CUIABA";"Desobediência às normas de trânsito pelo condutor";"Colisão transversal";"Sem Vítimas";"Pleno dia";"Crescente";"Céu Claro";"Simples";"Reta";"Não";2;0;0;0;2;0;0;2;-15,650426;-55,998444;"SPRF-MT";"DEL01-MT";"DEL2/4-UOP02/MT"
122324;2018-03-31;"sábado";"17:00:00";"PA";316;62;"CASTANHAL";"Pista Escorregadia";"Tombamento";"Com Vítimas Feridas";"Pleno dia";"Crescente";"Chuva";"Dupla";"Reta";"Sim";2;0;1;0;1;0;1;1;-1,296296;-47,919842;"SPRF-PA";"DEL01-PA";"UOP01-DEL01-PA"
122325;2018-03-31;"sábado";"17:15:00";"RN";406;129;"TAIPU";"Desobediência às normas de trânsito pelo condutor";"Colisão traseira";"Com Vítimas Feridas";"Pleno dia";"Decrescente";"Céu Claro";"Simples";"Reta";"Não";3;0;1;0;2;0;1;2;-5,62161809;-35,60745388;"SPRF-RN";"DEL02-RN";"UOP01-DEL02-RN"
122326;2018-03-31;"sábado";"17:30:00";"PA";316;65;"CASTANHAL";"Ingestão de Álcool";"Colisão traseira";"Com Vítimas Feridas";"Anoitecer";"Crescente";"Garoa/Chuvisco";"Simples";"Reta";"Sim";3;0;1;0;1;1;1;3;-1,295804;-47,910839;"SPRF-PA";"DEL01-PA";"UOP01-DEL01-PA"
122327;2018-03-31;"sábado";"16:45:00";"RJ";101;461;"ANGRA DOS REIS";"Falta de Atenção à Condução";"Colisão frontal";"Com Vítimas Fatais";"Pleno dia";"Crescente";"Céu Claro";"Simples";"Reta";"Não";28;1;17;3;7;0;20;2;-22,99988396;-44,2591095;"SPRF-RJ";"DEL03-RJ";"UOP03-DEL03-RJ"
122329;2018-03-31;"sábado";"17:20:00";"RJ";116;102;"GUAPIMIRIM";"Falta de Atenção à Condução";"Queda de ocupante de veículo";"Com Vítimas Feridas";"Anoitecer";"Crescente";"Céu Claro";"Simples";"Declive";"Sim";2;0;2;0;0;0;2;1;-22,498205;-42,998421;"SPRF-RJ";"DEL04-RJ";"UOP02-DEL04-RJ"
122330;2018-03-31;"sábado";"17:35:00";"SC";282;220;"LAGES";"Ingestão de Álcool";"Saída de leito carroçável";"Com Vítimas Feridas";"Pleno dia";"Decrescente";"Garoa/Chuvisco";"Simples";"Curva";"Sim";1;0;1;0;0;0;1;1;-27,794014;-50,33363;"SPRF-SC";"DEL05-SC";"UOP01-DEL05-SC"
122331;2018-03-31;"sábado";"01:00:00";"PB";230;496,4;"CAJAZEIRAS";"Pista Escorregadia";"Saída de leito carroçável";"Com Vítimas Feridas";"Plena Noite";"Decrescente";"Chuva";"Simples";"Reta";"Não";1;0;1;0;0;0;1;1;-6,8922;-38,4834;"SPRF-PB";"DEL03-PB";"UOP03-DEL03-PB"
122333;2018-03-31;"sábado";"18:15:00";"MG";262;821;"UBERABA";"Velocidade Incompatível";"Colisão com objeto estático";"Com Vítimas Feridas";"Anoitecer";"Crescente";"Nublado";"Simples";"Curva";"Não";2;0;1;0;0;1;1;1;-19,762056;-48,138805;"SPRF-MG";"DEL13-MG";"UOP01-DEL13-MG"
122335;2018-03-31;"sábado";"17:40:00";"SC";101;57,2;"ARAQUARI";"Falta de Atenção à Condução";"Saída de leito carroçável";"Com Vítimas Feridas";"Anoitecer";"Decrescente";"Chuva";"Dupla";"Curva";"Não";2;0;1;0;1;0;1;1;-26,4403;-48,801;"SPRF-SC";"DEL03-SC";"UOP01-DEL03-SC"
122336;2018-03-31;"sábado";"18:20:00";"BA";324;515;"FEIRA DE SANTANA";"Desobediência às normas de trânsito pelo condutor";"Colisão transversal";"Com Vítimas Feridas";"Plena Noite";"Crescente";"Céu Claro";"Simples";"Reta";"Sim";3;0;0;1;1;1;1;3;-12,24247933;-38,93723667;"SPRF-BA";"DEL02-BA";"UOP01-DEL02-BA"
122338;2018-03-31;"sábado";"17:50:00";"RO";364;234,7;"CACOAL";"Falta de Atenção à Condução";"Colisão com objeto estático";"Sem Vítimas";"Anoitecer";"Decrescente";"Céu Claro";"Simples";"Rotatória";"Sim";1;0;0;0;0;1;0;1;-11,45268116;-61,42851412;"SPRF-RO";"DEL02-RO";"UOP02-DEL02-RO"
122341;2018-03-31;"sábado";"18:30:00";"SC";282;4;"FLORIANOPOLIS";"Falta de Atenção à Condução";"Tombamento";"Com Vítimas Feridas";"Plena Noite";"Decrescente";"Céu Claro";"Dupla";"Curva";"Sim";1;0;1;0;0;0;1;1;-27,59571608;-48,60120264;"SPRF-SC";"DEL01-SC";"UOP01-DEL01-SC"
122342;2018-03-31;"sábado";"18:15:00";"MS";163;80;"ITAQUIRAI";"Falta de Atenção do Pedestre";"Atropelamento de Pedestre";"Com Vítimas Feridas";"Plena Noite";"Crescente";"Nublado";"Simples";"Reta";"Não";1;0;0;1;0;0;1;1;-23,453745;-54,197492;"SPRF-MS";"DEL09-MS";"UOP01-DEL09-MS"
122343;2018-03-31;"sábado";"18:10:00";"MG";381;511;"IGARAPE";"Falta de Atenção à Condução";"Colisão lateral";"Com Vítimas Feridas";"Anoitecer";"Crescente";"Céu Claro";"Simples";"Reta";"Sim";2;0;1;0;1;0;1;2;-20,0685;-44,2974;"SPRF-MG";"DEL01-MG";"UOP03-DEL01-MG"
122344;2018-03-31;"sábado";"19:10:00";"PR";376;176,2;"MARINGA";"Não guardar distância de segurança";"Colisão traseira";"Com Vítimas Feridas";"Plena Noite";"Crescente";"Céu Claro";"Múltipla";"Reta";"Sim";3;0;0;1;2;0;1;3;-23,412691;-51,931583;"SPRF-PR";"DEL07-PR";"UOP01-DEL09-PR"
122345;2018-03-31;"sábado";"18:50:00";"MG";40;567;"NOVA LIMA";"Defeito Mecânico no Veículo";"Saída de leito carroçável";"Sem Vítimas";"Plena Noite";"Decrescente";"Céu Claro";"Simples";"Declive";"Não";1;0;0;0;1;0;0;1;-20,1951;-43,9737;"SPRF-MG";"DEL01-MG";"UOP02-DEL01-MG"
122347;2018-03-31;"sábado";"18:55:00";"PB";230;28;"JOAO PESSOA";"Falta de Atenção à Condução";"Colisão lateral";"Com Vítimas Feridas";"Plena Noite";"Decrescente";"Céu Claro";"Dupla";"Interseção de Vias";"Sim";3;0;1;0;2;0;1;3;-7,16525717;-34,89408016;"SPRF-PB";"DEL01-PB";"UOP01-DEL01-PB"
122348;2018-03-31;"sábado";"19:00:00";"PR";376;681;"GUARATUBA";"Falta de Atenção à Condução";"Colisão com objeto estático";"Sem Vítimas";"Plena Noite";"Crescente";"Chuva";"Dupla";"Reta";"Não";1;0;0;0;1;0;0;1;-25,97137;-48,891755;"SPRF-PR";"DEL01-PR";"DEL7/1-UOP08/PR"
122349;2018-03-31;"sábado";"19:30:00";"MG";40;654,5;"CARANDAI";"Velocidade Incompatível";"Colisão com objeto estático";"Sem Vítimas";"Plena Noite";"Decrescente";"Céu Claro";"Dupla";"Reta";"Não";2;0;0;0;1;1;0;2;-20,86228063;-43,79947543;"SPRF-MG";"DEL05-MG";"UOP02-DEL05-MG"
122350;2018-03-31;"sábado";"19:20:00";"PR";116;52;"CAMPINA GRANDE DO SUL";"Não guardar distância de segurança";"Colisão traseira";"Com Vítimas Feridas";"Plena Noite";"Decrescente";"Nublado";"Dupla";"Reta";"Não";2;0;0;1;1;0;1;2;-25,249104;-48,908455;"SPRF-PR";"DEL01-PR";"UOP02-DEL01-PR"
122351;2018-03-31;"sábado";"18:40:00";"PE";423;37,9;"CACHOEIRINHA";"Falta de Atenção à Condução";"Tombamento";"Sem Vítimas";"Plena Noite";"Crescente";"Céu Claro";"Simples";"Reta";"Não";1;0;0;0;0;1;0;1;-8,485734;-36,227973;"SPRF-PE";"DEL02-PE";"UOP03-DEL02-PE"
122354;2018-03-31;"sábado";"19:30:00";"RS";470;215;"BENTO GONCALVES";"Falta de Atenção à Condução";"Atropelamento de Pedestre";"Com Vítimas Feridas";"Plena Noite";"Decrescente";"Garoa/Chuvisco";"Simples";"Reta";"Sim";2;0;1;0;1;0;1;2;-29,16602766;-51,5256831;"SPRF-RS";"DEL06-RS";"UOP01-DEL06-RS"
122355;2018-03-31;"sábado";"19:20:00";"MG";381;932,4;"EXTREMA";"Não guardar distância de segurança";"Colisão lateral";"Com Vítimas Feridas";"Plena Noite";"Crescente";"Nublado";"Dupla";"Curva";"Não";3;0;1;0;1;1;1;3;-22,7956;-46,2536;"SPRF-MG";"DEL16-MG";"UOP03-DEL16-MG"
122356;2018-03-31;"sábado";"19:45:00";"MG";354;762,3;"ITAMONTE";"Animais na Pista";"Atropelamento de Animal";"Com Vítimas Feridas";"Plena Noite";"Crescente";"Céu Claro";"Simples";"Declive";"Não";7;0;0;1;5;1;1;3;-22,33223468;-44,83457566;"SPRF-MG";"DEL05-MG";"UOP01-DEL17-MG"
122357;2018-03-31;"sábado";"19:30:00";"SC";101;417,5;"ARARANGUA";"Desobediência às normas de trânsito pelo condutor";"Colisão frontal";"Com Vítimas Feridas";"Plena Noite";"Crescente";"Chuva";"Dupla";"Reta";"Sim";3;0;1;0;2;0;1;2;-28,9696351;-49,52564299;"SPRF-SC";"DEL02-SC";"UOP02-DEL02-SC"
122358;2018-03-31;"sábado";"19:30:00";"ES";101;300;"VIANA";"Agressão Externa";"Colisão lateral";"Sem Vítimas";"Plena Noite";"Crescente";"Céu Claro";"Múltipla";"Reta";"Sim";2;0;0;0;1;1;0;2;-20,3589962;-40,4374539;"SPRF-ES";"DEL01-ES";"UOP01-DEL01-ES"
122360;2018-03-31;"sábado";"16:30:00";"SC";280;42;"ARAQUARI";"Pista Escorregadia";"Tombamento";"Com Vítimas Feridas";"Pleno dia";"Crescente";"Chuva";"Simples";"Reta";"Não";1;0;1;0;0;0;1;1;-26,4506;-48,86797;"SPRF-SC";"DEL03-SC";"UOP03-DEL03-SC"
122361;2018-03-31;"sábado";"16:00:00";"ES";259;50,5;"COLATINA";"Desobediência às normas de trânsito pelo condutor";"Colisão lateral";"Com Vítimas Feridas";"Pleno dia";"Crescente";"Céu Claro";"Simples";"Rotatória";"Sim";2;0;1;0;1;0;1;2;-19,50373727;-40,61375141;"SPRF-ES";"DEL02-ES";"UOP01-DEL02-ES"
122362;2018-03-31;"sábado";"20:15:00";"PR";376;10;"MARINGA";"Falta de Atenção à Condução";"Tombamento";"Com Vítimas Feridas";"Plena Noite";"Crescente";"Nublado";"Dupla";"Curva;Aclive";"Não";1;0;0;1;0;0;1;1;-23,4273;-51,9375;"SPRF-PR";"DEL07-PR";"UOP01-DEL09-PR"
122363;2018-03-31;"sábado";"18:20:00";"RR";401;2;"BOA VISTA";"Ingestão de Álcool";"Colisão traseira";"Com Vítimas Feridas";"Plena Noite";"Decrescente";"Céu Claro";"Múltipla";"Reta";"Sim";2;0;1;0;1;0;1;2;2,800497;-60,678846;"SPRF-RR";"DEL01-RR";"UOP01-DEL01-RR"
122364;2018-03-31;"sábado";"18:45:00";"SC";280;33,5;"ARAQUARI";"Pista Escorregadia";"Capotamento";"Com Vítimas Feridas";"Plena Noite";"Decrescente";"Chuva";"Simples";"Reta";"Não";1;0;1;0;0;0;1;1;-26,42261956;-48,77998352;"SPRF-SC";"DEL03-SC";"UOP03-DEL03-SC"
122365;2018-03-31;"sábado";"20:00:00";"CE";222;121,1;"ITAPAJE";"Falta de Atenção à Condução";"Colisão traseira";"Com Vítimas Feridas";"Plena Noite";"Decrescente";"Céu Claro";"Simples";"Curva";"Sim";2;0;0;1;1;0;1;2;-3,699389;-39,574257;"SPRF-CE";"DEL04-CE";"UOP03-DEL04-CE"
122366;2018-03-31;"sábado";"16:20:00";"PE";316;250,9;"BELEM DE SAO FRANCISCO";"Velocidade Incompatível";"Atropelamento de Animal";"Sem Vítimas";"Pleno dia";"Decrescente";"Céu Claro";"Simples";"Reta";"Não";2;0;0;0;2;0;0;2;-8,689212;-38,969172;"SPRF-PE";"DEL05-PE";"UOP03-DEL05-PE"
122367;2018-03-31;"sábado";"19:10:00";"SP";116;278;"EMBU DAS ARTES";"Animais na Pista";"Atropelamento de Animal";"Sem Vítimas";"Plena Noite";"Crescente";"Chuva";"Dupla";"Curva";"Sim";2;0;0;0;2;0;0;1;-23,649368;-46,852623;"SPRF-SP";"DEL04-SP";"UOP01-DEL04-SP"
122368;2018-03-31;"sábado";"15:30:00";"RS";285;566,7;"SAO LUIZ GONZAGA";"Falta de Atenção à Condução";"Atropelamento de Pedestre";"Com Vítimas Fatais";"Pleno dia";"Crescente";"Nublado";"Simples";"Interseção de Vias";"Sim";2;1;1;0;0;0;1;2;-28,41873509;-54,96395588;"SPRF-RS";"DEL10-RS";"UOP01-DEL10-RS"
122369;2018-03-31;"sábado";"17:20:00";"BA";101;537;"BUERAREMA";"Velocidade Incompatível";"Capotamento";"Sem Vítimas";"Anoitecer";"Decrescente";"Chuva";"Simples";"Reta";"Não";1;0;0;0;1;0;0;1;-15,0457;-39,3338;"SPRF-BA";"DEL05-BA";"UOP02-DEL05-BA"