"id";"data_inversa";"dia_semana";"horario";"uf";"br";"km";"municipio";"causa_acidente";"tipo_acidente";"classificacao_acidente";"fase_dia";"sentido_via";"condicao_metereologica";"tipo_pista";"tracado_via";"uso_solo";"pessoas";"mortos";"feridos_leves";"feridos_graves";"ilesos";"ignorados";"feridos";"veiculos";"latitude";"longitude";"regional";"delegacia";"uop"
122470;2018-04-01;"domingo";"10:00:00";"PI";316;1,3;"TERESINA";"Falta de Atenção à Condução";"Colisão frontal";"Com Vítimas Feridas";"Pleno dia";"Crescente";"Céu Claro";"Simples";"Reta";"Sim";1;0;0;1;0;0;1;1;-5,12722386;-42,80421579;"SPRF-PI";"DEL01-PI";"UOP02-DEL01-PI"
122471;2018-04-01;"domingo";"08:20:00";"RO";429;45,7;"PRESIDENTE MEDICI";"Defeito na Via";"Tombamento";"Com Vítimas Feridas";"Pleno dia";"Crescente";"Céu Claro";"Simples";"Reta";"Não";1;0;0;1;0;0;1;1;-11,19635979;-61,94018845;"SPRF-RO";"DEL02-RO";"UOP03-DEL02-RO"
122472;2018-04-01;"domingo";"11:00:00";"RS";470;227;"GARIBALDI";"Velocidade Incompatível";"Saída de leito carroçável";"Sem Vítimas";"Pleno dia";"Decrescente";"Garoa/Chuvisco";"Simples";"Curva";"Sim";4;0;0;0;4;0;0;1;-29,26483686;-51,50047302;"SPRF-RS";"DEL06-RS";"UOP01-DEL06-RS"
122473;2018-04-01;"domingo";"11:00:00";"ES";101;100,5;"JAGUARE";"Defeito Mecânico no Veículo";"Tombamento";"Com Vítimas Feridas";"Pleno dia";"Crescente";"Céu Claro";"Simples";"Declive";"Não";2;0;0;2;0;0;2;1;-18,99121544;-40,00074059;"SPRF-ES";"DEL04-ES";"UOP02-DEL04-ES"
122474;2018-04-01;"domingo";"11:43:00";"GO";153;577;"PROFESSOR JAMIL";"Desobediência às normas de trânsito pelo condutor";"Saída de leito carroçável";"Com Vítimas Feridas";"Pleno dia";"Decrescente";"Céu Claro";"Dupla";"Curva";"Não";1;0;0;1;0;0;1;1;-17,362;-49,2477;"SPRF-GO";"DEL03-GO";"UOP01-DEL03-GO"
122475;2018-04-01;"domingo";"11:15:00";"RJ";393;289;"VOLTA REDONDA";"Falta de Atenção à Condução";"Colisão transversal";"Com Vítimas Feridas";"Pleno dia";"Decrescente";"Céu Claro";"Dupla";"Reta";"Sim";2;0;1;0;1;0;1;2;-22,52828436;-44,09417409;"SPRF-RJ";"DEL05-RJ";"UOP04-DEL05-RJ"
122476;2018-04-01;"domingo";"11:50:00";"MA";316;565;"CAXIAS";"Pista Escorregadia";"Saída de leito carroçável";"Com Vítimas Feridas";"Pleno dia";"Crescente";"Chuva";"Simples";"Declive";"Sim";3;0;2;0;1;0;2;1;-4,90273677;-43,24638605;"SPRF-MA";"DEL03-MA";"UOP02-DEL03-MA"
122477;2018-04-01;"domingo";"10:10:00";"SC";282;387,5;"JOACABA";"Falta de Atenção à Condução";"Saída de leito carroçável";"Com Vítimas Feridas";"Pleno dia";"Crescente";"Nublado";"Simples";"Rotatória";"Sim";4;0;4;0;0;0;4;1;-27,178274;-51,524025;"SPRF-SC";"DEL07-SC";"UOP05-DEL07-SC"
122479;2018-04-01;"domingo";"12:10:00";"SC";280;31,4;"ARAQUARI";"Falta de Atenção à Condução";"Colisão frontal";"Com Vítimas Feridas";"Pleno dia";"Crescente";"Céu Claro";"Simples";"Reta";"Sim";7;0;2;3;2;0;5;3;-26,416498;-48,771812;"SPRF-SC";"DEL03-SC";"UOP03-DEL03-SC"
122480;2018-04-01;"domingo";"11:45:00";"SC";101;174,3;"TIJUCAS";"Defeito Mecânico no Veículo";"Saída de leito carroçável";"Com Vítimas Feridas";"Pleno dia";"Crescente";"Nublado";"Dupla";"Reta";"Não";1;0;1;0;0;0;1;1;-27,3397;-48,627;"SPRF-SC";"DEL01-SC";"UOP01-DEL01-SC"
122482;2018-04-01;"domingo";"12:00:00";"ES";101;159;"LINHARES";"Falta de Atenção à Condução";"Colisão transversal";"Com Vítimas Feridas";"Pleno dia";"Crescente";"Céu Claro";"Simples";"Interseção de Vias";"Sim";2;0;1;0;1;0;1;2;-19,41997316;-40,07125854;"SPRF-ES";"DEL04-ES";"UOP01-DEL04-ES"
122483;2018-04-01;"domingo";"12:15:00";"CE";116;8;"FORTALEZA";"Não guardar distância de segurança";"Colisão lateral";"Com Vítimas Fatais";"Pleno dia";"Decrescente";"Céu Claro";"Dupla";"Reta";"Sim";3;1;1;0;0;1;1;2;-3,8301;-38,5049;"SPRF-CE";"DEL01-CE";"UOP02-DEL01-CE"
122484;2018-04-01;"domingo";"10:55:00";"ES";101;333,3;"GUARAPARI";"Falta de Atenção à Condução";"Colisão lateral";"Com Vítimas Feridas";"Pleno dia";"Crescente";"Céu Claro";"Simples";"Curva";"Não";8;0;4;0;4;0;4;2;-20,616403;-40,515713;"SPRF-ES";"DEL03-ES";"UOP01-DEL03-ES"
122485;2018-04-01;"domingo";"12:10:00";"MS";262;469,3;"ANASTACIO";"Pista Escorregadia";"Saída de leito carroçável";"Com Vítimas Feridas";"Pleno dia";"Decrescente";"Chuva";"Simples";"Reta";"Não";3;0;1;0;2;0;1;1;-20,52093036;-55,60592651;"SPRF-MS";"DEL03-MS";"UOP01-DEL03-MS"
122486;2018-04-01;"domingo";"12:50:00";"GO";60;183;"ABADIA DE GOIAS";"Falta de Atenção à Condução";"Saída de leito carroçável";"Com Vítimas Feridas";"Pleno dia";"Decrescente";"Céu Claro";"Dupla";"Retorno Regulamentado;Reta";"Não";2;0;2;0;0;0;2;1;-16,7848;-49,4946;"SPRF-GO";"DEL01-GO";"UOP02-DEL01-GO"
122487;2018-04-01;"domingo";"13:10:00";"SC";101;200,5;"SAO JOSE";"Não guardar distância de segurança";"Colisão lateral";"Com Vítimas Feridas";"Pleno dia";"Crescente";"Nublado";"Múltipla";"Reta";"Sim";4;0;1;0;3;0;1;4;-27,54361247;-48,62089542;"SPRF-SC";"DEL01-SC";"UOP01-DEL01-SC"
122488;2018-04-01;"domingo";"13:45:00";"CE";20;367,9;"MARANGUAPE";"Pista Escorregadia";"Saída de leito carroçável";"Com Vítimas Feridas";"Pleno dia";"Crescente";"Chuva";"Simples";"Reta";"Não";1;0;1;0;0;0;1;1;-4,032512;-38,992687;"SPRF-CE";"DEL02-CE";"UOP01-DEL02-CE"
122490;2018-04-01;"domingo";"14:00:00";"SC";101;336,2;"TUBARAO";"Falta de Atenção à Condução";"Tombamento";"Com Vítimas Feridas";"Pleno dia";"Crescente";"Nublado";"Dupla";"Reta";"Sim";1;0;1;0;0;0;1;1;-28,49766083;-49,04777527;"SPRF-SC";"DEL02-SC";"UOP01-DEL02-SC"
122491;2018-04-01;"domingo";"14:15:00";"SC";470;66;"INDAIAL";"Falta de Atenção à Condução";"Tombamento";"Sem Vítimas";"Pleno dia";"Crescente";"Sol";"Simples";"Reta";"Não";1;0;0;0;0;1;0;1;-26,86984;-49,2053;"SPRF-SC";"DEL04-SC";"UOP01-DEL04-SC"
122492;2018-04-01;"domingo";"14:30:00";"DF";60;4,5;"BRASILIA";"Ingestão de Álcool";"Atropelamento de Pedestre";"Com Vítimas Feridas";"Pleno dia";"Decrescente";"Nublado";"Dupla";"Reta";"Sim";2;0;0;1;1;0;1;2;-15,89464046;-48,10074359;"SPRF-DF";"DEL01-DF";"UOP01-DEL03-DF"
122493;2018-04-01;"domingo";"12:50:00";"MG";50;182;"UBERABA";"Ingestão de Álcool";"Colisão frontal";"Sem Vítimas";"Pleno dia";"Decrescente";"Céu Claro";"Dupla";"Reta";"Não";3;0;0;0;3;0;0;3;-19,8009;-47,9065;"SPRF-MG";"DEL13-MG";"UOP01-DEL13-MG"
122494;2018-04-01;"domingo";"13:30:00";"CE";222;128,1;"ITAPAJE";"Pista Escorregadia";"Colisão frontal";"Com Vítimas Feridas";"Pleno dia";"Decrescente";"Garoa/Chuvisco";"Simples";"Curva";"Não";6;0;4;0;2;0;4;2;-3,70941159;-39,62562561;"SPRF-CE";"DEL04-CE";"UOP03-DEL04-CE"
122496;2018-04-01;"domingo";"14:00:00";"PB";104;145,9;"QUEIMADAS";"Desobediência às normas de trânsito pelo condutor";"Colisão com objeto estático";"Com Vítimas Feridas";"Pleno dia";"Crescente";"Céu Claro";"Simples";"Reta";"Não";3;0;1;0;1;1;1;2;-7,423013;-35,895111;"SPRF-PB";"DEL02-PB";"UOP03-DEL02-PB"
122497;2018-04-01;"domingo";"13:50:00";"MG";40;802,7;"MATIAS BARBOSA";"Falta de Atenção à Condução";"Colisão traseira";"Com Vítimas Feridas";"Pleno dia";"Crescente";"Céu Claro";"Dupla";"Reta";"Não";7;0;2;0;5;0;2;2;-21,8523;-43,3802;"SPRF-MG";"DEL05-MG";"UOP01-DEL05-MG"
122498;2018-04-01;"domingo";"14:05:00";"SC";282;595,3;"SAUDADES";"Defeito na Via";"Saída de leito carroçável";"Sem Vítimas";"Pleno dia";"Decrescente";"Sol";"Simples";"Reta";"Não";1;0;0;0;1;0;0;1;-26,82897;-53,118107;"SPRF-SC";"DEL07-SC";"UOP02-DEL07-SC"
122500;2018-04-01;"domingo";"14:55:00";"DF";0;0;"BRASILIA";"Velocidade Incompatível";"Capotamento";"Com Vítimas Feridas";"Pleno dia";"Não Informado";"Nublado";"Dupla";"Reta";"Sim";1;0;1;0;0;0;1;1;-15,97907562;-47,98909664;"SPRF-DF";"DEL01-DF";"UOP01-DEL01-DF"
122501;2018-04-01;"domingo";"14:50:00";"GO";60;98;"ANAPOLIS";"Agressão Externa";"Saída de leito carroçável";"Sem Vítimas";"Pleno dia";"Decrescente";"Nublado";"Dupla";"Reta";"Sim";3;0;0;0;3;0;0;1;-16,3846;-48,9541;"SPRF-GO";"DEL02-GO";"UOP01-DEL02-GO"
122502;2018-04-01;"domingo";"15:00:00";"RN";304;171;"ANGICOS";"Pista Escorregadia";"Saída de leito carroçável";"Sem Vítimas";"Pleno dia";"Crescente";"Garoa/Chuvisco";"Simples";"Curva";"Não";2;0;0;0;2;0;0;1;-5,680629;-36,454762;"SPRF-RN";"DEL01-RN";"UOP03-DEL01-RN"
122503;2018-04-01;"domingo";"14:40:00";"PI";316;35;"DEMERVAL LOBAO";"Não guardar distância de segurança";"Colisão traseira";"Com Vítimas Feridas";"Pleno dia";"Decrescente";"Sol";"Simples";"Aclive";"Não";6;0;2;0;4;0;2;4;-5,37983741;-42,67076254;"SPRF-PI";"DEL01-PI";"UOP02-DEL01-PI"
122506;2018-04-01;"domingo";"15:30:00";"CE";222;3,6;"FORTALEZA";"Falta de Atenção à Condução";"Engavetamento";"Com Vítimas Feridas";"Pleno dia";"Decrescente";"Céu Claro";"Múltipla";"Reta";"Sim";4;0;1;0;3;0;1;4;-3,740385;-38,595749;"SPRF-CE";"DEL01-CE";"UOP01-DEL01-CE"
122507;2018-04-01;"domingo";"15:30:00";"PE";232;32;"MORENO";"Falta de Atenção à Condução";"Engavetamento";"Com Vítimas Feridas";"Pleno dia";"Decrescente";"Sol";"Dupla";"Reta";"Não";4;0;1;0;3;0;1;3;-8,105405;-35,166607;"SPRF-PE";"DEL01-PE";"UOP02-DEL02PE"
122508;2018-04-01;"domingo";"13:10:00";"SC";470;145,7;"RIO DO SUL";"Falta de Atenção à Condução";"Colisão transversal";"Com Vítimas Fatais";"Pleno dia";"Crescente";"Sol";"Simples";"Reta";"Sim";6;1;5;0;0;0;5;2;-27,23631564;-49,68429565;"SPRF-SC";"DEL04-SC";"UOP02-DEL04-SC"
122509;2018-04-01;"domingo";"15:30:00";"PR";376;312,3;"ORTIGUEIRA";"Pista Escorregadia";"Saída de leito carroçável";"Com Vítimas Feridas";"Pleno dia";"Crescente";"Chuva";"Simples";"Reta";"Não";1;0;1;0;0;0;1;1;-23,97495982;-51,09168291;"SPRF-PR";"DEL07-PR";"UOP02-DEL07-PR"
122511;2018-04-01;"domingo";"14:05:00";"RO";364;341,9;"JI-PARANA";"Desobediência às normas de trânsito pelo condutor";"Colisão lateral";"Com Vítimas Feridas";"Pleno dia";"Decrescente";"Nublado";"Simples";"Reta";"Sim";2;0;1;0;1;0;1;2;-10,88051083;-61,94160461;"SPRF-RO";"DEL02-RO";"UOP01-DEL02-RO"
122512;2018-04-01;"domingo";"15:45:00";"RS";386;407;"TRIUNFO";"Avarias e/ou desgaste excessivo no pneu";"Colisão frontal";"Sem Vítimas";"Pleno dia";"Crescente";"Nublado";"Simples";"Curva";"Não";2;0;0;0;2;0;0;2;-29,78681556;-51,54387921;"SPRF-RS";"DEL04-RS";"UOP02-DEL04-RS"
122513;2018-04-01;"domingo";"15:00:00";"MG";381;820;"CAREACU";"Velocidade Incompatível";"Saída de leito carroçável";"Sem Vítimas";"Pleno dia";"Crescente";"Chuva";"Dupla";"Curva";"Sim";1;0;0;0;1;0;0;1;-22,0765;-45,7016;"SPRF-MG";"DEL16-MG";"UOP02-DEL16-MG"
122514;2018-04-01;"domingo";"15:40:00";"MG";381;489;"BETIM";"Falta de Atenção à Condução";"Colisão lateral";"Com Vítimas Feridas";"Pleno dia";"Decrescente";"Céu Claro";"Dupla";"Reta";"Sim";3;0;2;0;1;0;2;2;-19,9563;-44,1428;"SPRF-MG";"DEL01-MG";"UOP03-DEL01-MG"
122515;2018-04-01;"domingo";"16:10:00";"MG";381;490;"BETIM";"Falta de Atenção à Condução";"Engavetamento";"Sem Vítimas";"Pleno dia";"Decrescente";"Céu Claro";"Dupla";"Reta";"Sim";6;0;0;0;6;0;0;5;-19,9585;-44,151;"SPRF-MG";"DEL01-MG";"UOP03-DEL01-MG"
122516;2018-04-01;"domingo";"15:35:00";"RS";470;222;"SAO MARCOS";"Velocidade Incompatível";"Saída de leito carroçável";"Sem Vítimas";"Pleno dia";"Decrescente";"Nublado";"Múltipla";"Interseção de Vias";"Não";1;0;0;0;1;0;0;1;-29;-51;"SPRF-RS";"DEL06-RS";"UOP01-DEL06-RS"
122517;2018-04-01;"domingo";"15:30:00";"PI";343;336,7;"TERESINA";"Não guardar distância de segurança";"Engavetamento";"Sem Vítimas";"Pleno dia";"Crescente";"Céu Claro";"Simples";"Aclive";"Não";3;0;0;0;3;0;0;3;-5,0446853;-42,7662325;"SPRF-PI";"DEL01-PI";"UOP01-DEL01-PI"
122518;2018-04-01;"domingo";"16:10:00";"DF";70;3,2;"BRASILIA";"Desobediência às normas de trânsito pelo condutor";"Saída de leito carroçável";"Com Vítimas Feridas";"Pleno dia";"Crescente";"Chuva";"Dupla";"Curva";"Sim";7;0;5;1;1;0;6;2;-15,80206101;-48,08348894;"SPRF-DF";"DEL01-DF";"UOP02-DEL03-DF"
122519;2018-04-01;"domingo";"15:45:00";"PA";316;9,8;"MARITUBA";"Ingestão de Álcool";"Colisão traseira";"Com Vítimas Feridas";"Pleno dia";"Crescente";"Garoa/Chuvisco";"Múltipla";"Reta";"Sim";3;0;0;1;2;0;1;2;-1,36629505;-48,36044312;"SPRF-PA";"DEL01-PA";"DEL19/1-UOP05/PA"
122520;2018-04-01;"domingo";"16:10:00";"MG";40;463;"SETE LAGOAS";"Velocidade Incompatível";"Colisão traseira";"Com Vítimas Feridas";"Pleno dia";"Crescente";"Chuva";"Dupla";"Reta";"Não";5;0;4;0;1;0;4;3;-19,4667;-44,296;"SPRF-MG";"DEL02-MG";"UOP01-DEL02-MG"
122521;2018-04-01;"domingo";"15:15:00";"PA";308;17;"BENEVIDES";"Não guardar distância de segurança";"Engavetamento";"Sem Vítimas";"Pleno dia";"Decrescente";"Chuva";"Dupla";"Reta";"Sim";5;0;0;0;5;0;0;5;-1,360972;-48,262413;"SPRF-PA";"DEL01-PA";"DEL19/1-UOP05/PA"
122523;2018-04-01;"domingo";"15:20:00";"ES";262;1;"CARIACICA";"Falta de Atenção à Condução";"Colisão lateral";"Sem Vítimas";"Pleno dia";"Decrescente";"Céu Claro";"Dupla";"Reta";"Sim";2;0;0;0;2;0;0;2;-20,33293361;-40,35695672;"SPRF-ES";"DEL01-ES";"UOP01-DEL01-ES"
122525;2018-04-01;"domingo";"16:00:00";"BA";135;154;"RIACHAO DAS NEVES";"Ingestão de Álcool";"Saída de leito carroçável";"Com Vítimas Feridas";"Pleno dia";"Crescente";"Céu Claro";"Simples";"Reta";"Não";3;0;3;0;0;0;3;1;-11,98693514;-44,93751526;"SPRF-BA";"DEL10-BA";"UOP01-DEL10-BA"
122527;2018-04-01;"domingo";"16:30:00";"PR";277;637;"CEU AZUL";"Falta de Atenção à Condução";"Colisão traseira";"Com Vítimas Feridas";"Pleno dia";"Decrescente";"Nublado";"Simples";"Reta";"Não";2;0;1;0;1;0;1;2;-25,151279;-53,844353;"SPRF-PR";"DEL05-PR";"UOP02-DEL05-PR"
122528;2018-04-01;"domingo";"16:00:00";"MA";135;170;"SAO MATEUS DO MARANHAO";"Não guardar distância de segurança";"Colisão traseira";"Sem Vítimas";"Pleno dia";"Crescente";"Chuva";"Simples";"Curva";"Não";2;0;0;0;2;0;0;2;-3,95801462;-44,48524478;"SPRF-MA";"DEL01-MA";"UOP02-DEL01-MA"
122529;2018-04-01;"domingo";"14:30:00";"MS";262;200;"RIBAS DO RIO PARDO";"Defeito Mecânico no Veículo";"Saída de leito carroçável";"Sem Vítimas";"Pleno dia";"Crescente";"Nublado";"Simples";"Reta";"Não";1;0;0;0;1;0;0;1;-20;-53,38584;"SPRF-MS";"DEL07-MS";"UOP02-DEL07-MS"
122530;2018-04-01;"domingo";"16:40:00";"PR";376;145;"PRESIDENTE CASTELO BRANCO";"Falta de Atenção à Condução";"Tombamento";"Com Vítimas Feridas";"Pleno dia";"Crescente";"Garoa/Chuvisco";"Dupla";"Reta";"Sim";1;0;1;0;0;0;1;1;-23,279581;-52,150963;"SPRF-PR";"DEL07-PR";"UOP02-DEL09-PR"
122531;2018-04-01;"domingo";"16:15:00";"MG";381;910,7;"CAMANDUCAIA";"Falta de Atenção à Condução";"Saída de leito carroçável";"Com Vítimas Feridas";"Pleno dia";"Crescente";"Nublado";"Dupla";"Curva";"Não";4;0;3;0;0;1;3;2;-22,69692658;-46,1139375;"SPRF-MG";"DEL16-MG";"UOP03-DEL16-MG"
122532;2018-04-01;"domingo";"16:00:00";"GO";40;8;"LUZIANIA";"Ingestão de Álcool";"Saída de leito carroçável";"Sem Vítimas";"Pleno dia";"Decrescente";"Céu Claro";"Dupla";"Reta";"Sim";1;0;0;0;1;0;0;1;-16,120353;-47,964663;"SPRF-DF";"DEL01-DF";"UOP01-DEL01-DF"
122533;2018-04-01;"domingo";"16:30:00";"PE";101;50;"ABREU E LIMA";"Falta de Atenção do Pedestre";"Atropelamento de Pedestre";"Com Vítimas Feridas";"Anoitecer";"Decrescente";"Chuva";"Dupla";"Reta";"Sim";2;0;1;0;1;0;1;2;-7,9148;-34,8984;"SPRF-PE";"DEL01-PE";"UOP02-DEL01-PE"
122534;2018-04-01;"domingo";"15:45:00";"RS";392;207,8;"SANTANA DA BOA VISTA";"Velocidade Incompatível";"Saída de leito carroçável";"Com Vítimas Feridas";"Pleno dia";"Decrescente";"Chuva";"Simples";"Curva";"Não";4;0;3;0;1;0;3;1;-30,828468;-53,17128;"SPRF-RS";"DEL09-RS";"UOP02-DEL09-RS"
122535;2018-04-01;"domingo";"16:40:00";"GO";60;100;"ANAPOLIS";"Pista Escorregadia";"Saída de leito carroçável";"Sem Vítimas";"Pleno dia";"Decrescente";"Chuva";"Dupla";"Curva";"Sim";3;0;0;0;3;0;0;3;-16,3979;-48,9664;"SPRF-GO";"DEL02-GO";"UOP01-DEL02-GO"
122536;2018-04-01;"domingo";"16:50:00";"GO";60;113,1;"TEREZOPOLIS DE GOIAS";"Ingestão de Álcool";"Colisão transversal";"Sem Vítimas";"Pleno dia";"Crescente";"Nublado";"Dupla";"Reta";"Não";2;0;0;0;2;0;0;2;-16,4572;-49,0567;"SPRF-GO";"DEL01-GO";"UOP01-DEL01-GO"
122537;2018-03-01;"quinta-feira";"05:50:00";"PR";376;197;"MARIALVA";"Condutor Dormindo";"Saída de leito carroçável";"Com Vítimas Feridas";"Amanhecer";"Decrescente";"Céu Claro";"Dupla";"Reta;Aclive";"Não";1;0;0;1;0;0;1;1;-23,50134801;-51,77563632;"SPRF-PR";"DEL07-PR";"UOP01-DEL09-PR"
122538;2018-04-01;"domingo";"16:20:00";"PE";101;77,8;"RECIFE";"Desobediência às normas de trânsito pelo condutor";"Colisão transversal";"Com Vítimas Feridas";"Pleno dia";"Decrescente";"Garoa/Chuvisco";"Simples";"Reta";"Sim";3;0;2;0;1;0;2;2;-8,135063;-34,947438;"SPRF-PE";"DEL01-PE";"UOP01-DEL01-PE"
122539;2018-04-01;"domingo";"16:55:00";"SC";101;326,8;"CAPIVARI DE BAIXO";"Não guardar distância de segurança";"Colisão traseira";"Com Vítimas Feridas";"Pleno dia";"Crescente";"Céu Claro";"Dupla";"Aclive";"Não";3;0;1;0;2;0;1;2;-28,4278;-48,9475;"SPRF-SC";"DEL02-SC";"UOP01-DEL02-SC"
122541;2018-03-24;"sábado";"23:00:00";"RJ";116;189;"QUEIMADOS";"Falta de Atenção à Condução";"Capotamento";"Com Vítimas Feridas";"Plena Noite";"Decrescente";"Céu Claro";"Dupla";"Reta";"Não";1;0;1;0;0;0;1;1;-22,73369941;-43,56910876;"SPRF-RJ";"DEL01-RJ";"UOP03-DEL01-RJ"
122542;2018-04-01;"domingo";"16:50:00";"RJ";101;268,2;"RIO BONITO";"Falta de Atenção à Condução";"Engavetamento";"Com Vítimas Feridas";"Pleno dia";"Crescente";"Sol";"Dupla";"Reta";"Sim";6;0;3;0;3;0;3;4;-22,711709;-42,6706899;"SPRF-RJ";"DEL02-RJ";"UOP03-DEL02-RJ"
122543;2018-04-01;"domingo";"17:25:00";"PB";101;82,7;"BAYEUX";"Falta de Atenção à Condução";"Engavetamento";"Sem Vítimas";"Anoitecer";"Decrescente";"Céu Claro";"Dupla";"Reta;Viaduto";"Sim";4;0;0;0;3;1;0;4;-7,1313;-34,9326;"SPRF-PB";"DEL01-PB";"UOP01-DEL01-PB"
122544;2018-04-01;"domingo";"17:14:00";"GO";40;4;"VALPARAISO DE GOIAS";"Desobediência às normas de trânsito pelo condutor";"Colisão frontal";"Com Vítimas Feridas";"Anoitecer";"Crescente";"Nublado";"Dupla";"Declive";"Sim";2;0;1;0;1;0;1;2;-16,08544442;-47,98646003;"SPRF-DF";"DEL01-DF";"UOP01-DEL01-DF"
122546;2018-04-01;"domingo";"15:10:00";"MG";116;765;"LEOPOLDINA";"Falta de Atenção à Condução";"Engavetamento";"Com Vítimas Feridas";"Pleno dia";"Crescente";"Sol";"Simples";"Aclive";"Não";9;0;8;0;1;0;8;3;-21,51946216;-42,64691949;"SPRF-MG";"DEL07-MG";"UOP01-DEL07-MG"
122547;2018-04-01;"domingo";"17:00:00";"PR";476;122,1;"CURITIBA";"Desobediência às normas de trânsito pelo condutor";"Colisão transversal";"Com Vítimas Feridas";"Pleno dia";"Decrescente";"Nublado";"Múltipla";"Interseção de Vias;Reta";"Sim";2;0;0;2;0;0;2;2;-25,38462216;-49,20223296;"SPRF-PR";"DEL01-PR";"UOP01-DEL01-PR"
122548;2018-04-01;"domingo";"17:40:00";"PB";230;62,5;"CRUZ DO ESPIRITO SANTO";"Defeito Mecânico no Veículo";"Saída de leito carroçável";"Sem Vítimas";"Anoitecer";"Decrescente";"Céu Claro";"Dupla";"Aclive";"Sim";1;0;0;0;1;0;0;1;-7,198101;-35,167054;"SPRF-PB";"DEL01-PB";"UOP03-DEL01-PB"
122549;2018-04-01;"domingo";"17:45:00";"PE";101;102,7;"CABO DE SANTO AGOSTINHO";"Ultrapassagem Indevida";"Saída de leito carroçável";"Com Vítimas Feridas";"Anoitecer";"Decrescente";"Chuva";"Dupla";"Curva";"Sim";5;0;1;4;0;0;5;1;-8,298368;-35,066546;"SPRF-PE";"DEL01-PE";"UOP03-DEL01-PE"
122550;2018-04-01;"domingo";"17:55:00";"SC";470;67;"INDAIAL";"Falta de Atenção à Condução";"Colisão frontal";"Com Vítimas Feridas";"Pleno dia";"Crescente";"Céu Claro";"Simples";"Reta";"Não";3;0;3;0;0;0;3;3;-26,88288046;-49,23660278;"SPRF-SC";"DEL04-SC";"UOP01-DEL04-SC"
122551;2018-04-01;"domingo";"17:40:00";"MG";116;684,5;"MURIAE";"Ingestão de Álcool";"Colisão frontal";"Com Vítimas Feridas";"Anoitecer";"Crescente";"Céu Claro";"Simples";"Reta";"Não";4;0;0;1;1;2;1;3;-20,98323897;-42,35778809;"SPRF-MG";"DEL07-MG";"UOP02-DEL07-MG"
122552;2018-04-01;"domingo";"14:50:00";"GO";60;195;"GUAPO";"Avarias e/ou desgaste excessivo no pneu";"Saída de leito carroçável";"Com Vítimas Fatais";"Pleno dia";"Crescente";"Nublado";"Dupla";"Curva";"Não";17;3;8;5;1;0;13;1;-16,85958392;-49,60297108;"SPRF-GO";"DEL01-GO";"UOP02-DEL01-GO"
122553;2018-04-01;"domingo";"17:40:00";"MG";381;388,2;"SAO GONCALO DO RIO ABAIXO";"Velocidade Incompatível";"Colisão frontal";"Com Vítimas Fatais";"Pleno dia";"Decrescente";"Céu Claro";"Simples";"Curva";"Não";5;1;0;3;0;1;3;3;-19,82173097;-43,38784218;"SPRF-MG";"DEL01-MG";"UOP01-DEL01-MG"
122554;2018-04-01;"domingo";"16:50:00";"PR";116;97;"SAO JOSE DOS PINHAIS";"Defeito Mecânico no Veículo";"Engavetamento";"Sem Vítimas";"Pleno dia";"Crescente";"Céu Claro";"Simples";"Reta";"Não";1;0;0;0;0;1;0;1;-25,5329738;-49,14619792;"SPRF-PR";"DEL01-PR";"UOP07-DEL01-PR"
122555;2018-04-01;"domingo";"16:40:00";"SP";116;487,1;"CAJATI";"Falta de Atenção à Condução";"Colisão com objeto estático";"Com Vítimas Feridas";"Pleno dia";"Decrescente";"Nublado";"Dupla";"Reta";"Sim";1;0;1;0;0;0;1;1;-24,72438009;-48,08990479;"SPRF-SP";"DEL05-SP";"UAP01-DEL05-SP"
122557;2018-04-01;"domingo";"18:10:00";"MG";459;11,1;"CALDAS";"Falta de Atenção à Condução";"Colisão traseira";"Com Vítimas Feridas";"Anoitecer";"Decrescente";"Garoa/Chuvisco";"Simples";"Reta";"Sim";6;0;1;0;5;0;1;2;-21,827638;-46,450222;"SPRF-MG";"DEL09-MG";"UOP01-DEL09-MG"
122558;2018-04-01;"domingo";"17:04:00";"PB";230;29;"JOAO PESSOA";"Ingestão de Álcool";"Queda de ocupante de veículo";"Sem Vítimas";"Anoitecer";"Decrescente";"Ignorado";"Dupla";"Retorno Regulamentado";"Não";2;0;0;0;0;2;0;2;-7,150375;-34,91074;"SPRF-PB";"DEL01-PB";"UOP01-DEL01-PB"
122559;2018-04-01;"domingo";"17:45:00";"MG";381;905,2;"CAMBUI";"Velocidade Incompatível";"Saída de leito carroçável";"Sem Vítimas";"Anoitecer";"Crescente";"Chuva";"Dupla";"Curva;Aclive";"Não";2;0;0;0;2;0;0;1;-22,67479785;-46,09492064;"SPRF-MG";"DEL16-MG";"UOP03-DEL16-MG"
122560;2018-04-01;"domingo";"18:10:00";"BA";116;411;"FEIRA DE SANTANA";"Falta de Atenção à Condução";"Colisão frontal";"Com Vítimas Feridas";"Plena Noite";"Decrescente";"Céu Claro";"Simples";"Reta";"Não";1;0;0;1;0;0;1;1;-12,16603896;-38,96534622;"SPRF-BA";"DEL02-BA";"DEL10/2-UOP02/BA"
122561;2018-04-01;"domingo";"18:25:00";"PE";101;52,8;"PAULISTA";"Ingestão de Álcool";"Colisão frontal";"Sem Vítimas";"Plena Noite";"Crescente";"Nublado";"Múltipla";"Reta";"Sim";2;0;0;0;2;0;0;2;-7,9307269;-34,9004576;"SPRF-PE";"DEL01-PE";"UOP02-DEL01-PE"
122562;2018-04-01;"domingo";"17:30:00";"PA";308;10;"MARITUBA";"Ingestão de Álcool";"Colisão traseira";"Sem Vítimas";"Pleno dia";"Decrescente";"Chuva";"Dupla";"Reta";"Sim";2;0;0;0;2;0;0;2;-1,365636;-48,358788;"SPRF-PA";"DEL01-PA";"DEL19/1-UOP05/PA"