"id";"data_inversa";"dia_semana";"horario";"uf";"br";"km";"municipio";"causa_acidente";"tipo_acidente";"classificacao_acidente";"fase_dia";"sentido_via";"condicao_metereologica";"tipo_pista";"tracado_via";"uso_solo";"pessoas";"mortos";"feridos_leves";"feridos_graves";"ilesos";"ignorados";"feridos";"veiculos";"latitude";"longitude";"regional";"delegacia";"uop"
122675;2018-04-02;"segunda-feira";"06:00:00";"RJ";116;169;"SAO JOAO DE MERITI";"Falta de Atenção à Condução";"Colisão lateral";"Com Vítimas Feridas";"Amanhecer";"Decrescente";"Céu Claro";"Múltipla";"Reta";"Sim";3;0;1;0;2;0;1;2;-22,816206;-43,324463;"SPRF-RJ";"DEL01-RJ";"UOP02-DEL01-RJ"
122677;2018-04-02;"segunda-feira";"06:25:00";"PB";230;28,1;"JOAO PESSOA";"Não guardar distância de segurança";"Colisão lateral";"Com Vítimas Feridas";"Pleno dia";"Decrescente";"Céu Claro";"Dupla";"Curva";"Sim";3;0;2;0;0;1;2;2;-7,1651247;-34,8940294;"SPRF-PB";"DEL01-PB";"UOP01-DEL01-PB"
122678;2018-04-02;"segunda-feira";"06:20:00";"CE";116;20;"EUSEBIO";"Falta de Atenção à Condução";"Colisão traseira";"Com Vítimas Feridas";"Pleno dia";"Decrescente";"Chuva";"Dupla";"Reta";"Não";3;0;1;0;2;0;1;2;-3,91220916;-38,50364685;"SPRF-CE";"DEL01-CE";"UOP02-DEL01-CE"
122679;2018-04-02;"segunda-feira";"06:30:00";"PB";230;29,7;"JOAO PESSOA";"Não guardar distância de segurança";"Colisão traseira";"Com Vítimas Feridas";"Pleno dia";"Decrescente";"Céu Claro";"Dupla";"Reta";"Sim";3;0;2;0;0;1;2;2;-7,1622;-34,9031;"SPRF-PB";"DEL01-PB";"UOP01-DEL01-PB"
122680;2018-04-02;"segunda-feira";"06:40:00";"BA";324;606;"SIMOES FILHO";"Falta de Atenção à Condução";"Colisão traseira";"Sem Vítimas";"Pleno dia";"Crescente";"Nublado";"Dupla";"Aclive";"Não";11;0;0;0;11;0;0;2;-12,810073;-38,403759;"SPRF-BA";"DEL01-BA";"UOP01-DEL01-BA"
122681;2018-04-02;"segunda-feira";"06:40:00";"BA";324;615;"SALVADOR";"Falta de Atenção à Condução";"Colisão traseira";"Com Vítimas Feridas";"Pleno dia";"Crescente";"Céu Claro";"Dupla";"Reta";"Sim";8;0;3;0;5;0;3;3;-12,882907;-38,43432;"SPRF-BA";"DEL01-BA";"UOP01-DEL01-BA"
122682;2018-04-02;"segunda-feira";"06:50:00";"PB";230;39;"SANTA RITA";"Falta de Atenção à Condução";"Colisão lateral";"Com Vítimas Feridas";"Pleno dia";"Decrescente";"Sol";"Dupla";"Reta";"Sim";2;0;1;0;0;1;1;2;-7,13753387;-34,96918577;"SPRF-PB";"DEL01-PB";"UOP01-DEL01-PB"
122683;2018-04-02;"segunda-feira";"06:50:00";"PR";116;130;"FAZENDA RIO GRANDE";"Defeito Mecânico no Veículo";"Queda de ocupante de veículo";"Com Vítimas Feridas";"Pleno dia";"Decrescente";"Nublado";"Dupla";"Reta";"Sim";2;0;1;0;1;0;1;1;-25,630278;-49,313812;"SPRF-PR";"DEL01-PR";"UOP03-DEL01-PR"
122684;2018-04-01;"domingo";"20:00:00";"MT";364;958,3;"BRASNORTE";"Ingestão de Álcool";"Colisão traseira";"Sem Vítimas";"Plena Noite";"Decrescente";"Garoa/Chuvisco";"Simples";"Reta";"Não";3;0;0;0;3;0;0;2;-12,98983855;-58,04626465;"SPRF-MT";"DEL01-MT";"UOP01-DEL01-MT"
122685;2018-04-02;"segunda-feira";"05:55:00";"SC";158;102,3;"CUNHA PORA";"Falta de Atenção à Condução";"Colisão frontal";"Com Vítimas Feridas";"Plena Noite";"Decrescente";"Chuva";"Simples";"Reta";"Não";3;0;1;1;1;0;2;2;-26,83402769;-53,17713261;"SPRF-SC";"DEL07-SC";"UOP02-DEL07-SC"
122686;2018-04-02;"segunda-feira";"05:45:00";"SP";116;327,5;"JUQUITIBA";"Defeito Mecânico no Veículo";"Colisão com objeto estático";"Com Vítimas Feridas";"Pleno dia";"Decrescente";"Nublado";"Dupla";"Curva";"Não";1;0;1;0;0;0;1;1;-23,937174;-47,064646;"SPRF-SP";"DEL04-SP";"UOP03-DEL04-SP"
122687;2018-04-02;"segunda-feira";"07:00:00";"PE";101;79,7;"JABOATAO DOS GUARARAPES";"Falta de Atenção à Condução";"Colisão lateral";"Com Vítimas Feridas";"Pleno dia";"Crescente";"Sol";"Simples";"Desvio Temporário";"Não";2;0;1;0;1;0;1;2;-8,150834;-34,94286;"SPRF-PE";"DEL01-PE";"UOP01-DEL01-PE"
122688;2018-04-01;"domingo";"15:40:00";"RJ";116;91;"TERESOPOLIS";"Falta de Atenção à Condução";"Saída de leito carroçável";"Com Vítimas Feridas";"Pleno dia";"Decrescente";"Céu Claro";"Simples";"Reta";"Não";2;0;2;0;0;0;2;1;-22,3505829;-42,9368226;"SPRF-RJ";"DEL04-RJ";"UOP02-DEL04-RJ"
122689;2018-04-02;"segunda-feira";"07:25:00";"BA";324;564;"SAO SEBASTIAO DO PASSE";"Falta de Atenção à Condução";"Saída de leito carroçável";"Com Vítimas Feridas";"Pleno dia";"Decrescente";"Céu Claro";"Dupla";"Reta";"Não";2;0;1;0;1;0;1;1;-12,58405184;-38,53179932;"SPRF-BA";"DEL01-BA";"UOP01-DEL01-BA"
122690;2018-03-09;"sexta-feira";"05:45:00";"PR";369;517;"CASCAVEL";"Falta de Atenção à Condução";"Colisão transversal";"Sem Vítimas";"Pleno dia";"Crescente";"Céu Claro";"Simples";"Reta";"Não";2;0;0;0;2;0;0;2;-24,9042;-53,3706;"SPRF-PR";"DEL04-PR";"UOP01-DEL04-PR"
122692;2018-04-02;"segunda-feira";"07:40:00";"PE";232;410,6;"SERRA TALHADA";"Não guardar distância de segurança";"Colisão traseira";"Com Vítimas Feridas";"Pleno dia";"Crescente";"Céu Claro";"Simples";"Curva";"Sim";2;0;1;0;1;0;1;2;-7,98265804;-38,30124736;"SPRF-PE";"DEL04-PE";"UOP01-DEL04-PE"
122693;2018-04-02;"segunda-feira";"07:45:00";"ES";101;268,7;"SERRA";"Falta de Atenção do Pedestre";"Atropelamento de Pedestre";"Com Vítimas Feridas";"Pleno dia";"Crescente";"Céu Claro";"Múltipla";"Reta";"Sim";2;0;1;0;0;1;1;2;-20,21512413;-40,26936722;"SPRF-ES";"DEL02-ES";"UOP01-DEL02-ES"
122696;2018-04-02;"segunda-feira";"08:00:00";"RS";290;94;"PORTO ALEGRE";"Falta de Atenção à Condução";"Colisão traseira";"Com Vítimas Feridas";"Pleno dia";"Crescente";"Garoa/Chuvisco";"Dupla";"Reta";"Sim";2;0;1;0;1;0;1;2;-29,973856;-51,197853;"SPRF-RS";"DEL01-RS";"UOP01-DEL01-RS"
122697;2018-04-02;"segunda-feira";"07:55:00";"GO";50;280,6;"CATALAO";"Desobediência às normas de trânsito pelo condutor";"Colisão transversal";"Com Vítimas Feridas";"Pleno dia";"Crescente";"Chuva";"Dupla";"Interseção de Vias";"Sim";5;0;2;0;2;1;2;3;-18,181;-47,941;"SPRF-GO";"DEL06-GO";"UOP01-DEL06-GO"
122698;2018-03-29;"quinta-feira";"10:20:00";"AL";104;40;"UNIAO DOS PALMARES";"Falta de Atenção à Condução";"Saída de leito carroçável";"Sem Vítimas";"Pleno dia";"Crescente";"Céu Claro";"Simples";"Curva";"Não";1;0;0;0;1;0;0;1;-9,19429271;-36,03652954;"SPRF-AL";"DEL01-AL";"UOP02-DEL01-AL"
122699;2018-04-02;"segunda-feira";"06:00:00";"SP";116;452,5;"PARIQUERA-ACU";"Animais na Pista";"Atropelamento de Animal";"Sem Vítimas";"Amanhecer";"Crescente";"Céu Claro";"Dupla";"Reta";"Não";3;0;0;0;3;0;0;2;-24,66823436;-47,97454834;"SPRF-SP";"DEL05-SP";"UOP01-DEL05-SP"
122700;2018-04-02;"segunda-feira";"08:05:00";"RS";116;265;"CANOAS";"Falta de Atenção à Condução";"Tombamento";"Com Vítimas Feridas";"Pleno dia";"Crescente";"Nublado";"Múltipla";"Reta";"Sim";1;0;1;0;0;0;1;1;-29,92299418;-51,17808491;"SPRF-RS";"DEL01-RS";"UOP01-DEL01-RS"
122701;2018-03-29;"quinta-feira";"16:00:00";"SC";282;424,5;"FLORIANOPOLIS";"Pista Escorregadia";"Saída de leito carroçável";"Com Vítimas Feridas";"Pleno dia";"Crescente";"Chuva";"Simples";"Curva";"Não";1;0;1;0;0;0;1;1;-27,5953778;-48,5480499;"SPRF-SC";"DEL07-SC";"UOP05-DEL07-SC"
122704;2018-04-02;"segunda-feira";"07:36:00";"BA";407;2,9;"JUAZEIRO";"Falta de Atenção à Condução";"Colisão lateral";"Com Vítimas Feridas";"Pleno dia";"Crescente";"Sol";"Simples";"Reta";"Sim";3;0;2;1;0;0;3;2;-9,425099;-40,503536;"SPRF-PE";"DEL06-PE";"UOP01-DEL06-PE"
122709;2018-01-24;"quarta-feira";"21:10:00";"RS";480;72,4;"ERECHIM";"Ingestão de Álcool";"Colisão frontal";"Com Vítimas Feridas";"Plena Noite";"Decrescente";"Chuva";"Simples";"Reta";"Não";3;0;0;1;2;0;1;3;-27,64035798;-52,30252862;"SPRF-RS";"DEL08-RS";"UOP04-DEL08-RS"
122710;2018-04-02;"segunda-feira";"08:30:00";"SC";101;45,4;"JOINVILLE";"Falta de Atenção à Condução";"Colisão traseira";"Com Vítimas Feridas";"Pleno dia";"Decrescente";"Céu Claro";"Dupla";"Aclive";"Sim";4;0;4;0;0;0;4;2;-26,3578;-48,8588;"SPRF-SC";"DEL03-SC";"UOP01-DEL03-SC"
122712;2018-04-02;"segunda-feira";"06:00:00";"PI";316;159;"ELESBAO VELOSO";"Falta de Atenção à Condução";"Colisão traseira";"Sem Vítimas";"Amanhecer";"Crescente";"Nublado";"Simples";"Reta";"Sim";2;0;0;0;2;0;0;2;-6,185015;-42,124121;"SPRF-PI";"DEL04-PI";"UOP02-DEL04-PI"
122713;2018-04-02;"segunda-feira";"07:40:00";"MG";40;523;"CONTAGEM";"Não guardar distância de segurança";"Queda de ocupante de veículo";"Com Vítimas Feridas";"Pleno dia";"Crescente";"Céu Claro";"Dupla";"Reta";"Sim";1;0;1;0;0;0;1;1;-19,8725433;-44,0559229;"SPRF-MG";"DEL01-MG";"UOP03-DEL01-MG"
122714;2018-04-02;"segunda-feira";"09:30:00";"SC";101;211,3;"SAO JOSE";"Não guardar distância de segurança";"Colisão traseira";"Sem Vítimas";"Pleno dia";"Decrescente";"Céu Claro";"Dupla";"Reta";"Não";2;0;0;0;2;0;0;2;-27,6301;-48,659;"SPRF-SC";"DEL01-SC";"UOP02-DEL01-SC"
122717;2018-04-02;"segunda-feira";"09:45:00";"SP";116;145;"SAO JOSE DOS CAMPOS";"Não guardar distância de segurança";"Colisão traseira";"Com Vítimas Feridas";"Pleno dia";"Crescente";"Sol";"Dupla";"Reta";"Não";2;0;1;0;1;0;1;2;-23,189137;-45,859529;"SPRF-SP";"DEL02-SP";"UOP01-DEL02-SP"
122720;2018-04-02;"segunda-feira";"08:25:00";"BA";324;624;"SALVADOR";"Falta de Atenção à Condução";"Colisão traseira";"Com Vítimas Feridas";"Pleno dia";"Decrescente";"Céu Claro";"Dupla";"Declive";"Sim";3;0;0;1;1;1;1;3;-12,950428;-38,47063422;"SPRF-BA";"DEL01-BA";"UOP01-DEL01-BA"
122723;2018-04-02;"segunda-feira";"10:15:00";"RN";304;36;"MOSSORO";"Defeito na Via";"Colisão traseira";"Com Vítimas Feridas";"Pleno dia";"Crescente";"Chuva";"Dupla";"Reta";"Sim";6;0;3;0;3;0;3;2;-5,168547;-37,355415;"SPRF-RN";"DEL04-RN";"UOP02-DEL04-RN"
122725;2018-04-02;"segunda-feira";"10:21:00";"SP";116;136,8;"SAO JOSE DOS CAMPOS";"Não guardar distância de segurança";"Queda de ocupante de veículo";"Com Vítimas Feridas";"Pleno dia";"Crescente";"Céu Claro";"Dupla";"Reta";"Sim";1;0;0;1;0;0;1;1;-23,148764;-45,778675;"SPRF-SP";"DEL06-SP";"UOP02-DEL02-SP"
122729;2018-04-02;"segunda-feira";"10:50:00";"PR";476;111,4;"COLOMBO";"Velocidade Incompatível";"Saída de leito carroçável";"Com Vítimas Feridas";"Pleno dia";"Decrescente";"Nublado";"Simples";"Curva";"Não";2;0;2;0;0;0;2;1;-25,31406098;-49,15753126;"SPRF-PR";"DEL01-PR";"UOP01-DEL01-PR"
122731;2018-04-02;"segunda-feira";"10:20:00";"CE";222;4,8;"CAUCAIA";"Desobediência às normas de trânsito pelo condutor";"Colisão transversal";"Com Vítimas Feridas";"Pleno dia";"Decrescente";"Nublado";"Múltipla";"Retorno Regulamentado";"Sim";4;0;2;0;2;0;2;2;-3,741658;-38,604572;"SPRF-CE";"DEL01-CE";"UOP01-DEL01-CE"
122733;2018-04-02;"segunda-feira";"08:30:00";"BA";324;599,8;"SIMOES FILHO";"Falta de Atenção à Condução";"Colisão traseira";"Com Vítimas Feridas";"Pleno dia";"Crescente";"Céu Claro";"Dupla";"Reta";"Não";6;0;4;0;2;0;4;4;-12,75826298;-38,42684716;"SPRF-BA";"DEL01-BA";"UOP01-DEL01-BA"
122735;2018-04-02;"segunda-feira";"09:50:00";"MT";163;107;"RONDONOPOLIS";"Avarias e/ou desgaste excessivo no pneu";"Queda de ocupante de veículo";"Sem Vítimas";"Pleno dia";"Crescente";"Céu Claro";"Dupla";"Reta";"Não";1;0;0;0;1;0;0;1;-16,60298;-54,69717;"SPRF-MT";"DEL02-MT";"UOP01-DEL02-MT"
122736;2018-04-02;"segunda-feira";"12:10:00";"PA";163;1000;"SANTAREM";"Ingestão de Álcool";"Colisão traseira";"Com Vítimas Feridas";"Pleno dia";"Crescente";"Garoa/Chuvisco";"Simples";"Reta";"Não";3;0;2;0;1;0;2;2;-2,46429725;-54,72702026;"SPRF-PA";"DEL05-PA";"UOP01-DEL05-PA"
122739;2018-04-02;"segunda-feira";"11:40:00";"ES";101;162,1;"LINHARES";"Falta de Atenção à Condução";"Colisão lateral";"Com Vítimas Feridas";"Pleno dia";"Crescente";"Sol";"Simples";"Interseção de Vias";"Não";3;0;0;1;2;0;1;2;-19,49186785;-40,12745242;"SPRF-ES";"DEL04-ES";"UOP01-DEL04-ES"
122740;2018-04-02;"segunda-feira";"12:55:00";"RS";116;244;"SAO LEOPOLDO";"Desobediência às normas de trânsito pelo pedestre";"Atropelamento de Pedestre";"Com Vítimas Feridas";"Pleno dia";"Crescente";"Chuva";"Dupla";"Reta";"Sim";2;0;1;0;1;0;1;2;-29,73753249;-51,15020066;"SPRF-RS";"DEL01-RS";"UOP02-DEL01-RS"
122741;2018-04-02;"segunda-feira";"11:45:00";"MT";364;199;"RONDONOPOLIS";"Falta de Atenção à Condução";"Colisão lateral";"Sem Vítimas";"Pleno dia";"Decrescente";"Sol";"Simples";"Reta";"Sim";2;0;0;0;2;0;0;1;-16,501137;-54,630779;"SPRF-MT";"DEL02-MT";"UOP01-DEL02-MT"
122742;2018-04-02;"segunda-feira";"12:40:00";"MG";381;407;"BOM JESUS DO AMPARO";"Falta de Atenção à Condução";"Colisão traseira";"Com Vítimas Feridas";"Pleno dia";"Crescente";"Céu Claro";"Simples";"Reta";"Não";3;0;1;0;1;1;1;3;-19,74731678;-43,52233887;"SPRF-MG";"DEL01-MG";"UOP01-DEL01-MG"
122743;2018-04-02;"segunda-feira";"11:30:00";"BA";324;518;"FEIRA DE SANTANA";"Falta de Atenção à Condução";"Colisão traseira";"Sem Vítimas";"Pleno dia";"Decrescente";"Céu Claro";"Dupla";"Reta";"Sim";2;0;0;0;2;0;0;2;-12,27291509;-38,93348694;"SPRF-BA";"DEL01-BA";"UOP01-DEL01-BA"
122744;2018-01-22;"segunda-feira";"18:40:00";"PR";376;182;"SARANDI";"Falta de Atenção à Condução";"Colisão lateral";"Com Vítimas Feridas";"Anoitecer";"Decrescente";"Ignorado";"Dupla";"Rotatória";"Sim";2;0;0;1;1;0;1;2;-23,4342691;-51,88956499;"SPRF-PR";"DEL07-PR";"UOP01-DEL09-PR"
122745;2018-04-02;"segunda-feira";"06:30:00";"SC";282;86;"ALFREDO WAGNER";"Velocidade Incompatível";"Saída de leito carroçável";"Com Vítimas Feridas";"Amanhecer";"Crescente";"Chuva";"Simples";"Curva";"Não";3;0;0;2;1;0;2;1;-27,661551;-49,197906;"SPRF-SC";"DEL01-SC";"UOP03-DEL01-SC"
122746;2018-04-02;"segunda-feira";"12:00:00";"SC";163;68,7;"SAO MIGUEL DO OESTE";"Desobediência às normas de trânsito pelo condutor";"Colisão transversal";"Com Vítimas Feridas";"Pleno dia";"Decrescente";"Céu Claro";"Dupla";"Interseção de Vias";"Sim";3;0;2;0;1;0;2;2;-26,73268009;-53,50999475;"SPRF-SC";"DEL07-SC";"UOP03-DEL07-SC"
122747;2018-04-02;"segunda-feira";"13:00:00";"PA";10;219;"IPIXUNA DO PARA";"Pista Escorregadia";"Capotamento";"Sem Vítimas";"Pleno dia";"Crescente";"Chuva";"Simples";"Curva;Declive";"Não";2;0;0;0;1;1;0;2;-2,885434;-47,434994;"SPRF-PA";"DEL02-PA";"UOP01-DEL02-PA"
122749;2018-04-02;"segunda-feira";"12:15:00";"SC";282;107,8;"ALFREDO WAGNER";"Defeito Mecânico no Veículo";"Incêndio";"Sem Vítimas";"Pleno dia";"Crescente";"Céu Claro";"Simples";"Reta";"Não";1;0;0;0;1;0;0;1;-27,704372;-49,34935;"SPRF-SC";"DEL01-SC";"UOP03-DEL01-SC"
122750;2018-04-02;"segunda-feira";"11:20:00";"PA";308;165,5;"CAPANEMA";"Avarias e/ou desgaste excessivo no pneu";"Tombamento";"Com Vítimas Feridas";"Pleno dia";"Crescente";"Nublado";"Simples";"Reta";"Não";2;0;1;1;0;0;2;1;-1,21527142;-47,10525513;"SPRF-PA";"DEL01-PA";"UOP03-DEL01-PA"
122751;2018-04-02;"segunda-feira";"13:40:00";"PE";424;89;"GARANHUNS";"Falta de Atenção à Condução";"Colisão transversal";"Com Vítimas Feridas";"Pleno dia";"Crescente";"Nublado";"Simples";"Curva;Declive";"Sim";3;0;1;1;1;0;2;2;-8,89180279;-36,50495148;"SPRF-PE";"DEL03-PE";"UOP01-DEL03-PE"
122753;2018-04-02;"segunda-feira";"09:55:00";"SP";153;64,1;"SAO JOSE DO RIO PRETO";"Falta de Atenção à Condução";"Saída de leito carroçável";"Com Vítimas Fatais";"Pleno dia";"Crescente";"Nublado";"Dupla";"Viaduto";"Sim";2;1;0;1;0;0;1;1;-20,83028045;-49,36154259;"SPRF-SP";"DEL09-SP";"UOP01-DEL09-SP"
122754;2018-04-02;"segunda-feira";"09:20:00";"MG";262;583,6;"CAMPOS ALTOS";"Pista Escorregadia";"Saída de leito carroçável";"Com Vítimas Feridas";"Pleno dia";"Decrescente";"Chuva";"Simples";"Curva";"Não";1;0;1;0;0;0;1;1;-19,648819;-46,071289;"SPRF-MG";"DEL08-MG";"UOP02-DEL08-MG"
122760;2018-04-02;"segunda-feira";"10:00:00";"MG";262;593;"CAMPOS ALTOS";"Velocidade Incompatível";"Saída de leito carroçável";"Com Vítimas Feridas";"Pleno dia";"Decrescente";"Chuva";"Simples";"Curva";"Não";2;0;2;0;0;0;2;1;-19,666414;-46,16032;"SPRF-MG";"DEL08-MG";"UOP02-DEL08-MG"
122761;2018-04-02;"segunda-feira";"13:35:00";"AL";104;1,3;"SAO JOSE DA LAJE";"Fenômenos da Natureza";"Saída de leito carroçável";"Sem Vítimas";"Pleno dia";"Crescente";"Chuva";"Simples";"Curva";"Não";1;0;0;0;1;0;0;1;-8,91085018;-36,01867676;"SPRF-AL";"DEL01-AL";"UOP02-DEL01-AL"
122762;2018-04-02;"segunda-feira";"14:00:00";"SC";101;148;"ITAPEMA";"Não guardar distância de segurança";"Colisão traseira";"Com Vítimas Feridas";"Pleno dia";"Crescente";"Céu Claro";"Simples";"Reta";"Sim";2;0;1;0;1;0;1;2;-27,109;-48,6126;"SPRF-SC";"DEL04-SC";"UOP03-DEL04-SC"
122765;2018-03-05;"segunda-feira";"11:00:00";"PE";232;61;"POMBOS";"Avarias e/ou desgaste excessivo no pneu";"Tombamento";"Com Vítimas Feridas";"Pleno dia";"Crescente";"Céu Claro";"Dupla";"Reta";"Não";1;0;0;1;0;0;1;1;-8,15737304;-35,42822599;"SPRF-PE";"DEL01-PE";"UOP02-DEL02PE"
122766;2018-04-02;"segunda-feira";"15:00:00";"SC";101;391,9;"CRICIUMA";"Velocidade Incompatível";"Saída de leito carroçável";"Com Vítimas Feridas";"Pleno dia";"Decrescente";"Sol";"Simples";"Curva";"Sim";1;0;1;0;0;0;1;1;-28,8061;-49,3729;"SPRF-SC";"DEL02-SC";"UOP02-DEL02-SC"
122769;2018-04-02;"segunda-feira";"14:40:00";"RS";392;145,8;"CANGUCU";"Pista Escorregadia";"Colisão com objeto em movimento";"Com Vítimas Feridas";"Pleno dia";"Crescente";"Chuva";"Simples";"Reta";"Não";3;0;3;0;0;0;3;1;-31,21233;-52,825996;"SPRF-RS";"DEL07-RS";"UOP01-DEL07-RS"
122770;2018-04-02;"segunda-feira";"14:45:00";"RS";386;337;"LAJEADO";"Desobediência às normas de trânsito pelo condutor";"Colisão transversal";"Com Vítimas Feridas";"Pleno dia";"Decrescente";"Garoa/Chuvisco";"Simples";"Curva";"Não";2;0;1;0;1;0;1;2;-29,459582;-51,9649421;"SPRF-RS";"DEL04-RS";"UOP01-DEL04-RS"
122775;2018-04-02;"segunda-feira";"15:30:00";"RJ";40;38;"AREAL";"Falta de Atenção à Condução";"Colisão com objeto estático";"Com Vítimas Feridas";"Pleno dia";"Crescente";"Garoa/Chuvisco";"Dupla";"Curva";"Não";1;0;1;0;0;0;1;1;-22,22962;-43,118694;"SPRF-RJ";"DEL06-RJ";"UOP02-DEL05-RJ"
122776;2018-04-02;"segunda-feira";"16:00:00";"PE";232;6;"RECIFE";"Condutor Dormindo";"Saída de leito carroçável";"Sem Vítimas";"Pleno dia";"Decrescente";"Céu Claro";"Dupla";"Reta";"Não";1;0;0;0;0;1;0;1;-8,070803;-34,953556;"SPRF-PE";"DEL01-PE";"UOP01-DEL01-PE"
122778;2018-04-02;"segunda-feira";"15:00:00";"MT";163;834,5;"SINOP";"Falta de Atenção à Condução";"Colisão traseira";"Com Vítimas Feridas";"Pleno dia";"Crescente";"Céu Claro";"Dupla";"Rotatória";"Sim";3;0;1;0;2;0;1;2;-11,85122317;-55,50567627;"SPRF-MT";"DEL06-MT";"UOP01-DEL06-MT"
122782;2018-04-02;"segunda-feira";"16:10:00";"BA";330;788,6;"BARRA DO ROCHA";"Defeito na Via";"Capotamento";"Com Vítimas Feridas";"Pleno dia";"Crescente";"Céu Claro";"Simples";"Reta";"Não";3;0;3;0;0;0;3;1;-14,193;-39,651;"SPRF-BA";"DEL03-BA";"UOP01-DEL03-BA"
122783;2018-04-02;"segunda-feira";"16:05:00";"GO";20;184;"SIMOLANDIA";"Defeito Mecânico no Veículo";"Queda de ocupante de veículo";"Com Vítimas Feridas";"Pleno dia";"Crescente";"Céu Claro";"Simples";"Reta";"Não";1;0;1;0;0;0;1;1;-14,450006;-46,468243;"SPRF-DF";"DEL02-DF";"UOP03-DEL02-DF"
122786;2018-04-02;"segunda-feira";"08:50:00";"MG";262;593,6;"CAMPOS ALTOS";"Velocidade Incompatível";"Saída de leito carroçável";"Com Vítimas Feridas";"Pleno dia";"Decrescente";"Chuva";"Simples";"Curva";"Não";2;0;2;0;0;0;2;1;-19,666414;-46,16032;"SPRF-MG";"DEL08-MG";"UOP02-DEL08-MG"
122788;2018-04-02;"segunda-feira";"15:20:00";"RS";293;251,9;"DOM PEDRITO";"Falta de Atenção à Condução";"Colisão transversal";"Sem Vítimas";"Pleno dia";"Decrescente";"Céu Claro";"Dupla";"Rotatória";"Sim";2;0;0;0;2;0;0;2;-30,97289931;-54,66384888;"SPRF-RS";"DEL11-RS";"UOP01-DEL11-RS"
122789;2018-04-02;"segunda-feira";"16:30:00";"PR";116;141,5;"MANDIRITUBA";"Falta de Atenção à Condução";"Colisão traseira";"Com Vítimas Feridas";"Pleno dia";"Crescente";"Céu Claro";"Dupla";"Interseção de Vias";"Sim";4;0;4;0;0;0;4;2;-25,772902;-49,323254;"SPRF-PR";"DEL01-PR";"UOP03-DEL01-PR"
122796;2018-04-02;"segunda-feira";"16:35:00";"MG";381;921,5;"CAMANDUCAIA";"Velocidade Incompatível";"Colisão com objeto estático";"Com Vítimas Feridas";"Pleno dia";"Crescente";"Chuva";"Dupla";"Curva";"Não";1;0;1;0;0;0;1;1;-22,7658;-46,1763;"SPRF-MG";"DEL16-MG";"UOP03-DEL16-MG"
122799;2018-04-02;"segunda-feira";"17:15:00";"SP";116;210,8;"GUARULHOS";"Não guardar distância de segurança";"Colisão traseira";"Com Vítimas Feridas";"Pleno dia";"Decrescente";"Nublado";"Múltipla";"Reta";"Não";2;0;1;0;1;0;1;2;-23,43226093;-46,41925335;"SPRF-SP";"DEL01-SP";"UOP01-DEL01-SP"
122801;2018-04-02;"segunda-feira";"16:50:00";"SP";459;7;"PIQUETE";"Pista Escorregadia";"Tombamento";"Com Vítimas Feridas";"Pleno dia";"Decrescente";"Chuva";"Simples";"Curva";"Não";1;0;1;0;0;0;1;1;-22,57378;-45,193432;"SPRF-SP";"DEL08-SP";"UOP03-DEL08-SP"
122802;2018-04-02;"segunda-feira";"17:10:00";"RN";304;30,4;"MOSSORO";"Avarias e/ou desgaste excessivo no pneu";"Queda de ocupante de veículo";"Com Vítimas Feridas";"Pleno dia";"Crescente";"Céu Claro";"Simples";"Reta";"Sim";2;0;2;0;0;0;2;1;-5,14292126;-37,34733582;"SPRF-RN";"DEL04-RN";"UOP02-DEL04-RN"
122804;2018-04-02;"segunda-feira";"17:30:00";"MG";381;924,6;"ITAPEVA";"Velocidade Incompatível";"Tombamento";"Com Vítimas Feridas";"Pleno dia";"Crescente";"Chuva";"Dupla";"Curva";"Não";1;0;1;0;0;0;1;1;-22,76998882;-46,1941498;"SPRF-MG";"DEL16-MG";"UOP03-DEL16-MG"
122807;2018-04-02;"segunda-feira";"17:20:00";"GO";153;638;"MORRINHOS";"Velocidade Incompatível";"Saída de leito carroçável";"Com Vítimas Feridas";"Pleno dia";"Crescente";"Chuva";"Dupla";"Reta";"Não";3;0;3;0;0;0;3;1;-17,9492;-49,2488;"SPRF-GO";"DEL03-GO";"UOP01-DEL03-GO"
122808;2018-04-02;"segunda-feira";"17:30:00";"PR";376;598;"CURITIBA";"Falta de Atenção à Condução";"Colisão traseira";"Com Vítimas Feridas";"Pleno dia";"Decrescente";"Céu Claro";"Dupla";"Reta";"Não";2;0;1;0;1;0;1;2;-25,51270001;-49,33822632;"SPRF-PR";"DEL01-PR";"UOP06-DEL01-PR"
122810;2018-01-12;"sexta-feira";"18:00:00";"MG";381;244;"SANTANA DO PARAISO";"Não guardar distância de segurança";"Colisão lateral";"Com Vítimas Feridas";"Anoitecer";"Crescente";"Céu Claro";"Simples";"Reta";"Não";2;0;0;1;1;0;1;2;-19,41784828;-42,49319673;"SPRF-MG";"DEL06-MG";"UOP01-DEL06-MG"
122814;2018-04-02;"segunda-feira";"17:10:00";"SC";280;128;"RIO NEGRINHO";"Não guardar distância de segurança";"Colisão traseira";"Com Vítimas Feridas";"Pleno dia";"Crescente";"Céu Claro";"Simples";"Declive";"Sim";3;0;1;0;2;0;1;2;-26,24216433;-49,51135755;"SPRF-SC";"DEL06-SC";"UOP03-DEL06-SC"