"id";"data_inversa";"dia_semana";"horario";"uf";"br";"km";"municipio";"causa_acidente";"tipo_acidente";"classificacao_acidente";"fase_dia";"sentido_via";"condicao_metereologica";"tipo_pista";"tracado_via";"uso_solo";"pessoas";"mortos";"feridos_leves";"feridos_graves";"ilesos";"ignorados";"feridos";"veiculos";"latitude";"longitude";"regional";"delegacia";"uop"
122936;2018-04-03;"terça-feira";"07:25:00";"RS";116;198;"PICADA CAFE";"Condutor Dormindo";"Saída de leito carroçável";"Com Vítimas Feridas";"Amanhecer";"Crescente";"Garoa/Chuvisco";"Simples";"Declive";"Não";1;0;1;0;0;0;1;1;-29,47666568;-51,14273071;"SPRF-RS";"DEL05-RS";"UOP02-DEL05-RS"
122937;2018-01-11;"quinta-feira";"18:05:00";"PR";369;148;"LONDRINA";"Pista Escorregadia";"Queda de ocupante de veículo";"Com Vítimas Feridas";"Pleno dia";"Decrescente";"Ignorado";"Dupla";"Reta";"Sim";1;0;0;1;0;0;1;1;-23,32838529;-51,12189531;"SPRF-PR";"DEL07-PR";"UOP01-DEL07-PR"
122938;2018-04-03;"terça-feira";"10:20:00";"SC";101;37,8;"JOINVILLE";"Falta de Atenção à Condução";"Colisão traseira";"Com Vítimas Feridas";"Pleno dia";"Decrescente";"Céu Claro";"Dupla";"Reta";"Sim";3;0;2;0;1;0;2;2;-26,293684;-48,884453;"SPRF-SC";"DEL03-SC";"UOP01-DEL03-SC"
122941;2018-04-03;"terça-feira";"10:50:00";"SP";153;62,3;"SAO JOSE DO RIO PRETO";"Defeito Mecânico no Veículo";"Tombamento";"Com Vítimas Feridas";"Pleno dia";"Crescente";"Céu Claro";"Dupla";"Aclive";"Sim";1;0;1;0;0;0;1;1;-20,81398474;-49,35697462;"SPRF-SP";"DEL09-SP";"UOP01-DEL09-SP"
122942;2018-04-03;"terça-feira";"09:30:00";"PR";163;33,9;"SANTO ANTONIO DO SUDOESTE";"Desobediência às normas de trânsito pelo condutor";"Colisão transversal";"Com Vítimas Feridas";"Pleno dia";"Crescente";"Céu Claro";"Simples";"Rotatória";"Sim";2;0;1;0;1;0;1;2;-26,075063;-53,719011;"SPRF-PR";"DEL02-PR";"UOP02-DEL02-PR"
122944;2018-04-03;"terça-feira";"10:40:00";"MG";356;264;"MURIAE";"Falta de Atenção à Condução";"Colisão traseira";"Sem Vítimas";"Pleno dia";"Decrescente";"Céu Claro";"Simples";"Reta";"Sim";2;0;0;0;2;0;0;2;-21,125526;-42,375477;"SPRF-MG";"N/A";"N/A"
122946;2018-04-03;"terça-feira";"11:09:00";"SC";280;52,3;"GUARAMIRIM";"Desobediência às normas de trânsito pelo condutor";"Colisão transversal";"Com Vítimas Feridas";"Pleno dia";"Decrescente";"Céu Claro";"Simples";"Interseção de Vias";"Sim";3;0;2;1;0;0;3;2;-26,47128852;-48,9712438;"SPRF-SC";"DEL03-SC";"UOP03-DEL03-SC"
122947;2018-04-03;"terça-feira";"11:30:00";"ES";101;358;"GUARAPARI";"Falta de Atenção à Condução";"Saída de leito carroçável";"Com Vítimas Feridas";"Pleno dia";"Crescente";"Céu Claro";"Dupla";"Reta";"Não";2;0;1;1;0;0;2;1;-20,6584306;-40,614482;"SPRF-ES";"DEL03-ES";"UOP01-DEL03-ES"
122952;2018-04-03;"terça-feira";"09:50:00";"MT";70;514;"VARZEA GRANDE";"Falta de Atenção à Condução";"Colisão transversal";"Com Vítimas Feridas";"Pleno dia";"Crescente";"Céu Claro";"Simples";"Rotatória";"Sim";2;0;1;0;1;0;1;2;-15,70766277;-56,12640381;"SPRF-MT";"DEL01-MT";"DEL2/4-UOP02/MT"
122953;2018-04-03;"terça-feira";"12:00:00";"MG";364;33,9;"FRUTAL";"Falta de Atenção à Condução";"Colisão transversal";"Com Vítimas Feridas";"Pleno dia";"Crescente";"Nublado";"Simples";"Interseção de Vias";"Não";5;0;1;0;4;0;1;2;-19,99888;-48,95239;"SPRF-MG";"DEL13-MG";"UOP02-DEL13-MG"
122954;2018-04-03;"terça-feira";"12:10:00";"SC";101;95,6;"BARRA VELHA";"Falta de Atenção à Condução";"Saída de leito carroçável";"Com Vítimas Feridas";"Pleno dia";"Decrescente";"Sol";"Dupla";"Reta;Declive";"Não";1;0;0;1;0;0;1;1;-26,71866064;-48,70211271;"SPRF-SC";"DEL03-SC";"UOP02-DEL03-SC"
122959;2018-04-03;"terça-feira";"12:45:00";"PR";476;121,8;"CURITIBA";"Desobediência às normas de trânsito pelo pedestre";"Atropelamento de Pedestre";"Com Vítimas Fatais";"Pleno dia";"Crescente";"Sol";"Simples";"Reta";"Sim";3;1;0;0;1;1;0;2;-25,40730643;-49,22012329;"SPRF-PR";"DEL01-PR";"UOP01-DEL01-PR"
122961;2018-04-03;"terça-feira";"12:00:00";"RO";319;59;"PORTO VELHO";"Objeto estático sobre o leito carroçável";"Colisão traseira";"Com Vítimas Feridas";"Pleno dia";"Decrescente";"Sol";"Dupla";"Reta";"Sim";2;0;1;0;1;0;1;2;-8,74196471;-63,89994936;"SPRF-RO";"DEL01-RO";"UOP01-DEL01-RO"
122963;2018-04-03;"terça-feira";"12:07:00";"CE";222;2;"FORTALEZA";"Não guardar distância de segurança";"Colisão lateral";"Com Vítimas Feridas";"Pleno dia";"Decrescente";"Sol";"Múltipla";"Reta";"Sim";2;0;0;1;1;0;1;2;-3,739117;-38,586914;"SPRF-CE";"DEL01-CE";"UOP01-DEL01-CE"
122964;2018-04-03;"terça-feira";"13:15:00";"RS";290;1,8;"OSORIO";"Velocidade Incompatível";"Saída de leito carroçável";"Com Vítimas Feridas";"Pleno dia";"Crescente";"Chuva";"Múltipla";"Reta";"Não";4;0;2;0;2;0;2;1;-29,89801519;-50,29880047;"SPRF-RS";"DEL03-RS";"UOP02-DEL03-RS"
122965;2018-04-03;"terça-feira";"13:20:00";"MA";135;71;"SANTA RITA";"Falta de Atenção à Condução";"Colisão lateral";"Com Vítimas Feridas";"Pleno dia";"Decrescente";"Céu Claro";"Simples";"Reta";"Sim";2;0;0;1;0;1;1;2;-3,149704;-44,329346;"SPRF-MA";"DEL01-MA";"UOP02-DEL01-MA"
122966;2018-04-03;"terça-feira";"12:30:00";"GO";452;47,3;"RIO VERDE";"Desobediência às normas de trânsito pelo condutor";"Colisão transversal";"Com Vítimas Feridas";"Pleno dia";"Crescente";"Céu Claro";"Simples";"Reta";"Não";2;0;0;1;1;0;1;2;-17,956402;-50,503559;"SPRF-GO";"DEL04-GO";"UOP01-DEL04-GO"
122968;2018-04-03;"terça-feira";"13:10:00";"MS";163;726;"COXIM";"Desobediência às normas de trânsito pelo condutor";"Colisão transversal";"Com Vítimas Feridas";"Pleno dia";"Crescente";"Céu Claro";"Simples";"Reta";"Sim";3;0;3;0;0;0;3;2;-18,540153;-54,744574;"SPRF-MS";"DEL06-MS";"UOP01-DEL06-MS"
122969;2018-04-03;"terça-feira";"14:10:00";"RJ";101;73;"CAMPOS DOS GOYTACAZES";"Defeito Mecânico no Veículo";"Tombamento";"Com Vítimas Feridas";"Pleno dia";"Crescente";"Sol";"Simples";"Reta";"Sim";2;0;2;0;0;0;2;1;-21,798874;-41,393955;"SPRF-RJ";"DEL08-RJ";"UOP02-DEL08-RJ"
122970;2018-02-12;"segunda-feira";"18:30:00";"MG";116;618;"ORIZANIA";"Animais na Pista";"Atropelamento de Animal";"Com Vítimas Feridas";"Anoitecer";"Crescente";"Ignorado";"Simples";"Reta";"Não";4;0;1;0;0;3;1;2;-20,44847197;-42,16889528;"SPRF-MG";"DEL07-MG";"UOP03-DEL07-MG"
122972;2018-04-03;"terça-feira";"13:25:00";"PR";476;150;"ARAUCARIA";"Falta de Atenção à Condução";"Queda de ocupante de veículo";"Com Vítimas Feridas";"Pleno dia";"Crescente";"Céu Claro";"Dupla";"Reta";"Sim";2;0;2;0;0;0;2;1;-25,558477;-49,368313;"SPRF-PR";"DEL01-PR";"UOP06-DEL01-PR"
122973;2018-03-26;"segunda-feira";"09:40:00";"SP";116;187,5;"SANTA ISABEL";"Defeito Mecânico no Veículo";"Colisão com objeto estático";"Sem Vítimas";"Pleno dia";"Decrescente";"Céu Claro";"Dupla";"Curva";"Não";1;0;0;0;1;0;0;1;-23,37125321;-46,24557495;"SPRF-SP";"DEL02-SP";"UOP01-DEL02-SP"
122974;2018-04-03;"terça-feira";"14:20:00";"GO";60;352,8;"SANTO ANTONIO DA BARRA";"Falta de Atenção à Condução";"Saída de leito carroçável";"Com Vítimas Feridas";"Pleno dia";"Decrescente";"Céu Claro";"Dupla";"Reta";"Não";4;0;4;0;0;0;4;1;-17,587551;-50,70293;"SPRF-GO";"DEL04-GO";"UOP01-DEL04-GO"
122976;2018-02-27;"terça-feira";"05:00:00";"PB";101;90,1;"JOAO PESSOA";"Avarias e/ou desgaste excessivo no pneu";"Queda de ocupante de veículo";"Com Vítimas Feridas";"Amanhecer";"Decrescente";"Céu Claro";"Múltipla";"Aclive";"Não";2;0;2;0;0;0;2;1;-7,18566611;-34,90208387;"SPRF-PB";"DEL01-PB";"UOP01-DEL01-PB"
122978;2018-04-03;"terça-feira";"14:30:00";"CE";116;11,4;"FORTALEZA";"Desobediência às normas de trânsito pelo condutor";"Colisão frontal";"Com Vítimas Feridas";"Pleno dia";"Crescente";"Céu Claro";"Simples";"Viaduto";"Sim";2;0;1;0;1;0;1;2;-3,8551;-38,4958;"SPRF-CE";"DEL01-CE";"UOP02-DEL01-CE"
122979;2018-03-30;"sexta-feira";"07:30:00";"MG";381;505;"BETIM";"Velocidade Incompatível";"Capotamento";"Com Vítimas Feridas";"Pleno dia";"Decrescente";"Céu Claro";"Dupla";"Reta";"Sim";1;0;1;0;0;0;1;1;-20,0384;-44,2529;"SPRF-MG";"DEL01-MG";"UOP03-DEL01-MG"
122980;2018-03-19;"segunda-feira";"19:45:00";"MA";230;201;"SAO DOMINGOS DO AZEITAO";"Falta de Atenção à Condução";"Colisão frontal";"Com Vítimas Fatais";"Plena Noite";"Decrescente";"Céu Claro";"Simples";"Reta";"Não";4;1;1;2;0;0;3;2;-6,816869;-44,654022;"SPRF-MA";"DEL05-MA";"UOP01-DEL05-MA"
122983;2018-04-03;"terça-feira";"15:20:00";"MG";365;630;"UBERLANDIA";"Pista Escorregadia";"Capotamento";"Com Vítimas Feridas";"Pleno dia";"Crescente";"Chuva";"Dupla";"Reta";"Sim";2;0;0;2;0;0;2;1;-18,9054;-48,3233;"SPRF-MG";"DEL15-MG";"UOP01-DEL15-MG"
122987;2018-03-02;"sexta-feira";"11:00:00";"RJ";101;135;"CARAPEBUS";"Falta de Atenção à Condução";"Capotamento";"Com Vítimas Feridas";"Pleno dia";"Crescente";"Céu Claro";"Dupla";"Reta";"Não";1;0;1;0;0;0;1;1;-22,144827;-41,723694;"SPRF-RJ";"DEL02-RJ";"UOP04-DEL08-RJ"
122988;2018-04-03;"terça-feira";"14:45:00";"PB";230;33;"BAYEUX";"Velocidade Incompatível";"Colisão traseira";"Sem Vítimas";"Pleno dia";"Decrescente";"Sol";"Dupla";"Reta;Aclive";"Sim";5;0;0;0;5;0;0;5;-7,13103134;-34,9344635;"SPRF-PB";"DEL01-PB";"UOP01-DEL01-PB"
122990;2018-04-03;"terça-feira";"13:30:00";"MS";163;589;"BANDEIRANTES";"Defeito Mecânico no Veículo";"Tombamento";"Com Vítimas Feridas";"Pleno dia";"Decrescente";"Céu Claro";"Dupla";"Reta";"Não";1;0;1;0;0;0;1;1;-19,57143609;-54,41940308;"SPRF-MS";"DEL01-MS";"UOP02-DEL01-MS"
122991;2018-04-03;"terça-feira";"15:30:00";"MG";262;365;"JUATUBA";"Não guardar distância de segurança";"Colisão lateral";"Com Vítimas Feridas";"Pleno dia";"Crescente";"Céu Claro";"Dupla";"Reta";"Não";2;0;0;1;1;0;1;2;-19,9747;-44,3232;"SPRF-MG";"DEL01-MG";"UOP03-DEL01-MG"
122993;2018-04-03;"terça-feira";"15:30:00";"SP";116;327,9;"JUQUITIBA";"Velocidade Incompatível";"Tombamento";"Com Vítimas Feridas";"Pleno dia";"Decrescente";"Chuva";"Dupla";"Curva";"Não";1;0;1;0;0;0;1;1;-23,93653541;-47,07963735;"SPRF-SP";"DEL04-SP";"UOP03-DEL04-SP"
122995;2018-04-03;"terça-feira";"16:50:00";"RS";116;240,8;"NOVO HAMBURGO";"Não guardar distância de segurança";"Colisão traseira";"Com Vítimas Feridas";"Pleno dia";"Decrescente";"Céu Claro";"Dupla";"Reta";"Sim";3;0;1;0;2;0;1;3;-29,705002;-51,14677;"SPRF-RS";"DEL01-RS";"UOP02-DEL01-RS"
122998;2018-04-03;"terça-feira";"16:30:00";"GO";452;187,9;"ITUMBIARA";"Pista Escorregadia";"Saída de leito carroçável";"Com Vítimas Feridas";"Pleno dia";"Crescente";"Chuva";"Dupla";"Declive";"Sim";3;0;3;0;0;0;3;1;-18,3935469;-49,29168038;"SPRF-GO";"DEL03-GO";"UOP02-DEL03-GO"
122999;2018-04-03;"terça-feira";"16:30:00";"GO";153;697,2;"ITUMBIARA";"Desobediência às normas de trânsito pelo condutor";"Colisão frontal";"Com Vítimas Feridas";"Pleno dia";"Crescente";"Ignorado";"Simples";"Rotatória";"Sim";2;0;0;1;1;0;1;2;-18,3625665;-49,21561506;"SPRF-GO";"DEL03-GO";"UOP02-DEL03-GO"
123003;2018-04-03;"terça-feira";"17:15:00";"MG";267;31,4;"ARGIRITA";"Velocidade Incompatível";"Saída de leito carroçável";"Com Vítimas Feridas";"Pleno dia";"Decrescente";"Chuva";"Simples";"Curva";"Não";1;0;1;0;0;0;1;1;-21,6538;-42,8571;"SPRF-MG";"DEL07-MG";"UOP01-DEL07-MG"
123005;2018-04-03;"terça-feira";"17:40:00";"CE";20;432;"EUSEBIO";"Não guardar distância de segurança";"Colisão traseira";"Com Vítimas Feridas";"Anoitecer";"Decrescente";"Vento";"Dupla";"Em Obras;Reta";"Não";2;0;0;1;1;0;1;2;-3,8663473;-38,4756577;"SPRF-CE";"DEL01-CE";"UOP02-DEL01-CE"
123006;2018-04-03;"terça-feira";"17:35:00";"MG";262;53,8;"MANHUACU";"Defeito Mecânico no Veículo";"Tombamento";"Com Vítimas Feridas";"Anoitecer";"Decrescente";"Céu Claro";"Simples";"Aclive";"Não";2;0;2;0;0;0;2;1;-20,2564782;-42,14244;"SPRF-MG";"DEL06-MG";"UOP03-DEL06-MG"
123007;2018-04-03;"terça-feira";"16:50:00";"BA";324;621;"SALVADOR";"Falta de Atenção à Condução";"Colisão lateral";"Com Vítimas Feridas";"Pleno dia";"Decrescente";"Céu Claro";"Múltipla";"Reta";"Sim";2;0;2;0;0;0;2;2;-12,92234699;-38,46774817;"SPRF-BA";"DEL01-BA";"UOP01-DEL01-BA"
123008;2018-04-03;"terça-feira";"17:25:00";"MG";40;508,5;"RIBEIRAO DAS NEVES";"Falta de Atenção à Condução";"Colisão transversal";"Com Vítimas Feridas";"Anoitecer";"Decrescente";"Nublado";"Dupla";"Reta";"Sim";2;0;1;0;1;0;1;2;-19,7699;-44,1272;"SPRF-MG";"DEL02-MG";"UOP01-DEL02-MG"
123009;2018-04-03;"terça-feira";"18:00:00";"DF";40;8;"BRASILIA";"Falta de Atenção à Condução";"Engavetamento";"Com Vítimas Feridas";"Pleno dia";"Crescente";"Céu Claro";"Dupla";"Reta";"Sim";4;0;1;0;3;0;1;4;-16,038666;-47,979691;"SPRF-DF";"DEL01-DF";"UOP01-DEL01-DF"
123010;2018-04-03;"terça-feira";"17:25:00";"MG";381;516;"IGARAPE";"Velocidade Incompatível";"Capotamento";"Com Vítimas Feridas";"Anoitecer";"Decrescente";"Chuva";"Dupla";"Curva";"Não";1;0;1;0;0;0;1;1;-20,1055;-44,3215;"SPRF-MG";"DEL01-MG";"UOP03-DEL01-MG"
123011;2018-04-03;"terça-feira";"15:30:00";"RJ";101;571;"PARATY";"Pista Escorregadia";"Saída de leito carroçável";"Com Vítimas Feridas";"Anoitecer";"Crescente";"Chuva";"Simples";"Curva";"Não";3;0;0;2;1;0;2;1;-23,05319831;-44,60449219;"SPRF-RJ";"DEL03-RJ";"UOP04-DEL03-RJ"
123012;2018-04-03;"terça-feira";"17:20:00";"MG";50;56;"UBERLANDIA";"Mal Súbito";"Tombamento";"Com Vítimas Feridas";"Pleno dia";"Decrescente";"Chuva";"Dupla";"Curva";"Não";1;0;1;0;0;0;1;1;-18,78281689;-48,23478699;"SPRF-MG";"DEL15-MG";"UOP02-DEL15-MG"
123013;2018-04-03;"terça-feira";"18:00:00";"RN";304;38,7;"MOSSORO";"Ingestão de Álcool";"Colisão transversal";"Com Vítimas Feridas";"Plena Noite";"Decrescente";"Ignorado";"Dupla";"Retorno Regulamentado";"Sim";2;0;0;1;1;0;1;2;-5,181406;-37,36834;"SPRF-RN";"DEL04-RN";"UOP02-DEL04-RN"
123015;2018-04-03;"terça-feira";"18:20:00";"DF";40;4,2;"BRASILIA";"Restrição de Visibilidade";"Colisão com objeto estático";"Com Vítimas Feridas";"Plena Noite";"Crescente";"Céu Claro";"Dupla";"Reta";"Sim";2;0;1;0;1;0;1;2;-16,012033;-47,982124;"SPRF-DF";"DEL01-DF";"UOP01-DEL01-DF"
123016;2018-04-03;"terça-feira";"18:20:00";"PB";405;1;"UIRAUNA";"Animais na Pista";"Atropelamento de Animal";"Com Vítimas Fatais";"Plena Noite";"Decrescente";"Céu Claro";"Simples";"Declive;Reta";"Não";2;1;1;0;0;0;1;1;-6,461908;-38,378624;"SPRF-PB";"DEL03-PB";"UOP03-DEL03-PB"
123020;2018-03-08;"quinta-feira";"11:20:00";"MS";267;24;"BATAGUASSU";"Não guardar distância de segurança";"Colisão traseira";"Com Vítimas Feridas";"Pleno dia";"Decrescente";"Céu Claro";"Simples";"Em Obras";"Não";3;0;2;0;1;0;2;2;-21,726366;-52,370483;"SPRF-MS";"DEL02-MS";"DEL3/7-UOP01/MS"
123024;2018-04-03;"terça-feira";"19:00:00";"SC";101;134,3;"BALNEARIO CAMBORIU";"Falta de Atenção à Condução";"Colisão transversal";"Com Vítimas Feridas";"Plena Noite";"Crescente";"Céu Claro";"Simples";"Interseção de Vias";"Sim";3;0;1;0;1;1;1;3;-27,0049;-48,6266;"SPRF-SC";"DEL04-SC";"UOP03-DEL04-SC"
123025;2018-04-03;"terça-feira";"18:20:00";"PB";230;28,3;"JOAO PESSOA";"Não guardar distância de segurança";"Engavetamento";"Com Vítimas Feridas";"Plena Noite";"Crescente";"Céu Claro";"Dupla";"Reta";"Sim";5;0;3;0;2;0;3;4;-7,1651;-34,8941;"SPRF-PB";"DEL01-PB";"UOP01-DEL01-PB"
123026;2018-04-03;"terça-feira";"18:40:00";"PR";277;2,6;"PARANAGUA";"Falta de Atenção à Condução";"Colisão transversal";"Com Vítimas Feridas";"Anoitecer";"Crescente";"Nublado";"Simples";"Reta";"Sim";2;0;1;0;1;0;1;2;-25,53624594;-48,53759766;"SPRF-PR";"DEL01-PR";"UOP05-DEL01-PR"
123028;2018-04-03;"terça-feira";"18:20:00";"PE";101;79;"JABOATAO DOS GUARARAPES";"Falta de Atenção à Condução";"Colisão frontal";"Com Vítimas Feridas";"Plena Noite";"Crescente";"Céu Claro";"Simples";"Reta";"Sim";2;0;1;0;1;0;1;2;-8,148149;-34,944114;"SPRF-PE";"DEL01-PE";"UOP01-DEL01-PE"
123030;2018-04-03;"terça-feira";"17:20:00";"GO";153;510,1;"APARECIDA DE GOIANIA";"Defeito Mecânico no Veículo";"Queda de ocupante de veículo";"Com Vítimas Feridas";"Plena Noite";"Crescente";"Céu Claro";"Simples";"Curva";"Sim";2;0;1;0;1;0;1;1;-16,7977;-49,2386;"SPRF-GO";"DEL01-GO";"UOP03-DEL01-GO"
123031;2018-04-03;"terça-feira";"18:50:00";"PR";277;721;"FOZ DO IGUACU";"Não guardar distância de segurança";"Colisão traseira";"Sem Vítimas";"Plena Noite";"Decrescente";"Céu Claro";"Dupla";"Retorno Regulamentado";"Sim";3;0;0;0;3;0;0;3;-25,49166564;-54,51266348;"SPRF-PR";"DEL05-PR";"UOP01-DEL05-PR"
123032;2018-04-03;"terça-feira";"19:30:00";"MG";262;395,2;"PARA DE MINAS";"Animais na Pista";"Capotamento";"Com Vítimas Feridas";"Plena Noite";"Crescente";"Chuva";"Dupla";"Reta";"Não";1;0;1;0;0;0;1;1;-19,8971636;-44,5627327;"SPRF-MG";"DEL01-MG";"UOP03-DEL01-MG"
123036;2018-04-03;"terça-feira";"18:10:00";"PB";101;85;"BAYEUX";"Falta de Atenção à Condução";"Colisão traseira";"Com Vítimas Feridas";"Plena Noite";"Decrescente";"Céu Claro";"Dupla";"Reta";"Sim";2;0;1;0;1;0;1;2;-7,14408225;-34,91813421;"SPRF-PB";"DEL01-PB";"UOP01-DEL01-PB"
123038;2018-04-03;"terça-feira";"19:45:00";"RS";116;237,3;"NOVO HAMBURGO";"Falta de Atenção do Pedestre";"Atropelamento de Pedestre";"Com Vítimas Feridas";"Plena Noite";"Crescente";"Nublado";"Dupla";"Aclive";"Sim";2;0;1;0;1;0;1;2;-29,67786025;-51,14244103;"SPRF-RS";"DEL01-RS";"UOP02-DEL01-RS"
123039;2018-04-03;"terça-feira";"19:45:00";"MG";381;482;"CONTAGEM";"Falta de Atenção à Condução";"Engavetamento";"Sem Vítimas";"Plena Noite";"Crescente";"Céu Claro";"Dupla";"Reta";"Sim";3;0;0;0;3;0;0;3;-19,95891963;-44,06718598;"SPRF-MG";"DEL01-MG";"UOP03-DEL01-MG"
123041;2018-04-03;"terça-feira";"18:45:00";"SC";282;343,2;"CAMPOS NOVOS";"Falta de Atenção à Condução";"Colisão transversal";"Com Vítimas Feridas";"Plena Noite";"Crescente";"Céu Claro";"Simples";"Declive";"Sim";2;0;0;1;1;0;1;2;-27,38938254;-51,22672677;"SPRF-SC";"DEL07-SC";"UOP06-DEL07-SC"
123043;2018-04-03;"terça-feira";"18:40:00";"BA";101;613;"MASCOTE";"Velocidade Incompatível";"Capotamento";"Sem Vítimas";"Plena Noite";"Crescente";"Céu Claro";"Simples";"Curva";"Não";3;0;0;0;3;0;0;1;-15,591432;-39,426788;"SPRF-BA";"DEL05-BA";"UOP02-DEL05-BA"
123046;2018-04-03;"terça-feira";"20:30:00";"SC";470;81,8;"ASCURRA";"Falta de Atenção à Condução";"Colisão transversal";"Com Vítimas Feridas";"Plena Noite";"Crescente";"Céu Claro";"Simples";"Reta";"Não";2;0;1;1;0;0;2;2;-26,94954991;-49,32336956;"SPRF-SC";"DEL04-SC";"UOP01-DEL04-SC"
123048;2018-04-03;"terça-feira";"19:50:00";"PE";316;82,9;"OURICURI";"Desobediência às normas de trânsito pelo condutor";"Colisão com objeto em movimento";"Com Vítimas Feridas";"Plena Noite";"Crescente";"Céu Claro";"Simples";"Reta";"Não";3;0;1;0;1;1;1;2;-7,871828;-40,092339;"SPRF-PE";"DEL05-PE";"UOP02-DEL05-PE"
123049;2018-04-03;"terça-feira";"18:50:00";"CE";304;40,1;"ARACATI";"Velocidade Incompatível";"Saída de leito carroçável";"Com Vítimas Feridas";"Plena Noite";"Crescente";"Ignorado";"Simples";"Interseção de Vias";"Não";1;0;1;0;0;0;1;1;-4,57779385;-37,84927368;"SPRF-CE";"DEL03-CE";"UOP03-DEL03-CE"
123055;2018-04-03;"terça-feira";"21:40:00";"BA";415;51;"ITABUNA";"Ultrapassagem Indevida";"Colisão frontal";"Com Vítimas Feridas";"Plena Noite";"Crescente";"Céu Claro";"Simples";"Reta";"Sim";2;0;1;0;1;0;1;2;-14,814651;-39,296741;"SPRF-BA";"DEL05-BA";"UOP01-DEL05-BA"
123056;2018-04-03;"terça-feira";"20:45:00";"MS";163;238,1;"DOURADOS";"Carga excessiva e/ou mal acondicionada";"Queda de ocupante de veículo";"Com Vítimas Feridas";"Plena Noite";"Crescente";"Céu Claro";"Simples";"Reta";"Não";1;0;1;0;0;0;1;1;-22,37420612;-54,79499817;"SPRF-MS";"DEL04-MS";"UOP02-DEL04-MS"
123058;2018-04-03;"terça-feira";"18:50:00";"RN";101;94,7;"NATAL";"Não guardar distância de segurança";"Queda de ocupante de veículo";"Com Vítimas Feridas";"Plena Noite";"Crescente";"Céu Claro";"Dupla";"Reta";"Sim";2;0;2;0;0;0;2;1;-5,8380903;-35,21133989;"SPRF-RN";"DEL01-RN";"UOP01-DEL01-RN"
123059;2018-04-03;"terça-feira";"21:50:00";"PA";316;6;"ANANINDEUA";"Não guardar distância de segurança";"Colisão traseira";"Com Vítimas Feridas";"Plena Noite";"Crescente";"Nublado";"Múltipla";"Reta";"Sim";3;0;2;0;1;0;2;2;-1,39923966;-48,42288498;"SPRF-PA";"DEL01-PA";"DEL19/1-UOP05/PA"
123060;2018-04-03;"terça-feira";"18:30:00";"MG";116;480,4;"DOM CAVATI";"Desobediência às normas de trânsito pelo condutor";"Colisão frontal";"Com Vítimas Feridas";"Plena Noite";"Crescente";"Nublado";"Simples";"Curva";"Sim";4;0;2;2;0;0;4;2;-19,38354989;-42,11230433;"SPRF-MG";"DEL06-MG";"UOP02-DEL06-MG"
123061;2018-04-03;"terça-feira";"22:20:00";"SC";282;385;"JOACABA";"Falta de Atenção à Condução";"Colisão traseira";"Com Vítimas Feridas";"Plena Noite";"Crescente";"Céu Claro";"Simples";"Curva";"Não";2;0;1;0;1;0;1;2;-27,19967874;-51,51626587;"SPRF-SC";"DEL07-SC";"UOP05-DEL07-SC"
123064;2018-04-03;"terça-feira";"23:00:00";"PR";376;177,5;"MARINGA";"Falta de Atenção à Condução";"Colisão transversal";"Com Vítimas Feridas";"Plena Noite";"Crescente";"Nublado";"Dupla";"Interseção de Vias";"Sim";2;0;0;1;1;0;1;2;-23,412691;-51,931583;"SPRF-PR";"DEL07-PR";"UOP01-DEL09-PR"
123066;2018-04-03;"terça-feira";"22:30:00";"PR";369;157;"LONDRINA";"Avarias e/ou desgaste excessivo no pneu";"Tombamento";"Com Vítimas Feridas";"Plena Noite";"Crescente";"Céu Claro";"Dupla";"Reta";"Sim";1;0;1;0;0;0;1;1;-23,285334;-51,231416;"SPRF-PR";"DEL07-PR";"UOP01-DEL07-PR"
123067;2018-04-03;"terça-feira";"22:00:00";"SP";381;88;"GUARULHOS";"Defeito Mecânico no Veículo";"Incêndio";"Sem Vítimas";"Plena Noite";"Decrescente";"Chuva";"Dupla";"Reta";"Sim";1;0;0;0;1;0;0;1;-23,48285944;-46,55977964;"SPRF-SP";"DEL03-SP";"DEL6/3-UOP03/SP"
123068;2018-04-03;"terça-feira";"19:20:00";"CE";222;22,5;"CAUCAIA";"Não guardar distância de segurança";"Colisão traseira";"Com Vítimas Feridas";"Plena Noite";"Decrescente";"Céu Claro";"Simples";"Reta";"Não";4;0;1;1;0;2;2;3;-3,733423;-38,750843;"SPRF-CE";"DEL01-CE";"UOP01-DEL01-CE"
123069;2018-04-03;"terça-feira";"23:50:00";"MG";365;35,8;"CLARO DOS POCOES";"Velocidade Incompatível";"Saída de leito carroçável";"Com Vítimas Feridas";"Plena Noite";"Decrescente";"Céu Claro";"Simples";"Reta";"Não";3;0;1;2;0;0;3;1;-16,862532;-44,14193;"SPRF-MG";"DEL12-MG";"UOP01-DEL12-MG"
123070;2018-04-03;"terça-feira";"22:40:00";"SP";116;85,2;"PINDAMONHANGABA";"Falta de Atenção à Condução";"Atropelamento de Pedestre";"Com Vítimas Feridas";"Plena Noite";"Decrescente";"Céu Claro";"Dupla";"Reta";"Sim";3;0;0;1;0;2;1;2;-22,922148;-45,344574;"SPRF-SP";"DEL06-SP";"UOP01-DEL06-SP"