"id";"data_inversa";"dia_semana";"horario";"uf";"br";"km";"municipio";"causa_acidente";"tipo_acidente";"classificacao_acidente";"fase_dia";"sentido_via";"condicao_metereologica";"tipo_pista";"tracado_via";"uso_solo";"pessoas";"mortos";"feridos_leves";"feridos_graves";"ilesos";"ignorados";"feridos";"veiculos";"latitude";"longitude";"regional";"delegacia";"uop"
123071;2018-04-04;"quarta-feira";"00:40:00";"RS";392;350,1;"SANTA MARIA";"Desobediência às normas de trânsito pelo condutor";"Colisão transversal";"Com Vítimas Feridas";"Plena Noite";"Crescente";"Céu Claro";"Simples";"Reta";"Sim";1;0;1;0;0;0;1;1;-29,736057;-53,797916;"SPRF-RS";"DEL09-RS";"UOP01-DEL09-RS"
123074;2018-04-04;"quarta-feira";"04:50:00";"PE";232;64,3;"POMBOS";"Falta de Atenção à Condução";"Colisão traseira";"Sem Vítimas";"Pleno dia";"Decrescente";"Céu Claro";"Dupla";"Declive";"Não";1;0;0;0;1;0;0;1;-8,16424961;-35,44425932;"SPRF-PE";"DEL01-PE";"UOP02-DEL02PE"
123078;2018-04-04;"quarta-feira";"05:50:00";"SC";101;201;"SAO JOSE";"Falta de Atenção à Condução";"Colisão transversal";"Com Vítimas Feridas";"Amanhecer";"Crescente";"Céu Claro";"Dupla";"Interseção de Vias";"Sim";3;0;2;0;1;0;2;2;-27,5572;-48,6188;"SPRF-SC";"DEL01-SC";"UOP01-DEL01-SC"
123080;2018-04-04;"quarta-feira";"06:20:00";"CE";116;7;"FORTALEZA";"Falta de Atenção à Condução";"Colisão transversal";"Com Vítimas Feridas";"Pleno dia";"Decrescente";"Céu Claro";"Dupla";"Reta";"Não";2;0;2;0;0;0;2;2;-3,83659957;-38,50090027;"SPRF-CE";"DEL01-CE";"UOP02-DEL01-CE"
123081;2018-04-04;"quarta-feira";"00:10:00";"MG";262;569;"CORREGO DANTA";"Falta de Atenção à Condução";"Tombamento";"Com Vítimas Feridas";"Plena Noite";"Crescente";"Céu Claro";"Simples";"Interseção de Vias";"Não";7;0;6;0;1;0;6;1;-19,737259;-46,013737;"SPRF-MG";"DEL08-MG";"UOP02-DEL08-MG"
123082;2018-04-04;"quarta-feira";"06:00:00";"RJ";116;75;"TERESOPOLIS";"Pista Escorregadia";"Saída de leito carroçável";"Sem Vítimas";"Amanhecer";"Decrescente";"Nublado";"Simples";"Curva";"Não";1;0;0;0;1;0;0;1;-22,37179193;-42,95201814;"SPRF-RJ";"DEL04-RJ";"UOP01-DEL04-RJ"
123083;2018-04-04;"quarta-feira";"06:30:00";"MG";381;441;"SABARA";"Falta de Atenção à Condução";"Colisão transversal";"Com Vítimas Feridas";"Pleno dia";"Crescente";"Céu Claro";"Dupla";"Aclive";"Sim";2;0;0;1;1;0;1;2;-19,79810614;-43,7543124;"SPRF-MG";"DEL01-MG";"UOP01-DEL01-MG"
123084;2018-04-04;"quarta-feira";"06:50:00";"BA";110;243,2;"ALAGOINHAS";"Não guardar distância de segurança";"Colisão traseira";"Com Vítimas Feridas";"Pleno dia";"Decrescente";"Céu Claro";"Simples";"Reta";"Não";3;0;2;0;1;0;2;2;-12,18164971;-38,41026306;"SPRF-BA";"DEL01-BA";"UOP04-DEL01-BA"
123085;2018-04-03;"terça-feira";"16:50:00";"RJ";101;195;"CASIMIRO DE ABREU";"Falta de Atenção à Condução";"Saída de leito carroçável";"Com Vítimas Feridas";"Pleno dia";"Decrescente";"Céu Claro";"Dupla";"Curva";"Não";1;0;1;0;0;0;1;1;-22,492208;-42,100201;"SPRF-RJ";"DEL02-RJ";"UOP04-DEL08-RJ"
123086;2018-04-04;"quarta-feira";"06:30:00";"RJ";101;283;"ITABORAI";"Falta de Atenção à Condução";"Tombamento";"Sem Vítimas";"Pleno dia";"Crescente";"Céu Claro";"Dupla";"Curva";"Sim";1;0;0;0;1;0;0;1;-22,73591;-42,805927;"SPRF-RJ";"DEL02-RJ";"UOP03-DEL02-RJ"
123087;2018-04-04;"quarta-feira";"07:05:00";"RS";116;263,8;"CANOAS";"Falta de Atenção à Condução";"Colisão traseira";"Sem Vítimas";"Pleno dia";"Crescente";"Nublado";"Simples";"Reta";"Sim";2;0;0;0;2;0;0;2;-29,9126768;-51,17754579;"SPRF-RS";"DEL01-RS";"UOP01-DEL01-RS"
123088;2018-04-04;"quarta-feira";"07:00:00";"SP";116;219;"GUARULHOS";"Falta de Atenção à Condução";"Colisão lateral";"Com Vítimas Feridas";"Pleno dia";"Crescente";"Sol";"Múltipla";"Reta";"Sim";2;0;1;0;1;0;1;2;-23,47080456;-46,50924683;"SPRF-SP";"DEL01-SP";"UOP01-DEL01-SP"
123089;2018-04-04;"quarta-feira";"07:30:00";"PR";376;176,8;"MARINGA";"Não guardar distância de segurança";"Colisão lateral";"Com Vítimas Feridas";"Pleno dia";"Decrescente";"Céu Claro";"Dupla";"Interseção de Vias";"Sim";3;0;2;0;0;1;2;3;-23,412691;-51,931583;"SPRF-PR";"DEL07-PR";"UOP01-DEL09-PR"
123090;2018-04-04;"quarta-feira";"06:55:00";"MG";381;616;"OLIVEIRA";"Velocidade Incompatível";"Saída de leito carroçável";"Com Vítimas Feridas";"Amanhecer";"Decrescente";"Nublado";"Dupla";"Curva";"Não";2;0;2;0;0;0;2;1;-20,7295;-44,7729;"SPRF-MG";"DEL04-MG";"UOP01-DEL04-MG"
123092;2018-04-04;"quarta-feira";"07:30:00";"SP";101;43;"UBATUBA";"Desobediência às normas de trânsito pelo condutor";"Colisão transversal";"Com Vítimas Feridas";"Pleno dia";"Crescente";"Céu Claro";"Simples";"Rotatória";"Sim";3;0;2;0;1;0;2;2;-23,40956954;-45,05909711;"SPRF-SP";"DEL06-SP";"UOP01-DEL06-SP"
123093;2018-04-04;"quarta-feira";"07:30:00";"RS";386;345,6;"LAJEADO";"Falta de Atenção à Condução";"Colisão lateral";"Com Vítimas Feridas";"Pleno dia";"Decrescente";"Nublado";"Dupla";"Reta";"Sim";2;0;1;0;1;0;1;2;-29,44524086;-51,97833538;"SPRF-RS";"DEL04-RS";"UOP01-DEL04-RS"
123094;2018-04-04;"quarta-feira";"07:10:00";"RS";116;253;"SAPUCAIA DO SUL";"Defeito Mecânico no Veículo";"Tombamento";"Com Vítimas Feridas";"Pleno dia";"Crescente";"Nublado";"Dupla";"Reta";"Sim";1;0;1;0;0;0;1;1;-29,817963;-51,169994;"SPRF-RS";"DEL01-RS";"UOP02-DEL01-RS"
123095;2018-04-04;"quarta-feira";"05:15:00";"MS";60;648,3;"BELA VISTA";"Velocidade Incompatível";"Saída de leito carroçável";"Com Vítimas Feridas";"Amanhecer";"Crescente";"Céu Claro";"Simples";"Curva";"Não";2;0;0;2;0;0;2;1;-21,872865;-56,319842;"SPRF-MS";"DEL05-MS";"UOP01-DEL05-MS"
123096;2018-04-04;"quarta-feira";"07:25:00";"SP";153;41,3;"ONDA VERDE";"Defeito na Via";"Tombamento";"Com Vítimas Feridas";"Pleno dia";"Crescente";"Nevoeiro/Neblina";"Simples";"Declive";"Não";1;0;1;0;0;0;1;1;-20,631329;-49,337053;"SPRF-SP";"DEL09-SP";"UOP01-DEL09-SP"
123097;2018-04-04;"quarta-feira";"07:30:00";"SC";101;419,7;"ARARANGUA";"Desobediência às normas de trânsito pelo condutor";"Colisão transversal";"Com Vítimas Feridas";"Pleno dia";"Crescente";"Céu Claro";"Simples";"Viaduto";"Sim";2;0;1;0;1;0;1;2;-28,992;-49,5487;"SPRF-SC";"DEL02-SC";"UOP02-DEL02-SC"
123098;2018-04-04;"quarta-feira";"07:15:00";"SP";116;147;"SAO JOSE DOS CAMPOS";"Não guardar distância de segurança";"Colisão traseira";"Com Vítimas Feridas";"Pleno dia";"Crescente";"Nublado";"Múltipla";"Reta";"Sim";2;0;1;0;1;0;1;2;-23,195473;-45,871849;"SPRF-SP";"DEL02-SP";"UOP01-DEL02-SP"
123099;2018-04-04;"quarta-feira";"07:00:00";"PR";163;36;"SANTO ANTONIO DO SUDOESTE";"Desobediência às normas de trânsito pelo condutor";"Colisão transversal";"Com Vítimas Feridas";"Pleno dia";"Decrescente";"Céu Claro";"Simples";"Reta;Aclive;Interseção de Vias";"Sim";2;0;1;0;1;0;1;2;-26,05914908;-53,72317404;"SPRF-PR";"DEL02-PR";"UOP02-DEL02-PR"
123103;2018-04-04;"quarta-feira";"08:00:00";"MG";40;627,2;"CONSELHEIRO LAFAIETE";"Falta de Atenção à Condução";"Colisão traseira";"Com Vítimas Feridas";"Pleno dia";"Decrescente";"Céu Claro";"Simples";"Reta";"Sim";2;0;1;0;1;0;1;2;-20,64138384;-43,81305009;"SPRF-MG";"DEL05-MG";"UOP02-DEL05-MG"
123108;2018-04-04;"quarta-feira";"08:15:00";"AP";156;286;"FERREIRA GOMES";"Defeito Mecânico no Veículo";"Saída de leito carroçável";"Sem Vítimas";"Pleno dia";"Crescente";"Céu Claro";"Simples";"Reta";"Não";1;0;0;0;1;0;0;1;0,55892058;-51,14959717;"SPRF-AP";"DEL01-AP";"UOP01-DEL01-AP"
123110;2018-04-04;"quarta-feira";"08:40:00";"PE";408;84;"SAO LOURENCO DA MATA";"Falta de Atenção à Condução";"Colisão traseira";"Com Vítimas Feridas";"Pleno dia";"Decrescente";"Céu Claro";"Dupla";"Reta";"Não";7;0;6;0;1;0;6;2;-7,963295;-35,093106;"SPRF-PE";"DEL01-PE";"UOP01-DEL01-PE"
123111;2018-04-04;"quarta-feira";"08:50:00";"SP";116;446;"REGISTRO";"Falta de Atenção à Condução";"Colisão lateral";"Com Vítimas Feridas";"Pleno dia";"Decrescente";"Céu Claro";"Simples";"Reta;Interseção de Vias";"Sim";3;0;2;0;1;0;2;2;-24,51865964;-47,88597107;"SPRF-SP";"DEL05-SP";"UOP01-DEL05-SP"
123114;2018-04-04;"quarta-feira";"08:20:00";"RJ";40;121;"DUQUE DE CAXIAS";"Ingestão de Álcool";"Queda de ocupante de veículo";"Com Vítimas Feridas";"Pleno dia";"Crescente";"Céu Claro";"Dupla";"Reta";"Sim";1;0;1;0;0;0;1;1;-22,7884;-43,2853;"SPRF-RJ";"DEL01-RJ";"UOP01-DEL01-RJ"
123116;2018-04-04;"quarta-feira";"07:50:00";"PR";476;124;"CURITIBA";"Desobediência às normas de trânsito pelo condutor";"Colisão lateral";"Com Vítimas Feridas";"Pleno dia";"Crescente";"Céu Claro";"Múltipla";"Reta";"Não";2;0;0;1;1;0;1;2;-25,399845;-49,215855;"SPRF-PR";"DEL01-PR";"UOP07-DEL01-PR"
123119;2018-04-04;"quarta-feira";"06:40:00";"PR";153;307;"IMBITUVA";"Falta de Atenção à Condução";"Colisão transversal";"Com Vítimas Feridas";"Pleno dia";"Crescente";"Céu Claro";"Simples";"Curva";"Não";2;0;0;1;1;0;1;2;-25,259619;-50,640388;"SPRF-PR";"DEL03-PR";"UOP02-DEL08-PR"
123121;2018-04-04;"quarta-feira";"08:30:00";"BA";116;387;"SANTA BARBARA";"Velocidade Incompatível";"Tombamento";"Com Vítimas Feridas";"Pleno dia";"Decrescente";"Céu Claro";"Simples";"Curva";"Não";1;0;0;1;0;0;1;1;-11,91600135;-38,98404121;"SPRF-BA";"DEL02-BA";"DEL10/2-UOP02/BA"
123124;2018-04-04;"quarta-feira";"10:30:00";"SC";101;132,7;"BALNEARIO CAMBORIU";"Falta de Atenção à Condução";"Colisão frontal";"Com Vítimas Feridas";"Pleno dia";"Crescente";"Sol";"Simples";"Curva";"Sim";2;0;1;0;1;0;1;2;-26,99871263;-48,6494692;"SPRF-SC";"DEL04-SC";"UOP03-DEL04-SC"
123127;2018-04-04;"quarta-feira";"10:30:00";"SC";470;45;"GASPAR";"Falta de Atenção à Condução";"Tombamento";"Com Vítimas Feridas";"Pleno dia";"Decrescente";"Céu Claro";"Simples";"Curva";"Sim";1;0;1;0;0;0;1;1;-26,87474139;-49,01298434;"SPRF-SC";"DEL04-SC";"UOP01-DEL04-SC"
123128;2018-04-04;"quarta-feira";"09:00:00";"CE";116;375,6;"ICO";"Desobediência às normas de trânsito pelo condutor";"Colisão transversal";"Com Vítimas Feridas";"Pleno dia";"Crescente";"Céu Claro";"Simples";"Interseção de Vias";"Sim";4;0;1;0;3;0;1;2;-6,405386;-38,84573;"SPRF-CE";"DEL05-CE";"UOP01-DEL05-CE"
123129;2018-04-04;"quarta-feira";"10:30:00";"CE";222;325,5;"TIANGUA";"Defeito Mecânico no Veículo";"Incêndio";"Sem Vítimas";"Pleno dia";"Decrescente";"Nublado";"Simples";"Reta";"Não";2;0;0;0;2;0;0;1;-3,80259479;-41,07513428;"SPRF-CE";"DEL04-CE";"UOP02-DEL04-CE"
123131;2018-04-04;"quarta-feira";"10:40:00";"RJ";356;64;"ITALVA";"Falta de Atenção à Condução";"Capotamento";"Com Vítimas Feridas";"Pleno dia";"Crescente";"Céu Claro";"Simples";"Curva";"Não";2;0;1;0;1;0;1;1;-21,34440313;-41,71461582;"SPRF-RJ";"DEL08-RJ";"UOP03-DEL08-RJ"
123133;2018-04-04;"quarta-feira";"10:50:00";"SP";116;229;"SAO PAULO";"Falta de Atenção à Condução";"Colisão traseira";"Com Vítimas Feridas";"Pleno dia";"Crescente";"Céu Claro";"Múltipla";"Declive";"Não";2;0;1;0;1;0;1;2;-23,51110782;-46,58203125;"SPRF-SP";"DEL01-SP";"UOP01-DEL01-SP"
123134;2018-04-04;"quarta-feira";"10:25:00";"PR";469;1;"FOZ DO IGUACU";"Falta de Atenção à Condução";"Colisão transversal";"Com Vítimas Feridas";"Pleno dia";"Crescente";"Céu Claro";"Simples";"Reta";"Sim";2;0;0;1;1;0;1;2;-25,576896;-54,554384;"SPRF-PR";"DEL05-PR";"UOP04-DEL05-PR"
123135;2018-04-04;"quarta-feira";"10:00:00";"PE";101;51,9;"PAULISTA";"Falta de Atenção à Condução";"Colisão com objeto estático";"Com Vítimas Fatais";"Pleno dia";"Decrescente";"Sol";"Dupla";"Curva";"Sim";1;1;0;0;0;0;0;1;-7,932998;-34,902186;"SPRF-PE";"DEL01-PE";"UOP02-DEL01-PE"
123136;2018-03-28;"quarta-feira";"15:00:00";"ES";393;1;"CACHOEIRO DE ITAPEMIRIM";"Falta de Atenção à Condução";"Colisão transversal";"Com Vítimas Feridas";"Pleno dia";"Crescente";"Céu Claro";"Simples";"Reta";"Sim";2;0;0;1;1;0;1;2;-20,8372;-41,1674;"SPRF-ES";"DEL03-ES";"UOP02-DEL03-ES"
123137;2018-01-20;"sábado";"22:30:00";"RN";405;175,6;"JOSE DA PENHA";"Desobediência às normas de trânsito pelo condutor";"Colisão transversal";"Com Vítimas Feridas";"Plena Noite";"Crescente";"Ignorado";"Simples";"Curva";"Sim";2;0;0;1;1;0;1;2;-6,31827;-38,2789;"SPRF-RN";"DEL04-RN";"UOP02-DEL04-RN"
123140;2018-04-04;"quarta-feira";"11:15:00";"RJ";101;490;"ANGRA DOS REIS";"Desobediência às normas de trânsito pelo condutor";"Colisão frontal";"Com Vítimas Feridas";"Pleno dia";"Decrescente";"Nublado";"Simples";"Curva";"Não";2;0;1;0;1;0;1;2;-22,9588051;-44,3063553;"SPRF-RJ";"DEL03-RJ";"UOP03-DEL03-RJ"
123141;2018-04-03;"terça-feira";"13:50:00";"DF";20;22;"BRASILIA";"Ingestão de Álcool";"Colisão traseira";"Sem Vítimas";"Pleno dia";"Crescente";"Céu Claro";"Dupla";"Reta";"Sim";2;0;0;0;2;0;0;2;-15,59834;-47,676186;"SPRF-DF";"DEL02-DF";"UOP01-DEL02-DF"
123142;2018-04-04;"quarta-feira";"07:30:00";"MT";174;124,6;"MIRASSOL DOESTE";"Condutor Dormindo";"Saída de leito carroçável";"Com Vítimas Feridas";"Pleno dia";"Crescente";"Céu Claro";"Simples";"Curva";"Não";1;0;1;0;0;0;1;1;-15,81664225;-58,08380753;"SPRF-MT";"DEL03-MT";"UOP01-DEL03-MT"
123144;2018-04-04;"quarta-feira";"12:00:00";"PB";230;19,7;"JOAO PESSOA";"Falta de Atenção à Condução";"Colisão traseira";"Com Vítimas Feridas";"Pleno dia";"Decrescente";"Sol";"Múltipla";"Curva";"Sim";3;0;2;0;1;0;2;3;-7,1281;-34,8466;"SPRF-PB";"DEL01-PB";"UOP01-DEL01-PB"
123145;2018-04-04;"quarta-feira";"12:20:00";"SP";153;67,8;"SAO JOSE DO RIO PRETO";"Falta de Atenção à Condução";"Colisão traseira";"Com Vítimas Feridas";"Pleno dia";"Decrescente";"Sol";"Simples";"Reta";"Não";3;0;0;1;2;0;1;2;-20,85069077;-49,38926339;"SPRF-SP";"DEL09-SP";"UOP01-DEL09-SP"
123146;2018-04-04;"quarta-feira";"12:15:00";"BA";324;607;"SIMOES FILHO";"Não guardar distância de segurança";"Colisão traseira";"Com Vítimas Feridas";"Pleno dia";"Crescente";"Sol";"Simples";"Reta";"Não";2;0;1;0;1;0;1;2;-12,7696951;-38,4197473;"SPRF-BA";"DEL01-BA";"UOP01-DEL01-BA"
123148;2018-04-04;"quarta-feira";"12:40:00";"RJ";40;116;"DUQUE DE CAXIAS";"Não guardar distância de segurança";"Engavetamento";"Com Vítimas Feridas";"Pleno dia";"Decrescente";"Céu Claro";"Múltipla";"Reta";"Sim";3;0;1;0;2;0;1;3;-22,7468;-43,2878;"SPRF-RJ";"DEL01-RJ";"UOP01-DEL01-RJ"
123150;2018-03-31;"sábado";"15:40:00";"AP";210;0,1;"MACAPA";"Avarias e/ou desgaste excessivo no pneu";"Colisão lateral";"Sem Vítimas";"Pleno dia";"Decrescente";"Nublado";"Múltipla";"Reta";"Sim";3;0;0;0;2;1;0;2;0,0778;-51,06097;"SPRF-AP";"DEL01-AP";"UOP01-DEL01-AP"
123151;2018-04-04;"quarta-feira";"13:00:00";"MG";381;481,9;"CONTAGEM";"Falta de Atenção à Condução";"Colisão lateral";"Com Vítimas Feridas";"Pleno dia";"Crescente";"Nublado";"Dupla";"Reta";"Sim";1;0;1;0;0;0;1;1;-19,959;-44,0704;"SPRF-MG";"DEL01-MG";"UOP03-DEL01-MG"
123152;2018-04-04;"quarta-feira";"13:50:00";"GO";251;27,4;"CRISTALINA";"Falta de Atenção à Condução";"Saída de leito carroçável";"Com Vítimas Fatais";"Pleno dia";"Crescente";"Chuva";"Simples";"Reta";"Sim";2;1;0;1;0;0;1;1;-16,09871655;-47,50357389;"SPRF-DF";"DEL01-DF";"UOP01-DEL01-DF"
123154;2018-04-04;"quarta-feira";"13:00:00";"PA";316;9,6;"MARITUBA";"Não guardar distância de segurança";"Engavetamento";"Sem Vítimas";"Pleno dia";"Decrescente";"Chuva";"Dupla";"Reta";"Sim";3;0;0;0;3;0;0;3;-1,366236;-48,367805;"SPRF-PA";"DEL01-PA";"DEL19/1-UOP05/PA"
123165;2018-04-04;"quarta-feira";"13:50:00";"PI";343;596;"FLORIANO";"Falta de Atenção à Condução";"Colisão transversal";"Com Vítimas Feridas";"Pleno dia";"Crescente";"Nublado";"Simples";"Reta";"Não";2;0;1;0;1;0;1;2;-6,805063;-43,0508;"SPRF-PI";"DEL03-PI";"UOP01-DEL03-PI"
123166;2018-04-04;"quarta-feira";"15:20:00";"SC";116;5,5;"MAFRA";"Desobediência às normas de trânsito pelo condutor";"Colisão transversal";"Com Vítimas Feridas";"Pleno dia";"Decrescente";"Céu Claro";"Simples";"Interseção de Vias";"Sim";2;0;1;0;1;0;1;2;-26,140944;-49,815083;"SPRF-SC";"DEL06-SC";"UOP01-DEL06-SC"
123170;2018-04-04;"quarta-feira";"15:50:00";"PE";232;110,2;"BEZERROS";"Falta de Atenção à Condução";"Colisão lateral";"Com Vítimas Feridas";"Pleno dia";"Decrescente";"Sol";"Dupla";"Reta";"Não";4;0;1;0;3;0;1;2;-8,290613;-35,822068;"SPRF-PE";"DEL02-PE";"UOP03-DEL02-PE"
123171;2018-04-04;"quarta-feira";"16:00:00";"RS";392;675;"SAO PEDRO DO BUTIA";"Falta de Atenção à Condução";"Colisão lateral";"Com Vítimas Feridas";"Pleno dia";"Crescente";"Sol";"Simples";"Reta";"Não";2;0;1;0;1;0;1;2;-28,123169;-54,85519;"SPRF-RS";"DEL10-RS";"UOP01-DEL10-RS"
123172;2018-03-15;"quinta-feira";"15:00:00";"PE";232;202;"PESQUEIRA";"Falta de Atenção à Condução";"Capotamento";"Com Vítimas Feridas";"Pleno dia";"Crescente";"Sol";"Simples";"Reta";"Não";1;0;1;0;0;0;1;1;-8,373281;-36,713772;"SPRF-PE";"DEL02-PE";"UOP03-DEL02-PE"
123174;2018-04-04;"quarta-feira";"14:50:00";"MT";70;503,1;"CUIABA";"Falta de Atenção à Condução";"Colisão lateral";"Com Vítimas Feridas";"Pleno dia";"Decrescente";"Nublado";"Simples";"Reta";"Não";3;0;2;1;0;0;3;2;-15,67118;-55,948717;"SPRF-MT";"DEL02-MT";"UOP02-DEL01-MT"
123182;2018-04-04;"quarta-feira";"16:25:00";"PR";376;4;"APUCARANA";"Restrição de Visibilidade";"Colisão traseira";"Com Vítimas Feridas";"Pleno dia";"Crescente";"Céu Claro";"Dupla";"Interseção de Vias";"Sim";2;0;1;0;1;0;1;2;-23,57153958;-51,42837524;"SPRF-PR";"DEL07-PR";"UOP03-DEL07-PR"
123183;2018-04-04;"quarta-feira";"08:00:00";"PI";135;438,6;"MONTE ALEGRE DO PIAUI";"Falta de Atenção do Pedestre";"Atropelamento de Pedestre";"Com Vítimas Fatais";"Pleno dia";"Crescente";"Céu Claro";"Simples";"Reta";"Não";4;1;0;0;3;0;0;2;-9,584463;-44,803947;"SPRF-PI";"DEL03-PI";"UOP02-DEL03-PI"
123185;2018-04-04;"quarta-feira";"16:10:00";"ES";101;84,8;"SAO MATEUS";"Falta de Atenção à Condução";"Colisão traseira";"Com Vítimas Feridas";"Pleno dia";"Crescente";"Céu Claro";"Simples";"Reta";"Não";6;0;1;0;5;0;1;2;-18,73600472;-39,86114502;"SPRF-ES";"DEL04-ES";"UOP02-DEL04-ES"
123186;2018-04-04;"quarta-feira";"16:40:00";"SC";470;117,2;"IBIRAMA";"Falta de Atenção à Condução";"Colisão traseira";"Sem Vítimas";"Pleno dia";"Crescente";"Nublado";"Simples";"Reta;Aclive";"Não";3;0;0;0;3;0;0;3;-27,08109882;-49,50021029;"SPRF-SC";"DEL04-SC";"UOP02-DEL04-SC"
123187;2018-04-04;"quarta-feira";"15:30:00";"MG";40;508;"RIBEIRAO DAS NEVES";"Falta de Atenção à Condução";"Atropelamento de Pedestre";"Com Vítimas Feridas";"Pleno dia";"Crescente";"Céu Claro";"Dupla";"Reta";"Sim";2;0;1;0;1;0;1;2;-19,7699;-44,1272;"SPRF-MG";"DEL02-MG";"UOP01-DEL02-MG"
123189;2018-04-04;"quarta-feira";"11:45:00";"RJ";40;124;"RIO DE JANEIRO";"Desobediência às normas de trânsito pelo condutor";"Atropelamento de Pedestre";"Com Vítimas Feridas";"Pleno dia";"Crescente";"Nublado";"Simples";"Reta";"Não";2;0;2;0;0;0;2;2;-22,8147;-43,2881;"SPRF-RJ";"DEL01-RJ";"UOP02-DEL01-RJ"
123190;2018-04-04;"quarta-feira";"16:20:00";"MG";116;526,3;"CARATINGA";"Desobediência às normas de trânsito pelo condutor";"Colisão transversal";"Sem Vítimas";"Pleno dia";"Decrescente";"Nublado";"Simples";"Curva";"Sim";2;0;0;0;2;0;0;2;-19,76704684;-42,13100195;"SPRF-MG";"DEL06-MG";"UOP02-DEL06-MG"
123191;2018-04-04;"quarta-feira";"17:10:00";"SC";101;151;"PORTO BELO";"Falta de Atenção à Condução";"Colisão traseira";"Com Vítimas Feridas";"Pleno dia";"Crescente";"Céu Claro";"Simples";"Reta";"Não";2;0;1;0;1;0;1;2;-27,163;-48,6111;"SPRF-SC";"DEL04-SC";"UOP03-DEL04-SC"
123192;2018-04-04;"quarta-feira";"17:15:00";"SC";101;216,5;"PALHOCA";"Não guardar distância de segurança";"Colisão traseira";"Sem Vítimas";"Pleno dia";"Decrescente";"Nublado";"Simples";"Interseção de Vias";"Não";2;0;0;0;2;0;0;2;-27,659815;-48,677479;"SPRF-SC";"DEL01-SC";"UOP02-DEL01-SC"
123193;2018-04-04;"quarta-feira";"17:40:00";"AL";316;183,4;"BELEM";"Falta de Atenção à Condução";"Colisão frontal";"Com Vítimas Feridas";"Anoitecer";"Crescente";"Nublado";"Simples";"Reta;Declive";"Sim";2;0;1;1;0;0;2;2;-9,584367;-36,4352;"SPRF-AL";"DEL03-AL";"UOP01-DEL03-AL"
123194;2018-04-04;"quarta-feira";"16:15:00";"MS";262;352,9;"CAMPO GRANDE";"Falta de Atenção à Condução";"Colisão transversal";"Com Vítimas Fatais";"Pleno dia";"Crescente";"Céu Claro";"Simples";"Reta";"Sim";2;1;0;0;1;0;0;2;-20,563003;-54,656247;"SPRF-MS";"DEL01-MS";"UOP03-DEL01-MS"
123196;2018-04-04;"quarta-feira";"17:20:00";"ES";101;264,5;"SERRA";"Desobediência às normas de trânsito pelo condutor";"Colisão transversal";"Com Vítimas Feridas";"Anoitecer";"Decrescente";"Garoa/Chuvisco";"Dupla";"Interseção de Vias";"Sim";4;0;1;0;3;0;1;3;-20,17857046;-40,26525468;"SPRF-ES";"DEL02-ES";"UOP01-DEL02-ES"
123197;2018-04-04;"quarta-feira";"14:00:00";"SC";101;45,7;"JOINVILLE";"Defeito Mecânico no Veículo";"Colisão com objeto estático";"Com Vítimas Feridas";"Pleno dia";"Crescente";"Nublado";"Dupla";"Reta";"Sim";1;0;1;0;0;0;1;1;-26,3578;-48,8588;"SPRF-SC";"DEL03-SC";"UOP01-DEL03-SC"
123203;2018-04-04;"quarta-feira";"18:20:00";"GO";50;265,1;"CATALAO";"Falta de Atenção à Condução";"Colisão transversal";"Com Vítimas Feridas";"Plena Noite";"Decrescente";"Nublado";"Simples";"Reta";"Não";2;0;0;1;1;0;1;2;-18,2222061;-47,9727834;"SPRF-GO";"DEL06-GO";"UOP01-DEL06-GO"
123204;2018-04-04;"quarta-feira";"18:30:00";"PE";424;32,6;"VENTUROSA";"Desobediência às normas de trânsito pelo condutor";"Colisão frontal";"Com Vítimas Feridas";"Plena Noite";"Crescente";"Ignorado";"Simples";"Reta";"Não";2;0;2;0;0;0;2;2;-8,59367723;-36,86171114;"SPRF-PE";"DEL03-PE";"UOP02-DEL03-PE"
123205;2018-04-04;"quarta-feira";"18:05:00";"SC";101;203;"SAO JOSE";"Não guardar distância de segurança";"Tombamento";"Com Vítimas Feridas";"Plena Noite";"Decrescente";"Nublado";"Dupla";"Reta";"Sim";1;0;1;0;0;0;1;1;-27,56474316;-48,61457613;"SPRF-SC";"DEL01-SC";"UOP01-DEL01-SC"
123208;2018-04-04;"quarta-feira";"18:15:00";"SC";101;201;"SAO JOSE";"Não guardar distância de segurança";"Colisão lateral";"Com Vítimas Feridas";"Plena Noite";"Crescente";"Céu Claro";"Dupla";"Reta";"Sim";2;0;1;0;1;0;1;2;-27,54984794;-48,61974207;"SPRF-SC";"DEL01-SC";"UOP01-DEL01-SC"
123210;2018-04-04;"quarta-feira";"18:40:00";"SC";282;16,5;"PALHOCA";"Falta de Atenção à Condução";"Colisão transversal";"Com Vítimas Feridas";"Plena Noite";"Crescente";"Céu Claro";"Simples";"Curva";"Não";2;0;1;0;1;0;1;2;-27,658611;-48,681847;"SPRF-SC";"DEL01-SC";"UOP02-DEL01-SC"
123211;2018-04-04;"quarta-feira";"14:50:00";"MG";381;199,1;"PERIQUITO";"Velocidade Incompatível";"Saída de leito carroçável";"Com Vítimas Feridas";"Pleno dia";"Crescente";"Céu Claro";"Simples";"Reta";"Não";1;0;0;1;0;0;1;1;-19,14020176;-42,22196639;"SPRF-MG";"DEL06-MG";"UOP01-DEL06-MG"