"id";"data_inversa";"dia_semana";"horario";"uf";"br";"km";"municipio";"causa_acidente";"tipo_acidente";"classificacao_acidente";"fase_dia";"sentido_via";"condicao_metereologica";"tipo_pista";"tracado_via";"uso_solo";"pessoas";"mortos";"feridos_leves";"feridos_graves";"ilesos";"ignorados";"feridos";"veiculos";"latitude";"longitude";"regional";"delegacia";"uop"
123212;2018-04-04;"quarta-feira";"18:20:00";"MG";116;413,2;"GOVERNADOR VALADARES";"Falta de Atenção à Condução";"Colisão traseira";"Com Vítimas Feridas";"Plena Noite";"Decrescente";"Céu Claro";"Simples";"Reta";"Sim";2;0;1;0;1;0;1;2;-18,9164805;-41,9412929;"SPRF-MG";"DEL06-MG";"UOP01-DEL06-MG"
123213;2018-04-04;"quarta-feira";"15:40:00";"MT";364;1150;"CAMPOS DE JULIO";"Pista Escorregadia";"Queda de ocupante de veículo";"Com Vítimas Feridas";"Pleno dia";"Crescente";"Chuva";"Simples";"Reta";"Não";2;0;1;0;1;0;1;2;-13,56189675;-59,05082703;"SPRF-MT";"DEL04-MT";"UOP01-DEL04-MT"
123214;2018-04-04;"quarta-feira";"19:15:00";"SE";235;2,8;"ARACAJU";"Falta de Atenção do Pedestre";"Atropelamento de Pedestre";"Com Vítimas Feridas";"Plena Noite";"Decrescente";"Céu Claro";"Múltipla";"Reta;Aclive";"Sim";2;0;0;1;1;0;1;2;-10,9062;-37,1034;"SPRF-SE";"DEL01-SE";"UOP01-DEL01-SE"
123215;2018-04-04;"quarta-feira";"19:00:00";"SP";116;227,2;"SAO PAULO";"Falta de Atenção à Condução";"Colisão traseira";"Com Vítimas Feridas";"Plena Noite";"Decrescente";"Nublado";"Múltipla";"Reta";"Não";3;0;1;0;2;0;1;3;-23,499882;-46,56163573;"SPRF-SP";"DEL01-SP";"UOP01-DEL01-SP"
123216;2018-04-04;"quarta-feira";"16:40:00";"MA";135;18,6;"SAO LUIS";"Defeito Mecânico no Veículo";"Saída de leito carroçável";"Sem Vítimas";"Pleno dia";"Decrescente";"Chuva";"Dupla";"Reta";"Não";1;0;0;0;1;0;0;1;-2,717261;-44,320995;"SPRF-MA";"DEL01-MA";"UOP01-DEL01-MA"
123217;2018-04-04;"quarta-feira";"18:34:00";"RN";304;47;"MOSSORO";"Ingestão de Álcool";"Tombamento";"Com Vítimas Feridas";"Plena Noite";"Crescente";"Céu Claro";"Dupla";"Reta";"Sim";2;0;1;0;0;1;1;2;-5,22596998;-37,33402938;"SPRF-RN";"DEL04-RN";"UOP01-DEL04-RN"
123218;2018-04-04;"quarta-feira";"19:00:00";"SC";101;114;"ITAJAI";"Deficiência ou não Acionamento do Sistema de Iluminação/Sinalização do Veículo";"Colisão traseira";"Com Vítimas Feridas";"Plena Noite";"Decrescente";"Nublado";"Múltipla";"Reta";"Não";1;0;1;0;0;0;1;1;-26,8708;-48,7293;"SPRF-SC";"DEL04-SC";"UOP04-DEL04-SC"
123221;2018-04-04;"quarta-feira";"18:55:00";"MG";381;496;"BETIM";"Falta de Atenção à Condução";"Colisão traseira";"Com Vítimas Feridas";"Plena Noite";"Crescente";"Nublado";"Dupla";"Viaduto";"Sim";2;0;1;1;0;0;2;2;-19,9793;-44,2002;"SPRF-MG";"DEL01-MG";"UOP03-DEL01-MG"
123222;2018-04-04;"quarta-feira";"18:10:00";"PR";277;726,5;"FOZ DO IGUACU";"Falta de Atenção à Condução";"Colisão lateral";"Com Vítimas Feridas";"Pleno dia";"Decrescente";"Céu Claro";"Dupla";"Rotatória";"Sim";2;0;1;0;1;0;1;2;-25,51066663;-54,559434;"SPRF-PR";"DEL05-PR";"UOP03-DEL05-PR"
123225;2018-04-04;"quarta-feira";"19:00:00";"RJ";116;212;"SEROPEDICA";"Falta de Atenção à Condução";"Colisão traseira";"Com Vítimas Feridas";"Plena Noite";"Decrescente";"Céu Claro";"Múltipla";"Reta";"Não";1;0;1;0;0;0;1;1;-22,713438;-43,734085;"SPRF-RJ";"DEL01-RJ";"UOP03-DEL01-RJ"
123226;2018-04-04;"quarta-feira";"19:30:00";"PR";277;710;"SANTA TEREZINHA DE ITAIPU";"Falta de Atenção à Condução";"Colisão transversal";"Com Vítimas Fatais";"Plena Noite";"Decrescente";"Céu Claro";"Dupla";"Reta";"Sim";2;1;0;0;1;0;0;2;-25,45243093;-54,41787137;"SPRF-PR";"DEL05-PR";"UOP01-DEL05-PR"
123228;2018-04-04;"quarta-feira";"17:40:00";"RJ";40;92,2;"PETROPOLIS";"Velocidade Incompatível";"Colisão com objeto estático";"Com Vítimas Feridas";"Anoitecer";"Crescente";"Chuva";"Simples";"Curva";"Não";2;0;1;0;1;0;1;1;-22,55259261;-43,25137138;"SPRF-RJ";"DEL06-RJ";"UOP01-DEL06-RJ"
123230;2018-04-04;"quarta-feira";"20:00:00";"SC";101;237,9;"PALHOCA";"Falta de Atenção à Condução";"Saída de leito carroçável";"Com Vítimas Feridas";"Plena Noite";"Crescente";"Chuva";"Dupla";"Reta";"Sim";2;0;1;0;1;0;1;1;-27,8444;-48,6354;"SPRF-SC";"DEL01-SC";"UOP02-DEL01-SC"
123231;2018-04-04;"quarta-feira";"19:15:00";"RS";116;243,5;"SAO LEOPOLDO";"Velocidade Incompatível";"Colisão traseira";"Com Vítimas Feridas";"Plena Noite";"Crescente";"Nublado";"Dupla";"Viaduto";"Sim";2;0;1;0;1;0;1;2;-29,731962;-51,149521;"SPRF-RS";"DEL01-RS";"UOP02-DEL01-RS"
123232;2018-04-04;"quarta-feira";"19:20:00";"PA";308;157,2;"CAPANEMA";"Falta de Atenção à Condução";"Saída de leito carroçável";"Com Vítimas Feridas";"Plena Noite";"Crescente";"Céu Claro";"Simples";"Reta";"Não";1;0;1;0;0;0;1;1;-1,21115247;-47,12834358;"SPRF-PA";"DEL01-PA";"UOP03-DEL01-PA"
123233;2018-04-04;"quarta-feira";"16:15:00";"SC";282;643,1;"SAO MIGUEL DO OESTE";"Desobediência às normas de trânsito pelo condutor";"Colisão lateral";"Com Vítimas Feridas";"Pleno dia";"Decrescente";"Céu Claro";"Simples";"Reta";"Não";2;0;0;1;1;0;1;2;-26,76903829;-53,47000837;"SPRF-SC";"DEL07-SC";"UOP03-DEL07-SC"
123234;2018-04-04;"quarta-feira";"18:40:00";"GO";50;280,6;"CATALAO";"Falta de Atenção à Condução";"Colisão transversal";"Com Vítimas Feridas";"Anoitecer";"Decrescente";"Nublado";"Simples";"Rotatória";"Sim";2;0;1;0;1;0;1;2;-18,1784;-47,9362;"SPRF-GO";"DEL06-GO";"UOP01-DEL06-GO"
123236;2018-04-04;"quarta-feira";"18:05:00";"SC";163;2;"DIONISIO CERQUEIRA";"Falta de Atenção à Condução";"Colisão transversal";"Com Vítimas Feridas";"Anoitecer";"Crescente";"Sol";"Simples";"Reta";"Não";2;0;1;0;1;0;1;2;-26,26676786;-53,62663681;"SPRF-SC";"DEL07-SC";"UOP04-DEL07-SC"
123238;2018-04-04;"quarta-feira";"20:10:00";"GO";60;458;"JATAI";"Falta de Atenção à Condução";"Saída de leito carroçável";"Com Vítimas Feridas";"Plena Noite";"Crescente";"Nublado";"Dupla";"Reta";"Não";2;0;2;0;0;0;2;1;-17,8796049;-51,7206735;"SPRF-GO";"DEL05-GO";"UOP01-DEL05-GO"
123240;2018-04-04;"quarta-feira";"18:30:00";"ES";101;282,8;"CARIACICA";"Condutor Dormindo";"Saída de leito carroçável";"Com Vítimas Feridas";"Plena Noite";"Decrescente";"Chuva";"Dupla";"Reta";"Sim";1;0;0;1;0;0;1;1;-20,2330411;-40,3682863;"SPRF-ES";"DEL01-ES";"UOP01-DEL01-ES"
123243;2018-03-16;"sexta-feira";"05:30:00";"SC";470;8;"NAVEGANTES";"Não guardar distância de segurança";"Queda de ocupante de veículo";"Com Vítimas Feridas";"Amanhecer";"Decrescente";"Céu Claro";"Simples";"Reta";"Não";1;0;1;0;0;0;1;1;-26,83688;-48,718853;"SPRF-SC";"DEL04-SC";"UOP04-DEL04-SC"
123244;2018-04-04;"quarta-feira";"21:30:00";"MG";459;81,3;"CONGONHAL";"Falta de Atenção do Pedestre";"Atropelamento de Pedestre";"Com Vítimas Feridas";"Plena Noite";"Decrescente";"Nublado";"Simples";"Reta";"Não";2;0;0;1;1;0;1;2;-22,15410001;-46,06891841;"SPRF-MG";"DEL09-MG";"UOP01-DEL09-MG"
123247;2018-04-04;"quarta-feira";"22:40:00";"RS";285;456,5;"IJUI";"Desobediência às normas de trânsito pelo condutor";"Colisão transversal";"Com Vítimas Feridas";"Plena Noite";"Crescente";"Céu Claro";"Simples";"Rotatória";"Sim";2;0;1;0;1;0;1;2;-28,385244;-53,888424;"SPRF-RS";"DEL10-RS";"UOP01-DEL10-RS"
123248;2018-04-04;"quarta-feira";"22:20:00";"SC";470;70,9;"INDAIAL";"Desobediência às normas de trânsito pelo condutor";"Colisão transversal";"Sem Vítimas";"Plena Noite";"Crescente";"Nublado";"Simples";"Rotatória";"Sim";2;0;0;0;2;0;0;2;-26,88343548;-49,24718678;"SPRF-SC";"DEL04-SC";"UOP01-DEL04-SC"
123249;2018-04-04;"quarta-feira";"22:30:00";"RJ";393;165;"TRES RIOS";"Falta de Atenção à Condução";"Colisão frontal";"Com Vítimas Feridas";"Plena Noite";"Decrescente";"Céu Claro";"Simples";"Curva";"Sim";2;0;1;0;1;0;1;2;-22,1209933;-43,157264;"SPRF-RJ";"DEL06-RJ";"UOP01-DEL05-RJ"
123251;2018-04-04;"quarta-feira";"22:30:00";"PR";476;116,3;"COLOMBO";"Ingestão de Álcool";"Colisão traseira";"Sem Vítimas";"Plena Noite";"Crescente";"Céu Claro";"Dupla";"Reta;Interseção de Vias";"Sim";2;0;0;0;2;0;0;2;-25,34893222;-49,16964856;"SPRF-PR";"DEL01-PR";"UOP01-DEL01-PR"
123273;2018-04-04;"quarta-feira";"23:00:00";"RJ";101;292;"ITABORAI";"Agressão Externa";"Colisão traseira";"Sem Vítimas";"Plena Noite";"Crescente";"Chuva";"Dupla";"Reta";"Não";2;0;0;0;2;0;0;2;-22,76497224;-42,87210116;"SPRF-RJ";"DEL02-RJ";"UOP03-DEL02-RJ"
123275;2018-04-05;"quinta-feira";"01:00:00";"ES";101;223;"FUNDAO";"Pista Escorregadia";"Tombamento";"Com Vítimas Feridas";"Plena Noite";"Crescente";"Chuva";"Simples";"Curva";"Não";6;0;1;0;5;0;1;1;-19,86914062;-40,40893936;"SPRF-ES";"DEL02-ES";"UOP01-DEL02-ES"
123276;2018-04-05;"quinta-feira";"00:40:00";"MG";116;442,6;"ENGENHEIRO CALDAS";"Defeito na Via";"Colisão traseira";"Com Vítimas Fatais";"Plena Noite";"Decrescente";"Nublado";"Simples";"Reta";"Não";2;1;0;0;1;0;0;2;-19,0908;-41,99934;"SPRF-MG";"DEL06-MG";"UOP02-DEL06-MG"
123279;2018-04-05;"quinta-feira";"01:00:00";"SC";101;135;"BALNEARIO CAMBORIU";"Falta de Atenção à Condução";"Colisão com objeto estático";"Com Vítimas Feridas";"Plena Noite";"Crescente";"Céu Claro";"Dupla";"Reta";"Sim";1;0;1;0;0;0;1;1;-27,0081;-48,617;"SPRF-SC";"DEL04-SC";"UOP03-DEL04-SC"
123286;2018-04-05;"quinta-feira";"04:00:00";"MS";163;511,6;"JARAGUARI";"Ingestão de Álcool";"Saída de leito carroçável";"Sem Vítimas";"Amanhecer";"Decrescente";"Céu Claro";"Simples";"Reta";"Não";1;0;0;0;1;0;0;1;-20,35106492;-54,5148468;"SPRF-MS";"DEL01-MS";"UOP02-DEL01-MS"
123287;2018-04-05;"quinta-feira";"05:55:00";"RS";290;79;"GRAVATAI";"Falta de Atenção à Condução";"Saída de leito carroçável";"Com Vítimas Feridas";"Amanhecer";"Decrescente";"Céu Claro";"Dupla";"Reta";"Não";1;0;1;0;0;0;1;1;-29,95731421;-51,02325439;"SPRF-RS";"DEL01-RS";"UOP01-DEL01-RS"
123289;2018-04-05;"quinta-feira";"05:20:00";"PR";277;121,8;"CAMPO LARGO";"Ingestão de Álcool";"Saída de leito carroçável";"Com Vítimas Feridas";"Pleno dia";"Decrescente";"Ignorado";"Simples";"Curva";"Sim";3;0;2;0;1;0;2;1;-25,44079439;-49,55932617;"SPRF-PR";"DEL01-PR";"UOP06-DEL01-PR"
123292;2018-04-05;"quinta-feira";"07:00:00";"SE";101;92;"NOSSA SENHORA DO SOCORRO";"Defeito Mecânico no Veículo";"Tombamento";"Com Vítimas Feridas";"Pleno dia";"Decrescente";"Céu Claro";"Dupla";"Reta";"Sim";1;0;1;0;0;0;1;1;-10,8961;-37,1323;"SPRF-SE";"DEL01-SE";"UOP01-DEL01-SE"
123294;2018-04-05;"quinta-feira";"06:50:00";"TO";153;475,1;"PARAISO DO TOCANTINS";"Velocidade Incompatível";"Saída de leito carroçável";"Com Vítimas Feridas";"Pleno dia";"Decrescente";"Céu Claro";"Simples";"Reta;Aclive";"Não";1;0;1;0;0;0;1;1;-10,035693;-48,801073;"SPRF-TO";"DEL02-TO";"UOP01-DEL01-TO"
123295;2018-04-05;"quinta-feira";"06:00:00";"SC";101;161,3;"TIJUCAS";"Falta de Atenção à Condução";"Saída de leito carroçável";"Sem Vítimas";"Amanhecer";"Crescente";"Céu Claro";"Dupla";"Reta";"Não";1;0;0;0;1;0;0;1;-27,2237;-48,6271;"SPRF-SC";"DEL04-SC";"UOP03-DEL04-SC"
123299;2018-04-05;"quinta-feira";"07:40:00";"GO";40;92,8;"CRISTALINA";"Desobediência às normas de trânsito pelo condutor";"Colisão transversal";"Com Vítimas Feridas";"Pleno dia";"Crescente";"Céu Claro";"Simples";"Interseção de Vias";"Não";2;0;1;0;1;0;1;2;-16,730814;-47,626211;"SPRF-DF";"DEL01-DF";"UOP02-DEL01-DF"
123301;2018-04-05;"quinta-feira";"07:30:00";"RS";290;80;"GRAVATAI";"Ingestão de Álcool";"Colisão traseira";"Sem Vítimas";"Pleno dia";"Decrescente";"Nublado";"Dupla";"Reta";"Sim";2;0;0;0;2;0;0;2;-29,95323343;-51,05415964;"SPRF-RS";"DEL01-RS";"UOP01-DEL01-RS"
123304;2018-04-05;"quinta-feira";"08:00:00";"MG";381;936,2;"EXTREMA";"Velocidade Incompatível";"Tombamento";"Com Vítimas Feridas";"Pleno dia";"Crescente";"Sol";"Dupla";"Curva;Declive";"Não";1;0;1;0;0;0;1;1;-22,80844125;-46,27792239;"SPRF-MG";"DEL16-MG";"UOP03-DEL16-MG"
123305;2018-04-05;"quinta-feira";"07:45:00";"SP";153;211,5;"GUAIMBE";"Falta de Atenção à Condução";"Tombamento";"Com Vítimas Feridas";"Pleno dia";"Crescente";"Nublado";"Simples";"Reta";"Não";2;0;1;0;0;1;1;2;-21,917503;-49,915943;"SPRF-SP";"DEL07-SP";"UOP02-DEL07-SP"
123306;2018-04-05;"quinta-feira";"07:58:00";"PR";373;173;"PONTA GROSSA";"Falta de Atenção à Condução";"Colisão transversal";"Com Vítimas Feridas";"Pleno dia";"Crescente";"Céu Claro";"Dupla";"Reta";"Sim";2;0;1;0;1;0;1;2;-25,0804683;-50,20131826;"SPRF-PR";"DEL03-PR";"UOP01-DEL03-PR"
123307;2018-04-05;"quinta-feira";"08:00:00";"MA";10;248;"IMPERATRIZ";"Desobediência às normas de trânsito pelo condutor";"Colisão lateral";"Com Vítimas Feridas";"Pleno dia";"Crescente";"Nublado";"Simples";"Reta";"Sim";4;0;2;0;2;0;2;2;-5,566143;-47,449028;"SPRF-MA";"DEL04-MA";"UOP01-DEL04-MA"
123308;2018-04-05;"quinta-feira";"07:50:00";"ES";101;271;"SERRA";"Desobediência às normas de trânsito pelo condutor";"Colisão transversal";"Com Vítimas Feridas";"Pleno dia";"Decrescente";"Nublado";"Múltipla";"Reta";"Sim";2;0;0;1;1;0;1;2;-20,2325632;-40,28137207;"SPRF-ES";"DEL02-ES";"UOP01-DEL02-ES"
123309;2018-04-05;"quinta-feira";"07:25:00";"SC";163;66,7;"SAO MIGUEL DO OESTE";"Falta de Atenção à Condução";"Colisão transversal";"Com Vítimas Feridas";"Pleno dia";"Crescente";"Céu Claro";"Dupla";"Aclive;Reta";"Sim";2;0;1;0;1;0;1;2;-26,75427606;-53,50062311;"SPRF-SC";"DEL07-SC";"UOP03-DEL07-SC"
123313;2018-04-05;"quinta-feira";"08:20:00";"RJ";493;18;"GUAPIMIRIM";"Desobediência às normas de trânsito pelo condutor";"Colisão frontal";"Com Vítimas Feridas";"Pleno dia";"Decrescente";"Céu Claro";"Simples";"Reta";"Sim";2;0;2;0;0;0;2;2;-22,66344256;-43,04786682;"SPRF-RJ";"DEL04-RJ";"UOP02-DEL04-RJ"
123314;2018-04-05;"quinta-feira";"08:25:00";"SC";101;211,5;"PALHOCA";"Falta de Atenção à Condução";"Queda de ocupante de veículo";"Sem Vítimas";"Pleno dia";"Crescente";"Céu Claro";"Múltipla";"Reta";"Não";2;0;0;0;2;0;0;2;-27,6301;-48,659;"SPRF-SC";"DEL01-SC";"UOP02-DEL01-SC"
123315;2018-04-05;"quinta-feira";"07:00:00";"MG";381;478,6;"CONTAGEM";"Não guardar distância de segurança";"Colisão traseira";"Sem Vítimas";"Pleno dia";"Decrescente";"Céu Claro";"Dupla";"Reta";"Sim";2;0;0;0;2;0;0;2;-19,9643;-44,044;"SPRF-MG";"DEL01-MG";"UOP03-DEL01-MG"
123325;2018-04-05;"quinta-feira";"08:25:00";"SP";116;210;"GUARULHOS";"Desobediência às normas de trânsito pelo condutor";"Colisão traseira";"Com Vítimas Feridas";"Pleno dia";"Crescente";"Céu Claro";"Múltipla";"Reta";"Sim";2;0;1;0;1;0;1;2;-23,4682852;-46,49963379;"SPRF-SP";"DEL01-SP";"UOP01-DEL01-SP"
123332;2018-04-05;"quinta-feira";"08:50:00";"PR";277;729;"FOZ DO IGUACU";"Desobediência às normas de trânsito pelo condutor";"Colisão traseira";"Sem Vítimas";"Pleno dia";"Crescente";"Céu Claro";"Dupla";"Reta";"Sim";3;0;0;0;3;0;0;2;-25,507555;-54,583755;"SPRF-PR";"DEL05-PR";"UOP03-DEL05-PR"
123337;2018-04-05;"quinta-feira";"08:40:00";"PR";476;122;"CURITIBA";"Falta de Atenção à Condução";"Colisão transversal";"Com Vítimas Feridas";"Pleno dia";"Crescente";"Céu Claro";"Múltipla";"Retorno Regulamentado";"Sim";2;0;1;0;1;0;1;2;-25,38993864;-49,20433044;"SPRF-PR";"DEL01-PR";"UOP01-DEL01-PR"
123338;2018-04-05;"quinta-feira";"09:00:00";"PR";153;336,5;"IRATI";"Falta de Atenção à Condução";"Colisão lateral";"Com Vítimas Feridas";"Pleno dia";"Crescente";"Céu Claro";"Simples";"Reta";"Sim";2;0;1;0;1;0;1;2;-25,488941;-50,645088;"SPRF-PR";"DEL03-PR";"UOP02-DEL08-PR"
123339;2018-04-05;"quinta-feira";"08:45:00";"PR";277;702;"SAO MIGUEL DO IGUACU";"Avarias e/ou desgaste excessivo no pneu";"Queda de ocupante de veículo";"Com Vítimas Feridas";"Pleno dia";"Crescente";"Céu Claro";"Dupla";"Reta";"Não";1;0;1;0;0;0;1;1;-25,415606;-54,344807;"SPRF-PR";"DEL05-PR";"UOP01-DEL05-PR"
123341;2018-04-05;"quinta-feira";"08:00:00";"MG";381;930,2;"ITAPEVA";"Falta de Atenção à Condução";"Saída de leito carroçável";"Com Vítimas Feridas";"Pleno dia";"Decrescente";"Céu Claro";"Dupla";"Reta";"Não";1;0;1;0;0;0;1;1;-22,77836273;-46,23954535;"SPRF-MG";"DEL16-MG";"UOP03-DEL16-MG"
123350;2018-04-05;"quinta-feira";"08:45:00";"MG";40;786,9;"JUIZ DE FORA";"Velocidade Incompatível";"Colisão com objeto estático";"Com Vítimas Feridas";"Pleno dia";"Decrescente";"Nublado";"Dupla";"Curva";"Não";1;0;1;0;0;0;1;1;-21,7522;-43,4452;"SPRF-MG";"DEL05-MG";"UOP01-DEL05-MG"
123354;2018-04-05;"quinta-feira";"09:10:00";"PE";232;174,2;"BELO JARDIM";"Falta de Atenção do Pedestre";"Colisão transversal";"Com Vítimas Fatais";"Pleno dia";"Crescente";"Céu Claro";"Simples";"Reta";"Não";2;1;0;1;0;0;1;2;-8,33965485;-36,37685895;"SPRF-PE";"DEL02-PE";"UOP03-DEL02-PE"
123355;2018-04-05;"quinta-feira";"09:30:00";"ES";101;269,2;"SERRA";"Desobediência às normas de trânsito pelo condutor";"Colisão lateral";"Com Vítimas Feridas";"Pleno dia";"Crescente";"Nublado";"Múltipla";"Reta";"Sim";2;0;1;0;1;0;1;2;-20,22;-40,27;"SPRF-ES";"DEL02-ES";"UOP01-DEL02-ES"
123356;2018-04-05;"quinta-feira";"09:10:00";"GO";20;70,9;"FORMOSA";"Desobediência às normas de trânsito pelo condutor";"Colisão frontal";"Com Vítimas Feridas";"Pleno dia";"Crescente";"Céu Claro";"Simples";"Reta";"Não";2;0;0;1;1;0;1;2;-15,169847;-47,143944;"SPRF-DF";"DEL02-DF";"UOP01-DEL02-DF"
123364;2018-04-05;"quinta-feira";"07:50:00";"RJ";101;313;"SAO GONCALO";"Falta de Atenção à Condução";"Queda de ocupante de veículo";"Com Vítimas Feridas";"Pleno dia";"Crescente";"Nublado";"Dupla";"Reta";"Sim";2;0;1;0;1;0;1;1;-22,810507;-43,069859;"SPRF-RJ";"DEL02-RJ";"DEL5/2-UOP04/RJ"
123365;2018-04-05;"quinta-feira";"10:00:00";"RJ";393;169;"TRES RIOS";"Falta de Atenção à Condução";"Colisão lateral";"Com Vítimas Feridas";"Pleno dia";"Crescente";"Céu Claro";"Simples";"Reta";"Sim";3;0;0;1;1;1;1;3;-22,125063;-43,155872;"SPRF-RJ";"DEL06-RJ";"UOP02-DEL05-RJ"
123367;2018-04-05;"quinta-feira";"08:00:00";"PR";369;487;"CORBELIA";"Velocidade Incompatível";"Saída de leito carroçável";"Com Vítimas Feridas";"Pleno dia";"Crescente";"Céu Claro";"Simples";"Curva";"Não";1;0;1;0;0;0;1;1;-24,6901;-53,2359;"SPRF-PR";"DEL04-PR";"UOP03-DEL04-PR"
123368;2018-04-05;"quinta-feira";"08:50:00";"MG";50;57,9;"UBERLANDIA";"Falta de Atenção à Condução";"Saída de leito carroçável";"Com Vítimas Feridas";"Pleno dia";"Decrescente";"Sol";"Dupla";"Declive;Reta";"Não";2;0;1;1;0;0;2;1;-18,79496987;-48,23484331;"SPRF-MG";"DEL15-MG";"UOP02-DEL15-MG"
123372;2018-04-05;"quinta-feira";"09:10:00";"RO";364;118,5;"PIMENTA BUENO";"Defeito na Via";"Colisão com objeto estático";"Com Vítimas Feridas";"Pleno dia";"Decrescente";"Céu Claro";"Simples";"Reta;Aclive";"Não";4;0;1;0;3;0;1;1;-12,137694;-60,727731;"SPRF-RO";"DEL02-RO";"UOP02-DEL02-RO"
123377;2018-04-05;"quinta-feira";"10:45:00";"SC";282;5;"SAO JOSE";"Falta de Atenção à Condução";"Colisão traseira";"Sem Vítimas";"Pleno dia";"Decrescente";"Sol";"Múltipla";"Reta";"Sim";3;0;0;0;3;0;0;3;-27,588425;-48,612919;"SPRF-SC";"DEL01-SC";"UOP01-DEL01-SC"
123382;2018-04-05;"quinta-feira";"08:00:00";"SC";282;40,8;"AGUAS MORNAS";"Desobediência às normas de trânsito pelo condutor";"Colisão frontal";"Com Vítimas Feridas";"Pleno dia";"Decrescente";"Céu Claro";"Simples";"Reta;Interseção de Vias";"Sim";3;0;1;2;0;0;3;2;-27,71708691;-48,87734985;"SPRF-SC";"DEL01-SC";"UOP03-DEL01-SC"
123383;2018-04-05;"quinta-feira";"10:00:00";"PR";116;134,8;"CURITIBA";"Falta de Atenção à Condução";"Colisão lateral";"Com Vítimas Feridas";"Pleno dia";"Decrescente";"Céu Claro";"Dupla";"Reta";"Sim";3;0;1;0;2;0;1;2;-25,483796;-49,265426;"SPRF-PR";"DEL01-PR";"UOP03-DEL01-PR"
123386;2018-04-05;"quinta-feira";"11:00:00";"AL";316;262,4;"SANTA LUZIA DO NORTE";"Falta de Atenção à Condução";"Colisão transversal";"Sem Vítimas";"Pleno dia";"Crescente";"Céu Claro";"Simples";"Interseção de Vias";"Não";2;0;0;0;2;0;0;2;-9,588771;-35,887005;"SPRF-AL";"DEL02-AL";"UOP01-DEL02-AL"
123392;2018-04-05;"quinta-feira";"10:20:00";"PE";101;84;"JABOATAO DOS GUARARAPES";"Não guardar distância de segurança";"Colisão traseira";"Com Vítimas Feridas";"Pleno dia";"Crescente";"Céu Claro";"Dupla";"Reta";"Não";2;0;1;0;1;0;1;2;-8,1816;-34,9613;"SPRF-PE";"DEL01-PE";"UOP03-DEL01-PE"
123397;2018-04-05;"quinta-feira";"09:50:00";"RO";364;713;"PORTO VELHO";"Desobediência às normas de trânsito pelo condutor";"Colisão transversal";"Com Vítimas Feridas";"Pleno dia";"Crescente";"Sol";"Dupla";"Interseção de Vias";"Sim";3;0;2;0;1;0;2;2;-8,77167562;-63,88386726;"SPRF-RO";"DEL01-RO";"UOP01-DEL01-RO"
123410;2018-02-22;"quinta-feira";"02:00:00";"RO";364;420;"JARU";"Defeito Mecânico no Veículo";"Colisão com objeto estático";"Com Vítimas Feridas";"Plena Noite";"Crescente";"Ignorado";"Simples";"Reta";"Sim";1;0;0;1;0;0;1;1;-10,474694;-62,445766;"SPRF-RO";"DEL03-RO";"UOP02-DEL03-RO"
123412;2018-04-05;"quinta-feira";"11:30:00";"BA";324;519;"FEIRA DE SANTANA";"Defeito Mecânico no Veículo";"Queda de ocupante de veículo";"Com Vítimas Feridas";"Pleno dia";"Decrescente";"Céu Claro";"Dupla";"Reta";"Sim";1;0;0;1;0;0;1;1;-12,279498;-38,925877;"SPRF-BA";"DEL01-BA";"UOP01-DEL01-BA"
123413;2018-04-05;"quinta-feira";"12:40:00";"GO";153;514;"APARECIDA DE GOIANIA";"Velocidade Incompatível";"Colisão com objeto estático";"Com Vítimas Feridas";"Pleno dia";"Decrescente";"Céu Claro";"Dupla";"Curva";"Sim";2;0;1;1;0;0;2;1;-16,84003322;-49,24415588;"SPRF-GO";"DEL01-GO";"UOP03-DEL01-GO"
123414;2018-04-05;"quinta-feira";"12:15:00";"TO";230;143,8;"ARAGUATINS";"Desobediência às normas de trânsito pelo condutor";"Colisão transversal";"Com Vítimas Feridas";"Pleno dia";"Crescente";"Céu Claro";"Simples";"Rotatória;Interseção de Vias";"Sim";2;0;0;1;1;0;1;2;-5,72005917;-48,14747572;"SPRF-TO";"DEL02-TO";"UOP03-DEL02-TO"
123415;2018-04-05;"quinta-feira";"12:35:00";"GO";60;92;"ANAPOLIS";"Defeito Mecânico no Veículo";"Tombamento";"Com Vítimas Feridas";"Pleno dia";"Crescente";"Nublado";"Dupla";"Reta";"Sim";2;0;2;0;0;0;2;1;-16,353;-48,9178;"SPRF-GO";"DEL02-GO";"UOP01-DEL02-GO"
123416;2018-04-05;"quinta-feira";"11:30:00";"PR";116;95;"SAO JOSE DOS PINHAIS";"Avarias e/ou desgaste excessivo no pneu";"Queda de ocupante de veículo";"Com Vítimas Feridas";"Pleno dia";"Crescente";"Céu Claro";"Dupla";"Reta";"Não";2;0;2;0;0;0;2;1;-25,52702466;-49,14041248;"SPRF-PR";"DEL01-PR";"UOP07-DEL01-PR"
123417;2018-04-05;"quinta-feira";"12:30:00";"SC";282;2,1;"FLORIANOPOLIS";"Ingestão de Álcool";"Colisão transversal";"Com Vítimas Feridas";"Pleno dia";"Decrescente";"Sol";"Dupla";"Reta";"Sim";3;0;1;0;1;1;1;3;-27,603289;-48,590416;"SPRF-SC";"DEL01-SC";"UOP01-DEL01-SC"