"id";"data_inversa";"dia_semana";"horario";"uf";"br";"km";"municipio";"causa_acidente";"tipo_acidente";"classificacao_acidente";"fase_dia";"sentido_via";"condicao_metereologica";"tipo_pista";"tracado_via";"uso_solo";"pessoas";"mortos";"feridos_leves";"feridos_graves";"ilesos";"ignorados";"feridos";"veiculos";"latitude";"longitude";"regional";"delegacia";"uop"
123418;2018-04-05;"quinta-feira";"13:50:00";"CE";20;327,9;"CARIDADE";"Avarias e/ou desgaste excessivo no pneu";"Tombamento";"Sem Vítimas";"Pleno dia";"Crescente";"Céu Claro";"Simples";"Reta";"Não";2;0;0;0;2;0;0;1;-4,23685606;-39,20333862;"SPRF-CE";"DEL02-CE";"UOP01-DEL02-CE"
123419;2018-04-05;"quinta-feira";"13:00:00";"SC";116;17,8;"MAFRA";"Ultrapassagem Indevida";"Colisão frontal";"Com Vítimas Feridas";"Pleno dia";"Decrescente";"Nublado";"Simples";"Reta";"Não";3;0;0;3;0;0;3;2;-26,22450469;-49,892766;"SPRF-SC";"DEL06-SC";"UOP01-DEL06-SC"
123421;2018-04-05;"quinta-feira";"13:10:00";"GO";60;107,9;"GOIANAPOLIS";"Desobediência às normas de trânsito pelo condutor";"Colisão transversal";"Com Vítimas Feridas";"Pleno dia";"Crescente";"Chuva";"Dupla";"Retorno Regulamentado";"Não";2;0;0;1;1;0;1;2;-16,44493473;-49,01992321;"SPRF-GO";"DEL01-GO";"UOP01-DEL01-GO"
123423;2018-04-05;"quinta-feira";"13:27:00";"DF";20;5;"BRASILIA";"Falta de Atenção à Condução";"Colisão lateral";"Com Vítimas Feridas";"Pleno dia";"Decrescente";"Nublado";"Dupla";"Aclive";"Sim";2;0;1;0;1;0;1;2;-15,679851;-47,832211;"SPRF-DF";"DEL02-DF";"UOP01-DEL02-DF"
123426;2018-04-05;"quinta-feira";"12:58:00";"MG";381;502;"BETIM";"Defeito Mecânico no Veículo";"Tombamento";"Com Vítimas Feridas";"Pleno dia";"Crescente";"Céu Claro";"Dupla";"Reta";"Sim";1;0;1;0;0;0;1;1;-20,0236;-44,2299;"SPRF-MG";"DEL01-MG";"UOP03-DEL01-MG"
123427;2018-04-05;"quinta-feira";"11:50:00";"PR";153;105,9;"IBAITI";"Desobediência às normas de trânsito pelo condutor";"Colisão lateral";"Com Vítimas Feridas";"Pleno dia";"Decrescente";"Céu Claro";"Simples";"Reta";"Sim";2;0;0;1;1;0;1;2;-23,82323506;-50,18402338;"SPRF-PR";"DEL07-PR";"DEL7/7-UOP08/PR"
123460;2018-04-05;"quinta-feira";"14:50:00";"SC";101;210;"SAO JOSE";"Defeito Mecânico no Veículo";"Danos eventuais";"Com Vítimas Feridas";"Pleno dia";"Decrescente";"Nublado";"Múltipla";"Reta";"Sim";3;0;2;0;1;0;2;2;-27,61760772;-48,64619956;"SPRF-SC";"DEL01-SC";"UOP01-DEL01-SC"
123461;2018-04-05;"quinta-feira";"11:25:00";"SC";282;499,4;"XANXERE";"Defeito Mecânico no Veículo";"Tombamento";"Com Vítimas Feridas";"Pleno dia";"Decrescente";"Sol";"Dupla";"Reta";"Não";2;0;2;0;0;0;2;1;-26,88410533;-52,36152649;"SPRF-SC";"DEL07-SC";"UOP01-DEL07-SC"
123462;2018-04-05;"quinta-feira";"14:40:00";"MG";116;277,1;"TEOFILO OTONI";"Falta de Atenção à Condução";"Colisão com objeto estático";"Sem Vítimas";"Pleno dia";"Crescente";"Céu Claro";"Simples";"Reta";"Sim";1;0;0;0;1;0;0;1;-17,85875634;-41,51254306;"SPRF-MG";"DEL11-MG";"UOP01-DEL11-MG"
123464;2018-04-05;"quinta-feira";"14:20:00";"PI";316;4,5;"TERESINA";"Falta de Atenção do Pedestre";"Atropelamento de Pedestre";"Com Vítimas Fatais";"Pleno dia";"Crescente";"Céu Claro";"Múltipla";"Reta";"Sim";2;1;0;0;0;1;0;2;-5,136601;-42,788982;"SPRF-PI";"DEL01-PI";"UOP02-DEL01-PI"
123476;2018-04-05;"quinta-feira";"15:40:00";"SP";116;151,7;"SAO JOSE DOS CAMPOS";"Avarias e/ou desgaste excessivo no pneu";"Tombamento";"Com Vítimas Feridas";"Pleno dia";"Decrescente";"Céu Claro";"Dupla";"Reta";"Sim";1;0;1;0;0;0;1;1;-23,224188;-45,904741;"SPRF-SP";"DEL02-SP";"UOP01-DEL02-SP"
123480;2018-04-05;"quinta-feira";"16:20:00";"CE";20;406;"CAUCAIA";"Desobediência às normas de trânsito pelo condutor";"Colisão lateral";"Com Vítimas Feridas";"Pleno dia";"Crescente";"Céu Claro";"Dupla";"Viaduto";"Não";2;0;2;0;0;0;2;2;-3,7678315;-38,6642796;"SPRF-CE";"DEL01-CE";"UOP01-DEL01-CE"
123483;2018-04-05;"quinta-feira";"16:55:00";"PE";101;79;"RECIFE";"Falta de Atenção à Condução";"Atropelamento de Pedestre";"Com Vítimas Feridas";"Pleno dia";"Crescente";"Céu Claro";"Dupla";"Reta";"Não";2;0;2;0;0;0;2;2;-8,1533;-34,9421;"SPRF-PE";"DEL01-PE";"UOP01-DEL01-PE"
123487;2018-04-01;"domingo";"22:00:00";"RJ";40;82;"PETROPOLIS";"Falta de Atenção à Condução";"Colisão traseira";"Com Vítimas Feridas";"Plena Noite";"Crescente";"Céu Claro";"Simples";"Curva";"Sim";2;0;1;0;1;0;1;2;-22,54947912;-43,23047165;"SPRF-RJ";"DEL06-RJ";"UOP01-DEL06-RJ"
123489;2018-04-05;"quinta-feira";"13:30:00";"MT";70;685,5;"CACERES";"Falta de Atenção à Condução";"Colisão lateral";"Com Vítimas Feridas";"Pleno dia";"Crescente";"Céu Claro";"Simples";"Reta";"Não";2;0;1;0;1;0;1;2;-16,20420741;-57,3978889;"SPRF-MT";"DEL03-MT";"UOP02-DEL03-MT"
123490;2018-04-05;"quinta-feira";"16:25:00";"MG";116;115;"ITAOBIM";"Falta de Atenção à Condução";"Colisão frontal";"Com Vítimas Feridas";"Pleno dia";"Crescente";"Céu Claro";"Simples";"Túnel";"Sim";2;0;1;0;1;0;1;2;-16,56775769;-41,50634766;"SPRF-MG";"DEL11-MG";"UOP02-DEL11-MG"
123495;2018-04-05;"quinta-feira";"17:30:00";"MT";70;7,1;"BARRA DO GARCAS";"Animais na Pista";"Atropelamento de Animal";"Com Vítimas Feridas";"Anoitecer";"Decrescente";"Céu Claro";"Simples";"Reta";"Não";1;0;1;0;0;0;1;1;-15,8781;-52,3181;"SPRF-MT";"DEL07-MT";"UOP01-DEL07-MT"
123497;2018-04-05;"quinta-feira";"17:30:00";"MG";381;575,8;"ITAGUARA";"Defeito Mecânico no Veículo";"Saída de leito carroçável";"Sem Vítimas";"Anoitecer";"Crescente";"Céu Claro";"Dupla";"Declive;Reta";"Não";1;0;0;0;1;0;0;1;-20,453735;-44,569278;"SPRF-MG";"DEL04-MG";"UOP03-DEL04-MG"
123498;2018-04-05;"quinta-feira";"17:00:00";"CE";20;429,1;"FORTALEZA";"Defeito na Via";"Tombamento";"Com Vítimas Feridas";"Anoitecer";"Decrescente";"Céu Claro";"Dupla";"Reta";"Não";1;0;1;0;0;0;1;1;-3,87076289;-38,50072861;"SPRF-CE";"DEL01-CE";"UOP02-DEL01-CE"
123499;2018-04-05;"quinta-feira";"18:05:00";"MA";10;248,5;"IMPERATRIZ";"Desobediência às normas de trânsito pelo condutor";"Colisão frontal";"Com Vítimas Feridas";"Anoitecer";"Crescente";"Céu Claro";"Simples";"Reta";"Sim";2;0;1;0;0;1;1;2;-5,562026;-47,45178;"SPRF-MA";"DEL04-MA";"UOP01-DEL04-MA"
123500;2018-04-05;"quinta-feira";"18:10:00";"PE";101;68;"RECIFE";"Desobediência às normas de trânsito pelo condutor";"Colisão frontal";"Com Vítimas Feridas";"Plena Noite";"Crescente";"Céu Claro";"Dupla";"Reta;Viaduto";"Sim";3;0;0;3;0;0;3;2;-8,0595;-34,9458;"SPRF-PE";"DEL01-PE";"UOP01-DEL01-PE"
123503;2018-04-05;"quinta-feira";"17:20:00";"PR";369;188;"ARAPONGAS";"Falta de Atenção à Condução";"Colisão com objeto estático";"Com Vítimas Feridas";"Pleno dia";"Decrescente";"Céu Claro";"Dupla";"Reta";"Sim";1;0;1;0;0;0;1;1;-23,43583;-51,422023;"SPRF-PR";"DEL07-PR";"UOP03-DEL07-PR"
123504;2018-04-05;"quinta-feira";"18:15:00";"SC";101;217,8;"PALHOCA";"Falta de Atenção à Condução";"Colisão traseira";"Com Vítimas Feridas";"Anoitecer";"Crescente";"Nublado";"Dupla";"Reta";"Não";2;0;1;0;1;0;1;2;-27,6771;-48,67;"SPRF-SC";"DEL01-SC";"UOP02-DEL01-SC"
123506;2018-04-05;"quinta-feira";"17:10:00";"MA";230;406,9;"BALSAS";"Desobediência às normas de trânsito pelo condutor";"Colisão frontal";"Com Vítimas Feridas";"Pleno dia";"Decrescente";"Céu Claro";"Simples";"Rotatória";"Sim";2;0;1;0;1;0;1;2;-7,5195563;-46,064422;"SPRF-MA";"DEL05-MA";"UOP01-DEL05-MA"
123507;2018-04-05;"quinta-feira";"18:20:00";"ES";101;142,5;"LINHARES";"Falta de Atenção à Condução";"Colisão transversal";"Com Vítimas Feridas";"Plena Noite";"Decrescente";"Nublado";"Simples";"Reta";"Sim";2;0;0;1;1;0;1;2;-19,33303256;-40,06835103;"SPRF-ES";"DEL04-ES";"UOP01-DEL04-ES"
123508;2018-04-05;"quinta-feira";"17:40:00";"MG";40;493,4;"ESMERALDAS";"Velocidade Incompatível";"Colisão com objeto estático";"Com Vítimas Feridas";"Anoitecer";"Decrescente";"Chuva";"Dupla";"Curva";"Não";1;0;1;0;0;0;1;1;-19,6585;-44,1981;"SPRF-MG";"DEL02-MG";"UOP01-DEL02-MG"
123509;2018-04-05;"quinta-feira";"18:20:00";"RS";470;215;"BENTO GONCALVES";"Falta de Atenção à Condução";"Colisão transversal";"Com Vítimas Feridas";"Pleno dia";"Decrescente";"Céu Claro";"Simples";"Reta";"Sim";2;0;1;0;1;0;1;2;-29,159697;-51,5253571;"SPRF-RS";"DEL06-RS";"UOP01-DEL06-RS"
123510;2018-04-05;"quinta-feira";"17:20:00";"SC";163;87,1;"GUARACIABA";"Falta de Atenção à Condução";"Tombamento";"Sem Vítimas";"Pleno dia";"Crescente";"Céu Claro";"Simples";"Reta;Aclive;Em Obras";"Não";1;0;0;0;0;1;0;1;-26,590231;-53,515743;"SPRF-SC";"DEL07-SC";"UOP03-DEL07-SC"
123511;2018-04-05;"quinta-feira";"18:00:00";"SC";101;206;"SAO JOSE";"Não guardar distância de segurança";"Queda de ocupante de veículo";"Com Vítimas Feridas";"Plena Noite";"Crescente";"Chuva";"Múltipla";"Reta";"Sim";1;0;0;1;0;0;1;1;-27,6001;-48,6225;"SPRF-SC";"DEL01-SC";"UOP01-DEL01-SC"
123512;2018-04-05;"quinta-feira";"18:00:00";"PR";369;186,7;"ARAPONGAS";"Desobediência às normas de trânsito pelo condutor";"Colisão transversal";"Sem Vítimas";"Plena Noite";"Crescente";"Céu Claro";"Simples";"Interseção de Vias";"Sim";2;0;0;0;2;0;0;2;-23,421527;-51,424663;"SPRF-PR";"DEL07-PR";"UOP03-DEL07-PR"
123513;2018-04-05;"quinta-feira";"19:15:00";"GO";50;280,1;"CATALAO";"Falta de Atenção do Pedestre";"Atropelamento de Pedestre";"Com Vítimas Feridas";"Plena Noite";"Crescente";"Nublado";"Simples";"Reta";"Sim";2;0;1;1;0;0;2;2;-18,1784;-47,9362;"SPRF-GO";"DEL06-GO";"UOP01-DEL06-GO"
123514;2018-04-05;"quinta-feira";"19:20:00";"MG";40;805;"MATIAS BARBOSA";"Desobediência às normas de trânsito pelo condutor";"Tombamento";"Com Vítimas Feridas";"Plena Noite";"Crescente";"Nublado";"Dupla";"Reta";"Não";1;0;1;0;0;0;1;1;-21,86404778;-43,36921692;"SPRF-MG";"DEL05-MG";"UOP01-DEL05-MG"
123515;2018-04-05;"quinta-feira";"18:40:00";"PA";308;10;"MARITUBA";"Falta de Atenção à Condução";"Engavetamento";"Com Vítimas Feridas";"Plena Noite";"Decrescente";"Nublado";"Dupla";"Reta";"Sim";6;0;3;0;3;0;3;4;-1,36550134;-48,35840464;"SPRF-PA";"DEL01-PA";"DEL19/1-UOP05/PA"
123519;2018-04-05;"quinta-feira";"17:00:00";"GO";452;187;"ITUMBIARA";"Fenômenos da Natureza";"Saída de leito carroçável";"Com Vítimas Feridas";"Pleno dia";"Crescente";"Chuva";"Dupla";"Reta";"Sim";1;0;1;0;0;0;1;1;-18,38410189;-49,34517077;"SPRF-GO";"DEL03-GO";"UOP02-DEL03-GO"
123523;2018-04-05;"quinta-feira";"15:30:00";"RS";470;217;"BENTO GONCALVES";"Não guardar distância de segurança";"Colisão lateral";"Sem Vítimas";"Pleno dia";"Crescente";"Céu Claro";"Simples";"Rotatória";"Sim";2;0;0;0;2;0;0;2;-29,175096;-51,52312696;"SPRF-RS";"DEL06-RS";"UOP01-DEL06-RS"
123526;2018-04-05;"quinta-feira";"19:20:00";"MG";40;675,9;"CARANDAI";"Falta de Atenção à Condução";"Colisão transversal";"Com Vítimas Feridas";"Plena Noite";"Decrescente";"Nublado";"Simples";"Curva;Interseção de Vias";"Sim";3;0;0;2;1;0;2;2;-21,02122997;-43,78294498;"SPRF-MG";"DEL05-MG";"UOP02-DEL05-MG"
123529;2018-04-05;"quinta-feira";"19:35:00";"PR";272;369,5;"CAMPO MOURAO";"Falta de Atenção à Condução";"Colisão traseira";"Com Vítimas Feridas";"Plena Noite";"Decrescente";"Céu Claro";"Simples";"Reta";"Sim";4;0;2;0;2;0;2;2;-24,05649649;-52,41439819;"SPRF-PR";"DEL04-PR";"UOP03-DEL09-PR"
123530;2018-04-05;"quinta-feira";"19:45:00";"DF";20;11,7;"BRASILIA";"Falta de Atenção à Condução";"Colisão lateral";"Com Vítimas Feridas";"Plena Noite";"Crescente";"Céu Claro";"Dupla";"Reta";"Sim";2;0;1;0;1;0;1;2;-15,6441966;-47,75595903;"SPRF-DF";"DEL02-DF";"UOP01-DEL02-DF"
123531;2018-04-05;"quinta-feira";"20:00:00";"BA";324;5,7;"FEIRA DE SANTANA";"Falta de Atenção à Condução";"Queda de ocupante de veículo";"Com Vítimas Feridas";"Plena Noite";"Decrescente";"Céu Claro";"Dupla";"Reta";"Sim";1;0;1;0;0;0;1;1;-12,27962454;-38,98086548;"SPRF-BA";"DEL02-BA";"UOP01-DEL02-BA"
123532;2018-04-05;"quinta-feira";"19:45:00";"PE";408;59,8;"TRACUNHAEM";"Velocidade Incompatível";"Colisão frontal";"Com Vítimas Feridas";"Plena Noite";"Crescente";"Nublado";"Simples";"Curva";"Não";2;0;0;1;1;0;1;2;-7,816017;-35,245392;"SPRF-PE";"DEL01-PE";"UOP01-DEL01-PE"
123539;2018-04-05;"quinta-feira";"19:00:00";"PR";277;729;"FOZ DO IGUACU";"Falta de Atenção à Condução";"Colisão traseira";"Com Vítimas Feridas";"Plena Noite";"Decrescente";"Céu Claro";"Dupla";"Reta";"Sim";2;0;1;0;1;0;1;2;-25,507555;-54,583755;"SPRF-PR";"DEL05-PR";"UOP03-DEL05-PR"
123541;2018-04-05;"quinta-feira";"20:00:00";"MG";40;523;"CONTAGEM";"Falta de Atenção à Condução";"Colisão traseira";"Com Vítimas Feridas";"Plena Noite";"Decrescente";"Chuva";"Dupla";"Reta";"Sim";3;0;0;2;1;0;2;2;-19,87637987;-44,05277527;"SPRF-MG";"DEL01-MG";"UOP03-DEL01-MG"
123543;2018-04-05;"quinta-feira";"19:15:00";"MG";40;519;"CONTAGEM";"Falta de Atenção à Condução";"Queda de ocupante de veículo";"Com Vítimas Feridas";"Plena Noite";"Decrescente";"Chuva";"Dupla";"Curva";"Não";1;0;0;1;0;0;1;1;-19,8511;-44,0724;"SPRF-MG";"DEL01-MG";"UOP03-DEL01-MG"
123544;2018-04-05;"quinta-feira";"19:00:00";"CE";222;101,9;"UMIRIM";"Não guardar distância de segurança";"Colisão transversal";"Sem Vítimas";"Plena Noite";"Decrescente";"Céu Claro";"Simples";"Reta";"Não";2;0;0;0;2;0;0;2;-3,71763404;-39,40246582;"SPRF-CE";"DEL04-CE";"UOP03-DEL04-CE"
123545;2018-04-05;"quinta-feira";"17:30:00";"RJ";101;508;"ANGRA DOS REIS";"Ingestão de Álcool";"Colisão lateral";"Sem Vítimas";"Plena Noite";"Decrescente";"Chuva";"Simples";"Reta";"Sim";2;0;0;0;2;0;0;2;-23,042783;-44,5646561;"SPRF-RJ";"DEL03-RJ";"UOP02-DEL03-RJ"
123550;2018-04-05;"quinta-feira";"19:45:00";"SP";116;56,6;"LORENA";"Falta de Atenção à Condução";"Colisão transversal";"Com Vítimas Feridas";"Plena Noite";"Crescente";"Céu Claro";"Múltipla";"Reta";"Não";2;0;1;0;1;0;1;2;-22,7671548;-45,1305965;"SPRF-SP";"DEL08-SP";"UOP01-DEL08-SP"
123557;2018-04-05;"quinta-feira";"20:01:00";"RJ";101;330;"RIO DE JANEIRO";"Falta de Atenção à Condução";"Colisão lateral";"Com Vítimas Feridas";"Plena Noite";"Decrescente";"Nublado";"Dupla";"Reta";"Não";3;0;2;0;1;0;2;3;-22,86858331;-43,1803894;"SPRF-RJ";"DEL02-RJ";"UOP02-DEL02-RJ"
123558;2018-04-05;"quinta-feira";"21:10:00";"SE";101;93,5;"NOSSA SENHORA DO SOCORRO";"Avarias e/ou desgaste excessivo no pneu";"Tombamento";"Com Vítimas Feridas";"Plena Noite";"Decrescente";"Nublado";"Dupla";"Reta";"Sim";1;0;1;0;0;0;1;1;-10,905048;-37,1237008;"SPRF-SE";"DEL01-SE";"UOP01-DEL01-SE"
123559;2018-04-05;"quinta-feira";"20:40:00";"MG";50;22;"ARAGUARI";"Falta de Atenção à Condução";"Colisão com objeto estático";"Com Vítimas Feridas";"Plena Noite";"Crescente";"Chuva";"Simples";"Reta";"Não";1;0;0;1;0;0;1;1;-18,61501328;-48,07067871;"SPRF-MG";"DEL15-MG";"UOP02-DEL15-MG"
123560;2018-04-05;"quinta-feira";"19:40:00";"RN";110;127,7;"AUGUSTO SEVERO";"Agressão Externa";"Engavetamento";"Com Vítimas Feridas";"Plena Noite";"Decrescente";"Ignorado";"Dupla";"Reta";"Sim";6;0;0;1;5;0;1;3;-5,85920681;-37,30957031;"SPRF-RN";"DEL04-RN";"UOP01-DEL04-RN"
123561;2018-04-05;"quinta-feira";"20:30:00";"MG";365;607,7;"UBERLANDIA";"Desobediência às normas de trânsito pelo condutor";"Colisão transversal";"Com Vítimas Feridas";"Plena Noite";"Decrescente";"Céu Claro";"Simples";"Reta";"Sim";2;0;0;1;0;1;1;2;-18,908964;-48,168448;"SPRF-MG";"DEL15-MG";"UOP01-DEL15-MG"
123563;2018-04-05;"quinta-feira";"21:30:00";"ES";101;296;"CARIACICA";"Falta de Atenção à Condução";"Tombamento";"Com Vítimas Feridas";"Plena Noite";"Crescente";"Nublado";"Múltipla";"Curva";"Não";1;0;1;0;0;0;1;1;-20,34261502;-40,40468562;"SPRF-ES";"DEL01-ES";"UOP01-DEL01-ES"
123564;2018-04-05;"quinta-feira";"20:45:00";"GO";153;441;"ANAPOLIS";"Velocidade Incompatível";"Colisão com objeto estático";"Sem Vítimas";"Plena Noite";"Crescente";"Chuva";"Dupla";"Reta;Aclive";"Sim";2;0;0;0;2;0;0;1;-16,315866;-48,921612;"SPRF-GO";"DEL02-GO";"UOP01-DEL02-GO"
123566;2018-04-05;"quinta-feira";"21:26:00";"PA";316;8;"ANANINDEUA";"Falta de Atenção do Pedestre";"Atropelamento de Pedestre";"Com Vítimas Feridas";"Plena Noite";"Crescente";"Nublado";"Múltipla";"Reta";"Sim";2;0;0;2;0;0;2;2;-1,36629505;-48,37554932;"SPRF-PA";"DEL01-PA";"DEL19/1-UOP05/PA"
123567;2018-04-05;"quinta-feira";"18:40:00";"MT";163;5,9;"ITIQUIRA";"Condutor Dormindo";"Saída de leito carroçável";"Com Vítimas Feridas";"Anoitecer";"Crescente";"Céu Claro";"Dupla";"Reta";"Não";2;0;2;0;0;0;2;1;-17,475046;-54,741474;"SPRF-MT";"DEL02-MT";"DEL2/2-UOP02/MT"
123568;2018-04-05;"quinta-feira";"21:20:00";"RR";174;505,1;"BOA VISTA";"Ingestão de Álcool";"Tombamento";"Com Vítimas Feridas";"Plena Noite";"Decrescente";"Céu Claro";"Dupla";"Rotatória";"Sim";1;0;1;0;0;0;1;1;2,80690264;-60,68987668;"SPRF-RR";"DEL01-RR";"UOP01-DEL01-RR"
123569;2018-04-05;"quinta-feira";"14:15:00";"BA";110;218,7;"NOVA SOURE";"Falta de Atenção à Condução";"Colisão transversal";"Com Vítimas Feridas";"Pleno dia";"Decrescente";"Sol";"Simples";"Reta";"Não";2;0;1;0;1;0;1;2;-11,23228635;-38,48304749;"SPRF-BA";"DEL07-BA";"UOP02-DEL07-BA"
123573;2018-04-05;"quinta-feira";"20:40:00";"BA";407;4;"JUAZEIRO";"Falta de Atenção à Condução";"Colisão transversal";"Com Vítimas Feridas";"Plena Noite";"Decrescente";"Céu Claro";"Simples";"Interseção de Vias";"Não";2;0;1;0;1;0;1;2;-9,44364315;-40,49354553;"SPRF-PE";"DEL06-PE";"UOP01-DEL06-PE"
123577;2018-04-05;"quinta-feira";"22:30:00";"DF";60;4,7;"BRASILIA";"Falta de Atenção à Condução";"Colisão transversal";"Sem Vítimas";"Plena Noite";"Decrescente";"Nublado";"Dupla";"Reta";"Sim";2;0;0;0;2;0;0;2;-15,892721;-48,095741;"SPRF-DF";"DEL01-DF";"UOP01-DEL03-DF"
123588;2018-04-05;"quinta-feira";"15:00:00";"RJ";40;94;"PETROPOLIS";"Velocidade Incompatível";"Queda de ocupante de veículo";"Com Vítimas Feridas";"Pleno dia";"Decrescente";"Sol";"Simples";"Curva";"Sim";1;0;1;0;0;0;1;1;-22,57447386;-43,24562073;"SPRF-RJ";"DEL06-RJ";"UOP01-DEL06-RJ"
123591;2018-04-06;"sexta-feira";"00:00:00";"BA";324;518;"FEIRA DE SANTANA";"Desobediência às normas de trânsito pelo condutor";"Colisão frontal";"Com Vítimas Feridas";"Plena Noite";"Crescente";"Céu Claro";"Simples";"Reta";"Sim";2;0;0;1;1;0;1;2;-12,23668114;-38,94241333;"SPRF-BA";"DEL01-BA";"UOP01-DEL01-BA"
123592;2018-04-06;"sexta-feira";"00:10:00";"ES";262;46,6;"MARECHAL FLORIANO";"Desobediência às normas de trânsito pelo condutor";"Colisão transversal";"Com Vítimas Feridas";"Plena Noite";"Crescente";"Garoa/Chuvisco";"Simples";"Reta";"Sim";4;0;1;0;3;0;1;2;-20,41076348;-40,67734569;"SPRF-ES";"DEL01-ES";"UOP01-DEL01-ES"
123596;2018-04-06;"sexta-feira";"00:30:00";"MG";381;378,2;"SAO GONCALO DO RIO ABAIXO";"Velocidade Incompatível";"Saída de leito carroçável";"Com Vítimas Feridas";"Plena Noite";"Crescente";"Garoa/Chuvisco";"Simples";"Curva";"Não";3;0;3;0;0;0;3;1;-19,84164356;-43,19274902;"SPRF-MG";"DEL01-MG";"UOP01-DEL01-MG"
123598;2018-04-06;"sexta-feira";"00:30:00";"RO";364;426,2;"JARU";"Ingestão de Álcool";"Saída de leito carroçável";"Com Vítimas Feridas";"Plena Noite";"Crescente";"Nublado";"Simples";"Reta";"Sim";1;0;1;0;0;0;1;1;-10,432428;-62,479607;"SPRF-RO";"DEL03-RO";"UOP02-DEL03-RO"
123599;2018-04-06;"sexta-feira";"01:45:00";"GO";40;24,2;"LUZIANIA";"Falta de Atenção à Condução";"Colisão com objeto estático";"Sem Vítimas";"Plena Noite";"Crescente";"Nublado";"Dupla";"Reta";"Sim";1;0;0;0;1;0;0;1;-16,245497;-47,906412;"SPRF-DF";"DEL01-DF";"UOP01-DEL01-DF"
123605;2018-04-06;"sexta-feira";"03:50:00";"PR";476;273,9;"SAO MATEUS DO SUL";"Ingestão de Álcool";"Colisão frontal";"Sem Vítimas";"Plena Noite";"Crescente";"Céu Claro";"Simples";"Curva";"Sim";2;0;0;0;2;0;0;2;-25,894287;-50,368565;"SPRF-PR";"DEL02-PR";"UOP04-DEL02-PR"
123606;2018-04-05;"quinta-feira";"16:40:00";"ES";262;59;"MARECHAL FLORIANO";"Desobediência às normas de trânsito pelo condutor";"Tombamento";"Com Vítimas Feridas";"Pleno dia";"Crescente";"Nublado";"Simples";"Reta";"Não";1;0;1;0;0;0;1;1;-20,42228728;-40,77644885;"SPRF-ES";"DEL01-ES";"UOP01-DEL01-ES"
123607;2018-04-06;"sexta-feira";"04:00:00";"RR";174;508;"BOA VISTA";"Ingestão de Álcool";"Saída de leito carroçável";"Sem Vítimas";"Plena Noite";"Crescente";"Céu Claro";"Simples";"Reta";"Sim";1;0;0;0;1;0;0;1;2,833387;-60,69979;"SPRF-RR";"DEL01-RR";"UOP01-DEL01-RR"
123612;2018-04-06;"sexta-feira";"05:50:00";"PE";101;51;"ABREU E LIMA";"Falta de Atenção à Condução";"Colisão lateral";"Com Vítimas Feridas";"Pleno dia";"Crescente";"Céu Claro";"Múltipla";"Reta";"Sim";3;0;2;0;1;0;2;2;-7,9244;-34,8965;"SPRF-PE";"DEL01-PE";"UOP02-DEL01-PE"
123613;2018-04-06;"sexta-feira";"06:05:00";"BA";324;614;"SALVADOR";"Falta de Atenção à Condução";"Colisão traseira";"Com Vítimas Feridas";"Pleno dia";"Decrescente";"Nublado";"Dupla";"Reta";"Sim";3;0;3;0;0;0;3;3;-12,87175149;-38,42669968;"SPRF-BA";"DEL01-BA";"UOP01-DEL01-BA"
123614;2018-04-06;"sexta-feira";"06:00:00";"PA";230;599;"VITORIA DO XINGU";"Defeito na Via";"Saída de leito carroçável";"Com Vítimas Feridas";"Amanhecer";"Decrescente";"Chuva";"Simples";"Reta";"Não";2;0;1;1;0;0;2;1;-3,14188733;-51,93580627;"SPRF-PA";"DEL04-PA";"UOP01-DEL04-PA"
123615;2018-04-06;"sexta-feira";"06:21:00";"GO";60;101;"GOIANAPOLIS";"Falta de Atenção à Condução";"Colisão com objeto estático";"Com Vítimas Feridas";"Amanhecer";"Decrescente";"Nublado";"Dupla";"Reta";"Sim";1;0;1;0;0;0;1;1;-16,406;-48,9831;"SPRF-GO";"DEL02-GO";"UOP01-DEL02-GO"
123625;2018-04-06;"sexta-feira";"06:30:00";"RJ";116;189;"QUEIMADOS";"Falta de Atenção à Condução";"Queda de ocupante de veículo";"Com Vítimas Feridas";"Amanhecer";"Crescente";"Céu Claro";"Dupla";"Reta";"Não";2;0;2;0;0;0;2;1;-22,7355282;-43,5431464;"SPRF-RJ";"DEL01-RJ";"UOP03-DEL01-RJ"
123629;2018-04-06;"sexta-feira";"06:23:00";"MG";381;486,3;"BETIM";"Não guardar distância de segurança";"Colisão traseira";"Com Vítimas Feridas";"Amanhecer";"Decrescente";"Nublado";"Múltipla";"Reta";"Sim";2;0;1;0;1;0;1;2;-19,9554;-44,1157;"SPRF-MG";"DEL01-MG";"UOP03-DEL01-MG"
123633;2018-04-06;"sexta-feira";"03:00:00";"RS";287;373,7;"SANTIAGO";"Ingestão de Álcool";"Saída de leito carroçável";"Sem Vítimas";"Plena Noite";"Decrescente";"Céu Claro";"Simples";"Curva";"Não";3;0;0;0;3;0;0;1;-29,35345167;-54,76409912;"SPRF-RS";"DEL12-RS";"UOP02-DEL12-RS"
123634;2018-04-06;"sexta-feira";"07:00:00";"PR";376;179;"MARINGA";"Falta de Atenção à Condução";"Colisão com objeto em movimento";"Com Vítimas Feridas";"Pleno dia";"Decrescente";"Céu Claro";"Múltipla";"Reta";"Não";2;0;1;0;1;0;1;2;-23,427254;-51,895123;"SPRF-PR";"DEL07-PR";"UOP01-DEL09-PR"