"id";"data_inversa";"dia_semana";"horario";"uf";"br";"km";"municipio";"causa_acidente";"tipo_acidente";"classificacao_acidente";"fase_dia";"sentido_via";"condicao_metereologica";"tipo_pista";"tracado_via";"uso_solo";"pessoas";"mortos";"feridos_leves";"feridos_graves";"ilesos";"ignorados";"feridos";"veiculos";"latitude";"longitude";"regional";"delegacia";"uop"
123640;2018-04-05;"quinta-feira";"22:40:00";"MG";251;479;"FRANCISCO SA";"Velocidade Incompatível";"Saída de leito carroçável";"Com Vítimas Feridas";"Plena Noite";"Crescente";"Nublado";"Simples";"Declive";"Não";3;0;2;0;1;0;2;2;-16,4684;-43,4855;"SPRF-MG";"DEL12-MG";"UOP01-DEL12-MG"
123642;2018-04-06;"sexta-feira";"06:25:00";"CE";20;198,6;"BOA VIAGEM";"Ultrapassagem Indevida";"Colisão traseira";"Com Vítimas Feridas";"Pleno dia";"Crescente";"Céu Claro";"Simples";"Reta";"Não";3;0;2;0;1;0;2;2;-5,18485425;-39,76092596;"SPRF-CE";"DEL02-CE";"UOP02-DEL02-CE"
123645;2018-04-06;"sexta-feira";"07:30:00";"RS";290;88;"PORTO ALEGRE";"Falta de Atenção à Condução";"Colisão lateral";"Com Vítimas Feridas";"Pleno dia";"Crescente";"Céu Claro";"Múltipla";"Reta";"Não";3;0;2;0;1;0;2;2;-29,967531;-51,137264;"SPRF-RS";"DEL01-RS";"UOP01-DEL01-RS"
123646;2018-04-05;"quinta-feira";"19:45:00";"MG";40;514;"RIBEIRAO DAS NEVES";"Defeito Mecânico no Veículo";"Incêndio";"Sem Vítimas";"Plena Noite";"Decrescente";"Chuva";"Dupla";"Reta";"Sim";1;0;0;0;0;1;0;1;-19,79970163;-44,10198844;"SPRF-MG";"DEL01-MG";"UOP03-DEL01-MG"
123651;2018-04-06;"sexta-feira";"07:25:00";"SC";101;202;"SAO JOSE";"Desobediência às normas de trânsito pelo condutor";"Colisão lateral";"Com Vítimas Feridas";"Pleno dia";"Crescente";"Céu Claro";"Dupla";"Reta";"Sim";2;0;1;0;1;0;1;2;-27,56021584;-48,61736991;"SPRF-SC";"DEL01-SC";"UOP01-DEL01-SC"
123653;2018-04-06;"sexta-feira";"06:55:00";"SP";153;67,1;"SAO JOSE DO RIO PRETO";"Defeito Mecânico no Veículo";"Tombamento";"Com Vítimas Feridas";"Pleno dia";"Crescente";"Céu Claro";"Simples";"Em Obras";"Sim";1;0;1;0;0;0;1;1;-20,85050529;-49,38195437;"SPRF-SP";"DEL09-SP";"UOP01-DEL09-SP"
123655;2018-04-06;"sexta-feira";"06:45:00";"CE";20;428;"FORTALEZA";"Não guardar distância de segurança";"Engavetamento";"Sem Vítimas";"Pleno dia";"Crescente";"Nublado";"Dupla";"Reta";"Sim";4;0;0;0;4;0;0;4;-3,869826;-38,503994;"SPRF-CE";"DEL01-CE";"UOP02-DEL01-CE"
123668;2018-04-05;"quinta-feira";"21:30:00";"SC";282;40,6;"AGUAS MORNAS";"Falta de Atenção à Condução";"Colisão lateral";"Com Vítimas Feridas";"Pleno dia";"Crescente";"Nublado";"Simples";"Curva";"Não";3;0;1;0;2;0;1;2;-27,71416916;-48,87597655;"SPRF-SC";"DEL01-SC";"UOP03-DEL01-SC"
123685;2018-04-06;"sexta-feira";"07:40:00";"PE";101;78;"RECIFE";"Desobediência às normas de trânsito pelo condutor";"Colisão frontal";"Com Vítimas Feridas";"Pleno dia";"Crescente";"Nublado";"Simples";"Interseção de Vias";"Sim";2;0;1;0;1;0;1;2;-8,134391;-34,947352;"SPRF-PE";"DEL01-PE";"UOP01-DEL01-PE"
123686;2018-04-06;"sexta-feira";"08:20:00";"SP";116;229;"SAO PAULO";"Não guardar distância de segurança";"Colisão frontal";"Com Vítimas Feridas";"Pleno dia";"Crescente";"Céu Claro";"Múltipla";"Reta";"Sim";2;0;1;0;1;0;1;2;-23,51813638;-46,581745;"SPRF-SP";"DEL01-SP";"UOP01-DEL01-SP"
123693;2018-04-06;"sexta-feira";"08:35:00";"RN";101;106,5;"PARNAMIRIM";"Falta de Atenção à Condução";"Colisão traseira";"Com Vítimas Feridas";"Pleno dia";"Decrescente";"Céu Claro";"Dupla";"Reta";"Sim";3;0;1;0;2;0;1;2;-5,910553;-35,261307;"SPRF-RN";"DEL01-RN";"UOP01-DEL01-RN"
123694;2018-04-06;"sexta-feira";"07:40:00";"MS";163;227;"CAARAPO";"Falta de Atenção à Condução";"Capotamento";"Com Vítimas Feridas";"Pleno dia";"Crescente";"Céu Claro";"Simples";"Curva";"Não";1;0;1;0;0;0;1;1;-22,481866;-54,866156;"SPRF-MS";"DEL04-MS";"UOP02-DEL04-MS"
123698;2018-04-06;"sexta-feira";"06:30:00";"ES";262;51,1;"MARECHAL FLORIANO";"Defeito Mecânico no Veículo";"Saída de leito carroçável";"Com Vítimas Feridas";"Pleno dia";"Crescente";"Nublado";"Simples";"Reta";"Não";1;0;1;0;0;0;1;1;-20,41929101;-40,6986165;"SPRF-ES";"DEL01-ES";"UOP01-DEL01-ES"
123699;2018-04-06;"sexta-feira";"08:20:00";"BA";242;766;"BARREIRAS";"Falta de Atenção à Condução";"Saída de leito carroçável";"Com Vítimas Feridas";"Pleno dia";"Crescente";"Chuva";"Simples";"Curva";"Não";3;0;1;0;2;0;1;1;-12,139386;-44,790613;"SPRF-BA";"DEL10-BA";"UOP01-DEL10-BA"
123700;2018-04-06;"sexta-feira";"08:45:00";"SE";235;6;"NOSSA SENHORA DO SOCORRO";"Falta de Atenção à Condução";"Engavetamento";"Sem Vítimas";"Pleno dia";"Decrescente";"Céu Claro";"Dupla";"Reta";"Sim";3;0;0;0;3;0;0;3;-10,903851;-37,128677;"SPRF-SE";"DEL01-SE";"UOP01-DEL01-SE"
123701;2018-04-06;"sexta-feira";"04:40:00";"RJ";40;123;"DUQUE DE CAXIAS";"Falta de Atenção à Condução";"Colisão com objeto estático";"Com Vítimas Feridas";"Amanhecer";"Crescente";"Céu Claro";"Dupla";"Reta";"Não";2;0;2;0;0;0;2;1;-22,8061;-43,2894;"SPRF-RJ";"DEL01-RJ";"UOP01-DEL01-RJ"
123705;2018-04-06;"sexta-feira";"08:15:00";"SC";101;206,3;"SAO JOSE";"Falta de Atenção à Condução";"Colisão traseira";"Com Vítimas Feridas";"Pleno dia";"Crescente";"Sol";"Múltipla";"Reta";"Sim";2;0;1;0;1;0;1;2;-27,6001;-48,6225;"SPRF-SC";"DEL01-SC";"UOP01-DEL01-SC"
123712;2018-04-06;"sexta-feira";"07:15:00";"RJ";40;79;"PETROPOLIS";"Não guardar distância de segurança";"Colisão traseira";"Com Vítimas Feridas";"Pleno dia";"Crescente";"Nublado";"Dupla";"Desvio Temporário";"Não";2;0;0;1;1;0;1;2;-22,49757026;-43,22835736;"SPRF-RJ";"DEL06-RJ";"UOP01-DEL06-RJ"
123713;2018-03-25;"domingo";"14:00:00";"MG";381;867;"POUSO ALEGRE";"Falta de Atenção à Condução";"Colisão traseira";"Com Vítimas Feridas";"Pleno dia";"Crescente";"Ignorado";"Dupla";"Reta";"Não";1;0;1;0;0;0;1;1;-22,3776;-45,9421;"SPRF-MG";"DEL16-MG";"UOP01-DEL16-MG"
123717;2018-04-06;"sexta-feira";"08:10:00";"SC";282;516,6;"XAXIM";"Desobediência às normas de trânsito pelo condutor";"Saída de leito carroçável";"Sem Vítimas";"Pleno dia";"Decrescente";"Céu Claro";"Simples";"Curva;Aclive";"Não";1;0;0;0;1;0;0;1;-26,97103761;-52,54966736;"SPRF-SC";"DEL07-SC";"UOP01-DEL07-SC"
123725;2018-04-06;"sexta-feira";"09:15:00";"PE";232;73;"GRAVATA";"Pista Escorregadia";"Saída de leito carroçável";"Sem Vítimas";"Pleno dia";"Decrescente";"Chuva";"Dupla";"Curva";"Não";1;0;0;0;1;0;0;1;-8,1916326;-35,5115515;"SPRF-PE";"DEL01-PE";"UOP02-DEL02PE"
123738;2018-04-06;"sexta-feira";"10:00:00";"ES";101;321;"GUARAPARI";"Falta de Atenção à Condução";"Colisão transversal";"Com Vítimas Feridas";"Pleno dia";"Decrescente";"Nublado";"Simples";"Curva";"Não";5;0;1;3;1;0;4;2;-20,52736096;-40,48324585;"SPRF-ES";"DEL03-ES";"UOP01-DEL03-ES"
123741;2018-04-06;"sexta-feira";"10:00:00";"GO";60;29,2;"ALEXANIA";"Condutor Dormindo";"Saída de leito carroçável";"Com Vítimas Feridas";"Pleno dia";"Decrescente";"Nublado";"Dupla";"Reta;Declive";"Não";1;0;1;0;0;0;1;1;-16,0963;-48,5202;"SPRF-DF";"DEL01-DF";"UOP01-DEL03-DF"
123755;2018-04-06;"sexta-feira";"06:30:00";"PI";343;306,2;"ALTOS";"Falta de Atenção à Condução";"Colisão transversal";"Com Vítimas Feridas";"Pleno dia";"Decrescente";"Céu Claro";"Simples";"Reta";"Sim";1;0;1;0;0;0;1;1;-5,038756;-42,450893;"SPRF-PI";"DEL01-PI";"UOP01-DEL01-PI"
123756;2018-04-06;"sexta-feira";"08:10:00";"MG";40;510,9;"RIBEIRAO DAS NEVES";"Não guardar distância de segurança";"Colisão traseira";"Com Vítimas Feridas";"Pleno dia";"Crescente";"Chuva";"Dupla";"Reta";"Não";2;0;1;1;0;0;2;2;-19,79311424;-44,11107838;"SPRF-MG";"DEL01-MG";"UOP03-DEL01-MG"
123762;2018-04-06;"sexta-feira";"09:40:00";"PE";232;58;"POMBOS";"Pista Escorregadia";"Saída de leito carroçável";"Com Vítimas Feridas";"Pleno dia";"Decrescente";"Chuva";"Simples";"Curva";"Não";1;0;1;0;0;0;1;1;-8,144629;-35,390347;"SPRF-PE";"DEL01-PE";"UOP02-DEL02PE"
123766;2018-04-06;"sexta-feira";"10:50:00";"SE";235;17;"NOSSA SENHORA DO SOCORRO";"Falta de Atenção à Condução";"Colisão frontal";"Com Vítimas Feridas";"Pleno dia";"Crescente";"Nublado";"Simples";"Reta";"Não";2;0;1;0;1;0;1;2;-10,83865666;-37,21821488;"SPRF-SE";"DEL01-SE";"UOP01-DEL01-SE"
123767;2018-04-06;"sexta-feira";"10:40:00";"PA";316;10;"MARITUBA";"Falta de Atenção à Condução";"Colisão traseira";"Com Vítimas Feridas";"Pleno dia";"Crescente";"Sol";"Dupla";"Reta";"Sim";3;0;1;0;2;0;1;3;-1,365636;-48,358788;"SPRF-PA";"DEL01-PA";"DEL19/1-UOP05/PA"
123770;2018-04-06;"sexta-feira";"10:20:00";"SP";153;148,8;"PROMISSAO";"Defeito Mecânico no Veículo";"Capotamento";"Com Vítimas Feridas";"Pleno dia";"Crescente";"Sol";"Simples";"Reta";"Não";2;0;1;0;1;0;1;1;-21,399513;-49,789017;"SPRF-SP";"DEL07-SP";"UOP01-DEL07-SP"
123771;2018-04-06;"sexta-feira";"10:10:00";"MS";163;306,3;"DOURADINA";"Condutor Dormindo";"Saída de leito carroçável";"Com Vítimas Feridas";"Pleno dia";"Crescente";"Céu Claro";"Simples";"Reta";"Não";3;0;2;1;0;0;3;1;-21,92879414;-54,53450203;"SPRF-MS";"DEL02-MS";"UOP02-DEL02-MS"
123776;2018-04-06;"sexta-feira";"11:10:00";"SP";153;70;"SAO JOSE DO RIO PRETO";"Ingestão de Álcool";"Colisão traseira";"Sem Vítimas";"Pleno dia";"Decrescente";"Sol";"Simples";"Aclive;Reta;Em Obras";"Não";3;0;0;0;3;0;0;2;-20,85724778;-49,4061023;"SPRF-SP";"DEL09-SP";"UOP01-DEL09-SP"
123779;2018-04-06;"sexta-feira";"11:30:00";"PR";373;229,6;"IMBITUVA";"Falta de Atenção à Condução";"Colisão transversal";"Com Vítimas Feridas";"Pleno dia";"Decrescente";"Sol";"Simples";"Interseção de Vias";"Não";2;0;0;1;1;0;1;2;-25,17846149;-50,65282255;"SPRF-PR";"DEL03-PR";"UOP01-DEL03-PR"
123781;2018-04-06;"sexta-feira";"11:40:00";"SP";116;226;"GUARULHOS";"Não guardar distância de segurança";"Colisão traseira";"Com Vítimas Feridas";"Pleno dia";"Decrescente";"Sol";"Múltipla";"Reta";"Sim";2;0;1;0;0;1;1;2;-23,49601522;-46,55570269;"SPRF-SP";"DEL01-SP";"UOP01-DEL01-SP"
123782;2018-04-06;"sexta-feira";"09:00:00";"SC";280;130,7;"RIO NEGRINHO";"Desobediência às normas de trânsito pelo condutor";"Colisão transversal";"Com Vítimas Feridas";"Pleno dia";"Decrescente";"Nublado";"Simples";"Reta";"Não";2;0;1;0;1;0;1;2;-26,25378839;-49,53301102;"SPRF-SC";"DEL06-SC";"UOP03-DEL06-SC"
123789;2018-04-06;"sexta-feira";"10:20:00";"RJ";116;271,5;"BARRA MANSA";"Desobediência às normas de trânsito pelo condutor";"Colisão transversal";"Sem Vítimas";"Pleno dia";"Crescente";"Céu Claro";"Dupla";"Interseção de Vias";"Não";3;0;0;0;3;0;0;2;-22,55504987;-44,17322516;"SPRF-RJ";"DEL07-RJ";"UOP02-DEL07-RJ"
123791;2018-04-06;"sexta-feira";"12:20:00";"TO";153;500;"PARAISO DO TOCANTINS";"Avarias e/ou desgaste excessivo no pneu";"Saída de leito carroçável";"Com Vítimas Feridas";"Pleno dia";"Decrescente";"Nublado";"Simples";"Reta";"Não";1;0;1;0;0;0;1;1;-10,200766;-48,874241;"SPRF-TO";"DEL02-TO";"UOP01-DEL01-TO"
123792;2018-04-06;"sexta-feira";"12:34:00";"PR";153;43;"SANTO ANTONIO DA PLATINA";"Falta de Atenção à Condução";"Tombamento";"Com Vítimas Feridas";"Pleno dia";"Crescente";"Céu Claro";"Dupla";"Reta";"Sim";1;0;0;1;0;0;1;1;-23,30820736;-50,06720781;"SPRF-PR";"DEL07-PR";"UOP04-DEL07-PR"
123793;2018-04-06;"sexta-feira";"13:00:00";"PE";408;46,5;"NAZARE DA MATA";"Pista Escorregadia";"Colisão frontal";"Com Vítimas Fatais";"Pleno dia";"Crescente";"Chuva";"Simples";"Curva";"Não";4;2;2;0;0;0;2;2;-7,704064;-35,244793;"SPRF-PE";"DEL01-PE";"UOP01-DEL01-PE"
123795;2018-04-06;"sexta-feira";"12:30:00";"PR";277;593;"CASCAVEL";"Ingestão de Álcool";"Colisão transversal";"Sem Vítimas";"Pleno dia";"Decrescente";"Céu Claro";"Simples";"Reta";"Não";2;0;0;0;2;0;0;2;-24,979589;-53,491376;"SPRF-PR";"DEL04-PR";"UOP01-DEL04-PR"
123796;2018-04-06;"sexta-feira";"09:15:00";"PR";163;98,9;"CAPANEMA";"Defeito Mecânico no Veículo";"Incêndio";"Sem Vítimas";"Pleno dia";"Decrescente";"Céu Claro";"Simples";"Reta;Aclive";"Não";1;0;0;0;1;0;0;1;-25,604873;-53,779071;"SPRF-PR";"DEL02-PR";"UOP02-DEL02-PR"
123797;2018-04-06;"sexta-feira";"12:40:00";"MG";365;632;"UBERLANDIA";"Ingestão de Álcool";"Saída de leito carroçável";"Sem Vítimas";"Pleno dia";"Decrescente";"Céu Claro";"Dupla";"Reta";"Não";1;0;0;0;1;0;0;1;-18,904;-48,3429;"SPRF-MG";"DEL15-MG";"UOP01-DEL15-MG"
123798;2018-04-06;"sexta-feira";"13:16:00";"MA";135;1,5;"SAO LUIS";"Falta de Atenção à Condução";"Colisão traseira";"Sem Vítimas";"Pleno dia";"Crescente";"Céu Claro";"Dupla";"Reta";"Não";3;0;0;0;3;0;0;3;-2,58492236;-44,24288213;"SPRF-MA";"DEL01-MA";"UOP01-DEL01-MA"
123799;2018-04-06;"sexta-feira";"12:55:00";"RS";116;230;"DOIS IRMAOS";"Falta de Atenção à Condução";"Tombamento";"Com Vítimas Feridas";"Pleno dia";"Crescente";"Céu Claro";"Simples";"Reta";"Não";1;0;1;0;0;0;1;1;-29,62083872;-51,12703443;"SPRF-RS";"DEL01-RS";"UOP02-DEL01-RS"
123802;2018-04-06;"sexta-feira";"10:35:00";"MG";116;488,8;"INHAPIM";"Falta de Atenção à Condução";"Colisão lateral";"Com Vítimas Feridas";"Pleno dia";"Crescente";"Chuva";"Simples";"Curva";"Não";3;0;1;0;2;0;1;2;-19,45289522;-42,12949991;"SPRF-MG";"DEL06-MG";"UOP02-DEL06-MG"
123803;2018-04-06;"sexta-feira";"13:10:00";"GO";50;106;"CRISTALINA";"Velocidade Incompatível";"Colisão com objeto estático";"Com Vítimas Feridas";"Pleno dia";"Crescente";"Céu Claro";"Dupla";"Curva";"Não";1;0;1;0;0;0;1;1;-16,82054896;-47,67444138;"SPRF-DF";"DEL01-DF";"UOP02-DEL01-DF"
123818;2018-04-06;"sexta-feira";"09:44:00";"RJ";101;322;"NITEROI";"Falta de Atenção à Condução";"Colisão traseira";"Sem Vítimas";"Pleno dia";"Decrescente";"Céu Claro";"Dupla";"Reta";"Sim";2;0;0;0;2;0;0;2;-22,878923;-43,110676;"SPRF-RJ";"DEL02-RJ";"UOP02-DEL02-RJ"
123819;2018-04-06;"sexta-feira";"13:35:00";"PR";277;572,3;"CASCAVEL";"Desobediência às normas de trânsito pelo condutor";"Colisão transversal";"Com Vítimas Feridas";"Pleno dia";"Crescente";"Céu Claro";"Simples";"Curva";"Não";2;0;1;0;1;0;1;2;-24,9977;-53,2973;"SPRF-PR";"DEL04-PR";"UOP01-DEL04-PR"
123820;2018-04-06;"sexta-feira";"13:20:00";"MG";267;200,9;"BOM JARDIM DE MINAS";"Falta de Atenção à Condução";"Saída de leito carroçável";"Com Vítimas Feridas";"Pleno dia";"Crescente";"Chuva";"Simples";"Curva";"Não";2;0;2;0;0;0;2;1;-21,93667637;-44,08624649;"SPRF-MG";"DEL05-MG";"UOP01-DEL05-MG"
123824;2018-04-06;"sexta-feira";"08:30:00";"ES";262;1,4;"CARIACICA";"Falta de Atenção à Condução";"Colisão lateral";"Com Vítimas Feridas";"Pleno dia";"Decrescente";"Céu Claro";"Múltipla";"Reta";"Não";2;0;1;0;1;0;1;2;-20,3286;-40,355;"SPRF-ES";"DEL01-ES";"UOP01-DEL01-ES"
123826;2018-04-06;"sexta-feira";"12:18:00";"ES";262;6,8;"CARIACICA";"Falta de Atenção do Pedestre";"Atropelamento de Pedestre";"Com Vítimas Feridas";"Pleno dia";"Decrescente";"Nublado";"Múltipla";"Reta";"Sim";2;0;1;0;0;1;1;2;-20,34205168;-40,40084839;"SPRF-ES";"DEL01-ES";"UOP01-DEL01-ES"
123827;2018-04-06;"sexta-feira";"14:00:00";"MG";262;57;"MANHUACU";"Falta de Atenção à Condução";"Colisão traseira";"Com Vítimas Feridas";"Pleno dia";"Decrescente";"Chuva";"Simples";"Reta";"Sim";3;0;1;0;2;0;1;2;-20,271954;-42,189331;"SPRF-MG";"DEL06-MG";"UOP03-DEL06-MG"
123828;2018-04-06;"sexta-feira";"13:30:00";"SC";116;221;"CORREIA PINTO";"Desobediência às normas de trânsito pelo condutor";"Colisão lateral";"Sem Vítimas";"Pleno dia";"Decrescente";"Céu Claro";"Simples";"Reta";"Não";2;0;0;0;2;0;0;2;-27,585733;-50,365551;"SPRF-SC";"DEL05-SC";"UOP03-DEL05-SC"
123830;2018-04-06;"sexta-feira";"12:00:00";"CE";116;371,9;"ICO";"Defeito na Via";"Saída de leito carroçável";"Com Vítimas Feridas";"Pleno dia";"Decrescente";"Garoa/Chuvisco";"Simples";"Reta";"Sim";1;0;1;0;0;0;1;1;-6,405386;-38,84573;"SPRF-CE";"DEL05-CE";"UOP01-DEL05-CE"
123832;2018-04-06;"sexta-feira";"14:00:00";"ES";262;121,7;"CONCEICAO DO CASTELO";"Pista Escorregadia";"Capotamento";"Com Vítimas Feridas";"Pleno dia";"Decrescente";"Chuva";"Simples";"Curva;Declive";"Não";1;0;1;0;0;0;1;1;-20,29440149;-41,23855591;"SPRF-ES";"DEL01-ES";"UOP02-DEL01-ES"
123833;2018-04-06;"sexta-feira";"15:20:00";"PR";116;125,8;"FAZENDA RIO GRANDE";"Falta de Atenção à Condução";"Colisão traseira";"Com Vítimas Feridas";"Pleno dia";"Crescente";"Céu Claro";"Múltipla";"Interseção de Vias";"Sim";4;0;3;0;1;0;3;2;-25,621508;-49,316216;"SPRF-PR";"DEL01-PR";"UOP03-DEL01-PR"
123835;2018-04-06;"sexta-feira";"15:00:00";"MG";40;650,3;"CRISTIANO OTONI";"Falta de Atenção à Condução";"Colisão traseira";"Com Vítimas Feridas";"Pleno dia";"Crescente";"Sol";"Simples";"Reta";"Não";4;0;2;0;2;0;2;2;-20,831893;-43,8063;"SPRF-MG";"DEL05-MG";"UOP02-DEL05-MG"
123836;2018-04-06;"sexta-feira";"14:40:00";"SC";282;3;"SAO JOSE";"Não guardar distância de segurança";"Colisão traseira";"Com Vítimas Feridas";"Pleno dia";"Crescente";"Céu Claro";"Dupla";"Reta";"Sim";1;0;1;0;0;0;1;1;-27,600384;-48,599705;"SPRF-SC";"DEL01-SC";"UOP01-DEL01-SC"
123837;2018-04-06;"sexta-feira";"15:30:00";"PR";376;167;"MARINGA";"Defeito Mecânico no Veículo";"Colisão traseira";"Com Vítimas Feridas";"Pleno dia";"Crescente";"Céu Claro";"Dupla";"Reta";"Não";9;0;3;0;6;0;3;3;-23,409788;-51,987453;"SPRF-PR";"DEL07-PR";"UOP01-DEL09-PR"
123861;2018-04-06;"sexta-feira";"15:40:00";"SP";116;151;"CAJATI";"Pista Escorregadia";"Queda de ocupante de veículo";"Com Vítimas Feridas";"Pleno dia";"Decrescente";"Garoa/Chuvisco";"Simples";"Curva;Declive";"Não";2;0;1;0;1;0;1;1;-24,88204082;-48,22181872;"SPRF-SP";"DEL02-SP";"UOP01-DEL02-SP"
123868;2018-04-06;"sexta-feira";"16:00:00";"SC";101;205,5;"SAO JOSE";"Falta de Atenção à Condução";"Colisão com objeto estático";"Com Vítimas Feridas";"Pleno dia";"Crescente";"Céu Claro";"Múltipla";"Reta";"Sim";1;0;1;0;0;0;1;1;-27,592;-48,6181;"SPRF-SC";"DEL01-SC";"UOP01-DEL01-SC"
123877;2018-04-06;"sexta-feira";"15:25:00";"SC";101;44;"JOINVILLE";"Desobediência às normas de trânsito pelo condutor";"Colisão transversal";"Com Vítimas Feridas";"Pleno dia";"Crescente";"Nublado";"Simples";"Viaduto";"Sim";3;0;1;0;2;0;1;2;-26,349;-48,8573;"SPRF-SC";"DEL03-SC";"UOP01-DEL03-SC"
123880;2018-04-06;"sexta-feira";"16:10:00";"MG";365;621,3;"UBERLANDIA";"Carga excessiva e/ou mal acondicionada";"Queda de ocupante de veículo";"Com Vítimas Feridas";"Pleno dia";"Crescente";"Céu Claro";"Dupla";"Reta";"Sim";1;0;1;0;0;0;1;1;-18,8974;-48,2715;"SPRF-MG";"DEL15-MG";"UOP01-DEL15-MG"
123899;2018-04-06;"sexta-feira";"16:45:00";"CE";116;442,8;"BARRO";"Fenômenos da Natureza";"Colisão com objeto estático";"Sem Vítimas";"Pleno dia";"Decrescente";"Chuva";"Simples";"Curva;Declive";"Não";1;0;0;0;1;0;0;1;-7,06885077;-38,78528953;"SPRF-CE";"DEL05-CE";"UOP03-DEL05-CE"
123904;2018-04-06;"sexta-feira";"16:30:00";"SC";101;192;"BIGUACU";"Ingestão de Álcool";"Colisão lateral";"Sem Vítimas";"Pleno dia";"Decrescente";"Céu Claro";"Dupla";"Reta";"Sim";2;0;0;0;2;0;0;2;-27,4897;-48,6559;"SPRF-SC";"DEL01-SC";"UOP01-DEL01-SC"
123906;2018-04-06;"sexta-feira";"17:30:00";"MG";262;359;"BETIM";"Desobediência às normas de trânsito pelo condutor";"Colisão lateral";"Com Vítimas Feridas";"Pleno dia";"Decrescente";"Céu Claro";"Dupla";"Declive";"Não";2;0;1;0;1;0;1;2;-19,9739;-44,2692;"SPRF-MG";"DEL01-MG";"UOP03-DEL01-MG"
123907;2018-04-06;"sexta-feira";"17:10:00";"DF";20;22,3;"BRASILIA";"Falta de Atenção à Condução";"Colisão transversal";"Sem Vítimas";"Pleno dia";"Crescente";"Chuva";"Dupla";"Interseção de Vias";"Sim";2;0;0;0;2;0;0;2;-15,59730741;-47,67356157;"SPRF-DF";"DEL02-DF";"UOP01-DEL02-DF"
123910;2018-04-06;"sexta-feira";"17:30:00";"PR";277;0,7;"PARANAGUA";"Desobediência às normas de trânsito pelo condutor";"Colisão traseira";"Com Vítimas Feridas";"Pleno dia";"Crescente";"Nublado";"Simples";"Reta";"Sim";2;0;1;0;1;0;1;2;-25,525249;-48,547383;"SPRF-PR";"DEL01-PR";"UOP05-DEL01-PR"
123911;2018-04-06;"sexta-feira";"17:48:00";"SP";116;225;"GUARULHOS";"Falta de Atenção à Condução";"Colisão lateral";"Com Vítimas Feridas";"Plena Noite";"Decrescente";"Nublado";"Múltipla";"Declive";"Sim";2;0;1;0;1;0;1;2;-23,48843875;-46,54632568;"SPRF-SP";"DEL01-SP";"UOP01-DEL01-SP"
123912;2018-04-06;"sexta-feira";"17:45:00";"SC";101;114,9;"ITAJAI";"Não guardar distância de segurança";"Colisão traseira";"Com Vítimas Feridas";"Anoitecer";"Crescente";"Céu Claro";"Dupla";"Reta;Viaduto";"Sim";2;0;1;0;1;0;1;2;-26,8696;-48,7299;"SPRF-SC";"DEL04-SC";"UOP04-DEL04-SC"
123913;2018-04-06;"sexta-feira";"17:40:00";"MG";40;304,7;"TRES MARIAS";"Velocidade Incompatível";"Saída de leito carroçável";"Sem Vítimas";"Anoitecer";"Crescente";"Garoa/Chuvisco";"Simples";"Reta";"Não";1;0;0;0;1;0;0;1;-18,41968455;-45,08514404;"SPRF-MG";"DEL14-MG";"UOP02-DEL14-MG"
123917;2018-04-06;"sexta-feira";"17:50:00";"PR";376;175,6;"MARINGA";"Não guardar distância de segurança";"Colisão traseira";"Com Vítimas Feridas";"Anoitecer";"Decrescente";"Sol";"Dupla";"Reta";"Sim";2;0;0;1;1;0;1;2;-23,41238433;-51,94392708;"SPRF-PR";"DEL07-PR";"UOP01-DEL09-PR"
123922;2018-04-06;"sexta-feira";"17:40:00";"RS";386;137,8;"SARANDI";"Não guardar distância de segurança";"Colisão traseira";"Com Vítimas Feridas";"Anoitecer";"Crescente";"Céu Claro";"Simples";"Reta;Aclive";"Não";2;0;1;0;1;0;1;2;-27,977037;-52,904546;"SPRF-RS";"DEL08-RS";"UOP01-DEL08-RS"
123924;2018-04-06;"sexta-feira";"13:00:00";"PE";232;163;"TACAIMBO";"Falta de Atenção à Condução";"Colisão lateral";"Com Vítimas Feridas";"Pleno dia";"Crescente";"Céu Claro";"Simples";"Reta";"Sim";2;0;2;0;0;0;2;1;-8,33515921;-36,28389359;"SPRF-PE";"DEL02-PE";"UOP03-DEL02-PE"
123925;2018-04-06;"sexta-feira";"18:00:00";"SC";101;229;"PALHOCA";"Não guardar distância de segurança";"Colisão traseira";"Com Vítimas Feridas";"Pleno dia";"Decrescente";"Céu Claro";"Simples";"Reta";"Sim";2;0;1;0;1;0;1;2;-27,7768;-48,6346;"SPRF-SC";"DEL01-SC";"UOP02-DEL01-SC"
123930;2018-04-06;"sexta-feira";"18:30:00";"PR";369;154;"LONDRINA";"Não guardar distância de segurança";"Colisão lateral";"Com Vítimas Feridas";"Plena Noite";"Crescente";"Céu Claro";"Dupla";"Reta";"Sim";2;0;0;1;1;0;1;2;-23,29386025;-51,21240377;"SPRF-PR";"DEL07-PR";"UOP01-DEL07-PR"
123931;2018-04-06;"sexta-feira";"18:20:00";"SC";101;192;"BIGUACU";"Ingestão de álcool e/ou substâncias psicoativas pelo pedestre";"Atropelamento de Pedestre";"Com Vítimas Feridas";"Plena Noite";"Decrescente";"Céu Claro";"Dupla";"Curva";"Não";2;0;1;0;1;0;1;2;-27,48444107;-48,64727452;"SPRF-SC";"DEL01-SC";"UOP01-DEL01-SC"