"id";"data_inversa";"dia_semana";"horario";"uf";"br";"km";"municipio";"causa_acidente";"tipo_acidente";"classificacao_acidente";"fase_dia";"sentido_via";"condicao_metereologica";"tipo_pista";"tracado_via";"uso_solo";"pessoas";"mortos";"feridos_leves";"feridos_graves";"ilesos";"ignorados";"feridos";"veiculos";"latitude";"longitude";"regional";"delegacia";"uop"
123935;2018-04-06;"sexta-feira";"18:35:00";"PE";116;26,7;"SALGUEIRO";"Desobediência às normas de trânsito pelo condutor";"Tombamento";"Com Vítimas Feridas";"Plena Noite";"Decrescente";"Nublado";"Simples";"Aclive";"Sim";3;0;2;0;0;1;2;2;-8,076024;-39,132178;"SPRF-PE";"DEL05-PE";"UOP01-DEL05-PE"
123937;2018-04-06;"sexta-feira";"17:30:00";"MG";50;69;"UBERLANDIA";"Não guardar distância de segurança";"Colisão traseira";"Com Vítimas Feridas";"Anoitecer";"Decrescente";"Céu Claro";"Dupla";"Reta;Declive";"Sim";2;0;0;1;1;0;1;2;-18,8907;-48,256;"SPRF-MG";"DEL15-MG";"UOP01-DEL15-MG"
123938;2018-04-06;"sexta-feira";"17:30:00";"ES";262;148,5;"IBATIBA";"Pista Escorregadia";"Capotamento";"Com Vítimas Feridas";"Anoitecer";"Crescente";"Nublado";"Simples";"Curva";"Não";3;0;2;1;0;0;3;1;-20,2145;-41,4264;"SPRF-ES";"DEL01-ES";"UOP02-DEL01-ES"
123939;2018-04-06;"sexta-feira";"17:50:00";"GO";60;382;"RIO VERDE";"Falta de Atenção à Condução";"Tombamento";"Com Vítimas Feridas";"Anoitecer";"Crescente";"Céu Claro";"Dupla";"Rotatória";"Sim";1;0;0;1;0;0;1;1;-17,779;-50,8933;"SPRF-GO";"DEL04-GO";"UOP01-DEL04-GO"
123940;2018-04-06;"sexta-feira";"18:20:00";"MG";381;484,5;"BETIM";"Não guardar distância de segurança";"Colisão traseira";"Com Vítimas Feridas";"Plena Noite";"Crescente";"Céu Claro";"Dupla";"Reta";"Sim";3;0;1;0;2;0;1;3;-19,9557;-44,0964;"SPRF-MG";"DEL01-MG";"UOP03-DEL01-MG"
123942;2018-04-06;"sexta-feira";"18:30:00";"MG";146;518,9;"GUAXUPE";"Velocidade Incompatível";"Saída de leito carroçável";"Com Vítimas Fatais";"Plena Noite";"Decrescente";"Céu Claro";"Simples";"Reta";"Não";2;1;0;0;0;1;0;2;-21,29038;-46,692806;"SPRF-MG";"DEL09-MG";"UOP01-DEL09-MG"
123944;2018-04-06;"sexta-feira";"18:20:00";"SP";116;146;"SAO JOSE DOS CAMPOS";"Falta de Atenção à Condução";"Colisão traseira";"Com Vítimas Feridas";"Plena Noite";"Decrescente";"Céu Claro";"Dupla";"Reta";"Sim";2;0;1;0;1;0;1;2;-23,19297959;-45,86731911;"SPRF-SP";"DEL02-SP";"UOP01-DEL02-SP"
123945;2018-04-06;"sexta-feira";"17:55:00";"GO";20;77;"VILA BOA";"Pista Escorregadia";"Capotamento";"Com Vítimas Feridas";"Anoitecer";"Decrescente";"Chuva";"Simples";"Curva";"Não";1;0;1;0;0;0;1;1;-15,110663;-47,122963;"SPRF-DF";"DEL02-DF";"UOP03-DEL02-DF"
123952;2018-04-06;"sexta-feira";"19:09:00";"RS";116;269;"CANOAS";"Falta de Atenção à Condução";"Colisão lateral";"Com Vítimas Feridas";"Plena Noite";"Decrescente";"Céu Claro";"Dupla";"Reta";"Sim";2;0;1;0;1;0;1;2;-29,9462814;-51,1763796;"SPRF-RS";"DEL01-RS";"UOP01-DEL01-RS"
123953;2018-04-06;"sexta-feira";"18:45:00";"SP";153;61,9;"SAO JOSE DO RIO PRETO";"Não guardar distância de segurança";"Colisão traseira";"Com Vítimas Feridas";"Plena Noite";"Crescente";"Céu Claro";"Dupla";"Reta";"Sim";3;0;2;0;1;0;2;2;-20,81152328;-49,35665578;"SPRF-SP";"DEL09-SP";"UOP01-DEL09-SP"
123957;2018-04-06;"sexta-feira";"13:10:00";"BA";101;238,7;"CONCEICAO DO ALMEIDA";"Falta de Atenção à Condução";"Saída de leito carroçável";"Com Vítimas Feridas";"Pleno dia";"Crescente";"Sol";"Simples";"Reta";"Não";6;0;6;0;0;0;6;1;-12,789787;-39,19014;"SPRF-BA";"DEL01-BA";"UOP02-DEL01-BA"
123964;2018-04-06;"sexta-feira";"19:00:00";"ES";101;459,9;"MIMOSO DO SUL";"Falta de Atenção à Condução";"Queda de ocupante de veículo";"Com Vítimas Feridas";"Plena Noite";"Crescente";"Chuva";"Simples";"Reta";"Não";1;0;1;0;0;0;1;1;-21,22026105;-41,30447388;"SPRF-ES";"DEL03-ES";"UOP02-DEL03-ES"
123973;2018-04-06;"sexta-feira";"18:55:00";"PR";277;689;"SAO MIGUEL DO IGUACU";"Falta de Atenção à Condução";"Colisão com objeto em movimento";"Com Vítimas Feridas";"Plena Noite";"Decrescente";"Céu Claro";"Dupla";"Reta";"Sim";1;0;1;0;0;0;1;1;-25,35425071;-54,24214707;"SPRF-PR";"DEL05-PR";"UOP01-DEL05-PR"
123975;2018-04-06;"sexta-feira";"19:40:00";"BA";324;561;"SAO SEBASTIAO DO PASSE";"Falta de Atenção à Condução";"Saída de leito carroçável";"Com Vítimas Feridas";"Plena Noite";"Crescente";"Nublado";"Dupla";"Reta";"Não";3;0;3;0;0;0;3;1;-12,5223906;-38,61488342;"SPRF-BA";"DEL01-BA";"UOP01-DEL01-BA"
123976;2018-04-06;"sexta-feira";"18:35:00";"RO";174;15,9;"VILHENA";"Desobediência às normas de trânsito pelo condutor";"Colisão transversal";"Com Vítimas Feridas";"Anoitecer";"Decrescente";"Céu Claro";"Simples";"Interseção de Vias";"Sim";2;0;0;1;1;0;1;2;-12;-60;"SPRF-RO";"DEL04-RO";"UOP01-DEL04-RO"
123979;2018-04-06;"sexta-feira";"20:05:00";"RS";116;233,5;"NOVO HAMBURGO";"Falta de Atenção à Condução";"Colisão traseira";"Sem Vítimas";"Plena Noite";"Decrescente";"Céu Claro";"Simples";"Reta";"Sim";2;0;0;0;2;0;0;2;-29,64919734;-51,14423946;"SPRF-RS";"DEL01-RS";"UOP02-DEL01-RS"
123981;2018-04-06;"sexta-feira";"18:35:00";"RS";480;72;"ERECHIM";"Deficiência ou não Acionamento do Sistema de Iluminação/Sinalização do Veículo";"Colisão transversal";"Com Vítimas Feridas";"Anoitecer";"Crescente";"Céu Claro";"Simples";"Reta";"Sim";2;0;1;0;1;0;1;2;-27,5745994;-52,2231956;"SPRF-RS";"DEL08-RS";"UOP04-DEL08-RS"
123982;2018-04-06;"sexta-feira";"19:30:00";"PR";116;26;"CAMPINA GRANDE DO SUL";"Velocidade Incompatível";"Saída de leito carroçável";"Com Vítimas Feridas";"Plena Noite";"Decrescente";"Chuva";"Dupla";"Curva";"Não";2;0;2;0;0;0;2;1;-25,106836;-48,785343;"SPRF-PR";"DEL01-PR";"UOP02-DEL01-PR"
123983;2018-04-06;"sexta-feira";"19:15:00";"PR";369;181;"ARAPONGAS";"Falta de Atenção à Condução";"Colisão traseira";"Com Vítimas Feridas";"Plena Noite";"Crescente";"Céu Claro";"Dupla";"Declive";"Não";4;0;3;0;1;0;3;2;-23,3760937;-51,41497937;"SPRF-PR";"DEL07-PR";"UOP03-DEL07-PR"
123988;2018-04-06;"sexta-feira";"19:45:00";"SP";116;228;"SAO PAULO";"Não guardar distância de segurança";"Colisão lateral";"Com Vítimas Feridas";"Plena Noite";"Decrescente";"Nublado";"Múltipla";"Reta";"Não";2;0;1;0;1;0;1;2;-23,50440935;-46,56790996;"SPRF-SP";"DEL01-SP";"UOP01-DEL01-SP"
123990;2018-04-06;"sexta-feira";"19:30:00";"CE";20;408,3;"CAUCAIA";"Desobediência às normas de trânsito pelo condutor";"Colisão traseira";"Com Vítimas Feridas";"Plena Noite";"Decrescente";"Céu Claro";"Dupla";"Reta";"Não";3;0;0;2;1;0;2;2;-3,78383905;-38,65624644;"SPRF-CE";"DEL01-CE";"UOP01-DEL01-CE"
123991;2018-04-06;"sexta-feira";"17:40:00";"SC";101;138;"BALNEARIO CAMBORIU";"Não guardar distância de segurança";"Colisão lateral";"Com Vítimas Feridas";"Anoitecer";"Crescente";"Céu Claro";"Múltipla";"Reta";"Sim";2;0;1;0;1;0;1;2;-27,032;-48,6051;"SPRF-SC";"DEL04-SC";"UOP03-DEL04-SC"
123992;2018-04-06;"sexta-feira";"19:30:00";"RJ";116;176,4;"NOVA IGUACU";"Falta de Atenção à Condução";"Colisão lateral";"Com Vítimas Feridas";"Plena Noite";"Crescente";"Garoa/Chuvisco";"Dupla";"Reta";"Sim";2;0;1;0;1;0;1;2;-22,75707643;-43,43089163;"SPRF-RJ";"DEL01-RJ";"UOP02-DEL01-RJ"
123993;2018-04-06;"sexta-feira";"20:10:00";"PA";230;116,7;"MARABA";"Falta de Atenção à Condução";"Colisão traseira";"Sem Vítimas";"Plena Noite";"Decrescente";"Céu Claro";"Dupla";"Reta";"Sim";2;0;0;0;1;1;0;2;-5,35040219;-49,10241723;"SPRF-PA";"DEL03-PA";"UOP01-DEL03-PA"
123995;2018-04-06;"sexta-feira";"20:39:00";"ES";101;398,6;"RIO NOVO DO SUL";"Condutor Dormindo";"Colisão com objeto estático";"Com Vítimas Feridas";"Plena Noite";"Crescente";"Chuva";"Simples";"Reta";"Não";2;0;1;0;1;0;1;2;-20,87549359;-40,96252441;"SPRF-ES";"DEL03-ES";"UOP02-DEL03-ES"
123999;2018-04-06;"sexta-feira";"19:15:00";"SC";280;56,3;"GUARAMIRIM";"Falta de Atenção à Condução";"Colisão transversal";"Com Vítimas Feridas";"Plena Noite";"Crescente";"Nublado";"Simples";"Interseção de Vias";"Sim";2;0;0;1;1;0;1;2;-26,47946124;-49,0059194;"SPRF-SC";"DEL03-SC";"UOP03-DEL03-SC"
124001;2018-04-06;"sexta-feira";"20:00:00";"CE";20;417,6;"MARACANAU";"Falta de Atenção à Condução";"Colisão transversal";"Com Vítimas Feridas";"Plena Noite";"Crescente";"Céu Claro";"Simples";"Reta";"Sim";2;0;0;1;1;0;1;2;-3,8405072;-38,5977068;"SPRF-CE";"DEL01-CE";"UOP02-DEL01-CE"
124002;2018-04-06;"sexta-feira";"20:50:00";"ES";101;147,1;"LINHARES";"Desobediência às normas de trânsito pelo condutor";"Colisão transversal";"Com Vítimas Feridas";"Plena Noite";"Decrescente";"Céu Claro";"Múltipla";"Interseção de Vias";"Sim";3;0;2;0;1;0;2;2;-19,37936786;-40,06667733;"SPRF-ES";"DEL04-ES";"UOP01-DEL04-ES"
124003;2018-04-06;"sexta-feira";"20:40:00";"PB";230;10;"CABEDELO";"Falta de Atenção à Condução";"Colisão lateral";"Com Vítimas Feridas";"Plena Noite";"Decrescente";"Céu Claro";"Dupla";"Reta";"Sim";3;0;2;0;1;0;2;2;-7,05681386;-34,85058546;"SPRF-PB";"DEL01-PB";"UOP01-DEL01-PB"
124005;2018-04-06;"sexta-feira";"12:45:00";"SC";280;58,3;"GUARAMIRIM";"Desobediência às normas de trânsito pelo condutor";"Colisão transversal";"Com Vítimas Feridas";"Pleno dia";"Decrescente";"Nublado";"Simples";"Reta";"Sim";2;0;2;0;0;0;2;2;-26,47457304;-49,02677089;"SPRF-SC";"DEL03-SC";"UOP03-DEL03-SC"
124018;2018-04-06;"sexta-feira";"21:15:00";"SP";381;80;"SAO PAULO";"Não guardar distância de segurança";"Colisão lateral";"Com Vítimas Feridas";"Plena Noite";"Decrescente";"Céu Claro";"Dupla";"Reta";"Não";2;0;0;1;1;0;1;1;-23,41379824;-46,58125341;"SPRF-SP";"DEL03-SP";"DEL6/3-UOP03/SP"
124019;2018-04-06;"sexta-feira";"21:15:00";"MG";153;246;"FRONTEIRA";"Falta de Atenção à Condução";"Saída de leito carroçável";"Com Vítimas Feridas";"Plena Noite";"Crescente";"Céu Claro";"Simples";"Curva";"Não";3;0;1;0;2;0;1;1;-20,29182539;-49,20089722;"SPRF-MG";"DEL13-MG";"UOP02-DEL13-MG"
124021;2018-04-06;"sexta-feira";"20:05:00";"PR";376;216;"JANDAIA DO SUL";"Falta de Atenção à Condução";"Colisão transversal";"Com Vítimas Feridas";"Pleno dia";"Crescente";"Céu Claro";"Simples";"Interseção de Vias";"Sim";5;0;3;0;2;0;3;2;-23,58800006;-51,64592385;"SPRF-PR";"DEL07-PR";"UOP03-DEL07-PR"
124022;2018-04-06;"sexta-feira";"20:30:00";"RJ";101;394;"ITAGUAI";"Ingestão de álcool e/ou substâncias psicoativas pelo pedestre";"Colisão com objeto em movimento";"Com Vítimas Feridas";"Plena Noite";"Decrescente";"Céu Claro";"Simples";"Reta";"Não";2;0;0;1;0;1;1;2;-22,88228;-43,72296;"SPRF-RJ";"DEL03-RJ";"UOP01-DEL03-RJ"
124027;2018-04-06;"sexta-feira";"21:30:00";"RN";110;46,7;"MOSSORO";"Desobediência às normas de trânsito pelo condutor";"Colisão transversal";"Com Vítimas Feridas";"Plena Noite";"Decrescente";"Céu Claro";"Simples";"Rotatória";"Não";3;0;2;0;0;1;2;2;-5,20168958;-37,32324421;"SPRF-RN";"DEL04-RN";"UOP01-DEL04-RN"
124028;2018-04-02;"segunda-feira";"12:50:00";"PR";277;108;"CAMPO LARGO";"Não guardar distância de segurança";"Colisão traseira";"Com Vítimas Feridas";"Pleno dia";"Crescente";"Chuva";"Dupla";"Reta";"Não";2;0;1;0;1;0;1;2;-25,44079439;-49,43412066;"SPRF-PR";"DEL01-PR";"UOP06-DEL01-PR"
124029;2018-04-06;"sexta-feira";"21:15:00";"RJ";493;1;"ITABORAI";"Pista Escorregadia";"Colisão frontal";"Com Vítimas Feridas";"Plena Noite";"Crescente";"Chuva";"Simples";"Curva";"Sim";2;0;1;0;1;0;1;2;-22,763901;-42,927532;"SPRF-RJ";"DEL04-RJ";"UOP02-DEL04-RJ"
124030;2018-04-06;"sexta-feira";"20:10:00";"MS";60;182;"CAMAPUA";"Falta de Atenção à Condução";"Capotamento";"Com Vítimas Feridas";"Plena Noite";"Crescente";"Céu Claro";"Simples";"Reta";"Não";1;0;1;0;0;0;1;1;-19,52830545;-53,91330242;"SPRF-MS";"DEL06-MS";"UOP02-DEL06-MS"
124031;2018-04-06;"sexta-feira";"17:30:00";"CE";222;311;"TIANGUA";"Desobediência às normas de trânsito pelo condutor";"Colisão transversal";"Com Vítimas Feridas";"Plena Noite";"Decrescente";"Céu Claro";"Simples";"Reta";"Sim";2;0;0;1;1;0;1;2;-3,711973;-40,984356;"SPRF-CE";"DEL04-CE";"UOP02-DEL04-CE"
124033;2018-04-06;"sexta-feira";"20:20:00";"RO";364;308;"PRESIDENTE MEDICI";"Desobediência às normas de trânsito pelo condutor";"Colisão frontal";"Com Vítimas Feridas";"Plena Noite";"Decrescente";"Chuva";"Dupla";"Reta";"Sim";2;0;1;0;1;0;1;2;-11,172435;-61,901573;"SPRF-RO";"DEL02-RO";"UOP01-DEL02-RO"
124035;2018-04-06;"sexta-feira";"22:02:00";"SC";470;69,5;"INDAIAL";"Falta de Atenção à Condução";"Colisão transversal";"Com Vítimas Feridas";"Plena Noite";"Crescente";"Céu Claro";"Simples";"Rotatória";"Não";2;0;1;0;1;0;1;2;-26,87481795;-49,23579276;"SPRF-SC";"DEL04-SC";"UOP01-DEL04-SC"
124038;2018-04-06;"sexta-feira";"22:30:00";"RS";290;76;"GRAVATAI";"Defeito Mecânico no Veículo";"Incêndio";"Sem Vítimas";"Plena Noite";"Decrescente";"Céu Claro";"Dupla";"Reta";"Não";1;0;0;0;1;0;0;1;-29,955892;-51,00867927;"SPRF-RS";"DEL01-RS";"UOP01-DEL01-RS"
124039;2018-04-06;"sexta-feira";"22:30:00";"ES";101;147;"LINHARES";"Desobediência às normas de trânsito pelo condutor";"Colisão transversal";"Com Vítimas Feridas";"Plena Noite";"Crescente";"Céu Claro";"Múltipla";"Interseção de Vias";"Sim";2;0;1;0;1;0;1;2;-19,37942352;-40,06665051;"SPRF-ES";"DEL04-ES";"UOP01-DEL04-ES"
124040;2018-04-06;"sexta-feira";"22:45:00";"SP";116;219;"GUARULHOS";"Ingestão de Álcool";"Tombamento";"Com Vítimas Feridas";"Plena Noite";"Decrescente";"Céu Claro";"Múltipla";"Curva";"Não";2;0;2;0;0;0;2;1;-23,46297937;-46,49240941;"SPRF-SP";"DEL01-SP";"UOP01-DEL01-SP"
124043;2018-04-06;"sexta-feira";"21:30:00";"RS";290;415,4;"SAO GABRIEL";"Falta de Atenção à Condução";"Saída de leito carroçável";"Com Vítimas Feridas";"Plena Noite";"Decrescente";"Céu Claro";"Simples";"Curva";"Não";1;0;1;0;0;0;1;1;-30,363207;-54,299614;"SPRF-RS";"DEL09-RS";"UOP02-DEL09-RS"
124048;2018-04-06;"sexta-feira";"22:50:00";"PR";376;3,5;"APUCARANA";"Falta de Atenção à Condução";"Colisão traseira";"Com Vítimas Feridas";"Plena Noite";"Crescente";"Céu Claro";"Dupla";"Reta";"Sim";4;0;2;0;2;0;2;2;-23,55852903;-51,44030479;"SPRF-PR";"DEL07-PR";"UOP03-DEL07-PR"
124051;2018-04-06;"sexta-feira";"23:15:00";"SC";101;27,8;"JOINVILLE";"Falta de Atenção à Condução";"Colisão transversal";"Com Vítimas Feridas";"Plena Noite";"Crescente";"Nublado";"Simples";"Interseção de Vias";"Sim";2;0;1;0;1;0;1;2;-26,2102;-48,9156;"SPRF-SC";"DEL03-SC";"UOP01-DEL03-SC"
124052;2018-04-06;"sexta-feira";"22:45:00";"MG";116;417;"GOVERNADOR VALADARES";"Ingestão de Álcool";"Tombamento";"Com Vítimas Feridas";"Plena Noite";"Decrescente";"Nublado";"Simples";"Reta";"Sim";1;0;1;0;0;0;1;1;-18,89477598;-41,94774538;"SPRF-MG";"DEL06-MG";"UOP01-DEL06-MG"
124053;2018-04-06;"sexta-feira";"21:00:00";"BA";324;386;"GAVIAO";"Avarias e/ou desgaste excessivo no pneu";"Capotamento";"Com Vítimas Feridas";"Plena Noite";"Decrescente";"Céu Claro";"Simples";"Reta";"Não";2;0;2;0;0;0;2;1;-11,48271627;-39,76226807;"SPRF-BA";"DEL04-BA";"UOP02-DEL04-BA"
124055;2018-04-06;"sexta-feira";"21:45:00";"MG";381;492;"BETIM";"Desobediência às normas de trânsito pelo pedestre";"Atropelamento de Pedestre";"Com Vítimas Feridas";"Plena Noite";"Decrescente";"Céu Claro";"Múltipla";"Reta";"Sim";2;0;0;1;1;0;1;2;-19,963;-44,167;"SPRF-MG";"DEL01-MG";"UOP03-DEL01-MG"
124057;2018-04-06;"sexta-feira";"23:40:00";"PE";232;20,2;"MORENO";"Defeito na Via";"Saída de leito carroçável";"Com Vítimas Feridas";"Pleno dia";"Crescente";"Chuva";"Dupla";"Curva";"Não";2;0;1;1;0;0;2;1;-8,095428;-35,071404;"SPRF-PE";"DEL01-PE";"UOP01-DEL01-PE"
124060;2018-04-07;"sábado";"00:05:00";"TO";153;137,3;"ARAGUAINA";"Condutor Dormindo";"Saída de leito carroçável";"Com Vítimas Feridas";"Plena Noite";"Crescente";"Nublado";"Dupla";"Reta";"Não";1;0;1;0;0;0;1;1;-7,1492;-48,2031;"SPRF-TO";"DEL02-TO";"UOP01-DEL02-TO"
124061;2018-04-07;"sábado";"00:05:00";"SP";116;107,3;"TAUBATE";"Não guardar distância de segurança";"Colisão traseira";"Com Vítimas Feridas";"Plena Noite";"Decrescente";"Céu Claro";"Dupla";"Reta";"Sim";1;0;1;0;0;0;1;1;-23,01955016;-45,53197861;"SPRF-SP";"DEL06-SP";"UOP01-DEL06-SP"
124063;2018-04-06;"sexta-feira";"23:20:00";"MS";60;409,7;"SIDROLANDIA";"Ingestão de Álcool";"Saída de leito carroçável";"Com Vítimas Feridas";"Plena Noite";"Decrescente";"Céu Claro";"Simples";"Curva";"Não";1;0;1;0;0;0;1;1;-20,8847961;-54,83036041;"SPRF-MS";"DEL01-MS";"UOP04-DEL01-MS"
124064;2018-04-06;"sexta-feira";"23:15:00";"MS";163;727,8;"COXIM";"Desobediência às normas de trânsito pelo condutor";"Colisão com objeto estático";"Com Vítimas Feridas";"Plena Noite";"Crescente";"Céu Claro";"Simples";"Reta";"Sim";2;0;0;1;1;0;1;2;-18,52567807;-54,73980904;"SPRF-MS";"DEL06-MS";"UOP01-DEL06-MS"
124066;2018-04-07;"sábado";"00:05:00";"RS";116;77,1;"CAMPESTRE DA SERRA";"Velocidade Incompatível";"Saída de leito carroçável";"Sem Vítimas";"Plena Noite";"Crescente";"Céu Claro";"Simples";"Curva";"Não";1;0;0;0;0;1;0;1;-28,778633;-51,092468;"SPRF-RS";"DEL05-RS";"UOP03-DEL05-RS"
124067;2018-04-07;"sábado";"00:00:00";"MG";40;577;"ITABIRITO";"Falta de Atenção à Condução";"Colisão traseira";"Com Vítimas Feridas";"Plena Noite";"Crescente";"Céu Claro";"Múltipla";"Reta";"Não";3;0;1;0;2;0;1;2;-20,2728555;-43,95130992;"SPRF-MG";"DEL01-MG";"UOP02-DEL01-MG"
124068;2018-04-07;"sábado";"00:03:00";"MS";163;259,3;"DOURADOS";"Ingestão de Álcool";"Colisão traseira";"Com Vítimas Feridas";"Plena Noite";"Crescente";"Céu Claro";"Dupla";"Reta";"Sim";3;0;2;0;1;0;2;2;-22,2522418;-54,77783203;"SPRF-MS";"DEL04-MS";"UOP01-DEL04-MS"
124069;2018-04-07;"sábado";"01:00:00";"SP";381;37;"ATIBAIA";"Velocidade Incompatível";"Colisão traseira";"Com Vítimas Feridas";"Plena Noite";"Decrescente";"Céu Claro";"Dupla";"Reta";"Sim";5;0;1;0;3;1;1;2;-23,106079;-46,568874;"SPRF-SP";"DEL03-SP";"UOP01-DEL03-SP"
124071;2018-04-07;"sábado";"01:45:00";"GO";50;272,5;"CATALAO";"Condutor Dormindo";"Saída de leito carroçável";"Com Vítimas Fatais";"Plena Noite";"Crescente";"Nublado";"Simples";"Aclive";"Não";1;1;0;0;0;0;0;1;-18,12641439;-47,90238552;"SPRF-GO";"DEL06-GO";"UOP01-DEL06-GO"
124072;2018-04-07;"sábado";"01:33:00";"RJ";116;296;"PORTO REAL";"Ingestão de Álcool";"Saída de leito carroçável";"Sem Vítimas";"Plena Noite";"Crescente";"Céu Claro";"Dupla";"Curva";"Sim";1;0;0;0;1;0;0;1;-22,44922939;-44,32253838;"SPRF-RJ";"DEL07-RJ";"DEL5/7-UOP03/RJ"
124073;2018-04-06;"sexta-feira";"18:45:00";"RN";405;69;"APODI";"Defeito Mecânico no Veículo";"Queda de ocupante de veículo";"Com Vítimas Feridas";"Plena Noite";"Crescente";"Céu Claro";"Simples";"Reta";"Não";1;0;0;1;0;0;1;1;-5,62691931;-37,79983521;"SPRF-RN";"DEL04-RN";"UOP02-DEL04-RN"
124075;2018-04-07;"sábado";"00:30:00";"SC";101;465;"PASSO DE TORRES";"Falta de Atenção à Condução";"Saída de leito carroçável";"Sem Vítimas";"Plena Noite";"Crescente";"Céu Claro";"Dupla";"Curva";"Não";1;0;0;0;0;1;0;1;-29,298918;-49,769753;"SPRF-RS";"DEL03-RS";"DEL9/3-UOP03/RS"
124078;2018-04-07;"sábado";"03:50:00";"PR";116;153,1;"MANDIRITUBA";"Ingestão de Álcool";"Colisão com objeto estático";"Sem Vítimas";"Plena Noite";"Decrescente";"Nublado";"Simples";"Curva";"Sim";1;0;0;0;0;1;0;1;-25,86827917;-49,36515201;"SPRF-PR";"DEL01-PR";"UOP03-DEL01-PR"
124085;2018-04-07;"sábado";"05:00:00";"MG";381;912,6;"CAMANDUCAIA";"Velocidade Incompatível";"Saída de leito carroçável";"Com Vítimas Feridas";"Plena Noite";"Decrescente";"Céu Claro";"Dupla";"Curva";"Não";3;0;2;0;1;0;2;1;-22,7092886;-46,12108734;"SPRF-MG";"DEL16-MG";"UOP03-DEL16-MG"
124086;2018-04-07;"sábado";"04:50:00";"RN";101;114;"SAO JOSE DE MIPIBU";"Falta de Atenção à Condução";"Colisão traseira";"Com Vítimas Feridas";"Amanhecer";"Decrescente";"Céu Claro";"Dupla";"Reta";"Não";1;0;0;1;0;0;1;1;-5,982223;-35,264896;"SPRF-RN";"DEL01-RN";"UOP01-DEL01-RN"
124087;2018-04-07;"sábado";"03:00:00";"MG";153;39,8;"CANAPOLIS";"Condutor Dormindo";"Saída de leito carroçável";"Com Vítimas Feridas";"Plena Noite";"Decrescente";"Céu Claro";"Dupla";"Reta";"Não";4;0;0;1;3;0;1;1;-18,7427;-49,0942;"SPRF-MG";"DEL15-MG";"UOP03-DEL15-MG"
124088;2018-04-07;"sábado";"05:30:00";"SP";153;62,5;"SAO JOSE DO RIO PRETO";"Mal Súbito";"Saída de leito carroçável";"Com Vítimas Feridas";"Amanhecer";"Crescente";"Céu Claro";"Dupla";"Reta";"Sim";1;0;1;0;0;0;1;1;-20,81632701;-49,35719222;"SPRF-SP";"DEL09-SP";"UOP01-DEL09-SP"
124090;2018-04-07;"sábado";"06:00:00";"SC";101;202,1;"SAO JOSE";"Ingestão de Álcool";"Colisão transversal";"Com Vítimas Feridas";"Pleno dia";"Decrescente";"Céu Claro";"Múltipla";"Reta";"Sim";2;0;1;0;1;0;1;2;-27,5651;-48,6144;"SPRF-SC";"DEL01-SC";"UOP01-DEL01-SC"
124093;2018-04-07;"sábado";"06:11:00";"GO";60;55,3;"ABADIANIA";"Falta de Atenção à Condução";"Saída de leito carroçável";"Sem Vítimas";"Amanhecer";"Crescente";"Nevoeiro/Neblina";"Dupla";"Curva";"Não";1;0;0;0;1;0;0;1;-16,18831499;-48,66771966;"SPRF-GO";"DEL02-GO";"UOP01-DEL02-GO"
124094;2018-04-07;"sábado";"05:30:00";"RJ";116;205;"SEROPEDICA";"Condutor Dormindo";"Capotamento";"Com Vítimas Feridas";"Amanhecer";"Crescente";"Céu Claro";"Simples";"Curva";"Não";1;0;1;0;0;0;1;1;-22,727467;-43,641682;"SPRF-RJ";"DEL01-RJ";"UOP03-DEL01-RJ"
124095;2018-04-07;"sábado";"06:00:00";"RS";158;272,4;"JULIO DE CASTILHOS";"Condutor Dormindo";"Colisão frontal";"Com Vítimas Fatais";"Amanhecer";"Crescente";"Nublado";"Simples";"Reta";"Não";17;1;1;1;14;0;2;2;-29,30673079;-53,67767036;"SPRF-RS";"DEL09-RS";"UOP01-DEL09-RS"
124096;2018-04-07;"sábado";"05:40:00";"RN";304;32;"MOSSORO";"Ingestão de Álcool";"Colisão com objeto estático";"Com Vítimas Feridas";"Amanhecer";"Decrescente";"Céu Claro";"Múltipla";"Reta";"Sim";1;0;1;0;0;0;1;1;-5,134711;-37,344864;"SPRF-RN";"DEL04-RN";"UOP02-DEL04-RN"
124097;2018-04-07;"sábado";"06:05:00";"RJ";116;118;"MAGE";"Condutor Dormindo";"Colisão traseira";"Com Vítimas Feridas";"Amanhecer";"Decrescente";"Céu Claro";"Dupla";"Reta";"Não";5;0;1;1;3;0;2;2;-22,609703;-43,030773;"SPRF-RJ";"DEL04-RJ";"UOP02-DEL04-RJ"
124103;2018-04-06;"sexta-feira";"23:40:00";"PE";232;20,2;"MORENO";"Defeito na Via";"Saída de leito carroçável";"Com Vítimas Feridas";"Plena Noite";"Crescente";"Chuva";"Dupla";"Curva";"Não";3;0;3;0;0;0;3;1;-8,095428;-35,071404;"SPRF-PE";"DEL01-PE";"UOP01-DEL01-PE"
124105;2018-04-07;"sábado";"06:30:00";"GO";20;78,9;"VILA BOA";"Pista Escorregadia";"Colisão com objeto estático";"Com Vítimas Feridas";"Pleno dia";"Crescente";"Chuva";"Simples";"Reta";"Não";4;0;0;4;0;0;4;1;-15,103909;-47,116936;"SPRF-DF";"DEL02-DF";"UOP03-DEL02-DF"