"id";"data_inversa";"dia_semana";"horario";"uf";"br";"km";"municipio";"causa_acidente";"tipo_acidente";"classificacao_acidente";"fase_dia";"sentido_via";"condicao_metereologica";"tipo_pista";"tracado_via";"uso_solo";"pessoas";"mortos";"feridos_leves";"feridos_graves";"ilesos";"ignorados";"feridos";"veiculos";"latitude";"longitude";"regional";"delegacia";"uop"
124109;2018-04-07;"sábado";"06:30:00";"RJ";116;300,5;"RESENDE";"Condutor Dormindo";"Colisão com objeto estático";"Sem Vítimas";"Amanhecer";"Crescente";"Céu Claro";"Dupla";"Reta";"Não";2;0;0;0;2;0;0;2;-22,45521839;-44,39154625;"SPRF-RJ";"DEL07-RJ";"DEL5/7-UOP03/RJ"
124110;2018-04-06;"sexta-feira";"23:40:00";"MG";381;871;"POUSO ALEGRE";"Falta de Atenção à Condução";"Colisão transversal";"Com Vítimas Feridas";"Plena Noite";"Crescente";"Céu Claro";"Dupla";"Reta";"Não";3;0;0;2;1;0;2;2;-22,4051;-45,9603;"SPRF-MG";"DEL16-MG";"UOP01-DEL16-MG"
124111;2018-04-07;"sábado";"03:50:00";"SC";163;68,9;"SAO MIGUEL DO OESTE";"Ingestão de Álcool";"Saída de leito carroçável";"Sem Vítimas";"Plena Noite";"Decrescente";"Céu Claro";"Dupla";"Reta";"Sim";1;0;0;0;1;0;0;1;-26,74218033;-53,50116491;"SPRF-SC";"DEL07-SC";"UOP03-DEL07-SC"
124113;2018-04-07;"sábado";"03:30:00";"MS";158;283,5;"TRES LAGOAS";"Animais na Pista";"Atropelamento de Animal";"Sem Vítimas";"Plena Noite";"Decrescente";"Céu Claro";"Dupla";"Declive";"Não";1;0;0;0;1;0;0;1;-20,819618;-51,725964;"SPRF-MS";"DEL07-MS";"UOP01-DEL07-MS"
124115;2018-04-07;"sábado";"06:50:00";"PR";277;9;"PARANAGUA";"Falta de Atenção à Condução";"Colisão com objeto estático";"Sem Vítimas";"Amanhecer";"Crescente";"Céu Claro";"Dupla";"Curva";"Não";1;0;0;0;0;1;0;1;-25,5681495;-48,61482382;"SPRF-PR";"DEL01-PR";"UOP05-DEL01-PR"
124128;2018-04-07;"sábado";"06:40:00";"PI";343;345,6;"TERESINA";"Desobediência às normas de trânsito pelo condutor";"Colisão transversal";"Com Vítimas Feridas";"Pleno dia";"Crescente";"Céu Claro";"Simples";"Reta";"Sim";4;0;0;2;2;0;2;2;-5,102889;-42,766506;"SPRF-PI";"DEL01-PI";"UOP01-DEL01-PI"
124150;2018-04-07;"sábado";"04:30:00";"SC";280;78,4;"JARAGUA DO SUL";"Ingestão de Álcool";"Saída de leito carroçável";"Sem Vítimas";"Plena Noite";"Decrescente";"Nublado";"Simples";"Reta";"Não";1;0;0;0;1;0;0;1;-26,44900988;-49,19704288;"SPRF-SC";"DEL06-SC";"UOP03-DEL06-SC"
124151;2018-04-07;"sábado";"06:30:00";"MG";40;206,2;"JOAO PINHEIRO";"Velocidade Incompatível";"Saída de leito carroçável";"Com Vítimas Fatais";"Amanhecer";"Crescente";"Nublado";"Simples";"Curva";"Não";2;1;0;1;0;0;1;1;-17,994535;-45,764015;"SPRF-MG";"DEL14-MG";"UOP02-DEL14-MG"
124152;2018-04-07;"sábado";"07:55:00";"SC";470;2,5;"NAVEGANTES";"Falta de Atenção à Condução";"Colisão transversal";"Com Vítimas Feridas";"Pleno dia";"Crescente";"Sol";"Simples";"Rotatória";"Sim";3;0;2;0;1;0;2;2;-26,88483364;-48,66117328;"SPRF-SC";"DEL04-SC";"UOP04-DEL04-SC"
124154;2018-04-07;"sábado";"06:45:00";"PR";476;122,7;"CURITIBA";"Falta de Atenção do Pedestre";"Atropelamento de Pedestre";"Com Vítimas Feridas";"Pleno dia";"Decrescente";"Nublado";"Múltipla";"Curva";"Sim";2;0;0;1;1;0;1;2;-25,38924078;-49,20544624;"SPRF-PR";"DEL01-PR";"UOP01-DEL01-PR"
124158;2018-04-07;"sábado";"08:30:00";"MG";381;932,3;"EXTREMA";"Falta de Atenção à Condução";"Tombamento";"Sem Vítimas";"Pleno dia";"Decrescente";"Céu Claro";"Dupla";"Curva";"Não";1;0;0;0;1;0;0;1;-22,79266594;-46,25020713;"SPRF-MG";"DEL16-MG";"UOP03-DEL16-MG"
124160;2018-04-07;"sábado";"07:30:00";"ES";101;255;"SERRA";"Falta de Atenção à Condução";"Colisão com objeto estático";"Com Vítimas Feridas";"Pleno dia";"Decrescente";"Sol";"Simples";"Reta";"Sim";2;0;1;0;1;0;1;1;-20,11106959;-40,32634735;"SPRF-ES";"DEL02-ES";"UOP01-DEL02-ES"
124165;2018-04-07;"sábado";"06:50:00";"BA";116;509;"SANTA TERESINHA";"Falta de Atenção à Condução";"Colisão lateral";"Com Vítimas Feridas";"Amanhecer";"Crescente";"Nublado";"Simples";"Reta";"Não";2;0;0;1;1;0;1;2;-12,657488;-39,622654;"SPRF-BA";"DEL03-BA";"UOP02-DEL03-BA"
124166;2018-04-07;"sábado";"03:35:00";"MG";116;495,8;"INHAPIM";"Condutor Dormindo";"Saída de leito carroçável";"Com Vítimas Feridas";"Plena Noite";"Crescente";"Nublado";"Simples";"Curva";"Não";1;0;0;1;0;0;1;1;-19,5856689;-42,11608887;"SPRF-MG";"DEL06-MG";"UOP02-DEL06-MG"
124168;2018-04-07;"sábado";"08:40:00";"GO";153;535;"HIDROLANDIA";"Condutor Dormindo";"Saída de leito carroçável";"Com Vítimas Feridas";"Pleno dia";"Decrescente";"Céu Claro";"Dupla";"Reta";"Não";4;0;1;3;0;0;4;1;-17,002922;-49,222708;"SPRF-GO";"DEL01-GO";"UOP03-DEL01-GO"
124169;2018-04-07;"sábado";"07:55:00";"SC";280;128;"RIO NEGRINHO";"Ingestão de Álcool";"Colisão traseira";"Sem Vítimas";"Pleno dia";"Decrescente";"Nublado";"Simples";"Reta";"Sim";2;0;0;0;2;0;0;2;-26,24380986;-49,51486588;"SPRF-SC";"DEL06-SC";"UOP03-DEL06-SC"
124170;2018-04-07;"sábado";"07:00:00";"MA";135;19;"SAO LUIS";"Mal Súbito";"Queda de ocupante de veículo";"Com Vítimas Feridas";"Pleno dia";"Decrescente";"Nublado";"Simples";"Reta";"Não";1;0;1;0;0;0;1;1;-2,55724839;-44,34369564;"SPRF-MA";"DEL01-MA";"UOP01-DEL01-MA"
124171;2018-04-07;"sábado";"07:50:00";"PR";116;84,7;"PIRAQUARA";"Condutor Dormindo";"Saída de leito carroçável";"Sem Vítimas";"Pleno dia";"Crescente";"Nublado";"Dupla";"Reta";"Não";1;0;0;0;1;0;0;1;-25,426054;-49,077427;"SPRF-PR";"DEL01-PR";"UOP07-DEL01-PR"
124172;2018-04-07;"sábado";"08:45:00";"SC";101;189;"BIGUACU";"Ingestão de Álcool";"Colisão com objeto estático";"Com Vítimas Feridas";"Pleno dia";"Decrescente";"Sol";"Simples";"Reta";"Sim";3;0;1;0;2;0;1;1;-27,4571212;-48,6371657;"SPRF-SC";"DEL01-SC";"UOP01-DEL01-SC"
124173;2018-04-07;"sábado";"09:45:00";"PE";101;11,6;"GOIANA";"Velocidade Incompatível";"Saída de leito carroçável";"Com Vítimas Feridas";"Pleno dia";"Decrescente";"Nublado";"Dupla";"Reta";"Não";1;0;1;0;0;0;1;1;-7,6005737;-34,9803582;"SPRF-PE";"DEL01-PE";"UOP02-DEL01-PE"
124174;2018-04-07;"sábado";"09:40:00";"ES";101;147,1;"LINHARES";"Falta de Atenção à Condução";"Colisão transversal";"Com Vítimas Feridas";"Pleno dia";"Decrescente";"Nublado";"Múltipla";"Reta;Retorno Regulamentado";"Sim";3;0;2;0;1;0;2;2;-19,38370463;-40,06713867;"SPRF-ES";"DEL04-ES";"UOP01-DEL04-ES"
124175;2018-04-07;"sábado";"09:04:00";"SP";116;145,8;"SAO JOSE DOS CAMPOS";"Não guardar distância de segurança";"Colisão traseira";"Com Vítimas Feridas";"Pleno dia";"Crescente";"Céu Claro";"Dupla";"Reta";"Sim";4;0;1;0;3;0;1;4;-23,18865;-45,858599;"SPRF-SP";"DEL02-SP";"UOP01-DEL02-SP"
124176;2018-04-07;"sábado";"09:20:00";"GO";60;263;"INDIARA";"Falta de Atenção à Condução";"Colisão traseira";"Com Vítimas Feridas";"Pleno dia";"Decrescente";"Céu Claro";"Dupla";"Reta";"Sim";2;0;1;0;1;0;1;2;-17,1807;-50,0658;"SPRF-GO";"DEL01-GO";"UOP02-DEL01-GO"
124177;2018-04-07;"sábado";"08:40:00";"MG";40;623,8;"CONSELHEIRO LAFAIETE";"Falta de Atenção à Condução";"Colisão traseira";"Com Vítimas Feridas";"Pleno dia";"Crescente";"Céu Claro";"Simples";"Reta";"Não";5;0;3;0;2;0;3;2;-20,6136;-43,805;"SPRF-MG";"DEL05-MG";"UOP02-DEL05-MG"
124178;2018-04-07;"sábado";"10:45:00";"PE";101;65,8;"RECIFE";"Falta de Atenção à Condução";"Colisão lateral";"Com Vítimas Feridas";"Pleno dia";"Decrescente";"Chuva";"Dupla";"Reta";"Sim";2;0;1;0;1;0;1;2;-8,033502;-34,941729;"SPRF-PE";"DEL01-PE";"UOP01-DEL01-PE"
124179;2018-04-07;"sábado";"10:25:00";"SP";116;273,5;"TABOAO DA SERRA";"Defeito Mecânico no Veículo";"Queda de ocupante de veículo";"Com Vítimas Feridas";"Pleno dia";"Decrescente";"Sol";"Dupla";"Reta";"Sim";2;0;1;0;1;0;1;1;-23,61681567;-46,79172635;"SPRF-SP";"DEL04-SP";"UOP01-DEL04-SP"
124186;2018-04-07;"sábado";"10:55:00";"SC";101;210;"SAO JOSE";"Não guardar distância de segurança";"Colisão traseira";"Com Vítimas Feridas";"Pleno dia";"Decrescente";"Sol";"Múltipla";"Reta;Aclive";"Sim";3;0;1;0;2;0;1;3;-27,618;-48,647;"SPRF-SC";"DEL01-SC";"UOP01-DEL01-SC"
124188;2018-04-07;"sábado";"08:50:00";"RS";158;325,6;"SANTA MARIA";"Falta de Atenção à Condução";"Colisão lateral";"Com Vítimas Feridas";"Pleno dia";"Crescente";"Céu Claro";"Simples";"Reta";"Sim";2;0;0;1;1;0;1;2;-29,71125815;-53,80473733;"SPRF-RS";"DEL09-RS";"UOP01-DEL09-RS"
124189;2018-04-07;"sábado";"11:00:00";"BA";116;827,5;"VITORIA DA CONQUISTA";"Falta de Atenção à Condução";"Colisão transversal";"Com Vítimas Feridas";"Pleno dia";"Crescente";"Sol";"Simples";"Reta";"Sim";2;0;1;0;1;0;1;2;-14,88871861;-40,86081505;"SPRF-BA";"DEL08-BA";"UOP01-DEL08-BA"
124190;2018-04-07;"sábado";"10:30:00";"SC";470;147;"RIO DO SUL";"Falta de Atenção à Condução";"Colisão transversal";"Com Vítimas Feridas";"Pleno dia";"Crescente";"Sol";"Simples";"Curva";"Sim";3;0;2;0;1;0;2;2;-27,233075;-49,67283;"SPRF-SC";"DEL04-SC";"UOP02-DEL04-SC"
124194;2018-04-07;"sábado";"11:30:00";"RN";304;39,7;"MOSSORO";"Velocidade Incompatível";"Colisão transversal";"Com Vítimas Feridas";"Pleno dia";"Decrescente";"Nublado";"Simples";"Reta";"Sim";3;0;2;0;1;0;2;2;-5,192812;-37,377418;"SPRF-RN";"DEL04-RN";"UOP02-DEL04-RN"
124197;2018-04-07;"sábado";"10:20:00";"MT";158;771;"BARRA DO GARCAS";"Falta de Atenção à Condução";"Saída de leito carroçável";"Com Vítimas Feridas";"Pleno dia";"Crescente";"Céu Claro";"Simples";"Reta";"Não";2;0;2;0;0;0;2;1;-15,52779086;-52,20428467;"SPRF-MT";"DEL07-MT";"UOP01-DEL07-MT"
124198;2018-04-07;"sábado";"10:30:00";"MA";135;7,9;"SAO LUIS";"Ingestão de Álcool";"Colisão traseira";"Sem Vítimas";"Pleno dia";"Crescente";"Nublado";"Dupla";"Reta";"Sim";2;0;0;0;2;0;0;2;-2,64258344;-44,27315891;"SPRF-MA";"DEL01-MA";"UOP01-DEL01-MA"
124200;2018-04-07;"sábado";"12:00:00";"PR";476;157,7;"ARAUCARIA";"Falta de Atenção à Condução";"Colisão transversal";"Com Vítimas Feridas";"Pleno dia";"Decrescente";"Céu Claro";"Simples";"Reta;Aclive";"Não";2;0;2;0;0;0;2;2;-25,60639;-49,421112;"SPRF-PR";"DEL01-PR";"UOP06-DEL01-PR"
124205;2018-04-07;"sábado";"10:15:00";"PR";369;133,3;"IBIPORA";"Desobediência às normas de trânsito pelo condutor";"Colisão transversal";"Com Vítimas Feridas";"Pleno dia";"Decrescente";"Céu Claro";"Dupla";"Interseção de Vias";"Não";3;0;2;0;1;0;2;2;-23,260046;-51,013345;"SPRF-PR";"DEL07-PR";"UOP01-DEL07-PR"
124206;2018-04-07;"sábado";"12:05:00";"BA";407;102;"JAGUARARI";"Desobediência às normas de trânsito pelo condutor";"Colisão frontal";"Com Vítimas Feridas";"Pleno dia";"Crescente";"Céu Claro";"Simples";"Reta";"Sim";4;0;2;0;0;2;2;3;-10,25715292;-40,19109597;"SPRF-BA";"DEL04-BA";"UOP01-DEL04-BA"
124214;2018-04-07;"sábado";"12:37:00";"SP";116;228,9;"SAO PAULO";"Falta de Atenção à Condução";"Colisão traseira";"Com Vítimas Fatais";"Pleno dia";"Crescente";"Sol";"Múltipla";"Reta";"Sim";3;1;0;1;1;0;1;2;-23,50959675;-46,5732953;"SPRF-SP";"DEL01-SP";"UOP01-DEL01-SP"
124219;2018-04-07;"sábado";"12:00:00";"RJ";101;481;"ANGRA DOS REIS";"Falta de Atenção à Condução";"Atropelamento de Pedestre";"Com Vítimas Feridas";"Pleno dia";"Crescente";"Céu Claro";"Simples";"Rotatória";"Não";3;0;2;0;1;0;2;2;-22,9914212;-44,2431536;"SPRF-RJ";"DEL03-RJ";"UOP03-DEL03-RJ"
124223;2018-04-07;"sábado";"12:50:00";"RJ";40;62;"PETROPOLIS";"Falta de Atenção à Condução";"Colisão traseira";"Com Vítimas Feridas";"Pleno dia";"Decrescente";"Garoa/Chuvisco";"Dupla";"Reta";"Sim";3;0;1;0;2;0;1;2;-22,41039374;-43,14502716;"SPRF-RJ";"DEL06-RJ";"UOP01-DEL06-RJ"
124240;2018-04-07;"sábado";"10:30:00";"MG";459;7,7;"SENADOR JOSE BENTO";"Velocidade Incompatível";"Tombamento";"Com Vítimas Feridas";"Pleno dia";"Decrescente";"Nublado";"Simples";"Curva";"Não";2;0;1;1;0;0;2;2;-22,130385;-46,146386;"SPRF-MG";"DEL09-MG";"UOP01-DEL09-MG"
124241;2018-04-07;"sábado";"13:15:00";"RS";470;216;"SAO MARCOS";"Desobediência às normas de trânsito pelo condutor";"Colisão transversal";"Com Vítimas Feridas";"Pleno dia";"Crescente";"Céu Claro";"Simples";"Reta";"Sim";2;0;1;0;0;1;1;2;-29;-51;"SPRF-RS";"DEL06-RS";"UOP01-DEL06-RS"
124254;2018-04-07;"sábado";"12:57:00";"SP";116;151;"SAO JOSE DOS CAMPOS";"Desobediência às normas de trânsito pelo condutor";"Colisão transversal";"Com Vítimas Feridas";"Pleno dia";"Crescente";"Céu Claro";"Múltipla";"Interseção de Vias";"Sim";3;0;0;1;2;0;1;2;-23,219931;-45,900479;"SPRF-SP";"DEL02-SP";"UOP01-DEL02-SP"
124255;2018-04-07;"sábado";"11:10:00";"MA";10;250;"IMPERATRIZ";"Não guardar distância de segurança";"Colisão traseira";"Com Vítimas Feridas";"Pleno dia";"Crescente";"Chuva";"Simples";"Reta";"Sim";2;0;0;1;1;0;1;2;-5,54775364;-47,46146321;"SPRF-MA";"DEL04-MA";"UOP01-DEL04-MA"
124263;2018-04-07;"sábado";"13:00:00";"MG";365;594,5;"UBERLANDIA";"Falta de Atenção à Condução";"Colisão transversal";"Com Vítimas Feridas";"Pleno dia";"Decrescente";"Céu Claro";"Simples";"Reta";"Não";3;0;0;2;1;0;2;2;-18,8974;-48,2715;"SPRF-MG";"DEL15-MG";"UOP02-DEL15-MG"
124272;2018-04-07;"sábado";"12:05:00";"MG";40;668,2;"CARANDAI";"Animais na Pista";"Atropelamento de Animal";"Com Vítimas Feridas";"Pleno dia";"Decrescente";"Céu Claro";"Simples";"Reta;Aclive";"Não";1;0;1;0;0;0;1;1;-20,9703;-43,785;"SPRF-MG";"DEL05-MG";"UOP02-DEL05-MG"
124273;2018-04-07;"sábado";"11:45:00";"RS";470;334;"TRIUNFO";"Falta de Atenção à Condução";"Colisão transversal";"Com Vítimas Feridas";"Pleno dia";"Decrescente";"Céu Claro";"Simples";"Reta";"Não";3;0;0;1;1;1;1;3;-29,88085543;-51,71084833;"SPRF-RS";"DEL04-RS";"UOP02-DEL04-RS"
124274;2018-04-07;"sábado";"13:30:00";"SP";153;37,5;"ONDA VERDE";"Desobediência às normas de trânsito pelo condutor";"Colisão transversal";"Com Vítimas Feridas";"Pleno dia";"Crescente";"Céu Claro";"Simples";"Reta";"Não";2;0;1;0;1;0;1;2;-20,598005;-49,317154;"SPRF-SP";"DEL09-SP";"UOP01-DEL09-SP"
124276;2018-04-07;"sábado";"13:15:00";"MG";116;522;"CARATINGA";"Defeito Mecânico no Veículo";"Tombamento";"Com Vítimas Feridas";"Pleno dia";"Decrescente";"Céu Claro";"Simples";"Reta";"Não";2;0;2;0;0;0;2;1;-19,73204803;-42,13308334;"SPRF-MG";"DEL06-MG";"UOP02-DEL06-MG"
124277;2018-04-07;"sábado";"13:30:00";"RJ";116;223;"PIRAI";"Defeito Mecânico no Veículo";"Colisão com objeto estático";"Com Vítimas Feridas";"Pleno dia";"Crescente";"Sol";"Simples";"Reta";"Não";1;0;1;0;0;0;1;1;-22,679905;-43,814217;"SPRF-RJ";"DEL07-RJ";"UOP01-DEL07-RJ"
124280;2018-04-07;"sábado";"14:20:00";"GO";60;92,4;"ANAPOLIS";"Ingestão de Álcool";"Colisão lateral";"Com Vítimas Feridas";"Pleno dia";"Decrescente";"Sol";"Dupla";"Retorno Regulamentado";"Sim";2;0;1;0;0;1;1;2;-16,353;-48,9178;"SPRF-GO";"DEL02-GO";"UOP01-DEL02-GO"
124281;2018-04-07;"sábado";"13:43:00";"BA";101;258,4;"SANTO ANTONIO DE JESUS";"Desobediência às normas de trânsito pelo condutor";"Colisão transversal";"Com Vítimas Feridas";"Pleno dia";"Decrescente";"Sol";"Simples";"Interseção de Vias;Declive;Reta;Retorno Regulamentado;Rotatória";"Sim";2;0;0;1;0;1;1;2;-12,9492;-39,253;"SPRF-BA";"DEL01-BA";"UOP02-DEL01-BA"
124282;2018-04-07;"sábado";"13:00:00";"MG";381;882,9;"ESTIVA";"Condutor Dormindo";"Saída de leito carroçável";"Com Vítimas Feridas";"Pleno dia";"Crescente";"Céu Claro";"Dupla";"Reta";"Não";2;0;1;0;1;0;1;1;-22,4837;-46,0108;"SPRF-MG";"DEL16-MG";"UOP01-DEL16-MG"
124283;2018-04-07;"sábado";"13:05:00";"MS";262;356,3;"CAMPO GRANDE";"Falta de Atenção à Condução";"Colisão transversal";"Com Vítimas Feridas";"Pleno dia";"Crescente";"Céu Claro";"Simples";"Reta";"Não";3;0;1;0;2;0;1;2;-20,54627943;-54,68357921;"SPRF-MS";"DEL01-MS";"UOP03-DEL01-MS"
124284;2018-04-07;"sábado";"13:00:00";"MS";163;190,6;"CAARAPO";"Falta de Atenção à Condução";"Saída de leito carroçável";"Com Vítimas Feridas";"Pleno dia";"Crescente";"Sol";"Simples";"Declive";"Não";1;0;1;0;0;0;1;1;-22,78187932;-54,76203918;"SPRF-MS";"DEL09-MS";"UOP01-DEL09-MS"
124287;2018-04-07;"sábado";"14:50:00";"RJ";116;93;"GUAPIMIRIM";"Defeito Mecânico no Veículo";"Saída de leito carroçável";"Sem Vítimas";"Pleno dia";"Decrescente";"Chuva";"Simples";"Curva";"Não";1;0;0;0;1;0;0;1;-22,48183857;-42,99842834;"SPRF-RJ";"DEL04-RJ";"UOP02-DEL04-RJ"
124289;2018-04-07;"sábado";"10:50:00";"RO";364;521,8;"ARIQUEMES";"Defeito na Via";"Saída de leito carroçável";"Com Vítimas Feridas";"Pleno dia";"Crescente";"Céu Claro";"Simples";"Reta";"Não";2;0;1;0;1;0;1;1;-9,8815023;-63,0571859;"SPRF-RO";"DEL03-RO";"UOP01-DEL03-RO"
124294;2018-04-07;"sábado";"15:15:00";"PE";232;101,7;"BEZERROS";"Ingestão de Álcool";"Colisão traseira";"Com Vítimas Feridas";"Pleno dia";"Crescente";"Céu Claro";"Dupla";"Aclive";"Sim";2;0;0;1;1;0;1;2;-8,24578769;-35,75646937;"SPRF-PE";"DEL01-PE";"UOP02-DEL02PE"
124295;2018-04-07;"sábado";"14:10:00";"PB";101;103;"ALHANDRA";"Avarias e/ou desgaste excessivo no pneu";"Colisão com objeto estático";"Com Vítimas Feridas";"Pleno dia";"Crescente";"Céu Claro";"Dupla";"Reta";"Não";2;0;2;0;0;0;2;1;-7,3089;-34,9437;"SPRF-PB";"DEL01-PB";"UOP01-DEL01-PB"
124296;2018-04-07;"sábado";"14:30:00";"PE";116;8,2;"SALGUEIRO";"Pista Escorregadia";"Capotamento";"Sem Vítimas";"Pleno dia";"Decrescente";"Chuva";"Simples";"Curva";"Não";2;0;0;0;1;1;0;1;-7,920204;-39,119019;"SPRF-PE";"DEL05-PE";"UOP01-DEL05-PE"
124298;2018-04-07;"sábado";"14:52:00";"MG";262;809;"UBERABA";"Falta de Atenção à Condução";"Colisão com objeto estático";"Sem Vítimas";"Pleno dia";"Crescente";"Céu Claro";"Dupla";"Reta";"Não";1;0;0;0;1;0;0;1;-19,76475;-48,112064;"SPRF-MG";"DEL13-MG";"UOP01-DEL13-MG"
124300;2018-04-07;"sábado";"15:22:00";"GO";153;296;"RIALMA";"Desobediência às normas de trânsito pelo condutor";"Colisão frontal";"Com Vítimas Feridas";"Pleno dia";"Decrescente";"Chuva";"Simples";"Reta";"Não";4;0;0;2;2;0;2;2;-15,26993356;-49,54955757;"SPRF-GO";"DEL02-GO";"UOP02-DEL02-GO"
124301;2018-04-07;"sábado";"15:20:00";"SP";116;275;"TABOAO DA SERRA";"Desobediência às normas de trânsito pelo condutor";"Colisão lateral";"Com Vítimas Feridas";"Pleno dia";"Crescente";"Céu Claro";"Dupla";"Reta";"Sim";2;0;1;0;1;0;1;2;-23,61432859;-46,82235718;"SPRF-SP";"DEL04-SP";"UOP01-DEL04-SP"
124302;2018-04-07;"sábado";"14:45:00";"SC";282;1,5;"FLORIANOPOLIS";"Não guardar distância de segurança";"Colisão traseira";"Com Vítimas Feridas";"Pleno dia";"Decrescente";"Sol";"Dupla";"Reta";"Sim";3;0;2;0;1;0;2;2;-27,60132584;-48,57815173;"SPRF-SC";"DEL01-SC";"UOP01-DEL01-SC"
124307;2018-04-07;"sábado";"13:30:00";"MS";158;328,6;"BRASILANDIA";"Falta de Atenção à Condução";"Colisão transversal";"Com Vítimas Feridas";"Pleno dia";"Crescente";"Céu Claro";"Simples";"Reta";"Não";3;0;2;0;1;0;2;2;-21,18105182;-51,98783503;"SPRF-MS";"DEL07-MS";"UOP01-DEL07-MS"
124308;2018-04-07;"sábado";"13:50:00";"MT";163;41,8;"ITIQUIRA";"Pista Escorregadia";"Capotamento";"Com Vítimas Feridas";"Pleno dia";"Crescente";"Chuva";"Dupla";"Reta";"Não";4;0;2;0;2;0;2;1;-17,155308;-54,757275;"SPRF-MT";"DEL02-MT";"DEL2/2-UOP02/MT"
124309;2018-03-02;"sexta-feira";"09:40:00";"PE";232;90,5;"SAIRE";"Velocidade Incompatível";"Colisão com objeto estático";"Com Vítimas Feridas";"Pleno dia";"Crescente";"Nublado";"Dupla";"Curva";"Não";1;0;0;1;0;0;1;1;-8,21807395;-35,66201806;"SPRF-PE";"DEL01-PE";"UOP02-DEL02PE"
124312;2018-04-07;"sábado";"15:15:00";"RS";386;416,2;"MONTENEGRO";"Falta de Atenção à Condução";"Colisão frontal";"Com Vítimas Fatais";"Pleno dia";"Decrescente";"Céu Claro";"Dupla";"Reta";"Sim";6;1;1;3;1;0;4;3;-29,82039128;-51,44004822;"SPRF-RS";"DEL04-RS";"UOP02-DEL04-RS"
124314;2018-04-07;"sábado";"15:20:00";"RS";290;130,8;"ELDORADO DO SUL";"Desobediência às normas de trânsito pelo condutor";"Colisão transversal";"Com Vítimas Feridas";"Pleno dia";"Crescente";"Céu Claro";"Simples";"Interseção de Vias";"Não";6;0;1;0;5;0;1;2;-30,05965999;-51,51896954;"SPRF-RS";"DEL02-RS";"UOP01-DEL02-RS"
124316;2018-04-07;"sábado";"14:10:00";"MG";116;529,4;"CARATINGA";"Velocidade Incompatível";"Colisão traseira";"Com Vítimas Feridas";"Pleno dia";"Decrescente";"Nublado";"Simples";"Reta;Aclive";"Sim";3;0;1;0;2;0;1;2;-19,793796;-42,137343;"SPRF-MG";"DEL06-MG";"UOP02-DEL06-MG"
124318;2018-04-07;"sábado";"14:40:00";"MG";116;528,5;"CARATINGA";"Falta de Atenção à Condução";"Colisão traseira";"Com Vítimas Feridas";"Pleno dia";"Crescente";"Céu Claro";"Dupla";"Reta";"Sim";2;0;1;0;1;0;1;2;-19,78707732;-42,13527203;"SPRF-MG";"DEL06-MG";"UOP02-DEL06-MG"
124320;2018-04-07;"sábado";"15:40:00";"GO";153;496,3;"GOIANIA";"Falta de Atenção à Condução";"Colisão traseira";"Com Vítimas Feridas";"Pleno dia";"Crescente";"Nublado";"Dupla";"Reta";"Sim";2;0;2;0;0;0;2;2;-16,6776;-49,2314;"SPRF-GO";"DEL01-GO";"UOP01-DEL01-GO"
124321;2018-04-07;"sábado";"15:00:00";"RO";364;345;"JI-PARANA";"Falta de Atenção à Condução";"Colisão traseira";"Com Vítimas Feridas";"Pleno dia";"Decrescente";"Céu Claro";"Simples";"Reta";"Sim";2;0;1;0;1;0;1;2;-10,868851;-61,960064;"SPRF-RO";"DEL02-RO";"UOP01-DEL02-RO"
124323;2018-04-07;"sábado";"15:20:00";"MT";163;831;"SINOP";"Desobediência às normas de trânsito pelo condutor";"Colisão transversal";"Com Vítimas Feridas";"Pleno dia";"Crescente";"Sol";"Dupla";"Rotatória";"Sim";2;0;1;0;0;1;1;2;-11,8921759;-55,50312281;"SPRF-MT";"DEL06-MT";"UOP01-DEL06-MT"
124324;2018-04-07;"sábado";"16:00:00";"SC";282;23,3;"PALHOCA";"Falta de Atenção à Condução";"Colisão traseira";"Com Vítimas Feridas";"Pleno dia";"Decrescente";"Céu Claro";"Simples";"Reta";"Sim";4;0;1;0;3;0;1;3;-27,687958;-48,736794;"SPRF-SC";"DEL01-SC";"UOP02-DEL01-SC"
124328;2018-04-07;"sábado";"13:30:00";"PI";135;337;"BOM JESUS";"Pista Escorregadia";"Colisão com objeto estático";"Com Vítimas Fatais";"Pleno dia";"Crescente";"Chuva";"Simples";"Reta";"Não";11;1;9;1;0;0;10;1;-8,983537;-44,282722;"SPRF-PI";"DEL03-PI";"UOP02-DEL03-PI"
124329;2018-04-07;"sábado";"16:55:00";"CE";116;18;"EUSEBIO";"Falta de Atenção à Condução";"Colisão traseira";"Com Vítimas Feridas";"Pleno dia";"Decrescente";"Céu Claro";"Dupla";"Reta";"Sim";2;0;1;0;1;0;1;2;-3,91240183;-38,50642562;"SPRF-CE";"DEL01-CE";"UOP02-DEL01-CE"
124330;2018-04-07;"sábado";"16:30:00";"MA";135;112,5;"ITAPECURU MIRIM";"Falta de Atenção à Condução";"Colisão traseira";"Sem Vítimas";"Pleno dia";"Crescente";"Chuva";"Simples";"Reta";"Não";3;0;0;0;3;0;0;3;-3,452302;-44,526684;"SPRF-MA";"DEL01-MA";"UOP02-DEL01-MA"
124331;2018-04-07;"sábado";"16:40:00";"PE";408;76;"PAUDALHO";"Falta de Atenção à Condução";"Colisão traseira";"Com Vítimas Fatais";"Pleno dia";"Decrescente";"Céu Claro";"Dupla";"Reta";"Não";3;1;0;0;2;0;0;3;-7,914932;-35,169443;"SPRF-PE";"DEL01-PE";"UOP01-DEL01-PE"