"id";"data_inversa";"dia_semana";"horario";"uf";"br";"km";"municipio";"causa_acidente";"tipo_acidente";"classificacao_acidente";"fase_dia";"sentido_via";"condicao_metereologica";"tipo_pista";"tracado_via";"uso_solo";"pessoas";"mortos";"feridos_leves";"feridos_graves";"ilesos";"ignorados";"feridos";"veiculos";"latitude";"longitude";"regional";"delegacia";"uop"
124332;2018-04-07;"sábado";"16:40:00";"SC";470;39;"GASPAR";"Falta de Atenção à Condução";"Colisão traseira";"Com Vítimas Feridas";"Pleno dia";"Crescente";"Céu Claro";"Simples";"Curva;Em Obras";"Não";2;0;1;0;1;0;1;2;-26,91227295;-48,97814244;"SPRF-SC";"DEL04-SC";"UOP01-DEL04-SC"
124333;2018-04-07;"sábado";"15:36:00";"SC";153;111;"CONCORDIA";"Desobediência às normas de trânsito pelo condutor";"Colisão transversal";"Com Vítimas Feridas";"Pleno dia";"Crescente";"Céu Claro";"Simples";"Reta";"Não";2;0;0;1;0;1;1;2;-27,319271;-51,983299;"SPRF-SC";"DEL07-SC";"UOP04-DEL07-SC"
124334;2018-04-07;"sábado";"16:00:00";"MG";262;356;"BETIM";"Avarias e/ou desgaste excessivo no pneu";"Tombamento";"Com Vítimas Feridas";"Pleno dia";"Decrescente";"Céu Claro";"Dupla";"Reta";"Não";1;0;1;0;0;0;1;1;-19,97959879;-44,21556441;"SPRF-MG";"DEL01-MG";"UOP03-DEL01-MG"
124335;2018-04-07;"sábado";"17:00:00";"DF";40;4;"BRASILIA";"Falta de Atenção à Condução";"Saída de leito carroçável";"Com Vítimas Feridas";"Pleno dia";"Decrescente";"Céu Claro";"Dupla";"Reta";"Sim";1;0;1;0;0;0;1;1;-16,012033;-47,982124;"SPRF-DF";"DEL01-DF";"UOP01-DEL01-DF"
124336;2018-02-02;"sexta-feira";"18:10:00";"SC";0;0;"BLUMENAU";"Desobediência às normas de trânsito pelo condutor";"Colisão lateral";"Com Vítimas Feridas";"Anoitecer";"Não Informado";"Céu Claro";"Dupla";"Interseção de Vias";"Sim";2;0;1;0;0;1;1;2;-26,86363476;-49,09786552;"SPRF-SC";"DEL04-SC";"UOP01-DEL04-SC"
124339;2018-04-07;"sábado";"15:25:00";"ES";262;30,4;"DOMINGOS MARTINS";"Mal Súbito";"Colisão com objeto estático";"Com Vítimas Feridas";"Pleno dia";"Decrescente";"Chuva";"Simples";"Curva;Declive";"Não";1;0;0;1;0;0;1;1;-20,3819635;-40,56770325;"SPRF-ES";"DEL01-ES";"UOP01-DEL01-ES"
124340;2018-04-07;"sábado";"16:10:00";"MS";163;353,9;"NOVA ALVORADA DO SUL";"Falta de Atenção à Condução";"Saída de leito carroçável";"Com Vítimas Feridas";"Pleno dia";"Crescente";"Céu Claro";"Dupla";"Reta";"Não";5;0;3;2;0;0;5;1;-21,559455;-54,416401;"SPRF-MS";"DEL02-MS";"UOP02-DEL02-MS"
124341;2018-04-07;"sábado";"16:10:00";"ES";262;26,5;"VIANA";"Ingestão de Álcool";"Saída de leito carroçável";"Com Vítimas Feridas";"Pleno dia";"Decrescente";"Chuva";"Simples";"Curva";"Não";1;0;1;0;0;0;1;1;-20,38205401;-40,54627592;"SPRF-ES";"DEL01-ES";"UOP01-DEL01-ES"
124343;2018-04-07;"sábado";"17:30:00";"SP";101;49;"UBATUBA";"Ingestão de Álcool";"Colisão traseira";"Sem Vítimas";"Pleno dia";"Crescente";"Céu Claro";"Simples";"Reta";"Sim";3;0;0;0;3;0;0;2;-23,44663737;-45,08121997;"SPRF-SP";"DEL06-SP";"UOP01-DEL06-SP"
124344;2018-04-07;"sábado";"17:30:00";"GO";153;540;"HIDROLANDIA";"Objeto estático sobre o leito carroçável";"Colisão com objeto estático";"Com Vítimas Feridas";"Pleno dia";"Crescente";"Chuva";"Dupla";"Reta";"Sim";2;0;1;1;0;0;2;1;-17,047113;-49,22585;"SPRF-GO";"DEL01-GO";"UOP03-DEL01-GO"
124345;2018-04-07;"sábado";"17:45:00";"SP";116;96;"PINDAMONHANGABA";"Defeito Mecânico no Veículo";"Tombamento";"Com Vítimas Feridas";"Anoitecer";"Crescente";"Nublado";"Dupla";"Reta";"Sim";2;0;2;0;0;0;2;1;-22,96958;-45,438957;"SPRF-SP";"DEL06-SP";"UOP01-DEL06-SP"
124346;2018-04-07;"sábado";"17:40:00";"MG";262;443;"NOVA SERRANA";"Falta de Atenção à Condução";"Queda de ocupante de veículo";"Com Vítimas Feridas";"Anoitecer";"Crescente";"Céu Claro";"Simples";"Reta";"Não";1;0;1;0;0;0;1;1;-19,880623;-44,912323;"SPRF-MG";"DEL08-MG";"UOP03-DEL08-MG"
124348;2018-04-07;"sábado";"17:00:00";"PA";316;35;"SANTA IZABEL DO PARA";"Falta de Atenção à Condução";"Colisão transversal";"Com Vítimas Feridas";"Pleno dia";"Decrescente";"Chuva";"Dupla";"Reta";"Sim";2;0;1;1;0;0;2;2;-1,289763;-48,156025;"SPRF-PA";"DEL01-PA";"DEL19/1-UOP05/PA"
124349;2018-04-07;"sábado";"17:30:00";"RJ";116;170;"RIO DE JANEIRO";"Avarias e/ou desgaste excessivo no pneu";"Queda de ocupante de veículo";"Com Vítimas Feridas";"Plena Noite";"Decrescente";"Céu Claro";"Múltipla";"Reta";"Sim";1;0;0;1;0;0;1;1;-22,8111;-43,333729;"SPRF-RJ";"DEL01-RJ";"UOP02-DEL01-RJ"
124350;2018-04-07;"sábado";"18:10:00";"RN";101;83;"NATAL";"Desobediência às normas de trânsito pelo condutor";"Colisão lateral";"Com Vítimas Feridas";"Plena Noite";"Decrescente";"Céu Claro";"Dupla";"Reta";"Sim";3;0;1;0;2;0;1;3;-5,7707355;-35,2675492;"SPRF-RN";"DEL02-RN";"UOP01-DEL02-RN"
124351;2018-04-07;"sábado";"18:30:00";"ES";101;279,1;"SERRA";"Ingestão de Álcool";"Capotamento";"Com Vítimas Feridas";"Plena Noite";"Crescente";"Nublado";"Dupla";"Curva";"Não";2;0;2;0;0;0;2;1;-20,21866029;-40,35476536;"SPRF-ES";"DEL02-ES";"UOP01-DEL02-ES"
124353;2018-04-07;"sábado";"13:39:00";"PI";316;8,5;"TERESINA";"Falta de Atenção à Condução";"Colisão traseira";"Sem Vítimas";"Pleno dia";"Decrescente";"Céu Claro";"Simples";"Reta";"Sim";2;0;0;0;2;0;0;2;-5,164865;-42,768986;"SPRF-PI";"DEL01-PI";"UOP02-DEL01-PI"
124354;2018-04-07;"sábado";"18:10:00";"RJ";101;473;"ANGRA DOS REIS";"Desobediência às normas de trânsito pelo condutor";"Atropelamento de Pedestre";"Com Vítimas Feridas";"Anoitecer";"Decrescente";"Céu Claro";"Simples";"Reta";"Não";2;0;1;0;0;1;1;2;-22,9914212;-44,2431536;"SPRF-RJ";"DEL03-RJ";"UOP03-DEL03-RJ"
124355;2018-04-07;"sábado";"18:00:00";"PR";158;510;"CORONEL VIVIDA";"Ultrapassagem Indevida";"Colisão lateral";"Com Vítimas Feridas";"Anoitecer";"Crescente";"Céu Claro";"Simples";"Reta";"Não";4;0;1;2;1;0;3;3;-25,991112;-52,557045;"SPRF-PR";"DEL02-PR";"UOP01-DEL02-PR"
124356;2018-04-07;"sábado";"18:30:00";"SC";280;28;"ARAQUARI";"Falta de Atenção à Condução";"Colisão traseira";"Com Vítimas Feridas";"Anoitecer";"Crescente";"Céu Claro";"Simples";"Reta";"Sim";4;0;2;0;2;0;2;4;-26,40457;-48,745659;"SPRF-SC";"DEL03-SC";"UOP03-DEL03-SC"
124357;2018-04-07;"sábado";"18:30:00";"MG";116;226;"CATUJI";"Condutor Dormindo";"Saída de leito carroçável";"Com Vítimas Feridas";"Plena Noite";"Decrescente";"Céu Claro";"Simples";"Curva";"Não";1;0;0;1;0;0;1;1;-17,35194917;-41,5271616;"SPRF-MG";"DEL11-MG";"UOP01-DEL11-MG"
124358;2018-04-07;"sábado";"16:20:00";"RO";429;60,1;"PRESIDENTE MEDICI";"Falta de Atenção à Condução";"Colisão transversal";"Com Vítimas Feridas";"Pleno dia";"Crescente";"Céu Claro";"Simples";"Reta";"Não";2;0;1;0;1;0;1;2;-11,202887;-62,072639;"SPRF-RO";"DEL02-RO";"UOP03-DEL02-RO"
124361;2018-04-07;"sábado";"16:30:00";"MG";116;593,1;"MANHUACU";"Fenômenos da Natureza";"Saída de leito carroçável";"Com Vítimas Feridas";"Pleno dia";"Decrescente";"Chuva";"Simples";"Curva";"Não";1;0;1;0;0;0;1;1;-20,2471317;-42,1424401;"SPRF-MG";"DEL06-MG";"UOP03-DEL06-MG"
124362;2018-04-04;"quarta-feira";"19:20:00";"PA";230;570;"VITORIA DO XINGU";"Ingestão de Álcool";"Colisão frontal";"Com Vítimas Feridas";"Plena Noite";"Crescente";"Ignorado";"Simples";"Reta";"Não";2;0;1;0;1;0;1;2;-3,12380473;-51,77998636;"SPRF-PA";"DEL04-PA";"UOP01-DEL04-PA"
124363;2018-04-07;"sábado";"17:40:00";"MG";40;511,9;"RIBEIRAO DAS NEVES";"Falta de Atenção à Condução";"Colisão traseira";"Com Vítimas Feridas";"Anoitecer";"Crescente";"Céu Claro";"Dupla";"Reta";"Sim";3;0;1;0;1;1;1;3;-19,7926;-44,1112;"SPRF-MG";"DEL01-MG";"UOP03-DEL01-MG"
124364;2018-04-07;"sábado";"19:10:00";"RS";293;251;"DOM PEDRITO";"Falta de Atenção à Condução";"Colisão traseira";"Sem Vítimas";"Plena Noite";"Crescente";"Céu Claro";"Simples";"Reta";"Sim";2;0;0;0;2;0;0;2;-30,964394;-54,669571;"SPRF-RS";"DEL11-RS";"UOP01-DEL11-RS"
124365;2018-04-07;"sábado";"18:50:00";"SC";282;4,4;"FLORIANOPOLIS";"Falta de Atenção à Condução";"Colisão traseira";"Com Vítimas Feridas";"Plena Noite";"Crescente";"Céu Claro";"Múltipla";"Interseção de Vias";"Sim";3;0;1;0;2;0;1;2;-27,592646;-48,604034;"SPRF-SC";"DEL01-SC";"UOP01-DEL01-SC"
124366;2018-04-07;"sábado";"19:40:00";"ES";262;112;"VENDA NOVA DO IMIGRANTE";"Falta de Atenção à Condução";"Colisão lateral";"Com Vítimas Feridas";"Plena Noite";"Crescente";"Céu Claro";"Simples";"Reta";"Não";2;0;1;0;1;0;1;2;-20,33746438;-41,20033979;"SPRF-ES";"DEL01-ES";"UOP02-DEL01-ES"
124367;2018-04-07;"sábado";"18:05:00";"SE";235;46,4;"ITABAIANA";"Falta de Atenção à Condução";"Colisão frontal";"Com Vítimas Feridas";"Plena Noite";"Crescente";"Céu Claro";"Simples";"Ponte";"Não";7;0;6;0;1;0;6;3;-10,739394;-37,405602;"SPRF-SE";"DEL01-SE";"UOP02-DEL01-SE"
124371;2018-04-07;"sábado";"13:30:00";"MA";135;185,8;"SAO MATEUS DO MARANHAO";"Falta de Atenção à Condução";"Colisão traseira";"Com Vítimas Feridas";"Pleno dia";"Decrescente";"Céu Claro";"Simples";"Reta";"Não";4;0;1;2;1;0;3;3;-4,04304252;-44,46922302;"SPRF-MA";"DEL03-MA";"UOP01-DEL03-MA"
124377;2018-04-07;"sábado";"19:00:00";"PR";376;622,5;"SAO JOSE DOS PINHAIS";"Velocidade Incompatível";"Colisão traseira";"Com Vítimas Feridas";"Plena Noite";"Decrescente";"Céu Claro";"Dupla";"Reta";"Não";3;0;1;0;2;0;1;2;-25,63817005;-49,16045931;"SPRF-PR";"DEL01-PR";"DEL7/1-UOP08/PR"
124380;2018-04-07;"sábado";"18:30:00";"MA";222;361;"SANTA INES";"Ingestão de Álcool";"Colisão frontal";"Com Vítimas Feridas";"Plena Noite";"Crescente";"Nublado";"Simples";"Reta";"Sim";2;0;0;1;1;0;1;2;-3,68860389;-45,39344788;"SPRF-MA";"DEL02-MA";"UI04-DEL02-MA"
124381;2018-04-07;"sábado";"19:10:00";"SC";101;197,5;"SAO JOSE";"Desobediência às normas de trânsito pelo condutor";"Colisão com objeto estático";"Com Vítimas Feridas";"Plena Noite";"Decrescente";"Céu Claro";"Múltipla";"Viaduto;Curva;Aclive";"Sim";2;0;2;0;0;0;2;1;-27,52309615;-48,6369994;"SPRF-SC";"DEL01-SC";"UOP01-DEL01-SC"
124385;2018-04-07;"sábado";"19:40:00";"PB";230;13;"JOAO PESSOA";"Desobediência às normas de trânsito pelo condutor";"Colisão lateral";"Com Vítimas Feridas";"Plena Noite";"Crescente";"Céu Claro";"Dupla";"Reta";"Sim";3;0;1;0;0;2;1;3;-7,0772;-34,8494;"SPRF-PB";"DEL01-PB";"UOP01-DEL01-PB"
124388;2018-04-07;"sábado";"19:40:00";"ES";101;147;"LINHARES";"Falta de Atenção à Condução";"Colisão transversal";"Com Vítimas Feridas";"Plena Noite";"Decrescente";"Garoa/Chuvisco";"Simples";"Reta";"Sim";2;0;0;1;1;0;1;2;-19,39316626;-40,07069277;"SPRF-ES";"DEL04-ES";"UOP01-DEL04-ES"
124391;2018-04-07;"sábado";"17:20:00";"SC";280;90,1;"CORUPA";"Ingestão de Álcool";"Saída de leito carroçável";"Com Vítimas Feridas";"Pleno dia";"Crescente";"Céu Claro";"Simples";"Reta;Aclive";"Não";1;0;1;0;0;0;1;1;-26,407627;-49,283455;"SPRF-SC";"DEL06-SC";"UOP03-DEL06-SC"
124394;2018-04-07;"sábado";"20:00:00";"SC";101;88,5;"BARRA VELHA";"Mal Súbito";"Saída de leito carroçável";"Com Vítimas Feridas";"Plena Noite";"Crescente";"Céu Claro";"Simples";"Reta";"Sim";1;0;1;0;0;0;1;1;-26,65471961;-48,68774235;"SPRF-SC";"DEL03-SC";"UOP02-DEL03-SC"
124400;2018-04-07;"sábado";"19:45:00";"SP";116;444,9;"REGISTRO";"Ingestão de Álcool";"Colisão traseira";"Sem Vítimas";"Plena Noite";"Crescente";"Nublado";"Simples";"Reta";"Sim";2;0;0;0;2;0;0;2;-24,48714856;-47,83447266;"SPRF-SP";"DEL05-SP";"UOP01-DEL05-SP"
124403;2018-04-07;"sábado";"18:00:00";"CE";116;200,2;"LIMOEIRO DO NORTE";"Animais na Pista";"Atropelamento de Animal";"Sem Vítimas";"Plena Noite";"Decrescente";"Céu Claro";"Simples";"Curva";"Não";1;0;0;0;1;0;0;1;-5,1976294;-38,20907593;"SPRF-CE";"DEL03-CE";"UOP01-DEL03-CE"
124404;2018-04-07;"sábado";"19:10:00";"PB";230;31,8;"BAYEUX";"Velocidade Incompatível";"Colisão com objeto estático";"Sem Vítimas";"Plena Noite";"Crescente";"Nublado";"Dupla";"Reta";"Sim";1;0;0;0;0;1;0;1;-7,144143;-34,918193;"SPRF-PB";"DEL01-PB";"UOP01-DEL01-PB"
124405;2018-04-07;"sábado";"18:00:00";"GO";60;239;"INDIARA";"Pista Escorregadia";"Saída de leito carroçável";"Sem Vítimas";"Anoitecer";"Crescente";"Chuva";"Dupla";"Reta";"Não";1;0;0;0;1;0;0;1;-17,0946;-49,8649;"SPRF-GO";"DEL01-GO";"UOP02-DEL01-GO"
124406;2018-04-07;"sábado";"19:10:00";"RS";386;437,8;"NOVA SANTA RITA";"Desobediência às normas de trânsito pelo condutor";"Colisão transversal";"Com Vítimas Fatais";"Plena Noite";"Crescente";"Céu Claro";"Dupla";"Reta";"Sim";5;1;1;1;1;1;2;3;-29,86110177;-51,25609696;"SPRF-RS";"DEL04-RS";"UOP02-DEL04-RS"
124407;2018-04-07;"sábado";"20:25:00";"PI";343;12,7;"PARNAIBA";"Ingestão de álcool e/ou substâncias psicoativas pelo pedestre";"Atropelamento de Pedestre";"Com Vítimas Feridas";"Plena Noite";"Crescente";"Nublado";"Dupla";"Reta";"Sim";2;0;2;0;0;0;2;2;-2,91591635;-41,75409257;"SPRF-PI";"DEL05-PI";"UOP01-DEL05-PI"
124408;2018-04-07;"sábado";"19:00:00";"MS";262;240;"RIBAS DO RIO PARDO";"Falta de Atenção do Pedestre";"Atropelamento de Pedestre";"Com Vítimas Feridas";"Plena Noite";"Crescente";"Céu Claro";"Simples";"Reta";"Sim";3;0;0;1;1;1;1;2;-20,45755;-53,764419;"SPRF-MS";"DEL01-MS";"UOP01-DEL01-MS"
124409;2018-04-07;"sábado";"20:45:00";"PR";369;129,4;"JATAIZINHO";"Defeito Mecânico no Veículo";"Saída de leito carroçável";"Com Vítimas Feridas";"Plena Noite";"Crescente";"Céu Claro";"Simples";"Reta";"Sim";2;0;2;0;0;0;2;1;-23,28550352;-50,93055725;"SPRF-PR";"DEL07-PR";"UOP01-DEL07-PR"
124426;2018-04-07;"sábado";"19:00:00";"AL";101;128;"SAO MIGUEL DOS CAMPOS";"Ingestão de Álcool";"Queda de ocupante de veículo";"Com Vítimas Feridas";"Plena Noite";"Crescente";"Céu Claro";"Simples";"Desvio Temporário";"Não";2;0;1;0;1;0;1;1;-9,749633;-36,065311;"SPRF-AL";"DEL02-AL";"UOP01-DEL02-AL"
124427;2018-04-07;"sábado";"19:15:00";"SC";282;207;"LAGES";"Ingestão de Álcool";"Colisão traseira";"Com Vítimas Feridas";"Plena Noite";"Crescente";"Céu Claro";"Simples";"Rotatória";"Não";3;0;1;0;2;0;1;2;-27,773464;-50,202095;"SPRF-SC";"DEL05-SC";"UOP01-DEL05-SC"
124429;2018-04-07;"sábado";"20:40:00";"RJ";40;17,9;"TRES RIOS";"Ingestão de álcool e/ou substâncias psicoativas pelo pedestre";"Atropelamento de Pedestre";"Com Vítimas Feridas";"Plena Noite";"Crescente";"Céu Claro";"Dupla";"Curva";"Não";5;0;1;0;4;0;1;2;-22,09247458;-43,17079782;"SPRF-RJ";"DEL06-RJ";"UOP02-DEL05-RJ"
124431;2018-04-07;"sábado";"21:00:00";"ES";101;127;"SOORETAMA";"Falta de Atenção à Condução";"Colisão frontal";"Com Vítimas Feridas";"Plena Noite";"Crescente";"Chuva";"Múltipla";"Declive";"Sim";2;0;1;0;1;0;1;2;-19,20187632;-40,09569883;"SPRF-ES";"DEL04-ES";"UOP01-DEL04-ES"
124432;2018-04-07;"sábado";"20:00:00";"PB";230;156,9;"CAMPINA GRANDE";"Falta de Atenção à Condução";"Colisão transversal";"Com Vítimas Feridas";"Plena Noite";"Crescente";"Nublado";"Simples";"Reta";"Sim";2;0;1;0;1;0;1;2;-7,2677;-35,9155;"SPRF-PB";"DEL02-PB";"UOP01-DEL02-PB"
124433;2018-04-07;"sábado";"21:10:00";"SC";470;128;"LONTRAS";"Falta de Atenção à Condução";"Colisão transversal";"Com Vítimas Feridas";"Plena Noite";"Crescente";"Céu Claro";"Simples";"Reta";"Sim";4;0;4;0;0;0;4;2;-27,143742;-49,548897;"SPRF-SC";"DEL04-SC";"UOP02-DEL04-SC"
124434;2018-04-07;"sábado";"19:00:00";"RJ";40;103,7;"DUQUE DE CAXIAS";"Desobediência às normas de trânsito pelo condutor";"Colisão transversal";"Com Vítimas Feridas";"Plena Noite";"Decrescente";"Céu Claro";"Múltipla";"Reta";"Sim";3;0;1;0;2;0;1;2;-22,6408337;-43,2832462;"SPRF-RJ";"DEL01-RJ";"UOP01-DEL01-RJ"
124435;2018-04-07;"sábado";"20:50:00";"PR";476;146;"CURITIBA";"Falta de Atenção à Condução";"Saída de leito carroçável";"Com Vítimas Feridas";"Plena Noite";"Crescente";"Céu Claro";"Dupla";"Reta";"Não";1;0;0;1;0;0;1;1;-25,55483157;-49,33959961;"SPRF-PR";"DEL01-PR";"UOP06-DEL01-PR"
124436;2018-04-07;"sábado";"19:45:00";"MT";174;1;"PONTES E LACERDA";"Falta de Atenção à Condução";"Colisão frontal";"Com Vítimas Feridas";"Plena Noite";"Crescente";"Céu Claro";"Simples";"Reta";"Sim";2;0;1;0;1;0;1;2;-15,24502466;-59,31697994;"SPRF-MT";"DEL03-MT";"UOP01-DEL03-MT"
124437;2018-04-07;"sábado";"19:50:00";"PR";280;294,3;"FLOR DA SERRA DO SUL";"Ultrapassagem Indevida";"Colisão frontal";"Com Vítimas Feridas";"Plena Noite";"Decrescente";"Céu Claro";"Simples";"Curva";"Não";3;0;2;1;0;0;3;2;-26,249887;-53,344238;"SPRF-PR";"DEL02-PR";"UOP01-DEL02-PR"
124439;2018-04-07;"sábado";"21:40:00";"GO";70;8,3;"AGUAS LINDAS DE GOIAS";"Velocidade Incompatível";"Colisão traseira";"Com Vítimas Feridas";"Plena Noite";"Decrescente";"Céu Claro";"Dupla";"Curva";"Sim";3;0;2;0;1;0;2;2;-15,73615104;-48,276667;"SPRF-DF";"DEL01-DF";"UOP02-DEL03-DF"
124440;2018-04-07;"sábado";"19:10:00";"PR";476;149,6;"ARAUCARIA";"Ingestão de Álcool";"Colisão traseira";"Com Vítimas Feridas";"Anoitecer";"Crescente";"Céu Claro";"Dupla";"Curva";"Sim";4;0;3;0;0;1;3;3;-25,55773467;-49,36688089;"SPRF-PR";"DEL01-PR";"UOP06-DEL01-PR"
124442;2018-04-07;"sábado";"21:30:00";"RS";290;98,1;"PORTO ALEGRE";"Velocidade Incompatível";"Colisão traseira";"Com Vítimas Feridas";"Plena Noite";"Decrescente";"Céu Claro";"Dupla";"Reta";"Sim";2;0;1;0;1;0;1;2;-29,99657039;-51,21963501;"SPRF-RS";"DEL01-RS";"UOP01-DEL01-RS"
124443;2018-04-07;"sábado";"20:55:00";"BA";116;652;"JEQUIE";"Falta de Atenção à Condução";"Colisão traseira";"Sem Vítimas";"Plena Noite";"Crescente";"Céu Claro";"Simples";"Reta";"Não";1;0;0;0;0;1;0;1;-13,679522;-40,095933;"SPRF-BA";"DEL03-BA";"UOP01-DEL03-BA"
124444;2018-04-07;"sábado";"21:30:00";"PA";316;10;"MARITUBA";"Ingestão de Álcool";"Colisão transversal";"Com Vítimas Feridas";"Plena Noite";"Decrescente";"Nublado";"Dupla";"Reta";"Sim";3;0;1;1;1;0;2;2;-1,37315954;-48,38447571;"SPRF-PA";"DEL01-PA";"DEL19/1-UOP05/PA"
124445;2018-04-07;"sábado";"19:30:00";"SC";101;417,4;"ARARANGUA";"Falta de Atenção à Condução";"Colisão com objeto estático";"Com Vítimas Feridas";"Plena Noite";"Decrescente";"Ignorado";"Múltipla";"Reta";"Não";1;0;1;0;0;0;1;1;-28,9784;-49,5348;"SPRF-SC";"DEL02-SC";"UOP02-DEL02-SC"
124446;2018-04-07;"sábado";"22:15:00";"RS";290;98;"PORTO ALEGRE";"Falta de Atenção à Condução";"Engavetamento";"Com Vítimas Feridas";"Plena Noite";"Crescente";"Céu Claro";"Simples";"Reta";"Sim";5;0;1;0;4;0;1;4;-29,9683133;-51,1737043;"SPRF-RS";"DEL01-RS";"UOP01-DEL01-RS"
124448;2018-04-07;"sábado";"22:30:00";"RN";226;14,6;"MACAIBA";"Desobediência às normas de trânsito pelo condutor";"Colisão transversal";"Com Vítimas Feridas";"Plena Noite";"Decrescente";"Nublado";"Simples";"Reta";"Sim";2;0;0;1;1;0;1;2;-5,853958;-35,328274;"SPRF-RN";"DEL01-RN";"UOP02-DEL01-RN"
124450;2018-04-07;"sábado";"19:30:00";"SC";101;403;"MARACAJA";"Falta de Atenção do Pedestre";"Atropelamento de Pedestre";"Com Vítimas Fatais";"Plena Noite";"Crescente";"Céu Claro";"Múltipla";"Reta";"Não";2;1;0;0;1;0;0;2;-28,87847381;-49,45780456;"SPRF-SC";"DEL02-SC";"UOP02-DEL02-SC"
124451;2018-04-07;"sábado";"21:05:00";"MG";381;654;"SANTO ANTONIO DO AMPARO";"Ingestão de Álcool";"Saída de leito carroçável";"Sem Vítimas";"Plena Noite";"Decrescente";"Céu Claro";"Dupla";"Aclive;Curva;Retorno Regulamentado";"Não";1;0;0;0;1;0;0;1;-20,9755755;-44,9391675;"SPRF-MG";"DEL04-MG";"UOP02-DEL04-MG"
124452;2018-04-07;"sábado";"22:50:00";"PR";376;175;"MARINGA";"Falta de Atenção à Condução";"Colisão traseira";"Com Vítimas Feridas";"Plena Noite";"Crescente";"Céu Claro";"Dupla";"Interseção de Vias";"Sim";2;0;1;0;1;0;1;2;-23,41120286;-51,94011742;"SPRF-PR";"DEL07-PR";"UOP01-DEL09-PR"
124453;2018-04-07;"sábado";"22:30:00";"PA";230;116;"MARABA";"Desobediência às normas de trânsito pelo condutor";"Colisão transversal";"Com Vítimas Feridas";"Plena Noite";"Crescente";"Céu Claro";"Dupla";"Interseção de Vias";"Sim";2;0;1;0;1;0;1;2;-5,359473;-49,083012;"SPRF-PA";"DEL03-PA";"UOP01-DEL03-PA"
124454;2018-04-07;"sábado";"21:30:00";"MA";230;405;"BALSAS";"Falta de Atenção à Condução";"Colisão transversal";"Com Vítimas Feridas";"Plena Noite";"Decrescente";"Céu Claro";"Simples";"Reta";"Sim";2;0;1;0;0;1;1;2;-7,521335;-46,04969;"SPRF-MA";"DEL05-MA";"UOP01-DEL05-MA"
124455;2018-04-07;"sábado";"22:20:00";"RJ";116;269,2;"BARRA MANSA";"Falta de Atenção do Pedestre";"Atropelamento de Pedestre";"Com Vítimas Fatais";"Plena Noite";"Decrescente";"Céu Claro";"Dupla";"Curva";"Sim";2;1;0;0;1;0;0;2;-22,56242;-44,15739;"SPRF-RJ";"DEL07-RJ";"UOP02-DEL07-RJ"
124456;2018-04-07;"sábado";"22:40:00";"PR";376;615,5;"SAO JOSE DOS PINHAIS";"Velocidade Incompatível";"Atropelamento de Pedestre";"Com Vítimas Fatais";"Plena Noite";"Decrescente";"Nublado";"Dupla";"Reta;Declive";"Sim";2;1;0;0;0;1;0;2;-25,57843697;-49,17836037;"SPRF-PR";"DEL01-PR";"DEL7/1-UOP08/PR"
124461;2018-04-07;"sábado";"23:50:00";"SP";116;275,8;"SAO JOSE DOS CAMPOS";"Falta de Atenção do Pedestre";"Atropelamento de Pedestre";"Com Vítimas Feridas";"Plena Noite";"Crescente";"Céu Claro";"Dupla";"Curva";"Sim";3;0;0;1;1;1;1;2;-23,219809;-45,899918;"SPRF-SP";"DEL04-SP";"UOP01-DEL04-SP"
124471;2018-04-07;"sábado";"23:40:00";"RS";116;265;"CANOAS";"Ingestão de Álcool";"Colisão com objeto estático";"Com Vítimas Feridas";"Plena Noite";"Decrescente";"Céu Claro";"Múltipla";"Reta";"Sim";3;0;3;0;0;0;3;1;-29,92473766;-51,17779255;"SPRF-RS";"DEL01-RS";"UOP01-DEL01-RS"
124472;2018-04-07;"sábado";"19:10:00";"PR";153;99,1;"JAPIRA";"Desobediência às normas de trânsito pelo condutor";"Colisão transversal";"Com Vítimas Feridas";"Plena Noite";"Decrescente";"Céu Claro";"Simples";"Interseção de Vias";"Não";6;0;3;1;1;1;4;3;-23,76531544;-50,18769264;"SPRF-PR";"DEL07-PR";"DEL7/7-UOP08/PR"
124473;2018-04-07;"sábado";"23:30:00";"SP";381;85,5;"SAO PAULO";"Falta de Atenção à Condução";"Incêndio";"Com Vítimas Feridas";"Plena Noite";"Crescente";"Céu Claro";"Dupla";"Reta";"Sim";1;0;1;0;0;0;1;1;-23,45833629;-46,57154096;"SPRF-SP";"DEL03-SP";"DEL6/3-UOP03/SP"
124474;2018-04-07;"sábado";"21:15:00";"CE";222;5;"CAUCAIA";"Ingestão de Álcool";"Atropelamento de Pedestre";"Com Vítimas Feridas";"Plena Noite";"Decrescente";"Céu Claro";"Múltipla";"Reta";"Sim";2;0;1;0;1;0;1;2;-3,74297;-38,613312;"SPRF-CE";"DEL01-CE";"UOP01-DEL01-CE"
124475;2018-04-08;"domingo";"00:01:00";"RJ";101;287;"ITABORAI";"Falta de Atenção à Condução";"Saída de leito carroçável";"Sem Vítimas";"Plena Noite";"Decrescente";"Céu Claro";"Dupla";"Reta";"Sim";2;0;0;0;2;0;0;1;-22,755175;-42,834625;"SPRF-RJ";"DEL02-RJ";"UOP03-DEL02-RJ"