"id";"data_inversa";"dia_semana";"horario";"uf";"br";"km";"municipio";"causa_acidente";"tipo_acidente";"classificacao_acidente";"fase_dia";"sentido_via";"condicao_metereologica";"tipo_pista";"tracado_via";"uso_solo";"pessoas";"mortos";"feridos_leves";"feridos_graves";"ilesos";"ignorados";"feridos";"veiculos";"latitude";"longitude";"regional";"delegacia";"uop"
124476;2018-04-08;"domingo";"00:00:00";"PR";277;549;"CATANDUVAS";"Ingestão de Álcool";"Saída de leito carroçável";"Com Vítimas Feridas";"Plena Noite";"Decrescente";"Céu Claro";"Simples";"Interseção de Vias";"Sim";1;0;1;0;0;0;1;1;-25,09578172;-53,12730789;"SPRF-PR";"DEL04-PR";"UOP04-DEL04-PR"
124477;2018-04-07;"sábado";"23:30:00";"RO";174;16,3;"VILHENA";"Falta de Atenção à Condução";"Colisão traseira";"Com Vítimas Feridas";"Plena Noite";"Crescente";"Chuva";"Simples";"Curva";"Sim";3;0;0;1;2;0;1;2;-12,711734;-60,125695;"SPRF-RO";"DEL04-RO";"UOP01-DEL04-RO"
124479;2018-04-07;"sábado";"23:30:00";"RS";116;52,7;"VACARIA";"Ingestão de Álcool";"Colisão com objeto estático";"Com Vítimas Feridas";"Plena Noite";"Crescente";"Céu Claro";"Simples";"Curva";"Não";1;0;1;0;0;0;1;1;-28,58395645;-51,02827549;"SPRF-RS";"DEL05-RS";"UOP03-DEL05-RS"
124480;2018-04-08;"domingo";"00:40:00";"DF";70;9,1;"BRASILIA";"Falta de Atenção à Condução";"Colisão transversal";"Sem Vítimas";"Plena Noite";"Crescente";"Céu Claro";"Dupla";"Reta";"Sim";2;0;0;0;1;1;0;2;-15,7847583;-48,13237488;"SPRF-DF";"DEL01-DF";"UOP02-DEL03-DF"
124481;2018-04-07;"sábado";"23:10:00";"GO";40;73,5;"CRISTALINA";"Velocidade Incompatível";"Saída de leito carroçável";"Com Vítimas Feridas";"Plena Noite";"Decrescente";"Céu Claro";"Dupla";"Reta";"Não";1;0;1;0;0;0;1;1;-16,621476;-47,748846;"SPRF-DF";"DEL01-DF";"UOP02-DEL01-DF"
124483;2018-04-08;"domingo";"01:20:00";"PR";376;183,9;"SARANDI";"Falta de Atenção à Condução";"Colisão traseira";"Com Vítimas Feridas";"Plena Noite";"Decrescente";"Céu Claro";"Dupla";"Reta";"Sim";2;0;1;1;0;0;2;2;-23,441591;-51,870674;"SPRF-PR";"DEL07-PR";"UOP01-DEL09-PR"
124484;2018-04-08;"domingo";"01:20:00";"BA";116;16,7;"VITORIA DA CONQUISTA";"Desobediência às normas de trânsito pelo condutor";"Colisão frontal";"Com Vítimas Feridas";"Plena Noite";"Crescente";"Nublado";"Simples";"Reta";"Sim";2;0;2;0;0;0;2;2;-14,90174122;-40,83978653;"SPRF-PE";"DEL05-PE";"UOP03-DEL05-PE"
124485;2018-04-08;"domingo";"01:00:00";"PA";10;324;"SAO MIGUEL DO GUAMA";"Ingestão de Álcool";"Colisão frontal";"Com Vítimas Fatais";"Plena Noite";"Decrescente";"Céu Claro";"Simples";"Reta";"Não";2;1;0;0;1;0;0;2;-1,619396;-47,479702;"SPRF-PA";"DEL01-PA";"UOP02-DEL01-PA"
124493;2018-04-08;"domingo";"01:45:00";"PR";369;200;"APUCARANA";"Ingestão de Álcool";"Colisão frontal";"Com Vítimas Feridas";"Plena Noite";"Decrescente";"Céu Claro";"Simples";"Curva";"Não";5;0;1;2;2;0;3;2;-23,52763489;-51,4470005;"SPRF-PR";"DEL07-PR";"UOP03-DEL07-PR"
124495;2018-04-08;"domingo";"01:45:00";"SP";116;223;"GUARULHOS";"Ingestão de Álcool";"Colisão com objeto estático";"Com Vítimas Fatais";"Plena Noite";"Decrescente";"Céu Claro";"Múltipla";"Reta";"Sim";2;1;0;0;0;1;0;2;-23,48177701;-46,53432012;"SPRF-SP";"DEL01-SP";"UOP01-DEL01-SP"
124500;2018-04-07;"sábado";"19:10:00";"AC";364;51;"PLACIDO DE CASTRO";"Desobediência às normas de trânsito pelo condutor";"Colisão frontal";"Com Vítimas Feridas";"Plena Noite";"Decrescente";"Céu Claro";"Simples";"Declive;Reta";"Não";4;0;1;0;3;0;1;2;-10,07568505;-67,36061096;"SPRF-AC";"DEL01-AC";"UOP01-DEL01-AC"
124506;2018-04-08;"domingo";"01:45:00";"SC";470;68;"INDAIAL";"Falta de Atenção à Condução";"Colisão com objeto estático";"Com Vítimas Feridas";"Plena Noite";"Crescente";"Céu Claro";"Dupla";"Rotatória";"Sim";1;0;1;0;0;0;1;1;-26,883745;-49,246704;"SPRF-SC";"DEL04-SC";"UOP01-DEL04-SC"
124507;2018-04-08;"domingo";"00:10:00";"MT";364;276,5;"JACIARA";"Falta de Atenção à Condução";"Saída de leito carroçável";"Com Vítimas Feridas";"Plena Noite";"Decrescente";"Céu Claro";"Dupla";"Curva";"Não";5;0;4;0;1;0;4;1;-15,953446;-54,99099;"SPRF-MT";"DEL02-MT";"UOP02-DEL05-MT"
124508;2018-04-08;"domingo";"01:59:00";"PR";369;447,9;"UBIRATA";"Ingestão de Álcool";"Saída de leito carroçável";"Sem Vítimas";"Plena Noite";"Crescente";"Céu Claro";"Simples";"Interseção de Vias";"Não";1;0;0;0;1;0;0;1;-24,55476437;-52,9754734;"SPRF-PR";"DEL04-PR";"UOP03-DEL04-PR"
124509;2018-04-08;"domingo";"02:00:00";"SC";101;213;"PALHOCA";"Desobediência às normas de trânsito pelo condutor";"Colisão traseira";"Sem Vítimas";"Plena Noite";"Decrescente";"Céu Claro";"Múltipla";"Reta";"Sim";2;0;0;0;1;1;0;2;-27,6446;-48,6705;"SPRF-SC";"DEL01-SC";"UOP02-DEL01-SC"
124510;2018-04-08;"domingo";"02:50:00";"SC";101;207,4;"SAO JOSE";"Velocidade Incompatível";"Colisão lateral";"Com Vítimas Feridas";"Plena Noite";"Decrescente";"Céu Claro";"Múltipla";"Declive;Curva";"Sim";4;0;1;0;3;0;1;3;-27,60185352;-48,62723172;"SPRF-SC";"DEL01-SC";"UOP01-DEL01-SC"
124511;2018-04-08;"domingo";"03:18:00";"SP";116;270,4;"TABOAO DA SERRA";"Falta de Atenção à Condução";"Colisão com objeto estático";"Com Vítimas Feridas";"Plena Noite";"Decrescente";"Nublado";"Dupla";"Reta";"Sim";2;0;2;0;0;0;2;1;-23,60738321;-46,76436782;"SPRF-SP";"DEL04-SP";"UOP01-DEL04-SP"
124517;2018-04-07;"sábado";"17:15:00";"RS";386;139;"SARANDI";"Ingestão de Álcool";"Saída de leito carroçável";"Sem Vítimas";"Pleno dia";"Crescente";"Céu Claro";"Simples";"Reta";"Não";1;0;0;0;1;0;0;1;-27,991978;-52,89563;"SPRF-RS";"DEL08-RS";"UOP01-DEL08-RS"
124519;2018-04-08;"domingo";"04:00:00";"PE";101;76;"RECIFE";"Pista Escorregadia";"Tombamento";"Com Vítimas Feridas";"Plena Noite";"Crescente";"Chuva";"Dupla";"Curva";"Sim";1;0;1;0;0;0;1;1;-8,1284;-34,9439;"SPRF-PE";"DEL01-PE";"UOP01-DEL01-PE"
124520;2018-04-08;"domingo";"02:20:00";"PR";277;105,9;"CAMPO LARGO";"Ingestão de Álcool";"Saída de leito carroçável";"Sem Vítimas";"Plena Noite";"Decrescente";"Céu Claro";"Dupla";"Reta";"Sim";1;0;0;0;1;0;0;1;-25,43093598;-49,42267206;"SPRF-PR";"DEL01-PR";"UOP06-DEL01-PR"
124521;2018-04-08;"domingo";"00:30:00";"ES";101;315;"VILA VELHA";"Velocidade Incompatível";"Colisão com objeto estático";"Com Vítimas Feridas";"Plena Noite";"Decrescente";"Nublado";"Simples";"Declive";"Não";2;0;1;1;0;0;2;1;-20,46970699;-40,46789825;"SPRF-ES";"DEL03-ES";"UOP01-DEL03-ES"
124524;2018-04-08;"domingo";"02:35:00";"SC";280;271,9;"IRINEOPOLIS";"Falta de Atenção à Condução";"Colisão com objeto estático";"Com Vítimas Feridas";"Plena Noite";"Crescente";"Nublado";"Simples";"Reta";"Não";3;0;2;0;1;0;2;2;-26,27207;-50,745365;"SPRF-SC";"DEL06-SC";"UOP04-DEL06-SC"
124525;2018-04-08;"domingo";"01:00:00";"MA";226;77,6;"CAXIAS";"Objeto estático sobre o leito carroçável";"Colisão com objeto estático";"Sem Vítimas";"Plena Noite";"Decrescente";"Garoa/Chuvisco";"Simples";"Reta";"Não";2;0;0;0;2;0;0;1;-5,30292914;-43,72009277;"SPRF-MA";"DEL03-MA";"UOP02-DEL03-MA"
124526;2018-04-08;"domingo";"03:00:00";"RS";386;290,9;"POUSO NOVO";"Desobediência às normas de trânsito pelo condutor";"Colisão frontal";"Com Vítimas Fatais";"Plena Noite";"Decrescente";"Céu Claro";"Simples";"Curva";"Não";5;1;0;0;4;0;0;2;-29,117158;-52,243616;"SPRF-RS";"DEL04-RS";"UOP01-DEL04-RS"
124527;2018-04-08;"domingo";"04:00:00";"MG";381;915,6;"CAMANDUCAIA";"Velocidade Incompatível";"Colisão com objeto estático";"Sem Vítimas";"Plena Noite";"Crescente";"Céu Claro";"Dupla";"Curva";"Não";1;0;0;0;0;1;0;1;-22,73280206;-46,13524941;"SPRF-MG";"DEL16-MG";"UOP03-DEL16-MG"
124528;2018-04-08;"domingo";"02:30:00";"MG";381;835,7;"SAO SEBASTIAO DA BELA VISTA";"Ingestão de Álcool";"Saída de leito carroçável";"Sem Vítimas";"Plena Noite";"Crescente";"Nublado";"Dupla";"Aclive";"Não";1;0;0;0;1;0;0;1;-22,1376;-45,8117;"SPRF-MG";"DEL16-MG";"UOP01-DEL16-MG"
124539;2018-04-08;"domingo";"04:30:00";"SC";101;203;"SAO JOSE";"Falta de Atenção à Condução";"Colisão lateral";"Sem Vítimas";"Plena Noite";"Decrescente";"Nublado";"Múltipla";"Interseção de Vias";"Sim";2;0;0;0;1;1;0;2;-27,5742;-48,6134;"SPRF-SC";"DEL01-SC";"UOP01-DEL01-SC"
124540;2018-04-08;"domingo";"02:30:00";"PR";373;197;"PONTA GROSSA";"Ingestão de Álcool";"Capotamento";"Sem Vítimas";"Plena Noite";"Decrescente";"Céu Claro";"Simples";"Curva";"Não";1;0;0;0;1;0;0;1;-25,07813613;-50,36407471;"SPRF-PR";"DEL03-PR";"UOP01-DEL03-PR"
124542;2018-04-08;"domingo";"04:35:00";"MG";381;915,6;"CAMANDUCAIA";"Condutor Dormindo";"Colisão com objeto estático";"Sem Vítimas";"Plena Noite";"Crescente";"Céu Claro";"Dupla";"Reta";"Não";4;0;0;0;4;0;0;2;-22,73565199;-46,13494451;"SPRF-MG";"DEL16-MG";"UOP03-DEL16-MG"
124544;2018-04-08;"domingo";"04:35:00";"RJ";101;319;"NITEROI";"Falta de Atenção à Condução";"Capotamento";"Com Vítimas Feridas";"Plena Noite";"Decrescente";"Nublado";"Dupla";"Reta";"Sim";3;0;1;2;0;0;3;1;-22,854151;-43,101822;"SPRF-RJ";"DEL02-RJ";"DEL5/2-UOP04/RJ"
124545;2018-04-08;"domingo";"02:20:00";"MA";10;262,9;"IMPERATRIZ";"Ingestão de Álcool";"Tombamento";"Com Vítimas Feridas";"Plena Noite";"Crescente";"Nublado";"Simples";"Reta";"Sim";1;0;0;1;0;0;1;1;-5,433602;-47,472695;"SPRF-MA";"DEL04-MA";"UOP01-DEL04-MA"
124547;2018-04-08;"domingo";"04:50:00";"RN";304;32,8;"MOSSORO";"Animais na Pista";"Atropelamento de Animal";"Com Vítimas Feridas";"Amanhecer";"Decrescente";"Céu Claro";"Dupla";"Reta";"Sim";1;0;0;1;0;0;1;1;-5,141937;-37,346504;"SPRF-RN";"DEL04-RN";"UOP02-DEL04-RN"
124549;2018-04-08;"domingo";"05:40:00";"GO";153;302,2;"RIALMA";"Animais na Pista";"Atropelamento de Animal";"Com Vítimas Feridas";"Amanhecer";"Crescente";"Céu Claro";"Simples";"Reta";"Sim";3;0;1;2;0;0;3;1;-15,30348578;-49,57068264;"SPRF-GO";"DEL02-GO";"UOP02-DEL02-GO"
124550;2018-04-08;"domingo";"05:25:00";"RS";285;121,1;"VACARIA";"Ingestão de Álcool";"Colisão com objeto estático";"Com Vítimas Feridas";"Amanhecer";"Decrescente";"Céu Claro";"Simples";"Curva";"Sim";2;0;1;0;1;0;1;2;-28,51012038;-50,93723327;"SPRF-RS";"DEL05-RS";"UOP03-DEL05-RS"
124553;2018-04-08;"domingo";"03:00:00";"GO";153;149;"MARA ROSA";"Condutor Dormindo";"Saída de leito carroçável";"Com Vítimas Feridas";"Plena Noite";"Crescente";"Céu Claro";"Simples";"Reta";"Não";2;0;0;2;0;0;2;1;-14,04533576;-49,08828735;"SPRF-GO";"DEL07-GO";"UOP02-DEL07-GO"
124554;2018-04-08;"domingo";"06:00:00";"SC";282;365,6;"ERVAL VELHO";"Ingestão de Álcool";"Saída de leito carroçável";"Com Vítimas Feridas";"Amanhecer";"Crescente";"Céu Claro";"Simples";"Curva;Declive";"Não";8;0;3;1;4;0;4;3;-27,295434;-51,40691757;"SPRF-SC";"DEL07-SC";"UOP05-DEL07-SC"
124555;2018-04-08;"domingo";"05:30:00";"RJ";101;295;"ITABORAI";"Falta de Atenção à Condução";"Capotamento";"Com Vítimas Feridas";"Pleno dia";"Decrescente";"Céu Claro";"Dupla";"Reta";"Sim";1;0;1;0;0;0;1;1;-22,763668;-42,90226;"SPRF-RJ";"DEL02-RJ";"DEL5/2-UOP04/RJ"
124556;2018-04-08;"domingo";"03:30:00";"PR";272;427,9;"GOIOERE";"Velocidade Incompatível";"Saída de leito carroçável";"Com Vítimas Feridas";"Plena Noite";"Crescente";"Céu Claro";"Simples";"Reta";"Não";2;0;2;0;0;0;2;1;-24,179454;-52,9341;"SPRF-PR";"DEL04-PR";"UOP03-DEL09-PR"
124559;2018-04-08;"domingo";"05:48:00";"RS";392;42,5;"RIO GRANDE";"Ingestão de álcool e/ou substâncias psicoativas pelo pedestre";"Atropelamento de Pedestre";"Com Vítimas Fatais";"Plena Noite";"Decrescente";"Céu Claro";"Dupla";"Reta";"Sim";2;1;0;0;1;0;0;2;-31,948254;-52,309441;"SPRF-RS";"DEL07-RS";"UOP02-DEL07-RS"
124560;2018-04-07;"sábado";"19:40:00";"RJ";101;143;"MACAE";"Falta de Atenção do Pedestre";"Atropelamento de Pedestre";"Com Vítimas Feridas";"Plena Noite";"Decrescente";"Ignorado";"Dupla";"Reta";"Não";2;0;1;0;0;1;1;2;-22,205627;-41,751247;"SPRF-RJ";"DEL02-RJ";"UOP04-DEL08-RJ"
124561;2018-04-08;"domingo";"06:10:00";"PR";277;699,6;"SAO MIGUEL DO IGUACU";"Ingestão de Álcool";"Saída de leito carroçável";"Com Vítimas Feridas";"Amanhecer";"Crescente";"Céu Claro";"Dupla";"Declive";"Não";1;0;1;0;0;0;1;1;-25,401375;-54,319946;"SPRF-PR";"DEL05-PR";"UOP01-DEL05-PR"
124564;2018-04-08;"domingo";"02:30:00";"MG";365;710,9;"MONTE ALEGRE DE MINAS";"Condutor Dormindo";"Saída de leito carroçável";"Com Vítimas Fatais";"Plena Noite";"Crescente";"Chuva";"Simples";"Reta";"Não";1;1;0;0;0;0;0;1;-18,86861;-49,07016;"SPRF-MG";"DEL15-MG";"UOP03-DEL15-MG"
124568;2018-04-08;"domingo";"06:30:00";"SP";116;180;"SAO JOSE DOS CAMPOS";"Falta de Atenção à Condução";"Colisão com objeto estático";"Com Vítimas Feridas";"Amanhecer";"Decrescente";"Nublado";"Dupla";"Reta";"Não";3;0;2;0;1;0;2;1;-23,219809;-45,899918;"SPRF-SP";"DEL02-SP";"UOP01-DEL02-SP"
124572;2018-04-08;"domingo";"04:40:00";"GO";80;44,5;"PADRE BERNARDO";"Pista Escorregadia";"Colisão transversal";"Com Vítimas Feridas";"Plena Noite";"Decrescente";"Chuva";"Simples";"Declive";"Não";4;0;4;0;0;0;4;2;-15,17977554;-48,28515259;"SPRF-DF";"DEL01-DF";"UOP02-DEL03-DF"
124573;2018-04-08;"domingo";"05:40:00";"MT";70;522;"VARZEA GRANDE";"Falta de Atenção do Pedestre";"Atropelamento de Pedestre";"Com Vítimas Feridas";"Amanhecer";"Crescente";"Céu Claro";"Simples";"Reta";"Sim";2;0;0;1;1;0;1;2;-15,68518742;-56,1730957;"SPRF-MT";"DEL01-MT";"DEL2/4-UOP02/MT"
124575;2018-04-07;"sábado";"20:40:00";"BA";242;352;"PALMEIRAS";"Velocidade Incompatível";"Tombamento";"Com Vítimas Fatais";"Plena Noite";"Decrescente";"Nublado";"Simples";"Reta";"Não";2;1;0;1;0;0;1;1;-12,44059971;-41,52694702;"SPRF-BA";"DEL06-BA";"UOP01-DEL06-BA"
124584;2018-03-11;"domingo";"10:50:00";"BA";324;557;"SANTO AMARO";"Velocidade Incompatível";"Capotamento";"Sem Vítimas";"Pleno dia";"Crescente";"Nublado";"Dupla";"Reta";"Não";1;0;0;0;1;0;0;1;-12,48485045;-38,66500854;"SPRF-BA";"DEL01-BA";"UOP01-DEL01-BA"
124586;2018-04-08;"domingo";"06:00:00";"MT";364;308;"JACIARA";"Condutor Dormindo";"Saída de leito carroçável";"Com Vítimas Feridas";"Pleno dia";"Crescente";"Céu Claro";"Dupla";"Reta";"Não";1;0;1;0;0;0;1;1;-15,818614;-55,220947;"SPRF-MT";"DEL02-MT";"UOP02-DEL05-MT"
124589;2018-04-08;"domingo";"04:30:00";"RO";435;122,4;"CEREJEIRAS";"Fenômenos da Natureza";"Saída de leito carroçável";"Com Vítimas Feridas";"Plena Noite";"Crescente";"Chuva";"Simples";"Aclive;Curva";"Não";2;0;2;0;0;0;2;1;-13,18908184;-60,80331266;"SPRF-RO";"DEL04-RO";"UOP02-DEL04-RO"
124590;2018-04-08;"domingo";"07:30:00";"MT";70;3,1;"BARRA DO GARCAS";"Falta de Atenção à Condução";"Saída de leito carroçável";"Com Vítimas Feridas";"Pleno dia";"Decrescente";"Céu Claro";"Dupla";"Curva";"Sim";2;0;2;0;0;0;2;1;-15,891638;-52,262032;"SPRF-MT";"DEL07-MT";"UOP01-DEL07-MT"
124599;2018-04-08;"domingo";"07:15:00";"MG";365;402,4;"PATOS DE MINAS";"Velocidade Incompatível";"Colisão com objeto estático";"Sem Vítimas";"Pleno dia";"Crescente";"Céu Claro";"Simples";"Curva";"Não";1;0;0;0;1;0;0;1;-18,63294519;-46,44968033;"SPRF-MG";"DEL10-MG";"UOP01-DEL10-MG"
124612;2018-04-08;"domingo";"08:30:00";"PR";476;165,3;"ARAUCARIA";"Desobediência às normas de trânsito pelo condutor";"Colisão traseira";"Com Vítimas Feridas";"Pleno dia";"Decrescente";"Céu Claro";"Simples";"Reta";"Não";3;0;0;1;1;1;1;3;-25,643578;-49,472763;"SPRF-PR";"DEL01-PR";"UOP06-DEL01-PR"
124613;2018-04-08;"domingo";"06:00:00";"MS";262;495,5;"ANASTACIO";"Condutor Dormindo";"Saída de leito carroçável";"Com Vítimas Feridas";"Pleno dia";"Crescente";"Céu Claro";"Simples";"Reta";"Não";1;0;1;0;0;0;1;1;-20,502151;-55,887562;"SPRF-MS";"DEL03-MS";"UOP01-DEL03-MS"
124615;2018-04-08;"domingo";"09:00:00";"PR";163;8;"BARRACAO";"Falta de Atenção à Condução";"Tombamento";"Com Vítimas Feridas";"Pleno dia";"Crescente";"Céu Claro";"Simples";"Reta";"Sim";2;0;2;0;0;0;2;1;-26,257667;-53,624042;"SPRF-PR";"DEL02-PR";"UOP02-DEL02-PR"
124616;2018-04-08;"domingo";"09:00:00";"RJ";40;10;"TRES RIOS";"Defeito Mecânico no Veículo";"Saída de leito carroçável";"Com Vítimas Feridas";"Pleno dia";"Decrescente";"Céu Claro";"Dupla";"Curva";"Não";1;0;1;0;0;0;1;1;-22,0501;-43,1979;"SPRF-RJ";"DEL06-RJ";"UOP02-DEL05-RJ"
124617;2018-04-08;"domingo";"08:45:00";"RJ";116;326;"ITATIAIA";"Defeito Mecânico no Veículo";"Incêndio";"Sem Vítimas";"Pleno dia";"Crescente";"Céu Claro";"Dupla";"Reta";"Não";1;0;0;0;1;0;0;1;-22,495203;-44,570347;"SPRF-RJ";"DEL07-RJ";"DEL5/7-UOP03/RJ"
124625;2018-04-08;"domingo";"09:25:00";"PR";158;392,7;"LARANJEIRAS DO SUL";"Falta de Atenção à Condução";"Saída de leito carroçável";"Com Vítimas Feridas";"Pleno dia";"Crescente";"Sol";"Simples";"Curva";"Não";3;0;1;0;2;0;1;1;-25,369912;-52,391252;"SPRF-PR";"DEL04-PR";"UOP02-DEL04-PR"
124626;2018-04-08;"domingo";"09:40:00";"MG";40;622,1;"CONSELHEIRO LAFAIETE";"Ingestão de Álcool";"Colisão traseira";"Sem Vítimas";"Pleno dia";"Decrescente";"Céu Claro";"Simples";"Reta";"Sim";2;0;0;0;2;0;0;2;-20,6034;-43,8076;"SPRF-MG";"DEL05-MG";"UOP02-DEL05-MG"
124627;2018-04-08;"domingo";"09:35:00";"SC";101;204,1;"SAO JOSE";"Avarias e/ou desgaste excessivo no pneu";"Tombamento";"Com Vítimas Feridas";"Pleno dia";"Decrescente";"Sol";"Múltipla";"Reta";"Sim";2;0;2;0;0;0;2;1;-27,57698788;-48,61330569;"SPRF-SC";"DEL01-SC";"UOP01-DEL01-SC"
124628;2018-04-08;"domingo";"09:30:00";"GO";153;501;"GOIANIA";"Defeito Mecânico no Veículo";"Queda de ocupante de veículo";"Com Vítimas Feridas";"Pleno dia";"Decrescente";"Céu Claro";"Dupla";"Reta";"Sim";1;0;1;0;0;0;1;1;-16,7189;-49,2382;"SPRF-GO";"DEL01-GO";"UOP01-DEL01-GO"
124629;2018-04-07;"sábado";"18:00:00";"MA";10;105;"ESTREITO";"Ingestão de Álcool";"Saída de leito carroçável";"Com Vítimas Fatais";"Plena Noite";"Crescente";"Céu Claro";"Simples";"Reta";"Não";1;1;0;0;0;0;0;1;-6,749988;-47,45071;"SPRF-MA";"DEL04-MA";"UOP02-DEL04-MA"
124630;2018-04-08;"domingo";"08:30:00";"MS";262;505,5;"ANASTACIO";"Falta de Atenção à Condução";"Saída de leito carroçável";"Com Vítimas Feridas";"Pleno dia";"Decrescente";"Sol";"Simples";"Reta";"Não";3;0;3;0;0;0;3;1;-20,4733;-55,97190857;"SPRF-MS";"DEL03-MS";"UOP01-DEL03-MS"
124633;2018-04-08;"domingo";"08:00:00";"MG";116;785,9;"LEOPOLDINA";"Falta de Atenção à Condução";"Colisão com objeto estático";"Com Vítimas Feridas";"Pleno dia";"Decrescente";"Céu Claro";"Simples";"Reta";"Não";1;0;1;0;0;0;1;1;-21,5591161;-42,65280962;"SPRF-MG";"DEL07-MG";"UOP01-DEL07-MG"
124635;2018-04-08;"domingo";"10:45:00";"RJ";116;61;"TERESOPOLIS";"Falta de Atenção à Condução";"Colisão traseira";"Com Vítimas Feridas";"Pleno dia";"Decrescente";"Sol";"Simples";"Curva";"Não";4;0;2;0;1;1;2;3;-22,2635537;-42,924148;"SPRF-RJ";"DEL04-RJ";"UOP01-DEL04-RJ"
124636;2018-04-08;"domingo";"10:40:00";"PR";467;91,9;"CASCAVEL";"Falta de Atenção à Condução";"Saída de leito carroçável";"Com Vítimas Feridas";"Pleno dia";"Decrescente";"Céu Claro";"Dupla";"Curva";"Não";1;0;1;0;0;0;1;1;-24,8532948;-53,6021774;"SPRF-PR";"DEL04-PR";"UOP05-DEL05-PR"
124637;2018-04-08;"domingo";"11:00:00";"RS";470;155;"NOVA PRATA";"Desobediência às normas de trânsito pelo condutor";"Colisão transversal";"Sem Vítimas";"Pleno dia";"Crescente";"Céu Claro";"Simples";"Reta;Interseção de Vias";"Sim";2;0;0;0;2;0;0;2;-28,77480611;-51,6128964;"SPRF-RS";"DEL06-RS";"UOP02-DEL06-RS"
124639;2018-04-07;"sábado";"14:00:00";"PA";10;56,4;"ULIANOPOLIS";"Pista Escorregadia";"Saída de leito carroçável";"Sem Vítimas";"Pleno dia";"Decrescente";"Chuva";"Simples";"Reta";"Não";4;0;0;0;4;0;0;1;-3,721266;-47,489651;"SPRF-PA";"DEL02-PA";"UOP02-DEL02-PA"
124640;2018-04-08;"domingo";"11:29:00";"PR";376;167;"MARINGA";"Falta de Atenção à Condução";"Tombamento";"Com Vítimas Feridas";"Pleno dia";"Decrescente";"Céu Claro";"Dupla";"Reta";"Não";2;0;0;1;0;1;1;2;-23,4467715;-51,9962236;"SPRF-PR";"DEL07-PR";"UOP01-DEL09-PR"
124641;2018-04-08;"domingo";"11:30:00";"PE";232;320,2;"CUSTODIA";"Desobediência às normas de trânsito pelo condutor";"Colisão frontal";"Com Vítimas Feridas";"Pleno dia";"Decrescente";"Sol";"Simples";"Reta";"Não";2;0;0;1;1;0;1;2;-8,1272103;-37,52449036;"SPRF-PE";"DEL03-PE";"UOP02-DEL03-PE"
124643;2018-04-08;"domingo";"11:20:00";"MG";50;178;"UBERABA";"Ultrapassagem Indevida";"Colisão com objeto estático";"Com Vítimas Feridas";"Pleno dia";"Decrescente";"Céu Claro";"Dupla";"Curva";"Sim";2;0;1;1;0;0;2;1;-19,778565;-47,936181;"SPRF-MG";"DEL13-MG";"UOP01-DEL13-MG"
124644;2018-04-08;"domingo";"11:40:00";"RJ";116;139;"DUQUE DE CAXIAS";"Falta de Atenção à Condução";"Colisão traseira";"Com Vítimas Feridas";"Pleno dia";"Decrescente";"Céu Claro";"Dupla";"Reta";"Não";4;0;1;1;2;0;2;2;-22,646549;-43,201435;"SPRF-RJ";"DEL04-RJ";"UOP02-DEL04-RJ"
124645;2018-04-08;"domingo";"11:20:00";"SP";381;45,4;"ATIBAIA";"Falta de Atenção à Condução";"Saída de leito carroçável";"Com Vítimas Feridas";"Pleno dia";"Crescente";"Céu Claro";"Múltipla";"Reta";"Não";2;0;1;1;0;0;2;1;-23,174306;-46,578016;"SPRF-SP";"DEL03-SP";"UOP01-DEL03-SP"
124646;2018-04-08;"domingo";"12:00:00";"SC";101;208,6;"SAO JOSE";"Ingestão de Álcool";"Colisão lateral";"Com Vítimas Feridas";"Pleno dia";"Crescente";"Céu Claro";"Dupla";"Reta";"Sim";3;0;3;0;0;0;3;2;-27,6101;-48,6388;"SPRF-SC";"DEL01-SC";"UOP01-DEL01-SC"
124647;2018-04-08;"domingo";"12:10:00";"SC";282;20,5;"PALHOCA";"Desobediência às normas de trânsito pelo condutor";"Colisão transversal";"Com Vítimas Feridas";"Pleno dia";"Decrescente";"Céu Claro";"Simples";"Interseção de Vias";"Sim";5;0;2;0;3;0;2;3;-27,683958;-48,71006;"SPRF-SC";"DEL01-SC";"UOP02-DEL01-SC"
124648;2018-04-08;"domingo";"12:20:00";"SP";116;227;"SAO PAULO";"Não guardar distância de segurança";"Colisão lateral";"Com Vítimas Feridas";"Pleno dia";"Decrescente";"Sol";"Múltipla";"Curva";"Não";2;0;1;0;1;0;1;2;-23,50077049;-46,56085527;"SPRF-SP";"DEL01-SP";"UOP01-DEL01-SP"
124651;2018-04-08;"domingo";"12:50:00";"PE";104;66,7;"CARUARU";"Falta de Atenção à Condução";"Colisão transversal";"Sem Vítimas";"Pleno dia";"Crescente";"Sol";"Dupla";"Interseção de Vias";"Sim";2;0;0;0;2;0;0;2;-8,288108;-35,984153;"SPRF-PE";"DEL02-PE";"UOP01-DEL02-PE"
124653;2018-04-08;"domingo";"10:30:00";"SC";282;22;"SANTO AMARO DA IMPERATRIZ";"Falta de Atenção à Condução";"Colisão traseira";"Com Vítimas Feridas";"Pleno dia";"Decrescente";"Céu Claro";"Simples";"Reta";"Sim";3;0;0;2;1;0;2;2;-27,688507;-48,72739;"SPRF-SC";"DEL01-SC";"UOP02-DEL01-SC"