"id";"data_inversa";"dia_semana";"horario";"uf";"br";"km";"municipio";"causa_acidente";"tipo_acidente";"classificacao_acidente";"fase_dia";"sentido_via";"condicao_metereologica";"tipo_pista";"tracado_via";"uso_solo";"pessoas";"mortos";"feridos_leves";"feridos_graves";"ilesos";"ignorados";"feridos";"veiculos";"latitude";"longitude";"regional";"delegacia";"uop"
124658;2018-04-08;"domingo";"13:30:00";"PB";101;58;"SANTA RITA";"Agressão Externa";"Saída de leito carroçável";"Sem Vítimas";"Pleno dia";"Decrescente";"Nublado";"Dupla";"Reta";"Não";1;0;0;0;1;0;0;1;-6,9876914;-35,072033;"SPRF-PB";"DEL01-PB";"UOP04-DEL01-PB"
124659;2018-04-08;"domingo";"13:20:00";"SC";101;417,5;"ARARANGUA";"Falta de Atenção à Condução";"Tombamento";"Com Vítimas Feridas";"Pleno dia";"Decrescente";"Céu Claro";"Múltipla";"Reta";"Sim";1;0;0;1;0;0;1;1;-28,9784;-49,5348;"SPRF-SC";"DEL02-SC";"UOP02-DEL02-SC"
124660;2018-04-08;"domingo";"13:45:00";"MT";158;670;"NOVA XAVANTINA";"Falta de Atenção à Condução";"Tombamento";"Com Vítimas Feridas";"Pleno dia";"Crescente";"Céu Claro";"Simples";"Reta";"Não";2;0;1;0;0;1;1;2;-14,7823;-52,3197;"SPRF-MT";"DEL07-MT";"UOP01-DEL07-MT"
124661;2018-04-08;"domingo";"13:50:00";"GO";153;582,8;"PROFESSOR JAMIL";"Pista Escorregadia";"Capotamento";"Com Vítimas Feridas";"Pleno dia";"Crescente";"Chuva";"Dupla";"Curva";"Não";4;0;1;0;3;0;1;1;-17,3987;-49,2233;"SPRF-GO";"DEL03-GO";"UOP01-DEL03-GO"
124662;2018-04-08;"domingo";"14:00:00";"CE";116;23;"ITAITINGA";"Defeito Mecânico no Veículo";"Tombamento";"Com Vítimas Feridas";"Pleno dia";"Decrescente";"Céu Claro";"Dupla";"Curva";"Não";2;0;1;1;0;0;2;1;-3,9618;-38,5152;"SPRF-CE";"DEL01-CE";"UOP02-DEL01-CE"
124664;2018-04-08;"domingo";"14:15:00";"MG";262;466,9;"BOM DESPACHO";"Ingestão de Álcool";"Saída de leito carroçável";"Com Vítimas Feridas";"Pleno dia";"Decrescente";"Sol";"Simples";"Curva";"Não";1;0;1;0;0;0;1;1;-19,78497869;-45,17193442;"SPRF-MG";"DEL08-MG";"UOP03-DEL08-MG"
124665;2018-04-08;"domingo";"13:50:00";"PR";116;120;"CURITIBA";"Falta de Atenção à Condução";"Colisão traseira";"Com Vítimas Feridas";"Pleno dia";"Decrescente";"Céu Claro";"Dupla";"Declive;Reta";"Sim";3;0;1;0;2;0;1;2;-25,551222;-49,305038;"SPRF-PR";"DEL01-PR";"UOP03-DEL01-PR"
124667;2018-04-08;"domingo";"13:40:00";"SC";282;507,4;"XANXERE";"Falta de Atenção à Condução";"Tombamento";"Com Vítimas Feridas";"Pleno dia";"Crescente";"Céu Claro";"Simples";"Curva";"Não";2;0;1;0;1;0;1;1;-26,88777988;-52,44392395;"SPRF-SC";"DEL07-SC";"UOP01-DEL07-SC"
124668;2018-04-08;"domingo";"13:20:00";"MS";163;268,3;"DOURADOS";"Defeito Mecânico no Veículo";"Tombamento";"Com Vítimas Feridas";"Pleno dia";"Crescente";"Céu Claro";"Dupla";"Reta";"Não";2;0;1;1;0;0;2;1;-22,20532489;-54,70591318;"SPRF-MS";"DEL04-MS";"UOP01-DEL04-MS"
124669;2018-04-08;"domingo";"14:50:00";"PE";101;44,9;"IGARASSU";"Falta de Atenção à Condução";"Colisão lateral";"Com Vítimas Feridas";"Pleno dia";"Crescente";"Nublado";"Múltipla";"Reta";"Sim";2;0;1;0;1;0;1;2;-7,863;-34,9073;"SPRF-PE";"DEL01-PE";"UOP02-DEL01-PE"
124671;2018-04-08;"domingo";"15:00:00";"SC";101;203;"SAO JOSE";"Desobediência às normas de trânsito pelo condutor";"Colisão transversal";"Sem Vítimas";"Pleno dia";"Crescente";"Sol";"Múltipla";"Interseção de Vias";"Sim";2;0;0;0;2;0;0;2;-27,5742;-48,6134;"SPRF-SC";"DEL01-SC";"UOP01-DEL01-SC"
124674;2018-04-08;"domingo";"09:55:00";"RJ";101;329;"RIO DE JANEIRO";"Mal Súbito";"Colisão com objeto estático";"Com Vítimas Feridas";"Pleno dia";"Crescente";"Céu Claro";"Dupla";"Reta";"Não";1;0;1;0;0;0;1;1;-22,87997097;-43,18107605;"SPRF-RJ";"DEL02-RJ";"UOP02-DEL02-RJ"
124675;2018-04-08;"domingo";"14:50:00";"PI";407;426,7;"PICOS";"Desobediência às normas de trânsito pelo condutor";"Tombamento";"Com Vítimas Fatais";"Pleno dia";"Crescente";"Céu Claro";"Simples";"Reta";"Não";1;1;0;0;0;0;0;1;-7,107638;-41,41412;"SPRF-PI";"DEL04-PI";"UOP01-DEL04-PI"
124677;2018-04-08;"domingo";"15:40:00";"MG";40;277;"TRES MARIAS";"Ingestão de Álcool";"Colisão transversal";"Com Vítimas Feridas";"Pleno dia";"Crescente";"Céu Claro";"Simples";"Reta";"Não";2;0;1;0;1;0;1;2;-18,212723;-45,224731;"SPRF-MG";"DEL14-MG";"UOP02-DEL14-MG"
124679;2018-04-08;"domingo";"15:30:00";"PI";316;8;"TERESINA";"Falta de Atenção à Condução";"Colisão traseira";"Sem Vítimas";"Pleno dia";"Crescente";"Sol";"Simples";"Reta";"Sim";2;0;0;0;2;0;0;2;-5,164865;-42,768986;"SPRF-PI";"DEL01-PI";"UOP02-DEL01-PI"
124680;2018-04-08;"domingo";"15:30:00";"PI";343;261;"CAMPO MAIOR";"Ingestão de Álcool";"Saída de leito carroçável";"Com Vítimas Feridas";"Pleno dia";"Decrescente";"Céu Claro";"Simples";"Curva";"Não";1;0;1;0;0;0;1;1;-4,806726;-42,145878;"SPRF-PI";"DEL01-PI";"UOP03-DEL01-PI"
124681;2018-04-08;"domingo";"15:45:00";"PB";230;182,5;"POCINHOS";"Pista Escorregadia";"Saída de leito carroçável";"Sem Vítimas";"Pleno dia";"Crescente";"Chuva";"Simples";"Declive";"Não";1;0;0;0;1;0;0;1;-7,1584;-36,0837;"SPRF-PB";"DEL02-PB";"UOP02-DEL02-PB"
124683;2018-04-08;"domingo";"16:00:00";"GO";50;162,9;"CAMPO ALEGRE DE GOIAS";"Falta de Atenção à Condução";"Saída de leito carroçável";"Com Vítimas Feridas";"Pleno dia";"Crescente";"Nublado";"Dupla";"Reta";"Não";1;0;1;0;0;0;1;1;-17,2714;-47,7665;"SPRF-GO";"DEL06-GO";"UOP01-DEL06-GO"
124685;2018-04-08;"domingo";"15:30:00";"SC";101;240,5;"PALHOCA";"Defeito Mecânico no Veículo";"Saída de leito carroçável";"Com Vítimas Feridas";"Pleno dia";"Decrescente";"Céu Claro";"Dupla";"Reta";"Não";2;0;2;0;0;0;2;1;-27,8689;-48,6462;"SPRF-SC";"DEL01-SC";"UOP02-DEL01-SC"
124686;2018-04-08;"domingo";"16:20:00";"RJ";116;116;"MAGE";"Condutor Dormindo";"Colisão com objeto estático";"Com Vítimas Feridas";"Pleno dia";"Crescente";"Nublado";"Dupla";"Reta";"Não";2;0;1;0;1;0;1;1;-22,62862676;-43,05601043;"SPRF-RJ";"DEL04-RJ";"UOP02-DEL04-RJ"
124692;2018-04-08;"domingo";"15:30:00";"MA";135;51,8;"BACABEIRA";"Falta de Atenção à Condução";"Colisão transversal";"Com Vítimas Feridas";"Pleno dia";"Crescente";"Nublado";"Simples";"Reta";"Sim";2;0;1;0;1;0;1;2;-2,97732737;-44,3119812;"SPRF-MA";"DEL01-MA";"UOP02-DEL01-MA"
124694;2018-04-08;"domingo";"16:20:00";"RS";116;218;"DOIS IRMAOS";"Ingestão de Álcool";"Tombamento";"Sem Vítimas";"Pleno dia";"Crescente";"Céu Claro";"Simples";"Curva";"Não";1;0;0;0;1;0;0;1;-29,5510952;-51,0889177;"SPRF-RS";"DEL05-RS";"UOP02-DEL05-RS"
124695;2018-04-08;"domingo";"15:10:00";"MT";70;521;"VARZEA GRANDE";"Desobediência às normas de trânsito pelo condutor";"Colisão transversal";"Sem Vítimas";"Pleno dia";"Decrescente";"Céu Claro";"Simples";"Interseção de Vias";"Sim";5;0;0;0;5;0;0;2;-15,66006499;-56,19026184;"SPRF-MT";"DEL01-MT";"DEL2/4-UOP02/MT"
124697;2018-04-08;"domingo";"16:05:00";"GO";40;71;"CRISTALINA";"Pista Escorregadia";"Saída de leito carroçável";"Sem Vítimas";"Pleno dia";"Decrescente";"Nublado";"Dupla";"Declive";"Não";2;0;0;0;2;0;0;2;-16,610105;-47,763344;"SPRF-DF";"DEL01-DF";"UOP02-DEL01-DF"
124698;2018-04-08;"domingo";"15:00:00";"MG";262;368;"JUATUBA";"Desobediência às normas de trânsito pelo condutor";"Queda de ocupante de veículo";"Com Vítimas Feridas";"Pleno dia";"Decrescente";"Céu Claro";"Dupla";"Reta";"Sim";2;0;2;0;0;0;2;1;-19,9568;-44,344;"SPRF-MG";"DEL01-MG";"UOP03-DEL01-MG"
124699;2018-04-08;"domingo";"16:55:00";"AL";104;1,7;"SAO JOSE DA LAJE";"Velocidade Incompatível";"Saída de leito carroçável";"Com Vítimas Feridas";"Pleno dia";"Crescente";"Céu Claro";"Simples";"Curva";"Não";1;0;0;1;0;0;1;1;-8,92173457;-36,01505131;"SPRF-AL";"DEL01-AL";"UOP02-DEL01-AL"
124700;2018-04-08;"domingo";"14:25:00";"PR";476;114;"COLOMBO";"Ingestão de Álcool";"Colisão traseira";"Sem Vítimas";"Pleno dia";"Crescente";"Céu Claro";"Dupla";"Reta";"Não";2;0;0;0;2;0;0;2;-25,335966;-49,158184;"SPRF-PR";"DEL01-PR";"UOP01-DEL01-PR"
124701;2018-04-08;"domingo";"16:40:00";"MT";163;955;"NOVA SANTA HELENA";"Ingestão de Álcool";"Queda de ocupante de veículo";"Com Vítimas Feridas";"Pleno dia";"Crescente";"Céu Claro";"Simples";"Interseção de Vias";"Sim";1;0;1;0;0;0;1;1;-10,85084008;-55,18707275;"SPRF-MT";"DEL06-MT";"UOP02-DEL06-MT"
124702;2018-04-08;"domingo";"17:35:00";"PR";163;180;"SANTA TEREZA DO OESTE";"Animais na Pista";"Atropelamento de Animal";"Com Vítimas Feridas";"Pleno dia";"Decrescente";"Céu Claro";"Dupla";"Reta";"Não";1;0;1;0;0;0;1;1;-25,1807;-53,6022;"SPRF-PR";"DEL04-PR";"UOP05-DEL05-PR"
124704;2018-04-08;"domingo";"17:30:00";"MG";381;835,7;"SAO SEBASTIAO DA BELA VISTA";"Condutor Dormindo";"Capotamento";"Com Vítimas Feridas";"Anoitecer";"Decrescente";"Céu Claro";"Dupla";"Reta";"Não";2;0;1;0;0;1;1;2;-22,1376;-45,8117;"SPRF-MG";"DEL16-MG";"UOP01-DEL16-MG"
124712;2018-04-08;"domingo";"17:45:00";"PE";104;43,5;"CARUARU";"Animais na Pista";"Atropelamento de Animal";"Com Vítimas Feridas";"Anoitecer";"Crescente";"Nublado";"Dupla";"Reta";"Sim";2;0;2;0;0;0;2;1;-8,109342;-36,019513;"SPRF-PE";"DEL02-PE";"UOP01-DEL02-PE"
124715;2018-04-08;"domingo";"18:00:00";"ES";101;255,1;"SERRA";"Ingestão de Álcool";"Colisão traseira";"Com Vítimas Feridas";"Pleno dia";"Crescente";"Céu Claro";"Simples";"Reta";"Não";4;0;1;0;3;0;1;4;-20,1152606;-40,3189981;"SPRF-ES";"DEL02-ES";"UOP01-DEL02-ES"
124716;2018-04-08;"domingo";"17:50:00";"SC";470;6;"NAVEGANTES";"Ingestão de Álcool";"Colisão lateral";"Com Vítimas Feridas";"Anoitecer";"Crescente";"Nublado";"Simples";"Reta";"Não";2;0;1;0;1;0;1;2;-26,852238;-48,709545;"SPRF-SC";"DEL04-SC";"UOP04-DEL04-SC"
124717;2018-04-08;"domingo";"17:20:00";"CE";222;50;"SAO GONCALO DO AMARANTE";"Falta de Atenção à Condução";"Saída de leito carroçável";"Sem Vítimas";"Anoitecer";"Decrescente";"Céu Claro";"Simples";"Reta";"Não";1;0;0;0;1;0;0;1;-3,667809;-38,992416;"SPRF-CE";"DEL01-CE";"UOP03-DEL01-CE"
124719;2018-04-08;"domingo";"18:00:00";"PR";277;1;"FOZ DO IGUACU";"Falta de Atenção à Condução";"Saída de leito carroçável";"Sem Vítimas";"Anoitecer";"Crescente";"Céu Claro";"Dupla";"Reta";"Sim";1;0;0;0;0;1;0;1;-25,50599942;-54,58447695;"SPRF-PR";"DEL05-PR";"UOP03-DEL05-PR"
124720;2018-04-08;"domingo";"17:50:00";"RJ";493;3,5;"ITABORAI";"Velocidade Incompatível";"Colisão com objeto estático";"Com Vítimas Feridas";"Plena Noite";"Crescente";"Céu Claro";"Simples";"Desvio Temporário";"Sim";2;0;0;1;1;0;1;1;-22,752428;-42,94173;"SPRF-RJ";"DEL04-RJ";"UOP02-DEL04-RJ"
124721;2018-04-08;"domingo";"18:20:00";"CE";116;67;"CHOROZINHO";"Falta de Atenção do Pedestre";"Atropelamento de Pedestre";"Com Vítimas Feridas";"Plena Noite";"Decrescente";"Chuva";"Simples";"Reta";"Não";2;0;0;1;0;1;1;2;-4,30943815;-38,50090027;"SPRF-CE";"DEL03-CE";"UOP02-DEL03-CE"
124722;2018-04-08;"domingo";"18:20:00";"MG";365;655,8;"UBERLANDIA";"Falta de Atenção à Condução";"Capotamento";"Com Vítimas Feridas";"Anoitecer";"Crescente";"Céu Claro";"Dupla";"Interseção de Vias;Em Obras";"Não";2;0;0;1;0;1;1;2;-18,8695;-48,5579;"SPRF-MG";"DEL15-MG";"UOP01-DEL15-MG"
124724;2018-04-08;"domingo";"18:00:00";"CE";116;52;"PACAJUS";"Desobediência às normas de trânsito pelo condutor";"Colisão transversal";"Sem Vítimas";"Plena Noite";"Decrescente";"Nublado";"Dupla";"Reta";"Não";3;0;0;0;3;0;0;2;-4,187449;-38,482969;"SPRF-CE";"DEL03-CE";"UOP02-DEL03-CE"
124726;2018-04-08;"domingo";"18:30:00";"SC";101;117;"ITAJAI";"Falta de Atenção à Condução";"Queda de ocupante de veículo";"Com Vítimas Feridas";"Anoitecer";"Decrescente";"Nublado";"Múltipla";"Reta";"Não";1;0;1;0;0;0;1;1;-26,8961;-48,7188;"SPRF-SC";"DEL04-SC";"UOP04-DEL04-SC"
124727;2018-04-08;"domingo";"18:30:00";"PR";116;69;"CAMPINA GRANDE DO SUL";"Velocidade Incompatível";"Colisão traseira";"Com Vítimas Feridas";"Anoitecer";"Crescente";"Céu Claro";"Dupla";"Reta";"Não";4;0;0;2;1;1;2;2;-25,331121;-49,031559;"SPRF-PR";"DEL01-PR";"UOP07-DEL01-PR"
124728;2018-04-08;"domingo";"05:00:00";"MT";174;204,3;"PORTO ESPERIDIAO";"Defeito Mecânico no Veículo";"Incêndio";"Sem Vítimas";"Amanhecer";"Decrescente";"Céu Claro";"Simples";"Curva";"Não";1;0;0;0;0;1;0;1;-15,6844024;-58,72351337;"SPRF-MT";"DEL04-MT";"UOP01-DEL04-MT"
124729;2018-04-08;"domingo";"18:30:00";"PR";116;98;"SAO JOSE DOS PINHAIS";"Não guardar distância de segurança";"Colisão traseira";"Com Vítimas Feridas";"Anoitecer";"Decrescente";"Céu Claro";"Dupla";"Reta";"Não";3;0;1;0;2;0;1;2;-25,48419086;-49,22355652;"SPRF-PR";"DEL01-PR";"UOP07-DEL01-PR"
124730;2018-04-08;"domingo";"17:45:00";"PE";101;86;"JABOATAO DOS GUARARAPES";"Falta de Atenção à Condução";"Colisão frontal";"Com Vítimas Feridas";"Anoitecer";"Crescente";"Céu Claro";"Dupla";"Reta";"Sim";3;0;1;1;1;0;2;2;-8,1919;-34,9748;"SPRF-PE";"DEL01-PE";"UOP03-DEL01-PE"
124731;2018-04-08;"domingo";"18:10:00";"SC";470;67,8;"INDAIAL";"Falta de Atenção à Condução";"Colisão transversal";"Com Vítimas Feridas";"Plena Noite";"Crescente";"Céu Claro";"Simples";"Interseção de Vias";"Sim";3;0;1;0;2;0;1;2;-26,87042998;-49,22159851;"SPRF-SC";"DEL04-SC";"UOP01-DEL04-SC"
124734;2018-04-08;"domingo";"18:45:00";"RS";116;242;"SAO LEOPOLDO";"Desobediência às normas de trânsito pelo condutor";"Colisão lateral";"Com Vítimas Feridas";"Anoitecer";"Crescente";"Nublado";"Múltipla";"Reta";"Sim";2;0;1;0;1;0;1;2;-29,722971;-51,148586;"SPRF-RS";"DEL01-RS";"UOP02-DEL01-RS"
124735;2018-04-08;"domingo";"17:45:00";"MT";163;837;"SINOP";"Ingestão de Álcool";"Colisão frontal";"Sem Vítimas";"Amanhecer";"Decrescente";"Ignorado";"Simples";"Reta";"Sim";2;0;0;0;1;1;0;2;-11,843023;-55,490552;"SPRF-MT";"DEL06-MT";"UOP02-DEL06-MT"
124736;2018-04-08;"domingo";"18:30:00";"BA";110;367,8;"CATU";"Falta de Atenção à Condução";"Queda de ocupante de veículo";"Com Vítimas Feridas";"Plena Noite";"Decrescente";"Céu Claro";"Simples";"Rotatória";"Sim";1;0;0;1;0;0;1;1;-12,37009315;-38,38555486;"SPRF-BA";"DEL01-BA";"UOP04-DEL01-BA"
124738;2018-04-08;"domingo";"18:45:00";"RS";116;377,7;"TAPES";"Falta de Atenção à Condução";"Colisão frontal";"Sem Vítimas";"Plena Noite";"Decrescente";"Céu Claro";"Simples";"Interseção de Vias";"Não";3;0;0;0;3;0;0;2;-30,744782;-51,63229;"SPRF-RS";"DEL02-RS";"UOP03-DEL02-RS"
124739;2018-04-08;"domingo";"18:50:00";"SP";116;284;"EMBU DAS ARTES";"Falta de Atenção à Condução";"Colisão traseira";"Com Vítimas Feridas";"Plena Noite";"Decrescente";"Nublado";"Dupla";"Reta";"Sim";3;0;2;0;1;0;2;2;-23,67848593;-46,85806274;"SPRF-SP";"DEL04-SP";"UOP01-DEL04-SP"
124740;2018-04-08;"domingo";"18:00:00";"MS";60;605,9;"JARDIM";"Defeito Mecânico no Veículo";"Incêndio";"Sem Vítimas";"Anoitecer";"Crescente";"Céu Claro";"Simples";"Reta";"Não";1;0;0;0;1;0;0;1;-21,555028;-56,168861;"SPRF-MS";"DEL05-MS";"UOP01-DEL05-MS"
124741;2018-04-08;"domingo";"19:00:00";"RJ";116;184,4;"NOVA IGUACU";"Não guardar distância de segurança";"Colisão traseira";"Com Vítimas Feridas";"Plena Noite";"Decrescente";"Céu Claro";"Dupla";"Reta";"Sim";8;0;1;0;7;0;1;3;-22,746454;-43,445969;"SPRF-RJ";"DEL01-RJ";"UOP03-DEL01-RJ"
124742;2018-04-08;"domingo";"18:30:00";"BA";116;9,2;"VITORIA DA CONQUISTA";"Falta de Atenção à Condução";"Saída de leito carroçável";"Com Vítimas Feridas";"Plena Noite";"Crescente";"Céu Claro";"Simples";"Reta";"Não";3;0;2;0;1;0;2;1;-14,85369;-40,88086;"SPRF-BA";"DEL08-BA";"UOP01-DEL08-BA"
124743;2018-04-08;"domingo";"18:10:00";"MS";163;479,5;"CAMPO GRANDE";"Falta de Atenção à Condução";"Colisão transversal";"Com Vítimas Feridas";"Plena Noite";"Crescente";"Céu Claro";"Simples";"Reta";"Sim";4;0;0;3;1;0;3;2;-20,49906428;-54,56085205;"SPRF-MS";"DEL01-MS";"UOP01-DEL01-MS"
124744;2018-04-08;"domingo";"19:30:00";"MG";116;802,8;"ALEM PARAIBA";"Restrição de Visibilidade";"Colisão com objeto estático";"Com Vítimas Feridas";"Plena Noite";"Crescente";"Chuva";"Simples";"Ponte";"Não";2;0;2;0;0;0;2;1;-21,82453249;-42,68463135;"SPRF-MG";"DEL07-MG";"UOP01-DEL07-MG"
124745;2018-04-08;"domingo";"17:00:00";"SC";282;358;"CAMPOS NOVOS";"Falta de Atenção à Condução";"Colisão traseira";"Com Vítimas Feridas";"Anoitecer";"Crescente";"Céu Claro";"Simples";"Reta";"Não";5;0;5;0;0;0;5;3;-27,330637;-51,35474;"SPRF-SC";"DEL07-SC";"UOP05-DEL07-SC"
124746;2018-04-08;"domingo";"16:20:00";"BA";242;767;"BARREIRAS";"Falta de Atenção à Condução";"Saída de leito carroçável";"Com Vítimas Feridas";"Pleno dia";"Decrescente";"Céu Claro";"Simples";"Reta";"Não";5;0;3;1;1;0;4;1;-12,142765;-44,799913;"SPRF-BA";"DEL10-BA";"UOP01-DEL10-BA"
124748;2018-04-08;"domingo";"19:45:00";"PB";230;248,6;"JUAZEIRINHO";"Fenômenos da Natureza";"Capotamento";"Com Vítimas Feridas";"Plena Noite";"Crescente";"Chuva";"Simples";"Reta";"Não";1;0;1;0;0;0;1;1;-7,06429807;-36,63873324;"SPRF-PB";"DEL02-PB";"UOP02-DEL02-PB"
124749;2018-04-08;"domingo";"18:58:00";"MT";364;184,6;"PEDRA PRETA";"Falta de Atenção à Condução";"Saída de leito carroçável";"Com Vítimas Feridas";"Plena Noite";"Decrescente";"Céu Claro";"Simples";"Reta";"Não";1;0;1;0;0;0;1;1;-16,582939;-54,523304;"SPRF-MT";"DEL02-MT";"UOP01-DEL02-MT"
124752;2018-04-08;"domingo";"20:00:00";"MG";251;439,8;"GRAO MOGOL";"Velocidade Incompatível";"Saída de leito carroçável";"Com Vítimas Feridas";"Plena Noite";"Crescente";"Nublado";"Simples";"Reta";"Não";5;0;5;0;0;0;5;1;-16,3955;-43,2046;"SPRF-MG";"DEL12-MG";"UOP01-DEL12-MG"
124753;2018-04-08;"domingo";"20:14:00";"BA";116;412;"FEIRA DE SANTANA";"Desobediência às normas de trânsito pelo condutor";"Colisão frontal";"Com Vítimas Feridas";"Plena Noite";"Crescente";"Céu Claro";"Simples";"Reta";"Não";2;0;0;1;1;0;1;2;-12,14015887;-38,96741152;"SPRF-BA";"DEL02-BA";"UOP01-DEL02-BA"
124754;2018-04-08;"domingo";"17:10:00";"MG";262;50,7;"MANHUACU";"Falta de Atenção à Condução";"Colisão transversal";"Com Vítimas Feridas";"Pleno dia";"Crescente";"Nublado";"Simples";"Reta";"Sim";2;0;2;0;0;0;2;2;-20,23675095;-42,1648407;"SPRF-MG";"DEL06-MG";"UOP03-DEL06-MG"
124755;2018-04-08;"domingo";"20:00:00";"SC";282;0,9;"FLORIANOPOLIS";"Falta de Atenção do Pedestre";"Atropelamento de Pedestre";"Com Vítimas Feridas";"Plena Noite";"Decrescente";"Céu Claro";"Dupla";"Declive";"Sim";2;0;0;1;1;0;1;2;-27,59845;-48,571995;"SPRF-SC";"DEL01-SC";"UOP01-DEL01-SC"
124757;2018-04-08;"domingo";"18:28:00";"PI";316;12,3;"TERESINA";"Sinalização da via insuficiente ou inadequada";"Saída de leito carroçável";"Com Vítimas Feridas";"Plena Noite";"Crescente";"Nublado";"Simples";"Em Obras";"Não";1;0;0;1;0;0;1;1;-5,200803;-42,757977;"SPRF-PI";"DEL01-PI";"UOP02-DEL01-PI"
124759;2018-04-08;"domingo";"20:30:00";"RS";392;333,5;"SANTA MARIA";"Ultrapassagem Indevida";"Saída de leito carroçável";"Com Vítimas Feridas";"Plena Noite";"Crescente";"Céu Claro";"Simples";"Reta";"Não";2;0;2;0;0;0;2;1;-29,88492755;-53,73291314;"SPRF-RS";"DEL09-RS";"UOP01-DEL09-RS"
124760;2018-04-08;"domingo";"20:00:00";"PR";116;13;"COLOMBO";"Avarias e/ou desgaste excessivo no pneu";"Saída de leito carroçável";"Com Vítimas Feridas";"Plena Noite";"Crescente";"Garoa/Chuvisco";"Dupla";"Reta";"Não";3;0;2;0;1;0;2;1;-25,3785;-49,1564;"SPRF-PR";"DEL01-PR";"UOP02-DEL01-PR"
124767;2018-04-08;"domingo";"20:53:00";"GO";40;10;"LUZIANIA";"Falta de Atenção à Condução";"Colisão traseira";"Com Vítimas Feridas";"Plena Noite";"Decrescente";"Chuva";"Dupla";"Reta";"Sim";5;0;3;0;2;0;3;2;-16,131285;-47,957923;"SPRF-DF";"DEL01-DF";"UOP01-DEL01-DF"
124768;2018-04-08;"domingo";"20:45:00";"SP";116;51,1;"LORENA";"Desobediência às normas de trânsito pelo pedestre";"Atropelamento de Pedestre";"Com Vítimas Fatais";"Plena Noite";"Crescente";"Céu Claro";"Dupla";"Reta";"Sim";3;1;1;0;1;0;1;2;-22,74232604;-45,09338379;"SPRF-SP";"DEL08-SP";"UOP03-DEL08-SP"
124769;2018-04-08;"domingo";"19:40:00";"PR";277;155,3;"PORTO AMAZONAS";"Ultrapassagem Indevida";"Colisão com objeto estático";"Sem Vítimas";"Plena Noite";"Crescente";"Céu Claro";"Simples";"Curva";"Não";1;0;0;0;1;0;0;1;-25,47933286;-49,87468332;"SPRF-PR";"DEL01-PR";"UOP06-DEL01-PR"
124770;2018-04-08;"domingo";"20:30:00";"MG";153;28,5;"CENTRALINA";"Velocidade Incompatível";"Saída de leito carroçável";"Com Vítimas Feridas";"Plena Noite";"Crescente";"Céu Claro";"Dupla";"Reta";"Não";1;0;1;0;0;0;1;1;-18,6267259;-49,18922424;"SPRF-MG";"DEL15-MG";"UOP03-DEL15-MG"
124771;2018-04-08;"domingo";"20:40:00";"ES";101;257,3;"SERRA";"Falta de Atenção à Condução";"Colisão traseira";"Sem Vítimas";"Plena Noite";"Decrescente";"Céu Claro";"Simples";"Reta";"Sim";2;0;0;0;2;0;0;2;-20,12992825;-40,29755116;"SPRF-ES";"DEL02-ES";"UOP01-DEL02-ES"
124772;2018-04-08;"domingo";"19:50:00";"RS";153;373,5;"CACHOEIRA DO SUL";"Animais na Pista";"Atropelamento de Animal";"Com Vítimas Feridas";"Plena Noite";"Crescente";"Céu Claro";"Múltipla";"Declive";"Não";2;0;2;0;0;0;2;2;-29,98467621;-52,93075562;"SPRF-RS";"DEL02-RS";"UOP02-DEL02-RS"
124774;2018-04-08;"domingo";"21:20:00";"RS";153;51,5;"ERECHIM";"Não guardar distância de segurança";"Colisão lateral";"Com Vítimas Feridas";"Plena Noite";"Crescente";"Céu Claro";"Simples";"Reta";"Sim";2;0;1;0;1;0;1;2;-27,6596687;-52,2836866;"SPRF-RS";"DEL08-RS";"UOP04-DEL08-RS"
124786;2018-04-08;"domingo";"22:00:00";"RN";101;82,3;"NATAL";"Desobediência às normas de trânsito pelo condutor";"Capotamento";"Sem Vítimas";"Plena Noite";"Decrescente";"Nublado";"Dupla";"Reta";"Sim";2;0;0;0;2;0;0;2;-5,77971595;-35,25032043;"SPRF-RN";"DEL02-RN";"UOP01-DEL02-RN"
124787;2018-04-08;"domingo";"21:25:00";"PI";316;1,9;"TERESINA";"Falta de Atenção à Condução";"Tombamento";"Com Vítimas Feridas";"Plena Noite";"Decrescente";"Chuva";"Múltipla";"Reta";"Sim";1;0;1;0;0;0;1;1;-5,12408219;-42,79491037;"SPRF-PI";"DEL01-PI";"UOP02-DEL01-PI"
124788;2018-04-08;"domingo";"22:40:00";"MG";381;671,6;"PERDOES";"Velocidade Incompatível";"Saída de leito carroçável";"Com Vítimas Feridas";"Plena Noite";"Crescente";"Chuva";"Dupla";"Curva";"Não";1;0;1;0;0;0;1;1;-21,06569453;-45,05268761;"SPRF-MG";"DEL04-MG";"UOP02-DEL04-MG"
124789;2018-04-08;"domingo";"21:20:00";"MT";163;782,4;"SORRISO";"Defeito na Via";"Queda de ocupante de veículo";"Com Vítimas Feridas";"Plena Noite";"Crescente";"Céu Claro";"Simples";"Reta";"Não";2;0;1;0;0;1;1;2;-12,32157;-55,58303;"SPRF-MT";"DEL06-MT";"UOP01-DEL06-MT"
124790;2018-04-08;"domingo";"20:40:00";"MT";70;522;"VARZEA GRANDE";"Ingestão de álcool e/ou substâncias psicoativas pelo pedestre";"Colisão transversal";"Sem Vítimas";"Plena Noite";"Decrescente";"Céu Claro";"Simples";"Reta";"Não";2;0;0;0;2;0;0;2;-15,6493861;-56,1950499;"SPRF-MT";"DEL01-MT";"DEL2/4-UOP02/MT"