"id";"data_inversa";"dia_semana";"horario";"uf";"br";"km";"municipio";"causa_acidente";"tipo_acidente";"classificacao_acidente";"fase_dia";"sentido_via";"condicao_metereologica";"tipo_pista";"tracado_via";"uso_solo";"pessoas";"mortos";"feridos_leves";"feridos_graves";"ilesos";"ignorados";"feridos";"veiculos";"latitude";"longitude";"regional";"delegacia";"uop"
125036;2018-04-09;"segunda-feira";"13:50:00";"RN";101;104,2;"PARNAMIRIM";"Não guardar distância de segurança";"Engavetamento";"Com Vítimas Feridas";"Pleno dia";"Crescente";"Céu Claro";"Dupla";"Viaduto";"Sim";3;0;1;0;2;0;1;3;-5,89431916;-35,25766432;"SPRF-RN";"DEL01-RN";"UOP01-DEL01-RN"
125048;2018-04-09;"segunda-feira";"13:00:00";"RR";401;1;"BOA VISTA";"Falta de Atenção à Condução";"Colisão lateral";"Com Vítimas Feridas";"Pleno dia";"Crescente";"Céu Claro";"Dupla";"Reta";"Sim";2;0;1;0;1;0;1;2;2,8055953;-60,68888962;"SPRF-RR";"DEL01-RR";"UOP01-DEL01-RR"
125050;2018-04-09;"segunda-feira";"14:35:00";"SP";116;297;"ITAPECERICA DA SERRA";"Velocidade Incompatível";"Tombamento";"Sem Vítimas";"Pleno dia";"Decrescente";"Nublado";"Dupla";"Declive";"Não";2;0;0;0;2;0;0;1;-23,77612579;-46,91479683;"SPRF-SP";"DEL04-SP";"UOP01-DEL04-SP"
125059;2018-04-09;"segunda-feira";"14:00:00";"PA";316;0;"BELEM";"Velocidade Incompatível";"Saída de leito carroçável";"Com Vítimas Feridas";"Pleno dia";"Crescente";"Céu Claro";"Dupla";"Túnel";"Não";1;0;1;0;0;0;1;1;-1,405913;-48,43406;"SPRF-PA";"DEL01-PA";"DEL19/1-UOP05/PA"
125061;2018-04-09;"segunda-feira";"14:35:00";"RN";304;139;"ANGICOS";"Defeito na Via";"Colisão frontal";"Com Vítimas Feridas";"Pleno dia";"Crescente";"Chuva";"Simples";"Reta";"Não";3;0;2;0;1;0;2;2;-5,676681;-36,619053;"SPRF-RN";"DEL04-RN";"UOP01-DEL04-RN"
125063;2018-02-24;"sábado";"22:00:00";"MG";365;623,8;"UBERLANDIA";"Desobediência às normas de trânsito pelo condutor";"Colisão frontal";"Com Vítimas Feridas";"Plena Noite";"Decrescente";"Céu Claro";"Dupla";"Curva";"Sim";2;0;0;1;1;0;1;2;-18,90238885;-48,28147888;"SPRF-MG";"DEL15-MG";"UOP01-DEL15-MG"
125064;2018-02-08;"quinta-feira";"07:50:00";"RN";101;83;"SAO GONCALO DO AMARANTE";"Não guardar distância de segurança";"Capotamento";"Com Vítimas Feridas";"Pleno dia";"Decrescente";"Céu Claro";"Dupla";"Reta";"Sim";4;0;2;0;2;0;2;4;-5,77125198;-35,2659604;"SPRF-RN";"DEL02-RN";"UOP01-DEL02-RN"
125128;2018-03-23;"sexta-feira";"19:55:00";"SC";280;42;"GUARAMIRIM";"Desobediência às normas de trânsito pelo condutor";"Colisão frontal";"Com Vítimas Feridas";"Plena Noite";"Decrescente";"Céu Claro";"Simples";"Reta";"Não";3;0;1;0;2;0;1;2;-26,4506;-48,86797;"SPRF-SC";"DEL03-SC";"UOP03-DEL03-SC"
125440;2018-03-11;"domingo";"19:20:00";"RS";285;266,9;"MATO CASTELHANO";"Ingestão de Álcool";"Colisão frontal";"Sem Vítimas";"Anoitecer";"Decrescente";"Céu Claro";"Simples";"Reta";"Não";3;0;0;0;3;0;0;2;-28,304386;-52,13625;"SPRF-RS";"DEL08-RS";"UOP03-DEL08-RS"
126738;2018-04-09;"segunda-feira";"18:11:00";"DF";20;21,6;"BRASILIA";"Velocidade Incompatível";"Engavetamento";"Com Vítimas Feridas";"Anoitecer";"Decrescente";"Céu Claro";"Dupla";"Reta";"Sim";7;0;1;0;6;0;1;4;-15,6;-47,679;"SPRF-DF";"DEL02-DF";"UOP01-DEL02-DF"
126758;2018-04-09;"segunda-feira";"17:10:00";"RS";472;574;"URUGUAIANA";"Restrição de Visibilidade";"Colisão lateral";"Com Vítimas Feridas";"Pleno dia";"Decrescente";"Céu Claro";"Simples";"Interseção de Vias";"Não";3;0;1;0;2;0;1;2;-29,76371612;-57,0470506;"SPRF-RS";"DEL13-RS";"UOP01-DEL13-RS"
126759;2018-04-09;"segunda-feira";"16:00:00";"PR";376;158,5;"MANDAGUACU";"Velocidade Incompatível";"Saída de leito carroçável";"Com Vítimas Feridas";"Pleno dia";"Crescente";"Céu Claro";"Dupla";"Curva";"Sim";1;0;0;1;0;0;1;1;-23,353157;-52,091369;"SPRF-PR";"DEL07-PR";"UOP01-DEL09-PR"
126774;2018-04-09;"segunda-feira";"14:20:00";"PB";230;58,1;"CRUZ DO ESPIRITO SANTO";"Falta de Atenção à Condução";"Colisão traseira";"Com Vítimas Feridas";"Pleno dia";"Crescente";"Céu Claro";"Dupla";"Reta";"Não";2;0;1;0;1;0;1;2;-7,2035;-35,1214;"SPRF-PB";"DEL01-PB";"UOP03-DEL01-PB"
126789;2018-04-09;"segunda-feira";"14:30:00";"RS";290;83;"GRAVATAI";"Objeto estático sobre o leito carroçável";"Colisão com objeto estático";"Com Vítimas Feridas";"Pleno dia";"Decrescente";"Céu Claro";"Dupla";"Reta";"Não";1;0;1;0;0;0;1;1;-29,959141;-51,088791;"SPRF-RS";"DEL01-RS";"UOP01-DEL01-RS"
126790;2018-04-09;"segunda-feira";"17:50:00";"MG";50;177;"UBERABA";"Avarias e/ou desgaste excessivo no pneu";"Saída de leito carroçável";"Com Vítimas Feridas";"Anoitecer";"Decrescente";"Céu Claro";"Dupla";"Reta";"Sim";1;0;1;0;0;0;1;1;-19,779;-47,9413;"SPRF-MG";"DEL13-MG";"UOP01-DEL13-MG"
126796;2018-04-09;"segunda-feira";"15:05:00";"RJ";101;322;"NITEROI";"Falta de Atenção do Pedestre";"Colisão traseira";"Com Vítimas Feridas";"Pleno dia";"Crescente";"Céu Claro";"Dupla";"Reta";"Não";2;0;1;0;1;0;1;2;-22,87593795;-43,11831772;"SPRF-RJ";"DEL02-RJ";"UOP02-DEL02-RJ"
126797;2018-04-09;"segunda-feira";"18:40:00";"SC";470;139,5;"RIO DO SUL";"Não guardar distância de segurança";"Capotamento";"Com Vítimas Feridas";"Anoitecer";"Decrescente";"Céu Claro";"Simples";"Reta";"Sim";2;0;2;0;0;0;2;1;-27,22044113;-49,65820313;"SPRF-SC";"DEL04-SC";"UOP02-DEL04-SC"
126814;2018-04-09;"segunda-feira";"15:00:00";"GO";414;219;"NIQUELANDIA";"Velocidade Incompatível";"Colisão traseira";"Com Vítimas Feridas";"Pleno dia";"Decrescente";"Ignorado";"Simples";"Reta";"Não";3;0;0;2;1;0;2;2;-14,7635952;-48,6227417;"SPRF-GO";"DEL07-GO";"UOP02-DEL07-GO"
126815;2018-04-09;"segunda-feira";"18:15:00";"PR";116;101;"SAO JOSE DOS PINHAIS";"Defeito Mecânico no Veículo";"Queda de ocupante de veículo";"Com Vítimas Feridas";"Plena Noite";"Crescente";"Céu Claro";"Dupla";"Reta";"Não";1;0;1;0;0;0;1;1;-25,5269804;-49,140519;"SPRF-PR";"DEL01-PR";"UOP07-DEL01-PR"
126817;2018-04-09;"segunda-feira";"20:40:00";"SP";116;157,1;"CUNHA";"Falta de Atenção do Pedestre";"Queda de ocupante de veículo";"Com Vítimas Feridas";"Plena Noite";"Decrescente";"Céu Claro";"Dupla";"Aclive";"Sim";1;0;1;0;0;0;1;1;-23;-45;"SPRF-SP";"DEL02-SP";"UOP01-DEL02-SP"
126818;2018-04-09;"segunda-feira";"15:10:00";"MG";381;492,2;"BETIM";"Falta de Atenção à Condução";"Colisão traseira";"Sem Vítimas";"Pleno dia";"Crescente";"Nublado";"Múltipla";"Reta";"Sim";2;0;0;0;2;0;0;2;-19,9639;-44,1693;"SPRF-MG";"DEL01-MG";"UOP03-DEL01-MG"
126830;2018-04-09;"segunda-feira";"18:20:00";"GO";50;263,8;"CATALAO";"Ultrapassagem Indevida";"Colisão transversal";"Com Vítimas Feridas";"Anoitecer";"Crescente";"Céu Claro";"Simples";"Reta";"Não";3;0;1;0;2;0;1;2;-18,0521;-47,863;"SPRF-GO";"DEL06-GO";"UOP01-DEL06-GO"
126831;2018-04-09;"segunda-feira";"16:00:00";"TO";226;41,6;"DARCINOPOLIS";"Ingestão de Álcool";"Saída de leito carroçável";"Com Vítimas Feridas";"Pleno dia";"Decrescente";"Céu Claro";"Simples";"Curva";"Não";1;0;1;0;0;0;1;1;-6,72580307;-47,76584029;"SPRF-TO";"DEL02-TO";"UOP03-DEL02-TO"
126832;2018-04-09;"segunda-feira";"16:00:00";"BA";101;167,5;"FEIRA DE SANTANA";"Desobediência às normas de trânsito pelo condutor";"Colisão traseira";"Com Vítimas Feridas";"Pleno dia";"Crescente";"Céu Claro";"Simples";"Reta";"Sim";2;0;1;0;1;0;1;2;-12,360272;-38,83595;"SPRF-BA";"DEL01-BA";"UOP03-DEL01-BA"
126834;2018-04-09;"segunda-feira";"18:00:00";"MT";174;478,5;"COMODORO";"Falta de Atenção à Condução";"Colisão traseira";"Com Vítimas Feridas";"Plena Noite";"Decrescente";"Nublado";"Simples";"Reta";"Não";2;0;0;1;1;0;1;2;-13,697423;-59,78683591;"SPRF-MT";"DEL04-MT";"UOP01-DEL04-MT"
126836;2018-04-09;"segunda-feira";"20:00:00";"PR";116;126;"CURITIBA";"Desobediência às normas de trânsito pelo condutor";"Colisão traseira";"Sem Vítimas";"Plena Noite";"Decrescente";"Nublado";"Dupla";"Reta";"Sim";2;0;0;0;1;1;0;2;-25,621508;-49,316216;"SPRF-PR";"DEL01-PR";"UOP03-DEL01-PR"
126837;2018-04-09;"segunda-feira";"20:00:00";"GO";60;41;"APARECIDA DE GOIANIA";"Desobediência às normas de trânsito pelo condutor";"Colisão transversal";"Com Vítimas Feridas";"Plena Noite";"Decrescente";"Céu Claro";"Dupla";"Rotatória";"Sim";2;0;1;0;1;0;1;2;-16,8101;-49,2397;"SPRF-GO";"DEL01-GO";"UOP03-DEL01-GO"
126849;2018-04-09;"segunda-feira";"21:00:00";"PR";376;502,3;"PONTA GROSSA";"Falta de Atenção do Pedestre";"Atropelamento de Pedestre";"Com Vítimas Fatais";"Plena Noite";"Decrescente";"Céu Claro";"Dupla";"Reta";"Sim";3;1;0;1;1;0;1;2;-25,16703777;-50,11671066;"SPRF-PR";"DEL03-PR";"UOP04-DEL03-PR"
126853;2018-04-09;"segunda-feira";"19:40:00";"SC";101;263,9;"GAROPABA";"Falta de Atenção à Condução";"Saída de leito carroçável";"Com Vítimas Feridas";"Plena Noite";"Decrescente";"Nublado";"Dupla";"Curva";"Sim";1;0;0;1;0;0;1;1;-28,0575;-48,7175;"SPRF-SC";"DEL02-SC";"UOP03-DEL02-SC"
126856;2018-04-09;"segunda-feira";"20:50:00";"GO";153;509;"APARECIDA DE GOIANIA";"Animais na Pista";"Atropelamento de Animal";"Com Vítimas Feridas";"Plena Noite";"Crescente";"Céu Claro";"Múltipla";"Reta";"Sim";1;0;0;1;0;0;1;1;-16,77483595;-49,23718549;"SPRF-GO";"DEL01-GO";"UOP03-DEL01-GO"
126859;2018-04-09;"segunda-feira";"15:30:00";"PB";361;5,1;"PATOS";"Falta de Atenção à Condução";"Colisão transversal";"Com Vítimas Feridas";"Pleno dia";"Decrescente";"Nublado";"Simples";"Reta";"Sim";2;0;0;1;0;1;1;2;-7,03454;-37,303584;"SPRF-PB";"DEL03-PB";"UOP01-DEL03-PB"
126860;2018-04-09;"segunda-feira";"20:22:00";"SC";101;110,5;"NAVEGANTES";"Ingestão de Álcool";"Colisão com objeto estático";"Sem Vítimas";"Plena Noite";"Decrescente";"Céu Claro";"Dupla";"Retorno Regulamentado";"Sim";1;0;0;0;1;0;0;1;-26,8397;-48,714;"SPRF-SC";"DEL04-SC";"UOP04-DEL04-SC"
126861;2018-04-09;"segunda-feira";"18:30:00";"RO";364;421;"JARU";"Falta de Atenção à Condução";"Atropelamento de Pedestre";"Com Vítimas Feridas";"Plena Noite";"Crescente";"Garoa/Chuvisco";"Simples";"Rotatória;Reta";"Sim";2;0;2;0;0;0;2;2;-10,467289;-62,450893;"SPRF-RO";"DEL03-RO";"UOP02-DEL03-RO"
126862;2018-04-09;"segunda-feira";"20:50:00";"RS";290;143;"ELDORADO DO SUL";"Falta de Atenção à Condução";"Colisão transversal";"Sem Vítimas";"Plena Noite";"Crescente";"Céu Claro";"Simples";"Reta";"Sim";2;0;0;0;2;0;0;2;-30,093309;-51,637798;"SPRF-RS";"DEL02-RS";"UOP01-DEL02-RS"
126863;2018-04-09;"segunda-feira";"17:10:00";"CE";116;17,7;"EUSEBIO";"Falta de Atenção à Condução";"Colisão traseira";"Com Vítimas Feridas";"Anoitecer";"Crescente";"Céu Claro";"Dupla";"Reta";"Não";2;0;1;0;1;0;1;2;-3,89793013;-38,50365222;"SPRF-CE";"DEL01-CE";"UOP02-DEL01-CE"
126864;2018-04-09;"segunda-feira";"16:30:00";"SC";282;5;"SAO JOSE";"Falta de Atenção à Condução";"Colisão lateral";"Com Vítimas Feridas";"Pleno dia";"Crescente";"Céu Claro";"Múltipla";"Curva";"Sim";2;0;1;0;0;1;1;2;-27,588425;-48,612919;"SPRF-SC";"DEL01-SC";"UOP01-DEL01-SC"
126865;2018-04-09;"segunda-feira";"21:41:00";"ES";101;268,6;"SERRA";"Ingestão de Substâncias Psicoativas";"Queda de ocupante de veículo";"Com Vítimas Fatais";"Plena Noite";"Decrescente";"Nublado";"Múltipla";"Reta";"Sim";2;1;0;0;1;0;0;1;-20,21503586;-40,26961863;"SPRF-ES";"DEL02-ES";"UOP01-DEL02-ES"
126866;2018-04-09;"segunda-feira";"17:00:00";"ES";262;16,1;"VIANA";"Desobediência às normas de trânsito pelo condutor";"Colisão transversal";"Com Vítimas Feridas";"Pleno dia";"Crescente";"Céu Claro";"Simples";"Curva";"Sim";2;0;1;0;1;0;1;2;-20,38433696;-40,46363086;"SPRF-ES";"DEL01-ES";"UOP01-DEL01-ES"
126867;2018-04-09;"segunda-feira";"21:03:00";"DF";60;29;"BRASILIA";"Ingestão de Álcool";"Saída de leito carroçável";"Sem Vítimas";"Plena Noite";"Decrescente";"Céu Claro";"Dupla";"Curva";"Não";1;0;0;0;1;0;0;1;-16,029184;-48,25354;"SPRF-DF";"DEL01-DF";"UOP01-DEL03-DF"
126868;2018-04-09;"segunda-feira";"17:45:00";"GO";153;493,8;"GOIANIA";"Falta de Atenção à Condução";"Colisão lateral";"Com Vítimas Feridas";"Anoitecer";"Decrescente";"Sol";"Dupla";"Reta";"Sim";2;0;1;0;1;0;1;2;-16,6537;-49,2172;"SPRF-GO";"DEL01-GO";"UOP01-DEL01-GO"
126869;2018-04-09;"segunda-feira";"21:15:00";"SC";101;134;"BALNEARIO CAMBORIU";"Desobediência às normas de trânsito pelo condutor";"Colisão frontal";"Com Vítimas Feridas";"Plena Noite";"Crescente";"Céu Claro";"Simples";"Viaduto";"Não";2;0;1;0;1;0;1;2;-27,0049;-48,6266;"SPRF-SC";"DEL04-SC";"UOP03-DEL04-SC"
126870;2018-04-09;"segunda-feira";"11:10:00";"MS";163;0,2;"MUNDO NOVO";"Velocidade Incompatível";"Colisão traseira";"Sem Vítimas";"Pleno dia";"Crescente";"Céu Claro";"Simples";"Curva";"Não";2;0;0;0;2;0;0;2;-24,04304275;-54,27333534;"SPRF-MS";"DEL09-MS";"UOP02-DEL09-MS"
126871;2018-04-09;"segunda-feira";"17:45:00";"SC";282;1,9;"FLORIANOPOLIS";"Não guardar distância de segurança";"Colisão traseira";"Com Vítimas Feridas";"Anoitecer";"Crescente";"Nublado";"Dupla";"Reta";"Sim";2;0;1;0;1;0;1;2;-27,60347459;-48,58732397;"SPRF-SC";"DEL01-SC";"UOP01-DEL01-SC"
126872;2018-04-09;"segunda-feira";"22:20:00";"MG";40;621;"CONSELHEIRO LAFAIETE";"Falta de Atenção à Condução";"Saída de leito carroçável";"Com Vítimas Feridas";"Plena Noite";"Decrescente";"Céu Claro";"Simples";"Declive";"Não";2;0;0;1;1;0;1;1;-20,5944;-43,8026;"SPRF-MG";"DEL05-MG";"UOP02-DEL05-MG"
126875;2018-04-09;"segunda-feira";"22:25:00";"SP";116;218;"GUARULHOS";"Defeito Mecânico no Veículo";"Queda de ocupante de veículo";"Com Vítimas Feridas";"Plena Noite";"Decrescente";"Céu Claro";"Múltipla";"Reta";"Sim";1;0;1;0;0;0;1;1;-23,46230152;-46,49139404;"SPRF-SP";"DEL01-SP";"UOP01-DEL01-SP"
126877;2018-04-09;"segunda-feira";"22:03:00";"ES";101;254,8;"SERRA";"Ingestão de Álcool";"Colisão lateral";"Com Vítimas Feridas";"Plena Noite";"Decrescente";"Céu Claro";"Simples";"Reta";"Sim";2;0;1;0;1;0;1;2;-20,115;-40,319;"SPRF-ES";"DEL02-ES";"UOP01-DEL02-ES"
126878;2018-04-09;"segunda-feira";"17:20:00";"MG";365;472;"PATROCINIO";"Falta de Atenção à Condução";"Saída de leito carroçável";"Com Vítimas Feridas";"Pleno dia";"Crescente";"Céu Claro";"Simples";"Reta";"Não";1;0;1;0;0;0;1;1;-18,92414957;-46,99770927;"SPRF-MG";"DEL10-MG";"UOP01-DEL10-MG"
126879;2018-04-09;"segunda-feira";"21:35:00";"SC";282;308,4;"VARGEM";"Falta de Atenção do Pedestre";"Atropelamento de Pedestre";"Com Vítimas Feridas";"Plena Noite";"Decrescente";"Céu Claro";"Simples";"Curva";"Não";2;0;0;1;1;0;1;2;-27,49292;-50,971973;"SPRF-SC";"DEL07-SC";"UOP06-DEL07-SC"
126881;2018-04-09;"segunda-feira";"20:15:00";"PI";343;348,1;"TERESINA";"Falta de Atenção à Condução";"Colisão com objeto estático";"Sem Vítimas";"Plena Noite";"Decrescente";"Nublado";"Dupla";"Viaduto";"Sim";1;0;0;0;0;1;0;1;-5,118991;-42,786957;"SPRF-PI";"DEL01-PI";"UOP01-DEL01-PI"
126884;2018-04-09;"segunda-feira";"23:10:00";"PR";277;99,5;"CURITIBA";"Velocidade Incompatível";"Saída de leito carroçável";"Com Vítimas Feridas";"Plena Noite";"Crescente";"Nublado";"Dupla";"Reta";"Sim";1;0;0;1;0;0;1;1;-25,43166752;-49,36332375;"SPRF-PR";"DEL01-PR";"UOP06-DEL01-PR"
126888;2018-04-09;"segunda-feira";"15:10:00";"BA";330;749,5;"JITAUNA";"Falta de Atenção à Condução";"Saída de leito carroçável";"Com Vítimas Feridas";"Pleno dia";"Crescente";"Chuva";"Simples";"Curva";"Não";1;0;1;0;0;0;1;1;-14,00869637;-39,90109921;"SPRF-BA";"DEL03-BA";"UOP01-DEL03-BA"
126890;2018-04-09;"segunda-feira";"18:30:00";"RO";435;30;"VILHENA";"Falta de Atenção à Condução";"Capotamento";"Com Vítimas Feridas";"Plena Noite";"Crescente";"Garoa/Chuvisco";"Simples";"Curva";"Não";1;0;1;0;0;0;1;1;-12,805573;-60,36684;"SPRF-RO";"DEL04-RO";"UOP02-DEL04-RO"
126892;2018-04-09;"segunda-feira";"23:50:00";"RJ";116;81,2;"TERESOPOLIS";"Falta de Atenção à Condução";"Queda de ocupante de veículo";"Com Vítimas Feridas";"Plena Noite";"Decrescente";"Céu Claro";"Simples";"Reta";"Sim";1;0;1;0;0;0;1;1;-22,39985619;-42,95481563;"SPRF-RJ";"DEL04-RJ";"UOP01-DEL04-RJ"
126893;2018-04-10;"terça-feira";"00:10:00";"SC";101;202;"SAO JOSE";"Não guardar distância de segurança";"Colisão traseira";"Com Vítimas Feridas";"Plena Noite";"Decrescente";"Céu Claro";"Múltipla";"Reta";"Sim";2;0;1;0;1;0;1;2;-27,5651;-48,6144;"SPRF-SC";"DEL01-SC";"UOP01-DEL01-SC"
126895;2018-04-09;"segunda-feira";"21:40:00";"BA";330;762,4;"JITAUNA";"Falta de Atenção do Pedestre";"Atropelamento de Pedestre";"Com Vítimas Fatais";"Plena Noite";"Decrescente";"Nublado";"Simples";"Curva";"Não";2;1;0;0;1;0;0;2;-14,050511;-39,812716;"SPRF-BA";"DEL03-BA";"UOP01-DEL03-BA"
126899;2018-04-09;"segunda-feira";"18:30:00";"AL";316;113,4;"CACIMBINHAS";"Ingestão de Álcool";"Colisão frontal";"Com Vítimas Feridas";"Plena Noite";"Decrescente";"Céu Claro";"Simples";"Curva;Aclive";"Sim";2;0;0;1;1;0;1;2;-9,40467981;-36,99338047;"SPRF-AL";"DEL03-AL";"UOP01-DEL03-AL"
126900;2018-04-09;"segunda-feira";"15:20:00";"MT";70;415;"CAMPO VERDE";"Ingestão de Álcool";"Saída de leito carroçável";"Sem Vítimas";"Pleno dia";"Decrescente";"Sol";"Dupla";"Reta";"Não";1;0;0;0;1;0;0;1;-15,6986;-55,327129;"SPRF-MT";"DEL02-MT";"UOP02-DEL05-MT"
126905;2018-04-10;"terça-feira";"01:25:00";"SC";282;497,6;"XANXERE";"Velocidade Incompatível";"Saída de leito carroçável";"Com Vítimas Feridas";"Plena Noite";"Decrescente";"Céu Claro";"Simples";"Curva";"Não";3;0;1;0;2;0;1;1;-26,880062;-52,344685;"SPRF-SC";"DEL07-SC";"UOP01-DEL07-SC"
126906;2018-04-10;"terça-feira";"03:50:00";"RS";290;91;"PORTO ALEGRE";"Ingestão de Álcool";"Colisão com objeto estático";"Com Vítimas Feridas";"Plena Noite";"Decrescente";"Céu Claro";"Dupla";"Reta";"Sim";3;0;3;0;0;0;3;1;-29,969055;-51,167439;"SPRF-RS";"DEL01-RS";"UOP01-DEL01-RS"
126912;2018-04-09;"segunda-feira";"18:00:00";"RN";101;107;"MACAIBA";"Falta de Atenção à Condução";"Tombamento";"Com Vítimas Feridas";"Plena Noite";"Crescente";"Céu Claro";"Dupla";"Reta";"Sim";1;0;1;0;0;0;1;1;-5,916578;-35,263084;"SPRF-RN";"DEL01-RN";"UOP01-DEL01-RN"
126913;2018-04-09;"segunda-feira";"15:30:00";"PE";101;70;"RECIFE";"Defeito na Via";"Saída de leito carroçável";"Sem Vítimas";"Pleno dia";"Crescente";"Céu Claro";"Dupla";"Reta";"Sim";1;0;0;0;1;0;0;1;-8,0661663;-34,94569659;"SPRF-PE";"DEL01-PE";"UOP01-DEL01-PE"
126914;2018-04-10;"terça-feira";"05:40:00";"RN";101;75,4;"SAO GONCALO DO AMARANTE";"Falta de Atenção à Condução";"Colisão traseira";"Com Vítimas Feridas";"Pleno dia";"Decrescente";"Céu Claro";"Dupla";"Rotatória";"Não";3;0;1;1;1;0;2;2;-5,72249316;-35,27766103;"SPRF-RN";"DEL02-RN";"UOP01-DEL02-RN"
126916;2018-04-10;"terça-feira";"05:30:00";"RS";116;302;"GUAIBA";"Desobediência às normas de trânsito pelo condutor";"Colisão com objeto estático";"Sem Vítimas";"Amanhecer";"Decrescente";"Céu Claro";"Dupla";"Em Obras";"Sim";1;0;0;0;1;0;0;1;-30,139704;-51,359425;"SPRF-RS";"DEL02-RS";"UOP01-DEL02-RS"
126917;2018-04-10;"terça-feira";"05:00:00";"MT";163;756;"SORRISO";"Falta de Atenção à Condução";"Colisão traseira";"Com Vítimas Fatais";"Amanhecer";"Decrescente";"Chuva";"Dupla";"Curva";"Sim";2;1;0;0;1;0;0;2;-12,5250666;-55,70219904;"SPRF-MT";"DEL06-MT";"UOP01-DEL06-MT"
126919;2018-04-10;"terça-feira";"06:35:00";"PE";101;71,6;"RECIFE";"Ingestão de Álcool";"Atropelamento de Pedestre";"Com Vítimas Feridas";"Pleno dia";"Crescente";"Sol";"Dupla";"Curva";"Sim";2;0;0;2;0;0;2;2;-8,08212658;-34,943178;"SPRF-PE";"DEL01-PE";"UOP01-DEL01-PE"
126922;2018-04-10;"terça-feira";"06:50:00";"MG";381;456;"CONTAGEM";"Desobediência às normas de trânsito pelo condutor";"Colisão lateral";"Com Vítimas Feridas";"Pleno dia";"Crescente";"Céu Claro";"Simples";"Reta";"Sim";2;0;0;2;0;0;2;2;-19,9605;-44,0357;"SPRF-MG";"DEL01-MG";"UOP01-DEL01-MG"
126923;2018-04-10;"terça-feira";"01:30:00";"SP";116;117;"TAUBATE";"Falta de Atenção à Condução";"Colisão com objeto estático";"Com Vítimas Feridas";"Plena Noite";"Decrescente";"Céu Claro";"Dupla";"Reta";"Sim";1;0;1;0;0;0;1;1;-23,02602769;-45,54553986;"SPRF-SP";"DEL06-SP";"UOP02-DEL02-SP"
126924;2018-04-10;"terça-feira";"07:00:00";"RS";290;77,4;"GRAVATAI";"Defeito Mecânico no Veículo";"Colisão com objeto estático";"Sem Vítimas";"Pleno dia";"Decrescente";"Nublado";"Múltipla";"Reta";"Sim";1;0;0;0;1;0;0;1;-29,95519948;-51,0312965;"SPRF-RS";"DEL01-RS";"UOP01-DEL01-RS"
126925;2018-04-10;"terça-feira";"07:07:00";"RS";290;89;"PORTO ALEGRE";"Não guardar distância de segurança";"Colisão lateral";"Com Vítimas Feridas";"Pleno dia";"Crescente";"Céu Claro";"Dupla";"Reta";"Sim";3;0;2;0;1;0;2;3;-29,967892;-51,147331;"SPRF-RS";"DEL01-RS";"UOP01-DEL01-RS"
126928;2018-04-10;"terça-feira";"07:29:00";"PR";116;125;"FAZENDA RIO GRANDE";"Falta de Atenção à Condução";"Colisão traseira";"Com Vítimas Feridas";"Pleno dia";"Decrescente";"Céu Claro";"Dupla";"Reta";"Sim";2;0;1;0;1;0;1;2;-25,621508;-49,316216;"SPRF-PR";"DEL01-PR";"UOP03-DEL01-PR"
126929;2018-04-10;"terça-feira";"07:20:00";"PR";376;12;"MARINGA";"Condutor Dormindo";"Colisão com objeto estático";"Com Vítimas Feridas";"Pleno dia";"Decrescente";"Sol";"Dupla";"Declive;Reta;Viaduto";"Não";2;0;1;0;0;1;1;2;-23,39113599;-51,89282471;"SPRF-PR";"DEL07-PR";"UOP01-DEL09-PR"
126930;2018-04-10;"terça-feira";"07:20:00";"MG";381;661;"SANTO ANTONIO DO AMPARO";"Condutor Dormindo";"Colisão com objeto estático";"Com Vítimas Feridas";"Pleno dia";"Crescente";"Céu Claro";"Dupla";"Reta";"Não";3;0;3;0;0;0;3;1;-21,0216;-44,9935;"SPRF-MG";"DEL04-MG";"UOP02-DEL04-MG"
126932;2018-04-09;"segunda-feira";"23:00:00";"SC";116;56,4;"PAPANDUVA";"Falta de Atenção à Condução";"Colisão lateral";"Com Vítimas Feridas";"Plena Noite";"Decrescente";"Céu Claro";"Simples";"Reta";"Não";2;0;1;0;1;0;1;2;-26,39263852;-50,17544031;"SPRF-SC";"DEL06-SC";"UOP02-DEL06-SC"
126933;2018-04-10;"terça-feira";"08:00:00";"MG";354;748,9;"ITANHANDU";"Falta de Atenção à Condução";"Colisão transversal";"Com Vítimas Feridas";"Pleno dia";"Crescente";"Céu Claro";"Simples";"Reta";"Não";2;0;1;0;0;1;1;2;-22,28471779;-44,86890794;"SPRF-MG";"DEL05-MG";"UOP01-DEL17-MG"
126937;2018-04-10;"terça-feira";"08:05:00";"PB";230;25,3;"JOAO PESSOA";"Falta de Atenção à Condução";"Colisão traseira";"Sem Vítimas";"Pleno dia";"Decrescente";"Nublado";"Múltipla";"Viaduto";"Sim";2;0;0;0;2;0;0;2;-7,16941;-34,874878;"SPRF-PB";"DEL01-PB";"UOP01-DEL01-PB"
126938;2018-04-09;"segunda-feira";"23:00:00";"AC";364;98;"RIO BRANCO";"Falta de Atenção à Condução";"Saída de leito carroçável";"Com Vítimas Fatais";"Plena Noite";"Decrescente";"Nevoeiro/Neblina";"Simples";"Rotatória";"Não";1;1;0;0;0;0;0;1;-10,06826947;-67,58360445;"SPRF-AC";"DEL01-AC";"UOP01-DEL01-AC"