"id";"data_inversa";"dia_semana";"horario";"uf";"br";"km";"municipio";"causa_acidente";"tipo_acidente";"classificacao_acidente";"fase_dia";"sentido_via";"condicao_metereologica";"tipo_pista";"tracado_via";"uso_solo";"pessoas";"mortos";"feridos_leves";"feridos_graves";"ilesos";"ignorados";"feridos";"veiculos";"latitude";"longitude";"regional";"delegacia";"uop"
126939;2018-04-10;"terça-feira";"07:15:00";"BA";367;24,3;"PORTO SEGURO";"Não guardar distância de segurança";"Colisão traseira";"Com Vítimas Feridas";"Pleno dia";"Decrescente";"Céu Claro";"Simples";"Reta";"Sim";5;0;1;0;4;0;1;2;-16,437641;-39,08139;"SPRF-BA";"DEL09-BA";"UOP01-DEL09-BA"
126943;2018-03-22;"quinta-feira";"20:30:00";"PR";277;112;"CAMPO LARGO";"Defeito Mecânico no Veículo";"Incêndio";"Sem Vítimas";"Plena Noite";"Crescente";"Céu Claro";"Dupla";"Reta";"Não";1;0;0;0;1;0;0;1;-25,43955426;-49,44110513;"SPRF-PR";"DEL01-PR";"UOP06-DEL01-PR"
126944;2018-01-20;"sábado";"04:15:00";"MG";381;456;"BELO HORIZONTE";"Defeito Mecânico no Veículo";"Incêndio";"Sem Vítimas";"Plena Noite";"Crescente";"Céu Claro";"Simples";"Reta";"Sim";49;0;0;0;49;0;0;1;-19,84002885;-43,87767792;"SPRF-MG";"DEL01-MG";"UOP01-DEL01-MG"
126945;2018-04-10;"terça-feira";"09:05:00";"SC";101;212;"PALHOCA";"Falta de Atenção à Condução";"Colisão traseira";"Com Vítimas Feridas";"Pleno dia";"Decrescente";"Céu Claro";"Dupla";"Reta";"Sim";5;0;1;0;4;0;1;4;-27,6372;-48,6651;"SPRF-SC";"DEL01-SC";"UOP02-DEL01-SC"
126946;2018-04-10;"terça-feira";"08:00:00";"PR";277;661,9;"MATELANDIA";"Falta de Atenção à Condução";"Saída de leito carroçável";"Sem Vítimas";"Pleno dia";"Crescente";"Céu Claro";"Dupla";"Reta";"Não";1;0;0;0;1;0;0;1;-25,252762;-53,99942;"SPRF-PR";"DEL05-PR";"UOP02-DEL05-PR"
126947;2018-04-10;"terça-feira";"08:45:00";"DF";20;9;"BRASILIA";"Falta de Atenção à Condução";"Colisão traseira";"Sem Vítimas";"Pleno dia";"Decrescente";"Céu Claro";"Dupla";"Declive";"Sim";2;0;0;0;2;0;0;2;-15,65496162;-47,78562242;"SPRF-DF";"DEL02-DF";"UOP01-DEL02-DF"
126948;2018-04-10;"terça-feira";"08:00:00";"PR";376;591;"CURITIBA";"Falta de Atenção à Condução";"Capotamento";"Sem Vítimas";"Pleno dia";"Crescente";"Céu Claro";"Dupla";"Reta";"Sim";1;0;0;0;1;0;0;1;-25,57098302;-49,21032787;"SPRF-PR";"DEL01-PR";"UOP06-DEL01-PR"
126949;2018-04-10;"terça-feira";"07:40:00";"PR";369;163,9;"CAMBE";"Defeito Mecânico no Veículo";"Saída de leito carroçável";"Com Vítimas Feridas";"Pleno dia";"Decrescente";"Céu Claro";"Dupla";"Reta";"Não";2;0;2;0;0;0;2;2;-23,29520043;-51,28793478;"SPRF-PR";"DEL07-PR";"UOP01-DEL07-PR"
126950;2018-04-10;"terça-feira";"09:00:00";"PA";308;10;"MARITUBA";"Falta de Atenção à Condução";"Colisão traseira";"Com Vítimas Feridas";"Pleno dia";"Decrescente";"Céu Claro";"Dupla";"Reta";"Sim";2;0;0;1;0;1;1;2;-1,365636;-48,358788;"SPRF-PA";"DEL01-PA";"DEL19/1-UOP05/PA"
126951;2018-04-10;"terça-feira";"07:00:00";"GO";50;265,3;"CATALAO";"Defeito Mecânico no Veículo";"Queda de ocupante de veículo";"Com Vítimas Feridas";"Pleno dia";"Crescente";"Céu Claro";"Simples";"Curva";"Não";1;0;1;0;0;0;1;1;-18,0702;-47,8644;"SPRF-GO";"DEL06-GO";"UOP01-DEL06-GO"
126955;2018-04-10;"terça-feira";"08:00:00";"PR";369;172;"ROLANDIA";"Desobediência às normas de trânsito pelo condutor";"Colisão frontal";"Com Vítimas Feridas";"Pleno dia";"Crescente";"Céu Claro";"Simples";"Reta";"Sim";2;0;1;0;1;0;1;2;-23,30728115;-51,36612654;"SPRF-PR";"DEL07-PR";"UOP01-DEL07-PR"
126956;2018-04-10;"terça-feira";"07:15:00";"BA";367;24;"PORTO SEGURO";"Falta de Atenção à Condução";"Colisão transversal";"Com Vítimas Feridas";"Pleno dia";"Decrescente";"Céu Claro";"Simples";"Reta";"Sim";2;0;1;0;1;0;1;2;-16,46672897;-39,05914307;"SPRF-BA";"DEL09-BA";"UOP01-DEL09-BA"
126957;2018-04-09;"segunda-feira";"19:20:00";"MT";174;373,3;"CONQUISTA DOESTE";"Falta de Atenção à Condução";"Colisão traseira";"Com Vítimas Fatais";"Plena Noite";"Crescente";"Céu Claro";"Simples";"Reta";"Não";2;1;0;0;1;0;0;2;-14,58952;-59,51812;"SPRF-MT";"DEL04-MT";"UOP01-DEL04-MT"
126958;2018-04-02;"segunda-feira";"17:50:00";"PI";316;12;"TERESINA";"Falta de Atenção à Condução";"Colisão lateral";"Com Vítimas Feridas";"Anoitecer";"Decrescente";"Céu Claro";"Múltipla";"Reta";"Não";3;0;1;0;2;0;1;2;-5,0446853;-42,7662325;"SPRF-PI";"DEL01-PI";"UOP02-DEL01-PI"
126962;2018-04-10;"terça-feira";"07:30:00";"PR";277;694,3;"SAO MIGUEL DO IGUACU";"Falta de Atenção à Condução";"Queda de ocupante de veículo";"Sem Vítimas";"Pleno dia";"Crescente";"Céu Claro";"Dupla";"Retorno Regulamentado";"Não";1;0;0;0;1;0;0;1;-25,377277;-54,278534;"SPRF-PR";"DEL05-PR";"UOP01-DEL05-PR"
126963;2018-04-09;"segunda-feira";"17:40:00";"PE";424;95,2;"GARANHUNS";"Ingestão de Álcool";"Colisão frontal";"Com Vítimas Feridas";"Anoitecer";"Crescente";"Céu Claro";"Simples";"Curva";"Não";12;0;7;2;3;0;9;3;-8,92621361;-36,4898631;"SPRF-PE";"DEL03-PE";"UOP01-DEL03-PE"
126967;2018-03-29;"quinta-feira";"22:00:00";"SC";101;235;"PALHOCA";"Pista Escorregadia";"Colisão frontal";"Com Vítimas Feridas";"Plena Noite";"Decrescente";"Chuva";"Dupla";"Curva";"Não";4;0;2;0;2;0;2;2;-27,827;-48,63;"SPRF-SC";"DEL01-SC";"UOP02-DEL01-SC"
126968;2018-04-07;"sábado";"05:30:00";"MG";365;476;"PATROCINIO";"Defeito Mecânico no Veículo";"Saída de leito carroçável";"Com Vítimas Feridas";"Amanhecer";"Crescente";"Céu Claro";"Simples";"Rotatória";"Não";2;0;1;0;0;1;1;2;-18,9205771;-47,0271492;"SPRF-MG";"DEL10-MG";"UOP01-DEL10-MG"
126970;2018-04-10;"terça-feira";"10:35:00";"MG";381;892,9;"CAMBUI";"Sinalização da via insuficiente ou inadequada";"Colisão traseira";"Com Vítimas Feridas";"Pleno dia";"Decrescente";"Sol";"Dupla";"Reta";"Não";3;0;2;0;1;0;2;2;-22,56563142;-46,04120135;"SPRF-MG";"DEL16-MG";"UOP03-DEL16-MG"
126972;2018-04-10;"terça-feira";"11:00:00";"MS";163;481,8;"CAMPO GRANDE";"Não guardar distância de segurança";"Colisão traseira";"Com Vítimas Feridas";"Pleno dia";"Decrescente";"Sol";"Simples";"Reta";"Não";3;0;2;0;0;1;2;2;-20,465123;-54,557163;"SPRF-MS";"DEL01-MS";"UOP02-DEL01-MS"
126973;2018-04-10;"terça-feira";"11:10:00";"MS";163;466,4;"CAMPO GRANDE";"Defeito Mecânico no Veículo";"Tombamento";"Com Vítimas Feridas";"Pleno dia";"Crescente";"Céu Claro";"Simples";"Rotatória";"Não";1;0;1;0;0;0;1;1;-20,58305475;-54,58203077;"SPRF-MS";"DEL01-MS";"UOP01-DEL01-MS"
126974;2018-04-09;"segunda-feira";"20:35:00";"RO";364;608;"ITAPUA DO OESTE";"Falta de Atenção à Condução";"Colisão traseira";"Com Vítimas Feridas";"Plena Noite";"Decrescente";"Céu Claro";"Simples";"Reta";"Sim";8;0;3;0;5;0;3;2;-9,16665;-63,213974;"SPRF-RO";"DEL03-RO";"UOP04-DEL01-RO"
126977;2018-04-10;"terça-feira";"11:35:00";"MS";163;257,1;"DOURADOS";"Falta de Atenção à Condução";"Tombamento";"Com Vítimas Feridas";"Pleno dia";"Crescente";"Sol";"Dupla";"Reta";"Sim";1;0;0;1;0;0;1;1;-22,25903363;-54,7899127;"SPRF-MS";"DEL04-MS";"UOP01-DEL04-MS"
126982;2018-04-10;"terça-feira";"12:45:00";"CE";222;312;"TIANGUA";"Falta de Atenção à Condução";"Colisão transversal";"Com Vítimas Feridas";"Pleno dia";"Crescente";"Chuva";"Simples";"Reta";"Sim";2;0;0;1;0;1;1;2;-3,72604912;-40,99810123;"SPRF-CE";"DEL04-CE";"UOP02-DEL04-CE"
126984;2018-04-10;"terça-feira";"13:05:00";"CE";222;286,6;"FRECHEIRINHA";"Falta de Atenção à Condução";"Colisão frontal";"Com Vítimas Fatais";"Pleno dia";"Crescente";"Nublado";"Simples";"Reta";"Não";4;2;0;2;0;0;2;2;-3,711728;-40,861736;"SPRF-CE";"DEL04-CE";"UOP02-DEL04-CE"
126985;2018-03-30;"sexta-feira";"20:30:00";"ES";101;17,9;"PEDRO CANARIO";"Velocidade Incompatível";"Saída de leito carroçável";"Com Vítimas Feridas";"Plena Noite";"Decrescente";"Ignorado";"Simples";"Curva";"Não";2;0;0;2;0;0;2;1;-18,307058;-39,957275;"SPRF-ES";"DEL04-ES";"UOP02-DEL04-ES"
126986;2018-04-10;"terça-feira";"13:00:00";"GO";60;163,7;"GOIANIA";"Não guardar distância de segurança";"Colisão traseira";"Com Vítimas Feridas";"Pleno dia";"Crescente";"Céu Claro";"Dupla";"Reta";"Sim";2;0;0;1;1;0;1;2;-16,7002;-49,3335;"SPRF-GO";"DEL01-GO";"UOP02-DEL01-GO"
126987;2018-04-10;"terça-feira";"11:20:00";"MG";116;770;"LEOPOLDINA";"Falta de Atenção à Condução";"Colisão transversal";"Com Vítimas Feridas";"Pleno dia";"Decrescente";"Céu Claro";"Simples";"Curva";"Não";2;0;1;0;1;0;1;2;-21,56275811;-42,67772198;"SPRF-MG";"DEL07-MG";"UOP01-DEL07-MG"
126989;2018-04-10;"terça-feira";"13:20:00";"SC";101;143;"ITAPEMA";"Ingestão de álcool e/ou substâncias psicoativas pelo pedestre";"Colisão traseira";"Sem Vítimas";"Pleno dia";"Decrescente";"Céu Claro";"Dupla";"Reta";"Não";2;0;0;0;2;0;0;2;-27,0734;-48,5966;"SPRF-SC";"DEL04-SC";"UOP03-DEL04-SC"
126990;2018-04-10;"terça-feira";"13:39:00";"PR";376;176;"MARINGA";"Falta de Atenção à Condução";"Capotamento";"Com Vítimas Feridas";"Pleno dia";"Decrescente";"Céu Claro";"Múltipla";"Reta";"Sim";2;0;2;0;0;0;2;1;-23,4111496;-51,935662;"SPRF-PR";"DEL07-PR";"UOP01-DEL09-PR"
126994;2018-04-10;"terça-feira";"12:40:00";"MT";364;267;"JACIARA";"Defeito Mecânico no Veículo";"Queda de ocupante de veículo";"Com Vítimas Feridas";"Pleno dia";"Crescente";"Céu Claro";"Simples";"Reta";"Não";2;0;2;0;0;0;2;1;-15,988258;-54,926792;"SPRF-MT";"DEL02-MT";"UOP02-DEL05-MT"
126996;2018-04-10;"terça-feira";"12:05:00";"MG";116;530,6;"CARATINGA";"Falta de Atenção à Condução";"Colisão traseira";"Com Vítimas Feridas";"Pleno dia";"Crescente";"Céu Claro";"Simples";"Reta";"Sim";3;0;0;1;2;0;1;2;-19,80366316;-42,13603914;"SPRF-MG";"DEL06-MG";"UOP02-DEL06-MG"
126999;2018-04-10;"terça-feira";"13:22:00";"PB";230;447;"APARECIDA";"Falta de Atenção à Condução";"Colisão transversal";"Com Vítimas Feridas";"Pleno dia";"Crescente";"Céu Claro";"Simples";"Reta";"Sim";6;0;1;1;4;0;2;2;-6,784;-38,0952;"SPRF-PB";"DEL03-PB";"UOP03-DEL03-PB"
127000;2018-04-10;"terça-feira";"12:40:00";"SC";470;72;"INDAIAL";"Não guardar distância de segurança";"Queda de ocupante de veículo";"Com Vítimas Feridas";"Pleno dia";"Crescente";"Céu Claro";"Simples";"Reta";"Não";2;0;1;0;1;0;1;2;-26,88799518;-49,25279796;"SPRF-SC";"DEL04-SC";"UOP01-DEL04-SC"
127001;2018-04-10;"terça-feira";"14:45:00";"MG";381;448;"SANTA LUZIA";"Falta de Atenção à Condução";"Colisão com objeto estático";"Com Vítimas Feridas";"Pleno dia";"Crescente";"Sol";"Simples";"Curva";"Não";1;0;1;0;0;0;1;1;-19,81532167;-43,80958904;"SPRF-MG";"DEL01-MG";"UOP01-DEL01-MG"
127002;2018-04-10;"terça-feira";"13:45:00";"RJ";116;182,6;"NOVA IGUACU";"Mal Súbito";"Colisão com objeto estático";"Com Vítimas Feridas";"Pleno dia";"Decrescente";"Sol";"Dupla";"Reta";"Sim";1;0;1;0;0;0;1;1;-22,73791293;-43,48576427;"SPRF-RJ";"DEL01-RJ";"UOP02-DEL01-RJ"
127004;2018-03-18;"domingo";"06:30:00";"SP";381;49;"ATIBAIA";"Falta de Atenção à Condução";"Saída de leito carroçável";"Com Vítimas Feridas";"Amanhecer";"Crescente";"Céu Claro";"Dupla";"Reta";"Sim";6;0;4;0;2;0;4;2;-23,21232041;-46,59301758;"SPRF-SP";"DEL03-SP";"UOP01-DEL03-SP"
127005;2018-02-12;"segunda-feira";"03:00:00";"BA";407;67;"JUAZEIRO";"Falta de Atenção à Condução";"Queda de ocupante de veículo";"Com Vítimas Feridas";"Plena Noite";"Crescente";"Céu Claro";"Simples";"Curva";"Não";1;0;0;1;0;0;1;1;-9,80785678;-40,32085419;"SPRF-BA";"DEL04-BA";"UOP01-DEL04-BA"
127008;2018-04-10;"terça-feira";"14:40:00";"BA";101;504,1;"ITABUNA";"Velocidade Incompatível";"Colisão traseira";"Sem Vítimas";"Pleno dia";"Crescente";"Céu Claro";"Simples";"Declive";"Sim";3;0;0;0;3;0;0;3;-14,78466505;-39,29026365;"SPRF-BA";"DEL05-BA";"UOP01-DEL05-BA"
127009;2018-04-10;"terça-feira";"15:00:00";"AL";101;132;"SAO MIGUEL DOS CAMPOS";"Velocidade Incompatível";"Saída de leito carroçável";"Sem Vítimas";"Pleno dia";"Crescente";"Céu Claro";"Simples";"Declive;Curva";"Não";1;0;0;0;1;0;0;1;-9,772675;-36,101166;"SPRF-AL";"DEL02-AL";"UOP01-DEL02-AL"
127010;2018-04-10;"terça-feira";"15:30:00";"PR";277;348,8;"GUARAPUAVA";"Falta de Atenção à Condução";"Colisão transversal";"Com Vítimas Feridas";"Pleno dia";"Crescente";"Sol";"Simples";"Aclive;Reta";"Não";2;0;1;0;1;0;1;2;-25,38509227;-51,51379287;"SPRF-PR";"DEL03-PR";"UOP01-DEL08-PR"
127012;2018-04-10;"terça-feira";"16:00:00";"RN";304;141;"ANGICOS";"Ultrapassagem Indevida";"Saída de leito carroçável";"Com Vítimas Feridas";"Pleno dia";"Crescente";"Chuva";"Simples";"Declive";"Não";2;0;2;0;0;0;2;1;-5,668086;-36,672103;"SPRF-RN";"DEL04-RN";"UOP01-DEL04-RN"
127013;2018-04-10;"terça-feira";"16:10:00";"PB";230;52,8;"CRUZ DO ESPIRITO SANTO";"Falta de Atenção à Condução";"Colisão traseira";"Com Vítimas Feridas";"Pleno dia";"Decrescente";"Céu Claro";"Dupla";"Reta";"Não";2;0;0;1;1;0;1;2;-7,20081024;-35,08083701;"SPRF-PB";"DEL01-PB";"UOP03-DEL01-PB"
127015;2018-04-10;"terça-feira";"16:30:00";"CE";20;336,7;"CARIDADE";"Pista Escorregadia";"Colisão lateral";"Com Vítimas Feridas";"Pleno dia";"Decrescente";"Chuva";"Simples";"Reta";"Não";5;0;1;0;4;0;1;2;-4,1556841;-39,1382532;"SPRF-CE";"DEL02-CE";"UOP01-DEL02-CE"
127016;2018-04-10;"terça-feira";"16:30:00";"AL";101;137,9;"SAO MIGUEL DOS CAMPOS";"Falta de Atenção à Condução";"Saída de leito carroçável";"Sem Vítimas";"Pleno dia";"Crescente";"Céu Claro";"Simples";"Reta";"Sim";2;0;0;0;2;0;0;2;-9,79642822;-36,10909402;"SPRF-AL";"DEL02-AL";"UOP01-DEL02-AL"
127017;2018-04-10;"terça-feira";"16:35:00";"MG";116;274,5;"TEOFILO OTONI";"Desobediência às normas de trânsito pelo condutor";"Colisão transversal";"Com Vítimas Feridas";"Pleno dia";"Crescente";"Nublado";"Dupla";"Reta";"Sim";2;0;1;0;1;0;1;2;-17,8769566;-41,5162663;"SPRF-MG";"DEL11-MG";"UOP01-DEL11-MG"
127018;2018-04-10;"terça-feira";"14:40:00";"SC";282;368,6;"ERVAL VELHO";"Falta de Atenção à Condução";"Colisão transversal";"Com Vítimas Feridas";"Pleno dia";"Crescente";"Céu Claro";"Simples";"Reta";"Não";3;0;1;0;2;0;1;2;-27,28423073;-51,43417954;"SPRF-SC";"DEL07-SC";"UOP05-DEL07-SC"
127020;2018-04-10;"terça-feira";"17:40:00";"SP";116;218,6;"GUARULHOS";"Não guardar distância de segurança";"Colisão traseira";"Com Vítimas Feridas";"Anoitecer";"Crescente";"Céu Claro";"Múltipla";"Reta";"Não";2;0;1;0;1;0;1;2;-23,46017568;-46,48643732;"SPRF-SP";"DEL01-SP";"UOP01-DEL01-SP"
127021;2018-03-11;"domingo";"17:05:00";"PR";277;3,3;"FOZ DO IGUACU";"Falta de Atenção à Condução";"Colisão transversal";"Com Vítimas Feridas";"Pleno dia";"Crescente";"Ignorado";"Dupla";"Reta";"Sim";2;0;0;1;1;0;1;2;-25,47806601;-54,58382517;"SPRF-PR";"DEL05-PR";"UOP03-DEL05-PR"
127022;2018-04-10;"terça-feira";"17:10:00";"RJ";393;281;"VOLTA REDONDA";"Desobediência às normas de trânsito pelo condutor";"Colisão frontal";"Com Vítimas Feridas";"Pleno dia";"Crescente";"Céu Claro";"Simples";"Reta";"Sim";2;0;1;0;1;0;1;2;-22,47365973;-44,06111956;"SPRF-RJ";"DEL05-RJ";"UOP04-DEL05-RJ"
127023;2018-04-10;"terça-feira";"17:00:00";"PR";272;367;"CAMPO MOURAO";"Não guardar distância de segurança";"Queda de ocupante de veículo";"Com Vítimas Feridas";"Pleno dia";"Crescente";"Céu Claro";"Dupla";"Reta";"Sim";2;0;1;0;1;0;1;2;-24,05020991;-52,40109505;"SPRF-PR";"DEL04-PR";"UOP03-DEL09-PR"
127024;2018-04-10;"terça-feira";"17:50:00";"PR";369;136;"IBIPORA";"Falta de Atenção à Condução";"Colisão transversal";"Com Vítimas Feridas";"Anoitecer";"Decrescente";"Céu Claro";"Simples";"Reta";"Sim";2;0;1;0;1;0;1;2;-23,26570168;-51,03718936;"SPRF-PR";"DEL07-PR";"UOP01-DEL07-PR"
127025;2018-04-10;"terça-feira";"13:30:00";"BA";407;178,5;"PONTO NOVO";"Falta de Atenção à Condução";"Capotamento";"Com Vítimas Feridas";"Pleno dia";"Decrescente";"Céu Claro";"Simples";"Reta";"Não";1;0;1;0;0;0;1;1;-10,90043429;-40,10863513;"SPRF-BA";"DEL04-BA";"UOP02-DEL04-BA"
127026;2018-04-10;"terça-feira";"18:30:00";"PA";230;123,3;"MARABA";"Falta de Atenção à Condução";"Colisão transversal";"Com Vítimas Feridas";"Anoitecer";"Decrescente";"Céu Claro";"Dupla";"Reta";"Não";2;0;1;0;1;0;1;2;-5,37116248;-49,13008154;"SPRF-PA";"DEL03-PA";"UOP01-DEL03-PA"
127027;2018-04-10;"terça-feira";"17:55:00";"RS";116;265,8;"CANOAS";"Falta de Atenção à Condução";"Colisão lateral";"Com Vítimas Feridas";"Anoitecer";"Decrescente";"Céu Claro";"Dupla";"Reta";"Sim";2;0;1;0;1;0;1;2;-29,93059553;-51,17748141;"SPRF-RS";"DEL01-RS";"UOP01-DEL01-RS"
127030;2018-04-10;"terça-feira";"18:40:00";"ES";101;142;"LINHARES";"Falta de Atenção à Condução";"Colisão transversal";"Com Vítimas Feridas";"Plena Noite";"Crescente";"Céu Claro";"Simples";"Interseção de Vias";"Não";2;0;1;0;1;0;1;2;-19,3382665;-40,06560445;"SPRF-ES";"DEL04-ES";"UOP01-DEL04-ES"
127033;2018-04-10;"terça-feira";"18:50:00";"RN";427;98,4;"CAICO";"Desobediência às normas de trânsito pelo condutor";"Colisão frontal";"Com Vítimas Feridas";"Plena Noite";"Crescente";"Céu Claro";"Simples";"Interseção de Vias";"Sim";2;0;1;0;1;0;1;2;-6,46213843;-37,09462881;"SPRF-RN";"DEL03-RN";"UOP01-DEL03-RN"
127034;2018-04-10;"terça-feira";"18:00:00";"PE";101;113,1;"IPOJUCA";"Falta de Atenção do Pedestre";"Atropelamento de Pedestre";"Com Vítimas Fatais";"Plena Noite";"Crescente";"Ignorado";"Dupla";"Curva";"Não";2;1;0;0;0;1;0;2;-8,33235;-35,12989;"SPRF-PE";"DEL01-PE";"UOP03-DEL01-PE"
127035;2018-04-10;"terça-feira";"18:30:00";"PR";467;96;"CASCAVEL";"Restrição de Visibilidade";"Colisão com objeto em movimento";"Com Vítimas Feridas";"Pleno dia";"Crescente";"Céu Claro";"Dupla";"Curva";"Não";2;0;0;1;1;0;1;2;-24,8743;-53,5637;"SPRF-PR";"DEL04-PR";"UOP01-DEL04-PR"
127036;2018-04-10;"terça-feira";"19:00:00";"MG";381;493,8;"BETIM";"Falta de Atenção à Condução";"Tombamento";"Com Vítimas Feridas";"Plena Noite";"Crescente";"Céu Claro";"Dupla";"Curva";"Sim";1;0;1;0;0;0;1;1;-19,966;-44,1775;"SPRF-MG";"DEL01-MG";"UOP03-DEL01-MG"
127038;2018-04-10;"terça-feira";"16:00:00";"BA";324;623;"SALVADOR";"Falta de Atenção à Condução";"Colisão traseira";"Com Vítimas Feridas";"Pleno dia";"Crescente";"Nublado";"Múltipla";"Reta";"Sim";2;0;1;0;1;0;1;2;-12,93839815;-38,47223282;"SPRF-BA";"DEL01-BA";"UOP01-DEL01-BA"
127040;2018-04-10;"terça-feira";"17:40:00";"RS";386;326,9;"MARQUES DE SOUZA";"Restrição de Visibilidade";"Colisão com objeto em movimento";"Com Vítimas Feridas";"Anoitecer";"Decrescente";"Céu Claro";"Simples";"Curva";"Não";1;0;1;0;0;0;1;1;-29,327057;-52,101818;"SPRF-RS";"DEL04-RS";"UOP01-DEL04-RS"
127041;2018-04-10;"terça-feira";"18:25:00";"DF";40;4,6;"BRASILIA";"Desobediência às normas de trânsito pelo condutor";"Colisão transversal";"Com Vítimas Feridas";"Plena Noite";"Crescente";"Céu Claro";"Dupla";"Reta";"Não";2;0;1;0;1;0;1;2;-16,01730191;-47,98130214;"SPRF-DF";"DEL01-DF";"UOP01-DEL01-DF"
127042;2018-04-10;"terça-feira";"16:55:00";"MT";70;514;"VARZEA GRANDE";"Desobediência às normas de trânsito pelo condutor";"Colisão transversal";"Com Vítimas Feridas";"Pleno dia";"Crescente";"Céu Claro";"Simples";"Reta";"Não";3;0;1;0;1;1;1;3;-15,69460754;-56,16713047;"SPRF-MT";"DEL01-MT";"DEL2/4-UOP02/MT"
127043;2018-04-10;"terça-feira";"19:05:00";"TO";153;361;"FORTALEZA DO TABOCAO";"Falta de Atenção à Condução";"Atropelamento de Pedestre";"Com Vítimas Feridas";"Plena Noite";"Crescente";"Nublado";"Simples";"Reta";"Sim";2;0;0;2;0;0;2;2;-9,073142;-48,522137;"SPRF-TO";"DEL02-TO";"UOP02-DEL02-TO"
127044;2018-04-10;"terça-feira";"18:15:00";"SC";282;104;"ALFREDO WAGNER";"Falta de Atenção à Condução";"Colisão transversal";"Com Vítimas Feridas";"Plena Noite";"Crescente";"Céu Claro";"Simples";"Reta";"Sim";2;0;1;0;1;0;1;2;-27,69584787;-49,33077621;"SPRF-SC";"DEL01-SC";"UOP03-DEL01-SC"
127045;2018-04-10;"terça-feira";"18:00:00";"PA";316;84;"SAO FRANCISCO DO PARA";"Pista Escorregadia";"Colisão frontal";"Com Vítimas Fatais";"Plena Noite";"Crescente";"Chuva";"Simples";"Reta";"Não";5;1;0;2;2;0;2;2;-1,311744;-47,735767;"SPRF-PA";"DEL01-PA";"UOP02-DEL01-PA"
127046;2018-04-10;"terça-feira";"18:00:00";"MG";251;501,9;"FRANCISCO SA";"Defeito na Via";"Colisão frontal";"Com Vítimas Feridas";"Anoitecer";"Crescente";"Chuva";"Simples";"Aclive";"Não";3;0;0;1;2;0;1;2;-16,5914;-43,6394;"SPRF-MG";"DEL12-MG";"UOP01-DEL12-MG"
127052;2018-04-10;"terça-feira";"18:30:00";"CE";304;53,6;"ARACATI";"Falta de Atenção à Condução";"Colisão transversal";"Com Vítimas Feridas";"Plena Noite";"Crescente";"Céu Claro";"Simples";"Interseção de Vias";"Não";4;0;1;1;2;0;2;2;-4,57368711;-37,73735046;"SPRF-CE";"DEL03-CE";"UOP03-DEL03-CE"
127053;2018-04-10;"terça-feira";"17:20:00";"RJ";101;414;"ITAGUAI";"Falta de Atenção à Condução";"Colisão com objeto estático";"Com Vítimas Feridas";"Pleno dia";"Decrescente";"Céu Claro";"Dupla";"Curva";"Sim";1;0;0;1;0;0;1;1;-22,8589219;-43,7593574;"SPRF-RJ";"DEL03-RJ";"UOP01-DEL03-RJ"
127054;2018-04-10;"terça-feira";"19:40:00";"RS";116;145;"CAXIAS DO SUL";"Ingestão de Álcool";"Atropelamento de Pedestre";"Com Vítimas Feridas";"Plena Noite";"Decrescente";"Céu Claro";"Dupla";"Reta";"Sim";2;0;2;0;0;0;2;2;-29,135021;-51,13028;"SPRF-RS";"DEL05-RS";"UOP01-DEL05-RS"
127056;2018-04-10;"terça-feira";"19:30:00";"SP";153;171,3;"GUAICARA";"Falta de Atenção à Condução";"Colisão lateral";"Com Vítimas Feridas";"Plena Noite";"Crescente";"Céu Claro";"Simples";"Reta";"Sim";2;0;1;0;1;0;1;2;-21,606108;-49,785381;"SPRF-SP";"DEL07-SP";"UOP01-DEL07-SP"
127062;2018-04-10;"terça-feira";"20:30:00";"GO";452;113,8;"BOM JESUS DE GOIAS";"Agressão Externa";"Incêndio";"Sem Vítimas";"Plena Noite";"Decrescente";"Ignorado";"Simples";"Reta";"Não";1;0;0;0;0;1;0;1;-18,16378523;-49,92402564;"SPRF-GO";"DEL03-GO";"UOP02-DEL03-GO"
127064;2018-04-10;"terça-feira";"20:00:00";"MG";50;173,1;"UBERABA";"Avarias e/ou desgaste excessivo no pneu";"Colisão com objeto em movimento";"Com Vítimas Feridas";"Plena Noite";"Crescente";"Céu Claro";"Dupla";"Reta";"Sim";1;0;1;0;0;0;1;1;-19,7707;-47,9739;"SPRF-MG";"DEL13-MG";"UOP01-DEL13-MG"
127067;2018-04-10;"terça-feira";"20:30:00";"SP";459;26;"LORENA";"Falta de Atenção à Condução";"Atropelamento de Animal";"Com Vítimas Feridas";"Plena Noite";"Crescente";"Nublado";"Simples";"Reta";"Não";2;0;0;2;0;0;2;2;-22,693863;-45,122944;"SPRF-SP";"DEL08-SP";"UOP03-DEL08-SP"
127068;2018-04-10;"terça-feira";"20:50:00";"SP";116;178;"GUARAREMA";"Velocidade Incompatível";"Colisão com objeto estático";"Com Vítimas Feridas";"Plena Noite";"Decrescente";"Céu Claro";"Dupla";"Reta";"Não";1;0;0;1;0;0;1;1;-23,32908178;-46,13107538;"SPRF-SP";"DEL02-SP";"UOP01-DEL02-SP"