"id";"data_inversa";"dia_semana";"horario";"uf";"br";"km";"municipio";"causa_acidente";"tipo_acidente";"classificacao_acidente";"fase_dia";"sentido_via";"condicao_metereologica";"tipo_pista";"tracado_via";"uso_solo";"pessoas";"mortos";"feridos_leves";"feridos_graves";"ilesos";"ignorados";"feridos";"veiculos";"latitude";"longitude";"regional";"delegacia";"uop"
127070;2018-04-10;"terça-feira";"17:40:00";"GO";364;182,9;"JATAI";"Restrição de Visibilidade";"Colisão lateral";"Com Vítimas Feridas";"Anoitecer";"Crescente";"Céu Claro";"Simples";"Aclive";"Não";3;0;2;0;1;0;2;1;-17,956751;-51,621475;"SPRF-GO";"DEL05-GO";"UOP01-DEL05-GO"
127071;2018-04-10;"terça-feira";"21:00:00";"ES";393;0,1;"CACHOEIRO DE ITAPEMIRIM";"Não guardar distância de segurança";"Queda de ocupante de veículo";"Com Vítimas Feridas";"Plena Noite";"Crescente";"Nublado";"Simples";"Reta";"Sim";1;0;1;0;0;0;1;1;-20,841324;-41,15929;"SPRF-ES";"DEL03-ES";"UOP02-DEL03-ES"
127072;2018-04-10;"terça-feira";"16:35:00";"MA";10;212,2;"RIBAMAR FIQUENE";"Ingestão de Álcool";"Colisão transversal";"Com Vítimas Feridas";"Anoitecer";"Decrescente";"Nublado";"Simples";"Reta";"Não";2;0;0;1;1;0;1;2;-5,86108521;-47,35845566;"SPRF-MA";"DEL04-MA";"UOP01-DEL04-MA"
127073;2018-04-10;"terça-feira";"20:00:00";"MA";10;253;"IMPERATRIZ";"Ingestão de Álcool";"Colisão transversal";"Com Vítimas Feridas";"Plena Noite";"Crescente";"Chuva";"Simples";"Retorno Regulamentado";"Sim";2;0;0;1;1;0;1;2;-5,53124433;-47,47145176;"SPRF-MA";"DEL04-MA";"UOP01-DEL04-MA"
127074;2018-04-10;"terça-feira";"21:00:00";"CE";116;23;"ITAITINGA";"Animais na Pista";"Atropelamento de Animal";"Com Vítimas Feridas";"Plena Noite";"Decrescente";"Céu Claro";"Múltipla";"Declive";"Não";1;0;1;0;0;0;1;1;-3,96048365;-38,51478887;"SPRF-CE";"DEL01-CE";"UOP02-DEL01-CE"
127078;2018-04-10;"terça-feira";"17:50:00";"RJ";356;173;"SAO JOAO DA BARRA";"Defeito Mecânico no Veículo";"Colisão lateral";"Com Vítimas Feridas";"Plena Noite";"Decrescente";"Céu Claro";"Simples";"Reta";"Não";2;0;1;0;1;0;1;2;-21,718555;-41,101276;"SPRF-RJ";"DEL08-RJ";"UOP02-DEL08-RJ"
127080;2018-04-10;"terça-feira";"22:00:00";"GO";20;178;"ALVORADA DO NORTE";"Falta de Atenção à Condução";"Colisão traseira";"Com Vítimas Feridas";"Plena Noite";"Crescente";"Céu Claro";"Simples";"Reta";"Não";4;0;2;2;0;0;4;2;-14,5136788;-46,5210851;"SPRF-DF";"DEL02-DF";"UOP03-DEL02-DF"
127081;2018-04-10;"terça-feira";"22:30:00";"MG";116;612;"SAO JOAO DO MANHUACU";"Falta de Atenção do Pedestre";"Atropelamento de Pedestre";"Com Vítimas Fatais";"Plena Noite";"Decrescente";"Ignorado";"Simples";"Reta";"Não";3;1;0;0;2;0;0;3;-20,41911057;-42,15444876;"SPRF-MG";"DEL07-MG";"UOP03-DEL07-MG"
127082;2018-04-10;"terça-feira";"18:45:00";"PI";135;323;"CRISTINO CASTRO";"Pista Escorregadia";"Capotamento";"Com Vítimas Fatais";"Plena Noite";"Decrescente";"Céu Claro";"Simples";"Reta";"Não";2;1;0;0;1;0;0;1;-8,867694;-44,240131;"SPRF-PI";"DEL03-PI";"UOP02-DEL03-PI"
127084;2018-04-10;"terça-feira";"22:30:00";"GO";153;501;"GOIANIA";"Animais na Pista";"Queda de ocupante de veículo";"Com Vítimas Feridas";"Plena Noite";"Crescente";"Céu Claro";"Dupla";"Reta";"Sim";1;0;1;0;0;0;1;1;-16,7189;-49,2382;"SPRF-GO";"DEL01-GO";"UOP01-DEL01-GO"
127085;2018-04-10;"terça-feira";"21:55:00";"MS";163;448,5;"CAMPO GRANDE";"Animais na Pista";"Saída de leito carroçável";"Com Vítimas Feridas";"Plena Noite";"Crescente";"Céu Claro";"Simples";"Reta";"Não";2;0;1;0;1;0;1;1;-20,74266;-54,535784;"SPRF-MS";"DEL01-MS";"UOP01-DEL01-MS"
127089;2018-04-10;"terça-feira";"22:40:00";"RJ";40;123;"DUQUE DE CAXIAS";"Falta de Atenção à Condução";"Colisão traseira";"Com Vítimas Feridas";"Plena Noite";"Crescente";"Nublado";"Dupla";"Reta";"Sim";2;0;0;1;1;0;1;2;-22,80079119;-43,29042435;"SPRF-RJ";"DEL01-RJ";"UOP01-DEL01-RJ"
127093;2018-04-11;"quarta-feira";"04:20:00";"PR";277;610,1;"SANTA TEREZA DO OESTE";"Falta de Atenção do Pedestre";"Atropelamento de Pedestre";"Com Vítimas Feridas";"Plena Noite";"Crescente";"Céu Claro";"Simples";"Reta";"Sim";2;0;0;1;1;0;1;2;-25,051109;-53,622143;"SPRF-PR";"DEL05-PR";"UOP02-DEL05-PR"
127096;2018-04-11;"quarta-feira";"05:00:00";"GO";40;1,5;"VALPARAISO DE GOIAS";"Desobediência às normas de trânsito pelo condutor";"Colisão transversal";"Com Vítimas Feridas";"Plena Noite";"Crescente";"Céu Claro";"Dupla";"Reta";"Sim";2;0;1;0;1;0;1;2;-16,058245;-47,982825;"SPRF-DF";"DEL01-DF";"UOP01-DEL01-DF"
127097;2018-04-11;"quarta-feira";"05:00:00";"RS";116;516,5;"PELOTAS";"Ingestão de Álcool";"Saída de leito carroçável";"Sem Vítimas";"Plena Noite";"Decrescente";"Céu Claro";"Simples";"Em Obras";"Sim";1;0;0;0;1;0;0;1;-31,67529753;-52,34127045;"SPRF-RS";"DEL07-RS";"UOP01-DEL07-RS"
127098;2018-04-11;"quarta-feira";"05:50:00";"RJ";116;141;"DUQUE DE CAXIAS";"Falta de Atenção à Condução";"Saída de leito carroçável";"Com Vítimas Feridas";"Amanhecer";"Decrescente";"Céu Claro";"Dupla";"Reta";"Sim";1;0;0;1;0;0;1;1;-22,647245;-43,220829;"SPRF-RJ";"DEL04-RJ";"UOP02-DEL04-RJ"
127099;2018-04-11;"quarta-feira";"05:00:00";"AL";316;78;"POCO DAS TRINCHEIRAS";"Animais na Pista";"Atropelamento de Animal";"Com Vítimas Feridas";"Amanhecer";"Decrescente";"Céu Claro";"Simples";"Reta";"Não";3;0;1;1;1;0;2;1;-9,334973;-37,292641;"SPRF-AL";"DEL03-AL";"UOP02-DEL03-AL"
127100;2018-04-11;"quarta-feira";"06:00:00";"PE";101;83;"JABOATAO DOS GUARARAPES";"Falta de Atenção à Condução";"Capotamento";"Sem Vítimas";"Pleno dia";"Decrescente";"Chuva";"Dupla";"Curva";"Não";1;0;0;0;1;0;0;1;-8,1777;-34,9526;"SPRF-PE";"DEL01-PE";"UOP03-DEL01-PE"
127103;2018-04-11;"quarta-feira";"03:45:00";"AL";316;77,3;"POCO DAS TRINCHEIRAS";"Objeto estático sobre o leito carroçável";"Colisão com objeto estático";"Sem Vítimas";"Plena Noite";"Crescente";"Céu Claro";"Simples";"Ponte";"Não";1;0;0;0;1;0;0;1;-9,329733;-37,30014;"SPRF-AL";"DEL03-AL";"UOP02-DEL03-AL"
127105;2018-01-29;"segunda-feira";"17:35:00";"SC";101;216,6;"PALHOCA";"Falta de Atenção à Condução";"Colisão com objeto estático";"Com Vítimas Feridas";"Pleno dia";"Decrescente";"Céu Claro";"Múltipla";"Reta";"Sim";5;0;4;0;1;0;4;1;-27,66344181;-48,67554719;"SPRF-SC";"DEL01-SC";"UOP02-DEL01-SC"
127107;2018-04-11;"quarta-feira";"07:00:00";"GO";40;0;"VALPARAISO DE GOIAS";"Falta de Atenção à Condução";"Atropelamento de Pedestre";"Com Vítimas Feridas";"Pleno dia";"Decrescente";"Céu Claro";"Dupla";"Reta";"Não";2;0;1;0;1;0;1;2;-16,058273;-47,982655;"SPRF-DF";"DEL01-DF";"UOP01-DEL01-DF"
127110;2018-03-24;"sábado";"16:10:00";"MG";262;521;"LUZ";"Falta de Atenção à Condução";"Colisão lateral";"Com Vítimas Feridas";"Pleno dia";"Crescente";"Sol";"Simples";"Interseção de Vias";"Não";5;0;2;0;3;0;2;2;-19,782372;-45,676441;"SPRF-MG";"DEL08-MG";"UOP03-DEL08-MG"
127111;2018-04-11;"quarta-feira";"07:45:00";"SC";101;207;"SAO JOSE";"Defeito Mecânico no Veículo";"Incêndio";"Sem Vítimas";"Pleno dia";"Crescente";"Céu Claro";"Dupla";"Reta";"Não";1;0;0;0;1;0;0;1;-27,59857805;-48,6216259;"SPRF-SC";"DEL01-SC";"UOP01-DEL01-SC"
127117;2018-04-11;"quarta-feira";"08:20:00";"PR";476;154;"ARAUCARIA";"Falta de Atenção à Condução";"Queda de ocupante de veículo";"Com Vítimas Feridas";"Pleno dia";"Decrescente";"Céu Claro";"Dupla";"Reta";"Sim";1;0;1;0;0;0;1;1;-25,584223;-49,401379;"SPRF-PR";"DEL01-PR";"UOP06-DEL01-PR"
127118;2018-04-11;"quarta-feira";"07:50:00";"MG";50;72;"UBERLANDIA";"Desobediência às normas de trânsito pelo condutor";"Colisão traseira";"Com Vítimas Feridas";"Pleno dia";"Decrescente";"Céu Claro";"Dupla";"Reta";"Sim";2;0;1;0;1;0;1;2;-18,89885419;-48,24269347;"SPRF-MG";"DEL15-MG";"UOP01-DEL15-MG"
127119;2018-04-11;"quarta-feira";"08:15:00";"RS";392;52,1;"RIO GRANDE";"Defeito Mecânico no Veículo";"Saída de leito carroçável";"Com Vítimas Feridas";"Pleno dia";"Crescente";"Céu Claro";"Dupla";"Reta";"Não";2;0;1;0;1;0;1;1;-31,848793;-52,326618;"SPRF-RS";"DEL07-RS";"UOP02-DEL07-RS"
127120;2018-04-11;"quarta-feira";"08:10:00";"MA";222;636;"ACAILANDIA";"Defeito na Via";"Tombamento";"Com Vítimas Feridas";"Pleno dia";"Crescente";"Céu Claro";"Simples";"Reta";"Não";1;0;0;1;0;0;1;1;-4,7818527;-47,1876672;"SPRF-MA";"DEL04-MA";"UOP03-DEL04-MA"
127121;2018-04-11;"quarta-feira";"08:30:00";"PR";476;123,2;"CURITIBA";"Falta de Atenção à Condução";"Colisão lateral";"Com Vítimas Feridas";"Pleno dia";"Crescente";"Céu Claro";"Dupla";"Reta";"Sim";3;0;1;0;2;0;1;3;-25,39432799;-49,21113253;"SPRF-PR";"DEL01-PR";"UOP07-DEL01-PR"
127123;2018-03-04;"domingo";"17:50:00";"MA";222;667;"ACAILANDIA";"Desobediência às normas de trânsito pelo condutor";"Colisão transversal";"Com Vítimas Feridas";"Anoitecer";"Crescente";"Céu Claro";"Simples";"Declive";"Não";2;0;0;1;1;0;1;2;-4,91273288;-47,41709411;"SPRF-MA";"DEL04-MA";"UOP03-DEL04-MA"
127126;2018-04-11;"quarta-feira";"07:50:00";"MG";116;527,1;"CARATINGA";"Falta de Atenção à Condução";"Colisão transversal";"Com Vítimas Feridas";"Pleno dia";"Decrescente";"Céu Claro";"Simples";"Reta";"Sim";3;0;1;0;1;1;1;3;-19,7699168;-42,1325573;"SPRF-MG";"DEL06-MG";"UOP02-DEL06-MG"
127129;2018-04-11;"quarta-feira";"09:15:00";"CE";222;4,2;"CAUCAIA";"Falta de Atenção à Condução";"Colisão traseira";"Com Vítimas Feridas";"Pleno dia";"Decrescente";"Nublado";"Dupla";"Reta";"Sim";2;0;1;0;1;0;1;2;-3,741658;-38,604572;"SPRF-CE";"DEL01-CE";"UOP01-DEL01-CE"
127130;2018-04-11;"quarta-feira";"08:57:00";"AP";210;0,5;"MACAPA";"Falta de Atenção à Condução";"Colisão transversal";"Com Vítimas Feridas";"Pleno dia";"Crescente";"Céu Claro";"Dupla";"Reta";"Sim";3;0;2;0;1;0;2;2;0,077463;-51,06381;"SPRF-AP";"DEL01-AP";"UOP01-DEL01-AP"
127131;2018-04-11;"quarta-feira";"07:20:00";"RO";319;63;"PORTO VELHO";"Falta de Atenção à Condução";"Colisão traseira";"Com Vítimas Feridas";"Pleno dia";"Decrescente";"Chuva";"Dupla";"Reta";"Sim";3;0;1;0;2;0;1;2;-8,75766833;-63,8859272;"SPRF-RO";"DEL01-RO";"UOP01-DEL01-RO"
127135;2018-04-11;"quarta-feira";"09:40:00";"MG";40;525,5;"CONTAGEM";"Objeto estático sobre o leito carroçável";"Colisão com objeto estático";"Com Vítimas Feridas";"Pleno dia";"Crescente";"Nublado";"Dupla";"Reta";"Sim";2;0;0;1;1;0;1;2;-19,88783359;-44,05037475;"SPRF-MG";"DEL01-MG";"UOP03-DEL01-MG"
127137;2018-04-11;"quarta-feira";"09:23:00";"SC";282;22,3;"PALHOCA";"Desobediência às normas de trânsito pelo condutor";"Colisão traseira";"Com Vítimas Feridas";"Pleno dia";"Crescente";"Sol";"Simples";"Reta";"Sim";2;0;1;0;1;0;1;2;-27,68914664;-48,73072596;"SPRF-SC";"DEL01-SC";"UOP02-DEL01-SC"
127138;2018-04-11;"quarta-feira";"09:45:00";"PE";101;69;"RECIFE";"Não guardar distância de segurança";"Colisão traseira";"Com Vítimas Feridas";"Pleno dia";"Crescente";"Chuva";"Dupla";"Reta";"Sim";4;0;1;0;3;0;1;3;-8,059393;-34,946095;"SPRF-PE";"DEL01-PE";"UOP01-DEL01-PE"
127139;2018-04-11;"quarta-feira";"09:00:00";"CE";116;48,3;"PACAJUS";"Velocidade Incompatível";"Colisão com objeto estático";"Sem Vítimas";"Pleno dia";"Crescente";"Céu Claro";"Dupla";"Reta";"Sim";1;0;0;0;1;0;0;1;-4,165688;-38,490313;"SPRF-CE";"DEL01-CE";"UOP02-DEL01-CE"
127142;2018-04-11;"quarta-feira";"09:50:00";"SP";116;91,6;"PINDAMONHANGABA";"Avarias e/ou desgaste excessivo no pneu";"Tombamento";"Com Vítimas Feridas";"Pleno dia";"Crescente";"Nublado";"Dupla";"Reta";"Não";2;0;2;0;0;0;2;1;-22,948011;-45,396046;"SPRF-SP";"DEL06-SP";"UOP01-DEL06-SP"
127144;2018-04-11;"quarta-feira";"09:40:00";"MS";158;81,4;"PARANAIBA";"Falta de Atenção à Condução";"Colisão traseira";"Com Vítimas Feridas";"Pleno dia";"Crescente";"Céu Claro";"Simples";"Aclive";"Não";3;0;1;0;1;1;1;2;-19,57499441;-51,23592138;"SPRF-MS";"DEL08-MS";"UOP01-DEL08-MS"
127145;2018-04-11;"quarta-feira";"10:40:00";"GO";153;539,8;"HIDROLANDIA";"Objeto estático sobre o leito carroçável";"Colisão com objeto estático";"Com Vítimas Feridas";"Pleno dia";"Crescente";"Sol";"Dupla";"Reta";"Não";1;0;1;0;0;0;1;1;-17,0445;-49,2255;"SPRF-GO";"DEL01-GO";"UOP03-DEL01-GO"
127147;2018-04-07;"sábado";"17:30:00";"SC";282;87;"ALFREDO WAGNER";"Velocidade Incompatível";"Saída de leito carroçável";"Com Vítimas Feridas";"Pleno dia";"Crescente";"Sol";"Simples";"Curva;Declive";"Não";1;0;1;0;0;0;1;1;-27,664766;-49,20578;"SPRF-SC";"DEL01-SC";"UOP03-DEL01-SC"
127148;2018-04-03;"terça-feira";"15:30:00";"PR";376;171;"MARINGA";"Não guardar distância de segurança";"Colisão traseira";"Com Vítimas Feridas";"Pleno dia";"Crescente";"Céu Claro";"Dupla";"Reta";"Sim";5;0;1;0;4;0;1;4;-23,41318181;-51,98344231;"SPRF-PR";"DEL07-PR";"UOP01-DEL09-PR"
127150;2018-04-11;"quarta-feira";"11:50:00";"MG";262;369;"JUATUBA";"Velocidade Incompatível";"Queda de ocupante de veículo";"Com Vítimas Feridas";"Pleno dia";"Crescente";"Céu Claro";"Dupla";"Curva";"Não";1;0;0;1;0;0;1;1;-19,9566;-44,3527;"SPRF-MG";"DEL01-MG";"UOP03-DEL01-MG"
127151;2018-04-11;"quarta-feira";"12:05:00";"RS";116;159,7;"CAXIAS DO SUL";"Falta de Atenção à Condução";"Colisão transversal";"Com Vítimas Feridas";"Pleno dia";"Decrescente";"Céu Claro";"Simples";"Reta";"Sim";2;0;1;0;1;0;1;2;-29,22791629;-51,15899563;"SPRF-RS";"DEL05-RS";"UOP01-DEL05-RS"
127152;2018-04-11;"quarta-feira";"09:10:00";"PR";476;154;"ARAUCARIA";"Falta de Atenção à Condução";"Queda de ocupante de veículo";"Com Vítimas Feridas";"Pleno dia";"Crescente";"Céu Claro";"Dupla";"Reta";"Sim";1;0;1;0;0;0;1;1;-25,58243646;-49,39920081;"SPRF-PR";"DEL01-PR";"UOP06-DEL01-PR"
127154;2018-04-11;"quarta-feira";"12:30:00";"SC";280;22,1;"ARAQUARI";"Falta de Atenção à Condução";"Colisão transversal";"Com Vítimas Feridas";"Pleno dia";"Crescente";"Céu Claro";"Simples";"Reta";"Sim";2;0;0;1;1;0;1;2;-26,37118096;-48,70695502;"SPRF-SC";"DEL03-SC";"UOP03-DEL03-SC"
127155;2018-03-15;"quinta-feira";"12:20:00";"BA";367;26,8;"PORTO SEGURO";"Falta de Atenção à Condução";"Colisão lateral";"Com Vítimas Feridas";"Pleno dia";"Decrescente";"Céu Claro";"Simples";"Reta";"Sim";2;0;1;0;1;0;1;2;-16,4307;-39,095634;"SPRF-BA";"DEL09-BA";"UOP01-DEL09-BA"
127157;2018-04-11;"quarta-feira";"12:55:00";"MT";163;936;"ITAUBA";"Desobediência às normas de trânsito pelo pedestre";"Atropelamento de Pedestre";"Com Vítimas Feridas";"Pleno dia";"Crescente";"Nublado";"Simples";"Declive";"Sim";2;0;0;1;1;0;1;2;-11,009202;-55,250696;"SPRF-MT";"DEL06-MT";"UOP02-DEL06-MT"
127158;2018-04-11;"quarta-feira";"13:45:00";"PB";230;177;"POCINHOS";"Avarias e/ou desgaste excessivo no pneu";"Saída de leito carroçável";"Com Vítimas Feridas";"Pleno dia";"Decrescente";"Céu Claro";"Simples";"Reta;Declive";"Não";1;0;1;0;0;0;1;1;-7,16964484;-36,03886891;"SPRF-PB";"DEL02-PB";"UOP02-DEL02-PB"
127159;2018-04-11;"quarta-feira";"14:00:00";"RJ";40;81;"PETROPOLIS";"Falta de Atenção à Condução";"Colisão traseira";"Com Vítimas Feridas";"Pleno dia";"Decrescente";"Céu Claro";"Simples";"Aclive;Reta";"Sim";2;0;1;0;1;0;1;2;-22,5303195;-43,2212875;"SPRF-RJ";"DEL06-RJ";"UOP01-DEL06-RJ"
127160;2018-04-11;"quarta-feira";"14:15:00";"GO";60;50;"APARECIDA DE GOIANIA";"Falta de Atenção à Condução";"Colisão lateral";"Com Vítimas Feridas";"Pleno dia";"Decrescente";"Céu Claro";"Dupla";"Reta";"Sim";2;0;1;0;1;0;1;2;-16,8101;-49,2397;"SPRF-GO";"DEL01-GO";"UOP03-DEL01-GO"
127161;2018-04-11;"quarta-feira";"13:10:00";"PI";343;4,7;"TERESINA";"Falta de Atenção à Condução";"Colisão traseira";"Com Vítimas Feridas";"Pleno dia";"Decrescente";"Céu Claro";"Dupla";"Reta";"Sim";3;0;1;0;2;0;1;2;-5,08088275;-42,79126072;"SPRF-PI";"DEL05-PI";"UOP01-DEL05-PI"
127164;2018-04-11;"quarta-feira";"14:40:00";"GO";60;173;"ABADIA DE GOIAS";"Falta de Atenção à Condução";"Colisão traseira";"Com Vítimas Feridas";"Pleno dia";"Crescente";"Céu Claro";"Múltipla";"Aclive";"Sim";2;0;0;1;1;0;1;2;-16,743259;-49,41613;"SPRF-GO";"DEL01-GO";"UOP02-DEL01-GO"
127165;2018-04-11;"quarta-feira";"12:00:00";"RJ";40;84;"PETROPOLIS";"Defeito na Via";"Capotamento";"Com Vítimas Feridas";"Pleno dia";"Crescente";"Céu Claro";"Simples";"Curva";"Não";1;0;1;0;0;0;1;1;-22,53245732;-43,23328257;"SPRF-RJ";"DEL06-RJ";"UOP01-DEL06-RJ"
127166;2018-04-11;"quarta-feira";"13:30:00";"PR";376;550,3;"PALMEIRA";"Velocidade Incompatível";"Capotamento";"Sem Vítimas";"Pleno dia";"Crescente";"Céu Claro";"Dupla";"Reta";"Não";1;0;0;0;1;0;0;1;-25,42557286;-49,76120884;"SPRF-PR";"DEL01-PR";"UOP06-DEL01-PR"
127167;2018-04-11;"quarta-feira";"14:50:00";"PR";277;1;"PARANAGUA";"Falta de Atenção à Condução";"Colisão frontal";"Com Vítimas Feridas";"Pleno dia";"Decrescente";"Sol";"Simples";"Reta";"Sim";2;0;1;0;1;0;1;2;-25,55338;-48,555366;"SPRF-PR";"DEL01-PR";"UOP05-DEL01-PR"
127168;2018-02-09;"sexta-feira";"11:40:00";"RS";101;58,5;"MAQUINE";"Não guardar distância de segurança";"Colisão traseira";"Sem Vítimas";"Plena Noite";"Decrescente";"Nublado";"Dupla";"Reta";"Não";2;0;0;0;2;0;0;2;-29,66820524;-50,1361842;"SPRF-RS";"DEL03-RS";"UOP01-DEL03-RS"
127169;2018-04-11;"quarta-feira";"14:40:00";"PA";316;151,6;"CAPANEMA";"Falta de Atenção à Condução";"Colisão traseira";"Com Vítimas Feridas";"Pleno dia";"Crescente";"Céu Claro";"Simples";"Reta";"Sim";5;0;2;0;3;0;2;3;-1,2214291;-47,1656214;"SPRF-PA";"DEL01-PA";"UOP03-DEL01-PA"
127170;2018-04-11;"quarta-feira";"14:30:00";"RN";304;37,1;"MOSSORO";"Falta de Atenção à Condução";"Colisão lateral";"Com Vítimas Feridas";"Pleno dia";"Decrescente";"Nublado";"Dupla";"Retorno Regulamentado";"Sim";2;0;2;0;0;0;2;2;-5,174574;-37,362289;"SPRF-RN";"DEL04-RN";"UOP02-DEL04-RN"
127171;2018-04-11;"quarta-feira";"14:40:00";"SC";101;162;"TIJUCAS";"Falta de Atenção à Condução";"Tombamento";"Com Vítimas Feridas";"Pleno dia";"Decrescente";"Céu Claro";"Dupla";"Curva";"Sim";1;0;1;0;0;0;1;1;-27,2325;-48,6299;"SPRF-SC";"DEL04-SC";"UOP03-DEL04-SC"
127172;2018-04-11;"quarta-feira";"14:20:00";"MG";262;543,8;"LUZ";"Condutor Dormindo";"Saída de leito carroçável";"Com Vítimas Feridas";"Pleno dia";"Decrescente";"Nublado";"Simples";"Curva";"Não";3;0;3;0;0;0;3;1;-19,7402077;-45,84938049;"SPRF-MG";"DEL08-MG";"UOP02-DEL08-MG"
127174;2018-04-11;"quarta-feira";"14:20:00";"PR";376;152,7;"MANDAGUACU";"Falta de Atenção à Condução";"Colisão transversal";"Com Vítimas Feridas";"Pleno dia";"Crescente";"Céu Claro";"Dupla";"Reta";"Não";3;0;1;0;2;0;1;2;-23,32312434;-52,11093214;"SPRF-PR";"DEL07-PR";"UOP01-DEL09-PR"
127175;2018-04-11;"quarta-feira";"14:40:00";"RR";401;0,5;"BOA VISTA";"Desobediência às normas de trânsito pelo condutor";"Colisão lateral";"Com Vítimas Feridas";"Pleno dia";"Crescente";"Céu Claro";"Múltipla";"Interseção de Vias;Reta";"Sim";3;0;1;0;2;0;1;2;2,805;-60,687;"SPRF-RR";"DEL01-RR";"UOP01-DEL01-RR"
127176;2018-04-11;"quarta-feira";"13:50:00";"MG";365;133,3;"VARZEA DA PALMA";"Condutor Dormindo";"Saída de leito carroçável";"Com Vítimas Feridas";"Pleno dia";"Crescente";"Céu Claro";"Simples";"Reta";"Não";2;0;2;0;0;0;2;1;-17,169348;-44,792133;"SPRF-MG";"DEL12-MG";"UOP01-DEL12-MG"
127177;2018-04-11;"quarta-feira";"15:40:00";"PR";369;147,2;"LONDRINA";"Não guardar distância de segurança";"Colisão traseira";"Sem Vítimas";"Pleno dia";"Decrescente";"Céu Claro";"Dupla";"Reta";"Sim";2;0;0;0;2;0;0;2;-23,293119;-51,134394;"SPRF-PR";"DEL07-PR";"UOP01-DEL07-PR"
127179;2018-02-21;"quarta-feira";"07:36:00";"PR";476;134;"CURITIBA";"Falta de Atenção à Condução";"Colisão lateral";"Com Vítimas Feridas";"Pleno dia";"Crescente";"Ignorado";"Múltipla";"Reta";"Sim";2;0;1;0;1;0;1;2;-25,48231211;-49,26452776;"SPRF-PR";"DEL01-PR";"UOP07-DEL01-PR"
127180;2018-04-11;"quarta-feira";"13:45:00";"PR";369;22,5;"CAMBARA";"Falta de Atenção à Condução";"Colisão transversal";"Com Vítimas Feridas";"Pleno dia";"Crescente";"Céu Claro";"Simples";"Reta";"Não";6;0;4;0;2;0;4;2;-23,04308895;-50,10398442;"SPRF-PR";"DEL07-PR";"UOP04-DEL07-PR"
127181;2018-04-11;"quarta-feira";"15:20:00";"RJ";116;167;"SAO JOAO DE MERITI";"Falta de Atenção à Condução";"Colisão traseira";"Com Vítimas Feridas";"Pleno dia";"Crescente";"Céu Claro";"Múltipla";"Reta";"Sim";3;0;1;0;1;1;1;3;-22,80038568;-43,35301101;"SPRF-RJ";"DEL01-RJ";"UOP02-DEL01-RJ"
127182;2018-04-01;"domingo";"18:00:00";"RN";304;256,1;"SANTA MARIA";"Desobediência às normas de trânsito pelo condutor";"Colisão frontal";"Com Vítimas Fatais";"Plena Noite";"Decrescente";"Céu Claro";"Simples";"Reta";"Sim";10;3;3;2;2;0;5;3;-5,840105;-35,700093;"SPRF-RN";"DEL01-RN";"UOP02-DEL01-RN"
127183;2018-04-11;"quarta-feira";"11:50:00";"RO";364;344,8;"JI-PARANA";"Desobediência às normas de trânsito pelo condutor";"Colisão transversal";"Com Vítimas Feridas";"Pleno dia";"Decrescente";"Sol";"Dupla";"Interseção de Vias";"Sim";3;0;3;0;0;0;3;2;-10,87037506;-61,95782661;"SPRF-RO";"DEL02-RO";"UOP01-DEL02-RO"
127189;2018-04-11;"quarta-feira";"16:20:00";"MG";50;60;"UBERLANDIA";"Desobediência às normas de trânsito pelo condutor";"Colisão traseira";"Com Vítimas Feridas";"Pleno dia";"Crescente";"Céu Claro";"Dupla";"Reta";"Não";1;0;1;0;0;0;1;1;-18,80922427;-48,24501157;"SPRF-MG";"DEL15-MG";"UOP02-DEL15-MG"
127191;2018-04-11;"quarta-feira";"17:25:00";"GO";40;12;"LUZIANIA";"Falta de Atenção à Condução";"Colisão lateral";"Com Vítimas Feridas";"Anoitecer";"Crescente";"Céu Claro";"Dupla";"Reta";"Sim";3;0;3;0;0;0;3;2;-16,145123;-47,945382;"SPRF-DF";"DEL01-DF";"UOP01-DEL01-DF"
127192;2018-04-11;"quarta-feira";"17:32:00";"PR";277;80;"CURITIBA";"Falta de Atenção à Condução";"Colisão traseira";"Com Vítimas Feridas";"Anoitecer";"Crescente";"Céu Claro";"Dupla";"Reta";"Sim";5;0;1;0;3;1;1;5;-25,47489293;-49,20879364;"SPRF-PR";"DEL01-PR";"DEL7/1-UOP08/PR"
127194;2018-04-07;"sábado";"16:00:00";"BA";415;47;"ITABUNA";"Falta de Atenção à Condução";"Tombamento";"Com Vítimas Feridas";"Pleno dia";"Decrescente";"Sol";"Simples";"Reta";"Sim";1;0;0;1;0;0;1;1;-14,815745;-39,296124;"SPRF-BA";"DEL05-BA";"UOP01-DEL05-BA"
127195;2018-04-11;"quarta-feira";"17:20:00";"RJ";493;19,5;"MAGE";"Falta de Atenção à Condução";"Colisão transversal";"Com Vítimas Feridas";"Plena Noite";"Crescente";"Céu Claro";"Simples";"Reta";"Sim";2;0;1;0;1;0;1;2;-22,66407619;-43,03224564;"SPRF-RJ";"DEL04-RJ";"UOP02-DEL04-RJ"
127196;2018-04-11;"quarta-feira";"17:30:00";"RJ";493;18;"MAGE";"Falta de Atenção à Condução";"Colisão transversal";"Com Vítimas Feridas";"Pleno dia";"Decrescente";"Céu Claro";"Simples";"Reta";"Sim";2;0;2;0;0;0;2;2;-22,668736;-43,018757;"SPRF-RJ";"DEL04-RJ";"UOP02-DEL04-RJ"