"id";"data_inversa";"dia_semana";"horario";"uf";"br";"km";"municipio";"causa_acidente";"tipo_acidente";"classificacao_acidente";"fase_dia";"sentido_via";"condicao_metereologica";"tipo_pista";"tracado_via";"uso_solo";"pessoas";"mortos";"feridos_leves";"feridos_graves";"ilesos";"ignorados";"feridos";"veiculos";"latitude";"longitude";"regional";"delegacia";"uop"
127198;2018-04-11;"quarta-feira";"17:20:00";"BA";116;6,7;"VITORIA DA CONQUISTA";"Falta de Atenção do Pedestre";"Atropelamento de Pedestre";"Com Vítimas Feridas";"Anoitecer";"Crescente";"Chuva";"Simples";"Reta";"Sim";2;0;1;0;1;0;1;2;-14,83404825;-40,88722944;"SPRF-PE";"DEL05-PE";"UOP03-DEL05-PE"
127199;2018-04-11;"quarta-feira";"17:40:00";"PB";230;31,8;"BAYEUX";"Não guardar distância de segurança";"Colisão traseira";"Com Vítimas Feridas";"Anoitecer";"Decrescente";"Chuva";"Dupla";"Reta";"Não";6;0;3;0;2;1;3;3;-7,14291266;-34,91925001;"SPRF-PB";"DEL01-PB";"UOP01-DEL01-PB"
127200;2018-04-11;"quarta-feira";"18:10:00";"SC";116;209,7;"PONTE ALTA";"Não guardar distância de segurança";"Colisão traseira";"Com Vítimas Feridas";"Plena Noite";"Crescente";"Céu Claro";"Simples";"Aclive;Curva";"Não";2;0;1;0;1;0;1;2;-27,50416048;-50,36591269;"SPRF-SC";"DEL05-SC";"UOP03-DEL05-SC"
127203;2018-04-11;"quarta-feira";"18:35:00";"SC";282;206;"LAGES";"Falta de Atenção à Condução";"Tombamento";"Com Vítimas Feridas";"Plena Noite";"Decrescente";"Céu Claro";"Simples";"Declive";"Não";2;0;2;0;0;0;2;1;-27,77258906;-50,19548178;"SPRF-SC";"DEL05-SC";"UOP01-DEL05-SC"
127204;2018-04-11;"quarta-feira";"18:40:00";"MA";222;675;"ITINGA DO MARANHAO";"Ultrapassagem Indevida";"Colisão frontal";"Com Vítimas Feridas";"Pleno dia";"Crescente";"Chuva";"Simples";"Aclive";"Sim";2;0;0;1;1;0;1;2;-4,57049;-47,29018;"SPRF-MA";"DEL04-MA";"UOP03-DEL04-MA"
127205;2018-04-11;"quarta-feira";"17:10:00";"MT";70;515;"VARZEA GRANDE";"Restrição de Visibilidade";"Colisão transversal";"Com Vítimas Feridas";"Anoitecer";"Decrescente";"Nublado";"Simples";"Curva";"Sim";2;0;1;0;1;0;1;2;-15,70402722;-56,11953735;"SPRF-MT";"DEL01-MT";"DEL2/4-UOP02/MT"
127207;2018-04-11;"quarta-feira";"18:30:00";"SC";280;58;"GUARAMIRIM";"Falta de Atenção à Condução";"Colisão transversal";"Com Vítimas Feridas";"Plena Noite";"Crescente";"Céu Claro";"Simples";"Reta";"Sim";2;0;1;0;1;0;1;2;-26,47415528;-49,02111948;"SPRF-SC";"DEL03-SC";"UOP03-DEL03-SC"
127208;2018-04-11;"quarta-feira";"18:45:00";"SC";470;75;"INDAIAL";"Falta de Atenção à Condução";"Colisão transversal";"Com Vítimas Feridas";"Plena Noite";"Crescente";"Céu Claro";"Simples";"Interseção de Vias";"Sim";4;0;1;0;3;0;1;2;-26,90575379;-49,27219033;"SPRF-SC";"DEL04-SC";"UOP01-DEL04-SC"
127210;2018-04-11;"quarta-feira";"18:50:00";"PE";232;10,9;"RECIFE";"Defeito Mecânico no Veículo";"Tombamento";"Com Vítimas Feridas";"Plena Noite";"Crescente";"Chuva";"Dupla";"Viaduto;Reta";"Sim";1;0;1;0;0;0;1;1;-8,079742;-34,990651;"SPRF-PE";"DEL01-PE";"UOP01-DEL01-PE"
127211;2018-04-11;"quarta-feira";"19:10:00";"PR";376;152,9;"MANDAGUACU";"Desobediência às normas de trânsito pelo pedestre";"Atropelamento de Pedestre";"Com Vítimas Fatais";"Plena Noite";"Decrescente";"Céu Claro";"Dupla";"Reta";"Não";3;1;0;0;2;0;0;3;-23,31912;-52,10974;"SPRF-PR";"DEL07-PR";"UOP01-DEL09-PR"
127212;2018-04-11;"quarta-feira";"18:00:00";"PR";277;724;"FOZ DO IGUACU";"Falta de Atenção à Condução";"Colisão lateral";"Com Vítimas Feridas";"Anoitecer";"Crescente";"Céu Claro";"Dupla";"Retorno Regulamentado";"Sim";2;0;1;0;1;0;1;2;-25,49781134;-54,52841878;"SPRF-PR";"DEL05-PR";"UOP01-DEL05-PR"
127214;2018-04-11;"quarta-feira";"19:00:00";"SC";101;129;"BALNEARIO CAMBORIU";"Não guardar distância de segurança";"Colisão traseira";"Com Vítimas Feridas";"Plena Noite";"Crescente";"Céu Claro";"Simples";"Reta";"Sim";2;0;1;0;1;0;1;2;-26,984;-48,6695;"SPRF-SC";"DEL04-SC";"UOP03-DEL04-SC"
127215;2018-04-11;"quarta-feira";"19:00:00";"RJ";116;144;"DUQUE DE CAXIAS";"Defeito Mecânico no Veículo";"Incêndio";"Sem Vítimas";"Plena Noite";"Crescente";"Céu Claro";"Simples";"Viaduto";"Não";1;0;0;0;1;0;0;1;-22,67141842;-43,28629375;"SPRF-RJ";"DEL04-RJ";"UOP02-DEL04-RJ"
127218;2018-04-11;"quarta-feira";"19:00:00";"RN";304;301,7;"MACAIBA";"Desobediência às normas de trânsito pelo pedestre";"Atropelamento de Pedestre";"Com Vítimas Fatais";"Plena Noite";"Crescente";"Nublado";"Dupla";"Reta";"Não";2;1;0;0;1;0;0;2;-5,8759;-35,309;"SPRF-RN";"DEL01-RN";"UOP02-DEL01-RN"
127219;2018-04-11;"quarta-feira";"19:40:00";"MG";381;496,4;"BETIM";"Desobediência às normas de trânsito pelo condutor";"Colisão lateral";"Com Vítimas Feridas";"Plena Noite";"Crescente";"Céu Claro";"Dupla";"Reta";"Sim";3;0;2;0;1;0;2;2;-19,97523239;-44,19587906;"SPRF-MG";"DEL01-MG";"UOP03-DEL01-MG"
127220;2018-04-11;"quarta-feira";"19:00:00";"BA";418;25;"CARAVELAS";"Animais na Pista";"Atropelamento de Animal";"Com Vítimas Feridas";"Plena Noite";"Crescente";"Garoa/Chuvisco";"Simples";"Reta";"Não";2;0;1;0;1;0;1;1;-17,63658;-39,342815;"SPRF-BA";"DEL09-BA";"UOP02-DEL09-BA"
127221;2018-04-11;"quarta-feira";"19:31:00";"SP";153;258,5;"MARILIA";"Animais na Pista";"Atropelamento de Animal";"Sem Vítimas";"Plena Noite";"Decrescente";"Céu Claro";"Simples";"Declive";"Não";2;0;0;0;2;0;0;1;-22,248682;-49,920864;"SPRF-SP";"DEL07-SP";"UOP02-DEL07-SP"
127222;2018-04-11;"quarta-feira";"18:50:00";"PB";361;17,9;"SANTA TERESINHA";"Falta de Atenção à Condução";"Colisão frontal";"Sem Vítimas";"Plena Noite";"Crescente";"Céu Claro";"Simples";"Aclive";"Não";4;0;0;0;4;0;0;2;-7,0676;-37,411;"SPRF-PB";"DEL03-PB";"UOP01-DEL03-PB"
127224;2018-04-11;"quarta-feira";"19:30:00";"RJ";40;118,4;"DUQUE DE CAXIAS";"Falta de Atenção à Condução";"Colisão lateral";"Com Vítimas Feridas";"Plena Noite";"Crescente";"Céu Claro";"Dupla";"Reta";"Sim";4;0;2;0;2;0;2;2;-22,6289;-43,2855;"SPRF-RJ";"DEL01-RJ";"UOP01-DEL01-RJ"
127227;2018-04-11;"quarta-feira";"20:10:00";"PR";277;589,4;"CASCAVEL";"Pista Escorregadia";"Tombamento";"Com Vítimas Feridas";"Plena Noite";"Decrescente";"Céu Claro";"Simples";"Reta";"Sim";3;0;1;0;1;1;1;3;-25,02817;-53,55983;"SPRF-PR";"DEL04-PR";"UOP01-DEL04-PR"
127229;2018-04-11;"quarta-feira";"05:15:00";"BA";324;622;"SALVADOR";"Desobediência às normas de trânsito pelo pedestre";"Atropelamento de Pedestre";"Com Vítimas Feridas";"Amanhecer";"Crescente";"Chuva";"Múltipla";"Curva";"Sim";2;0;0;1;1;0;1;2;-12,92951951;-38,46955866;"SPRF-BA";"DEL01-BA";"UOP01-DEL01-BA"
127230;2018-04-11;"quarta-feira";"20:45:00";"DF";70;13,7;"BRASILIA";"Ultrapassagem Indevida";"Tombamento";"Com Vítimas Feridas";"Plena Noite";"Crescente";"Céu Claro";"Dupla";"Rotatória";"Sim";1;0;1;0;0;0;1;1;-15,79589787;-48,17240769;"SPRF-DF";"DEL01-DF";"UOP02-DEL03-DF"
127232;2018-04-11;"quarta-feira";"19:40:00";"MT";364;401;"CUIABA";"Falta de Atenção à Condução";"Colisão traseira";"Com Vítimas Feridas";"Anoitecer";"Crescente";"Céu Claro";"Dupla";"Reta";"Não";1;0;1;0;0;0;1;1;-15,67207;-55,946564;"SPRF-MT";"DEL02-MT";"UOP02-DEL01-MT"
127233;2018-04-11;"quarta-feira";"19:20:00";"MA";135;79,9;"SANTA RITA";"Animais na Pista";"Atropelamento de Animal";"Sem Vítimas";"Plena Noite";"Decrescente";"Garoa/Chuvisco";"Simples";"Reta";"Não";1;0;0;0;1;0;0;1;-3,221186;-44,362061;"SPRF-MA";"DEL01-MA";"UOP02-DEL01-MA"
127234;2018-04-11;"quarta-feira";"20:40:00";"PE";408;84;"SAO LOURENCO DA MATA";"Falta de Atenção à Condução";"Colisão com objeto estático";"Com Vítimas Feridas";"Plena Noite";"Decrescente";"Céu Claro";"Dupla";"Curva";"Não";1;0;1;0;0;0;1;1;-7,953193;-35,104469;"SPRF-PE";"DEL01-PE";"UOP01-DEL01-PE"
127235;2018-01-21;"domingo";"16:30:00";"SP";116;335;"JUQUITIBA";"Fenômenos da Natureza";"Colisão frontal";"Sem Vítimas";"Pleno dia";"Decrescente";"Nublado";"Dupla";"Reta";"Não";1;0;0;0;1;0;0;1;-23,932146;-47,068737;"SPRF-SP";"DEL04-SP";"UOP03-DEL04-SP"
127236;2018-04-11;"quarta-feira";"21:20:00";"PR";116;148;"MANDIRITUBA";"Falta de Atenção à Condução";"Queda de ocupante de veículo";"Com Vítimas Feridas";"Plena Noite";"Crescente";"Céu Claro";"Simples";"Aclive";"Não";1;0;1;0;0;0;1;1;-25,859756;-49,360634;"SPRF-PR";"DEL01-PR";"UOP03-DEL01-PR"
127237;2018-02-11;"domingo";"01:30:00";"MG";381;482;"BETIM";"Falta de Atenção do Pedestre";"Atropelamento de Pedestre";"Com Vítimas Fatais";"Plena Noite";"Crescente";"Céu Claro";"Dupla";"Reta";"Sim";2;1;0;0;1;0;0;2;-19,95888836;-44,07208443;"SPRF-MG";"DEL01-MG";"UOP03-DEL01-MG"
127238;2018-04-11;"quarta-feira";"18:45:00";"CE";116;300,9;"JAGUARIBE";"Defeito na Via";"Queda de ocupante de veículo";"Com Vítimas Fatais";"Plena Noite";"Decrescente";"Nublado";"Simples";"Reta";"Não";2;1;0;0;0;1;0;2;-5,86603735;-38,59359741;"SPRF-CE";"DEL05-CE";"UOP02-DEL05-CE"
127239;2018-04-11;"quarta-feira";"18:30:00";"PI";343;258;"CAMPO MAIOR";"Não guardar distância de segurança";"Colisão traseira";"Com Vítimas Fatais";"Anoitecer";"Crescente";"Nublado";"Simples";"Reta";"Não";2;1;0;0;0;1;0;2;-4,788996;-42,126308;"SPRF-PI";"DEL01-PI";"UOP03-DEL01-PI"
127242;2018-04-11;"quarta-feira";"18:45:00";"PB";101;89,8;"JOAO PESSOA";"Falta de Atenção à Condução";"Colisão transversal";"Com Vítimas Feridas";"Plena Noite";"Crescente";"Nublado";"Dupla";"Reta";"Sim";2;0;1;0;0;1;1;2;-7,18107544;-34,90081787;"SPRF-PB";"DEL01-PB";"UOP01-DEL01-PB"
127248;2018-04-11;"quarta-feira";"22:30:00";"RS";470;230,8;"CARLOS BARBOSA";"Falta de Atenção à Condução";"Saída de leito carroçável";"Com Vítimas Feridas";"Pleno dia";"Crescente";"Céu Claro";"Dupla";"Curva";"Sim";1;0;1;0;0;0;1;1;-29,28203819;-51,49141252;"SPRF-RS";"DEL06-RS";"UOP01-DEL06-RS"
127249;2018-04-11;"quarta-feira";"21:40:00";"PR";476;118,1;"COLOMBO";"Desobediência às normas de trânsito pelo condutor";"Colisão transversal";"Sem Vítimas";"Plena Noite";"Decrescente";"Céu Claro";"Dupla";"Declive;Interseção de Vias;Reta";"Sim";4;0;0;0;2;2;0;3;-25,35669833;-49,1808441;"SPRF-PR";"DEL01-PR";"UOP01-DEL01-PR"
127252;2018-04-11;"quarta-feira";"22:50:00";"PR";277;720,4;"FOZ DO IGUACU";"Velocidade Incompatível";"Capotamento";"Sem Vítimas";"Plena Noite";"Crescente";"Céu Claro";"Dupla";"Reta";"Sim";1;0;0;0;0;1;0;1;-25,4887427;-54,50642467;"SPRF-PR";"DEL05-PR";"UOP01-DEL05-PR"
127254;2018-04-11;"quarta-feira";"23:20:00";"ES";259;4;"JOAO NEIVA";"Defeito Mecânico no Veículo";"Incêndio";"Sem Vítimas";"Plena Noite";"Crescente";"Céu Claro";"Simples";"Reta";"Sim";1;0;0;0;1;0;0;1;-19,713015;-40,377636;"SPRF-ES";"DEL02-ES";"UOP01-DEL02-ES"
127255;2018-04-11;"quarta-feira";"18:40:00";"SC";101;326,6;"CAPIVARI DE BAIXO";"Falta de Atenção à Condução";"Saída de leito carroçável";"Com Vítimas Feridas";"Plena Noite";"Decrescente";"Céu Claro";"Dupla";"Reta";"Sim";2;0;0;1;0;1;1;2;-28,42751958;-48,94703686;"SPRF-SC";"DEL02-SC";"UOP01-DEL02-SC"
127256;2018-04-12;"quinta-feira";"00:30:00";"MS";267;36;"BATAGUASSU";"Ingestão de Álcool";"Saída de leito carroçável";"Com Vítimas Feridas";"Plena Noite";"Crescente";"Céu Claro";"Dupla";"Reta";"Não";1;0;1;0;0;0;1;1;-21,749823;-52,475986;"SPRF-MS";"DEL02-MS";"DEL3/7-UOP01/MS"
127257;2018-04-11;"quarta-feira";"22:40:00";"MG";116;7;"DIVISA ALEGRE";"Desobediência às normas de trânsito pelo condutor";"Colisão lateral";"Sem Vítimas";"Plena Noite";"Crescente";"Céu Claro";"Simples";"Curva";"Não";2;0;0;0;1;1;0;2;-15,761115;-41,332664;"SPRF-BA";"DEL08-BA";"UOP03-DEL08-BA"
127260;2018-04-12;"quinta-feira";"02:50:00";"GO";153;496,1;"GOIANIA";"Velocidade Incompatível";"Colisão traseira";"Com Vítimas Feridas";"Plena Noite";"Crescente";"Nublado";"Dupla";"Viaduto";"Sim";3;0;1;0;1;1;1;2;-16,6776;-49,2314;"SPRF-GO";"DEL01-GO";"UOP01-DEL01-GO"
127261;2018-04-12;"quinta-feira";"05:05:00";"MA";10;154;"PORTO FRANCO";"Ingestão de álcool e/ou substâncias psicoativas pelo pedestre";"Atropelamento de Pedestre";"Com Vítimas Feridas";"Plena Noite";"Crescente";"Chuva";"Simples";"Reta";"Não";3;0;0;1;1;1;1;3;-6,373761;-47,380894;"SPRF-MA";"DEL04-MA";"UOP02-DEL04-MA"
127266;2018-04-12;"quinta-feira";"05:45:00";"MG";40;475,5;"SETE LAGOAS";"Desobediência às normas de trânsito pelo condutor";"Capotamento";"Sem Vítimas";"Amanhecer";"Crescente";"Céu Claro";"Dupla";"Reta";"Sim";2;0;0;0;2;0;0;2;-19,516;-44,2687;"SPRF-MG";"DEL02-MG";"UOP01-DEL02-MG"
127267;2018-04-12;"quinta-feira";"04:00:00";"RJ";101;253;"RIO BONITO";"Falta de Atenção à Condução";"Saída de leito carroçável";"Sem Vítimas";"Plena Noite";"Decrescente";"Céu Claro";"Dupla";"Retorno Regulamentado";"Não";2;0;0;0;2;0;0;1;-22,687958;-42,54129;"SPRF-RJ";"DEL02-RJ";"UOP03-DEL02-RJ"
127268;2018-04-12;"quinta-feira";"04:30:00";"PR";116;137,9;"MANDIRITUBA";"Ingestão de Álcool";"Saída de leito carroçável";"Sem Vítimas";"Plena Noite";"Crescente";"Céu Claro";"Dupla";"Reta";"Não";1;0;0;0;1;0;0;1;-25,76464852;-49,32106018;"SPRF-PR";"DEL01-PR";"UOP03-DEL01-PR"
127269;2018-04-12;"quinta-feira";"04:50:00";"RO";174;14;"VILHENA";"Falta de Atenção à Condução";"Colisão transversal";"Sem Vítimas";"Plena Noite";"Decrescente";"Nublado";"Dupla";"Interseção de Vias";"Sim";2;0;0;0;2;0;0;2;-12,733067;-60,12981;"SPRF-RO";"DEL04-RO";"UOP01-DEL04-RO"
127272;2018-04-12;"quinta-feira";"06:22:00";"PR";277;113;"CAMPO LARGO";"Falta de Atenção à Condução";"Colisão lateral";"Com Vítimas Feridas";"Pleno dia";"Decrescente";"Céu Claro";"Dupla";"Reta";"Sim";2;0;1;0;1;0;1;2;-25,4701994;-49,7250503;"SPRF-PR";"DEL01-PR";"UOP06-DEL01-PR"
127274;2018-04-12;"quinta-feira";"07:20:00";"RS";386;32,7;"FREDERICO WESTPHALEN";"Desobediência às normas de trânsito pelo condutor";"Colisão transversal";"Com Vítimas Feridas";"Pleno dia";"Decrescente";"Céu Claro";"Simples";"Interseção de Vias";"Sim";2;0;1;0;1;0;1;2;-27,341396;-53,387527;"SPRF-RS";"DEL08-RS";"UOP02-DEL08-RS"
127276;2018-04-12;"quinta-feira";"07:20:00";"DF";80;18,7;"BRASILIA";"Falta de Atenção à Condução";"Colisão transversal";"Com Vítimas Feridas";"Pleno dia";"Decrescente";"Céu Claro";"Dupla";"Reta";"Sim";3;0;2;0;1;0;2;2;-15,67725436;-48,20491791;"SPRF-DF";"DEL01-DF";"UOP02-DEL03-DF"
127278;2018-04-12;"quinta-feira";"07:00:00";"GO";153;507,1;"APARECIDA DE GOIANIA";"Desobediência às normas de trânsito pelo condutor";"Colisão lateral";"Com Vítimas Feridas";"Pleno dia";"Decrescente";"Nublado";"Dupla";"Reta";"Não";2;0;1;0;1;0;1;2;-16,7715;-49,2387;"SPRF-GO";"DEL01-GO";"UOP03-DEL01-GO"
127281;2018-04-12;"quinta-feira";"07:15:00";"RS";470;244,4;"BARAO";"Falta de Atenção à Condução";"Colisão transversal";"Com Vítimas Feridas";"Pleno dia";"Decrescente";"Céu Claro";"Simples";"Reta";"Sim";2;0;1;0;1;0;1;2;-29,37477995;-51,50169611;"SPRF-RS";"DEL06-RS";"UOP01-DEL06-RS"
127282;2018-04-12;"quinta-feira";"07:05:00";"RS";386;352;"ESTRELA";"Desobediência às normas de trânsito pelo condutor";"Colisão transversal";"Com Vítimas Feridas";"Pleno dia";"Decrescente";"Sol";"Dupla";"Retorno Regulamentado";"Não";5;0;2;0;3;0;2;2;-29,50557836;-51,94404602;"SPRF-RS";"DEL04-RS";"UOP01-DEL04-RS"
127283;2018-04-12;"quinta-feira";"08:00:00";"RJ";40;120,2;"DUQUE DE CAXIAS";"Falta de Atenção à Condução";"Capotamento";"Com Vítimas Feridas";"Pleno dia";"Decrescente";"Céu Claro";"Múltipla";"Reta";"Sim";1;0;1;0;0;0;1;1;-22,7786668;-43,2858488;"SPRF-RJ";"DEL01-RJ";"UOP01-DEL01-RJ"
127285;2018-04-12;"quinta-feira";"08:00:00";"PE";101;69;"RECIFE";"Falta de Atenção à Condução";"Colisão transversal";"Com Vítimas Feridas";"Pleno dia";"Decrescente";"Nublado";"Dupla";"Reta";"Sim";2;0;1;0;1;0;1;2;-8,059697;-34,945759;"SPRF-PE";"DEL01-PE";"UOP01-DEL01-PE"
127286;2018-04-12;"quinta-feira";"08:00:00";"PR";277;518,1;"GUARANIACU";"Desobediência às normas de trânsito pelo condutor";"Queda de ocupante de veículo";"Com Vítimas Feridas";"Pleno dia";"Decrescente";"Céu Claro";"Simples";"Reta";"Não";1;0;1;0;0;0;1;1;-25,10922798;-52,85694122;"SPRF-PR";"DEL04-PR";"UOP04-DEL04-PR"
127287;2018-04-12;"quinta-feira";"07:45:00";"RS";386;434,7;"NOVA SANTA RITA";"Mal Súbito";"Saída de leito carroçável";"Com Vítimas Feridas";"Pleno dia";"Crescente";"Céu Claro";"Simples";"Reta";"Sim";1;0;1;0;0;0;1;1;-29,84557985;-51,27909851;"SPRF-RS";"DEL04-RS";"UOP02-DEL04-RS"
127289;2018-04-12;"quinta-feira";"08:20:00";"SC";470;194,2;"POUSO REDONDO";"Falta de Atenção à Condução";"Colisão com objeto estático";"Com Vítimas Feridas";"Pleno dia";"Decrescente";"Nublado";"Simples";"Aclive";"Sim";2;0;2;0;0;0;2;1;-27,30087791;-50,07540096;"SPRF-SC";"DEL04-SC";"UOP02-DEL04-SC"
127291;2018-04-12;"quinta-feira";"08:00:00";"RN";101;85;"NATAL";"Agressão Externa";"Colisão traseira";"Sem Vítimas";"Pleno dia";"Crescente";"Nublado";"Dupla";"Declive";"Sim";3;0;0;0;3;0;0;3;-5,777664;-35,249371;"SPRF-RN";"DEL02-RN";"UOP01-DEL02-RN"
127292;2018-04-12;"quinta-feira";"08:20:00";"SE";101;86,8;"NOSSA SENHORA DO SOCORRO";"Pista Escorregadia";"Tombamento";"Com Vítimas Feridas";"Pleno dia";"Crescente";"Chuva";"Dupla";"Reta;Declive";"Não";1;0;1;0;0;0;1;1;-10,860111;-37,135572;"SPRF-SE";"DEL01-SE";"UOP01-DEL01-SE"
127293;2018-04-12;"quinta-feira";"07:55:00";"SP";488;0;"APARECIDA";"Não guardar distância de segurança";"Colisão traseira";"Com Vítimas Feridas";"Pleno dia";"Decrescente";"Sol";"Dupla";"Rotatória";"Sim";2;0;1;0;1;0;1;2;-22,8583577;-45,2334012;"SPRF-SP";"DEL08-SP";"UOP01-DEL08-SP"
127294;2018-04-12;"quinta-feira";"08:50:00";"PA";316;6;"ANANINDEUA";"Falta de Atenção à Condução";"Colisão traseira";"Sem Vítimas";"Pleno dia";"Crescente";"Céu Claro";"Dupla";"Reta";"Sim";2;0;0;0;2;0;0;2;-1,366236;-48,367805;"SPRF-PA";"DEL01-PA";"DEL19/1-UOP05/PA"
127295;2018-04-12;"quinta-feira";"09:20:00";"RS";285;457,8;"IJUI";"Desobediência às normas de trânsito pelo condutor";"Colisão transversal";"Com Vítimas Feridas";"Pleno dia";"Crescente";"Sol";"Simples";"Reta";"Sim";2;0;1;0;1;0;1;2;-28,40374505;-53,89916182;"SPRF-RS";"DEL10-RS";"UOP01-DEL10-RS"
127296;2018-04-12;"quinta-feira";"08:20:00";"SE";101;86,7;"NOSSA SENHORA DO SOCORRO";"Pista Escorregadia";"Queda de ocupante de veículo";"Com Vítimas Feridas";"Pleno dia";"Crescente";"Chuva";"Dupla";"Reta";"Não";1;0;1;0;0;0;1;1;-10,859414;-37,135617;"SPRF-SE";"DEL01-SE";"UOP01-DEL01-SE"
127297;2018-04-12;"quinta-feira";"08:25:00";"SE";101;86,7;"NOSSA SENHORA DO SOCORRO";"Ingestão de Álcool";"Colisão traseira";"Sem Vítimas";"Pleno dia";"Crescente";"Chuva";"Dupla";"Reta";"Não";2;0;0;0;2;0;0;2;-10,8329;-37,1381;"SPRF-SE";"DEL01-SE";"UOP01-DEL01-SE"
127298;2018-02-28;"quarta-feira";"08:15:00";"PE";101;118,5;"ESCADA";"Pista Escorregadia";"Capotamento";"Sem Vítimas";"Pleno dia";"Crescente";"Chuva";"Dupla";"Reta";"Não";1;0;0;0;1;0;0;1;-8,35303532;-35,15818119;"SPRF-PE";"DEL01-PE";"UOP03-DEL01-PE"
127300;2018-04-12;"quinta-feira";"07:00:00";"SP";116;138;"SAO JOSE DOS CAMPOS";"Falta de Atenção à Condução";"Colisão lateral";"Com Vítimas Feridas";"Pleno dia";"Decrescente";"Céu Claro";"Dupla";"Reta";"Sim";2;0;1;0;0;1;1;2;-23,157297;-45,795593;"SPRF-SP";"DEL06-SP";"UOP02-DEL02-SP"
127301;2018-04-12;"quinta-feira";"07:30:00";"AC";364;136;"RIO BRANCO";"Falta de Atenção à Condução";"Colisão lateral";"Com Vítimas Feridas";"Pleno dia";"Decrescente";"Garoa/Chuvisco";"Dupla";"Rotatória";"Sim";2;0;1;0;1;0;1;2;-9,97765074;-67,84915388;"SPRF-AC";"DEL01-AC";"UOP01-DEL01-AC"
127303;2018-04-04;"quarta-feira";"11:30:00";"MG";116;277,7;"TEOFILO OTONI";"Falta de Atenção à Condução";"Colisão traseira";"Com Vítimas Feridas";"Pleno dia";"Decrescente";"Sol";"Dupla";"Retorno Regulamentado";"Não";2;0;1;0;1;0;1;2;-17,8769566;-41,5162663;"SPRF-MG";"DEL11-MG";"UOP01-DEL11-MG"
127305;2018-02-08;"quinta-feira";"19:10:00";"SC";470;54,5;"BLUMENAU";"Falta de Atenção à Condução";"Colisão transversal";"Com Vítimas Feridas";"Pleno dia";"Crescente";"Céu Claro";"Simples";"Interseção de Vias";"Não";2;0;1;1;0;0;2;2;-26,8653208;-49,0998015;"SPRF-SC";"DEL04-SC";"UOP01-DEL04-SC"
127306;2018-04-12;"quinta-feira";"10:10:00";"TO";153;142,5;"ARAGUAINA";"Não guardar distância de segurança";"Colisão traseira";"Com Vítimas Feridas";"Pleno dia";"Decrescente";"Chuva";"Dupla";"Reta";"Sim";2;0;1;0;1;0;1;2;-7,18558095;-48,22862864;"SPRF-TO";"DEL02-TO";"UOP01-DEL02-TO"
127307;2018-04-12;"quinta-feira";"10:00:00";"SC";101;25,1;"JOINVILLE";"Falta de Atenção à Condução";"Colisão traseira";"Com Vítimas Feridas";"Pleno dia";"Crescente";"Sol";"Múltipla";"Reta";"Sim";2;0;1;0;1;0;1;2;-26,18956247;-48,91168702;"SPRF-SC";"DEL03-SC";"UOP01-DEL03-SC"
127308;2018-03-31;"sábado";"11:30:00";"MG";381;425;"CAETE";"Não guardar distância de segurança";"Colisão lateral";"Com Vítimas Feridas";"Pleno dia";"Decrescente";"Céu Claro";"Simples";"Reta";"Não";1;0;0;1;0;0;1;1;-19,76881649;-43,64675328;"SPRF-MG";"DEL01-MG";"UOP01-DEL01-MG"
127310;2018-01-14;"domingo";"08:00:00";"RS";116;261;"CANOAS";"Velocidade Incompatível";"Colisão traseira";"Com Vítimas Feridas";"Pleno dia";"Crescente";"Nublado";"Dupla";"Reta";"Não";5;0;0;1;4;0;1;2;-29,88723912;-51,17951453;"SPRF-RS";"DEL01-RS";"UOP01-DEL01-RS"
127313;2018-04-12;"quinta-feira";"09:20:00";"AC";364;42;"ACRELANDIA";"Falta de Atenção à Condução";"Colisão transversal";"Com Vítimas Feridas";"Pleno dia";"Crescente";"Céu Claro";"Simples";"Curva";"Sim";3;0;0;1;2;0;1;2;-9,96461;-67,110222;"SPRF-AC";"DEL01-AC";"UOP01-DEL01-AC"
127314;2018-04-12;"quinta-feira";"10:40:00";"PR";467;92;"CASCAVEL";"Ingestão de Álcool";"Saída de leito carroçável";"Com Vítimas Feridas";"Pleno dia";"Decrescente";"Céu Claro";"Dupla";"Curva";"Não";1;0;0;1;0;0;1;1;-24,9473348;-53,4861499;"SPRF-PR";"DEL04-PR";"UOP01-DEL04-PR"
127315;2018-04-12;"quinta-feira";"10:00:00";"MG";262;396;"PARA DE MINAS";"Não guardar distância de segurança";"Colisão lateral";"Com Vítimas Feridas";"Pleno dia";"Decrescente";"Nublado";"Dupla";"Reta";"Não";3;0;2;0;1;0;2;2;-19,8933;-44,5767;"SPRF-MG";"DEL01-MG";"UOP03-DEL01-MG"
127316;2018-04-12;"quinta-feira";"11:20:00";"PR";116;6,5;"CAMPINA GRANDE DO SUL";"Falta de Atenção à Condução";"Queda de ocupante de veículo";"Com Vítimas Feridas";"Pleno dia";"Crescente";"Sol";"Dupla";"Curva";"Não";1;0;1;0;0;0;1;1;-25,08708;-48,607861;"SPRF-PR";"DEL01-PR";"UOP02-DEL01-PR"
127317;2018-04-12;"quinta-feira";"09:25:00";"MS";267;671,5;"PORTO MURTINHO";"Defeito Mecânico no Veículo";"Incêndio";"Sem Vítimas";"Pleno dia";"Decrescente";"Sol";"Simples";"Reta";"Não";1;0;0;0;1;0;0;1;-21,707605;-57,761942;"SPRF-MS";"DEL05-MS";"UOP01-DEL05-MS"