"id";"data_inversa";"dia_semana";"horario";"uf";"br";"km";"municipio";"causa_acidente";"tipo_acidente";"classificacao_acidente";"fase_dia";"sentido_via";"condicao_metereologica";"tipo_pista";"tracado_via";"uso_solo";"pessoas";"mortos";"feridos_leves";"feridos_graves";"ilesos";"ignorados";"feridos";"veiculos";"latitude";"longitude";"regional";"delegacia";"uop"
127318;2018-04-12;"quinta-feira";"11:15:00";"SP";116;149,1;"SAO JOSE DOS CAMPOS";"Falta de Atenção à Condução";"Atropelamento de Pedestre";"Com Vítimas Feridas";"Pleno dia";"Decrescente";"Céu Claro";"Simples";"Aclive";"Não";2;0;0;1;1;0;1;2;-23,20942509;-45,8886314;"SPRF-SP";"DEL02-SP";"UOP01-DEL02-SP"
127319;2018-04-12;"quinta-feira";"11:30:00";"PR";369;156;"LONDRINA";"Não guardar distância de segurança";"Colisão traseira";"Com Vítimas Feridas";"Pleno dia";"Crescente";"Céu Claro";"Dupla";"Retorno Regulamentado";"Sim";2;0;2;0;0;0;2;2;-23,29396746;-51,21423794;"SPRF-PR";"DEL07-PR";"UOP01-DEL07-PR"
127321;2018-04-12;"quinta-feira";"11:20:00";"SP";116;58,8;"GUARATINGUETA";"Não guardar distância de segurança";"Colisão lateral";"Com Vítimas Feridas";"Pleno dia";"Crescente";"Nublado";"Dupla";"Reta";"Não";2;0;1;0;1;0;1;2;-22,780096;-45,145782;"SPRF-SP";"DEL08-SP";"UOP01-DEL08-SP"
127322;2018-04-12;"quinta-feira";"11:00:00";"MS";60;356,3;"CAMPO GRANDE";"Falta de Atenção à Condução";"Colisão transversal";"Com Vítimas Feridas";"Pleno dia";"Crescente";"Céu Claro";"Simples";"Interseção de Vias";"Sim";2;0;1;0;1;0;1;2;-20,54630957;-54,68280673;"SPRF-MS";"DEL01-MS";"UOP03-DEL01-MS"
127323;2018-04-12;"quinta-feira";"12:05:00";"PR";376;177;"MARINGA";"Falta de Atenção à Condução";"Colisão lateral";"Com Vítimas Feridas";"Pleno dia";"Crescente";"Céu Claro";"Dupla";"Reta";"Sim";3;0;1;0;2;0;1;3;-23,41327042;-51,93074042;"SPRF-PR";"DEL07-PR";"UOP01-DEL09-PR"
127324;2018-04-12;"quinta-feira";"12:10:00";"PE";424;6,2;"ARCOVERDE";"Ingestão de Álcool";"Saída de leito carroçável";"Com Vítimas Feridas";"Pleno dia";"Crescente";"Ignorado";"Simples";"Curva";"Não";2;0;1;1;0;0;2;1;-8,476811;-37,035484;"SPRF-PE";"DEL03-PE";"UOP02-DEL03-PE"
127326;2018-04-12;"quinta-feira";"12:17:00";"CE";20;315,6;"CANINDE";"Velocidade Incompatível";"Colisão transversal";"Com Vítimas Fatais";"Pleno dia";"Decrescente";"Céu Claro";"Simples";"Curva";"Não";2;1;1;0;0;0;1;2;-4,295554;-39,256789;"SPRF-CE";"DEL02-CE";"UOP01-DEL02-CE"
127329;2018-04-12;"quinta-feira";"10:20:00";"MS";163;6,9;"MUNDO NOVO";"Desobediência às normas de trânsito pelo condutor";"Colisão frontal";"Com Vítimas Feridas";"Pleno dia";"Crescente";"Céu Claro";"Simples";"Reta";"Não";3;0;1;0;2;0;1;2;-24,0016;-54,3193;"SPRF-MS";"DEL09-MS";"UOP02-DEL09-MS"
127330;2018-04-12;"quinta-feira";"12:50:00";"RJ";356;134;"CAMPOS DOS GOYTACAZES";"Falta de Atenção à Condução";"Saída de leito carroçável";"Com Vítimas Feridas";"Pleno dia";"Crescente";"Céu Claro";"Simples";"Reta";"Sim";1;0;1;0;0;0;1;1;-21,72742079;-41,34724975;"SPRF-RJ";"DEL08-RJ";"UOP01-DEL08-RJ"
127331;2018-04-12;"quinta-feira";"12:45:00";"SP";101;46,9;"UBATUBA";"Falta de Atenção à Condução";"Colisão transversal";"Com Vítimas Feridas";"Pleno dia";"Decrescente";"Céu Claro";"Simples";"Ponte";"Sim";2;0;0;1;1;0;1;2;-23,43119006;-45,08361518;"SPRF-SP";"DEL06-SP";"UOP01-DEL06-SP"
127332;2018-04-12;"quinta-feira";"12:30:00";"BA";101;248;"CONCEICAO DO ALMEIDA";"Falta de Atenção à Condução";"Colisão frontal";"Com Vítimas Feridas";"Pleno dia";"Decrescente";"Chuva";"Simples";"Curva";"Não";5;0;0;1;4;0;1;2;-12,86513;-39,21708;"SPRF-BA";"DEL01-BA";"UOP02-DEL01-BA"
127333;2018-04-12;"quinta-feira";"10:20:00";"PE";424;86,2;"GARANHUNS";"Desobediência às normas de trânsito pelo condutor";"Colisão transversal";"Com Vítimas Feridas";"Pleno dia";"Decrescente";"Garoa/Chuvisco";"Simples";"Aclive";"Não";3;0;2;0;1;0;2;2;-8,8676341;-36,50864124;"SPRF-PE";"DEL03-PE";"UOP01-DEL03-PE"
127334;2018-04-12;"quinta-feira";"11:00:00";"RS";287;353;"JAGUARI";"Falta de Atenção à Condução";"Colisão traseira";"Sem Vítimas";"Pleno dia";"Decrescente";"Céu Claro";"Simples";"Reta";"Não";2;0;0;0;2;0;0;2;-29,489006;-54,680428;"SPRF-RS";"DEL12-RS";"UOP02-DEL12-RS"
127336;2018-04-12;"quinta-feira";"11:50:00";"SC";101;136;"BALNEARIO CAMBORIU";"Falta de Atenção à Condução";"Queda de ocupante de veículo";"Com Vítimas Feridas";"Pleno dia";"Crescente";"Céu Claro";"Simples";"Reta";"Sim";1;0;1;0;0;0;1;1;-27,0158;-48,6117;"SPRF-SC";"DEL04-SC";"UOP03-DEL04-SC"
127341;2018-04-12;"quinta-feira";"10:30:00";"SC";470;146;"RIO DO SUL";"Velocidade Incompatível";"Saída de leito carroçável";"Com Vítimas Feridas";"Pleno dia";"Crescente";"Nublado";"Simples";"Reta";"Não";2;0;1;0;1;0;1;2;-27,2345922;-49,6757251;"SPRF-SC";"DEL04-SC";"UOP02-DEL04-SC"
127342;2018-04-12;"quinta-feira";"13:00:00";"MS";262;327;"CAMPO GRANDE";"Desobediência às normas de trânsito pelo condutor";"Colisão transversal";"Com Vítimas Feridas";"Pleno dia";"Crescente";"Céu Claro";"Dupla";"Interseção de Vias";"Sim";2;0;1;0;1;0;1;2;-20,46947581;-54,51828003;"SPRF-MS";"DEL01-MS";"UOP01-DEL01-MS"
127344;2018-04-12;"quinta-feira";"14:00:00";"MG";381;609,9;"OLIVEIRA";"Condutor Dormindo";"Colisão com objeto estático";"Com Vítimas Feridas";"Pleno dia";"Crescente";"Nublado";"Dupla";"Reta";"Não";1;0;1;0;0;0;1;1;-20,679;-44,7379;"SPRF-MG";"DEL04-MG";"UOP01-DEL04-MG"
127346;2018-04-12;"quinta-feira";"14:20:00";"MG";116;667,7;"SAO FRANCISCO DO GLORIA";"Velocidade Incompatível";"Saída de leito carroçável";"Com Vítimas Feridas";"Pleno dia";"Decrescente";"Sol";"Simples";"Curva";"Não";2;0;1;1;0;0;2;1;-20,83358508;-42,32225418;"SPRF-MG";"DEL07-MG";"UOP03-DEL07-MG"
127348;2018-04-12;"quinta-feira";"12:01:00";"PR";369;158;"CAMBE";"Falta de Atenção à Condução";"Colisão lateral";"Com Vítimas Feridas";"Pleno dia";"Decrescente";"Céu Claro";"Simples";"Curva";"Não";2;0;1;0;0;1;1;2;-23,28595685;-51,2361306;"SPRF-PR";"DEL07-PR";"UOP01-DEL07-PR"
127349;2018-04-12;"quinta-feira";"13:10:00";"MG";40;740,4;"SANTOS DUMONT";"Defeito Mecânico no Veículo";"Queda de ocupante de veículo";"Com Vítimas Feridas";"Pleno dia";"Decrescente";"Céu Claro";"Simples";"Curva";"Sim";1;0;1;0;0;0;1;1;-21,4301;-43,5563;"SPRF-MG";"DEL05-MG";"UOP01-DEL05-MG"
127351;2018-04-12;"quinta-feira";"14:30:00";"ES";101;270;"SERRA";"Falta de Atenção à Condução";"Tombamento";"Com Vítimas Feridas";"Pleno dia";"Crescente";"Nublado";"Múltipla";"Curva";"Sim";2;0;0;2;0;0;2;1;-20,23411852;-40,27593163;"SPRF-ES";"DEL02-ES";"UOP01-DEL02-ES"
127352;2018-01-27;"sábado";"05:58:00";"RO";319;64;"PORTO VELHO";"Defeito na Via";"Queda de ocupante de veículo";"Com Vítimas Feridas";"Amanhecer";"Decrescente";"Ignorado";"Dupla";"Curva;Interseção de Vias";"Sim";1;0;0;1;0;0;1;1;-8,76986774;-63,88353735;"SPRF-RO";"DEL01-RO";"UOP01-DEL01-RO"
127353;2018-04-12;"quinta-feira";"14:50:00";"GO";60;138;"GOIANIA";"Defeito na Via";"Queda de ocupante de veículo";"Com Vítimas Feridas";"Pleno dia";"Crescente";"Céu Claro";"Dupla";"Reta";"Sim";1;0;1;0;0;0;1;1;-16,6117;-49,2053;"SPRF-GO";"DEL01-GO";"UOP01-DEL01-GO"
127355;2018-04-12;"quinta-feira";"13:45:00";"PE";428;129;"LAGOA GRANDE";"Condutor Dormindo";"Saída de leito carroçável";"Com Vítimas Feridas";"Pleno dia";"Decrescente";"Céu Claro";"Simples";"Reta";"Não";2;0;2;0;0;0;2;1;-8,953149;-40,181858;"SPRF-PE";"DEL06-PE";"UOP03-DEL06-PE"
127357;2018-04-12;"quinta-feira";"13:20:00";"SP";116;161,8;"JACAREI";"Mal Súbito";"Colisão com objeto estático";"Com Vítimas Feridas";"Pleno dia";"Decrescente";"Sol";"Dupla";"Reta";"Sim";1;0;1;0;0;0;1;1;-23,27890055;-45,98000223;"SPRF-SP";"DEL02-SP";"UOP01-DEL02-SP"
127360;2018-04-12;"quinta-feira";"13:50:00";"PR";376;488;"PONTA GROSSA";"Desobediência às normas de trânsito pelo condutor";"Colisão traseira";"Sem Vítimas";"Pleno dia";"Crescente";"Sol";"Dupla";"Interseção de Vias";"Sim";2;0;0;0;2;0;0;2;-25,08497702;-50,19241333;"SPRF-PR";"DEL03-PR";"UOP04-DEL03-PR"
127362;2018-04-12;"quinta-feira";"18:08:00";"PR";369;444,8;"UBIRATA";"Falta de Atenção à Condução";"Tombamento";"Com Vítimas Feridas";"Anoitecer";"Decrescente";"Céu Claro";"Simples";"Curva";"Não";1;0;1;0;0;0;1;1;-24,553781;-52,953873;"SPRF-PR";"DEL04-PR";"UOP03-DEL04-PR"
127363;2018-04-12;"quinta-feira";"16:20:00";"SC";282;0,2;"FLORIANOPOLIS";"Falta de Atenção à Condução";"Colisão lateral";"Com Vítimas Feridas";"Pleno dia";"Crescente";"Céu Claro";"Dupla";"Reta";"Não";2;0;1;0;1;0;1;2;-27,59845;-48,571995;"SPRF-SC";"DEL01-SC";"UOP01-DEL01-SC"
127365;2018-04-12;"quinta-feira";"16:45:00";"PE";101;193;"PALMARES";"Velocidade Incompatível";"Saída de leito carroçável";"Com Vítimas Feridas";"Anoitecer";"Crescente";"Chuva";"Dupla";"Curva";"Não";13;0;2;0;11;0;2;1;-8,7036;-35,6079;"SPRF-PE";"DEL01-PE";"UOP03-DEL01-PE"
127367;2018-04-12;"quinta-feira";"18:15:00";"PE";110;236;"PETROLANDIA";"Animais na Pista";"Colisão traseira";"Sem Vítimas";"Plena Noite";"Decrescente";"Chuva";"Simples";"Curva";"Não";7;0;0;0;7;0;0;2;-9,06073639;-38,27662468;"SPRF-BA";"DEL07-BA";"UOP01-DEL07-BA"
127368;2018-04-12;"quinta-feira";"18:20:00";"PB";101;83,7;"BAYEUX";"Defeito Mecânico no Veículo";"Queda de ocupante de veículo";"Com Vítimas Feridas";"Pleno dia";"Decrescente";"Céu Claro";"Dupla";"Reta";"Sim";2;0;2;0;0;0;2;1;-7,138083;-34,924717;"SPRF-PB";"DEL01-PB";"UOP01-DEL01-PB"
127369;2018-04-12;"quinta-feira";"18:00:00";"MG";365;445;"GUIMARANIA";"Animais na Pista";"Atropelamento de Animal";"Com Vítimas Feridas";"Plena Noite";"Decrescente";"Céu Claro";"Simples";"Reta";"Não";4;0;0;2;0;2;2;2;-18,803576;-46,76315;"SPRF-MG";"DEL10-MG";"UOP01-DEL10-MG"
127372;2018-04-12;"quinta-feira";"15:40:00";"SC";470;177,4;"POUSO REDONDO";"Falta de Atenção à Condução";"Colisão lateral";"Com Vítimas Feridas";"Pleno dia";"Crescente";"Céu Claro";"Simples";"Reta";"Não";2;0;1;0;1;0;1;2;-27,25513508;-49,94614631;"SPRF-SC";"DEL04-SC";"UOP02-DEL04-SC"
127373;2018-04-12;"quinta-feira";"16:00:00";"RS";470;215;"BENTO GONCALVES";"Desobediência às normas de trânsito pelo condutor";"Colisão transversal";"Com Vítimas Feridas";"Pleno dia";"Decrescente";"Céu Claro";"Simples";"Reta";"Sim";2;0;2;0;0;0;2;2;-29,160035;-51,52915;"SPRF-RS";"DEL06-RS";"UOP01-DEL06-RS"
127375;2018-04-12;"quinta-feira";"14:00:00";"BA";101;663,5;"ITAPEBI";"Pista Escorregadia";"Colisão frontal";"Com Vítimas Feridas";"Pleno dia";"Crescente";"Chuva";"Simples";"Curva";"Não";3;0;2;0;1;0;2;2;-15,957;-39,5596;"SPRF-BA";"DEL09-BA";"UOP01-DEL09-BA"
127378;2018-04-12;"quinta-feira";"15:30:00";"BA";415;23;"ILHEUS";"Falta de Atenção do Pedestre";"Atropelamento de Pedestre";"Com Vítimas Feridas";"Pleno dia";"Crescente";"Céu Claro";"Simples";"Reta";"Sim";2;0;2;0;0;0;2;2;-14,798015;-39,176503;"SPRF-BA";"DEL05-BA";"UOP01-DEL05-BA"
127379;2018-04-12;"quinta-feira";"19:00:00";"GO";40;61,5;"CRISTALINA";"Ingestão de Álcool";"Colisão traseira";"Com Vítimas Feridas";"Plena Noite";"Crescente";"Céu Claro";"Simples";"Curva";"Não";3;0;1;0;2;0;1;3;-16,534451;-47,799907;"SPRF-DF";"DEL01-DF";"UOP02-DEL01-DF"
127382;2018-04-12;"quinta-feira";"15:20:00";"MT";163;837;"SINOP";"Falta de Atenção à Condução";"Colisão transversal";"Com Vítimas Feridas";"Pleno dia";"Decrescente";"Céu Claro";"Simples";"Reta";"Sim";2;0;1;0;1;0;1;2;-11,84416698;-55,49091339;"SPRF-MT";"DEL06-MT";"UOP02-DEL06-MT"
127383;2018-04-12;"quinta-feira";"18:45:00";"GO";40;1;"VALPARAISO DE GOIAS";"Desobediência às normas de trânsito pelo condutor";"Atropelamento de Pedestre";"Com Vítimas Feridas";"Anoitecer";"Crescente";"Céu Claro";"Simples";"Reta";"Sim";3;0;1;0;1;1;1;2;-16,058245;-47,982825;"SPRF-DF";"DEL01-DF";"UOP01-DEL01-DF"
127384;2018-04-12;"quinta-feira";"19:10:00";"PR";369;197;"APUCARANA";"Restrição de Visibilidade";"Atropelamento de Pedestre";"Com Vítimas Fatais";"Anoitecer";"Crescente";"Céu Claro";"Dupla";"Reta";"Sim";2;1;0;0;1;0;0;2;-23,511475;-51,426636;"SPRF-PR";"DEL07-PR";"UOP03-DEL07-PR"
127386;2018-04-12;"quinta-feira";"19:20:00";"PA";155;343;"MARABA";"Falta de Atenção à Condução";"Colisão transversal";"Com Vítimas Feridas";"Plena Noite";"Decrescente";"Céu Claro";"Simples";"Reta";"Sim";2;0;2;0;0;0;2;1;-5,36206692;-49,07880306;"SPRF-PA";"DEL03-PA";"UOP01-DEL03-PA"
127389;2018-04-12;"quinta-feira";"08:40:00";"RS";472;479,4;"ITAQUI";"Falta de Atenção à Condução";"Colisão transversal";"Com Vítimas Feridas";"Pleno dia";"Decrescente";"Sol";"Simples";"Reta";"Não";4;0;2;0;1;1;2;3;-29,166231;-56,489406;"SPRF-RS";"DEL12-RS";"UOP01-DEL12-RS"
127390;2018-04-12;"quinta-feira";"18:50:00";"PA";163;970;"BELTERRA";"Restrição de Visibilidade";"Atropelamento de Pedestre";"Com Vítimas Fatais";"Plena Noite";"Crescente";"Céu Claro";"Simples";"Curva";"Não";3;2;0;0;0;1;0;3;-2,657489;-54,834538;"SPRF-PA";"DEL05-PA";"UOP01-DEL05-PA"
127391;2018-04-12;"quinta-feira";"18:30:00";"PR";369;101,2;"URAI";"Desobediência às normas de trânsito pelo condutor";"Colisão transversal";"Com Vítimas Feridas";"Plena Noite";"Crescente";"Céu Claro";"Simples";"Interseção de Vias";"Não";3;0;0;1;2;0;1;3;-23,24663985;-50,72709468;"SPRF-PR";"DEL07-PR";"UOP05-DEL07-PR"
127394;2018-04-12;"quinta-feira";"18:20:00";"RJ";101;406;"ITAGUAI";"Falta de Atenção do Pedestre";"Atropelamento de Pedestre";"Com Vítimas Fatais";"Anoitecer";"Decrescente";"Céu Claro";"Dupla";"Reta";"Sim";2;1;0;0;1;0;0;2;-22,87838941;-43,81931305;"SPRF-RJ";"DEL03-RJ";"UOP01-DEL03-RJ"
127396;2018-04-12;"quinta-feira";"18:00:00";"GO";60;392,6;"RIO VERDE";"Falta de Atenção à Condução";"Queda de ocupante de veículo";"Com Vítimas Feridas";"Anoitecer";"Decrescente";"Chuva";"Dupla";"Reta";"Não";1;0;1;0;0;0;1;1;-17,82575593;-50,98536015;"SPRF-GO";"DEL04-GO";"UOP01-DEL04-GO"
127398;2018-04-04;"quarta-feira";"18:30:00";"MS";267;317;"RIO BRILHANTE";"Falta de Atenção à Condução";"Colisão frontal";"Com Vítimas Fatais";"Plena Noite";"Crescente";"Céu Claro";"Simples";"Reta";"Não";2;1;0;1;0;0;1;2;-21,776524;-54,5272958;"SPRF-MS";"DEL02-MS";"UOP02-DEL02-MS"
127399;2018-04-12;"quinta-feira";"19:30:00";"GO";153;519,8;"APARECIDA DE GOIANIA";"Falta de Atenção à Condução";"Colisão lateral";"Com Vítimas Feridas";"Plena Noite";"Crescente";"Nublado";"Dupla";"Reta";"Sim";3;0;2;0;1;0;2;2;-16,87603205;-49,25231148;"SPRF-GO";"DEL01-GO";"UOP03-DEL01-GO"
127402;2018-04-12;"quinta-feira";"18:10:00";"SC";163;71,4;"SAO MIGUEL DO OESTE";"Desobediência às normas de trânsito pelo condutor";"Colisão lateral";"Com Vítimas Feridas";"Pleno dia";"Crescente";"Céu Claro";"Simples";"Reta";"Sim";2;0;1;0;1;0;1;2;-26,71015997;-53,51477712;"SPRF-SC";"DEL07-SC";"UOP03-DEL07-SC"
127403;2018-04-12;"quinta-feira";"15:30:00";"MG";116;101;"ITAOBIM";"Pista Escorregadia";"Capotamento";"Com Vítimas Feridas";"Pleno dia";"Crescente";"Chuva";"Simples";"Curva";"Não";2;0;2;0;0;0;2;1;-16,5585736;-41,5025529;"SPRF-MG";"DEL11-MG";"UOP02-DEL11-MG"
127404;2018-04-12;"quinta-feira";"17:00:00";"SC";470;248,4;"CURITIBANOS";"Falta de Atenção à Condução";"Colisão transversal";"Com Vítimas Feridas";"Pleno dia";"Crescente";"Sol";"Simples";"Retorno Regulamentado";"Sim";2;0;1;0;1;0;1;2;-27,31461599;-50,57195413;"SPRF-SC";"DEL05-SC";"UOP03-DEL05-SC"
127406;2018-04-12;"quinta-feira";"20:00:00";"AL";316;153,7;"PALMEIRA DOS INDIOS";"Pista Escorregadia";"Saída de leito carroçável";"Com Vítimas Feridas";"Plena Noite";"Crescente";"Chuva";"Simples";"Curva";"Sim";1;0;1;0;0;0;1;1;-9,43162038;-36,64371478;"SPRF-AL";"DEL03-AL";"UOP01-DEL03-AL"
127407;2018-04-12;"quinta-feira";"17:25:00";"SC";280;127,1;"RIO NEGRINHO";"Falta de Atenção à Condução";"Colisão transversal";"Com Vítimas Feridas";"Pleno dia";"Crescente";"Céu Claro";"Simples";"Reta";"Sim";2;0;1;0;1;0;1;2;-26,239437;-49,504192;"SPRF-SC";"DEL06-SC";"UOP03-DEL06-SC"
127408;2018-04-12;"quinta-feira";"20:00:00";"RJ";101;48;"CAMPOS DOS GOYTACAZES";"Falta de Atenção do Pedestre";"Atropelamento de Pedestre";"Com Vítimas Fatais";"Plena Noite";"Crescente";"Céu Claro";"Simples";"Reta";"Sim";2;1;0;0;1;0;0;2;-21,61440202;-41,31572168;"SPRF-RJ";"DEL08-RJ";"UOP01-DEL08-RJ"
127409;2018-04-12;"quinta-feira";"19:45:00";"MG";381;938;"EXTREMA";"Defeito Mecânico no Veículo";"Colisão com objeto estático";"Com Vítimas Feridas";"Plena Noite";"Decrescente";"Céu Claro";"Dupla";"Reta";"Não";3;0;2;0;0;1;2;2;-22,8194;-46,2984;"SPRF-MG";"DEL16-MG";"UOP03-DEL16-MG"
127410;2018-04-12;"quinta-feira";"20:11:00";"RS";158;327,9;"SANTA MARIA";"Falta de Atenção à Condução";"Colisão transversal";"Sem Vítimas";"Plena Noite";"Crescente";"Nublado";"Simples";"Reta";"Sim";2;0;0;0;2;0;0;2;-29,714945;-53,810829;"SPRF-RS";"DEL09-RS";"UOP01-DEL09-RS"
127411;2018-04-12;"quinta-feira";"18:15:00";"SC";280;161,5;"MAFRA";"Falta de Atenção à Condução";"Colisão lateral";"Com Vítimas Feridas";"Anoitecer";"Decrescente";"Céu Claro";"Simples";"Aclive;Reta";"Não";2;0;1;0;1;0;1;2;-26,204451;-49,7812;"SPRF-SC";"DEL06-SC";"UOP03-DEL06-SC"
127413;2018-04-12;"quinta-feira";"20:00:00";"MG";262;419,8;"IGARATINGA";"Falta de Atenção à Condução";"Tombamento";"Com Vítimas Fatais";"Plena Noite";"Crescente";"Nublado";"Dupla";"Reta";"Não";2;1;0;0;0;1;0;2;-19,8843;-44,772;"SPRF-MG";"DEL08-MG";"UOP03-DEL08-MG"
127415;2018-04-12;"quinta-feira";"15:30:00";"MG";40;712,5;"BARBACENA";"Velocidade Incompatível";"Saída de leito carroçável";"Com Vítimas Feridas";"Pleno dia";"Crescente";"Céu Claro";"Dupla";"Curva";"Não";4;0;0;1;0;3;1;2;-21,24975849;-43,66564393;"SPRF-MG";"DEL05-MG";"UOP02-DEL05-MG"
127416;2018-04-12;"quinta-feira";"18:00:00";"SC";101;210;"SAO JOSE";"Falta de Atenção à Condução";"Colisão lateral";"Com Vítimas Feridas";"Plena Noite";"Decrescente";"Céu Claro";"Dupla";"Reta";"Sim";2;0;1;0;1;0;1;2;-27,62034458;-48,64895132;"SPRF-SC";"DEL01-SC";"UOP01-DEL01-SC"
127417;2018-04-12;"quinta-feira";"20:50:00";"SC";101;207;"SAO JOSE";"Falta de Atenção à Condução";"Colisão traseira";"Com Vítimas Feridas";"Plena Noite";"Crescente";"Nublado";"Dupla";"Reta;Aclive";"Sim";2;0;0;1;1;0;1;2;-27,60153501;-48,62607837;"SPRF-SC";"DEL01-SC";"UOP01-DEL01-SC"
127420;2018-04-12;"quinta-feira";"13:20:00";"RO";364;54,8;"VILHENA";"Ultrapassagem Indevida";"Colisão frontal";"Com Vítimas Feridas";"Pleno dia";"Crescente";"Chuva";"Simples";"Reta";"Não";5;0;0;2;3;0;2;2;-12,526752;-60,38184;"SPRF-RO";"DEL04-RO";"DEL21/4-UOP03/RO"
127421;2018-04-12;"quinta-feira";"16:15:00";"PI";343;1;"LUIS CORREIA";"Desobediência às normas de trânsito pelo condutor";"Colisão transversal";"Com Vítimas Feridas";"Pleno dia";"Decrescente";"Céu Claro";"Simples";"Reta";"Sim";2;0;1;0;1;0;1;2;-2,890292;-41,667423;"SPRF-PI";"DEL05-PI";"UOP01-DEL05-PI"
127422;2018-04-12;"quinta-feira";"19:50:00";"SP";116;227;"SAO PAULO";"Falta de Atenção à Condução";"Colisão com objeto em movimento";"Com Vítimas Feridas";"Plena Noite";"Decrescente";"Nublado";"Múltipla";"Reta";"Não";4;0;1;0;3;0;1;4;-23,4981876;-46,4099318;"SPRF-SP";"DEL01-SP";"UOP01-DEL01-SP"
127424;2018-02-22;"quinta-feira";"11:30:00";"PB";230;264,3;"JUNCO DO SERIDO";"Falta de Atenção à Condução";"Colisão transversal";"Com Vítimas Fatais";"Pleno dia";"Decrescente";"Céu Claro";"Simples";"Reta";"Não";2;1;0;0;1;0;0;2;-6,97004942;-36,79801941;"SPRF-PB";"DEL03-PB";"UOP01-DEL03-PB"
127426;2018-04-12;"quinta-feira";"21:30:00";"RJ";40;26;"TRES RIOS";"Falta de Atenção à Condução";"Colisão transversal";"Com Vítimas Feridas";"Plena Noite";"Decrescente";"Ignorado";"Dupla";"Reta";"Não";2;0;1;0;1;0;1;2;-22,1662;-43,1562;"SPRF-RJ";"DEL06-RJ";"UOP02-DEL05-RJ"
127427;2018-04-12;"quinta-feira";"20:10:00";"RJ";101;304;"SAO GONCALO";"Falta de Atenção à Condução";"Saída de leito carroçável";"Com Vítimas Feridas";"Plena Noite";"Decrescente";"Céu Claro";"Dupla";"Reta";"Sim";1;0;1;0;0;0;1;1;-22,790446;-43,0243382;"SPRF-RJ";"DEL02-RJ";"DEL5/2-UOP04/RJ"
127428;2018-04-13;"sexta-feira";"03:00:00";"MG";251;232;"SANTA CRUZ DE SALINAS";"Condutor Dormindo";"Tombamento";"Com Vítimas Feridas";"Plena Noite";"Crescente";"Céu Claro";"Simples";"Reta";"Não";2;0;1;1;0;0;2;1;-15,9601;-41,6987;"SPRF-MG";"DEL11-MG";"UOP02-DEL11-MG"
127429;2018-04-13;"sexta-feira";"08:15:00";"RS";287;265;"SANTA MARIA";"Falta de Atenção à Condução";"Saída de leito carroçável";"Sem Vítimas";"Pleno dia";"Crescente";"Chuva";"Simples";"Reta";"Não";2;0;0;0;2;0;0;1;-29,670673;-54,022453;"SPRF-RS";"DEL09-RS";"UOP01-DEL09-RS"
127430;2018-04-13;"sexta-feira";"08:00:00";"PR";272;368;"CAMPO MOURAO";"Falta de Atenção à Condução";"Colisão transversal";"Com Vítimas Feridas";"Amanhecer";"Crescente";"Céu Claro";"Dupla";"Reta";"Sim";2;0;0;1;1;0;1;2;-24,05287156;-52,40683973;"SPRF-PR";"DEL04-PR";"UOP03-DEL09-PR"
127432;2018-04-13;"sexta-feira";"09:00:00";"RS";153;53,1;"ERECHIM";"Desobediência às normas de trânsito pelo condutor";"Saída de leito carroçável";"Sem Vítimas";"Pleno dia";"Crescente";"Céu Claro";"Simples";"Reta";"Sim";1;0;0;0;1;0;0;1;-27,675884;-52,290501;"SPRF-RS";"DEL08-RS";"UOP04-DEL08-RS"
127436;2018-04-12;"quinta-feira";"20:30:00";"MG";116;593,8;"MANHUACU";"Ingestão de Álcool";"Colisão frontal";"Sem Vítimas";"Plena Noite";"Decrescente";"Chuva";"Simples";"Reta";"Não";3;0;0;0;3;0;0;2;-20,27274;-42,144549;"SPRF-MG";"DEL06-MG";"UOP03-DEL06-MG"
127437;2018-04-13;"sexta-feira";"06:45:00";"DF";70;11;"BRASILIA";"Condutor Dormindo";"Saída de leito carroçável";"Sem Vítimas";"Amanhecer";"Crescente";"Nublado";"Dupla";"Reta";"Não";1;0;0;0;0;1;0;1;-15,78965664;-48,14965439;"SPRF-DF";"DEL01-DF";"UOP02-DEL03-DF"
127438;2018-04-13;"sexta-feira";"09:15:00";"MG";40;799,3;"MATIAS BARBOSA";"Não guardar distância de segurança";"Colisão traseira";"Com Vítimas Feridas";"Pleno dia";"Decrescente";"Céu Claro";"Dupla";"Reta";"Não";4;0;0;1;2;1;1;2;-21,8278;-43,374;"SPRF-MG";"DEL05-MG";"UOP01-DEL05-MG"
127439;2018-04-13;"sexta-feira";"06:50:00";"RJ";116;166,8;"RIO DE JANEIRO";"Falta de Atenção à Condução";"Colisão lateral";"Com Vítimas Feridas";"Pleno dia";"Decrescente";"Sol";"Dupla";"Reta";"Sim";6;0;1;0;5;0;1;2;-22,80435171;-43,34621429;"SPRF-RJ";"DEL01-RJ";"UOP02-DEL01-RJ"