"id";"data_inversa";"dia_semana";"horario";"uf";"br";"km";"municipio";"causa_acidente";"tipo_acidente";"classificacao_acidente";"fase_dia";"sentido_via";"condicao_metereologica";"tipo_pista";"tracado_via";"uso_solo";"pessoas";"mortos";"feridos_leves";"feridos_graves";"ilesos";"ignorados";"feridos";"veiculos";"latitude";"longitude";"regional";"delegacia";"uop"
127579;2018-04-13;"sexta-feira";"15:00:00";"MA";135;3,4;"SAO LUIS";"Falta de Atenção à Condução";"Colisão transversal";"Sem Vítimas";"Pleno dia";"Crescente";"Garoa/Chuvisco";"Dupla";"Reta;Retorno Regulamentado;Aclive";"Sim";2;0;0;0;2;0;0;2;-2,61012529;-44,24960643;"SPRF-MA";"DEL01-MA";"UOP01-DEL01-MA"
127580;2018-04-13;"sexta-feira";"14:40:00";"MT";70;275,1;"PRIMAVERA DO LESTE";"Falta de Atenção à Condução";"Colisão traseira";"Sem Vítimas";"Pleno dia";"Decrescente";"Céu Claro";"Simples";"Túnel";"Não";2;0;0;0;2;0;0;2;-15,55016978;-54,25509095;"SPRF-MT";"DEL05-MT";"UOP01-DEL05-MT"
127583;2018-04-13;"sexta-feira";"15:36:00";"SC";101;307,8;"LAGUNA";"Falta de Atenção à Condução";"Colisão com objeto estático";"Sem Vítimas";"Pleno dia";"Crescente";"Chuva";"Dupla";"Curva";"Não";1;0;0;0;1;0;0;1;-28,4008;-48,7864;"SPRF-SC";"DEL02-SC";"UOP03-DEL02-SC"
127584;2018-04-13;"sexta-feira";"17:00:00";"GO";153;595;"MORRINHOS";"Defeito Mecânico no Veículo";"Queda de ocupante de veículo";"Com Vítimas Feridas";"Pleno dia";"Decrescente";"Céu Claro";"Dupla";"Reta";"Não";1;0;1;0;0;0;1;1;-17,5077;-49,2157;"SPRF-GO";"DEL03-GO";"UOP01-DEL03-GO"
127589;2018-04-13;"sexta-feira";"16:25:00";"AL";104;34,3;"UNIAO DOS PALMARES";"Falta de Atenção à Condução";"Colisão transversal";"Com Vítimas Feridas";"Anoitecer";"Crescente";"Nublado";"Simples";"Reta";"Sim";2;0;1;0;1;0;1;2;-9,15816;-36,01418948;"SPRF-AL";"DEL01-AL";"UOP02-DEL01-AL"
127590;2018-04-13;"sexta-feira";"17:20:00";"SC";470;22,7;"ILHOTA";"Falta de Atenção à Condução";"Colisão lateral";"Sem Vítimas";"Anoitecer";"Crescente";"Nublado";"Simples";"Reta";"Não";4;0;0;0;3;1;0;3;-26,8754;-48,8261;"SPRF-SC";"DEL04-SC";"UOP04-DEL04-SC"
127591;2018-04-13;"sexta-feira";"16:58:00";"PR";376;184,6;"SARANDI";"Defeito Mecânico no Veículo";"Colisão com objeto estático";"Com Vítimas Feridas";"Pleno dia";"Crescente";"Céu Claro";"Dupla";"Reta";"Sim";2;0;2;0;0;0;2;1;-23,44504772;-51,86496913;"SPRF-PR";"DEL07-PR";"UOP01-DEL09-PR"
127592;2018-04-13;"sexta-feira";"17:00:00";"PR";369;153,9;"LONDRINA";"Restrição de Visibilidade";"Colisão lateral";"Com Vítimas Feridas";"Pleno dia";"Crescente";"Céu Claro";"Dupla";"Retorno Regulamentado;Reta";"Sim";2;0;1;0;1;0;1;2;-23,29798421;-51,19632033;"SPRF-PR";"DEL07-PR";"UOP01-DEL07-PR"
127593;2018-04-13;"sexta-feira";"16:25:00";"MS";262;525,9;"AQUIDAUANA";"Velocidade Incompatível";"Saída de leito carroçável";"Com Vítimas Feridas";"Pleno dia";"Decrescente";"Céu Claro";"Simples";"Reta";"Não";2;0;1;0;1;0;1;1;-20,35972;-56,12495;"SPRF-MS";"DEL03-MS";"UOP01-DEL03-MS"
127595;2018-04-13;"sexta-feira";"17:55:00";"ES";101;255,3;"SERRA";"Falta de Atenção à Condução";"Colisão transversal";"Com Vítimas Feridas";"Plena Noite";"Decrescente";"Nublado";"Simples";"Interseção de Vias";"Sim";2;0;0;1;1;0;1;2;-20,11728555;-40,31474411;"SPRF-ES";"DEL02-ES";"UOP01-DEL02-ES"
127597;2018-04-13;"sexta-feira";"17:50:00";"PI";316;313,5;"PICOS";"Desobediência às normas de trânsito pelo condutor";"Atropelamento de Pedestre";"Com Vítimas Feridas";"Plena Noite";"Crescente";"Céu Claro";"Simples";"Reta";"Sim";2;0;0;1;0;1;1;2;-7,07930097;-41,43480778;"SPRF-PI";"DEL04-PI";"UOP01-DEL04-PI"
127598;2018-04-13;"sexta-feira";"18:20:00";"RN";226;323;"MESSIAS TARGINO";"Falta de Atenção do Pedestre";"Atropelamento de Pedestre";"Com Vítimas Fatais";"Plena Noite";"Decrescente";"Céu Claro";"Simples";"Reta";"Sim";2;1;0;0;1;0;0;2;-6,074096;-37,51075;"SPRF-RN";"DEL04-RN";"UOP01-DEL04-RN"
127599;2018-04-13;"sexta-feira";"17:30:00";"PR";163;82,3;"PLANALTO";"Desobediência às normas de trânsito pelo condutor";"Colisão transversal";"Com Vítimas Feridas";"Pleno dia";"Decrescente";"Céu Claro";"Simples";"Interseção de Vias";"Não";8;0;1;0;7;0;1;2;-25,712121;-53,775544;"SPRF-PR";"DEL02-PR";"UOP02-DEL02-PR"
127600;2018-04-13;"sexta-feira";"16:50:00";"RJ";101;319;"NITEROI";"Falta de Atenção à Condução";"Colisão lateral";"Com Vítimas Feridas";"Pleno dia";"Decrescente";"Céu Claro";"Dupla";"Reta";"Sim";2;0;1;0;1;0;1;2;-22,85282881;-43,10098744;"SPRF-RJ";"DEL02-RJ";"DEL5/2-UOP04/RJ"
127603;2018-04-13;"sexta-feira";"18:10:00";"DF";70;1;"BRASILIA";"Falta de Atenção à Condução";"Colisão traseira";"Com Vítimas Feridas";"Plena Noite";"Crescente";"Nublado";"Dupla";"Reta";"Sim";2;0;1;0;1;0;1;2;-15,7962179;-48,06484222;"SPRF-DF";"DEL01-DF";"UOP02-DEL03-DF"
127604;2018-04-13;"sexta-feira";"18:10:00";"BA";110;1;"PAULO AFONSO";"Falta de Atenção do Pedestre";"Atropelamento de Pedestre";"Com Vítimas Fatais";"Plena Noite";"Crescente";"Céu Claro";"Simples";"Reta";"Sim";9;1;0;0;8;0;0;2;-9,433939;-38,202784;"SPRF-BA";"DEL07-BA";"UOP01-DEL07-BA"
127605;2018-04-13;"sexta-feira";"17:40:00";"RJ";40;105;"DUQUE DE CAXIAS";"Falta de Atenção à Condução";"Colisão transversal";"Com Vítimas Feridas";"Plena Noite";"Decrescente";"Céu Claro";"Múltipla";"Reta";"Sim";3;0;0;1;2;0;1;2;-22,6476;-43,2836;"SPRF-RJ";"DEL01-RJ";"UOP01-DEL01-RJ"
127606;2018-04-13;"sexta-feira";"18:30:00";"SC";101;214,8;"PALHOCA";"Falta de Atenção à Condução";"Colisão lateral";"Com Vítimas Feridas";"Plena Noite";"Crescente";"Chuva";"Dupla";"Reta";"Sim";2;0;1;0;0;1;1;2;-27,652;-48,676;"SPRF-SC";"DEL01-SC";"UOP02-DEL01-SC"
127607;2018-04-13;"sexta-feira";"18:10:00";"SP";116;444,9;"REGISTRO";"Falta de Atenção à Condução";"Colisão lateral";"Com Vítimas Feridas";"Plena Noite";"Decrescente";"Céu Claro";"Múltipla";"Interseção de Vias";"Sim";2;0;1;0;1;0;1;2;-24,49736111;-47,84134984;"SPRF-SP";"DEL05-SP";"UOP01-DEL05-SP"
127608;2018-04-13;"sexta-feira";"18:35:00";"SC";101;192,5;"BIGUACU";"Falta de Atenção à Condução";"Colisão lateral";"Com Vítimas Feridas";"Plena Noite";"Crescente";"Chuva";"Dupla";"Reta";"Sim";2;0;1;0;1;0;1;2;-27,487;-48,652;"SPRF-SC";"DEL01-SC";"UOP01-DEL01-SC"
127610;2018-04-13;"sexta-feira";"16:40:00";"AC";364;124;"RIO BRANCO";"Desobediência às normas de trânsito pelo condutor";"Colisão lateral";"Com Vítimas Feridas";"Pleno dia";"Crescente";"Chuva";"Simples";"Rotatória";"Sim";2;0;1;0;1;0;1;2;-10,01143224;-67,79808462;"SPRF-AC";"DEL01-AC";"UOP01-DEL01-AC"
127611;2018-04-13;"sexta-feira";"18:30:00";"MG";381;481,5;"CONTAGEM";"Não guardar distância de segurança";"Colisão traseira";"Com Vítimas Feridas";"Plena Noite";"Crescente";"Céu Claro";"Múltipla";"Aclive;Reta";"Sim";4;0;1;0;3;0;1;3;-19,95882786;-44,06287909;"SPRF-MG";"DEL01-MG";"UOP03-DEL01-MG"
127613;2018-04-13;"sexta-feira";"16:45:00";"RO";364;435,6;"JARU";"Pista Escorregadia";"Colisão lateral";"Com Vítimas Feridas";"Pleno dia";"Crescente";"Chuva";"Simples";"Reta";"Não";5;0;1;0;4;0;1;2;-10,384226;-62,547104;"SPRF-RO";"DEL03-RO";"UOP02-DEL03-RO"
127614;2018-04-13;"sexta-feira";"18:35:00";"BA";116;829,8;"VITORIA DA CONQUISTA";"Restrição de Visibilidade";"Atropelamento de Pedestre";"Com Vítimas Feridas";"Plena Noite";"Decrescente";"Nublado";"Dupla";"Reta";"Não";2;0;2;0;0;0;2;2;-14,908319;-40,872996;"SPRF-BA";"DEL08-BA";"UOP01-DEL08-BA"
127615;2018-04-13;"sexta-feira";"19:00:00";"SC";101;14,8;"GARUVA";"Falta de Atenção à Condução";"Colisão traseira";"Com Vítimas Feridas";"Plena Noite";"Crescente";"Nublado";"Dupla";"Retorno Regulamentado";"Não";2;0;0;1;1;0;1;2;-26,10523447;-48,87173653;"SPRF-SC";"DEL03-SC";"UOP01-DEL03-SC"
127616;2018-04-13;"sexta-feira";"18:15:00";"SC";101;199,9;"SAO JOSE";"Falta de Atenção à Condução";"Colisão lateral";"Com Vítimas Feridas";"Plena Noite";"Decrescente";"Chuva";"Múltipla";"Reta";"Sim";2;0;1;0;1;0;1;2;-27,54145779;-48,62151057;"SPRF-SC";"DEL01-SC";"UOP01-DEL01-SC"
127617;2018-04-13;"sexta-feira";"19:00:00";"PR";277;729;"FOZ DO IGUACU";"Falta de Atenção do Pedestre";"Atropelamento de Pedestre";"Com Vítimas Feridas";"Plena Noite";"Decrescente";"Céu Claro";"Dupla";"Reta";"Sim";2;0;0;1;1;0;1;2;-25,46634983;-54,58401561;"SPRF-PR";"DEL05-PR";"UOP03-DEL05-PR"
127618;2018-04-13;"sexta-feira";"19:03:00";"PR";277;584,3;"CASCAVEL";"Ingestão de álcool e/ou substâncias psicoativas pelo pedestre";"Colisão traseira";"Sem Vítimas";"Pleno dia";"Crescente";"Céu Claro";"Dupla";"Reta";"Sim";2;0;0;0;2;0;0;2;-25,02817;-53,55983;"SPRF-PR";"DEL04-PR";"UOP01-DEL04-PR"
127619;2018-04-13;"sexta-feira";"17:30:00";"SC";282;499,2;"XANXERE";"Desobediência às normas de trânsito pelo condutor";"Colisão frontal";"Com Vítimas Feridas";"Pleno dia";"Crescente";"Sol";"Simples";"Reta;Interseção de Vias";"Não";2;0;1;1;0;0;2;2;-26,880869;-52,363121;"SPRF-SC";"DEL07-SC";"UOP01-DEL07-SC"
127621;2018-04-13;"sexta-feira";"19:00:00";"DF";70;7,8;"BRASILIA";"Não guardar distância de segurança";"Colisão traseira";"Com Vítimas Feridas";"Plena Noite";"Crescente";"Nublado";"Dupla";"Declive";"Sim";3;0;1;0;2;0;1;2;-15,78531581;-48,12041759;"SPRF-DF";"DEL01-DF";"UOP02-DEL03-DF"
127623;2018-04-13;"sexta-feira";"17:40:00";"PE";232;78,8;"GRAVATA";"Falta de Atenção à Condução";"Colisão com objeto estático";"Com Vítimas Feridas";"Pleno dia";"Crescente";"Chuva";"Dupla";"Reta";"Sim";2;0;1;0;1;0;1;1;-8,193437;-35,551865;"SPRF-PE";"DEL01-PE";"UOP02-DEL02PE"
127624;2018-04-13;"sexta-feira";"18:40:00";"MG";40;511;"RIBEIRAO DAS NEVES";"Falta de Atenção à Condução";"Colisão traseira";"Com Vítimas Feridas";"Plena Noite";"Decrescente";"Céu Claro";"Dupla";"Aclive;Reta";"Sim";3;0;1;0;2;0;1;3;-19,7926;-44,1112;"SPRF-MG";"DEL01-MG";"UOP03-DEL01-MG"
127625;2018-04-13;"sexta-feira";"19:00:00";"RS";470;218;"BENTO GONCALVES";"Falta de Atenção do Pedestre";"Atropelamento de Pedestre";"Com Vítimas Feridas";"Plena Noite";"Decrescente";"Garoa/Chuvisco";"Simples";"Curva";"Sim";2;0;2;0;0;0;2;2;-29,17865567;-51,51816487;"SPRF-RS";"DEL06-RS";"UOP01-DEL06-RS"
127626;2018-04-13;"sexta-feira";"19:10:00";"PI";316;9,9;"TERESINA";"Ultrapassagem Indevida";"Colisão lateral";"Com Vítimas Feridas";"Plena Noite";"Decrescente";"Céu Claro";"Simples";"Aclive";"Sim";2;0;1;0;1;0;1;1;-5,18668815;-42,76237585;"SPRF-PI";"DEL01-PI";"UOP02-DEL01-PI"
127627;2018-04-13;"sexta-feira";"18:25:00";"RO";174;7;"VILHENA";"Restrição de Visibilidade";"Saída de leito carroçável";"Com Vítimas Feridas";"Plena Noite";"Decrescente";"Céu Claro";"Dupla";"Rotatória";"Não";1;0;0;1;0;0;1;1;-12,77525585;-60,09361625;"SPRF-RO";"DEL04-RO";"UOP01-DEL04-RO"
127628;2018-04-13;"sexta-feira";"19:10:00";"SP";116;144,2;"SAO JOSE DOS CAMPOS";"Não guardar distância de segurança";"Colisão traseira";"Com Vítimas Feridas";"Plena Noite";"Decrescente";"Céu Claro";"Múltipla";"Reta";"Sim";3;0;1;0;2;0;1;2;-23,178532;-45,8385612;"SPRF-SP";"DEL02-SP";"UOP01-DEL02-SP"
127630;2018-04-13;"sexta-feira";"19:30:00";"SC";101;95,3;"BARRA VELHA";"Defeito Mecânico no Veículo";"Queda de ocupante de veículo";"Com Vítimas Feridas";"Plena Noite";"Crescente";"Céu Claro";"Dupla";"Reta";"Não";1;0;1;0;0;0;1;1;-26,6915847;-48,69725791;"SPRF-SC";"DEL03-SC";"UOP02-DEL03-SC"
127633;2018-04-13;"sexta-feira";"19:40:00";"DF";70;2;"BRASILIA";"Falta de Atenção do Pedestre";"Atropelamento de Pedestre";"Com Vítimas Feridas";"Plena Noite";"Crescente";"Nublado";"Dupla";"Reta";"Sim";2;0;1;0;1;0;1;2;-15,798048;-48,073235;"SPRF-DF";"DEL01-DF";"UOP02-DEL03-DF"
127634;2018-04-13;"sexta-feira";"19:10:00";"SP";381;43,5;"ATIBAIA";"Falta de Atenção à Condução";"Colisão frontal";"Com Vítimas Feridas";"Plena Noite";"Crescente";"Nublado";"Simples";"Retorno Regulamentado;Viaduto";"Não";3;0;1;0;2;0;1;2;-23,16142774;-46,57363057;"SPRF-SP";"DEL03-SP";"UOP01-DEL03-SP"
127635;2018-04-13;"sexta-feira";"18:30:00";"MS";163;476;"CAMPO GRANDE";"Falta de Atenção à Condução";"Tombamento";"Com Vítimas Feridas";"Plena Noite";"Decrescente";"Céu Claro";"Simples";"Reta";"Sim";1;0;1;0;0;0;1;1;-20,511626;-54,560313;"SPRF-MS";"DEL01-MS";"UOP01-DEL01-MS"
127636;2018-04-13;"sexta-feira";"18:30:00";"MT";163;990;"TERRA NOVA DO NORTE";"Ingestão de Álcool";"Colisão traseira";"Com Vítimas Feridas";"Anoitecer";"Decrescente";"Nublado";"Simples";"Reta";"Não";3;0;0;1;1;1;1;3;-10,60092404;-55,10344416;"SPRF-MT";"DEL06-MT";"UOP02-DEL06-MT"
127638;2018-04-13;"sexta-feira";"20:00:00";"PR";373;178,3;"PONTA GROSSA";"Falta de Atenção à Condução";"Colisão transversal";"Com Vítimas Feridas";"Plena Noite";"Decrescente";"Céu Claro";"Dupla";"Retorno Regulamentado";"Sim";4;0;0;1;3;0;1;2;-25,04699751;-50,23529649;"SPRF-PR";"DEL03-PR";"UOP01-DEL03-PR"
127639;2018-04-13;"sexta-feira";"19:30:00";"ES";259;61;"COLATINA";"Falta de Atenção à Condução";"Colisão traseira";"Com Vítimas Feridas";"Plena Noite";"Decrescente";"Nublado";"Simples";"Curva";"Não";2;0;0;1;1;0;1;2;-19,51222709;-40,86399078;"SPRF-ES";"DEL02-ES";"UOP01-DEL02-ES"
127640;2018-04-13;"sexta-feira";"18:40:00";"MS";163;499,4;"JARAGUARI";"Falta de Atenção do Pedestre";"Atropelamento de Pedestre";"Com Vítimas Feridas";"Plena Noite";"Decrescente";"Céu Claro";"Dupla";"Reta";"Não";2;0;2;0;0;0;2;2;-20,326883;-54,518665;"SPRF-MS";"DEL01-MS";"UOP02-DEL01-MS"
127642;2018-04-13;"sexta-feira";"19:50:00";"GO";60;172,5;"ABADIA DE GOIAS";"Pista Escorregadia";"Colisão traseira";"Com Vítimas Feridas";"Plena Noite";"Decrescente";"Chuva";"Dupla";"Reta";"Não";6;0;4;0;2;0;4;2;-16,7519;-49,4317;"SPRF-GO";"DEL01-GO";"UOP02-DEL01-GO"
127643;2018-04-13;"sexta-feira";"18:55:00";"RO";174;15;"VILHENA";"Falta de Atenção à Condução";"Colisão com objeto em movimento";"Com Vítimas Feridas";"Plena Noite";"Crescente";"Céu Claro";"Simples";"Reta";"Sim";2;0;1;0;1;0;1;2;-12,723321;-60,12801;"SPRF-RO";"DEL04-RO";"UOP01-DEL04-RO"
127644;2018-04-13;"sexta-feira";"19:00:00";"RO";364;254,2;"CACOAL";"Defeito na Via";"Tombamento";"Com Vítimas Feridas";"Plena Noite";"Decrescente";"Céu Claro";"Simples";"Reta";"Não";1;0;0;1;0;0;1;1;-11,436348;-61,596791;"SPRF-RO";"DEL02-RO";"UOP02-DEL02-RO"
127646;2018-04-13;"sexta-feira";"19:00:00";"ES";101;367;"ANCHIETA";"Falta de Atenção à Condução";"Saída de leito carroçável";"Com Vítimas Feridas";"Plena Noite";"Crescente";"Céu Claro";"Simples";"Reta";"Não";1;0;1;0;0;0;1;1;-20,70505987;-40,71619034;"SPRF-ES";"DEL03-ES";"UOP01-DEL03-ES"
127647;2018-04-13;"sexta-feira";"20:30:00";"GO";60;168;"GOIANIA";"Não guardar distância de segurança";"Colisão traseira";"Com Vítimas Feridas";"Plena Noite";"Decrescente";"Chuva";"Dupla";"Aclive";"Sim";3;0;1;0;1;1;1;3;-16,72327576;-49,37565353;"SPRF-GO";"DEL01-GO";"UOP02-DEL01-GO"
127650;2018-04-13;"sexta-feira";"20:10:00";"RJ";101;532;"ANGRA DOS REIS";"Desobediência às normas de trânsito pelo condutor";"Colisão frontal";"Com Vítimas Feridas";"Plena Noite";"Decrescente";"Céu Claro";"Simples";"Reta";"Sim";2;0;1;1;0;0;2;2;-23,01987846;-44,53321483;"SPRF-RJ";"DEL03-RJ";"UOP02-DEL03-RJ"
127652;2018-03-27;"terça-feira";"07:15:00";"BA";116;423;"FEIRA DE SANTANA";"Falta de Atenção à Condução";"Colisão transversal";"Com Vítimas Feridas";"Pleno dia";"Decrescente";"Ignorado";"Simples";"Reta";"Sim";2;0;0;1;0;1;1;2;-12,23415422;-38,97545815;"SPRF-BA";"DEL02-BA";"UOP01-DEL02-BA"
127653;2018-04-13;"sexta-feira";"16:40:00";"MG";381;155;"GOVERNADOR VALADARES";"Falta de Atenção à Condução";"Colisão transversal";"Sem Vítimas";"Pleno dia";"Crescente";"Nublado";"Simples";"Reta";"Sim";2;0;0;0;2;0;0;2;-18,8529143;-41,98353678;"SPRF-MG";"DEL06-MG";"UOP01-DEL06-MG"
127654;2018-04-13;"sexta-feira";"20:50:00";"SP";116;273,1;"TABOAO DA SERRA";"Falta de Atenção à Condução";"Saída de leito carroçável";"Com Vítimas Feridas";"Plena Noite";"Decrescente";"Nublado";"Dupla";"Reta";"Sim";3;0;1;0;2;0;1;1;-23,61671245;-46,79090559;"SPRF-SP";"DEL04-SP";"UOP01-DEL04-SP"
127655;2018-04-13;"sexta-feira";"21:35:00";"PR";116;126,1;"FAZENDA RIO GRANDE";"Desobediência às normas de trânsito pelo condutor";"Colisão transversal";"Com Vítimas Feridas";"Plena Noite";"Crescente";"Nublado";"Dupla";"Interseção de Vias";"Sim";3;0;0;1;0;2;1;3;-25,63716604;-49,31325388;"SPRF-PR";"DEL01-PR";"UOP03-DEL01-PR"
127657;2018-04-13;"sexta-feira";"21:00:00";"SP";116;193,8;"SANTA ISABEL";"Ingestão de Álcool";"Colisão traseira";"Sem Vítimas";"Plena Noite";"Crescente";"Céu Claro";"Dupla";"Reta";"Não";2;0;0;0;2;0;0;2;-23,383577;-46,264642;"SPRF-SP";"DEL02-SP";"UOP01-DEL02-SP"
127659;2018-04-13;"sexta-feira";"21:50:00";"TO";153;670;"GURUPI";"Falta de Atenção à Condução";"Colisão traseira";"Com Vítimas Feridas";"Plena Noite";"Crescente";"Céu Claro";"Dupla";"Reta";"Não";3;0;2;0;1;0;2;2;-11,72612;-49,0784;"SPRF-TO";"DEL02-TO";"UOP02-DEL01-TO"
127661;2018-04-13;"sexta-feira";"22:00:00";"SC";470;72;"INDAIAL";"Falta de Atenção à Condução";"Colisão traseira";"Com Vítimas Feridas";"Plena Noite";"Decrescente";"Céu Claro";"Simples";"Reta";"Não";4;0;3;0;1;0;3;2;-26,88793;-49,252634;"SPRF-SC";"DEL04-SC";"UOP01-DEL04-SC"
127664;2018-04-13;"sexta-feira";"21:30:00";"GO";20;93,7;"VILA BOA";"Falta de Atenção à Condução";"Colisão com objeto estático";"Com Vítimas Feridas";"Plena Noite";"Crescente";"Chuva";"Simples";"Ponte";"Não";2;0;0;1;1;0;1;1;-14,997916;-47,030605;"SPRF-DF";"DEL02-DF";"UOP03-DEL02-DF"
127665;2018-04-13;"sexta-feira";"20:20:00";"PR";116;127;"CURITIBA";"Desobediência às normas de trânsito pelo pedestre";"Colisão traseira";"Com Vítimas Feridas";"Plena Noite";"Crescente";"Nublado";"Dupla";"Reta";"Sim";6;0;1;0;5;0;1;3;-25,621508;-49,316216;"SPRF-PR";"DEL01-PR";"UOP03-DEL01-PR"
127666;2018-04-13;"sexta-feira";"22:50:00";"ES";262;84,5;"DOMINGOS MARTINS";"Velocidade Incompatível";"Capotamento";"Com Vítimas Feridas";"Plena Noite";"Decrescente";"Chuva";"Simples";"Reta";"Não";1;0;0;1;0;0;1;1;-20,39798869;-40,98702908;"SPRF-ES";"DEL01-ES";"UOP02-DEL01-ES"
127667;2018-04-13;"sexta-feira";"21:15:00";"MG";50;36;"UBERLANDIA";"Velocidade Incompatível";"Saída de leito carroçável";"Com Vítimas Feridas";"Plena Noite";"Crescente";"Céu Claro";"Dupla";"Reta";"Sim";1;0;0;1;0;0;1;1;-18,9146078;-48,2753801;"SPRF-MG";"DEL15-MG";"UOP02-DEL15-MG"
127669;2018-04-13;"sexta-feira";"22:30:00";"RN";101;79,2;"NATAL";"Falta de Atenção à Condução";"Tombamento";"Com Vítimas Feridas";"Plena Noite";"Decrescente";"Céu Claro";"Dupla";"Reta";"Sim";1;0;0;1;0;0;1;1;-5,75162447;-35,28903166;"SPRF-RN";"DEL02-RN";"UOP01-DEL02-RN"
127672;2018-04-13;"sexta-feira";"22:00:00";"PA";163;953;"BELTERRA";"Defeito na Via";"Queda de ocupante de veículo";"Com Vítimas Feridas";"Plena Noite";"Decrescente";"Ignorado";"Simples";"Reta";"Não";1;0;1;0;0;0;1;1;-2,78256644;-54,90022659;"SPRF-PA";"DEL05-PA";"UOP01-DEL05-PA"
127673;2018-04-13;"sexta-feira";"21:10:00";"SC";282;31,8;"SANTO AMARO DA IMPERATRIZ";"Falta de Atenção do Pedestre";"Atropelamento de Pedestre";"Com Vítimas Fatais";"Plena Noite";"Decrescente";"Nublado";"Simples";"Reta";"Não";2;1;0;0;1;0;0;2;-27,70116976;-48,80036635;"SPRF-SC";"DEL01-SC";"UOP03-DEL01-SC"
127674;2018-04-13;"sexta-feira";"23:30:00";"SP";381;43,5;"ATIBAIA";"Falta de Atenção à Condução";"Colisão traseira";"Com Vítimas Feridas";"Plena Noite";"Decrescente";"Céu Claro";"Dupla";"Retorno Regulamentado";"Sim";2;0;1;0;1;0;1;2;-23,16353674;-46,57338884;"SPRF-SP";"DEL03-SP";"UOP01-DEL03-SP"
127675;2018-04-13;"sexta-feira";"22:50:00";"MT";70;12;"BARRA DO GARCAS";"Desobediência às normas de trânsito pelo condutor";"Colisão frontal";"Com Vítimas Feridas";"Plena Noite";"Decrescente";"Chuva";"Simples";"Reta";"Não";2;0;1;0;1;0;1;2;-15,87572665;-52,37896443;"SPRF-MT";"DEL07-MT";"UOP01-DEL07-MT"
127676;2018-04-14;"sábado";"00:01:00";"PR";376;178,3;"MARINGA";"Velocidade Incompatível";"Colisão traseira";"Com Vítimas Feridas";"Plena Noite";"Crescente";"Céu Claro";"Múltipla";"Reta";"Sim";2;0;1;0;1;0;1;2;-23,41694272;-51,92020286;"SPRF-PR";"DEL07-PR";"UOP01-DEL09-PR"
127677;2018-04-13;"sexta-feira";"23:30:00";"SP";381;86,3;"SAO PAULO";"Velocidade Incompatível";"Colisão traseira";"Sem Vítimas";"Plena Noite";"Decrescente";"Céu Claro";"Múltipla";"Reta";"Sim";2;0;0;0;0;2;0;2;-23,46870069;-46,56969812;"SPRF-SP";"DEL03-SP";"DEL6/3-UOP03/SP"
127678;2018-04-14;"sábado";"00:01:00";"ES";262;107;"VENDA NOVA DO IMIGRANTE";"Ingestão de Álcool";"Colisão traseira";"Com Vítimas Feridas";"Plena Noite";"Crescente";"Nublado";"Simples";"Reta";"Sim";3;0;1;0;2;0;1;2;-20,3308;-41,1555;"SPRF-ES";"DEL01-ES";"UOP02-DEL01-ES"
127679;2018-04-13;"sexta-feira";"23:50:00";"DF";70;3;"BRASILIA";"Ingestão de Álcool";"Colisão traseira";"Com Vítimas Feridas";"Plena Noite";"Decrescente";"Garoa/Chuvisco";"Dupla";"Reta";"Não";4;0;1;0;1;2;1;3;-15,802453;-48,080387;"SPRF-DF";"DEL01-DF";"UOP02-DEL03-DF"
127680;2018-04-14;"sábado";"00:10:00";"PR";369;162,5;"CAMBE";"Desobediência às normas de trânsito pelo condutor";"Colisão transversal";"Com Vítimas Fatais";"Plena Noite";"Decrescente";"Céu Claro";"Dupla";"Declive";"Não";5;2;0;1;1;1;1;4;-23,29545483;-51,27077401;"SPRF-PR";"DEL07-PR";"UOP01-DEL07-PR"
127681;2018-04-14;"sábado";"00:00:00";"SC";101;29;"JOINVILLE";"Velocidade Incompatível";"Colisão com objeto estático";"Sem Vítimas";"Plena Noite";"Decrescente";"Chuva";"Dupla";"Reta";"Não";1;0;0;0;0;1;0;1;-26,2283;-48,9165;"SPRF-SC";"DEL03-SC";"UOP01-DEL03-SC"
127682;2018-04-14;"sábado";"00:40:00";"RS";470;153;"NOVA PRATA";"Falta de Atenção à Condução";"Colisão traseira";"Com Vítimas Feridas";"Plena Noite";"Decrescente";"Ignorado";"Simples";"Reta";"Não";4;0;2;1;1;0;3;2;-28,75906408;-51,62701155;"SPRF-RS";"DEL06-RS";"UOP02-DEL06-RS"
127687;2018-04-13;"sexta-feira";"23:00:00";"TO";153;784,6;"TALISMA";"Pista Escorregadia";"Saída de leito carroçável";"Sem Vítimas";"Plena Noite";"Decrescente";"Chuva";"Simples";"Reta";"Não";1;0;0;0;1;0;0;1;-12,675545;-49,067532;"SPRF-TO";"DEL02-TO";"UOP02-DEL01-TO"
127688;2018-04-14;"sábado";"02:43:00";"PR";277;82;"CURITIBA";"Condutor Dormindo";"Capotamento";"Com Vítimas Feridas";"Plena Noite";"Decrescente";"Céu Claro";"Dupla";"Reta";"Sim";1;0;1;0;0;0;1;1;-25,45515183;-49,22426093;"SPRF-PR";"DEL01-PR";"UOP01-DEL01-PR"