"id";"data_inversa";"dia_semana";"horario";"uf";"br";"km";"municipio";"causa_acidente";"tipo_acidente";"classificacao_acidente";"fase_dia";"sentido_via";"condicao_metereologica";"tipo_pista";"tracado_via";"uso_solo";"pessoas";"mortos";"feridos_leves";"feridos_graves";"ilesos";"ignorados";"feridos";"veiculos";"latitude";"longitude";"regional";"delegacia";"uop"
127913;2018-04-14;"sábado";"21:30:00";"MG";40;668,9;"CARANDAI";"Falta de Atenção do Pedestre";"Atropelamento de Pedestre";"Com Vítimas Feridas";"Plena Noite";"Decrescente";"Céu Claro";"Simples";"Reta";"Não";3;0;0;1;2;0;1;2;-20,963529;-43,787601;"SPRF-MG";"DEL05-MG";"UOP02-DEL05-MG"
127915;2018-04-14;"sábado";"23:30:00";"ES";259;66,2;"COLATINA";"Animais na Pista";"Atropelamento de Animal";"Com Vítimas Feridas";"Plena Noite";"Decrescente";"Nublado";"Simples";"Reta";"Não";1;0;0;1;0;0;1;1;-19,51610525;-40,72435766;"SPRF-ES";"DEL02-ES";"UOP01-DEL02-ES"
127916;2018-04-14;"sábado";"23:50:00";"SC";280;23,3;"ARAQUARI";"Velocidade Incompatível";"Saída de leito carroçável";"Com Vítimas Feridas";"Plena Noite";"Decrescente";"Nublado";"Simples";"Reta";"Sim";1;0;1;0;0;0;1;1;-26,37247381;-48,71359617;"SPRF-SC";"DEL03-SC";"UOP03-DEL03-SC"
127917;2018-04-14;"sábado";"23:45:00";"PR";369;234;"JANDAIA DO SUL";"Ingestão de Álcool";"Colisão frontal";"Com Vítimas Feridas";"Plena Noite";"Crescente";"Céu Claro";"Simples";"Curva";"Não";4;0;3;0;0;1;3;2;-23,64688562;-51,68191763;"SPRF-PR";"DEL07-PR";"UOP03-DEL07-PR"
127919;2018-04-15;"domingo";"00:10:00";"PR";476;174,1;"CONTENDA";"Falta de Atenção do Pedestre";"Atropelamento de Pedestre";"Com Vítimas Feridas";"Plena Noite";"Decrescente";"Céu Claro";"Simples";"Reta;Declive";"Não";2;0;0;1;1;0;1;2;-25,685408;-49,535042;"SPRF-PR";"DEL01-PR";"UOP06-DEL01-PR"
127920;2018-04-15;"domingo";"00:10:00";"ES";393;1,5;"CACHOEIRO DE ITAPEMIRIM";"Ingestão de Álcool";"Colisão frontal";"Com Vítimas Feridas";"Plena Noite";"Crescente";"Céu Claro";"Simples";"Reta";"Sim";3;0;1;1;1;0;2;2;-20,83783662;-41,16564274;"SPRF-ES";"DEL03-ES";"UOP02-DEL03-ES"
127921;2018-04-14;"sábado";"21:15:00";"MG";262;14,9;"MARTINS SOARES";"Ingestão de Álcool";"Colisão frontal";"Com Vítimas Feridas";"Plena Noite";"Crescente";"Garoa/Chuvisco";"Simples";"Reta";"Não";2;0;1;0;1;0;1;2;-20,24786403;-41,83754146;"SPRF-MG";"DEL06-MG";"UOP03-DEL06-MG"
127922;2018-04-14;"sábado";"23:45:00";"PB";230;15;"CABEDELO";"Pista Escorregadia";"Colisão com objeto estático";"Com Vítimas Feridas";"Plena Noite";"Decrescente";"Chuva";"Dupla";"Viaduto;Reta;Aclive";"Não";1;0;1;0;0;0;1;1;-7,09810131;-34,84798372;"SPRF-PB";"DEL01-PB";"UOP01-DEL01-PB"
127924;2018-04-14;"sábado";"23:30:00";"SC";153;72,1;"IRANI";"Velocidade Incompatível";"Saída de leito carroçável";"Com Vítimas Feridas";"Plena Noite";"Crescente";"Chuva";"Simples";"Curva";"Não";4;0;3;0;1;0;3;1;-27,06768623;-51,89804077;"SPRF-SC";"DEL07-SC";"UOP04-DEL07-SC"
127926;2018-04-14;"sábado";"23:13:00";"PR";376;176,8;"MARINGA";"Desobediência às normas de trânsito pelo condutor";"Colisão transversal";"Com Vítimas Feridas";"Plena Noite";"Crescente";"Céu Claro";"Dupla";"Interseção de Vias";"Sim";2;0;0;1;0;1;1;2;-23,41272892;-51,93234975;"SPRF-PR";"DEL07-PR";"UOP01-DEL09-PR"
127928;2018-04-14;"sábado";"22:20:00";"SC";163;117;"DIONISIO CERQUEIRA";"Ingestão de Álcool";"Colisão frontal";"Com Vítimas Feridas";"Plena Noite";"Decrescente";"Céu Claro";"Simples";"Curva";"Não";6;0;3;2;1;0;5;2;-26,35480517;-53,54328632;"SPRF-SC";"DEL07-SC";"UOP04-DEL07-SC"
127929;2018-04-15;"domingo";"00:20:00";"MG";40;44,1;"PARACATU";"Não guardar distância de segurança";"Colisão traseira";"Sem Vítimas";"Plena Noite";"Decrescente";"Chuva";"Simples";"Reta";"Sim";4;0;0;0;3;1;0;2;-17,231016;-46,853905;"SPRF-MG";"DEL14-MG";"UOP01-DEL14-MG"
127931;2018-04-15;"domingo";"00:25:00";"SC";116;228;"CORREIA PINTO";"Falta de Atenção à Condução";"Saída de leito carroçável";"Com Vítimas Feridas";"Plena Noite";"Decrescente";"Garoa/Chuvisco";"Simples";"Reta";"Não";1;0;1;0;0;0;1;1;-27,585733;-50,365551;"SPRF-SC";"DEL05-SC";"UOP03-DEL05-SC"
127932;2018-04-15;"domingo";"01:40:00";"GO";153;496,6;"GOIANIA";"Desobediência às normas de trânsito pelo condutor";"Colisão com objeto estático";"Com Vítimas Fatais";"Plena Noite";"Decrescente";"Nublado";"Dupla";"Reta";"Sim";1;1;0;0;0;0;0;1;-16,6776;-49,2314;"SPRF-GO";"DEL01-GO";"UOP01-DEL01-GO"
127933;2018-04-15;"domingo";"01:20:00";"SP";116;283;"EMBU DAS ARTES";"Ingestão de Álcool";"Colisão com objeto estático";"Com Vítimas Feridas";"Plena Noite";"Crescente";"Chuva";"Dupla";"Reta";"Não";1;0;1;0;0;0;1;1;-23,66795245;-46,85546637;"SPRF-SP";"DEL04-SP";"UOP01-DEL04-SP"
127934;2018-04-15;"domingo";"02:00:00";"PR";376;180;"MARINGA";"Ingestão de Álcool";"Colisão lateral";"Sem Vítimas";"Plena Noite";"Decrescente";"Céu Claro";"Múltipla";"Reta";"Não";2;0;0;0;2;0;0;2;-23,427254;-51,895123;"SPRF-PR";"DEL07-PR";"UOP01-DEL09-PR"
127936;2018-04-14;"sábado";"20:40:00";"PI";343;234,7;"COCAL DE TELHA";"Defeito na Via";"Saída de leito carroçável";"Sem Vítimas";"Plena Noite";"Crescente";"Nublado";"Simples";"Reta";"Não";1;0;0;0;1;0;0;1;-4,62288;-42,010532;"SPRF-PI";"DEL01-PI";"UOP03-DEL01-PI"
127937;2018-04-15;"domingo";"01:30:00";"SC";101;44;"JOINVILLE";"Condutor Dormindo";"Saída de leito carroçável";"Com Vítimas Feridas";"Plena Noite";"Decrescente";"Nublado";"Dupla";"Reta";"Sim";2;0;1;0;1;0;1;1;-26,349;-48,8573;"SPRF-SC";"DEL03-SC";"UOP01-DEL03-SC"
127938;2018-04-15;"domingo";"02:00:00";"PE";116;26;"SALGUEIRO";"Falta de Atenção à Condução";"Colisão traseira";"Sem Vítimas";"Plena Noite";"Decrescente";"Céu Claro";"Simples";"Interseção de Vias";"Não";2;0;0;0;2;0;0;2;-8,067844;-39,13454;"SPRF-PE";"DEL05-PE";"UOP01-DEL05-PE"
127939;2018-04-15;"domingo";"01:00:00";"SC";280;53,6;"GUARAMIRIM";"Falta de Atenção à Condução";"Colisão transversal";"Com Vítimas Feridas";"Plena Noite";"Decrescente";"Nublado";"Simples";"Interseção de Vias";"Sim";3;0;0;2;1;0;2;2;-26,4744626;-48,97988319;"SPRF-SC";"DEL03-SC";"UOP03-DEL03-SC"
127940;2018-04-15;"domingo";"01:25:00";"PR";369;201;"APUCARANA";"Ingestão de álcool e/ou substâncias psicoativas pelo pedestre";"Colisão com objeto estático";"Sem Vítimas";"Plena Noite";"Crescente";"Céu Claro";"Simples";"Reta";"Sim";1;0;0;0;1;0;0;1;-23,53817965;-51,45434976;"SPRF-PR";"DEL07-PR";"UOP03-DEL07-PR"
127941;2018-04-14;"sábado";"15:15:00";"PR";376;217;"JANDAIA DO SUL";"Falta de Atenção à Condução";"Colisão transversal";"Com Vítimas Feridas";"Pleno dia";"Crescente";"Nublado";"Simples";"Curva";"Sim";2;0;1;0;1;0;1;2;-23,59608205;-51,64226532;"SPRF-PR";"DEL07-PR";"UOP03-DEL07-PR"
127942;2018-04-15;"domingo";"02:50:00";"PR";476;144,8;"CURITIBA";"Desobediência às normas de trânsito pelo condutor";"Colisão frontal";"Com Vítimas Fatais";"Plena Noite";"Crescente";"Garoa/Chuvisco";"Dupla";"Reta";"Não";7;1;0;6;0;0;6;2;-25,54639902;-49,31787909;"SPRF-PR";"DEL01-PR";"UOP06-DEL01-PR"
127943;2018-04-14;"sábado";"23:30:00";"RO";435;81;"COLORADO DO OESTE";"Ingestão de Álcool";"Saída de leito carroçável";"Com Vítimas Feridas";"Plena Noite";"Decrescente";"Garoa/Chuvisco";"Simples";"Curva";"Não";4;0;4;0;0;0;4;1;-13,113192;-60,497044;"SPRF-RO";"DEL04-RO";"UOP02-DEL04-RO"
127944;2018-04-15;"domingo";"02:30:00";"BA";324;611;"SIMOES FILHO";"Condutor Dormindo";"Capotamento";"Com Vítimas Feridas";"Plena Noite";"Crescente";"Céu Claro";"Dupla";"Reta";"Sim";2;0;1;0;1;0;1;1;-12,84692551;-38,41780543;"SPRF-BA";"DEL01-BA";"UOP01-DEL01-BA"
127947;2018-04-15;"domingo";"03:20:00";"GO";153;496,7;"GOIANIA";"Ingestão de Álcool";"Colisão com objeto estático";"Com Vítimas Feridas";"Plena Noite";"Decrescente";"Céu Claro";"Dupla";"Declive;Reta";"Sim";1;0;1;0;0;0;1;1;-16,6776;-49,2314;"SPRF-GO";"DEL01-GO";"UOP01-DEL01-GO"
127948;2018-04-15;"domingo";"02:10:00";"RJ";393;280,1;"BARRA DO PIRAI";"Ingestão de Álcool";"Colisão traseira";"Com Vítimas Feridas";"Plena Noite";"Decrescente";"Nublado";"Simples";"Reta";"Sim";2;0;1;0;1;0;1;2;-22,4758214;-44,0501517;"SPRF-RJ";"DEL05-RJ";"UOP04-DEL05-RJ"
127949;2018-04-15;"domingo";"03:40:00";"PR";476;132;"CURITIBA";"Condutor Dormindo";"Colisão com objeto estático";"Com Vítimas Feridas";"Plena Noite";"Crescente";"Nublado";"Múltipla";"Reta";"Sim";1;0;1;0;0;0;1;1;-25,458296;-49,249838;"SPRF-PR";"DEL01-PR";"UOP07-DEL01-PR"
127952;2018-04-15;"domingo";"02:00:00";"ES";101;294,6;"CARIACICA";"Velocidade Incompatível";"Colisão com objeto estático";"Sem Vítimas";"Plena Noite";"Crescente";"Nublado";"Múltipla";"Viaduto";"Sim";1;0;0;0;0;1;0;1;-20,32973809;-40,39874017;"SPRF-ES";"DEL01-ES";"UOP01-DEL01-ES"
127953;2018-04-15;"domingo";"01:00:00";"PR";277;544,5;"SANTA TEREZA DO OESTE";"Ingestão de Álcool";"Colisão frontal";"Com Vítimas Fatais";"Plena Noite";"Crescente";"Céu Claro";"Simples";"Reta";"Não";4;1;1;1;1;0;2;2;-25,02817;-53,55983;"SPRF-PR";"DEL04-PR";"UOP04-DEL04-PR"
127954;2018-04-15;"domingo";"03:40:00";"MS";163;265,2;"DOURADOS";"Falta de Atenção à Condução";"Saída de leito carroçável";"Sem Vítimas";"Plena Noite";"Crescente";"Céu Claro";"Dupla";"Reta";"Não";1;0;0;0;1;0;0;1;-22,22304511;-54,73004043;"SPRF-MS";"DEL04-MS";"UOP01-DEL04-MS"
127955;2018-04-15;"domingo";"00:20:00";"MG";116;613,7;"SAO JOAO DO MANHUACU";"Ingestão de Álcool";"Colisão frontal";"Com Vítimas Feridas";"Plena Noite";"Decrescente";"Nublado";"Simples";"Curva";"Não";5;0;3;0;2;0;3;2;-20,44342036;-42,16724396;"SPRF-MG";"DEL07-MG";"UOP03-DEL07-MG"
127957;2018-04-15;"domingo";"05:20:00";"SC";101;118,6;"ITAJAI";"Falta de Atenção à Condução";"Capotamento";"Com Vítimas Feridas";"Plena Noite";"Crescente";"Nublado";"Dupla";"Reta";"Não";3;0;2;0;1;0;2;2;-26,900402;-48,716865;"SPRF-SC";"DEL04-SC";"UOP04-DEL04-SC"
127958;2018-04-15;"domingo";"05:00:00";"PI";343;13;"PARNAIBA";"Ingestão de Álcool";"Colisão lateral";"Com Vítimas Feridas";"Amanhecer";"Decrescente";"Céu Claro";"Dupla";"Interseção de Vias";"Sim";3;0;2;0;1;0;2;2;-2,91927548;-41,75422668;"SPRF-PI";"DEL05-PI";"UOP01-DEL05-PI"
127960;2018-04-15;"domingo";"05:00:00";"RS";101;11,2;"DOM PEDRO DE ALCANTARA";"Falta de Atenção à Condução";"Colisão lateral";"Sem Vítimas";"Plena Noite";"Crescente";"Nublado";"Dupla";"Reta";"Não";2;0;0;0;1;1;0;2;-29,386702;-49,836594;"SPRF-RS";"DEL03-RS";"DEL9/3-UOP03/RS"
127962;2018-04-15;"domingo";"05:15:00";"PR";476;125;"CURITIBA";"Falta de Atenção à Condução";"Colisão com objeto estático";"Com Vítimas Feridas";"Amanhecer";"Crescente";"Garoa/Chuvisco";"Dupla";"Em Obras;Curva";"Sim";1;0;1;0;0;0;1;1;-25,4083;-49,219658;"SPRF-PR";"DEL01-PR";"UOP07-DEL01-PR"
127964;2018-04-15;"domingo";"03:00:00";"RS";116;303;"GUAIBA";"Ingestão de Álcool";"Colisão com objeto estático";"Sem Vítimas";"Plena Noite";"Decrescente";"Céu Claro";"Simples";"Ponte";"Não";1;0;0;0;1;0;0;1;-30,147518;-51,364944;"SPRF-RS";"DEL02-RS";"UOP01-DEL02-RS"
127965;2018-04-12;"quinta-feira";"17:15:00";"SP";116;149;"SAO JOSE DOS CAMPOS";"Falta de Atenção à Condução";"Atropelamento de Pedestre";"Com Vítimas Feridas";"Anoitecer";"Decrescente";"Nublado";"Dupla";"Reta";"Não";2;0;1;0;1;0;1;2;-23,207001;-45,886269;"SPRF-SP";"DEL02-SP";"UOP01-DEL02-SP"
127966;2018-04-15;"domingo";"05:50:00";"SP";116;116,8;"TAUBATE";"Falta de Atenção à Condução";"Colisão traseira";"Com Vítimas Feridas";"Amanhecer";"Crescente";"Céu Claro";"Dupla";"Reta";"Sim";4;0;2;1;1;0;3;3;-23,053757;-45,608791;"SPRF-SP";"DEL06-SP";"UOP02-DEL02-SP"
127967;2018-04-15;"domingo";"05:30:00";"RJ";40;116;"DUQUE DE CAXIAS";"Pista Escorregadia";"Colisão lateral";"Com Vítimas Feridas";"Amanhecer";"Decrescente";"Chuva";"Múltipla";"Reta";"Sim";2;0;1;0;1;0;1;2;-22,73913991;-43,28847706;"SPRF-RJ";"DEL01-RJ";"UOP01-DEL01-RJ"
127969;2018-04-15;"domingo";"06:10:00";"SC";101;122;"ITAJAI";"Velocidade Incompatível";"Colisão com objeto estático";"Com Vítimas Feridas";"Pleno dia";"Crescente";"Chuva";"Dupla";"Reta";"Não";2;0;1;0;1;0;1;1;-26,9352477;-48,70021462;"SPRF-SC";"DEL04-SC";"UOP04-DEL04-SC"
127970;2018-04-15;"domingo";"05:00:00";"PE";116;31,5;"SALGUEIRO";"Condutor Dormindo";"Saída de leito carroçável";"Com Vítimas Feridas";"Amanhecer";"Crescente";"Céu Claro";"Simples";"Curva";"Não";1;0;1;0;0;0;1;1;-8,119079;-39,123034;"SPRF-PE";"DEL05-PE";"UOP01-DEL05-PE"
127972;2018-04-15;"domingo";"06:30:00";"RN";226;221,5;"FLORANIA";"Velocidade Incompatível";"Queda de ocupante de veículo";"Com Vítimas Fatais";"Pleno dia";"Crescente";"Céu Claro";"Simples";"Reta";"Não";1;1;0;0;0;0;0;1;-6,1325756;-36,84138536;"SPRF-RN";"DEL03-RN";"UOP01-DEL03-RN"
127973;2018-04-15;"domingo";"05:20:00";"TO";153;552,5;"NOVA ROSALANDIA";"Velocidade Incompatível";"Saída de leito carroçável";"Com Vítimas Feridas";"Plena Noite";"Crescente";"Céu Claro";"Simples";"Reta;Declive";"Não";2;0;1;0;1;0;1;1;-10,666811;-48,908222;"SPRF-TO";"DEL02-TO";"UOP01-DEL01-TO"
127974;2018-04-15;"domingo";"05:50:00";"SC";282;16;"PALHOCA";"Falta de Atenção à Condução";"Colisão traseira";"Com Vítimas Feridas";"Amanhecer";"Crescente";"Céu Claro";"Simples";"Reta";"Sim";3;0;1;0;2;0;1;2;-27,658611;-48,681847;"SPRF-SC";"DEL01-SC";"UOP02-DEL01-SC"
127976;2018-04-15;"domingo";"00:10:00";"RO";364;801;"PORTO VELHO";"Desobediência às normas de trânsito pelo condutor";"Colisão com objeto em movimento";"Com Vítimas Feridas";"Plena Noite";"Decrescente";"Garoa/Chuvisco";"Simples";"Reta";"Sim";4;0;2;1;0;1;3;3;-9,25811026;-64,40832496;"SPRF-RO";"DEL01-RO";"UOP02-DEL01-RO"
127977;2018-04-15;"domingo";"07:00:00";"PE";101;61,8;"RECIFE";"Desobediência às normas de trânsito pelo condutor";"Colisão frontal";"Com Vítimas Feridas";"Pleno dia";"Crescente";"Garoa/Chuvisco";"Dupla";"Curva";"Sim";2;0;0;2;0;0;2;2;-8,0003;-34,9387;"SPRF-PE";"DEL01-PE";"UOP02-DEL01-PE"
127978;2018-04-15;"domingo";"07:23:00";"SP";381;75;"SAO PAULO";"Pista Escorregadia";"Tombamento";"Com Vítimas Feridas";"Pleno dia";"Decrescente";"Garoa/Chuvisco";"Dupla";"Curva";"Não";3;0;1;0;2;0;1;1;-23,38705103;-46,56391562;"SPRF-SP";"DEL03-SP";"DEL6/3-UOP03/SP"
127980;2018-04-15;"domingo";"07:19:00";"BA";324;516;"FEIRA DE SANTANA";"Deficiência ou não Acionamento do Sistema de Iluminação/Sinalização do Veículo";"Colisão traseira";"Com Vítimas Feridas";"Pleno dia";"Crescente";"Céu Claro";"Simples";"Interseção de Vias";"Sim";2;0;1;0;1;0;1;2;-12,26713854;-38,93366933;"SPRF-BA";"DEL02-BA";"UOP01-DEL02-BA"
127982;2018-04-15;"domingo";"02:50:00";"SC";282;530,9;"CORDILHEIRA ALTA";"Condutor Dormindo";"Saída de leito carroçável";"Sem Vítimas";"Plena Noite";"Decrescente";"Céu Claro";"Simples";"Reta";"Não";1;0;0;0;1;0;0;1;-26,9898539;-52,610237;"SPRF-SC";"DEL07-SC";"UOP01-DEL07-SC"
127983;2018-04-15;"domingo";"06:40:00";"RJ";116;228;"PIRAI";"Fenômenos da Natureza";"Capotamento";"Com Vítimas Feridas";"Amanhecer";"Decrescente";"Chuva";"Dupla";"Túnel";"Sim";2;0;1;0;1;0;1;1;-22,672081;-43,817894;"SPRF-RJ";"DEL07-RJ";"UOP01-DEL07-RJ"
127988;2018-04-15;"domingo";"06:30:00";"PR";476;157;"ARAUCARIA";"Falta de Atenção à Condução";"Colisão com objeto estático";"Sem Vítimas";"Pleno dia";"Decrescente";"Céu Claro";"Simples";"Reta";"Sim";1;0;0;0;1;0;0;1;-25,60639;-49,421112;"SPRF-PR";"DEL01-PR";"UOP06-DEL01-PR"
127989;2018-04-11;"quarta-feira";"17:54:00";"BA";101;107;"ALAGOINHAS";"Falta de Atenção à Condução";"Colisão lateral";"Com Vítimas Feridas";"Anoitecer";"Crescente";"Nublado";"Simples";"Interseção de Vias";"Sim";2;0;1;0;1;0;1;2;-12,16247011;-38,41562059;"SPRF-BA";"DEL01-BA";"UOP04-DEL01-BA"
127990;2018-04-15;"domingo";"08:00:00";"MG";40;792,9;"JUIZ DE FORA";"Velocidade Incompatível";"Colisão com objeto estático";"Com Vítimas Feridas";"Pleno dia";"Decrescente";"Céu Claro";"Dupla";"Curva";"Não";1;0;0;1;0;0;1;1;-21,7911;-43,4152;"SPRF-MG";"DEL05-MG";"UOP01-DEL05-MG"
127991;2018-04-15;"domingo";"08:10:00";"SP";153;39,7;"ONDA VERDE";"Falta de Atenção à Condução";"Colisão transversal";"Com Vítimas Feridas";"Pleno dia";"Crescente";"Nublado";"Simples";"Interseção de Vias";"Não";4;0;0;1;3;0;1;2;-20,61710996;-49,33346272;"SPRF-SP";"DEL09-SP";"UOP01-DEL09-SP"
127992;2018-04-15;"domingo";"08:30:00";"PE";232;32,1;"MORENO";"Ingestão de Álcool";"Colisão com objeto estático";"Com Vítimas Feridas";"Pleno dia";"Decrescente";"Chuva";"Dupla";"Curva";"Sim";2;0;1;0;0;1;1;2;-8,10482574;-35,16920507;"SPRF-PE";"DEL01-PE";"UOP02-DEL02PE"
127994;2018-03-01;"quinta-feira";"08:00:00";"MG";116;510;"UBAPORANGA";"Falta de Atenção à Condução";"Tombamento";"Com Vítimas Feridas";"Pleno dia";"Decrescente";"Céu Claro";"Simples";"Reta";"Não";1;0;0;1;0;0;1;1;-19,63897008;-42,10633099;"SPRF-MG";"DEL06-MG";"UOP02-DEL06-MG"
127995;2018-04-15;"domingo";"08:10:00";"DF";70;3,5;"BRASILIA";"Velocidade Incompatível";"Saída de leito carroçável";"Sem Vítimas";"Pleno dia";"Decrescente";"Nublado";"Dupla";"Reta";"Sim";2;0;0;0;0;2;0;1;-15,80105448;-48,08588147;"SPRF-DF";"DEL01-DF";"UOP02-DEL03-DF"
127997;2018-04-15;"domingo";"07:50:00";"MS";158;296;"TRES LAGOAS";"Ingestão de Álcool";"Colisão com objeto estático";"Com Vítimas Feridas";"Pleno dia";"Crescente";"Céu Claro";"Dupla";"Curva";"Não";2;0;2;0;0;0;2;1;-20,819618;-51,725964;"SPRF-MS";"DEL07-MS";"UOP01-DEL07-MS"
127999;2018-04-15;"domingo";"09:00:00";"MG";40;771,2;"JUIZ DE FORA";"Falta de Atenção à Condução";"Colisão traseira";"Com Vítimas Feridas";"Pleno dia";"Crescente";"Céu Claro";"Dupla";"Reta";"Não";2;0;1;0;1;0;1;2;-21,6341;-43,4421;"SPRF-MG";"DEL05-MG";"UOP01-DEL05-MG"
128000;2018-04-15;"domingo";"09:00:00";"PE";232;110;"BEZERROS";"Fenômenos da Natureza";"Saída de leito carroçável";"Com Vítimas Feridas";"Pleno dia";"Crescente";"Nublado";"Dupla";"Curva";"Não";2;0;2;0;0;0;2;1;-8,26199031;-35,78892946;"SPRF-PE";"DEL02-PE";"UOP03-DEL02-PE"
128001;2018-04-15;"domingo";"04:40:00";"SP";381;90;"GUARULHOS";"Não guardar distância de segurança";"Colisão traseira";"Com Vítimas Feridas";"Amanhecer";"Crescente";"Garoa/Chuvisco";"Múltipla";"Reta";"Sim";3;0;2;0;1;0;2;2;-23,5003441;-46,558215;"SPRF-SP";"DEL03-SP";"DEL6/3-UOP03/SP"
128002;2018-04-15;"domingo";"06:00:00";"RS";290;35,8;"SANTO ANTONIO DA PATRULHA";"Desobediência às normas de trânsito pelo condutor";"Saída de leito carroçável";"Sem Vítimas";"Amanhecer";"Decrescente";"Nublado";"Dupla";"Reta";"Não";1;0;0;0;0;1;0;1;-29,88513599;-50,6146118;"SPRF-RS";"DEL03-RS";"UOP02-DEL03-RS"
128003;2018-04-15;"domingo";"09:50:00";"BA";116;829;"VITORIA DA CONQUISTA";"Não guardar distância de segurança";"Colisão lateral";"Com Vítimas Feridas";"Pleno dia";"Decrescente";"Nublado";"Simples";"Interseção de Vias";"Não";3;0;1;0;2;0;1;2;-14,90637322;-40,87203607;"SPRF-BA";"DEL08-BA";"UOP01-DEL08-BA"
128004;2018-04-15;"domingo";"09:00:00";"RJ";116;182,4;"NOVA IGUACU";"Falta de Atenção à Condução";"Colisão frontal";"Com Vítimas Feridas";"Pleno dia";"Crescente";"Céu Claro";"Dupla";"Reta";"Sim";2;0;0;1;1;0;1;2;-22,73751713;-43,48928332;"SPRF-RJ";"DEL01-RJ";"UOP02-DEL01-RJ"
128005;2018-04-15;"domingo";"09:15:00";"SP";116;340;"JUQUITIBA";"Velocidade Incompatível";"Saída de leito carroçável";"Com Vítimas Feridas";"Pleno dia";"Decrescente";"Chuva";"Dupla";"Declive;Curva";"Não";1;0;1;0;0;0;1;1;-24,00748269;-47,15940893;"SPRF-SP";"DEL04-SP";"UOP03-DEL04-SP"
128006;2018-04-15;"domingo";"09:55:00";"SC";101;41,1;"JOINVILLE";"Velocidade Incompatível";"Colisão com objeto estático";"Com Vítimas Feridas";"Pleno dia";"Crescente";"Garoa/Chuvisco";"Dupla";"Curva";"Não";5;0;3;0;2;0;3;3;-26,324;-48,8672;"SPRF-SC";"DEL03-SC";"UOP01-DEL03-SC"
128008;2018-04-14;"sábado";"18:00:00";"MT";70;683,5;"CACERES";"Pista Escorregadia";"Saída de leito carroçável";"Sem Vítimas";"Plena Noite";"Crescente";"Chuva";"Simples";"Curva";"Não";1;0;0;0;1;0;0;1;-16,139818;-57,331184;"SPRF-MT";"DEL03-MT";"UOP02-DEL03-MT"
128009;2018-04-15;"domingo";"07:30:00";"PI";316;415;"MARCOLANDIA";"Falta de Atenção à Condução";"Colisão transversal";"Com Vítimas Feridas";"Pleno dia";"Decrescente";"Céu Claro";"Simples";"Reta";"Sim";4;0;0;2;2;0;2;2;-7,43213458;-40,68366051;"SPRF-PI";"DEL04-PI";"UOP03-DEL04-PI"
128010;2018-04-15;"domingo";"08:20:00";"GO";364;196,9;"JATAI";"Animais na Pista";"Atropelamento de Animal";"Com Vítimas Feridas";"Pleno dia";"Decrescente";"Céu Claro";"Dupla";"Reta";"Sim";1;0;1;0;0;0;1;1;-17,917234;-51,720665;"SPRF-GO";"DEL05-GO";"UOP01-DEL05-GO"
128011;2018-04-15;"domingo";"10:30:00";"RJ";0;0;"PETROPOLIS";"Avarias e/ou desgaste excessivo no pneu";"Saída de leito carroçável";"Com Vítimas Feridas";"Pleno dia";"Não Informado";"Nublado";"Simples";"Curva";"Não";2;0;1;0;1;0;1;1;-22,47703906;-43,21809053;"SPRF-RJ";"DEL06-RJ";"UOP01-DEL06-RJ"
128012;2018-04-15;"domingo";"10:00:00";"PE";232;165,6;"TACAIMBO";"Restrição de Visibilidade";"Saída de leito carroçável";"Com Vítimas Feridas";"Pleno dia";"Decrescente";"Chuva";"Simples";"Aclive";"Não";5;0;3;1;1;0;4;1;-8,336922;-36,300231;"SPRF-PE";"DEL02-PE";"UOP03-DEL02-PE"
128013;2018-04-15;"domingo";"08:40:00";"SC";470;104;"APIUNA";"Falta de Atenção à Condução";"Colisão traseira";"Com Vítimas Feridas";"Pleno dia";"Crescente";"Chuva";"Simples";"Reta";"Sim";3;0;1;0;2;0;1;2;-27,06135;-49,410408;"SPRF-SC";"DEL04-SC";"UOP02-DEL04-SC"
128014;2018-04-15;"domingo";"10:20:00";"RS";470;187;"VERANOPOLIS";"Desobediência às normas de trânsito pelo condutor";"Colisão lateral";"Sem Vítimas";"Pleno dia";"Crescente";"Céu Claro";"Simples";"Declive;Curva";"Não";2;0;0;0;2;0;0;2;-29,00952558;-51,563977;"SPRF-RS";"DEL06-RS";"UOP02-DEL06-RS"
128015;2018-04-15;"domingo";"11:10:00";"SC";470;300,7;"CAMPOS NOVOS";"Velocidade Incompatível";"Capotamento";"Com Vítimas Feridas";"Pleno dia";"Decrescente";"Nublado";"Simples";"Curva";"Não";2;0;1;0;1;0;1;1;-27,372538;-51,046467;"SPRF-SC";"DEL07-SC";"UOP06-DEL07-SC"
128016;2018-04-15;"domingo";"10:30:00";"MS";163;256,9;"DOURADOS";"Falta de Atenção à Condução";"Tombamento";"Com Vítimas Feridas";"Pleno dia";"Decrescente";"Nublado";"Dupla";"Declive";"Sim";1;0;1;0;0;0;1;1;-22,25796126;-54,79225159;"SPRF-MS";"DEL04-MS";"UOP01-DEL04-MS"
128018;2018-04-15;"domingo";"11:20:00";"ES";101;216,8;"IBIRACU";"Falta de Atenção à Condução";"Colisão traseira";"Com Vítimas Feridas";"Pleno dia";"Decrescente";"Nublado";"Simples";"Reta";"Não";3;0;2;0;1;0;2;2;-19,83738472;-40,38104296;"SPRF-ES";"DEL02-ES";"UOP01-DEL02-ES"