"id";"data_inversa";"dia_semana";"horario";"uf";"br";"km";"municipio";"causa_acidente";"tipo_acidente";"classificacao_acidente";"fase_dia";"sentido_via";"condicao_metereologica";"tipo_pista";"tracado_via";"uso_solo";"pessoas";"mortos";"feridos_leves";"feridos_graves";"ilesos";"ignorados";"feridos";"veiculos";"latitude";"longitude";"regional";"delegacia";"uop"
128019;2018-04-15;"domingo";"10:30:00";"RJ";40;113,4;"DUQUE DE CAXIAS";"Pista Escorregadia";"Engavetamento";"Com Vítimas Feridas";"Pleno dia";"Decrescente";"Chuva";"Múltipla";"Reta";"Sim";5;0;2;0;3;0;2;4;-22,71909;-43,28964;"SPRF-RJ";"DEL01-RJ";"UOP01-DEL01-RJ"
128023;2018-04-15;"domingo";"12:20:00";"PA";163;1000;"SANTAREM";"Desobediência às normas de trânsito pelo condutor";"Colisão transversal";"Com Vítimas Feridas";"Pleno dia";"Decrescente";"Sol";"Simples";"Interseção de Vias";"Não";2;0;1;0;1;0;1;2;-2,45564706;-54,7287342;"SPRF-PA";"DEL05-PA";"UOP01-DEL05-PA"
128024;2018-04-15;"domingo";"11:00:00";"RJ";101;232;"SILVA JARDIM";"Falta de Atenção à Condução";"Colisão com objeto estático";"Com Vítimas Feridas";"Pleno dia";"Decrescente";"Chuva";"Dupla";"Reta";"Não";2;0;1;0;1;0;1;1;-22,585543;-42,384693;"SPRF-RJ";"DEL02-RJ";"UOP03-DEL02-RJ"
128025;2018-04-15;"domingo";"12:45:00";"MG";40;677,9;"CARANDAI";"Falta de Atenção à Condução";"Saída de leito carroçável";"Com Vítimas Feridas";"Pleno dia";"Decrescente";"Céu Claro";"Simples";"Reta";"Não";3;0;1;2;0;0;3;1;-21,04122819;-43,76226783;"SPRF-MG";"DEL05-MG";"UOP02-DEL05-MG"
128027;2018-04-15;"domingo";"11:20:00";"RO";319;63,4;"PORTO VELHO";"Desobediência às normas de trânsito pelo condutor";"Colisão transversal";"Com Vítimas Feridas";"Pleno dia";"Decrescente";"Sol";"Dupla";"Reta";"Sim";4;0;1;1;2;0;2;2;-8,7610085;-63,88537467;"SPRF-RO";"DEL01-RO";"UOP01-DEL01-RO"
128028;2018-04-15;"domingo";"10:20:00";"BA";101;761,8;"ITABELA";"Avarias e/ou desgaste excessivo no pneu";"Saída de leito carroçável";"Com Vítimas Feridas";"Pleno dia";"Crescente";"Garoa/Chuvisco";"Simples";"Reta";"Não";3;0;1;0;2;0;1;1;-16,68454171;-39,48486328;"SPRF-BA";"DEL09-BA";"UOP01-DEL09-BA"
128029;2018-04-15;"domingo";"12:20:00";"BA";324;612;"SALVADOR";"Velocidade Incompatível";"Colisão com objeto estático";"Com Vítimas Feridas";"Pleno dia";"Decrescente";"Céu Claro";"Dupla";"Declive;Reta";"Sim";1;0;1;0;0;0;1;1;-12,85834923;-38,42148408;"SPRF-BA";"DEL01-BA";"UOP01-DEL01-BA"
128030;2018-04-15;"domingo";"11:50:00";"MG";146;519,1;"POCOS DE CALDAS";"Desobediência às normas de trânsito pelo condutor";"Colisão traseira";"Com Vítimas Feridas";"Pleno dia";"Decrescente";"Nublado";"Simples";"Reta";"Sim";2;0;0;1;1;0;1;2;-21,807525;-46,485114;"SPRF-MG";"DEL09-MG";"UOP01-DEL09-MG"
128031;2018-04-15;"domingo";"12:30:00";"MG";116;529,2;"CARATINGA";"Desobediência às normas de trânsito pelo condutor";"Colisão transversal";"Com Vítimas Feridas";"Pleno dia";"Decrescente";"Nublado";"Dupla";"Interseção de Vias";"Sim";3;0;1;0;2;0;1;2;-19,791864;-42,137151;"SPRF-MG";"DEL06-MG";"UOP02-DEL06-MG"
128033;2018-04-15;"domingo";"12:40:00";"BA";110;377;"CATU";"Falta de Atenção à Condução";"Capotamento";"Com Vítimas Feridas";"Pleno dia";"Crescente";"Sol";"Dupla";"Reta";"Não";1;0;1;0;0;0;1;1;-12,3839541;-38,3884991;"SPRF-BA";"DEL01-BA";"UOP01-DEL01-BA"
128035;2018-04-13;"sexta-feira";"05:10:00";"SC";101;413,8;"ARARANGUA";"Ingestão de Álcool";"Colisão com objeto estático";"Com Vítimas Feridas";"Plena Noite";"Crescente";"Nublado";"Simples";"Rotatória";"Sim";1;0;1;0;0;0;1;1;-28,9491801;-49,50677097;"SPRF-SC";"DEL02-SC";"UOP02-DEL02-SC"
128036;2018-04-15;"domingo";"13:10:00";"SP";488;0,1;"APARECIDA";"Falta de Atenção à Condução";"Colisão lateral";"Com Vítimas Feridas";"Pleno dia";"Crescente";"Chuva";"Dupla";"Reta;Retorno Regulamentado";"Sim";2;0;1;0;1;0;1;2;-22,85586234;-45,2328769;"SPRF-SP";"DEL08-SP";"UOP01-DEL08-SP"
128037;2018-04-15;"domingo";"09:15:00";"RO";364;591,1;"ITAPUA DO OESTE";"Defeito na Via";"Danos eventuais";"Com Vítimas Feridas";"Pleno dia";"Crescente";"Sol";"Simples";"Reta";"Não";2;0;2;0;0;0;2;1;-9,301123;-63,151093;"SPRF-RO";"DEL03-RO";"UOP04-DEL01-RO"
128038;2018-04-15;"domingo";"13:30:00";"GO";60;45;"ALEXANIA";"Falta de Atenção à Condução";"Capotamento";"Com Vítimas Feridas";"Pleno dia";"Decrescente";"Nublado";"Dupla";"Reta";"Não";4;0;3;0;1;0;3;1;-16,1324;-48,5977;"SPRF-GO";"DEL02-GO";"UOP01-DEL02-GO"
128041;2018-04-15;"domingo";"13:50:00";"MG";50;53;"ARAGUARI";"Pista Escorregadia";"Colisão com objeto estático";"Com Vítimas Feridas";"Pleno dia";"Crescente";"Chuva";"Dupla";"Curva";"Não";2;0;1;0;1;0;1;1;-18,76319419;-48,24451448;"SPRF-MG";"DEL15-MG";"UOP02-DEL15-MG"
128042;2018-04-15;"domingo";"14:00:00";"SP";116;363,9;"MIRACATU";"Velocidade Incompatível";"Saída de leito carroçável";"Com Vítimas Feridas";"Pleno dia";"Crescente";"Chuva";"Dupla";"Curva";"Não";1;0;1;0;0;0;1;1;-24,13922481;-47,27333039;"SPRF-SP";"DEL04-SP";"UOP03-DEL04-SP"
128044;2018-04-15;"domingo";"14:40:00";"PR";369;138,7;"IBIPORA";"Desobediência às normas de trânsito pelo condutor";"Colisão transversal";"Com Vítimas Feridas";"Pleno dia";"Crescente";"Nublado";"Simples";"Interseção de Vias";"Sim";5;0;4;0;1;0;4;2;-23,273621;-51,05609;"SPRF-PR";"DEL07-PR";"UOP01-DEL07-PR"
128045;2018-04-15;"domingo";"13:25:00";"PB";230;66;"SAO MIGUEL DE TAIPU";"Fenômenos da Natureza";"Saída de leito carroçável";"Com Vítimas Feridas";"Pleno dia";"Crescente";"Chuva";"Dupla";"Aclive;Curva";"Não";3;0;2;0;1;0;2;1;-7,185026;-35,19791;"SPRF-PB";"DEL01-PB";"UOP03-DEL01-PB"
128046;2018-04-15;"domingo";"14:20:00";"PA";230;114;"MARABA";"Pista Escorregadia";"Colisão transversal";"Com Vítimas Feridas";"Pleno dia";"Decrescente";"Céu Claro";"Simples";"Reta";"Sim";2;0;1;0;1;0;1;2;-5,364642;-49,066322;"SPRF-PA";"DEL03-PA";"UOP01-DEL03-PA"
128047;2018-04-15;"domingo";"08:45:00";"RJ";101;144;"MACAE";"Pista Escorregadia";"Colisão com objeto estático";"Sem Vítimas";"Pleno dia";"Crescente";"Chuva";"Simples";"Reta";"Não";1;0;0;0;1;0;0;1;-22,21702626;-41,75727367;"SPRF-RJ";"DEL02-RJ";"UOP04-DEL08-RJ"
128049;2018-04-15;"domingo";"14:00:00";"MG";381;513,5;"IGARAPE";"Velocidade Incompatível";"Colisão com objeto estático";"Com Vítimas Feridas";"Pleno dia";"Crescente";"Sol";"Dupla";"Reta";"Sim";2;0;2;0;0;0;2;1;-20,0831;-44,3086;"SPRF-MG";"DEL01-MG";"UOP03-DEL01-MG"
128050;2018-04-15;"domingo";"11:45:00";"MG";262;362,5;"JUATUBA";"Velocidade Incompatível";"Saída de leito carroçável";"Com Vítimas Feridas";"Pleno dia";"Decrescente";"Céu Claro";"Dupla";"Reta";"Não";1;0;1;0;0;0;1;1;-19,9723;-44,2986;"SPRF-MG";"DEL01-MG";"UOP03-DEL01-MG"
128051;2018-04-15;"domingo";"14:40:00";"CE";20;426,5;"FORTALEZA";"Ingestão de Álcool";"Colisão transversal";"Sem Vítimas";"Pleno dia";"Crescente";"Céu Claro";"Simples";"Interseção de Vias";"Não";3;0;0;0;2;1;0;2;-3,8634214;-38,5232124;"SPRF-CE";"DEL01-CE";"UOP02-DEL01-CE"
128052;2018-04-15;"domingo";"14:50:00";"ES";101;264,5;"SERRA";"Falta de Atenção à Condução";"Colisão transversal";"Sem Vítimas";"Pleno dia";"Decrescente";"Céu Claro";"Dupla";"Reta";"Sim";2;0;0;0;2;0;0;2;-20,17708508;-40,26582599;"SPRF-ES";"DEL02-ES";"UOP01-DEL02-ES"
128054;2018-04-15;"domingo";"14:30:00";"MG";381;498,5;"BETIM";"Falta de Atenção à Condução";"Colisão traseira";"Com Vítimas Feridas";"Pleno dia";"Crescente";"Céu Claro";"Dupla";"Interseção de Vias";"Sim";2;0;1;0;1;0;1;2;-19,9954;-44,208;"SPRF-MG";"DEL01-MG";"UOP03-DEL01-MG"
128055;2018-04-15;"domingo";"11:20:00";"CE";230;54,4;"LAVRAS DA MANGABEIRA";"Defeito na Via";"Colisão traseira";"Com Vítimas Feridas";"Pleno dia";"Crescente";"Céu Claro";"Simples";"Curva";"Não";5;0;2;1;2;0;3;2;-6,76847447;-39,09109354;"SPRF-CE";"DEL05-CE";"UOP01-DEL05-CE"
128056;2018-04-15;"domingo";"14:30:00";"RJ";116;212;"PARACAMBI";"Pista Escorregadia";"Colisão com objeto estático";"Com Vítimas Feridas";"Pleno dia";"Crescente";"Chuva";"Dupla";"Reta";"Não";2;0;1;0;1;0;1;1;-22,713438;-43,734085;"SPRF-RJ";"DEL01-RJ";"UOP03-DEL01-RJ"
128057;2018-04-15;"domingo";"14:15:00";"GO";153;511,8;"APARECIDA DE GOIANIA";"Não guardar distância de segurança";"Colisão lateral";"Com Vítimas Feridas";"Pleno dia";"Crescente";"Nublado";"Múltipla";"Reta";"Sim";3;0;1;0;2;0;1;2;-16,80577355;-49,23957467;"SPRF-GO";"DEL01-GO";"UOP03-DEL01-GO"
128058;2018-04-15;"domingo";"11:35:00";"MG";381;693,4;"LAVRAS";"Objeto estático sobre o leito carroçável";"Colisão com objeto estático";"Sem Vítimas";"Pleno dia";"Decrescente";"Nublado";"Dupla";"Declive;Curva";"Não";1;0;0;0;1;0;0;1;-21,2304221;-45,13389587;"SPRF-MG";"DEL04-MG";"UOP02-DEL04-MG"
128060;2018-04-15;"domingo";"15:25:00";"PR";376;158,7;"MANDAGUACU";"Falta de Atenção à Condução";"Colisão traseira";"Com Vítimas Feridas";"Pleno dia";"Decrescente";"Céu Claro";"Dupla";"Reta";"Não";2;0;1;0;1;0;1;2;-23,36179824;-52,08546549;"SPRF-PR";"DEL07-PR";"UOP01-DEL09-PR"
128061;2018-04-15;"domingo";"15:20:00";"PA";10;10;"DOM ELISEU";"Ultrapassagem Indevida";"Saída de leito carroçável";"Com Vítimas Feridas";"Pleno dia";"Decrescente";"Céu Claro";"Simples";"Reta";"Não";1;0;1;0;0;0;1;1;-4,354261;-47,536766;"SPRF-PA";"DEL02-PA";"UOP02-DEL02-PA"
128062;2018-04-15;"domingo";"14:45:00";"GO";153;516,7;"APARECIDA DE GOIANIA";"Pista Escorregadia";"Capotamento";"Com Vítimas Feridas";"Pleno dia";"Crescente";"Chuva";"Dupla";"Reta";"Sim";1;0;1;0;0;0;1;1;-16,8504;-49,2473;"SPRF-GO";"DEL01-GO";"UOP03-DEL01-GO"
128063;2018-04-15;"domingo";"11:50:00";"RJ";116;262,1;"BARRA MANSA";"Velocidade Incompatível";"Capotamento";"Com Vítimas Feridas";"Pleno dia";"Decrescente";"Céu Claro";"Dupla";"Curva";"Não";3;0;3;0;0;0;3;1;-22,58202;-44,11018;"SPRF-RJ";"DEL07-RJ";"UOP02-DEL07-RJ"
128065;2018-04-15;"domingo";"14:55:00";"RS";386;393,4;"TRIUNFO";"Velocidade Incompatível";"Saída de leito carroçável";"Com Vítimas Feridas";"Pleno dia";"Crescente";"Sol";"Dupla";"Curva";"Não";2;0;2;0;0;0;2;1;-29,714465;-51,647614;"SPRF-RS";"DEL04-RS";"UOP02-DEL04-RS"
128066;2018-04-15;"domingo";"15:40:00";"MG";40;139,2;"JOAO PINHEIRO";"Velocidade Incompatível";"Saída de leito carroçável";"Com Vítimas Feridas";"Pleno dia";"Decrescente";"Chuva";"Simples";"Curva";"Não";1;0;1;0;0;0;1;1;-17,73886521;-46,20095667;"SPRF-MG";"DEL14-MG";"UOP01-DEL14-MG"
128067;2018-04-15;"domingo";"11:40:00";"PA";10;321;"SAO MIGUEL DO GUAMA";"Mal Súbito";"Incêndio";"Sem Vítimas";"Pleno dia";"Decrescente";"Céu Claro";"Simples";"Reta";"Sim";1;0;0;0;1;0;0;1;-1,627098;-47,481216;"SPRF-PA";"DEL01-PA";"UOP02-DEL01-PA"
128070;2018-04-15;"domingo";"15:40:00";"SC";101;195;"BIGUACU";"Ingestão de Álcool";"Tombamento";"Com Vítimas Feridas";"Pleno dia";"Crescente";"Céu Claro";"Dupla";"Reta";"Sim";1;0;0;1;0;0;1;1;-27,511;-48,643;"SPRF-SC";"DEL01-SC";"UOP01-DEL01-SC"
128071;2018-04-15;"domingo";"16:25:00";"MG";267;120,9;"JUIZ DE FORA";"Ingestão de Álcool";"Colisão traseira";"Sem Vítimas";"Pleno dia";"Decrescente";"Chuva";"Simples";"Reta";"Não";2;0;0;0;2;0;0;2;-21,771578;-43,29119;"SPRF-MG";"DEL05-MG";"UOP01-DEL05-MG"
128072;2018-04-15;"domingo";"16:05:00";"GO";60;192;"GUAPO";"Falta de Atenção à Condução";"Colisão com objeto estático";"Sem Vítimas";"Pleno dia";"Decrescente";"Chuva";"Dupla";"Reta";"Não";1;0;0;0;1;0;0;1;-16,8429;-49,5503;"SPRF-GO";"DEL01-GO";"UOP02-DEL01-GO"
128074;2018-04-15;"domingo";"16:40:00";"ES";101;447,5;"MIMOSO DO SUL";"Velocidade Incompatível";"Tombamento";"Com Vítimas Fatais";"Pleno dia";"Crescente";"Chuva";"Simples";"Curva";"Não";1;1;0;0;0;0;0;1;-21,12934558;-41,28052443;"SPRF-ES";"DEL03-ES";"UOP02-DEL03-ES"
128075;2018-04-15;"domingo";"16:10:00";"PR";373;229,6;"IMBITUVA";"Falta de Atenção à Condução";"Colisão transversal";"Com Vítimas Feridas";"Pleno dia";"Crescente";"Nublado";"Simples";"Reta;Interseção de Vias;Aclive";"Sim";2;0;0;1;1;0;1;2;-25,178418;-50,652858;"SPRF-PR";"DEL03-PR";"UOP01-DEL03-PR"
128078;2018-04-15;"domingo";"17:20:00";"RJ";101;37;"CAMPOS DOS GOYTACAZES";"Falta de Atenção à Condução";"Colisão frontal";"Com Vítimas Feridas";"Anoitecer";"Crescente";"Chuva";"Simples";"Reta";"Não";6;0;6;0;0;0;6;2;-21,532354;-41,339918;"SPRF-RJ";"DEL08-RJ";"UOP01-DEL08-RJ"
128080;2018-04-15;"domingo";"14:10:00";"MT";163;991;"TERRA NOVA DO NORTE";"Ultrapassagem Indevida";"Colisão frontal";"Com Vítimas Feridas";"Pleno dia";"Decrescente";"Céu Claro";"Simples";"Reta";"Não";2;0;0;1;1;0;1;2;-10,5364206;-55,08270264;"SPRF-MT";"DEL06-MT";"UOP02-DEL06-MT"
128081;2018-04-15;"domingo";"17:20:00";"RN";304;248,5;"SANTA MARIA";"Velocidade Incompatível";"Colisão frontal";"Com Vítimas Feridas";"Anoitecer";"Crescente";"Chuva";"Simples";"Reta";"Não";5;0;4;1;0;0;5;2;-5,828111;-35,767139;"SPRF-RN";"DEL01-RN";"UOP02-DEL01-RN"
128082;2018-04-15;"domingo";"17:30:00";"PE";428;182;"PETROLINA";"Falta de Atenção à Condução";"Colisão traseira";"Com Vítimas Feridas";"Pleno dia";"Crescente";"Céu Claro";"Simples";"Reta";"Sim";2;0;0;1;1;0;1;2;-9,32638;-40,46327;"SPRF-PE";"DEL06-PE";"UOP01-DEL06-PE"
128083;2018-04-15;"domingo";"17:20:00";"GO";40;5;"VALPARAISO DE GOIAS";"Falta de Atenção à Condução";"Colisão transversal";"Com Vítimas Feridas";"Anoitecer";"Crescente";"Céu Claro";"Dupla";"Reta";"Sim";2;0;0;1;1;0;1;2;-16,09351962;-47,982072;"SPRF-DF";"DEL01-DF";"UOP01-DEL01-DF"
128085;2018-04-15;"domingo";"14:20:00";"PB";230;127,7;"CAMPINA GRANDE";"Falta de Atenção à Condução";"Saída de leito carroçável";"Com Vítimas Feridas";"Pleno dia";"Crescente";"Nublado";"Dupla";"Reta";"Não";1;0;1;0;0;0;1;1;-7,261562;-35,712012;"SPRF-PB";"DEL02-PB";"UOP01-DEL02-PB"
128086;2018-04-15;"domingo";"16:35:00";"PE";232;419,5;"SERRA TALHADA";"Falta de Atenção à Condução";"Colisão traseira";"Com Vítimas Feridas";"Pleno dia";"Crescente";"Céu Claro";"Simples";"Reta";"Não";4;0;1;0;3;0;1;2;-7,99964686;-38,37785661;"SPRF-PE";"DEL04-PE";"UOP01-DEL04-PE"
128087;2018-04-15;"domingo";"14:30:00";"ES";262;192;"IUNA";"Falta de Atenção à Condução";"Capotamento";"Com Vítimas Feridas";"Pleno dia";"Crescente";"Nublado";"Simples";"Curva";"Não";1;0;0;1;0;0;1;1;-20,28336722;-41,76394165;"SPRF-ES";"DEL01-ES";"UOP02-DEL01-ES"
128088;2018-04-15;"domingo";"15:30:00";"PA";316;78;"CASTANHAL";"Desobediência às normas de trânsito pelo condutor";"Saída de leito carroçável";"Com Vítimas Feridas";"Pleno dia";"Crescente";"Chuva";"Simples";"Curva";"Não";1;0;1;0;0;0;1;1;-1,30406;-47,779755;"SPRF-PA";"DEL01-PA";"UOP01-DEL01-PA"
128089;2018-04-15;"domingo";"16:30:00";"MG";40;510;"RIBEIRAO DAS NEVES";"Não guardar distância de segurança";"Engavetamento";"Sem Vítimas";"Pleno dia";"Crescente";"Chuva";"Dupla";"Reta";"Sim";3;0;0;0;3;0;0;3;-19,77237374;-44,12550545;"SPRF-MG";"DEL01-MG";"UOP03-DEL01-MG"
128092;2018-04-15;"domingo";"15:30:00";"RN";226;276,6;"TRIUNFO POTIGUAR";"Falta de Atenção à Condução";"Colisão transversal";"Com Vítimas Fatais";"Pleno dia";"Decrescente";"Chuva";"Simples";"Reta";"Não";2;1;0;0;1;0;0;2;-5,85960461;-37,19628355;"SPRF-RN";"DEL03-RN";"UOP01-DEL03-RN"
128094;2018-04-15;"domingo";"18:05:00";"SE";101;185;"UMBAUBA";"Animais na Pista";"Atropelamento de Animal";"Com Vítimas Feridas";"Anoitecer";"Crescente";"Nublado";"Simples";"Reta";"Sim";2;0;0;1;1;0;1;2;-11,42988851;-37,72773743;"SPRF-SE";"DEL02-SE";"UOP03-DEL02-SE"
128095;2018-04-15;"domingo";"18:00:00";"PR";369;105,8;"URAI";"Falta de Atenção à Condução";"Colisão lateral";"Com Vítimas Feridas";"Anoitecer";"Crescente";"Nublado";"Simples";"Reta";"Não";6;0;4;0;2;0;4;2;-23,25723657;-50,76826919;"SPRF-PR";"DEL07-PR";"UOP05-DEL07-PR"
128096;2018-04-15;"domingo";"17:57:00";"GO";40;10;"LUZIANIA";"Desobediência às normas de trânsito pelo condutor";"Colisão frontal";"Com Vítimas Feridas";"Anoitecer";"Crescente";"Céu Claro";"Dupla";"Reta";"Sim";6;0;2;0;4;0;2;2;-16,131285;-47,957923;"SPRF-DF";"DEL01-DF";"UOP01-DEL01-DF"
128097;2018-04-15;"domingo";"17:30:00";"ES";262;114;"VENDA NOVA DO IMIGRANTE";"Ingestão de Álcool";"Colisão frontal";"Com Vítimas Feridas";"Pleno dia";"Crescente";"Céu Claro";"Simples";"Reta";"Sim";3;0;2;1;0;0;3;2;-20,32590498;-41,20949686;"SPRF-ES";"DEL01-ES";"UOP02-DEL01-ES"
128098;2018-03-29;"quinta-feira";"21:00:00";"MG";262;492,1;"MOEMA";"Falta de Atenção à Condução";"Colisão transversal";"Com Vítimas Feridas";"Plena Noite";"Decrescente";"Céu Claro";"Simples";"Rotatória";"Não";3;0;2;0;1;0;2;2;-19,78479575;-45,3968811;"SPRF-MG";"DEL08-MG";"UOP03-DEL08-MG"
128099;2018-04-15;"domingo";"18:26:00";"SE";101;148,6;"ESTANCIA";"Ingestão de Álcool";"Colisão frontal";"Com Vítimas Feridas";"Plena Noite";"Decrescente";"Céu Claro";"Simples";"Reta";"Não";2;0;0;1;1;0;1;2;-11,2435;-37,4325;"SPRF-SE";"DEL02-SE";"UOP01-DEL02-SE"
128100;2018-04-15;"domingo";"18:25:00";"PI";316;8,3;"TERESINA";"Desobediência às normas de trânsito pelo condutor";"Atropelamento de Pedestre";"Com Vítimas Feridas";"Plena Noite";"Crescente";"Nublado";"Simples";"Reta";"Sim";2;0;0;1;1;0;1;2;-5,17217788;-42,76692152;"SPRF-PI";"DEL01-PI";"UOP02-DEL01-PI"
128105;2018-04-15;"domingo";"18:45:00";"SP";116;218,9;"GUARULHOS";"Falta de Atenção à Condução";"Colisão traseira";"Com Vítimas Feridas";"Plena Noite";"Crescente";"Nublado";"Múltipla";"Reta";"Sim";3;0;1;0;2;0;1;2;-23,4618901;-46,4913803;"SPRF-SP";"DEL01-SP";"UOP01-DEL01-SP"
128108;2018-04-15;"domingo";"17:30:00";"MG";40;387;"CURVELO";"Pista Escorregadia";"Saída de leito carroçável";"Com Vítimas Feridas";"Anoitecer";"Crescente";"Chuva";"Simples";"Declive";"Não";3;0;3;0;0;0;3;1;-18,922731;-44,683674;"SPRF-MG";"DEL02-MG";"UOP01-DEL02-MG"
128111;2018-04-15;"domingo";"17:45:00";"MG";459;19,5;"CALDAS";"Velocidade Incompatível";"Saída de leito carroçável";"Com Vítimas Feridas";"Anoitecer";"Decrescente";"Chuva";"Simples";"Curva";"Não";2;0;1;0;1;0;1;1;-21,861633;-46,422085;"SPRF-MG";"DEL09-MG";"UOP01-DEL09-MG"
128112;2018-04-15;"domingo";"18:45:00";"PR";376;188;"MARIALVA";"Animais na Pista";"Atropelamento de Animal";"Com Vítimas Feridas";"Plena Noite";"Crescente";"Céu Claro";"Dupla";"Reta";"Não";2;0;0;1;1;0;1;2;-23,4631676;-51,83426857;"SPRF-PR";"DEL07-PR";"UOP01-DEL09-PR"
128113;2018-04-15;"domingo";"18:50:00";"RS";471;194;"PANTANO GRANDE";"Falta de Atenção à Condução";"Colisão transversal";"Com Vítimas Feridas";"Plena Noite";"Crescente";"Céu Claro";"Simples";"Interseção de Vias";"Não";9;0;1;0;8;0;1;2;-30,200451;-52,370544;"SPRF-RS";"DEL02-RS";"UOP02-DEL02-RS"
128118;2018-04-15;"domingo";"17:45:00";"BA";101;746,1;"ITABELA";"Não guardar distância de segurança";"Colisão traseira";"Sem Vítimas";"Anoitecer";"Crescente";"Nublado";"Simples";"Reta";"Sim";7;0;0;0;7;0;0;2;-16,57795856;-39,55781937;"SPRF-BA";"DEL09-BA";"UOP01-DEL09-BA"
128120;2018-04-15;"domingo";"19:20:00";"BA";242;788;"BARREIRAS";"Falta de Atenção à Condução";"Colisão transversal";"Com Vítimas Feridas";"Plena Noite";"Crescente";"Céu Claro";"Simples";"Rotatória";"Não";4;0;1;0;3;0;1;2;-12,116726;-44,952907;"SPRF-BA";"DEL10-BA";"UOP01-DEL10-BA"
128121;2018-04-15;"domingo";"17:40:00";"MG";116;245;"TEOFILO OTONI";"Falta de Atenção à Condução";"Colisão transversal";"Com Vítimas Feridas";"Anoitecer";"Decrescente";"Nublado";"Simples";"Reta";"Sim";2;0;1;0;1;0;1;2;-17,59984837;-41,49227142;"SPRF-MG";"DEL11-MG";"UOP01-DEL11-MG"
128122;2018-04-15;"domingo";"19:00:00";"RN";406;145;"CEARA-MIRIM";"Desobediência às normas de trânsito pelo condutor";"Colisão traseira";"Com Vítimas Fatais";"Plena Noite";"Crescente";"Garoa/Chuvisco";"Simples";"Reta";"Não";2;1;0;0;1;0;0;2;-5,64989606;-35,50708294;"SPRF-RN";"DEL02-RN";"UOP01-DEL02-RN"
128124;2018-04-15;"domingo";"18:10:00";"PR";116;126,9;"FAZENDA RIO GRANDE";"Falta de Atenção à Condução";"Engavetamento";"Sem Vítimas";"Anoitecer";"Decrescente";"Garoa/Chuvisco";"Dupla";"Reta";"Sim";5;0;0;0;5;0;0;5;-25,64556157;-49,31259942;"SPRF-PR";"DEL01-PR";"UOP03-DEL01-PR"
128125;2018-04-15;"domingo";"19:00:00";"DF";60;1;"BRASILIA";"Ingestão de álcool e/ou substâncias psicoativas pelo pedestre";"Saída de leito carroçável";"Sem Vítimas";"Plena Noite";"Crescente";"Nublado";"Dupla";"Reta";"Sim";1;0;0;0;1;0;0;1;-15,885093;-48,068954;"SPRF-DF";"DEL01-DF";"UOP01-DEL03-DF"
128126;2018-04-15;"domingo";"17:10:00";"RO";364;234;"CACOAL";"Ingestão de Álcool";"Colisão transversal";"Sem Vítimas";"Pleno dia";"Crescente";"Sol";"Simples";"Reta";"Sim";2;0;0;0;2;0;0;2;-11,45165399;-61,42879307;"SPRF-RO";"DEL02-RO";"UOP02-DEL02-RO"
128127;2018-04-15;"domingo";"18:50:00";"PR";376;115,8;"ALTO PARANA";"Ingestão de Álcool";"Capotamento";"Sem Vítimas";"Anoitecer";"Crescente";"Céu Claro";"Dupla";"Reta";"Não";3;0;0;0;3;0;0;2;-23,093431;-52,384197;"SPRF-PR";"DEL07-PR";"UOP02-DEL09-PR"
128129;2018-04-15;"domingo";"19:20:00";"GO";60;204,7;"GUAPO";"Falta de Atenção à Condução";"Colisão transversal";"Com Vítimas Fatais";"Plena Noite";"Decrescente";"Chuva";"Dupla";"Reta";"Sim";3;1;0;1;1;0;1;2;-16,7909535;-49,5032283;"SPRF-GO";"DEL01-GO";"UOP02-DEL01-GO"
128130;2018-04-15;"domingo";"17:40:00";"SC";282;54,3;"AGUAS MORNAS";"Ingestão de Álcool";"Colisão lateral";"Sem Vítimas";"Anoitecer";"Crescente";"Nublado";"Simples";"Curva";"Não";2;0;0;0;2;0;0;2;-27,68816432;-48,97586692;"SPRF-SC";"DEL01-SC";"UOP03-DEL01-SC"
128131;2018-04-15;"domingo";"19:40:00";"SP";381;41;"ATIBAIA";"Falta de Atenção do Pedestre";"Atropelamento de Pedestre";"Com Vítimas Feridas";"Plena Noite";"Crescente";"Nublado";"Dupla";"Reta";"Não";2;0;1;0;1;0;1;2;-23,16162863;-46,5732336;"SPRF-SP";"DEL03-SP";"UOP01-DEL03-SP"
128133;2018-04-15;"domingo";"18:30:00";"GO";414;368,7;"COCALZINHO DE GOIAS";"Defeito Mecânico no Veículo";"Colisão traseira";"Com Vítimas Feridas";"Plena Noite";"Decrescente";"Chuva";"Simples";"Reta";"Não";4;0;2;1;1;0;3;3;-15,580993;-48,628662;"SPRF-GO";"DEL02-GO";"UOP01-DEL02-GO"
128135;2018-04-15;"domingo";"19:40:00";"DF";40;4;"BRASILIA";"Falta de Atenção à Condução";"Colisão traseira";"Com Vítimas Feridas";"Plena Noite";"Crescente";"Céu Claro";"Dupla";"Reta";"Sim";3;0;1;0;2;0;1;2;-16,012033;-47,982124;"SPRF-DF";"DEL01-DF";"UOP01-DEL01-DF"
128136;2018-04-15;"domingo";"19:45:00";"MG";381;356;"JOAO MONLEVADE";"Velocidade Incompatível";"Colisão frontal";"Com Vítimas Feridas";"Anoitecer";"Decrescente";"Nublado";"Simples";"Curva";"Sim";5;0;5;0;0;0;5;2;-19,84911963;-43,16117909;"SPRF-MG";"DEL03-MG";"UOP01-DEL03-MG"