"id";"data_inversa";"dia_semana";"horario";"uf";"br";"km";"municipio";"causa_acidente";"tipo_acidente";"classificacao_acidente";"fase_dia";"sentido_via";"condicao_metereologica";"tipo_pista";"tracado_via";"uso_solo";"pessoas";"mortos";"feridos_leves";"feridos_graves";"ilesos";"ignorados";"feridos";"veiculos";"latitude";"longitude";"regional";"delegacia";"uop"
128250;2018-04-12;"quinta-feira";"23:30:00";"MG";262;814;"UBERABA";"Falta de Atenção à Condução";"Colisão lateral";"Com Vítimas Feridas";"Plena Noite";"Crescente";"Céu Claro";"Dupla";"Retorno Regulamentado";"Sim";3;0;2;0;1;0;2;2;-19,76475;-48,112064;"SPRF-MG";"DEL13-MG";"UOP01-DEL13-MG"
128252;2018-04-16;"segunda-feira";"07:40:00";"SP";116;410;"JUQUIA";"Pista Escorregadia";"Saída de leito carroçável";"Sem Vítimas";"Pleno dia";"Crescente";"Chuva";"Dupla";"Reta";"Não";1;0;0;0;1;0;0;1;-24,3214;-47,6373;"SPRF-SP";"DEL05-SP";"UOP01-DEL05-SP"
128253;2018-04-16;"segunda-feira";"07:20:00";"RJ";101;312;"SAO GONCALO";"Falta de Atenção à Condução";"Colisão lateral";"Com Vítimas Feridas";"Pleno dia";"Crescente";"Nublado";"Dupla";"Reta";"Não";2;0;1;0;1;0;1;2;-22,805479;-43,061592;"SPRF-RJ";"DEL02-RJ";"DEL5/2-UOP04/RJ"
128254;2018-04-13;"sexta-feira";"18:45:00";"GO";414;0;"ANAPOLIS";"Desobediência às normas de trânsito pelo condutor";"Colisão transversal";"Com Vítimas Feridas";"Plena Noite";"Decrescente";"Céu Claro";"Simples";"Reta";"Sim";2;0;1;0;1;0;1;2;-16,28080274;-48,94254684;"SPRF-GO";"DEL07-GO";"UOP01-DEL07-GO"
128256;2018-04-16;"segunda-feira";"09:00:00";"SC";101;137;"BALNEARIO CAMBORIU";"Falta de Atenção à Condução";"Tombamento";"Com Vítimas Feridas";"Pleno dia";"Crescente";"Sol";"Simples";"Reta";"Sim";1;0;1;0;0;0;1;1;-27,024;-48,6074;"SPRF-SC";"DEL04-SC";"UOP03-DEL04-SC"
128257;2018-04-12;"quinta-feira";"19:10:00";"MT";364;523;"ROSARIO OESTE";"Falta de Atenção à Condução";"Queda de ocupante de veículo";"Com Vítimas Feridas";"Plena Noite";"Crescente";"Céu Claro";"Simples";"Reta";"Não";1;0;1;0;0;0;1;1;-15,067201;-56,517517;"SPRF-MT";"DEL01-MT";"DEL2/4-UOP02/MT"
128259;2018-04-16;"segunda-feira";"08:40:00";"CE";222;4;"CAUCAIA";"Pista Escorregadia";"Colisão transversal";"Sem Vítimas";"Pleno dia";"Crescente";"Chuva";"Múltipla";"Reta";"Sim";2;0;0;0;2;0;0;2;-3,74182985;-38,60669548;"SPRF-CE";"DEL01-CE";"UOP01-DEL01-CE"
128261;2018-04-16;"segunda-feira";"07:15:00";"SP";116;223,4;"GUARULHOS";"Falta de Atenção à Condução";"Colisão traseira";"Com Vítimas Feridas";"Pleno dia";"Decrescente";"Garoa/Chuvisco";"Múltipla";"Reta";"Sim";4;0;2;0;2;0;2;4;-23,47962195;-46,5313375;"SPRF-SP";"DEL01-SP";"UOP01-DEL01-SP"
128263;2018-04-16;"segunda-feira";"09:40:00";"RS";285;456;"IJUI";"Desobediência às normas de trânsito pelo condutor";"Colisão transversal";"Com Vítimas Feridas";"Pleno dia";"Decrescente";"Céu Claro";"Simples";"Interseção de Vias";"Sim";4;0;1;0;3;0;1;2;-28,38905963;-53,89248848;"SPRF-RS";"DEL10-RS";"UOP01-DEL10-RS"
128264;2018-04-16;"segunda-feira";"08:00:00";"BA";101;213;"CRUZ DAS ALMAS";"Animais na Pista";"Colisão traseira";"Com Vítimas Feridas";"Pleno dia";"Decrescente";"Céu Claro";"Simples";"Curva";"Não";3;0;1;0;2;0;1;2;-12,6142;-39,0855;"SPRF-BA";"DEL01-BA";"UOP03-DEL01-BA"
128269;2018-04-16;"segunda-feira";"10:10:00";"SC";282;152,4;"BOM RETIRO";"Velocidade Incompatível";"Engavetamento";"Sem Vítimas";"Pleno dia";"Crescente";"Sol";"Simples";"Em Obras";"Não";5;0;0;0;5;0;0;5;-27,76109252;-49,67106701;"SPRF-SC";"DEL05-SC";"UOP01-DEL05-SC"
128271;2018-04-16;"segunda-feira";"13:00:00";"RJ";116;214;"SEROPEDICA";"Falta de Atenção à Condução";"Colisão com objeto estático";"Com Vítimas Feridas";"Pleno dia";"Decrescente";"Chuva";"Dupla";"Curva";"Sim";2;0;1;0;1;0;1;1;-22,711451;-43,735519;"SPRF-RJ";"DEL01-RJ";"UOP03-DEL01-RJ"
128274;2018-04-16;"segunda-feira";"10:00:00";"SC";280;54,9;"GUARAMIRIM";"Falta de Atenção à Condução";"Colisão transversal";"Com Vítimas Feridas";"Pleno dia";"Decrescente";"Nublado";"Simples";"Reta";"Não";2;0;1;0;1;0;1;2;-26,4754902;-48,98391724;"SPRF-SC";"DEL03-SC";"UOP03-DEL03-SC"
128275;2018-04-16;"segunda-feira";"11:00:00";"MT";163;509;"DIAMANTINO";"Falta de Atenção à Condução";"Tombamento";"Com Vítimas Feridas";"Pleno dia";"Decrescente";"Nublado";"Simples";"Reta";"Não";1;0;1;0;0;0;1;1;-14,43734008;-56,12091064;"SPRF-MT";"DEL01-MT";"UOP01-DEL01-MT"
128276;2018-04-16;"segunda-feira";"09:20:00";"SC";116;206;"PONTE ALTA";"Falta de Atenção à Condução";"Colisão transversal";"Com Vítimas Feridas";"Pleno dia";"Decrescente";"Garoa/Chuvisco";"Simples";"Interseção de Vias";"Sim";2;0;2;0;0;0;2;2;-27,47223364;-50,38190511;"SPRF-SC";"DEL05-SC";"UOP03-DEL05-SC"
128277;2018-03-25;"domingo";"11:30:00";"SP";116;130;"CACAPAVA";"Desobediência às normas de trânsito pelo condutor";"Colisão traseira";"Sem Vítimas";"Pleno dia";"Crescente";"Sol";"Dupla";"Reta";"Não";4;0;0;0;3;1;0;4;-23,123142;-45,727932;"SPRF-SP";"DEL06-SP";"UOP02-DEL02-SP"
128279;2018-04-16;"segunda-feira";"12:25:00";"GO";60;46;"APARECIDA DE GOIANIA";"Ingestão de álcool e/ou substâncias psicoativas pelo pedestre";"Colisão transversal";"Com Vítimas Feridas";"Pleno dia";"Decrescente";"Céu Claro";"Dupla";"Retorno Regulamentado";"Sim";2;0;2;0;0;0;2;2;-16,78110194;-49,28186238;"SPRF-GO";"DEL01-GO";"UOP03-DEL01-GO"
128280;2018-04-15;"domingo";"12:00:00";"RO";364;268,2;"CACOAL";"Falta de Atenção à Condução";"Saída de leito carroçável";"Com Vítimas Feridas";"Pleno dia";"Decrescente";"Céu Claro";"Simples";"Reta";"Não";1;0;1;0;0;0;1;1;-11,37769776;-61,69755042;"SPRF-RO";"DEL02-RO";"UOP02-DEL02-RO"
128281;2018-04-16;"segunda-feira";"16:00:00";"RJ";40;105;"DUQUE DE CAXIAS";"Falta de Atenção do Pedestre";"Atropelamento de Pedestre";"Com Vítimas Feridas";"Pleno dia";"Crescente";"Nublado";"Simples";"Reta";"Não";2;0;1;0;0;1;1;2;-22,6476;-43,2836;"SPRF-RJ";"DEL01-RJ";"UOP01-DEL01-RJ"
128282;2018-04-16;"segunda-feira";"13:00:00";"PE";232;90;"SAIRE";"Defeito Mecânico no Veículo";"Tombamento";"Com Vítimas Feridas";"Pleno dia";"Crescente";"Nublado";"Dupla";"Curva";"Não";2;0;2;0;0;0;2;1;-8,217301;-35,657241;"SPRF-PE";"DEL01-PE";"UOP02-DEL02PE"
128283;2018-04-16;"segunda-feira";"11:30:00";"SC";101;208,4;"SAO JOSE";"Falta de Atenção à Condução";"Colisão lateral";"Com Vítimas Feridas";"Pleno dia";"Decrescente";"Céu Claro";"Dupla";"Reta";"Sim";2;0;0;1;1;0;1;2;-27,6101;-48,6388;"SPRF-SC";"DEL01-SC";"UOP01-DEL01-SC"
128284;2018-04-16;"segunda-feira";"11:00:00";"RS";290;448,5;"SAO GABRIEL";"Falta de Atenção à Condução";"Saída de leito carroçável";"Com Vítimas Feridas";"Pleno dia";"Crescente";"Céu Claro";"Simples";"Curva";"Não";5;0;4;0;1;0;4;1;-30,246874;-54,597851;"SPRF-RS";"DEL11-RS";"UOP02-DEL11-RS"
128286;2018-04-16;"segunda-feira";"12:20:00";"SP";153;256,9;"MARILIA";"Desobediência às normas de trânsito pelo condutor";"Colisão transversal";"Com Vítimas Feridas";"Pleno dia";"Decrescente";"Nublado";"Dupla";"Reta";"Sim";2;0;1;0;0;1;1;2;-22,24617456;-49,92051059;"SPRF-SP";"DEL07-SP";"UOP02-DEL07-SP"
128288;2018-04-16;"segunda-feira";"16:45:00";"GO";60;88,2;"ANAPOLIS";"Desobediência às normas de trânsito pelo condutor";"Colisão lateral";"Com Vítimas Feridas";"Pleno dia";"Decrescente";"Céu Claro";"Dupla";"Retorno Regulamentado;Aclive";"Não";2;0;0;1;1;0;1;2;-16,335564;-48,894077;"SPRF-GO";"DEL02-GO";"UOP01-DEL02-GO"
128289;2018-04-16;"segunda-feira";"10:20:00";"SC";101;158;"PORTO BELO";"Falta de Atenção à Condução";"Tombamento";"Com Vítimas Feridas";"Pleno dia";"Decrescente";"Céu Claro";"Dupla";"Retorno Regulamentado";"Não";1;0;1;0;0;0;1;1;-27,199;-48,6146;"SPRF-SC";"DEL04-SC";"UOP03-DEL04-SC"
128290;2018-04-16;"segunda-feira";"16:05:00";"MG";381;528,5;"BRUMADINHO";"Velocidade Incompatível";"Saída de leito carroçável";"Com Vítimas Feridas";"Pleno dia";"Crescente";"Chuva";"Dupla";"Curva";"Não";2;0;2;0;0;0;2;1;-20,1634;-44,3399;"SPRF-MG";"DEL04-MG";"UOP03-DEL04-MG"
128291;2018-04-16;"segunda-feira";"15:25:00";"SP";116;509;"CAJATI";"Pista Escorregadia";"Saída de leito carroçável";"Com Vítimas Feridas";"Pleno dia";"Crescente";"Chuva";"Dupla";"Reta";"Não";2;0;1;0;1;0;1;1;-24,73659;-48,12319;"SPRF-SP";"DEL05-SP";"UAP01-DEL05-SP"
128293;2018-04-16;"segunda-feira";"14:30:00";"MG";40;344;"FELIXLANDIA";"Velocidade Incompatível";"Saída de leito carroçável";"Com Vítimas Feridas";"Pleno dia";"Crescente";"Chuva";"Simples";"Reta";"Não";2;0;2;0;0;0;2;1;-18,677479;-44,993298;"SPRF-MG";"DEL02-MG";"UOP01-DEL02-MG"
128294;2018-04-16;"segunda-feira";"14:00:00";"SC";101;149;"ITAPEMA";"Falta de Atenção à Condução";"Colisão traseira";"Com Vítimas Feridas";"Pleno dia";"Decrescente";"Céu Claro";"Simples";"Reta";"Sim";2;0;1;0;1;0;1;2;-27,1175;-48,6092;"SPRF-SC";"DEL04-SC";"UOP03-DEL04-SC"
128296;2018-04-16;"segunda-feira";"16:00:00";"RJ";116;183;"NOVA IGUACU";"Desobediência às normas de trânsito pelo condutor";"Colisão traseira";"Com Vítimas Feridas";"Pleno dia";"Crescente";"Nublado";"Múltipla";"Reta";"Sim";3;0;1;0;2;0;1;3;-22,737667;-43,491871;"SPRF-RJ";"DEL01-RJ";"UOP02-DEL01-RJ"
128308;2018-04-16;"segunda-feira";"11:32:00";"RS";290;54;"GLORINHA";"Não guardar distância de segurança";"Colisão traseira";"Sem Vítimas";"Pleno dia";"Decrescente";"Céu Claro";"Dupla";"Reta";"Não";2;0;0;0;2;0;0;2;-29,912643;-50,798103;"SPRF-RS";"DEL03-RS";"UOP02-DEL03-RS"
128310;2018-04-16;"segunda-feira";"14:00:00";"PR";277;55,1;"SAO JOSE DOS PINHAIS";"Velocidade Incompatível";"Colisão com objeto estático";"Sem Vítimas";"Pleno dia";"Decrescente";"Nevoeiro/Neblina";"Dupla";"Curva";"Não";1;0;0;0;1;0;0;1;-25,57496275;-48,98597717;"SPRF-PR";"DEL01-PR";"UOP07-DEL01-PR"
128311;2018-04-01;"domingo";"18:30:00";"PI";343;491;"AMARANTE";"Desobediência às normas de trânsito pelo condutor";"Colisão frontal";"Com Vítimas Fatais";"Plena Noite";"Crescente";"Nublado";"Simples";"Curva";"Não";4;1;0;3;0;0;3;2;-6,248193;-42,726166;"SPRF-PI";"DEL01-PI";"UOP02-DEL01-PI"
128312;2018-04-16;"segunda-feira";"13:10:00";"SC";282;28;"SANTO AMARO DA IMPERATRIZ";"Ultrapassagem Indevida";"Colisão frontal";"Com Vítimas Feridas";"Pleno dia";"Decrescente";"Céu Claro";"Simples";"Reta";"Não";2;0;0;1;1;0;1;2;-27,67478;-48,778904;"SPRF-SC";"DEL01-SC";"UOP03-DEL01-SC"
128315;2018-04-16;"segunda-feira";"14:00:00";"ES";101;269;"SERRA";"Velocidade Incompatível";"Queda de ocupante de veículo";"Com Vítimas Feridas";"Pleno dia";"Decrescente";"Chuva";"Dupla";"Reta";"Sim";1;0;1;0;0;0;1;1;-20,23079143;-40,27333617;"SPRF-ES";"DEL02-ES";"UOP01-DEL02-ES"
128316;2018-04-16;"segunda-feira";"10:50:00";"MG";116;702,5;"MURIAE";"Animais na Pista";"Atropelamento de Animal";"Com Vítimas Feridas";"Pleno dia";"Crescente";"Garoa/Chuvisco";"Simples";"Curva";"Sim";1;0;1;0;0;0;1;1;-21,10763086;-42,37923726;"SPRF-MG";"DEL07-MG";"UOP02-DEL07-MG"
128318;2018-04-16;"segunda-feira";"17:41:00";"RS";116;261;"CANOAS";"Falta de Atenção à Condução";"Queda de ocupante de veículo";"Com Vítimas Feridas";"Pleno dia";"Crescente";"Céu Claro";"Dupla";"Reta";"Não";1;0;1;0;0;0;1;1;-29,88700657;-51,17958594;"SPRF-RS";"DEL01-RS";"UOP01-DEL01-RS"
128319;2018-04-16;"segunda-feira";"17:40:00";"RS";116;261;"CANOAS";"Falta de Atenção à Condução";"Colisão traseira";"Com Vítimas Feridas";"Pleno dia";"Crescente";"Céu Claro";"Dupla";"Reta";"Não";1;0;1;0;0;0;1;1;-29,87518302;-51,18139744;"SPRF-RS";"DEL01-RS";"UOP01-DEL01-RS"
128320;2018-04-16;"segunda-feira";"15:30:00";"RO";319;59,9;"PORTO VELHO";"Falta de Atenção à Condução";"Colisão lateral";"Com Vítimas Feridas";"Pleno dia";"Decrescente";"Céu Claro";"Dupla";"Reta";"Sim";2;0;1;0;1;0;1;2;-8,74161824;-63,89806956;"SPRF-RO";"DEL01-RO";"UOP01-DEL01-RO"
128321;2018-04-16;"segunda-feira";"11:30:00";"ES";101;250;"SERRA";"Pista Escorregadia";"Queda de ocupante de veículo";"Com Vítimas Feridas";"Pleno dia";"Decrescente";"Chuva";"Dupla";"Curva";"Não";2;0;1;1;0;0;2;1;-20,082895;-40,346399;"SPRF-ES";"DEL02-ES";"UOP01-DEL02-ES"
128323;2018-04-13;"sexta-feira";"00:00:00";"RN";405;0,5;"MOSSORO";"Falta de Atenção à Condução";"Colisão transversal";"Com Vítimas Feridas";"Plena Noite";"Decrescente";"Nublado";"Dupla";"Retorno Regulamentado";"Sim";4;0;2;2;0;0;4;2;-5,191061;-37,356785;"SPRF-RN";"DEL04-RN";"UOP02-DEL04-RN"
128325;2018-04-16;"segunda-feira";"17:50:00";"RS";116;246;"SAO LEOPOLDO";"Falta de Atenção do Pedestre";"Atropelamento de Pedestre";"Com Vítimas Feridas";"Anoitecer";"Decrescente";"Nublado";"Múltipla";"Reta";"Sim";3;0;1;0;2;0;1;2;-29,758787;-51,151871;"SPRF-RS";"DEL01-RS";"UOP02-DEL01-RS"
128326;2018-03-15;"quinta-feira";"19:50:00";"CE";20;425;"MARACANAU";"Defeito Mecânico no Veículo";"Colisão com objeto em movimento";"Com Vítimas Feridas";"Plena Noite";"Decrescente";"Nublado";"Dupla";"Reta";"Não";3;0;1;0;1;1;1;3;-3,86187823;-38,53078008;"SPRF-CE";"DEL01-CE";"UOP02-DEL01-CE"
128328;2018-04-16;"segunda-feira";"17:00:00";"MG";381;542;"ITATIAIUCU";"Defeito Mecânico no Veículo";"Capotamento";"Com Vítimas Feridas";"Pleno dia";"Crescente";"Chuva";"Múltipla";"Curva";"Não";2;0;2;0;0;0;2;1;-20,2468;-44,4119;"SPRF-MG";"DEL04-MG";"UOP03-DEL04-MG"
128329;2018-04-16;"segunda-feira";"18:20:00";"PE";428;184;"PETROLINA";"Falta de Atenção à Condução";"Colisão transversal";"Com Vítimas Feridas";"Plena Noite";"Crescente";"Céu Claro";"Simples";"Interseção de Vias";"Sim";3;0;2;0;1;0;2;2;-9,332193;-40,466255;"SPRF-PE";"DEL06-PE";"UOP01-DEL06-PE"
128330;2018-04-16;"segunda-feira";"11:25:00";"PR";277;68;"SAO JOSE DOS PINHAIS";"Defeito Mecânico no Veículo";"Queda de ocupante de veículo";"Com Vítimas Feridas";"Pleno dia";"Crescente";"Nublado";"Dupla";"Reta";"Sim";2;0;2;0;0;0;2;1;-25,49796209;-49,15781021;"SPRF-PR";"DEL01-PR";"UOP07-DEL01-PR"
128332;2018-04-16;"segunda-feira";"09:55:00";"SC";282;55,8;"RANCHO QUEIMADO";"Velocidade Incompatível";"Saída de leito carroçável";"Com Vítimas Feridas";"Pleno dia";"Decrescente";"Chuva";"Simples";"Curva";"Não";3;0;1;0;2;0;1;1;-27,69177436;-48,9887023;"SPRF-SC";"DEL01-SC";"UOP03-DEL01-SC"
128333;2018-04-16;"segunda-feira";"07:55:00";"SP";381;68;"MAIRIPORA";"Velocidade Incompatível";"Colisão com objeto estático";"Com Vítimas Feridas";"Pleno dia";"Decrescente";"Garoa/Chuvisco";"Múltipla";"Curva";"Não";1;0;1;0;0;0;1;1;-23,341447;-46,57367;"SPRF-SP";"DEL03-SP";"DEL6/3-UOP03/SP"
128335;2018-04-16;"segunda-feira";"12:15:00";"PR";116;176,6;"QUITANDINHA";"Falta de Atenção à Condução";"Colisão transversal";"Com Vítimas Feridas";"Pleno dia";"Crescente";"Céu Claro";"Simples";"Curva;Aclive";"Não";2;0;0;1;1;0;1;2;-25,87727;-49,490139;"SPRF-PR";"DEL01-PR";"UOP03-DEL01-PR"
128336;2018-04-16;"segunda-feira";"17:50:00";"PR";376;293;"MAUA DA SERRA";"Falta de Atenção à Condução";"Queda de ocupante de veículo";"Com Vítimas Feridas";"Anoitecer";"Decrescente";"Céu Claro";"Simples";"Reta";"Sim";2;0;2;0;0;0;2;1;-23,90326882;-51,21702606;"SPRF-PR";"DEL07-PR";"UOP02-DEL07-PR"
128337;2018-04-16;"segunda-feira";"18:25:00";"SC";101;209,7;"SAO JOSE";"Não guardar distância de segurança";"Colisão traseira";"Com Vítimas Feridas";"Plena Noite";"Crescente";"Nublado";"Múltipla";"Reta";"Sim";4;0;2;0;2;0;2;3;-27,61271615;-48,641678;"SPRF-SC";"DEL01-SC";"UOP01-DEL01-SC"
128339;2018-04-16;"segunda-feira";"18:20:00";"ES";101;69;"SAO MATEUS";"Falta de Atenção à Condução";"Atropelamento de Pedestre";"Com Vítimas Feridas";"Plena Noite";"Crescente";"Chuva";"Simples";"Aclive";"Não";2;0;0;1;1;0;1;2;-18,73695978;-39,86091971;"SPRF-ES";"DEL04-ES";"UOP02-DEL04-ES"
128340;2018-04-16;"segunda-feira";"18:45:00";"GO";60;41;"APARECIDA DE GOIANIA";"Falta de Atenção à Condução";"Colisão transversal";"Com Vítimas Feridas";"Plena Noite";"Decrescente";"Céu Claro";"Dupla";"Rotatória";"Sim";2;0;1;0;1;0;1;2;-16,8101;-49,2397;"SPRF-GO";"DEL01-GO";"UOP03-DEL01-GO"
128342;2018-04-16;"segunda-feira";"18:40:00";"SP";116;282;"EMBU DAS ARTES";"Falta de Atenção à Condução";"Colisão traseira";"Com Vítimas Feridas";"Plena Noite";"Decrescente";"Nublado";"Dupla";"Reta";"Sim";7;0;1;0;6;0;1;3;-23,662679;-46,853135;"SPRF-SP";"DEL04-SP";"UOP01-DEL04-SP"
128343;2018-04-16;"segunda-feira";"17:30:00";"MG";40;43,3;"PARACATU";"Desobediência às normas de trânsito pelo condutor";"Colisão transversal";"Com Vítimas Feridas";"Anoitecer";"Decrescente";"Céu Claro";"Simples";"Reta";"Sim";2;0;1;0;1;0;1;2;-17,22738159;-46,85943604;"SPRF-MG";"DEL14-MG";"UOP01-DEL14-MG"
128344;2018-04-14;"sábado";"18:20:00";"SP";116;276,5;"EMBU DAS ARTES";"Falta de Atenção à Condução";"Colisão lateral";"Com Vítimas Feridas";"Plena Noite";"Decrescente";"Nublado";"Dupla";"Reta";"Sim";2;0;2;0;0;0;2;1;-23,62760883;-46,81824803;"SPRF-SP";"DEL04-SP";"UOP01-DEL04-SP"
128345;2018-04-16;"segunda-feira";"18:35:00";"RJ";393;250,4;"BARRA DO PIRAI";"Falta de Atenção à Condução";"Colisão transversal";"Com Vítimas Feridas";"Plena Noite";"Decrescente";"Chuva";"Simples";"Interseção de Vias";"Sim";11;0;10;1;0;0;11;2;-22,44736025;-43,79521877;"SPRF-RJ";"DEL05-RJ";"UOP04-DEL05-RJ"
128346;2018-04-16;"segunda-feira";"08:45:00";"SP";381;69;"MAIRIPORA";"Velocidade Incompatível";"Capotamento";"Com Vítimas Feridas";"Pleno dia";"Decrescente";"Chuva";"Dupla";"Curva";"Não";1;0;1;0;0;0;1;1;-23,347242;-46,561832;"SPRF-SP";"DEL03-SP";"DEL6/3-UOP03/SP"
128347;2018-04-16;"segunda-feira";"19:00:00";"SC";101;162,2;"TIJUCAS";"Não guardar distância de segurança";"Colisão traseira";"Com Vítimas Feridas";"Plena Noite";"Crescente";"Nublado";"Simples";"Reta";"Sim";2;0;0;1;1;0;1;2;-27,2325;-48,6299;"SPRF-SC";"DEL04-SC";"UOP03-DEL04-SC"
128348;2018-03-03;"sábado";"09:45:00";"MG";365;631;"UBERLANDIA";"Desobediência às normas de trânsito pelo condutor";"Colisão traseira";"Com Vítimas Feridas";"Pleno dia";"Crescente";"Céu Claro";"Dupla";"Aclive";"Sim";3;0;1;1;1;0;2;2;-18,9067;-48,333;"SPRF-MG";"DEL15-MG";"UOP01-DEL15-MG"
128350;2018-04-16;"segunda-feira";"18:30:00";"PR";476;122;"CURITIBA";"Falta de Atenção do Pedestre";"Atropelamento de Pedestre";"Com Vítimas Feridas";"Plena Noite";"Crescente";"Nublado";"Dupla";"Reta";"Sim";2;0;1;0;1;0;1;2;-25,385775;-49,203377;"SPRF-PR";"DEL01-PR";"UOP01-DEL01-PR"
128353;2018-04-16;"segunda-feira";"09:10:00";"RO";364;340;"JI-PARANA";"Falta de Atenção à Condução";"Colisão transversal";"Com Vítimas Feridas";"Pleno dia";"Crescente";"Nublado";"Simples";"Reta";"Sim";5;0;1;0;4;0;1;2;-10,898911;-61,930458;"SPRF-RO";"DEL02-RO";"UOP01-DEL02-RO"
128354;2018-01-25;"quinta-feira";"08:30:00";"PB";230;17,1;"JOAO PESSOA";"Falta de Atenção à Condução";"Engavetamento";"Sem Vítimas";"Pleno dia";"Crescente";"Garoa/Chuvisco";"Dupla";"Reta";"Sim";4;0;0;0;2;2;0;3;-7,113133;-34,842404;"SPRF-PB";"DEL01-PB";"UOP01-DEL01-PB"
128355;2018-04-16;"segunda-feira";"08:15:00";"SE";101;149;"ESTANCIA";"Defeito Mecânico no Veículo";"Queda de ocupante de veículo";"Com Vítimas Feridas";"Pleno dia";"Decrescente";"Sol";"Simples";"Declive";"Não";1;0;1;0;0;0;1;1;-11,2452508;-37,43346691;"SPRF-SE";"DEL02-SE";"UOP01-DEL02-SE"
128358;2018-04-16;"segunda-feira";"18:00:00";"SC";280;264,6;"CANOINHAS";"Defeito Mecânico no Veículo";"Queda de ocupante de veículo";"Com Vítimas Feridas";"Anoitecer";"Crescente";"Nublado";"Simples";"Reta";"Não";2;0;2;0;0;0;2;1;-26,262497;-50,678268;"SPRF-SC";"DEL06-SC";"UOP04-DEL06-SC"
128359;2018-04-16;"segunda-feira";"19:30:00";"ES";101;266;"SERRA";"Pista Escorregadia";"Queda de ocupante de veículo";"Com Vítimas Feridas";"Plena Noite";"Crescente";"Chuva";"Dupla";"Reta";"Sim";1;0;1;0;0;0;1;1;-20,18831825;-40,26834106;"SPRF-ES";"DEL02-ES";"UOP01-DEL02-ES"
128362;2018-04-16;"segunda-feira";"17:50:00";"MS";267;481;"JARDIM";"Desobediência às normas de trânsito pelo condutor";"Colisão transversal";"Com Vítimas Feridas";"Anoitecer";"Crescente";"Céu Claro";"Simples";"Interseção de Vias;Reta";"Sim";3;0;1;0;2;0;1;2;-21,48202375;-56,14170313;"SPRF-MS";"DEL05-MS";"UOP01-DEL05-MS"
128363;2018-04-13;"sexta-feira";"00:20:00";"RJ";101;295,8;"ITABORAI";"Velocidade Incompatível";"Queda de ocupante de veículo";"Com Vítimas Fatais";"Plena Noite";"Decrescente";"Nublado";"Múltipla";"Reta";"Sim";2;2;0;0;0;0;0;1;-22,763668;-42,90226;"SPRF-RJ";"DEL02-RJ";"DEL5/2-UOP04/RJ"
128364;2018-03-17;"sábado";"23:00:00";"SC";282;1;"FLORIANOPOLIS";"Defeito Mecânico no Veículo";"Colisão com objeto estático";"Com Vítimas Feridas";"Plena Noite";"Crescente";"Ignorado";"Dupla";"Reta";"Sim";1;0;1;0;0;0;1;1;-27,602955;-48,580509;"SPRF-SC";"DEL01-SC";"UOP01-DEL01-SC"
128365;2018-04-16;"segunda-feira";"17:45:00";"AC";364;134;"RIO BRANCO";"Defeito na Via";"Queda de ocupante de veículo";"Com Vítimas Feridas";"Plena Noite";"Crescente";"Nublado";"Dupla";"Reta";"Sim";1;0;1;0;0;0;1;1;-9,9936712;-67,84871399;"SPRF-AC";"DEL01-AC";"UOP01-DEL01-AC"
128366;2018-04-16;"segunda-feira";"14:45:00";"PR";277;40;"MORRETES";"Defeito Mecânico no Veículo";"Capotamento";"Com Vítimas Feridas";"Pleno dia";"Crescente";"Garoa/Chuvisco";"Dupla";"Curva";"Não";2;0;1;0;1;0;1;1;-25,49534742;-48,83560181;"SPRF-PR";"DEL01-PR";"UOP05-DEL01-PR"
128367;2018-04-16;"segunda-feira";"17:45:00";"SE";235;49,6;"ITABAIANA";"Falta de Atenção à Condução";"Colisão traseira";"Com Vítimas Feridas";"Anoitecer";"Crescente";"Céu Claro";"Simples";"Reta";"Sim";2;0;1;0;1;0;1;2;-10,716222;-37,421669;"SPRF-SE";"DEL01-SE";"UOP02-DEL01-SE"
128369;2018-04-16;"segunda-feira";"12:09:00";"PR";476;122;"CURITIBA";"Desobediência às normas de trânsito pelo condutor";"Colisão lateral";"Com Vítimas Feridas";"Pleno dia";"Crescente";"Chuva";"Múltipla";"Reta";"Sim";2;0;0;1;1;0;1;2;-25,55235365;-49,31213379;"SPRF-PR";"DEL01-PR";"UOP01-DEL01-PR"
128370;2018-04-16;"segunda-feira";"18:15:00";"SE";235;53,8;"ITABAIANA";"Falta de Atenção à Condução";"Colisão transversal";"Com Vítimas Feridas";"Plena Noite";"Crescente";"Céu Claro";"Simples";"Reta";"Sim";2;0;0;1;0;1;1;2;-10,67684613;-37,44305633;"SPRF-SE";"DEL01-SE";"UOP02-DEL01-SE"
128371;2018-04-16;"segunda-feira";"16:30:00";"MG";365;706;"MONTE ALEGRE DE MINAS";"Velocidade Incompatível";"Capotamento";"Com Vítimas Feridas";"Pleno dia";"Crescente";"Chuva";"Dupla";"Reta";"Não";1;0;1;0;0;0;1;1;-18,88030044;-49,04768944;"SPRF-MG";"DEL15-MG";"UOP03-DEL15-MG"
128372;2018-04-16;"segunda-feira";"20:10:00";"AL";104;33,7;"UNIAO DOS PALMARES";"Restrição de Visibilidade";"Atropelamento de Animal";"Com Vítimas Feridas";"Plena Noite";"Crescente";"Céu Claro";"Simples";"Reta";"Não";2;0;0;2;0;0;2;1;-9,14535895;-36,01525426;"SPRF-AL";"DEL01-AL";"UOP02-DEL01-AL"