"id";"data_inversa";"dia_semana";"horario";"uf";"br";"km";"municipio";"causa_acidente";"tipo_acidente";"classificacao_acidente";"fase_dia";"sentido_via";"condicao_metereologica";"tipo_pista";"tracado_via";"uso_solo";"pessoas";"mortos";"feridos_leves";"feridos_graves";"ilesos";"ignorados";"feridos";"veiculos";"latitude";"longitude";"regional";"delegacia";"uop"
128373;2018-04-16;"segunda-feira";"20:00:00";"RS";116;259;"CANOAS";"Não guardar distância de segurança";"Colisão traseira";"Com Vítimas Feridas";"Plena Noite";"Crescente";"Céu Claro";"Dupla";"Reta";"Sim";2;0;1;0;1;0;1;2;-29,86549694;-51,18081152;"SPRF-RS";"DEL01-RS";"UOP02-DEL01-RS"
128374;2018-04-16;"segunda-feira";"19:30:00";"PR";116;127;"CURITIBA";"Ingestão de álcool e/ou substâncias psicoativas pelo pedestre";"Atropelamento de Pedestre";"Com Vítimas Feridas";"Plena Noite";"Decrescente";"Nublado";"Dupla";"Reta";"Sim";4;0;1;0;2;1;1;2;-25,621508;-49,316216;"SPRF-PR";"DEL01-PR";"UOP03-DEL01-PR"
128375;2018-04-16;"segunda-feira";"13:18:00";"PR";277;581,6;"CASCAVEL";"Desobediência às normas de trânsito pelo condutor";"Colisão transversal";"Com Vítimas Feridas";"Pleno dia";"Crescente";"Sol";"Simples";"Em Obras;Interseção de Vias";"Não";3;0;1;0;2;0;1;2;-24,9778598;-53,38334084;"SPRF-PR";"DEL04-PR";"UOP01-DEL04-PR"
128379;2018-04-16;"segunda-feira";"07:15:00";"MG";381;437;"SABARA";"Velocidade Incompatível";"Saída de leito carroçável";"Com Vítimas Feridas";"Pleno dia";"Decrescente";"Sol";"Simples";"Curva";"Sim";2;0;0;2;0;0;2;1;-19,78816762;-43,73223782;"SPRF-MG";"DEL01-MG";"UOP01-DEL01-MG"
128380;2018-04-16;"segunda-feira";"20:30:00";"PI";316;13,9;"TERESINA";"Animais na Pista";"Tombamento";"Com Vítimas Feridas";"Plena Noite";"Crescente";"Nublado";"Simples";"Reta";"Não";1;0;0;1;0;0;1;1;-5,21733172;-42,75306322;"SPRF-PI";"DEL01-PI";"UOP02-DEL01-PI"
128381;2018-04-16;"segunda-feira";"20:40:00";"SC";101;227,2;"PALHOCA";"Falta de Atenção à Condução";"Saída de leito carroçável";"Com Vítimas Feridas";"Plena Noite";"Decrescente";"Chuva";"Dupla";"Reta";"Sim";3;0;3;0;0;0;3;1;-27,7591;-48,6308;"SPRF-SC";"DEL01-SC";"UOP02-DEL01-SC"
128383;2018-04-16;"segunda-feira";"19:00:00";"GO";60;180,2;"ABADIA DE GOIAS";"Mal Súbito";"Saída de leito carroçável";"Com Vítimas Feridas";"Plena Noite";"Decrescente";"Chuva";"Dupla";"Reta";"Não";1;0;0;1;0;0;1;1;-16,77846717;-49,48916227;"SPRF-GO";"DEL01-GO";"UOP02-DEL01-GO"
128384;2018-04-16;"segunda-feira";"20:20:00";"SP";116;139;"SAO JOSE DOS CAMPOS";"Falta de Atenção à Condução";"Saída de leito carroçável";"Com Vítimas Feridas";"Plena Noite";"Crescente";"Céu Claro";"Dupla";"Reta";"Sim";1;0;1;0;0;0;1;1;-23,161556;-45,804054;"SPRF-SP";"DEL06-SP";"UOP02-DEL02-SP"
128386;2018-04-16;"segunda-feira";"18:30:00";"RS";290;595;"ALEGRETE";"Falta de Atenção à Condução";"Colisão com objeto estático";"Com Vítimas Feridas";"Anoitecer";"Crescente";"Céu Claro";"Simples";"Ponte";"Não";1;0;1;0;0;0;1;1;-29,844833;-55,916756;"SPRF-RS";"DEL13-RS";"UOP02-DEL13-RS"
128388;2018-04-16;"segunda-feira";"21:30:00";"CE";116;25;"ITAITINGA";"Animais na Pista";"Atropelamento de Animal";"Com Vítimas Feridas";"Plena Noite";"Decrescente";"Céu Claro";"Dupla";"Aclive";"Sim";2;0;1;0;1;0;1;1;-3,9797;-38,514;"SPRF-CE";"DEL01-CE";"UOP02-DEL01-CE"
128389;2018-04-16;"segunda-feira";"21:30:00";"RJ";116;276;"BARRA MANSA";"Pista Escorregadia";"Colisão com objeto estático";"Sem Vítimas";"Plena Noite";"Crescente";"Nublado";"Simples";"Curva";"Não";1;0;0;0;1;0;0;1;-22,561834;-44,165886;"SPRF-RJ";"DEL07-RJ";"UOP02-DEL07-RJ"
128392;2018-04-12;"quinta-feira";"23:30:00";"RN";304;276,6;"MACAIBA";"Animais na Pista";"Atropelamento de Animal";"Com Vítimas Feridas";"Plena Noite";"Decrescente";"Chuva";"Simples";"Reta";"Sim";1;0;1;0;0;0;1;1;-5,882475;-35,525291;"SPRF-RN";"DEL01-RN";"UOP02-DEL01-RN"
128393;2018-04-16;"segunda-feira";"22:00:00";"RJ";101;476;"ANGRA DOS REIS";"Velocidade Incompatível";"Tombamento";"Com Vítimas Feridas";"Plena Noite";"Crescente";"Chuva";"Simples";"Curva";"Sim";1;0;1;0;0;0;1;1;-23,00415492;-44,25929725;"SPRF-RJ";"DEL03-RJ";"UOP03-DEL03-RJ"
128394;2018-02-23;"sexta-feira";"17:15:00";"SP";116;218;"GUARULHOS";"Não guardar distância de segurança";"Colisão traseira";"Com Vítimas Feridas";"Pleno dia";"Crescente";"Céu Claro";"Múltipla";"Reta";"Sim";2;0;1;0;1;0;1;2;-23,45975247;-46,48538053;"SPRF-SP";"DEL01-SP";"UOP01-DEL01-SP"
128396;2018-04-16;"segunda-feira";"21:45:00";"RJ";116;166,9;"RIO DE JANEIRO";"Falta de Atenção à Condução";"Engavetamento";"Com Vítimas Feridas";"Plena Noite";"Crescente";"Nublado";"Múltipla";"Reta";"Sim";3;0;2;0;1;0;2;3;-22,815603;-43,300518;"SPRF-RJ";"DEL01-RJ";"UOP02-DEL01-RJ"
128398;2018-04-16;"segunda-feira";"19:30:00";"MA";135;2,1;"SAO LUIS";"Defeito na Via";"Queda de ocupante de veículo";"Com Vítimas Fatais";"Plena Noite";"Decrescente";"Ignorado";"Dupla";"Declive";"Não";1;1;0;0;0;0;0;1;-2,65955973;-44,30251837;"SPRF-MA";"DEL01-MA";"UOP01-DEL01-MA"
128400;2018-04-16;"segunda-feira";"18:40:00";"SP";116;276;"EMBU DAS ARTES";"Falta de Atenção à Condução";"Colisão transversal";"Sem Vítimas";"Plena Noite";"Decrescente";"Céu Claro";"Dupla";"Reta";"Não";2;0;0;0;2;0;0;2;-23,64766917;-46,84501648;"SPRF-SP";"DEL04-SP";"UOP01-DEL04-SP"
128401;2018-04-16;"segunda-feira";"22:50:00";"PI";343;343,5;"TERESINA";"Falta de Atenção à Condução";"Colisão transversal";"Sem Vítimas";"Plena Noite";"Decrescente";"Chuva";"Múltipla";"Interseção de Vias";"Sim";2;0;0;0;1;1;0;2;-5,087362;-42,757851;"SPRF-PI";"DEL01-PI";"UOP01-DEL01-PI"
128403;2018-04-16;"segunda-feira";"23:10:00";"SC";101;358,7;"SANGAO";"Velocidade Incompatível";"Saída de leito carroçável";"Sem Vítimas";"Plena Noite";"Crescente";"Nublado";"Simples";"Rotatória";"Não";1;0;0;0;1;0;0;1;-28,64299178;-49,10013199;"SPRF-SC";"DEL02-SC";"UOP01-DEL02-SC"
128405;2018-04-17;"terça-feira";"00:10:00";"PE";428;73;"SANTA MARIA DA BOA VISTA";"Velocidade Incompatível";"Colisão com objeto estático";"Sem Vítimas";"Plena Noite";"Crescente";"Céu Claro";"Simples";"Curva";"Não";1;0;0;0;1;0;0;1;-8,720298;-39,773308;"SPRF-PE";"DEL06-PE";"UOP03-DEL06-PE"
128407;2018-04-17;"terça-feira";"00:15:00";"MG";365;608;"UBERLANDIA";"Animais na Pista";"Atropelamento de Animal";"Com Vítimas Feridas";"Pleno dia";"Crescente";"Céu Claro";"Simples";"Reta";"Sim";1;0;1;0;0;0;1;1;-18,89524292;-48,15444946;"SPRF-MG";"DEL15-MG";"UOP01-DEL15-MG"
128409;2018-04-16;"segunda-feira";"17:30:00";"RS";285;68,4;"BOM JESUS";"Ingestão de Álcool";"Saída de leito carroçável";"Com Vítimas Feridas";"Pleno dia";"Crescente";"Nublado";"Simples";"Curva";"Não";1;0;1;0;0;0;1;1;-28,63655112;-50,49231648;"SPRF-RS";"DEL05-RS";"UOP03-DEL05-RS"
128411;2018-04-17;"terça-feira";"03:10:00";"PR";277;728,3;"FOZ DO IGUACU";"Ingestão de Álcool";"Saída de leito carroçável";"Sem Vítimas";"Plena Noite";"Decrescente";"Céu Claro";"Dupla";"Reta";"Sim";1;0;0;0;1;0;0;1;-25,50932313;-54,57865387;"SPRF-PR";"DEL05-PR";"UOP03-DEL05-PR"
128414;2018-04-17;"terça-feira";"02:00:00";"SP";116;103;"PINDAMONHANGABA";"Falta de Atenção à Condução";"Colisão com objeto estático";"Sem Vítimas";"Plena Noite";"Decrescente";"Céu Claro";"Múltipla";"Reta";"Não";1;0;0;0;0;1;0;1;-22,999208;-45,497917;"SPRF-SP";"DEL06-SP";"UOP01-DEL06-SP"
128421;2018-04-17;"terça-feira";"06:10:00";"PR";116;115;"CURITIBA";"Desobediência às normas de trânsito pelo pedestre";"Colisão com objeto estático";"Com Vítimas Feridas";"Pleno dia";"Decrescente";"Céu Claro";"Dupla";"Reta";"Não";1;0;1;0;0;0;1;1;-25,55945817;-49,26439049;"SPRF-PR";"DEL01-PR";"UOP01-DEL01-PR"
128424;2018-04-17;"terça-feira";"07:00:00";"CE";222;4,8;"CAUCAIA";"Sinalização da via insuficiente ou inadequada";"Colisão traseira";"Com Vítimas Feridas";"Pleno dia";"Decrescente";"Chuva";"Múltipla";"Retorno Regulamentado";"Sim";4;0;2;0;2;0;2;2;-3,74273986;-38,61177206;"SPRF-CE";"DEL01-CE";"UOP01-DEL01-CE"
128426;2018-04-16;"segunda-feira";"23:00:00";"MG";365;558;"INDIANOPOLIS";"Falta de Atenção à Condução";"Saída de leito carroçável";"Com Vítimas Feridas";"Plena Noite";"Crescente";"Nublado";"Simples";"Curva";"Não";3;0;2;1;0;0;3;1;-18,92581;-47,76305;"SPRF-MG";"DEL10-MG";"UOP01-DEL10-MG"
128429;2018-04-17;"terça-feira";"07:40:00";"PR";277;75;"SAO JOSE DOS PINHAIS";"Falta de Atenção à Condução";"Colisão traseira";"Com Vítimas Feridas";"Pleno dia";"Crescente";"Chuva";"Dupla";"Reta";"Sim";2;0;0;1;1;0;1;2;-25,49000169;-49,17604923;"SPRF-PR";"DEL01-PR";"UOP07-DEL01-PR"
128431;2018-04-17;"terça-feira";"07:50:00";"PR";116;123;"CURITIBA";"Não guardar distância de segurança";"Colisão traseira";"Com Vítimas Feridas";"Pleno dia";"Decrescente";"Nublado";"Dupla";"Reta";"Não";2;0;1;0;1;0;1;2;-25,551222;-49,305038;"SPRF-PR";"DEL01-PR";"UOP03-DEL01-PR"
128433;2018-04-17;"terça-feira";"07:05:00";"MG";262;811;"UBERABA";"Falta de Atenção à Condução";"Tombamento";"Com Vítimas Feridas";"Pleno dia";"Decrescente";"Nublado";"Dupla";"Reta";"Sim";2;0;2;0;0;0;2;1;-19,76475;-48,112064;"SPRF-MG";"DEL13-MG";"UOP01-DEL13-MG"
128434;2018-04-17;"terça-feira";"07:40:00";"RJ";116;65,8;"TERESOPOLIS";"Desobediência às normas de trânsito pelo condutor";"Colisão lateral";"Com Vítimas Feridas";"Pleno dia";"Crescente";"Céu Claro";"Simples";"Reta";"Não";3;0;2;0;1;0;2;2;-22,2836165;-42,92959213;"SPRF-RJ";"DEL04-RJ";"UOP01-DEL04-RJ"
128436;2018-04-17;"terça-feira";"07:30:00";"SP";116;337,2;"JUQUITIBA";"Falta de Atenção do Pedestre";"Atropelamento de Pedestre";"Com Vítimas Feridas";"Pleno dia";"Crescente";"Céu Claro";"Dupla";"Reta;Aclive";"Sim";2;0;1;0;0;1;1;2;-23,98445;-47,14699;"SPRF-SP";"DEL04-SP";"UOP03-DEL04-SP"
128437;2018-04-17;"terça-feira";"08:10:00";"SC";101;120,9;"ITAJAI";"Falta de Atenção à Condução";"Tombamento";"Com Vítimas Feridas";"Pleno dia";"Crescente";"Nublado";"Dupla";"Reta";"Sim";1;0;1;0;0;0;1;1;-26,91983239;-48,70902763;"SPRF-SC";"DEL04-SC";"UOP04-DEL04-SC"
128440;2018-04-17;"terça-feira";"07:30:00";"SC";163;77;"SAO MIGUEL DO OESTE";"Velocidade Incompatível";"Saída de leito carroçável";"Com Vítimas Feridas";"Pleno dia";"Decrescente";"Céu Claro";"Simples";"Reta;Declive";"Não";4;0;3;0;1;0;3;2;-26,67600234;-53,5168612;"SPRF-SC";"DEL07-SC";"UOP03-DEL07-SC"
128442;2018-04-17;"terça-feira";"07:20:00";"SP";116;223,8;"GUARULHOS";"Falta de Atenção à Condução";"Colisão traseira";"Com Vítimas Feridas";"Amanhecer";"Crescente";"Céu Claro";"Múltipla";"Reta";"Sim";2;0;1;0;1;0;1;2;-23,46962362;-46,51345253;"SPRF-SP";"DEL01-SP";"UOP01-DEL01-SP"
128443;2018-04-12;"quinta-feira";"15:30:00";"RN";101;95,7;"NATAL";"Não guardar distância de segurança";"Colisão traseira";"Sem Vítimas";"Pleno dia";"Crescente";"Céu Claro";"Simples";"Interseção de Vias";"Sim";2;0;0;0;2;0;0;2;-5,84208739;-35,21028042;"SPRF-RN";"DEL01-RN";"UOP01-DEL01-RN"
128444;2018-04-17;"terça-feira";"08:10:00";"PA";163;1005;"SANTAREM";"Falta de Atenção à Condução";"Colisão transversal";"Com Vítimas Feridas";"Pleno dia";"Crescente";"Chuva";"Dupla";"Reta";"Não";3;0;2;0;1;0;2;2;-2,5044018;-54,7273986;"SPRF-PA";"DEL05-PA";"UOP01-DEL05-PA"
128445;2018-04-17;"terça-feira";"08:25:00";"ES";101;270,9;"SERRA";"Falta de Atenção do Pedestre";"Atropelamento de Pedestre";"Com Vítimas Feridas";"Pleno dia";"Crescente";"Céu Claro";"Múltipla";"Curva";"Não";2;0;1;1;0;0;2;2;-20,23217059;-40,27468264;"SPRF-ES";"DEL02-ES";"UOP01-DEL02-ES"
128447;2018-04-17;"terça-feira";"09:05:00";"PR";116;150,1;"MANDIRITUBA";"Defeito Mecânico no Veículo";"Queda de ocupante de veículo";"Com Vítimas Feridas";"Pleno dia";"Decrescente";"Nublado";"Simples";"Reta";"Não";1;0;0;1;0;0;1;1;-25,781727;-49,325352;"SPRF-PR";"DEL01-PR";"UOP03-DEL01-PR"
128451;2018-04-17;"terça-feira";"09:10:00";"PR";376;660;"TIJUCAS DO SUL";"Pista Escorregadia";"Queda de ocupante de veículo";"Com Vítimas Feridas";"Pleno dia";"Crescente";"Chuva";"Dupla";"Declive";"Não";1;0;1;0;0;0;1;1;-25,85292863;-49,00090434;"SPRF-PR";"DEL01-PR";"DEL7/1-UOP08/PR"
128452;2018-04-17;"terça-feira";"08:45:00";"RJ";116;192;"QUEIMADOS";"Falta de Atenção à Condução";"Colisão traseira";"Com Vítimas Feridas";"Pleno dia";"Crescente";"Sol";"Dupla";"Curva";"Não";2;0;1;0;1;0;1;2;-22,72932379;-43,58036041;"SPRF-RJ";"DEL01-RJ";"UOP03-DEL01-RJ"
128453;2018-04-17;"terça-feira";"09:50:00";"SP";101;51,5;"UBATUBA";"Falta de Atenção à Condução";"Colisão transversal";"Sem Vítimas";"Pleno dia";"Crescente";"Céu Claro";"Simples";"Rotatória";"Sim";2;0;0;0;2;0;0;2;-23,46282314;-45,06459296;"SPRF-SP";"DEL06-SP";"UOP01-DEL06-SP"
128454;2018-04-17;"terça-feira";"07:30:00";"RS";285;458;"IJUI";"Desobediência às normas de trânsito pelo condutor";"Colisão transversal";"Com Vítimas Feridas";"Pleno dia";"Decrescente";"Céu Claro";"Simples";"Interseção de Vias";"Sim";2;0;1;0;1;0;1;2;-28,40763313;-53,90072823;"SPRF-RS";"DEL10-RS";"UOP01-DEL10-RS"
128457;2018-04-17;"terça-feira";"10:00:00";"CE";20;429;"FORTALEZA";"Falta de Atenção à Condução";"Colisão traseira";"Sem Vítimas";"Pleno dia";"Crescente";"Nublado";"Dupla";"Reta";"Não";3;0;0;0;2;1;0;3;-3,87045782;-38,50174248;"SPRF-CE";"DEL01-CE";"UOP02-DEL01-CE"
128458;2018-04-12;"quinta-feira";"23:45:00";"BA";324;615;"SALVADOR";"Pista Escorregadia";"Queda de ocupante de veículo";"Com Vítimas Feridas";"Plena Noite";"Crescente";"Garoa/Chuvisco";"Dupla";"Reta";"Sim";2;0;2;0;0;0;2;1;-12,86937608;-38,42601299;"SPRF-BA";"DEL01-BA";"UOP01-DEL01-BA"
128459;2018-03-04;"domingo";"15:30:00";"MG";365;140;"VARZEA DA PALMA";"Falta de Atenção à Condução";"Capotamento";"Sem Vítimas";"Pleno dia";"Crescente";"Nublado";"Simples";"Curva";"Não";1;0;0;0;1;0;0;1;-17,217112;-44,81871;"SPRF-MG";"DEL12-MG";"UOP01-DEL12-MG"
128460;2018-03-25;"domingo";"18:30:00";"RN";405;144;"PAU DOS FERROS";"Ingestão de Álcool";"Colisão traseira";"Com Vítimas Fatais";"Plena Noite";"Crescente";"Céu Claro";"Simples";"Reta";"Não";6;2;1;1;0;2;2;3;-6,053518;-38,199951;"SPRF-RN";"DEL04-RN";"UOP02-DEL04-RN"
128462;2018-04-17;"terça-feira";"10:30:00";"PI";343;3,5;"TERESINA";"Falta de Atenção à Condução";"Colisão lateral";"Com Vítimas Feridas";"Pleno dia";"Crescente";"Céu Claro";"Múltipla";"Reta";"Sim";2;0;1;0;1;0;1;2;-5,080567;-42,782895;"SPRF-PI";"DEL01-PI";"UOP01-DEL01-PI"
128464;2018-04-17;"terça-feira";"10:20:00";"MG";40;416,5;"CURVELO";"Condutor Dormindo";"Queda de ocupante de veículo";"Com Vítimas Feridas";"Pleno dia";"Decrescente";"Nublado";"Simples";"Reta;Aclive";"Não";1;0;1;0;0;0;1;1;-19,155;-44,597;"SPRF-MG";"DEL02-MG";"UOP01-DEL02-MG"
128466;2018-04-17;"terça-feira";"11:40:00";"AL";104;93,2;"RIO LARGO";"Desobediência às normas de trânsito pelo condutor";"Colisão lateral";"Com Vítimas Feridas";"Pleno dia";"Crescente";"Chuva";"Dupla";"Reta";"Sim";2;0;1;0;0;1;1;2;-9,52904645;-35,7979139;"SPRF-AL";"DEL01-AL";"UOP01-DEL01-AL"
128469;2018-04-17;"terça-feira";"11:00:00";"SP";116;230;"SAO PAULO";"Desobediência às normas de trânsito pelo condutor";"Colisão lateral";"Com Vítimas Feridas";"Pleno dia";"Crescente";"Nublado";"Múltipla";"Reta";"Sim";3;0;1;0;2;0;1;3;-23,51849869;-46,58198118;"SPRF-SP";"DEL01-SP";"UOP01-DEL01-SP"
128470;2018-04-17;"terça-feira";"11:40:00";"MG";381;488,8;"BETIM";"Não guardar distância de segurança";"Engavetamento";"Com Vítimas Feridas";"Pleno dia";"Crescente";"Céu Claro";"Dupla";"Reta";"Sim";5;0;2;0;3;0;2;4;-19,9587;-44,130332;"SPRF-MG";"DEL01-MG";"UOP03-DEL01-MG"
128471;2018-04-17;"terça-feira";"12:20:00";"RS";290;107;"ELDORADO DO SUL";"Defeito Mecânico no Veículo";"Tombamento";"Com Vítimas Feridas";"Pleno dia";"Crescente";"Céu Claro";"Múltipla";"Interseção de Vias";"Sim";1;0;1;0;0;0;1;1;-30,00136482;-51,30488634;"SPRF-RS";"DEL02-RS";"UOP01-DEL02-RS"
128473;2018-04-17;"terça-feira";"13:00:00";"SC";470;97;"APIUNA";"Falta de Atenção à Condução";"Colisão transversal";"Com Vítimas Feridas";"Pleno dia";"Decrescente";"Nublado";"Simples";"Reta";"Sim";2;0;1;0;1;0;1;2;-27,0264831;-49,37784791;"SPRF-SC";"DEL04-SC";"UOP01-DEL04-SC"
128474;2018-03-13;"terça-feira";"18:00:00";"PR";376;178;"MARINGA";"Falta de Atenção à Condução";"Colisão traseira";"Com Vítimas Feridas";"Pleno dia";"Crescente";"Ignorado";"Dupla";"Reta";"Sim";2;0;1;0;1;0;1;2;-23,41733653;-51,91889394;"SPRF-PR";"DEL07-PR";"UOP01-DEL09-PR"
128475;2018-04-17;"terça-feira";"12:40:00";"SC";101;208;"SAO JOSE";"Falta de Atenção à Condução";"Colisão lateral";"Sem Vítimas";"Pleno dia";"Decrescente";"Nublado";"Múltipla";"Reta";"Sim";1;0;0;0;1;0;0;1;-27,6101;-48,6388;"SPRF-SC";"DEL01-SC";"UOP01-DEL01-SC"
128477;2018-04-17;"terça-feira";"12:54:00";"RN";110;47,9;"MOSSORO";"Desobediência às normas de trânsito pelo condutor";"Colisão traseira";"Com Vítimas Feridas";"Pleno dia";"Crescente";"Céu Claro";"Simples";"Reta";"Sim";2;0;1;0;1;0;1;2;-5,203384;-37,325634;"SPRF-RN";"DEL04-RN";"UOP01-DEL04-RN"
128479;2018-04-17;"terça-feira";"13:00:00";"PE";428;90;"SANTA MARIA DA BOA VISTA";"Ultrapassagem Indevida";"Saída de leito carroçável";"Sem Vítimas";"Pleno dia";"Crescente";"Céu Claro";"Simples";"Reta";"Não";1;0;0;0;1;0;0;1;-8,79271207;-39,84618902;"SPRF-PE";"DEL06-PE";"UOP03-DEL06-PE"
128481;2018-04-17;"terça-feira";"13:10:00";"SP";116;270,5;"TABOAO DA SERRA";"Não guardar distância de segurança";"Colisão lateral";"Com Vítimas Feridas";"Pleno dia";"Crescente";"Céu Claro";"Dupla";"Reta";"Sim";4;0;1;0;3;0;1;2;-23,60992449;-46,7698288;"SPRF-SP";"DEL04-SP";"UOP01-DEL04-SP"
128482;2018-04-17;"terça-feira";"13:15:00";"PR";376;105,3;"PARANAVAI";"Falta de Atenção à Condução";"Tombamento";"Com Vítimas Feridas";"Pleno dia";"Decrescente";"Céu Claro";"Simples";"Reta";"Não";1;0;1;0;0;0;1;1;-23,063156;-52,431847;"SPRF-PR";"DEL07-PR";"UOP02-DEL09-PR"
128483;2018-04-17;"terça-feira";"13:00:00";"TO";230;140,3;"ARAGUATINS";"Ingestão de Álcool";"Saída de leito carroçável";"Com Vítimas Feridas";"Pleno dia";"Decrescente";"Nublado";"Simples";"Reta";"Não";3;0;1;2;0;0;3;1;-5,727824;-48,117093;"SPRF-TO";"DEL02-TO";"UOP03-DEL02-TO"
128484;2018-03-16;"sexta-feira";"13:01:00";"SP";153;66,4;"SAO JOSE DO RIO PRETO";"Falta de Atenção à Condução";"Colisão com objeto estático";"Com Vítimas Feridas";"Pleno dia";"Crescente";"Sol";"Simples";"Viaduto";"Sim";2;0;1;0;1;0;1;1;-20,84449444;-49,37262833;"SPRF-SP";"DEL09-SP";"UOP01-DEL09-SP"
128485;2018-04-17;"terça-feira";"12:00:00";"SP";116;517,7;"CAJATI";"Falta de Atenção à Condução";"Capotamento";"Com Vítimas Feridas";"Pleno dia";"Decrescente";"Chuva";"Dupla";"Curva";"Não";4;0;2;0;2;0;2;1;-24,86650253;-48,21624756;"SPRF-SP";"DEL05-SP";"UAP01-DEL05-SP"
128487;2018-04-17;"terça-feira";"13:05:00";"SC";282;0,5;"FLORIANOPOLIS";"Não guardar distância de segurança";"Colisão traseira";"Com Vítimas Feridas";"Pleno dia";"Decrescente";"Nublado";"Dupla";"Declive";"Sim";5;0;1;0;4;0;1;4;-27,60016588;-48,57624292;"SPRF-SC";"DEL01-SC";"UOP01-DEL01-SC"
128489;2018-04-17;"terça-feira";"13:50:00";"TO";242;416,9;"CARIRI DO TOCANTINS";"Falta de Atenção à Condução";"Saída de leito carroçável";"Com Vítimas Feridas";"Pleno dia";"Crescente";"Nublado";"Simples";"Reta";"Não";2;0;1;1;0;0;2;1;-11,961072;-49,201527;"SPRF-TO";"DEL02-TO";"UOP02-DEL01-TO"
128493;2018-04-17;"terça-feira";"14:40:00";"MG";153;58;"MONTE ALEGRE DE MINAS";"Ingestão de Álcool";"Colisão traseira";"Com Vítimas Feridas";"Pleno dia";"Crescente";"Céu Claro";"Simples";"Reta";"Não";2;0;1;0;1;0;1;2;-18,8878;-49,051;"SPRF-MG";"DEL15-MG";"UOP03-DEL15-MG"
128495;2018-01-14;"domingo";"03:40:00";"AL";316;249;"ATALAIA";"Condutor Dormindo";"Colisão frontal";"Com Vítimas Fatais";"Plena Noite";"Decrescente";"Céu Claro";"Simples";"Reta";"Não";8;2;2;4;0;0;6;2;-9,51250553;-36,00325118;"SPRF-AL";"DEL01-AL";"UOP01-DEL01-AL"
128498;2018-04-17;"terça-feira";"15:50:00";"RS";285;291,7;"PASSO FUNDO";"Não guardar distância de segurança";"Colisão traseira";"Sem Vítimas";"Pleno dia";"Crescente";"Céu Claro";"Dupla";"Interseção de Vias";"Sim";4;0;0;0;4;0;0;2;-28,23808616;-52,370646;"SPRF-RS";"DEL08-RS";"UOP03-DEL08-RS"
128499;2018-04-17;"terça-feira";"15:38:00";"SP";116;156,2;"SAO JOSE DOS CAMPOS";"Defeito Mecânico no Veículo";"Queda de ocupante de veículo";"Com Vítimas Feridas";"Pleno dia";"Decrescente";"Céu Claro";"Dupla";"Reta";"Sim";2;0;2;0;0;0;2;1;-23,25138137;-45,93716383;"SPRF-SP";"DEL02-SP";"UOP01-DEL02-SP"
128500;2018-04-17;"terça-feira";"16:20:00";"GO";40;5,1;"VALPARAISO DE GOIAS";"Falta de Atenção à Condução";"Colisão transversal";"Com Vítimas Feridas";"Pleno dia";"Crescente";"Céu Claro";"Dupla";"Reta";"Sim";2;0;1;0;1;0;1;2;-16,094575;-47,9822515;"SPRF-DF";"DEL01-DF";"UOP01-DEL01-DF"
128504;2018-04-17;"terça-feira";"16:38:00";"ES";101;413,8;"ITAPEMIRIM";"Falta de Atenção à Condução";"Colisão transversal";"Com Vítimas Feridas";"Pleno dia";"Crescente";"Céu Claro";"Simples";"Reta";"Sim";3;0;1;0;2;0;1;2;-20,920148;-41,076907;"SPRF-ES";"DEL03-ES";"UOP02-DEL03-ES"
128505;2018-04-17;"terça-feira";"15:30:00";"MS";163;549,3;"BANDEIRANTES";"Ingestão de Álcool";"Colisão transversal";"Com Vítimas Feridas";"Pleno dia";"Decrescente";"Céu Claro";"Simples";"Reta";"Sim";2;0;0;1;1;0;1;2;-19,915662;-54,369507;"SPRF-MS";"DEL01-MS";"UOP02-DEL01-MS"
128506;2018-04-17;"terça-feira";"17:15:00";"ES";101;264,3;"SERRA";"Falta de Atenção à Condução";"Colisão lateral";"Com Vítimas Feridas";"Plena Noite";"Decrescente";"Chuva";"Múltipla";"Reta";"Sim";2;0;0;1;1;0;1;2;-20,17661177;-40,26590109;"SPRF-ES";"DEL02-ES";"UOP01-DEL02-ES"
128508;2018-04-17;"terça-feira";"16:10:00";"PE";232;128,5;"CARUARU";"Defeito Mecânico no Veículo";"Colisão com objeto estático";"Com Vítimas Feridas";"Pleno dia";"Crescente";"Céu Claro";"Dupla";"Reta";"Sim";1;0;1;0;0;0;1;1;-8,301935;-35,980919;"SPRF-PE";"DEL02-PE";"UOP03-DEL02-PE"
128509;2018-04-17;"terça-feira";"13:20:00";"SC";163;1,2;"DIONISIO CERQUEIRA";"Desobediência às normas de trânsito pelo condutor";"Colisão transversal";"Com Vítimas Feridas";"Pleno dia";"Crescente";"Céu Claro";"Simples";"Interseção de Vias";"Sim";2;0;2;0;0;0;2;2;-26,26634454;-53,62616658;"SPRF-SC";"DEL07-SC";"UOP04-DEL07-SC"