"id";"data_inversa";"dia_semana";"horario";"uf";"br";"km";"municipio";"causa_acidente";"tipo_acidente";"classificacao_acidente";"fase_dia";"sentido_via";"condicao_metereologica";"tipo_pista";"tracado_via";"uso_solo";"pessoas";"mortos";"feridos_leves";"feridos_graves";"ilesos";"ignorados";"feridos";"veiculos";"latitude";"longitude";"regional";"delegacia";"uop"
128822;2018-04-19;"quinta-feira";"07:10:00";"SC";101;135;"BALNEARIO CAMBORIU";"Não guardar distância de segurança";"Colisão lateral";"Com Vítimas Feridas";"Pleno dia";"Crescente";"Céu Claro";"Simples";"Reta";"Sim";2;0;1;0;1;0;1;2;-27,0081;-48,617;"SPRF-SC";"DEL04-SC";"UOP03-DEL04-SC"
128823;2018-04-19;"quinta-feira";"08:00:00";"PR";116;137,9;"MANDIRITUBA";"Falta de Atenção à Condução";"Colisão frontal";"Com Vítimas Feridas";"Pleno dia";"Crescente";"Céu Claro";"Dupla";"Reta";"Não";2;0;1;0;0;1;1;2;-25,7432737;-49,31747491;"SPRF-PR";"DEL01-PR";"UOP03-DEL01-PR"
128824;2018-04-19;"quinta-feira";"07:45:00";"PE";423;86,1;"SAO JOAO";"Falta de Atenção do Pedestre";"Colisão lateral";"Sem Vítimas";"Pleno dia";"Crescente";"Céu Claro";"Simples";"Reta";"Não";3;0;0;0;3;0;0;3;-8,815099;-36,445809;"SPRF-PE";"DEL03-PE";"UOP01-DEL03-PE"
128825;2018-04-19;"quinta-feira";"07:30:00";"RS";290;96;"PORTO ALEGRE";"Falta de Atenção à Condução";"Colisão lateral";"Com Vítimas Feridas";"Pleno dia";"Crescente";"Sol";"Dupla";"Reta";"Não";4;0;2;0;2;0;2;3;-29,99190581;-51,20480239;"SPRF-RS";"DEL01-RS";"UOP01-DEL01-RS"
128826;2018-04-19;"quinta-feira";"08:00:00";"SC";101;207;"SAO JOSE";"Falta de Atenção à Condução";"Colisão traseira";"Com Vítimas Feridas";"Pleno dia";"Crescente";"Céu Claro";"Múltipla";"Reta";"Sim";4;0;1;0;3;0;1;3;-27,59785543;-48,6206137;"SPRF-SC";"DEL01-SC";"UOP01-DEL01-SC"
128827;2018-04-19;"quinta-feira";"07:40:00";"MG";381;482,9;"BETIM";"Falta de Atenção à Condução";"Colisão traseira";"Com Vítimas Feridas";"Pleno dia";"Decrescente";"Céu Claro";"Dupla";"Reta";"Não";2;0;1;0;1;0;1;2;-19,9578;-44,0795;"SPRF-MG";"DEL01-MG";"UOP03-DEL01-MG"
128828;2018-04-19;"quinta-feira";"07:50:00";"PB";230;22;"JOAO PESSOA";"Defeito Mecânico no Veículo";"Queda de ocupante de veículo";"Com Vítimas Feridas";"Pleno dia";"Decrescente";"Sol";"Dupla";"Reta";"Sim";2;0;1;1;0;0;2;1;-7,1514848;-34,8533766;"SPRF-PB";"DEL01-PB";"UOP01-DEL01-PB"
128829;2018-04-19;"quinta-feira";"08:20:00";"SC";282;216,5;"LAGES";"Falta de Atenção à Condução";"Atropelamento de Pedestre";"Com Vítimas Feridas";"Pleno dia";"Crescente";"Céu Claro";"Simples";"Reta";"Sim";2;0;1;0;1;0;1;2;-27,79737224;-50,29567838;"SPRF-SC";"DEL05-SC";"UOP01-DEL05-SC"
128830;2018-04-19;"quinta-feira";"07:40:00";"PR";277;347,7;"GUARAPUAVA";"Falta de Atenção à Condução";"Colisão traseira";"Com Vítimas Feridas";"Pleno dia";"Crescente";"Céu Claro";"Simples";"Reta";"Sim";2;0;1;0;1;0;1;2;-25,37851059;-51,50672257;"SPRF-PR";"DEL03-PR";"UOP01-DEL08-PR"
128831;2018-04-19;"quinta-feira";"08:25:00";"SC";101;209,5;"SAO JOSE";"Falta de Atenção à Condução";"Colisão lateral";"Com Vítimas Feridas";"Pleno dia";"Decrescente";"Sol";"Múltipla";"Reta";"Sim";2;0;1;0;1;0;1;2;-27,60849925;-48,63728908;"SPRF-SC";"DEL01-SC";"UOP01-DEL01-SC"
128832;2018-04-19;"quinta-feira";"08:10:00";"BA";116;438,9;"FEIRA DE SANTANA";"Pista Escorregadia";"Colisão com objeto estático";"Com Vítimas Feridas";"Pleno dia";"Crescente";"Chuva";"Dupla";"Curva";"Não";2;0;1;0;1;0;1;1;-12,33708811;-39,07483131;"SPRF-BA";"DEL02-BA";"UOP01-DEL02-BA"
128833;2018-04-19;"quinta-feira";"07:25:00";"MS";60;423,5;"SIDROLANDIA";"Falta de Atenção à Condução";"Colisão transversal";"Com Vítimas Feridas";"Pleno dia";"Decrescente";"Céu Claro";"Simples";"Reta";"Não";2;0;1;0;1;0;1;2;-20,910132;-54,944998;"SPRF-MS";"DEL01-MS";"UOP04-DEL01-MS"
128835;2018-04-19;"quinta-feira";"08:53:00";"GO";70;1,7;"AGUAS LINDAS DE GOIAS";"Falta de Atenção à Condução";"Colisão com objeto estático";"Com Vítimas Feridas";"Pleno dia";"Decrescente";"Céu Claro";"Dupla";"Declive;Curva";"Sim";1;0;1;0;0;0;1;1;-15,769502;-48,230126;"SPRF-DF";"DEL01-DF";"UOP02-DEL03-DF"
128841;2018-04-19;"quinta-feira";"09:10:00";"RN";101;107;"PARNAMIRIM";"Desobediência às normas de trânsito pelo condutor";"Colisão lateral";"Com Vítimas Feridas";"Pleno dia";"Decrescente";"Céu Claro";"Dupla";"Reta";"Sim";3;0;1;0;2;0;1;2;-5,92010239;-35,26447713;"SPRF-RN";"DEL01-RN";"UOP01-DEL01-RN"
128843;2018-04-19;"quinta-feira";"09:25:00";"PR";376;387,7;"IMBAU";"Velocidade Incompatível";"Colisão com objeto estático";"Sem Vítimas";"Pleno dia";"Crescente";"Céu Claro";"Dupla";"Reta";"Sim";1;0;0;0;1;0;0;1;-24,46194012;-50,75060897;"SPRF-PR";"DEL03-PR";"UOP02-DEL03-PR"
128844;2018-04-04;"quarta-feira";"23:05:00";"PR";376;174;"MARINGA";"Falta de Atenção à Condução";"Colisão transversal";"Com Vítimas Feridas";"Plena Noite";"Decrescente";"Ignorado";"Dupla";"Interseção de Vias";"Sim";2;0;0;1;1;0;1;2;-23,41138992;-51,94159247;"SPRF-PR";"DEL07-PR";"UOP01-DEL09-PR"
128845;2018-04-19;"quinta-feira";"09:30:00";"SP";116;218;"GUARULHOS";"Defeito Mecânico no Veículo";"Incêndio";"Sem Vítimas";"Pleno dia";"Crescente";"Sol";"Múltipla";"Reta";"Sim";1;0;0;0;1;0;0;1;-23,45814822;-46,48198485;"SPRF-SP";"DEL01-SP";"UOP01-DEL01-SP"
128847;2018-04-19;"quinta-feira";"09:10:00";"RJ";116;177,5;"NOVA IGUACU";"Não guardar distância de segurança";"Colisão traseira";"Com Vítimas Feridas";"Pleno dia";"Decrescente";"Sol";"Dupla";"Reta";"Sim";3;0;2;0;1;0;2;2;-22,74863871;-43,44320297;"SPRF-RJ";"DEL01-RJ";"UOP02-DEL01-RJ"
128848;2018-02-18;"domingo";"16:00:00";"PB";230;19,3;"JOAO PESSOA";"Falta de Atenção à Condução";"Colisão lateral";"Com Vítimas Feridas";"Pleno dia";"Decrescente";"Garoa/Chuvisco";"Dupla";"Reta";"Sim";2;0;0;1;0;1;1;2;-7,131208;-34,852262;"SPRF-PB";"DEL01-PB";"UOP01-DEL01-PB"
128853;2018-02-25;"domingo";"16:15:00";"PR";116;124;"CURITIBA";"Falta de Atenção à Condução";"Saída de leito carroçável";"Com Vítimas Feridas";"Pleno dia";"Decrescente";"Céu Claro";"Dupla";"Reta";"Não";2;0;2;0;0;0;2;1;-25,62032292;-49,31625366;"SPRF-PR";"DEL01-PR";"UOP03-DEL01-PR"
128854;2018-04-19;"quinta-feira";"09:40:00";"RS";285;55,5;"BOM JESUS";"Desobediência às normas de trânsito pelo condutor";"Colisão frontal";"Com Vítimas Fatais";"Pleno dia";"Crescente";"Céu Claro";"Simples";"Reta";"Não";3;1;1;1;0;0;2;2;-28,64957;-50,374123;"SPRF-RS";"DEL05-RS";"UOP03-DEL05-RS"
128856;2018-04-03;"terça-feira";"06:40:00";"ES";101;264,9;"SERRA";"Não guardar distância de segurança";"Tombamento";"Com Vítimas Feridas";"Pleno dia";"Crescente";"Céu Claro";"Múltipla";"Reta";"Sim";1;0;0;1;0;0;1;1;-20,18215041;-40,26564628;"SPRF-ES";"DEL02-ES";"UOP01-DEL02-ES"
128857;2018-04-19;"quinta-feira";"09:50:00";"PB";230;17;"JOAO PESSOA";"Falta de Atenção à Condução";"Colisão traseira";"Com Vítimas Feridas";"Pleno dia";"Crescente";"Céu Claro";"Dupla";"Reta";"Sim";3;0;1;0;2;0;1;3;-7,1163984;-34,84220628;"SPRF-PB";"DEL01-PB";"UOP01-DEL01-PB"
128861;2018-04-15;"domingo";"18:00:00";"MS";163;211,9;"CAARAPO";"Falta de Atenção à Condução";"Colisão transversal";"Com Vítimas Feridas";"Plena Noite";"Crescente";"Nublado";"Simples";"Reta";"Não";5;0;4;0;1;0;4;2;-22,60794687;-54,81559753;"SPRF-MS";"DEL04-MS";"UOP02-DEL04-MS"
128862;2018-04-19;"quinta-feira";"10:40:00";"GO";60;136,5;"GOIANIA";"Defeito Mecânico no Veículo";"Saída de leito carroçável";"Com Vítimas Feridas";"Pleno dia";"Decrescente";"Céu Claro";"Simples";"Reta";"Sim";1;0;1;0;0;0;1;1;-16,5959;-49,1965;"SPRF-GO";"DEL01-GO";"UOP01-DEL01-GO"
128867;2018-04-19;"quinta-feira";"10:20:00";"RS";290;43,8;"GLORINHA";"Falta de Atenção à Condução";"Saída de leito carroçável";"Com Vítimas Feridas";"Pleno dia";"Decrescente";"Céu Claro";"Dupla";"Reta";"Não";1;0;1;0;0;0;1;1;-29,889574;-50,689316;"SPRF-RS";"DEL03-RS";"UOP02-DEL03-RS"
128870;2018-04-19;"quinta-feira";"12:25:00";"ES";101;66;"SAO MATEUS";"Falta de Atenção à Condução";"Colisão transversal";"Com Vítimas Feridas";"Pleno dia";"Crescente";"Céu Claro";"Simples";"Reta";"Sim";3;0;3;0;0;0;3;2;-18,716522;-39,874359;"SPRF-ES";"DEL04-ES";"UOP02-DEL04-ES"
128871;2018-04-19;"quinta-feira";"11:50:00";"PA";230;120,9;"MARABA";"Defeito Mecânico no Veículo";"Engavetamento";"Sem Vítimas";"Pleno dia";"Crescente";"Sol";"Simples";"Aclive";"Sim";7;0;0;0;7;0;0;7;-5,350384;-49,114384;"SPRF-PA";"DEL03-PA";"UOP01-DEL03-PA"
128874;2018-04-19;"quinta-feira";"13:15:00";"MG";365;615;"UBERLANDIA";"Animais na Pista";"Tombamento";"Com Vítimas Feridas";"Pleno dia";"Crescente";"Nublado";"Simples";"Reta";"Não";2;0;1;1;0;0;2;1;-18,91412212;-48,21659759;"SPRF-MG";"DEL15-MG";"UOP01-DEL15-MG"
128875;2018-04-19;"quinta-feira";"13:10:00";"SC";470;90,9;"ASCURRA";"Falta de Atenção à Condução";"Colisão transversal";"Com Vítimas Feridas";"Pleno dia";"Crescente";"Céu Claro";"Simples";"Interseção de Vias";"Sim";2;0;0;1;1;0;1;2;-26,96214945;-49,37089294;"SPRF-SC";"DEL04-SC";"UOP01-DEL04-SC"
128877;2018-04-19;"quinta-feira";"10:15:00";"RJ";116;171;"SAO JOAO DE MERITI";"Não guardar distância de segurança";"Colisão traseira";"Sem Vítimas";"Pleno dia";"Decrescente";"Sol";"Múltipla";"Reta";"Sim";2;0;0;0;2;0;0;2;-22,806042;-43,342896;"SPRF-RJ";"DEL01-RJ";"UOP02-DEL01-RJ"
128878;2018-04-19;"quinta-feira";"12:35:00";"PA";316;67;"CASTANHAL";"Falta de Atenção à Condução";"Colisão transversal";"Sem Vítimas";"Pleno dia";"Crescente";"Chuva";"Dupla";"Reta";"Sim";2;0;0;0;2;0;0;2;-1,29498899;-47,88275242;"SPRF-PA";"DEL01-PA";"UOP01-DEL01-PA"
128881;2018-04-19;"quinta-feira";"13:11:00";"PI";343;341,8;"TERESINA";"Falta de Atenção à Condução";"Colisão transversal";"Com Vítimas Feridas";"Pleno dia";"Crescente";"Céu Claro";"Dupla";"Reta";"Sim";2;0;1;0;1;0;1;2;-5,077812;-42,744255;"SPRF-PI";"DEL01-PI";"UOP01-DEL01-PI"
128882;2018-04-19;"quinta-feira";"13:35:00";"ES";101;299,1;"VIANA";"Falta de Atenção à Condução";"Colisão lateral";"Com Vítimas Feridas";"Pleno dia";"Crescente";"Nublado";"Múltipla";"Reta";"Sim";2;0;0;1;1;0;1;2;-20,35822686;-40,42382419;"SPRF-ES";"DEL01-ES";"UOP01-DEL01-ES"
128883;2018-04-01;"domingo";"18:50:00";"RJ";116;135;"MAGE";"Falta de Atenção à Condução";"Colisão lateral";"Com Vítimas Feridas";"Plena Noite";"Crescente";"Céu Claro";"Dupla";"Reta";"Sim";3;0;2;0;1;0;2;2;-22,652248;-43,163132;"SPRF-RJ";"DEL04-RJ";"UOP02-DEL04-RJ"
128884;2018-04-19;"quinta-feira";"12:00:00";"SC";101;284;"IMBITUBA";"Falta de Atenção à Condução";"Colisão com objeto estático";"Com Vítimas Feridas";"Pleno dia";"Decrescente";"Céu Claro";"Dupla";"Reta";"Sim";1;0;1;0;0;0;1;1;-28,2443;-48,6996;"SPRF-SC";"DEL02-SC";"UOP03-DEL02-SC"
128886;2018-03-08;"quinta-feira";"08:20:00";"PR";163;35;"SANTO ANTONIO DO SUDOESTE";"Falta de Atenção do Pedestre";"Atropelamento de Pedestre";"Com Vítimas Feridas";"Pleno dia";"Crescente";"Sol";"Simples";"Aclive";"Sim";2;0;1;0;1;0;1;2;-26,0685;-53,7209;"SPRF-PR";"DEL02-PR";"UOP02-DEL02-PR"
128889;2018-04-19;"quinta-feira";"13:30:00";"PE";232;15;"JABOATAO DOS GUARARAPES";"Pista Escorregadia";"Saída de leito carroçável";"Com Vítimas Feridas";"Pleno dia";"Decrescente";"Chuva";"Dupla";"Curva";"Não";5;0;4;0;1;0;4;1;-8,09377;-35,032065;"SPRF-PE";"DEL01-PE";"UOP01-DEL01-PE"
128891;2018-04-19;"quinta-feira";"11:40:00";"MA";316;487,5;"CODO";"Ultrapassagem Indevida";"Saída de leito carroçável";"Com Vítimas Feridas";"Pleno dia";"Decrescente";"Céu Claro";"Simples";"Reta";"Não";3;0;1;0;2;0;1;1;-4,645679;-43,858738;"SPRF-MA";"DEL03-MA";"UOP02-DEL03-MA"
128892;2018-04-19;"quinta-feira";"14:52:00";"MG";40;42,4;"PARACATU";"Desobediência às normas de trânsito pelo condutor";"Colisão transversal";"Com Vítimas Feridas";"Pleno dia";"Crescente";"Céu Claro";"Simples";"Interseção de Vias";"Sim";2;0;1;0;1;0;1;2;-17,22327229;-46,86530471;"SPRF-MG";"DEL14-MG";"UOP01-DEL14-MG"
128893;2018-04-16;"segunda-feira";"06:24:00";"SP";381;73;"SAO PAULO";"Velocidade Incompatível";"Capotamento";"Com Vítimas Feridas";"Amanhecer";"Decrescente";"Chuva";"Dupla";"Curva";"Não";1;0;1;0;0;0;1;1;-23,36892893;-46,55398607;"SPRF-SP";"DEL03-SP";"DEL6/3-UOP03/SP"
128894;2018-04-19;"quinta-feira";"14:50:00";"CE";304;50,9;"ARACATI";"Falta de Atenção à Condução";"Saída de leito carroçável";"Com Vítimas Feridas";"Pleno dia";"Crescente";"Céu Claro";"Simples";"Reta";"Não";2;0;1;0;1;0;1;1;-4,569423;-37,753418;"SPRF-CE";"DEL03-CE";"UOP03-DEL03-CE"
128895;2018-04-19;"quinta-feira";"15:25:00";"MG";116;816;"ALEM PARAIBA";"Falta de Atenção à Condução";"Colisão transversal";"Com Vítimas Feridas";"Pleno dia";"Crescente";"Céu Claro";"Simples";"Curva";"Sim";2;0;1;0;1;0;1;2;-21,86284296;-42,67188365;"SPRF-MG";"DEL07-MG";"UOP01-DEL07-MG"
128897;2018-03-26;"segunda-feira";"16:45:00";"PR";277;6,6;"PARANAGUA";"Falta de Atenção à Condução";"Colisão transversal";"Com Vítimas Feridas";"Pleno dia";"Crescente";"Chuva";"Dupla";"Rotatória";"Sim";2;0;1;0;1;0;1;2;-25,5205;-48,5095;"SPRF-PR";"DEL01-PR";"UOP05-DEL01-PR"
128898;2018-04-19;"quinta-feira";"15:30:00";"RJ";40;102;"DUQUE DE CAXIAS";"Mal Súbito";"Capotamento";"Com Vítimas Feridas";"Pleno dia";"Crescente";"Céu Claro";"Múltipla";"Reta";"Não";1;0;1;0;0;0;1;1;-22,6089191;-43,2843469;"SPRF-RJ";"DEL01-RJ";"UOP01-DEL01-RJ"
128899;2018-04-19;"quinta-feira";"15:50:00";"AL";423;73,7;"AGUA BRANCA";"Defeito Mecânico no Veículo";"Tombamento";"Com Vítimas Feridas";"Pleno dia";"Crescente";"Céu Claro";"Simples";"Reta";"Não";2;0;2;0;0;0;2;1;-9,311889;-37,925148;"SPRF-AL";"DEL03-AL";"UOP02-DEL03-AL"
128900;2018-04-19;"quinta-feira";"14:55:00";"MS";262;326;"CAMPO GRANDE";"Desobediência às normas de trânsito pelo condutor";"Colisão transversal";"Com Vítimas Feridas";"Pleno dia";"Decrescente";"Céu Claro";"Dupla";"Reta";"Sim";4;0;1;0;2;1;1;2;-20,468604;-54,534401;"SPRF-MS";"DEL01-MS";"UOP01-DEL01-MS"
128901;2018-04-19;"quinta-feira";"16:00:00";"MG";262;37,1;"MANHUACU";"Desobediência às normas de trânsito pelo condutor";"Colisão lateral";"Com Vítimas Feridas";"Pleno dia";"Crescente";"Céu Claro";"Simples";"Reta";"Sim";4;0;0;1;1;2;1;3;-20,25749;-42,030487;"SPRF-MG";"DEL06-MG";"UOP03-DEL06-MG"
128902;2018-04-19;"quinta-feira";"15:00:00";"SC";282;463;"PONTE SERRADA";"Falta de Atenção à Condução";"Colisão lateral";"Com Vítimas Feridas";"Pleno dia";"Decrescente";"Céu Claro";"Simples";"Curva";"Sim";2;0;1;0;1;0;1;2;-26,85642754;-52,03149676;"SPRF-SC";"DEL07-SC";"UOP04-DEL07-SC"
128903;2018-04-19;"quinta-feira";"16:00:00";"SP";116;270,5;"TABOAO DA SERRA";"Pista Escorregadia";"Queda de ocupante de veículo";"Com Vítimas Feridas";"Pleno dia";"Crescente";"Sol";"Dupla";"Reta";"Sim";1;0;1;0;0;0;1;1;-23,60794849;-46,76757038;"SPRF-SP";"DEL04-SP";"UOP01-DEL04-SP"
128909;2018-04-19;"quinta-feira";"16:05:00";"SE";101;144,2;"ESTANCIA";"Avarias e/ou desgaste excessivo no pneu";"Tombamento";"Com Vítimas Feridas";"Pleno dia";"Decrescente";"Sol";"Dupla";"Retorno Regulamentado";"Não";2;0;2;0;0;0;2;1;-11,21642726;-37,41649926;"SPRF-SE";"DEL02-SE";"UOP01-DEL02-SE"
128910;2018-04-19;"quinta-feira";"16:05:00";"BA";324;536;"CONCEICAO DO JACUIPE";"Velocidade Incompatível";"Saída de leito carroçável";"Com Vítimas Feridas";"Pleno dia";"Decrescente";"Chuva";"Dupla";"Curva";"Não";3;0;2;0;1;0;2;1;-12,375804;-38,804726;"SPRF-BA";"DEL01-BA";"UOP01-DEL01-BA"
128912;2018-04-19;"quinta-feira";"15:45:00";"MA";230;404,4;"BALSAS";"Desobediência às normas de trânsito pelo condutor";"Colisão lateral";"Com Vítimas Feridas";"Pleno dia";"Decrescente";"Céu Claro";"Simples";"Reta";"Sim";2;0;0;1;1;0;1;2;-7,52349021;-46,04468822;"SPRF-MA";"DEL05-MA";"UOP01-DEL05-MA"
128913;2018-04-19;"quinta-feira";"16:30:00";"ES";101;134;"LINHARES";"Defeito Mecânico no Veículo";"Incêndio";"Sem Vítimas";"Pleno dia";"Crescente";"Céu Claro";"Simples";"Reta";"Não";1;0;0;0;0;1;0;1;-19,28715028;-40,08657932;"SPRF-ES";"DEL04-ES";"UOP01-DEL04-ES"
128916;2018-04-19;"quinta-feira";"17:15:00";"ES";101;119;"SOORETAMA";"Falta de Atenção à Condução";"Colisão traseira";"Com Vítimas Feridas";"Anoitecer";"Crescente";"Céu Claro";"Simples";"Reta";"Não";2;0;0;1;1;0;1;2;-19,12454198;-40,06602287;"SPRF-ES";"DEL04-ES";"UOP01-DEL04-ES"
128918;2018-04-19;"quinta-feira";"16:00:00";"CE";222;90;"UMIRIM";"Falta de Atenção à Condução";"Colisão com objeto estático";"Com Vítimas Feridas";"Pleno dia";"Decrescente";"Céu Claro";"Simples";"Reta";"Sim";2;0;1;0;1;0;1;1;-3,678981;-39,350971;"SPRF-CE";"DEL04-CE";"UOP03-DEL04-CE"
128920;2018-04-19;"quinta-feira";"16:00:00";"RJ";116;95;"GUAPIMIRIM";"Falta de Atenção à Condução";"Queda de ocupante de veículo";"Com Vítimas Feridas";"Pleno dia";"Crescente";"Nublado";"Simples";"Curva";"Não";2;0;1;0;1;0;1;1;-22,48411204;-42,99558519;"SPRF-RJ";"DEL04-RJ";"UOP02-DEL04-RJ"
128921;2018-04-19;"quinta-feira";"17:20:00";"RN";101;106;"PARNAMIRIM";"Falta de Atenção do Pedestre";"Atropelamento de Pedestre";"Com Vítimas Feridas";"Plena Noite";"Decrescente";"Céu Claro";"Dupla";"Reta";"Sim";2;0;1;0;1;0;1;2;-5,910553;-35,261307;"SPRF-RN";"DEL01-RN";"UOP01-DEL01-RN"
128922;2018-04-19;"quinta-feira";"17:15:00";"BA";242;788;"BARREIRAS";"Falta de Atenção à Condução";"Colisão transversal";"Com Vítimas Feridas";"Pleno dia";"Crescente";"Céu Claro";"Simples";"Interseção de Vias";"Não";2;0;2;0;0;0;2;2;-12,117626;-44,952907;"SPRF-BA";"DEL10-BA";"UOP01-DEL10-BA"
128923;2018-04-19;"quinta-feira";"17:40:00";"DF";60;11;"BRASILIA";"Avarias e/ou desgaste excessivo no pneu";"Saída de leito carroçável";"Com Vítimas Feridas";"Anoitecer";"Crescente";"Céu Claro";"Dupla";"Reta";"Não";4;0;2;0;0;2;2;1;-15,911784;-48,157192;"SPRF-DF";"DEL01-DF";"UOP01-DEL03-DF"
128925;2018-04-19;"quinta-feira";"16:55:00";"PA";308;0;"BELEM";"Não guardar distância de segurança";"Colisão lateral";"Com Vítimas Feridas";"Pleno dia";"Decrescente";"Nublado";"Simples";"Aclive";"Sim";4;0;2;0;2;0;2;3;-1,40589432;-48,43485832;"SPRF-PA";"DEL01-PA";"DEL19/1-UOP05/PA"
128926;2018-04-19;"quinta-feira";"17:30:00";"SC";282;233,5;"LAGES";"Desobediência às normas de trânsito pelo condutor";"Queda de ocupante de veículo";"Com Vítimas Fatais";"Anoitecer";"Crescente";"Céu Claro";"Simples";"Curva";"Não";2;1;0;0;1;0;0;1;-27,74841044;-50,50271273;"SPRF-SC";"DEL05-SC";"UOP02-DEL05-SC"
128929;2018-04-19;"quinta-feira";"17:50:00";"BA";116;675,3;"JEQUIE";"Falta de Atenção à Condução";"Colisão lateral";"Com Vítimas Feridas";"Pleno dia";"Decrescente";"Nublado";"Simples";"Reta";"Sim";2;0;1;0;1;0;1;2;-13,872165;-40,122442;"SPRF-BA";"DEL03-BA";"UOP01-DEL03-BA"
128930;2018-04-19;"quinta-feira";"18:25:00";"RJ";101;51,6;"CAMPOS DOS GOYTACAZES";"Falta de Atenção do Pedestre";"Atropelamento de Pedestre";"Com Vítimas Feridas";"Plena Noite";"Crescente";"Céu Claro";"Simples";"Reta";"Sim";2;0;1;0;1;0;1;2;-21,4476847;-41,3432258;"SPRF-RJ";"DEL08-RJ";"UOP01-DEL08-RJ"
128931;2018-04-19;"quinta-feira";"18:15:00";"MG";40;632,1;"CONSELHEIRO LAFAIETE";"Falta de Atenção à Condução";"Colisão traseira";"Com Vítimas Feridas";"Plena Noite";"Crescente";"Céu Claro";"Dupla";"Interseção de Vias";"Sim";2;0;1;0;1;0;1;2;-20,69;-43,79;"SPRF-MG";"DEL05-MG";"UOP02-DEL05-MG"
128932;2018-04-19;"quinta-feira";"17:30:00";"RR";174;506,3;"BOA VISTA";"Não guardar distância de segurança";"Colisão traseira";"Com Vítimas Feridas";"Pleno dia";"Crescente";"Céu Claro";"Dupla";"Interseção de Vias";"Sim";2;0;1;0;1;0;1;2;2,81985817;-60,69447398;"SPRF-RR";"DEL01-RR";"UOP01-DEL01-RR"
128933;2018-04-19;"quinta-feira";"18:55:00";"RS";470;217;"BENTO GONCALVES";"Falta de Atenção à Condução";"Colisão transversal";"Com Vítimas Feridas";"Plena Noite";"Crescente";"Céu Claro";"Simples";"Declive";"Sim";3;0;2;0;1;0;2;2;-29,17499296;-51,52296418;"SPRF-RS";"DEL06-RS";"UOP01-DEL06-RS"
128934;2018-04-19;"quinta-feira";"15:30:00";"RJ";101;499;"ANGRA DOS REIS";"Falta de Atenção à Condução";"Saída de leito carroçável";"Com Vítimas Feridas";"Pleno dia";"Decrescente";"Céu Claro";"Simples";"Curva";"Sim";1;0;1;0;0;0;1;1;-22,92140133;-44,35695648;"SPRF-RJ";"DEL03-RJ";"UOP03-DEL03-RJ"
128935;2018-04-19;"quinta-feira";"19:00:00";"PE";101;77;"RECIFE";"Desobediência às normas de trânsito pelo condutor";"Colisão transversal";"Com Vítimas Feridas";"Plena Noite";"Crescente";"Chuva";"Dupla";"Reta;Declive";"Sim";2;0;0;1;1;0;1;2;-8,13322178;-34,94694114;"SPRF-PE";"DEL01-PE";"UOP01-DEL01-PE"
128937;2018-04-19;"quinta-feira";"18:40:00";"SC";280;10;"SAO FRANCISCO DO SUL";"Falta de Atenção à Condução";"Colisão traseira";"Com Vítimas Feridas";"Plena Noite";"Decrescente";"Céu Claro";"Simples";"Reta";"Não";2;0;1;0;1;0;1;2;-26,296303;-48,642361;"SPRF-SC";"DEL03-SC";"UOP03-DEL03-SC"
128938;2018-04-19;"quinta-feira";"17:10:00";"RS";386;428,2;"NOVA SANTA RITA";"Desobediência às normas de trânsito pelo condutor";"Colisão transversal";"Com Vítimas Feridas";"Pleno dia";"Decrescente";"Sol";"Simples";"Reta";"Não";5;0;5;0;0;0;5;2;-29,82277415;-51,34426117;"SPRF-RS";"DEL04-RS";"UOP02-DEL04-RS"
128940;2018-04-19;"quinta-feira";"12:00:00";"SP";116;217;"GUARULHOS";"Falta de Atenção à Condução";"Colisão lateral";"Com Vítimas Feridas";"Pleno dia";"Decrescente";"Sol";"Múltipla";"Reta";"Sim";2;0;0;1;1;0;1;2;-23,4569692;-46,477615;"SPRF-SP";"DEL01-SP";"UOP01-DEL01-SP"
128941;2018-04-19;"quinta-feira";"19:15:00";"SC";101;210;"PALHOCA";"Não guardar distância de segurança";"Colisão traseira";"Com Vítimas Feridas";"Anoitecer";"Decrescente";"Céu Claro";"Dupla";"Reta";"Sim";2;0;1;0;1;0;1;2;-27,6235;-48,6524;"SPRF-SC";"DEL01-SC";"UOP01-DEL01-SC"
128942;2018-04-19;"quinta-feira";"18:00:00";"ES";393;19;"MUQUI";"Falta de Atenção à Condução";"Colisão traseira";"Com Vítimas Feridas";"Anoitecer";"Crescente";"Céu Claro";"Simples";"Reta";"Não";2;0;0;1;1;0;1;2;-20,953707;-41,348125;"SPRF-ES";"DEL03-ES";"UOP02-DEL03-ES"
128943;2018-04-19;"quinta-feira";"19:00:00";"ES";259;52,4;"COLATINA";"Desobediência às normas de trânsito pelo condutor";"Colisão lateral";"Com Vítimas Feridas";"Plena Noite";"Decrescente";"Céu Claro";"Múltipla";"Declive";"Sim";3;0;1;0;2;0;1;3;-19,502253;-40,620892;"SPRF-ES";"DEL02-ES";"UOP01-DEL02-ES"
128945;2018-04-19;"quinta-feira";"19:50:00";"PR";376;183,7;"SARANDI";"Desobediência às normas de trânsito pelo pedestre";"Atropelamento de Pedestre";"Com Vítimas Fatais";"Plena Noite";"Decrescente";"Céu Claro";"Dupla";"Viaduto";"Sim";2;1;0;0;1;0;0;2;-23,44016;-51,87254;"SPRF-PR";"DEL07-PR";"UOP01-DEL09-PR"