"id";"data_inversa";"dia_semana";"horario";"uf";"br";"km";"municipio";"causa_acidente";"tipo_acidente";"classificacao_acidente";"fase_dia";"sentido_via";"condicao_metereologica";"tipo_pista";"tracado_via";"uso_solo";"pessoas";"mortos";"feridos_leves";"feridos_graves";"ilesos";"ignorados";"feridos";"veiculos";"latitude";"longitude";"regional";"delegacia";"uop"
129071;2018-04-20;"sexta-feira";"13:00:00";"RJ";393;281,6;"VOLTA REDONDA";"Falta de Atenção à Condução";"Colisão transversal";"Com Vítimas Feridas";"Pleno dia";"Crescente";"Sol";"Simples";"Curva";"Sim";2;0;1;0;1;0;1;2;-22,4756227;-44,06312585;"SPRF-RJ";"DEL05-RJ";"UOP04-DEL05-RJ"
129074;2018-04-20;"sexta-feira";"13:55:00";"PE";407;10;"AFRANIO";"Ingestão de Álcool";"Atropelamento de Pedestre";"Com Vítimas Feridas";"Pleno dia";"Decrescente";"Céu Claro";"Simples";"Ponte";"Não";2;0;2;0;0;0;2;2;-8,509351;-41,008175;"SPRF-PE";"DEL06-PE";"UOP02-DEL06-PE"
129075;2018-04-20;"sexta-feira";"14:00:00";"SC";101;217,2;"PALHOCA";"Falta de Atenção à Condução";"Colisão traseira";"Com Vítimas Feridas";"Pleno dia";"Crescente";"Céu Claro";"Múltipla";"Reta";"Não";2;0;1;0;1;0;1;2;-27,6771;-48,67;"SPRF-SC";"DEL01-SC";"UOP02-DEL01-SC"
129077;2018-04-20;"sexta-feira";"12:35:00";"SC";280;57,9;"GUARAMIRIM";"Falta de Atenção à Condução";"Colisão transversal";"Com Vítimas Feridas";"Pleno dia";"Crescente";"Céu Claro";"Simples";"Reta";"Sim";2;0;1;0;1;0;1;2;-26,478106;-49,012608;"SPRF-SC";"DEL03-SC";"UOP03-DEL03-SC"
129078;2018-04-20;"sexta-feira";"09:20:00";"MG";50;121,1;"UBERABA";"Ingestão de Álcool";"Colisão com objeto estático";"Com Vítimas Feridas";"Pleno dia";"Crescente";"Nublado";"Dupla";"Reta";"Não";1;0;1;0;0;0;1;1;-19,3254;-48,1026;"SPRF-MG";"DEL13-MG";"UOP01-DEL13-MG"
129079;2018-04-20;"sexta-feira";"14:20:00";"DF";20;8;"BRASILIA";"Falta de Atenção à Condução";"Colisão traseira";"Com Vítimas Feridas";"Pleno dia";"Decrescente";"Céu Claro";"Dupla";"Reta";"Sim";2;0;1;0;1;0;1;2;-15,652849;-47,78129;"SPRF-DF";"DEL02-DF";"UOP01-DEL02-DF"
129085;2018-04-20;"sexta-feira";"13:55:00";"MG";116;432,8;"ENGENHEIRO CALDAS";"Condutor Dormindo";"Tombamento";"Com Vítimas Feridas";"Pleno dia";"Decrescente";"Céu Claro";"Simples";"Reta";"Não";2;0;1;1;0;0;2;1;-19,01246247;-41,9802618;"SPRF-MG";"DEL06-MG";"UOP01-DEL06-MG"
129086;2018-04-20;"sexta-feira";"15:10:00";"CE";20;419,1;"MARACANAU";"Defeito na Via";"Colisão lateral";"Com Vítimas Feridas";"Pleno dia";"Crescente";"Céu Claro";"Simples";"Rotatória";"Sim";2;0;1;0;1;0;1;2;-3,8440872;-38,58499289;"SPRF-CE";"DEL01-CE";"UOP02-DEL01-CE"
129087;2018-04-17;"terça-feira";"04:50:00";"PR";277;729;"FOZ DO IGUACU";"Falta de Atenção à Condução";"Saída de leito carroçável";"Com Vítimas Feridas";"Plena Noite";"Crescente";"Céu Claro";"Simples";"Curva";"Sim";3;0;2;1;0;0;3;1;-25,50751967;-54,58344698;"SPRF-PR";"DEL05-PR";"UOP03-DEL05-PR"
129092;2018-04-20;"sexta-feira";"13:00:00";"AL";104;62;"MURICI";"Carga excessiva e/ou mal acondicionada";"Derramamento de carga";"Com Vítimas Feridas";"Pleno dia";"Decrescente";"Céu Claro";"Simples";"Reta";"Não";2;0;0;1;1;0;1;2;-9,30688;-35,940841;"SPRF-AL";"DEL01-AL";"UOP02-DEL01-AL"
129096;2018-04-20;"sexta-feira";"16:00:00";"SC";101;204;"SAO JOSE";"Não guardar distância de segurança";"Colisão lateral";"Com Vítimas Feridas";"Pleno dia";"Decrescente";"Céu Claro";"Dupla";"Reta";"Sim";2;0;1;0;1;0;1;2;-27,57322188;-48,61354616;"SPRF-SC";"DEL01-SC";"UOP01-DEL01-SC"
129097;2018-04-20;"sexta-feira";"15:40:00";"RJ";116;13;"SAPUCAIA";"Condutor Dormindo";"Colisão com objeto estático";"Com Vítimas Feridas";"Pleno dia";"Crescente";"Nublado";"Simples";"Curva";"Não";1;0;1;0;0;0;1;1;-21,960135;-42,736326;"SPRF-RJ";"DEL04-RJ";"UOP01-DEL04-RJ"
129098;2018-04-20;"sexta-feira";"16:15:00";"RS";116;244,5;"SAO LEOPOLDO";"Objeto estático sobre o leito carroçável";"Tombamento";"Com Vítimas Feridas";"Pleno dia";"Crescente";"Céu Claro";"Múltipla";"Reta";"Sim";1;0;1;0;0;0;1;1;-29,740892;-51,150398;"SPRF-RS";"DEL01-RS";"UOP02-DEL01-RS"
129099;2018-04-20;"sexta-feira";"16:10:00";"SC";101;206;"SAO JOSE";"Velocidade Incompatível";"Colisão lateral";"Com Vítimas Feridas";"Pleno dia";"Crescente";"Céu Claro";"Dupla";"Reta";"Sim";3;0;2;0;1;0;2;2;-27,6001;-48,6225;"SPRF-SC";"DEL01-SC";"UOP01-DEL01-SC"
129105;2018-04-20;"sexta-feira";"15:45:00";"SP";381;33,7;"ATIBAIA";"Falta de Atenção à Condução";"Colisão com objeto estático";"Com Vítimas Feridas";"Pleno dia";"Crescente";"Céu Claro";"Dupla";"Reta";"Não";1;0;1;0;0;0;1;1;-23,0770849;-46,5680587;"SPRF-SP";"DEL03-SP";"UOP02-DEL03-SP"
129106;2018-04-01;"domingo";"12:30:00";"AL";101;247,6;"PORTO REAL DO COLEGIO";"Falta de Atenção à Condução";"Colisão lateral";"Com Vítimas Feridas";"Pleno dia";"Crescente";"Sol";"Simples";"Curva";"Não";3;0;1;1;1;0;2;2;-10,199373;-36,820595;"SPRF-AL";"DEL02-AL";"UOP02-DEL02-AL"
129107;2018-04-20;"sexta-feira";"16:40:00";"ES";101;287;"CARIACICA";"Falta de Atenção à Condução";"Colisão traseira";"Com Vítimas Feridas";"Pleno dia";"Crescente";"Céu Claro";"Dupla";"Reta";"Sim";2;0;1;0;1;0;1;2;-20,26717414;-40,38732737;"SPRF-ES";"DEL01-ES";"UOP01-DEL01-ES"
129110;2018-04-20;"sexta-feira";"17:15:00";"PB";230;9,1;"CABEDELO";"Desobediência às normas de trânsito pelo condutor";"Colisão lateral";"Com Vítimas Feridas";"Anoitecer";"Decrescente";"Chuva";"Dupla";"Retorno Regulamentado";"Sim";2;0;1;0;0;1;1;2;-7,04442525;-34,84683573;"SPRF-PB";"DEL01-PB";"UOP01-DEL01-PB"
129113;2018-04-20;"sexta-feira";"17:35:00";"PR";272;367;"CAMPO MOURAO";"Desobediência às normas de trânsito pelo condutor";"Atropelamento de Pedestre";"Com Vítimas Feridas";"Pleno dia";"Decrescente";"Céu Claro";"Dupla";"Reta";"Sim";2;0;1;0;1;0;1;2;-24,050636;-52,401699;"SPRF-PR";"DEL04-PR";"UOP03-DEL09-PR"
129114;2018-04-20;"sexta-feira";"17:35:00";"SC";101;198,9;"SAO JOSE";"Falta de Atenção à Condução";"Tombamento";"Com Vítimas Feridas";"Pleno dia";"Crescente";"Sol";"Dupla";"Curva";"Sim";1;0;1;0;0;0;1;1;-27,53525513;-48,62865664;"SPRF-SC";"DEL01-SC";"UOP01-DEL01-SC"
129115;2018-04-19;"quinta-feira";"18:20:00";"RN";0;0;"JOAO CAMARA";"Defeito na Via";"Colisão com objeto estático";"Com Vítimas Feridas";"Plena Noite";"Não Informado";"Céu Claro";"Simples";"Reta";"Sim";1;0;0;1;0;0;1;1;-5,54094601;-35,81403762;"SPRF-RN";"DEL02-RN";"UOP01-DEL02-RN"
129117;2018-04-20;"sexta-feira";"18:00:00";"SC";101;197;"SAO JOSE";"Mal Súbito";"Queda de ocupante de veículo";"Com Vítimas Feridas";"Anoitecer";"Decrescente";"Céu Claro";"Múltipla";"Curva;Aclive";"Sim";1;0;1;0;0;0;1;1;-27,5267;-48,6349;"SPRF-SC";"DEL01-SC";"UOP01-DEL01-SC"
129118;2018-04-20;"sexta-feira";"18:00:00";"PR";376;494,1;"PONTA GROSSA";"Falta de Atenção à Condução";"Colisão lateral";"Sem Vítimas";"Anoitecer";"Decrescente";"Céu Claro";"Dupla";"Reta;Declive";"Sim";1;0;0;0;1;0;0;1;-25,13176462;-50,16977012;"SPRF-PR";"DEL03-PR";"UOP04-DEL03-PR"
129120;2018-04-20;"sexta-feira";"18:10:00";"CE";222;23;"CAUCAIA";"Animais na Pista";"Atropelamento de Animal";"Com Vítimas Feridas";"Plena Noite";"Decrescente";"Céu Claro";"Simples";"Reta";"Não";2;0;1;1;0;0;2;1;-3,731788;-38,75975;"SPRF-CE";"DEL01-CE";"UOP01-DEL01-CE"
129121;2018-04-20;"sexta-feira";"18:10:00";"PR";158;523,9;"PATO BRANCO";"Falta de Atenção à Condução";"Colisão transversal";"Com Vítimas Feridas";"Anoitecer";"Decrescente";"Céu Claro";"Simples";"Interseção de Vias";"Sim";3;0;2;0;1;0;2;2;-26,23707363;-52,69180298;"SPRF-PR";"DEL02-PR";"UOP01-DEL02-PR"
129122;2018-04-20;"sexta-feira";"18:40:00";"RS";470;255;"SALVADOR DO SUL";"Falta de Atenção à Condução";"Colisão transversal";"Com Vítimas Feridas";"Plena Noite";"Crescente";"Céu Claro";"Simples";"Curva";"Não";2;0;1;0;1;0;1;2;-29,43335352;-51,50739151;"SPRF-RS";"DEL06-RS";"UOP01-DEL06-RS"
129124;2018-04-20;"sexta-feira";"18:20:00";"PR";277;119,5;"CAMPO LARGO";"Falta de Atenção do Pedestre";"Atropelamento de Pedestre";"Com Vítimas Fatais";"Plena Noite";"Crescente";"Céu Claro";"Dupla";"Reta";"Não";2;1;0;0;1;0;0;2;-25,43790235;-49,54891828;"SPRF-PR";"DEL01-PR";"UOP06-DEL01-PR"
129125;2018-04-20;"sexta-feira";"18:40:00";"CE";116;2,5;"FORTALEZA";"Falta de Atenção do Pedestre";"Atropelamento de Pedestre";"Com Vítimas Feridas";"Plena Noite";"Crescente";"Céu Claro";"Múltipla";"Reta";"Sim";3;0;0;1;1;1;1;2;-3,77638802;-38,51541102;"SPRF-CE";"DEL01-CE";"UOP02-DEL01-CE"
129126;2018-04-20;"sexta-feira";"17:30:00";"RS";471;160,2;"RIO PARDO";"Falta de Atenção à Condução";"Colisão transversal";"Com Vítimas Fatais";"Pleno dia";"Crescente";"Nublado";"Simples";"Reta";"Não";2;1;0;0;1;0;0;2;-29,86540699;-52,39075255;"SPRF-RS";"DEL02-RS";"UOP02-DEL02-RS"
129127;2018-04-20;"sexta-feira";"19:05:00";"PR";376;163;"MARINGA";"Avarias e/ou desgaste excessivo no pneu";"Queda de ocupante de veículo";"Com Vítimas Feridas";"Plena Noite";"Crescente";"Céu Claro";"Dupla";"Reta";"Não";2;0;2;0;0;0;2;1;-23,409788;-51,987453;"SPRF-PR";"DEL07-PR";"UOP01-DEL09-PR"
129128;2018-04-20;"sexta-feira";"19:00:00";"SC";470;175;"POUSO REDONDO";"Ingestão de Álcool";"Colisão transversal";"Com Vítimas Feridas";"Plena Noite";"Decrescente";"Céu Claro";"Simples";"Reta";"Não";2;0;1;0;1;0;1;2;-27,25910119;-49,92449021;"SPRF-SC";"DEL04-SC";"UOP02-DEL04-SC"
129129;2018-04-20;"sexta-feira";"18:30:00";"MG";116;530,6;"CARATINGA";"Falta de Atenção à Condução";"Colisão transversal";"Com Vítimas Feridas";"Plena Noite";"Crescente";"Céu Claro";"Simples";"Interseção de Vias";"Sim";2;0;1;0;1;0;1;2;-19,80349155;-42,13621616;"SPRF-MG";"DEL06-MG";"UOP02-DEL06-MG"
129130;2018-03-05;"segunda-feira";"18:30:00";"MG";381;443,9;"SABARA";"Velocidade Incompatível";"Colisão transversal";"Com Vítimas Feridas";"Pleno dia";"Crescente";"Céu Claro";"Simples";"Curva";"Não";3;0;1;1;1;0;2;2;-19,8251903;-43,833869;"SPRF-MG";"DEL01-MG";"UOP01-DEL01-MG"
129133;2018-04-20;"sexta-feira";"18:00:00";"ES";101;90,4;"SAO MATEUS";"Desobediência às normas de trânsito pelo condutor";"Colisão transversal";"Com Vítimas Feridas";"Anoitecer";"Crescente";"Nublado";"Múltipla";"Interseção de Vias";"Sim";3;0;1;0;2;0;1;2;-18,720545;-39,865883;"SPRF-ES";"DEL04-ES";"UOP02-DEL04-ES"
129134;2018-04-20;"sexta-feira";"19:00:00";"RS";285;199;"LAGOA VERMELHA";"Falta de Atenção do Pedestre";"Atropelamento de Pedestre";"Com Vítimas Feridas";"Plena Noite";"Decrescente";"Céu Claro";"Simples";"Rotatória";"Sim";2;0;1;0;1;0;1;2;-28,20503689;-51,5216732;"SPRF-RS";"DEL08-RS";"UOP05-DEL08-RS"
129135;2018-04-20;"sexta-feira";"19:05:00";"PR";369;473,3;"CORBELIA";"Falta de Atenção à Condução";"Colisão transversal";"Com Vítimas Feridas";"Plena Noite";"Decrescente";"Céu Claro";"Simples";"Interseção de Vias";"Não";6;0;1;0;5;0;1;2;-24,58771472;-53,20129395;"SPRF-PR";"DEL04-PR";"UOP03-DEL04-PR"
129136;2018-04-20;"sexta-feira";"19:15:00";"SC";101;418,2;"ARARANGUA";"Falta de Atenção à Condução";"Colisão com objeto estático";"Com Vítimas Feridas";"Plena Noite";"Decrescente";"Céu Claro";"Múltipla";"Reta";"Sim";1;0;1;0;0;0;1;1;-28,98441764;-49,540658;"SPRF-SC";"DEL02-SC";"UOP02-DEL02-SC"
129138;2018-04-20;"sexta-feira";"19:15:00";"PR";116;152,5;"MANDIRITUBA";"Falta de Atenção à Condução";"Colisão transversal";"Com Vítimas Feridas";"Plena Noite";"Crescente";"Céu Claro";"Simples";"Interseção de Vias;Reta;Declive";"Não";2;0;0;1;1;0;1;2;-25,859756;-49,360634;"SPRF-PR";"DEL01-PR";"UOP03-DEL01-PR"
129139;2018-04-20;"sexta-feira";"19:50:00";"ES";101;144,5;"LINHARES";"Não guardar distância de segurança";"Colisão lateral";"Com Vítimas Feridas";"Plena Noite";"Crescente";"Nublado";"Múltipla";"Reta";"Sim";3;0;1;1;1;0;2;2;-19,3558501;-40,06429017;"SPRF-ES";"DEL04-ES";"UOP01-DEL04-ES"
129140;2018-04-20;"sexta-feira";"19:50:00";"SC";101;430;"SOMBRIO";"Ingestão de Álcool";"Colisão traseira";"Com Vítimas Feridas";"Plena Noite";"Crescente";"Nublado";"Simples";"Reta";"Não";2;0;2;0;0;0;2;2;-29,05900667;-49,62276042;"SPRF-SC";"DEL02-SC";"UOP02-DEL02-SC"
129142;2018-04-20;"sexta-feira";"19:38:00";"GO";153;353,2;"JARAGUA";"Falta de Atenção à Condução";"Capotamento";"Com Vítimas Feridas";"Plena Noite";"Decrescente";"Ignorado";"Simples";"Declive";"Não";1;0;0;1;0;0;1;1;-15,690715;-49,338116;"SPRF-GO";"DEL02-GO";"UOP02-DEL02-GO"
129145;2018-04-20;"sexta-feira";"19:00:00";"BA";242;393,4;"SEABRA";"Falta de Atenção à Condução";"Colisão frontal";"Com Vítimas Feridas";"Plena Noite";"Crescente";"Céu Claro";"Simples";"Reta";"Não";3;0;2;0;1;0;2;2;-12,428713;-41,779873;"SPRF-BA";"DEL10-BA";"UOP03-DEL06-BA"
129146;2018-04-20;"sexta-feira";"19:30:00";"SP";381;40,6;"ATIBAIA";"Falta de Atenção à Condução";"Colisão lateral";"Com Vítimas Feridas";"Plena Noite";"Decrescente";"Céu Claro";"Dupla";"Reta";"Não";3;0;1;0;2;0;1;3;-23,13512296;-46,57629948;"SPRF-SP";"DEL03-SP";"UOP01-DEL03-SP"
129147;2018-04-20;"sexta-feira";"19:40:00";"PR";376;2;"APUCARANA";"Desobediência às normas de trânsito pelo condutor";"Colisão transversal";"Com Vítimas Feridas";"Plena Noite";"Decrescente";"Céu Claro";"Simples";"Reta";"Sim";2;0;0;1;1;0;1;2;-23,55027753;-51,44955028;"SPRF-PR";"DEL07-PR";"UOP03-DEL07-PR"
129148;2018-04-20;"sexta-feira";"18:00:00";"MG";267;61,9;"BICAS";"Desobediência às normas de trânsito pelo condutor";"Colisão frontal";"Com Vítimas Feridas";"Plena Noite";"Decrescente";"Céu Claro";"Simples";"Interseção de Vias";"Não";2;0;0;1;1;0;1;2;-21,733;-43,0875;"SPRF-MG";"DEL05-MG";"UOP01-DEL05-MG"
129149;2018-04-20;"sexta-feira";"19:40:00";"SC";101;206;"SAO JOSE";"Ingestão de Álcool";"Colisão traseira";"Com Vítimas Feridas";"Plena Noite";"Crescente";"Céu Claro";"Dupla";"Reta;Interseção de Vias";"Sim";2;0;0;1;1;0;1;2;-27,59069753;-48,617935;"SPRF-SC";"DEL01-SC";"UOP01-DEL01-SC"
129150;2018-04-20;"sexta-feira";"20:00:00";"SC";101;211,2;"PALHOCA";"Falta de Atenção à Condução";"Colisão traseira";"Com Vítimas Feridas";"Plena Noite";"Decrescente";"Céu Claro";"Múltipla";"Reta";"Sim";3;0;2;0;1;0;2;2;-27,6301;-48,659;"SPRF-SC";"DEL01-SC";"UOP02-DEL01-SC"
129151;2018-04-20;"sexta-feira";"18:55:00";"SC";282;103,9;"ALFREDO WAGNER";"Falta de Atenção à Condução";"Colisão transversal";"Com Vítimas Feridas";"Plena Noite";"Crescente";"Céu Claro";"Simples";"Interseção de Vias";"Sim";3;0;1;0;2;0;1;2;-27,69538428;-49,33234692;"SPRF-SC";"DEL01-SC";"UOP03-DEL01-SC"
129153;2018-04-20;"sexta-feira";"17:50:00";"SC";282;516,2;"XAXIM";"Velocidade Incompatível";"Saída de leito carroçável";"Sem Vítimas";"Pleno dia";"Decrescente";"Céu Claro";"Simples";"Aclive";"Não";1;0;0;0;1;0;0;1;-26,94181258;-52,50580788;"SPRF-SC";"DEL07-SC";"UOP01-DEL07-SC"
129154;2018-04-20;"sexta-feira";"17:45:00";"SC";480;125,5;"CHAPECO";"Falta de Atenção à Condução";"Colisão lateral";"Com Vítimas Feridas";"Anoitecer";"Crescente";"Céu Claro";"Simples";"Reta";"Sim";2;0;1;0;1;0;1;2;-27,01645714;-52,63778865;"SPRF-SC";"DEL07-SC";"UOP01-DEL07-SC"
129155;2018-04-20;"sexta-feira";"18:40:00";"SC";101;114,9;"ITAJAI";"Falta de Atenção à Condução";"Engavetamento";"Com Vítimas Feridas";"Anoitecer";"Crescente";"Céu Claro";"Dupla";"Reta";"Sim";6;0;2;0;4;0;2;4;-26,8708;-48,7293;"SPRF-SC";"DEL04-SC";"UOP04-DEL04-SC"
129156;2018-04-20;"sexta-feira";"19:00:00";"SC";101;117,6;"ITAJAI";"Falta de Atenção à Condução";"Capotamento";"Com Vítimas Feridas";"Plena Noite";"Decrescente";"Nublado";"Dupla";"Reta";"Sim";2;0;1;1;0;0;2;1;-26,89222399;-48,72033477;"SPRF-SC";"DEL04-SC";"UOP04-DEL04-SC"
129158;2018-04-20;"sexta-feira";"18:30:00";"MS";267;29;"BATAGUASSU";"Falta de Atenção à Condução";"Colisão traseira";"Sem Vítimas";"Plena Noite";"Crescente";"Céu Claro";"Dupla";"Reta";"Sim";3;0;0;0;3;0;0;2;-21,7203;-52,4182;"SPRF-MS";"DEL02-MS";"DEL3/7-UOP01/MS"
129159;2018-04-20;"sexta-feira";"20:40:00";"RS";470;202,3;"BENTO GONCALVES";"Velocidade Incompatível";"Colisão frontal";"Com Vítimas Feridas";"Plena Noite";"Decrescente";"Nublado";"Simples";"Curva";"Não";7;0;3;0;4;0;3;3;-29,0759136;-51,5885198;"SPRF-RS";"DEL06-RS";"UOP01-DEL06-RS"
129160;2018-04-20;"sexta-feira";"19:50:00";"RS";386;366,9;"FAZENDA VILANOVA";"Velocidade Incompatível";"Colisão traseira";"Com Vítimas Feridas";"Plena Noite";"Decrescente";"Nublado";"Dupla";"Reta";"Não";5;0;1;2;1;1;3;4;-29,58329626;-51,83750868;"SPRF-RS";"DEL04-RS";"UOP02-DEL04-RS"
129162;2018-04-20;"sexta-feira";"17:30:00";"MT";174;257,5;"PONTES E LACERDA";"Avarias e/ou desgaste excessivo no pneu";"Saída de leito carroçável";"Com Vítimas Feridas";"Anoitecer";"Decrescente";"Chuva";"Simples";"Aclive;Curva";"Não";3;0;1;0;2;0;1;1;-15,440222;-59,104378;"SPRF-MT";"DEL04-MT";"UOP01-DEL04-MT"
129163;2018-04-20;"sexta-feira";"21:15:00";"MG";459;60;"SENADOR JOSE BENTO";"Velocidade Incompatível";"Colisão frontal";"Com Vítimas Feridas";"Plena Noite";"Decrescente";"Céu Claro";"Simples";"Curva";"Não";3;0;3;0;0;0;3;2;-22,13089;-46,173985;"SPRF-MG";"N/A";"N/A"
129164;2018-04-20;"sexta-feira";"20:50:00";"SP";381;51;"ATIBAIA";"Falta de Atenção à Condução";"Colisão traseira";"Com Vítimas Feridas";"Plena Noite";"Decrescente";"Céu Claro";"Dupla";"Reta";"Sim";3;0;1;0;2;0;1;2;-23,2256116;-46,5975407;"SPRF-SP";"DEL03-SP";"UOP01-DEL03-SP"
129165;2018-04-20;"sexta-feira";"15:30:00";"MG";262;34,7;"MANHUACU";"Falta de Atenção à Condução";"Atropelamento de Pedestre";"Com Vítimas Feridas";"Pleno dia";"Crescente";"Nublado";"Simples";"Declive";"Sim";4;0;0;1;1;2;1;2;-20,256927;-42,011028;"SPRF-MG";"DEL06-MG";"UOP03-DEL06-MG"
129167;2018-04-20;"sexta-feira";"17:00:00";"RO";364;1075;"PORTO VELHO";"Defeito na Via";"Colisão frontal";"Com Vítimas Feridas";"Pleno dia";"Decrescente";"Céu Claro";"Simples";"Reta";"Não";2;0;0;1;1;0;1;2;-9,79527724;-66,51586533;"SPRF-RO";"DEL01-RO";"UOP02-DEL01-RO"
129168;2018-04-20;"sexta-feira";"21:40:00";"RN";427;88;"CAICO";"Defeito na Via";"Tombamento";"Com Vítimas Feridas";"Plena Noite";"Decrescente";"Céu Claro";"Simples";"Reta";"Não";2;0;2;0;0;0;2;1;-6,49794;-37,016144;"SPRF-RN";"DEL03-RN";"UOP01-DEL03-RN"
129170;2018-04-20;"sexta-feira";"21:15:00";"PA";10;302;"IRITUIA";"Falta de Atenção à Condução";"Colisão traseira";"Sem Vítimas";"Plena Noite";"Decrescente";"Céu Claro";"Simples";"Reta";"Sim";2;0;0;0;2;0;0;2;-1,808288;-47,514381;"SPRF-PA";"DEL02-PA";"UOP01-DEL02-PA"
129171;2018-04-20;"sexta-feira";"21:40:00";"SP";101;46,5;"UBATUBA";"Desobediência às normas de trânsito pelo condutor";"Colisão transversal";"Com Vítimas Feridas";"Plena Noite";"Decrescente";"Céu Claro";"Simples";"Reta";"Sim";2;0;1;0;1;0;1;2;-23,424009;-45,07489;"SPRF-SP";"DEL06-SP";"UOP01-DEL06-SP"
129172;2018-04-20;"sexta-feira";"19:00:00";"SC";282;644,5;"SAO MIGUEL DO OESTE";"Falta de Atenção à Condução";"Colisão transversal";"Com Vítimas Feridas";"Plena Noite";"Crescente";"Céu Claro";"Simples";"Reta";"Não";4;0;2;2;0;0;4;2;-26,769157;-53,479385;"SPRF-SC";"DEL07-SC";"UOP03-DEL07-SC"
129173;2018-04-20;"sexta-feira";"21:20:00";"PR";376;5,2;"APUCARANA";"Defeito Mecânico no Veículo";"Colisão frontal";"Com Vítimas Feridas";"Plena Noite";"Decrescente";"Céu Claro";"Simples";"Interseção de Vias";"Não";2;0;1;0;1;0;1;2;-23,5482908;-51,45077337;"SPRF-PR";"DEL07-PR";"UOP03-DEL07-PR"
129174;2018-04-20;"sexta-feira";"22:00:00";"BA";407;4;"JUAZEIRO";"Falta de Atenção do Pedestre";"Atropelamento de Pedestre";"Com Vítimas Feridas";"Plena Noite";"Crescente";"Céu Claro";"Simples";"Reta";"Sim";2;0;1;0;1;0;1;2;-9,4412636;-40,4936525;"SPRF-PE";"DEL06-PE";"UOP01-DEL06-PE"
129175;2018-04-20;"sexta-feira";"22:00:00";"RN";226;133,9;"CAMPO REDONDO";"Defeito na Via";"Tombamento";"Com Vítimas Feridas";"Plena Noite";"Crescente";"Nublado";"Simples";"Reta";"Não";1;0;1;0;0;0;1;1;-6,218327;-36,167431;"SPRF-RN";"DEL03-RN";"UOP02-DEL03-RN"
129176;2018-04-20;"sexta-feira";"21:20:00";"CE";116;42;"HORIZONTE";"Ingestão de Álcool";"Colisão com objeto estático";"Sem Vítimas";"Plena Noite";"Decrescente";"Céu Claro";"Múltipla";"Reta";"Sim";1;0;0;0;1;0;0;1;-4,1108484;-38,49206507;"SPRF-CE";"DEL01-CE";"UOP02-DEL01-CE"
129177;2018-04-20;"sexta-feira";"09:40:00";"SC";280;95,2;"CORUPA";"Falta de Atenção à Condução";"Saída de leito carroçável";"Com Vítimas Feridas";"Pleno dia";"Decrescente";"Céu Claro";"Múltipla";"Curva";"Não";1;0;1;0;0;0;1;1;-26,386093;-49,302475;"SPRF-SC";"DEL06-SC";"UOP03-DEL06-SC"
129178;2018-03-31;"sábado";"22:00:00";"GO";70;1,8;"AGUAS LINDAS DE GOIAS";"Falta de Atenção à Condução";"Capotamento";"Sem Vítimas";"Plena Noite";"Crescente";"Nublado";"Dupla";"Reta";"Não";1;0;0;0;1;0;0;1;-15,77093365;-48,23039353;"SPRF-DF";"DEL01-DF";"UOP02-DEL03-DF"
129179;2018-04-20;"sexta-feira";"21:45:00";"PR";163;86;"CAPANEMA";"Velocidade Incompatível";"Colisão lateral";"Sem Vítimas";"Plena Noite";"Crescente";"Céu Claro";"Simples";"Reta";"Não";3;0;0;0;3;0;0;2;-25,685163;-53,792514;"SPRF-PR";"DEL02-PR";"UOP02-DEL02-PR"
129180;2018-04-20;"sexta-feira";"19:00:00";"RS";285;55,6;"BOM JESUS";"Ingestão de Álcool";"Colisão traseira";"Com Vítimas Feridas";"Plena Noite";"Crescente";"Céu Claro";"Simples";"Curva";"Não";7;0;5;0;2;0;5;2;-28,64969567;-50,37617683;"SPRF-RS";"DEL05-RS";"UOP03-DEL05-RS"
129181;2018-04-20;"sexta-feira";"20:45:00";"MA";10;252;"IMPERATRIZ";"Desobediência às normas de trânsito pelo condutor";"Atropelamento de Pedestre";"Com Vítimas Feridas";"Plena Noite";"Crescente";"Céu Claro";"Simples";"Reta";"Sim";4;0;0;1;0;3;1;2;-5,53562;-47,469585;"SPRF-MA";"DEL04-MA";"UOP01-DEL04-MA"
129182;2018-04-20;"sexta-feira";"19:30:00";"CE";222;191;"SOBRAL";"Falta de Atenção do Pedestre";"Atropelamento de Pedestre";"Com Vítimas Fatais";"Plena Noite";"Crescente";"Céu Claro";"Simples";"Reta";"Não";2;1;0;0;0;1;0;2;-3,787662;-40,128956;"SPRF-CE";"DEL04-CE";"UOP03-DEL04-CE"
129183;2018-04-20;"sexta-feira";"21:50:00";"PR";373;172,7;"PONTA GROSSA";"Ingestão de Álcool";"Atropelamento de Pedestre";"Com Vítimas Feridas";"Plena Noite";"Crescente";"Céu Claro";"Dupla";"Reta";"Sim";2;0;1;0;0;1;1;2;-25,08038967;-50,19961506;"SPRF-PR";"DEL03-PR";"UOP01-DEL03-PR"
129184;2018-04-20;"sexta-feira";"22:45:00";"PR";277;593,1;"CASCAVEL";"Falta de Atenção à Condução";"Colisão traseira";"Com Vítimas Feridas";"Plena Noite";"Crescente";"Céu Claro";"Simples";"Reta";"Não";3;0;3;0;0;0;3;2;-25,02817;-53,55983;"SPRF-PR";"DEL04-PR";"UOP01-DEL04-PR"