"id";"data_inversa";"dia_semana";"horario";"uf";"br";"km";"municipio";"causa_acidente";"tipo_acidente";"classificacao_acidente";"fase_dia";"sentido_via";"condicao_metereologica";"tipo_pista";"tracado_via";"uso_solo";"pessoas";"mortos";"feridos_leves";"feridos_graves";"ilesos";"ignorados";"feridos";"veiculos";"latitude";"longitude";"regional";"delegacia";"uop"
129412;2018-04-21;"sábado";"20:00:00";"RS";448;15;"CANOAS";"Ingestão de Álcool";"Colisão com objeto estático";"Sem Vítimas";"Plena Noite";"Decrescente";"Nublado";"Simples";"Curva";"Não";1;0;0;0;1;0;0;1;-29,927263;-51,217751;"SPRF-RS";"DEL01-RS";"UOP01-DEL01-RS"
129413;2018-04-21;"sábado";"19:05:00";"MT";364;235,7;"RONDONOPOLIS";"Sinalização da via insuficiente ou inadequada";"Colisão com objeto estático";"Com Vítimas Feridas";"Plena Noite";"Crescente";"Chuva";"Simples";"Desvio Temporário";"Sim";3;0;1;0;2;0;1;1;-16,222437;-54,779522;"SPRF-MT";"DEL02-MT";"UOP01-DEL02-MT"
129416;2018-04-21;"sábado";"22:25:00";"PR";369;146,4;"LONDRINA";"Falta de Atenção à Condução";"Colisão transversal";"Com Vítimas Feridas";"Plena Noite";"Crescente";"Céu Claro";"Dupla";"Retorno Regulamentado";"Sim";3;0;0;3;0;0;3;2;-23,29319015;-51,12477953;"SPRF-PR";"DEL07-PR";"UOP01-DEL07-PR"
129417;2018-04-21;"sábado";"22:15:00";"SC";101;213,4;"PALHOCA";"Falta de Atenção à Condução";"Colisão com objeto estático";"Com Vítimas Feridas";"Plena Noite";"Crescente";"Céu Claro";"Múltipla";"Reta";"Sim";1;0;1;0;0;0;1;1;-27,6446;-48,6705;"SPRF-SC";"DEL01-SC";"UOP02-DEL01-SC"
129418;2018-04-21;"sábado";"22:20:00";"SC";280;51,5;"GUARAMIRIM";"Ingestão de Álcool";"Colisão transversal";"Sem Vítimas";"Plena Noite";"Crescente";"Céu Claro";"Simples";"Interseção de Vias";"Sim";2;0;0;0;2;0;0;2;-26,46701946;-48,96010995;"SPRF-SC";"DEL03-SC";"UOP03-DEL03-SC"
129419;2018-04-21;"sábado";"22:30:00";"MG";381;351;"JOAO MONLEVADE";"Velocidade Incompatível";"Capotamento";"Com Vítimas Feridas";"Plena Noite";"Decrescente";"Céu Claro";"Simples";"Curva";"Não";1;0;1;0;0;0;1;1;-19,86382403;-43,122679;"SPRF-MG";"DEL03-MG";"UOP01-DEL03-MG"
129420;2018-04-21;"sábado";"22:10:00";"RS";158;325;"SANTA MARIA";"Falta de Atenção à Condução";"Colisão transversal";"Com Vítimas Feridas";"Plena Noite";"Decrescente";"Céu Claro";"Simples";"Rotatória";"Sim";2;0;1;0;1;0;1;2;-29,71548859;-53,80961895;"SPRF-RS";"DEL09-RS";"UOP01-DEL09-RS"
129421;2018-04-21;"sábado";"21:40:00";"PA";230;122;"MARABA";"Falta de Atenção à Condução";"Capotamento";"Com Vítimas Feridas";"Plena Noite";"Decrescente";"Nublado";"Dupla";"Reta";"Sim";1;0;1;0;0;0;1;1;-5,361375;-49,12376;"SPRF-PA";"DEL03-PA";"UOP01-DEL03-PA"
129423;2018-04-21;"sábado";"18:35:00";"MG";262;412,5;"IGARATINGA";"Velocidade Incompatível";"Saída de leito carroçável";"Com Vítimas Feridas";"Plena Noite";"Decrescente";"Céu Claro";"Dupla";"Reta";"Não";1;0;1;0;0;0;1;1;-19,8926;-44,7069;"SPRF-MG";"DEL08-MG";"UOP03-DEL08-MG"
129425;2018-04-21;"sábado";"23:15:00";"RS";468;104,4;"TRES PASSOS";"Velocidade Incompatível";"Saída de leito carroçável";"Com Vítimas Feridas";"Plena Noite";"Crescente";"Nublado";"Simples";"Rotatória";"Sim";5;0;3;2;0;0;5;1;-27,44556121;-53,94953907;"SPRF-RS";"DEL08-RS";"UOP02-DEL08-RS"
129426;2018-04-21;"sábado";"18:00:00";"RN";226;409,8;"PAU DOS FERROS";"Ingestão de Álcool";"Colisão lateral";"Sem Vítimas";"Plena Noite";"Crescente";"Céu Claro";"Simples";"Reta";"Não";2;0;0;0;2;0;0;2;-6,09754258;-38,19517136;"SPRF-RN";"DEL04-RN";"UOP02-DEL04-RN"
129428;2018-04-21;"sábado";"23:10:00";"DF";70;13;"BRASILIA";"Ingestão de Álcool";"Colisão lateral";"Sem Vítimas";"Plena Noite";"Crescente";"Nublado";"Dupla";"Rotatória";"Sim";5;0;0;0;4;1;0;3;-15,7962179;-48,17294598;"SPRF-DF";"DEL01-DF";"UOP02-DEL03-DF"
129429;2018-04-21;"sábado";"22:30:00";"MG";116;209,9;"CATUJI";"Mal Súbito";"Queda de ocupante de veículo";"Com Vítimas Fatais";"Plena Noite";"Crescente";"Céu Claro";"Simples";"Curva;Aclive";"Não";2;2;0;0;0;0;0;1;-17,32163457;-41,52377129;"SPRF-MG";"DEL11-MG";"UOP01-DEL11-MG"
129432;2018-04-21;"sábado";"23:35:00";"RJ";116;310;"RESENDE";"Falta de Atenção à Condução";"Colisão traseira";"Com Vítimas Feridas";"Plena Noite";"Decrescente";"Nublado";"Dupla";"Reta";"Não";6;0;3;0;3;0;3;2;-22,46465749;-44,4884491;"SPRF-RJ";"DEL07-RJ";"DEL5/7-UOP03/RJ"
129433;2018-04-21;"sábado";"19:30:00";"BA";116;674,9;"JEQUIE";"Ingestão de Álcool";"Colisão frontal";"Com Vítimas Feridas";"Plena Noite";"Crescente";"Céu Claro";"Simples";"Reta";"Sim";3;0;0;2;1;0;2;2;-13,872;-40,119;"SPRF-BA";"DEL03-BA";"UOP01-DEL03-BA"
129435;2018-04-21;"sábado";"23:24:00";"DF";70;17,6;"BRASILIA";"Falta de Atenção à Condução";"Colisão traseira";"Sem Vítimas";"Plena Noite";"Decrescente";"Céu Claro";"Dupla";"Reta;Aclive";"Não";6;0;0;0;6;0;0;2;-15,79231551;-48,20781637;"SPRF-DF";"DEL01-DF";"UOP02-DEL03-DF"
129436;2018-04-21;"sábado";"23:19:00";"PI";316;315;"PICOS";"Ultrapassagem Indevida";"Colisão lateral";"Com Vítimas Feridas";"Plena Noite";"Decrescente";"Céu Claro";"Simples";"Reta";"Sim";4;0;2;0;2;0;2;2;-7,080897;-41,425627;"SPRF-PI";"DEL04-PI";"UOP01-DEL04-PI"
129437;2018-04-22;"domingo";"01:30:00";"SP";116;215;"GUARULHOS";"Desobediência às normas de trânsito pelo condutor";"Capotamento";"Com Vítimas Feridas";"Plena Noite";"Crescente";"Céu Claro";"Múltipla";"Reta";"Sim";3;0;3;0;0;0;3;1;-23,44940231;-46,46098226;"SPRF-SP";"DEL01-SP";"UOP01-DEL01-SP"
129438;2018-04-22;"domingo";"01:00:00";"MS";163;486,6;"CAMPO GRANDE";"Falta de Atenção à Condução";"Colisão transversal";"Com Vítimas Feridas";"Plena Noite";"Crescente";"Céu Claro";"Simples";"Aclive";"Não";7;0;4;0;3;0;4;2;-20,428162;-54,544806;"SPRF-MS";"DEL01-MS";"UOP02-DEL01-MS"
129439;2018-04-22;"domingo";"02:05:00";"ES";101;68,8;"SAO MATEUS";"Ingestão de Álcool";"Incêndio";"Sem Vítimas";"Plena Noite";"Decrescente";"Céu Claro";"Simples";"Reta";"Sim";1;0;0;0;0;1;0;1;-18,72127728;-39,86622692;"SPRF-ES";"DEL04-ES";"UOP02-DEL04-ES"
129442;2018-04-22;"domingo";"00:01:00";"RN";406;103,8;"JOAO CAMARA";"Desobediência às normas de trânsito pelo condutor";"Colisão lateral";"Sem Vítimas";"Plena Noite";"Crescente";"Nublado";"Simples";"Reta";"Sim";2;0;0;0;1;1;0;2;-5,53906;-35,8106;"SPRF-RN";"DEL02-RN";"UOP01-DEL02-RN"
129443;2018-04-21;"sábado";"23:20:00";"MG";116;571,4;"MANHUACU";"Ingestão de Álcool";"Tombamento";"Com Vítimas Feridas";"Plena Noite";"Crescente";"Céu Claro";"Simples";"Curva";"Não";2;0;2;0;0;0;2;1;-20,11171437;-42,17737198;"SPRF-MG";"DEL06-MG";"UOP03-DEL06-MG"
129444;2018-04-22;"domingo";"02:40:00";"DF";20;9,4;"BRASILIA";"Velocidade Incompatível";"Saída de leito carroçável";"Sem Vítimas";"Plena Noite";"Decrescente";"Céu Claro";"Dupla";"Reta";"Não";1;0;0;0;0;1;0;1;-15,654671;-47,782917;"SPRF-DF";"DEL02-DF";"UOP01-DEL02-DF"
129445;2018-04-22;"domingo";"02:50:00";"PR";277;6,6;"PARANAGUA";"Animais na Pista";"Atropelamento de Animal";"Com Vítimas Fatais";"Plena Noite";"Decrescente";"Céu Claro";"Dupla";"Reta";"Sim";3;1;2;0;0;0;2;1;-25,5600393;-48,57890234;"SPRF-PR";"DEL01-PR";"UOP05-DEL01-PR"
129446;2018-04-22;"domingo";"03:15:00";"PR";369;188,8;"ARAPONGAS";"Falta de Atenção à Condução";"Capotamento";"Com Vítimas Feridas";"Plena Noite";"Decrescente";"Céu Claro";"Dupla";"Reta";"Não";2;0;2;0;0;0;2;1;-23,442511;-51,422767;"SPRF-PR";"DEL07-PR";"UOP03-DEL07-PR"
129447;2018-04-22;"domingo";"01:00:00";"PR";376;169;"MARINGA";"Ingestão de Álcool";"Queda de ocupante de veículo";"Com Vítimas Feridas";"Plena Noite";"Crescente";"Céu Claro";"Dupla";"Reta";"Não";2;0;1;0;1;0;1;1;-23,37440472;-51,81592762;"SPRF-PR";"DEL07-PR";"UOP01-DEL09-PR"
129449;2018-04-22;"domingo";"02:30:00";"CE";222;12,3;"CAUCAIA";"Falta de Atenção à Condução";"Colisão traseira";"Com Vítimas Feridas";"Plena Noite";"Decrescente";"Nublado";"Simples";"Reta";"Sim";4;0;1;0;3;0;1;2;-3,76457973;-38,67148876;"SPRF-CE";"DEL01-CE";"UOP01-DEL01-CE"
129450;2018-04-22;"domingo";"03:10:00";"MG";381;679,8;"PERDOES";"Ingestão de Álcool";"Queda de ocupante de veículo";"Com Vítimas Feridas";"Plena Noite";"Decrescente";"Nublado";"Dupla";"Reta";"Não";1;0;1;0;0;0;1;1;-21,1277;-45,1001;"SPRF-MG";"DEL04-MG";"UOP02-DEL04-MG"
129451;2018-04-22;"domingo";"03:30:00";"BA";367;26,2;"PORTO SEGURO";"Falta de Atenção à Condução";"Queda de ocupante de veículo";"Com Vítimas Feridas";"Plena Noite";"Crescente";"Nublado";"Dupla";"Reta";"Sim";1;0;0;1;0;0;1;1;-16,4307;-39,095634;"SPRF-BA";"DEL09-BA";"UOP01-DEL09-BA"
129452;2018-04-22;"domingo";"02:30:00";"PR";376;680,4;"GUARATUBA";"Ingestão de Álcool";"Saída de leito carroçável";"Com Vítimas Feridas";"Plena Noite";"Decrescente";"Nublado";"Dupla";"Curva";"Não";3;0;1;0;2;0;1;1;-25,96483558;-48,8973999;"SPRF-PR";"DEL01-PR";"DEL7/1-UOP08/PR"
129453;2018-04-22;"domingo";"04:00:00";"MG";365;162,2;"PIRAPORA";"Velocidade Incompatível";"Saída de leito carroçável";"Com Vítimas Feridas";"Plena Noite";"Crescente";"Céu Claro";"Simples";"Curva";"Não";2;0;2;0;0;0;2;1;-17,366352;-44,937569;"SPRF-MG";"DEL12-MG";"UOP01-DEL12-MG"
129454;2018-04-22;"domingo";"04:20:00";"MG";40;63,5;"PARACATU";"Condutor Dormindo";"Saída de leito carroçável";"Com Vítimas Fatais";"Plena Noite";"Decrescente";"Céu Claro";"Simples";"Reta";"Não";1;1;0;0;0;0;0;1;-17,344225;-46,754707;"SPRF-MG";"DEL14-MG";"UOP01-DEL14-MG"
129455;2018-04-22;"domingo";"03:30:00";"RS";285;378,8;"SALDANHA MARINHO";"Ingestão de Álcool";"Saída de leito carroçável";"Com Vítimas Feridas";"Plena Noite";"Crescente";"Nevoeiro/Neblina";"Simples";"Curva";"Não";4;0;3;0;1;0;3;1;-28,4255429;-53,15946221;"SPRF-RS";"DEL10-RS";"UOP01-DEL10-RS"
129456;2018-04-22;"domingo";"04:50:00";"PR";369;173,3;"ROLANDIA";"Condutor Dormindo";"Colisão com objeto estático";"Com Vítimas Feridas";"Plena Noite";"Crescente";"Céu Claro";"Simples";"Reta";"Não";1;0;1;0;0;0;1;1;-23,3119051;-51,3719294;"SPRF-PR";"DEL07-PR";"UOP01-DEL07-PR"
129457;2018-04-22;"domingo";"03:15:00";"PR";476;122;"CURITIBA";"Falta de Atenção à Condução";"Capotamento";"Com Vítimas Feridas";"Plena Noite";"Decrescente";"Céu Claro";"Dupla";"Reta";"Sim";1;0;1;0;0;0;1;1;-25,385775;-49,203377;"SPRF-PR";"DEL01-PR";"UOP01-DEL01-PR"
129458;2018-04-22;"domingo";"04:25:00";"SP";381;73,2;"SAO PAULO";"Condutor Dormindo";"Colisão com objeto estático";"Com Vítimas Feridas";"Plena Noite";"Decrescente";"Céu Claro";"Dupla";"Curva";"Não";1;0;1;0;0;0;1;1;-23,32841651;-46,57818947;"SPRF-SP";"DEL03-SP";"DEL6/3-UOP03/SP"
129459;2018-04-21;"sábado";"18:20:00";"BA";330;754,1;"JITAUNA";"Ingestão de Álcool";"Colisão lateral";"Sem Vítimas";"Plena Noite";"Crescente";"Nublado";"Simples";"Reta";"Não";2;0;0;0;2;0;0;2;-14,0082322;-39,86748509;"SPRF-BA";"DEL03-BA";"UOP01-DEL03-BA"
129460;2018-04-22;"domingo";"04:40:00";"MG";40;524;"CONTAGEM";"Desobediência às normas de trânsito pelo condutor";"Colisão traseira";"Com Vítimas Feridas";"Amanhecer";"Decrescente";"Céu Claro";"Dupla";"Reta";"Sim";6;0;3;2;1;0;5;2;-19,88644028;-44,0502432;"SPRF-MG";"DEL01-MG";"UOP03-DEL01-MG"
129461;2018-04-22;"domingo";"00:15:00";"PR";369;167,2;"CAMBE";"Não guardar distância de segurança";"Colisão traseira";"Sem Vítimas";"Plena Noite";"Decrescente";"Céu Claro";"Dupla";"Reta";"Sim";3;0;0;0;3;0;0;2;-23,29678695;-51,31669695;"SPRF-PR";"DEL07-PR";"UOP01-DEL07-PR"
129462;2018-04-22;"domingo";"04:35:00";"PR";369;97,3;"CORNELIO PROCOPIO";"Condutor Dormindo";"Colisão lateral";"Com Vítimas Feridas";"Plena Noite";"Crescente";"Céu Claro";"Simples";"Reta";"Não";2;0;1;0;1;0;1;2;-23,238935;-50,692368;"SPRF-PR";"DEL07-PR";"UOP05-DEL07-PR"
129464;2018-04-22;"domingo";"05:40:00";"PI";316;312;"PICOS";"Falta de Atenção à Condução";"Colisão com objeto estático";"Sem Vítimas";"Amanhecer";"Decrescente";"Céu Claro";"Simples";"Reta";"Sim";1;0;0;0;0;1;0;1;-7,07795944;-41,43954992;"SPRF-PI";"DEL04-PI";"UOP01-DEL04-PI"
129465;2018-04-22;"domingo";"05:45:00";"SP";116;225;"GUARULHOS";"Falta de Atenção à Condução";"Atropelamento de Pedestre";"Com Vítimas Feridas";"Amanhecer";"Crescente";"Céu Claro";"Múltipla";"Reta";"Sim";3;0;1;0;1;1;1;2;-23,49139068;-46,55010223;"SPRF-SP";"DEL01-SP";"UOP01-DEL01-SP"
129466;2018-04-22;"domingo";"04:50:00";"SP";0;0;"CACAPAVA";"Condutor Dormindo";"Saída de leito carroçável";"Sem Vítimas";"Amanhecer";"Não Informado";"Céu Claro";"Dupla";"Reta";"Não";1;0;0;0;1;0;0;1;-23,0976119;-45,6862505;"SPRF-SP";"DEL06-SP";"UOP02-DEL02-SP"
129468;2018-04-22;"domingo";"05:40:00";"MG";50;161,5;"UBERABA";"Velocidade Incompatível";"Colisão com objeto estático";"Com Vítimas Feridas";"Amanhecer";"Crescente";"Céu Claro";"Dupla";"Reta";"Não";2;0;1;0;0;1;1;2;-19,7032384;-47,9853889;"SPRF-MG";"DEL13-MG";"UOP01-DEL13-MG"
129469;2018-04-22;"domingo";"04:40:00";"MG";153;84,5;"PRATA";"Condutor Dormindo";"Colisão traseira";"Com Vítimas Feridas";"Plena Noite";"Decrescente";"Céu Claro";"Simples";"Aclive";"Não";2;0;1;0;1;0;1;2;-19,22207607;-48,93500439;"SPRF-MG";"DEL15-MG";"UOP03-DEL15-MG"
129471;2018-04-22;"domingo";"06:15:00";"RS";287;283;"SAO PEDRO DO SUL";"Falta de Atenção à Condução";"Saída de leito carroçável";"Com Vítimas Feridas";"Amanhecer";"Decrescente";"Nublado";"Simples";"Reta";"Não";2;0;1;0;1;0;1;1;-29,635557;-54,199791;"SPRF-RS";"DEL09-RS";"UOP01-DEL09-RS"
129472;2018-04-22;"domingo";"05:45:00";"RJ";101;329;"RIO DE JANEIRO";"Mal Súbito";"Queda de ocupante de veículo";"Com Vítimas Feridas";"Amanhecer";"Crescente";"Céu Claro";"Dupla";"Reta";"Não";1;0;0;1;0;0;1;1;-22,86905782;-43,18047523;"SPRF-RJ";"DEL02-RJ";"UOP02-DEL02-RJ"
129473;2018-04-22;"domingo";"05:20:00";"RS";392;28;"RIO GRANDE";"Falta de Atenção à Condução";"Colisão com objeto estático";"Sem Vítimas";"Plena Noite";"Decrescente";"Nublado";"Dupla";"Reta";"Sim";2;0;0;0;0;2;0;2;-32,068478;-52,265293;"SPRF-RS";"DEL07-RS";"UOP02-DEL07-RS"
129475;2018-04-22;"domingo";"06:30:00";"RJ";393;268;"BARRA DO PIRAI";"Ingestão de Álcool";"Colisão frontal";"Com Vítimas Feridas";"Amanhecer";"Crescente";"Céu Claro";"Simples";"Curva";"Não";6;0;5;0;1;0;5;3;-22,476244;-43,94112;"SPRF-RJ";"DEL05-RJ";"UOP04-DEL05-RJ"
129477;2018-04-22;"domingo";"06:30:00";"SP";116;208,8;"GUARULHOS";"Ingestão de Álcool";"Colisão traseira";"Com Vítimas Feridas";"Pleno dia";"Crescente";"Céu Claro";"Dupla";"Reta";"Sim";3;0;1;0;1;1;1;3;-23,42457995;-46,4010951;"SPRF-SP";"DEL01-SP";"UOP01-DEL01-SP"
129478;2018-04-22;"domingo";"06:10:00";"MG";40;510;"RIBEIRAO DAS NEVES";"Condutor Dormindo";"Saída de leito carroçável";"Com Vítimas Feridas";"Amanhecer";"Crescente";"Céu Claro";"Dupla";"Reta";"Sim";1;0;1;0;0;0;1;1;-19,7844;-44,1152;"SPRF-MG";"DEL01-MG";"UOP03-DEL01-MG"
129479;2018-04-21;"sábado";"08:00:00";"PA";230;115;"MARABA";"Avarias e/ou desgaste excessivo no pneu";"Queda de ocupante de veículo";"Com Vítimas Feridas";"Pleno dia";"Decrescente";"Sol";"Dupla";"Reta";"Sim";2;0;1;1;0;0;2;1;-5,39180457;-49,07661438;"SPRF-PA";"DEL03-PA";"UOP01-DEL03-PA"
129480;2018-04-22;"domingo";"05:10:00";"RR";174;505;"BOA VISTA";"Ingestão de Álcool";"Atropelamento de Pedestre";"Com Vítimas Feridas";"Amanhecer";"Decrescente";"Chuva";"Dupla";"Rotatória";"Sim";3;0;1;0;2;0;1;2;2,806164;-60,690807;"SPRF-RR";"DEL01-RR";"UOP01-DEL01-RR"
129482;2018-04-22;"domingo";"05:35:00";"MT";364;204,8;"RONDONOPOLIS";"Desobediência às normas de trânsito pelo condutor";"Colisão transversal";"Com Vítimas Feridas";"Pleno dia";"Crescente";"Sol";"Dupla";"Rotatória";"Sim";2;0;1;0;1;0;1;2;-16,457344;-54,66163874;"SPRF-MT";"DEL02-MT";"UOP01-DEL02-MT"
129483;2018-04-22;"domingo";"07:55:00";"RS";116;266,9;"CANOAS";"Falta de Atenção à Condução";"Colisão traseira";"Com Vítimas Feridas";"Pleno dia";"Decrescente";"Nevoeiro/Neblina";"Múltipla";"Reta";"Sim";2;0;1;0;1;0;1;2;-29,93665652;-51,17721105;"SPRF-RS";"DEL01-RS";"UOP01-DEL01-RS"
129484;2018-04-22;"domingo";"07:40:00";"MA";135;4,7;"SAO LUIS";"Falta de Atenção à Condução";"Colisão traseira";"Sem Vítimas";"Pleno dia";"Decrescente";"Nublado";"Dupla";"Reta";"Sim";2;0;0;0;2;0;0;2;-2,61050577;-44,2496413;"SPRF-MA";"DEL01-MA";"UOP01-DEL01-MA"
129485;2018-04-22;"domingo";"06:30:00";"AM";174;885;"MANAUS";"Ingestão de Álcool";"Colisão traseira";"Com Vítimas Fatais";"Amanhecer";"Decrescente";"Nublado";"Simples";"Reta";"Não";2;1;0;0;1;0;0;2;-2,96503;-60,022297;"SPRF-AM";"DEL01-AM";"UOP01-DEL01-AM"
129486;2018-04-22;"domingo";"05:50:00";"MT";163;670;"LUCAS DO RIO VERDE";"Ultrapassagem Indevida";"Saída de leito carroçável";"Com Vítimas Feridas";"Amanhecer";"Decrescente";"Céu Claro";"Simples";"Reta";"Não";4;0;1;0;3;0;1;1;-13,213502;-55,999464;"SPRF-MT";"DEL06-MT";"UOP01-DEL06-MT"
129487;2018-04-22;"domingo";"08:00:00";"AL";101;52;"FLEXEIRAS";"Pista Escorregadia";"Colisão frontal";"Com Vítimas Feridas";"Pleno dia";"Crescente";"Chuva";"Simples";"Curva";"Não";2;0;0;1;1;0;1;2;-9,249281;-35,757713;"SPRF-AL";"DEL01-AL";"UOP01-DEL01-AL"
129488;2018-04-22;"domingo";"05:30:00";"PI";407;423;"PICOS";"Falta de Atenção à Condução";"Atropelamento de Pedestre";"Com Vítimas Feridas";"Amanhecer";"Crescente";"Céu Claro";"Simples";"Reta";"Não";2;0;1;0;1;0;1;2;-7,079823;-41,432862;"SPRF-PI";"DEL04-PI";"UOP01-DEL04-PI"
129490;2018-04-21;"sábado";"18:15:00";"RJ";116;167;"RIO DE JANEIRO";"Ingestão de Álcool";"Tombamento";"Sem Vítimas";"Anoitecer";"Crescente";"Céu Claro";"Múltipla";"Reta";"Sim";1;0;0;0;1;0;0;1;-22,818039;-43,307873;"SPRF-RJ";"DEL01-RJ";"UOP02-DEL01-RJ"
129491;2018-04-22;"domingo";"08:15:00";"RS";116;522,9;"PELOTAS";"Velocidade Incompatível";"Capotamento";"Sem Vítimas";"Pleno dia";"Decrescente";"Chuva";"Múltipla";"Reta";"Não";1;0;0;0;1;0;0;1;-31,71648585;-52,38006592;"SPRF-RS";"DEL07-RS";"UOP01-DEL07-RS"
129492;2018-04-22;"domingo";"07:50:00";"MG";251;500,4;"FRANCISCO SA";"Defeito na Via";"Tombamento";"Com Vítimas Feridas";"Pleno dia";"Crescente";"Céu Claro";"Simples";"Reta";"Não";2;0;2;0;0;0;2;1;-16,5837;-43,6342;"SPRF-MG";"DEL12-MG";"UOP01-DEL12-MG"
129493;2018-04-22;"domingo";"08:00:00";"MG";40;549;"NOVA LIMA";"Velocidade Incompatível";"Colisão com objeto estático";"Com Vítimas Feridas";"Pleno dia";"Decrescente";"Céu Claro";"Dupla";"Curva";"Não";1;0;1;0;0;0;1;1;-20,0371421;-43,9683034;"SPRF-MG";"DEL01-MG";"UOP02-DEL01-MG"
129495;2018-04-22;"domingo";"09:12:00";"RJ";40;120;"DUQUE DE CAXIAS";"Falta de Atenção à Condução";"Capotamento";"Sem Vítimas";"Pleno dia";"Decrescente";"Céu Claro";"Múltipla";"Reta";"Sim";3;0;0;0;3;0;0;1;-22,6266905;-43,2859814;"SPRF-RJ";"DEL01-RJ";"UOP01-DEL01-RJ"
129496;2018-04-22;"domingo";"08:30:00";"MS";158;338,8;"BRASILANDIA";"Desobediência às normas de trânsito pelo condutor";"Colisão lateral";"Com Vítimas Feridas";"Pleno dia";"Crescente";"Céu Claro";"Simples";"Reta";"Sim";2;0;0;1;1;0;1;2;-21,24568;-52,032444;"SPRF-MS";"DEL07-MS";"UOP01-DEL07-MS"
129499;2018-04-22;"domingo";"04:30:00";"MG";267;131,6;"JUIZ DE FORA";"Falta de Atenção à Condução";"Colisão com objeto estático";"Com Vítimas Feridas";"Plena Noite";"Crescente";"Nublado";"Simples";"Reta";"Não";5;0;1;0;3;1;1;2;-21,73909122;-43,5531199;"SPRF-MG";"DEL05-MG";"UOP01-DEL05-MG"
129500;2018-04-22;"domingo";"08:30:00";"SC";280;245,6;"CANOINHAS";"Desobediência às normas de trânsito pelo condutor";"Colisão transversal";"Com Vítimas Feridas";"Pleno dia";"Decrescente";"Céu Claro";"Simples";"Reta";"Não";5;0;0;2;3;0;2;2;-26,24186601;-50,49338937;"SPRF-SC";"DEL06-SC";"UOP04-DEL06-SC"
129501;2018-04-22;"domingo";"05:30:00";"RS";285;51,2;"BOM JESUS";"Ingestão de Álcool";"Saída de leito carroçável";"Sem Vítimas";"Plena Noite";"Decrescente";"Céu Claro";"Simples";"Curva";"Não";1;0;0;0;1;0;0;1;-28,66692421;-50,32408297;"SPRF-RS";"DEL05-RS";"UOP03-DEL05-RS"
129502;2018-04-22;"domingo";"08:58:00";"MS";163;255,9;"DOURADOS";"Ingestão de Álcool";"Saída de leito carroçável";"Sem Vítimas";"Pleno dia";"Decrescente";"Céu Claro";"Dupla";"Curva";"Sim";2;0;0;0;2;0;0;1;-22,25999677;-54,80414987;"SPRF-MS";"DEL04-MS";"UOP01-DEL04-MS"
129504;2018-04-22;"domingo";"10:25:00";"SC";280;7;"SAO FRANCISCO DO SUL";"Condutor Dormindo";"Colisão lateral";"Com Vítimas Feridas";"Pleno dia";"Crescente";"Sol";"Simples";"Curva";"Sim";2;0;2;0;0;0;2;2;-26,26992832;-48,63997489;"SPRF-SC";"DEL03-SC";"UOP03-DEL03-SC"
129505;2018-04-22;"domingo";"10:30:00";"RJ";116;323,5;"ITATIAIA";"Mal Súbito";"Queda de ocupante de veículo";"Com Vítimas Feridas";"Pleno dia";"Crescente";"Sol";"Dupla";"Reta";"Sim";2;0;1;0;1;0;1;1;-22,50463764;-44,61170197;"SPRF-RJ";"DEL07-RJ";"DEL5/7-UOP03/RJ"
129506;2018-04-22;"domingo";"08:10:00";"SC";101;79,7;"ARAQUARI";"Falta de Atenção à Condução";"Colisão lateral";"Sem Vítimas";"Pleno dia";"Crescente";"Céu Claro";"Múltipla";"Reta";"Não";2;0;0;0;2;0;0;2;-26,59153969;-48,72224092;"SPRF-SC";"DEL03-SC";"UOP02-DEL03-SC"
129507;2018-04-22;"domingo";"10:00:00";"SC";280;127;"RIO NEGRINHO";"Falta de Atenção à Condução";"Colisão transversal";"Com Vítimas Feridas";"Pleno dia";"Crescente";"Céu Claro";"Simples";"Reta";"Não";2;0;0;1;1;0;1;2;-26,239437;-49,504192;"SPRF-SC";"DEL06-SC";"UOP03-DEL06-SC"
129508;2018-04-22;"domingo";"10:50:00";"AL";101;193,7;"SAO SEBASTIAO";"Desobediência às normas de trânsito pelo condutor";"Colisão lateral";"Sem Vítimas";"Pleno dia";"Crescente";"Nublado";"Dupla";"Reta";"Não";2;0;0;0;2;0;0;2;-9,950817;-36,541134;"SPRF-AL";"DEL02-AL";"UOP02-DEL02-AL"
129509;2018-04-22;"domingo";"10:20:00";"PA";316;2;"ANANINDEUA";"Falta de Atenção à Condução";"Engavetamento";"Com Vítimas Feridas";"Pleno dia";"Decrescente";"Sol";"Dupla";"Reta";"Sim";4;0;1;0;3;0;1;3;-1,396582;-48,422993;"SPRF-PA";"DEL01-PA";"DEL19/1-UOP05/PA"
129510;2018-04-22;"domingo";"09:35:00";"SC";101;102;"BALNEARIO PICARRAS";"Defeito Mecânico no Veículo";"Tombamento";"Com Vítimas Feridas";"Pleno dia";"Crescente";"Céu Claro";"Dupla";"Reta";"Não";2;0;1;0;1;0;1;1;-26,7841;-48,6827;"SPRF-SC";"DEL03-SC";"UOP02-DEL03-SC"
129511;2018-04-22;"domingo";"11:00:00";"AL";104;39;"UNIAO DOS PALMARES";"Falta de Atenção à Condução";"Saída de leito carroçável";"Sem Vítimas";"Pleno dia";"Crescente";"Nublado";"Simples";"Reta";"Não";1;0;0;0;1;0;0;1;-9,1835321;-36,03597164;"SPRF-AL";"DEL01-AL";"UOP02-DEL01-AL"