"id";"data_inversa";"dia_semana";"horario";"uf";"br";"km";"municipio";"causa_acidente";"tipo_acidente";"classificacao_acidente";"fase_dia";"sentido_via";"condicao_metereologica";"tipo_pista";"tracado_via";"uso_solo";"pessoas";"mortos";"feridos_leves";"feridos_graves";"ilesos";"ignorados";"feridos";"veiculos";"latitude";"longitude";"regional";"delegacia";"uop"
129736;2018-04-20;"sexta-feira";"19:30:00";"ES";262;106;"VENDA NOVA DO IMIGRANTE";"Falta de Atenção à Condução";"Colisão lateral";"Com Vítimas Feridas";"Plena Noite";"Crescente";"Céu Claro";"Simples";"Reta";"Sim";2;0;0;1;1;0;1;2;-20,33046244;-41,15457058;"SPRF-ES";"DEL01-ES";"UOP02-DEL01-ES"
129738;2018-04-23;"segunda-feira";"07:53:00";"SP";116;223;"GUARULHOS";"Não guardar distância de segurança";"Colisão traseira";"Com Vítimas Feridas";"Pleno dia";"Crescente";"Céu Claro";"Múltipla";"Reta";"Sim";3;0;2;0;1;0;2;2;-23,47919881;-46,53112292;"SPRF-SP";"DEL01-SP";"UOP01-DEL01-SP"
129739;2018-04-23;"segunda-feira";"10:20:00";"MT";70;528;"VARZEA GRANDE";"Falta de Atenção à Condução";"Colisão transversal";"Com Vítimas Feridas";"Pleno dia";"Crescente";"Céu Claro";"Simples";"Rotatória";"Sim";2;0;1;0;1;0;1;2;-15,649207;-56,19486;"SPRF-MT";"DEL01-MT";"DEL2/4-UOP02/MT"
129740;2018-04-23;"segunda-feira";"11:50:00";"PR";467;96;"CASCAVEL";"Velocidade Incompatível";"Saída de leito carroçável";"Com Vítimas Feridas";"Pleno dia";"Decrescente";"Céu Claro";"Dupla";"Reta";"Não";1;0;1;0;0;0;1;1;-24,86971314;-53,56658399;"SPRF-PR";"DEL04-PR";"UOP01-DEL04-PR"
129742;2018-04-23;"segunda-feira";"12:30:00";"RS";116;251,5;"SAPUCAIA DO SUL";"Falta de Atenção à Condução";"Saída de leito carroçável";"Com Vítimas Fatais";"Pleno dia";"Decrescente";"Céu Claro";"Dupla";"Reta";"Não";1;1;0;0;0;0;0;1;-29,79987387;-51,16515934;"SPRF-RS";"DEL01-RS";"UOP02-DEL01-RS"
129743;2018-04-23;"segunda-feira";"09:15:00";"RS";116;251;"SAO LEOPOLDO";"Falta de Atenção à Condução";"Colisão com objeto estático";"Com Vítimas Feridas";"Pleno dia";"Crescente";"Céu Claro";"Múltipla";"Reta";"Sim";2;0;1;0;1;0;1;2;-29,800453;-51,16552;"SPRF-RS";"DEL01-RS";"UOP02-DEL01-RS"
129744;2018-04-23;"segunda-feira";"10:45:00";"PE";232;26,2;"MORENO";"Velocidade Incompatível";"Colisão com objeto estático";"Sem Vítimas";"Pleno dia";"Decrescente";"Chuva";"Dupla";"Aclive";"Não";2;0;0;0;1;1;0;2;-8,11404525;-35,1184845;"SPRF-PE";"DEL01-PE";"UOP02-DEL02PE"
129745;2018-04-23;"segunda-feira";"13:40:00";"RS";470;178;"VERANOPOLIS";"Desobediência às normas de trânsito pelo condutor";"Colisão lateral";"Com Vítimas Feridas";"Pleno dia";"Decrescente";"Nublado";"Simples";"Interseção de Vias";"Sim";2;0;1;0;1;0;1;2;-28,93902917;-51,54521763;"SPRF-RS";"DEL06-RS";"UOP02-DEL06-RS"
129748;2018-04-23;"segunda-feira";"14:30:00";"MG";116;751,9;"LEOPOLDINA";"Velocidade Incompatível";"Saída de leito carroçável";"Com Vítimas Feridas";"Pleno dia";"Crescente";"Chuva";"Simples";"Curva";"Não";3;0;2;0;1;0;2;1;-21,46849544;-42,55712802;"SPRF-MG";"DEL07-MG";"UOP01-DEL07-MG"
129749;2018-04-23;"segunda-feira";"08:10:00";"PA";316;8;"ANANINDEUA";"Falta de Atenção do Pedestre";"Atropelamento de Pedestre";"Com Vítimas Feridas";"Pleno dia";"Crescente";"Céu Claro";"Simples";"Reta";"Sim";2;0;1;1;0;0;2;2;-1,366236;-48,367805;"SPRF-PA";"DEL01-PA";"DEL19/1-UOP05/PA"
129752;2018-04-23;"segunda-feira";"08:30:00";"PR";116;127;"FAZENDA RIO GRANDE";"Ingestão de Álcool";"Saída de leito carroçável";"Sem Vítimas";"Pleno dia";"Crescente";"Céu Claro";"Dupla";"Reta";"Não";1;0;0;0;1;0;0;1;-25,66690366;-49,31419373;"SPRF-PR";"DEL01-PR";"UOP03-DEL01-PR"
129753;2018-04-23;"segunda-feira";"13:50:00";"SC";282;4,5;"SAO JOSE";"Falta de Atenção à Condução";"Colisão lateral";"Com Vítimas Feridas";"Pleno dia";"Decrescente";"Céu Claro";"Dupla";"Reta";"Sim";2;0;1;0;1;0;1;2;-27,6007053;-48,60195637;"SPRF-SC";"DEL01-SC";"UOP01-DEL01-SC"
129754;2018-04-23;"segunda-feira";"12:25:00";"PA";163;1005,3;"SANTAREM";"Desobediência às normas de trânsito pelo condutor";"Colisão transversal";"Com Vítimas Feridas";"Pleno dia";"Crescente";"Céu Claro";"Simples";"Reta";"Sim";3;0;1;1;1;0;2;2;-2,45570065;-54,72853839;"SPRF-PA";"DEL05-PA";"UOP01-DEL05-PA"
129755;2018-04-23;"segunda-feira";"09:30:00";"CE";116;41,1;"HORIZONTE";"Velocidade Incompatível";"Atropelamento de Pedestre";"Com Vítimas Fatais";"Pleno dia";"Crescente";"Céu Claro";"Dupla";"Retorno Regulamentado";"Sim";3;1;0;0;2;0;0;2;-4,10505901;-38,49798739;"SPRF-CE";"DEL01-CE";"UOP02-DEL01-CE"
129757;2018-04-23;"segunda-feira";"14:15:00";"CE";116;46;"PACAJUS";"Desobediência às normas de trânsito pelo condutor";"Colisão lateral";"Com Vítimas Feridas";"Pleno dia";"Decrescente";"Céu Claro";"Dupla";"Interseção de Vias";"Não";2;0;1;0;1;0;1;2;-4,14474918;-38,47738266;"SPRF-CE";"DEL01-CE";"UOP02-DEL01-CE"
129758;2018-04-23;"segunda-feira";"08:15:00";"PR";277;82;"CURITIBA";"Falta de Atenção à Condução";"Colisão lateral";"Com Vítimas Feridas";"Pleno dia";"Crescente";"Céu Claro";"Dupla";"Reta";"Sim";2;0;1;0;1;0;1;2;-25,45221342;-49,22666477;"SPRF-PR";"DEL01-PR";"UOP01-DEL01-PR"
129759;2018-04-23;"segunda-feira";"07:50:00";"CE";222;3,5;"FORTALEZA";"Falta de Atenção à Condução";"Colisão lateral";"Com Vítimas Feridas";"Pleno dia";"Crescente";"Céu Claro";"Múltipla";"Reta";"Sim";2;0;1;0;1;0;1;2;-3,740385;-38,595749;"SPRF-CE";"DEL01-CE";"UOP01-DEL01-CE"
129760;2018-04-23;"segunda-feira";"11:50:00";"BA";407;2,4;"JUAZEIRO";"Falta de Atenção à Condução";"Colisão lateral";"Com Vítimas Feridas";"Pleno dia";"Crescente";"Sol";"Simples";"Rotatória";"Sim";2;0;1;0;1;0;1;2;-9,42600012;-40,50027251;"SPRF-PE";"DEL06-PE";"UOP01-DEL06-PE"
129761;2018-04-23;"segunda-feira";"15:10:00";"PE";232;71,1;"GRAVATA";"Desobediência às normas de trânsito pelo condutor";"Colisão traseira";"Com Vítimas Feridas";"Pleno dia";"Crescente";"Nublado";"Dupla";"Reta";"Sim";2;0;0;1;1;0;1;2;-8,18484145;-35,49626559;"SPRF-PE";"DEL01-PE";"UOP02-DEL02PE"
129762;2018-04-23;"segunda-feira";"15:20:00";"SC";282;211,2;"LAGES";"Ultrapassagem Indevida";"Colisão frontal";"Com Vítimas Feridas";"Pleno dia";"Decrescente";"Sol";"Simples";"Reta";"Não";3;0;2;0;1;0;2;3;-27,780222;-50,241741;"SPRF-SC";"DEL05-SC";"UOP01-DEL05-SC"
129763;2018-04-23;"segunda-feira";"10:25:00";"SC";282;462,2;"PONTE SERRADA";"Falta de Atenção à Condução";"Colisão transversal";"Com Vítimas Feridas";"Pleno dia";"Decrescente";"Sol";"Simples";"Reta";"Sim";2;0;1;0;1;0;1;2;-26,86266808;-52,02644348;"SPRF-SC";"DEL07-SC";"UOP04-DEL07-SC"
129764;2018-04-20;"sexta-feira";"13:50:00";"AM";174;1014;"PRESIDENTE FIGUEIREDO";"Defeito na Via";"Saída de leito carroçável";"Sem Vítimas";"Pleno dia";"Decrescente";"Nublado";"Simples";"Reta";"Não";3;0;0;0;3;0;0;1;-1,51319076;-60,25357246;"SPRF-AM";"DEL01-AM";"UOP02-DEL01-AM"
129765;2018-04-23;"segunda-feira";"09:40:00";"PE";101;96,3;"CABO DE SANTO AGOSTINHO";"Defeito na Via";"Colisão transversal";"Com Vítimas Feridas";"Pleno dia";"Crescente";"Chuva";"Dupla";"Reta";"Não";3;0;1;1;1;0;2;2;-8,259157;-35,013232;"SPRF-PE";"DEL01-PE";"UOP03-DEL01-PE"
129766;2018-04-23;"segunda-feira";"10:40:00";"SP";116;186;"SANTA ISABEL";"Objeto estático sobre o leito carroçável";"Colisão com objeto estático";"Com Vítimas Feridas";"Pleno dia";"Decrescente";"Sol";"Dupla";"Retorno Regulamentado";"Não";1;0;1;0;0;0;1;1;-23,35214379;-46,19858086;"SPRF-SP";"DEL02-SP";"UOP01-DEL02-SP"
129767;2018-04-23;"segunda-feira";"10:45:00";"RS";392;264,8;"CACAPAVA DO SUL";"Velocidade Incompatível";"Saída de leito carroçável";"Com Vítimas Feridas";"Pleno dia";"Crescente";"Chuva";"Simples";"Declive;Curva";"Não";1;0;1;0;0;0;1;1;-30,4361634;-53,49933565;"SPRF-RS";"DEL09-RS";"UOP02-DEL09-RS"
129769;2018-04-08;"domingo";"07:00:00";"RS";290;55,1;"GLORINHA";"Condutor Dormindo";"Saída de leito carroçável";"Com Vítimas Feridas";"Pleno dia";"Decrescente";"Céu Claro";"Dupla";"Reta";"Não";1;0;0;1;0;0;1;1;-29,913401;-50,808426;"SPRF-RS";"DEL03-RS";"UOP02-DEL03-RS"
129772;2018-04-23;"segunda-feira";"11:00:00";"SP";116;140,2;"SAO JOSE DOS CAMPOS";"Avarias e/ou desgaste excessivo no pneu";"Tombamento";"Com Vítimas Feridas";"Pleno dia";"Crescente";"Céu Claro";"Dupla";"Reta";"Sim";1;0;0;1;0;0;1;1;-23,165804;-45,812515;"SPRF-SP";"DEL06-SP";"UOP02-DEL02-SP"
129773;2018-04-23;"segunda-feira";"15:40:00";"RN";304;40,6;"MOSSORO";"Ingestão de Álcool";"Colisão transversal";"Sem Vítimas";"Pleno dia";"Decrescente";"Nublado";"Dupla";"Reta";"Sim";3;0;0;0;3;0;0;2;-5,20153999;-37,37708688;"SPRF-RN";"DEL04-RN";"UOP01-DEL04-RN"
129774;2018-04-23;"segunda-feira";"14:00:00";"SC";101;354,6;"JAGUARUNA";"Falta de Atenção à Condução";"Colisão traseira";"Com Vítimas Feridas";"Pleno dia";"Crescente";"Sol";"Dupla";"Reta";"Não";3;0;2;0;0;1;2;2;-28,6209;-49,074;"SPRF-SC";"DEL02-SC";"UOP01-DEL02-SC"
129776;2018-04-23;"segunda-feira";"10:20:00";"RS";158;372,6;"DILERMANDO DE AGUIAR";"Velocidade Incompatível";"Colisão frontal";"Com Vítimas Feridas";"Pleno dia";"Crescente";"Chuva";"Simples";"Reta";"Não";4;0;2;2;0;0;4;2;-29,85344859;-54,21186447;"SPRF-RS";"DEL09-RS";"UOP01-DEL09-RS"
129780;2018-04-23;"segunda-feira";"16:00:00";"PR";277;726;"FOZ DO IGUACU";"Agressão Externa";"Tombamento";"Com Vítimas Feridas";"Pleno dia";"Crescente";"Céu Claro";"Dupla";"Interseção de Vias";"Sim";2;0;2;0;0;0;2;1;-25,510289;-54,55935001;"SPRF-PR";"DEL05-PR";"UOP03-DEL05-PR"
129783;2018-04-23;"segunda-feira";"10:00:00";"MA";10;140,8;"PORTO FRANCO";"Falta de Atenção à Condução";"Colisão transversal";"Com Vítimas Feridas";"Pleno dia";"Crescente";"Céu Claro";"Simples";"Curva";"Não";5;0;4;1;0;0;5;2;-6,493114;-47,382767;"SPRF-MA";"DEL04-MA";"UOP02-DEL04-MA"
129785;2018-04-23;"segunda-feira";"15:35:00";"RJ";101;230,9;"SILVA JARDIM";"Falta de Atenção à Condução";"Saída de leito carroçável";"Com Vítimas Feridas";"Pleno dia";"Crescente";"Nublado";"Dupla";"Reta";"Não";1;0;1;0;0;0;1;1;-22,577637;-42,380505;"SPRF-RJ";"DEL02-RJ";"UOP03-DEL02-RJ"
129786;2018-04-23;"segunda-feira";"08:30:00";"BA";324;575;"SAO SEBASTIAO DO PASSE";"Falta de Atenção à Condução";"Saída de leito carroçável";"Com Vítimas Feridas";"Pleno dia";"Decrescente";"Nublado";"Dupla";"Reta";"Não";3;0;1;0;2;0;1;1;-12,58128746;-38,53291512;"SPRF-BA";"DEL01-BA";"UOP01-DEL01-BA"
129787;2018-04-23;"segunda-feira";"14:50:00";"MS";163;483,7;"CAMPO GRANDE";"Velocidade Incompatível";"Tombamento";"Com Vítimas Feridas";"Pleno dia";"Decrescente";"Céu Claro";"Simples";"Curva";"Sim";1;0;1;0;0;0;1;1;-20,462892;-54,55489755;"SPRF-MS";"DEL01-MS";"UOP02-DEL01-MS"
129789;2018-04-23;"segunda-feira";"12:00:00";"ES";262;19,6;"VIANA";"Velocidade Incompatível";"Colisão traseira";"Sem Vítimas";"Pleno dia";"Crescente";"Chuva";"Simples";"Reta";"Sim";2;0;0;0;2;0;0;2;-20,38866139;-40,49411952;"SPRF-ES";"DEL01-ES";"UOP01-DEL01-ES"
129790;2018-04-23;"segunda-feira";"11:40:00";"RN";226;73,6;"TANGARA";"Velocidade Incompatível";"Saída de leito carroçável";"Com Vítimas Feridas";"Pleno dia";"Decrescente";"Chuva";"Simples";"Curva";"Não";1;0;0;1;0;0;1;1;-6,14226154;-35,73200226;"SPRF-RN";"DEL01-RN";"UOP02-DEL01-RN"
129791;2018-04-23;"segunda-feira";"12:35:00";"RS";116;517;"BARRA DO RIBEIRO";"Desobediência às normas de trânsito pelo condutor";"Colisão transversal";"Com Vítimas Feridas";"Pleno dia";"Decrescente";"Céu Claro";"Simples";"Viaduto";"Sim";2;0;1;0;1;0;1;2;-30,34457;-51,42852;"SPRF-RS";"DEL07-RS";"UOP01-DEL07-RS"
129792;2018-04-23;"segunda-feira";"14:20:00";"BA";116;820,7;"VITORIA DA CONQUISTA";"Falta de Atenção à Condução";"Colisão lateral";"Com Vítimas Feridas";"Pleno dia";"Crescente";"Garoa/Chuvisco";"Simples";"Declive";"Sim";6;0;4;0;2;0;4;2;-14,83157987;-40,8375442;"SPRF-BA";"DEL08-BA";"UOP01-DEL08-BA"
129793;2018-04-23;"segunda-feira";"16:50:00";"SC";101;332,6;"TUBARAO";"Falta de Atenção à Condução";"Colisão frontal";"Com Vítimas Feridas";"Pleno dia";"Decrescente";"Céu Claro";"Dupla";"Reta";"Sim";2;0;1;0;1;0;1;2;-28,46548926;-48,9947319;"SPRF-SC";"DEL02-SC";"UOP01-DEL02-SC"
129794;2018-04-23;"segunda-feira";"09:15:00";"PR";376;8;"MARINGA";"Desobediência às normas de trânsito pelo condutor";"Colisão transversal";"Com Vítimas Feridas";"Pleno dia";"Crescente";"Céu Claro";"Simples";"Interseção de Vias";"Sim";2;0;1;0;0;1;1;2;-23,38131416;-51,91164484;"SPRF-PR";"DEL07-PR";"UOP01-DEL09-PR"
129798;2018-04-23;"segunda-feira";"16:00:00";"SP";116;126,8;"CACAPAVA";"Não guardar distância de segurança";"Colisão traseira";"Com Vítimas Feridas";"Pleno dia";"Decrescente";"Céu Claro";"Dupla";"Reta";"Sim";3;0;1;0;2;0;1;2;-23,10894409;-45,70072174;"SPRF-SP";"DEL06-SP";"UOP02-DEL02-SP"
129802;2018-04-23;"segunda-feira";"17:45:00";"SC";101;122,5;"ITAJAI";"Falta de Atenção à Condução";"Colisão traseira";"Com Vítimas Feridas";"Anoitecer";"Crescente";"Céu Claro";"Dupla";"Reta";"Não";2;0;0;1;1;0;1;2;-26,9366;-48,6987;"SPRF-SC";"DEL04-SC";"UOP04-DEL04-SC"
129807;2018-04-23;"segunda-feira";"18:15:00";"BA";116;424;"FEIRA DE SANTANA";"Desobediência às normas de trânsito pelo condutor";"Atropelamento de Pedestre";"Com Vítimas Feridas";"Anoitecer";"Crescente";"Nublado";"Simples";"Reta";"Sim";2;0;0;1;0;1;1;2;-12,25127597;-38,9887619;"SPRF-BA";"DEL02-BA";"UOP01-DEL02-BA"
129808;2018-04-23;"segunda-feira";"15:40:00";"RJ";40;84;"PETROPOLIS";"Falta de Atenção à Condução";"Capotamento";"Com Vítimas Feridas";"Pleno dia";"Decrescente";"Céu Claro";"Simples";"Curva";"Sim";3;0;2;0;1;0;2;2;-22,5511;-43,2257;"SPRF-RJ";"DEL06-RJ";"UOP01-DEL06-RJ"
129810;2018-04-23;"segunda-feira";"12:00:00";"ES";101;270;"SERRA";"Falta de Atenção do Pedestre";"Colisão transversal";"Com Vítimas Feridas";"Pleno dia";"Crescente";"Céu Claro";"Dupla";"Reta";"Sim";2;0;1;0;1;0;1;2;-20,23143571;-40,27343273;"SPRF-ES";"DEL02-ES";"UOP01-DEL02-ES"
129813;2018-04-23;"segunda-feira";"18:30:00";"SP";381;83;"SAO PAULO";"Ingestão de Álcool";"Colisão lateral";"Com Vítimas Feridas";"Anoitecer";"Decrescente";"Céu Claro";"Múltipla";"Reta";"Sim";6;0;1;0;4;1;1;2;-23,4393256;-46,5684589;"SPRF-SP";"DEL03-SP";"DEL6/3-UOP03/SP"
129814;2018-04-23;"segunda-feira";"17:15:00";"RJ";101;434;"MANGARATIBA";"Falta de Atenção à Condução";"Colisão traseira";"Com Vítimas Feridas";"Anoitecer";"Decrescente";"Céu Claro";"Simples";"Reta";"Não";5;0;1;0;4;0;1;4;-22,937099;-44,010822;"SPRF-RJ";"DEL03-RJ";"UOP01-DEL03-RJ"
129815;2018-04-23;"segunda-feira";"12:50:00";"PR";280;258,1;"FRANCISCO BELTRAO";"Desobediência às normas de trânsito pelo condutor";"Colisão transversal";"Com Vítimas Feridas";"Pleno dia";"Decrescente";"Céu Claro";"Simples";"Reta";"Sim";2;0;1;0;1;0;1;2;-26,09242;-53,014309;"SPRF-PR";"DEL02-PR";"UOP01-DEL02-PR"
129817;2018-04-23;"segunda-feira";"18:20:00";"PR";376;498,1;"PONTA GROSSA";"Falta de Atenção à Condução";"Colisão traseira";"Com Vítimas Feridas";"Anoitecer";"Decrescente";"Nublado";"Dupla";"Reta";"Sim";2;0;1;0;1;0;1;2;-25,15289866;-50,1391983;"SPRF-PR";"DEL03-PR";"UOP04-DEL03-PR"
129818;2018-04-23;"segunda-feira";"18:35:00";"PR";277;721,4;"FOZ DO IGUACU";"Falta de Atenção à Condução";"Colisão transversal";"Com Vítimas Feridas";"Plena Noite";"Crescente";"Céu Claro";"Dupla";"Retorno Regulamentado;Reta";"Sim";3;0;2;0;1;0;2;2;-25,491169;-54,511887;"SPRF-PR";"DEL05-PR";"UOP01-DEL05-PR"
129820;2018-04-23;"segunda-feira";"10:30:00";"MG";116;536,3;"SANTA RITA DE MINAS";"Defeito Mecânico no Veículo";"Saída de leito carroçável";"Com Vítimas Feridas";"Pleno dia";"Decrescente";"Nublado";"Simples";"Curva";"Não";1;0;1;0;0;0;1;1;-19,852532;-42,140634;"SPRF-MG";"DEL06-MG";"UOP02-DEL06-MG"
129823;2018-04-23;"segunda-feira";"15:30:00";"ES";101;148;"LINHARES";"Não guardar distância de segurança";"Colisão traseira";"Com Vítimas Feridas";"Pleno dia";"Decrescente";"Nublado";"Múltipla";"Reta";"Sim";2;0;1;0;1;0;1;2;-19,38750626;-40,06744981;"SPRF-ES";"DEL04-ES";"UOP01-DEL04-ES"
129826;2018-04-23;"segunda-feira";"19:20:00";"MA";135;3,8;"SAO LUIS";"Falta de Atenção à Condução";"Queda de ocupante de veículo";"Com Vítimas Feridas";"Plena Noite";"Decrescente";"Chuva";"Dupla";"Reta";"Sim";2;0;1;0;1;0;1;2;-2,61330309;-44,25152153;"SPRF-MA";"DEL01-MA";"UOP01-DEL01-MA"
129827;2018-04-23;"segunda-feira";"16:55:00";"ES";101;11;"PEDRO CANARIO";"Mal Súbito";"Queda de ocupante de veículo";"Com Vítimas Feridas";"Anoitecer";"Crescente";"Céu Claro";"Simples";"Reta";"Não";1;0;1;0;0;0;1;1;-18,257133;-39,954773;"SPRF-ES";"DEL04-ES";"UOP02-DEL04-ES"
129828;2018-04-23;"segunda-feira";"16:25:00";"MG";381;328;"NOVA ERA";"Desobediência às normas de trânsito pelo condutor";"Colisão transversal";"Com Vítimas Feridas";"Pleno dia";"Decrescente";"Céu Claro";"Simples";"Curva";"Não";6;0;2;0;4;0;2;2;-19,7609;-43,0306;"SPRF-MG";"DEL03-MG";"UOP01-DEL03-MG"
129829;2018-04-23;"segunda-feira";"19:00:00";"CE";222;3;"CAUCAIA";"Falta de Atenção à Condução";"Colisão lateral";"Com Vítimas Feridas";"Plena Noite";"Crescente";"Céu Claro";"Dupla";"Reta";"Sim";2;0;1;0;0;1;1;2;-3,74060402;-38,59836102;"SPRF-CE";"DEL01-CE";"UOP01-DEL01-CE"
129833;2018-04-23;"segunda-feira";"20:15:00";"BA";324;515;"FEIRA DE SANTANA";"Ingestão de Álcool";"Colisão traseira";"Com Vítimas Feridas";"Plena Noite";"Decrescente";"Céu Claro";"Simples";"Reta";"Sim";2;0;1;0;1;0;1;2;-12,24513198;-38,93554688;"SPRF-BA";"DEL02-BA";"UOP01-DEL02-BA"
129834;2018-04-23;"segunda-feira";"20:13:00";"GO";60;38,4;"GOIANIA";"Desobediência às normas de trânsito pelo condutor";"Colisão com objeto estático";"Com Vítimas Feridas";"Anoitecer";"Crescente";"Céu Claro";"Dupla";"Rotatória";"Sim";1;0;1;0;0;0;1;1;-16,74365926;-49,34413221;"SPRF-GO";"DEL01-GO";"UOP02-DEL01-GO"
129836;2018-04-23;"segunda-feira";"19:40:00";"PB";230;407,1;"POMBAL";"Desobediência às normas de trânsito pelo condutor";"Colisão frontal";"Com Vítimas Feridas";"Plena Noite";"Crescente";"Céu Claro";"Simples";"Reta";"Sim";2;0;0;1;1;0;1;2;-6,76541541;-37,79452443;"SPRF-PB";"DEL03-PB";"UOP02-DEL03-PB"
129840;2018-04-23;"segunda-feira";"19:05:00";"SC";163;65,5;"SAO MIGUEL DO OESTE";"Falta de Atenção à Condução";"Colisão transversal";"Com Vítimas Feridas";"Plena Noite";"Crescente";"Nublado";"Dupla";"Reta";"Sim";3;0;1;0;2;0;1;2;-26,775362;-53,506016;"SPRF-SC";"DEL07-SC";"UOP03-DEL07-SC"
129841;2018-04-23;"segunda-feira";"18:30:00";"MT";364;311;"JACIARA";"Desobediência às normas de trânsito pelo pedestre";"Atropelamento de Pedestre";"Com Vítimas Feridas";"Plena Noite";"Crescente";"Céu Claro";"Dupla";"Reta";"Não";2;0;0;1;1;0;1;2;-15,813992;-55,247578;"SPRF-MT";"DEL02-MT";"UOP02-DEL05-MT"
129843;2018-04-23;"segunda-feira";"18:55:00";"PR";153;330,4;"IRATI";"Falta de Atenção à Condução";"Colisão transversal";"Com Vítimas Feridas";"Plena Noite";"Decrescente";"Céu Claro";"Dupla";"Reta";"Sim";2;0;0;1;1;0;1;2;-25,4566942;-50,62038124;"SPRF-PR";"DEL03-PR";"UOP02-DEL08-PR"
129846;2018-04-23;"segunda-feira";"21:35:00";"SC";470;70;"INDAIAL";"Desobediência às normas de trânsito pelo condutor";"Colisão frontal";"Com Vítimas Feridas";"Plena Noite";"Crescente";"Céu Claro";"Simples";"Reta";"Sim";2;0;1;0;1;0;1;2;-26,8810479;-49,2434907;"SPRF-SC";"DEL04-SC";"UOP01-DEL04-SC"
129847;2018-04-23;"segunda-feira";"15:45:00";"MT";163;648;"LUCAS DO RIO VERDE";"Ultrapassagem Indevida";"Saída de leito carroçável";"Com Vítimas Feridas";"Pleno dia";"Crescente";"Céu Claro";"Simples";"Reta";"Não";1;0;1;0;0;0;1;1;-13,23326147;-56,00830078;"SPRF-MT";"DEL06-MT";"UOP01-DEL06-MT"
129848;2018-04-23;"segunda-feira";"18:00:00";"MT";163;688,5;"SORRISO";"Falta de Atenção à Condução";"Colisão lateral";"Com Vítimas Feridas";"Plena Noite";"Crescente";"Céu Claro";"Simples";"Retorno Regulamentado";"Sim";3;0;1;0;2;0;1;2;-13,06055517;-55,92444428;"SPRF-MT";"DEL06-MT";"UOP01-DEL06-MT"
129851;2018-04-23;"segunda-feira";"22:00:00";"CE";116;15,8;"EUSEBIO";"Desobediência às normas de trânsito pelo condutor";"Colisão traseira";"Com Vítimas Feridas";"Plena Noite";"Decrescente";"Chuva";"Dupla";"Reta";"Sim";2;0;0;1;1;0;1;2;-3,88857476;-38,50218773;"SPRF-CE";"DEL01-CE";"UOP02-DEL01-CE"
129852;2018-04-23;"segunda-feira";"20:50:00";"PB";101;77;"SANTA RITA";"Animais na Pista";"Atropelamento de Animal";"Com Vítimas Feridas";"Plena Noite";"Crescente";"Nublado";"Dupla";"Reta";"Não";2;0;0;1;1;0;1;1;-7,098386;-34,966354;"SPRF-PB";"DEL01-PB";"UOP01-DEL01-PB"
129854;2018-04-23;"segunda-feira";"22:10:00";"SC";101;192;"BIGUACU";"Objeto estático sobre o leito carroçável";"Colisão com objeto estático";"Sem Vítimas";"Plena Noite";"Crescente";"Céu Claro";"Dupla";"Curva";"Sim";2;0;0;0;2;0;0;1;-27,4860404;-48,64850298;"SPRF-SC";"DEL01-SC";"UOP01-DEL01-SC"
129855;2018-04-11;"quarta-feira";"08:10:00";"SC";101;206,3;"SAO JOSE";"Defeito na Via";"Colisão com objeto estático";"Sem Vítimas";"Pleno dia";"Crescente";"Céu Claro";"Dupla";"Reta";"Não";2;0;0;0;2;0;0;1;-27,6001;-48,6225;"SPRF-SC";"DEL01-SC";"UOP01-DEL01-SC"
129856;2018-04-23;"segunda-feira";"22:20:00";"AP";210;3;"MACAPA";"Restrição de Visibilidade";"Colisão frontal";"Com Vítimas Feridas";"Plena Noite";"Decrescente";"Chuva";"Simples";"Reta";"Sim";4;0;2;2;0;0;4;2;0,08756873;-51,09280407;"SPRF-AP";"DEL01-AP";"UOP01-DEL01-AP"
129857;2018-04-23;"segunda-feira";"20:30:00";"RJ";101;418;"MANGARATIBA";"Defeito Mecânico no Veículo";"Incêndio";"Sem Vítimas";"Plena Noite";"Crescente";"Céu Claro";"Simples";"Reta;Aclive";"Sim";1;0;0;0;1;0;0;1;-22,91733002;-43,90756845;"SPRF-RJ";"DEL03-RJ";"UOP01-DEL03-RJ"
129858;2018-04-23;"segunda-feira";"22:50:00";"SP";153;63,5;"SAO JOSE DO RIO PRETO";"Defeito Mecânico no Veículo";"Tombamento";"Com Vítimas Feridas";"Plena Noite";"Decrescente";"Céu Claro";"Dupla";"Reta";"Sim";2;0;2;0;0;0;2;1;-20,82155;-49,357655;"SPRF-SP";"DEL09-SP";"UOP01-DEL09-SP"
129860;2018-04-23;"segunda-feira";"12:44:00";"RJ";40;48;"PETROPOLIS";"Falta de Atenção à Condução";"Atropelamento de Pedestre";"Com Vítimas Feridas";"Pleno dia";"Decrescente";"Céu Claro";"Dupla";"Curva";"Não";2;0;1;0;0;1;1;2;-22,31006109;-43,13026428;"SPRF-RJ";"DEL06-RJ";"UOP01-DEL06-RJ"