"id";"data_inversa";"dia_semana";"horario";"uf";"br";"km";"municipio";"causa_acidente";"tipo_acidente";"classificacao_acidente";"fase_dia";"sentido_via";"condicao_metereologica";"tipo_pista";"tracado_via";"uso_solo";"pessoas";"mortos";"feridos_leves";"feridos_graves";"ilesos";"ignorados";"feridos";"veiculos";"latitude";"longitude";"regional";"delegacia";"uop"
129988;2018-04-24;"terça-feira";"10:30:00";"BA";101;911;"NOVA VICOSA";"Agressão Externa";"Colisão com objeto em movimento";"Com Vítimas Feridas";"Pleno dia";"Crescente";"Nublado";"Simples";"Reta";"Não";1;0;1;0;0;0;1;1;-17,81634;-39,79293;"SPRF-BA";"DEL09-BA";"UOP02-DEL09-BA"
129990;2018-04-24;"terça-feira";"17:20:00";"RS";470;220;"GARIBALDI";"Falta de Atenção à Condução";"Colisão transversal";"Com Vítimas Feridas";"Anoitecer";"Crescente";"Céu Claro";"Simples";"Retorno Regulamentado";"Não";4;0;1;0;3;0;1;2;-29,1970984;-51,5185151;"SPRF-RS";"DEL06-RS";"UOP01-DEL06-RS"
129991;2018-04-24;"terça-feira";"17:35:00";"SC";101;142;"ITAPEMA";"Falta de Atenção à Condução";"Colisão lateral";"Com Vítimas Feridas";"Plena Noite";"Crescente";"Céu Claro";"Simples";"Reta";"Sim";2;0;1;0;1;0;1;2;-27,0645;-48,5958;"SPRF-SC";"DEL04-SC";"UOP03-DEL04-SC"
129993;2018-04-23;"segunda-feira";"22:00:00";"RS";287;502;"SAO BORJA";"Condutor Dormindo";"Capotamento";"Com Vítimas Feridas";"Plena Noite";"Crescente";"Céu Claro";"Simples";"Curva";"Não";5;0;1;0;4;0;1;1;-28,832773;-55,727238;"SPRF-RS";"DEL12-RS";"UOP01-DEL12-RS"
129997;2018-04-24;"terça-feira";"18:10:00";"PB";101;99,3;"CONDE";"Falta de Atenção à Condução";"Colisão transversal";"Com Vítimas Fatais";"Plena Noite";"Decrescente";"Céu Claro";"Dupla";"Retorno Regulamentado";"Sim";2;1;0;0;1;0;0;2;-7,25805122;-34,93522525;"SPRF-PB";"DEL01-PB";"UOP01-DEL01-PB"
130000;2018-04-24;"terça-feira";"18:30:00";"PR";277;343,3;"GUARAPUAVA";"Falta de Atenção do Pedestre";"Atropelamento de Pedestre";"Com Vítimas Fatais";"Plena Noite";"Crescente";"Céu Claro";"Dupla";"Reta";"Sim";2;1;0;0;1;0;0;2;-25,361729;-51,470098;"SPRF-PR";"DEL03-PR";"UOP01-DEL08-PR"
130001;2018-04-24;"terça-feira";"18:30:00";"GO";153;504;"GOIANIA";"Não guardar distância de segurança";"Colisão traseira";"Sem Vítimas";"Anoitecer";"Decrescente";"Céu Claro";"Dupla";"Aclive";"Sim";2;0;0;0;2;0;0;2;-16,7451;-49,2408;"SPRF-GO";"DEL01-GO";"UOP01-DEL01-GO"
130002;2018-04-24;"terça-feira";"17:55:00";"PR";277;598,1;"CASCAVEL";"Falta de Atenção à Condução";"Colisão transversal";"Com Vítimas Feridas";"Anoitecer";"Decrescente";"Céu Claro";"Simples";"Reta";"Não";2;0;1;0;1;0;1;2;-25,02817;-53,55983;"SPRF-PR";"DEL04-PR";"UOP01-DEL04-PR"
130003;2018-04-24;"terça-feira";"18:00:00";"SC";282;221;"LAGES";"Falta de Atenção à Condução";"Colisão traseira";"Com Vítimas Feridas";"Anoitecer";"Decrescente";"Céu Claro";"Simples";"Declive";"Sim";2;0;1;0;1;0;1;2;-27,796358;-50,343426;"SPRF-SC";"DEL05-SC";"UOP01-DEL05-SC"
130005;2018-04-24;"terça-feira";"18:40:00";"RS";290;97;"PORTO ALEGRE";"Falta de Atenção à Condução";"Colisão lateral";"Com Vítimas Feridas";"Plena Noite";"Decrescente";"Nublado";"Simples";"Reta";"Sim";2;0;1;0;1;0;1;2;-29,99534387;-51,20573044;"SPRF-RS";"DEL01-RS";"UOP01-DEL01-RS"
130006;2018-04-24;"terça-feira";"18:20:00";"ES";262;6,5;"CARIACICA";"Falta de Atenção à Condução";"Colisão traseira";"Com Vítimas Feridas";"Plena Noite";"Decrescente";"Céu Claro";"Múltipla";"Reta";"Sim";3;0;1;0;2;0;1;2;-20,3404;-40,395;"SPRF-ES";"DEL01-ES";"UOP01-DEL01-ES"
130008;2018-04-24;"terça-feira";"19:00:00";"SP";116;212;"GUARULHOS";"Falta de Atenção à Condução";"Colisão lateral";"Com Vítimas Feridas";"Plena Noite";"Decrescente";"Céu Claro";"Múltipla";"Reta";"Sim";3;0;1;0;2;0;1;2;-23,4525381;-46,46839142;"SPRF-SP";"DEL01-SP";"UOP01-DEL01-SP"
130009;2018-04-24;"terça-feira";"14:35:00";"RS";287;374;"SANTIAGO";"Falta de Atenção à Condução";"Saída de leito carroçável";"Com Vítimas Feridas";"Pleno dia";"Crescente";"Céu Claro";"Simples";"Curva";"Não";1;0;1;0;0;0;1;1;-29,35281;-54,760071;"SPRF-RS";"DEL12-RS";"UOP02-DEL12-RS"
130013;2018-04-24;"terça-feira";"18:44:00";"RJ";393;182;"PARAIBA DO SUL";"Não guardar distância de segurança";"Engavetamento";"Sem Vítimas";"Plena Noite";"Crescente";"Céu Claro";"Simples";"Curva";"Sim";3;0;0;0;3;0;0;3;-22,14229556;-43,28349352;"SPRF-RJ";"DEL05-RJ";"UOP03-DEL05-RJ"
130014;2018-04-24;"terça-feira";"17:55:00";"MA";222;673;"ACAILANDIA";"Falta de Atenção à Condução";"Colisão traseira";"Com Vítimas Feridas";"Anoitecer";"Crescente";"Céu Claro";"Simples";"Declive";"Sim";3;0;2;0;1;0;2;2;-4,94845596;-47,47855425;"SPRF-MA";"DEL04-MA";"UOP03-DEL04-MA"
130015;2018-04-04;"quarta-feira";"12:30:00";"RS";101;85,9;"OSORIO";"Desobediência às normas de trânsito pelo condutor";"Colisão com objeto estático";"Com Vítimas Feridas";"Pleno dia";"Crescente";"Nublado";"Dupla";"Curva";"Sim";2;0;1;1;0;0;2;1;-29,8570006;-50,2478407;"SPRF-RS";"DEL03-RS";"UOP01-DEL03-RS"
130016;2018-04-24;"terça-feira";"19:20:00";"PR";476;173,5;"CONTENDA";"Falta de Atenção do Pedestre";"Atropelamento de Pedestre";"Com Vítimas Feridas";"Anoitecer";"Crescente";"Céu Claro";"Simples";"Aclive";"Não";2;0;0;1;0;1;1;2;-25,68136;-49,525539;"SPRF-PR";"DEL01-PR";"UOP06-DEL01-PR"
130017;2018-04-24;"terça-feira";"19:10:00";"PR";277;587,5;"CASCAVEL";"Ultrapassagem Indevida";"Colisão frontal";"Com Vítimas Feridas";"Plena Noite";"Crescente";"Céu Claro";"Simples";"Reta";"Sim";3;0;0;2;0;1;2;3;-24,97100896;-53,43252255;"SPRF-PR";"DEL04-PR";"UOP01-DEL04-PR"
130019;2018-04-24;"terça-feira";"14:30:00";"MG";50;113,8;"UBERABA";"Avarias e/ou desgaste excessivo no pneu";"Queda de ocupante de veículo";"Com Vítimas Feridas";"Pleno dia";"Decrescente";"Céu Claro";"Dupla";"Reta";"Não";2;0;2;0;0;0;2;1;-19,2591;-48,1315;"SPRF-MG";"DEL13-MG";"UOP01-DEL13-MG"
130020;2018-04-24;"terça-feira";"18:15:00";"RO";429;342,8;"JI-PARANA";"Falta de Atenção à Condução";"Colisão lateral";"Com Vítimas Feridas";"Anoitecer";"Crescente";"Chuva";"Múltipla";"Reta";"Sim";3;0;1;0;2;0;1;3;-10,8803844;-61,94263458;"SPRF-RO";"DEL02-RO";"UOP03-DEL02-RO"
130021;2018-04-15;"domingo";"08:15:00";"PR";277;605;"SANTA TEREZA DO OESTE";"Ultrapassagem Indevida";"Saída de leito carroçável";"Com Vítimas Feridas";"Amanhecer";"Crescente";"Céu Claro";"Simples";"Reta";"Não";4;0;3;1;0;0;4;1;-25,029951;-53,579464;"SPRF-PR";"DEL05-PR";"UOP02-DEL05-PR"
130022;2018-04-24;"terça-feira";"18:40:00";"RN";101;94,7;"NATAL";"Falta de Atenção à Condução";"Colisão traseira";"Sem Vítimas";"Plena Noite";"Crescente";"Céu Claro";"Múltipla";"Viaduto";"Sim";2;0;0;0;2;0;0;2;-5,83797823;-35,21136403;"SPRF-RN";"DEL01-RN";"UOP01-DEL01-RN"
130023;2018-04-24;"terça-feira";"19:30:00";"PE";101;57,6;"PAULISTA";"Falta de Atenção à Condução";"Colisão lateral";"Com Vítimas Feridas";"Plena Noite";"Crescente";"Chuva";"Dupla";"Declive";"Sim";2;0;1;0;0;1;1;2;-7,94516645;-34,97437477;"SPRF-PE";"DEL01-PE";"UOP02-DEL01-PE"
130024;2018-04-24;"terça-feira";"19:30:00";"MG";267;151,2;"JUIZ DE FORA";"Falta de Atenção à Condução";"Colisão transversal";"Com Vítimas Feridas";"Plena Noite";"Crescente";"Céu Claro";"Simples";"Reta";"Não";2;0;0;1;1;0;1;2;-21,771578;-43,29119;"SPRF-MG";"DEL05-MG";"UOP01-DEL05-MG"
130026;2018-04-24;"terça-feira";"18:40:00";"PE";316;236,7;"BELEM DE SAO FRANCISCO";"Animais na Pista";"Saída de leito carroçável";"Com Vítimas Fatais";"Plena Noite";"Crescente";"Céu Claro";"Simples";"Reta";"Não";4;1;1;0;2;0;1;1;-8,620564;-39,083374;"SPRF-PE";"DEL05-PE";"UOP03-DEL05-PE"
130027;2018-04-24;"terça-feira";"21:10:00";"PR";476;141,7;"CURITIBA";"Velocidade Incompatível";"Colisão frontal";"Com Vítimas Fatais";"Plena Noite";"Crescente";"Nublado";"Dupla";"Reta";"Sim";3;1;0;0;1;1;0;3;-25,528614;-49,298798;"SPRF-PR";"DEL01-PR";"UOP07-DEL01-PR"
130028;2018-04-24;"terça-feira";"21:10:00";"RN";101;96,9;"NATAL";"Desobediência às normas de trânsito pelo pedestre";"Atropelamento de Pedestre";"Com Vítimas Fatais";"Plena Noite";"Crescente";"Céu Claro";"Múltipla";"Reta";"Sim";2;1;0;0;1;0;0;2;-5,85473;-35,211761;"SPRF-RN";"DEL01-RN";"UOP01-DEL01-RN"
130029;2018-04-03;"terça-feira";"18:40:00";"GO";60;381;"RIO VERDE";"Velocidade Incompatível";"Saída de leito carroçável";"Com Vítimas Feridas";"Plena Noite";"Crescente";"Chuva";"Dupla";"Reta";"Sim";2;0;0;1;0;1;1;2;-17,7727;-50,8862;"SPRF-GO";"DEL04-GO";"UOP01-DEL04-GO"
130030;2018-04-24;"terça-feira";"21:20:00";"SC";101;193,3;"BIGUACU";"Falta de Atenção à Condução";"Capotamento";"Com Vítimas Feridas";"Plena Noite";"Crescente";"Céu Claro";"Dupla";"Reta";"Sim";1;0;1;0;0;0;1;1;-27,4982;-48,6565;"SPRF-SC";"DEL01-SC";"UOP01-DEL01-SC"
130031;2018-04-24;"terça-feira";"19:15:00";"RJ";101;488;"ANGRA DOS REIS";"Falta de Atenção à Condução";"Colisão traseira";"Com Vítimas Feridas";"Plena Noite";"Crescente";"Nublado";"Simples";"Reta";"Sim";2;0;1;0;1;0;1;2;-22,962481;-44,297584;"SPRF-RJ";"DEL03-RJ";"UOP03-DEL03-RJ"
130032;2018-04-24;"terça-feira";"18:00:00";"SC";101;157;"PORTO BELO";"Falta de Atenção à Condução";"Colisão traseira";"Sem Vítimas";"Plena Noite";"Decrescente";"Céu Claro";"Simples";"Reta";"Não";2;0;0;0;2;0;0;2;-27,1901;-48,6123;"SPRF-SC";"DEL04-SC";"UOP03-DEL04-SC"
130035;2018-04-24;"terça-feira";"21:30:00";"SP";101;48;"UBATUBA";"Falta de Atenção do Pedestre";"Atropelamento de Pedestre";"Com Vítimas Feridas";"Plena Noite";"Decrescente";"Nublado";"Simples";"Curva";"Sim";2;0;1;1;0;0;2;2;-23,44087419;-45,08690357;"SPRF-SP";"DEL06-SP";"UOP01-DEL06-SP"
130037;2018-04-24;"terça-feira";"19:00:00";"ES";101;141,9;"LINHARES";"Desobediência às normas de trânsito pelo condutor";"Colisão transversal";"Com Vítimas Feridas";"Plena Noite";"Crescente";"Ignorado";"Múltipla";"Retorno Regulamentado";"Sim";2;0;2;0;0;0;2;2;-19,33167596;-40,06924152;"SPRF-ES";"DEL04-ES";"UOP01-DEL04-ES"
130038;2018-04-24;"terça-feira";"20:50:00";"GO";153;347;"JARAGUA";"Animais na Pista";"Atropelamento de Animal";"Com Vítimas Feridas";"Plena Noite";"Decrescente";"Céu Claro";"Simples";"Reta;Declive";"Não";2;0;1;0;1;0;1;1;-15,645235;-49,368702;"SPRF-GO";"DEL02-GO";"UOP02-DEL02-GO"
130040;2018-04-24;"terça-feira";"21:30:00";"SP";116;271;"TABOAO DA SERRA";"Falta de Atenção à Condução";"Colisão traseira";"Com Vítimas Feridas";"Plena Noite";"Crescente";"Céu Claro";"Dupla";"Reta";"Não";2;0;2;0;0;0;2;2;-23,61299165;-46,78001583;"SPRF-SP";"DEL04-SP";"UOP01-DEL04-SP"
130041;2018-04-24;"terça-feira";"22:50:00";"GO";153;505,1;"APARECIDA DE GOIANIA";"Falta de Atenção do Pedestre";"Atropelamento de Pedestre";"Com Vítimas Feridas";"Plena Noite";"Decrescente";"Céu Claro";"Dupla";"Reta";"Sim";3;0;0;1;2;0;1;3;-16,752375;-49,241116;"SPRF-GO";"DEL01-GO";"UOP01-DEL01-GO"
130045;2018-04-24;"terça-feira";"23:05:00";"SP";116;33,7;"CACHOEIRA PAULISTA";"Falta de Atenção à Condução";"Colisão com objeto estático";"Com Vítimas Feridas";"Plena Noite";"Decrescente";"Céu Claro";"Dupla";"Curva";"Não";1;0;1;0;0;0;1;1;-22,652464;-44,957525;"SPRF-SP";"DEL08-SP";"UOP02-DEL08-SP"
130048;2018-04-25;"quarta-feira";"00:15:00";"GO";153;611,7;"MORRINHOS";"Animais na Pista";"Atropelamento de Animal";"Sem Vítimas";"Plena Noite";"Decrescente";"Céu Claro";"Dupla";"Reta";"Não";2;0;0;0;2;0;0;1;-17,6437;-49,1736;"SPRF-GO";"DEL03-GO";"UOP01-DEL03-GO"
130053;2018-04-25;"quarta-feira";"01:30:00";"PR";369;202;"APUCARANA";"Falta de Atenção à Condução";"Colisão com objeto estático";"Com Vítimas Feridas";"Plena Noite";"Crescente";"Céu Claro";"Simples";"Reta";"Sim";2;0;2;0;0;0;2;1;-23,54435659;-51,45383293;"SPRF-PR";"DEL07-PR";"UOP03-DEL07-PR"
130055;2018-04-25;"quarta-feira";"01:30:00";"PA";155;291;"MARABA";"Ingestão de Álcool";"Colisão com objeto em movimento";"Com Vítimas Fatais";"Plena Noite";"Decrescente";"Céu Claro";"Simples";"Reta";"Não";2;1;1;0;0;0;1;1;-5,7007074;-49,12277015;"SPRF-PA";"DEL03-PA";"UOP01-DEL03-PA"
130056;2018-04-25;"quarta-feira";"04:12:00";"PR";277;349,3;"GUARAPUAVA";"Velocidade Incompatível";"Saída de leito carroçável";"Com Vítimas Feridas";"Plena Noite";"Crescente";"Nevoeiro/Neblina";"Simples";"Desvio Temporário;Em Obras;Curva";"Sim";2;0;1;0;1;0;1;1;-25,38903546;-51,51800931;"SPRF-PR";"DEL03-PR";"UOP01-DEL08-PR"
130058;2018-04-25;"quarta-feira";"04:30:00";"MG";116;720,1;"MURIAE";"Condutor Dormindo";"Saída de leito carroçável";"Com Vítimas Feridas";"Plena Noite";"Crescente";"Nublado";"Simples";"Curva;Declive";"Não";2;0;2;0;0;0;2;1;-21,25170202;-42,39855766;"SPRF-MG";"DEL07-MG";"UOP02-DEL07-MG"
130059;2018-04-25;"quarta-feira";"04:20:00";"RS";116;257,5;"ESTEIO";"Ingestão de Álcool";"Colisão com objeto estático";"Sem Vítimas";"Plena Noite";"Crescente";"Céu Claro";"Dupla";"Reta";"Sim";1;0;0;0;1;0;0;1;-29,852671;-51,179691;"SPRF-RS";"DEL01-RS";"UOP02-DEL01-RS"
130063;2018-04-24;"terça-feira";"20:30:00";"GO";153;236;"HIDROLINA";"Falta de Atenção à Condução";"Saída de leito carroçável";"Sem Vítimas";"Plena Noite";"Decrescente";"Céu Claro";"Simples";"Aclive";"Não";1;0;0;0;0;1;0;1;-14,808911;-49,290245;"SPRF-GO";"DEL07-GO";"UOP02-DEL07-GO"
130066;2018-04-24;"terça-feira";"17:05:00";"SC";282;547,7;"CHAPECO";"Falta de Atenção à Condução";"Colisão transversal";"Com Vítimas Feridas";"Pleno dia";"Decrescente";"Sol";"Simples";"Reta";"Não";3;0;3;0;0;0;3;2;-26,973904;-52,745403;"SPRF-SC";"DEL07-SC";"UOP01-DEL07-SC"
130067;2018-04-08;"domingo";"21:40:00";"RS";153;12;"SEVERIANO DE ALMEIDA";"Velocidade Incompatível";"Saída de leito carroçável";"Com Vítimas Feridas";"Plena Noite";"Decrescente";"Céu Claro";"Simples";"Curva";"Não";1;0;0;1;0;0;1;1;-27,4257428;-52,0581294;"SPRF-RS";"DEL08-RS";"UOP04-DEL08-RS"
130071;2018-04-25;"quarta-feira";"06:20:00";"SC";282;5,4;"SAO JOSE";"Falta de Atenção à Condução";"Colisão lateral";"Com Vítimas Feridas";"Amanhecer";"Decrescente";"Céu Claro";"Dupla";"Reta";"Sim";2;0;1;0;1;0;1;2;-27,58791424;-48,61380902;"SPRF-SC";"DEL01-SC";"UOP01-DEL01-SC"
130074;2018-04-01;"domingo";"02:00:00";"PR";369;152;"LONDRINA";"Falta de Atenção à Condução";"Saída de leito carroçável";"Sem Vítimas";"Plena Noite";"Crescente";"Ignorado";"Dupla";"Reta";"Sim";1;0;0;0;1;0;0;1;-23,29338724;-51,17803395;"SPRF-PR";"DEL07-PR";"UOP01-DEL07-PR"
130078;2018-04-25;"quarta-feira";"06:50:00";"PR";277;9,8;"PARANAGUA";"Falta de Atenção à Condução";"Colisão traseira";"Com Vítimas Feridas";"Pleno dia";"Decrescente";"Céu Claro";"Dupla";"Reta";"Não";2;0;1;0;1;0;1;2;-25,5684592;-48,61357927;"SPRF-PR";"DEL01-PR";"UOP05-DEL01-PR"
130079;2018-04-25;"quarta-feira";"06:50:00";"RJ";116;174;"MESQUITA";"Falta de Atenção à Condução";"Colisão lateral";"Com Vítimas Feridas";"Pleno dia";"Decrescente";"Céu Claro";"Múltipla";"Reta";"Sim";3;0;2;0;1;0;2;2;-22,794237;-43,364037;"SPRF-RJ";"DEL01-RJ";"UOP02-DEL01-RJ"
130080;2018-04-02;"segunda-feira";"10:30:00";"RN";304;138,9;"ANGICOS";"Restrição de Visibilidade";"Saída de leito carroçável";"Com Vítimas Feridas";"Pleno dia";"Crescente";"Chuva";"Simples";"Reta";"Não";5;0;1;1;3;0;2;1;-5,66484327;-36,69240475;"SPRF-RN";"DEL04-RN";"UOP01-DEL04-RN"
130081;2018-04-25;"quarta-feira";"07:30:00";"SC";101;41,9;"JOINVILLE";"Falta de Atenção à Condução";"Colisão transversal";"Com Vítimas Feridas";"Pleno dia";"Crescente";"Céu Claro";"Simples";"Aclive";"Sim";2;0;1;0;1;0;1;2;-26,32349;-48,8684;"SPRF-SC";"DEL03-SC";"UOP01-DEL03-SC"
130083;2018-04-25;"quarta-feira";"07:50:00";"RN";110;46,9;"MOSSORO";"Desobediência às normas de trânsito pelo condutor";"Colisão traseira";"Com Vítimas Feridas";"Pleno dia";"Crescente";"Sol";"Simples";"Reta";"Sim";3;0;2;0;1;0;2;2;-5,200611;-37,32198073;"SPRF-RN";"DEL04-RN";"UOP01-DEL04-RN"
130085;2018-04-25;"quarta-feira";"07:50:00";"PB";230;18;"JOAO PESSOA";"Não guardar distância de segurança";"Engavetamento";"Com Vítimas Feridas";"Pleno dia";"Decrescente";"Chuva";"Dupla";"Reta";"Sim";3;0;1;0;0;2;1;3;-7,13064348;-34,85153764;"SPRF-PB";"DEL01-PB";"UOP01-DEL01-PB"
130086;2018-04-08;"domingo";"10:30:00";"PB";230;28;"JOAO PESSOA";"Avarias e/ou desgaste excessivo no pneu";"Queda de ocupante de veículo";"Com Vítimas Feridas";"Pleno dia";"Decrescente";"Céu Claro";"Dupla";"Reta;Declive";"Sim";1;0;1;0;0;0;1;1;-7,1652412;-34,8939836;"SPRF-PB";"DEL01-PB";"UOP01-DEL01-PB"
130087;2018-04-25;"quarta-feira";"08:15:00";"ES";101;40,2;"CONCEICAO DA BARRA";"Velocidade Incompatível";"Saída de leito carroçável";"Com Vítimas Feridas";"Pleno dia";"Crescente";"Chuva";"Simples";"Reta";"Não";2;0;0;2;0;0;2;1;-18,50119639;-39,91795314;"SPRF-ES";"DEL04-ES";"UOP02-DEL04-ES"
130088;2018-04-25;"quarta-feira";"02:00:00";"BA";324;433,7;"RIACHAO DO JACUIPE";"Falta de Atenção à Condução";"Saída de leito carroçável";"Com Vítimas Feridas";"Plena Noite";"Decrescente";"Chuva";"Simples";"Reta";"Não";1;0;1;0;0;0;1;1;-11,78773;-39,42739;"SPRF-BA";"DEL04-BA";"UOP02-DEL04-BA"
130089;2018-04-25;"quarta-feira";"08:30:00";"PE";101;12;"GOIANA";"Pista Escorregadia";"Saída de leito carroçável";"Com Vítimas Feridas";"Pleno dia";"Crescente";"Chuva";"Simples";"Curva";"Não";1;0;0;1;0;0;1;1;-7,60653182;-34,97720718;"SPRF-PE";"DEL01-PE";"UOP02-DEL01-PE"
130090;2018-04-25;"quarta-feira";"07:40:00";"PR";116;16;"COLOMBO";"Velocidade Incompatível";"Colisão traseira";"Com Vítimas Feridas";"Pleno dia";"Crescente";"Sol";"Dupla";"Reta";"Sim";2;0;1;0;0;1;1;2;-25,3874;-49,1774;"SPRF-PR";"DEL01-PR";"UOP02-DEL01-PR"
130091;2018-04-25;"quarta-feira";"08:10:00";"SP";116;219;"GUARULHOS";"Desobediência às normas de trânsito pelo condutor";"Colisão traseira";"Com Vítimas Feridas";"Amanhecer";"Crescente";"Céu Claro";"Múltipla";"Reta";"Sim";3;0;1;0;2;0;1;3;-23,46308886;-46,49396896;"SPRF-SP";"DEL01-SP";"UOP01-DEL01-SP"
130092;2018-04-25;"quarta-feira";"08:00:00";"PA";316;28,3;"BENEVIDES";"Desobediência às normas de trânsito pelo condutor";"Colisão transversal";"Com Vítimas Feridas";"Pleno dia";"Crescente";"Sol";"Dupla";"Reta";"Não";2;0;0;1;1;0;1;2;-1,30828931;-48,2169342;"SPRF-PA";"DEL01-PA";"DEL19/1-UOP05/PA"
130093;2018-04-25;"quarta-feira";"08:40:00";"PR";376;178,6;"MARINGA";"Não guardar distância de segurança";"Queda de ocupante de veículo";"Com Vítimas Feridas";"Pleno dia";"Crescente";"Sol";"Dupla";"Reta";"Sim";2;0;2;0;0;0;2;2;-23,41875422;-51,91537857;"SPRF-PR";"DEL07-PR";"UOP01-DEL09-PR"
130097;2018-04-25;"quarta-feira";"07:00:00";"SP";116;273;"TABOAO DA SERRA";"Falta de Atenção à Condução";"Queda de ocupante de veículo";"Com Vítimas Feridas";"Pleno dia";"Decrescente";"Céu Claro";"Dupla";"Reta";"Não";2;0;1;0;1;0;1;2;-23,61558688;-46,78733826;"SPRF-SP";"DEL04-SP";"UOP01-DEL04-SP"
130099;2018-04-25;"quarta-feira";"08:40:00";"PR";277;94,3;"CURITIBA";"Defeito Mecânico no Veículo";"Colisão traseira";"Com Vítimas Feridas";"Pleno dia";"Crescente";"Céu Claro";"Dupla";"Reta";"Sim";2;0;1;0;1;0;1;2;-25,428255;-49,27348;"SPRF-PR";"DEL01-PR";"UOP06-DEL01-PR"
130100;2018-03-22;"quinta-feira";"15:40:00";"PB";104;29,5;"CUITE";"Falta de Atenção à Condução";"Colisão transversal";"Com Vítimas Feridas";"Pleno dia";"Crescente";"Sol";"Simples";"Interseção de Vias";"Não";3;0;1;0;2;0;1;2;-6,642181;-36,150864;"SPRF-PB";"DEL02-PB";"UOP04-DEL02-PB"
130105;2018-04-25;"quarta-feira";"09:45:00";"PR";476;130;"CURITIBA";"Falta de Atenção à Condução";"Colisão traseira";"Com Vítimas Feridas";"Pleno dia";"Crescente";"Céu Claro";"Múltipla";"Reta;Declive";"Sim";2;0;1;0;1;0;1;2;-25,449564;-49,236427;"SPRF-PR";"DEL01-PR";"UOP07-DEL01-PR"
130107;2018-04-25;"quarta-feira";"08:50:00";"RO";364;238;"CACOAL";"Falta de Atenção à Condução";"Colisão transversal";"Com Vítimas Feridas";"Pleno dia";"Decrescente";"Céu Claro";"Simples";"Reta";"Sim";2;0;1;1;0;0;2;2;-11,438849;-61,454727;"SPRF-RO";"DEL02-RO";"UOP02-DEL02-RO"
130108;2018-04-23;"segunda-feira";"17:45:00";"SC";282;3;"FLORIANOPOLIS";"Falta de Atenção à Condução";"Colisão traseira";"Sem Vítimas";"Anoitecer";"Crescente";"Céu Claro";"Múltipla";"Reta";"Sim";2;0;0;0;2;0;0;2;-27,60149698;-48,59808683;"SPRF-SC";"DEL01-SC";"UOP01-DEL01-SC"
130112;2018-04-25;"quarta-feira";"10:25:00";"SC";282;2;"FLORIANOPOLIS";"Defeito Mecânico no Veículo";"Queda de ocupante de veículo";"Com Vítimas Feridas";"Pleno dia";"Crescente";"Céu Claro";"Dupla";"Reta";"Sim";2;0;2;0;0;0;2;1;-27,60337;-48,58769763;"SPRF-SC";"DEL01-SC";"UOP01-DEL01-SC"
130113;2018-04-23;"segunda-feira";"09:00:00";"PA";230;121;"MARABA";"Falta de Atenção à Condução";"Colisão lateral";"Com Vítimas Feridas";"Pleno dia";"Decrescente";"Sol";"Dupla";"Reta";"Sim";2;0;1;0;1;0;1;2;-5,36443198;-49,12484854;"SPRF-PA";"DEL03-PA";"UOP01-DEL03-PA"
130117;2018-04-25;"quarta-feira";"09:30:00";"PE";232;95,8;"SAIRE";"Pista Escorregadia";"Colisão com objeto estático";"Com Vítimas Feridas";"Pleno dia";"Crescente";"Chuva";"Dupla";"Reta";"Não";2;0;1;1;0;0;2;1;-8,236728;-35,734016;"SPRF-PE";"DEL01-PE";"UOP02-DEL02PE"
130118;2018-04-25;"quarta-feira";"11:05:00";"SC";282;1;"FLORIANOPOLIS";"Não guardar distância de segurança";"Colisão traseira";"Com Vítimas Feridas";"Pleno dia";"Crescente";"Sol";"Dupla";"Reta;Aclive";"Sim";2;0;0;1;1;0;1;2;-27,60231465;-48,57931674;"SPRF-SC";"DEL01-SC";"UOP01-DEL01-SC"
130121;2018-01-19;"sexta-feira";"22:45:00";"PB";230;156,9;"CAMPINA GRANDE";"Falta de Atenção à Condução";"Colisão transversal";"Com Vítimas Feridas";"Plena Noite";"Decrescente";"Nublado";"Simples";"Interseção de Vias";"Sim";3;0;1;0;2;0;1;2;-7,26791102;-35,91545463;"SPRF-PB";"DEL02-PB";"UOP01-DEL02-PB"
130122;2018-04-05;"quinta-feira";"06:50:00";"PB";101;82;"BAYEUX";"Não guardar distância de segurança";"Colisão traseira";"Com Vítimas Feridas";"Pleno dia";"Crescente";"Céu Claro";"Dupla";"Reta";"Sim";2;0;1;0;0;1;1;2;-7,1390483;-34,93309021;"SPRF-PB";"DEL01-PB";"UOP01-DEL01-PB"
130126;2018-04-25;"quarta-feira";"08:30:00";"MG";50;107;"UBERABA";"Falta de Atenção à Condução";"Tombamento";"Sem Vítimas";"Pleno dia";"Decrescente";"Céu Claro";"Dupla";"Reta";"Não";1;0;0;0;1;0;0;1;-19,2072;-48,1496;"SPRF-MG";"DEL13-MG";"UOP01-DEL13-MG"
130127;2018-04-25;"quarta-feira";"11:45:00";"MG";40;531,1;"BELO HORIZONTE";"Falta de Atenção do Pedestre";"Atropelamento de Pedestre";"Com Vítimas Feridas";"Pleno dia";"Crescente";"Céu Claro";"Dupla";"Reta";"Sim";2;0;2;0;0;0;2;2;-19,92131835;-44,02342842;"SPRF-MG";"DEL01-MG";"UOP03-DEL01-MG"