"id";"data_inversa";"dia_semana";"horario";"uf";"br";"km";"municipio";"causa_acidente";"tipo_acidente";"classificacao_acidente";"fase_dia";"sentido_via";"condicao_metereologica";"tipo_pista";"tracado_via";"uso_solo";"pessoas";"mortos";"feridos_leves";"feridos_graves";"ilesos";"ignorados";"feridos";"veiculos";"latitude";"longitude";"regional";"delegacia";"uop"
130261;2018-04-26;"quinta-feira";"07:20:00";"PR";153;19,5;"JACAREZINHO";"Animais na Pista";"Atropelamento de Animal";"Com Vítimas Feridas";"Pleno dia";"Decrescente";"Céu Claro";"Simples";"Reta";"Sim";2;0;2;0;0;0;2;1;-23,15742826;-49,95895349;"SPRF-PR";"DEL07-PR";"UOP04-DEL07-PR"
130263;2018-04-26;"quinta-feira";"07:30:00";"CE";222;312,9;"TIANGUA";"Falta de Atenção à Condução";"Colisão transversal";"Com Vítimas Feridas";"Pleno dia";"Crescente";"Nublado";"Simples";"Reta";"Sim";2;0;1;1;0;0;2;2;-3,73032086;-41,00045085;"SPRF-CE";"DEL04-CE";"UOP02-DEL04-CE"
130267;2018-04-26;"quinta-feira";"07:30:00";"RN";304;45;"MOSSORO";"Falta de Atenção à Condução";"Colisão transversal";"Com Vítimas Fatais";"Pleno dia";"Crescente";"Sol";"Dupla";"Reta";"Não";2;1;0;0;1;0;0;2;-5,225084;-37,348885;"SPRF-RN";"DEL04-RN";"UOP01-DEL04-RN"
130268;2018-01-12;"sexta-feira";"20:55:00";"SC";101;132;"BALNEARIO CAMBORIU";"Falta de Atenção à Condução";"Colisão lateral";"Com Vítimas Feridas";"Plena Noite";"Crescente";"Céu Claro";"Dupla";"Reta";"Sim";3;0;2;0;1;0;2;2;-26,9992;-48,646;"SPRF-SC";"DEL04-SC";"UOP03-DEL04-SC"
130269;2018-04-26;"quinta-feira";"08:10:00";"RN";304;43,8;"MOSSORO";"Animais na Pista";"Danos eventuais";"Com Vítimas Feridas";"Pleno dia";"Decrescente";"Céu Claro";"Dupla";"Reta";"Não";2;0;1;0;1;0;1;2;-5,218198;-37,364944;"SPRF-RN";"DEL04-RN";"UOP01-DEL04-RN"
130270;2018-04-21;"sábado";"12:30:00";"RJ";40;84;"PETROPOLIS";"Velocidade Incompatível";"Colisão com objeto estático";"Com Vítimas Feridas";"Pleno dia";"Crescente";"Sol";"Simples";"Túnel;Curva";"Não";2;0;1;0;1;0;1;1;-22,53079245;-43,23594332;"SPRF-RJ";"DEL06-RJ";"UOP01-DEL06-RJ"
130272;2018-04-26;"quinta-feira";"08:25:00";"CE";116;13;"FORTALEZA";"Falta de Atenção à Condução";"Colisão lateral";"Com Vítimas Feridas";"Pleno dia";"Decrescente";"Sol";"Múltipla";"Reta";"Sim";2;0;1;0;1;0;1;2;-3,862088;-38,497224;"SPRF-CE";"DEL01-CE";"UOP02-DEL01-CE"
130273;2018-04-26;"quinta-feira";"08:00:00";"RN";101;100,2;"PARNAMIRIM";"Condutor Dormindo";"Colisão com objeto estático";"Sem Vítimas";"Pleno dia";"Decrescente";"Chuva";"Dupla";"Reta";"Sim";2;0;0;0;2;0;0;2;-5,88861;-35,24033;"SPRF-RN";"DEL01-RN";"UOP01-DEL01-RN"
130275;2018-04-26;"quinta-feira";"08:15:00";"SC";101;209,5;"SAO JOSE";"Falta de Atenção à Condução";"Colisão lateral";"Com Vítimas Feridas";"Pleno dia";"Decrescente";"Céu Claro";"Múltipla";"Reta";"Não";2;0;1;0;0;1;1;2;-27,61382791;-48,64256859;"SPRF-SC";"DEL01-SC";"UOP01-DEL01-SC"
130278;2018-04-26;"quinta-feira";"06:30:00";"RS";158;186,1;"CRUZ ALTA";"Ingestão de Álcool";"Saída de leito carroçável";"Com Vítimas Feridas";"Amanhecer";"Decrescente";"Nevoeiro/Neblina";"Simples";"Curva";"Não";1;0;1;0;0;0;1;1;-28,57304836;-53,56786609;"SPRF-RS";"DEL10-RS";"UOP02-DEL10-RS"
130280;2018-04-26;"quinta-feira";"07:25:00";"MT";163;838;"SINOP";"Falta de Atenção à Condução";"Colisão lateral";"Com Vítimas Feridas";"Pleno dia";"Crescente";"Nublado";"Dupla";"Interseção de Vias";"Sim";2;0;1;0;1;0;1;2;-11,83427541;-55,48823118;"SPRF-MT";"DEL06-MT";"UOP02-DEL06-MT"
130281;2018-04-22;"domingo";"02:00:00";"RJ";101;405;"ITAGUAI";"Animais na Pista";"Atropelamento de Animal";"Com Vítimas Feridas";"Plena Noite";"Decrescente";"Nublado";"Dupla";"Reta";"Sim";3;0;3;0;0;0;3;1;-22,85244916;-43,76644135;"SPRF-RJ";"DEL03-RJ";"UOP01-DEL03-RJ"
130283;2018-04-26;"quinta-feira";"08:15:00";"MT";364;400;"CUIABA";"Falta de Atenção à Condução";"Colisão traseira";"Com Vítimas Feridas";"Pleno dia";"Crescente";"Céu Claro";"Dupla";"Reta";"Sim";2;0;0;1;0;1;1;2;-15,675622;-55,938293;"SPRF-MT";"DEL02-MT";"UOP02-DEL01-MT"
130284;2018-04-26;"quinta-feira";"09:45:00";"GO";60;101;"ANAPOLIS";"Falta de Atenção à Condução";"Queda de ocupante de veículo";"Com Vítimas Feridas";"Pleno dia";"Crescente";"Céu Claro";"Dupla";"Reta";"Sim";1;0;0;1;0;0;1;1;-16,40368448;-48,97931457;"SPRF-GO";"DEL02-GO";"UOP01-DEL02-GO"
130285;2018-04-26;"quinta-feira";"09:40:00";"CE";20;417,6;"MARACANAU";"Desobediência às normas de trânsito pelo condutor";"Colisão transversal";"Com Vítimas Feridas";"Pleno dia";"Crescente";"Céu Claro";"Simples";"Interseção de Vias";"Sim";3;0;2;0;1;0;2;2;-3,84053324;-38,5974893;"SPRF-CE";"DEL01-CE";"UOP02-DEL01-CE"
130286;2018-03-29;"quinta-feira";"07:40:00";"SP";116;220,2;"GUARULHOS";"Não guardar distância de segurança";"Colisão lateral";"Com Vítimas Feridas";"Pleno dia";"Crescente";"Nublado";"Múltipla";"Reta";"Não";3;0;1;0;2;0;1;3;-23,46700582;-46,50523424;"SPRF-SP";"DEL01-SP";"UOP01-DEL01-SP"
130289;2018-04-26;"quinta-feira";"10:00:00";"RJ";101;87;"CAMPOS DOS GOYTACAZES";"Velocidade Incompatível";"Colisão com objeto estático";"Com Vítimas Feridas";"Pleno dia";"Decrescente";"Nublado";"Dupla";"Curva";"Não";2;0;1;1;0;0;2;1;-21,821377;-41,470249;"SPRF-RJ";"DEL08-RJ";"UOP02-DEL08-RJ"
130290;2018-04-26;"quinta-feira";"10:10:00";"GO";60;169,7;"GOIANIA";"Desobediência às normas de trânsito pelo condutor";"Colisão transversal";"Com Vítimas Feridas";"Pleno dia";"Crescente";"Céu Claro";"Dupla";"Reta";"Não";2;0;0;1;1;0;1;2;-16,730705;-49,390192;"SPRF-GO";"DEL01-GO";"UOP02-DEL01-GO"
130295;2018-04-26;"quinta-feira";"07:00:00";"MG";146;540;"MUZAMBINHO";"Falta de Atenção à Condução";"Colisão lateral";"Com Vítimas Feridas";"Pleno dia";"Decrescente";"Céu Claro";"Simples";"Rotatória";"Não";2;0;0;1;1;0;1;2;-21,35465819;-46,51654243;"SPRF-MG";"DEL09-MG";"UOP01-DEL09-MG"
130296;2018-04-26;"quinta-feira";"11:30:00";"SC";101;207;"SAO JOSE";"Falta de Atenção à Condução";"Colisão transversal";"Com Vítimas Feridas";"Pleno dia";"Crescente";"Sol";"Dupla";"Reta";"Sim";2;0;0;1;1;0;1;2;-27,6034;-48,632;"SPRF-SC";"DEL01-SC";"UOP01-DEL01-SC"
130297;2018-04-26;"quinta-feira";"12:15:00";"PE";101;70;"RECIFE";"Carga excessiva e/ou mal acondicionada";"Danos eventuais";"Sem Vítimas";"Pleno dia";"Crescente";"Sol";"Dupla";"Reta";"Sim";1;0;0;0;1;0;0;1;-8,063976;-34,944763;"SPRF-PE";"DEL01-PE";"UOP01-DEL01-PE"
130298;2018-04-26;"quinta-feira";"12:10:00";"SC";101;41,3;"JOINVILLE";"Desobediência às normas de trânsito pelo condutor";"Colisão traseira";"Com Vítimas Feridas";"Pleno dia";"Decrescente";"Céu Claro";"Dupla";"Reta";"Não";2;0;1;0;1;0;1;2;-26,3216716;-48,86922598;"SPRF-SC";"DEL03-SC";"UOP01-DEL03-SC"
130299;2018-04-26;"quinta-feira";"06:40:00";"RR";432;132;"CANTA";"Condutor Dormindo";"Saída de leito carroçável";"Com Vítimas Fatais";"Pleno dia";"Crescente";"Céu Claro";"Simples";"Curva";"Não";1;1;0;0;0;0;0;1;2,169526;-60,710605;"SPRF-RR";"DEL01-RR";"UOP01-DEL01-RR"
130300;2018-04-26;"quinta-feira";"12:20:00";"GO";60;30;"ALEXANIA";"Ingestão de álcool e/ou substâncias psicoativas pelo pedestre";"Atropelamento de Pedestre";"Com Vítimas Feridas";"Pleno dia";"Decrescente";"Céu Claro";"Dupla";"Reta";"Sim";2;0;1;0;1;0;1;2;-16,09464996;-48,48962903;"SPRF-DF";"DEL01-DF";"UOP01-DEL03-DF"
130301;2018-04-14;"sábado";"19:40:00";"MG";381;485;"BETIM";"Ingestão de Álcool";"Saída de leito carroçável";"Com Vítimas Feridas";"Plena Noite";"Decrescente";"Nublado";"Dupla";"Curva";"Sim";2;0;1;0;1;0;1;1;-19,95857174;-44,09310213;"SPRF-MG";"DEL01-MG";"UOP03-DEL01-MG"
130302;2018-04-26;"quinta-feira";"12:50:00";"GO";153;491,2;"GOIANIA";"Desobediência às normas de trânsito pelo condutor";"Colisão transversal";"Com Vítimas Feridas";"Pleno dia";"Decrescente";"Sol";"Múltipla";"Reta;Aclive";"Sim";2;0;1;0;1;0;1;2;-16,639;-49,2063;"SPRF-GO";"DEL01-GO";"UOP01-DEL01-GO"
130303;2018-04-26;"quinta-feira";"12:00:00";"MG";381;508,9;"SAO JOAQUIM DE BICAS";"Ingestão de Álcool";"Colisão frontal";"Com Vítimas Feridas";"Pleno dia";"Decrescente";"Céu Claro";"Dupla";"Reta";"Sim";1;0;1;0;0;0;1;1;-20,0494;-44,2767;"SPRF-MG";"DEL01-MG";"UOP03-DEL01-MG"
130304;2018-03-30;"sexta-feira";"19:30:00";"RS";116;248,2;"SAO LEOPOLDO";"Falta de Atenção à Condução";"Colisão transversal";"Sem Vítimas";"Plena Noite";"Decrescente";"Céu Claro";"Dupla";"Curva;Interseção de Vias";"Sim";3;0;0;0;2;1;0;3;-29,77749448;-51,15537548;"SPRF-RS";"DEL01-RS";"UOP02-DEL01-RS"
130305;2018-04-26;"quinta-feira";"13:00:00";"SC";101;118,2;"ITAJAI";"Pista Escorregadia";"Queda de ocupante de veículo";"Com Vítimas Feridas";"Pleno dia";"Crescente";"Céu Claro";"Dupla";"Reta";"Sim";2;0;2;0;0;0;2;1;-26,89512862;-48,71930122;"SPRF-SC";"DEL04-SC";"UOP04-DEL04-SC"
130309;2018-04-26;"quinta-feira";"14:00:00";"SC";101;148,1;"ITAPEMA";"Defeito Mecânico no Veículo";"Queda de ocupante de veículo";"Com Vítimas Feridas";"Pleno dia";"Decrescente";"Céu Claro";"Dupla";"Reta";"Sim";1;0;1;0;0;0;1;1;-27,109;-48,6126;"SPRF-SC";"DEL04-SC";"UOP03-DEL04-SC"
130310;2018-04-26;"quinta-feira";"14:00:00";"SC";470;95,9;"APIUNA";"Falta de Atenção à Condução";"Colisão frontal";"Com Vítimas Feridas";"Pleno dia";"Decrescente";"Sol";"Simples";"Reta";"Não";4;0;0;3;1;0;3;2;-27,005746;-49,374243;"SPRF-SC";"DEL04-SC";"UOP01-DEL04-SC"
130311;2018-04-26;"quinta-feira";"12:20:00";"SC";116;180,3;"SAO CRISTOVAO DO SUL";"Desobediência às normas de trânsito pelo condutor";"Colisão lateral";"Com Vítimas Feridas";"Pleno dia";"Decrescente";"Sol";"Simples";"Curva";"Sim";2;0;1;0;1;0;1;2;-27,270414;-50,440971;"SPRF-SC";"DEL05-SC";"UOP03-DEL05-SC"
130314;2018-04-26;"quinta-feira";"13:10:00";"MG";40;521,8;"CONTAGEM";"Falta de Atenção à Condução";"Tombamento";"Com Vítimas Feridas";"Pleno dia";"Decrescente";"Céu Claro";"Dupla";"Reta";"Sim";2;0;2;0;0;0;2;1;-19,87281946;-44,05542254;"SPRF-MG";"DEL01-MG";"UOP03-DEL01-MG"
130316;2018-04-26;"quinta-feira";"14:00:00";"MG";251;488;"FRANCISCO SA";"Falta de Atenção à Condução";"Tombamento";"Com Vítimas Feridas";"Pleno dia";"Crescente";"Céu Claro";"Simples";"Em Obras";"Não";1;0;1;0;0;0;1;1;-16,5129;-43,5528;"SPRF-MG";"DEL12-MG";"UOP01-DEL12-MG"
130317;2018-04-26;"quinta-feira";"14:00:00";"SP";116;108,3;"TAUBATE";"Defeito Mecânico no Veículo";"Tombamento";"Com Vítimas Feridas";"Pleno dia";"Crescente";"Céu Claro";"Dupla";"Reta";"Sim";2;0;2;0;0;0;2;1;-23,023352;-45,537693;"SPRF-SP";"DEL06-SP";"UOP01-DEL06-SP"
130318;2018-04-26;"quinta-feira";"14:22:00";"GO";60;398,3;"RIO VERDE";"Agressão Externa";"Saída de leito carroçável";"Com Vítimas Feridas";"Pleno dia";"Decrescente";"Céu Claro";"Dupla";"Declive";"Não";1;0;1;0;0;0;1;1;-17,8225;-51,0346;"SPRF-GO";"DEL04-GO";"UOP01-DEL04-GO"
130319;2018-04-08;"domingo";"21:35:00";"RS";116;245,6;"SAO LEOPOLDO";"Desobediência às normas de trânsito pelo condutor";"Colisão com objeto estático";"Com Vítimas Feridas";"Plena Noite";"Crescente";"Céu Claro";"Dupla";"Reta";"Sim";9;0;5;1;3;0;6;3;-29,74579071;-51,15103031;"SPRF-RS";"DEL01-RS";"UOP02-DEL01-RS"
130321;2018-04-26;"quinta-feira";"13:40:00";"MG";381;394;"BARAO DE COCAIS";"Falta de Atenção à Condução";"Colisão transversal";"Com Vítimas Feridas";"Pleno dia";"Crescente";"Céu Claro";"Simples";"Em Obras";"Não";2;0;1;0;1;0;1;2;-19,78816762;-43,42992067;"SPRF-MG";"DEL01-MG";"UOP01-DEL01-MG"
130323;2018-04-26;"quinta-feira";"14:15:00";"MG";262;408,8;"IGARATINGA";"Mal Súbito";"Queda de ocupante de veículo";"Com Vítimas Feridas";"Pleno dia";"Crescente";"Céu Claro";"Dupla";"Reta";"Não";1;0;1;0;0;0;1;1;-19,90944671;-44,67315674;"SPRF-MG";"DEL08-MG";"UOP03-DEL08-MG"
130327;2018-04-26;"quinta-feira";"11:40:00";"PR";369;181,9;"ARAPONGAS";"Desobediência às normas de trânsito pelo condutor";"Colisão transversal";"Com Vítimas Feridas";"Pleno dia";"Crescente";"Céu Claro";"Dupla";"Reta";"Sim";2;0;1;1;0;0;2;2;-23,38238163;-51,41825611;"SPRF-PR";"DEL07-PR";"UOP03-DEL07-PR"
130328;2018-04-26;"quinta-feira";"14:45:00";"BA";242;789;"BARREIRAS";"Desobediência às normas de trânsito pelo condutor";"Colisão transversal";"Sem Vítimas";"Pleno dia";"Crescente";"Sol";"Simples";"Interseção de Vias";"Não";4;0;0;0;4;0;0;2;-12,14071478;-44,94732678;"SPRF-BA";"DEL10-BA";"UOP01-DEL10-BA"
130329;2018-04-26;"quinta-feira";"15:10:00";"ES";101;174;"ARACRUZ";"Falta de Atenção à Condução";"Colisão transversal";"Com Vítimas Feridas";"Pleno dia";"Decrescente";"Nublado";"Simples";"Reta";"Sim";2;0;0;1;1;0;1;2;-19,58526087;-40,18997312;"SPRF-ES";"DEL04-ES";"UOP01-DEL04-ES"
130330;2018-04-26;"quinta-feira";"14:12:00";"MT";163;836;"SINOP";"Desobediência às normas de trânsito pelo condutor";"Colisão transversal";"Com Vítimas Feridas";"Pleno dia";"Crescente";"Céu Claro";"Simples";"Reta";"Sim";2;0;2;0;0;0;2;2;-11,85017315;-55,49198627;"SPRF-MT";"DEL06-MT";"UOP01-DEL06-MT"
130331;2018-04-26;"quinta-feira";"15:30:00";"RN";405;3,2;"MOSSORO";"Desobediência às normas de trânsito pelo condutor";"Colisão transversal";"Com Vítimas Feridas";"Pleno dia";"Crescente";"Céu Claro";"Simples";"Viaduto";"Sim";3;0;2;0;1;0;2;2;-5,193866;-37,380531;"SPRF-RN";"DEL04-RN";"UOP02-DEL04-RN"
130332;2018-04-26;"quinta-feira";"10:35:00";"MA";316;250,3;"BOM JARDIM";"Falta de Atenção à Condução";"Colisão traseira";"Sem Vítimas";"Pleno dia";"Crescente";"Sol";"Simples";"Reta";"Não";2;0;0;0;2;0;0;2;-3,654055;-45,475929;"SPRF-MA";"DEL02-MA";"UI04-DEL02-MA"
130333;2018-04-26;"quinta-feira";"15:15:00";"CE";222;8,6;"CAUCAIA";"Desobediência às normas de trânsito pelo condutor";"Colisão transversal";"Sem Vítimas";"Pleno dia";"Decrescente";"Céu Claro";"Dupla";"Rotatória";"Sim";2;0;0;0;2;0;0;2;-3,7377134;-38,64593804;"SPRF-CE";"DEL01-CE";"UOP01-DEL01-CE"
130335;2018-04-26;"quinta-feira";"15:10:00";"ES";262;4,7;"CARIACICA";"Falta de Atenção à Condução";"Colisão lateral";"Com Vítimas Feridas";"Pleno dia";"Crescente";"Sol";"Simples";"Reta";"Sim";2;0;1;0;1;0;1;2;-20,33818869;-40,38467467;"SPRF-ES";"DEL01-ES";"UOP01-DEL01-ES"
130336;2018-04-26;"quinta-feira";"15:10:00";"BA";101;702;"EUNAPOLIS";"Pista Escorregadia";"Colisão frontal";"Com Vítimas Feridas";"Pleno dia";"Crescente";"Chuva";"Simples";"Curva";"Não";3;0;1;0;2;0;1;2;-16,2616;-39,5882;"SPRF-BA";"DEL09-BA";"UOP01-DEL09-BA"
130337;2018-04-26;"quinta-feira";"15:30:00";"RJ";40;4;"COMENDADOR LEVY GASPARIAN";"Desobediência às normas de trânsito pelo condutor";"Colisão com objeto estático";"Sem Vítimas";"Pleno dia";"Decrescente";"Céu Claro";"Dupla";"Curva";"Não";3;0;0;0;1;2;0;2;-22,0140193;-43,23560048;"SPRF-RJ";"DEL06-RJ";"UOP02-DEL05-RJ"
130339;2018-04-26;"quinta-feira";"15:40:00";"DF";20;48;"BRASILIA";"Falta de Atenção à Condução";"Saída de leito carroçável";"Com Vítimas Feridas";"Pleno dia";"Decrescente";"Céu Claro";"Dupla";"Reta";"Não";1;0;1;0;0;0;1;1;-15,582723;-47,440395;"SPRF-DF";"DEL02-DF";"UOP01-DEL02-DF"
130340;2018-04-26;"quinta-feira";"14:45:00";"MS";60;197;"CAMAPUA";"Falta de Atenção à Condução";"Colisão transversal";"Com Vítimas Feridas";"Pleno dia";"Crescente";"Céu Claro";"Simples";"Reta";"Sim";2;0;2;0;0;0;2;2;-19,53034799;-54,04380798;"SPRF-MS";"DEL06-MS";"UOP02-DEL06-MS"
130343;2018-04-26;"quinta-feira";"14:50:00";"PA";10;284,8;"MAE DO RIO";"Defeito na Via";"Saída de leito carroçável";"Com Vítimas Fatais";"Pleno dia";"Decrescente";"Céu Claro";"Simples";"Reta";"Não";6;2;2;2;0;0;4;1;-1,9404;-47,52412;"SPRF-PA";"DEL02-PA";"UOP01-DEL02-PA"
130344;2018-04-26;"quinta-feira";"16:15:00";"PR";376;182;"MARINGA";"Desobediência às normas de trânsito pelo condutor";"Queda de ocupante de veículo";"Com Vítimas Feridas";"Pleno dia";"Decrescente";"Sol";"Dupla";"Rotatória";"Sim";1;0;1;0;0;0;1;1;-23,43156407;-51,88713486;"SPRF-PR";"DEL07-PR";"UOP01-DEL09-PR"
130346;2018-04-26;"quinta-feira";"16:25:00";"SC";470;139,9;"RIO DO SUL";"Falta de Atenção à Condução";"Colisão transversal";"Com Vítimas Feridas";"Pleno dia";"Decrescente";"Sol";"Simples";"Interseção de Vias";"Sim";2;0;1;0;1;0;1;2;-27,20120551;-49,63314056;"SPRF-SC";"DEL04-SC";"UOP02-DEL04-SC"
130348;2018-04-04;"quarta-feira";"16:25:00";"GO";153;200,4;"URUACU";"Falta de Atenção à Condução";"Colisão transversal";"Com Vítimas Feridas";"Pleno dia";"Crescente";"Céu Claro";"Simples";"Reta";"Sim";2;0;0;1;1;0;1;2;-14,515543;-49,151246;"SPRF-GO";"DEL07-GO";"UOP02-DEL07-GO"
130349;2018-04-26;"quinta-feira";"15:30:00";"SC";280;50,5;"GUARAMIRIM";"Falta de Atenção à Condução";"Colisão transversal";"Com Vítimas Feridas";"Pleno dia";"Decrescente";"Céu Claro";"Simples";"Reta";"Não";2;0;1;0;1;0;1;2;-26,4636867;-48,95073295;"SPRF-SC";"DEL03-SC";"UOP03-DEL03-SC"
130350;2018-04-26;"quinta-feira";"16:25:00";"PR";116;12,8;"COLOMBO";"Velocidade Incompatível";"Saída de leito carroçável";"Com Vítimas Feridas";"Pleno dia";"Crescente";"Sol";"Dupla";"Reta";"Não";1;0;0;1;0;0;1;1;-25,37731829;-49,15400684;"SPRF-PR";"DEL01-PR";"UOP02-DEL01-PR"
130351;2018-04-26;"quinta-feira";"14:45:00";"SC";101;151,5;"ITAPEMA";"Desobediência às normas de trânsito pelo condutor";"Colisão transversal";"Com Vítimas Feridas";"Pleno dia";"Decrescente";"Nublado";"Dupla";"Reta";"Não";2;0;1;0;1;0;1;2;-27,1315368;-48,60950909;"SPRF-SC";"DEL04-SC";"UOP03-DEL04-SC"
130353;2018-04-26;"quinta-feira";"16:20:00";"PI";316;308;"PICOS";"Falta de Atenção à Condução";"Colisão transversal";"Com Vítimas Feridas";"Pleno dia";"Decrescente";"Céu Claro";"Simples";"Reta";"Sim";2;0;0;1;1;0;1;2;-7,07683085;-41,47735834;"SPRF-PI";"DEL04-PI";"UOP01-DEL04-PI"
130356;2018-04-26;"quinta-feira";"13:30:00";"SC";280;98;"CORUPA";"Falta de Atenção à Condução";"Saída de leito carroçável";"Com Vítimas Feridas";"Pleno dia";"Decrescente";"Céu Claro";"Simples";"Curva";"Não";1;0;1;0;0;0;1;1;-26,38237879;-49,32439953;"SPRF-SC";"DEL06-SC";"UOP03-DEL06-SC"
130358;2018-04-26;"quinta-feira";"16:30:00";"SC";101;360;"SANGAO";"Falta de Atenção à Condução";"Colisão lateral";"Com Vítimas Feridas";"Pleno dia";"Crescente";"Céu Claro";"Dupla";"Reta";"Sim";3;0;0;2;1;0;2;2;-28,6611;-49,1114;"SPRF-SC";"DEL02-SC";"UOP01-DEL02-SC"
130359;2018-04-26;"quinta-feira";"17:10:00";"SC";280;51,3;"GUARAMIRIM";"Falta de Atenção à Condução";"Colisão traseira";"Com Vítimas Feridas";"Pleno dia";"Crescente";"Sol";"Simples";"Reta";"Sim";2;0;1;0;1;0;1;2;-26,46882987;-48,96474481;"SPRF-SC";"DEL03-SC";"UOP03-DEL03-SC"
130360;2018-04-26;"quinta-feira";"17:00:00";"ES";262;5;"CARIACICA";"Desobediência às normas de trânsito pelo condutor";"Colisão lateral";"Com Vítimas Feridas";"Anoitecer";"Decrescente";"Céu Claro";"Dupla";"Reta";"Sim";2;0;0;1;1;0;1;2;-20,3374;-40,3859;"SPRF-ES";"DEL01-ES";"UOP01-DEL01-ES"
130361;2018-04-26;"quinta-feira";"16:30:00";"RS";116;425,4;"CRISTAL";"Desobediência às normas de trânsito pelo condutor";"Colisão transversal";"Com Vítimas Feridas";"Pleno dia";"Crescente";"Nublado";"Simples";"Reta";"Não";2;0;0;1;1;0;1;2;-30,98905;-52,03587;"SPRF-RS";"DEL02-RS";"UOP03-DEL02-RS"
130363;2018-04-26;"quinta-feira";"16:40:00";"RN";226;283,2;"MACAIBA";"Não guardar distância de segurança";"Colisão traseira";"Com Vítimas Feridas";"Anoitecer";"Crescente";"Céu Claro";"Simples";"Reta";"Não";2;0;0;1;1;0;1;2;-5,88721149;-35,48176289;"SPRF-RN";"DEL03-RN";"UOP01-DEL03-RN"
130364;2018-04-26;"quinta-feira";"17:25:00";"PR";376;199,1;"MARIALVA";"Velocidade Incompatível";"Colisão traseira";"Com Vítimas Feridas";"Pleno dia";"Decrescente";"Céu Claro";"Múltipla";"Reta";"Não";3;0;1;0;2;0;1;3;-23,5037025;-51,7508158;"SPRF-PR";"DEL07-PR";"UOP01-DEL09-PR"
130365;2018-04-26;"quinta-feira";"16:00:00";"MS";163;595;"SAO GABRIEL DO OESTE";"Condutor Dormindo";"Saída de leito carroçável";"Com Vítimas Feridas";"Pleno dia";"Crescente";"Céu Claro";"Dupla";"Reta";"Não";5;0;5;0;0;0;5;1;-19,5125153;-54,47084516;"SPRF-MS";"DEL06-MS";"UOP02-DEL06-MS"
130367;2018-04-26;"quinta-feira";"17:00:00";"PR";277;4;"FOZ DO IGUACU";"Falta de Atenção à Condução";"Colisão transversal";"Com Vítimas Feridas";"Pleno dia";"Decrescente";"Céu Claro";"Dupla";"Reta";"Sim";2;0;1;0;1;0;1;2;-25,47018558;-54,5853138;"SPRF-PR";"DEL05-PR";"UOP03-DEL05-PR"
130368;2018-04-26;"quinta-feira";"16:30:00";"RO";364;346,2;"JI-PARANA";"Desobediência às normas de trânsito pelo condutor";"Colisão lateral";"Com Vítimas Feridas";"Pleno dia";"Crescente";"Céu Claro";"Simples";"Interseção de Vias";"Sim";2;0;0;1;1;0;1;2;-10,86470342;-61,97040111;"SPRF-RO";"DEL02-RO";"UOP01-DEL02-RO"
130370;2018-04-26;"quinta-feira";"18:05:00";"ES";101;147,5;"LINHARES";"Falta de Atenção do Pedestre";"Atropelamento de Pedestre";"Com Vítimas Feridas";"Plena Noite";"Crescente";"Céu Claro";"Múltipla";"Reta";"Sim";2;0;1;0;1;0;1;2;-19,38320366;-40,06706625;"SPRF-ES";"DEL04-ES";"UOP01-DEL04-ES"
130372;2018-04-26;"quinta-feira";"18:00:00";"MG";267;71,2;"BICAS";"Animais na Pista";"Atropelamento de Animal";"Com Vítimas Fatais";"Plena Noite";"Crescente";"Céu Claro";"Simples";"Reta";"Não";1;1;0;0;0;0;0;1;-21,75662996;-43,17429543;"SPRF-MG";"DEL05-MG";"UOP01-DEL05-MG"
130374;2018-04-26;"quinta-feira";"18:30:00";"BA";420;339;"JAGUAQUARA";"Falta de Atenção à Condução";"Capotamento";"Com Vítimas Feridas";"Plena Noite";"Crescente";"Ignorado";"Simples";"Reta";"Não";2;0;0;2;0;0;2;1;-13,50687;-40,03298;"SPRF-BA";"DEL03-BA";"UOP01-DEL03-BA"
130375;2018-04-26;"quinta-feira";"18:30:00";"PR";369;142;"IBIPORA";"Não guardar distância de segurança";"Colisão lateral";"Com Vítimas Feridas";"Plena Noite";"Crescente";"Céu Claro";"Simples";"Reta;Aclive";"Sim";2;0;1;0;1;0;1;2;-23,28844026;-51,08021915;"SPRF-PR";"DEL07-PR";"UOP01-DEL07-PR"
130376;2018-04-26;"quinta-feira";"14:15:00";"PR";373;466,5;"CORONEL VIVIDA";"Não guardar distância de segurança";"Saída de leito carroçável";"Com Vítimas Feridas";"Pleno dia";"Decrescente";"Céu Claro";"Simples";"Reta";"Não";1;0;1;0;0;0;1;1;-25,970685;-52,444593;"SPRF-PR";"DEL02-PR";"UOP01-DEL02-PR"
130377;2018-04-26;"quinta-feira";"17:30:00";"MS";163;458,4;"CAMPO GRANDE";"Falta de Atenção à Condução";"Colisão com objeto estático";"Com Vítimas Feridas";"Plena Noite";"Decrescente";"Céu Claro";"Simples";"Reta";"Não";2;0;0;1;1;0;1;2;-20,6536;-54,5637;"SPRF-MS";"DEL01-MS";"UOP01-DEL01-MS"