"id";"data_inversa";"dia_semana";"horario";"uf";"br";"km";"municipio";"causa_acidente";"tipo_acidente";"classificacao_acidente";"fase_dia";"sentido_via";"condicao_metereologica";"tipo_pista";"tracado_via";"uso_solo";"pessoas";"mortos";"feridos_leves";"feridos_graves";"ilesos";"ignorados";"feridos";"veiculos";"latitude";"longitude";"regional";"delegacia";"uop"
130378;2018-04-26;"quinta-feira";"16:55:00";"SC";101;112,1;"ITAJAI";"Falta de Atenção à Condução";"Colisão traseira";"Com Vítimas Feridas";"Pleno dia";"Crescente";"Céu Claro";"Dupla";"Reta";"Não";2;0;1;0;1;0;1;2;-26,84658747;-48,72179031;"SPRF-SC";"DEL04-SC";"UOP04-DEL04-SC"
130380;2018-04-26;"quinta-feira";"18:45:00";"GO";20;178;"ALVORADA DO NORTE";"Falta de Atenção à Condução";"Colisão lateral";"Com Vítimas Feridas";"Plena Noite";"Crescente";"Céu Claro";"Simples";"Reta";"Não";2;0;0;1;1;0;1;2;-14,491601;-46,504112;"SPRF-DF";"DEL02-DF";"UOP03-DEL02-DF"
130381;2018-04-26;"quinta-feira";"17:50:00";"RN";226;4,9;"NATAL";"Desobediência às normas de trânsito pelo condutor";"Queda de ocupante de veículo";"Com Vítimas Feridas";"Plena Noite";"Decrescente";"Céu Claro";"Simples";"Reta";"Sim";1;0;1;0;0;0;1;1;-5,819569;-35,259762;"SPRF-RN";"DEL01-RN";"UOP02-DEL01-RN"
130383;2018-04-26;"quinta-feira";"18:00:00";"RS";386;343,3;"LAJEADO";"Falta de Atenção à Condução";"Colisão transversal";"Com Vítimas Feridas";"Plena Noite";"Decrescente";"Céu Claro";"Simples";"Reta";"Sim";2;0;1;0;1;0;1;2;-29,44237;-51,98604;"SPRF-RS";"DEL04-RS";"UOP01-DEL04-RS"
130384;2018-04-26;"quinta-feira";"18:30:00";"AL";101;139,1;"SAO MIGUEL DOS CAMPOS";"Falta de Atenção à Condução";"Colisão transversal";"Sem Vítimas";"Plena Noite";"Crescente";"Nublado";"Simples";"Reta";"Não";2;0;0;0;2;0;0;2;-9,809752;-36,11702;"SPRF-AL";"DEL02-AL";"UOP01-DEL02-AL"
130385;2018-04-26;"quinta-feira";"18:50:00";"RS";116;261,1;"CANOAS";"Falta de Atenção à Condução";"Colisão lateral";"Com Vítimas Feridas";"Plena Noite";"Decrescente";"Céu Claro";"Dupla";"Reta";"Sim";2;0;1;0;1;0;1;2;-29,887983;-51,179008;"SPRF-RS";"DEL01-RS";"UOP01-DEL01-RS"
130386;2018-04-26;"quinta-feira";"19:00:00";"RS";158;333,2;"SANTA MARIA";"Desobediência às normas de trânsito pelo condutor";"Colisão transversal";"Com Vítimas Feridas";"Plena Noite";"Decrescente";"Nublado";"Simples";"Reta;Rotatória;Declive";"Sim";2;0;1;0;1;0;1;2;-29,70773575;-53,85223389;"SPRF-RS";"DEL09-RS";"UOP01-DEL09-RS"
130387;2018-04-26;"quinta-feira";"16:16:00";"SC";282;535,3;"CHAPECO";"Desobediência às normas de trânsito pelo condutor";"Colisão transversal";"Sem Vítimas";"Pleno dia";"Decrescente";"Céu Claro";"Simples";"Interseção de Vias";"Sim";5;0;0;0;5;0;0;2;-26,99959545;-52,64615178;"SPRF-SC";"DEL07-SC";"UOP01-DEL07-SC"
130388;2018-04-26;"quinta-feira";"18:50:00";"MG";381;496;"BETIM";"Pista Escorregadia";"Queda de ocupante de veículo";"Com Vítimas Feridas";"Plena Noite";"Decrescente";"Chuva";"Dupla";"Reta";"Sim";1;0;0;1;0;0;1;1;-19,97509827;-44,19107258;"SPRF-MG";"DEL01-MG";"UOP03-DEL01-MG"
130390;2018-04-26;"quinta-feira";"19:30:00";"GO";40;1;"VALPARAISO DE GOIAS";"Desobediência às normas de trânsito pelo condutor";"Atropelamento de Pedestre";"Com Vítimas Feridas";"Plena Noite";"Crescente";"Céu Claro";"Dupla";"Reta";"Sim";3;0;2;0;1;0;2;2;-16,058245;-47,982825;"SPRF-DF";"DEL01-DF";"UOP01-DEL01-DF"
130391;2018-04-26;"quinta-feira";"19:20:00";"GO";153;695;"ITUMBIARA";"Falta de Atenção à Condução";"Saída de leito carroçável";"Com Vítimas Feridas";"Plena Noite";"Crescente";"Céu Claro";"Dupla";"Reta";"Não";1;0;0;1;0;0;1;1;-18,3517;-49,2189;"SPRF-GO";"DEL03-GO";"UOP02-DEL03-GO"
130393;2018-04-26;"quinta-feira";"18:40:00";"PR";376;106,9;"PARANAVAI";"Falta de Atenção à Condução";"Colisão transversal";"Com Vítimas Feridas";"Anoitecer";"Decrescente";"Céu Claro";"Simples";"Reta";"Sim";2;0;1;0;1;0;1;2;-23,06417558;-52,43097022;"SPRF-PR";"DEL07-PR";"UOP02-DEL09-PR"
130395;2018-04-26;"quinta-feira";"14:25:00";"RO";364;823,9;"PORTO VELHO";"Fenômenos da Natureza";"Saída de leito carroçável";"Com Vítimas Feridas";"Pleno dia";"Decrescente";"Chuva";"Simples";"Reta";"Não";2;0;2;0;0;0;2;1;-9,304726;-64,600837;"SPRF-RO";"DEL01-RO";"UOP02-DEL01-RO"
130396;2018-04-26;"quinta-feira";"18:35:00";"SC";116;217,3;"CORREIA PINTO";"Falta de Atenção à Condução";"Colisão lateral";"Sem Vítimas";"Anoitecer";"Decrescente";"Céu Claro";"Simples";"Reta";"Não";2;0;0;0;2;0;0;2;-27,577713;-50,36993;"SPRF-SC";"DEL05-SC";"UOP03-DEL05-SC"
130398;2018-04-26;"quinta-feira";"17:00:00";"MG";381;185,4;"PERIQUITO";"Falta de Atenção à Condução";"Colisão transversal";"Com Vítimas Feridas";"Pleno dia";"Crescente";"Nublado";"Simples";"Reta";"Não";3;0;1;0;2;0;1;2;-19,045675;-42,153273;"SPRF-MG";"DEL06-MG";"UOP01-DEL06-MG"
130399;2018-04-26;"quinta-feira";"18:00:00";"MG";116;409,2;"GOVERNADOR VALADARES";"Animais na Pista";"Atropelamento de Animal";"Com Vítimas Feridas";"Plena Noite";"Decrescente";"Céu Claro";"Dupla";"Curva";"Sim";2;0;1;0;0;1;1;2;-18,84182151;-41,98335707;"SPRF-MG";"DEL06-MG";"UOP01-DEL06-MG"
130400;2018-04-26;"quinta-feira";"18:50:00";"RJ";101;213,7;"CASIMIRO DE ABREU";"Defeito Mecânico no Veículo";"Incêndio";"Sem Vítimas";"Plena Noite";"Decrescente";"Nublado";"Simples";"Reta";"Não";1;0;0;0;1;0;0;1;-22,49593974;-42,26604343;"SPRF-RJ";"DEL02-RJ";"UOP04-DEL08-RJ"
130402;2018-04-26;"quinta-feira";"19:55:00";"SC";282;618,5;"IRACEMINHA";"Ingestão de Álcool";"Saída de leito carroçável";"Com Vítimas Feridas";"Plena Noite";"Crescente";"Céu Claro";"Simples";"Reta";"Não";1;0;1;0;0;0;1;1;-26,788088;-53,293259;"SPRF-SC";"DEL07-SC";"UOP02-DEL07-SC"
130403;2018-04-26;"quinta-feira";"20:40:00";"MS";463;19,1;"DOURADOS";"Objeto estático sobre o leito carroçável";"Saída de leito carroçável";"Com Vítimas Feridas";"Plena Noite";"Decrescente";"Céu Claro";"Simples";"Reta";"Não";3;0;2;0;1;0;2;1;-22,2475052;-54,96895283;"SPRF-MS";"DEL04-MS";"UOP01-DEL04-MS"
130404;2018-04-26;"quinta-feira";"20:40:00";"RS";290;418,7;"SAO GABRIEL";"Desobediência às normas de trânsito pelo condutor";"Colisão transversal";"Com Vítimas Feridas";"Plena Noite";"Crescente";"Céu Claro";"Simples";"Rotatória";"Sim";3;0;2;0;1;0;2;2;-30,35267577;-54,33211327;"SPRF-RS";"DEL11-RS";"UOP02-DEL11-RS"
130405;2018-04-26;"quinta-feira";"19:00:00";"MS";158;298,9;"TRES LAGOAS";"Condutor Dormindo";"Saída de leito carroçável";"Com Vítimas Feridas";"Plena Noite";"Decrescente";"Céu Claro";"Dupla";"Rotatória";"Não";1;0;1;0;0;0;1;1;-20,95747211;-51,83928967;"SPRF-MS";"DEL07-MS";"UOP01-DEL07-MS"
130406;2018-04-26;"quinta-feira";"21:10:00";"PR";369;186;"ARAPONGAS";"Falta de Atenção à Condução";"Colisão lateral";"Com Vítimas Feridas";"Plena Noite";"Crescente";"Céu Claro";"Simples";"Reta";"Sim";2;0;1;0;1;0;1;2;-23,42103825;-51,42757058;"SPRF-PR";"DEL07-PR";"UOP03-DEL07-PR"
130408;2018-04-26;"quinta-feira";"20:30:00";"SP";153;24,2;"NOVA GRANADA";"Velocidade Incompatível";"Colisão traseira";"Com Vítimas Feridas";"Plena Noite";"Crescente";"Céu Claro";"Simples";"Reta";"Não";2;0;1;0;1;0;1;2;-20,490219;-49,309479;"SPRF-SP";"DEL09-SP";"UOP01-DEL09-SP"
130409;2018-04-26;"quinta-feira";"21:10:00";"PE";408;70,3;"PAUDALHO";"Animais na Pista";"Atropelamento de Animal";"Com Vítimas Fatais";"Plena Noite";"Decrescente";"Céu Claro";"Dupla";"Reta";"Não";1;1;0;0;0;0;0;1;-7,874232;-35,18755;"SPRF-PE";"DEL01-PE";"UOP01-DEL01-PE"
130410;2018-04-26;"quinta-feira";"21:40:00";"PR";116;125,9;"FAZENDA RIO GRANDE";"Ingestão de Álcool";"Colisão transversal";"Com Vítimas Feridas";"Plena Noite";"Crescente";"Céu Claro";"Múltipla";"Interseção de Vias";"Sim";2;0;1;0;1;0;1;2;-25,63705771;-49,31333173;"SPRF-PR";"DEL01-PR";"UOP03-DEL01-PR"
130411;2018-04-26;"quinta-feira";"21:00:00";"RN";101;74,2;"EXTREMOZ";"Animais na Pista";"Atropelamento de Animal";"Com Vítimas Feridas";"Plena Noite";"Decrescente";"Céu Claro";"Simples";"Declive";"Não";1;0;1;0;0;0;1;1;-5,714047;-35,272316;"SPRF-RN";"DEL02-RN";"UOP01-DEL02-RN"
130413;2018-04-26;"quinta-feira";"21:50:00";"PE";104;64;"CARUARU";"Desobediência às normas de trânsito pelo condutor";"Colisão transversal";"Com Vítimas Feridas";"Plena Noite";"Crescente";"Nublado";"Dupla";"Interseção de Vias";"Sim";2;0;0;1;1;0;1;2;-8,27587889;-35,98213328;"SPRF-PE";"DEL02-PE";"UOP01-DEL02-PE"
130414;2018-04-26;"quinta-feira";"22:00:00";"SP";116;179,9;"GUARAREMA";"Falta de Atenção do Pedestre";"Atropelamento de Pedestre";"Com Vítimas Fatais";"Plena Noite";"Crescente";"Céu Claro";"Dupla";"Reta";"Não";2;1;0;0;1;0;0;2;-23,33513171;-46,14294258;"SPRF-SP";"DEL02-SP";"UOP01-DEL02-SP"
130417;2018-04-26;"quinta-feira";"20:55:00";"RO";319;62;"PORTO VELHO";"Falta de Atenção à Condução";"Colisão lateral";"Com Vítimas Feridas";"Plena Noite";"Crescente";"Céu Claro";"Dupla";"Reta";"Sim";3;0;1;0;2;0;1;2;-8,74925946;-63,88781548;"SPRF-RO";"DEL01-RO";"UOP01-DEL01-RO"
130418;2018-04-26;"quinta-feira";"22:30:00";"SP";116;290,3;"ITAPECERICA DA SERRA";"Velocidade Incompatível";"Capotamento";"Com Vítimas Feridas";"Plena Noite";"Crescente";"Ignorado";"Dupla";"Curva";"Sim";1;0;1;0;0;0;1;1;-23,74575438;-46,90080643;"SPRF-SP";"DEL04-SP";"UOP01-DEL04-SP"
130419;2018-04-26;"quinta-feira";"22:00:00";"RJ";393;285;"VOLTA REDONDA";"Falta de Atenção à Condução";"Colisão com objeto estático";"Com Vítimas Feridas";"Plena Noite";"Decrescente";"Céu Claro";"Dupla";"Curva";"Sim";1;0;1;0;0;0;1;1;-22,5055802;-44,0728497;"SPRF-RJ";"DEL05-RJ";"UOP04-DEL05-RJ"
130423;2018-04-26;"quinta-feira";"23:30:00";"PA";316;17,3;"BENEVIDES";"Ingestão de Álcool";"Colisão com objeto estático";"Sem Vítimas";"Plena Noite";"Crescente";"Céu Claro";"Dupla";"Reta";"Sim";1;0;0;0;1;0;0;1;-1,36484707;-48,29206824;"SPRF-PA";"DEL01-PA";"DEL19/1-UOP05/PA"
130424;2018-04-26;"quinta-feira";"19:20:00";"MA";10;360;"ITINGA DO MARANHAO";"Deficiência ou não Acionamento do Sistema de Iluminação/Sinalização do Veículo";"Colisão traseira";"Com Vítimas Feridas";"Plena Noite";"Crescente";"Céu Claro";"Simples";"Reta";"Não";4;0;1;2;1;0;3;2;-4,602148;-47,492451;"SPRF-MA";"DEL04-MA";"UOP03-DEL04-MA"
130425;2018-04-26;"quinta-feira";"23:20:00";"CE";222;6,3;"CAUCAIA";"Falta de Atenção à Condução";"Colisão traseira";"Com Vítimas Feridas";"Plena Noite";"Crescente";"Garoa/Chuvisco";"Dupla";"Reta";"Sim";2;0;1;0;0;1;1;2;-3,74641199;-38,62437844;"SPRF-CE";"DEL01-CE";"UOP01-DEL01-CE"
130427;2018-04-27;"sexta-feira";"00:10:00";"SC";101;192;"BIGUACU";"Falta de Atenção do Pedestre";"Atropelamento de Pedestre";"Com Vítimas Fatais";"Plena Noite";"Decrescente";"Céu Claro";"Múltipla";"Curva";"Sim";2;1;0;0;1;0;0;2;-27,48994231;-48,65605474;"SPRF-SC";"DEL01-SC";"UOP01-DEL01-SC"
130428;2018-04-26;"quinta-feira";"22:00:00";"SC";282;390;"JOACABA";"Pista Escorregadia";"Queda de ocupante de veículo";"Com Vítimas Feridas";"Plena Noite";"Crescente";"Céu Claro";"Simples";"Rotatória";"Sim";1;0;1;0;0;0;1;1;-27,17811076;-51,54239058;"SPRF-SC";"DEL07-SC";"UOP05-DEL07-SC"
130433;2018-04-27;"sexta-feira";"00:37:00";"SP";116;146,7;"SAO JOSE DOS CAMPOS";"Falta de Atenção à Condução";"Colisão com objeto estático";"Com Vítimas Feridas";"Plena Noite";"Decrescente";"Céu Claro";"Simples";"Aclive;Curva";"Sim";1;0;0;1;0;0;1;1;-23,19453116;-45,86966872;"SPRF-SP";"DEL02-SP";"UOP01-DEL02-SP"
130435;2018-04-27;"sexta-feira";"01:00:00";"PI";343;602;"FLORIANO";"Animais na Pista";"Atropelamento de Animal";"Com Vítimas Feridas";"Plena Noite";"Crescente";"Céu Claro";"Simples";"Reta";"Sim";1;0;1;0;0;0;1;1;-6,839867;-43,087479;"SPRF-PI";"DEL03-PI";"UOP01-DEL03-PI"
130437;2018-04-27;"sexta-feira";"02:05:00";"SC";101;190;"BIGUACU";"Ingestão de Álcool";"Colisão com objeto estático";"Sem Vítimas";"Plena Noite";"Decrescente";"Céu Claro";"Dupla";"Reta";"Não";1;0;0;0;1;0;0;1;-27,47018801;-48,64120593;"SPRF-SC";"DEL01-SC";"UOP01-DEL01-SC"
130439;2018-04-27;"sexta-feira";"02:30:00";"SC";101;213,5;"PALHOCA";"Defeito Mecânico no Veículo";"Colisão com objeto estático";"Com Vítimas Feridas";"Plena Noite";"Crescente";"Céu Claro";"Dupla";"Reta";"Não";1;0;1;0;0;0;1;1;-27,6446;-48,6705;"SPRF-SC";"DEL01-SC";"UOP02-DEL01-SC"
130443;2018-04-26;"quinta-feira";"17:20:00";"SC";101;112,1;"ITAJAI";"Não guardar distância de segurança";"Colisão traseira";"Com Vítimas Feridas";"Pleno dia";"Crescente";"Céu Claro";"Dupla";"Reta";"Sim";2;0;1;0;1;0;1;2;-26,8533;-48,7265;"SPRF-SC";"DEL04-SC";"UOP04-DEL04-SC"
130444;2018-04-27;"sexta-feira";"03:30:00";"PR";376;613;"SAO JOSE DOS PINHAIS";"Falta de Atenção à Condução";"Colisão traseira";"Com Vítimas Feridas";"Plena Noite";"Crescente";"Nublado";"Dupla";"Reta";"Sim";2;0;0;1;1;0;1;2;-25,55624473;-49,18622905;"SPRF-PR";"DEL01-PR";"UOP01-DEL01-PR"
130445;2018-04-26;"quinta-feira";"23:15:00";"BA";415;18;"ILHEUS";"Animais na Pista";"Atropelamento de Animal";"Com Vítimas Feridas";"Plena Noite";"Crescente";"Céu Claro";"Simples";"Reta";"Não";1;0;1;0;0;0;1;1;-14,79848228;-39,12317276;"SPRF-BA";"DEL05-BA";"UOP01-DEL05-BA"
130446;2018-04-27;"sexta-feira";"04:55:00";"MG";381;423;"CAETE";"Falta de Atenção à Condução";"Colisão frontal";"Com Vítimas Feridas";"Amanhecer";"Crescente";"Céu Claro";"Simples";"Reta";"Não";4;0;2;0;2;0;2;2;-19,75713212;-43,63411546;"SPRF-MG";"DEL01-MG";"UOP01-DEL01-MG"
130447;2018-04-27;"sexta-feira";"05:15:00";"SC";282;6;"SAO JOSE";"Falta de Atenção à Condução";"Tombamento";"Com Vítimas Feridas";"Plena Noite";"Crescente";"Nublado";"Dupla";"Curva";"Sim";1;0;0;1;0;0;1;1;-27,58498068;-48,6177206;"SPRF-SC";"DEL01-SC";"UOP01-DEL01-SC"
130448;2018-04-27;"sexta-feira";"05:38:00";"PR";376;644,1;"TIJUCAS DO SUL";"Velocidade Incompatível";"Colisão com objeto estático";"Com Vítimas Fatais";"Plena Noite";"Decrescente";"Céu Claro";"Simples";"Curva";"Não";3;1;2;0;0;0;2;1;-25,81750858;-49,13017273;"SPRF-PR";"DEL01-PR";"DEL7/1-UOP08/PR"
130450;2018-04-27;"sexta-feira";"06:40:00";"GO";60;93,8;"ANAPOLIS";"Falta de Atenção à Condução";"Colisão traseira";"Com Vítimas Feridas";"Pleno dia";"Crescente";"Céu Claro";"Dupla";"Reta";"Sim";1;0;1;0;0;0;1;1;-16,35877663;-48,93188383;"SPRF-GO";"DEL02-GO";"UOP01-DEL02-GO"
130451;2018-04-27;"sexta-feira";"07:00:00";"PR";277;80;"CURITIBA";"Não guardar distância de segurança";"Colisão traseira";"Com Vítimas Feridas";"Pleno dia";"Crescente";"Céu Claro";"Dupla";"Reta";"Sim";3;0;2;0;1;0;2;2;-25,4719097;-49,21090722;"SPRF-PR";"DEL01-PR";"UOP01-DEL01-PR"
130454;2018-04-27;"sexta-feira";"07:15:00";"ES";101;147;"LINHARES";"Velocidade Incompatível";"Colisão traseira";"Com Vítimas Feridas";"Pleno dia";"Decrescente";"Céu Claro";"Múltipla";"Reta";"Sim";2;0;1;0;1;0;1;2;-19,37564836;-40,06618381;"SPRF-ES";"DEL04-ES";"UOP01-DEL04-ES"
130455;2018-04-27;"sexta-feira";"07:19:00";"PR";277;451,1;"LARANJEIRAS DO SUL";"Desobediência às normas de trânsito pelo condutor";"Colisão transversal";"Sem Vítimas";"Amanhecer";"Crescente";"Céu Claro";"Simples";"Interseção de Vias";"Não";2;0;0;0;2;0;0;2;-25,38621665;-52,41435528;"SPRF-PR";"DEL04-PR";"UOP02-DEL04-PR"
130459;2018-04-27;"sexta-feira";"07:20:00";"GO";40;0,2;"VALPARAISO DE GOIAS";"Falta de Atenção à Condução";"Colisão traseira";"Com Vítimas Feridas";"Pleno dia";"Decrescente";"Céu Claro";"Dupla";"Reta";"Sim";5;0;1;0;4;0;1;3;-16,058273;-47,982655;"SPRF-DF";"DEL01-DF";"UOP01-DEL01-DF"
130460;2018-04-27;"sexta-feira";"06:49:00";"PR";476;141;"CURITIBA";"Falta de Atenção à Condução";"Colisão traseira";"Com Vítimas Feridas";"Pleno dia";"Decrescente";"Céu Claro";"Dupla";"Reta";"Sim";1;0;1;0;0;0;1;1;-25,528614;-49,298798;"SPRF-PR";"DEL01-PR";"UOP07-DEL01-PR"
130463;2018-04-27;"sexta-feira";"08:15:00";"PE";101;68;"RECIFE";"Falta de Atenção à Condução";"Colisão transversal";"Com Vítimas Feridas";"Pleno dia";"Decrescente";"Céu Claro";"Dupla";"Rotatória";"Sim";2;0;1;0;1;0;1;2;-8,0520508;-34,94580925;"SPRF-PE";"DEL01-PE";"UOP01-DEL01-PE"
130464;2018-04-27;"sexta-feira";"08:15:00";"GO";153;537,8;"HIDROLANDIA";"Condutor Dormindo";"Saída de leito carroçável";"Com Vítimas Feridas";"Pleno dia";"Crescente";"Sol";"Dupla";"Reta";"Não";6;0;2;4;0;0;6;1;-17,0258882;-49,2223388;"SPRF-GO";"DEL01-GO";"UOP03-DEL01-GO"
130468;2018-04-27;"sexta-feira";"07:50:00";"SC";101;213,4;"PALHOCA";"Não guardar distância de segurança";"Tombamento";"Com Vítimas Feridas";"Pleno dia";"Decrescente";"Céu Claro";"Dupla";"Aclive";"Sim";1;0;1;0;0;0;1;1;-27,6446;-48,6705;"SPRF-SC";"DEL01-SC";"UOP02-DEL01-SC"
130469;2018-04-27;"sexta-feira";"06:40:00";"ES";101;64,9;"SAO MATEUS";"Ingestão de Álcool";"Queda de ocupante de veículo";"Com Vítimas Feridas";"Pleno dia";"Decrescente";"Céu Claro";"Simples";"Ponte";"Sim";1;0;1;0;0;0;1;1;-18,70791931;-39,87653017;"SPRF-ES";"DEL04-ES";"UOP02-DEL04-ES"
130471;2018-04-27;"sexta-feira";"07:00:00";"MG";381;452;"SABARA";"Restrição de Visibilidade";"Colisão traseira";"Com Vítimas Feridas";"Pleno dia";"Decrescente";"Céu Claro";"Simples";"Reta";"Não";2;0;1;0;1;0;1;2;-19,82826112;-43,8394618;"SPRF-MG";"DEL01-MG";"UOP01-DEL01-MG"
130472;2018-04-27;"sexta-feira";"08:20:00";"CE";222;3,8;"FORTALEZA";"Falta de Atenção à Condução";"Colisão lateral";"Com Vítimas Feridas";"Pleno dia";"Crescente";"Sol";"Múltipla";"Reta";"Sim";2;0;1;0;1;0;1;2;-3,740385;-38,595749;"SPRF-CE";"DEL01-CE";"UOP01-DEL01-CE"
130473;2018-04-27;"sexta-feira";"08:30:00";"BA";324;622;"SALVADOR";"Não guardar distância de segurança";"Colisão traseira";"Com Vítimas Feridas";"Pleno dia";"Crescente";"Céu Claro";"Dupla";"Reta";"Sim";2;0;1;0;1;0;1;2;-12,7928181;-38,4049456;"SPRF-BA";"DEL01-BA";"UOP01-DEL01-BA"
130475;2018-04-27;"sexta-feira";"08:50:00";"SP";153;62,5;"SAO JOSE DO RIO PRETO";"Falta de Atenção à Condução";"Colisão traseira";"Com Vítimas Feridas";"Pleno dia";"Crescente";"Céu Claro";"Dupla";"Reta";"Sim";2;0;1;0;1;0;1;2;-20,81328;-49,356758;"SPRF-SP";"DEL09-SP";"UOP01-DEL09-SP"
130476;2018-04-27;"sexta-feira";"08:00:00";"MG";381;479;"CONTAGEM";"Falta de Atenção à Condução";"Colisão lateral";"Com Vítimas Feridas";"Pleno dia";"Decrescente";"Céu Claro";"Múltipla";"Reta";"Sim";3;0;1;0;1;1;1;3;-19,961;-44,0517;"SPRF-MG";"DEL01-MG";"UOP03-DEL01-MG"
130480;2018-04-27;"sexta-feira";"09:25:00";"RN";101;83;"NATAL";"Falta de Atenção à Condução";"Colisão traseira";"Com Vítimas Feridas";"Pleno dia";"Decrescente";"Céu Claro";"Dupla";"Reta";"Sim";2;0;2;0;0;0;2;2;-5,771044;-35,266171;"SPRF-RN";"DEL02-RN";"UOP01-DEL02-RN"
130481;2018-04-27;"sexta-feira";"09:30:00";"MG";267;9,6;"LEOPOLDINA";"Falta de Atenção à Condução";"Saída de leito carroçável";"Com Vítimas Feridas";"Pleno dia";"Decrescente";"Nublado";"Simples";"Reta";"Não";1;0;1;0;0;0;1;1;-21,5671;-42,6993;"SPRF-MG";"DEL07-MG";"UOP01-DEL07-MG"
130485;2018-04-27;"sexta-feira";"09:40:00";"SC";116;245;"LAGES";"Pista Escorregadia";"Colisão com objeto estático";"Com Vítimas Feridas";"Pleno dia";"Decrescente";"Céu Claro";"Simples";"Interseção de Vias";"Sim";2;0;2;0;0;0;2;1;-27,79958356;-50,36320567;"SPRF-SC";"DEL05-SC";"UOP01-DEL05-SC"
130486;2018-04-27;"sexta-feira";"10:00:00";"PA";163;991;"SANTAREM";"Animais na Pista";"Atropelamento de Animal";"Com Vítimas Feridas";"Pleno dia";"Crescente";"Nublado";"Simples";"Reta";"Não";2;0;2;0;0;0;2;1;-2,54283385;-54,72264534;"SPRF-PA";"DEL05-PA";"UOP01-DEL05-PA"
130487;2018-02-27;"terça-feira";"17:50:00";"CE";222;1;"FORTALEZA";"Falta de Atenção à Condução";"Colisão traseira";"Com Vítimas Feridas";"Plena Noite";"Crescente";"Céu Claro";"Dupla";"Reta";"Sim";3;0;1;0;2;0;1;3;-3,73795428;-38,58031511;"SPRF-CE";"DEL01-CE";"UOP01-DEL01-CE"
130488;2018-03-24;"sábado";"02:30:00";"PE";423;94;"GARANHUNS";"Ingestão de Álcool";"Colisão traseira";"Com Vítimas Feridas";"Plena Noite";"Decrescente";"Céu Claro";"Simples";"Reta";"Sim";7;0;7;0;0;0;7;2;-8,874732;-36,469467;"SPRF-PE";"DEL03-PE";"UOP01-DEL03-PE"
130489;2018-04-27;"sexta-feira";"10:00:00";"MG";262;34,2;"MANHUACU";"Falta de Atenção à Condução";"Atropelamento de Pedestre";"Com Vítimas Feridas";"Pleno dia";"Crescente";"Céu Claro";"Simples";"Reta";"Sim";2;0;1;0;1;0;1;2;-20,256927;-42,011028;"SPRF-MG";"DEL06-MG";"UOP03-DEL06-MG"
130490;2018-04-27;"sexta-feira";"08:45:00";"SC";101;330,2;"TUBARAO";"Falta de Atenção à Condução";"Saída de leito carroçável";"Com Vítimas Feridas";"Pleno dia";"Crescente";"Sol";"Dupla";"Curva";"Não";3;0;3;0;0;0;3;1;-28,4561;-48,9819;"SPRF-SC";"DEL02-SC";"UOP01-DEL02-SC"
130491;2018-03-14;"quarta-feira";"23:50:00";"PE";101;65;"RECIFE";"Falta de Atenção à Condução";"Incêndio";"Sem Vítimas";"Plena Noite";"Crescente";"Céu Claro";"Dupla";"Reta";"Sim";1;0;0;0;0;1;0;1;-8,0349;-34,9415;"SPRF-PE";"DEL01-PE";"UOP01-DEL01-PE"
130492;2018-04-27;"sexta-feira";"09:40:00";"MS";163;263;"DOURADOS";"Pista Escorregadia";"Queda de ocupante de veículo";"Com Vítimas Feridas";"Pleno dia";"Decrescente";"Céu Claro";"Dupla";"Reta";"Sim";1;0;1;0;0;0;1;1;-22,23154654;-54,74774837;"SPRF-MS";"DEL04-MS";"UOP01-DEL04-MS"
130496;2018-04-27;"sexta-feira";"10:30:00";"SP";116;106;"TAUBATE";"Avarias e/ou desgaste excessivo no pneu";"Queda de ocupante de veículo";"Com Vítimas Feridas";"Pleno dia";"Decrescente";"Sol";"Dupla";"Reta";"Sim";2;0;2;0;0;0;2;1;-23,012539;-45,522606;"SPRF-SP";"DEL06-SP";"UOP01-DEL06-SP"
130497;2018-04-27;"sexta-feira";"11:00:00";"PR";277;2,9;"PARANAGUA";"Falta de Atenção à Condução";"Colisão traseira";"Com Vítimas Feridas";"Pleno dia";"Decrescente";"Sol";"Simples";"Reta";"Sim";2;0;1;0;1;0;1;2;-25,54019563;-48,55847597;"SPRF-PR";"DEL01-PR";"UOP05-DEL01-PR"
130498;2018-04-27;"sexta-feira";"10:20:00";"CE";0;0;"EUSEBIO";"Falta de Atenção à Condução";"Colisão traseira";"Sem Vítimas";"Pleno dia";"Não Informado";"Céu Claro";"Simples";"Reta";"Sim";2;0;0;0;2;0;0;2;-3,91871707;-38,50713909;"SPRF-CE";"DEL01-CE";"UOP02-DEL01-CE"
130500;2018-04-27;"sexta-feira";"11:20:00";"MA";222;676;"ACAILANDIA";"Falta de Atenção do Pedestre";"Atropelamento de Pedestre";"Com Vítimas Feridas";"Pleno dia";"Decrescente";"Sol";"Simples";"Reta;Declive";"Sim";3;0;1;1;1;0;2;2;-4,95200465;-47,48473406;"SPRF-MA";"DEL04-MA";"UOP03-DEL04-MA"
130501;2018-04-27;"sexta-feira";"09:40:00";"PA";163;610;"TRAIRAO";"Avarias e/ou desgaste excessivo no pneu";"Saída de leito carroçável";"Sem Vítimas";"Pleno dia";"Decrescente";"Céu Claro";"Simples";"Reta";"Não";1;0;0;0;1;0;0;1;-5,00027345;-56,18476868;"SPRF-PA";"DEL05-PA";"UOP01-DEL05-PA"