"id";"data_inversa";"dia_semana";"horario";"uf";"br";"km";"municipio";"causa_acidente";"tipo_acidente";"classificacao_acidente";"fase_dia";"sentido_via";"condicao_metereologica";"tipo_pista";"tracado_via";"uso_solo";"pessoas";"mortos";"feridos_leves";"feridos_graves";"ilesos";"ignorados";"feridos";"veiculos";"latitude";"longitude";"regional";"delegacia";"uop"
130503;2018-04-27;"sexta-feira";"11:10:00";"SC";116;304,5;"CAPAO ALTO";"Velocidade Incompatível";"Tombamento";"Com Vítimas Feridas";"Pleno dia";"Crescente";"Céu Claro";"Simples";"Curva";"Não";1;0;1;0;0;0;1;1;-28,206734;-50,758286;"SPRF-SC";"DEL05-SC";"UOP02-DEL05-SC"
130506;2018-04-27;"sexta-feira";"10:30:00";"ES";101;61;"SAO MATEUS";"Falta de Atenção à Condução";"Colisão traseira";"Com Vítimas Feridas";"Pleno dia";"Decrescente";"Chuva";"Simples";"Reta";"Sim";2;0;1;0;1;0;1;2;-18,7259254;-39,86011505;"SPRF-ES";"DEL04-ES";"UOP02-DEL04-ES"
130507;2018-04-27;"sexta-feira";"12:00:00";"SC";101;134;"BALNEARIO CAMBORIU";"Falta de Atenção à Condução";"Colisão traseira";"Com Vítimas Feridas";"Pleno dia";"Decrescente";"Sol";"Dupla";"Reta";"Sim";3;0;1;0;2;0;1;3;-27,00436554;-48,62994611;"SPRF-SC";"DEL04-SC";"UOP03-DEL04-SC"
130509;2018-04-27;"sexta-feira";"11:30:00";"SC";470;67,1;"INDAIAL";"Falta de Atenção do Pedestre";"Atropelamento de Pedestre";"Com Vítimas Feridas";"Pleno dia";"Decrescente";"Céu Claro";"Simples";"Reta";"Sim";3;0;2;0;1;0;2;2;-26,87085108;-49,21579152;"SPRF-SC";"DEL04-SC";"UOP01-DEL04-SC"
130511;2018-04-27;"sexta-feira";"11:30:00";"RJ";116;176;"NOVA IGUACU";"Desobediência às normas de trânsito pelo condutor";"Atropelamento de Pedestre";"Com Vítimas Feridas";"Pleno dia";"Crescente";"Sol";"Múltipla";"Reta";"Sim";3;0;1;0;0;2;1;2;-22,75855238;-43,42852324;"SPRF-RJ";"DEL01-RJ";"UOP02-DEL01-RJ"
130512;2018-04-27;"sexta-feira";"07:30:00";"RJ";356;51;"ITAPERUNA";"Sinalização da via insuficiente ou inadequada";"Colisão com objeto estático";"Com Vítimas Feridas";"Pleno dia";"Decrescente";"Chuva";"Simples";"Reta";"Não";1;0;1;0;0;0;1;1;-21,257954;-41,767086;"SPRF-RJ";"DEL08-RJ";"UOP03-DEL08-RJ"
130513;2018-04-27;"sexta-feira";"12:30:00";"SP";116;284,8;"EMBU DAS ARTES";"Falta de Atenção do Pedestre";"Atropelamento de Pedestre";"Com Vítimas Feridas";"Pleno dia";"Crescente";"Sol";"Simples";"Reta";"Sim";2;0;1;0;1;0;1;2;-23,67952744;-46,85860723;"SPRF-SP";"DEL04-SP";"UOP01-DEL04-SP"
130514;2018-04-27;"sexta-feira";"11:20:00";"AM";174;885;"MANAUS";"Desobediência às normas de trânsito pelo condutor";"Colisão lateral";"Sem Vítimas";"Pleno dia";"Decrescente";"Céu Claro";"Simples";"Reta";"Sim";8;0;0;0;8;0;0;4;-2,96528437;-60,02213001;"SPRF-AM";"DEL01-AM";"UOP01-DEL01-AM"
130515;2018-04-27;"sexta-feira";"12:30:00";"SP";116;279,5;"EMBU DAS ARTES";"Desobediência às normas de trânsito pelo condutor";"Colisão lateral";"Com Vítimas Feridas";"Pleno dia";"Crescente";"Sol";"Dupla";"Reta";"Sim";3;0;2;0;1;0;2;2;-23,6450844;-46,84085906;"SPRF-SP";"DEL04-SP";"UOP01-DEL04-SP"
130516;2018-04-27;"sexta-feira";"13:00:00";"PR";376;175,1;"MARINGA";"Falta de Atenção à Condução";"Colisão lateral";"Com Vítimas Feridas";"Pleno dia";"Decrescente";"Céu Claro";"Dupla";"Reta";"Sim";2;0;1;0;1;0;1;2;-23,41105813;-51,93985856;"SPRF-PR";"DEL07-PR";"UOP01-DEL09-PR"
130520;2018-04-27;"sexta-feira";"11:50:00";"PI";343;211,5;"CAPITAO DE CAMPOS";"Defeito Mecânico no Veículo";"Incêndio";"Sem Vítimas";"Pleno dia";"Crescente";"Sol";"Simples";"Reta";"Não";23;0;0;0;23;0;0;1;-4,445459;-41,922016;"SPRF-PI";"DEL01-PI";"UOP03-DEL01-PI"
130523;2018-04-27;"sexta-feira";"13:50:00";"SC";101;149;"ITAPEMA";"Falta de Atenção do Pedestre";"Atropelamento de Pedestre";"Com Vítimas Feridas";"Pleno dia";"Decrescente";"Céu Claro";"Simples";"Reta";"Sim";2;0;0;1;1;0;1;2;-27,1175;-48,6092;"SPRF-SC";"DEL04-SC";"UOP03-DEL04-SC"
130524;2018-04-27;"sexta-feira";"14:40:00";"SC";282;4,5;"SAO JOSE";"Não guardar distância de segurança";"Colisão traseira";"Com Vítimas Feridas";"Pleno dia";"Crescente";"Céu Claro";"Múltipla";"Reta";"Sim";2;0;1;0;1;0;1;2;-27,59151333;-48,60617453;"SPRF-SC";"DEL01-SC";"UOP01-DEL01-SC"
130526;2018-04-27;"sexta-feira";"09:30:00";"MG";251;447;"GRAO MOGOL";"Falta de Atenção à Condução";"Colisão lateral";"Com Vítimas Feridas";"Pleno dia";"Crescente";"Céu Claro";"Simples";"Reta";"Não";3;0;1;0;0;2;1;3;-16,41961982;-43,36320877;"SPRF-MG";"DEL12-MG";"UOP01-DEL12-MG"
130527;2018-04-27;"sexta-feira";"13:45:00";"SC";101;199;"SAO JOSE";"Não guardar distância de segurança";"Colisão traseira";"Sem Vítimas";"Pleno dia";"Crescente";"Sol";"Dupla";"Reta";"Sim";3;0;0;0;3;0;0;3;-27,5402;-48,6226;"SPRF-SC";"DEL01-SC";"UOP01-DEL01-SC"
130529;2018-04-27;"sexta-feira";"13:30:00";"SP";381;84,2;"SAO PAULO";"Falta de Atenção do Pedestre";"Atropelamento de Pedestre";"Com Vítimas Feridas";"Pleno dia";"Crescente";"Céu Claro";"Dupla";"Reta";"Sim";2;0;1;0;1;0;1;2;-23,45175069;-46,57035828;"SPRF-SP";"DEL03-SP";"DEL6/3-UOP03/SP"
130531;2018-04-27;"sexta-feira";"14:00:00";"RN";101;71,2;"EXTREMOZ";"Falta de Atenção à Condução";"Colisão lateral";"Com Vítimas Feridas";"Pleno dia";"Decrescente";"Céu Claro";"Simples";"Interseção de Vias";"Não";4;0;0;4;0;0;4;2;-5,706872;-35,266884;"SPRF-RN";"DEL02-RN";"UOP01-DEL02-RN"
130533;2018-04-27;"sexta-feira";"14:00:00";"ES";101;204,5;"JOAO NEIVA";"Falta de Atenção à Condução";"Queda de ocupante de veículo";"Com Vítimas Feridas";"Pleno dia";"Decrescente";"Sol";"Simples";"Curva";"Não";1;0;1;0;0;0;1;1;-19,74691286;-40,37698209;"SPRF-ES";"DEL02-ES";"UOP01-DEL02-ES"
130536;2018-04-27;"sexta-feira";"14:30:00";"PA";10;285,2;"MAE DO RIO";"Falta de Atenção à Condução";"Colisão com objeto estático";"Com Vítimas Fatais";"Pleno dia";"Decrescente";"Chuva";"Simples";"Ponte";"Não";2;1;0;0;0;1;0;2;-1,937223;-47,524043;"SPRF-PA";"DEL02-PA";"UOP01-DEL02-PA"
130538;2018-04-27;"sexta-feira";"14:30:00";"BA";101;945;"MUCURI";"Pista Escorregadia";"Tombamento";"Com Vítimas Feridas";"Pleno dia";"Crescente";"Chuva";"Simples";"Curva";"Não";3;0;3;0;0;0;3;1;-18,0856;-39,894;"SPRF-BA";"DEL09-BA";"UOP02-DEL09-BA"
130539;2018-04-27;"sexta-feira";"09:00:00";"MT";364;261,8;"JUSCIMEIRA";"Desobediência às normas de trânsito pelo condutor";"Colisão lateral";"Com Vítimas Feridas";"Pleno dia";"Crescente";"Céu Claro";"Simples";"Aclive";"Não";1;0;1;0;0;0;1;1;-16,02477821;-54,8982954;"SPRF-MT";"DEL02-MT";"UOP02-DEL05-MT"
130543;2018-04-02;"segunda-feira";"02:30:00";"PB";230;118;"INGA";"Pista Escorregadia";"Saída de leito carroçável";"Com Vítimas Feridas";"Plena Noite";"Decrescente";"Chuva";"Dupla";"Curva";"Não";1;0;1;0;0;0;1;1;-7,2409;-35,6225;"SPRF-PB";"DEL01-PB";"UOP03-DEL01-PB"
130544;2018-04-27;"sexta-feira";"12:00:00";"SC";470;24,7;"ILHOTA";"Não guardar distância de segurança";"Colisão traseira";"Com Vítimas Feridas";"Pleno dia";"Decrescente";"Sol";"Simples";"Reta";"Não";3;0;1;0;2;0;1;3;-26,880913;-48,846237;"SPRF-SC";"DEL04-SC";"UOP04-DEL04-SC"
130547;2018-04-27;"sexta-feira";"15:30:00";"PR";277;80;"CURITIBA";"Defeito Mecânico no Veículo";"Colisão traseira";"Com Vítimas Feridas";"Pleno dia";"Crescente";"Céu Claro";"Dupla";"Reta";"Sim";13;0;2;0;11;0;2;7;-25,47018558;-49,21225905;"SPRF-PR";"DEL01-PR";"UOP01-DEL01-PR"
130551;2018-04-27;"sexta-feira";"15:30:00";"RJ";40;39,3;"AREAL";"Velocidade Incompatível";"Colisão com objeto estático";"Com Vítimas Feridas";"Pleno dia";"Decrescente";"Nublado";"Dupla";"Curva";"Não";1;0;1;0;0;0;1;1;-22,233411;-43,111708;"SPRF-RJ";"DEL06-RJ";"UOP02-DEL05-RJ"
130552;2018-04-27;"sexta-feira";"13:40:00";"RO";364;195,6;"PIMENTA BUENO";"Defeito Mecânico no Veículo";"Saída de leito carroçável";"Com Vítimas Feridas";"Pleno dia";"Decrescente";"Sol";"Simples";"Reta";"Sim";1;0;1;0;0;0;1;1;-11,68777128;-61,18303299;"SPRF-RO";"DEL02-RO";"UOP02-DEL02-RO"
130553;2018-03-04;"domingo";"16:00:00";"PR";376;284,9;"MARILANDIA DO SUL";"Falta de Atenção à Condução";"Colisão transversal";"Com Vítimas Feridas";"Pleno dia";"Decrescente";"Céu Claro";"Simples";"Reta";"Não";2;0;1;0;1;0;1;2;-23,86951291;-51,25946045;"SPRF-PR";"DEL07-PR";"UOP02-DEL07-PR"
130555;2018-04-27;"sexta-feira";"15:50:00";"MG";365;525,6;"MONTE CARMELO";"Falta de Atenção à Condução";"Colisão transversal";"Com Vítimas Feridas";"Pleno dia";"Decrescente";"Céu Claro";"Simples";"Interseção de Vias";"Não";3;0;0;2;1;0;2;2;-18,91408152;-47,41956711;"SPRF-MG";"DEL10-MG";"UOP01-DEL10-MG"
130556;2018-04-27;"sexta-feira";"16:20:00";"SP";116;226,8;"GUARULHOS";"Falta de Atenção à Condução";"Colisão lateral";"Com Vítimas Feridas";"Pleno dia";"Decrescente";"Céu Claro";"Múltipla";"Reta";"Sim";2;0;2;0;0;0;2;1;-23,48623461;-46,53980255;"SPRF-SP";"DEL01-SP";"UOP01-DEL01-SP"
130557;2018-04-27;"sexta-feira";"14:50:00";"MA";316;296;"PIO XII";"Falta de Atenção à Condução";"Colisão frontal";"Sem Vítimas";"Pleno dia";"Crescente";"Céu Claro";"Simples";"Reta";"Sim";4;0;0;0;4;0;0;2;-3,871133;-45,173481;"SPRF-MA";"DEL02-MA";"UI04-DEL02-MA"
130559;2018-04-27;"sexta-feira";"15:45:00";"MG";40;517;"RIBEIRAO DAS NEVES";"Defeito Mecânico no Veículo";"Queda de ocupante de veículo";"Com Vítimas Feridas";"Pleno dia";"Crescente";"Céu Claro";"Dupla";"Reta";"Sim";2;0;2;0;0;0;2;1;-19,82762589;-44,0835628;"SPRF-MG";"DEL01-MG";"UOP03-DEL01-MG"
130560;2018-04-27;"sexta-feira";"16:30:00";"MG";365;627;"UBERLANDIA";"Falta de Atenção à Condução";"Tombamento";"Com Vítimas Feridas";"Pleno dia";"Crescente";"Céu Claro";"Dupla";"Aclive";"Sim";1;0;1;0;0;0;1;1;-18,9105;-48,3052;"SPRF-MG";"DEL15-MG";"UOP01-DEL15-MG"
130561;2018-04-27;"sexta-feira";"14:10:00";"MS";262;130,1;"AGUA CLARA";"Defeito na Via";"Saída de leito carroçável";"Com Vítimas Feridas";"Pleno dia";"Decrescente";"Céu Claro";"Simples";"Reta";"Não";4;0;2;0;2;0;2;1;-20,4868;-52,7778;"SPRF-MS";"DEL07-MS";"UOP02-DEL07-MS"
130562;2018-04-27;"sexta-feira";"16:50:00";"MG";40;135,1;"JOAO PINHEIRO";"Defeito Mecânico no Veículo";"Queda de ocupante de veículo";"Com Vítimas Feridas";"Pleno dia";"Decrescente";"Céu Claro";"Simples";"Reta";"Não";2;0;1;0;1;0;1;1;-17,720135;-46,241024;"SPRF-MG";"DEL14-MG";"UOP01-DEL14-MG"
130566;2018-04-27;"sexta-feira";"16:00:00";"RJ";116;168;"SAO JOAO DE MERITI";"Não guardar distância de segurança";"Colisão traseira";"Sem Vítimas";"Pleno dia";"Decrescente";"Céu Claro";"Múltipla";"Reta";"Sim";3;0;0;0;3;0;0;3;-22,819967;-43,314999;"SPRF-RJ";"DEL01-RJ";"UOP02-DEL01-RJ"
130569;2018-04-27;"sexta-feira";"14:00:00";"PB";104;190,5;"ALCANTIL";"Falta de Atenção à Condução";"Colisão com objeto estático";"Com Vítimas Feridas";"Pleno dia";"Decrescente";"Chuva";"Simples";"Curva";"Não";1;0;1;0;0;0;1;1;-7,717093;-36,072131;"SPRF-PB";"DEL02-PB";"UOP03-DEL02-PB"
130570;2018-04-27;"sexta-feira";"17:10:00";"PE";101;69;"RECIFE";"Falta de Atenção à Condução";"Colisão lateral";"Com Vítimas Feridas";"Anoitecer";"Decrescente";"Nublado";"Dupla";"Reta";"Sim";2;0;1;0;1;0;1;2;-8,0619375;-34,9446875;"SPRF-PE";"DEL01-PE";"UOP01-DEL01-PE"
130574;2018-04-27;"sexta-feira";"17:20:00";"RS";392;298,7;"SAO SEPE";"Ingestão de Álcool";"Saída de leito carroçável";"Com Vítimas Feridas";"Pleno dia";"Crescente";"Céu Claro";"Simples";"Reta";"Não";1;0;1;0;0;0;1;1;-30,157213;-53,588806;"SPRF-RS";"DEL09-RS";"UOP01-DEL09-RS"
130575;2018-04-27;"sexta-feira";"16:30:00";"MG";40;514;"RIBEIRAO DAS NEVES";"Falta de Atenção à Condução";"Colisão com objeto estático";"Com Vítimas Feridas";"Pleno dia";"Crescente";"Nublado";"Dupla";"Curva";"Sim";1;0;1;0;0;0;1;1;-19,80394012;-44,09815669;"SPRF-MG";"DEL01-MG";"UOP03-DEL01-MG"
130576;2018-04-27;"sexta-feira";"17:55:00";"PE";101;29,3;"IGARASSU";"Condutor Dormindo";"Colisão com objeto estático";"Com Vítimas Feridas";"Anoitecer";"Decrescente";"Chuva";"Dupla";"Reta";"Não";2;0;0;1;1;0;1;1;-7,7392;-34,9432;"SPRF-PE";"DEL01-PE";"UOP02-DEL01-PE"
130577;2018-04-27;"sexta-feira";"18:00:00";"SC";101;413,7;"ARARANGUA";"Falta de Atenção à Condução";"Colisão transversal";"Com Vítimas Feridas";"Plena Noite";"Crescente";"Céu Claro";"Simples";"Rotatória";"Sim";2;0;1;0;1;0;1;2;-28,9515;-49,5083;"SPRF-SC";"DEL02-SC";"UOP02-DEL02-SC"
130580;2018-04-27;"sexta-feira";"18:00:00";"SC";101;138,1;"BALNEARIO CAMBORIU";"Falta de Atenção à Condução";"Colisão traseira";"Com Vítimas Feridas";"Plena Noite";"Decrescente";"Nublado";"Dupla";"Reta";"Sim";7;0;2;0;5;0;2;3;-27,032;-48,6051;"SPRF-SC";"DEL04-SC";"UOP03-DEL04-SC"
130583;2018-04-27;"sexta-feira";"17:00:00";"MG";381;484;"BETIM";"Não guardar distância de segurança";"Engavetamento";"Com Vítimas Feridas";"Pleno dia";"Decrescente";"Céu Claro";"Dupla";"Reta";"Sim";6;0;2;0;4;0;2;5;-19,9557;-44,0964;"SPRF-MG";"DEL01-MG";"UOP03-DEL01-MG"
130584;2018-04-27;"sexta-feira";"17:45:00";"PR";277;535,5;"IBEMA";"Falta de Atenção à Condução";"Colisão transversal";"Com Vítimas Feridas";"Anoitecer";"Crescente";"Céu Claro";"Simples";"Reta";"Sim";7;0;2;0;5;0;2;2;-25,1159502;-53,00669355;"SPRF-PR";"DEL04-PR";"UOP04-DEL04-PR"
130585;2018-04-27;"sexta-feira";"18:00:00";"GO";60;131,3;"GOIANIA";"Falta de Atenção à Condução";"Saída de leito carroçável";"Com Vítimas Feridas";"Anoitecer";"Decrescente";"Céu Claro";"Dupla";"Curva";"Não";1;0;1;0;0;0;1;1;-16,5754;-49,1602;"SPRF-GO";"DEL01-GO";"UOP01-DEL01-GO"
130587;2018-04-27;"sexta-feira";"18:30:00";"RJ";101;411;"ITAGUAI";"Desobediência às normas de trânsito pelo pedestre";"Atropelamento de Pedestre";"Com Vítimas Fatais";"Plena Noite";"Crescente";"Céu Claro";"Dupla";"Reta";"Sim";2;1;0;0;0;1;0;2;-22,91333764;-43,89261246;"SPRF-RJ";"DEL03-RJ";"UOP01-DEL03-RJ"
130591;2018-04-27;"sexta-feira";"18:38:00";"ES";101;283;"CARIACICA";"Mal Súbito";"Capotamento";"Com Vítimas Fatais";"Plena Noite";"Decrescente";"Céu Claro";"Múltipla";"Interseção de Vias";"Não";1;1;0;0;0;0;0;1;-20,2263581;-40,3619638;"SPRF-ES";"DEL01-ES";"UOP01-DEL01-ES"
130592;2018-04-27;"sexta-feira";"18:00:00";"MG";40;520;"CONTAGEM";"Falta de Atenção do Pedestre";"Atropelamento de Pedestre";"Com Vítimas Feridas";"Anoitecer";"Decrescente";"Céu Claro";"Dupla";"Reta";"Sim";2;0;1;0;1;0;1;2;-19,86530733;-44,06570613;"SPRF-MG";"DEL01-MG";"UOP03-DEL01-MG"
130593;2018-04-27;"sexta-feira";"18:40:00";"SP";153;62;"SAO JOSE DO RIO PRETO";"Não guardar distância de segurança";"Colisão traseira";"Sem Vítimas";"Plena Noite";"Crescente";"Céu Claro";"Dupla";"Reta";"Sim";2;0;0;0;2;0;0;2;-20,81328;-49,356758;"SPRF-SP";"DEL09-SP";"UOP01-DEL09-SP"
130594;2018-04-27;"sexta-feira";"18:35:00";"MA";222;671;"ACAILANDIA";"Animais na Pista";"Atropelamento de Animal";"Com Vítimas Feridas";"Plena Noite";"Crescente";"Céu Claro";"Simples";"Reta";"Não";1;0;0;1;0;0;1;1;-4,93509477;-47,45531559;"SPRF-MA";"DEL04-MA";"UOP03-DEL04-MA"
130596;2018-04-27;"sexta-feira";"17:49:00";"PR";277;79;"CURITIBA";"Falta de Atenção à Condução";"Colisão traseira";"Com Vítimas Feridas";"Anoitecer";"Crescente";"Céu Claro";"Dupla";"Reta";"Sim";2;0;1;0;1;0;1;2;-25,4289541;-49,267137;"SPRF-PR";"DEL01-PR";"UOP01-DEL01-PR"
130597;2018-04-27;"sexta-feira";"19:00:00";"PR";277;80;"CURITIBA";"Falta de Atenção à Condução";"Colisão traseira";"Sem Vítimas";"Anoitecer";"Crescente";"Céu Claro";"Dupla";"Reta";"Sim";2;0;0;0;2;0;0;2;-25,47206467;-49,21073556;"SPRF-PR";"DEL01-PR";"UOP01-DEL01-PR"
130598;2018-04-27;"sexta-feira";"15:50:00";"RO";364;424;"JARU";"Desobediência às normas de trânsito pelo condutor";"Colisão frontal";"Com Vítimas Feridas";"Pleno dia";"Crescente";"Céu Claro";"Simples";"Reta";"Sim";2;0;2;0;0;0;2;2;-10,444572;-62,465683;"SPRF-RO";"DEL03-RO";"UOP02-DEL03-RO"
130599;2018-04-27;"sexta-feira";"19:00:00";"MG";381;790;"SAO GONCALO DO SAPUCAI";"Condutor Dormindo";"Colisão com objeto estático";"Com Vítimas Feridas";"Plena Noite";"Crescente";"Céu Claro";"Dupla";"Retorno Regulamentado";"Não";5;0;3;0;2;0;3;1;-21,8882;-45,5463;"SPRF-MG";"DEL16-MG";"UOP02-DEL16-MG"
130600;2018-01-16;"terça-feira";"16:30:00";"MG";40;517;"RIBEIRAO DAS NEVES";"Desobediência às normas de trânsito pelo condutor";"Colisão com objeto estático";"Com Vítimas Feridas";"Pleno dia";"Crescente";"Céu Claro";"Dupla";"Reta";"Não";2;0;2;0;0;0;2;1;-19,8351;-44,08;"SPRF-MG";"DEL01-MG";"UOP03-DEL01-MG"
130602;2018-04-27;"sexta-feira";"18:30:00";"RN";110;47,5;"MOSSORO";"Falta de Atenção à Condução";"Colisão traseira";"Com Vítimas Feridas";"Plena Noite";"Crescente";"Céu Claro";"Simples";"Reta";"Sim";2;0;1;0;1;0;1;2;-5,20601685;-37,3291719;"SPRF-RN";"DEL04-RN";"UOP01-DEL04-RN"
130603;2018-04-27;"sexta-feira";"18:40:00";"RJ";101;410,7;"ITAGUAI";"Falta de Atenção à Condução";"Colisão traseira";"Com Vítimas Feridas";"Plena Noite";"Crescente";"Céu Claro";"Dupla";"Reta";"Sim";6;0;2;0;4;0;2;4;-22,89578558;-43,8518697;"SPRF-RJ";"DEL03-RJ";"UOP01-DEL03-RJ"
130604;2018-04-27;"sexta-feira";"19:00:00";"AL";423;105;"DELMIRO GOUVEIA";"Ingestão de álcool e/ou substâncias psicoativas pelo pedestre";"Atropelamento de Pedestre";"Com Vítimas Feridas";"Plena Noite";"Crescente";"Céu Claro";"Simples";"Reta";"Não";2;0;0;1;1;0;1;2;-9,41908871;-38,19785357;"SPRF-BA";"DEL07-BA";"UOP01-DEL07-BA"
130605;2018-04-27;"sexta-feira";"19:05:00";"RN";101;71,5;"EXTREMOZ";"Ingestão de Álcool";"Colisão traseira";"Com Vítimas Feridas";"Plena Noite";"Crescente";"Céu Claro";"Simples";"Reta";"Não";2;0;0;1;1;0;1;2;-5,6943163;-35,2628789;"SPRF-RN";"DEL02-RN";"UOP01-DEL02-RN"
130606;2018-04-27;"sexta-feira";"17:50:00";"MT";364;436;"VARZEA GRANDE";"Falta de Atenção à Condução";"Colisão lateral";"Com Vítimas Feridas";"Anoitecer";"Crescente";"Céu Claro";"Simples";"Reta";"Sim";4;0;2;0;2;0;2;2;-15,64584962;-56,19884491;"SPRF-MT";"DEL01-MT";"DEL2/4-UOP02/MT"
130608;2018-04-27;"sexta-feira";"15:15:00";"MT";174;379,1;"CONQUISTA DOESTE";"Desobediência às normas de trânsito pelo condutor";"Colisão transversal";"Com Vítimas Feridas";"Pleno dia";"Crescente";"Céu Claro";"Simples";"Interseção de Vias";"Sim";3;0;0;2;1;0;2;2;-14,54524547;-59,54273343;"SPRF-MT";"DEL04-MT";"UOP01-DEL04-MT"
130609;2018-04-27;"sexta-feira";"19:15:00";"PR";373;178,9;"PONTA GROSSA";"Falta de Atenção à Condução";"Colisão transversal";"Com Vítimas Fatais";"Plena Noite";"Crescente";"Nublado";"Dupla";"Reta";"Sim";5;1;0;0;4;0;0;5;-25,04517016;-50,23713112;"SPRF-PR";"DEL03-PR";"UOP01-DEL03-PR"
130610;2018-04-27;"sexta-feira";"18:50:00";"MS";267;359,6;"MARACAJU";"Falta de Atenção do Pedestre";"Atropelamento de Pedestre";"Com Vítimas Fatais";"Plena Noite";"Decrescente";"Céu Claro";"Simples";"Reta";"Não";6;1;2;0;3;0;2;2;-21,646235;-55,104565;"SPRF-MS";"DEL02-MS";"UOP02-DEL02-MS"
130611;2018-04-27;"sexta-feira";"16:10:00";"RO";364;72,6;"VILHENA";"Defeito na Via";"Saída de leito carroçável";"Com Vítimas Fatais";"Anoitecer";"Crescente";"Nublado";"Simples";"Curva";"Não";4;1;3;0;0;0;3;1;-12,4495678;-60,51419735;"SPRF-RO";"DEL04-RO";"DEL21/4-UOP03/RO"
130612;2018-04-27;"sexta-feira";"18:00:00";"SC";101;122;"ITAJAI";"Não guardar distância de segurança";"Colisão lateral";"Com Vítimas Feridas";"Plena Noite";"Crescente";"Céu Claro";"Dupla";"Reta";"Sim";2;0;1;0;1;0;1;2;-26,9366;-48,6987;"SPRF-SC";"DEL04-SC";"UOP04-DEL04-SC"
130613;2018-04-27;"sexta-feira";"11:00:00";"MS";158;97,9;"PARANAIBA";"Falta de Atenção à Condução";"Tombamento";"Com Vítimas Feridas";"Pleno dia";"Decrescente";"Céu Claro";"Dupla";"Reta";"Sim";1;0;0;1;0;0;1;1;-19,698685;-51,168738;"SPRF-MS";"DEL08-MS";"UOP01-DEL08-MS"
130615;2018-04-27;"sexta-feira";"19:00:00";"RJ";40;121;"DUQUE DE CAXIAS";"Desobediência às normas de trânsito pelo pedestre";"Atropelamento de Pedestre";"Com Vítimas Feridas";"Plena Noite";"Decrescente";"Céu Claro";"Múltipla";"Reta";"Sim";2;0;2;0;0;0;2;2;-22,7884;-43,2853;"SPRF-RJ";"DEL01-RJ";"UOP01-DEL01-RJ"
130616;2018-04-27;"sexta-feira";"16:00:00";"SC";101;135;"BALNEARIO CAMBORIU";"Falta de Atenção do Pedestre";"Atropelamento de Pedestre";"Com Vítimas Feridas";"Pleno dia";"Crescente";"Céu Claro";"Simples";"Reta";"Sim";2;0;1;1;0;0;2;2;-27,0081;-48,617;"SPRF-SC";"DEL04-SC";"UOP03-DEL04-SC"
130617;2018-04-27;"sexta-feira";"18:00:00";"AC";364;137;"RIO BRANCO";"Desobediência às normas de trânsito pelo condutor";"Colisão lateral";"Com Vítimas Feridas";"Anoitecer";"Crescente";"Nublado";"Dupla";"Rotatória";"Sim";2;0;1;0;1;0;1;2;-9,96887174;-67,85293043;"SPRF-AC";"DEL01-AC";"UOP01-DEL01-AC"
130618;2018-04-27;"sexta-feira";"19:00:00";"SC";101;202;"SAO JOSE";"Não guardar distância de segurança";"Colisão traseira";"Com Vítimas Feridas";"Plena Noite";"Decrescente";"Céu Claro";"Dupla";"Reta";"Sim";2;0;1;0;1;0;1;2;-27,5651;-48,6144;"SPRF-SC";"DEL01-SC";"UOP01-DEL01-SC"
130619;2018-04-27;"sexta-feira";"20:25:00";"SC";101;214;"PALHOCA";"Falta de Atenção à Condução";"Colisão lateral";"Com Vítimas Feridas";"Plena Noite";"Decrescente";"Céu Claro";"Dupla";"Reta";"Sim";2;0;1;0;1;0;1;2;-27,6489769;-48,67371225;"SPRF-SC";"DEL01-SC";"UOP02-DEL01-SC"
130620;2018-04-27;"sexta-feira";"19:30:00";"BA";324;484;"SANTA BARBARA";"Não guardar distância de segurança";"Colisão traseira";"Com Vítimas Feridas";"Plena Noite";"Crescente";"Chuva";"Simples";"Reta";"Não";1;0;1;0;0;0;1;1;-12;-39;"SPRF-BA";"DEL02-BA";"UOP01-DEL02-BA"
130621;2018-04-27;"sexta-feira";"19:50:00";"PB";230;17;"JOAO PESSOA";"Falta de Atenção à Condução";"Tombamento";"Com Vítimas Feridas";"Plena Noite";"Decrescente";"Nublado";"Dupla";"Reta";"Sim";1;0;0;1;0;0;1;1;-7,11131965;-34,84264103;"SPRF-PB";"DEL01-PB";"UOP01-DEL01-PB"
130624;2018-04-27;"sexta-feira";"20:30:00";"PR";277;94,9;"CURITIBA";"Falta de Atenção do Pedestre";"Atropelamento de Pedestre";"Com Vítimas Feridas";"Plena Noite";"Decrescente";"Nublado";"Dupla";"Declive";"Sim";2;0;1;0;1;0;1;2;-25,4307422;-49,32274193;"SPRF-PR";"DEL01-PR";"UOP06-DEL01-PR"
130626;2018-04-27;"sexta-feira";"12:20:00";"SC";116;60;"PAPANDUVA";"Falta de Atenção à Condução";"Colisão transversal";"Com Vítimas Feridas";"Pleno dia";"Crescente";"Céu Claro";"Simples";"Interseção de Vias";"Não";4;0;2;0;2;0;2;2;-26,382969;-50,216751;"SPRF-SC";"DEL06-SC";"UOP02-DEL06-SC"
130628;2018-04-27;"sexta-feira";"20:20:00";"BA";110;347,1;"ALAGOINHAS";"Falta de Atenção à Condução";"Colisão frontal";"Com Vítimas Feridas";"Plena Noite";"Crescente";"Chuva";"Simples";"Reta";"Não";3;0;2;1;0;0;3;2;-12,22084819;-38,41355681;"SPRF-BA";"DEL01-BA";"UOP04-DEL01-BA"