"id";"data_inversa";"dia_semana";"horario";"uf";"br";"km";"municipio";"causa_acidente";"tipo_acidente";"classificacao_acidente";"fase_dia";"sentido_via";"condicao_metereologica";"tipo_pista";"tracado_via";"uso_solo";"pessoas";"mortos";"feridos_leves";"feridos_graves";"ilesos";"ignorados";"feridos";"veiculos";"latitude";"longitude";"regional";"delegacia";"uop"
130629;2018-04-27;"sexta-feira";"20:50:00";"PR";116;125;"FAZENDA RIO GRANDE";"Falta de Atenção à Condução";"Colisão transversal";"Com Vítimas Feridas";"Plena Noite";"Crescente";"Céu Claro";"Dupla";"Reta";"Sim";2;0;1;0;1;0;1;2;-25,62470426;-49,31522076;"SPRF-PR";"DEL01-PR";"UOP03-DEL01-PR"
130631;2018-04-27;"sexta-feira";"19:50:00";"RS";290;62,6;"GRAVATAI";"Avarias e/ou desgaste excessivo no pneu";"Tombamento";"Com Vítimas Feridas";"Plena Noite";"Decrescente";"Nublado";"Dupla";"Reta";"Não";1;0;1;0;0;0;1;1;-29,932089;-50,877304;"SPRF-RS";"DEL03-RS";"UOP02-DEL03-RS"
130632;2018-04-27;"sexta-feira";"21:00:00";"CE";222;1,8;"FORTALEZA";"Ingestão de álcool e/ou substâncias psicoativas pelo pedestre";"Atropelamento de Pedestre";"Com Vítimas Feridas";"Plena Noite";"Decrescente";"Nublado";"Múltipla";"Reta";"Sim";2;0;0;1;1;0;1;2;-3,73885359;-38,58505726;"SPRF-CE";"DEL01-CE";"UOP01-DEL01-CE"
130633;2018-04-27;"sexta-feira";"21:00:00";"RN";101;27;"RIO DO FOGO";"Velocidade Incompatível";"Atropelamento de Animal";"Sem Vítimas";"Plena Noite";"Decrescente";"Chuva";"Simples";"Reta";"Não";1;0;0;0;1;0;0;1;-5,346231;-35,39212;"SPRF-RN";"DEL02-RN";"UOP01-DEL02-RN"
130634;2018-04-27;"sexta-feira";"18:40:00";"RJ";40;95;"DUQUE DE CAXIAS";"Falta de Atenção à Condução";"Capotamento";"Sem Vítimas";"Anoitecer";"Crescente";"Céu Claro";"Simples";"Curva";"Não";1;0;0;0;1;0;0;1;-22,56440289;-43,26982498;"SPRF-RJ";"DEL06-RJ";"UOP01-DEL06-RJ"
130635;2018-04-27;"sexta-feira";"21:40:00";"BA";116;423;"FEIRA DE SANTANA";"Falta de Atenção à Condução";"Queda de ocupante de veículo";"Com Vítimas Feridas";"Plena Noite";"Crescente";"Nublado";"Simples";"Reta";"Sim";1;0;1;0;0;0;1;1;-12,23122884;-38,96890283;"SPRF-BA";"DEL02-BA";"UOP01-DEL02-BA"
130636;2018-04-27;"sexta-feira";"20:50:00";"SC";282;21,7;"SANTO AMARO DA IMPERATRIZ";"Desobediência às normas de trânsito pelo condutor";"Colisão frontal";"Com Vítimas Feridas";"Plena Noite";"Crescente";"Céu Claro";"Simples";"Curva";"Sim";2;0;0;1;1;0;1;2;-27,68837332;-48,7254703;"SPRF-SC";"DEL01-SC";"UOP02-DEL01-SC"
130637;2018-04-27;"sexta-feira";"21:40:00";"SC";282;4,8;"FLORIANOPOLIS";"Não guardar distância de segurança";"Tombamento";"Com Vítimas Feridas";"Plena Noite";"Crescente";"Céu Claro";"Dupla";"Reta";"Sim";1;0;1;0;0;0;1;1;-27,592646;-48,604034;"SPRF-SC";"DEL01-SC";"UOP01-DEL01-SC"
130639;2018-04-27;"sexta-feira";"20:48:00";"SC";280;57,9;"GUARAMIRIM";"Falta de Atenção à Condução";"Colisão transversal";"Com Vítimas Feridas";"Pleno dia";"Crescente";"Céu Claro";"Simples";"Reta";"Sim";2;0;2;0;0;0;2;2;-26,47410726;-49,02054548;"SPRF-SC";"DEL03-SC";"UOP03-DEL03-SC"
130641;2018-04-27;"sexta-feira";"20:57:00";"MT";70;3,8;"BARRA DO GARCAS";"Ingestão de Álcool";"Saída de leito carroçável";"Com Vítimas Feridas";"Plena Noite";"Decrescente";"Céu Claro";"Dupla";"Rotatória";"Sim";1;0;1;0;0;0;1;1;-15,87943021;-52,28396773;"SPRF-MT";"DEL07-MT";"UOP01-DEL07-MT"
130643;2018-04-27;"sexta-feira";"18:40:00";"RJ";101;321;"NITEROI";"Falta de Atenção à Condução";"Tombamento";"Com Vítimas Feridas";"Plena Noite";"Decrescente";"Céu Claro";"Dupla";"Reta";"Sim";2;0;2;0;0;0;2;1;-22,869852;-43,110458;"SPRF-RJ";"DEL02-RJ";"UOP02-DEL02-RJ"
130644;2018-04-27;"sexta-feira";"20:00:00";"MG";116;436,8;"ALPERCATA";"Animais na Pista";"Atropelamento de Animal";"Com Vítimas Feridas";"Plena Noite";"Decrescente";"Céu Claro";"Simples";"Reta";"Não";2;0;1;0;1;0;1;2;-19,04518235;-41,99388206;"SPRF-MG";"DEL06-MG";"UOP01-DEL06-MG"
130645;2018-04-27;"sexta-feira";"22:30:00";"PR";376;155;"MANDAGUACU";"Ingestão de Álcool";"Queda de ocupante de veículo";"Com Vítimas Feridas";"Plena Noite";"Decrescente";"Céu Claro";"Dupla";"Reta";"Não";1;0;0;1;0;0;1;1;-23,338518;-52,098457;"SPRF-PR";"DEL07-PR";"UOP01-DEL09-PR"
130646;2018-04-27;"sexta-feira";"18:35:00";"MG";381;154,8;"GOVERNADOR VALADARES";"Desobediência às normas de trânsito pelo condutor";"Colisão traseira";"Com Vítimas Feridas";"Plena Noite";"Crescente";"Céu Claro";"Simples";"Reta";"Não";2;0;0;1;1;0;1;2;-18,85596532;-41,984092;"SPRF-MG";"DEL06-MG";"UOP01-DEL06-MG"
130648;2018-04-27;"sexta-feira";"22:00:00";"MA";222;672;"ACAILANDIA";"Animais na Pista";"Atropelamento de Animal";"Com Vítimas Feridas";"Plena Noite";"Decrescente";"Céu Claro";"Simples";"Reta";"Não";2;0;1;1;0;0;2;1;-4,93700811;-47,45862007;"SPRF-MA";"DEL04-MA";"UOP03-DEL04-MA"
130649;2018-04-27;"sexta-feira";"17:00:00";"MA";316;324;"OLHO DAGUA DAS CUNHAS";"Pista Escorregadia";"Saída de leito carroçável";"Com Vítimas Fatais";"Pleno dia";"Crescente";"Garoa/Chuvisco";"Simples";"Reta";"Não";2;2;0;0;0;0;0;1;-4,08531;-45,048885;"SPRF-MA";"DEL02-MA";"DEL18/2-UOP03/MA"
130650;2018-04-27;"sexta-feira";"22:35:00";"SP";153;73;"SAO JOSE DO RIO PRETO";"Falta de Atenção à Condução";"Colisão transversal";"Com Vítimas Feridas";"Plena Noite";"Crescente";"Céu Claro";"Simples";"Reta";"Sim";3;0;1;0;2;0;1;2;-20,876249;-49,420029;"SPRF-SP";"DEL09-SP";"UOP01-DEL09-SP"
130651;2018-04-27;"sexta-feira";"22:45:00";"MG";50;85,5;"UBERLANDIA";"Falta de Atenção à Condução";"Saída de leito carroçável";"Com Vítimas Feridas";"Plena Noite";"Decrescente";"Céu Claro";"Dupla";"Reta";"Não";5;0;2;1;2;0;3;1;-19,01134667;-48,20797563;"SPRF-MG";"DEL15-MG";"UOP01-DEL15-MG"
130652;2018-04-27;"sexta-feira";"22:30:00";"SP";116;307;"SAO LOURENCO DA SERRA";"Falta de Atenção à Condução";"Atropelamento de Pedestre";"Com Vítimas Feridas";"Plena Noite";"Decrescente";"Céu Claro";"Dupla";"Reta";"Não";3;0;0;1;0;2;1;2;-23,85104693;-46,93873018;"SPRF-SP";"DEL04-SP";"UOP01-DEL04-SP"
130654;2018-04-27;"sexta-feira";"22:40:00";"SC";470;68,8;"INDAIAL";"Desobediência às normas de trânsito pelo condutor";"Colisão transversal";"Com Vítimas Feridas";"Plena Noite";"Decrescente";"Nublado";"Simples";"Reta";"Sim";3;0;0;2;1;0;2;2;-26,87153058;-49,23000187;"SPRF-SC";"DEL04-SC";"UOP01-DEL04-SC"
130655;2018-04-27;"sexta-feira";"23:00:00";"RJ";40;109;"DUQUE DE CAXIAS";"Falta de Atenção à Condução";"Colisão lateral";"Com Vítimas Feridas";"Plena Noite";"Crescente";"Céu Claro";"Múltipla";"Reta";"Sim";2;0;1;0;1;0;1;2;-22,6836;-43,2852;"SPRF-RJ";"DEL01-RJ";"UOP01-DEL01-RJ"
130657;2018-04-27;"sexta-feira";"18:15:00";"RO";364;346;"JI-PARANA";"Falta de Atenção à Condução";"Colisão traseira";"Com Vítimas Feridas";"Plena Noite";"Crescente";"Céu Claro";"Simples";"Reta";"Sim";2;0;1;0;1;0;1;2;-10,86337886;-61,97246075;"SPRF-RO";"DEL02-RO";"UOP01-DEL02-RO"
130658;2018-04-27;"sexta-feira";"18:43:00";"RO";364;342;"JI-PARANA";"Falta de Atenção à Condução";"Colisão traseira";"Com Vítimas Feridas";"Plena Noite";"Crescente";"Céu Claro";"Dupla";"Aclive";"Sim";3;0;0;2;1;0;2;2;-10,88013154;-61,94319248;"SPRF-RO";"DEL02-RO";"UOP01-DEL02-RO"
130659;2018-04-27;"sexta-feira";"19:30:00";"RO";364;340;"JI-PARANA";"Falta de Atenção à Condução";"Queda de ocupante de veículo";"Com Vítimas Feridas";"Plena Noite";"Decrescente";"Céu Claro";"Dupla";"Reta";"Sim";1;0;1;0;0;0;1;1;-10,89235302;-61,93070412;"SPRF-RO";"DEL02-RO";"UOP01-DEL02-RO"
130660;2018-04-27;"sexta-feira";"22:00:00";"RO";364;712,3;"PORTO VELHO";"Ingestão de Álcool";"Colisão traseira";"Sem Vítimas";"Plena Noite";"Crescente";"Céu Claro";"Dupla";"Reta";"Sim";2;0;0;0;2;0;0;2;-8,77332263;-63,87900186;"SPRF-RO";"DEL01-RO";"UOP01-DEL01-RO"
130661;2018-04-27;"sexta-feira";"17:40:00";"MA";135;168;"SAO MATEUS DO MARANHAO";"Defeito na Via";"Colisão frontal";"Com Vítimas Fatais";"Anoitecer";"Crescente";"Ignorado";"Simples";"Reta";"Não";4;2;0;1;1;0;1;2;-4,00879496;-44,46922302;"SPRF-MA";"DEL01-MA";"UOP02-DEL01-MA"
130663;2018-04-27;"sexta-feira";"22:50:00";"MS";163;422,6;"CAMPO GRANDE";"Desobediência às normas de trânsito pelo condutor";"Colisão transversal";"Com Vítimas Feridas";"Plena Noite";"Crescente";"Céu Claro";"Simples";"Reta";"Sim";3;0;1;0;2;0;1;2;-20,968694;-54,503151;"SPRF-MS";"DEL01-MS";"UOP01-DEL01-MS"
130665;2018-04-27;"sexta-feira";"23:00:00";"BA";324;607,1;"SIMOES FILHO";"Falta de Atenção à Condução";"Capotamento";"Com Vítimas Feridas";"Plena Noite";"Decrescente";"Chuva";"Múltipla";"Reta";"Não";4;0;3;0;1;0;3;1;-12,77602937;-38,41767099;"SPRF-BA";"DEL01-BA";"UOP01-DEL01-BA"
130666;2018-04-27;"sexta-feira";"23:40:00";"MG";116;525;"UBAPORANGA";"Falta de Atenção à Condução";"Colisão traseira";"Com Vítimas Feridas";"Plena Noite";"Decrescente";"Céu Claro";"Simples";"Curva";"Não";1;0;1;0;0;0;1;1;-19,67103929;-42,11677551;"SPRF-MG";"DEL06-MG";"UOP02-DEL06-MG"
130668;2018-04-28;"sábado";"01:30:00";"SP";116;219,3;"GUARULHOS";"Falta de Atenção à Condução";"Colisão traseira";"Sem Vítimas";"Plena Noite";"Crescente";"Nublado";"Múltipla";"Reta";"Não";2;0;0;0;2;0;0;2;-23,464242;-46,49797;"SPRF-SP";"DEL01-SP";"UOP01-DEL01-SP"
130669;2018-04-28;"sábado";"00:05:00";"CE";20;415;"MARACANAU";"Desobediência às normas de trânsito pelo condutor";"Colisão lateral";"Com Vítimas Feridas";"Plena Noite";"Crescente";"Nublado";"Simples";"Reta";"Não";2;0;0;1;1;0;1;2;-3,8362584;-38,60768;"SPRF-CE";"DEL01-CE";"UOP02-DEL01-CE"
130670;2018-04-28;"sábado";"01:30:00";"PR";376;386,7;"IMBAU";"Ingestão de Álcool";"Colisão frontal";"Sem Vítimas";"Plena Noite";"Decrescente";"Céu Claro";"Dupla";"Reta";"Sim";2;0;0;0;1;1;0;2;-24,45341492;-50,75628608;"SPRF-PR";"DEL03-PR";"UOP02-DEL03-PR"
130671;2018-04-28;"sábado";"02:04:00";"SC";101;205,8;"SAO JOSE";"Ingestão de Álcool";"Colisão com objeto estático";"Com Vítimas Feridas";"Plena Noite";"Crescente";"Nublado";"Múltipla";"Reta";"Sim";1;0;0;1;0;0;1;1;-27,58919319;-48,61757929;"SPRF-SC";"DEL01-SC";"UOP01-DEL01-SC"
130673;2018-04-27;"sexta-feira";"20:05:00";"MG";365;342;"VARJAO DE MINAS";"Falta de Atenção à Condução";"Colisão com objeto estático";"Com Vítimas Feridas";"Plena Noite";"Crescente";"Ignorado";"Simples";"Curva";"Não";4;0;1;0;3;0;1;1;-18,36856;-46,02378;"SPRF-MG";"DEL10-MG";"UOP01-DEL10-MG"
130674;2018-04-28;"sábado";"02:50:00";"PR";272;371,7;"CAMPO MOURAO";"Condutor Dormindo";"Colisão frontal";"Com Vítimas Feridas";"Plena Noite";"Decrescente";"Nublado";"Simples";"Reta";"Não";4;0;3;0;1;0;3;2;-24,0696936;-52,4434109;"SPRF-PR";"DEL04-PR";"UOP03-DEL09-PR"
130677;2018-04-28;"sábado";"03:00:00";"RJ";116;76;"TERESOPOLIS";"Desobediência às normas de trânsito pelo condutor";"Colisão transversal";"Com Vítimas Feridas";"Plena Noite";"Crescente";"Céu Claro";"Simples";"Curva";"Sim";4;0;2;1;1;0;3;2;-22,382133;-42,954985;"SPRF-RJ";"DEL04-RJ";"UOP01-DEL04-RJ"
130678;2018-04-28;"sábado";"03:00:00";"RS";116;302,7;"GUAIBA";"Sinalização da via insuficiente ou inadequada";"Saída de leito carroçável";"Com Vítimas Feridas";"Plena Noite";"Decrescente";"Céu Claro";"Dupla";"Desvio Temporário";"Não";1;0;1;0;0;0;1;1;-30,142868;-51,361419;"SPRF-RS";"DEL02-RS";"UOP01-DEL02-RS"
130679;2018-04-28;"sábado";"01:20:00";"SC";470;24,4;"ILHOTA";"Falta de Atenção à Condução";"Colisão transversal";"Com Vítimas Feridas";"Plena Noite";"Decrescente";"Céu Claro";"Simples";"Reta";"Não";2;0;1;0;1;0;1;2;-26,88104312;-48,84418488;"SPRF-SC";"DEL04-SC";"UOP04-DEL04-SC"
130680;2018-04-28;"sábado";"03:00:00";"RJ";116;237;"PIRAI";"Falta de Atenção à Condução";"Capotamento";"Com Vítimas Feridas";"Plena Noite";"Crescente";"Céu Claro";"Dupla";"Reta";"Não";1;0;1;0;0;0;1;1;-22,62476;-43,91657;"SPRF-RJ";"DEL07-RJ";"UOP01-DEL07-RJ"
130681;2018-04-28;"sábado";"02:00:00";"PR";277;206,4;"PALMEIRA";"Ingestão de Álcool";"Saída de leito carroçável";"Sem Vítimas";"Plena Noite";"Crescente";"Céu Claro";"Simples";"Curva";"Não";1;0;0;0;0;1;0;1;-25,459446;-50,332966;"SPRF-PR";"DEL03-PR";"UOP02-DEL08-PR"
130683;2018-04-28;"sábado";"04:30:00";"MG";116;582,6;"MANHUACU";"Ingestão de Álcool";"Colisão traseira";"Sem Vítimas";"Plena Noite";"Decrescente";"Céu Claro";"Simples";"Reta";"Não";3;0;0;0;3;0;0;2;-20,19825166;-42,18338013;"SPRF-MG";"DEL06-MG";"UOP03-DEL06-MG"
130684;2018-04-28;"sábado";"02:35:00";"AM";174;911;"MANAUS";"Objeto estático sobre o leito carroçável";"Colisão com objeto estático";"Sem Vítimas";"Plena Noite";"Decrescente";"Nublado";"Simples";"Aclive;Reta";"Não";3;0;0;0;3;0;0;3;-2,69066088;-60,04852295;"SPRF-AM";"DEL01-AM";"UOP01-DEL01-AM"
130685;2018-04-28;"sábado";"03:30:00";"BA";367;42;"PORTO SEGURO";"Ingestão de Álcool";"Colisão frontal";"Com Vítimas Feridas";"Amanhecer";"Crescente";"Chuva";"Simples";"Reta";"Não";2;0;2;0;0;0;2;2;-16,62531431;-39,10693333;"SPRF-BA";"DEL09-BA";"UOP01-DEL09-BA"
130687;2018-04-27;"sexta-feira";"23:30:00";"RJ";101;139;"CARAPEBUS";"Falta de Atenção à Condução";"Colisão traseira";"Sem Vítimas";"Plena Noite";"Crescente";"Ignorado";"Dupla";"Reta";"Não";3;0;0;0;1;2;0;2;-22,171638;-41,743305;"SPRF-RJ";"DEL02-RJ";"UOP04-DEL08-RJ"
130688;2018-04-28;"sábado";"03:00:00";"MG";381;590,5;"CARMOPOLIS DE MINAS";"Agressão Externa";"Colisão frontal";"Com Vítimas Feridas";"Plena Noite";"Decrescente";"Nublado";"Dupla";"Curva";"Sim";2;0;1;0;0;1;1;2;-20,5487;-44,6589;"SPRF-MG";"DEL04-MG";"UOP01-DEL04-MG"
130690;2018-04-27;"sexta-feira";"23:30:00";"PR";163;13,1;"BARRACAO";"Ultrapassagem Indevida";"Colisão frontal";"Com Vítimas Feridas";"Plena Noite";"Decrescente";"Céu Claro";"Simples";"Curva";"Não";5;0;2;3;0;0;5;3;-26,221397;-53,641902;"SPRF-PR";"DEL02-PR";"UOP02-DEL02-PR"
130691;2018-04-28;"sábado";"05:50:00";"SC";282;3,6;"SAO JOSE";"Ingestão de Álcool";"Tombamento";"Com Vítimas Feridas";"Plena Noite";"Decrescente";"Céu Claro";"Dupla";"Reta";"Sim";1;0;1;0;0;0;1;1;-27,600384;-48,599705;"SPRF-SC";"DEL01-SC";"UOP01-DEL01-SC"
130694;2018-04-28;"sábado";"05:15:00";"SC";116;53;"PAPANDUVA";"Ingestão de Álcool";"Saída de leito carroçável";"Com Vítimas Feridas";"Plena Noite";"Crescente";"Céu Claro";"Simples";"Reta";"Não";4;0;4;0;0;0;4;1;-26,39325;-50,155151;"SPRF-SC";"DEL06-SC";"UOP01-DEL06-SC"
130695;2018-04-28;"sábado";"05:50:00";"SC";101;200,3;"SAO JOSE";"Velocidade Incompatível";"Saída de leito carroçável";"Com Vítimas Feridas";"Amanhecer";"Decrescente";"Céu Claro";"Dupla";"Declive";"Sim";1;0;1;0;0;0;1;1;-27,5485;-48,6196;"SPRF-SC";"DEL01-SC";"UOP01-DEL01-SC"
130696;2018-04-28;"sábado";"04:50:00";"RN";101;117,9;"SAO JOSE DE MIPIBU";"Condutor Dormindo";"Capotamento";"Com Vítimas Feridas";"Amanhecer";"Crescente";"Sol";"Dupla";"Reta";"Não";1;0;1;0;0;0;1;1;-6,01500988;-35,25399473;"SPRF-RN";"DEL01-RN";"UOP01-DEL01-RN"
130697;2018-04-28;"sábado";"05:50:00";"PR";277;71;"SAO JOSE DOS PINHAIS";"Falta de Atenção à Condução";"Saída de leito carroçável";"Sem Vítimas";"Amanhecer";"Decrescente";"Céu Claro";"Dupla";"Reta";"Sim";1;0;0;0;1;0;0;1;-25,50100278;-49,15238813;"SPRF-PR";"DEL01-PR";"UOP01-DEL01-PR"
130698;2018-04-28;"sábado";"04:35:00";"SP";116;276,4;"EMBU DAS ARTES";"Falta de Atenção à Condução";"Colisão com objeto estático";"Com Vítimas Feridas";"Plena Noite";"Crescente";"Nublado";"Dupla";"Reta";"Sim";4;0;2;0;1;1;2;1;-23,62494995;-46,81631148;"SPRF-SP";"DEL04-SP";"UOP01-DEL04-SP"
130699;2018-04-28;"sábado";"06:30:00";"RS";158;355,4;"SANTA MARIA";"Fenômenos da Natureza";"Colisão traseira";"Com Vítimas Feridas";"Plena Noite";"Crescente";"Nevoeiro/Neblina";"Simples";"Reta;Aclive";"Não";2;0;1;1;0;0;2;2;-29,766397;-54,062675;"SPRF-RS";"DEL09-RS";"UOP01-DEL09-RS"
130701;2018-04-28;"sábado";"06:50:00";"PA";316;14,9;"MARITUBA";"Não guardar distância de segurança";"Colisão traseira";"Com Vítimas Feridas";"Pleno dia";"Crescente";"Céu Claro";"Dupla";"Reta";"Sim";2;0;1;0;1;0;1;2;-1,36620925;-48,31362247;"SPRF-PA";"DEL01-PA";"DEL19/1-UOP05/PA"
130703;2018-04-28;"sábado";"05:20:00";"GO";153;443;"ANAPOLIS";"Ingestão de Álcool";"Colisão frontal";"Com Vítimas Feridas";"Plena Noite";"Crescente";"Céu Claro";"Dupla";"Aclive;Reta";"Não";3;0;1;0;2;0;1;2;-16,32701742;-48,92232299;"SPRF-GO";"DEL02-GO";"UOP01-DEL02-GO"
130704;2018-04-27;"sexta-feira";"19:15:00";"RO";364;803;"PORTO VELHO";"Deficiência ou não Acionamento do Sistema de Iluminação/Sinalização do Veículo";"Colisão traseira";"Com Vítimas Feridas";"Plena Noite";"Decrescente";"Céu Claro";"Simples";"Reta";"Não";3;0;3;0;0;0;3;2;-9,25861655;-64,43241656;"SPRF-RO";"DEL01-RO";"UOP02-DEL01-RO"
130705;2018-04-28;"sábado";"06:55:00";"DF";70;16,2;"BRASILIA";"Ingestão de Álcool";"Colisão com objeto estático";"Com Vítimas Feridas";"Amanhecer";"Decrescente";"Céu Claro";"Dupla";"Rotatória";"Não";2;0;1;0;1;0;1;1;-15,79551589;-48,19569781;"SPRF-DF";"DEL01-DF";"UOP02-DEL03-DF"
130706;2018-04-27;"sexta-feira";"14:32:00";"MG";251;521,6;"MONTES CLAROS";"Falta de Atenção à Condução";"Colisão traseira";"Sem Vítimas";"Pleno dia";"Decrescente";"Céu Claro";"Simples";"Reta";"Não";2;0;0;0;2;0;0;2;-16,6699;-43,7914;"SPRF-MG";"DEL12-MG";"UOP01-DEL12-MG"
130708;2018-04-28;"sábado";"07:40:00";"RS";285;208,5;"LAGOA VERMELHA";"Desobediência às normas de trânsito pelo condutor";"Colisão transversal";"Com Vítimas Feridas";"Pleno dia";"Crescente";"Céu Claro";"Simples";"Interseção de Vias";"Não";6;0;2;0;4;0;2;2;-28,22411993;-51,61080301;"SPRF-RS";"DEL08-RS";"UOP05-DEL08-RS"
130709;2018-04-28;"sábado";"07:00:00";"DF";20;10;"BRASILIA";"Falta de Atenção à Condução";"Tombamento";"Com Vítimas Feridas";"Pleno dia";"Decrescente";"Céu Claro";"Dupla";"Reta";"Sim";1;0;1;0;0;0;1;1;-15,64998209;-47,77370453;"SPRF-DF";"DEL02-DF";"UOP01-DEL02-DF"
130710;2018-04-28;"sábado";"07:30:00";"SC";282;15,6;"PALHOCA";"Falta de Atenção à Condução";"Colisão transversal";"Com Vítimas Feridas";"Pleno dia";"Crescente";"Céu Claro";"Simples";"Rotatória";"Sim";2;0;0;1;0;1;1;2;-27,6556638;-48,67917001;"SPRF-SC";"DEL01-SC";"UOP02-DEL01-SC"
130711;2018-04-28;"sábado";"02:30:00";"SP";101;43,6;"UBATUBA";"Falta de Atenção à Condução";"Saída de leito carroçável";"Sem Vítimas";"Plena Noite";"Decrescente";"Céu Claro";"Simples";"Reta";"Sim";1;0;0;0;0;1;0;1;-23,412197;-45,057377;"SPRF-SP";"DEL06-SP";"UOP01-DEL06-SP"
130714;2018-04-28;"sábado";"08:15:00";"GO";60;64,4;"ABADIANIA";"Defeito Mecânico no Veículo";"Saída de leito carroçável";"Com Vítimas Feridas";"Pleno dia";"Crescente";"Céu Claro";"Dupla";"Curva;Declive";"Não";5;0;1;3;0;1;4;2;-16,1993;-48,7348;"SPRF-GO";"DEL02-GO";"UOP01-DEL02-GO"
130715;2018-04-28;"sábado";"07:56:00";"PI";343;348,3;"TERESINA";"Falta de Atenção à Condução";"Colisão transversal";"Sem Vítimas";"Pleno dia";"Decrescente";"Sol";"Simples";"Retorno Regulamentado";"Sim";2;0;0;0;2;0;0;2;-5,12069473;-42,78900146;"SPRF-PI";"DEL01-PI";"UOP01-DEL01-PI"
130716;2018-04-28;"sábado";"08:50:00";"RN";110;47,7;"MOSSORO";"Não guardar distância de segurança";"Colisão traseira";"Com Vítimas Feridas";"Pleno dia";"Crescente";"Sol";"Simples";"Reta";"Sim";4;0;1;0;1;2;1;3;-5,207;-37,331;"SPRF-RN";"DEL04-RN";"UOP01-DEL04-RN"
130718;2018-04-28;"sábado";"08:40:00";"SC";101;187;"BIGUACU";"Defeito Mecânico no Veículo";"Queda de ocupante de veículo";"Com Vítimas Feridas";"Pleno dia";"Crescente";"Sol";"Dupla";"Reta";"Não";1;0;1;0;0;0;1;1;-27,4514;-48,6336;"SPRF-SC";"DEL01-SC";"UOP01-DEL01-SC"
130719;2018-04-28;"sábado";"08:15:00";"MG";262;423,8;"IGARATINGA";"Falta de Atenção à Condução";"Saída de leito carroçável";"Com Vítimas Feridas";"Pleno dia";"Crescente";"Sol";"Simples";"Reta";"Não";2;0;2;0;0;0;2;1;-19,89080878;-44,80946392;"SPRF-MG";"DEL08-MG";"UOP03-DEL08-MG"
130720;2018-04-28;"sábado";"08:00:00";"MS";163;108;"ITAQUIRAI";"Avarias e/ou desgaste excessivo no pneu";"Queda de ocupante de veículo";"Com Vítimas Feridas";"Pleno dia";"Decrescente";"Céu Claro";"Dupla";"Reta";"Não";2;0;2;0;0;0;2;1;-23,21242887;-54,21043754;"SPRF-MS";"DEL09-MS";"UOP01-DEL09-MS"
130721;2018-04-28;"sábado";"09:08:00";"PR";369;173;"ROLANDIA";"Desobediência às normas de trânsito pelo condutor";"Colisão transversal";"Com Vítimas Feridas";"Pleno dia";"Crescente";"Céu Claro";"Simples";"Reta";"Sim";2;0;1;0;1;0;1;2;-23,30913356;-51,36854941;"SPRF-PR";"DEL07-PR";"UOP01-DEL07-PR"
130722;2018-04-28;"sábado";"05:00:00";"MT";163;910;"ITAUBA";"Condutor Dormindo";"Capotamento";"Com Vítimas Feridas";"Amanhecer";"Crescente";"Céu Claro";"Simples";"Reta";"Não";1;0;1;0;0;0;1;1;-11,24580852;-55,30736446;"SPRF-MT";"DEL06-MT";"UOP02-DEL06-MT"
130723;2018-04-28;"sábado";"06:50:00";"SP";116;143;"SAO JOSE DOS CAMPOS";"Falta de Atenção à Condução";"Colisão traseira";"Com Vítimas Feridas";"Pleno dia";"Decrescente";"Sol";"Dupla";"Reta";"Sim";9;0;3;0;6;0;3;6;-23,170076;-45,820972;"SPRF-SP";"DEL06-SP";"UOP02-DEL02-SP"
130730;2018-04-28;"sábado";"09:00:00";"GO";153;305,8;"RIALMA";"Falta de Atenção à Condução";"Saída de leito carroçável";"Com Vítimas Feridas";"Pleno dia";"Decrescente";"Céu Claro";"Simples";"Aclive";"Não";2;0;1;0;0;1;1;2;-15,345517;-49,568749;"SPRF-GO";"DEL02-GO";"UOP02-DEL02-GO"
130731;2018-04-28;"sábado";"10:15:00";"MG";381;263;"CORONEL FABRICIANO";"Velocidade Incompatível";"Saída de leito carroçável";"Com Vítimas Feridas";"Pleno dia";"Decrescente";"Céu Claro";"Simples";"Curva";"Não";2;0;1;0;1;0;1;1;-19,53541886;-42,59188056;"SPRF-MG";"DEL03-MG";"UOP02-DEL03-MG"
130732;2018-04-28;"sábado";"10:15:00";"MG";262;790;"UBERABA";"Falta de Atenção à Condução";"Tombamento";"Sem Vítimas";"Pleno dia";"Decrescente";"Céu Claro";"Simples";"Reta";"Não";1;0;0;0;1;0;0;1;-19,76155417;-47,79912818;"SPRF-MG";"DEL13-MG";"UOP01-DEL13-MG"
130733;2018-04-28;"sábado";"10:35:00";"RS";285;454,4;"IJUI";"Não guardar distância de segurança";"Colisão frontal";"Com Vítimas Feridas";"Pleno dia";"Crescente";"Sol";"Simples";"Reta";"Não";5;0;5;0;0;0;5;2;-28,377092;-53,87043;"SPRF-RS";"DEL10-RS";"UOP01-DEL10-RS"
130734;2018-04-28;"sábado";"09:45:00";"PA";316;61,2;"CASTANHAL";"Desobediência às normas de trânsito pelo condutor";"Colisão traseira";"Com Vítimas Feridas";"Pleno dia";"Crescente";"Garoa/Chuvisco";"Dupla";"Reta";"Sim";7;0;1;0;6;0;1;2;-1,29776705;-47,93703496;"SPRF-PA";"DEL01-PA";"UOP01-DEL01-PA"