"id";"data_inversa";"dia_semana";"horario";"uf";"br";"km";"municipio";"causa_acidente";"tipo_acidente";"classificacao_acidente";"fase_dia";"sentido_via";"condicao_metereologica";"tipo_pista";"tracado_via";"uso_solo";"pessoas";"mortos";"feridos_leves";"feridos_graves";"ilesos";"ignorados";"feridos";"veiculos";"latitude";"longitude";"regional";"delegacia";"uop"
130737;2018-04-28;"sábado";"10:35:00";"RJ";116;68,9;"TERESOPOLIS";"Falta de Atenção à Condução";"Colisão lateral";"Com Vítimas Feridas";"Pleno dia";"Decrescente";"Sol";"Simples";"Reta";"Não";2;0;1;0;1;0;1;2;-22,330543;-42,938547;"SPRF-RJ";"DEL04-RJ";"UOP01-DEL04-RJ"
130738;2018-04-06;"sexta-feira";"06:20:00";"CE";20;241,3;"MADALENA";"Defeito na Via";"Saída de leito carroçável";"Com Vítimas Feridas";"Pleno dia";"Crescente";"Céu Claro";"Simples";"Reta";"Sim";2;0;2;0;0;0;2;1;-4,83649159;-39,56229329;"SPRF-CE";"DEL02-CE";"UOP02-DEL02-CE"
130740;2018-04-28;"sábado";"10:15:00";"SC";101;21;"JOINVILLE";"Falta de Atenção à Condução";"Colisão lateral";"Com Vítimas Feridas";"Pleno dia";"Crescente";"Céu Claro";"Dupla";"Curva";"Não";3;0;2;0;1;0;2;2;-26,1569;-48,9077;"SPRF-SC";"DEL03-SC";"UOP01-DEL03-SC"
130741;2018-04-28;"sábado";"04:20:00";"SC";282;433;"VARGEM BONITA";"Falta de Atenção à Condução";"Colisão frontal";"Com Vítimas Feridas";"Plena Noite";"Crescente";"Céu Claro";"Simples";"Reta";"Não";3;0;3;0;0;0;3;2;-26,97226153;-51,84714317;"SPRF-SC";"DEL07-SC";"UOP05-DEL07-SC"
130743;2018-04-28;"sábado";"08:00:00";"SC";116;181,4;"SAO CRISTOVAO DO SUL";"Velocidade Incompatível";"Saída de leito carroçável";"Sem Vítimas";"Pleno dia";"Decrescente";"Sol";"Simples";"Reta";"Não";1;0;0;0;1;0;0;1;-27,27798183;-50,43545723;"SPRF-SC";"DEL05-SC";"UOP03-DEL05-SC"
130744;2018-04-28;"sábado";"11:00:00";"MG";381;740,6;"TRES CORACOES";"Falta de Atenção à Condução";"Colisão com objeto estático";"Com Vítimas Feridas";"Pleno dia";"Decrescente";"Céu Claro";"Dupla";"Reta";"Não";2;0;2;0;0;0;2;1;-21,58739166;-45,2377671;"SPRF-MG";"DEL16-MG";"UOP02-DEL16-MG"
130747;2018-04-28;"sábado";"11:25:00";"ES";101;147;"LINHARES";"Desobediência às normas de trânsito pelo condutor";"Queda de ocupante de veículo";"Com Vítimas Feridas";"Pleno dia";"Decrescente";"Céu Claro";"Dupla";"Reta";"Sim";1;0;0;1;0;0;1;1;-19,37961076;-40,06646276;"SPRF-ES";"DEL04-ES";"UOP01-DEL04-ES"
130750;2018-04-28;"sábado";"09:45:00";"MS";158;72;"PARANAIBA";"Falta de Atenção à Condução";"Colisão traseira";"Com Vítimas Feridas";"Pleno dia";"Decrescente";"Céu Claro";"Simples";"Reta;Aclive";"Não";3;0;1;0;2;0;1;2;-19,52873014;-51,27044678;"SPRF-MS";"DEL08-MS";"UOP01-DEL08-MS"
130751;2018-04-28;"sábado";"11:40:00";"RN";405;71,8;"APODI";"Desobediência às normas de trânsito pelo condutor";"Colisão traseira";"Com Vítimas Feridas";"Pleno dia";"Crescente";"Céu Claro";"Simples";"Reta";"Não";3;0;2;0;1;0;2;2;-5,62;-37,79;"SPRF-RN";"DEL04-RN";"UOP02-DEL04-RN"
130752;2018-04-28;"sábado";"11:45:00";"PE";101;14,5;"GOIANA";"Defeito Mecânico no Veículo";"Tombamento";"Com Vítimas Feridas";"Pleno dia";"Decrescente";"Sol";"Dupla";"Reta";"Não";2;0;2;0;0;0;2;1;-7,6261;-34,9666;"SPRF-PE";"DEL01-PE";"UOP02-DEL01-PE"
130754;2018-04-02;"segunda-feira";"16:30:00";"PB";230;47;"SANTA RITA";"Ingestão de Álcool";"Colisão traseira";"Com Vítimas Feridas";"Pleno dia";"Crescente";"Céu Claro";"Dupla";"Reta";"Não";2;0;1;0;1;0;1;2;-7,1685;-35,032;"SPRF-PB";"DEL01-PB";"UOP03-DEL01-PB"
130755;2018-04-28;"sábado";"12:00:00";"PB";101;96,2;"CONDE";"Falta de Atenção à Condução";"Colisão lateral";"Com Vítimas Feridas";"Pleno dia";"Crescente";"Sol";"Dupla";"Retorno Regulamentado";"Sim";2;0;1;0;1;0;1;2;-7,23273113;-34,92273152;"SPRF-PB";"DEL01-PB";"UOP01-DEL01-PB"
130756;2018-04-28;"sábado";"11:30:00";"GO";153;539;"HIDROLANDIA";"Objeto estático sobre o leito carroçável";"Colisão com objeto estático";"Com Vítimas Feridas";"Pleno dia";"Crescente";"Céu Claro";"Dupla";"Reta";"Não";1;0;0;1;0;0;1;1;-17,0445;-49,2255;"SPRF-GO";"DEL01-GO";"UOP03-DEL01-GO"
130757;2018-04-28;"sábado";"11:50:00";"MG";354;768,9;"ITAMONTE";"Falta de Atenção à Condução";"Saída de leito carroçável";"Com Vítimas Feridas";"Pleno dia";"Decrescente";"Céu Claro";"Simples";"Curva";"Não";2;0;1;1;0;0;2;1;-22,35960143;-44,78199005;"SPRF-MG";"DEL05-MG";"UOP01-DEL17-MG"
130758;2018-04-28;"sábado";"12:10:00";"SP";101;48,9;"UBATUBA";"Ingestão de Álcool";"Colisão lateral";"Com Vítimas Feridas";"Pleno dia";"Crescente";"Céu Claro";"Simples";"Reta";"Sim";2;0;1;0;1;0;1;2;-23,4457072;-45,08208632;"SPRF-SP";"DEL06-SP";"UOP01-DEL06-SP"
130760;2018-04-28;"sábado";"12:27:00";"PR";277;0,1;"FOZ DO IGUACU";"Defeito Mecânico no Veículo";"Colisão lateral";"Sem Vítimas";"Pleno dia";"Crescente";"Céu Claro";"Simples";"Reta";"Sim";2;0;0;0;2;0;0;2;-25,50987;-54,59586;"SPRF-PR";"DEL05-PR";"UOP03-DEL05-PR"
130763;2018-04-28;"sábado";"12:50:00";"PR";277;110,5;"CAMPO LARGO";"Ingestão de álcool e/ou substâncias psicoativas pelo pedestre";"Colisão com objeto estático";"Sem Vítimas";"Pleno dia";"Crescente";"Céu Claro";"Dupla";"Reta";"Sim";1;0;0;0;1;0;0;1;-25,44312929;-49,45971698;"SPRF-PR";"DEL01-PR";"UOP06-DEL01-PR"
130764;2018-04-28;"sábado";"07:30:00";"SC";101;358;"SANGAO";"Falta de Atenção à Condução";"Colisão com objeto estático";"Sem Vítimas";"Pleno dia";"Crescente";"Sol";"Múltipla";"Curva";"Sim";1;0;0;0;1;0;0;1;-28,64156055;-49,10150528;"SPRF-SC";"DEL02-SC";"UOP01-DEL02-SC"
130765;2018-04-28;"sábado";"12:45:00";"SP";116;123;"CACAPAVA";"Desobediência às normas de trânsito pelo condutor";"Colisão traseira";"Com Vítimas Feridas";"Pleno dia";"Decrescente";"Sol";"Dupla";"Reta";"Não";3;0;2;0;1;0;2;2;-23,087582;-45,669758;"SPRF-SP";"DEL06-SP";"UOP02-DEL02-SP"
130766;2018-04-28;"sábado";"12:40:00";"SP";116;123;"CACAPAVA";"Falta de Atenção à Condução";"Colisão com objeto estático";"Com Vítimas Feridas";"Pleno dia";"Decrescente";"Céu Claro";"Dupla";"Reta";"Não";2;0;0;1;1;0;1;1;-23,087582;-45,669758;"SPRF-SP";"DEL06-SP";"UOP02-DEL02-SP"
130767;2018-04-28;"sábado";"11:35:00";"SP";381;50,1;"ATIBAIA";"Não guardar distância de segurança";"Colisão traseira";"Com Vítimas Feridas";"Pleno dia";"Decrescente";"Céu Claro";"Dupla";"Reta";"Sim";7;0;2;0;5;0;2;5;-23,21579983;-46,59423933;"SPRF-SP";"DEL03-SP";"UOP01-DEL03-SP"
130768;2018-04-28;"sábado";"12:40:00";"SC";101;68,3;"ARAQUARI";"Não guardar distância de segurança";"Engavetamento";"Com Vítimas Feridas";"Pleno dia";"Crescente";"Nublado";"Dupla";"Reta";"Não";6;0;0;1;5;0;1;5;-26,50053379;-48,72976519;"SPRF-SC";"DEL03-SC";"UOP02-DEL03-SC"
130769;2018-04-28;"sábado";"12:50:00";"PR";116;9;"COLOMBO";"Ingestão de Álcool";"Colisão com objeto estático";"Sem Vítimas";"Pleno dia";"Crescente";"Céu Claro";"Dupla";"Reta";"Sim";1;0;0;0;1;0;0;1;-25,37075544;-49,12472487;"SPRF-PR";"DEL01-PR";"UOP02-DEL01-PR"
130770;2018-04-28;"sábado";"12:30:00";"AL";101;137;"SAO MIGUEL DOS CAMPOS";"Falta de Atenção à Condução";"Colisão traseira";"Sem Vítimas";"Pleno dia";"Decrescente";"Nublado";"Simples";"Reta";"Sim";2;0;0;0;2;0;0;2;-9,79710486;-36,10949636;"SPRF-AL";"DEL02-AL";"UOP01-DEL02-AL"
130772;2018-04-28;"sábado";"12:25:00";"MT";163;786,9;"VERA";"Desobediência às normas de trânsito pelo condutor";"Colisão transversal";"Com Vítimas Feridas";"Pleno dia";"Crescente";"Céu Claro";"Simples";"Interseção de Vias";"Não";3;0;0;2;1;0;2;2;-12,28720391;-55,56221724;"SPRF-MT";"DEL06-MT";"UOP01-DEL06-MT"
130773;2018-04-28;"sábado";"12:00:00";"MT";364;335,2;"SANTO ANTONIO DO LEVERGER";"Pista Escorregadia";"Saída de leito carroçável";"Com Vítimas Feridas";"Pleno dia";"Decrescente";"Chuva";"Dupla";"Curva";"Sim";5;0;4;0;1;0;4;1;-15,826958;-55,450573;"SPRF-MT";"DEL02-MT";"UOP02-DEL05-MT"
130774;2018-04-28;"sábado";"12:30:00";"BA";324;617;"SALVADOR";"Ingestão de Álcool";"Colisão traseira";"Com Vítimas Feridas";"Pleno dia";"Decrescente";"Sol";"Dupla";"Reta";"Sim";2;0;1;0;1;0;1;2;-12,891711;-38,445725;"SPRF-BA";"DEL01-BA";"UOP01-DEL01-BA"
130775;2018-04-28;"sábado";"12:15:00";"MS";267;418;"MARACAJU";"Falta de Atenção à Condução";"Saída de leito carroçável";"Com Vítimas Feridas";"Pleno dia";"Decrescente";"Céu Claro";"Simples";"Reta";"Não";1;0;1;0;0;0;1;1;-21,58848905;-55,64849854;"SPRF-MS";"DEL05-MS";"UOP01-DEL05-MS"
130776;2018-04-28;"sábado";"10:50:00";"MA";135;5;"SAO LUIS";"Não guardar distância de segurança";"Colisão traseira";"Com Vítimas Feridas";"Pleno dia";"Decrescente";"Céu Claro";"Dupla";"Reta";"Sim";3;0;1;0;2;0;1;3;-2,621546;-44,258041;"SPRF-MA";"DEL01-MA";"UOP01-DEL01-MA"
130777;2018-04-28;"sábado";"13:50:00";"GO";20;46;"FORMOSA";"Ingestão de Álcool";"Saída de leito carroçável";"Sem Vítimas";"Pleno dia";"Decrescente";"Céu Claro";"Simples";"Reta";"Não";1;0;0;0;1;0;0;1;-15,359612;-47,111183;"SPRF-DF";"DEL02-DF";"UOP01-DEL02-DF"
130778;2018-04-28;"sábado";"13:45:00";"GO";40;113;"CRISTALINA";"Condutor Dormindo";"Capotamento";"Com Vítimas Feridas";"Pleno dia";"Decrescente";"Sol";"Dupla";"Reta";"Não";2;0;1;0;1;0;1;1;-16,847953;-47,483787;"SPRF-DF";"DEL01-DF";"UOP02-DEL01-DF"
130779;2018-04-28;"sábado";"14:00:00";"PE";232;21,3;"MORENO";"Ingestão de Álcool";"Atropelamento de Animal";"Com Vítimas Feridas";"Pleno dia";"Decrescente";"Céu Claro";"Dupla";"Curva";"Não";3;0;1;0;2;0;1;2;-8,097457;-35,082568;"SPRF-PE";"DEL01-PE";"UOP02-DEL02PE"
130780;2018-04-28;"sábado";"13:30:00";"BA";116;824;"VITORIA DA CONQUISTA";"Desobediência às normas de trânsito pelo condutor";"Colisão lateral";"Com Vítimas Feridas";"Pleno dia";"Decrescente";"Céu Claro";"Dupla";"Reta";"Sim";2;0;1;0;1;0;1;2;-14,86037927;-40,8496356;"SPRF-BA";"DEL08-BA";"UOP01-DEL08-BA"
130782;2018-04-14;"sábado";"08:20:00";"PB";230;23,5;"JOAO PESSOA";"Falta de Atenção à Condução";"Colisão traseira";"Com Vítimas Feridas";"Pleno dia";"Decrescente";"Nublado";"Dupla";"Viaduto;Declive";"Sim";5;0;1;0;4;0;1;4;-7,16529975;-34,86260176;"SPRF-PB";"DEL01-PB";"UOP01-DEL01-PB"
130784;2018-04-28;"sábado";"14:00:00";"RN";405;64;"FELIPE GUERRA";"Ingestão de Álcool";"Queda de ocupante de veículo";"Com Vítimas Feridas";"Pleno dia";"Crescente";"Céu Claro";"Simples";"Reta";"Não";1;0;1;0;0;0;1;1;-5,58113394;-37,76241302;"SPRF-RN";"DEL04-RN";"UOP02-DEL04-RN"
130786;2018-04-28;"sábado";"14:20:00";"RS";448;10;"CANOAS";"Falta de Atenção à Condução";"Queda de ocupante de veículo";"Com Vítimas Feridas";"Pleno dia";"Decrescente";"Céu Claro";"Dupla";"Reta";"Não";1;0;1;0;0;0;1;1;-29,88079263;-51,23552609;"SPRF-RS";"DEL01-RS";"UOP01-DEL01-RS"
130787;2018-04-28;"sábado";"07:00:00";"MG";50;205;"DELTA";"Velocidade Incompatível";"Colisão com objeto estático";"Com Vítimas Feridas";"Pleno dia";"Crescente";"Sol";"Dupla";"Curva";"Não";34;0;12;0;22;0;12;2;-19,9743;-47,7898;"SPRF-MG";"DEL13-MG";"UOP01-DEL13-MG"
130788;2018-04-28;"sábado";"14:50:00";"CE";20;319,8;"CANINDE";"Defeito na Via";"Saída de leito carroçável";"Com Vítimas Feridas";"Pleno dia";"Crescente";"Céu Claro";"Simples";"Declive";"Não";4;0;1;0;3;0;1;1;-4,27145752;-39,22703862;"SPRF-CE";"DEL02-CE";"UOP01-DEL02-CE"
130789;2018-04-28;"sábado";"08:40:00";"MA";402;129,6;"PRIMEIRA CRUZ";"Ultrapassagem Indevida";"Colisão lateral";"Com Vítimas Fatais";"Pleno dia";"Decrescente";"Sol";"Simples";"Reta";"Não";3;1;2;0;0;0;2;2;-2,7822921;-43,31664134;"SPRF-MA";"DEL01-MA";"UOP01-DEL01-MA"
130790;2018-04-28;"sábado";"15:00:00";"SC";101;125;"ITAJAI";"Falta de Atenção à Condução";"Engavetamento";"Com Vítimas Feridas";"Pleno dia";"Crescente";"Sol";"Dupla";"Reta";"Sim";4;0;1;0;3;0;1;3;-26,9479145;-48,68372072;"SPRF-SC";"DEL04-SC";"UOP04-DEL04-SC"
130794;2018-04-28;"sábado";"14:10:00";"MS";163;244;"DOURADOS";"Falta de Atenção à Condução";"Saída de leito carroçável";"Com Vítimas Feridas";"Pleno dia";"Decrescente";"Sol";"Simples";"Reta";"Não";1;0;1;0;0;0;1;1;-22,3560294;-54,803828;"SPRF-MS";"DEL04-MS";"UOP01-DEL04-MS"
130795;2018-04-28;"sábado";"14:40:00";"SP";488;0,8;"APARECIDA";"Falta de Atenção do Pedestre";"Atropelamento de Pedestre";"Com Vítimas Feridas";"Pleno dia";"Crescente";"Céu Claro";"Dupla";"Reta";"Sim";2;0;2;0;0;0;2;2;-22,85856;-45,233116;"SPRF-SP";"DEL08-SP";"UOP01-DEL08-SP"
130799;2018-04-28;"sábado";"12:20:00";"RS";470;259,8;"SALVADOR DO SUL";"Ultrapassagem Indevida";"Colisão lateral";"Sem Vítimas";"Pleno dia";"Crescente";"Céu Claro";"Simples";"Reta";"Não";3;0;0;0;0;3;0;3;-29,46590536;-51,49025917;"SPRF-RS";"DEL06-RS";"UOP01-DEL06-RS"
130800;2018-04-28;"sábado";"14:40:00";"PR";277;726,4;"FOZ DO IGUACU";"Falta de Atenção à Condução";"Colisão frontal";"Com Vítimas Feridas";"Pleno dia";"Decrescente";"Céu Claro";"Dupla";"Rotatória";"Sim";2;0;1;0;1;0;1;2;-25,51075773;-54,55861777;"SPRF-PR";"DEL05-PR";"UOP03-DEL05-PR"
130803;2018-04-28;"sábado";"15:00:00";"MG";381;341,7;"BELA VISTA DE MINAS";"Falta de Atenção à Condução";"Colisão transversal";"Com Vítimas Feridas";"Pleno dia";"Crescente";"Sol";"Simples";"Reta";"Sim";2;0;1;0;1;0;1;2;-19,7784;-43,0437;"SPRF-MG";"DEL03-MG";"UOP01-DEL03-MG"
130804;2018-04-28;"sábado";"15:30:00";"PR";163;285;"MARECHAL CANDIDO RONDON";"Ingestão de Álcool";"Colisão com objeto estático";"Sem Vítimas";"Pleno dia";"Crescente";"Céu Claro";"Dupla";"Declive";"Sim";4;0;0;0;4;0;0;2;-24,5495;-54,0421;"SPRF-PR";"DEL06-PR";"UOP02-DEL06-PR"
130805;2018-04-28;"sábado";"15:40:00";"SP";116;222;"GUARULHOS";"Falta de Atenção à Condução";"Colisão traseira";"Com Vítimas Feridas";"Pleno dia";"Crescente";"Sol";"Múltipla";"Reta";"Sim";2;0;1;0;1;0;1;2;-23,47134308;-46,51826693;"SPRF-SP";"DEL01-SP";"UOP01-DEL01-SP"
130808;2018-04-08;"domingo";"16:00:00";"PB";104;159;"BARRA DE SANTANA";"Ingestão de Álcool";"Colisão com objeto estático";"Com Vítimas Feridas";"Pleno dia";"Decrescente";"Nublado";"Simples";"Reta";"Não";2;0;1;0;1;0;1;2;-7,51225794;-35,97473145;"SPRF-PB";"DEL02-PB";"UOP03-DEL02-PB"
130809;2018-04-28;"sábado";"16:30:00";"ES";101;259,5;"SERRA";"Falta de Atenção à Condução";"Colisão lateral";"Com Vítimas Feridas";"Pleno dia";"Crescente";"Sol";"Dupla";"Curva";"Sim";2;0;0;1;1;0;1;2;-20,14394988;-40,29094219;"SPRF-ES";"DEL02-ES";"UOP01-DEL02-ES"
130811;2018-04-28;"sábado";"15:58:00";"MS";262;326,3;"CAMPO GRANDE";"Falta de Atenção à Condução";"Queda de ocupante de veículo";"Com Vítimas Feridas";"Pleno dia";"Decrescente";"Céu Claro";"Dupla";"Reta";"Sim";1;0;1;0;0;0;1;1;-20,4677256;-54,53857374;"SPRF-MS";"DEL01-MS";"UOP01-DEL01-MS"
130812;2018-04-28;"sábado";"17:14:00";"PR";476;123;"CURITIBA";"Não guardar distância de segurança";"Colisão traseira";"Com Vítimas Feridas";"Pleno dia";"Crescente";"Garoa/Chuvisco";"Dupla";"Reta";"Sim";3;0;2;0;1;0;2;2;-25,392904;-49,209557;"SPRF-PR";"DEL01-PR";"UOP07-DEL01-PR"
130813;2018-04-28;"sábado";"17:30:00";"GO";60;371,4;"RIO VERDE";"Falta de Atenção à Condução";"Saída de leito carroçável";"Com Vítimas Feridas";"Pleno dia";"Decrescente";"Céu Claro";"Dupla";"Reta";"Não";4;0;4;0;0;0;4;1;-17,6949;-50,8414;"SPRF-GO";"DEL04-GO";"UOP01-DEL04-GO"
130817;2018-04-28;"sábado";"17:40:00";"PB";230;77,5;"RIACHAO DO POCO";"Falta de Atenção do Pedestre";"Atropelamento de Pedestre";"Com Vítimas Fatais";"Anoitecer";"Decrescente";"Céu Claro";"Dupla";"Reta";"Não";2;1;1;0;0;0;1;2;-7,1869;-35,2871;"SPRF-PB";"DEL01-PB";"UOP03-DEL01-PB"
130821;2018-04-28;"sábado";"18:00:00";"MG";50;35;"ARAGUARI";"Não guardar distância de segurança";"Colisão traseira";"Com Vítimas Feridas";"Plena Noite";"Crescente";"Nublado";"Dupla";"Reta";"Não";2;0;1;0;1;0;1;2;-18,6551;-48,1484;"SPRF-MG";"DEL15-MG";"UOP02-DEL15-MG"
130822;2018-04-28;"sábado";"18:00:00";"SC";282;5,7;"SAO JOSE";"Ingestão de Álcool";"Colisão lateral";"Com Vítimas Feridas";"Plena Noite";"Decrescente";"Céu Claro";"Dupla";"Reta;Declive";"Sim";2;0;1;0;1;0;1;2;-27,5874483;-48,61486673;"SPRF-SC";"DEL01-SC";"UOP01-DEL01-SC"
130823;2018-04-28;"sábado";"18:30:00";"MG";381;812;"CAREACU";"Velocidade Incompatível";"Saída de leito carroçável";"Com Vítimas Feridas";"Anoitecer";"Crescente";"Céu Claro";"Dupla";"Curva";"Não";3;0;2;1;0;0;3;1;-22,01079973;-45,67737579;"SPRF-MG";"DEL16-MG";"UOP02-DEL16-MG"
130824;2018-04-28;"sábado";"18:05:00";"CE";222;9;"CAUCAIA";"Ingestão de Álcool";"Atropelamento de Pedestre";"Sem Vítimas";"Plena Noite";"Crescente";"Céu Claro";"Dupla";"Reta";"Sim";1;0;0;0;1;0;0;1;-3,738875;-38,64234924;"SPRF-CE";"DEL01-CE";"UOP01-DEL01-CE"
130825;2018-04-28;"sábado";"18:34:00";"PR";376;158,7;"MANDAGUACU";"Falta de Atenção à Condução";"Colisão transversal";"Com Vítimas Feridas";"Plena Noite";"Decrescente";"Nublado";"Múltipla";"Reta;Retorno Regulamentado";"Não";6;0;3;0;3;0;3;2;-23,352516;-52,09127;"SPRF-PR";"DEL07-PR";"UOP01-DEL09-PR"
130826;2018-04-28;"sábado";"19:10:00";"PE";101;79,7;"JABOATAO DOS GUARARAPES";"Defeito na Via";"Queda de ocupante de veículo";"Com Vítimas Feridas";"Plena Noite";"Decrescente";"Garoa/Chuvisco";"Múltipla";"Reta";"Sim";1;0;1;0;0;0;1;1;-8,15083089;-34,94293928;"SPRF-PE";"DEL01-PE";"UOP01-DEL01-PE"
130829;2018-04-28;"sábado";"19:00:00";"PE";232;7,5;"RECIFE";"Não guardar distância de segurança";"Engavetamento";"Com Vítimas Feridas";"Plena Noite";"Decrescente";"Nublado";"Dupla";"Reta";"Não";7;0;1;0;5;1;1;7;-8,074927;-34,966422;"SPRF-PE";"DEL01-PE";"UOP01-DEL01-PE"
130830;2018-03-31;"sábado";"13:30:00";"MG";381;361;"JOAO MONLEVADE";"Falta de Atenção à Condução";"Colisão transversal";"Com Vítimas Feridas";"Plena Noite";"Crescente";"Sol";"Simples";"Reta";"Não";3;0;2;0;1;0;2;2;-19,85197734;-43,15429688;"SPRF-MG";"DEL03-MG";"UOP01-DEL03-MG"
130831;2018-04-28;"sábado";"18:45:00";"SC";101;225;"PALHOCA";"Defeito Mecânico no Veículo";"Tombamento";"Com Vítimas Feridas";"Plena Noite";"Decrescente";"Céu Claro";"Dupla";"Reta";"Não";2;0;2;0;0;0;2;1;-27,7422;-48,638;"SPRF-SC";"DEL01-SC";"UOP02-DEL01-SC"
130834;2018-04-28;"sábado";"19:20:00";"PE";428;179,7;"PETROLINA";"Ingestão de Álcool";"Colisão frontal";"Com Vítimas Feridas";"Plena Noite";"Decrescente";"Céu Claro";"Simples";"Reta";"Não";2;0;2;0;0;0;2;2;-9,292253;-40,445789;"SPRF-PE";"DEL06-PE";"UOP01-DEL06-PE"
130835;2018-04-28;"sábado";"19:20:00";"ES";101;285;"CARIACICA";"Desobediência às normas de trânsito pelo condutor";"Colisão transversal";"Com Vítimas Feridas";"Plena Noite";"Crescente";"Céu Claro";"Dupla";"Retorno Regulamentado";"Sim";2;0;0;2;0;0;2;2;-20,2517733;-40,3740264;"SPRF-ES";"DEL01-ES";"UOP01-DEL01-ES"
130836;2018-04-28;"sábado";"18:10:00";"RS";470;173,2;"VERANOPOLIS";"Falta de Atenção à Condução";"Colisão transversal";"Com Vítimas Feridas";"Anoitecer";"Crescente";"Céu Claro";"Simples";"Aclive";"Não";7;0;0;1;6;0;1;2;-28,903513;-51,550801;"SPRF-RS";"DEL06-RS";"UOP02-DEL06-RS"
130837;2018-04-28;"sábado";"19:10:00";"SC";282;19;"PALHOCA";"Ingestão de Álcool";"Engavetamento";"Com Vítimas Feridas";"Plena Noite";"Decrescente";"Céu Claro";"Simples";"Reta";"Sim";5;0;2;0;3;0;2;4;-27,67848786;-48,70159328;"SPRF-SC";"DEL01-SC";"UOP02-DEL01-SC"
130838;2018-04-28;"sábado";"19:35:00";"RN";226;5,2;"NATAL";"Falta de Atenção à Condução";"Saída de leito carroçável";"Com Vítimas Feridas";"Plena Noite";"Crescente";"Céu Claro";"Simples";"Reta";"Sim";1;0;0;1;0;0;1;1;-5,82148257;-35,26970208;"SPRF-RN";"DEL01-RN";"UOP02-DEL01-RN"
130839;2018-04-28;"sábado";"17:05:00";"SC";101;356,2;"SANGAO";"Mal Súbito";"Saída de leito carroçável";"Com Vítimas Feridas";"Pleno dia";"Decrescente";"Sol";"Dupla";"Aclive;Reta";"Não";2;0;2;0;0;0;2;1;-28,62801946;-49,0845108;"SPRF-SC";"DEL02-SC";"UOP01-DEL02-SC"
130840;2018-04-28;"sábado";"18:10:00";"PE";101;53;"PAULISTA";"Falta de Atenção à Condução";"Colisão transversal";"Sem Vítimas";"Plena Noite";"Decrescente";"Céu Claro";"Simples";"Reta";"Sim";2;0;0;0;1;1;0;2;-7,9407;-34,9037;"SPRF-PE";"DEL01-PE";"UOP02-DEL01-PE"
130841;2018-04-28;"sábado";"19:15:00";"PA";316;106;"SANTA MARIA DO PARA";"Sinalização da via insuficiente ou inadequada";"Colisão transversal";"Com Vítimas Feridas";"Plena Noite";"Decrescente";"Céu Claro";"Simples";"Reta";"Sim";4;0;2;2;0;0;4;2;-1,33857827;-47,53834606;"SPRF-PA";"DEL01-PA";"UOP02-DEL01-PA"
130842;2018-04-28;"sábado";"19:20:00";"SC";101;120;"ITAJAI";"Falta de Atenção à Condução";"Colisão traseira";"Com Vítimas Feridas";"Plena Noite";"Decrescente";"Céu Claro";"Dupla";"Reta";"Sim";2;0;1;0;1;0;1;2;-26,9211;-48,7084;"SPRF-SC";"DEL04-SC";"UOP04-DEL04-SC"
130843;2018-04-28;"sábado";"17:11:00";"SC";116;158,5;"SANTA CECILIA";"Ultrapassagem Indevida";"Colisão frontal";"Com Vítimas Feridas";"Anoitecer";"Decrescente";"Nublado";"Simples";"Reta";"Não";4;0;2;1;1;0;3;2;-26,972236;-50,40455;"SPRF-SC";"DEL06-SC";"UOP02-DEL06-SC"
130845;2018-04-28;"sábado";"20:00:00";"RJ";116;83;"TERESOPOLIS";"Falta de Atenção do Pedestre";"Atropelamento de Pedestre";"Com Vítimas Feridas";"Plena Noite";"Decrescente";"Céu Claro";"Simples";"Declive";"Sim";3;0;1;0;1;1;1;2;-22,41510497;-42,95005739;"SPRF-RJ";"DEL04-RJ";"UOP01-DEL04-RJ"
130846;2018-04-28;"sábado";"15:00:00";"MA";226;82;"CAXIAS";"Desobediência às normas de trânsito pelo condutor";"Colisão transversal";"Sem Vítimas";"Pleno dia";"Crescente";"Céu Claro";"Simples";"Reta";"Não";3;0;0;0;2;1;0;2;-5,22463979;-43,50806147;"SPRF-MA";"DEL03-MA";"UOP02-DEL03-MA"
130849;2018-04-28;"sábado";"19:00:00";"SC";282;340,6;"CAMPOS NOVOS";"Falta de Atenção do Pedestre";"Atropelamento de Pedestre";"Com Vítimas Fatais";"Plena Noite";"Crescente";"Céu Claro";"Simples";"Reta";"Sim";2;1;0;0;1;0;0;2;-27,38891575;-51,20985031;"SPRF-SC";"DEL07-SC";"UOP06-DEL07-SC"
130852;2018-04-28;"sábado";"18:10:00";"RS";392;274;"SAO SEPE";"Velocidade Incompatível";"Saída de leito carroçável";"Com Vítimas Feridas";"Anoitecer";"Crescente";"Céu Claro";"Simples";"Curva";"Não";2;0;2;0;0;0;2;1;-30,35902673;-53,51800919;"SPRF-RS";"DEL09-RS";"UOP02-DEL09-RS"
130854;2018-04-28;"sábado";"20:40:00";"ES";101;66;"SAO MATEUS";"Falta de Atenção à Condução";"Colisão traseira";"Com Vítimas Feridas";"Plena Noite";"Decrescente";"Céu Claro";"Múltipla";"Reta";"Sim";2;0;1;0;1;0;1;2;-18,704285;-39,870659;"SPRF-ES";"DEL04-ES";"UOP02-DEL04-ES"
130855;2018-04-28;"sábado";"20:00:00";"MS";163;485;"CAMPO GRANDE";"Falta de Atenção à Condução";"Colisão lateral";"Com Vítimas Feridas";"Plena Noite";"Crescente";"Céu Claro";"Simples";"Reta";"Sim";2;0;1;0;1;0;1;2;-20,44309866;-54,54184055;"SPRF-MS";"DEL01-MS";"UOP02-DEL01-MS"