"id";"data_inversa";"dia_semana";"horario";"uf";"br";"km";"municipio";"causa_acidente";"tipo_acidente";"classificacao_acidente";"fase_dia";"sentido_via";"condicao_metereologica";"tipo_pista";"tracado_via";"uso_solo";"pessoas";"mortos";"feridos_leves";"feridos_graves";"ilesos";"ignorados";"feridos";"veiculos";"latitude";"longitude";"regional";"delegacia";"uop"
130856;2018-04-28;"sábado";"18:39:00";"RS";116;37,1;"VACARIA";"Desobediência às normas de trânsito pelo condutor";"Colisão lateral";"Com Vítimas Feridas";"Plena Noite";"Decrescente";"Céu Claro";"Simples";"Reta";"Sim";3;0;1;1;1;0;2;2;-28,49929673;-50,91843903;"SPRF-RS";"DEL05-RS";"UOP03-DEL05-RS"
130857;2018-04-28;"sábado";"18:20:00";"MA";135;8,8;"SAO LUIS";"Falta de Atenção à Condução";"Saída de leito carroçável";"Com Vítimas Feridas";"Anoitecer";"Decrescente";"Chuva";"Dupla";"Declive";"Não";2;0;0;1;1;0;1;2;-2,643421;-44,273743;"SPRF-MA";"DEL01-MA";"UOP01-DEL01-MA"
130858;2018-04-28;"sábado";"20:45:00";"BA";367;43,8;"PORTO SEGURO";"Desobediência às normas de trânsito pelo condutor";"Colisão transversal";"Com Vítimas Fatais";"Plena Noite";"Decrescente";"Nublado";"Simples";"Reta";"Sim";2;1;0;1;0;0;1;2;-16,376652;-39,235546;"SPRF-BA";"DEL09-BA";"UOP01-DEL09-BA"
130859;2018-04-28;"sábado";"20:30:00";"RN";101;95,8;"NATAL";"Ingestão de Álcool";"Colisão lateral";"Com Vítimas Feridas";"Plena Noite";"Crescente";"Nublado";"Múltipla";"Declive";"Sim";2;0;1;0;1;0;1;2;-5,84568956;-35,20837069;"SPRF-RN";"DEL01-RN";"UOP01-DEL01-RN"
130860;2018-04-28;"sábado";"20:15:00";"MG";381;496,6;"BETIM";"Falta de Atenção do Pedestre";"Atropelamento de Pedestre";"Com Vítimas Feridas";"Plena Noite";"Crescente";"Céu Claro";"Múltipla";"Curva";"Sim";9;0;5;1;3;0;6;5;-19,97588981;-44,19879198;"SPRF-MG";"DEL01-MG";"UOP03-DEL01-MG"
130861;2018-04-28;"sábado";"19:50:00";"RJ";116;177;"NOVA IGUACU";"Desobediência às normas de trânsito pelo condutor";"Colisão lateral";"Com Vítimas Feridas";"Plena Noite";"Crescente";"Céu Claro";"Múltipla";"Reta";"Sim";2;0;1;0;1;0;1;2;-22,780552;-43,392086;"SPRF-RJ";"DEL01-RJ";"UOP02-DEL01-RJ"
130862;2018-04-28;"sábado";"16:00:00";"MG";459;98,3;"POUSO ALEGRE";"Velocidade Incompatível";"Colisão com objeto estático";"Sem Vítimas";"Pleno dia";"Crescente";"Céu Claro";"Dupla";"Interseção de Vias";"Sim";1;0;0;0;0;1;0;1;-22,20421796;-45,94450772;"SPRF-MG";"DEL16-MG";"UOP01-DEL16-MG"
130864;2018-04-28;"sábado";"21:35:00";"PR";376;173,3;"MARINGA";"Falta de Atenção à Condução";"Colisão lateral";"Com Vítimas Feridas";"Plena Noite";"Crescente";"Céu Claro";"Dupla";"Curva";"Não";2;0;1;0;1;0;1;2;-23,41833154;-51,95843696;"SPRF-PR";"DEL07-PR";"UOP01-DEL09-PR"
130865;2018-04-28;"sábado";"14:00:00";"MG";116;115;"ITAOBIM";"Falta de Atenção à Condução";"Colisão transversal";"Com Vítimas Feridas";"Pleno dia";"Decrescente";"Céu Claro";"Simples";"Reta";"Sim";2;0;1;0;1;0;1;2;-16,557048;-41,502324;"SPRF-MG";"DEL11-MG";"UOP02-DEL11-MG"
130866;2018-04-28;"sábado";"21:05:00";"RJ";101;14;"CAMPOS DOS GOYTACAZES";"Animais na Pista";"Atropelamento de Animal";"Com Vítimas Feridas";"Plena Noite";"Crescente";"Céu Claro";"Simples";"Reta";"Não";2;0;1;0;1;0;1;1;-21,333044;-41,332245;"SPRF-RJ";"DEL08-RJ";"UOP01-DEL08-RJ"
130867;2018-04-28;"sábado";"20:00:00";"PR";116;164;"QUITANDINHA";"Desobediência às normas de trânsito pelo condutor";"Colisão transversal";"Com Vítimas Feridas";"Plena Noite";"Crescente";"Céu Claro";"Simples";"Reta";"Sim";2;0;0;1;1;0;1;2;-25,874659;-49,48101;"SPRF-PR";"DEL01-PR";"UOP03-DEL01-PR"
130868;2018-04-28;"sábado";"20:45:00";"MT";364;559;"NOBRES";"Falta de Atenção à Condução";"Saída de leito carroçável";"Com Vítimas Feridas";"Plena Noite";"Decrescente";"Céu Claro";"Dupla";"Reta";"Não";1;0;1;0;0;0;1;1;-14,789232;-56,394691;"SPRF-MT";"DEL01-MT";"UOP01-DEL01-MT"
130869;2018-04-28;"sábado";"21:40:00";"ES";101;69;"SAO MATEUS";"Ingestão de Álcool";"Tombamento";"Com Vítimas Feridas";"Plena Noite";"Decrescente";"Céu Claro";"Múltipla";"Reta";"Sim";1;0;1;0;0;0;1;1;-18,72862818;-39,85968053;"SPRF-ES";"DEL04-ES";"UOP02-DEL04-ES"
130870;2018-04-28;"sábado";"21:20:00";"MS";163;260,3;"DOURADOS";"Falta de Atenção à Condução";"Colisão traseira";"Com Vítimas Feridas";"Plena Noite";"Decrescente";"Céu Claro";"Dupla";"Reta";"Sim";2;0;1;0;1;0;1;2;-22,2457277;-54,77268219;"SPRF-MS";"DEL04-MS";"UOP01-DEL04-MS"
130873;2018-04-28;"sábado";"22:35:00";"PB";101;99,8;"ALHANDRA";"Desobediência às normas de trânsito pelo condutor";"Colisão lateral";"Sem Vítimas";"Plena Noite";"Decrescente";"Céu Claro";"Dupla";"Curva;Aclive";"Não";5;0;0;0;5;0;0;2;-7,26080772;-34,93574023;"SPRF-PB";"DEL01-PB";"UOP01-DEL01-PB"
130875;2018-04-28;"sábado";"21:35:00";"PR";369;130;"JATAIZINHO";"Ingestão de Álcool";"Saída de leito carroçável";"Com Vítimas Feridas";"Plena Noite";"Crescente";"Céu Claro";"Dupla";"Interseção de Vias;Curva";"Sim";4;0;2;2;0;0;4;1;-23,257207;-50,98491842;"SPRF-PR";"DEL07-PR";"UOP01-DEL07-PR"
130876;2018-04-28;"sábado";"20:50:00";"SC";163;102,5;"SAO JOSE DO CEDRO";"Ingestão de Álcool";"Saída de leito carroçável";"Com Vítimas Feridas";"Plena Noite";"Decrescente";"Céu Claro";"Simples";"Reta";"Não";1;0;1;0;0;0;1;1;-26,46539151;-53,50444794;"SPRF-SC";"DEL07-SC";"UOP03-DEL07-SC"
130877;2018-04-28;"sábado";"23:00:00";"DF";60;10;"BRASILIA";"Defeito Mecânico no Veículo";"Colisão com objeto em movimento";"Com Vítimas Feridas";"Plena Noite";"Decrescente";"Céu Claro";"Dupla";"Reta";"Não";3;0;1;1;1;0;2;2;-15,909476;-48,149597;"SPRF-DF";"DEL01-DF";"UOP01-DEL03-DF"
130878;2018-04-28;"sábado";"22:40:00";"RJ";116;79,4;"TERESOPOLIS";"Ultrapassagem Indevida";"Colisão frontal";"Com Vítimas Fatais";"Plena Noite";"Decrescente";"Nublado";"Simples";"Reta";"Sim";4;1;3;0;0;0;3;2;-22,4073596;-42,9512258;"SPRF-RJ";"DEL04-RJ";"UOP01-DEL04-RJ"
130879;2018-04-28;"sábado";"20:50:00";"RJ";116;196;"QUEIMADOS";"Falta de Atenção do Pedestre";"Atropelamento de Pedestre";"Com Vítimas Fatais";"Plena Noite";"Decrescente";"Céu Claro";"Múltipla";"Curva";"Sim";2;1;0;0;0;1;0;2;-22,733366;-43,556595;"SPRF-RJ";"DEL01-RJ";"UOP03-DEL01-RJ"
130880;2018-04-28;"sábado";"22:55:00";"MG";116;276;"TEOFILO OTONI";"Falta de Atenção à Condução";"Colisão transversal";"Sem Vítimas";"Plena Noite";"Decrescente";"Céu Claro";"Simples";"Rotatória;Reta;Interseção de Vias";"Sim";3;0;0;0;3;0;0;2;-17,8720644;-41,5196578;"SPRF-MG";"DEL11-MG";"UOP01-DEL11-MG"
130881;2018-04-28;"sábado";"23:30:00";"PE";407;123;"PETROLINA";"Ingestão de Álcool";"Colisão frontal";"Com Vítimas Feridas";"Plena Noite";"Decrescente";"Céu Claro";"Simples";"Reta";"Sim";2;0;1;1;0;0;2;2;-9,3726;-40,53954;"SPRF-PE";"DEL06-PE";"UOP01-DEL06-PE"
130882;2018-04-28;"sábado";"22:30:00";"DF";40;0,2;"BRASILIA";"Falta de Atenção à Condução";"Colisão traseira";"Sem Vítimas";"Plena Noite";"Crescente";"Céu Claro";"Dupla";"Reta";"Sim";4;0;0;0;4;0;0;4;-15,98231211;-47,98872266;"SPRF-DF";"DEL01-DF";"UOP01-DEL01-DF"
130883;2018-04-29;"domingo";"00:00:00";"PB";230;263,6;"JUNCO DO SERIDO";"Falta de Atenção à Condução";"Colisão transversal";"Com Vítimas Feridas";"Plena Noite";"Crescente";"Ignorado";"Simples";"Reta";"Não";2;0;1;0;1;0;1;2;-6,984;-36,7279;"SPRF-PB";"DEL03-PB";"UOP01-DEL03-PB"
130885;2018-04-28;"sábado";"22:12:00";"CE";222;9;"CAUCAIA";"Falta de Atenção à Condução";"Colisão traseira";"Com Vítimas Feridas";"Plena Noite";"Crescente";"Nevoeiro/Neblina";"Dupla";"Declive";"Sim";2;0;1;0;1;0;1;2;-3,757749;-38,646118;"SPRF-CE";"DEL01-CE";"UOP01-DEL01-CE"
130886;2018-04-28;"sábado";"23:30:00";"PR";277;669,1;"MEDIANEIRA";"Velocidade Incompatível";"Colisão com objeto estático";"Com Vítimas Feridas";"Plena Noite";"Decrescente";"Céu Claro";"Dupla";"Reta";"Sim";1;0;0;1;0;0;1;1;-25,275639;-54,071018;"SPRF-PR";"DEL05-PR";"UOP02-DEL05-PR"
130887;2018-04-29;"domingo";"00:05:00";"RS";116;243;"SAO LEOPOLDO";"Defeito Mecânico no Veículo";"Queda de ocupante de veículo";"Com Vítimas Feridas";"Plena Noite";"Crescente";"Céu Claro";"Dupla";"Reta";"Sim";1;0;1;0;0;0;1;1;-29,7364591;-51,1503747;"SPRF-RS";"DEL01-RS";"UOP02-DEL01-RS"
130889;2018-04-28;"sábado";"21:00:00";"MG";116;506,8;"UBAPORANGA";"Falta de Atenção do Pedestre";"Atropelamento de Pedestre";"Com Vítimas Fatais";"Plena Noite";"Decrescente";"Céu Claro";"Simples";"Reta";"Não";2;1;0;0;1;0;0;2;-19,602434;-42,113361;"SPRF-MG";"DEL06-MG";"UOP02-DEL06-MG"
130890;2018-04-28;"sábado";"23:05:00";"RO";364;712;"PORTO VELHO";"Defeito na Via";"Queda de ocupante de veículo";"Com Vítimas Feridas";"Plena Noite";"Crescente";"Nublado";"Múltipla";"Reta";"Sim";1;0;0;1;0;0;1;1;-8,77840338;-63,87084246;"SPRF-RO";"DEL01-RO";"UOP01-DEL01-RO"
130891;2018-04-28;"sábado";"21:00:00";"MG";381;370;"SAO GONCALO DO RIO ABAIXO";"Sinalização da via insuficiente ou inadequada";"Queda de ocupante de veículo";"Com Vítimas Feridas";"Plena Noite";"Crescente";"Céu Claro";"Simples";"Curva";"Não";1;0;1;0;0;0;1;1;-19,83211284;-43,35290762;"SPRF-MG";"DEL03-MG";"UOP01-DEL03-MG"
130892;2018-04-29;"domingo";"00:30:00";"PR";153;106;"IBAITI";"Ingestão de Álcool";"Colisão frontal";"Com Vítimas Feridas";"Plena Noite";"Crescente";"Céu Claro";"Simples";"Reta";"Sim";2;0;1;0;1;0;1;2;-23,82193951;-50,18288612;"SPRF-PR";"DEL07-PR";"UOP04-DEL07-PR"
130893;2018-04-29;"domingo";"00:00:00";"PR";277;161,5;"PALMEIRA";"Falta de Atenção à Condução";"Queda de ocupante de veículo";"Com Vítimas Feridas";"Plena Noite";"Crescente";"Nublado";"Simples";"Reta";"Não";1;0;1;0;0;0;1;1;-25,43788782;-49,97727133;"SPRF-PR";"DEL01-PR";"UOP06-DEL01-PR"
130894;2018-04-29;"domingo";"00:10:00";"SC";101;223;"PALHOCA";"Velocidade Incompatível";"Colisão com objeto estático";"Com Vítimas Feridas";"Plena Noite";"Decrescente";"Céu Claro";"Dupla";"Curva";"Não";1;0;1;0;0;0;1;1;-27,7248;-48,6435;"SPRF-SC";"DEL01-SC";"UOP02-DEL01-SC"
130896;2018-04-29;"domingo";"00:30:00";"SP";116;218;"GUARULHOS";"Falta de Atenção à Condução";"Tombamento";"Com Vítimas Feridas";"Plena Noite";"Crescente";"Céu Claro";"Múltipla";"Reta";"Sim";2;0;1;0;1;0;1;1;-23,45893468;-46,48384005;"SPRF-SP";"DEL01-SP";"UOP01-DEL01-SP"
130898;2018-04-29;"domingo";"01:50:00";"PR";376;177;"MARINGA";"Falta de Atenção à Condução";"Colisão lateral";"Com Vítimas Feridas";"Plena Noite";"Crescente";"Céu Claro";"Dupla";"Reta";"Sim";2;0;0;1;1;0;1;2;-23,41318181;-51,93007708;"SPRF-PR";"DEL07-PR";"UOP01-DEL09-PR"
130900;2018-04-29;"domingo";"01:50:00";"SP";116;107;"TAUBATE";"Restrição de Visibilidade";"Colisão com objeto estático";"Com Vítimas Feridas";"Plena Noite";"Decrescente";"Céu Claro";"Dupla";"Reta";"Não";1;0;1;0;0;0;1;1;-23,01795;-45,530148;"SPRF-SP";"DEL06-SP";"UOP01-DEL06-SP"
130901;2018-04-28;"sábado";"23:50:00";"MG";381;170;"GOVERNADOR VALADARES";"Velocidade Incompatível";"Capotamento";"Com Vítimas Feridas";"Plena Noite";"Decrescente";"Céu Claro";"Simples";"Curva";"Não";4;0;4;0;0;0;4;1;-19,02252457;-42,14681625;"SPRF-MG";"DEL06-MG";"UOP01-DEL06-MG"
130902;2018-04-29;"domingo";"02:10:00";"PE";104;37,6;"CARUARU";"Falta de Atenção à Condução";"Saída de leito carroçável";"Com Vítimas Feridas";"Plena Noite";"Crescente";"Chuva";"Dupla";"Curva";"Não";3;0;3;0;0;0;3;1;-8,068032;-36,046649;"SPRF-PE";"DEL02-PE";"UOP01-DEL02-PE"
130903;2018-04-29;"domingo";"02:10:00";"PI";343;14,2;"PARNAIBA";"Ingestão de Álcool";"Colisão com objeto estático";"Com Vítimas Fatais";"Plena Noite";"Crescente";"Céu Claro";"Dupla";"Reta";"Sim";1;1;0;0;0;0;0;1;-2,932223;-41,754227;"SPRF-PI";"DEL05-PI";"UOP01-DEL05-PI"
130904;2018-04-29;"domingo";"02:20:00";"PR";476;140,1;"CURITIBA";"Falta de Atenção à Condução";"Colisão com objeto estático";"Com Vítimas Feridas";"Plena Noite";"Crescente";"Céu Claro";"Múltipla";"Curva";"Sim";1;0;0;1;0;0;1;1;-25,52109459;-49,29466188;"SPRF-PR";"DEL01-PR";"UOP07-DEL01-PR"
130905;2018-04-29;"domingo";"02:10:00";"PB";230;513,6;"CAJAZEIRAS";"Ingestão de Álcool";"Tombamento";"Com Vítimas Feridas";"Plena Noite";"Decrescente";"Céu Claro";"Simples";"Reta";"Não";1;0;1;0;0;0;1;1;-6,87845;-38,634052;"SPRF-PB";"DEL03-PB";"UOP03-DEL03-PB"
130906;2018-04-29;"domingo";"02:40:00";"RJ";116;258;"VOLTA REDONDA";"Defeito Mecânico no Veículo";"Incêndio";"Com Vítimas Feridas";"Amanhecer";"Decrescente";"Céu Claro";"Dupla";"Reta";"Não";1;0;1;0;0;0;1;1;-22,560883;-44,122238;"SPRF-RJ";"DEL07-RJ";"UOP02-DEL07-RJ"
130907;2018-04-29;"domingo";"01:00:00";"MG";365;669,5;"MONTE ALEGRE DE MINAS";"Animais na Pista";"Atropelamento de Animal";"Com Vítimas Feridas";"Plena Noite";"Decrescente";"Céu Claro";"Dupla";"Reta";"Não";1;0;1;0;0;0;1;1;-18,85364567;-48,85226727;"SPRF-MG";"DEL15-MG";"UOP01-DEL15-MG"
130908;2018-04-29;"domingo";"02:25:00";"SC";101;200,8;"SAO JOSE";"Ingestão de Álcool";"Saída de leito carroçável";"Com Vítimas Feridas";"Plena Noite";"Decrescente";"Céu Claro";"Dupla";"Reta;Declive";"Sim";2;0;1;1;0;0;2;1;-27,54544653;-48,61988778;"SPRF-SC";"DEL01-SC";"UOP01-DEL01-SC"
130909;2018-04-29;"domingo";"03:00:00";"CE";20;420,5;"MARACANAU";"Sinalização da via insuficiente ou inadequada";"Colisão com objeto estático";"Com Vítimas Fatais";"Plena Noite";"Crescente";"Céu Claro";"Dupla";"Reta";"Sim";1;1;0;0;0;0;0;1;-3,84558586;-38,5767746;"SPRF-CE";"DEL01-CE";"UOP02-DEL01-CE"
130914;2018-04-29;"domingo";"01:50:00";"PR";476;149,1;"ARAUCARIA";"Animais na Pista";"Queda de ocupante de veículo";"Com Vítimas Feridas";"Plena Noite";"Crescente";"Céu Claro";"Dupla";"Reta";"Sim";1;0;0;1;0;0;1;1;-25,55854835;-49,35916901;"SPRF-PR";"DEL01-PR";"UOP06-DEL01-PR"
130915;2018-04-29;"domingo";"04:20:00";"RJ";356;81;"ITALVA";"Falta de Atenção à Condução";"Colisão traseira";"Com Vítimas Feridas";"Plena Noite";"Crescente";"Nevoeiro/Neblina";"Simples";"Reta";"Não";3;0;3;0;0;0;3;2;-21,47112675;-41,67374857;"SPRF-RJ";"DEL08-RJ";"UOP03-DEL08-RJ"
130916;2018-04-29;"domingo";"04:20:00";"PR";116;90;"PIRAQUARA";"Falta de Atenção à Condução";"Queda de ocupante de veículo";"Com Vítimas Feridas";"Plena Noite";"Decrescente";"Garoa/Chuvisco";"Dupla";"Reta";"Não";1;0;1;0;0;0;1;1;-25,461117;-49,088802;"SPRF-PR";"DEL01-PR";"UOP01-DEL01-PR"
130917;2018-04-29;"domingo";"02:40:00";"PR";153;106,1;"IBAITI";"Não guardar distância de segurança";"Colisão traseira";"Sem Vítimas";"Plena Noite";"Crescente";"Céu Claro";"Simples";"Reta";"Não";2;0;0;0;2;0;0;2;-23,814184;-50,179108;"SPRF-PR";"DEL07-PR";"UOP04-DEL07-PR"
130921;2018-04-29;"domingo";"04:40:00";"GO";60;163,8;"GOIANIA";"Falta de Atenção à Condução";"Colisão com objeto estático";"Com Vítimas Feridas";"Amanhecer";"Crescente";"Céu Claro";"Simples";"Reta";"Sim";1;0;0;1;0;0;1;1;-16,7002;-49,3335;"SPRF-GO";"DEL01-GO";"UOP02-DEL01-GO"
130924;2018-04-29;"domingo";"05:10:00";"MG";262;826;"UBERABA";"Defeito Mecânico no Veículo";"Saída de leito carroçável";"Com Vítimas Feridas";"Plena Noite";"Crescente";"Céu Claro";"Dupla";"Reta";"Não";2;0;2;0;0;0;2;1;-19,762056;-48,138805;"SPRF-MG";"DEL13-MG";"UOP01-DEL13-MG"
130926;2018-04-29;"domingo";"01:40:00";"AL";101;195;"SAO SEBASTIAO";"Animais na Pista";"Atropelamento de Animal";"Com Vítimas Feridas";"Plena Noite";"Decrescente";"Céu Claro";"Dupla";"Reta";"Não";1;0;1;0;0;0;1;1;-9,950817;-36,541134;"SPRF-AL";"DEL02-AL";"UOP02-DEL02-AL"
130927;2018-04-29;"domingo";"04:45:00";"SC";101;205,1;"SAO JOSE";"Velocidade Incompatível";"Tombamento";"Com Vítimas Fatais";"Plena Noite";"Decrescente";"Nublado";"Múltipla";"Rotatória;Curva;Interseção de Vias;Declive";"Sim";1;1;0;0;0;0;0;1;-27,5867684;-48,61519396;"SPRF-SC";"DEL01-SC";"UOP01-DEL01-SC"
130928;2018-04-29;"domingo";"05:45:00";"SC";101;346,6;"TUBARAO";"Ingestão de Álcool";"Colisão com objeto estático";"Com Vítimas Feridas";"Plena Noite";"Decrescente";"Céu Claro";"Dupla";"Ponte;Reta";"Não";1;0;1;0;0;0;1;1;-28,55923239;-49,0548563;"SPRF-SC";"DEL02-SC";"UOP01-DEL02-SC"
130930;2018-04-29;"domingo";"05:30:00";"CE";222;2;"FORTALEZA";"Agressão Externa";"Colisão com objeto estático";"Com Vítimas Feridas";"Amanhecer";"Decrescente";"Céu Claro";"Múltipla";"Reta";"Sim";2;0;0;1;1;0;1;2;-3,738946;-38,5865;"SPRF-CE";"DEL01-CE";"UOP01-DEL01-CE"
130931;2018-04-29;"domingo";"05:00:00";"RS";116;237;"NOVO HAMBURGO";"Ingestão de Álcool";"Colisão com objeto estático";"Sem Vítimas";"Plena Noite";"Crescente";"Céu Claro";"Dupla";"Reta";"Sim";1;0;0;0;1;0;0;1;-29,67763188;-51,14275033;"SPRF-RS";"DEL01-RS";"UOP02-DEL01-RS"
130933;2018-04-29;"domingo";"07:20:00";"SC";470;134;"RIO DO SUL";"Ingestão de Álcool";"Colisão traseira";"Sem Vítimas";"Amanhecer";"Crescente";"Céu Claro";"Simples";"Reta";"Não";2;0;0;0;2;0;0;2;-27,17135321;-49,57844496;"SPRF-SC";"DEL04-SC";"UOP02-DEL04-SC"
130936;2018-04-29;"domingo";"07:30:00";"BA";116;566;"BREJOES";"Falta de Atenção à Condução";"Colisão frontal";"Com Vítimas Feridas";"Pleno dia";"Decrescente";"Nublado";"Simples";"Reta";"Não";3;0;2;0;1;0;2;2;-12,996788;-39,953763;"SPRF-BA";"DEL03-BA";"UOP02-DEL03-BA"
130938;2018-04-29;"domingo";"07:25:00";"CE";222;4,1;"CAUCAIA";"Ingestão de Álcool";"Colisão lateral";"Sem Vítimas";"Pleno dia";"Crescente";"Sol";"Múltipla";"Reta";"Sim";2;0;0;0;2;0;0;2;-3,7409437;-38,6058567;"SPRF-CE";"DEL01-CE";"UOP01-DEL01-CE"
130939;2018-04-12;"quinta-feira";"12:31:00";"AL";101;40;"JOAQUIM GOMES";"Pista Escorregadia";"Capotamento";"Sem Vítimas";"Pleno dia";"Crescente";"Chuva";"Dupla";"Curva";"Não";1;0;0;0;1;0;0;1;-9,15607861;-35,76870076;"SPRF-AL";"DEL01-AL";"UOP01-DEL01-AL"
130940;2018-04-29;"domingo";"06:06:00";"ES";262;6,3;"CARIACICA";"Desobediência às normas de trânsito pelo condutor";"Colisão transversal";"Com Vítimas Feridas";"Pleno dia";"Crescente";"Céu Claro";"Múltipla";"Reta;Aclive";"Sim";2;0;1;0;1;0;1;2;-20,34157887;-40,39737225;"SPRF-ES";"DEL01-ES";"UOP01-DEL01-ES"
130941;2018-04-29;"domingo";"07:00:00";"GO";60;311,4;"ACREUNA";"Falta de Atenção à Condução";"Saída de leito carroçável";"Com Vítimas Feridas";"Amanhecer";"Decrescente";"Céu Claro";"Dupla";"Curva";"Não";2;0;2;0;0;0;2;1;-17,41977018;-50,42231083;"SPRF-GO";"DEL04-GO";"UOP01-DEL04-GO"
130942;2018-04-29;"domingo";"04:35:00";"MG";116;545,6;"SANTA RITA DE MINAS";"Condutor Dormindo";"Saída de leito carroçável";"Com Vítimas Feridas";"Plena Noite";"Crescente";"Nublado";"Simples";"Curva";"Não";2;0;2;0;0;0;2;1;-19,9214;-42,13167;"SPRF-MG";"DEL06-MG";"UOP02-DEL06-MG"
130943;2018-04-29;"domingo";"06:15:00";"MS";163;268,3;"DOURADOS";"Defeito na Via";"Tombamento";"Com Vítimas Feridas";"Pleno dia";"Crescente";"Céu Claro";"Dupla";"Reta";"Não";2;0;1;1;0;0;2;2;-22,20502255;-54,70534265;"SPRF-MS";"DEL04-MS";"UOP01-DEL04-MS"
130945;2018-04-29;"domingo";"07:50:00";"RN";406;103,7;"JOAO CAMARA";"Ingestão de Álcool";"Colisão frontal";"Com Vítimas Feridas";"Pleno dia";"Crescente";"Céu Claro";"Simples";"Reta";"Sim";3;0;1;1;1;0;2;2;-5,5385569;-35,8123019;"SPRF-RN";"DEL02-RN";"UOP01-DEL02-RN"
130946;2018-04-29;"domingo";"06:50:00";"SC";480;128;"CHAPECO";"Falta de Atenção do Pedestre";"Atropelamento de Pedestre";"Com Vítimas Feridas";"Pleno dia";"Crescente";"Céu Claro";"Simples";"Aclive;Reta";"Sim";2;0;0;2;0;0;2;2;-27,03799895;-52,6340872;"SPRF-SC";"DEL07-SC";"UOP01-DEL07-SC"
130948;2018-04-29;"domingo";"08:25:00";"PR";277;62;"SAO JOSE DOS PINHAIS";"Falta de Atenção à Condução";"Colisão lateral";"Com Vítimas Feridas";"Pleno dia";"Decrescente";"Céu Claro";"Dupla";"Reta";"Não";2;0;1;0;1;0;1;2;-25,54754109;-49,04767334;"SPRF-PR";"DEL01-PR";"UOP07-DEL01-PR"
130949;2018-04-29;"domingo";"08:10:00";"PE";101;64;"RECIFE";"Falta de Atenção do Pedestre";"Atropelamento de Pedestre";"Com Vítimas Feridas";"Pleno dia";"Decrescente";"Nublado";"Simples";"Reta";"Sim";2;0;0;1;1;0;1;2;-8,021031;-34,942711;"SPRF-PE";"DEL01-PE";"UOP01-DEL01-PE"
130950;2018-04-29;"domingo";"07:20:00";"RS";285;311,2;"PASSO FUNDO";"Ingestão de Álcool";"Colisão frontal";"Sem Vítimas";"Pleno dia";"Crescente";"Sol";"Simples";"Reta";"Não";3;0;0;0;2;1;0;2;-28,240654;-52,54298;"SPRF-RS";"DEL08-RS";"UOP03-DEL08-RS"
130951;2018-03-28;"quarta-feira";"10:30:00";"MG";381;482,2;"BETIM";"Não guardar distância de segurança";"Colisão traseira";"Com Vítimas Feridas";"Pleno dia";"Decrescente";"Céu Claro";"Múltipla";"Reta";"Sim";2;0;0;1;1;0;1;2;-19,9578;-44,0795;"SPRF-MG";"DEL01-MG";"UOP03-DEL01-MG"
130952;2018-04-28;"sábado";"22:00:00";"AP";156;314;"PORTO GRANDE";"Ingestão de Álcool";"Incêndio";"Sem Vítimas";"Plena Noite";"Decrescente";"Ignorado";"Simples";"Reta";"Não";1;0;0;0;0;1;0;1;0,512469;-51,12904;"SPRF-AP";"DEL01-AP";"UOP01-DEL01-AP"
130953;2018-04-29;"domingo";"08:00:00";"MS";262;328;"CAMPO GRANDE";"Desobediência às normas de trânsito pelo pedestre";"Atropelamento de Pedestre";"Com Vítimas Feridas";"Pleno dia";"Decrescente";"Céu Claro";"Simples";"Reta";"Sim";2;0;0;1;0;1;1;2;-20,46465106;-54,55259085;"SPRF-MS";"DEL01-MS";"UOP01-DEL01-MS"
130954;2018-04-29;"domingo";"09:00:00";"PR";476;117,9;"COLOMBO";"Falta de Atenção à Condução";"Atropelamento de Pedestre";"Com Vítimas Feridas";"Pleno dia";"Decrescente";"Céu Claro";"Dupla";"Declive;Reta";"Sim";2;0;1;0;1;0;1;2;-25,354466;-49,180146;"SPRF-PR";"DEL01-PR";"UOP01-DEL01-PR"
130955;2018-04-29;"domingo";"09:20:00";"RJ";116;271,5;"BARRA MANSA";"Sinalização da via insuficiente ou inadequada";"Colisão transversal";"Com Vítimas Feridas";"Pleno dia";"Crescente";"Sol";"Simples";"Retorno Regulamentado";"Não";2;0;0;1;1;0;1;2;-22,55476748;-44,17328149;"SPRF-RJ";"DEL07-RJ";"UOP02-DEL07-RJ"
130956;2018-04-29;"domingo";"08:30:00";"PA";316;4,4;"ANANINDEUA";"Ingestão de Álcool";"Colisão lateral";"Sem Vítimas";"Pleno dia";"Decrescente";"Sol";"Dupla";"Reta";"Sim";2;0;0;0;1;1;0;2;-1,38415342;-48,40466201;"SPRF-PA";"DEL01-PA";"DEL19/1-UOP05/PA"
130957;2018-04-29;"domingo";"09:45:00";"MG";262;364;"JUATUBA";"Condutor Dormindo";"Colisão com objeto estático";"Com Vítimas Feridas";"Pleno dia";"Decrescente";"Sol";"Dupla";"Reta";"Não";2;0;2;0;0;0;2;1;-19,9735;-44,3155;"SPRF-MG";"DEL01-MG";"UOP03-DEL01-MG"
130958;2018-04-29;"domingo";"05:30:00";"SC";282;71,9;"RANCHO QUEIMADO";"Ingestão de Álcool";"Saída de leito carroçável";"Com Vítimas Feridas";"Amanhecer";"Crescente";"Céu Claro";"Simples";"Curva";"Não";2;0;1;0;1;0;1;1;-27,689093;-49,097748;"SPRF-SC";"DEL01-SC";"UOP03-DEL01-SC"