"id";"data_inversa";"dia_semana";"horario";"uf";"br";"km";"municipio";"causa_acidente";"tipo_acidente";"classificacao_acidente";"fase_dia";"sentido_via";"condicao_metereologica";"tipo_pista";"tracado_via";"uso_solo";"pessoas";"mortos";"feridos_leves";"feridos_graves";"ilesos";"ignorados";"feridos";"veiculos";"latitude";"longitude";"regional";"delegacia";"uop"
130959;2018-04-29;"domingo";"10:20:00";"MG";381;948,1;"EXTREMA";"Falta de Atenção à Condução";"Colisão com objeto estático";"Com Vítimas Feridas";"Pleno dia";"Decrescente";"Céu Claro";"Dupla";"Reta";"Não";5;0;5;0;0;0;5;1;-22,87058018;-46,35835648;"SPRF-MG";"DEL16-MG";"UOP03-DEL16-MG"
130960;2018-04-29;"domingo";"10:00:00";"ES";262;58,9;"MARECHAL FLORIANO";"Desobediência às normas de trânsito pelo condutor";"Colisão transversal";"Com Vítimas Feridas";"Pleno dia";"Decrescente";"Sol";"Simples";"Reta";"Não";2;0;0;1;1;0;1;2;-20,42260902;-40,77562809;"SPRF-ES";"DEL01-ES";"UOP01-DEL01-ES"
130961;2018-04-29;"domingo";"11:00:00";"RJ";116;171;"SAO JOAO DE MERITI";"Defeito Mecânico no Veículo";"Tombamento";"Com Vítimas Feridas";"Pleno dia";"Crescente";"Céu Claro";"Dupla";"Reta";"Sim";2;0;2;0;0;0;2;1;-22,78813082;-43,37468326;"SPRF-RJ";"DEL01-RJ";"UOP02-DEL01-RJ"
130962;2018-04-29;"domingo";"09:40:00";"PR";277;652;"MATELANDIA";"Ultrapassagem Indevida";"Saída de leito carroçável";"Com Vítimas Feridas";"Pleno dia";"Crescente";"Céu Claro";"Simples";"Curva";"Não";1;0;1;0;0;0;1;1;-25,204676;-53,949154;"SPRF-PR";"DEL05-PR";"UOP02-DEL05-PR"
130963;2018-04-06;"sexta-feira";"18:45:00";"PB";230;4;"CABEDELO";"Falta de Atenção à Condução";"Colisão transversal";"Sem Vítimas";"Plena Noite";"Crescente";"Céu Claro";"Simples";"Reta";"Sim";2;0;0;0;2;0;0;2;-7,0004;-34,8284;"SPRF-PB";"DEL01-PB";"UOP01-DEL01-PB"
130964;2018-04-29;"domingo";"10:00:00";"MG";365;626,7;"UBERLANDIA";"Falta de Atenção à Condução";"Colisão traseira";"Sem Vítimas";"Pleno dia";"Crescente";"Céu Claro";"Dupla";"Viaduto";"Sim";2;0;0;0;1;1;0;2;-18,90776839;-48,31407845;"SPRF-MG";"DEL15-MG";"UOP01-DEL15-MG"
130966;2018-04-29;"domingo";"10:20:00";"SP";116;104,9;"TAUBATE";"Não guardar distância de segurança";"Colisão traseira";"Com Vítimas Feridas";"Pleno dia";"Decrescente";"Sol";"Dupla";"Reta";"Não";3;0;2;0;1;0;2;1;-23,00342;-45,506306;"SPRF-SP";"DEL06-SP";"UOP01-DEL06-SP"
130967;2018-04-29;"domingo";"11:50:00";"AL";316;268;"SATUBA";"Falta de Atenção à Condução";"Saída de leito carroçável";"Com Vítimas Feridas";"Pleno dia";"Decrescente";"Chuva";"Simples";"Curva";"Não";9;0;1;0;2;6;1;1;-9,5771497;-35,8344549;"SPRF-AL";"DEL02-AL";"UOP01-DEL02-AL"
130968;2018-04-29;"domingo";"10:00:00";"PE";101;98,9;"CABO DE SANTO AGOSTINHO";"Velocidade Incompatível";"Saída de leito carroçável";"Sem Vítimas";"Pleno dia";"Decrescente";"Chuva";"Dupla";"Reta";"Não";1;0;0;0;1;0;0;1;-8,257218;-35,040382;"SPRF-PE";"DEL01-PE";"UOP03-DEL01-PE"
130969;2018-04-29;"domingo";"11:51:00";"DF";40;2;"BRASILIA";"Velocidade Incompatível";"Colisão lateral";"Sem Vítimas";"Pleno dia";"Crescente";"Céu Claro";"Dupla";"Reta";"Sim";3;0;0;0;3;0;0;3;-15,994508;-47,986005;"SPRF-DF";"DEL01-DF";"UOP01-DEL01-DF"
130970;2018-04-29;"domingo";"12:00:00";"GO";60;177;"ABADIA DE GOIAS";"Ingestão de álcool e/ou substâncias psicoativas pelo pedestre";"Colisão transversal";"Com Vítimas Feridas";"Pleno dia";"Crescente";"Sol";"Dupla";"Declive";"Não";3;0;0;3;0;0;3;2;-16,7666;-49,4751;"SPRF-GO";"DEL01-GO";"UOP02-DEL01-GO"
130971;2018-04-29;"domingo";"11:30:00";"RJ";101;511;"ANGRA DOS REIS";"Não guardar distância de segurança";"Colisão traseira";"Sem Vítimas";"Pleno dia";"Crescente";"Sol";"Simples";"Reta";"Sim";2;0;0;0;2;0;0;2;-22,95918857;-44,43784118;"SPRF-RJ";"DEL03-RJ";"UOP02-DEL03-RJ"
130973;2018-04-29;"domingo";"11:45:00";"SC";101;337,7;"TUBARAO";"Falta de Atenção à Condução";"Colisão lateral";"Sem Vítimas";"Pleno dia";"Decrescente";"Sol";"Dupla";"Reta;Declive";"Não";2;0;0;0;2;0;0;2;-28,4852894;-49,03653145;"SPRF-SC";"DEL02-SC";"UOP01-DEL02-SC"
130974;2018-04-29;"domingo";"11:40:00";"MG";365;634;"UBERLANDIA";"Falta de Atenção à Condução";"Colisão traseira";"Com Vítimas Feridas";"Pleno dia";"Decrescente";"Céu Claro";"Dupla";"Reta";"Não";3;0;1;0;2;0;1;2;-18,89806478;-48,38277519;"SPRF-MG";"DEL15-MG";"UOP01-DEL15-MG"
130975;2018-04-25;"quarta-feira";"19:50:00";"SP";116;189,4;"SANTA ISABEL";"Sinalização da via insuficiente ou inadequada";"Saída de leito carroçável";"Sem Vítimas";"Plena Noite";"Decrescente";"Céu Claro";"Dupla";"Aclive;Reta";"Não";1;0;0;0;1;0;0;1;-23,36475792;-46,22565687;"SPRF-SP";"DEL02-SP";"UOP01-DEL02-SP"
130976;2018-04-29;"domingo";"11:20:00";"ES";101;255;"SERRA";"Falta de Atenção à Condução";"Colisão traseira";"Sem Vítimas";"Pleno dia";"Decrescente";"Céu Claro";"Múltipla";"Interseção de Vias";"Sim";2;0;0;0;2;0;0;2;-20,11749711;-40,31472802;"SPRF-ES";"DEL02-ES";"UOP01-DEL02-ES"
130977;2018-04-29;"domingo";"13:10:00";"ES";101;147,8;"LINHARES";"Falta de Atenção à Condução";"Queda de ocupante de veículo";"Com Vítimas Feridas";"Pleno dia";"Crescente";"Nublado";"Múltipla";"Reta";"Sim";2;0;1;1;0;0;2;1;-19,39224628;-40,06661296;"SPRF-ES";"DEL04-ES";"UOP01-DEL04-ES"
130978;2018-04-29;"domingo";"12:10:00";"MG";50;135,6;"UBERABA";"Avarias e/ou desgaste excessivo no pneu";"Saída de leito carroçável";"Com Vítimas Feridas";"Pleno dia";"Crescente";"Céu Claro";"Dupla";"Reta";"Não";2;0;2;0;0;0;2;1;-19,4428;-48,0639;"SPRF-MG";"DEL13-MG";"UOP01-DEL13-MG"
130979;2018-04-29;"domingo";"13:35:00";"ES";262;92,3;"DOMINGOS MARTINS";"Falta de Atenção à Condução";"Saída de leito carroçável";"Com Vítimas Feridas";"Pleno dia";"Crescente";"Céu Claro";"Simples";"Curva";"Não";1;0;0;1;0;0;1;1;-20,3778868;-41,0434112;"SPRF-ES";"DEL01-ES";"UOP02-DEL01-ES"
130981;2018-04-29;"domingo";"09:16:00";"MG";381;486;"BETIM";"Falta de Atenção à Condução";"Colisão lateral";"Com Vítimas Feridas";"Pleno dia";"Crescente";"Céu Claro";"Dupla";"Reta";"Sim";1;0;1;0;0;0;1;1;-19,9554;-44,1157;"SPRF-MG";"DEL01-MG";"UOP03-DEL01-MG"
130982;2018-04-29;"domingo";"12:50:00";"SP";116;216,3;"GUARULHOS";"Não guardar distância de segurança";"Colisão com objeto estático";"Com Vítimas Feridas";"Pleno dia";"Decrescente";"Céu Claro";"Múltipla";"Reta";"Sim";1;0;1;0;0;0;1;1;-23,45321132;-46,46853867;"SPRF-SP";"DEL01-SP";"UOP01-DEL01-SP"
130983;2018-04-22;"domingo";"06:35:00";"PB";101;87;"BAYEUX";"Falta de Atenção à Condução";"Colisão traseira";"Com Vítimas Feridas";"Pleno dia";"Crescente";"Chuva";"Dupla";"Reta";"Sim";2;0;1;0;1;0;1;2;-7,1645;-34,8962;"SPRF-PB";"DEL01-PB";"UOP01-DEL01-PB"
130984;2018-04-29;"domingo";"13:35:00";"PR";376;159,9;"MARINGA";"Desobediência às normas de trânsito pelo condutor";"Colisão com objeto estático";"Com Vítimas Feridas";"Pleno dia";"Crescente";"Sol";"Dupla";"Curva";"Sim";1;0;1;0;0;0;1;1;-23,36554091;-52,0800662;"SPRF-PR";"DEL07-PR";"UOP01-DEL09-PR"
130985;2018-04-29;"domingo";"11:00:00";"RO";174;14;"VILHENA";"Ingestão de Álcool";"Colisão lateral";"Com Vítimas Feridas";"Pleno dia";"Decrescente";"Sol";"Dupla";"Interseção de Vias";"Sim";2;0;1;0;1;0;1;2;-12,733067;-60,12981;"SPRF-RO";"DEL04-RO";"UOP01-DEL04-RO"
130987;2018-04-29;"domingo";"13:50:00";"MG";262;801;"UBERABA";"Falta de Atenção à Condução";"Capotamento";"Com Vítimas Feridas";"Pleno dia";"Decrescente";"Céu Claro";"Dupla";"Reta";"Não";1;0;1;0;0;0;1;1;-19,775097;-47,972019;"SPRF-MG";"DEL13-MG";"UOP01-DEL13-MG"
130989;2018-04-29;"domingo";"14:50:00";"AL";104;26,9;"UNIAO DOS PALMARES";"Pista Escorregadia";"Saída de leito carroçável";"Com Vítimas Feridas";"Pleno dia";"Decrescente";"Chuva";"Simples";"Curva";"Não";4;0;3;0;1;0;3;1;-9,15768835;-36,01335526;"SPRF-AL";"DEL01-AL";"UOP02-DEL01-AL"
130990;2018-04-29;"domingo";"14:55:00";"GO";70;40,1;"COCALZINHO DE GOIAS";"Desobediência às normas de trânsito pelo condutor";"Colisão traseira";"Sem Vítimas";"Pleno dia";"Decrescente";"Garoa/Chuvisco";"Dupla";"Reta";"Sim";2;0;0;0;2;0;0;2;-15,77877014;-48,53655159;"SPRF-DF";"DEL01-DF";"UOP02-DEL03-DF"
130991;2018-04-29;"domingo";"13:50:00";"RO";319;62,1;"PORTO VELHO";"Falta de Atenção à Condução";"Colisão traseira";"Com Vítimas Feridas";"Pleno dia";"Crescente";"Céu Claro";"Dupla";"Reta";"Não";6;0;1;0;5;0;1;2;-8,746046;-63,888527;"SPRF-RO";"DEL01-RO";"UOP01-DEL01-RO"
130992;2018-04-29;"domingo";"14:50:00";"SC";470;181,7;"POUSO REDONDO";"Falta de Atenção à Condução";"Colisão transversal";"Com Vítimas Feridas";"Pleno dia";"Crescente";"Nublado";"Simples";"Reta";"Não";2;0;0;1;1;0;1;2;-27,25013616;-49,98897672;"SPRF-SC";"DEL04-SC";"UOP02-DEL04-SC"
130994;2018-04-29;"domingo";"14:30:00";"MG";381;490,8;"BETIM";"Desobediência às normas de trânsito pelo condutor";"Colisão traseira";"Com Vítimas Feridas";"Pleno dia";"Decrescente";"Sol";"Dupla";"Reta";"Não";2;0;1;0;1;0;1;2;-19,95766814;-44,14996505;"SPRF-MG";"DEL01-MG";"UOP03-DEL01-MG"
130995;2018-04-29;"domingo";"15:30:00";"CE";222;8,5;"CAUCAIA";"Falta de Atenção à Condução";"Colisão lateral";"Com Vítimas Feridas";"Pleno dia";"Crescente";"Céu Claro";"Dupla";"Rotatória";"Sim";2;0;1;0;1;0;1;2;-3,7379959;-38,6452223;"SPRF-CE";"DEL01-CE";"UOP01-DEL01-CE"
130997;2018-04-29;"domingo";"14:45:00";"AL";104;26,7;"UNIAO DOS PALMARES";"Falta de Atenção do Pedestre";"Saída de leito carroçável";"Com Vítimas Feridas";"Pleno dia";"Decrescente";"Chuva";"Simples";"Curva";"Não";2;0;2;0;0;0;2;1;-9,15667151;-36,0140419;"SPRF-AL";"DEL01-AL";"UOP02-DEL01-AL"
130998;2018-02-28;"quarta-feira";"14:50:00";"MG";251;513,2;"MONTES CLAROS";"Pista Escorregadia";"Queda de ocupante de veículo";"Com Vítimas Feridas";"Pleno dia";"Crescente";"Céu Claro";"Simples";"Reta";"Não";4;0;2;0;0;2;2;2;-16,6556;-43,7194;"SPRF-MG";"DEL12-MG";"UOP01-DEL12-MG"
130999;2018-04-29;"domingo";"14:30:00";"RS";116;115;"SAO MARCOS";"Desobediência às normas de trânsito pelo condutor";"Saída de leito carroçável";"Com Vítimas Fatais";"Pleno dia";"Crescente";"Céu Claro";"Simples";"Curva";"Sim";2;1;0;0;0;1;0;2;-28,97395;-51,071573;"SPRF-RS";"DEL05-RS";"UOP01-DEL05-RS"
131000;2018-04-29;"domingo";"15:15:00";"RN";226;304;"JANDUIS";"Desobediência às normas de trânsito pelo condutor";"Colisão frontal";"Com Vítimas Fatais";"Pleno dia";"Crescente";"Céu Claro";"Simples";"Reta";"Não";3;1;1;0;1;0;1;2;-5,97823591;-37,36975193;"SPRF-RN";"DEL04-RN";"UOP01-DEL04-RN"
131002;2018-04-29;"domingo";"18:00:00";"PR";116;111;"CURITIBA";"Falta de Atenção à Condução";"Colisão com objeto estático";"Com Vítimas Feridas";"Plena Noite";"Crescente";"Céu Claro";"Dupla";"Reta";"Não";1;0;1;0;0;0;1;1;-25,55518002;-49,27324176;"SPRF-PR";"DEL01-PR";"UOP01-DEL01-PR"
131003;2018-04-29;"domingo";"10:15:00";"RJ";101;134;"CARAPEBUS";"Condutor Dormindo";"Saída de leito carroçável";"Com Vítimas Feridas";"Pleno dia";"Decrescente";"Sol";"Dupla";"Reta";"Não";1;0;0;1;0;0;1;1;-22,11708163;-41,70323253;"SPRF-RJ";"DEL02-RJ";"UOP04-DEL08-RJ"
131005;2018-04-29;"domingo";"15:45:00";"RJ";116;195;"QUEIMADOS";"Falta de Atenção à Condução";"Colisão traseira";"Com Vítimas Feridas";"Pleno dia";"Decrescente";"Céu Claro";"Dupla";"Reta";"Sim";4;0;1;0;3;0;1;2;-22,73660679;-43,54740143;"SPRF-RJ";"DEL01-RJ";"UOP03-DEL01-RJ"
131006;2018-04-29;"domingo";"15:45:00";"MG";40;660,9;"CARANDAI";"Velocidade Incompatível";"Colisão frontal";"Com Vítimas Feridas";"Pleno dia";"Crescente";"Céu Claro";"Dupla";"Curva";"Não";5;0;3;0;0;2;3;3;-20,90893181;-43,82896364;"SPRF-MG";"DEL05-MG";"UOP02-DEL05-MG"
131007;2018-04-29;"domingo";"15:00:00";"SE";101;174;"ESTANCIA";"Ingestão de Álcool";"Queda de ocupante de veículo";"Com Vítimas Feridas";"Pleno dia";"Decrescente";"Céu Claro";"Simples";"Reta";"Não";1;0;1;0;0;0;1;1;-11,2414;-37,4316;"SPRF-SE";"DEL02-SE";"UOP01-DEL02-SE"
131008;2018-04-29;"domingo";"15:00:00";"SC";101;320,5;"PESCARIA BRAVA";"Ingestão de Álcool";"Colisão traseira";"Com Vítimas Feridas";"Pleno dia";"Crescente";"Sol";"Dupla";"Reta";"Sim";7;0;4;1;2;0;5;2;-28,42682893;-48,8845135;"SPRF-SC";"DEL02-SC";"UOP01-DEL02-SC"
131009;2018-04-29;"domingo";"15:40:00";"PI";316;301,5;"PICOS";"Falta de Atenção à Condução";"Colisão traseira";"Sem Vítimas";"Pleno dia";"Crescente";"Nublado";"Simples";"Em Obras";"Sim";2;0;0;0;1;1;0;2;-7,05846423;-41,52368546;"SPRF-PI";"DEL04-PI";"UOP01-DEL04-PI"
131013;2018-04-29;"domingo";"15:40:00";"PA";155;342;"MARABA";"Falta de Atenção à Condução";"Colisão transversal";"Com Vítimas Feridas";"Pleno dia";"Crescente";"Sol";"Simples";"Curva";"Não";2;0;1;0;0;1;1;2;-5,378458;-49,076744;"SPRF-PA";"DEL03-PA";"UOP01-DEL03-PA"
131018;2018-04-29;"domingo";"15:20:00";"PR";277;649,8;"MATELANDIA";"Falta de Atenção à Condução";"Colisão lateral";"Sem Vítimas";"Pleno dia";"Decrescente";"Céu Claro";"Simples";"Reta;Declive";"Não";2;0;0;0;2;0;0;2;-25,184059;-53,930557;"SPRF-PR";"DEL05-PR";"UOP02-DEL05-PR"
131019;2018-04-29;"domingo";"17:00:00";"GO";50;280,6;"CATALAO";"Falta de Atenção à Condução";"Colisão transversal";"Com Vítimas Feridas";"Pleno dia";"Crescente";"Céu Claro";"Dupla";"Reta";"Sim";2;0;2;0;0;0;2;2;-18,1784;-47,9362;"SPRF-GO";"DEL06-GO";"UOP01-DEL06-GO"
131020;2018-04-29;"domingo";"16:44:00";"CE";116;14;"FORTALEZA";"Falta de Atenção à Condução";"Tombamento";"Com Vítimas Feridas";"Pleno dia";"Crescente";"Céu Claro";"Dupla";"Reta";"Sim";1;0;1;0;0;0;1;1;-3,87100909;-38,49870622;"SPRF-CE";"DEL01-CE";"UOP02-DEL01-CE"
131021;2018-04-29;"domingo";"16:50:00";"MG";50;86,1;"UBERLANDIA";"Falta de Atenção à Condução";"Saída de leito carroçável";"Com Vítimas Feridas";"Pleno dia";"Decrescente";"Céu Claro";"Dupla";"Reta";"Não";2;0;2;0;0;0;2;1;-19,017397;-48,206269;"SPRF-MG";"DEL15-MG";"UOP01-DEL15-MG"
131026;2018-04-29;"domingo";"17:00:00";"MG";40;469,1;"SETE LAGOAS";"Avarias e/ou desgaste excessivo no pneu";"Colisão com objeto estático";"Sem Vítimas";"Pleno dia";"Decrescente";"Céu Claro";"Dupla";"Reta;Aclive";"Não";1;0;0;0;1;0;0;1;-19,461;-44,301;"SPRF-MG";"DEL02-MG";"UOP01-DEL02-MG"
131030;2018-04-29;"domingo";"17:20:00";"RS";386;41,9;"FREDERICO WESTPHALEN";"Não guardar distância de segurança";"Colisão traseira";"Com Vítimas Feridas";"Pleno dia";"Crescente";"Céu Claro";"Simples";"Reta";"Sim";3;0;2;0;0;1;2;2;-27,42098893;-53,42033386;"SPRF-RS";"DEL08-RS";"UOP02-DEL08-RS"
131032;2018-04-29;"domingo";"17:50:00";"PE";101;41,7;"IGARASSU";"Falta de Atenção do Pedestre";"Atropelamento de Pedestre";"Com Vítimas Fatais";"Anoitecer";"Crescente";"Nublado";"Múltipla";"Aclive";"Sim";2;1;0;0;1;0;0;2;-7,848456;-34,909638;"SPRF-PE";"DEL01-PE";"UOP02-DEL01-PE"
131033;2018-04-29;"domingo";"18:15:00";"AL";316;134,3;"ESTRELA DE ALAGOAS";"Ingestão de Álcool";"Colisão traseira";"Com Vítimas Fatais";"Plena Noite";"Crescente";"Nublado";"Simples";"Reta";"Sim";4;1;0;3;0;0;3;2;-9,389712;-36,809151;"SPRF-AL";"DEL03-AL";"UOP01-DEL03-AL"
131034;2018-04-29;"domingo";"17:55:00";"MG";364;0,2;"PLANURA";"Desobediência às normas de trânsito pelo condutor";"Colisão transversal";"Com Vítimas Feridas";"Anoitecer";"Crescente";"Céu Claro";"Simples";"Reta";"Não";2;0;0;1;1;0;1;2;-20,13824;-48,702347;"SPRF-MG";"DEL13-MG";"UOP02-DEL13-MG"
131035;2018-04-29;"domingo";"17:10:00";"ES";262;0,3;"CARIACICA";"Falta de Atenção à Condução";"Colisão com objeto estático";"Sem Vítimas";"Anoitecer";"Decrescente";"Céu Claro";"Dupla";"Reta";"Não";1;0;0;0;0;1;0;1;-20,3268604;-40,3522595;"SPRF-ES";"DEL01-ES";"UOP01-DEL01-ES"
131036;2018-04-29;"domingo";"13:00:00";"MG";116;761,9;"LEOPOLDINA";"Falta de Atenção à Condução";"Colisão transversal";"Com Vítimas Feridas";"Pleno dia";"Decrescente";"Sol";"Simples";"Interseção de Vias";"Sim";5;0;4;0;1;0;4;2;-21,52793575;-42,62159407;"SPRF-MG";"DEL07-MG";"UOP01-DEL07-MG"
131037;2018-04-29;"domingo";"16:40:00";"SC";101;208,1;"SAO JOSE";"Falta de Atenção à Condução";"Colisão traseira";"Com Vítimas Feridas";"Pleno dia";"Decrescente";"Céu Claro";"Múltipla";"Reta";"Sim";2;0;1;0;1;0;1;2;-27,60450616;-48,63323894;"SPRF-SC";"DEL01-SC";"UOP01-DEL01-SC"
131038;2018-04-29;"domingo";"17:50:00";"MG";40;573;"ITABIRITO";"Defeito Mecânico no Veículo";"Queda de ocupante de veículo";"Com Vítimas Feridas";"Anoitecer";"Decrescente";"Céu Claro";"Simples";"Reta;Aclive";"Não";2;0;2;0;0;0;2;1;-20,246;-43,9643;"SPRF-MG";"DEL01-MG";"UOP02-DEL01-MG"
131039;2018-04-29;"domingo";"18:10:00";"MA";135;18;"SAO LUIS";"Pista Escorregadia";"Saída de leito carroçável";"Sem Vítimas";"Plena Noite";"Decrescente";"Garoa/Chuvisco";"Dupla";"Declive";"Não";1;0;0;0;1;0;0;1;-2,71715304;-44,32043552;"SPRF-MA";"DEL01-MA";"UOP01-DEL01-MA"
131040;2018-04-29;"domingo";"18:40:00";"SP";101;50,3;"UBATUBA";"Falta de Atenção à Condução";"Colisão traseira";"Sem Vítimas";"Anoitecer";"Decrescente";"Céu Claro";"Simples";"Reta";"Sim";2;0;0;0;1;1;0;2;-23,45672734;-45,07073522;"SPRF-SP";"DEL06-SP";"UOP01-DEL06-SP"
131041;2018-04-29;"domingo";"18:20:00";"PR";373;178,3;"PONTA GROSSA";"Falta de Atenção à Condução";"Colisão transversal";"Com Vítimas Fatais";"Plena Noite";"Decrescente";"Céu Claro";"Dupla";"Reta";"Sim";3;1;0;0;2;0;0;3;-25,04828054;-50,23206711;"SPRF-PR";"DEL03-PR";"UOP01-DEL03-PR"
131042;2018-04-29;"domingo";"18:30:00";"GO";80;395,4;"SAO MIGUEL DO ARAGUAIA";"Velocidade Incompatível";"Colisão traseira";"Com Vítimas Fatais";"Anoitecer";"Decrescente";"Ignorado";"Simples";"Reta";"Não";6;2;2;0;0;2;2;4;-13,28940163;-50,4334259;"SPRF-GO";"DEL07-GO";"UOP01-DEL07-GO"
131045;2018-04-29;"domingo";"18:00:00";"RN";101;81,6;"NATAL";"Desobediência às normas de trânsito pelo condutor";"Colisão transversal";"Com Vítimas Feridas";"Plena Noite";"Decrescente";"Nublado";"Dupla";"Reta";"Sim";2;0;0;1;0;1;1;2;-5,76673;-35,27759;"SPRF-RN";"DEL02-RN";"UOP01-DEL02-RN"
131047;2018-04-29;"domingo";"16:40:00";"BA";101;685,3;"ITAGIMIRIM";"Defeito Mecânico no Veículo";"Capotamento";"Com Vítimas Feridas";"Pleno dia";"Crescente";"Céu Claro";"Simples";"Reta";"Não";4;0;4;0;0;0;4;1;-16,1442;-39,5982;"SPRF-BA";"DEL09-BA";"UOP01-DEL09-BA"
131048;2018-04-29;"domingo";"17:55:00";"MG";116;589;"DIVISA ALEGRE";"Ingestão de Álcool";"Colisão traseira";"Com Vítimas Feridas";"Anoitecer";"Crescente";"Céu Claro";"Simples";"Reta";"Não";2;0;1;0;0;1;1;2;-15,761115;-41,332664;"SPRF-MG";"DEL06-MG";"UOP03-DEL06-MG"
131049;2018-04-29;"domingo";"17:30:00";"MG";262;544;"LUZ";"Falta de Atenção à Condução";"Saída de leito carroçável";"Com Vítimas Feridas";"Pleno dia";"Crescente";"Céu Claro";"Simples";"Curva";"Não";1;0;0;1;0;0;1;1;-19,741224;-45,852501;"SPRF-MG";"DEL08-MG";"UOP02-DEL08-MG"
131051;2018-04-29;"domingo";"19:00:00";"AL";104;26,8;"UNIAO DOS PALMARES";"Defeito na Via";"Colisão frontal";"Com Vítimas Feridas";"Plena Noite";"Crescente";"Chuva";"Simples";"Curva";"Não";5;0;3;2;0;0;5;2;-9,10769019;-36,05073452;"SPRF-AL";"DEL01-AL";"UOP02-DEL01-AL"
131052;2018-04-29;"domingo";"19:00:00";"PR";369;180,9;"ARAPONGAS";"Falta de Atenção do Pedestre";"Atropelamento de Pedestre";"Com Vítimas Fatais";"Plena Noite";"Crescente";"Céu Claro";"Dupla";"Reta";"Não";3;1;0;0;2;0;0;3;-23,37357;-51,412633;"SPRF-PR";"DEL07-PR";"UOP03-DEL07-PR"
131053;2018-04-29;"domingo";"10:00:00";"SC";282;561;"NOVA ITABERABA";"Velocidade Incompatível";"Saída de leito carroçável";"Com Vítimas Feridas";"Pleno dia";"Crescente";"Sol";"Simples";"Curva";"Não";2;0;1;0;1;0;1;1;-26,92666154;-52,85658717;"SPRF-SC";"DEL07-SC";"UOP02-DEL07-SC"
131054;2018-04-29;"domingo";"19:30:00";"SC";280;29,4;"ARAQUARI";"Falta de Atenção à Condução";"Colisão transversal";"Com Vítimas Feridas";"Plena Noite";"Crescente";"Céu Claro";"Simples";"Curva";"Sim";5;0;1;1;1;2;2;3;-26,41287658;-48,7567395;"SPRF-SC";"DEL03-SC";"UOP03-DEL03-SC"
131055;2018-04-29;"domingo";"18:20:00";"SC";101;158,9;"PORTO BELO";"Ingestão de Álcool";"Saída de leito carroçável";"Sem Vítimas";"Amanhecer";"Crescente";"Céu Claro";"Dupla";"Reta";"Não";1;0;0;0;1;0;0;1;-27,199;-48,6146;"SPRF-SC";"DEL04-SC";"UOP03-DEL04-SC"
131057;2018-04-29;"domingo";"18:30:00";"PB";104;180;"ALCANTIL";"Velocidade Incompatível";"Colisão traseira";"Com Vítimas Feridas";"Anoitecer";"Crescente";"Céu Claro";"Simples";"Reta";"Não";2;0;0;1;1;0;1;2;-7,69380249;-36,06118441;"SPRF-PB";"DEL02-PB";"UOP03-DEL02-PB"
131060;2018-04-29;"domingo";"20:00:00";"PR";116;101;"SAO JOSE DOS PINHAIS";"Desobediência às normas de trânsito pelo condutor";"Saída de leito carroçável";"Com Vítimas Feridas";"Pleno dia";"Crescente";"Céu Claro";"Dupla";"Reta";"Sim";2;0;1;0;1;0;1;1;-25,5273391;-49,140939;"SPRF-PR";"DEL01-PR";"UOP01-DEL01-PR"
131062;2018-04-29;"domingo";"19:45:00";"GO";60;376,9;"RIO VERDE";"Defeito Mecânico no Veículo";"Queda de ocupante de veículo";"Com Vítimas Feridas";"Plena Noite";"Crescente";"Céu Claro";"Dupla";"Reta";"Não";2;0;1;1;0;0;2;1;-17,7311;-50,8695;"SPRF-GO";"DEL04-GO";"UOP01-DEL04-GO"
131064;2018-04-29;"domingo";"19:20:00";"MG";40;666,8;"CARANDAI";"Falta de Atenção à Condução";"Colisão transversal";"Com Vítimas Feridas";"Plena Noite";"Decrescente";"Céu Claro";"Simples";"Interseção de Vias";"Sim";2;0;0;1;1;0;1;2;-20,9533;-43,7919;"SPRF-MG";"DEL05-MG";"UOP02-DEL05-MG"
131065;2018-04-29;"domingo";"16:10:00";"MT";70;181;"GENERAL CARNEIRO";"Ultrapassagem Indevida";"Saída de leito carroçável";"Com Vítimas Feridas";"Pleno dia";"Crescente";"Sol";"Simples";"Declive";"Não";2;0;1;0;1;0;1;1;-15,676749;-53,598888;"SPRF-MT";"DEL05-MT";"UOP01-DEL05-MT"
131066;2018-04-29;"domingo";"19:20:00";"MS";163;251,8;"DOURADOS";"Ingestão de Álcool";"Colisão traseira";"Com Vítimas Feridas";"Plena Noite";"Crescente";"Céu Claro";"Simples";"Reta";"Sim";2;0;0;1;1;0;1;2;-22,29024797;-54,82132673;"SPRF-MS";"DEL04-MS";"UOP01-DEL04-MS"
131067;2018-04-29;"domingo";"18:15:00";"SC";470;260,2;"CURITIBANOS";"Velocidade Incompatível";"Colisão frontal";"Com Vítimas Fatais";"Anoitecer";"Crescente";"Céu Claro";"Simples";"Curva";"Não";3;1;2;0;0;0;2;2;-27,301584;-50,671352;"SPRF-SC";"DEL05-SC";"UOP03-DEL05-SC"
131068;2018-04-29;"domingo";"20:40:00";"SE";235;52,3;"ITABAIANA";"Falta de Atenção à Condução";"Colisão transversal";"Com Vítimas Feridas";"Plena Noite";"Decrescente";"Céu Claro";"Simples";"Reta";"Sim";2;0;0;1;1;0;1;2;-10,693279;-37,437557;"SPRF-SE";"DEL01-SE";"UOP02-DEL01-SE"