"id";"data_inversa";"dia_semana";"horario";"uf";"br";"km";"municipio";"causa_acidente";"tipo_acidente";"classificacao_acidente";"fase_dia";"sentido_via";"condicao_metereologica";"tipo_pista";"tracado_via";"uso_solo";"pessoas";"mortos";"feridos_leves";"feridos_graves";"ilesos";"ignorados";"feridos";"veiculos";"latitude";"longitude";"regional";"delegacia";"uop"
131194;2018-04-30;"segunda-feira";"13:50:00";"MG";381;938,5;"EXTREMA";"Falta de Atenção à Condução";"Colisão lateral";"Com Vítimas Feridas";"Pleno dia";"Decrescente";"Céu Claro";"Dupla";"Curva";"Não";3;0;2;0;1;0;2;2;-22,81703531;-46,29353905;"SPRF-MG";"DEL16-MG";"UOP03-DEL16-MG"
131195;2018-04-30;"segunda-feira";"13:40:00";"ES";262;17;"VIANA";"Falta de Atenção à Condução";"Colisão traseira";"Com Vítimas Feridas";"Pleno dia";"Crescente";"Céu Claro";"Simples";"Reta";"Sim";3;0;2;0;1;0;2;2;-20,39419247;-40,48530579;"SPRF-ES";"DEL01-ES";"UOP01-DEL01-ES"
131196;2018-04-30;"segunda-feira";"13:30:00";"GO";40;5;"VALPARAISO DE GOIAS";"Desobediência às normas de trânsito pelo condutor";"Colisão transversal";"Com Vítimas Feridas";"Pleno dia";"Crescente";"Sol";"Dupla";"Reta";"Sim";2;0;1;0;1;0;1;2;-16,09350574;-47,9821229;"SPRF-DF";"DEL01-DF";"UOP01-DEL01-DF"
131199;2018-04-30;"segunda-feira";"14:25:00";"GO";60;202,3;"GUAPO";"Falta de Atenção à Condução";"Saída de leito carroçável";"Com Vítimas Feridas";"Pleno dia";"Crescente";"Céu Claro";"Dupla";"Reta";"Não";2;0;2;0;0;0;2;1;-16,8874;-49,6243;"SPRF-GO";"DEL01-GO";"UOP02-DEL01-GO"
131202;2018-04-30;"segunda-feira";"12:15:00";"RJ";116;93;"GUAPIMIRIM";"Falta de Atenção à Condução";"Tombamento";"Com Vítimas Feridas";"Pleno dia";"Decrescente";"Sol";"Simples";"Reta";"Não";1;0;1;0;0;0;1;1;-22,464163;-42,992157;"SPRF-RJ";"DEL04-RJ";"UOP02-DEL04-RJ"
131203;2018-04-30;"segunda-feira";"14:45:00";"MG";365;653,5;"UBERLANDIA";"Velocidade Incompatível";"Saída de leito carroçável";"Com Vítimas Feridas";"Pleno dia";"Crescente";"Céu Claro";"Dupla";"Curva";"Não";1;0;1;0;0;0;1;1;-18,87335661;-48,53572011;"SPRF-MG";"DEL15-MG";"UOP01-DEL15-MG"
131206;2018-04-13;"sexta-feira";"18:50:00";"PB";101;89,8;"JOAO PESSOA";"Desobediência às normas de trânsito pelo condutor";"Colisão transversal";"Sem Vítimas";"Plena Noite";"Crescente";"Nublado";"Dupla";"Reta;Aclive;Retorno Regulamentado";"Sim";3;0;0;0;3;0;0;2;-7,17802573;-34,89988983;"SPRF-PB";"DEL01-PB";"UOP01-DEL01-PB"
131207;2018-04-30;"segunda-feira";"15:00:00";"SP";116;446,2;"REGISTRO";"Falta de Atenção à Condução";"Saída de leito carroçável";"Com Vítimas Feridas";"Pleno dia";"Decrescente";"Sol";"Dupla";"Reta";"Sim";1;0;1;0;0;0;1;1;-24,507114;-47,84865618;"SPRF-SP";"DEL05-SP";"UOP01-DEL05-SP"
131208;2018-04-30;"segunda-feira";"13:30:00";"PE";101;26;"IGARASSU";"Defeito na Via";"Capotamento";"Com Vítimas Feridas";"Pleno dia";"Decrescente";"Chuva";"Múltipla";"Curva";"Não";3;0;1;0;2;0;1;2;-7,7145;-34,9349;"SPRF-PE";"DEL01-PE";"UOP02-DEL01-PE"
131209;2018-04-30;"segunda-feira";"14:50:00";"SP";116;158,5;"JACAREI";"Não guardar distância de segurança";"Colisão traseira";"Com Vítimas Feridas";"Pleno dia";"Decrescente";"Sol";"Dupla";"Reta";"Não";1;0;1;0;0;0;1;1;-23,26297143;-45,95518649;"SPRF-SP";"DEL02-SP";"UOP01-DEL02-SP"
131210;2018-04-30;"segunda-feira";"15:40:00";"SP";116;215,2;"GUARULHOS";"Falta de Atenção à Condução";"Colisão com objeto estático";"Com Vítimas Feridas";"Pleno dia";"Decrescente";"Céu Claro";"Múltipla";"Reta";"Sim";2;0;2;0;0;0;2;1;-23,45102636;-46,46402389;"SPRF-SP";"DEL01-SP";"UOP01-DEL01-SP"
131213;2018-04-30;"segunda-feira";"15:30:00";"MG";251;477,6;"FRANCISCO SA";"Ingestão de Álcool";"Tombamento";"Com Vítimas Feridas";"Pleno dia";"Crescente";"Sol";"Simples";"Declive";"Não";1;0;1;0;0;0;1;1;-16,4717;-43,4664;"SPRF-MG";"DEL12-MG";"UOP01-DEL12-MG"
131214;2018-04-30;"segunda-feira";"15:35:00";"RS";116;146,8;"CAXIAS DO SUL";"Falta de Atenção à Condução";"Colisão lateral";"Com Vítimas Feridas";"Pleno dia";"Decrescente";"Nublado";"Dupla";"Reta";"Sim";3;0;2;0;1;0;2;2;-29,14736383;-51,1410141;"SPRF-RS";"DEL05-RS";"UOP01-DEL05-RS"
131215;2018-04-30;"segunda-feira";"16:00:00";"BA";242;788;"BARREIRAS";"Falta de Atenção à Condução";"Colisão transversal";"Com Vítimas Feridas";"Pleno dia";"Crescente";"Céu Claro";"Simples";"Interseção de Vias";"Não";3;0;3;0;0;0;3;2;-12,11834107;-44,95250344;"SPRF-BA";"DEL10-BA";"UOP01-DEL10-BA"
131216;2018-04-30;"segunda-feira";"15:30:00";"BA";324;528;"FEIRA DE SANTANA";"Falta de Atenção à Condução";"Queda de ocupante de veículo";"Com Vítimas Feridas";"Pleno dia";"Decrescente";"Céu Claro";"Dupla";"Reta";"Não";1;0;1;0;0;0;1;1;-12,32775978;-38,86261225;"SPRF-BA";"DEL01-BA";"UOP01-DEL01-BA"
131221;2018-04-30;"segunda-feira";"16:40:00";"ES";101;270;"SERRA";"Objeto estático sobre o leito carroçável";"Queda de ocupante de veículo";"Com Vítimas Feridas";"Pleno dia";"Crescente";"Céu Claro";"Múltipla";"Reta";"Sim";1;0;1;0;0;0;1;1;-20,0966972;-40,3392499;"SPRF-ES";"DEL02-ES";"UOP01-DEL02-ES"
131222;2018-04-30;"segunda-feira";"15:55:00";"RJ";116;175,8;"NOVA IGUACU";"Falta de Atenção à Condução";"Colisão lateral";"Com Vítimas Feridas";"Pleno dia";"Crescente";"Céu Claro";"Dupla";"Reta";"Sim";2;0;1;0;0;1;1;2;-22,755891;-43,43236148;"SPRF-RJ";"DEL01-RJ";"UOP02-DEL01-RJ"
131223;2018-04-30;"segunda-feira";"17:30:00";"ES";101;305;"VIANA";"Pista Escorregadia";"Tombamento";"Com Vítimas Feridas";"Pleno dia";"Decrescente";"Céu Claro";"Simples";"Rotatória";"Não";2;0;2;0;0;0;2;1;-20,38481969;-40,46291471;"SPRF-ES";"DEL03-ES";"UOP01-DEL03-ES"
131225;2018-04-30;"segunda-feira";"15:40:00";"GO";50;251,2;"CATALAO";"Falta de Atenção à Condução";"Capotamento";"Com Vítimas Feridas";"Pleno dia";"Decrescente";"Sol";"Simples";"Reta";"Não";4;0;2;2;0;0;4;1;-17,9767;-47,7964;"SPRF-GO";"DEL06-GO";"UOP01-DEL06-GO"
131226;2018-04-30;"segunda-feira";"17:50:00";"BA";101;934,3;"MUCURI";"Falta de Atenção à Condução";"Colisão transversal";"Com Vítimas Fatais";"Plena Noite";"Decrescente";"Nublado";"Simples";"Reta";"Sim";4;1;2;0;1;0;2;2;-17,99810406;-39,86058834;"SPRF-BA";"DEL09-BA";"UOP02-DEL09-BA"
131227;2018-04-30;"segunda-feira";"17:00:00";"SC";280;127,4;"RIO NEGRINHO";"Falta de Atenção à Condução";"Colisão traseira";"Com Vítimas Feridas";"Pleno dia";"Decrescente";"Céu Claro";"Simples";"Reta";"Sim";4;0;3;0;1;0;3;2;-26,23968637;-49,50560689;"SPRF-SC";"DEL06-SC";"UOP03-DEL06-SC"
131229;2018-04-30;"segunda-feira";"17:50:00";"RN";110;8,3;"AREIA BRANCA";"Falta de Atenção do Pedestre";"Atropelamento de Pedestre";"Com Vítimas Fatais";"Anoitecer";"Decrescente";"Nublado";"Simples";"Curva";"Sim";4;1;0;0;3;0;0;2;-4,979943;-37,08455;"SPRF-RN";"DEL04-RN";"UOP01-DEL04-RN"
131232;2018-04-30;"segunda-feira";"18:10:00";"PR";116;130;"FAZENDA RIO GRANDE";"Falta de Atenção à Condução";"Queda de ocupante de veículo";"Com Vítimas Feridas";"Anoitecer";"Crescente";"Nublado";"Dupla";"Reta";"Sim";1;0;1;0;0;0;1;1;-25,67502635;-49,31564916;"SPRF-PR";"DEL01-PR";"UOP03-DEL01-PR"
131234;2018-04-30;"segunda-feira";"18:00:00";"ES";101;69,5;"SAO MATEUS";"Falta de Atenção à Condução";"Colisão lateral";"Com Vítimas Feridas";"Pleno dia";"Decrescente";"Nublado";"Simples";"Aclive";"Sim";4;0;4;0;0;0;4;2;-18,74849006;-39,86202054;"SPRF-ES";"DEL04-ES";"UOP02-DEL04-ES"
131235;2018-04-30;"segunda-feira";"17:20:00";"MG";40;524,8;"CONTAGEM";"Falta de Atenção à Condução";"Colisão traseira";"Com Vítimas Feridas";"Pleno dia";"Crescente";"Céu Claro";"Dupla";"Reta";"Sim";2;0;1;0;1;0;1;2;-19,88118883;-44,05063748;"SPRF-MG";"DEL01-MG";"UOP03-DEL01-MG"
131238;2018-04-30;"segunda-feira";"18:00:00";"PR";369;86,9;"CORNELIO PROCOPIO";"Animais na Pista";"Atropelamento de Animal";"Com Vítimas Feridas";"Anoitecer";"Decrescente";"Céu Claro";"Simples";"Reta";"Não";1;0;1;0;0;0;1;1;-23,18076358;-50,62498525;"SPRF-PR";"DEL07-PR";"UOP05-DEL07-PR"
131239;2018-04-30;"segunda-feira";"18:15:00";"ES";101;204;"JOAO NEIVA";"Desobediência às normas de trânsito pelo condutor";"Colisão traseira";"Com Vítimas Feridas";"Plena Noite";"Decrescente";"Nublado";"Simples";"Reta";"Sim";3;0;1;0;2;0;1;2;-19,75636423;-40,38024902;"SPRF-ES";"DEL02-ES";"UOP01-DEL02-ES"
131241;2018-04-30;"segunda-feira";"19:00:00";"PR";277;3;"PARANAGUA";"Falta de Atenção à Condução";"Colisão traseira";"Com Vítimas Feridas";"Plena Noite";"Crescente";"Céu Claro";"Simples";"Reta";"Sim";5;0;2;2;1;0;4;3;-25,54430975;-48,55966955;"SPRF-PR";"DEL01-PR";"UOP05-DEL01-PR"
131242;2018-04-30;"segunda-feira";"18:00:00";"MT";163;742,4;"JUSCIMEIRA";"Falta de Atenção à Condução";"Colisão transversal";"Com Vítimas Feridas";"Anoitecer";"Decrescente";"Céu Claro";"Simples";"Reta";"Não";6;0;2;0;2;2;2;2;-16,160118;-54,796425;"SPRF-MT";"DEL06-MT";"UOP01-DEL06-MT"
131243;2018-04-30;"segunda-feira";"18:55:00";"DF";20;17,8;"BRASILIA";"Falta de Atenção à Condução";"Colisão lateral";"Com Vítimas Feridas";"Plena Noite";"Crescente";"Céu Claro";"Dupla";"Declive;Reta";"Sim";3;0;2;0;0;1;2;2;-15,61774655;-47,71030784;"SPRF-DF";"DEL02-DF";"UOP01-DEL02-DF"
131246;2018-04-10;"terça-feira";"18:20:00";"RS";116;301,6;"GUAIBA";"Desobediência às normas de trânsito pelo condutor";"Colisão transversal";"Com Vítimas Feridas";"Plena Noite";"Crescente";"Céu Claro";"Simples";"Reta";"Sim";2;0;0;1;1;0;1;2;-30,13659121;-51,3572216;"SPRF-RS";"DEL02-RS";"UOP01-DEL02-RS"
131247;2018-04-30;"segunda-feira";"18:20:00";"RS";290;636;"ALEGRETE";"Velocidade Incompatível";"Capotamento";"Com Vítimas Feridas";"Anoitecer";"Crescente";"Chuva";"Simples";"Reta";"Não";2;0;2;0;0;0;2;1;-30;-56;"SPRF-RS";"DEL13-RS";"UOP02-DEL13-RS"
131248;2018-04-30;"segunda-feira";"19:10:00";"RJ";40;82,3;"PETROPOLIS";"Defeito na Via";"Queda de ocupante de veículo";"Com Vítimas Feridas";"Pleno dia";"Decrescente";"Nublado";"Dupla";"Reta";"Não";1;0;1;0;0;0;1;1;-22,53031678;-43,22021484;"SPRF-RJ";"DEL06-RJ";"UOP01-DEL06-RJ"
131250;2018-04-30;"segunda-feira";"18:20:00";"RO";364;340,8;"JI-PARANA";"Desobediência às normas de trânsito pelo condutor";"Colisão transversal";"Com Vítimas Feridas";"Plena Noite";"Decrescente";"Céu Claro";"Simples";"Interseção de Vias";"Sim";2;0;1;0;1;0;1;2;-10,89260587;-61,93094015;"SPRF-RO";"DEL02-RO";"UOP01-DEL02-RO"
131254;2018-04-30;"segunda-feira";"19:00:00";"ES";101;264;"SERRA";"Desobediência às normas de trânsito pelo condutor";"Colisão transversal";"Sem Vítimas";"Plena Noite";"Crescente";"Céu Claro";"Dupla";"Reta";"Sim";2;0;0;0;2;0;0;2;-20,17617874;-40,26706517;"SPRF-ES";"DEL02-ES";"UOP01-DEL02-ES"
131255;2018-04-30;"segunda-feira";"19:15:00";"RS";386;351,3;"ESTRELA";"Desobediência às normas de trânsito pelo condutor";"Colisão transversal";"Com Vítimas Feridas";"Plena Noite";"Crescente";"Céu Claro";"Dupla";"Reta";"Sim";3;0;1;0;2;0;1;2;-29,49739848;-51,95064241;"SPRF-RS";"DEL04-RS";"UOP01-DEL04-RS"
131257;2018-04-30;"segunda-feira";"19:00:00";"SC";163;2,1;"DIONISIO CERQUEIRA";"Desobediência às normas de trânsito pelo condutor";"Colisão transversal";"Com Vítimas Feridas";"Plena Noite";"Decrescente";"Céu Claro";"Simples";"Interseção de Vias;Reta";"Sim";3;0;1;2;0;0;3;2;-26,26984173;-53,63224983;"SPRF-SC";"DEL07-SC";"UOP03-DEL07-SC"
131258;2018-04-30;"segunda-feira";"20:30:00";"TO";153;333,5;"GUARAI";"Falta de Atenção à Condução";"Colisão lateral";"Com Vítimas Feridas";"Plena Noite";"Crescente";"Céu Claro";"Dupla";"Reta";"Sim";2;0;0;1;1;0;1;2;-8,83558145;-48,51193428;"SPRF-TO";"DEL02-TO";"UOP02-DEL02-TO"
131259;2018-01-21;"domingo";"15:50:00";"GO";40;90,3;"CRISTALINA";"Desobediência às normas de trânsito pelo condutor";"Saída de leito carroçável";"Com Vítimas Feridas";"Pleno dia";"Decrescente";"Céu Claro";"Simples";"Reta";"Não";5;0;0;5;0;0;5;1;-16,72488961;-47,64106385;"SPRF-DF";"DEL01-DF";"UOP02-DEL01-DF"
131261;2018-04-30;"segunda-feira";"20:30:00";"GO";60;176,3;"ABADIA DE GOIAS";"Falta de Atenção à Condução";"Colisão com objeto estático";"Com Vítimas Feridas";"Plena Noite";"Crescente";"Céu Claro";"Dupla";"Curva";"Sim";1;0;1;0;0;0;1;1;-16,75681751;-49,44301486;"SPRF-GO";"DEL01-GO";"UOP02-DEL01-GO"
131265;2018-04-30;"segunda-feira";"14:50:00";"MA";135;112,1;"ITAPECURU MIRIM";"Desobediência às normas de trânsito pelo condutor";"Colisão transversal";"Com Vítimas Fatais";"Pleno dia";"Crescente";"Chuva";"Simples";"Reta";"Não";3;1;0;1;1;0;1;3;-3,45310787;-44,52690125;"SPRF-MA";"DEL01-MA";"UOP02-DEL01-MA"
131266;2018-04-30;"segunda-feira";"20:00:00";"PR";277;606;"SANTA TEREZA DO OESTE";"Falta de Atenção à Condução";"Colisão lateral";"Com Vítimas Feridas";"Plena Noite";"Decrescente";"Céu Claro";"Simples";"Reta";"Não";3;0;2;0;1;0;2;2;-25,033302;-53,588326;"SPRF-PR";"DEL05-PR";"UOP02-DEL05-PR"
131268;2018-04-30;"segunda-feira";"21:10:00";"RN";101;94;"NATAL";"Defeito na Via";"Colisão com objeto estático";"Com Vítimas Feridas";"Plena Noite";"Decrescente";"Nublado";"Múltipla";"Reta";"Sim";2;0;2;0;0;0;2;1;-5,828385;-35,210518;"SPRF-RN";"DEL01-RN";"UOP01-DEL01-RN"
131269;2018-04-30;"segunda-feira";"21:25:00";"GO";60;94,7;"ANAPOLIS";"Avarias e/ou desgaste excessivo no pneu";"Queda de ocupante de veículo";"Com Vítimas Feridas";"Plena Noite";"Crescente";"Céu Claro";"Dupla";"Curva";"Sim";2;0;1;1;0;0;2;1;-16,36115654;-48,93299818;"SPRF-GO";"DEL02-GO";"UOP01-DEL02-GO"
131271;2018-04-30;"segunda-feira";"20:05:00";"PR";163;83;"PLANALTO";"Desobediência às normas de trânsito pelo condutor";"Colisão transversal";"Com Vítimas Feridas";"Plena Noite";"Crescente";"Céu Claro";"Simples";"Reta;Interseção de Vias";"Sim";6;0;1;0;5;0;1;2;-25,71006359;-53,76889229;"SPRF-PR";"DEL02-PR";"UOP02-DEL02-PR"
131272;2018-04-30;"segunda-feira";"21:00:00";"MG";40;274;"TRES MARIAS";"Defeito Mecânico no Veículo";"Colisão traseira";"Com Vítimas Feridas";"Plena Noite";"Decrescente";"Céu Claro";"Simples";"Reta";"Sim";15;0;1;0;14;0;1;2;-18,192932;-45,24408;"SPRF-MG";"DEL14-MG";"UOP02-DEL14-MG"
131273;2018-04-30;"segunda-feira";"22:05:00";"PR";476;135,1;"CURITIBA";"Falta de Atenção à Condução";"Colisão traseira";"Com Vítimas Feridas";"Plena Noite";"Crescente";"Céu Claro";"Múltipla";"Reta";"Não";4;0;1;0;3;0;1;4;-25,48444267;-49,26681519;"SPRF-PR";"DEL01-PR";"UOP07-DEL01-PR"
131274;2018-04-30;"segunda-feira";"18:50:00";"MG";116;706;"MURIAE";"Desobediência às normas de trânsito pelo condutor";"Colisão transversal";"Com Vítimas Feridas";"Plena Noite";"Crescente";"Céu Claro";"Simples";"Reta";"Sim";3;0;2;1;0;0;3;2;-21,14054858;-42,38134861;"SPRF-MG";"DEL07-MG";"UOP02-DEL07-MG"
131277;2018-04-30;"segunda-feira";"22:30:00";"PI";343;12;"PARNAIBA";"Falta de Atenção do Pedestre";"Atropelamento de Pedestre";"Com Vítimas Feridas";"Plena Noite";"Crescente";"Céu Claro";"Dupla";"Reta";"Sim";2;0;2;0;0;0;2;2;-2,910035;-41,753662;"SPRF-PI";"DEL05-PI";"UOP01-DEL05-PI"
131279;2018-04-30;"segunda-feira";"21:50:00";"MT";163;1032;"MATUPA";"Desobediência às normas de trânsito pelo pedestre";"Atropelamento de Pedestre";"Com Vítimas Feridas";"Plena Noite";"Crescente";"Céu Claro";"Simples";"Interseção de Vias";"Sim";4;0;0;1;1;2;1;2;-10,165411;-54,936695;"SPRF-MT";"DEL06-MT";"UOP02-DEL06-MT"
131281;2018-04-30;"segunda-feira";"21:00:00";"GO";158;266,9;"PIRANHAS";"Defeito Mecânico no Veículo";"Capotamento";"Sem Vítimas";"Plena Noite";"Decrescente";"Céu Claro";"Dupla";"Reta";"Não";2;0;0;0;2;0;0;1;-16,429823;-51,796246;"SPRF-GO";"DEL05-GO";"UOP01-DEL05-GO"
131283;2018-04-30;"segunda-feira";"23:30:00";"PR";376;145,2;"PRESIDENTE CASTELO BRANCO";"Desobediência às normas de trânsito pelo condutor";"Queda de ocupante de veículo";"Com Vítimas Feridas";"Plena Noite";"Decrescente";"Céu Claro";"Dupla";"Em Obras";"Sim";1;0;1;0;0;0;1;1;-23,27386596;-52,15676661;"SPRF-PR";"DEL07-PR";"UOP02-DEL09-PR"
131286;2018-04-30;"segunda-feira";"23:45:00";"SP";381;49;"ATIBAIA";"Velocidade Incompatível";"Colisão traseira";"Com Vítimas Feridas";"Plena Noite";"Crescente";"Céu Claro";"Dupla";"Reta";"Sim";2;0;1;0;1;0;1;2;-23,21159074;-46,59295857;"SPRF-SP";"DEL03-SP";"UOP01-DEL03-SP"
131290;2018-05-01;"terça-feira";"01:20:00";"RS";290;142,4;"ELDORADO DO SUL";"Velocidade Incompatível";"Saída de leito carroçável";"Com Vítimas Fatais";"Plena Noite";"Crescente";"Nublado";"Simples";"Reta";"Não";3;2;0;1;0;0;1;1;-30,0922636;-51,6358602;"SPRF-RS";"DEL02-RS";"UOP01-DEL02-RS"
131292;2018-05-01;"terça-feira";"01:27:00";"SC";101;207;"SAO JOSE";"Falta de Atenção à Condução";"Tombamento";"Sem Vítimas";"Plena Noite";"Crescente";"Céu Claro";"Dupla";"Desvio Temporário;Interseção de Vias;Rotatória";"Sim";1;0;0;0;1;0;0;1;-27,59929309;-48,62175446;"SPRF-SC";"DEL01-SC";"UOP01-DEL01-SC"
131294;2018-05-01;"terça-feira";"00:55:00";"MG";50;171,3;"UBERABA";"Falta de Atenção à Condução";"Tombamento";"Com Vítimas Feridas";"Plena Noite";"Crescente";"Céu Claro";"Dupla";"Reta";"Sim";1;0;1;0;0;0;1;1;-19,74960301;-47,98270469;"SPRF-MG";"DEL13-MG";"UOP01-DEL13-MG"
131295;2018-05-01;"terça-feira";"02:00:00";"MG";50;164;"UBERABA";"Condutor Dormindo";"Saída de leito carroçável";"Com Vítimas Feridas";"Plena Noite";"Decrescente";"Nublado";"Dupla";"Reta";"Não";1;0;1;0;0;0;1;1;-19,6933;-47,9895;"SPRF-MG";"DEL13-MG";"UOP01-DEL13-MG"
131296;2018-05-01;"terça-feira";"01:50:00";"DF";40;4,5;"BRASILIA";"Desobediência às normas de trânsito pelo condutor";"Colisão com objeto estático";"Com Vítimas Feridas";"Plena Noite";"Crescente";"Céu Claro";"Dupla";"Reta";"Sim";2;0;1;0;1;0;1;1;-16,012033;-47,982124;"SPRF-DF";"DEL01-DF";"UOP01-DEL01-DF"
131298;2018-05-01;"terça-feira";"01:30:00";"RJ";116;169;"SAO JOAO DE MERITI";"Ingestão de Álcool";"Atropelamento de Pedestre";"Com Vítimas Feridas";"Plena Noite";"Decrescente";"Céu Claro";"Múltipla";"Reta";"Sim";2;0;1;0;1;0;1;2;-22,816206;-43,324463;"SPRF-RJ";"DEL01-RJ";"UOP02-DEL01-RJ"
131299;2018-05-01;"terça-feira";"02:35:00";"SP";116;204;"ARUJA";"Falta de Atenção à Condução";"Colisão com objeto estático";"Sem Vítimas";"Plena Noite";"Decrescente";"Céu Claro";"Múltipla";"Reta";"Não";2;0;0;0;1;1;0;1;-23,41195916;-46,35476053;"SPRF-SP";"DEL01-SP";"UOP02-DEL01-SP"
131301;2018-05-01;"terça-feira";"02:30:00";"PR";476;130,5;"CURITIBA";"Falta de Atenção à Condução";"Colisão com objeto estático";"Com Vítimas Feridas";"Plena Noite";"Crescente";"Céu Claro";"Múltipla";"Reta";"Sim";3;0;3;0;0;0;3;1;-25,45226498;-49,24034178;"SPRF-PR";"DEL01-PR";"UOP07-DEL01-PR"
131302;2018-05-01;"terça-feira";"03:15:00";"MG";354;754,4;"ITAMONTE";"Condutor Dormindo";"Saída de leito carroçável";"Com Vítimas Feridas";"Plena Noite";"Crescente";"Céu Claro";"Simples";"Curva";"Sim";2;0;1;0;0;1;1;2;-22,288578;-44,868155;"SPRF-MG";"DEL05-MG";"UOP01-DEL17-MG"
131303;2018-05-01;"terça-feira";"03:00:00";"GO";60;380;"RIO VERDE";"Ingestão de Álcool";"Saída de leito carroçável";"Com Vítimas Feridas";"Pleno dia";"Crescente";"Céu Claro";"Simples";"Reta";"Sim";2;0;1;0;0;1;1;2;-17,7646;-50,8822;"SPRF-GO";"DEL04-GO";"UOP01-DEL04-GO"
131309;2018-05-01;"terça-feira";"05:10:00";"CE";20;405,2;"CAUCAIA";"Ingestão de Álcool";"Atropelamento de Pedestre";"Com Vítimas Feridas";"Amanhecer";"Decrescente";"Céu Claro";"Simples";"Reta";"Sim";3;0;1;1;0;1;2;2;-3,77188098;-38,67380619;"SPRF-CE";"DEL01-CE";"UOP01-DEL01-CE"
131310;2018-05-01;"terça-feira";"04:30:00";"MS";163;826;"SONORA";"Animais na Pista";"Saída de leito carroçável";"Com Vítimas Feridas";"Plena Noite";"Decrescente";"Céu Claro";"Dupla";"Reta";"Não";1;0;1;0;0;0;1;1;-17,696088;-54,748206;"SPRF-MS";"DEL06-MS";"UOP01-DEL06-MS"
131311;2018-05-01;"terça-feira";"06:00:00";"SC";282;3,5;"SAO JOSE";"Falta de Atenção à Condução";"Saída de leito carroçável";"Com Vítimas Feridas";"Pleno dia";"Crescente";"Céu Claro";"Múltipla";"Reta";"Não";3;0;1;1;1;0;2;1;-27,600384;-48,599705;"SPRF-SC";"DEL01-SC";"UOP01-DEL01-SC"
131312;2018-05-01;"terça-feira";"06:20:00";"ES";101;218;"IBIRACU";"Condutor Dormindo";"Saída de leito carroçável";"Com Vítimas Feridas";"Pleno dia";"Crescente";"Sol";"Simples";"Reta";"Não";2;0;1;0;1;0;1;1;-19,84374266;-40,38587764;"SPRF-ES";"DEL02-ES";"UOP01-DEL02-ES"
131314;2018-05-01;"terça-feira";"06:30:00";"SP";116;209,5;"GUARULHOS";"Não guardar distância de segurança";"Colisão traseira";"Sem Vítimas";"Pleno dia";"Decrescente";"Sol";"Dupla";"Reta";"Não";2;0;0;0;0;2;0;2;-23,42547822;-46,40321374;"SPRF-SP";"DEL01-SP";"UOP01-DEL01-SP"
131315;2018-05-01;"terça-feira";"05:40:00";"MG";381;572,5;"ITAGUARA";"Ingestão de Álcool";"Colisão lateral";"Sem Vítimas";"Amanhecer";"Decrescente";"Céu Claro";"Dupla";"Reta";"Não";4;0;0;0;4;0;0;2;-20,4344;-44,5556;"SPRF-MG";"DEL04-MG";"UOP03-DEL04-MG"
131317;2018-05-01;"terça-feira";"08:00:00";"PR";476;131,5;"CURITIBA";"Ingestão de Álcool";"Colisão traseira";"Sem Vítimas";"Pleno dia";"Decrescente";"Sol";"Múltipla";"Interseção de Vias";"Sim";2;0;0;0;2;0;0;2;-25,45877483;-49,24964905;"SPRF-PR";"DEL01-PR";"UOP07-DEL01-PR"
131319;2018-05-01;"terça-feira";"08:05:00";"GO";60;50,3;"APARECIDA DE GOIANIA";"Falta de Atenção à Condução";"Colisão traseira";"Com Vítimas Feridas";"Pleno dia";"Decrescente";"Sol";"Dupla";"Retorno Regulamentado";"Sim";2;0;1;0;1;0;1;2;-16,8101;-49,2397;"SPRF-GO";"DEL01-GO";"UOP03-DEL01-GO"
131321;2018-05-01;"terça-feira";"07:50:00";"MG";40;506;"RIBEIRAO DAS NEVES";"Falta de Atenção à Condução";"Queda de ocupante de veículo";"Com Vítimas Feridas";"Pleno dia";"Decrescente";"Céu Claro";"Dupla";"Retorno Regulamentado";"Sim";1;0;1;0;0;0;1;1;-19,76496692;-44,13038492;"SPRF-MG";"DEL02-MG";"UOP01-DEL02-MG"
131323;2018-05-01;"terça-feira";"09:10:00";"BA";116;424;"FEIRA DE SANTANA";"Não guardar distância de segurança";"Colisão traseira";"Com Vítimas Feridas";"Pleno dia";"Decrescente";"Céu Claro";"Múltipla";"Reta";"Sim";3;0;1;0;2;0;1;2;-12,23450023;-38,97597313;"SPRF-BA";"DEL02-BA";"UOP01-DEL02-BA"
131324;2018-05-01;"terça-feira";"08:10:00";"MT";364;203;"RONDONOPOLIS";"Falta de Atenção à Condução";"Capotamento";"Com Vítimas Feridas";"Pleno dia";"Crescente";"Céu Claro";"Dupla";"Viaduto";"Não";1;0;1;0;0;0;1;1;-16,475554;-54,653446;"SPRF-MT";"DEL02-MT";"UOP01-DEL02-MT"