"id";"data_inversa";"dia_semana";"horario";"uf";"br";"km";"municipio";"causa_acidente";"tipo_acidente";"classificacao_acidente";"fase_dia";"sentido_via";"condicao_metereologica";"tipo_pista";"tracado_via";"uso_solo";"pessoas";"mortos";"feridos_leves";"feridos_graves";"ilesos";"ignorados";"feridos";"veiculos";"latitude";"longitude";"regional";"delegacia";"uop"
131437;2018-05-01;"terça-feira";"20:10:00";"RJ";40;109;"DUQUE DE CAXIAS";"Velocidade Incompatível";"Colisão com objeto estático";"Com Vítimas Feridas";"Plena Noite";"Crescente";"Céu Claro";"Múltipla";"Reta";"Sim";3;0;2;0;1;0;2;1;-22,6836;-43,2852;"SPRF-RJ";"DEL01-RJ";"UOP01-DEL01-RJ"
131438;2018-05-01;"terça-feira";"20:15:00";"MG";40;808,7;"MATIAS BARBOSA";"Velocidade Incompatível";"Colisão com objeto estático";"Com Vítimas Fatais";"Plena Noite";"Crescente";"Céu Claro";"Dupla";"Curva";"Não";1;1;0;0;0;0;0;1;-21,8826;-43,3271;"SPRF-MG";"DEL05-MG";"UOP01-DEL05-MG"
131439;2018-05-01;"terça-feira";"20:10:00";"PE";101;90,7;"CABO DE SANTO AGOSTINHO";"Falta de Atenção à Condução";"Colisão lateral";"Sem Vítimas";"Plena Noite";"Decrescente";"Céu Claro";"Dupla";"Reta";"Sim";2;0;0;0;2;0;0;2;-8,23413966;-34,97846246;"SPRF-PE";"DEL01-PE";"UOP03-DEL01-PE"
131441;2018-05-01;"terça-feira";"19:05:00";"SC";163;72,4;"SAO MIGUEL DO OESTE";"Não guardar distância de segurança";"Colisão traseira";"Com Vítimas Feridas";"Plena Noite";"Decrescente";"Céu Claro";"Simples";"Curva";"Não";3;0;2;0;1;0;2;2;-26,70176889;-53,51353794;"SPRF-SC";"DEL07-SC";"UOP03-DEL07-SC"
131445;2018-05-01;"terça-feira";"20:20:00";"PI";316;315;"PICOS";"Desobediência às normas de trânsito pelo condutor";"Colisão transversal";"Com Vítimas Feridas";"Plena Noite";"Decrescente";"Céu Claro";"Simples";"Reta";"Sim";2;0;0;1;0;1;1;2;-7,082342;-41,420852;"SPRF-PI";"DEL04-PI";"UOP01-DEL04-PI"
131447;2018-05-01;"terça-feira";"19:30:00";"RR";174;510;"BOA VISTA";"Ingestão de Álcool";"Colisão frontal";"Com Vítimas Feridas";"Plena Noite";"Decrescente";"Nublado";"Simples";"Reta";"Sim";4;0;2;0;2;0;2;2;2,85765431;-60,69940388;"SPRF-RR";"DEL01-RR";"UOP01-DEL01-RR"
131448;2018-05-01;"terça-feira";"19:50:00";"GO";50;112,9;"CRISTALINA";"Defeito Mecânico no Veículo";"Tombamento";"Com Vítimas Feridas";"Plena Noite";"Decrescente";"Céu Claro";"Dupla";"Reta";"Não";2;0;1;1;0;0;2;1;-16,713329;-47,6698303;"SPRF-DF";"DEL01-DF";"UOP02-DEL01-DF"
131449;2018-05-01;"terça-feira";"20:25:00";"SC";101;311,3;"LAGUNA";"Falta de Atenção à Condução";"Colisão traseira";"Com Vítimas Feridas";"Plena Noite";"Decrescente";"Garoa/Chuvisco";"Múltipla";"Reta";"Não";3;0;1;0;2;0;1;2;-28,43572313;-48,80780607;"SPRF-SC";"DEL02-SC";"UOP01-DEL02-SC"
131450;2018-05-01;"terça-feira";"21:30:00";"PR";476;131,8;"CURITIBA";"Ingestão de Álcool";"Colisão traseira";"Sem Vítimas";"Plena Noite";"Crescente";"Nublado";"Múltipla";"Reta";"Sim";3;0;0;0;2;1;0;3;-25,4592398;-49,25035715;"SPRF-PR";"DEL01-PR";"UOP07-DEL01-PR"
131451;2018-05-01;"terça-feira";"21:30:00";"SC";101;154;"PORTO BELO";"Ingestão de Álcool";"Colisão com objeto estático";"Com Vítimas Feridas";"Plena Noite";"Crescente";"Garoa/Chuvisco";"Dupla";"Reta";"Sim";2;0;2;0;0;0;2;1;-27,163;-48,6111;"SPRF-SC";"DEL04-SC";"UOP03-DEL04-SC"
131454;2018-05-01;"terça-feira";"21:30:00";"MG";267;123,3;"JUIZ DE FORA";"Desobediência às normas de trânsito pelo condutor";"Colisão transversal";"Sem Vítimas";"Plena Noite";"Decrescente";"Céu Claro";"Simples";"Curva;Declive";"Não";2;0;0;0;2;0;0;2;-21,71152317;-43,49064589;"SPRF-MG";"DEL05-MG";"UOP01-DEL05-MG"
131455;2018-05-01;"terça-feira";"21:30:00";"RJ";101;46;"CAMPOS DOS GOYTACAZES";"Velocidade Incompatível";"Saída de leito carroçável";"Com Vítimas Feridas";"Plena Noite";"Crescente";"Céu Claro";"Simples";"Reta";"Sim";2;0;1;0;1;0;1;1;-21,5984;-41,316833;"SPRF-RJ";"DEL08-RJ";"UOP01-DEL08-RJ"
131457;2018-05-01;"terça-feira";"22:00:00";"ES";101;325,2;"GUARAPARI";"Falta de Atenção à Condução";"Colisão transversal";"Com Vítimas Feridas";"Plena Noite";"Crescente";"Céu Claro";"Simples";"Reta";"Não";8;0;4;0;4;0;4;2;-20,55730492;-40,48040539;"SPRF-ES";"DEL03-ES";"UOP01-DEL03-ES"
131458;2018-05-01;"terça-feira";"18:10:00";"MT";364;271;"JACIARA";"Falta de Atenção à Condução";"Colisão traseira";"Com Vítimas Feridas";"Plena Noite";"Crescente";"Céu Claro";"Dupla";"Reta";"Sim";1;0;1;0;0;0;1;1;-15,96963;-54,953629;"SPRF-MT";"DEL02-MT";"UOP02-DEL05-MT"
131459;2018-05-01;"terça-feira";"15:30:00";"RJ";116;201;"SEROPEDICA";"Falta de Atenção à Condução";"Saída de leito carroçável";"Sem Vítimas";"Pleno dia";"Decrescente";"Céu Claro";"Dupla";"Reta";"Não";1;0;0;0;1;0;0;1;-22,72045701;-43,68713379;"SPRF-RJ";"DEL01-RJ";"UOP03-DEL01-RJ"
131460;2018-05-01;"terça-feira";"19:25:00";"RJ";101;334;"RIO DE JANEIRO";"Falta de Atenção à Condução";"Colisão lateral";"Com Vítimas Feridas";"Plena Noite";"Crescente";"Céu Claro";"Dupla";"Curva";"Não";5;0;1;1;3;0;2;2;-22,88661333;-43,21746826;"SPRF-RJ";"DEL02-RJ";"UOP02-DEL02-RJ"
131461;2018-05-01;"terça-feira";"22:10:00";"GO";40;10,5;"LUZIANIA";"Velocidade Incompatível";"Colisão com objeto estático";"Sem Vítimas";"Plena Noite";"Decrescente";"Céu Claro";"Dupla";"Reta";"Sim";1;0;0;0;1;0;0;1;-16,131285;-47,957923;"SPRF-DF";"DEL01-DF";"UOP01-DEL01-DF"
131462;2018-05-01;"terça-feira";"20:30:00";"SC";470;283,8;"BRUNOPOLIS";"Falta de Atenção à Condução";"Saída de leito carroçável";"Com Vítimas Feridas";"Plena Noite";"Decrescente";"Nublado";"Simples";"Curva";"Não";1;0;1;0;0;0;1;1;-27,3339057;-50,88642418;"SPRF-SC";"DEL07-SC";"UOP06-DEL07-SC"
131463;2018-05-01;"terça-feira";"22:25:00";"SC";101;204,2;"SAO JOSE";"Falta de Atenção à Condução";"Tombamento";"Com Vítimas Feridas";"Plena Noite";"Crescente";"Chuva";"Dupla";"Reta";"Sim";1;0;0;1;0;0;1;1;-27,5742;-48,6134;"SPRF-SC";"DEL01-SC";"UOP01-DEL01-SC"
131465;2018-05-01;"terça-feira";"21:00:00";"SC";101;127;"ITAJAI";"Mal Súbito";"Tombamento";"Com Vítimas Feridas";"Plena Noite";"Crescente";"Nublado";"Dupla";"Reta";"Não";1;0;1;0;0;0;1;1;-26,973;-48,6828;"SPRF-SC";"DEL04-SC";"UOP04-DEL04-SC"
131467;2018-05-01;"terça-feira";"21:35:00";"SE";235;9;"NOSSA SENHORA DO SOCORRO";"Ingestão de Álcool";"Saída de leito carroçável";"Com Vítimas Feridas";"Plena Noite";"Crescente";"Nublado";"Simples";"Reta;Viaduto";"Não";1;0;1;0;0;0;1;1;-10,88441965;-37,1343022;"SPRF-SE";"DEL01-SE";"UOP01-DEL01-SE"
131468;2018-05-01;"terça-feira";"22:50:00";"SP";116;70,3;"APARECIDA";"Defeito Mecânico no Veículo";"Colisão com objeto estático";"Com Vítimas Feridas";"Plena Noite";"Crescente";"Céu Claro";"Dupla";"Curva";"Sim";2;0;1;0;1;0;1;1;-22,848471;-45,227058;"SPRF-SP";"DEL08-SP";"UOP01-DEL08-SP"
131469;2018-05-01;"terça-feira";"23:40:00";"MA";10;249,9;"IMPERATRIZ";"Desobediência às normas de trânsito pelo condutor";"Colisão frontal";"Com Vítimas Fatais";"Plena Noite";"Crescente";"Nublado";"Simples";"Reta;Rotatória";"Sim";3;2;0;1;0;0;1;2;-5,55157656;-47,45897412;"SPRF-MA";"DEL04-MA";"UOP01-DEL04-MA"
131470;2018-05-01;"terça-feira";"23:15:00";"PR";277;119;"CAMPO LARGO";"Falta de Atenção à Condução";"Saída de leito carroçável";"Com Vítimas Feridas";"Plena Noite";"Crescente";"Nublado";"Dupla";"Curva";"Não";2;0;1;0;1;0;1;1;-25,435181;-49,540189;"SPRF-PR";"DEL01-PR";"UOP06-DEL01-PR"
131471;2018-05-01;"terça-feira";"21:50:00";"AC";364;131,1;"RIO BRANCO";"Falta de Atenção à Condução";"Tombamento";"Com Vítimas Feridas";"Plena Noite";"Crescente";"Céu Claro";"Simples";"Reta";"Não";2;0;1;0;0;1;1;2;-10,0148343;-67,84097314;"SPRF-AC";"DEL01-AC";"UOP01-DEL01-AC"
131473;2018-05-01;"terça-feira";"23:50:00";"SP";116;226,7;"GUARULHOS";"Falta de Atenção à Condução";"Colisão lateral";"Sem Vítimas";"Plena Noite";"Decrescente";"Céu Claro";"Múltipla";"Reta";"Sim";2;0;0;0;2;0;0;2;-23,49637927;-46,55626863;"SPRF-SP";"DEL01-SP";"UOP01-DEL01-SP"
131474;2018-05-02;"quarta-feira";"00:50:00";"AL";104;32;"UNIAO DOS PALMARES";"Falta de Atenção à Condução";"Colisão frontal";"Sem Vítimas";"Plena Noite";"Crescente";"Céu Claro";"Simples";"Reta";"Não";2;0;0;0;1;1;0;2;-9,13607984;-36,02251768;"SPRF-AL";"DEL01-AL";"UOP02-DEL01-AL"
131475;2018-05-02;"quarta-feira";"01:30:00";"SC";101;188;"BIGUACU";"Defeito Mecânico no Veículo";"Tombamento";"Com Vítimas Feridas";"Plena Noite";"Decrescente";"Chuva";"Múltipla";"Reta";"Sim";2;0;1;0;1;0;1;1;-27,44880015;-48,63216832;"SPRF-SC";"DEL01-SC";"UOP01-DEL01-SC"
131476;2018-05-01;"terça-feira";"20:08:00";"GO";60;329,6;"ACREUNA";"Animais na Pista";"Atropelamento de Animal";"Com Vítimas Feridas";"Plena Noite";"Crescente";"Céu Claro";"Dupla";"Reta";"Não";4;0;1;0;3;0;1;1;-17,55173588;-50,51616669;"SPRF-GO";"DEL04-GO";"UOP01-DEL04-GO"
131477;2018-05-02;"quarta-feira";"01:15:00";"SP";116;134;"CACAPAVA";"Falta de Atenção à Condução";"Colisão com objeto estático";"Com Vítimas Feridas";"Plena Noite";"Decrescente";"Céu Claro";"Dupla";"Reta";"Sim";3;0;2;0;1;0;2;1;-23,140236;-45,761753;"SPRF-SP";"DEL06-SP";"UOP02-DEL02-SP"
131478;2018-05-02;"quarta-feira";"01:10:00";"PR";376;617,5;"SAO JOSE DOS PINHAIS";"Restrição de Visibilidade";"Colisão com objeto estático";"Com Vítimas Feridas";"Plena Noite";"Decrescente";"Ignorado";"Dupla";"Curva";"Não";6;0;2;0;4;0;2;2;-25,59044846;-49,17156518;"SPRF-PR";"DEL01-PR";"DEL7/1-UOP08/PR"
131479;2018-05-02;"quarta-feira";"02:15:00";"PR";116;39;"CAMPINA GRANDE DO SUL";"Velocidade Incompatível";"Capotamento";"Com Vítimas Feridas";"Plena Noite";"Crescente";"Garoa/Chuvisco";"Dupla";"Curva";"Não";1;0;1;0;0;0;1;1;-25,156248;-48,86134;"SPRF-PR";"DEL01-PR";"UOP02-DEL01-PR"
131480;2018-05-02;"quarta-feira";"03:15:00";"SC";101;155;"PORTO BELO";"Falta de Atenção à Condução";"Capotamento";"Sem Vítimas";"Plena Noite";"Crescente";"Garoa/Chuvisco";"Múltipla";"Reta";"Não";1;0;0;0;0;1;0;1;-27,1719;-48,6115;"SPRF-SC";"DEL04-SC";"UOP03-DEL04-SC"
131481;2018-05-02;"quarta-feira";"03:50:00";"SP";116;347,1;"MIRACATU";"Não guardar distância de segurança";"Colisão com objeto estático";"Com Vítimas Feridas";"Plena Noite";"Decrescente";"Nublado";"Dupla";"Curva";"Não";2;0;1;0;1;0;1;1;-24,04890361;-47,19857454;"SPRF-SP";"DEL04-SP";"UOP03-DEL04-SP"
131483;2018-05-02;"quarta-feira";"03:30:00";"MT";364;207,9;"RONDONOPOLIS";"Ingestão de Álcool";"Saída de leito carroçável";"Sem Vítimas";"Plena Noite";"Crescente";"Céu Claro";"Dupla";"Reta";"Sim";1;0;0;0;1;0;0;1;-16,44347;-54,672367;"SPRF-MT";"DEL02-MT";"UOP01-DEL02-MT"
131484;2018-05-02;"quarta-feira";"04:40:00";"SC";282;216;"LAGES";"Falta de Atenção à Condução";"Colisão transversal";"Sem Vítimas";"Plena Noite";"Crescente";"Céu Claro";"Simples";"Reta";"Sim";2;0;0;0;2;0;0;2;-27,79747028;-50,2972069;"SPRF-SC";"DEL05-SC";"UOP01-DEL05-SC"
131485;2018-05-02;"quarta-feira";"05:00:00";"PA";316;9;"MARITUBA";"Desobediência às normas de trânsito pelo condutor";"Colisão transversal";"Com Vítimas Feridas";"Plena Noite";"Decrescente";"Ignorado";"Dupla";"Reta";"Sim";2;0;2;0;0;0;2;2;-1,366236;-48,367805;"SPRF-PA";"DEL01-PA";"DEL19/1-UOP05/PA"
131486;2018-05-02;"quarta-feira";"06:05:00";"GO";153;515,1;"APARECIDA DE GOIANIA";"Desobediência às normas de trânsito pelo condutor";"Colisão lateral";"Com Vítimas Feridas";"Amanhecer";"Crescente";"Céu Claro";"Dupla";"Retorno Regulamentado";"Sim";2;0;0;1;1;0;1;2;-16,83253688;-49,24367309;"SPRF-GO";"DEL01-GO";"UOP03-DEL01-GO"
131489;2018-05-02;"quarta-feira";"06:30:00";"PR";373;241,1;"GUAMIRANGA";"Defeito Mecânico no Veículo";"Tombamento";"Com Vítimas Feridas";"Amanhecer";"Crescente";"Céu Claro";"Simples";"Reta";"Não";2;0;2;0;0;0;2;1;-25,19525769;-50,75770497;"SPRF-PR";"DEL03-PR";"UOP01-DEL03-PR"
131490;2018-05-02;"quarta-feira";"06:20:00";"DF";70;8;"BRASILIA";"Falta de Atenção à Condução";"Colisão lateral";"Com Vítimas Feridas";"Amanhecer";"Decrescente";"Céu Claro";"Dupla";"Reta";"Sim";1;0;1;0;0;0;1;1;-15,78463441;-48,13102841;"SPRF-DF";"DEL01-DF";"UOP02-DEL03-DF"
131491;2018-05-01;"terça-feira";"20:00:00";"MG";262;416,6;"PARA DE MINAS";"Ingestão de Álcool";"Saída de leito carroçável";"Sem Vítimas";"Plena Noite";"Crescente";"Céu Claro";"Dupla";"Reta";"Não";1;0;0;0;1;0;0;1;-19,8838;-44,7439;"SPRF-MG";"DEL08-MG";"UOP03-DEL08-MG"
131492;2018-05-02;"quarta-feira";"06:40:00";"PA";230;116;"MARABA";"Ingestão de Álcool";"Colisão transversal";"Com Vítimas Feridas";"Amanhecer";"Decrescente";"Céu Claro";"Dupla";"Interseção de Vias";"Sim";2;0;1;0;1;0;1;2;-5,359473;-49,083012;"SPRF-PA";"DEL03-PA";"UOP01-DEL03-PA"
131493;2018-05-02;"quarta-feira";"06:40:00";"SP";381;26,5;"ATIBAIA";"Falta de Atenção à Condução";"Colisão traseira";"Com Vítimas Feridas";"Pleno dia";"Crescente";"Céu Claro";"Dupla";"Reta";"Sim";2;0;1;0;1;0;1;2;-23,02647795;-46,5357728;"SPRF-SP";"DEL03-SP";"UOP02-DEL03-SP"
131494;2018-04-15;"domingo";"21:00:00";"GO";60;50;"ABADIANIA";"Defeito na Via";"Capotamento";"Com Vítimas Feridas";"Plena Noite";"Crescente";"Chuva";"Dupla";"Reta";"Não";4;0;4;0;0;0;4;1;-16,1625;-48,624;"SPRF-GO";"DEL02-GO";"UOP01-DEL02-GO"
131495;2018-05-02;"quarta-feira";"07:20:00";"GO";40;47;"LUZIANIA";"Falta de Atenção à Condução";"Saída de leito carroçável";"Sem Vítimas";"Pleno dia";"Decrescente";"Céu Claro";"Simples";"Reta";"Não";1;0;0;0;1;0;0;1;-16,419948;-47,824968;"SPRF-DF";"DEL01-DF";"UOP02-DEL01-DF"
131496;2018-05-02;"quarta-feira";"07:15:00";"PR";376;211;"MANDAGUARI";"Animais na Pista";"Saída de leito carroçável";"Com Vítimas Feridas";"Pleno dia";"Crescente";"Céu Claro";"Dupla";"Aclive";"Não";1;0;1;0;0;0;1;1;-23,56411;-51,657597;"SPRF-PR";"DEL07-PR";"UOP01-DEL09-PR"
131497;2018-03-23;"sexta-feira";"18:52:00";"PR";476;130,2;"CURITIBA";"Falta de Atenção do Pedestre";"Queda de ocupante de veículo";"Com Vítimas Feridas";"Anoitecer";"Crescente";"Céu Claro";"Múltipla";"Reta";"Sim";1;0;1;0;0;0;1;1;-25,449564;-49,236427;"SPRF-PR";"DEL01-PR";"UOP07-DEL01-PR"
131498;2018-05-02;"quarta-feira";"07:20:00";"PR";277;587,5;"CASCAVEL";"Falta de Atenção à Condução";"Colisão transversal";"Com Vítimas Feridas";"Pleno dia";"Decrescente";"Sol";"Simples";"Reta";"Não";2;0;1;0;0;1;1;2;-24,97103204;-53,4330773;"SPRF-PR";"DEL04-PR";"UOP01-DEL04-PR"
131500;2018-05-02;"quarta-feira";"06:50:00";"MG";146;609,7;"POCOS DE CALDAS";"Velocidade Incompatível";"Colisão frontal";"Com Vítimas Feridas";"Pleno dia";"Decrescente";"Céu Claro";"Simples";"Aclive";"Sim";2;0;1;0;1;0;1;2;-21,80655381;-46,49049819;"SPRF-MG";"DEL09-MG";"UOP01-DEL09-MG"
131504;2018-05-02;"quarta-feira";"07:40:00";"PA";163;1002;"SANTAREM";"Falta de Atenção à Condução";"Colisão transversal";"Com Vítimas Feridas";"Pleno dia";"Crescente";"Nublado";"Simples";"Aclive;Interseção de Vias;Reta";"Sim";2;0;1;0;1;0;1;2;-2,45585072;-54,72858667;"SPRF-PA";"DEL05-PA";"UOP01-DEL05-PA"
131508;2018-05-02;"quarta-feira";"07:30:00";"SC";101;44,2;"JOINVILLE";"Falta de Atenção à Condução";"Colisão lateral";"Com Vítimas Feridas";"Pleno dia";"Decrescente";"Garoa/Chuvisco";"Múltipla";"Reta";"Sim";2;0;1;0;1;0;1;2;-26,32838238;-48,86371099;"SPRF-SC";"DEL03-SC";"UOP01-DEL03-SC"
131509;2018-05-02;"quarta-feira";"07:40:00";"RS";285;293;"PASSO FUNDO";"Falta de Atenção à Condução";"Colisão transversal";"Com Vítimas Feridas";"Pleno dia";"Crescente";"Sol";"Simples";"Reta;Interseção de Vias";"Não";2;0;1;0;1;0;1;2;-28,23262277;-52,39134192;"SPRF-RS";"DEL08-RS";"UOP03-DEL08-RS"
131510;2018-05-02;"quarta-feira";"07:45:00";"SP";116;207;"GUARULHOS";"Falta de Atenção à Condução";"Colisão com objeto em movimento";"Com Vítimas Feridas";"Pleno dia";"Crescente";"Nublado";"Múltipla";"Reta";"Não";2;0;2;0;0;0;2;2;-23,426893;-46,4085262;"SPRF-SP";"DEL01-SP";"UOP01-DEL01-SP"
131511;2018-05-02;"quarta-feira";"08:09:00";"DF";20;14;"BRASILIA";"Falta de Atenção à Condução";"Colisão traseira";"Com Vítimas Feridas";"Pleno dia";"Decrescente";"Céu Claro";"Dupla";"Reta";"Não";2;0;1;0;1;0;1;2;-15,63067753;-47,73457528;"SPRF-DF";"DEL02-DF";"UOP01-DEL02-DF"
131514;2018-05-02;"quarta-feira";"07:50:00";"PB";230;26;"JOAO PESSOA";"Desobediência às normas de trânsito pelo condutor";"Colisão transversal";"Com Vítimas Feridas";"Pleno dia";"Crescente";"Céu Claro";"Múltipla";"Reta";"Não";3;0;2;0;1;0;2;2;-7,1690734;-34,87997711;"SPRF-PB";"DEL01-PB";"UOP01-DEL01-PB"
131517;2018-05-02;"quarta-feira";"08:20:00";"DF";70;9;"BRASILIA";"Falta de Atenção à Condução";"Colisão lateral";"Com Vítimas Feridas";"Pleno dia";"Decrescente";"Céu Claro";"Dupla";"Reta";"Sim";2;0;1;0;1;0;1;2;-15,7872774;-48,13939691;"SPRF-DF";"DEL01-DF";"UOP02-DEL03-DF"
131519;2018-05-02;"quarta-feira";"08:30:00";"SC";101;186;"BIGUACU";"Falta de Atenção à Condução";"Capotamento";"Com Vítimas Feridas";"Pleno dia";"Decrescente";"Nublado";"Dupla";"Curva";"Sim";1;0;1;0;0;0;1;1;-27,4432;-48,6284;"SPRF-SC";"DEL01-SC";"UOP01-DEL01-SC"
131521;2018-05-02;"quarta-feira";"08:20:00";"PR";277;133,9;"BALSA NOVA";"Falta de Atenção à Condução";"Atropelamento de Animal";"Com Vítimas Feridas";"Pleno dia";"Crescente";"Sol";"Dupla";"Reta";"Não";2;0;2;0;0;0;2;1;-25,47144477;-49,67279065;"SPRF-PR";"DEL01-PR";"UOP06-DEL01-PR"
131525;2018-05-02;"quarta-feira";"07:40:00";"ES";101;265;"SERRA";"Desobediência às normas de trânsito pelo condutor";"Colisão transversal";"Com Vítimas Feridas";"Pleno dia";"Decrescente";"Céu Claro";"Dupla";"Reta";"Sim";2;0;1;0;1;0;1;2;-20,18188792;-40,26575089;"SPRF-ES";"DEL02-ES";"UOP01-DEL02-ES"
131527;2018-05-02;"quarta-feira";"08:00:00";"SP";116;490,4;"CAJATI";"Avarias e/ou desgaste excessivo no pneu";"Saída de leito carroçável";"Com Vítimas Feridas";"Pleno dia";"Decrescente";"Céu Claro";"Dupla";"Curva";"Não";1;0;0;1;0;0;1;1;-24,73849052;-48,12234879;"SPRF-SP";"DEL05-SP";"UAP01-DEL05-SP"
131528;2018-05-02;"quarta-feira";"07:40:00";"BA";324;559,9;"AMELIA RODRIGUES";"Condutor Dormindo";"Saída de leito carroçável";"Com Vítimas Feridas";"Pleno dia";"Decrescente";"Nublado";"Dupla";"Reta";"Não";1;0;1;0;0;0;1;1;-12,49926383;-38,64372253;"SPRF-BA";"DEL01-BA";"UOP01-DEL01-BA"
131529;2018-05-02;"quarta-feira";"07:39:00";"SP";381;89,7;"GUARULHOS";"Não guardar distância de segurança";"Colisão lateral";"Com Vítimas Feridas";"Pleno dia";"Crescente";"Sol";"Dupla";"Aclive;Reta";"Sim";2;0;1;0;1;0;1;2;-23,49256428;-46,55932737;"SPRF-SP";"DEL03-SP";"DEL6/3-UOP03/SP"
131530;2018-05-02;"quarta-feira";"09:18:00";"SP";153;27;"NOVA GRANADA";"Falta de Atenção à Condução";"Colisão transversal";"Com Vítimas Feridas";"Pleno dia";"Crescente";"Sol";"Simples";"Rotatória";"Não";2;0;1;0;1;0;1;2;-20,513098;-49,323086;"SPRF-SP";"DEL09-SP";"UOP01-DEL09-SP"
131533;2018-05-02;"quarta-feira";"09:45:00";"PR";277;193,9;"PALMEIRA";"Mal Súbito";"Saída de leito carroçável";"Com Vítimas Feridas";"Pleno dia";"Crescente";"Céu Claro";"Simples";"Reta;Declive";"Não";1;0;1;0;0;0;1;1;-25,46194244;-50,22098958;"SPRF-PR";"DEL03-PR";"UOP02-DEL08-PR"
131534;2018-05-02;"quarta-feira";"10:03:00";"GO";70;8,9;"AGUAS LINDAS DE GOIAS";"Desobediência às normas de trânsito pelo condutor";"Colisão traseira";"Com Vítimas Feridas";"Pleno dia";"Crescente";"Céu Claro";"Dupla";"Reta";"Sim";4;0;0;2;1;1;2;3;-15,7375;-48,2739;"SPRF-DF";"DEL01-DF";"UOP02-DEL03-DF"
131535;2018-05-02;"quarta-feira";"09:20:00";"SP";116;395;"MIRACATU";"Velocidade Incompatível";"Colisão traseira";"Com Vítimas Feridas";"Pleno dia";"Decrescente";"Sol";"Dupla";"Reta";"Sim";7;0;3;0;4;0;3;2;-24,28851331;-47,45973587;"SPRF-SP";"DEL04-SP";"UOP02-DEL04-SP"
131538;2018-05-02;"quarta-feira";"11:00:00";"SC";470;50;"BLUMENAU";"Desobediência às normas de trânsito pelo condutor";"Colisão transversal";"Com Vítimas Feridas";"Pleno dia";"Decrescente";"Nublado";"Simples";"Curva";"Não";3;0;1;0;2;0;1;2;-26,85925114;-49,05827343;"SPRF-SC";"DEL04-SC";"UOP01-DEL04-SC"
131539;2018-05-02;"quarta-feira";"10:45:00";"RS";386;318,3;"MARQUES DE SOUZA";"Condutor Dormindo";"Saída de leito carroçável";"Com Vítimas Feridas";"Pleno dia";"Crescente";"Nublado";"Simples";"Aclive;Curva";"Não";1;0;1;0;0;0;1;1;-29,27419594;-52,14038372;"SPRF-RS";"DEL04-RS";"UOP01-DEL04-RS"
131540;2018-05-02;"quarta-feira";"10:00:00";"SP";116;271;"TABOAO DA SERRA";"Não guardar distância de segurança";"Colisão traseira";"Com Vítimas Feridas";"Pleno dia";"Decrescente";"Céu Claro";"Dupla";"Reta";"Sim";2;0;1;0;1;0;1;2;-23,61119;-46,77494;"SPRF-SP";"DEL04-SP";"UOP01-DEL04-SP"
131542;2018-05-02;"quarta-feira";"10:20:00";"RJ";116;170;"SAO JOAO DE MERITI";"Defeito Mecânico no Veículo";"Incêndio";"Sem Vítimas";"Pleno dia";"Crescente";"Nublado";"Dupla";"Reta";"Sim";2;0;0;0;2;0;0;1;-22,8111;-43,333729;"SPRF-RJ";"DEL01-RJ";"UOP02-DEL01-RJ"
131543;2018-03-07;"quarta-feira";"18:40:00";"PR";376;8,5;"MARINGA";"Avarias e/ou desgaste excessivo no pneu";"Tombamento";"Com Vítimas Feridas";"Anoitecer";"Crescente";"Ignorado";"Dupla";"Reta";"Sim";1;0;1;0;0;0;1;1;-23,37803805;-51,91587925;"SPRF-PR";"DEL07-PR";"UOP01-DEL09-PR"
131544;2018-05-02;"quarta-feira";"08:00:00";"MT";174;91,3;"CACERES";"Falta de Atenção à Condução";"Saída de leito carroçável";"Com Vítimas Feridas";"Pleno dia";"Decrescente";"Céu Claro";"Simples";"Reta";"Não";4;0;1;0;3;0;1;1;-15,89639489;-57,81582565;"SPRF-MT";"DEL03-MT";"UOP01-DEL03-MT"
131545;2018-04-13;"sexta-feira";"14:25:00";"PB";101;99,8;"CONDE";"Velocidade Incompatível";"Saída de leito carroçável";"Sem Vítimas";"Pleno dia";"Decrescente";"Nublado";"Dupla";"Curva;Aclive";"Não";1;0;0;0;1;0;0;1;-7,260895;-34,93599;"SPRF-PB";"DEL01-PB";"UOP01-DEL01-PB"
131546;2018-05-02;"quarta-feira";"11:20:00";"SC";101;195,9;"BIGUACU";"Defeito Mecânico no Veículo";"Tombamento";"Com Vítimas Feridas";"Pleno dia";"Crescente";"Nublado";"Dupla";"Reta";"Sim";1;0;1;0;0;0;1;1;-27,511;-48,643;"SPRF-SC";"DEL01-SC";"UOP01-DEL01-SC"
131547;2018-05-02;"quarta-feira";"09:00:00";"SC";282;70;"RANCHO QUEIMADO";"Pista Escorregadia";"Saída de leito carroçável";"Com Vítimas Feridas";"Pleno dia";"Crescente";"Nublado";"Simples";"Curva";"Não";3;0;2;0;1;0;2;1;-27,692705;-49,091351;"SPRF-SC";"DEL01-SC";"UOP03-DEL01-SC"
131548;2018-05-02;"quarta-feira";"11:00:00";"RJ";40;50;"PETROPOLIS";"Falta de Atenção à Condução";"Colisão lateral";"Com Vítimas Feridas";"Pleno dia";"Decrescente";"Céu Claro";"Dupla";"Curva";"Não";2;0;0;1;1;0;1;2;-22,325386;-43,132659;"SPRF-RJ";"DEL06-RJ";"UOP01-DEL06-RJ"