"id";"data_inversa";"dia_semana";"horario";"uf";"br";"km";"municipio";"causa_acidente";"tipo_acidente";"classificacao_acidente";"fase_dia";"sentido_via";"condicao_metereologica";"tipo_pista";"tracado_via";"uso_solo";"pessoas";"mortos";"feridos_leves";"feridos_graves";"ilesos";"ignorados";"feridos";"veiculos";"latitude";"longitude";"regional";"delegacia";"uop"
131550;2018-05-02;"quarta-feira";"11:15:00";"GO";60;173;"ABADIA DE GOIAS";"Falta de Atenção à Condução";"Capotamento";"Com Vítimas Feridas";"Pleno dia";"Crescente";"Céu Claro";"Dupla";"Aclive;Reta";"Não";1;0;0;1;0;0;1;1;-16,7423;-49,415;"SPRF-GO";"DEL01-GO";"UOP02-DEL01-GO"
131551;2018-05-02;"quarta-feira";"07:00:00";"MG";356;266,5;"MURIAE";"Defeito Mecânico no Veículo";"Tombamento";"Com Vítimas Feridas";"Pleno dia";"Decrescente";"Céu Claro";"Simples";"Reta";"Sim";1;0;1;0;0;0;1;1;-21,129145;-42,361414;"SPRF-MG";"DEL07-MG";"UOP02-DEL07-MG"
131552;2018-05-02;"quarta-feira";"11:10:00";"SC";280;55;"GUARAMIRIM";"Falta de Atenção à Condução";"Colisão transversal";"Com Vítimas Feridas";"Pleno dia";"Crescente";"Céu Claro";"Simples";"Reta";"Sim";2;0;1;0;1;0;1;2;-26,475843;-48,993786;"SPRF-SC";"DEL03-SC";"UOP03-DEL03-SC"
131554;2018-05-02;"quarta-feira";"10:00:00";"RO";319;62,1;"PORTO VELHO";"Falta de Atenção à Condução";"Colisão lateral";"Com Vítimas Feridas";"Pleno dia";"Decrescente";"Sol";"Dupla";"Reta";"Sim";2;0;1;0;1;0;1;2;-8,75135832;-63,8875592;"SPRF-RO";"DEL01-RO";"UOP01-DEL01-RO"
131555;2018-05-02;"quarta-feira";"12:30:00";"SP";116;220;"GUARULHOS";"Falta de Atenção à Condução";"Colisão traseira";"Com Vítimas Feridas";"Pleno dia";"Crescente";"Céu Claro";"Simples";"Reta";"Sim";3;0;1;1;1;0;2;2;-23,4380491;-46,40625;"SPRF-SP";"DEL01-SP";"UOP01-DEL01-SP"
131559;2018-04-30;"segunda-feira";"20:20:00";"PB";230;295,9;"SANTA LUZIA";"Animais na Pista";"Atropelamento de Animal";"Com Vítimas Feridas";"Plena Noite";"Crescente";"Chuva";"Simples";"Reta";"Não";5;0;4;1;0;0;5;1;-6,8848;-36,9412;"SPRF-PB";"DEL03-PB";"UOP01-DEL03-PB"
131563;2018-05-02;"quarta-feira";"11:24:00";"ES";101;296;"CARIACICA";"Falta de Atenção à Condução";"Colisão lateral";"Com Vítimas Feridas";"Pleno dia";"Decrescente";"Céu Claro";"Múltipla";"Viaduto";"Sim";2;0;0;1;1;0;1;2;-20,34378194;-40,40754318;"SPRF-ES";"DEL01-ES";"UOP01-DEL01-ES"
131564;2018-05-02;"quarta-feira";"13:00:00";"MG";381;278;"JAGUARACU";"Falta de Atenção à Condução";"Tombamento";"Com Vítimas Feridas";"Pleno dia";"Decrescente";"Céu Claro";"Simples";"Reta";"Não";2;0;1;0;1;0;1;2;-19,56981865;-42,7141571;"SPRF-MG";"DEL03-MG";"UOP02-DEL03-MG"
131567;2018-03-03;"sábado";"20:30:00";"RS";158;157,8;"PANAMBI";"Falta de Atenção à Condução";"Colisão transversal";"Sem Vítimas";"Plena Noite";"Decrescente";"Céu Claro";"Simples";"Reta";"Não";2;0;0;0;2;0;0;2;-28,34267335;-53,5017786;"SPRF-RS";"DEL10-RS";"UOP02-DEL10-RS"
131569;2018-05-02;"quarta-feira";"12:05:00";"SE";235;0,8;"ARACAJU";"Ingestão de Álcool";"Colisão com objeto estático";"Sem Vítimas";"Pleno dia";"Crescente";"Sol";"Dupla";"Reta";"Sim";2;0;0;0;2;0;0;2;-10,90876695;-37,08348155;"SPRF-SE";"DEL01-SE";"UOP01-DEL01-SE"
131570;2018-05-02;"quarta-feira";"12:07:00";"SE";235;1,2;"ARACAJU";"Ingestão de Álcool";"Colisão com objeto estático";"Sem Vítimas";"Pleno dia";"Crescente";"Nublado";"Dupla";"Curva";"Sim";2;0;0;0;1;1;0;2;-10,90836662;-37,0867753;"SPRF-SE";"DEL01-SE";"UOP01-DEL01-SE"
131571;2018-03-23;"sexta-feira";"17:30:00";"PR";369;202;"APUCARANA";"Velocidade Incompatível";"Tombamento";"Com Vítimas Feridas";"Pleno dia";"Crescente";"Ignorado";"Simples";"Reta";"Sim";1;0;1;0;0;0;1;1;-23,54604061;-51,45274937;"SPRF-PR";"DEL07-PR";"UOP03-DEL07-PR"
131575;2018-05-02;"quarta-feira";"14:00:00";"RJ";40;105;"DUQUE DE CAXIAS";"Falta de Atenção à Condução";"Colisão traseira";"Com Vítimas Feridas";"Pleno dia";"Decrescente";"Nublado";"Simples";"Aclive";"Não";2;0;1;0;1;0;1;2;-22,6476;-43,2836;"SPRF-RJ";"DEL01-RJ";"UOP01-DEL01-RJ"
131576;2018-05-02;"quarta-feira";"14:38:00";"RS";386;341,2;"LAJEADO";"Desobediência às normas de trânsito pelo condutor";"Colisão frontal";"Com Vítimas Feridas";"Pleno dia";"Decrescente";"Nublado";"Simples";"Reta";"Sim";3;0;2;0;1;0;2;2;-29,43397;-52,0065;"SPRF-RS";"DEL04-RS";"UOP01-DEL04-RS"
131578;2018-05-02;"quarta-feira";"13:40:00";"PI";343;3,4;"TERESINA";"Não guardar distância de segurança";"Colisão traseira";"Sem Vítimas";"Pleno dia";"Crescente";"Céu Claro";"Múltipla";"Interseção de Vias";"Sim";4;0;0;0;4;0;0;4;-5,08049268;-42,7836844;"SPRF-PI";"DEL05-PI";"UOP01-DEL05-PI"
131582;2018-05-02;"quarta-feira";"13:15:00";"AC";364;127;"RIO BRANCO";"Desobediência às normas de trânsito pelo condutor";"Colisão transversal";"Com Vítimas Feridas";"Pleno dia";"Decrescente";"Céu Claro";"Simples";"Reta";"Sim";2;0;2;0;0;0;2;2;-10,02561365;-67,81972937;"SPRF-AC";"DEL01-AC";"UOP01-DEL01-AC"
131583;2018-05-02;"quarta-feira";"14:15:00";"MS";262;350;"CAMPO GRANDE";"Defeito na Via";"Tombamento";"Com Vítimas Feridas";"Pleno dia";"Decrescente";"Sol";"Simples";"Reta";"Não";1;0;1;0;0;0;1;1;-20,57108189;-54,6446228;"SPRF-MS";"DEL01-MS";"UOP03-DEL01-MS"
131587;2018-05-02;"quarta-feira";"14:50:00";"GO";20;178,8;"ALVORADA DO NORTE";"Ingestão de Álcool";"Saída de leito carroçável";"Com Vítimas Feridas";"Pleno dia";"Crescente";"Céu Claro";"Simples";"Reta";"Não";4;0;1;3;0;0;4;1;-14,491601;-46,504112;"SPRF-DF";"DEL02-DF";"UOP03-DEL02-DF"
131588;2018-05-02;"quarta-feira";"15:00:00";"MG";116;609,5;"SAO JOAO DO MANHUACU";"Falta de Atenção à Condução";"Colisão transversal";"Com Vítimas Feridas";"Pleno dia";"Crescente";"Céu Claro";"Simples";"Reta";"Sim";2;0;0;1;1;0;1;2;-20,397;-42,148857;"SPRF-MG";"DEL07-MG";"UOP03-DEL07-MG"
131589;2018-05-02;"quarta-feira";"14:40:00";"PA";316;60,8;"CASTANHAL";"Defeito Mecânico no Veículo";"Colisão frontal";"Com Vítimas Feridas";"Pleno dia";"Crescente";"Chuva";"Dupla";"Reta";"Sim";5;0;1;1;3;0;2;2;-1,29796012;-47,94171274;"SPRF-PA";"DEL01-PA";"UOP01-DEL01-PA"
131590;2018-05-02;"quarta-feira";"15:30:00";"RN";226;326;"MESSIAS TARGINO";"Falta de Atenção à Condução";"Saída de leito carroçável";"Sem Vítimas";"Pleno dia";"Crescente";"Céu Claro";"Simples";"Curva";"Não";1;0;0;0;1;0;0;1;-6,07304798;-37,506423;"SPRF-RN";"DEL04-RN";"UOP01-DEL04-RN"
131591;2018-05-02;"quarta-feira";"15:00:00";"SE";235;15,9;"NOSSA SENHORA DO SOCORRO";"Falta de Atenção à Condução";"Atropelamento de Pedestre";"Com Vítimas Feridas";"Pleno dia";"Decrescente";"Sol";"Simples";"Reta";"Não";5;0;1;0;1;3;1;2;-10,852628;-37,192437;"SPRF-SE";"DEL01-SE";"UOP01-DEL01-SE"
131592;2018-05-02;"quarta-feira";"15:30:00";"PR";277;70;"SAO JOSE DOS PINHAIS";"Falta de Atenção à Condução";"Colisão com objeto estático";"Com Vítimas Feridas";"Pleno dia";"Crescente";"Céu Claro";"Dupla";"Interseção de Vias";"Sim";1;0;0;1;0;0;1;1;-25,51122823;-49,13055897;"SPRF-PR";"DEL01-PR";"UOP07-DEL01-PR"
131594;2018-05-02;"quarta-feira";"14:30:00";"SC";163;67,8;"SAO MIGUEL DO OESTE";"Falta de Atenção à Condução";"Colisão transversal";"Com Vítimas Feridas";"Pleno dia";"Crescente";"Sol";"Dupla";"Reta";"Sim";2;0;0;1;1;0;1;2;-26,73736476;-53,50244433;"SPRF-SC";"DEL07-SC";"UOP03-DEL07-SC"
131597;2018-05-02;"quarta-feira";"15:45:00";"SC";282;111,1;"ALFREDO WAGNER";"Velocidade Incompatível";"Saída de leito carroçável";"Com Vítimas Feridas";"Pleno dia";"Decrescente";"Chuva";"Múltipla";"Curva";"Não";1;0;1;0;0;0;1;1;-27,733616;-49,367538;"SPRF-SC";"DEL01-SC";"UOP03-DEL01-SC"
131601;2018-05-02;"quarta-feira";"16:00:00";"SC";101;360,9;"SANGAO";"Desobediência às normas de trânsito pelo condutor";"Saída de leito carroçável";"Com Vítimas Feridas";"Pleno dia";"Decrescente";"Céu Claro";"Simples";"Curva";"Não";2;0;2;0;0;0;2;1;-28,66016493;-49,11194444;"SPRF-SC";"DEL02-SC";"UOP01-DEL02-SC"
131602;2018-05-02;"quarta-feira";"16:00:00";"PR";376;521,2;"PONTA GROSSA";"Não guardar distância de segurança";"Atropelamento de Pedestre";"Com Vítimas Feridas";"Pleno dia";"Decrescente";"Céu Claro";"Dupla";"Reta";"Não";4;0;1;0;1;2;1;2;-25,26705231;-49,96753693;"SPRF-PR";"DEL03-PR";"UOP04-DEL03-PR"
131604;2018-05-02;"quarta-feira";"16:30:00";"DF";20;4,8;"BRASILIA";"Velocidade Incompatível";"Colisão traseira";"Com Vítimas Feridas";"Pleno dia";"Crescente";"Céu Claro";"Dupla";"Rotatória";"Não";3;0;1;0;1;1;1;3;-15,671206;-47,81642;"SPRF-DF";"DEL02-DF";"UOP01-DEL02-DF"
131605;2018-05-02;"quarta-feira";"17:00:00";"MG";262;445;"NOVA SERRANA";"Desobediência às normas de trânsito pelo condutor";"Colisão frontal";"Com Vítimas Feridas";"Pleno dia";"Crescente";"Sol";"Simples";"Aclive;Reta";"Sim";2;0;0;1;0;1;1;2;-19,880623;-44,912323;"SPRF-MG";"DEL08-MG";"UOP03-DEL08-MG"
131606;2018-05-02;"quarta-feira";"17:20:00";"SC";470;50;"BLUMENAU";"Avarias e/ou desgaste excessivo no pneu";"Tombamento";"Com Vítimas Feridas";"Pleno dia";"Decrescente";"Garoa/Chuvisco";"Simples";"Reta";"Não";2;0;0;1;1;0;1;2;-26,85949042;-49,05650854;"SPRF-SC";"DEL04-SC";"UOP01-DEL04-SC"
131609;2018-05-02;"quarta-feira";"15:15:00";"RO";429;213;"SERINGUEIRAS";"Animais na Pista";"Atropelamento de Animal";"Com Vítimas Feridas";"Pleno dia";"Decrescente";"Céu Claro";"Simples";"Reta";"Não";1;0;0;1;0;0;1;1;-11,832207;-63,151497;"SPRF-RO";"DEL02-RO";"UOP03-DEL02-RO"
131610;2018-05-02;"quarta-feira";"15:40:00";"RJ";101;483;"ANGRA DOS REIS";"Não guardar distância de segurança";"Colisão traseira";"Com Vítimas Feridas";"Pleno dia";"Crescente";"Céu Claro";"Simples";"Curva";"Não";2;0;1;0;1;0;1;2;-22,991676;-44,304546;"SPRF-RJ";"DEL03-RJ";"UOP03-DEL03-RJ"
131613;2018-05-02;"quarta-feira";"17:35:00";"RJ";40;55,1;"PETROPOLIS";"Desobediência às normas de trânsito pelo condutor";"Colisão transversal";"Com Vítimas Feridas";"Plena Noite";"Decrescente";"Céu Claro";"Dupla";"Retorno Regulamentado";"Não";2;0;1;0;1;0;1;2;-22,361717;-43,12632;"SPRF-RJ";"DEL06-RJ";"UOP01-DEL06-RJ"
131614;2018-05-02;"quarta-feira";"17:10:00";"PE";232;70,2;"GRAVATA";"Velocidade Incompatível";"Saída de leito carroçável";"Com Vítimas Feridas";"Anoitecer";"Crescente";"Chuva";"Dupla";"Curva";"Sim";4;0;2;0;2;0;2;1;-8,181677;-35,490124;"SPRF-PE";"DEL01-PE";"UOP02-DEL02PE"
131617;2018-05-02;"quarta-feira";"18:00:00";"PE";101;50;"ABREU E LIMA";"Falta de Atenção à Condução";"Colisão lateral";"Sem Vítimas";"Plena Noite";"Crescente";"Céu Claro";"Dupla";"Reta";"Sim";2;0;0;0;1;1;0;2;-7,912656;-34,9003652;"SPRF-PE";"DEL01-PE";"UOP02-DEL01-PE"
131618;2018-05-02;"quarta-feira";"18:00:00";"RN";304;47;"MOSSORO";"Falta de Atenção à Condução";"Colisão transversal";"Com Vítimas Feridas";"Anoitecer";"Decrescente";"Céu Claro";"Dupla";"Interseção de Vias";"Sim";2;0;1;0;1;0;1;2;-5,225834;-37,332034;"SPRF-RN";"DEL04-RN";"UOP01-DEL04-RN"
131620;2018-05-02;"quarta-feira";"17:50:00";"RJ";40;41;"AREAL";"Falta de Atenção à Condução";"Capotamento";"Com Vítimas Feridas";"Anoitecer";"Crescente";"Céu Claro";"Dupla";"Reta";"Não";1;0;1;0;0;0;1;1;-22,2578;-43,1086;"SPRF-RJ";"DEL06-RJ";"UOP02-DEL05-RJ"
131621;2018-05-02;"quarta-feira";"18:10:00";"GO";153;495;"GOIANIA";"Velocidade Incompatível";"Colisão transversal";"Com Vítimas Feridas";"Anoitecer";"Crescente";"Céu Claro";"Dupla";"Aclive";"Sim";2;0;1;0;1;0;1;2;-16,6681;-49,2263;"SPRF-GO";"DEL01-GO";"UOP01-DEL01-GO"
131622;2018-05-02;"quarta-feira";"18:10:00";"MG";40;552;"NOVA LIMA";"Falta de Atenção à Condução";"Colisão transversal";"Com Vítimas Feridas";"Plena Noite";"Crescente";"Céu Claro";"Simples";"Reta";"Sim";2;0;1;0;1;0;1;2;-20,07;-43,9828;"SPRF-MG";"DEL01-MG";"UOP02-DEL01-MG"
131626;2018-05-02;"quarta-feira";"18:18:00";"PB";230;36;"SANTA RITA";"Falta de Atenção do Pedestre";"Atropelamento de Pedestre";"Com Vítimas Feridas";"Plena Noite";"Crescente";"Céu Claro";"Dupla";"Reta";"Sim";3;0;0;3;0;0;3;2;-7,12653114;-34,94990766;"SPRF-PB";"DEL01-PB";"UOP01-DEL01-PB"
131628;2018-05-02;"quarta-feira";"18:00:00";"PR";476;151;"ARAUCARIA";"Falta de Atenção do Pedestre";"Colisão lateral";"Com Vítimas Feridas";"Plena Noite";"Decrescente";"Céu Claro";"Dupla";"Reta";"Sim";3;0;1;0;2;0;1;2;-25,57101421;-49,38499868;"SPRF-PR";"DEL01-PR";"UOP06-DEL01-PR"
131629;2018-05-02;"quarta-feira";"18:15:00";"PR";116;122,3;"CURITIBA";"Falta de Atenção do Pedestre";"Atropelamento de Pedestre";"Com Vítimas Feridas";"Plena Noite";"Decrescente";"Nublado";"Dupla";"Reta";"Sim";2;0;1;1;0;0;2;2;-25,60345032;-49,31762695;"SPRF-PR";"DEL01-PR";"UOP03-DEL01-PR"
131630;2018-05-02;"quarta-feira";"18:33:00";"SC";101;203,4;"SAO JOSE";"Falta de Atenção à Condução";"Colisão traseira";"Com Vítimas Feridas";"Plena Noite";"Decrescente";"Céu Claro";"Múltipla";"Interseção de Vias;Reta";"Sim";2;0;2;0;0;0;2;2;-27,56961268;-48,61378849;"SPRF-SC";"DEL01-SC";"UOP01-DEL01-SC"
131631;2018-05-02;"quarta-feira";"18:30:00";"SE";235;1,2;"ARACAJU";"Desobediência às normas de trânsito pelo condutor";"Colisão lateral";"Sem Vítimas";"Plena Noite";"Crescente";"Nublado";"Simples";"Rotatória";"Sim";2;0;0;0;2;0;0;2;-10,90836662;-37,0867753;"SPRF-SE";"DEL01-SE";"UOP01-DEL01-SE"
131633;2018-05-02;"quarta-feira";"18:15:00";"SC";101;218;"PALHOCA";"Falta de Atenção à Condução";"Colisão traseira";"Com Vítimas Feridas";"Plena Noite";"Crescente";"Nublado";"Múltipla";"Reta";"Sim";2;0;0;1;1;0;1;2;-27,6854;-48,6664;"SPRF-SC";"DEL01-SC";"UOP02-DEL01-SC"
131635;2018-05-02;"quarta-feira";"19:15:00";"SC";470;52,9;"BLUMENAU";"Desobediência às normas de trânsito pelo condutor";"Colisão transversal";"Com Vítimas Feridas";"Plena Noite";"Crescente";"Nublado";"Simples";"Reta";"Não";2;0;1;0;1;0;1;2;-26,86160568;-49,08182323;"SPRF-SC";"DEL04-SC";"UOP01-DEL04-SC"
131639;2018-05-02;"quarta-feira";"19:05:00";"MG";50;37,8;"ARAGUARI";"Velocidade Incompatível";"Colisão traseira";"Com Vítimas Feridas";"Plena Noite";"Decrescente";"Céu Claro";"Dupla";"Reta";"Sim";2;0;1;0;1;0;1;2;-18,6632;-48,1669;"SPRF-MG";"DEL15-MG";"UOP02-DEL15-MG"
131640;2018-05-02;"quarta-feira";"19:25:00";"CE";222;31,5;"CAUCAIA";"Animais na Pista";"Atropelamento de Animal";"Sem Vítimas";"Plena Noite";"Crescente";"Céu Claro";"Simples";"Reta";"Não";4;0;0;0;4;0;0;1;-3,70748444;-38,83897997;"SPRF-CE";"DEL01-CE";"UOP01-DEL01-CE"
131641;2018-05-02;"quarta-feira";"18:40:00";"PR";116;99,5;"SAO JOSE DOS PINHAIS";"Desobediência às normas de trânsito pelo pedestre";"Atropelamento de Pedestre";"Com Vítimas Fatais";"Plena Noite";"Decrescente";"Nublado";"Dupla";"Reta";"Sim";2;1;0;0;0;1;0;2;-25,56331031;-49,15445913;"SPRF-PR";"DEL01-PR";"UOP01-DEL01-PR"
131642;2018-05-02;"quarta-feira";"19:15:00";"GO";153;579,3;"PROFESSOR JAMIL";"Objeto estático sobre o leito carroçável";"Colisão com objeto estático";"Com Vítimas Feridas";"Plena Noite";"Crescente";"Céu Claro";"Dupla";"Curva";"Não";2;0;1;0;1;0;1;1;-17,3767;-49,2382;"SPRF-GO";"DEL03-GO";"UOP01-DEL03-GO"
131645;2018-05-02;"quarta-feira";"19:43:00";"PB";101;89;"JOAO PESSOA";"Ingestão de Álcool";"Tombamento";"Com Vítimas Feridas";"Plena Noite";"Crescente";"Nublado";"Dupla";"Reta;Declive";"Sim";1;0;1;0;0;0;1;1;-7,174921;-34,89894569;"SPRF-PB";"DEL01-PB";"UOP01-DEL01-PB"
131646;2018-05-02;"quarta-feira";"19:15:00";"PR";373;173;"PONTA GROSSA";"Desobediência às normas de trânsito pelo condutor";"Colisão lateral";"Com Vítimas Feridas";"Plena Noite";"Decrescente";"Céu Claro";"Dupla";"Reta";"Sim";3;0;2;0;1;0;2;3;-25,08027395;-50,20232677;"SPRF-PR";"DEL03-PR";"UOP01-DEL03-PR"
131647;2018-05-02;"quarta-feira";"19:28:00";"ES";262;1,3;"CARIACICA";"Falta de Atenção à Condução";"Colisão lateral";"Com Vítimas Feridas";"Plena Noite";"Decrescente";"Nublado";"Dupla";"Reta";"Sim";2;0;1;1;0;0;2;2;-20,33281658;-40,35504162;"SPRF-ES";"DEL01-ES";"UOP01-DEL01-ES"
131650;2018-05-02;"quarta-feira";"19:50:00";"RJ";465;3;"SEROPEDICA";"Falta de Atenção à Condução";"Colisão transversal";"Com Vítimas Feridas";"Plena Noite";"Decrescente";"Nublado";"Simples";"Reta";"Sim";3;0;1;0;2;0;1;2;-22,73427;-43,711994;"SPRF-RJ";"DEL01-RJ";"UOP03-DEL01-RJ"
131652;2018-05-02;"quarta-feira";"20:00:00";"MG";40;273,2;"TRES MARIAS";"Objeto estático sobre o leito carroçável";"Atropelamento de Animal";"Com Vítimas Feridas";"Plena Noite";"Crescente";"Céu Claro";"Simples";"Reta";"Não";1;0;1;0;0;0;1;1;-18,188385;-45,252102;"SPRF-MG";"DEL14-MG";"UOP02-DEL14-MG"
131655;2018-05-02;"quarta-feira";"20:35:00";"PA";222;229;"MARABA";"Ingestão de Álcool";"Colisão frontal";"Sem Vítimas";"Plena Noite";"Crescente";"Céu Claro";"Simples";"Reta";"Não";2;0;0;0;2;0;0;2;-5,231875;-49,053627;"SPRF-PA";"DEL03-PA";"UOP01-DEL03-PA"
131657;2018-05-02;"quarta-feira";"21:10:00";"SC";470;52,9;"BLUMENAU";"Falta de Atenção à Condução";"Colisão transversal";"Com Vítimas Feridas";"Plena Noite";"Crescente";"Garoa/Chuvisco";"Simples";"Curva";"Não";2;0;0;1;1;0;1;2;-26,85976799;-49,0769577;"SPRF-SC";"DEL04-SC";"UOP01-DEL04-SC"
131658;2018-05-02;"quarta-feira";"19:40:00";"PR";277;140;"BALSA NOVA";"Ingestão de Álcool";"Saída de leito carroçável";"Sem Vítimas";"Plena Noite";"Crescente";"Céu Claro";"Simples";"Curva;Declive";"Não";1;0;0;0;1;0;0;1;-25,46565241;-49,72606209;"SPRF-PR";"DEL01-PR";"UOP06-DEL01-PR"
131659;2018-05-02;"quarta-feira";"17:10:00";"SC";280;306;"PORTO UNIAO";"Falta de Atenção à Condução";"Colisão lateral";"Com Vítimas Feridas";"Pleno dia";"Decrescente";"Céu Claro";"Simples";"Reta";"Não";2;0;1;0;1;0;1;2;-26,25939793;-51,06591225;"SPRF-SC";"DEL06-SC";"UOP04-DEL06-SC"
131662;2018-05-02;"quarta-feira";"21:40:00";"GO";364;196;"JATAI";"Ingestão de Álcool";"Colisão traseira";"Com Vítimas Feridas";"Plena Noite";"Crescente";"Céu Claro";"Dupla";"Reta";"Sim";6;0;0;2;4;0;2;2;-17,917234;-51,720665;"SPRF-GO";"DEL05-GO";"UOP01-DEL05-GO"
131665;2018-05-02;"quarta-feira";"19:30:00";"MG";381;480;"CONTAGEM";"Defeito Mecânico no Veículo";"Incêndio";"Sem Vítimas";"Plena Noite";"Decrescente";"Céu Claro";"Dupla";"Reta";"Sim";3;0;0;0;0;3;0;2;-19,9586;-44,0608;"SPRF-MG";"DEL01-MG";"UOP03-DEL01-MG"
131666;2018-05-02;"quarta-feira";"19:00:00";"MG";40;448;"CAETANOPOLIS";"Agressão Externa";"Colisão lateral";"Com Vítimas Feridas";"Plena Noite";"Crescente";"Céu Claro";"Dupla";"Reta";"Não";2;0;1;0;1;0;1;1;-19,3165;-44,3677;"SPRF-MG";"DEL02-MG";"UOP01-DEL02-MG"
131667;2018-05-02;"quarta-feira";"22:00:00";"SP";116;225;"GUARULHOS";"Falta de Atenção à Condução";"Colisão com objeto em movimento";"Com Vítimas Feridas";"Plena Noite";"Decrescente";"Nublado";"Múltipla";"Reta";"Não";2;0;1;0;1;0;1;2;-23,4684135;-46,5145063;"SPRF-SP";"DEL01-SP";"UOP01-DEL01-SP"
131668;2018-05-02;"quarta-feira";"21:50:00";"SC";101;417,2;"ARARANGUA";"Falta de Atenção à Condução";"Saída de leito carroçável";"Com Vítimas Feridas";"Plena Noite";"Decrescente";"Nublado";"Múltipla";"Reta";"Sim";1;0;1;0;0;0;1;1;-28,97377443;-49,53010619;"SPRF-SC";"DEL02-SC";"UOP02-DEL02-SC"
131669;2018-05-02;"quarta-feira";"22:00:00";"ES";101;65,9;"SAO MATEUS";"Falta de Atenção à Condução";"Tombamento";"Com Vítimas Feridas";"Plena Noite";"Crescente";"Céu Claro";"Simples";"Curva";"Não";2;0;2;0;0;0;2;1;-18,70936;-39,877621;"SPRF-ES";"DEL04-ES";"UOP02-DEL04-ES"
131670;2018-05-02;"quarta-feira";"17:10:00";"ES";101;264,9;"SERRA";"Desobediência às normas de trânsito pelo condutor";"Colisão traseira";"Sem Vítimas";"Anoitecer";"Crescente";"Céu Claro";"Dupla";"Reta";"Sim";2;0;0;0;2;0;0;2;-20,18208999;-40,26559532;"SPRF-ES";"DEL02-ES";"UOP01-DEL02-ES"
131671;2018-05-02;"quarta-feira";"22:20:00";"MG";40;663,9;"CARANDAI";"Falta de Atenção do Pedestre";"Atropelamento de Pedestre";"Com Vítimas Feridas";"Plena Noite";"Decrescente";"Céu Claro";"Simples";"Reta";"Sim";4;0;0;2;0;2;2;2;-20,93277303;-43,81717265;"SPRF-MG";"DEL05-MG";"UOP02-DEL05-MG"
131672;2018-05-02;"quarta-feira";"21:40:00";"MS";163;373,7;"NOVA ALVORADA DO SUL";"Falta de Atenção à Condução";"Colisão com objeto estático";"Com Vítimas Feridas";"Plena Noite";"Crescente";"Céu Claro";"Dupla";"Aclive;Curva";"Não";2;0;1;0;1;0;1;1;-21,39825784;-54,40639973;"SPRF-MS";"DEL02-MS";"UOP01-DEL02-MS"
131674;2018-05-02;"quarta-feira";"18:15:00";"MA";222;405;"SANTA LUZIA";"Animais na Pista";"Atropelamento de Animal";"Com Vítimas Feridas";"Plena Noite";"Crescente";"Garoa/Chuvisco";"Simples";"Reta";"Não";1;0;1;0;0;0;1;1;-3,945674;-45,646744;"SPRF-MA";"DEL02-MA";"UI04-DEL02-MA"
131676;2018-05-02;"quarta-feira";"23:15:00";"GO";60;93,3;"ANAPOLIS";"Avarias e/ou desgaste excessivo no pneu";"Colisão com objeto estático";"Sem Vítimas";"Plena Noite";"Crescente";"Céu Claro";"Dupla";"Curva;Declive";"Sim";1;0;0;0;0;1;0;1;-16,35461148;-48,92987324;"SPRF-GO";"DEL02-GO";"UOP01-DEL02-GO"
131677;2018-05-02;"quarta-feira";"22:30:00";"PR";277;604,7;"SANTA TEREZA DO OESTE";"Defeito Mecânico no Veículo";"Incêndio";"Sem Vítimas";"Plena Noite";"Decrescente";"Céu Claro";"Simples";"Reta;Aclive";"Não";1;0;0;0;1;0;0;1;-25,029057;-53,569607;"SPRF-PR";"DEL05-PR";"UOP02-DEL05-PR"
131679;2018-05-03;"quinta-feira";"00:35:00";"PB";101;37,4;"MAMANGUAPE";"Animais na Pista";"Atropelamento de Animal";"Com Vítimas Feridas";"Plena Noite";"Decrescente";"Céu Claro";"Dupla";"Retorno Regulamentado";"Não";1;0;1;0;0;0;1;1;-6,81556312;-35,13883173;"SPRF-PB";"DEL01-PB";"UOP04-DEL01-PB"
131680;2018-05-03;"quinta-feira";"00:30:00";"PR";277;132;"BALSA NOVA";"Restrição de Visibilidade";"Atropelamento de Animal";"Sem Vítimas";"Plena Noite";"Crescente";"Céu Claro";"Múltipla";"Aclive;Reta";"Não";1;0;0;0;1;0;0;1;-25,46993375;-49,65934927;"SPRF-PR";"DEL01-PR";"UOP06-DEL01-PR"
131684;2018-05-03;"quinta-feira";"01:30:00";"GO";60;91,8;"ANAPOLIS";"Ingestão de Álcool";"Saída de leito carroçável";"Sem Vítimas";"Plena Noite";"Crescente";"Céu Claro";"Dupla";"Reta";"Sim";1;0;0;0;1;0;0;1;-16,35022718;-48,91112239;"SPRF-GO";"DEL02-GO";"UOP01-DEL02-GO"
131687;2018-01-14;"domingo";"04:30:00";"PB";230;139;"CAMPINA GRANDE";"Avarias e/ou desgaste excessivo no pneu";"Tombamento";"Com Vítimas Feridas";"Amanhecer";"Crescente";"Nublado";"Dupla";"Reta";"Não";1;0;1;0;0;0;1;1;-7,2688114;-35,7948176;"SPRF-PB";"DEL02-PB";"UOP01-DEL02-PB"
131688;2018-05-03;"quinta-feira";"04:40:00";"SP";381;62;"MAIRIPORA";"Desobediência às normas de trânsito pelo condutor";"Colisão lateral";"Sem Vítimas";"Plena Noite";"Decrescente";"Céu Claro";"Dupla";"Curva";"Não";2;0;0;0;2;0;0;2;-23,3539657;-46,55041492;"SPRF-SP";"DEL03-SP";"UOP01-DEL03-SP"