"id";"data_inversa";"dia_semana";"horario";"uf";"br";"km";"municipio";"causa_acidente";"tipo_acidente";"classificacao_acidente";"fase_dia";"sentido_via";"condicao_metereologica";"tipo_pista";"tracado_via";"uso_solo";"pessoas";"mortos";"feridos_leves";"feridos_graves";"ilesos";"ignorados";"feridos";"veiculos";"latitude";"longitude";"regional";"delegacia";"uop"
131690;2018-05-02;"quarta-feira";"21:30:00";"SC";280;26;"ARAQUARI";"Falta de Atenção à Condução";"Colisão lateral";"Com Vítimas Feridas";"Plena Noite";"Crescente";"Chuva";"Simples";"Reta";"Não";2;0;1;0;1;0;1;2;-26,389757;-48,734154;"SPRF-SC";"DEL03-SC";"UOP03-DEL03-SC"
131691;2018-05-03;"quinta-feira";"04:40:00";"MS";158;267,2;"TRES LAGOAS";"Mal Súbito";"Queda de ocupante de veículo";"Com Vítimas Feridas";"Amanhecer";"Crescente";"Céu Claro";"Dupla";"Reta";"Não";2;0;2;0;0;0;2;1;-20,758436;-51,697178;"SPRF-MS";"DEL07-MS";"UOP01-DEL07-MS"
131693;2018-05-03;"quinta-feira";"06:35:00";"PR";277;729,4;"FOZ DO IGUACU";"Falta de Atenção do Pedestre";"Atropelamento de Pedestre";"Com Vítimas Feridas";"Amanhecer";"Crescente";"Céu Claro";"Dupla";"Curva";"Sim";2;0;1;0;0;1;1;2;-25,506929;-54,58545595;"SPRF-PR";"DEL05-PR";"UOP03-DEL05-PR"
131695;2018-05-03;"quinta-feira";"06:00:00";"PR";369;151;"LONDRINA";"Falta de Atenção à Condução";"Colisão com objeto estático";"Com Vítimas Feridas";"Pleno dia";"Decrescente";"Céu Claro";"Dupla";"Reta";"Sim";1;0;0;1;0;0;1;1;-23,29284525;-51,16804892;"SPRF-PR";"DEL07-PR";"UOP01-DEL07-PR"
131696;2018-05-03;"quinta-feira";"05:15:00";"PR";277;130;"BALSA NOVA";"Falta de Atenção à Condução";"Capotamento";"Com Vítimas Feridas";"Amanhecer";"Decrescente";"Céu Claro";"Dupla";"Curva";"Não";2;0;1;0;1;0;1;1;-25,47904674;-49,64650869;"SPRF-PR";"DEL01-PR";"UOP06-DEL01-PR"
131698;2018-05-03;"quinta-feira";"07:30:00";"DF";70;19,7;"BRASILIA";"Mal Súbito";"Saída de leito carroçável";"Com Vítimas Feridas";"Pleno dia";"Crescente";"Céu Claro";"Dupla";"Curva";"Não";1;0;0;1;0;0;1;1;-15,78934222;-48,22439611;"SPRF-DF";"DEL01-DF";"UOP02-DEL03-DF"
131699;2018-05-03;"quinta-feira";"06:45:00";"PA";316;21;"BENEVIDES";"Defeito Mecânico no Veículo";"Incêndio";"Sem Vítimas";"Pleno dia";"Crescente";"Céu Claro";"Dupla";"Reta";"Sim";2;0;0;0;2;0;0;1;-1,360972;-48,262413;"SPRF-PA";"DEL01-PA";"DEL19/1-UOP05/PA"
131703;2018-05-03;"quinta-feira";"08:00:00";"ES";101;268,9;"SERRA";"Falta de Atenção à Condução";"Colisão traseira";"Com Vítimas Feridas";"Pleno dia";"Crescente";"Céu Claro";"Dupla";"Reta";"Sim";3;0;1;0;2;0;1;2;-20,2150863;-40,2700332;"SPRF-ES";"DEL02-ES";"UOP01-DEL02-ES"
131704;2018-05-03;"quinta-feira";"07:40:00";"GO";153;94;"PORANGATU";"Falta de Atenção à Condução";"Colisão lateral";"Com Vítimas Feridas";"Pleno dia";"Decrescente";"Céu Claro";"Simples";"Reta";"Não";3;0;1;0;2;0;1;2;-13,4209412;-49,1388207;"SPRF-GO";"DEL07-GO";"UOP01-DEL07-GO"
131705;2018-04-13;"sexta-feira";"21:20:00";"RS";287;249,6;"SANTA MARIA";"Velocidade Incompatível";"Colisão transversal";"Com Vítimas Feridas";"Plena Noite";"Crescente";"Nublado";"Simples";"Reta";"Sim";2;0;0;1;1;0;1;2;-29,69199354;-53,86709869;"SPRF-RS";"DEL09-RS";"UOP01-DEL09-RS"
131709;2018-05-03;"quinta-feira";"08:00:00";"MG";40;700,2;"BARBACENA";"Falta de Atenção à Condução";"Colisão lateral";"Com Vítimas Fatais";"Pleno dia";"Crescente";"Sol";"Simples";"Interseção de Vias";"Não";3;1;0;1;1;0;1;2;-21,2189;-43,739;"SPRF-MG";"DEL05-MG";"UOP02-DEL05-MG"
131710;2018-05-03;"quinta-feira";"07:20:00";"RO";364;711;"PORTO VELHO";"Falta de Atenção à Condução";"Colisão lateral";"Com Vítimas Feridas";"Pleno dia";"Crescente";"Céu Claro";"Dupla";"Reta";"Sim";2;0;1;0;1;0;1;2;-9,674507;-65,44786;"SPRF-RO";"DEL01-RO";"UOP01-DEL01-RO"
131713;2018-05-03;"quinta-feira";"08:50:00";"SC";101;134,5;"BALNEARIO CAMBORIU";"Não guardar distância de segurança";"Colisão traseira";"Com Vítimas Feridas";"Pleno dia";"Crescente";"Nublado";"Simples";"Reta";"Sim";2;0;1;0;1;0;1;2;-27,0049;-48,6266;"SPRF-SC";"DEL04-SC";"UOP03-DEL04-SC"
131714;2018-03-06;"terça-feira";"14:30:00";"MS";262;379;"TERENOS";"Defeito Mecânico no Veículo";"Tombamento";"Com Vítimas Feridas";"Pleno dia";"Crescente";"Sol";"Simples";"Reta";"Não";1;0;0;1;0;0;1;1;-20,47462204;-54,83963013;"SPRF-MS";"DEL01-MS";"UOP03-DEL01-MS"
131715;2018-05-03;"quinta-feira";"07:30:00";"SC";470;71,6;"INDAIAL";"Falta de Atenção à Condução";"Colisão traseira";"Com Vítimas Feridas";"Pleno dia";"Crescente";"Nublado";"Simples";"Reta";"Não";2;0;0;1;1;0;1;2;-26,88898947;-49,25406665;"SPRF-SC";"DEL04-SC";"UOP01-DEL04-SC"
131720;2018-05-03;"quinta-feira";"09:10:00";"GO";153;498;"GOIANIA";"Não guardar distância de segurança";"Engavetamento";"Com Vítimas Feridas";"Pleno dia";"Crescente";"Sol";"Dupla";"Aclive;Reta";"Sim";5;0;2;0;3;0;2;3;-16,6939;-49,2321;"SPRF-GO";"DEL01-GO";"UOP01-DEL01-GO"
131721;2018-04-23;"segunda-feira";"05:40:00";"MG";40;515,9;"RIBEIRAO DAS NEVES";"Não guardar distância de segurança";"Queda de ocupante de veículo";"Com Vítimas Feridas";"Amanhecer";"Crescente";"Ignorado";"Dupla";"Reta";"Sim";2;0;0;1;1;0;1;2;-19,82841251;-44,08373594;"SPRF-MG";"DEL01-MG";"UOP03-DEL01-MG"
131723;2018-05-01;"terça-feira";"10:50:00";"SE";235;3,9;"NOSSA SENHORA DO SOCORRO";"Ingestão de Álcool";"Saída de leito carroçável";"Sem Vítimas";"Pleno dia";"Decrescente";"Nublado";"Dupla";"Reta;Declive";"Sim";1;0;0;0;1;0;0;1;-10,905775;-37,10720301;"SPRF-SE";"DEL01-SE";"UOP01-DEL01-SE"
131724;2018-05-03;"quinta-feira";"09:40:00";"PR";369;492;"CORBELIA";"Falta de Atenção à Condução";"Engavetamento";"Com Vítimas Feridas";"Pleno dia";"Decrescente";"Céu Claro";"Simples";"Em Obras;Reta";"Não";3;0;2;0;1;0;2;3;-24,7319;-53,2533;"SPRF-PR";"DEL04-PR";"UOP03-DEL04-PR"
131725;2018-05-03;"quinta-feira";"10:25:00";"SP";116;133,5;"CACAPAVA";"Falta de Atenção à Condução";"Colisão traseira";"Sem Vítimas";"Pleno dia";"Crescente";"Sol";"Dupla";"Reta";"Não";2;0;0;0;2;0;0;2;-23,135967;-45,753292;"SPRF-SP";"DEL06-SP";"UOP02-DEL02-SP"
131726;2018-04-19;"quinta-feira";"07:00:00";"SP";153;178;"LINS";"Pista Escorregadia";"Queda de ocupante de veículo";"Com Vítimas Feridas";"Pleno dia";"Crescente";"Céu Claro";"Simples";"Interseção de Vias";"Não";1;0;1;0;0;0;1;1;-21,66444793;-49,79032338;"SPRF-SP";"DEL07-SP";"UOP01-DEL07-SP"
131729;2018-05-03;"quinta-feira";"10:15:00";"PE";101;122;"ESCADA";"Fenômenos da Natureza";"Saída de leito carroçável";"Com Vítimas Feridas";"Pleno dia";"Decrescente";"Chuva";"Dupla";"Reta";"Não";1;0;1;0;0;0;1;1;-8,3594;-35,2019;"SPRF-PE";"DEL01-PE";"UOP03-DEL01-PE"
131735;2018-05-03;"quinta-feira";"11:40:00";"SC";470;38;"GASPAR";"Falta de Atenção à Condução";"Capotamento";"Com Vítimas Feridas";"Pleno dia";"Decrescente";"Nublado";"Simples";"Desvio Temporário";"Não";1;0;1;0;0;0;1;1;-26,91422546;-48,97202969;"SPRF-SC";"DEL04-SC";"UOP01-DEL04-SC"
131736;2018-05-03;"quinta-feira";"11:18:00";"ES";101;292;"CARIACICA";"Falta de Atenção do Pedestre";"Atropelamento de Pedestre";"Com Vítimas Feridas";"Pleno dia";"Crescente";"Céu Claro";"Dupla";"Interseção de Vias;Curva";"Sim";2;0;1;0;1;0;1;2;-20,3070109;-40,3950861;"SPRF-ES";"DEL01-ES";"UOP01-DEL01-ES"
131741;2018-05-03;"quinta-feira";"11:35:00";"RN";101;97;"NATAL";"Falta de Atenção à Condução";"Colisão transversal";"Com Vítimas Feridas";"Pleno dia";"Decrescente";"Céu Claro";"Múltipla";"Retorno Regulamentado;Interseção de Vias";"Sim";4;0;2;0;2;0;2;2;-5,859097;-35,213136;"SPRF-RN";"DEL01-RN";"UOP01-DEL01-RN"
131742;2018-05-03;"quinta-feira";"12:20:00";"AP";210;1;"MACAPA";"Falta de Atenção à Condução";"Colisão transversal";"Com Vítimas Feridas";"Pleno dia";"Crescente";"Nublado";"Simples";"Reta";"Sim";2;0;1;0;1;0;1;2;0,08016;-51,07323;"SPRF-AP";"DEL01-AP";"UOP01-DEL01-AP"
131743;2018-04-12;"quinta-feira";"19:00:00";"RS";116;116,1;"SAO MARCOS";"Desobediência às normas de trânsito pelo condutor";"Colisão transversal";"Com Vítimas Feridas";"Anoitecer";"Decrescente";"Nublado";"Simples";"Reta";"Sim";2;0;0;1;1;0;1;2;-28,976091;-51,066402;"SPRF-RS";"DEL05-RS";"UOP01-DEL05-RS"
131744;2018-02-04;"domingo";"13:40:00";"BA";242;798;"BARREIRAS";"Pista Escorregadia";"Colisão frontal";"Com Vítimas Feridas";"Pleno dia";"Decrescente";"Chuva";"Simples";"Reta";"Não";9;0;6;0;3;0;6;3;-12,120448;-45,039442;"SPRF-BA";"DEL10-BA";"UOP01-DEL10-BA"
131745;2018-05-03;"quinta-feira";"12:15:00";"BA";116;423;"FEIRA DE SANTANA";"Falta de Atenção à Condução";"Colisão traseira";"Sem Vítimas";"Pleno dia";"Crescente";"Sol";"Simples";"Reta";"Sim";4;0;0;0;4;0;0;2;-12,23288167;-38,97285104;"SPRF-BA";"DEL02-BA";"UOP01-DEL02-BA"
131747;2018-05-03;"quinta-feira";"12:00:00";"BA";242;881;"LUIS EDUARDO MAGALHAES";"Desobediência às normas de trânsito pelo condutor";"Colisão transversal";"Com Vítimas Feridas";"Pleno dia";"Decrescente";"Céu Claro";"Simples";"Reta";"Não";3;0;1;1;1;0;2;2;-12,085541;-45,752245;"SPRF-BA";"DEL10-BA";"UOP01-DEL10-BA"
131748;2018-05-03;"quinta-feira";"13:00:00";"MG";40;41,3;"PARACATU";"Sinalização da via insuficiente ou inadequada";"Colisão transversal";"Com Vítimas Feridas";"Pleno dia";"Decrescente";"Céu Claro";"Múltipla";"Interseção de Vias";"Sim";3;0;1;1;1;0;2;2;-17,21447952;-46,87081933;"SPRF-MG";"DEL14-MG";"UOP01-DEL14-MG"
131751;2018-05-03;"quinta-feira";"12:50:00";"MG";262;360;"JUATUBA";"Falta de Atenção à Condução";"Colisão traseira";"Com Vítimas Feridas";"Pleno dia";"Decrescente";"Céu Claro";"Dupla";"Reta";"Não";2;0;1;0;1;0;1;2;-19,9726;-44,279;"SPRF-MG";"DEL01-MG";"UOP03-DEL01-MG"
131753;2018-05-03;"quinta-feira";"07:59:00";"BA";324;582;"SAO SEBASTIAO DO PASSE";"Falta de Atenção à Condução";"Queda de ocupante de veículo";"Com Vítimas Feridas";"Pleno dia";"Crescente";"Céu Claro";"Simples";"Reta";"Não";1;0;1;0;0;0;1;1;-12,50221344;-38,48380278;"SPRF-BA";"DEL01-BA";"UOP01-DEL01-BA"
131756;2018-05-03;"quinta-feira";"10:30:00";"MG";262;461,1;"ARAUJOS";"Falta de Atenção à Condução";"Colisão traseira";"Sem Vítimas";"Pleno dia";"Crescente";"Céu Claro";"Simples";"Reta;Aclive";"Não";2;0;0;0;2;0;0;2;-19,81451419;-45,09716034;"SPRF-MG";"DEL08-MG";"UOP03-DEL08-MG"
131758;2018-05-03;"quinta-feira";"13:10:00";"SC";101;334,8;"TUBARAO";"Falta de Atenção à Condução";"Colisão transversal";"Com Vítimas Feridas";"Pleno dia";"Decrescente";"Céu Claro";"Simples";"Interseção de Vias";"Sim";2;0;1;0;1;0;1;2;-28,4674;-49,0071;"SPRF-SC";"DEL02-SC";"UOP01-DEL02-SC"
131760;2018-05-03;"quinta-feira";"12:45:00";"PR";277;594;"CASCAVEL";"Falta de Atenção à Condução";"Colisão transversal";"Com Vítimas Feridas";"Pleno dia";"Decrescente";"Sol";"Múltipla";"Reta";"Sim";4;0;2;1;1;0;3;3;-25,02817;-53,55983;"SPRF-PR";"DEL04-PR";"UOP01-DEL04-PR"
131761;2018-05-03;"quinta-feira";"13:40:00";"SC";101;202,2;"SAO JOSE";"Falta de Atenção à Condução";"Colisão lateral";"Com Vítimas Feridas";"Pleno dia";"Crescente";"Céu Claro";"Múltipla";"Reta";"Sim";2;0;1;0;1;0;1;2;-27,5651;-48,6144;"SPRF-SC";"DEL01-SC";"UOP01-DEL01-SC"
131763;2018-05-03;"quinta-feira";"14:10:00";"MG";50;94,8;"UBERLANDIA";"Avarias e/ou desgaste excessivo no pneu";"Saída de leito carroçável";"Com Vítimas Feridas";"Pleno dia";"Crescente";"Céu Claro";"Dupla";"Reta";"Não";4;0;4;0;0;0;4;1;-19,0942;-48,1832;"SPRF-MG";"DEL15-MG";"UOP01-DEL15-MG"
131766;2018-04-27;"sexta-feira";"06:45:00";"PR";369;523;"CASCAVEL";"Ultrapassagem Indevida";"Colisão frontal";"Com Vítimas Fatais";"Amanhecer";"Decrescente";"Céu Claro";"Simples";"Reta";"Não";2;1;0;0;1;0;0;2;-24,9502;-53,3984;"SPRF-PR";"DEL04-PR";"UOP01-DEL04-PR"
131768;2018-05-03;"quinta-feira";"14:00:00";"GO";60;53;"ABADIANIA";"Falta de Atenção à Condução";"Saída de leito carroçável";"Com Vítimas Feridas";"Pleno dia";"Crescente";"Céu Claro";"Dupla";"Curva";"Não";1;0;1;0;0;0;1;1;-16,1737;-48,6483;"SPRF-GO";"DEL02-GO";"UOP01-DEL02-GO"
131769;2018-05-03;"quinta-feira";"14:20:00";"PI";343;344;"TERESINA";"Falta de Atenção à Condução";"Engavetamento";"Sem Vítimas";"Pleno dia";"Decrescente";"Céu Claro";"Simples";"Reta";"Sim";3;0;0;0;3;0;0;3;-5,093614;-42,762164;"SPRF-PI";"DEL01-PI";"UOP01-DEL01-PI"
131770;2018-05-03;"quinta-feira";"13:55:00";"CE";20;406;"CAUCAIA";"Mal Súbito";"Queda de ocupante de veículo";"Com Vítimas Feridas";"Pleno dia";"Crescente";"Céu Claro";"Dupla";"Curva";"Não";1;0;0;1;0;0;1;1;-3,768406;-38,666451;"SPRF-CE";"DEL01-CE";"UOP01-DEL01-CE"
131774;2018-05-03;"quinta-feira";"15:00:00";"PB";230;158,6;"CAMPINA GRANDE";"Falta de Atenção à Condução";"Colisão transversal";"Com Vítimas Feridas";"Pleno dia";"Decrescente";"Céu Claro";"Simples";"Reta";"Sim";2;0;1;0;1;0;1;2;-7,25744254;-35,92755604;"SPRF-PB";"DEL02-PB";"UOP01-DEL02-PB"
131775;2018-05-03;"quinta-feira";"15:40:00";"PR";476;125,4;"CURITIBA";"Falta de Atenção à Condução";"Colisão lateral";"Com Vítimas Feridas";"Pleno dia";"Decrescente";"Céu Claro";"Dupla";"Em Obras";"Sim";3;0;2;0;1;0;2;2;-25,4083;-49,219658;"SPRF-PR";"DEL01-PR";"UOP07-DEL01-PR"
131777;2018-05-03;"quinta-feira";"14:45:00";"ES";101;218;"IBIRACU";"Defeito Mecânico no Veículo";"Queda de ocupante de veículo";"Com Vítimas Feridas";"Pleno dia";"Crescente";"Céu Claro";"Simples";"Curva";"Não";1;0;1;0;0;0;1;1;-19,84337936;-40,38602114;"SPRF-ES";"DEL02-ES";"UOP01-DEL02-ES"
131780;2018-05-03;"quinta-feira";"16:10:00";"TO";153;334;"GUARAI";"Ingestão de Álcool";"Colisão traseira";"Com Vítimas Feridas";"Pleno dia";"Crescente";"Céu Claro";"Simples";"Reta";"Sim";2;0;1;0;1;0;1;2;-8,8288362;-48,5137314;"SPRF-TO";"DEL02-TO";"UOP02-DEL02-TO"
131781;2018-05-03;"quinta-feira";"15:45:00";"PA";308;2;"ANANINDEUA";"Falta de Atenção à Condução";"Tombamento";"Com Vítimas Feridas";"Pleno dia";"Decrescente";"Chuva";"Dupla";"Reta";"Sim";2;0;1;0;1;0;1;2;-1,396582;-48,422993;"SPRF-PA";"DEL01-PA";"DEL19/1-UOP05/PA"
131783;2018-05-03;"quinta-feira";"15:15:00";"MS";163;475,5;"CAMPO GRANDE";"Falta de Atenção à Condução";"Colisão transversal";"Com Vítimas Feridas";"Pleno dia";"Decrescente";"Céu Claro";"Simples";"Rotatória";"Sim";3;0;0;2;1;0;2;2;-20,51399;-54,56255;"SPRF-MS";"DEL01-MS";"UOP01-DEL01-MS"
131784;2018-05-03;"quinta-feira";"15:40:00";"SC";101;213;"PALHOCA";"Falta de Atenção à Condução";"Colisão transversal";"Com Vítimas Feridas";"Pleno dia";"Decrescente";"Sol";"Múltipla";"Interseção de Vias";"Sim";2;0;0;1;1;0;1;2;-27,6446;-48,6705;"SPRF-SC";"DEL01-SC";"UOP02-DEL01-SC"
131786;2018-05-03;"quinta-feira";"15:20:00";"PR";277;683;"SAO MIGUEL DO IGUACU";"Falta de Atenção à Condução";"Saída de leito carroçável";"Sem Vítimas";"Pleno dia";"Crescente";"Céu Claro";"Dupla";"Curva";"Não";2;0;0;0;1;1;0;1;-25,33378638;-54,19459105;"SPRF-PR";"DEL05-PR";"UOP01-DEL05-PR"
131790;2018-05-03;"quinta-feira";"14:30:00";"RJ";465;20;"NOVA IGUACU";"Falta de Atenção à Condução";"Colisão lateral";"Com Vítimas Feridas";"Pleno dia";"Crescente";"Sol";"Simples";"Reta";"Sim";2;0;1;0;1;0;1;2;-22,84841533;-43,60384852;"SPRF-RJ";"DEL01-RJ";"UOP03-DEL01-RJ"
131793;2018-05-03;"quinta-feira";"16:20:00";"RO";435;114,5;"CEREJEIRAS";"Defeito na Via";"Colisão traseira";"Com Vítimas Feridas";"Pleno dia";"Crescente";"Céu Claro";"Simples";"Reta";"Não";6;0;1;0;5;0;1;2;-13,189502;-60,730247;"SPRF-RO";"DEL04-RO";"UOP02-DEL04-RO"
131795;2018-05-03;"quinta-feira";"17:00:00";"PI";343;2;"TERESINA";"Falta de Atenção à Condução";"Colisão lateral";"Com Vítimas Feridas";"Pleno dia";"Decrescente";"Céu Claro";"Múltipla";"Reta";"Sim";2;0;2;0;0;0;2;2;-5,081651;-42,767544;"SPRF-PI";"DEL01-PI";"UOP01-DEL01-PI"
131796;2018-05-03;"quinta-feira";"17:40:00";"SP";116;229;"SAO PAULO";"Falta de Atenção à Condução";"Colisão com objeto estático";"Com Vítimas Feridas";"Anoitecer";"Decrescente";"Céu Claro";"Múltipla";"Reta";"Não";1;0;1;0;0;0;1;1;-23,50885978;-46,57247722;"SPRF-SP";"DEL01-SP";"UOP01-DEL01-SP"
131797;2018-05-03;"quinta-feira";"17:35:00";"PI";343;341,5;"TERESINA";"Falta de Atenção à Condução";"Colisão lateral";"Com Vítimas Feridas";"Anoitecer";"Decrescente";"Céu Claro";"Dupla";"Declive";"Sim";2;0;1;0;1;0;1;2;-5,078105;-42,74771;"SPRF-PI";"DEL01-PI";"UOP01-DEL01-PI"
131798;2018-05-03;"quinta-feira";"17:10:00";"PB";101;86;"JOAO PESSOA";"Desobediência às normas de trânsito pelo condutor";"Colisão frontal";"Com Vítimas Feridas";"Anoitecer";"Crescente";"Céu Claro";"Simples";"Reta";"Sim";2;0;0;1;1;0;1;2;-7,1618946;-34,90422664;"SPRF-PB";"DEL01-PB";"UOP01-DEL01-PB"
131799;2018-05-03;"quinta-feira";"16:50:00";"RN";101;101,8;"PARNAMIRIM";"Falta de Atenção à Condução";"Colisão traseira";"Com Vítimas Feridas";"Pleno dia";"Crescente";"Céu Claro";"Dupla";"Reta";"Sim";2;0;1;0;1;0;1;2;-5,88861;-35,24033;"SPRF-RN";"DEL01-RN";"UOP01-DEL01-RN"
131801;2018-05-03;"quinta-feira";"18:15:00";"PR";277;83;"CURITIBA";"Falta de Atenção à Condução";"Colisão traseira";"Com Vítimas Feridas";"Plena Noite";"Decrescente";"Nublado";"Dupla";"Reta";"Sim";3;0;1;0;2;0;1;3;-25,45174185;-49,22722578;"SPRF-PR";"DEL01-PR";"UOP01-DEL01-PR"
131804;2018-05-03;"quinta-feira";"17:20:00";"MG";40;349,2;"FELIXLANDIA";"Animais na Pista";"Atropelamento de Animal";"Com Vítimas Feridas";"Anoitecer";"Crescente";"Céu Claro";"Simples";"Reta";"Não";1;0;1;0;0;0;1;1;-18,719067;-44,945805;"SPRF-MG";"DEL02-MG";"UOP01-DEL02-MG"
131806;2018-05-03;"quinta-feira";"18:10:00";"SC";470;6;"NAVEGANTES";"Desobediência às normas de trânsito pelo condutor";"Colisão frontal";"Com Vítimas Feridas";"Anoitecer";"Crescente";"Nublado";"Simples";"Interseção de Vias";"Sim";2;0;0;1;1;0;1;2;-26,85858114;-48,69039774;"SPRF-SC";"DEL04-SC";"UOP04-DEL04-SC"
131807;2018-05-03;"quinta-feira";"18:10:00";"SC";101;328,8;"CAPIVARI DE BAIXO";"Falta de Atenção à Condução";"Colisão traseira";"Com Vítimas Feridas";"Anoitecer";"Decrescente";"Céu Claro";"Simples";"Interseção de Vias";"Sim";1;0;1;0;0;0;1;1;-28,44194967;-48,96410644;"SPRF-SC";"DEL02-SC";"UOP01-DEL02-SC"
131808;2018-05-03;"quinta-feira";"18:20:00";"DF";20;20;"BRASILIA";"Falta de Atenção à Condução";"Tombamento";"Com Vítimas Feridas";"Plena Noite";"Crescente";"Céu Claro";"Dupla";"Reta;Aclive";"Não";1;0;1;0;0;0;1;1;-15,616901;-47,708927;"SPRF-DF";"DEL02-DF";"UOP01-DEL02-DF"
131809;2018-05-03;"quinta-feira";"17:50:00";"CE";116;159;"RUSSAS";"Falta de Atenção à Condução";"Queda de ocupante de veículo";"Com Vítimas Feridas";"Plena Noite";"Crescente";"Céu Claro";"Simples";"Reta";"Não";1;0;1;0;0;0;1;1;-4,90880985;-38,00278002;"SPRF-CE";"DEL03-CE";"UOP01-DEL03-CE"
131811;2018-05-03;"quinta-feira";"18:35:00";"PR";376;189;"MARIALVA";"Desobediência às normas de trânsito pelo condutor";"Colisão transversal";"Sem Vítimas";"Anoitecer";"Crescente";"Céu Claro";"Dupla";"Retorno Regulamentado;Reta";"Sim";3;0;0;0;2;1;0;3;-23,46729122;-51,82669217;"SPRF-PR";"DEL07-PR";"UOP01-DEL09-PR"
131812;2018-05-03;"quinta-feira";"17:40:00";"RJ";40;88;"PETROPOLIS";"Mal Súbito";"Colisão com objeto estático";"Com Vítimas Feridas";"Plena Noite";"Decrescente";"Céu Claro";"Simples";"Reta";"Não";1;0;1;0;0;0;1;1;-22,5545;-43,2323;"SPRF-RJ";"DEL06-RJ";"UOP01-DEL06-RJ"
131814;2018-05-03;"quinta-feira";"18:11:00";"PA";230;112;"MARABA";"Falta de Atenção à Condução";"Colisão com objeto estático";"Com Vítimas Feridas";"Plena Noite";"Crescente";"Ignorado";"Simples";"Aclive";"Não";1;0;1;0;0;0;1;1;-5,369113;-49,048855;"SPRF-PA";"DEL03-PA";"UOP01-DEL03-PA"
131815;2018-05-03;"quinta-feira";"17:40:00";"PE";424;85,8;"GARANHUNS";"Desobediência às normas de trânsito pelo condutor";"Colisão frontal";"Com Vítimas Fatais";"Plena Noite";"Crescente";"Céu Claro";"Simples";"Reta";"Não";2;1;0;1;0;0;1;2;-8,86576839;-36,50922596;"SPRF-PE";"DEL03-PE";"UOP01-DEL03-PE"
131817;2018-05-03;"quinta-feira";"17:50:00";"PI";343;319;"ALTOS";"Falta de Atenção à Condução";"Colisão frontal";"Sem Vítimas";"Anoitecer";"Crescente";"Céu Claro";"Simples";"Reta";"Não";2;0;0;0;2;0;0;2;-5,050356;-42,573379;"SPRF-PI";"DEL01-PI";"UOP01-DEL01-PI"
131820;2018-05-03;"quinta-feira";"19:05:00";"PR";277;594,3;"CASCAVEL";"Desobediência às normas de trânsito pelo condutor";"Colisão transversal";"Com Vítimas Feridas";"Plena Noite";"Decrescente";"Céu Claro";"Simples";"Interseção de Vias";"Sim";3;0;1;0;2;0;1;2;-24,9792;-53,495584;"SPRF-PR";"DEL04-PR";"UOP01-DEL04-PR"
131822;2018-05-03;"quinta-feira";"18:30:00";"BA";20;161;"SAO DESIDERIO";"Falta de Atenção do Pedestre";"Atropelamento de Pedestre";"Com Vítimas Fatais";"Anoitecer";"Crescente";"Céu Claro";"Simples";"Reta";"Não";4;1;0;0;3;0;0;2;-12,538997;-45,898375;"SPRF-BA";"DEL10-BA";"UOP01-DEL10-BA"
131823;2018-05-03;"quinta-feira";"19:20:00";"PB";101;88;"JOAO PESSOA";"Velocidade Incompatível";"Tombamento";"Com Vítimas Feridas";"Plena Noite";"Decrescente";"Chuva";"Dupla";"Curva";"Sim";1;0;1;0;0;0;1;1;-7,16642812;-34,89499211;"SPRF-PB";"DEL01-PB";"UOP01-DEL01-PB"
131824;2018-03-25;"domingo";"01:42:00";"RJ";101;138;"CONCEICAO DE MACABU";"Defeito Mecânico no Veículo";"Incêndio";"Sem Vítimas";"Plena Noite";"Decrescente";"Céu Claro";"Dupla";"Curva";"Sim";1;0;0;0;1;0;0;1;-22,17068439;-41,74269319;"SPRF-RJ";"DEL02-RJ";"UOP04-DEL08-RJ"
131825;2018-05-03;"quinta-feira";"19:30:00";"SP";116;439;"REGISTRO";"Falta de Atenção à Condução";"Colisão frontal";"Com Vítimas Feridas";"Plena Noite";"Decrescente";"Nublado";"Simples";"Curva";"Sim";2;0;1;0;1;0;1;2;-24,45773649;-47,81497836;"SPRF-SP";"DEL05-SP";"UOP01-DEL05-SP"
131827;2018-05-03;"quinta-feira";"18:50:00";"PR";277;708,2;"SANTA TEREZINHA DE ITAIPU";"Defeito na Via";"Queda de ocupante de veículo";"Com Vítimas Feridas";"Plena Noite";"Crescente";"Céu Claro";"Dupla";"Em Obras";"Sim";1;0;1;0;0;0;1;1;-25,44426;-54,39914;"SPRF-PR";"DEL05-PR";"UOP01-DEL05-PR"
131831;2018-05-03;"quinta-feira";"19:55:00";"PA";316;9,3;"MARITUBA";"Restrição de Visibilidade";"Colisão lateral";"Com Vítimas Feridas";"Plena Noite";"Crescente";"Chuva";"Dupla";"Reta";"Sim";2;0;0;1;0;1;1;2;-1,36590892;-48,36515307;"SPRF-PA";"DEL01-PA";"DEL19/1-UOP05/PA"
131832;2018-05-03;"quinta-feira";"19:00:00";"ES";101;309,4;"VIANA";"Falta de Atenção à Condução";"Colisão transversal";"Com Vítimas Feridas";"Plena Noite";"Crescente";"Nublado";"Simples";"Reta";"Não";2;0;0;1;1;0;1;2;-20,420285;-40,4596654;"SPRF-ES";"DEL03-ES";"UOP01-DEL03-ES"