"id";"data_inversa";"dia_semana";"horario";"uf";"br";"km";"municipio";"causa_acidente";"tipo_acidente";"classificacao_acidente";"fase_dia";"sentido_via";"condicao_metereologica";"tipo_pista";"tracado_via";"uso_solo";"pessoas";"mortos";"feridos_leves";"feridos_graves";"ilesos";"ignorados";"feridos";"veiculos";"latitude";"longitude";"regional";"delegacia";"uop"
131963;2018-05-04;"sexta-feira";"12:25:00";"MG";116;417;"GOVERNADOR VALADARES";"Desobediência às normas de trânsito pelo condutor";"Colisão frontal";"Com Vítimas Feridas";"Pleno dia";"Crescente";"Céu Claro";"Simples";"Reta";"Não";2;0;1;1;0;0;2;2;-18,90559992;-41,94274809;"SPRF-MG";"DEL06-MG";"UOP01-DEL06-MG"
131964;2018-05-04;"sexta-feira";"13:20:00";"BA";420;243;"LAJE";"Falta de Atenção à Condução";"Colisão lateral";"Sem Vítimas";"Pleno dia";"Decrescente";"Nublado";"Simples";"Reta;Declive";"Sim";2;0;0;0;2;0;0;2;-13,182893;-39,422215;"SPRF-BA";"DEL01-BA";"UOP02-DEL01-BA"
131965;2018-05-04;"sexta-feira";"10:15:00";"RO";364;236,7;"CACOAL";"Falta de Atenção à Condução";"Colisão transversal";"Com Vítimas Feridas";"Pleno dia";"Decrescente";"Céu Claro";"Simples";"Retorno Regulamentado";"Sim";2;0;1;0;1;0;1;2;-11,445874;-61,437862;"SPRF-RO";"DEL02-RO";"UOP02-DEL02-RO"
131967;2018-05-04;"sexta-feira";"14:50:00";"SC";470;23;"ILHOTA";"Falta de Atenção do Pedestre";"Atropelamento de Pedestre";"Com Vítimas Feridas";"Pleno dia";"Crescente";"Céu Claro";"Simples";"Reta";"Não";2;0;0;1;1;0;1;2;-26,880913;-48,846237;"SPRF-SC";"DEL04-SC";"UOP04-DEL04-SC"
131969;2018-03-18;"domingo";"13:58:00";"RN";101;94,8;"NATAL";"Desobediência às normas de trânsito pelo condutor";"Colisão transversal";"Com Vítimas Feridas";"Pleno dia";"Crescente";"Céu Claro";"Múltipla";"Reta";"Sim";2;0;1;0;1;0;1;2;-5,840768;-35,210358;"SPRF-RN";"DEL01-RN";"UOP01-DEL01-RN"
131971;2018-05-04;"sexta-feira";"15:40:00";"SC";101;224;"PALHOCA";"Falta de Atenção à Condução";"Capotamento";"Com Vítimas Feridas";"Pleno dia";"Crescente";"Céu Claro";"Dupla";"Em Obras";"Não";1;0;1;0;0;0;1;1;-27,7336;-48,6407;"SPRF-SC";"DEL01-SC";"UOP02-DEL01-SC"
131972;2018-05-04;"sexta-feira";"13:18:00";"SP";116;135,5;"SAO JOSE DOS CAMPOS";"Falta de Atenção à Condução";"Capotamento";"Sem Vítimas";"Pleno dia";"Crescente";"Céu Claro";"Dupla";"Reta";"Não";1;0;0;0;1;0;0;1;-23,144499;-45,77021;"SPRF-SP";"DEL06-SP";"UOP02-DEL02-SP"
131973;2018-05-04;"sexta-feira";"12:20:00";"RO";319;61,8;"PORTO VELHO";"Desobediência às normas de trânsito pelo condutor";"Colisão transversal";"Com Vítimas Feridas";"Pleno dia";"Crescente";"Céu Claro";"Dupla";"Interseção de Vias";"Sim";1;0;0;1;0;0;1;1;-8,744766;-63,889215;"SPRF-RO";"DEL01-RO";"UOP01-DEL01-RO"
131976;2018-05-04;"sexta-feira";"15:40:00";"MG";381;479;"CONTAGEM";"Falta de Atenção à Condução";"Colisão traseira";"Com Vítimas Feridas";"Pleno dia";"Decrescente";"Céu Claro";"Dupla";"Reta";"Sim";2;0;1;0;1;0;1;2;-19,961;-44,0517;"SPRF-MG";"DEL01-MG";"UOP03-DEL01-MG"
131977;2018-05-04;"sexta-feira";"16:00:00";"TO";153;144,9;"ARAGUAINA";"Ingestão de álcool e/ou substâncias psicoativas pelo pedestre";"Atropelamento de Pedestre";"Com Vítimas Feridas";"Pleno dia";"Decrescente";"Céu Claro";"Múltipla";"Reta;Aclive";"Sim";2;0;1;0;1;0;1;2;-7,20387;-48,239875;"SPRF-TO";"DEL02-TO";"UOP01-DEL02-TO"
131979;2018-05-04;"sexta-feira";"15:15:00";"PR";476;117,7;"COLOMBO";"Falta de Atenção à Condução";"Colisão lateral";"Sem Vítimas";"Pleno dia";"Decrescente";"Céu Claro";"Dupla";"Interseção de Vias";"Sim";1;0;0;0;1;0;0;1;-25,348623;-49,175663;"SPRF-PR";"DEL01-PR";"UOP01-DEL01-PR"
131980;2018-05-04;"sexta-feira";"07:00:00";"RO";364;604;"ITAPUA DO OESTE";"Pista Escorregadia";"Saída de leito carroçável";"Com Vítimas Fatais";"Pleno dia";"Crescente";"Céu Claro";"Simples";"Reta";"Não";3;1;0;0;2;0;0;1;-9,192122;-63,188835;"SPRF-RO";"DEL03-RO";"UOP04-DEL01-RO"
131981;2018-05-04;"sexta-feira";"16:00:00";"SE";101;21;"MALHADA DOS BOIS";"Falta de Atenção à Condução";"Colisão frontal";"Com Vítimas Feridas";"Pleno dia";"Crescente";"Nublado";"Simples";"Reta";"Sim";2;0;0;1;1;0;1;2;-10,3765148;-36,91407859;"SPRF-SE";"DEL02-SE";"UOP02-DEL02-SE"
131982;2018-05-04;"sexta-feira";"14:25:00";"RJ";101;525;"ANGRA DOS REIS";"Falta de Atenção à Condução";"Colisão transversal";"Com Vítimas Feridas";"Pleno dia";"Decrescente";"Sol";"Simples";"Rotatória";"Sim";2;0;0;2;0;0;2;1;-23,00264887;-44,47967827;"SPRF-RJ";"DEL03-RJ";"UOP02-DEL03-RJ"
131985;2018-05-04;"sexta-feira";"16:00:00";"CE";20;431;"FORTALEZA";"Falta de Atenção à Condução";"Colisão lateral";"Sem Vítimas";"Pleno dia";"Crescente";"Céu Claro";"Dupla";"Reta";"Não";2;0;0;0;2;0;0;2;-3,8710495;-38,483439;"SPRF-CE";"DEL01-CE";"UOP02-DEL01-CE"
131986;2018-05-04;"sexta-feira";"16:40:00";"PE";101;85,2;"JABOATAO DOS GUARARAPES";"Desobediência às normas de trânsito pelo condutor";"Colisão transversal";"Sem Vítimas";"Amanhecer";"Crescente";"Céu Claro";"Simples";"Reta";"Sim";2;0;0;0;2;0;0;2;-8,1826544;-34,96333244;"SPRF-PE";"DEL01-PE";"UOP03-DEL01-PE"
131990;2018-05-04;"sexta-feira";"15:30:00";"MT";163;831;"SINOP";"Falta de Atenção à Condução";"Queda de ocupante de veículo";"Com Vítimas Feridas";"Pleno dia";"Decrescente";"Sol";"Dupla";"Rotatória";"Sim";1;0;1;0;0;0;1;1;-11,89473229;-55,50398111;"SPRF-MT";"DEL06-MT";"UOP01-DEL06-MT"
131991;2018-05-04;"sexta-feira";"16:15:00";"SP";116;271,5;"TABOAO DA SERRA";"Falta de Atenção à Condução";"Colisão traseira";"Com Vítimas Feridas";"Pleno dia";"Crescente";"Céu Claro";"Dupla";"Reta";"Sim";1;0;1;0;0;0;1;1;-23,61318826;-46,77972078;"SPRF-SP";"DEL04-SP";"UOP01-DEL04-SP"
131992;2018-05-04;"sexta-feira";"16:10:00";"PE";423;95,8;"GARANHUNS";"Desobediência às normas de trânsito pelo condutor";"Colisão transversal";"Com Vítimas Feridas";"Pleno dia";"Crescente";"Sol";"Simples";"Interseção de Vias";"Sim";2;0;1;0;1;0;1;2;-8,87917797;-36,48506999;"SPRF-PE";"DEL03-PE";"UOP01-DEL03-PE"
131993;2018-05-04;"sexta-feira";"16:00:00";"RN";101;95,1;"NATAL";"Falta de Atenção à Condução";"Colisão lateral";"Com Vítimas Feridas";"Pleno dia";"Decrescente";"Céu Claro";"Dupla";"Reta";"Sim";2;0;1;0;1;0;1;2;-5,840768;-35,210358;"SPRF-RN";"DEL01-RN";"UOP01-DEL01-RN"
131995;2018-05-04;"sexta-feira";"13:30:00";"RJ";101;329;"RIO DE JANEIRO";"Falta de Atenção à Condução";"Colisão traseira";"Com Vítimas Feridas";"Pleno dia";"Crescente";"Céu Claro";"Múltipla";"Reta";"Não";4;0;1;0;3;0;1;3;-22,869379;-43,175808;"SPRF-RJ";"DEL02-RJ";"UOP02-DEL02-RJ"
131999;2018-04-07;"sábado";"14:00:00";"MS";262;771,5;"CORUMBA";"Falta de Atenção à Condução";"Saída de leito carroçável";"Com Vítimas Fatais";"Pleno dia";"Decrescente";"Céu Claro";"Simples";"Curva";"Sim";1;1;0;0;0;0;0;1;-19,034357;-57,650906;"SPRF-MS";"DEL03-MS";"UOP03-DEL03-MS"
132002;2018-05-04;"sexta-feira";"17:30:00";"PI";343;334,9;"TERESINA";"Falta de Atenção à Condução";"Colisão transversal";"Com Vítimas Feridas";"Pleno dia";"Crescente";"Céu Claro";"Simples";"Reta";"Não";2;0;1;0;1;0;1;2;-5,06161972;-42,69645989;"SPRF-PI";"DEL01-PI";"UOP01-DEL01-PI"
132004;2018-05-04;"sexta-feira";"17:30:00";"DF";40;8;"BRASILIA";"Falta de Atenção à Condução";"Colisão lateral";"Com Vítimas Feridas";"Anoitecer";"Decrescente";"Céu Claro";"Dupla";"Viaduto";"Não";2;0;1;0;1;0;1;2;-16,04845301;-47,98102856;"SPRF-DF";"DEL01-DF";"UOP01-DEL01-DF"
132005;2018-05-04;"sexta-feira";"17:30:00";"SC";101;32;"JOINVILLE";"Não guardar distância de segurança";"Colisão lateral";"Com Vítimas Feridas";"Pleno dia";"Decrescente";"Céu Claro";"Dupla";"Reta";"Não";2;0;1;0;1;0;1;2;-26,2531;-48,9065;"SPRF-SC";"DEL03-SC";"UOP01-DEL03-SC"
132006;2018-05-04;"sexta-feira";"18:15:00";"PE";407;127;"PETROLINA";"Falta de Atenção à Condução";"Colisão traseira";"Sem Vítimas";"Plena Noite";"Decrescente";"Céu Claro";"Simples";"Reta";"Sim";3;0;0;0;3;0;0;3;-9,392161;-40,516354;"SPRF-PE";"DEL06-PE";"UOP01-DEL06-PE"
132007;2018-05-04;"sexta-feira";"17:00:00";"RJ";101;59;"CAMPOS DOS GOYTACAZES";"Falta de Atenção à Condução";"Colisão transversal";"Com Vítimas Feridas";"Anoitecer";"Crescente";"Nublado";"Simples";"Reta";"Não";2;0;1;0;1;0;1;2;-21,71364;-41,308613;"SPRF-RJ";"DEL08-RJ";"UOP01-DEL08-RJ"
132009;2018-05-04;"sexta-feira";"17:50:00";"PE";316;82,2;"OURICURI";"Animais na Pista";"Atropelamento de Animal";"Com Vítimas Feridas";"Plena Noite";"Decrescente";"Nublado";"Simples";"Reta";"Não";2;0;2;0;0;0;2;1;-7,873612;-40,088;"SPRF-PE";"DEL05-PE";"UOP02-DEL05-PE"
132010;2018-05-04;"sexta-feira";"16:50:00";"PR";277;112;"CAMPO LARGO";"Falta de Atenção à Condução";"Queda de ocupante de veículo";"Com Vítimas Feridas";"Pleno dia";"Decrescente";"Céu Claro";"Dupla";"Reta";"Sim";1;0;1;0;0;0;1;1;-25,4701447;-49,7250574;"SPRF-PR";"DEL01-PR";"UOP06-DEL01-PR"
132013;2018-05-04;"sexta-feira";"11:20:00";"MS";267;482,1;"JARDIM";"Falta de Atenção à Condução";"Atropelamento de Pedestre";"Com Vítimas Feridas";"Pleno dia";"Crescente";"Céu Claro";"Simples";"Reta";"Sim";3;0;2;0;1;0;2;2;-21,48184;-56,14962;"SPRF-MS";"DEL05-MS";"UOP01-DEL05-MS"
132014;2018-05-04;"sexta-feira";"18:30:00";"MG";262;362,2;"JUATUBA";"Falta de Atenção do Pedestre";"Atropelamento de Pedestre";"Com Vítimas Fatais";"Plena Noite";"Decrescente";"Céu Claro";"Dupla";"Reta";"Sim";2;1;0;1;0;0;1;2;-19,9723;-44,2986;"SPRF-MG";"DEL01-MG";"UOP03-DEL01-MG"
132015;2018-05-04;"sexta-feira";"17:15:00";"MT";163;824;"SINOP";"Falta de Atenção à Condução";"Colisão traseira";"Com Vítimas Feridas";"Plena Noite";"Crescente";"Céu Claro";"Dupla";"Reta";"Sim";2;0;1;0;1;0;1;2;-11,9815617;-55,51734924;"SPRF-MT";"DEL06-MT";"UOP01-DEL06-MT"
132017;2018-05-04;"sexta-feira";"17:35:00";"MA";10;249,7;"IMPERATRIZ";"Não guardar distância de segurança";"Colisão traseira";"Sem Vítimas";"Anoitecer";"Crescente";"Chuva";"Simples";"Reta";"Sim";5;0;0;0;4;1;0;5;-5,55334706;-47,45771027;"SPRF-MA";"DEL04-MA";"UOP01-DEL04-MA"
132018;2018-05-04;"sexta-feira";"17:05:00";"DF";70;9,7;"BRASILIA";"Falta de Atenção do Pedestre";"Atropelamento de Pedestre";"Com Vítimas Feridas";"Plena Noite";"Crescente";"Céu Claro";"Dupla";"Reta";"Não";2;0;0;1;1;0;1;2;-15,7861211;-48,13681126;"SPRF-DF";"DEL01-DF";"UOP02-DEL03-DF"
132019;2018-05-04;"sexta-feira";"18:10:00";"SC";470;69;"INDAIAL";"Falta de Atenção à Condução";"Colisão traseira";"Com Vítimas Feridas";"Plena Noite";"Crescente";"Céu Claro";"Simples";"Interseção de Vias";"Não";2;0;1;0;1;0;1;2;-26,874777;-49,23592;"SPRF-SC";"DEL04-SC";"UOP01-DEL04-SC"
132020;2018-05-04;"sexta-feira";"18:50:00";"SC";101;214;"PALHOCA";"Não guardar distância de segurança";"Colisão lateral";"Com Vítimas Feridas";"Plena Noite";"Decrescente";"Nublado";"Múltipla";"Declive;Reta";"Sim";2;0;1;0;1;0;1;2;-27,64225885;-48,66890252;"SPRF-SC";"DEL01-SC";"UOP02-DEL01-SC"
132022;2018-05-04;"sexta-feira";"15:00:00";"MT";70;367;"CAMPO VERDE";"Falta de Atenção à Condução";"Saída de leito carroçável";"Com Vítimas Feridas";"Pleno dia";"Decrescente";"Chuva";"Simples";"Reta";"Não";1;0;0;1;0;0;1;1;-15,474058;-55,011978;"SPRF-MT";"DEL05-MT";"UOP01-DEL05-MT"
132024;2018-05-04;"sexta-feira";"18:10:00";"ES";262;4,4;"CARIACICA";"Falta de Atenção à Condução";"Colisão lateral";"Com Vítimas Feridas";"Plena Noite";"Crescente";"Céu Claro";"Múltipla";"Reta";"Sim";2;0;1;0;1;0;1;2;-20,33690101;-40,37853241;"SPRF-ES";"DEL01-ES";"UOP01-DEL01-ES"
132026;2018-05-04;"sexta-feira";"19:00:00";"AL";101;74,9;"MESSIAS";"Desobediência às normas de trânsito pelo condutor";"Colisão frontal";"Com Vítimas Feridas";"Plena Noite";"Crescente";"Nublado";"Dupla";"Curva;Retorno Regulamentado";"Não";4;0;4;0;0;0;4;2;-9,40342376;-35,83946228;"SPRF-AL";"DEL01-AL";"UOP01-DEL01-AL"
132027;2018-05-04;"sexta-feira";"18:45:00";"SP";116;329;"JUQUITIBA";"Falta de Atenção à Condução";"Colisão traseira";"Com Vítimas Fatais";"Plena Noite";"Crescente";"Céu Claro";"Dupla";"Reta";"Sim";1;1;0;0;0;0;0;1;-23,95707757;-47,11134911;"SPRF-SP";"DEL04-SP";"UOP03-DEL04-SP"
132028;2018-05-04;"sexta-feira";"16:45:00";"SC";280;96,4;"CORUPA";"Pista Escorregadia";"Tombamento";"Com Vítimas Feridas";"Pleno dia";"Crescente";"Céu Claro";"Simples";"Curva;Declive";"Não";1;0;0;1;0;0;1;1;-26,38262388;-49,31470871;"SPRF-SC";"DEL06-SC";"UOP03-DEL06-SC"
132029;2018-05-04;"sexta-feira";"18:15:00";"MG";40;498,8;"ESMERALDAS";"Velocidade Incompatível";"Atropelamento de Pedestre";"Com Vítimas Feridas";"Anoitecer";"Decrescente";"Céu Claro";"Dupla";"Reta";"Sim";2;0;0;1;0;1;1;2;-19,6981;-44,1762;"SPRF-MG";"DEL02-MG";"UOP01-DEL02-MG"
132039;2018-05-04;"sexta-feira";"17:45:00";"SC";282;578;"PINHALZINHO";"Ingestão de Álcool";"Colisão traseira";"Sem Vítimas";"Pleno dia";"Crescente";"Céu Claro";"Simples";"Reta";"Sim";2;0;0;0;2;0;0;2;-26,838364;-52,985279;"SPRF-SC";"DEL07-SC";"UOP02-DEL07-SC"
132041;2018-05-04;"sexta-feira";"19:30:00";"MG";381;931,9;"EXTREMA";"Desobediência às normas de trânsito pelo pedestre";"Atropelamento de Pedestre";"Com Vítimas Fatais";"Plena Noite";"Decrescente";"Céu Claro";"Dupla";"Curva";"Não";3;1;0;0;2;0;0;2;-22,79171639;-46,24568132;"SPRF-MG";"DEL16-MG";"UOP03-DEL16-MG"
132042;2018-01-13;"sábado";"20:30:00";"BA";101;685,2;"ITAGIMIRIM";"Falta de Atenção à Condução";"Saída de leito carroçável";"Com Vítimas Feridas";"Plena Noite";"Crescente";"Céu Claro";"Simples";"Reta";"Não";1;0;0;1;0;0;1;1;-16,08870197;-39,6194458;"SPRF-BA";"DEL09-BA";"UOP01-DEL09-BA"
132043;2018-05-04;"sexta-feira";"19:30:00";"PR";277;111;"CAMPO LARGO";"Velocidade Incompatível";"Colisão lateral";"Com Vítimas Feridas";"Plena Noite";"Crescente";"Céu Claro";"Dupla";"Reta";"Não";5;0;1;0;4;0;1;2;-25,44079439;-49,42701817;"SPRF-PR";"DEL01-PR";"UOP06-DEL01-PR"
132044;2018-05-04;"sexta-feira";"20:00:00";"DF";60;4,5;"BRASILIA";"Velocidade Incompatível";"Engavetamento";"Sem Vítimas";"Plena Noite";"Crescente";"Céu Claro";"Dupla";"Reta";"Sim";4;0;0;0;4;0;0;4;-15,89406262;-48,09983969;"SPRF-DF";"DEL01-DF";"UOP01-DEL03-DF"
132045;2018-05-04;"sexta-feira";"20:00:00";"CE";116;484,1;"MILAGRES";"Falta de Atenção à Condução";"Colisão lateral";"Com Vítimas Feridas";"Plena Noite";"Crescente";"Céu Claro";"Simples";"Reta";"Sim";3;0;2;0;1;0;2;2;-7,335153;-38,937041;"SPRF-CE";"DEL05-CE";"UOP03-DEL05-CE"
132046;2018-05-04;"sexta-feira";"18:40:00";"RO";364;202;"PIMENTA BUENO";"Falta de Atenção à Condução";"Colisão traseira";"Com Vítimas Feridas";"Plena Noite";"Decrescente";"Nublado";"Simples";"Reta";"Não";2;0;1;0;1;0;1;2;-11,636755;-61,200279;"SPRF-RO";"DEL02-RO";"UOP02-DEL02-RO"
132047;2018-05-04;"sexta-feira";"19:00:00";"MS";262;368,3;"CAMPO GRANDE";"Falta de Atenção à Condução";"Colisão traseira";"Com Vítimas Feridas";"Plena Noite";"Crescente";"Céu Claro";"Simples";"Reta";"Sim";3;0;1;0;2;0;1;2;-20,478754;-54,764096;"SPRF-MS";"DEL01-MS";"UOP03-DEL01-MS"
132051;2018-05-04;"sexta-feira";"20:20:00";"MG";40;616,9;"CONGONHAS";"Falta de Atenção do Pedestre";"Atropelamento de Pedestre";"Com Vítimas Feridas";"Plena Noite";"Decrescente";"Céu Claro";"Simples";"Reta";"Não";2;0;0;1;1;0;1;2;-20,5537;-43,8143;"SPRF-MG";"DEL05-MG";"UOP02-DEL05-MG"
132053;2018-05-04;"sexta-feira";"20:25:00";"PR";376;12;"MARINGA";"Falta de Atenção à Condução";"Colisão com objeto estático";"Com Vítimas Feridas";"Plena Noite";"Decrescente";"Nublado";"Dupla";"Reta";"Sim";1;0;0;1;0;0;1;1;-23,39646317;-51,88489392;"SPRF-PR";"DEL07-PR";"UOP01-DEL09-PR"
132055;2018-05-04;"sexta-feira";"20:15:00";"SC";101;197;"BIGUACU";"Falta de Atenção à Condução";"Colisão transversal";"Com Vítimas Feridas";"Plena Noite";"Crescente";"Céu Claro";"Simples";"Reta";"Não";2;0;1;0;1;0;1;2;-27,51457767;-48,63939139;"SPRF-SC";"DEL01-SC";"UOP01-DEL01-SC"
132056;2018-05-04;"sexta-feira";"20:30:00";"TO";153;4;"XAMBIOA";"Animais na Pista";"Atropelamento de Animal";"Com Vítimas Fatais";"Plena Noite";"Decrescente";"Céu Claro";"Simples";"Reta";"Não";1;1;0;0;0;0;0;1;-6,42496402;-48,52841377;"SPRF-TO";"DEL02-TO";"UOP01-DEL02-TO"
132058;2018-05-04;"sexta-feira";"19:30:00";"MT";70;76,4;"GENERAL CARNEIRO";"Condutor Dormindo";"Saída de leito carroçável";"Com Vítimas Feridas";"Plena Noite";"Decrescente";"Céu Claro";"Simples";"Curva";"Não";1;0;1;0;0;0;1;1;-15,66932098;-52,79994965;"SPRF-MT";"DEL07-MT";"UOP01-DEL07-MT"
132059;2018-05-04;"sexta-feira";"20:30:00";"SC";101;207;"SAO JOSE";"Falta de Atenção à Condução";"Colisão lateral";"Com Vítimas Feridas";"Plena Noite";"Decrescente";"Céu Claro";"Múltipla";"Reta";"Não";2;0;1;0;0;1;1;2;-27,60350311;-48,63183975;"SPRF-SC";"DEL01-SC";"UOP01-DEL01-SC"
132060;2018-05-04;"sexta-feira";"19:55:00";"RJ";116;166,9;"SAO JOAO DE MERITI";"Falta de Atenção à Condução";"Colisão lateral";"Com Vítimas Feridas";"Plena Noite";"Crescente";"Céu Claro";"Dupla";"Reta";"Sim";3;0;1;0;2;0;1;3;-22,80088021;-43,35194349;"SPRF-RJ";"DEL01-RJ";"UOP02-DEL01-RJ"
132062;2018-05-04;"sexta-feira";"19:19:00";"SC";282;311;"VARGEM";"Desobediência às normas de trânsito pelo condutor";"Colisão transversal";"Com Vítimas Feridas";"Plena Noite";"Crescente";"Nublado";"Simples";"Reta";"Não";6;0;2;0;4;0;2;2;-27,47356153;-50,98265648;"SPRF-SC";"DEL07-SC";"UOP06-DEL07-SC"
132064;2018-05-04;"sexta-feira";"21:00:00";"DF";40;0,7;"BRASILIA";"Não guardar distância de segurança";"Colisão traseira";"Sem Vítimas";"Plena Noite";"Crescente";"Céu Claro";"Dupla";"Reta";"Não";4;0;0;0;4;0;0;4;-15,98323739;-47,98838854;"SPRF-DF";"DEL01-DF";"UOP01-DEL01-DF"
132066;2018-05-04;"sexta-feira";"18:46:00";"RO";319;62,1;"PORTO VELHO";"Desobediência às normas de trânsito pelo condutor";"Colisão transversal";"Com Vítimas Feridas";"Plena Noite";"Decrescente";"Céu Claro";"Dupla";"Reta";"Sim";2;0;1;0;1;0;1;2;-8,75023503;-63,88763309;"SPRF-RO";"DEL01-RO";"UOP01-DEL01-RO"
132067;2018-05-04;"sexta-feira";"21:05:00";"BA";116;18,2;"VITORIA DA CONQUISTA";"Falta de Atenção à Condução";"Colisão frontal";"Com Vítimas Feridas";"Plena Noite";"Decrescente";"Céu Claro";"Simples";"Curva";"Não";2;0;0;1;1;0;1;2;-14,89663159;-40,83268929;"SPRF-PE";"DEL05-PE";"UOP03-DEL05-PE"
132069;2018-05-04;"sexta-feira";"20:55:00";"SC";282;2;"FLORIANOPOLIS";"Desobediência às normas de trânsito pelo condutor";"Colisão lateral";"Com Vítimas Feridas";"Plena Noite";"Crescente";"Céu Claro";"Dupla";"Reta";"Sim";3;0;2;0;1;0;2;2;-27,60348798;-48,58780824;"SPRF-SC";"DEL01-SC";"UOP01-DEL01-SC"
132070;2018-05-04;"sexta-feira";"21:15:00";"PR";376;207,5;"MANDAGUARI";"Desobediência às normas de trânsito pelo condutor";"Colisão transversal";"Com Vítimas Feridas";"Plena Noite";"Decrescente";"Céu Claro";"Simples";"Interseção de Vias";"Sim";2;0;0;1;1;0;1;2;-23,52281471;-51,67992353;"SPRF-PR";"DEL07-PR";"UOP01-DEL09-PR"
132071;2018-05-04;"sexta-feira";"20:10:00";"CE";116;196,6;"LIMOEIRO DO NORTE";"Defeito na Via";"Colisão com objeto estático";"Com Vítimas Fatais";"Plena Noite";"Crescente";"Céu Claro";"Simples";"Reta";"Não";1;1;0;0;0;0;0;1;-5,16854;-38,16786;"SPRF-CE";"DEL03-CE";"UOP01-DEL03-CE"
132076;2018-05-04;"sexta-feira";"20:30:00";"CE";402;263;"ITAPIPOCA";"Falta de Atenção à Condução";"Atropelamento de Pedestre";"Sem Vítimas";"Plena Noite";"Crescente";"Céu Claro";"Simples";"Reta";"Não";1;0;0;0;1;0;0;1;-3,48909063;-39,57206726;"SPRF-CE";"DEL01-CE";"UOP03-DEL01-CE"
132077;2018-05-04;"sexta-feira";"19:00:00";"RO";364;718;"PORTO VELHO";"Pista Escorregadia";"Saída de leito carroçável";"Com Vítimas Feridas";"Plena Noite";"Decrescente";"Garoa/Chuvisco";"Dupla";"Aclive;Curva;Em Obras";"Não";1;0;1;0;0;0;1;1;-8,81697037;-63,92132431;"SPRF-RO";"DEL01-RO";"UOP01-DEL01-RO"
132079;2018-05-04;"sexta-feira";"22:30:00";"MG";153;243;"FRONTEIRA";"Falta de Atenção à Condução";"Saída de leito carroçável";"Com Vítimas Feridas";"Plena Noite";"Crescente";"Céu Claro";"Simples";"Reta";"Sim";6;0;4;2;0;0;6;1;-20,27650877;-49,19066191;"SPRF-MG";"DEL13-MG";"UOP02-DEL13-MG"
132080;2018-05-04;"sexta-feira";"21:30:00";"MS";463;11,5;"DOURADOS";"Animais na Pista";"Atropelamento de Animal";"Sem Vítimas";"Plena Noite";"Crescente";"Céu Claro";"Simples";"Reta";"Não";5;0;0;0;5;0;0;2;-22,24528;-54,91381;"SPRF-MS";"DEL04-MS";"UOP01-DEL04-MS"
132081;2018-05-04;"sexta-feira";"20:10:00";"MG";262;34,4;"MANHUACU";"Animais na Pista";"Atropelamento de Animal";"Com Vítimas Feridas";"Plena Noite";"Crescente";"Céu Claro";"Simples";"Reta";"Sim";1;0;0;1;0;0;1;1;-20,2563493;-42,02726483;"SPRF-MG";"DEL06-MG";"UOP03-DEL06-MG"
132083;2018-05-04;"sexta-feira";"04:30:00";"PR";163;289,5;"MARECHAL CANDIDO RONDON";"Ingestão de Álcool";"Saída de leito carroçável";"Sem Vítimas";"Plena Noite";"Crescente";"Ignorado";"Simples";"Reta";"Não";1;0;0;0;0;1;0;1;-24,52068146;-54,07122821;"SPRF-PR";"DEL06-PR";"UOP02-DEL06-PR"
132087;2018-05-04;"sexta-feira";"21:45:00";"MG";116;411,5;"GOVERNADOR VALADARES";"Falta de Atenção à Condução";"Colisão lateral";"Com Vítimas Feridas";"Plena Noite";"Crescente";"Céu Claro";"Dupla";"Reta";"Sim";2;0;2;0;0;0;2;2;-18,86073719;-41,97455943;"SPRF-MG";"DEL06-MG";"UOP01-DEL06-MG"
132089;2018-05-04;"sexta-feira";"23:00:00";"SP";116;313,5;"SAO LOURENCO DA SERRA";"Defeito Mecânico no Veículo";"Colisão com objeto estático";"Sem Vítimas";"Plena Noite";"Crescente";"Céu Claro";"Dupla";"Reta";"Não";2;0;0;0;2;0;0;2;-23,89077201;-46,98230803;"SPRF-SP";"DEL04-SP";"UOP01-DEL04-SP"
132090;2018-05-04;"sexta-feira";"23:00:00";"PE";101;63,5;"RECIFE";"Ingestão de álcool e/ou substâncias psicoativas pelo pedestre";"Colisão com objeto estático";"Sem Vítimas";"Plena Noite";"Crescente";"Nublado";"Dupla";"Reta";"Sim";1;0;0;0;1;0;0;1;-8,012424;-34,938574;"SPRF-PE";"DEL01-PE";"UOP01-DEL01-PE"
132092;2018-05-04;"sexta-feira";"23:45:00";"SP";101;33,9;"UBATUBA";"Desobediência às normas de trânsito pelo pedestre";"Atropelamento de Pedestre";"Com Vítimas Feridas";"Plena Noite";"Decrescente";"Céu Claro";"Simples";"Reta";"Não";2;0;1;1;0;0;2;2;-23,390001;-44,98975;"SPRF-SP";"DEL06-SP";"UOP01-DEL06-SP"
132094;2018-05-04;"sexta-feira";"22:50:00";"BA";101;944,6;"MUCURI";"Ingestão de Álcool";"Colisão com objeto estático";"Com Vítimas Feridas";"Plena Noite";"Decrescente";"Nublado";"Simples";"Rotatória;Retorno Regulamentado";"Não";1;0;1;0;0;0;1;1;-18,08303772;-39,89075661;"SPRF-BA";"DEL09-BA";"UOP02-DEL09-BA"