"id";"data_inversa";"dia_semana";"horario";"uf";"br";"km";"municipio";"causa_acidente";"tipo_acidente";"classificacao_acidente";"fase_dia";"sentido_via";"condicao_metereologica";"tipo_pista";"tracado_via";"uso_solo";"pessoas";"mortos";"feridos_leves";"feridos_graves";"ilesos";"ignorados";"feridos";"veiculos";"latitude";"longitude";"regional";"delegacia";"uop"
132351;2018-05-06;"domingo";"09:27:00";"RJ";116;135;"MAGE";"Falta de Atenção à Condução";"Tombamento";"Com Vítimas Feridas";"Pleno dia";"Decrescente";"Céu Claro";"Dupla";"Reta";"Não";1;0;1;0;0;0;1;1;-22,64728416;-43,1924057;"SPRF-RJ";"DEL04-RJ";"UOP02-DEL04-RJ"
132352;2018-05-06;"domingo";"07:50:00";"MS";163;471,5;"CAMPO GRANDE";"Falta de Atenção à Condução";"Queda de ocupante de veículo";"Com Vítimas Feridas";"Pleno dia";"Decrescente";"Céu Claro";"Simples";"Reta";"Não";1;0;1;0;0;0;1;1;-20,54730325;-54,55910276;"SPRF-MS";"DEL01-MS";"UOP01-DEL01-MS"
132354;2018-05-06;"domingo";"09:00:00";"SC";101;125,8;"ITAJAI";"Falta de Atenção à Condução";"Colisão lateral";"Com Vítimas Feridas";"Pleno dia";"Decrescente";"Nublado";"Dupla";"Reta";"Não";2;0;1;0;0;1;1;2;-26,9557;-48,6796;"SPRF-SC";"DEL04-SC";"UOP04-DEL04-SC"
132355;2018-05-06;"domingo";"09:50:00";"RJ";40;65;"PETROPOLIS";"Falta de Atenção à Condução";"Colisão com objeto estático";"Com Vítimas Feridas";"Pleno dia";"Decrescente";"Céu Claro";"Dupla";"Reta";"Não";4;0;1;0;3;0;1;1;-22,43148891;-43,16895414;"SPRF-RJ";"DEL06-RJ";"UOP01-DEL06-RJ"
132356;2018-05-06;"domingo";"06:00:00";"RN";101;109;"PARNAMIRIM";"Falta de Atenção à Condução";"Colisão com objeto estático";"Sem Vítimas";"Amanhecer";"Decrescente";"Chuva";"Dupla";"Reta";"Sim";1;0;0;0;1;0;0;1;-5,94220401;-35,26460554;"SPRF-RN";"DEL01-RN";"UOP01-DEL01-RN"
132357;2018-05-06;"domingo";"08:10:00";"MG";381;477;"SABARA";"Velocidade Incompatível";"Capotamento";"Com Vítimas Feridas";"Pleno dia";"Decrescente";"Céu Claro";"Simples";"Curva";"Não";3;0;3;0;0;0;3;1;-19,78883391;-43,69743347;"SPRF-MG";"DEL01-MG";"UOP03-DEL01-MG"
132359;2018-05-06;"domingo";"03:10:00";"BA";116;822,3;"VITORIA DA CONQUISTA";"Velocidade Incompatível";"Queda de ocupante de veículo";"Com Vítimas Feridas";"Plena Noite";"Crescente";"Nublado";"Múltipla";"Reta";"Sim";1;0;0;1;0;0;1;1;-14,84689651;-40,84814448;"SPRF-BA";"DEL08-BA";"UOP01-DEL08-BA"
132361;2018-05-06;"domingo";"11:10:00";"PA";222;238;"MARABA";"Falta de Atenção à Condução";"Queda de ocupante de veículo";"Com Vítimas Feridas";"Pleno dia";"Crescente";"Céu Claro";"Simples";"Curva";"Não";2;0;1;1;0;0;2;1;-5,30420132;-49,07090819;"SPRF-PA";"DEL03-PA";"UOP01-DEL03-PA"
132363;2018-05-06;"domingo";"06:45:00";"RJ";101;419;"MANGARATIBA";"Ingestão de Álcool";"Colisão frontal";"Com Vítimas Feridas";"Pleno dia";"Decrescente";"Céu Claro";"Simples";"Curva";"Não";4;0;0;4;0;0;4;2;-22,91899018;-43,92891884;"SPRF-RJ";"DEL03-RJ";"UOP01-DEL03-RJ"
132364;2018-05-06;"domingo";"11:15:00";"MG";40;558;"NOVA LIMA";"Falta de Atenção à Condução";"Colisão traseira";"Com Vítimas Feridas";"Pleno dia";"Decrescente";"Nublado";"Dupla";"Reta";"Não";2;0;1;0;1;0;1;2;-20,1197;-43,9675;"SPRF-MG";"DEL01-MG";"UOP02-DEL01-MG"
132365;2018-05-06;"domingo";"05:45:00";"MT";163;534;"DIAMANTINO";"Falta de Atenção à Condução";"Queda de ocupante de veículo";"Com Vítimas Feridas";"Amanhecer";"Decrescente";"Céu Claro";"Simples";"Curva";"Não";1;0;0;1;0;0;1;1;-14,22634129;-56,10835874;"SPRF-MT";"DEL01-MT";"UOP01-DEL01-MT"
132367;2018-05-06;"domingo";"01:45:00";"PB";361;5,9;"PATOS";"Animais na Pista";"Atropelamento de Animal";"Com Vítimas Fatais";"Plena Noite";"Decrescente";"Nublado";"Simples";"Reta";"Sim";4;1;1;0;0;2;1;2;-7,035636;-37,309353;"SPRF-PB";"DEL03-PB";"UOP01-DEL03-PB"
132374;2018-05-06;"domingo";"12:10:00";"PE";101;70,5;"RECIFE";"Desobediência às normas de trânsito pelo condutor";"Colisão traseira";"Sem Vítimas";"Pleno dia";"Crescente";"Nublado";"Dupla";"Reta";"Sim";2;0;0;0;2;0;0;2;-8,072924;-34,942892;"SPRF-PE";"DEL01-PE";"UOP01-DEL01-PE"
132375;2018-05-06;"domingo";"13:00:00";"RN";405;145,5;"PAU DOS FERROS";"Desobediência às normas de trânsito pelo condutor";"Colisão lateral";"Com Vítimas Feridas";"Pleno dia";"Decrescente";"Céu Claro";"Simples";"Aclive";"Não";2;0;0;1;0;1;1;2;-6,0666244;-38,2044853;"SPRF-RN";"DEL04-RN";"UOP02-DEL04-RN"
132376;2018-05-06;"domingo";"03:00:00";"PB";230;64,3;"SAO MIGUEL DE TAIPU";"Condutor Dormindo";"Saída de leito carroçável";"Sem Vítimas";"Plena Noite";"Crescente";"Chuva";"Dupla";"Reta";"Não";1;0;0;0;1;0;0;1;-7,1944;-35,1754;"SPRF-PB";"DEL01-PB";"UOP03-DEL01-PB"
132377;2018-05-06;"domingo";"11:50:00";"ES";101;286;"CARIACICA";"Não guardar distância de segurança";"Colisão traseira";"Com Vítimas Feridas";"Pleno dia";"Crescente";"Sol";"Dupla";"Reta";"Sim";4;0;1;1;1;1;2;3;-20,29267068;-40,39225794;"SPRF-ES";"DEL01-ES";"UOP01-DEL01-ES"
132378;2018-05-06;"domingo";"13:10:00";"SC";282;492,9;"FAXINAL DOS GUEDES";"Ingestão de Álcool";"Saída de leito carroçável";"Com Vítimas Feridas";"Pleno dia";"Decrescente";"Nublado";"Simples";"Rotatória";"Não";2;0;2;0;0;0;2;1;-26,871534;-52,300915;"SPRF-SC";"DEL07-SC";"UOP01-DEL07-SC"
132379;2018-05-06;"domingo";"13:15:00";"MG";40;435;"PARAOPEBA";"Defeito Mecânico no Veículo";"Tombamento";"Com Vítimas Feridas";"Pleno dia";"Crescente";"Céu Claro";"Dupla";"Reta";"Não";2;0;2;0;0;0;2;1;-19,2284;-44,4391;"SPRF-MG";"DEL02-MG";"UOP01-DEL02-MG"
132381;2018-05-06;"domingo";"13:15:00";"SE";101;126,8;"ITAPORANGA DAJUDA";"Condutor Dormindo";"Colisão com objeto estático";"Com Vítimas Feridas";"Pleno dia";"Decrescente";"Nublado";"Dupla";"Reta";"Não";1;0;0;1;0;0;1;1;-11,0753;-37,3642;"SPRF-SE";"DEL02-SE";"UOP01-DEL02-SE"
132382;2018-05-06;"domingo";"13:30:00";"DF";20;45;"BRASILIA";"Defeito Mecânico no Veículo";"Colisão traseira";"Com Vítimas Feridas";"Pleno dia";"Decrescente";"Céu Claro";"Dupla";"Reta";"Não";6;0;2;0;4;0;2;3;-15,58078003;-47,45687187;"SPRF-DF";"DEL02-DF";"UOP01-DEL02-DF"
132384;2018-05-06;"domingo";"13:20:00";"ES";259;49,9;"COLATINA";"Falta de Atenção à Condução";"Colisão transversal";"Com Vítimas Feridas";"Pleno dia";"Decrescente";"Céu Claro";"Simples";"Reta";"Sim";2;0;0;1;1;0;1;2;-19,518734;-40,600407;"SPRF-ES";"DEL02-ES";"UOP01-DEL02-ES"
132385;2018-05-06;"domingo";"12:15:00";"MG";381;437,7;"SABARA";"Ingestão de Álcool";"Colisão transversal";"Com Vítimas Feridas";"Pleno dia";"Decrescente";"Sol";"Simples";"Reta";"Sim";2;0;2;0;0;0;2;2;-19,79493133;-43,74738693;"SPRF-MG";"DEL01-MG";"UOP01-DEL01-MG"
132386;2018-05-06;"domingo";"07:10:00";"GO";60;138,2;"GOIANIA";"Objeto estático sobre o leito carroçável";"Colisão traseira";"Com Vítimas Feridas";"Amanhecer";"Decrescente";"Céu Claro";"Simples";"Reta";"Sim";3;0;2;0;1;0;2;2;-16,6117;-49,2053;"SPRF-GO";"DEL01-GO";"UOP01-DEL01-GO"
132387;2018-05-06;"domingo";"12:45:00";"SC";101;384,2;"ICARA";"Defeito Mecânico no Veículo";"Tombamento";"Com Vítimas Feridas";"Pleno dia";"Decrescente";"Nublado";"Múltipla";"Reta";"Sim";2;0;1;1;0;0;2;1;-28,7695024;-49,30397987;"SPRF-SC";"DEL02-SC";"UOP02-DEL02-SC"
132389;2018-05-06;"domingo";"13:20:00";"PR";116;40,2;"CAMPINA GRANDE DO SUL";"Velocidade Incompatível";"Queda de ocupante de veículo";"Com Vítimas Feridas";"Pleno dia";"Decrescente";"Céu Claro";"Dupla";"Curva";"Não";1;0;1;0;0;0;1;1;-25,16453;-48,862446;"SPRF-PR";"DEL01-PR";"UOP02-DEL01-PR"
132390;2018-05-06;"domingo";"08:00:00";"GO";60;177;"ABADIA DE GOIAS";"Ingestão de Álcool";"Saída de leito carroçável";"Com Vítimas Feridas";"Pleno dia";"Crescente";"Sol";"Dupla";"Reta";"Não";1;0;1;0;0;0;1;1;-16,76756303;-49,47756708;"SPRF-GO";"DEL01-GO";"UOP02-DEL01-GO"
132392;2018-05-06;"domingo";"06:00:00";"ES";259;104,6;"BAIXO GUANDU";"Falta de Atenção à Condução";"Saída de leito carroçável";"Com Vítimas Fatais";"Amanhecer";"Crescente";"Céu Claro";"Simples";"Reta";"Não";2;1;1;0;0;0;1;1;-19,50153257;-41,0376629;"SPRF-ES";"DEL02-ES";"UOP01-DEL02-ES"
132393;2018-05-06;"domingo";"14:01:00";"PR";116;4;"CAMPINA GRANDE DO SUL";"Falta de Atenção à Condução";"Colisão com objeto estático";"Sem Vítimas";"Pleno dia";"Crescente";"Céu Claro";"Dupla";"Reta;Aclive";"Sim";1;0;0;0;1;0;0;1;-25,3629;-49,0822;"SPRF-PR";"DEL01-PR";"UOP02-DEL01-PR"
132395;2018-05-06;"domingo";"04:00:00";"PB";230;140,6;"CAMPINA GRANDE";"Velocidade Incompatível";"Saída de leito carroçável";"Sem Vítimas";"Plena Noite";"Decrescente";"Céu Claro";"Dupla";"Curva";"Não";1;0;0;0;0;1;0;1;-7,261257;-35,806232;"SPRF-PB";"DEL02-PB";"UOP01-DEL02-PB"
132396;2018-05-06;"domingo";"14:55:00";"CE";20;387;"CAUCAIA";"Falta de Atenção à Condução";"Colisão traseira";"Com Vítimas Feridas";"Pleno dia";"Crescente";"Nublado";"Simples";"Reta";"Não";3;0;2;0;1;0;2;2;-3,91554875;-38,85032773;"SPRF-CE";"DEL01-CE";"UOP01-DEL01-CE"
132401;2018-05-06;"domingo";"15:00:00";"MG";40;555,2;"NOVA LIMA";"Velocidade Incompatível";"Tombamento";"Com Vítimas Feridas";"Pleno dia";"Crescente";"Nublado";"Simples";"Retorno Regulamentado";"Não";1;0;1;0;0;0;1;1;-20,08902465;-43,97636175;"SPRF-MG";"DEL01-MG";"UOP02-DEL01-MG"
132402;2018-05-06;"domingo";"15:00:00";"MT";70;1,8;"BARRA DO GARCAS";"Desobediência às normas de trânsito pelo condutor";"Colisão transversal";"Com Vítimas Feridas";"Pleno dia";"Crescente";"Céu Claro";"Dupla";"Reta;Interseção de Vias";"Sim";2;0;1;1;0;0;2;2;-15,88855237;-52,26641536;"SPRF-MT";"DEL07-MT";"UOP01-DEL07-MT"
132404;2018-05-06;"domingo";"15:45:00";"GO";153;584,8;"PROFESSOR JAMIL";"Condutor Dormindo";"Saída de leito carroçável";"Com Vítimas Feridas";"Pleno dia";"Crescente";"Céu Claro";"Dupla";"Reta";"Não";1;0;1;0;0;0;1;1;-17,4164;-49,2263;"SPRF-GO";"DEL03-GO";"UOP01-DEL03-GO"
132407;2018-04-29;"domingo";"00:30:00";"PB";230;314,5;"SAO MAMEDE";"Animais na Pista";"Atropelamento de Animal";"Com Vítimas Feridas";"Plena Noite";"Crescente";"Céu Claro";"Simples";"Reta";"Não";3;0;1;0;2;0;1;1;-6,9412;-37,1016;"SPRF-PB";"DEL03-PB";"UOP01-DEL03-PB"
132409;2018-05-06;"domingo";"16:15:00";"RN";406;170,4;"NATAL";"Falta de Atenção à Condução";"Colisão transversal";"Com Vítimas Feridas";"Pleno dia";"Decrescente";"Céu Claro";"Dupla";"Reta";"Sim";2;0;0;1;1;0;1;2;-5,75289811;-35,31415164;"SPRF-RN";"DEL02-RN";"UOP01-DEL02-RN"
132411;2018-05-06;"domingo";"16:00:00";"ES";262;3,1;"CARIACICA";"Falta de Atenção à Condução";"Colisão lateral";"Com Vítimas Feridas";"Pleno dia";"Decrescente";"Nublado";"Dupla";"Declive";"Sim";2;0;1;0;1;0;1;2;-20,33449664;-40,3698796;"SPRF-ES";"DEL01-ES";"UOP01-DEL01-ES"
132412;2018-05-06;"domingo";"16:40:00";"ES";262;6,5;"CARIACICA";"Falta de Atenção do Pedestre";"Colisão transversal";"Com Vítimas Feridas";"Pleno dia";"Decrescente";"Céu Claro";"Múltipla";"Reta";"Sim";4;0;2;1;0;1;3;3;-20,341784;-40,3965817;"SPRF-ES";"DEL01-ES";"UOP01-DEL01-ES"
132414;2018-05-06;"domingo";"15:00:00";"PE";116;40,4;"SALGUEIRO";"Desobediência às normas de trânsito pelo condutor";"Colisão frontal";"Com Vítimas Feridas";"Pleno dia";"Decrescente";"Céu Claro";"Simples";"Reta";"Não";2;0;0;1;1;0;1;2;-8,192239;-39,101603;"SPRF-PE";"DEL05-PE";"UOP01-DEL05-PE"
132415;2018-05-06;"domingo";"14:50:00";"SC";101;139,7;"BALNEARIO CAMBORIU";"Falta de Atenção à Condução";"Colisão lateral";"Com Vítimas Feridas";"Pleno dia";"Crescente";"Nublado";"Dupla";"Reta";"Não";2;0;0;1;1;0;1;2;-27,0386;-48,6028;"SPRF-SC";"DEL04-SC";"UOP03-DEL04-SC"
132416;2018-05-06;"domingo";"08:53:00";"RJ";101;70;"CAMPOS DOS GOYTACAZES";"Desobediência às normas de trânsito pelo condutor";"Colisão traseira";"Com Vítimas Feridas";"Pleno dia";"Crescente";"Céu Claro";"Simples";"Reta";"Não";3;0;2;0;0;1;2;3;-21,77986187;-41,37005827;"SPRF-RJ";"DEL08-RJ";"UOP02-DEL08-RJ"
132418;2018-05-06;"domingo";"17:00:00";"SC";470;67,2;"INDAIAL";"Falta de Atenção à Condução";"Colisão traseira";"Com Vítimas Feridas";"Pleno dia";"Crescente";"Nublado";"Simples";"Reta";"Sim";2;0;1;0;1;0;1;2;-26,8706501;-49,21539724;"SPRF-SC";"DEL04-SC";"UOP01-DEL04-SC"
132419;2018-05-06;"domingo";"17:00:00";"SC";470;99;"APIUNA";"Desobediência às normas de trânsito pelo condutor";"Colisão lateral";"Com Vítimas Feridas";"Pleno dia";"Decrescente";"Nublado";"Simples";"Reta";"Não";2;0;1;0;1;0;1;2;-27,02653195;-49,37778533;"SPRF-SC";"DEL04-SC";"UOP01-DEL04-SC"
132420;2018-05-06;"domingo";"17:00:00";"SP";116;97;"PINDAMONHANGABA";"Defeito Mecânico no Veículo";"Incêndio";"Sem Vítimas";"Pleno dia";"Decrescente";"Nublado";"Dupla";"Reta";"Sim";1;0;0;0;1;0;0;1;-22,973892;-45,447544;"SPRF-SP";"DEL06-SP";"UOP01-DEL06-SP"
132421;2018-05-06;"domingo";"17:35:00";"PR";277;596;"CASCAVEL";"Velocidade Incompatível";"Colisão traseira";"Com Vítimas Feridas";"Pleno dia";"Decrescente";"Céu Claro";"Dupla";"Reta";"Sim";2;0;0;1;1;0;1;2;-24,98325727;-53,50444794;"SPRF-PR";"DEL04-PR";"UOP01-DEL04-PR"
132422;2018-05-06;"domingo";"15:48:00";"SC";282;499,2;"XANXERE";"Velocidade Incompatível";"Capotamento";"Com Vítimas Feridas";"Pleno dia";"Decrescente";"Chuva";"Dupla";"Rotatória";"Sim";2;0;2;0;0;0;2;1;-26,88089;-52,3590374;"SPRF-SC";"DEL07-SC";"UOP01-DEL07-SC"
132424;2018-05-06;"domingo";"17:45:00";"PE";408;101,9;"JABOATAO DOS GUARARAPES";"Falta de Atenção à Condução";"Colisão traseira";"Com Vítimas Feridas";"Anoitecer";"Crescente";"Nublado";"Dupla";"Aclive;Reta";"Sim";2;0;1;0;0;1;1;2;-8,057113;-34,995704;"SPRF-PE";"DEL01-PE";"UOP01-DEL01-PE"
132427;2018-05-06;"domingo";"17:25:00";"PR";487;122;"TUNEIRAS DO OESTE";"Ingestão de Álcool";"Colisão traseira";"Sem Vítimas";"Anoitecer";"Crescente";"Céu Claro";"Simples";"Reta";"Não";7;0;0;0;7;0;0;2;-23,866522;-52,877548;"SPRF-PR";"DEL04-PR";"UOP03-DEL09-PR"
132429;2018-05-06;"domingo";"14:40:00";"RJ";101;230;"SILVA JARDIM";"Falta de Atenção à Condução";"Saída de leito carroçável";"Com Vítimas Feridas";"Pleno dia";"Crescente";"Céu Claro";"Dupla";"Reta";"Não";1;0;1;0;0;0;1;1;-22,57851049;-42,38084435;"SPRF-RJ";"DEL02-RJ";"UOP03-DEL02-RJ"
132430;2018-05-06;"domingo";"16:00:00";"GO";153;675,5;"PANAMA";"Desobediência às normas de trânsito pelo condutor";"Saída de leito carroçável";"Com Vítimas Feridas";"Pleno dia";"Crescente";"Céu Claro";"Dupla";"Retorno Regulamentado";"Não";4;0;1;0;3;0;1;2;-18,1855;-49,2895;"SPRF-GO";"DEL03-GO";"UOP02-DEL03-GO"
132431;2018-05-06;"domingo";"17:50:00";"ES";262;157;"IBATIBA";"Ingestão de Álcool";"Colisão lateral";"Com Vítimas Feridas";"Anoitecer";"Decrescente";"Céu Claro";"Simples";"Reta";"Não";3;0;1;1;0;1;2;3;-20,2316;-41,4947;"SPRF-ES";"DEL01-ES";"UOP02-DEL01-ES"
132432;2018-05-06;"domingo";"17:50:00";"BA";418;97;"CARAVELAS";"Ingestão de Álcool";"Colisão lateral";"Com Vítimas Feridas";"Plena Noite";"Decrescente";"Nublado";"Simples";"Reta";"Não";7;0;0;2;5;0;2;2;-17,734264;-39,553185;"SPRF-BA";"DEL09-BA";"UOP02-DEL09-BA"
132434;2018-05-06;"domingo";"17:30:00";"BA";367;35,7;"PORTO SEGURO";"Falta de Atenção do Pedestre";"Atropelamento de Pedestre";"Com Vítimas Feridas";"Anoitecer";"Crescente";"Ignorado";"Simples";"Reta";"Não";4;0;1;0;1;2;1;2;-16,408607;-39,170006;"SPRF-BA";"DEL09-BA";"UOP01-DEL09-BA"
132436;2018-05-06;"domingo";"18:20:00";"SC";470;92,8;"ASCURRA";"Ingestão de Álcool";"Colisão transversal";"Com Vítimas Feridas";"Anoitecer";"Decrescente";"Nublado";"Simples";"Reta";"Não";3;0;1;1;1;0;2;2;-26,97671945;-49,36868029;"SPRF-SC";"DEL04-SC";"UOP01-DEL04-SC"
132437;2018-05-06;"domingo";"17:25:00";"PR";163;151,4;"SANTA LUCIA";"Falta de Atenção à Condução";"Engavetamento";"Com Vítimas Feridas";"Pleno dia";"Decrescente";"Nublado";"Simples";"Reta";"Sim";5;0;1;0;4;0;1;3;-25,4043345;-53,5735889;"SPRF-PR";"DEL04-PR";"UOP05-DEL05-PR"
132438;2018-05-06;"domingo";"09:20:00";"PI";343;323;"TERESINA";"Defeito na Via";"Tombamento";"Com Vítimas Feridas";"Pleno dia";"Crescente";"Céu Claro";"Simples";"Declive";"Não";1;0;0;1;0;0;1;1;-5,06512504;-42,60961533;"SPRF-PI";"DEL01-PI";"UOP01-DEL01-PI"
132439;2018-05-06;"domingo";"18:15:00";"RJ";101;405;"ITAGUAI";"Falta de Atenção à Condução";"Colisão traseira";"Com Vítimas Feridas";"Anoitecer";"Crescente";"Nublado";"Dupla";"Retorno Regulamentado";"Sim";2;0;1;0;1;0;1;2;-22,8728538;-43,80944252;"SPRF-RJ";"DEL03-RJ";"UOP01-DEL03-RJ"
132440;2018-05-06;"domingo";"18:00:00";"SC";470;10;"NAVEGANTES";"Desobediência às normas de trânsito pelo condutor";"Colisão traseira";"Com Vítimas Feridas";"Anoitecer";"Crescente";"Nublado";"Simples";"Reta";"Não";3;0;1;0;2;0;1;3;-26,833693;-48,73724;"SPRF-SC";"DEL04-SC";"UOP04-DEL04-SC"
132442;2018-05-06;"domingo";"18:15:00";"GO";20;72;"FORMOSA";"Falta de Atenção à Condução";"Colisão transversal";"Com Vítimas Feridas";"Anoitecer";"Crescente";"Céu Claro";"Simples";"Interseção de Vias";"Não";7;0;5;0;2;0;5;2;-15,148357;-47,135379;"SPRF-DF";"DEL02-DF";"UOP01-DEL02-DF"
132443;2018-05-06;"domingo";"17:55:00";"MG";40;42,1;"PARACATU";"Não guardar distância de segurança";"Colisão traseira";"Sem Vítimas";"Plena Noite";"Decrescente";"Céu Claro";"Simples";"Reta;Declive";"Sim";6;0;0;0;6;0;0;2;-17,218784;-46,866695;"SPRF-MG";"DEL14-MG";"UOP01-DEL14-MG"
132445;2018-05-06;"domingo";"18:40:00";"CE";222;219,3;"SOBRAL";"Ingestão de Álcool";"Colisão transversal";"Com Vítimas Feridas";"Plena Noite";"Crescente";"Céu Claro";"Simples";"Reta";"Não";3;0;0;3;0;0;3;2;-3,742728;-40,313683;"SPRF-CE";"DEL04-CE";"UOP01-DEL04-CE"
132447;2018-05-06;"domingo";"19:00:00";"MG";40;525;"CONTAGEM";"Falta de Atenção à Condução";"Capotamento";"Com Vítimas Feridas";"Plena Noite";"Crescente";"Céu Claro";"Dupla";"Reta";"Sim";2;0;2;0;0;0;2;1;-19,8971;-44,0497;"SPRF-MG";"DEL01-MG";"UOP03-DEL01-MG"
132448;2018-05-06;"domingo";"17:00:00";"RJ";101;473;"ANGRA DOS REIS";"Falta de Atenção à Condução";"Queda de ocupante de veículo";"Com Vítimas Feridas";"Pleno dia";"Crescente";"Céu Claro";"Dupla";"Reta";"Sim";1;0;1;0;0;0;1;1;-22,98964682;-44,24181461;"SPRF-RJ";"DEL03-RJ";"UOP03-DEL03-RJ"
132449;2018-05-06;"domingo";"01:50:00";"SP";116;422;"JUQUIA";"Falta de Atenção à Condução";"Saída de leito carroçável";"Sem Vítimas";"Plena Noite";"Crescente";"Nevoeiro/Neblina";"Dupla";"Reta";"Não";1;0;0;0;0;1;0;1;-24,35710549;-47,66658783;"SPRF-SP";"DEL05-SP";"UOP01-DEL05-SP"
132451;2018-05-06;"domingo";"19:00:00";"MG";381;500;"BETIM";"Falta de Atenção à Condução";"Colisão traseira";"Sem Vítimas";"Plena Noite";"Decrescente";"Céu Claro";"Dupla";"Reta";"Sim";2;0;0;0;2;0;0;2;-20,002554;-44,21196;"SPRF-MG";"DEL01-MG";"UOP03-DEL01-MG"
132452;2018-05-06;"domingo";"19:00:00";"MG";459;51,4;"SANTA RITA DE CALDAS";"Animais na Pista";"Atropelamento de Animal";"Com Vítimas Feridas";"Plena Noite";"Decrescente";"Céu Claro";"Simples";"Reta";"Não";5;0;5;0;0;0;5;1;-22,074192;-46,260208;"SPRF-MG";"DEL09-MG";"UOP01-DEL09-MG"
132453;2018-05-06;"domingo";"18:50:00";"PE";232;408;"SERRA TALHADA";"Falta de Atenção à Condução";"Colisão transversal";"Com Vítimas Feridas";"Plena Noite";"Crescente";"Céu Claro";"Simples";"Reta";"Sim";2;0;1;0;1;0;1;2;-7,9825146;-38,28662932;"SPRF-PE";"DEL04-PE";"UOP01-DEL04-PE"
132454;2018-05-06;"domingo";"18:15:00";"PR";277;81;"CURITIBA";"Velocidade Incompatível";"Colisão traseira";"Com Vítimas Feridas";"Plena Noite";"Crescente";"Nublado";"Dupla";"Reta";"Sim";3;0;2;0;1;0;2;2;-25,50588322;-49,15042877;"SPRF-PR";"DEL01-PR";"UOP01-DEL01-PR"
132456;2018-05-06;"domingo";"18:15:00";"PE";232;392;"SERRA TALHADA";"Animais na Pista";"Atropelamento de Animal";"Sem Vítimas";"Plena Noite";"Crescente";"Céu Claro";"Simples";"Reta";"Não";11;0;0;0;10;1;0;2;-8,02795468;-38,17164637;"SPRF-PE";"DEL04-PE";"UOP01-DEL04-PE"
132457;2018-05-06;"domingo";"17:50:00";"RO";364;24;"VILHENA";"Falta de Atenção à Condução";"Colisão transversal";"Com Vítimas Feridas";"Anoitecer";"Crescente";"Céu Claro";"Simples";"Declive";"Não";3;0;2;0;1;0;2;2;-12,72600057;-60,19061197;"SPRF-RO";"DEL04-RO";"UOP01-DEL04-RO"
132458;2018-05-06;"domingo";"19:10:00";"SC";101;196,2;"SAO JOSE";"Ingestão de Álcool";"Colisão com objeto estático";"Com Vítimas Feridas";"Plena Noite";"Crescente";"Chuva";"Múltipla";"Curva";"Sim";6;0;3;1;2;0;4;4;-27,5185;-48,6383;"SPRF-SC";"DEL01-SC";"UOP01-DEL01-SC"
132462;2018-05-06;"domingo";"19:10:00";"PA";316;50;"SANTA IZABEL DO PARA";"Animais na Pista";"Tombamento";"Com Vítimas Feridas";"Plena Noite";"Crescente";"Céu Claro";"Dupla";"Reta";"Não";1;0;0;1;0;0;1;1;-1,29764906;-48,05018663;"SPRF-PA";"DEL01-PA";"UOP01-DEL01-PA"
132463;2018-05-06;"domingo";"19:45:00";"SC";470;89,1;"ASCURRA";"Desobediência às normas de trânsito pelo condutor";"Colisão transversal";"Com Vítimas Feridas";"Plena Noite";"Decrescente";"Nublado";"Simples";"Reta";"Sim";2;0;1;0;1;0;1;2;-26,95079319;-49,36954647;"SPRF-SC";"DEL04-SC";"UOP01-DEL04-SC"
132464;2018-05-06;"domingo";"18:30:00";"SC";101;299,8;"LAGUNA";"Pista Escorregadia";"Saída de leito carroçável";"Sem Vítimas";"Anoitecer";"Crescente";"Chuva";"Dupla";"Reta";"Não";1;0;0;0;1;0;0;1;-28,3649;-48,7527;"SPRF-SC";"DEL02-SC";"UOP03-DEL02-SC"
132465;2018-05-06;"domingo";"19:35:00";"PB";101;87,6;"JOAO PESSOA";"Falta de Atenção à Condução";"Colisão lateral";"Com Vítimas Feridas";"Plena Noite";"Crescente";"Céu Claro";"Dupla";"Reta";"Sim";2;0;1;1;0;0;2;2;-7,16272896;-34,90264177;"SPRF-PB";"DEL01-PB";"UOP01-DEL01-PB"
132466;2018-05-06;"domingo";"17:30:00";"MG";50;190;"UBERABA";"Condutor Dormindo";"Colisão com objeto estático";"Com Vítimas Feridas";"Anoitecer";"Crescente";"Céu Claro";"Dupla";"Reta";"Não";1;0;1;0;0;0;1;1;-19,85444968;-47,87082732;"SPRF-MG";"DEL13-MG";"UOP01-DEL13-MG"
132467;2018-04-15;"domingo";"05:00:00";"RS";287;248,6;"SANTA MARIA";"Desobediência às normas de trânsito pelo condutor";"Colisão transversal";"Com Vítimas Feridas";"Plena Noite";"Crescente";"Nublado";"Simples";"Em Obras;Reta;Interseção de Vias";"Sim";7;0;3;1;3;0;4;2;-29,69610535;-53,85154724;"SPRF-RS";"DEL09-RS";"UOP01-DEL09-RS"
132468;2018-05-06;"domingo";"17:20:00";"AC";364;155;"BUJARI";"Falta de Atenção à Condução";"Colisão traseira";"Com Vítimas Feridas";"Anoitecer";"Decrescente";"Céu Claro";"Simples";"Reta";"Sim";3;0;2;0;1;0;2;2;-9,838963;-67,940102;"SPRF-AC";"DEL01-AC";"UOP01-DEL01-AC"