"id";"data_inversa";"dia_semana";"horario";"uf";"br";"km";"municipio";"causa_acidente";"tipo_acidente";"classificacao_acidente";"fase_dia";"sentido_via";"condicao_metereologica";"tipo_pista";"tracado_via";"uso_solo";"pessoas";"mortos";"feridos_leves";"feridos_graves";"ilesos";"ignorados";"feridos";"veiculos";"latitude";"longitude";"regional";"delegacia";"uop"
132469;2018-05-06;"domingo";"17:00:00";"SC";282;500;"XANXERE";"Velocidade Incompatível";"Capotamento";"Sem Vítimas";"Pleno dia";"Crescente";"Chuva";"Dupla";"Rotatória";"Não";3;0;0;0;3;0;0;1;-26,881372;-52,37252;"SPRF-SC";"DEL07-SC";"UOP01-DEL07-SC"
132470;2018-05-06;"domingo";"19:00:00";"PR";277;632,8;"CEU AZUL";"Ultrapassagem Indevida";"Saída de leito carroçável";"Com Vítimas Feridas";"Plena Noite";"Decrescente";"Céu Claro";"Simples";"Aclive";"Não";2;0;1;0;1;0;1;1;-25,122564;-53,809971;"SPRF-PR";"DEL05-PR";"UOP02-DEL05-PR"
132471;2018-05-06;"domingo";"20:25:00";"PR";376;1;"MARINGA";"Velocidade Incompatível";"Queda de ocupante de veículo";"Com Vítimas Feridas";"Plena Noite";"Crescente";"Nublado";"Dupla";"Reta";"Não";1;0;1;0;0;0;1;1;-23,4273;-51,9375;"SPRF-PR";"DEL07-PR";"UOP01-DEL09-PR"
132473;2018-05-06;"domingo";"18:00:00";"RJ";116;208;"SEROPEDICA";"Falta de Atenção à Condução";"Colisão lateral";"Sem Vítimas";"Plena Noite";"Crescente";"Nublado";"Dupla";"Curva";"Sim";2;0;0;0;2;0;0;2;-22,722965;-43,671375;"SPRF-RJ";"DEL01-RJ";"UOP03-DEL01-RJ"
132474;2018-05-06;"domingo";"20:20:00";"ES";262;1,1;"CARIACICA";"Desobediência às normas de trânsito pelo pedestre";"Atropelamento de Pedestre";"Com Vítimas Feridas";"Plena Noite";"Decrescente";"Céu Claro";"Dupla";"Reta";"Sim";3;0;2;1;0;0;3;2;-20,33291718;-40,35638809;"SPRF-ES";"DEL01-ES";"UOP01-DEL01-ES"
132477;2018-05-06;"domingo";"20:20:00";"PR";369;38,9;"ANDIRA";"Não guardar distância de segurança";"Colisão traseira";"Com Vítimas Feridas";"Plena Noite";"Decrescente";"Céu Claro";"Simples";"Reta";"Não";6;0;5;1;0;0;6;2;-23,05470873;-50,24304086;"SPRF-PR";"DEL07-PR";"UOP05-DEL07-PR"
132478;2018-05-06;"domingo";"18:00:00";"AC";364;136;"RIO BRANCO";"Falta de Atenção à Condução";"Colisão traseira";"Sem Vítimas";"Anoitecer";"Crescente";"Garoa/Chuvisco";"Dupla";"Reta";"Sim";2;0;0;0;2;0;0;2;-9,977584;-67,8489;"SPRF-AC";"DEL01-AC";"UOP01-DEL01-AC"
132479;2018-05-06;"domingo";"19:50:00";"MS";163;204,7;"CAARAPO";"Falta de Atenção à Condução";"Queda de ocupante de veículo";"Com Vítimas Feridas";"Plena Noite";"Decrescente";"Céu Claro";"Simples";"Reta";"Não";1;0;1;0;0;0;1;1;-22,65773982;-54,80323792;"SPRF-MS";"DEL04-MS";"UOP02-DEL04-MS"
132482;2018-05-06;"domingo";"21:05:00";"CE";116;165,7;"RUSSAS";"Animais na Pista";"Atropelamento de Animal";"Com Vítimas Feridas";"Plena Noite";"Crescente";"Nublado";"Simples";"Reta";"Sim";2;0;0;2;0;0;2;1;-4,962669;-38,004072;"SPRF-CE";"DEL03-CE";"UOP01-DEL03-CE"
132484;2018-05-06;"domingo";"21:25:00";"SP";116;145,9;"SAO JOSE DOS CAMPOS";"Falta de Atenção à Condução";"Colisão lateral";"Com Vítimas Feridas";"Plena Noite";"Decrescente";"Céu Claro";"Dupla";"Aclive;Reta";"Sim";1;0;0;1;0;0;1;1;-23,18975804;-45,86014856;"SPRF-SP";"DEL02-SP";"UOP01-DEL02-SP"
132485;2018-05-06;"domingo";"21:00:00";"MG";365;704;"MONTE ALEGRE DE MINAS";"Falta de Atenção à Condução";"Capotamento";"Com Vítimas Feridas";"Plena Noite";"Crescente";"Céu Claro";"Dupla";"Reta";"Não";3;0;3;0;0;0;3;1;-18,8818;-49,0189;"SPRF-MG";"DEL15-MG";"UOP03-DEL15-MG"
132486;2018-04-07;"sábado";"02:53:00";"PR";116;129;"FAZENDA RIO GRANDE";"Desobediência às normas de trânsito pelo condutor";"Saída de leito carroçável";"Sem Vítimas";"Plena Noite";"Crescente";"Céu Claro";"Dupla";"Reta";"Sim";1;0;0;0;1;0;0;1;-25,630278;-49,313812;"SPRF-PR";"DEL01-PR";"UOP03-DEL01-PR"
132487;2018-05-06;"domingo";"18:05:00";"PR";153;353,9;"REBOUCAS";"Ingestão de álcool e/ou substâncias psicoativas pelo pedestre";"Atropelamento de Pedestre";"Com Vítimas Feridas";"Anoitecer";"Crescente";"Céu Claro";"Simples";"Aclive";"Não";2;0;1;0;1;0;1;2;-25,63149841;-50,72754622;"SPRF-PR";"DEL03-PR";"UOP02-DEL08-PR"
132488;2018-05-06;"domingo";"20:40:00";"MS";60;416;"SIDROLANDIA";"Restrição de Visibilidade";"Colisão com objeto estático";"Com Vítimas Feridas";"Plena Noite";"Decrescente";"Céu Claro";"Simples";"Desvio Temporário;Reta";"Não";1;0;1;0;0;0;1;1;-20,8982;-54,886935;"SPRF-MS";"DEL01-MS";"UOP04-DEL01-MS"
132489;2018-05-06;"domingo";"21:00:00";"MG";116;284;"TEOFILO OTONI";"Falta de Atenção à Condução";"Queda de ocupante de veículo";"Com Vítimas Feridas";"Plena Noite";"Decrescente";"Céu Claro";"Simples";"Reta";"Não";2;0;1;1;0;0;2;1;-17,8720519;-41,519635;"SPRF-MG";"DEL11-MG";"UOP01-DEL11-MG"
132491;2018-05-06;"domingo";"22:00:00";"PA";316;3;"ANANINDEUA";"Ingestão de Álcool";"Colisão transversal";"Com Vítimas Feridas";"Plena Noite";"Crescente";"Céu Claro";"Dupla";"Reta";"Sim";3;0;2;0;1;0;2;2;-1,39325952;-48,41909766;"SPRF-PA";"DEL01-PA";"DEL19/1-UOP05/PA"
132492;2018-05-06;"domingo";"22:10:00";"GO";40;52;"LUZIANIA";"Condutor Dormindo";"Tombamento";"Com Vítimas Feridas";"Plena Noite";"Decrescente";"Céu Claro";"Dupla";"Reta";"Não";2;0;2;0;0;0;2;1;-16,459224;-47,80724;"SPRF-DF";"DEL01-DF";"UOP02-DEL01-DF"
132493;2018-05-06;"domingo";"18:40:00";"MG";116;430,2;"ALPERCATA";"Desobediência às normas de trânsito pelo condutor";"Colisão transversal";"Com Vítimas Feridas";"Plena Noite";"Crescente";"Céu Claro";"Simples";"Reta";"Não";2;0;1;0;1;0;1;2;-19,06211788;-42,01171875;"SPRF-MG";"DEL06-MG";"UOP01-DEL06-MG"
132494;2018-05-06;"domingo";"21:10:00";"PR";376;652,8;"TIJUCAS DO SUL";"Ingestão de Álcool";"Saída de leito carroçável";"Sem Vítimas";"Plena Noite";"Crescente";"Garoa/Chuvisco";"Dupla";"Curva";"Não";2;0;0;0;2;0;0;1;-25,84408427;-49,05979156;"SPRF-PR";"DEL01-PR";"DEL7/1-UOP08/PR"
132495;2018-05-06;"domingo";"18:31:00";"BA";110;340;"ALAGOINHAS";"Pista Escorregadia";"Colisão transversal";"Com Vítimas Feridas";"Plena Noite";"Crescente";"Chuva";"Dupla";"Viaduto";"Sim";3;0;2;0;1;0;2;2;-12,16180707;-38,41614246;"SPRF-BA";"DEL01-BA";"UOP04-DEL01-BA"
132496;2018-05-06;"domingo";"22:00:00";"PE";407;129;"PETROLINA";"Desobediência às normas de trânsito pelo condutor";"Colisão transversal";"Com Vítimas Feridas";"Plena Noite";"Decrescente";"Céu Claro";"Simples";"Reta";"Sim";3;0;1;1;1;0;2;2;-9,4158711;-40,49474716;"SPRF-PE";"DEL06-PE";"UOP01-DEL06-PE"
132497;2018-05-06;"domingo";"22:50:00";"MG";262;530,3;"LUZ";"Ultrapassagem Indevida";"Colisão frontal";"Com Vítimas Feridas";"Plena Noite";"Crescente";"Garoa/Chuvisco";"Simples";"Aclive;Reta";"Não";4;0;3;0;1;0;3;2;-19,77662659;-45,74860001;"SPRF-MG";"DEL08-MG";"UOP02-DEL08-MG"
132498;2018-05-06;"domingo";"22:50:00";"PR";369;155;"LONDRINA";"Ingestão de Substâncias Psicoativas";"Atropelamento de Pedestre";"Com Vítimas Feridas";"Plena Noite";"Decrescente";"Nublado";"Dupla";"Aclive";"Sim";2;0;1;0;0;1;1;2;-23,29395879;-51,21238232;"SPRF-PR";"DEL07-PR";"UOP01-DEL07-PR"
132499;2018-05-06;"domingo";"22:30:00";"SC";101;206,8;"SAO JOSE";"Falta de Atenção à Condução";"Colisão com objeto estático";"Com Vítimas Feridas";"Plena Noite";"Crescente";"Chuva";"Dupla";"Reta";"Não";2;0;1;1;0;0;2;1;-27,6001;-48,6225;"SPRF-SC";"DEL01-SC";"UOP01-DEL01-SC"
132500;2018-05-06;"domingo";"22:20:00";"SC";101;200;"SAO JOSE";"Falta de Atenção à Condução";"Colisão traseira";"Sem Vítimas";"Plena Noite";"Crescente";"Chuva";"Múltipla";"Reta";"Sim";2;0;0;0;2;0;0;2;-27,5485;-48,6196;"SPRF-SC";"DEL01-SC";"UOP01-DEL01-SC"
132502;2018-05-06;"domingo";"21:40:00";"RJ";116;196;"QUEIMADOS";"Desobediência às normas de trânsito pelo condutor";"Colisão frontal";"Com Vítimas Feridas";"Plena Noite";"Decrescente";"Céu Claro";"Dupla";"Reta";"Sim";3;0;0;2;1;0;2;2;-22,733366;-43,556595;"SPRF-RJ";"DEL01-RJ";"UOP03-DEL01-RJ"
132504;2018-05-06;"domingo";"21:00:00";"RJ";116;190;"QUEIMADOS";"Falta de Atenção do Pedestre";"Atropelamento de Pedestre";"Com Vítimas Fatais";"Plena Noite";"Decrescente";"Nublado";"Dupla";"Curva";"Sim";2;1;0;0;1;0;0;2;-22,741264;-43,500793;"SPRF-RJ";"DEL01-RJ";"UOP03-DEL01-RJ"
132505;2018-05-06;"domingo";"22:45:00";"RJ";101;294;"ITABORAI";"Falta de Atenção à Condução";"Colisão com objeto estático";"Sem Vítimas";"Plena Noite";"Decrescente";"Nublado";"Dupla";"Reta";"Não";1;0;0;0;1;0;0;1;-22,758444;-42,895023;"SPRF-RJ";"DEL02-RJ";"DEL5/2-UOP04/RJ"
132508;2018-05-06;"domingo";"23:50:00";"PR";277;586,9;"CASCAVEL";"Desobediência às normas de trânsito pelo condutor";"Colisão frontal";"Com Vítimas Feridas";"Plena Noite";"Crescente";"Céu Claro";"Simples";"Reta";"Não";5;0;4;1;0;0;5;2;-24,96853;-53,42801;"SPRF-PR";"DEL04-PR";"UOP01-DEL04-PR"
132509;2018-05-06;"domingo";"11:20:00";"MA";135;21;"SAO LUIS";"Ingestão de Álcool";"Colisão traseira";"Sem Vítimas";"Plena Noite";"Decrescente";"Céu Claro";"Dupla";"Reta";"Sim";2;0;0;0;2;0;0;2;-2,56566747;-44,33021218;"SPRF-MA";"DEL01-MA";"UOP01-DEL01-MA"
132510;2018-05-07;"segunda-feira";"00:15:00";"MG";262;442;"NOVA SERRANA";"Falta de Atenção à Condução";"Saída de leito carroçável";"Com Vítimas Feridas";"Plena Noite";"Decrescente";"Céu Claro";"Dupla";"Curva";"Sim";3;0;0;2;1;0;2;1;-19,87264509;-44,96497624;"SPRF-MG";"DEL08-MG";"UOP03-DEL08-MG"
132511;2018-05-06;"domingo";"22:00:00";"SC";158;109,4;"CUNHA PORA";"Ingestão de Álcool";"Colisão transversal";"Sem Vítimas";"Plena Noite";"Crescente";"Céu Claro";"Simples";"Rotatória";"Sim";2;0;0;0;2;0;0;2;-26,760532;-53,174904;"SPRF-SC";"DEL07-SC";"UOP02-DEL07-SC"
132514;2018-05-07;"segunda-feira";"01:10:00";"RJ";116;131;"MAGE";"Animais na Pista";"Colisão traseira";"Com Vítimas Feridas";"Plena Noite";"Decrescente";"Ignorado";"Dupla";"Reta";"Sim";3;0;3;0;0;0;3;2;-22,65355;-43,157769;"SPRF-RJ";"DEL04-RJ";"UOP02-DEL04-RJ"
132515;2018-05-07;"segunda-feira";"00:20:00";"PR";277;703;"SANTA TEREZINHA DE ITAIPU";"Condutor Dormindo";"Saída de leito carroçável";"Com Vítimas Feridas";"Plena Noite";"Crescente";"Céu Claro";"Dupla";"Reta";"Não";3;0;1;0;2;0;1;1;-25,420568;-54,353245;"SPRF-PR";"DEL05-PR";"UOP01-DEL05-PR"
132516;2018-05-06;"domingo";"15:45:00";"SC";153;48,8;"VARGEM BONITA";"Velocidade Incompatível";"Colisão frontal";"Com Vítimas Feridas";"Pleno dia";"Decrescente";"Chuva";"Simples";"Curva;Aclive";"Não";5;0;2;0;3;0;2;1;-26,904951;-51,774128;"SPRF-SC";"DEL07-SC";"UOP07-DEL07-SC"
132517;2018-05-07;"segunda-feira";"00:45:00";"MG";116;407,5;"GOVERNADOR VALADARES";"Velocidade Incompatível";"Colisão frontal";"Com Vítimas Feridas";"Plena Noite";"Crescente";"Céu Claro";"Simples";"Curva";"Sim";2;0;1;0;1;0;1;2;-18,90206404;-41,94717407;"SPRF-MG";"DEL06-MG";"UOP01-DEL06-MG"
132519;2018-05-07;"segunda-feira";"02:10:00";"SC";101;362,7;"SANGAO";"Ingestão de Álcool";"Colisão com objeto estático";"Sem Vítimas";"Plena Noite";"Crescente";"Chuva";"Dupla";"Declive;Curva";"Não";1;0;0;0;1;0;0;1;-28,6744;-49,1242;"SPRF-SC";"DEL02-SC";"UOP01-DEL02-SC"
132521;2018-05-07;"segunda-feira";"03:40:00";"RJ";40;31;"AREAL";"Ingestão de Álcool";"Queda de ocupante de veículo";"Sem Vítimas";"Plena Noite";"Crescente";"Céu Claro";"Dupla";"Curva";"Não";1;0;0;0;1;0;0;1;-22,1987;-43,1562;"SPRF-RJ";"DEL06-RJ";"UOP02-DEL05-RJ"
132522;2018-05-07;"segunda-feira";"02:32:00";"SC";101;199,8;"SAO JOSE";"Ingestão de Álcool";"Colisão com objeto estático";"Com Vítimas Feridas";"Plena Noite";"Crescente";"Chuva";"Múltipla";"Interseção de Vias";"Sim";2;0;0;1;1;0;1;1;-27,53799976;-48,62537563;"SPRF-SC";"DEL01-SC";"UOP01-DEL01-SC"
132524;2018-05-07;"segunda-feira";"02:40:00";"MG";116;729;"LARANJAL";"Condutor Dormindo";"Capotamento";"Com Vítimas Feridas";"Plena Noite";"Decrescente";"Céu Claro";"Simples";"Curva";"Não";3;0;3;0;0;0;3;1;-21,339273;-42,45825;"SPRF-MG";"DEL07-MG";"UOP02-DEL07-MG"
132526;2018-05-07;"segunda-feira";"02:40:00";"RJ";116;175;"NOVA IGUACU";"Defeito Mecânico no Veículo";"Incêndio";"Sem Vítimas";"Plena Noite";"Crescente";"Céu Claro";"Múltipla";"Reta";"Não";1;0;0;0;1;0;0;1;-22,789236;-43,372753;"SPRF-RJ";"DEL01-RJ";"UOP02-DEL01-RJ"
132529;2018-05-07;"segunda-feira";"04:20:00";"MG";262;642,5;"IBIA";"Condutor Dormindo";"Saída de leito carroçável";"Sem Vítimas";"Plena Noite";"Crescente";"Nublado";"Simples";"Reta;Aclive";"Não";1;0;0;0;1;0;0;1;-19,57103173;-46,57743931;"SPRF-MG";"DEL08-MG";"UOP01-DEL08-MG"
132531;2018-05-06;"domingo";"23:00:00";"SC";101;147,7;"ITAPEMA";"Não guardar distância de segurança";"Colisão traseira";"Com Vítimas Feridas";"Plena Noite";"Decrescente";"Garoa/Chuvisco";"Dupla";"Reta";"Sim";4;0;1;1;2;0;2;4;-27,1012;-48,618;"SPRF-SC";"DEL04-SC";"UOP03-DEL04-SC"
132533;2018-05-07;"segunda-feira";"06:30:00";"ES";101;298;"VIANA";"Não guardar distância de segurança";"Colisão traseira";"Sem Vítimas";"Pleno dia";"Crescente";"Nublado";"Dupla";"Reta";"Sim";2;0;0;0;2;0;0;2;-20,3537024;-40,4157512;"SPRF-ES";"DEL01-ES";"UOP01-DEL01-ES"
132534;2018-05-07;"segunda-feira";"06:20:00";"RJ";40;102;"DUQUE DE CAXIAS";"Ultrapassagem Indevida";"Colisão frontal";"Com Vítimas Feridas";"Amanhecer";"Crescente";"Nublado";"Dupla";"Reta";"Sim";2;0;1;0;1;0;1;2;-22,60762176;-43,28577608;"SPRF-RJ";"DEL01-RJ";"UOP01-DEL01-RJ"
132535;2018-05-07;"segunda-feira";"06:30:00";"PR";376;112;"PARANAVAI";"Ingestão de Álcool";"Saída de leito carroçável";"Com Vítimas Fatais";"Amanhecer";"Decrescente";"Céu Claro";"Simples";"Reta;Desvio Temporário;Em Obras";"Não";2;1;1;0;0;0;1;1;-23,08975;-52,39199;"SPRF-PR";"DEL07-PR";"UOP02-DEL09-PR"
132537;2018-05-07;"segunda-feira";"06:20:00";"PA";316;8;"ANANINDEUA";"Não guardar distância de segurança";"Colisão traseira";"Com Vítimas Feridas";"Plena Noite";"Decrescente";"Céu Claro";"Dupla";"Reta";"Sim";4;0;1;0;3;0;1;3;-1,36822569;-48,37795258;"SPRF-PA";"DEL01-PA";"DEL19/1-UOP05/PA"
132538;2018-05-07;"segunda-feira";"01:20:00";"BA";110;286;"INHAMBUPE";"Desobediência às normas de trânsito pelo condutor";"Saída de leito carroçável";"Com Vítimas Feridas";"Plena Noite";"Crescente";"Chuva";"Simples";"Curva";"Não";1;0;0;1;0;0;1;1;-11,75939453;-38,32779586;"SPRF-BA";"DEL01-BA";"UOP04-DEL01-BA"
132539;2018-05-07;"segunda-feira";"07:00:00";"GO";70;18,4;"COCALZINHO DE GOIAS";"Condutor Dormindo";"Saída de leito carroçável";"Com Vítimas Fatais";"Amanhecer";"Crescente";"Ignorado";"Simples";"Aclive";"Não";1;1;0;0;0;0;0;1;-15,7448;-48,3557;"SPRF-DF";"DEL01-DF";"UOP02-DEL03-DF"
132541;2018-05-07;"segunda-feira";"07:25:00";"AP";210;3,1;"MACAPA";"Pista Escorregadia";"Tombamento";"Com Vítimas Feridas";"Pleno dia";"Decrescente";"Chuva";"Simples";"Reta";"Sim";2;0;2;0;0;0;2;1;0,08689281;-51,08630776;"SPRF-AP";"DEL01-AP";"UOP01-DEL01-AP"
132546;2018-05-07;"segunda-feira";"06:58:00";"PA";10;233,3;"IPIXUNA DO PARA";"Falta de Atenção à Condução";"Colisão traseira";"Com Vítimas Feridas";"Pleno dia";"Decrescente";"Céu Claro";"Simples";"Reta";"Sim";3;0;1;0;2;0;1;2;-2,39392;-47,53735;"SPRF-PA";"DEL02-PA";"UOP01-DEL02-PA"
132550;2018-05-06;"domingo";"04:20:00";"PR";376;4,3;"APUCARANA";"Ingestão de Álcool";"Colisão traseira";"Sem Vítimas";"Plena Noite";"Decrescente";"Céu Claro";"Simples";"Reta;Interseção de Vias";"Sim";2;0;0;0;2;0;0;2;-23,55643424;-51,44309521;"SPRF-PR";"DEL07-PR";"UOP03-DEL07-PR"
132552;2018-05-07;"segunda-feira";"06:30:00";"SP";116;352,5;"MIRACATU";"Pista Escorregadia";"Tombamento";"Com Vítimas Feridas";"Pleno dia";"Crescente";"Chuva";"Dupla";"Curva";"Não";1;0;1;0;0;0;1;1;-24,06300152;-47,23211288;"SPRF-SP";"DEL04-SP";"UOP03-DEL04-SP"
132553;2018-05-07;"segunda-feira";"06:40:00";"PB";230;38;"SANTA RITA";"Falta de Atenção do Pedestre";"Atropelamento de Pedestre";"Com Vítimas Feridas";"Pleno dia";"Crescente";"Sol";"Dupla";"Aclive";"Sim";2;0;1;0;1;0;1;2;-7,1341;-34,962;"SPRF-PB";"DEL01-PB";"UOP01-DEL01-PB"
132554;2018-05-07;"segunda-feira";"07:45:00";"ES";101;303,1;"VIANA";"Defeito Mecânico no Veículo";"Queda de ocupante de veículo";"Com Vítimas Feridas";"Pleno dia";"Decrescente";"Chuva";"Dupla";"Reta";"Sim";1;0;1;0;0;0;1;1;-20,377356;-40,446269;"SPRF-ES";"DEL01-ES";"UOP01-DEL01-ES"
132556;2018-05-07;"segunda-feira";"02:31:00";"ES";101;295,6;"CARIACICA";"Desobediência às normas de trânsito pelo condutor";"Queda de ocupante de veículo";"Com Vítimas Feridas";"Plena Noite";"Crescente";"Nublado";"Dupla";"Declive";"Sim";2;0;0;1;0;1;1;1;-20,33723115;-40,40231287;"SPRF-ES";"DEL01-ES";"UOP01-DEL01-ES"
132558;2018-05-07;"segunda-feira";"08:35:00";"PB";101;73,2;"SANTA RITA";"Desobediência às normas de trânsito pelo condutor";"Colisão transversal";"Com Vítimas Feridas";"Pleno dia";"Decrescente";"Sol";"Dupla";"Retorno Regulamentado";"Não";2;0;1;0;1;0;1;2;-7,0797826;-34,9860936;"SPRF-PB";"DEL01-PB";"UOP04-DEL01-PB"
132563;2018-05-07;"segunda-feira";"09:00:00";"PB";230;26,1;"JOAO PESSOA";"Falta de Atenção à Condução";"Queda de ocupante de veículo";"Com Vítimas Feridas";"Pleno dia";"Crescente";"Sol";"Múltipla";"Reta";"Sim";2;0;1;0;0;1;1;2;-7,16886485;-34,88147646;"SPRF-PB";"DEL01-PB";"UOP01-DEL01-PB"
132565;2018-05-07;"segunda-feira";"07:30:00";"RN";101;106;"PARNAMIRIM";"Desobediência às normas de trânsito pelo condutor";"Colisão transversal";"Com Vítimas Feridas";"Pleno dia";"Decrescente";"Céu Claro";"Dupla";"Retorno Regulamentado";"Sim";2;0;2;0;0;0;2;2;-5,910553;-35,261307;"SPRF-RN";"DEL01-RN";"UOP01-DEL01-RN"
132567;2018-05-07;"segunda-feira";"08:50:00";"SE";101;109,3;"SAO CRISTOVAO";"Velocidade Incompatível";"Colisão com objeto estático";"Sem Vítimas";"Pleno dia";"Crescente";"Chuva";"Dupla";"Reta";"Não";1;0;0;0;1;0;0;1;-10,96665092;-37,27200329;"SPRF-SE";"DEL02-SE";"UOP01-DEL02-SE"
132568;2018-05-07;"segunda-feira";"06:35:00";"SC";470;345;"CAMPOS NOVOS";"Falta de Atenção à Condução";"Colisão com objeto estático";"Com Vítimas Feridas";"Amanhecer";"Crescente";"Nublado";"Simples";"Interseção de Vias";"Não";1;0;1;0;0;0;1;1;-27,53007965;-51,38829231;"SPRF-SC";"DEL07-SC";"UOP06-DEL07-SC"
132569;2018-05-07;"segunda-feira";"07:30:00";"CE";116;16;"EUSEBIO";"Falta de Atenção à Condução";"Tombamento";"Com Vítimas Feridas";"Pleno dia";"Decrescente";"Sol";"Dupla";"Reta";"Sim";1;0;1;0;0;0;1;1;-3,89364133;-38,50249947;"SPRF-CE";"DEL01-CE";"UOP02-DEL01-CE"
132570;2018-05-07;"segunda-feira";"08:50:00";"BA";324;616;"SALVADOR";"Pista Escorregadia";"Colisão lateral";"Com Vítimas Feridas";"Pleno dia";"Crescente";"Chuva";"Dupla";"Reta";"Sim";2;0;1;0;1;0;1;2;-12,89135887;-38,44559563;"SPRF-BA";"DEL01-BA";"UOP01-DEL01-BA"
132572;2018-05-07;"segunda-feira";"09:15:00";"GO";153;498,5;"GOIANIA";"Não guardar distância de segurança";"Engavetamento";"Com Vítimas Feridas";"Pleno dia";"Crescente";"Sol";"Dupla";"Reta";"Sim";5;0;2;0;3;0;2;3;-16,68965966;-49,23297644;"SPRF-GO";"DEL01-GO";"UOP01-DEL01-GO"
132573;2018-05-07;"segunda-feira";"07:40:00";"ES";101;377;"ICONHA";"Falta de Atenção à Condução";"Colisão transversal";"Com Vítimas Feridas";"Pleno dia";"Crescente";"Nublado";"Simples";"Reta";"Sim";2;0;1;0;1;0;1;2;-20,79266791;-40,80729961;"SPRF-ES";"DEL03-ES";"UOP01-DEL03-ES"
132574;2018-05-07;"segunda-feira";"09:10:00";"MG";381;516;"IGARAPE";"Velocidade Incompatível";"Tombamento";"Com Vítimas Feridas";"Pleno dia";"Decrescente";"Sol";"Dupla";"Curva";"Não";1;0;1;0;0;0;1;1;-20,1055;-44,3215;"SPRF-MG";"DEL01-MG";"UOP03-DEL01-MG"
132575;2018-05-07;"segunda-feira";"08:30:00";"MG";251;341;"FRUTA DE LEITE";"Velocidade Incompatível";"Saída de leito carroçável";"Com Vítimas Feridas";"Pleno dia";"Crescente";"Céu Claro";"Simples";"Reta";"Não";1;0;0;1;0;0;1;1;-16,2582;-42,4698;"SPRF-MG";"DEL12-MG";"UOP01-DEL12-MG"
132578;2018-05-07;"segunda-feira";"07:45:00";"PR";476;148;"ARAUCARIA";"Não guardar distância de segurança";"Colisão traseira";"Sem Vítimas";"Pleno dia";"Decrescente";"Nublado";"Dupla";"Reta;Declive";"Sim";2;0;0;0;2;0;0;2;-25,557121;-49,348732;"SPRF-PR";"DEL01-PR";"UOP06-DEL01-PR"
132579;2018-05-07;"segunda-feira";"09:00:00";"PR";369;147;"LONDRINA";"Não guardar distância de segurança";"Engavetamento";"Com Vítimas Feridas";"Pleno dia";"Crescente";"Céu Claro";"Dupla";"Reta";"Sim";5;0;2;0;3;0;2;4;-23,29310146;-51,13623792;"SPRF-PR";"DEL07-PR";"UOP01-DEL07-PR"
132583;2018-05-07;"segunda-feira";"08:50:00";"MS";163;258;"DOURADOS";"Desobediência às normas de trânsito pelo condutor";"Colisão lateral";"Com Vítimas Feridas";"Pleno dia";"Crescente";"Céu Claro";"Dupla";"Rotatória";"Sim";2;0;1;0;1;0;1;2;-22,25813999;-54,78247762;"SPRF-MS";"DEL04-MS";"UOP01-DEL04-MS"
132586;2018-05-06;"domingo";"03:30:00";"RS";290;26,2;"SANTO ANTONIO DA PATRULHA";"Condutor Dormindo";"Saída de leito carroçável";"Com Vítimas Feridas";"Plena Noite";"Crescente";"Nublado";"Dupla";"Reta";"Não";2;0;2;0;0;0;2;1;-29,88009494;-50,51451445;"SPRF-RS";"DEL03-RS";"UOP02-DEL03-RS"
132588;2018-04-18;"quarta-feira";"08:10:00";"RS";386;2,7;"IRAI";"Desobediência às normas de trânsito pelo condutor";"Colisão lateral";"Com Vítimas Feridas";"Pleno dia";"Decrescente";"Céu Claro";"Simples";"Ponte";"Não";2;0;0;1;1;0;1;2;-27,178265;-53,243065;"SPRF-RS";"DEL08-RS";"UOP02-DEL08-RS"
132591;2018-05-07;"segunda-feira";"10:10:00";"PA";316;9;"MARITUBA";"Falta de Atenção à Condução";"Colisão traseira";"Com Vítimas Feridas";"Pleno dia";"Crescente";"Céu Claro";"Dupla";"Reta";"Sim";3;0;1;0;2;0;1;3;-1,36569441;-48,364048;"SPRF-PA";"DEL01-PA";"DEL19/1-UOP05/PA"
132593;2018-05-07;"segunda-feira";"09:50:00";"RJ";116;23,4;"SAPUCAIA";"Falta de Atenção à Condução";"Colisão transversal";"Com Vítimas Feridas";"Pleno dia";"Crescente";"Nublado";"Simples";"Reta";"Não";4;0;2;1;1;0;3;2;-22,030649;-42,777142;"SPRF-RJ";"DEL04-RJ";"UOP01-DEL04-RJ"
132594;2018-01-22;"segunda-feira";"16:00:00";"RS";116;252;"SAPUCAIA DO SUL";"Falta de Atenção à Condução";"Colisão com objeto estático";"Com Vítimas Feridas";"Pleno dia";"Decrescente";"Céu Claro";"Dupla";"Reta";"Sim";1;0;0;1;0;0;1;1;-29,79901626;-51,16520789;"SPRF-RS";"DEL01-RS";"UOP02-DEL01-RS"
132595;2018-05-07;"segunda-feira";"09:50:00";"RJ";101;307;"SAO GONCALO";"Falta de Atenção à Condução";"Colisão lateral";"Com Vítimas Feridas";"Pleno dia";"Decrescente";"Nublado";"Dupla";"Reta";"Sim";3;0;2;0;1;0;2;2;-22,791161;-43,01516;"SPRF-RJ";"DEL02-RJ";"DEL5/2-UOP04/RJ"
132598;2018-05-07;"segunda-feira";"10:45:00";"PR";116;39;"CAMPINA GRANDE DO SUL";"Velocidade Incompatível";"Saída de leito carroçável";"Com Vítimas Feridas";"Pleno dia";"Crescente";"Chuva";"Dupla";"Curva";"Não";2;0;2;0;0;0;2;1;-25,156248;-48,86134;"SPRF-PR";"DEL01-PR";"UOP02-DEL01-PR"