"id";"data_inversa";"dia_semana";"horario";"uf";"br";"km";"municipio";"causa_acidente";"tipo_acidente";"classificacao_acidente";"fase_dia";"sentido_via";"condicao_metereologica";"tipo_pista";"tracado_via";"uso_solo";"pessoas";"mortos";"feridos_leves";"feridos_graves";"ilesos";"ignorados";"feridos";"veiculos";"latitude";"longitude";"regional";"delegacia";"uop"
132599;2018-05-07;"segunda-feira";"10:45:00";"PR";116;43,7;"CAMPINA GRANDE DO SUL";"Velocidade Incompatível";"Capotamento";"Com Vítimas Feridas";"Pleno dia";"Crescente";"Céu Claro";"Dupla";"Curva";"Não";3;0;2;0;1;0;2;1;-25,18553462;-48,88601476;"SPRF-PR";"DEL01-PR";"UOP02-DEL01-PR"
132600;2018-05-07;"segunda-feira";"09:30:00";"CE";20;416;"MARACANAU";"Desobediência às normas de trânsito pelo condutor";"Colisão transversal";"Com Vítimas Feridas";"Pleno dia";"Decrescente";"Nublado";"Simples";"Reta;Interseção de Vias;Em Obras";"Sim";2;0;0;1;1;0;1;2;-3,83480618;-38,61091912;"SPRF-CE";"DEL01-CE";"UOP02-DEL01-CE"
132602;2018-02-17;"sábado";"08:45:00";"PI";316;370;"VILA NOVA DO PIAUI";"Falta de Atenção à Condução";"Capotamento";"Com Vítimas Feridas";"Pleno dia";"Decrescente";"Céu Claro";"Simples";"Curva";"Sim";5;0;0;5;0;0;5;1;-7,143;-40,942;"SPRF-PI";"DEL04-PI";"UOP03-DEL04-PI"
132603;2018-05-07;"segunda-feira";"06:48:00";"RJ";101;312;"SAO GONCALO";"Restrição de Visibilidade";"Colisão lateral";"Com Vítimas Feridas";"Pleno dia";"Crescente";"Sol";"Dupla";"Reta";"Sim";2;0;1;0;1;0;1;2;-22,790446;-43,0243382;"SPRF-RJ";"DEL02-RJ";"DEL5/2-UOP04/RJ"
132604;2018-05-07;"segunda-feira";"11:35:00";"PE";101;29;"ITAPISSUMA";"Falta de Atenção à Condução";"Saída de leito carroçável";"Com Vítimas Feridas";"Pleno dia";"Decrescente";"Sol";"Dupla";"Reta";"Não";1;0;1;0;0;0;1;1;-7,7392;-34,9432;"SPRF-PE";"DEL01-PE";"UOP02-DEL01-PE"
132605;2018-05-07;"segunda-feira";"11:15:00";"PR";376;652,8;"TIJUCAS DO SUL";"Velocidade Incompatível";"Colisão lateral";"Sem Vítimas";"Pleno dia";"Decrescente";"Nevoeiro/Neblina";"Dupla";"Curva";"Não";8;0;0;0;8;0;0;2;-25,84250071;-49,05897617;"SPRF-PR";"DEL01-PR";"DEL7/1-UOP08/PR"
132607;2018-05-07;"segunda-feira";"11:40:00";"PA";316;2,9;"ANANINDEUA";"Não guardar distância de segurança";"Colisão lateral";"Com Vítimas Feridas";"Pleno dia";"Crescente";"Sol";"Dupla";"Reta";"Sim";2;0;1;0;1;0;1;2;-1,39087843;-48,41529965;"SPRF-PA";"DEL01-PA";"DEL19/1-UOP05/PA"
132609;2018-05-07;"segunda-feira";"12:05:00";"PI";343;1,7;"LUIS CORREIA";"Falta de Atenção à Condução";"Colisão transversal";"Com Vítimas Feridas";"Pleno dia";"Decrescente";"Céu Claro";"Simples";"Reta";"Sim";2;0;1;0;1;0;1;2;-2,89284148;-41,66892171;"SPRF-PI";"DEL05-PI";"UOP01-DEL05-PI"
132610;2018-02-02;"sexta-feira";"07:40:00";"RO";319;62;"PORTO VELHO";"Falta de Atenção à Condução";"Colisão lateral";"Com Vítimas Feridas";"Pleno dia";"Decrescente";"Nublado";"Dupla";"Reta";"Sim";3;0;2;0;1;0;2;2;-8,74934429;-63,88792276;"SPRF-RO";"DEL01-RO";"UOP01-DEL01-RO"
132612;2018-05-06;"domingo";"05:35:00";"PR";277;455,8;"LARANJEIRAS DO SUL";"Ingestão de Álcool";"Capotamento";"Com Vítimas Feridas";"Plena Noite";"Decrescente";"Céu Claro";"Simples";"Curva";"Não";1;0;1;0;0;0;1;1;-25,3771267;-52,3940989;"SPRF-PR";"DEL04-PR";"UOP02-DEL04-PR"
132616;2018-05-07;"segunda-feira";"12:25:00";"DF";40;2;"BRASILIA";"Falta de Atenção à Condução";"Colisão lateral";"Sem Vítimas";"Pleno dia";"Crescente";"Céu Claro";"Simples";"Reta";"Sim";2;0;0;0;2;0;0;2;-15,993918;-47,98627;"SPRF-DF";"DEL01-DF";"UOP01-DEL01-DF"
132617;2018-05-07;"segunda-feira";"13:00:00";"GO";60;36;"GOIANIA";"Falta de Atenção à Condução";"Colisão lateral";"Com Vítimas Feridas";"Pleno dia";"Decrescente";"Céu Claro";"Dupla";"Rotatória";"Sim";2;0;1;0;1;0;1;2;-16,74367139;-49,34397402;"SPRF-GO";"DEL01-GO";"UOP02-DEL01-GO"
132618;2018-04-09;"segunda-feira";"22:30:00";"RS";116;2,7;"PORTO ALEGRE";"Condutor Dormindo";"Colisão com objeto estático";"Com Vítimas Feridas";"Plena Noite";"Crescente";"Céu Claro";"Dupla";"Reta";"Sim";2;0;0;1;0;1;1;2;-29,9942149;-51,18781596;"SPRF-RS";"DEL01-RS";"UOP01-DEL01-RS"
132619;2018-05-07;"segunda-feira";"13:00:00";"SC";470;52,7;"BLUMENAU";"Desobediência às normas de trânsito pelo condutor";"Colisão lateral";"Com Vítimas Feridas";"Pleno dia";"Decrescente";"Nublado";"Simples";"Reta";"Sim";2;0;1;0;1;0;1;2;-26,861828;-49,082248;"SPRF-SC";"DEL04-SC";"UOP01-DEL04-SC"
132621;2018-05-07;"segunda-feira";"13:18:00";"ES";262;6,5;"CARIACICA";"Falta de Atenção à Condução";"Colisão lateral";"Com Vítimas Feridas";"Pleno dia";"Crescente";"Nublado";"Dupla";"Reta";"Sim";2;0;2;0;0;0;2;2;-20,34201144;-40,39953411;"SPRF-ES";"DEL01-ES";"UOP01-DEL01-ES"
132622;2018-05-07;"segunda-feira";"13:30:00";"RJ";393;178,8;"PARAIBA DO SUL";"Falta de Atenção à Condução";"Colisão transversal";"Com Vítimas Feridas";"Pleno dia";"Decrescente";"Céu Claro";"Simples";"Reta";"Sim";2;0;0;1;1;0;1;2;-22,13920493;-43,2546705;"SPRF-RJ";"DEL05-RJ";"UOP03-DEL05-RJ"
132626;2018-05-07;"segunda-feira";"13:10:00";"PR";277;704,5;"SAO MIGUEL DO IGUACU";"Falta de Atenção à Condução";"Colisão frontal";"Com Vítimas Feridas";"Pleno dia";"Crescente";"Céu Claro";"Dupla";"Declive";"Não";2;0;1;0;1;0;1;2;-25,42806;-54,36639;"SPRF-PR";"DEL05-PR";"UOP01-DEL05-PR"
132628;2018-05-07;"segunda-feira";"13:50:00";"SC";282;212;"LAGES";"Falta de Atenção à Condução";"Colisão transversal";"Com Vítimas Feridas";"Pleno dia";"Crescente";"Nublado";"Simples";"Interseção de Vias";"Não";3;0;2;0;1;0;2;2;-27,782257;-50,251381;"SPRF-SC";"DEL05-SC";"UOP01-DEL05-SC"
132629;2018-05-07;"segunda-feira";"13:15:00";"PB";230;35;"SANTA RITA";"Não guardar distância de segurança";"Engavetamento";"Com Vítimas Feridas";"Pleno dia";"Crescente";"Sol";"Dupla";"Reta";"Sim";5;0;1;0;4;0;1;4;-7,1268;-34,9412;"SPRF-PB";"DEL01-PB";"UOP01-DEL01-PB"
132631;2018-05-07;"segunda-feira";"09:20:00";"MG";116;511,5;"UBAPORANGA";"Não guardar distância de segurança";"Colisão traseira";"Com Vítimas Feridas";"Pleno dia";"Decrescente";"Sol";"Simples";"Reta";"Não";2;0;1;0;1;0;1;2;-19,643414;-42,10726;"SPRF-MG";"DEL06-MG";"UOP02-DEL06-MG"
132633;2018-05-07;"segunda-feira";"12:30:00";"RO";435;88;"COLORADO DO OESTE";"Ingestão de álcool e/ou substâncias psicoativas pelo pedestre";"Queda de ocupante de veículo";"Com Vítimas Feridas";"Pleno dia";"Decrescente";"Sol";"Simples";"Reta";"Sim";1;0;0;1;0;0;1;1;-13,138218;-60,545055;"SPRF-RO";"DEL04-RO";"UOP02-DEL04-RO"
132636;2018-05-07;"segunda-feira";"14:30:00";"RN";304;47,1;"MOSSORO";"Falta de Atenção à Condução";"Colisão lateral";"Com Vítimas Feridas";"Pleno dia";"Decrescente";"Sol";"Dupla";"Reta";"Sim";2;0;1;0;1;0;1;2;-5,226;-37,33;"SPRF-RN";"DEL04-RN";"UOP01-DEL04-RN"
132637;2018-05-07;"segunda-feira";"14:45:00";"PE";232;42;"VITORIA DE SANTO ANTAO";"Falta de Atenção à Condução";"Capotamento";"Com Vítimas Feridas";"Pleno dia";"Decrescente";"Nublado";"Dupla";"Curva";"Não";1;0;1;0;0;0;1;1;-8,115282;-35,252045;"SPRF-PE";"DEL01-PE";"UOP02-DEL02PE"
132638;2018-04-17;"terça-feira";"20:00:00";"ES";101;258;"SERRA";"Falta de Atenção à Condução";"Colisão traseira";"Com Vítimas Feridas";"Plena Noite";"Crescente";"Chuva";"Dupla";"Reta";"Sim";3;0;1;0;2;0;1;2;-20,12944472;-40,2987957;"SPRF-ES";"DEL02-ES";"UOP01-DEL02-ES"
132640;2018-03-28;"quarta-feira";"23:00:00";"PR";158;502,5;"PATO BRANCO";"Velocidade Incompatível";"Saída de leito carroçável";"Sem Vítimas";"Plena Noite";"Decrescente";"Chuva";"Simples";"Reta";"Não";1;0;0;0;1;0;0;1;-26,06604497;-52,63650656;"SPRF-PR";"DEL02-PR";"UOP01-DEL02-PR"
132644;2018-05-07;"segunda-feira";"15:10:00";"PR";116;122;"CURITIBA";"Não guardar distância de segurança";"Colisão lateral";"Com Vítimas Feridas";"Pleno dia";"Decrescente";"Garoa/Chuvisco";"Dupla";"Reta";"Sim";2;0;1;0;1;0;1;2;-25,551222;-49,305038;"SPRF-PR";"DEL01-PR";"UOP03-DEL01-PR"
132645;2018-05-07;"segunda-feira";"15:10:00";"ES";101;266,2;"SERRA";"Falta de Atenção à Condução";"Colisão lateral";"Com Vítimas Feridas";"Pleno dia";"Crescente";"Céu Claro";"Múltipla";"Reta";"Sim";2;0;1;0;1;0;1;2;-20,19299552;-40,26875496;"SPRF-ES";"DEL02-ES";"UOP01-DEL02-ES"
132650;2018-05-07;"segunda-feira";"15:23:00";"SC";101;135,6;"BALNEARIO CAMBORIU";"Falta de Atenção à Condução";"Queda de ocupante de veículo";"Com Vítimas Feridas";"Pleno dia";"Decrescente";"Céu Claro";"Dupla";"Reta";"Não";1;0;1;0;0;0;1;1;-27,0081;-48,617;"SPRF-SC";"DEL04-SC";"UOP03-DEL04-SC"
132651;2018-05-07;"segunda-feira";"16:00:00";"SC";101;435,5;"SOMBRIO";"Falta de Atenção à Condução";"Colisão traseira";"Sem Vítimas";"Pleno dia";"Crescente";"Nublado";"Simples";"Reta";"Sim";2;0;0;0;2;0;0;2;-29,10737151;-49,63593543;"SPRF-SC";"DEL02-SC";"UOP02-DEL02-SC"
132652;2018-05-07;"segunda-feira";"16:00:00";"RJ";116;76;"TERESOPOLIS";"Pista Escorregadia";"Tombamento";"Com Vítimas Feridas";"Pleno dia";"Crescente";"Chuva";"Simples";"Curva";"Sim";2;0;2;0;0;0;2;1;-22,381205;-42,954282;"SPRF-RJ";"DEL04-RJ";"UOP01-DEL04-RJ"
132653;2018-05-07;"segunda-feira";"16:20:00";"PA";163;1004;"SANTAREM";"Desobediência às normas de trânsito pelo condutor";"Colisão transversal";"Com Vítimas Feridas";"Pleno dia";"Crescente";"Céu Claro";"Dupla";"Interseção de Vias";"Sim";2;0;0;1;1;0;1;2;-2,43430198;-54,73371749;"SPRF-PA";"DEL05-PA";"UOP01-DEL05-PA"
132655;2018-05-07;"segunda-feira";"15:45:00";"MG";50;171,7;"UBERABA";"Pista Escorregadia";"Tombamento";"Com Vítimas Feridas";"Pleno dia";"Crescente";"Chuva";"Dupla";"Reta";"Sim";1;0;1;0;0;0;1;1;-19,7539;-47,9807;"SPRF-MG";"DEL13-MG";"UOP01-DEL13-MG"
132659;2018-04-22;"domingo";"09:50:00";"RS";290;109,9;"ELDORADO DO SUL";"Falta de Atenção à Condução";"Colisão traseira";"Com Vítimas Feridas";"Pleno dia";"Decrescente";"Céu Claro";"Dupla";"Reta";"Sim";3;0;1;1;1;0;2;2;-30,023552;-51,321091;"SPRF-RS";"DEL02-RS";"UOP01-DEL02-RS"
132660;2018-05-07;"segunda-feira";"16:20:00";"GO";153;507,9;"APARECIDA DE GOIANIA";"Falta de Atenção à Condução";"Queda de ocupante de veículo";"Com Vítimas Feridas";"Pleno dia";"Crescente";"Céu Claro";"Dupla";"Declive";"Sim";1;0;1;0;0;0;1;1;-16,77331565;-49,23866272;"SPRF-GO";"DEL01-GO";"UOP03-DEL01-GO"
132662;2018-05-07;"segunda-feira";"17:25:00";"PA";316;7,1;"ANANINDEUA";"Desobediência às normas de trânsito pelo condutor";"Colisão lateral";"Com Vítimas Feridas";"Pleno dia";"Decrescente";"Garoa/Chuvisco";"Dupla";"Reta;Retorno Regulamentado";"Sim";2;0;2;0;0;0;2;2;-1,3710573;-48,38244796;"SPRF-PA";"DEL01-PA";"DEL19/1-UOP05/PA"
132664;2018-05-07;"segunda-feira";"17:20:00";"SC";101;208;"SAO JOSE";"Não guardar distância de segurança";"Queda de ocupante de veículo";"Com Vítimas Feridas";"Anoitecer";"Crescente";"Céu Claro";"Múltipla";"Reta";"Não";2;0;1;1;0;0;2;1;-27,6101;-48,6388;"SPRF-SC";"DEL01-SC";"UOP01-DEL01-SC"
132665;2018-05-07;"segunda-feira";"17:30:00";"CE";222;311,6;"TIANGUA";"Falta de Atenção à Condução";"Colisão transversal";"Com Vítimas Feridas";"Plena Noite";"Crescente";"Garoa/Chuvisco";"Simples";"Reta;Interseção de Vias";"Sim";2;0;1;0;1;0;1;2;-3,72029989;-40,99476624;"SPRF-CE";"DEL04-CE";"UOP02-DEL04-CE"
132666;2018-05-07;"segunda-feira";"17:00:00";"CE";116;10,7;"FORTALEZA";"Falta de Atenção à Condução";"Colisão transversal";"Com Vítimas Feridas";"Anoitecer";"Decrescente";"Nublado";"Múltipla";"Reta";"Não";2;0;1;0;1;0;1;2;-3,8466;-38,4974;"SPRF-CE";"DEL01-CE";"UOP02-DEL01-CE"
132667;2018-05-07;"segunda-feira";"17:40:00";"SP";116;148,3;"SAO JOSE DOS CAMPOS";"Falta de Atenção à Condução";"Colisão traseira";"Com Vítimas Feridas";"Plena Noite";"Decrescente";"Céu Claro";"Dupla";"Reta";"Sim";2;0;1;0;1;0;1;2;-23,200743;-45,879574;"SPRF-SP";"DEL02-SP";"UOP01-DEL02-SP"
132668;2018-05-07;"segunda-feira";"16:50:00";"PR";476;144,3;"CURITIBA";"Não guardar distância de segurança";"Colisão lateral";"Com Vítimas Feridas";"Anoitecer";"Crescente";"Nublado";"Dupla";"Reta";"Sim";2;0;1;0;1;0;1;2;-25,54393222;-49,31508958;"SPRF-PR";"DEL01-PR";"UOP06-DEL01-PR"
132670;2018-05-07;"segunda-feira";"17:35:00";"BA";407;403;"CAPIM GROSSO";"Falta de Atenção à Condução";"Colisão transversal";"Com Vítimas Feridas";"Anoitecer";"Crescente";"Chuva";"Simples";"Reta";"Sim";2;0;1;0;1;0;1;2;-11,388283;-39,9870982;"SPRF-BA";"DEL06-BA";"UOP02-DEL06-BA"
132671;2018-05-07;"segunda-feira";"17:40:00";"ES";101;79;"SAO MATEUS";"Defeito Mecânico no Veículo";"Tombamento";"Com Vítimas Feridas";"Plena Noite";"Crescente";"Céu Claro";"Simples";"Aclive";"Não";2;0;0;2;0;0;2;1;-18,8133272;-39,90055472;"SPRF-ES";"DEL04-ES";"UOP02-DEL04-ES"
132672;2018-05-07;"segunda-feira";"18:00:00";"PR";376;177;"MARINGA";"Falta de Atenção à Condução";"Colisão lateral";"Com Vítimas Feridas";"Plena Noite";"Crescente";"Céu Claro";"Dupla";"Reta";"Sim";2;0;1;0;1;0;1;2;-23,41391037;-51,92935824;"SPRF-PR";"DEL07-PR";"UOP01-DEL09-PR"
132674;2018-05-07;"segunda-feira";"17:00:00";"MT";163;831;"SINOP";"Desobediência às normas de trânsito pelo condutor";"Colisão transversal";"Com Vítimas Feridas";"Pleno dia";"Decrescente";"Céu Claro";"Dupla";"Reta";"Sim";2;0;1;0;1;0;1;2;-11,86063113;-55,49263;"SPRF-MT";"DEL06-MT";"UOP01-DEL06-MT"
132678;2018-05-07;"segunda-feira";"17:25:00";"MT";163;830;"SINOP";"Falta de Atenção à Condução";"Colisão lateral";"Com Vítimas Feridas";"Pleno dia";"Decrescente";"Sol";"Dupla";"Rotatória";"Sim";2;0;1;0;1;0;1;2;-11,8918347;-55,50313354;"SPRF-MT";"DEL06-MT";"UOP01-DEL06-MT"
132679;2018-05-07;"segunda-feira";"18:00:00";"SC";101;113;"ITAJAI";"Não guardar distância de segurança";"Colisão lateral";"Com Vítimas Feridas";"Plena Noite";"Decrescente";"Nublado";"Dupla";"Reta";"Sim";2;0;1;0;1;0;1;2;-26,85336936;-48,72663707;"SPRF-SC";"DEL04-SC";"UOP04-DEL04-SC"
132680;2018-05-07;"segunda-feira";"18:30:00";"PI";343;37,7;"BURITI DOS LOPES";"Deficiência ou não Acionamento do Sistema de Iluminação/Sinalização do Veículo";"Colisão lateral";"Com Vítimas Fatais";"Plena Noite";"Crescente";"Céu Claro";"Simples";"Reta";"Não";2;1;0;0;1;0;0;2;-3,13451696;-41,78993225;"SPRF-PI";"DEL05-PI";"UOP01-DEL05-PI"
132681;2018-04-21;"sábado";"18:20:00";"RS";116;395,6;"CAMAQUA";"Desobediência às normas de trânsito pelo condutor";"Colisão transversal";"Com Vítimas Feridas";"Plena Noite";"Crescente";"Nublado";"Simples";"Reta";"Sim";3;0;1;2;0;0;3;2;-30,85011478;-51,76881194;"SPRF-RS";"DEL02-RS";"UOP03-DEL02-RS"
132683;2018-05-07;"segunda-feira";"11:00:00";"SP";116;567;"BARRA DO TURVO";"Velocidade Incompatível";"Capotamento";"Com Vítimas Feridas";"Pleno dia";"Crescente";"Chuva";"Dupla";"Curva;Declive";"Não";3;0;2;0;1;0;2;1;-25,04828054;-48,55407715;"SPRF-SP";"DEL05-SP";"UOP02-DEL05-SP"
132684;2018-05-07;"segunda-feira";"17:00:00";"SC";101;400,6;"MARACAJA";"Falta de Atenção à Condução";"Colisão frontal";"Com Vítimas Feridas";"Anoitecer";"Crescente";"Nublado";"Simples";"Reta";"Sim";2;0;0;1;1;0;1;2;-28,86854;-49,449779;"SPRF-SC";"DEL02-SC";"UOP02-DEL02-SC"
132686;2018-05-07;"segunda-feira";"18:00:00";"RN";101;80,4;"NATAL";"Falta de Atenção do Pedestre";"Atropelamento de Pedestre";"Sem Vítimas";"Pleno dia";"Decrescente";"Nublado";"Dupla";"Reta";"Sim";3;0;0;0;2;1;0;3;-5,76198;-35,28728;"SPRF-RN";"DEL02-RN";"UOP01-DEL02-RN"
132688;2018-05-07;"segunda-feira";"18:45:00";"PR";376;180,5;"MARINGA";"Falta de Atenção à Condução";"Colisão lateral";"Com Vítimas Feridas";"Anoitecer";"Crescente";"Céu Claro";"Dupla";"Reta";"Sim";2;0;1;0;1;0;1;2;-23,42985897;-51,89117432;"SPRF-PR";"DEL07-PR";"UOP01-DEL09-PR"
132689;2018-05-07;"segunda-feira";"18:31:00";"SC";101;205,5;"SAO JOSE";"Falta de Atenção à Condução";"Colisão com objeto estático";"Com Vítimas Feridas";"Plena Noite";"Crescente";"Céu Claro";"Dupla";"Curva";"Sim";1;0;1;0;0;0;1;1;-27,59818822;-48,57406313;"SPRF-SC";"DEL01-SC";"UOP01-DEL01-SC"
132691;2018-05-07;"segunda-feira";"17:50:00";"MT";163;115;"RONDONOPOLIS";"Defeito Mecânico no Veículo";"Saída de leito carroçável";"Com Vítimas Feridas";"Anoitecer";"Crescente";"Céu Claro";"Dupla";"Reta";"Não";1;0;1;0;0;0;1;1;-16,52998;-54,662449;"SPRF-MT";"DEL02-MT";"UOP01-DEL02-MT"
132694;2018-05-07;"segunda-feira";"18:40:00";"SC";470;70,2;"INDAIAL";"Falta de Atenção à Condução";"Colisão transversal";"Com Vítimas Feridas";"Plena Noite";"Decrescente";"Céu Claro";"Simples";"Rotatória";"Sim";3;0;0;2;1;0;2;2;-26,880444;-49,242585;"SPRF-SC";"DEL04-SC";"UOP01-DEL04-SC"
132695;2018-05-07;"segunda-feira";"18:15:00";"MG";381;519,5;"IGARAPE";"Defeito Mecânico no Veículo";"Tombamento";"Com Vítimas Feridas";"Plena Noite";"Decrescente";"Céu Claro";"Dupla";"Reta";"Não";2;0;2;0;0;0;2;1;-20,11054571;-44,31202412;"SPRF-MG";"DEL01-MG";"UOP03-DEL01-MG"
132696;2018-05-07;"segunda-feira";"18:50:00";"SP";116;323;"JUQUITIBA";"Ingestão de álcool e/ou substâncias psicoativas pelo pedestre";"Atropelamento de Pedestre";"Com Vítimas Feridas";"Plena Noite";"Decrescente";"Ignorado";"Dupla";"Reta";"Sim";2;0;1;0;1;0;1;2;-23,93731009;-47,02852249;"SPRF-SP";"DEL04-SP";"UOP03-DEL04-SP"
132697;2018-05-07;"segunda-feira";"18:30:00";"SC";101;205;"SAO JOSE";"Falta de Atenção à Condução";"Engavetamento";"Com Vítimas Feridas";"Plena Noite";"Crescente";"Garoa/Chuvisco";"Múltipla";"Reta";"Sim";3;0;0;1;2;0;1;3;-27,592;-48,6181;"SPRF-SC";"DEL01-SC";"UOP01-DEL01-SC"
132698;2018-05-07;"segunda-feira";"17:45:00";"SP";116;224,4;"GUARULHOS";"Não guardar distância de segurança";"Colisão lateral";"Com Vítimas Feridas";"Anoitecer";"Decrescente";"Céu Claro";"Múltipla";"Reta";"Sim";2;0;1;0;1;0;1;2;-23,4852506;-46,53976131;"SPRF-SP";"DEL01-SP";"UOP01-DEL01-SP"
132702;2018-05-07;"segunda-feira";"19:00:00";"PR";373;180;"PONTA GROSSA";"Ingestão de Álcool";"Colisão transversal";"Sem Vítimas";"Plena Noite";"Crescente";"Nublado";"Dupla";"Curva";"Sim";2;0;0;0;2;0;0;2;-25,03970737;-50,24804771;"SPRF-PR";"DEL03-PR";"UOP01-DEL03-PR"
132703;2018-05-07;"segunda-feira";"07:45:00";"RN";101;117;"SAO JOSE DE MIPIBU";"Desobediência às normas de trânsito pelo condutor";"Tombamento";"Com Vítimas Feridas";"Plena Noite";"Crescente";"Céu Claro";"Dupla";"Reta;Retorno Regulamentado";"Não";2;0;1;0;0;1;1;2;-6,00030441;-35,26000589;"SPRF-RN";"DEL01-RN";"UOP01-DEL01-RN"
132704;2018-05-07;"segunda-feira";"19:00:00";"CE";116;6,5;"FORTALEZA";"Não guardar distância de segurança";"Colisão traseira";"Sem Vítimas";"Plena Noite";"Crescente";"Céu Claro";"Múltipla";"Reta";"Sim";3;0;0;0;3;0;0;3;-3,8063202;-38,50235939;"SPRF-CE";"DEL01-CE";"UOP02-DEL01-CE"
132709;2018-05-07;"segunda-feira";"19:10:00";"CE";116;6,5;"FORTALEZA";"Falta de Atenção à Condução";"Colisão lateral";"Com Vítimas Feridas";"Plena Noite";"Crescente";"Nublado";"Múltipla";"Reta";"Sim";2;0;1;0;1;0;1;2;-3,8126;-38,5007;"SPRF-CE";"DEL01-CE";"UOP02-DEL01-CE"
132711;2018-04-23;"segunda-feira";"13:00:00";"BA";242;432;"IBITIARA";"Falta de Atenção à Condução";"Colisão transversal";"Com Vítimas Feridas";"Pleno dia";"Crescente";"Céu Claro";"Dupla";"Reta";"Não";7;0;4;1;1;1;5;2;-12,42459;-42,11024;"SPRF-BA";"DEL10-BA";"UOP03-DEL06-BA"
132712;2018-05-07;"segunda-feira";"20:15:00";"MG";262;355;"BETIM";"Ingestão de Álcool";"Atropelamento de Pedestre";"Com Vítimas Feridas";"Plena Noite";"Crescente";"Céu Claro";"Dupla";"Reta";"Não";4;0;0;1;1;2;1;2;-19,9826;-44,2321;"SPRF-MG";"DEL01-MG";"UOP03-DEL01-MG"
132713;2018-05-07;"segunda-feira";"20:37:00";"PE";101;84,7;"JABOATAO DOS GUARARAPES";"Falta de Atenção do Pedestre";"Atropelamento de Pedestre";"Com Vítimas Feridas";"Plena Noite";"Crescente";"Céu Claro";"Dupla";"Reta";"Sim";2;0;0;1;1;0;1;2;-8,1816;-34,9613;"SPRF-PE";"DEL01-PE";"UOP03-DEL01-PE"
132715;2018-05-07;"segunda-feira";"18:40:00";"SC";480;128,9;"CHAPECO";"Falta de Atenção do Pedestre";"Atropelamento de Pedestre";"Com Vítimas Feridas";"Plena Noite";"Crescente";"Céu Claro";"Simples";"Declive";"Sim";2;0;1;1;0;0;2;2;-27,06279463;-52,63343811;"SPRF-SC";"DEL07-SC";"UOP01-DEL07-SC"
132716;2018-05-07;"segunda-feira";"20:50:00";"SP";101;27,8;"UBATUBA";"Falta de Atenção à Condução";"Colisão com objeto estático";"Com Vítimas Feridas";"Plena Noite";"Crescente";"Nublado";"Simples";"Curva";"Não";1;0;1;0;0;0;1;1;-23,3706229;-44,95124817;"SPRF-SP";"DEL06-SP";"UOP01-DEL06-SP"
132717;2018-05-07;"segunda-feira";"18:40:00";"MT";70;732;"CACERES";"Animais na Pista";"Atropelamento de Animal";"Com Vítimas Feridas";"Anoitecer";"Decrescente";"Céu Claro";"Simples";"Interseção de Vias";"Sim";1;0;1;0;0;0;1;1;-16,08672271;-57,69693375;"SPRF-MT";"DEL03-MT";"UOP01-DEL03-MT"
132718;2018-05-07;"segunda-feira";"21:00:00";"SC";116;138,7;"SANTA CECILIA";"Falta de Atenção à Condução";"Colisão lateral";"Com Vítimas Feridas";"Plena Noite";"Decrescente";"Céu Claro";"Simples";"Retorno Regulamentado";"Sim";2;0;1;0;1;0;1;2;-26,9548768;-50,42219281;"SPRF-SC";"DEL06-SC";"UOP02-DEL06-SC"
132719;2018-02-16;"sexta-feira";"23:00:00";"ES";262;176;"IBATIBA";"Velocidade Incompatível";"Tombamento";"Com Vítimas Feridas";"Plena Noite";"Crescente";"Nublado";"Simples";"Reta";"Não";1;0;0;1;0;0;1;1;-20,26950408;-41,6100204;"SPRF-ES";"DEL01-ES";"UOP02-DEL01-ES"
132720;2018-03-29;"quinta-feira";"12:25:00";"ES";101;424,2;"ATILIO VIVACQUA";"Velocidade Incompatível";"Saída de leito carroçável";"Com Vítimas Feridas";"Pleno dia";"Decrescente";"Chuva";"Simples";"Reta";"Não";4;0;1;0;3;0;1;1;-20,99606063;-41,12594604;"SPRF-ES";"DEL03-ES";"UOP02-DEL03-ES"
132721;2018-05-07;"segunda-feira";"20:15:00";"RJ";40;50;"PETROPOLIS";"Animais na Pista";"Atropelamento de Animal";"Com Vítimas Feridas";"Plena Noite";"Decrescente";"Céu Claro";"Dupla";"Reta";"Não";1;0;0;1;0;0;1;1;-22,24920518;-43,10549945;"SPRF-RJ";"DEL06-RJ";"UOP01-DEL06-RJ"
132722;2018-05-07;"segunda-feira";"21:30:00";"MG";354;745,9;"POUSO ALTO";"Falta de Atenção à Condução";"Colisão traseira";"Com Vítimas Fatais";"Plena Noite";"Decrescente";"Céu Claro";"Simples";"Reta";"Não";2;1;0;0;1;0;0;2;-22,25557818;-44,9270077;"SPRF-MG";"DEL05-MG";"UOP01-DEL17-MG"
132723;2018-02-28;"quarta-feira";"20:30:00";"ES";101;294;"CARIACICA";"Velocidade Incompatível";"Colisão com objeto estático";"Com Vítimas Fatais";"Plena Noite";"Decrescente";"Céu Claro";"Dupla";"Curva;Declive";"Sim";2;2;0;0;0;0;0;1;-20,32312315;-40,3950119;"SPRF-ES";"DEL01-ES";"UOP01-DEL01-ES"