"id";"data_inversa";"dia_semana";"horario";"uf";"br";"km";"municipio";"causa_acidente";"tipo_acidente";"classificacao_acidente";"fase_dia";"sentido_via";"condicao_metereologica";"tipo_pista";"tracado_via";"uso_solo";"pessoas";"mortos";"feridos_leves";"feridos_graves";"ilesos";"ignorados";"feridos";"veiculos";"latitude";"longitude";"regional";"delegacia";"uop"
132725;2018-05-07;"segunda-feira";"21:15:00";"MS";463;103,5;"PONTA PORA";"Falta de Atenção à Condução";"Atropelamento de Pedestre";"Com Vítimas Feridas";"Plena Noite";"Decrescente";"Céu Claro";"Simples";"Reta";"Não";2;0;1;0;0;1;1;2;-22,60892;-55,64813;"SPRF-MS";"DEL04-MS";"UOP03-DEL04-MS"
132730;2018-05-07;"segunda-feira";"23:30:00";"PR";376;176,8;"MARINGA";"Desobediência às normas de trânsito pelo condutor";"Colisão traseira";"Com Vítimas Feridas";"Plena Noite";"Crescente";"Céu Claro";"Dupla";"Interseção de Vias";"Sim";2;0;1;0;0;1;1;2;-23,41265015;-51,93237305;"SPRF-PR";"DEL07-PR";"UOP01-DEL09-PR"
132731;2018-05-07;"segunda-feira";"23:45:00";"PR";277;344,4;"GUARAPUAVA";"Falta de Atenção à Condução";"Colisão transversal";"Com Vítimas Feridas";"Plena Noite";"Crescente";"Céu Claro";"Simples";"Reta";"Sim";2;0;2;0;0;0;2;2;-25,3654334;-51,4805603;"SPRF-PR";"DEL03-PR";"UOP01-DEL08-PR"
132732;2018-05-07;"segunda-feira";"21:50:00";"SP";116;271,7;"TABOAO DA SERRA";"Falta de Atenção à Condução";"Colisão com objeto estático";"Sem Vítimas";"Plena Noite";"Crescente";"Nublado";"Dupla";"Reta";"Sim";1;0;0;0;0;1;0;1;-23,61389606;-46,78242445;"SPRF-SP";"DEL04-SP";"UOP01-DEL04-SP"
132733;2018-05-07;"segunda-feira";"23:15:00";"RR";174;506;"BOA VISTA";"Desobediência às normas de trânsito pelo condutor";"Colisão transversal";"Com Vítimas Feridas";"Plena Noite";"Decrescente";"Nublado";"Dupla";"Reta";"Sim";4;0;1;1;2;0;2;2;2,82232282;-60,69556296;"SPRF-RR";"DEL01-RR";"UOP01-DEL01-RR"
132737;2018-05-08;"terça-feira";"01:15:00";"SC";470;68;"INDAIAL";"Defeito Mecânico no Veículo";"Saída de leito carroçável";"Com Vítimas Feridas";"Plena Noite";"Decrescente";"Céu Claro";"Simples";"Rotatória";"Não";2;0;2;0;0;0;2;1;-26,87032471;-49,19974923;"SPRF-SC";"DEL04-SC";"UOP01-DEL04-SC"
132738;2018-05-08;"terça-feira";"00:20:00";"AL";101;211,5;"SAO SEBASTIAO";"Velocidade Incompatível";"Capotamento";"Com Vítimas Feridas";"Plena Noite";"Decrescente";"Nublado";"Simples";"Curva";"Não";1;0;1;0;0;0;1;1;-9,958604;-36,545883;"SPRF-AL";"DEL02-AL";"UOP02-DEL02-AL"
132740;2018-05-08;"terça-feira";"01:35:00";"MS";163;676,9;"RIO VERDE DE MATO GROSSO";"Condutor Dormindo";"Colisão com objeto estático";"Com Vítimas Feridas";"Plena Noite";"Crescente";"Céu Claro";"Simples";"Curva";"Não";1;0;1;0;0;0;1;1;-18,95564887;-54,83001709;"SPRF-MS";"DEL06-MS";"UOP02-DEL06-MS"
132741;2018-05-08;"terça-feira";"02:30:00";"PI";343;348;"TERESINA";"Ingestão de Álcool";"Colisão com objeto estático";"Sem Vítimas";"Plena Noite";"Crescente";"Céu Claro";"Dupla";"Reta";"Sim";2;0;0;0;1;1;0;2;-5,117599;-42,784239;"SPRF-PI";"DEL01-PI";"UOP01-DEL01-PI"
132746;2018-05-08;"terça-feira";"02:30:00";"PR";369;115;"URAI";"Condutor Dormindo";"Saída de leito carroçável";"Com Vítimas Feridas";"Plena Noite";"Decrescente";"Céu Claro";"Simples";"Reta";"Não";3;0;3;0;0;0;3;1;-23,279721;-50,854695;"SPRF-PR";"DEL07-PR";"UOP05-DEL07-PR"
132750;2018-05-08;"terça-feira";"06:15:00";"MG";381;510,5;"SAO JOAQUIM DE BICAS";"Desobediência às normas de trânsito pelo condutor";"Colisão transversal";"Com Vítimas Feridas";"Pleno dia";"Decrescente";"Sol";"Múltipla";"Reta";"Sim";2;0;1;0;1;0;1;2;-20,0613;-44,2919;"SPRF-MG";"DEL01-MG";"UOP03-DEL01-MG"
132752;2018-04-09;"segunda-feira";"10:09:00";"MG";262;519;"LUZ";"Velocidade Incompatível";"Saída de leito carroçável";"Com Vítimas Feridas";"Pleno dia";"Decrescente";"Céu Claro";"Simples";"Reta";"Não";1;0;1;0;0;0;1;1;-19,782372;-45,676441;"SPRF-MG";"DEL08-MG";"UOP03-DEL08-MG"
132753;2018-05-08;"terça-feira";"06:40:00";"PR";116;120,2;"CURITIBA";"Falta de Atenção à Condução";"Queda de ocupante de veículo";"Com Vítimas Feridas";"Pleno dia";"Decrescente";"Nevoeiro/Neblina";"Dupla";"Aclive";"Sim";2;0;1;0;1;0;1;2;-25,58754302;-49,3145119;"SPRF-PR";"DEL01-PR";"UOP03-DEL01-PR"
132754;2018-05-08;"terça-feira";"07:00:00";"PR";116;123,5;"CURITIBA";"Falta de Atenção à Condução";"Colisão lateral";"Com Vítimas Feridas";"Pleno dia";"Decrescente";"Nublado";"Dupla";"Reta";"Não";2;0;0;1;1;0;1;2;-25,551222;-49,305038;"SPRF-PR";"DEL01-PR";"UOP03-DEL01-PR"
132755;2018-05-08;"terça-feira";"07:00:00";"PR";116;113,9;"CURITIBA";"Desobediência às normas de trânsito pelo condutor";"Colisão lateral";"Com Vítimas Feridas";"Pleno dia";"Crescente";"Garoa/Chuvisco";"Dupla";"Reta";"Sim";2;0;0;1;1;0;1;2;-25,54633287;-49,2927146;"SPRF-PR";"DEL01-PR";"UOP01-DEL01-PR"
132757;2018-05-08;"terça-feira";"07:00:00";"DF";20;1;"BRASILIA";"Desobediência às normas de trânsito pelo condutor";"Atropelamento de Pedestre";"Com Vítimas Feridas";"Pleno dia";"Decrescente";"Céu Claro";"Dupla";"Reta";"Sim";2;0;1;0;1;0;1;2;-15,68659737;-47,85295752;"SPRF-DF";"DEL02-DF";"UOP01-DEL02-DF"
132760;2018-03-30;"sexta-feira";"23:30:00";"RN";405;135,4;"SAO FRANCISCO DO OESTE";"Animais na Pista";"Atropelamento de Animal";"Com Vítimas Fatais";"Plena Noite";"Decrescente";"Ignorado";"Simples";"Reta";"Não";1;1;0;0;0;0;0;1;-5,986096;-38,159355;"SPRF-RN";"DEL04-RN";"UOP02-DEL04-RN"
132761;2018-05-08;"terça-feira";"07:20:00";"PE";232;145,9;"SAO CAITANO";"Velocidade Incompatível";"Colisão transversal";"Com Vítimas Feridas";"Pleno dia";"Decrescente";"Céu Claro";"Simples";"Reta";"Sim";2;0;1;0;1;0;1;2;-8,33191;-36,127094;"SPRF-PE";"DEL02-PE";"UOP03-DEL02-PE"
132763;2018-05-08;"terça-feira";"06:45:00";"SP";116;280,9;"EMBU DAS ARTES";"Falta de Atenção à Condução";"Colisão lateral";"Com Vítimas Feridas";"Pleno dia";"Decrescente";"Nublado";"Dupla";"Declive";"Sim";2;0;1;0;1;0;1;2;-23,65022932;-46,84581578;"SPRF-SP";"DEL04-SP";"UOP01-DEL04-SP"
132765;2018-05-08;"terça-feira";"07:10:00";"PR";277;588;"CASCAVEL";"Falta de Atenção à Condução";"Colisão transversal";"Com Vítimas Feridas";"Pleno dia";"Crescente";"Céu Claro";"Simples";"Reta";"Sim";2;0;1;0;1;0;1;2;-24,97555486;-53,44177008;"SPRF-PR";"DEL04-PR";"UOP01-DEL04-PR"
132766;2018-05-08;"terça-feira";"07:35:00";"PE";232;6,5;"RECIFE";"Falta de Atenção à Condução";"Colisão lateral";"Sem Vítimas";"Pleno dia";"Decrescente";"Céu Claro";"Dupla";"Reta";"Sim";3;0;0;0;2;1;0;3;-8,070803;-34,953556;"SPRF-PE";"DEL01-PE";"UOP01-DEL01-PE"
132767;2018-05-08;"terça-feira";"06:59:00";"PA";230;619;"ALTAMIRA";"Falta de Atenção à Condução";"Queda de ocupante de veículo";"Com Vítimas Fatais";"Pleno dia";"Decrescente";"Céu Claro";"Simples";"Reta";"Não";1;1;0;0;0;0;0;1;-3,17411066;-52,16205597;"SPRF-PA";"DEL04-PA";"UOP01-DEL04-PA"
132768;2018-05-08;"terça-feira";"07:50:00";"CE";116;476,2;"MILAGRES";"Falta de Atenção à Condução";"Colisão frontal";"Com Vítimas Feridas";"Pleno dia";"Crescente";"Sol";"Simples";"Reta";"Não";2;0;1;0;1;0;1;2;-7,30216374;-38,89372587;"SPRF-CE";"DEL05-CE";"UOP03-DEL05-CE"
132773;2018-05-08;"terça-feira";"08:15:00";"BA";324;613;"SALVADOR";"Mal Súbito";"Saída de leito carroçável";"Sem Vítimas";"Pleno dia";"Crescente";"Céu Claro";"Dupla";"Reta";"Sim";1;0;0;0;1;0;0;1;-12,8702158;-38,4268483;"SPRF-BA";"DEL01-BA";"UOP01-DEL01-BA"
132776;2018-05-08;"terça-feira";"08:05:00";"MG";354;739,1;"POUSO ALTO";"Falta de Atenção à Condução";"Saída de leito carroçável";"Com Vítimas Feridas";"Pleno dia";"Crescente";"Céu Claro";"Simples";"Aclive;Curva";"Não";2;0;2;0;0;0;2;1;-22,21815126;-44,94039774;"SPRF-MG";"DEL05-MG";"UOP01-DEL17-MG"
132777;2018-05-08;"terça-feira";"08:20:00";"PR";277;588,3;"CASCAVEL";"Pista Escorregadia";"Queda de ocupante de veículo";"Com Vítimas Feridas";"Pleno dia";"Crescente";"Céu Claro";"Simples";"Interseção de Vias";"Sim";2;0;2;0;0;0;2;1;-24,97526455;-53,44115369;"SPRF-PR";"DEL04-PR";"UOP01-DEL04-PR"
132778;2018-05-08;"terça-feira";"06:40:00";"RJ";40;74;"PETROPOLIS";"Velocidade Incompatível";"Colisão com objeto estático";"Com Vítimas Feridas";"Amanhecer";"Decrescente";"Chuva";"Simples";"Curva";"Não";1;0;1;0;0;0;1;1;-22,46235;-43,22229624;"SPRF-RJ";"DEL06-RJ";"UOP01-DEL06-RJ"
132780;2018-05-08;"terça-feira";"07:45:00";"PR";277;23;"MORRETES";"Falta de Atenção à Condução";"Colisão lateral";"Sem Vítimas";"Pleno dia";"Crescente";"Chuva";"Dupla";"Retorno Regulamentado";"Não";2;0;0;0;2;0;0;2;-25,52888349;-48,73376638;"SPRF-PR";"DEL01-PR";"UOP05-DEL01-PR"
132784;2018-04-30;"segunda-feira";"09:55:00";"MG";40;524;"CONTAGEM";"Objeto estático sobre o leito carroçável";"Queda de ocupante de veículo";"Com Vítimas Feridas";"Pleno dia";"Crescente";"Céu Claro";"Dupla";"Reta";"Sim";2;0;1;0;0;1;1;2;-19,88071463;-44,05066967;"SPRF-MG";"DEL01-MG";"UOP03-DEL01-MG"
132786;2018-05-08;"terça-feira";"08:50:00";"PA";316;13;"MARITUBA";"Falta de Atenção à Condução";"Colisão transversal";"Com Vítimas Feridas";"Pleno dia";"Decrescente";"Sol";"Dupla";"Reta";"Sim";2;0;1;0;1;0;1;2;-1,36715311;-48,32563877;"SPRF-PA";"DEL01-PA";"DEL19/1-UOP05/PA"
132788;2018-04-08;"domingo";"18:20:00";"RS";116;215,3;"MORRO REUTER";"Velocidade Incompatível";"Tombamento";"Com Vítimas Feridas";"Anoitecer";"Crescente";"Céu Claro";"Simples";"Curva";"Sim";2;0;1;1;0;0;2;1;-29,535334;-51,084991;"SPRF-RS";"DEL05-RS";"UOP02-DEL05-RS"
132789;2018-05-08;"terça-feira";"08:45:00";"SP";116;299,2;"SAO LOURENCO DA SERRA";"Mal Súbito";"Colisão com objeto estático";"Com Vítimas Feridas";"Pleno dia";"Decrescente";"Nublado";"Dupla";"Aclive";"Não";1;0;0;1;0;0;1;1;-23,7918046;-46,91460371;"SPRF-SP";"DEL04-SP";"UOP01-DEL04-SP"
132790;2018-05-08;"terça-feira";"08:30:00";"ES";101;270,3;"SERRA";"Falta de Atenção à Condução";"Tombamento";"Com Vítimas Feridas";"Pleno dia";"Decrescente";"Ignorado";"Múltipla";"Reta";"Sim";2;0;1;0;1;0;1;2;-20,22750957;-40,27110994;"SPRF-ES";"DEL02-ES";"UOP01-DEL02-ES"
132792;2018-05-08;"terça-feira";"08:05:00";"MG";365;407;"PATOS DE MINAS";"Desobediência às normas de trânsito pelo condutor";"Atropelamento de Pedestre";"Com Vítimas Feridas";"Pleno dia";"Decrescente";"Sol";"Simples";"Reta";"Não";4;0;1;2;0;1;3;2;-18,63630281;-46,48449004;"SPRF-MG";"DEL10-MG";"UOP01-DEL10-MG"
132793;2018-05-08;"terça-feira";"09:20:00";"MG";116;702,4;"MURIAE";"Desobediência às normas de trânsito pelo condutor";"Saída de leito carroçável";"Com Vítimas Feridas";"Pleno dia";"Decrescente";"Sol";"Simples";"Curva";"Sim";2;0;1;0;1;0;1;2;-21,10405941;-42,37930477;"SPRF-MG";"DEL07-MG";"UOP02-DEL07-MG"
132794;2018-05-08;"terça-feira";"09:10:00";"DF";40;0;"BRASILIA";"Desobediência às normas de trânsito pelo condutor";"Capotamento";"Sem Vítimas";"Pleno dia";"Decrescente";"Céu Claro";"Dupla";"Reta";"Sim";2;0;0;0;2;0;0;1;-15,976897;-47,990129;"SPRF-DF";"DEL01-DF";"UOP01-DEL01-DF"
132797;2018-05-08;"terça-feira";"08:30:00";"PR";158;366,6;"MARQUINHO";"Velocidade Incompatível";"Saída de leito carroçável";"Com Vítimas Feridas";"Pleno dia";"Crescente";"Sol";"Simples";"Curva";"Não";2;0;2;0;0;0;2;1;-25,11431851;-52,2631216;"SPRF-PR";"DEL04-PR";"UOP02-DEL04-PR"
132800;2018-05-08;"terça-feira";"09:38:00";"PI";343;341;"TERESINA";"Falta de Atenção à Condução";"Colisão traseira";"Sem Vítimas";"Pleno dia";"Crescente";"Céu Claro";"Simples";"Aclive";"Sim";3;0;0;0;3;0;0;3;-5,077812;-42,744255;"SPRF-PI";"DEL01-PI";"UOP01-DEL01-PI"
132801;2018-04-18;"quarta-feira";"14:00:00";"GO";60;380;"RIO VERDE";"Falta de Atenção à Condução";"Colisão traseira";"Com Vítimas Fatais";"Pleno dia";"Crescente";"Céu Claro";"Dupla";"Reta";"Sim";2;1;0;0;1;0;0;2;-17,8251252;-50,9619321;"SPRF-GO";"DEL04-GO";"UOP01-DEL04-GO"
132802;2018-05-08;"terça-feira";"08:10:00";"MG";116;409;"GOVERNADOR VALADARES";"Falta de Atenção à Condução";"Colisão lateral";"Com Vítimas Feridas";"Pleno dia";"Crescente";"Nublado";"Dupla";"Reta";"Sim";1;0;1;0;0;0;1;1;-18,843958;-41,981941;"SPRF-MG";"DEL06-MG";"UOP01-DEL06-MG"
132803;2018-04-15;"domingo";"00:30:00";"MG";365;628,1;"UBERLANDIA";"Objeto estático sobre o leito carroçável";"Colisão com objeto estático";"Com Vítimas Feridas";"Plena Noite";"Decrescente";"Ignorado";"Dupla";"Reta";"Sim";3;0;0;1;1;1;1;2;-18,9079;-48,3145;"SPRF-MG";"DEL15-MG";"UOP01-DEL15-MG"
132805;2018-05-06;"domingo";"07:10:00";"SP";116;210,1;"GUARULHOS";"Falta de Atenção à Condução";"Colisão traseira";"Sem Vítimas";"Pleno dia";"Decrescente";"Nublado";"Múltipla";"Reta";"Sim";2;0;0;0;2;0;0;2;-23,43178842;-46,41709685;"SPRF-SP";"DEL01-SP";"UOP01-DEL01-SP"
132807;2018-05-08;"terça-feira";"10:04:00";"SP";116;86,4;"PINDAMONHANGABA";"Falta de Atenção do Pedestre";"Atropelamento de Pedestre";"Com Vítimas Feridas";"Pleno dia";"Crescente";"Nublado";"Múltipla";"Reta";"Não";2;0;0;1;1;0;1;2;-22,926437;-45,353161;"SPRF-SP";"DEL06-SP";"UOP01-DEL06-SP"
132808;2018-05-08;"terça-feira";"09:30:00";"MS";463;25,7;"DOURADOS";"Defeito Mecânico no Veículo";"Saída de leito carroçável";"Com Vítimas Feridas";"Pleno dia";"Decrescente";"Sol";"Simples";"Reta";"Não";1;0;1;0;0;0;1;1;-22,29359074;-55,0341182;"SPRF-MS";"DEL04-MS";"UOP01-DEL04-MS"
132810;2018-04-22;"domingo";"17:50:00";"RS";116;146;"CAXIAS DO SUL";"Desobediência às normas de trânsito pelo condutor";"Colisão com objeto estático";"Com Vítimas Fatais";"Pleno dia";"Decrescente";"Céu Claro";"Dupla";"Reta";"Sim";3;1;0;0;2;0;0;2;-29,142286;-51,136219;"SPRF-RS";"DEL05-RS";"UOP01-DEL05-RS"
132811;2018-05-08;"terça-feira";"11:00:00";"SP";116;212;"GUARULHOS";"Falta de Atenção à Condução";"Colisão traseira";"Com Vítimas Feridas";"Pleno dia";"Decrescente";"Céu Claro";"Múltipla";"Reta";"Sim";2;0;0;1;1;0;1;2;-23,43903346;-46,43519104;"SPRF-SP";"DEL01-SP";"UOP01-DEL01-SP"
132813;2018-05-08;"terça-feira";"10:50:00";"RN";110;48,7;"MOSSORO";"Falta de Atenção à Condução";"Colisão traseira";"Com Vítimas Feridas";"Pleno dia";"Crescente";"Céu Claro";"Dupla";"Reta";"Sim";3;0;1;0;1;1;1;2;-5,21162338;-37,33243275;"SPRF-RN";"DEL04-RN";"UOP01-DEL04-RN"
132814;2018-05-08;"terça-feira";"10:42:00";"SC";116;139,9;"SANTA CECILIA";"Falta de Atenção à Condução";"Colisão lateral";"Com Vítimas Feridas";"Pleno dia";"Crescente";"Nublado";"Simples";"Reta";"Sim";2;0;1;0;1;0;1;2;-26,96340693;-50,41256368;"SPRF-SC";"DEL06-SC";"UOP02-DEL06-SC"
132817;2018-05-08;"terça-feira";"11:00:00";"SC";280;67,9;"JARAGUA DO SUL";"Falta de Atenção à Condução";"Colisão transversal";"Com Vítimas Feridas";"Pleno dia";"Crescente";"Chuva";"Simples";"Reta";"Não";3;0;2;0;1;0;2;2;-26,47153823;-49,11283225;"SPRF-SC";"DEL03-SC";"UOP03-DEL03-SC"
132820;2018-05-08;"terça-feira";"11:30:00";"PA";10;18;"DOM ELISEU";"Falta de Atenção à Condução";"Colisão frontal";"Com Vítimas Feridas";"Pleno dia";"Crescente";"Céu Claro";"Dupla";"Reta";"Sim";2;0;0;1;1;0;1;2;-4,17111545;-47,37304688;"SPRF-PA";"DEL02-PA";"UOP02-DEL02-PA"
132821;2018-05-08;"terça-feira";"12:05:00";"SP";116;112;"TAUBATE";"Objeto estático sobre o leito carroçável";"Queda de ocupante de veículo";"Com Vítimas Feridas";"Pleno dia";"Crescente";"Nublado";"Dupla";"Reta";"Sim";1;0;1;0;0;0;1;1;-23,041592;-45,570652;"SPRF-SP";"DEL06-SP";"UOP02-DEL02-SP"
132822;2018-04-03;"terça-feira";"01:00:00";"PB";230;77,8;"RIACHAO DO POCO";"Falta de Atenção do Pedestre";"Atropelamento de Pedestre";"Com Vítimas Fatais";"Plena Noite";"Crescente";"Céu Claro";"Dupla";"Reta";"Não";2;1;0;0;0;1;0;2;-7,1869;-35,2871;"SPRF-PB";"DEL01-PB";"UOP03-DEL01-PB"
132823;2018-04-19;"quinta-feira";"20:30:00";"RS";386;342,6;"LAJEADO";"Falta de Atenção do Pedestre";"Atropelamento de Pedestre";"Com Vítimas Feridas";"Plena Noite";"Crescente";"Céu Claro";"Simples";"Reta;Declive";"Sim";2;0;0;1;1;0;1;2;-29,4355473;-52,0007839;"SPRF-RS";"DEL04-RS";"UOP01-DEL04-RS"
132824;2018-05-08;"terça-feira";"11:45:00";"RJ";116;167;"SAO JOAO DE MERITI";"Defeito Mecânico no Veículo";"Colisão traseira";"Com Vítimas Feridas";"Pleno dia";"Decrescente";"Chuva";"Dupla";"Reta";"Não";6;0;4;0;2;0;4;2;-22,818039;-43,307873;"SPRF-RJ";"DEL01-RJ";"UOP02-DEL01-RJ"
132825;2018-05-08;"terça-feira";"12:00:00";"RJ";101;59;"CAMPOS DOS GOYTACAZES";"Restrição de Visibilidade";"Colisão transversal";"Com Vítimas Feridas";"Pleno dia";"Crescente";"Chuva";"Simples";"Reta";"Sim";2;0;1;0;1;0;1;2;-21,71364;-41,308613;"SPRF-RJ";"DEL08-RJ";"UOP01-DEL08-RJ"
132826;2018-05-08;"terça-feira";"10:45:00";"SP";381;76;"SAO PAULO";"Não guardar distância de segurança";"Tombamento";"Com Vítimas Feridas";"Pleno dia";"Crescente";"Céu Claro";"Dupla";"Curva";"Não";1;0;1;0;0;0;1;1;-23,38131575;-46,56321153;"SPRF-SP";"DEL03-SP";"DEL6/3-UOP03/SP"
132828;2018-05-08;"terça-feira";"12:45:00";"PB";230;327,7;"PATOS";"Defeito Mecânico no Veículo";"Capotamento";"Com Vítimas Feridas";"Pleno dia";"Crescente";"Céu Claro";"Simples";"Curva";"Não";2;0;1;1;0;0;2;1;-7,003036;-37,207781;"SPRF-PB";"DEL03-PB";"UOP01-DEL03-PB"
132830;2018-05-08;"terça-feira";"09:50:00";"SP";116;550;"BARRA DO TURVO";"Pista Escorregadia";"Colisão com objeto estático";"Com Vítimas Feridas";"Pleno dia";"Decrescente";"Chuva";"Simples";"Curva";"Não";2;0;1;0;1;0;1;1;-24,97761667;-48,50294156;"SPRF-SP";"DEL05-SP";"UOP02-DEL05-SP"
132831;2018-05-08;"terça-feira";"12:50:00";"ES";101;377;"ICONHA";"Desobediência às normas de trânsito pelo condutor";"Colisão transversal";"Com Vítimas Feridas";"Pleno dia";"Decrescente";"Sol";"Simples";"Reta";"Sim";2;0;1;0;1;0;1;2;-20,79324965;-40,80960095;"SPRF-ES";"DEL03-ES";"UOP01-DEL03-ES"
132834;2018-05-08;"terça-feira";"07:30:00";"MG";381;315,1;"NOVA ERA";"Velocidade Incompatível";"Saída de leito carroçável";"Com Vítimas Feridas";"Pleno dia";"Decrescente";"Chuva";"Simples";"Curva";"Não";1;0;1;0;0;0;1;1;-19,66932182;-42,96987355;"SPRF-MG";"DEL03-MG";"UOP02-DEL03-MG"
132835;2018-05-08;"terça-feira";"13:20:00";"PB";230;19,4;"JOAO PESSOA";"Velocidade Incompatível";"Engavetamento";"Sem Vítimas";"Pleno dia";"Crescente";"Sol";"Dupla";"Aclive;Curva";"Sim";3;0;0;0;2;1;0;3;-7,13201147;-34,85321939;"SPRF-PB";"DEL01-PB";"UOP01-DEL01-PB"
132837;2018-05-08;"terça-feira";"14:00:00";"MG";262;368,5;"JUATUBA";"Avarias e/ou desgaste excessivo no pneu";"Queda de ocupante de veículo";"Com Vítimas Feridas";"Pleno dia";"Crescente";"Nublado";"Múltipla";"Retorno Regulamentado";"Sim";1;0;1;0;0;0;1;1;-19,95818749;-44,34089005;"SPRF-MG";"DEL01-MG";"UOP03-DEL01-MG"
132838;2018-05-08;"terça-feira";"13:25:00";"SC";101;346,9;"TREZE DE MAIO";"Avarias e/ou desgaste excessivo no pneu";"Queda de ocupante de veículo";"Com Vítimas Feridas";"Pleno dia";"Crescente";"Céu Claro";"Dupla";"Reta";"Não";2;0;1;1;0;0;2;1;-28,5626;-49,0543;"SPRF-SC";"DEL02-SC";"UOP01-DEL02-SC"
132839;2018-04-25;"quarta-feira";"10:15:00";"RR";174;511,8;"BOA VISTA";"Desobediência às normas de trânsito pelo condutor";"Colisão transversal";"Com Vítimas Feridas";"Pleno dia";"Decrescente";"Céu Claro";"Simples";"Ponte";"Não";2;0;0;1;0;1;1;2;2,870097;-60,696997;"SPRF-RR";"DEL01-RR";"UOP01-DEL01-RR"
132845;2018-05-08;"terça-feira";"14:25:00";"SC";101;195,6;"BIGUACU";"Não guardar distância de segurança";"Colisão traseira";"Sem Vítimas";"Pleno dia";"Decrescente";"Garoa/Chuvisco";"Múltipla";"Reta";"Sim";2;0;0;0;2;0;0;2;-27,52182119;-48,63711834;"SPRF-SC";"DEL01-SC";"UOP01-DEL01-SC"
132851;2018-05-08;"terça-feira";"13:40:00";"SC";470;22,7;"ILHOTA";"Ultrapassagem Indevida";"Colisão frontal";"Com Vítimas Feridas";"Pleno dia";"Crescente";"Nublado";"Simples";"Reta";"Não";2;0;2;0;0;0;2;2;-26,8758;-48,8265;"SPRF-SC";"DEL04-SC";"UOP04-DEL04-SC"
132854;2018-05-08;"terça-feira";"14:40:00";"SC";101;214;"PALHOCA";"Falta de Atenção à Condução";"Tombamento";"Com Vítimas Feridas";"Pleno dia";"Decrescente";"Chuva";"Dupla";"Reta";"Sim";1;0;0;1;0;0;1;1;-27,652;-48,676;"SPRF-SC";"DEL01-SC";"UOP02-DEL01-SC"
132855;2018-05-08;"terça-feira";"15:10:00";"PR";376;182,8;"SARANDI";"Não guardar distância de segurança";"Colisão traseira";"Com Vítimas Feridas";"Pleno dia";"Decrescente";"Céu Claro";"Dupla";"Reta";"Sim";2;0;1;0;1;0;1;2;-23,4377784;-51,8772912;"SPRF-PR";"DEL07-PR";"UOP01-DEL09-PR"
132858;2018-05-08;"terça-feira";"13:30:00";"RR";174;524,8;"BOA VISTA";"Fenômenos da Natureza";"Saída de leito carroçável";"Sem Vítimas";"Pleno dia";"Decrescente";"Chuva";"Simples";"Curva";"Não";2;0;0;0;2;0;0;1;2,97079356;-60,74414313;"SPRF-RR";"DEL01-RR";"UOP01-DEL01-RR"
132859;2018-05-08;"terça-feira";"14:15:00";"PA";316;4;"ANANINDEUA";"Falta de Atenção à Condução";"Colisão transversal";"Com Vítimas Feridas";"Pleno dia";"Crescente";"Céu Claro";"Dupla";"Reta";"Sim";3;0;2;0;1;0;2;2;-1,39502926;-48,4215492;"SPRF-PA";"DEL01-PA";"DEL19/1-UOP05/PA"
132861;2018-05-08;"terça-feira";"15:30:00";"SP";101;41,9;"UBATUBA";"Falta de Atenção à Condução";"Colisão com objeto estático";"Com Vítimas Feridas";"Pleno dia";"Decrescente";"Garoa/Chuvisco";"Simples";"Reta";"Não";1;0;1;0;0;0;1;1;-23,41401867;-45,05321503;"SPRF-SP";"DEL06-SP";"UOP01-DEL06-SP"
132862;2018-05-08;"terça-feira";"15:40:00";"MG";267;22,5;"ARGIRITA";"Velocidade Incompatível";"Saída de leito carroçável";"Com Vítimas Feridas";"Pleno dia";"Crescente";"Chuva";"Simples";"Aclive;Curva";"Não";1;0;1;0;0;0;1;1;-21,60382167;-42,79916167;"SPRF-MG";"DEL07-MG";"UOP01-DEL07-MG"
132863;2018-05-08;"terça-feira";"14:21:00";"RO";364;241,8;"CACOAL";"Falta de Atenção à Condução";"Colisão lateral";"Com Vítimas Feridas";"Pleno dia";"Decrescente";"Céu Claro";"Simples";"Reta";"Sim";5;0;1;1;3;0;2;2;-11,441;-61,486;"SPRF-RO";"DEL02-RO";"UOP02-DEL02-RO"
132865;2018-04-16;"segunda-feira";"21:17:00";"GO";70;469;"ARAGARCAS";"Animais na Pista";"Atropelamento de Animal";"Com Vítimas Feridas";"Plena Noite";"Decrescente";"Ignorado";"Simples";"Reta";"Sim";1;0;1;0;0;0;1;1;-15,8969;-52,2381;"SPRF-GO";"DEL04-GO";"UOP01-DEL04-GO"
132866;2018-05-08;"terça-feira";"14:15:00";"SP";116;513;"CAJATI";"Velocidade Incompatível";"Capotamento";"Com Vítimas Feridas";"Pleno dia";"Decrescente";"Garoa/Chuvisco";"Simples";"Declive;Curva";"Não";4;0;2;0;2;0;2;1;-24,84722516;-48,21410667;"SPRF-SP";"DEL05-SP";"UAP01-DEL05-SP"