"id";"data_inversa";"dia_semana";"horario";"uf";"br";"km";"municipio";"causa_acidente";"tipo_acidente";"classificacao_acidente";"fase_dia";"sentido_via";"condicao_metereologica";"tipo_pista";"tracado_via";"uso_solo";"pessoas";"mortos";"feridos_leves";"feridos_graves";"ilesos";"ignorados";"feridos";"veiculos";"latitude";"longitude";"regional";"delegacia";"uop"
132867;2018-05-08;"terça-feira";"16:00:00";"ES";101;208,9;"IBIRACU";"Sinalização da via insuficiente ou inadequada";"Colisão traseira";"Com Vítimas Feridas";"Pleno dia";"Crescente";"Nublado";"Simples";"Aclive";"Não";3;0;1;0;2;0;1;2;-19,77339952;-40,37161714;"SPRF-ES";"DEL02-ES";"UOP01-DEL02-ES"
132868;2018-05-08;"terça-feira";"15:00:00";"PR";476;142,4;"CURITIBA";"Falta de Atenção do Pedestre";"Atropelamento de Pedestre";"Com Vítimas Feridas";"Pleno dia";"Decrescente";"Céu Claro";"Dupla";"Declive";"Não";3;0;0;1;1;1;1;2;-25,54058284;-49,30183411;"SPRF-PR";"DEL01-PR";"UOP07-DEL01-PR"
132869;2018-05-08;"terça-feira";"16:00:00";"SP";381;85;"ATIBAIA";"Objeto estático sobre o leito carroçável";"Colisão com objeto estático";"Com Vítimas Feridas";"Pleno dia";"Crescente";"Céu Claro";"Dupla";"Reta";"Sim";1;0;1;0;0;0;1;1;-23,138622;-46,575844;"SPRF-SP";"DEL03-SP";"DEL6/3-UOP03/SP"
132870;2018-05-08;"terça-feira";"15:45:00";"MG";381;776,4;"CAMPANHA";"Pista Escorregadia";"Tombamento";"Com Vítimas Feridas";"Pleno dia";"Crescente";"Chuva";"Dupla";"Curva";"Não";1;0;1;0;0;0;1;1;-21,7989;-45,4617;"SPRF-MG";"DEL16-MG";"UOP02-DEL16-MG"
132871;2018-05-08;"terça-feira";"15:50:00";"RJ";40;107;"DUQUE DE CAXIAS";"Falta de Atenção à Condução";"Colisão traseira";"Com Vítimas Feridas";"Pleno dia";"Decrescente";"Céu Claro";"Dupla";"Reta";"Sim";2;0;1;0;1;0;1;2;-22,66066052;-43,28418905;"SPRF-RJ";"DEL01-RJ";"UOP01-DEL01-RJ"
132872;2018-05-08;"terça-feira";"16:10:00";"RN";101;77,9;"SAO GONCALO DO AMARANTE";"Mal Súbito";"Queda de ocupante de veículo";"Com Vítimas Feridas";"Pleno dia";"Crescente";"Céu Claro";"Dupla";"Reta";"Sim";1;0;1;0;0;0;1;1;-5,74031879;-35,29044092;"SPRF-RN";"DEL02-RN";"UOP01-DEL02-RN"
132874;2018-05-08;"terça-feira";"17:00:00";"SP";116;227;"SAO PAULO";"Não guardar distância de segurança";"Colisão traseira";"Com Vítimas Feridas";"Pleno dia";"Decrescente";"Nublado";"Múltipla";"Reta";"Sim";2;0;0;1;1;0;1;2;-23,49847502;-46,55967236;"SPRF-SP";"DEL01-SP";"UOP01-DEL01-SP"
132875;2018-05-08;"terça-feira";"16:20:00";"ES";101;268,5;"SERRA";"Falta de Atenção à Condução";"Colisão lateral";"Com Vítimas Feridas";"Pleno dia";"Decrescente";"Chuva";"Múltipla";"Reta";"Sim";2;0;1;0;1;0;1;2;-20,0966975;-40,3392774;"SPRF-ES";"DEL02-ES";"UOP01-DEL02-ES"
132876;2018-05-08;"terça-feira";"09:30:00";"MA";222;258,8;"ARARI";"Avarias e/ou desgaste excessivo no pneu";"Saída de leito carroçável";"Com Vítimas Feridas";"Pleno dia";"Decrescente";"Céu Claro";"Simples";"Reta";"Não";13;0;3;10;0;0;13;1;-3,57558815;-44,67216164;"SPRF-MA";"DEL01-MA";"UOP02-DEL01-MA"
132877;2018-05-08;"terça-feira";"17:00:00";"SC";280;55,4;"GUARAMIRIM";"Desobediência às normas de trânsito pelo condutor";"Colisão transversal";"Com Vítimas Feridas";"Pleno dia";"Crescente";"Garoa/Chuvisco";"Simples";"Reta";"Sim";2;0;1;0;1;0;1;2;-26,47827042;-48,99922192;"SPRF-SC";"DEL03-SC";"UOP03-DEL03-SC"
132881;2018-05-08;"terça-feira";"17:40:00";"SC";470;52,9;"BLUMENAU";"Desobediência às normas de trânsito pelo condutor";"Colisão transversal";"Com Vítimas Feridas";"Anoitecer";"Decrescente";"Garoa/Chuvisco";"Simples";"Reta";"Sim";2;0;1;0;1;0;1;2;-26,86034777;-49,07939589;"SPRF-SC";"DEL04-SC";"UOP01-DEL04-SC"
132882;2018-05-08;"terça-feira";"17:40:00";"GO";60;92,8;"ANAPOLIS";"Desobediência às normas de trânsito pelo condutor";"Colisão transversal";"Com Vítimas Feridas";"Anoitecer";"Decrescente";"Céu Claro";"Dupla";"Retorno Regulamentado";"Sim";3;0;0;1;2;0;1;2;-16,3532068;-48,91957071;"SPRF-GO";"DEL02-GO";"UOP01-DEL02-GO"
132883;2018-05-08;"terça-feira";"13:50:00";"MA";316;374,4;"BACABAL";"Defeito Mecânico no Veículo";"Capotamento";"Com Vítimas Feridas";"Pleno dia";"Decrescente";"Céu Claro";"Simples";"Reta";"Não";1;0;1;0;0;0;1;1;-4,214176;-44,669399;"SPRF-MA";"DEL02-MA";"DEL18/2-UOP03/MA"
132886;2018-04-08;"domingo";"12:00:00";"BA";110;388;"SAO SEBASTIAO DO PASSE";"Desobediência às normas de trânsito pelo condutor";"Atropelamento de Pedestre";"Com Vítimas Fatais";"Pleno dia";"Crescente";"Nublado";"Simples";"Reta";"Não";7;1;1;3;2;0;4;5;-12,53177479;-38,5043335;"SPRF-BA";"DEL01-BA";"UOP01-DEL01-BA"
132890;2018-05-08;"terça-feira";"17:50:00";"PR";376;207,5;"MANDAGUARI";"Desobediência às normas de trânsito pelo condutor";"Colisão transversal";"Com Vítimas Feridas";"Plena Noite";"Crescente";"Céu Claro";"Simples";"Reta";"Sim";2;0;1;0;1;0;1;2;-23,52310982;-51,68067455;"SPRF-PR";"DEL07-PR";"UOP01-DEL09-PR"
132891;2018-05-08;"terça-feira";"16:00:00";"PR";376;182,1;"MARINGA";"Falta de Atenção à Condução";"Engavetamento";"Com Vítimas Feridas";"Pleno dia";"Decrescente";"Céu Claro";"Simples";"Reta";"Sim";5;0;1;0;3;1;1;3;-23,43268423;-51,88571149;"SPRF-PR";"DEL07-PR";"UOP01-DEL09-PR"
132892;2018-05-08;"terça-feira";"18:05:00";"PR";116;116,6;"CURITIBA";"Falta de Atenção à Condução";"Colisão lateral";"Com Vítimas Feridas";"Anoitecer";"Decrescente";"Nublado";"Múltipla";"Reta";"Sim";2;0;1;0;1;0;1;2;-25,55401851;-49,30539608;"SPRF-PR";"DEL01-PR";"UOP07-DEL01-PR"
132894;2018-05-08;"terça-feira";"17:15:00";"SC";101;211,8;"PALHOCA";"Falta de Atenção à Condução";"Queda de ocupante de veículo";"Com Vítimas Feridas";"Anoitecer";"Crescente";"Chuva";"Simples";"Reta";"Sim";1;0;1;0;0;0;1;1;-27,6301;-48,659;"SPRF-SC";"DEL01-SC";"UOP02-DEL01-SC"
132896;2018-05-08;"terça-feira";"18:30:00";"SC";101;202;"SAO JOSE";"Falta de Atenção à Condução";"Colisão traseira";"Com Vítimas Feridas";"Pleno dia";"Decrescente";"Nublado";"Múltipla";"Reta";"Sim";2;0;1;0;1;0;1;2;-27,5651;-48,6144;"SPRF-SC";"DEL01-SC";"UOP01-DEL01-SC"
132898;2018-05-08;"terça-feira";"17:15:00";"RO";364;344;"JI-PARANA";"Desobediência às normas de trânsito pelo condutor";"Colisão transversal";"Com Vítimas Feridas";"Pleno dia";"Decrescente";"Céu Claro";"Múltipla";"Interseção de Vias";"Sim";3;0;0;2;0;1;2;3;-10,87431562;-61,95188284;"SPRF-RO";"DEL02-RO";"UOP01-DEL02-RO"
132899;2018-05-08;"terça-feira";"18:20:00";"PI";343;12,3;"PARNAIBA";"Falta de Atenção à Condução";"Colisão lateral";"Com Vítimas Feridas";"Anoitecer";"Decrescente";"Céu Claro";"Dupla";"Reta";"Sim";2;0;1;0;1;0;1;2;-2,91007134;-41,75366879;"SPRF-PI";"DEL05-PI";"UOP01-DEL05-PI"
132900;2018-05-08;"terça-feira";"16:45:00";"MG";116;813,2;"ALEM PARAIBA";"Velocidade Incompatível";"Saída de leito carroçável";"Sem Vítimas";"Pleno dia";"Decrescente";"Garoa/Chuvisco";"Simples";"Curva;Aclive";"Não";1;0;0;0;1;0;0;1;-21,84996773;-42,66515851;"SPRF-MG";"DEL07-MG";"UOP01-DEL07-MG"
132901;2018-05-08;"terça-feira";"18:45:00";"PR";476;111;"COLOMBO";"Ingestão de Álcool";"Colisão frontal";"Sem Vítimas";"Plena Noite";"Crescente";"Céu Claro";"Simples";"Curva";"Não";3;0;0;0;3;0;0;3;-25,315054;-49,153679;"SPRF-PR";"DEL01-PR";"UOP01-DEL01-PR"
132903;2018-05-08;"terça-feira";"19:05:00";"GO";60;45,3;"APARECIDA DE GOIANIA";"Falta de Atenção à Condução";"Colisão com objeto estático";"Com Vítimas Fatais";"Anoitecer";"Crescente";"Céu Claro";"Dupla";"Reta";"Sim";3;1;0;0;1;1;0;3;-16,8101;-49,2397;"SPRF-GO";"DEL01-GO";"UOP03-DEL01-GO"
132904;2018-05-08;"terça-feira";"19:13:00";"GO";153;436,3;"ANAPOLIS";"Falta de Atenção à Condução";"Queda de ocupante de veículo";"Com Vítimas Feridas";"Plena Noite";"Decrescente";"Ignorado";"Dupla";"Reta";"Não";1;0;0;1;0;0;1;1;-16,290164;-48,936167;"SPRF-GO";"DEL02-GO";"UOP01-DEL02-GO"
132906;2018-05-08;"terça-feira";"18:10:00";"SP";116;157;"SAO JOSE DOS CAMPOS";"Não guardar distância de segurança";"Engavetamento";"Com Vítimas Feridas";"Plena Noite";"Decrescente";"Céu Claro";"Dupla";"Reta";"Não";5;0;3;0;2;0;3;4;-23,256913;-45,945956;"SPRF-SP";"DEL02-SP";"UOP01-DEL02-SP"
132907;2018-05-08;"terça-feira";"18:20:00";"PA";230;123;"MARABA";"Falta de Atenção à Condução";"Colisão traseira";"Com Vítimas Feridas";"Plena Noite";"Crescente";"Céu Claro";"Dupla";"Interseção de Vias";"Sim";2;0;1;0;1;0;1;2;-5,3679633;-49,12862778;"SPRF-PA";"DEL03-PA";"UOP01-DEL03-PA"
132908;2018-05-08;"terça-feira";"18:50:00";"RJ";116;317;"ITATIAIA";"Ingestão de álcool e/ou substâncias psicoativas pelo pedestre";"Atropelamento de Pedestre";"Com Vítimas Feridas";"Plena Noite";"Decrescente";"Garoa/Chuvisco";"Dupla";"Reta";"Não";2;0;1;0;1;0;1;2;-22,49416045;-44,56912994;"SPRF-RJ";"DEL07-RJ";"DEL5/7-UOP03/RJ"
132909;2018-05-08;"terça-feira";"19:00:00";"BA";116;423,1;"FEIRA DE SANTANA";"Ultrapassagem Indevida";"Atropelamento de Pedestre";"Com Vítimas Feridas";"Plena Noite";"Crescente";"Nublado";"Simples";"Reta";"Sim";3;0;1;0;1;1;1;2;-12,23338;-38,97417;"SPRF-BA";"DEL02-BA";"UOP01-DEL02-BA"
132910;2018-05-08;"terça-feira";"19:10:00";"PB";101;88;"JOAO PESSOA";"Pista Escorregadia";"Tombamento";"Com Vítimas Feridas";"Plena Noite";"Decrescente";"Chuva";"Simples";"Curva";"Sim";1;0;1;0;0;0;1;1;-7,1716;-34,8978;"SPRF-PB";"DEL01-PB";"UOP01-DEL01-PB"
132912;2018-05-08;"terça-feira";"19:00:00";"RJ";40;56,2;"PETROPOLIS";"Falta de Atenção à Condução";"Saída de leito carroçável";"Com Vítimas Feridas";"Plena Noite";"Crescente";"Nublado";"Dupla";"Curva";"Não";1;0;0;1;0;0;1;1;-22,3657767;-43,12811;"SPRF-RJ";"DEL06-RJ";"UOP01-DEL06-RJ"
132913;2018-05-08;"terça-feira";"18:00:00";"RR";174;501;"BOA VISTA";"Falta de Atenção à Condução";"Colisão traseira";"Com Vítimas Feridas";"Anoitecer";"Crescente";"Nublado";"Dupla";"Reta";"Sim";3;0;1;0;2;0;1;2;2,781689;-60,703827;"SPRF-RR";"DEL01-RR";"UOP01-DEL01-RR"
132916;2018-05-08;"terça-feira";"18:55:00";"PR";116;113,3;"CURITIBA";"Defeito Mecânico no Veículo";"Saída de leito carroçável";"Com Vítimas Feridas";"Plena Noite";"Crescente";"Nublado";"Dupla";"Reta";"Não";1;0;1;0;0;0;1;1;-25,54797523;-49,28729121;"SPRF-PR";"DEL01-PR";"UOP01-DEL01-PR"
132917;2018-05-08;"terça-feira";"18:40:00";"MT";163;829,1;"SINOP";"Falta de Atenção à Condução";"Colisão lateral";"Com Vítimas Feridas";"Plena Noite";"Crescente";"Céu Claro";"Dupla";"Reta";"Sim";3;0;1;0;2;0;1;2;-11,91304;-55,508709;"SPRF-MT";"DEL06-MT";"UOP01-DEL06-MT"
132918;2018-05-08;"terça-feira";"20:00:00";"PR";369;192,8;"ARAPONGAS";"Falta de Atenção do Pedestre";"Atropelamento de Pedestre";"Com Vítimas Fatais";"Plena Noite";"Decrescente";"Céu Claro";"Dupla";"Reta";"Sim";2;1;1;0;0;0;1;2;-23,474373;-51,42373;"SPRF-PR";"DEL07-PR";"UOP03-DEL07-PR"
132921;2018-05-08;"terça-feira";"20:43:00";"GO";153;501,9;"GOIANIA";"Falta de Atenção do Pedestre";"Atropelamento de Pedestre";"Com Vítimas Feridas";"Plena Noite";"Crescente";"Céu Claro";"Dupla";"Reta";"Sim";2;0;0;1;0;1;1;2;-16,7189;-49,2382;"SPRF-GO";"DEL01-GO";"UOP01-DEL01-GO"
132922;2018-05-08;"terça-feira";"20:05:00";"ES";262;4;"CARIACICA";"Pista Escorregadia";"Colisão transversal";"Com Vítimas Feridas";"Plena Noite";"Decrescente";"Chuva";"Múltipla";"Reta";"Sim";3;0;1;0;2;0;1;2;-20,3362;-40,3783;"SPRF-ES";"DEL01-ES";"UOP01-DEL01-ES"
132925;2018-05-08;"terça-feira";"20:45:00";"RJ";101;310;"SAO GONCALO";"Falta de Atenção à Condução";"Colisão traseira";"Com Vítimas Feridas";"Plena Noite";"Decrescente";"Nublado";"Dupla";"Reta";"Sim";2;0;1;0;1;0;1;2;-22,79675583;-43,04322124;"SPRF-RJ";"DEL02-RJ";"DEL5/2-UOP04/RJ"
132926;2018-05-08;"terça-feira";"19:50:00";"SC";280;5,5;"SAO FRANCISCO DO SUL";"Falta de Atenção à Condução";"Colisão transversal";"Sem Vítimas";"Plena Noite";"Decrescente";"Chuva";"Simples";"Reta";"Não";2;0;0;0;1;1;0;2;-26,26286167;-48,62939358;"SPRF-SC";"DEL03-SC";"UOP03-DEL03-SC"
132927;2018-05-08;"terça-feira";"18:30:00";"PR";277;493,7;"GUARANIACU";"Falta de Atenção à Condução";"Queda de ocupante de veículo";"Com Vítimas Fatais";"Plena Noite";"Crescente";"Céu Claro";"Simples";"Reta";"Não";3;1;0;0;2;0;0;3;-25,1903;-52,6576;"SPRF-PR";"DEL04-PR";"UOP04-DEL04-PR"
132928;2018-05-08;"terça-feira";"21:00:00";"SP";116;1;"GUARULHOS";"Falta de Atenção à Condução";"Colisão traseira";"Com Vítimas Feridas";"Plena Noite";"Crescente";"Céu Claro";"Dupla";"Viaduto";"Sim";4;0;2;0;1;1;2;3;-23,45053979;-46,49214822;"SPRF-SP";"DEL01-SP";"UOP01-DEL01-SP"
132930;2018-05-08;"terça-feira";"21:00:00";"GO";251;26,4;"CRISTALINA";"Falta de Atenção à Condução";"Colisão frontal";"Com Vítimas Feridas";"Plena Noite";"Decrescente";"Céu Claro";"Simples";"Reta";"Não";2;0;1;1;0;0;2;2;-16,2028;-47,4392;"SPRF-DF";"DEL01-DF";"UOP01-DEL01-DF"
132931;2018-05-08;"terça-feira";"21:40:00";"PB";230;464,9;"SOUSA";"Desobediência às normas de trânsito pelo condutor";"Capotamento";"Com Vítimas Feridas";"Plena Noite";"Decrescente";"Céu Claro";"Simples";"Interseção de Vias";"Sim";6;0;5;0;0;1;5;2;-6,7811;-38,2552;"SPRF-PB";"DEL03-PB";"UOP03-DEL03-PB"
132932;2018-05-08;"terça-feira";"22:35:00";"SP";488;1,4;"APARECIDA";"Falta de Atenção à Condução";"Colisão com objeto em movimento";"Com Vítimas Feridas";"Plena Noite";"Crescente";"Céu Claro";"Dupla";"Curva";"Sim";2;0;1;0;1;0;1;2;-22,846969;-45,231618;"SPRF-SP";"DEL08-SP";"UOP01-DEL08-SP"
132933;2018-05-08;"terça-feira";"22:10:00";"PB";101;88,9;"JOAO PESSOA";"Velocidade Incompatível";"Saída de leito carroçável";"Sem Vítimas";"Plena Noite";"Crescente";"Garoa/Chuvisco";"Dupla";"Reta";"Sim";1;0;0;0;0;1;0;1;-7,1716;-34,8978;"SPRF-PB";"DEL01-PB";"UOP01-DEL01-PB"
132934;2018-05-08;"terça-feira";"22:40:00";"GO";158;270;"JATAI";"Ingestão de Álcool";"Colisão traseira";"Sem Vítimas";"Plena Noite";"Crescente";"Céu Claro";"Simples";"Interseção de Vias";"Sim";2;0;0;0;2;0;0;2;-17,89794239;-51,73567057;"SPRF-GO";"DEL05-GO";"UOP01-DEL05-GO"
132935;2018-05-08;"terça-feira";"22:15:00";"SC";101;333;"TUBARAO";"Desobediência às normas de trânsito pelo condutor";"Colisão transversal";"Com Vítimas Feridas";"Plena Noite";"Decrescente";"Céu Claro";"Múltipla";"Interseção de Vias";"Sim";2;0;1;0;1;0;1;2;-28,46781417;-49,00006413;"SPRF-SC";"DEL02-SC";"UOP01-DEL02-SC"
132936;2018-05-08;"terça-feira";"20:00:00";"AC";364;137;"RIO BRANCO";"Falta de Atenção do Pedestre";"Atropelamento de Pedestre";"Com Vítimas Feridas";"Plena Noite";"Decrescente";"Céu Claro";"Dupla";"Reta";"Sim";2;0;1;0;1;0;1;2;-9,969359;-67,852646;"SPRF-AC";"DEL01-AC";"UOP01-DEL01-AC"
132937;2018-05-08;"terça-feira";"22:15:00";"GO";60;137;"GOIANIA";"Falta de Atenção à Condução";"Colisão frontal";"Com Vítimas Feridas";"Plena Noite";"Crescente";"Céu Claro";"Simples";"Reta";"Sim";3;0;2;0;1;0;2;2;-16,603;-49,2023;"SPRF-GO";"DEL01-GO";"UOP01-DEL01-GO"
132939;2018-05-08;"terça-feira";"22:35:00";"ES";101;266,4;"SERRA";"Desobediência às normas de trânsito pelo condutor";"Colisão transversal";"Com Vítimas Feridas";"Plena Noite";"Crescente";"Chuva";"Múltipla";"Interseção de Vias";"Sim";3;0;2;0;1;0;2;2;-20,0967099;-40,339276;"SPRF-ES";"DEL02-ES";"UOP01-DEL02-ES"
132942;2018-05-08;"terça-feira";"23:50:00";"MT";163;1027;"PEIXOTO DE AZEVEDO";"Falta de Atenção à Condução";"Colisão transversal";"Com Vítimas Feridas";"Plena Noite";"Decrescente";"Céu Claro";"Simples";"Reta";"Sim";4;0;2;1;1;0;3;2;-10,24735723;-54,98519897;"SPRF-MT";"DEL06-MT";"UOP02-DEL06-MT"
132943;2018-05-09;"quarta-feira";"00:35:00";"RO";364;193;"PIMENTA BUENO";"Animais na Pista";"Atropelamento de Animal";"Com Vítimas Feridas";"Plena Noite";"Decrescente";"Céu Claro";"Simples";"Reta";"Sim";1;0;1;0;0;0;1;1;-11,706285;-61,164848;"SPRF-RO";"DEL02-RO";"UOP02-DEL02-RO"
132945;2018-05-09;"quarta-feira";"02:00:00";"PR";376;660;"TIJUCAS DO SUL";"Velocidade Incompatível";"Saída de leito carroçável";"Sem Vítimas";"Plena Noite";"Crescente";"Chuva";"Dupla";"Curva";"Não";1;0;0;0;1;0;0;1;-25,85538099;-48,9959513;"SPRF-PR";"DEL01-PR";"DEL7/1-UOP08/PR"
132950;2018-05-09;"quarta-feira";"05:30:00";"RJ";40;93,8;"DUQUE DE CAXIAS";"Pista Escorregadia";"Colisão com objeto estático";"Com Vítimas Feridas";"Amanhecer";"Crescente";"Chuva";"Dupla";"Curva";"Não";1;0;1;0;0;0;1;1;-22,5568;-43,2629;"SPRF-RJ";"DEL06-RJ";"UOP01-DEL06-RJ"
132952;2018-05-09;"quarta-feira";"06:00:00";"SC";470;58,1;"BLUMENAU";"Desobediência às normas de trânsito pelo condutor";"Colisão transversal";"Com Vítimas Feridas";"Amanhecer";"Crescente";"Nublado";"Simples";"Reta";"Não";3;0;1;0;2;0;1;2;-26,87755974;-49,13059115;"SPRF-SC";"DEL04-SC";"UOP01-DEL04-SC"
132953;2018-05-09;"quarta-feira";"06:00:00";"MG";381;480,5;"CONTAGEM";"Falta de Atenção à Condução";"Colisão lateral";"Com Vítimas Feridas";"Pleno dia";"Crescente";"Céu Claro";"Dupla";"Curva";"Sim";2;0;2;0;0;0;2;2;-19,9586;-44,0608;"SPRF-MG";"DEL01-MG";"UOP03-DEL01-MG"
132954;2018-05-09;"quarta-feira";"05:41:00";"PA";155;335;"MARABA";"Falta de Atenção à Condução";"Tombamento";"Com Vítimas Feridas";"Amanhecer";"Decrescente";"Céu Claro";"Simples";"Reta";"Não";2;0;2;0;0;0;2;1;-5,441071;-49,076;"SPRF-PA";"DEL03-PA";"UOP01-DEL03-PA"
132955;2018-05-09;"quarta-feira";"05:30:00";"GO";50;106;"CRISTALINA";"Falta de Atenção à Condução";"Capotamento";"Com Vítimas Feridas";"Amanhecer";"Decrescente";"Sol";"Dupla";"Curva";"Não";5;0;5;0;0;0;5;1;-16,9309;-47,7117;"SPRF-DF";"DEL01-DF";"UOP02-DEL01-DF"
132956;2018-05-09;"quarta-feira";"06:20:00";"CE";116;143,7;"RUSSAS";"Desobediência às normas de trânsito pelo condutor";"Saída de leito carroçável";"Com Vítimas Feridas";"Pleno dia";"Crescente";"Céu Claro";"Simples";"Curva";"Não";2;0;1;0;0;1;1;2;-4,772701;-38,049969;"SPRF-CE";"DEL03-CE";"UOP01-DEL03-CE"
132958;2018-05-06;"domingo";"03:35:00";"SC";282;3;"FLORIANOPOLIS";"Não guardar distância de segurança";"Colisão traseira";"Com Vítimas Feridas";"Plena Noite";"Decrescente";"Céu Claro";"Dupla";"Reta";"Sim";2;0;1;0;0;1;1;2;-27,600384;-48,599705;"SPRF-SC";"DEL01-SC";"UOP01-DEL01-SC"
132959;2018-05-06;"domingo";"06:25:00";"SC";101;189;"BIGUACU";"Falta de Atenção à Condução";"Incêndio";"Sem Vítimas";"Pleno dia";"Decrescente";"Céu Claro";"Dupla";"Reta";"Sim";1;0;0;0;1;0;0;1;-27,4683;-48,6415;"SPRF-SC";"DEL01-SC";"UOP01-DEL01-SC"
132961;2018-05-09;"quarta-feira";"06:50:00";"SC";470;45;"GASPAR";"Falta de Atenção à Condução";"Colisão lateral";"Com Vítimas Feridas";"Amanhecer";"Decrescente";"Nublado";"Simples";"Aclive";"Não";2;0;1;0;1;0;1;2;-26,87416006;-49,0139339;"SPRF-SC";"DEL04-SC";"UOP01-DEL04-SC"
132962;2018-05-09;"quarta-feira";"06:50:00";"PA";316;8;"ANANINDEUA";"Falta de Atenção à Condução";"Colisão transversal";"Com Vítimas Feridas";"Pleno dia";"Crescente";"Céu Claro";"Múltipla";"Reta";"Sim";2;0;1;0;1;0;1;2;-1,362102;-48,3688931;"SPRF-PA";"DEL01-PA";"DEL19/1-UOP05/PA"
132963;2018-05-09;"quarta-feira";"06:00:00";"SP";116;272;"TABOAO DA SERRA";"Falta de Atenção à Condução";"Colisão traseira";"Com Vítimas Feridas";"Amanhecer";"Crescente";"Céu Claro";"Dupla";"Reta";"Sim";3;0;1;0;2;0;1;2;-23,61873255;-46,80175781;"SPRF-SP";"DEL04-SP";"UOP01-DEL04-SP"
132965;2018-05-08;"terça-feira";"12:10:00";"PR";369;148;"LONDRINA";"Falta de Atenção à Condução";"Colisão lateral";"Com Vítimas Feridas";"Pleno dia";"Crescente";"Céu Claro";"Dupla";"Reta";"Sim";2;0;1;0;1;0;1;2;-23,29304234;-51,13929564;"SPRF-PR";"DEL07-PR";"UOP01-DEL07-PR"
132966;2018-05-09;"quarta-feira";"07:20:00";"MG";381;487,5;"BETIM";"Não guardar distância de segurança";"Queda de ocupante de veículo";"Com Vítimas Feridas";"Pleno dia";"Decrescente";"Sol";"Múltipla";"Reta";"Sim";1;0;1;0;0;0;1;1;-19,9572;-44,1243;"SPRF-MG";"DEL01-MG";"UOP03-DEL01-MG"
132967;2018-05-09;"quarta-feira";"07:25:00";"SC";282;17;"PALHOCA";"Desobediência às normas de trânsito pelo condutor";"Colisão transversal";"Com Vítimas Feridas";"Pleno dia";"Decrescente";"Nublado";"Simples";"Reta";"Não";2;0;1;0;1;0;1;2;-27,665707;-48,688065;"SPRF-SC";"DEL01-SC";"UOP02-DEL01-SC"
132969;2018-05-09;"quarta-feira";"07:45:00";"DF";70;4,1;"BRASILIA";"Falta de Atenção à Condução";"Colisão traseira";"Com Vítimas Feridas";"Pleno dia";"Decrescente";"Céu Claro";"Dupla";"Reta";"Sim";2;0;1;0;1;0;1;2;-15,798115;-48,089317;"SPRF-DF";"DEL01-DF";"UOP02-DEL03-DF"
132970;2018-05-09;"quarta-feira";"04:52:00";"PR";153;28,7;"JACAREZINHO";"Velocidade Incompatível";"Saída de leito carroçável";"Com Vítimas Feridas";"Plena Noite";"Crescente";"Céu Claro";"Simples";"Curva;Declive";"Não";3;0;0;3;0;0;3;1;-23,16730661;-49,96066689;"SPRF-PR";"DEL07-PR";"UOP04-DEL07-PR"
132972;2018-05-09;"quarta-feira";"07:40:00";"SC";282;5;"SAO JOSE";"Falta de Atenção à Condução";"Colisão lateral";"Com Vítimas Feridas";"Pleno dia";"Crescente";"Nublado";"Dupla";"Curva";"Sim";2;0;1;0;1;0;1;2;-27,58741502;-48,61498743;"SPRF-SC";"DEL01-SC";"UOP01-DEL01-SC"
132973;2018-05-09;"quarta-feira";"07:00:00";"MT";163;831,4;"SINOP";"Falta de Atenção à Condução";"Colisão lateral";"Com Vítimas Feridas";"Pleno dia";"Crescente";"Céu Claro";"Dupla";"Reta";"Sim";2;0;2;0;0;0;2;2;-11,94461642;-55,51700592;"SPRF-MT";"DEL06-MT";"UOP01-DEL06-MT"
132975;2018-05-09;"quarta-feira";"07:50:00";"RJ";101;87;"CAMPOS DOS GOYTACAZES";"Pista Escorregadia";"Capotamento";"Com Vítimas Feridas";"Pleno dia";"Crescente";"Chuva";"Dupla";"Reta";"Sim";3;0;3;0;0;0;3;1;-21,826284;-41,496429;"SPRF-RJ";"DEL08-RJ";"UOP02-DEL08-RJ"
132977;2018-05-09;"quarta-feira";"08:00:00";"GO";40;2,2;"VALPARAISO DE GOIAS";"Desobediência às normas de trânsito pelo condutor";"Colisão traseira";"Com Vítimas Feridas";"Pleno dia";"Decrescente";"Céu Claro";"Dupla";"Reta";"Sim";2;0;1;0;1;0;1;2;-16,07413535;-47,98517525;"SPRF-DF";"DEL01-DF";"UOP01-DEL01-DF"
132978;2018-05-09;"quarta-feira";"07:40:00";"SP";381;36,5;"ATIBAIA";"Avarias e/ou desgaste excessivo no pneu";"Tombamento";"Sem Vítimas";"Pleno dia";"Crescente";"Céu Claro";"Dupla";"Reta";"Não";1;0;0;0;1;0;0;1;-23,101422;-46,569079;"SPRF-SP";"DEL03-SP";"UOP02-DEL03-SP"
132980;2018-05-09;"quarta-feira";"08:30:00";"PE";232;79,2;"GRAVATA";"Desobediência às normas de trânsito pelo condutor";"Colisão transversal";"Com Vítimas Feridas";"Pleno dia";"Crescente";"Nublado";"Múltipla";"Aclive";"Sim";2;0;1;0;1;0;1;2;-8,1947653;-35,56367487;"SPRF-PE";"DEL01-PE";"UOP02-DEL02PE"
132981;2018-05-09;"quarta-feira";"06:40:00";"MG";381;482;"BETIM";"Falta de Atenção à Condução";"Colisão lateral";"Com Vítimas Feridas";"Pleno dia";"Decrescente";"Sol";"Múltipla";"Reta";"Sim";2;0;1;0;1;0;1;2;-19,9578;-44,0795;"SPRF-MG";"DEL01-MG";"UOP03-DEL01-MG"