"id";"data_inversa";"dia_semana";"horario";"uf";"br";"km";"municipio";"causa_acidente";"tipo_acidente";"classificacao_acidente";"fase_dia";"sentido_via";"condicao_metereologica";"tipo_pista";"tracado_via";"uso_solo";"pessoas";"mortos";"feridos_leves";"feridos_graves";"ilesos";"ignorados";"feridos";"veiculos";"latitude";"longitude";"regional";"delegacia";"uop"
132983;2018-03-25;"domingo";"16:40:00";"PR";369;81,6;"CORNELIO PROCOPIO";"Pista Escorregadia";"Tombamento";"Com Vítimas Feridas";"Pleno dia";"Decrescente";"Chuva";"Simples";"Reta";"Não";2;0;1;0;0;1;1;2;-23,15216733;-50,59988737;"SPRF-PR";"DEL07-PR";"UOP05-DEL07-PR"
132985;2018-05-09;"quarta-feira";"08:35:00";"SP";116;223;"GUARULHOS";"Não guardar distância de segurança";"Colisão traseira";"Com Vítimas Feridas";"Pleno dia";"Decrescente";"Céu Claro";"Múltipla";"Reta";"Sim";3;0;1;0;2;0;1;2;-23,48042305;-46,53220922;"SPRF-SP";"DEL01-SP";"UOP01-DEL01-SP"
132986;2018-05-09;"quarta-feira";"08:23:00";"SP";116;229,4;"SAO PAULO";"Falta de Atenção à Condução";"Colisão traseira";"Com Vítimas Feridas";"Pleno dia";"Crescente";"Céu Claro";"Múltipla";"Reta";"Sim";2;0;1;0;0;1;1;2;-23,50875558;-46,57274276;"SPRF-SP";"DEL01-SP";"UOP01-DEL01-SP"
132987;2018-04-15;"domingo";"23:35:00";"PB";230;70,1;"SOBRADO";"Animais na Pista";"Atropelamento de Animal";"Sem Vítimas";"Plena Noite";"Crescente";"Céu Claro";"Dupla";"Aclive;Reta";"Sim";1;0;0;0;1;0;0;1;-7,19193288;-35,22709787;"SPRF-PB";"DEL01-PB";"UOP03-DEL01-PB"
132988;2018-05-09;"quarta-feira";"07:30:00";"BA";116;909,2;"CANDIDO SALES";"Desobediência às normas de trânsito pelo condutor";"Colisão frontal";"Com Vítimas Feridas";"Pleno dia";"Crescente";"Nublado";"Simples";"Curva";"Sim";3;0;0;1;2;0;1;2;-15,50827323;-41,23512268;"SPRF-BA";"DEL08-BA";"UOP03-DEL08-BA"
132989;2018-05-09;"quarta-feira";"07:45:00";"MG";50;58;"UBERLANDIA";"Falta de Atenção à Condução";"Colisão traseira";"Com Vítimas Feridas";"Amanhecer";"Crescente";"Céu Claro";"Dupla";"Reta";"Não";2;0;1;0;1;0;1;2;-18,805;-48,2407;"SPRF-MG";"DEL15-MG";"UOP02-DEL15-MG"
132990;2018-05-01;"terça-feira";"06:30:00";"RS";472;450;"ITAQUI";"Animais na Pista";"Atropelamento de Animal";"Sem Vítimas";"Amanhecer";"Crescente";"Céu Claro";"Simples";"Reta";"Não";1;0;0;0;1;0;0;1;-29,01114285;-56,18562698;"SPRF-RS";"DEL12-RS";"UOP01-DEL12-RS"
132991;2018-05-09;"quarta-feira";"05:00:00";"RJ";116;163,1;"RIO DE JANEIRO";"Pista Escorregadia";"Colisão com objeto estático";"Sem Vítimas";"Plena Noite";"Decrescente";"Chuva";"Dupla";"Curva";"Sim";2;0;0;0;1;1;0;2;-22,8176435;-43,32214415;"SPRF-RJ";"DEL01-RJ";"UOP01-DEL01-RJ"
132992;2018-04-03;"terça-feira";"18:00:00";"RJ";356;183;"SAO JOAO DA BARRA";"Desobediência às normas de trânsito pelo condutor";"Colisão transversal";"Com Vítimas Feridas";"Anoitecer";"Crescente";"Garoa/Chuvisco";"Simples";"Reta";"Não";3;0;1;1;1;0;2;2;-21,718555;-41,101276;"SPRF-RJ";"DEL08-RJ";"UOP02-DEL08-RJ"
132993;2018-05-09;"quarta-feira";"09:20:00";"SC";101;79;"ARAQUARI";"Defeito Mecânico no Veículo";"Colisão traseira";"Sem Vítimas";"Pleno dia";"Crescente";"Nublado";"Múltipla";"Reta";"Não";2;0;0;0;2;0;0;2;-26,59141496;-48,72239021;"SPRF-SC";"DEL03-SC";"UOP02-DEL03-SC"
132994;2018-05-09;"quarta-feira";"09:00:00";"SP";116;272,8;"TABOAO DA SERRA";"Pista Escorregadia";"Queda de ocupante de veículo";"Com Vítimas Feridas";"Pleno dia";"Crescente";"Sol";"Simples";"Curva";"Sim";1;0;1;0;0;0;1;1;-23,61621602;-46,79145813;"SPRF-SP";"DEL04-SP";"UOP01-DEL04-SP"
132995;2018-05-09;"quarta-feira";"09:20:00";"GO";40;1;"VALPARAISO DE GOIAS";"Velocidade Incompatível";"Colisão traseira";"Com Vítimas Feridas";"Pleno dia";"Crescente";"Céu Claro";"Dupla";"Reta";"Sim";3;0;1;0;2;0;1;2;-16,058245;-47,982825;"SPRF-DF";"DEL01-DF";"UOP01-DEL01-DF"
132999;2018-01-02;"terça-feira";"02:00:00";"GO";153;315;"RIALMA";"Condutor Dormindo";"Colisão frontal";"Com Vítimas Fatais";"Plena Noite";"Crescente";"Céu Claro";"Simples";"Reta";"Não";9;3;3;2;1;0;5;2;-15,41889553;-49,52042073;"SPRF-GO";"DEL02-GO";"UOP02-DEL02-GO"
133000;2018-05-09;"quarta-feira";"09:40:00";"SC";282;75,5;"RANCHO QUEIMADO";"Velocidade Incompatível";"Saída de leito carroçável";"Com Vítimas Feridas";"Pleno dia";"Decrescente";"Garoa/Chuvisco";"Simples";"Curva";"Não";1;0;1;0;0;0;1;1;-27,690931;-49,129143;"SPRF-SC";"DEL01-SC";"UOP03-DEL01-SC"
133001;2018-05-09;"quarta-feira";"09:10:00";"MG";381;479,9;"CONTAGEM";"Falta de Atenção à Condução";"Colisão lateral";"Com Vítimas Feridas";"Pleno dia";"Decrescente";"Céu Claro";"Dupla";"Reta";"Sim";2;0;1;0;1;0;1;2;-19,96127836;-44,05137777;"SPRF-MG";"DEL01-MG";"UOP03-DEL01-MG"
133002;2018-05-09;"quarta-feira";"07:10:00";"MT";163;838;"SINOP";"Desobediência às normas de trânsito pelo condutor";"Colisão lateral";"Com Vítimas Feridas";"Pleno dia";"Decrescente";"Céu Claro";"Dupla";"Reta";"Sim";2;0;1;0;1;0;1;2;-11,83362174;-55,48813462;"SPRF-MT";"DEL06-MT";"UOP02-DEL06-MT"
133004;2018-05-09;"quarta-feira";"10:25:00";"PR";369;193,2;"ARAPONGAS";"Não guardar distância de segurança";"Colisão traseira";"Com Vítimas Feridas";"Pleno dia";"Crescente";"Sol";"Dupla";"Reta;Em Obras;Retorno Regulamentado";"Não";2;0;1;0;1;0;1;2;-23,4752527;-51,42393351;"SPRF-PR";"DEL07-PR";"UOP03-DEL07-PR"
133007;2018-05-09;"quarta-feira";"09:00:00";"RJ";40;85;"PETROPOLIS";"Velocidade Incompatível";"Capotamento";"Com Vítimas Feridas";"Pleno dia";"Decrescente";"Nevoeiro/Neblina";"Simples";"Curva";"Não";2;0;1;0;1;0;1;1;-22,551197;-43,225753;"SPRF-RJ";"DEL06-RJ";"UOP01-DEL06-RJ"
133010;2018-04-13;"sexta-feira";"04:15:00";"PB";230;175,3;"CAMPINA GRANDE";"Falta de Atenção à Condução";"Colisão com objeto estático";"Sem Vítimas";"Amanhecer";"Decrescente";"Chuva";"Simples";"Aclive";"Não";1;0;0;0;1;0;0;1;-7,17646;-36,02752;"SPRF-PB";"DEL02-PB";"UOP02-DEL02-PB"
133011;2018-05-06;"domingo";"02:30:00";"MG";116;416,4;"GOVERNADOR VALADARES";"Ingestão de Álcool";"Saída de leito carroçável";"Com Vítimas Feridas";"Plena Noite";"Decrescente";"Céu Claro";"Múltipla";"Reta";"Sim";1;0;0;1;0;0;1;1;-18,89268493;-41,94727063;"SPRF-MG";"DEL06-MG";"UOP01-DEL06-MG"
133013;2018-05-09;"quarta-feira";"10:22:00";"RJ";40;14;"TRES RIOS";"Sinalização da via insuficiente ou inadequada";"Colisão traseira";"Com Vítimas Feridas";"Pleno dia";"Crescente";"Sol";"Dupla";"Curva";"Não";3;0;1;0;2;0;1;3;-22,07396303;-43,19369048;"SPRF-RJ";"DEL06-RJ";"UOP02-DEL05-RJ"
133014;2018-05-09;"quarta-feira";"10:20:00";"MG";381;459;"BELO HORIZONTE";"Não guardar distância de segurança";"Colisão traseira";"Com Vítimas Feridas";"Pleno dia";"Crescente";"Céu Claro";"Dupla";"Reta";"Sim";2;0;1;0;1;0;1;2;-19,84915479;-43,88784564;"SPRF-MG";"DEL01-MG";"UOP01-DEL01-MG"
133015;2018-05-09;"quarta-feira";"10:50:00";"ES";259;0,5;"JOAO NEIVA";"Falta de Atenção à Condução";"Colisão traseira";"Com Vítimas Feridas";"Pleno dia";"Decrescente";"Nublado";"Simples";"Reta";"Sim";3;0;2;0;1;0;2;2;-19,74269187;-40,37741661;"SPRF-ES";"DEL02-ES";"UOP01-DEL02-ES"
133017;2018-05-09;"quarta-feira";"11:23:00";"MG";40;528,2;"CONTAGEM";"Não guardar distância de segurança";"Colisão traseira";"Com Vítimas Feridas";"Pleno dia";"Crescente";"Céu Claro";"Simples";"Reta";"Sim";2;0;1;0;1;0;1;2;-19,91027389;-44,0433231;"SPRF-MG";"DEL01-MG";"UOP03-DEL01-MG"
133019;2018-05-06;"domingo";"05:00:00";"RJ";101;460;"ANGRA DOS REIS";"Desobediência às normas de trânsito pelo condutor";"Colisão lateral";"Com Vítimas Feridas";"Plena Noite";"Crescente";"Céu Claro";"Simples";"Curva";"Não";1;0;0;1;0;0;1;1;-23,00959629;-44,21533585;"SPRF-RJ";"DEL03-RJ";"UOP03-DEL03-RJ"
133020;2018-05-09;"quarta-feira";"10:43:00";"RJ";101;326;"NITEROI";"Falta de Atenção à Condução";"Colisão traseira";"Com Vítimas Feridas";"Pleno dia";"Crescente";"Garoa/Chuvisco";"Múltipla";"Reta";"Sim";2;0;1;0;1;0;1;2;-22,87158848;-43,15172195;"SPRF-RJ";"DEL02-RJ";"UOP02-DEL02-RJ"
133021;2018-04-27;"sexta-feira";"21:30:00";"PB";101;84,4;"JOAO PESSOA";"Falta de Atenção à Condução";"Colisão traseira";"Com Vítimas Feridas";"Plena Noite";"Decrescente";"Chuva";"Dupla";"Reta";"Sim";3;0;0;1;0;2;1;3;-7,1483;-34,9131;"SPRF-PB";"DEL01-PB";"UOP01-DEL01-PB"
133022;2018-04-25;"quarta-feira";"06:10:00";"PI";316;9;"TERESINA";"Desobediência às normas de trânsito pelo condutor";"Colisão transversal";"Com Vítimas Feridas";"Pleno dia";"Decrescente";"Céu Claro";"Simples";"Interseção de Vias";"Sim";2;0;1;0;1;0;1;2;-5,17777688;-42,76499569;"SPRF-PI";"DEL01-PI";"UOP02-DEL01-PI"
133024;2018-05-09;"quarta-feira";"12:00:00";"ES";101;342,5;"GUARAPARI";"Avarias e/ou desgaste excessivo no pneu";"Saída de leito carroçável";"Com Vítimas Feridas";"Pleno dia";"Crescente";"Chuva";"Simples";"Reta";"Não";2;0;2;0;0;0;2;1;-20,65585595;-40,57933599;"SPRF-ES";"DEL03-ES";"UOP01-DEL03-ES"
133025;2018-05-09;"quarta-feira";"11:15:00";"CE";116;14,5;"FORTALEZA";"Velocidade Incompatível";"Colisão traseira";"Com Vítimas Feridas";"Pleno dia";"Crescente";"Nublado";"Múltipla";"Reta";"Sim";2;0;1;0;1;0;1;2;-3,882;-38,501;"SPRF-CE";"DEL01-CE";"UOP02-DEL01-CE"
133026;2018-05-09;"quarta-feira";"11:55:00";"MG";381;748;"TRES CORACOES";"Falta de Atenção à Condução";"Colisão com objeto estático";"Com Vítimas Feridas";"Pleno dia";"Decrescente";"Céu Claro";"Dupla";"Reta";"Não";2;0;1;1;0;0;2;1;-21,6349;-45,2815;"SPRF-MG";"DEL16-MG";"UOP02-DEL16-MG"
133028;2018-05-09;"quarta-feira";"11:30:00";"PI";343;194,8;"PIRIPIRI";"Defeito na Via";"Saída de leito carroçável";"Sem Vítimas";"Pleno dia";"Crescente";"Céu Claro";"Simples";"Reta";"Não";1;0;0;0;1;0;0;1;-4,35223095;-41,81138992;"SPRF-PI";"DEL02-PI";"UOP01-DEL02-PI"
133033;2018-05-09;"quarta-feira";"10:40:00";"RO";364;13,5;"VILHENA";"Mal Súbito";"Queda de ocupante de veículo";"Com Vítimas Feridas";"Pleno dia";"Decrescente";"Céu Claro";"Dupla";"Reta";"Sim";2;0;1;0;1;0;1;1;-12,7414;-60,130264;"SPRF-RO";"DEL04-RO";"UOP01-DEL04-RO"
133034;2018-04-28;"sábado";"14:00:00";"AC";317;126;"CAPIXABA";"Velocidade Incompatível";"Colisão traseira";"Sem Vítimas";"Pleno dia";"Crescente";"Chuva";"Simples";"Reta";"Não";5;0;0;0;5;0;0;4;-10,418697;-67,723274;"SPRF-AC";"DEL01-AC";"UOP01-DEL01-AC"
133036;2018-05-09;"quarta-feira";"13:25:00";"MG";116;667,5;"MIRADOURO";"Falta de Atenção à Condução";"Saída de leito carroçável";"Com Vítimas Feridas";"Pleno dia";"Decrescente";"Nublado";"Simples";"Curva";"Não";2;0;1;0;1;0;1;1;-20,83371804;-42,32213438;"SPRF-MG";"DEL07-MG";"UOP03-DEL07-MG"
133038;2018-04-10;"terça-feira";"10:50:00";"BA";116;682;"JEQUIE";"Condutor Dormindo";"Colisão lateral";"Com Vítimas Feridas";"Pleno dia";"Crescente";"Céu Claro";"Simples";"Reta";"Não";2;0;2;0;0;0;2;2;-13,91339621;-40,15271723;"SPRF-BA";"DEL03-BA";"UOP01-DEL03-BA"
133040;2018-05-09;"quarta-feira";"11:20:00";"SC";282;523,2;"XAXIM";"Não guardar distância de segurança";"Colisão traseira";"Com Vítimas Feridas";"Pleno dia";"Decrescente";"Sol";"Simples";"Reta";"Sim";2;0;1;0;1;0;1;2;-26,963129;-52,548851;"SPRF-SC";"DEL07-SC";"UOP01-DEL07-SC"
133042;2018-05-09;"quarta-feira";"12:50:00";"MG";116;116;"ITAOBIM";"Defeito Mecânico no Veículo";"Tombamento";"Com Vítimas Feridas";"Pleno dia";"Decrescente";"Nublado";"Simples";"Reta";"Sim";1;0;1;0;0;0;1;1;-16,581391;-41,5021988;"SPRF-MG";"DEL11-MG";"UOP02-DEL11-MG"
133043;2018-05-01;"terça-feira";"18:30:00";"PB";361;3,9;"PATOS";"Desobediência às normas de trânsito pelo condutor";"Colisão lateral";"Com Vítimas Feridas";"Plena Noite";"Crescente";"Nublado";"Simples";"Reta";"Sim";3;0;2;0;0;1;2;2;-7,018599;-37,26078;"SPRF-PB";"DEL03-PB";"UOP01-DEL03-PB"
133044;2018-05-09;"quarta-feira";"13:50:00";"MG";381;895;"CAMBUI";"Falta de Atenção à Condução";"Tombamento";"Com Vítimas Feridas";"Pleno dia";"Crescente";"Sol";"Dupla";"Reta";"Não";2;0;2;0;0;0;2;1;-22,58699021;-46,05024207;"SPRF-MG";"DEL16-MG";"UOP03-DEL16-MG"
133047;2018-05-09;"quarta-feira";"13:00:00";"RJ";393;289;"VOLTA REDONDA";"Desobediência às normas de trânsito pelo condutor";"Colisão transversal";"Com Vítimas Feridas";"Pleno dia";"Crescente";"Céu Claro";"Dupla";"Reta";"Sim";3;0;2;0;1;0;2;2;-22,51691288;-44,10873681;"SPRF-RJ";"DEL05-RJ";"UOP04-DEL05-RJ"
133048;2018-05-09;"quarta-feira";"14:25:00";"PE";232;395,1;"SERRA TALHADA";"Ingestão de Álcool";"Queda de ocupante de veículo";"Com Vítimas Feridas";"Pleno dia";"Decrescente";"Nublado";"Simples";"Reta";"Não";2;0;1;1;0;0;2;1;-8,010047;-38,242943;"SPRF-PE";"DEL04-PE";"UOP01-DEL04-PE"
133049;2018-04-19;"quinta-feira";"18:15:00";"PE";232;197,9;"SANHARO";"Falta de Atenção do Pedestre";"Atropelamento de Pedestre";"Com Vítimas Fatais";"Anoitecer";"Crescente";"Chuva";"Simples";"Reta";"Sim";2;1;0;0;1;0;0;2;-8,36924942;-36,58614367;"SPRF-PE";"DEL02-PE";"UOP03-DEL02-PE"
133050;2018-04-01;"domingo";"22:00:00";"RS";470;212;"BENTO GONCALVES";"Falta de Atenção à Condução";"Capotamento";"Sem Vítimas";"Plena Noite";"Crescente";"Chuva";"Simples";"Aclive;Curva";"Não";3;0;0;0;0;3;0;2;-29,15791418;-51,5316081;"SPRF-RS";"DEL06-RS";"UOP01-DEL06-RS"
133051;2018-05-09;"quarta-feira";"13:10:00";"SC";282;322,7;"CAMPOS NOVOS";"Falta de Atenção à Condução";"Saída de leito carroçável";"Com Vítimas Feridas";"Pleno dia";"Decrescente";"Nublado";"Simples";"Declive;Curva";"Não";2;0;1;1;0;0;2;1;-27,39386926;-51,05029106;"SPRF-SC";"DEL07-SC";"UOP06-DEL07-SC"
133052;2018-03-05;"segunda-feira";"08:20:00";"SP";116;154;"SAO JOSE DOS CAMPOS";"Desobediência às normas de trânsito pelo condutor";"Colisão com objeto estático";"Sem Vítimas";"Pleno dia";"Crescente";"Sol";"Múltipla";"Reta";"Não";1;0;0;0;1;0;0;1;-23,219809;-45,899918;"SPRF-SP";"DEL02-SP";"UOP01-DEL02-SP"
133053;2018-05-09;"quarta-feira";"14:35:00";"SC";280;55,6;"GUARAMIRIM";"Ultrapassagem Indevida";"Colisão transversal";"Com Vítimas Feridas";"Pleno dia";"Decrescente";"Nublado";"Simples";"Reta";"Sim";2;0;1;0;1;0;1;2;-26,47829443;-48,99902344;"SPRF-SC";"DEL03-SC";"UOP03-DEL03-SC"
133054;2018-05-09;"quarta-feira";"13:20:00";"CE";222;4,2;"CAUCAIA";"Velocidade Incompatível";"Colisão traseira";"Sem Vítimas";"Pleno dia";"Crescente";"Nublado";"Múltipla";"Reta";"Sim";3;0;0;0;3;0;0;3;-3,74189409;-38,60690117;"SPRF-CE";"DEL01-CE";"UOP01-DEL01-CE"
133055;2018-04-07;"sábado";"14:30:00";"MG";267;162,7;"LIMA DUARTE";"Falta de Atenção à Condução";"Colisão transversal";"Com Vítimas Feridas";"Pleno dia";"Crescente";"Céu Claro";"Simples";"Aclive;Reta";"Sim";4;0;2;1;1;0;3;2;-21,84777693;-43,79075289;"SPRF-MG";"DEL05-MG";"UOP01-DEL05-MG"
133056;2018-04-20;"sexta-feira";"18:45:00";"RS";392;705,6;"PORTO XAVIER";"Desobediência às normas de trânsito pelo condutor";"Colisão transversal";"Com Vítimas Feridas";"Anoitecer";"Decrescente";"Céu Claro";"Simples";"Curva";"Não";5;0;1;1;3;0;2;3;-28,028601;-55,102688;"SPRF-RS";"DEL10-RS";"UOP01-DEL10-RS"
133059;2018-05-09;"quarta-feira";"14:10:00";"RJ";354;25,8;"RESENDE";"Falta de Atenção à Condução";"Colisão transversal";"Com Vítimas Feridas";"Pleno dia";"Decrescente";"Céu Claro";"Simples";"Reta";"Sim";2;0;1;0;1;0;1;2;-22,49929;-44,678528;"SPRF-RJ";"DEL07-RJ";"DEL5/7-UOP03/RJ"
133060;2018-05-09;"quarta-feira";"14:30:00";"GO";60;428;"RIO VERDE";"Velocidade Incompatível";"Saída de leito carroçável";"Sem Vítimas";"Pleno dia";"Decrescente";"Céu Claro";"Dupla";"Reta";"Não";1;0;0;0;1;0;0;1;-17,8251953;-50,9619664;"SPRF-GO";"DEL04-GO";"UOP01-DEL04-GO"
133062;2018-05-09;"quarta-feira";"15:15:00";"SP";116;281;"EMBU DAS ARTES";"Defeito Mecânico no Veículo";"Tombamento";"Com Vítimas Feridas";"Pleno dia";"Decrescente";"Sol";"Dupla";"Reta";"Sim";1;0;1;0;0;0;1;1;-23,65116787;-46,84673309;"SPRF-SP";"DEL04-SP";"UOP01-DEL04-SP"
133064;2018-04-11;"quarta-feira";"13:30:00";"MT";158;747;"BARRA DO GARCAS";"Falta de Atenção à Condução";"Tombamento";"Com Vítimas Feridas";"Pleno dia";"Crescente";"Céu Claro";"Simples";"Reta";"Não";1;0;1;0;0;0;1;1;-15,61774655;-52,21801758;"SPRF-MT";"DEL07-MT";"UOP01-DEL07-MT"
133065;2018-05-09;"quarta-feira";"13:50:00";"SC";101;359,7;"SANGAO";"Condutor Dormindo";"Colisão com objeto estático";"Com Vítimas Feridas";"Pleno dia";"Decrescente";"Sol";"Dupla";"Reta";"Sim";1;0;1;0;0;0;1;1;-28,6532;-49,1067;"SPRF-SC";"DEL02-SC";"UOP01-DEL02-SC"
133066;2018-05-09;"quarta-feira";"15:00:00";"SC";282;3;"FLORIANOPOLIS";"Não guardar distância de segurança";"Colisão traseira";"Com Vítimas Feridas";"Pleno dia";"Decrescente";"Céu Claro";"Dupla";"Reta";"Sim";2;0;1;0;1;0;1;2;-27,600384;-48,599705;"SPRF-SC";"DEL01-SC";"UOP01-DEL01-SC"
133067;2018-05-09;"quarta-feira";"15:45:00";"DF";70;9,3;"BRASILIA";"Velocidade Incompatível";"Atropelamento de Pedestre";"Com Vítimas Fatais";"Pleno dia";"Crescente";"Céu Claro";"Dupla";"Reta";"Sim";2;1;1;0;0;0;1;2;-15,78532613;-48,13449383;"SPRF-DF";"DEL01-DF";"UOP02-DEL03-DF"
133069;2018-05-09;"quarta-feira";"15:50:00";"CE";116;4;"FORTALEZA";"Falta de Atenção à Condução";"Colisão transversal";"Com Vítimas Feridas";"Pleno dia";"Decrescente";"Céu Claro";"Dupla";"Reta";"Não";2;0;1;0;0;1;1;2;-3,7874676;-38,5107158;"SPRF-CE";"DEL01-CE";"UOP02-DEL01-CE"
133071;2018-05-09;"quarta-feira";"15:30:00";"CE";116;24;"AQUIRAZ";"Mal Súbito";"Colisão com objeto em movimento";"Com Vítimas Feridas";"Pleno dia";"Crescente";"Céu Claro";"Múltipla";"Reta";"Sim";2;0;1;0;1;0;1;2;-3,9579454;-38,51304531;"SPRF-CE";"DEL01-CE";"UOP02-DEL01-CE"
133074;2018-05-09;"quarta-feira";"16:30:00";"SP";381;22;"BRAGANCA PAULISTA";"Falta de Atenção à Condução";"Colisão lateral";"Com Vítimas Feridas";"Pleno dia";"Decrescente";"Céu Claro";"Múltipla";"Declive;Curva";"Não";2;0;1;0;1;0;1;2;-22,99544432;-46,51255399;"SPRF-SP";"DEL03-SP";"UOP02-DEL03-SP"
133075;2018-05-06;"domingo";"03:45:00";"MG";262;362;"JUATUBA";"Falta de Atenção à Condução";"Atropelamento de Pedestre";"Com Vítimas Feridas";"Plena Noite";"Crescente";"Céu Claro";"Dupla";"Reta";"Sim";2;0;0;1;1;0;1;2;-19,9723;-44,2986;"SPRF-MG";"DEL01-MG";"UOP03-DEL01-MG"
133076;2018-05-09;"quarta-feira";"13:00:00";"AP";156;423;"TARTARUGALZINHO";"Pista Escorregadia";"Saída de leito carroçável";"Sem Vítimas";"Pleno dia";"Decrescente";"Chuva";"Simples";"Reta";"Não";3;0;0;0;1;2;0;1;1,157;-51,033;"SPRF-AP";"DEL01-AP";"UOP02-DEL01-AP"
133077;2018-05-09;"quarta-feira";"17:35:00";"PR";376;6,5;"MANDAGUARI";"Falta de Atenção à Condução";"Colisão transversal";"Com Vítimas Feridas";"Anoitecer";"Decrescente";"Céu Claro";"Simples";"Reta";"Sim";3;0;1;1;1;0;2;3;-23,53609437;-51,67202711;"SPRF-PR";"DEL07-PR";"UOP01-DEL09-PR"
133078;2018-05-09;"quarta-feira";"17:45:00";"CE";222;12;"CAUCAIA";"Desobediência às normas de trânsito pelo condutor";"Colisão frontal";"Com Vítimas Feridas";"Anoitecer";"Crescente";"Chuva";"Simples";"Reta";"Sim";3;0;0;2;0;1;2;2;-3,76450479;-38,67026567;"SPRF-CE";"DEL01-CE";"UOP01-DEL01-CE"
133080;2018-05-09;"quarta-feira";"18:00:00";"PR";476;133;"CURITIBA";"Falta de Atenção à Condução";"Colisão lateral";"Com Vítimas Feridas";"Anoitecer";"Crescente";"Nublado";"Múltipla";"Reta";"Sim";2;0;1;0;0;1;1;2;-25,46950756;-49,25389767;"SPRF-PR";"DEL01-PR";"UOP07-DEL01-PR"
133081;2018-05-09;"quarta-feira";"16:45:00";"MG";40;488,4;"CAPIM BRANCO";"Não guardar distância de segurança";"Colisão lateral";"Com Vítimas Feridas";"Pleno dia";"Decrescente";"Nublado";"Dupla";"Curva";"Não";2;0;0;1;1;0;1;2;-19,6177869;-44,2136837;"SPRF-MG";"DEL02-MG";"UOP01-DEL02-MG"
133082;2018-05-09;"quarta-feira";"18:10:00";"SC";470;52,8;"BLUMENAU";"Desobediência às normas de trânsito pelo condutor";"Colisão transversal";"Com Vítimas Feridas";"Plena Noite";"Decrescente";"Nublado";"Simples";"Reta";"Sim";2;0;1;0;1;0;1;2;-26,86028485;-49,07917857;"SPRF-SC";"DEL04-SC";"UOP01-DEL04-SC"
133083;2018-05-09;"quarta-feira";"18:05:00";"GO";60;388,1;"RIO VERDE";"Velocidade Incompatível";"Colisão traseira";"Com Vítimas Feridas";"Anoitecer";"Decrescente";"Céu Claro";"Dupla";"Reta";"Sim";2;0;1;0;1;0;1;2;-17,8151;-50,9343;"SPRF-GO";"DEL04-GO";"UOP01-DEL04-GO"
133084;2018-05-09;"quarta-feira";"18:20:00";"RS";392;107,2;"CANGUCU";"Falta de Atenção do Pedestre";"Atropelamento de Pedestre";"Com Vítimas Fatais";"Plena Noite";"Decrescente";"Chuva";"Simples";"Reta";"Não";2;1;0;1;0;0;1;2;-31,486021;-52,618591;"SPRF-RS";"DEL07-RS";"UOP01-DEL07-RS"
133085;2018-05-06;"domingo";"05:30:00";"SC";101;336,8;"TUBARAO";"Condutor Dormindo";"Colisão com objeto estático";"Com Vítimas Feridas";"Plena Noite";"Decrescente";"Garoa/Chuvisco";"Dupla";"Curva";"Sim";2;0;1;0;1;0;1;1;-28,47852787;-49,03316796;"SPRF-SC";"DEL02-SC";"UOP01-DEL02-SC"
133086;2018-05-09;"quarta-feira";"18:00:00";"PR";277;3;"FOZ DO IGUACU";"Falta de Atenção à Condução";"Colisão lateral";"Com Vítimas Feridas";"Anoitecer";"Crescente";"Céu Claro";"Dupla";"Reta";"Sim";3;0;2;0;1;0;2;2;-25,46904686;-54,58485179;"SPRF-PR";"DEL05-PR";"UOP03-DEL05-PR"
133088;2018-05-09;"quarta-feira";"18:40:00";"BA";324;490;"SANTA BARBARA";"Ingestão de Álcool";"Colisão transversal";"Com Vítimas Feridas";"Plena Noite";"Crescente";"Céu Claro";"Simples";"Aclive";"Não";3;0;1;0;2;0;1;3;-12,04086;-39,00228;"SPRF-BA";"DEL02-BA";"UOP01-DEL02-BA"
133089;2018-05-09;"quarta-feira";"18:15:00";"SP";116;150;"SAO JOSE DOS CAMPOS";"Falta de Atenção à Condução";"Colisão frontal";"Com Vítimas Feridas";"Plena Noite";"Crescente";"Céu Claro";"Múltipla";"Reta";"Sim";2;0;0;1;1;0;1;2;-23,21448786;-45,89464366;"SPRF-SP";"DEL02-SP";"UOP01-DEL02-SP"
133090;2018-05-09;"quarta-feira";"17:30:00";"PR";376;510,4;"PONTA GROSSA";"Falta de Atenção à Condução";"Colisão traseira";"Com Vítimas Feridas";"Plena Noite";"Crescente";"Nublado";"Dupla";"Reta";"Não";2;0;1;0;0;1;1;2;-25,22012153;-50,05417509;"SPRF-PR";"DEL03-PR";"UOP04-DEL03-PR"
133091;2018-05-09;"quarta-feira";"18:00:00";"PE";101;97;"CABO DE SANTO AGOSTINHO";"Velocidade Incompatível";"Saída de leito carroçável";"Com Vítimas Feridas";"Plena Noite";"Decrescente";"Chuva";"Dupla";"Curva";"Não";1;0;1;0;0;0;1;1;-8,265425;-35,018148;"SPRF-PE";"DEL01-PE";"UOP03-DEL01-PE"
133092;2018-05-09;"quarta-feira";"16:00:00";"BA";418;76;"CARAVELAS";"Pista Escorregadia";"Capotamento";"Com Vítimas Feridas";"Pleno dia";"Crescente";"Chuva";"Simples";"Reta";"Não";2;0;2;0;0;0;2;1;-17,734264;-39,553185;"SPRF-BA";"DEL09-BA";"UOP02-DEL09-BA"