"id";"data_inversa";"dia_semana";"horario";"uf";"br";"km";"municipio";"causa_acidente";"tipo_acidente";"classificacao_acidente";"fase_dia";"sentido_via";"condicao_metereologica";"tipo_pista";"tracado_via";"uso_solo";"pessoas";"mortos";"feridos_leves";"feridos_graves";"ilesos";"ignorados";"feridos";"veiculos";"latitude";"longitude";"regional";"delegacia";"uop"
133377;2018-05-11;"sexta-feira";"07:20:00";"MG";381;630;"OLIVEIRA";"Falta de Atenção à Condução";"Colisão traseira";"Com Vítimas Feridas";"Pleno dia";"Decrescente";"Céu Claro";"Dupla";"Reta";"Não";2;0;2;0;0;0;2;1;-20,831;-44,8217;"SPRF-MG";"DEL04-MG";"UOP01-DEL04-MG"
133378;2018-05-11;"sexta-feira";"07:00:00";"ES";259;18;"JOAO NEIVA";"Não guardar distância de segurança";"Colisão traseira";"Sem Vítimas";"Pleno dia";"Decrescente";"Sol";"Simples";"Reta";"Não";2;0;0;0;2;0;0;2;-19,65708684;-40,42738616;"SPRF-ES";"DEL02-ES";"UOP01-DEL02-ES"
133379;2018-05-11;"sexta-feira";"07:00:00";"SC";101;205;"SAO JOSE";"Falta de Atenção à Condução";"Colisão traseira";"Com Vítimas Feridas";"Pleno dia";"Decrescente";"Céu Claro";"Múltipla";"Reta";"Sim";2;0;1;0;1;0;1;2;-27,592;-48,6181;"SPRF-SC";"DEL01-SC";"UOP01-DEL01-SC"
133380;2018-05-11;"sexta-feira";"07:20:00";"PR";153;42;"SANTO ANTONIO DA PLATINA";"Falta de Atenção à Condução";"Colisão transversal";"Com Vítimas Feridas";"Pleno dia";"Decrescente";"Céu Claro";"Simples";"Interseção de Vias";"Sim";3;0;2;0;1;0;2;2;-23,29719096;-50,0684076;"SPRF-PR";"DEL07-PR";"UOP04-DEL07-PR"
133382;2018-05-11;"sexta-feira";"07:30:00";"GO";153;501,2;"GOIANIA";"Não guardar distância de segurança";"Colisão traseira";"Com Vítimas Feridas";"Pleno dia";"Decrescente";"Céu Claro";"Múltipla";"Reta";"Sim";7;0;1;0;6;0;1;4;-16,72368337;-49,23997164;"SPRF-GO";"DEL01-GO";"UOP01-DEL01-GO"
133383;2018-05-11;"sexta-feira";"08:15:00";"PR";116;17,5;"CURITIBA";"Não guardar distância de segurança";"Engavetamento";"Sem Vítimas";"Pleno dia";"Decrescente";"Céu Claro";"Dupla";"Reta";"Sim";5;0;0;0;5;0;0;3;-25,38906631;-49,20005852;"SPRF-PR";"DEL01-PR";"UOP02-DEL01-PR"
133385;2018-05-11;"sexta-feira";"07:50:00";"PI";343;342;"TERESINA";"Falta de Atenção à Condução";"Colisão lateral";"Com Vítimas Feridas";"Pleno dia";"Crescente";"Céu Claro";"Simples";"Rotatória";"Sim";2;0;1;0;1;0;1;2;-5,08284;-42,750385;"SPRF-PI";"DEL01-PI";"UOP01-DEL01-PI"
133390;2018-05-11;"sexta-feira";"08:22:00";"PA";163;1004;"SANTAREM";"Desobediência às normas de trânsito pelo condutor";"Colisão transversal";"Com Vítimas Feridas";"Pleno dia";"Crescente";"Céu Claro";"Dupla";"Reta";"Sim";3;0;2;0;1;0;2;2;-2,4369959;-54,73310351;"SPRF-PA";"DEL05-PA";"UOP01-DEL05-PA"
133391;2018-05-11;"sexta-feira";"08:05:00";"SP";116;218;"GUARULHOS";"Falta de Atenção à Condução";"Colisão traseira";"Com Vítimas Feridas";"Pleno dia";"Crescente";"Sol";"Múltipla";"Reta";"Sim";3;0;2;0;1;0;2;2;-23,45820727;-46,48135185;"SPRF-SP";"DEL01-SP";"UOP01-DEL01-SP"
133394;2018-05-11;"sexta-feira";"06:30:00";"SC";470;59;"BLUMENAU";"Falta de Atenção à Condução";"Colisão transversal";"Com Vítimas Feridas";"Pleno dia";"Crescente";"Nublado";"Simples";"Rotatória";"Não";2;0;1;0;1;0;1;2;-26,88408077;-49,14677024;"SPRF-SC";"DEL04-SC";"UOP01-DEL04-SC"
133395;2018-05-11;"sexta-feira";"07:45:00";"PR";277;96,8;"CURITIBA";"Desobediência às normas de trânsito pelo condutor";"Colisão transversal";"Com Vítimas Feridas";"Amanhecer";"Decrescente";"Nublado";"Simples";"Reta";"Sim";5;0;1;0;4;0;1;2;-25,430795;-49,336859;"SPRF-PR";"DEL01-PR";"UOP06-DEL01-PR"
133396;2018-03-20;"terça-feira";"18:19:00";"RJ";101;310;"SAO GONCALO";"Falta de Atenção à Condução";"Colisão lateral";"Com Vítimas Feridas";"Plena Noite";"Decrescente";"Céu Claro";"Dupla";"Reta";"Sim";2;0;1;0;1;0;1;2;-22,790446;-43,0243382;"SPRF-RJ";"DEL02-RJ";"DEL5/2-UOP04/RJ"
133397;2018-05-11;"sexta-feira";"07:20:00";"BA";110;369;"CATU";"Ultrapassagem Indevida";"Colisão lateral";"Com Vítimas Feridas";"Pleno dia";"Crescente";"Céu Claro";"Simples";"Reta";"Sim";2;0;0;1;1;0;1;2;-12,3789913;-38,383642;"SPRF-BA";"DEL01-BA";"UOP04-DEL01-BA"
133399;2018-05-11;"sexta-feira";"08:00:00";"PA";10;22;"DOM ELISEU";"Desobediência às normas de trânsito pelo condutor";"Saída de leito carroçável";"Sem Vítimas";"Pleno dia";"Crescente";"Céu Claro";"Simples";"Curva";"Não";1;0;0;0;0;1;0;1;-4,25055132;-47,56118774;"SPRF-PA";"DEL02-PA";"UOP02-DEL02-PA"
133400;2018-05-11;"sexta-feira";"08:40:00";"RJ";356;65;"ITALVA";"Desobediência às normas de trânsito pelo condutor";"Colisão frontal";"Com Vítimas Fatais";"Pleno dia";"Crescente";"Céu Claro";"Simples";"Curva";"Não";2;1;0;0;1;0;0;2;-21,349068;-41,713776;"SPRF-RJ";"DEL08-RJ";"UOP03-DEL08-RJ"
133402;2018-05-10;"quinta-feira";"22:00:00";"BA";116;231;"EUCLIDES DA CUNHA";"Falta de Atenção à Condução";"Saída de leito carroçável";"Com Vítimas Fatais";"Plena Noite";"Decrescente";"Céu Claro";"Simples";"Reta";"Não";1;1;0;0;0;0;0;1;-10,6197169;-38,9656949;"SPRF-BA";"DEL07-BA";"UOP02-DEL07-BA"
133403;2018-05-11;"sexta-feira";"08:50:00";"PR";277;584,5;"CASCAVEL";"Não guardar distância de segurança";"Engavetamento";"Sem Vítimas";"Pleno dia";"Crescente";"Chuva";"Simples";"Interseção de Vias";"Sim";4;0;0;0;4;0;0;4;-24,96462285;-53,40563536;"SPRF-PR";"DEL04-PR";"UOP01-DEL04-PR"
133404;2018-05-11;"sexta-feira";"08:46:00";"RJ";116;173;"MESQUITA";"Falta de Atenção à Condução";"Colisão lateral";"Com Vítimas Feridas";"Pleno dia";"Decrescente";"Céu Claro";"Múltipla";"Reta";"Não";2;0;1;0;1;0;1;2;-22,798059;-43,357342;"SPRF-RJ";"DEL01-RJ";"UOP02-DEL01-RJ"
133405;2018-05-11;"sexta-feira";"09:30:00";"PE";101;3,2;"GOIANA";"Pista Escorregadia";"Saída de leito carroçável";"Com Vítimas Feridas";"Pleno dia";"Crescente";"Chuva";"Dupla";"Curva";"Não";1;0;1;0;0;0;1;1;-7,52654558;-34,99229738;"SPRF-PE";"DEL01-PE";"UOP02-DEL01-PE"
133406;2018-05-11;"sexta-feira";"08:50:00";"PE";423;95,8;"GARANHUNS";"Falta de Atenção à Condução";"Colisão transversal";"Com Vítimas Feridas";"Pleno dia";"Decrescente";"Céu Claro";"Simples";"Interseção de Vias";"Sim";3;0;2;0;1;0;2;2;-8,87937937;-36,48558229;"SPRF-PE";"DEL03-PE";"UOP01-DEL03-PE"
133408;2018-05-11;"sexta-feira";"09:20:00";"GO";50;96;"CRISTALINA";"Falta de Atenção à Condução";"Colisão transversal";"Com Vítimas Feridas";"Pleno dia";"Crescente";"Céu Claro";"Simples";"Reta";"Sim";3;0;0;1;2;0;1;3;-16,75573881;-47,60644197;"SPRF-DF";"DEL01-DF";"UOP02-DEL01-DF"
133409;2018-05-07;"segunda-feira";"11:55:00";"RO";364;14;"VILHENA";"Falta de Atenção à Condução";"Queda de ocupante de veículo";"Com Vítimas Feridas";"Pleno dia";"Crescente";"Céu Claro";"Simples";"Reta";"Não";2;0;1;0;1;0;1;1;-12,738981;-60,139114;"SPRF-RO";"DEL04-RO";"UOP01-DEL04-RO"
133411;2018-05-02;"quarta-feira";"07:16:00";"PR";369;90,3;"CORNELIO PROCOPIO";"Falta de Atenção à Condução";"Colisão lateral";"Com Vítimas Feridas";"Pleno dia";"Decrescente";"Ignorado";"Dupla";"Reta";"Sim";2;0;1;0;1;0;1;2;-23,19431848;-50,65151811;"SPRF-PR";"DEL07-PR";"UOP05-DEL07-PR"
133413;2018-05-11;"sexta-feira";"09:00:00";"BA";242;592;"MUQUEM DE SAO FRANCISCO";"Falta de Atenção à Condução";"Saída de leito carroçável";"Com Vítimas Feridas";"Pleno dia";"Crescente";"Sol";"Simples";"Reta";"Não";2;0;1;0;1;0;1;1;-12,16872909;-43,27051163;"SPRF-BA";"DEL10-BA";"UOP03-DEL06-BA"
133414;2018-05-04;"sexta-feira";"19:20:00";"MG";365;642;"UBERLANDIA";"Animais na Pista";"Atropelamento de Animal";"Com Vítimas Feridas";"Pleno dia";"Crescente";"Céu Claro";"Dupla";"Declive";"Não";3;0;1;0;2;0;1;3;-18,8901;-48,4364;"SPRF-MG";"DEL15-MG";"UOP01-DEL15-MG"
133416;2018-04-27;"sexta-feira";"11:10:00";"PI";343;3,9;"TERESINA";"Desobediência às normas de trânsito pelo condutor";"Engavetamento";"Com Vítimas Feridas";"Pleno dia";"Crescente";"Céu Claro";"Dupla";"Reta";"Sim";4;0;1;0;3;0;1;3;-5,08037153;-42,78485443;"SPRF-PI";"DEL05-PI";"UOP01-DEL05-PI"
133418;2018-05-11;"sexta-feira";"10:20:00";"ES";101;20;"CONCEICAO DA BARRA";"Agressão Externa";"Saída de leito carroçável";"Com Vítimas Feridas";"Pleno dia";"Crescente";"Céu Claro";"Simples";"Curva";"Não";2;0;1;0;1;0;1;1;-18,32564;-39,958439;"SPRF-ES";"DEL04-ES";"UOP02-DEL04-ES"
133419;2018-05-11;"sexta-feira";"10:30:00";"PR";476;142;"CURITIBA";"Desobediência às normas de trânsito pelo condutor";"Colisão transversal";"Com Vítimas Feridas";"Pleno dia";"Crescente";"Céu Claro";"Dupla";"Interseção de Vias";"Sim";2;0;1;0;1;0;1;2;-25,537161;-49,301632;"SPRF-PR";"DEL01-PR";"UOP07-DEL01-PR"
133420;2018-05-11;"sexta-feira";"09:20:00";"SP";116;131,2;"CACAPAVA";"Avarias e/ou desgaste excessivo no pneu";"Tombamento";"Com Vítimas Feridas";"Pleno dia";"Decrescente";"Céu Claro";"Dupla";"Reta";"Não";1;0;1;0;0;0;1;1;-23,127428;-45,736378;"SPRF-SP";"DEL06-SP";"UOP02-DEL02-SP"
133421;2018-05-11;"sexta-feira";"10:25:00";"PI";343;3;"TERESINA";"Falta de Atenção à Condução";"Engavetamento";"Sem Vítimas";"Pleno dia";"Crescente";"Céu Claro";"Múltipla";"Reta";"Sim";3;0;0;0;3;0;0;3;-5,089569;-42,802288;"SPRF-PI";"DEL01-PI";"UOP01-DEL01-PI"
133422;2018-05-11;"sexta-feira";"10:20:00";"RS";116;250;"SAO LEOPOLDO";"Velocidade Incompatível";"Colisão com objeto estático";"Com Vítimas Feridas";"Pleno dia";"Crescente";"Nublado";"Dupla";"Curva";"Sim";2;0;2;0;0;0;2;1;-29,78888731;-51,16236448;"SPRF-RS";"DEL01-RS";"UOP02-DEL01-RS"
133424;2018-05-11;"sexta-feira";"07:25:00";"SC";282;464;"PONTE SERRADA";"Falta de Atenção à Condução";"Colisão lateral";"Com Vítimas Feridas";"Pleno dia";"Decrescente";"Nublado";"Simples";"Reta";"Sim";2;0;1;0;1;0;1;2;-26,85556609;-52,05827594;"SPRF-SC";"DEL07-SC";"UOP04-DEL07-SC"
133426;2018-05-11;"sexta-feira";"05:30:00";"MT";70;227,8;"POXOREO";"Condutor Dormindo";"Saída de leito carroçável";"Sem Vítimas";"Amanhecer";"Decrescente";"Céu Claro";"Simples";"Reta";"Não";1;0;0;0;1;0;0;1;-15,65346881;-53,92767102;"SPRF-MT";"DEL05-MT";"UOP01-DEL05-MT"
133427;2018-05-11;"sexta-feira";"10:55:00";"PI";316;9;"TERESINA";"Não guardar distância de segurança";"Colisão traseira";"Com Vítimas Feridas";"Pleno dia";"Decrescente";"Céu Claro";"Simples";"Reta";"Não";2;0;1;0;1;0;1;2;-5,0446853;-42,7662325;"SPRF-PI";"DEL01-PI";"UOP02-DEL01-PI"
133432;2018-05-11;"sexta-feira";"12:10:00";"BA";324;620;"SALVADOR";"Velocidade Incompatível";"Capotamento";"Com Vítimas Feridas";"Pleno dia";"Decrescente";"Chuva";"Dupla";"Reta";"Sim";1;0;1;0;0;0;1;1;-12,91359043;-38,45998383;"SPRF-BA";"DEL01-BA";"UOP01-DEL01-BA"
133433;2018-05-11;"sexta-feira";"11:30:00";"PA";316;23,6;"BENEVIDES";"Desobediência às normas de trânsito pelo condutor";"Colisão transversal";"Com Vítimas Feridas";"Pleno dia";"Decrescente";"Céu Claro";"Dupla";"Curva";"Não";3;0;1;0;2;0;1;2;-1,34077729;-48,24485868;"SPRF-PA";"DEL01-PA";"DEL19/1-UOP05/PA"
133435;2018-05-11;"sexta-feira";"12:10:00";"PR";369;142,8;"IBIPORA";"Falta de Atenção à Condução";"Colisão transversal";"Com Vítimas Feridas";"Pleno dia";"Decrescente";"Céu Claro";"Simples";"Declive";"Sim";3;0;1;1;1;0;2;2;-23,29090392;-51,08521678;"SPRF-PR";"DEL07-PR";"UOP01-DEL07-PR"
133437;2018-05-11;"sexta-feira";"12:50:00";"RN";405;1,8;"MOSSORO";"Falta de Atenção à Condução";"Colisão traseira";"Com Vítimas Feridas";"Pleno dia";"Crescente";"Sol";"Dupla";"Interseção de Vias";"Sim";2;0;1;0;1;0;1;2;-5,192417;-37,36953;"SPRF-RN";"DEL04-RN";"UOP02-DEL04-RN"
133440;2018-05-11;"sexta-feira";"12:50:00";"AL";316;271;"SATUBA";"Falta de Atenção à Condução";"Colisão lateral";"Com Vítimas Feridas";"Pleno dia";"Decrescente";"Céu Claro";"Simples";"Reta";"Não";2;0;1;0;1;0;1;2;-9,567017;-35,807751;"SPRF-AL";"DEL02-AL";"UOP01-DEL02-AL"
133441;2018-05-11;"sexta-feira";"12:45:00";"MG";40;618,3;"CONGONHAS";"Falta de Atenção do Pedestre";"Colisão traseira";"Com Vítimas Feridas";"Pleno dia";"Crescente";"Céu Claro";"Simples";"Reta";"Sim";3;0;2;0;1;0;2;2;-20,5715;-43,8116;"SPRF-MG";"DEL05-MG";"UOP02-DEL05-MG"
133442;2018-05-11;"sexta-feira";"11:10:00";"RJ";101;322;"NITEROI";"Falta de Atenção à Condução";"Atropelamento de Pedestre";"Com Vítimas Fatais";"Pleno dia";"Crescente";"Céu Claro";"Dupla";"Reta";"Sim";6;1;3;0;1;1;3;3;-22,878923;-43,110676;"SPRF-RJ";"DEL02-RJ";"UOP02-DEL02-RJ"
133443;2018-05-11;"sexta-feira";"12:50:00";"PE";101;48,5;"ABREU E LIMA";"Falta de Atenção à Condução";"Colisão traseira";"Com Vítimas Feridas";"Pleno dia";"Crescente";"Sol";"Múltipla";"Reta";"Sim";2;0;1;0;1;0;1;2;-7,893724;-34,903396;"SPRF-PE";"DEL01-PE";"UOP02-DEL01-PE"
133444;2018-05-11;"sexta-feira";"11:50:00";"CE";20;377,2;"CAUCAIA";"Ultrapassagem Indevida";"Colisão frontal";"Com Vítimas Fatais";"Pleno dia";"Crescente";"Céu Claro";"Simples";"Reta";"Não";5;1;2;0;2;0;2;3;-3,934917;-38,863494;"SPRF-CE";"DEL01-CE";"UOP01-DEL01-CE"
133448;2018-05-11;"sexta-feira";"13:30:00";"SP";116;219;"GUARULHOS";"Pista Escorregadia";"Tombamento";"Com Vítimas Feridas";"Pleno dia";"Crescente";"Céu Claro";"Múltipla";"Curva";"Não";1;0;1;0;0;0;1;1;-23,45925053;-46,48892641;"SPRF-SP";"DEL01-SP";"UOP01-DEL01-SP"
133449;2018-05-11;"sexta-feira";"13:10:00";"MG";381;776,2;"CAMPANHA";"Condutor Dormindo";"Saída de leito carroçável";"Com Vítimas Feridas";"Pleno dia";"Decrescente";"Céu Claro";"Dupla";"Curva";"Não";1;0;1;0;0;0;1;1;-21,79658238;-45,45470861;"SPRF-MG";"DEL16-MG";"UOP02-DEL16-MG"
133451;2018-04-21;"sábado";"18:00:00";"MS";163;420,1;"CAMPO GRANDE";"Falta de Atenção do Pedestre";"Atropelamento de Pedestre";"Com Vítimas Feridas";"Plena Noite";"Crescente";"Céu Claro";"Simples";"Reta";"Sim";2;0;0;1;1;0;1;2;-20,99049;-54,50625;"SPRF-MS";"DEL01-MS";"UOP01-DEL01-MS"
133452;2018-05-11;"sexta-feira";"13:40:00";"PI";316;14;"TERESINA";"Objeto estático sobre o leito carroçável";"Saída de leito carroçável";"Com Vítimas Feridas";"Pleno dia";"Decrescente";"Sol";"Simples";"Declive";"Não";3;0;2;0;1;0;2;2;-5,22282475;-42,75125442;"SPRF-PI";"DEL01-PI";"UOP02-DEL01-PI"
133453;2018-05-11;"sexta-feira";"13:10:00";"MT";163;755;"SORRISO";"Falta de Atenção à Condução";"Tombamento";"Com Vítimas Feridas";"Pleno dia";"Decrescente";"Céu Claro";"Dupla";"Curva";"Não";1;0;1;0;0;0;1;1;-12,51099506;-55,69450378;"SPRF-MT";"DEL06-MT";"UOP01-DEL06-MT"
133454;2018-05-11;"sexta-feira";"09:30:00";"RO";174;14;"VILHENA";"Falta de Atenção à Condução";"Colisão lateral";"Com Vítimas Feridas";"Pleno dia";"Crescente";"Céu Claro";"Dupla";"Interseção de Vias";"Sim";2;0;1;0;1;0;1;2;-12,73619355;-60,13066292;"SPRF-RO";"DEL04-RO";"UOP01-DEL04-RO"
133455;2018-05-11;"sexta-feira";"13:26:00";"ES";101;377,2;"ICONHA";"Desobediência às normas de trânsito pelo condutor";"Colisão transversal";"Com Vítimas Feridas";"Pleno dia";"Decrescente";"Sol";"Dupla";"Reta";"Sim";2;0;1;0;1;0;1;2;-20,79358064;-40,80962241;"SPRF-ES";"DEL03-ES";"UOP01-DEL03-ES"
133458;2018-05-11;"sexta-feira";"13:02:00";"RO";364;346;"JI-PARANA";"Falta de Atenção à Condução";"Colisão lateral";"Com Vítimas Feridas";"Pleno dia";"Crescente";"Céu Claro";"Múltipla";"Reta";"Sim";2;0;1;0;1;0;1;2;-10,865874;-61,968647;"SPRF-RO";"DEL02-RO";"UOP01-DEL02-RO"
133460;2018-05-11;"sexta-feira";"13:20:00";"SC";101;301;"LAGUNA";"Não guardar distância de segurança";"Tombamento";"Com Vítimas Feridas";"Pleno dia";"Decrescente";"Céu Claro";"Dupla";"Reta";"Não";1;0;0;1;0;0;1;1;-28,3714;-48,7591;"SPRF-SC";"DEL02-SC";"UOP03-DEL02-SC"
133462;2018-05-11;"sexta-feira";"14:30:00";"PE";408;101,7;"SAO LOURENCO DA MATA";"Condutor Dormindo";"Capotamento";"Com Vítimas Feridas";"Pleno dia";"Decrescente";"Chuva";"Dupla";"Reta";"Não";3;0;2;1;0;0;3;1;-8,056528;-34,996948;"SPRF-PE";"DEL01-PE";"UOP01-DEL01-PE"
133463;2018-05-11;"sexta-feira";"14:30:00";"PR";376;178,6;"MARINGA";"Defeito Mecânico no Veículo";"Colisão traseira";"Com Vítimas Feridas";"Pleno dia";"Decrescente";"Céu Claro";"Dupla";"Reta";"Sim";2;0;1;0;1;0;1;2;-23,41660799;-51,9204855;"SPRF-PR";"DEL07-PR";"UOP01-DEL09-PR"
133464;2018-05-10;"quinta-feira";"17:00:00";"BA";415;60,1;"ITABUNA";"Velocidade Incompatível";"Saída de leito carroçável";"Com Vítimas Feridas";"Plena Noite";"Decrescente";"Céu Claro";"Simples";"Curva";"Não";2;0;2;0;0;0;2;1;-14,855909;-39,394706;"SPRF-BA";"DEL05-BA";"UOP01-DEL05-BA"
133465;2018-05-11;"sexta-feira";"14:25:00";"ES";101;358;"ANCHIETA";"Falta de Atenção à Condução";"Colisão traseira";"Com Vítimas Feridas";"Pleno dia";"Crescente";"Céu Claro";"Múltipla";"Aclive";"Não";2;0;0;1;1;0;1;2;-20,69051717;-40,70163667;"SPRF-ES";"DEL03-ES";"UOP01-DEL03-ES"
133467;2018-05-11;"sexta-feira";"11:30:00";"MA";316;261,1;"SANTA INES";"Falta de Atenção à Condução";"Colisão transversal";"Com Vítimas Feridas";"Pleno dia";"Crescente";"Céu Claro";"Simples";"Curva";"Sim";2;0;1;0;1;0;1;2;-3,672899;-45,393707;"SPRF-MA";"DEL02-MA";"UI04-DEL02-MA"
133468;2018-05-11;"sexta-feira";"14:35:00";"RS";116;245,7;"SAO LEOPOLDO";"Falta de Atenção à Condução";"Engavetamento";"Com Vítimas Feridas";"Pleno dia";"Decrescente";"Chuva";"Dupla";"Reta";"Não";4;0;1;0;3;0;1;3;-29,7559425;-51,1525263;"SPRF-RS";"DEL01-RS";"UOP02-DEL01-RS"
133473;2018-05-11;"sexta-feira";"11:00:00";"RO";364;706;"PORTO VELHO";"Velocidade Incompatível";"Colisão traseira";"Com Vítimas Feridas";"Pleno dia";"Decrescente";"Céu Claro";"Dupla";"Reta";"Não";5;0;1;0;1;3;1;3;-8,8004626;-63,82212818;"SPRF-RO";"DEL01-RO";"UOP01-DEL01-RO"
133477;2018-05-11;"sexta-feira";"15:45:00";"PR";277;729,4;"FOZ DO IGUACU";"Animais na Pista";"Saída de leito carroçável";"Com Vítimas Feridas";"Pleno dia";"Crescente";"Céu Claro";"Dupla";"Reta";"Sim";2;0;1;0;1;0;1;2;-25,4834548;-54,58250284;"SPRF-PR";"DEL05-PR";"UOP03-DEL05-PR"
133481;2018-05-11;"sexta-feira";"15:37:00";"RJ";116;176;"RIO DE JANEIRO";"Falta de Atenção à Condução";"Queda de ocupante de veículo";"Com Vítimas Feridas";"Pleno dia";"Crescente";"Céu Claro";"Dupla";"Reta";"Sim";1;0;1;0;0;0;1;1;-22,82001689;-43,34140778;"SPRF-RJ";"DEL01-RJ";"UOP02-DEL01-RJ"
133482;2018-05-11;"sexta-feira";"16:10:00";"MG";381;827,2;"SAO SEBASTIAO DA BELA VISTA";"Condutor Dormindo";"Saída de leito carroçável";"Com Vítimas Feridas";"Pleno dia";"Decrescente";"Céu Claro";"Dupla";"Curva";"Não";5;0;3;0;2;0;3;1;-22,10893111;-45,74205995;"SPRF-MG";"DEL16-MG";"UOP01-DEL16-MG"
133484;2018-05-11;"sexta-feira";"16:00:00";"ES";262;6,9;"CARIACICA";"Desobediência às normas de trânsito pelo condutor";"Colisão transversal";"Com Vítimas Feridas";"Pleno dia";"Decrescente";"Céu Claro";"Simples";"Viaduto";"Sim";2;0;1;0;1;0;1;2;-20,3431875;-40,4032614;"SPRF-ES";"DEL01-ES";"UOP01-DEL01-ES"
133486;2018-05-11;"sexta-feira";"15:30:00";"SP";116;116,5;"TAUBATE";"Falta de Atenção à Condução";"Colisão traseira";"Com Vítimas Feridas";"Pleno dia";"Decrescente";"Sol";"Dupla";"Reta";"Não";2;0;1;0;1;0;1;2;-23,053757;-45,608791;"SPRF-SP";"DEL06-SP";"UOP02-DEL02-SP"
133487;2018-05-11;"sexta-feira";"16:18:00";"PE";101;72;"RECIFE";"Ingestão de Álcool";"Colisão com objeto estático";"Sem Vítimas";"Pleno dia";"Decrescente";"Céu Claro";"Dupla";"Reta";"Sim";1;0;0;0;1;0;0;1;-8,08891428;-34,9467535;"SPRF-PE";"DEL01-PE";"UOP01-DEL01-PE"
133490;2018-05-11;"sexta-feira";"14:43:00";"RJ";101;306;"SAO GONCALO";"Falta de Atenção à Condução";"Colisão traseira";"Com Vítimas Feridas";"Pleno dia";"Crescente";"Sol";"Dupla";"Reta";"Sim";3;0;2;0;1;0;2;2;-22,79169167;-43,00443649;"SPRF-RJ";"DEL02-RJ";"DEL5/2-UOP04/RJ"
133492;2018-05-11;"sexta-feira";"17:00:00";"MG";381;487,9;"BETIM";"Falta de Atenção à Condução";"Colisão traseira";"Com Vítimas Feridas";"Pleno dia";"Crescente";"Sol";"Dupla";"Reta";"Sim";2;0;2;0;0;0;2;2;-19,9572;-44,1243;"SPRF-MG";"DEL01-MG";"UOP03-DEL01-MG"
133495;2018-05-11;"sexta-feira";"12:28:00";"RJ";101;331;"RIO DE JANEIRO";"Defeito Mecânico no Veículo";"Tombamento";"Com Vítimas Feridas";"Pleno dia";"Decrescente";"Céu Claro";"Múltipla";"Reta";"Não";2;0;2;0;0;0;2;1;-22,87521545;-43,12650723;"SPRF-RJ";"DEL02-RJ";"UOP02-DEL02-RJ"
133497;2018-05-11;"sexta-feira";"17:00:00";"SP";116;227;"GUARULHOS";"Desobediência às normas de trânsito pelo condutor";"Colisão traseira";"Com Vítimas Feridas";"Pleno dia";"Decrescente";"Céu Claro";"Múltipla";"Reta";"Sim";2;0;1;0;1;0;1;2;-23,49937038;-46,56085968;"SPRF-SP";"DEL01-SP";"UOP01-DEL01-SP"
133500;2018-05-11;"sexta-feira";"17:40:00";"ES";262;104;"VENDA NOVA DO IMIGRANTE";"Ingestão de Álcool";"Colisão traseira";"Sem Vítimas";"Anoitecer";"Crescente";"Nublado";"Simples";"Rotatória";"Sim";2;0;0;0;2;0;0;2;-20,33287128;-41,12957239;"SPRF-ES";"DEL01-ES";"UOP02-DEL01-ES"
133502;2018-05-11;"sexta-feira";"16:30:00";"MT";163;772;"SORRISO";"Defeito Mecânico no Veículo";"Queda de ocupante de veículo";"Com Vítimas Feridas";"Pleno dia";"Decrescente";"Sol";"Simples";"Reta";"Não";2;0;2;0;0;0;2;1;-12,39887726;-55,62140822;"SPRF-MT";"DEL06-MT";"UOP01-DEL06-MT"
133503;2018-05-11;"sexta-feira";"17:20:00";"ES";101;253,9;"SERRA";"Desobediência às normas de trânsito pelo condutor";"Colisão transversal";"Com Vítimas Feridas";"Anoitecer";"Crescente";"Céu Claro";"Simples";"Reta";"Sim";3;0;1;0;2;0;1;2;-20,11300392;-40,3248024;"SPRF-ES";"DEL02-ES";"UOP01-DEL02-ES"
133505;2018-05-11;"sexta-feira";"17:45:00";"DF";70;2;"BRASILIA";"Falta de Atenção à Condução";"Colisão lateral";"Com Vítimas Feridas";"Anoitecer";"Crescente";"Céu Claro";"Dupla";"Reta";"Sim";2;0;1;0;1;0;1;2;-15,79788;-48,07283521;"SPRF-DF";"DEL01-DF";"UOP02-DEL03-DF"
133508;2018-05-11;"sexta-feira";"17:25:00";"MT";70;3;"BARRA DO GARCAS";"Restrição de Visibilidade";"Colisão traseira";"Com Vítimas Feridas";"Anoitecer";"Crescente";"Sol";"Dupla";"Aclive";"Sim";2;0;0;1;1;0;1;2;-15,87953341;-52,28050232;"SPRF-MT";"DEL07-MT";"UOP01-DEL07-MT"
133509;2018-05-11;"sexta-feira";"17:55:00";"ES";101;147,9;"LINHARES";"Não guardar distância de segurança";"Colisão traseira";"Com Vítimas Feridas";"Plena Noite";"Decrescente";"Nublado";"Múltipla";"Reta";"Sim";2;0;1;0;0;1;1;2;-19,39228676;-40,06683826;"SPRF-ES";"DEL04-ES";"UOP01-DEL04-ES"
133510;2018-05-11;"sexta-feira";"18:15:00";"SC";280;27,1;"ARAQUARI";"Falta de Atenção do Pedestre";"Atropelamento de Pedestre";"Com Vítimas Feridas";"Plena Noite";"Crescente";"Nublado";"Simples";"Reta";"Sim";3;0;3;0;0;0;3;2;-26,398182;-48,741092;"SPRF-SC";"DEL03-SC";"UOP03-DEL03-SC"