"id";"data_inversa";"dia_semana";"horario";"uf";"br";"km";"municipio";"causa_acidente";"tipo_acidente";"classificacao_acidente";"fase_dia";"sentido_via";"condicao_metereologica";"tipo_pista";"tracado_via";"uso_solo";"pessoas";"mortos";"feridos_leves";"feridos_graves";"ilesos";"ignorados";"feridos";"veiculos";"latitude";"longitude";"regional";"delegacia";"uop"
133757;2018-05-12;"sábado";"20:10:00";"DF";20;16,8;"BRASILIA";"Ingestão de Álcool";"Colisão traseira";"Sem Vítimas";"Plena Noite";"Crescente";"Céu Claro";"Dupla";"Declive";"Sim";2;0;0;0;2;0;0;2;-15,62222057;-47,71867541;"SPRF-DF";"DEL02-DF";"UOP01-DEL02-DF"
133758;2018-05-12;"sábado";"10:45:00";"AL";316;254,8;"PILAR";"Falta de Atenção à Condução";"Colisão transversal";"Com Vítimas Feridas";"Pleno dia";"Decrescente";"Céu Claro";"Simples";"Reta";"Sim";2;0;0;1;1;0;1;2;-9,59067899;-35,95001221;"SPRF-AL";"DEL02-AL";"UOP01-DEL02-AL"
133760;2018-05-12;"sábado";"18:55:00";"PR";277;724;"FOZ DO IGUACU";"Desobediência às normas de trânsito pelo condutor";"Colisão traseira";"Com Vítimas Feridas";"Plena Noite";"Decrescente";"Céu Claro";"Dupla";"Reta";"Sim";3;0;1;0;0;2;1;2;-25,502563;-54,538681;"SPRF-PR";"DEL05-PR";"UOP01-DEL05-PR"
133761;2018-05-12;"sábado";"17:30:00";"AC";364;208;"BUJARI";"Defeito na Via";"Saída de leito carroçável";"Com Vítimas Feridas";"Anoitecer";"Decrescente";"Céu Claro";"Simples";"Reta";"Não";3;0;3;0;0;0;3;1;-9,536879;-68,312958;"SPRF-AC";"DEL01-AC";"UOP01-DEL01-AC"
133764;2018-05-12;"sábado";"12:45:00";"PR";376;431,5;"TIBAGI";"Falta de Atenção à Condução";"Colisão transversal";"Com Vítimas Feridas";"Pleno dia";"Crescente";"Céu Claro";"Simples";"Curva;Desvio Temporário;Aclive;Interseção de Vias;Em Obras";"Sim";3;0;1;0;2;0;1;2;-24,747832;-50,536634;"SPRF-PR";"DEL03-PR";"UOP02-DEL03-PR"
133765;2018-05-12;"sábado";"20:05:00";"SC";282;216;"LAGES";"Desobediência às normas de trânsito pelo condutor";"Colisão traseira";"Com Vítimas Feridas";"Plena Noite";"Crescente";"Céu Claro";"Simples";"Rotatória";"Sim";3;0;1;0;1;1;1;2;-27,7694299;-50,1778605;"SPRF-SC";"DEL05-SC";"UOP01-DEL05-SC"
133767;2018-05-12;"sábado";"20:25:00";"RS";392;58,5;"RIO GRANDE";"Defeito Mecânico no Veículo";"Saída de leito carroçável";"Com Vítimas Feridas";"Plena Noite";"Crescente";"Céu Claro";"Dupla";"Reta";"Não";4;0;4;0;0;0;4;1;-31,805115;-52,327728;"SPRF-RS";"DEL07-RS";"UOP02-DEL07-RS"
133769;2018-05-12;"sábado";"12:55:00";"AL";104;27,1;"UNIAO DOS PALMARES";"Defeito Mecânico no Veículo";"Queda de ocupante de veículo";"Com Vítimas Feridas";"Pleno dia";"Crescente";"Céu Claro";"Simples";"Curva";"Não";2;0;2;0;0;0;2;1;-9,10752069;-36,05082035;"SPRF-AL";"DEL01-AL";"UOP02-DEL01-AL"
133774;2018-05-12;"sábado";"20:40:00";"GO";153;505,6;"APARECIDA DE GOIANIA";"Desobediência às normas de trânsito pelo condutor";"Colisão com objeto estático";"Com Vítimas Feridas";"Plena Noite";"Crescente";"Céu Claro";"Múltipla";"Declive;Reta";"Sim";2;0;1;1;0;0;2;1;-16,74999594;-49,24150586;"SPRF-GO";"DEL01-GO";"UOP01-DEL01-GO"
133775;2018-05-12;"sábado";"21:00:00";"SE";235;19;"NOSSA SENHORA DO SOCORRO";"Falta de Atenção à Condução";"Saída de leito carroçável";"Com Vítimas Fatais";"Plena Noite";"Decrescente";"Nublado";"Simples";"Curva";"Não";1;1;0;0;0;0;0;1;-10,84079;-37,215904;"SPRF-SE";"DEL01-SE";"UOP01-DEL01-SE"
133776;2018-05-12;"sábado";"19:50:00";"ES";262;1;"CARIACICA";"Defeito na Via";"Tombamento";"Com Vítimas Feridas";"Plena Noite";"Crescente";"Céu Claro";"Dupla";"Curva";"Sim";1;0;0;1;0;0;1;1;-20,3286;-40,355;"SPRF-ES";"DEL01-ES";"UOP01-DEL01-ES"
133779;2018-05-12;"sábado";"21:15:00";"SC";282;220;"LAGES";"Falta de Atenção do Pedestre";"Atropelamento de Pedestre";"Com Vítimas Feridas";"Plena Noite";"Decrescente";"Céu Claro";"Simples";"Reta";"Sim";2;0;0;1;1;0;1;2;-27,794014;-50,33363;"SPRF-SC";"DEL05-SC";"UOP01-DEL05-SC"
133782;2018-05-12;"sábado";"14:10:00";"MG";116;528;"CARATINGA";"Desobediência às normas de trânsito pelo condutor";"Colisão transversal";"Com Vítimas Feridas";"Pleno dia";"Crescente";"Céu Claro";"Múltipla";"Reta";"Sim";2;0;1;0;1;0;1;2;-19,78082816;-42,13275075;"SPRF-MG";"DEL06-MG";"UOP02-DEL06-MG"
133784;2018-05-12;"sábado";"21:00:00";"SC";101;49;"JOINVILLE";"Velocidade Incompatível";"Saída de leito carroçável";"Com Vítimas Feridas";"Plena Noite";"Crescente";"Céu Claro";"Dupla";"Curva";"Não";4;0;3;0;1;0;3;1;-26,3869;-48,8425;"SPRF-SC";"DEL03-SC";"UOP01-DEL03-SC"
133785;2018-05-12;"sábado";"19:10:00";"RJ";40;116;"DUQUE DE CAXIAS";"Defeito Mecânico no Veículo";"Queda de ocupante de veículo";"Com Vítimas Feridas";"Plena Noite";"Decrescente";"Céu Claro";"Dupla";"Reta";"Sim";2;0;2;0;0;0;2;1;-22,7468;-43,2878;"SPRF-RJ";"DEL01-RJ";"UOP01-DEL01-RJ"
133786;2018-05-12;"sábado";"20:45:00";"PR";277;123;"BALSA NOVA";"Desobediência às normas de trânsito pelo condutor";"Colisão transversal";"Com Vítimas Feridas";"Plena Noite";"Decrescente";"Céu Claro";"Dupla";"Reta";"Não";2;0;2;0;0;0;2;2;-25,470159;-49,725064;"SPRF-PR";"DEL01-PR";"UOP06-DEL01-PR"
133787;2018-05-12;"sábado";"18:15:00";"SC";282;409,1;"CATANDUVAS";"Desobediência às normas de trânsito pelo condutor";"Colisão traseira";"Com Vítimas Feridas";"Anoitecer";"Crescente";"Céu Claro";"Simples";"Reta";"Sim";3;0;0;1;2;0;1;3;-27,065756;-51,664165;"SPRF-SC";"DEL07-SC";"UOP05-DEL07-SC"
133789;2018-05-12;"sábado";"18:45:00";"SC";280;148,2;"MAFRA";"Ultrapassagem Indevida";"Colisão lateral";"Com Vítimas Feridas";"Plena Noite";"Crescente";"Céu Claro";"Simples";"Curva";"Não";2;0;1;0;1;0;1;2;-26,24956173;-49,67528719;"SPRF-SC";"DEL06-SC";"UOP03-DEL06-SC"
133790;2018-05-12;"sábado";"11:45:00";"PE";101;44,7;"IGARASSU";"Falta de Atenção à Condução";"Colisão transversal";"Com Vítimas Feridas";"Pleno dia";"Decrescente";"Céu Claro";"Dupla";"Reta";"Sim";2;0;1;0;1;0;1;2;-7,87536;-34,90581;"SPRF-PE";"DEL01-PE";"UOP02-DEL01-PE"
133793;2018-05-12;"sábado";"22:00:00";"GO";40;10;"LUZIANIA";"Ingestão de Álcool";"Colisão traseira";"Sem Vítimas";"Plena Noite";"Crescente";"Céu Claro";"Dupla";"Reta";"Sim";1;0;0;0;1;0;0;1;-16,131285;-47,957923;"SPRF-DF";"DEL01-DF";"UOP01-DEL01-DF"
133794;2018-05-12;"sábado";"21:15:00";"MT";70;4,8;"BARRA DO GARCAS";"Ingestão de Álcool";"Saída de leito carroçável";"Com Vítimas Feridas";"Plena Noite";"Crescente";"Nublado";"Dupla";"Rotatória";"Sim";1;0;1;0;0;0;1;1;-15,87800613;-52,29412794;"SPRF-MT";"DEL07-MT";"UOP01-DEL07-MT"
133795;2018-05-12;"sábado";"18:50:00";"MA";230;405;"BALSAS";"Desobediência às normas de trânsito pelo condutor";"Colisão transversal";"Sem Vítimas";"Plena Noite";"Crescente";"Céu Claro";"Simples";"Reta";"Sim";2;0;0;0;2;0;0;2;-7,52076726;-46,06275558;"SPRF-MA";"DEL05-MA";"UOP01-DEL05-MA"
133796;2018-05-12;"sábado";"22:15:00";"SC";101;188;"BIGUACU";"Falta de Atenção à Condução";"Colisão com objeto estático";"Sem Vítimas";"Plena Noite";"Crescente";"Céu Claro";"Dupla";"Reta";"Sim";1;0;0;0;1;0;0;1;-27,45001407;-48,63296628;"SPRF-SC";"DEL01-SC";"UOP01-DEL01-SC"
133797;2018-05-12;"sábado";"22:30:00";"SC";101;158;"PORTO BELO";"Ingestão de Álcool";"Colisão com objeto estático";"Com Vítimas Feridas";"Plena Noite";"Decrescente";"Céu Claro";"Dupla";"Reta";"Sim";1;0;1;0;0;0;1;1;-27,199;-48,6146;"SPRF-SC";"DEL04-SC";"UOP03-DEL04-SC"
133799;2018-05-12;"sábado";"22:00:00";"MT";70;1,7;"BARRA DO GARCAS";"Desobediência às normas de trânsito pelo condutor";"Atropelamento de Pedestre";"Com Vítimas Feridas";"Plena Noite";"Crescente";"Nublado";"Simples";"Reta";"Sim";2;0;0;1;0;1;1;2;-15,88906832;-52,26562142;"SPRF-MT";"DEL07-MT";"UOP01-DEL07-MT"
133801;2018-05-12;"sábado";"22:30:00";"PE";101;59,7;"RECIFE";"Animais na Pista";"Atropelamento de Animal";"Com Vítimas Feridas";"Plena Noite";"Crescente";"Céu Claro";"Dupla";"Curva";"Sim";1;0;1;0;0;0;1;1;-7,98084773;-34,931041;"SPRF-PE";"DEL01-PE";"UOP02-DEL01-PE"
133802;2018-05-12;"sábado";"19:00:00";"BA";101;467,8;"URUCUCA";"Ingestão de Álcool";"Capotamento";"Com Vítimas Feridas";"Plena Noite";"Decrescente";"Céu Claro";"Simples";"Curva";"Não";2;0;2;0;0;0;2;1;-14,4933;-39,3294;"SPRF-BA";"DEL05-BA";"UOP01-DEL05-BA"
133803;2018-05-12;"sábado";"22:40:00";"RN";427;94,7;"CAICO";"Animais na Pista";"Atropelamento de Animal";"Com Vítimas Feridas";"Plena Noite";"Decrescente";"Nublado";"Simples";"Reta";"Não";1;0;1;0;0;0;1;1;-6,48191;-37,062832;"SPRF-RN";"DEL03-RN";"UOP01-DEL03-RN"
133805;2018-05-12;"sábado";"21:00:00";"MT";163;687;"LUCAS DO RIO VERDE";"Ingestão de Álcool";"Atropelamento de Pedestre";"Com Vítimas Feridas";"Plena Noite";"Decrescente";"Céu Claro";"Simples";"Reta";"Sim";2;0;2;0;0;0;2;2;-13,08482887;-55,93826294;"SPRF-MT";"DEL06-MT";"UOP01-DEL06-MT"
133808;2018-05-12;"sábado";"23:15:00";"PB";101;6,2;"MATARACA";"Ingestão de Álcool";"Queda de ocupante de veículo";"Com Vítimas Feridas";"Plena Noite";"Crescente";"Céu Claro";"Dupla";"Reta";"Não";2;0;1;1;0;0;2;2;-6,5572552;-35,1335186;"SPRF-PB";"DEL01-PB";"UOP04-DEL01-PB"
133809;2018-05-12;"sábado";"20:20:00";"PR";476;201;"LAPA";"Ingestão de Álcool";"Queda de ocupante de veículo";"Com Vítimas Feridas";"Plena Noite";"Crescente";"Céu Claro";"Simples";"Reta";"Sim";1;0;1;0;0;0;1;1;-25,7754;-49,764946;"SPRF-PR";"DEL02-PR";"UOP04-DEL02-PR"
133812;2018-05-12;"sábado";"22:50:00";"PR";116;7,5;"QUATRO BARRAS";"Falta de Atenção à Condução";"Colisão traseira";"Com Vítimas Feridas";"Plena Noite";"Decrescente";"Céu Claro";"Dupla";"Reta";"Sim";3;0;1;1;0;1;2;2;-25,3683;-49,1074;"SPRF-PR";"DEL01-PR";"UOP02-DEL01-PR"
133814;2018-05-12;"sábado";"22:30:00";"SC";280;227;"TRES BARRAS";"Desobediência às normas de trânsito pelo condutor";"Capotamento";"Com Vítimas Feridas";"Plena Noite";"Decrescente";"Céu Claro";"Simples";"Ponte";"Não";1;0;0;1;0;0;1;1;-26,18193732;-50,32831885;"SPRF-SC";"DEL06-SC";"UOP04-DEL06-SC"
133816;2018-05-12;"sábado";"20:30:00";"MA";316;114;"SANTA LUZIA DO PARUA";"Deficiência ou não Acionamento do Sistema de Iluminação/Sinalização do Veículo";"Colisão traseira";"Com Vítimas Feridas";"Plena Noite";"Crescente";"Chuva";"Simples";"Reta";"Sim";3;0;0;2;1;0;2;2;-2,538882;-45,776779;"SPRF-MA";"DEL02-MA";"UOP02-DEL02-MA"
133818;2018-05-13;"domingo";"00:15:00";"SC";282;16;"PALHOCA";"Não guardar distância de segurança";"Colisão traseira";"Com Vítimas Feridas";"Plena Noite";"Crescente";"Céu Claro";"Simples";"Reta";"Sim";2;0;1;0;1;0;1;2;-27,658611;-48,681847;"SPRF-SC";"DEL01-SC";"UOP02-DEL01-SC"
133819;2018-05-12;"sábado";"22:30:00";"SC";101;413;"ARARANGUA";"Sinalização da via insuficiente ou inadequada";"Colisão transversal";"Com Vítimas Feridas";"Plena Noite";"Crescente";"Céu Claro";"Simples";"Interseção de Vias";"Sim";2;0;1;0;1;0;1;2;-28,94928337;-49,50704455;"SPRF-SC";"DEL02-SC";"UOP02-DEL02-SC"
133821;2018-05-12;"sábado";"23:30:00";"PR";476;125;"CURITIBA";"Velocidade Incompatível";"Colisão lateral";"Com Vítimas Feridas";"Plena Noite";"Decrescente";"Nublado";"Múltipla";"Curva;Em Obras";"Sim";3;0;1;1;1;0;2;2;-25,4083;-49,219658;"SPRF-PR";"DEL01-PR";"UOP07-DEL01-PR"
133824;2018-05-12;"sábado";"23:00:00";"PB";0;0;"QUEIMADAS";"Velocidade Incompatível";"Queda de ocupante de veículo";"Com Vítimas Feridas";"Plena Noite";"Não Informado";"Céu Claro";"Simples";"Interseção de Vias";"Não";1;0;0;1;0;0;1;1;-7,450389;-35,908449;"SPRF-PB";"DEL02-PB";"UOP03-DEL02-PB"
133827;2018-05-13;"domingo";"00:30:00";"GO";153;505,4;"APARECIDA DE GOIANIA";"Desobediência às normas de trânsito pelo condutor";"Queda de ocupante de veículo";"Com Vítimas Feridas";"Plena Noite";"Decrescente";"Céu Claro";"Simples";"Reta";"Sim";1;0;1;0;0;0;1;1;-16,7537;-49,2411;"SPRF-GO";"DEL01-GO";"UOP01-DEL01-GO"
133828;2018-05-12;"sábado";"23:00:00";"RO";319;60,9;"PORTO VELHO";"Falta de Atenção à Condução";"Queda de ocupante de veículo";"Com Vítimas Feridas";"Plena Noite";"Decrescente";"Céu Claro";"Dupla";"Rotatória";"Sim";1;0;0;1;0;0;1;1;-8,74020354;-63,89030457;"SPRF-RO";"DEL01-RO";"UOP01-DEL01-RO"
133829;2018-05-12;"sábado";"22:00:00";"MG";262;15;"MARTINS SOARES";"Falta de Atenção à Condução";"Saída de leito carroçável";"Com Vítimas Feridas";"Plena Noite";"Crescente";"Céu Claro";"Dupla";"Curva";"Sim";2;0;0;2;0;0;2;1;-20,26054;-41,876316;"SPRF-MG";"DEL06-MG";"UOP03-DEL06-MG"
133830;2018-05-12;"sábado";"13:50:00";"MT";163;820;"SINOP";"Ultrapassagem Indevida";"Queda de ocupante de veículo";"Com Vítimas Feridas";"Pleno dia";"Decrescente";"Nublado";"Simples";"Reta";"Sim";2;0;1;0;1;0;1;2;-11,89422836;-55,5015564;"SPRF-MT";"DEL06-MT";"UOP01-DEL06-MT"
133832;2018-05-13;"domingo";"00:50:00";"SC";101;204;"SAO JOSE";"Falta de Atenção à Condução";"Colisão com objeto estático";"Com Vítimas Feridas";"Plena Noite";"Crescente";"Céu Claro";"Múltipla";"Reta";"Não";2;0;2;0;0;0;2;1;-27,57749288;-48,61360064;"SPRF-SC";"DEL01-SC";"UOP01-DEL01-SC"
133833;2018-05-13;"domingo";"01:30:00";"SP";116;84;"ROSEIRA";"Mal Súbito";"Saída de leito carroçável";"Com Vítimas Feridas";"Plena Noite";"Decrescente";"Céu Claro";"Dupla";"Reta";"Não";1;0;1;0;0;0;1;1;-22,917799;-45,336021;"SPRF-SP";"DEL06-SP";"UOP01-DEL06-SP"
133834;2018-05-12;"sábado";"22:40:00";"SC";163;85;"GUARACIABA";"Ingestão de Álcool";"Saída de leito carroçável";"Sem Vítimas";"Plena Noite";"Crescente";"Céu Claro";"Simples";"Aclive";"Sim";1;0;0;0;1;0;0;1;-26,607304;-53,517044;"SPRF-SC";"DEL07-SC";"UOP03-DEL07-SC"
133835;2018-05-13;"domingo";"01:40:00";"MA";230;1;"BARAO DE GRAJAU";"Ingestão de Álcool";"Tombamento";"Com Vítimas Feridas";"Plena Noite";"Decrescente";"Céu Claro";"Dupla";"Curva";"Não";1;0;0;1;0;0;1;1;-6,755173;-43,018978;"SPRF-PI";"DEL03-PI";"UOP01-DEL03-PI"
133837;2018-05-12;"sábado";"23:46:00";"PR";476;129;"CURITIBA";"Falta de Atenção à Condução";"Colisão lateral";"Sem Vítimas";"Plena Noite";"Decrescente";"Céu Claro";"Múltipla";"Reta";"Sim";7;0;0;0;7;0;0;2;-25,440983;-49,233715;"SPRF-PR";"DEL01-PR";"UOP07-DEL01-PR"
133838;2018-05-13;"domingo";"01:15:00";"BA";116;827;"VITORIA DA CONQUISTA";"Falta de Atenção à Condução";"Capotamento";"Sem Vítimas";"Plena Noite";"Decrescente";"Céu Claro";"Simples";"Reta";"Sim";1;0;0;0;0;1;0;1;-14,88679003;-40,85979581;"SPRF-BA";"DEL08-BA";"UOP01-DEL08-BA"
133839;2018-05-13;"domingo";"02:00:00";"SC";282;638,9;"DESCANSO";"Velocidade Incompatível";"Saída de leito carroçável";"Com Vítimas Feridas";"Plena Noite";"Crescente";"Céu Claro";"Simples";"Curva";"Não";2;0;0;1;1;0;1;1;-26,79335203;-53,45097542;"SPRF-SC";"DEL07-SC";"UOP03-DEL07-SC"
133840;2018-05-13;"domingo";"00:20:00";"PR";153;357,4;"REBOUCAS";"Velocidade Incompatível";"Danos eventuais";"Com Vítimas Feridas";"Plena Noite";"Decrescente";"Céu Claro";"Simples";"Declive;Curva";"Não";1;0;1;0;0;0;1;1;-25,66255989;-50,73626339;"SPRF-PR";"DEL03-PR";"UOP02-DEL08-PR"
133841;2018-05-13;"domingo";"02:30:00";"SP";153;325,8;"SAO PEDRO DO TURVO";"Condutor Dormindo";"Saída de leito carroçável";"Com Vítimas Feridas";"Plena Noite";"Crescente";"Nublado";"Simples";"Reta";"Não";2;0;1;1;0;0;2;1;-22,816354;-49,889747;"SPRF-SP";"DEL07-SP";"UOP03-DEL07-SP"
133842;2018-05-13;"domingo";"02:15:00";"RS";386;1,7;"IRAI";"Condutor Dormindo";"Saída de leito carroçável";"Com Vítimas Fatais";"Plena Noite";"Decrescente";"Nublado";"Simples";"Reta";"Sim";31;1;9;2;16;3;11;2;-27,17641187;-53,23866248;"SPRF-RS";"DEL08-RS";"UOP02-DEL08-RS"
133843;2018-05-13;"domingo";"02:45:00";"SC";101;207;"SAO JOSE";"Falta de Atenção à Condução";"Colisão com objeto estático";"Com Vítimas Feridas";"Plena Noite";"Crescente";"Céu Claro";"Múltipla";"Reta";"Sim";1;0;1;0;0;0;1;1;-27,60715398;-48,63607764;"SPRF-SC";"DEL01-SC";"UOP01-DEL01-SC"
133844;2018-05-12;"sábado";"23:15:00";"RO";364;696;"PORTO VELHO";"Objeto estático sobre o leito carroçável";"Colisão com objeto estático";"Com Vítimas Feridas";"Plena Noite";"Crescente";"Céu Claro";"Dupla";"Curva";"Não";1;0;1;0;0;0;1;1;-8,80227611;-63,74563694;"SPRF-RO";"DEL01-RO";"UOP01-DEL01-RO"
133845;2018-05-13;"domingo";"03:20:00";"SC";101;213;"PALHOCA";"Falta de Atenção à Condução";"Colisão traseira";"Com Vítimas Feridas";"Plena Noite";"Crescente";"Céu Claro";"Dupla";"Reta";"Sim";2;0;0;1;1;0;1;2;-27,6446;-48,6705;"SPRF-SC";"DEL01-SC";"UOP02-DEL01-SC"
133846;2018-05-13;"domingo";"03:40:00";"SC";101;213;"PALHOCA";"Ultrapassagem Indevida";"Capotamento";"Com Vítimas Feridas";"Plena Noite";"Crescente";"Céu Claro";"Dupla";"Reta";"Sim";2;0;2;0;0;0;2;1;-27,6446;-48,6705;"SPRF-SC";"DEL01-SC";"UOP02-DEL01-SC"
133851;2018-05-13;"domingo";"03:45:00";"RJ";101;92;"CAMPOS DOS GOYTACAZES";"Velocidade Incompatível";"Queda de ocupante de veículo";"Com Vítimas Feridas";"Plena Noite";"Crescente";"Céu Claro";"Múltipla";"Reta";"Não";2;0;2;0;0;0;2;1;-21,854557;-41,526257;"SPRF-RJ";"DEL08-RJ";"UOP02-DEL08-RJ"
133853;2018-05-13;"domingo";"04:15:00";"SP";488;2,4;"APARECIDA";"Velocidade Incompatível";"Colisão com objeto estático";"Com Vítimas Feridas";"Plena Noite";"Decrescente";"Nublado";"Dupla";"Reta";"Sim";2;0;2;0;0;0;2;1;-22,85271669;-45,23923198;"SPRF-SP";"DEL08-SP";"UOP01-DEL08-SP"
133857;2018-05-13;"domingo";"04:40:00";"RS";116;151,8;"CAXIAS DO SUL";"Velocidade Incompatível";"Colisão com objeto estático";"Sem Vítimas";"Plena Noite";"Decrescente";"Céu Claro";"Dupla";"Curva";"Sim";1;0;0;0;1;0;0;1;-29,176964;-51,161751;"SPRF-RS";"DEL05-RS";"UOP01-DEL05-RS"
133858;2018-05-13;"domingo";"04:00:00";"CE";20;411;"CAUCAIA";"Falta de Atenção à Condução";"Colisão lateral";"Sem Vítimas";"Amanhecer";"Decrescente";"Nublado";"Simples";"Reta";"Não";1;0;0;0;0;1;0;1;-3,80804391;-38,63790769;"SPRF-CE";"DEL01-CE";"UOP01-DEL01-CE"
133859;2018-05-13;"domingo";"03:15:00";"SC";101;200;"SAO JOSE";"Falta de Atenção à Condução";"Colisão com objeto estático";"Com Vítimas Feridas";"Plena Noite";"Crescente";"Céu Claro";"Múltipla";"Reta";"Sim";1;0;1;0;0;0;1;1;-27,53706745;-48,62658262;"SPRF-SC";"DEL01-SC";"UOP01-DEL01-SC"
133860;2018-05-13;"domingo";"03:45:00";"SP";116;218,6;"GUARULHOS";"Falta de Atenção à Condução";"Colisão com objeto estático";"Sem Vítimas";"Plena Noite";"Decrescente";"Nublado";"Múltipla";"Curva";"Sim";1;0;0;0;1;0;0;1;-23,461454;-46,488262;"SPRF-SP";"DEL01-SP";"UOP01-DEL01-SP"
133861;2018-05-13;"domingo";"03:20:00";"GO";153;506,4;"APARECIDA DE GOIANIA";"Desobediência às normas de trânsito pelo condutor";"Colisão com objeto estático";"Com Vítimas Feridas";"Plena Noite";"Decrescente";"Céu Claro";"Múltipla";"Reta;Interseção de Vias";"Sim";1;0;0;1;0;0;1;1;-16,7633;-49,24;"SPRF-GO";"DEL01-GO";"UOP01-DEL01-GO"
133862;2018-05-13;"domingo";"04:00:00";"GO";40;77,7;"CRISTALINA";"Condutor Dormindo";"Saída de leito carroçável";"Com Vítimas Feridas";"Plena Noite";"Crescente";"Céu Claro";"Simples";"Reta";"Não";3;0;1;0;2;0;1;1;-16,652003;-47,734946;"SPRF-DF";"DEL01-DF";"UOP02-DEL01-DF"
133863;2018-05-12;"sábado";"21:30:00";"PR";476;139;"CURITIBA";"Ingestão de Álcool";"Colisão com objeto estático";"Com Vítimas Feridas";"Plena Noite";"Crescente";"Céu Claro";"Múltipla";"Reta";"Sim";2;0;1;0;1;0;1;1;-25,52591931;-49,29729011;"SPRF-PR";"DEL01-PR";"UOP07-DEL01-PR"
133864;2018-05-13;"domingo";"05:30:00";"RN";406;168,7;"SAO GONCALO DO AMARANTE";"Desobediência às normas de trânsito pelo condutor";"Colisão traseira";"Com Vítimas Fatais";"Pleno dia";"Decrescente";"Garoa/Chuvisco";"Múltipla";"Rotatória";"Sim";2;1;0;0;1;0;0;2;-5,7576514;-35,30201733;"SPRF-RN";"DEL02-RN";"UOP01-DEL02-RN"
133867;2018-05-13;"domingo";"05:30:00";"SE";101;188,9;"UMBAUBA";"Falta de Atenção à Condução";"Colisão frontal";"Sem Vítimas";"Amanhecer";"Decrescente";"Nevoeiro/Neblina";"Simples";"Reta;Declive";"Não";2;0;0;0;2;0;0;2;-11,412263;-37,699336;"SPRF-SE";"DEL02-SE";"UOP03-DEL02-SE"
133869;2018-05-13;"domingo";"04:50:00";"BA";324;7;"FEIRA DE SANTANA";"Falta de Atenção à Condução";"Colisão traseira";"Com Vítimas Feridas";"Amanhecer";"Crescente";"Nublado";"Dupla";"Reta";"Sim";3;0;2;0;1;0;2;3;-12,27184576;-38,98590803;"SPRF-BA";"DEL02-BA";"UOP01-DEL02-BA"
133871;2018-05-13;"domingo";"05:30:00";"GO";60;25,5;"ALEXANIA";"Velocidade Incompatível";"Saída de leito carroçável";"Sem Vítimas";"Amanhecer";"Crescente";"Céu Claro";"Dupla";"Reta";"Não";1;0;0;0;0;1;0;1;-16,0963;-48,5202;"SPRF-DF";"DEL01-DF";"UOP01-DEL03-DF"
133872;2018-05-12;"sábado";"23:45:00";"PE";101;51,5;"PAULISTA";"Falta de Atenção do Pedestre";"Atropelamento de Pedestre";"Sem Vítimas";"Plena Noite";"Crescente";"Céu Claro";"Múltipla";"Reta";"Sim";2;0;0;0;1;1;0;2;-7,91983365;-34,89635468;"SPRF-PE";"DEL01-PE";"UOP02-DEL01-PE"
133874;2018-05-13;"domingo";"02:30:00";"PR";277;206,5;"PALMEIRA";"Ingestão de Álcool";"Danos eventuais";"Com Vítimas Feridas";"Plena Noite";"Crescente";"Céu Claro";"Simples";"Curva";"Não";2;0;2;0;0;0;2;1;-25,45972036;-50,33282965;"SPRF-PR";"DEL03-PR";"UOP02-DEL08-PR"
133875;2018-04-22;"domingo";"14:00:00";"MT";70;4,2;"BARRA DO GARCAS";"Pista Escorregadia";"Tombamento";"Com Vítimas Feridas";"Pleno dia";"Decrescente";"Céu Claro";"Dupla";"Rotatória";"Sim";1;0;0;1;0;0;1;1;-15,87870785;-52,28757262;"SPRF-MT";"DEL07-MT";"UOP01-DEL07-MT"
133876;2018-05-13;"domingo";"05:30:00";"RN";304;46;"MOSSORO";"Falta de Atenção à Condução";"Colisão transversal";"Com Vítimas Feridas";"Pleno dia";"Crescente";"Céu Claro";"Dupla";"Reta";"Sim";2;0;0;1;1;0;1;2;-5,22635877;-37,32890725;"SPRF-RN";"DEL04-RN";"UOP01-DEL04-RN"
133878;2018-05-13;"domingo";"05:10:00";"GO";50;246,7;"CATALAO";"Condutor Dormindo";"Colisão frontal";"Com Vítimas Fatais";"Amanhecer";"Crescente";"Ignorado";"Simples";"Curva;Declive";"Não";52;1;8;2;41;0;10;2;-17,9343;-47,7877;"SPRF-GO";"DEL06-GO";"UOP01-DEL06-GO"
133879;2018-05-13;"domingo";"06:25:00";"RS";158;304,1;"ITAARA";"Condutor Dormindo";"Saída de leito carroçável";"Com Vítimas Feridas";"Amanhecer";"Crescente";"Céu Claro";"Simples";"Curva";"Não";6;0;2;3;0;1;5;2;-29,56051;-53,76414;"SPRF-RS";"DEL09-RS";"UOP01-DEL09-RS"
133894;2018-05-13;"domingo";"05:30:00";"PA";316;61;"CASTANHAL";"Desobediência às normas de trânsito pelo condutor";"Colisão transversal";"Com Vítimas Feridas";"Pleno dia";"Decrescente";"Céu Claro";"Dupla";"Reta";"Sim";2;0;0;1;1;0;1;2;-1,2931574;-47,9165357;"SPRF-PA";"DEL01-PA";"UOP01-DEL01-PA"