"id";"data_inversa";"dia_semana";"horario";"uf";"br";"km";"municipio";"causa_acidente";"tipo_acidente";"classificacao_acidente";"fase_dia";"sentido_via";"condicao_metereologica";"tipo_pista";"tracado_via";"uso_solo";"pessoas";"mortos";"feridos_leves";"feridos_graves";"ilesos";"ignorados";"feridos";"veiculos";"latitude";"longitude";"regional";"delegacia";"uop"
134188;2018-05-13;"domingo";"23:10:00";"PR";163;50,3;"PRANCHITA";"Ingestão de Álcool";"Saída de leito carroçável";"Com Vítimas Fatais";"Plena Noite";"Crescente";"Céu Claro";"Simples";"Reta";"Não";2;1;0;1;0;0;1;1;-25,942659;-53,728903;"SPRF-PR";"DEL02-PR";"UOP02-DEL02-PR"
134190;2018-05-14;"segunda-feira";"01:55:00";"SP";116;401,3;"MIRACATU";"Falta de Atenção à Condução";"Colisão com objeto estático";"Sem Vítimas";"Plena Noite";"Decrescente";"Nublado";"Dupla";"Interseção de Vias";"Não";2;0;0;0;2;0;0;1;-24,31181496;-47,51372958;"SPRF-SP";"DEL04-SP";"UOP02-DEL04-SP"
134191;2018-05-14;"segunda-feira";"03:00:00";"PE";101;43;"IGARASSU";"Ingestão de Álcool";"Colisão transversal";"Sem Vítimas";"Plena Noite";"Decrescente";"Céu Claro";"Simples";"Reta";"Sim";2;0;0;0;2;0;0;2;-7,8543;-34,9087;"SPRF-PE";"DEL01-PE";"UOP02-DEL01-PE"
134192;2018-05-14;"segunda-feira";"02:00:00";"PR";277;712;"SANTA TEREZINHA DE ITAIPU";"Ingestão de Álcool";"Colisão traseira";"Sem Vítimas";"Plena Noite";"Crescente";"Céu Claro";"Dupla";"Declive";"Não";3;0;0;0;3;0;0;3;-25,45775;-54,431229;"SPRF-PR";"DEL05-PR";"UOP01-DEL05-PR"
134195;2018-05-14;"segunda-feira";"01:05:00";"PR";277;707;"SANTA TEREZINHA DE ITAIPU";"Falta de Atenção à Condução";"Colisão traseira";"Com Vítimas Feridas";"Pleno dia";"Decrescente";"Céu Claro";"Dupla";"Reta";"Não";8;0;0;2;6;0;2;3;-25,43906;-54,386517;"SPRF-PR";"DEL05-PR";"UOP01-DEL05-PR"
134196;2018-05-14;"segunda-feira";"04:10:00";"PE";408;62,5;"CARPINA";"Não guardar distância de segurança";"Colisão frontal";"Com Vítimas Fatais";"Plena Noite";"Decrescente";"Chuva";"Simples";"Reta";"Sim";2;1;0;0;1;0;0;2;-7,839837;-35,240556;"SPRF-PE";"DEL01-PE";"UOP01-DEL01-PE"
134197;2018-05-14;"segunda-feira";"02:45:00";"PB";230;292,9;"SANTA LUZIA";"Desobediência às normas de trânsito pelo condutor";"Colisão transversal";"Sem Vítimas";"Plena Noite";"Crescente";"Céu Claro";"Simples";"Reta";"Sim";2;0;0;0;1;1;0;2;-6,8748;-36,9296;"SPRF-PB";"DEL03-PB";"UOP01-DEL03-PB"
134199;2018-05-14;"segunda-feira";"03:40:00";"CE";402;254;"ITAPIPOCA";"Desobediência às normas de trânsito pelo condutor";"Tombamento";"Com Vítimas Fatais";"Plena Noite";"Crescente";"Céu Claro";"Simples";"Reta";"Não";1;1;0;0;0;0;0;1;-3,47332692;-39,63695526;"SPRF-CE";"DEL01-CE";"UOP03-DEL01-CE"
134200;2018-05-14;"segunda-feira";"04:00:00";"ES";101;268,2;"SERRA";"Condutor Dormindo";"Colisão com objeto estático";"Com Vítimas Feridas";"Amanhecer";"Crescente";"Nublado";"Múltipla";"Reta";"Não";1;0;1;0;0;0;1;1;-20,20795792;-40,2694416;"SPRF-ES";"DEL02-ES";"UOP01-DEL02-ES"
134203;2018-05-14;"segunda-feira";"04:30:00";"MG";381;624;"OLIVEIRA";"Condutor Dormindo";"Saída de leito carroçável";"Com Vítimas Feridas";"Pleno dia";"Crescente";"Céu Claro";"Dupla";"Reta";"Não";2;0;2;0;0;0;2;1;-20,7968;-44,7894;"SPRF-MG";"DEL04-MG";"UOP01-DEL04-MG"
134205;2018-05-14;"segunda-feira";"05:20:00";"TO";153;505,3;"PARAISO DO TOCANTINS";"Não guardar distância de segurança";"Colisão traseira";"Com Vítimas Feridas";"Amanhecer";"Crescente";"Céu Claro";"Simples";"Reta";"Sim";2;0;1;0;1;0;1;2;-10,248413;-48,87851715;"SPRF-TO";"DEL02-TO";"UOP01-DEL01-TO"
134206;2018-05-13;"domingo";"23:15:00";"GO";40;44;"LUZIANIA";"Ingestão de Álcool";"Colisão lateral";"Sem Vítimas";"Plena Noite";"Decrescente";"Céu Claro";"Simples";"Reta";"Não";1;0;0;0;1;0;0;1;-16,393143;-47,824869;"SPRF-DF";"DEL01-DF";"UOP02-DEL01-DF"
134207;2018-05-14;"segunda-feira";"05:30:00";"RN";304;301,1;"MACAIBA";"Animais na Pista";"Capotamento";"Com Vítimas Feridas";"Pleno dia";"Crescente";"Céu Claro";"Dupla";"Reta";"Não";2;0;1;1;0;0;2;1;-5,8742659;-35,31401753;"SPRF-RN";"DEL01-RN";"UOP02-DEL01-RN"
134208;2018-05-14;"segunda-feira";"05:00:00";"SC";101;58,5;"ARAQUARI";"Falta de Atenção à Condução";"Colisão traseira";"Com Vítimas Feridas";"Plena Noite";"Crescente";"Nublado";"Dupla";"Reta;Aclive";"Não";2;0;1;0;1;0;1;2;-26,44347678;-48,79767445;"SPRF-SC";"DEL03-SC";"UOP02-DEL03-SC"
134209;2018-05-13;"domingo";"22:00:00";"SP";116;98;"PINDAMONHANGABA";"Mal Súbito";"Tombamento";"Com Vítimas Feridas";"Plena Noite";"Decrescente";"Nublado";"Simples";"Curva";"Sim";1;0;1;0;0;0;1;1;-22,978052;-45,455833;"SPRF-SP";"DEL06-SP";"UOP01-DEL06-SP"
134210;2018-05-13;"domingo";"21:40:00";"GO";20;185;"SIMOLANDIA";"Falta de Atenção à Condução";"Saída de leito carroçável";"Com Vítimas Feridas";"Plena Noite";"Crescente";"Céu Claro";"Dupla";"Interseção de Vias";"Não";1;0;1;0;0;0;1;1;-14,44299218;-46,46186829;"SPRF-DF";"DEL02-DF";"UOP03-DEL02-DF"
134212;2018-05-14;"segunda-feira";"06:10:00";"DF";20;5;"BRASILIA";"Desobediência às normas de trânsito pelo condutor";"Colisão lateral";"Com Vítimas Feridas";"Pleno dia";"Decrescente";"Céu Claro";"Dupla";"Aclive";"Sim";3;0;1;0;2;0;1;2;-15,670546;-47,816044;"SPRF-DF";"DEL02-DF";"UOP01-DEL02-DF"
134213;2018-05-14;"segunda-feira";"06:20:00";"PR";153;195,5;"TIBAGI";"Ultrapassagem Indevida";"Colisão frontal";"Com Vítimas Fatais";"Plena Noite";"Crescente";"Céu Claro";"Simples";"Reta";"Não";5;2;1;2;0;0;3;2;-24,4476184;-50,4232154;"SPRF-PR";"DEL03-PR";"UOP02-DEL03-PR"
134214;2018-05-14;"segunda-feira";"00:00:00";"BA";324;528;"FEIRA DE SANTANA";"Falta de Atenção à Condução";"Queda de ocupante de veículo";"Com Vítimas Feridas";"Plena Noite";"Crescente";"Céu Claro";"Dupla";"Reta";"Sim";1;0;1;0;0;0;1;1;-12,32733004;-38,86464001;"SPRF-BA";"DEL01-BA";"UOP01-DEL01-BA"
134215;2018-05-14;"segunda-feira";"05:45:00";"SC";280;52,7;"GUARAMIRIM";"Ultrapassagem Indevida";"Colisão traseira";"Com Vítimas Feridas";"Amanhecer";"Decrescente";"Céu Claro";"Simples";"Reta";"Sim";2;0;1;0;1;0;1;2;-26,47149501;-48,97164345;"SPRF-SC";"DEL03-SC";"UOP03-DEL03-SC"
134217;2018-05-14;"segunda-feira";"06:55:00";"PR";277;588;"CASCAVEL";"Falta de Atenção à Condução";"Colisão lateral";"Com Vítimas Feridas";"Pleno dia";"Crescente";"Céu Claro";"Simples";"Reta";"Não";2;0;0;1;1;0;1;2;-24,9776801;-53,444986;"SPRF-PR";"DEL04-PR";"UOP01-DEL04-PR"
134219;2018-05-14;"segunda-feira";"07:00:00";"GO";70;7;"AGUAS LINDAS DE GOIAS";"Falta de Atenção à Condução";"Colisão traseira";"Com Vítimas Feridas";"Pleno dia";"Decrescente";"Céu Claro";"Dupla";"Reta";"Sim";2;0;1;0;1;0;1;2;-15,74187197;-48,27009466;"SPRF-DF";"DEL01-DF";"UOP02-DEL03-DF"
134220;2018-05-14;"segunda-feira";"07:00:00";"SC";101;416,7;"ARARANGUA";"Falta de Atenção à Condução";"Colisão frontal";"Com Vítimas Feridas";"Pleno dia";"Crescente";"Céu Claro";"Múltipla";"Interseção de Vias";"Sim";2;0;2;0;0;0;2;2;-28,96384353;-49,52001572;"SPRF-SC";"DEL02-SC";"UOP02-DEL02-SC"
134222;2018-05-14;"segunda-feira";"07:30:00";"PE";101;49;"ABREU E LIMA";"Falta de Atenção à Condução";"Colisão traseira";"Sem Vítimas";"Pleno dia";"Crescente";"Nublado";"Múltipla";"Reta";"Sim";2;0;0;0;1;1;0;2;-7,9068;-34,9013;"SPRF-PE";"DEL01-PE";"UOP02-DEL01-PE"
134223;2018-05-14;"segunda-feira";"07:25:00";"PR";476;147,5;"CURITIBA";"Falta de Atenção à Condução";"Colisão traseira";"Com Vítimas Feridas";"Pleno dia";"Decrescente";"Céu Claro";"Dupla";"Reta";"Sim";2;0;1;0;1;0;1;2;-25,554628;-49,339268;"SPRF-PR";"DEL01-PR";"UOP06-DEL01-PR"
134224;2018-05-14;"segunda-feira";"07:30:00";"PR";116;134;"FAZENDA RIO GRANDE";"Desobediência às normas de trânsito pelo condutor";"Colisão transversal";"Com Vítimas Feridas";"Pleno dia";"Crescente";"Céu Claro";"Dupla";"Reta";"Não";3;0;1;0;2;0;1;2;-25,630278;-49,313812;"SPRF-PR";"DEL01-PR";"UOP03-DEL01-PR"
134227;2018-05-14;"segunda-feira";"07:00:00";"RJ";40;84;"PETROPOLIS";"Avarias e/ou desgaste excessivo no pneu";"Tombamento";"Com Vítimas Feridas";"Pleno dia";"Decrescente";"Nublado";"Simples";"Reta;Aclive";"Não";1;0;1;0;0;0;1;1;-22,54086059;-43,22467804;"SPRF-RJ";"DEL06-RJ";"UOP01-DEL06-RJ"
134230;2018-05-14;"segunda-feira";"07:50:00";"PR";476;133,8;"CURITIBA";"Falta de Atenção à Condução";"Colisão transversal";"Com Vítimas Feridas";"Pleno dia";"Decrescente";"Céu Claro";"Múltipla";"Reta";"Não";2;0;1;0;1;0;1;2;-25,4755564;-49,25877392;"SPRF-PR";"DEL01-PR";"UOP07-DEL01-PR"
134231;2018-05-14;"segunda-feira";"07:20:00";"SE";101;138,9;"ESTANCIA";"Mal Súbito";"Tombamento";"Com Vítimas Feridas";"Pleno dia";"Crescente";"Céu Claro";"Dupla";"Reta";"Não";1;0;1;0;0;0;1;1;-11,20433503;-37,41170146;"SPRF-SE";"DEL02-SE";"UOP01-DEL02-SE"
134233;2018-05-13;"domingo";"22:50:00";"MG";116;508,9;"UBAPORANGA";"Ingestão de Álcool";"Colisão traseira";"Sem Vítimas";"Plena Noite";"Crescente";"Céu Claro";"Simples";"Reta";"Sim";2;0;0;0;2;0;0;2;-19,62154858;-42,10740387;"SPRF-MG";"DEL06-MG";"UOP02-DEL06-MG"
134235;2018-05-14;"segunda-feira";"08:15:00";"BA";324;620;"SALVADOR";"Desobediência às normas de trânsito pelo condutor";"Colisão lateral";"Com Vítimas Feridas";"Pleno dia";"Crescente";"Nublado";"Dupla";"Interseção de Vias";"Sim";1;0;1;0;0;0;1;1;-12,91403;-38,460529;"SPRF-BA";"DEL01-BA";"UOP01-DEL01-BA"
134238;2018-05-14;"segunda-feira";"08:00:00";"GO";153;494;"GOIANIA";"Não guardar distância de segurança";"Colisão traseira";"Com Vítimas Feridas";"Pleno dia";"Crescente";"Céu Claro";"Dupla";"Reta";"Sim";3;0;1;0;0;2;1;3;-16,6614;-49,2218;"SPRF-GO";"DEL01-GO";"UOP01-DEL01-GO"
134240;2018-05-14;"segunda-feira";"07:06:00";"PR";116;15;"COLOMBO";"Falta de Atenção à Condução";"Queda de ocupante de veículo";"Com Vítimas Feridas";"Pleno dia";"Decrescente";"Nublado";"Dupla";"Interseção de Vias";"Sim";1;0;1;0;0;0;1;1;-25,3848;-49,1711;"SPRF-PR";"DEL01-PR";"UOP02-DEL01-PR"
134243;2018-02-11;"domingo";"15:00:00";"RJ";101;407,6;"ITAGUAI";"Falta de Atenção à Condução";"Colisão traseira";"Com Vítimas Feridas";"Pleno dia";"Crescente";"Sol";"Dupla";"Viaduto";"Sim";7;0;4;0;3;0;4;3;-22,88250143;-43,82446289;"SPRF-RJ";"DEL03-RJ";"UOP01-DEL03-RJ"
134246;2018-04-06;"sexta-feira";"06:50:00";"SP";116;227,1;"GUARULHOS";"Falta de Atenção à Condução";"Colisão traseira";"Com Vítimas Feridas";"Pleno dia";"Crescente";"Sol";"Múltipla";"Reta";"Sim";3;0;2;0;1;0;2;3;-23,49754834;-46,55881226;"SPRF-SP";"DEL01-SP";"UOP01-DEL01-SP"
134248;2018-05-14;"segunda-feira";"07:20:00";"RN";226;164;"CURRAIS NOVOS";"Defeito na Via";"Colisão com objeto estático";"Com Vítimas Feridas";"Pleno dia";"Decrescente";"Céu Claro";"Simples";"Reta";"Não";1;0;1;0;0;0;1;1;-6,21018621;-36,40923455;"SPRF-RN";"DEL03-RN";"UOP02-DEL03-RN"
134251;2018-01-22;"segunda-feira";"02:00:00";"MG";116;417;"GOVERNADOR VALADARES";"Animais na Pista";"Atropelamento de Animal";"Com Vítimas Feridas";"Plena Noite";"Decrescente";"Céu Claro";"Simples";"Reta";"Sim";1;0;1;0;0;0;1;1;-18,89069535;-41,94717407;"SPRF-MG";"DEL06-MG";"UOP01-DEL06-MG"
134253;2018-04-12;"quinta-feira";"20:40:00";"MG";381;352;"JOAO MONLEVADE";"Velocidade Incompatível";"Saída de leito carroçável";"Com Vítimas Feridas";"Plena Noite";"Decrescente";"Céu Claro";"Simples";"Curva";"Não";1;0;1;0;0;0;1;1;-19,84325826;-43,17180634;"SPRF-MG";"DEL03-MG";"UOP01-DEL03-MG"
134254;2018-05-14;"segunda-feira";"09:15:00";"PE";232;128,9;"CARUARU";"Falta de Atenção à Condução";"Capotamento";"Com Vítimas Feridas";"Pleno dia";"Crescente";"Céu Claro";"Dupla";"Reta";"Sim";5;0;0;5;0;0;5;1;-8,30213;-35,97999;"SPRF-PE";"DEL02-PE";"UOP03-DEL02-PE"
134255;2018-05-14;"segunda-feira";"08:35:00";"RS";158;433;"ROSARIO DO SUL";"Falta de Atenção à Condução";"Saída de leito carroçável";"Com Vítimas Feridas";"Pleno dia";"Crescente";"Céu Claro";"Simples";"Curva";"Não";5;0;2;2;1;0;4;1;-30,16234533;-54,68238831;"SPRF-RS";"DEL11-RS";"UOP02-DEL11-RS"
134256;2018-05-13;"domingo";"19:00:00";"BA";324;576;"CANDEIAS";"Defeito Mecânico no Veículo";"Saída de leito carroçável";"Com Vítimas Feridas";"Plena Noite";"Crescente";"Céu Claro";"Dupla";"Reta";"Não";4;0;4;0;0;0;4;1;-12,58805752;-38,52486038;"SPRF-BA";"DEL01-BA";"UOP01-DEL01-BA"
134257;2018-05-14;"segunda-feira";"09:10:00";"CE";116;365;"ICO";"Defeito na Via";"Colisão traseira";"Com Vítimas Feridas";"Pleno dia";"Crescente";"Sol";"Simples";"Reta";"Não";9;0;7;0;2;0;7;3;-6,353464;-38,771441;"SPRF-CE";"DEL05-CE";"UOP01-DEL05-CE"
134263;2018-05-14;"segunda-feira";"02:00:00";"MG";116;286;"TEOFILO OTONI";"Velocidade Incompatível";"Capotamento";"Sem Vítimas";"Plena Noite";"Decrescente";"Céu Claro";"Simples";"Aclive;Curva";"Não";1;0;0;0;1;0;0;1;-17,98003933;-41,55321121;"SPRF-MG";"DEL11-MG";"UOP01-DEL11-MG"
134264;2018-05-14;"segunda-feira";"09:00:00";"SC";101;209;"SAO JOSE";"Falta de Atenção à Condução";"Colisão traseira";"Com Vítimas Feridas";"Pleno dia";"Crescente";"Céu Claro";"Dupla";"Reta";"Sim";2;0;1;0;1;0;1;2;-27,6176;-48,6463;"SPRF-SC";"DEL01-SC";"UOP01-DEL01-SC"
134265;2018-05-14;"segunda-feira";"06:50:00";"BA";324;579,1;"CANDEIAS";"Falta de Atenção à Condução";"Saída de leito carroçável";"Com Vítimas Feridas";"Pleno dia";"Crescente";"Nublado";"Dupla";"Reta";"Não";2;0;1;0;1;0;1;1;-12,61280527;-38,4900856;"SPRF-BA";"DEL01-BA";"UOP01-DEL01-BA"
134267;2018-01-10;"quarta-feira";"20:30:00";"GO";153;402,1;"PIRENOPOLIS";"Desobediência às normas de trânsito pelo condutor";"Colisão transversal";"Com Vítimas Feridas";"Plena Noite";"Decrescente";"Céu Claro";"Simples";"Interseção de Vias";"Não";2;0;1;0;1;0;1;2;-16,04799934;-49,07444984;"SPRF-GO";"DEL02-GO";"UOP01-DEL02-GO"
134273;2018-05-14;"segunda-feira";"11:20:00";"PE";101;77,5;"RECIFE";"Desobediência às normas de trânsito pelo condutor";"Colisão transversal";"Com Vítimas Feridas";"Pleno dia";"Crescente";"Céu Claro";"Dupla";"Reta;Em Obras";"Sim";2;0;1;0;1;0;1;2;-8,131206;-34,945375;"SPRF-PE";"DEL01-PE";"UOP01-DEL01-PE"
134274;2018-05-14;"segunda-feira";"11:13:00";"MG";40;501;"ESMERALDAS";"Não guardar distância de segurança";"Colisão lateral";"Com Vítimas Feridas";"Pleno dia";"Decrescente";"Céu Claro";"Dupla";"Reta";"Não";8;0;2;1;5;0;3;2;-19,7183;-44,157;"SPRF-MG";"DEL02-MG";"UOP01-DEL02-MG"
134278;2018-05-14;"segunda-feira";"11:50:00";"RJ";101;313,6;"SAO GONCALO";"Falta de Atenção à Condução";"Danos eventuais";"Sem Vítimas";"Pleno dia";"Crescente";"Céu Claro";"Dupla";"Reta";"Sim";1;0;0;0;1;0;0;1;-22,810507;-43,069859;"SPRF-RJ";"DEL02-RJ";"DEL5/2-UOP04/RJ"
134283;2018-05-14;"segunda-feira";"12:50:00";"PR";277;588,6;"CASCAVEL";"Desobediência às normas de trânsito pelo condutor";"Colisão frontal";"Com Vítimas Feridas";"Pleno dia";"Crescente";"Céu Claro";"Simples";"Reta";"Sim";5;0;3;0;1;1;3;3;-24,97691;-53,44476;"SPRF-PR";"DEL04-PR";"UOP01-DEL04-PR"
134286;2018-05-14;"segunda-feira";"13:10:00";"PR";476;120,4;"COLOMBO";"Falta de Atenção à Condução";"Atropelamento de Pedestre";"Com Vítimas Feridas";"Pleno dia";"Crescente";"Céu Claro";"Dupla";"Interseção de Vias";"Sim";2;0;1;0;1;0;1;2;-25,37500151;-49,19402892;"SPRF-PR";"DEL01-PR";"UOP01-DEL01-PR"
134287;2018-05-14;"segunda-feira";"13:30:00";"RN";101;84,6;"NATAL";"Falta de Atenção à Condução";"Colisão traseira";"Com Vítimas Feridas";"Pleno dia";"Crescente";"Céu Claro";"Dupla";"Ponte";"Sim";3;0;2;0;1;0;2;2;-5,774175;-35,257801;"SPRF-RN";"DEL02-RN";"UOP01-DEL02-RN"
134288;2018-05-14;"segunda-feira";"12:49:00";"MG";381;457,4;"BELO HORIZONTE";"Falta de Atenção à Condução";"Colisão transversal";"Com Vítimas Feridas";"Pleno dia";"Crescente";"Sol";"Simples";"Curva";"Não";2;0;1;0;1;0;1;2;-19,83785538;-43,88350879;"SPRF-MG";"DEL01-MG";"UOP01-DEL01-MG"
134289;2018-05-14;"segunda-feira";"13:40:00";"SP";116;9,8;"QUELUZ";"Desobediência às normas de trânsito pelo condutor";"Colisão com objeto estático";"Com Vítimas Fatais";"Pleno dia";"Decrescente";"Céu Claro";"Dupla";"Curva";"Não";1;1;0;0;0;0;0;1;-22,544369;-44,7878;"SPRF-SP";"DEL08-SP";"UOP02-DEL08-SP"
134293;2018-05-14;"segunda-feira";"14:30:00";"PR";369;129,7;"JATAIZINHO";"Falta de Atenção à Condução";"Colisão traseira";"Com Vítimas Feridas";"Pleno dia";"Crescente";"Céu Claro";"Dupla";"Declive;Reta";"Sim";2;0;1;0;1;0;1;2;-23,2581927;-50,98136273;"SPRF-PR";"DEL07-PR";"UOP01-DEL07-PR"
134300;2018-05-11;"sexta-feira";"05:45:00";"RO";364;635;"ITAPUA DO OESTE";"Ultrapassagem Indevida";"Saída de leito carroçável";"Sem Vítimas";"Amanhecer";"Crescente";"Céu Claro";"Simples";"Reta";"Não";3;0;0;0;3;0;0;1;-9,054713;-63,41069;"SPRF-RO";"DEL03-RO";"UOP04-DEL01-RO"
134301;2018-05-14;"segunda-feira";"14:15:00";"PI";316;3,5;"TERESINA";"Falta de Atenção à Condução";"Tombamento";"Com Vítimas Feridas";"Pleno dia";"Decrescente";"Céu Claro";"Simples";"Interseção de Vias";"Sim";2;0;1;0;1;0;1;2;-5,128264;-42,792923;"SPRF-PI";"DEL01-PI";"UOP02-DEL01-PI"
134302;2018-05-14;"segunda-feira";"12:35:00";"RJ";101;327;"NITEROI";"Falta de Atenção à Condução";"Colisão traseira";"Com Vítimas Feridas";"Pleno dia";"Decrescente";"Nublado";"Dupla";"Reta";"Não";2;0;1;0;1;0;1;2;-22,871164;-43,156063;"SPRF-RJ";"DEL02-RJ";"UOP02-DEL02-RJ"
134305;2018-05-04;"sexta-feira";"06:50:00";"MG";50;74,5;"UBERLANDIA";"Falta de Atenção à Condução";"Tombamento";"Com Vítimas Feridas";"Amanhecer";"Decrescente";"Céu Claro";"Dupla";"Reta";"Sim";1;0;1;0;0;0;1;1;-18,9191;-48,2225;"SPRF-MG";"DEL15-MG";"UOP01-DEL15-MG"
134309;2018-05-14;"segunda-feira";"11:00:00";"MT";70;741;"CACERES";"Falta de Atenção à Condução";"Colisão traseira";"Sem Vítimas";"Plena Noite";"Decrescente";"Céu Claro";"Múltipla";"Reta";"Não";4;0;0;0;1;3;0;2;-16,106962;-57,675789;"SPRF-MT";"DEL03-MT";"UOP01-DEL03-MT"
134311;2018-05-14;"segunda-feira";"13:10:00";"BA";116;16,2;"VITORIA DA CONQUISTA";"Falta de Atenção à Condução";"Tombamento";"Com Vítimas Feridas";"Pleno dia";"Decrescente";"Céu Claro";"Simples";"Reta";"Não";2;0;2;0;0;0;2;1;-14,9026;-40,84782;"SPRF-BA";"DEL08-BA";"UOP01-DEL08-BA"
134312;2018-05-14;"segunda-feira";"14:40:00";"RJ";393;274;"BARRA DO PIRAI";"Falta de Atenção à Condução";"Saída de leito carroçável";"Com Vítimas Feridas";"Pleno dia";"Crescente";"Sol";"Simples";"Curva;Declive";"Não";1;0;1;0;0;0;1;1;-22,47504769;-44,00052309;"SPRF-RJ";"DEL05-RJ";"UOP04-DEL05-RJ"
134317;2018-05-04;"sexta-feira";"19:20:00";"MA";10;251;"IMPERATRIZ";"Ultrapassagem Indevida";"Colisão transversal";"Sem Vítimas";"Plena Noite";"Decrescente";"Céu Claro";"Múltipla";"Retorno Regulamentado";"Sim";4;0;0;0;3;1;0;2;-5,53913597;-47,46721387;"SPRF-MA";"DEL04-MA";"UOP01-DEL04-MA"
134319;2018-05-14;"segunda-feira";"15:00:00";"MS";163;681;"RIO VERDE DE MATO GROSSO";"Falta de Atenção à Condução";"Colisão transversal";"Sem Vítimas";"Pleno dia";"Decrescente";"Céu Claro";"Simples";"Reta";"Sim";2;0;0;0;2;0;0;2;-18,911878;-54,839547;"SPRF-MS";"DEL06-MS";"UOP02-DEL06-MS"
134322;2018-05-14;"segunda-feira";"16:00:00";"ES";101;266,4;"SERRA";"Não guardar distância de segurança";"Colisão traseira";"Com Vítimas Feridas";"Pleno dia";"Decrescente";"Nublado";"Dupla";"Reta";"Sim";3;0;1;0;2;0;1;2;-20,19583507;-40,26879787;"SPRF-ES";"DEL02-ES";"UOP01-DEL02-ES"
134323;2018-05-14;"segunda-feira";"15:00:00";"RJ";40;109;"DUQUE DE CAXIAS";"Falta de Atenção do Pedestre";"Atropelamento de Pedestre";"Com Vítimas Feridas";"Pleno dia";"Crescente";"Nublado";"Múltipla";"Curva";"Não";2;0;1;0;1;0;1;2;-22,6836;-43,2852;"SPRF-RJ";"DEL01-RJ";"UOP01-DEL01-RJ"
134327;2018-05-14;"segunda-feira";"15:00:00";"RJ";101;305;"SAO GONCALO";"Falta de Atenção à Condução";"Colisão traseira";"Com Vítimas Feridas";"Pleno dia";"Crescente";"Céu Claro";"Dupla";"Reta";"Sim";5;0;3;0;2;0;3;4;-22,787031;-42,995907;"SPRF-RJ";"DEL02-RJ";"DEL5/2-UOP04/RJ"
134332;2018-03-11;"domingo";"22:20:00";"RJ";101;269;"RIO BONITO";"Falta de Atenção à Condução";"Colisão lateral";"Com Vítimas Feridas";"Plena Noite";"Decrescente";"Céu Claro";"Dupla";"Reta";"Sim";3;0;1;1;0;1;2;3;-22,714979;-42,678112;"SPRF-RJ";"DEL02-RJ";"UOP03-DEL02-RJ"
134336;2018-05-14;"segunda-feira";"16:00:00";"MG";40;480;"SETE LAGOAS";"Ingestão de Álcool";"Colisão lateral";"Sem Vítimas";"Pleno dia";"Crescente";"Céu Claro";"Dupla";"Aclive";"Não";2;0;0;0;2;0;0;2;-19,547;-44,247;"SPRF-MG";"DEL02-MG";"UOP01-DEL02-MG"
134337;2018-05-14;"segunda-feira";"17:45:00";"TO";153;335,3;"GUARAI";"Restrição de Visibilidade";"Colisão transversal";"Com Vítimas Feridas";"Pleno dia";"Decrescente";"Céu Claro";"Dupla";"Rotatória";"Sim";3;0;2;0;1;0;2;2;-8,844914;-48,510712;"SPRF-TO";"DEL02-TO";"UOP02-DEL02-TO"
134339;2018-05-14;"segunda-feira";"16:20:00";"MT";163;752;"SORRISO";"Falta de Atenção à Condução";"Colisão traseira";"Com Vítimas Feridas";"Pleno dia";"Decrescente";"Céu Claro";"Dupla";"Reta";"Sim";2;0;1;0;1;0;1;2;-12,54308563;-55,70862293;"SPRF-MT";"DEL06-MT";"UOP01-DEL06-MT"
134341;2018-05-14;"segunda-feira";"17:20:00";"GO";40;7;"VALPARAISO DE GOIAS";"Falta de Atenção à Condução";"Colisão com objeto em movimento";"Com Vítimas Feridas";"Anoitecer";"Decrescente";"Céu Claro";"Dupla";"Reta";"Sim";2;0;1;0;1;0;1;2;-16,10750402;-47,97275662;"SPRF-DF";"DEL01-DF";"UOP01-DEL01-DF"
134342;2018-05-14;"segunda-feira";"17:25:00";"PB";230;21;"JOAO PESSOA";"Não guardar distância de segurança";"Colisão traseira";"Com Vítimas Feridas";"Anoitecer";"Crescente";"Céu Claro";"Dupla";"Reta";"Sim";3;0;1;1;1;0;2;2;-7,1415;-34,8519;"SPRF-PB";"DEL01-PB";"UOP01-DEL01-PB"
134343;2018-05-14;"segunda-feira";"17:45:00";"SC";282;1;"FLORIANOPOLIS";"Falta de Atenção à Condução";"Colisão lateral";"Com Vítimas Feridas";"Plena Noite";"Crescente";"Céu Claro";"Dupla";"Reta";"Sim";2;0;1;0;1;0;1;2;-27,602;-48,58;"SPRF-SC";"DEL01-SC";"UOP01-DEL01-SC"
134345;2018-05-14;"segunda-feira";"17:35:00";"PR";277;73;"SAO JOSE DOS PINHAIS";"Falta de Atenção à Condução";"Colisão lateral";"Com Vítimas Feridas";"Anoitecer";"Crescente";"Céu Claro";"Dupla";"Reta";"Sim";2;0;1;0;1;0;1;2;-25,50216481;-49,14974213;"SPRF-PR";"DEL01-PR";"UOP01-DEL01-PR"
134346;2018-05-14;"segunda-feira";"17:55:00";"SC";101;216,3;"PALHOCA";"Desobediência às normas de trânsito pelo condutor";"Colisão transversal";"Com Vítimas Feridas";"Plena Noite";"Decrescente";"Céu Claro";"Múltipla";"Viaduto";"Sim";2;0;1;0;1;0;1;2;-27,659815;-48,677479;"SPRF-SC";"DEL01-SC";"UOP02-DEL01-SC"