"id";"data_inversa";"dia_semana";"horario";"uf";"br";"km";"municipio";"causa_acidente";"tipo_acidente";"classificacao_acidente";"fase_dia";"sentido_via";"condicao_metereologica";"tipo_pista";"tracado_via";"uso_solo";"pessoas";"mortos";"feridos_leves";"feridos_graves";"ilesos";"ignorados";"feridos";"veiculos";"latitude";"longitude";"regional";"delegacia";"uop"
134485;2018-05-15;"terça-feira";"11:15:00";"RO";319;64;"PORTO VELHO";"Falta de Atenção à Condução";"Engavetamento";"Sem Vítimas";"Pleno dia";"Crescente";"Céu Claro";"Dupla";"Reta";"Sim";5;0;0;0;5;0;0;3;-8,763175;-63,884823;"SPRF-RO";"DEL01-RO";"UOP01-DEL01-RO"
134487;2018-05-15;"terça-feira";"13:30:00";"PR";376;161,7;"MANDAGUACU";"Avarias e/ou desgaste excessivo no pneu";"Saída de leito carroçável";"Com Vítimas Feridas";"Pleno dia";"Decrescente";"Céu Claro";"Dupla";"Reta";"Não";1;0;1;0;0;0;1;1;-23,3688654;-52,06465799;"SPRF-PR";"DEL07-PR";"UOP01-DEL09-PR"
134488;2018-05-15;"terça-feira";"12:50:00";"SC";101;54;"JOINVILLE";"Falta de Atenção à Condução";"Colisão com objeto estático";"Com Vítimas Feridas";"Pleno dia";"Decrescente";"Céu Claro";"Dupla";"Curva";"Não";2;0;2;0;0;0;2;1;-26,4277;-48,8264;"SPRF-SC";"DEL03-SC";"UOP01-DEL03-SC"
134489;2018-05-15;"terça-feira";"13:00:00";"GO";153;608,9;"MORRINHOS";"Condutor Dormindo";"Saída de leito carroçável";"Com Vítimas Feridas";"Pleno dia";"Crescente";"Céu Claro";"Dupla";"Reta";"Não";1;0;1;0;0;0;1;1;-17,619788;-49,179662;"SPRF-GO";"DEL03-GO";"UOP01-DEL03-GO"
134490;2018-04-26;"quinta-feira";"21:35:00";"PB";230;16,2;"JOAO PESSOA";"Ingestão de Álcool";"Colisão lateral";"Sem Vítimas";"Plena Noite";"Decrescente";"Nublado";"Dupla";"Reta";"Sim";4;0;0;0;4;0;0;2;-7,10546001;-34,84454328;"SPRF-PB";"DEL01-PB";"UOP01-DEL01-PB"
134493;2018-05-15;"terça-feira";"13:40:00";"PR";277;345,7;"GUARAPUAVA";"Falta de Atenção do Pedestre";"Atropelamento de Pedestre";"Com Vítimas Feridas";"Pleno dia";"Crescente";"Nublado";"Simples";"Reta";"Sim";2;0;1;0;1;0;1;2;-25,36801205;-51,49417453;"SPRF-PR";"DEL03-PR";"UOP01-DEL08-PR"
134494;2018-05-15;"terça-feira";"13:30:00";"SP";153;182,7;"LINS";"Falta de Atenção à Condução";"Colisão transversal";"Com Vítimas Feridas";"Pleno dia";"Crescente";"Céu Claro";"Simples";"Curva";"Não";2;0;2;0;0;0;2;2;-21,70518356;-49,80002132;"SPRF-SP";"DEL07-SP";"UOP01-DEL07-SP"
134496;2018-05-15;"terça-feira";"14:00:00";"SP";116;49,5;"LORENA";"Condutor Dormindo";"Saída de leito carroçável";"Com Vítimas Feridas";"Pleno dia";"Crescente";"Céu Claro";"Dupla";"Reta";"Não";2;0;2;0;0;0;2;1;-22,73311794;-45,0806502;"SPRF-SP";"DEL08-SP";"UOP02-DEL08-SP"
134497;2018-05-15;"terça-feira";"13:30:00";"SC";163;69,1;"SAO MIGUEL DO OESTE";"Não guardar distância de segurança";"Colisão traseira";"Com Vítimas Feridas";"Pleno dia";"Decrescente";"Nublado";"Dupla";"Reta";"Sim";3;0;2;0;1;0;2;2;-26,72941735;-53,51175427;"SPRF-SC";"DEL07-SC";"UOP03-DEL07-SC"
134498;2018-04-25;"quarta-feira";"15:55:00";"MG";381;447;"SANTA LUZIA";"Falta de Atenção à Condução";"Queda de ocupante de veículo";"Com Vítimas Feridas";"Pleno dia";"Decrescente";"Céu Claro";"Simples";"Declive";"Sim";1;0;0;1;0;0;1;1;-19,80999217;-43,79309177;"SPRF-MG";"DEL01-MG";"UOP01-DEL01-MG"
134499;2018-04-29;"domingo";"19:40:00";"RS";293;252,8;"DOM PEDRITO";"Falta de Atenção à Condução";"Colisão transversal";"Com Vítimas Feridas";"Plena Noite";"Crescente";"Chuva";"Simples";"Reta";"Sim";3;0;1;1;1;0;2;2;-30,95023024;-54,713974;"SPRF-RS";"DEL11-RS";"UOP01-DEL11-RS"
134502;2018-05-15;"terça-feira";"12:20:00";"RJ";465;14;"SEROPEDICA";"Falta de Atenção à Condução";"Colisão traseira";"Sem Vítimas";"Pleno dia";"Decrescente";"Céu Claro";"Simples";"Reta";"Sim";2;0;0;0;2;0;0;2;-22,804979;-43,638828;"SPRF-RJ";"DEL01-RJ";"UOP03-DEL01-RJ"
134503;2018-05-15;"terça-feira";"14:10:00";"SC";101;210;"SAO JOSE";"Falta de Atenção à Condução";"Colisão lateral";"Com Vítimas Feridas";"Pleno dia";"Decrescente";"Céu Claro";"Múltipla";"Reta";"Sim";2;0;1;0;1;0;1;2;-27,6235;-48,6524;"SPRF-SC";"DEL01-SC";"UOP01-DEL01-SC"
134506;2018-05-07;"segunda-feira";"07:10:00";"RN";101;104;"PARNAMIRIM";"Falta de Atenção à Condução";"Colisão lateral";"Com Vítimas Feridas";"Pleno dia";"Crescente";"Céu Claro";"Múltipla";"Curva;Viaduto";"Sim";2;0;1;0;0;1;1;2;-5,891096;-35,255188;"SPRF-RN";"DEL01-RN";"UOP01-DEL01-RN"
134507;2018-05-15;"terça-feira";"13:50:00";"MG";381;781,8;"CAMPANHA";"Velocidade Incompatível";"Saída de leito carroçável";"Com Vítimas Feridas";"Pleno dia";"Crescente";"Nublado";"Dupla";"Curva;Aclive";"Não";3;0;2;0;1;0;2;1;-21,83021946;-45,49774289;"SPRF-MG";"DEL16-MG";"UOP02-DEL16-MG"
134509;2018-05-15;"terça-feira";"14:45:00";"SP";381;61;"MAIRIPORA";"Velocidade Incompatível";"Saída de leito carroçável";"Sem Vítimas";"Pleno dia";"Decrescente";"Garoa/Chuvisco";"Dupla";"Curva;Aclive";"Não";1;0;0;0;1;0;0;1;-23,28954399;-46,5804112;"SPRF-SP";"DEL03-SP";"UOP01-DEL03-SP"
134510;2018-05-15;"terça-feira";"14:55:00";"CE";222;122,7;"ITAPAJE";"Falta de Atenção à Condução";"Colisão traseira";"Com Vítimas Feridas";"Pleno dia";"Decrescente";"Céu Claro";"Simples";"Reta";"Sim";2;0;1;0;1;0;1;2;-3,69600368;-39,57918549;"SPRF-CE";"DEL04-CE";"UOP03-DEL04-CE"
134511;2018-05-15;"terça-feira";"15:30:00";"PR";369;190,5;"ARAPONGAS";"Não guardar distância de segurança";"Engavetamento";"Com Vítimas Feridas";"Pleno dia";"Decrescente";"Sol";"Dupla";"Reta;Em Obras";"Não";4;0;1;0;2;1;1;4;-23,47056838;-51,42364383;"SPRF-PR";"DEL07-PR";"UOP03-DEL07-PR"
134512;2018-05-15;"terça-feira";"15:40:00";"SP";101;47,2;"UBATUBA";"Falta de Atenção à Condução";"Colisão transversal";"Com Vítimas Feridas";"Pleno dia";"Crescente";"Nublado";"Simples";"Reta";"Sim";2;0;1;0;1;0;1;2;-23,43393441;-45,08716106;"SPRF-SP";"DEL06-SP";"UOP01-DEL06-SP"
134513;2018-05-15;"terça-feira";"15:30:00";"SP";116;231;"GUARULHOS";"Ingestão de Álcool";"Colisão traseira";"Com Vítimas Feridas";"Pleno dia";"Crescente";"Céu Claro";"Múltipla";"Reta";"Sim";3;0;2;0;1;0;2;2;-23,52270912;-46,58617258;"SPRF-SP";"DEL01-SP";"UOP01-DEL01-SP"
134514;2018-05-13;"domingo";"04:00:00";"PI";135;594;"CORRENTE";"Falta de Atenção à Condução";"Atropelamento de Pedestre";"Com Vítimas Fatais";"Amanhecer";"Crescente";"Nublado";"Simples";"Reta";"Sim";2;1;0;0;1;0;0;2;-10,471062;-45,179146;"SPRF-PI";"DEL03-PI";"UOP02-DEL03-PI"
134516;2018-05-15;"terça-feira";"14:40:00";"MT";174;588;"COMODORO";"Falta de Atenção à Condução";"Capotamento";"Com Vítimas Feridas";"Pleno dia";"Crescente";"Chuva";"Simples";"Reta";"Não";2;0;1;0;1;0;1;1;-12,82150961;-60,07730305;"SPRF-RO";"DEL04-RO";"UOP01-DEL04-RO"
134517;2018-05-15;"terça-feira";"14:45:00";"MS";163;264;"DOURADOS";"Desobediência às normas de trânsito pelo condutor";"Colisão lateral";"Com Vítimas Feridas";"Pleno dia";"Crescente";"Céu Claro";"Dupla";"Rotatória";"Não";2;0;1;0;1;0;1;2;-22,22583098;-54,73520368;"SPRF-MS";"DEL04-MS";"UOP01-DEL04-MS"
134518;2018-05-15;"terça-feira";"12:30:00";"MG";116;151,9;"PONTO DOS VOLANTES";"Desobediência às normas de trânsito pelo condutor";"Colisão transversal";"Com Vítimas Feridas";"Pleno dia";"Crescente";"Sol";"Simples";"Curva";"Não";2;0;0;1;1;0;1;2;-16,9151599;-41,46716416;"SPRF-MG";"DEL11-MG";"UOP02-DEL11-MG"
134519;2018-05-15;"terça-feira";"14:45:00";"RJ";101;318;"SAO GONCALO";"Falta de Atenção à Condução";"Colisão lateral";"Com Vítimas Feridas";"Pleno dia";"Crescente";"Sol";"Dupla";"Reta";"Não";3;0;2;0;1;0;2;2;-22,845663;-43,098431;"SPRF-RJ";"DEL02-RJ";"DEL5/2-UOP04/RJ"
134520;2018-05-15;"terça-feira";"14:15:00";"MT";70;268,7;"PRIMAVERA DO LESTE";"Avarias e/ou desgaste excessivo no pneu";"Capotamento";"Com Vítimas Feridas";"Pleno dia";"Crescente";"Céu Claro";"Simples";"Aclive";"Não";2;0;1;0;1;0;1;1;-15,536777;-54,197769;"SPRF-MT";"DEL05-MT";"UOP01-DEL05-MT"
134524;2018-05-15;"terça-feira";"15:50:00";"MS";163;10;"MUNDO NOVO";"Defeito Mecânico no Veículo";"Tombamento";"Com Vítimas Feridas";"Pleno dia";"Decrescente";"Nublado";"Simples";"Declive;Reta";"Não";2;0;1;0;1;0;1;1;-23,977554;-54,331066;"SPRF-MS";"DEL09-MS";"UOP02-DEL09-MS"
134525;2018-05-15;"terça-feira";"17:05:00";"DF";20;7;"BRASILIA";"Falta de Atenção à Condução";"Colisão traseira";"Com Vítimas Feridas";"Anoitecer";"Crescente";"Céu Claro";"Dupla";"Reta;Aclive";"Sim";2;0;1;0;1;0;1;2;-15,662208;-47,799866;"SPRF-DF";"DEL02-DF";"UOP01-DEL02-DF"
134529;2018-05-15;"terça-feira";"11:50:00";"SC";282;237,9;"LAGES";"Falta de Atenção à Condução";"Saída de leito carroçável";"Sem Vítimas";"Pleno dia";"Decrescente";"Ignorado";"Simples";"Curva;Aclive";"Não";1;0;0;0;1;0;0;1;-27,78866887;-50,48505306;"SPRF-SC";"DEL05-SC";"UOP02-DEL05-SC"
134530;2018-05-15;"terça-feira";"16:50:00";"ES";101;21,1;"CONCEICAO DA BARRA";"Ingestão de Álcool";"Tombamento";"Com Vítimas Feridas";"Pleno dia";"Crescente";"Chuva";"Simples";"Reta";"Não";1;0;1;0;0;0;1;1;-18,32348999;-39,95833486;"SPRF-ES";"DEL04-ES";"UOP02-DEL04-ES"
134531;2018-05-15;"terça-feira";"16:45:00";"PI";316;1;"TERESINA";"Falta de Atenção à Condução";"Colisão lateral";"Com Vítimas Feridas";"Pleno dia";"Decrescente";"Céu Claro";"Simples";"Reta";"Sim";2;0;1;0;1;0;1;2;-5,128619;-42,807068;"SPRF-PI";"DEL01-PI";"UOP02-DEL01-PI"
134532;2018-05-15;"terça-feira";"17:20:00";"PA";316;57;"CASTANHAL";"Falta de Atenção à Condução";"Saída de leito carroçável";"Com Vítimas Feridas";"Pleno dia";"Crescente";"Nublado";"Dupla";"Aclive";"Não";1;0;1;0;0;0;1;1;-1,306961;-48,034779;"SPRF-PA";"DEL01-PA";"UOP01-DEL01-PA"
134533;2018-05-15;"terça-feira";"17:30:00";"PR";369;129,3;"JATAIZINHO";"Falta de Atenção do Pedestre";"Atropelamento de Pedestre";"Com Vítimas Feridas";"Anoitecer";"Decrescente";"Céu Claro";"Simples";"Reta";"Sim";2;0;0;1;0;1;1;2;-23,260677;-50,979585;"SPRF-PR";"DEL07-PR";"UOP01-DEL07-PR"
134534;2018-05-15;"terça-feira";"17:38:00";"ES";101;68;"SAO MATEUS";"Ingestão de Álcool";"Colisão com objeto em movimento";"Com Vítimas Feridas";"Plena Noite";"Crescente";"Céu Claro";"Simples";"Reta";"Sim";2;0;0;2;0;0;2;2;-18,8142412;-39,9011904;"SPRF-ES";"DEL04-ES";"UOP02-DEL04-ES"
134538;2018-05-15;"terça-feira";"17:30:00";"RN";226;317,6;"JANDUIS";"Falta de Atenção à Condução";"Queda de ocupante de veículo";"Com Vítimas Fatais";"Anoitecer";"Decrescente";"Céu Claro";"Simples";"Reta";"Não";1;1;0;0;0;0;0;1;-6,06545186;-37,4980545;"SPRF-RN";"DEL04-RN";"UOP01-DEL04-RN"
134539;2018-05-15;"terça-feira";"17:45:00";"PR";376;256,7;"CALIFORNIA";"Não guardar distância de segurança";"Colisão traseira";"Com Vítimas Feridas";"Anoitecer";"Decrescente";"Céu Claro";"Simples";"Reta";"Sim";2;0;1;0;1;0;1;2;-23,65961939;-51,36657715;"SPRF-PR";"DEL07-PR";"UOP03-DEL07-PR"
134540;2018-05-15;"terça-feira";"16:35:00";"PR";369;58;"BANDEIRANTES";"Desobediência às normas de trânsito pelo condutor";"Colisão lateral";"Com Vítimas Feridas";"Pleno dia";"Decrescente";"Céu Claro";"Simples";"Reta";"Sim";3;0;0;2;1;0;2;2;-23,12082459;-50,37877321;"SPRF-PR";"DEL07-PR";"UOP05-DEL07-PR"
134541;2018-05-15;"terça-feira";"18:10:00";"SC";101;87,9;"BARRA VELHA";"Falta de Atenção à Condução";"Colisão transversal";"Com Vítimas Feridas";"Plena Noite";"Decrescente";"Nublado";"Simples";"Reta";"Sim";2;0;0;1;1;0;1;2;-26,65010531;-48,68663007;"SPRF-SC";"DEL03-SC";"UOP02-DEL03-SC"
134542;2018-05-15;"terça-feira";"18:30:00";"SC";101;214;"PALHOCA";"Velocidade Incompatível";"Colisão traseira";"Com Vítimas Feridas";"Pleno dia";"Decrescente";"Chuva";"Dupla";"Reta";"Não";3;0;1;0;2;0;1;2;-27,652;-48,676;"SPRF-SC";"DEL01-SC";"UOP02-DEL01-SC"
134543;2018-05-15;"terça-feira";"18:40:00";"GO";40;2,4;"VALPARAISO DE GOIAS";"Falta de Atenção à Condução";"Colisão lateral";"Sem Vítimas";"Plena Noite";"Crescente";"Céu Claro";"Dupla";"Reta";"Sim";2;0;0;0;2;0;0;2;-16,0710112;-47,9851999;"SPRF-DF";"DEL01-DF";"UOP01-DEL01-DF"
134544;2018-05-15;"terça-feira";"18:20:00";"PA";222;238;"MARABA";"Falta de Atenção do Pedestre";"Atropelamento de Pedestre";"Com Vítimas Feridas";"Anoitecer";"Decrescente";"Céu Claro";"Simples";"Reta";"Sim";2;0;1;0;1;0;1;2;-5,301523;-49,072395;"SPRF-PA";"DEL03-PA";"UOP01-DEL03-PA"
134545;2018-05-15;"terça-feira";"12:30:00";"ES";101;65,4;"SAO MATEUS";"Falta de Atenção à Condução";"Tombamento";"Com Vítimas Feridas";"Pleno dia";"Crescente";"Chuva";"Simples";"Viaduto";"Sim";1;0;0;1;0;0;1;1;-18,71320346;-39,87839699;"SPRF-ES";"DEL04-ES";"UOP02-DEL04-ES"
134546;2018-05-15;"terça-feira";"17:45:00";"SC";470;75;"INDAIAL";"Falta de Atenção à Condução";"Atropelamento de Pedestre";"Com Vítimas Feridas";"Plena Noite";"Crescente";"Nublado";"Simples";"Reta";"Não";2;0;2;0;0;0;2;2;-26,90676315;-49,27333832;"SPRF-SC";"DEL04-SC";"UOP01-DEL04-SC"
134548;2018-05-15;"terça-feira";"18:40:00";"DF";80;5,3;"BRASILIA";"Falta de Atenção à Condução";"Colisão transversal";"Com Vítimas Feridas";"Plena Noite";"Crescente";"Céu Claro";"Simples";"Reta";"Sim";2;0;1;0;1;0;1;2;-15,729303;-48,123989;"SPRF-DF";"DEL01-DF";"UOP02-DEL03-DF"
134549;2018-05-15;"terça-feira";"18:50:00";"PR";376;8,7;"MARINGA";"Velocidade Incompatível";"Saída de leito carroçável";"Com Vítimas Feridas";"Plena Noite";"Decrescente";"Céu Claro";"Simples";"Viaduto";"Não";1;0;1;0;0;0;1;1;-23,37842278;-51,91486359;"SPRF-PR";"DEL07-PR";"UOP01-DEL09-PR"
134550;2018-05-15;"terça-feira";"19:00:00";"SP";116;229;"SAO PAULO";"Falta de Atenção à Condução";"Colisão traseira";"Com Vítimas Feridas";"Plena Noite";"Decrescente";"Nublado";"Múltipla";"Reta";"Não";2;0;1;0;1;0;1;2;-23,509455;-46,57282591;"SPRF-SP";"DEL01-SP";"UOP01-DEL01-SP"
134554;2018-05-15;"terça-feira";"18:45:00";"BA";101;100;"ALAGOINHAS";"Defeito Mecânico no Veículo";"Queda de ocupante de veículo";"Com Vítimas Feridas";"Amanhecer";"Decrescente";"Céu Claro";"Simples";"Reta";"Não";2;0;2;0;0;0;2;1;-12,094;-38,363;"SPRF-BA";"DEL01-BA";"UOP04-DEL01-BA"
134555;2018-05-15;"terça-feira";"18:50:00";"MG";40;632,5;"CONSELHEIRO LAFAIETE";"Ingestão de Álcool";"Colisão transversal";"Com Vítimas Feridas";"Plena Noite";"Crescente";"Céu Claro";"Simples";"Interseção de Vias;Curva";"Sim";4;0;1;0;1;2;1;3;-20,68153392;-43,79436582;"SPRF-MG";"DEL05-MG";"UOP02-DEL05-MG"
134557;2018-05-15;"terça-feira";"19:10:00";"ES";101;146,7;"LINHARES";"Falta de Atenção à Condução";"Atropelamento de Pedestre";"Com Vítimas Feridas";"Plena Noite";"Crescente";"Nublado";"Múltipla";"Interseção de Vias";"Sim";2;0;0;1;1;0;1;2;-19,37554344;-40,06635547;"SPRF-ES";"DEL04-ES";"UOP01-DEL04-ES"
134558;2018-05-15;"terça-feira";"19:15:00";"GO";40;14;"LUZIANIA";"Não guardar distância de segurança";"Colisão traseira";"Com Vítimas Feridas";"Plena Noite";"Crescente";"Céu Claro";"Dupla";"Declive";"Sim";2;0;1;0;1;0;1;2;-16,16769157;-47,93013096;"SPRF-DF";"DEL01-DF";"UOP01-DEL01-DF"
134560;2018-05-15;"terça-feira";"20:00:00";"BA";116;419;"FEIRA DE SANTANA";"Desobediência às normas de trânsito pelo pedestre";"Atropelamento de Pedestre";"Com Vítimas Feridas";"Plena Noite";"Decrescente";"Céu Claro";"Dupla";"Reta";"Sim";3;0;0;2;0;1;2;2;-12,20665988;-38,96541026;"SPRF-BA";"DEL02-BA";"UOP01-DEL02-BA"
134561;2018-05-15;"terça-feira";"18:30:00";"SC";470;122;"IBIRAMA";"Velocidade Incompatível";"Colisão frontal";"Com Vítimas Feridas";"Plena Noite";"Crescente";"Chuva";"Simples";"Curva";"Não";5;0;2;0;3;0;2;3;-27,09214104;-49,5205307;"SPRF-SC";"DEL04-SC";"UOP02-DEL04-SC"
134562;2018-05-15;"terça-feira";"20:10:00";"BA";324;621;"SIMOES FILHO";"Condutor Dormindo";"Atropelamento de Pedestre";"Com Vítimas Feridas";"Plena Noite";"Crescente";"Céu Claro";"Simples";"Reta";"Não";3;0;2;0;1;0;2;2;-12,79974912;-38,40545654;"SPRF-BA";"DEL01-BA";"UOP01-DEL01-BA"
134563;2018-05-15;"terça-feira";"18:50:00";"RN";405;0,3;"MOSSORO";"Falta de Atenção à Condução";"Colisão frontal";"Com Vítimas Feridas";"Plena Noite";"Crescente";"Céu Claro";"Simples";"Curva";"Sim";2;0;1;0;1;0;1;2;-5,19094999;-37,35494757;"SPRF-RN";"DEL04-RN";"UOP02-DEL04-RN"
134565;2018-05-15;"terça-feira";"20:40:00";"SC";101;123,9;"ITAJAI";"Ingestão de Álcool";"Colisão traseira";"Sem Vítimas";"Plena Noite";"Crescente";"Chuva";"Dupla";"Reta";"Não";2;0;0;0;2;0;0;2;-26,9434;-48,6917;"SPRF-SC";"DEL04-SC";"UOP04-DEL04-SC"
134566;2018-04-21;"sábado";"19:00:00";"GO";60;117,9;"TEREZOPOLIS DE GOIAS";"Falta de Atenção do Pedestre";"Atropelamento de Pedestre";"Com Vítimas Fatais";"Plena Noite";"Decrescente";"Céu Claro";"Dupla";"Reta";"Sim";4;1;1;1;0;1;2;2;-16,484018;-49,092363;"SPRF-GO";"DEL01-GO";"UOP01-DEL01-GO"
134568;2018-05-15;"terça-feira";"19:15:00";"RJ";40;91;"PETROPOLIS";"Objeto estático sobre o leito carroçável";"Colisão com objeto estático";"Sem Vítimas";"Plena Noite";"Crescente";"Céu Claro";"Simples";"Reta";"Não";2;0;0;0;2;0;0;1;-22,5505129;-43,24488547;"SPRF-RJ";"DEL06-RJ";"UOP01-DEL06-RJ"
134570;2018-05-15;"terça-feira";"16:40:00";"PR";163;68,2;"PEROLA DOESTE";"Pista Escorregadia";"Saída de leito carroçável";"Com Vítimas Feridas";"Pleno dia";"Crescente";"Chuva";"Simples";"Curva";"Não";2;0;1;0;1;0;1;1;-25,811629;-53,768052;"SPRF-PR";"DEL02-PR";"UOP02-DEL02-PR"
134573;2018-05-15;"terça-feira";"21:00:00";"SC";101;208;"SAO JOSE";"Falta de Atenção à Condução";"Colisão traseira";"Com Vítimas Feridas";"Plena Noite";"Decrescente";"Garoa/Chuvisco";"Múltipla";"Declive;Curva";"Sim";4;0;2;0;2;0;2;3;-27,60337;-48,63226354;"SPRF-SC";"DEL01-SC";"UOP01-DEL01-SC"
134574;2018-05-15;"terça-feira";"19:40:00";"MT";364;204;"RONDONOPOLIS";"Falta de Atenção à Condução";"Colisão lateral";"Com Vítimas Feridas";"Plena Noite";"Crescente";"Céu Claro";"Dupla";"Reta;Rotatória";"Sim";2;0;1;0;1;0;1;2;-16,467325;-54,657196;"SPRF-MT";"DEL02-MT";"UOP01-DEL02-MT"
134576;2018-04-28;"sábado";"14:30:00";"RS";158;215,7;"CRUZ ALTA";"Velocidade Incompatível";"Saída de leito carroçável";"Com Vítimas Feridas";"Pleno dia";"Decrescente";"Sol";"Simples";"Curva";"Não";3;0;3;0;0;0;3;1;-28,82301909;-53,61465454;"SPRF-RS";"DEL10-RS";"UOP02-DEL10-RS"
134577;2018-05-15;"terça-feira";"17:05:00";"SC";282;500,2;"XANXERE";"Velocidade Incompatível";"Saída de leito carroçável";"Sem Vítimas";"Pleno dia";"Crescente";"Chuva";"Dupla";"Rotatória";"Sim";1;0;0;0;1;0;0;1;-26,881372;-52,37252;"SPRF-SC";"DEL07-SC";"UOP01-DEL07-SC"
134579;2018-05-15;"terça-feira";"21:20:00";"PE";423;85,5;"SAO JOAO";"Falta de Atenção à Condução";"Colisão traseira";"Sem Vítimas";"Plena Noite";"Crescente";"Chuva";"Simples";"Reta";"Sim";2;0;0;0;2;0;0;2;-8,80999945;-36,44346625;"SPRF-PE";"DEL03-PE";"UOP01-DEL03-PE"
134580;2018-05-15;"terça-feira";"19:45:00";"MA";135;20,3;"SAO LUIS";"Desobediência às normas de trânsito pelo condutor";"Colisão transversal";"Sem Vítimas";"Plena Noite";"Decrescente";"Nublado";"Dupla";"Rotatória";"Sim";2;0;0;0;2;0;0;2;-2,56585503;-44,32816297;"SPRF-MA";"DEL01-MA";"UOP01-DEL01-MA"
134583;2018-05-15;"terça-feira";"22:05:00";"PR";277;204,3;"PALMEIRA";"Velocidade Incompatível";"Saída de leito carroçável";"Com Vítimas Feridas";"Plena Noite";"Crescente";"Chuva";"Simples";"Curva";"Não";1;0;1;0;0;0;1;1;-25,47303326;-50,32081604;"SPRF-PR";"DEL03-PR";"UOP02-DEL08-PR"
134584;2018-05-15;"terça-feira";"21:26:00";"PR";158;521;"PATO BRANCO";"Falta de Atenção à Condução";"Saída de leito carroçável";"Com Vítimas Feridas";"Plena Noite";"Decrescente";"Nublado";"Simples";"Declive";"Sim";1;0;1;0;0;0;1;1;-26,20228;-52,678215;"SPRF-PR";"DEL02-PR";"UOP01-DEL02-PR"
134586;2018-05-15;"terça-feira";"21:50:00";"MG";262;800,3;"UBERABA";"Avarias e/ou desgaste excessivo no pneu";"Tombamento";"Com Vítimas Feridas";"Plena Noite";"Decrescente";"Céu Claro";"Dupla";"Reta";"Sim";1;0;1;0;0;0;1;1;-19,7686421;-47,8924942;"SPRF-MG";"DEL13-MG";"UOP01-DEL13-MG"
134587;2018-05-15;"terça-feira";"18:00:00";"MT";163;982;"TERRA NOVA DO NORTE";"Falta de Atenção à Condução";"Colisão frontal";"Sem Vítimas";"Plena Noite";"Crescente";"Chuva";"Simples";"Curva;Aclive";"Não";3;0;0;0;3;0;0;2;-10,63247617;-55,13218403;"SPRF-MT";"DEL06-MT";"UOP02-DEL06-MT"
134588;2018-05-15;"terça-feira";"22:00:00";"SP";116;269;"TABOAO DA SERRA";"Desobediência às normas de trânsito pelo condutor";"Colisão lateral";"Com Vítimas Feridas";"Plena Noite";"Decrescente";"Ignorado";"Dupla";"Reta";"Sim";5;0;1;0;4;0;1;2;-23,61023907;-46,77137375;"SPRF-SP";"DEL04-SP";"UOP01-DEL04-SP"
134589;2018-01-27;"sábado";"08:50:00";"RN";304;29,9;"MOSSORO";"Não guardar distância de segurança";"Queda de ocupante de veículo";"Com Vítimas Feridas";"Pleno dia";"Decrescente";"Céu Claro";"Simples";"Reta";"Não";1;0;0;1;0;0;1;1;-5,108247;-37,33905;"SPRF-RN";"DEL04-RN";"UOP02-DEL04-RN"
134590;2018-05-15;"terça-feira";"22:45:00";"PR";376;180,3;"MARINGA";"Falta de Atenção à Condução";"Colisão lateral";"Com Vítimas Feridas";"Plena Noite";"Crescente";"Chuva";"Dupla";"Reta";"Sim";2;0;1;0;1;0;1;2;-23,42922893;-51,89254761;"SPRF-PR";"DEL07-PR";"UOP01-DEL09-PR"
134593;2018-05-15;"terça-feira";"19:20:00";"PR";153;108,4;"IBAITI";"Falta de Atenção à Condução";"Colisão frontal";"Com Vítimas Feridas";"Plena Noite";"Crescente";"Céu Claro";"Simples";"Interseção de Vias";"Sim";5;0;2;3;0;0;5;2;-23,8442;-50,1933;"SPRF-PR";"DEL07-PR";"UOP04-DEL07-PR"
134595;2018-04-25;"quarta-feira";"18:00:00";"PR";280;307;"BARRACAO";"Avarias e/ou desgaste excessivo no pneu";"Saída de leito carroçável";"Com Vítimas Feridas";"Anoitecer";"Crescente";"Ignorado";"Simples";"Reta";"Não";5;0;2;1;2;0;3;1;-26,289927;-53,547855;"SPRF-PR";"DEL02-PR";"UOP01-DEL02-PR"
134596;2018-05-15;"terça-feira";"22:35:00";"SC";116;219,7;"CORREIA PINTO";"Animais na Pista";"Atropelamento de Animal";"Sem Vítimas";"Plena Noite";"Crescente";"Nublado";"Simples";"Reta";"Sim";1;0;0;0;1;0;0;1;-27,577713;-50,36993;"SPRF-SC";"DEL05-SC";"UOP03-DEL05-SC"
134597;2018-05-15;"terça-feira";"23:10:00";"SC";101;144;"ITAPEMA";"Condutor Dormindo";"Colisão com objeto estático";"Sem Vítimas";"Plena Noite";"Decrescente";"Céu Claro";"Dupla";"Reta";"Não";1;0;0;0;1;0;0;1;-27,0816;-48,6012;"SPRF-SC";"DEL04-SC";"UOP03-DEL04-SC"
134598;2018-05-16;"quarta-feira";"00:30:00";"PR";277;81,2;"CURITIBA";"Falta de Atenção à Condução";"Queda de ocupante de veículo";"Com Vítimas Feridas";"Plena Noite";"Crescente";"Chuva";"Dupla";"Reta";"Sim";1;0;1;0;0;0;1;1;-25,462177;-49,218858;"SPRF-PR";"DEL01-PR";"UOP01-DEL01-PR"