"id";"data_inversa";"dia_semana";"horario";"uf";"br";"km";"municipio";"causa_acidente";"tipo_acidente";"classificacao_acidente";"fase_dia";"sentido_via";"condicao_metereologica";"tipo_pista";"tracado_via";"uso_solo";"pessoas";"mortos";"feridos_leves";"feridos_graves";"ilesos";"ignorados";"feridos";"veiculos";"latitude";"longitude";"regional";"delegacia";"uop"
134997;2018-05-18;"sexta-feira";"07:00:00";"GO";70;1,9;"AGUAS LINDAS DE GOIAS";"Falta de Atenção à Condução";"Colisão lateral";"Com Vítimas Feridas";"Amanhecer";"Decrescente";"Céu Claro";"Dupla";"Reta";"Sim";3;0;2;0;1;0;2;2;-15,76941587;-48,23004928;"SPRF-DF";"DEL01-DF";"UOP02-DEL03-DF"
134999;2018-05-18;"sexta-feira";"06:15:00";"PE";232;117,6;"CARUARU";"Defeito na Via";"Saída de leito carroçável";"Sem Vítimas";"Pleno dia";"Decrescente";"Chuva";"Dupla";"Reta";"Não";1;0;0;0;1;0;0;1;-8,294599;-35,884839;"SPRF-PE";"DEL02-PE";"UOP03-DEL02-PE"
135000;2018-05-18;"sexta-feira";"07:16:00";"PR";277;604;"SANTA TEREZA DO OESTE";"Mal Súbito";"Queda de ocupante de veículo";"Com Vítimas Feridas";"Amanhecer";"Crescente";"Céu Claro";"Simples";"Reta";"Não";2;0;1;0;1;0;1;1;-25,029057;-53,569607;"SPRF-PR";"DEL05-PR";"UOP02-DEL05-PR"
135001;2018-05-18;"sexta-feira";"06:30:00";"SC";101;208;"SAO JOSE";"Não guardar distância de segurança";"Colisão lateral";"Com Vítimas Feridas";"Pleno dia";"Decrescente";"Céu Claro";"Dupla";"Reta";"Sim";2;0;2;0;0;0;2;1;-27,6101;-48,6388;"SPRF-SC";"DEL01-SC";"UOP01-DEL01-SC"
135002;2018-05-18;"sexta-feira";"07:07:00";"SP";116;219;"GUARULHOS";"Falta de Atenção à Condução";"Colisão traseira";"Com Vítimas Feridas";"Pleno dia";"Crescente";"Céu Claro";"Múltipla";"Reta";"Sim";2;0;1;0;1;0;1;2;-23,4635552;-46,49593824;"SPRF-SP";"DEL01-SP";"UOP01-DEL01-SP"
135003;2018-05-18;"sexta-feira";"07:40:00";"DF";70;11,7;"BRASILIA";"Falta de Atenção à Condução";"Colisão lateral";"Com Vítimas Feridas";"Pleno dia";"Decrescente";"Céu Claro";"Dupla";"Retorno Regulamentado";"Sim";3;0;1;0;2;0;1;2;-15,79152057;-48,15509135;"SPRF-DF";"DEL01-DF";"UOP02-DEL03-DF"
135006;2018-05-18;"sexta-feira";"05:50:00";"PR";476;118;"COLOMBO";"Falta de Atenção à Condução";"Colisão transversal";"Com Vítimas Feridas";"Amanhecer";"Crescente";"Nublado";"Dupla";"Reta";"Sim";2;0;0;1;1;0;1;2;-25,35634;-49,180828;"SPRF-PR";"DEL01-PR";"UOP01-DEL01-PR"
135007;2018-05-18;"sexta-feira";"08:00:00";"SP";116;219;"GUARULHOS";"Falta de Atenção à Condução";"Colisão com objeto em movimento";"Com Vítimas Feridas";"Pleno dia";"Crescente";"Nublado";"Múltipla";"Reta";"Não";2;0;1;0;1;0;1;2;-23,4239512;-46,3976256;"SPRF-SP";"DEL01-SP";"UOP01-DEL01-SP"
135011;2018-04-27;"sexta-feira";"08:50:00";"SC";282;4,3;"FLORIANOPOLIS";"Não guardar distância de segurança";"Colisão lateral";"Com Vítimas Feridas";"Pleno dia";"Decrescente";"Sol";"Dupla";"Reta";"Sim";2;0;1;0;1;0;1;2;-27,592646;-48,604034;"SPRF-SC";"DEL01-SC";"UOP01-DEL01-SC"
135012;2018-05-18;"sexta-feira";"06:30:00";"MG";262;766,2;"UBERABA";"Falta de Atenção à Condução";"Saída de leito carroçável";"Sem Vítimas";"Pleno dia";"Decrescente";"Céu Claro";"Simples";"Reta";"Não";1;0;0;0;1;0;0;1;-19,683079;-47,666935;"SPRF-MG";"DEL13-MG";"UOP01-DEL13-MG"
135013;2018-05-18;"sexta-feira";"08:00:00";"PB";101;120,8;"CAAPORA";"Pista Escorregadia";"Saída de leito carroçável";"Com Vítimas Feridas";"Pleno dia";"Decrescente";"Chuva";"Dupla";"Declive;Reta";"Não";2;0;2;0;0;0;2;1;-7,440251;-34,977496;"SPRF-PB";"DEL01-PB";"UOP01-DEL01-PB"
135014;2018-05-18;"sexta-feira";"08:15:00";"ES";101;269;"SERRA";"Falta de Atenção à Condução";"Colisão lateral";"Com Vítimas Feridas";"Pleno dia";"Crescente";"Nublado";"Múltipla";"Reta";"Sim";2;0;1;0;1;0;1;2;-20,205759;-40,269458;"SPRF-ES";"DEL02-ES";"UOP01-DEL02-ES"
135015;2018-05-18;"sexta-feira";"08:10:00";"TO";153;105;"WANDERLANDIA";"Condutor Dormindo";"Colisão lateral";"Com Vítimas Feridas";"Pleno dia";"Decrescente";"Sol";"Simples";"Reta";"Não";5;0;3;1;1;0;4;2;-6,919829;-48,057522;"SPRF-TO";"DEL02-TO";"UOP01-DEL02-TO"
135016;2018-05-18;"sexta-feira";"08:20:00";"SC";101;202;"SAO JOSE";"Carga excessiva e/ou mal acondicionada";"Queda de ocupante de veículo";"Com Vítimas Feridas";"Pleno dia";"Crescente";"Nublado";"Múltipla";"Reta";"Sim";1;0;1;0;0;0;1;1;-27,56615078;-48,61424983;"SPRF-SC";"DEL01-SC";"UOP01-DEL01-SC"
135020;2018-05-18;"sexta-feira";"07:20:00";"BA";324;512;"FEIRA DE SANTANA";"Desobediência às normas de trânsito pelo condutor";"Colisão frontal";"Com Vítimas Feridas";"Pleno dia";"Decrescente";"Céu Claro";"Múltipla";"Reta";"Sim";2;0;1;0;1;0;1;2;-12,23100865;-38,95987988;"SPRF-BA";"DEL02-BA";"UOP01-DEL02-BA"
135022;2018-05-18;"sexta-feira";"07:55:00";"BA";324;516;"FEIRA DE SANTANA";"Falta de Atenção à Condução";"Colisão frontal";"Com Vítimas Feridas";"Pleno dia";"Decrescente";"Céu Claro";"Simples";"Reta";"Sim";2;0;1;0;1;0;1;2;-12,25530199;-38,9323765;"SPRF-BA";"DEL02-BA";"UOP01-DEL02-BA"
135024;2018-05-18;"sexta-feira";"07:30:00";"SC";282;90,7;"ALFREDO WAGNER";"Velocidade Incompatível";"Saída de leito carroçável";"Com Vítimas Feridas";"Pleno dia";"Crescente";"Chuva";"Simples";"Curva";"Não";2;0;1;0;1;0;1;1;-27,6875943;-49,22681808;"SPRF-SC";"DEL01-SC";"UOP03-DEL01-SC"
135025;2018-05-18;"sexta-feira";"08:00:00";"BA";101;503,8;"ITABUNA";"Falta de Atenção à Condução";"Queda de ocupante de veículo";"Com Vítimas Feridas";"Pleno dia";"Decrescente";"Sol";"Simples";"Reta";"Não";1;0;1;0;0;0;1;1;-14,77651123;-39,28816784;"SPRF-BA";"DEL05-BA";"UOP01-DEL05-BA"
135026;2018-05-17;"quinta-feira";"23:50:00";"SC";0;0;"SAO JOSE";"Desobediência às normas de trânsito pelo condutor";"Colisão com objeto estático";"Sem Vítimas";"Plena Noite";"Não Informado";"Céu Claro";"Simples";"Declive";"Não";1;0;0;0;0;1;0;1;-27,54798352;-48,62689284;"SPRF-SC";"DEL01-SC";"UOP01-DEL01-SC"
135030;2018-05-18;"sexta-feira";"09:50:00";"RJ";101;471;"ANGRA DOS REIS";"Desobediência às normas de trânsito pelo condutor";"Colisão traseira";"Com Vítimas Feridas";"Pleno dia";"Crescente";"Céu Claro";"Simples";"Curva";"Não";3;0;2;0;1;0;2;2;-22,9910632;-44,2331263;"SPRF-RJ";"DEL03-RJ";"UOP03-DEL03-RJ"
135034;2018-05-02;"quarta-feira";"16:00:00";"MS";262;380,7;"TERENOS";"Desobediência às normas de trânsito pelo condutor";"Colisão transversal";"Com Vítimas Feridas";"Pleno dia";"Crescente";"Céu Claro";"Simples";"Reta";"Não";5;0;3;1;1;0;4;2;-20,44965316;-54,84809518;"SPRF-MS";"DEL01-MS";"UOP03-DEL01-MS"
135035;2018-03-23;"sexta-feira";"21:10:00";"MG";50;63,2;"UBERLANDIA";"Desobediência às normas de trânsito pelo condutor";"Colisão transversal";"Com Vítimas Feridas";"Plena Noite";"Crescente";"Nublado";"Dupla";"Reta";"Não";3;0;0;2;1;0;2;2;-18,98820543;-48,21169263;"SPRF-MG";"DEL15-MG";"UOP02-DEL15-MG"
135039;2018-05-18;"sexta-feira";"08:45:00";"PE";101;84,5;"JABOATAO DOS GUARARAPES";"Objeto estático sobre o leito carroçável";"Colisão lateral";"Com Vítimas Feridas";"Pleno dia";"Crescente";"Nublado";"Múltipla";"Ponte";"Não";4;0;1;0;3;0;1;2;-8,1816;-34,9613;"SPRF-PE";"DEL01-PE";"UOP03-DEL01-PE"
135040;2018-05-18;"sexta-feira";"10:00:00";"PI";316;304;"PICOS";"Velocidade Incompatível";"Saída de leito carroçável";"Com Vítimas Feridas";"Pleno dia";"Crescente";"Céu Claro";"Simples";"Curva";"Não";2;0;1;0;1;0;1;1;-7,072122;-41,50849;"SPRF-PI";"DEL04-PI";"UOP01-DEL04-PI"
135043;2018-05-18;"sexta-feira";"11:20:00";"SP";116;272,8;"TABOAO DA SERRA";"Defeito Mecânico no Veículo";"Capotamento";"Com Vítimas Feridas";"Pleno dia";"Crescente";"Céu Claro";"Dupla";"Reta";"Não";1;0;0;1;0;0;1;1;-23,60979341;-46,7715025;"SPRF-SP";"DEL04-SP";"UOP01-DEL04-SP"
135044;2018-05-18;"sexta-feira";"11:30:00";"SC";101;196;"BIGUACU";"Falta de Atenção à Condução";"Colisão com objeto estático";"Com Vítimas Feridas";"Pleno dia";"Decrescente";"Céu Claro";"Dupla";"Reta";"Sim";2;0;1;1;0;0;2;1;-27,5185;-48,6383;"SPRF-SC";"DEL01-SC";"UOP01-DEL01-SC"
135046;2018-05-18;"sexta-feira";"11:30:00";"SC";101;91,1;"BARRA VELHA";"Falta de Atenção do Pedestre";"Atropelamento de Pedestre";"Com Vítimas Feridas";"Pleno dia";"Decrescente";"Céu Claro";"Simples";"Reta";"Sim";2;0;1;0;1;0;1;2;-26,67043703;-48,68972719;"SPRF-SC";"DEL03-SC";"UOP02-DEL03-SC"
135047;2018-05-18;"sexta-feira";"11:35:00";"SC";282;15,6;"PALHOCA";"Não guardar distância de segurança";"Colisão lateral";"Com Vítimas Feridas";"Pleno dia";"Crescente";"Nublado";"Simples";"Rotatória";"Sim";2;0;1;0;1;0;1;2;-27,65555451;-48,67902517;"SPRF-SC";"DEL01-SC";"UOP02-DEL01-SC"
135048;2018-05-18;"sexta-feira";"10:30:00";"SC";282;82,7;"ALFREDO WAGNER";"Velocidade Incompatível";"Saída de leito carroçável";"Com Vítimas Feridas";"Pleno dia";"Decrescente";"Nublado";"Simples";"Curva";"Não";2;0;1;0;1;0;1;1;-27,66593141;-49,17768002;"SPRF-SC";"DEL01-SC";"UOP03-DEL01-SC"
135050;2018-05-18;"sexta-feira";"12:20:00";"MG";40;532,6;"BELO HORIZONTE";"Falta de Atenção do Pedestre";"Atropelamento de Pedestre";"Com Vítimas Feridas";"Pleno dia";"Crescente";"Sol";"Dupla";"Declive;Reta";"Sim";2;0;1;0;1;0;1;2;-19,9256;-44,0053;"SPRF-MG";"DEL01-MG";"UOP03-DEL01-MG"
135052;2018-05-18;"sexta-feira";"12:45:00";"SC";101;215,5;"PALHOCA";"Desobediência às normas de trânsito pelo condutor";"Tombamento";"Com Vítimas Feridas";"Pleno dia";"Crescente";"Céu Claro";"Múltipla";"Rotatória";"Sim";2;0;1;0;1;0;1;2;-27,6601;-48,6774;"SPRF-SC";"DEL01-SC";"UOP02-DEL01-SC"
135054;2018-05-18;"sexta-feira";"12:45:00";"CE";304;48,9;"ARACATI";"Falta de Atenção à Condução";"Colisão transversal";"Com Vítimas Feridas";"Pleno dia";"Crescente";"Céu Claro";"Dupla";"Curva";"Não";2;0;0;1;1;0;1;2;-4,578645;-37,779934;"SPRF-CE";"DEL03-CE";"UOP03-DEL03-CE"
135057;2018-05-18;"sexta-feira";"10:00:00";"MT";174;10;"PONTES E LACERDA";"Desobediência às normas de trânsito pelo condutor";"Colisão traseira";"Com Vítimas Fatais";"Pleno dia";"Crescente";"Céu Claro";"Simples";"Reta";"Não";3;1;0;1;1;0;1;2;-15,226537;-59,335728;"SPRF-MT";"DEL04-MT";"UOP01-DEL04-MT"
135058;2018-05-18;"sexta-feira";"12:00:00";"MG";356;267,6;"MURIAE";"Desobediência às normas de trânsito pelo condutor";"Colisão transversal";"Com Vítimas Feridas";"Pleno dia";"Decrescente";"Céu Claro";"Simples";"Interseção de Vias";"Sim";3;0;0;1;1;1;1;3;-21,125576;-42,352863;"SPRF-MG";"DEL07-MG";"UOP02-DEL07-MG"
135059;2018-05-18;"sexta-feira";"12:30:00";"GO";60;441,8;"RIO VERDE";"Falta de Atenção à Condução";"Saída de leito carroçável";"Com Vítimas Feridas";"Pleno dia";"Decrescente";"Céu Claro";"Dupla";"Reta";"Não";1;0;1;0;0;0;1;1;-17,8408;-51,4409;"SPRF-GO";"DEL05-GO";"UOP01-DEL05-GO"
135060;2018-05-18;"sexta-feira";"11:45:00";"MG";262;694;"ARAXA";"Velocidade Incompatível";"Saída de leito carroçável";"Com Vítimas Feridas";"Pleno dia";"Crescente";"Céu Claro";"Simples";"Rotatória";"Sim";1;0;1;0;0;0;1;1;-19,56360212;-46,97506713;"SPRF-MG";"DEL08-MG";"UOP01-DEL08-MG"
135061;2018-05-18;"sexta-feira";"13:20:00";"RS";153;50,3;"ERECHIM";"Velocidade Incompatível";"Colisão com objeto estático";"Com Vítimas Feridas";"Pleno dia";"Decrescente";"Chuva";"Simples";"Reta";"Sim";3;0;2;0;0;1;2;2;-27,65627675;-52,27327108;"SPRF-RS";"DEL08-RS";"UOP04-DEL08-RS"
135064;2018-05-18;"sexta-feira";"13:00:00";"RJ";101;277;"TANGUA";"Agressão Externa";"Colisão traseira";"Com Vítimas Feridas";"Pleno dia";"Decrescente";"Céu Claro";"Dupla";"Reta";"Não";7;0;3;0;4;0;3;3;-22,7394213;-42,74626955;"SPRF-RJ";"DEL02-RJ";"UOP03-DEL02-RJ"
135067;2018-05-18;"sexta-feira";"13:45:00";"RJ";101;305,1;"SAO GONCALO";"Falta de Atenção do Pedestre";"Atropelamento de Pedestre";"Com Vítimas Feridas";"Pleno dia";"Crescente";"Sol";"Dupla";"Reta";"Não";3;0;0;2;1;0;2;2;-22,78492;-42,986286;"SPRF-RJ";"DEL02-RJ";"DEL5/2-UOP04/RJ"
135068;2018-05-18;"sexta-feira";"14:45:00";"MG";381;947;"EXTREMA";"Não guardar distância de segurança";"Colisão traseira";"Com Vítimas Feridas";"Pleno dia";"Crescente";"Sol";"Dupla";"Reta";"Não";5;0;1;0;4;0;1;4;-22,8702;-46,3576;"SPRF-MG";"DEL16-MG";"UOP03-DEL16-MG"
135070;2018-05-18;"sexta-feira";"13:00:00";"AC";364;124;"RIO BRANCO";"Desobediência às normas de trânsito pelo condutor";"Colisão transversal";"Com Vítimas Feridas";"Pleno dia";"Crescente";"Céu Claro";"Dupla";"Rotatória";"Sim";2;0;1;0;1;0;1;2;-10,01220352;-67,79834747;"SPRF-AC";"DEL01-AC";"UOP01-DEL01-AC"
135072;2018-05-18;"sexta-feira";"13:40:00";"PR";476;222,2;"LAPA";"Velocidade Incompatível";"Colisão frontal";"Com Vítimas Fatais";"Pleno dia";"Crescente";"Nublado";"Dupla";"Curva";"Não";4;1;1;0;2;0;1;2;-25,839;-49,928;"SPRF-PR";"DEL02-PR";"UOP04-DEL02-PR"
135073;2018-05-18;"sexta-feira";"15:10:00";"SC";101;210;"PALHOCA";"Desobediência às normas de trânsito pelo condutor";"Tombamento";"Com Vítimas Feridas";"Pleno dia";"Decrescente";"Céu Claro";"Dupla";"Reta";"Sim";1;0;1;0;0;0;1;1;-27,6235;-48,6524;"SPRF-SC";"DEL01-SC";"UOP01-DEL01-SC"
135077;2018-05-18;"sexta-feira";"15:30:00";"RJ";101;415;"MANGARATIBA";"Falta de Atenção à Condução";"Colisão com objeto estático";"Com Vítimas Fatais";"Pleno dia";"Crescente";"Sol";"Simples";"Reta";"Sim";4;1;0;2;1;0;2;2;-22,91294235;-43,89750481;"SPRF-RJ";"DEL03-RJ";"UOP01-DEL03-RJ"
135078;2018-05-18;"sexta-feira";"15:40:00";"PR";116;140,2;"MANDIRITUBA";"Desobediência às normas de trânsito pelo pedestre";"Atropelamento de Pedestre";"Com Vítimas Fatais";"Pleno dia";"Crescente";"Céu Claro";"Dupla";"Aclive";"Não";2;1;0;0;1;0;0;2;-25,75994291;-49,32014639;"SPRF-PR";"DEL01-PR";"UOP03-DEL01-PR"
135079;2018-05-18;"sexta-feira";"15:45:00";"SC";101;340,2;"TUBARAO";"Velocidade Incompatível";"Capotamento";"Com Vítimas Feridas";"Pleno dia";"Decrescente";"Chuva";"Dupla";"Declive";"Sim";2;0;2;0;0;0;2;1;-28,50452484;-49,04824734;"SPRF-SC";"DEL02-SC";"UOP01-DEL02-SC"
135082;2018-05-18;"sexta-feira";"13:50:00";"RS";285;238;"CASEIROS";"Velocidade Incompatível";"Tombamento";"Com Vítimas Feridas";"Pleno dia";"Crescente";"Chuva";"Simples";"Aclive;Reta";"Não";2;0;1;0;1;0;1;1;-28,252514;-51,858852;"SPRF-RS";"DEL08-RS";"UOP03-DEL08-RS"
135083;2018-05-18;"sexta-feira";"16:00:00";"SP";116;225;"GUARULHOS";"Objeto estático sobre o leito carroçável";"Colisão com objeto estático";"Com Vítimas Feridas";"Pleno dia";"Decrescente";"Céu Claro";"Múltipla";"Reta";"Não";1;0;1;0;0;0;1;1;-23,47324515;-46,52169228;"SPRF-SP";"DEL01-SP";"UOP01-DEL01-SP"
135084;2018-05-18;"sexta-feira";"14:40:00";"PR";277;725,8;"FOZ DO IGUACU";"Falta de Atenção à Condução";"Colisão traseira";"Com Vítimas Feridas";"Pleno dia";"Crescente";"Céu Claro";"Dupla";"Reta";"Sim";2;0;1;0;1;0;1;2;-25,510686;-54,55318093;"SPRF-PR";"DEL05-PR";"UOP03-DEL05-PR"
135085;2018-05-18;"sexta-feira";"16:20:00";"PR";277;34,8;"MORRETES";"Falta de Atenção à Condução";"Queda de ocupante de veículo";"Com Vítimas Feridas";"Pleno dia";"Decrescente";"Nublado";"Dupla";"Declive;Curva";"Não";1;0;1;0;0;0;1;1;-25,57094646;-48,83868635;"SPRF-PR";"DEL01-PR";"UOP05-DEL01-PR"
135086;2018-02-03;"sábado";"07:00:00";"RS";116;262,8;"CANOAS";"Desobediência às normas de trânsito pelo condutor";"Colisão frontal";"Com Vítimas Feridas";"Pleno dia";"Decrescente";"Céu Claro";"Simples";"Reta";"Sim";2;0;1;0;1;0;1;2;-29,90379527;-51,176548;"SPRF-RS";"DEL01-RS";"UOP01-DEL01-RS"
135087;2018-05-18;"sexta-feira";"16:40:00";"MG";365;517;"MONTE CARMELO";"Ultrapassagem Indevida";"Saída de leito carroçável";"Com Vítimas Feridas";"Pleno dia";"Crescente";"Nublado";"Simples";"Reta";"Não";4;0;3;0;1;0;3;1;-18,91448;-47,35916;"SPRF-MG";"DEL10-MG";"UOP01-DEL10-MG"
135088;2018-05-18;"sexta-feira";"16:35:00";"SC";282;15,9;"PALHOCA";"Falta de Atenção à Condução";"Colisão transversal";"Com Vítimas Feridas";"Pleno dia";"Decrescente";"Chuva";"Simples";"Reta";"Sim";2;0;1;0;1;0;1;2;-27,65844342;-48,68155718;"SPRF-SC";"DEL01-SC";"UOP02-DEL01-SC"
135094;2018-05-18;"sexta-feira";"15:00:00";"RO";364;344;"JI-PARANA";"Desobediência às normas de trânsito pelo condutor";"Colisão lateral";"Com Vítimas Feridas";"Pleno dia";"Decrescente";"Céu Claro";"Simples";"Reta";"Sim";3;0;0;2;1;0;2;2;-10,87591712;-61,95412517;"SPRF-RO";"DEL02-RO";"UOP01-DEL02-RO"
135095;2018-05-18;"sexta-feira";"17:30:00";"AL";101;69,2;"MESSIAS";"Falta de Atenção do Pedestre";"Atropelamento de Pedestre";"Com Vítimas Fatais";"Anoitecer";"Crescente";"Céu Claro";"Dupla";"Reta";"Não";3;1;0;0;0;2;0;2;-9,349369;-35,832897;"SPRF-AL";"DEL01-AL";"UOP01-DEL01-AL"
135097;2018-05-18;"sexta-feira";"17:15:00";"SC";101;219;"PALHOCA";"Falta de Atenção à Condução";"Colisão traseira";"Com Vítimas Feridas";"Anoitecer";"Crescente";"Chuva";"Múltipla";"Reta";"Sim";2;0;1;0;1;0;1;2;-27,693;-48,6631;"SPRF-SC";"DEL01-SC";"UOP02-DEL01-SC"
135099;2018-05-18;"sexta-feira";"17:30:00";"RN";304;58,2;"MOSSORO";"Falta de Atenção à Condução";"Saída de leito carroçável";"Com Vítimas Feridas";"Amanhecer";"Decrescente";"Chuva";"Simples";"Reta";"Não";1;0;1;0;0;0;1;1;-5,307555;-37,278236;"SPRF-RN";"DEL04-RN";"UOP01-DEL04-RN"
135100;2018-05-18;"sexta-feira";"17:00:00";"SC";101;29;"JOINVILLE";"Falta de Atenção à Condução";"Queda de ocupante de veículo";"Com Vítimas Feridas";"Pleno dia";"Decrescente";"Nublado";"Dupla";"Reta";"Não";1;0;1;0;0;0;1;1;-26,2283;-48,9165;"SPRF-SC";"DEL03-SC";"UOP01-DEL03-SC"
135101;2018-05-18;"sexta-feira";"16:50:00";"SC";101;29;"JOINVILLE";"Falta de Atenção à Condução";"Colisão traseira";"Sem Vítimas";"Pleno dia";"Decrescente";"Nublado";"Dupla";"Reta";"Não";2;0;0;0;2;0;0;2;-26,2283;-48,9165;"SPRF-SC";"DEL03-SC";"UOP01-DEL03-SC"
135102;2018-05-18;"sexta-feira";"15:20:00";"CE";402;284,8;"CAMOCIM";"Defeito na Via";"Colisão transversal";"Com Vítimas Feridas";"Pleno dia";"Crescente";"Céu Claro";"Simples";"Reta";"Não";5;0;2;0;3;0;2;2;-2,996494;-41,037563;"SPRF-CE";"DEL01-CE";"UOP03-DEL01-CE"
135104;2018-05-18;"sexta-feira";"14:45:00";"PE";101;52;"PAULISTA";"Desobediência às normas de trânsito pelo condutor";"Colisão lateral";"Com Vítimas Feridas";"Pleno dia";"Crescente";"Nublado";"Múltipla";"Reta";"Sim";3;0;1;1;1;0;2;2;-7,9324;-34,9017;"SPRF-PE";"DEL01-PE";"UOP02-DEL01-PE"
135105;2018-05-18;"sexta-feira";"17:00:00";"ES";262;94;"DOMINGOS MARTINS";"Desobediência às normas de trânsito pelo condutor";"Colisão transversal";"Com Vítimas Feridas";"Plena Noite";"Crescente";"Céu Claro";"Simples";"Rotatória";"Não";3;0;1;1;1;0;2;2;-20,37375667;-41,05879426;"SPRF-ES";"DEL01-ES";"UOP02-DEL01-ES"
135108;2018-05-18;"sexta-feira";"18:18:00";"ES";101;147,1;"LINHARES";"Falta de Atenção à Condução";"Colisão transversal";"Com Vítimas Feridas";"Plena Noite";"Crescente";"Céu Claro";"Múltipla";"Reta";"Sim";2;0;1;0;1;0;1;2;-19,37935774;-40,06668538;"SPRF-ES";"DEL04-ES";"UOP01-DEL04-ES"
135109;2018-05-18;"sexta-feira";"13:50:00";"MG";381;248,9;"SANTANA DO PARAISO";"Falta de Atenção à Condução";"Colisão lateral";"Com Vítimas Feridas";"Pleno dia";"Decrescente";"Céu Claro";"Simples";"Reta";"Não";2;0;1;0;1;0;1;2;-19,44366882;-42,51301289;"SPRF-MG";"DEL06-MG";"UOP01-DEL06-MG"
135111;2018-05-18;"sexta-feira";"18:20:00";"CE";20;397;"CAUCAIA";"Falta de Atenção à Condução";"Tombamento";"Com Vítimas Feridas";"Plena Noite";"Crescente";"Céu Claro";"Simples";"Reta";"Não";1;0;0;1;0;0;1;1;-3,79396634;-38,70887876;"SPRF-CE";"DEL01-CE";"UOP01-DEL01-CE"
135112;2018-05-18;"sexta-feira";"17:00:00";"SC";280;167,7;"MAFRA";"Desobediência às normas de trânsito pelo pedestre";"Atropelamento de Pedestre";"Com Vítimas Feridas";"Pleno dia";"Crescente";"Nublado";"Simples";"Reta";"Sim";2;0;0;1;0;1;1;2;-26,168509;-49,818214;"SPRF-SC";"DEL06-SC";"UOP01-DEL06-SC"
135113;2018-05-18;"sexta-feira";"15:30:00";"RS";158;113,3;"PALMEIRA DAS MISSOES";"Animais na Pista";"Atropelamento de Animal";"Com Vítimas Fatais";"Pleno dia";"Decrescente";"Chuva";"Simples";"Reta";"Não";1;1;0;0;0;0;0;1;-28,005856;-53,341393;"SPRF-RS";"DEL08-RS";"UOP02-DEL08-RS"
135115;2018-05-18;"sexta-feira";"17:10:00";"PR";277;584,4;"CASCAVEL";"Falta de Atenção à Condução";"Colisão traseira";"Com Vítimas Feridas";"Anoitecer";"Crescente";"Céu Claro";"Simples";"Interseção de Vias";"Não";3;0;1;0;2;0;1;2;-24,96413109;-53,40745442;"SPRF-PR";"DEL04-PR";"UOP01-DEL04-PR"
135116;2018-05-18;"sexta-feira";"18:05:00";"GO";60;190;"GUAPO";"Desobediência às normas de trânsito pelo condutor";"Colisão lateral";"Com Vítimas Feridas";"Anoitecer";"Decrescente";"Céu Claro";"Simples";"Reta";"Sim";2;0;1;0;1;0;1;2;-16,83808214;-49,5424819;"SPRF-GO";"DEL01-GO";"UOP02-DEL01-GO"
135117;2018-05-18;"sexta-feira";"18:06:00";"SP";101;44,8;"UBATUBA";"Falta de Atenção à Condução";"Colisão traseira";"Com Vítimas Feridas";"Plena Noite";"Crescente";"Céu Claro";"Simples";"Reta";"Sim";3;0;1;0;2;0;1;2;-23,410126;-45,064526;"SPRF-SP";"DEL06-SP";"UOP01-DEL06-SP"
135118;2018-05-18;"sexta-feira";"17:30:00";"RN";406;164,3;"SAO GONCALO DO AMARANTE";"Falta de Atenção do Pedestre";"Atropelamento de Pedestre";"Com Vítimas Feridas";"Anoitecer";"Decrescente";"Céu Claro";"Simples";"Reta";"Não";2;0;0;1;0;1;1;2;-5,739769;-35,350375;"SPRF-RN";"DEL02-RN";"UOP01-DEL02-RN"
135119;2018-05-18;"sexta-feira";"18:10:00";"ES";101;270,7;"SERRA";"Falta de Atenção à Condução";"Colisão lateral";"Com Vítimas Feridas";"Plena Noite";"Decrescente";"Nublado";"Dupla";"Reta";"Sim";2;0;1;0;1;0;1;2;-20,23395242;-40,27543902;"SPRF-ES";"DEL02-ES";"UOP01-DEL02-ES"
135120;2018-05-18;"sexta-feira";"18:30:00";"RN";101;98,8;"NATAL";"Desobediência às normas de trânsito pelo condutor";"Colisão lateral";"Com Vítimas Feridas";"Plena Noite";"Crescente";"Chuva";"Simples";"Em Obras";"Sim";3;0;1;0;1;1;1;2;-5,87218476;-35,2200222;"SPRF-RN";"DEL01-RN";"UOP01-DEL01-RN"
135121;2018-04-23;"segunda-feira";"09:00:00";"RS";472;158,9;"SAO BORJA";"Desobediência às normas de trânsito pelo condutor";"Colisão transversal";"Com Vítimas Feridas";"Pleno dia";"Crescente";"Sol";"Simples";"Interseção de Vias";"Não";2;0;0;1;1;0;1;2;-28,672972;-55,966007;"SPRF-RS";"DEL10-RS";"UOP01-DEL10-RS"
135122;2018-05-18;"sexta-feira";"17:50:00";"RJ";101;50;"CAMPOS DOS GOYTACAZES";"Falta de Atenção à Condução";"Colisão transversal";"Com Vítimas Feridas";"Anoitecer";"Decrescente";"Céu Claro";"Simples";"Reta";"Não";3;0;1;1;0;1;2;2;-21,633902;-41,312931;"SPRF-RJ";"DEL08-RJ";"UOP01-DEL08-RJ"