"id";"data_inversa";"dia_semana";"horario";"uf";"br";"km";"municipio";"causa_acidente";"tipo_acidente";"classificacao_acidente";"fase_dia";"sentido_via";"condicao_metereologica";"tipo_pista";"tracado_via";"uso_solo";"pessoas";"mortos";"feridos_leves";"feridos_graves";"ilesos";"ignorados";"feridos";"veiculos";"latitude";"longitude";"regional";"delegacia";"uop"
135253;2018-05-19;"sábado";"09:10:00";"ES";262;4;"CARIACICA";"Falta de Atenção à Condução";"Queda de ocupante de veículo";"Com Vítimas Feridas";"Pleno dia";"Decrescente";"Céu Claro";"Múltipla";"Reta";"Sim";1;0;0;1;0;0;1;1;-20,33669981;-40,37870407;"SPRF-ES";"DEL01-ES";"UOP01-DEL01-ES"
135257;2018-05-19;"sábado";"12:45:00";"RJ";393;289;"VOLTA REDONDA";"Desobediência às normas de trânsito pelo condutor";"Colisão transversal";"Com Vítimas Feridas";"Pleno dia";"Crescente";"Nublado";"Múltipla";"Interseção de Vias";"Sim";3;0;1;0;2;0;1;2;-22,516994;-44,108477;"SPRF-RJ";"DEL05-RJ";"UOP04-DEL05-RJ"
135258;2018-05-19;"sábado";"11:40:00";"PE";232;66;"GRAVATA";"Defeito Mecânico no Veículo";"Incêndio";"Sem Vítimas";"Pleno dia";"Decrescente";"Sol";"Dupla";"Curva;Declive";"Não";1;0;0;0;1;0;0;1;-8,183444;-35,492966;"SPRF-PE";"DEL01-PE";"UOP02-DEL02PE"
135259;2018-05-19;"sábado";"11:00:00";"PR";277;3;"PARANAGUA";"Falta de Atenção à Condução";"Colisão lateral";"Com Vítimas Feridas";"Pleno dia";"Decrescente";"Nublado";"Dupla";"Reta";"Sim";2;0;1;0;1;0;1;2;-25,54505511;-48,5426724;"SPRF-PR";"DEL01-PR";"UOP05-DEL01-PR"
135260;2018-05-19;"sábado";"13:20:00";"MG";116;243,1;"TEOFILO OTONI";"Falta de Atenção à Condução";"Colisão transversal";"Com Vítimas Feridas";"Pleno dia";"Decrescente";"Céu Claro";"Simples";"Reta";"Sim";3;0;1;0;2;0;1;2;-17,58633069;-41,48758966;"SPRF-MG";"DEL11-MG";"UOP01-DEL11-MG"
135261;2018-05-19;"sábado";"13:10:00";"PE";101;70,2;"RECIFE";"Ingestão de Álcool";"Colisão lateral";"Com Vítimas Feridas";"Pleno dia";"Decrescente";"Sol";"Dupla";"Curva";"Sim";3;0;2;1;0;0;3;2;-8,07085088;-34,93929684;"SPRF-PE";"DEL01-PE";"UOP01-DEL01-PE"
135263;2018-05-19;"sábado";"12:50:00";"MG";459;89,6;"CONGONHAL";"Velocidade Incompatível";"Saída de leito carroçável";"Com Vítimas Feridas";"Pleno dia";"Decrescente";"Chuva";"Simples";"Curva;Declive";"Não";2;0;2;0;0;0;2;1;-22,171563;-46,002866;"SPRF-MG";"DEL09-MG";"UOP01-DEL09-MG"
135264;2018-05-19;"sábado";"09:58:00";"PR";376;3,5;"APUCARANA";"Desobediência às normas de trânsito pelo condutor";"Colisão transversal";"Com Vítimas Feridas";"Pleno dia";"Crescente";"Garoa/Chuvisco";"Simples";"Interseção de Vias";"Sim";2;0;1;0;0;1;1;2;-23,558555;-51,440213;"SPRF-PR";"DEL07-PR";"UOP03-DEL07-PR"
135265;2018-05-19;"sábado";"12:30:00";"SP";116;274;"TABOAO DA SERRA";"Falta de Atenção à Condução";"Colisão com objeto estático";"Com Vítimas Feridas";"Pleno dia";"Decrescente";"Nublado";"Dupla";"Reta";"Sim";6;0;1;0;5;0;1;2;-23,617916;-46,802591;"SPRF-SP";"DEL04-SP";"UOP01-DEL04-SP"
135270;2018-03-20;"terça-feira";"01:00:00";"BA";324;615;"SALVADOR";"Condutor Dormindo";"Queda de ocupante de veículo";"Com Vítimas Feridas";"Plena Noite";"Decrescente";"Ignorado";"Dupla";"Reta";"Sim";1;0;1;0;0;0;1;1;-12,88142494;-38,43326569;"SPRF-BA";"DEL01-BA";"UOP01-DEL01-BA"
135272;2018-04-18;"quarta-feira";"18:30:00";"RO";364;424,5;"JARU";"Falta de Atenção à Condução";"Atropelamento de Pedestre";"Com Vítimas Feridas";"Anoitecer";"Crescente";"Ignorado";"Simples";"Reta";"Sim";4;0;1;0;1;2;1;2;-10,44055906;-62,46830925;"SPRF-RO";"DEL03-RO";"UOP02-DEL03-RO"
135276;2018-05-19;"sábado";"13:50:00";"PR";277;611,1;"SANTA TEREZA DO OESTE";"Desobediência às normas de trânsito pelo condutor";"Colisão transversal";"Com Vítimas Feridas";"Pleno dia";"Decrescente";"Céu Claro";"Simples";"Interseção de Vias";"Sim";6;0;2;4;0;0;6;2;-25,052151;-53,631844;"SPRF-PR";"DEL05-PR";"UOP02-DEL05-PR"
135280;2018-05-05;"sábado";"20:40:00";"PE";316;76,8;"OURICURI";"Ingestão de Álcool";"Colisão traseira";"Com Vítimas Feridas";"Plena Noite";"Decrescente";"Céu Claro";"Simples";"Reta";"Não";2;0;1;0;1;0;1;2;-7,84375151;-40,13084114;"SPRF-PE";"DEL05-PE";"UOP02-DEL05-PE"
135284;2018-05-19;"sábado";"10:45:00";"TO";153;770;"ALVORADA";"Pista Escorregadia";"Saída de leito carroçável";"Com Vítimas Feridas";"Pleno dia";"Crescente";"Chuva";"Simples";"Curva";"Não";4;0;0;1;3;0;1;1;-12,55632;-49,090782;"SPRF-TO";"DEL02-TO";"UOP02-DEL01-TO"
135286;2018-05-19;"sábado";"13:35:00";"RJ";393;282,2;"VOLTA REDONDA";"Desobediência às normas de trânsito pelo condutor";"Atropelamento de Pedestre";"Com Vítimas Feridas";"Pleno dia";"Crescente";"Nublado";"Simples";"Reta";"Sim";2;0;1;0;1;0;1;2;-22,48255961;-44,06340694;"SPRF-RJ";"DEL05-RJ";"UOP04-DEL05-RJ"
135287;2018-05-19;"sábado";"14:40:00";"MG";251;510,9;"FRANCISCO SA";"Falta de Atenção à Condução";"Colisão lateral";"Com Vítimas Feridas";"Pleno dia";"Crescente";"Céu Claro";"Simples";"Reta";"Não";2;0;1;0;1;0;1;2;-16,6397;-43,6992;"SPRF-MG";"DEL12-MG";"UOP01-DEL12-MG"
135289;2018-05-19;"sábado";"14:20:00";"RJ";101;69;"CAMPOS DOS GOYTACAZES";"Falta de Atenção à Condução";"Tombamento";"Com Vítimas Feridas";"Pleno dia";"Decrescente";"Céu Claro";"Simples";"Reta";"Sim";2;0;2;0;0;0;2;1;-21,77448538;-41,36178732;"SPRF-RJ";"DEL08-RJ";"UOP02-DEL08-RJ"
135290;2018-05-19;"sábado";"15:15:00";"AL";101;181,6;"JUNQUEIRO";"Falta de Atenção à Condução";"Queda de ocupante de veículo";"Com Vítimas Feridas";"Pleno dia";"Crescente";"Sol";"Simples";"Curva";"Não";1;0;0;1;0;0;1;1;-9,899678;-36,283047;"SPRF-AL";"DEL02-AL";"UOP02-DEL02-AL"
135291;2018-05-19;"sábado";"14:50:00";"RS";468;103,7;"TRES PASSOS";"Falta de Atenção à Condução";"Colisão transversal";"Com Vítimas Feridas";"Pleno dia";"Decrescente";"Chuva";"Simples";"Reta";"Sim";2;0;1;1;0;0;2;2;-27,4599;-53,941212;"SPRF-RS";"DEL08-RS";"UOP02-DEL08-RS"
135292;2018-05-19;"sábado";"13:40:00";"MT";364;191,6;"RONDONOPOLIS";"Defeito Mecânico no Veículo";"Colisão com objeto estático";"Com Vítimas Feridas";"Pleno dia";"Decrescente";"Chuva";"Simples";"Curva";"Não";3;0;0;2;1;0;2;1;-16,547836;-54,575493;"SPRF-MT";"DEL02-MT";"UOP01-DEL02-MT"
135294;2018-05-19;"sábado";"15:00:00";"GO";60;132,5;"GOIANIA";"Pista Escorregadia";"Saída de leito carroçável";"Com Vítimas Feridas";"Pleno dia";"Decrescente";"Chuva";"Dupla";"Reta;Declive";"Não";2;0;1;0;1;0;1;1;-16,58143413;-49,17787313;"SPRF-GO";"DEL01-GO";"UOP01-DEL01-GO"
135295;2018-05-19;"sábado";"14:00:00";"MA";230;405;"BALSAS";"Falta de Atenção à Condução";"Colisão transversal";"Com Vítimas Feridas";"Pleno dia";"Crescente";"Céu Claro";"Simples";"Reta";"Sim";3;0;2;0;0;1;2;2;-7,52042689;-46,04919434;"SPRF-MA";"DEL05-MA";"UOP01-DEL05-MA"
135301;2018-05-19;"sábado";"15:45:00";"PR";277;633;"CEU AZUL";"Falta de Atenção à Condução";"Saída de leito carroçável";"Sem Vítimas";"Pleno dia";"Crescente";"Céu Claro";"Simples";"Aclive";"Não";2;0;0;0;2;0;0;1;-25,125853;-53,819035;"SPRF-PR";"DEL05-PR";"UOP02-DEL05-PR"
135302;2018-05-19;"sábado";"16:17:00";"CE";116;11;"FORTALEZA";"Ingestão de Álcool";"Atropelamento de Pedestre";"Com Vítimas Feridas";"Pleno dia";"Decrescente";"Céu Claro";"Múltipla";"Reta";"Sim";2;0;2;0;0;0;2;2;-3,8551;-38,4958;"SPRF-CE";"DEL01-CE";"UOP02-DEL01-CE"
135306;2018-05-19;"sábado";"09:30:00";"RJ";116;27,2;"SAPUCAIA";"Falta de Atenção à Condução";"Colisão com objeto estático";"Sem Vítimas";"Pleno dia";"Decrescente";"Céu Claro";"Simples";"Curva";"Não";4;0;0;0;4;0;0;1;-22,05127761;-42,78985977;"SPRF-RJ";"DEL04-RJ";"UOP01-DEL04-RJ"
135309;2018-05-19;"sábado";"16:10:00";"RJ";40;124,2;"DUQUE DE CAXIAS";"Não guardar distância de segurança";"Colisão traseira";"Com Vítimas Feridas";"Pleno dia";"Crescente";"Chuva";"Múltipla";"Reta";"Sim";2;0;0;1;1;0;1;2;-22,81288669;-43,28618646;"SPRF-RJ";"DEL01-RJ";"UOP01-DEL01-RJ"
135310;2018-05-19;"sábado";"16:30:00";"ES";101;140;"LINHARES";"Desobediência às normas de trânsito pelo condutor";"Atropelamento de Pedestre";"Com Vítimas Feridas";"Pleno dia";"Crescente";"Céu Claro";"Dupla";"Reta";"Não";2;0;1;0;1;0;1;2;-19,36696599;-40,06526015;"SPRF-ES";"DEL04-ES";"UOP01-DEL04-ES"
135311;2018-05-19;"sábado";"15:00:00";"MT";364;466;"VARZEA GRANDE";"Ultrapassagem Indevida";"Colisão frontal";"Com Vítimas Feridas";"Pleno dia";"Crescente";"Nublado";"Simples";"Reta";"Não";2;0;0;2;0;0;2;2;-15,43010867;-56,3407339;"SPRF-MT";"DEL01-MT";"DEL2/4-UOP02/MT"
135312;2018-05-19;"sábado";"16:15:00";"PI";343;603;"FLORIANO";"Desobediência às normas de trânsito pelo condutor";"Colisão transversal";"Com Vítimas Feridas";"Pleno dia";"Crescente";"Céu Claro";"Simples";"Reta";"Sim";3;0;2;0;1;0;2;2;-6,848067;-43,090755;"SPRF-PI";"DEL03-PI";"UOP01-DEL03-PI"
135313;2018-05-19;"sábado";"15:20:00";"RJ";116;283,6;"BARRA MANSA";"Falta de Atenção à Condução";"Colisão lateral";"Com Vítimas Feridas";"Pleno dia";"Decrescente";"Chuva";"Dupla";"Curva";"Sim";2;0;2;0;0;0;2;2;-22,48800983;-44,25339908;"SPRF-RJ";"DEL07-RJ";"UOP02-DEL07-RJ"
135314;2018-05-19;"sábado";"15:50:00";"RJ";116;238;"PIRAI";"Pista Escorregadia";"Saída de leito carroçável";"Sem Vítimas";"Pleno dia";"Decrescente";"Chuva";"Simples";"Curva;Declive";"Não";1;0;0;0;1;0;0;1;-22,663553;-43,840622;"SPRF-RJ";"DEL07-RJ";"UOP01-DEL07-RJ"
135315;2018-05-19;"sábado";"16:20:00";"RJ";40;117;"DUQUE DE CAXIAS";"Pista Escorregadia";"Colisão traseira";"Sem Vítimas";"Pleno dia";"Crescente";"Chuva";"Múltipla";"Reta";"Sim";4;0;0;0;4;0;0;4;-22,6266905;-43,2859814;"SPRF-RJ";"DEL01-RJ";"UOP01-DEL01-RJ"
135316;2018-05-19;"sábado";"15:30:00";"SC";470;123;"IBIRAMA";"Ingestão de Álcool";"Saída de leito carroçável";"Com Vítimas Feridas";"Pleno dia";"Crescente";"Nublado";"Simples";"Curva";"Não";1;0;1;0;0;0;1;1;-27,08235975;-49,51675415;"SPRF-SC";"DEL04-SC";"UOP02-DEL04-SC"
135317;2018-05-19;"sábado";"17:00:00";"PR";116;117;"CURITIBA";"Falta de Atenção à Condução";"Colisão traseira";"Com Vítimas Feridas";"Pleno dia";"Crescente";"Chuva";"Dupla";"Reta";"Sim";3;0;1;0;2;0;1;3;-25,544559;-49,30146;"SPRF-PR";"DEL01-PR";"UOP07-DEL01-PR"
135318;2018-05-19;"sábado";"05:00:00";"BA";116;728;"BOA NOVA";"Condutor Dormindo";"Saída de leito carroçável";"Com Vítimas Feridas";"Amanhecer";"Decrescente";"Céu Claro";"Simples";"Reta";"Não";3;0;3;0;0;0;3;1;-14,22562653;-40,28070353;"SPRF-BA";"DEL08-BA";"UOP02-DEL08-BA"
135319;2018-05-19;"sábado";"16:15:00";"PI";343;290,8;"ALTOS";"Falta de Atenção à Condução";"Saída de leito carroçável";"Com Vítimas Feridas";"Pleno dia";"Decrescente";"Céu Claro";"Simples";"Reta";"Não";2;0;1;0;1;0;1;1;-4,95065786;-42,34906554;"SPRF-PI";"DEL01-PI";"UOP03-DEL01-PI"
135321;2018-05-19;"sábado";"13:50:00";"RS";386;401,5;"TRIUNFO";"Avarias e/ou desgaste excessivo no pneu";"Saída de leito carroçável";"Com Vítimas Feridas";"Pleno dia";"Decrescente";"Chuva";"Simples";"Interseção de Vias";"Não";1;0;1;0;0;0;1;1;-29,7584166;-51,59402847;"SPRF-RS";"DEL04-RS";"UOP02-DEL04-RS"
135322;2018-05-19;"sábado";"12:50:00";"RO";364;604,8;"ITAPUA DO OESTE";"Defeito Mecânico no Veículo";"Incêndio";"Sem Vítimas";"Pleno dia";"Decrescente";"Céu Claro";"Simples";"Reta";"Sim";2;0;0;0;1;1;0;1;-9,18731318;-63,19355249;"SPRF-RO";"DEL03-RO";"UOP04-DEL01-RO"
135323;2018-05-19;"sábado";"16:30:00";"SP";116;213;"GUARULHOS";"Ingestão de Álcool";"Colisão com objeto estático";"Com Vítimas Feridas";"Pleno dia";"Decrescente";"Nublado";"Múltipla";"Reta";"Sim";2;0;1;0;1;0;1;2;-23,44198648;-46,44229889;"SPRF-SP";"DEL01-SP";"UOP01-DEL01-SP"
135324;2018-05-07;"segunda-feira";"18:00:00";"BA";116;424;"FEIRA DE SANTANA";"Falta de Atenção à Condução";"Colisão lateral";"Com Vítimas Feridas";"Anoitecer";"Decrescente";"Ignorado";"Simples";"Reta";"Sim";3;0;1;1;1;0;2;2;-12,24143084;-38,98368716;"SPRF-BA";"DEL02-BA";"UOP01-DEL02-BA"
135329;2018-05-19;"sábado";"18:00:00";"PE";424;63,4;"CAETES";"Defeito Mecânico no Veículo";"Colisão traseira";"Com Vítimas Fatais";"Plena Noite";"Crescente";"Céu Claro";"Simples";"Reta";"Não";2;1;0;0;1;0;0;2;-8,75445538;-36,66483164;"SPRF-PE";"DEL03-PE";"UOP01-DEL03-PE"
135330;2018-05-19;"sábado";"17:50:00";"PB";230;190;"POCINHOS";"Falta de Atenção à Condução";"Queda de ocupante de veículo";"Com Vítimas Feridas";"Plena Noite";"Crescente";"Céu Claro";"Simples";"Reta";"Não";1;0;1;0;0;0;1;1;-7,1361;-36,153;"SPRF-PB";"DEL02-PB";"UOP02-DEL02-PB"
135331;2018-05-19;"sábado";"15:25:00";"PE";407;88,9;"PETROLINA";"Desobediência às normas de trânsito pelo condutor";"Colisão frontal";"Com Vítimas Feridas";"Pleno dia";"Crescente";"Sol";"Simples";"Reta";"Não";3;0;2;0;1;0;2;2;-9,14277438;-40,63705444;"SPRF-PE";"DEL06-PE";"UOP02-DEL06-PE"
135334;2018-05-19;"sábado";"18:15:00";"GO";153;514,2;"APARECIDA DE GOIANIA";"Ingestão de Álcool";"Colisão transversal";"Com Vítimas Feridas";"Plena Noite";"Decrescente";"Garoa/Chuvisco";"Dupla";"Reta";"Sim";2;0;0;1;1;0;1;2;-16,8315;-49,2434;"SPRF-GO";"DEL01-GO";"UOP03-DEL01-GO"
135335;2018-05-19;"sábado";"17:10:00";"SC";280;52,8;"GUARAMIRIM";"Falta de Atenção à Condução";"Colisão transversal";"Com Vítimas Feridas";"Pleno dia";"Crescente";"Céu Claro";"Simples";"Reta";"Sim";4;0;2;0;2;0;2;3;-26,47322851;-48,97664577;"SPRF-SC";"DEL03-SC";"UOP03-DEL03-SC"
135336;2018-05-19;"sábado";"18:15:00";"MG";40;462,3;"SETE LAGOAS";"Fenômenos da Natureza";"Saída de leito carroçável";"Com Vítimas Feridas";"Plena Noite";"Crescente";"Chuva";"Dupla";"Curva";"Não";9;0;9;0;0;0;9;1;-19,4295;-44,3368;"SPRF-MG";"DEL02-MG";"UOP01-DEL02-MG"
135337;2018-05-19;"sábado";"18:35:00";"SE";101;72,7;"MARUIM";"Defeito na Via";"Tombamento";"Com Vítimas Fatais";"Plena Noite";"Crescente";"Nublado";"Simples";"Em Obras";"Não";1;1;0;0;0;0;0;1;-10,7853;-37,1421;"SPRF-SE";"DEL01-SE";"UOP01-DEL01-SE"
135338;2018-05-19;"sábado";"17:50:00";"PE";232;413,3;"SERRA TALHADA";"Restrição de Visibilidade";"Atropelamento de Pedestre";"Com Vítimas Feridas";"Anoitecer";"Crescente";"Céu Claro";"Simples";"Reta";"Não";2;0;2;0;0;0;2;2;-7,98453766;-38,32231075;"SPRF-PE";"DEL04-PE";"UOP01-DEL04-PE"
135339;2018-05-19;"sábado";"18:35:00";"ES";101;177;"ARACRUZ";"Falta de Atenção à Condução";"Colisão transversal";"Com Vítimas Feridas";"Plena Noite";"Decrescente";"Céu Claro";"Simples";"Interseção de Vias";"Não";2;0;1;0;1;0;1;2;-19,5533198;-40,17082214;"SPRF-ES";"DEL04-ES";"UOP01-DEL04-ES"
135341;2018-05-19;"sábado";"18:10:00";"MS";267;679;"PORTO MURTINHO";"Ingestão de Álcool";"Colisão lateral";"Sem Vítimas";"Plena Noite";"Crescente";"Céu Claro";"Simples";"Reta";"Não";2;0;0;0;2;0;0;2;-21,7059212;-57,78808594;"SPRF-MS";"DEL05-MS";"UOP01-DEL05-MS"
135345;2018-05-19;"sábado";"19:15:00";"PR";373;399,3;"CANDOI";"Ingestão de Álcool";"Colisão frontal";"Com Vítimas Feridas";"Plena Noite";"Decrescente";"Céu Claro";"Simples";"Reta";"Sim";2;0;1;0;1;0;1;2;-25,5663687;-52,05004692;"SPRF-PR";"DEL03-PR";"UOP01-DEL08-PR"
135347;2018-05-19;"sábado";"18:00:00";"RO";364;22;"VILHENA";"Ultrapassagem Indevida";"Colisão frontal";"Com Vítimas Fatais";"Plena Noite";"Crescente";"Céu Claro";"Simples";"Declive";"Não";8;3;0;5;0;0;5;2;-12,725044;-60,21616;"SPRF-RO";"DEL04-RO";"UOP01-DEL04-RO"
135349;2018-05-19;"sábado";"19:48:00";"MG";251;515,7;"MONTES CLAROS";"Ingestão de Álcool";"Colisão frontal";"Com Vítimas Feridas";"Plena Noite";"Crescente";"Céu Claro";"Simples";"Reta;Aclive";"Não";2;0;0;2;0;0;2;2;-16,6588;-43,7377;"SPRF-MG";"DEL12-MG";"UOP01-DEL12-MG"
135350;2018-05-19;"sábado";"19:20:00";"CE";20;420,5;"MARACANAU";"Sinalização da via insuficiente ou inadequada";"Colisão com objeto estático";"Com Vítimas Feridas";"Plena Noite";"Crescente";"Céu Claro";"Simples";"Reta;Interseção de Vias;Em Obras";"Sim";3;0;1;1;1;0;2;2;-3,84574643;-38,57673705;"SPRF-CE";"DEL01-CE";"UOP02-DEL01-CE"
135351;2018-05-19;"sábado";"19:00:00";"SP";116;297;"ITAPECERICA DA SERRA";"Velocidade Incompatível";"Capotamento";"Sem Vítimas";"Pleno dia";"Decrescente";"Nublado";"Simples";"Curva";"Não";1;0;0;0;1;0;0;1;-23,775159;-46,913914;"SPRF-SP";"DEL04-SP";"UOP01-DEL04-SP"
135352;2018-05-19;"sábado";"19:50:00";"RS";386;33,1;"FREDERICO WESTPHALEN";"Desobediência às normas de trânsito pelo condutor";"Colisão frontal";"Com Vítimas Feridas";"Plena Noite";"Decrescente";"Nublado";"Simples";"Reta";"Sim";6;0;3;2;0;1;5;2;-27,349504;-53,386337;"SPRF-RS";"DEL08-RS";"UOP02-DEL08-RS"
135354;2018-05-19;"sábado";"19:35:00";"BA";324;616,7;"SALVADOR";"Falta de Atenção à Condução";"Colisão traseira";"Com Vítimas Feridas";"Plena Noite";"Decrescente";"Céu Claro";"Dupla";"Reta";"Sim";2;0;1;0;1;0;1;2;-12,8927748;-38,44646718;"SPRF-BA";"DEL01-BA";"UOP01-DEL01-BA"
135357;2018-04-30;"segunda-feira";"01:14:00";"AL";101;28,8;"JOAQUIM GOMES";"Falta de Atenção à Condução";"Colisão frontal";"Com Vítimas Fatais";"Plena Noite";"Decrescente";"Chuva";"Simples";"Reta";"Não";2;1;0;0;1;0;0;2;-9,068676;-35,74115;"SPRF-AL";"DEL01-AL";"UOP01-DEL01-AL"
135358;2018-05-19;"sábado";"17:30:00";"BA";116;812;"VITORIA DA CONQUISTA";"Ingestão de Álcool";"Tombamento";"Com Vítimas Feridas";"Anoitecer";"Decrescente";"Céu Claro";"Simples";"Reta";"Não";1;0;1;0;0;0;1;1;-14,80051537;-40,77444792;"SPRF-BA";"DEL08-BA";"UOP01-DEL08-BA"
135361;2018-05-19;"sábado";"20:40:00";"PR";369;151,1;"LONDRINA";"Ingestão de Álcool";"Colisão frontal";"Com Vítimas Feridas";"Plena Noite";"Crescente";"Nublado";"Dupla";"Reta";"Sim";5;0;2;2;0;1;4;3;-23,2999008;-51,17241556;"SPRF-PR";"DEL07-PR";"UOP01-DEL07-PR"
135362;2018-05-19;"sábado";"18:20:00";"RJ";101;216;"SILVA JARDIM";"Não guardar distância de segurança";"Colisão traseira";"Com Vítimas Feridas";"Anoitecer";"Decrescente";"Chuva";"Dupla";"Reta";"Não";4;0;1;0;3;0;1;3;-22,508057;-42,282864;"SPRF-RJ";"DEL02-RJ";"UOP03-DEL02-RJ"
135363;2018-05-19;"sábado";"13:30:00";"PR";476;304;"SAO MATEUS DO SUL";"Falta de Atenção à Condução";"Colisão transversal";"Com Vítimas Fatais";"Pleno dia";"Decrescente";"Garoa/Chuvisco";"Simples";"Reta";"Não";2;1;0;0;1;0;0;2;-26,00279571;-50,59538841;"SPRF-PR";"DEL02-PR";"UOP04-DEL02-PR"
135365;2018-05-19;"sábado";"19:20:00";"MG";381;498;"BETIM";"Ingestão de Álcool";"Saída de leito carroçável";"Sem Vítimas";"Plena Noite";"Crescente";"Chuva";"Dupla";"Reta";"Não";1;0;0;0;1;0;0;1;-19,9954;-44,208;"SPRF-MG";"DEL01-MG";"UOP03-DEL01-MG"
135366;2018-05-19;"sábado";"18:50:00";"MT";163;842;"SINOP";"Ingestão de Álcool";"Colisão traseira";"Com Vítimas Feridas";"Anoitecer";"Decrescente";"Garoa/Chuvisco";"Simples";"Reta";"Sim";6;0;4;0;2;0;4;2;-11,79663798;-55,47851086;"SPRF-MT";"DEL06-MT";"UOP02-DEL06-MT"
135367;2018-05-19;"sábado";"19:00:00";"MG";381;482;"CONTAGEM";"Falta de Atenção à Condução";"Colisão traseira";"Com Vítimas Feridas";"Plena Noite";"Crescente";"Chuva";"Dupla";"Reta";"Sim";2;0;1;0;1;0;1;2;-19,9578;-44,0795;"SPRF-MG";"DEL01-MG";"UOP03-DEL01-MG"
135368;2018-05-19;"sábado";"20:55:00";"ES";101;376,8;"ICONHA";"Desobediência às normas de trânsito pelo condutor";"Colisão transversal";"Com Vítimas Feridas";"Plena Noite";"Decrescente";"Céu Claro";"Simples";"Reta";"Sim";2;0;0;1;1;0;1;2;-20,79334995;-40,80150604;"SPRF-ES";"DEL03-ES";"UOP01-DEL03-ES"
135369;2018-05-19;"sábado";"20:10:00";"MG";381;484,7;"BETIM";"Não guardar distância de segurança";"Colisão traseira";"Com Vítimas Feridas";"Plena Noite";"Crescente";"Chuva";"Dupla";"Reta";"Sim";5;0;1;0;4;0;1;4;-19,9557;-44,0964;"SPRF-MG";"DEL01-MG";"UOP03-DEL01-MG"
135371;2018-05-19;"sábado";"20:45:00";"MG";381;344;"BELA VISTA DE MINAS";"Velocidade Incompatível";"Colisão frontal";"Com Vítimas Feridas";"Plena Noite";"Decrescente";"Chuva";"Simples";"Curva";"Não";2;0;0;1;1;0;1;2;-19,83247984;-43,09620023;"SPRF-MG";"DEL03-MG";"UOP01-DEL03-MG"
135372;2018-05-19;"sábado";"21:00:00";"MG";262;369;"JUATUBA";"Defeito Mecânico no Veículo";"Tombamento";"Com Vítimas Feridas";"Pleno dia";"Crescente";"Chuva";"Múltipla";"Reta";"Sim";1;0;1;0;0;0;1;1;-19,95882786;-44,3391037;"SPRF-MG";"DEL01-MG";"UOP03-DEL01-MG"
135373;2018-05-19;"sábado";"21:00:00";"MG";40;432,2;"PARAOPEBA";"Falta de Atenção do Pedestre";"Atropelamento de Pedestre";"Com Vítimas Fatais";"Plena Noite";"Decrescente";"Garoa/Chuvisco";"Dupla";"Reta";"Não";2;1;0;0;1;0;0;2;-19,2116;-44,4613;"SPRF-MG";"DEL02-MG";"UOP01-DEL02-MG"
135375;2018-05-19;"sábado";"19:30:00";"RJ";40;68;"PETROPOLIS";"Pista Escorregadia";"Colisão com objeto estático";"Com Vítimas Feridas";"Plena Noite";"Decrescente";"Garoa/Chuvisco";"Dupla";"Curva";"Não";3;0;1;0;2;0;1;2;-22,42304924;-43,15666795;"SPRF-RJ";"DEL06-RJ";"UOP01-DEL06-RJ"
135377;2018-05-19;"sábado";"22:00:00";"PA";308;7;"ANANINDEUA";"Falta de Atenção à Condução";"Colisão transversal";"Com Vítimas Feridas";"Plena Noite";"Crescente";"Céu Claro";"Dupla";"Reta";"Sim";2;0;0;2;0;0;2;1;-1,366236;-48,367805;"SPRF-PA";"DEL01-PA";"DEL19/1-UOP05/PA"
135378;2018-05-19;"sábado";"22:10:00";"BA";367;26;"PORTO SEGURO";"Ingestão de Álcool";"Colisão traseira";"Com Vítimas Feridas";"Plena Noite";"Decrescente";"Céu Claro";"Simples";"Reta";"Sim";2;0;1;0;1;0;1;2;-16,4307;-39,095634;"SPRF-BA";"DEL09-BA";"UOP01-DEL09-BA"
135379;2018-05-19;"sábado";"18:30:00";"RO";319;54;"PORTO VELHO";"Desobediência às normas de trânsito pelo condutor";"Colisão frontal";"Com Vítimas Feridas";"Plena Noite";"Decrescente";"Céu Claro";"Simples";"Aclive";"Não";2;0;0;1;1;0;1;2;-8,73006575;-63,97177935;"SPRF-RO";"DEL01-RO";"UOP01-DEL01-RO"
135381;2018-05-19;"sábado";"21:20:00";"RJ";116;67,8;"TERESOPOLIS";"Falta de Atenção à Condução";"Colisão com objeto estático";"Com Vítimas Feridas";"Plena Noite";"Decrescente";"Chuva";"Simples";"Reta";"Não";2;0;1;0;1;0;1;1;-22,29989679;-42,93560028;"SPRF-RJ";"DEL04-RJ";"UOP01-DEL04-RJ"
135382;2018-05-19;"sábado";"22:10:00";"SP";116;210;"GUARULHOS";"Ingestão de Álcool";"Colisão traseira";"Sem Vítimas";"Plena Noite";"Decrescente";"Céu Claro";"Múltipla";"Reta";"Sim";3;0;0;0;3;0;0;3;-23,43170967;-46,41736507;"SPRF-SP";"DEL01-SP";"UOP01-DEL01-SP"
135383;2018-05-19;"sábado";"18:30:00";"MG";262;15,3;"MARTINS SOARES";"Falta de Atenção à Condução";"Colisão com objeto estático";"Com Vítimas Feridas";"Plena Noite";"Crescente";"Nublado";"Simples";"Curva";"Não";2;0;1;0;0;1;1;2;-20,26054;-41,876316;"SPRF-MG";"DEL06-MG";"UOP03-DEL06-MG"