"id";"data_inversa";"dia_semana";"horario";"uf";"br";"km";"municipio";"causa_acidente";"tipo_acidente";"classificacao_acidente";"fase_dia";"sentido_via";"condicao_metereologica";"tipo_pista";"tracado_via";"uso_solo";"pessoas";"mortos";"feridos_leves";"feridos_graves";"ilesos";"ignorados";"feridos";"veiculos";"latitude";"longitude";"regional";"delegacia";"uop"
135385;2018-05-19;"sábado";"19:00:00";"MG";262;14,7;"MARTINS SOARES";"Não guardar distância de segurança";"Tombamento";"Com Vítimas Feridas";"Plena Noite";"Crescente";"Céu Claro";"Simples";"Reta";"Não";1;0;0;1;0;0;1;1;-20,264143;-41,86816;"SPRF-MG";"DEL06-MG";"UOP03-DEL06-MG"
135387;2018-05-19;"sábado";"19:20:00";"MA";316;252,4;"PINDARE-MIRIM";"Velocidade Incompatível";"Colisão traseira";"Com Vítimas Fatais";"Plena Noite";"Crescente";"Céu Claro";"Simples";"Reta";"Não";2;1;0;0;0;1;0;2;-3,659573;-45,456306;"SPRF-MA";"DEL02-MA";"UI04-DEL02-MA"
135389;2018-05-19;"sábado";"20:15:00";"SC";282;29,7;"SANTO AMARO DA IMPERATRIZ";"Mal Súbito";"Saída de leito carroçável";"Com Vítimas Feridas";"Plena Noite";"Decrescente";"Céu Claro";"Simples";"Curva";"Não";1;0;1;0;0;0;1;1;-27,679737;-48,786785;"SPRF-SC";"DEL01-SC";"UOP03-DEL01-SC"
135390;2018-05-19;"sábado";"21:45:00";"SC";470;219,2;"SAO CRISTOVAO DO SUL";"Velocidade Incompatível";"Saída de leito carroçável";"Sem Vítimas";"Plena Noite";"Crescente";"Chuva";"Simples";"Curva";"Não";1;0;0;0;0;1;0;1;-27,302975;-50,303108;"SPRF-SC";"DEL05-SC";"UOP03-DEL05-SC"
135392;2018-05-19;"sábado";"23:30:00";"SC";470;106;"APIUNA";"Ingestão de Álcool";"Colisão frontal";"Sem Vítimas";"Plena Noite";"Crescente";"Garoa/Chuvisco";"Simples";"Curva";"Não";2;0;0;0;2;0;0;2;-27,0617619;-49,41478997;"SPRF-SC";"DEL04-SC";"UOP02-DEL04-SC"
135393;2018-05-19;"sábado";"22:30:00";"RJ";116;175;"NOVA IGUACU";"Falta de Atenção à Condução";"Colisão traseira";"Com Vítimas Feridas";"Plena Noite";"Crescente";"Ignorado";"Múltipla";"Reta";"Não";2;0;1;0;0;1;1;2;-22,789236;-43,372753;"SPRF-RJ";"DEL01-RJ";"UOP02-DEL01-RJ"
135394;2018-05-19;"sábado";"22:00:00";"RN";101;149;"GOIANINHA";"Ingestão de Álcool";"Atropelamento de Pedestre";"Com Vítimas Feridas";"Plena Noite";"Decrescente";"Céu Claro";"Dupla";"Reta";"Sim";2;0;0;1;1;0;1;2;-6,272332;-35,207629;"SPRF-RN";"DEL01-RN";"UOP01-DEL01-RN"
135395;2018-05-19;"sábado";"21:40:00";"RJ";101;419;"MANGARATIBA";"Ingestão de Álcool";"Colisão frontal";"Sem Vítimas";"Plena Noite";"Decrescente";"Nublado";"Dupla";"Curva";"Não";2;0;0;0;2;0;0;2;-22,919087;-43,928731;"SPRF-RJ";"DEL03-RJ";"UOP01-DEL03-RJ"
135397;2018-05-19;"sábado";"23:35:00";"SC";101;405,5;"MARACAJA";"Pista Escorregadia";"Saída de leito carroçável";"Com Vítimas Feridas";"Plena Noite";"Decrescente";"Chuva";"Dupla";"Curva";"Não";5;0;5;0;0;0;5;1;-28,89270372;-49,46727276;"SPRF-SC";"DEL02-SC";"UOP02-DEL02-SC"
135398;2018-05-19;"sábado";"18:50:00";"RJ";40;114;"DUQUE DE CAXIAS";"Falta de Atenção à Condução";"Colisão traseira";"Com Vítimas Feridas";"Plena Noite";"Decrescente";"Chuva";"Múltipla";"Reta";"Sim";3;0;1;0;2;0;1;2;-22,70533466;-43,29016685;"SPRF-RJ";"DEL01-RJ";"UOP01-DEL01-RJ"
135399;2018-05-20;"domingo";"00:10:00";"PR";369;145,2;"LONDRINA";"Ingestão de Álcool";"Colisão transversal";"Com Vítimas Feridas";"Plena Noite";"Decrescente";"Céu Claro";"Dupla";"Retorno Regulamentado;Declive;Reta";"Sim";3;0;1;0;2;0;1;2;-23,29324928;-51,12234408;"SPRF-PR";"DEL07-PR";"UOP01-DEL07-PR"
135401;2018-05-20;"domingo";"00:30:00";"SP";116;204;"ARUJA";"Condutor Dormindo";"Colisão com objeto estático";"Com Vítimas Feridas";"Plena Noite";"Decrescente";"Nublado";"Dupla";"Reta";"Não";4;0;2;0;2;0;2;3;-23,4134181;-46,36122108;"SPRF-SP";"DEL01-SP";"UOP02-DEL01-SP"
135402;2018-05-20;"domingo";"00:20:00";"CE";116;158,6;"RUSSAS";"Ingestão de álcool e/ou substâncias psicoativas pelo pedestre";"Atropelamento de Pedestre";"Com Vítimas Fatais";"Plena Noite";"Decrescente";"Céu Claro";"Simples";"Reta";"Não";2;1;0;0;0;1;0;2;-4,90762331;-38,00405324;"SPRF-CE";"DEL03-CE";"UOP01-DEL03-CE"
135403;2018-05-19;"sábado";"23:00:00";"MA";10;256;"IMPERATRIZ";"Velocidade Incompatível";"Saída de leito carroçável";"Sem Vítimas";"Plena Noite";"Decrescente";"Ignorado";"Simples";"Reta";"Não";2;0;0;0;1;1;0;1;-5,4936265;-47,4719889;"SPRF-MA";"DEL04-MA";"UOP01-DEL04-MA"
135404;2018-05-20;"domingo";"00:25:00";"GO";153;580;"PROFESSOR JAMIL";"Falta de Atenção à Condução";"Saída de leito carroçável";"Com Vítimas Feridas";"Plena Noite";"Decrescente";"Garoa/Chuvisco";"Dupla";"Curva";"Não";1;0;1;0;0;0;1;1;-17,3851;-49,2343;"SPRF-GO";"DEL03-GO";"UOP01-DEL03-GO"
135406;2018-05-20;"domingo";"00:40:00";"MG";381;484;"BETIM";"Velocidade Incompatível";"Colisão com objeto estático";"Com Vítimas Feridas";"Plena Noite";"Decrescente";"Nublado";"Múltipla";"Aclive";"Sim";1;0;1;0;0;0;1;1;-19,9557;-44,0964;"SPRF-MG";"DEL01-MG";"UOP03-DEL01-MG"
135407;2018-05-20;"domingo";"01:00:00";"RN";101;83,3;"SAO GONCALO DO AMARANTE";"Falta de Atenção à Condução";"Colisão traseira";"Com Vítimas Feridas";"Plena Noite";"Decrescente";"Céu Claro";"Dupla";"Reta";"Sim";2;0;0;1;1;0;1;2;-5,7723693;-35,2638396;"SPRF-RN";"DEL02-RN";"UOP01-DEL02-RN"
135411;2018-05-20;"domingo";"00:40:00";"CE";222;8;"CAUCAIA";"Falta de Atenção à Condução";"Colisão lateral";"Com Vítimas Feridas";"Plena Noite";"Crescente";"Céu Claro";"Dupla";"Reta";"Sim";2;0;1;0;1;0;1;2;-3,753637;-38,638035;"SPRF-CE";"DEL01-CE";"UOP01-DEL01-CE"
135414;2018-05-20;"domingo";"00:50:00";"SC";282;405,7;"VARGEM BONITA";"Condutor Dormindo";"Saída de leito carroçável";"Com Vítimas Feridas";"Plena Noite";"Crescente";"Chuva";"Simples";"Aclive;Curva";"Não";1;0;0;1;0;0;1;1;-26,9819;-51,75453;"SPRF-SC";"DEL07-SC";"UOP05-DEL07-SC"
135415;2018-05-20;"domingo";"01:00:00";"GO";153;577;"PROFESSOR JAMIL";"Ingestão de Álcool";"Tombamento";"Com Vítimas Feridas";"Plena Noite";"Crescente";"Garoa/Chuvisco";"Dupla";"Reta";"Não";2;0;2;0;0;0;2;1;-17,362;-49,2477;"SPRF-GO";"DEL03-GO";"UOP01-DEL03-GO"
135416;2018-05-20;"domingo";"02:20:00";"RJ";101;54,2;"CAMPOS DOS GOYTACAZES";"Falta de Atenção à Condução";"Saída de leito carroçável";"Com Vítimas Feridas";"Plena Noite";"Crescente";"Céu Claro";"Simples";"Reta";"Sim";5;0;5;0;0;0;5;1;-21,669363;-41,311115;"SPRF-RJ";"DEL08-RJ";"UOP01-DEL08-RJ"
135417;2018-05-19;"sábado";"22:30:00";"MG";40;421;"PARAOPEBA";"Desobediência às normas de trânsito pelo condutor";"Colisão lateral";"Sem Vítimas";"Plena Noite";"Decrescente";"Céu Claro";"Simples";"Reta";"Não";2;0;0;0;2;0;0;2;-19,1648;-44,5195;"SPRF-MG";"DEL02-MG";"UOP01-DEL02-MG"
135419;2018-05-20;"domingo";"02:45:00";"DF";80;13,7;"BRASILIA";"Condutor Dormindo";"Saída de leito carroçável";"Sem Vítimas";"Pleno dia";"Crescente";"Nublado";"Simples";"Reta;Declive";"Sim";1;0;0;0;1;0;0;1;-15,72178;-48,195757;"SPRF-DF";"DEL01-DF";"UOP02-DEL03-DF"
135420;2018-05-20;"domingo";"03:30:00";"ES";101;148;"LINHARES";"Falta de Atenção à Condução";"Tombamento";"Com Vítimas Feridas";"Plena Noite";"Decrescente";"Céu Claro";"Múltipla";"Reta";"Sim";1;0;1;0;0;0;1;1;-19,4005446;-40,06164551;"SPRF-ES";"DEL04-ES";"UOP01-DEL04-ES"
135421;2018-05-20;"domingo";"03:40:00";"PR";376;548,8;"PALMEIRA";"Condutor Dormindo";"Capotamento";"Com Vítimas Feridas";"Plena Noite";"Crescente";"Nublado";"Dupla";"Reta";"Não";2;0;1;1;0;0;2;1;-25,41460365;-49,77445987;"SPRF-PR";"DEL01-PR";"UOP06-DEL01-PR"
135422;2018-05-20;"domingo";"03:00:00";"SC";101;316,4;"LAGUNA";"Ingestão de Álcool";"Colisão com objeto estático";"Com Vítimas Feridas";"Plena Noite";"Crescente";"Chuva";"Dupla";"Curva;Aclive";"Sim";2;0;2;0;0;0;2;1;-28,4277;-48,8516;"SPRF-SC";"DEL02-SC";"UOP01-DEL02-SC"
135424;2018-05-19;"sábado";"20:50:00";"GO";153;507,9;"APARECIDA DE GOIANIA";"Ingestão de Álcool";"Colisão com objeto estático";"Sem Vítimas";"Plena Noite";"Crescente";"Garoa/Chuvisco";"Dupla";"Reta;Aclive";"Sim";1;0;0;0;1;0;0;1;-16,7715;-49,2387;"SPRF-GO";"DEL01-GO";"UOP03-DEL01-GO"
135426;2018-05-20;"domingo";"02:30:00";"PR";116;19;"ANTONINA";"Falta de Atenção à Condução";"Queda de ocupante de veículo";"Com Vítimas Feridas";"Plena Noite";"Crescente";"Nublado";"Dupla";"Reta";"Não";1;0;0;1;0;0;1;1;-25,103069;-48,720436;"SPRF-PR";"DEL01-PR";"UOP02-DEL01-PR"
135427;2018-05-20;"domingo";"03:25:00";"PR";277;680,5;"MEDIANEIRA";"Ingestão de Álcool";"Colisão traseira";"Com Vítimas Fatais";"Plena Noite";"Crescente";"Céu Claro";"Dupla";"Reta";"Não";3;1;0;1;1;0;1;2;-25,32457383;-54,16841269;"SPRF-PR";"DEL05-PR";"UOP01-DEL05-PR"
135428;2018-05-20;"domingo";"03:45:00";"SC";101;201,3;"SAO JOSE";"Condutor Dormindo";"Colisão com objeto estático";"Com Vítimas Feridas";"Plena Noite";"Decrescente";"Nublado";"Múltipla";"Reta";"Sim";3;0;1;0;1;1;1;3;-27,55089299;-48,61935671;"SPRF-SC";"DEL01-SC";"UOP01-DEL01-SC"
135429;2018-05-20;"domingo";"04:00:00";"ES";101;80,1;"SAO MATEUS";"Falta de Atenção à Condução";"Colisão traseira";"Com Vítimas Fatais";"Plena Noite";"Decrescente";"Nevoeiro/Neblina";"Simples";"Declive";"Não";4;1;0;3;0;0;3;3;-18,8225088;-39,90755043;"SPRF-ES";"DEL04-ES";"UOP02-DEL04-ES"
135430;2018-05-19;"sábado";"22:40:00";"PR";376;177,5;"MARINGA";"Ingestão de Álcool";"Colisão traseira";"Sem Vítimas";"Plena Noite";"Crescente";"Nublado";"Dupla";"Reta";"Sim";2;0;0;0;2;0;0;2;-23,41489491;-51,9260841;"SPRF-PR";"DEL07-PR";"UOP01-DEL09-PR"
135431;2018-05-20;"domingo";"05:09:00";"PR";376;489,9;"PONTA GROSSA";"Ingestão de Álcool";"Colisão com objeto estático";"Sem Vítimas";"Plena Noite";"Decrescente";"Nublado";"Dupla";"Curva";"Sim";2;0;0;0;2;0;0;1;-25,09856639;-50,19734087;"SPRF-PR";"DEL03-PR";"UOP04-DEL03-PR"
135432;2018-05-20;"domingo";"05:00:00";"PR";116;129,4;"FAZENDA RIO GRANDE";"Falta de Atenção à Condução";"Colisão com objeto estático";"Com Vítimas Fatais";"Amanhecer";"Crescente";"Céu Claro";"Dupla";"Reta";"Não";1;1;0;0;0;0;0;1;-25,630278;-49,313812;"SPRF-PR";"DEL01-PR";"UOP03-DEL01-PR"
135436;2018-05-20;"domingo";"06:00:00";"GO";60;101,1;"ANAPOLIS";"Ingestão de Álcool";"Saída de leito carroçável";"Com Vítimas Feridas";"Pleno dia";"Decrescente";"Céu Claro";"Dupla";"Reta";"Não";1;0;1;0;0;0;1;1;-16,4022;-48,9745;"SPRF-GO";"DEL02-GO";"UOP01-DEL02-GO"
135438;2018-05-20;"domingo";"05:50:00";"ES";262;32;"DOMINGOS MARTINS";"Falta de Atenção à Condução";"Saída de leito carroçável";"Com Vítimas Feridas";"Amanhecer";"Decrescente";"Céu Claro";"Simples";"Curva";"Não";3;0;2;0;1;0;2;1;-20,379564;-40,576733;"SPRF-ES";"DEL01-ES";"UOP01-DEL01-ES"
135439;2018-05-20;"domingo";"06:00:00";"MG";40;30,9;"PARACATU";"Defeito Mecânico no Veículo";"Incêndio";"Sem Vítimas";"Amanhecer";"Decrescente";"Nevoeiro/Neblina";"Simples";"Reta";"Não";2;0;0;0;2;0;0;1;-17,156727;-46,938759;"SPRF-MG";"DEL14-MG";"UOP01-DEL14-MG"
135440;2018-05-20;"domingo";"05:20:00";"GO";153;608;"MORRINHOS";"Ingestão de Álcool";"Saída de leito carroçável";"Com Vítimas Feridas";"Plena Noite";"Crescente";"Céu Claro";"Dupla";"Declive";"Não";1;0;1;0;0;0;1;1;-17,6202;-49,1797;"SPRF-GO";"DEL03-GO";"UOP01-DEL03-GO"
135441;2018-05-20;"domingo";"01:30:00";"CE";116;225,9;"ALTO SANTO";"Falta de Atenção à Condução";"Saída de leito carroçável";"Com Vítimas Feridas";"Plena Noite";"Crescente";"Céu Claro";"Simples";"Curva";"Não";2;0;2;0;0;0;2;1;-5,389351;-38,225563;"SPRF-CE";"DEL03-CE";"UOP01-DEL03-CE"
135442;2018-05-20;"domingo";"05:30:00";"SP";116;140,5;"SAO JOSE DOS CAMPOS";"Falta de Atenção à Condução";"Colisão traseira";"Com Vítimas Feridas";"Amanhecer";"Crescente";"Céu Claro";"Dupla";"Reta";"Sim";3;0;2;0;0;1;2;2;-23,165804;-45,812515;"SPRF-SP";"DEL06-SP";"UOP02-DEL02-SP"
135444;2018-05-20;"domingo";"06:00:00";"GO";40;11,5;"LUZIANIA";"Condutor Dormindo";"Atropelamento de Pedestre";"Com Vítimas Feridas";"Amanhecer";"Crescente";"Nublado";"Dupla";"Reta";"Sim";2;0;0;1;1;0;1;2;-16,13685804;-47,95311213;"SPRF-DF";"DEL01-DF";"UOP01-DEL01-DF"
135445;2018-05-20;"domingo";"06:45:00";"RJ";116;183;"NOVA IGUACU";"Ingestão de Álcool";"Colisão traseira";"Sem Vítimas";"Pleno dia";"Decrescente";"Céu Claro";"Dupla";"Reta";"Não";3;0;0;0;3;0;0;3;-22,751593;-43,438511;"SPRF-RJ";"DEL01-RJ";"UOP02-DEL01-RJ"
135446;2018-05-19;"sábado";"18:00:00";"BA";110;172;"RIBEIRA DO POMBAL";"Falta de Atenção à Condução";"Colisão transversal";"Com Vítimas Feridas";"Anoitecer";"Decrescente";"Céu Claro";"Simples";"Declive";"Sim";3;0;2;0;1;0;2;2;-10,84197891;-38,5313648;"SPRF-BA";"DEL07-BA";"UOP02-DEL07-BA"
135448;2018-05-20;"domingo";"06:30:00";"ES";101;270,4;"SERRA";"Velocidade Incompatível";"Colisão traseira";"Sem Vítimas";"Pleno dia";"Crescente";"Nublado";"Múltipla";"Reta";"Sim";2;0;0;0;2;0;0;2;-20,1215224;-40,3077898;"SPRF-ES";"DEL02-ES";"UOP01-DEL02-ES"
135451;2018-05-20;"domingo";"07:15:00";"RS";392;34,6;"RIO GRANDE";"Avarias e/ou desgaste excessivo no pneu";"Saída de leito carroçável";"Com Vítimas Feridas";"Amanhecer";"Decrescente";"Céu Claro";"Dupla";"Reta";"Não";2;0;1;0;0;1;1;1;-31,89819852;-52,31796723;"SPRF-RS";"DEL07-RS";"UOP02-DEL07-RS"
135452;2018-05-20;"domingo";"07:15:00";"RJ";116;143;"DUQUE DE CAXIAS";"Falta de Atenção à Condução";"Colisão com objeto estático";"Com Vítimas Fatais";"Pleno dia";"Decrescente";"Céu Claro";"Simples";"Curva;Aclive";"Sim";2;1;0;1;0;0;1;1;-22,672518;-43,284106;"SPRF-RJ";"DEL04-RJ";"UOP02-DEL04-RJ"
135458;2018-05-20;"domingo";"06:45:00";"RS";116;248,1;"SAO LEOPOLDO";"Velocidade Incompatível";"Capotamento";"Com Vítimas Feridas";"Amanhecer";"Decrescente";"Nublado";"Dupla";"Curva";"Sim";4;0;1;0;3;0;1;1;-29,77745257;-51,15547121;"SPRF-RS";"DEL01-RS";"UOP02-DEL01-RS"
135460;2018-05-20;"domingo";"09:40:00";"MG";381;667,1;"PERDOES";"Falta de Atenção à Condução";"Capotamento";"Com Vítimas Feridas";"Pleno dia";"Decrescente";"Sol";"Dupla";"Curva";"Não";2;0;2;0;0;0;2;1;-21,0542;-45,0242;"SPRF-MG";"DEL04-MG";"UOP02-DEL04-MG"
135461;2018-04-13;"sexta-feira";"20:15:00";"RS";386;180,8;"CARAZINHO";"Animais na Pista";"Atropelamento de Animal";"Com Vítimas Feridas";"Plena Noite";"Crescente";"Nublado";"Simples";"Reta";"Não";2;0;0;1;0;1;1;2;-28,30581648;-52,74034023;"SPRF-RS";"DEL08-RS";"UOP01-DEL08-RS"
135463;2018-05-20;"domingo";"09:20:00";"RN";101;80;"SAO GONCALO DO AMARANTE";"Desobediência às normas de trânsito pelo condutor";"Colisão transversal";"Com Vítimas Feridas";"Pleno dia";"Crescente";"Céu Claro";"Dupla";"Rotatória";"Sim";2;0;1;0;1;0;1;2;-5,758523;-35,288063;"SPRF-RN";"DEL02-RN";"UOP01-DEL02-RN"
135465;2018-05-20;"domingo";"10:00:00";"BA";101;828,5;"ITAMARAJU";"Falta de Atenção à Condução";"Saída de leito carroçável";"Com Vítimas Feridas";"Pleno dia";"Crescente";"Céu Claro";"Simples";"Reta";"Não";2;0;1;0;1;0;1;1;-17,16501;-39,57739;"SPRF-BA";"DEL09-BA";"UOP01-DEL09-BA"
135472;2018-05-20;"domingo";"10:30:00";"MG";365;620;"UBERLANDIA";"Velocidade Incompatível";"Colisão com objeto estático";"Com Vítimas Feridas";"Pleno dia";"Decrescente";"Nublado";"Dupla";"Curva;Viaduto";"Sim";1;0;1;0;0;0;1;1;-18,88513063;-48,266176;"SPRF-MG";"DEL15-MG";"UOP01-DEL15-MG"
135484;2018-05-20;"domingo";"08:00:00";"PE";428;15;"CABROBO";"Falta de Atenção à Condução";"Colisão transversal";"Com Vítimas Feridas";"Pleno dia";"Crescente";"Céu Claro";"Simples";"Reta";"Não";3;0;1;0;2;0;1;2;-8,498793;-39,356112;"SPRF-PE";"DEL05-PE";"UOP03-DEL05-PE"
135486;2018-05-20;"domingo";"10:30:00";"PE";232;86,7;"GRAVATA";"Falta de Atenção à Condução";"Saída de leito carroçável";"Sem Vítimas";"Pleno dia";"Crescente";"Céu Claro";"Dupla";"Curva";"Não";1;0;0;0;1;0;0;1;-8,21378399;-35,62854409;"SPRF-PE";"DEL01-PE";"UOP02-DEL02PE"
135487;2018-05-20;"domingo";"11:00:00";"ES";101;49,2;"CONCEICAO DA BARRA";"Ultrapassagem Indevida";"Colisão com objeto estático";"Com Vítimas Feridas";"Pleno dia";"Decrescente";"Sol";"Simples";"Reta";"Não";3;0;2;0;1;0;2;1;-18,57725;-39,894962;"SPRF-ES";"DEL04-ES";"UOP02-DEL04-ES"
135488;2018-05-20;"domingo";"11:00:00";"SP";116;215;"GUARULHOS";"Falta de Atenção à Condução";"Colisão com objeto estático";"Sem Vítimas";"Pleno dia";"Decrescente";"Sol";"Múltipla";"Reta";"Sim";1;0;0;0;1;0;0;1;-23,45072018;-46,46317876;"SPRF-SP";"DEL01-SP";"UOP01-DEL01-SP"
135489;2018-05-20;"domingo";"12:00:00";"BA";324;587,1;"CANDEIAS";"Animais na Pista";"Capotamento";"Com Vítimas Feridas";"Pleno dia";"Crescente";"Sol";"Dupla";"Reta";"Não";3;0;2;1;0;0;3;1;-12,65984682;-38,47187711;"SPRF-BA";"DEL01-BA";"UOP01-DEL01-BA"
135490;2018-05-20;"domingo";"11:50:00";"AL";101;75,8;"MESSIAS";"Ingestão de Álcool";"Colisão transversal";"Com Vítimas Fatais";"Pleno dia";"Decrescente";"Céu Claro";"Dupla";"Declive";"Não";2;1;0;0;0;1;0;2;-9,404365;-35,839981;"SPRF-AL";"DEL01-AL";"UOP01-DEL01-AL"
135491;2018-05-20;"domingo";"11:00:00";"CE";20;291;"CANINDE";"Defeito na Via";"Saída de leito carroçável";"Sem Vítimas";"Pleno dia";"Crescente";"Céu Claro";"Simples";"Reta";"Não";5;0;0;0;5;0;0;1;-4,38714808;-39,31285858;"SPRF-CE";"DEL02-CE";"UOP01-DEL02-CE"
135493;2018-05-20;"domingo";"12:25:00";"MG";365;463,8;"PATROCINIO";"Falta de Atenção à Condução";"Colisão traseira";"Com Vítimas Feridas";"Pleno dia";"Crescente";"Céu Claro";"Simples";"Aclive";"Não";6;0;6;0;0;0;6;2;-18,88319;-46,92301;"SPRF-MG";"DEL10-MG";"UOP01-DEL10-MG"
135494;2018-05-20;"domingo";"12:20:00";"DF";20;14,1;"BRASILIA";"Velocidade Incompatível";"Capotamento";"Com Vítimas Feridas";"Pleno dia";"Crescente";"Sol";"Dupla";"Reta";"Não";4;0;4;0;0;0;4;1;-15,63890686;-47,73799896;"SPRF-DF";"DEL02-DF";"UOP01-DEL02-DF"
135495;2018-05-20;"domingo";"07:30:00";"MG";356;283,6;"PATROCINIO DO MURIAE";"Velocidade Incompatível";"Saída de leito carroçável";"Com Vítimas Fatais";"Pleno dia";"Crescente";"Nublado";"Simples";"Reta";"Não";2;1;0;1;0;0;1;1;-21,12197485;-42,22080231;"SPRF-MG";"DEL07-MG";"UOP02-DEL07-MG"
135497;2018-05-20;"domingo";"12:55:00";"SC";101;139;"BALNEARIO CAMBORIU";"Falta de Atenção à Condução";"Colisão transversal";"Com Vítimas Feridas";"Pleno dia";"Crescente";"Céu Claro";"Simples";"Interseção de Vias";"Sim";2;0;1;0;1;0;1;2;-27,0318159;-48,60510349;"SPRF-SC";"DEL04-SC";"UOP03-DEL04-SC"
135498;2018-05-20;"domingo";"11:40:00";"ES";101;209;"IBIRACU";"Carga excessiva e/ou mal acondicionada";"Tombamento";"Com Vítimas Feridas";"Pleno dia";"Decrescente";"Céu Claro";"Dupla";"Reta";"Não";2;0;0;2;0;0;2;1;-19,79125675;-40,37132263;"SPRF-ES";"DEL02-ES";"UOP01-DEL02-ES"
135499;2018-05-20;"domingo";"12:30:00";"DF";60;2,3;"BRASILIA";"Desobediência às normas de trânsito pelo condutor";"Colisão frontal";"Com Vítimas Feridas";"Pleno dia";"Crescente";"Céu Claro";"Dupla";"Retorno Regulamentado";"Sim";4;0;0;1;1;2;1;3;-15,88841823;-48,08050448;"SPRF-DF";"DEL01-DF";"UOP01-DEL03-DF"
135501;2018-05-20;"domingo";"13:15:00";"SC";101;123,8;"ITAJAI";"Velocidade Incompatível";"Colisão lateral";"Com Vítimas Feridas";"Pleno dia";"Decrescente";"Sol";"Dupla";"Curva";"Não";4;0;2;0;2;0;2;2;-26,949222;-48,68115;"SPRF-SC";"DEL04-SC";"UOP04-DEL04-SC"
135502;2018-05-20;"domingo";"12:50:00";"MG";40;820,7;"SIMAO PEREIRA";"Velocidade Incompatível";"Saída de leito carroçável";"Com Vítimas Feridas";"Pleno dia";"Decrescente";"Sol";"Dupla";"Curva";"Não";1;0;1;0;0;0;1;1;-21,95981298;-43,29901814;"SPRF-MG";"DEL05-MG";"UOP01-DEL05-MG"
135503;2018-05-20;"domingo";"13:20:00";"SC";101;214;"PALHOCA";"Falta de Atenção à Condução";"Queda de ocupante de veículo";"Com Vítimas Feridas";"Pleno dia";"Crescente";"Céu Claro";"Dupla";"Reta";"Sim";2;0;1;0;1;0;1;2;-27,652;-48,676;"SPRF-SC";"DEL01-SC";"UOP02-DEL01-SC"
135504;2018-05-20;"domingo";"12:30:00";"RO";364;340,8;"JI-PARANA";"Defeito Mecânico no Veículo";"Incêndio";"Sem Vítimas";"Pleno dia";"Crescente";"Nublado";"Dupla";"Interseção de Vias";"Sim";1;0;0;0;1;0;0;1;-10,89260587;-61,93058074;"SPRF-RO";"DEL02-RO";"UOP01-DEL02-RO"
135505;2018-05-20;"domingo";"13:35:00";"RJ";116;141;"DUQUE DE CAXIAS";"Falta de Atenção à Condução";"Colisão lateral";"Com Vítimas Feridas";"Pleno dia";"Crescente";"Céu Claro";"Dupla";"Reta";"Não";3;0;1;0;1;1;1;3;-22,66288814;-43,25649977;"SPRF-RJ";"DEL04-RJ";"UOP02-DEL04-RJ"
135506;2018-05-20;"domingo";"13:20:00";"ES";262;91,3;"DOMINGOS MARTINS";"Defeito Mecânico no Veículo";"Tombamento";"Com Vítimas Feridas";"Pleno dia";"Decrescente";"Nublado";"Simples";"Curva";"Sim";2;0;2;0;0;0;2;1;-20,3789;-41,0316;"SPRF-ES";"DEL01-ES";"UOP02-DEL01-ES"
135507;2018-05-20;"domingo";"11:50:00";"MS";60;597,8;"JARDIM";"Falta de Atenção à Condução";"Colisão transversal";"Com Vítimas Feridas";"Pleno dia";"Decrescente";"Sol";"Simples";"Reta";"Sim";2;0;1;0;1;0;1;2;-21,486539;-56,15343;"SPRF-MS";"DEL05-MS";"UOP01-DEL05-MS"
135508;2018-05-20;"domingo";"14:00:00";"SP";153;61,2;"SAO JOSE DO RIO PRETO";"Ingestão de Álcool";"Colisão traseira";"Com Vítimas Feridas";"Pleno dia";"Decrescente";"Céu Claro";"Dupla";"Reta";"Sim";4;0;1;0;2;1;1;3;-20,80420427;-49,35567392;"SPRF-SP";"DEL09-SP";"UOP01-DEL09-SP"
135509;2018-05-20;"domingo";"13:30:00";"RS";290;61,7;"GRAVATAI";"Velocidade Incompatível";"Saída de leito carroçável";"Com Vítimas Feridas";"Pleno dia";"Crescente";"Nublado";"Dupla";"Declive";"Não";1;0;1;0;0;0;1;1;-29,927965;-50,868099;"SPRF-RS";"DEL03-RS";"UOP02-DEL03-RS"
135510;2018-05-20;"domingo";"12:30:00";"MG";262;812,5;"UBERABA";"Velocidade Incompatível";"Colisão com objeto estático";"Com Vítimas Feridas";"Pleno dia";"Decrescente";"Nublado";"Dupla";"Curva";"Sim";1;0;1;0;0;0;1;1;-19,76475;-48,112064;"SPRF-MG";"DEL13-MG";"UOP01-DEL13-MG"
135513;2018-05-20;"domingo";"13:30:00";"MG";40;549;"NOVA LIMA";"Velocidade Incompatível";"Capotamento";"Com Vítimas Feridas";"Pleno dia";"Decrescente";"Nublado";"Dupla";"Reta";"Não";1;0;1;0;0;0;1;1;-20,00206402;-43,79659474;"SPRF-MG";"DEL01-MG";"UOP02-DEL01-MG"
135515;2018-05-20;"domingo";"14:00:00";"SC";101;315;"LAGUNA";"Defeito Mecânico no Veículo";"Tombamento";"Com Vítimas Feridas";"Pleno dia";"Crescente";"Céu Claro";"Múltipla";"Curva";"Não";2;0;2;0;0;0;2;1;-28,43603447;-48,84044755;"SPRF-SC";"DEL02-SC";"UOP01-DEL02-SC"
135516;2018-05-20;"domingo";"14:20:00";"MG";40;447;"CAETANOPOLIS";"Falta de Atenção à Condução";"Queda de ocupante de veículo";"Com Vítimas Feridas";"Pleno dia";"Crescente";"Nublado";"Dupla";"Reta";"Sim";2;0;1;0;0;1;1;2;-19,3089;-44,3729;"SPRF-MG";"DEL02-MG";"UOP01-DEL02-MG"