"id";"data_inversa";"dia_semana";"horario";"uf";"br";"km";"municipio";"causa_acidente";"tipo_acidente";"classificacao_acidente";"fase_dia";"sentido_via";"condicao_metereologica";"tipo_pista";"tracado_via";"uso_solo";"pessoas";"mortos";"feridos_leves";"feridos_graves";"ilesos";"ignorados";"feridos";"veiculos";"latitude";"longitude";"regional";"delegacia";"uop"
135517;2018-05-20;"domingo";"15:00:00";"PE";101;69,5;"RECIFE";"Falta de Atenção à Condução";"Engavetamento";"Com Vítimas Feridas";"Pleno dia";"Crescente";"Céu Claro";"Múltipla";"Reta";"Sim";13;0;2;0;11;0;2;3;-8,063823;-34,944539;"SPRF-PE";"DEL01-PE";"UOP01-DEL01-PE"
135519;2018-05-20;"domingo";"15:00:00";"SC";101;99;"BALNEARIO PICARRAS";"Falta de Atenção à Condução";"Saída de leito carroçável";"Com Vítimas Feridas";"Pleno dia";"Decrescente";"Céu Claro";"Dupla";"Reta";"Não";3;0;1;0;2;0;1;1;-26,7568;-48,6889;"SPRF-SC";"DEL03-SC";"UOP02-DEL03-SC"
135521;2018-05-20;"domingo";"15:00:00";"DF";70;11,9;"BRASILIA";"Falta de Atenção à Condução";"Colisão traseira";"Com Vítimas Feridas";"Pleno dia";"Crescente";"Céu Claro";"Dupla";"Reta";"Sim";2;0;0;1;1;0;1;2;-15,789762;-48,148727;"SPRF-DF";"DEL01-DF";"UOP02-DEL03-DF"
135522;2018-05-20;"domingo";"15:30:00";"ES";101;275,5;"SERRA";"Velocidade Incompatível";"Capotamento";"Com Vítimas Feridas";"Pleno dia";"Decrescente";"Céu Claro";"Dupla";"Reta";"Não";2;0;1;1;0;0;2;1;-20,0967043;-40,3392769;"SPRF-ES";"DEL02-ES";"UOP01-DEL02-ES"
135523;2018-05-20;"domingo";"15:45:00";"PE";101;63,9;"RECIFE";"Ultrapassagem Indevida";"Colisão frontal";"Com Vítimas Feridas";"Pleno dia";"Decrescente";"Céu Claro";"Simples";"Viaduto";"Sim";6;0;1;0;5;0;1;2;-8,01668983;-34,94083073;"SPRF-PE";"DEL01-PE";"UOP01-DEL01-PE"
135525;2018-05-20;"domingo";"15:00:00";"SC";101;206;"SAO JOSE";"Falta de Atenção à Condução";"Atropelamento de Pedestre";"Com Vítimas Feridas";"Pleno dia";"Crescente";"Céu Claro";"Dupla";"Reta";"Sim";2;0;1;1;0;0;2;2;-27,59277279;-48,61874516;"SPRF-SC";"DEL01-SC";"UOP01-DEL01-SC"
135526;2018-05-20;"domingo";"15:30:00";"ES";101;128,9;"LINHARES";"Ingestão de Álcool";"Colisão frontal";"Com Vítimas Feridas";"Pleno dia";"Crescente";"Nublado";"Simples";"Aclive";"Não";4;0;2;0;2;0;2;3;-19,2213469;-40,09365499;"SPRF-ES";"DEL04-ES";"UOP01-DEL04-ES"
135530;2018-05-20;"domingo";"15:35:00";"MG";40;508;"RIBEIRAO DAS NEVES";"Ingestão de Álcool";"Colisão transversal";"Sem Vítimas";"Pleno dia";"Crescente";"Céu Claro";"Dupla";"Retorno Regulamentado";"Não";2;0;0;0;2;0;0;2;-19,7699;-44,1272;"SPRF-MG";"DEL02-MG";"UOP01-DEL02-MG"
135533;2018-05-20;"domingo";"15:30:00";"MG";153;246,6;"FRONTEIRA";"Animais na Pista";"Atropelamento de Animal";"Com Vítimas Feridas";"Pleno dia";"Crescente";"Céu Claro";"Simples";"Reta";"Não";2;0;2;0;0;0;2;1;-20,30309553;-49,20776367;"SPRF-MG";"DEL13-MG";"UOP02-DEL13-MG"
135535;2018-05-20;"domingo";"16:55:00";"AP";210;2;"MACAPA";"Falta de Atenção do Pedestre";"Atropelamento de Pedestre";"Com Vítimas Feridas";"Pleno dia";"Crescente";"Céu Claro";"Múltipla";"Reta";"Sim";2;0;0;1;0;1;1;2;0,08270857;-51,07744575;"SPRF-AP";"DEL01-AP";"UOP01-DEL01-AP"
135537;2018-05-20;"domingo";"17:00:00";"GO";60;39;"APARECIDA DE GOIANIA";"Ingestão de Álcool";"Colisão traseira";"Com Vítimas Feridas";"Plena Noite";"Decrescente";"Nublado";"Dupla";"Reta";"Sim";5;0;0;1;4;0;1;2;-16,76706995;-49,32449341;"SPRF-GO";"DEL01-GO";"UOP03-DEL01-GO"
135539;2018-05-20;"domingo";"17:00:00";"PR";116;92;"SAO JOSE DOS PINHAIS";"Desobediência às normas de trânsito pelo condutor";"Saída de leito carroçável";"Com Vítimas Feridas";"Pleno dia";"Decrescente";"Céu Claro";"Múltipla";"Reta";"Não";5;0;5;0;0;0;5;1;-25,476923;-49,097691;"SPRF-PR";"DEL01-PR";"UOP01-DEL01-PR"
135540;2018-05-20;"domingo";"17:20:00";"MG";267;123,5;"JUIZ DE FORA";"Falta de Atenção à Condução";"Tombamento";"Com Vítimas Feridas";"Pleno dia";"Crescente";"Céu Claro";"Simples";"Reta";"Não";2;0;2;0;0;0;2;1;-21,71070581;-43,48852158;"SPRF-MG";"DEL05-MG";"UOP01-DEL05-MG"
135544;2018-05-20;"domingo";"17:05:00";"SC";470;71;"INDAIAL";"Falta de Atenção à Condução";"Colisão lateral";"Com Vítimas Feridas";"Pleno dia";"Crescente";"Céu Claro";"Simples";"Interseção de Vias";"Sim";2;0;1;0;1;0;1;2;-26,8891291;-49,25421953;"SPRF-SC";"DEL04-SC";"UOP01-DEL04-SC"
135546;2018-05-20;"domingo";"17:40:00";"MG";262;373;"JUATUBA";"Defeito Mecânico no Veículo";"Capotamento";"Com Vítimas Feridas";"Anoitecer";"Crescente";"Nublado";"Dupla";"Curva";"Não";4;0;1;0;3;0;1;1;-19,94958931;-44,38014543;"SPRF-MG";"DEL01-MG";"UOP03-DEL01-MG"
135547;2018-05-16;"quarta-feira";"23:30:00";"RS";285;292;"PASSO FUNDO";"Falta de Atenção à Condução";"Danos eventuais";"Sem Vítimas";"Plena Noite";"Crescente";"Céu Claro";"Simples";"Reta";"Sim";2;0;0;0;2;0;0;2;-28,239017;-52,365276;"SPRF-RS";"DEL08-RS";"UOP03-DEL08-RS"
135550;2018-05-20;"domingo";"15:15:00";"PR";153;456;"UNIAO DA VITORIA";"Ingestão de Álcool";"Colisão frontal";"Com Vítimas Feridas";"Pleno dia";"Decrescente";"Céu Claro";"Simples";"Ponte";"Não";2;0;1;0;1;0;1;2;-26,198723;-51,111496;"SPRF-PR";"DEL02-PR";"UOP03-DEL02-PR"
135551;2018-05-04;"sexta-feira";"19:10:00";"MG";381;783;"CAMPANHA";"Velocidade Incompatível";"Saída de leito carroçável";"Com Vítimas Feridas";"Anoitecer";"Crescente";"Céu Claro";"Dupla";"Reta";"Não";2;0;1;0;1;0;1;1;-21,8369;-45,5096;"SPRF-MG";"DEL16-MG";"UOP02-DEL16-MG"
135552;2018-05-20;"domingo";"18:15:00";"MG";381;938,5;"EXTREMA";"Ingestão de Álcool";"Colisão traseira";"Sem Vítimas";"Plena Noite";"Decrescente";"Céu Claro";"Dupla";"Interseção de Vias;Reta";"Sim";2;0;0;0;2;0;0;2;-22,81755449;-46,29416493;"SPRF-MG";"DEL16-MG";"UOP03-DEL16-MG"
135553;2018-05-20;"domingo";"18:00:00";"PA";222;237;"MARABA";"Falta de Atenção à Condução";"Colisão frontal";"Com Vítimas Feridas";"Plena Noite";"Crescente";"Céu Claro";"Simples";"Reta";"Sim";2;0;0;1;1;0;1;2;-5,28203301;-49,07363176;"SPRF-PA";"DEL03-PA";"UOP01-DEL03-PA"
135554;2018-05-20;"domingo";"18:20:00";"RJ";101;400;"ITAGUAI";"Desobediência às normas de trânsito pelo pedestre";"Saída de leito carroçável";"Com Vítimas Feridas";"Plena Noite";"Crescente";"Céu Claro";"Dupla";"Curva";"Não";2;0;1;0;1;0;1;1;-22,8493987;-43,771296;"SPRF-RJ";"DEL03-RJ";"UOP01-DEL03-RJ"
135555;2018-05-20;"domingo";"18:00:00";"BA";110;283,8;"INHAMBUPE";"Mal Súbito";"Queda de ocupante de veículo";"Com Vítimas Fatais";"Plena Noite";"Decrescente";"Céu Claro";"Simples";"Curva";"Não";2;1;0;1;0;0;1;1;-11,72623773;-38,33633841;"SPRF-BA";"DEL01-BA";"UOP04-DEL01-BA"
135556;2018-05-20;"domingo";"15:00:00";"AC";364;156;"RIO BRANCO";"Defeito na Via";"Capotamento";"Com Vítimas Feridas";"Pleno dia";"Crescente";"Céu Claro";"Dupla";"Reta";"Não";1;0;1;0;0;0;1;1;-9,834146;-67,947884;"SPRF-AC";"DEL01-AC";"UOP01-DEL01-AC"
135559;2018-05-20;"domingo";"18:30:00";"RJ";40;108;"DUQUE DE CAXIAS";"Falta de Atenção à Condução";"Colisão com objeto estático";"Com Vítimas Feridas";"Plena Noite";"Decrescente";"Céu Claro";"Dupla";"Reta";"Sim";2;0;1;1;0;0;2;2;-22,66624435;-43,28483462;"SPRF-RJ";"DEL01-RJ";"UOP01-DEL01-RJ"
135561;2018-05-20;"domingo";"18:30:00";"RJ";101;237,1;"SILVA JARDIM";"Ingestão de Álcool";"Colisão traseira";"Com Vítimas Feridas";"Anoitecer";"Decrescente";"Céu Claro";"Dupla";"Reta";"Não";3;0;1;0;2;0;1;2;-22,61383857;-42,41119641;"SPRF-RJ";"DEL02-RJ";"UOP03-DEL02-RJ"
135563;2018-05-20;"domingo";"13:15:00";"BA";101;520;"BUERAREMA";"Falta de Atenção à Condução";"Queda de ocupante de veículo";"Com Vítimas Feridas";"Pleno dia";"Decrescente";"Sol";"Simples";"Reta";"Não";2;0;2;0;0;0;2;1;-14,92538934;-39,29598916;"SPRF-BA";"DEL05-BA";"UOP01-DEL05-BA"
135564;2018-05-20;"domingo";"11:05:00";"MG";381;270;"CORONEL FABRICIANO";"Falta de Atenção à Condução";"Tombamento";"Com Vítimas Feridas";"Pleno dia";"Crescente";"Céu Claro";"Simples";"Reta";"Não";2;0;2;0;0;0;2;1;-19,52379558;-42,66367257;"SPRF-MG";"DEL03-MG";"UOP02-DEL03-MG"
135568;2018-05-20;"domingo";"19:20:00";"SP";116;301,4;"SAO LOURENCO DA SERRA";"Falta de Atenção à Condução";"Tombamento";"Com Vítimas Feridas";"Plena Noite";"Decrescente";"Céu Claro";"Dupla";"Aclive";"Não";1;0;1;0;0;0;1;1;-23,8051355;-46,92223191;"SPRF-SP";"DEL04-SP";"UOP01-DEL04-SP"
135569;2018-05-20;"domingo";"19:15:00";"PR";376;181;"MARINGA";"Falta de Atenção à Condução";"Colisão lateral";"Com Vítimas Feridas";"Plena Noite";"Decrescente";"Céu Claro";"Dupla";"Reta";"Sim";2;0;1;0;1;0;1;2;-23,42726499;-51,89514399;"SPRF-PR";"DEL07-PR";"UOP01-DEL09-PR"
135570;2018-05-20;"domingo";"14:00:00";"MG";381;321;"NOVA ERA";"Falta de Atenção à Condução";"Capotamento";"Com Vítimas Feridas";"Pleno dia";"Decrescente";"Nublado";"Simples";"Curva";"Não";3;0;3;0;0;0;3;1;-19,7609;-43,0306;"SPRF-MG";"DEL03-MG";"UOP02-DEL03-MG"
135572;2018-05-20;"domingo";"18:10:00";"PE";423;27;"SAO CAITANO";"Velocidade Incompatível";"Colisão traseira";"Com Vítimas Feridas";"Plena Noite";"Decrescente";"Nublado";"Simples";"Reta";"Não";2;0;1;0;1;0;1;2;-8,395463;-36,180763;"SPRF-PE";"DEL02-PE";"UOP03-DEL02-PE"
135573;2018-05-20;"domingo";"19:35:00";"DF";20;8,9;"BRASILIA";"Falta de Atenção à Condução";"Colisão traseira";"Sem Vítimas";"Plena Noite";"Decrescente";"Nublado";"Dupla";"Interseção de Vias";"Sim";5;0;0;0;5;0;0;2;-15,65444508;-47,78450444;"SPRF-DF";"DEL02-DF";"UOP01-DEL02-DF"
135575;2018-05-20;"domingo";"19:35:00";"PE";408;55,8;"NAZARE DA MATA";"Falta de Atenção à Condução";"Colisão traseira";"Com Vítimas Feridas";"Plena Noite";"Crescente";"Nublado";"Simples";"Interseção de Vias";"Sim";4;0;2;0;2;0;2;2;-7,777943;-35,238966;"SPRF-PE";"DEL01-PE";"UOP01-DEL01-PE"
135576;2018-05-20;"domingo";"19:30:00";"BA";101;850;"TEIXEIRA DE FREITAS";"Falta de Atenção à Condução";"Queda de ocupante de veículo";"Com Vítimas Fatais";"Plena Noite";"Crescente";"Nublado";"Simples";"Reta";"Não";1;1;0;0;0;0;0;1;-17,3155;-39,6322;"SPRF-BA";"DEL09-BA";"UOP02-DEL09-BA"
135577;2018-05-20;"domingo";"19:30:00";"PR";116;153;"MANDIRITUBA";"Falta de Atenção à Condução";"Colisão transversal";"Com Vítimas Feridas";"Plena Noite";"Crescente";"Céu Claro";"Simples";"Curva";"Sim";3;0;1;1;1;0;2;2;-25,859756;-49,360634;"SPRF-PR";"DEL01-PR";"UOP03-DEL01-PR"
135578;2018-05-20;"domingo";"19:15:00";"MG";50;172,4;"UBERABA";"Animais na Pista";"Atropelamento de Animal";"Com Vítimas Feridas";"Plena Noite";"Crescente";"Céu Claro";"Dupla";"Reta";"Sim";1;0;1;0;0;0;1;1;-19,76224076;-47,97747195;"SPRF-MG";"DEL13-MG";"UOP01-DEL13-MG"
135580;2018-05-20;"domingo";"18:37:00";"ES";101;132;"LINHARES";"Não guardar distância de segurança";"Colisão traseira";"Com Vítimas Feridas";"Pleno dia";"Decrescente";"Nublado";"Simples";"Reta";"Não";3;0;2;0;1;0;2;2;-19,22882508;-40,0932312;"SPRF-ES";"DEL04-ES";"UOP01-DEL04-ES"
135581;2018-05-20;"domingo";"19:35:00";"PI";343;336,5;"TERESINA";"Sinalização da via insuficiente ou inadequada";"Colisão frontal";"Com Vítimas Fatais";"Plena Noite";"Decrescente";"Céu Claro";"Simples";"Aclive";"Não";3;2;0;0;0;1;0;2;-5,062547;-42,705189;"SPRF-PI";"DEL01-PI";"UOP01-DEL01-PI"
135583;2018-05-20;"domingo";"18:00:00";"PR";163;295;"MARECHAL CANDIDO RONDON";"Ingestão de Álcool";"Saída de leito carroçável";"Com Vítimas Feridas";"Plena Noite";"Decrescente";"Sol";"Simples";"Curva";"Não";3;0;1;2;0;0;3;1;-24,51874033;-54,11206484;"SPRF-PR";"DEL06-PR";"UOP02-DEL06-PR"
135584;2018-05-20;"domingo";"19:50:00";"RJ";393;182;"PARAIBA DO SUL";"Falta de Atenção à Condução";"Colisão traseira";"Com Vítimas Feridas";"Plena Noite";"Crescente";"Nublado";"Simples";"Reta";"Sim";2;0;1;0;1;0;1;2;-22,1432595;-43,28552127;"SPRF-RJ";"DEL05-RJ";"UOP03-DEL05-RJ"
135586;2018-05-20;"domingo";"18:40:00";"ES";101;57,9;"SAO MATEUS";"Falta de Atenção à Condução";"Colisão transversal";"Com Vítimas Feridas";"Plena Noite";"Decrescente";"Céu Claro";"Simples";"Reta";"Não";3;0;2;0;1;0;2;2;-18,64686525;-39,87404108;"SPRF-ES";"DEL04-ES";"UOP02-DEL04-ES"
135587;2018-05-20;"domingo";"17:45:00";"RJ";101;314;"SAO GONCALO";"Falta de Atenção à Condução";"Engavetamento";"Sem Vítimas";"Anoitecer";"Crescente";"Céu Claro";"Dupla";"Reta";"Sim";3;0;0;0;3;0;0;3;-22,816507;-43,077309;"SPRF-RJ";"DEL02-RJ";"DEL5/2-UOP04/RJ"
135591;2018-05-20;"domingo";"20:10:00";"MG";262;442,8;"NOVA SERRANA";"Velocidade Incompatível";"Tombamento";"Com Vítimas Feridas";"Plena Noite";"Crescente";"Céu Claro";"Dupla";"Reta";"Não";1;0;0;1;0;0;1;1;-19,87265297;-44,96369898;"SPRF-MG";"DEL08-MG";"UOP03-DEL08-MG"
135592;2018-05-20;"domingo";"20:26:00";"MG";50;77;"UBERLANDIA";"Falta de Atenção à Condução";"Colisão traseira";"Com Vítimas Feridas";"Plena Noite";"Crescente";"Céu Claro";"Dupla";"Reta";"Não";2;0;1;0;1;0;1;2;-18,94158452;-48,2189244;"SPRF-MG";"DEL15-MG";"UOP01-DEL15-MG"
135593;2018-05-20;"domingo";"20:30:00";"PA";163;1002,5;"SANTAREM";"Defeito na Via";"Colisão frontal";"Com Vítimas Fatais";"Plena Noite";"Crescente";"Céu Claro";"Simples";"Reta";"Sim";5;1;1;0;3;0;1;3;-2,45030899;-54,72982049;"SPRF-PA";"DEL05-PA";"UOP01-DEL05-PA"
135594;2018-05-20;"domingo";"20:50:00";"PE";428;189,8;"PETROLINA";"Velocidade Incompatível";"Colisão traseira";"Com Vítimas Feridas";"Plena Noite";"Crescente";"Céu Claro";"Simples";"Reta";"Sim";3;0;2;0;1;0;2;3;-9,37763326;-40,50304592;"SPRF-PE";"DEL06-PE";"UOP01-DEL06-PE"
135595;2018-05-20;"domingo";"19:40:00";"SC";101;70,7;"ARAQUARI";"Defeito Mecânico no Veículo";"Queda de ocupante de veículo";"Com Vítimas Feridas";"Plena Noite";"Crescente";"Céu Claro";"Dupla";"Reta";"Não";1;0;1;0;0;0;1;1;-26,51575126;-48,72006297;"SPRF-SC";"DEL03-SC";"UOP02-DEL03-SC"
135596;2018-05-20;"domingo";"20:15:00";"PR";376;246,7;"APUCARANA";"Falta de Atenção à Condução";"Saída de leito carroçável";"Com Vítimas Feridas";"Plena Noite";"Decrescente";"Céu Claro";"Dupla";"Reta";"Não";1;0;0;1;0;0;1;1;-23,5945876;-51,41110852;"SPRF-PR";"DEL07-PR";"UOP03-DEL07-PR"
135597;2018-05-20;"domingo";"20:40:00";"MG";262;438,9;"NOVA SERRANA";"Falta de Atenção à Condução";"Colisão traseira";"Com Vítimas Feridas";"Plena Noite";"Decrescente";"Céu Claro";"Dupla";"Reta";"Sim";2;0;0;1;1;0;1;2;-19,87789965;-44,94140983;"SPRF-MG";"DEL08-MG";"UOP03-DEL08-MG"
135598;2018-05-20;"domingo";"17:00:00";"MA";10;243;"GOVERNADOR EDISON LOBAO";"Falta de Atenção à Condução";"Colisão frontal";"Com Vítimas Fatais";"Anoitecer";"Crescente";"Céu Claro";"Simples";"Reta";"Não";4;1;0;1;2;0;1;2;-5,69537708;-47,36259699;"SPRF-MA";"DEL04-MA";"UOP01-DEL04-MA"
135600;2018-05-20;"domingo";"20:55:00";"SC";470;135,5;"RIO DO SUL";"Falta de Atenção à Condução";"Colisão traseira";"Sem Vítimas";"Plena Noite";"Crescente";"Nublado";"Simples";"Reta";"Sim";2;0;0;0;1;1;0;2;-27,17352941;-49,58659351;"SPRF-SC";"DEL04-SC";"UOP02-DEL04-SC"
135602;2018-05-20;"domingo";"20:25:00";"RJ";465;18;"NOVA IGUACU";"Desobediência às normas de trânsito pelo pedestre";"Colisão lateral";"Com Vítimas Feridas";"Plena Noite";"Decrescente";"Céu Claro";"Simples";"Reta";"Sim";4;0;1;1;1;1;2;2;-22,84633;-43,605815;"SPRF-RJ";"DEL01-RJ";"UOP03-DEL01-RJ"
135604;2018-05-20;"domingo";"21:30:00";"MG";40;795,9;"JUIZ DE FORA";"Avarias e/ou desgaste excessivo no pneu";"Colisão com objeto estático";"Sem Vítimas";"Plena Noite";"Crescente";"Céu Claro";"Dupla";"Reta";"Sim";3;0;0;0;3;0;0;1;-21,80556765;-43,3995688;"SPRF-MG";"DEL05-MG";"UOP01-DEL05-MG"
135605;2018-05-20;"domingo";"21:45:00";"SC";280;48,3;"GUARAMIRIM";"Falta de Atenção à Condução";"Colisão traseira";"Com Vítimas Feridas";"Plena Noite";"Decrescente";"Nublado";"Simples";"Reta;Declive";"Não";6;0;3;2;1;0;5;2;-26,45620445;-48,93046081;"SPRF-SC";"DEL03-SC";"UOP03-DEL03-SC"
135607;2018-05-20;"domingo";"20:40:00";"BA";324;611;"SIMOES FILHO";"Defeito Mecânico no Veículo";"Incêndio";"Sem Vítimas";"Plena Noite";"Decrescente";"Céu Claro";"Dupla";"Reta";"Não";1;0;0;0;1;0;0;1;-12,85283;-38,419567;"SPRF-BA";"DEL01-BA";"UOP01-DEL01-BA"
135609;2018-05-20;"domingo";"21:40:00";"ES";101;287;"CARIACICA";"Animais na Pista";"Atropelamento de Animal";"Com Vítimas Feridas";"Plena Noite";"Decrescente";"Céu Claro";"Dupla";"Reta";"Sim";1;0;0;1;0;0;1;1;-20,26437;-40,420345;"SPRF-ES";"DEL01-ES";"UOP01-DEL01-ES"
135611;2018-05-20;"domingo";"20:45:00";"MS";163;157;"JUTI";"Animais na Pista";"Atropelamento de Animal";"Com Vítimas Feridas";"Plena Noite";"Crescente";"Céu Claro";"Simples";"Curva";"Não";5;0;1;0;4;0;1;1;-22,927208;-54,485453;"SPRF-MS";"DEL09-MS";"UOP01-DEL09-MS"
135612;2018-05-20;"domingo";"20:30:00";"PE";423;95,8;"GARANHUNS";"Ingestão de Álcool";"Colisão frontal";"Com Vítimas Feridas";"Plena Noite";"Decrescente";"Céu Claro";"Simples";"Reta";"Sim";3;0;1;0;0;2;1;3;-8,87926277;-36,48553133;"SPRF-PE";"DEL03-PE";"UOP01-DEL03-PE"
135613;2018-05-20;"domingo";"22:00:00";"RJ";116;170,3;"SAO JOAO DE MERITI";"Defeito Mecânico no Veículo";"Colisão com objeto estático";"Com Vítimas Fatais";"Plena Noite";"Decrescente";"Céu Claro";"Dupla";"Reta";"Sim";2;1;1;0;0;0;1;1;-22,7851881;-43,38027298;"SPRF-RJ";"DEL01-RJ";"UOP02-DEL01-RJ"
135614;2018-05-20;"domingo";"21:30:00";"MG";262;538,5;"LUZ";"Agressão Externa";"Saída de leito carroçável";"Com Vítimas Feridas";"Plena Noite";"Crescente";"Céu Claro";"Simples";"Curva";"Não";1;0;1;0;0;0;1;1;-19,75345618;-45,81933975;"SPRF-MG";"DEL08-MG";"UOP02-DEL08-MG"
135615;2018-05-20;"domingo";"19:00:00";"PA";316;54,1;"CASTANHAL";"Falta de Atenção à Condução";"Colisão lateral";"Com Vítimas Fatais";"Plena Noite";"Crescente";"Céu Claro";"Dupla";"Reta";"Sim";3;1;1;0;0;1;1;3;-1,30622991;-48,00064087;"SPRF-PA";"DEL01-PA";"UOP01-DEL01-PA"
135616;2018-05-20;"domingo";"21:05:00";"MG";116;411,5;"GOVERNADOR VALADARES";"Ingestão de Álcool";"Colisão traseira";"Com Vítimas Feridas";"Plena Noite";"Crescente";"Nublado";"Dupla";"Reta";"Sim";2;0;1;0;1;0;1;2;-18,86069658;-41,97457016;"SPRF-MG";"DEL06-MG";"UOP01-DEL06-MG"
135618;2018-05-20;"domingo";"19:50:00";"PR";369;172;"ROLANDIA";"Ingestão de Álcool";"Colisão lateral";"Com Vítimas Feridas";"Plena Noite";"Decrescente";"Céu Claro";"Simples";"Interseção de Vias";"Sim";3;0;1;0;2;0;1;2;-23,30525135;-51,36100704;"SPRF-PR";"DEL07-PR";"UOP01-DEL07-PR"
135619;2018-05-20;"domingo";"22:20:00";"MG";262;446,5;"NOVA SERRANA";"Condutor Dormindo";"Capotamento";"Com Vítimas Feridas";"Plena Noite";"Decrescente";"Céu Claro";"Simples";"Reta";"Sim";1;0;1;0;0;0;1;1;-19,86160411;-45,00327229;"SPRF-MG";"DEL08-MG";"UOP03-DEL08-MG"
135620;2018-05-20;"domingo";"20:55:00";"SC";470;74,2;"INDAIAL";"Ingestão de álcool e/ou substâncias psicoativas pelo pedestre";"Colisão transversal";"Com Vítimas Feridas";"Plena Noite";"Decrescente";"Céu Claro";"Simples";"Interseção de Vias";"Sim";3;0;1;0;1;1;1;2;-26,90562724;-49,27208042;"SPRF-SC";"DEL04-SC";"UOP01-DEL04-SC"
135621;2018-05-20;"domingo";"21:45:00";"GO";50;96,7;"CRISTALINA";"Não guardar distância de segurança";"Colisão traseira";"Com Vítimas Feridas";"Plena Noite";"Decrescente";"Céu Claro";"Dupla";"Reta";"Sim";2;0;0;1;1;0;1;2;-16,9309;-47,7117;"SPRF-DF";"DEL01-DF";"UOP02-DEL01-DF"
135622;2018-05-20;"domingo";"22:15:00";"RN";304;35,5;"MOSSORO";"Ingestão de Álcool";"Danos eventuais";"Com Vítimas Feridas";"Plena Noite";"Crescente";"Céu Claro";"Dupla";"Rotatória";"Sim";1;0;0;1;0;0;1;1;-5,16615143;-37,35117674;"SPRF-RN";"DEL04-RN";"UOP02-DEL04-RN"
135624;2018-05-20;"domingo";"22:30:00";"RJ";116;205;"SEROPEDICA";"Falta de Atenção à Condução";"Saída de leito carroçável";"Com Vítimas Feridas";"Plena Noite";"Crescente";"Céu Claro";"Dupla";"Reta";"Sim";3;0;2;0;1;0;2;1;-22,727467;-43,641682;"SPRF-RJ";"DEL01-RJ";"UOP03-DEL01-RJ"
135625;2018-05-20;"domingo";"22:30:00";"CE";116;302;"JAGUARIBE";"Ingestão de Álcool";"Capotamento";"Sem Vítimas";"Plena Noite";"Decrescente";"Céu Claro";"Simples";"Reta";"Não";2;0;0;0;2;0;0;1;-5,85880658;-38,58270764;"SPRF-CE";"DEL05-CE";"UOP02-DEL05-CE"
135626;2018-05-20;"domingo";"17:10:00";"PR";277;371,4;"GUARAPUAVA";"Avarias e/ou desgaste excessivo no pneu";"Tombamento";"Com Vítimas Feridas";"Pleno dia";"Crescente";"Sol";"Simples";"Reta;Declive";"Não";2;0;1;1;0;0;2;1;-25,408086;-51,707251;"SPRF-PR";"DEL03-PR";"UOP01-DEL08-PR"
135627;2018-05-20;"domingo";"20:00:00";"SC";282;47,5;"AGUAS MORNAS";"Ingestão de Álcool";"Colisão traseira";"Com Vítimas Feridas";"Plena Noite";"Decrescente";"Nublado";"Simples";"Reta";"Não";3;0;3;0;0;0;3;2;-27,71882214;-48,93816856;"SPRF-SC";"DEL01-SC";"UOP03-DEL01-SC"
135630;2018-05-20;"domingo";"23:20:00";"ES";259;60;"COLATINA";"Velocidade Incompatível";"Colisão lateral";"Com Vítimas Fatais";"Plena Noite";"Decrescente";"Nublado";"Simples";"Reta";"Não";4;1;2;1;0;0;3;2;-19,525307;-40,674618;"SPRF-ES";"DEL02-ES";"UOP01-DEL02-ES"
135632;2018-05-20;"domingo";"22:28:00";"RR";174;506,6;"BOA VISTA";"Desobediência às normas de trânsito pelo condutor";"Colisão transversal";"Com Vítimas Feridas";"Plena Noite";"Decrescente";"Chuva";"Dupla";"Interseção de Vias";"Sim";4;0;3;0;0;1;3;3;2,822108;-60,695469;"SPRF-RR";"DEL01-RR";"UOP01-DEL01-RR"
135634;2018-05-20;"domingo";"21:40:00";"PE";232;400,9;"SERRA TALHADA";"Falta de Atenção à Condução";"Capotamento";"Com Vítimas Feridas";"Plena Noite";"Crescente";"Nublado";"Simples";"Curva";"Não";6;0;2;0;4;0;2;2;-8,012445;-38,229495;"SPRF-PE";"DEL04-PE";"UOP01-DEL04-PE"
135636;2018-05-21;"segunda-feira";"00:20:00";"PR";277;582;"CASCAVEL";"Defeito na Via";"Queda de ocupante de veículo";"Com Vítimas Feridas";"Plena Noite";"Crescente";"Céu Claro";"Simples";"Reta;Em Obras";"Sim";2;0;2;0;0;0;2;1;-25,02817;-53,55983;"SPRF-PR";"DEL04-PR";"UOP01-DEL04-PR"
135637;2018-05-20;"domingo";"23:40:00";"AL";104;35;"UNIAO DOS PALMARES";"Falta de Atenção à Condução";"Queda de ocupante de veículo";"Com Vítimas Feridas";"Plena Noite";"Crescente";"Céu Claro";"Simples";"Reta";"Sim";1;0;1;0;0;0;1;1;-9,1729764;-36,0295155;"SPRF-AL";"DEL01-AL";"UOP02-DEL01-AL"
135638;2018-05-21;"segunda-feira";"00:05:00";"ES";101;126;"LINHARES";"Falta de Atenção à Condução";"Queda de ocupante de veículo";"Com Vítimas Feridas";"Plena Noite";"Crescente";"Nublado";"Múltipla";"Reta";"Sim";2;0;2;0;0;0;2;1;-19,19353751;-40,09511143;"SPRF-ES";"DEL04-ES";"UOP01-DEL04-ES"