"id";"data_inversa";"dia_semana";"horario";"uf";"br";"km";"municipio";"causa_acidente";"tipo_acidente";"classificacao_acidente";"fase_dia";"sentido_via";"condicao_metereologica";"tipo_pista";"tracado_via";"uso_solo";"pessoas";"mortos";"feridos_leves";"feridos_graves";"ilesos";"ignorados";"feridos";"veiculos";"latitude";"longitude";"regional";"delegacia";"uop"
135873;2018-05-22;"terça-feira";"10:20:00";"RO";364;423;"JARU";"Desobediência às normas de trânsito pelo condutor";"Colisão transversal";"Com Vítimas Feridas";"Pleno dia";"Decrescente";"Céu Claro";"Simples";"Reta";"Não";4;0;3;0;1;0;3;3;-10,4517741;-62,46100397;"SPRF-RO";"DEL03-RO";"UOP02-DEL03-RO"
135874;2018-05-22;"terça-feira";"14:35:00";"MT";70;1;"BARRA DO GARCAS";"Desobediência às normas de trânsito pelo condutor";"Colisão transversal";"Com Vítimas Feridas";"Pleno dia";"Crescente";"Céu Claro";"Simples";"Reta";"Sim";3;0;2;0;1;0;2;2;-15,891638;-52,262032;"SPRF-MT";"DEL07-MT";"UOP01-DEL07-MT"
135879;2018-05-20;"domingo";"12:40:00";"PR";476;131,8;"CURITIBA";"Falta de Atenção à Condução";"Colisão transversal";"Com Vítimas Feridas";"Pleno dia";"Decrescente";"Céu Claro";"Múltipla";"Reta";"Sim";2;0;2;0;0;0;2;2;-25,45943354;-49,24975097;"SPRF-PR";"DEL01-PR";"UOP07-DEL01-PR"
135880;2018-05-22;"terça-feira";"15:20:00";"PE";101;89;"CABO DE SANTO AGOSTINHO";"Velocidade Incompatível";"Saída de leito carroçável";"Com Vítimas Feridas";"Pleno dia";"Decrescente";"Sol";"Dupla";"Reta";"Não";1;0;1;0;0;0;1;1;-8,2155;-34,9874;"SPRF-PE";"DEL01-PE";"UOP03-DEL01-PE"
135882;2018-05-22;"terça-feira";"15:25:00";"SP";101;39;"UBATUBA";"Falta de Atenção à Condução";"Colisão lateral";"Com Vítimas Feridas";"Pleno dia";"Crescente";"Céu Claro";"Simples";"Reta";"Sim";2;0;0;1;1;0;1;2;-23,41410728;-45,02883911;"SPRF-SP";"DEL06-SP";"UOP01-DEL06-SP"
135883;2018-05-19;"sábado";"04:10:00";"PA";316;35;"SANTA IZABEL DO PARA";"Desobediência às normas de trânsito pelo condutor";"Colisão frontal";"Com Vítimas Fatais";"Plena Noite";"Crescente";"Céu Claro";"Dupla";"Reta";"Não";3;1;0;0;2;0;0;2;-1,289763;-48,156025;"SPRF-PA";"DEL01-PA";"DEL19/1-UOP05/PA"
135884;2018-05-22;"terça-feira";"16:00:00";"MT";70;1;"BARRA DO GARCAS";"Desobediência às normas de trânsito pelo condutor";"Colisão transversal";"Com Vítimas Feridas";"Pleno dia";"Crescente";"Céu Claro";"Simples";"Interseção de Vias";"Sim";2;0;0;2;0;0;2;2;-15,891638;-52,262032;"SPRF-MT";"DEL07-MT";"UOP01-DEL07-MT"
135885;2018-05-22;"terça-feira";"15:30:00";"PR";277;3,8;"FOZ DO IGUACU";"Falta de Atenção à Condução";"Tombamento";"Com Vítimas Feridas";"Pleno dia";"Decrescente";"Céu Claro";"Dupla";"Reta";"Sim";1;0;0;1;0;0;1;1;-25,47655886;-54,58448768;"SPRF-PR";"DEL05-PR";"UOP03-DEL05-PR"
135888;2018-05-22;"terça-feira";"16:40:00";"GO";60;78,4;"ANAPOLIS";"Falta de Atenção à Condução";"Saída de leito carroçável";"Com Vítimas Feridas";"Pleno dia";"Decrescente";"Céu Claro";"Dupla";"Reta";"Não";1;0;1;0;0;0;1;1;-16,29819398;-48,80707886;"SPRF-GO";"DEL02-GO";"UOP01-DEL02-GO"
135889;2018-05-22;"terça-feira";"15:40:00";"PR";476;139,5;"CURITIBA";"Falta de Atenção à Condução";"Engavetamento";"Com Vítimas Feridas";"Pleno dia";"Crescente";"Céu Claro";"Múltipla";"Reta";"Não";6;0;1;0;2;3;1;5;-25,51673761;-49,29195285;"SPRF-PR";"DEL01-PR";"UOP07-DEL01-PR"
135890;2018-04-01;"domingo";"00:21:00";"PE";101;60,4;"RECIFE";"Defeito Mecânico no Veículo";"Incêndio";"Sem Vítimas";"Plena Noite";"Decrescente";"Ignorado";"Dupla";"Reta";"Sim";1;0;0;0;1;0;0;1;-7,987317;-34,93298;"SPRF-PE";"DEL01-PE";"UOP02-DEL01-PE"
135892;2018-05-22;"terça-feira";"17:00:00";"MT";70;3;"BARRA DO GARCAS";"Sinalização da via insuficiente ou inadequada";"Tombamento";"Com Vítimas Feridas";"Pleno dia";"Crescente";"Céu Claro";"Dupla";"Reta";"Sim";1;0;1;0;0;0;1;1;-15,88223708;-52,2763288;"SPRF-MT";"DEL07-MT";"UOP01-DEL07-MT"
135893;2018-04-24;"terça-feira";"18:35:00";"MG";40;516;"RIBEIRAO DAS NEVES";"Velocidade Incompatível";"Engavetamento";"Com Vítimas Feridas";"Plena Noite";"Decrescente";"Céu Claro";"Dupla";"Reta";"Não";4;0;2;0;2;0;2;4;-19,80353799;-44,09859431;"SPRF-MG";"DEL01-MG";"UOP03-DEL01-MG"
135894;2018-05-22;"terça-feira";"17:10:00";"PI";316;315;"PICOS";"Falta de Atenção à Condução";"Colisão transversal";"Com Vítimas Feridas";"Plena Noite";"Crescente";"Céu Claro";"Simples";"Reta";"Sim";2;0;2;0;0;0;2;2;-7,07978;-41,43144;"SPRF-PI";"DEL04-PI";"UOP01-DEL04-PI"
135895;2018-05-22;"terça-feira";"15:30:00";"SC";280;36,6;"ARAQUARI";"Falta de Atenção à Condução";"Colisão lateral";"Sem Vítimas";"Pleno dia";"Crescente";"Céu Claro";"Simples";"Reta";"Não";2;0;0;0;2;0;0;2;-26,442017;-48,809643;"SPRF-SC";"DEL03-SC";"UOP03-DEL03-SC"
135896;2018-05-22;"terça-feira";"15:00:00";"SC";101;281,4;"IMBITUBA";"Falta de Atenção à Condução";"Colisão lateral";"Com Vítimas Feridas";"Pleno dia";"Crescente";"Céu Claro";"Dupla";"Reta";"Sim";2;0;0;1;1;0;1;2;-28,21451975;-48,70013952;"SPRF-SC";"DEL02-SC";"UOP03-DEL02-SC"
135897;2018-05-22;"terça-feira";"08:00:00";"MG";381;429,5;"CAETE";"Velocidade Incompatível";"Saída de leito carroçável";"Com Vítimas Feridas";"Pleno dia";"Crescente";"Sol";"Simples";"Curva";"Não";1;0;1;0;0;0;1;1;-19,78120056;-43,66022306;"SPRF-MG";"DEL01-MG";"UOP01-DEL01-MG"
135899;2018-05-22;"terça-feira";"14:00:00";"SC";282;542,3;"CHAPECO";"Falta de Atenção à Condução";"Colisão lateral";"Sem Vítimas";"Pleno dia";"Decrescente";"Céu Claro";"Simples";"Reta";"Não";2;0;0;0;2;0;0;2;-27,00056095;-52,71276712;"SPRF-SC";"DEL07-SC";"UOP01-DEL07-SC"
135900;2018-05-22;"terça-feira";"17:40:00";"SP";116;521,7;"CAJATI";"Condutor Dormindo";"Saída de leito carroçável";"Com Vítimas Feridas";"Anoitecer";"Decrescente";"Céu Claro";"Dupla";"Reta";"Não";3;0;2;0;1;0;2;1;-24,73659;-48,12319;"SPRF-SP";"DEL05-SP";"UAP01-DEL05-SP"
135901;2018-05-22;"terça-feira";"18:10:00";"MG";356;265,7;"MURIAE";"Desobediência às normas de trânsito pelo condutor";"Colisão transversal";"Com Vítimas Feridas";"Anoitecer";"Decrescente";"Céu Claro";"Simples";"Reta;Interseção de Vias";"Sim";3;0;1;0;0;2;1;3;-21,12758925;-42,36840963;"SPRF-MG";"DEL07-MG";"UOP02-DEL07-MG"
135902;2018-05-22;"terça-feira";"17:30:00";"SC";470;4;"NAVEGANTES";"Desobediência às normas de trânsito pelo condutor";"Colisão transversal";"Com Vítimas Feridas";"Anoitecer";"Crescente";"Céu Claro";"Simples";"Desvio Temporário";"Não";3;0;1;1;1;0;2;2;-26,858473;-48,690788;"SPRF-SC";"DEL04-SC";"UOP04-DEL04-SC"
135904;2018-05-22;"terça-feira";"17:40:00";"SC";282;220,2;"LAGES";"Desobediência às normas de trânsito pelo condutor";"Colisão transversal";"Com Vítimas Feridas";"Anoitecer";"Decrescente";"Céu Claro";"Simples";"Reta";"Sim";2;0;1;0;1;0;1;2;-27,7942877;-50,33556283;"SPRF-SC";"DEL05-SC";"UOP01-DEL05-SC"
135905;2018-05-22;"terça-feira";"18:15:00";"MG";365;626,7;"UBERLANDIA";"Falta de Atenção à Condução";"Colisão lateral";"Com Vítimas Feridas";"Plena Noite";"Crescente";"Céu Claro";"Simples";"Reta";"Não";2;0;2;0;0;0;2;2;-18,9064489;-48,33031654;"SPRF-MG";"DEL15-MG";"UOP01-DEL15-MG"
135908;2018-05-22;"terça-feira";"18:15:00";"SC";153;95,2;"CONCORDIA";"Falta de Atenção à Condução";"Colisão transversal";"Com Vítimas Feridas";"Plena Noite";"Crescente";"Céu Claro";"Simples";"Reta";"Não";2;0;1;0;1;0;1;2;-27,21080465;-51,95164204;"SPRF-SC";"DEL07-SC";"UOP04-DEL07-SC"
135909;2018-05-22;"terça-feira";"18:40:00";"MG";40;614,1;"CONGONHAS";"Falta de Atenção do Pedestre";"Atropelamento de Pedestre";"Com Vítimas Fatais";"Anoitecer";"Crescente";"Céu Claro";"Simples";"Reta";"Sim";3;1;0;0;1;1;0;2;-20,539;-43,8208;"SPRF-MG";"DEL05-MG";"UOP02-DEL05-MG"
135911;2018-05-22;"terça-feira";"09:00:00";"PR";116;80;"PIRAQUARA";"Falta de Atenção à Condução";"Colisão com objeto estático";"Com Vítimas Feridas";"Pleno dia";"Crescente";"Céu Claro";"Dupla";"Reta;Aclive";"Não";1;0;1;0;0;0;1;1;-25,403618;-49,059505;"SPRF-PR";"DEL01-PR";"UOP01-DEL01-PR"
135912;2018-05-22;"terça-feira";"18:40:00";"RS";285;292;"PASSO FUNDO";"Falta de Atenção à Condução";"Queda de ocupante de veículo";"Com Vítimas Feridas";"Plena Noite";"Crescente";"Céu Claro";"Dupla";"Reta";"Sim";5;0;1;0;4;0;1;2;-28,23639424;-52,37697601;"SPRF-RS";"DEL08-RS";"UOP03-DEL08-RS"
135913;2018-05-22;"terça-feira";"18:10:00";"SC";470;57,8;"BLUMENAU";"Falta de Atenção à Condução";"Colisão lateral";"Com Vítimas Feridas";"Anoitecer";"Crescente";"Céu Claro";"Simples";"Reta";"Sim";2;0;0;2;0;0;2;2;-26,87694161;-49,12847489;"SPRF-SC";"DEL04-SC";"UOP01-DEL04-SC"
135914;2018-05-22;"terça-feira";"18:35:00";"SC";470;66,4;"INDAIAL";"Desobediência às normas de trânsito pelo condutor";"Colisão frontal";"Com Vítimas Feridas";"Plena Noite";"Decrescente";"Nublado";"Simples";"Reta";"Sim";2;0;1;0;1;0;1;2;-26,870407;-49,221844;"SPRF-SC";"DEL04-SC";"UOP01-DEL04-SC"
135915;2018-05-22;"terça-feira";"17:50:00";"RR";174;499;"BOA VISTA";"Animais na Pista";"Atropelamento de Animal";"Com Vítimas Feridas";"Anoitecer";"Decrescente";"Céu Claro";"Múltipla";"Reta";"Sim";2;0;1;0;1;0;1;1;2,767671;-60,720088;"SPRF-RR";"DEL01-RR";"UOP01-DEL01-RR"
135916;2018-05-22;"terça-feira";"17:50:00";"RJ";101;213;"CASIMIRO DE ABREU";"Falta de Atenção do Pedestre";"Atropelamento de Pedestre";"Com Vítimas Fatais";"Plena Noite";"Decrescente";"Céu Claro";"Dupla";"Curva";"Não";3;1;1;0;0;1;1;2;-22,49162281;-42,25985527;"SPRF-RJ";"DEL02-RJ";"UOP04-DEL08-RJ"
135917;2018-05-22;"terça-feira";"19:05:00";"BA";242;801;"BARREIRAS";"Ultrapassagem Indevida";"Atropelamento de Pedestre";"Com Vítimas Feridas";"Plena Noite";"Decrescente";"Nublado";"Simples";"Reta";"Sim";2;0;1;0;0;1;1;2;-12,119569;-45,059441;"SPRF-BA";"DEL10-BA";"UOP01-DEL10-BA"
135918;2018-05-22;"terça-feira";"19:15:00";"PE";428;183;"PETROLINA";"Desobediência às normas de trânsito pelo condutor";"Colisão transversal";"Com Vítimas Feridas";"Plena Noite";"Decrescente";"Garoa/Chuvisco";"Simples";"Interseção de Vias";"Sim";5;0;3;0;1;1;3;3;-9,324209;-40,462154;"SPRF-PE";"DEL06-PE";"UOP01-DEL06-PE"
135919;2018-05-13;"domingo";"19:30:00";"AM";319;35;"CAREIRO DA VARZEA";"Falta de Atenção à Condução";"Atropelamento de Pedestre";"Com Vítimas Feridas";"Plena Noite";"Decrescente";"Céu Claro";"Simples";"Reta";"Sim";3;0;1;1;1;0;2;2;-3,36987113;-59,87906367;"SPRF-AM";"DEL01-AM";"UOP04-DEL01-AM"
135920;2018-05-02;"quarta-feira";"18:50:00";"RS";392;1;"CAPAO DO LEAO";"Desobediência às normas de trânsito pelo condutor";"Colisão transversal";"Sem Vítimas";"Plena Noite";"Crescente";"Chuva";"Simples";"Reta";"Não";2;0;0;0;1;1;0;2;-31,7602;-52,4381;"SPRF-RS";"DEL07-RS";"UOP01-DEL07-RS"
135921;2018-05-22;"terça-feira";"18:20:00";"MG";40;42,3;"PARACATU";"Falta de Atenção à Condução";"Colisão transversal";"Com Vítimas Feridas";"Plena Noite";"Crescente";"Céu Claro";"Simples";"Declive;Reta";"Sim";2;0;1;0;1;0;1;2;-17,22169413;-46,86593771;"SPRF-MG";"DEL14-MG";"UOP01-DEL14-MG"
135922;2018-05-22;"terça-feira";"17:30:00";"BA";101;470;"URUCUCA";"Restrição de Visibilidade";"Queda de ocupante de veículo";"Com Vítimas Feridas";"Anoitecer";"Decrescente";"Nublado";"Simples";"Reta";"Não";2;0;2;0;0;0;2;1;-14,5286;-39,335;"SPRF-BA";"DEL05-BA";"UOP01-DEL05-BA"
135923;2018-05-22;"terça-feira";"20:10:00";"MG";50;6;"UBERLANDIA";"Falta de Atenção à Condução";"Capotamento";"Com Vítimas Feridas";"Plena Noite";"Decrescente";"Nublado";"Dupla";"Reta";"Não";1;0;1;0;0;0;1;1;-18,9113;-48,2622;"SPRF-MG";"DEL15-MG";"UOP02-DEL15-MG"
135925;2018-05-22;"terça-feira";"19:30:00";"MG";40;738,9;"SANTOS DUMONT";"Animais na Pista";"Tombamento";"Com Vítimas Feridas";"Plena Noite";"Decrescente";"Céu Claro";"Simples";"Curva";"Não";1;0;1;0;0;0;1;1;-21,4162;-43,5635;"SPRF-MG";"DEL05-MG";"UOP01-DEL05-MG"
135926;2018-05-22;"terça-feira";"20:10:00";"SP";116;281;"EMBU DAS ARTES";"Velocidade Incompatível";"Colisão traseira";"Com Vítimas Feridas";"Plena Noite";"Decrescente";"Ignorado";"Dupla";"Reta";"Sim";4;0;1;0;3;0;1;2;-23,66581206;-46,85533566;"SPRF-SP";"DEL04-SP";"UOP01-DEL04-SP"
135927;2018-05-22;"terça-feira";"17:30:00";"SC";101;354;"JAGUARUNA";"Falta de Atenção à Condução";"Colisão traseira";"Com Vítimas Feridas";"Pleno dia";"Decrescente";"Céu Claro";"Múltipla";"Reta";"Não";2;0;1;0;1;0;1;2;-28,6111236;-49,06054879;"SPRF-SC";"DEL02-SC";"UOP01-DEL02-SC"
135928;2018-05-22;"terça-feira";"19:00:00";"MA";316;612;"TIMON";"Deficiência ou não Acionamento do Sistema de Iluminação/Sinalização do Veículo";"Colisão com objeto estático";"Com Vítimas Feridas";"Plena Noite";"Decrescente";"Céu Claro";"Simples";"Reta";"Sim";2;0;0;1;1;0;1;2;-5,075141;-42,859455;"SPRF-MA";"DEL03-MA";"UOP02-DEL03-MA"
135929;2018-05-22;"terça-feira";"19:20:00";"RJ";101;421,1;"MANGARATIBA";"Falta de Atenção à Condução";"Colisão traseira";"Com Vítimas Feridas";"Plena Noite";"Decrescente";"Céu Claro";"Dupla";"Reta";"Sim";1;0;1;0;0;0;1;1;-22,91661851;-43,93165469;"SPRF-RJ";"DEL03-RJ";"UOP01-DEL03-RJ"
135930;2018-05-22;"terça-feira";"18:47:00";"MS";158;283;"TRES LAGOAS";"Objeto estático sobre o leito carroçável";"Colisão com objeto estático";"Com Vítimas Feridas";"Plena Noite";"Crescente";"Nublado";"Simples";"Declive";"Não";1;0;1;0;0;0;1;1;-20,819618;-51,725964;"SPRF-MS";"DEL07-MS";"UOP01-DEL07-MS"
135933;2018-05-22;"terça-feira";"19:50:00";"GO";60;111;"GOIANAPOLIS";"Defeito Mecânico no Veículo";"Incêndio";"Sem Vítimas";"Plena Noite";"Decrescente";"Céu Claro";"Dupla";"Reta";"Não";1;0;0;0;1;0;0;1;-16,451;-49,0409;"SPRF-GO";"DEL01-GO";"UOP01-DEL01-GO"
135935;2018-05-22;"terça-feira";"21:20:00";"RJ";116;36;"TERESOPOLIS";"Condutor Dormindo";"Tombamento";"Com Vítimas Feridas";"Plena Noite";"Crescente";"Céu Claro";"Simples";"Aclive;Curva";"Não";1;0;1;0;0;0;1;1;-22,12603672;-42,78024673;"SPRF-RJ";"DEL04-RJ";"UOP01-DEL04-RJ"
135936;2018-05-22;"terça-feira";"21:45:00";"PE";232;76,8;"GRAVATA";"Animais na Pista";"Atropelamento de Animal";"Com Vítimas Feridas";"Plena Noite";"Crescente";"Céu Claro";"Dupla";"Reta";"Sim";2;0;1;0;1;0;1;1;-8,193885;-35,541196;"SPRF-PE";"DEL01-PE";"UOP02-DEL02PE"
135937;2018-05-09;"quarta-feira";"20:30:00";"RO";364;706;"PORTO VELHO";"Falta de Atenção do Pedestre";"Atropelamento de Pedestre";"Com Vítimas Feridas";"Plena Noite";"Decrescente";"Céu Claro";"Dupla";"Reta";"Não";4;0;1;1;1;1;2;2;-8,801179;-63,828045;"SPRF-RO";"DEL01-RO";"UOP01-DEL01-RO"
135938;2018-05-22;"terça-feira";"21:30:00";"RJ";101;476;"ANGRA DOS REIS";"Agressão Externa";"Incêndio";"Sem Vítimas";"Plena Noite";"Decrescente";"Céu Claro";"Simples";"Reta";"Não";1;0;0;0;0;1;0;1;-22,99979969;-44,25704956;"SPRF-RJ";"DEL03-RJ";"UOP03-DEL03-RJ"
135939;2018-05-22;"terça-feira";"18:40:00";"PI";316;259;"IPIRANGA DO PIAUI";"Desobediência às normas de trânsito pelo condutor";"Colisão transversal";"Com Vítimas Feridas";"Plena Noite";"Crescente";"Céu Claro";"Simples";"Reta";"Não";3;0;1;0;2;0;1;2;-6,82634385;-41,73750043;"SPRF-PI";"DEL04-PI";"UOP02-DEL04-PI"
135940;2018-05-22;"terça-feira";"22:15:00";"PR";376;176;"MARINGA";"Falta de Atenção à Condução";"Colisão transversal";"Com Vítimas Feridas";"Plena Noite";"Crescente";"Céu Claro";"Dupla";"Reta";"Sim";2;0;1;0;1;0;1;2;-23,412691;-51,931583;"SPRF-PR";"DEL07-PR";"UOP01-DEL09-PR"
135941;2018-05-22;"terça-feira";"22:15:00";"MG";381;498;"BETIM";"Falta de Atenção à Condução";"Colisão lateral";"Com Vítimas Feridas";"Plena Noite";"Crescente";"Céu Claro";"Dupla";"Reta";"Não";3;0;1;0;2;0;1;2;-19,9954;-44,208;"SPRF-MG";"DEL01-MG";"UOP03-DEL01-MG"
135942;2018-05-22;"terça-feira";"18:30:00";"MG";116;407;"GOVERNADOR VALADARES";"Não guardar distância de segurança";"Colisão traseira";"Sem Vítimas";"Plena Noite";"Crescente";"Céu Claro";"Simples";"Reta";"Sim";3;0;0;0;3;0;0;3;-18,67617029;-41,98905945;"SPRF-MG";"DEL06-MG";"UOP01-DEL06-MG"
135943;2018-05-22;"terça-feira";"21:40:00";"MS";163;728;"COXIM";"Animais na Pista";"Tombamento";"Com Vítimas Feridas";"Plena Noite";"Decrescente";"Céu Claro";"Simples";"Reta";"Sim";1;0;1;0;0;0;1;1;-18,52545426;-54,74001288;"SPRF-MS";"DEL06-MS";"UOP01-DEL06-MS"
135946;2018-05-22;"terça-feira";"21:00:00";"MG";381;184;"GOVERNADOR VALADARES";"Condutor Dormindo";"Saída de leito carroçável";"Sem Vítimas";"Plena Noite";"Decrescente";"Céu Claro";"Simples";"Curva";"Não";1;0;0;0;1;0;0;1;-19,03631839;-42,14818954;"SPRF-MG";"DEL06-MG";"UOP01-DEL06-MG"
135947;2018-05-22;"terça-feira";"23:00:00";"SP";116;282;"EMBU DAS ARTES";"Falta de Atenção à Condução";"Atropelamento de Pedestre";"Com Vítimas Feridas";"Plena Noite";"Crescente";"Céu Claro";"Dupla";"Reta";"Sim";2;0;1;0;0;1;1;2;-23,65126334;-46,84712546;"SPRF-SP";"DEL04-SP";"UOP01-DEL04-SP"
135949;2018-05-22;"terça-feira";"21:30:00";"DF";70;19,2;"BRASILIA";"Falta de Atenção à Condução";"Saída de leito carroçável";"Com Vítimas Feridas";"Plena Noite";"Crescente";"Céu Claro";"Dupla";"Curva";"Não";1;0;1;0;0;0;1;1;-15,788868;-48,220242;"SPRF-DF";"DEL01-DF";"UOP02-DEL03-DF"
135952;2018-05-22;"terça-feira";"23:45:00";"SC";101;213,2;"PALHOCA";"Falta de Atenção à Condução";"Tombamento";"Com Vítimas Feridas";"Plena Noite";"Decrescente";"Céu Claro";"Dupla";"Reta";"Sim";1;0;1;0;0;0;1;1;-27,6446;-48,6705;"SPRF-SC";"DEL01-SC";"UOP02-DEL01-SC"
135953;2018-05-22;"terça-feira";"23:30:00";"PB";361;53,2;"CATINGUEIRA";"Animais na Pista";"Atropelamento de Animal";"Com Vítimas Feridas";"Plena Noite";"Decrescente";"Céu Claro";"Simples";"Reta";"Não";1;0;1;0;0;0;1;1;-7,16444814;-37,68533707;"SPRF-PB";"DEL03-PB";"UOP01-DEL03-PB"
135957;2018-05-23;"quarta-feira";"02:50:00";"RJ";116;179;"NOVA IGUACU";"Velocidade Incompatível";"Colisão com objeto estático";"Sem Vítimas";"Plena Noite";"Decrescente";"Céu Claro";"Múltipla";"Curva";"Sim";1;0;0;0;0;1;0;1;-22,769873;-43,408077;"SPRF-RJ";"DEL01-RJ";"UOP02-DEL01-RJ"
135958;2018-05-23;"quarta-feira";"04:40:00";"PE";101;49,9;"ABREU E LIMA";"Falta de Atenção à Condução";"Colisão traseira";"Com Vítimas Feridas";"Pleno dia";"Decrescente";"Chuva";"Múltipla";"Reta";"Sim";10;0;0;1;1;8;1;2;-7,9157;-34,8977;"SPRF-PE";"DEL01-PE";"UOP02-DEL01-PE"
135959;2018-05-23;"quarta-feira";"03:50:00";"SP";116;454;"REGISTRO";"Falta de Atenção à Condução";"Queda de ocupante de veículo";"Com Vítimas Feridas";"Plena Noite";"Crescente";"Nublado";"Dupla";"Reta";"Não";1;0;1;0;0;0;1;1;-24,6594983;-47,94708252;"SPRF-SP";"DEL05-SP";"UOP01-DEL05-SP"
135960;2018-05-23;"quarta-feira";"05:35:00";"ES";101;67;"SERRA";"Ingestão de Substâncias Psicoativas";"Atropelamento de Pedestre";"Com Vítimas Feridas";"Amanhecer";"Decrescente";"Céu Claro";"Múltipla";"Curva";"Sim";2;0;0;1;1;0;1;2;-20,096815;-40,339489;"SPRF-ES";"DEL04-ES";"UOP02-DEL04-ES"
135962;2018-05-23;"quarta-feira";"06:15:00";"MG";262;38,7;"MANHUACU";"Falta de Atenção à Condução";"Colisão com objeto estático";"Com Vítimas Feridas";"Pleno dia";"Crescente";"Céu Claro";"Simples";"Aclive";"Não";1;0;0;1;0;0;1;1;-20,27548224;-42,05215573;"SPRF-MG";"DEL06-MG";"UOP03-DEL06-MG"
135963;2018-05-23;"quarta-feira";"06:15:00";"DF";20;17;"BRASILIA";"Falta de Atenção à Condução";"Colisão traseira";"Com Vítimas Feridas";"Pleno dia";"Decrescente";"Céu Claro";"Dupla";"Reta";"Sim";5;0;2;0;3;0;2;3;-15,62111499;-47,71693289;"SPRF-DF";"DEL02-DF";"UOP01-DEL02-DF"
135964;2018-05-23;"quarta-feira";"05:00:00";"MT";364;404;"CUIABA";"Avarias e/ou desgaste excessivo no pneu";"Saída de leito carroçável";"Com Vítimas Feridas";"Amanhecer";"Crescente";"Céu Claro";"Múltipla";"Reta";"Sim";5;0;5;0;0;0;5;1;-15,64584962;-56,00957751;"SPRF-MT";"DEL02-MT";"UOP02-DEL01-MT"
135965;2018-05-23;"quarta-feira";"06:55:00";"PE";101;70,2;"RECIFE";"Falta de Atenção à Condução";"Colisão traseira";"Com Vítimas Feridas";"Pleno dia";"Decrescente";"Sol";"Dupla";"Curva";"Sim";2;0;1;0;1;0;1;2;-8,06872637;-34,94241357;"SPRF-PE";"DEL01-PE";"UOP01-DEL01-PE"
135966;2018-05-23;"quarta-feira";"05:00:00";"SC";282;3;"FLORIANOPOLIS";"Falta de Atenção à Condução";"Tombamento";"Com Vítimas Feridas";"Plena Noite";"Crescente";"Nublado";"Dupla";"Reta";"Sim";1;0;0;1;0;0;1;1;-27,600384;-48,599705;"SPRF-SC";"DEL01-SC";"UOP01-DEL01-SC"
135968;2018-05-23;"quarta-feira";"06:00:00";"BA";101;121;"ALAGOINHAS";"Pista Escorregadia";"Saída de leito carroçável";"Sem Vítimas";"Pleno dia";"Decrescente";"Chuva";"Simples";"Curva";"Não";1;0;0;0;1;0;0;1;-12,15345846;-38,51772308;"SPRF-BA";"DEL01-BA";"UOP04-DEL01-BA"
135969;2018-05-23;"quarta-feira";"06:30:00";"SC";101;420,8;"ARARANGUA";"Agressão Externa";"Colisão com objeto estático";"Com Vítimas Feridas";"Amanhecer";"Decrescente";"Nublado";"Múltipla";"Reta";"Sim";1;0;0;1;0;0;1;1;-28,99693187;-49,55391347;"SPRF-SC";"DEL02-SC";"UOP02-DEL02-SC"
135970;2018-05-01;"terça-feira";"00:46:00";"RS";116;233,3;"ESTANCIA VELHA";"Velocidade Incompatível";"Atropelamento de Pedestre";"Com Vítimas Fatais";"Plena Noite";"Crescente";"Nublado";"Simples";"Aclive";"Sim";2;1;0;0;0;1;0;2;-29,6404327;-51,1432107;"SPRF-RS";"DEL01-RS";"UOP02-DEL01-RS"
135971;2018-05-23;"quarta-feira";"07:40:00";"GO";153;493,2;"GOIANIA";"Falta de Atenção à Condução";"Colisão traseira";"Com Vítimas Feridas";"Pleno dia";"Decrescente";"Céu Claro";"Múltipla";"Reta;Aclive";"Sim";2;0;1;0;1;0;1;2;-16,64995597;-49,21442628;"SPRF-GO";"DEL01-GO";"UOP01-DEL01-GO"
135972;2018-05-23;"quarta-feira";"07:05:00";"RS";470;243;"BARAO";"Falta de Atenção à Condução";"Colisão traseira";"Com Vítimas Feridas";"Pleno dia";"Decrescente";"Céu Claro";"Simples";"Reta";"Sim";2;0;1;0;1;0;1;2;-29,36860914;-51,50935113;"SPRF-RS";"DEL06-RS";"UOP01-DEL06-RS"
135973;2018-05-23;"quarta-feira";"06:45:00";"BA";110;373;"CATU";"Velocidade Incompatível";"Colisão frontal";"Com Vítimas Feridas";"Pleno dia";"Crescente";"Chuva";"Simples";"Declive";"Não";3;0;3;0;0;0;3;2;-12,40690316;-38,40296209;"SPRF-BA";"DEL01-BA";"UOP01-DEL01-BA"
135975;2018-05-04;"sexta-feira";"19:45:00";"RS";386;130;"SARANDI";"Desobediência às normas de trânsito pelo condutor";"Colisão lateral";"Com Vítimas Feridas";"Plena Noite";"Crescente";"Céu Claro";"Simples";"Reta";"Sim";2;0;1;0;1;0;1;2;-27,937862;-52,948528;"SPRF-RS";"DEL08-RS";"UOP01-DEL08-RS"
135976;2018-05-23;"quarta-feira";"06:00:00";"GO";40;27;"LUZIANIA";"Desobediência às normas de trânsito pelo condutor";"Saída de leito carroçável";"Com Vítimas Feridas";"Amanhecer";"Decrescente";"Céu Claro";"Dupla";"Reta";"Não";1;0;1;0;0;0;1;1;-16,266185;-47,888241;"SPRF-DF";"DEL01-DF";"UOP01-DEL01-DF"