"id";"data_inversa";"dia_semana";"horario";"uf";"br";"km";"municipio";"causa_acidente";"tipo_acidente";"classificacao_acidente";"fase_dia";"sentido_via";"condicao_metereologica";"tipo_pista";"tracado_via";"uso_solo";"pessoas";"mortos";"feridos_leves";"feridos_graves";"ilesos";"ignorados";"feridos";"veiculos";"latitude";"longitude";"regional";"delegacia";"uop"
136165;2018-02-20;"terça-feira";"17:10:00";"BA";420;215;"MUTUIPE";"Desobediência às normas de trânsito pelo condutor";"Colisão lateral";"Com Vítimas Feridas";"Pleno dia";"Crescente";"Céu Claro";"Simples";"Reta";"Não";2;0;1;0;0;1;1;2;-13,19983855;-39,46203232;"SPRF-BA";"DEL01-BA";"UOP02-DEL01-BA"
136166;2018-05-24;"quinta-feira";"11:10:00";"GO";153;202;"URUACU";"Falta de Atenção à Condução";"Colisão transversal";"Com Vítimas Feridas";"Pleno dia";"Decrescente";"Nublado";"Simples";"Reta";"Sim";2;0;1;0;1;0;1;2;-14,527802;-49,159687;"SPRF-GO";"DEL07-GO";"UOP02-DEL07-GO"
136171;2018-05-24;"quinta-feira";"12:38:00";"ES";259;58,7;"COLATINA";"Desobediência às normas de trânsito pelo condutor";"Colisão lateral";"Com Vítimas Feridas";"Pleno dia";"Crescente";"Nublado";"Simples";"Reta";"Sim";2;0;1;0;1;0;1;2;-19,53155126;-40,68264127;"SPRF-ES";"DEL02-ES";"UOP01-DEL02-ES"
136172;2018-05-24;"quinta-feira";"13:10:00";"BA";324;356;"CAPIM GROSSO";"Desobediência às normas de trânsito pelo condutor";"Colisão transversal";"Com Vítimas Feridas";"Pleno dia";"Decrescente";"Nublado";"Simples";"Reta";"Sim";2;0;0;2;0;0;2;2;-11,384873;-39,9966;"SPRF-BA";"DEL04-BA";"UOP02-DEL04-BA"
136173;2018-05-24;"quinta-feira";"12:35:00";"BA";324;618;"SALVADOR";"Falta de Atenção à Condução";"Colisão lateral";"Com Vítimas Feridas";"Pleno dia";"Decrescente";"Céu Claro";"Múltipla";"Reta";"Sim";2;0;1;0;1;0;1;2;-12,9030301;-38,4533492;"SPRF-BA";"DEL01-BA";"UOP01-DEL01-BA"
136174;2018-05-01;"terça-feira";"13:45:00";"RS";158;141,1;"CONDOR";"Falta de Atenção à Condução";"Saída de leito carroçável";"Com Vítimas Feridas";"Pleno dia";"Crescente";"Céu Claro";"Simples";"Aclive";"Não";2;0;1;0;1;0;1;1;-28,209562;-53,4706;"SPRF-RS";"DEL08-RS";"UOP02-DEL08-RS"
136175;2018-05-24;"quinta-feira";"13:40:00";"PE";101;126;"ESCADA";"Falta de Atenção à Condução";"Colisão lateral";"Com Vítimas Feridas";"Pleno dia";"Decrescente";"Sol";"Dupla";"Reta";"Sim";2;0;1;0;1;0;1;2;-8,373;-35,2341;"SPRF-PE";"DEL01-PE";"UOP03-DEL01-PE"
136176;2018-05-24;"quinta-feira";"13:15:00";"MG";40;467;"SETE LAGOAS";"Falta de Atenção à Condução";"Colisão lateral";"Com Vítimas Feridas";"Pleno dia";"Decrescente";"Céu Claro";"Dupla";"Reta";"Não";2;0;0;1;1;0;1;2;-19,4593;-44,3033;"SPRF-MG";"DEL02-MG";"UOP01-DEL02-MG"
136177;2018-05-12;"sábado";"23:30:00";"MS";163;668,3;"RIO VERDE DE MATO GROSSO";"Animais na Pista";"Atropelamento de Animal";"Com Vítimas Feridas";"Plena Noite";"Crescente";"Nevoeiro/Neblina";"Simples";"Declive";"Não";2;0;1;1;0;0;2;1;-19,015;-54,827;"SPRF-MS";"DEL06-MS";"UOP02-DEL06-MS"
136178;2018-04-30;"segunda-feira";"19:00:00";"RS";101;66,2;"MAQUINE";"Falta de Atenção à Condução";"Colisão com objeto estático";"Com Vítimas Feridas";"Plena Noite";"Crescente";"Céu Claro";"Dupla";"Reta";"Não";1;0;0;1;0;0;1;1;-29,69700004;-50,16906738;"SPRF-RS";"DEL03-RS";"UOP01-DEL03-RS"
136179;2018-05-24;"quinta-feira";"13:30:00";"MG";381;856,8;"POUSO ALEGRE";"Velocidade Incompatível";"Colisão lateral";"Com Vítimas Feridas";"Pleno dia";"Crescente";"Sol";"Dupla";"Reta";"Não";2;0;1;0;1;0;1;2;-22,29568792;-45,89929104;"SPRF-MG";"DEL16-MG";"UOP01-DEL16-MG"
136180;2018-05-04;"sexta-feira";"21:00:00";"RS";470;224;"GARIBALDI";"Desobediência às normas de trânsito pelo condutor";"Colisão frontal";"Sem Vítimas";"Plena Noite";"Crescente";"Céu Claro";"Simples";"Reta";"Não";2;0;0;0;2;0;0;2;-29,2386969;-51,51797079;"SPRF-RS";"DEL06-RS";"UOP01-DEL06-RS"
136181;2018-05-24;"quinta-feira";"12:00:00";"MA";135;96;"ITAPECURU MIRIM";"Defeito Mecânico no Veículo";"Colisão frontal";"Sem Vítimas";"Pleno dia";"Decrescente";"Sol";"Simples";"Reta";"Sim";2;0;0;0;2;0;0;2;-3,334748;-44,448353;"SPRF-MA";"DEL01-MA";"UOP02-DEL01-MA"
136183;2018-05-24;"quinta-feira";"15:00:00";"RS";290;91,8;"PORTO ALEGRE";"Avarias e/ou desgaste excessivo no pneu";"Saída de leito carroçável";"Com Vítimas Feridas";"Pleno dia";"Crescente";"Sol";"Simples";"Curva";"Sim";1;0;0;1;0;0;1;1;-29,96944402;-51,17684841;"SPRF-RS";"DEL01-RS";"UOP01-DEL01-RS"
136184;2018-05-04;"sexta-feira";"20:05:00";"RS";116;147;"CAXIAS DO SUL";"Falta de Atenção à Condução";"Colisão lateral";"Com Vítimas Feridas";"Plena Noite";"Decrescente";"Céu Claro";"Dupla";"Reta";"Sim";4;0;1;0;3;0;1;2;-29,149075;-51,14299;"SPRF-RS";"DEL05-RS";"UOP01-DEL05-RS"
136185;2018-05-24;"quinta-feira";"15:00:00";"CE";20;426;"FORTALEZA";"Avarias e/ou desgaste excessivo no pneu";"Queda de ocupante de veículo";"Com Vítimas Feridas";"Pleno dia";"Crescente";"Céu Claro";"Dupla";"Reta";"Sim";2;0;2;0;0;0;2;1;-3,861165;-38,534702;"SPRF-CE";"DEL01-CE";"UOP02-DEL01-CE"
136186;2018-05-24;"quinta-feira";"14:20:00";"SP";116;446,6;"REGISTRO";"Falta de Atenção à Condução";"Saída de leito carroçável";"Com Vítimas Feridas";"Pleno dia";"Crescente";"Céu Claro";"Dupla";"Reta";"Sim";1;0;1;0;0;0;1;1;-24,4570231;-47,8142103;"SPRF-SP";"DEL05-SP";"UOP01-DEL05-SP"
136187;2018-05-24;"quinta-feira";"13:18:00";"SC";282;503,2;"XANXERE";"Desobediência às normas de trânsito pelo condutor";"Colisão traseira";"Com Vítimas Feridas";"Pleno dia";"Crescente";"Céu Claro";"Simples";"Declive;Reta";"Sim";3;0;0;1;0;2;1;3;-26,88492;-52,399788;"SPRF-SC";"DEL07-SC";"UOP01-DEL07-SC"
136190;2018-05-24;"quinta-feira";"14:45:00";"MG";116;529,1;"CARATINGA";"Desobediência às normas de trânsito pelo condutor";"Colisão lateral";"Com Vítimas Feridas";"Pleno dia";"Crescente";"Nublado";"Dupla";"Reta";"Sim";2;0;1;0;1;0;1;2;-19,78188821;-42,13308334;"SPRF-MG";"DEL06-MG";"UOP02-DEL06-MG"
136191;2018-05-24;"quinta-feira";"13:30:00";"MG";153;11,1;"ARAPORA";"Falta de Atenção à Condução";"Saída de leito carroçável";"Com Vítimas Feridas";"Pleno dia";"Crescente";"Céu Claro";"Dupla";"Reta";"Não";2;0;1;0;0;1;1;2;-18,523453;-49,19076992;"SPRF-MG";"DEL15-MG";"UOP03-DEL15-MG"
136192;2018-05-04;"sexta-feira";"08:10:00";"RS";101;65;"MAQUINE";"Falta de Atenção à Condução";"Colisão com objeto estático";"Sem Vítimas";"Pleno dia";"Decrescente";"Sol";"Dupla";"Reta";"Não";1;0;0;0;1;0;0;1;-29,71563768;-50,18983841;"SPRF-RS";"DEL03-RS";"UOP01-DEL03-RS"
136193;2018-05-24;"quinta-feira";"15:10:00";"RS";285;468;"CORONEL BARROS";"Falta de Atenção à Condução";"Saída de leito carroçável";"Com Vítimas Feridas";"Pleno dia";"Crescente";"Sol";"Simples";"Reta";"Não";1;0;1;0;0;0;1;1;-28,38777598;-53,98711681;"SPRF-RS";"DEL10-RS";"UOP01-DEL10-RS"
136195;2018-05-24;"quinta-feira";"12:20:00";"RO";364;711;"PORTO VELHO";"Sinalização da via insuficiente ou inadequada";"Colisão transversal";"Com Vítimas Feridas";"Pleno dia";"Crescente";"Sol";"Simples";"Reta";"Sim";3;0;2;0;1;0;2;2;-8,78230002;-63,86360049;"SPRF-RO";"DEL01-RO";"UOP01-DEL01-RO"
136197;2018-05-24;"quinta-feira";"14:20:00";"MG";451;407,9;"GOVERNADOR VALADARES";"Falta de Atenção à Condução";"Colisão traseira";"Com Vítimas Feridas";"Pleno dia";"Decrescente";"Céu Claro";"Simples";"Reta";"Sim";2;0;0;1;1;0;1;2;-18,8293825;-41,98874295;"SPRF-MG";"DEL06-MG";"UOP01-DEL06-MG"
136198;2018-05-24;"quinta-feira";"16:00:00";"RN";101;109,8;"PARNAMIRIM";"Não guardar distância de segurança";"Colisão traseira";"Com Vítimas Feridas";"Pleno dia";"Crescente";"Céu Claro";"Múltipla";"Reta";"Não";2;0;1;0;1;0;1;2;-5,94054;-35,265041;"SPRF-RN";"DEL01-RN";"UOP01-DEL01-RN"
136200;2018-05-24;"quinta-feira";"16:20:00";"MG";381;671,8;"PERDOES";"Velocidade Incompatível";"Saída de leito carroçável";"Com Vítimas Feridas";"Pleno dia";"Crescente";"Céu Claro";"Dupla";"Curva";"Não";1;0;0;1;0;0;1;1;-21,0708;-45,0516;"SPRF-MG";"DEL04-MG";"UOP02-DEL04-MG"
136201;2018-05-24;"quinta-feira";"16:10:00";"RJ";40;61,7;"PETROPOLIS";"Desobediência às normas de trânsito pelo condutor";"Colisão frontal";"Com Vítimas Feridas";"Pleno dia";"Crescente";"Céu Claro";"Dupla";"Curva";"Não";2;0;0;1;1;0;1;2;-22,408762;-43,1496;"SPRF-RJ";"DEL06-RJ";"UOP01-DEL06-RJ"
136202;2018-05-24;"quinta-feira";"17:00:00";"DF";70;3;"BRASILIA";"Ingestão de Álcool";"Colisão transversal";"Sem Vítimas";"Pleno dia";"Crescente";"Céu Claro";"Dupla";"Reta";"Sim";2;0;0;0;2;0;0;2;-15,802453;-48,080387;"SPRF-DF";"DEL01-DF";"UOP02-DEL03-DF"
136204;2018-05-24;"quinta-feira";"11:30:00";"MG";251;466;"GRAO MOGOL";"Pista Escorregadia";"Saída de leito carroçável";"Sem Vítimas";"Pleno dia";"Crescente";"Chuva";"Simples";"Curva;Aclive";"Não";1;0;0;0;1;0;0;1;-16,4503;-43,4024;"SPRF-MG";"DEL12-MG";"UOP01-DEL12-MG"
136206;2018-05-24;"quinta-feira";"16:00:00";"MT";364;397;"CUIABA";"Desobediência às normas de trânsito pelo condutor";"Colisão transversal";"Com Vítimas Feridas";"Pleno dia";"Decrescente";"Céu Claro";"Simples";"Reta";"Sim";2;0;1;0;1;0;1;2;-15,686396;-55,91354;"SPRF-MT";"DEL02-MT";"UOP02-DEL01-MT"
136207;2018-05-24;"quinta-feira";"17:30:00";"SC";280;58,3;"GUARAMIRIM";"Desobediência às normas de trânsito pelo condutor";"Colisão transversal";"Com Vítimas Feridas";"Plena Noite";"Crescente";"Nublado";"Simples";"Reta";"Não";2;0;1;0;1;0;1;2;-26,47439538;-49,02455807;"SPRF-SC";"DEL03-SC";"UOP03-DEL03-SC"
136209;2018-05-24;"quinta-feira";"16:50:00";"PE";232;408,7;"SERRA TALHADA";"Falta de Atenção do Pedestre";"Atropelamento de Pedestre";"Com Vítimas Feridas";"Pleno dia";"Crescente";"Sol";"Simples";"Reta";"Sim";2;0;0;1;1;0;1;2;-7,9828546;-38,28465873;"SPRF-PE";"DEL04-PE";"UOP01-DEL04-PE"
136210;2018-05-24;"quinta-feira";"17:40:00";"ES";101;68,3;"SAO MATEUS";"Desobediência às normas de trânsito pelo condutor";"Colisão transversal";"Com Vítimas Feridas";"Anoitecer";"Crescente";"Céu Claro";"Simples";"Declive";"Sim";2;0;1;0;1;0;1;2;-18,72942071;-39,86005068;"SPRF-ES";"DEL04-ES";"UOP02-DEL04-ES"
136211;2018-05-24;"quinta-feira";"17:50:00";"SP";116;53;"LORENA";"Falta de Atenção à Condução";"Colisão lateral";"Com Vítimas Feridas";"Plena Noite";"Decrescente";"Céu Claro";"Simples";"Retorno Regulamentado";"Sim";2;0;1;0;1;0;1;2;-22,752562;-45,107422;"SPRF-SP";"DEL08-SP";"UOP01-DEL08-SP"
136212;2018-05-24;"quinta-feira";"16:45:00";"BA";367;25,8;"PORTO SEGURO";"Não guardar distância de segurança";"Queda de ocupante de veículo";"Com Vítimas Feridas";"Anoitecer";"Crescente";"Céu Claro";"Múltipla";"Reta";"Sim";2;0;1;0;1;0;1;2;-16,438051;-39,091087;"SPRF-BA";"DEL09-BA";"UOP01-DEL09-BA"
136213;2018-05-24;"quinta-feira";"17:50:00";"CE";116;159,8;"RUSSAS";"Defeito na Via";"Colisão com objeto estático";"Com Vítimas Feridas";"Anoitecer";"Decrescente";"Céu Claro";"Simples";"Curva";"Não";2;0;1;0;1;0;1;1;-4,921826;-37,994289;"SPRF-CE";"DEL03-CE";"UOP01-DEL03-CE"
136214;2018-05-24;"quinta-feira";"17:50:00";"RS";116;227,8;"DOIS IRMAOS";"Falta de Atenção à Condução";"Colisão transversal";"Com Vítimas Feridas";"Plena Noite";"Crescente";"Céu Claro";"Simples";"Curva";"Não";2;0;1;0;1;0;1;2;-29,60428239;-51,12539291;"SPRF-RS";"DEL05-RS";"UOP02-DEL05-RS"
136216;2018-05-24;"quinta-feira";"18:40:00";"CE";116;15;"FORTALEZA";"Falta de Atenção à Condução";"Engavetamento";"Sem Vítimas";"Plena Noite";"Crescente";"Céu Claro";"Múltipla";"Reta";"Sim";3;0;0;0;3;0;0;3;-3,881415;-38,501041;"SPRF-CE";"DEL01-CE";"UOP02-DEL01-CE"
136217;2018-05-24;"quinta-feira";"18:40:00";"DF";40;6;"BRASILIA";"Ingestão de Substâncias Psicoativas";"Atropelamento de Pedestre";"Com Vítimas Feridas";"Plena Noite";"Crescente";"Céu Claro";"Dupla";"Reta";"Sim";2;0;2;0;0;0;2;2;-16,029741;-47,978867;"SPRF-DF";"DEL01-DF";"UOP01-DEL01-DF"
136219;2018-05-24;"quinta-feira";"19:00:00";"PR";272;368,6;"CAMPO MOURAO";"Desobediência às normas de trânsito pelo condutor";"Colisão transversal";"Com Vítimas Feridas";"Plena Noite";"Crescente";"Garoa/Chuvisco";"Dupla";"Interseção de Vias";"Sim";2;0;1;0;1;0;1;2;-24,052849;-52,406955;"SPRF-PR";"DEL04-PR";"UOP03-DEL09-PR"
136220;2018-05-06;"domingo";"12:00:00";"RS";386;177,2;"CARAZINHO";"Velocidade Incompatível";"Saída de leito carroçável";"Com Vítimas Feridas";"Pleno dia";"Decrescente";"Chuva";"Simples";"Curva";"Não";2;0;0;2;0;0;2;1;-28,281309;-52,765053;"SPRF-RS";"DEL08-RS";"UOP01-DEL08-RS"
136221;2018-05-24;"quinta-feira";"16:50:00";"MT";364;435;"VARZEA GRANDE";"Falta de Atenção à Condução";"Colisão transversal";"Com Vítimas Feridas";"Pleno dia";"Crescente";"Céu Claro";"Dupla";"Reta";"Sim";3;0;1;0;2;0;1;2;-15,639462;-56,122353;"SPRF-MT";"DEL01-MT";"DEL2/4-UOP02/MT"
136222;2018-05-24;"quinta-feira";"19:20:00";"RS";287;250,9;"SANTA MARIA";"Desobediência às normas de trânsito pelo condutor";"Colisão transversal";"Com Vítimas Feridas";"Plena Noite";"Crescente";"Nublado";"Simples";"Reta;Interseção de Vias;Em Obras";"Sim";3;0;0;1;2;0;1;2;-29,68954402;-53,87454987;"SPRF-RS";"DEL09-RS";"UOP01-DEL09-RS"
136223;2018-05-24;"quinta-feira";"19:30:00";"RJ";116;310,6;"ITATIAIA";"Desobediência às normas de trânsito pelo pedestre";"Atropelamento de Pedestre";"Com Vítimas Fatais";"Plena Noite";"Decrescente";"Céu Claro";"Dupla";"Reta";"Não";2;1;0;0;1;0;0;2;-22,46677426;-44,49752837;"SPRF-RJ";"DEL07-RJ";"DEL5/7-UOP03/RJ"
136224;2018-05-24;"quinta-feira";"19:00:00";"DF";20;23,9;"BRASILIA";"Ingestão de Álcool";"Saída de leito carroçável";"Com Vítimas Feridas";"Plena Noite";"Crescente";"Céu Claro";"Dupla";"Curva";"Sim";3;0;2;0;1;0;2;1;-15,59472396;-47,65941024;"SPRF-DF";"DEL02-DF";"UOP01-DEL02-DF"
136225;2018-05-24;"quinta-feira";"19:15:00";"PR";116;116,8;"CURITIBA";"Falta de Atenção à Condução";"Colisão lateral";"Com Vítimas Feridas";"Pleno dia";"Decrescente";"Céu Claro";"Múltipla";"Aclive";"Sim";2;0;1;0;1;0;1;2;-25,55852899;-49,30689812;"SPRF-PR";"DEL01-PR";"UOP07-DEL01-PR"
136226;2018-05-24;"quinta-feira";"18:20:00";"SP";116;215;"GUARULHOS";"Não guardar distância de segurança";"Colisão traseira";"Com Vítimas Feridas";"Plena Noite";"Decrescente";"Céu Claro";"Múltipla";"Reta";"Não";2;0;1;0;1;0;1;2;-23,45020802;-46,46146059;"SPRF-SP";"DEL01-SP";"UOP01-DEL01-SP"
136227;2018-05-24;"quinta-feira";"18:25:00";"SC";282;41,1;"AGUAS MORNAS";"Desobediência às normas de trânsito pelo condutor";"Colisão transversal";"Com Vítimas Feridas";"Plena Noite";"Decrescente";"Céu Claro";"Simples";"Reta";"Não";3;0;1;0;2;0;1;3;-27,71644296;-48,87971342;"SPRF-SC";"DEL01-SC";"UOP03-DEL01-SC"
136228;2018-05-24;"quinta-feira";"19:35:00";"ES";101;266,1;"SERRA";"Falta de Atenção à Condução";"Colisão com objeto estático";"Com Vítimas Feridas";"Plena Noite";"Decrescente";"Céu Claro";"Múltipla";"Reta";"Sim";1;0;1;0;0;0;1;1;-20,0967069;-40,339273;"SPRF-ES";"DEL02-ES";"UOP01-DEL02-ES"
136229;2018-05-24;"quinta-feira";"18:30:00";"SE";101;54,2;"MALHADA DOS BOIS";"Falta de Atenção à Condução";"Saída de leito carroçável";"Com Vítimas Feridas";"Plena Noite";"Decrescente";"Garoa/Chuvisco";"Simples";"Reta";"Não";2;0;1;0;1;0;1;1;-10,3877085;-36,9158861;"SPRF-SE";"DEL02-SE";"UOP02-DEL02-SE"
136230;2018-05-24;"quinta-feira";"19:35:00";"RN";110;49,8;"MOSSORO";"Animais na Pista";"Atropelamento de Animal";"Com Vítimas Feridas";"Plena Noite";"Crescente";"Céu Claro";"Dupla";"Reta";"Sim";1;0;1;0;0;0;1;1;-5,2200776;-37,32734707;"SPRF-RN";"DEL04-RN";"UOP01-DEL04-RN"
136231;2018-05-24;"quinta-feira";"19:00:00";"SP";116;415,5;"JUQUIA";"Falta de Atenção à Condução";"Colisão com objeto estático";"Com Vítimas Feridas";"Plena Noite";"Decrescente";"Céu Claro";"Dupla";"Curva";"Não";3;0;1;0;1;1;1;3;-24,33341136;-47,64066696;"SPRF-SP";"DEL05-SP";"UOP01-DEL05-SP"
136232;2018-05-24;"quinta-feira";"19:00:00";"MG";381;929,1;"ITAPEVA";"Falta de Atenção à Condução";"Saída de leito carroçável";"Com Vítimas Feridas";"Plena Noite";"Decrescente";"Céu Claro";"Dupla";"Curva";"Não";1;0;1;0;0;0;1;1;-22,7766;-46,2388;"SPRF-MG";"DEL16-MG";"UOP03-DEL16-MG"
136233;2018-05-24;"quinta-feira";"19:30:00";"PI";343;345,6;"TERESINA";"Falta de Atenção do Pedestre";"Colisão transversal";"Com Vítimas Feridas";"Plena Noite";"Crescente";"Céu Claro";"Simples";"Reta";"Sim";2;0;0;1;1;0;1;2;-5,10679012;-42,76842892;"SPRF-PI";"DEL01-PI";"UOP01-DEL01-PI"
136234;2018-05-04;"sexta-feira";"18:35:00";"RS";116;240;"NOVO HAMBURGO";"Não guardar distância de segurança";"Colisão traseira";"Sem Vítimas";"Plena Noite";"Decrescente";"Céu Claro";"Dupla";"Reta;Aclive";"Sim";2;0;0;0;2;0;0;2;-29,705002;-51,14677;"SPRF-RS";"DEL01-RS";"UOP02-DEL01-RS"
136235;2018-05-24;"quinta-feira";"15:50:00";"CE";222;66,7;"SAO GONCALO DO AMARANTE";"Falta de Atenção à Condução";"Saída de leito carroçável";"Sem Vítimas";"Pleno dia";"Decrescente";"Sol";"Simples";"Reta";"Não";1;0;0;0;1;0;0;1;-3,670834;-39,134007;"SPRF-CE";"DEL01-CE";"UOP03-DEL01-CE"
136236;2018-05-24;"quinta-feira";"19:00:00";"RO";364;701;"PORTO VELHO";"Falta de Atenção do Pedestre";"Atropelamento de Pedestre";"Com Vítimas Feridas";"Plena Noite";"Decrescente";"Céu Claro";"Dupla";"Reta";"Não";2;0;1;0;1;0;1;2;-8,80035657;-63,78912628;"SPRF-RO";"DEL01-RO";"UOP01-DEL01-RO"
136237;2018-05-24;"quinta-feira";"18:30:00";"PE";232;409,3;"SERRA TALHADA";"Ingestão de Álcool";"Colisão traseira";"Com Vítimas Feridas";"Plena Noite";"Crescente";"Céu Claro";"Simples";"Reta";"Sim";2;0;0;1;1;0;1;2;-7,981944;-38,289467;"SPRF-PE";"DEL04-PE";"UOP01-DEL04-PE"
136238;2018-05-21;"segunda-feira";"01:20:00";"CE";116;14;"FORTALEZA";"Condutor Dormindo";"Colisão com objeto estático";"Sem Vítimas";"Plena Noite";"Decrescente";"Céu Claro";"Múltipla";"Reta";"Sim";1;0;0;0;1;0;0;1;-3,86740172;-38,4976548;"SPRF-CE";"DEL01-CE";"UOP02-DEL01-CE"
136239;2018-05-24;"quinta-feira";"21:00:00";"DF";60;13,2;"BRASILIA";"Ingestão de Álcool";"Colisão traseira";"Com Vítimas Feridas";"Plena Noite";"Decrescente";"Céu Claro";"Dupla";"Reta";"Sim";3;0;1;0;2;0;1;2;-15,92882321;-48,16735089;"SPRF-DF";"DEL01-DF";"UOP01-DEL03-DF"
136240;2018-05-24;"quinta-feira";"21:05:00";"MG";262;75;"MATIPO";"Falta de Atenção do Pedestre";"Atropelamento de Pedestre";"Com Vítimas Fatais";"Plena Noite";"Crescente";"Nublado";"Simples";"Reta";"Não";2;1;0;0;0;1;0;2;-20,32321873;-42,33718872;"SPRF-MG";"DEL03-MG";"UOP03-DEL03-MG"
136241;2018-05-24;"quinta-feira";"20:40:00";"PR";476;145,1;"CURITIBA";"Velocidade Incompatível";"Colisão traseira";"Com Vítimas Feridas";"Plena Noite";"Decrescente";"Céu Claro";"Dupla";"Reta";"Não";2;0;0;1;1;0;1;2;-25,4289541;-49,267137;"SPRF-PR";"DEL01-PR";"UOP06-DEL01-PR"
136242;2018-05-24;"quinta-feira";"19:15:00";"SC";282;501,6;"XANXERE";"Falta de Atenção do Pedestre";"Atropelamento de Pedestre";"Com Vítimas Feridas";"Plena Noite";"Decrescente";"Céu Claro";"Simples";"Reta;Aclive";"Sim";3;0;0;1;2;0;1;2;-26,88299844;-52,38517345;"SPRF-SC";"DEL07-SC";"UOP01-DEL07-SC"
136243;2018-05-24;"quinta-feira";"18:55:00";"RO";364;238;"CACOAL";"Desobediência às normas de trânsito pelo condutor";"Colisão transversal";"Com Vítimas Feridas";"Plena Noite";"Crescente";"Céu Claro";"Simples";"Reta";"Sim";2;0;1;1;0;0;2;2;-11,39522546;-61,36602402;"SPRF-RO";"DEL02-RO";"UOP02-DEL02-RO"
136244;2018-05-24;"quinta-feira";"20:00:00";"PR";476;122;"CURITIBA";"Desobediência às normas de trânsito pelo condutor";"Colisão traseira";"Com Vítimas Feridas";"Plena Noite";"Decrescente";"Céu Claro";"Dupla";"Reta";"Sim";2;0;1;0;1;0;1;2;-25,385775;-49,203377;"SPRF-PR";"DEL01-PR";"UOP01-DEL01-PR"
136246;2018-05-24;"quinta-feira";"21:30:00";"RN";304;306,2;"MACAIBA";"Falta de Atenção à Condução";"Colisão transversal";"Com Vítimas Feridas";"Plena Noite";"Crescente";"Céu Claro";"Dupla";"Declive";"Sim";4;0;2;1;1;0;3;3;-5,890122;-35,263519;"SPRF-RN";"DEL01-RN";"UOP02-DEL01-RN"
136249;2018-05-24;"quinta-feira";"21:10:00";"PI";316;306;"PICOS";"Defeito na Via";"Queda de ocupante de veículo";"Com Vítimas Feridas";"Plena Noite";"Crescente";"Céu Claro";"Simples";"Reta";"Sim";1;0;0;1;0;0;1;1;-7,07768261;-41,49530768;"SPRF-PI";"DEL04-PI";"UOP01-DEL04-PI"
136253;2018-05-24;"quinta-feira";"22:00:00";"MG";262;409;"IGARATINGA";"Falta de Atenção à Condução";"Queda de ocupante de veículo";"Com Vítimas Feridas";"Plena Noite";"Decrescente";"Céu Claro";"Dupla";"Em Obras";"Não";2;0;2;0;0;0;2;1;-19,9097;-44,6758;"SPRF-MG";"DEL08-MG";"UOP03-DEL08-MG"
136255;2018-05-24;"quinta-feira";"22:10:00";"SC";282;207,1;"LAGES";"Falta de Atenção à Condução";"Saída de leito carroçável";"Com Vítimas Feridas";"Plena Noite";"Crescente";"Céu Claro";"Simples";"Rotatória";"Não";1;0;1;0;0;0;1;1;-27,77357632;-50,20269156;"SPRF-SC";"DEL05-SC";"UOP01-DEL05-SC"
136256;2018-05-24;"quinta-feira";"21:30:00";"RJ";116;40,8;"TERESOPOLIS";"Falta de Atenção à Condução";"Queda de ocupante de veículo";"Com Vítimas Feridas";"Plena Noite";"Crescente";"Céu Claro";"Simples";"Reta";"Sim";1;0;1;0;0;0;1;1;-22,13843972;-42,78488159;"SPRF-RJ";"DEL04-RJ";"UOP01-DEL04-RJ"
136257;2018-05-24;"quinta-feira";"23:30:00";"PR";116;165,7;"QUITANDINHA";"Falta de Atenção à Condução";"Saída de leito carroçável";"Com Vítimas Feridas";"Plena Noite";"Crescente";"Céu Claro";"Simples";"Reta";"Não";1;0;0;1;0;0;1;1;-25,874659;-49,48101;"SPRF-PR";"DEL01-PR";"UOP03-DEL01-PR"
136261;2018-05-24;"quinta-feira";"20:45:00";"MS";267;39,8;"BATAGUASSU";"Ingestão de Álcool";"Colisão traseira";"Sem Vítimas";"Plena Noite";"Decrescente";"Céu Claro";"Simples";"Reta";"Não";2;0;0;0;2;0;0;2;-21,77429475;-52,50352621;"SPRF-MS";"DEL02-MS";"DEL3/7-UOP01/MS"
136263;2018-05-25;"sexta-feira";"01:30:00";"GO";40;3,5;"VALPARAISO DE GOIAS";"Falta de Atenção à Condução";"Saída de leito carroçável";"Sem Vítimas";"Plena Noite";"Decrescente";"Nublado";"Simples";"Reta";"Sim";1;0;0;0;1;0;0;1;-16,076081;-47,985671;"SPRF-DF";"DEL01-DF";"UOP01-DEL01-DF"
136264;2018-05-25;"sexta-feira";"01:50:00";"SP";116;85,2;"PINDAMONHANGABA";"Falta de Atenção à Condução";"Colisão transversal";"Com Vítimas Fatais";"Plena Noite";"Decrescente";"Céu Claro";"Dupla";"Reta";"Não";2;1;0;0;1;0;0;2;-22,922148;-45,344574;"SPRF-SP";"DEL06-SP";"UOP01-DEL06-SP"
136266;2018-05-25;"sexta-feira";"03:15:00";"BA";101;216,8;"MURITIBA";"Velocidade Incompatível";"Saída de leito carroçável";"Com Vítimas Fatais";"Plena Noite";"Decrescente";"Chuva";"Simples";"Curva;Aclive";"Não";1;1;0;0;0;0;0;1;-12,64295549;-39,10086215;"SPRF-BA";"DEL01-BA";"UOP03-DEL01-BA"