"id";"data_inversa";"dia_semana";"horario";"uf";"br";"km";"municipio";"causa_acidente";"tipo_acidente";"classificacao_acidente";"fase_dia";"sentido_via";"condicao_metereologica";"tipo_pista";"tracado_via";"uso_solo";"pessoas";"mortos";"feridos_leves";"feridos_graves";"ilesos";"ignorados";"feridos";"veiculos";"latitude";"longitude";"regional";"delegacia";"uop"
136267;2018-05-25;"sexta-feira";"03:30:00";"SP";116;155;"SAO JOSE DOS CAMPOS";"Ingestão de Álcool";"Colisão traseira";"Com Vítimas Feridas";"Plena Noite";"Crescente";"Nublado";"Dupla";"Reta";"Não";3;0;1;0;2;0;1;2;-23,2470915;-45,9308213;"SPRF-SP";"DEL02-SP";"UOP01-DEL02-SP"
136268;2018-05-25;"sexta-feira";"02:40:00";"MT";364;210,9;"RONDONOPOLIS";"Ingestão de álcool e/ou substâncias psicoativas pelo pedestre";"Capotamento";"Sem Vítimas";"Plena Noite";"Crescente";"Nublado";"Dupla";"Curva";"Não";2;0;0;0;2;0;0;1;-16,42063904;-54,70293906;"SPRF-MT";"DEL02-MT";"UOP01-DEL02-MT"
136269;2018-05-25;"sexta-feira";"01:00:00";"PB";230;485;"CAJAZEIRAS";"Condutor Dormindo";"Colisão com objeto estático";"Com Vítimas Fatais";"Plena Noite";"Decrescente";"Céu Claro";"Simples";"Curva";"Não";1;1;0;0;0;0;0;1;-6,870526;-38,391714;"SPRF-PB";"DEL03-PB";"UOP03-DEL03-PB"
136270;2018-04-13;"sexta-feira";"04:30:00";"BA";116;528;"ITATIM";"Pista Escorregadia";"Tombamento";"Com Vítimas Feridas";"Plena Noite";"Crescente";"Garoa/Chuvisco";"Simples";"Reta";"Não";1;0;0;1;0;0;1;1;-12,734352;-39,781266;"SPRF-BA";"DEL03-BA";"UOP02-DEL03-BA"
136271;2018-05-25;"sexta-feira";"05:00:00";"SC";470;21;"ILHOTA";"Defeito Mecânico no Veículo";"Incêndio";"Sem Vítimas";"Plena Noite";"Decrescente";"Céu Claro";"Simples";"Reta";"Não";1;0;0;0;1;0;0;1;-26,876698;-48,827362;"SPRF-SC";"DEL04-SC";"UOP04-DEL04-SC"
136272;2018-05-25;"sexta-feira";"06:00:00";"PI";316;2;"TERESINA";"Falta de Atenção à Condução";"Colisão traseira";"Sem Vítimas";"Pleno dia";"Crescente";"Sol";"Múltipla";"Reta";"Sim";2;0;0;0;2;0;0;2;-5,124775;-42,798485;"SPRF-PI";"DEL01-PI";"UOP02-DEL01-PI"
136274;2018-05-25;"sexta-feira";"05:40:00";"ES";101;88;"SAO MATEUS";"Animais na Pista";"Atropelamento de Animal";"Com Vítimas Feridas";"Amanhecer";"Crescente";"Céu Claro";"Simples";"Reta";"Não";4;0;1;1;2;0;2;1;-18,91482428;-39,96375658;"SPRF-ES";"DEL04-ES";"UOP02-DEL04-ES"
136275;2018-05-25;"sexta-feira";"06:30:00";"PR";476;125;"CURITIBA";"Velocidade Incompatível";"Colisão com objeto estático";"Com Vítimas Feridas";"Amanhecer";"Decrescente";"Garoa/Chuvisco";"Dupla";"Curva;Desvio Temporário;Em Obras";"Sim";1;0;0;1;0;0;1;1;-25,4125402;-49,2218747;"SPRF-PR";"DEL01-PR";"UOP07-DEL01-PR"
136276;2018-05-25;"sexta-feira";"05:30:00";"BA";116;16;"VITORIA DA CONQUISTA";"Falta de Atenção à Condução";"Colisão transversal";"Com Vítimas Feridas";"Pleno dia";"Decrescente";"Nublado";"Simples";"Interseção de Vias";"Sim";3;0;2;0;1;0;2;2;-14,9023944;-40,8442229;"SPRF-BA";"DEL08-BA";"UOP01-DEL08-BA"
136277;2018-05-25;"sexta-feira";"06:35:00";"RS";158;562,8;"SANTANA DO LIVRAMENTO";"Animais na Pista";"Atropelamento de Animal";"Com Vítimas Feridas";"Amanhecer";"Decrescente";"Nevoeiro/Neblina";"Simples";"Reta";"Não";1;0;0;1;0;0;1;1;-30,85337536;-55,49326837;"SPRF-RS";"DEL11-RS";"UOP01-DEL11-RS"
136278;2018-05-25;"sexta-feira";"06:10:00";"RS";285;337,1;"CARAZINHO";"Falta de Atenção à Condução";"Colisão transversal";"Com Vítimas Feridas";"Amanhecer";"Crescente";"Céu Claro";"Simples";"Reta";"Sim";2;0;0;1;1;0;1;2;-28,31265987;-52,78913942;"SPRF-RS";"DEL08-RS";"UOP03-DEL08-RS"
136281;2018-05-25;"sexta-feira";"07:43:00";"SP";116;210,1;"GUARULHOS";"Falta de Atenção à Condução";"Colisão lateral";"Com Vítimas Feridas";"Pleno dia";"Crescente";"Céu Claro";"Dupla";"Reta";"Sim";2;0;1;0;1;0;1;2;-23,43101289;-46,41650312;"SPRF-SP";"DEL01-SP";"UOP01-DEL01-SP"
136282;2018-05-25;"sexta-feira";"07:30:00";"SC";101;130;"BALNEARIO CAMBORIU";"Falta de Atenção à Condução";"Colisão traseira";"Com Vítimas Feridas";"Pleno dia";"Crescente";"Céu Claro";"Simples";"Reta";"Sim";2;0;1;0;1;0;1;2;-26,9907;-48,6629;"SPRF-SC";"DEL04-SC";"UOP03-DEL04-SC"
136283;2018-05-25;"sexta-feira";"08:00:00";"SC";101;25,7;"JOINVILLE";"Falta de Atenção à Condução";"Colisão com objeto estático";"Com Vítimas Feridas";"Pleno dia";"Crescente";"Nublado";"Dupla";"Reta";"Não";1;0;0;1;0;0;1;1;-26,1925;-48,912;"SPRF-SC";"DEL03-SC";"UOP01-DEL03-SC"
136284;2018-05-25;"sexta-feira";"07:40:00";"PR";277;594,9;"CASCAVEL";"Desobediência às normas de trânsito pelo condutor";"Colisão transversal";"Com Vítimas Feridas";"Pleno dia";"Decrescente";"Céu Claro";"Simples";"Interseção de Vias";"Não";2;0;1;0;1;0;1;2;-25,02817;-53,55983;"SPRF-PR";"DEL04-PR";"UOP01-DEL04-PR"
136286;2018-05-25;"sexta-feira";"08:30:00";"CE";222;4,6;"CAUCAIA";"Objeto estático sobre o leito carroçável";"Atropelamento de Pedestre";"Com Vítimas Feridas";"Pleno dia";"Crescente";"Sol";"Múltipla";"Reta";"Sim";2;0;0;1;1;0;1;2;-3,741658;-38,604572;"SPRF-CE";"DEL01-CE";"UOP01-DEL01-CE"
136287;2018-05-25;"sexta-feira";"07:20:00";"MT";70;514;"VARZEA GRANDE";"Falta de Atenção à Condução";"Colisão frontal";"Com Vítimas Feridas";"Amanhecer";"Crescente";"Céu Claro";"Simples";"Reta";"Sim";2;0;1;0;1;0;1;2;-15,7033662;-56,12056732;"SPRF-MT";"DEL01-MT";"DEL2/4-UOP02/MT"
136288;2018-05-25;"sexta-feira";"07:45:00";"RJ";40;124;"RIO DE JANEIRO";"Falta de Atenção à Condução";"Queda de ocupante de veículo";"Com Vítimas Feridas";"Pleno dia";"Crescente";"Nublado";"Múltipla";"Curva";"Sim";1;0;1;0;0;0;1;1;-22,8133778;-43,28764052;"SPRF-RJ";"DEL01-RJ";"UOP01-DEL01-RJ"
136290;2018-05-24;"quinta-feira";"18:00:00";"BA";101;210,6;"GOVERNADOR MANGABEIRA";"Falta de Atenção à Condução";"Saída de leito carroçável";"Com Vítimas Fatais";"Anoitecer";"Decrescente";"Nublado";"Simples";"Reta";"Não";1;1;0;0;0;0;0;1;-12,607707;-39,06448;"SPRF-BA";"DEL01-BA";"UOP03-DEL01-BA"
136292;2018-05-25;"sexta-feira";"09:48:00";"MG";381;479,9;"CONTAGEM";"Falta de Atenção à Condução";"Colisão traseira";"Com Vítimas Feridas";"Pleno dia";"Crescente";"Céu Claro";"Múltipla";"Aclive";"Sim";2;0;1;0;1;0;1;2;-19,96186325;-44,05034244;"SPRF-MG";"DEL01-MG";"UOP03-DEL01-MG"
136295;2018-05-12;"sábado";"22:20:00";"MS";163;602;"SAO GABRIEL DO OESTE";"Defeito Mecânico no Veículo";"Colisão com objeto estático";"Com Vítimas Feridas";"Plena Noite";"Decrescente";"Nublado";"Dupla";"Reta";"Não";2;0;0;2;0;0;2;1;-19,47522561;-54,49536324;"SPRF-MS";"DEL06-MS";"UOP02-DEL06-MS"
136297;2018-05-25;"sexta-feira";"09:20:00";"ES";101;302;"VIANA";"Velocidade Incompatível";"Colisão traseira";"Sem Vítimas";"Pleno dia";"Crescente";"Chuva";"Dupla";"Reta";"Sim";3;0;0;0;3;0;0;3;-20,37213737;-40,44319242;"SPRF-ES";"DEL01-ES";"UOP01-DEL01-ES"
136298;2018-04-15;"domingo";"19:25:00";"GO";60;84;"ANAPOLIS";"Restrição de Visibilidade";"Saída de leito carroçável";"Com Vítimas Feridas";"Pleno dia";"Crescente";"Chuva";"Dupla";"Reta";"Não";2;0;1;0;1;0;1;2;-16,3162;-48,8552;"SPRF-GO";"DEL02-GO";"UOP01-DEL02-GO"
136300;2018-05-25;"sexta-feira";"11:00:00";"SC";116;181,2;"SAO CRISTOVAO DO SUL";"Avarias e/ou desgaste excessivo no pneu";"Colisão frontal";"Com Vítimas Feridas";"Pleno dia";"Decrescente";"Céu Claro";"Simples";"Reta";"Não";2;0;1;0;1;0;1;2;-27,27721261;-50,43797493;"SPRF-SC";"DEL05-SC";"UOP03-DEL05-SC"
136301;2018-05-25;"sexta-feira";"10:10:00";"SP";116;347,4;"MIRACATU";"Velocidade Incompatível";"Saída de leito carroçável";"Sem Vítimas";"Pleno dia";"Decrescente";"Chuva";"Dupla";"Curva";"Não";1;0;0;0;1;0;0;1;-24,05153913;-47,20081151;"SPRF-SP";"DEL04-SP";"UOP03-DEL04-SP"
136303;2018-05-25;"sexta-feira";"08:00:00";"SP";116;503;"CAJATI";"Pista Escorregadia";"Tombamento";"Sem Vítimas";"Pleno dia";"Decrescente";"Garoa/Chuvisco";"Simples";"Curva";"Não";2;0;0;0;2;0;0;1;-24,7782388;-48,21150362;"SPRF-SP";"DEL05-SP";"UAP01-DEL05-SP"
136304;2018-05-25;"sexta-feira";"10:50:00";"MG";40;466,5;"SETE LAGOAS";"Falta de Atenção do Pedestre";"Atropelamento de Pedestre";"Com Vítimas Feridas";"Pleno dia";"Decrescente";"Nublado";"Múltipla";"Reta";"Sim";2;0;0;1;1;0;1;2;-19,446463;-44,320962;"SPRF-MG";"DEL02-MG";"UOP01-DEL02-MG"
136305;2018-05-25;"sexta-feira";"11:49:00";"SC";101;212,5;"PALHOCA";"Falta de Atenção à Condução";"Colisão lateral";"Com Vítimas Feridas";"Pleno dia";"Crescente";"Sol";"Múltipla";"Reta";"Sim";3;0;1;0;2;0;1;2;-27,6372;-48,6651;"SPRF-SC";"DEL01-SC";"UOP02-DEL01-SC"
136307;2018-05-16;"quarta-feira";"10:30:00";"PI";343;348,4;"TERESINA";"Falta de Atenção à Condução";"Colisão transversal";"Com Vítimas Feridas";"Pleno dia";"Crescente";"Céu Claro";"Múltipla";"Interseção de Vias";"Sim";4;0;1;0;3;0;1;3;-5,0446853;-42,7662325;"SPRF-PI";"DEL01-PI";"UOP01-DEL01-PI"
136308;2018-05-25;"sexta-feira";"13:00:00";"SE";101;96,3;"SAO CRISTOVAO";"Falta de Atenção à Condução";"Queda de ocupante de veículo";"Com Vítimas Feridas";"Pleno dia";"Crescente";"Sol";"Dupla";"Reta";"Não";2;0;0;1;0;1;1;1;-10,9263;-37,1795;"SPRF-SE";"DEL02-SE";"UOP01-DEL02-SE"
136312;2018-05-25;"sexta-feira";"10:45:00";"GO";60;46,2;"APARECIDA DE GOIANIA";"Não guardar distância de segurança";"Colisão traseira";"Com Vítimas Feridas";"Pleno dia";"Decrescente";"Sol";"Dupla";"Reta";"Sim";2;0;1;0;1;0;1;2;-16,78196478;-49,27823603;"SPRF-GO";"DEL01-GO";"UOP03-DEL01-GO"
136313;2018-05-25;"sexta-feira";"12:00:00";"GO";40;9,4;"LUZIANIA";"Falta de Atenção à Condução";"Saída de leito carroçável";"Sem Vítimas";"Pleno dia";"Crescente";"Sol";"Dupla";"Reta";"Sim";1;0;0;0;0;1;0;1;-16,12677839;-47,96071887;"SPRF-DF";"DEL01-DF";"UOP01-DEL01-DF"
136314;2018-05-25;"sexta-feira";"12:10:00";"MT";163;691,7;"SORRISO";"Falta de Atenção à Condução";"Saída de leito carroçável";"Sem Vítimas";"Pleno dia";"Crescente";"Céu Claro";"Simples";"Reta";"Não";1;0;0;0;1;0;0;1;-13,04068298;-55,90118408;"SPRF-MT";"DEL06-MT";"UOP01-DEL06-MT"
136315;2018-05-25;"sexta-feira";"13:10:00";"SP";381;89,9;"GUARULHOS";"Desobediência às normas de trânsito pelo condutor";"Colisão frontal";"Com Vítimas Feridas";"Pleno dia";"Decrescente";"Céu Claro";"Múltipla";"Reta";"Sim";2;0;1;0;1;0;1;2;-23,494965;-46,559254;"SPRF-SP";"DEL03-SP";"DEL6/3-UOP03/SP"
136316;2018-05-25;"sexta-feira";"12:30:00";"BA";116;573;"BREJOES";"Desobediência às normas de trânsito pelo condutor";"Colisão transversal";"Com Vítimas Feridas";"Pleno dia";"Crescente";"Chuva";"Simples";"Reta";"Sim";2;0;0;2;0;0;2;2;-13,07502;-39,961143;"SPRF-BA";"DEL03-BA";"UOP02-DEL03-BA"
136318;2018-05-05;"sábado";"17:30:00";"PB";101;23,8;"MAMANGUAPE";"Ingestão de Álcool";"Colisão traseira";"Com Vítimas Feridas";"Anoitecer";"Decrescente";"Céu Claro";"Dupla";"Reta";"Não";3;0;1;1;1;0;2;2;-6,697;-35,117;"SPRF-PB";"DEL01-PB";"UOP04-DEL01-PB"
136319;2018-05-09;"quarta-feira";"11:50:00";"MS";60;599,5;"JARDIM";"Falta de Atenção à Condução";"Colisão transversal";"Com Vítimas Feridas";"Pleno dia";"Crescente";"Sol";"Simples";"Reta";"Sim";2;0;0;1;1;0;1;2;-21,497292;-56,162503;"SPRF-MS";"DEL05-MS";"UOP01-DEL05-MS"
136321;2018-05-05;"sábado";"05:15:00";"RS";158;184;"CRUZ ALTA";"Ingestão de Álcool";"Saída de leito carroçável";"Com Vítimas Feridas";"Plena Noite";"Decrescente";"Nevoeiro/Neblina";"Simples";"Declive";"Não";1;0;1;0;0;0;1;1;-28,554245;-53,557415;"SPRF-RS";"DEL10-RS";"UOP02-DEL10-RS"
136322;2018-05-25;"sexta-feira";"14:10:00";"MG";40;501,6;"ESMERALDAS";"Avarias e/ou desgaste excessivo no pneu";"Saída de leito carroçável";"Com Vítimas Feridas";"Pleno dia";"Crescente";"Céu Claro";"Dupla";"Reta";"Não";2;0;2;0;0;0;2;1;-19,71726262;-44,157722;"SPRF-MG";"DEL02-MG";"UOP01-DEL02-MG"
136323;2018-05-25;"sexta-feira";"15:10:00";"PA";10;15,9;"DOM ELISEU";"Ultrapassagem Indevida";"Colisão frontal";"Com Vítimas Fatais";"Pleno dia";"Crescente";"Céu Claro";"Simples";"Reta";"Sim";2;1;0;0;1;0;0;2;-4,293095;-47,556904;"SPRF-PA";"DEL02-PA";"UOP02-DEL02-PA"
136324;2018-05-25;"sexta-feira";"15:10:00";"SC";101;216,8;"PALHOCA";"Falta de Atenção à Condução";"Tombamento";"Com Vítimas Feridas";"Pleno dia";"Crescente";"Céu Claro";"Simples";"Reta";"Sim";1;0;1;0;0;0;1;1;-27,659815;-48,677479;"SPRF-SC";"DEL01-SC";"UOP02-DEL01-SC"
136326;2018-05-25;"sexta-feira";"15:40:00";"PA";230;163;"ITUPIRANGA";"Falta de Atenção à Condução";"Colisão frontal";"Com Vítimas Feridas";"Pleno dia";"Crescente";"Céu Claro";"Simples";"Reta";"Não";2;0;1;0;1;0;1;2;-5,15061488;-49,38892007;"SPRF-PA";"DEL03-PA";"UOP01-DEL03-PA"
136327;2018-05-25;"sexta-feira";"15:10:00";"RS";290;92;"PORTO ALEGRE";"Velocidade Incompatível";"Colisão com objeto estático";"Com Vítimas Feridas";"Pleno dia";"Crescente";"Céu Claro";"Dupla";"Curva";"Não";1;0;1;0;0;0;1;1;-29,97055003;-51,18120432;"SPRF-RS";"DEL01-RS";"UOP01-DEL01-RS"
136332;2018-05-25;"sexta-feira";"16:15:00";"SC";101;137;"BALNEARIO CAMBORIU";"Não guardar distância de segurança";"Colisão lateral";"Com Vítimas Feridas";"Pleno dia";"Crescente";"Nublado";"Simples";"Reta";"Sim";2;0;2;0;0;0;2;2;-27,024;-48,6074;"SPRF-SC";"DEL04-SC";"UOP03-DEL04-SC"
136333;2018-05-25;"sexta-feira";"14:20:00";"RO";364;341;"JI-PARANA";"Falta de Atenção à Condução";"Colisão transversal";"Com Vítimas Feridas";"Pleno dia";"Crescente";"Céu Claro";"Dupla";"Interseção de Vias";"Sim";2;0;1;0;1;0;1;2;-10,889981;-61,931229;"SPRF-RO";"DEL02-RO";"UOP01-DEL02-RO"
136334;2018-05-06;"domingo";"16:00:00";"MS";158;197;"SELVIRIA";"Defeito na Via";"Queda de ocupante de veículo";"Com Vítimas Feridas";"Pleno dia";"Crescente";"Céu Claro";"Simples";"Reta";"Sim";2;0;0;1;0;1;1;2;-20,358944;-51,414757;"SPRF-MS";"DEL07-MS";"UOP01-DEL07-MS"
136335;2018-05-25;"sexta-feira";"16:20:00";"SP";116;214;"GUARULHOS";"Falta de Atenção à Condução";"Colisão traseira";"Com Vítimas Feridas";"Pleno dia";"Decrescente";"Céu Claro";"Múltipla";"Desvio Temporário";"Sim";2;0;0;1;1;0;1;2;-23,44566;-46,45094615;"SPRF-SP";"DEL01-SP";"UOP01-DEL01-SP"
136336;2018-05-25;"sexta-feira";"08:00:00";"CE";222;5;"CAUCAIA";"Não guardar distância de segurança";"Colisão traseira";"Com Vítimas Feridas";"Pleno dia";"Crescente";"Céu Claro";"Dupla";"Reta";"Sim";3;0;0;1;2;0;1;2;-3,74446351;-38,61972213;"SPRF-CE";"DEL01-CE";"UOP01-DEL01-CE"
136337;2018-05-25;"sexta-feira";"16:25:00";"PA";163;1004;"SANTAREM";"Falta de Atenção à Condução";"Colisão transversal";"Com Vítimas Feridas";"Pleno dia";"Crescente";"Céu Claro";"Simples";"Reta";"Sim";3;0;1;0;2;0;1;2;-2,43021067;-54,73461628;"SPRF-PA";"DEL05-PA";"UOP01-DEL05-PA"
136338;2018-05-25;"sexta-feira";"16:35:00";"MA";10;252;"IMPERATRIZ";"Não guardar distância de segurança";"Colisão traseira";"Sem Vítimas";"Pleno dia";"Crescente";"Sol";"Simples";"Reta";"Sim";3;0;0;0;2;1;0;3;-5,53562;-47,469585;"SPRF-MA";"DEL04-MA";"UOP01-DEL04-MA"
136339;2018-05-25;"sexta-feira";"12:30:00";"RR";174;292,4;"CARACARAI";"Velocidade Incompatível";"Colisão frontal";"Com Vítimas Fatais";"Pleno dia";"Decrescente";"Chuva";"Simples";"Curva";"Não";3;2;1;0;0;0;1;2;1,431978;-60,726626;"SPRF-RR";"DEL01-RR";"UOP01-DEL01-RR"
136340;2018-05-25;"sexta-feira";"13:00:00";"BA";324;613;"SALVADOR";"Falta de Atenção à Condução";"Engavetamento";"Sem Vítimas";"Pleno dia";"Decrescente";"Céu Claro";"Dupla";"Reta";"Sim";3;0;0;0;3;0;0;3;-12,88108189;-38,4327963;"SPRF-BA";"DEL01-BA";"UOP01-DEL01-BA"
136343;2018-05-25;"sexta-feira";"18:00:00";"ES";101;285;"CARIACICA";"Pista Escorregadia";"Capotamento";"Com Vítimas Feridas";"Plena Noite";"Crescente";"Chuva";"Dupla";"Reta";"Não";1;0;1;0;0;0;1;1;-20,25343839;-40,3741647;"SPRF-ES";"DEL01-ES";"UOP01-DEL01-ES"
136345;2018-04-28;"sábado";"17:40:00";"BA";415;22;"ILHEUS";"Velocidade Incompatível";"Colisão frontal";"Com Vítimas Feridas";"Anoitecer";"Crescente";"Nublado";"Simples";"Curva";"Não";2;0;0;1;0;1;1;2;-14,8035546;-39,1440618;"SPRF-BA";"DEL05-BA";"UOP01-DEL05-BA"
136346;2018-05-25;"sexta-feira";"17:45:00";"SC";470;99,9;"APIUNA";"Falta de Atenção à Condução";"Colisão lateral";"Com Vítimas Feridas";"Anoitecer";"Crescente";"Céu Claro";"Simples";"Reta";"Não";2;0;1;0;0;1;1;2;-27,03431974;-49,38824415;"SPRF-SC";"DEL04-SC";"UOP02-DEL04-SC"
136347;2018-05-25;"sexta-feira";"13:40:00";"RS";116;521;"PELOTAS";"Falta de Atenção à Condução";"Colisão lateral";"Com Vítimas Feridas";"Pleno dia";"Crescente";"Céu Claro";"Dupla";"Viaduto";"Não";2;0;0;1;1;0;1;2;-31,705256;-52,362427;"SPRF-RS";"DEL07-RS";"UOP01-DEL07-RS"
136349;2018-05-25;"sexta-feira";"18:00:00";"SC";153;84,4;"CONCORDIA";"Desobediência às normas de trânsito pelo condutor";"Colisão traseira";"Com Vítimas Feridas";"Plena Noite";"Decrescente";"Céu Claro";"Simples";"Reta";"Não";2;0;0;1;1;0;1;2;-27,13419;-51,916466;"SPRF-SC";"DEL07-SC";"UOP04-DEL07-SC"
136350;2018-05-25;"sexta-feira";"18:10:00";"CE";222;144,7;"IRAUCUBA";"Restrição de Visibilidade";"Colisão traseira";"Com Vítimas Fatais";"Plena Noite";"Crescente";"Céu Claro";"Simples";"Declive";"Não";3;1;0;0;2;0;0;2;-3,7556444;-39,7487277;"SPRF-CE";"DEL04-CE";"UOP03-DEL04-CE"
136351;2018-05-25;"sexta-feira";"17:30:00";"BA";116;638,5;"JAGUAQUARA";"Velocidade Incompatível";"Capotamento";"Com Vítimas Feridas";"Anoitecer";"Crescente";"Chuva";"Simples";"Curva";"Não";1;0;1;0;0;0;1;1;-13,56590171;-40,07876873;"SPRF-BA";"DEL03-BA";"UOP01-DEL03-BA"
136352;2018-05-25;"sexta-feira";"18:00:00";"BA";116;702;"JEQUIE";"Velocidade Incompatível";"Saída de leito carroçável";"Com Vítimas Feridas";"Anoitecer";"Decrescente";"Garoa/Chuvisco";"Simples";"Curva";"Não";5;0;1;0;4;0;1;1;-14,085177;-40,214385;"SPRF-BA";"DEL03-BA";"UOP01-DEL03-BA"
136353;2018-05-25;"sexta-feira";"16:30:00";"SP";116;210;"GUARULHOS";"Falta de Atenção à Condução";"Colisão lateral";"Com Vítimas Feridas";"Pleno dia";"Crescente";"Sol";"Dupla";"Curva";"Sim";3;0;2;0;1;0;2;2;-23,43061993;-46,41624386;"SPRF-SP";"DEL01-SP";"UOP01-DEL01-SP"
136354;2018-05-25;"sexta-feira";"17:50:00";"PR";376;206;"MANDAGUARI";"Falta de Atenção à Condução";"Colisão transversal";"Com Vítimas Feridas";"Anoitecer";"Decrescente";"Nublado";"Simples";"Reta";"Sim";2;0;1;1;0;0;2;2;-23,5216539;-51,6793368;"SPRF-PR";"DEL07-PR";"UOP01-DEL09-PR"
136355;2018-05-25;"sexta-feira";"17:00:00";"PI";407;549;"JACOBINA DO PIAUI";"Defeito na Via";"Saída de leito carroçável";"Com Vítimas Feridas";"Anoitecer";"Decrescente";"Céu Claro";"Simples";"Reta";"Não";4;0;2;0;2;0;2;1;-7,926252;-41,195457;"SPRF-PI";"DEL04-PI";"UOP01-DEL04-PI"
136356;2018-04-26;"quinta-feira";"10:00:00";"MS";267;319;"RIO BRILHANTE";"Objeto estático sobre o leito carroçável";"Queda de ocupante de veículo";"Com Vítimas Feridas";"Pleno dia";"Decrescente";"Ignorado";"Simples";"Reta";"Não";1;0;0;1;0;0;1;1;-21,71309806;-54,64567423;"SPRF-MS";"DEL02-MS";"UOP02-DEL02-MS"
136357;2018-05-06;"domingo";"18:15:00";"RS";386;32;"FREDERICO WESTPHALEN";"Ingestão de Álcool";"Colisão transversal";"Sem Vítimas";"Anoitecer";"Crescente";"Céu Claro";"Simples";"Curva;Interseção de Vias";"Sim";2;0;0;0;1;1;0;2;-27,341396;-53,387527;"SPRF-RS";"DEL08-RS";"UOP02-DEL08-RS"
136358;2018-05-25;"sexta-feira";"19:45:00";"PR";376;188,5;"MARIALVA";"Falta de Atenção à Condução";"Colisão traseira";"Com Vítimas Feridas";"Plena Noite";"Crescente";"Céu Claro";"Dupla";"Reta";"Não";2;0;1;0;1;0;1;2;-23,4629314;-51,83521271;"SPRF-PR";"DEL07-PR";"UOP01-DEL09-PR"
136360;2018-05-25;"sexta-feira";"20:05:00";"GO";153;504,9;"APARECIDA DE GOIANIA";"Condutor Dormindo";"Capotamento";"Sem Vítimas";"Plena Noite";"Decrescente";"Céu Claro";"Dupla";"Reta";"Sim";1;0;0;0;1;0;0;1;-16,75495804;-49,2407763;"SPRF-GO";"DEL01-GO";"UOP01-DEL01-GO"
136361;2018-05-25;"sexta-feira";"19:55:00";"SP";116;129,4;"CACAPAVA";"Não guardar distância de segurança";"Colisão traseira";"Com Vítimas Feridas";"Plena Noite";"Crescente";"Céu Claro";"Dupla";"Reta";"Sim";2;0;0;1;1;0;1;2;-23,118858;-45,719486;"SPRF-SP";"DEL06-SP";"UOP02-DEL02-SP"
136363;2018-05-25;"sexta-feira";"08:30:00";"BA";110;341;"ALAGOINHAS";"Falta de Atenção à Condução";"Colisão transversal";"Com Vítimas Feridas";"Pleno dia";"Crescente";"Nublado";"Simples";"Reta";"Sim";2;0;1;0;1;0;1;2;-12,16352711;-38,41464043;"SPRF-BA";"DEL01-BA";"UOP04-DEL01-BA"
136364;2018-05-25;"sexta-feira";"20:30:00";"SC";280;58,2;"GUARAMIRIM";"Falta de Atenção à Condução";"Colisão frontal";"Com Vítimas Feridas";"Plena Noite";"Decrescente";"Nublado";"Simples";"Reta";"Sim";3;0;2;1;0;0;3;2;-26,47434736;-49,02364612;"SPRF-SC";"DEL03-SC";"UOP03-DEL03-SC"
136365;2018-05-25;"sexta-feira";"15:40:00";"SC";101;443,3;"SANTA ROSA DO SUL";"Falta de Atenção à Condução";"Colisão traseira";"Com Vítimas Feridas";"Pleno dia";"Decrescente";"Céu Claro";"Dupla";"Reta";"Sim";2;0;1;1;0;0;2;2;-29,135;-49,7066;"SPRF-SC";"DEL02-SC";"UOP02-DEL02-SC"
136366;2018-05-25;"sexta-feira";"20:30:00";"PR";277;337,2;"GUARAPUAVA";"Falta de Atenção à Condução";"Colisão traseira";"Com Vítimas Feridas";"Plena Noite";"Crescente";"Céu Claro";"Dupla";"Reta;Aclive";"Não";2;0;0;1;1;0;1;2;-25,33993415;-51,41999602;"SPRF-PR";"DEL03-PR";"UOP01-DEL08-PR"
136367;2018-05-25;"sexta-feira";"18:30:00";"PR";277;3;"PARANAGUA";"Falta de Atenção à Condução";"Queda de ocupante de veículo";"Com Vítimas Feridas";"Plena Noite";"Crescente";"Garoa/Chuvisco";"Dupla";"Reta";"Sim";3;0;1;0;1;1;1;3;-25,53221867;-48,52952957;"SPRF-PR";"DEL01-PR";"UOP05-DEL01-PR"
136368;2018-05-25;"sexta-feira";"21:10:00";"RN";101;83;"NATAL";"Ingestão de Álcool";"Colisão traseira";"Sem Vítimas";"Plena Noite";"Decrescente";"Céu Claro";"Dupla";"Reta";"Sim";2;0;0;0;2;0;0;2;-5,771044;-35,266171;"SPRF-RN";"DEL02-RN";"UOP01-DEL02-RN"
136369;2018-05-25;"sexta-feira";"19:00:00";"SC";101;331,8;"CAPIVARI DE BAIXO";"Animais na Pista";"Atropelamento de Animal";"Com Vítimas Feridas";"Plena Noite";"Decrescente";"Céu Claro";"Simples";"Reta";"Sim";2;0;2;0;0;0;2;1;-28,4608;-48,9902;"SPRF-SC";"DEL02-SC";"UOP01-DEL02-SC"
136370;2018-05-25;"sexta-feira";"13:00:00";"AC";317;204;"XAPURI";"Condutor Dormindo";"Capotamento";"Com Vítimas Feridas";"Pleno dia";"Decrescente";"Sol";"Simples";"Declive";"Não";1;0;1;0;0;0;1;1;-10,692804;-68,140953;"SPRF-AC";"DEL01-AC";"UOP02-DEL01-AC"
136371;2018-05-25;"sexta-feira";"19:34:00";"RJ";101;306;"SAO GONCALO";"Ultrapassagem Indevida";"Colisão lateral";"Com Vítimas Feridas";"Plena Noite";"Decrescente";"Nublado";"Dupla";"Reta";"Não";2;0;1;0;0;1;1;2;-22,789141;-43,005524;"SPRF-RJ";"DEL02-RJ";"DEL5/2-UOP04/RJ"