"id";"data_inversa";"dia_semana";"horario";"uf";"br";"km";"municipio";"causa_acidente";"tipo_acidente";"classificacao_acidente";"fase_dia";"sentido_via";"condicao_metereologica";"tipo_pista";"tracado_via";"uso_solo";"pessoas";"mortos";"feridos_leves";"feridos_graves";"ilesos";"ignorados";"feridos";"veiculos";"latitude";"longitude";"regional";"delegacia";"uop"
136372;2018-05-25;"sexta-feira";"21:25:00";"SC";101;143;"ITAPEMA";"Falta de Atenção à Condução";"Colisão traseira";"Com Vítimas Feridas";"Plena Noite";"Decrescente";"Céu Claro";"Dupla";"Reta";"Não";3;0;2;0;1;0;2;2;-27,0734;-48,5966;"SPRF-SC";"DEL04-SC";"UOP03-DEL04-SC"
136373;2018-05-25;"sexta-feira";"19:00:00";"AL";101;145,8;"JEQUIA DA PRAIA";"Defeito Mecânico no Veículo";"Incêndio";"Sem Vítimas";"Plena Noite";"Crescente";"Céu Claro";"Simples";"Desvio Temporário";"Não";1;0;0;0;0;1;0;1;-9,858188;-36,144889;"SPRF-AL";"DEL02-AL";"UOP01-DEL02-AL"
136375;2018-05-25;"sexta-feira";"21:35:00";"PR";116;127;"FAZENDA RIO GRANDE";"Falta de Atenção à Condução";"Queda de ocupante de veículo";"Com Vítimas Feridas";"Plena Noite";"Crescente";"Céu Claro";"Dupla";"Reta";"Sim";1;0;1;0;0;0;1;1;-25,621508;-49,316216;"SPRF-PR";"DEL01-PR";"UOP03-DEL01-PR"
136377;2018-05-25;"sexta-feira";"22:30:00";"SC";101;86,7;"BARRA VELHA";"Falta de Atenção à Condução";"Colisão traseira";"Com Vítimas Feridas";"Plena Noite";"Crescente";"Céu Claro";"Dupla";"Reta";"Sim";2;0;1;0;1;0;1;2;-26,63563454;-48,69868484;"SPRF-SC";"DEL03-SC";"UOP02-DEL03-SC"
136378;2018-05-05;"sábado";"18:40:00";"RS";116;269,5;"CANOAS";"Pista Escorregadia";"Tombamento";"Com Vítimas Feridas";"Plena Noite";"Decrescente";"Céu Claro";"Simples";"Curva";"Sim";1;0;0;1;0;0;1;1;-29,96201759;-51,1759311;"SPRF-RS";"DEL01-RS";"UOP01-DEL01-RS"
136379;2018-05-25;"sexta-feira";"21:30:00";"RJ";116;172;"BELFORD ROXO";"Falta de Atenção à Condução";"Queda de ocupante de veículo";"Com Vítimas Feridas";"Plena Noite";"Crescente";"Céu Claro";"Múltipla";"Reta";"Sim";1;0;1;0;0;0;1;1;-22,77463525;-43,40105474;"SPRF-RJ";"DEL01-RJ";"UOP02-DEL01-RJ"
136382;2018-05-25;"sexta-feira";"22:20:00";"RJ";40;18,3;"TRES RIOS";"Desobediência às normas de trânsito pelo condutor";"Colisão com objeto estático";"Com Vítimas Feridas";"Plena Noite";"Crescente";"Céu Claro";"Dupla";"Curva";"Não";1;0;0;1;0;0;1;1;-22,1014;-43,171;"SPRF-RJ";"DEL06-RJ";"UOP02-DEL05-RJ"
136383;2018-05-25;"sexta-feira";"23:20:00";"RS";392;4,8;"RIO GRANDE";"Animais na Pista";"Atropelamento de Animal";"Com Vítimas Feridas";"Plena Noite";"Crescente";"Céu Claro";"Simples";"Reta";"Não";1;0;1;0;0;0;1;1;-32,069656;-52,095535;"SPRF-RS";"DEL07-RS";"UOP02-DEL07-RS"
136384;2018-05-25;"sexta-feira";"23:10:00";"CE";222;6,2;"CAUCAIA";"Desobediência às normas de trânsito pelo condutor";"Colisão traseira";"Sem Vítimas";"Plena Noite";"Crescente";"Garoa/Chuvisco";"Dupla";"Reta";"Sim";3;0;0;0;2;1;0;2;-3,74375692;-38,61833811;"SPRF-CE";"DEL01-CE";"UOP01-DEL01-CE"
136385;2018-05-26;"sábado";"00:05:00";"MG";40;545,1;"NOVA LIMA";"Não guardar distância de segurança";"Colisão lateral";"Sem Vítimas";"Plena Noite";"Crescente";"Céu Claro";"Dupla";"Reta";"Não";2;0;0;0;2;0;0;2;-20,013311;-43,968392;"SPRF-MG";"DEL01-MG";"UOP02-DEL01-MG"
136386;2018-05-25;"sexta-feira";"17:35:00";"SP";116;223;"GUARULHOS";"Não guardar distância de segurança";"Colisão traseira";"Com Vítimas Feridas";"Anoitecer";"Decrescente";"Céu Claro";"Múltipla";"Reta";"Sim";3;0;2;0;1;0;2;2;-23,47233978;-46,52008295;"SPRF-SP";"DEL01-SP";"UOP01-DEL01-SP"
136387;2018-05-25;"sexta-feira";"23:30:00";"RJ";116;98,9;"GUAPIMIRIM";"Defeito na Via";"Colisão frontal";"Com Vítimas Feridas";"Plena Noite";"Decrescente";"Chuva";"Simples";"Curva";"Não";7;0;6;0;1;0;6;2;-22,48908512;-42,99840689;"SPRF-RJ";"DEL04-RJ";"UOP02-DEL04-RJ"
136388;2018-05-26;"sábado";"00:40:00";"ES";101;266,3;"SERRA";"Falta de Atenção à Condução";"Colisão lateral";"Com Vítimas Feridas";"Plena Noite";"Decrescente";"Chuva";"Múltipla";"Interseção de Vias";"Sim";2;0;1;0;1;0;1;2;-20,19371548;-40,26855916;"SPRF-ES";"DEL02-ES";"UOP01-DEL02-ES"
136389;2018-05-25;"sexta-feira";"22:30:00";"SC";158;112,9;"CUNHA PORA";"Desobediência às normas de trânsito pelo condutor";"Colisão lateral";"Com Vítimas Feridas";"Plena Noite";"Crescente";"Céu Claro";"Simples";"Reta";"Não";5;0;4;1;0;0;5;3;-26,90871488;-53,18739474;"SPRF-SC";"DEL07-SC";"UOP02-DEL07-SC"
136390;2018-05-25;"sexta-feira";"21:55:00";"AC";364;138,9;"RIO BRANCO";"Falta de Atenção do Pedestre";"Atropelamento de Pedestre";"Com Vítimas Feridas";"Plena Noite";"Crescente";"Céu Claro";"Dupla";"Reta";"Sim";2;0;2;0;0;0;2;2;-9,95511341;-67,8597253;"SPRF-AC";"DEL01-AC";"UOP01-DEL01-AC"
136391;2018-05-26;"sábado";"02:20:00";"PR";376;176,4;"MARINGA";"Falta de Atenção à Condução";"Colisão transversal";"Com Vítimas Feridas";"Plena Noite";"Crescente";"Céu Claro";"Dupla";"Interseção de Vias";"Sim";2;0;1;0;1;0;1;2;-23,4112324;-51,93632126;"SPRF-PR";"DEL07-PR";"UOP01-DEL09-PR"
136396;2018-05-26;"sábado";"04:50:00";"SC";101;92,1;"BARRA VELHA";"Ingestão de Álcool";"Queda de ocupante de veículo";"Com Vítimas Feridas";"Plena Noite";"Decrescente";"Nublado";"Dupla";"Reta";"Não";1;0;1;0;0;0;1;1;-26,68900616;-48,69601873;"SPRF-SC";"DEL03-SC";"UOP02-DEL03-SC"
136398;2018-05-26;"sábado";"05:50:00";"GO";153;580,5;"PROFESSOR JAMIL";"Condutor Dormindo";"Saída de leito carroçável";"Com Vítimas Feridas";"Plena Noite";"Decrescente";"Céu Claro";"Dupla";"Curva";"Não";2;0;2;0;0;0;2;1;-17,3851;-49,2343;"SPRF-GO";"DEL03-GO";"UOP01-DEL03-GO"
136399;2018-05-26;"sábado";"05:30:00";"PI";343;4,2;"TERESINA";"Não guardar distância de segurança";"Colisão traseira";"Com Vítimas Fatais";"Amanhecer";"Crescente";"Céu Claro";"Múltipla";"Interseção de Vias";"Sim";3;1;0;0;2;0;0;2;-5,08030032;-42,78688788;"SPRF-PI";"DEL01-PI";"UOP01-DEL01-PI"
136400;2018-05-01;"terça-feira";"21:00:00";"BA";116;441,7;"FEIRA DE SANTANA";"Pista Escorregadia";"Queda de ocupante de veículo";"Com Vítimas Feridas";"Plena Noite";"Crescente";"Céu Claro";"Dupla";"Curva";"Não";1;0;1;0;0;0;1;1;-12,34335572;-39,0838623;"SPRF-BA";"DEL02-BA";"UOP01-DEL02-BA"
136401;2018-05-26;"sábado";"04:15:00";"RS";470;217;"BENTO GONCALVES";"Ingestão de Álcool";"Colisão com objeto estático";"Com Vítimas Feridas";"Plena Noite";"Decrescente";"Garoa/Chuvisco";"Simples";"Rotatória";"Não";9;0;2;0;7;0;2;4;-29,17484308;-51,52312696;"SPRF-RS";"DEL06-RS";"UOP01-DEL06-RS"
136403;2018-05-26;"sábado";"06:20:00";"AP";210;0;"MACAPA";"Ingestão de Álcool";"Colisão frontal";"Com Vítimas Feridas";"Amanhecer";"Crescente";"Nublado";"Dupla";"Reta";"Sim";2;0;1;0;0;1;1;2;0,07778404;-51,06431901;"SPRF-AP";"DEL01-AP";"UOP01-DEL01-AP"
136404;2018-05-26;"sábado";"05:20:00";"PI";230;189,1;"OEIRAS";"Não guardar distância de segurança";"Colisão traseira";"Com Vítimas Feridas";"Amanhecer";"Decrescente";"Céu Claro";"Simples";"Reta";"Não";3;0;2;0;1;0;2;2;-6,98368064;-42,0630455;"SPRF-PI";"DEL04-PI";"UOP01-DEL04-PI"
136405;2018-05-26;"sábado";"05:40:00";"BA";324;590,1;"CANDEIAS";"Condutor Dormindo";"Saída de leito carroçável";"Com Vítimas Feridas";"Amanhecer";"Decrescente";"Chuva";"Dupla";"Reta";"Não";1;0;1;0;0;0;1;1;-12,6855135;-38,46628952;"SPRF-BA";"DEL01-BA";"UOP01-DEL01-BA"
136407;2018-05-26;"sábado";"07:00:00";"MG";381;345;"BELA VISTA DE MINAS";"Velocidade Incompatível";"Saída de leito carroçável";"Com Vítimas Feridas";"Pleno dia";"Decrescente";"Chuva";"Simples";"Curva";"Não";2;0;2;0;0;0;2;2;-19,8319954;-43,095873;"SPRF-MG";"DEL03-MG";"UOP01-DEL03-MG"
136409;2018-05-02;"quarta-feira";"11:45:00";"RS";158;334;"SANTA MARIA";"Falta de Atenção à Condução";"Colisão transversal";"Com Vítimas Feridas";"Pleno dia";"Crescente";"Nublado";"Simples";"Interseção de Vias;Reta";"Sim";3;0;0;1;1;1;1;3;-29,70758199;-53,87395442;"SPRF-RS";"DEL09-RS";"UOP01-DEL09-RS"
136410;2018-05-26;"sábado";"04:30:00";"AL";104;21,9;"UNIAO DOS PALMARES";"Animais na Pista";"Capotamento";"Com Vítimas Feridas";"Plena Noite";"Crescente";"Nublado";"Simples";"Declive";"Não";2;0;2;0;0;0;2;1;-9,07328061;-36,03698015;"SPRF-AL";"DEL01-AL";"UOP02-DEL01-AL"
136411;2018-05-26;"sábado";"08:15:00";"PA";316;6;"ANANINDEUA";"Desobediência às normas de trânsito pelo condutor";"Colisão transversal";"Com Vítimas Feridas";"Pleno dia";"Crescente";"Sol";"Simples";"Reta";"Sim";3;0;1;0;2;0;1;3;-1,396582;-48,422993;"SPRF-PA";"DEL01-PA";"DEL19/1-UOP05/PA"
136412;2018-05-11;"sexta-feira";"07:05:00";"SP";116;222;"GUARULHOS";"Falta de Atenção à Condução";"Colisão traseira";"Com Vítimas Feridas";"Pleno dia";"Crescente";"Ignorado";"Múltipla";"Reta";"Sim";2;0;1;0;1;0;1;2;-23,47752591;-46,52837634;"SPRF-SP";"DEL01-SP";"UOP01-DEL01-SP"
136415;2018-05-26;"sábado";"07:45:00";"SC";163;68;"SAO MIGUEL DO OESTE";"Falta de Atenção à Condução";"Colisão com objeto em movimento";"Com Vítimas Feridas";"Pleno dia";"Crescente";"Sol";"Dupla";"Reta";"Sim";2;0;1;0;1;0;1;2;-26,7368099;-53,50328654;"SPRF-SC";"DEL07-SC";"UOP03-DEL07-SC"
136416;2018-05-26;"sábado";"07:30:00";"ES";262;177,2;"IBATIBA";"Falta de Atenção à Condução";"Queda de ocupante de veículo";"Com Vítimas Fatais";"Pleno dia";"Decrescente";"Chuva";"Simples";"Curva";"Não";1;1;0;0;0;0;0;1;-20,28066514;-41,64956152;"SPRF-ES";"DEL01-ES";"UOP02-DEL01-ES"
136419;2018-05-17;"quinta-feira";"19:45:00";"AM";174;914;"MANAUS";"Desobediência às normas de trânsito pelo condutor";"Colisão frontal";"Sem Vítimas";"Plena Noite";"Crescente";"Nublado";"Simples";"Declive";"Não";3;0;0;0;2;1;0;2;-2,70780797;-60,04886627;"SPRF-AM";"DEL01-AM";"UOP01-DEL01-AM"
136420;2018-05-26;"sábado";"08:40:00";"MG";50;176;"UBERABA";"Falta de Atenção à Condução";"Colisão com objeto estático";"Sem Vítimas";"Pleno dia";"Crescente";"Céu Claro";"Dupla";"Reta";"Sim";4;0;0;0;4;0;0;1;-19,7792;-47,9505;"SPRF-MG";"DEL13-MG";"UOP01-DEL13-MG"
136422;2018-05-26;"sábado";"11:30:00";"RN";405;0,6;"MOSSORO";"Desobediência às normas de trânsito pelo condutor";"Colisão transversal";"Com Vítimas Feridas";"Pleno dia";"Decrescente";"Céu Claro";"Dupla";"Reta";"Sim";2;0;0;1;1;0;1;2;-5,191254;-37,358148;"SPRF-RN";"DEL04-RN";"UOP02-DEL04-RN"
136423;2018-05-26;"sábado";"09:30:00";"SC";470;242,8;"CURITIBANOS";"Velocidade Incompatível";"Colisão frontal";"Com Vítimas Feridas";"Pleno dia";"Decrescente";"Sol";"Simples";"Rotatória";"Não";2;0;0;2;0;0;2;2;-27,31454036;-50,51623535;"SPRF-SC";"DEL05-SC";"UOP03-DEL05-SC"
136426;2018-05-26;"sábado";"12:00:00";"SE";235;2,3;"ARACAJU";"Ingestão de Álcool";"Atropelamento de Pedestre";"Com Vítimas Feridas";"Pleno dia";"Decrescente";"Sol";"Dupla";"Declive";"Sim";2;0;1;0;1;0;1;2;-10,907206;-37,096197;"SPRF-SE";"DEL01-SE";"UOP01-DEL01-SE"
136427;2018-05-26;"sábado";"12:00:00";"RN";101;108;"PARNAMIRIM";"Falta de Atenção à Condução";"Colisão traseira";"Com Vítimas Feridas";"Pleno dia";"Crescente";"Céu Claro";"Dupla";"Reta";"Sim";2;0;0;1;1;0;1;2;-5,92823;-35,264656;"SPRF-RN";"DEL01-RN";"UOP01-DEL01-RN"
136429;2018-05-26;"sábado";"12:15:00";"AL";104;38;"MURICI";"Ingestão de Substâncias Psicoativas";"Colisão frontal";"Com Vítimas Feridas";"Pleno dia";"Crescente";"Nublado";"Simples";"Curva";"Não";3;0;0;2;1;0;2;2;-9,30688;-35,940841;"SPRF-AL";"DEL01-AL";"UOP02-DEL01-AL"
136430;2018-05-26;"sábado";"12:10:00";"SC";101;117;"ITAJAI";"Falta de Atenção à Condução";"Tombamento";"Com Vítimas Feridas";"Pleno dia";"Decrescente";"Nublado";"Dupla";"Reta";"Sim";1;0;1;0;0;0;1;1;-26,88732057;-48,7223053;"SPRF-SC";"DEL04-SC";"UOP04-DEL04-SC"
136432;2018-05-26;"sábado";"11:50:00";"PR";116;17;"COLOMBO";"Mal Súbito";"Queda de ocupante de veículo";"Com Vítimas Feridas";"Pleno dia";"Crescente";"Céu Claro";"Dupla";"Declive";"Sim";1;0;1;0;0;0;1;1;-25,38788381;-49,18066263;"SPRF-PR";"DEL01-PR";"UOP02-DEL01-PR"
136434;2018-05-26;"sábado";"13:10:00";"CE";222;77,8;"SAO LUIS DO CURU";"Falta de Atenção à Condução";"Colisão frontal";"Com Vítimas Feridas";"Pleno dia";"Crescente";"Céu Claro";"Simples";"Reta";"Sim";2;0;0;1;1;0;1;2;-3,674247;-39,241997;"SPRF-CE";"DEL04-CE";"UOP03-DEL04-CE"
136435;2018-05-26;"sábado";"13:00:00";"BA";324;584;"CANDEIAS";"Condutor Dormindo";"Saída de leito carroçável";"Com Vítimas Feridas";"Pleno dia";"Crescente";"Chuva";"Dupla";"Reta";"Não";3;0;1;0;2;0;1;1;-12,65414604;-38,47309472;"SPRF-BA";"DEL01-BA";"UOP01-DEL01-BA"
136436;2018-05-26;"sábado";"13:00:00";"SC";101;25,6;"JOINVILLE";"Ingestão de Álcool";"Colisão com objeto estático";"Com Vítimas Feridas";"Pleno dia";"Crescente";"Nublado";"Múltipla";"Reta";"Sim";1;0;1;0;0;0;1;1;-26,16839186;-48,90735608;"SPRF-SC";"DEL03-SC";"UOP01-DEL03-SC"
136437;2018-05-26;"sábado";"11:00:00";"MG";381;338;"NOVA ERA";"Pista Escorregadia";"Saída de leito carroçável";"Com Vítimas Feridas";"Pleno dia";"Decrescente";"Chuva";"Simples";"Curva";"Não";1;0;1;0;0;0;1;1;-19,7784;-43,0437;"SPRF-MG";"DEL03-MG";"UOP01-DEL03-MG"
136438;2018-05-26;"sábado";"13:50:00";"GO";364;386,1;"SANTA RITA DO ARAGUAIA";"Falta de Atenção à Condução";"Colisão transversal";"Com Vítimas Feridas";"Pleno dia";"Decrescente";"Céu Claro";"Dupla";"Interseção de Vias";"Sim";3;0;1;1;1;0;2;2;-17,32501448;-53,20725381;"SPRF-GO";"DEL05-GO";"UOP01-DEL05-GO"
136442;2018-05-01;"terça-feira";"18:20:00";"RJ";116;187;"NOVA IGUACU";"Não guardar distância de segurança";"Colisão traseira";"Com Vítimas Feridas";"Anoitecer";"Decrescente";"Céu Claro";"Dupla";"Reta";"Sim";3;0;1;1;1;0;2;2;-22,73761608;-43,53679061;"SPRF-RJ";"DEL01-RJ";"UOP03-DEL01-RJ"
136444;2018-05-26;"sábado";"15:00:00";"SP";381;4;"VARGEM";"Defeito Mecânico no Veículo";"Tombamento";"Com Vítimas Feridas";"Pleno dia";"Crescente";"Céu Claro";"Dupla";"Reta";"Não";1;0;1;0;0;0;1;1;-22,882668;-46,407883;"SPRF-SP";"DEL03-SP";"UOP02-DEL03-SP"
136445;2018-05-26;"sábado";"13:00:00";"RS";293;2,6;"PELOTAS";"Falta de Atenção à Condução";"Colisão com objeto estático";"Com Vítimas Feridas";"Pleno dia";"Crescente";"Céu Claro";"Simples";"Rotatória";"Sim";2;0;2;0;0;0;2;1;-31,744492;-52,362682;"SPRF-RS";"DEL07-RS";"UOP01-DEL07-RS"
136446;2018-05-26;"sábado";"16:25:00";"ES";101;330,9;"GUARAPARI";"Ingestão de Álcool";"Colisão frontal";"Com Vítimas Feridas";"Pleno dia";"Crescente";"Nublado";"Simples";"Reta";"Não";5;0;0;2;1;2;2;3;-20,599223;-40,502708;"SPRF-ES";"DEL03-ES";"UOP01-DEL03-ES"
136448;2018-05-26;"sábado";"15:30:00";"MS";262;0,7;"TRES LAGOAS";"Desobediência às normas de trânsito pelo condutor";"Colisão com objeto estático";"Com Vítimas Feridas";"Pleno dia";"Decrescente";"Sol";"Simples";"Ponte";"Não";2;0;1;0;0;1;1;2;-20,782074;-51,65705;"SPRF-MS";"DEL07-MS";"UOP01-DEL07-MS"
136449;2018-05-26;"sábado";"16:14:00";"BA";242;204;"ITABERABA";"Animais na Pista";"Saída de leito carroçável";"Com Vítimas Feridas";"Pleno dia";"Decrescente";"Nublado";"Simples";"Aclive";"Sim";2;0;1;1;0;0;2;1;-12,512596;-40,295582;"SPRF-BA";"DEL06-BA";"UOP02-DEL06-BA"
136450;2018-05-26;"sábado";"16:30:00";"PB";230;26,7;"JOAO PESSOA";"Desobediência às normas de trânsito pelo condutor";"Colisão frontal";"Com Vítimas Feridas";"Pleno dia";"Crescente";"Céu Claro";"Dupla";"Reta";"Sim";2;0;1;1;0;0;2;2;-7,1663559;-34,8881875;"SPRF-PB";"DEL01-PB";"UOP01-DEL01-PB"
136451;2018-05-26;"sábado";"16:55:00";"PR";369;177;"ROLANDIA";"Ingestão de Álcool";"Colisão lateral";"Com Vítimas Feridas";"Anoitecer";"Decrescente";"Nublado";"Simples";"Reta";"Sim";2;0;1;0;1;0;1;1;-23,32066128;-51,38172258;"SPRF-PR";"DEL07-PR";"UOP01-DEL07-PR"
136452;2018-05-05;"sábado";"10:00:00";"PB";101;123;"CAAPORA";"Defeito Mecânico no Veículo";"Saída de leito carroçável";"Com Vítimas Feridas";"Pleno dia";"Crescente";"Chuva";"Dupla";"Curva;Declive";"Não";3;0;3;0;0;0;3;1;-7,45770928;-34,98104811;"SPRF-PB";"DEL01-PB";"UOP01-DEL01-PB"
136453;2018-05-26;"sábado";"17:45:00";"PB";230;2,1;"CABEDELO";"Ingestão de Álcool";"Colisão traseira";"Sem Vítimas";"Plena Noite";"Decrescente";"Céu Claro";"Dupla";"Reta";"Sim";2;0;0;0;2;0;0;2;-6,984884;-34,82903123;"SPRF-PB";"DEL01-PB";"UOP01-DEL01-PB"
136454;2018-05-26;"sábado";"06:27:00";"RJ";101;310;"SAO GONCALO";"Falta de Atenção à Condução";"Colisão traseira";"Com Vítimas Feridas";"Pleno dia";"Decrescente";"Nublado";"Dupla";"Reta";"Não";2;0;1;0;1;0;1;2;-22,797176;-43,044071;"SPRF-RJ";"DEL02-RJ";"DEL5/2-UOP04/RJ"
136455;2018-05-26;"sábado";"18:15:00";"PE";428;185,1;"PETROLINA";"Animais na Pista";"Colisão frontal";"Com Vítimas Feridas";"Plena Noite";"Crescente";"Céu Claro";"Simples";"Reta";"Sim";2;0;1;0;1;0;1;2;-9,340178;-40,470364;"SPRF-PE";"DEL06-PE";"UOP01-DEL06-PE"
136456;2018-05-26;"sábado";"18:05:00";"SP";116;149,2;"SAO JOSE DOS CAMPOS";"Velocidade Incompatível";"Engavetamento";"Com Vítimas Feridas";"Plena Noite";"Crescente";"Céu Claro";"Múltipla";"Reta";"Sim";5;0;2;0;3;0;2;3;-23,20592089;-45,8855241;"SPRF-SP";"DEL02-SP";"UOP01-DEL02-SP"
136457;2018-05-26;"sábado";"18:40:00";"PR";376;176,8;"MARINGA";"Falta de Atenção do Pedestre";"Atropelamento de Pedestre";"Com Vítimas Feridas";"Plena Noite";"Crescente";"Nublado";"Dupla";"Reta";"Sim";2;0;2;0;0;0;2;2;-23,41259108;-51,93278963;"SPRF-PR";"DEL07-PR";"UOP01-DEL09-PR"
136459;2018-05-26;"sábado";"19:00:00";"MT";163;744;"SORRISO";"Ingestão de Substâncias Psicoativas";"Colisão transversal";"Com Vítimas Feridas";"Plena Noite";"Crescente";"Céu Claro";"Simples";"Reta";"Não";5;0;2;1;2;0;3;2;-12,61411925;-55,7604754;"SPRF-MT";"DEL06-MT";"UOP01-DEL06-MT"
136460;2018-05-26;"sábado";"13:00:00";"MT";163;815;"SINOP";"Velocidade Incompatível";"Queda de ocupante de veículo";"Com Vítimas Feridas";"Pleno dia";"Crescente";"Sol";"Simples";"Reta";"Não";1;0;1;0;0;0;1;1;-12,02018091;-55,51743507;"SPRF-MT";"DEL06-MT";"UOP01-DEL06-MT"
136461;2018-05-26;"sábado";"18:50:00";"SP";116;273;"TABOAO DA SERRA";"Carga excessiva e/ou mal acondicionada";"Queda de ocupante de veículo";"Com Vítimas Feridas";"Plena Noite";"Crescente";"Céu Claro";"Simples";"Curva";"Não";1;0;1;0;0;0;1;1;-23,61561965;-46,78742409;"SPRF-SP";"DEL04-SP";"UOP01-DEL04-SP"
136462;2018-05-26;"sábado";"16:50:00";"SP";116;141,2;"SAO JOSE DOS CAMPOS";"Condutor Dormindo";"Capotamento";"Com Vítimas Feridas";"Pleno dia";"Decrescente";"Nublado";"Dupla";"Reta";"Não";1;0;1;0;0;0;1;1;-23,170076;-45,820972;"SPRF-SP";"DEL06-SP";"UOP02-DEL02-SP"
136463;2018-05-26;"sábado";"19:30:00";"GO";153;694;"ITUMBIARA";"Animais na Pista";"Atropelamento de Animal";"Com Vítimas Feridas";"Anoitecer";"Crescente";"Céu Claro";"Dupla";"Reta";"Não";1;0;1;0;0;0;1;1;-18,3434;-49,2216;"SPRF-GO";"DEL03-GO";"UOP02-DEL03-GO"
136464;2018-05-26;"sábado";"18:45:00";"MT";163;662;"LUCAS DO RIO VERDE";"Falta de Atenção à Condução";"Colisão traseira";"Com Vítimas Feridas";"Plena Noite";"Crescente";"Céu Claro";"Simples";"Reta";"Não";1;0;1;0;0;0;1;1;-13,09820486;-55,94512939;"SPRF-MT";"DEL06-MT";"UOP01-DEL06-MT"
136466;2018-05-26;"sábado";"19:00:00";"RS";285;243,3;"CIRIACO";"Ingestão de Álcool";"Colisão frontal";"Sem Vítimas";"Pleno dia";"Crescente";"Céu Claro";"Simples";"Curva;Aclive";"Não";2;0;0;0;2;0;0;2;-28,2646;-51,9184;"SPRF-RS";"DEL08-RS";"UOP03-DEL08-RS"
136467;2018-05-26;"sábado";"18:48:00";"MG";50;180;"UBERABA";"Ingestão de Álcool";"Colisão com objeto estático";"Com Vítimas Feridas";"Plena Noite";"Crescente";"Céu Claro";"Dupla";"Retorno Regulamentado";"Sim";1;0;1;0;0;0;1;1;-19,7852;-47,9169;"SPRF-MG";"DEL13-MG";"UOP01-DEL13-MG"
136468;2018-05-26;"sábado";"20:15:00";"SC";470;78,8;"INDAIAL";"Ingestão de Álcool";"Saída de leito carroçável";"Com Vítimas Feridas";"Plena Noite";"Crescente";"Nublado";"Simples";"Reta";"Não";1;0;1;0;0;0;1;1;-26,9499229;-49,35659409;"SPRF-SC";"DEL04-SC";"UOP01-DEL04-SC"
136469;2018-05-26;"sábado";"20:15:00";"PE";428;191,6;"PETROLINA";"Falta de Atenção à Condução";"Colisão traseira";"Com Vítimas Feridas";"Plena Noite";"Crescente";"Céu Claro";"Múltipla";"Reta";"Sim";2;0;1;0;1;0;1;2;-9,372067;-40,486843;"SPRF-PE";"DEL06-PE";"UOP01-DEL06-PE"
136470;2018-05-26;"sábado";"19:50:00";"BA";116;460;"SANTO ESTEVAO";"Ingestão de Álcool";"Atropelamento de Pedestre";"Com Vítimas Feridas";"Plena Noite";"Decrescente";"Céu Claro";"Simples";"Reta";"Sim";2;0;1;0;1;0;1;2;-12,44000129;-39,22924809;"SPRF-BA";"DEL02-BA";"UOP01-DEL02-BA"
136471;2018-05-26;"sábado";"20:30:00";"PI";402;36,9;"PARNAIBA";"Falta de Atenção à Condução";"Atropelamento de Pedestre";"Com Vítimas Feridas";"Plena Noite";"Crescente";"Ignorado";"Simples";"Aclive";"Sim";2;0;0;1;1;0;1;2;-2,95609668;-41,72213137;"SPRF-PI";"DEL05-PI";"UOP01-DEL05-PI"
136472;2018-05-26;"sábado";"19:20:00";"MT";163;743,6;"SORRISO";"Ingestão de Álcool";"Colisão traseira";"Com Vítimas Feridas";"Plena Noite";"Crescente";"Nublado";"Simples";"Reta";"Não";3;0;1;1;1;0;2;2;-12,63849579;-55,78050613;"SPRF-MT";"DEL06-MT";"UOP01-DEL06-MT"
136473;2018-05-26;"sábado";"19:00:00";"MT";70;500;"CUIABA";"Falta de Atenção à Condução";"Colisão transversal";"Com Vítimas Feridas";"Plena Noite";"Crescente";"Céu Claro";"Simples";"Reta";"Não";2;0;1;0;1;0;1;2;-15,682028;-55,923443;"SPRF-MT";"DEL02-MT";"UOP02-DEL01-MT"
136474;2018-05-26;"sábado";"20:50:00";"BA";101;933;"NOVA VICOSA";"Ultrapassagem Indevida";"Colisão lateral";"Com Vítimas Feridas";"Plena Noite";"Crescente";"Nublado";"Simples";"Reta";"Não";3;0;3;0;0;0;3;2;-17,9858;-39,8597;"SPRF-BA";"DEL09-BA";"UOP02-DEL09-BA"
136475;2018-05-26;"sábado";"21:10:00";"PE";101;43,5;"IGARASSU";"Falta de Atenção do Pedestre";"Atropelamento de Pedestre";"Com Vítimas Feridas";"Plena Noite";"Crescente";"Céu Claro";"Múltipla";"Reta";"Sim";2;0;0;1;1;0;1;2;-7,868;-34,907;"SPRF-PE";"DEL01-PE";"UOP02-DEL01-PE"
136476;2018-05-26;"sábado";"21:20:00";"PR";476;142;"CURITIBA";"Não guardar distância de segurança";"Colisão traseira";"Sem Vítimas";"Plena Noite";"Decrescente";"Céu Claro";"Dupla";"Reta";"Sim";3;0;0;0;3;0;0;3;-25,537161;-49,301632;"SPRF-PR";"DEL01-PR";"UOP07-DEL01-PR"
136477;2018-05-26;"sábado";"19:00:00";"MA";135;7;"SAO LUIS";"Falta de Atenção à Condução";"Colisão transversal";"Com Vítimas Feridas";"Plena Noite";"Crescente";"Ignorado";"Dupla";"Interseção de Vias";"Sim";5;0;3;0;2;0;3;2;-2,6405632;-44,27173734;"SPRF-MA";"DEL01-MA";"UOP01-DEL01-MA"