"id";"data_inversa";"dia_semana";"horario";"uf";"br";"km";"municipio";"causa_acidente";"tipo_acidente";"classificacao_acidente";"fase_dia";"sentido_via";"condicao_metereologica";"tipo_pista";"tracado_via";"uso_solo";"pessoas";"mortos";"feridos_leves";"feridos_graves";"ilesos";"ignorados";"feridos";"veiculos";"latitude";"longitude";"regional";"delegacia";"uop"
136684;2018-05-28;"segunda-feira";"18:30:00";"MG";40;506;"RIBEIRAO DAS NEVES";"Falta de Atenção à Condução";"Colisão frontal";"Com Vítimas Feridas";"Plena Noite";"Decrescente";"Céu Claro";"Dupla";"Retorno Regulamentado";"Sim";3;0;1;0;1;1;1;3;-19,74741833;-44,14751363;"SPRF-MG";"DEL02-MG";"UOP01-DEL02-MG"
136686;2018-05-28;"segunda-feira";"17:35:00";"MS";163;484,7;"CAMPO GRANDE";"Objeto estático sobre o leito carroçável";"Colisão com objeto estático";"Com Vítimas Feridas";"Anoitecer";"Decrescente";"Céu Claro";"Simples";"Reta";"Sim";1;0;1;0;0;0;1;1;-20,443299;-54,541591;"SPRF-MS";"DEL01-MS";"UOP02-DEL01-MS"
136687;2018-05-28;"segunda-feira";"18:00:00";"MG";262;811,9;"UBERABA";"Falta de Atenção à Condução";"Colisão traseira";"Com Vítimas Feridas";"Anoitecer";"Crescente";"Céu Claro";"Dupla";"Reta";"Sim";2;0;0;1;1;0;1;2;-19,76475;-48,112064;"SPRF-MG";"DEL13-MG";"UOP01-DEL13-MG"
136688;2018-05-28;"segunda-feira";"18:30:00";"CE";116;16;"EUSEBIO";"Condutor Dormindo";"Atropelamento de Pedestre";"Com Vítimas Fatais";"Plena Noite";"Crescente";"Céu Claro";"Dupla";"Declive;Reta";"Sim";2;1;0;0;1;0;0;2;-3,8970631;-38,50303883;"SPRF-CE";"DEL01-CE";"UOP02-DEL01-CE"
136689;2018-05-28;"segunda-feira";"18:30:00";"SC";280;67,9;"JARAGUA DO SUL";"Falta de Atenção à Condução";"Colisão transversal";"Com Vítimas Feridas";"Plena Noite";"Crescente";"Nublado";"Simples";"Interseção de Vias";"Sim";2;0;0;1;1;0;1;2;-26,47166788;-49,11270618;"SPRF-SC";"DEL03-SC";"UOP03-DEL03-SC"
136690;2018-05-28;"segunda-feira";"19:00:00";"SC";470;177,3;"POUSO REDONDO";"Desobediência às normas de trânsito pelo condutor";"Colisão frontal";"Com Vítimas Feridas";"Plena Noite";"Decrescente";"Céu Claro";"Simples";"Curva";"Não";2;0;1;1;0;0;2;2;-27,25520661;-49,94596928;"SPRF-SC";"DEL04-SC";"UOP02-DEL04-SC"
136691;2018-05-28;"segunda-feira";"11:00:00";"PE";407;128,9;"PETROLINA";"Falta de Atenção à Condução";"Colisão transversal";"Com Vítimas Feridas";"Pleno dia";"Decrescente";"Sol";"Simples";"Reta";"Sim";2;0;1;0;1;0;1;2;-9,39939627;-40,5045265;"SPRF-PE";"DEL06-PE";"UOP01-DEL06-PE"
136692;2018-05-28;"segunda-feira";"19:50:00";"SC";101;280;"IMBITUBA";"Falta de Atenção à Condução";"Atropelamento de Pedestre";"Com Vítimas Feridas";"Plena Noite";"Crescente";"Céu Claro";"Múltipla";"Reta";"Sim";2;0;0;1;0;1;1;2;-28,2087;-48,6989;"SPRF-SC";"DEL02-SC";"UOP03-DEL02-SC"
136695;2018-05-28;"segunda-feira";"21:00:00";"SP";488;3,2;"APARECIDA";"Ingestão de Álcool";"Colisão frontal";"Com Vítimas Feridas";"Plena Noite";"Crescente";"Céu Claro";"Dupla";"Reta";"Sim";4;0;0;1;1;2;1;3;-22,85655538;-45,24454236;"SPRF-SP";"DEL08-SP";"UOP01-DEL08-SP"
136696;2018-05-28;"segunda-feira";"17:50:00";"RJ";116;67;"TERESOPOLIS";"Falta de Atenção à Condução";"Colisão transversal";"Com Vítimas Feridas";"Anoitecer";"Decrescente";"Céu Claro";"Simples";"Reta";"Sim";6;0;4;0;2;0;4;2;-22,3513532;-42,9410964;"SPRF-RJ";"DEL04-RJ";"UOP01-DEL04-RJ"
136697;2018-05-28;"segunda-feira";"19:20:00";"RJ";101;413;"ITAGUAI";"Falta de Atenção do Pedestre";"Atropelamento de Pedestre";"Com Vítimas Feridas";"Plena Noite";"Decrescente";"Nublado";"Dupla";"Reta";"Sim";3;0;3;0;0;0;3;2;-22,89989708;-43,8668257;"SPRF-RJ";"DEL03-RJ";"UOP01-DEL03-RJ"
136698;2018-05-28;"segunda-feira";"21:20:00";"RJ";116;83;"TERESOPOLIS";"Falta de Atenção à Condução";"Tombamento";"Com Vítimas Feridas";"Plena Noite";"Crescente";"Céu Claro";"Simples";"Reta";"Não";1;0;1;0;0;0;1;1;-22,3513229;-42,9410619;"SPRF-RJ";"DEL04-RJ";"UOP01-DEL04-RJ"
136700;2018-05-28;"segunda-feira";"22:05:00";"SC";280;23,4;"ARAQUARI";"Desobediência às normas de trânsito pelo condutor";"Colisão frontal";"Com Vítimas Feridas";"Plena Noite";"Decrescente";"Nublado";"Simples";"Reta";"Sim";2;0;0;1;1;0;1;2;-26,37446833;-48,71613353;"SPRF-SC";"DEL03-SC";"UOP03-DEL03-SC"
136701;2018-05-28;"segunda-feira";"22:00:00";"RN";427;95,1;"CAICO";"Animais na Pista";"Atropelamento de Animal";"Com Vítimas Feridas";"Plena Noite";"Crescente";"Céu Claro";"Simples";"Reta";"Sim";1;0;1;0;0;0;1;1;-6,477626;-37,070442;"SPRF-RN";"DEL03-RN";"UOP01-DEL03-RN"
136702;2018-05-28;"segunda-feira";"20:15:00";"RJ";101;291,7;"ITABORAI";"Animais na Pista";"Colisão com objeto em movimento";"Com Vítimas Feridas";"Plena Noite";"Crescente";"Céu Claro";"Dupla";"Declive";"Não";3;0;0;1;2;0;1;3;-22,76158561;-42,87547661;"SPRF-RJ";"DEL02-RJ";"UOP03-DEL02-RJ"
136703;2018-05-28;"segunda-feira";"22:10:00";"MG";116;702;"MURIAE";"Ingestão de Álcool";"Colisão traseira";"Com Vítimas Feridas";"Plena Noite";"Crescente";"Céu Claro";"Simples";"Reta";"Não";3;0;1;0;2;0;1;2;-21,10788063;-42,37940457;"SPRF-MG";"DEL07-MG";"UOP02-DEL07-MG"
136704;2018-05-28;"segunda-feira";"08:00:00";"RO";364;1053;"PORTO VELHO";"Falta de Atenção à Condução";"Capotamento";"Com Vítimas Feridas";"Pleno dia";"Crescente";"Céu Claro";"Simples";"Reta";"Não";2;0;1;0;1;0;1;1;-9,79838411;-66,50196075;"SPRF-RO";"DEL01-RO";"UOP02-DEL01-RO"
136706;2018-05-28;"segunda-feira";"22:00:00";"MT";163;1040;"MATUPA";"Falta de Atenção à Condução";"Colisão com objeto estático";"Com Vítimas Feridas";"Plena Noite";"Crescente";"Céu Claro";"Simples";"Rotatória";"Sim";1;0;1;0;0;0;1;1;-10,16627959;-54,93723571;"SPRF-MT";"DEL06-MT";"UOP02-DEL06-MT"
136709;2018-05-28;"segunda-feira";"17:45:00";"RJ";101;331;"RIO DE JANEIRO";"Defeito Mecânico no Veículo";"Colisão traseira";"Com Vítimas Feridas";"Anoitecer";"Crescente";"Céu Claro";"Dupla";"Reta";"Não";2;0;2;0;0;0;2;2;-22,867664;-43,19556;"SPRF-RJ";"DEL02-RJ";"UOP02-DEL02-RJ"
136711;2018-05-28;"segunda-feira";"23:00:00";"PA";316;105,5;"SANTA MARIA DO PARA";"Defeito Mecânico no Veículo";"Colisão com objeto estático";"Sem Vítimas";"Plena Noite";"Crescente";"Chuva";"Simples";"Ponte";"Sim";1;0;0;0;1;0;0;1;-1,33808071;-47,54369169;"SPRF-PA";"DEL01-PA";"UOP02-DEL01-PA"
136712;2018-05-29;"terça-feira";"00:00:00";"SC";101;6,2;"GARUVA";"Ingestão de Álcool";"Saída de leito carroçável";"Com Vítimas Feridas";"Plena Noite";"Crescente";"Nublado";"Dupla";"Viaduto";"Sim";2;0;2;0;0;0;2;1;-26,0361;-48,8601;"SPRF-SC";"DEL03-SC";"UOP01-DEL03-SC"
136713;2018-05-29;"terça-feira";"00:30:00";"PR";277;139;"BALSA NOVA";"Animais na Pista";"Atropelamento de Animal";"Sem Vítimas";"Plena Noite";"Crescente";"Nevoeiro/Neblina";"Dupla";"Curva";"Não";1;0;0;0;1;0;0;1;-25,475283;-49,720633;"SPRF-PR";"DEL01-PR";"UOP06-DEL01-PR"
136714;2018-05-29;"terça-feira";"01:55:00";"RS";290;88,7;"PORTO ALEGRE";"Mal Súbito";"Saída de leito carroçável";"Com Vítimas Fatais";"Plena Noite";"Decrescente";"Céu Claro";"Dupla";"Reta";"Não";5;1;3;0;1;0;3;1;-29,9678291;-51,1444848;"SPRF-RS";"DEL01-RS";"UOP01-DEL01-RS"
136715;2018-05-29;"terça-feira";"01:00:00";"PI";343;562;"FLORIANO";"Animais na Pista";"Atropelamento de Animal";"Sem Vítimas";"Plena Noite";"Decrescente";"Céu Claro";"Simples";"Declive";"Não";3;0;0;0;3;0;0;1;-6,668158;-42,902683;"SPRF-PI";"DEL03-PI";"UOP01-DEL03-PI"
136716;2018-05-01;"terça-feira";"18:40:00";"RS";101;82,1;"OSORIO";"Falta de Atenção do Pedestre";"Atropelamento de Pedestre";"Com Vítimas Fatais";"Plena Noite";"Crescente";"Garoa/Chuvisco";"Dupla";"Curva";"Não";2;1;0;0;1;0;0;2;-29,84751282;-50,24514019;"SPRF-RS";"DEL03-RS";"UOP01-DEL03-RS"
136717;2018-05-28;"segunda-feira";"23:30:00";"BA";101;136,4;"TEODORO SAMPAIO";"Animais na Pista";"Atropelamento de Animal";"Sem Vítimas";"Plena Noite";"Decrescente";"Nublado";"Simples";"Reta";"Não";1;0;0;0;1;0;0;1;-12,21640913;-38,61841016;"SPRF-BA";"DEL01-BA";"UOP04-DEL01-BA"
136718;2018-05-29;"terça-feira";"00:20:00";"MS";267;529;"BELA VISTA";"Falta de Atenção à Condução";"Capotamento";"Com Vítimas Feridas";"Plena Noite";"Crescente";"Céu Claro";"Simples";"Reta";"Não";1;0;1;0;0;0;1;1;-21,53587;-56,5641;"SPRF-MS";"DEL05-MS";"UOP01-DEL05-MS"
136720;2018-05-08;"terça-feira";"16:15:00";"RS";290;60,3;"GRAVATAI";"Desobediência às normas de trânsito pelo condutor";"Tombamento";"Com Vítimas Feridas";"Pleno dia";"Crescente";"Sol";"Dupla";"Reta";"Não";2;0;2;0;0;0;2;1;-29,924509;-50,858528;"SPRF-RS";"DEL03-RS";"UOP02-DEL03-RS"
136721;2018-05-29;"terça-feira";"04:30:00";"PE";101;54,8;"RECIFE";"Desobediência às normas de trânsito pelo condutor";"Saída de leito carroçável";"Com Vítimas Feridas";"Plena Noite";"Decrescente";"Chuva";"Múltipla";"Declive";"Não";1;0;1;0;0;0;1;1;-7,9487;-34,907;"SPRF-PE";"DEL01-PE";"UOP02-DEL01-PE"
136722;2018-05-28;"segunda-feira";"18:00:00";"PR";373;173;"PONTA GROSSA";"Animais na Pista";"Atropelamento de Animal";"Com Vítimas Feridas";"Plena Noite";"Crescente";"Céu Claro";"Dupla";"Reta";"Sim";3;0;2;0;0;1;2;3;-25,08049745;-50,20111442;"SPRF-PR";"DEL03-PR";"UOP01-DEL03-PR"
136723;2018-05-29;"terça-feira";"05:30:00";"ES";101;299,5;"VIANA";"Animais na Pista";"Atropelamento de Animal";"Com Vítimas Feridas";"Amanhecer";"Crescente";"Chuva";"Dupla";"Curva";"Sim";1;0;1;0;0;0;1;1;-20,35748252;-40,42880405;"SPRF-ES";"DEL01-ES";"UOP01-DEL01-ES"
136724;2018-05-29;"terça-feira";"05:45:00";"PE";101;67;"RECIFE";"Desobediência às normas de trânsito pelo condutor";"Colisão transversal";"Com Vítimas Feridas";"Amanhecer";"Decrescente";"Céu Claro";"Múltipla";"Reta";"Sim";2;0;0;1;1;0;1;2;-8,04204145;-34,94283199;"SPRF-PE";"DEL01-PE";"UOP01-DEL01-PE"
136725;2018-05-29;"terça-feira";"06:00:00";"CE";116;6;"FORTALEZA";"Desobediência às normas de trânsito pelo condutor";"Colisão transversal";"Com Vítimas Feridas";"Pleno dia";"Crescente";"Céu Claro";"Múltipla";"Reta";"Sim";2;0;1;0;1;0;1;2;-3,81236895;-38,50085628;"SPRF-CE";"DEL01-CE";"UOP02-DEL01-CE"
136726;2018-05-29;"terça-feira";"06:38:00";"PR";277;590;"CASCAVEL";"Falta de Atenção à Condução";"Colisão traseira";"Com Vítimas Feridas";"Amanhecer";"Crescente";"Céu Claro";"Simples";"Reta";"Sim";2;0;1;0;1;0;1;2;-24,98138724;-53,45611999;"SPRF-PR";"DEL04-PR";"UOP01-DEL04-PR"
136729;2018-05-29;"terça-feira";"06:37:00";"ES";101;144;"LINHARES";"Defeito Mecânico no Veículo";"Colisão traseira";"Com Vítimas Feridas";"Pleno dia";"Crescente";"Céu Claro";"Múltipla";"Reta";"Sim";6;0;3;1;2;0;4;4;-19,37244043;-40,06584597;"SPRF-ES";"DEL04-ES";"UOP01-DEL04-ES"
136730;2018-05-29;"terça-feira";"07:20:00";"BA";324;623;"SALVADOR";"Defeito Mecânico no Veículo";"Queda de ocupante de veículo";"Com Vítimas Feridas";"Pleno dia";"Crescente";"Céu Claro";"Múltipla";"Reta";"Não";2;0;2;0;0;0;2;1;-12,93469438;-38,47064186;"SPRF-BA";"DEL01-BA";"UOP01-DEL01-BA"
136732;2018-05-29;"terça-feira";"07:45:00";"RS";116;260;"CANOAS";"Não guardar distância de segurança";"Colisão traseira";"Com Vítimas Feridas";"Pleno dia";"Crescente";"Sol";"Dupla";"Reta";"Sim";2;0;1;0;1;0;1;2;-29,87571329;-51,1802404;"SPRF-RS";"DEL01-RS";"UOP01-DEL01-RS"
136734;2018-05-29;"terça-feira";"08:00:00";"MG";153;243,5;"FRONTEIRA";"Desobediência às normas de trânsito pelo condutor";"Colisão transversal";"Com Vítimas Feridas";"Pleno dia";"Decrescente";"Céu Claro";"Simples";"Retorno Regulamentado";"Sim";3;0;1;0;2;0;1;2;-20,28064316;-49,19389665;"SPRF-MG";"DEL13-MG";"UOP02-DEL13-MG"
136736;2018-05-29;"terça-feira";"07:50:00";"RN";226;1,8;"NATAL";"Falta de Atenção à Condução";"Colisão lateral";"Com Vítimas Feridas";"Pleno dia";"Decrescente";"Sol";"Dupla";"Curva";"Sim";3;0;2;0;1;0;2;2;-5,806421;-35,241673;"SPRF-RN";"DEL01-RN";"UOP02-DEL01-RN"
136737;2018-05-29;"terça-feira";"08:20:00";"RJ";116;173;"MESQUITA";"Falta de Atenção à Condução";"Colisão traseira";"Com Vítimas Feridas";"Pleno dia";"Decrescente";"Céu Claro";"Múltipla";"Reta";"Sim";9;0;7;0;2;0;7;2;-22,770891;-43,407195;"SPRF-RJ";"DEL01-RJ";"UOP02-DEL01-RJ"
136740;2018-05-29;"terça-feira";"07:45:00";"MS";262;326,6;"CAMPO GRANDE";"Falta de Atenção à Condução";"Colisão transversal";"Com Vítimas Feridas";"Pleno dia";"Decrescente";"Céu Claro";"Dupla";"Reta";"Sim";2;0;1;1;0;0;2;2;-20,467406;-54,540453;"SPRF-MS";"DEL01-MS";"UOP01-DEL01-MS"
136741;2018-04-24;"terça-feira";"02:50:00";"SP";381;52,2;"ATIBAIA";"Condutor Dormindo";"Colisão traseira";"Com Vítimas Feridas";"Plena Noite";"Crescente";"Céu Claro";"Dupla";"Reta";"Não";2;0;1;1;0;0;2;1;-23,23096501;-46,60058141;"SPRF-SP";"DEL03-SP";"UOP01-DEL03-SP"
136744;2018-05-29;"terça-feira";"01:00:00";"SC";280;231;"CANOINHAS";"Ingestão de Álcool";"Colisão com objeto estático";"Sem Vítimas";"Plena Noite";"Crescente";"Nevoeiro/Neblina";"Simples";"Rotatória";"Não";1;0;0;0;1;0;0;1;-26,189304;-50,371712;"SPRF-SC";"DEL06-SC";"UOP04-DEL06-SC"
136745;2018-05-29;"terça-feira";"09:20:00";"SP";262;319;"CASTILHO";"Falta de Atenção à Condução";"Colisão com objeto estático";"Com Vítimas Feridas";"Pleno dia";"Crescente";"Céu Claro";"Dupla";"Curva";"Não";2;0;2;0;0;0;2;1;-20,77922;-51,59421;"SPRF-MS";"DEL07-MS";"UOP01-DEL07-MS"
136747;2018-05-29;"terça-feira";"12:00:00";"PE";232;254;"ARCOVERDE";"Falta de Atenção à Condução";"Colisão transversal";"Com Vítimas Feridas";"Pleno dia";"Decrescente";"Sol";"Simples";"Reta";"Sim";2;0;0;1;1;0;1;2;-8,42773242;-37,06949396;"SPRF-PE";"DEL03-PE";"UOP02-DEL03-PE"
136748;2018-05-29;"terça-feira";"11:10:00";"SC";470;264,4;"CURITIBANOS";"Desobediência às normas de trânsito pelo condutor";"Colisão transversal";"Com Vítimas Feridas";"Pleno dia";"Crescente";"Céu Claro";"Simples";"Reta";"Não";3;0;1;1;1;0;2;2;-27,303293;-50,711567;"SPRF-SC";"DEL05-SC";"UOP03-DEL05-SC"
136749;2018-05-05;"sábado";"18:46:00";"PR";376;207,4;"MANDAGUARI";"Falta de Atenção à Condução";"Atropelamento de Pedestre";"Com Vítimas Feridas";"Anoitecer";"Crescente";"Ignorado";"Simples";"Reta";"Sim";3;0;2;0;1;0;2;2;-23,51716028;-51,68515742;"SPRF-PR";"DEL07-PR";"UOP01-DEL09-PR"
136750;2018-05-29;"terça-feira";"12:30:00";"PE";101;64;"RECIFE";"Falta de Atenção à Condução";"Colisão lateral";"Com Vítimas Feridas";"Pleno dia";"Decrescente";"Céu Claro";"Simples";"Reta";"Sim";2;0;0;1;1;0;1;2;-8,02111883;-34,9426439;"SPRF-PE";"DEL01-PE";"UOP01-DEL01-PE"
136751;2018-05-29;"terça-feira";"12:00:00";"SP";116;282,6;"EMBU DAS ARTES";"Falta de Atenção à Condução";"Saída de leito carroçável";"Sem Vítimas";"Pleno dia";"Decrescente";"Sol";"Dupla";"Reta";"Sim";2;0;0;0;2;0;0;1;-23,66402182;-46,85397506;"SPRF-SP";"DEL04-SP";"UOP01-DEL04-SP"
136752;2018-05-29;"terça-feira";"11:40:00";"SP";116;21,8;"LAVRINHAS";"Falta de Atenção à Condução";"Queda de ocupante de veículo";"Com Vítimas Feridas";"Pleno dia";"Crescente";"Sol";"Simples";"Curva";"Não";1;0;1;0;0;0;1;1;-22,58136354;-44,87846375;"SPRF-SP";"DEL08-SP";"UOP02-DEL08-SP"
136753;2018-05-29;"terça-feira";"12:00:00";"CE";116;38;"HORIZONTE";"Não guardar distância de segurança";"Colisão traseira";"Sem Vítimas";"Pleno dia";"Crescente";"Céu Claro";"Múltipla";"Reta";"Sim";2;0;0;0;2;0;0;2;-4,08061684;-38,49922121;"SPRF-CE";"DEL01-CE";"UOP02-DEL01-CE"
136754;2018-05-05;"sábado";"19:30:00";"RS";386;376,6;"PAVERAMA";"Velocidade Incompatível";"Saída de leito carroçável";"Com Vítimas Feridas";"Plena Noite";"Decrescente";"Nublado";"Dupla";"Curva";"Não";1;0;1;0;0;0;1;1;-29,62450406;-51,77581787;"SPRF-RS";"DEL04-RS";"UOP02-DEL04-RS"
136755;2018-05-29;"terça-feira";"13:15:00";"MG";381;349;"JOAO MONLEVADE";"Ingestão de Substâncias Psicoativas";"Saída de leito carroçável";"Com Vítimas Feridas";"Pleno dia";"Decrescente";"Céu Claro";"Simples";"Reta";"Não";1;0;1;0;0;0;1;1;-19,8563367;-43,11026573;"SPRF-MG";"DEL03-MG";"UOP01-DEL03-MG"
136756;2018-05-29;"terça-feira";"13:25:00";"MG";40;549;"NOVA LIMA";"Não guardar distância de segurança";"Saída de leito carroçável";"Com Vítimas Feridas";"Pleno dia";"Crescente";"Céu Claro";"Dupla";"Curva";"Sim";1;0;1;0;0;0;1;1;-20,0474;-43,9642;"SPRF-MG";"DEL01-MG";"UOP02-DEL01-MG"
136758;2018-05-29;"terça-feira";"14:00:00";"SC";282;220;"LAGES";"Desobediência às normas de trânsito pelo condutor";"Colisão lateral";"Com Vítimas Feridas";"Pleno dia";"Decrescente";"Céu Claro";"Simples";"Curva;Declive";"Não";2;0;1;0;1;0;1;2;-27,794014;-50,33363;"SPRF-SC";"DEL05-SC";"UOP01-DEL05-SC"
136759;2018-05-29;"terça-feira";"14:05:00";"PI";343;4;"TERESINA";"Não guardar distância de segurança";"Colisão traseira";"Com Vítimas Feridas";"Pleno dia";"Crescente";"Céu Claro";"Múltipla";"Reta";"Sim";2;0;1;0;1;0;1;2;-5,08016139;-42,78630316;"SPRF-PI";"DEL01-PI";"UOP01-DEL01-PI"
136760;2018-05-29;"terça-feira";"14:00:00";"AL";101;39,8;"JOAQUIM GOMES";"Falta de Atenção à Condução";"Saída de leito carroçável";"Com Vítimas Fatais";"Pleno dia";"Decrescente";"Céu Claro";"Dupla";"Curva";"Não";3;1;0;2;0;0;2;1;-9,156646;-35,768105;"SPRF-AL";"DEL01-AL";"UOP01-DEL01-AL"
136761;2018-05-29;"terça-feira";"14:00:00";"PA";316;2,5;"ANANINDEUA";"Não guardar distância de segurança";"Colisão traseira";"Com Vítimas Feridas";"Pleno dia";"Decrescente";"Céu Claro";"Dupla";"Reta";"Sim";3;0;2;0;1;0;2;2;-1,39307719;-48,41872215;"SPRF-PA";"DEL01-PA";"DEL19/1-UOP05/PA"
136762;2018-05-13;"domingo";"20:50:00";"RS";285;455,4;"IJUI";"Desobediência às normas de trânsito pelo condutor";"Colisão transversal";"Com Vítimas Feridas";"Plena Noite";"Crescente";"Céu Claro";"Simples";"Interseção de Vias";"Sim";2;0;1;0;1;0;1;2;-28,38482989;-53,88777913;"SPRF-RS";"DEL10-RS";"UOP01-DEL10-RS"
136763;2018-05-29;"terça-feira";"15:15:00";"RN";406;132,2;"TAIPU";"Falta de Atenção à Condução";"Colisão frontal";"Com Vítimas Feridas";"Pleno dia";"Crescente";"Céu Claro";"Simples";"Curva";"Não";4;0;3;0;1;0;3;3;-5,65291222;-35,57995521;"SPRF-RN";"DEL02-RN";"UOP01-DEL02-RN"
136764;2018-05-29;"terça-feira";"15:15:00";"CE";116;3;"FORTALEZA";"Ingestão de álcool e/ou substâncias psicoativas pelo pedestre";"Atropelamento de Pedestre";"Com Vítimas Feridas";"Pleno dia";"Crescente";"Céu Claro";"Múltipla";"Reta";"Sim";2;0;0;1;0;1;1;2;-3,7770555;-38,515415;"SPRF-CE";"DEL01-CE";"UOP02-DEL01-CE"
136765;2018-05-29;"terça-feira";"14:50:00";"PE";101;30;"IGARASSU";"Não guardar distância de segurança";"Colisão traseira";"Com Vítimas Feridas";"Pleno dia";"Crescente";"Sol";"Dupla";"Declive";"Não";3;0;3;0;0;0;3;2;-7,7457;-34,9381;"SPRF-PE";"DEL01-PE";"UOP02-DEL01-PE"
136766;2018-05-11;"sexta-feira";"13:00:00";"RS";287;398,8;"SANTIAGO";"Defeito na Via";"Queda de ocupante de veículo";"Com Vítimas Feridas";"Pleno dia";"Decrescente";"Nublado";"Simples";"Declive";"Sim";1;0;0;1;0;0;1;1;-29,171671;-54,857811;"SPRF-RS";"DEL12-RS";"UOP02-DEL12-RS"
136767;2018-05-29;"terça-feira";"16:05:00";"ES";101;303,8;"VIANA";"Desobediência às normas de trânsito pelo condutor";"Colisão frontal";"Com Vítimas Feridas";"Pleno dia";"Crescente";"Sol";"Múltipla";"Reta";"Sim";3;0;0;1;2;0;1;2;-20,37790036;-40,44883847;"SPRF-ES";"DEL01-ES";"UOP01-DEL01-ES"
136768;2018-05-29;"terça-feira";"15:50:00";"RJ";101;71;"CAMPOS DOS GOYTACAZES";"Falta de Atenção à Condução";"Colisão transversal";"Com Vítimas Feridas";"Pleno dia";"Crescente";"Céu Claro";"Simples";"Reta";"Não";2;0;1;0;1;0;1;2;-21,77779705;-41,36738241;"SPRF-RJ";"DEL08-RJ";"UOP02-DEL08-RJ"
136769;2018-05-29;"terça-feira";"11:30:00";"TO";153;334;"GUARAI";"Falta de Atenção à Condução";"Colisão lateral";"Com Vítimas Feridas";"Pleno dia";"Decrescente";"Céu Claro";"Simples";"Reta";"Sim";2;0;1;0;1;0;1;2;-8,835769;-48,512123;"SPRF-TO";"DEL02-TO";"UOP02-DEL02-TO"
136770;2018-05-29;"terça-feira";"17:00:00";"BA";101;719;"EUNAPOLIS";"Falta de Atenção à Condução";"Colisão lateral";"Com Vítimas Feridas";"Pleno dia";"Decrescente";"Céu Claro";"Simples";"Reta";"Sim";2;0;2;0;0;0;2;2;-16,3807;-39,5834;"SPRF-BA";"DEL09-BA";"UOP01-DEL09-BA"
136772;2018-05-10;"quinta-feira";"18:15:00";"RS";392;49;"RIO GRANDE";"Defeito Mecânico no Veículo";"Incêndio";"Sem Vítimas";"Plena Noite";"Crescente";"Céu Claro";"Dupla";"Reta";"Não";1;0;0;0;1;0;0;1;-31,88490057;-52,32016683;"SPRF-RS";"DEL07-RS";"UOP02-DEL07-RS"
136773;2018-05-15;"terça-feira";"10:30:00";"PB";101;63;"SANTA RITA";"Pista Escorregadia";"Colisão com objeto estático";"Sem Vítimas";"Pleno dia";"Decrescente";"Chuva";"Dupla";"Curva";"Não";1;0;0;0;1;0;0;1;-7,0288718;-35,0579584;"SPRF-PB";"DEL01-PB";"UOP04-DEL01-PB"
136774;2018-05-29;"terça-feira";"17:50:00";"BA";116;421;"FEIRA DE SANTANA";"Falta de Atenção à Condução";"Colisão lateral";"Sem Vítimas";"Plena Noite";"Crescente";"Nublado";"Simples";"Rotatória";"Sim";3;0;0;0;3;0;0;2;-12,22982727;-38,96457341;"SPRF-BA";"DEL02-BA";"UOP01-DEL02-BA"
136776;2018-05-29;"terça-feira";"18:00:00";"RJ";495;24;"PETROPOLIS";"Ingestão de Álcool";"Colisão com objeto estático";"Sem Vítimas";"Plena Noite";"Crescente";"Céu Claro";"Simples";"Curva";"Não";1;0;0;0;1;0;0;1;-22,41293286;-43,09833527;"SPRF-RJ";"DEL06-RJ";"UOP02-DEL05-RJ"
136779;2018-05-29;"terça-feira";"19:03:00";"GO";60;49;"APARECIDA DE GOIANIA";"Ingestão de Álcool";"Colisão lateral";"Com Vítimas Feridas";"Plena Noite";"Decrescente";"Céu Claro";"Dupla";"Reta";"Não";2;0;1;1;0;0;2;2;-16,8101;-49,2397;"SPRF-GO";"DEL02-GO";"UOP01-DEL02-GO"
136780;2018-05-29;"terça-feira";"18:45:00";"PA";316;1;"BELEM";"Desobediência às normas de trânsito pelo condutor";"Colisão lateral";"Com Vítimas Feridas";"Plena Noite";"Decrescente";"Céu Claro";"Múltipla";"Reta";"Sim";2;0;1;0;1;0;1;2;-1,40176496;-48,42769682;"SPRF-PA";"DEL01-PA";"DEL19/1-UOP05/PA"
136781;2018-05-29;"terça-feira";"18:35:00";"PA";222;242;"MARABA";"Falta de Atenção à Condução";"Colisão transversal";"Com Vítimas Feridas";"Plena Noite";"Decrescente";"Céu Claro";"Dupla";"Reta";"Não";2;0;1;0;1;0;1;2;-5,331903;-49,085217;"SPRF-PA";"DEL03-PA";"UOP01-DEL03-PA"
136782;2018-05-29;"terça-feira";"19:20:00";"PR";369;159,4;"CAMBE";"Não guardar distância de segurança";"Colisão traseira";"Com Vítimas Feridas";"Plena Noite";"Crescente";"Céu Claro";"Dupla";"Declive";"Sim";3;0;2;0;1;0;2;2;-23,28286942;-51,24906842;"SPRF-PR";"DEL07-PR";"UOP01-DEL07-PR"
136784;2018-05-29;"terça-feira";"18:20:00";"MS";163;261,2;"DOURADOS";"Falta de Atenção à Condução";"Colisão traseira";"Com Vítimas Feridas";"Plena Noite";"Crescente";"Céu Claro";"Dupla";"Reta";"Não";2;0;0;1;0;1;1;2;-22,23806131;-54,76347685;"SPRF-MS";"DEL04-MS";"UOP01-DEL04-MS"