"id";"data_inversa";"dia_semana";"horario";"uf";"br";"km";"municipio";"causa_acidente";"tipo_acidente";"classificacao_acidente";"fase_dia";"sentido_via";"condicao_metereologica";"tipo_pista";"tracado_via";"uso_solo";"pessoas";"mortos";"feridos_leves";"feridos_graves";"ilesos";"ignorados";"feridos";"veiculos";"latitude";"longitude";"regional";"delegacia";"uop"
136786;2018-05-29;"terça-feira";"19:18:00";"ES";101;286,8;"CARIACICA";"Falta de Atenção à Condução";"Colisão traseira";"Com Vítimas Feridas";"Plena Noite";"Crescente";"Céu Claro";"Dupla";"Curva";"Sim";3;0;0;1;2;0;1;3;-20,26533734;-40,38527012;"SPRF-ES";"DEL01-ES";"UOP01-DEL01-ES"
136787;2018-05-29;"terça-feira";"20:20:00";"PR";376;182,5;"SARANDI";"Falta de Atenção à Condução";"Colisão traseira";"Com Vítimas Feridas";"Plena Noite";"Crescente";"Céu Claro";"Dupla";"Interseção de Vias";"Sim";2;0;0;1;1;0;1;2;-23,43639536;-51,87971592;"SPRF-PR";"DEL07-PR";"UOP01-DEL09-PR"
136788;2018-05-29;"terça-feira";"16:30:00";"MG";50;174;"UBERABA";"Desobediência às normas de trânsito pelo pedestre";"Atropelamento de Pedestre";"Com Vítimas Feridas";"Pleno dia";"Decrescente";"Céu Claro";"Dupla";"Reta;Viaduto";"Sim";3;0;0;1;0;2;1;2;-19,77195373;-47,97313213;"SPRF-MG";"DEL13-MG";"UOP01-DEL13-MG"
136791;2018-05-29;"terça-feira";"19:10:00";"RS";285;116;"VACARIA";"Falta de Atenção do Pedestre";"Atropelamento de Pedestre";"Com Vítimas Feridas";"Plena Noite";"Crescente";"Céu Claro";"Simples";"Curva";"Não";2;0;0;1;1;0;1;2;-28,51284026;-50,89652538;"SPRF-RS";"DEL05-RS";"UOP03-DEL05-RS"
136792;2018-05-29;"terça-feira";"19:40:00";"SP";153;61;"SAO JOSE DO RIO PRETO";"Falta de Atenção do Pedestre";"Atropelamento de Pedestre";"Com Vítimas Feridas";"Plena Noite";"Decrescente";"Céu Claro";"Dupla";"Reta";"Sim";2;0;1;0;1;0;1;2;-20,805029;-49,355747;"SPRF-SP";"DEL09-SP";"UOP01-DEL09-SP"
136793;2018-04-29;"domingo";"12:50:00";"AM";174;978;"PRESIDENTE FIGUEIREDO";"Falta de Atenção à Condução";"Saída de leito carroçável";"Com Vítimas Feridas";"Pleno dia";"Crescente";"Chuva";"Simples";"Reta";"Não";3;0;1;2;0;0;3;1;-2,089553;-60,001007;"SPRF-AM";"DEL01-AM";"UOP02-DEL01-AM"
136794;2018-05-29;"terça-feira";"20:40:00";"RJ";101;430;"ANGRA DOS REIS";"Desobediência às normas de trânsito pelo condutor";"Colisão frontal";"Com Vítimas Feridas";"Plena Noite";"Decrescente";"Céu Claro";"Simples";"Reta";"Sim";3;0;0;2;0;1;2;3;-22,9926928;-44,2470322;"SPRF-RJ";"DEL03-RJ";"UOP01-DEL03-RJ"
136796;2018-05-29;"terça-feira";"20:30:00";"RJ";116;178,2;"NOVA IGUACU";"Falta de Atenção do Pedestre";"Atropelamento de Pedestre";"Sem Vítimas";"Plena Noite";"Crescente";"Céu Claro";"Múltipla";"Reta";"Sim";2;0;0;0;1;1;0;2;-22,74622446;-43,44611552;"SPRF-RJ";"DEL01-RJ";"UOP02-DEL01-RJ"
136797;2018-04-18;"quarta-feira";"15:30:00";"RO";364;713;"PORTO VELHO";"Velocidade Incompatível";"Colisão traseira";"Com Vítimas Feridas";"Pleno dia";"Crescente";"Céu Claro";"Dupla";"Em Obras";"Sim";5;0;2;1;2;0;3;2;-8,7728844;-63,88490796;"SPRF-RO";"DEL01-RO";"UOP01-DEL01-RO"
136798;2018-05-29;"terça-feira";"22:00:00";"BA";101;206;"GOVERNADOR MANGABEIRA";"Restrição de Visibilidade";"Colisão traseira";"Com Vítimas Feridas";"Plena Noite";"Crescente";"Garoa/Chuvisco";"Simples";"Reta";"Não";2;0;1;0;1;0;1;2;-12,51710581;-39,04644493;"SPRF-BA";"DEL01-BA";"UOP03-DEL01-BA"
136799;2018-05-29;"terça-feira";"22:30:00";"RJ";116;143;"DUQUE DE CAXIAS";"Falta de Atenção à Condução";"Colisão frontal";"Com Vítimas Feridas";"Plena Noite";"Decrescente";"Céu Claro";"Dupla";"Reta";"Não";3;0;1;0;2;0;1;2;-22,652384;-43,239201;"SPRF-RJ";"DEL04-RJ";"UOP02-DEL04-RJ"
136801;2018-05-29;"terça-feira";"18:25:00";"SC";280;306,3;"PORTO UNIAO";"Falta de Atenção à Condução";"Colisão transversal";"Com Vítimas Feridas";"Anoitecer";"Decrescente";"Nublado";"Simples";"Reta";"Sim";3;0;1;1;0;1;2;3;-26,296299;-50,915482;"SPRF-SC";"DEL06-SC";"UOP04-DEL06-SC"
136802;2018-04-15;"domingo";"00:30:00";"PR";277;97;"CURITIBA";"Falta de Atenção à Condução";"Colisão traseira";"Com Vítimas Feridas";"Plena Noite";"Crescente";"Ignorado";"Dupla";"Reta";"Sim";2;0;1;0;1;0;1;2;-25,43180317;-49,35447514;"SPRF-PR";"DEL01-PR";"UOP06-DEL01-PR"
136803;2018-05-29;"terça-feira";"22:30:00";"MG";365;757,7;"ITUIUTABA";"Falta de Atenção à Condução";"Tombamento";"Com Vítimas Feridas";"Plena Noite";"Crescente";"Céu Claro";"Simples";"Reta";"Não";1;0;0;1;0;0;1;1;-18,96597821;-49,49441303;"SPRF-MG";"DEL15-MG";"UOP03-DEL15-MG"
136804;2018-05-29;"terça-feira";"23:20:00";"PE";101;70;"RECIFE";"Defeito na Via";"Tombamento";"Com Vítimas Feridas";"Plena Noite";"Decrescente";"Céu Claro";"Dupla";"Declive;Viaduto";"Sim";1;0;0;1;0;0;1;1;-8,0643392;-34,9437815;"SPRF-PE";"DEL01-PE";"UOP01-DEL01-PE"
136806;2018-05-30;"quarta-feira";"01:50:00";"PE";232;6,6;"RECIFE";"Falta de Atenção do Pedestre";"Atropelamento de Pedestre";"Com Vítimas Fatais";"Plena Noite";"Decrescente";"Nublado";"Dupla";"Reta";"Não";2;1;0;0;0;1;0;2;-8,072657;-34,959331;"SPRF-PE";"DEL01-PE";"UOP01-DEL01-PE"
136808;2018-05-30;"quarta-feira";"01:40:00";"PA";316;11;"MARITUBA";"Agressão Externa";"Colisão com objeto estático";"Com Vítimas Feridas";"Plena Noite";"Decrescente";"Nublado";"Simples";"Reta";"Sim";2;0;1;0;0;1;1;1;-1,362102;-48,3688931;"SPRF-PA";"DEL01-PA";"DEL19/1-UOP05/PA"
136809;2018-05-30;"quarta-feira";"02:21:00";"RS";116;487,9;"PELOTAS";"Velocidade Incompatível";"Saída de leito carroçável";"Com Vítimas Fatais";"Plena Noite";"Crescente";"Céu Claro";"Simples";"Reta";"Não";1;1;0;0;0;0;0;1;-31,45366;-52,205971;"SPRF-RS";"DEL07-RS";"UOP01-DEL07-RS"
136811;2018-05-30;"quarta-feira";"02:30:00";"MA";316;547,4;"CAXIAS";"Animais na Pista";"Queda de ocupante de veículo";"Com Vítimas Fatais";"Plena Noite";"Crescente";"Céu Claro";"Simples";"Reta";"Não";1;1;0;0;0;0;0;1;-4,8812411;-43,38504553;"SPRF-MA";"DEL03-MA";"UOP02-DEL03-MA"
136812;2018-05-29;"terça-feira";"09:00:00";"MA";135;7,8;"SAO LUIS";"Falta de Atenção à Condução";"Colisão transversal";"Com Vítimas Feridas";"Pleno dia";"Crescente";"Céu Claro";"Dupla";"Declive";"Sim";3;0;1;0;1;1;1;2;-2,64055249;-44,27172124;"SPRF-MA";"DEL01-MA";"UOP01-DEL01-MA"
136814;2018-05-30;"quarta-feira";"06:30:00";"DF";20;8;"BRASILIA";"Falta de Atenção do Pedestre";"Atropelamento de Pedestre";"Com Vítimas Feridas";"Pleno dia";"Decrescente";"Céu Claro";"Dupla";"Reta";"Sim";3;0;1;0;2;0;1;2;-15,7942287;-47,8821658;"SPRF-DF";"DEL02-DF";"UOP01-DEL02-DF"
136817;2018-05-30;"quarta-feira";"06:40:00";"SP";116;148,3;"SAO JOSE DOS CAMPOS";"Falta de Atenção à Condução";"Engavetamento";"Com Vítimas Feridas";"Pleno dia";"Decrescente";"Céu Claro";"Dupla";"Reta";"Sim";3;0;1;0;2;0;1;3;-23,200743;-45,879574;"SPRF-SP";"DEL02-SP";"UOP01-DEL02-SP"
136818;2018-05-30;"quarta-feira";"06:40:00";"MS";262;383,9;"TERENOS";"Mal Súbito";"Saída de leito carroçável";"Com Vítimas Feridas";"Pleno dia";"Crescente";"Céu Claro";"Simples";"Reta";"Não";3;0;1;0;0;2;1;2;-20,4214454;-54,95092;"SPRF-MS";"DEL01-MS";"UOP03-DEL01-MS"
136819;2018-05-30;"quarta-feira";"07:50:00";"GO";40;2;"VALPARAISO DE GOIAS";"Falta de Atenção à Condução";"Colisão transversal";"Com Vítimas Feridas";"Pleno dia";"Decrescente";"Céu Claro";"Simples";"Reta";"Sim";2;0;0;1;1;0;1;2;-16,067129;-47,984235;"SPRF-DF";"DEL01-DF";"UOP01-DEL01-DF"
136820;2018-05-30;"quarta-feira";"06:30:00";"RN";101;96,8;"NATAL";"Desobediência às normas de trânsito pelo condutor";"Colisão traseira";"Com Vítimas Feridas";"Pleno dia";"Crescente";"Céu Claro";"Múltipla";"Interseção de Vias";"Sim";2;0;1;0;1;0;1;2;-5,85014554;-35,20957399;"SPRF-RN";"DEL01-RN";"UOP01-DEL01-RN"
136821;2018-05-20;"domingo";"17:23:00";"ES";101;287,1;"CARIACICA";"Falta de Atenção do Pedestre";"Atropelamento de Pedestre";"Com Vítimas Fatais";"Anoitecer";"Crescente";"Nublado";"Dupla";"Reta";"Sim";5;1;0;0;1;3;0;3;-20,2656041;-40,3854451;"SPRF-ES";"DEL01-ES";"UOP01-DEL01-ES"
136824;2018-05-30;"quarta-feira";"07:15:00";"RO";364;696;"PORTO VELHO";"Desobediência às normas de trânsito pelo condutor";"Colisão transversal";"Com Vítimas Feridas";"Pleno dia";"Decrescente";"Céu Claro";"Dupla";"Curva";"Sim";2;0;0;1;1;0;1;2;-8,80068525;-63,78619194;"SPRF-RO";"DEL01-RO";"UOP01-DEL01-RO"
136826;2018-05-11;"sexta-feira";"05:00:00";"PE";232;134;"CARUARU";"Animais na Pista";"Queda de ocupante de veículo";"Com Vítimas Feridas";"Amanhecer";"Crescente";"Ignorado";"Dupla";"Reta";"Sim";1;0;1;0;0;0;1;1;-8,299833;-35,989662;"SPRF-PE";"DEL02-PE";"UOP03-DEL02-PE"
136828;2018-05-10;"quinta-feira";"20:20:00";"RS";290;122,5;"ELDORADO DO SUL";"Desobediência às normas de trânsito pelo condutor";"Saída de leito carroçável";"Sem Vítimas";"Plena Noite";"Crescente";"Céu Claro";"Simples";"Reta";"Não";3;0;0;0;3;0;0;1;-30,052313;-51,428188;"SPRF-RS";"DEL02-RS";"UOP01-DEL02-RS"
136830;2018-05-30;"quarta-feira";"08:50:00";"PB";230;24,9;"JOAO PESSOA";"Falta de Atenção à Condução";"Colisão lateral";"Com Vítimas Feridas";"Pleno dia";"Crescente";"Sol";"Múltipla";"Curva";"Sim";3;0;2;0;0;1;2;2;-7,17072337;-34,86723661;"SPRF-PB";"DEL01-PB";"UOP01-DEL01-PB"
136833;2018-05-29;"terça-feira";"07:30:00";"MG";153;109,7;"PRATA";"Condutor Dormindo";"Saída de leito carroçável";"Sem Vítimas";"Pleno dia";"Crescente";"Céu Claro";"Simples";"Reta";"Não";1;0;0;0;0;1;0;1;-19,31068266;-48,9070639;"SPRF-MG";"DEL15-MG";"UOP03-DEL15-MG"
136834;2018-05-30;"quarta-feira";"10:43:00";"RJ";101;82,9;"CAMPOS DOS GOYTACAZES";"Velocidade Incompatível";"Colisão frontal";"Com Vítimas Fatais";"Pleno dia";"Decrescente";"Nublado";"Simples";"Reta";"Não";4;1;1;2;0;0;3;2;-21,82344686;-41,45811349;"SPRF-RJ";"DEL08-RJ";"UOP02-DEL08-RJ"
136836;2018-05-30;"quarta-feira";"10:30:00";"RJ";356;82;"ITALVA";"Pista Escorregadia";"Saída de leito carroçável";"Com Vítimas Feridas";"Pleno dia";"Crescente";"Ignorado";"Simples";"Aclive";"Não";1;0;1;0;0;0;1;1;-21,47125112;-41,6737175;"SPRF-RJ";"DEL08-RJ";"UOP03-DEL08-RJ"
136837;2018-05-30;"quarta-feira";"09:10:00";"RO";364;517,9;"ARIQUEMES";"Desobediência às normas de trânsito pelo condutor";"Tombamento";"Com Vítimas Feridas";"Pleno dia";"Crescente";"Céu Claro";"Múltipla";"Reta";"Sim";1;0;1;0;0;0;1;1;-9,89883771;-63,05605978;"SPRF-RO";"DEL03-RO";"UOP01-DEL03-RO"
136839;2018-05-30;"quarta-feira";"11:05:00";"BA";242;788;"BARREIRAS";"Falta de Atenção à Condução";"Colisão transversal";"Com Vítimas Feridas";"Pleno dia";"Crescente";"Céu Claro";"Simples";"Interseção de Vias";"Não";2;0;1;0;1;0;1;2;-12,11761728;-44,95305598;"SPRF-BA";"DEL10-BA";"UOP01-DEL10-BA"
136842;2018-05-30;"quarta-feira";"11:30:00";"BA";324;620;"SALVADOR";"Falta de Atenção à Condução";"Colisão traseira";"Sem Vítimas";"Pleno dia";"Decrescente";"Chuva";"Dupla";"Reta";"Sim";4;0;0;0;4;0;0;3;-12,914144;-38,460288;"SPRF-BA";"DEL01-BA";"UOP01-DEL01-BA"
136845;2018-05-30;"quarta-feira";"13:05:00";"ES";101;43,6;"CONCEICAO DA BARRA";"Defeito Mecânico no Veículo";"Tombamento";"Com Vítimas Feridas";"Pleno dia";"Crescente";"Céu Claro";"Simples";"Reta";"Não";2;0;1;0;1;0;1;1;-18,5304796;-39,90928531;"SPRF-ES";"DEL04-ES";"UOP02-DEL04-ES"
136846;2018-05-30;"quarta-feira";"13:40:00";"PR";277;80,8;"CURITIBA";"Falta de Atenção à Condução";"Engavetamento";"Com Vítimas Feridas";"Pleno dia";"Decrescente";"Céu Claro";"Dupla";"Reta";"Sim";3;0;2;0;1;0;2;3;-25,46998702;-49,2126292;"SPRF-PR";"DEL01-PR";"UOP01-DEL01-PR"
136847;2018-05-30;"quarta-feira";"14:17:00";"PR";369;185;"ARAPONGAS";"Desobediência às normas de trânsito pelo condutor";"Colisão frontal";"Com Vítimas Feridas";"Pleno dia";"Crescente";"Céu Claro";"Simples";"Interseção de Vias;Reta";"Sim";3;0;1;0;1;1;1;3;-23,4075805;-51,4280462;"SPRF-PR";"DEL07-PR";"UOP03-DEL07-PR"
136849;2018-05-30;"quarta-feira";"13:30:00";"GO";153;493;"GOIANIA";"Não guardar distância de segurança";"Colisão traseira";"Com Vítimas Feridas";"Pleno dia";"Crescente";"Céu Claro";"Dupla";"Reta";"Sim";2;0;1;0;0;1;1;2;-16,6537;-49,2172;"SPRF-GO";"DEL01-GO";"UOP01-DEL01-GO"
136851;2018-05-30;"quarta-feira";"15:15:00";"SP";116;5,9;"QUELUZ";"Desobediência às normas de trânsito pelo condutor";"Colisão traseira";"Com Vítimas Feridas";"Pleno dia";"Crescente";"Céu Claro";"Dupla";"Reta";"Não";4;0;1;1;2;0;2;3;-22,5277798;-44,74456787;"SPRF-SP";"DEL08-SP";"UOP02-DEL08-SP"
136852;2018-05-13;"domingo";"16:00:00";"MS";463;9,3;"DOURADOS";"Não guardar distância de segurança";"Tombamento";"Com Vítimas Feridas";"Pleno dia";"Crescente";"Céu Claro";"Simples";"Reta;Declive";"Não";1;0;0;1;0;0;1;1;-22,24429773;-54,96459961;"SPRF-MS";"DEL04-MS";"UOP01-DEL04-MS"
136853;2018-05-18;"sexta-feira";"14:45:00";"PB";101;45,8;"MAMANGUAPE";"Pista Escorregadia";"Saída de leito carroçável";"Com Vítimas Feridas";"Pleno dia";"Crescente";"Chuva";"Dupla";"Reta";"Não";1;0;1;0;0;0;1;1;-6,88893548;-35,12743235;"SPRF-PB";"DEL01-PB";"UOP04-DEL01-PB"
136854;2018-04-24;"terça-feira";"06:50:00";"PI";343;348;"TERESINA";"Não guardar distância de segurança";"Colisão traseira";"Com Vítimas Feridas";"Pleno dia";"Decrescente";"Céu Claro";"Simples";"Reta";"Sim";4;0;2;0;2;0;2;2;-5,118706;-42,786411;"SPRF-PI";"DEL01-PI";"UOP01-DEL01-PI"
136855;2018-05-30;"quarta-feira";"15:10:00";"SC";101;269;"IMBITUBA";"Falta de Atenção à Condução";"Saída de leito carroçável";"Com Vítimas Feridas";"Plena Noite";"Crescente";"Céu Claro";"Dupla";"Reta";"Não";1;0;1;0;0;0;1;1;-28,1117;-48,7015;"SPRF-SC";"DEL02-SC";"UOP03-DEL02-SC"
136856;2018-05-30;"quarta-feira";"15:50:00";"BA";324;578;"SAO SEBASTIAO DO PASSE";"Condutor Dormindo";"Saída de leito carroçável";"Com Vítimas Feridas";"Pleno dia";"Crescente";"Chuva";"Dupla";"Reta";"Não";2;0;2;0;0;0;2;1;-12,5957613;-38,51443863;"SPRF-BA";"DEL01-BA";"UOP01-DEL01-BA"
136857;2018-05-30;"quarta-feira";"15:40:00";"PR";376;349,2;"ORTIGUEIRA";"Desobediência às normas de trânsito pelo condutor";"Colisão transversal";"Com Vítimas Feridas";"Pleno dia";"Decrescente";"Céu Claro";"Simples";"Reta";"Não";2;0;1;1;0;0;2;2;-24,19891912;-50,95062286;"SPRF-PR";"DEL03-PR";"UOP02-DEL03-PR"
136858;2018-05-30;"quarta-feira";"16:00:00";"PE";101;64;"RECIFE";"Falta de Atenção à Condução";"Colisão transversal";"Com Vítimas Feridas";"Pleno dia";"Crescente";"Céu Claro";"Simples";"Reta;Em Obras";"Não";3;0;2;0;1;0;2;2;-8,019494;-34,94247;"SPRF-PE";"DEL01-PE";"UOP01-DEL01-PE"
136859;2018-05-30;"quarta-feira";"15:20:00";"RJ";101;417;"MANGARATIBA";"Condutor Dormindo";"Colisão lateral";"Com Vítimas Feridas";"Pleno dia";"Crescente";"Sol";"Simples";"Curva";"Sim";2;0;2;0;0;0;2;2;-22,912937;-43,897324;"SPRF-RJ";"DEL03-RJ";"UOP01-DEL03-RJ"
136861;2018-05-30;"quarta-feira";"16:00:00";"PR";163;262;"TOLEDO";"Defeito na Via";"Saída de leito carroçável";"Com Vítimas Feridas";"Pleno dia";"Crescente";"Céu Claro";"Simples";"Reta";"Não";3;0;2;0;1;0;2;1;-24,646;-53,8491;"SPRF-PR";"DEL04-PR";"UOP01-DEL04-PR"
136862;2018-05-30;"quarta-feira";"15:00:00";"PI";343;2,4;"TERESINA";"Falta de Atenção à Condução";"Colisão traseira";"Com Vítimas Feridas";"Pleno dia";"Crescente";"Céu Claro";"Dupla";"Interseção de Vias";"Sim";2;0;1;0;1;0;1;2;-5,0813209;-42,76581377;"SPRF-PI";"DEL05-PI";"UOP01-DEL05-PI"
136863;2018-05-30;"quarta-feira";"15:30:00";"SP";116;224;"GUARULHOS";"Falta de Atenção à Condução";"Colisão lateral";"Com Vítimas Feridas";"Pleno dia";"Crescente";"Céu Claro";"Múltipla";"Reta";"Sim";2;0;1;0;1;0;1;2;-23,48260991;-46,53631863;"SPRF-SP";"DEL01-SP";"UOP01-DEL01-SP"
136865;2018-05-30;"quarta-feira";"16:40:00";"PA";230;119,1;"MARABA";"Desobediência às normas de trânsito pelo condutor";"Colisão traseira";"Com Vítimas Feridas";"Pleno dia";"Crescente";"Céu Claro";"Dupla";"Reta";"Sim";2;0;0;1;1;0;1;2;-5,35040219;-49,10663366;"SPRF-PA";"DEL03-PA";"UOP01-DEL03-PA"
136869;2018-05-30;"quarta-feira";"17:00:00";"MG";116;276,7;"TEOFILO OTONI";"Desobediência às normas de trânsito pelo condutor";"Colisão transversal";"Com Vítimas Feridas";"Pleno dia";"Decrescente";"Nublado";"Dupla";"Interseção de Vias;Rotatória";"Sim";2;0;1;0;1;0;1;2;-17,85216677;-41,51396513;"SPRF-MG";"DEL11-MG";"UOP01-DEL11-MG"
136870;2018-05-30;"quarta-feira";"17:30:00";"BA";116;817,8;"VITORIA DA CONQUISTA";"Falta de Atenção à Condução";"Colisão transversal";"Com Vítimas Feridas";"Plena Noite";"Crescente";"Nublado";"Simples";"Interseção de Vias";"Sim";2;0;1;0;1;0;1;2;-14,82317889;-40,81781387;"SPRF-BA";"DEL08-BA";"UOP01-DEL08-BA"
136871;2018-05-30;"quarta-feira";"17:45:00";"PR";376;214,2;"JANDAIA DO SUL";"Objeto estático sobre o leito carroçável";"Queda de ocupante de veículo";"Com Vítimas Feridas";"Anoitecer";"Crescente";"Céu Claro";"Simples";"Reta";"Não";1;0;1;0;0;0;1;1;-23,58482;-51,648296;"SPRF-PR";"DEL07-PR";"UOP01-DEL09-PR"
136873;2018-05-30;"quarta-feira";"17:40:00";"CE";20;413;"MARACANAU";"Falta de Atenção à Condução";"Colisão transversal";"Com Vítimas Feridas";"Anoitecer";"Crescente";"Nublado";"Simples";"Em Obras";"Sim";3;0;2;0;1;0;2;2;-3,8172394;-38,63290787;"SPRF-CE";"DEL01-CE";"UOP01-DEL01-CE"
136878;2018-05-30;"quarta-feira";"17:40:00";"SP";381;47,9;"ATIBAIA";"Sinalização da via insuficiente ou inadequada";"Atropelamento de Pedestre";"Com Vítimas Fatais";"Anoitecer";"Decrescente";"Céu Claro";"Dupla";"Reta";"Sim";3;1;0;0;2;0;0;2;-23,195587;-46,586533;"SPRF-SP";"DEL03-SP";"UOP01-DEL03-SP"
136880;2018-05-30;"quarta-feira";"16:45:00";"PR";158;520;"PATO BRANCO";"Falta de Atenção à Condução";"Colisão transversal";"Com Vítimas Feridas";"Pleno dia";"Crescente";"Céu Claro";"Simples";"Reta";"Não";3;0;2;0;1;0;2;2;-26,20228;-52,678215;"SPRF-PR";"DEL02-PR";"UOP01-DEL02-PR"
136883;2018-05-30;"quarta-feira";"18:20:00";"DF";20;29;"BRASILIA";"Falta de Atenção à Condução";"Atropelamento de Pedestre";"Com Vítimas Fatais";"Plena Noite";"Decrescente";"Céu Claro";"Dupla";"Reta";"Não";3;1;1;0;1;0;1;3;-15,59601487;-47,60702666;"SPRF-DF";"DEL02-DF";"UOP01-DEL02-DF"
136885;2018-05-30;"quarta-feira";"18:20:00";"PR";476;135;"CURITIBA";"Falta de Atenção à Condução";"Colisão traseira";"Com Vítimas Feridas";"Plena Noite";"Crescente";"Céu Claro";"Dupla";"Reta";"Sim";2;0;1;0;1;0;1;2;-25,4289541;-49,267137;"SPRF-PR";"DEL01-PR";"UOP07-DEL01-PR"
136886;2018-05-30;"quarta-feira";"15:10:00";"ES";101;66,3;"SAO MATEUS";"Falta de Atenção à Condução";"Atropelamento de Pedestre";"Com Vítimas Feridas";"Pleno dia";"Decrescente";"Sol";"Múltipla";"Reta";"Sim";4;0;2;0;2;0;2;2;-18,716522;-39,874359;"SPRF-ES";"DEL04-ES";"UOP02-DEL04-ES"
136888;2018-05-30;"quarta-feira";"17:20:00";"RJ";40;47;"AREAL";"Restrição de Visibilidade";"Colisão transversal";"Com Vítimas Feridas";"Anoitecer";"Decrescente";"Nublado";"Múltipla";"Reta";"Sim";4;0;1;0;2;1;1;3;-22,24715765;-43,10657501;"SPRF-RJ";"DEL06-RJ";"UOP01-DEL06-RJ"
136889;2018-05-30;"quarta-feira";"17:45:00";"PB";230;173;"CAMPINA GRANDE";"Desobediência às normas de trânsito pelo condutor";"Colisão traseira";"Com Vítimas Feridas";"Anoitecer";"Decrescente";"Céu Claro";"Simples";"Reta";"Não";3;0;0;2;1;0;2;2;-7,17822265;-36,0193634;"SPRF-PB";"DEL02-PB";"UOP02-DEL02-PB"
136892;2018-05-30;"quarta-feira";"19:10:00";"GO";60;165,2;"GOIANIA";"Falta de Atenção à Condução";"Colisão lateral";"Sem Vítimas";"Plena Noite";"Crescente";"Céu Claro";"Dupla";"Reta";"Não";2;0;0;0;2;0;0;2;-16,7129;-49,358;"SPRF-GO";"DEL01-GO";"UOP02-DEL01-GO"
136893;2018-05-30;"quarta-feira";"18:10:00";"ES";101;217,9;"IBIRACU";"Falta de Atenção à Condução";"Saída de leito carroçável";"Com Vítimas Feridas";"Plena Noite";"Decrescente";"Céu Claro";"Dupla";"Retorno Regulamentado";"Não";1;0;0;1;0;0;1;1;-19,86209855;-40,38279084;"SPRF-ES";"DEL02-ES";"UOP01-DEL02-ES"
136896;2018-05-30;"quarta-feira";"19:03:00";"PR";376;174,2;"MARINGA";"Falta de Atenção do Pedestre";"Atropelamento de Pedestre";"Com Vítimas Feridas";"Plena Noite";"Decrescente";"Céu Claro";"Múltipla";"Interseção de Vias;Reta";"Sim";2;0;0;1;1;0;1;2;-23,41588485;-51,95421535;"SPRF-PR";"DEL07-PR";"UOP01-DEL09-PR"
136899;2018-05-30;"quarta-feira";"18:00:00";"ES";101;413,2;"ITAPEMIRIM";"Falta de Atenção à Condução";"Colisão transversal";"Com Vítimas Fatais";"Anoitecer";"Crescente";"Nublado";"Simples";"Reta";"Não";6;1;0;3;2;0;3;4;-20,917727;-41,074438;"SPRF-ES";"DEL03-ES";"UOP02-DEL03-ES"
136900;2018-05-30;"quarta-feira";"18:50:00";"BA";418;78;"NOVA VICOSA";"Animais na Pista";"Atropelamento de Animal";"Com Vítimas Feridas";"Plena Noite";"Decrescente";"Céu Claro";"Simples";"Reta";"Não";4;0;3;1;0;0;4;1;-17,869119;-39,757283;"SPRF-BA";"DEL09-BA";"UOP02-DEL09-BA"
136901;2018-05-11;"sexta-feira";"17:00:00";"RS";101;36,9;"TRES FORQUILHAS";"Restrição de Visibilidade";"Saída de leito carroçável";"Com Vítimas Feridas";"Pleno dia";"Crescente";"Chuva";"Dupla";"Curva";"Não";1;0;1;0;0;0;1;1;-29,53552827;-50,00519514;"SPRF-RS";"DEL03-RS";"DEL9/3-UOP03/RS"
136902;2018-05-30;"quarta-feira";"19:35:00";"PR";476;130,7;"CURITIBA";"Falta de Atenção à Condução";"Colisão transversal";"Com Vítimas Feridas";"Plena Noite";"Crescente";"Céu Claro";"Múltipla";"Interseção de Vias";"Sim";2;0;1;0;1;0;1;2;-25,449564;-49,236427;"SPRF-PR";"DEL01-PR";"UOP07-DEL01-PR"
136903;2018-05-30;"quarta-feira";"19:30:00";"CE";116;6;"FORTALEZA";"Deficiência ou não Acionamento do Sistema de Iluminação/Sinalização do Veículo";"Colisão traseira";"Com Vítimas Feridas";"Plena Noite";"Crescente";"Céu Claro";"Dupla";"Reta";"Sim";2;0;0;1;1;0;1;2;-3,80349403;-38,50370049;"SPRF-CE";"DEL01-CE";"UOP02-DEL01-CE"
136905;2018-05-30;"quarta-feira";"16:30:00";"PR";376;491;"PONTA GROSSA";"Animais na Pista";"Atropelamento de Animal";"Com Vítimas Feridas";"Pleno dia";"Decrescente";"Sol";"Dupla";"Reta";"Sim";1;0;1;0;0;0;1;1;-25,10161121;-50,19721985;"SPRF-PR";"DEL03-PR";"UOP04-DEL03-PR"
136906;2018-05-30;"quarta-feira";"19:05:00";"RS";158;336,4;"SANTA MARIA";"Falta de Atenção do Pedestre";"Atropelamento de Pedestre";"Com Vítimas Feridas";"Plena Noite";"Decrescente";"Céu Claro";"Simples";"Reta";"Não";4;0;1;0;1;2;1;2;-29,712543;-53,893559;"SPRF-RS";"DEL09-RS";"UOP01-DEL09-RS"