"id";"data_inversa";"dia_semana";"horario";"uf";"br";"km";"municipio";"causa_acidente";"tipo_acidente";"classificacao_acidente";"fase_dia";"sentido_via";"condicao_metereologica";"tipo_pista";"tracado_via";"uso_solo";"pessoas";"mortos";"feridos_leves";"feridos_graves";"ilesos";"ignorados";"feridos";"veiculos";"latitude";"longitude";"regional";"delegacia";"uop"
136908;2018-05-30;"quarta-feira";"17:50:00";"PR";277;615;"CEU AZUL";"Não guardar distância de segurança";"Queda de ocupante de veículo";"Com Vítimas Feridas";"Plena Noite";"Decrescente";"Céu Claro";"Simples";"Reta";"Não";1;0;0;1;0;0;1;1;-25,071892;-53,664425;"SPRF-PR";"DEL05-PR";"UOP02-DEL05-PR"
136912;2018-05-30;"quarta-feira";"17:20:00";"MG";116;117;"ITAOBIM";"Falta de Atenção à Condução";"Colisão transversal";"Com Vítimas Feridas";"Anoitecer";"Crescente";"Ignorado";"Simples";"Reta";"Sim";2;0;2;0;0;0;2;2;-16,56545419;-41,50463104;"SPRF-MG";"DEL11-MG";"UOP02-DEL11-MG"
136913;2018-05-30;"quarta-feira";"20:10:00";"PR";376;639,8;"TIJUCAS DO SUL";"Ingestão de Álcool";"Saída de leito carroçável";"Sem Vítimas";"Plena Noite";"Decrescente";"Céu Claro";"Dupla";"Reta";"Não";1;0;0;0;1;0;0;1;-25,78350774;-49,12124634;"SPRF-PR";"DEL01-PR";"DEL7/1-UOP08/PR"
136914;2018-05-30;"quarta-feira";"20:45:00";"RJ";393;257;"BARRA DO PIRAI";"Falta de Atenção à Condução";"Colisão traseira";"Com Vítimas Feridas";"Anoitecer";"Decrescente";"Céu Claro";"Simples";"Reta";"Não";2;0;0;1;0;1;1;2;-22,46148476;-43,85074854;"SPRF-RJ";"DEL05-RJ";"UOP04-DEL05-RJ"
136915;2018-05-30;"quarta-feira";"18:15:00";"SC";282;507,6;"XANXERE";"Falta de Atenção à Condução";"Colisão lateral";"Com Vítimas Feridas";"Anoitecer";"Crescente";"Céu Claro";"Simples";"Reta";"Não";2;0;1;0;1;0;1;2;-26,886171;-52,43911;"SPRF-SC";"DEL07-SC";"UOP01-DEL07-SC"
136918;2018-05-30;"quarta-feira";"21:35:00";"PR";116;155,8;"MANDIRITUBA";"Velocidade Incompatível";"Queda de ocupante de veículo";"Com Vítimas Feridas";"Plena Noite";"Crescente";"Nublado";"Simples";"Curva";"Não";1;0;1;0;0;0;1;1;-25,85829672;-49,36013997;"SPRF-PR";"DEL01-PR";"UOP03-DEL01-PR"
136920;2018-05-09;"quarta-feira";"13:30:00";"RS";158;263,6;"JULIO DE CASTILHOS";"Falta de Atenção do Pedestre";"Atropelamento de Pedestre";"Com Vítimas Feridas";"Pleno dia";"Decrescente";"Céu Claro";"Simples";"Reta";"Não";2;0;1;0;1;0;1;2;-29,23279253;-53,66593301;"SPRF-RS";"DEL10-RS";"UOP02-DEL10-RS"
136923;2018-05-30;"quarta-feira";"22:00:00";"GO";60;44,9;"APARECIDA DE GOIANIA";"Falta de Atenção à Condução";"Colisão lateral";"Com Vítimas Feridas";"Plena Noite";"Crescente";"Céu Claro";"Dupla";"Interseção de Vias";"Não";2;0;1;0;1;0;1;2;-16,8101;-49,2397;"SPRF-GO";"DEL01-GO";"UOP03-DEL01-GO"
136924;2018-05-30;"quarta-feira";"17:59:00";"SP";381;87;"SAO PAULO";"Falta de Atenção do Pedestre";"Atropelamento de Pedestre";"Com Vítimas Feridas";"Plena Noite";"Crescente";"Céu Claro";"Dupla";"Reta";"Não";2;0;1;0;0;1;1;2;-23,43965773;-46,56815736;"SPRF-SP";"DEL03-SP";"DEL6/3-UOP03/SP"
136925;2018-05-30;"quarta-feira";"19:15:00";"MT";70;793,5;"CACERES";"Animais na Pista";"Atropelamento de Animal";"Com Vítimas Feridas";"Plena Noite";"Crescente";"Céu Claro";"Simples";"Reta";"Não";1;0;1;0;0;0;1;1;-16,14323;-57,997674;"SPRF-MT";"DEL03-MT";"UOP01-DEL03-MT"
136926;2018-05-30;"quarta-feira";"22:00:00";"PI";343;3;"TERESINA";"Não guardar distância de segurança";"Colisão traseira";"Com Vítimas Feridas";"Plena Noite";"Decrescente";"Céu Claro";"Múltipla";"Reta";"Sim";2;0;0;1;1;0;1;2;-5,0813583;-42,77612686;"SPRF-PI";"DEL01-PI";"UOP01-DEL01-PI"
136927;2018-05-30;"quarta-feira";"22:00:00";"DF";40;3,8;"BRASILIA";"Ingestão de Álcool";"Tombamento";"Sem Vítimas";"Plena Noite";"Decrescente";"Céu Claro";"Simples";"Reta";"Sim";2;0;0;0;0;2;0;2;-16,012033;-47,982124;"SPRF-DF";"DEL01-DF";"UOP01-DEL01-DF"
136928;2018-05-30;"quarta-feira";"23:00:00";"PR";376;176,8;"MARINGA";"Falta de Atenção do Pedestre";"Atropelamento de Pedestre";"Com Vítimas Feridas";"Plena Noite";"Crescente";"Céu Claro";"Dupla";"Interseção de Vias";"Sim";3;0;1;0;2;0;1;2;-23,412691;-51,931583;"SPRF-PR";"DEL07-PR";"UOP01-DEL09-PR"
136929;2018-05-30;"quarta-feira";"22:55:00";"SP";153;63,5;"SAO JOSE DO RIO PRETO";"Falta de Atenção à Condução";"Colisão traseira";"Com Vítimas Feridas";"Plena Noite";"Crescente";"Céu Claro";"Dupla";"Aclive";"Sim";3;0;1;0;2;0;1;2;-20,82132112;-49,3576026;"SPRF-SP";"DEL09-SP";"UOP01-DEL09-SP"
136930;2018-05-30;"quarta-feira";"23:20:00";"ES";262;3,9;"CARIACICA";"Falta de Atenção à Condução";"Colisão traseira";"Com Vítimas Feridas";"Plena Noite";"Crescente";"Nublado";"Dupla";"Reta";"Sim";3;0;0;2;1;0;2;2;-20,33619681;-40,37814081;"SPRF-ES";"DEL01-ES";"UOP01-DEL01-ES"
136931;2018-05-30;"quarta-feira";"21:00:00";"RO";364;717;"PORTO VELHO";"Pista Escorregadia";"Colisão com objeto estático";"Com Vítimas Feridas";"Plena Noite";"Decrescente";"Céu Claro";"Dupla";"Curva";"Não";1;0;1;0;0;0;1;1;-8,81196616;-63,91841412;"SPRF-RO";"DEL01-RO";"UOP01-DEL01-RO"
136934;2018-05-30;"quarta-feira";"21:00:00";"MG";40;506;"RIBEIRAO DAS NEVES";"Falta de Atenção do Pedestre";"Atropelamento de Pedestre";"Com Vítimas Feridas";"Plena Noite";"Crescente";"Céu Claro";"Dupla";"Reta";"Sim";2;0;1;0;1;0;1;2;-19,7573;-44,139;"SPRF-MG";"DEL02-MG";"UOP01-DEL02-MG"
136935;2018-05-30;"quarta-feira";"23:45:00";"GO";60;93;"ANAPOLIS";"Condutor Dormindo";"Tombamento";"Com Vítimas Feridas";"Pleno dia";"Decrescente";"Céu Claro";"Dupla";"Declive";"Sim";1;0;1;0;0;0;1;1;-16,3538;-48,9268;"SPRF-GO";"DEL02-GO";"UOP01-DEL02-GO"
136936;2018-05-30;"quarta-feira";"20:30:00";"MA";135;23,2;"SAO LUIS";"Defeito na Via";"Capotamento";"Sem Vítimas";"Plena Noite";"Crescente";"Céu Claro";"Dupla";"Reta";"Sim";3;0;0;0;0;3;0;1;-2,55829448;-44,31302042;"SPRF-MA";"DEL01-MA";"UOP01-DEL01-MA"
136937;2018-05-30;"quarta-feira";"23:45:00";"RS";116;150,8;"CAXIAS DO SUL";"Velocidade Incompatível";"Atropelamento de Pedestre";"Com Vítimas Feridas";"Plena Noite";"Decrescente";"Céu Claro";"Dupla";"Curva";"Sim";3;0;0;1;0;2;1;2;-29,17591099;-51,1612916;"SPRF-RS";"DEL05-RS";"UOP01-DEL05-RS"
136938;2018-05-30;"quarta-feira";"21:14:00";"RO";364;717;"PORTO VELHO";"Pista Escorregadia";"Saída de leito carroçável";"Com Vítimas Feridas";"Plena Noite";"Decrescente";"Céu Claro";"Dupla";"Curva";"Não";1;0;1;0;0;0;1;1;-8,79937584;-63,91225845;"SPRF-RO";"DEL01-RO";"UOP01-DEL01-RO"
136939;2018-05-30;"quarta-feira";"23:00:00";"SC";101;189;"BIGUACU";"Ingestão de Álcool";"Incêndio";"Sem Vítimas";"Plena Noite";"Crescente";"Céu Claro";"Dupla";"Reta";"Não";2;0;0;0;2;0;0;1;-27,46387089;-48,64183811;"SPRF-SC";"DEL01-SC";"UOP01-DEL01-SC"
136941;2018-05-30;"quarta-feira";"18:12:00";"RO";364;19,9;"VILHENA";"Falta de Atenção à Condução";"Saída de leito carroçável";"Com Vítimas Feridas";"Plena Noite";"Decrescente";"Céu Claro";"Simples";"Reta";"Não";1;0;1;0;0;0;1;1;-12,72591685;-60,19148737;"SPRF-RO";"DEL04-RO";"UOP01-DEL04-RO"
136943;2018-05-31;"quinta-feira";"00:15:00";"SC";101;203;"SAO JOSE";"Ingestão de Álcool";"Colisão com objeto estático";"Com Vítimas Feridas";"Plena Noite";"Decrescente";"Céu Claro";"Dupla";"Reta";"Sim";1;0;1;0;0;0;1;1;-27,5742;-48,6134;"SPRF-SC";"DEL01-SC";"UOP01-DEL01-SC"
136944;2018-05-31;"quinta-feira";"01:00:00";"RJ";356;148,5;"CAMPOS DOS GOYTACAZES";"Animais na Pista";"Atropelamento de Animal";"Com Vítimas Feridas";"Plena Noite";"Crescente";"Nublado";"Simples";"Reta";"Sim";1;0;1;0;0;0;1;1;-21,771;-41,28;"SPRF-RJ";"DEL08-RJ";"UOP02-DEL08-RJ"
136948;2018-05-30;"quarta-feira";"20:20:00";"RO";364;513,7;"ARIQUEMES";"Objeto estático sobre o leito carroçável";"Colisão com objeto estático";"Com Vítimas Feridas";"Plena Noite";"Decrescente";"Céu Claro";"Simples";"Reta";"Sim";1;0;1;0;0;0;1;1;-9,934004;-63,055233;"SPRF-RO";"DEL03-RO";"UOP01-DEL03-RO"
136952;2018-05-31;"quinta-feira";"02:20:00";"MG";365;625;"UBERLANDIA";"Pista Escorregadia";"Queda de ocupante de veículo";"Com Vítimas Feridas";"Plena Noite";"Crescente";"Céu Claro";"Dupla";"Curva";"Sim";2;0;0;2;0;0;2;1;-18,90939237;-48,30308676;"SPRF-MG";"DEL15-MG";"UOP01-DEL15-MG"
136954;2018-05-31;"quinta-feira";"04:00:00";"PR";369;18;"CAMBARA";"Ingestão de Álcool";"Capotamento";"Sem Vítimas";"Plena Noite";"Decrescente";"Céu Claro";"Simples";"Reta";"Sim";1;0;0;0;1;0;0;1;-23,03389707;-50,0607794;"SPRF-PR";"DEL07-PR";"UOP05-DEL07-PR"
136955;2018-05-31;"quinta-feira";"04:40:00";"ES";262;6,1;"CARIACICA";"Ingestão de Álcool";"Colisão traseira";"Com Vítimas Feridas";"Plena Noite";"Crescente";"Céu Claro";"Múltipla";"Reta";"Sim";3;0;1;0;0;2;1;3;-20,34092498;-40,39601773;"SPRF-ES";"DEL01-ES";"UOP01-DEL01-ES"
136956;2018-05-31;"quinta-feira";"03:50:00";"SC";101;206,5;"SAO JOSE";"Falta de Atenção à Condução";"Colisão com objeto estático";"Sem Vítimas";"Plena Noite";"Crescente";"Céu Claro";"Múltipla";"Aclive";"Sim";1;0;0;0;0;1;0;1;-27,60009457;-48,62251103;"SPRF-SC";"DEL01-SC";"UOP01-DEL01-SC"
136957;2018-05-31;"quinta-feira";"03:15:00";"SC";280;189;"MAFRA";"Ingestão de Álcool";"Saída de leito carroçável";"Com Vítimas Feridas";"Plena Noite";"Decrescente";"Céu Claro";"Simples";"Curva";"Não";3;0;2;0;1;0;2;1;-26,17528;-49,971901;"SPRF-SC";"DEL06-SC";"UOP01-DEL06-SC"
136959;2018-05-31;"quinta-feira";"05:00:00";"MG";40;513;"RIBEIRAO DAS NEVES";"Falta de Atenção à Condução";"Saída de leito carroçável";"Com Vítimas Feridas";"Amanhecer";"Crescente";"Ignorado";"Dupla";"Curva";"Sim";2;0;1;0;1;0;1;1;-19,75263577;-44,14360405;"SPRF-MG";"DEL01-MG";"UOP03-DEL01-MG"
136960;2018-05-31;"quinta-feira";"03:30:00";"SC";282;5,8;"SAO JOSE";"Ingestão de Álcool";"Saída de leito carroçável";"Com Vítimas Feridas";"Plena Noite";"Decrescente";"Céu Claro";"Simples";"Curva";"Sim";1;0;1;0;0;0;1;1;-27,588425;-48,612919;"SPRF-SC";"DEL01-SC";"UOP01-DEL01-SC"
136961;2018-05-31;"quinta-feira";"06:00:00";"RS";158;313,9;"ITAARA";"Condutor Dormindo";"Colisão lateral";"Com Vítimas Feridas";"Amanhecer";"Decrescente";"Nublado";"Dupla";"Curva";"Não";2;0;1;0;1;0;1;2;-29,638083;-53,766518;"SPRF-RS";"DEL09-RS";"UOP01-DEL09-RS"
136963;2018-05-31;"quinta-feira";"03:42:00";"RJ";101;297;"ITABORAI";"Ingestão de Álcool";"Capotamento";"Com Vítimas Feridas";"Plena Noite";"Crescente";"Nublado";"Dupla";"Reta";"Sim";1;0;1;0;0;0;1;1;-22,769421;-42,918736;"SPRF-RJ";"DEL02-RJ";"DEL5/2-UOP04/RJ"
136966;2018-05-31;"quinta-feira";"06:20:00";"PR";277;113;"CAMPO LARGO";"Não guardar distância de segurança";"Engavetamento";"Com Vítimas Feridas";"Pleno dia";"Crescente";"Nevoeiro/Neblina";"Dupla";"Reta;Retorno Regulamentado";"Sim";5;0;2;0;3;0;2;4;-25,43831412;-49,51332092;"SPRF-PR";"DEL01-PR";"UOP06-DEL01-PR"
136968;2018-05-31;"quinta-feira";"06:55:00";"RS";116;235;"NOVO HAMBURGO";"Falta de Atenção à Condução";"Colisão frontal";"Com Vítimas Feridas";"Pleno dia";"Decrescente";"Céu Claro";"Dupla";"Reta";"Sim";4;0;2;1;1;0;3;2;-29,6550061;-51,14446342;"SPRF-RS";"DEL01-RS";"UOP02-DEL01-RS"
136969;2018-05-31;"quinta-feira";"07:25:00";"SC";101;213,7;"PALHOCA";"Velocidade Incompatível";"Queda de ocupante de veículo";"Com Vítimas Feridas";"Pleno dia";"Decrescente";"Céu Claro";"Dupla";"Reta";"Sim";1;0;1;0;0;0;1;1;-27,64218757;-48,66890788;"SPRF-SC";"DEL01-SC";"UOP02-DEL01-SC"
136972;2018-05-07;"segunda-feira";"11:00:00";"RS";158;272;"JULIO DE CASTILHOS";"Falta de Atenção à Condução";"Colisão traseira";"Com Vítimas Feridas";"Pleno dia";"Crescente";"Céu Claro";"Simples";"Em Obras;Reta";"Não";3;0;1;0;2;0;1;2;-29,29777702;-53,66769791;"SPRF-RS";"DEL09-RS";"UOP01-DEL09-RS"
136977;2018-05-31;"quinta-feira";"08:05:00";"PR";116;101,6;"SAO JOSE DOS PINHAIS";"Falta de Atenção à Condução";"Queda de ocupante de veículo";"Com Vítimas Feridas";"Pleno dia";"Crescente";"Céu Claro";"Dupla";"Reta";"Não";1;0;0;1;0;0;1;1;-25,56822679;-49,17598352;"SPRF-PR";"DEL01-PR";"UOP01-DEL01-PR"
136979;2018-05-31;"quinta-feira";"08:00:00";"PB";101;96;"ALHANDRA";"Falta de Atenção à Condução";"Colisão traseira";"Com Vítimas Feridas";"Pleno dia";"Decrescente";"Chuva";"Dupla";"Reta";"Sim";2;0;0;1;0;1;1;2;-7,24292;-34,929133;"SPRF-PB";"DEL01-PB";"UOP01-DEL01-PB"
136985;2018-05-31;"quinta-feira";"09:10:00";"PA";316;8;"ANANINDEUA";"Falta de Atenção à Condução";"Colisão lateral";"Com Vítimas Feridas";"Pleno dia";"Decrescente";"Céu Claro";"Dupla";"Reta";"Sim";4;0;1;0;3;0;1;3;-1,366236;-48,367805;"SPRF-PA";"DEL01-PA";"DEL19/1-UOP05/PA"
136986;2018-05-19;"sábado";"12:07:00";"SP";116;218;"GUARULHOS";"Fenômenos da Natureza";"Colisão traseira";"Com Vítimas Feridas";"Pleno dia";"Crescente";"Chuva";"Múltipla";"Reta";"Sim";2;0;1;0;1;0;1;2;-23,45867969;-46,48298264;"SPRF-SP";"DEL01-SP";"UOP01-DEL01-SP"
136989;2018-04-23;"segunda-feira";"17:10:00";"SC";282;445,8;"PONTE SERRADA";"Velocidade Incompatível";"Saída de leito carroçável";"Com Vítimas Fatais";"Pleno dia";"Crescente";"Ignorado";"Simples";"Curva";"Não";1;1;0;0;0;0;0;1;-26,91472293;-51,90559387;"SPRF-SC";"DEL07-SC";"UOP04-DEL07-SC"
136993;2018-05-31;"quinta-feira";"09:40:00";"GO";60;46,2;"ALEXANIA";"Velocidade Incompatível";"Saída de leito carroçável";"Com Vítimas Feridas";"Pleno dia";"Decrescente";"Sol";"Dupla";"Curva";"Não";1;0;0;1;0;0;1;1;-16,1417;-48,5988;"SPRF-GO";"DEL02-GO";"UOP01-DEL02-GO"
136994;2018-05-31;"quinta-feira";"10:15:00";"SC";101;145,2;"ITAPEMA";"Falta de Atenção à Condução";"Colisão traseira";"Com Vítimas Feridas";"Pleno dia";"Crescente";"Céu Claro";"Múltipla";"Declive";"Sim";2;0;1;0;1;0;1;2;-27,08548336;-48,60759258;"SPRF-SC";"DEL04-SC";"UOP03-DEL04-SC"
136996;2018-05-31;"quinta-feira";"10:05:00";"ES";101;297,5;"VIANA";"Falta de Atenção à Condução";"Colisão traseira";"Com Vítimas Feridas";"Pleno dia";"Crescente";"Céu Claro";"Dupla";"Reta";"Sim";5;0;2;2;1;0;4;2;-20,3506525;-40,41303366;"SPRF-ES";"DEL01-ES";"UOP01-DEL01-ES"
136997;2018-05-31;"quinta-feira";"09:00:00";"RS";285;516;"VITORIA DAS MISSOES";"Falta de Atenção à Condução";"Saída de leito carroçável";"Com Vítimas Feridas";"Pleno dia";"Decrescente";"Céu Claro";"Simples";"Reta";"Não";1;0;0;1;0;0;1;1;-28,39637;-54,453407;"SPRF-RS";"DEL10-RS";"UOP01-DEL10-RS"
137000;2018-05-31;"quinta-feira";"08:00:00";"SC";470;177;"POUSO REDONDO";"Falta de Atenção à Condução";"Capotamento";"Com Vítimas Feridas";"Pleno dia";"Decrescente";"Céu Claro";"Simples";"Reta";"Não";2;0;2;0;0;0;2;1;-27,25255033;-50,0251776;"SPRF-SC";"DEL04-SC";"UOP02-DEL04-SC"
137003;2018-05-31;"quinta-feira";"11:00:00";"PE";104;84,8;"AGRESTINA";"Falta de Atenção à Condução";"Colisão transversal";"Sem Vítimas";"Pleno dia";"Crescente";"Sol";"Simples";"Rotatória";"Não";3;0;0;0;3;0;0;2;-8,41583933;-35,96702948;"SPRF-PE";"DEL02-PE";"UOP01-DEL02-PE"
137004;2018-05-31;"quinta-feira";"11:00:00";"SE";235;73,5;"FREI PAULO";"Falta de Atenção à Condução";"Atropelamento de Pedestre";"Com Vítimas Feridas";"Pleno dia";"Decrescente";"Nublado";"Simples";"Reta";"Sim";2;0;1;1;0;0;2;2;-10,54591083;-37,5366751;"SPRF-SE";"DEL01-SE";"UOP02-DEL01-SE"
137005;2018-05-31;"quinta-feira";"10:15:00";"SC";116;138,5;"SANTA CECILIA";"Falta de Atenção à Condução";"Colisão traseira";"Com Vítimas Feridas";"Pleno dia";"Decrescente";"Céu Claro";"Simples";"Reta";"Sim";2;0;1;0;1;0;1;2;-26,95459946;-50,42246992;"SPRF-SC";"DEL06-SC";"UOP02-DEL06-SC"
137010;2018-05-31;"quinta-feira";"12:45:00";"PR";369;491,9;"CORBELIA";"Falta de Atenção à Condução";"Colisão lateral";"Com Vítimas Feridas";"Pleno dia";"Decrescente";"Céu Claro";"Simples";"Curva";"Não";10;0;0;1;9;0;1;2;-24,7257;-53,2471;"SPRF-PR";"DEL04-PR";"UOP03-DEL04-PR"
137014;2018-05-11;"sexta-feira";"07:00:00";"RS";158;331,8;"SANTA MARIA";"Desobediência às normas de trânsito pelo condutor";"Colisão transversal";"Com Vítimas Feridas";"Pleno dia";"Decrescente";"Garoa/Chuvisco";"Simples";"Interseção de Vias";"Sim";5;0;1;0;4;0;1;2;-29,70713003;-53,85226607;"SPRF-RS";"DEL09-RS";"UOP01-DEL09-RS"
137015;2018-05-31;"quinta-feira";"11:10:00";"RJ";101;202,9;"CASIMIRO DE ABREU";"Condutor Dormindo";"Colisão com objeto estático";"Com Vítimas Feridas";"Pleno dia";"Decrescente";"Céu Claro";"Dupla";"Reta";"Não";1;0;1;0;0;0;1;1;-22,47774921;-42,15581506;"SPRF-RJ";"DEL02-RJ";"UOP04-DEL08-RJ"
137016;2018-05-31;"quinta-feira";"13:35:00";"DF";70;10;"BRASILIA";"Falta de Atenção do Pedestre";"Atropelamento de Pedestre";"Com Vítimas Feridas";"Pleno dia";"Decrescente";"Céu Claro";"Dupla";"Reta";"Sim";4;0;0;1;3;0;1;2;-15,787066;-48,140709;"SPRF-DF";"DEL01-DF";"UOP02-DEL03-DF"
137019;2018-05-03;"quinta-feira";"11:20:00";"RS";101;6,9;"TORRES";"Falta de Atenção à Condução";"Saída de leito carroçável";"Sem Vítimas";"Pleno dia";"Decrescente";"Sol";"Dupla";"Reta";"Não";1;0;0;0;1;0;0;1;-29,35307761;-49,79897618;"SPRF-RS";"DEL03-RS";"DEL9/3-UOP03/RS"
137020;2018-05-31;"quinta-feira";"11:40:00";"SC";280;48;"GUARAMIRIM";"Falta de Atenção à Condução";"Colisão transversal";"Com Vítimas Feridas";"Pleno dia";"Decrescente";"Sol";"Simples";"Reta";"Não";4;0;1;0;3;0;1;2;-26,45604116;-48,93011749;"SPRF-SC";"DEL03-SC";"UOP03-DEL03-SC"
137022;2018-05-31;"quinta-feira";"14:00:00";"GO";153;508,5;"APARECIDA DE GOIANIA";"Ingestão de Álcool";"Colisão com objeto estático";"Sem Vítimas";"Pleno dia";"Crescente";"Céu Claro";"Dupla";"Reta";"Não";1;0;0;0;1;0;0;1;-16,7804;-49,2371;"SPRF-GO";"DEL01-GO";"UOP03-DEL01-GO"
137024;2018-05-11;"sexta-feira";"16:55:00";"RS";116;266;"CANOAS";"Falta de Atenção à Condução";"Colisão lateral";"Com Vítimas Feridas";"Anoitecer";"Decrescente";"Nublado";"Múltipla";"Reta";"Sim";2;0;1;0;0;1;1;2;-29,932402;-51,177425;"SPRF-RS";"DEL01-RS";"UOP01-DEL01-RS"
137026;2018-05-31;"quinta-feira";"15:00:00";"SC";101;133;"BALNEARIO CAMBORIU";"Falta de Atenção à Condução";"Colisão traseira";"Com Vítimas Feridas";"Pleno dia";"Crescente";"Céu Claro";"Simples";"Reta";"Sim";2;0;0;1;1;0;1;2;-27,0021;-48,6362;"SPRF-SC";"DEL04-SC";"UOP03-DEL04-SC"
137028;2018-05-19;"sábado";"10:40:00";"PA";316;84;"SAO FRANCISCO DO PARA";"Desobediência às normas de trânsito pelo condutor";"Colisão frontal";"Com Vítimas Feridas";"Pleno dia";"Crescente";"Céu Claro";"Simples";"Reta";"Não";3;0;0;1;2;0;1;2;-1,311744;-47,735767;"SPRF-PA";"DEL01-PA";"UOP02-DEL01-PA"
137029;2018-05-03;"quinta-feira";"18:15:00";"RS";471;172,2;"RIO PARDO";"Não guardar distância de segurança";"Colisão traseira";"Sem Vítimas";"Anoitecer";"Crescente";"Nublado";"Simples";"Aclive;Reta";"Sim";2;0;0;0;2;0;0;2;-29,96649768;-52,37000227;"SPRF-RS";"DEL02-RS";"UOP02-DEL02-RS"
137030;2018-05-31;"quinta-feira";"14:30:00";"PB";101;71,2;"SANTA RITA";"Falta de Atenção à Condução";"Saída de leito carroçável";"Sem Vítimas";"Pleno dia";"Crescente";"Céu Claro";"Dupla";"Reta";"Não";1;0;0;0;0;1;0;1;-7,066;-35,008;"SPRF-PB";"DEL01-PB";"UOP04-DEL01-PB"
137032;2018-03-06;"terça-feira";"20:25:00";"RS";472;580;"URUGUAIANA";"Animais na Pista";"Atropelamento de Animal";"Com Vítimas Feridas";"Plena Noite";"Decrescente";"Céu Claro";"Simples";"Reta";"Sim";1;0;0;1;0;0;1;1;-29,79894285;-57,09182739;"SPRF-RS";"DEL13-RS";"UOP01-DEL13-RS"
137035;2018-01-11;"quinta-feira";"20:46:00";"RJ";40;122;"DUQUE DE CAXIAS";"Desobediência às normas de trânsito pelo condutor";"Atropelamento de Pedestre";"Com Vítimas Fatais";"Plena Noite";"Decrescente";"Céu Claro";"Múltipla";"Curva";"Sim";2;1;0;0;1;0;0;2;-22,78858582;-43,28533888;"SPRF-RJ";"DEL01-RJ";"UOP01-DEL01-RJ"
137037;2018-05-31;"quinta-feira";"16:45:00";"BA";367;78;"EUNAPOLIS";"Velocidade Incompatível";"Saída de leito carroçável";"Com Vítimas Feridas";"Pleno dia";"Decrescente";"Céu Claro";"Simples";"Curva";"Não";1;0;1;0;0;0;1;1;-16,36557;-39,527161;"SPRF-BA";"DEL09-BA";"UOP01-DEL09-BA"
137039;2018-05-31;"quinta-feira";"17:25:00";"AL";104;45,5;"BRANQUINHA";"Animais na Pista";"Atropelamento de Animal";"Com Vítimas Feridas";"Anoitecer";"Decrescente";"Nublado";"Simples";"Curva";"Não";2;0;1;1;0;0;2;1;-9,24512583;-36,01026535;"SPRF-AL";"DEL01-AL";"UOP02-DEL01-AL"
137041;2018-05-31;"quinta-feira";"17:30:00";"SP";381;66;"MAIRIPORA";"Falta de Atenção à Condução";"Queda de ocupante de veículo";"Com Vítimas Feridas";"Anoitecer";"Decrescente";"Céu Claro";"Dupla";"Reta";"Sim";1;0;1;0;0;0;1;1;-23,31953155;-46,58238173;"SPRF-SP";"DEL03-SP";"DEL6/3-UOP03/SP"
137042;2018-05-31;"quinta-feira";"07:45:00";"RS";448;22;"PORTO ALEGRE";"Defeito Mecânico no Veículo";"Incêndio";"Sem Vítimas";"Plena Noite";"Decrescente";"Céu Claro";"Dupla";"Reta";"Sim";1;0;0;0;0;1;0;1;-29,972212;-51,199139;"SPRF-RS";"DEL01-RS";"UOP01-DEL01-RS"
137043;2018-05-31;"quinta-feira";"18:00:00";"BA";110;199;"CIPO";"Falta de Atenção à Condução";"Colisão frontal";"Com Vítimas Fatais";"Anoitecer";"Decrescente";"Céu Claro";"Simples";"Reta";"Não";6;1;2;3;0;0;5;2;-11,0552;-38,5133;"SPRF-BA";"DEL07-BA";"UOP02-DEL07-BA"
137045;2018-05-31;"quinta-feira";"18:00:00";"RS";153;543,2;"CACAPAVA DO SUL";"Velocidade Incompatível";"Colisão frontal";"Com Vítimas Fatais";"Plena Noite";"Crescente";"Garoa/Chuvisco";"Simples";"Curva;Declive";"Não";6;2;1;0;3;0;1;2;-30,8225428;-53,59036446;"SPRF-RS";"DEL09-RS";"UOP02-DEL09-RS"
137048;2018-05-31;"quinta-feira";"18:30:00";"SP";101;47,2;"UBATUBA";"Desobediência às normas de trânsito pelo condutor";"Atropelamento de Pedestre";"Com Vítimas Feridas";"Anoitecer";"Crescente";"Céu Claro";"Simples";"Reta";"Sim";3;0;0;2;0;1;2;2;-23,43383597;-45,08724689;"SPRF-SP";"DEL06-SP";"UOP01-DEL06-SP"
137049;2018-05-31;"quinta-feira";"18:00:00";"RJ";101;55;"CAMPOS DOS GOYTACAZES";"Desobediência às normas de trânsito pelo condutor";"Colisão traseira";"Com Vítimas Feridas";"Plena Noite";"Crescente";"Vento";"Simples";"Reta";"Não";3;0;2;0;1;0;2;2;-21,678255;-41,310799;"SPRF-RJ";"DEL08-RJ";"UOP01-DEL08-RJ"
137050;2018-05-31;"quinta-feira";"18:25:00";"PB";230;75;"SOBRADO";"Animais na Pista";"Atropelamento de Animal";"Com Vítimas Feridas";"Plena Noite";"Crescente";"Céu Claro";"Dupla";"Reta";"Não";1;0;0;1;0;0;1;1;-7,1916563;-35,2262382;"SPRF-PB";"DEL01-PB";"UOP03-DEL01-PB"
137051;2018-05-31;"quinta-feira";"18:40:00";"SC";470;142,5;"RIO DO SUL";"Falta de Atenção do Pedestre";"Atropelamento de Pedestre";"Com Vítimas Feridas";"Plena Noite";"Crescente";"Céu Claro";"Simples";"Declive;Reta";"Sim";3;0;2;1;0;0;3;2;-27,20668091;-49,64782298;"SPRF-SC";"DEL04-SC";"UOP02-DEL04-SC"