"id";"data_inversa";"dia_semana";"horario";"uf";"br";"km";"municipio";"causa_acidente";"tipo_acidente";"classificacao_acidente";"fase_dia";"sentido_via";"condicao_metereologica";"tipo_pista";"tracado_via";"uso_solo";"pessoas";"mortos";"feridos_leves";"feridos_graves";"ilesos";"ignorados";"feridos";"veiculos";"latitude";"longitude";"regional";"delegacia";"uop"
137052;2018-05-31;"quinta-feira";"18:30:00";"PR";116;18,5;"CURITIBA";"Desobediência às normas de trânsito pelo condutor";"Colisão frontal";"Com Vítimas Fatais";"Anoitecer";"Decrescente";"Nublado";"Dupla";"Reta";"Sim";4;1;0;1;2;0;1;3;-25,3891;-49,1966;"SPRF-PR";"DEL01-PR";"UOP02-DEL01-PR"
137053;2018-05-31;"quinta-feira";"17:50:00";"BA";116;9,5;"VITORIA DA CONQUISTA";"Falta de Atenção à Condução";"Colisão transversal";"Com Vítimas Feridas";"Plena Noite";"Decrescente";"Nublado";"Simples";"Reta";"Sim";2;0;1;0;1;0;1;2;-14,855962;-40,879066;"SPRF-BA";"DEL08-BA";"UOP01-DEL08-BA"
137055;2018-05-31;"quinta-feira";"18:20:00";"BA";242;832;"BARREIRAS";"Falta de Atenção à Condução";"Colisão transversal";"Com Vítimas Feridas";"Anoitecer";"Crescente";"Sol";"Simples";"Reta";"Não";7;0;1;0;6;0;1;2;-12,103897;-45,326873;"SPRF-BA";"DEL10-BA";"UOP01-DEL10-BA"
137057;2018-05-31;"quinta-feira";"17:15:00";"MG";262;452;"NOVA SERRANA";"Avarias e/ou desgaste excessivo no pneu";"Capotamento";"Sem Vítimas";"Anoitecer";"Decrescente";"Céu Claro";"Simples";"Reta";"Não";1;0;0;0;1;0;0;1;-19,84115915;-45,04909515;"SPRF-MG";"DEL08-MG";"UOP03-DEL08-MG"
137058;2018-05-31;"quinta-feira";"18:45:00";"PB";405;51;"MARIZOPOLIS";"Falta de Atenção à Condução";"Colisão com objeto estático";"Com Vítimas Fatais";"Plena Noite";"Crescente";"Nublado";"Simples";"Curva";"Não";1;1;0;0;0;0;0;1;-6,846996;-38,358473;"SPRF-PB";"DEL03-PB";"UOP03-DEL03-PB"
137059;2018-05-31;"quinta-feira";"19:20:00";"PR";277;314,5;"GUARAPUAVA";"Falta de Atenção do Pedestre";"Atropelamento de Pedestre";"Com Vítimas Fatais";"Plena Noite";"Crescente";"Chuva";"Simples";"Reta";"Não";3;1;0;0;2;0;0;2;-25,35286867;-51,22783184;"SPRF-PR";"DEL03-PR";"UOP01-DEL08-PR"
137060;2018-05-31;"quinta-feira";"18:45:00";"RJ";116;163;"RIO DE JANEIRO";"Condutor Dormindo";"Saída de leito carroçável";"Com Vítimas Feridas";"Plena Noite";"Decrescente";"Céu Claro";"Dupla";"Reta";"Sim";3;0;3;0;0;0;3;1;-22,816114;-43,324026;"SPRF-RJ";"DEL01-RJ";"UOP01-DEL01-RJ"
137061;2018-05-31;"quinta-feira";"18:35:00";"RS";290;690;"URUGUAIANA";"Defeito na Via";"Queda de ocupante de veículo";"Com Vítimas Feridas";"Plena Noite";"Crescente";"Chuva";"Simples";"Reta";"Não";1;0;1;0;0;0;1;1;-29,87693;-56,7924;"SPRF-RS";"DEL13-RS";"UOP01-DEL13-RS"
137063;2018-05-31;"quinta-feira";"18:40:00";"RJ";116;104;"GUAPIMIRIM";"Ingestão de Álcool";"Colisão transversal";"Sem Vítimas";"Plena Noite";"Decrescente";"Céu Claro";"Dupla";"Retorno Regulamentado";"Não";2;0;0;0;2;0;0;2;-22,5334613;-42,9934668;"SPRF-RJ";"DEL04-RJ";"UOP02-DEL04-RJ"
137064;2018-05-07;"segunda-feira";"20:45:00";"RS";116;520;"PELOTAS";"Falta de Atenção do Pedestre";"Atropelamento de Pedestre";"Com Vítimas Feridas";"Plena Noite";"Crescente";"Céu Claro";"Simples";"Reta";"Sim";4;0;0;2;0;2;2;2;-31,65484264;-52,33743489;"SPRF-RS";"DEL07-RS";"UOP01-DEL07-RS"
137068;2018-05-31;"quinta-feira";"19:30:00";"SP";153;220,8;"MARILIA";"Ingestão de Álcool";"Capotamento";"Com Vítimas Fatais";"Plena Noite";"Decrescente";"Céu Claro";"Simples";"Reta";"Não";1;1;0;0;0;0;0;1;-22,005598;-49,911068;"SPRF-SP";"DEL07-SP";"UOP02-DEL07-SP"
137069;2018-05-31;"quinta-feira";"17:45:00";"SC";282;46,1;"AGUAS MORNAS";"Velocidade Incompatível";"Saída de leito carroçável";"Com Vítimas Feridas";"Plena Noite";"Decrescente";"Céu Claro";"Simples";"Curva";"Não";1;0;1;0;0;0;1;1;-27,721041;-48,925152;"SPRF-SC";"DEL01-SC";"UOP03-DEL01-SC"
137075;2018-05-31;"quinta-feira";"19:30:00";"RS";392;710,2;"PORTO XAVIER";"Velocidade Incompatível";"Saída de leito carroçável";"Com Vítimas Fatais";"Plena Noite";"Crescente";"Garoa/Chuvisco";"Simples";"Curva";"Não";3;1;1;1;0;0;2;1;-27,998459;-55,128761;"SPRF-RS";"DEL10-RS";"UOP01-DEL10-RS"
137076;2018-05-27;"domingo";"11:10:00";"RJ";101;392;"ITAGUAI";"Agressão Externa";"Tombamento";"Com Vítimas Feridas";"Plena Noite";"Crescente";"Céu Claro";"Dupla";"Reta";"Não";2;0;1;1;0;0;2;1;-22,89086348;-43,70408535;"SPRF-RJ";"DEL03-RJ";"UOP01-DEL03-RJ"
137077;2018-05-31;"quinta-feira";"18:30:00";"GO";153;492,6;"GOIANIA";"Falta de Atenção à Condução";"Colisão traseira";"Com Vítimas Feridas";"Plena Noite";"Crescente";"Céu Claro";"Dupla";"Declive;Curva";"Sim";3;0;1;1;1;0;2;2;-16,63670587;-49,20533895;"SPRF-GO";"DEL01-GO";"UOP01-DEL01-GO"
137079;2018-05-31;"quinta-feira";"20:10:00";"TO";153;140,7;"ARAGUAINA";"Ingestão de álcool e/ou substâncias psicoativas pelo pedestre";"Tombamento";"Com Vítimas Feridas";"Plena Noite";"Crescente";"Ignorado";"Múltipla";"Reta";"Sim";1;0;1;0;0;0;1;1;-7,17430537;-48,21799636;"SPRF-TO";"DEL02-TO";"UOP01-DEL02-TO"
137081;2018-05-31;"quinta-feira";"20:45:00";"GO";40;9;"LUZIANIA";"Defeito Mecânico no Veículo";"Saída de leito carroçável";"Com Vítimas Feridas";"Plena Noite";"Decrescente";"Céu Claro";"Dupla";"Reta";"Não";4;0;2;2;0;0;4;1;-16,131158;-47,957739;"SPRF-DF";"DEL01-DF";"UOP01-DEL01-DF"
137083;2018-05-31;"quinta-feira";"21:20:00";"PR";376;179,1;"MARINGA";"Desobediência às normas de trânsito pelo condutor";"Queda de ocupante de veículo";"Com Vítimas Feridas";"Plena Noite";"Crescente";"Céu Claro";"Múltipla";"Reta";"Sim";3;0;1;0;1;1;1;3;-23,418813;-51,914447;"SPRF-PR";"DEL07-PR";"UOP01-DEL09-PR"
137084;2018-05-31;"quinta-feira";"20:50:00";"SE";101;92;"NOSSA SENHORA DO SOCORRO";"Ingestão de Álcool";"Queda de ocupante de veículo";"Com Vítimas Feridas";"Plena Noite";"Decrescente";"Nublado";"Dupla";"Reta";"Sim";1;0;1;0;0;0;1;1;-10,9061;-37,1503;"SPRF-SE";"DEL01-SE";"UOP01-DEL01-SE"
137086;2018-05-31;"quinta-feira";"20:30:00";"GO";414;434,7;"ANAPOLIS";"Velocidade Incompatível";"Saída de leito carroçável";"Com Vítimas Feridas";"Plena Noite";"Decrescente";"Céu Claro";"Simples";"Reta";"Sim";1;0;1;0;0;0;1;1;-16,2441775;-48,93465042;"SPRF-GO";"DEL02-GO";"UOP01-DEL02-GO"
137087;2018-05-31;"quinta-feira";"19:40:00";"MG";50;173;"UBERABA";"Condutor Dormindo";"Colisão traseira";"Com Vítimas Feridas";"Plena Noite";"Decrescente";"Céu Claro";"Dupla";"Reta";"Não";5;0;3;0;2;0;3;2;-19,7707;-47,9739;"SPRF-MG";"DEL13-MG";"UOP01-DEL13-MG"
137088;2018-05-31;"quinta-feira";"17:20:00";"RJ";101;327;"RIO DE JANEIRO";"Avarias e/ou desgaste excessivo no pneu";"Queda de ocupante de veículo";"Com Vítimas Feridas";"Anoitecer";"Crescente";"Céu Claro";"Dupla";"Reta";"Não";2;0;2;0;0;0;2;1;-22,871164;-43,156063;"SPRF-RJ";"DEL02-RJ";"UOP02-DEL02-RJ"
137089;2018-05-31;"quinta-feira";"20:05:00";"MA";222;365;"SANTA INES";"Não guardar distância de segurança";"Colisão traseira";"Sem Vítimas";"Plena Noite";"Decrescente";"Céu Claro";"Simples";"Reta";"Não";2;0;0;0;2;0;0;2;-3,694157;-45,404914;"SPRF-MA";"DEL02-MA";"UI04-DEL02-MA"
137090;2018-05-31;"quinta-feira";"21:20:00";"SC";101;89;"BARRA VELHA";"Falta de Atenção à Condução";"Colisão traseira";"Com Vítimas Feridas";"Plena Noite";"Decrescente";"Nublado";"Simples";"Reta";"Não";2;0;0;2;0;0;2;2;-26,6689;-48,6897;"SPRF-SC";"DEL03-SC";"UOP02-DEL03-SC"
137092;2018-05-31;"quinta-feira";"19:00:00";"SC";282;504,8;"XANXERE";"Falta de Atenção à Condução";"Colisão frontal";"Com Vítimas Feridas";"Plena Noite";"Decrescente";"Nublado";"Simples";"Viaduto";"Sim";2;0;0;1;1;0;1;2;-26,88578223;-52,41450609;"SPRF-SC";"DEL07-SC";"UOP01-DEL07-SC"
137093;2018-05-31;"quinta-feira";"21:30:00";"GO";60;37;"GOIANIA";"Falta de Atenção à Condução";"Colisão transversal";"Sem Vítimas";"Plena Noite";"Crescente";"Céu Claro";"Dupla";"Rotatória";"Sim";2;0;0;0;2;0;0;2;-16,74380085;-49,34382141;"SPRF-GO";"DEL01-GO";"UOP02-DEL01-GO"
137094;2018-05-31;"quinta-feira";"22:10:00";"BA";324;483,6;"SANTA BARBARA";"Falta de Atenção à Condução";"Saída de leito carroçável";"Com Vítimas Feridas";"Plena Noite";"Crescente";"Céu Claro";"Simples";"Reta";"Sim";1;0;0;1;0;0;1;1;-12,01403684;-39,04849201;"SPRF-BA";"DEL02-BA";"UOP01-DEL02-BA"
137095;2018-05-31;"quinta-feira";"21:00:00";"PR";277;347,1;"GUARAPUAVA";"Animais na Pista";"Atropelamento de Animal";"Com Vítimas Feridas";"Plena Noite";"Crescente";"Céu Claro";"Simples";"Reta";"Sim";3;0;3;0;0;0;3;2;-25,37520508;-51,50304794;"SPRF-PR";"DEL03-PR";"UOP01-DEL08-PR"
137096;2018-05-31;"quinta-feira";"19:10:00";"AL";316;84,4;"SANTANA DO IPANEMA";"Falta de Atenção à Condução";"Colisão traseira";"Com Vítimas Feridas";"Plena Noite";"Crescente";"Céu Claro";"Simples";"Interseção de Vias";"Sim";3;0;1;0;2;0;1;2;-9,36762457;-37,24842131;"SPRF-AL";"DEL03-AL";"UOP02-DEL03-AL"
137099;2018-05-31;"quinta-feira";"20:55:00";"SC";280;181,1;"MAFRA";"Condutor Dormindo";"Colisão com objeto estático";"Com Vítimas Feridas";"Plena Noite";"Decrescente";"Nublado";"Simples";"Ponte";"Não";1;0;1;0;0;0;1;1;-26,17261701;-49,89355087;"SPRF-SC";"DEL06-SC";"UOP01-DEL06-SC"
137100;2018-05-31;"quinta-feira";"22:30:00";"SC";101;127,3;"CAMBORIU";"Desobediência às normas de trânsito pelo condutor";"Colisão lateral";"Com Vítimas Feridas";"Plena Noite";"Crescente";"Nublado";"Dupla";"Reta";"Não";2;0;2;0;0;0;2;2;-26,973;-48,6828;"SPRF-SC";"DEL04-SC";"UOP04-DEL04-SC"
137101;2018-05-31;"quinta-feira";"22:30:00";"DF";20;9;"BRASILIA";"Falta de Atenção à Condução";"Capotamento";"Com Vítimas Feridas";"Plena Noite";"Crescente";"Céu Claro";"Dupla";"Reta";"Sim";2;0;2;0;0;0;2;1;-15,654671;-47,782917;"SPRF-DF";"DEL02-DF";"UOP01-DEL02-DF"
137102;2018-05-07;"segunda-feira";"20:00:00";"RS";116;230,3;"IVOTI";"Desobediência às normas de trânsito pelo condutor";"Colisão transversal";"Com Vítimas Feridas";"Plena Noite";"Decrescente";"Céu Claro";"Simples";"Curva";"Sim";2;0;0;1;1;0;1;2;-29,62342219;-51,13343954;"SPRF-RS";"DEL01-RS";"UOP02-DEL01-RS"
137104;2018-05-31;"quinta-feira";"23:30:00";"SC";280;4,8;"SAO FRANCISCO DO SUL";"Falta de Atenção à Condução";"Atropelamento de Pedestre";"Com Vítimas Feridas";"Plena Noite";"Decrescente";"Nublado";"Simples";"Reta";"Sim";3;0;1;1;1;0;2;3;-26,25993193;-48,6254105;"SPRF-SC";"DEL03-SC";"UOP03-DEL03-SC"
137105;2018-05-31;"quinta-feira";"18:50:00";"RJ";101;217;"SILVA JARDIM";"Ultrapassagem Indevida";"Colisão frontal";"Com Vítimas Fatais";"Plena Noite";"Crescente";"Céu Claro";"Simples";"Reta";"Não";4;1;0;1;2;0;1;2;-22,50766;-42,291695;"SPRF-RJ";"DEL02-RJ";"UOP03-DEL02-RJ"
137108;2018-05-31;"quinta-feira";"20:30:00";"PR";376;593,2;"CURITIBA";"Ingestão de Álcool";"Colisão traseira";"Com Vítimas Feridas";"Plena Noite";"Crescente";"Céu Claro";"Dupla";"Interseção de Vias";"Sim";4;0;2;0;0;2;2;3;-25,48206015;-49,34897661;"SPRF-PR";"DEL01-PR";"UOP06-DEL01-PR"
137109;2018-06-01;"sexta-feira";"00:15:00";"PR";277;723,9;"FOZ DO IGUACU";"Desobediência às normas de trânsito pelo condutor";"Colisão transversal";"Com Vítimas Feridas";"Plena Noite";"Decrescente";"Chuva";"Dupla";"Retorno Regulamentado";"Sim";3;0;1;0;2;0;1;2;-25,498783;-54,529865;"SPRF-PR";"DEL05-PR";"UOP01-DEL05-PR"
137110;2018-06-01;"sexta-feira";"00:15:00";"SP";116;269,9;"TABOAO DA SERRA";"Falta de Atenção à Condução";"Colisão transversal";"Com Vítimas Feridas";"Plena Noite";"Decrescente";"Nublado";"Dupla";"Interseção de Vias";"Sim";6;0;2;0;4;0;2;2;-23,60889717;-46,75748527;"SPRF-SP";"DEL04-SP";"UOP01-DEL04-SP"
137111;2018-06-01;"sexta-feira";"00:40:00";"MG";381;863;"POUSO ALEGRE";"Ingestão de Álcool";"Colisão com objeto estático";"Sem Vítimas";"Pleno dia";"Crescente";"Céu Claro";"Dupla";"Curva;Aclive";"Não";3;0;0;0;3;0;0;1;-22,3478;-45,9265;"SPRF-MG";"DEL16-MG";"UOP01-DEL16-MG"
137113;2018-06-01;"sexta-feira";"00:55:00";"SC";101;277,4;"IMBITUBA";"Animais na Pista";"Atropelamento de Animal";"Com Vítimas Feridas";"Plena Noite";"Crescente";"Nublado";"Múltipla";"Reta";"Sim";1;0;1;0;0;0;1;1;-28,1907;-48,6968;"SPRF-SC";"DEL02-SC";"UOP03-DEL02-SC"
137114;2018-06-01;"sexta-feira";"01:45:00";"PA";155;260;"ELDORADO DO CARAJAS";"Falta de Atenção à Condução";"Queda de ocupante de veículo";"Com Vítimas Fatais";"Plena Noite";"Crescente";"Céu Claro";"Simples";"Reta";"Não";1;1;0;0;0;0;0;1;-6,049573;-49,291492;"SPRF-PA";"DEL03-PA";"UOP01-DEL03-PA"
137116;2018-06-01;"sexta-feira";"00:05:00";"SC";163;72;"SAO MIGUEL DO OESTE";"Não guardar distância de segurança";"Colisão transversal";"Sem Vítimas";"Plena Noite";"Crescente";"Chuva";"Dupla";"Reta;Declive";"Sim";2;0;0;0;2;0;0;2;-26,719;-53,515812;"SPRF-SC";"DEL07-SC";"UOP03-DEL07-SC"
137117;2018-06-01;"sexta-feira";"02:00:00";"RO";364;712;"PORTO VELHO";"Falta de Atenção à Condução";"Colisão com objeto estático";"Com Vítimas Fatais";"Plena Noite";"Decrescente";"Céu Claro";"Dupla";"Reta";"Sim";3;2;0;0;1;0;0;1;-8,77501566;-63,87700081;"SPRF-RO";"DEL01-RO";"UOP01-DEL01-RO"
137118;2018-06-01;"sexta-feira";"03:30:00";"ES";101;269,4;"SERRA";"Desobediência às normas de trânsito pelo condutor";"Colisão transversal";"Sem Vítimas";"Plena Noite";"Decrescente";"Nublado";"Múltipla";"Interseção de Vias";"Sim";2;0;0;0;0;2;0;2;-20,20596436;-40,26939332;"SPRF-ES";"DEL02-ES";"UOP01-DEL02-ES"
137120;2018-06-01;"sexta-feira";"02:30:00";"PE";232;254,3;"ARCOVERDE";"Ingestão de Álcool";"Colisão frontal";"Sem Vítimas";"Plena Noite";"Decrescente";"Nublado";"Simples";"Reta";"Sim";2;0;0;0;1;1;0;2;-8,424457;-37,073231;"SPRF-PE";"DEL03-PE";"UOP02-DEL03-PE"
137121;2018-06-01;"sexta-feira";"04:00:00";"CE";20;421,5;"MARACANAU";"Falta de Atenção à Condução";"Saída de leito carroçável";"Sem Vítimas";"Plena Noite";"Decrescente";"Nublado";"Dupla";"Reta";"Não";1;0;0;0;0;1;0;1;-3,76999;-38,670063;"SPRF-CE";"DEL01-CE";"UOP02-DEL01-CE"
137122;2018-06-01;"sexta-feira";"05:15:00";"SC";101;41,9;"JOINVILLE";"Velocidade Incompatível";"Colisão com objeto estático";"Com Vítimas Feridas";"Plena Noite";"Crescente";"Céu Claro";"Múltipla";"Reta";"Sim";2;0;1;0;1;0;1;1;-26,324;-48,8672;"SPRF-SC";"DEL03-SC";"UOP01-DEL03-SC"
137124;2018-06-01;"sexta-feira";"05:10:00";"PR";476;135,2;"CURITIBA";"Falta de Atenção à Condução";"Colisão traseira";"Com Vítimas Feridas";"Plena Noite";"Decrescente";"Nublado";"Dupla";"Reta";"Sim";2;0;1;0;1;0;1;2;-25,485532;-49,266806;"SPRF-PR";"DEL01-PR";"UOP07-DEL01-PR"
137125;2018-06-01;"sexta-feira";"04:30:00";"PR";376;159;"MANDAGUACU";"Falta de Atenção à Condução";"Tombamento";"Com Vítimas Feridas";"Plena Noite";"Crescente";"Céu Claro";"Dupla";"Reta";"Não";1;0;1;0;0;0;1;1;-23,352516;-52,09127;"SPRF-PR";"DEL07-PR";"UOP01-DEL09-PR"
137126;2018-06-01;"sexta-feira";"05:10:00";"PB";101;97;"ALHANDRA";"Não guardar distância de segurança";"Colisão traseira";"Com Vítimas Feridas";"Amanhecer";"Crescente";"Sol";"Dupla";"Reta";"Não";2;0;0;1;1;0;1;2;-7,23578579;-34,92502213;"SPRF-PB";"DEL01-PB";"UOP01-DEL01-PB"
137127;2018-06-01;"sexta-feira";"05:15:00";"RJ";116;313;"ITATIAIA";"Ingestão de Álcool";"Colisão com objeto estático";"Com Vítimas Feridas";"Amanhecer";"Crescente";"Ignorado";"Dupla";"Declive";"Não";2;0;1;0;1;0;1;2;-22,46872245;-44,51268554;"SPRF-RJ";"DEL07-RJ";"DEL5/7-UOP03/RJ"
137128;2018-06-01;"sexta-feira";"05:20:00";"PB";230;96;"GURINHEM";"Falta de Atenção à Condução";"Colisão com objeto estático";"Com Vítimas Fatais";"Amanhecer";"Crescente";"Céu Claro";"Dupla";"Reta";"Não";1;1;0;0;0;0;0;1;-7,1755819;-35,4074404;"SPRF-PB";"DEL01-PB";"UOP03-DEL01-PB"
137129;2018-05-08;"terça-feira";"07:30:00";"BA";324;622;"SALVADOR";"Falta de Atenção à Condução";"Queda de ocupante de veículo";"Com Vítimas Feridas";"Pleno dia";"Crescente";"Ignorado";"Múltipla";"Reta";"Sim";1;0;1;0;0;0;1;1;-12,7927588;-38,4049382;"SPRF-BA";"DEL01-BA";"UOP01-DEL01-BA"
137130;2018-06-01;"sexta-feira";"06:00:00";"MG";40;545;"NOVA LIMA";"Condutor Dormindo";"Colisão com objeto estático";"Sem Vítimas";"Amanhecer";"Decrescente";"Céu Claro";"Dupla";"Aclive;Curva";"Não";1;0;0;0;1;0;0;1;-20,0146;-43,9691;"SPRF-MG";"DEL01-MG";"UOP02-DEL01-MG"
137131;2018-06-01;"sexta-feira";"07:00:00";"GO";60;53;"ABADIANIA";"Animais na Pista";"Saída de leito carroçável";"Com Vítimas Feridas";"Amanhecer";"Decrescente";"Sol";"Dupla";"Curva";"Não";2;0;1;1;0;0;2;1;-16,1737;-48,6483;"SPRF-GO";"DEL02-GO";"UOP01-DEL02-GO"
137133;2018-06-01;"sexta-feira";"07:15:00";"RN";304;48,3;"MOSSORO";"Falta de Atenção à Condução";"Colisão lateral";"Com Vítimas Feridas";"Pleno dia";"Decrescente";"Sol";"Dupla";"Retorno Regulamentado";"Sim";2;0;1;0;1;0;1;2;-5,23070842;-37,32089996;"SPRF-RN";"DEL04-RN";"UOP01-DEL04-RN"
137135;2018-06-01;"sexta-feira";"07:30:00";"SP";116;284;"ITAPECERICA DA SERRA";"Defeito na Via";"Queda de ocupante de veículo";"Com Vítimas Feridas";"Pleno dia";"Decrescente";"Sol";"Simples";"Curva";"Não";1;0;1;0;0;0;1;1;-23,682368;-46,859667;"SPRF-SP";"DEL04-SP";"UOP01-DEL04-SP"
137136;2018-06-01;"sexta-feira";"07:40:00";"GO";153;504,9;"APARECIDA DE GOIANIA";"Falta de Atenção à Condução";"Colisão transversal";"Com Vítimas Feridas";"Pleno dia";"Crescente";"Céu Claro";"Simples";"Reta";"Sim";2;0;1;0;1;0;1;2;-16,7451;-49,2408;"SPRF-GO";"DEL01-GO";"UOP01-DEL01-GO"
137137;2018-05-08;"terça-feira";"07:50:00";"RS";116;265,7;"CANOAS";"Falta de Atenção à Condução";"Colisão traseira";"Com Vítimas Feridas";"Pleno dia";"Crescente";"Sol";"Dupla";"Aclive;Reta;Viaduto";"Sim";2;0;1;0;1;0;1;2;-29,92650436;-51,17781401;"SPRF-RS";"DEL01-RS";"UOP01-DEL01-RS"
137138;2018-06-01;"sexta-feira";"06:20:00";"RJ";40;121;"DUQUE DE CAXIAS";"Falta de Atenção à Condução";"Capotamento";"Com Vítimas Feridas";"Pleno dia";"Decrescente";"Céu Claro";"Múltipla";"Reta";"Não";1;0;1;0;0;0;1;1;-22,7884;-43,2853;"SPRF-RJ";"DEL01-RJ";"UOP01-DEL01-RJ"
137140;2018-06-01;"sexta-feira";"07:20:00";"AL";101;216,8;"PORTO REAL DO COLEGIO";"Velocidade Incompatível";"Capotamento";"Com Vítimas Feridas";"Pleno dia";"Crescente";"Céu Claro";"Dupla";"Curva";"Não";1;0;1;0;0;0;1;1;-10,09836;-36,705189;"SPRF-AL";"DEL02-AL";"UOP02-DEL02-AL"
137144;2018-05-04;"sexta-feira";"17:15:00";"RS";392;95,9;"PELOTAS";"Velocidade Incompatível";"Colisão traseira";"Sem Vítimas";"Pleno dia";"Crescente";"Chuva";"Simples";"Ponte";"Não";2;0;0;0;2;0;0;2;-31,567657;-52,541603;"SPRF-RS";"DEL07-RS";"UOP01-DEL07-RS"
137145;2018-05-12;"sábado";"11:45:00";"RS";116;252,8;"SAPUCAIA DO SUL";"Desobediência às normas de trânsito pelo condutor";"Colisão traseira";"Com Vítimas Feridas";"Pleno dia";"Decrescente";"Céu Claro";"Dupla";"Reta";"Sim";5;0;2;0;3;0;2;2;-29,81668654;-51,16948474;"SPRF-RS";"DEL01-RS";"UOP02-DEL01-RS"
137146;2018-05-10;"quinta-feira";"19:35:00";"RS";101;24,1;"TRES CACHOEIRAS";"Falta de Atenção à Condução";"Colisão lateral";"Com Vítimas Feridas";"Plena Noite";"Crescente";"Nublado";"Simples";"Reta";"Sim";3;0;1;0;2;0;1;2;-29,45108759;-49,91815603;"SPRF-RS";"DEL03-RS";"DEL9/3-UOP03/RS"
137148;2018-06-01;"sexta-feira";"08:10:00";"PR";476;140,3;"CURITIBA";"Falta de Atenção à Condução";"Colisão traseira";"Com Vítimas Feridas";"Pleno dia";"Decrescente";"Céu Claro";"Múltipla";"Reta";"Sim";2;0;1;0;1;0;1;2;-25,52345155;-49,29540183;"SPRF-PR";"DEL01-PR";"UOP07-DEL01-PR"
137149;2018-06-01;"sexta-feira";"08:30:00";"MG";40;791,3;"JUIZ DE FORA";"Falta de Atenção à Condução";"Colisão lateral";"Com Vítimas Feridas";"Pleno dia";"Crescente";"Nublado";"Dupla";"Curva";"Sim";5;0;2;0;3;0;2;2;-21,77952675;-43,42088968;"SPRF-MG";"DEL05-MG";"UOP01-DEL05-MG"
137151;2018-06-01;"sexta-feira";"08:20:00";"BA";101;878;"TEIXEIRA DE FREITAS";"Falta de Atenção à Condução";"Atropelamento de Pedestre";"Com Vítimas Feridas";"Pleno dia";"Crescente";"Céu Claro";"Simples";"Reta";"Sim";2;0;1;0;0;1;1;2;-17,5466;-39,7192;"SPRF-BA";"DEL09-BA";"UOP02-DEL09-BA"
137152;2018-06-01;"sexta-feira";"08:20:00";"SP";116;212;"GUARULHOS";"Avarias e/ou desgaste excessivo no pneu";"Tombamento";"Com Vítimas Feridas";"Pleno dia";"Crescente";"Céu Claro";"Múltipla";"Declive";"Sim";2;0;1;1;0;0;2;1;-23,43663161;-46,43036842;"SPRF-SP";"DEL01-SP";"UOP01-DEL01-SP"
137155;2018-06-01;"sexta-feira";"09:00:00";"SC";101;402,1;"MARACAJA";"Desobediência às normas de trânsito pelo condutor";"Colisão transversal";"Com Vítimas Feridas";"Pleno dia";"Crescente";"Céu Claro";"Simples";"Interseção de Vias";"Sim";2;0;1;0;1;0;1;2;-28,86592915;-49,44844365;"SPRF-SC";"DEL02-SC";"UOP02-DEL02-SC"
137161;2018-06-01;"sexta-feira";"09:00:00";"MG";116;527;"CARATINGA";"Falta de Atenção à Condução";"Colisão traseira";"Com Vítimas Feridas";"Pleno dia";"Crescente";"Nublado";"Simples";"Reta";"Sim";2;0;1;0;1;0;1;2;-19,77447779;-42,13222504;"SPRF-MG";"DEL06-MG";"UOP02-DEL06-MG"
137164;2018-06-01;"sexta-feira";"09:40:00";"RJ";101;328;"RIO DE JANEIRO";"Falta de Atenção à Condução";"Colisão traseira";"Com Vítimas Feridas";"Pleno dia";"Crescente";"Céu Claro";"Dupla";"Declive";"Não";4;0;3;0;1;0;3;2;-22,870275;-43,165936;"SPRF-RJ";"DEL02-RJ";"UOP02-DEL02-RJ"
137165;2018-06-01;"sexta-feira";"09:40:00";"PR";277;63;"SAO JOSE DOS PINHAIS";"Falta de Atenção à Condução";"Colisão traseira";"Com Vítimas Feridas";"Pleno dia";"Decrescente";"Céu Claro";"Dupla";"Reta";"Não";6;0;2;0;4;0;2;4;-25,54472599;-49,05386925;"SPRF-PR";"DEL01-PR";"UOP07-DEL01-PR"
137172;2018-06-01;"sexta-feira";"10:30:00";"SC";470;176;"POUSO REDONDO";"Falta de Atenção do Pedestre";"Atropelamento de Pedestre";"Com Vítimas Feridas";"Pleno dia";"Crescente";"Sol";"Simples";"Interseção de Vias";"Sim";2;0;1;0;1;0;1;2;-27,25724288;-49,93385643;"SPRF-SC";"DEL04-SC";"UOP02-DEL04-SC"
137173;2018-05-03;"quinta-feira";"15:45:00";"RS";116;247,5;"SAO LEOPOLDO";"Falta de Atenção à Condução";"Engavetamento";"Sem Vítimas";"Pleno dia";"Decrescente";"Nublado";"Dupla";"Viaduto";"Sim";6;0;0;0;6;0;0;6;-29,77184957;-51,15405178;"SPRF-RS";"DEL01-RS";"UOP02-DEL01-RS"
137174;2018-06-01;"sexta-feira";"10:50:00";"TO";153;486;"PARAISO DO TOCANTINS";"Desobediência às normas de trânsito pelo condutor";"Saída de leito carroçável";"Com Vítimas Feridas";"Pleno dia";"Crescente";"Céu Claro";"Simples";"Declive";"Não";2;0;1;0;1;0;1;1;-10,093572;-48,865948;"SPRF-TO";"DEL02-TO";"UOP01-DEL01-TO"
137175;2018-05-28;"segunda-feira";"02:00:00";"MG";40;685,1;"RESSAQUINHA";"Avarias e/ou desgaste excessivo no pneu";"Saída de leito carroçável";"Com Vítimas Fatais";"Plena Noite";"Decrescente";"Ignorado";"Simples";"Curva";"Não";3;3;0;0;0;0;0;1;-21,0971;-43,7678;"SPRF-MG";"DEL05-MG";"UOP02-DEL05-MG"