"id";"data_inversa";"dia_semana";"horario";"uf";"br";"km";"municipio";"causa_acidente";"tipo_acidente";"classificacao_acidente";"fase_dia";"sentido_via";"condicao_metereologica";"tipo_pista";"tracado_via";"uso_solo";"pessoas";"mortos";"feridos_leves";"feridos_graves";"ilesos";"ignorados";"feridos";"veiculos";"latitude";"longitude";"regional";"delegacia";"uop"
137296;2018-06-01;"sexta-feira";"23:30:00";"PR";369;178;"ROLANDIA";"Ingestão de Álcool";"Colisão traseira";"Com Vítimas Feridas";"Plena Noite";"Crescente";"Céu Claro";"Simples";"Reta";"Sim";3;0;2;0;1;0;2;2;-23,34566907;-51,38654351;"SPRF-PR";"DEL07-PR";"UOP01-DEL07-PR"
137297;2018-06-01;"sexta-feira";"22:00:00";"SC";101;41,2;"JOINVILLE";"Ingestão de Álcool";"Colisão transversal";"Sem Vítimas";"Plena Noite";"Decrescente";"Nublado";"Simples";"Rotatória";"Sim";2;0;0;0;2;0;0;2;-26,324;-48,8672;"SPRF-SC";"DEL03-SC";"UOP01-DEL03-SC"
137298;2018-06-01;"sexta-feira";"20:00:00";"GO";60;254;"INDIARA";"Falta de Atenção à Condução";"Saída de leito carroçável";"Sem Vítimas";"Plena Noite";"Crescente";"Céu Claro";"Dupla";"Reta";"Sim";1;0;0;0;1;0;0;1;-17,1383;-49,9938;"SPRF-GO";"DEL01-GO";"UOP02-DEL01-GO"
137302;2018-06-01;"sexta-feira";"23:35:00";"DF";20;17;"BRASILIA";"Falta de Atenção à Condução";"Saída de leito carroçável";"Sem Vítimas";"Plena Noite";"Crescente";"Céu Claro";"Dupla";"Declive";"Sim";1;0;0;0;1;0;0;1;-15,621374;-47,71698;"SPRF-DF";"DEL02-DF";"UOP01-DEL02-DF"
137303;2018-06-01;"sexta-feira";"23:00:00";"ES";262;173,2;"IRUPI";"Falta de Atenção do Pedestre";"Atropelamento de Pedestre";"Com Vítimas Feridas";"Plena Noite";"Crescente";"Céu Claro";"Simples";"Reta";"Não";2;0;1;0;0;1;1;2;-20,27003246;-41,6149959;"SPRF-ES";"DEL01-ES";"UOP02-DEL01-ES"
137304;2018-06-01;"sexta-feira";"16:45:00";"MG";40;606;"CONGONHAS";"Desobediência às normas de trânsito pelo condutor";"Saída de leito carroçável";"Com Vítimas Feridas";"Pleno dia";"Crescente";"Céu Claro";"Simples";"Curva";"Não";2;0;2;0;0;0;2;1;-20,469589;-43,843329;"SPRF-MG";"DEL05-MG";"UOP02-DEL05-MG"
137307;2018-06-01;"sexta-feira";"22:49:00";"MS";262;552,5;"MIRANDA";"Animais na Pista";"Atropelamento de Animal";"Sem Vítimas";"Pleno dia";"Decrescente";"Nublado";"Simples";"Reta";"Não";3;0;0;0;3;0;0;1;-20,254944;-56,349498;"SPRF-MS";"DEL03-MS";"UOP02-DEL03-MS"
137309;2018-06-02;"sábado";"01:30:00";"PA";230;112;"MARABA";"Restrição de Visibilidade";"Colisão traseira";"Com Vítimas Fatais";"Plena Noite";"Crescente";"Céu Claro";"Simples";"Reta";"Não";2;1;0;1;0;0;1;2;-5,369113;-49,048855;"SPRF-PA";"DEL03-PA";"UOP01-DEL03-PA"
137310;2018-06-02;"sábado";"01:40:00";"PR";376;182;"MARINGA";"Ingestão de Álcool";"Saída de leito carroçável";"Com Vítimas Feridas";"Plena Noite";"Crescente";"Nublado";"Dupla";"Rotatória";"Sim";2;0;1;0;1;0;1;1;-23,43226585;-51,88760069;"SPRF-PR";"DEL07-PR";"UOP01-DEL09-PR"
137311;2018-06-02;"sábado";"01:00:00";"MG";381;341;"BELA VISTA DE MINAS";"Falta de Atenção à Condução";"Saída de leito carroçável";"Com Vítimas Feridas";"Plena Noite";"Crescente";"Céu Claro";"Simples";"Curva";"Sim";1;0;1;0;0;0;1;1;-19,7784;-43,0437;"SPRF-MG";"DEL03-MG";"UOP01-DEL03-MG"
137312;2018-06-02;"sábado";"01:25:00";"PR";476;122;"CURITIBA";"Desobediência às normas de trânsito pelo condutor";"Colisão transversal";"Com Vítimas Feridas";"Plena Noite";"Decrescente";"Nublado";"Dupla";"Reta";"Sim";2;0;1;0;1;0;1;2;-25,38892092;-49,2015132;"SPRF-PR";"DEL01-PR";"UOP01-DEL01-PR"
137313;2018-06-02;"sábado";"03:00:00";"PE";408;58,9;"TRACUNHAEM";"Velocidade Incompatível";"Atropelamento de Pedestre";"Com Vítimas Fatais";"Plena Noite";"Crescente";"Céu Claro";"Simples";"Reta";"Sim";3;1;0;0;1;1;0;2;-7,8071455;-35,2434057;"SPRF-PE";"DEL01-PE";"UOP01-DEL01-PE"
137315;2018-06-02;"sábado";"04:35:00";"SP";153;27,4;"NOVA GRANADA";"Desobediência às normas de trânsito pelo condutor";"Colisão frontal";"Com Vítimas Feridas";"Plena Noite";"Decrescente";"Céu Claro";"Simples";"Curva";"Não";2;0;0;2;0;0;2;2;-20,51664;-49,323743;"SPRF-SP";"DEL09-SP";"UOP01-DEL09-SP"
137316;2018-04-27;"sexta-feira";"17:45:00";"SE";235;52,3;"ITABAIANA";"Falta de Atenção do Pedestre";"Atropelamento de Pedestre";"Com Vítimas Feridas";"Anoitecer";"Decrescente";"Nublado";"Simples";"Reta";"Sim";3;0;0;1;1;1;1;2;-10,693279;-37,437557;"SPRF-SE";"DEL01-SE";"UOP02-DEL01-SE"
137317;2018-06-02;"sábado";"05:20:00";"PE";101;62;"RECIFE";"Ingestão de Álcool";"Colisão com objeto estático";"Sem Vítimas";"Pleno dia";"Decrescente";"Vento";"Múltipla";"Reta";"Não";1;0;0;0;1;0;0;1;-8,0087;-34,9375;"SPRF-PE";"DEL01-PE";"UOP02-DEL01-PE"
137318;2018-06-02;"sábado";"05:20:00";"CE";222;20,8;"CAUCAIA";"Ingestão de Álcool";"Colisão frontal";"Com Vítimas Feridas";"Amanhecer";"Crescente";"Céu Claro";"Simples";"Reta";"Não";2;0;1;0;1;0;1;2;-3,73446412;-38,74828577;"SPRF-CE";"DEL01-CE";"UOP01-DEL01-CE"
137319;2018-06-02;"sábado";"05:15:00";"SC";470;4,2;"NAVEGANTES";"Falta de Atenção à Condução";"Capotamento";"Com Vítimas Feridas";"Plena Noite";"Crescente";"Nublado";"Simples";"Reta";"Não";1;0;1;0;0;0;1;1;-26,858473;-48,690788;"SPRF-SC";"DEL04-SC";"UOP04-DEL04-SC"
137320;2018-06-02;"sábado";"04:30:00";"SE";235;19,5;"NOSSA SENHORA DO SOCORRO";"Ingestão de Álcool";"Colisão transversal";"Com Vítimas Feridas";"Amanhecer";"Decrescente";"Chuva";"Simples";"Reta";"Não";2;0;1;0;1;0;1;2;-10,84079;-37,215904;"SPRF-SE";"DEL01-SE";"UOP01-DEL01-SE"
137321;2018-06-02;"sábado";"04:30:00";"GO";414;400,6;"ABADIANIA";"Condutor Dormindo";"Colisão frontal";"Com Vítimas Feridas";"Plena Noite";"Crescente";"Céu Claro";"Simples";"Reta;Declive";"Não";3;0;2;1;0;0;3;2;-15,98030817;-48,82736206;"SPRF-GO";"DEL02-GO";"UOP01-DEL02-GO"
137325;2018-06-02;"sábado";"05:20:00";"SC";101;213,1;"PALHOCA";"Falta de Atenção à Condução";"Colisão traseira";"Com Vítimas Feridas";"Plena Noite";"Crescente";"Chuva";"Múltipla";"Interseção de Vias";"Não";2;0;0;1;1;0;1;2;-27,6446;-48,6705;"SPRF-SC";"DEL01-SC";"UOP02-DEL01-SC"
137326;2018-06-02;"sábado";"06:00:00";"RJ";101;55,8;"CAMPOS DOS GOYTACAZES";"Falta de Atenção à Condução";"Atropelamento de Pedestre";"Com Vítimas Fatais";"Amanhecer";"Decrescente";"Céu Claro";"Simples";"Reta";"Sim";2;1;0;0;1;0;0;2;-21,6857762;-41,311024;"SPRF-RJ";"DEL08-RJ";"UOP01-DEL08-RJ"
137328;2018-06-02;"sábado";"05:55:00";"RN";101;84,6;"SAO GONCALO DO AMARANTE";"Desobediência às normas de trânsito pelo condutor";"Colisão transversal";"Com Vítimas Feridas";"Pleno dia";"Crescente";"Céu Claro";"Múltipla";"Reta";"Sim";2;0;1;0;1;0;1;2;-5,77551027;-35,25328159;"SPRF-RN";"DEL02-RN";"UOP01-DEL02-RN"
137329;2018-06-02;"sábado";"05:45:00";"PR";277;3,1;"PARANAGUA";"Falta de Atenção à Condução";"Colisão com objeto estático";"Com Vítimas Feridas";"Amanhecer";"Decrescente";"Nublado";"Simples";"Reta";"Não";2;0;0;1;0;1;1;1;-25,53923605;-48,55804548;"SPRF-PR";"DEL01-PR";"UOP05-DEL01-PR"
137331;2018-06-02;"sábado";"06:50:00";"PR";376;107;"PARANAVAI";"Falta de Atenção à Condução";"Colisão transversal";"Com Vítimas Feridas";"Pleno dia";"Crescente";"Céu Claro";"Simples";"Reta";"Sim";2;0;1;0;1;0;1;2;-23,0508023;-52,44701349;"SPRF-PR";"DEL07-PR";"UOP02-DEL09-PR"
137332;2018-06-02;"sábado";"07:15:00";"SE";235;11;"NOSSA SENHORA DO SOCORRO";"Ingestão de Álcool";"Colisão lateral";"Sem Vítimas";"Pleno dia";"Decrescente";"Nublado";"Simples";"Curva";"Não";2;0;0;0;2;0;0;2;-10,87870499;-37,14913121;"SPRF-SE";"DEL01-SE";"UOP01-DEL01-SE"
137335;2018-06-02;"sábado";"07:30:00";"BA";324;512,4;"FEIRA DE SANTANA";"Falta de Atenção à Condução";"Colisão transversal";"Com Vítimas Feridas";"Pleno dia";"Decrescente";"Nublado";"Simples";"Reta;Viaduto";"Sim";2;0;0;1;1;0;1;2;-12,23208;-38,95374;"SPRF-BA";"DEL02-BA";"UOP01-DEL02-BA"
137336;2018-06-02;"sábado";"07:18:00";"MG";116;416,9;"GOVERNADOR VALADARES";"Falta de Atenção à Condução";"Colisão lateral";"Com Vítimas Feridas";"Pleno dia";"Crescente";"Céu Claro";"Simples";"Curva";"Sim";3;0;3;0;0;0;3;2;-18,89639502;-41,94780707;"SPRF-MG";"DEL06-MG";"UOP01-DEL06-MG"
137338;2018-06-02;"sábado";"07:40:00";"RJ";393;132;"SAPUCAIA";"Falta de Atenção à Condução";"Colisão traseira";"Com Vítimas Feridas";"Amanhecer";"Crescente";"Nevoeiro/Neblina";"Simples";"Aclive";"Sim";2;0;1;0;1;0;1;2;-22,00497076;-42,9339695;"SPRF-RJ";"DEL06-RJ";"UOP01-DEL05-RJ"
137339;2018-06-02;"sábado";"07:00:00";"RN";110;43,2;"AREIA BRANCA";"Desobediência às normas de trânsito pelo condutor";"Colisão transversal";"Com Vítimas Feridas";"Pleno dia";"Crescente";"Céu Claro";"Simples";"Reta";"Não";3;0;0;1;0;2;1;3;-5;-37;"SPRF-RN";"DEL04-RN";"UOP01-DEL04-RN"
137340;2018-06-02;"sábado";"07:50:00";"PA";163;1002;"SANTAREM";"Falta de Atenção à Condução";"Colisão lateral";"Com Vítimas Feridas";"Pleno dia";"Crescente";"Céu Claro";"Simples";"Reta";"Não";1;0;1;0;0;0;1;1;-2,44676099;-54,73058224;"SPRF-PA";"DEL05-PA";"UOP01-DEL05-PA"
137346;2018-06-02;"sábado";"07:50:00";"PI";316;6,3;"TERESINA";"Falta de Atenção à Condução";"Colisão traseira";"Com Vítimas Feridas";"Pleno dia";"Crescente";"Céu Claro";"Simples";"Rotatória";"Sim";2;0;0;1;1;0;1;2;-5,0446853;-42,7662325;"SPRF-PI";"DEL01-PI";"UOP02-DEL01-PI"
137348;2018-05-29;"terça-feira";"21:45:00";"PR";0;0;"COLOMBO";"Não guardar distância de segurança";"Colisão traseira";"Com Vítimas Feridas";"Plena Noite";"Não Informado";"Garoa/Chuvisco";"Dupla";"Reta";"Sim";2;0;2;0;0;0;2;1;-25,38647835;-49,17526418;"SPRF-PR";"DEL01-PR";"UOP02-DEL01-PR"
137349;2018-06-02;"sábado";"06:40:00";"MG";262;427,2;"SAO GONCALO DO PARA";"Falta de Atenção à Condução";"Colisão traseira";"Com Vítimas Feridas";"Amanhecer";"Crescente";"Nevoeiro/Neblina";"Dupla";"Aclive";"Não";2;0;1;0;1;0;1;2;-19,8947;-44,8464;"SPRF-MG";"DEL08-MG";"UOP03-DEL08-MG"
137351;2018-06-02;"sábado";"07:30:00";"RJ";393;239,9;"VASSOURAS";"Falta de Atenção à Condução";"Saída de leito carroçável";"Com Vítimas Feridas";"Pleno dia";"Crescente";"Céu Claro";"Simples";"Reta";"Não";2;0;1;0;1;0;1;1;-22,4280403;-43,7091742;"SPRF-RJ";"DEL05-RJ";"UOP03-DEL05-RJ"
137352;2018-06-02;"sábado";"08:20:00";"SC";101;192;"BIGUACU";"Ingestão de Álcool";"Colisão com objeto estático";"Sem Vítimas";"Pleno dia";"Crescente";"Garoa/Chuvisco";"Dupla";"Curva";"Sim";1;0;0;0;1;0;0;1;-27,4897;-48,6559;"SPRF-SC";"DEL01-SC";"UOP01-DEL01-SC"
137354;2018-05-29;"terça-feira";"22:35:00";"PR";116;136,7;"MANDIRITUBA";"Animais na Pista";"Atropelamento de Animal";"Sem Vítimas";"Plena Noite";"Crescente";"Nublado";"Dupla";"Reta";"Sim";1;0;0;0;1;0;0;1;-25,73186964;-49,31779124;"SPRF-PR";"DEL01-PR";"UOP03-DEL01-PR"
137357;2018-06-02;"sábado";"08:20:00";"PR";277;246,9;"IRATI";"Avarias e/ou desgaste excessivo no pneu";"Colisão frontal";"Com Vítimas Feridas";"Pleno dia";"Decrescente";"Chuva";"Simples";"Curva";"Não";2;0;0;1;1;0;1;2;-25,44178261;-50,69765568;"SPRF-PR";"DEL03-PR";"UOP02-DEL08-PR"
137358;2018-06-02;"sábado";"09:00:00";"RS";158;150;"PANAMBI";"Ultrapassagem Indevida";"Saída de leito carroçável";"Com Vítimas Feridas";"Pleno dia";"Crescente";"Garoa/Chuvisco";"Simples";"Curva";"Não";2;0;2;0;0;0;2;1;-28,2226594;-53,47133875;"SPRF-RS";"DEL10-RS";"UOP02-DEL10-RS"
137361;2018-06-02;"sábado";"07:20:00";"RJ";101;299;"SAO GONCALO";"Falta de Atenção à Condução";"Colisão traseira";"Com Vítimas Feridas";"Pleno dia";"Decrescente";"Céu Claro";"Dupla";"Reta";"Sim";6;0;0;1;5;0;1;3;-22,774326;-42,938232;"SPRF-RJ";"DEL02-RJ";"DEL5/2-UOP04/RJ"
137362;2018-06-02;"sábado";"09:10:00";"BA";324;512;"FEIRA DE SANTANA";"Falta de Atenção do Pedestre";"Atropelamento de Pedestre";"Com Vítimas Feridas";"Pleno dia";"Crescente";"Nublado";"Simples";"Reta";"Sim";3;0;1;1;1;0;2;2;-12,2313;-38,95939;"SPRF-BA";"DEL02-BA";"UOP01-DEL02-BA"
137363;2018-05-04;"sexta-feira";"22:50:00";"RJ";101;270,8;"RIO BONITO";"Falta de Atenção à Condução";"Colisão lateral";"Com Vítimas Feridas";"Plena Noite";"Crescente";"Céu Claro";"Dupla";"Reta";"Sim";2;0;1;0;1;0;1;2;-22,718523;-42,686893;"SPRF-RJ";"DEL02-RJ";"UOP03-DEL02-RJ"
137364;2018-06-02;"sábado";"09:30:00";"PE";407;125;"PETROLINA";"Desobediência às normas de trânsito pelo condutor";"Colisão lateral";"Com Vítimas Feridas";"Pleno dia";"Decrescente";"Céu Claro";"Dupla";"Reta";"Sim";2;0;0;1;1;0;1;2;-9,381029;-40,532126;"SPRF-PE";"DEL06-PE";"UOP01-DEL06-PE"
137365;2018-06-02;"sábado";"09:50:00";"BA";110;154;"RIBEIRA DO POMBAL";"Ultrapassagem Indevida";"Colisão lateral";"Com Vítimas Feridas";"Pleno dia";"Crescente";"Céu Claro";"Simples";"Reta";"Não";2;0;1;0;1;0;1;2;-10,70480376;-38,45798492;"SPRF-BA";"DEL07-BA";"UOP02-DEL07-BA"
137366;2018-06-02;"sábado";"09:25:00";"RJ";116;189;"QUEIMADOS";"Não guardar distância de segurança";"Engavetamento";"Com Vítimas Feridas";"Pleno dia";"Crescente";"Céu Claro";"Dupla";"Reta";"Sim";6;0;1;0;5;0;1;5;-22,735756;-43,546619;"SPRF-RJ";"DEL01-RJ";"UOP03-DEL01-RJ"
137368;2018-06-02;"sábado";"09:00:00";"GO";40;45;"LUZIANIA";"Desobediência às normas de trânsito pelo condutor";"Saída de leito carroçável";"Com Vítimas Feridas";"Pleno dia";"Crescente";"Céu Claro";"Simples";"Aclive";"Não";1;0;1;0;0;0;1;1;-16,40687077;-47,82283975;"SPRF-DF";"DEL01-DF";"UOP02-DEL01-DF"
137370;2018-06-02;"sábado";"09:40:00";"SP";116;59,4;"LORENA";"Falta de Atenção à Condução";"Colisão transversal";"Com Vítimas Feridas";"Pleno dia";"Decrescente";"Céu Claro";"Dupla";"Reta";"Não";2;0;1;0;1;0;1;2;-22,785603;-45,153458;"SPRF-SP";"DEL08-SP";"UOP01-DEL08-SP"
137371;2018-06-02;"sábado";"09:28:00";"SC";280;41;"ARAQUARI";"Falta de Atenção à Condução";"Saída de leito carroçável";"Com Vítimas Feridas";"Pleno dia";"Crescente";"Garoa/Chuvisco";"Simples";"Reta";"Não";1;0;1;0;0;0;1;1;-26,44862565;-48,83404076;"SPRF-SC";"DEL03-SC";"UOP03-DEL03-SC"
137374;2018-06-02;"sábado";"10:14:00";"SP";116;161,8;"JACAREI";"Não guardar distância de segurança";"Colisão traseira";"Com Vítimas Feridas";"Pleno dia";"Crescente";"Céu Claro";"Dupla";"Reta";"Não";3;0;0;1;2;0;1;2;-23,276519;-45,978615;"SPRF-SP";"DEL02-SP";"UOP01-DEL02-SP"
137375;2018-06-02;"sábado";"10:50:00";"RS";116;247,6;"SAO LEOPOLDO";"Desobediência às normas de trânsito pelo condutor";"Colisão transversal";"Sem Vítimas";"Pleno dia";"Crescente";"Céu Claro";"Simples";"Interseção de Vias";"Sim";2;0;0;0;2;0;0;2;-29,77260593;-51,1543658;"SPRF-RS";"DEL01-RS";"UOP02-DEL01-RS"
137376;2018-04-21;"sábado";"00:15:00";"MT";70;659;"CACERES";"Objeto estático sobre o leito carroçável";"Saída de leito carroçável";"Com Vítimas Feridas";"Plena Noite";"Crescente";"Nublado";"Simples";"Reta";"Não";5;0;4;0;1;0;4;1;-16,04052907;-57,25763887;"SPRF-MT";"DEL03-MT";"UOP02-DEL03-MT"
137377;2018-06-02;"sábado";"11:30:00";"SP";116;280,7;"EMBU DAS ARTES";"Animais na Pista";"Atropelamento de Animal";"Com Vítimas Feridas";"Pleno dia";"Crescente";"Sol";"Dupla";"Reta";"Sim";2;0;0;1;1;0;1;2;-23,648839;-46,84377;"SPRF-SP";"DEL04-SP";"UOP01-DEL04-SP"
137378;2018-06-02;"sábado";"11:10:00";"PR";376;617,1;"SAO JOSE DOS PINHAIS";"Velocidade Incompatível";"Capotamento";"Com Vítimas Feridas";"Pleno dia";"Crescente";"Chuva";"Dupla";"Declive;Curva";"Não";2;0;1;0;1;0;1;1;-25,59192645;-49,1719597;"SPRF-PR";"DEL01-PR";"DEL7/1-UOP08/PR"
137380;2018-06-02;"sábado";"11:45:00";"SP";116;212,6;"GUARULHOS";"Avarias e/ou desgaste excessivo no pneu";"Colisão com objeto estático";"Com Vítimas Fatais";"Pleno dia";"Crescente";"Céu Claro";"Múltipla";"Reta";"Sim";9;3;0;2;4;0;2;3;-23,43875784;-46,43479943;"SPRF-SP";"DEL01-SP";"UOP01-DEL01-SP"
137381;2018-06-02;"sábado";"11:15:00";"PE";232;410,1;"SERRA TALHADA";"Falta de Atenção à Condução";"Colisão lateral";"Sem Vítimas";"Pleno dia";"Decrescente";"Céu Claro";"Simples";"Reta";"Sim";2;0;0;0;1;1;0;2;-7,981944;-38,289467;"SPRF-PE";"DEL04-PE";"UOP01-DEL04-PE"
137383;2018-05-18;"sexta-feira";"14:45:00";"BA";324;609,8;"SIMOES FILHO";"Falta de Atenção à Condução";"Colisão traseira";"Com Vítimas Feridas";"Pleno dia";"Decrescente";"Céu Claro";"Dupla";"Reta";"Sim";5;0;1;0;2;2;1;4;-12,83760719;-38,41367349;"SPRF-BA";"DEL01-BA";"UOP01-DEL01-BA"
137385;2018-05-14;"segunda-feira";"10:50:00";"PB";230;131,1;"MASSARANDUBA";"Falta de Atenção à Condução";"Saída de leito carroçável";"Com Vítimas Feridas";"Pleno dia";"Crescente";"Céu Claro";"Dupla";"Retorno Regulamentado";"Não";1;0;1;0;0;0;1;1;-7,27735502;-35,73655665;"SPRF-PB";"DEL02-PB";"UOP01-DEL02-PB"
137386;2018-06-02;"sábado";"12:00:00";"SC";101;212;"PALHOCA";"Objeto estático sobre o leito carroçável";"Tombamento";"Com Vítimas Feridas";"Pleno dia";"Decrescente";"Céu Claro";"Múltipla";"Reta";"Sim";1;0;1;0;0;0;1;1;-27,6372;-48,6651;"SPRF-SC";"DEL01-SC";"UOP02-DEL01-SC"
137388;2018-06-02;"sábado";"11:40:00";"PR";373;198;"IPIRANGA";"Falta de Atenção à Condução";"Saída de leito carroçável";"Com Vítimas Feridas";"Pleno dia";"Decrescente";"Chuva";"Simples";"Curva";"Sim";1;0;1;0;0;0;1;1;-25,07492448;-50,39724559;"SPRF-PR";"DEL03-PR";"UOP01-DEL03-PR"
137389;2018-06-02;"sábado";"12:20:00";"SC";101;140;"BALNEARIO CAMBORIU";"Falta de Atenção à Condução";"Tombamento";"Com Vítimas Feridas";"Pleno dia";"Crescente";"Nublado";"Simples";"Reta";"Não";1;0;1;0;0;0;1;1;-27,0478;-48,5981;"SPRF-SC";"DEL04-SC";"UOP03-DEL04-SC"
137390;2018-06-02;"sábado";"12:00:00";"DF";20;5;"BRASILIA";"Falta de Atenção à Condução";"Colisão lateral";"Com Vítimas Feridas";"Pleno dia";"Crescente";"Céu Claro";"Múltipla";"Declive";"Sim";2;0;1;0;1;0;1;2;-15,66700703;-47,81458676;"SPRF-DF";"DEL02-DF";"UOP01-DEL02-DF"
137392;2018-06-02;"sábado";"12:30:00";"PA";316;5;"ANANINDEUA";"Falta de Atenção do Pedestre";"Atropelamento de Pedestre";"Com Vítimas Feridas";"Pleno dia";"Crescente";"Céu Claro";"Dupla";"Reta";"Sim";3;0;1;0;2;0;1;3;-1,38062466;-48,39829981;"SPRF-PA";"DEL01-PA";"DEL19/1-UOP05/PA"
137393;2018-06-02;"sábado";"12:49:00";"PE";424;89,8;"GARANHUNS";"Não guardar distância de segurança";"Queda de ocupante de veículo";"Com Vítimas Feridas";"Pleno dia";"Crescente";"Céu Claro";"Simples";"Curva";"Não";3;0;3;0;0;0;3;1;-8,8946;-36,5004;"SPRF-PE";"DEL03-PE";"UOP01-DEL03-PE"
137394;2018-06-02;"sábado";"13:00:00";"RN";101;83;"SAO GONCALO DO AMARANTE";"Não guardar distância de segurança";"Colisão traseira";"Com Vítimas Feridas";"Pleno dia";"Decrescente";"Céu Claro";"Dupla";"Reta";"Sim";5;0;1;0;4;0;1;2;-5,77033157;-35,26834273;"SPRF-RN";"DEL02-RN";"UOP01-DEL02-RN"
137395;2018-06-02;"sábado";"12:45:00";"PR";277;714,6;"SANTA TEREZINHA DE ITAIPU";"Defeito Mecânico no Veículo";"Saída de leito carroçável";"Sem Vítimas";"Pleno dia";"Decrescente";"Nublado";"Dupla";"Reta";"Não";1;0;0;0;1;0;0;1;-25,46755094;-54,45470899;"SPRF-PR";"DEL05-PR";"UOP01-DEL05-PR"
137396;2018-06-02;"sábado";"11:30:00";"PI";407;468,7;"JAICOS";"Desobediência às normas de trânsito pelo condutor";"Colisão frontal";"Com Vítimas Feridas";"Pleno dia";"Decrescente";"Céu Claro";"Simples";"Reta";"Sim";3;0;0;2;1;0;2;2;-7,355786;-41,144203;"SPRF-PI";"DEL04-PI";"UOP01-DEL04-PI"
137397;2018-05-25;"sexta-feira";"08:30:00";"ES";262;113;"VENDA NOVA DO IMIGRANTE";"Pista Escorregadia";"Saída de leito carroçável";"Sem Vítimas";"Pleno dia";"Decrescente";"Chuva";"Simples";"Curva";"Não";1;0;0;0;1;0;0;1;-20,33239404;-41,20422363;"SPRF-ES";"DEL01-ES";"UOP02-DEL01-ES"
137398;2018-06-02;"sábado";"11:00:00";"RN";406;169;"SAO GONCALO DO AMARANTE";"Pista Escorregadia";"Tombamento";"Com Vítimas Feridas";"Pleno dia";"Decrescente";"Céu Claro";"Dupla";"Reta";"Sim";1;0;1;0;0;0;1;1;-5,75059004;-35,32121658;"SPRF-RN";"DEL02-RN";"UOP01-DEL02-RN"
137400;2018-06-02;"sábado";"13:10:00";"RJ";101;62;"CAMPOS DOS GOYTACAZES";"Não guardar distância de segurança";"Colisão traseira";"Com Vítimas Feridas";"Pleno dia";"Decrescente";"Sol";"Simples";"Reta";"Não";2;0;1;0;1;0;1;2;-21,734707;-41,325024;"SPRF-RJ";"DEL08-RJ";"UOP01-DEL08-RJ"
137402;2018-06-02;"sábado";"10:30:00";"ES";101;213,2;"IBIRACU";"Desobediência às normas de trânsito pelo condutor";"Colisão transversal";"Com Vítimas Feridas";"Pleno dia";"Crescente";"Sol";"Simples";"Reta";"Sim";2;0;0;1;1;0;1;2;-19,82528373;-40,36942363;"SPRF-ES";"DEL02-ES";"UOP01-DEL02-ES"
137403;2018-06-02;"sábado";"13:25:00";"SE";101;107,4;"SAO CRISTOVAO";"Falta de Atenção à Condução";"Colisão lateral";"Com Vítimas Feridas";"Pleno dia";"Crescente";"Nublado";"Dupla";"Reta";"Não";2;0;1;0;1;0;1;2;-10,9645;-37,2658;"SPRF-SE";"DEL02-SE";"UOP01-DEL02-SE"
137404;2018-06-02;"sábado";"13:30:00";"SP";116;123,9;"CACAPAVA";"Avarias e/ou desgaste excessivo no pneu";"Queda de ocupante de veículo";"Com Vítimas Feridas";"Pleno dia";"Decrescente";"Céu Claro";"Dupla";"Reta";"Não";2;0;2;0;0;0;2;1;-23,087582;-45,669758;"SPRF-SP";"DEL06-SP";"UOP02-DEL02-SP"
137405;2018-06-02;"sábado";"13:30:00";"GO";60;224;"CEZARINA";"Falta de Atenção à Condução";"Saída de leito carroçável";"Sem Vítimas";"Pleno dia";"Crescente";"Céu Claro";"Dupla";"Reta";"Não";2;0;0;0;2;0;0;2;-17,03052504;-49,77828026;"SPRF-GO";"DEL01-GO";"UOP02-DEL01-GO"
137407;2018-06-02;"sábado";"14:20:00";"PR";376;600;"CURITIBA";"Velocidade Incompatível";"Saída de leito carroçável";"Com Vítimas Feridas";"Pleno dia";"Decrescente";"Nublado";"Simples";"Curva";"Sim";2;0;2;0;0;0;2;1;-25,53833697;-49,31230545;"SPRF-PR";"DEL01-PR";"UOP06-DEL01-PR"
137408;2018-06-02;"sábado";"14:20:00";"AL";316;241;"ATALAIA";"Desobediência às normas de trânsito pelo condutor";"Colisão transversal";"Com Vítimas Feridas";"Pleno dia";"Crescente";"Garoa/Chuvisco";"Simples";"Interseção de Vias";"Sim";1;0;0;1;0;0;1;1;-9,50738895;-36,02104259;"SPRF-AL";"DEL01-AL";"UOP01-DEL01-AL"
137409;2018-06-02;"sábado";"13:00:00";"PR";476;127;"CURITIBA";"Velocidade Incompatível";"Colisão com objeto estático";"Com Vítimas Feridas";"Pleno dia";"Crescente";"Garoa/Chuvisco";"Dupla";"Reta";"Sim";2;0;1;0;1;0;1;2;-25,425167;-49,227158;"SPRF-PR";"DEL01-PR";"UOP07-DEL01-PR"
137411;2018-06-02;"sábado";"13:50:00";"SP";459;15,7;"PIQUETE";"Ultrapassagem Indevida";"Colisão transversal";"Com Vítimas Feridas";"Pleno dia";"Crescente";"Sol";"Simples";"Interseção de Vias";"Sim";2;0;1;0;1;0;1;2;-22,61882412;-45,16818523;"SPRF-SP";"DEL08-SP";"UOP03-DEL08-SP"