"id";"data_inversa";"dia_semana";"horario";"uf";"br";"km";"municipio";"causa_acidente";"tipo_acidente";"classificacao_acidente";"fase_dia";"sentido_via";"condicao_metereologica";"tipo_pista";"tracado_via";"uso_solo";"pessoas";"mortos";"feridos_leves";"feridos_graves";"ilesos";"ignorados";"feridos";"veiculos";"latitude";"longitude";"regional";"delegacia";"uop"
137413;2018-06-02;"sábado";"11:30:00";"RJ";116;120;"MAGE";"Falta de Atenção à Condução";"Colisão traseira";"Com Vítimas Feridas";"Pleno dia";"Decrescente";"Sol";"Dupla";"Reta";"Não";2;0;1;0;1;0;1;2;-22,621939;-43,04364;"SPRF-RJ";"DEL04-RJ";"UOP02-DEL04-RJ"
137414;2018-06-02;"sábado";"14:20:00";"PB";101;83,2;"BAYEUX";"Falta de Atenção do Pedestre";"Atropelamento de Pedestre";"Com Vítimas Feridas";"Pleno dia";"Decrescente";"Nublado";"Dupla";"Reta";"Sim";2;0;1;0;1;0;1;2;-7,1366;-34,9264;"SPRF-PB";"DEL01-PB";"UOP01-DEL01-PB"
137415;2018-06-02;"sábado";"15:10:00";"MG";381;479,7;"CONTAGEM";"Falta de Atenção à Condução";"Colisão traseira";"Com Vítimas Feridas";"Pleno dia";"Decrescente";"Sol";"Dupla";"Reta";"Sim";2;0;1;0;1;0;1;2;-19,95911022;-44,06400561;"SPRF-MG";"DEL01-MG";"UOP03-DEL01-MG"
137416;2018-06-02;"sábado";"14:07:00";"GO";50;279,3;"CATALAO";"Desobediência às normas de trânsito pelo condutor";"Colisão traseira";"Com Vítimas Feridas";"Pleno dia";"Crescente";"Céu Claro";"Simples";"Reta";"Sim";3;0;1;0;2;0;1;2;-18,17508932;-47,93128967;"SPRF-GO";"DEL06-GO";"UOP01-DEL06-GO"
137417;2018-06-02;"sábado";"15:30:00";"PR";376;616,6;"SAO JOSE DOS PINHAIS";"Pista Escorregadia";"Saída de leito carroçável";"Com Vítimas Feridas";"Pleno dia";"Crescente";"Chuva";"Dupla";"Curva";"Sim";2;0;0;2;0;0;2;1;-25,58381175;-49,1768128;"SPRF-PR";"DEL01-PR";"DEL7/1-UOP08/PR"
137419;2018-06-02;"sábado";"11:30:00";"MG";262;178,5;"SAO DOMINGOS DO PRATA";"Condutor Dormindo";"Capotamento";"Com Vítimas Feridas";"Pleno dia";"Crescente";"Sol";"Simples";"Curva";"Não";3;0;2;0;1;0;2;1;-19,92631227;-42,9821071;"SPRF-MG";"DEL03-MG";"UOP01-DEL03-MG"
137420;2018-06-02;"sábado";"14:30:00";"RJ";116;177;"NOVA IGUACU";"Não guardar distância de segurança";"Colisão traseira";"Com Vítimas Feridas";"Pleno dia";"Crescente";"Céu Claro";"Múltipla";"Reta";"Não";4;0;3;0;1;0;3;3;-22,75026409;-43,44048036;"SPRF-RJ";"DEL01-RJ";"UOP02-DEL01-RJ"
137422;2018-06-02;"sábado";"16:30:00";"PI";343;340,7;"TERESINA";"Falta de Atenção à Condução";"Colisão transversal";"Sem Vítimas";"Pleno dia";"Crescente";"Céu Claro";"Simples";"Reta";"Não";2;0;0;0;2;0;0;2;-5,06509975;-42,72734284;"SPRF-PI";"DEL01-PI";"UOP01-DEL01-PI"
137423;2018-06-02;"sábado";"16:20:00";"MG";262;799;"UBERABA";"Velocidade Incompatível";"Colisão com objeto estático";"Com Vítimas Feridas";"Pleno dia";"Crescente";"Céu Claro";"Dupla";"Curva";"Sim";1;0;0;1;0;0;1;1;-19,767877;-47,887625;"SPRF-MG";"DEL13-MG";"UOP01-DEL13-MG"
137424;2018-06-02;"sábado";"15:40:00";"RJ";40;73;"PETROPOLIS";"Sinalização da via insuficiente ou inadequada";"Colisão lateral";"Com Vítimas Feridas";"Pleno dia";"Crescente";"Céu Claro";"Simples";"Interseção de Vias;Curva;Aclive";"Não";2;0;1;0;1;0;1;2;-22,4724635;-43,2215272;"SPRF-RJ";"DEL06-RJ";"UOP01-DEL06-RJ"
137425;2018-06-02;"sábado";"15:10:00";"RO";429;52;"PRESIDENTE MEDICI";"Restrição de Visibilidade";"Colisão traseira";"Com Vítimas Feridas";"Pleno dia";"Crescente";"Céu Claro";"Simples";"Reta";"Não";3;0;2;0;1;0;2;2;-11,200451;-62,000599;"SPRF-RO";"DEL02-RO";"UOP03-DEL02-RO"
137426;2018-06-02;"sábado";"16:30:00";"PE";232;408;"SERRA TALHADA";"Ingestão de Álcool";"Saída de leito carroçável";"Sem Vítimas";"Pleno dia";"Decrescente";"Céu Claro";"Simples";"Reta";"Sim";1;0;0;0;1;0;0;1;-7,98386396;-38,27971458;"SPRF-PE";"DEL04-PE";"UOP01-DEL04-PE"
137427;2018-06-02;"sábado";"15:40:00";"MS";262;207,7;"RIBAS DO RIO PARDO";"Desobediência às normas de trânsito pelo condutor";"Colisão frontal";"Com Vítimas Fatais";"Pleno dia";"Crescente";"Céu Claro";"Simples";"Reta";"Não";2;1;0;0;1;0;0;2;-20,465958;-53,460177;"SPRF-MS";"DEL07-MS";"UOP02-DEL07-MS"
137428;2018-06-02;"sábado";"15:20:00";"PA";316;0,9;"ANANINDEUA";"Ingestão de Álcool";"Colisão traseira";"Com Vítimas Feridas";"Pleno dia";"Decrescente";"Céu Claro";"Dupla";"Curva";"Sim";2;0;1;0;1;0;1;2;-1,40310725;-48,42892589;"SPRF-PA";"DEL01-PA";"DEL19/1-UOP05/PA"
137431;2018-06-02;"sábado";"16:00:00";"SP";116;127;"CACAPAVA";"Defeito Mecânico no Veículo";"Incêndio";"Sem Vítimas";"Pleno dia";"Crescente";"Nublado";"Dupla";"Reta";"Sim";1;0;0;0;1;0;0;1;-23,109911;-45,702461;"SPRF-SP";"DEL06-SP";"UOP02-DEL02-SP"
137432;2018-06-02;"sábado";"17:11:00";"GO";153;201;"URUACU";"Ingestão de Álcool";"Colisão transversal";"Com Vítimas Feridas";"Pleno dia";"Crescente";"Céu Claro";"Simples";"Interseção de Vias";"Sim";3;0;1;1;1;0;2;2;-14,519629;-49,154972;"SPRF-GO";"DEL07-GO";"UOP02-DEL07-GO"
137433;2018-06-02;"sábado";"17:35:00";"ES";101;144;"LINHARES";"Falta de Atenção à Condução";"Colisão transversal";"Com Vítimas Feridas";"Anoitecer";"Decrescente";"Céu Claro";"Dupla";"Reta";"Sim";3;0;1;0;2;0;1;2;-19,35463541;-40,06404877;"SPRF-ES";"DEL04-ES";"UOP01-DEL04-ES"
137434;2018-06-02;"sábado";"17:10:00";"SP";153;18;"NOVA GRANADA";"Defeito na Via";"Saída de leito carroçável";"Com Vítimas Feridas";"Anoitecer";"Crescente";"Céu Claro";"Simples";"Reta";"Não";7;0;7;0;0;0;7;1;-20,443844;-49,280926;"SPRF-SP";"DEL09-SP";"UOP01-DEL09-SP"
137436;2018-06-02;"sábado";"11:50:00";"BA";101;83;"ENTRE RIOS";"Falta de Atenção à Condução";"Saída de leito carroçável";"Com Vítimas Feridas";"Pleno dia";"Decrescente";"Chuva";"Simples";"Reta";"Não";3;0;2;1;0;0;3;1;-11,97782046;-38,20215434;"SPRF-BA";"DEL01-BA";"UOP04-DEL01-BA"
137437;2018-06-02;"sábado";"17:40:00";"PR";116;5;"QUATRO BARRAS";"Velocidade Incompatível";"Saída de leito carroçável";"Com Vítimas Feridas";"Anoitecer";"Decrescente";"Chuva";"Dupla";"Reta";"Sim";1;0;1;0;0;0;1;1;-25,3653;-49,0906;"SPRF-PR";"DEL01-PR";"UOP02-DEL01-PR"
137438;2018-06-02;"sábado";"17:30:00";"PR";116;206,9;"RIO NEGRO";"Ingestão de Álcool";"Saída de leito carroçável";"Com Vítimas Feridas";"Anoitecer";"Crescente";"Chuva";"Simples";"Interseção de Vias";"Não";2;0;1;0;1;0;1;1;-26,101749;-49,780796;"SPRF-SC";"DEL06-SC";"UOP01-DEL06-SC"
137439;2018-06-02;"sábado";"17:50:00";"MG";381;508;"SAO JOAQUIM DE BICAS";"Falta de Atenção à Condução";"Colisão com objeto estático";"Com Vítimas Fatais";"Anoitecer";"Decrescente";"Céu Claro";"Dupla";"Reta";"Sim";1;1;0;0;0;0;0;1;-20,04390152;-44,2701695;"SPRF-MG";"DEL01-MG";"UOP03-DEL01-MG"
137443;2018-06-02;"sábado";"16:30:00";"CE";304;52,3;"ARACATI";"Falta de Atenção à Condução";"Colisão traseira";"Com Vítimas Feridas";"Pleno dia";"Decrescente";"Sol";"Simples";"Reta";"Não";4;0;1;0;3;0;1;2;-4,570807;-37,744732;"SPRF-CE";"DEL03-CE";"UOP03-DEL03-CE"
137445;2018-06-02;"sábado";"16:20:00";"SC";101;199,6;"SAO JOSE";"Falta de Atenção à Condução";"Colisão transversal";"Com Vítimas Feridas";"Pleno dia";"Crescente";"Nublado";"Dupla";"Interseção de Vias";"Sim";2;0;0;1;1;0;1;2;-27,5379617;-48,62562776;"SPRF-SC";"DEL01-SC";"UOP01-DEL01-SC"
137447;2018-06-02;"sábado";"16:00:00";"SP";101;2,7;"UBATUBA";"Falta de Atenção à Condução";"Colisão com objeto estático";"Com Vítimas Feridas";"Pleno dia";"Crescente";"Céu Claro";"Simples";"Curva";"Não";1;0;0;1;0;0;1;1;-23,3623892;-44,78181839;"SPRF-SP";"DEL06-SP";"UOP01-DEL06-SP"
137448;2018-06-02;"sábado";"18:00:00";"PR";476;138;"CURITIBA";"Falta de Atenção à Condução";"Atropelamento de Pedestre";"Com Vítimas Feridas";"Anoitecer";"Decrescente";"Chuva";"Múltipla";"Interseção de Vias";"Sim";2;0;1;0;1;0;1;2;-25,50592195;-49,28320885;"SPRF-PR";"DEL01-PR";"UOP07-DEL01-PR"
137449;2018-06-02;"sábado";"18:45:00";"PR";158;526;"PATO BRANCO";"Falta de Atenção à Condução";"Saída de leito carroçável";"Com Vítimas Feridas";"Plena Noite";"Decrescente";"Garoa/Chuvisco";"Simples";"Reta";"Sim";4;0;1;0;3;0;1;1;-26,19889105;-52,67507136;"SPRF-PR";"DEL02-PR";"UOP01-DEL02-PR"
137450;2018-06-02;"sábado";"11:10:00";"RO";364;238,1;"CACOAL";"Desobediência às normas de trânsito pelo condutor";"Colisão traseira";"Com Vítimas Feridas";"Pleno dia";"Crescente";"Sol";"Simples";"Reta";"Sim";3;0;0;1;2;0;1;2;-11,43844653;-61,45495176;"SPRF-RO";"DEL02-RO";"UOP02-DEL02-RO"
137452;2018-06-02;"sábado";"19:10:00";"PR";369;146,2;"LONDRINA";"Falta de Atenção à Condução";"Colisão transversal";"Com Vítimas Feridas";"Plena Noite";"Crescente";"Céu Claro";"Dupla";"Reta";"Sim";3;0;2;0;1;0;2;2;-23,293045;-51,125356;"SPRF-PR";"DEL07-PR";"UOP01-DEL07-PR"
137453;2018-06-02;"sábado";"15:40:00";"PR";277;451,1;"LARANJEIRAS DO SUL";"Desobediência às normas de trânsito pelo condutor";"Colisão transversal";"Com Vítimas Feridas";"Pleno dia";"Crescente";"Chuva";"Simples";"Reta";"Sim";5;0;2;0;3;0;2;2;-25,37380917;-52,38598824;"SPRF-PR";"DEL04-PR";"UOP02-DEL04-PR"
137458;2018-06-02;"sábado";"18:40:00";"SP";459;28;"LORENA";"Não guardar distância de segurança";"Colisão traseira";"Sem Vítimas";"Anoitecer";"Crescente";"Céu Claro";"Simples";"Reta";"Não";2;0;0;0;2;0;0;2;-22,709425;-45,113232;"SPRF-SP";"DEL08-SP";"UOP03-DEL08-SP"
137459;2018-06-02;"sábado";"17:55:00";"SC";280;29;"ARAQUARI";"Falta de Atenção à Condução";"Colisão transversal";"Com Vítimas Feridas";"Anoitecer";"Decrescente";"Chuva";"Simples";"Reta";"Não";2;0;0;1;1;0;1;2;-26,40992181;-48,75194639;"SPRF-SC";"DEL03-SC";"UOP03-DEL03-SC"
137461;2018-06-02;"sábado";"19:00:00";"RJ";101;403;"ITAGUAI";"Desobediência às normas de trânsito pelo condutor";"Colisão frontal";"Com Vítimas Feridas";"Plena Noite";"Crescente";"Céu Claro";"Simples";"Reta";"Sim";1;0;0;1;0;0;1;1;-22,85820311;-43,78894508;"SPRF-RJ";"DEL03-RJ";"UOP01-DEL03-RJ"
137462;2018-06-02;"sábado";"12:10:00";"PB";230;124,6;"RIACHAO DO BACAMARTE";"Velocidade Incompatível";"Saída de leito carroçável";"Com Vítimas Feridas";"Pleno dia";"Crescente";"Chuva";"Simples";"Curva";"Não";3;0;2;0;1;0;2;1;-7,253286;-35,68815;"SPRF-PB";"DEL02-PB";"UOP01-DEL02-PB"
137464;2018-06-02;"sábado";"17:45:00";"RN";304;42,6;"MOSSORO";"Ingestão de Álcool";"Tombamento";"Com Vítimas Feridas";"Plena Noite";"Crescente";"Céu Claro";"Dupla";"Reta";"Sim";2;0;1;0;1;0;1;2;-5,21271604;-37,37211943;"SPRF-RN";"DEL04-RN";"UOP01-DEL04-RN"
137465;2018-06-02;"sábado";"19:44:00";"PR";277;643;"CEU AZUL";"Restrição de Visibilidade";"Colisão traseira";"Com Vítimas Feridas";"Plena Noite";"Decrescente";"Nevoeiro/Neblina";"Simples";"Curva";"Não";2;0;1;0;1;0;1;2;-25,176764;-53,877533;"SPRF-PR";"DEL05-PR";"UOP02-DEL05-PR"
137467;2018-06-02;"sábado";"19:30:00";"DF";70;18;"BRASILIA";"Desobediência às normas de trânsito pelo condutor";"Colisão frontal";"Com Vítimas Feridas";"Plena Noite";"Decrescente";"Céu Claro";"Dupla";"Reta;Declive";"Não";5;0;4;0;0;1;4;5;-15,78916671;-48,2263729;"SPRF-DF";"DEL01-DF";"UOP02-DEL03-DF"
137468;2018-06-02;"sábado";"19:00:00";"PR";376;649,3;"TIJUCAS DO SUL";"Velocidade Incompatível";"Saída de leito carroçável";"Com Vítimas Feridas";"Plena Noite";"Crescente";"Chuva";"Dupla";"Reta";"Não";1;0;1;0;0;0;1;1;-25,84593816;-49,09069061;"SPRF-PR";"DEL01-PR";"DEL7/1-UOP08/PR"
137470;2018-06-02;"sábado";"20:15:00";"PR";153;336;"IRATI";"Falta de Atenção à Condução";"Saída de leito carroçável";"Sem Vítimas";"Plena Noite";"Decrescente";"Chuva";"Simples";"Reta";"Sim";2;0;0;0;1;1;0;2;-25,49606404;-50,64751983;"SPRF-PR";"DEL03-PR";"UOP02-DEL08-PR"
137472;2018-06-02;"sábado";"18:30:00";"MS";262;770,9;"CORUMBA";"Falta de Atenção à Condução";"Colisão traseira";"Com Vítimas Feridas";"Plena Noite";"Decrescente";"Garoa/Chuvisco";"Simples";"Reta";"Sim";3;0;2;0;0;1;2;2;-19,03720012;-57,64666945;"SPRF-MS";"DEL03-MS";"UOP03-DEL03-MS"
137473;2018-06-02;"sábado";"20:30:00";"GO";20;97;"VILA BOA";"Falta de Atenção à Condução";"Saída de leito carroçável";"Com Vítimas Feridas";"Plena Noite";"Crescente";"Céu Claro";"Simples";"Reta";"Não";4;0;1;0;3;0;1;1;-14,968002;-47,009731;"SPRF-DF";"DEL02-DF";"UOP03-DEL02-DF"
137475;2018-06-02;"sábado";"19:29:00";"RR";174;502;"BOA VISTA";"Deficiência ou não Acionamento do Sistema de Iluminação/Sinalização do Veículo";"Colisão traseira";"Com Vítimas Feridas";"Plena Noite";"Decrescente";"Nublado";"Dupla";"Reta";"Sim";3;0;3;0;0;0;3;2;2,77958733;-60,70599139;"SPRF-RR";"DEL01-RR";"UOP01-DEL01-RR"
137476;2018-06-02;"sábado";"19:00:00";"RR";174;546,7;"BOA VISTA";"Velocidade Incompatível";"Colisão traseira";"Com Vítimas Feridas";"Plena Noite";"Decrescente";"Chuva";"Simples";"Reta";"Não";8;0;1;7;0;0;8;2;3,14668661;-60,8328867;"SPRF-RR";"DEL01-RR";"UOP01-DEL01-RR"
137479;2018-06-02;"sábado";"21:00:00";"MA";10;249;"IMPERATRIZ";"Ingestão de Álcool";"Colisão frontal";"Com Vítimas Feridas";"Plena Noite";"Decrescente";"Céu Claro";"Simples";"Reta";"Sim";2;0;0;1;1;0;1;2;-5,558508;-47,45417;"SPRF-MA";"DEL04-MA";"UOP01-DEL04-MA"
137481;2018-06-02;"sábado";"21:30:00";"SC";101;201,3;"SAO JOSE";"Ingestão de Álcool";"Colisão com objeto estático";"Com Vítimas Feridas";"Plena Noite";"Crescente";"Céu Claro";"Dupla";"Reta";"Sim";1;0;0;1;0;0;1;1;-27,55209282;-48,61980015;"SPRF-SC";"DEL01-SC";"UOP01-DEL01-SC"
137484;2018-06-02;"sábado";"21:30:00";"SP";116;226;"GUARULHOS";"Falta de Atenção à Condução";"Saída de leito carroçável";"Com Vítimas Feridas";"Plena Noite";"Crescente";"Céu Claro";"Múltipla";"Interseção de Vias;Curva";"Sim";1;0;1;0;0;0;1;1;-23,49638911;-46,55776262;"SPRF-SP";"DEL01-SP";"UOP01-DEL01-SP"
137486;2018-06-02;"sábado";"19:50:00";"RS";287;399,1;"SANTIAGO";"Falta de Atenção do Pedestre";"Tombamento";"Com Vítimas Feridas";"Plena Noite";"Decrescente";"Nublado";"Simples";"Reta";"Sim";2;0;1;0;1;0;1;2;-29,167938;-54,867073;"SPRF-RS";"DEL12-RS";"UOP02-DEL12-RS"
137489;2018-06-02;"sábado";"21:00:00";"RJ";393;282,9;"VOLTA REDONDA";"Falta de Atenção à Condução";"Colisão transversal";"Com Vítimas Feridas";"Plena Noite";"Decrescente";"Céu Claro";"Simples";"Reta";"Sim";2;0;1;0;1;0;1;2;-22,4877766;-44,06324387;"SPRF-RJ";"DEL05-RJ";"UOP04-DEL05-RJ"
137490;2018-06-02;"sábado";"19:30:00";"PR";277;535,4;"IBEMA";"Desobediência às normas de trânsito pelo condutor";"Colisão frontal";"Com Vítimas Feridas";"Plena Noite";"Crescente";"Nevoeiro/Neblina";"Simples";"Reta";"Não";3;0;0;1;2;0;1;2;-25,11562511;-53,0049026;"SPRF-PR";"DEL04-PR";"UOP04-DEL04-PR"
137492;2018-06-02;"sábado";"19:50:00";"MT";364;507;"JANGADA";"Ingestão de Álcool";"Saída de leito carroçável";"Com Vítimas Feridas";"Plena Noite";"Decrescente";"Garoa/Chuvisco";"Simples";"Reta";"Não";1;0;1;0;0;0;1;1;-15,205317;-56,507271;"SPRF-MT";"DEL01-MT";"DEL2/4-UOP02/MT"
137493;2018-06-02;"sábado";"21:30:00";"RJ";116;187,4;"NOVA IGUACU";"Falta de Atenção à Condução";"Colisão lateral";"Com Vítimas Feridas";"Plena Noite";"Decrescente";"Céu Claro";"Dupla";"Reta";"Não";4;0;2;0;2;0;2;2;-22,73985234;-43,52824241;"SPRF-RJ";"DEL01-RJ";"UOP03-DEL01-RJ"
137494;2018-06-02;"sábado";"20:20:00";"SC";470;112,6;"IBIRAMA";"Ingestão de álcool e/ou substâncias psicoativas pelo pedestre";"Saída de leito carroçável";"Com Vítimas Feridas";"Plena Noite";"Decrescente";"Nublado";"Simples";"Curva";"Sim";2;0;1;0;0;1;1;2;-27,09701;-49,462887;"SPRF-SC";"DEL04-SC";"UOP02-DEL04-SC"
137498;2018-06-02;"sábado";"22:30:00";"RJ";101;185,7;"CASIMIRO DE ABREU";"Desobediência às normas de trânsito pelo condutor";"Colisão frontal";"Com Vítimas Feridas";"Plena Noite";"Decrescente";"Ignorado";"Simples";"Curva";"Não";3;0;0;2;1;0;2;2;-22,43206;-42,034687;"SPRF-RJ";"DEL02-RJ";"UOP04-DEL08-RJ"
137500;2018-06-02;"sábado";"17:25:00";"MG";116;581,8;"MANHUACU";"Animais na Pista";"Atropelamento de Animal";"Com Vítimas Feridas";"Pleno dia";"Crescente";"Céu Claro";"Simples";"Reta";"Não";1;0;1;0;0;0;1;1;-20,20678998;-42,1821785;"SPRF-MG";"DEL06-MG";"UOP03-DEL06-MG"
137501;2018-06-02;"sábado";"18:00:00";"MG";262;39,4;"MANHUACU";"Ingestão de Álcool";"Colisão traseira";"Com Vítimas Feridas";"Anoitecer";"Crescente";"Céu Claro";"Simples";"Reta";"Sim";3;0;2;0;1;0;2;2;-20,271677;-42,039505;"SPRF-MG";"DEL06-MG";"UOP03-DEL06-MG"
137502;2018-06-02;"sábado";"23:00:00";"PR";376;176;"MARINGA";"Desobediência às normas de trânsito pelo condutor";"Colisão transversal";"Sem Vítimas";"Plena Noite";"Crescente";"Garoa/Chuvisco";"Dupla";"Interseção de Vias";"Sim";2;0;0;0;2;0;0;2;-23,4112127;-51,93981886;"SPRF-PR";"DEL07-PR";"UOP01-DEL09-PR"
137506;2018-06-02;"sábado";"17:40:00";"MG";262;59,3;"MANHUACU";"Desobediência às normas de trânsito pelo condutor";"Saída de leito carroçável";"Sem Vítimas";"Anoitecer";"Crescente";"Céu Claro";"Simples";"Curva";"Não";1;0;0;0;0;1;0;1;-20,28281;-42,203339;"SPRF-MG";"DEL06-MG";"UOP03-DEL06-MG"
137507;2018-06-02;"sábado";"23:30:00";"PR";277;725,7;"FOZ DO IGUACU";"Falta de Atenção à Condução";"Colisão transversal";"Com Vítimas Feridas";"Plena Noite";"Decrescente";"Céu Claro";"Dupla";"Declive";"Sim";3;0;1;0;2;0;1;2;-25,51097648;-54,55158234;"SPRF-PR";"DEL05-PR";"UOP03-DEL05-PR"
137510;2018-06-02;"sábado";"04:45:00";"RS";153;492,1;"CACAPAVA DO SUL";"Falta de Atenção à Condução";"Saída de leito carroçável";"Com Vítimas Feridas";"Plena Noite";"Decrescente";"Nublado";"Simples";"Interseção de Vias";"Não";1;0;1;0;0;0;1;1;-30,36872826;-53,36471558;"SPRF-RS";"DEL09-RS";"UOP02-DEL09-RS"
137511;2018-06-02;"sábado";"23:30:00";"SP";116;230;"SAO PAULO";"Falta de Atenção à Condução";"Tombamento";"Com Vítimas Feridas";"Plena Noite";"Decrescente";"Nublado";"Múltipla";"Reta";"Sim";2;0;1;0;1;0;1;1;-23,52006717;-46,58300392;"SPRF-SP";"DEL01-SP";"UOP01-DEL01-SP"
137512;2018-06-02;"sábado";"22:40:00";"MT";163;831;"SINOP";"Falta de Atenção à Condução";"Saída de leito carroçável";"Com Vítimas Feridas";"Plena Noite";"Crescente";"Céu Claro";"Dupla";"Reta";"Sim";1;0;1;0;0;0;1;1;-11,87675832;-55,49777985;"SPRF-MT";"DEL06-MT";"UOP01-DEL06-MT"
137516;2018-06-02;"sábado";"23:40:00";"RS";116;254;"SAPUCAIA DO SUL";"Animais na Pista";"Atropelamento de Animal";"Com Vítimas Feridas";"Plena Noite";"Decrescente";"Céu Claro";"Múltipla";"Reta";"Sim";1;0;1;0;0;0;1;1;-29,81946721;-51,17021698;"SPRF-RS";"DEL01-RS";"UOP02-DEL01-RS"
137517;2018-06-02;"sábado";"12:50:00";"MA";402;37,8;"MORROS";"Desobediência às normas de trânsito pelo condutor";"Colisão transversal";"Com Vítimas Fatais";"Pleno dia";"Decrescente";"Sol";"Simples";"Reta";"Sim";3;1;0;1;0;1;1;2;-2,85322898;-44,04247136;"SPRF-MA";"DEL01-MA";"UOP01-DEL01-MA"
137520;2018-06-02;"sábado";"13:05:00";"SC";280;126,7;"RIO NEGRINHO";"Falta de Atenção à Condução";"Colisão transversal";"Com Vítimas Feridas";"Pleno dia";"Crescente";"Garoa/Chuvisco";"Simples";"Reta";"Sim";2;0;0;1;1;0;1;2;-26,23893094;-49,50091839;"SPRF-SC";"DEL06-SC";"UOP03-DEL06-SC"
137522;2018-06-03;"domingo";"00:50:00";"MT";70;2,8;"BARRA DO GARCAS";"Falta de Atenção à Condução";"Colisão lateral";"Com Vítimas Fatais";"Plena Noite";"Crescente";"Céu Claro";"Dupla";"Reta;Aclive";"Sim";4;1;0;0;2;1;0;3;-15,87955405;-52,282691;"SPRF-MT";"DEL07-MT";"UOP01-DEL07-MT"
137523;2018-06-03;"domingo";"00:45:00";"PR";369;437,4;"UBIRATA";"Condutor Dormindo";"Saída de leito carroçável";"Com Vítimas Fatais";"Plena Noite";"Crescente";"Nublado";"Simples";"Reta";"Não";2;1;0;1;0;0;1;1;-24,4956;-52,9036;"SPRF-PR";"DEL04-PR";"UOP03-DEL04-PR"
137524;2018-06-03;"domingo";"00:45:00";"CE";222;6,4;"CAUCAIA";"Falta de Atenção à Condução";"Colisão traseira";"Sem Vítimas";"Plena Noite";"Crescente";"Céu Claro";"Dupla";"Reta";"Sim";3;0;0;0;1;2;0;2;-3,74829623;-38,62806514;"SPRF-CE";"DEL01-CE";"UOP01-DEL01-CE"
137525;2018-06-02;"sábado";"23:27:00";"MS";267;192,1;"NOVA ALVORADA DO SUL";"Condutor Dormindo";"Colisão lateral";"Sem Vítimas";"Plena Noite";"Crescente";"Céu Claro";"Simples";"Reta";"Não";2;0;0;0;2;0;0;2;-21,59838511;-53,87403488;"SPRF-MS";"DEL02-MS";"DEL3/7-UOP02/MS"
137528;2018-06-03;"domingo";"00:40:00";"MS";163;487,2;"CAMPO GRANDE";"Animais na Pista";"Atropelamento de Animal";"Com Vítimas Feridas";"Plena Noite";"Crescente";"Nublado";"Simples";"Reta";"Sim";2;0;1;0;1;0;1;1;-20,42411718;-54,54574585;"SPRF-MS";"DEL01-MS";"UOP02-DEL01-MS"
137529;2018-06-03;"domingo";"01:40:00";"SP";116;170,7;"JACAREI";"Falta de Atenção à Condução";"Colisão lateral";"Com Vítimas Feridas";"Plena Noite";"Crescente";"Céu Claro";"Dupla";"Reta";"Não";3;0;1;0;1;1;1;3;-23,30771469;-46,0540312;"SPRF-SP";"DEL02-SP";"UOP01-DEL02-SP"
137530;2018-06-02;"sábado";"23:30:00";"AM";174;1005;"PRESIDENTE FIGUEIREDO";"Restrição de Visibilidade";"Saída de leito carroçável";"Com Vítimas Feridas";"Plena Noite";"Decrescente";"Céu Claro";"Simples";"Reta";"Não";2;0;2;0;0;0;2;1;-1,919441;-60,055518;"SPRF-AM";"DEL01-AM";"UOP02-DEL01-AM"
137531;2018-06-02;"sábado";"23:30:00";"PR";476;130,3;"CURITIBA";"Pista Escorregadia";"Saída de leito carroçável";"Sem Vítimas";"Plena Noite";"Crescente";"Céu Claro";"Múltipla";"Curva";"Sim";1;0;0;0;1;0;0;1;-25,45137372;-49,23814774;"SPRF-PR";"DEL01-PR";"UOP07-DEL01-PR"
137532;2018-06-03;"domingo";"01:30:00";"CE";116;448,2;"BARRO";"Desobediência às normas de trânsito pelo condutor";"Colisão frontal";"Com Vítimas Fatais";"Plena Noite";"Crescente";"Céu Claro";"Simples";"Curva";"Não";3;2;0;0;0;1;0;2;-7,116997;-38,778593;"SPRF-CE";"DEL05-CE";"UOP03-DEL05-CE"
137533;2018-06-02;"sábado";"15:20:00";"BA";415;48;"ITABUNA";"Não guardar distância de segurança";"Colisão traseira";"Com Vítimas Feridas";"Pleno dia";"Crescente";"Chuva";"Simples";"Reta";"Sim";2;0;1;0;1;0;1;2;-14,817692;-39,303524;"SPRF-BA";"DEL05-BA";"UOP01-DEL05-BA"
137534;2018-06-02;"sábado";"19:00:00";"PI";343;251;"CAMPO MAIOR";"Animais na Pista";"Atropelamento de Animal";"Sem Vítimas";"Plena Noite";"Crescente";"Céu Claro";"Simples";"Reta";"Não";1;0;0;0;1;0;0;1;-4,73041086;-42,10578918;"SPRF-PI";"DEL01-PI";"UOP03-DEL01-PI"
137535;2018-06-03;"domingo";"01:00:00";"PR";376;251;"APUCARANA";"Avarias e/ou desgaste excessivo no pneu";"Saída de leito carroçável";"Com Vítimas Feridas";"Plena Noite";"Decrescente";"Nevoeiro/Neblina";"Dupla";"Curva";"Não";1;0;1;0;0;0;1;1;-23,61731701;-51,39558792;"SPRF-PR";"DEL07-PR";"UOP03-DEL07-PR"
137536;2018-06-02;"sábado";"23:42:00";"MG";381;677,4;"PERDOES";"Falta de Atenção à Condução";"Colisão com objeto estático";"Com Vítimas Feridas";"Plena Noite";"Crescente";"Céu Claro";"Simples";"Túnel";"Sim";2;0;1;0;1;0;1;1;-21,10281826;-45,0881052;"SPRF-MG";"DEL04-MG";"UOP02-DEL04-MG"