"id";"data_inversa";"dia_semana";"horario";"uf";"br";"km";"municipio";"causa_acidente";"tipo_acidente";"classificacao_acidente";"fase_dia";"sentido_via";"condicao_metereologica";"tipo_pista";"tracado_via";"uso_solo";"pessoas";"mortos";"feridos_leves";"feridos_graves";"ilesos";"ignorados";"feridos";"veiculos";"latitude";"longitude";"regional";"delegacia";"uop"
137537;2018-06-03;"domingo";"02:20:00";"PR";277;241;"IRATI";"Falta de Atenção à Condução";"Saída de leito carroçável";"Com Vítimas Fatais";"Plena Noite";"Decrescente";"Nevoeiro/Neblina";"Simples";"Reta";"Não";4;1;0;3;0;0;3;1;-25,45375685;-50,64875901;"SPRF-PR";"DEL03-PR";"UOP02-DEL08-PR"
137538;2018-06-03;"domingo";"03:30:00";"SE";235;44;"ITABAIANA";"Ingestão de álcool e/ou substâncias psicoativas pelo pedestre";"Tombamento";"Com Vítimas Feridas";"Plena Noite";"Crescente";"Nublado";"Simples";"Reta";"Não";1;0;1;0;0;0;1;1;-10,75489;-37,394836;"SPRF-SE";"DEL01-SE";"UOP02-DEL01-SE"
137539;2018-06-03;"domingo";"01:30:00";"RN";226;331,8;"PATU";"Falta de Atenção à Condução";"Colisão frontal";"Com Vítimas Feridas";"Plena Noite";"Crescente";"Ignorado";"Simples";"Reta";"Não";2;0;0;2;0;0;2;2;-6,088759;-37,588792;"SPRF-RN";"DEL04-RN";"UOP01-DEL04-RN"
137541;2018-06-02;"sábado";"20:10:00";"SP";381;52;"ATIBAIA";"Defeito Mecânico no Veículo";"Colisão traseira";"Com Vítimas Feridas";"Plena Noite";"Crescente";"Céu Claro";"Múltipla";"Curva";"Não";3;0;1;0;2;0;1;2;-23,23429588;-46,60218905;"SPRF-SP";"DEL03-SP";"UOP01-DEL03-SP"
137542;2018-06-03;"domingo";"03:30:00";"PR";476;138;"CURITIBA";"Falta de Atenção à Condução";"Colisão transversal";"Sem Vítimas";"Plena Noite";"Decrescente";"Chuva";"Múltipla";"Interseção de Vias";"Sim";2;0;0;0;2;0;0;2;-25,505564;-49,283417;"SPRF-PR";"DEL01-PR";"UOP07-DEL01-PR"
137544;2018-06-03;"domingo";"04:45:00";"ES";262;36,1;"DOMINGOS MARTINS";"Condutor Dormindo";"Tombamento";"Com Vítimas Feridas";"Plena Noite";"Crescente";"Céu Claro";"Simples";"Curva";"Não";1;0;0;1;0;0;1;1;-20,3819124;-40,6039894;"SPRF-ES";"DEL01-ES";"UOP01-DEL01-ES"
137545;2018-06-03;"domingo";"04:30:00";"SE";235;26;"LARANJEIRAS";"Ultrapassagem Indevida";"Colisão frontal";"Com Vítimas Feridas";"Amanhecer";"Crescente";"Chuva";"Simples";"Reta";"Não";2;0;0;1;0;1;1;2;-10,804052;-37,265457;"SPRF-SE";"DEL01-SE";"UOP01-DEL01-SE"
137546;2018-06-02;"sábado";"17:50:00";"SP";101;35,2;"UBATUBA";"Falta de Atenção à Condução";"Colisão transversal";"Com Vítimas Feridas";"Anoitecer";"Decrescente";"Céu Claro";"Simples";"Reta";"Não";3;0;1;0;1;1;1;3;-23,39386361;-45,01134038;"SPRF-SP";"DEL06-SP";"UOP01-DEL06-SP"
137547;2018-06-02;"sábado";"23:00:00";"RJ";116;245,9;"PIRAI";"Falta de Atenção à Condução";"Capotamento";"Com Vítimas Feridas";"Plena Noite";"Decrescente";"Céu Claro";"Dupla";"Reta";"Não";1;0;1;0;0;0;1;1;-22,58358254;-43,96831512;"SPRF-RJ";"DEL07-RJ";"UOP01-DEL07-RJ"
137548;2018-06-03;"domingo";"04:39:00";"SP";116;209;"GUARULHOS";"Falta de Atenção à Condução";"Queda de ocupante de veículo";"Com Vítimas Feridas";"Plena Noite";"Crescente";"Céu Claro";"Dupla";"Reta";"Sim";1;0;1;0;0;0;1;1;-23,4205657;-46,38775349;"SPRF-SP";"DEL01-SP";"UOP01-DEL01-SP"
137550;2018-06-03;"domingo";"05:10:00";"SP";116;214,6;"GUARULHOS";"Falta de Atenção à Condução";"Colisão traseira";"Sem Vítimas";"Plena Noite";"Decrescente";"Nublado";"Múltipla";"Desvio Temporário";"Sim";2;0;0;0;2;0;0;2;-23,44585887;-46,45145863;"SPRF-SP";"DEL01-SP";"UOP01-DEL01-SP"
137554;2018-06-03;"domingo";"03:50:00";"RJ";393;196;"PARAIBA DO SUL";"Ingestão de Álcool";"Saída de leito carroçável";"Sem Vítimas";"Plena Noite";"Crescente";"Céu Claro";"Simples";"Curva";"Não";1;0;0;0;1;0;0;1;-22,233154;-43,419754;"SPRF-RJ";"DEL05-RJ";"UOP03-DEL05-RJ"
137555;2018-06-03;"domingo";"05:40:00";"PR";376;107;"PARANAVAI";"Ingestão de Álcool";"Saída de leito carroçável";"Com Vítimas Feridas";"Plena Noite";"Decrescente";"Nevoeiro/Neblina";"Simples";"Reta";"Sim";1;0;1;0;0;0;1;1;-23,067074;-52,427238;"SPRF-PR";"DEL07-PR";"UOP02-DEL09-PR"
137556;2018-06-03;"domingo";"01:30:00";"CE";304;94;"ARACATI";"Desobediência às normas de trânsito pelo condutor";"Colisão traseira";"Com Vítimas Feridas";"Plena Noite";"Crescente";"Ignorado";"Simples";"Reta";"Não";6;0;1;0;5;0;1;2;-4,828323;-37,480507;"SPRF-CE";"DEL03-CE";"UOP03-DEL03-CE"
137557;2018-06-03;"domingo";"04:40:00";"SP";116;213;"GUARULHOS";"Falta de Atenção à Condução";"Colisão traseira";"Com Vítimas Feridas";"Plena Noite";"Decrescente";"Chuva";"Múltipla";"Reta";"Sim";2;0;1;0;1;0;1;2;-23,44192742;-46,44237483;"SPRF-SP";"DEL01-SP";"UOP01-DEL01-SP"
137558;2018-06-03;"domingo";"04:00:00";"SP";153;70,5;"SAO JOSE DO RIO PRETO";"Ingestão de Álcool";"Colisão traseira";"Com Vítimas Feridas";"Plena Noite";"Decrescente";"Céu Claro";"Simples";"Reta";"Sim";7;0;1;0;6;0;1;2;-20,851978;-49,400703;"SPRF-SP";"DEL09-SP";"UOP01-DEL09-SP"
137559;2018-06-03;"domingo";"05:00:00";"GO";153;636;"MORRINHOS";"Ingestão de Álcool";"Saída de leito carroçável";"Com Vítimas Feridas";"Plena Noite";"Crescente";"Céu Claro";"Dupla";"Reta";"Não";1;0;1;0;0;0;1;1;-17,83972782;-49,21722651;"SPRF-GO";"DEL03-GO";"UOP01-DEL03-GO"
137561;2018-06-03;"domingo";"05:40:00";"ES";262;160,8;"IBATIBA";"Ingestão de Álcool";"Colisão frontal";"Com Vítimas Feridas";"Amanhecer";"Crescente";"Nevoeiro/Neblina";"Simples";"Reta;Declive";"Não";2;0;1;0;1;0;1;2;-20,23717374;-41,51843905;"SPRF-ES";"DEL01-ES";"UOP02-DEL01-ES"
137563;2018-06-03;"domingo";"04:50:00";"MG";40;507,7;"RIBEIRAO DAS NEVES";"Ingestão de Álcool";"Tombamento";"Sem Vítimas";"Plena Noite";"Crescente";"Céu Claro";"Dupla";"Reta";"Sim";1;0;0;0;1;0;0;1;-19,75847456;-44,13760543;"SPRF-MG";"DEL02-MG";"UOP01-DEL02-MG"
137564;2018-06-03;"domingo";"06:20:00";"SP";116;284;"EMBU DAS ARTES";"Ingestão de Álcool";"Saída de leito carroçável";"Com Vítimas Feridas";"Amanhecer";"Crescente";"Garoa/Chuvisco";"Dupla";"Curva";"Sim";1;0;1;0;0;0;1;1;-23,67993028;-46,85887814;"SPRF-SP";"DEL04-SP";"UOP01-DEL04-SP"
137565;2018-06-03;"domingo";"06:30:00";"RS";101;81,7;"OSORIO";"Condutor Dormindo";"Saída de leito carroçável";"Sem Vítimas";"Amanhecer";"Decrescente";"Nublado";"Dupla";"Reta";"Não";1;0;0;0;1;0;0;1;-29,84148147;-50,24610043;"SPRF-RS";"DEL03-RS";"UOP01-DEL03-RS"
137566;2018-06-03;"domingo";"06:55:00";"SE";235;47,2;"ITABAIANA";"Desobediência às normas de trânsito pelo condutor";"Tombamento";"Com Vítimas Fatais";"Pleno dia";"Crescente";"Chuva";"Simples";"Reta";"Não";3;1;0;1;1;0;1;2;-10,72198693;-37,41880763;"SPRF-SE";"DEL01-SE";"UOP02-DEL01-SE"
137567;2018-06-03;"domingo";"11:20:00";"PB";101;103,7;"ALHANDRA";"Avarias e/ou desgaste excessivo no pneu";"Queda de ocupante de veículo";"Com Vítimas Feridas";"Pleno dia";"Decrescente";"Nublado";"Múltipla";"Curva";"Não";2;0;2;0;0;0;2;1;-7,29768883;-34,93729055;"SPRF-PB";"DEL01-PB";"UOP01-DEL01-PB"
137569;2018-05-10;"quinta-feira";"07:10:00";"RS";158;326,2;"SANTA MARIA";"Falta de Atenção à Condução";"Colisão transversal";"Com Vítimas Feridas";"Pleno dia";"Decrescente";"Nublado";"Simples";"Reta";"Sim";3;0;3;0;0;0;3;2;-29,71498542;-53,80935878;"SPRF-RS";"DEL09-RS";"UOP01-DEL09-RS"
137570;2018-06-03;"domingo";"07:50:00";"PR";476;122,8;"CURITIBA";"Falta de Atenção à Condução";"Colisão transversal";"Com Vítimas Feridas";"Pleno dia";"Crescente";"Chuva";"Dupla";"Reta;Interseção de Vias";"Sim";2;0;1;0;1;0;1;2;-25,391069;-49,2081212;"SPRF-PR";"DEL01-PR";"UOP07-DEL01-PR"
137571;2018-06-03;"domingo";"07:45:00";"SE";235;9;"NOSSA SENHORA DO SOCORRO";"Desobediência às normas de trânsito pelo condutor";"Colisão traseira";"Sem Vítimas";"Pleno dia";"Crescente";"Garoa/Chuvisco";"Simples";"Reta";"Não";2;0;0;0;2;0;0;2;-10,88169086;-37,1433726;"SPRF-SE";"DEL01-SE";"UOP01-DEL01-SE"
137573;2018-06-03;"domingo";"07:30:00";"MG";116;802,7;"ALEM PARAIBA";"Falta de Atenção à Condução";"Colisão com objeto estático";"Sem Vítimas";"Pleno dia";"Decrescente";"Céu Claro";"Simples";"Reta";"Não";1;0;0;0;1;0;0;1;-21,81608628;-42,69390106;"SPRF-MG";"DEL07-MG";"UOP01-DEL07-MG"
137574;2018-06-02;"sábado";"17:00:00";"RO";364;1078;"PORTO VELHO";"Sinalização da via insuficiente ou inadequada";"Saída de leito carroçável";"Com Vítimas Fatais";"Pleno dia";"Decrescente";"Nublado";"Simples";"Declive";"Não";1;1;0;0;0;0;0;1;-9,674507;-65,44786;"SPRF-RO";"DEL01-RO";"UOP02-DEL01-RO"
137577;2018-06-03;"domingo";"07:00:00";"RJ";116;182;"NOVA IGUACU";"Ingestão de Álcool";"Colisão com objeto estático";"Com Vítimas Feridas";"Pleno dia";"Decrescente";"Nublado";"Dupla";"Reta";"Sim";1;0;1;0;0;0;1;1;-22,73793272;-43,48656356;"SPRF-RJ";"DEL01-RJ";"UOP02-DEL01-RJ"
137579;2018-06-03;"domingo";"08:00:00";"MS";163;479,9;"CAMPO GRANDE";"Falta de Atenção à Condução";"Tombamento";"Com Vítimas Feridas";"Pleno dia";"Decrescente";"Nublado";"Simples";"Reta";"Sim";2;0;2;0;0;0;2;1;-20,48482559;-54,55931807;"SPRF-MS";"DEL01-MS";"UOP01-DEL01-MS"
137580;2018-06-03;"domingo";"10:00:00";"ES";262;6;"CARIACICA";"Desobediência às normas de trânsito pelo condutor";"Colisão transversal";"Com Vítimas Feridas";"Pleno dia";"Decrescente";"Céu Claro";"Dupla";"Interseção de Vias";"Sim";4;0;0;2;2;0;2;2;-20,3404;-40,395;"SPRF-ES";"DEL01-ES";"UOP01-DEL01-ES"
137582;2018-06-03;"domingo";"08:00:00";"RO";319;55;"PORTO VELHO";"Velocidade Incompatível";"Saída de leito carroçável";"Com Vítimas Feridas";"Pleno dia";"Crescente";"Nublado";"Simples";"Curva";"Não";2;0;1;0;1;0;1;1;-8,741725;-63,940582;"SPRF-RO";"DEL01-RO";"UOP01-DEL01-RO"
137585;2018-06-03;"domingo";"09:40:00";"PB";104;129,9;"CAMPINA GRANDE";"Não guardar distância de segurança";"Colisão traseira";"Com Vítimas Feridas";"Pleno dia";"Decrescente";"Céu Claro";"Simples";"Reta";"Sim";2;0;1;0;1;0;1;2;-7,28087956;-35,88912036;"SPRF-PB";"DEL02-PB";"UOP01-DEL02-PB"
137587;2018-06-03;"domingo";"10:30:00";"SP";116;119;"CACAPAVA";"Não guardar distância de segurança";"Colisão traseira";"Com Vítimas Feridas";"Pleno dia";"Crescente";"Nublado";"Dupla";"Reta";"Não";3;0;1;0;2;0;1;2;-23,067108;-45,635643;"SPRF-SP";"DEL06-SP";"UOP02-DEL02-SP"
137588;2018-06-03;"domingo";"10:50:00";"PI";343;328;"TERESINA";"Avarias e/ou desgaste excessivo no pneu";"Tombamento";"Com Vítimas Feridas";"Pleno dia";"Crescente";"Céu Claro";"Simples";"Reta";"Não";2;0;2;0;0;0;2;1;-5,06182954;-42,64911711;"SPRF-PI";"DEL01-PI";"UOP01-DEL01-PI"
137589;2018-06-03;"domingo";"10:50:00";"RS";392;118;"CANGUCU";"Desobediência às normas de trânsito pelo condutor";"Colisão transversal";"Sem Vítimas";"Pleno dia";"Crescente";"Céu Claro";"Simples";"Interseção de Vias";"Sim";2;0;0;0;2;0;0;2;-31,407227;-52,681717;"SPRF-RS";"DEL07-RS";"UOP01-DEL07-RS"
137592;2018-06-03;"domingo";"11:15:00";"RJ";116;132;"MAGE";"Pista Escorregadia";"Queda de ocupante de veículo";"Com Vítimas Feridas";"Pleno dia";"Crescente";"Nublado";"Dupla";"Reta";"Sim";2;0;2;0;0;0;2;1;-22,64855156;-43,17927361;"SPRF-RJ";"DEL04-RJ";"UOP02-DEL04-RJ"
137593;2018-06-03;"domingo";"10:30:00";"RJ";101;298;"ITABORAI";"Falta de Atenção à Condução";"Colisão traseira";"Sem Vítimas";"Pleno dia";"Crescente";"Céu Claro";"Dupla";"Reta";"Sim";2;0;0;0;2;0;0;2;-22,7714;-42,928959;"SPRF-RJ";"DEL02-RJ";"DEL5/2-UOP04/RJ"
137594;2018-06-03;"domingo";"11:30:00";"PR";376;182;"MARINGA";"Falta de Atenção à Condução";"Queda de ocupante de veículo";"Com Vítimas Feridas";"Pleno dia";"Decrescente";"Garoa/Chuvisco";"Dupla";"Rotatória";"Não";1;0;1;0;0;0;1;1;-23,43684;-51,878807;"SPRF-PR";"DEL07-PR";"UOP01-DEL09-PR"
137596;2018-06-03;"domingo";"10:37:00";"MG";262;46,2;"MANHUACU";"Falta de Atenção à Condução";"Colisão traseira";"Com Vítimas Feridas";"Pleno dia";"Crescente";"Céu Claro";"Simples";"Reta";"Não";3;0;1;1;1;0;2;2;-20,263256;-42,105717;"SPRF-MG";"DEL06-MG";"UOP03-DEL06-MG"
137599;2018-06-03;"domingo";"11:50:00";"MG";40;509,7;"RIBEIRAO DAS NEVES";"Velocidade Incompatível";"Capotamento";"Com Vítimas Feridas";"Pleno dia";"Crescente";"Céu Claro";"Dupla";"Curva";"Não";1;0;0;1;0;0;1;1;-19,77251913;-44,12693024;"SPRF-MG";"DEL01-MG";"UOP03-DEL01-MG"
137600;2018-06-03;"domingo";"11:35:00";"MG";116;416;"GOVERNADOR VALADARES";"Falta de Atenção à Condução";"Colisão transversal";"Com Vítimas Feridas";"Pleno dia";"Decrescente";"Céu Claro";"Simples";"Interseção de Vias";"Sim";3;0;1;0;2;0;1;2;-18,89109124;-41,94675833;"SPRF-MG";"DEL06-MG";"UOP01-DEL06-MG"
137603;2018-06-03;"domingo";"12:30:00";"CE";20;374;"CAUCAIA";"Ultrapassagem Indevida";"Colisão frontal";"Com Vítimas Feridas";"Pleno dia";"Decrescente";"Céu Claro";"Simples";"Curva";"Não";6;0;1;2;3;0;3;2;-3,95545154;-38,87705326;"SPRF-CE";"DEL02-CE";"UOP01-DEL02-CE"
137604;2018-06-03;"domingo";"13:00:00";"SC";470;116,9;"IBIRAMA";"Ultrapassagem Indevida";"Colisão frontal";"Com Vítimas Feridas";"Pleno dia";"Crescente";"Céu Claro";"Simples";"Reta";"Não";5;0;4;1;0;0;5;2;-27,0788444;-49,48830128;"SPRF-SC";"DEL04-SC";"UOP02-DEL04-SC"
137606;2018-06-03;"domingo";"13:10:00";"MG";146;519,5;"GUAXUPE";"Condutor Dormindo";"Saída de leito carroçável";"Com Vítimas Feridas";"Pleno dia";"Decrescente";"Céu Claro";"Simples";"Curva";"Não";5;0;3;1;0;1;4;2;-21,305164;-46,667463;"SPRF-MG";"DEL09-MG";"UOP01-DEL09-MG"
137607;2018-06-03;"domingo";"12:30:00";"PE";101;54,6;"PAULISTA";"Falta de Atenção à Condução";"Colisão transversal";"Com Vítimas Feridas";"Pleno dia";"Decrescente";"Sol";"Múltipla";"Retorno Regulamentado";"Sim";3;0;2;0;1;0;2;2;-7,945851;-34,9044;"SPRF-PE";"DEL01-PE";"UOP02-DEL01-PE"
137608;2018-06-03;"domingo";"11:45:00";"RJ";116;311;"ITATIAIA";"Falta de Atenção à Condução";"Queda de ocupante de veículo";"Com Vítimas Feridas";"Pleno dia";"Crescente";"Nublado";"Dupla";"Reta";"Não";1;0;1;0;0;0;1;1;-22,460867;-44,442963;"SPRF-RJ";"DEL07-RJ";"DEL5/7-UOP03/RJ"
137609;2018-06-03;"domingo";"09:30:00";"PA";10;180,2;"IPIXUNA DO PARA";"Defeito Mecânico no Veículo";"Saída de leito carroçável";"Com Vítimas Feridas";"Pleno dia";"Decrescente";"Céu Claro";"Simples";"Declive";"Não";4;0;0;1;3;0;1;1;-2,85903464;-47,44102478;"SPRF-PA";"DEL02-PA";"UOP01-DEL02-PA"
137610;2018-06-03;"domingo";"12:20:00";"MS";267;479,7;"JARDIM";"Falta de Atenção à Condução";"Colisão transversal";"Com Vítimas Feridas";"Pleno dia";"Decrescente";"Nublado";"Simples";"Reta";"Sim";3;0;2;0;1;0;2;2;-21,47113;-56,1332;"SPRF-MS";"DEL05-MS";"UOP01-DEL05-MS"
137611;2018-06-03;"domingo";"13:30:00";"PR";277;660;"MATELANDIA";"Falta de Atenção à Condução";"Colisão lateral";"Com Vítimas Feridas";"Pleno dia";"Decrescente";"Nevoeiro/Neblina";"Dupla";"Curva;Aclive";"Não";5;0;2;0;3;0;2;2;-25,1791939;-53,8758707;"SPRF-PR";"DEL05-PR";"UOP02-DEL05-PR"
137612;2018-06-03;"domingo";"11:15:00";"MG";40;352;"FELIXLANDIA";"Desobediência às normas de trânsito pelo condutor";"Colisão transversal";"Com Vítimas Feridas";"Pleno dia";"Crescente";"Céu Claro";"Simples";"Reta";"Não";6;0;2;0;4;0;2;2;-18,728312;-44,920441;"SPRF-MG";"DEL02-MG";"UOP01-DEL02-MG"
137613;2018-06-03;"domingo";"13:45:00";"AL";101;130;"SAO MIGUEL DOS CAMPOS";"Não guardar distância de segurança";"Colisão traseira";"Com Vítimas Feridas";"Pleno dia";"Crescente";"Céu Claro";"Simples";"Curva";"Não";4;0;1;0;2;1;1;3;-9,758461;-36,070011;"SPRF-AL";"DEL02-AL";"UOP01-DEL02-AL"
137615;2018-06-03;"domingo";"14:25:00";"PA";163;985;"SANTAREM";"Falta de Atenção à Condução";"Colisão transversal";"Com Vítimas Feridas";"Pleno dia";"Crescente";"Céu Claro";"Simples";"Reta";"Sim";3;0;2;0;1;0;2;2;-2,594611;-54,719791;"SPRF-PA";"DEL05-PA";"UOP01-DEL05-PA"
137616;2018-06-03;"domingo";"14:30:00";"BA";20;178,7;"LUIS EDUARDO MAGALHAES";"Falta de Atenção do Pedestre";"Atropelamento de Pedestre";"Com Vítimas Fatais";"Pleno dia";"Decrescente";"Céu Claro";"Simples";"Reta";"Não";2;1;0;0;1;0;0;2;-12,40036522;-45,86929321;"SPRF-BA";"DEL10-BA";"UOP01-DEL10-BA"
137617;2018-06-03;"domingo";"14:45:00";"SC";470;77,4;"INDAIAL";"Falta de Atenção à Condução";"Saída de leito carroçável";"Com Vítimas Feridas";"Pleno dia";"Decrescente";"Sol";"Simples";"Reta";"Não";2;0;1;0;1;0;1;2;-26,92976379;-49,28598244;"SPRF-SC";"DEL04-SC";"UOP01-DEL04-SC"
137619;2018-06-03;"domingo";"13:55:00";"BA";116;451;"ANTONIO CARDOSO";"Ultrapassagem Indevida";"Colisão frontal";"Sem Vítimas";"Pleno dia";"Crescente";"Nublado";"Simples";"Reta;Aclive";"Não";2;0;0;0;2;0;0;2;-12,3990793;-39,1649019;"SPRF-BA";"DEL02-BA";"UOP01-DEL02-BA"
137620;2018-06-03;"domingo";"15:00:00";"DF";20;41,7;"BRASILIA";"Velocidade Incompatível";"Saída de leito carroçável";"Com Vítimas Feridas";"Pleno dia";"Decrescente";"Céu Claro";"Dupla";"Reta";"Não";4;0;1;0;3;0;1;1;-15,579526;-47,49747;"SPRF-DF";"DEL02-DF";"UOP01-DEL02-DF"
137621;2018-05-23;"quarta-feira";"13:07:00";"RJ";40;113;"DUQUE DE CAXIAS";"Defeito Mecânico no Veículo";"Queda de ocupante de veículo";"Com Vítimas Feridas";"Pleno dia";"Decrescente";"Céu Claro";"Múltipla";"Reta";"Sim";2;0;1;0;1;0;1;1;-22,70173196;-43,29033852;"SPRF-RJ";"DEL01-RJ";"UOP01-DEL01-RJ"
137622;2018-06-03;"domingo";"15:09:00";"RN";304;32,8;"MOSSORO";"Defeito Mecânico no Veículo";"Colisão com objeto estático";"Com Vítimas Feridas";"Pleno dia";"Crescente";"Chuva";"Dupla";"Reta";"Sim";5;0;5;0;0;0;5;1;-5,14659711;-37,34745383;"SPRF-RN";"DEL04-RN";"UOP02-DEL04-RN"
137623;2018-06-03;"domingo";"15:05:00";"DF";60;31;"BRASILIA";"Falta de Atenção à Condução";"Colisão traseira";"Com Vítimas Feridas";"Pleno dia";"Decrescente";"Céu Claro";"Simples";"Reta";"Sim";4;0;1;0;3;0;1;3;-16,03854;-48,255955;"SPRF-DF";"DEL01-DF";"UOP01-DEL03-DF"
137624;2018-06-03;"domingo";"14:00:00";"SC";282;69,9;"RANCHO QUEIMADO";"Falta de Atenção à Condução";"Saída de leito carroçável";"Sem Vítimas";"Pleno dia";"Decrescente";"Sol";"Simples";"Aclive;Curva";"Não";1;0;0;0;1;0;0;1;-27,69389283;-49,08879161;"SPRF-SC";"DEL01-SC";"UOP03-DEL01-SC"
137625;2018-06-03;"domingo";"15:20:00";"SC";101;127,6;"ITAJAI";"Falta de Atenção à Condução";"Colisão traseira";"Com Vítimas Feridas";"Pleno dia";"Decrescente";"Sol";"Dupla";"Reta";"Não";2;0;1;0;1;0;1;2;-26,95696157;-48,67954686;"SPRF-SC";"DEL04-SC";"UOP04-DEL04-SC"
137626;2018-06-03;"domingo";"15:30:00";"RS";116;247,6;"SAO LEOPOLDO";"Desobediência às normas de trânsito pelo condutor";"Colisão transversal";"Sem Vítimas";"Pleno dia";"Crescente";"Céu Claro";"Dupla";"Interseção de Vias";"Sim";2;0;0;0;1;1;0;2;-29,77251698;-51,15434468;"SPRF-RS";"DEL01-RS";"UOP02-DEL01-RS"
137627;2018-06-03;"domingo";"14:20:00";"RJ";101;447,8;"MANGARATIBA";"Velocidade Incompatível";"Colisão frontal";"Com Vítimas Feridas";"Pleno dia";"Decrescente";"Chuva";"Simples";"Curva";"Não";6;0;4;1;1;0;5;3;-23,005344;-44,098074;"SPRF-RJ";"DEL03-RJ";"UOP03-DEL03-RJ"
137628;2018-06-03;"domingo";"15:30:00";"PA";316;10;"ANANINDEUA";"Falta de Atenção do Pedestre";"Atropelamento de Pedestre";"Com Vítimas Feridas";"Pleno dia";"Decrescente";"Céu Claro";"Dupla";"Reta";"Sim";3;0;1;2;0;0;3;2;-1,36629505;-48,36593628;"SPRF-PA";"DEL01-PA";"DEL19/1-UOP05/PA"
137629;2018-06-03;"domingo";"15:55:00";"RN";226;101,8;"SANTA CRUZ";"Velocidade Incompatível";"Colisão frontal";"Com Vítimas Fatais";"Pleno dia";"Decrescente";"Chuva";"Simples";"Reta";"Não";5;1;0;4;0;0;4;2;-6,244968;-35,986515;"SPRF-RN";"DEL03-RN";"UOP02-DEL03-RN"
137633;2018-06-03;"domingo";"16:00:00";"MG";381;899,5;"CAMBUI";"Falta de Atenção à Condução";"Colisão com objeto estático";"Com Vítimas Feridas";"Pleno dia";"Crescente";"Céu Claro";"Simples";"Rotatória";"Sim";2;0;1;0;1;0;1;1;-22,62124553;-46,07377946;"SPRF-MG";"DEL16-MG";"UOP03-DEL16-MG"
137634;2018-06-03;"domingo";"16:20:00";"SP";153;5;"ICEM";"Desobediência às normas de trânsito pelo condutor";"Colisão transversal";"Com Vítimas Feridas";"Pleno dia";"Crescente";"Céu Claro";"Dupla";"Interseção de Vias";"Não";7;0;3;1;0;3;4;3;-20,34894776;-49,21486316;"SPRF-SP";"DEL09-SP";"UOP01-DEL09-SP"
137635;2018-06-03;"domingo";"16:00:00";"MG";40;634;"CONSELHEIRO LAFAIETE";"Falta de Atenção à Condução";"Engavetamento";"Sem Vítimas";"Pleno dia";"Decrescente";"Céu Claro";"Simples";"Reta";"Não";3;0;0;0;3;0;0;3;-20,7037;-43,7926;"SPRF-MG";"DEL05-MG";"UOP02-DEL05-MG"
137638;2018-06-03;"domingo";"13:50:00";"BA";116;823;"VITORIA DA CONQUISTA";"Desobediência às normas de trânsito pelo condutor";"Colisão transversal";"Com Vítimas Feridas";"Pleno dia";"Crescente";"Nublado";"Dupla";"Interseção de Vias";"Sim";6;0;0;2;1;3;2;3;-14,8598504;-40,84961414;"SPRF-BA";"DEL08-BA";"UOP01-DEL08-BA"
137639;2018-06-03;"domingo";"16:15:00";"SC";101;214,6;"PALHOCA";"Falta de Atenção à Condução";"Colisão traseira";"Com Vítimas Feridas";"Pleno dia";"Decrescente";"Céu Claro";"Múltipla";"Reta";"Sim";2;0;1;0;1;0;1;2;-27,652;-48,676;"SPRF-SC";"DEL01-SC";"UOP02-DEL01-SC"
137641;2018-06-03;"domingo";"16:30:00";"RN";406;156;"CEARA-MIRIM";"Ingestão de Álcool";"Colisão lateral";"Com Vítimas Feridas";"Anoitecer";"Decrescente";"Garoa/Chuvisco";"Simples";"Reta";"Não";2;0;1;0;1;0;1;2;-5,68531557;-35,39459646;"SPRF-RN";"DEL02-RN";"UOP01-DEL02-RN"
137643;2018-06-03;"domingo";"12:00:00";"RJ";465;19;"NOVA IGUACU";"Falta de Atenção à Condução";"Colisão traseira";"Com Vítimas Feridas";"Pleno dia";"Decrescente";"Nublado";"Simples";"Reta";"Sim";2;0;1;0;0;1;1;2;-22,839184;-43,610451;"SPRF-RJ";"DEL01-RJ";"UOP03-DEL01-RJ"
137645;2018-06-03;"domingo";"16:40:00";"MG";381;585,9;"CARMOPOLIS DE MINAS";"Velocidade Incompatível";"Colisão frontal";"Com Vítimas Feridas";"Pleno dia";"Crescente";"Céu Claro";"Simples";"Curva";"Não";3;0;2;0;1;0;2;2;-20,52146089;-44,62701684;"SPRF-MG";"DEL04-MG";"UOP01-DEL04-MG"
137648;2018-06-03;"domingo";"17:20:00";"BA";330;737;"JEQUIE";"Pista Escorregadia";"Colisão com objeto estático";"Com Vítimas Fatais";"Anoitecer";"Decrescente";"Chuva";"Simples";"Reta";"Não";2;1;0;1;0;0;1;1;-13,962466;-39,962542;"SPRF-BA";"DEL03-BA";"UOP01-DEL03-BA"
137649;2018-06-03;"domingo";"16:40:00";"PI";316;415,9;"MARCOLANDIA";"Desobediência às normas de trânsito pelo condutor";"Colisão lateral";"Com Vítimas Feridas";"Pleno dia";"Crescente";"Céu Claro";"Simples";"Curva";"Sim";2;0;0;1;1;0;1;2;-7,445727;-40,662392;"SPRF-PI";"DEL04-PI";"UOP03-DEL04-PI"