"id";"data_inversa";"dia_semana";"horario";"uf";"br";"km";"municipio";"causa_acidente";"tipo_acidente";"classificacao_acidente";"fase_dia";"sentido_via";"condicao_metereologica";"tipo_pista";"tracado_via";"uso_solo";"pessoas";"mortos";"feridos_leves";"feridos_graves";"ilesos";"ignorados";"feridos";"veiculos";"latitude";"longitude";"regional";"delegacia";"uop"
137651;2018-06-03;"domingo";"17:00:00";"DF";20;45,5;"BRASILIA";"Defeito Mecânico no Veículo";"Saída de leito carroçável";"Sem Vítimas";"Pleno dia";"Crescente";"Céu Claro";"Dupla";"Reta";"Não";1;0;0;0;1;0;0;1;-15,57879883;-47,46312618;"SPRF-DF";"DEL02-DF";"UOP01-DEL02-DF"
137652;2018-06-03;"domingo";"17:15:00";"PR";277;672,2;"MEDIANEIRA";"Falta de Atenção à Condução";"Colisão traseira";"Com Vítimas Feridas";"Pleno dia";"Crescente";"Céu Claro";"Dupla";"Reta";"Sim";5;0;2;0;3;0;2;2;-25,287436;-54,097012;"SPRF-PR";"DEL05-PR";"UOP01-DEL05-PR"
137653;2018-06-03;"domingo";"17:10:00";"ES";101;270,9;"SERRA";"Velocidade Incompatível";"Tombamento";"Com Vítimas Feridas";"Anoitecer";"Decrescente";"Céu Claro";"Dupla";"Viaduto";"Sim";2;0;1;1;0;0;2;1;-20,23313701;-40,27524054;"SPRF-ES";"DEL02-ES";"UOP01-DEL02-ES"
137657;2018-06-03;"domingo";"17:00:00";"RS";116;229;"DOIS IRMAOS";"Falta de Atenção à Condução";"Colisão lateral";"Com Vítimas Feridas";"Pleno dia";"Crescente";"Nublado";"Simples";"Interseção de Vias";"Sim";3;0;2;0;1;0;2;2;-29,6190897;-51,1210015;"SPRF-RS";"DEL05-RS";"UOP02-DEL05-RS"
137658;2018-06-03;"domingo";"17:20:00";"BA";101;875;"TEIXEIRA DE FREITAS";"Falta de Atenção do Pedestre";"Colisão transversal";"Com Vítimas Feridas";"Anoitecer";"Decrescente";"Céu Claro";"Simples";"Reta";"Não";2;0;0;2;0;0;2;2;-17,5238;-39,7079;"SPRF-BA";"DEL09-BA";"UOP02-DEL09-BA"
137659;2018-06-03;"domingo";"16:20:00";"RJ";101;429;"MANGARATIBA";"Falta de Atenção à Condução";"Capotamento";"Com Vítimas Feridas";"Anoitecer";"Decrescente";"Chuva";"Simples";"Curva";"Não";1;0;1;0;0;0;1;1;-22,93503738;-44,01629448;"SPRF-RJ";"DEL03-RJ";"UOP01-DEL03-RJ"
137660;2018-06-03;"domingo";"17:40:00";"RS";116;203;"PICADA CAFE";"Velocidade Incompatível";"Saída de leito carroçável";"Com Vítimas Feridas";"Anoitecer";"Crescente";"Céu Claro";"Simples";"Curva";"Não";1;0;1;0;0;0;1;1;-29,491133;-51,149986;"SPRF-RS";"DEL05-RS";"UOP02-DEL05-RS"
137662;2018-06-03;"domingo";"17:00:00";"SP";381;65;"MAIRIPORA";"Falta de Atenção à Condução";"Colisão traseira";"Com Vítimas Feridas";"Anoitecer";"Decrescente";"Céu Claro";"Dupla";"Reta";"Sim";2;0;1;0;1;0;1;2;-23,3101661;-46,5810499;"SPRF-SP";"DEL03-SP";"DEL6/3-UOP03/SP"
137665;2018-06-03;"domingo";"18:00:00";"ES";101;235,5;"FUNDAO";"Desobediência às normas de trânsito pelo condutor";"Colisão traseira";"Com Vítimas Feridas";"Plena Noite";"Crescente";"Céu Claro";"Simples";"Reta";"Não";2;0;0;1;1;0;1;2;-19,98067751;-40,41046381;"SPRF-ES";"DEL02-ES";"UOP01-DEL02-ES"
137667;2018-06-03;"domingo";"16:58:00";"ES";262;46,4;"MARECHAL FLORIANO";"Ultrapassagem Indevida";"Colisão transversal";"Com Vítimas Feridas";"Pleno dia";"Crescente";"Céu Claro";"Simples";"Interseção de Vias";"Sim";2;0;1;0;1;0;1;2;-20,41066385;-40,67683697;"SPRF-ES";"DEL01-ES";"UOP01-DEL01-ES"
137669;2018-06-03;"domingo";"18:30:00";"SP";153;73,6;"SAO JOSE DO RIO PRETO";"Agressão Externa";"Tombamento";"Com Vítimas Feridas";"Anoitecer";"Decrescente";"Céu Claro";"Simples";"Desvio Temporário";"Sim";1;0;1;0;0;0;1;1;-20,876249;-49,420029;"SPRF-SP";"DEL09-SP";"UOP01-DEL09-SP"
137671;2018-06-03;"domingo";"18:10:00";"PR";277;110;"CAMPO LARGO";"Não guardar distância de segurança";"Engavetamento";"Com Vítimas Feridas";"Anoitecer";"Decrescente";"Céu Claro";"Dupla";"Reta";"Não";3;0;1;0;2;0;1;3;-25,44330368;-49,45668876;"SPRF-PR";"DEL01-PR";"UOP06-DEL01-PR"
137673;2018-06-03;"domingo";"17:00:00";"RJ";116;193;"QUEIMADOS";"Falta de Atenção à Condução";"Atropelamento de Pedestre";"Com Vítimas Feridas";"Anoitecer";"Decrescente";"Nublado";"Múltipla";"Reta";"Sim";2;0;1;0;1;0;1;2;-22,739573;-43,528702;"SPRF-RJ";"DEL01-RJ";"UOP03-DEL01-RJ"
137674;2018-06-03;"domingo";"17:30:00";"MS";60;416;"SIDROLANDIA";"Ingestão de Álcool";"Colisão com objeto estático";"Sem Vítimas";"Anoitecer";"Crescente";"Nublado";"Simples";"Reta";"Não";2;0;0;0;2;0;0;1;-20,897488;-54,875076;"SPRF-MS";"DEL01-MS";"UOP04-DEL01-MS"
137676;2018-06-03;"domingo";"05:45:00";"MS";262;396;"TERENOS";"Animais na Pista";"Capotamento";"Com Vítimas Feridas";"Anoitecer";"Decrescente";"Céu Claro";"Simples";"Reta";"Não";1;0;1;0;0;0;1;1;-20,42443892;-54,98245239;"SPRF-MS";"DEL01-MS";"UOP03-DEL01-MS"
137680;2018-06-03;"domingo";"17:30:00";"CE";222;3,4;"CAUCAIA";"Falta de Atenção do Pedestre";"Atropelamento de Pedestre";"Com Vítimas Feridas";"Anoitecer";"Decrescente";"Nublado";"Dupla";"Declive";"Sim";2;0;1;0;1;0;1;2;-3,740385;-38,595749;"SPRF-CE";"DEL01-CE";"UOP01-DEL01-CE"
137681;2018-06-03;"domingo";"19:00:00";"CE";116;433,2;"IPAUMIRIM";"Falta de Atenção à Condução";"Colisão frontal";"Com Vítimas Fatais";"Plena Noite";"Crescente";"Céu Claro";"Simples";"Reta";"Não";2;1;0;0;0;1;0;2;-6,884516;-38,728031;"SPRF-CE";"DEL05-CE";"UOP03-DEL05-CE"
137682;2018-06-03;"domingo";"18:10:00";"SE";101;149,6;"ESTANCIA";"Ingestão de Álcool";"Colisão traseira";"Com Vítimas Feridas";"Plena Noite";"Decrescente";"Chuva";"Simples";"Reta";"Sim";3;0;2;0;1;0;2;2;-11,25045184;-37,43632126;"SPRF-SE";"DEL02-SE";"UOP01-DEL02-SE"
137684;2018-06-03;"domingo";"18:40:00";"AL";316;252,4;"PILAR";"Ingestão de Álcool";"Colisão frontal";"Com Vítimas Feridas";"Plena Noite";"Crescente";"Céu Claro";"Simples";"Reta";"Não";2;0;0;2;0;0;2;2;-9,563696;-35,971119;"SPRF-AL";"DEL01-AL";"UOP01-DEL01-AL"
137685;2018-06-03;"domingo";"18:40:00";"MG";116;328,9;"CAMPANARIO";"Falta de Atenção do Pedestre";"Atropelamento de Pedestre";"Com Vítimas Fatais";"Plena Noite";"Decrescente";"Céu Claro";"Simples";"Reta";"Não";2;1;0;0;1;0;0;2;-18,23456873;-41,72058105;"SPRF-MG";"DEL11-MG";"UOP01-DEL11-MG"
137686;2018-06-03;"domingo";"18:50:00";"CE";116;481;"MILAGRES";"Desobediência às normas de trânsito pelo condutor";"Colisão lateral";"Sem Vítimas";"Plena Noite";"Crescente";"Céu Claro";"Simples";"Reta";"Não";3;0;0;0;3;0;0;2;-7,309264;-38,937;"SPRF-CE";"DEL05-CE";"UOP03-DEL05-CE"
137688;2018-06-03;"domingo";"19:15:00";"PR";277;689;"SAO MIGUEL DO IGUACU";"Falta de Atenção do Pedestre";"Atropelamento de Pedestre";"Com Vítimas Feridas";"Plena Noite";"Crescente";"Céu Claro";"Dupla";"Reta";"Sim";2;0;0;1;1;0;1;2;-25,35446648;-54,24237138;"SPRF-PR";"DEL05-PR";"UOP01-DEL05-PR"
137690;2018-06-03;"domingo";"18:10:00";"SP";116;51,5;"LORENA";"Falta de Atenção à Condução";"Saída de leito carroçável";"Com Vítimas Feridas";"Anoitecer";"Crescente";"Nublado";"Dupla";"Reta";"Sim";3;0;3;0;0;0;3;1;-22,74411367;-45,09594195;"SPRF-SP";"DEL08-SP";"UOP03-DEL08-SP"
137691;2018-06-03;"domingo";"19:10:00";"SP";101;40,9;"UBATUBA";"Ingestão de Álcool";"Colisão traseira";"Sem Vítimas";"Plena Noite";"Decrescente";"Chuva";"Simples";"Reta";"Não";2;0;0;0;2;0;0;2;-23,41895112;-45,04347324;"SPRF-SP";"DEL06-SP";"UOP01-DEL06-SP"
137692;2018-06-03;"domingo";"17:30:00";"RJ";101;275;"TANGUA";"Falta de Atenção do Pedestre";"Colisão lateral";"Com Vítimas Feridas";"Anoitecer";"Crescente";"Chuva";"Dupla";"Reta";"Não";3;0;1;0;2;0;1;3;-22,73654;-42,72913;"SPRF-RJ";"DEL02-RJ";"UOP03-DEL02-RJ"
137694;2018-06-03;"domingo";"18:36:00";"PB";230;1;"CABEDELO";"Desobediência às normas de trânsito pelo condutor";"Colisão transversal";"Com Vítimas Feridas";"Anoitecer";"Crescente";"Chuva";"Simples";"Reta";"Sim";2;0;1;0;1;0;1;2;-6,97506533;-34,83187973;"SPRF-PB";"DEL01-PB";"UOP01-DEL01-PB"
137695;2018-06-03;"domingo";"18:50:00";"GO";153;442,9;"ANAPOLIS";"Sinalização da via insuficiente ou inadequada";"Atropelamento de Pedestre";"Com Vítimas Fatais";"Plena Noite";"Crescente";"Céu Claro";"Dupla";"Reta";"Sim";4;1;0;0;3;0;0;2;-16,33316414;-48,9223659;"SPRF-GO";"DEL02-GO";"UOP01-DEL02-GO"
137697;2018-06-03;"domingo";"19:00:00";"BA";418;90;"CARAVELAS";"Ingestão de Álcool";"Atropelamento de Pedestre";"Com Vítimas Feridas";"Plena Noite";"Decrescente";"Nublado";"Simples";"Reta";"Sim";2;0;0;1;1;0;1;2;-17,734264;-39,553185;"SPRF-BA";"DEL09-BA";"UOP02-DEL09-BA"
137699;2018-06-03;"domingo";"18:40:00";"PI";316;34;"DEMERVAL LOBAO";"Falta de Atenção à Condução";"Colisão frontal";"Com Vítimas Fatais";"Plena Noite";"Decrescente";"Nublado";"Simples";"Reta";"Não";3;2;0;0;1;0;0;2;-5,34218;-42,686275;"SPRF-PI";"DEL01-PI";"UOP02-DEL01-PI"
137700;2018-06-03;"domingo";"18:45:00";"MS";163;479;"CAMPO GRANDE";"Desobediência às normas de trânsito pelo condutor";"Colisão transversal";"Com Vítimas Feridas";"Plena Noite";"Crescente";"Céu Claro";"Simples";"Interseção de Vias";"Sim";2;0;1;0;1;0;1;2;-20,48376824;-54,5593356;"SPRF-MS";"DEL01-MS";"UOP01-DEL01-MS"
137701;2018-06-03;"domingo";"19:45:00";"PB";230;10;"CABEDELO";"Falta de Atenção do Pedestre";"Atropelamento de Pedestre";"Com Vítimas Feridas";"Pleno dia";"Crescente";"Céu Claro";"Dupla";"Reta";"Sim";2;0;0;1;1;0;1;2;-7,0553232;-34,85067397;"SPRF-PB";"DEL01-PB";"UOP01-DEL01-PB"
137702;2018-06-03;"domingo";"20:00:00";"DF";20;49,4;"BRASILIA";"Ingestão de Álcool";"Colisão lateral";"Com Vítimas Feridas";"Plena Noite";"Decrescente";"Céu Claro";"Dupla";"Reta";"Não";9;0;4;0;4;1;4;3;-15,58178553;-47,42724895;"SPRF-DF";"DEL02-DF";"UOP01-DEL02-DF"
137705;2018-06-03;"domingo";"19:15:00";"RJ";116;24,1;"SAPUCAIA";"Desobediência às normas de trânsito pelo condutor";"Colisão frontal";"Com Vítimas Feridas";"Plena Noite";"Decrescente";"Nublado";"Simples";"Reta";"Não";7;0;4;1;2;0;5;2;-22,030649;-42,777142;"SPRF-RJ";"DEL04-RJ";"UOP01-DEL04-RJ"
137706;2018-06-03;"domingo";"18:30:00";"RO";421;5;"ARIQUEMES";"Defeito na Via";"Colisão lateral";"Com Vítimas Feridas";"Anoitecer";"Decrescente";"Céu Claro";"Simples";"Reta";"Não";3;0;2;0;1;0;2;2;-9,937808;-63,095142;"SPRF-RO";"DEL03-RO";"DEL21/3-UOP04/RO"
137707;2018-06-03;"domingo";"19:50:00";"SP";116;89;"PINDAMONHANGABA";"Falta de Atenção à Condução";"Saída de leito carroçável";"Com Vítimas Feridas";"Plena Noite";"Decrescente";"Nublado";"Dupla";"Reta";"Sim";1;0;1;0;0;0;1;1;-22,939379;-45,378887;"SPRF-SP";"DEL06-SP";"UOP01-DEL06-SP"
137709;2018-06-03;"domingo";"18:40:00";"MG";40;550,8;"NOVA LIMA";"Falta de Atenção à Condução";"Colisão traseira";"Com Vítimas Feridas";"Plena Noite";"Decrescente";"Céu Claro";"Dupla";"Reta";"Sim";2;0;1;0;1;0;1;2;-20,0537;-43,9705;"SPRF-MG";"DEL01-MG";"UOP02-DEL01-MG"
137710;2018-06-03;"domingo";"18:50:00";"MT";163;746;"SORRISO";"Falta de Atenção à Condução";"Colisão com objeto estático";"Com Vítimas Feridas";"Plena Noite";"Crescente";"Céu Claro";"Dupla";"Rotatória";"Sim";1;0;0;1;0;0;1;1;-12,59905;-55,74796;"SPRF-MT";"DEL06-MT";"UOP01-DEL06-MT"
137711;2018-06-03;"domingo";"14:10:00";"CE";20;178,8;"BOA VIAGEM";"Falta de Atenção à Condução";"Colisão lateral";"Com Vítimas Fatais";"Pleno dia";"Crescente";"Céu Claro";"Simples";"Curva";"Não";2;1;0;0;1;0;0;2;-5,278344;-39,881027;"SPRF-CE";"DEL02-CE";"UOP02-DEL02-CE"
137712;2018-06-03;"domingo";"18:50:00";"RJ";101;443;"MANGARATIBA";"Pista Escorregadia";"Colisão frontal";"Com Vítimas Feridas";"Plena Noite";"Decrescente";"Chuva";"Simples";"Curva";"Não";3;0;1;0;2;0;1;2;-22,99336041;-44,08914328;"SPRF-RJ";"DEL03-RJ";"UOP01-DEL03-RJ"
137713;2018-06-03;"domingo";"20:20:00";"ES";482;17,2;"CACHOEIRO DE ITAPEMIRIM";"Falta de Atenção à Condução";"Atropelamento de Animal";"Com Vítimas Feridas";"Plena Noite";"Decrescente";"Céu Claro";"Simples";"Reta";"Não";3;0;1;0;2;0;1;1;-20,83934;-41,083893;"SPRF-ES";"DEL03-ES";"UOP02-DEL03-ES"
137714;2018-06-03;"domingo";"18:00:00";"MA";10;247;"IMPERATRIZ";"Desobediência às normas de trânsito pelo condutor";"Colisão transversal";"Com Vítimas Feridas";"Anoitecer";"Crescente";"Céu Claro";"Simples";"Reta";"Sim";3;0;1;0;2;0;1;2;-5,573772;-47,443893;"SPRF-MA";"DEL04-MA";"UOP01-DEL04-MA"
137715;2018-06-03;"domingo";"19:20:00";"MS";262;319,4;"CAMPO GRANDE";"Desobediência às normas de trânsito pelo condutor";"Colisão transversal";"Com Vítimas Feridas";"Plena Noite";"Crescente";"Céu Claro";"Simples";"Reta";"Não";4;0;4;0;0;0;4;2;-20,47269222;-54,42935944;"SPRF-MS";"DEL01-MS";"UOP01-DEL01-MS"
137716;2018-06-03;"domingo";"20:10:00";"PR";487;159,1;"ARARUNA";"Não guardar distância de segurança";"Colisão traseira";"Com Vítimas Feridas";"Plena Noite";"Decrescente";"Nublado";"Simples";"Reta";"Não";2;0;1;0;1;0;1;2;-23,95471572;-52,61559874;"SPRF-PR";"DEL04-PR";"UOP03-DEL09-PR"
137718;2018-06-03;"domingo";"21:00:00";"RN";110;47;"MOSSORO";"Falta de Atenção à Condução";"Colisão frontal";"Com Vítimas Feridas";"Plena Noite";"Decrescente";"Céu Claro";"Simples";"Interseção de Vias";"Sim";3;0;2;0;1;0;2;2;-5,20509797;-37,32785041;"SPRF-RN";"DEL04-RN";"UOP01-DEL04-RN"
137719;2018-06-03;"domingo";"21:20:00";"PI";316;258,9;"IPIRANGA DO PIAUI";"Desobediência às normas de trânsito pelo condutor";"Colisão transversal";"Com Vítimas Feridas";"Plena Noite";"Crescente";"Céu Claro";"Simples";"Reta";"Sim";2;0;0;1;1;0;1;2;-6,82523596;-41,73759699;"SPRF-PI";"DEL04-PI";"UOP02-DEL04-PI"
137720;2018-06-03;"domingo";"16:10:00";"RJ";40;87;"PETROPOLIS";"Avarias e/ou desgaste excessivo no pneu";"Colisão com objeto estático";"Com Vítimas Feridas";"Pleno dia";"Decrescente";"Chuva";"Simples";"Aclive;Curva";"Não";1;0;1;0;0;0;1;1;-22,56275823;-43,23143536;"SPRF-RJ";"DEL06-RJ";"UOP01-DEL06-RJ"
137722;2018-06-03;"domingo";"19:50:00";"GO";414;438,5;"ANAPOLIS";"Falta de Atenção do Pedestre";"Atropelamento de Pedestre";"Com Vítimas Feridas";"Plena Noite";"Decrescente";"Céu Claro";"Simples";"Reta;Aclive";"Não";2;0;1;0;1;0;1;2;-16,26896929;-48,93953741;"SPRF-GO";"DEL02-GO";"UOP01-DEL02-GO"
137723;2018-06-03;"domingo";"21:30:00";"DF";20;54,9;"BRASILIA";"Desobediência às normas de trânsito pelo condutor";"Colisão frontal";"Com Vítimas Fatais";"Plena Noite";"Decrescente";"Céu Claro";"Dupla";"Reta";"Não";3;1;0;0;1;1;0;3;-15,579359;-47,376895;"SPRF-DF";"DEL02-DF";"UOP01-DEL02-DF"
137724;2018-06-03;"domingo";"21:30:00";"RJ";393;288,9;"VOLTA REDONDA";"Falta de Atenção à Condução";"Engavetamento";"Com Vítimas Feridas";"Plena Noite";"Crescente";"Céu Claro";"Dupla";"Interseção de Vias";"Sim";3;0;1;0;1;1;1;3;-22,51656179;-44,10810068;"SPRF-RJ";"DEL05-RJ";"UOP04-DEL05-RJ"
137726;2018-06-03;"domingo";"20:30:00";"RJ";101;8;"CAMPOS DOS GOYTACAZES";"Defeito Mecânico no Veículo";"Tombamento";"Com Vítimas Feridas";"Plena Noite";"Crescente";"Céu Claro";"Simples";"Reta";"Não";2;0;2;0;0;0;2;1;-21,27650997;-41,32526018;"SPRF-RJ";"DEL08-RJ";"UOP01-DEL08-RJ"
137727;2018-06-03;"domingo";"21:30:00";"SP";381;83,1;"SAO PAULO";"Desobediência às normas de trânsito pelo condutor";"Colisão traseira";"Sem Vítimas";"Plena Noite";"Crescente";"Nublado";"Múltipla";"Reta";"Sim";2;0;0;0;2;0;0;2;-23,43552911;-46,56778336;"SPRF-SP";"DEL03-SP";"DEL6/3-UOP03/SP"
137729;2018-06-03;"domingo";"22:00:00";"SC";101;209,9;"SAO JOSE";"Ingestão de Álcool";"Colisão traseira";"Sem Vítimas";"Plena Noite";"Crescente";"Céu Claro";"Múltipla";"Reta";"Sim";2;0;0;0;2;0;0;2;-27,6176;-48,6463;"SPRF-SC";"DEL01-SC";"UOP01-DEL01-SC"
137730;2018-06-03;"domingo";"18:45:00";"MT";70;716;"CACERES";"Falta de Atenção à Condução";"Saída de leito carroçável";"Com Vítimas Feridas";"Plena Noite";"Crescente";"Nevoeiro/Neblina";"Simples";"Reta";"Não";2;0;1;0;1;0;1;1;-16,19464635;-57,60626704;"SPRF-MT";"DEL03-MT";"UOP01-DEL03-MT"
137735;2018-06-03;"domingo";"21:00:00";"TO";153;689,2;"CARIRI DO TOCANTINS";"Animais na Pista";"Atropelamento de Animal";"Sem Vítimas";"Plena Noite";"Decrescente";"Céu Claro";"Simples";"Reta";"Não";1;0;0;0;1;0;0;1;-11,862967;-49,152752;"SPRF-TO";"DEL02-TO";"UOP02-DEL01-TO"
137737;2018-06-03;"domingo";"22:30:00";"MG";40;773,9;"JUIZ DE FORA";"Mal Súbito";"Colisão com objeto estático";"Com Vítimas Feridas";"Plena Noite";"Crescente";"Céu Claro";"Dupla";"Reta";"Não";1;0;0;1;0;0;1;1;-21,6517;-43,4346;"SPRF-MG";"DEL05-MG";"UOP01-DEL05-MG"
137738;2018-06-03;"domingo";"17:20:00";"MA";135;339,3;"PRESIDENTE DUTRA";"Ingestão de Álcool";"Colisão traseira";"Com Vítimas Fatais";"Pleno dia";"Crescente";"Sol";"Simples";"Reta";"Não";4;3;0;0;1;0;0;2;-5,27423666;-44,49073434;"SPRF-MA";"DEL03-MA";"UOP02-DEL03-MA"
137748;2018-06-03;"domingo";"22:35:00";"MT";163;836,6;"SINOP";"Desobediência às normas de trânsito pelo condutor";"Colisão traseira";"Com Vítimas Feridas";"Plena Noite";"Crescente";"Céu Claro";"Simples";"Reta";"Sim";2;0;1;0;1;0;1;2;-11,85546519;-55,49391747;"SPRF-MT";"DEL06-MT";"UOP02-DEL06-MT"
137749;2018-06-03;"domingo";"23:10:00";"MG";40;506;"RIBEIRAO DAS NEVES";"Falta de Atenção à Condução";"Queda de ocupante de veículo";"Com Vítimas Feridas";"Plena Noite";"Crescente";"Céu Claro";"Dupla";"Reta";"Sim";1;0;1;0;0;0;1;1;-19,759;-44,137;"SPRF-MG";"DEL02-MG";"UOP01-DEL02-MG"
137751;2018-06-04;"segunda-feira";"00:20:00";"MG";116;277;"TEOFILO OTONI";"Ingestão de álcool e/ou substâncias psicoativas pelo pedestre";"Saída de leito carroçável";"Com Vítimas Feridas";"Plena Noite";"Decrescente";"Céu Claro";"Simples";"Reta";"Sim";1;0;1;0;0;0;1;1;-17,8702944;-41,5167095;"SPRF-MG";"DEL11-MG";"UOP01-DEL11-MG"
137753;2018-05-30;"quarta-feira";"23:30:00";"BA";110;321;"ALAGOINHAS";"Pista Escorregadia";"Tombamento";"Com Vítimas Feridas";"Plena Noite";"Crescente";"Garoa/Chuvisco";"Simples";"Curva";"Não";3;0;1;0;2;0;1;1;-12,02731647;-38,37172508;"SPRF-BA";"DEL01-BA";"UOP04-DEL01-BA"
137754;2018-06-04;"segunda-feira";"00:12:00";"RJ";40;109;"DUQUE DE CAXIAS";"Falta de Atenção à Condução";"Colisão com objeto estático";"Com Vítimas Feridas";"Plena Noite";"Decrescente";"Chuva";"Múltipla";"Curva";"Sim";1;0;1;0;0;0;1;1;-22,67389699;-43,285532;"SPRF-RJ";"DEL01-RJ";"UOP01-DEL01-RJ"
137755;2018-06-04;"segunda-feira";"00:40:00";"PR";376;178,6;"MARINGA";"Ingestão de Álcool";"Colisão lateral";"Sem Vítimas";"Plena Noite";"Crescente";"Céu Claro";"Dupla";"Reta";"Sim";2;0;0;0;2;0;0;2;-23,412691;-51,931583;"SPRF-PR";"DEL07-PR";"UOP01-DEL09-PR"
137756;2018-06-03;"domingo";"22:25:00";"RJ";116;74;"TERESOPOLIS";"Velocidade Incompatível";"Colisão com objeto estático";"Com Vítimas Feridas";"Plena Noite";"Crescente";"Nublado";"Simples";"Curva";"Não";1;0;1;0;0;0;1;1;-22,369574;-42,948922;"SPRF-RJ";"DEL04-RJ";"UOP01-DEL04-RJ"
137759;2018-06-04;"segunda-feira";"01:30:00";"GO";153;539,2;"HIDROLANDIA";"Condutor Dormindo";"Saída de leito carroçável";"Com Vítimas Feridas";"Plena Noite";"Decrescente";"Céu Claro";"Dupla";"Reta";"Não";1;0;1;0;0;0;1;1;-17,0445;-49,2255;"SPRF-GO";"DEL01-GO";"UOP03-DEL01-GO"
137760;2018-06-04;"segunda-feira";"01:34:00";"SP";116;149,4;"SAO JOSE DOS CAMPOS";"Ingestão de Álcool";"Colisão traseira";"Sem Vítimas";"Plena Noite";"Decrescente";"Nublado";"Dupla";"Aclive";"Sim";2;0;0;0;2;0;0;2;-23,20764;-45,88676;"SPRF-SP";"DEL02-SP";"UOP01-DEL02-SP"
137762;2018-06-04;"segunda-feira";"01:25:00";"SC";470;53,8;"BLUMENAU";"Ingestão de Álcool";"Colisão frontal";"Com Vítimas Feridas";"Plena Noite";"Crescente";"Céu Claro";"Simples";"Reta";"Sim";2;0;1;0;1;0;1;2;-26,86247099;-49,09186274;"SPRF-SC";"DEL04-SC";"UOP01-DEL04-SC"
137763;2018-06-04;"segunda-feira";"01:30:00";"SP";116;190;"SANTA ISABEL";"Defeito Mecânico no Veículo";"Incêndio";"Sem Vítimas";"Plena Noite";"Crescente";"Nublado";"Múltipla";"Reta";"Não";1;0;0;0;1;0;0;1;-23,36896471;-46,23580813;"SPRF-SP";"DEL02-SP";"UOP01-DEL02-SP"
137765;2018-06-04;"segunda-feira";"02:00:00";"SP";153;99,5;"JOSE BONIFACIO";"Falta de Atenção à Condução";"Saída de leito carroçável";"Com Vítimas Feridas";"Plena Noite";"Decrescente";"Céu Claro";"Simples";"Curva";"Não";3;0;2;0;1;0;2;1;-21,00304197;-49,63090897;"SPRF-SP";"DEL09-SP";"UOP01-DEL09-SP"
137766;2018-06-04;"segunda-feira";"02:40:00";"SP";116;219;"GUARULHOS";"Condutor Dormindo";"Colisão traseira";"Com Vítimas Feridas";"Plena Noite";"Crescente";"Céu Claro";"Simples";"Reta";"Não";3;0;1;0;2;0;1;2;-23,44434886;-46,49414063;"SPRF-SP";"DEL01-SP";"UOP01-DEL01-SP"
137767;2018-06-04;"segunda-feira";"01:30:00";"MS";163;262,6;"DOURADOS";"Ingestão de Álcool";"Colisão com objeto estático";"Sem Vítimas";"Plena Noite";"Crescente";"Céu Claro";"Dupla";"Reta";"Sim";1;0;0;0;1;0;0;1;-22,23303623;-54,75058347;"SPRF-MS";"DEL04-MS";"UOP01-DEL04-MS"
137768;2018-06-04;"segunda-feira";"01:50:00";"MG";116;276;"TEOFILO OTONI";"Desobediência às normas de trânsito pelo condutor";"Colisão lateral";"Com Vítimas Feridas";"Plena Noite";"Crescente";"Céu Claro";"Simples";"Reta";"Sim";4;0;1;0;3;0;1;3;-17,85329011;-41,484375;"SPRF-MG";"DEL11-MG";"UOP01-DEL11-MG"
137769;2018-06-03;"domingo";"17:00:00";"AL";104;26,9;"MURICI";"Fenômenos da Natureza";"Saída de leito carroçável";"Com Vítimas Feridas";"Pleno dia";"Crescente";"Céu Claro";"Simples";"Curva";"Não";1;0;1;0;0;0;1;1;-9,30688;-35,940841;"SPRF-AL";"DEL01-AL";"UOP02-DEL01-AL"
137771;2018-03-19;"segunda-feira";"10:00:00";"SP";116;278;"EMBU DAS ARTES";"Falta de Atenção à Condução";"Colisão lateral";"Com Vítimas Feridas";"Pleno dia";"Crescente";"Céu Claro";"Dupla";"Reta";"Sim";3;0;1;2;0;0;3;2;-23,64771409;-46,84943063;"SPRF-SP";"DEL04-SP";"UOP01-DEL04-SP"
137772;2018-06-04;"segunda-feira";"03:00:00";"MS";163;358,3;"NOVA ALVORADA DO SUL";"Condutor Dormindo";"Tombamento";"Com Vítimas Fatais";"Amanhecer";"Crescente";"Nevoeiro/Neblina";"Simples";"Reta";"Não";25;1;6;9;9;0;15;1;-21,5254423;-54,4052589;"SPRF-MS";"DEL02-MS";"UOP02-DEL02-MS"
137773;2018-06-04;"segunda-feira";"05:30:00";"GO";40;24;"LUZIANIA";"Falta de Atenção à Condução";"Colisão transversal";"Com Vítimas Feridas";"Amanhecer";"Crescente";"Céu Claro";"Simples";"Interseção de Vias";"Sim";2;0;1;0;1;0;1;2;-16,252738;-47,900437;"SPRF-DF";"DEL01-DF";"UOP01-DEL01-DF"
137774;2018-06-04;"segunda-feira";"04:05:00";"MS";163;252,7;"DOURADOS";"Ingestão de Álcool";"Saída de leito carroçável";"Com Vítimas Feridas";"Plena Noite";"Crescente";"Nublado";"Dupla";"Reta";"Não";1;0;1;0;0;0;1;1;-22,28273294;-54,82207239;"SPRF-MS";"DEL04-MS";"UOP01-DEL04-MS"
137776;2018-06-04;"segunda-feira";"05:46:00";"PE";101;7,2;"GOIANA";"Falta de Atenção à Condução";"Colisão traseira";"Com Vítimas Feridas";"Pleno dia";"Decrescente";"Nublado";"Dupla";"Reta";"Não";2;0;0;1;1;0;1;2;-7,56198625;-34,9903708;"SPRF-PE";"DEL01-PE";"UOP02-DEL01-PE"