"id";"data_inversa";"dia_semana";"horario";"uf";"br";"km";"municipio";"causa_acidente";"tipo_acidente";"classificacao_acidente";"fase_dia";"sentido_via";"condicao_metereologica";"tipo_pista";"tracado_via";"uso_solo";"pessoas";"mortos";"feridos_leves";"feridos_graves";"ilesos";"ignorados";"feridos";"veiculos";"latitude";"longitude";"regional";"delegacia";"uop"
137779;2018-06-04;"segunda-feira";"06:50:00";"RS";285;296,5;"PASSO FUNDO";"Desobediência às normas de trânsito pelo condutor";"Colisão transversal";"Com Vítimas Feridas";"Pleno dia";"Decrescente";"Nublado";"Simples";"Interseção de Vias";"Sim";3;0;1;0;2;0;1;2;-28,23589327;-52,41851807;"SPRF-RS";"DEL08-RS";"UOP03-DEL08-RS"
137781;2018-06-04;"segunda-feira";"07:15:00";"RJ";493;22;"MAGE";"Pista Escorregadia";"Tombamento";"Com Vítimas Feridas";"Pleno dia";"Crescente";"Garoa/Chuvisco";"Simples";"Interseção de Vias";"Sim";2;0;2;0;0;0;2;1;-22,660169;-43,047094;"SPRF-RJ";"DEL04-RJ";"UOP02-DEL04-RJ"
137783;2018-06-04;"segunda-feira";"07:07:00";"SP";153;61,8;"SAO JOSE DO RIO PRETO";"Falta de Atenção à Condução";"Queda de ocupante de veículo";"Com Vítimas Feridas";"Pleno dia";"Crescente";"Céu Claro";"Dupla";"Reta";"Sim";1;0;1;0;0;0;1;1;-20,805029;-49,355747;"SPRF-SP";"DEL09-SP";"UOP01-DEL09-SP"
137784;2018-06-04;"segunda-feira";"07:29:00";"DF";70;6,5;"BRASILIA";"Falta de Atenção à Condução";"Queda de ocupante de veículo";"Com Vítimas Feridas";"Pleno dia";"Decrescente";"Céu Claro";"Dupla";"Reta";"Não";1;0;1;0;0;0;1;1;-15,78936287;-48,11059535;"SPRF-DF";"DEL01-DF";"UOP02-DEL03-DF"
137785;2018-06-04;"segunda-feira";"07:20:00";"SC";101;215,5;"PALHOCA";"Falta de Atenção à Condução";"Tombamento";"Com Vítimas Feridas";"Pleno dia";"Crescente";"Nublado";"Simples";"Interseção de Vias";"Sim";2;0;2;0;0;0;2;2;-27,6601;-48,6774;"SPRF-SC";"DEL01-SC";"UOP02-DEL01-SC"
137786;2018-06-04;"segunda-feira";"06:30:00";"SP";116;107;"TAUBATE";"Falta de Atenção à Condução";"Saída de leito carroçável";"Com Vítimas Feridas";"Pleno dia";"Decrescente";"Nublado";"Dupla";"Reta";"Sim";1;0;1;0;0;0;1;1;-23,01795;-45,530148;"SPRF-SP";"DEL06-SP";"UOP01-DEL06-SP"
137790;2018-06-04;"segunda-feira";"08:00:00";"GO";153;506,6;"APARECIDA DE GOIANIA";"Desobediência às normas de trânsito pelo condutor";"Colisão lateral";"Com Vítimas Feridas";"Amanhecer";"Crescente";"Céu Claro";"Múltipla";"Reta";"Sim";4;0;1;1;2;0;2;4;-16,75990974;-49,24059927;"SPRF-GO";"DEL01-GO";"UOP01-DEL01-GO"
137791;2018-06-04;"segunda-feira";"07:45:00";"SP";116;224;"GUARULHOS";"Falta de Atenção à Condução";"Colisão lateral";"Com Vítimas Feridas";"Pleno dia";"Crescente";"Nublado";"Múltipla";"Reta";"Sim";2;0;1;0;1;0;1;2;-23,48247567;-46,53632641;"SPRF-SP";"DEL01-SP";"UOP01-DEL01-SP"
137792;2018-06-04;"segunda-feira";"08:20:00";"SC";101;133,2;"BALNEARIO CAMBORIU";"Falta de Atenção à Condução";"Colisão transversal";"Com Vítimas Feridas";"Pleno dia";"Crescente";"Céu Claro";"Múltipla";"Reta";"Sim";2;0;2;0;0;0;2;2;-27,0021;-48,6362;"SPRF-SC";"DEL04-SC";"UOP03-DEL04-SC"
137793;2018-06-04;"segunda-feira";"07:55:00";"PR";277;83;"CURITIBA";"Falta de Atenção à Condução";"Colisão lateral";"Com Vítimas Feridas";"Pleno dia";"Crescente";"Chuva";"Dupla";"Reta";"Sim";2;0;1;0;1;0;1;2;-25,49286827;-49,1583252;"SPRF-PR";"DEL01-PR";"UOP01-DEL01-PR"
137794;2018-06-04;"segunda-feira";"07:20:00";"SP";116;277;"EMBU DAS ARTES";"Falta de Atenção à Condução";"Colisão traseira";"Com Vítimas Feridas";"Pleno dia";"Decrescente";"Nublado";"Dupla";"Reta";"Não";3;0;0;1;0;2;1;3;-23,64232267;-46,8378067;"SPRF-SP";"DEL04-SP";"UOP01-DEL04-SP"
137798;2018-06-04;"segunda-feira";"05:45:00";"MG";365;163;"PIRAPORA";"Falta de Atenção à Condução";"Tombamento";"Com Vítimas Feridas";"Amanhecer";"Crescente";"Céu Claro";"Simples";"Reta";"Não";2;0;1;1;0;0;2;1;-17,371075;-44,945316;"SPRF-MG";"DEL12-MG";"UOP01-DEL12-MG"
137799;2018-06-04;"segunda-feira";"08:40:00";"PA";163;1005;"SANTAREM";"Falta de Atenção à Condução";"Colisão traseira";"Com Vítimas Feridas";"Pleno dia";"Crescente";"Céu Claro";"Dupla";"Reta";"Sim";2;0;1;1;0;0;2;2;-2,5010922;-54,7247392;"SPRF-PA";"DEL05-PA";"UOP01-DEL05-PA"
137800;2018-05-15;"terça-feira";"11:15:00";"MS";60;23;"CHAPADAO DO SUL";"Ingestão de Álcool";"Saída de leito carroçável";"Com Vítimas Feridas";"Pleno dia";"Crescente";"Céu Claro";"Simples";"Curva";"Não";2;0;0;2;0;0;2;1;-18,875975;-52,712213;"SPRF-MS";"DEL08-MS";"UOP01-DEL08-MS"
137802;2018-06-04;"segunda-feira";"08:41:00";"SP";116;217;"GUARULHOS";"Pista Escorregadia";"Queda de ocupante de veículo";"Com Vítimas Feridas";"Pleno dia";"Crescente";"Nublado";"Múltipla";"Curva";"Sim";2;0;1;1;0;0;2;1;-23,45402431;-46,47199631;"SPRF-SP";"DEL01-SP";"UOP01-DEL01-SP"
137803;2018-05-07;"segunda-feira";"18:40:00";"RS";116;247,3;"SAO LEOPOLDO";"Desobediência às normas de trânsito pelo condutor";"Colisão lateral";"Sem Vítimas";"Plena Noite";"Decrescente";"Nublado";"Dupla";"Reta";"Sim";2;0;0;0;2;0;0;2;-29,76606775;-51,15371436;"SPRF-RS";"DEL01-RS";"UOP02-DEL01-RS"
137804;2018-06-04;"segunda-feira";"07:50:00";"PA";316;17;"MARITUBA";"Desobediência às normas de trânsito pelo condutor";"Colisão transversal";"Com Vítimas Feridas";"Pleno dia";"Decrescente";"Céu Claro";"Dupla";"Reta";"Sim";2;0;1;0;1;0;1;2;-1,36445022;-48,28750849;"SPRF-PA";"DEL01-PA";"DEL19/1-UOP05/PA"
137805;2018-06-04;"segunda-feira";"07:50:00";"RJ";40;119;"DUQUE DE CAXIAS";"Velocidade Incompatível";"Colisão com objeto estático";"Com Vítimas Feridas";"Pleno dia";"Crescente";"Céu Claro";"Múltipla";"Reta";"Sim";2;0;1;0;1;0;1;2;-22,7713;-43,2862;"SPRF-RJ";"DEL01-RJ";"UOP01-DEL01-RJ"
137806;2018-06-04;"segunda-feira";"09:00:00";"PE";101;96,5;"CABO DE SANTO AGOSTINHO";"Falta de Atenção à Condução";"Capotamento";"Sem Vítimas";"Pleno dia";"Decrescente";"Céu Claro";"Dupla";"Reta";"Sim";1;0;0;0;1;0;0;1;-8,252492;-35,01785;"SPRF-PE";"DEL01-PE";"UOP03-DEL01-PE"
137807;2018-06-04;"segunda-feira";"07:50:00";"RJ";101;318,1;"SAO GONCALO";"Falta de Atenção à Condução";"Queda de ocupante de veículo";"Com Vítimas Feridas";"Amanhecer";"Crescente";"Nublado";"Dupla";"Reta";"Não";1;0;1;0;0;0;1;1;-22,84633904;-43,09895754;"SPRF-RJ";"DEL02-RJ";"DEL5/2-UOP04/RJ"
137812;2018-06-04;"segunda-feira";"10:00:00";"ES";101;266;"SERRA";"Desobediência às normas de trânsito pelo condutor";"Colisão transversal";"Com Vítimas Feridas";"Pleno dia";"Decrescente";"Céu Claro";"Múltipla";"Reta";"Sim";2;0;1;1;0;0;2;2;-20,19285455;-40,26832916;"SPRF-ES";"DEL02-ES";"UOP01-DEL02-ES"
137815;2018-03-02;"sexta-feira";"05:00:00";"BA";101;445;"AURELINO LEAL";"Restrição de Visibilidade";"Atropelamento de Animal";"Com Vítimas Feridas";"Amanhecer";"Decrescente";"Céu Claro";"Simples";"Reta";"Sim";2;0;1;0;1;0;1;1;-14,3082;-39,3224;"SPRF-BA";"DEL05-BA";"UOP01-DEL05-BA"
137819;2018-06-04;"segunda-feira";"09:10:00";"ES";101;377,7;"ICONHA";"Falta de Atenção à Condução";"Colisão lateral";"Com Vítimas Feridas";"Pleno dia";"Crescente";"Nublado";"Dupla";"Reta";"Sim";2;0;1;0;1;0;1;2;-20,79784334;-40,81197739;"SPRF-ES";"DEL03-ES";"UOP01-DEL03-ES"
137821;2018-06-04;"segunda-feira";"11:05:00";"GO";153;363,3;"JARAGUA";"Falta de Atenção à Condução";"Colisão transversal";"Com Vítimas Feridas";"Pleno dia";"Crescente";"Céu Claro";"Simples";"Reta";"Não";3;0;0;1;2;0;1;2;-15,774871;-49,306477;"SPRF-GO";"DEL02-GO";"UOP02-DEL02-GO"
137823;2018-06-04;"segunda-feira";"10:30:00";"RJ";393;172;"TRES RIOS";"Pista Escorregadia";"Tombamento";"Com Vítimas Feridas";"Pleno dia";"Crescente";"Nublado";"Simples";"Reta";"Não";1;0;1;0;0;0;1;1;-22,119568;-43,160095;"SPRF-RJ";"DEL06-RJ";"UOP01-DEL05-RJ"
137826;2018-06-04;"segunda-feira";"11:15:00";"SP";116;507;"CAJATI";"Falta de Atenção à Condução";"Saída de leito carroçável";"Com Vítimas Feridas";"Pleno dia";"Decrescente";"Chuva";"Dupla";"Curva";"Não";1;0;1;0;0;0;1;1;-24,80823956;-48,21281433;"SPRF-SP";"DEL05-SP";"UAP01-DEL05-SP"
137827;2018-06-04;"segunda-feira";"12:00:00";"PR";277;451;"LARANJEIRAS DO SUL";"Desobediência às normas de trânsito pelo condutor";"Colisão transversal";"Com Vítimas Feridas";"Pleno dia";"Crescente";"Chuva";"Simples";"Interseção de Vias";"Não";2;0;1;0;1;0;1;2;-25,37541129;-52,3888304;"SPRF-PR";"DEL04-PR";"UOP02-DEL04-PR"
137830;2018-06-04;"segunda-feira";"12:40:00";"AL";104;62,1;"MURICI";"Falta de Atenção à Condução";"Saída de leito carroçável";"Com Vítimas Feridas";"Pleno dia";"Decrescente";"Céu Claro";"Simples";"Curva";"Não";2;0;1;1;0;0;2;1;-9,30688;-35,940841;"SPRF-AL";"DEL01-AL";"UOP02-DEL01-AL"
137832;2018-06-04;"segunda-feira";"12:00:00";"SC";470;135;"RIO DO SUL";"Falta de Atenção à Condução";"Colisão transversal";"Com Vítimas Feridas";"Pleno dia";"Crescente";"Nublado";"Simples";"Reta";"Não";3;0;1;0;1;1;1;3;-27,17222179;-49,58180845;"SPRF-SC";"DEL04-SC";"UOP02-DEL04-SC"
137833;2018-06-04;"segunda-feira";"10:20:00";"MG";50;18;"UBERLANDIA";"Desobediência às normas de trânsito pelo condutor";"Tombamento";"Com Vítimas Feridas";"Pleno dia";"Crescente";"Céu Claro";"Dupla";"Reta";"Sim";1;0;1;0;0;0;1;1;-18,85638159;-48,25381994;"SPRF-MG";"DEL15-MG";"UOP02-DEL15-MG"
137834;2018-06-04;"segunda-feira";"12:50:00";"ES";259;51,8;"COLATINA";"Falta de Atenção à Condução";"Queda de ocupante de veículo";"Com Vítimas Feridas";"Pleno dia";"Crescente";"Nublado";"Dupla";"Aclive";"Não";2;0;1;1;0;0;2;1;-19,50215;-40,622902;"SPRF-ES";"DEL02-ES";"UOP01-DEL02-ES"
137836;2018-06-04;"segunda-feira";"13:40:00";"RN";110;120,4;"AUGUSTO SEVERO";"Defeito na Via";"Saída de leito carroçável";"Com Vítimas Feridas";"Pleno dia";"Crescente";"Céu Claro";"Simples";"Reta";"Não";4;0;3;0;1;0;3;1;-5,85323001;-37,30922699;"SPRF-RN";"DEL04-RN";"UOP01-DEL04-RN"
137838;2018-06-04;"segunda-feira";"13:40:00";"PR";376;175,8;"MARINGA";"Não guardar distância de segurança";"Colisão traseira";"Com Vítimas Feridas";"Pleno dia";"Decrescente";"Nublado";"Dupla";"Reta";"Sim";3;0;1;0;2;0;1;2;-23,41149232;-51,94060984;"SPRF-PR";"DEL07-PR";"UOP01-DEL09-PR"
137840;2018-06-04;"segunda-feira";"13:45:00";"SC";470;45;"BLUMENAU";"Velocidade Incompatível";"Saída de leito carroçável";"Com Vítimas Feridas";"Pleno dia";"Crescente";"Nublado";"Simples";"Curva";"Não";1;0;1;0;0;0;1;1;-26,87464505;-49,01285291;"SPRF-SC";"DEL04-SC";"UOP01-DEL04-SC"
137843;2018-05-12;"sábado";"05:00:00";"RS";158;326,1;"SANTA MARIA";"Ingestão de Álcool";"Colisão com objeto estático";"Sem Vítimas";"Plena Noite";"Decrescente";"Nublado";"Simples";"Reta";"Sim";1;0;0;0;1;0;0;1;-29,710727;-53,80356252;"SPRF-RS";"DEL09-RS";"UOP01-DEL09-RS"
137845;2018-06-04;"segunda-feira";"14:15:00";"SP";116;219;"GUARULHOS";"Desobediência às normas de trânsito pelo condutor";"Colisão lateral";"Com Vítimas Feridas";"Pleno dia";"Crescente";"Nublado";"Dupla";"Aclive;Curva";"Sim";2;0;1;0;1;0;1;2;-23,45913242;-46,48899078;"SPRF-SP";"DEL01-SP";"UOP01-DEL01-SP"
137846;2018-06-04;"segunda-feira";"14:25:00";"PB";230;29,7;"JOAO PESSOA";"Falta de Atenção à Condução";"Colisão lateral";"Com Vítimas Feridas";"Pleno dia";"Crescente";"Sol";"Dupla";"Curva;Declive";"Sim";2;0;1;1;0;0;2;2;-7,1622;-34,9031;"SPRF-PB";"DEL01-PB";"UOP01-DEL01-PB"
137848;2018-06-04;"segunda-feira";"13:10:00";"RJ";40;123;"DUQUE DE CAXIAS";"Falta de Atenção à Condução";"Colisão lateral";"Com Vítimas Feridas";"Pleno dia";"Decrescente";"Nublado";"Múltipla";"Reta";"Sim";3;0;1;0;2;0;1;2;-22,8061;-43,2894;"SPRF-RJ";"DEL01-RJ";"UOP01-DEL01-RJ"
137849;2018-05-17;"quinta-feira";"09:00:00";"BA";101;707,3;"EUNAPOLIS";"Falta de Atenção à Condução";"Atropelamento de Pedestre";"Com Vítimas Fatais";"Pleno dia";"Crescente";"Céu Claro";"Simples";"Reta";"Não";3;1;1;0;1;0;1;2;-16,3738388;-39,58065033;"SPRF-BA";"DEL09-BA";"UOP01-DEL09-BA"
137850;2018-06-04;"segunda-feira";"15:10:00";"SC";280;58;"GUARAMIRIM";"Falta de Atenção à Condução";"Colisão traseira";"Com Vítimas Feridas";"Pleno dia";"Crescente";"Céu Claro";"Simples";"Reta";"Sim";2;0;1;0;1;0;1;2;-26,47451062;-49,02581871;"SPRF-SC";"DEL03-SC";"UOP03-DEL03-SC"
137851;2018-06-04;"segunda-feira";"14:15:00";"MS";163;335,7;"RIO BRILHANTE";"Falta de Atenção à Condução";"Queda de ocupante de veículo";"Com Vítimas Feridas";"Pleno dia";"Crescente";"Nublado";"Dupla";"Curva";"Não";1;0;1;0;0;0;1;1;-21,682245;-54,4772836;"SPRF-MS";"DEL02-MS";"UOP02-DEL02-MS"
137853;2018-06-04;"segunda-feira";"11:40:00";"MT";158;662,3;"NOVA XAVANTINA";"Falta de Atenção à Condução";"Colisão transversal";"Com Vítimas Feridas";"Pleno dia";"Decrescente";"Céu Claro";"Simples";"Reta";"Não";2;0;0;1;1;0;1;2;-14,7355404;-52,33929634;"SPRF-MT";"DEL07-MT";"UOP01-DEL07-MT"
137854;2018-06-04;"segunda-feira";"15:00:00";"PB";101;119;"CAAPORA";"Ultrapassagem Indevida";"Saída de leito carroçável";"Com Vítimas Feridas";"Pleno dia";"Crescente";"Céu Claro";"Dupla";"Reta;Declive";"Não";2;0;1;0;0;1;1;2;-7,4435;-34,9782;"SPRF-PB";"DEL01-PB";"UOP01-DEL01-PB"
137855;2018-06-04;"segunda-feira";"14:50:00";"RS";470;205;"BENTO GONCALVES";"Defeito Mecânico no Veículo";"Incêndio";"Sem Vítimas";"Pleno dia";"Decrescente";"Nublado";"Simples";"Reta";"Não";1;0;0;0;1;0;0;1;-29,08568227;-51,56070471;"SPRF-RS";"DEL06-RS";"UOP01-DEL06-RS"
137856;2018-05-03;"quinta-feira";"18:25:00";"RS";116;229,6;"DOIS IRMAOS";"Desobediência às normas de trânsito pelo condutor";"Colisão transversal";"Com Vítimas Feridas";"Plena Noite";"Decrescente";"Céu Claro";"Simples";"Curva";"Sim";2;0;1;0;1;0;1;2;-29,62011123;-51,12328738;"SPRF-RS";"DEL01-RS";"UOP02-DEL01-RS"
137857;2018-06-04;"segunda-feira";"15:27:00";"SC";101;198,8;"BIGUACU";"Ingestão de Álcool";"Colisão transversal";"Com Vítimas Feridas";"Pleno dia";"Crescente";"Nublado";"Simples";"Interseção de Vias";"Sim";2;0;1;0;1;0;1;2;-27,53199194;-48,63195685;"SPRF-SC";"DEL01-SC";"UOP01-DEL01-SC"
137860;2018-05-09;"quarta-feira";"18:25:00";"RS";285;563,7;"SAO LUIZ GONZAGA";"Falta de Atenção à Condução";"Colisão transversal";"Com Vítimas Feridas";"Anoitecer";"Crescente";"Céu Claro";"Simples";"Rotatória";"Sim";7;0;5;0;2;0;5;2;-28,41715283;-54,937976;"SPRF-RS";"DEL10-RS";"UOP01-DEL10-RS"
137862;2018-06-04;"segunda-feira";"15:40:00";"MG";381;450;"SANTA LUZIA";"Não guardar distância de segurança";"Colisão traseira";"Com Vítimas Feridas";"Pleno dia";"Decrescente";"Nublado";"Simples";"Reta";"Sim";4;0;0;1;3;0;1;3;-19,82454694;-43,82401228;"SPRF-MG";"DEL01-MG";"UOP01-DEL01-MG"
137864;2018-06-04;"segunda-feira";"15:30:00";"SP";116;504;"CAJATI";"Velocidade Incompatível";"Capotamento";"Com Vítimas Feridas";"Pleno dia";"Crescente";"Nublado";"Dupla";"Curva";"Não";4;0;2;0;2;0;2;1;-24,78315001;-48,2085228;"SPRF-SP";"DEL05-SP";"UAP01-DEL05-SP"
137867;2018-06-04;"segunda-feira";"15:00:00";"RJ";101;209;"CASIMIRO DE ABREU";"Velocidade Incompatível";"Capotamento";"Com Vítimas Feridas";"Pleno dia";"Crescente";"Chuva";"Dupla";"Curva";"Não";1;0;1;0;0;0;1;1;-22,48325619;-42,23367691;"SPRF-RJ";"DEL02-RJ";"UOP04-DEL08-RJ"
137869;2018-06-04;"segunda-feira";"17:20:00";"SC";101;360;"SANGAO";"Defeito Mecânico no Veículo";"Tombamento";"Com Vítimas Feridas";"Plena Noite";"Crescente";"Nublado";"Dupla";"Reta";"Não";1;0;1;0;0;0;1;1;-28,64112913;-49,09825151;"SPRF-SC";"DEL02-SC";"UOP01-DEL02-SC"
137872;2018-06-04;"segunda-feira";"17:25:00";"PR";376;347,2;"ORTIGUEIRA";"Animais na Pista";"Atropelamento de Animal";"Com Vítimas Feridas";"Plena Noite";"Crescente";"Nublado";"Simples";"Reta";"Não";1;0;0;1;0;0;1;1;-24,18708232;-50,96068382;"SPRF-PR";"DEL07-PR";"UOP02-DEL07-PR"
137873;2018-04-14;"sábado";"07:10:00";"MG";381;413;"NOVA UNIAO";"Falta de Atenção à Condução";"Tombamento";"Com Vítimas Feridas";"Pleno dia";"Crescente";"Céu Claro";"Simples";"Reta";"Sim";1;0;1;0;0;0;1;1;-19,72590781;-43,58752728;"SPRF-MG";"DEL01-MG";"UOP01-DEL01-MG"
137882;2018-06-04;"segunda-feira";"17:30:00";"RJ";116;192;"QUEIMADOS";"Defeito Mecânico no Veículo";"Capotamento";"Com Vítimas Feridas";"Anoitecer";"Crescente";"Nublado";"Dupla";"Reta";"Sim";1;0;1;0;0;0;1;1;-22,73103973;-43,56349845;"SPRF-RJ";"DEL01-RJ";"UOP03-DEL01-RJ"
137886;2018-06-04;"segunda-feira";"18:10:00";"SP";153;72,1;"SAO JOSE DO RIO PRETO";"Desobediência às normas de trânsito pelo condutor";"Colisão transversal";"Com Vítimas Feridas";"Anoitecer";"Crescente";"Céu Claro";"Simples";"Curva";"Sim";2;0;1;0;0;1;1;2;-20,86759403;-49,41388607;"SPRF-SP";"DEL09-SP";"UOP01-DEL09-SP"
137887;2018-06-04;"segunda-feira";"18:20:00";"SE";235;48,7;"ITABAIANA";"Ultrapassagem Indevida";"Colisão traseira";"Com Vítimas Fatais";"Plena Noite";"Decrescente";"Nublado";"Simples";"Aclive";"Sim";2;1;0;0;0;1;0;2;-10,724387;-37,41708;"SPRF-SE";"DEL01-SE";"UOP02-DEL01-SE"
137888;2018-06-04;"segunda-feira";"18:15:00";"MG";381;499,5;"BETIM";"Falta de Atenção à Condução";"Colisão lateral";"Com Vítimas Feridas";"Plena Noite";"Crescente";"Céu Claro";"Dupla";"Reta";"Sim";2;0;1;0;1;0;1;2;-19,99845474;-44,21046495;"SPRF-MG";"DEL01-MG";"UOP03-DEL01-MG"
137890;2018-06-04;"segunda-feira";"18:10:00";"PR";369;188;"ARAPONGAS";"Desobediência às normas de trânsito pelo condutor";"Colisão transversal";"Com Vítimas Feridas";"Anoitecer";"Crescente";"Céu Claro";"Simples";"Interseção de Vias";"Não";2;0;2;0;0;0;2;2;-23,43453981;-51,42221597;"SPRF-PR";"DEL07-PR";"UOP03-DEL07-PR"
137891;2018-06-04;"segunda-feira";"18:40:00";"GO";40;2;"VALPARAISO DE GOIAS";"Falta de Atenção à Condução";"Colisão traseira";"Com Vítimas Feridas";"Anoitecer";"Decrescente";"Céu Claro";"Dupla";"Reta";"Sim";4;0;1;0;3;0;1;2;-16,081582;-47,986374;"SPRF-DF";"DEL01-DF";"UOP01-DEL01-DF"
137892;2018-06-04;"segunda-feira";"18:35:00";"PR";277;293,3;"PRUDENTOPOLIS";"Avarias e/ou desgaste excessivo no pneu";"Saída de leito carroçável";"Com Vítimas Feridas";"Plena Noite";"Decrescente";"Chuva";"Simples";"Aclive;Curva";"Não";4;0;0;2;2;0;2;1;-25,31084099;-51,09300256;"SPRF-PR";"DEL03-PR";"UOP02-DEL08-PR"
137894;2018-06-04;"segunda-feira";"18:10:00";"ES";101;292;"CARIACICA";"Falta de Atenção à Condução";"Colisão lateral";"Com Vítimas Feridas";"Plena Noite";"Crescente";"Chuva";"Dupla";"Reta";"Sim";2;0;1;0;1;0;1;2;-20,30603368;-40,39515138;"SPRF-ES";"DEL01-ES";"UOP01-DEL01-ES"
137899;2018-06-04;"segunda-feira";"18:00:00";"ES";101;237;"FUNDAO";"Defeito Mecânico no Veículo";"Incêndio";"Sem Vítimas";"Plena Noite";"Crescente";"Céu Claro";"Simples";"Retorno Regulamentado";"Não";1;0;0;0;1;0;0;1;-19,99826538;-40,41398108;"SPRF-ES";"DEL02-ES";"UOP01-DEL02-ES"
137901;2018-06-04;"segunda-feira";"18:30:00";"CE";116;57;"PACAJUS";"Objeto estático sobre o leito carroçável";"Colisão com objeto em movimento";"Sem Vítimas";"Plena Noite";"Crescente";"Céu Claro";"Simples";"Aclive";"Não";2;0;0;0;2;0;0;2;-4,2217;-38,4761;"SPRF-CE";"DEL03-CE";"UOP02-DEL03-CE"
137903;2018-05-15;"terça-feira";"11:15:00";"RS";116;249,5;"SAO LEOPOLDO";"Velocidade Incompatível";"Saída de leito carroçável";"Com Vítimas Feridas";"Pleno dia";"Decrescente";"Chuva";"Simples";"Reta";"Não";1;0;1;0;0;0;1;1;-29,7869692;-51,16254687;"SPRF-RS";"DEL01-RS";"UOP02-DEL01-RS"
137904;2018-06-04;"segunda-feira";"18:40:00";"PR";376;13,2;"MARINGA";"Objeto estático sobre o leito carroçável";"Colisão com objeto estático";"Com Vítimas Feridas";"Plena Noite";"Decrescente";"Nublado";"Dupla";"Declive";"Sim";1;0;1;0;0;0;1;1;-23,39809;-51,88257;"SPRF-PR";"DEL07-PR";"UOP01-DEL09-PR"
137907;2018-06-04;"segunda-feira";"18:15:00";"RO";364;713;"PORTO VELHO";"Desobediência às normas de trânsito pelo condutor";"Colisão transversal";"Com Vítimas Feridas";"Plena Noite";"Crescente";"Céu Claro";"Dupla";"Reta";"Sim";2;0;1;1;0;0;2;2;-9,674507;-65,44786;"SPRF-RO";"DEL01-RO";"UOP01-DEL01-RO"
137908;2018-06-04;"segunda-feira";"18:50:00";"SP";116;149,1;"SAO JOSE DOS CAMPOS";"Não guardar distância de segurança";"Colisão lateral";"Com Vítimas Feridas";"Plena Noite";"Decrescente";"Nublado";"Dupla";"Reta";"Sim";3;0;2;0;1;0;2;2;-23,207001;-45,886269;"SPRF-SP";"DEL02-SP";"UOP01-DEL02-SP"
137909;2018-06-04;"segunda-feira";"19:30:00";"RJ";393;256;"BARRA DO PIRAI";"Falta de Atenção do Pedestre";"Atropelamento de Pedestre";"Com Vítimas Fatais";"Plena Noite";"Crescente";"Céu Claro";"Dupla";"Reta";"Sim";2;1;0;0;1;0;0;2;-22,45724064;-43,84216264;"SPRF-RJ";"DEL05-RJ";"UOP04-DEL05-RJ"
137912;2018-06-04;"segunda-feira";"18:00:00";"RJ";101;228;"SILVA JARDIM";"Pista Escorregadia";"Saída de leito carroçável";"Sem Vítimas";"Plena Noite";"Decrescente";"Chuva";"Dupla";"Reta";"Não";1;0;0;0;0;1;0;1;-22,562496;-42,360016;"SPRF-RJ";"DEL02-RJ";"UOP03-DEL02-RJ"
137913;2018-06-04;"segunda-feira";"20:00:00";"GO";153;231,1;"HIDROLINA";"Ingestão de Álcool";"Tombamento";"Com Vítimas Feridas";"Plena Noite";"Decrescente";"Céu Claro";"Simples";"Reta;Declive";"Não";2;0;1;0;0;1;1;2;-14,770607;-49,265926;"SPRF-GO";"DEL07-GO";"UOP02-DEL07-GO"
137915;2018-06-04;"segunda-feira";"18:10:00";"CE";226;41,5;"PEREIRO";"Falta de Atenção à Condução";"Colisão lateral";"Sem Vítimas";"Anoitecer";"Crescente";"Céu Claro";"Simples";"Reta";"Não";2;0;0;0;2;0;0;2;-6,03552008;-38,54257965;"SPRF-CE";"DEL05-CE";"UOP02-DEL05-CE"
137916;2018-06-04;"segunda-feira";"17:05:00";"MG";116;548,5;"SANTA BARBARA DO LESTE";"Velocidade Incompatível";"Saída de leito carroçável";"Com Vítimas Fatais";"Anoitecer";"Crescente";"Nublado";"Simples";"Curva";"Não";1;1;0;0;0;0;0;1;-19,946156;-42,131117;"SPRF-MG";"DEL06-MG";"UOP02-DEL06-MG"
137917;2018-06-04;"segunda-feira";"05:40:00";"MT";364;1242;"COMODORO";"Restrição de Visibilidade";"Colisão com objeto estático";"Sem Vítimas";"Plena Noite";"Crescente";"Céu Claro";"Simples";"Reta;Desvio Temporário";"Não";3;0;0;0;3;0;0;3;-13,67945;-59,72701;"SPRF-MT";"DEL04-MT";"UOP01-DEL04-MT"
137918;2018-06-04;"segunda-feira";"19:20:00";"PA";230;649;"ALTAMIRA";"Animais na Pista";"Atropelamento de Animal";"Sem Vítimas";"Plena Noite";"Crescente";"Ignorado";"Simples";"Reta";"Não";1;0;0;0;1;0;0;1;-3,22347211;-52,29423523;"SPRF-PA";"DEL04-PA";"UOP01-DEL04-PA"
137920;2018-06-04;"segunda-feira";"20:40:00";"SE";101;21,8;"CEDRO DE SAO JOAO";"Animais na Pista";"Atropelamento de Animal";"Com Vítimas Feridas";"Plena Noite";"Decrescente";"Céu Claro";"Simples";"Reta";"Sim";4;0;2;0;2;0;2;1;-10,295593;-36,883125;"SPRF-SE";"DEL02-SE";"UOP02-DEL02-SE"