"id";"data_inversa";"dia_semana";"horario";"uf";"br";"km";"municipio";"causa_acidente";"tipo_acidente";"classificacao_acidente";"fase_dia";"sentido_via";"condicao_metereologica";"tipo_pista";"tracado_via";"uso_solo";"pessoas";"mortos";"feridos_leves";"feridos_graves";"ilesos";"ignorados";"feridos";"veiculos";"latitude";"longitude";"regional";"delegacia";"uop"
137921;2018-04-14;"sábado";"16:50:00";"PA";10;12;"DOM ELISEU";"Pista Escorregadia";"Saída de leito carroçável";"Com Vítimas Feridas";"Pleno dia";"Crescente";"Chuva";"Simples";"Curva";"Não";4;0;3;1;0;0;4;1;-4,293095;-47,556904;"SPRF-PA";"DEL02-PA";"UOP02-DEL02-PA"
137922;2018-06-04;"segunda-feira";"21:00:00";"DF";20;5,2;"BRASILIA";"Agressão Externa";"Saída de leito carroçável";"Sem Vítimas";"Plena Noite";"Crescente";"Céu Claro";"Dupla";"Reta";"Sim";1;0;0;0;1;0;0;1;-15,66930032;-47,81453311;"SPRF-DF";"DEL02-DF";"UOP01-DEL02-DF"
137923;2018-06-04;"segunda-feira";"20:15:00";"PI";407;465,8;"JAICOS";"Desobediência às normas de trânsito pelo condutor";"Colisão transversal";"Com Vítimas Feridas";"Plena Noite";"Crescente";"Céu Claro";"Simples";"Reta";"Sim";3;0;0;1;2;0;1;2;-7,331303;-41,153126;"SPRF-PI";"DEL04-PI";"UOP01-DEL04-PI"
137924;2018-06-04;"segunda-feira";"19:20:00";"RJ";40;111;"DUQUE DE CAXIAS";"Desobediência às normas de trânsito pelo pedestre";"Atropelamento de Pedestre";"Com Vítimas Feridas";"Plena Noite";"Crescente";"Chuva";"Múltipla";"Reta";"Não";2;0;0;1;0;1;1;2;-22,7008;-43,2901;"SPRF-RJ";"DEL01-RJ";"UOP01-DEL01-RJ"
137926;2018-06-04;"segunda-feira";"18:20:00";"RO";364;341,9;"JI-PARANA";"Desobediência às normas de trânsito pelo pedestre";"Atropelamento de Pedestre";"Com Vítimas Feridas";"Plena Noite";"Decrescente";"Céu Claro";"Dupla";"Reta";"Sim";3;0;3;0;0;0;3;2;-10,889981;-61,931229;"SPRF-RO";"DEL02-RO";"UOP01-DEL02-RO"
137927;2018-06-04;"segunda-feira";"21:35:00";"DF";20;12;"BRASILIA";"Falta de Atenção à Condução";"Colisão lateral";"Com Vítimas Feridas";"Plena Noite";"Crescente";"Céu Claro";"Dupla";"Reta";"Não";2;0;1;0;1;0;1;2;-15,63828696;-47,74791241;"SPRF-DF";"DEL02-DF";"UOP01-DEL02-DF"
137928;2018-06-04;"segunda-feira";"21:30:00";"MG";381;505,2;"BETIM";"Falta de Atenção à Condução";"Colisão lateral";"Com Vítimas Feridas";"Plena Noite";"Decrescente";"Céu Claro";"Dupla";"Curva";"Não";1;0;0;1;0;0;1;1;-20,0384;-44,2529;"SPRF-MG";"DEL01-MG";"UOP03-DEL01-MG"
137929;2018-06-04;"segunda-feira";"21:05:00";"SP";116;89,3;"PINDAMONHANGABA";"Restrição de Visibilidade";"Colisão traseira";"Com Vítimas Feridas";"Plena Noite";"Crescente";"Nublado";"Dupla";"Reta";"Não";3;0;0;1;1;1;1;3;-22,9401456;-45,38076639;"SPRF-SP";"DEL06-SP";"UOP01-DEL06-SP"
137930;2018-06-04;"segunda-feira";"19:10:00";"RS";293;3,5;"PELOTAS";"Desobediência às normas de trânsito pelo condutor";"Colisão transversal";"Sem Vítimas";"Plena Noite";"Crescente";"Céu Claro";"Simples";"Interseção de Vias";"Sim";2;0;0;0;2;0;0;2;-31,73678;-52,36652;"SPRF-RS";"DEL07-RS";"UOP01-DEL07-RS"
137932;2018-06-04;"segunda-feira";"18:20:00";"AL";101;189,9;"SAO SEBASTIAO";"Falta de Atenção à Condução";"Atropelamento de Pedestre";"Com Vítimas Feridas";"Plena Noite";"Crescente";"Nublado";"Simples";"Reta";"Não";2;0;0;1;0;1;1;2;-9,93232952;-36,50756836;"SPRF-AL";"DEL02-AL";"UOP02-DEL02-AL"
137933;2018-06-04;"segunda-feira";"18:10:00";"SC";101;133,2;"BALNEARIO CAMBORIU";"Falta de Atenção à Condução";"Colisão transversal";"Com Vítimas Feridas";"Pleno dia";"Crescente";"Sol";"Dupla";"Reta";"Sim";2;0;1;1;0;0;2;2;-27,00026461;-48,64400089;"SPRF-SC";"DEL04-SC";"UOP03-DEL04-SC"
137934;2018-06-04;"segunda-feira";"07:30:00";"MT";70;718,3;"CACERES";"Velocidade Incompatível";"Saída de leito carroçável";"Sem Vítimas";"Pleno dia";"Crescente";"Garoa/Chuvisco";"Simples";"Curva";"Não";2;0;0;0;2;0;0;1;-16,18829953;-57,60921478;"SPRF-MT";"DEL03-MT";"UOP01-DEL03-MT"
137935;2018-03-24;"sábado";"11:30:00";"MG";116;278;"TEOFILO OTONI";"Falta de Atenção à Condução";"Tombamento";"Com Vítimas Feridas";"Pleno dia";"Crescente";"Ignorado";"Múltipla";"Interseção de Vias";"Sim";2;0;2;0;0;0;2;1;-17,867198;-41,516891;"SPRF-MG";"DEL11-MG";"UOP01-DEL11-MG"
137937;2018-06-04;"segunda-feira";"22:10:00";"MG";262;410;"IGARATINGA";"Falta de Atenção à Condução";"Saída de leito carroçável";"Com Vítimas Feridas";"Plena Noite";"Crescente";"Céu Claro";"Dupla";"Em Obras";"Não";1;0;1;0;0;0;1;1;-19,9024;-44,6924;"SPRF-MG";"DEL08-MG";"UOP03-DEL08-MG"
137938;2018-06-04;"segunda-feira";"22:15:00";"RJ";101;317;"SAO GONCALO";"Falta de Atenção à Condução";"Capotamento";"Com Vítimas Feridas";"Plena Noite";"Decrescente";"Ignorado";"Dupla";"Reta";"Sim";1;0;1;0;0;0;1;1;-22,83077577;-43,09301376;"SPRF-RJ";"DEL02-RJ";"DEL5/2-UOP04/RJ"
137940;2018-06-04;"segunda-feira";"22:40:00";"PR";277;662,8;"MATELANDIA";"Restrição de Visibilidade";"Colisão traseira";"Com Vítimas Feridas";"Plena Noite";"Crescente";"Nevoeiro/Neblina";"Dupla";"Reta";"Não";3;0;1;0;2;0;1;2;-25,251236;-54,009113;"SPRF-PR";"DEL05-PR";"UOP02-DEL05-PR"
137944;2018-06-04;"segunda-feira";"23:20:00";"PR";476;127;"CURITIBA";"Pista Escorregadia";"Colisão com objeto estático";"Sem Vítimas";"Plena Noite";"Decrescente";"Chuva";"Múltipla";"Reta";"Sim";1;0;0;0;1;0;0;1;-25,43335343;-49,22973633;"SPRF-PR";"DEL01-PR";"UOP07-DEL01-PR"
137945;2018-06-04;"segunda-feira";"23:30:00";"PE";101;4,1;"GOIANA";"Falta de Atenção à Condução";"Saída de leito carroçável";"Com Vítimas Feridas";"Plena Noite";"Decrescente";"Nublado";"Dupla";"Curva";"Não";1;0;1;0;0;0;1;1;-7,5328;-34,9909;"SPRF-PE";"DEL01-PE";"UOP02-DEL01-PE"
137946;2018-06-04;"segunda-feira";"18:30:00";"MT";70;649,6;"CACERES";"Desobediência às normas de trânsito pelo pedestre";"Atropelamento de Pedestre";"Com Vítimas Fatais";"Plena Noite";"Decrescente";"Nublado";"Simples";"Reta";"Não";3;1;0;0;1;1;0;2;-15,984218;-57,188067;"SPRF-MT";"DEL03-MT";"UOP02-DEL03-MT"
137947;2018-06-05;"terça-feira";"00:16:00";"SC";101;215;"PALHOCA";"Velocidade Incompatível";"Colisão com objeto estático";"Com Vítimas Feridas";"Plena Noite";"Crescente";"Chuva";"Dupla";"Curva";"Sim";2;0;1;0;1;0;1;1;-27,6601;-48,6774;"SPRF-SC";"DEL01-SC";"UOP02-DEL01-SC"
137948;2018-06-05;"terça-feira";"00:00:00";"MG";381;767;"CAMPANHA";"Defeito Mecânico no Veículo";"Colisão traseira";"Com Vítimas Feridas";"Plena Noite";"Crescente";"Céu Claro";"Dupla";"Curva";"Não";3;0;1;0;2;0;1;3;-21,7528;-45,3956;"SPRF-MG";"DEL16-MG";"UOP02-DEL16-MG"
137949;2018-06-04;"segunda-feira";"22:50:00";"AL";316;213,2;"MARIBONDO";"Fenômenos da Natureza";"Colisão com objeto estático";"Com Vítimas Feridas";"Plena Noite";"Crescente";"Nublado";"Simples";"Reta";"Não";1;0;0;1;0;0;1;1;-9,52034716;-36,23205575;"SPRF-AL";"DEL01-AL";"UOP01-DEL01-AL"
137956;2018-06-05;"terça-feira";"02:00:00";"BA";407;195;"PONTO NOVO";"Agressão Externa";"Tombamento";"Com Vítimas Feridas";"Plena Noite";"Decrescente";"Nublado";"Simples";"Reta";"Não";1;0;1;0;0;0;1;1;-11,06676254;-40,0844121;"SPRF-BA";"DEL04-BA";"UOP02-DEL04-BA"
137960;2018-06-04;"segunda-feira";"23:00:00";"CE";116;453,5;"BARRO";"Falta de Atenção à Condução";"Saída de leito carroçável";"Com Vítimas Fatais";"Plena Noite";"Crescente";"Ignorado";"Simples";"Reta";"Sim";1;1;0;0;0;0;0;1;-7,169731;-38,780666;"SPRF-CE";"DEL05-CE";"UOP03-DEL05-CE"
137961;2018-06-05;"terça-feira";"05:00:00";"RJ";116;144;"DUQUE DE CAXIAS";"Pista Escorregadia";"Queda de ocupante de veículo";"Com Vítimas Feridas";"Amanhecer";"Crescente";"Céu Claro";"Múltipla";"Curva";"Não";1;0;1;0;0;0;1;1;-22,6574;-43,247284;"SPRF-RJ";"DEL04-RJ";"UOP02-DEL04-RJ"
137963;2018-05-09;"quarta-feira";"21:30:00";"RS";116;297;"GUAIBA";"Falta de Atenção à Condução";"Colisão lateral";"Com Vítimas Feridas";"Pleno dia";"Crescente";"Céu Claro";"Dupla";"Reta";"Não";2;0;1;0;0;1;1;2;-30,097555;-51,343033;"SPRF-RS";"DEL02-RS";"UOP01-DEL02-RS"
137965;2018-06-05;"terça-feira";"07:00:00";"SC";101;214;"PALHOCA";"Animais na Pista";"Atropelamento de Animal";"Com Vítimas Feridas";"Amanhecer";"Decrescente";"Nublado";"Múltipla";"Reta";"Não";1;0;1;0;0;0;1;1;-27,652;-48,676;"SPRF-SC";"DEL01-SC";"UOP02-DEL01-SC"
137967;2018-06-05;"terça-feira";"06:50:00";"SP";116;292;"ITAPECERICA DA SERRA";"Desobediência às normas de trânsito pelo condutor";"Colisão frontal";"Com Vítimas Feridas";"Pleno dia";"Crescente";"Nublado";"Dupla";"Curva";"Não";2;0;1;0;1;0;1;2;-23,81707128;-46,9244957;"SPRF-SP";"DEL04-SP";"UOP01-DEL04-SP"
137968;2018-06-05;"terça-feira";"06:30:00";"ES";101;266,3;"SERRA";"Falta de Atenção à Condução";"Tombamento";"Com Vítimas Feridas";"Pleno dia";"Crescente";"Nublado";"Múltipla";"Reta";"Sim";1;0;0;1;0;0;1;1;-20,19297218;-40,26773453;"SPRF-ES";"DEL02-ES";"UOP01-DEL02-ES"
137969;2018-06-05;"terça-feira";"07:00:00";"PR";376;504;"PONTA GROSSA";"Velocidade Incompatível";"Saída de leito carroçável";"Com Vítimas Feridas";"Pleno dia";"Crescente";"Chuva";"Dupla";"Reta";"Não";1;0;1;0;0;0;1;1;-25,1813306;-50,09559631;"SPRF-PR";"DEL03-PR";"UOP04-DEL03-PR"
137972;2018-06-05;"terça-feira";"07:30:00";"GO";153;510,8;"APARECIDA DE GOIANIA";"Falta de Atenção à Condução";"Colisão traseira";"Com Vítimas Feridas";"Pleno dia";"Crescente";"Céu Claro";"Dupla";"Reta";"Sim";3;0;1;0;2;0;1;2;-16,7977;-49,2386;"SPRF-GO";"DEL01-GO";"UOP03-DEL01-GO"
137974;2018-06-05;"terça-feira";"06:50:00";"MS";163;484,9;"CAMPO GRANDE";"Falta de Atenção à Condução";"Colisão traseira";"Com Vítimas Feridas";"Pleno dia";"Crescente";"Nevoeiro/Neblina";"Simples";"Reta";"Sim";2;0;1;0;1;0;1;2;-20,442846;-54,541881;"SPRF-MS";"DEL01-MS";"UOP02-DEL01-MS"
137977;2018-06-05;"terça-feira";"07:55:00";"PR";116;83;"PIRAQUARA";"Velocidade Incompatível";"Saída de leito carroçável";"Sem Vítimas";"Pleno dia";"Crescente";"Chuva";"Dupla";"Reta";"Não";1;0;0;0;0;1;0;1;-25,420872;-49,072365;"SPRF-PR";"DEL01-PR";"UOP01-DEL01-PR"
137978;2018-06-05;"terça-feira";"08:10:00";"PR";277;345,9;"GUARAPUAVA";"Falta de Atenção à Condução";"Queda de ocupante de veículo";"Com Vítimas Feridas";"Pleno dia";"Decrescente";"Garoa/Chuvisco";"Simples";"Interseção de Vias";"Sim";1;0;1;0;0;0;1;1;-25,36786097;-51,49402767;"SPRF-PR";"DEL03-PR";"UOP01-DEL08-PR"
137979;2018-06-05;"terça-feira";"06:20:00";"SE";101;141,5;"ESTANCIA";"Pista Escorregadia";"Colisão com objeto estático";"Sem Vítimas";"Pleno dia";"Decrescente";"Céu Claro";"Dupla";"Interseção de Vias";"Não";1;0;0;0;1;0;0;1;-11,1929;-37,4065;"SPRF-SE";"DEL02-SE";"UOP01-DEL02-SE"
137981;2018-06-05;"terça-feira";"08:15:00";"PR";369;167;"CAMBE";"Agressão Externa";"Saída de leito carroçável";"Com Vítimas Feridas";"Pleno dia";"Decrescente";"Nublado";"Dupla";"Reta";"Não";1;0;1;0;0;0;1;1;-23,298197;-51,320294;"SPRF-PR";"DEL07-PR";"UOP01-DEL07-PR"
137982;2018-06-05;"terça-feira";"08:20:00";"PR";277;83;"CURITIBA";"Falta de Atenção à Condução";"Colisão traseira";"Com Vítimas Feridas";"Pleno dia";"Crescente";"Garoa/Chuvisco";"Dupla";"Reta";"Sim";2;0;1;0;1;0;1;2;-25,44704748;-49,23088431;"SPRF-PR";"DEL01-PR";"UOP01-DEL01-PR"
137986;2018-06-05;"terça-feira";"07:30:00";"GO";60;382;"RIO VERDE";"Desobediência às normas de trânsito pelo condutor";"Colisão transversal";"Com Vítimas Feridas";"Pleno dia";"Crescente";"Céu Claro";"Dupla";"Rotatória";"Sim";2;0;2;0;0;0;2;2;-17,779;-50,8933;"SPRF-GO";"DEL04-GO";"UOP01-DEL04-GO"
137988;2018-05-24;"quinta-feira";"21:30:00";"MS";158;164,7;"APARECIDA DO TABOADO";"Ingestão de Álcool";"Saída de leito carroçável";"Com Vítimas Fatais";"Plena Noite";"Decrescente";"Céu Claro";"Simples";"Curva";"Não";3;1;2;0;0;0;2;1;-20,086456;-51,142632;"SPRF-MS";"DEL08-MS";"UOP01-DEL08-MS"
137989;2018-06-03;"domingo";"04:30:00";"RJ";116;139;"DUQUE DE CAXIAS";"Desobediência às normas de trânsito pelo condutor";"Colisão transversal";"Com Vítimas Fatais";"Plena Noite";"Decrescente";"Céu Claro";"Dupla";"Reta";"Não";3;1;0;1;1;0;1;2;-22,646549;-43,201435;"SPRF-RJ";"DEL04-RJ";"UOP02-DEL04-RJ"
137990;2018-05-19;"sábado";"23:10:00";"MS";163;256;"DOURADOS";"Desobediência às normas de trânsito pelo condutor";"Colisão com objeto estático";"Com Vítimas Feridas";"Plena Noite";"Crescente";"Céu Claro";"Dupla";"Reta";"Sim";2;0;0;2;0;0;2;1;-22,25914285;-54,80352223;"SPRF-MS";"DEL04-MS";"UOP01-DEL04-MS"
137991;2018-06-05;"terça-feira";"08:30:00";"PB";101;98,7;"ALHANDRA";"Falta de Atenção à Condução";"Colisão com objeto estático";"Com Vítimas Feridas";"Pleno dia";"Crescente";"Céu Claro";"Dupla";"Reta";"Sim";1;0;1;0;0;0;1;1;-7,253282;-34,933662;"SPRF-PB";"DEL01-PB";"UOP01-DEL01-PB"
137992;2018-06-05;"terça-feira";"09:30:00";"ES";101;2;"VITORIA";"Falta de Atenção à Condução";"Tombamento";"Sem Vítimas";"Pleno dia";"Crescente";"Sol";"Dupla";"Reta";"Sim";1;0;0;0;1;0;0;1;-20,25607754;-40,29029846;"SPRF-ES";"DEL02-ES";"UOP01-DEL02-ES"
137995;2018-06-05;"terça-feira";"09:25:00";"SC";101;214,5;"PALHOCA";"Desobediência às normas de trânsito pelo condutor";"Colisão lateral";"Com Vítimas Feridas";"Pleno dia";"Decrescente";"Chuva";"Dupla";"Reta";"Sim";2;0;1;0;1;0;1;2;-27,652;-48,676;"SPRF-SC";"DEL01-SC";"UOP02-DEL01-SC"
137998;2018-06-05;"terça-feira";"09:30:00";"RS";101;70;"OSORIO";"Condutor Dormindo";"Saída de leito carroçável";"Com Vítimas Feridas";"Pleno dia";"Decrescente";"Garoa/Chuvisco";"Dupla";"Reta";"Não";2;0;2;0;0;0;2;1;-29,74804619;-50,21187365;"SPRF-RS";"DEL03-RS";"UOP01-DEL03-RS"
137999;2018-04-22;"domingo";"21:00:00";"RS";386;342,2;"LAJEADO";"Desobediência às normas de trânsito pelo condutor";"Colisão transversal";"Com Vítimas Feridas";"Plena Noite";"Decrescente";"Céu Claro";"Simples";"Reta";"Sim";3;0;1;2;0;0;3;2;-29,43793442;-51,99520648;"SPRF-RS";"DEL04-RS";"UOP01-DEL04-RS"
138001;2018-06-05;"terça-feira";"09:00:00";"PR";376;617,4;"SAO JOSE DOS PINHAIS";"Velocidade Incompatível";"Colisão com objeto estático";"Sem Vítimas";"Pleno dia";"Decrescente";"Garoa/Chuvisco";"Dupla";"Curva";"Não";1;0;0;0;1;0;0;1;-25,58920738;-49,17171478;"SPRF-PR";"DEL01-PR";"DEL7/1-UOP08/PR"
138003;2018-06-05;"terça-feira";"09:01:00";"RO";364;14;"VILHENA";"Falta de Atenção à Condução";"Atropelamento de Pedestre";"Com Vítimas Feridas";"Pleno dia";"Decrescente";"Céu Claro";"Simples";"Reta";"Sim";2;0;0;1;1;0;1;2;-12,7393016;-60,13867736;"SPRF-RO";"DEL04-RO";"UOP01-DEL04-RO"
138006;2018-06-05;"terça-feira";"00:00:00";"MG";40;828,1;"SIMAO PEREIRA";"Falta de Atenção à Condução";"Atropelamento de Pedestre";"Com Vítimas Fatais";"Plena Noite";"Crescente";"Ignorado";"Dupla";"Reta";"Não";2;1;0;0;0;1;0;2;-21,94065713;-43,30681801;"SPRF-MG";"DEL05-MG";"UOP01-DEL05-MG"
138007;2018-06-05;"terça-feira";"08:20:00";"SC";116;237;"LAGES";"Avarias e/ou desgaste excessivo no pneu";"Saída de leito carroçável";"Sem Vítimas";"Pleno dia";"Decrescente";"Chuva";"Simples";"Reta;Declive";"Não";1;0;0;0;0;1;0;1;-27,795443;-50,361874;"SPRF-SC";"DEL05-SC";"UOP01-DEL05-SC"
138008;2018-06-05;"terça-feira";"10:10:00";"RJ";40;90,6;"PETROPOLIS";"Pista Escorregadia";"Colisão com objeto estático";"Com Vítimas Feridas";"Pleno dia";"Crescente";"Garoa/Chuvisco";"Simples";"Curva";"Não";1;0;1;0;0;0;1;1;-22,547237;-43,237719;"SPRF-RJ";"DEL06-RJ";"UOP01-DEL06-RJ"
138010;2018-06-05;"terça-feira";"10:00:00";"BA";415;27;"ILHEUS";"Defeito Mecânico no Veículo";"Incêndio";"Sem Vítimas";"Pleno dia";"Decrescente";"Céu Claro";"Simples";"Reta";"Não";1;0;0;0;1;0;0;1;-14,79247625;-39,21426058;"SPRF-BA";"DEL05-BA";"UOP01-DEL05-BA"
138012;2018-05-14;"segunda-feira";"01:34:00";"MS";163;2;"MUNDO NOVO";"Falta de Atenção à Condução";"Saída de leito carroçável";"Com Vítimas Feridas";"Plena Noite";"Decrescente";"Céu Claro";"Simples";"Curva";"Não";2;0;0;2;0;0;2;1;-24,04336164;-54,2755089;"SPRF-MS";"DEL09-MS";"UOP02-DEL09-MS"
138014;2018-05-30;"quarta-feira";"22:00:00";"PI";135;342;"SANTA LUZ";"Animais na Pista";"Atropelamento de Animal";"Sem Vítimas";"Pleno dia";"Decrescente";"Céu Claro";"Simples";"Reta";"Não";3;0;0;0;3;0;0;1;-9,020145;-44,301575;"SPRF-PI";"DEL03-PI";"UOP02-DEL03-PI"
138018;2018-06-05;"terça-feira";"12:00:00";"MG";381;478;"CONTAGEM";"Falta de Atenção à Condução";"Tombamento";"Com Vítimas Feridas";"Pleno dia";"Crescente";"Céu Claro";"Dupla";"Reta";"Sim";2;0;2;0;0;0;2;1;-19,9643;-44,044;"SPRF-MG";"DEL01-MG";"UOP03-DEL01-MG"
138019;2018-05-12;"sábado";"21:15:00";"BA";101;113,2;"ALAGOINHAS";"Falta de Atenção à Condução";"Colisão traseira";"Com Vítimas Feridas";"Plena Noite";"Crescente";"Céu Claro";"Simples";"Reta";"Não";2;0;1;0;1;0;1;2;-12,16961006;-38,43971372;"SPRF-BA";"DEL01-BA";"UOP04-DEL01-BA"
138023;2018-06-05;"terça-feira";"12:20:00";"SC";101;211,8;"PALHOCA";"Falta de Atenção à Condução";"Tombamento";"Com Vítimas Feridas";"Pleno dia";"Decrescente";"Chuva";"Múltipla";"Viaduto";"Sim";1;0;0;1;0;0;1;1;-27,6301;-48,659;"SPRF-SC";"DEL01-SC";"UOP02-DEL01-SC"
138025;2018-06-05;"terça-feira";"13:50:00";"SC";101;49,9;"JOINVILLE";"Velocidade Incompatível";"Colisão com objeto estático";"Com Vítimas Feridas";"Pleno dia";"Crescente";"Chuva";"Dupla";"Rotatória";"Não";1;0;1;0;0;0;1;1;-26,38668491;-48,84424667;"SPRF-SC";"DEL03-SC";"UOP01-DEL03-SC"
138026;2018-06-05;"terça-feira";"14:00:00";"SP";153;337;"OURINHOS";"Desobediência às normas de trânsito pelo condutor";"Tombamento";"Com Vítimas Feridas";"Pleno dia";"Crescente";"Céu Claro";"Simples";"Aclive";"Não";2;0;2;0;0;0;2;1;-22,91444445;-49,89077479;"SPRF-SP";"DEL07-SP";"UOP03-DEL07-SP"
138027;2018-06-05;"terça-feira";"14:20:00";"MA";10;251,5;"IMPERATRIZ";"Não guardar distância de segurança";"Tombamento";"Com Vítimas Feridas";"Pleno dia";"Crescente";"Céu Claro";"Múltipla";"Reta";"Sim";1;0;0;1;0;0;1;1;-5,53957379;-47,46667743;"SPRF-MA";"DEL04-MA";"UOP01-DEL04-MA"
138029;2018-06-05;"terça-feira";"14:20:00";"MG";381;495,7;"BETIM";"Falta de Atenção à Condução";"Queda de ocupante de veículo";"Com Vítimas Feridas";"Pleno dia";"Decrescente";"Céu Claro";"Múltipla";"Reta";"Sim";2;0;1;0;1;0;1;1;-19,97568814;-44,19156075;"SPRF-MG";"DEL01-MG";"UOP03-DEL01-MG"
138030;2018-06-05;"terça-feira";"14:00:00";"BA";324;589;"CANDEIAS";"Mal Súbito";"Saída de leito carroçável";"Com Vítimas Feridas";"Pleno dia";"Crescente";"Chuva";"Dupla";"Reta";"Não";2;0;2;0;0;0;2;1;-12,67569947;-38,46842408;"SPRF-BA";"DEL01-BA";"UOP01-DEL01-BA"
138032;2018-06-05;"terça-feira";"09:49:00";"PA";230;660;"ALTAMIRA";"Falta de Atenção à Condução";"Colisão frontal";"Sem Vítimas";"Pleno dia";"Crescente";"Nublado";"Simples";"Declive";"Não";2;0;0;0;2;0;0;2;-3,1716198;-52,1646995;"SPRF-PA";"DEL04-PA";"UOP01-DEL04-PA"
138033;2018-06-05;"terça-feira";"14:30:00";"SC";101;356;"SANGAO";"Não guardar distância de segurança";"Capotamento";"Com Vítimas Feridas";"Pleno dia";"Crescente";"Céu Claro";"Dupla";"Reta";"Não";2;0;1;1;0;0;2;1;-28,6315;-49,0901;"SPRF-SC";"DEL02-SC";"UOP01-DEL02-SC"
138037;2018-06-05;"terça-feira";"14:55:00";"SC";116;206;"PONTE ALTA";"Falta de Atenção à Condução";"Colisão transversal";"Sem Vítimas";"Pleno dia";"Decrescente";"Garoa/Chuvisco";"Simples";"Rotatória";"Sim";2;0;0;0;2;0;0;2;-27,481998;-50,379116;"SPRF-SC";"DEL05-SC";"UOP03-DEL05-SC"
138038;2018-06-05;"terça-feira";"11:30:00";"MT";364;259;"JUSCIMEIRA";"Falta de Atenção à Condução";"Colisão transversal";"Com Vítimas Feridas";"Pleno dia";"Crescente";"Nublado";"Simples";"Reta";"Sim";2;0;1;0;1;0;1;2;-16,048325;-54,887131;"SPRF-MT";"DEL02-MT";"UOP02-DEL05-MT"
138040;2018-06-05;"terça-feira";"15:30:00";"ES";101;246;"SERRA";"Falta de Atenção à Condução";"Colisão transversal";"Com Vítimas Feridas";"Pleno dia";"Decrescente";"Céu Claro";"Dupla";"Reta";"Não";2;0;1;0;1;0;1;2;-20,07296387;-40,35570145;"SPRF-ES";"DEL02-ES";"UOP01-DEL02-ES"
138041;2018-06-05;"terça-feira";"15:30:00";"MG";365;645,1;"UBERLANDIA";"Falta de Atenção à Condução";"Saída de leito carroçável";"Com Vítimas Feridas";"Pleno dia";"Decrescente";"Céu Claro";"Dupla";"Reta";"Não";2;0;1;0;0;1;1;2;-18,8819653;-48,48729551;"SPRF-MG";"DEL15-MG";"UOP01-DEL15-MG"
138042;2018-06-05;"terça-feira";"15:10:00";"MA";135;19;"SAO LUIS";"Falta de Atenção à Condução";"Colisão traseira";"Sem Vítimas";"Pleno dia";"Decrescente";"Chuva";"Simples";"Reta";"Sim";2;0;0;0;2;0;0;2;-2,53073;-44,3068;"SPRF-MA";"DEL01-MA";"UOP01-DEL01-MA"
138043;2018-06-05;"terça-feira";"14:26:00";"RJ";101;311;"SAO GONCALO";"Avarias e/ou desgaste excessivo no pneu";"Queda de ocupante de veículo";"Com Vítimas Feridas";"Pleno dia";"Decrescente";"Nublado";"Dupla";"Reta";"Sim";2;0;2;0;0;0;2;1;-22,800632;-43,053211;"SPRF-RJ";"DEL02-RJ";"DEL5/2-UOP04/RJ"
138045;2018-06-05;"terça-feira";"15:05:00";"GO";251;32;"CRISTALINA";"Falta de Atenção à Condução";"Colisão transversal";"Com Vítimas Feridas";"Pleno dia";"Crescente";"Céu Claro";"Simples";"Reta";"Não";2;0;1;0;1;0;1;2;-16,2028;-47,4392;"SPRF-DF";"DEL01-DF";"UOP01-DEL01-DF"
138047;2018-06-05;"terça-feira";"15:50:00";"PE";101;31,7;"ITAPISSUMA";"Não guardar distância de segurança";"Colisão traseira";"Com Vítimas Feridas";"Pleno dia";"Decrescente";"Nublado";"Dupla";"Reta";"Sim";2;0;0;1;1;0;1;2;-7,7510675;-34,9362032;"SPRF-PE";"DEL01-PE";"UOP02-DEL01-PE"
138048;2018-06-05;"terça-feira";"11:30:00";"MT";163;844;"SINOP";"Desobediência às normas de trânsito pelo condutor";"Colisão transversal";"Com Vítimas Feridas";"Pleno dia";"Crescente";"Céu Claro";"Simples";"Interseção de Vias";"Não";2;0;0;1;1;0;1;2;-11,778066;-55,473594;"SPRF-MT";"DEL06-MT";"UOP02-DEL06-MT"
138051;2018-06-05;"terça-feira";"14:30:00";"CE";20;412;"MARACANAU";"Ultrapassagem Indevida";"Tombamento";"Com Vítimas Feridas";"Pleno dia";"Decrescente";"Sol";"Simples";"Reta";"Não";2;0;1;0;1;0;1;1;-3,836891;-38,60421;"SPRF-CE";"DEL01-CE";"UOP01-DEL01-CE"
138054;2018-06-05;"terça-feira";"15:40:00";"RO";364;343,3;"JI-PARANA";"Desobediência às normas de trânsito pelo condutor";"Colisão transversal";"Com Vítimas Feridas";"Pleno dia";"Decrescente";"Céu Claro";"Simples";"Interseção de Vias";"Sim";2;0;1;0;1;0;1;2;-10,87777147;-61,94709778;"SPRF-RO";"DEL02-RO";"UOP01-DEL02-RO"
138056;2018-06-05;"terça-feira";"17:10:00";"RN";101;107;"PARNAMIRIM";"Falta de Atenção do Pedestre";"Atropelamento de Pedestre";"Com Vítimas Feridas";"Pleno dia";"Decrescente";"Sol";"Dupla";"Reta";"Sim";3;0;1;0;1;1;1;2;-5,915935;-35,262578;"SPRF-RN";"DEL01-RN";"UOP01-DEL01-RN"