"id";"data_inversa";"dia_semana";"horario";"uf";"br";"km";"municipio";"causa_acidente";"tipo_acidente";"classificacao_acidente";"fase_dia";"sentido_via";"condicao_metereologica";"tipo_pista";"tracado_via";"uso_solo";"pessoas";"mortos";"feridos_leves";"feridos_graves";"ilesos";"ignorados";"feridos";"veiculos";"latitude";"longitude";"regional";"delegacia";"uop"
138057;2018-06-05;"terça-feira";"14:00:00";"MT";158;572,4;"AGUA BOA";"Falta de Atenção à Condução";"Capotamento";"Sem Vítimas";"Pleno dia";"Decrescente";"Céu Claro";"Simples";"Reta";"Não";1;0;0;0;0;1;0;1;-14,0869137;-52,1609988;"SPRF-MT";"DEL07-MT";"UOP02-DEL07-MT"
138059;2018-06-05;"terça-feira";"17:35:00";"RS";116;269;"CANOAS";"Não guardar distância de segurança";"Colisão traseira";"Com Vítimas Feridas";"Anoitecer";"Decrescente";"Nublado";"Dupla";"Reta";"Sim";3;0;1;0;2;0;1;3;-29,959385;-51,176086;"SPRF-RS";"DEL01-RS";"UOP01-DEL01-RS"
138061;2018-05-21;"segunda-feira";"17:50:00";"PB";230;153,2;"CAMPINA GRANDE";"Não guardar distância de segurança";"Colisão traseira";"Com Vítimas Feridas";"Plena Noite";"Crescente";"Chuva";"Dupla";"Retorno Regulamentado";"Sim";3;0;1;0;2;0;1;2;-7,2763;-35,8887;"SPRF-PB";"DEL02-PB";"UOP01-DEL02-PB"
138062;2018-06-05;"terça-feira";"17:40:00";"PR";376;1,2;"APUCARANA";"Falta de Atenção à Condução";"Colisão transversal";"Com Vítimas Feridas";"Anoitecer";"Crescente";"Chuva";"Dupla";"Declive;Reta";"Não";4;0;2;0;1;1;2;3;-23,5716874;-51,4278046;"SPRF-PR";"DEL07-PR";"UOP03-DEL07-PR"
138063;2018-06-05;"terça-feira";"17:50:00";"RS";290;143,5;"ELDORADO DO SUL";"Falta de Atenção à Condução";"Colisão transversal";"Com Vítimas Feridas";"Anoitecer";"Decrescente";"Céu Claro";"Simples";"Interseção de Vias";"Sim";2;0;1;0;1;0;1;2;-30,0974462;-51,64867043;"SPRF-RS";"DEL02-RS";"UOP01-DEL02-RS"
138064;2018-06-05;"terça-feira";"16:00:00";"MG";40;513;"RIBEIRAO DAS NEVES";"Mal Súbito";"Queda de ocupante de veículo";"Com Vítimas Feridas";"Anoitecer";"Decrescente";"Céu Claro";"Dupla";"Reta";"Sim";1;0;1;0;0;0;1;1;-19,8048;-44,0972;"SPRF-MG";"DEL01-MG";"UOP03-DEL01-MG"
138066;2018-05-16;"quarta-feira";"07:30:00";"RS";448;15,5;"CANOAS";"Falta de Atenção à Condução";"Colisão com objeto estático";"Com Vítimas Feridas";"Pleno dia";"Crescente";"Céu Claro";"Múltipla";"Reta";"Não";2;0;1;0;1;0;1;1;-29,93143234;-51,21671677;"SPRF-RS";"DEL01-RS";"UOP01-DEL01-RS"
138067;2018-06-05;"terça-feira";"16:40:00";"MA";316;262;"SANTA INES";"Falta de Atenção à Condução";"Colisão transversal";"Com Vítimas Feridas";"Pleno dia";"Decrescente";"Céu Claro";"Múltipla";"Retorno Regulamentado";"Sim";3;0;2;0;1;0;2;2;-3,675505;-45,380474;"SPRF-MA";"DEL02-MA";"UI04-DEL02-MA"
138069;2018-06-05;"terça-feira";"18:00:00";"PR";376;456,4;"TIBAGI";"Falta de Atenção à Condução";"Colisão traseira";"Sem Vítimas";"Anoitecer";"Decrescente";"Garoa/Chuvisco";"Múltipla";"Reta";"Não";4;0;0;0;4;0;0;2;-24,92388184;-50,40896416;"SPRF-PR";"DEL03-PR";"UOP02-DEL03-PR"
138072;2018-06-05;"terça-feira";"17:55:00";"SP";116;205,6;"GUARULHOS";"Não guardar distância de segurança";"Capotamento";"Sem Vítimas";"Plena Noite";"Decrescente";"Nublado";"Múltipla";"Reta";"Não";1;0;0;0;1;0;0;1;-23,41817968;-46,37871203;"SPRF-SP";"DEL01-SP";"UOP01-DEL01-SP"
138073;2018-06-05;"terça-feira";"17:45:00";"SC";101;210;"SAO JOSE";"Falta de Atenção à Condução";"Tombamento";"Com Vítimas Feridas";"Anoitecer";"Decrescente";"Chuva";"Dupla";"Reta";"Sim";1;0;1;0;0;0;1;1;-27,61524694;-48,64397764;"SPRF-SC";"DEL01-SC";"UOP01-DEL01-SC"
138074;2018-05-08;"terça-feira";"18:15:00";"RS";392;348;"SANTA MARIA";"Desobediência às normas de trânsito pelo condutor";"Tombamento";"Com Vítimas Feridas";"Anoitecer";"Decrescente";"Céu Claro";"Simples";"Reta";"Sim";1;0;0;1;0;0;1;1;-29,752571;-53,789837;"SPRF-RS";"DEL09-RS";"UOP01-DEL09-RS"
138075;2018-06-05;"terça-feira";"18:10:00";"MG";40;611,8;"CONGONHAS";"Falta de Atenção à Condução";"Colisão transversal";"Com Vítimas Feridas";"Plena Noite";"Crescente";"Céu Claro";"Simples";"Interseção de Vias;Curva;Declive";"Sim";1;0;1;0;0;0;1;1;-20,51701157;-43,83769155;"SPRF-MG";"DEL05-MG";"UOP02-DEL05-MG"
138076;2018-06-05;"terça-feira";"17:40:00";"ES";101;285;"CARIACICA";"Falta de Atenção à Condução";"Atropelamento de Pedestre";"Com Vítimas Feridas";"Anoitecer";"Crescente";"Garoa/Chuvisco";"Dupla";"Reta";"Não";2;0;2;0;0;0;2;2;-20,26618278;-40,38594604;"SPRF-ES";"DEL01-ES";"UOP01-DEL01-ES"
138077;2018-06-05;"terça-feira";"17:30:00";"RS";116;242,1;"SAO LEOPOLDO";"Falta de Atenção à Condução";"Colisão frontal";"Sem Vítimas";"Anoitecer";"Decrescente";"Nublado";"Simples";"Interseção de Vias";"Sim";2;0;0;0;1;1;0;2;-29,72356695;-51,14850819;"SPRF-RS";"DEL01-RS";"UOP02-DEL01-RS"
138078;2018-06-05;"terça-feira";"17:45:00";"RS";101;22,3;"TRES CACHOEIRAS";"Falta de Atenção à Condução";"Colisão transversal";"Com Vítimas Feridas";"Anoitecer";"Decrescente";"Nublado";"Dupla";"Retorno Regulamentado";"Sim";6;0;6;0;0;0;6;2;-29,44149427;-49,90321755;"SPRF-RS";"DEL03-RS";"DEL9/3-UOP03/RS"
138079;2018-06-05;"terça-feira";"17:50:00";"SC";101;229,3;"PALHOCA";"Ingestão de Álcool";"Colisão com objeto estático";"Com Vítimas Feridas";"Anoitecer";"Decrescente";"Chuva";"Dupla";"Reta";"Não";3;0;2;0;1;0;2;1;-27,7768;-48,6346;"SPRF-SC";"DEL01-SC";"UOP02-DEL01-SC"
138081;2018-05-15;"terça-feira";"13:40:00";"RS";386;341;"LAJEADO";"Desobediência às normas de trânsito pelo condutor";"Colisão transversal";"Com Vítimas Feridas";"Pleno dia";"Decrescente";"Nublado";"Simples";"Reta;Interseção de Vias";"Sim";4;0;2;0;2;0;2;2;-29,43436509;-52,00507164;"SPRF-RS";"DEL04-RS";"UOP01-DEL04-RS"
138084;2018-06-05;"terça-feira";"18:20:00";"SP";153;72,5;"SAO JOSE DO RIO PRETO";"Desobediência às normas de trânsito pelo condutor";"Colisão transversal";"Com Vítimas Feridas";"Anoitecer";"Crescente";"Céu Claro";"Simples";"Reta;Em Obras;Declive";"Sim";4;0;0;2;1;1;2;3;-20,87548356;-49,41944176;"SPRF-SP";"DEL09-SP";"UOP01-DEL09-SP"
138085;2018-06-05;"terça-feira";"18:35:00";"RS";116;261,7;"CANOAS";"Desobediência às normas de trânsito pelo condutor";"Tombamento";"Com Vítimas Feridas";"Plena Noite";"Decrescente";"Nublado";"Múltipla";"Reta";"Sim";2;0;1;0;0;1;1;2;-29,89063893;-51,17793286;"SPRF-RS";"DEL01-RS";"UOP01-DEL01-RS"
138086;2018-06-05;"terça-feira";"18:40:00";"PR";476;132;"CURITIBA";"Falta de Atenção à Condução";"Colisão lateral";"Com Vítimas Feridas";"Plena Noite";"Decrescente";"Nublado";"Múltipla";"Reta";"Sim";2;0;1;0;1;0;1;2;-25,46101893;-49,25041582;"SPRF-PR";"DEL01-PR";"UOP07-DEL01-PR"
138089;2018-06-05;"terça-feira";"19:00:00";"CE";116;2;"FORTALEZA";"Falta de Atenção à Condução";"Colisão transversal";"Com Vítimas Feridas";"Plena Noite";"Decrescente";"Céu Claro";"Dupla";"Reta";"Não";2;0;1;0;1;0;1;2;-3,77392574;-38,51586699;"SPRF-CE";"DEL01-CE";"UOP02-DEL01-CE"
138090;2018-06-05;"terça-feira";"17:55:00";"SC";101;158;"PORTO BELO";"Pista Escorregadia";"Engavetamento";"Sem Vítimas";"Anoitecer";"Crescente";"Chuva";"Dupla";"Reta";"Não";4;0;0;0;4;0;0;4;-27,199;-48,6146;"SPRF-SC";"DEL04-SC";"UOP03-DEL04-SC"
138092;2018-06-05;"terça-feira";"19:20:00";"PR";369;142;"IBIPORA";"Falta de Atenção do Pedestre";"Atropelamento de Pedestre";"Com Vítimas Feridas";"Plena Noite";"Crescente";"Nublado";"Simples";"Reta";"Sim";2;0;1;1;0;0;2;2;-23,288882;-51,081201;"SPRF-PR";"DEL07-PR";"UOP01-DEL07-PR"
138095;2018-06-05;"terça-feira";"19:15:00";"RJ";101;317;"SAO GONCALO";"Não guardar distância de segurança";"Colisão lateral";"Com Vítimas Feridas";"Plena Noite";"Crescente";"Chuva";"Dupla";"Reta";"Não";3;0;1;0;2;0;1;3;-22,837111;-43,094929;"SPRF-RJ";"DEL02-RJ";"DEL5/2-UOP04/RJ"
138099;2018-06-05;"terça-feira";"20:00:00";"CE";222;3;"FORTALEZA";"Falta de Atenção do Pedestre";"Atropelamento de Pedestre";"Com Vítimas Feridas";"Plena Noite";"Crescente";"Céu Claro";"Múltipla";"Reta";"Sim";2;0;1;0;1;0;1;2;-3,74011689;-38,59595776;"SPRF-CE";"DEL01-CE";"UOP01-DEL01-CE"
138101;2018-06-05;"terça-feira";"19:15:00";"RS";158;317,4;"SANTA MARIA";"Velocidade Incompatível";"Saída de leito carroçável";"Com Vítimas Feridas";"Plena Noite";"Decrescente";"Chuva";"Dupla";"Aclive;Curva";"Não";4;0;4;0;0;0;4;1;-29,66191176;-53,77545972;"SPRF-RS";"DEL09-RS";"UOP01-DEL09-RS"
138102;2018-06-05;"terça-feira";"19:35:00";"RS";116;113,3;"SAO MARCOS";"Ingestão de Substâncias Psicoativas";"Colisão transversal";"Com Vítimas Feridas";"Plena Noite";"Crescente";"Nublado";"Simples";"Reta";"Não";2;0;1;0;1;0;1;2;-28,95949729;-51,07930988;"SPRF-RS";"DEL05-RS";"UOP01-DEL05-RS"
138104;2018-06-05;"terça-feira";"20:10:00";"BA";324;355;"CAPIM GROSSO";"Falta de Atenção à Condução";"Colisão transversal";"Com Vítimas Feridas";"Plena Noite";"Crescente";"Garoa/Chuvisco";"Simples";"Reta";"Sim";4;0;1;0;1;2;1;2;-11,38295145;-40,0022614;"SPRF-BA";"DEL04-BA";"UOP02-DEL04-BA"
138105;2018-06-05;"terça-feira";"18:50:00";"RJ";40;121;"DUQUE DE CAXIAS";"Desobediência às normas de trânsito pelo pedestre";"Atropelamento de Pedestre";"Com Vítimas Feridas";"Plena Noite";"Crescente";"Garoa/Chuvisco";"Múltipla";"Reta";"Sim";3;0;0;1;2;0;1;3;-22,78747798;-43,28516722;"SPRF-RJ";"DEL01-RJ";"UOP01-DEL01-RJ"
138107;2018-06-05;"terça-feira";"19:45:00";"DF";60;4,4;"BRASILIA";"Falta de Atenção à Condução";"Saída de leito carroçável";"Com Vítimas Fatais";"Plena Noite";"Crescente";"Céu Claro";"Dupla";"Reta";"Sim";5;2;0;2;0;1;2;2;-15,89364987;-48,09918523;"SPRF-DF";"DEL01-DF";"UOP01-DEL03-DF"
138108;2018-06-05;"terça-feira";"19:20:00";"SC";101;163;"TIJUCAS";"Falta de Atenção à Condução";"Colisão transversal";"Com Vítimas Feridas";"Plena Noite";"Crescente";"Garoa/Chuvisco";"Dupla";"Reta";"Sim";2;0;1;0;1;0;1;2;-27,235;-48,6307;"SPRF-SC";"DEL04-SC";"UOP03-DEL04-SC"
138109;2018-06-05;"terça-feira";"19:10:00";"MS";262;377,7;"TERENOS";"Ingestão de Álcool";"Tombamento";"Com Vítimas Feridas";"Plena Noite";"Crescente";"Nublado";"Simples";"Curva";"Não";2;0;1;0;0;1;1;2;-20,473549;-54,841828;"SPRF-MS";"DEL01-MS";"UOP03-DEL01-MS"
138112;2018-06-05;"terça-feira";"18:40:00";"RO";319;58,3;"PORTO VELHO";"Falta de Atenção à Condução";"Colisão traseira";"Com Vítimas Feridas";"Plena Noite";"Crescente";"Céu Claro";"Dupla";"Reta";"Sim";2;0;1;0;0;1;1;2;-8,74293413;-63,90754849;"SPRF-RO";"DEL01-RO";"UOP01-DEL01-RO"
138113;2018-06-05;"terça-feira";"20:15:00";"GO";60;170,8;"GOIANIA";"Falta de Atenção à Condução";"Colisão lateral";"Com Vítimas Feridas";"Plena Noite";"Crescente";"Céu Claro";"Dupla";"Reta";"Não";2;0;1;0;1;0;1;2;-16,73094769;-49,38966036;"SPRF-GO";"DEL01-GO";"UOP02-DEL01-GO"
138114;2018-06-05;"terça-feira";"19:15:00";"ES";101;69;"SAO MATEUS";"Desobediência às normas de trânsito pelo condutor";"Colisão lateral";"Com Vítimas Feridas";"Plena Noite";"Decrescente";"Céu Claro";"Simples";"Reta";"Não";2;0;1;0;1;0;1;2;-18,73283467;-39,86030817;"SPRF-ES";"DEL04-ES";"UOP02-DEL04-ES"
138116;2018-06-05;"terça-feira";"21:14:00";"PR";376;190;"MARIALVA";"Ingestão de Álcool";"Capotamento";"Sem Vítimas";"Plena Noite";"Crescente";"Céu Claro";"Dupla";"Curva";"Não";2;0;0;0;2;0;0;1;-23,47074079;-51,82082248;"SPRF-PR";"DEL07-PR";"UOP01-DEL09-PR"
138121;2018-06-05;"terça-feira";"23:31:00";"RJ";40;87;"PETROPOLIS";"Falta de Atenção à Condução";"Colisão com objeto estático";"Sem Vítimas";"Plena Noite";"Decrescente";"Céu Claro";"Simples";"Reta";"Não";1;0;0;0;1;0;0;1;-22,5577;-43,2279;"SPRF-RJ";"DEL06-RJ";"UOP01-DEL06-RJ"
138126;2018-06-05;"terça-feira";"23:57:00";"MG";262;512;"LUZ";"Falta de Atenção à Condução";"Colisão traseira";"Com Vítimas Feridas";"Plena Noite";"Crescente";"Vento";"Simples";"Reta";"Não";1;0;1;0;0;0;1;1;-19,78883391;-45,57626724;"SPRF-MG";"DEL08-MG";"UOP03-DEL08-MG"
138127;2018-06-06;"quarta-feira";"01:30:00";"PR";376;166;"MARINGA";"Animais na Pista";"Atropelamento de Animal";"Com Vítimas Feridas";"Plena Noite";"Crescente";"Nublado";"Dupla";"Reta";"Não";1;0;1;0;0;0;1;1;-23,385746;-52,025302;"SPRF-PR";"DEL07-PR";"UOP01-DEL09-PR"
138132;2018-06-06;"quarta-feira";"04:34:00";"SP";116;218;"GUARULHOS";"Falta de Atenção à Condução";"Colisão com objeto estático";"Com Vítimas Feridas";"Plena Noite";"Decrescente";"Nublado";"Múltipla";"Reta;Aclive";"Sim";1;0;1;0;0;0;1;1;-23,45709656;-46,47811235;"SPRF-SP";"DEL01-SP";"UOP01-DEL01-SP"
138133;2018-06-06;"quarta-feira";"04:55:00";"SC";470;59;"BLUMENAU";"Falta de Atenção à Condução";"Colisão transversal";"Com Vítimas Feridas";"Plena Noite";"Decrescente";"Céu Claro";"Simples";"Rotatória";"Não";2;0;1;0;1;0;1;2;-26,88283739;-49,14156675;"SPRF-SC";"DEL04-SC";"UOP01-DEL04-SC"
138135;2018-06-06;"quarta-feira";"04:30:00";"CE";222;193,9;"FORQUILHA";"Animais na Pista";"Atropelamento de Animal";"Com Vítimas Feridas";"Plena Noite";"Crescente";"Céu Claro";"Simples";"Reta";"Não";1;0;0;1;0;0;1;1;-3,799094;-40,142708;"SPRF-CE";"DEL04-CE";"UOP03-DEL04-CE"
138137;2018-06-06;"quarta-feira";"05:30:00";"BA";324;615;"SIMOES FILHO";"Condutor Dormindo";"Colisão traseira";"Com Vítimas Feridas";"Amanhecer";"Crescente";"Nublado";"Múltipla";"Reta";"Não";1;0;1;0;0;0;1;1;-12,83623873;-38,41403961;"SPRF-BA";"DEL01-BA";"UOP01-DEL01-BA"
138139;2018-06-05;"terça-feira";"17:55:00";"SC";282;505;"XANXERE";"Falta de Atenção à Condução";"Colisão transversal";"Com Vítimas Feridas";"Plena Noite";"Decrescente";"Chuva";"Simples";"Viaduto";"Sim";2;0;1;0;1;0;1;2;-26,885883;-52,418762;"SPRF-SC";"DEL07-SC";"UOP01-DEL07-SC"
138140;2018-06-06;"quarta-feira";"06:45:00";"CE";116;43,8;"HORIZONTE";"Velocidade Incompatível";"Colisão lateral";"Com Vítimas Feridas";"Pleno dia";"Crescente";"Céu Claro";"Dupla";"Reta";"Sim";3;0;1;0;2;0;1;2;-4,12968235;-38,48339081;"SPRF-CE";"DEL01-CE";"UOP02-DEL01-CE"
138141;2018-05-12;"sábado";"21:00:00";"SP";381;89;"SAO PAULO";"Falta de Atenção à Condução";"Capotamento";"Com Vítimas Feridas";"Plena Noite";"Crescente";"Céu Claro";"Múltipla";"Reta";"Sim";2;0;1;0;1;0;1;2;-23,48704854;-46,55973835;"SPRF-SP";"DEL03-SP";"DEL6/3-UOP03/SP"
138145;2018-06-06;"quarta-feira";"02:30:00";"TO";230;75,2;"CACHOEIRINHA";"Animais na Pista";"Atropelamento de Animal";"Com Vítimas Fatais";"Plena Noite";"Crescente";"Céu Claro";"Simples";"Declive";"Não";1;1;0;0;0;0;0;1;-6,142698;-47,868122;"SPRF-TO";"DEL02-TO";"UOP03-DEL02-TO"
138147;2018-06-06;"quarta-feira";"07:45:00";"SC";101;213;"PALHOCA";"Desobediência às normas de trânsito pelo condutor";"Colisão traseira";"Com Vítimas Feridas";"Pleno dia";"Decrescente";"Sol";"Dupla";"Reta";"Sim";3;0;3;0;0;0;3;2;-27,64445432;-48,66950226;"SPRF-SC";"DEL01-SC";"UOP02-DEL01-SC"
138150;2018-06-06;"quarta-feira";"07:40:00";"RJ";40;123;"DUQUE DE CAXIAS";"Falta de Atenção à Condução";"Colisão lateral";"Com Vítimas Feridas";"Pleno dia";"Crescente";"Céu Claro";"Múltipla";"Reta";"Sim";2;0;1;0;1;0;1;2;-22,7968474;-43,2892557;"SPRF-RJ";"DEL01-RJ";"UOP01-DEL01-RJ"
138151;2018-06-06;"quarta-feira";"06:40:00";"MG";40;515,8;"RIBEIRAO DAS NEVES";"Não guardar distância de segurança";"Colisão traseira";"Com Vítimas Feridas";"Pleno dia";"Crescente";"Céu Claro";"Dupla";"Reta;Declive";"Sim";4;0;1;0;3;0;1;2;-19,819;-44,0869;"SPRF-MG";"DEL01-MG";"UOP03-DEL01-MG"
138155;2018-06-06;"quarta-feira";"07:30:00";"PI";343;601;"FLORIANO";"Falta de Atenção à Condução";"Atropelamento de Pedestre";"Com Vítimas Feridas";"Pleno dia";"Crescente";"Céu Claro";"Simples";"Reta";"Não";2;0;0;1;1;0;1;2;-6,837403;-43,07935;"SPRF-PI";"DEL03-PI";"UOP01-DEL03-PI"
138158;2018-06-06;"quarta-feira";"08:30:00";"SC";282;2;"FLORIANOPOLIS";"Desobediência às normas de trânsito pelo condutor";"Queda de ocupante de veículo";"Com Vítimas Feridas";"Pleno dia";"Decrescente";"Céu Claro";"Dupla";"Reta";"Sim";1;0;1;0;0;0;1;1;-27,603289;-48,590416;"SPRF-SC";"DEL01-SC";"UOP01-DEL01-SC"
138161;2018-06-06;"quarta-feira";"08:30:00";"RJ";101;67;"CAMPOS DOS GOYTACAZES";"Defeito Mecânico no Veículo";"Incêndio";"Sem Vítimas";"Pleno dia";"Decrescente";"Céu Claro";"Simples";"Reta";"Sim";1;0;0;0;1;0;0;1;-21,767511;-41,348763;"SPRF-RJ";"DEL08-RJ";"UOP02-DEL08-RJ"
138162;2018-06-06;"quarta-feira";"08:55:00";"CE";20;417,6;"MARACANAU";"Falta de Atenção à Condução";"Colisão transversal";"Com Vítimas Feridas";"Pleno dia";"Decrescente";"Céu Claro";"Simples";"Interseção de Vias";"Não";2;0;1;0;1;0;1;2;-3,83483829;-38,61102104;"SPRF-CE";"DEL01-CE";"UOP02-DEL01-CE"
138163;2018-06-06;"quarta-feira";"08:30:00";"SP";381;61;"MAIRIPORA";"Pista Escorregadia";"Capotamento";"Com Vítimas Feridas";"Pleno dia";"Crescente";"Nublado";"Múltipla";"Curva";"Sim";1;0;1;0;0;0;1;1;-23,28943707;-46,5810149;"SPRF-SP";"DEL03-SP";"UOP01-DEL03-SP"
138166;2018-04-28;"sábado";"14:15:00";"SC";101;132;"BALNEARIO CAMBORIU";"Falta de Atenção à Condução";"Colisão lateral";"Com Vítimas Feridas";"Pleno dia";"Crescente";"Céu Claro";"Simples";"Reta";"Sim";1;0;1;0;0;0;1;1;-26,9992;-48,646;"SPRF-SC";"DEL04-SC";"UOP03-DEL04-SC"
138167;2018-03-26;"segunda-feira";"21:00:00";"RN";101;85,7;"NATAL";"Defeito Mecânico no Veículo";"Colisão traseira";"Com Vítimas Feridas";"Plena Noite";"Decrescente";"Céu Claro";"Dupla";"Reta";"Não";5;0;1;1;3;0;2;3;-5,777664;-35,249371;"SPRF-RN";"DEL02-RN";"UOP01-DEL02-RN"
138168;2018-06-06;"quarta-feira";"09:00:00";"MG";381;453;"SABARA";"Falta de Atenção à Condução";"Colisão transversal";"Sem Vítimas";"Pleno dia";"Crescente";"Sol";"Simples";"Curva";"Sim";2;0;0;0;2;0;0;2;-19,831396;-43,844997;"SPRF-MG";"DEL01-MG";"UOP01-DEL01-MG"
138169;2018-05-18;"sexta-feira";"01:40:00";"MG";381;191,3;"PERIQUITO";"Animais na Pista";"Atropelamento de Animal";"Com Vítimas Feridas";"Plena Noite";"Crescente";"Ignorado";"Simples";"Reta";"Não";2;0;1;1;0;0;2;1;-19,08499332;-42,18707085;"SPRF-MG";"DEL06-MG";"UOP01-DEL06-MG"
138170;2018-06-06;"quarta-feira";"09:40:00";"SP";116;230;"SAO PAULO";"Não guardar distância de segurança";"Colisão traseira";"Com Vítimas Feridas";"Pleno dia";"Crescente";"Nublado";"Múltipla";"Reta";"Sim";2;0;2;0;0;0;2;2;-23,52003474;-46,58348233;"SPRF-SP";"DEL01-SP";"UOP01-DEL01-SP"
138171;2018-05-11;"sexta-feira";"18:30:00";"RS";116;160;"CAXIAS DO SUL";"Defeito Mecânico no Veículo";"Colisão traseira";"Sem Vítimas";"Anoitecer";"Crescente";"Nublado";"Simples";"Reta";"Sim";2;0;0;0;2;0;0;2;-29,2335;-51,157421;"SPRF-RS";"DEL05-RS";"UOP01-DEL05-RS"
138172;2018-06-06;"quarta-feira";"09:40:00";"PA";316;4,3;"ANANINDEUA";"Desobediência às normas de trânsito pelo condutor";"Colisão frontal";"Com Vítimas Feridas";"Pleno dia";"Decrescente";"Céu Claro";"Dupla";"Reta";"Sim";2;0;1;0;1;0;1;2;-1,38463608;-48,40533257;"SPRF-PA";"DEL01-PA";"DEL19/1-UOP05/PA"
138173;2018-06-06;"quarta-feira";"09:50:00";"PR";376;176,2;"MARINGA";"Ingestão de Álcool";"Colisão traseira";"Sem Vítimas";"Pleno dia";"Decrescente";"Nublado";"Simples";"Curva";"Sim";3;0;0;0;3;0;0;3;-23,412691;-51,931583;"SPRF-PR";"DEL07-PR";"UOP01-DEL09-PR"
138175;2018-06-06;"quarta-feira";"10:00:00";"RJ";101;282;"ITABORAI";"Falta de Atenção à Condução";"Colisão traseira";"Com Vítimas Feridas";"Pleno dia";"Decrescente";"Céu Claro";"Dupla";"Desvio Temporário;Reta;Em Obras";"Não";4;0;1;0;3;0;1;4;-22,73596374;-42,80243636;"SPRF-RJ";"DEL02-RJ";"UOP03-DEL02-RJ"
138176;2018-05-30;"quarta-feira";"18:30:00";"MA";316;262;"SANTA INES";"Animais na Pista";"Queda de ocupante de veículo";"Com Vítimas Feridas";"Anoitecer";"Crescente";"Céu Claro";"Múltipla";"Reta";"Sim";1;0;1;0;0;0;1;1;-3,675505;-45,380474;"SPRF-MA";"DEL02-MA";"UI04-DEL02-MA"
138178;2018-06-06;"quarta-feira";"10:40:00";"PE";423;93,9;"GARANHUNS";"Pista Escorregadia";"Colisão com objeto estático";"Com Vítimas Feridas";"Pleno dia";"Crescente";"Nublado";"Simples";"Curva;Viaduto";"Sim";2;0;2;0;0;0;2;1;-8,87621;-36,47297;"SPRF-PE";"DEL03-PE";"UOP01-DEL03-PE"
138179;2018-06-06;"quarta-feira";"11:00:00";"RJ";101;84;"CAMPOS DOS GOYTACAZES";"Falta de Atenção do Pedestre";"Atropelamento de Pedestre";"Com Vítimas Feridas";"Pleno dia";"Crescente";"Céu Claro";"Simples";"Reta";"Sim";2;0;1;0;1;0;1;2;-21,821377;-41,470249;"SPRF-RJ";"DEL08-RJ";"UOP02-DEL08-RJ"
138181;2018-06-06;"quarta-feira";"11:10:00";"PR";476;137;"CURITIBA";"Falta de Atenção à Condução";"Colisão lateral";"Com Vítimas Feridas";"Pleno dia";"Decrescente";"Nublado";"Múltipla";"Reta";"Sim";2;0;1;0;1;0;1;2;-25,498302;-49,277546;"SPRF-PR";"DEL01-PR";"UOP07-DEL01-PR"
138182;2018-06-06;"quarta-feira";"07:40:00";"MG";381;481;"BETIM";"Desobediência às normas de trânsito pelo condutor";"Colisão frontal";"Com Vítimas Feridas";"Pleno dia";"Crescente";"Céu Claro";"Simples";"Reta";"Sim";2;0;0;1;1;0;1;2;-19,95839624;-44,06189632;"SPRF-MG";"DEL01-MG";"UOP03-DEL01-MG"
138185;2018-06-06;"quarta-feira";"11:08:00";"GO";153;491,5;"GOIANIA";"Falta de Atenção à Condução";"Colisão traseira";"Com Vítimas Feridas";"Pleno dia";"Crescente";"Céu Claro";"Dupla";"Reta";"Sim";2;0;1;0;1;0;1;2;-16,639;-49,2063;"SPRF-GO";"DEL01-GO";"UOP01-DEL01-GO"
138186;2018-06-06;"quarta-feira";"11:40:00";"GO";153;506,9;"APARECIDA DE GOIANIA";"Falta de Atenção à Condução";"Saída de leito carroçável";"Com Vítimas Feridas";"Pleno dia";"Crescente";"Céu Claro";"Simples";"Reta";"Sim";1;0;1;0;0;0;1;1;-16,76041312;-49,24065828;"SPRF-GO";"DEL01-GO";"UOP01-DEL01-GO"
138187;2018-06-06;"quarta-feira";"09:48:00";"GO";153;502,1;"GOIANIA";"Não guardar distância de segurança";"Colisão traseira";"Com Vítimas Feridas";"Pleno dia";"Decrescente";"Sol";"Dupla";"Reta";"Sim";2;0;1;0;1;0;1;2;-16,7287;-49,2424;"SPRF-GO";"DEL01-GO";"UOP01-DEL01-GO"
138191;2018-06-06;"quarta-feira";"09:30:00";"ES";101;145;"LINHARES";"Falta de Atenção à Condução";"Colisão transversal";"Com Vítimas Feridas";"Pleno dia";"Decrescente";"Céu Claro";"Dupla";"Reta";"Não";2;0;1;0;1;0;1;2;-19,36921115;-40,0655508;"SPRF-ES";"DEL04-ES";"UOP01-DEL04-ES"
138192;2018-06-06;"quarta-feira";"11:00:00";"RO";319;64;"PORTO VELHO";"Avarias e/ou desgaste excessivo no pneu";"Atropelamento de Pedestre";"Com Vítimas Feridas";"Pleno dia";"Crescente";"Céu Claro";"Dupla";"Reta";"Sim";2;0;2;0;0;0;2;2;-8,76641632;-63,88408184;"SPRF-RO";"DEL01-RO";"UOP01-DEL01-RO"