"id";"data_inversa";"dia_semana";"horario";"uf";"br";"km";"municipio";"causa_acidente";"tipo_acidente";"classificacao_acidente";"fase_dia";"sentido_via";"condicao_metereologica";"tipo_pista";"tracado_via";"uso_solo";"pessoas";"mortos";"feridos_leves";"feridos_graves";"ilesos";"ignorados";"feridos";"veiculos";"latitude";"longitude";"regional";"delegacia";"uop"
138322;2018-06-06;"quarta-feira";"09:40:00";"MT";174;176;"PORTO ESPERIDIAO";"Falta de Atenção à Condução";"Colisão transversal";"Com Vítimas Feridas";"Pleno dia";"Decrescente";"Céu Claro";"Simples";"Interseção de Vias";"Não";2;0;1;0;1;0;1;2;-15,85154521;-58,52820396;"SPRF-MT";"DEL03-MT";"UOP01-DEL03-MT"
138327;2018-06-07;"quinta-feira";"07:00:00";"PR";277;111,1;"CAMPO LARGO";"Pista Escorregadia";"Saída de leito carroçável";"Com Vítimas Feridas";"Pleno dia";"Crescente";"Chuva";"Dupla";"Reta";"Não";1;0;1;0;0;0;1;1;-25,443659;-49,46252;"SPRF-PR";"DEL01-PR";"UOP06-DEL01-PR"
138332;2018-06-07;"quinta-feira";"08:10:00";"GO";50;280,7;"CATALAO";"Falta de Atenção à Condução";"Colisão lateral";"Com Vítimas Feridas";"Pleno dia";"Crescente";"Céu Claro";"Simples";"Interseção de Vias";"Sim";3;0;2;0;1;0;2;2;-18,18183732;-47,94143915;"SPRF-GO";"DEL06-GO";"UOP01-DEL06-GO"
138333;2018-06-06;"quarta-feira";"15:00:00";"MT";174;582,6;"COMODORO";"Não guardar distância de segurança";"Colisão traseira";"Com Vítimas Fatais";"Pleno dia";"Decrescente";"Céu Claro";"Simples";"Reta";"Não";2;1;0;0;0;1;0;2;-12,89445;-60,055592;"SPRF-RO";"DEL04-RO";"UOP01-DEL04-RO"
138334;2018-06-07;"quinta-feira";"07:50:00";"SP";116;218,9;"GUARULHOS";"Não guardar distância de segurança";"Colisão traseira";"Com Vítimas Feridas";"Pleno dia";"Crescente";"Nublado";"Múltipla";"Reta";"Sim";3;0;1;0;2;0;1;3;-23,4621166;-46,4920089;"SPRF-SP";"DEL01-SP";"UOP01-DEL01-SP"
138337;2018-06-06;"quarta-feira";"23:30:00";"PI";316;311,8;"PICOS";"Ingestão de Álcool";"Colisão frontal";"Sem Vítimas";"Plena Noite";"Crescente";"Céu Claro";"Simples";"Reta";"Sim";2;0;0;0;2;0;0;2;-7,0775655;-41,46416187;"SPRF-PI";"DEL04-PI";"UOP01-DEL04-PI"
138338;2018-06-07;"quinta-feira";"07:50:00";"BA";324;619;"SALVADOR";"Não guardar distância de segurança";"Colisão traseira";"Com Vítimas Feridas";"Pleno dia";"Crescente";"Chuva";"Múltipla";"Reta";"Sim";4;0;1;0;3;0;1;3;-12,88711448;-38,44081879;"SPRF-BA";"DEL01-BA";"UOP01-DEL01-BA"
138342;2018-06-07;"quinta-feira";"08:50:00";"PA";163;987;"SANTAREM";"Falta de Atenção do Pedestre";"Atropelamento de Pedestre";"Com Vítimas Feridas";"Pleno dia";"Decrescente";"Garoa/Chuvisco";"Simples";"Reta";"Sim";2;0;1;0;1;0;1;2;-2,58091385;-54,72118378;"SPRF-PA";"DEL05-PA";"UOP01-DEL05-PA"
138347;2018-06-07;"quinta-feira";"06:10:00";"SP";153;18,2;"NOVA GRANADA";"Desobediência às normas de trânsito pelo condutor";"Colisão transversal";"Com Vítimas Feridas";"Amanhecer";"Decrescente";"Nublado";"Simples";"Reta";"Não";2;0;0;2;0;0;2;2;-20,4893;-49,30878;"SPRF-SP";"DEL09-SP";"UOP01-DEL09-SP"
138351;2018-06-07;"quinta-feira";"07:30:00";"MT";70;516,9;"VARZEA GRANDE";"Falta de Atenção à Condução";"Colisão transversal";"Com Vítimas Feridas";"Pleno dia";"Crescente";"Nublado";"Simples";"Reta";"Sim";2;0;1;0;1;0;1;2;-15,70204417;-56,16004944;"SPRF-MT";"DEL01-MT";"DEL2/4-UOP02/MT"
138352;2018-06-07;"quinta-feira";"01:50:00";"RJ";493;4;"ITABORAI";"Falta de Atenção à Condução";"Colisão traseira";"Com Vítimas Fatais";"Plena Noite";"Crescente";"Céu Claro";"Simples";"Reta";"Não";3;2;0;0;1;0;0;3;-22,748209;-42,95015;"SPRF-RJ";"DEL04-RJ";"UOP02-DEL04-RJ"
138353;2018-06-07;"quinta-feira";"07:50:00";"SC";101;97,2;"BALNEARIO PICARRAS";"Falta de Atenção à Condução";"Saída de leito carroçável";"Com Vítimas Feridas";"Pleno dia";"Crescente";"Chuva";"Dupla";"Reta";"Não";1;0;1;0;0;0;1;1;-26,73418926;-48,7002039;"SPRF-SC";"DEL03-SC";"UOP02-DEL03-SC"
138355;2018-06-07;"quinta-feira";"07:00:00";"RJ";116;171;"SAO JOAO DE MERITI";"Falta de Atenção à Condução";"Colisão lateral";"Com Vítimas Feridas";"Pleno dia";"Decrescente";"Chuva";"Múltipla";"Reta";"Sim";2;0;0;1;0;1;1;2;-22,78275969;-43,3864072;"SPRF-RJ";"DEL01-RJ";"UOP02-DEL01-RJ"
138356;2018-06-07;"quinta-feira";"07:50:00";"SP";116;225,5;"GUARULHOS";"Não guardar distância de segurança";"Colisão traseira";"Com Vítimas Feridas";"Pleno dia";"Crescente";"Nublado";"Múltipla";"Reta";"Sim";2;0;1;0;1;0;1;2;-23,48905866;-46,54626131;"SPRF-SP";"DEL01-SP";"UOP01-DEL01-SP"
138358;2018-05-19;"sábado";"03:00:00";"MS";163;494,7;"CAMPO GRANDE";"Falta de Atenção à Condução";"Saída de leito carroçável";"Com Vítimas Feridas";"Plena Noite";"Decrescente";"Chuva";"Simples";"Reta";"Não";1;0;0;1;0;0;1;1;-20,36265261;-54,52720642;"SPRF-MS";"DEL01-MS";"UOP02-DEL01-MS"
138363;2018-05-17;"quinta-feira";"19:00:00";"PR";369;202,1;"APUCARANA";"Falta de Atenção à Condução";"Tombamento";"Com Vítimas Feridas";"Plena Noite";"Crescente";"Ignorado";"Simples";"Reta";"Sim";1;0;1;0;0;0;1;1;-23,54431725;-51,45405823;"SPRF-PR";"DEL07-PR";"UOP03-DEL07-PR"
138364;2018-06-06;"quarta-feira";"21:30:00";"TO";153;360;"FORTALEZA DO TABOCAO";"Desobediência às normas de trânsito pelo condutor";"Colisão frontal";"Com Vítimas Fatais";"Plena Noite";"Decrescente";"Céu Claro";"Simples";"Reta";"Sim";1;1;0;0;0;0;0;1;-9,0704;-48,52154;"SPRF-TO";"DEL02-TO";"UOP02-DEL02-TO"
138365;2018-06-07;"quinta-feira";"07:30:00";"SP";381;89;"GUARULHOS";"Pista Escorregadia";"Tombamento";"Com Vítimas Feridas";"Pleno dia";"Crescente";"Chuva";"Dupla";"Reta";"Não";1;0;1;0;0;0;1;1;-23,48489636;-46,55962944;"SPRF-SP";"DEL03-SP";"DEL6/3-UOP03/SP"
138367;2018-06-07;"quinta-feira";"08:29:00";"MT";163;775;"SORRISO";"Objeto estático sobre o leito carroçável";"Danos eventuais";"Sem Vítimas";"Pleno dia";"Decrescente";"Céu Claro";"Simples";"Aclive";"Não";1;0;0;0;1;0;0;1;-12,33597711;-55,58979034;"SPRF-MT";"DEL06-MT";"UOP01-DEL06-MT"
138368;2018-06-07;"quinta-feira";"10:15:00";"GO";70;8;"AGUAS LINDAS DE GOIAS";"Falta de Atenção à Condução";"Colisão lateral";"Com Vítimas Feridas";"Pleno dia";"Decrescente";"Céu Claro";"Dupla";"Reta;Declive";"Sim";3;0;1;1;1;0;2;2;-15,7375;-48,2739;"SPRF-DF";"DEL01-DF";"UOP02-DEL03-DF"
138370;2018-05-05;"sábado";"18:40:00";"PB";230;167,6;"CAMPINA GRANDE";"Falta de Atenção à Condução";"Colisão frontal";"Com Vítimas Feridas";"Plena Noite";"Crescente";"Nublado";"Simples";"Reta";"Não";3;0;1;0;0;2;1;2;-7,19167741;-35,96589088;"SPRF-PB";"DEL02-PB";"UOP02-DEL02-PB"
138371;2018-06-07;"quinta-feira";"10:05:00";"SP";116;230,4;"SAO PAULO";"Falta de Atenção à Condução";"Colisão lateral";"Com Vítimas Feridas";"Pleno dia";"Decrescente";"Nublado";"Múltipla";"Reta";"Sim";3;0;1;0;0;2;1;3;-23,51547589;-46,57902718;"SPRF-SP";"DEL01-SP";"UOP01-DEL01-SP"
138372;2018-05-22;"terça-feira";"05:15:00";"MG";40;557,5;"NOVA LIMA";"Condutor Dormindo";"Saída de leito carroçável";"Com Vítimas Feridas";"Plena Noite";"Crescente";"Céu Claro";"Dupla";"Curva";"Sim";5;0;5;0;0;0;5;1;-20,1116;-43,9714;"SPRF-MG";"DEL01-MG";"UOP02-DEL01-MG"
138373;2018-06-07;"quinta-feira";"10:40:00";"CE";20;390;"CAUCAIA";"Falta de Atenção à Condução";"Colisão lateral";"Com Vítimas Feridas";"Pleno dia";"Decrescente";"Nublado";"Simples";"Reta";"Não";3;0;2;1;0;0;3;2;-3,84657069;-38,77575159;"SPRF-CE";"DEL01-CE";"UOP01-DEL01-CE"
138374;2018-06-07;"quinta-feira";"10:20:00";"ES";101;290,9;"CARIACICA";"Desobediência às normas de trânsito pelo condutor";"Colisão transversal";"Com Vítimas Feridas";"Pleno dia";"Crescente";"Céu Claro";"Dupla";"Reta;Interseção de Vias";"Sim";2;0;1;0;1;0;1;2;-20,31629664;-40,39672852;"SPRF-ES";"DEL01-ES";"UOP01-DEL01-ES"
138375;2018-04-20;"sexta-feira";"18:00:00";"PE";104;87;"AGRESTINA";"Falta de Atenção do Pedestre";"Atropelamento de Pedestre";"Com Vítimas Feridas";"Plena Noite";"Crescente";"Céu Claro";"Simples";"Reta";"Sim";3;0;2;0;1;0;2;2;-8,4598396;-35,9411931;"SPRF-PE";"DEL02-PE";"UOP01-DEL02-PE"
138378;2018-06-07;"quinta-feira";"08:45:00";"PE";104;63,9;"CARUARU";"Falta de Atenção à Condução";"Colisão transversal";"Sem Vítimas";"Pleno dia";"Decrescente";"Nublado";"Simples";"Reta";"Sim";2;0;0;0;2;0;0;2;-8,279424;-35,981279;"SPRF-PE";"DEL02-PE";"UOP01-DEL02-PE"
138380;2018-06-07;"quinta-feira";"10:00:00";"SP";381;61;"MAIRIPORA";"Velocidade Incompatível";"Colisão com objeto estático";"Com Vítimas Feridas";"Pleno dia";"Decrescente";"Garoa/Chuvisco";"Dupla";"Curva";"Não";3;0;2;0;1;0;2;3;-23,2889792;-46,5813716;"SPRF-SP";"DEL03-SP";"UOP01-DEL03-SP"
138381;2018-05-19;"sábado";"09:33:00";"PB";104;114;"LAGOA SECA";"Desobediência às normas de trânsito pelo condutor";"Colisão transversal";"Com Vítimas Feridas";"Pleno dia";"Decrescente";"Céu Claro";"Simples";"Reta";"Sim";4;0;2;0;0;2;2;3;-7,15844026;-35,85507777;"SPRF-PB";"DEL02-PB";"UOP04-DEL02-PB"
138382;2018-05-07;"segunda-feira";"00:45:00";"BA";415;61;"ITABUNA";"Animais na Pista";"Saída de leito carroçável";"Com Vítimas Feridas";"Plena Noite";"Decrescente";"Ignorado";"Simples";"Reta";"Não";1;0;1;0;0;0;1;1;-14,814651;-39,296741;"SPRF-BA";"DEL05-BA";"UOP01-DEL05-BA"
138383;2018-05-20;"domingo";"03:00:00";"MS";267;390,8;"MARACAJU";"Velocidade Incompatível";"Saída de leito carroçável";"Com Vítimas Feridas";"Plena Noite";"Crescente";"Céu Claro";"Simples";"Reta";"Não";3;0;0;3;0;0;3;1;-21,617343;-55,390216;"SPRF-MS";"DEL05-MS";"UOP01-DEL05-MS"
138384;2018-06-07;"quinta-feira";"11:05:00";"SC";101;339,1;"TUBARAO";"Desobediência às normas de trânsito pelo condutor";"Colisão transversal";"Com Vítimas Feridas";"Pleno dia";"Crescente";"Céu Claro";"Simples";"Interseção de Vias";"Sim";2;0;0;1;1;0;1;2;-28,4883344;-49,03851335;"SPRF-SC";"DEL02-SC";"UOP01-DEL02-SC"
138386;2018-06-07;"quinta-feira";"09:00:00";"RJ";101;321;"NITEROI";"Não guardar distância de segurança";"Colisão lateral";"Com Vítimas Feridas";"Pleno dia";"Crescente";"Garoa/Chuvisco";"Dupla";"Reta";"Não";3;0;1;0;2;0;1;3;-22,8759557;-43,1117034;"SPRF-RJ";"DEL02-RJ";"UOP02-DEL02-RJ"
138387;2018-06-07;"quinta-feira";"11:40:00";"GO";364;299;"MINEIROS";"Desobediência às normas de trânsito pelo condutor";"Colisão transversal";"Com Vítimas Feridas";"Pleno dia";"Crescente";"Céu Claro";"Dupla";"Interseção de Vias";"Sim";6;0;3;0;3;0;3;2;-17,559059;-52,528431;"SPRF-GO";"DEL05-GO";"UOP01-DEL05-GO"
138389;2018-06-07;"quinta-feira";"10:30:00";"SP";116;503;"CAJATI";"Pista Escorregadia";"Saída de leito carroçável";"Com Vítimas Feridas";"Pleno dia";"Crescente";"Garoa/Chuvisco";"Simples";"Curva";"Não";3;0;2;0;1;0;2;1;-24,77859127;-48,2114625;"SPRF-SP";"DEL05-SP";"UAP01-DEL05-SP"
138390;2018-06-07;"quinta-feira";"11:50:00";"SC";470;72,5;"INDAIAL";"Falta de Atenção à Condução";"Colisão transversal";"Com Vítimas Feridas";"Pleno dia";"Decrescente";"Nublado";"Simples";"Reta";"Não";2;0;0;1;1;0;1;2;-26,90562941;-49,27209914;"SPRF-SC";"DEL04-SC";"UOP01-DEL04-SC"
138394;2018-06-07;"quinta-feira";"08:40:00";"SC";282;553,9;"NOVA ITABERABA";"Avarias e/ou desgaste excessivo no pneu";"Saída de leito carroçável";"Com Vítimas Feridas";"Pleno dia";"Decrescente";"Nublado";"Simples";"Curva";"Não";2;0;2;0;0;0;2;1;-26,9535188;-52,77801991;"SPRF-SC";"DEL07-SC";"UOP01-DEL07-SC"
138395;2018-06-07;"quinta-feira";"11:25:00";"RO";319;62;"PORTO VELHO";"Falta de Atenção do Pedestre";"Atropelamento de Pedestre";"Com Vítimas Feridas";"Pleno dia";"Decrescente";"Céu Claro";"Dupla";"Reta;Interseção de Vias";"Sim";2;0;1;0;1;0;1;2;-8,74908131;-63,88786402;"SPRF-RO";"DEL01-RO";"UOP01-DEL01-RO"
138396;2018-05-18;"sexta-feira";"23:59:00";"SC";101;202,4;"SAO JOSE";"Falta de Atenção do Pedestre";"Atropelamento de Pedestre";"Com Vítimas Feridas";"Plena Noite";"Decrescente";"Céu Claro";"Dupla";"Reta";"Sim";2;0;1;0;1;0;1;2;-27,55697484;-48,61892214;"SPRF-SC";"DEL01-SC";"UOP01-DEL01-SC"
138400;2018-06-07;"quinta-feira";"11:10:00";"ES";101;207;"JOAO NEIVA";"Não guardar distância de segurança";"Colisão traseira";"Com Vítimas Feridas";"Pleno dia";"Decrescente";"Céu Claro";"Simples";"Reta";"Não";2;0;1;0;1;0;1;2;-19,777987;-40,372132;"SPRF-ES";"DEL02-ES";"UOP01-DEL02-ES"
138402;2018-06-07;"quinta-feira";"11:30:00";"RR";174;501;"BOA VISTA";"Velocidade Incompatível";"Capotamento";"Com Vítimas Feridas";"Pleno dia";"Crescente";"Céu Claro";"Dupla";"Reta";"Não";1;0;1;0;0;0;1;1;2,784155;-60,701541;"SPRF-RR";"DEL01-RR";"UOP01-DEL01-RR"
138403;2018-06-07;"quinta-feira";"08:00:00";"AC";364;136;"RIO BRANCO";"Desobediência às normas de trânsito pelo condutor";"Colisão lateral";"Com Vítimas Feridas";"Pleno dia";"Crescente";"Nublado";"Dupla";"Reta";"Sim";2;0;1;0;1;0;1;2;-9,97007636;-67,85244042;"SPRF-AC";"DEL01-AC";"UOP01-DEL01-AC"
138405;2018-06-07;"quinta-feira";"12:15:00";"RS";285;455,9;"IJUI";"Falta de Atenção à Condução";"Tombamento";"Com Vítimas Feridas";"Pleno dia";"Decrescente";"Céu Claro";"Simples";"Reta";"Sim";2;0;1;0;0;1;1;2;-28,385244;-53,888424;"SPRF-RS";"DEL10-RS";"UOP01-DEL10-RS"
138407;2018-06-07;"quinta-feira";"07:50:00";"RJ";101;478;"ANGRA DOS REIS";"Pista Escorregadia";"Colisão frontal";"Com Vítimas Feridas";"Pleno dia";"Decrescente";"Garoa/Chuvisco";"Simples";"Curva";"Não";3;0;3;0;0;0;3;2;-23,00250074;-44,27078784;"SPRF-RJ";"DEL03-RJ";"UOP03-DEL03-RJ"
138408;2018-05-14;"segunda-feira";"08:15:00";"RS";158;359;"DILERMANDO DE AGUIAR";"Falta de Atenção à Condução";"Colisão transversal";"Sem Vítimas";"Pleno dia";"Decrescente";"Nublado";"Simples";"Curva";"Não";2;0;0;0;2;0;0;2;-29,776739;-54,099648;"SPRF-RS";"DEL09-RS";"UOP01-DEL09-RS"
138409;2018-06-07;"quinta-feira";"11:35:00";"RJ";101;489;"ANGRA DOS REIS";"Desobediência às normas de trânsito pelo condutor";"Colisão lateral";"Com Vítimas Feridas";"Pleno dia";"Decrescente";"Nublado";"Simples";"Reta";"Não";2;0;1;0;1;0;1;2;-22,95618041;-44,30341423;"SPRF-RJ";"DEL03-RJ";"UOP03-DEL03-RJ"
138410;2018-06-07;"quinta-feira";"13:10:00";"RJ";101;469;"ANGRA DOS REIS";"Velocidade Incompatível";"Tombamento";"Com Vítimas Feridas";"Pleno dia";"Crescente";"Nublado";"Simples";"Curva";"Sim";1;0;1;0;0;0;1;1;-23,010608;-44,228547;"SPRF-RJ";"DEL03-RJ";"UOP03-DEL03-RJ"
138411;2018-06-07;"quinta-feira";"13:30:00";"PR";373;407,1;"CANDOI";"Falta de Atenção à Condução";"Capotamento";"Com Vítimas Feridas";"Pleno dia";"Crescente";"Céu Claro";"Simples";"Reta";"Não";1;0;1;0;0;0;1;1;-25,622854;-52,07385;"SPRF-PR";"DEL03-PR";"UOP01-DEL08-PR"
138418;2018-06-07;"quinta-feira";"13:45:00";"GO";60;106,9;"GOIANAPOLIS";"Falta de Atenção à Condução";"Colisão lateral";"Sem Vítimas";"Pleno dia";"Decrescente";"Céu Claro";"Múltipla";"Reta";"Não";5;0;0;0;5;0;0;2;-16,43888415;-49,01889324;"SPRF-GO";"DEL02-GO";"UOP01-DEL02-GO"
138422;2018-06-07;"quinta-feira";"13:30:00";"PI";343;4,4;"TERESINA";"Desobediência às normas de trânsito pelo pedestre";"Atropelamento de Pedestre";"Com Vítimas Feridas";"Pleno dia";"Crescente";"Céu Claro";"Múltipla";"Reta";"Sim";2;0;0;2;0;0;2;2;-5,08008659;-42,78833091;"SPRF-PI";"DEL01-PI";"UOP01-DEL01-PI"
138425;2018-06-07;"quinta-feira";"14:25:00";"SE";101;74,2;"MARUIM";"Desobediência às normas de trânsito pelo condutor";"Colisão transversal";"Com Vítimas Feridas";"Pleno dia";"Decrescente";"Nublado";"Simples";"Aclive";"Não";2;0;0;1;1;0;1;2;-10,7680269;-37,11765271;"SPRF-SE";"DEL01-SE";"UOP01-DEL01-SE"
138426;2018-06-07;"quinta-feira";"12:40:00";"MG";267;12,7;"LEOPOLDINA";"Mal Súbito";"Tombamento";"Com Vítimas Feridas";"Pleno dia";"Decrescente";"Céu Claro";"Simples";"Curva";"Não";1;0;1;0;0;0;1;1;-21,58040809;-42,72464622;"SPRF-MG";"DEL07-MG";"UOP01-DEL07-MG"
138427;2018-06-07;"quinta-feira";"15:00:00";"GO";40;19,5;"LUZIANIA";"Falta de Atenção à Condução";"Colisão transversal";"Com Vítimas Feridas";"Pleno dia";"Decrescente";"Sol";"Dupla";"Reta";"Sim";2;0;1;0;1;0;1;2;-16,20441346;-47,91974008;"SPRF-DF";"DEL01-DF";"UOP01-DEL01-DF"
138429;2018-06-07;"quinta-feira";"12:40:00";"PR";376;664,3;"GUARATUBA";"Velocidade Incompatível";"Saída de leito carroçável";"Com Vítimas Feridas";"Pleno dia";"Crescente";"Chuva";"Dupla";"Reta";"Não";1;0;1;0;0;0;1;1;-25,85503341;-48,95945013;"SPRF-PR";"DEL01-PR";"DEL7/1-UOP08/PR"
138430;2018-06-07;"quinta-feira";"14:30:00";"ES";101;295;"CARIACICA";"Desobediência às normas de trânsito pelo condutor";"Colisão lateral";"Com Vítimas Feridas";"Pleno dia";"Crescente";"Céu Claro";"Múltipla";"Reta";"Sim";3;0;2;0;1;0;2;2;-20,33385782;-40,40116757;"SPRF-ES";"DEL01-ES";"UOP01-DEL01-ES"
138431;2018-06-07;"quinta-feira";"15:23:00";"DF";70;16,3;"BRASILIA";"Falta de Atenção à Condução";"Colisão lateral";"Com Vítimas Feridas";"Pleno dia";"Crescente";"Céu Claro";"Dupla";"Rotatória";"Não";2;0;1;0;1;0;1;2;-15,79541265;-48,19661379;"SPRF-DF";"DEL01-DF";"UOP02-DEL03-DF"
138432;2018-06-07;"quinta-feira";"15:20:00";"SC";470;144,6;"RIO DO SUL";"Falta de Atenção à Condução";"Colisão transversal";"Com Vítimas Feridas";"Pleno dia";"Crescente";"Céu Claro";"Simples";"Reta";"Sim";2;0;1;0;1;0;1;2;-27,21848528;-49,65608418;"SPRF-SC";"DEL04-SC";"UOP02-DEL04-SC"
138434;2018-06-07;"quinta-feira";"15:20:00";"CE";222;5;"CAUCAIA";"Falta de Atenção à Condução";"Colisão lateral";"Com Vítimas Feridas";"Pleno dia";"Decrescente";"Céu Claro";"Múltipla";"Reta";"Sim";3;0;1;0;2;0;1;2;-3,74323233;-38,61423433;"SPRF-CE";"DEL01-CE";"UOP01-DEL01-CE"
138435;2018-06-06;"quarta-feira";"21:00:00";"MG";365;449,5;"GUIMARANIA";"Não guardar distância de segurança";"Colisão traseira";"Com Vítimas Feridas";"Plena Noite";"Decrescente";"Céu Claro";"Simples";"Reta";"Não";6;0;2;0;4;0;2;2;-18,82886;-46,80604;"SPRF-MG";"DEL10-MG";"UOP01-DEL10-MG"
138436;2018-06-07;"quinta-feira";"13:40:00";"RO";319;64;"PORTO VELHO";"Falta de Atenção à Condução";"Colisão transversal";"Com Vítimas Feridas";"Pleno dia";"Decrescente";"Nublado";"Dupla";"Reta";"Sim";2;0;1;0;1;0;1;2;-8,76970339;-63,88356686;"SPRF-RO";"DEL01-RO";"UOP01-DEL01-RO"
138437;2018-06-07;"quinta-feira";"08:35:00";"SP";116;120,1;"CACAPAVA";"Falta de Atenção à Condução";"Tombamento";"Com Vítimas Feridas";"Pleno dia";"Decrescente";"Nublado";"Dupla";"Reta";"Não";1;0;1;0;0;0;1;1;-23,071577;-45,644619;"SPRF-SP";"DEL06-SP";"UOP02-DEL02-SP"
138439;2018-06-07;"quinta-feira";"14:50:00";"MG";40;624,5;"CONSELHEIRO LAFAIETE";"Falta de Atenção à Condução";"Saída de leito carroçável";"Com Vítimas Feridas";"Pleno dia";"Crescente";"Nublado";"Simples";"Curva;Declive";"Não";1;0;1;0;0;0;1;1;-20,6150678;-43,8047111;"SPRF-MG";"DEL05-MG";"UOP02-DEL05-MG"
138440;2018-06-07;"quinta-feira";"15:00:00";"MG";40;643,2;"CONSELHEIRO LAFAIETE";"Velocidade Incompatível";"Saída de leito carroçável";"Com Vítimas Feridas";"Pleno dia";"Decrescente";"Chuva";"Simples";"Curva";"Não";5;0;5;0;0;0;5;1;-20,7805;-43,8116;"SPRF-MG";"DEL05-MG";"UOP02-DEL05-MG"
138442;2018-05-18;"sexta-feira";"21:35:00";"MS";163;465,5;"CAMPO GRANDE";"Ingestão de Álcool";"Colisão traseira";"Com Vítimas Feridas";"Plena Noite";"Decrescente";"Céu Claro";"Simples";"Viaduto";"Não";3;0;0;1;2;0;1;2;-20,5942232;-54,58076477;"SPRF-MS";"DEL01-MS";"UOP01-DEL01-MS"
138444;2018-06-07;"quinta-feira";"14:10:00";"PI";343;344,5;"TERESINA";"Desobediência às normas de trânsito pelo condutor";"Colisão lateral";"Com Vítimas Feridas";"Pleno dia";"Crescente";"Céu Claro";"Simples";"Reta";"Sim";2;0;0;1;1;0;1;2;-5,09822699;-42,76446193;"SPRF-PI";"DEL01-PI";"UOP01-DEL01-PI"
138446;2018-06-07;"quinta-feira";"06:50:00";"SC";101;212,1;"PALHOCA";"Não guardar distância de segurança";"Colisão traseira";"Com Vítimas Feridas";"Pleno dia";"Decrescente";"Nublado";"Simples";"Reta";"Sim";3;0;1;0;2;0;1;2;-27,6372;-48,6651;"SPRF-SC";"DEL01-SC";"UOP02-DEL01-SC"
138447;2018-06-07;"quinta-feira";"15:50:00";"MG";356;267,2;"MURIAE";"Falta de Atenção à Condução";"Colisão transversal";"Com Vítimas Feridas";"Pleno dia";"Crescente";"Céu Claro";"Simples";"Reta";"Sim";2;0;1;0;1;0;1;2;-21,125824;-42,355678;"SPRF-MG";"DEL07-MG";"UOP02-DEL07-MG"
138448;2018-01-26;"sexta-feira";"17:00:00";"ES";262;137;"MUNIZ FREIRE";"Defeito na Via";"Capotamento";"Com Vítimas Feridas";"Pleno dia";"Decrescente";"Chuva";"Simples";"Curva";"Não";1;0;1;0;0;0;1;1;-20,2347;-41,3477;"SPRF-ES";"DEL01-ES";"UOP02-DEL01-ES"
138449;2018-06-07;"quinta-feira";"14:10:00";"AP";210;2;"MACAPA";"Desobediência às normas de trânsito pelo condutor";"Colisão transversal";"Com Vítimas Feridas";"Pleno dia";"Decrescente";"Céu Claro";"Simples";"Interseção de Vias";"Sim";4;0;1;0;3;0;1;3;0,08213994;-51,07740283;"SPRF-AP";"DEL01-AP";"UOP01-DEL01-AP"
138450;2018-05-10;"quinta-feira";"18:20:00";"PB";110;91,9;"PATOS";"Desobediência às normas de trânsito pelo condutor";"Colisão transversal";"Com Vítimas Feridas";"Plena Noite";"Crescente";"Céu Claro";"Simples";"Curva";"Sim";6;0;1;4;0;1;5;3;-7,009966;-37,29311;"SPRF-PB";"DEL03-PB";"UOP01-DEL03-PB"
138451;2018-06-07;"quinta-feira";"16:25:00";"PB";230;0,3;"PATOS";"Velocidade Incompatível";"Saída de leito carroçável";"Com Vítimas Feridas";"Pleno dia";"Crescente";"Céu Claro";"Simples";"Reta";"Sim";5;0;4;0;0;1;4;2;-7,00717;-37,297719;"SPRF-PB";"DEL01-PB";"UOP01-DEL01-PB"
138452;2018-06-07;"quinta-feira";"13:20:00";"ES";101;270,8;"SERRA";"Falta de Atenção à Condução";"Queda de ocupante de veículo";"Com Vítimas Feridas";"Pleno dia";"Decrescente";"Sol";"Simples";"Reta";"Sim";1;0;1;0;0;0;1;1;-20,23127464;-40,27347565;"SPRF-ES";"DEL02-ES";"UOP01-DEL02-ES"
138453;2018-06-07;"quinta-feira";"13:40:00";"MG";146;597,7;"POCOS DE CALDAS";"Falta de Atenção à Condução";"Colisão transversal";"Com Vítimas Feridas";"Pleno dia";"Crescente";"Céu Claro";"Simples";"Reta";"Não";2;0;1;0;1;0;1;2;-21,75949973;-46,40659332;"SPRF-MG";"DEL09-MG";"UOP01-DEL09-MG"
138454;2018-06-07;"quinta-feira";"16:50:00";"MG";381;481,2;"CONTAGEM";"Avarias e/ou desgaste excessivo no pneu";"Colisão traseira";"Com Vítimas Feridas";"Anoitecer";"Decrescente";"Céu Claro";"Dupla";"Reta;Declive";"Sim";2;0;2;0;0;0;2;2;-19,96147937;-44,06850814;"SPRF-MG";"DEL01-MG";"UOP03-DEL01-MG"
138455;2018-06-07;"quinta-feira";"16:45:00";"DF";70;3,3;"BRASILIA";"Falta de Atenção à Condução";"Colisão lateral";"Com Vítimas Feridas";"Pleno dia";"Decrescente";"Céu Claro";"Dupla";"Retorno Regulamentado";"Sim";2;0;1;0;1;0;1;2;-15,80210231;-48,08396101;"SPRF-DF";"DEL01-DF";"UOP02-DEL03-DF"