"id";"data_inversa";"dia_semana";"horario";"uf";"br";"km";"municipio";"causa_acidente";"tipo_acidente";"classificacao_acidente";"fase_dia";"sentido_via";"condicao_metereologica";"tipo_pista";"tracado_via";"uso_solo";"pessoas";"mortos";"feridos_leves";"feridos_graves";"ilesos";"ignorados";"feridos";"veiculos";"latitude";"longitude";"regional";"delegacia";"uop"
138599;2018-06-08;"sexta-feira";"08:00:00";"RS";386;446;"CANOAS";"Falta de Atenção à Condução";"Tombamento";"Com Vítimas Feridas";"Pleno dia";"Crescente";"Céu Claro";"Dupla";"Curva";"Sim";2;0;2;0;0;0;2;1;-29,89344335;-51,18089855;"SPRF-RS";"DEL01-RS";"UOP01-DEL01-RS"
138602;2018-06-08;"sexta-feira";"07:20:00";"PE";101;81;"JABOATAO DOS GUARARAPES";"Falta de Atenção à Condução";"Colisão lateral";"Sem Vítimas";"Pleno dia";"Decrescente";"Céu Claro";"Dupla";"Reta";"Sim";2;0;0;0;2;0;0;2;-8,1711;-34,9379;"SPRF-PE";"DEL01-PE";"UOP03-DEL01-PE"
138605;2018-06-08;"sexta-feira";"07:00:00";"AM";174;955;"MANAUS";"Falta de Atenção à Condução";"Saída de leito carroçável";"Sem Vítimas";"Amanhecer";"Crescente";"Ignorado";"Simples";"Reta";"Não";1;0;0;0;0;1;0;1;-2,4862494;-60,0327301;"SPRF-AM";"DEL01-AM";"UOP01-DEL01-AM"
138608;2018-04-17;"terça-feira";"21:30:00";"RN";101;81,7;"SAO GONCALO DO AMARANTE";"Falta de Atenção do Pedestre";"Atropelamento de Pedestre";"Com Vítimas Feridas";"Plena Noite";"Crescente";"Nublado";"Dupla";"Reta";"Sim";2;0;0;2;0;0;2;2;-5,76714648;-35,2771157;"SPRF-RN";"DEL02-RN";"UOP01-DEL02-RN"
138610;2018-06-08;"sexta-feira";"06:45:00";"RO";364;422,8;"JARU";"Desobediência às normas de trânsito pelo condutor";"Colisão lateral";"Com Vítimas Feridas";"Pleno dia";"Decrescente";"Céu Claro";"Simples";"Reta";"Sim";2;0;1;1;0;0;2;2;-10,45085347;-62,46163381;"SPRF-RO";"DEL03-RO";"UOP02-DEL03-RO"
138612;2018-06-08;"sexta-feira";"07:50:00";"MG";116;418;"GOVERNADOR VALADARES";"Falta de Atenção à Condução";"Colisão lateral";"Com Vítimas Feridas";"Pleno dia";"Decrescente";"Céu Claro";"Simples";"Reta";"Sim";5;0;1;0;4;0;1;2;-18,9020387;-41,9445097;"SPRF-MG";"DEL06-MG";"UOP01-DEL06-MG"
138613;2018-06-08;"sexta-feira";"08:30:00";"PR";116;16;"COLOMBO";"Defeito Mecânico no Veículo";"Tombamento";"Sem Vítimas";"Pleno dia";"Crescente";"Sol";"Dupla";"Reta";"Não";1;0;0;0;1;0;0;1;-25,38713262;-49,17708901;"SPRF-PR";"DEL01-PR";"UOP02-DEL01-PR"
138614;2018-06-08;"sexta-feira";"08:45:00";"SC";282;3;"FLORIANOPOLIS";"Falta de Atenção à Condução";"Tombamento";"Com Vítimas Feridas";"Plena Noite";"Crescente";"Céu Claro";"Múltipla";"Reta";"Sim";1;0;0;1;0;0;1;1;-27,60060519;-48,60081177;"SPRF-SC";"DEL01-SC";"UOP01-DEL01-SC"
138617;2018-06-08;"sexta-feira";"08:00:00";"RJ";40;123;"DUQUE DE CAXIAS";"Desobediência às normas de trânsito pelo condutor";"Colisão traseira";"Com Vítimas Feridas";"Pleno dia";"Crescente";"Céu Claro";"Múltipla";"Reta";"Sim";3;0;1;0;2;0;1;3;-22,8061;-43,2894;"SPRF-RJ";"DEL01-RJ";"UOP01-DEL01-RJ"
138618;2018-06-08;"sexta-feira";"08:15:00";"RO";319;64,1;"PORTO VELHO";"Não guardar distância de segurança";"Colisão traseira";"Com Vítimas Feridas";"Pleno dia";"Crescente";"Céu Claro";"Dupla";"Reta";"Sim";4;0;1;1;2;0;2;4;-8,76828253;-63,88382435;"SPRF-RO";"DEL01-RO";"UOP01-DEL01-RO"
138620;2018-06-08;"sexta-feira";"09:55:00";"MG";365;712,2;"MONTE ALEGRE DE MINAS";"Ultrapassagem Indevida";"Colisão frontal";"Com Vítimas Fatais";"Pleno dia";"Crescente";"Céu Claro";"Simples";"Reta";"Não";5;1;1;2;0;1;3;3;-18,87935905;-49,08712149;"SPRF-MG";"DEL15-MG";"UOP03-DEL15-MG"
138622;2018-05-30;"quarta-feira";"09:00:00";"GO";60;34;"GOIANIA";"Falta de Atenção à Condução";"Colisão transversal";"Sem Vítimas";"Pleno dia";"Crescente";"Céu Claro";"Simples";"Rotatória";"Sim";2;0;0;0;2;0;0;2;-16,71031507;-49,35856819;"SPRF-GO";"DEL01-GO";"UOP02-DEL01-GO"
138624;2018-06-08;"sexta-feira";"08:00:00";"RS";290;181;"BUTIA";"Falta de Atenção à Condução";"Colisão transversal";"Com Vítimas Feridas";"Pleno dia";"Crescente";"Céu Claro";"Simples";"Reta";"Não";5;0;2;0;3;0;2;2;-30,140005;-52,023026;"SPRF-RS";"DEL02-RS";"UOP02-DEL02-RS"
138626;2018-06-08;"sexta-feira";"10:20:00";"MG";381;477,2;"CONTAGEM";"Não guardar distância de segurança";"Colisão traseira";"Com Vítimas Feridas";"Pleno dia";"Decrescente";"Sol";"Dupla";"Reta";"Sim";2;0;1;0;1;0;1;2;-19,95640757;-44,02717352;"SPRF-MG";"DEL01-MG";"UOP03-DEL01-MG"
138628;2018-06-08;"sexta-feira";"09:00:00";"MG";116;744,3;"LEOPOLDINA";"Velocidade Incompatível";"Saída de leito carroçável";"Com Vítimas Feridas";"Pleno dia";"Decrescente";"Céu Claro";"Simples";"Reta";"Não";2;0;2;0;0;0;2;1;-21,42350851;-42,50988007;"SPRF-MG";"DEL07-MG";"UOP01-DEL07-MG"
138632;2018-06-08;"sexta-feira";"09:50:00";"MG";116;810,4;"ALEM PARAIBA";"Velocidade Incompatível";"Saída de leito carroçável";"Com Vítimas Feridas";"Pleno dia";"Crescente";"Céu Claro";"Simples";"Curva";"Não";1;0;1;0;0;0;1;1;-21,83445218;-42,67742157;"SPRF-MG";"DEL07-MG";"UOP01-DEL07-MG"
138633;2018-06-08;"sexta-feira";"07:30:00";"MT";70;275;"PRIMAVERA DO LESTE";"Animais na Pista";"Saída de leito carroçável";"Com Vítimas Feridas";"Pleno dia";"Crescente";"Nevoeiro/Neblina";"Simples";"Reta";"Não";1;0;1;0;0;0;1;1;-15,549566;-54,253887;"SPRF-MT";"DEL05-MT";"UOP01-DEL05-MT"
138636;2018-06-08;"sexta-feira";"10:40:00";"SC";282;1,2;"FLORIANOPOLIS";"Falta de Atenção à Condução";"Colisão lateral";"Com Vítimas Feridas";"Pleno dia";"Decrescente";"Sol";"Dupla";"Reta";"Sim";2;0;1;0;1;0;1;2;-27,602;-48,579;"SPRF-SC";"DEL01-SC";"UOP01-DEL01-SC"
138637;2018-04-07;"sábado";"06:30:00";"MG";262;23,1;"REDUTO";"Velocidade Incompatível";"Saída de leito carroçável";"Com Vítimas Fatais";"Pleno dia";"Crescente";"Céu Claro";"Simples";"Curva";"Não";3;3;0;0;0;0;0;1;-20,248461;-41,932007;"SPRF-MG";"DEL06-MG";"UOP03-DEL06-MG"
138640;2018-05-19;"sábado";"17:40:00";"PB";101;79;"SANTA RITA";"Defeito na Via";"Saída de leito carroçável";"Com Vítimas Feridas";"Plena Noite";"Crescente";"Céu Claro";"Dupla";"Reta";"Não";2;0;1;0;1;0;1;1;-7,1164;-34,9511;"SPRF-PB";"DEL01-PB";"UOP01-DEL01-PB"
138643;2018-06-08;"sexta-feira";"11:00:00";"BA";116;385;"SANTA BARBARA";"Defeito Mecânico no Veículo";"Colisão traseira";"Sem Vítimas";"Pleno dia";"Decrescente";"Nublado";"Simples";"Reta";"Não";2;0;0;0;2;0;0;2;-11,9916046;-38,9717543;"SPRF-BA";"DEL02-BA";"DEL10/2-UOP02/BA"
138644;2018-06-08;"sexta-feira";"11:20:00";"GO";153;509,2;"APARECIDA DE GOIANIA";"Falta de Atenção à Condução";"Colisão traseira";"Com Vítimas Feridas";"Pleno dia";"Decrescente";"Sol";"Dupla";"Reta";"Sim";2;0;0;1;1;0;1;2;-16,7888;-49,2379;"SPRF-GO";"DEL01-GO";"UOP03-DEL01-GO"
138645;2018-06-08;"sexta-feira";"11:45:00";"GO";60;118,2;"TEREZOPOLIS DE GOIAS";"Falta de Atenção à Condução";"Atropelamento de Pedestre";"Com Vítimas Feridas";"Pleno dia";"Decrescente";"Céu Claro";"Múltipla";"Reta";"Sim";2;0;0;1;1;0;1;2;-16,48699031;-49,09555614;"SPRF-GO";"DEL01-GO";"UOP01-DEL01-GO"
138647;2018-06-08;"sexta-feira";"11:55:00";"SC";470;175;"POUSO REDONDO";"Falta de Atenção à Condução";"Colisão frontal";"Com Vítimas Feridas";"Pleno dia";"Crescente";"Sol";"Simples";"Reta";"Sim";2;0;1;0;1;0;1;2;-27,25218789;-49,94934082;"SPRF-SC";"DEL04-SC";"UOP02-DEL04-SC"
138649;2018-06-08;"sexta-feira";"10:30:00";"MG";365;162,2;"PIRAPORA";"Falta de Atenção à Condução";"Colisão lateral";"Com Vítimas Feridas";"Pleno dia";"Decrescente";"Céu Claro";"Simples";"Reta";"Sim";2;0;1;0;1;0;1;2;-17,366352;-44,937569;"SPRF-MG";"DEL12-MG";"UOP01-DEL12-MG"
138651;2018-06-08;"sexta-feira";"11:45:00";"ES";262;6,5;"CARIACICA";"Falta de Atenção à Condução";"Colisão traseira";"Com Vítimas Feridas";"Pleno dia";"Decrescente";"Céu Claro";"Múltipla";"Reta";"Sim";2;0;2;0;0;0;2;2;-20,34227299;-40,39893329;"SPRF-ES";"DEL01-ES";"UOP01-DEL01-ES"
138652;2018-06-08;"sexta-feira";"11:45:00";"PI";343;598,5;"FLORIANO";"Falta de Atenção à Condução";"Colisão transversal";"Com Vítimas Feridas";"Pleno dia";"Crescente";"Céu Claro";"Dupla";"Reta";"Sim";2;0;0;1;1;0;1;2;-6,819801;-43,060368;"SPRF-PI";"DEL03-PI";"UOP01-DEL03-PI"
138654;2018-06-08;"sexta-feira";"12:35:00";"PR";369;439,4;"UBIRATA";"Avarias e/ou desgaste excessivo no pneu";"Tombamento";"Com Vítimas Feridas";"Pleno dia";"Crescente";"Céu Claro";"Simples";"Reta";"Não";2;0;2;0;0;0;2;1;-24,5074;-52,9186;"SPRF-PR";"DEL04-PR";"UOP03-DEL04-PR"
138655;2018-06-08;"sexta-feira";"12:15:00";"PR";277;726;"FOZ DO IGUACU";"Falta de Atenção à Condução";"Colisão transversal";"Com Vítimas Feridas";"Pleno dia";"Decrescente";"Céu Claro";"Dupla";"Rotatória";"Sim";2;0;1;0;1;0;1;2;-25,510586;-54,554813;"SPRF-PR";"DEL05-PR";"UOP03-DEL05-PR"
138656;2018-06-08;"sexta-feira";"06:58:00";"RJ";101;296;"ITABORAI";"Desobediência às normas de trânsito pelo condutor";"Capotamento";"Com Vítimas Feridas";"Amanhecer";"Decrescente";"Nublado";"Dupla";"Reta";"Não";2;0;2;0;0;0;2;1;-22,76680333;-42,90790915;"SPRF-RJ";"DEL02-RJ";"DEL5/2-UOP04/RJ"
138658;2018-06-08;"sexta-feira";"12:50:00";"GO";40;1,9;"VALPARAISO DE GOIAS";"Falta de Atenção à Condução";"Colisão traseira";"Sem Vítimas";"Pleno dia";"Crescente";"Céu Claro";"Dupla";"Reta";"Sim";2;0;0;0;2;0;0;2;-16,06639285;-47,98411846;"SPRF-DF";"DEL01-DF";"UOP01-DEL01-DF"
138659;2018-06-08;"sexta-feira";"12:29:00";"PR";376;1;"SAO JOSE DOS PINHAIS";"Falta de Atenção à Condução";"Colisão com objeto estático";"Com Vítimas Feridas";"Pleno dia";"Crescente";"Céu Claro";"Dupla";"Reta";"Sim";1;0;0;1;0;0;1;1;-25,5399633;-49,18806553;"SPRF-PR";"DEL01-PR";"DEL7/1-UOP08/PR"
138664;2018-06-08;"sexta-feira";"13:30:00";"PE";423;110,5;"PARANATAMA";"Ultrapassagem Indevida";"Tombamento";"Com Vítimas Fatais";"Pleno dia";"Decrescente";"Céu Claro";"Simples";"Reta";"Sim";1;1;0;0;0;0;0;1;-8,89180266;-36,61197603;"SPRF-PE";"DEL03-PE";"UOP01-DEL03-PE"
138668;2018-06-08;"sexta-feira";"14:00:00";"BA";324;625;"SALVADOR";"Falta de Atenção à Condução";"Queda de ocupante de veículo";"Com Vítimas Feridas";"Pleno dia";"Decrescente";"Céu Claro";"Múltipla";"Reta";"Sim";1;0;1;0;0;0;1;1;-12,96418241;-38,47674429;"SPRF-BA";"DEL01-BA";"UOP01-DEL01-BA"
138670;2018-06-08;"sexta-feira";"09:05:00";"AL";316;85;"SANTANA DO IPANEMA";"Falta de Atenção à Condução";"Colisão lateral";"Com Vítimas Feridas";"Pleno dia";"Decrescente";"Nublado";"Simples";"Reta";"Sim";2;0;2;0;0;0;2;2;-9,37303385;-37,23585784;"SPRF-AL";"DEL03-AL";"UOP02-DEL03-AL"
138672;2018-06-08;"sexta-feira";"14:40:00";"PR";376;490,4;"PONTA GROSSA";"Ingestão de Álcool";"Queda de ocupante de veículo";"Com Vítimas Feridas";"Pleno dia";"Decrescente";"Céu Claro";"Dupla";"Reta";"Sim";1;0;1;0;0;0;1;1;-25,10353487;-50,19610405;"SPRF-PR";"DEL03-PR";"UOP04-DEL03-PR"
138673;2018-06-08;"sexta-feira";"13:30:00";"RJ";101;531;"ANGRA DOS REIS";"Desobediência às normas de trânsito pelo condutor";"Saída de leito carroçável";"Com Vítimas Feridas";"Pleno dia";"Crescente";"Chuva";"Simples";"Curva";"Não";3;0;1;0;2;0;1;1;-23,02298645;-44,52354848;"SPRF-RJ";"DEL03-RJ";"UOP02-DEL03-RJ"
138676;2018-06-08;"sexta-feira";"13:30:00";"MG";50;66;"UBERLANDIA";"Falta de Atenção à Condução";"Colisão transversal";"Com Vítimas Feridas";"Pleno dia";"Crescente";"Sol";"Simples";"Interseção de Vias";"Sim";2;0;1;0;1;0;1;2;-18,8726;-48,2572;"SPRF-MG";"DEL15-MG";"UOP01-DEL15-MG"
138677;2018-06-05;"terça-feira";"12:50:00";"SC";101;201,5;"SAO JOSE";"Não guardar distância de segurança";"Colisão traseira";"Com Vítimas Feridas";"Pleno dia";"Crescente";"Nublado";"Dupla";"Reta";"Sim";2;0;1;0;1;0;1;2;-27,54432549;-48,62067883;"SPRF-SC";"DEL01-SC";"UOP01-DEL01-SC"
138678;2018-06-08;"sexta-feira";"14:55:00";"SC";282;223,4;"LAGES";"Ingestão de Álcool";"Colisão traseira";"Sem Vítimas";"Pleno dia";"Decrescente";"Céu Claro";"Simples";"Reta";"Sim";2;0;0;0;2;0;0;2;-27,79808404;-50,36619902;"SPRF-SC";"DEL05-SC";"UOP02-DEL05-SC"
138679;2018-06-08;"sexta-feira";"14:37:00";"PR";376;639,1;"TIJUCAS DO SUL";"Velocidade Incompatível";"Saída de leito carroçável";"Com Vítimas Feridas";"Pleno dia";"Decrescente";"Nublado";"Dupla";"Reta";"Não";1;0;1;0;0;0;1;1;-25,77717014;-49,12028745;"SPRF-PR";"DEL01-PR";"DEL7/1-UOP08/PR"
138680;2018-06-08;"sexta-feira";"11:15:00";"SC";101;197;"BIGUACU";"Defeito Mecânico no Veículo";"Tombamento";"Com Vítimas Feridas";"Pleno dia";"Crescente";"Céu Claro";"Dupla";"Curva";"Sim";2;0;1;1;0;0;2;1;-27,52142157;-48,63756526;"SPRF-SC";"DEL01-SC";"UOP01-DEL01-SC"
138682;2018-06-08;"sexta-feira";"13:25:00";"PR";153;42;"SANTO ANTONIO DA PLATINA";"Desobediência às normas de trânsito pelo condutor";"Colisão transversal";"Com Vítimas Feridas";"Pleno dia";"Crescente";"Céu Claro";"Simples";"Reta";"Sim";2;0;1;0;1;0;1;2;-23,29706286;-50,06841389;"SPRF-PR";"DEL07-PR";"UOP04-DEL07-PR"
138685;2018-04-20;"sexta-feira";"12:00:00";"MG";381;178,8;"GOVERNADOR VALADARES";"Ultrapassagem Indevida";"Capotamento";"Com Vítimas Feridas";"Pleno dia";"Decrescente";"Nublado";"Simples";"Reta";"Não";1;0;1;0;0;0;1;1;-18,97878246;-42,10039794;"SPRF-MG";"DEL06-MG";"UOP01-DEL06-MG"
138686;2018-06-08;"sexta-feira";"15:25:00";"PA";308;8,9;"ANANINDEUA";"Falta de Atenção à Condução";"Colisão lateral";"Com Vítimas Feridas";"Pleno dia";"Crescente";"Nublado";"Dupla";"Reta";"Sim";2;0;1;0;1;0;1;2;-1,36648812;-48,36881161;"SPRF-PA";"DEL01-PA";"DEL19/1-UOP05/PA"
138687;2018-06-08;"sexta-feira";"15:00:00";"MG";146;538,2;"MUZAMBINHO";"Desobediência às normas de trânsito pelo condutor";"Colisão transversal";"Sem Vítimas";"Pleno dia";"Crescente";"Céu Claro";"Simples";"Rotatória";"Sim";2;0;0;0;2;0;0;2;-21,354726;-46,521429;"SPRF-MG";"DEL09-MG";"UOP01-DEL09-MG"
138688;2018-06-08;"sexta-feira";"14:30:00";"RN";406;168;"SAO GONCALO DO AMARANTE";"Desobediência às normas de trânsito pelo condutor";"Colisão transversal";"Com Vítimas Feridas";"Pleno dia";"Crescente";"Céu Claro";"Dupla";"Retorno Regulamentado";"Sim";3;0;1;1;1;0;2;2;-5,75312;-35,31421;"SPRF-RN";"DEL02-RN";"UOP01-DEL02-RN"
138690;2018-06-08;"sexta-feira";"09:10:00";"RJ";116;176;"NOVA IGUACU";"Pista Escorregadia";"Colisão traseira";"Sem Vítimas";"Pleno dia";"Crescente";"Garoa/Chuvisco";"Dupla";"Reta";"Sim";2;0;0;0;2;0;0;2;-22,783915;-43,382023;"SPRF-RJ";"DEL01-RJ";"UOP02-DEL01-RJ"
138692;2018-06-08;"sexta-feira";"15:50:00";"GO";60;7,6;"SANTO ANTONIO DO DESCOBERTO";"Defeito Mecânico no Veículo";"Tombamento";"Com Vítimas Feridas";"Pleno dia";"Crescente";"Céu Claro";"Dupla";"Reta";"Não";2;0;2;0;0;0;2;1;-16,08288782;-48,27134348;"SPRF-DF";"DEL01-DF";"UOP01-DEL03-DF"
138693;2018-05-21;"segunda-feira";"15:45:00";"MG";267;11,8;"LEOPOLDINA";"Ultrapassagem Indevida";"Saída de leito carroçável";"Com Vítimas Fatais";"Pleno dia";"Decrescente";"Céu Claro";"Simples";"Curva";"Não";3;1;1;0;1;0;1;1;-21,5782;-42,7177;"SPRF-MG";"DEL07-MG";"UOP01-DEL07-MG"
138694;2018-06-08;"sexta-feira";"16:00:00";"MG";381;479,3;"CONTAGEM";"Desobediência às normas de trânsito pelo condutor";"Colisão lateral";"Com Vítimas Feridas";"Pleno dia";"Decrescente";"Sol";"Dupla";"Aclive;Curva";"Sim";3;0;2;0;1;0;2;2;-19,961;-44,0517;"SPRF-MG";"DEL01-MG";"UOP03-DEL01-MG"
138695;2018-06-08;"sexta-feira";"16:05:00";"SE";235;1,1;"ARACAJU";"Pista Escorregadia";"Tombamento";"Com Vítimas Feridas";"Pleno dia";"Crescente";"Chuva";"Dupla";"Reta";"Sim";1;0;0;1;0;0;1;1;-10,9073;-37,0947;"SPRF-SE";"DEL01-SE";"UOP01-DEL01-SE"
138696;2018-06-08;"sexta-feira";"15:55:00";"RS";116;317,6;"GUAIBA";"Não guardar distância de segurança";"Colisão traseira";"Com Vítimas Feridas";"Pleno dia";"Decrescente";"Céu Claro";"Simples";"Reta";"Não";5;0;1;0;4;0;1;4;-30,25477;-51,405796;"SPRF-RS";"DEL02-RS";"UOP01-DEL02-RS"
138699;2018-06-08;"sexta-feira";"15:40:00";"RS";293;169;"BAGE";"Falta de Atenção à Condução";"Saída de leito carroçável";"Com Vítimas Feridas";"Pleno dia";"Crescente";"Céu Claro";"Simples";"Reta";"Não";3;0;3;0;0;0;3;1;-31,347399;-53,950195;"SPRF-RS";"DEL11-RS";"UOP03-DEL11-RS"
138700;2018-05-16;"quarta-feira";"03:30:00";"GO";60;320;"ACREUNA";"Condutor Dormindo";"Capotamento";"Com Vítimas Feridas";"Plena Noite";"Crescente";"Céu Claro";"Dupla";"Reta";"Não";1;0;1;0;0;0;1;1;-17,4888;-50,4535;"SPRF-GO";"DEL04-GO";"UOP01-DEL04-GO"
138701;2018-06-02;"sábado";"23:00:00";"PR";277;583;"CASCAVEL";"Falta de Atenção à Condução";"Saída de leito carroçável";"Sem Vítimas";"Plena Noite";"Crescente";"Ignorado";"Simples";"Reta;Em Obras";"Sim";1;0;0;0;0;1;0;1;-24,97359839;-53,39177132;"SPRF-PR";"DEL04-PR";"UOP01-DEL04-PR"
138702;2018-06-08;"sexta-feira";"11:30:00";"GO";50;280,6;"CATALAO";"Desobediência às normas de trânsito pelo condutor";"Colisão lateral";"Com Vítimas Feridas";"Pleno dia";"Crescente";"Céu Claro";"Simples";"Interseção de Vias;Rotatória";"Sim";2;0;1;0;1;0;1;2;-18,18141399;-47,94071462;"SPRF-GO";"DEL06-GO";"UOP01-DEL06-GO"
138703;2018-06-08;"sexta-feira";"15:15:00";"SP";116;270;"TABOAO DA SERRA";"Falta de Atenção à Condução";"Colisão lateral";"Com Vítimas Feridas";"Pleno dia";"Decrescente";"Céu Claro";"Dupla";"Reta";"Sim";4;0;1;0;3;0;1;4;-23,60977211;-46,77141398;"SPRF-SP";"DEL04-SP";"UOP01-DEL04-SP"
138704;2018-06-08;"sexta-feira";"15:45:00";"MG";381;479,1;"CONTAGEM";"Não guardar distância de segurança";"Colisão traseira";"Com Vítimas Feridas";"Pleno dia";"Decrescente";"Sol";"Múltipla";"Declive";"Sim";2;0;1;0;1;0;1;2;-19,96338596;-44,04189348;"SPRF-MG";"DEL01-MG";"UOP03-DEL01-MG"
138705;2018-06-08;"sexta-feira";"16:00:00";"MG";116;255,1;"TEOFILO OTONI";"Falta de Atenção à Condução";"Colisão transversal";"Com Vítimas Feridas";"Pleno dia";"Decrescente";"Sol";"Simples";"Curva";"Não";6;0;6;0;0;0;6;2;-17,682991;-41,48498;"SPRF-MG";"DEL11-MG";"UOP01-DEL11-MG"
138706;2018-06-08;"sexta-feira";"12:20:00";"BA";367;27,6;"PORTO SEGURO";"Ultrapassagem Indevida";"Colisão transversal";"Com Vítimas Feridas";"Pleno dia";"Decrescente";"Sol";"Simples";"Curva";"Sim";2;0;0;1;1;0;1;2;-16,423859;-39,102055;"SPRF-BA";"DEL09-BA";"UOP01-DEL09-BA"
138710;2018-06-08;"sexta-feira";"16:30:00";"GO";60;96,3;"ANAPOLIS";"Falta de Atenção à Condução";"Colisão transversal";"Com Vítimas Feridas";"Pleno dia";"Decrescente";"Céu Claro";"Dupla";"Reta";"Sim";5;0;2;0;3;0;2;2;-16,371;-48,9422;"SPRF-GO";"DEL02-GO";"UOP01-DEL02-GO"
138714;2018-06-08;"sexta-feira";"16:40:00";"RS";116;301;"GUAIBA";"Falta de Atenção à Condução";"Colisão traseira";"Com Vítimas Feridas";"Anoitecer";"Decrescente";"Sol";"Dupla";"Reta";"Sim";2;0;1;0;1;0;1;2;-30,131899;-51,353867;"SPRF-RS";"DEL02-RS";"UOP01-DEL02-RS"
138719;2018-06-08;"sexta-feira";"15:30:00";"BA";324;609;"SIMOES FILHO";"Mal Súbito";"Atropelamento de Pedestre";"Com Vítimas Feridas";"Pleno dia";"Decrescente";"Céu Claro";"Dupla";"Reta";"Sim";2;0;0;1;1;0;1;2;-12,83597721;-38,41334492;"SPRF-BA";"DEL01-BA";"UOP01-DEL01-BA"
138720;2018-06-08;"sexta-feira";"17:35:00";"BA";324;608;"SIMOES FILHO";"Deficiência ou não Acionamento do Sistema de Iluminação/Sinalização do Veículo";"Atropelamento de Pedestre";"Com Vítimas Feridas";"Anoitecer";"Decrescente";"Céu Claro";"Dupla";"Reta";"Não";2;0;2;0;0;0;2;2;-12,82887428;-38,41032028;"SPRF-BA";"DEL01-BA";"UOP01-DEL01-BA"
138721;2018-06-08;"sexta-feira";"17:15:00";"PR";369;186,7;"ARAPONGAS";"Desobediência às normas de trânsito pelo condutor";"Colisão transversal";"Com Vítimas Feridas";"Anoitecer";"Crescente";"Céu Claro";"Simples";"Reta";"Sim";3;0;1;1;0;1;2;3;-23,42160925;-51,42462015;"SPRF-PR";"DEL07-PR";"UOP03-DEL07-PR"
138723;2018-06-08;"sexta-feira";"17:20:00";"SC";101;211,9;"PALHOCA";"Não guardar distância de segurança";"Tombamento";"Com Vítimas Feridas";"Pleno dia";"Decrescente";"Céu Claro";"Dupla";"Reta";"Sim";1;0;1;0;0;0;1;1;-27,6301;-48,659;"SPRF-SC";"DEL01-SC";"UOP02-DEL01-SC"
138725;2018-06-08;"sexta-feira";"17:20:00";"PR";376;189,4;"MARIALVA";"Falta de Atenção à Condução";"Colisão transversal";"Com Vítimas Feridas";"Anoitecer";"Crescente";"Sol";"Dupla";"Retorno Regulamentado";"Sim";2;0;1;0;1;0;1;2;-23,46735421;-51,82663427;"SPRF-PR";"DEL07-PR";"UOP01-DEL09-PR"
138726;2018-06-08;"sexta-feira";"18:10:00";"AL";316;247,1;"ATALAIA";"Deficiência ou não Acionamento do Sistema de Iluminação/Sinalização do Veículo";"Colisão traseira";"Com Vítimas Feridas";"Plena Noite";"Decrescente";"Céu Claro";"Simples";"Reta";"Não";3;0;1;1;1;0;2;2;-9,53584904;-35,98812883;"SPRF-AL";"DEL01-AL";"UOP01-DEL01-AL"
138729;2018-06-08;"sexta-feira";"18:10:00";"SP";153;45,6;"SAO JOSE DO RIO PRETO";"Defeito Mecânico no Veículo";"Colisão lateral";"Com Vítimas Feridas";"Plena Noite";"Crescente";"Céu Claro";"Simples";"Reta";"Não";3;0;2;0;1;0;2;2;-20,66918957;-49,34068037;"SPRF-SP";"DEL09-SP";"UOP01-DEL09-SP"
138732;2018-06-08;"sexta-feira";"18:00:00";"PR";277;74;"SAO JOSE DOS PINHAIS";"Falta de Atenção à Condução";"Colisão lateral";"Com Vítimas Feridas";"Anoitecer";"Crescente";"Céu Claro";"Dupla";"Reta";"Sim";2;0;1;0;1;0;1;2;-25,49627708;-49,16257381;"SPRF-PR";"DEL01-PR";"UOP01-DEL01-PR"
138733;2018-06-08;"sexta-feira";"18:15:00";"RS";116;241,7;"SAO LEOPOLDO";"Falta de Atenção à Condução";"Colisão traseira";"Com Vítimas Feridas";"Plena Noite";"Crescente";"Céu Claro";"Dupla";"Reta";"Sim";5;0;2;0;3;0;2;3;-29,72038802;-51,148476;"SPRF-RS";"DEL01-RS";"UOP02-DEL01-RS"
138734;2018-06-08;"sexta-feira";"16:50:00";"PE";101;100;"CABO DE SANTO AGOSTINHO";"Desobediência às normas de trânsito pelo condutor";"Colisão transversal";"Com Vítimas Feridas";"Pleno dia";"Crescente";"Céu Claro";"Simples";"Reta";"Não";2;0;1;0;1;0;1;2;-8,2768;-35,054;"SPRF-PE";"DEL01-PE";"UOP03-DEL01-PE"
138736;2018-06-08;"sexta-feira";"17:50:00";"SC";101;122;"ITAJAI";"Falta de Atenção à Condução";"Colisão lateral";"Com Vítimas Feridas";"Anoitecer";"Decrescente";"Céu Claro";"Dupla";"Reta";"Sim";2;0;1;0;1;0;1;2;-26,9285364;-48,70522499;"SPRF-SC";"DEL04-SC";"UOP04-DEL04-SC"
138738;2018-06-08;"sexta-feira";"18:30:00";"PE";408;97;"SAO LOURENCO DA MATA";"Falta de Atenção do Pedestre";"Atropelamento de Pedestre";"Com Vítimas Feridas";"Plena Noite";"Crescente";"Céu Claro";"Simples";"Declive";"Não";2;0;0;2;0;0;2;2;-8,02863459;-35,03701642;"SPRF-PE";"DEL01-PE";"UOP01-DEL01-PE"
138739;2018-06-08;"sexta-feira";"17:40:00";"ES";101;148;"LINHARES";"Falta de Atenção à Condução";"Colisão transversal";"Com Vítimas Feridas";"Plena Noite";"Decrescente";"Nublado";"Múltipla";"Interseção de Vias";"Sim";3;0;1;1;1;0;2;2;-19,39351956;-40,06588876;"SPRF-ES";"DEL04-ES";"UOP01-DEL04-ES"