"id";"data_inversa";"dia_semana";"horario";"uf";"br";"km";"municipio";"causa_acidente";"tipo_acidente";"classificacao_acidente";"fase_dia";"sentido_via";"condicao_metereologica";"tipo_pista";"tracado_via";"uso_solo";"pessoas";"mortos";"feridos_leves";"feridos_graves";"ilesos";"ignorados";"feridos";"veiculos";"latitude";"longitude";"regional";"delegacia";"uop"
138740;2018-06-08;"sexta-feira";"16:20:00";"AC";364;138,6;"RIO BRANCO";"Desobediência às normas de trânsito pelo condutor";"Colisão traseira";"Com Vítimas Feridas";"Pleno dia";"Crescente";"Nublado";"Dupla";"Reta";"Sim";3;0;1;0;1;1;1;3;-9,95659283;-67,85865426;"SPRF-AC";"DEL01-AC";"UOP01-DEL01-AC"
138741;2018-06-08;"sexta-feira";"18:00:00";"SC";101;206,8;"SAO JOSE";"Não guardar distância de segurança";"Colisão traseira";"Com Vítimas Feridas";"Anoitecer";"Crescente";"Céu Claro";"Múltipla";"Reta";"Sim";4;0;0;1;2;1;1;4;-27,6001;-48,6225;"SPRF-SC";"DEL01-SC";"UOP01-DEL01-SC"
138742;2018-06-08;"sexta-feira";"18:10:00";"PE";428;184;"PETROLINA";"Objeto estático sobre o leito carroçável";"Queda de ocupante de veículo";"Com Vítimas Feridas";"Plena Noite";"Crescente";"Céu Claro";"Simples";"Reta";"Sim";2;0;1;0;0;1;1;2;-9,34652122;-40,47360867;"SPRF-PE";"DEL06-PE";"UOP01-DEL06-PE"
138743;2018-06-08;"sexta-feira";"09:00:00";"RJ";116;191;"QUEIMADOS";"Falta de Atenção à Condução";"Saída de leito carroçável";"Sem Vítimas";"Pleno dia";"Crescente";"Nublado";"Dupla";"Reta";"Sim";1;0;0;0;0;1;0;1;-22,72997443;-43,56132746;"SPRF-RJ";"DEL01-RJ";"UOP03-DEL01-RJ"
138745;2018-06-08;"sexta-feira";"17:35:00";"MA";135;22,4;"SAO LUIS";"Falta de Atenção à Condução";"Colisão lateral";"Com Vítimas Feridas";"Pleno dia";"Decrescente";"Ignorado";"Dupla";"Retorno Regulamentado";"Não";2;0;0;1;1;0;1;2;-2,74917969;-44,34455931;"SPRF-MA";"DEL01-MA";"UOP01-DEL01-MA"
138746;2018-06-08;"sexta-feira";"18:40:00";"SP";153;344,3;"OURINHOS";"Falta de Atenção à Condução";"Colisão lateral";"Com Vítimas Feridas";"Plena Noite";"Crescente";"Céu Claro";"Dupla";"Aclive";"Não";1;0;1;0;0;0;1;1;-22,968409;-49,899864;"SPRF-SP";"DEL07-SP";"UOP03-DEL07-SP"
138747;2018-06-08;"sexta-feira";"19:17:00";"MG";40;510,3;"RIBEIRAO DAS NEVES";"Falta de Atenção à Condução";"Colisão traseira";"Com Vítimas Fatais";"Plena Noite";"Decrescente";"Céu Claro";"Dupla";"Reta";"Sim";2;1;0;0;0;1;0;2;-19,7774;-44,1209;"SPRF-MG";"DEL01-MG";"UOP03-DEL01-MG"
138750;2018-06-08;"sexta-feira";"17:00:00";"RO";319;59,5;"PORTO VELHO";"Ingestão de Álcool";"Queda de ocupante de veículo";"Com Vítimas Feridas";"Anoitecer";"Crescente";"Céu Claro";"Dupla";"Interseção de Vias";"Sim";1;0;0;1;0;0;1;1;-8,74254707;-63,90270174;"SPRF-RO";"DEL01-RO";"UOP01-DEL01-RO"
138752;2018-06-08;"sexta-feira";"17:00:00";"SC";470;71,8;"INDAIAL";"Falta de Atenção à Condução";"Colisão transversal";"Com Vítimas Feridas";"Pleno dia";"Decrescente";"Céu Claro";"Simples";"Reta";"Não";2;0;0;1;1;0;1;2;-26,88774161;-49,25196279;"SPRF-SC";"DEL04-SC";"UOP01-DEL04-SC"
138755;2018-06-08;"sexta-feira";"17:55:00";"MG";40;56,1;"PARACATU";"Desobediência às normas de trânsito pelo condutor";"Colisão traseira";"Com Vítimas Feridas";"Anoitecer";"Crescente";"Céu Claro";"Simples";"Reta";"Não";4;0;4;0;0;0;4;2;-17,284639;-46,775188;"SPRF-MG";"DEL14-MG";"UOP01-DEL14-MG"
138756;2018-06-08;"sexta-feira";"19:00:00";"RJ";116;290;"PORTO REAL";"Falta de Atenção à Condução";"Tombamento";"Com Vítimas Feridas";"Plena Noite";"Decrescente";"Nublado";"Dupla";"Reta";"Sim";1;0;0;1;0;0;1;1;-22,45386184;-44,30361137;"SPRF-RJ";"DEL07-RJ";"DEL5/7-UOP03/RJ"
138759;2018-06-08;"sexta-feira";"19:30:00";"SP";116;549;"BARRA DO TURVO";"Falta de Atenção à Condução";"Colisão com objeto estático";"Com Vítimas Feridas";"Plena Noite";"Crescente";"Nevoeiro/Neblina";"Dupla";"Curva";"Não";1;0;1;0;0;0;1;1;-24,97485462;-48,35220337;"SPRF-SP";"DEL05-SP";"UOP02-DEL05-SP"
138761;2018-04-25;"quarta-feira";"08:30:00";"RN";304;263;"SAO PEDRO";"Falta de Atenção à Condução";"Capotamento";"Com Vítimas Feridas";"Pleno dia";"Crescente";"Ignorado";"Simples";"Reta";"Não";1;0;1;0;0;0;1;1;-5,843929;-35,682846;"SPRF-RN";"DEL01-RN";"UOP02-DEL01-RN"
138762;2018-05-01;"terça-feira";"00:05:00";"RS";116;293;"GUAIBA";"Falta de Atenção à Condução";"Saída de leito carroçável";"Com Vítimas Feridas";"Plena Noite";"Crescente";"Nublado";"Dupla";"Reta";"Não";2;0;2;0;0;0;2;1;-30,06196285;-51,33876801;"SPRF-RS";"DEL02-RS";"UOP01-DEL02-RS"
138764;2018-06-08;"sexta-feira";"18:30:00";"PE";423;107,2;"GARANHUNS";"Animais na Pista";"Atropelamento de Animal";"Com Vítimas Feridas";"Plena Noite";"Crescente";"Céu Claro";"Simples";"Reta";"Não";1;0;0;1;0;0;1;1;-8,88494446;-36,585567;"SPRF-PE";"DEL03-PE";"UOP01-DEL03-PE"
138765;2018-06-08;"sexta-feira";"19:00:00";"SC";101;109,5;"PENHA";"Falta de Atenção à Condução";"Colisão traseira";"Com Vítimas Feridas";"Plena Noite";"Crescente";"Nublado";"Dupla";"Curva";"Não";2;0;1;0;1;0;1;2;-26,83915899;-48,71372223;"SPRF-SC";"DEL03-SC";"UOP02-DEL03-SC"
138767;2018-06-08;"sexta-feira";"19:00:00";"SC";282;2;"FLORIANOPOLIS";"Não guardar distância de segurança";"Colisão lateral";"Com Vítimas Feridas";"Plena Noite";"Decrescente";"Céu Claro";"Dupla";"Reta";"Sim";2;0;0;1;1;0;1;2;-27,60318104;-48,59037557;"SPRF-SC";"DEL01-SC";"UOP01-DEL01-SC"
138768;2018-06-08;"sexta-feira";"20:20:00";"SC";101;197;"BIGUACU";"Desobediência às normas de trânsito pelo condutor";"Queda de ocupante de veículo";"Com Vítimas Feridas";"Plena Noite";"Crescente";"Céu Claro";"Dupla";"Curva";"Sim";1;0;1;0;0;0;1;1;-27,5267;-48,6349;"SPRF-SC";"DEL01-SC";"UOP01-DEL01-SC"
138770;2018-06-08;"sexta-feira";"19:20:00";"BA";116;777;"PLANALTO";"Desobediência às normas de trânsito pelo condutor";"Colisão transversal";"Com Vítimas Feridas";"Plena Noite";"Crescente";"Céu Claro";"Simples";"Reta";"Sim";3;0;2;1;0;0;3;2;-14,67014;-40,4749;"SPRF-BA";"DEL08-BA";"UOP02-DEL08-BA"
138771;2018-06-08;"sexta-feira";"20:15:00";"AL";316;157;"PALMEIRA DOS INDIOS";"Falta de Atenção à Condução";"Colisão traseira";"Com Vítimas Feridas";"Plena Noite";"Crescente";"Nublado";"Simples";"Reta";"Não";2;0;1;0;1;0;1;2;-9,428216;-36,617473;"SPRF-AL";"DEL03-AL";"UOP01-DEL03-AL"
138775;2018-06-08;"sexta-feira";"20:40:00";"RN";226;130,1;"CAMPO REDONDO";"Defeito Mecânico no Veículo";"Incêndio";"Sem Vítimas";"Plena Noite";"Crescente";"Céu Claro";"Simples";"Reta";"Não";1;0;0;0;1;0;0;1;-6,19497645;-36,14708282;"SPRF-RN";"DEL03-RN";"UOP02-DEL03-RN"
138779;2018-06-08;"sexta-feira";"19:30:00";"MA";316;538;"CAXIAS";"Falta de Atenção do Pedestre";"Colisão lateral";"Com Vítimas Feridas";"Plena Noite";"Crescente";"Céu Claro";"Múltipla";"Declive";"Não";2;0;0;2;0;0;2;2;-4,845354;-43,460888;"SPRF-MA";"DEL03-MA";"UOP02-DEL03-MA"
138780;2018-06-08;"sexta-feira";"21:20:00";"SC";101;138;"BALNEARIO CAMBORIU";"Ingestão de Álcool";"Capotamento";"Com Vítimas Feridas";"Plena Noite";"Decrescente";"Céu Claro";"Dupla";"Curva";"Sim";1;0;0;1;0;0;1;1;-27,02902529;-48,60513568;"SPRF-SC";"DEL04-SC";"UOP03-DEL04-SC"
138783;2018-06-08;"sexta-feira";"21:20:00";"PA";316;8;"ANANINDEUA";"Falta de Atenção do Pedestre";"Atropelamento de Pedestre";"Com Vítimas Feridas";"Plena Noite";"Crescente";"Nublado";"Dupla";"Reta";"Sim";2;0;0;1;1;0;1;2;-1,3676465;-48,37522209;"SPRF-PA";"DEL01-PA";"DEL19/1-UOP05/PA"
138784;2018-06-08;"sexta-feira";"18:45:00";"SC";282;460;"PONTE SERRADA";"Falta de Atenção do Pedestre";"Atropelamento de Pedestre";"Com Vítimas Feridas";"Plena Noite";"Crescente";"Céu Claro";"Simples";"Reta";"Sim";2;0;1;0;1;0;1;2;-26,87610512;-52,0162474;"SPRF-SC";"DEL07-SC";"UOP04-DEL07-SC"
138785;2018-06-08;"sexta-feira";"21:00:00";"MA";222;675;"ACAILANDIA";"Não guardar distância de segurança";"Colisão traseira";"Sem Vítimas";"Plena Noite";"Crescente";"Céu Claro";"Simples";"Reta";"Sim";4;0;0;0;4;0;0;3;-4,949923;-47,48114;"SPRF-MA";"DEL04-MA";"UOP03-DEL04-MA"
138788;2018-06-08;"sexta-feira";"18:30:00";"PA";316;4;"ANANINDEUA";"Desobediência às normas de trânsito pelo condutor";"Danos eventuais";"Sem Vítimas";"Plena Noite";"Decrescente";"Céu Claro";"Múltipla";"Reta";"Sim";1;0;0;0;1;0;0;1;-1,38449664;-48,4054774;"SPRF-PA";"DEL01-PA";"DEL19/1-UOP05/PA"
138789;2018-06-08;"sexta-feira";"22:30:00";"GO";40;2;"VALPARAISO DE GOIAS";"Falta de Atenção do Pedestre";"Atropelamento de Pedestre";"Com Vítimas Feridas";"Plena Noite";"Crescente";"Céu Claro";"Dupla";"Reta";"Sim";2;0;0;1;1;0;1;2;-16,067129;-47,984235;"SPRF-DF";"DEL01-DF";"UOP01-DEL01-DF"
138790;2018-06-08;"sexta-feira";"22:20:00";"DF";20;6;"BRASILIA";"Ingestão de Álcool";"Colisão traseira";"Sem Vítimas";"Plena Noite";"Crescente";"Céu Claro";"Dupla";"Reta";"Sim";2;0;0;0;2;0;0;2;-15,665888;-47,808308;"SPRF-DF";"DEL02-DF";"UOP01-DEL02-DF"
138792;2018-06-08;"sexta-feira";"22:30:00";"SC";101;79,7;"ARAQUARI";"Velocidade Incompatível";"Engavetamento";"Com Vítimas Feridas";"Plena Noite";"Crescente";"Céu Claro";"Dupla";"Reta";"Não";4;0;3;0;1;0;3;3;-26,59174595;-48,72203615;"SPRF-SC";"DEL03-SC";"UOP02-DEL03-SC"
138795;2018-06-08;"sexta-feira";"22:30:00";"SC";101;344;"TUBARAO";"Ingestão de Álcool";"Saída de leito carroçável";"Sem Vítimas";"Plena Noite";"Decrescente";"Céu Claro";"Simples";"Reta";"Não";1;0;0;0;1;0;0;1;-28,5453;-49,0533;"SPRF-SC";"DEL02-SC";"UOP01-DEL02-SC"
138797;2018-06-08;"sexta-feira";"21:30:00";"PE";101;87,9;"JABOATAO DOS GUARARAPES";"Falta de Atenção à Condução";"Saída de leito carroçável";"Com Vítimas Feridas";"Plena Noite";"Crescente";"Nublado";"Simples";"Reta";"Sim";1;0;1;0;0;0;1;1;-8,21416396;-34,96410728;"SPRF-PE";"DEL01-PE";"UOP03-DEL01-PE"
138798;2018-06-08;"sexta-feira";"23:00:00";"SC";470;88,7;"RODEIO";"Falta de Atenção à Condução";"Colisão com objeto estático";"Com Vítimas Feridas";"Plena Noite";"Crescente";"Nevoeiro/Neblina";"Simples";"Curva";"Não";1;0;1;0;0;0;1;1;-26,94790223;-49,36533272;"SPRF-SC";"DEL04-SC";"UOP01-DEL04-SC"
138800;2018-06-08;"sexta-feira";"17:55:00";"ES";101;361;"ANCHIETA";"Falta de Atenção à Condução";"Queda de ocupante de veículo";"Com Vítimas Feridas";"Plena Noite";"Crescente";"Chuva";"Simples";"Reta";"Não";1;0;1;0;0;0;1;1;-20,71019816;-40,72144747;"SPRF-ES";"DEL03-ES";"UOP01-DEL03-ES"
138801;2018-06-08;"sexta-feira";"23:30:00";"BA";101;871;"TEIXEIRA DE FREITAS";"Condutor Dormindo";"Saída de leito carroçável";"Com Vítimas Feridas";"Plena Noite";"Decrescente";"Céu Claro";"Simples";"Curva";"Não";1;0;0;1;0;0;1;1;-17,490722;-39,706845;"SPRF-BA";"DEL09-BA";"UOP02-DEL09-BA"
138802;2018-06-04;"segunda-feira";"18:20:00";"MA";222;678;"ACAILANDIA";"Velocidade Incompatível";"Atropelamento de Pedestre";"Com Vítimas Feridas";"Plena Noite";"Crescente";"Céu Claro";"Múltipla";"Reta";"Sim";2;0;1;1;0;0;2;2;-4,95687872;-47,49235153;"SPRF-MA";"DEL04-MA";"UOP03-DEL04-MA"
138803;2018-06-08;"sexta-feira";"22:00:00";"RJ";116;19;"SAPUCAIA";"Falta de Atenção à Condução";"Colisão com objeto estático";"Com Vítimas Feridas";"Plena Noite";"Decrescente";"Nublado";"Simples";"Reta";"Não";3;0;0;3;0;0;3;1;-21,992701;-42,76215;"SPRF-RJ";"DEL04-RJ";"UOP01-DEL04-RJ"
138804;2018-06-09;"sábado";"00:30:00";"RJ";40;112;"DUQUE DE CAXIAS";"Defeito Mecânico no Veículo";"Colisão com objeto estático";"Com Vítimas Feridas";"Plena Noite";"Decrescente";"Nublado";"Múltipla";"Reta";"Sim";1;0;1;0;0;0;1;1;-22,6478829;-43,2859814;"SPRF-RJ";"DEL01-RJ";"UOP01-DEL01-RJ"
138806;2018-06-09;"sábado";"00:20:00";"RS";116;293,5;"GUAIBA";"Velocidade Incompatível";"Saída de leito carroçável";"Com Vítimas Feridas";"Plena Noite";"Crescente";"Céu Claro";"Dupla";"Curva";"Não";3;0;2;1;0;0;3;1;-30,061916;-51,339684;"SPRF-RS";"DEL02-RS";"UOP01-DEL02-RS"
138807;2018-06-08;"sexta-feira";"23:50:00";"SC";101;327;"CAPIVARI DE BAIXO";"Falta de Atenção à Condução";"Tombamento";"Com Vítimas Feridas";"Plena Noite";"Crescente";"Céu Claro";"Dupla";"Reta";"Não";2;0;2;0;0;0;2;1;-28,4326;-48,9557;"SPRF-SC";"DEL02-SC";"UOP01-DEL02-SC"
138809;2018-06-08;"sexta-feira";"23:50:00";"PR";467;75,4;"TOLEDO";"Animais na Pista";"Atropelamento de Animal";"Com Vítimas Feridas";"Plena Noite";"Crescente";"Céu Claro";"Dupla";"Reta";"Não";1;0;0;1;0;0;1;1;-24,74760867;-53,6946466;"SPRF-PR";"DEL04-PR";"UOP01-DEL04-PR"
138811;2018-06-09;"sábado";"00:20:00";"RJ";393;104;"SAPUCAIA";"Animais na Pista";"Atropelamento de Animal";"Sem Vítimas";"Plena Noite";"Decrescente";"Céu Claro";"Simples";"Reta";"Não";2;0;0;0;2;0;0;1;-21,874243;-42,66758;"SPRF-RJ";"DEL06-RJ";"UOP01-DEL05-RJ"
138812;2018-06-08;"sexta-feira";"21:40:00";"RS";290;69;"GRAVATAI";"Defeito Mecânico no Veículo";"Incêndio";"Sem Vítimas";"Plena Noite";"Crescente";"Nublado";"Dupla";"Reta";"Não";1;0;0;0;1;0;0;1;-29,945169;-50,94738;"SPRF-RS";"DEL03-RS";"UOP02-DEL03-RS"
138820;2018-06-09;"sábado";"01:15:00";"PR";376;3;"SAO JOSE DOS PINHAIS";"Falta de Atenção à Condução";"Colisão traseira";"Sem Vítimas";"Plena Noite";"Decrescente";"Nevoeiro/Neblina";"Dupla";"Reta";"Sim";2;0;0;0;2;0;0;2;-25,52881088;-49,19952393;"SPRF-PR";"DEL01-PR";"DEL7/1-UOP08/PR"
138821;2018-06-09;"sábado";"01:00:00";"MG";262;355,8;"BETIM";"Animais na Pista";"Atropelamento de Animal";"Com Vítimas Feridas";"Plena Noite";"Crescente";"Céu Claro";"Dupla";"Curva";"Não";1;0;1;0;0;0;1;1;-19,9826;-44,2321;"SPRF-MG";"DEL01-MG";"UOP03-DEL01-MG"
138823;2018-06-09;"sábado";"01:40:00";"SC";116;181,1;"SAO CRISTOVAO DO SUL";"Ingestão de Álcool";"Saída de leito carroçável";"Com Vítimas Feridas";"Plena Noite";"Decrescente";"Céu Claro";"Simples";"Reta";"Sim";1;0;1;0;0;0;1;1;-27,27324565;-50,440979;"SPRF-SC";"DEL05-SC";"UOP03-DEL05-SC"
138824;2018-06-09;"sábado";"02:00:00";"GO";158;267,5;"JATAI";"Ingestão de Álcool";"Colisão traseira";"Sem Vítimas";"Plena Noite";"Crescente";"Céu Claro";"Dupla";"Reta";"Sim";2;0;0;0;2;0;0;2;-17,85753833;-51,73084259;"SPRF-GO";"DEL05-GO";"UOP01-DEL05-GO"
138825;2018-06-09;"sábado";"02:50:00";"MG";381;902,9;"CAMBUI";"Defeito Mecânico no Veículo";"Incêndio";"Sem Vítimas";"Plena Noite";"Crescente";"Nevoeiro/Neblina";"Dupla";"Reta;Aclive";"Não";1;0;0;0;1;0;0;1;-22,64648213;-46,08863798;"SPRF-MG";"DEL16-MG";"UOP03-DEL16-MG"
138827;2018-06-09;"sábado";"03:40:00";"MG";262;194;"BELA VISTA DE MINAS";"Defeito na Via";"Saída de leito carroçável";"Com Vítimas Feridas";"Plena Noite";"Crescente";"Céu Claro";"Simples";"Desvio Temporário";"Não";1;0;0;1;0;0;1;1;-19,86869599;-43,08554113;"SPRF-MG";"DEL03-MG";"UOP01-DEL03-MG"
138829;2018-06-09;"sábado";"01:30:00";"GO";153;247;"SAO LUIZ DO NORTE";"Animais na Pista";"Atropelamento de Animal";"Sem Vítimas";"Plena Noite";"Decrescente";"Céu Claro";"Simples";"Reta";"Não";1;0;0;0;1;0;0;1;-14,892982;-49,343941;"SPRF-GO";"DEL07-GO";"UOP02-DEL07-GO"
138831;2018-06-09;"sábado";"04:20:00";"MG";262;162;"SAO DOMINGOS DO PRATA";"Ingestão de Álcool";"Colisão frontal";"Com Vítimas Feridas";"Plena Noite";"Decrescente";"Céu Claro";"Simples";"Reta";"Não";3;0;0;1;2;0;1;2;-19,960835;-42,852329;"SPRF-MG";"DEL03-MG";"UOP03-DEL03-MG"
138832;2018-06-09;"sábado";"04:50:00";"SC";101;144,2;"ITAPEMA";"Ingestão de álcool e/ou substâncias psicoativas pelo pedestre";"Atropelamento de Pedestre";"Com Vítimas Feridas";"Plena Noite";"Decrescente";"Céu Claro";"Dupla";"Reta";"Não";2;0;0;1;0;1;1;2;-27,0800767;-48,60049009;"SPRF-SC";"DEL04-SC";"UOP03-DEL04-SC"
138835;2018-06-09;"sábado";"02:10:00";"SC";282;411;"CATANDUVAS";"Defeito Mecânico no Veículo";"Saída de leito carroçável";"Com Vítimas Feridas";"Plena Noite";"Decrescente";"Céu Claro";"Simples";"Reta";"Não";2;0;1;0;1;0;1;1;-27,059202;-51,680046;"SPRF-SC";"DEL07-SC";"UOP05-DEL07-SC"
138837;2018-06-09;"sábado";"03:45:00";"SC";116;234;"LAGES";"Falta de Atenção à Condução";"Capotamento";"Com Vítimas Feridas";"Plena Noite";"Decrescente";"Céu Claro";"Simples";"Curva";"Não";1;0;1;0;0;0;1;1;-27,795443;-50,361874;"SPRF-SC";"DEL05-SC";"UOP01-DEL05-SC"
138841;2018-06-09;"sábado";"04:00:00";"SC";470;68;"INDAIAL";"Falta de Atenção à Condução";"Saída de leito carroçável";"Sem Vítimas";"Plena Noite";"Decrescente";"Céu Claro";"Simples";"Reta";"Não";1;0;0;0;0;1;0;1;-26,87049697;-49,22752434;"SPRF-SC";"DEL04-SC";"UOP01-DEL04-SC"
138842;2018-06-09;"sábado";"05:15:00";"PR";376;106;"PARANAVAI";"Falta de Atenção à Condução";"Colisão traseira";"Com Vítimas Feridas";"Plena Noite";"Crescente";"Nublado";"Simples";"Reta";"Sim";2;0;1;0;0;1;1;2;-23,063156;-52,431847;"SPRF-PR";"DEL07-PR";"UOP02-DEL09-PR"
138843;2018-06-09;"sábado";"05:00:00";"GO";364;9,7;"SAO SIMAO";"Condutor Dormindo";"Saída de leito carroçável";"Com Vítimas Feridas";"Plena Noite";"Decrescente";"Céu Claro";"Dupla";"Curva";"Não";1;0;1;0;0;0;1;1;-18,99785;-50,563488;"SPRF-GO";"DEL05-GO";"UOP02-DEL05-GO"
138844;2018-06-09;"sábado";"04:40:00";"PE";101;74;"RECIFE";"Agressão Externa";"Saída de leito carroçável";"Com Vítimas Feridas";"Pleno dia";"Decrescente";"Sol";"Simples";"Reta";"Sim";1;0;1;0;0;0;1;1;-8,11500649;-34,94446814;"SPRF-PE";"DEL01-PE";"UOP01-DEL01-PE"
138845;2018-06-09;"sábado";"06:00:00";"PI";343;1,7;"LUIS CORREIA";"Não guardar distância de segurança";"Colisão traseira";"Com Vítimas Feridas";"Amanhecer";"Crescente";"Sol";"Simples";"Ponte";"Não";3;0;0;1;2;0;1;3;-2,8954667;-41,67200089;"SPRF-PI";"DEL05-PI";"UOP01-DEL05-PI"
138847;2018-06-09;"sábado";"05:15:00";"SP";381;86,3;"SAO PAULO";"Objeto estático sobre o leito carroçável";"Queda de ocupante de veículo";"Com Vítimas Feridas";"Amanhecer";"Decrescente";"Céu Claro";"Múltipla";"Reta";"Sim";1;0;1;0;0;0;1;1;-23,46856322;-46,57019198;"SPRF-SP";"DEL03-SP";"DEL6/3-UOP03/SP"
138848;2018-06-09;"sábado";"04:25:00";"RS";471;163,9;"RIO PARDO";"Desobediência às normas de trânsito pelo condutor";"Colisão transversal";"Com Vítimas Feridas";"Plena Noite";"Crescente";"Céu Claro";"Simples";"Reta";"Não";2;0;1;0;1;0;1;2;-29,89808047;-52,39231255;"SPRF-RS";"DEL02-RS";"UOP02-DEL02-RS"
138849;2018-06-09;"sábado";"03:45:00";"SC";470;171,5;"POUSO REDONDO";"Ingestão de Álcool";"Capotamento";"Com Vítimas Feridas";"Plena Noite";"Crescente";"Nublado";"Simples";"Reta";"Não";2;0;1;0;1;0;1;1;-27,25981798;-49,90505219;"SPRF-SC";"DEL04-SC";"UOP02-DEL04-SC"
138850;2018-06-09;"sábado";"05:00:00";"SC";470;147;"RIO DO SUL";"Falta de Atenção à Condução";"Colisão traseira";"Com Vítimas Feridas";"Plena Noite";"Crescente";"Céu Claro";"Simples";"Reta";"Não";3;0;0;3;0;0;3;2;-27,23345803;-49,67351377;"SPRF-SC";"DEL04-SC";"UOP02-DEL04-SC"
138852;2018-06-09;"sábado";"06:34:00";"BA";135;171;"BARREIRAS";"Falta de Atenção à Condução";"Colisão traseira";"Com Vítimas Feridas";"Amanhecer";"Crescente";"Sol";"Simples";"Reta";"Não";6;0;2;0;4;0;2;2;-12,107007;-44,981208;"SPRF-BA";"DEL10-BA";"UOP01-DEL10-BA"
138853;2018-06-09;"sábado";"07:10:00";"CE";116;6,7;"FORTALEZA";"Defeito Mecânico no Veículo";"Queda de ocupante de veículo";"Com Vítimas Feridas";"Pleno dia";"Crescente";"Céu Claro";"Múltipla";"Reta";"Sim";2;0;2;0;0;0;2;1;-3,8081;-38,501455;"SPRF-CE";"DEL01-CE";"UOP02-DEL01-CE"
138854;2018-06-09;"sábado";"04:00:00";"AL";416;55,1;"SAO JOSE DA LAJE";"Restrição de Visibilidade";"Tombamento";"Com Vítimas Fatais";"Amanhecer";"Crescente";"Nevoeiro/Neblina";"Simples";"Curva";"Não";2;1;0;0;1;0;0;2;-8,97104949;-35,97867966;"SPRF-AL";"DEL01-AL";"UOP02-DEL01-AL"
138856;2018-06-09;"sábado";"07:30:00";"SP";153;76,9;"BADY BASSITT";"Agressão Externa";"Capotamento";"Com Vítimas Feridas";"Pleno dia";"Decrescente";"Céu Claro";"Simples";"Reta";"Não";2;0;2;0;0;0;2;1;-20,90166;-49,451568;"SPRF-SP";"DEL09-SP";"UOP01-DEL09-SP"
138857;2018-06-09;"sábado";"07:42:00";"SE";235;4;"NOSSA SENHORA DO SOCORRO";"Não guardar distância de segurança";"Colisão traseira";"Com Vítimas Feridas";"Pleno dia";"Decrescente";"Céu Claro";"Dupla";"Reta";"Sim";3;0;1;0;1;1;1;2;-10,90607345;-37,11175194;"SPRF-SE";"DEL01-SE";"UOP01-DEL01-SE"
138858;2018-06-09;"sábado";"07:10:00";"RJ";101;317;"SAO GONCALO";"Falta de Atenção à Condução";"Colisão com objeto estático";"Com Vítimas Feridas";"Pleno dia";"Crescente";"Nublado";"Dupla";"Reta";"Não";3;0;2;0;1;0;2;3;-22,837111;-43,094929;"SPRF-RJ";"DEL02-RJ";"DEL5/2-UOP04/RJ"
138861;2018-06-09;"sábado";"08:20:00";"MT";70;2;"BARRA DO GARCAS";"Deficiência ou não Acionamento do Sistema de Iluminação/Sinalização do Veículo";"Colisão lateral";"Com Vítimas Feridas";"Pleno dia";"Decrescente";"Céu Claro";"Simples";"Reta";"Sim";2;0;1;0;1;0;1;2;-15,887496;-52,268105;"SPRF-MT";"DEL07-MT";"UOP01-DEL07-MT"
138862;2018-06-09;"sábado";"08:15:00";"SP";116;221;"GUARULHOS";"Não guardar distância de segurança";"Colisão traseira";"Com Vítimas Feridas";"Amanhecer";"Crescente";"Nublado";"Múltipla";"Reta";"Sim";3;0;1;1;0;1;2;2;-23,46844266;-46,50954723;"SPRF-SP";"DEL01-SP";"UOP01-DEL01-SP"
138866;2018-06-09;"sábado";"06:45:00";"PR";376;170,1;"MARINGA";"Falta de Atenção do Pedestre";"Atropelamento de Pedestre";"Com Vítimas Feridas";"Pleno dia";"Crescente";"Céu Claro";"Dupla";"Aclive";"Sim";2;0;1;1;0;0;2;2;-23,40561044;-51,99345231;"SPRF-PR";"DEL07-PR";"UOP01-DEL09-PR"
138867;2018-06-09;"sábado";"08:00:00";"GO";60;164,5;"GOIANIA";"Ingestão de Álcool";"Capotamento";"Com Vítimas Feridas";"Pleno dia";"Decrescente";"Sol";"Múltipla";"Reta";"Sim";2;0;1;0;0;1;1;2;-16,70702166;-49,34757918;"SPRF-GO";"DEL01-GO";"UOP02-DEL01-GO"
138868;2018-06-09;"sábado";"07:50:00";"PI";343;329,8;"TERESINA";"Falta de Atenção à Condução";"Colisão transversal";"Com Vítimas Feridas";"Pleno dia";"Crescente";"Céu Claro";"Simples";"Reta";"Não";2;0;1;0;1;0;1;2;-5,06134186;-42,65120029;"SPRF-PI";"DEL01-PI";"UOP01-DEL01-PI"
138870;2018-06-09;"sábado";"08:00:00";"BA";242;412;"SEABRA";"Falta de Atenção à Condução";"Tombamento";"Com Vítimas Feridas";"Pleno dia";"Decrescente";"Nublado";"Simples";"Reta";"Não";2;0;2;0;0;0;2;1;-12,41092;-41,97069;"SPRF-BA";"DEL10-BA";"UOP03-DEL06-BA"
138871;2018-05-26;"sábado";"02:55:00";"MS";60;237,8;"CAMAPUA";"Animais na Pista";"Atropelamento de Animal";"Com Vítimas Feridas";"Plena Noite";"Crescente";"Céu Claro";"Simples";"Reta";"Não";3;0;0;1;1;1;1;2;-19,65962282;-54,27262187;"SPRF-MS";"DEL06-MS";"UOP02-DEL06-MS"
138872;2018-06-05;"terça-feira";"22:30:00";"PR";277;98;"CURITIBA";"Velocidade Incompatível";"Saída de leito carroçável";"Com Vítimas Feridas";"Plena Noite";"Crescente";"Nublado";"Dupla";"Reta";"Não";1;0;1;0;0;0;1;1;-25,43095052;-49,35546353;"SPRF-PR";"DEL01-PR";"UOP06-DEL01-PR"