"id";"data_inversa";"dia_semana";"horario";"uf";"br";"km";"municipio";"causa_acidente";"tipo_acidente";"classificacao_acidente";"fase_dia";"sentido_via";"condicao_metereologica";"tipo_pista";"tracado_via";"uso_solo";"pessoas";"mortos";"feridos_leves";"feridos_graves";"ilesos";"ignorados";"feridos";"veiculos";"latitude";"longitude";"regional";"delegacia";"uop"
139112;2018-06-10;"domingo";"05:28:00";"GO";60;88,1;"ANAPOLIS";"Ingestão de Álcool";"Queda de ocupante de veículo";"Com Vítimas Feridas";"Amanhecer";"Decrescente";"Ignorado";"Dupla";"Reta;Aclive";"Não";1;0;1;0;0;0;1;1;-16,33284496;-48,8904047;"SPRF-GO";"DEL02-GO";"UOP01-DEL02-GO"
139113;2018-06-10;"domingo";"04:50:00";"SC";282;23;"PALHOCA";"Falta de Atenção à Condução";"Colisão lateral";"Com Vítimas Feridas";"Plena Noite";"Crescente";"Nublado";"Simples";"Reta";"Não";2;0;0;1;1;0;1;2;-27,68907;-48,717541;"SPRF-SC";"DEL01-SC";"UOP02-DEL01-SC"
139114;2018-06-10;"domingo";"05:30:00";"RS";116;263;"CANOAS";"Desobediência às normas de trânsito pelo condutor";"Colisão transversal";"Sem Vítimas";"Plena Noite";"Crescente";"Garoa/Chuvisco";"Dupla";"Interseção de Vias";"Sim";4;0;0;0;4;0;0;2;-29,90391447;-51,17690027;"SPRF-RS";"DEL01-RS";"UOP01-DEL01-RS"
139115;2018-06-10;"domingo";"04:55:00";"PR";476;136;"CURITIBA";"Condutor Dormindo";"Colisão com objeto estático";"Sem Vítimas";"Plena Noite";"Crescente";"Nublado";"Múltipla";"Reta";"Sim";1;0;0;0;1;0;0;1;-25,45443497;-49,24758911;"SPRF-PR";"DEL01-PR";"UOP07-DEL01-PR"
139117;2018-06-10;"domingo";"05:40:00";"PR";277;592;"CASCAVEL";"Falta de Atenção à Condução";"Colisão com objeto estático";"Com Vítimas Feridas";"Plena Noite";"Decrescente";"Céu Claro";"Simples";"Curva";"Sim";2;0;1;0;1;0;1;1;-24,98294607;-53,47423553;"SPRF-PR";"DEL04-PR";"UOP01-DEL04-PR"
139119;2018-06-10;"domingo";"05:40:00";"MG";40;516,9;"RIBEIRAO DAS NEVES";"Falta de Atenção à Condução";"Saída de leito carroçável";"Com Vítimas Feridas";"Amanhecer";"Crescente";"Ignorado";"Dupla";"Reta";"Sim";2;0;0;2;0;0;2;1;-19,8278;-44,0836;"SPRF-MG";"DEL01-MG";"UOP03-DEL01-MG"
139121;2018-06-10;"domingo";"06:20:00";"DF";70;12,8;"BRASILIA";"Desobediência às normas de trânsito pelo condutor";"Colisão lateral";"Com Vítimas Feridas";"Amanhecer";"Crescente";"Sol";"Dupla";"Reta";"Sim";2;0;0;1;1;0;1;2;-15,792243;-48,158543;"SPRF-DF";"DEL01-DF";"UOP02-DEL03-DF"
139122;2018-06-09;"sábado";"21:25:00";"PI";316;311;"PICOS";"Falta de Atenção à Condução";"Colisão transversal";"Com Vítimas Feridas";"Plena Noite";"Crescente";"Céu Claro";"Simples";"Em Obras";"Sim";3;0;2;0;1;0;2;2;-7,076419;-41,466017;"SPRF-PI";"DEL04-PI";"UOP01-DEL04-PI"
139123;2018-06-10;"domingo";"05:40:00";"SP";116;143;"SAO JOSE DOS CAMPOS";"Falta de Atenção à Condução";"Colisão traseira";"Sem Vítimas";"Plena Noite";"Crescente";"Ignorado";"Dupla";"Reta";"Sim";3;0;0;0;3;0;0;3;-23,178532;-45,83794;"SPRF-SP";"DEL06-SP";"UOP02-DEL02-SP"
139124;2018-06-10;"domingo";"06:00:00";"SP";116;78,6;"ROSEIRA";"Não guardar distância de segurança";"Colisão lateral";"Com Vítimas Feridas";"Amanhecer";"Decrescente";"Céu Claro";"Dupla";"Reta";"Não";5;0;4;0;0;1;4;4;-22,8916409;-45,2915056;"SPRF-SP";"DEL06-SP";"UOP01-DEL06-SP"
139125;2018-06-10;"domingo";"06:30:00";"MG";50;36,6;"ARAGUARI";"Velocidade Incompatível";"Colisão com objeto estático";"Sem Vítimas";"Amanhecer";"Crescente";"Céu Claro";"Dupla";"Reta";"Sim";1;0;0;0;1;0;0;1;-18,6588;-48,1568;"SPRF-MG";"DEL15-MG";"UOP02-DEL15-MG"
139126;2018-06-10;"domingo";"06:00:00";"SC";101;211;"PALHOCA";"Não guardar distância de segurança";"Colisão traseira";"Com Vítimas Feridas";"Amanhecer";"Crescente";"Nublado";"Dupla";"Reta";"Sim";2;0;1;0;0;1;1;2;-27,6301;-48,659;"SPRF-SC";"DEL01-SC";"UOP02-DEL01-SC"
139127;2018-06-10;"domingo";"06:00:00";"GO";158;265;"JATAI";"Desobediência às normas de trânsito pelo condutor";"Colisão frontal";"Sem Vítimas";"Amanhecer";"Crescente";"Céu Claro";"Dupla";"Reta";"Não";2;0;0;0;2;0;0;2;-17,8811716;-51,7097437;"SPRF-GO";"DEL05-GO";"UOP01-DEL05-GO"
139128;2018-06-10;"domingo";"06:00:00";"RJ";40;66;"PETROPOLIS";"Condutor Dormindo";"Saída de leito carroçável";"Com Vítimas Feridas";"Amanhecer";"Crescente";"Nublado";"Dupla";"Curva";"Não";1;0;0;1;0;0;1;1;-22,43;-43,16;"SPRF-RJ";"DEL06-RJ";"UOP01-DEL06-RJ"
139129;2018-06-10;"domingo";"06:45:00";"PR";376;494,8;"PONTA GROSSA";"Falta de Atenção à Condução";"Colisão com objeto estático";"Com Vítimas Feridas";"Amanhecer";"Crescente";"Céu Claro";"Dupla";"Reta";"Não";3;0;3;0;0;0;3;1;-25,13307104;-50,16797036;"SPRF-PR";"DEL03-PR";"UOP04-DEL03-PR"
139130;2018-06-10;"domingo";"05:30:00";"MG";40;512;"RIBEIRAO DAS NEVES";"Falta de Atenção à Condução";"Saída de leito carroçável";"Sem Vítimas";"Pleno dia";"Decrescente";"Céu Claro";"Dupla";"Curva";"Sim";1;0;0;0;0;1;0;1;-19,786984;-44,1140343;"SPRF-MG";"DEL01-MG";"UOP03-DEL01-MG"
139131;2018-06-10;"domingo";"04:50:00";"SC";163;121,4;"DIONISIO CERQUEIRA";"Restrição de Visibilidade";"Saída de leito carroçável";"Com Vítimas Feridas";"Plena Noite";"Decrescente";"Nublado";"Simples";"Curva";"Não";1;0;1;0;0;0;1;1;-26,30391826;-53,55204105;"SPRF-SC";"DEL07-SC";"UOP04-DEL07-SC"
139132;2018-06-10;"domingo";"03:00:00";"SP";116;4;"GUARULHOS";"Ingestão de Álcool";"Colisão com objeto estático";"Com Vítimas Feridas";"Plena Noite";"Crescente";"Nublado";"Simples";"Curva";"Não";1;0;1;0;0;0;1;1;-23,42277176;-46,48416531;"SPRF-SP";"DEL01-SP";"UOP01-DEL01-SP"
139133;2018-06-07;"quinta-feira";"01:45:00";"RS";290;147,5;"ELDORADO DO SUL";"Falta de Atenção à Condução";"Saída de leito carroçável";"Com Vítimas Fatais";"Plena Noite";"Crescente";"Nublado";"Simples";"Reta";"Não";1;1;0;0;0;0;0;1;-30,10755;-51,675858;"SPRF-RS";"DEL02-RS";"UOP01-DEL02-RS"
139135;2018-06-10;"domingo";"06:00:00";"SP";116;142,8;"SAO JOSE DOS CAMPOS";"Ingestão de Álcool";"Capotamento";"Com Vítimas Feridas";"Amanhecer";"Decrescente";"Céu Claro";"Dupla";"Reta";"Sim";2;0;1;1;0;0;2;1;-23,174294;-45,829464;"SPRF-SP";"DEL06-SP";"UOP02-DEL02-SP"
139136;2018-06-10;"domingo";"07:00:00";"GO";414;418,2;"ABADIANIA";"Ingestão de Álcool";"Saída de leito carroçável";"Com Vítimas Feridas";"Pleno dia";"Crescente";"Céu Claro";"Simples";"Curva";"Não";3;0;1;2;0;0;3;1;-16,12622183;-48,89491081;"SPRF-GO";"DEL02-GO";"UOP01-DEL02-GO"
139138;2018-06-10;"domingo";"06:00:00";"RS";470;166;"VILA FLORES";"Falta de Atenção à Condução";"Saída de leito carroçável";"Com Vítimas Feridas";"Amanhecer";"Crescente";"Chuva";"Simples";"Reta";"Não";1;0;0;1;0;0;1;1;-28,84945384;-51,56522658;"SPRF-RS";"DEL06-RS";"UOP02-DEL06-RS"
139139;2018-06-10;"domingo";"08:15:00";"PR";376;191;"MARIALVA";"Falta de Atenção à Condução";"Saída de leito carroçável";"Com Vítimas Feridas";"Pleno dia";"Crescente";"Céu Claro";"Dupla";"Curva";"Não";1;0;1;0;0;0;1;1;-23,47993685;-51,82261705;"SPRF-PR";"DEL07-PR";"UOP01-DEL09-PR"
139140;2018-06-10;"domingo";"08:10:00";"MG";50;180;"UBERABA";"Ingestão de Álcool";"Tombamento";"Com Vítimas Feridas";"Pleno dia";"Crescente";"Céu Claro";"Dupla";"Interseção de Vias";"Sim";2;0;1;0;1;0;1;1;-19,77843545;-47,92340398;"SPRF-MG";"DEL13-MG";"UOP01-DEL13-MG"
139142;2018-06-10;"domingo";"06:20:00";"MG";451;410,4;"GOVERNADOR VALADARES";"Falta de Atenção à Condução";"Saída de leito carroçável";"Com Vítimas Feridas";"Amanhecer";"Decrescente";"Nublado";"Simples";"Curva;Declive";"Não";1;0;1;0;0;0;1;1;-18,70352928;-41,98483229;"SPRF-MG";"DEL06-MG";"UOP01-DEL06-MG"
139145;2018-06-08;"sexta-feira";"14:00:00";"MG";116;672,6;"MIRADOURO";"Velocidade Incompatível";"Saída de leito carroçável";"Com Vítimas Feridas";"Pleno dia";"Crescente";"Céu Claro";"Simples";"Curva";"Não";1;0;0;1;0;0;1;1;-20,88704144;-42,34130859;"SPRF-MG";"DEL07-MG";"UOP03-DEL07-MG"
139146;2018-06-10;"domingo";"07:10:00";"CE";222;122;"ITAPAJE";"Falta de Atenção à Condução";"Colisão traseira";"Sem Vítimas";"Pleno dia";"Crescente";"Céu Claro";"Simples";"Reta";"Sim";2;0;0;0;2;0;0;2;-3,699389;-39,574257;"SPRF-CE";"DEL04-CE";"UOP03-DEL04-CE"
139148;2018-06-10;"domingo";"08:45:00";"MG";381;477;"CONTAGEM";"Falta de Atenção à Condução";"Colisão traseira";"Com Vítimas Feridas";"Pleno dia";"Decrescente";"Céu Claro";"Dupla";"Reta";"Sim";3;0;1;0;2;0;1;2;-19,95806245;-44,03026805;"SPRF-MG";"DEL01-MG";"UOP03-DEL01-MG"
139149;2018-06-10;"domingo";"08:30:00";"SP";381;61;"MAIRIPORA";"Falta de Atenção à Condução";"Queda de ocupante de veículo";"Com Vítimas Feridas";"Pleno dia";"Decrescente";"Céu Claro";"Dupla";"Curva";"Não";1;0;1;0;0;0;1;1;-23,28960311;-46,58065796;"SPRF-SP";"DEL03-SP";"UOP01-DEL03-SP"
139150;2018-06-10;"domingo";"08:50:00";"CE";222;4;"CAUCAIA";"Falta de Atenção à Condução";"Colisão traseira";"Com Vítimas Feridas";"Pleno dia";"Decrescente";"Sol";"Múltipla";"Reta";"Sim";2;0;1;0;1;0;1;2;-3,741658;-38,604572;"SPRF-CE";"DEL01-CE";"UOP01-DEL01-CE"
139151;2018-06-10;"domingo";"09:00:00";"CE";116;61,9;"CHOROZINHO";"Falta de Atenção à Condução";"Colisão transversal";"Com Vítimas Feridas";"Pleno dia";"Decrescente";"Céu Claro";"Simples";"Reta";"Não";3;0;0;2;1;0;2;2;-4,26732528;-38,48993791;"SPRF-CE";"DEL03-CE";"UOP02-DEL03-CE"
139152;2018-06-10;"domingo";"01:00:00";"MG";40;659,5;"CARANDAI";"Velocidade Incompatível";"Saída de leito carroçável";"Sem Vítimas";"Plena Noite";"Crescente";"Céu Claro";"Simples";"Reta";"Não";1;0;0;0;0;1;0;1;-20,89790684;-43,82336855;"SPRF-MG";"DEL05-MG";"UOP02-DEL05-MG"
139153;2018-06-10;"domingo";"05:30:00";"PR";158;389,8;"LARANJEIRAS DO SUL";"Falta de Atenção à Condução";"Saída de leito carroçável";"Com Vítimas Fatais";"Plena Noite";"Decrescente";"Céu Claro";"Simples";"Reta;Declive";"Não";1;1;0;0;0;0;0;1;-25,372154;-52,390148;"SPRF-PR";"DEL04-PR";"UOP02-DEL04-PR"
139155;2018-06-10;"domingo";"07:55:00";"RJ";40;115;"DUQUE DE CAXIAS";"Velocidade Incompatível";"Saída de leito carroçável";"Com Vítimas Feridas";"Pleno dia";"Crescente";"Céu Claro";"Dupla";"Reta";"Sim";2;0;1;0;0;1;1;1;-22,730073;-43,289203;"SPRF-RJ";"DEL01-RJ";"UOP01-DEL01-RJ"
139156;2018-06-10;"domingo";"09:30:00";"GO";60;101,6;"ANAPOLIS";"Defeito na Via";"Queda de ocupante de veículo";"Com Vítimas Feridas";"Pleno dia";"Crescente";"Céu Claro";"Dupla";"Retorno Regulamentado";"Sim";2;0;2;0;0;0;2;1;-16,40451163;-48,98065567;"SPRF-GO";"DEL02-GO";"UOP01-DEL02-GO"
139159;2018-06-10;"domingo";"08:30:00";"PA";316;49;"SANTA IZABEL DO PARA";"Defeito Mecânico no Veículo";"Saída de leito carroçável";"Com Vítimas Feridas";"Pleno dia";"Decrescente";"Céu Claro";"Dupla";"Reta";"Não";2;0;1;0;1;0;1;1;-1,3060933;-48,0070039;"SPRF-PA";"DEL01-PA";"UOP01-DEL01-PA"
139161;2018-02-26;"segunda-feira";"11:00:00";"AL";104;60;"MURICI";"Falta de Atenção à Condução";"Colisão traseira";"Sem Vítimas";"Pleno dia";"Crescente";"Céu Claro";"Simples";"Reta";"Sim";3;0;0;0;3;0;0;3;-9,31130907;-35,93485773;"SPRF-AL";"DEL01-AL";"UOP02-DEL01-AL"
139162;2018-05-20;"domingo";"18:50:00";"RS";470;249;"SAO PEDRO DA SERRA";"Ingestão de Álcool";"Colisão frontal";"Com Vítimas Feridas";"Plena Noite";"Decrescente";"Garoa/Chuvisco";"Simples";"Curva";"Não";4;0;3;0;1;0;3;2;-29,400733;-51,503298;"SPRF-RS";"DEL06-RS";"UOP01-DEL06-RS"
139164;2018-05-13;"domingo";"20:45:00";"RS";290;92;"PORTO ALEGRE";"Falta de Atenção à Condução";"Tombamento";"Com Vítimas Feridas";"Plena Noite";"Decrescente";"Céu Claro";"Simples";"Curva";"Sim";2;0;1;0;0;1;1;2;-29,97305944;-51,17634416;"SPRF-RS";"DEL01-RS";"UOP01-DEL01-RS"
139166;2018-06-06;"quarta-feira";"19:03:00";"PR";116;117,5;"CURITIBA";"Falta de Atenção à Condução";"Colisão traseira";"Com Vítimas Feridas";"Plena Noite";"Crescente";"Céu Claro";"Dupla";"Reta;Declive";"Sim";4;0;2;0;2;0;2;3;-25,56195741;-49,3082979;"SPRF-PR";"DEL01-PR";"UOP07-DEL01-PR"
139167;2018-06-10;"domingo";"10:45:00";"MG";381;939,9;"EXTREMA";"Falta de Atenção à Condução";"Saída de leito carroçável";"Com Vítimas Feridas";"Pleno dia";"Decrescente";"Sol";"Dupla";"Curva";"Não";1;0;1;0;0;0;1;1;-22,8231;-46,3069;"SPRF-MG";"DEL16-MG";"UOP03-DEL16-MG"
139170;2018-04-19;"quinta-feira";"16:11:00";"PR";369;182,2;"ARAPONGAS";"Objeto estático sobre o leito carroçável";"Colisão com objeto estático";"Com Vítimas Feridas";"Pleno dia";"Crescente";"Céu Claro";"Simples";"Reta";"Sim";1;0;0;1;0;0;1;1;-23,37936819;-51,41661644;"SPRF-PR";"DEL07-PR";"UOP03-DEL07-PR"
139171;2018-06-10;"domingo";"11:10:00";"GO";60;94,2;"ANAPOLIS";"Ingestão de Álcool";"Saída de leito carroçável";"Com Vítimas Feridas";"Pleno dia";"Decrescente";"Céu Claro";"Dupla";"Aclive;Curva";"Sim";4;0;4;0;0;0;4;2;-16,3611;-48,9328;"SPRF-GO";"DEL02-GO";"UOP01-DEL02-GO"
139172;2018-06-10;"domingo";"11:00:00";"PR";163;292;"MARECHAL CANDIDO RONDON";"Falta de Atenção à Condução";"Colisão transversal";"Com Vítimas Feridas";"Pleno dia";"Decrescente";"Nublado";"Simples";"Reta";"Não";3;0;0;3;0;0;3;2;-24,5195;-54,0974;"SPRF-PR";"DEL06-PR";"UOP02-DEL06-PR"
139173;2018-06-10;"domingo";"10:50:00";"PE";232;422,4;"SERRA TALHADA";"Ingestão de Álcool";"Colisão traseira";"Com Vítimas Feridas";"Pleno dia";"Crescente";"Céu Claro";"Simples";"Reta";"Sim";2;0;0;1;1;0;1;2;-8,001183;-38,429585;"SPRF-PE";"DEL04-PE";"UOP01-DEL04-PE"
139174;2018-06-06;"quarta-feira";"23:50:00";"PI";343;1,8;"TERESINA";"Desobediência às normas de trânsito pelo condutor";"Colisão transversal";"Com Vítimas Feridas";"Plena Noite";"Crescente";"Céu Claro";"Múltipla";"Interseção de Vias";"Sim";2;0;1;0;1;0;1;2;-5,089569;-42,802288;"SPRF-PI";"DEL01-PI";"UOP01-DEL01-PI"
139175;2018-06-10;"domingo";"09:45:00";"PR";376;650,8;"TIJUCAS DO SUL";"Velocidade Incompatível";"Tombamento";"Com Vítimas Feridas";"Pleno dia";"Crescente";"Nublado";"Dupla";"Curva";"Não";1;0;1;0;0;0;1;1;-25,84562918;-49,07730103;"SPRF-PR";"DEL01-PR";"DEL7/1-UOP08/PR"
139176;2018-06-10;"domingo";"10:00:00";"RR";174;518;"BOA VISTA";"Velocidade Incompatível";"Capotamento";"Sem Vítimas";"Pleno dia";"Decrescente";"Céu Claro";"Simples";"Reta";"Não";4;0;0;0;4;0;0;1;2,927;-60,7138;"SPRF-RR";"DEL01-RR";"UOP01-DEL01-RR"
139177;2018-06-10;"domingo";"12:25:00";"SC";470;54;"BLUMENAU";"Desobediência às normas de trânsito pelo condutor";"Colisão frontal";"Com Vítimas Feridas";"Pleno dia";"Decrescente";"Céu Claro";"Simples";"Curva";"Sim";7;0;4;2;0;1;6;3;-26,86215406;-49,09537936;"SPRF-SC";"DEL04-SC";"UOP01-DEL04-SC"
139179;2018-06-10;"domingo";"08:07:00";"MG";381;187,7;"PERIQUITO";"Desobediência às normas de trânsito pelo condutor";"Colisão frontal";"Com Vítimas Fatais";"Pleno dia";"Decrescente";"Céu Claro";"Simples";"Curva";"Não";4;1;1;2;0;0;3;2;-19,05835233;-42,16010284;"SPRF-MG";"DEL06-MG";"UOP01-DEL06-MG"
139180;2018-06-10;"domingo";"08:30:00";"PR";277;464,6;"LARANJEIRAS DO SUL";"Animais na Pista";"Colisão com objeto estático";"Com Vítimas Feridas";"Pleno dia";"Decrescente";"Céu Claro";"Simples";"Curva;Declive";"Não";1;0;1;0;0;0;1;1;-25,33782028;-52,50700951;"SPRF-PR";"DEL04-PR";"UOP02-DEL04-PR"
139181;2018-06-10;"domingo";"12:40:00";"TO";153;146;"ARAGUAINA";"Ingestão de Álcool";"Saída de leito carroçável";"Sem Vítimas";"Pleno dia";"Crescente";"Céu Claro";"Dupla";"Reta";"Sim";3;0;0;0;3;0;0;1;-7,213399;-48,244324;"SPRF-TO";"DEL02-TO";"UOP01-DEL02-TO"
139182;2018-06-10;"domingo";"12:50:00";"SC";280;168,2;"MAFRA";"Mal Súbito";"Colisão transversal";"Com Vítimas Feridas";"Pleno dia";"Decrescente";"Nublado";"Simples";"Reta";"Não";2;0;1;1;0;0;2;2;-26,16113892;-49,81688932;"SPRF-SC";"DEL06-SC";"UOP01-DEL06-SC"
139185;2018-06-10;"domingo";"12:41:00";"SP";153;63,9;"SAO JOSE DO RIO PRETO";"Avarias e/ou desgaste excessivo no pneu";"Queda de ocupante de veículo";"Com Vítimas Feridas";"Pleno dia";"Crescente";"Sol";"Dupla";"Reta";"Não";2;0;2;0;0;0;2;1;-20,82155;-49,357655;"SPRF-SP";"DEL09-SP";"UOP01-DEL09-SP"
139186;2018-06-10;"domingo";"11:45:00";"MS";163;263;"DOURADOS";"Desobediência às normas de trânsito pelo condutor";"Colisão lateral";"Com Vítimas Feridas";"Pleno dia";"Crescente";"Nublado";"Dupla";"Rotatória";"Sim";4;0;1;0;3;0;1;2;-22,2317849;-54,74772692;"SPRF-MS";"DEL04-MS";"UOP01-DEL04-MS"
139187;2018-06-10;"domingo";"04:00:00";"BA";101;674,9;"ITAPEBI";"Falta de Atenção à Condução";"Saída de leito carroçável";"Sem Vítimas";"Plena Noite";"Crescente";"Ignorado";"Simples";"Curva;Declive";"Não";1;0;0;0;0;1;0;1;-16,0255;-39,609;"SPRF-BA";"DEL09-BA";"UOP01-DEL09-BA"
139188;2018-06-10;"domingo";"12:30:00";"MG";40;401;"CURVELO";"Objeto estático sobre o leito carroçável";"Colisão com objeto em movimento";"Com Vítimas Feridas";"Pleno dia";"Crescente";"Céu Claro";"Simples";"Reta";"Não";4;0;1;0;3;0;1;1;-19,10105291;-44,65255737;"SPRF-MG";"DEL02-MG";"UOP01-DEL02-MG"
139189;2018-06-10;"domingo";"13:30:00";"MG";381;349;"JOAO MONLEVADE";"Desobediência às normas de trânsito pelo condutor";"Saída de leito carroçável";"Com Vítimas Feridas";"Pleno dia";"Decrescente";"Céu Claro";"Simples";"Curva";"Não";1;0;1;0;0;0;1;1;-19,8577898;-43,12344074;"SPRF-MG";"DEL03-MG";"UOP01-DEL03-MG"
139190;2018-06-10;"domingo";"13:00:00";"ES";101;262;"SERRA";"Falta de Atenção à Condução";"Colisão traseira";"Com Vítimas Feridas";"Pleno dia";"Crescente";"Céu Claro";"Dupla";"Reta";"Sim";5;0;2;0;3;0;2;3;-20,15863498;-40,27648509;"SPRF-ES";"DEL02-ES";"UOP01-DEL02-ES"
139191;2018-05-05;"sábado";"11:45:00";"RS";290;94;"PORTO ALEGRE";"Defeito Mecânico no Veículo";"Tombamento";"Com Vítimas Feridas";"Pleno dia";"Crescente";"Céu Claro";"Dupla";"Reta";"Sim";2;0;2;0;0;0;2;1;-29,97686989;-51,20004684;"SPRF-RS";"DEL01-RS";"UOP01-DEL01-RS"
139192;2018-06-10;"domingo";"13:20:00";"SC";470;90,3;"ASCURRA";"Velocidade Incompatível";"Saída de leito carroçável";"Com Vítimas Feridas";"Pleno dia";"Decrescente";"Céu Claro";"Simples";"Reta";"Sim";3;0;2;0;1;0;2;1;-26,95819912;-49,37529176;"SPRF-SC";"DEL04-SC";"UOP01-DEL04-SC"
139193;2018-06-10;"domingo";"12:50:00";"MS";163;252,7;"DOURADOS";"Ingestão de Álcool";"Colisão com objeto estático";"Sem Vítimas";"Pleno dia";"Decrescente";"Nublado";"Dupla";"Curva";"Não";2;0;0;0;2;0;0;1;-22,27952627;-54,82226014;"SPRF-MS";"DEL04-MS";"UOP01-DEL04-MS"
139194;2018-06-10;"domingo";"13:45:00";"PA";316;7,3;"ANANINDEUA";"Ingestão de Álcool";"Colisão lateral";"Com Vítimas Feridas";"Pleno dia";"Decrescente";"Céu Claro";"Dupla";"Reta";"Sim";2;0;1;0;1;0;1;2;-1,37015633;-48,3813107;"SPRF-PA";"DEL01-PA";"DEL19/1-UOP05/PA"
139195;2018-05-18;"sexta-feira";"05:40:00";"RS";448;10;"CANOAS";"Falta de Atenção à Condução";"Saída de leito carroçável";"Com Vítimas Feridas";"Plena Noite";"Decrescente";"Chuva";"Dupla";"Viaduto;Interseção de Vias";"Não";2;0;1;0;1;0;1;1;-29,88054146;-51,23486996;"SPRF-RS";"DEL01-RS";"UOP01-DEL01-RS"
139197;2018-06-10;"domingo";"13:40:00";"MG";262;363,6;"BETIM";"Falta de Atenção à Condução";"Colisão transversal";"Sem Vítimas";"Pleno dia";"Decrescente";"Céu Claro";"Dupla";"Curva";"Sim";2;0;0;0;2;0;0;2;-19,9725;-44,3056;"SPRF-MG";"DEL01-MG";"UOP03-DEL01-MG"
139201;2018-06-10;"domingo";"14:25:00";"RS";116;296,7;"GUAIBA";"Pista Escorregadia";"Colisão com objeto estático";"Com Vítimas Feridas";"Pleno dia";"Crescente";"Chuva";"Múltipla";"Viaduto";"Sim";4;0;1;0;3;0;1;1;-30,088633;-51,3423;"SPRF-RS";"DEL02-RS";"UOP01-DEL02-RS"
139204;2018-06-10;"domingo";"10:00:00";"SC";280;90,6;"SAO BENTO DO SUL";"Velocidade Incompatível";"Colisão com objeto estático";"Com Vítimas Feridas";"Pleno dia";"Crescente";"Sol";"Simples";"Curva";"Não";2;0;2;0;0;0;2;1;-26,407627;-49,283455;"SPRF-SC";"DEL06-SC";"UOP03-DEL06-SC"
139205;2018-06-10;"domingo";"14:45:00";"PR";272;366,6;"CAMPO MOURAO";"Velocidade Incompatível";"Atropelamento de Pedestre";"Com Vítimas Feridas";"Pleno dia";"Crescente";"Céu Claro";"Simples";"Reta";"Sim";2;0;1;0;0;1;1;2;-24,049227;-52,3976858;"SPRF-PR";"DEL04-PR";"UOP03-DEL09-PR"
139206;2018-06-10;"domingo";"15:40:00";"PR";376;248,4;"APUCARANA";"Falta de Atenção à Condução";"Colisão transversal";"Com Vítimas Feridas";"Pleno dia";"Crescente";"Nublado";"Simples";"Curva";"Não";5;0;2;2;1;0;4;3;-23,60559888;-51,40884139;"SPRF-PR";"DEL07-PR";"UOP03-DEL07-PR"
139207;2018-06-10;"domingo";"15:30:00";"MG";381;485;"BETIM";"Defeito Mecânico no Veículo";"Colisão lateral";"Com Vítimas Feridas";"Pleno dia";"Crescente";"Céu Claro";"Dupla";"Curva";"Sim";3;0;1;0;2;0;1;2;-19,95907652;-44,09032005;"SPRF-MG";"DEL01-MG";"UOP03-DEL01-MG"
139208;2018-06-10;"domingo";"15:45:00";"CE";116;141;"RUSSAS";"Ingestão de Álcool";"Colisão transversal";"Com Vítimas Feridas";"Pleno dia";"Decrescente";"Céu Claro";"Simples";"Reta";"Sim";3;0;0;1;2;0;1;2;-4,76893946;-38,05344251;"SPRF-CE";"DEL03-CE";"UOP01-DEL03-CE"
139209;2018-06-10;"domingo";"15:40:00";"PE";101;77,5;"RECIFE";"Falta de Atenção à Condução";"Engavetamento";"Com Vítimas Feridas";"Pleno dia";"Crescente";"Céu Claro";"Dupla";"Em Obras";"Sim";5;0;2;0;3;0;2;3;-8,132167;-34,946231;"SPRF-PE";"DEL01-PE";"UOP01-DEL01-PE"
139213;2018-06-10;"domingo";"16:00:00";"PR";376;650,8;"TIJUCAS DO SUL";"Velocidade Incompatível";"Capotamento";"Com Vítimas Feridas";"Pleno dia";"Crescente";"Céu Claro";"Dupla";"Curva";"Não";1;0;1;0;0;0;1;1;-25,8453202;-49,07661438;"SPRF-PR";"DEL01-PR";"DEL7/1-UOP08/PR"
139215;2018-06-10;"domingo";"16:20:00";"RJ";101;76;"CAMPOS DOS GOYTACAZES";"Falta de Atenção à Condução";"Colisão traseira";"Com Vítimas Feridas";"Pleno dia";"Crescente";"Nublado";"Simples";"Reta";"Sim";2;0;1;0;1;0;1;2;-21,830009;-41,410316;"SPRF-RJ";"DEL08-RJ";"UOP02-DEL08-RJ"
139216;2018-06-10;"domingo";"16:00:00";"PI";316;7,8;"TERESINA";"Ingestão de Álcool";"Colisão traseira";"Sem Vítimas";"Pleno dia";"Crescente";"Sol";"Simples";"Reta";"Sim";3;0;0;0;3;0;0;3;-5,155847;-42,771732;"SPRF-PI";"DEL01-PI";"UOP02-DEL01-PI"
139218;2018-06-10;"domingo";"17:00:00";"MG";459;85;"CONGONHAL";"Falta de Atenção à Condução";"Colisão transversal";"Com Vítimas Feridas";"Anoitecer";"Decrescente";"Nublado";"Simples";"Reta";"Sim";2;0;1;1;0;0;2;2;-22,15014;-46,032013;"SPRF-MG";"N/A";"N/A"
139219;2018-05-17;"quinta-feira";"18:40:00";"RS";153;48,8;"ERECHIM";"Falta de Atenção do Pedestre";"Atropelamento de Pedestre";"Com Vítimas Feridas";"Plena Noite";"Decrescente";"Céu Claro";"Múltipla";"Reta";"Não";3;0;1;0;1;1;1;2;-27,6507036;-52,2557966;"SPRF-RS";"DEL08-RS";"UOP04-DEL08-RS"