"id";"data_inversa";"dia_semana";"horario";"uf";"br";"km";"municipio";"causa_acidente";"tipo_acidente";"classificacao_acidente";"fase_dia";"sentido_via";"condicao_metereologica";"tipo_pista";"tracado_via";"uso_solo";"pessoas";"mortos";"feridos_leves";"feridos_graves";"ilesos";"ignorados";"feridos";"veiculos";"latitude";"longitude";"regional";"delegacia";"uop"
139331;2018-06-10;"domingo";"23:10:00";"MS";163;525,9;"JARAGUARI";"Falta de Atenção à Condução";"Colisão traseira";"Sem Vítimas";"Plena Noite";"Decrescente";"Céu Claro";"Simples";"Reta";"Não";5;0;0;0;5;0;0;2;-20,10881285;-54,44274902;"SPRF-MS";"DEL01-MS";"UOP02-DEL01-MS"
139332;2018-06-10;"domingo";"23:40:00";"PR";277;723;"FOZ DO IGUACU";"Ingestão de Álcool";"Colisão traseira";"Com Vítimas Feridas";"Plena Noite";"Crescente";"Céu Claro";"Dupla";"Reta";"Sim";2;0;1;0;1;0;1;2;-25,498783;-54,529865;"SPRF-PR";"DEL05-PR";"UOP01-DEL05-PR"
139333;2018-06-10;"domingo";"07:50:00";"PB";230;139;"CAMPINA GRANDE";"Falta de Atenção à Condução";"Capotamento";"Sem Vítimas";"Plena Noite";"Decrescente";"Céu Claro";"Dupla";"Reta";"Não";1;0;0;0;0;1;0;1;-7,2696;-35,7899;"SPRF-PB";"DEL02-PB";"UOP01-DEL02-PB"
139335;2018-06-10;"domingo";"19:20:00";"PB";230;157,8;"CAMPINA GRANDE";"Ingestão de Álcool";"Colisão frontal";"Com Vítimas Feridas";"Plena Noite";"Crescente";"Céu Claro";"Simples";"Reta";"Sim";6;0;2;1;0;3;3;3;-7,261921;-35,922327;"SPRF-PB";"DEL02-PB";"UOP01-DEL02-PB"
139336;2018-06-11;"segunda-feira";"00:30:00";"GO";153;509,5;"APARECIDA DE GOIANIA";"Ingestão de Álcool";"Colisão frontal";"Com Vítimas Feridas";"Plena Noite";"Decrescente";"Céu Claro";"Dupla";"Reta;Declive";"Sim";2;0;0;1;1;0;1;2;-16,78473304;-49,23735112;"SPRF-GO";"DEL01-GO";"UOP03-DEL01-GO"
139339;2018-06-10;"domingo";"18:10:00";"RO";364;426;"JARU";"Desobediência às normas de trânsito pelo condutor";"Colisão frontal";"Com Vítimas Feridas";"Anoitecer";"Crescente";"Céu Claro";"Simples";"Interseção de Vias";"Sim";3;0;2;1;0;0;3;2;-10,432428;-62,479607;"SPRF-RO";"DEL03-RO";"UOP02-DEL03-RO"
139341;2018-06-10;"domingo";"23:50:00";"MG";365;80,7;"JEQUITAI";"Condutor Dormindo";"Saída de leito carroçável";"Com Vítimas Feridas";"Plena Noite";"Decrescente";"Céu Claro";"Simples";"Curva";"Não";3;0;1;1;1;0;2;1;-17,162331;-44,381645;"SPRF-MG";"DEL12-MG";"UOP01-DEL12-MG"
139344;2018-06-11;"segunda-feira";"02:30:00";"GO";153;502,3;"GOIANIA";"Falta de Atenção à Condução";"Colisão traseira";"Com Vítimas Feridas";"Plena Noite";"Crescente";"Céu Claro";"Dupla";"Reta";"Sim";2;0;1;0;0;1;1;2;-16,72071386;-49,23884511;"SPRF-GO";"DEL01-GO";"UOP01-DEL01-GO"
139346;2018-06-11;"segunda-feira";"03:00:00";"PE";232;58,6;"VITORIA DE SANTO ANTAO";"Animais na Pista";"Atropelamento de Animal";"Sem Vítimas";"Plena Noite";"Decrescente";"Céu Claro";"Dupla";"Reta";"Não";1;0;0;0;1;0;0;1;-8,144629;-35,390347;"SPRF-PE";"DEL01-PE";"UOP02-DEL02PE"
139348;2018-06-10;"domingo";"18:35:00";"PE";104;64,8;"CARUARU";"Falta de Atenção à Condução";"Colisão transversal";"Sem Vítimas";"Plena Noite";"Crescente";"Nublado";"Múltipla";"Interseção de Vias";"Sim";2;0;0;0;2;0;0;2;-8,28844819;-35,98443031;"SPRF-PE";"DEL02-PE";"UOP01-DEL02-PE"
139350;2018-06-11;"segunda-feira";"02:45:00";"RS";392;83;"PELOTAS";"Pista Escorregadia";"Tombamento";"Com Vítimas Feridas";"Plena Noite";"Crescente";"Chuva";"Múltipla";"Reta;Aclive";"Não";1;0;1;0;0;0;1;1;-31,653152;-52,471169;"SPRF-RS";"DEL07-RS";"UOP01-DEL07-RS"
139353;2018-06-11;"segunda-feira";"03:40:00";"RJ";101;256;"RIO BONITO";"Falta de Atenção à Condução";"Colisão traseira";"Com Vítimas Feridas";"Plena Noite";"Crescente";"Nevoeiro/Neblina";"Dupla";"Reta";"Sim";3;0;1;1;1;0;2;2;-22,701618;-42,587021;"SPRF-RJ";"DEL02-RJ";"UOP03-DEL02-RJ"
139355;2018-06-11;"segunda-feira";"05:30:00";"RN";101;117,5;"SAO JOSE DE MIPIBU";"Ingestão de Álcool";"Colisão traseira";"Com Vítimas Feridas";"Pleno dia";"Crescente";"Céu Claro";"Dupla";"Reta";"Não";3;0;1;1;1;0;2;2;-6,01185924;-35,25499821;"SPRF-RN";"DEL01-RN";"UOP01-DEL01-RN"
139356;2018-06-11;"segunda-feira";"05:40:00";"PR";476;147,5;"ARAUCARIA";"Falta de Atenção à Condução";"Colisão traseira";"Com Vítimas Feridas";"Plena Noite";"Crescente";"Céu Claro";"Dupla";"Reta";"Não";2;0;1;0;1;0;1;2;-25,55642864;-49,34532076;"SPRF-PR";"DEL01-PR";"UOP06-DEL01-PR"
139357;2018-06-11;"segunda-feira";"05:00:00";"DF";60;1;"BRASILIA";"Falta de Atenção do Pedestre";"Atropelamento de Pedestre";"Com Vítimas Fatais";"Amanhecer";"Decrescente";"Céu Claro";"Dupla";"Reta";"Sim";2;1;0;0;1;0;0;2;-15,885093;-48,068954;"SPRF-DF";"DEL01-DF";"UOP01-DEL03-DF"
139359;2018-06-11;"segunda-feira";"05:55:00";"PB";230;41,6;"SANTA RITA";"Pista Escorregadia";"Colisão com objeto estático";"Com Vítimas Fatais";"Pleno dia";"Decrescente";"Chuva";"Dupla";"Curva";"Não";1;1;0;0;0;0;0;1;-7,14170971;-34,99260306;"SPRF-PB";"DEL01-PB";"UOP01-DEL01-PB"
139360;2018-06-11;"segunda-feira";"05:33:00";"MG";40;144,1;"JOAO PINHEIRO";"Animais na Pista";"Atropelamento de Animal";"Com Vítimas Feridas";"Amanhecer";"Decrescente";"Céu Claro";"Simples";"Curva";"Sim";2;0;1;0;1;0;1;1;-17,75154995;-46,16879456;"SPRF-MG";"DEL14-MG";"UOP01-DEL14-MG"
139362;2018-06-11;"segunda-feira";"06:00:00";"DF";70;16,1;"BRASILIA";"Falta de Atenção à Condução";"Colisão traseira";"Com Vítimas Feridas";"Amanhecer";"Decrescente";"Céu Claro";"Dupla";"Rotatória";"Sim";1;0;1;0;0;0;1;1;-15,79622822;-48,19557846;"SPRF-DF";"DEL01-DF";"UOP02-DEL03-DF"
139363;2018-06-11;"segunda-feira";"03:50:00";"MA";316;424;"PERITORO";"Falta de Atenção do Pedestre";"Atropelamento de Pedestre";"Com Vítimas Fatais";"Plena Noite";"Decrescente";"Céu Claro";"Simples";"Reta";"Sim";2;1;0;0;0;1;0;2;-4,37054;-44,340851;"SPRF-MA";"DEL03-MA";"UOP01-DEL03-MA"
139364;2018-06-11;"segunda-feira";"05:20:00";"MG";251;477,2;"FRANCISCO SA";"Animais na Pista";"Atropelamento de Animal";"Com Vítimas Feridas";"Amanhecer";"Crescente";"Céu Claro";"Simples";"Reta";"Não";3;0;3;0;0;0;3;1;-16,4717;-43,4664;"SPRF-MG";"DEL12-MG";"UOP01-DEL12-MG"
139366;2018-06-11;"segunda-feira";"06:30:00";"ES";262;6,3;"CARIACICA";"Falta de Atenção à Condução";"Atropelamento de Pedestre";"Com Vítimas Feridas";"Pleno dia";"Crescente";"Céu Claro";"Múltipla";"Reta";"Sim";3;0;0;1;1;1;1;2;-20,34029459;-40,3911209;"SPRF-ES";"DEL01-ES";"UOP01-DEL01-ES"
139367;2018-06-11;"segunda-feira";"06:45:00";"RJ";40;122;"DUQUE DE CAXIAS";"Falta de Atenção à Condução";"Colisão lateral";"Com Vítimas Feridas";"Pleno dia";"Crescente";"Céu Claro";"Múltipla";"Reta";"Sim";2;0;1;0;1;0;1;2;-22,7968;-43,2889;"SPRF-RJ";"DEL01-RJ";"UOP01-DEL01-RJ"
139369;2018-06-11;"segunda-feira";"06:00:00";"RO";319;62;"PORTO VELHO";"Desobediência às normas de trânsito pelo condutor";"Colisão transversal";"Com Vítimas Feridas";"Amanhecer";"Crescente";"Sol";"Múltipla";"Reta";"Sim";3;0;2;0;1;0;2;2;-8,7514361;-63,88770819;"SPRF-RO";"DEL01-RO";"UOP01-DEL01-RO"
139371;2018-06-11;"segunda-feira";"06:45:00";"PB";101;88;"JOAO PESSOA";"Não guardar distância de segurança";"Colisão traseira";"Com Vítimas Feridas";"Pleno dia";"Decrescente";"Chuva";"Múltipla";"Reta";"Sim";2;0;1;0;1;0;1;2;-7,16664102;-34,89635468;"SPRF-PB";"DEL01-PB";"UOP01-DEL01-PB"
139372;2018-06-11;"segunda-feira";"05:50:00";"RJ";101;312;"SAO GONCALO";"Agressão Externa";"Colisão traseira";"Sem Vítimas";"Amanhecer";"Crescente";"Céu Claro";"Dupla";"Reta";"Sim";2;0;0;0;2;0;0;2;-22,805479;-43,061592;"SPRF-RJ";"DEL02-RJ";"DEL5/2-UOP04/RJ"
139373;2018-06-11;"segunda-feira";"07:40:00";"SP";101;47,2;"UBATUBA";"Desobediência às normas de trânsito pelo condutor";"Colisão lateral";"Com Vítimas Feridas";"Pleno dia";"Crescente";"Céu Claro";"Dupla";"Curva";"Sim";2;0;1;0;1;0;1;2;-23,43344221;-45,08651733;"SPRF-SP";"DEL06-SP";"UOP01-DEL06-SP"
139374;2018-06-11;"segunda-feira";"07:45:00";"DF";20;11,8;"BRASILIA";"Falta de Atenção à Condução";"Colisão lateral";"Com Vítimas Feridas";"Pleno dia";"Decrescente";"Céu Claro";"Dupla";"Reta";"Não";2;0;1;0;1;0;1;2;-15,643177;-47,759244;"SPRF-DF";"DEL02-DF";"UOP01-DEL02-DF"
139375;2018-06-11;"segunda-feira";"07:40:00";"GO";70;1;"AGUAS LINDAS DE GOIAS";"Falta de Atenção à Condução";"Queda de ocupante de veículo";"Com Vítimas Feridas";"Pleno dia";"Decrescente";"Céu Claro";"Dupla";"Declive";"Não";2;0;1;0;0;1;1;2;-15,77575535;-48,23267156;"SPRF-DF";"DEL01-DF";"UOP02-DEL03-DF"
139376;2018-06-11;"segunda-feira";"06:10:00";"ES";101;279;"SERRA";"Defeito Mecânico no Veículo";"Queda de ocupante de veículo";"Com Vítimas Feridas";"Pleno dia";"Crescente";"Céu Claro";"Dupla";"Reta";"Não";1;0;0;1;0;0;1;1;-20,217553;-40,3324252;"SPRF-ES";"DEL02-ES";"UOP01-DEL02-ES"
139377;2018-06-11;"segunda-feira";"04:20:00";"MA";230;426;"BALSAS";"Falta de Atenção à Condução";"Colisão traseira";"Com Vítimas Feridas";"Amanhecer";"Crescente";"Céu Claro";"Simples";"Reta";"Não";2;0;1;0;0;1;1;2;-7,4259641;-46,35466576;"SPRF-MA";"DEL05-MA";"UOP01-DEL05-MA"
139378;2018-06-11;"segunda-feira";"07:50:00";"RJ";40;60;"PETROPOLIS";"Velocidade Incompatível";"Colisão lateral";"Com Vítimas Feridas";"Pleno dia";"Crescente";"Céu Claro";"Múltipla";"Curva";"Sim";2;0;0;1;1;0;1;2;-22,36964943;-43,12803805;"SPRF-RJ";"DEL06-RJ";"UOP01-DEL06-RJ"
139379;2018-05-19;"sábado";"14:20:00";"RS";472;188,2;"SANTO CRISTO";"Não guardar distância de segurança";"Colisão traseira";"Com Vítimas Feridas";"Pleno dia";"Decrescente";"Nublado";"Simples";"Curva";"Não";2;0;1;0;1;0;1;2;-27,83769097;-54,64093208;"SPRF-RS";"DEL10-RS";"UOP01-DEL10-RS"
139380;2018-06-11;"segunda-feira";"08:06:00";"MG";381;533,5;"ITATIAIUCU";"Velocidade Incompatível";"Capotamento";"Com Vítimas Feridas";"Pleno dia";"Decrescente";"Sol";"Dupla";"Curva";"Não";4;0;3;0;1;0;3;1;-20,1868;-44,3809;"SPRF-MG";"DEL04-MG";"UOP03-DEL04-MG"
139381;2018-05-30;"quarta-feira";"06:40:00";"PB";101;92,6;"JOAO PESSOA";"Falta de Atenção à Condução";"Colisão transversal";"Com Vítimas Feridas";"Pleno dia";"Crescente";"Céu Claro";"Dupla";"Retorno Regulamentado";"Sim";4;0;2;0;2;0;2;4;-7,20207158;-34,90772456;"SPRF-PB";"DEL01-PB";"UOP01-DEL01-PB"
139382;2018-06-11;"segunda-feira";"06:30:00";"MG";40;524,3;"CONTAGEM";"Falta de Atenção do Pedestre";"Atropelamento de Pedestre";"Com Vítimas Feridas";"Pleno dia";"Decrescente";"Céu Claro";"Dupla";"Reta";"Sim";2;0;1;0;1;0;1;2;-19,88182446;-44,05061603;"SPRF-MG";"DEL01-MG";"UOP03-DEL01-MG"
139383;2018-04-15;"domingo";"16:00:00";"SP";116;0,1;"QUELUZ";"Objeto estático sobre o leito carroçável";"Colisão com objeto estático";"Com Vítimas Feridas";"Anoitecer";"Crescente";"Chuva";"Dupla";"Reta";"Não";1;0;1;0;0;0;1;1;-22,513866;-44,69955;"SPRF-SP";"DEL08-SP";"UOP02-DEL08-SP"
139384;2018-06-11;"segunda-feira";"07:35:00";"PR";369;497;"CORBELIA";"Defeito Mecânico no Veículo";"Saída de leito carroçável";"Com Vítimas Feridas";"Pleno dia";"Crescente";"Céu Claro";"Simples";"Reta";"Não";2;0;2;0;0;0;2;1;-24,7566;-53,2895;"SPRF-PR";"DEL04-PR";"UOP03-DEL04-PR"
139387;2018-06-11;"segunda-feira";"07:10:00";"CE";222;66,7;"SAO GONCALO DO AMARANTE";"Falta de Atenção à Condução";"Saída de leito carroçável";"Com Vítimas Feridas";"Pleno dia";"Crescente";"Céu Claro";"Simples";"Reta";"Não";4;0;4;0;0;0;4;1;-3,670834;-39,134007;"SPRF-CE";"DEL01-CE";"UOP03-DEL01-CE"
139389;2018-06-11;"segunda-feira";"08:10:00";"PR";369;161,2;"CAMBE";"Sinalização da via insuficiente ou inadequada";"Colisão transversal";"Com Vítimas Feridas";"Pleno dia";"Crescente";"Céu Claro";"Múltipla";"Reta;Interseção de Vias";"Não";3;0;1;0;2;0;1;2;-23,28865707;-51,26196731;"SPRF-PR";"DEL07-PR";"UOP01-DEL07-PR"
139390;2018-06-11;"segunda-feira";"06:30:00";"PR";153;304;"IMBITUVA";"Pista Escorregadia";"Colisão lateral";"Sem Vítimas";"Amanhecer";"Crescente";"Céu Claro";"Simples";"Curva;Declive";"Não";2;0;0;0;2;0;0;2;-25,24382257;-50,62280595;"SPRF-PR";"DEL03-PR";"UOP02-DEL08-PR"
139392;2018-06-11;"segunda-feira";"07:05:00";"PB";230;313;"SAO MAMEDE";"Desobediência às normas de trânsito pelo condutor";"Colisão transversal";"Com Vítimas Feridas";"Pleno dia";"Crescente";"Céu Claro";"Simples";"Interseção de Vias";"Sim";3;0;2;1;0;0;3;2;-6,937035;-37,094941;"SPRF-PB";"DEL03-PB";"UOP01-DEL03-PB"
139393;2018-06-11;"segunda-feira";"07:30:00";"GO";70;1;"AGUAS LINDAS DE GOIAS";"Falta de Atenção à Condução";"Colisão traseira";"Sem Vítimas";"Pleno dia";"Decrescente";"Céu Claro";"Dupla";"Reta;Declive";"Sim";4;0;0;0;4;0;0;4;-15,77528425;-48,23255569;"SPRF-DF";"DEL01-DF";"UOP02-DEL03-DF"
139395;2018-06-11;"segunda-feira";"08:35:00";"PB";230;23;"JOAO PESSOA";"Não guardar distância de segurança";"Colisão lateral";"Com Vítimas Feridas";"Pleno dia";"Decrescente";"Céu Claro";"Dupla";"Reta;Declive";"Não";3;0;1;1;1;0;2;2;-7,1562;-34,8574;"SPRF-PB";"DEL01-PB";"UOP01-DEL01-PB"
139396;2018-06-03;"domingo";"17:00:00";"MA";10;188,5;"CAMPESTRE DO MARANHAO";"Falta de Atenção à Condução";"Saída de leito carroçável";"Sem Vítimas";"Anoitecer";"Crescente";"Céu Claro";"Simples";"Reta";"Não";2;0;0;0;2;0;0;1;-6,071698;-47,382061;"SPRF-MA";"DEL04-MA";"UOP01-DEL04-MA"
139397;2018-06-11;"segunda-feira";"08:40:00";"PR";277;108;"CAMPO LARGO";"Pista Escorregadia";"Saída de leito carroçável";"Com Vítimas Feridas";"Pleno dia";"Crescente";"Sol";"Dupla";"Reta";"Não";1;0;1;0;0;0;1;1;-25,44666545;-49,48760298;"SPRF-PR";"DEL01-PR";"UOP06-DEL01-PR"
139398;2018-06-11;"segunda-feira";"07:30:00";"MG";262;475,3;"BOM DESPACHO";"Falta de Atenção à Condução";"Tombamento";"Com Vítimas Feridas";"Pleno dia";"Decrescente";"Sol";"Simples";"Reta;Aclive";"Sim";1;0;1;0;0;0;1;1;-19,783918;-45,25713;"SPRF-MG";"DEL08-MG";"UOP03-DEL08-MG"
139399;2018-06-11;"segunda-feira";"09:15:00";"GO";40;5;"VALPARAISO DE GOIAS";"Falta de Atenção à Condução";"Colisão lateral";"Com Vítimas Feridas";"Pleno dia";"Crescente";"Céu Claro";"Simples";"Reta";"Sim";2;0;1;0;1;0;1;2;-16,093134;-47,982236;"SPRF-DF";"DEL01-DF";"UOP01-DEL01-DF"
139401;2018-05-20;"domingo";"13:00:00";"PB";101;88,3;"JOAO PESSOA";"Desobediência às normas de trânsito pelo condutor";"Colisão lateral";"Com Vítimas Feridas";"Pleno dia";"Crescente";"Sol";"Dupla";"Interseção de Vias";"Sim";2;0;0;1;1;0;1;2;-7,16890904;-34,89705055;"SPRF-PB";"DEL01-PB";"UOP01-DEL01-PB"
139403;2018-06-05;"terça-feira";"17:50:00";"SE";101;103,8;"SAO CRISTOVAO";"Falta de Atenção à Condução";"Colisão traseira";"Com Vítimas Feridas";"Anoitecer";"Decrescente";"Céu Claro";"Dupla";"Retorno Regulamentado";"Não";3;0;1;0;2;0;1;2;-10,9583;-37,2395;"SPRF-SE";"DEL02-SE";"UOP01-DEL02-SE"
139404;2018-06-09;"sábado";"06:00:00";"PB";230;27,1;"JOAO PESSOA";"Ingestão de Álcool";"Atropelamento de Pedestre";"Com Vítimas Feridas";"Pleno dia";"Decrescente";"Céu Claro";"Dupla";"Reta";"Sim";3;0;3;0;0;0;3;2;-7,1677;-34,8855;"SPRF-PB";"DEL01-PB";"UOP01-DEL01-PB"
139405;2018-06-11;"segunda-feira";"08:20:00";"SP";381;86,7;"SAO PAULO";"Velocidade Incompatível";"Saída de leito carroçável";"Com Vítimas Feridas";"Pleno dia";"Decrescente";"Céu Claro";"Múltipla";"Reta";"Sim";2;0;1;0;1;0;1;1;-23,470213;-46,566809;"SPRF-SP";"DEL03-SP";"DEL6/3-UOP03/SP"
139408;2018-06-11;"segunda-feira";"09:30:00";"SC";101;216,5;"PALHOCA";"Falta de Atenção à Condução";"Colisão transversal";"Com Vítimas Feridas";"Pleno dia";"Crescente";"Céu Claro";"Dupla";"Interseção de Vias";"Sim";2;0;1;1;0;0;2;2;-27,659815;-48,677479;"SPRF-SC";"DEL01-SC";"UOP02-DEL01-SC"
139409;2018-06-06;"quarta-feira";"20:50:00";"SE";235;1;"ARACAJU";"Falta de Atenção à Condução";"Colisão transversal";"Com Vítimas Feridas";"Plena Noite";"Decrescente";"Nublado";"Dupla";"Reta";"Sim";2;0;2;0;0;0;2;2;-10,90942011;-37,08027899;"SPRF-SE";"DEL01-SE";"UOP01-DEL01-SE"
139410;2018-06-11;"segunda-feira";"09:00:00";"RS";116;246;"SAO LEOPOLDO";"Falta de Atenção à Condução";"Colisão traseira";"Com Vítimas Feridas";"Pleno dia";"Decrescente";"Nublado";"Dupla";"Reta";"Sim";3;0;1;0;2;0;1;3;-29,7437552;-51,1525023;"SPRF-RS";"DEL01-RS";"UOP02-DEL01-RS"
139411;2018-04-20;"sexta-feira";"16:40:00";"PR";376;5;"APUCARANA";"Falta de Atenção à Condução";"Colisão transversal";"Com Vítimas Feridas";"Pleno dia";"Decrescente";"Céu Claro";"Simples";"Curva;Declive";"Sim";2;0;0;1;1;0;1;2;-23,54962841;-51,4498418;"SPRF-PR";"DEL07-PR";"UOP03-DEL07-PR"
139412;2018-05-23;"quarta-feira";"11:45:00";"PB";101;83,1;"BAYEUX";"Falta de Atenção à Condução";"Colisão lateral";"Com Vítimas Feridas";"Pleno dia";"Decrescente";"Céu Claro";"Dupla";"Reta";"Sim";2;0;1;0;1;0;1;2;-7,13426;-34,928716;"SPRF-PB";"DEL01-PB";"UOP01-DEL01-PB"
139413;2018-06-11;"segunda-feira";"07:15:00";"PE";104;45;"CARUARU";"Falta de Atenção à Condução";"Colisão traseira";"Com Vítimas Feridas";"Pleno dia";"Decrescente";"Céu Claro";"Dupla";"Curva";"Não";4;0;1;2;1;0;3;3;-8,1203;-35,999;"SPRF-PE";"DEL02-PE";"UOP01-DEL02-PE"
139414;2018-06-11;"segunda-feira";"08:50:00";"RS";285;355,1;"COLORADO";"Animais na Pista";"Colisão com objeto estático";"Com Vítimas Feridas";"Pleno dia";"Decrescente";"Garoa/Chuvisco";"Simples";"Ponte;Reta;Declive";"Não";1;0;1;0;0;0;1;1;-28,35435774;-52,95068979;"SPRF-RS";"DEL08-RS";"UOP03-DEL08-RS"
139415;2018-06-09;"sábado";"08:20:00";"BA";135;141,6;"RIACHAO DAS NEVES";"Falta de Atenção à Condução";"Colisão lateral";"Com Vítimas Feridas";"Pleno dia";"Decrescente";"Céu Claro";"Simples";"Reta";"Não";7;0;2;0;5;0;2;3;-11,877671;-44,848563;"SPRF-BA";"DEL10-BA";"UOP01-DEL10-BA"
139416;2018-06-11;"segunda-feira";"07:20:00";"SC";282;274;"SAO JOSE DO CERRITO";"Falta de Atenção à Condução";"Saída de leito carroçável";"Com Vítimas Feridas";"Pleno dia";"Crescente";"Nublado";"Simples";"Curva";"Não";1;0;1;0;0;0;1;1;-27,61418916;-50,71632385;"SPRF-SC";"DEL05-SC";"UOP02-DEL05-SC"
139418;2018-06-11;"segunda-feira";"10:20:00";"PI";343;48,4;"BURITI DOS LOPES";"Falta de Atenção à Condução";"Tombamento";"Com Vítimas Feridas";"Pleno dia";"Decrescente";"Sol";"Simples";"Reta";"Sim";2;0;1;0;1;0;1;1;-3,17693873;-41,86593533;"SPRF-PI";"DEL05-PI";"UOP01-DEL05-PI"
139420;2018-06-11;"segunda-feira";"09:35:00";"GO";153;300;"RIALMA";"Mal Súbito";"Saída de leito carroçável";"Com Vítimas Feridas";"Pleno dia";"Crescente";"Céu Claro";"Simples";"Reta";"Não";2;0;2;0;0;0;2;1;-15,294864;-49,568897;"SPRF-GO";"DEL02-GO";"UOP02-DEL02-GO"
139421;2018-06-11;"segunda-feira";"10:00:00";"SC";282;0,7;"FLORIANOPOLIS";"Não guardar distância de segurança";"Colisão traseira";"Com Vítimas Feridas";"Pleno dia";"Decrescente";"Sol";"Dupla";"Reta";"Sim";5;0;1;0;4;0;1;4;-27,59845;-48,571995;"SPRF-SC";"DEL01-SC";"UOP01-DEL01-SC"
139422;2018-06-11;"segunda-feira";"09:20:00";"SC";101;39;"JOINVILLE";"Falta de Atenção à Condução";"Colisão transversal";"Com Vítimas Feridas";"Pleno dia";"Decrescente";"Nublado";"Simples";"Rotatória";"Sim";2;0;1;0;1;0;1;2;-26,29703162;-48,88375282;"SPRF-SC";"DEL03-SC";"UOP01-DEL03-SC"
139426;2018-06-11;"segunda-feira";"09:40:00";"PB";0;0;"SANTA RITA";"Falta de Atenção à Condução";"Saída de leito carroçável";"Com Vítimas Feridas";"Pleno dia";"Não Informado";"Céu Claro";"Dupla";"Declive";"Não";1;0;1;0;0;0;1;1;-7,0703;-34,9998;"SPRF-PB";"DEL01-PB";"UOP04-DEL01-PB"
139429;2018-06-11;"segunda-feira";"10:50:00";"PR";376;178,4;"MARINGA";"Velocidade Incompatível";"Colisão traseira";"Com Vítimas Feridas";"Pleno dia";"Decrescente";"Céu Claro";"Múltipla";"Reta;Interseção de Vias";"Sim";3;0;1;0;2;0;1;3;-23,417948;-51,9172;"SPRF-PR";"DEL07-PR";"UOP01-DEL09-PR"
139430;2018-06-11;"segunda-feira";"10:45:00";"MG";381;584,1;"CARMOPOLIS DE MINAS";"Defeito Mecânico no Veículo";"Queda de ocupante de veículo";"Com Vítimas Feridas";"Pleno dia";"Decrescente";"Céu Claro";"Dupla";"Curva";"Não";2;0;1;0;1;0;1;1;-20,5177;-44,6187;"SPRF-MG";"DEL04-MG";"UOP01-DEL04-MG"
139431;2018-06-11;"segunda-feira";"10:45:00";"SC";101;194,8;"BIGUACU";"Falta de Atenção à Condução";"Colisão traseira";"Com Vítimas Feridas";"Pleno dia";"Decrescente";"Céu Claro";"Múltipla";"Reta";"Sim";3;0;2;0;1;0;2;2;-27,50646322;-48,64780421;"SPRF-SC";"DEL01-SC";"UOP01-DEL01-SC"
139432;2018-06-11;"segunda-feira";"06:40:00";"RS";285;175,5;"LAGOA VERMELHA";"Condutor Dormindo";"Saída de leito carroçável";"Com Vítimas Feridas";"Amanhecer";"Decrescente";"Nublado";"Simples";"Reta";"Não";1;0;1;0;0;0;1;1;-28,30838576;-51,36594951;"SPRF-RS";"DEL08-RS";"UOP05-DEL08-RS"
139436;2018-06-11;"segunda-feira";"10:59:00";"PR";116;138;"MANDIRITUBA";"Desobediência às normas de trânsito pelo condutor";"Capotamento";"Sem Vítimas";"Pleno dia";"Decrescente";"Céu Claro";"Dupla";"Declive";"Não";1;0;0;0;0;1;0;1;-25,69498259;-49,31769803;"SPRF-PR";"DEL01-PR";"UOP03-DEL01-PR"
139438;2018-06-11;"segunda-feira";"09:55:00";"RJ";393;282,1;"VOLTA REDONDA";"Falta de Atenção à Condução";"Colisão transversal";"Com Vítimas Feridas";"Pleno dia";"Decrescente";"Céu Claro";"Simples";"Interseção de Vias";"Sim";3;0;1;0;1;1;1;3;-22,48086209;-44,06295771;"SPRF-RJ";"DEL05-RJ";"UOP04-DEL05-RJ"
139439;2018-06-11;"segunda-feira";"11:00:00";"RS";101;22,2;"TRES CACHOEIRAS";"Falta de Atenção à Condução";"Saída de leito carroçável";"Com Vítimas Feridas";"Pleno dia";"Decrescente";"Céu Claro";"Dupla";"Reta";"Não";1;0;1;0;0;0;1;1;-29,44079352;-49,90241289;"SPRF-RS";"DEL03-RS";"DEL9/3-UOP03/RS"
139440;2018-06-11;"segunda-feira";"12:00:00";"SC";101;373;"ICARA";"Falta de Atenção à Condução";"Colisão com objeto estático";"Sem Vítimas";"Pleno dia";"Decrescente";"Céu Claro";"Dupla";"Reta";"Não";1;0;0;0;1;0;0;1;-28,715;-49,2241;"SPRF-SC";"DEL02-SC";"UOP01-DEL02-SC"
139441;2018-06-11;"segunda-feira";"11:30:00";"RJ";465;12;"SEROPEDICA";"Falta de Atenção do Pedestre";"Atropelamento de Pedestre";"Com Vítimas Feridas";"Pleno dia";"Decrescente";"Céu Claro";"Simples";"Reta";"Sim";2;0;1;0;1;0;1;2;-22,791252;-43,651257;"SPRF-RJ";"DEL01-RJ";"UOP03-DEL01-RJ"
139442;2018-06-11;"segunda-feira";"11:30:00";"PA";10;234,5;"IPIXUNA DO PARA";"Desobediência às normas de trânsito pelo condutor";"Colisão lateral";"Com Vítimas Fatais";"Pleno dia";"Decrescente";"Céu Claro";"Simples";"Reta";"Sim";3;1;0;0;1;1;0;3;-2,384335;-47,54338;"SPRF-PA";"DEL02-PA";"UOP01-DEL02-PA"
139443;2018-06-11;"segunda-feira";"11:25:00";"MS";463;1,4;"DOURADOS";"Falta de Atenção à Condução";"Colisão frontal";"Com Vítimas Feridas";"Pleno dia";"Crescente";"Nublado";"Simples";"Interseção de Vias";"Sim";2;0;1;0;1;0;1;2;-22,25912796;-54,81786668;"SPRF-MS";"DEL04-MS";"UOP01-DEL04-MS"