"id";"data_inversa";"dia_semana";"horario";"uf";"br";"km";"municipio";"causa_acidente";"tipo_acidente";"classificacao_acidente";"fase_dia";"sentido_via";"condicao_metereologica";"tipo_pista";"tracado_via";"uso_solo";"pessoas";"mortos";"feridos_leves";"feridos_graves";"ilesos";"ignorados";"feridos";"veiculos";"latitude";"longitude";"regional";"delegacia";"uop"
139444;2018-06-04;"segunda-feira";"10:37:00";"RO";319;64;"PORTO VELHO";"Não guardar distância de segurança";"Colisão traseira";"Com Vítimas Feridas";"Pleno dia";"Crescente";"Nublado";"Dupla";"Interseção de Vias";"Sim";2;0;1;0;1;0;1;2;-8,76733352;-63,88428837;"SPRF-RO";"DEL01-RO";"UOP01-DEL01-RO"
139445;2018-06-11;"segunda-feira";"12:20:00";"SC";282;218;"LAGES";"Não guardar distância de segurança";"Colisão traseira";"Com Vítimas Feridas";"Pleno dia";"Decrescente";"Céu Claro";"Dupla";"Em Obras";"Sim";2;0;1;0;1;0;1;2;-27,79818844;-50,30648768;"SPRF-SC";"DEL05-SC";"UOP01-DEL05-SC"
139446;2018-06-11;"segunda-feira";"09:10:00";"PI";316;57,8;"MONSENHOR GIL";"Falta de Atenção à Condução";"Atropelamento de Pedestre";"Com Vítimas Feridas";"Pleno dia";"Decrescente";"Céu Claro";"Simples";"Reta";"Sim";2;0;0;1;1;0;1;2;-5,55683037;-42,61193275;"SPRF-PI";"DEL01-PI";"UOP02-DEL01-PI"
139447;2018-06-11;"segunda-feira";"12:30:00";"SC";101;204,1;"SAO JOSE";"Pista Escorregadia";"Tombamento";"Com Vítimas Feridas";"Pleno dia";"Crescente";"Nublado";"Dupla";"Reta";"Sim";1;0;0;1;0;0;1;1;-27,5832;-48,6151;"SPRF-SC";"DEL01-SC";"UOP01-DEL01-SC"
139449;2018-06-11;"segunda-feira";"12:50:00";"PR";476;136,7;"CURITIBA";"Falta de Atenção à Condução";"Colisão lateral";"Com Vítimas Feridas";"Pleno dia";"Crescente";"Céu Claro";"Múltipla";"Reta";"Sim";2;0;1;0;1;0;1;2;-25,49618993;-49,27554846;"SPRF-PR";"DEL01-PR";"UOP07-DEL01-PR"
139450;2018-06-11;"segunda-feira";"12:55:00";"GO";60;137,9;"GOIANIA";"Defeito Mecânico no Veículo";"Queda de ocupante de veículo";"Com Vítimas Feridas";"Pleno dia";"Crescente";"Céu Claro";"Dupla";"Interseção de Vias";"Sim";2;0;2;0;0;0;2;1;-16,6117;-49,2053;"SPRF-GO";"DEL01-GO";"UOP01-DEL01-GO"
139451;2018-06-11;"segunda-feira";"12:40:00";"DF";20;0,7;"BRASILIA";"Falta de Atenção à Condução";"Colisão traseira";"Com Vítimas Feridas";"Pleno dia";"Decrescente";"Céu Claro";"Dupla";"Reta";"Sim";3;0;1;0;2;0;1;3;-15,68682978;-47,85226107;"SPRF-DF";"DEL02-DF";"UOP01-DEL02-DF"
139453;2018-05-30;"quarta-feira";"15:30:00";"RS";116;528,9;"CAPAO DO LEAO";"Desobediência às normas de trânsito pelo condutor";"Colisão transversal";"Com Vítimas Feridas";"Pleno dia";"Crescente";"Céu Claro";"Simples";"Reta";"Não";3;0;2;0;1;0;2;2;-31,7556124;-52,43019104;"SPRF-RS";"DEL07-RS";"UOP01-DEL07-RS"
139454;2018-06-06;"quarta-feira";"22:40:00";"ES";101;392;"RIO NOVO DO SUL";"Falta de Atenção à Condução";"Queda de ocupante de veículo";"Com Vítimas Feridas";"Plena Noite";"Decrescente";"Céu Claro";"Simples";"Interseção de Vias";"Não";1;0;0;1;0;0;1;1;-20,86623061;-40,90822393;"SPRF-ES";"DEL03-ES";"UOP02-DEL03-ES"
139456;2018-06-11;"segunda-feira";"12:50:00";"PB";101;60,1;"SANTA RITA";"Falta de Atenção à Condução";"Colisão traseira";"Com Vítimas Feridas";"Pleno dia";"Decrescente";"Sol";"Dupla";"Reta";"Não";3;0;1;0;2;0;1;2;-7,013;-35,061;"SPRF-PB";"DEL01-PB";"UOP04-DEL01-PB"
139457;2018-04-20;"sexta-feira";"10:30:00";"RS";116;262;"CANOAS";"Falta de Atenção à Condução";"Tombamento";"Com Vítimas Feridas";"Pleno dia";"Decrescente";"Céu Claro";"Dupla";"Curva";"Não";1;0;0;1;0;0;1;1;-29,89244809;-51,17567159;"SPRF-RS";"DEL01-RS";"UOP01-DEL01-RS"
139459;2018-06-11;"segunda-feira";"13:00:00";"PE";232;226,6;"PESQUEIRA";"Falta de Atenção à Condução";"Colisão lateral";"Com Vítimas Feridas";"Pleno dia";"Crescente";"Sol";"Simples";"Reta";"Não";7;0;4;1;2;0;5;2;-8,40245;-36,83393;"SPRF-PE";"DEL03-PE";"UOP02-DEL03-PE"
139462;2018-06-11;"segunda-feira";"11:00:00";"GO";60;262,5;"INDIARA";"Falta de Atenção à Condução";"Colisão traseira";"Sem Vítimas";"Pleno dia";"Crescente";"Sol";"Dupla";"Aclive";"Sim";2;0;0;0;2;0;0;2;-17,19188081;-50,07800102;"SPRF-GO";"DEL01-GO";"UOP02-DEL01-GO"
139463;2018-06-11;"segunda-feira";"14:00:00";"MT";70;7,4;"BARRA DO GARCAS";"Falta de Atenção à Condução";"Colisão transversal";"Com Vítimas Feridas";"Pleno dia";"Crescente";"Céu Claro";"Simples";"Reta";"Sim";3;0;1;0;1;1;1;3;-15,87817124;-52,32079983;"SPRF-MT";"DEL07-MT";"UOP01-DEL07-MT"
139464;2018-06-11;"segunda-feira";"13:20:00";"MG";50;21;"UBERLANDIA";"Falta de Atenção à Condução";"Queda de ocupante de veículo";"Com Vítimas Feridas";"Pleno dia";"Decrescente";"Céu Claro";"Dupla";"Viaduto";"Sim";2;0;2;0;0;0;2;1;-18,93845894;-48,21835041;"SPRF-MG";"DEL15-MG";"UOP02-DEL15-MG"
139465;2018-06-11;"segunda-feira";"12:45:00";"MG";40;43,4;"PARACATU";"Falta de Atenção à Condução";"Colisão transversal";"Com Vítimas Feridas";"Pleno dia";"Crescente";"Céu Claro";"Simples";"Reta";"Sim";3;0;2;0;1;0;2;2;-17,225937;-46,861691;"SPRF-MG";"DEL14-MG";"UOP01-DEL14-MG"
139466;2018-06-11;"segunda-feira";"13:45:00";"SC";101;120;"ITAJAI";"Desobediência às normas de trânsito pelo condutor";"Colisão lateral";"Com Vítimas Feridas";"Pleno dia";"Decrescente";"Nublado";"Dupla";"Interseção de Vias";"Sim";2;0;1;0;0;1;1;2;-26,918146;-48,708633;"SPRF-SC";"DEL04-SC";"UOP04-DEL04-SC"
139468;2018-06-11;"segunda-feira";"14:15:00";"RJ";393;280,1;"BARRA DO PIRAI";"Falta de Atenção do Pedestre";"Atropelamento de Pedestre";"Com Vítimas Feridas";"Pleno dia";"Decrescente";"Céu Claro";"Simples";"Reta";"Sim";2;0;2;0;0;0;2;2;-22,4772684;-44,04791236;"SPRF-RJ";"DEL05-RJ";"UOP04-DEL05-RJ"
139469;2018-06-01;"sexta-feira";"05:30:00";"MT";364;74,7;"ALTO GARCAS";"Não guardar distância de segurança";"Colisão lateral";"Com Vítimas Feridas";"Plena Noite";"Crescente";"Céu Claro";"Simples";"Reta";"Não";6;0;5;0;1;0;5;2;-16,905317;-53,648884;"SPRF-MT";"DEL02-MT";"UOP02-DEL02-MT"
139470;2018-06-11;"segunda-feira";"13:40:00";"RJ";116;319;"ITATIAIA";"Falta de Atenção à Condução";"Colisão traseira";"Com Vítimas Feridas";"Pleno dia";"Decrescente";"Nublado";"Múltipla";"Reta";"Não";2;0;1;0;1;0;1;2;-22,467085;-44,500671;"SPRF-RJ";"DEL07-RJ";"DEL5/7-UOP03/RJ"
139471;2018-06-11;"segunda-feira";"14:35:00";"CE";20;9,6;"MARACANAU";"Defeito Mecânico no Veículo";"Incêndio";"Sem Vítimas";"Pleno dia";"Crescente";"Céu Claro";"Dupla";"Reta";"Sim";1;0;0;0;1;0;0;1;-3,85652597;-38,55154037;"SPRF-CE";"DEL02-CE";"UOP02-DEL02-CE"
139472;2018-05-26;"sábado";"09:30:00";"RS";285;486,4;"ENTRE-IJUIS";"Não guardar distância de segurança";"Colisão traseira";"Sem Vítimas";"Pleno dia";"Crescente";"Céu Claro";"Simples";"Reta";"Não";2;0;0;0;2;0;0;2;-28,37439107;-54,16635275;"SPRF-RS";"DEL10-RS";"UOP01-DEL10-RS"
139473;2018-06-11;"segunda-feira";"14:43:00";"ES";101;270,8;"SERRA";"Velocidade Incompatível";"Colisão com objeto estático";"Com Vítimas Feridas";"Pleno dia";"Decrescente";"Céu Claro";"Múltipla";"Curva";"Sim";1;0;0;1;0;0;1;1;-20,23300834;-40,27488172;"SPRF-ES";"DEL02-ES";"UOP01-DEL02-ES"
139474;2018-06-10;"domingo";"00:15:00";"SC";282;1,1;"FLORIANOPOLIS";"Falta de Atenção à Condução";"Capotamento";"Sem Vítimas";"Plena Noite";"Decrescente";"Céu Claro";"Dupla";"Curva";"Não";1;0;0;0;1;0;0;1;-27,60348409;-48,58153224;"SPRF-SC";"DEL01-SC";"UOP01-DEL01-SC"
139475;2018-06-11;"segunda-feira";"14:40:00";"PR";376;176;"MARINGA";"Não guardar distância de segurança";"Colisão traseira";"Com Vítimas Feridas";"Pleno dia";"Decrescente";"Céu Claro";"Dupla";"Declive;Interseção de Vias";"Sim";2;0;1;0;1;0;1;2;-23,412691;-51,931583;"SPRF-PR";"DEL07-PR";"UOP01-DEL09-PR"
139476;2018-06-11;"segunda-feira";"14:20:00";"PR";476;138;"CURITIBA";"Falta de Atenção à Condução";"Atropelamento de Pedestre";"Com Vítimas Feridas";"Pleno dia";"Crescente";"Céu Claro";"Dupla";"Reta";"Sim";3;0;2;0;1;0;2;3;-25,505564;-49,283417;"SPRF-PR";"DEL01-PR";"UOP07-DEL01-PR"
139477;2018-06-11;"segunda-feira";"14:20:00";"PE";101;76,2;"RECIFE";"Ingestão de Álcool";"Colisão com objeto estático";"Com Vítimas Feridas";"Pleno dia";"Crescente";"Céu Claro";"Dupla";"Reta;Em Obras";"Sim";1;0;1;0;0;0;1;1;-8,121437;-34,943188;"SPRF-PE";"DEL01-PE";"UOP01-DEL01-PE"
139478;2018-05-18;"sexta-feira";"11:00:00";"RS";386;416;"MONTENEGRO";"Pista Escorregadia";"Saída de leito carroçável";"Com Vítimas Feridas";"Pleno dia";"Decrescente";"Chuva";"Simples";"Reta";"Não";1;0;1;0;0;0;1;1;-29,817648;-51,463001;"SPRF-RS";"DEL04-RS";"UOP02-DEL04-RS"
139479;2018-06-11;"segunda-feira";"15:40:00";"SC";280;71;"JARAGUA DO SUL";"Falta de Atenção à Condução";"Colisão lateral";"Com Vítimas Feridas";"Pleno dia";"Decrescente";"Céu Claro";"Simples";"Reta";"Não";2;0;1;0;1;0;1;2;-26,4615;-49,134842;"SPRF-SC";"DEL03-SC";"UOP03-DEL03-SC"
139482;2018-06-11;"segunda-feira";"15:30:00";"SP";116;277;"EMBU DAS ARTES";"Falta de Atenção à Condução";"Colisão lateral";"Com Vítimas Feridas";"Pleno dia";"Crescente";"Nublado";"Dupla";"Reta";"Sim";3;0;2;0;1;0;2;2;-23,65238649;-46,84776306;"SPRF-SP";"DEL04-SP";"UOP01-DEL04-SP"
139483;2018-06-11;"segunda-feira";"16:00:00";"SC";101;193;"BIGUACU";"Desobediência às normas de trânsito pelo condutor";"Colisão frontal";"Com Vítimas Feridas";"Pleno dia";"Crescente";"Céu Claro";"Dupla";"Reta";"Sim";2;0;1;0;1;0;1;2;-27,49096543;-48,65667072;"SPRF-SC";"DEL01-SC";"UOP01-DEL01-SC"
139486;2018-06-11;"segunda-feira";"15:45:00";"PE";423;89,5;"SAO JOAO";"Falta de Atenção à Condução";"Colisão transversal";"Com Vítimas Feridas";"Pleno dia";"Decrescente";"Céu Claro";"Simples";"Interseção de Vias";"Não";2;0;1;0;1;0;1;2;-8,84143909;-36,45763636;"SPRF-PE";"DEL03-PE";"UOP01-DEL03-PE"
139487;2018-06-11;"segunda-feira";"15:00:00";"MS";60;427,8;"SIDROLANDIA";"Falta de Atenção à Condução";"Colisão com objeto estático";"Com Vítimas Feridas";"Pleno dia";"Decrescente";"Céu Claro";"Simples";"Reta";"Não";3;0;2;0;0;1;2;2;-20,95556847;-54,97334361;"SPRF-MS";"DEL01-MS";"UOP04-DEL01-MS"
139489;2018-06-11;"segunda-feira";"16:10:00";"PE";101;63;"RECIFE";"Falta de Atenção à Condução";"Colisão traseira";"Com Vítimas Feridas";"Anoitecer";"Crescente";"Céu Claro";"Dupla";"Reta";"Não";2;0;1;0;1;0;1;2;-8,00677048;-34,93772507;"SPRF-PE";"DEL01-PE";"UOP02-DEL01-PE"
139492;2018-05-09;"quarta-feira";"13:30:00";"RS";158;1,7;"SANTANA DO LIVRAMENTO";"Defeito na Via";"Tombamento";"Com Vítimas Feridas";"Pleno dia";"Crescente";"Nublado";"Simples";"Reta";"Não";1;0;1;0;0;0;1;1;-30,88161065;-55,50915778;"SPRF-RS";"DEL11-RS";"UOP01-DEL11-RS"
139493;2018-06-11;"segunda-feira";"17:00:00";"PR";369;178;"ROLANDIA";"Falta de Atenção à Condução";"Colisão transversal";"Com Vítimas Feridas";"Anoitecer";"Crescente";"Céu Claro";"Dupla";"Reta";"Sim";2;0;1;0;1;0;1;2;-23,34610741;-51,38630563;"SPRF-PR";"DEL07-PR";"UOP01-DEL07-PR"
139494;2018-06-11;"segunda-feira";"16:40:00";"GO";60;77,2;"ANAPOLIS";"Condutor Dormindo";"Saída de leito carroçável";"Sem Vítimas";"Pleno dia";"Crescente";"Sol";"Dupla";"Reta;Declive";"Não";2;0;0;0;2;0;0;1;-16,29134;-48,799546;"SPRF-GO";"DEL02-GO";"UOP01-DEL02-GO"
139495;2018-05-11;"sexta-feira";"17:50:00";"PA";308;201;"BRAGANCA";"Falta de Atenção à Condução";"Colisão transversal";"Com Vítimas Fatais";"Anoitecer";"Crescente";"Chuva";"Simples";"Reta";"Não";5;2;0;3;0;0;3;2;-1,066236;-46,768661;"SPRF-PA";"DEL01-PA";"UOP03-DEL01-PA"
139497;2018-06-11;"segunda-feira";"17:00:00";"MG";262;876;"CAMPO FLORIDO";"Falta de Atenção à Condução";"Colisão transversal";"Com Vítimas Feridas";"Pleno dia";"Crescente";"Ignorado";"Simples";"Reta";"Sim";2;0;1;0;1;0;1;2;-19,766943;-48,580914;"SPRF-MG";"DEL13-MG";"UOP01-DEL13-MG"
139498;2018-06-11;"segunda-feira";"17:40:00";"BA";324;607;"SIMOES FILHO";"Não guardar distância de segurança";"Engavetamento";"Com Vítimas Feridas";"Anoitecer";"Crescente";"Nublado";"Dupla";"Aclive";"Sim";5;0;1;0;4;0;1;4;-12,8063025;-38,4039852;"SPRF-BA";"DEL01-BA";"UOP01-DEL01-BA"
139499;2018-06-11;"segunda-feira";"18:00:00";"SC";101;168,4;"TIJUCAS";"Desobediência às normas de trânsito pelo pedestre";"Atropelamento de Pedestre";"Com Vítimas Feridas";"Anoitecer";"Crescente";"Céu Claro";"Dupla";"Reta";"Não";2;0;0;1;1;0;1;2;-27,30284184;-48,64348322;"SPRF-SC";"DEL04-SC";"UOP03-DEL04-SC"
139501;2018-06-11;"segunda-feira";"18:10:00";"CE";222;44;"SAO GONCALO DO AMARANTE";"Falta de Atenção à Condução";"Colisão frontal";"Com Vítimas Feridas";"Anoitecer";"Crescente";"Céu Claro";"Simples";"Reta";"Não";3;0;1;0;2;0;1;3;-3,675956;-38,941017;"SPRF-CE";"DEL01-CE";"UOP03-DEL01-CE"
139502;2018-06-11;"segunda-feira";"13:15:00";"SC";282;543,4;"CHAPECO";"Velocidade Incompatível";"Saída de leito carroçável";"Com Vítimas Feridas";"Pleno dia";"Crescente";"Chuva";"Simples";"Curva";"Não";1;0;1;0;0;0;1;1;-26,999392;-52,717831;"SPRF-SC";"DEL07-SC";"UOP01-DEL07-SC"
139505;2018-06-11;"segunda-feira";"17:50:00";"MG";40;476;"SETE LAGOAS";"Falta de Atenção à Condução";"Colisão traseira";"Com Vítimas Feridas";"Anoitecer";"Crescente";"Céu Claro";"Dupla";"Curva";"Não";2;0;0;1;1;0;1;2;-19,5236;-44,2634;"SPRF-MG";"DEL02-MG";"UOP01-DEL02-MG"
139506;2018-06-11;"segunda-feira";"17:20:00";"PI";407;445,4;"GEMINIANO";"Não guardar distância de segurança";"Colisão traseira";"Sem Vítimas";"Pleno dia";"Crescente";"Céu Claro";"Simples";"Aclive";"Não";2;0;0;0;2;0;0;2;-7,2281941;-41,2690225;"SPRF-PI";"DEL04-PI";"UOP01-DEL04-PI"
139508;2018-06-11;"segunda-feira";"18:15:00";"SE";235;2,2;"NOSSA SENHORA DO SOCORRO";"Ingestão de Álcool";"Atropelamento de Pedestre";"Com Vítimas Feridas";"Plena Noite";"Decrescente";"Nublado";"Dupla";"Reta;Declive";"Sim";2;0;1;0;1;0;1;2;-10,90749221;-37,09390461;"SPRF-SE";"DEL01-SE";"UOP01-DEL01-SE"
139509;2018-06-11;"segunda-feira";"18:15:00";"SC";280;54;"GUARAMIRIM";"Falta de Atenção à Condução";"Colisão transversal";"Sem Vítimas";"Anoitecer";"Crescente";"Céu Claro";"Simples";"Reta";"Não";2;0;0;0;2;0;0;2;-26,475399;-48,983723;"SPRF-SC";"DEL03-SC";"UOP03-DEL03-SC"
139510;2018-06-11;"segunda-feira";"16:30:00";"MG";381;489,4;"BETIM";"Objeto estático sobre o leito carroçável";"Colisão com objeto estático";"Com Vítimas Feridas";"Pleno dia";"Decrescente";"Céu Claro";"Dupla";"Reta";"Sim";3;0;2;0;0;1;2;2;-19,9563;-44,1428;"SPRF-MG";"DEL01-MG";"UOP03-DEL01-MG"
139511;2018-06-11;"segunda-feira";"18:05:00";"PB";101;89;"JOAO PESSOA";"Avarias e/ou desgaste excessivo no pneu";"Tombamento";"Com Vítimas Feridas";"Plena Noite";"Crescente";"Céu Claro";"Dupla";"Reta";"Sim";2;0;1;1;0;0;2;1;-7,1807;-34,9005;"SPRF-PB";"DEL01-PB";"UOP01-DEL01-PB"
139512;2018-06-11;"segunda-feira";"18:00:00";"SC";101;195;"BIGUACU";"Ingestão de Álcool";"Colisão traseira";"Sem Vítimas";"Plena Noite";"Decrescente";"Nublado";"Dupla";"Reta";"Sim";2;0;0;0;2;0;0;2;-27,511;-48,643;"SPRF-SC";"DEL01-SC";"UOP01-DEL01-SC"
139513;2018-05-26;"sábado";"11:30:00";"RS";470;252,7;"SAO PEDRO DA SERRA";"Falta de Atenção à Condução";"Saída de leito carroçável";"Com Vítimas Feridas";"Pleno dia";"Crescente";"Sol";"Simples";"Curva";"Não";2;0;2;0;0;0;2;1;-29,42513285;-51,52066469;"SPRF-RS";"DEL06-RS";"UOP01-DEL06-RS"
139516;2018-06-11;"segunda-feira";"18:15:00";"ES";101;270;"SERRA";"Falta de Atenção à Condução";"Colisão lateral";"Com Vítimas Feridas";"Plena Noite";"Decrescente";"Céu Claro";"Dupla";"Reta";"Sim";1;0;1;0;0;0;1;1;-20,22985788;-40,27272463;"SPRF-ES";"DEL02-ES";"UOP01-DEL02-ES"
139519;2018-06-11;"segunda-feira";"18:00:00";"PR";158;524;"PATO BRANCO";"Ultrapassagem Indevida";"Colisão frontal";"Com Vítimas Feridas";"Anoitecer";"Decrescente";"Céu Claro";"Simples";"Reta;Interseção de Vias";"Sim";4;0;1;0;3;0;1;3;-26,2391619;-52,69428218;"SPRF-PR";"DEL02-PR";"UOP01-DEL02-PR"
139520;2018-06-11;"segunda-feira";"18:10:00";"PR";376;596;"CURITIBA";"Falta de Atenção do Pedestre";"Atropelamento de Pedestre";"Com Vítimas Feridas";"Plena Noite";"Decrescente";"Céu Claro";"Dupla";"Reta";"Sim";3;0;0;2;0;1;2;2;-25,50542822;-49,34075641;"SPRF-PR";"DEL01-PR";"UOP06-DEL01-PR"
139521;2018-06-11;"segunda-feira";"18:00:00";"MG";50;39;"ARAGUARI";"Desobediência às normas de trânsito pelo condutor";"Colisão transversal";"Com Vítimas Feridas";"Plena Noite";"Decrescente";"Céu Claro";"Múltipla";"Interseção de Vias";"Sim";2;0;0;1;1;0;1;2;-18,67441244;-48,177829;"SPRF-MG";"DEL15-MG";"UOP02-DEL15-MG"
139522;2018-06-11;"segunda-feira";"18:55:00";"PR";369;158;"CAMBE";"Não guardar distância de segurança";"Tombamento";"Com Vítimas Feridas";"Plena Noite";"Decrescente";"Céu Claro";"Dupla";"Reta;Declive";"Sim";1;0;1;0;0;0;1;1;-23,28530643;-51,23718001;"SPRF-PR";"DEL07-PR";"UOP01-DEL07-PR"
139523;2018-05-30;"quarta-feira";"03:00:00";"SC";101;138;"BALNEARIO CAMBORIU";"Falta de Atenção à Condução";"Capotamento";"Sem Vítimas";"Plena Noite";"Crescente";"Nublado";"Dupla";"Reta";"Não";1;0;0;0;0;1;0;1;-27,032;-48,6051;"SPRF-SC";"DEL04-SC";"UOP03-DEL04-SC"
139524;2018-06-11;"segunda-feira";"17:55:00";"PB";230;22;"JOAO PESSOA";"Objeto estático sobre o leito carroçável";"Colisão com objeto estático";"Com Vítimas Feridas";"Anoitecer";"Decrescente";"Céu Claro";"Dupla";"Reta";"Sim";1;0;1;0;0;0;1;1;-7,1495;-34,8517;"SPRF-PB";"DEL01-PB";"UOP01-DEL01-PB"
139525;2018-06-02;"sábado";"21:30:00";"SC";101;139;"BALNEARIO CAMBORIU";"Falta de Atenção à Condução";"Colisão traseira";"Com Vítimas Feridas";"Plena Noite";"Crescente";"Nublado";"Dupla";"Reta";"Não";2;0;1;0;1;0;1;2;-27,0386;-48,6028;"SPRF-SC";"DEL04-SC";"UOP03-DEL04-SC"
139527;2018-06-11;"segunda-feira";"19:20:00";"SE";101;192,7;"ESTANCIA";"Ingestão de Álcool";"Queda de ocupante de veículo";"Com Vítimas Feridas";"Plena Noite";"Decrescente";"Céu Claro";"Simples";"Reta";"Não";1;0;0;1;0;0;1;1;-11,2414;-37,4316;"SPRF-SE";"DEL02-SE";"UOP03-DEL02-SE"
139528;2018-06-11;"segunda-feira";"18:50:00";"SC";282;217,9;"LAGES";"Falta de Atenção do Pedestre";"Atropelamento de Pedestre";"Com Vítimas Fatais";"Plena Noite";"Decrescente";"Nublado";"Dupla";"Reta";"Não";2;1;0;0;1;0;0;2;-27,797916;-50,302944;"SPRF-SC";"DEL05-SC";"UOP01-DEL05-SC"
139529;2018-06-11;"segunda-feira";"16:50:00";"SC";282;669,1;"PARAISO";"Falta de Atenção à Condução";"Colisão transversal";"Com Vítimas Feridas";"Anoitecer";"Decrescente";"Céu Claro";"Simples";"Curva";"Não";3;0;1;2;0;0;3;2;-26,63857392;-53,63314569;"SPRF-SC";"DEL07-SC";"UOP03-DEL07-SC"
139530;2018-06-11;"segunda-feira";"18:35:00";"CE";116;7;"FORTALEZA";"Desobediência às normas de trânsito pelo condutor";"Colisão lateral";"Sem Vítimas";"Plena Noite";"Crescente";"Céu Claro";"Dupla";"Reta";"Sim";3;0;0;0;3;0;0;3;-3,81578351;-38,5014005;"SPRF-CE";"DEL01-CE";"UOP02-DEL01-CE"
139531;2018-06-11;"segunda-feira";"17:15:00";"RO";364;755;"PORTO VELHO";"Velocidade Incompatível";"Colisão frontal";"Com Vítimas Feridas";"Pleno dia";"Decrescente";"Chuva";"Simples";"Reta";"Não";20;0;17;2;1;0;19;2;-9,07455196;-64,05549042;"SPRF-RO";"DEL01-RO";"UOP02-DEL01-RO"
139532;2018-06-11;"segunda-feira";"18:40:00";"SP";153;74,8;"BADY BASSITT";"Falta de Atenção à Condução";"Colisão lateral";"Com Vítimas Feridas";"Plena Noite";"Decrescente";"Céu Claro";"Simples";"Em Obras";"Sim";4;0;2;0;2;0;2;2;-20,88759275;-49,42837;"SPRF-SP";"DEL09-SP";"UOP01-DEL09-SP"
139535;2018-06-11;"segunda-feira";"17:15:00";"RJ";101;307,6;"SAO GONCALO";"Falta de Atenção à Condução";"Colisão traseira";"Com Vítimas Feridas";"Pleno dia";"Decrescente";"Céu Claro";"Dupla";"Reta";"Não";2;0;1;0;1;0;1;2;-22,791161;-43,01516;"SPRF-RJ";"DEL02-RJ";"DEL5/2-UOP04/RJ"
139536;2018-06-11;"segunda-feira";"20:00:00";"ES";101;206;"JOAO NEIVA";"Falta de Atenção à Condução";"Tombamento";"Com Vítimas Feridas";"Pleno dia";"Crescente";"Céu Claro";"Dupla";"Reta";"Não";2;0;1;0;1;0;1;1;-19,76263565;-40,36792758;"SPRF-ES";"DEL02-ES";"UOP01-DEL02-ES"
139537;2018-06-11;"segunda-feira";"19:30:00";"RJ";40;7;"COMENDADOR LEVY GASPARIAN";"Não guardar distância de segurança";"Colisão traseira";"Com Vítimas Feridas";"Plena Noite";"Decrescente";"Céu Claro";"Dupla";"Reta";"Não";1;0;1;0;0;0;1;1;-22,03950342;-43,22101951;"SPRF-RJ";"DEL06-RJ";"UOP02-DEL05-RJ"
139541;2018-06-11;"segunda-feira";"19:25:00";"BA";110;164,1;"RIBEIRA DO POMBAL";"Falta de Atenção à Condução";"Saída de leito carroçável";"Com Vítimas Feridas";"Plena Noite";"Decrescente";"Ignorado";"Simples";"Declive";"Não";1;0;0;1;0;0;1;1;-10,75304067;-38,50708008;"SPRF-BA";"DEL07-BA";"UOP02-DEL07-BA"
139544;2018-06-11;"segunda-feira";"20:40:00";"PR";277;584;"CASCAVEL";"Ingestão de Álcool";"Atropelamento de Pedestre";"Com Vítimas Feridas";"Plena Noite";"Decrescente";"Nublado";"Dupla";"Reta";"Não";2;0;1;0;1;0;1;2;-24,96684045;-53,40299606;"SPRF-PR";"DEL04-PR";"UOP01-DEL04-PR"
139546;2018-04-10;"terça-feira";"19:30:00";"RO";364;1072;"PORTO VELHO";"Defeito na Via";"Tombamento";"Com Vítimas Feridas";"Plena Noite";"Crescente";"Céu Claro";"Simples";"Reta";"Não";1;0;1;0;0;0;1;1;-9,674507;-65,44786;"SPRF-RO";"DEL01-RO";"UOP02-DEL01-RO"
139547;2018-06-11;"segunda-feira";"21:00:00";"SC";101;393,8;"ICARA";"Falta de Atenção à Condução";"Colisão com objeto estático";"Com Vítimas Feridas";"Plena Noite";"Decrescente";"Nublado";"Dupla";"Curva";"Não";3;0;1;0;2;0;1;1;-28,81362839;-49,38991785;"SPRF-SC";"DEL02-SC";"UOP02-DEL02-SC"
139548;2018-06-11;"segunda-feira";"20:30:00";"PR";277;715,8;"SANTA TEREZINHA DE ITAIPU";"Falta de Atenção do Pedestre";"Atropelamento de Pedestre";"Com Vítimas Feridas";"Plena Noite";"Decrescente";"Céu Claro";"Dupla";"Reta";"Não";8;0;0;2;6;0;2;3;-25,468756;-54,458099;"SPRF-PR";"DEL05-PR";"UOP01-DEL05-PR"
139549;2018-06-11;"segunda-feira";"20:10:00";"PR";277;78,8;"CURITIBA";"Ingestão de Álcool";"Colisão lateral";"Com Vítimas Feridas";"Plena Noite";"Crescente";"Ignorado";"Dupla";"Reta";"Sim";5;0;2;0;3;0;2;5;-25,48047177;-49,19883728;"SPRF-PR";"DEL01-PR";"UOP01-DEL01-PR"
139550;2018-06-11;"segunda-feira";"18:30:00";"GO";50;279,9;"CATALAO";"Falta de Atenção à Condução";"Colisão transversal";"Com Vítimas Feridas";"Plena Noite";"Decrescente";"Céu Claro";"Simples";"Reta";"Sim";2;0;0;2;0;0;2;2;-18,1739;-47,9289;"SPRF-GO";"DEL06-GO";"UOP01-DEL06-GO"