"id";"data_inversa";"dia_semana";"horario";"uf";"br";"km";"municipio";"causa_acidente";"tipo_acidente";"classificacao_acidente";"fase_dia";"sentido_via";"condicao_metereologica";"tipo_pista";"tracado_via";"uso_solo";"pessoas";"mortos";"feridos_leves";"feridos_graves";"ilesos";"ignorados";"feridos";"veiculos";"latitude";"longitude";"regional";"delegacia";"uop"
139692;2018-06-12;"terça-feira";"15:00:00";"MG";381;372,7;"SAO GONCALO DO RIO ABAIXO";"Defeito na Via";"Queda de ocupante de veículo";"Com Vítimas Feridas";"Pleno dia";"Decrescente";"Céu Claro";"Simples";"Curva";"Não";1;0;1;0;0;0;1;1;-19,85753685;-43,24281692;"SPRF-MG";"DEL01-MG";"UOP01-DEL01-MG"
139693;2018-05-20;"domingo";"06:00:00";"RS";468;3,8;"PALMEIRA DAS MISSOES";"Ingestão de Álcool";"Queda de ocupante de veículo";"Com Vítimas Feridas";"Amanhecer";"Crescente";"Céu Claro";"Simples";"Interseção de Vias";"Não";2;0;1;0;1;0;1;1;-27,867138;-53,343018;"SPRF-RS";"DEL08-RS";"UOP01-DEL08-RS"
139694;2018-06-12;"terça-feira";"09:00:00";"PR";277;98;"CURITIBA";"Não guardar distância de segurança";"Colisão traseira";"Sem Vítimas";"Pleno dia";"Decrescente";"Garoa/Chuvisco";"Dupla";"Reta";"Sim";3;0;0;0;2;1;0;3;-25,43028196;-49,34614956;"SPRF-PR";"DEL01-PR";"UOP06-DEL01-PR"
139695;2018-06-12;"terça-feira";"15:30:00";"SP";116;276;"EMBU DAS ARTES";"Falta de Atenção à Condução";"Colisão traseira";"Com Vítimas Feridas";"Pleno dia";"Crescente";"Céu Claro";"Dupla";"Reta";"Sim";3;0;2;0;1;0;2;2;-23,62366717;-46,81530833;"SPRF-SP";"DEL04-SP";"UOP01-DEL04-SP"
139698;2018-06-12;"terça-feira";"15:10:00";"PR";373;243,3;"GUAMIRANGA";"Velocidade Incompatível";"Colisão frontal";"Com Vítimas Fatais";"Pleno dia";"Crescente";"Chuva";"Simples";"Curva";"Não";6;1;0;4;1;0;4;2;-25,19480626;-50,78359365;"SPRF-PR";"DEL03-PR";"UOP01-DEL03-PR"
139700;2018-06-12;"terça-feira";"15:50:00";"SC";101;138;"BALNEARIO CAMBORIU";"Velocidade Incompatível";"Colisão frontal";"Com Vítimas Feridas";"Pleno dia";"Decrescente";"Chuva";"Simples";"Reta";"Sim";1;0;1;0;0;0;1;1;-27,032;-48,6051;"SPRF-SC";"DEL04-SC";"UOP03-DEL04-SC"
139702;2018-06-12;"terça-feira";"16:00:00";"DF";60;24,8;"BRASILIA";"Falta de Atenção à Condução";"Saída de leito carroçável";"Com Vítimas Feridas";"Pleno dia";"Crescente";"Céu Claro";"Dupla";"Reta";"Não";1;0;1;0;0;0;1;1;-15,991807;-48,232067;"SPRF-DF";"DEL01-DF";"UOP01-DEL03-DF"
139703;2018-06-12;"terça-feira";"16:00:00";"SP";116;270;"TABOAO DA SERRA";"Falta de Atenção do Pedestre";"Atropelamento de Pedestre";"Com Vítimas Feridas";"Anoitecer";"Crescente";"Nublado";"Múltipla";"Reta";"Sim";2;0;1;0;1;0;1;2;-23,60638537;-46,74922943;"SPRF-SP";"DEL04-SP";"UOP01-DEL04-SP"
139704;2018-06-12;"terça-feira";"16:30:00";"ES";101;233;"FUNDAO";"Falta de Atenção à Condução";"Colisão traseira";"Com Vítimas Feridas";"Pleno dia";"Crescente";"Céu Claro";"Simples";"Curva";"Não";2;0;0;1;1;0;1;2;-19,95979596;-40,40737152;"SPRF-ES";"DEL02-ES";"UOP01-DEL02-ES"
139710;2018-06-12;"terça-feira";"16:45:00";"PB";101;84,5;"BAYEUX";"Falta de Atenção à Condução";"Colisão lateral";"Com Vítimas Feridas";"Pleno dia";"Decrescente";"Céu Claro";"Dupla";"Reta";"Sim";3;0;2;0;1;0;2;2;-7,1483;-34,9131;"SPRF-PB";"DEL01-PB";"UOP01-DEL01-PB"
139711;2018-06-12;"terça-feira";"16:15:00";"PE";232;5,6;"RECIFE";"Não guardar distância de segurança";"Colisão traseira";"Com Vítimas Feridas";"Anoitecer";"Decrescente";"Céu Claro";"Dupla";"Reta";"Sim";3;0;2;0;1;0;2;2;-8,06956555;-34,94923443;"SPRF-PE";"DEL01-PE";"UOP01-DEL01-PE"
139712;2018-06-12;"terça-feira";"15:50:00";"PA";10;20;"DOM ELISEU";"Ingestão de Álcool";"Colisão transversal";"Com Vítimas Feridas";"Pleno dia";"Decrescente";"Céu Claro";"Simples";"Reta";"Não";2;0;0;1;0;1;1;2;-4,25876836;-47,56153107;"SPRF-PA";"DEL02-PA";"UOP02-DEL02-PA"
139713;2018-06-12;"terça-feira";"15:58:00";"RO";364;342,5;"JI-PARANA";"Desobediência às normas de trânsito pelo condutor";"Colisão traseira";"Com Vítimas Feridas";"Pleno dia";"Crescente";"Céu Claro";"Dupla";"Ponte";"Sim";2;0;0;1;1;0;1;2;-10,88185943;-61,94126129;"SPRF-RO";"DEL02-RO";"UOP01-DEL02-RO"
139721;2018-06-12;"terça-feira";"17:40:00";"SE";101;150,2;"ESTANCIA";"Falta de Atenção à Condução";"Colisão transversal";"Sem Vítimas";"Anoitecer";"Crescente";"Céu Claro";"Simples";"Reta;Interseção de Vias";"Sim";2;0;0;0;1;1;0;2;-11,24264112;-37,43200041;"SPRF-SE";"DEL02-SE";"UOP01-DEL02-SE"
139724;2018-06-12;"terça-feira";"17:35:00";"GO";60;92;"ANAPOLIS";"Falta de Atenção do Pedestre";"Atropelamento de Pedestre";"Com Vítimas Feridas";"Anoitecer";"Decrescente";"Céu Claro";"Dupla";"Reta";"Sim";2;0;0;1;1;0;1;2;-16,353;-48,9178;"SPRF-GO";"DEL02-GO";"UOP01-DEL02-GO"
139726;2018-06-12;"terça-feira";"15:50:00";"PR";476;150;"ARAUCARIA";"Pista Escorregadia";"Colisão traseira";"Com Vítimas Feridas";"Pleno dia";"Crescente";"Chuva";"Simples";"Interseção de Vias";"Sim";2;0;1;0;1;0;1;2;-25,558477;-49,368313;"SPRF-PR";"DEL01-PR";"UOP06-DEL01-PR"
139727;2018-06-12;"terça-feira";"17:10:00";"BA";324;430;"RIACHAO DO JACUIPE";"Desobediência às normas de trânsito pelo condutor";"Colisão transversal";"Com Vítimas Fatais";"Plena Noite";"Crescente";"Nublado";"Simples";"Reta";"Não";4;2;0;1;1;0;1;2;-11,77452989;-39,45096016;"SPRF-BA";"DEL04-BA";"UOP02-DEL04-BA"
139728;2018-05-15;"terça-feira";"19:00:00";"BA";101;312;"PRESIDENTE TANCREDO NEVES";"Defeito Mecânico no Veículo";"Incêndio";"Sem Vítimas";"Plena Noite";"Crescente";"Ignorado";"Simples";"Reta";"Não";1;0;0;0;1;0;0;1;-13,31145315;-39,35440063;"SPRF-BA";"DEL05-BA";"UOP03-DEL05-BA"
139729;2018-06-12;"terça-feira";"16:50:00";"CE";20;416;"MARACANAU";"Agressão Externa";"Danos eventuais";"Com Vítimas Feridas";"Pleno dia";"Crescente";"Céu Claro";"Simples";"Reta";"Não";2;0;2;0;0;0;2;1;-3,8304386;-38,61996889;"SPRF-CE";"DEL01-CE";"UOP02-DEL01-CE"
139730;2018-06-12;"terça-feira";"18:00:00";"SP";153;70,1;"SAO JOSE DO RIO PRETO";"Falta de Atenção à Condução";"Tombamento";"Com Vítimas Feridas";"Anoitecer";"Crescente";"Céu Claro";"Simples";"Curva";"Sim";1;0;0;1;0;0;1;1;-20,85881179;-49,40732002;"SPRF-SP";"DEL09-SP";"UOP01-DEL09-SP"
139731;2018-06-12;"terça-feira";"17:45:00";"PE";232;380,8;"FLORES";"Animais na Pista";"Colisão frontal";"Com Vítimas Fatais";"Anoitecer";"Crescente";"Céu Claro";"Simples";"Reta";"Não";5;1;0;2;2;0;2;2;-8;-38;"SPRF-PE";"DEL04-PE";"UOP01-DEL04-PE"
139732;2018-06-12;"terça-feira";"15:25:00";"CE";222;52,7;"SAO GONCALO DO AMARANTE";"Restrição de Visibilidade";"Tombamento";"Com Vítimas Feridas";"Pleno dia";"Decrescente";"Sol";"Simples";"Reta";"Não";1;0;1;0;0;0;1;1;-3,668637;-39,009781;"SPRF-CE";"DEL01-CE";"UOP03-DEL01-CE"
139733;2018-06-12;"terça-feira";"17:45:00";"RJ";393;235;"VASSOURAS";"Desobediência às normas de trânsito pelo condutor";"Colisão frontal";"Com Vítimas Feridas";"Anoitecer";"Crescente";"Céu Claro";"Simples";"Reta";"Sim";2;0;2;0;0;0;2;1;-22,41031333;-43,67189667;"SPRF-RJ";"DEL05-RJ";"UOP03-DEL05-RJ"
139735;2018-06-12;"terça-feira";"18:15:00";"RS";116;242,9;"SAO LEOPOLDO";"Falta de Atenção à Condução";"Colisão traseira";"Com Vítimas Feridas";"Anoitecer";"Crescente";"Nublado";"Dupla";"Reta";"Não";5;0;2;0;3;0;2;5;-29,72960432;-51,14943624;"SPRF-RS";"DEL01-RS";"UOP02-DEL01-RS"
139737;2018-06-12;"terça-feira";"18:00:00";"TO";153;413,2;"MIRANORTE";"Falta de Atenção do Pedestre";"Atropelamento de Pedestre";"Com Vítimas Feridas";"Anoitecer";"Crescente";"Céu Claro";"Simples";"Reta";"Sim";2;0;2;0;0;0;2;2;-9,53883852;-48,59397769;"SPRF-TO";"DEL02-TO";"UOP01-DEL01-TO"
139738;2018-06-12;"terça-feira";"18:00:00";"PR";116;93,5;"SAO JOSE DOS PINHAIS";"Deficiência ou não Acionamento do Sistema de Iluminação/Sinalização do Veículo";"Saída de leito carroçável";"Sem Vítimas";"Plena Noite";"Crescente";"Chuva";"Dupla";"Reta";"Não";1;0;0;0;1;0;0;1;-25,482296;-49,105915;"SPRF-PR";"DEL01-PR";"UOP01-DEL01-PR"
139741;2018-06-12;"terça-feira";"18:30:00";"GO";153;540;"HIDROLANDIA";"Sinalização da via insuficiente ou inadequada";"Queda de ocupante de veículo";"Com Vítimas Feridas";"Plena Noite";"Crescente";"Céu Claro";"Dupla";"Reta";"Não";1;0;0;1;0;0;1;1;-17,0547;-49,2269;"SPRF-GO";"DEL01-GO";"UOP03-DEL01-GO"
139742;2018-06-12;"terça-feira";"18:05:00";"MG";50;70;"UBERLANDIA";"Agressão Externa";"Colisão lateral";"Com Vítimas Feridas";"Plena Noite";"Decrescente";"Vento";"Dupla";"Interseção de Vias";"Sim";1;0;1;0;0;0;1;1;-18,88561607;-48,2644093;"SPRF-MG";"DEL15-MG";"UOP01-DEL15-MG"
139744;2018-06-12;"terça-feira";"18:50:00";"MG";50;72;"UBERLANDIA";"Não guardar distância de segurança";"Colisão traseira";"Com Vítimas Feridas";"Plena Noite";"Decrescente";"Céu Claro";"Dupla";"Reta";"Sim";2;0;1;1;0;0;2;2;-18,89475568;-48,2493782;"SPRF-MG";"DEL15-MG";"UOP01-DEL15-MG"
139746;2018-06-12;"terça-feira";"17:05:00";"MG";116;590,1;"MANHUACU";"Falta de Atenção à Condução";"Colisão traseira";"Com Vítimas Feridas";"Pleno dia";"Decrescente";"Céu Claro";"Simples";"Reta";"Não";2;0;1;0;1;0;1;2;-20,2471317;-42,1424401;"SPRF-MG";"DEL06-MG";"UOP03-DEL06-MG"
139747;2018-06-12;"terça-feira";"17:30:00";"MS";60;346,7;"CAMPO GRANDE";"Falta de Atenção à Condução";"Colisão lateral";"Com Vítimas Feridas";"Anoitecer";"Decrescente";"Garoa/Chuvisco";"Simples";"Reta";"Não";2;0;0;1;1;0;1;2;-20,411645;-54,722016;"SPRF-MS";"DEL01-MS";"UOP03-DEL01-MS"
139748;2018-06-12;"terça-feira";"19:00:00";"PR";376;182;"SARANDI";"Falta de Atenção do Pedestre";"Colisão lateral";"Com Vítimas Feridas";"Plena Noite";"Crescente";"Chuva";"Simples";"Rotatória";"Sim";2;0;1;0;0;1;1;2;-23,43207193;-51,88769227;"SPRF-PR";"DEL07-PR";"UOP01-DEL09-PR"
139751;2018-06-12;"terça-feira";"18:50:00";"SC";101;195,4;"BIGUACU";"Desobediência às normas de trânsito pelo condutor";"Colisão transversal";"Com Vítimas Feridas";"Plena Noite";"Crescente";"Nublado";"Múltipla";"Interseção de Vias";"Sim";2;0;1;0;1;0;1;2;-27,5063825;-48,64853466;"SPRF-SC";"DEL01-SC";"UOP01-DEL01-SC"
139752;2018-06-12;"terça-feira";"18:55:00";"PR";277;74;"SAO JOSE DOS PINHAIS";"Falta de Atenção à Condução";"Colisão traseira";"Com Vítimas Feridas";"Plena Noite";"Crescente";"Garoa/Chuvisco";"Dupla";"Reta";"Sim";4;0;1;0;3;0;1;3;-25,49595751;-49,16286886;"SPRF-PR";"DEL01-PR";"UOP01-DEL01-PR"
139753;2018-06-12;"terça-feira";"19:20:00";"GO";153;431,2;"ANAPOLIS";"Defeito Mecânico no Veículo";"Tombamento";"Com Vítimas Feridas";"Pleno dia";"Crescente";"Nublado";"Dupla";"Declive;Curva";"Sim";1;0;1;0;0;0;1;1;-16,25968947;-48,98730755;"SPRF-GO";"DEL02-GO";"UOP01-DEL02-GO"
139755;2018-06-12;"terça-feira";"18:15:00";"SP";153;90,9;"JACI";"Desobediência às normas de trânsito pelo condutor";"Colisão lateral";"Sem Vítimas";"Plena Noite";"Crescente";"Céu Claro";"Simples";"Reta";"Não";3;0;0;0;3;0;0;2;-20,9619666;-49,56633425;"SPRF-SP";"DEL09-SP";"UOP01-DEL09-SP"
139757;2018-06-12;"terça-feira";"19:30:00";"MG";50;172,8;"UBERABA";"Falta de Atenção à Condução";"Atropelamento de Pedestre";"Com Vítimas Fatais";"Plena Noite";"Decrescente";"Céu Claro";"Dupla";"Reta";"Sim";2;1;0;0;0;1;0;2;-19,7622;-47,9773;"SPRF-MG";"DEL13-MG";"UOP01-DEL13-MG"
139758;2018-06-12;"terça-feira";"19:35:00";"PR";277;588,5;"CASCAVEL";"Restrição de Visibilidade";"Atropelamento de Pedestre";"Com Vítimas Feridas";"Plena Noite";"Crescente";"Nublado";"Simples";"Reta";"Sim";2;0;0;1;1;0;1;2;-24,9795684;-53,4493727;"SPRF-PR";"DEL04-PR";"UOP01-DEL04-PR"
139759;2018-06-12;"terça-feira";"14:40:00";"PE";424;87;"GARANHUNS";"Desobediência às normas de trânsito pelo condutor";"Colisão lateral";"Com Vítimas Feridas";"Pleno dia";"Decrescente";"Céu Claro";"Simples";"Reta";"Sim";2;0;1;0;1;0;1;2;-8,874289;-36,507607;"SPRF-PE";"DEL03-PE";"UOP01-DEL03-PE"
139761;2018-06-12;"terça-feira";"18:55:00";"SP";116;158;"JACAREI";"Falta de Atenção à Condução";"Colisão traseira";"Com Vítimas Feridas";"Plena Noite";"Decrescente";"Céu Claro";"Dupla";"Reta";"Sim";5;0;1;0;4;0;1;5;-23,25869541;-45,94894409;"SPRF-SP";"DEL02-SP";"UOP01-DEL02-SP"
139762;2018-06-12;"terça-feira";"19:40:00";"RJ";393;125;"SAPUCAIA";"Falta de Atenção do Pedestre";"Atropelamento de Pedestre";"Com Vítimas Feridas";"Plena Noite";"Crescente";"Nublado";"Simples";"Curva";"Sim";2;0;0;1;1;0;1;2;-21,954052;-42,8451;"SPRF-RJ";"DEL06-RJ";"UOP01-DEL05-RJ"
139766;2018-06-12;"terça-feira";"18:24:00";"MT";364;270;"JACIARA";"Falta de Atenção à Condução";"Saída de leito carroçável";"Com Vítimas Feridas";"Plena Noite";"Decrescente";"Céu Claro";"Dupla";"Aclive";"Não";1;0;1;0;0;0;1;1;-15,96904987;-54,94546473;"SPRF-MT";"DEL02-MT";"UOP02-DEL05-MT"
139767;2018-06-12;"terça-feira";"18:30:00";"PR";376;497,8;"PONTA GROSSA";"Falta de Atenção à Condução";"Colisão lateral";"Com Vítimas Feridas";"Plena Noite";"Decrescente";"Chuva";"Dupla";"Reta";"Sim";4;0;2;0;2;0;2;2;-25,15367558;-50,1377821;"SPRF-PR";"DEL03-PR";"UOP04-DEL03-PR"
139768;2018-06-12;"terça-feira";"19:20:00";"MS";262;327,4;"CAMPO GRANDE";"Falta de Atenção à Condução";"Colisão traseira";"Com Vítimas Feridas";"Plena Noite";"Crescente";"Chuva";"Simples";"Reta";"Sim";2;0;1;0;0;1;1;2;-20,465698;-54,547959;"SPRF-MS";"DEL01-MS";"UOP01-DEL01-MS"
139772;2018-06-12;"terça-feira";"19:40:00";"SC";470;89,8;"ASCURRA";"Falta de Atenção à Condução";"Saída de leito carroçável";"Com Vítimas Feridas";"Plena Noite";"Crescente";"Chuva";"Simples";"Ponte";"Não";1;0;1;0;0;0;1;1;-26,95724847;-49,3745094;"SPRF-SC";"DEL04-SC";"UOP01-DEL04-SC"
139774;2018-06-12;"terça-feira";"20:45:00";"PA";308;1;"ANANINDEUA";"Não guardar distância de segurança";"Colisão traseira";"Com Vítimas Feridas";"Plena Noite";"Decrescente";"Nublado";"Dupla";"Reta";"Sim";2;0;1;0;1;0;1;2;-1,40211354;-48,4280026;"SPRF-PA";"DEL01-PA";"DEL19/1-UOP05/PA"
139775;2018-06-12;"terça-feira";"20:30:00";"PR";376;202;"MANDAGUARI";"Ingestão de Álcool";"Saída de leito carroçável";"Sem Vítimas";"Plena Noite";"Crescente";"Chuva";"Dupla";"Reta";"Não";1;0;0;0;1;0;0;1;-23,50870729;-51,72562838;"SPRF-PR";"DEL07-PR";"UOP01-DEL09-PR"
139776;2018-06-12;"terça-feira";"17:30:00";"PR";476;319,9;"PAULO FRONTIN";"Ingestão de Álcool";"Saída de leito carroçável";"Com Vítimas Feridas";"Anoitecer";"Crescente";"Chuva";"Simples";"Reta";"Não";1;0;1;0;0;0;1;1;-26,061335;-50,72171;"SPRF-PR";"DEL02-PR";"UOP04-DEL02-PR"
139778;2018-06-12;"terça-feira";"21:30:00";"SP";153;71,8;"SAO JOSE DO RIO PRETO";"Pista Escorregadia";"Tombamento";"Com Vítimas Feridas";"Plena Noite";"Decrescente";"Céu Claro";"Simples";"Reta";"Não";1;0;1;0;0;0;1;1;-20,8718045;-49,41658974;"SPRF-SP";"DEL09-SP";"UOP01-DEL09-SP"
139779;2018-06-12;"terça-feira";"21:20:00";"ES";101;260,7;"SERRA";"Desobediência às normas de trânsito pelo condutor";"Colisão frontal";"Com Vítimas Feridas";"Plena Noite";"Decrescente";"Nublado";"Dupla";"Curva";"Não";2;0;0;1;1;0;1;2;-20,147395;-40,280707;"SPRF-ES";"DEL02-ES";"UOP01-DEL02-ES"
139780;2018-06-12;"terça-feira";"20:30:00";"SC";282;575;"PINHALZINHO";"Desobediência às normas de trânsito pelo condutor";"Colisão lateral";"Sem Vítimas";"Plena Noite";"Decrescente";"Nublado";"Simples";"Reta";"Não";2;0;0;0;2;0;0;2;-26,863194;-52,974529;"SPRF-SC";"DEL07-SC";"UOP02-DEL07-SC"
139781;2018-06-12;"terça-feira";"21:00:00";"CE";122;5;"CHOROZINHO";"Falta de Atenção à Condução";"Colisão frontal";"Sem Vítimas";"Plena Noite";"Decrescente";"Céu Claro";"Simples";"Curva";"Sim";1;0;0;0;1;0;0;1;-4,335957;-38,479034;"SPRF-CE";"DEL03-CE";"UOP02-DEL03-CE"
139782;2018-06-12;"terça-feira";"17:50:00";"SC";480;130,7;"CHAPECO";"Falta de Atenção à Condução";"Colisão transversal";"Com Vítimas Feridas";"Anoitecer";"Crescente";"Nublado";"Simples";"Reta";"Sim";2;0;1;0;1;0;1;2;-27,06141882;-52,63474703;"SPRF-SC";"DEL07-SC";"UOP01-DEL07-SC"
139785;2018-06-12;"terça-feira";"21:30:00";"SP";153;344,5;"OURINHOS";"Fenômenos da Natureza";"Saída de leito carroçável";"Com Vítimas Feridas";"Plena Noite";"Crescente";"Chuva";"Dupla";"Retorno Regulamentado";"Sim";2;0;1;0;1;0;1;1;-22,97269734;-49,90196228;"SPRF-SP";"DEL07-SP";"UOP03-DEL07-SP"
139788;2018-06-12;"terça-feira";"21:00:00";"RJ";101;309;"SAO GONCALO";"Não guardar distância de segurança";"Engavetamento";"Sem Vítimas";"Plena Noite";"Crescente";"Nublado";"Dupla";"Reta";"Não";3;0;0;0;3;0;0;3;-22,79696353;-43,043468;"SPRF-RJ";"DEL02-RJ";"DEL5/2-UOP04/RJ"
139790;2018-06-12;"terça-feira";"18:40:00";"MA";10;220,7;"GOVERNADOR EDISON LOBAO";"Falta de Atenção à Condução";"Colisão traseira";"Com Vítimas Feridas";"Plena Noite";"Crescente";"Céu Claro";"Simples";"Reta";"Não";4;0;2;0;2;0;2;2;-5,77894171;-47,35897064;"SPRF-MA";"DEL04-MA";"UOP01-DEL04-MA"
139792;2018-06-12;"terça-feira";"23:30:00";"RJ";116;139;"DUQUE DE CAXIAS";"Falta de Atenção à Condução";"Colisão traseira";"Com Vítimas Feridas";"Plena Noite";"Crescente";"Céu Claro";"Dupla";"Reta";"Sim";2;0;1;0;1;0;1;2;-22,65575782;-43,24486434;"SPRF-RJ";"DEL04-RJ";"UOP02-DEL04-RJ"
139794;2018-06-13;"quarta-feira";"00:45:00";"MA";316;512;"CAXIAS";"Condutor Dormindo";"Saída de leito carroçável";"Com Vítimas Feridas";"Plena Noite";"Crescente";"Céu Claro";"Simples";"Reta";"Não";1;0;1;0;0;0;1;1;-4,75059761;-43,66516113;"SPRF-MA";"DEL03-MA";"UOP02-DEL03-MA"
139795;2018-06-12;"terça-feira";"23:40:00";"PE";101;57,7;"PAULISTA";"Falta de Atenção à Condução";"Colisão com objeto estático";"Com Vítimas Feridas";"Plena Noite";"Crescente";"Nublado";"Dupla";"Reta";"Sim";1;0;1;0;0;0;1;1;-7,9717;-34,921;"SPRF-PE";"DEL01-PE";"UOP02-DEL01-PE"
139797;2018-06-13;"quarta-feira";"01:00:00";"RJ";101;54;"CAMPOS DOS GOYTACAZES";"Ultrapassagem Indevida";"Colisão frontal";"Com Vítimas Fatais";"Plena Noite";"Crescente";"Céu Claro";"Simples";"Reta";"Não";2;1;0;0;1;0;0;2;-21,669363;-41,311115;"SPRF-RJ";"DEL08-RJ";"UOP01-DEL08-RJ"
139798;2018-06-13;"quarta-feira";"00:53:00";"PR";476;128;"CURITIBA";"Falta de Atenção à Condução";"Colisão com objeto estático";"Com Vítimas Feridas";"Plena Noite";"Decrescente";"Chuva";"Múltipla";"Reta";"Sim";2;0;1;0;0;1;1;2;-25,433048;-49,23156;"SPRF-PR";"DEL01-PR";"UOP07-DEL01-PR"
139799;2018-06-13;"quarta-feira";"00:40:00";"MT";364;377,3;"SANTO ANTONIO DO LEVERGER";"Falta de Atenção à Condução";"Saída de leito carroçável";"Com Vítimas Feridas";"Plena Noite";"Crescente";"Céu Claro";"Simples";"Reta";"Não";4;0;1;0;3;0;1;1;-15,704032;-55,737122;"SPRF-MT";"DEL02-MT";"UOP02-DEL01-MT"
139800;2018-06-13;"quarta-feira";"00:01:00";"MG";381;194,9;"PERIQUITO";"Ultrapassagem Indevida";"Colisão lateral";"Com Vítimas Feridas";"Plena Noite";"Decrescente";"Nublado";"Simples";"Curva";"Não";1;0;1;0;0;0;1;1;-19,1354379;-42,21376419;"SPRF-MG";"DEL06-MG";"UOP01-DEL06-MG"
139802;2018-06-13;"quarta-feira";"02:05:00";"MG";146;551,7;"CABO VERDE";"Condutor Dormindo";"Saída de leito carroçável";"Com Vítimas Feridas";"Plena Noite";"Crescente";"Céu Claro";"Simples";"Curva;Declive";"Não";1;0;1;0;0;0;1;1;-21,411271;-46,436758;"SPRF-MG";"DEL09-MG";"UOP01-DEL09-MG"
139803;2018-06-13;"quarta-feira";"00:30:00";"MG";40;293;"TRES MARIAS";"Condutor Dormindo";"Capotamento";"Com Vítimas Feridas";"Plena Noite";"Crescente";"Céu Claro";"Simples";"Curva";"Não";1;0;0;1;0;0;1;1;-18,296251;-45,124287;"SPRF-MG";"DEL14-MG";"UOP02-DEL14-MG"
139805;2018-06-13;"quarta-feira";"03:25:00";"MG";153;43;"MONTE ALEGRE DE MINAS";"Falta de Atenção à Condução";"Saída de leito carroçável";"Com Vítimas Feridas";"Plena Noite";"Crescente";"Céu Claro";"Dupla";"Reta";"Não";1;0;1;0;0;0;1;1;-18,8676122;-49,0667562;"SPRF-MG";"DEL15-MG";"UOP03-DEL15-MG"
139808;2018-06-13;"quarta-feira";"05:10:00";"PR";277;345,3;"GUARAPUAVA";"Velocidade Incompatível";"Saída de leito carroçável";"Sem Vítimas";"Plena Noite";"Decrescente";"Garoa/Chuvisco";"Simples";"Reta";"Sim";1;0;0;0;0;1;0;1;-25,36500943;-51,49188995;"SPRF-PR";"DEL03-PR";"UOP01-DEL08-PR"
139810;2018-06-13;"quarta-feira";"06:15:00";"RS";101;62,2;"MAQUINE";"Falta de Atenção à Condução";"Atropelamento de Pedestre";"Com Vítimas Feridas";"Amanhecer";"Decrescente";"Nublado";"Simples";"Reta";"Não";2;0;0;1;1;0;1;2;-29,67313882;-50,13951212;"SPRF-RS";"DEL03-RS";"UOP01-DEL03-RS"
139811;2018-06-13;"quarta-feira";"06:00:00";"MS";163;731,1;"COXIM";"Ingestão de álcool e/ou substâncias psicoativas pelo pedestre";"Atropelamento de Pedestre";"Com Vítimas Feridas";"Pleno dia";"Crescente";"Nublado";"Simples";"Reta";"Não";1;0;1;0;0;0;1;1;-18,4949125;-54,72950935;"SPRF-MS";"DEL06-MS";"UOP01-DEL06-MS"
139813;2018-06-13;"quarta-feira";"07:00:00";"RN";101;101,5;"PARNAMIRIM";"Falta de Atenção à Condução";"Colisão traseira";"Com Vítimas Feridas";"Pleno dia";"Crescente";"Céu Claro";"Simples";"Curva";"Sim";6;0;1;0;5;0;1;2;-5,886837;-35,231552;"SPRF-RN";"DEL01-RN";"UOP01-DEL01-RN"
139814;2018-06-13;"quarta-feira";"05:55:00";"MG";354;751,5;"ITAMONTE";"Mal Súbito";"Saída de leito carroçável";"Com Vítimas Feridas";"Amanhecer";"Crescente";"Nublado";"Simples";"Reta";"Sim";1;0;1;0;0;0;1;1;-22,26600385;-44,88507438;"SPRF-MG";"DEL05-MG";"UOP01-DEL17-MG"
139815;2018-06-13;"quarta-feira";"07:00:00";"RN";304;37,9;"MOSSORO";"Falta de Atenção à Condução";"Colisão transversal";"Com Vítimas Feridas";"Pleno dia";"Decrescente";"Céu Claro";"Dupla";"Reta";"Sim";2;0;1;1;0;0;2;2;-5,18207225;-37,368536;"SPRF-RN";"DEL04-RN";"UOP02-DEL04-RN"
139817;2018-06-13;"quarta-feira";"07:10:00";"RN";226;334,2;"PATU";"Condutor Dormindo";"Colisão transversal";"Com Vítimas Feridas";"Pleno dia";"Decrescente";"Céu Claro";"Simples";"Reta";"Não";3;0;1;1;1;0;2;2;-6,09662512;-37,60971394;"SPRF-RN";"DEL04-RN";"UOP01-DEL04-RN"
139818;2018-06-13;"quarta-feira";"06:30:00";"MG";40;516;"RIBEIRAO DAS NEVES";"Falta de Atenção à Condução";"Colisão transversal";"Com Vítimas Feridas";"Pleno dia";"Crescente";"Céu Claro";"Dupla";"Reta";"Sim";2;0;2;0;0;0;2;2;-19,8278;-44,0836;"SPRF-MG";"DEL01-MG";"UOP03-DEL01-MG"
139819;2018-06-13;"quarta-feira";"05:30:00";"RO";364;86;"VILHENA";"Pista Escorregadia";"Saída de leito carroçável";"Com Vítimas Feridas";"Amanhecer";"Decrescente";"Garoa/Chuvisco";"Simples";"Reta";"Não";5;0;3;1;1;0;4;1;-12,395252;-60,61433;"SPRF-RO";"DEL04-RO";"DEL21/4-UOP03/RO"