"id";"data_inversa";"dia_semana";"horario";"uf";"br";"km";"municipio";"causa_acidente";"tipo_acidente";"classificacao_acidente";"fase_dia";"sentido_via";"condicao_metereologica";"tipo_pista";"tracado_via";"uso_solo";"pessoas";"mortos";"feridos_leves";"feridos_graves";"ilesos";"ignorados";"feridos";"veiculos";"latitude";"longitude";"regional";"delegacia";"uop"
139820;2018-06-13;"quarta-feira";"07:00:00";"PR";277;586,4;"CASCAVEL";"Falta de Atenção à Condução";"Colisão transversal";"Com Vítimas Feridas";"Pleno dia";"Crescente";"Nublado";"Simples";"Reta";"Sim";2;0;0;1;1;0;1;2;-24,96740498;-53,42533559;"SPRF-PR";"DEL04-PR";"UOP01-DEL04-PR"
139821;2018-06-13;"quarta-feira";"04:00:00";"MG";40;579;"ITABIRITO";"Falta de Atenção à Condução";"Colisão com objeto estático";"Sem Vítimas";"Plena Noite";"Crescente";"Céu Claro";"Dupla";"Reta";"Não";1;0;0;0;1;0;0;1;-20,2899;-43,9384;"SPRF-MG";"DEL01-MG";"UOP02-DEL01-MG"
139822;2018-06-13;"quarta-feira";"07:20:00";"DF";70;5,7;"BRASILIA";"Falta de Atenção do Pedestre";"Colisão lateral";"Com Vítimas Feridas";"Pleno dia";"Decrescente";"Céu Claro";"Dupla";"Reta";"Sim";3;0;2;0;0;1;2;2;-15,79238778;-48,10270244;"SPRF-DF";"DEL01-DF";"UOP02-DEL03-DF"
139823;2018-06-13;"quarta-feira";"07:00:00";"MG";365;793;"GURINHATA";"Desobediência às normas de trânsito pelo condutor";"Colisão frontal";"Com Vítimas Feridas";"Amanhecer";"Crescente";"Céu Claro";"Simples";"Aclive";"Não";5;0;2;0;3;0;2;2;-18,93992026;-49,81275201;"SPRF-MG";"DEL15-MG";"UOP03-DEL15-MG"
139825;2018-06-13;"quarta-feira";"07:20:00";"SC";282;3,8;"SAO JOSE";"Desobediência às normas de trânsito pelo condutor";"Queda de ocupante de veículo";"Com Vítimas Feridas";"Pleno dia";"Decrescente";"Céu Claro";"Dupla";"Reta";"Sim";1;0;1;0;0;0;1;1;-27,600384;-48,599705;"SPRF-SC";"DEL01-SC";"UOP01-DEL01-SC"
139827;2018-04-06;"sexta-feira";"17:35:00";"BA";324;516;"FEIRA DE SANTANA";"Falta de Atenção à Condução";"Colisão traseira";"Com Vítimas Feridas";"Anoitecer";"Crescente";"Ignorado";"Simples";"Reta";"Sim";2;0;0;1;0;1;1;2;-12,25718916;-38,93222094;"SPRF-BA";"DEL02-BA";"UOP01-DEL02-BA"
139829;2018-06-13;"quarta-feira";"07:30:00";"SC";101;339;"TUBARAO";"Animais na Pista";"Queda de ocupante de veículo";"Com Vítimas Feridas";"Pleno dia";"Crescente";"Céu Claro";"Múltipla";"Declive";"Não";1;0;0;1;0;0;1;1;-28,5026;-49,0474;"SPRF-SC";"DEL02-SC";"UOP01-DEL02-SC"
139833;2018-06-13;"quarta-feira";"08:00:00";"PA";316;61,8;"CASTANHAL";"Não guardar distância de segurança";"Colisão traseira";"Com Vítimas Feridas";"Pleno dia";"Crescente";"Céu Claro";"Dupla";"Declive";"Sim";2;0;1;0;1;0;1;2;-1,296296;-47,919842;"SPRF-PA";"DEL01-PA";"UOP01-DEL01-PA"
139834;2018-06-13;"quarta-feira";"07:55:00";"SC";101;163;"TIJUCAS";"Falta de Atenção à Condução";"Tombamento";"Com Vítimas Feridas";"Pleno dia";"Crescente";"Céu Claro";"Dupla";"Reta";"Sim";1;0;1;0;0;0;1;1;-27,2414;-48,6306;"SPRF-SC";"DEL04-SC";"UOP03-DEL04-SC"
139835;2018-06-13;"quarta-feira";"07:20:00";"RS";101;13,8;"DOM PEDRO DE ALCANTARA";"Falta de Atenção do Pedestre";"Atropelamento de Pedestre";"Com Vítimas Fatais";"Amanhecer";"Decrescente";"Sol";"Dupla";"Reta";"Sim";3;1;0;0;1;1;0;2;-29,39670199;-49,84758854;"SPRF-RS";"DEL03-RS";"DEL9/3-UOP03/RS"
139837;2018-06-13;"quarta-feira";"08:41:00";"SE";101;151,6;"ESTANCIA";"Falta de Atenção à Condução";"Colisão traseira";"Com Vítimas Feridas";"Pleno dia";"Crescente";"Céu Claro";"Simples";"Reta";"Sim";2;0;1;0;1;0;1;2;-11,2414;-37,4316;"SPRF-SE";"DEL02-SE";"UOP01-DEL02-SE"
139838;2018-06-13;"quarta-feira";"07:15:00";"SP";116;227,4;"GUARULHOS";"Não guardar distância de segurança";"Colisão traseira";"Com Vítimas Feridas";"Pleno dia";"Crescente";"Nublado";"Múltipla";"Reta";"Sim";2;0;1;0;1;0;1;2;-23,49914572;-46,56087899;"SPRF-SP";"DEL01-SP";"UOP01-DEL01-SP"
139839;2018-06-13;"quarta-feira";"08:37:00";"GO";50;200;"CAMPO ALEGRE DE GOIAS";"Falta de Atenção à Condução";"Colisão lateral";"Com Vítimas Feridas";"Pleno dia";"Crescente";"Sol";"Simples";"Em Obras";"Não";3;0;1;0;2;0;1;2;-17,5796;-47,8193;"SPRF-GO";"DEL06-GO";"UOP01-DEL06-GO"
139840;2018-06-13;"quarta-feira";"08:00:00";"SC";280;20,9;"ARAQUARI";"Falta de Atenção à Condução";"Colisão lateral";"Com Vítimas Feridas";"Pleno dia";"Crescente";"Céu Claro";"Simples";"Reta";"Não";2;0;1;0;1;0;1;2;-26,37048406;-48,69102001;"SPRF-SC";"DEL03-SC";"UOP03-DEL03-SC"
139841;2018-06-13;"quarta-feira";"08:00:00";"DF";251;34,3;"BRASILIA";"Desobediência às normas de trânsito pelo condutor";"Colisão traseira";"Com Vítimas Feridas";"Pleno dia";"Decrescente";"Sol";"Simples";"Reta";"Não";2;0;0;1;1;0;1;2;-15,93892319;-47,76196718;"SPRF-DF";"DEL01-DF";"UOP01-DEL01-DF"
139842;2018-06-12;"terça-feira";"07:40:00";"SC";282;66,4;"RANCHO QUEIMADO";"Falta de Atenção à Condução";"Saída de leito carroçável";"Sem Vítimas";"Pleno dia";"Crescente";"Garoa/Chuvisco";"Simples";"Reta";"Não";1;0;0;0;0;1;0;1;-27,699602;-49,062912;"SPRF-SC";"DEL01-SC";"UOP03-DEL01-SC"
139843;2018-06-12;"terça-feira";"19:53:00";"MT";163;1025;"MATUPA";"Defeito Mecânico no Veículo";"Incêndio";"Sem Vítimas";"Plena Noite";"Crescente";"Céu Claro";"Dupla";"Reta";"Não";1;0;0;0;1;0;0;1;-10,207369;-54,961254;"SPRF-MT";"DEL06-MT";"UOP02-DEL06-MT"
139844;2018-05-18;"sexta-feira";"08:45:00";"RS";285;292;"PASSO FUNDO";"Falta de Atenção à Condução";"Colisão lateral";"Sem Vítimas";"Pleno dia";"Decrescente";"Chuva";"Múltipla";"Rotatória";"Sim";2;0;0;0;2;0;0;2;-28,23681958;-52,37577438;"SPRF-RS";"DEL08-RS";"UOP03-DEL08-RS"
139845;2018-06-13;"quarta-feira";"08:30:00";"PI";135;132;"BERTOLINIA";"Condutor Dormindo";"Saída de leito carroçável";"Com Vítimas Feridas";"Pleno dia";"Crescente";"Céu Claro";"Simples";"Reta";"Não";3;0;1;0;2;0;1;1;-7,687963;-43,914207;"SPRF-PI";"DEL03-PI";"UOP01-DEL03-PI"
139848;2018-05-20;"domingo";"18:15:00";"PR";376;214;"CAMPO LARGO";"Não guardar distância de segurança";"Colisão lateral";"Com Vítimas Feridas";"Pleno dia";"Crescente";"Ignorado";"Dupla";"Reta";"Sim";2;0;1;0;1;0;1;2;-25,445097;-49,50071;"SPRF-PR";"DEL07-PR";"UOP01-DEL09-PR"
139849;2018-06-13;"quarta-feira";"08:45:00";"TO";153;577;"SANTA RITA DO TOCANTINS";"Falta de Atenção à Condução";"Colisão lateral";"Com Vítimas Feridas";"Pleno dia";"Decrescente";"Céu Claro";"Simples";"Reta";"Não";2;0;0;1;1;0;1;2;-10,891171;-48,906815;"SPRF-TO";"DEL02-TO";"UOP01-DEL01-TO"
139850;2018-06-09;"sábado";"21:00:00";"SC";282;115,7;"ALFREDO WAGNER";"Ingestão de Álcool";"Saída de leito carroçável";"Com Vítimas Feridas";"Plena Noite";"Decrescente";"Nublado";"Simples";"Curva";"Não";1;0;1;0;0;0;1;1;-27,7605039;-49,39718664;"SPRF-SC";"DEL01-SC";"UOP03-DEL01-SC"
139851;2018-06-13;"quarta-feira";"09:45:00";"SC";470;102,7;"APIUNA";"Falta de Atenção à Condução";"Colisão transversal";"Com Vítimas Feridas";"Pleno dia";"Decrescente";"Sol";"Simples";"Reta";"Não";2;0;1;0;1;0;1;2;-27,05292105;-49,39011663;"SPRF-SC";"DEL04-SC";"UOP02-DEL04-SC"
139855;2018-06-13;"quarta-feira";"07:25:00";"MT";163;843;"SINOP";"Falta de Atenção à Condução";"Engavetamento";"Sem Vítimas";"Pleno dia";"Crescente";"Sol";"Simples";"Reta";"Sim";6;0;0;0;6;0;0;3;-11,79006351;-55,47683716;"SPRF-MT";"DEL06-MT";"UOP02-DEL06-MT"
139857;2018-06-13;"quarta-feira";"04:00:00";"PR";277;271,5;"PRUDENTOPOLIS";"Avarias e/ou desgaste excessivo no pneu";"Saída de leito carroçável";"Sem Vítimas";"Plena Noite";"Crescente";"Chuva";"Simples";"Reta";"Não";1;0;0;0;0;1;0;1;-25,34930066;-50,93072891;"SPRF-PR";"DEL03-PR";"UOP02-DEL08-PR"
139859;2018-06-13;"quarta-feira";"06:20:00";"SP";101;47,2;"UBATUBA";"Falta de Atenção à Condução";"Queda de ocupante de veículo";"Com Vítimas Feridas";"Pleno dia";"Crescente";"Nublado";"Simples";"Curva";"Sim";1;0;1;0;0;0;1;1;-23,429897;-45,082436;"SPRF-SP";"DEL06-SP";"UOP01-DEL06-SP"
139860;2018-06-13;"quarta-feira";"07:50:00";"SP";381;15;"BRAGANCA PAULISTA";"Condutor Dormindo";"Colisão com objeto estático";"Com Vítimas Feridas";"Pleno dia";"Decrescente";"Céu Claro";"Dupla";"Curva";"Não";1;0;1;0;0;0;1;1;-22,93204512;-46,4686246;"SPRF-SP";"DEL03-SP";"UOP02-DEL03-SP"
139861;2018-06-13;"quarta-feira";"09:30:00";"SP";381;75;"SAO PAULO";"Agressão Externa";"Capotamento";"Com Vítimas Feridas";"Pleno dia";"Decrescente";"Céu Claro";"Dupla";"Curva";"Não";1;0;1;0;0;0;1;1;-23,378482;-46,564563;"SPRF-SP";"DEL03-SP";"DEL6/3-UOP03/SP"
139864;2018-06-13;"quarta-feira";"10:20:00";"PE";104;26,4;"TAQUARITINGA DO NORTE";"Falta de Atenção à Condução";"Colisão frontal";"Com Vítimas Feridas";"Pleno dia";"Crescente";"Céu Claro";"Simples";"Reta;Declive";"Não";2;0;1;0;1;0;1;2;-7,993269;-36,095341;"SPRF-PE";"DEL02-PE";"UOP01-DEL02-PE"
139865;2018-06-13;"quarta-feira";"09:10:00";"BA";101;717,5;"EUNAPOLIS";"Desobediência às normas de trânsito pelo condutor";"Colisão transversal";"Com Vítimas Feridas";"Pleno dia";"Crescente";"Sol";"Simples";"Interseção de Vias";"Sim";2;0;1;0;0;1;1;2;-16,3638;-39,5811;"SPRF-BA";"DEL09-BA";"UOP01-DEL09-BA"
139867;2018-06-13;"quarta-feira";"10:50:00";"DF";70;1,4;"BRASILIA";"Falta de Atenção à Condução";"Colisão traseira";"Com Vítimas Feridas";"Pleno dia";"Crescente";"Céu Claro";"Dupla";"Reta";"Não";2;0;0;1;1;0;1;2;-15,79671343;-48,06806087;"SPRF-DF";"DEL01-DF";"UOP02-DEL03-DF"
139868;2018-06-13;"quarta-feira";"10:50:00";"TO";153;207;"NOVA OLINDA";"Defeito Mecânico no Veículo";"Saída de leito carroçável";"Com Vítimas Feridas";"Pleno dia";"Decrescente";"Céu Claro";"Simples";"Reta";"Não";2;0;2;0;0;0;2;1;-7,709285;-48,439571;"SPRF-TO";"DEL02-TO";"UOP01-DEL02-TO"
139869;2018-03-21;"quarta-feira";"19:45:00";"MG";40;527;"CONTAGEM";"Mal Súbito";"Danos eventuais";"Com Vítimas Feridas";"Plena Noite";"Crescente";"Céu Claro";"Dupla";"Reta";"Não";2;0;2;0;0;0;2;2;-19,9105;-44,0427;"SPRF-MG";"DEL01-MG";"UOP03-DEL01-MG"
139870;2018-06-09;"sábado";"09:59:00";"SC";101;204,8;"SAO JOSE";"Desobediência às normas de trânsito pelo condutor";"Colisão com objeto em movimento";"Sem Vítimas";"Pleno dia";"Crescente";"Céu Claro";"Dupla";"Reta";"Sim";2;0;0;0;2;0;0;2;-27,58124922;-48,61483446;"SPRF-SC";"DEL01-SC";"UOP01-DEL01-SC"
139874;2018-06-13;"quarta-feira";"10:00:00";"RO";319;58;"PORTO VELHO";"Não guardar distância de segurança";"Colisão com objeto estático";"Com Vítimas Feridas";"Pleno dia";"Decrescente";"Céu Claro";"Dupla";"Curva";"Sim";3;0;1;0;1;1;1;2;-8,74322574;-63,91555488;"SPRF-RO";"DEL01-RO";"UOP01-DEL01-RO"
139876;2018-06-13;"quarta-feira";"11:45:00";"SP";153;55,9;"SAO JOSE DO RIO PRETO";"Falta de Atenção à Condução";"Colisão traseira";"Com Vítimas Feridas";"Pleno dia";"Crescente";"Céu Claro";"Simples";"Interseção de Vias";"Não";3;0;2;0;1;0;2;2;-20,76232;-49,34661;"SPRF-SP";"DEL09-SP";"UOP01-DEL09-SP"
139878;2018-05-30;"quarta-feira";"17:10:00";"RS";468;4;"PALMEIRA DAS MISSOES";"Falta de Atenção à Condução";"Colisão transversal";"Com Vítimas Feridas";"Pleno dia";"Decrescente";"Céu Claro";"Simples";"Rotatória";"Não";2;0;1;0;1;0;1;2;-27,863552;-53,350998;"SPRF-RS";"DEL08-RS";"UOP01-DEL08-RS"
139881;2018-05-08;"terça-feira";"18:05:00";"RS";392;352,4;"SANTA MARIA";"Pista Escorregadia";"Tombamento";"Com Vítimas Feridas";"Anoitecer";"Crescente";"Nublado";"Simples";"Reta";"Sim";2;0;2;0;0;0;2;1;-29,72226253;-53,80681336;"SPRF-RS";"DEL09-RS";"UOP01-DEL09-RS"
139882;2018-06-13;"quarta-feira";"12:55:00";"RJ";116;264,5;"BARRA MANSA";"Velocidade Incompatível";"Colisão lateral";"Com Vítimas Feridas";"Pleno dia";"Decrescente";"Céu Claro";"Dupla";"Curva";"Não";1;0;0;1;0;0;1;1;-22,56519654;-44,12230074;"SPRF-RJ";"DEL07-RJ";"UOP02-DEL07-RJ"
139883;2018-06-13;"quarta-feira";"12:24:00";"RO";364;710,9;"PORTO VELHO";"Desobediência às normas de trânsito pelo condutor";"Colisão transversal";"Com Vítimas Feridas";"Pleno dia";"Decrescente";"Céu Claro";"Dupla";"Reta";"Sim";3;0;0;1;0;2;1;3;-8,78367847;-63,86216194;"SPRF-RO";"DEL01-RO";"UOP01-DEL01-RO"
139884;2018-06-13;"quarta-feira";"07:00:00";"SC";282;461,3;"PONTE SERRADA";"Ultrapassagem Indevida";"Colisão frontal";"Com Vítimas Fatais";"Pleno dia";"Decrescente";"Céu Claro";"Simples";"Reta";"Sim";9;1;3;4;1;0;7;3;-26,856403;-52,041328;"SPRF-SC";"DEL07-SC";"UOP04-DEL07-SC"
139886;2018-06-13;"quarta-feira";"13:20:00";"RS";116;145;"CAXIAS DO SUL";"Falta de Atenção à Condução";"Colisão transversal";"Sem Vítimas";"Pleno dia";"Decrescente";"Céu Claro";"Dupla";"Aclive;Curva";"Sim";5;0;0;0;5;0;0;3;-29,135021;-51,13028;"SPRF-RS";"DEL05-RS";"UOP01-DEL05-RS"
139887;2018-06-13;"quarta-feira";"11:30:00";"BA";101;212,3;"GOVERNADOR MANGABEIRA";"Não guardar distância de segurança";"Colisão traseira";"Com Vítimas Feridas";"Pleno dia";"Decrescente";"Sol";"Simples";"Reta";"Não";3;0;2;0;1;0;2;2;-12,60936634;-39,07828629;"SPRF-BA";"DEL01-BA";"UOP03-DEL01-BA"
139888;2018-05-09;"quarta-feira";"18:52:00";"AC";317;330;"BRASILEIA";"Falta de Atenção à Condução";"Colisão frontal";"Com Vítimas Fatais";"Plena Noite";"Crescente";"Ignorado";"Simples";"Reta";"Não";2;1;0;0;1;0;0;2;-10,9418;-68,992012;"SPRF-AC";"DEL01-AC";"UOP02-DEL01-AC"
139890;2018-06-13;"quarta-feira";"12:30:00";"PR";277;673,8;"MEDIANEIRA";"Falta de Atenção à Condução";"Colisão traseira";"Com Vítimas Feridas";"Pleno dia";"Decrescente";"Céu Claro";"Dupla";"Reta";"Sim";5;0;1;0;4;0;1;2;-25,290573;-54,106499;"SPRF-PR";"DEL05-PR";"UOP01-DEL05-PR"
139891;2018-06-13;"quarta-feira";"15:00:00";"GO";153;459,9;"GOIANAPOLIS";"Falta de Atenção à Condução";"Colisão traseira";"Com Vítimas Feridas";"Pleno dia";"Decrescente";"Céu Claro";"Dupla";"Retorno Regulamentado";"Não";3;0;3;0;0;0;3;2;-16,44474951;-49,01940823;"SPRF-GO";"DEL01-GO";"UOP01-DEL01-GO"
139892;2018-06-13;"quarta-feira";"11:40:00";"SC";470;160;"TROMBUDO CENTRAL";"Falta de Atenção à Condução";"Colisão lateral";"Com Vítimas Feridas";"Pleno dia";"Crescente";"Sol";"Simples";"Interseção de Vias";"Sim";3;0;1;0;2;0;1;3;-27,28582309;-49,78331208;"SPRF-SC";"DEL04-SC";"UOP02-DEL04-SC"
139893;2018-06-13;"quarta-feira";"12:00:00";"BA";367;82,4;"EUNAPOLIS";"Desobediência às normas de trânsito pelo condutor";"Colisão com objeto em movimento";"Com Vítimas Feridas";"Pleno dia";"Crescente";"Nublado";"Simples";"Reta";"Sim";3;0;3;0;0;0;3;2;-16,37193446;-39,5655334;"SPRF-BA";"DEL09-BA";"UOP01-DEL09-BA"
139896;2018-06-13;"quarta-feira";"13:40:00";"MG";40;513;"RIBEIRAO DAS NEVES";"Não guardar distância de segurança";"Colisão traseira";"Com Vítimas Feridas";"Pleno dia";"Crescente";"Céu Claro";"Dupla";"Reta";"Não";5;0;2;0;3;0;2;4;-19,79324;-44,11093;"SPRF-MG";"DEL01-MG";"UOP03-DEL01-MG"
139897;2018-06-13;"quarta-feira";"13:40:00";"MG";40;512;"RIBEIRAO DAS NEVES";"Ingestão de Álcool";"Atropelamento de Pedestre";"Com Vítimas Feridas";"Pleno dia";"Decrescente";"Céu Claro";"Dupla";"Aclive;Reta";"Sim";2;0;0;2;0;0;2;2;-19,7888541;-44,1132617;"SPRF-MG";"DEL01-MG";"UOP03-DEL01-MG"
139899;2018-06-13;"quarta-feira";"13:40:00";"SP";153;62,9;"SAO JOSE DO RIO PRETO";"Não guardar distância de segurança";"Colisão lateral";"Com Vítimas Feridas";"Pleno dia";"Crescente";"Céu Claro";"Simples";"Reta";"Não";2;0;1;0;1;0;1;2;-20,78583;-49,35393;"SPRF-SP";"DEL09-SP";"UOP01-DEL09-SP"
139901;2018-06-13;"quarta-feira";"14:50:00";"PA";316;16;"MARITUBA";"Falta de Atenção à Condução";"Colisão traseira";"Com Vítimas Feridas";"Pleno dia";"Decrescente";"Céu Claro";"Dupla";"Reta";"Sim";3;0;0;1;2;0;1;3;-1,360972;-48,262413;"SPRF-PA";"DEL01-PA";"DEL19/1-UOP05/PA"
139902;2018-06-13;"quarta-feira";"15:30:00";"SC";101;117;"ITAJAI";"Ingestão de álcool e/ou substâncias psicoativas pelo pedestre";"Queda de ocupante de veículo";"Com Vítimas Feridas";"Pleno dia";"Crescente";"Céu Claro";"Dupla";"Interseção de Vias";"Sim";1;0;1;0;0;0;1;1;-26,8961;-48,7188;"SPRF-SC";"DEL04-SC";"UOP04-DEL04-SC"
139904;2018-06-13;"quarta-feira";"15:10:00";"PI";343;4;"TERESINA";"Desobediência às normas de trânsito pelo condutor";"Colisão transversal";"Com Vítimas Feridas";"Pleno dia";"Crescente";"Sol";"Múltipla";"Reta";"Sim";2;0;1;1;0;0;2;2;-5,08059759;-42,78241217;"SPRF-PI";"DEL05-PI";"UOP01-DEL05-PI"
139905;2018-06-13;"quarta-feira";"07:15:00";"RJ";101;313;"SAO GONCALO";"Falta de Atenção à Condução";"Colisão lateral";"Com Vítimas Feridas";"Pleno dia";"Crescente";"Céu Claro";"Dupla";"Reta";"Sim";3;0;1;0;2;0;1;3;-22,810507;-43,069859;"SPRF-RJ";"DEL02-RJ";"DEL5/2-UOP04/RJ"
139911;2018-06-13;"quarta-feira";"15:40:00";"SP";116;179,9;"GUARAREMA";"Desobediência às normas de trânsito pelo condutor";"Tombamento";"Com Vítimas Feridas";"Pleno dia";"Decrescente";"Céu Claro";"Dupla";"Reta";"Não";1;0;1;0;0;0;1;1;-23,33534833;-46,1429755;"SPRF-SP";"DEL02-SP";"UOP01-DEL02-SP"
139912;2018-06-13;"quarta-feira";"15:05:00";"GO";60;387,9;"RIO VERDE";"Avarias e/ou desgaste excessivo no pneu";"Queda de ocupante de veículo";"Com Vítimas Feridas";"Pleno dia";"Decrescente";"Céu Claro";"Dupla";"Reta";"Sim";1;0;1;0;0;0;1;1;-17,81476558;-50,93326092;"SPRF-GO";"DEL04-GO";"UOP01-DEL04-GO"
139913;2018-06-13;"quarta-feira";"12:55:00";"SC";101;349,6;"JAGUARUNA";"Defeito Mecânico no Veículo";"Incêndio";"Sem Vítimas";"Pleno dia";"Decrescente";"Céu Claro";"Múltipla";"Reta";"Não";1;0;0;0;1;0;0;1;-28,5871596;-49,04724553;"SPRF-SC";"DEL02-SC";"UOP01-DEL02-SC"
139916;2018-05-26;"sábado";"23:30:00";"RS";386;360,5;"BOM RETIRO DO SUL";"Desobediência às normas de trânsito pelo condutor";"Colisão frontal";"Com Vítimas Feridas";"Plena Noite";"Crescente";"Nevoeiro/Neblina";"Simples";"Reta";"Não";3;0;0;1;2;0;1;2;-29,55673432;-51,89045817;"SPRF-RS";"DEL04-RS";"UOP02-DEL04-RS"
139919;2018-06-13;"quarta-feira";"16:20:00";"ES";101;155;"LINHARES";"Condutor Dormindo";"Saída de leito carroçável";"Com Vítimas Feridas";"Pleno dia";"Decrescente";"Céu Claro";"Simples";"Reta";"Não";1;0;1;0;0;0;1;1;-19,45688103;-40,10198593;"SPRF-ES";"DEL04-ES";"UOP01-DEL04-ES"
139921;2018-06-13;"quarta-feira";"16:01:00";"SC";282;17,3;"PALHOCA";"Falta de Atenção à Condução";"Colisão transversal";"Com Vítimas Feridas";"Pleno dia";"Decrescente";"Nublado";"Simples";"Reta";"Sim";3;0;1;2;0;0;3;2;-27,665707;-48,688065;"SPRF-SC";"DEL01-SC";"UOP02-DEL01-SC"
139922;2018-06-13;"quarta-feira";"16:10:00";"RJ";101;409,8;"ITAGUAI";"Falta de Atenção do Pedestre";"Atropelamento de Pedestre";"Com Vítimas Feridas";"Pleno dia";"Crescente";"Céu Claro";"Dupla";"Reta";"Não";2;0;0;1;1;0;1;2;-22,89509;-43,84907;"SPRF-RJ";"DEL03-RJ";"UOP01-DEL03-RJ"
139923;2018-06-13;"quarta-feira";"09:00:00";"RR";174;247;"CARACARAI";"Pista Escorregadia";"Saída de leito carroçável";"Com Vítimas Feridas";"Pleno dia";"Crescente";"Chuva";"Simples";"Curva";"Não";6;0;1;0;0;5;1;1;1,229139;-60,395348;"SPRF-RR";"DEL01-RR";"UOP01-DEL01-RR"
139924;2018-06-13;"quarta-feira";"11:35:00";"MG";40;630,7;"CONSELHEIRO LAFAIETE";"Desobediência às normas de trânsito pelo condutor";"Colisão frontal";"Com Vítimas Feridas";"Pleno dia";"Decrescente";"Sol";"Simples";"Curva";"Não";3;0;1;1;1;0;2;3;-20,66851479;-43,80252242;"SPRF-MG";"DEL05-MG";"UOP02-DEL05-MG"
139925;2018-06-13;"quarta-feira";"16:20:00";"MG";50;174,6;"UBERABA";"Falta de Atenção à Condução";"Tombamento";"Com Vítimas Feridas";"Pleno dia";"Crescente";"Céu Claro";"Dupla";"Viaduto";"Sim";2;0;2;0;0;0;2;1;-19,7787;-47,97;"SPRF-MG";"DEL13-MG";"UOP01-DEL13-MG"
139926;2018-06-13;"quarta-feira";"16:40:00";"SP";153;58,8;"SAO JOSE DO RIO PRETO";"Falta de Atenção à Condução";"Colisão transversal";"Com Vítimas Feridas";"Pleno dia";"Crescente";"Nublado";"Simples";"Reta";"Sim";2;0;1;0;1;0;1;2;-20,78583;-49,35393;"SPRF-SP";"DEL09-SP";"UOP01-DEL09-SP"
139928;2018-06-13;"quarta-feira";"15:20:00";"PI";343;600;"FLORIANO";"Falta de Atenção à Condução";"Colisão traseira";"Com Vítimas Feridas";"Pleno dia";"Decrescente";"Céu Claro";"Simples";"Reta";"Sim";3;0;1;0;2;0;1;2;-6,833065;-43,071575;"SPRF-PI";"DEL03-PI";"UOP01-DEL03-PI"
139929;2018-06-13;"quarta-feira";"15:00:00";"TO";226;2;"AGUIARNOPOLIS";"Desobediência às normas de trânsito pelo condutor";"Colisão transversal";"Com Vítimas Feridas";"Pleno dia";"Crescente";"Céu Claro";"Simples";"Interseção de Vias;Rotatória";"Sim";3;0;1;0;1;1;1;2;-6,563594;-47,475021;"SPRF-TO";"DEL02-TO";"UOP03-DEL02-TO"
139930;2018-06-13;"quarta-feira";"16:25:00";"BA";101;834,3;"MUCURI";"Restrição de Visibilidade";"Colisão transversal";"Com Vítimas Feridas";"Pleno dia";"Crescente";"Céu Claro";"Simples";"Reta";"Sim";2;0;0;1;1;0;1;2;-17,99808064;-39,86064076;"SPRF-BA";"DEL09-BA";"UOP01-DEL09-BA"
139932;2018-06-13;"quarta-feira";"16:40:00";"ES";101;186;"ARACRUZ";"Falta de Atenção à Condução";"Saída de leito carroçável";"Com Vítimas Feridas";"Pleno dia";"Decrescente";"Céu Claro";"Simples";"Aclive";"Não";3;0;1;0;2;0;1;1;-19,66473507;-40,2473402;"SPRF-ES";"DEL04-ES";"UOP01-DEL04-ES"
139933;2018-06-13;"quarta-feira";"17:30:00";"SC";470;51,2;"BLUMENAU";"Desobediência às normas de trânsito pelo condutor";"Colisão lateral";"Com Vítimas Feridas";"Anoitecer";"Crescente";"Céu Claro";"Dupla";"Reta";"Não";2;0;1;0;1;0;1;2;-26,86293607;-49,08589482;"SPRF-SC";"DEL04-SC";"UOP01-DEL04-SC"
139934;2018-06-13;"quarta-feira";"14:50:00";"RO";364;423,2;"JARU";"Falta de Atenção à Condução";"Colisão transversal";"Com Vítimas Feridas";"Pleno dia";"Decrescente";"Nublado";"Simples";"Reta";"Sim";3;0;0;1;2;0;1;2;-10,4509705;-62,46150255;"SPRF-RO";"DEL03-RO";"UOP02-DEL03-RO"
139935;2018-06-13;"quarta-feira";"11:22:00";"MG";381;787;"SAO GONCALO DO SAPUCAI";"Falta de Atenção à Condução";"Queda de ocupante de veículo";"Com Vítimas Feridas";"Pleno dia";"Crescente";"Céu Claro";"Dupla";"Reta";"Não";1;0;1;0;0;0;1;1;-21,8639;-45,5323;"SPRF-MG";"DEL16-MG";"UOP02-DEL16-MG"
139938;2018-06-13;"quarta-feira";"18:10:00";"PR";369;182,2;"ARAPONGAS";"Falta de Atenção do Pedestre";"Atropelamento de Pedestre";"Com Vítimas Feridas";"Plena Noite";"Decrescente";"Vento";"Dupla";"Reta";"Não";2;0;0;1;1;0;1;2;-23,3848337;-51,4192611;"SPRF-PR";"DEL07-PR";"UOP03-DEL07-PR"
139940;2018-06-13;"quarta-feira";"18:20:00";"SC";101;213;"PALHOCA";"Defeito Mecânico no Veículo";"Queda de ocupante de veículo";"Com Vítimas Feridas";"Plena Noite";"Decrescente";"Céu Claro";"Dupla";"Reta";"Sim";1;0;1;0;0;0;1;1;-27,6446;-48,6705;"SPRF-SC";"DEL01-SC";"UOP02-DEL01-SC"