"id";"data_inversa";"dia_semana";"horario";"uf";"br";"km";"municipio";"causa_acidente";"tipo_acidente";"classificacao_acidente";"fase_dia";"sentido_via";"condicao_metereologica";"tipo_pista";"tracado_via";"uso_solo";"pessoas";"mortos";"feridos_leves";"feridos_graves";"ilesos";"ignorados";"feridos";"veiculos";"latitude";"longitude";"regional";"delegacia";"uop"
139941;2018-06-13;"quarta-feira";"16:45:00";"PE";101;100,9;"CABO DE SANTO AGOSTINHO";"Não guardar distância de segurança";"Colisão lateral";"Com Vítimas Feridas";"Anoitecer";"Decrescente";"Céu Claro";"Simples";"Reta";"Sim";2;0;0;1;1;0;1;2;-8,29076264;-35,04445368;"SPRF-PE";"DEL01-PE";"UOP03-DEL01-PE"
139942;2018-06-13;"quarta-feira";"18:10:00";"GO";70;186,2;"ITABERAI";"Ingestão de Álcool";"Colisão lateral";"Com Vítimas Feridas";"Anoitecer";"Decrescente";"Céu Claro";"Simples";"Reta";"Não";3;0;0;3;0;0;3;2;-16,022;-49,7754;"SPRF-GO";"DEL02-GO";"UOP02-DEL02-GO"
139943;2018-06-13;"quarta-feira";"18:20:00";"SC";470;70,4;"INDAIAL";"Falta de Atenção do Pedestre";"Tombamento";"Com Vítimas Feridas";"Anoitecer";"Crescente";"Nublado";"Simples";"Reta";"Não";2;0;1;0;1;0;1;2;-26,89169353;-49,25764019;"SPRF-SC";"DEL04-SC";"UOP01-DEL04-SC"
139944;2018-06-13;"quarta-feira";"18:30:00";"SC";280;53,7;"GUARAMIRIM";"Falta de Atenção à Condução";"Colisão transversal";"Com Vítimas Feridas";"Plena Noite";"Decrescente";"Nublado";"Simples";"Reta";"Não";1;0;1;0;0;0;1;1;-26,47479873;-48,98077369;"SPRF-SC";"DEL03-SC";"UOP03-DEL03-SC"
139945;2018-06-13;"quarta-feira";"18:18:00";"ES";101;257;"SERRA";"Falta de Atenção à Condução";"Colisão lateral";"Com Vítimas Feridas";"Plena Noite";"Crescente";"Céu Claro";"Dupla";"Rotatória";"Sim";2;0;1;0;1;0;1;2;-20,12783296;-40,29957354;"SPRF-ES";"DEL02-ES";"UOP01-DEL02-ES"
139946;2018-06-13;"quarta-feira";"18:30:00";"SC";470;145,1;"RIO DO SUL";"Falta de Atenção à Condução";"Colisão transversal";"Com Vítimas Feridas";"Plena Noite";"Crescente";"Céu Claro";"Simples";"Rotatória";"Não";3;0;2;0;1;0;2;2;-27,22174075;-49,6617086;"SPRF-SC";"DEL04-SC";"UOP02-DEL04-SC"
139947;2018-06-13;"quarta-feira";"15:12:00";"PR";116;119;"CURITIBA";"Falta de Atenção à Condução";"Saída de leito carroçável";"Com Vítimas Feridas";"Pleno dia";"Crescente";"Céu Claro";"Dupla";"Retorno Regulamentado";"Sim";2;0;1;0;1;0;1;1;-25,544559;-49,30146;"SPRF-PR";"DEL01-PR";"UOP07-DEL01-PR"
139948;2018-06-13;"quarta-feira";"18:35:00";"MG";116;273,8;"TEOFILO OTONI";"Falta de Atenção à Condução";"Atropelamento de Pedestre";"Com Vítimas Feridas";"Anoitecer";"Decrescente";"Céu Claro";"Simples";"Reta";"Sim";2;0;1;0;0;1;1;2;-17,82763526;-41,50763512;"SPRF-MG";"DEL11-MG";"UOP01-DEL11-MG"
139949;2018-06-13;"quarta-feira";"18:35:00";"SC";282;16,2;"PALHOCA";"Desobediência às normas de trânsito pelo condutor";"Colisão lateral";"Com Vítimas Feridas";"Plena Noite";"Crescente";"Céu Claro";"Simples";"Reta";"Não";2;0;1;0;1;0;1;2;-27,658611;-48,681847;"SPRF-SC";"DEL01-SC";"UOP02-DEL01-SC"
139950;2018-06-13;"quarta-feira";"17:35:00";"MG";116;714,2;"MURIAE";"Ingestão de Álcool";"Colisão traseira";"Sem Vítimas";"Anoitecer";"Decrescente";"Céu Claro";"Simples";"Reta";"Não";2;0;0;0;2;0;0;2;-21,19356906;-42,37520747;"SPRF-MG";"DEL07-MG";"UOP02-DEL07-MG"
139953;2018-06-13;"quarta-feira";"18:05:00";"MS";262;378,6;"TERENOS";"Falta de Atenção à Condução";"Colisão transversal";"Com Vítimas Fatais";"Plena Noite";"Crescente";"Nublado";"Simples";"Reta";"Não";2;1;0;0;1;0;0;2;-20,467764;-54,84121;"SPRF-MS";"DEL01-MS";"UOP03-DEL01-MS"
139956;2018-06-13;"quarta-feira";"18:30:00";"SP";116;280;"EMBU DAS ARTES";"Falta de Atenção à Condução";"Colisão traseira";"Com Vítimas Feridas";"Anoitecer";"Crescente";"Chuva";"Dupla";"Reta";"Sim";3;0;2;0;1;0;2;2;-23,6459591;-46,84147328;"SPRF-SP";"DEL04-SP";"UOP01-DEL04-SP"
139958;2018-06-13;"quarta-feira";"19:45:00";"PR";376;176;"MARINGA";"Falta de Atenção à Condução";"Colisão lateral";"Com Vítimas Feridas";"Plena Noite";"Crescente";"Céu Claro";"Dupla";"Reta";"Sim";2;0;1;0;1;0;1;2;-23,41258124;-51,93223357;"SPRF-PR";"DEL07-PR";"UOP01-DEL09-PR"
139959;2018-06-13;"quarta-feira";"15:45:00";"MA";135;22,2;"SAO LUIS";"Falta de Atenção à Condução";"Colisão lateral";"Com Vítimas Feridas";"Pleno dia";"Decrescente";"Sol";"Dupla";"Reta";"Sim";2;0;1;0;0;1;1;2;-2,56539416;-44,3194592;"SPRF-MA";"DEL01-MA";"UOP01-DEL01-MA"
139960;2018-06-13;"quarta-feira";"18:20:00";"MS";163;272,3;"DOURADOS";"Falta de Atenção à Condução";"Colisão traseira";"Com Vítimas Feridas";"Plena Noite";"Decrescente";"Nublado";"Dupla";"Reta";"Sim";2;0;1;0;1;0;1;2;-22,18161738;-54,67540912;"SPRF-MS";"DEL04-MS";"UOP01-DEL04-MS"
139961;2018-06-13;"quarta-feira";"18:20:00";"CE";116;171,9;"RUSSAS";"Falta de Atenção do Pedestre";"Atropelamento de Pedestre";"Com Vítimas Fatais";"Plena Noite";"Decrescente";"Céu Claro";"Simples";"Reta";"Não";2;1;0;0;1;0;0;2;-5,01110031;-38,04945767;"SPRF-CE";"DEL03-CE";"UOP01-DEL03-CE"
139962;2018-06-13;"quarta-feira";"19:00:00";"GO";153;419,8;"ANAPOLIS";"Ingestão de Álcool";"Colisão traseira";"Com Vítimas Feridas";"Plena Noite";"Decrescente";"Céu Claro";"Simples";"Reta";"Não";4;0;1;0;3;0;1;2;-16,17583712;-49,04299289;"SPRF-GO";"DEL02-GO";"UOP01-DEL02-GO"
139963;2018-06-13;"quarta-feira";"08:20:00";"MS";158;325,5;"BRASILANDIA";"Falta de Atenção à Condução";"Queda de ocupante de veículo";"Com Vítimas Feridas";"Pleno dia";"Crescente";"Céu Claro";"Simples";"Reta";"Sim";1;0;1;0;0;0;1;1;-21,24568;-52,032444;"SPRF-MS";"DEL07-MS";"UOP01-DEL07-MS"
139964;2018-06-13;"quarta-feira";"20:10:00";"PR";277;545,1;"CATANDUVAS";"Ultrapassagem Indevida";"Colisão lateral";"Com Vítimas Feridas";"Plena Noite";"Crescente";"Céu Claro";"Simples";"Aclive";"Não";2;0;2;0;0;0;2;2;-25,10148597;-53,08384832;"SPRF-PR";"DEL04-PR";"UOP04-DEL04-PR"
139967;2018-06-13;"quarta-feira";"18:03:00";"SC";282;603,5;"MARAVILHA";"Desobediência às normas de trânsito pelo condutor";"Saída de leito carroçável";"Com Vítimas Feridas";"Plena Noite";"Decrescente";"Céu Claro";"Simples";"Reta";"Não";1;0;1;0;0;0;1;1;-26,803013;-53,188068;"SPRF-SC";"DEL07-SC";"UOP02-DEL07-SC"
139968;2018-06-13;"quarta-feira";"20:25:00";"RJ";116;165;"RIO DE JANEIRO";"Falta de Atenção à Condução";"Engavetamento";"Com Vítimas Feridas";"Plena Noite";"Crescente";"Nublado";"Múltipla";"Reta";"Sim";5;0;0;1;4;0;1;3;-22,809811;-43,33585024;"SPRF-RJ";"DEL01-RJ";"UOP02-DEL01-RJ"
139971;2018-06-13;"quarta-feira";"20:20:00";"PI";343;596;"FLORIANO";"Falta de Atenção à Condução";"Colisão traseira";"Com Vítimas Feridas";"Plena Noite";"Decrescente";"Céu Claro";"Simples";"Reta";"Sim";2;0;1;0;1;0;1;2;-6,805063;-43,0508;"SPRF-PI";"DEL03-PI";"UOP01-DEL03-PI"
139972;2018-06-13;"quarta-feira";"17:40:00";"BA";110;187;"RIBEIRA DO POMBAL";"Desobediência às normas de trânsito pelo condutor";"Capotamento";"Com Vítimas Feridas";"Anoitecer";"Decrescente";"Céu Claro";"Simples";"Reta";"Não";2;0;2;0;0;0;2;1;-10,9579;-38,5215;"SPRF-BA";"DEL07-BA";"UOP02-DEL07-BA"
139973;2018-06-13;"quarta-feira";"21:15:00";"SP";116;52;"LORENA";"Ingestão de Álcool";"Saída de leito carroçável";"Com Vítimas Feridas";"Plena Noite";"Crescente";"Nublado";"Dupla";"Reta";"Sim";1;0;0;1;0;0;1;1;-22,74691485;-45,09999315;"SPRF-SP";"DEL08-SP";"UOP01-DEL08-SP"
139975;2018-06-13;"quarta-feira";"20:00:00";"MT";158;646;"NOVA XAVANTINA";"Falta de Atenção do Pedestre";"Atropelamento de Pedestre";"Com Vítimas Fatais";"Plena Noite";"Decrescente";"Céu Claro";"Simples";"Reta";"Não";2;1;0;0;1;0;0;2;-14,6240637;-52,35733867;"SPRF-MT";"DEL07-MT";"UOP02-DEL07-MT"
139976;2018-06-13;"quarta-feira";"21:45:00";"SC";101;75;"ARAQUARI";"Falta de Atenção do Pedestre";"Atropelamento de Pedestre";"Com Vítimas Feridas";"Plena Noite";"Decrescente";"Céu Claro";"Dupla";"Reta";"Não";2;0;0;1;1;0;1;2;-26,5621;-48,72;"SPRF-SC";"DEL03-SC";"UOP02-DEL03-SC"
139978;2018-06-13;"quarta-feira";"20:40:00";"SP";116;294;"ITAPECERICA DA SERRA";"Mal Súbito";"Colisão com objeto estático";"Sem Vítimas";"Plena Noite";"Crescente";"Garoa/Chuvisco";"Dupla";"Reta";"Não";2;0;0;0;2;0;0;1;-23,74747297;-46,90052211;"SPRF-SP";"DEL04-SP";"UOP01-DEL04-SP"
139979;2018-05-24;"quinta-feira";"10:50:00";"PR";376;178,3;"MARINGA";"Velocidade Incompatível";"Tombamento";"Com Vítimas Feridas";"Pleno dia";"Crescente";"Nublado";"Dupla";"Reta";"Sim";2;0;1;0;1;0;1;2;-23,41715513;-51,91936889;"SPRF-PR";"DEL07-PR";"UOP01-DEL09-PR"
139980;2018-06-13;"quarta-feira";"20:05:00";"BA";101;806,9;"ITAMARAJU";"Falta de Atenção à Condução";"Colisão lateral";"Sem Vítimas";"Plena Noite";"Decrescente";"Céu Claro";"Simples";"Curva";"Sim";2;0;0;0;2;0;0;2;-17,00997641;-39,54555631;"SPRF-BA";"DEL09-BA";"UOP01-DEL09-BA"
139983;2018-06-13;"quarta-feira";"22:32:00";"PR";376;250;"APUCARANA";"Falta de Atenção à Condução";"Colisão traseira";"Com Vítimas Feridas";"Plena Noite";"Decrescente";"Céu Claro";"Simples";"Declive";"Não";3;0;1;0;2;0;1;2;-23,6075195;-51,4080917;"SPRF-PR";"DEL07-PR";"UOP03-DEL07-PR"
139984;2018-06-13;"quarta-feira";"18:45:00";"RJ";101;300;"SAO GONCALO";"Animais na Pista";"Atropelamento de Animal";"Com Vítimas Feridas";"Plena Noite";"Decrescente";"Céu Claro";"Dupla";"Reta";"Sim";1;0;1;0;0;0;1;1;-22,776459;-42,947842;"SPRF-RJ";"DEL02-RJ";"DEL5/2-UOP04/RJ"
139986;2018-06-13;"quarta-feira";"22:07:00";"PR";163;284;"MARECHAL CANDIDO RONDON";"Objeto estático sobre o leito carroçável";"Saída de leito carroçável";"Com Vítimas Feridas";"Plena Noite";"Decrescente";"Vento";"Dupla";"Reta";"Não";3;0;3;0;0;0;3;1;-24,56663999;-54,03376579;"SPRF-PR";"DEL06-PR";"UOP02-DEL06-PR"
139987;2018-06-13;"quarta-feira";"23:00:00";"SC";101;210,4;"SAO JOSE";"Avarias e/ou desgaste excessivo no pneu";"Queda de ocupante de veículo";"Com Vítimas Feridas";"Plena Noite";"Crescente";"Céu Claro";"Múltipla";"Reta";"Não";1;0;1;0;0;0;1;1;-27,6235;-48,6524;"SPRF-SC";"DEL01-SC";"UOP01-DEL01-SC"
139988;2018-06-13;"quarta-feira";"23:05:00";"RS";153;48;"ERECHIM";"Ingestão de Álcool";"Colisão traseira";"Sem Vítimas";"Plena Noite";"Decrescente";"Céu Claro";"Simples";"Aclive;Viaduto;Reta";"Sim";2;0;0;0;2;0;0;2;-27,64871767;-52,25372558;"SPRF-RS";"DEL08-RS";"UOP04-DEL08-RS"
139990;2018-06-13;"quarta-feira";"21:30:00";"PR";376;183;"SARANDI";"Falta de Atenção do Pedestre";"Atropelamento de Pedestre";"Com Vítimas Fatais";"Plena Noite";"Decrescente";"Céu Claro";"Múltipla";"Reta";"Não";2;1;0;0;1;0;0;2;-23,441591;-51,870674;"SPRF-PR";"DEL07-PR";"UOP01-DEL09-PR"
139991;2018-06-13;"quarta-feira";"19:30:00";"SC";282;371;"ERVAL VELHO";"Falta de Atenção à Condução";"Saída de leito carroçável";"Com Vítimas Feridas";"Plena Noite";"Decrescente";"Céu Claro";"Simples";"Reta";"Não";2;0;2;0;0;0;2;1;-27,2563082;-51,44485474;"SPRF-SC";"DEL07-SC";"UOP05-DEL07-SC"
139992;2018-06-13;"quarta-feira";"13:50:00";"RO";435;82,7;"COLORADO DO OESTE";"Falta de Atenção à Condução";"Colisão transversal";"Com Vítimas Feridas";"Pleno dia";"Decrescente";"Garoa/Chuvisco";"Simples";"Reta";"Sim";2;0;2;0;0;0;2;2;-13,11852285;-60,52994158;"SPRF-RO";"DEL04-RO";"UOP02-DEL04-RO"
139994;2018-06-13;"quarta-feira";"23:20:00";"MG";381;375,4;"SAO GONCALO DO RIO ABAIXO";"Falta de Atenção à Condução";"Saída de leito carroçável";"Com Vítimas Feridas";"Plena Noite";"Crescente";"Nublado";"Simples";"Aclive;Curva";"Não";1;0;0;1;0;0;1;1;-19,83583051;-43,36475372;"SPRF-MG";"DEL01-MG";"UOP01-DEL01-MG"
139995;2018-06-13;"quarta-feira";"19:00:00";"RO";435;81,9;"COLORADO DO OESTE";"Falta de Atenção à Condução";"Colisão traseira";"Com Vítimas Feridas";"Plena Noite";"Decrescente";"Nublado";"Simples";"Reta";"Não";2;0;0;1;0;1;1;2;-13,113192;-60,497044;"SPRF-RO";"DEL04-RO";"UOP02-DEL04-RO"
139998;2018-05-27;"domingo";"20:20:00";"RS";116;37,8;"VACARIA";"Desobediência às normas de trânsito pelo condutor";"Colisão transversal";"Com Vítimas Feridas";"Plena Noite";"Decrescente";"Céu Claro";"Simples";"Reta;Rotatória";"Sim";4;0;2;0;2;0;2;2;-28,49872;-50,917686;"SPRF-RS";"DEL05-RS";"UOP03-DEL05-RS"
139999;2018-06-13;"quarta-feira";"23:50:00";"RJ";101;328;"RIO DE JANEIRO";"Defeito Mecânico no Veículo";"Incêndio";"Sem Vítimas";"Plena Noite";"Decrescente";"Céu Claro";"Dupla";"Aclive";"Não";1;0;0;0;1;0;0;1;-22,870275;-43,165936;"SPRF-RJ";"DEL02-RJ";"UOP02-DEL02-RJ"
140001;2018-06-13;"quarta-feira";"23:10:00";"MT";163;834,4;"SINOP";"Ingestão de Álcool";"Saída de leito carroçável";"Com Vítimas Feridas";"Plena Noite";"Crescente";"Céu Claro";"Dupla";"Rotatória";"Sim";1;0;1;0;0;0;1;1;-11,85794318;-55,49331665;"SPRF-MT";"DEL06-MT";"UOP01-DEL06-MT"
140002;2018-06-14;"quinta-feira";"00:20:00";"CE";222;36,3;"CAUCAIA";"Ingestão de Álcool";"Colisão lateral";"Com Vítimas Feridas";"Plena Noite";"Crescente";"Céu Claro";"Simples";"Reta;Declive";"Não";2;0;0;1;0;1;1;2;-3,69682082;-38,87589455;"SPRF-CE";"DEL01-CE";"UOP01-DEL01-CE"
140003;2018-06-14;"quinta-feira";"01:10:00";"CE";116;157,9;"RUSSAS";"Falta de Atenção do Pedestre";"Atropelamento de Pedestre";"Com Vítimas Feridas";"Plena Noite";"Crescente";"Céu Claro";"Simples";"Reta";"Não";4;0;0;1;3;0;1;2;-4,921826;-37,994289;"SPRF-CE";"DEL03-CE";"UOP01-DEL03-CE"
140005;2018-06-14;"quinta-feira";"01:05:00";"RJ";101;407;"ITAGUAI";"Desobediência às normas de trânsito pelo condutor";"Colisão com objeto estático";"Sem Vítimas";"Plena Noite";"Decrescente";"Nublado";"Dupla";"Reta";"Sim";4;0;0;0;0;4;0;1;-22,86184121;-43,793993;"SPRF-RJ";"DEL03-RJ";"UOP01-DEL03-RJ"
140006;2018-06-14;"quinta-feira";"01:00:00";"RO";319;59;"PORTO VELHO";"Objeto estático sobre o leito carroçável";"Colisão traseira";"Sem Vítimas";"Plena Noite";"Decrescente";"Céu Claro";"Dupla";"Reta";"Sim";3;0;0;0;3;0;0;2;-8,74029898;-63,89157593;"SPRF-RO";"DEL01-RO";"UOP01-DEL01-RO"
140007;2018-06-14;"quinta-feira";"01:05:00";"PR";376;168,5;"MARINGA";"Ingestão de Álcool";"Colisão com objeto estático";"Com Vítimas Feridas";"Plena Noite";"Crescente";"Céu Claro";"Dupla";"Declive";"Não";1;0;1;0;0;0;1;1;-23,401949;-51,998219;"SPRF-PR";"DEL07-PR";"UOP01-DEL09-PR"
140015;2018-06-14;"quinta-feira";"02:15:00";"RJ";101;524;"ANGRA DOS REIS";"Pista Escorregadia";"Capotamento";"Sem Vítimas";"Plena Noite";"Crescente";"Garoa/Chuvisco";"Simples";"Curva";"Não";1;0;0;0;0;1;0;1;-22,99776523;-44,47562814;"SPRF-RJ";"DEL03-RJ";"UOP02-DEL03-RJ"
140016;2018-05-24;"quinta-feira";"15:50:00";"RS";290;159;"ARROIO DOS RATOS";"Desobediência às normas de trânsito pelo condutor";"Colisão frontal";"Com Vítimas Fatais";"Pleno dia";"Crescente";"Céu Claro";"Simples";"Reta";"Não";4;1;1;0;0;2;1;3;-30,108566;-51,798321;"SPRF-RS";"DEL02-RS";"UOP01-DEL02-RS"
140018;2018-06-14;"quinta-feira";"06:00:00";"MG";251;516,5;"MONTES CLAROS";"Defeito na Via";"Queda de ocupante de veículo";"Com Vítimas Feridas";"Pleno dia";"Decrescente";"Céu Claro";"Simples";"Reta;Aclive";"Não";1;0;1;0;0;0;1;1;-16,6599;-43,747;"SPRF-MG";"DEL12-MG";"UOP01-DEL12-MG"
140020;2018-06-14;"quinta-feira";"06:15:00";"SP";153;68;"SAO JOSE DO RIO PRETO";"Animais na Pista";"Tombamento";"Com Vítimas Feridas";"Amanhecer";"Crescente";"Nublado";"Simples";"Reta";"Não";1;0;1;0;0;0;1;1;-20,85052;-49,38346;"SPRF-SP";"DEL09-SP";"UOP01-DEL09-SP"
140023;2018-06-14;"quinta-feira";"05:45:00";"SP";153;75,3;"BADY BASSITT";"Restrição de Visibilidade";"Colisão traseira";"Sem Vítimas";"Plena Noite";"Crescente";"Nevoeiro/Neblina";"Dupla";"Reta";"Sim";2;0;0;0;2;0;0;2;-20,89679427;-49,43786502;"SPRF-SP";"DEL09-SP";"UOP01-DEL09-SP"
140024;2018-06-14;"quinta-feira";"05:00:00";"PB";412;18,6;"BOA VISTA";"Avarias e/ou desgaste excessivo no pneu";"Saída de leito carroçável";"Sem Vítimas";"Amanhecer";"Crescente";"Céu Claro";"Simples";"Curva";"Não";1;0;0;0;0;1;0;1;-7,254914;-36,230619;"SPRF-PB";"DEL02-PB";"UOP02-DEL02-PB"
140025;2018-06-13;"quarta-feira";"22:50:00";"PE";101;33;"ITAPISSUMA";"Falta de Atenção à Condução";"Colisão com objeto estático";"Sem Vítimas";"Plena Noite";"Crescente";"Céu Claro";"Dupla";"Reta";"Não";1;0;0;0;1;0;0;1;-7,76233;-34,93574;"SPRF-PE";"DEL01-PE";"UOP02-DEL01-PE"
140028;2018-06-14;"quinta-feira";"07:20:00";"RN";101;106,1;"PARNAMIRIM";"Não guardar distância de segurança";"Colisão traseira";"Com Vítimas Feridas";"Pleno dia";"Decrescente";"Nublado";"Dupla";"Reta";"Sim";2;0;1;0;1;0;1;2;-5,91172315;-35,26162326;"SPRF-RN";"DEL01-RN";"UOP01-DEL01-RN"
140030;2018-06-14;"quinta-feira";"06:40:00";"PR";158;494;"CORONEL VIVIDA";"Falta de Atenção à Condução";"Colisão transversal";"Sem Vítimas";"Amanhecer";"Crescente";"Céu Claro";"Simples";"Interseção de Vias;Curva";"Não";2;0;0;0;2;0;0;2;-26,02251355;-52,58038569;"SPRF-PR";"DEL02-PR";"UOP01-DEL02-PR"
140031;2018-06-14;"quinta-feira";"02:10:00";"SP";381;85;"SAO PAULO";"Falta de Atenção à Condução";"Queda de ocupante de veículo";"Com Vítimas Feridas";"Plena Noite";"Decrescente";"Garoa/Chuvisco";"Dupla";"Reta";"Sim";1;0;0;1;0;0;1;1;-23,36494997;-46,55319214;"SPRF-SP";"DEL03-SP";"DEL6/3-UOP03/SP"
140032;2018-06-14;"quinta-feira";"04:30:00";"RO";429;236;"SAO FRANCISCO DO GUAPORE";"Animais na Pista";"Atropelamento de Animal";"Sem Vítimas";"Pleno dia";"Crescente";"Céu Claro";"Simples";"Reta";"Não";1;0;0;0;1;0;0;1;-11,977094;-63,281399;"SPRF-RO";"DEL02-RO";"UOP03-DEL02-RO"
140034;2018-06-14;"quinta-feira";"06:20:00";"PE";101;41,2;"IGARASSU";"Mal Súbito";"Queda de ocupante de veículo";"Com Vítimas Fatais";"Pleno dia";"Decrescente";"Céu Claro";"Simples";"Curva";"Sim";1;1;0;0;0;0;0;1;-7,83413265;-34,91253376;"SPRF-PE";"DEL01-PE";"UOP02-DEL01-PE"
140035;2018-06-14;"quinta-feira";"08:00:00";"PE";232;113;"BEZERROS";"Condutor Dormindo";"Saída de leito carroçável";"Com Vítimas Feridas";"Pleno dia";"Crescente";"Céu Claro";"Dupla";"Curva";"Não";1;0;1;0;0;0;1;1;-8,296804;-35,829724;"SPRF-PE";"DEL02-PE";"UOP03-DEL02-PE"
140039;2018-06-14;"quinta-feira";"08:10:00";"SC";470;52,1;"BLUMENAU";"Falta de Atenção à Condução";"Colisão transversal";"Com Vítimas Feridas";"Pleno dia";"Decrescente";"Céu Claro";"Simples";"Reta";"Sim";2;0;0;1;1;0;1;2;-26,86029458;-49,07921624;"SPRF-SC";"DEL04-SC";"UOP01-DEL04-SC"
140040;2018-06-14;"quinta-feira";"08:30:00";"PI";343;7;"PARNAIBA";"Desobediência às normas de trânsito pelo condutor";"Colisão transversal";"Com Vítimas Feridas";"Pleno dia";"Decrescente";"Céu Claro";"Simples";"Reta";"Sim";2;0;1;0;0;1;1;2;-2,898051;-41,714767;"SPRF-PI";"DEL05-PI";"UOP01-DEL05-PI"
140041;2018-06-14;"quinta-feira";"07:40:00";"MG";40;531;"BELO HORIZONTE";"Não guardar distância de segurança";"Colisão traseira";"Com Vítimas Feridas";"Pleno dia";"Crescente";"Céu Claro";"Dupla";"Reta";"Sim";2;0;1;0;1;0;1;2;-19,921292;-44,023396;"SPRF-MG";"DEL01-MG";"UOP03-DEL01-MG"
140043;2018-06-14;"quinta-feira";"07:40:00";"SC";101;33,2;"JOINVILLE";"Pista Escorregadia";"Tombamento";"Com Vítimas Feridas";"Pleno dia";"Crescente";"Nublado";"Simples";"Viaduto";"Sim";2;0;1;1;0;0;2;1;-26,2615;-48,9028;"SPRF-SC";"DEL03-SC";"UOP01-DEL03-SC"
140044;2018-06-14;"quinta-feira";"08:00:00";"PI";316;7,6;"TERESINA";"Falta de Atenção à Condução";"Colisão traseira";"Sem Vítimas";"Pleno dia";"Crescente";"Céu Claro";"Simples";"Reta";"Sim";2;0;0;0;2;0;0;2;-5,1661728;-42,76865959;"SPRF-PI";"DEL01-PI";"UOP02-DEL01-PI"
140047;2018-06-14;"quinta-feira";"08:50:00";"SC";101;123,1;"ITAJAI";"Desobediência às normas de trânsito pelo condutor";"Colisão transversal";"Com Vítimas Feridas";"Pleno dia";"Crescente";"Sol";"Simples";"Interseção de Vias";"Sim";2;0;1;0;1;0;1;2;-26,93729809;-48,69810104;"SPRF-SC";"DEL04-SC";"UOP04-DEL04-SC"
140048;2018-06-14;"quinta-feira";"09:15:00";"PE";116;5,6;"SALGUEIRO";"Falta de Atenção à Condução";"Saída de leito carroçável";"Com Vítimas Fatais";"Pleno dia";"Crescente";"Céu Claro";"Simples";"Curva";"Não";1;1;0;0;0;0;0;1;-7,900078;-39,113707;"SPRF-PE";"DEL05-PE";"UOP01-DEL05-PE"
140050;2018-06-14;"quinta-feira";"07:00:00";"MT";163;754;"SORRISO";"Falta de Atenção à Condução";"Colisão lateral";"Com Vítimas Feridas";"Pleno dia";"Crescente";"Céu Claro";"Dupla";"Aclive";"Não";2;0;1;0;0;1;1;2;-12,52991055;-55,7045567;"SPRF-MT";"DEL06-MT";"UOP01-DEL06-MT"
140051;2018-06-14;"quinta-feira";"09:00:00";"PR";376;202,5;"MANDAGUARI";"Falta de Atenção à Condução";"Colisão com objeto estático";"Com Vítimas Feridas";"Pleno dia";"Decrescente";"Nublado";"Dupla";"Declive";"Não";1;0;1;0;0;0;1;1;-23,509514;-51,721405;"SPRF-PR";"DEL07-PR";"UOP01-DEL09-PR"
140052;2018-06-14;"quinta-feira";"07:30:00";"RS";290;580,4;"ALEGRETE";"Falta de Atenção à Condução";"Saída de leito carroçável";"Sem Vítimas";"Amanhecer";"Decrescente";"Céu Claro";"Simples";"Reta";"Não";1;0;0;0;0;1;0;1;-29,80545978;-55,78162193;"SPRF-RS";"DEL13-RS";"UOP02-DEL13-RS"
140055;2018-06-14;"quinta-feira";"09:10:00";"SC";282;3,5;"SAO JOSE";"Falta de Atenção à Condução";"Colisão traseira";"Com Vítimas Feridas";"Pleno dia";"Crescente";"Céu Claro";"Dupla";"Reta";"Sim";4;0;2;0;1;1;2;3;-27,600384;-48,599705;"SPRF-SC";"DEL01-SC";"UOP01-DEL01-SC"
140056;2018-06-14;"quinta-feira";"09:25:00";"MA";316;528;"CAXIAS";"Ingestão de Álcool";"Saída de leito carroçável";"Com Vítimas Feridas";"Pleno dia";"Decrescente";"Céu Claro";"Simples";"Reta";"Não";3;0;2;1;0;0;3;1;-4,814452;-43,544891;"SPRF-MA";"DEL03-MA";"UOP02-DEL03-MA"
140057;2018-04-15;"domingo";"13:10:00";"RJ";40;89;"PETROPOLIS";"Pista Escorregadia";"Colisão com objeto estático";"Sem Vítimas";"Pleno dia";"Decrescente";"Chuva";"Simples";"Curva";"Não";1;0;0;0;1;0;0;1;-22,55645402;-43,23579848;"SPRF-RJ";"DEL06-RJ";"UOP01-DEL06-RJ"
140058;2018-06-02;"sábado";"20:15:00";"PR";376;186,4;"SARANDI";"Falta de Atenção à Condução";"Saída de leito carroçável";"Sem Vítimas";"Plena Noite";"Decrescente";"Garoa/Chuvisco";"Dupla";"Aclive";"Não";1;0;0;0;0;1;0;1;-23,441591;-51,870674;"SPRF-PR";"DEL07-PR";"UOP01-DEL09-PR"
140061;2018-06-02;"sábado";"04:40:00";"RS";116;226;"DOIS IRMAOS";"Condutor Dormindo";"Saída de leito carroçável";"Sem Vítimas";"Plena Noite";"Decrescente";"Céu Claro";"Simples";"Reta";"Não";1;0;0;0;1;0;0;1;-29,60017787;-51,11599445;"SPRF-RS";"DEL05-RS";"UOP02-DEL05-RS"
140062;2018-05-21;"segunda-feira";"18:20:00";"RS";116;235;"NOVO HAMBURGO";"Desobediência às normas de trânsito pelo pedestre";"Colisão transversal";"Com Vítimas Feridas";"Anoitecer";"Decrescente";"Céu Claro";"Dupla";"Reta";"Não";2;0;1;0;1;0;1;2;-29,65845576;-51,14403427;"SPRF-RS";"DEL01-RS";"UOP02-DEL01-RS"