"id";"data_inversa";"dia_semana";"horario";"uf";"br";"km";"municipio";"causa_acidente";"tipo_acidente";"classificacao_acidente";"fase_dia";"sentido_via";"condicao_metereologica";"tipo_pista";"tracado_via";"uso_solo";"pessoas";"mortos";"feridos_leves";"feridos_graves";"ilesos";"ignorados";"feridos";"veiculos";"latitude";"longitude";"regional";"delegacia";"uop"
140063;2018-06-14;"quinta-feira";"09:55:00";"MG";262;33;"MANHUACU";"Falta de Atenção à Condução";"Colisão lateral";"Com Vítimas Feridas";"Pleno dia";"Crescente";"Céu Claro";"Simples";"Declive";"Não";2;0;1;0;1;0;1;2;-20,255514;-42,004681;"SPRF-MG";"DEL06-MG";"UOP03-DEL06-MG"
140068;2018-04-26;"quinta-feira";"17:15:00";"MT";163;748;"SORRISO";"Falta de Atenção à Condução";"Colisão traseira";"Com Vítimas Feridas";"Pleno dia";"Crescente";"Ignorado";"Dupla";"Reta";"Sim";1;0;1;0;0;0;1;1;-12,60013495;-55,75012207;"SPRF-MT";"DEL06-MT";"UOP01-DEL06-MT"
140070;2018-06-14;"quinta-feira";"08:20:00";"RS";392;20;"RIO GRANDE";"Falta de Atenção à Condução";"Colisão traseira";"Com Vítimas Feridas";"Pleno dia";"Decrescente";"Céu Claro";"Dupla";"Retorno Regulamentado";"Não";2;0;0;1;1;0;1;2;-32,085735;-52,196896;"SPRF-RS";"DEL07-RS";"UOP02-DEL07-RS"
140071;2018-03-22;"quinta-feira";"20:55:00";"PR";376;220,2;"CAMBIRA";"Restrição de Visibilidade";"Colisão traseira";"Com Vítimas Feridas";"Plena Noite";"Decrescente";"Céu Claro";"Simples";"Declive";"Não";5;0;1;2;2;0;3;2;-23,59751748;-51,60844618;"SPRF-PR";"DEL07-PR";"UOP03-DEL07-PR"
140074;2018-06-10;"domingo";"11:30:00";"MS";163;816;"SONORA";"Ingestão de Álcool";"Colisão traseira";"Com Vítimas Feridas";"Pleno dia";"Decrescente";"Céu Claro";"Simples";"Reta;Em Obras";"Não";6;0;1;0;5;0;1;2;-17,78136;-54,747727;"SPRF-MS";"DEL06-MS";"UOP01-DEL06-MS"
140076;2018-06-14;"quinta-feira";"11:20:00";"PI";343;97;"CARAUBAS DO PIAUI";"Velocidade Incompatível";"Capotamento";"Com Vítimas Feridas";"Pleno dia";"Decrescente";"Céu Claro";"Simples";"Curva";"Não";5;0;5;0;0;0;5;1;-3,547225;-41,710606;"SPRF-PI";"DEL05-PI";"UOP01-DEL05-PI"
140077;2018-06-14;"quinta-feira";"09:30:00";"RS";468;67,7;"SAO MARTINHO";"Desobediência às normas de trânsito pelo condutor";"Colisão frontal";"Com Vítimas Feridas";"Pleno dia";"Decrescente";"Céu Claro";"Simples";"Interseção de Vias";"Não";2;0;0;1;1;0;1;2;-27,73519003;-53,84108663;"SPRF-RS";"DEL08-RS";"UOP02-DEL08-RS"
140083;2018-05-18;"sexta-feira";"00:30:00";"RS";386;430,2;"NOVA SANTA RITA";"Falta de Atenção do Pedestre";"Atropelamento de Pedestre";"Com Vítimas Feridas";"Plena Noite";"Crescente";"Nublado";"Simples";"Reta";"Não";2;0;1;0;1;0;1;2;-29,828415;-51,322445;"SPRF-RS";"DEL04-RS";"UOP02-DEL04-RS"
140084;2018-06-14;"quinta-feira";"05:30:00";"MT";70;405;"CAMPO VERDE";"Falta de Atenção à Condução";"Colisão traseira";"Com Vítimas Fatais";"Plena Noite";"Crescente";"Nublado";"Simples";"Curva";"Não";2;1;0;0;1;0;0;2;-15,666884;-55,253639;"SPRF-MT";"DEL02-MT";"UOP02-DEL05-MT"
140085;2018-06-14;"quinta-feira";"02:30:00";"MT";364;270;"JACIARA";"Falta de Atenção à Condução";"Colisão lateral";"Com Vítimas Feridas";"Plena Noite";"Decrescente";"Céu Claro";"Simples";"Aclive";"Não";3;0;1;0;2;0;1;2;-15,96904471;-54,94850636;"SPRF-MT";"DEL02-MT";"UOP02-DEL05-MT"
140087;2018-06-14;"quinta-feira";"12:10:00";"SE";235;14,5;"NOSSA SENHORA DO SOCORRO";"Falta de Atenção à Condução";"Saída de leito carroçável";"Com Vítimas Feridas";"Pleno dia";"Crescente";"Céu Claro";"Simples";"Reta";"Não";2;0;1;0;1;0;1;2;-10,85608325;-37,18643761;"SPRF-SE";"DEL01-SE";"UOP01-DEL01-SE"
140088;2018-05-20;"domingo";"20:25:00";"PB";230;26,4;"JOAO PESSOA";"Ingestão de Álcool";"Atropelamento de Pedestre";"Com Vítimas Feridas";"Pleno dia";"Crescente";"Céu Claro";"Dupla";"Reta";"Sim";2;0;0;1;0;1;1;2;-7,1693;-34,8782;"SPRF-PB";"DEL01-PB";"UOP01-DEL01-PB"
140089;2018-06-14;"quinta-feira";"12:10:00";"PI";343;8;"PARNAIBA";"Desobediência às normas de trânsito pelo condutor";"Colisão transversal";"Com Vítimas Feridas";"Pleno dia";"Decrescente";"Céu Claro";"Simples";"Interseção de Vias";"Sim";2;0;1;0;1;0;1;2;-2,899382;-41,723724;"SPRF-PI";"DEL05-PI";"UOP01-DEL05-PI"
140090;2018-06-14;"quinta-feira";"12:30:00";"MG";116;683,8;"MIRADOURO";"Velocidade Incompatível";"Saída de leito carroçável";"Com Vítimas Fatais";"Pleno dia";"Decrescente";"Sol";"Simples";"Declive;Curva";"Não";1;1;0;0;0;0;0;1;-20,9568359;-42,34980315;"SPRF-MG";"DEL07-MG";"UOP02-DEL07-MG"
140093;2018-06-14;"quinta-feira";"11:30:00";"GO";158;269,2;"JATAI";"Desobediência às normas de trânsito pelo condutor";"Colisão transversal";"Com Vítimas Feridas";"Pleno dia";"Crescente";"Nublado";"Simples";"Interseção de Vias";"Sim";3;0;2;0;1;0;2;2;-17,87382563;-51,73020959;"SPRF-GO";"DEL05-GO";"UOP01-DEL05-GO"
140094;2018-06-14;"quinta-feira";"12:50:00";"RS";116;248;"SAO LEOPOLDO";"Não guardar distância de segurança";"Engavetamento";"Sem Vítimas";"Pleno dia";"Decrescente";"Céu Claro";"Múltipla";"Em Obras";"Sim";5;0;0;0;5;0;0;5;-29,78013235;-51,15762737;"SPRF-RS";"DEL01-RS";"UOP02-DEL01-RS"
140096;2018-06-14;"quinta-feira";"12:30:00";"SC";101;148,7;"ITAPEMA";"Defeito Mecânico no Veículo";"Tombamento";"Com Vítimas Feridas";"Pleno dia";"Decrescente";"Sol";"Dupla";"Reta";"Sim";2;0;2;0;0;0;2;1;-27,109;-48,6126;"SPRF-SC";"DEL04-SC";"UOP03-DEL04-SC"
140098;2018-06-14;"quinta-feira";"11:20:00";"SP";116;271;"TABOAO DA SERRA";"Objeto estático sobre o leito carroçável";"Colisão com objeto estático";"Com Vítimas Feridas";"Pleno dia";"Crescente";"Nublado";"Dupla";"Reta";"Sim";1;0;1;0;0;0;1;1;-23,60872513;-46,76936746;"SPRF-SP";"DEL04-SP";"UOP01-DEL04-SP"
140099;2018-06-14;"quinta-feira";"11:10:00";"BA";101;372;"GANDU";"Pista Escorregadia";"Saída de leito carroçável";"Sem Vítimas";"Pleno dia";"Decrescente";"Chuva";"Simples";"Curva";"Não";1;0;0;0;1;0;0;1;-13,7585181;-39,4916057;"SPRF-BA";"DEL05-BA";"UOP03-DEL05-BA"
140101;2018-06-14;"quinta-feira";"10:30:00";"PE";232;511,4;"SALGUEIRO";"Pista Escorregadia";"Tombamento";"Sem Vítimas";"Pleno dia";"Decrescente";"Sol";"Simples";"Reta";"Sim";1;0;0;0;1;0;0;1;-8,06265368;-39,12257697;"SPRF-PE";"DEL05-PE";"UOP01-DEL05-PE"
140104;2018-06-14;"quinta-feira";"14:00:00";"MG";116;817;"ALEM PARAIBA";"Falta de Atenção à Condução";"Colisão frontal";"Com Vítimas Feridas";"Pleno dia";"Decrescente";"Céu Claro";"Simples";"Curva;Interseção de Vias";"Não";2;0;0;1;1;0;1;2;-21,87169464;-42,66540527;"SPRF-MG";"DEL07-MG";"UOP01-DEL07-MG"
140105;2018-06-14;"quinta-feira";"13:55:00";"PR";376;128;"ALTO PARANA";"Não guardar distância de segurança";"Saída de leito carroçável";"Com Vítimas Feridas";"Pleno dia";"Decrescente";"Sol";"Dupla";"Aclive;Reta";"Não";1;0;1;0;0;0;1;1;-23,15977417;-52,26161957;"SPRF-PR";"DEL07-PR";"UOP02-DEL09-PR"
140106;2018-06-14;"quinta-feira";"13:55:00";"RS";116;150,4;"CAXIAS DO SUL";"Falta de Atenção do Pedestre";"Atropelamento de Pedestre";"Com Vítimas Feridas";"Pleno dia";"Decrescente";"Céu Claro";"Dupla";"Reta";"Sim";2;0;1;0;1;0;1;2;-29,17359716;-51,16105556;"SPRF-RS";"DEL05-RS";"UOP01-DEL05-RS"
140109;2018-06-14;"quinta-feira";"13:20:00";"MS";163;475,8;"CAMPO GRANDE";"Ingestão de Álcool";"Colisão transversal";"Com Vítimas Feridas";"Pleno dia";"Crescente";"Céu Claro";"Simples";"Reta";"Sim";2;0;1;0;1;0;1;2;-20,5141;-54,562307;"SPRF-MS";"DEL01-MS";"UOP01-DEL01-MS"
140110;2018-04-28;"sábado";"19:00:00";"MG";381;308;"ANTONIO DIAS";"Carga excessiva e/ou mal acondicionada";"Derramamento de carga";"Com Vítimas Feridas";"Plena Noite";"Decrescente";"Céu Claro";"Simples";"Curva";"Não";3;0;1;0;1;1;1;2;-19,64673033;-42,90937901;"SPRF-MG";"DEL03-MG";"UOP02-DEL03-MG"
140112;2018-05-17;"quinta-feira";"18:55:00";"RS";290;108,3;"ELDORADO DO SUL";"Falta de Atenção do Pedestre";"Atropelamento de Pedestre";"Com Vítimas Feridas";"Plena Noite";"Crescente";"Céu Claro";"Simples";"Reta";"Sim";2;0;1;1;0;0;2;2;-30,01177055;-51,31615162;"SPRF-RS";"DEL02-RS";"UOP01-DEL02-RS"
140114;2018-06-14;"quinta-feira";"14:10:00";"PE";104;58,7;"CARUARU";"Avarias e/ou desgaste excessivo no pneu";"Tombamento";"Com Vítimas Feridas";"Pleno dia";"Decrescente";"Céu Claro";"Dupla";"Retorno Regulamentado";"Sim";3;0;1;1;1;0;2;2;-8,22179577;-35,97611815;"SPRF-PE";"DEL02-PE";"UOP01-DEL02-PE"
140121;2018-06-10;"domingo";"20:15:00";"MG";262;526;"LUZ";"Ingestão de Álcool";"Colisão com objeto estático";"Sem Vítimas";"Plena Noite";"Decrescente";"Céu Claro";"Simples";"Declive";"Não";1;0;0;0;1;0;0;1;-19,782372;-45,676441;"SPRF-MG";"DEL08-MG";"UOP02-DEL08-MG"
140123;2018-05-05;"sábado";"17:15:00";"RS";116;269,7;"CANOAS";"Pista Escorregadia";"Tombamento";"Com Vítimas Feridas";"Pleno dia";"Decrescente";"Céu Claro";"Múltipla";"Aclive;Curva;Viaduto";"Sim";2;0;2;0;0;0;2;1;-29,96196182;-51,17585599;"SPRF-RS";"DEL01-RS";"UOP01-DEL01-RS"
140124;2018-06-14;"quinta-feira";"15:00:00";"PA";316;4,2;"ANANINDEUA";"Falta de Atenção à Condução";"Tombamento";"Com Vítimas Feridas";"Pleno dia";"Decrescente";"Céu Claro";"Dupla";"Reta";"Sim";1;0;1;0;0;0;1;1;-1,38517236;-48,40593338;"SPRF-PA";"DEL01-PA";"DEL19/1-UOP05/PA"
140126;2018-06-14;"quinta-feira";"15:30:00";"SP";116;219,2;"GUARULHOS";"Falta de Atenção à Condução";"Tombamento";"Com Vítimas Feridas";"Pleno dia";"Decrescente";"Nublado";"Múltipla";"Reta";"Sim";1;0;1;0;0;0;1;1;-23,46358005;-46,49469584;"SPRF-SP";"DEL01-SP";"UOP01-DEL01-SP"
140127;2018-06-14;"quinta-feira";"15:15:00";"MG";381;479;"CONTAGEM";"Falta de Atenção à Condução";"Colisão lateral";"Com Vítimas Feridas";"Pleno dia";"Crescente";"Sol";"Múltipla";"Reta";"Sim";3;0;2;0;1;0;2;2;-19,961;-44,0517;"SPRF-MG";"DEL01-MG";"UOP03-DEL01-MG"
140131;2018-06-14;"quinta-feira";"16:15:00";"PR";369;158,1;"CAMBE";"Desobediência às normas de trânsito pelo condutor";"Colisão transversal";"Com Vítimas Feridas";"Pleno dia";"Crescente";"Céu Claro";"Dupla";"Reta";"Sim";2;0;1;0;1;0;1;2;-23,28542468;-51,23658657;"SPRF-PR";"DEL07-PR";"UOP01-DEL07-PR"
140132;2018-06-14;"quinta-feira";"16:00:00";"GO";20;2;"FORMOSA";"Ingestão de álcool e/ou substâncias psicoativas pelo pedestre";"Atropelamento de Pedestre";"Com Vítimas Feridas";"Pleno dia";"Crescente";"Céu Claro";"Simples";"Declive";"Sim";4;0;1;0;3;0;1;2;-15,57387;-47,327488;"SPRF-DF";"DEL02-DF";"UOP01-DEL02-DF"
140134;2018-02-11;"domingo";"21:50:00";"AL";104;41;"UNIAO DOS PALMARES";"Ingestão de Álcool";"Colisão frontal";"Com Vítimas Fatais";"Plena Noite";"Decrescente";"Céu Claro";"Simples";"Curva";"Não";3;1;0;2;0;0;2;2;-9,17153;-36,0212;"SPRF-AL";"DEL01-AL";"UOP02-DEL01-AL"
140135;2018-06-14;"quinta-feira";"16:30:00";"RS";116;3;"PORTO ALEGRE";"Não guardar distância de segurança";"Colisão traseira";"Sem Vítimas";"Pleno dia";"Decrescente";"Sol";"Dupla";"Reta";"Sim";2;0;0;0;2;0;0;2;-29,99504653;-51,18826926;"SPRF-RS";"DEL05-RS";"UOP03-DEL05-RS"
140138;2018-06-14;"quinta-feira";"07:20:00";"RJ";393;257,9;"BARRA DO PIRAI";"Pista Escorregadia";"Colisão frontal";"Com Vítimas Feridas";"Pleno dia";"Crescente";"Garoa/Chuvisco";"Simples";"Ponte";"Sim";3;0;2;1;0;0;3;2;-22,46665362;-43,85799302;"SPRF-RJ";"DEL05-RJ";"UOP04-DEL05-RJ"
140139;2018-06-14;"quinta-feira";"17:10:00";"GO";60;386,5;"RIO VERDE";"Falta de Atenção à Condução";"Saída de leito carroçável";"Com Vítimas Feridas";"Pleno dia";"Decrescente";"Céu Claro";"Dupla";"Reta";"Sim";1;0;1;0;0;0;1;1;-17,81067;-50,92738;"SPRF-GO";"DEL04-GO";"UOP01-DEL04-GO"
140144;2018-06-14;"quinta-feira";"17:20:00";"SC";101;138;"BALNEARIO CAMBORIU";"Falta de Atenção à Condução";"Colisão traseira";"Sem Vítimas";"Anoitecer";"Crescente";"Nublado";"Dupla";"Declive";"Sim";3;0;0;0;3;0;0;3;-27,032;-48,6051;"SPRF-SC";"DEL04-SC";"UOP03-DEL04-SC"
140145;2018-06-14;"quinta-feira";"18:45:00";"RJ";116;183;"NOVA IGUACU";"Defeito Mecânico no Veículo";"Incêndio";"Sem Vítimas";"Plena Noite";"Decrescente";"Chuva";"Dupla";"Reta";"Não";1;0;0;0;1;0;0;1;-22,73861644;-43,49390611;"SPRF-RJ";"DEL01-RJ";"UOP02-DEL01-RJ"
140148;2018-06-14;"quinta-feira";"19:15:00";"SC";470;70;"INDAIAL";"Falta de Atenção à Condução";"Colisão transversal";"Com Vítimas Feridas";"Plena Noite";"Crescente";"Chuva";"Simples";"Rotatória";"Sim";2;0;1;0;1;0;1;2;-26,88039238;-49,24256064;"SPRF-SC";"DEL04-SC";"UOP01-DEL04-SC"
140149;2018-06-14;"quinta-feira";"18:00:00";"RS";386;341;"LAJEADO";"Falta de Atenção à Condução";"Colisão transversal";"Com Vítimas Feridas";"Plena Noite";"Crescente";"Céu Claro";"Simples";"Retorno Regulamentado";"Sim";2;0;1;0;1;0;1;2;-29,43451459;-52,0041275;"SPRF-RS";"DEL04-RS";"UOP01-DEL04-RS"
140157;2018-06-14;"quinta-feira";"18:24:00";"SC";101;13,3;"GARUVA";"Falta de Atenção à Condução";"Colisão transversal";"Com Vítimas Feridas";"Plena Noite";"Crescente";"Chuva";"Dupla";"Retorno Regulamentado";"Não";5;0;2;0;3;0;2;4;-26,0982;-48,8676;"SPRF-SC";"DEL03-SC";"UOP01-DEL03-SC"
140158;2018-06-14;"quinta-feira";"17:50:00";"RS";386;351,7;"ESTRELA";"Falta de Atenção à Condução";"Tombamento";"Com Vítimas Feridas";"Anoitecer";"Crescente";"Nublado";"Dupla";"Interseção de Vias";"Sim";2;0;1;0;1;0;1;2;-29,48903115;-51,95299387;"SPRF-RS";"DEL04-RS";"UOP01-DEL04-RS"
140159;2018-06-14;"quinta-feira";"18:20:00";"SE";101;90;"NOSSA SENHORA DO SOCORRO";"Restrição de Visibilidade";"Queda de ocupante de veículo";"Com Vítimas Feridas";"Plena Noite";"Crescente";"Chuva";"Simples";"Reta";"Não";1;0;0;1;0;0;1;1;-10,8961;-37,1323;"SPRF-SE";"DEL01-SE";"UOP01-DEL01-SE"
140160;2018-06-14;"quinta-feira";"19:00:00";"CE";20;410;"CAUCAIA";"Defeito Mecânico no Veículo";"Saída de leito carroçável";"Com Vítimas Feridas";"Plena Noite";"Decrescente";"Céu Claro";"Dupla";"Reta";"Sim";1;0;1;0;0;0;1;1;-3,78683657;-38,65365744;"SPRF-CE";"DEL01-CE";"UOP01-DEL01-CE"
140161;2018-06-06;"quarta-feira";"15:52:00";"BA";0;0;"CRUZ DAS ALMAS";"Pista Escorregadia";"Saída de leito carroçável";"Com Vítimas Feridas";"Pleno dia";"Não Informado";"Céu Claro";"Dupla";"Reta";"Sim";3;0;2;0;0;1;2;3;-12,658593;-39,122707;"SPRF-BA";"DEL01-BA";"UOP03-DEL01-BA"
140163;2018-06-14;"quinta-feira";"19:45:00";"SC";282;4;"FLORIANOPOLIS";"Não guardar distância de segurança";"Colisão traseira";"Com Vítimas Feridas";"Plena Noite";"Crescente";"Céu Claro";"Dupla";"Reta";"Sim";3;0;3;0;0;0;3;2;-27,592646;-48,604034;"SPRF-SC";"DEL01-SC";"UOP01-DEL01-SC"
140167;2018-06-14;"quinta-feira";"18:25:00";"RS";116;270;"CANOAS";"Desobediência às normas de trânsito pelo condutor";"Colisão lateral";"Com Vítimas Feridas";"Plena Noite";"Decrescente";"Céu Claro";"Dupla";"Reta";"Sim";2;0;1;0;1;0;1;2;-29,97093184;-51,17668269;"SPRF-RS";"DEL01-RS";"UOP01-DEL01-RS"
140168;2018-06-14;"quinta-feira";"18:10:00";"PR";476;135,6;"CURITIBA";"Falta de Atenção do Pedestre";"Atropelamento de Pedestre";"Com Vítimas Feridas";"Plena Noite";"Decrescente";"Céu Claro";"Múltipla";"Reta";"Sim";2;0;1;1;0;0;2;2;-25,48821324;-49,26918056;"SPRF-PR";"DEL01-PR";"UOP07-DEL01-PR"
140169;2018-06-14;"quinta-feira";"20:00:00";"MG";116;67,6;"MEDINA";"Falta de Atenção à Condução";"Saída de leito carroçável";"Com Vítimas Feridas";"Plena Noite";"Decrescente";"Céu Claro";"Simples";"Reta";"Não";3;0;3;0;0;0;3;1;-16,1890249;-41,46383286;"SPRF-MG";"DEL11-MG";"UOP02-DEL11-MG"
140172;2018-06-14;"quinta-feira";"18:50:00";"MS";163;270,5;"DOURADOS";"Desobediência às normas de trânsito pelo condutor";"Colisão transversal";"Sem Vítimas";"Plena Noite";"Decrescente";"Nublado";"Dupla";"Rotatória";"Não";6;0;0;0;6;0;0;2;-22,19161;-54,6886;"SPRF-MS";"DEL04-MS";"UOP01-DEL04-MS"
140173;2018-06-14;"quinta-feira";"17:46:00";"MG";50;70;"UBERLANDIA";"Falta de Atenção à Condução";"Colisão lateral";"Com Vítimas Feridas";"Anoitecer";"Decrescente";"Céu Claro";"Dupla";"Reta";"Sim";1;0;1;0;0;0;1;1;-18,97902595;-48,2409668;"SPRF-MG";"DEL15-MG";"UOP01-DEL15-MG"
140174;2018-06-14;"quinta-feira";"18:30:00";"PR";277;120;"CAMPO LARGO";"Falta de Atenção à Condução";"Colisão lateral";"Com Vítimas Feridas";"Anoitecer";"Decrescente";"Nublado";"Dupla";"Reta";"Sim";2;0;1;0;1;0;1;2;-25,43680268;-49,54535354;"SPRF-PR";"DEL01-PR";"UOP06-DEL01-PR"
140175;2018-06-14;"quinta-feira";"18:25:00";"RN";101;78;"NATAL";"Falta de Atenção à Condução";"Colisão transversal";"Com Vítimas Feridas";"Plena Noite";"Decrescente";"Céu Claro";"Dupla";"Reta";"Não";1;0;0;1;0;0;1;1;-5,740798;-35,290199;"SPRF-RN";"DEL02-RN";"UOP01-DEL02-RN"
140176;2018-06-14;"quinta-feira";"18:40:00";"GO";20;179;"SIMOLANDIA";"Ingestão de Álcool";"Atropelamento de Pedestre";"Com Vítimas Feridas";"Plena Noite";"Crescente";"Céu Claro";"Simples";"Reta";"Sim";2;0;0;2;0;0;2;2;-14,485163;-46,498554;"SPRF-DF";"DEL02-DF";"UOP03-DEL02-DF"
140177;2018-06-14;"quinta-feira";"17:30:00";"RS";158;256,3;"JULIO DE CASTILHOS";"Condutor Dormindo";"Saída de leito carroçável";"Com Vítimas Feridas";"Pleno dia";"Decrescente";"Céu Claro";"Simples";"Reta";"Não";1;0;0;1;0;0;1;1;-29,171001;-53,66507;"SPRF-RS";"DEL10-RS";"UOP02-DEL10-RS"
140178;2018-06-14;"quinta-feira";"10:30:00";"MG";365;23;"MONTES CLAROS";"Falta de Atenção à Condução";"Tombamento";"Com Vítimas Feridas";"Pleno dia";"Decrescente";"Sol";"Simples";"Reta";"Não";1;0;0;1;0;0;1;1;-16,857615;-44,042904;"SPRF-MG";"DEL12-MG";"UOP01-DEL12-MG"
140179;2018-06-14;"quinta-feira";"16:30:00";"BA";415;58,6;"ITABUNA";"Velocidade Incompatível";"Capotamento";"Com Vítimas Feridas";"Pleno dia";"Crescente";"Céu Claro";"Simples";"Curva";"Não";5;0;5;0;0;0;5;1;-14,848021;-39,383406;"SPRF-BA";"DEL05-BA";"UOP01-DEL05-BA"
140180;2018-06-14;"quinta-feira";"20:35:00";"MG";365;627,2;"UBERLANDIA";"Pista Escorregadia";"Tombamento";"Com Vítimas Feridas";"Plena Noite";"Crescente";"Céu Claro";"Dupla";"Declive;Retorno Regulamentado;Curva";"Sim";2;0;1;0;1;0;1;1;-18,90993539;-48,30324501;"SPRF-MG";"DEL15-MG";"UOP01-DEL15-MG"
140184;2018-06-14;"quinta-feira";"18:00:00";"SC";282;368;"ERVAL VELHO";"Falta de Atenção à Condução";"Colisão transversal";"Com Vítimas Feridas";"Plena Noite";"Decrescente";"Céu Claro";"Simples";"Reta";"Sim";2;0;1;0;1;0;1;2;-27,28448643;-51,43394887;"SPRF-SC";"DEL07-SC";"UOP05-DEL07-SC"
140185;2018-06-14;"quinta-feira";"18:00:00";"PR";376;411,7;"TIBAGI";"Ultrapassagem Indevida";"Colisão lateral";"Com Vítimas Feridas";"Plena Noite";"Decrescente";"Chuva";"Simples";"Aclive";"Sim";2;0;0;1;0;1;1;2;-24,63027293;-50,64163506;"SPRF-PR";"DEL03-PR";"UOP02-DEL03-PR"
140186;2018-06-14;"quinta-feira";"09:00:00";"BA";324;392,6;"GAVIAO";"Animais na Pista";"Capotamento";"Sem Vítimas";"Plena Noite";"Crescente";"Chuva";"Simples";"Reta";"Não";1;0;0;0;1;0;0;1;-11,47968819;-39,77668762;"SPRF-BA";"DEL04-BA";"UOP02-DEL04-BA"
140188;2018-06-14;"quinta-feira";"21:20:00";"GO";153;508,5;"APARECIDA DE GOIANIA";"Falta de Atenção à Condução";"Colisão traseira";"Com Vítimas Feridas";"Plena Noite";"Decrescente";"Céu Claro";"Dupla";"Aclive;Curva";"Sim";2;0;1;0;1;0;1;2;-16,77565773;-49,23692465;"SPRF-GO";"DEL01-GO";"UOP03-DEL01-GO"
140189;2018-06-14;"quinta-feira";"19:40:00";"MA";316;263;"SANTA INES";"Falta de Atenção à Condução";"Colisão transversal";"Sem Vítimas";"Plena Noite";"Decrescente";"Céu Claro";"Simples";"Reta";"Sim";2;0;0;0;1;1;0;2;-3,66695567;-45,37525982;"SPRF-MA";"DEL02-MA";"UI04-DEL02-MA"
140190;2018-06-14;"quinta-feira";"22:20:00";"PR";369;144,1;"LONDRINA";"Animais na Pista";"Colisão com objeto em movimento";"Com Vítimas Fatais";"Plena Noite";"Decrescente";"Céu Claro";"Dupla";"Reta";"Não";1;1;0;0;0;0;0;1;-23,29324928;-51,10191453;"SPRF-PR";"DEL07-PR";"UOP01-DEL07-PR"
140195;2018-06-14;"quinta-feira";"17:50:00";"PR";376;592,8;"CURITIBA";"Falta de Atenção à Condução";"Colisão traseira";"Com Vítimas Feridas";"Anoitecer";"Crescente";"Nublado";"Dupla";"Reta";"Sim";2;0;1;0;1;0;1;2;-25,47788578;-49,35055375;"SPRF-PR";"DEL01-PR";"UOP06-DEL01-PR"
140196;2018-06-14;"quinta-feira";"21:40:00";"PR";476;117;"COLOMBO";"Falta de Atenção à Condução";"Colisão transversal";"Com Vítimas Feridas";"Plena Noite";"Crescente";"Chuva";"Múltipla";"Curva";"Sim";2;0;0;1;1;0;1;2;-25,34471182;-49,16089865;"SPRF-PR";"DEL01-PR";"UOP01-DEL01-PR"
140197;2018-06-14;"quinta-feira";"23:20:00";"PA";10;5;"DOM ELISEU";"Ingestão de Álcool";"Capotamento";"Com Vítimas Feridas";"Plena Noite";"Decrescente";"Céu Claro";"Simples";"Curva";"Não";2;0;0;1;0;1;1;2;-4,4006561;-47,53092975;"SPRF-PA";"DEL02-PA";"UOP02-DEL02-PA"
140200;2018-06-14;"quinta-feira";"23:50:00";"PR";277;6,5;"PARANAGUA";"Falta de Atenção do Pedestre";"Atropelamento de Pedestre";"Com Vítimas Feridas";"Plena Noite";"Decrescente";"Chuva";"Dupla";"Reta";"Sim";2;0;0;2;0;0;2;2;-25,5542121;-48,55751038;"SPRF-PR";"DEL01-PR";"UOP05-DEL01-PR"
140201;2018-06-14;"quinta-feira";"23:55:00";"PR";277;601;"CASCAVEL";"Ingestão de Álcool";"Saída de leito carroçável";"Com Vítimas Feridas";"Plena Noite";"Crescente";"Chuva";"Dupla";"Reta";"Não";1;0;1;0;0;0;1;1;-25,02102788;-53,54652321;"SPRF-PR";"DEL04-PR";"UOP01-DEL04-PR"
140204;2018-06-14;"quinta-feira";"21:45:00";"MG";50;154,8;"UBERABA";"Velocidade Incompatível";"Saída de leito carroçável";"Com Vítimas Feridas";"Plena Noite";"Crescente";"Céu Claro";"Dupla";"Declive";"Não";1;0;1;0;0;0;1;1;-19,6076;-48,0223;"SPRF-MG";"DEL13-MG";"UOP01-DEL13-MG"
140205;2018-06-15;"sexta-feira";"00:10:00";"SC";101;201,8;"SAO JOSE";"Ingestão de Álcool";"Saída de leito carroçável";"Sem Vítimas";"Plena Noite";"Crescente";"Nublado";"Dupla";"Reta";"Sim";1;0;0;0;0;1;0;1;-27,55405229;-48,6195212;"SPRF-SC";"DEL01-SC";"UOP01-DEL01-SC"
140207;2018-06-14;"quinta-feira";"18:15:00";"PR";476;192;"LAPA";"Desobediência às normas de trânsito pelo condutor";"Colisão frontal";"Com Vítimas Feridas";"Plena Noite";"Crescente";"Garoa/Chuvisco";"Simples";"Curva";"Não";2;0;0;1;1;0;1;2;-25,7293;-49,701283;"SPRF-PR";"DEL01-PR";"UOP06-DEL01-PR"
140208;2018-06-14;"quinta-feira";"23:00:00";"ES";101;269;"SERRA";"Falta de Atenção à Condução";"Queda de ocupante de veículo";"Com Vítimas Feridas";"Plena Noite";"Crescente";"Céu Claro";"Simples";"Reta";"Sim";1;0;1;0;0;0;1;1;-20,20711217;-40,26884079;"SPRF-ES";"DEL02-ES";"UOP01-DEL02-ES"
140216;2018-06-15;"sexta-feira";"04:15:00";"MG";381;666,7;"PERDOES";"Falta de Atenção à Condução";"Colisão traseira";"Com Vítimas Feridas";"Plena Noite";"Decrescente";"Nublado";"Dupla";"Reta";"Não";3;0;2;0;1;0;2;2;-21,0528;-45,0159;"SPRF-MG";"DEL04-MG";"UOP02-DEL04-MG"