"id";"data_inversa";"dia_semana";"horario";"uf";"br";"km";"municipio";"causa_acidente";"tipo_acidente";"classificacao_acidente";"fase_dia";"sentido_via";"condicao_metereologica";"tipo_pista";"tracado_via";"uso_solo";"pessoas";"mortos";"feridos_leves";"feridos_graves";"ilesos";"ignorados";"feridos";"veiculos";"latitude";"longitude";"regional";"delegacia";"uop"
140218;2018-06-15;"sexta-feira";"04:30:00";"RN";101;125,1;"SAO JOSE DE MIPIBU";"Ingestão de Álcool";"Colisão com objeto estático";"Sem Vítimas";"Amanhecer";"Crescente";"Céu Claro";"Dupla";"Retorno Regulamentado";"Sim";1;0;0;0;1;0;0;1;-6,07893703;-35,23428082;"SPRF-RN";"DEL01-RN";"UOP01-DEL01-RN"
140223;2018-06-15;"sexta-feira";"05:15:00";"RN";101;111,2;"PARNAMIRIM";"Falta de Atenção à Condução";"Colisão traseira";"Sem Vítimas";"Pleno dia";"Decrescente";"Céu Claro";"Dupla";"Reta";"Não";2;0;0;0;2;0;0;2;-5,97682978;-35,26475072;"SPRF-RN";"DEL01-RN";"UOP01-DEL01-RN"
140225;2018-06-15;"sexta-feira";"05:50:00";"PB";101;35;"MAMANGUAPE";"Não guardar distância de segurança";"Colisão com objeto estático";"Com Vítimas Feridas";"Pleno dia";"Crescente";"Céu Claro";"Dupla";"Reta";"Não";1;0;0;1;0;0;1;1;-6,8061;-35,1402;"SPRF-PB";"DEL01-PB";"UOP04-DEL01-PB"
140227;2018-06-14;"quinta-feira";"17:30:00";"PI";343;340,6;"TERESINA";"Não guardar distância de segurança";"Colisão traseira";"Com Vítimas Feridas";"Anoitecer";"Crescente";"Céu Claro";"Simples";"Reta";"Não";2;0;0;1;1;0;1;2;-5,074137;-42,73629;"SPRF-PI";"DEL01-PI";"UOP01-DEL01-PI"
140228;2018-06-15;"sexta-feira";"05:30:00";"SC";282;4;"SAO JOSE";"Falta de Atenção à Condução";"Colisão com objeto estático";"Sem Vítimas";"Plena Noite";"Crescente";"Céu Claro";"Dupla";"Curva";"Sim";1;0;0;0;0;1;0;1;-27,592646;-48,604034;"SPRF-SC";"DEL01-SC";"UOP01-DEL01-SC"
140229;2018-06-15;"sexta-feira";"03:00:00";"SC";470;4;"NAVEGANTES";"Ingestão de Álcool";"Saída de leito carroçável";"Sem Vítimas";"Plena Noite";"Decrescente";"Chuva";"Simples";"Reta";"Sim";1;0;0;0;0;1;0;1;-26,87323409;-48,67046356;"SPRF-SC";"DEL04-SC";"UOP04-DEL04-SC"
140230;2018-06-15;"sexta-feira";"07:00:00";"PR";277;3;"PARANAGUA";"Não guardar distância de segurança";"Engavetamento";"Sem Vítimas";"Amanhecer";"Decrescente";"Chuva";"Dupla";"Reta";"Sim";3;0;0;0;3;0;0;3;-25,53196653;-48,52953445;"SPRF-PR";"DEL01-PR";"UOP05-DEL01-PR"
140233;2018-06-15;"sexta-feira";"07:04:00";"PR";476;129;"CURITIBA";"Falta de Atenção à Condução";"Colisão lateral";"Com Vítimas Feridas";"Pleno dia";"Crescente";"Garoa/Chuvisco";"Dupla";"Reta";"Sim";2;0;1;0;1;0;1;2;-25,440983;-49,233715;"SPRF-PR";"DEL01-PR";"UOP07-DEL01-PR"
140234;2018-06-15;"sexta-feira";"06:50:00";"RJ";101;198;"CASIMIRO DE ABREU";"Falta de Atenção à Condução";"Saída de leito carroçável";"Com Vítimas Feridas";"Amanhecer";"Crescente";"Céu Claro";"Dupla";"Curva";"Não";2;0;1;0;1;0;1;1;-22,4764319;-42,1872943;"SPRF-RJ";"DEL02-RJ";"UOP04-DEL08-RJ"
140235;2018-06-15;"sexta-feira";"07:15:00";"SP";116;270;"TABOAO DA SERRA";"Falta de Atenção à Condução";"Queda de ocupante de veículo";"Com Vítimas Feridas";"Pleno dia";"Decrescente";"Céu Claro";"Dupla";"Reta";"Sim";3;0;2;0;0;1;2;2;-23,61275572;-46,78287506;"SPRF-SP";"DEL04-SP";"UOP01-DEL04-SP"
140237;2018-06-15;"sexta-feira";"06:50:00";"MG";40;510,1;"RIBEIRAO DAS NEVES";"Não guardar distância de segurança";"Colisão traseira";"Com Vítimas Feridas";"Pleno dia";"Crescente";"Céu Claro";"Dupla";"Reta";"Sim";1;0;1;0;0;0;1;1;-19,778269;-44,120379;"SPRF-MG";"DEL01-MG";"UOP03-DEL01-MG"
140239;2018-06-15;"sexta-feira";"06:40:00";"PI";316;3,7;"TERESINA";"Não guardar distância de segurança";"Engavetamento";"Com Vítimas Feridas";"Pleno dia";"Decrescente";"Sol";"Múltipla";"Reta";"Sim";8;0;3;0;4;1;3;7;-5,128264;-42,792923;"SPRF-PI";"DEL01-PI";"UOP02-DEL01-PI"
140240;2018-06-15;"sexta-feira";"07:10:00";"CE";116;2,7;"FORTALEZA";"Falta de Atenção à Condução";"Colisão lateral";"Com Vítimas Feridas";"Pleno dia";"Decrescente";"Céu Claro";"Múltipla";"Reta";"Sim";2;0;1;0;1;0;1;2;-3,7763855;-38,5150908;"SPRF-CE";"DEL01-CE";"UOP02-DEL01-CE"
140241;2018-06-15;"sexta-feira";"07:05:00";"DF";60;4,4;"BRASILIA";"Falta de Atenção à Condução";"Colisão traseira";"Com Vítimas Feridas";"Pleno dia";"Crescente";"Céu Claro";"Dupla";"Reta";"Sim";2;0;1;0;1;0;1;2;-15,89308234;-48,09562325;"SPRF-DF";"DEL01-DF";"UOP01-DEL03-DF"
140243;2018-06-15;"sexta-feira";"08:05:00";"MG";381;876;"ESTIVA";"Velocidade Incompatível";"Colisão com objeto estático";"Com Vítimas Feridas";"Pleno dia";"Decrescente";"Nublado";"Dupla";"Curva";"Não";1;0;1;0;0;0;1;1;-22,43844059;-45,98406225;"SPRF-MG";"DEL16-MG";"UOP01-DEL16-MG"
140246;2018-06-15;"sexta-feira";"08:00:00";"PR";376;217;"JANDAIA DO SUL";"Falta de Atenção à Condução";"Colisão transversal";"Com Vítimas Feridas";"Pleno dia";"Crescente";"Nevoeiro/Neblina";"Simples";"Interseção de Vias";"Não";2;0;1;0;1;0;1;2;-23,59521193;-51,64157239;"SPRF-PR";"DEL07-PR";"UOP03-DEL07-PR"
140247;2018-06-15;"sexta-feira";"08:00:00";"PI";343;12;"PARNAIBA";"Desobediência às normas de trânsito pelo condutor";"Colisão lateral";"Com Vítimas Feridas";"Pleno dia";"Decrescente";"Céu Claro";"Dupla";"Rotatória";"Sim";2;0;1;0;1;0;1;2;-2,910035;-41,753662;"SPRF-PI";"DEL05-PI";"UOP01-DEL05-PI"
140248;2018-06-15;"sexta-feira";"08:00:00";"RN";304;295,1;"MACAIBA";"Falta de Atenção à Condução";"Colisão traseira";"Com Vítimas Feridas";"Pleno dia";"Crescente";"Céu Claro";"Dupla";"Reta";"Não";2;0;1;0;1;0;1;2;-5,86862012;-35,37728716;"SPRF-RN";"DEL01-RN";"UOP02-DEL01-RN"
140249;2018-06-15;"sexta-feira";"03:40:00";"BA";418;57;"CARAVELAS";"Animais na Pista";"Atropelamento de Animal";"Com Vítimas Feridas";"Pleno dia";"Crescente";"Nublado";"Simples";"Curva";"Não";1;0;1;0;0;0;1;1;-17,734264;-39,553185;"SPRF-BA";"DEL09-BA";"UOP02-DEL09-BA"
140252;2018-06-15;"sexta-feira";"08:00:00";"GO";153;500;"GOIANIA";"Não guardar distância de segurança";"Colisão traseira";"Com Vítimas Feridas";"Pleno dia";"Crescente";"Céu Claro";"Dupla";"Reta";"Sim";3;0;1;1;1;0;2;3;-16,7118;-49,2324;"SPRF-GO";"DEL01-GO";"UOP01-DEL01-GO"
140253;2018-06-15;"sexta-feira";"08:10:00";"PE";101;85,2;"JABOATAO DOS GUARARAPES";"Ultrapassagem Indevida";"Colisão lateral";"Com Vítimas Feridas";"Pleno dia";"Decrescente";"Sol";"Simples";"Reta";"Sim";2;0;1;0;1;0;1;2;-8,191616;-34,955471;"SPRF-PE";"DEL01-PE";"UOP03-DEL01-PE"
140254;2018-06-15;"sexta-feira";"07:10:00";"PE";101;71;"RECIFE";"Falta de Atenção à Condução";"Colisão lateral";"Com Vítimas Feridas";"Pleno dia";"Crescente";"Sol";"Dupla";"Reta";"Sim";2;0;1;0;1;0;1;2;-8,078297;-34,94321;"SPRF-PE";"DEL01-PE";"UOP01-DEL01-PE"
140258;2018-06-15;"sexta-feira";"07:43:00";"SC";101;80,1;"BARRA VELHA";"Falta de Atenção à Condução";"Engavetamento";"Com Vítimas Feridas";"Pleno dia";"Crescente";"Céu Claro";"Dupla";"Aclive;Curva";"Não";7;0;1;0;6;0;1;4;-26,6044524;-48,72500896;"SPRF-SC";"DEL03-SC";"UOP02-DEL03-SC"
140259;2018-05-22;"terça-feira";"13:55:00";"RS";116;270;"PORTO ALEGRE";"Falta de Atenção à Condução";"Queda de ocupante de veículo";"Com Vítimas Feridas";"Pleno dia";"Crescente";"Céu Claro";"Dupla";"Curva";"Não";1;0;1;0;0;0;1;1;-29,96958343;-51,1769557;"SPRF-RS";"DEL01-RS";"UOP01-DEL01-RS"
140261;2018-06-15;"sexta-feira";"09:00:00";"SC";101;199;"SAO JOSE";"Mal Súbito";"Tombamento";"Com Vítimas Feridas";"Pleno dia";"Crescente";"Nublado";"Dupla";"Reta";"Sim";1;0;1;0;0;0;1;1;-27,5402;-48,6226;"SPRF-SC";"DEL01-SC";"UOP01-DEL01-SC"
140262;2018-06-15;"sexta-feira";"09:15:00";"PR";277;641,9;"CEU AZUL";"Ultrapassagem Indevida";"Tombamento";"Sem Vítimas";"Pleno dia";"Crescente";"Nevoeiro/Neblina";"Simples";"Reta";"Não";1;0;0;0;1;0;0;1;-25,1790792;-53,8760029;"SPRF-PR";"DEL05-PR";"UOP02-DEL05-PR"
140265;2018-05-21;"segunda-feira";"09:10:00";"RS";158;129;"CONDOR";"Condutor Dormindo";"Saída de leito carroçável";"Com Vítimas Feridas";"Pleno dia";"Crescente";"Céu Claro";"Simples";"Reta";"Não";2;0;2;0;0;0;2;1;-28,116489;-53,430357;"SPRF-RS";"DEL08-RS";"UOP02-DEL08-RS"
140266;2018-01-22;"segunda-feira";"12:30:00";"PR";376;207,4;"MANDAGUARI";"Falta de Atenção à Condução";"Tombamento";"Com Vítimas Feridas";"Pleno dia";"Decrescente";"Ignorado";"Simples";"Reta";"Sim";1;0;1;0;0;0;1;1;-23,52134894;-51,67955783;"SPRF-PR";"DEL07-PR";"UOP01-DEL09-PR"
140267;2018-03-15;"quinta-feira";"10:40:00";"GO";40;106,5;"CRISTALINA";"Falta de Atenção à Condução";"Saída de leito carroçável";"Com Vítimas Feridas";"Pleno dia";"Decrescente";"Céu Claro";"Dupla";"Reta";"Não";1;0;1;0;0;0;1;1;-16,82722;-47,543386;"SPRF-DF";"DEL01-DF";"UOP02-DEL01-DF"
140268;2018-06-15;"sexta-feira";"09:00:00";"RJ";101;309;"SAO GONCALO";"Falta de Atenção à Condução";"Colisão traseira";"Com Vítimas Feridas";"Pleno dia";"Decrescente";"Chuva";"Dupla";"Reta";"Sim";2;0;1;0;1;0;1;2;-22,794992;-43,034481;"SPRF-RJ";"DEL02-RJ";"DEL5/2-UOP04/RJ"
140272;2018-05-31;"quinta-feira";"18:40:00";"RS";158;549,9;"SANTANA DO LIVRAMENTO";"Animais na Pista";"Atropelamento de Animal";"Sem Vítimas";"Plena Noite";"Crescente";"Chuva";"Simples";"Reta;Aclive";"Não";4;0;0;0;4;0;0;1;-30,8301172;-55,3645364;"SPRF-RS";"DEL11-RS";"UOP01-DEL11-RS"
140273;2018-06-15;"sexta-feira";"10:10:00";"SC";116;247,6;"LAGES";"Desobediência às normas de trânsito pelo condutor";"Colisão frontal";"Sem Vítimas";"Pleno dia";"Crescente";"Garoa/Chuvisco";"Simples";"Reta";"Sim";2;0;0;0;2;0;0;2;-27,81613384;-50,37128264;"SPRF-SC";"DEL05-SC";"UOP02-DEL05-SC"
140274;2018-06-15;"sexta-feira";"10:40:00";"RJ";116;37,9;"SAO JOSE DO VALE DO RIO PRETO";"Falta de Atenção à Condução";"Saída de leito carroçável";"Com Vítimas Feridas";"Pleno dia";"Decrescente";"Nublado";"Simples";"Curva";"Não";1;0;1;0;0;0;1;1;-22,1279565;-42,7809979;"SPRF-RJ";"DEL04-RJ";"UOP01-DEL04-RJ"
140276;2018-06-15;"sexta-feira";"10:50:00";"RN";101;107,3;"PARNAMIRIM";"Desobediência às normas de trânsito pelo condutor";"Colisão transversal";"Com Vítimas Feridas";"Pleno dia";"Crescente";"Céu Claro";"Dupla";"Reta";"Sim";2;0;0;2;0;0;2;2;-5,92214066;-35,26500821;"SPRF-RN";"DEL01-RN";"UOP01-DEL01-RN"
140284;2018-06-15;"sexta-feira";"11:20:00";"MT";70;3,1;"BARRA DO GARCAS";"Falta de Atenção à Condução";"Colisão traseira";"Com Vítimas Feridas";"Pleno dia";"Decrescente";"Céu Claro";"Dupla";"Reta";"Sim";4;0;1;0;3;0;1;2;-15,88190686;-52,27677941;"SPRF-MT";"DEL07-MT";"UOP01-DEL07-MT"
140286;2018-06-15;"sexta-feira";"11:30:00";"BA";324;568;"SAO SEBASTIAO DO PASSE";"Falta de Atenção à Condução";"Capotamento";"Com Vítimas Feridas";"Pleno dia";"Decrescente";"Céu Claro";"Dupla";"Reta";"Não";2;0;2;0;0;0;2;1;-12,55542226;-38,56833637;"SPRF-BA";"DEL01-BA";"UOP01-DEL01-BA"
140287;2018-05-19;"sábado";"18:30:00";"RS";386;361,1;"BOM RETIRO DO SUL";"Desobediência às normas de trânsito pelo condutor";"Colisão transversal";"Com Vítimas Feridas";"Plena Noite";"Crescente";"Chuva";"Simples";"Retorno Regulamentado";"Não";2;0;1;0;1;0;1;2;-29,55996337;-51,88295234;"SPRF-RS";"DEL04-RS";"UOP02-DEL04-RS"
140289;2018-06-15;"sexta-feira";"09:30:00";"PR";376;628;"SAO JOSE DOS PINHAIS";"Pista Escorregadia";"Queda de ocupante de veículo";"Com Vítimas Feridas";"Pleno dia";"Decrescente";"Chuva";"Dupla";"Reta";"Não";1;0;1;0;0;0;1;1;-25,68082793;-49,14802551;"SPRF-PR";"DEL01-PR";"DEL7/1-UOP08/PR"
140290;2018-06-15;"sexta-feira";"12:04:00";"SC";470;97,4;"APIUNA";"Falta de Atenção à Condução";"Capotamento";"Com Vítimas Feridas";"Pleno dia";"Decrescente";"Garoa/Chuvisco";"Simples";"Curva";"Não";1;0;1;0;0;0;1;1;-27,026621;-49,378124;"SPRF-SC";"DEL04-SC";"UOP01-DEL04-SC"
140291;2018-04-28;"sábado";"14:00:00";"MG";116;415;"GOVERNADOR VALADARES";"Falta de Atenção à Condução";"Tombamento";"Com Vítimas Feridas";"Pleno dia";"Crescente";"Ignorado";"Simples";"Reta";"Sim";1;0;1;0;0;0;1;1;-18,88517314;-41,9475174;"SPRF-MG";"DEL06-MG";"UOP01-DEL06-MG"
140292;2018-06-15;"sexta-feira";"12:50:00";"SC";101;212;"PALHOCA";"Falta de Atenção à Condução";"Atropelamento de Pedestre";"Com Vítimas Feridas";"Pleno dia";"Crescente";"Céu Claro";"Dupla";"Reta";"Sim";2;0;1;0;1;0;1;2;-27,6372;-48,6651;"SPRF-SC";"DEL01-SC";"UOP02-DEL01-SC"
140294;2018-06-15;"sexta-feira";"12:20:00";"PR";272;566;"GUAIRA";"Falta de Atenção à Condução";"Saída de leito carroçável";"Com Vítimas Feridas";"Pleno dia";"Decrescente";"Céu Claro";"Simples";"Reta";"Não";2;0;1;0;1;0;1;2;-24,10840014;-54,25129831;"SPRF-PR";"DEL06-PR";"UAP01-DEL06-PR"
140295;2018-04-19;"quinta-feira";"16:30:00";"PB";101;64;"SANTA RITA";"Defeito Mecânico no Veículo";"Queda de ocupante de veículo";"Com Vítimas Feridas";"Pleno dia";"Decrescente";"Céu Claro";"Dupla";"Reta";"Não";3;0;1;1;0;1;2;2;-7,04510139;-35,04748106;"SPRF-PB";"DEL01-PB";"UOP04-DEL01-PB"
140296;2018-06-15;"sexta-feira";"11:30:00";"RJ";101;67;"CAMPOS DOS GOYTACAZES";"Não guardar distância de segurança";"Colisão traseira";"Com Vítimas Feridas";"Pleno dia";"Decrescente";"Nublado";"Simples";"Reta";"Sim";2;0;1;0;1;0;1;2;-21,77129708;-41,35408401;"SPRF-RJ";"DEL08-RJ";"UOP02-DEL08-RJ"
140297;2018-06-15;"sexta-feira";"13:25:00";"PR";277;637,9;"CEU AZUL";"Desobediência às normas de trânsito pelo condutor";"Colisão transversal";"Com Vítimas Feridas";"Pleno dia";"Crescente";"Céu Claro";"Simples";"Reta";"Sim";4;0;3;0;1;0;3;2;-25,157189;-53,850443;"SPRF-PR";"DEL05-PR";"UOP02-DEL05-PR"
140301;2018-06-15;"sexta-feira";"13:15:00";"RN";101;100,2;"PARNAMIRIM";"Falta de Atenção à Condução";"Colisão lateral";"Com Vítimas Feridas";"Pleno dia";"Crescente";"Sol";"Dupla";"Reta";"Sim";2;0;1;0;1;0;1;2;-5,87875901;-35,22486627;"SPRF-RN";"DEL01-RN";"UOP01-DEL01-RN"
140302;2018-06-15;"sexta-feira";"13:45:00";"TO";153;238,8;"COLINAS DO TOCANTINS";"Ultrapassagem Indevida";"Colisão traseira";"Com Vítimas Feridas";"Pleno dia";"Decrescente";"Sol";"Simples";"Declive";"Não";2;0;1;0;1;0;1;1;-7,98389052;-48,46439213;"SPRF-TO";"DEL02-TO";"UOP01-DEL02-TO"
140303;2018-06-15;"sexta-feira";"14:42:00";"SC";470;64;"INDAIAL";"Desobediência às normas de trânsito pelo condutor";"Colisão transversal";"Com Vítimas Feridas";"Pleno dia";"Crescente";"Nublado";"Simples";"Reta";"Sim";2;0;1;0;1;0;1;2;-26,87447761;-49,18570793;"SPRF-SC";"DEL04-SC";"UOP01-DEL04-SC"
140307;2018-06-15;"sexta-feira";"14:20:00";"PR";116;71;"CAMPINA GRANDE DO SUL";"Falta de Atenção à Condução";"Colisão com objeto estático";"Com Vítimas Feridas";"Pleno dia";"Crescente";"Nublado";"Dupla";"Curva";"Não";1;0;1;0;0;0;1;1;-25,345419;-49,044888;"SPRF-PR";"DEL01-PR";"UOP02-DEL01-PR"
140309;2018-06-15;"sexta-feira";"14:40:00";"SP";116;212;"GUARULHOS";"Condutor Dormindo";"Tombamento";"Com Vítimas Feridas";"Pleno dia";"Crescente";"Céu Claro";"Múltipla";"Reta";"Sim";1;0;1;0;0;0;1;1;-23,43812867;-46,43350375;"SPRF-SP";"DEL01-SP";"UOP01-DEL01-SP"
140311;2018-06-15;"sexta-feira";"15:00:00";"RN";101;94,7;"NATAL";"Não guardar distância de segurança";"Colisão lateral";"Com Vítimas Feridas";"Pleno dia";"Crescente";"Céu Claro";"Dupla";"Viaduto";"Sim";3;0;1;0;2;0;1;3;-5,83646264;-35,21164834;"SPRF-RN";"DEL01-RN";"UOP01-DEL01-RN"
140314;2018-06-15;"sexta-feira";"13:00:00";"RJ";40;85;"PETROPOLIS";"Velocidade Incompatível";"Queda de ocupante de veículo";"Com Vítimas Feridas";"Pleno dia";"Decrescente";"Chuva";"Simples";"Curva";"Não";1;0;1;0;0;0;1;1;-22,55901309;-43,22656631;"SPRF-RJ";"DEL06-RJ";"UOP01-DEL06-RJ"
140315;2018-06-15;"sexta-feira";"15:45:00";"CE";116;185,7;"LIMOEIRO DO NORTE";"Não guardar distância de segurança";"Saída de leito carroçável";"Com Vítimas Feridas";"Pleno dia";"Crescente";"Céu Claro";"Simples";"Aclive";"Não";1;0;1;0;0;0;1;1;-5,117457;-38,143829;"SPRF-CE";"DEL03-CE";"UOP01-DEL03-CE"
140317;2018-06-15;"sexta-feira";"14:45:00";"MG";40;769;"JUIZ DE FORA";"Velocidade Incompatível";"Colisão transversal";"Com Vítimas Feridas";"Pleno dia";"Decrescente";"Nublado";"Simples";"Curva";"Não";3;0;0;1;1;1;1;3;-21,619;-43,4549;"SPRF-MG";"DEL05-MG";"UOP01-DEL05-MG"
140319;2018-06-15;"sexta-feira";"16:00:00";"BA";324;7,2;"FEIRA DE SANTANA";"Desobediência às normas de trânsito pelo condutor";"Colisão frontal";"Com Vítimas Feridas";"Pleno dia";"Crescente";"Céu Claro";"Simples";"Reta";"Não";2;0;1;0;1;0;1;1;-12,26891031;-38,98878604;"SPRF-BA";"DEL02-BA";"UOP01-DEL02-BA"
140320;2018-06-15;"sexta-feira";"16:00:00";"PE";232;8,1;"RECIFE";"Desobediência às normas de trânsito pelo pedestre";"Atropelamento de Pedestre";"Com Vítimas Feridas";"Anoitecer";"Decrescente";"Chuva";"Dupla";"Reta";"Sim";2;0;0;1;1;0;1;2;-8,077001;-34,974035;"SPRF-PE";"DEL01-PE";"UOP01-DEL01-PE"
140321;2018-06-15;"sexta-feira";"16:10:00";"CE";20;415;"MARACANAU";"Falta de Atenção à Condução";"Colisão traseira";"Sem Vítimas";"Pleno dia";"Crescente";"Céu Claro";"Simples";"Reta";"Não";2;0;0;0;2;0;0;2;-3,83374181;-38,61312801;"SPRF-CE";"DEL01-CE";"UOP02-DEL01-CE"
140324;2018-06-15;"sexta-feira";"16:00:00";"ES";101;293;"CARIACICA";"Desobediência às normas de trânsito pelo condutor";"Colisão lateral";"Com Vítimas Feridas";"Pleno dia";"Crescente";"Nublado";"Múltipla";"Reta";"Sim";2;0;1;0;1;0;1;2;-20,32097512;-40,39620817;"SPRF-ES";"DEL01-ES";"UOP01-DEL01-ES"
140327;2018-06-15;"sexta-feira";"14:40:00";"AM";174;928,3;"MANAUS";"Falta de Atenção à Condução";"Colisão com objeto estático";"Sem Vítimas";"Pleno dia";"Decrescente";"Céu Claro";"Simples";"Reta";"Não";2;0;0;0;2;0;0;2;-2,59097797;-60,03410339;"SPRF-AM";"DEL01-AM";"UOP01-DEL01-AM"
140329;2018-06-15;"sexta-feira";"16:10:00";"MG";381;484;"BETIM";"Não guardar distância de segurança";"Colisão traseira";"Com Vítimas Feridas";"Pleno dia";"Crescente";"Sol";"Dupla";"Declive;Curva";"Sim";5;0;1;0;3;1;1;4;-19,95934104;-44,08967971;"SPRF-MG";"DEL01-MG";"UOP03-DEL01-MG"
140330;2018-06-15;"sexta-feira";"16:30:00";"RS";386;324,3;"MARQUES DE SOUZA";"Desobediência às normas de trânsito pelo condutor";"Colisão transversal";"Sem Vítimas";"Pleno dia";"Crescente";"Céu Claro";"Simples";"Reta";"Sim";3;0;0;0;3;0;0;2;-29,32508964;-52,10207012;"SPRF-RS";"DEL04-RS";"UOP01-DEL04-RS"
140331;2018-06-15;"sexta-feira";"15:50:00";"RO";364;16;"VILHENA";"Desobediência às normas de trânsito pelo condutor";"Colisão transversal";"Com Vítimas Feridas";"Pleno dia";"Decrescente";"Nublado";"Dupla";"Reta;Em Obras";"Sim";2;0;1;0;1;0;1;2;-12,734379;-60,156971;"SPRF-RO";"DEL04-RO";"UOP01-DEL04-RO"
140333;2018-06-15;"sexta-feira";"15:00:00";"MG";116;132;"ITAOBIM";"Falta de Atenção à Condução";"Colisão transversal";"Com Vítimas Feridas";"Pleno dia";"Decrescente";"Céu Claro";"Simples";"Reta";"Não";3;0;2;0;1;0;2;2;-16,71922327;-41,49421695;"SPRF-MG";"DEL11-MG";"UOP02-DEL11-MG"
140335;2018-06-15;"sexta-feira";"16:45:00";"SC";101;206;"SAO JOSE";"Não guardar distância de segurança";"Colisão traseira";"Com Vítimas Feridas";"Pleno dia";"Decrescente";"Céu Claro";"Dupla";"Reta";"Sim";2;0;1;0;1;0;1;2;-27,6001;-48,6225;"SPRF-SC";"DEL01-SC";"UOP01-DEL01-SC"
140336;2018-06-15;"sexta-feira";"17:17:00";"SC";470;160;"TROMBUDO CENTRAL";"Falta de Atenção à Condução";"Colisão traseira";"Com Vítimas Feridas";"Amanhecer";"Decrescente";"Nublado";"Simples";"Interseção de Vias";"Sim";4;0;1;0;3;0;1;3;-27,28617138;-49,78295535;"SPRF-SC";"DEL04-SC";"UOP02-DEL04-SC"
140340;2018-06-15;"sexta-feira";"17:40:00";"SC";470;35,3;"GASPAR";"Falta de Atenção à Condução";"Colisão traseira";"Com Vítimas Feridas";"Plena Noite";"Crescente";"Nublado";"Simples";"Reta";"Não";2;0;1;0;1;0;1;2;-26,91257997;-48,96154225;"SPRF-SC";"DEL04-SC";"UOP01-DEL04-SC"
140341;2018-06-15;"sexta-feira";"17:30:00";"PB";230;4,8;"CABEDELO";"Mal Súbito";"Colisão com objeto estático";"Com Vítimas Feridas";"Anoitecer";"Decrescente";"Céu Claro";"Dupla";"Em Obras;Curva";"Sim";1;0;1;0;0;0;1;1;-7,0219992;-34,8358442;"SPRF-PB";"DEL01-PB";"UOP01-DEL01-PB"
140345;2018-06-15;"sexta-feira";"13:00:00";"AC";317;246;"XAPURI";"Desobediência às normas de trânsito pelo condutor";"Saída de leito carroçável";"Com Vítimas Fatais";"Anoitecer";"Crescente";"Nublado";"Simples";"Reta";"Não";1;1;0;0;0;0;0;1;-10,7784532;-68,44836236;"SPRF-AC";"DEL01-AC";"UOP02-DEL01-AC"
140346;2018-02-11;"domingo";"18:20:00";"BA";407;126;"SENHOR DO BONFIM";"Falta de Atenção à Condução";"Queda de ocupante de veículo";"Com Vítimas Feridas";"Plena Noite";"Crescente";"Nublado";"Simples";"Reta";"Sim";2;0;1;1;0;0;2;1;-10,47565851;-40,19004822;"SPRF-BA";"DEL04-BA";"UOP01-DEL04-BA"
140347;2018-05-01;"terça-feira";"01:00:00";"RS";116;264;"CANOAS";"Ingestão de Álcool";"Colisão com objeto estático";"Sem Vítimas";"Plena Noite";"Crescente";"Nublado";"Múltipla";"Reta";"Sim";1;0;0;0;1;0;0;1;-29,91336496;-51,17767537;"SPRF-RS";"DEL01-RS";"UOP01-DEL01-RS"
140348;2018-06-15;"sexta-feira";"18:20:00";"PR";369;154;"LONDRINA";"Não guardar distância de segurança";"Colisão traseira";"Com Vítimas Feridas";"Plena Noite";"Crescente";"Céu Claro";"Dupla";"Reta";"Sim";2;0;1;0;1;0;1;2;-23,29764425;-51,1986261;"SPRF-PR";"DEL07-PR";"UOP01-DEL07-PR"
140350;2018-05-26;"sábado";"06:35:00";"RS";116;363;"SENTINELA DO SUL";"Falta de Atenção à Condução";"Saída de leito carroçável";"Com Vítimas Feridas";"Amanhecer";"Crescente";"Nevoeiro/Neblina";"Simples";"Rotatória";"Sim";2;0;2;0;0;0;2;1;-30,637404;-51,553488;"SPRF-RS";"DEL02-RS";"UOP03-DEL02-RS"
140351;2018-06-15;"sexta-feira";"18:20:00";"SP";116;274;"TABOAO DA SERRA";"Falta de Atenção à Condução";"Colisão lateral";"Com Vítimas Feridas";"Anoitecer";"Decrescente";"Céu Claro";"Dupla";"Reta";"Não";2;0;1;0;1;0;1;2;-23,61791994;-46,80433274;"SPRF-SP";"DEL04-SP";"UOP01-DEL04-SP"
140352;2018-06-15;"sexta-feira";"18:10:00";"BA";101;253;"CONCEICAO DO ALMEIDA";"Não guardar distância de segurança";"Colisão traseira";"Com Vítimas Feridas";"Plena Noite";"Decrescente";"Céu Claro";"Simples";"Curva";"Não";4;0;1;0;3;0;1;2;-12,9463471;-39,2523236;"SPRF-BA";"DEL01-BA";"UOP02-DEL01-BA"
140354;2018-06-15;"sexta-feira";"16:30:00";"RO";364;348;"JI-PARANA";"Velocidade Incompatível";"Colisão transversal";"Com Vítimas Feridas";"Pleno dia";"Decrescente";"Nublado";"Simples";"Reta";"Sim";2;0;1;0;1;0;1;2;-10,855608;-61,983715;"SPRF-RO";"DEL02-RO";"UOP01-DEL02-RO"