"id";"data_inversa";"dia_semana";"horario";"uf";"br";"km";"municipio";"causa_acidente";"tipo_acidente";"classificacao_acidente";"fase_dia";"sentido_via";"condicao_metereologica";"tipo_pista";"tracado_via";"uso_solo";"pessoas";"mortos";"feridos_leves";"feridos_graves";"ilesos";"ignorados";"feridos";"veiculos";"latitude";"longitude";"regional";"delegacia";"uop"
140478;2018-06-16;"sábado";"04:40:00";"MG";40;628,1;"CONSELHEIRO LAFAIETE";"Falta de Atenção à Condução";"Queda de ocupante de veículo";"Com Vítimas Feridas";"Plena Noite";"Crescente";"Céu Claro";"Dupla";"Reta";"Sim";4;0;1;0;0;3;1;2;-20,64887968;-43,80948812;"SPRF-MG";"DEL05-MG";"UOP02-DEL05-MG"
140479;2018-06-16;"sábado";"06:30:00";"RJ";116;174,4;"SAO JOAO DE MERITI";"Carga excessiva e/ou mal acondicionada";"Colisão com objeto em movimento";"Com Vítimas Feridas";"Pleno dia";"Decrescente";"Nublado";"Múltipla";"Reta";"Sim";2;0;0;1;1;0;1;2;-22,794237;-43,364037;"SPRF-RJ";"DEL01-RJ";"UOP02-DEL01-RJ"
140480;2018-06-16;"sábado";"05:15:00";"RJ";116;235;"PIRAI";"Agressão Externa";"Colisão com objeto estático";"Com Vítimas Feridas";"Amanhecer";"Decrescente";"Céu Claro";"Dupla";"Curva";"Não";1;0;1;0;0;0;1;1;-22,6380952;-43,90102386;"SPRF-RJ";"DEL07-RJ";"UOP01-DEL07-RJ"
140481;2018-04-21;"sábado";"19:45:00";"PE";408;101,4;"SAO LOURENCO DA MATA";"Defeito Mecânico no Veículo";"Incêndio";"Sem Vítimas";"Plena Noite";"Decrescente";"Nublado";"Dupla";"Reta";"Não";1;0;0;0;0;1;0;1;-8,05043186;-35,00613407;"SPRF-PE";"DEL01-PE";"UOP01-DEL01-PE"
140483;2018-06-16;"sábado";"07:25:00";"BA";116;345,7;"TEOFILANDIA";"Desobediência às normas de trânsito pelo condutor";"Colisão lateral";"Sem Vítimas";"Pleno dia";"Crescente";"Céu Claro";"Simples";"Declive";"Não";8;0;0;0;8;0;0;2;-11,5544163;-38,9899233;"SPRF-BA";"DEL02-BA";"DEL10/2-UOP02/BA"
140486;2018-06-16;"sábado";"07:58:00";"BA";116;424;"FEIRA DE SANTANA";"Não guardar distância de segurança";"Colisão traseira";"Com Vítimas Feridas";"Pleno dia";"Crescente";"Céu Claro";"Simples";"Reta";"Não";2;0;1;0;1;0;1;2;-12,23825914;-38,98092449;"SPRF-BA";"DEL02-BA";"UOP01-DEL02-BA"
140487;2018-06-16;"sábado";"07:40:00";"SC";282;5,5;"SAO JOSE";"Ingestão de Álcool";"Colisão com objeto estático";"Com Vítimas Feridas";"Pleno dia";"Crescente";"Nublado";"Múltipla";"Reta";"Sim";3;0;1;0;1;1;1;2;-27,5899948;-48,6097383;"SPRF-SC";"DEL01-SC";"UOP01-DEL01-SC"
140488;2018-06-16;"sábado";"05:00:00";"RS";116;414,4;"CAMAQUA";"Ingestão de Álcool";"Saída de leito carroçável";"Sem Vítimas";"Plena Noite";"Crescente";"Nublado";"Simples";"Reta";"Não";1;0;0;0;1;0;0;1;-30,93469;-51,92465;"SPRF-RS";"DEL02-RS";"UOP03-DEL02-RS"
140490;2018-06-16;"sábado";"07:00:00";"RJ";101;69;"CAMPOS DOS GOYTACAZES";"Falta de Atenção à Condução";"Colisão frontal";"Com Vítimas Feridas";"Amanhecer";"Decrescente";"Céu Claro";"Simples";"Reta";"Não";6;0;5;0;1;0;5;2;-21,77694897;-41,36659384;"SPRF-RJ";"DEL08-RJ";"UOP02-DEL08-RJ"
140491;2018-05-22;"terça-feira";"08:45:00";"RS";392;19,3;"RIO GRANDE";"Desobediência às normas de trânsito pelo condutor";"Colisão lateral";"Com Vítimas Feridas";"Pleno dia";"Crescente";"Sol";"Dupla";"Reta";"Sim";3;0;1;0;1;1;1;3;-32,08742869;-52,18937159;"SPRF-RS";"DEL07-RS";"UOP02-DEL07-RS"
140493;2018-06-16;"sábado";"09:40:00";"SP";153;58,8;"SAO JOSE DO RIO PRETO";"Falta de Atenção à Condução";"Colisão transversal";"Com Vítimas Feridas";"Pleno dia";"Crescente";"Sol";"Simples";"Reta;Interseção de Vias";"Sim";2;0;1;0;1;0;1;2;-20,78654576;-49,35395122;"SPRF-SP";"DEL09-SP";"UOP01-DEL09-SP"
140494;2018-06-16;"sábado";"08:15:00";"RS";116;306,3;"GUAIBA";"Ingestão de Álcool";"Saída de leito carroçável";"Com Vítimas Feridas";"Pleno dia";"Crescente";"Nevoeiro/Neblina";"Simples";"Reta";"Sim";1;0;1;0;0;0;1;1;-30,17054515;-51,38674736;"SPRF-RS";"DEL02-RS";"UOP01-DEL02-RS"
140495;2018-06-16;"sábado";"06:40:00";"ES";262;194;"IUNA";"Falta de Atenção à Condução";"Saída de leito carroçável";"Com Vítimas Feridas";"Pleno dia";"Crescente";"Céu Claro";"Simples";"Curva";"Não";3;0;1;2;0;0;3;1;-20,2846;-41,7668;"SPRF-ES";"DEL01-ES";"UOP02-DEL01-ES"
140496;2018-06-16;"sábado";"09:00:00";"RJ";101;298;"ITABORAI";"Não guardar distância de segurança";"Colisão traseira";"Com Vítimas Feridas";"Pleno dia";"Crescente";"Nublado";"Múltipla";"Reta";"Sim";4;0;1;0;3;0;1;4;-22,77428218;-42,93869019;"SPRF-RJ";"DEL02-RJ";"DEL5/2-UOP04/RJ"
140497;2018-06-16;"sábado";"08:50:00";"PB";230;26,1;"JOAO PESSOA";"Falta de Atenção à Condução";"Colisão com objeto estático";"Sem Vítimas";"Pleno dia";"Decrescente";"Chuva";"Dupla";"Curva";"Sim";1;0;0;0;1;0;0;1;-7,168662;-34,88344;"SPRF-PB";"DEL01-PB";"UOP01-DEL01-PB"
140499;2018-06-16;"sábado";"08:55:00";"RO";364;345,7;"JI-PARANA";"Pista Escorregadia";"Tombamento";"Com Vítimas Feridas";"Pleno dia";"Decrescente";"Nublado";"Dupla";"Interseção de Vias";"Sim";1;0;1;0;0;0;1;1;-10,868851;-61,960064;"SPRF-RO";"DEL02-RO";"UOP01-DEL02-RO"
140501;2018-06-16;"sábado";"09:20:00";"RN";101;95;"NATAL";"Pista Escorregadia";"Queda de ocupante de veículo";"Com Vítimas Feridas";"Pleno dia";"Decrescente";"Chuva";"Múltipla";"Reta";"Sim";2;0;1;0;1;0;1;2;-5,840768;-35,210358;"SPRF-RN";"DEL01-RN";"UOP01-DEL01-RN"
140502;2018-06-15;"sexta-feira";"19:30:00";"RO";435;64,5;"VILHENA";"Falta de Atenção à Condução";"Saída de leito carroçável";"Sem Vítimas";"Plena Noite";"Crescente";"Céu Claro";"Simples";"Curva";"Não";2;0;0;0;2;0;0;1;-13,08750413;-60,37433624;"SPRF-RO";"DEL04-RO";"UOP02-DEL04-RO"
140503;2018-06-16;"sábado";"10:00:00";"GO";60;38,4;"GOIANIA";"Mal Súbito";"Colisão traseira";"Com Vítimas Feridas";"Pleno dia";"Decrescente";"Céu Claro";"Dupla";"Rotatória";"Sim";2;0;1;0;1;0;1;2;-16,74799258;-49,34196532;"SPRF-GO";"DEL01-GO";"UOP02-DEL01-GO"
140508;2018-06-16;"sábado";"10:00:00";"MS";163;136,5;"NAVIRAI";"Condutor Dormindo";"Saída de leito carroçável";"Com Vítimas Feridas";"Pleno dia";"Decrescente";"Nublado";"Simples";"Reta";"Não";2;0;1;0;1;0;1;1;-23,013963;-54,315513;"SPRF-MS";"DEL09-MS";"UOP01-DEL09-MS"
140511;2018-06-16;"sábado";"10:00:00";"PA";10;355;"SANTA MARIA DO PARA";"Desobediência às normas de trânsito pelo condutor";"Colisão transversal";"Com Vítimas Feridas";"Pleno dia";"Crescente";"Céu Claro";"Simples";"Interseção de Vias";"Sim";3;0;1;0;2;0;1;2;-1,3387059;-47,5840909;"SPRF-PA";"DEL01-PA";"UOP02-DEL01-PA"
140512;2018-06-16;"sábado";"11:00:00";"DF";70;10;"BRASILIA";"Falta de Atenção à Condução";"Colisão traseira";"Com Vítimas Feridas";"Pleno dia";"Decrescente";"Céu Claro";"Dupla";"Reta";"Sim";2;0;1;0;1;0;1;2;-15,787066;-48,140709;"SPRF-DF";"DEL01-DF";"UOP02-DEL03-DF"
140513;2018-06-16;"sábado";"11:05:00";"MG";381;705,4;"LAVRAS";"Falta de Atenção à Condução";"Saída de leito carroçável";"Com Vítimas Feridas";"Pleno dia";"Crescente";"Nublado";"Dupla";"Curva";"Não";1;0;1;0;0;0;1;1;-21,3237;-45,1662;"SPRF-MG";"DEL04-MG";"UOP02-DEL04-MG"
140514;2018-06-16;"sábado";"08:30:00";"PE";316;26,5;"ARARIPINA";"Animais na Pista";"Saída de leito carroçável";"Sem Vítimas";"Pleno dia";"Crescente";"Céu Claro";"Simples";"Reta";"Sim";2;0;0;0;2;0;0;1;-7,597877;-40,492563;"SPRF-PE";"DEL05-PE";"UOP02-DEL05-PE"
140517;2018-02-22;"quinta-feira";"23:30:00";"SC";101;151;"ITAPEMA";"Falta de Atenção à Condução";"Colisão traseira";"Com Vítimas Feridas";"Plena Noite";"Decrescente";"Ignorado";"Simples";"Interseção de Vias";"Não";2;0;1;0;1;0;1;2;-27,1358;-48,6099;"SPRF-SC";"DEL04-SC";"UOP03-DEL04-SC"
140519;2018-06-16;"sábado";"08:45:00";"PR";116;47;"CAMPINA GRANDE DO SUL";"Velocidade Incompatível";"Saída de leito carroçável";"Com Vítimas Feridas";"Pleno dia";"Decrescente";"Chuva";"Dupla";"Curva";"Não";2;0;2;0;0;0;2;1;-25,210619;-48,897217;"SPRF-PR";"DEL01-PR";"UOP02-DEL01-PR"
140523;2018-06-16;"sábado";"11:00:00";"ES";262;34;"DOMINGOS MARTINS";"Falta de Atenção à Condução";"Colisão frontal";"Com Vítimas Feridas";"Pleno dia";"Decrescente";"Chuva";"Simples";"Curva";"Não";4;0;2;2;0;0;4;2;-20,37293194;-40,59217036;"SPRF-ES";"DEL01-ES";"UOP01-DEL01-ES"
140525;2018-06-16;"sábado";"12:20:00";"PI";343;12;"PARNAIBA";"Sinalização da via insuficiente ou inadequada";"Colisão lateral";"Com Vítimas Feridas";"Pleno dia";"Crescente";"Sol";"Simples";"Reta";"Sim";2;0;1;0;1;0;1;2;-2,910035;-41,753662;"SPRF-PI";"DEL05-PI";"UOP01-DEL05-PI"
140526;2018-06-16;"sábado";"11:30:00";"PR";376;652,5;"TIJUCAS DO SUL";"Velocidade Incompatível";"Colisão traseira";"Com Vítimas Feridas";"Pleno dia";"Decrescente";"Garoa/Chuvisco";"Dupla";"Curva";"Não";3;0;1;0;2;0;1;2;-25,84228635;-49,05846548;"SPRF-PR";"DEL01-PR";"DEL7/1-UOP08/PR"
140529;2018-06-16;"sábado";"08:15:00";"PA";163;1004,4;"SANTAREM";"Não guardar distância de segurança";"Colisão traseira";"Com Vítimas Feridas";"Pleno dia";"Crescente";"Céu Claro";"Dupla";"Interseção de Vias";"Sim";4;0;1;0;3;0;1;3;-2,4288393;-54,7347645;"SPRF-PA";"DEL05-PA";"UOP01-DEL05-PA"
140530;2018-06-16;"sábado";"11:40:00";"MG";40;697,2;"BARBACENA";"Falta de Atenção à Condução";"Colisão traseira";"Sem Vítimas";"Pleno dia";"Crescente";"Céu Claro";"Dupla";"Reta";"Sim";2;0;0;0;2;0;0;2;-21,19018;-43,75158;"SPRF-MG";"DEL05-MG";"UOP02-DEL05-MG"
140531;2018-06-16;"sábado";"12:50:00";"SP";153;61,9;"SAO JOSE DO RIO PRETO";"Pista Escorregadia";"Tombamento";"Com Vítimas Feridas";"Pleno dia";"Crescente";"Sol";"Dupla";"Reta";"Sim";2;0;2;0;0;0;2;1;-20,81164362;-49,3567121;"SPRF-SP";"DEL09-SP";"UOP01-DEL09-SP"
140532;2018-06-16;"sábado";"12:59:00";"PR";277;586,3;"CASCAVEL";"Desobediência às normas de trânsito pelo condutor";"Colisão transversal";"Com Vítimas Feridas";"Pleno dia";"Decrescente";"Céu Claro";"Simples";"Interseção de Vias";"Sim";4;0;1;0;3;0;1;2;-24,96678209;-53,42450202;"SPRF-PR";"DEL04-PR";"UOP01-DEL04-PR"
140533;2018-06-16;"sábado";"13:00:00";"PE";232;201,8;"PESQUEIRA";"Desobediência às normas de trânsito pelo condutor";"Colisão transversal";"Com Vítimas Feridas";"Pleno dia";"Decrescente";"Céu Claro";"Simples";"Reta";"Não";2;0;0;1;1;0;1;2;-8,371211;-36,621406;"SPRF-PE";"DEL02-PE";"UOP03-DEL02-PE"
140534;2018-06-16;"sábado";"11:50:00";"RJ";40;122;"DUQUE DE CAXIAS";"Defeito Mecânico no Veículo";"Colisão com objeto em movimento";"Sem Vítimas";"Pleno dia";"Decrescente";"Nublado";"Dupla";"Reta";"Não";2;0;0;0;2;0;0;2;-22,6205;-43,2868;"SPRF-RJ";"DEL01-RJ";"UOP01-DEL01-RJ"
140535;2018-06-16;"sábado";"12:15:00";"ES";101;387,2;"ICONHA";"Falta de Atenção à Condução";"Colisão transversal";"Com Vítimas Feridas";"Pleno dia";"Decrescente";"Nublado";"Simples";"Reta";"Não";2;0;0;1;1;0;1;2;-20,85156372;-40,87677956;"SPRF-ES";"DEL03-ES";"UOP01-DEL03-ES"
140536;2018-06-16;"sábado";"11:40:00";"PA";316;33,4;"SANTA IZABEL DO PARA";"Falta de Atenção à Condução";"Capotamento";"Com Vítimas Feridas";"Pleno dia";"Decrescente";"Sol";"Dupla";"Reta";"Sim";1;0;1;0;0;0;1;1;-1,29496754;-48,17317128;"SPRF-PA";"DEL01-PA";"DEL19/1-UOP05/PA"
140537;2018-06-16;"sábado";"13:00:00";"PR";277;26,5;"MORRETES";"Falta de Atenção à Condução";"Saída de leito carroçável";"Sem Vítimas";"Pleno dia";"Decrescente";"Chuva";"Dupla";"Reta";"Não";1;0;0;0;1;0;0;1;-25,53193757;-48,75187648;"SPRF-PR";"DEL01-PR";"UOP05-DEL01-PR"
140538;2018-06-16;"sábado";"11:10:00";"RO";364;491;"ARIQUEMES";"Falta de Atenção à Condução";"Queda de ocupante de veículo";"Com Vítimas Feridas";"Pleno dia";"Crescente";"Céu Claro";"Simples";"Reta";"Não";2;0;1;0;1;0;1;1;-10,099724;-62,954578;"SPRF-RO";"DEL03-RO";"UOP01-DEL03-RO"
140541;2018-06-16;"sábado";"13:30:00";"PA";316;110;"SANTA MARIA DO PARA";"Desobediência às normas de trânsito pelo condutor";"Colisão transversal";"Com Vítimas Feridas";"Pleno dia";"Decrescente";"Nublado";"Simples";"Interseção de Vias";"Não";3;0;1;1;1;0;2;2;-1,322351;-47,520523;"SPRF-PA";"DEL01-PA";"UOP02-DEL01-PA"
140544;2018-06-16;"sábado";"13:50:00";"RJ";101;71;"CAMPOS DOS GOYTACAZES";"Falta de Atenção do Pedestre";"Atropelamento de Pedestre";"Com Vítimas Feridas";"Pleno dia";"Decrescente";"Céu Claro";"Simples";"Reta";"Sim";2;0;1;0;1;0;1;2;-21,785795;-41,381424;"SPRF-RJ";"DEL08-RJ";"UOP02-DEL08-RJ"
140547;2018-06-16;"sábado";"14:30:00";"SP";381;86,1;"GUARULHOS";"Ultrapassagem Indevida";"Colisão lateral";"Com Vítimas Feridas";"Pleno dia";"Crescente";"Céu Claro";"Múltipla";"Reta";"Sim";1;0;1;0;0;0;1;1;-23,4746906;-46,56127028;"SPRF-SP";"DEL03-SP";"DEL6/3-UOP03/SP"
140548;2018-06-16;"sábado";"13:55:00";"SC";163;69,7;"SAO MIGUEL DO OESTE";"Desobediência às normas de trânsito pelo condutor";"Colisão lateral";"Com Vítimas Feridas";"Pleno dia";"Crescente";"Céu Claro";"Dupla";"Declive";"Sim";3;0;1;0;2;0;1;2;-26,7249998;-53,51338506;"SPRF-SC";"DEL07-SC";"UOP03-DEL07-SC"
140550;2018-06-16;"sábado";"14:20:00";"MG";262;821;"UBERABA";"Falta de Atenção à Condução";"Capotamento";"Com Vítimas Feridas";"Pleno dia";"Crescente";"Céu Claro";"Dupla";"Reta";"Não";2;0;1;0;0;1;1;2;-19,762056;-48,138805;"SPRF-MG";"DEL13-MG";"UOP01-DEL13-MG"
140551;2018-06-16;"sábado";"14:45:00";"MG";365;590;"INDIANOPOLIS";"Defeito Mecânico no Veículo";"Saída de leito carroçável";"Com Vítimas Feridas";"Pleno dia";"Crescente";"Céu Claro";"Simples";"Curva";"Não";3;0;1;0;2;0;1;1;-18,86993166;-48,02407752;"SPRF-MG";"DEL15-MG";"UOP02-DEL15-MG"
140552;2018-06-16;"sábado";"14:23:00";"DF";80;26;"BRASILIA";"Falta de Atenção à Condução";"Saída de leito carroçável";"Com Vítimas Feridas";"Pleno dia";"Crescente";"Céu Claro";"Dupla";"Reta";"Sim";5;0;5;0;0;0;5;1;-15,60439624;-48,19841623;"SPRF-DF";"DEL01-DF";"UOP02-DEL03-DF"
140553;2018-06-15;"sexta-feira";"22:00:00";"MG";153;22;"CENTRALINA";"Avarias e/ou desgaste excessivo no pneu";"Saída de leito carroçável";"Com Vítimas Feridas";"Plena Noite";"Crescente";"Céu Claro";"Dupla";"Curva";"Não";1;0;1;0;0;0;1;1;-18,6223541;-49,18836057;"SPRF-MG";"DEL15-MG";"UOP03-DEL15-MG"
140554;2018-06-16;"sábado";"07:40:00";"RO";364;706;"PORTO VELHO";"Defeito na Via";"Colisão com objeto estático";"Com Vítimas Feridas";"Pleno dia";"Decrescente";"Céu Claro";"Simples";"Interseção de Vias;Reta";"Não";1;0;0;1;0;0;1;1;-8,79873438;-63,83584768;"SPRF-RO";"DEL01-RO";"UOP01-DEL01-RO"
140556;2018-06-16;"sábado";"14:10:00";"MS";163;101,2;"ITAQUIRAI";"Carga excessiva e/ou mal acondicionada";"Colisão com objeto em movimento";"Com Vítimas Feridas";"Pleno dia";"Crescente";"Céu Claro";"Simples";"Reta";"Não";1;0;1;0;0;0;1;1;-23,269786;-54,227414;"SPRF-MS";"DEL09-MS";"UOP01-DEL09-MS"
140557;2018-06-16;"sábado";"15:00:00";"MG";262;353;"BETIM";"Falta de Atenção à Condução";"Colisão lateral";"Com Vítimas Feridas";"Pleno dia";"Decrescente";"Sol";"Dupla";"Curva";"Não";1;0;1;0;0;0;1;1;-19,98754573;-44,20143127;"SPRF-MG";"DEL01-MG";"UOP03-DEL01-MG"
140559;2018-06-16;"sábado";"15:25:00";"SC";280;137,8;"RIO NEGRINHO";"Velocidade Incompatível";"Colisão traseira";"Sem Vítimas";"Pleno dia";"Decrescente";"Chuva";"Simples";"Reta";"Não";2;0;0;0;2;0;0;2;-26,268177;-49,59045;"SPRF-SC";"DEL06-SC";"UOP03-DEL06-SC"
140560;2018-06-16;"sábado";"15:20:00";"RJ";101;263,2;"RIO BONITO";"Defeito Mecânico no Veículo";"Incêndio";"Sem Vítimas";"Pleno dia";"Decrescente";"Chuva";"Dupla";"Reta";"Sim";1;0;0;0;1;0;0;1;-22,7194416;-42,6282653;"SPRF-RJ";"DEL02-RJ";"UOP03-DEL02-RJ"
140561;2018-06-16;"sábado";"15:50:00";"GO";70;1;"AGUAS LINDAS DE GOIAS";"Velocidade Incompatível";"Colisão traseira";"Sem Vítimas";"Pleno dia";"Crescente";"Céu Claro";"Dupla";"Reta";"Não";2;0;0;0;1;1;0;2;-15,7481;-48,2635;"SPRF-DF";"DEL01-DF";"UOP02-DEL03-DF"
140564;2018-06-16;"sábado";"15:40:00";"RJ";116;302;"RESENDE";"Falta de Atenção à Condução";"Engavetamento";"Com Vítimas Feridas";"Pleno dia";"Crescente";"Nublado";"Dupla";"Reta";"Sim";4;0;1;0;3;0;1;3;-22,45609094;-44,4017601;"SPRF-RJ";"DEL07-RJ";"DEL5/7-UOP03/RJ"
140565;2018-06-16;"sábado";"15:50:00";"RJ";40;109;"DUQUE DE CAXIAS";"Condutor Dormindo";"Colisão com objeto estático";"Com Vítimas Feridas";"Pleno dia";"Crescente";"Garoa/Chuvisco";"Múltipla";"Curva";"Sim";1;0;1;0;0;0;1;1;-22,6266905;-43,2859814;"SPRF-RJ";"DEL01-RJ";"UOP01-DEL01-RJ"
140566;2018-05-12;"sábado";"16:40:00";"SC";101;203;"SAO JOSE";"Falta de Atenção à Condução";"Colisão traseira";"Com Vítimas Feridas";"Pleno dia";"Decrescente";"Céu Claro";"Múltipla";"Declive";"Sim";2;0;0;1;1;0;1;2;-27,56483827;-48,61453414;"SPRF-SC";"DEL01-SC";"UOP01-DEL01-SC"
140567;2018-06-16;"sábado";"16:10:00";"MG";40;465;"SETE LAGOAS";"Condutor Dormindo";"Capotamento";"Com Vítimas Feridas";"Pleno dia";"Decrescente";"Céu Claro";"Dupla";"Reta";"Não";2;0;2;0;0;0;2;1;-19,4295;-44,3368;"SPRF-MG";"DEL02-MG";"UOP01-DEL02-MG"
140568;2018-06-16;"sábado";"15:00:00";"GO";153;519,1;"HIDROLANDIA";"Falta de Atenção à Condução";"Saída de leito carroçável";"Com Vítimas Feridas";"Pleno dia";"Decrescente";"Céu Claro";"Dupla";"Reta";"Não";1;0;1;0;0;0;1;1;-16,8755;-49,2523;"SPRF-GO";"DEL01-GO";"UOP03-DEL01-GO"
140569;2018-06-16;"sábado";"15:50:00";"RS";116;320,4;"BARRA DO RIBEIRO";"Ingestão de Álcool";"Colisão com objeto estático";"Com Vítimas Feridas";"Pleno dia";"Decrescente";"Sol";"Dupla";"Em Obras";"Não";1;0;1;0;0;0;1;1;-30,2921604;-51,4144331;"SPRF-RS";"DEL02-RS";"UOP01-DEL02-RS"
140571;2018-06-16;"sábado";"16:40:00";"PR";277;601,1;"CASCAVEL";"Velocidade Incompatível";"Tombamento";"Com Vítimas Feridas";"Pleno dia";"Decrescente";"Nublado";"Dupla";"Reta";"Sim";1;0;1;0;0;0;1;1;-25,02817;-53,55983;"SPRF-PR";"DEL04-PR";"UOP01-DEL04-PR"
140574;2018-02-09;"sexta-feira";"18:30:00";"RS";468;15,6;"PALMEIRA DAS MISSOES";"Falta de Atenção à Condução";"Saída de leito carroçável";"Sem Vítimas";"Pleno dia";"Crescente";"Chuva";"Simples";"Reta";"Não";4;0;0;0;4;0;0;1;-27,80708425;-53,41924875;"SPRF-RS";"DEL08-RS";"UOP01-DEL08-RS"
140575;2018-06-16;"sábado";"15:30:00";"SC";470;193;"POUSO REDONDO";"Velocidade Incompatível";"Saída de leito carroçável";"Com Vítimas Feridas";"Pleno dia";"Crescente";"Chuva";"Simples";"Curva";"Não";2;0;1;0;1;0;1;1;-27,29857072;-50,07843018;"SPRF-SC";"DEL04-SC";"UOP02-DEL04-SC"
140576;2018-06-16;"sábado";"16:45:00";"MG";153;244,6;"FRONTEIRA";"Falta de Atenção à Condução";"Colisão transversal";"Com Vítimas Feridas";"Plena Noite";"Decrescente";"Céu Claro";"Simples";"Reta";"Sim";4;0;2;0;2;0;2;2;-20,2881121;-49,19975996;"SPRF-MG";"DEL13-MG";"UOP02-DEL13-MG"
140577;2018-06-16;"sábado";"15:20:00";"PE";232;83;"GRAVATA";"Falta de Atenção à Condução";"Colisão traseira";"Sem Vítimas";"Pleno dia";"Crescente";"Sol";"Dupla";"Reta";"Não";2;0;0;0;2;0;0;2;-8,20286773;-35,5968082;"SPRF-PE";"DEL01-PE";"UOP02-DEL02PE"
140578;2018-06-16;"sábado";"16:30:00";"BA";367;25,4;"PORTO SEGURO";"Falta de Atenção à Condução";"Colisão com objeto estático";"Com Vítimas Feridas";"Pleno dia";"Decrescente";"Sol";"Simples";"Rotatória";"Sim";3;0;3;0;0;0;3;1;-16,43567356;-39,09446239;"SPRF-BA";"DEL09-BA";"UOP01-DEL09-BA"
140580;2018-06-16;"sábado";"13:00:00";"MG";40;698,9;"BARBACENA";"Velocidade Incompatível";"Capotamento";"Com Vítimas Feridas";"Pleno dia";"Decrescente";"Céu Claro";"Dupla";"Reta";"Não";1;0;1;0;0;0;1;1;-21,2072;-43,7497;"SPRF-MG";"DEL05-MG";"UOP02-DEL05-MG"
140582;2018-06-16;"sábado";"17:38:00";"PR";158;453,8;"LARANJEIRAS DO SUL";"Ingestão de Álcool";"Colisão transversal";"Com Vítimas Feridas";"Anoitecer";"Decrescente";"Nublado";"Simples";"Interseção de Vias";"Não";2;0;1;0;1;0;1;2;-25,38567049;-52,41104068;"SPRF-PR";"DEL04-PR";"UOP02-DEL04-PR"
140583;2018-06-16;"sábado";"13:30:00";"BA";101;414;"IBIRAPITANGA";"Pista Escorregadia";"Capotamento";"Com Vítimas Feridas";"Pleno dia";"Decrescente";"Chuva";"Simples";"Curva";"Não";3;0;3;0;0;0;3;1;-14,0787;-39,3847;"SPRF-BA";"DEL05-BA";"UOP03-DEL05-BA"
140584;2018-06-16;"sábado";"17:40:00";"RJ";393;236,7;"VASSOURAS";"Desobediência às normas de trânsito pelo condutor";"Colisão lateral";"Com Vítimas Feridas";"Plena Noite";"Crescente";"Garoa/Chuvisco";"Simples";"Reta";"Sim";2;0;1;0;1;0;1;2;-22,41928544;-43,68397951;"SPRF-RJ";"DEL05-RJ";"UOP03-DEL05-RJ"
140586;2018-06-16;"sábado";"09:50:00";"SE";235;31,9;"AREIA BRANCA";"Falta de Atenção à Condução";"Colisão transversal";"Com Vítimas Feridas";"Pleno dia";"Crescente";"Céu Claro";"Simples";"Reta";"Sim";2;0;1;0;1;0;1;2;-10,777317;-37,295372;"SPRF-SE";"DEL01-SE";"UOP01-DEL01-SE"
140587;2018-06-16;"sábado";"17:45:00";"MG";365;612;"UBERLANDIA";"Ingestão de Álcool";"Colisão traseira";"Sem Vítimas";"Pleno dia";"Crescente";"Céu Claro";"Simples";"Reta";"Sim";2;0;0;0;2;0;0;2;-18,91619262;-48,21339704;"SPRF-MG";"DEL15-MG";"UOP01-DEL15-MG"
140589;2018-06-08;"sexta-feira";"11:20:00";"SC";116;12,4;"MAFRA";"Desobediência às normas de trânsito pelo condutor";"Colisão transversal";"Com Vítimas Feridas";"Pleno dia";"Decrescente";"Sol";"Simples";"Interseção de Vias";"Não";3;0;1;0;2;0;1;2;-26,178778;-49,86721;"SPRF-SC";"DEL06-SC";"UOP01-DEL06-SC"
140591;2018-06-16;"sábado";"18:00:00";"PR";376;657,9;"TIJUCAS DO SUL";"Pista Escorregadia";"Saída de leito carroçável";"Com Vítimas Feridas";"Plena Noite";"Decrescente";"Garoa/Chuvisco";"Dupla";"Curva";"Não";2;0;1;0;1;0;1;1;-25,84620852;-49,00357246;"SPRF-PR";"DEL01-PR";"DEL7/1-UOP08/PR"
140592;2018-06-16;"sábado";"17:15:00";"RJ";101;287,8;"ITABORAI";"Falta de Atenção à Condução";"Saída de leito carroçável";"Com Vítimas Feridas";"Anoitecer";"Decrescente";"Chuva";"Dupla";"Reta";"Sim";1;0;0;1;0;0;1;1;-22,75798199;-42,84127525;"SPRF-RJ";"DEL02-RJ";"UOP03-DEL02-RJ"
140598;2018-06-16;"sábado";"14:30:00";"MT";70;589,5;"NOSSA SENHORA DO LIVRAMENTO";"Ultrapassagem Indevida";"Saída de leito carroçável";"Com Vítimas Feridas";"Pleno dia";"Decrescente";"Nublado";"Simples";"Declive";"Não";1;0;1;0;0;0;1;1;-15,79473128;-56,68541908;"SPRF-MT";"DEL03-MT";"UOP02-DEL03-MT"
140599;2018-06-16;"sábado";"18:10:00";"MG";40;465;"SETE LAGOAS";"Ingestão de Álcool";"Colisão traseira";"Com Vítimas Feridas";"Anoitecer";"Crescente";"Céu Claro";"Dupla";"Reta";"Não";1;0;1;0;0;0;1;1;-19,4495;-44,3176;"SPRF-MG";"DEL02-MG";"UOP01-DEL02-MG"
140601;2018-06-16;"sábado";"19:10:00";"BA";407;120,8;"SENHOR DO BONFIM";"Ingestão de Álcool";"Atropelamento de Pedestre";"Com Vítimas Feridas";"Plena Noite";"Decrescente";"Céu Claro";"Simples";"Reta";"Sim";2;0;1;0;1;0;1;2;-10,403843;-40,180546;"SPRF-BA";"DEL04-BA";"UOP01-DEL04-BA"