"id";"data_inversa";"dia_semana";"horario";"uf";"br";"km";"municipio";"causa_acidente";"tipo_acidente";"classificacao_acidente";"fase_dia";"sentido_via";"condicao_metereologica";"tipo_pista";"tracado_via";"uso_solo";"pessoas";"mortos";"feridos_leves";"feridos_graves";"ilesos";"ignorados";"feridos";"veiculos";"latitude";"longitude";"regional";"delegacia";"uop"
140602;2018-06-16;"sábado";"19:00:00";"GO";60;101;"ANAPOLIS";"Falta de Atenção à Condução";"Saída de leito carroçável";"Com Vítimas Feridas";"Plena Noite";"Crescente";"Céu Claro";"Dupla";"Reta";"Não";5;0;2;0;3;0;2;1;-16,4022;-48,9745;"SPRF-GO";"DEL02-GO";"UOP01-DEL02-GO"
140603;2018-06-16;"sábado";"18:30:00";"SP";116;472,1;"JACUPIRANGA";"Falta de Atenção do Pedestre";"Atropelamento de Pedestre";"Com Vítimas Fatais";"Plena Noite";"Decrescente";"Nublado";"Dupla";"Curva";"Não";3;1;0;0;2;0;0;2;-24,66895284;-47,9774475;"SPRF-SP";"DEL05-SP";"UAP01-DEL05-SP"
140604;2018-06-16;"sábado";"17:30:00";"ES";101;115;"SOORETAMA";"Falta de Atenção à Condução";"Queda de ocupante de veículo";"Com Vítimas Feridas";"Plena Noite";"Crescente";"Céu Claro";"Simples";"Reta";"Não";1;0;1;0;0;0;1;1;-19,06868881;-40,03808498;"SPRF-ES";"DEL04-ES";"UOP01-DEL04-ES"
140606;2018-06-16;"sábado";"19:00:00";"GO";60;109,6;"GOIANAPOLIS";"Falta de Atenção à Condução";"Saída de leito carroçável";"Sem Vítimas";"Plena Noite";"Crescente";"Céu Claro";"Dupla";"Curva";"Não";1;0;0;0;1;0;0;1;-16,4478;-49,0224;"SPRF-GO";"DEL01-GO";"UOP01-DEL01-GO"
140607;2018-06-16;"sábado";"15:00:00";"MA";230;403,9;"BALSAS";"Avarias e/ou desgaste excessivo no pneu";"Colisão traseira";"Com Vítimas Feridas";"Pleno dia";"Crescente";"Céu Claro";"Simples";"Reta";"Sim";4;0;0;1;3;0;1;2;-7,52074599;-46,03737116;"SPRF-MA";"DEL05-MA";"UOP01-DEL05-MA"
140610;2018-06-16;"sábado";"19:40:00";"SC";470;61;"BLUMENAU";"Ingestão de Álcool";"Colisão frontal";"Sem Vítimas";"Plena Noite";"Decrescente";"Nublado";"Simples";"Reta";"Não";2;0;0;0;2;0;0;2;-26,882263;-49,160112;"SPRF-SC";"DEL04-SC";"UOP01-DEL04-SC"
140612;2018-06-16;"sábado";"19:50:00";"SE";235;12;"NOSSA SENHORA DO SOCORRO";"Pista Escorregadia";"Tombamento";"Com Vítimas Feridas";"Plena Noite";"Crescente";"Chuva";"Simples";"Reta";"Não";2;0;2;0;0;0;2;1;-10,868567;-37,171078;"SPRF-SE";"DEL01-SE";"UOP01-DEL01-SE"
140614;2018-06-16;"sábado";"19:37:00";"ES";262;4;"CARIACICA";"Não guardar distância de segurança";"Colisão traseira";"Com Vítimas Feridas";"Plena Noite";"Decrescente";"Céu Claro";"Múltipla";"Reta";"Sim";2;0;1;0;1;0;1;2;-20,3366731;-40,3787553;"SPRF-ES";"DEL01-ES";"UOP01-DEL01-ES"
140615;2018-06-16;"sábado";"19:25:00";"DF";20;21;"BRASILIA";"Ingestão de Álcool";"Colisão traseira";"Com Vítimas Feridas";"Plena Noite";"Crescente";"Céu Claro";"Dupla";"Reta";"Sim";9;0;8;0;1;0;8;2;-15,603384;-47,684692;"SPRF-DF";"DEL02-DF";"UOP01-DEL02-DF"
140617;2018-06-16;"sábado";"20:20:00";"PR";369;146,2;"LONDRINA";"Velocidade Incompatível";"Colisão transversal";"Com Vítimas Fatais";"Plena Noite";"Crescente";"Céu Claro";"Dupla";"Retorno Regulamentado";"Sim";3;1;0;0;2;0;0;2;-23,29323942;-51,12539291;"SPRF-PR";"DEL07-PR";"UOP01-DEL07-PR"
140618;2018-06-16;"sábado";"19:00:00";"MS";163;193;"CAARAPO";"Condutor Dormindo";"Saída de leito carroçável";"Com Vítimas Feridas";"Plena Noite";"Crescente";"Céu Claro";"Dupla";"Reta";"Não";1;0;1;0;0;0;1;1;-22,74008982;-54,7899127;"SPRF-MS";"DEL04-MS";"UOP02-DEL04-MS"
140619;2018-06-16;"sábado";"18:00:00";"RJ";101;597;"PARATY";"Velocidade Incompatível";"Saída de leito carroçável";"Com Vítimas Feridas";"Plena Noite";"Decrescente";"Chuva";"Simples";"Curva";"Não";2;0;1;0;1;0;1;1;-23,34150718;-44,74519014;"SPRF-RJ";"DEL03-RJ";"UOP04-DEL03-RJ"
140620;2018-06-16;"sábado";"20:00:00";"SC";470;53;"BLUMENAU";"Ingestão de Álcool";"Colisão lateral";"Com Vítimas Feridas";"Plena Noite";"Decrescente";"Nublado";"Simples";"Rotatória";"Não";2;0;1;0;1;0;1;2;-26,862855;-49,085082;"SPRF-SC";"DEL04-SC";"UOP01-DEL04-SC"
140623;2018-06-16;"sábado";"20:25:00";"SP";116;210;"GUARULHOS";"Ingestão de Álcool";"Colisão com objeto estático";"Sem Vítimas";"Plena Noite";"Crescente";"Nublado";"Múltipla";"Reta";"Sim";1;0;0;0;1;0;0;1;-23,4278859;-46,40934738;"SPRF-SP";"DEL01-SP";"UOP01-DEL01-SP"
140624;2018-06-16;"sábado";"20:00:00";"PR";373;364;"CORONEL VIVIDA";"Ingestão de Álcool";"Saída de leito carroçável";"Com Vítimas Feridas";"Plena Noite";"Crescente";"Céu Claro";"Simples";"Reta";"Não";2;0;1;0;1;0;1;1;-25,9234667;-52,39757538;"SPRF-PR";"DEL03-PR";"UOP01-DEL08-PR"
140625;2018-06-16;"sábado";"20:40:00";"DF";70;14;"BRASILIA";"Ingestão de Álcool";"Colisão lateral";"Com Vítimas Feridas";"Plena Noite";"Decrescente";"Céu Claro";"Dupla";"Reta";"Não";5;0;2;0;3;0;2;2;-15,797312;-48,176056;"SPRF-DF";"DEL01-DF";"UOP02-DEL03-DF"
140627;2018-06-16;"sábado";"17:30:00";"PA";230;114;"MARABA";"Ingestão de Álcool";"Colisão lateral";"Com Vítimas Feridas";"Anoitecer";"Crescente";"Céu Claro";"Dupla";"Reta";"Sim";3;0;2;0;1;0;2;2;-5,364642;-49,066322;"SPRF-PA";"DEL03-PA";"UOP01-DEL03-PA"
140629;2018-06-16;"sábado";"20:00:00";"CE";116;20,4;"EUSEBIO";"Velocidade Incompatível";"Atropelamento de Pedestre";"Com Vítimas Fatais";"Plena Noite";"Decrescente";"Céu Claro";"Dupla";"Declive;Reta";"Sim";2;1;0;0;0;1;0;2;-3,92586715;-38,50780595;"SPRF-CE";"DEL01-CE";"UOP02-DEL01-CE"
140630;2018-06-16;"sábado";"19:10:00";"RJ";101;486;"ANGRA DOS REIS";"Desobediência às normas de trânsito pelo condutor";"Colisão lateral";"Com Vítimas Feridas";"Plena Noite";"Crescente";"Chuva";"Simples";"Reta";"Sim";1;0;1;0;0;0;1;1;-22,96890415;-44,29848433;"SPRF-RJ";"DEL03-RJ";"UOP03-DEL03-RJ"
140632;2018-06-16;"sábado";"20:05:00";"SC";280;140,8;"RIO NEGRINHO";"Pista Escorregadia";"Saída de leito carroçável";"Com Vítimas Feridas";"Plena Noite";"Crescente";"Chuva";"Simples";"Curva;Declive";"Não";1;0;1;0;0;0;1;1;-26,253855;-49,61269;"SPRF-SC";"DEL06-SC";"UOP03-DEL06-SC"
140635;2018-06-16;"sábado";"21:00:00";"PI";402;32,7;"PARNAIBA";"Ingestão de Álcool";"Tombamento";"Com Vítimas Feridas";"Plena Noite";"Decrescente";"Céu Claro";"Simples";"Reta";"Sim";1;0;1;0;0;0;1;1;-2,93232617;-41,74976349;"SPRF-PI";"DEL05-PI";"UOP01-DEL05-PI"
140636;2018-06-16;"sábado";"20:20:00";"PR";376;596,1;"CURITIBA";"Falta de Atenção à Condução";"Saída de leito carroçável";"Sem Vítimas";"Plena Noite";"Crescente";"Garoa/Chuvisco";"Dupla";"Reta";"Sim";2;0;0;0;1;1;0;1;-25,50475996;-49,34118748;"SPRF-PR";"DEL01-PR";"UOP06-DEL01-PR"
140638;2018-06-16;"sábado";"21:00:00";"RN";304;37,2;"MOSSORO";"Falta de Atenção à Condução";"Colisão traseira";"Com Vítimas Feridas";"Plena Noite";"Crescente";"Céu Claro";"Dupla";"Reta";"Sim";2;0;1;0;1;0;1;2;-5,3067223;-37,2811477;"SPRF-RN";"DEL04-RN";"UOP02-DEL04-RN"
140642;2018-06-16;"sábado";"21:50:00";"SP";116;297;"ITAPECERICA DA SERRA";"Velocidade Incompatível";"Tombamento";"Com Vítimas Feridas";"Plena Noite";"Decrescente";"Garoa/Chuvisco";"Simples";"Retorno Regulamentado";"Não";1;0;1;0;0;0;1;1;-23,80319845;-46,91953897;"SPRF-SP";"DEL04-SP";"UOP01-DEL04-SP"
140643;2018-06-16;"sábado";"22:00:00";"GO";60;137,5;"GOIANIA";"Falta de Atenção à Condução";"Colisão transversal";"Com Vítimas Feridas";"Plena Noite";"Crescente";"Céu Claro";"Simples";"Interseção de Vias";"Não";2;0;1;0;1;0;1;2;-16,603;-49,2023;"SPRF-GO";"DEL01-GO";"UOP01-DEL01-GO"
140645;2018-06-16;"sábado";"22:00:00";"SP";116;306,3;"SAO LOURENCO DA SERRA";"Falta de Atenção à Condução";"Capotamento";"Com Vítimas Feridas";"Plena Noite";"Decrescente";"Garoa/Chuvisco";"Dupla";"Curva";"Não";2;0;1;0;0;1;1;1;-23,84439382;-46,93548203;"SPRF-SP";"DEL04-SP";"UOP01-DEL04-SP"
140646;2018-06-16;"sábado";"20:20:00";"MG";381;767,3;"CAMPANHA";"Defeito Mecânico no Veículo";"Tombamento";"Com Vítimas Feridas";"Plena Noite";"Crescente";"Céu Claro";"Dupla";"Curva";"Não";1;0;1;0;0;0;1;1;-21,7528;-45,3956;"SPRF-MG";"DEL16-MG";"UOP02-DEL16-MG"
140647;2018-06-16;"sábado";"21:00:00";"GO";60;100;"ANAPOLIS";"Ingestão de Álcool";"Capotamento";"Sem Vítimas";"Plena Noite";"Decrescente";"Céu Claro";"Dupla";"Reta";"Sim";1;0;0;0;1;0;0;1;-16,3979;-48,9664;"SPRF-GO";"DEL02-GO";"UOP01-DEL02-GO"
140648;2018-06-16;"sábado";"20:55:00";"DF";40;1;"BRASILIA";"Velocidade Incompatível";"Colisão com objeto estático";"Sem Vítimas";"Plena Noite";"Decrescente";"Céu Claro";"Dupla";"Reta";"Sim";2;0;0;0;1;1;0;2;-15,98790962;-47,98697049;"SPRF-DF";"DEL01-DF";"UOP01-DEL01-DF"
140649;2018-06-16;"sábado";"22:00:00";"RJ";40;102;"DUQUE DE CAXIAS";"Ingestão de Álcool";"Colisão com objeto estático";"Sem Vítimas";"Plena Noite";"Crescente";"Chuva";"Múltipla";"Reta";"Não";1;0;0;0;1;0;0;1;-22,6300518;-43,2853484;"SPRF-RJ";"DEL01-RJ";"UOP01-DEL01-RJ"
140650;2018-06-16;"sábado";"21:30:00";"RS";285;131,3;"VACARIA";"Velocidade Incompatível";"Colisão com objeto estático";"Sem Vítimas";"Plena Noite";"Decrescente";"Céu Claro";"Simples";"Curva;Declive";"Não";4;0;0;0;4;0;0;1;-28,439248;-50,997686;"SPRF-RS";"DEL05-RS";"UOP03-DEL05-RS"
140651;2018-06-16;"sábado";"20:20:00";"AC";364;136;"RIO BRANCO";"Desobediência às normas de trânsito pelo condutor";"Colisão transversal";"Com Vítimas Feridas";"Plena Noite";"Crescente";"Céu Claro";"Dupla";"Rotatória";"Sim";3;0;2;0;1;0;2;2;-9,977584;-67,8489;"SPRF-AC";"DEL01-AC";"UOP01-DEL01-AC"
140652;2018-06-16;"sábado";"23:10:00";"PR";376;159,7;"MARINGA";"Velocidade Incompatível";"Saída de leito carroçável";"Com Vítimas Feridas";"Plena Noite";"Crescente";"Céu Claro";"Dupla";"Curva";"Sim";1;0;0;1;0;0;1;1;-23,3674713;-52,07685292;"SPRF-PR";"DEL07-PR";"UOP01-DEL09-PR"
140653;2018-06-16;"sábado";"22:35:00";"SC";280;130,2;"RIO NEGRINHO";"Falta de Atenção à Condução";"Colisão com objeto estático";"Sem Vítimas";"Plena Noite";"Decrescente";"Garoa/Chuvisco";"Simples";"Reta";"Não";1;0;0;0;1;0;0;1;-26,253033;-49,529274;"SPRF-SC";"DEL06-SC";"UOP03-DEL06-SC"
140655;2018-06-16;"sábado";"22:00:00";"AL";101;175,2;"TEOTONIO VILELA";"Desobediência às normas de trânsito pelo condutor";"Colisão lateral";"Com Vítimas Fatais";"Plena Noite";"Crescente";"Chuva";"Simples";"Reta";"Sim";4;1;0;2;0;1;2;3;-9,89788;-36,36714;"SPRF-AL";"DEL02-AL";"UOP02-DEL02-AL"
140656;2018-06-16;"sábado";"22:40:00";"PB";230;503,2;"CAJAZEIRAS";"Velocidade Incompatível";"Saída de leito carroçável";"Com Vítimas Feridas";"Plena Noite";"Decrescente";"Céu Claro";"Simples";"Curva";"Não";1;0;1;0;0;0;1;1;-6,898372;-38,54683;"SPRF-PB";"DEL03-PB";"UOP03-DEL03-PB"
140657;2018-06-16;"sábado";"15:20:00";"RJ";40;88;"PETROPOLIS";"Ingestão de Álcool";"Capotamento";"Com Vítimas Feridas";"Pleno dia";"Decrescente";"Chuva";"Simples";"Curva";"Não";1;0;1;0;0;0;1;1;-22,55541647;-43,2274729;"SPRF-RJ";"DEL06-RJ";"UOP01-DEL06-RJ"
140659;2018-06-16;"sábado";"23:05:00";"SE";101;127,5;"ESTANCIA";"Velocidade Incompatível";"Saída de leito carroçável";"Com Vítimas Feridas";"Plena Noite";"Decrescente";"Chuva";"Dupla";"Curva";"Não";4;0;1;0;3;0;1;1;-11,079639;-37,366723;"SPRF-SE";"DEL02-SE";"UOP01-DEL02-SE"
140660;2018-06-17;"domingo";"00:10:00";"RJ";116;125;"MAGE";"Falta de Atenção à Condução";"Colisão com objeto estático";"Com Vítimas Feridas";"Plena Noite";"Crescente";"Céu Claro";"Dupla";"Curva";"Sim";2;0;2;0;0;0;2;1;-22,6516;-43,077751;"SPRF-RJ";"DEL04-RJ";"UOP02-DEL04-RJ"
140661;2018-06-17;"domingo";"00:00:00";"PR";476;130;"CURITIBA";"Deficiência ou não Acionamento do Sistema de Iluminação/Sinalização do Veículo";"Colisão com objeto estático";"Sem Vítimas";"Plena Noite";"Decrescente";"Nevoeiro/Neblina";"Múltipla";"Curva";"Sim";1;0;0;0;1;0;0;1;-25,449564;-49,236427;"SPRF-PR";"DEL01-PR";"UOP07-DEL01-PR"
140662;2018-06-17;"domingo";"00:50:00";"GO";80;178;"URUACU";"Ingestão de Álcool";"Colisão traseira";"Com Vítimas Feridas";"Plena Noite";"Crescente";"Céu Claro";"Simples";"Reta";"Não";5;0;2;0;3;0;2;2;-14,63607449;-49,17566299;"SPRF-GO";"DEL07-GO";"UOP02-DEL07-GO"
140663;2018-06-17;"domingo";"00:40:00";"PR";376;0,5;"MARINGA";"Velocidade Incompatível";"Colisão com objeto estático";"Com Vítimas Feridas";"Plena Noite";"Crescente";"Nublado";"Dupla";"Curva";"Sim";2;0;2;0;0;0;2;1;-23,40947987;-51,98745489;"SPRF-PR";"DEL07-PR";"UOP01-DEL09-PR"
140666;2018-06-17;"domingo";"00:50:00";"ES";101;294;"CARIACICA";"Falta de Atenção à Condução";"Tombamento";"Com Vítimas Feridas";"Plena Noite";"Decrescente";"Nublado";"Simples";"Declive;Curva";"Sim";1;0;1;0;0;0;1;1;-20,32963748;-40,3981179;"SPRF-ES";"DEL01-ES";"UOP01-DEL01-ES"
140667;2018-06-16;"sábado";"23:45:00";"MT";70;505;"CUIABA";"Falta de Atenção à Condução";"Colisão frontal";"Com Vítimas Feridas";"Plena Noite";"Crescente";"Nublado";"Simples";"Reta";"Não";3;0;1;1;1;0;2;3;-15,70204417;-56,06057167;"SPRF-MT";"DEL02-MT";"UOP02-DEL01-MT"
140669;2018-06-17;"domingo";"00:20:00";"PI";343;601,5;"FLORIANO";"Ingestão de Álcool";"Colisão com objeto estático";"Com Vítimas Feridas";"Plena Noite";"Crescente";"Céu Claro";"Simples";"Em Obras";"Sim";1;0;1;0;0;0;1;1;-6,837403;-43,07935;"SPRF-PI";"DEL03-PI";"UOP01-DEL03-PI"
140671;2018-06-17;"domingo";"00:50:00";"RJ";101;60;"CAMPOS DOS GOYTACAZES";"Agressão Externa";"Colisão transversal";"Com Vítimas Feridas";"Plena Noite";"Decrescente";"Céu Claro";"Simples";"Reta";"Sim";3;0;2;0;1;0;2;2;-21,720467;-41,314461;"SPRF-RJ";"DEL08-RJ";"UOP01-DEL08-RJ"
140672;2018-06-17;"domingo";"00:50:00";"PR";277;721,5;"FOZ DO IGUACU";"Não guardar distância de segurança";"Colisão traseira";"Com Vítimas Feridas";"Plena Noite";"Decrescente";"Céu Claro";"Dupla";"Retorno Regulamentado";"Sim";1;0;1;0;0;0;1;1;-25,491169;-54,511887;"SPRF-PR";"DEL05-PR";"UOP01-DEL05-PR"
140675;2018-06-17;"domingo";"02:45:00";"MG";40;780;"JUIZ DE FORA";"Velocidade Incompatível";"Queda de ocupante de veículo";"Com Vítimas Feridas";"Plena Noite";"Decrescente";"Ignorado";"Dupla";"Reta";"Não";2;0;2;0;0;0;2;1;-21,7046;-43,4508;"SPRF-MG";"DEL05-MG";"UOP01-DEL05-MG"
140676;2018-06-17;"domingo";"02:20:00";"SC";101;162,7;"TIJUCAS";"Ingestão de Álcool";"Colisão traseira";"Com Vítimas Fatais";"Plena Noite";"Crescente";"Nublado";"Múltipla";"Reta";"Não";3;1;0;0;0;2;0;3;-27,2325;-48,6299;"SPRF-SC";"DEL04-SC";"UOP03-DEL04-SC"
140677;2018-06-17;"domingo";"03:00:00";"MG";153;79,8;"PRATA";"Condutor Dormindo";"Capotamento";"Com Vítimas Feridas";"Plena Noite";"Decrescente";"Céu Claro";"Simples";"Declive";"Não";1;0;1;0;0;0;1;1;-19,04560288;-49,00960064;"SPRF-MG";"DEL15-MG";"UOP03-DEL15-MG"
140678;2018-06-17;"domingo";"03:00:00";"SP";459;17,2;"PIQUETE";"Avarias e/ou desgaste excessivo no pneu";"Capotamento";"Sem Vítimas";"Plena Noite";"Decrescente";"Nublado";"Simples";"Curva;Aclive";"Não";1;0;0;0;0;1;0;1;-22,62936611;-45,16158164;"SPRF-SP";"DEL08-SP";"UOP03-DEL08-SP"
140679;2018-06-17;"domingo";"03:20:00";"PA";230;116;"MARABA";"Ingestão de álcool e/ou substâncias psicoativas pelo pedestre";"Tombamento";"Com Vítimas Fatais";"Plena Noite";"Crescente";"Céu Claro";"Dupla";"Reta";"Sim";1;1;0;0;0;0;0;1;-5,359473;-49,083012;"SPRF-PA";"DEL03-PA";"UOP01-DEL03-PA"
140680;2018-06-17;"domingo";"03:10:00";"SC";101;354;"SANGAO";"Ingestão de Álcool";"Colisão traseira";"Sem Vítimas";"Plena Noite";"Crescente";"Nublado";"Dupla";"Curva";"Não";1;0;0;0;1;0;0;1;-28,64540221;-49,10024464;"SPRF-SC";"DEL02-SC";"UOP01-DEL02-SC"
140681;2018-06-17;"domingo";"02:30:00";"RS";116;37,3;"VACARIA";"Falta de Atenção à Condução";"Colisão com objeto estático";"Sem Vítimas";"Plena Noite";"Crescente";"Céu Claro";"Simples";"Rotatória";"Sim";1;0;0;0;1;0;0;1;-28,50110232;-50,92045069;"SPRF-RS";"DEL05-RS";"UOP03-DEL05-RS"
140682;2018-06-17;"domingo";"03:00:00";"RJ";101;64;"CAMPOS DOS GOYTACAZES";"Desobediência às normas de trânsito pelo condutor";"Colisão transversal";"Com Vítimas Feridas";"Plena Noite";"Decrescente";"Nublado";"Simples";"Interseção de Vias";"Sim";5;0;4;0;0;1;4;3;-21,749086;-41,336327;"SPRF-RJ";"DEL08-RJ";"UOP02-DEL08-RJ"
140683;2018-06-17;"domingo";"03:50:00";"SP";116;60;"GUARATINGUETA";"Ingestão de Álcool";"Capotamento";"Com Vítimas Feridas";"Plena Noite";"Crescente";"Céu Claro";"Dupla";"Reta";"Não";3;0;2;1;0;0;3;1;-22,791122;-45,161125;"SPRF-SP";"DEL08-SP";"UOP01-DEL08-SP"
140684;2018-06-17;"domingo";"04:00:00";"BA";116;422;"FEIRA DE SANTANA";"Não guardar distância de segurança";"Colisão traseira";"Com Vítimas Fatais";"Plena Noite";"Decrescente";"Céu Claro";"Simples";"Reta";"Sim";1;1;0;0;0;0;0;1;-12,23127078;-38,96861851;"SPRF-BA";"DEL02-BA";"UOP01-DEL02-BA"
140685;2018-06-17;"domingo";"04:05:00";"SP";116;167,7;"JACAREI";"Desobediência às normas de trânsito pelo condutor";"Capotamento";"Com Vítimas Feridas";"Plena Noite";"Decrescente";"Nublado";"Dupla";"Aclive";"Não";2;0;2;0;0;0;2;1;-23,30395068;-46,02893092;"SPRF-SP";"DEL02-SP";"UOP01-DEL02-SP"
140687;2018-06-17;"domingo";"03:40:00";"BA";101;506,5;"ITABUNA";"Animais na Pista";"Atropelamento de Animal";"Com Vítimas Feridas";"Plena Noite";"Decrescente";"Nublado";"Simples";"Reta";"Não";1;0;1;0;0;0;1;1;-14,7953;-39,2905;"SPRF-BA";"DEL05-BA";"UOP01-DEL05-BA"
140688;2018-06-17;"domingo";"03:50:00";"RJ";101;281,3;"ITABORAI";"Ingestão de Álcool";"Colisão com objeto estático";"Com Vítimas Feridas";"Plena Noite";"Crescente";"Chuva";"Dupla";"Reta";"Sim";2;0;1;0;1;0;1;1;-22,73740487;-42,7899936;"SPRF-RJ";"DEL02-RJ";"UOP03-DEL02-RJ"
140692;2018-06-17;"domingo";"04:45:00";"CE";222;236,8;"SOBRAL";"Ingestão de Álcool";"Saída de leito carroçável";"Com Vítimas Fatais";"Amanhecer";"Crescente";"Céu Claro";"Simples";"Reta";"Não";5;2;1;2;0;0;3;1;-3,725859;-40,3394754;"SPRF-CE";"DEL04-CE";"UOP01-DEL04-CE"
140694;2018-06-17;"domingo";"05:30:00";"PR";116;107,1;"SAO JOSE DOS PINHAIS";"Falta de Atenção à Condução";"Colisão traseira";"Sem Vítimas";"Amanhecer";"Crescente";"Chuva";"Dupla";"Reta";"Não";3;0;0;0;3;0;0;2;-25,57142068;-49,19629455;"SPRF-PR";"DEL01-PR";"UOP01-DEL01-PR"
140696;2018-06-17;"domingo";"05:50:00";"PR";277;719;"FOZ DO IGUACU";"Falta de Atenção à Condução";"Saída de leito carroçável";"Sem Vítimas";"Plena Noite";"Crescente";"Céu Claro";"Dupla";"Reta";"Sim";1;0;0;0;1;0;0;1;-25,48540147;-54,49823588;"SPRF-PR";"DEL05-PR";"UOP01-DEL05-PR"
140697;2018-06-16;"sábado";"18:00:00";"RJ";101;276,4;"TANGUA";"Velocidade Incompatível";"Saída de leito carroçável";"Sem Vítimas";"Plena Noite";"Decrescente";"Chuva";"Dupla";"Reta";"Sim";1;0;0;0;1;0;0;1;-22,73941565;-42,74271298;"SPRF-RJ";"DEL02-RJ";"UOP03-DEL02-RJ"
140698;2018-06-17;"domingo";"05:15:00";"RJ";116;252,4;"PIRAI";"Desobediência às normas de trânsito pelo condutor";"Colisão frontal";"Sem Vítimas";"Amanhecer";"Decrescente";"Nublado";"Simples";"Reta";"Sim";2;0;0;0;2;0;0;2;-22,624538;-43,917652;"SPRF-RJ";"DEL07-RJ";"UOP02-DEL07-RJ"
140699;2018-06-17;"domingo";"04:50:00";"ES";101;158,8;"LINHARES";"Falta de Atenção à Condução";"Saída de leito carroçável";"Sem Vítimas";"Plena Noite";"Crescente";"Nublado";"Simples";"Reta";"Sim";1;0;0;0;0;1;0;1;-19,46221721;-40,10561277;"SPRF-ES";"DEL04-ES";"UOP01-DEL04-ES"
140700;2018-06-17;"domingo";"02:00:00";"PR";476;141;"CURITIBA";"Ingestão de Álcool";"Colisão com objeto estático";"Com Vítimas Feridas";"Plena Noite";"Decrescente";"Garoa/Chuvisco";"Múltipla";"Curva";"Sim";3;0;2;0;1;0;2;1;-25,528614;-49,298798;"SPRF-PR";"DEL01-PR";"UOP07-DEL01-PR"
140701;2018-06-17;"domingo";"05:15:00";"GO";80;31;"PADRE BERNARDO";"Animais na Pista";"Saída de leito carroçável";"Sem Vítimas";"Pleno dia";"Crescente";"Céu Claro";"Dupla";"Reta";"Não";1;0;0;0;1;0;0;1;-15,29312677;-48,24234009;"SPRF-DF";"DEL01-DF";"UOP02-DEL03-DF"
140702;2018-06-17;"domingo";"05:55:00";"SP";116;216;"GUARULHOS";"Ingestão de Álcool";"Colisão traseira";"Com Vítimas Feridas";"Amanhecer";"Decrescente";"Céu Claro";"Múltipla";"Reta";"Sim";4;0;1;0;3;0;1;3;-23,45211306;-46,46656573;"SPRF-SP";"DEL01-SP";"UOP01-DEL01-SP"
140703;2018-06-17;"domingo";"06:30:00";"RJ";40;119;"DUQUE DE CAXIAS";"Falta de Atenção à Condução";"Capotamento";"Sem Vítimas";"Pleno dia";"Crescente";"Nublado";"Múltipla";"Reta";"Não";1;0;0;0;1;0;0;1;-22,630071;-43,2853505;"SPRF-RJ";"DEL01-RJ";"UOP01-DEL01-RJ"
140704;2018-06-17;"domingo";"05:39:00";"PR";467;75,8;"CASCAVEL";"Ingestão de Álcool";"Saída de leito carroçável";"Com Vítimas Feridas";"Amanhecer";"Crescente";"Céu Claro";"Dupla";"Reta";"Sim";2;0;2;0;0;0;2;1;-24,7592;-53,6955;"SPRF-PR";"DEL04-PR";"UOP01-DEL04-PR"
140705;2018-06-17;"domingo";"06:10:00";"RJ";40;120;"DUQUE DE CAXIAS";"Falta de Atenção à Condução";"Colisão com objeto estático";"Com Vítimas Feridas";"Pleno dia";"Crescente";"Nublado";"Múltipla";"Reta";"Sim";1;0;1;0;0;0;1;1;-22,6266905;-43,2859814;"SPRF-RJ";"DEL01-RJ";"UOP01-DEL01-RJ"
140707;2018-06-17;"domingo";"06:20:00";"GO";153;506;"APARECIDA DE GOIANIA";"Falta de Atenção à Condução";"Colisão com objeto estático";"Sem Vítimas";"Amanhecer";"Crescente";"Céu Claro";"Múltipla";"Reta";"Sim";1;0;0;0;0;1;0;1;-16,75143425;-49,24124837;"SPRF-GO";"DEL01-GO";"UOP01-DEL01-GO"
140708;2018-06-17;"domingo";"06:00:00";"MG";50;38,7;"ARAGUARI";"Falta de Atenção à Condução";"Colisão com objeto estático";"Com Vítimas Feridas";"Amanhecer";"Crescente";"Céu Claro";"Dupla";"Reta";"Sim";1;0;1;0;0;0;1;1;-18,66942133;-48,1769371;"SPRF-MG";"DEL15-MG";"UOP02-DEL15-MG"
140709;2018-06-17;"domingo";"05:45:00";"SP";116;133,9;"SAO JOSE DOS CAMPOS";"Falta de Atenção à Condução";"Colisão traseira";"Com Vítimas Feridas";"Plena Noite";"Crescente";"Nublado";"Dupla";"Reta";"Não";8;0;3;2;3;0;5;4;-23,13716348;-45,75616837;"SPRF-SP";"DEL06-SP";"UOP02-DEL02-SP"
140710;2018-06-17;"domingo";"01:40:00";"PR";277;333;"GUARAPUAVA";"Velocidade Incompatível";"Saída de leito carroçável";"Sem Vítimas";"Plena Noite";"Crescente";"Nevoeiro/Neblina";"Simples";"Reta";"Não";1;0;0;0;0;1;0;1;-25,34840864;-51,38054609;"SPRF-PR";"DEL03-PR";"UOP01-DEL08-PR"
140711;2018-06-17;"domingo";"06:30:00";"ES";101;256,3;"SERRA";"Desobediência às normas de trânsito pelo condutor";"Colisão lateral";"Sem Vítimas";"Pleno dia";"Crescente";"Céu Claro";"Simples";"Declive";"Sim";2;0;0;0;2;0;0;2;-20,0966074;-40,3393049;"SPRF-ES";"DEL02-ES";"UOP01-DEL02-ES"