"id";"data_inversa";"dia_semana";"horario";"uf";"br";"km";"municipio";"causa_acidente";"tipo_acidente";"classificacao_acidente";"fase_dia";"sentido_via";"condicao_metereologica";"tipo_pista";"tracado_via";"uso_solo";"pessoas";"mortos";"feridos_leves";"feridos_graves";"ilesos";"ignorados";"feridos";"veiculos";"latitude";"longitude";"regional";"delegacia";"uop"
140712;2018-06-17;"domingo";"06:10:00";"MS";163;437,5;"CAMPO GRANDE";"Condutor Dormindo";"Saída de leito carroçável";"Com Vítimas Feridas";"Amanhecer";"Crescente";"Nublado";"Simples";"Reta";"Não";5;0;1;0;4;0;1;1;-20,834918;-54,513718;"SPRF-MS";"DEL01-MS";"UOP01-DEL01-MS"
140714;2018-06-17;"domingo";"05:20:00";"PR";116;108,8;"CURITIBA";"Velocidade Incompatível";"Saída de leito carroçável";"Sem Vítimas";"Plena Noite";"Crescente";"Garoa/Chuvisco";"Dupla";"Reta";"Não";1;0;0;0;1;0;0;1;-25,56526492;-49,24836085;"SPRF-PR";"DEL01-PR";"UOP01-DEL01-PR"
140715;2018-06-17;"domingo";"06:00:00";"PR";116;104;"SAO JOSE DOS PINHAIS";"Falta de Atenção do Pedestre";"Atropelamento de Pedestre";"Com Vítimas Fatais";"Amanhecer";"Decrescente";"Chuva";"Múltipla";"Reta";"Sim";3;1;0;1;1;0;1;2;-25,564745;-49,158703;"SPRF-PR";"DEL01-PR";"UOP01-DEL01-PR"
140718;2018-06-17;"domingo";"07:40:00";"PE";232;34,4;"MORENO";"Ingestão de Álcool";"Atropelamento de Pedestre";"Com Vítimas Feridas";"Pleno dia";"Decrescente";"Céu Claro";"Dupla";"Reta";"Sim";2;0;0;1;1;0;1;2;-8,1181;-35,1864;"SPRF-PE";"DEL01-PE";"UOP02-DEL02PE"
140719;2018-06-17;"domingo";"07:45:00";"CE";116;2;"FORTALEZA";"Falta de Atenção à Condução";"Colisão com objeto estático";"Com Vítimas Feridas";"Pleno dia";"Decrescente";"Céu Claro";"Múltipla";"Reta";"Sim";1;0;1;0;0;0;1;1;-3,7694345;-38,5167164;"SPRF-CE";"DEL01-CE";"UOP02-DEL01-CE"
140720;2018-06-17;"domingo";"07:25:00";"SC";101;157,2;"PORTO BELO";"Ingestão de Álcool";"Saída de leito carroçável";"Com Vítimas Feridas";"Pleno dia";"Crescente";"Céu Claro";"Dupla";"Reta";"Sim";1;0;1;0;0;0;1;1;-27,1901;-48,6123;"SPRF-SC";"DEL04-SC";"UOP03-DEL04-SC"
140722;2018-06-17;"domingo";"06:05:00";"RO";364;199,6;"PIMENTA BUENO";"Falta de Atenção à Condução";"Saída de leito carroçável";"Sem Vítimas";"Pleno dia";"Crescente";"Céu Claro";"Simples";"Rotatória";"Não";1;0;0;0;0;1;0;1;-11,65753225;-61,19175553;"SPRF-RO";"DEL02-RO";"UOP02-DEL02-RO"
140724;2018-06-17;"domingo";"07:50:00";"MS";262;345,4;"CAMPO GRANDE";"Falta de Atenção do Pedestre";"Atropelamento de Pedestre";"Com Vítimas Fatais";"Amanhecer";"Crescente";"Céu Claro";"Simples";"Curva";"Não";2;1;0;0;0;1;0;2;-20,575915;-54,593524;"SPRF-MS";"DEL01-MS";"UOP03-DEL01-MS"
140728;2018-06-17;"domingo";"09:10:00";"SC";470;157;"TROMBUDO CENTRAL";"Velocidade Incompatível";"Saída de leito carroçável";"Com Vítimas Feridas";"Pleno dia";"Crescente";"Garoa/Chuvisco";"Simples";"Curva";"Não";4;0;3;0;1;0;3;1;-27,27923895;-49,75575775;"SPRF-SC";"DEL04-SC";"UOP02-DEL04-SC"
140730;2018-06-17;"domingo";"07:30:00";"MG";381;949,5;"EXTREMA";"Condutor Dormindo";"Saída de leito carroçável";"Com Vítimas Feridas";"Pleno dia";"Crescente";"Céu Claro";"Dupla";"Reta";"Sim";1;0;1;0;0;0;1;1;-22,875048;-46,366745;"SPRF-MG";"DEL16-MG";"UOP03-DEL16-MG"
140731;2018-06-17;"domingo";"07:30:00";"ES";101;388,5;"RIO NOVO DO SUL";"Condutor Dormindo";"Colisão com objeto estático";"Sem Vítimas";"Pleno dia";"Crescente";"Céu Claro";"Simples";"Reta";"Não";1;0;0;0;1;0;0;1;-20,85844084;-40,87635309;"SPRF-ES";"DEL03-ES";"UOP02-DEL03-ES"
140733;2018-06-17;"domingo";"07:25:00";"GO";40;53;"LUZIANIA";"Falta de Atenção à Condução";"Saída de leito carroçável";"Sem Vítimas";"Pleno dia";"Crescente";"Céu Claro";"Dupla";"Declive";"Não";1;0;0;0;0;1;0;1;-16,468106;-47,807867;"SPRF-DF";"DEL01-DF";"UOP02-DEL01-DF"
140736;2018-06-17;"domingo";"10:45:00";"SP";153;280,1;"OCAUCU";"Falta de Atenção à Condução";"Colisão transversal";"Com Vítimas Fatais";"Pleno dia";"Crescente";"Sol";"Simples";"Reta;Interseção de Vias";"Não";2;1;0;0;1;0;0;2;-22,41547195;-49,86110687;"SPRF-SP";"DEL07-SP";"UOP02-DEL07-SP"
140737;2018-06-17;"domingo";"10:25:00";"PE";101;48;"ABREU E LIMA";"Falta de Atenção à Condução";"Colisão traseira";"Com Vítimas Feridas";"Pleno dia";"Decrescente";"Céu Claro";"Dupla";"Reta";"Sim";2;0;1;0;1;0;1;2;-7,8991767;-34,9022347;"SPRF-PE";"DEL01-PE";"UOP02-DEL01-PE"
140740;2018-06-17;"domingo";"10:25:00";"CE";222;158,3;"IRAUCUBA";"Falta de Atenção à Condução";"Capotamento";"Com Vítimas Fatais";"Pleno dia";"Decrescente";"Céu Claro";"Simples";"Reta";"Não";4;1;1;1;0;1;2;3;-3,740107;-39,858837;"SPRF-CE";"DEL04-CE";"UOP03-DEL04-CE"
140741;2018-06-17;"domingo";"10:30:00";"RJ";40;119,8;"DUQUE DE CAXIAS";"Falta de Atenção à Condução";"Colisão com objeto estático";"Com Vítimas Feridas";"Pleno dia";"Crescente";"Céu Claro";"Múltipla";"Interseção de Vias";"Sim";1;0;1;0;0;0;1;1;-22,76898965;-43,28648686;"SPRF-RJ";"DEL01-RJ";"UOP01-DEL01-RJ"
140743;2018-06-17;"domingo";"11:40:00";"MG";40;461,6;"SETE LAGOAS";"Não guardar distância de segurança";"Saída de leito carroçável";"Com Vítimas Feridas";"Pleno dia";"Decrescente";"Céu Claro";"Dupla";"Reta";"Não";5;0;2;0;2;1;2;2;-19,411;-44,335;"SPRF-MG";"DEL02-MG";"UOP01-DEL02-MG"
140744;2018-06-17;"domingo";"10:30:00";"BA";242;750;"BARREIRAS";"Desobediência às normas de trânsito pelo condutor";"Colisão lateral";"Com Vítimas Feridas";"Pleno dia";"Crescente";"Céu Claro";"Simples";"Reta";"Não";2;0;0;2;0;0;2;2;-12,159015;-44,647045;"SPRF-BA";"DEL10-BA";"UOP01-DEL10-BA"
140745;2018-06-17;"domingo";"10:00:00";"SP";381;71;"MAIRIPORA";"Velocidade Incompatível";"Tombamento";"Com Vítimas Feridas";"Pleno dia";"Decrescente";"Céu Claro";"Dupla";"Túnel";"Não";2;0;0;1;0;1;1;2;-23,355701;-46,548745;"SPRF-SP";"DEL03-SP";"DEL6/3-UOP03/SP"
140746;2018-06-17;"domingo";"11:50:00";"RJ";40;26,8;"TRES RIOS";"Falta de Atenção à Condução";"Atropelamento de Pedestre";"Com Vítimas Feridas";"Pleno dia";"Crescente";"Céu Claro";"Dupla";"Curva";"Não";6;0;0;1;4;1;1;2;-22,17303911;-43,1649667;"SPRF-RJ";"DEL06-RJ";"UOP02-DEL05-RJ"
140747;2018-06-17;"domingo";"11:50:00";"MG";40;421,4;"CURVELO";"Defeito Mecânico no Veículo";"Queda de ocupante de veículo";"Com Vítimas Feridas";"Pleno dia";"Decrescente";"Céu Claro";"Simples";"Reta";"Não";2;0;2;0;0;0;2;1;-19,154;-44,551;"SPRF-MG";"DEL02-MG";"UOP01-DEL02-MG"
140748;2018-06-17;"domingo";"11:20:00";"RS";285;550;"SAO LUIZ GONZAGA";"Condutor Dormindo";"Saída de leito carroçável";"Com Vítimas Feridas";"Pleno dia";"Crescente";"Céu Claro";"Simples";"Reta";"Não";4;0;4;0;0;0;4;1;-28,416843;-54,79343;"SPRF-RS";"DEL10-RS";"UOP01-DEL10-RS"
140750;2018-06-17;"domingo";"12:10:00";"RN";427;31;"ACARI";"Condutor Dormindo";"Saída de leito carroçável";"Com Vítimas Feridas";"Pleno dia";"Decrescente";"Sol";"Simples";"Reta";"Não";2;0;0;1;1;0;1;1;-6,46376;-36,641602;"SPRF-RN";"DEL03-RN";"UOP02-DEL03-RN"
140751;2018-06-17;"domingo";"12:20:00";"SC";282;3,5;"FLORIANOPOLIS";"Agressão Externa";"Saída de leito carroçável";"Com Vítimas Feridas";"Pleno dia";"Crescente";"Céu Claro";"Múltipla";"Reta";"Sim";1;0;1;0;0;0;1;1;-27,59627707;-48,6006403;"SPRF-SC";"DEL01-SC";"UOP01-DEL01-SC"
140753;2018-06-17;"domingo";"12:55:00";"SE";101;134,4;"ESTANCIA";"Velocidade Incompatível";"Saída de leito carroçável";"Com Vítimas Feridas";"Pleno dia";"Crescente";"Chuva";"Dupla";"Reta";"Não";3;0;2;0;1;0;2;1;-11,1395;-37,391;"SPRF-SE";"DEL02-SE";"UOP01-DEL02-SE"
140754;2018-06-17;"domingo";"09:30:00";"GO";153;296,5;"RIALMA";"Velocidade Incompatível";"Capotamento";"Com Vítimas Feridas";"Pleno dia";"Crescente";"Céu Claro";"Simples";"Reta";"Não";1;0;1;0;0;0;1;1;-15,255246;-49,550171;"SPRF-GO";"DEL02-GO";"UOP02-DEL02-GO"
140757;2018-06-17;"domingo";"12:30:00";"PB";230;68;"SOBRADO";"Agressão Externa";"Tombamento";"Com Vítimas Feridas";"Pleno dia";"Crescente";"Nublado";"Dupla";"Reta";"Não";7;0;3;1;1;2;4;2;-7,19154968;-35,23175955;"SPRF-PB";"DEL01-PB";"UOP03-DEL01-PB"
140759;2018-06-17;"domingo";"13:00:00";"SC";101;107,2;"PENHA";"Falta de Atenção à Condução";"Queda de ocupante de veículo";"Com Vítimas Feridas";"Pleno dia";"Decrescente";"Céu Claro";"Dupla";"Reta";"Não";1;0;1;0;0;0;1;1;-26,8213612;-48,68482947;"SPRF-SC";"DEL03-SC";"UOP02-DEL03-SC"
140760;2018-06-17;"domingo";"13:20:00";"CE";222;1,8;"FORTALEZA";"Falta de Atenção do Pedestre";"Atropelamento de Pedestre";"Com Vítimas Feridas";"Pleno dia";"Crescente";"Céu Claro";"Simples";"Reta";"Sim";2;0;1;0;1;0;1;2;-3,73859664;-38,585186;"SPRF-CE";"DEL01-CE";"UOP01-DEL01-CE"
140762;2018-06-17;"domingo";"12:35:00";"PI";343;333;"TERESINA";"Mal Súbito";"Queda de ocupante de veículo";"Sem Vítimas";"Pleno dia";"Crescente";"Céu Claro";"Simples";"Reta";"Sim";1;0;0;0;1;0;0;1;-5,05567772;-42,68001057;"SPRF-PI";"DEL01-PI";"UOP01-DEL01-PI"
140763;2018-06-17;"domingo";"12:50:00";"RN";427;99,7;"CAICO";"Não guardar distância de segurança";"Colisão traseira";"Com Vítimas Feridas";"Pleno dia";"Crescente";"Céu Claro";"Simples";"Reta";"Sim";3;0;2;0;1;0;2;2;-6,46043272;-37,10567951;"SPRF-RN";"DEL03-RN";"UOP01-DEL03-RN"
140764;2018-06-17;"domingo";"12:10:00";"MG";381;348;"BELA VISTA DE MINAS";"Velocidade Incompatível";"Tombamento";"Com Vítimas Feridas";"Pleno dia";"Crescente";"Céu Claro";"Simples";"Curva";"Não";1;0;1;0;0;0;1;1;-19,83776822;-43,09552968;"SPRF-MG";"DEL03-MG";"UOP01-DEL03-MG"
140765;2018-06-17;"domingo";"11:30:00";"MT";364;269;"JACIARA";"Falta de Atenção à Condução";"Colisão traseira";"Com Vítimas Feridas";"Pleno dia";"Decrescente";"Céu Claro";"Simples";"Reta";"Não";2;0;1;0;0;1;1;2;-15,974228;-54,938;"SPRF-MT";"DEL02-MT";"UOP02-DEL05-MT"
140766;2018-06-17;"domingo";"09:10:00";"SC";470;196;"POUSO REDONDO";"Velocidade Incompatível";"Colisão com objeto estático";"Com Vítimas Feridas";"Pleno dia";"Decrescente";"Chuva";"Simples";"Curva";"Não";2;0;1;0;1;0;1;1;-27,30257967;-50,08409232;"SPRF-SC";"DEL04-SC";"UOP02-DEL04-SC"
140768;2018-06-17;"domingo";"14:45:00";"MG";381;361;"JOAO MONLEVADE";"Falta de Atenção do Pedestre";"Atropelamento de Pedestre";"Com Vítimas Feridas";"Pleno dia";"Crescente";"Nublado";"Simples";"Reta";"Não";2;0;1;0;1;0;1;2;-19,83909029;-43,19531322;"SPRF-MG";"DEL03-MG";"UOP01-DEL03-MG"
140769;2018-06-17;"domingo";"14:00:00";"SP";116;142;"SAO JOSE DOS CAMPOS";"Falta de Atenção à Condução";"Colisão com objeto estático";"Com Vítimas Feridas";"Pleno dia";"Crescente";"Céu Claro";"Dupla";"Reta";"Não";1;0;1;0;0;0;1;1;-23,174294;-45,829464;"SPRF-SP";"DEL06-SP";"UOP02-DEL02-SP"
140770;2018-06-17;"domingo";"14:40:00";"PR";277;269,2;"PRUDENTOPOLIS";"Falta de Atenção à Condução";"Saída de leito carroçável";"Com Vítimas Feridas";"Pleno dia";"Crescente";"Céu Claro";"Simples";"Reta";"Não";1;0;1;0;0;0;1;1;-25,37441503;-50,88767141;"SPRF-PR";"DEL03-PR";"UOP02-DEL08-PR"
140771;2018-06-17;"domingo";"14:50:00";"SC";101;215,5;"PALHOCA";"Não guardar distância de segurança";"Colisão traseira";"Com Vítimas Feridas";"Pleno dia";"Decrescente";"Nublado";"Dupla";"Viaduto";"Sim";2;0;1;0;1;0;1;2;-27,6601;-48,6774;"SPRF-SC";"DEL01-SC";"UOP02-DEL01-SC"
140772;2018-06-17;"domingo";"14:55:00";"PR";376;178,8;"MARINGA";"Desobediência às normas de trânsito pelo condutor";"Colisão transversal";"Com Vítimas Feridas";"Pleno dia";"Decrescente";"Sol";"Dupla";"Reta;Retorno Regulamentado";"Sim";4;0;1;0;3;0;1;2;-23,41880837;-51,91431013;"SPRF-PR";"DEL07-PR";"UOP01-DEL09-PR"
140774;2018-06-17;"domingo";"14:45:00";"MS";163;327;"RIO BRILHANTE";"Avarias e/ou desgaste excessivo no pneu";"Queda de ocupante de veículo";"Com Vítimas Feridas";"Pleno dia";"Crescente";"Céu Claro";"Simples";"Reta";"Não";2;0;1;0;1;0;1;1;-21,762556;-54,522522;"SPRF-MS";"DEL02-MS";"UOP02-DEL02-MS"
140775;2018-06-17;"domingo";"15:35:00";"DF";20;56,3;"BRASILIA";"Condutor Dormindo";"Saída de leito carroçável";"Com Vítimas Feridas";"Pleno dia";"Crescente";"Céu Claro";"Dupla";"Reta";"Não";2;0;1;0;1;0;1;1;-15,58441049;-47,36467101;"SPRF-DF";"DEL02-DF";"UOP01-DEL02-DF"
140777;2018-06-17;"domingo";"15:25:00";"PR";116;117,5;"CURITIBA";"Falta de Atenção à Condução";"Colisão traseira";"Com Vítimas Feridas";"Pleno dia";"Crescente";"Nublado";"Múltipla";"Declive";"Sim";4;0;2;0;2;0;2;1;-25,54894643;-49,30492401;"SPRF-PR";"DEL01-PR";"UOP07-DEL01-PR"
140778;2018-06-17;"domingo";"14:45:00";"MS";163;43,7;"ELDORADO";"Falta de Atenção à Condução";"Capotamento";"Com Vítimas Feridas";"Pleno dia";"Crescente";"Sol";"Simples";"Reta";"Não";1;0;1;0;0;0;1;1;-23,75859478;-54,26869536;"SPRF-MS";"DEL09-MS";"UOP02-DEL09-MS"
140779;2018-06-17;"domingo";"11:40:00";"PE";423;71,5;"JUPI";"Desobediência às normas de trânsito pelo condutor";"Colisão transversal";"Com Vítimas Feridas";"Pleno dia";"Decrescente";"Nublado";"Simples";"Aclive;Reta";"Não";3;0;0;2;1;0;2;2;-8,692555;-36,411686;"SPRF-PE";"DEL03-PE";"UOP01-DEL03-PE"
140780;2018-06-17;"domingo";"07:00:00";"RJ";101;296;"ITABORAI";"Velocidade Incompatível";"Colisão lateral";"Com Vítimas Feridas";"Pleno dia";"Crescente";"Nublado";"Simples";"Reta";"Sim";2;0;1;0;1;0;1;2;-22,767054;-42,910255;"SPRF-RJ";"DEL02-RJ";"DEL5/2-UOP04/RJ"
140784;2018-06-17;"domingo";"16:45:00";"SC";101;140;"ITAPEMA";"Ingestão de Álcool";"Colisão lateral";"Sem Vítimas";"Pleno dia";"Crescente";"Nublado";"Dupla";"Aclive";"Sim";2;0;0;0;2;0;0;2;-27,0918;-48,6168;"SPRF-SC";"DEL04-SC";"UOP03-DEL04-SC"
140788;2018-06-17;"domingo";"14:30:00";"SC";280;118;"SAO BENTO DO SUL";"Velocidade Incompatível";"Saída de leito carroçável";"Com Vítimas Feridas";"Pleno dia";"Decrescente";"Nublado";"Simples";"Curva";"Sim";1;0;0;1;0;0;1;1;-26,266068;-49,424683;"SPRF-SC";"DEL06-SC";"UOP03-DEL06-SC"
140789;2018-06-17;"domingo";"14:00:00";"SC";282;351,8;"CAMPOS NOVOS";"Velocidade Incompatível";"Colisão com objeto estático";"Com Vítimas Fatais";"Pleno dia";"Decrescente";"Céu Claro";"Simples";"Rotatória";"Não";1;1;0;0;0;0;0;1;-27,3614436;-51,30193591;"SPRF-SC";"DEL07-SC";"UOP06-DEL07-SC"
140793;2018-06-17;"domingo";"17:25:00";"GO";60;46;"APARECIDA DE GOIANIA";"Falta de Atenção à Condução";"Colisão traseira";"Com Vítimas Feridas";"Anoitecer";"Decrescente";"Céu Claro";"Dupla";"Reta";"Sim";3;0;1;0;1;1;1;3;-16,78284816;-49,29153442;"SPRF-GO";"DEL01-GO";"UOP03-DEL01-GO"
140794;2018-06-17;"domingo";"16:30:00";"SC";282;80;"RANCHO QUEIMADO";"Velocidade Incompatível";"Colisão lateral";"Com Vítimas Feridas";"Pleno dia";"Crescente";"Garoa/Chuvisco";"Simples";"Curva";"Não";3;0;1;0;2;0;1;2;-27,66329927;-49,15939808;"SPRF-SC";"DEL01-SC";"UOP03-DEL01-SC"
140797;2018-06-17;"domingo";"14:50:00";"PR";277;343;"GUARAPUAVA";"Velocidade Incompatível";"Colisão traseira";"Com Vítimas Feridas";"Pleno dia";"Decrescente";"Céu Claro";"Dupla";"Reta;Declive";"Sim";3;0;1;2;0;0;3;3;-25,35967473;-51,46700978;"SPRF-PR";"DEL03-PR";"UOP01-DEL08-PR"
140798;2018-06-17;"domingo";"17:30:00";"ES";101;268;"SERRA";"Falta de Atenção do Pedestre";"Atropelamento de Pedestre";"Com Vítimas Feridas";"Anoitecer";"Crescente";"Céu Claro";"Múltipla";"Reta";"Sim";3;0;0;1;1;1;1;2;-20,20437352;-40,26920557;"SPRF-ES";"DEL02-ES";"UOP01-DEL02-ES"
140799;2018-06-17;"domingo";"17:30:00";"MG";381;423;"CAETE";"Mal Súbito";"Colisão com objeto estático";"Com Vítimas Feridas";"Anoitecer";"Crescente";"Nublado";"Simples";"Curva;Em Obras";"Sim";1;0;1;0;0;0;1;1;-19,74796304;-43,62184346;"SPRF-MG";"DEL01-MG";"UOP01-DEL01-MG"
140800;2018-06-17;"domingo";"17:10:00";"PR";153;330,4;"IRATI";"Desobediência às normas de trânsito pelo condutor";"Colisão lateral";"Sem Vítimas";"Pleno dia";"Decrescente";"Nublado";"Dupla";"Retorno Regulamentado;Reta";"Sim";2;0;0;0;2;0;0;2;-25,45920337;-50,62166394;"SPRF-PR";"DEL03-PR";"UOP02-DEL08-PR"
140802;2018-06-17;"domingo";"17:15:00";"MG";262;665,9;"ARAXA";"Condutor Dormindo";"Saída de leito carroçável";"Com Vítimas Feridas";"Anoitecer";"Crescente";"Céu Claro";"Simples";"Reta";"Não";4;0;3;1;0;0;4;1;-19,555191;-46,887192;"SPRF-MG";"DEL08-MG";"UOP01-DEL08-MG"
140803;2018-06-17;"domingo";"17:25:00";"RS";116;229;"DOIS IRMAOS";"Desobediência às normas de trânsito pelo condutor";"Colisão transversal";"Com Vítimas Feridas";"Anoitecer";"Crescente";"Nublado";"Simples";"Interseção de Vias";"Sim";3;0;1;1;1;0;2;2;-29,6213892;-51,1275025;"SPRF-RS";"DEL05-RS";"UOP02-DEL05-RS"
140805;2018-06-17;"domingo";"18:00:00";"PB";405;31,6;"SAO JOAO DO RIO DO PEIXE";"Desobediência às normas de trânsito pelo pedestre";"Atropelamento de Pedestre";"Com Vítimas Fatais";"Plena Noite";"Decrescente";"Nublado";"Simples";"Reta";"Sim";2;1;0;0;0;1;0;2;-6,715598;-38,448819;"SPRF-PB";"DEL03-PB";"UOP03-DEL03-PB"
140807;2018-06-17;"domingo";"18:15:00";"BA";324;615;"SALVADOR";"Falta de Atenção do Pedestre";"Atropelamento de Pedestre";"Com Vítimas Feridas";"Plena Noite";"Crescente";"Nublado";"Dupla";"Curva";"Sim";2;0;1;0;1;0;1;2;-12,885766;-38,437456;"SPRF-BA";"DEL01-BA";"UOP01-DEL01-BA"
140810;2018-06-17;"domingo";"17:45:00";"MS";163;124;"NAVIRAI";"Avarias e/ou desgaste excessivo no pneu";"Saída de leito carroçável";"Com Vítimas Feridas";"Anoitecer";"Crescente";"Ignorado";"Simples";"Reta";"Não";2;0;1;0;1;0;1;1;-23,07977124;-54,22758222;"SPRF-MS";"DEL09-MS";"UOP01-DEL09-MS"
140811;2018-06-17;"domingo";"18:30:00";"TO";230;112;"ARAGUATINS";"Desobediência às normas de trânsito pelo condutor";"Colisão traseira";"Com Vítimas Feridas";"Plena Noite";"Crescente";"Céu Claro";"Simples";"Reta";"Não";2;0;0;1;1;0;1;2;-5,899653;-47,933205;"SPRF-TO";"DEL02-TO";"UOP03-DEL02-TO"
140812;2018-06-17;"domingo";"17:55:00";"PB";230;33;"BAYEUX";"Ingestão de Álcool";"Colisão traseira";"Com Vítimas Feridas";"Plena Noite";"Decrescente";"Nublado";"Dupla";"Reta";"Sim";2;0;1;0;1;0;1;2;-7,138641;-34,924261;"SPRF-PB";"DEL01-PB";"UOP01-DEL01-PB"
140813;2018-06-17;"domingo";"18:30:00";"SC";282;1;"FLORIANOPOLIS";"Avarias e/ou desgaste excessivo no pneu";"Queda de ocupante de veículo";"Com Vítimas Feridas";"Plena Noite";"Crescente";"Nublado";"Dupla";"Aclive";"Sim";2;0;2;0;0;0;2;1;-27,602955;-48,580509;"SPRF-SC";"DEL01-SC";"UOP01-DEL01-SC"
140814;2018-06-17;"domingo";"18:50:00";"DF";20;12,3;"BRASILIA";"Ingestão de Álcool";"Colisão traseira";"Sem Vítimas";"Plena Noite";"Crescente";"Céu Claro";"Dupla";"Reta";"Não";2;0;0;0;2;0;0;2;-15,65575709;-47,74850249;"SPRF-DF";"DEL02-DF";"UOP01-DEL02-DF"
140816;2018-06-17;"domingo";"18:45:00";"RN";304;47;"MOSSORO";"Desobediência às normas de trânsito pelo condutor";"Colisão traseira";"Com Vítimas Feridas";"Plena Noite";"Crescente";"Nublado";"Dupla";"Reta";"Sim";2;0;1;0;1;0;1;2;-5,2260293;-37,3331474;"SPRF-RN";"DEL04-RN";"UOP01-DEL04-RN"
140817;2018-06-17;"domingo";"18:50:00";"CE";116;3;"FORTALEZA";"Não guardar distância de segurança";"Colisão traseira";"Com Vítimas Feridas";"Anoitecer";"Decrescente";"Céu Claro";"Dupla";"Viaduto;Curva;Declive";"Sim";3;0;0;1;1;1;1;3;-3,7782964;-38,5144554;"SPRF-CE";"DEL01-CE";"UOP02-DEL01-CE"
140818;2018-06-17;"domingo";"18:45:00";"CE";222;10,6;"CAUCAIA";"Desobediência às normas de trânsito pelo condutor";"Colisão frontal";"Com Vítimas Feridas";"Plena Noite";"Crescente";"Céu Claro";"Simples";"Reta";"Sim";2;0;1;0;1;0;1;2;-3,73537766;-38,66324963;"SPRF-CE";"DEL01-CE";"UOP01-DEL01-CE"
140819;2018-06-17;"domingo";"19:00:00";"BA";110;343,7;"ALAGOINHAS";"Deficiência ou não Acionamento do Sistema de Iluminação/Sinalização do Veículo";"Colisão transversal";"Com Vítimas Feridas";"Plena Noite";"Decrescente";"Chuva";"Simples";"Interseção de Vias";"Não";2;0;0;1;1;0;1;2;-12,19125587;-38,41873884;"SPRF-BA";"DEL01-BA";"UOP04-DEL01-BA"
140821;2018-06-17;"domingo";"19:20:00";"PR";376;1;"MARINGA";"Defeito na Via";"Queda de ocupante de veículo";"Com Vítimas Feridas";"Plena Noite";"Crescente";"Céu Claro";"Dupla";"Reta";"Não";1;0;1;0;0;0;1;1;-23,4273;-51,9375;"SPRF-PR";"DEL07-PR";"UOP01-DEL09-PR"
140822;2018-06-17;"domingo";"19:00:00";"ES";101;270;"SERRA";"Desobediência às normas de trânsito pelo condutor";"Colisão transversal";"Com Vítimas Feridas";"Plena Noite";"Crescente";"Céu Claro";"Dupla";"Interseção de Vias";"Sim";5;0;2;0;1;2;2;4;-20,23040888;-40,27319133;"SPRF-ES";"DEL02-ES";"UOP01-DEL02-ES"
140825;2018-06-17;"domingo";"19:30:00";"MG";40;349,1;"FELIXLANDIA";"Desobediência às normas de trânsito pelo condutor";"Capotamento";"Com Vítimas Feridas";"Plena Noite";"Crescente";"Céu Claro";"Simples";"Declive;Curva";"Não";5;0;5;0;0;0;5;1;-18,719067;-44,945805;"SPRF-MG";"DEL02-MG";"UOP01-DEL02-MG"
140826;2018-06-17;"domingo";"19:38:00";"CE";116;19;"EUSEBIO";"Ingestão de Álcool";"Colisão traseira";"Sem Vítimas";"Plena Noite";"Decrescente";"Céu Claro";"Múltipla";"Reta";"Sim";2;0;0;0;2;0;0;2;-3,92316593;-38,50741657;"SPRF-CE";"DEL01-CE";"UOP02-DEL01-CE"
140828;2018-06-17;"domingo";"20:00:00";"BA";324;1,7;"FEIRA DE SANTANA";"Objeto estático sobre o leito carroçável";"Colisão com objeto estático";"Com Vítimas Feridas";"Plena Noite";"Crescente";"Céu Claro";"Dupla";"Reta";"Sim";2;0;2;0;0;0;2;1;-12,2854113;-38,95146847;"SPRF-BA";"DEL02-BA";"UOP01-DEL02-BA"
140830;2018-06-17;"domingo";"19:10:00";"GO";60;45;"APARECIDA DE GOIANIA";"Ingestão de Álcool";"Colisão transversal";"Sem Vítimas";"Plena Noite";"Crescente";"Nublado";"Dupla";"Interseção de Vias";"Sim";2;0;0;0;2;0;0;2;-16,8101;-49,2397;"SPRF-GO";"DEL01-GO";"UOP03-DEL01-GO"
140831;2018-06-17;"domingo";"19:45:00";"GO";50;106,1;"CRISTALINA";"Falta de Atenção à Condução";"Colisão com objeto estático";"Com Vítimas Feridas";"Plena Noite";"Decrescente";"Céu Claro";"Dupla";"Curva";"Não";2;0;2;0;0;0;2;1;-16,9309;-47,7117;"SPRF-DF";"DEL01-DF";"UOP02-DEL01-DF"
140832;2018-06-17;"domingo";"20:00:00";"SE";235;73,4;"FREI PAULO";"Falta de Atenção à Condução";"Atropelamento de Pedestre";"Com Vítimas Feridas";"Plena Noite";"Decrescente";"Céu Claro";"Simples";"Reta";"Sim";2;0;1;1;0;0;2;2;-10,545807;-37,53688;"SPRF-SE";"DEL01-SE";"UOP02-DEL01-SE"
140833;2018-06-17;"domingo";"19:40:00";"MG";381;485;"BETIM";"Falta de Atenção à Condução";"Tombamento";"Com Vítimas Feridas";"Plena Noite";"Crescente";"Céu Claro";"Dupla";"Curva";"Sim";1;0;0;1;0;0;1;1;-19,9561;-44,1064;"SPRF-MG";"DEL01-MG";"UOP03-DEL01-MG"
140835;2018-06-17;"domingo";"20:20:00";"SP";116;226;"GUARULHOS";"Não guardar distância de segurança";"Colisão traseira";"Com Vítimas Feridas";"Plena Noite";"Crescente";"Céu Claro";"Múltipla";"Reta";"Não";2;0;1;0;1;0;1;2;-23,49024837;-46,5482828;"SPRF-SP";"DEL01-SP";"UOP01-DEL01-SP"