"id";"data_inversa";"dia_semana";"horario";"uf";"br";"km";"municipio";"causa_acidente";"tipo_acidente";"classificacao_acidente";"fase_dia";"sentido_via";"condicao_metereologica";"tipo_pista";"tracado_via";"uso_solo";"pessoas";"mortos";"feridos_leves";"feridos_graves";"ilesos";"ignorados";"feridos";"veiculos";"latitude";"longitude";"regional";"delegacia";"uop"
140836;2018-06-17;"domingo";"18:56:00";"RJ";101;331;"RIO DE JANEIRO";"Velocidade Incompatível";"Tombamento";"Com Vítimas Feridas";"Plena Noite";"Decrescente";"Céu Claro";"Dupla";"Reta";"Não";2;0;0;1;1;0;1;2;-22,867664;-43,19556;"SPRF-RJ";"DEL02-RJ";"UOP02-DEL02-RJ"
140837;2018-06-17;"domingo";"20:35:00";"SP";153;72,1;"SAO JOSE DO RIO PRETO";"Falta de Atenção à Condução";"Colisão transversal";"Com Vítimas Feridas";"Plena Noite";"Crescente";"Céu Claro";"Simples";"Reta";"Não";4;0;0;2;1;1;2;3;-20,867146;-49,413338;"SPRF-SP";"DEL09-SP";"UOP01-DEL09-SP"
140838;2018-06-17;"domingo";"20:40:00";"DF";80;16,9;"BRASILIA";"Ultrapassagem Indevida";"Saída de leito carroçável";"Com Vítimas Feridas";"Plena Noite";"Decrescente";"Céu Claro";"Simples";"Reta;Declive";"Não";2;0;2;0;0;0;2;2;-15,6929136;-48,20476402;"SPRF-DF";"DEL01-DF";"UOP02-DEL03-DF"
140839;2018-06-17;"domingo";"20:51:00";"PR";376;176;"MARINGA";"Ingestão de Álcool";"Colisão traseira";"Com Vítimas Feridas";"Plena Noite";"Decrescente";"Céu Claro";"Dupla";"Reta";"Sim";2;0;1;0;1;0;1;2;-23,412489;-51,932325;"SPRF-PR";"DEL07-PR";"UOP01-DEL09-PR"
140840;2018-06-17;"domingo";"20:10:00";"PR";277;18;"PARANAGUA";"Falta de Atenção à Condução";"Queda de ocupante de veículo";"Com Vítimas Feridas";"Plena Noite";"Decrescente";"Nublado";"Dupla";"Reta";"Não";1;0;1;0;0;0;1;1;-25,54445495;-48,68239403;"SPRF-PR";"DEL01-PR";"UOP05-DEL01-PR"
140841;2018-06-17;"domingo";"19:25:00";"GO";60;29,5;"ALEXANIA";"Objeto estático sobre o leito carroçável";"Capotamento";"Com Vítimas Feridas";"Plena Noite";"Decrescente";"Vento";"Dupla";"Reta";"Não";3;0;3;0;0;0;3;1;-16,0963;-48,5202;"SPRF-DF";"DEL01-DF";"UOP01-DEL03-DF"
140842;2018-06-17;"domingo";"18:55:00";"MG";116;544;"SANTA RITA DE MINAS";"Falta de Atenção à Condução";"Colisão traseira";"Com Vítimas Feridas";"Plena Noite";"Decrescente";"Nublado";"Simples";"Reta;Aclive";"Não";2;0;1;0;1;0;1;2;-19,894363;-42,133966;"SPRF-MG";"DEL06-MG";"UOP02-DEL06-MG"
140844;2018-06-17;"domingo";"20:15:00";"SC";280;14,2;"SAO FRANCISCO DO SUL";"Ingestão de Álcool";"Colisão frontal";"Com Vítimas Feridas";"Plena Noite";"Decrescente";"Nublado";"Simples";"Interseção de Vias";"Não";3;0;2;0;1;0;2;2;-26,33159536;-48,65196705;"SPRF-SC";"DEL03-SC";"UOP03-DEL03-SC"
140845;2018-06-17;"domingo";"19:00:00";"ES";101;113,3;"SOORETAMA";"Falta de Atenção à Condução";"Queda de ocupante de veículo";"Com Vítimas Feridas";"Plena Noite";"Decrescente";"Céu Claro";"Simples";"Reta";"Não";1;0;1;0;0;0;1;1;-19,0895934;-40,04816929;"SPRF-ES";"DEL04-ES";"UOP01-DEL04-ES"
140846;2018-06-17;"domingo";"21:18:00";"BA";407;2;"JUAZEIRO";"Falta de Atenção do Pedestre";"Atropelamento de Pedestre";"Sem Vítimas";"Plena Noite";"Crescente";"Céu Claro";"Simples";"Reta";"Sim";3;0;0;0;1;2;0;2;-9,425099;-40,503536;"SPRF-PE";"DEL06-PE";"UOP01-DEL06-PE"
140847;2018-06-17;"domingo";"21:20:00";"SE";101;93,9;"NOSSA SENHORA DO SOCORRO";"Condutor Dormindo";"Colisão com objeto estático";"Com Vítimas Fatais";"Plena Noite";"Decrescente";"Chuva";"Dupla";"Rotatória";"Sim";1;1;0;0;0;0;0;1;-10,9116;-37,1585;"SPRF-SE";"DEL01-SE";"UOP01-DEL01-SE"
140849;2018-06-17;"domingo";"21:30:00";"RS";116;268,5;"CANOAS";"Velocidade Incompatível";"Saída de leito carroçável";"Com Vítimas Fatais";"Plena Noite";"Decrescente";"Céu Claro";"Dupla";"Reta";"Sim";2;1;0;1;0;0;1;1;-29,95091874;-51,17648363;"SPRF-RS";"DEL01-RS";"UOP01-DEL01-RS"
140851;2018-06-17;"domingo";"21:30:00";"SC";101;208;"SAO JOSE";"Velocidade Incompatível";"Colisão traseira";"Com Vítimas Feridas";"Plena Noite";"Crescente";"Nublado";"Múltipla";"Reta";"Sim";6;0;2;0;4;0;2;4;-27,6101;-48,6388;"SPRF-SC";"DEL01-SC";"UOP01-DEL01-SC"
140853;2018-06-17;"domingo";"21:45:00";"SC";470;12;"NAVEGANTES";"Desobediência às normas de trânsito pelo condutor";"Colisão lateral";"Com Vítimas Feridas";"Plena Noite";"Crescente";"Garoa/Chuvisco";"Simples";"Reta;Interseção de Vias";"Não";2;0;1;0;1;0;1;2;-26,83355859;-48,73638153;"SPRF-SC";"DEL04-SC";"UOP04-DEL04-SC"
140855;2018-06-17;"domingo";"20:00:00";"RR";432;209;"CANTA";"Restrição de Visibilidade";"Colisão traseira";"Com Vítimas Feridas";"Plena Noite";"Decrescente";"Céu Claro";"Simples";"Reta";"Não";1;0;1;0;0;0;1;1;2,737456;-60,608306;"SPRF-RR";"DEL01-RR";"UOP01-DEL01-RR"
140856;2018-06-17;"domingo";"21:45:00";"SC";470;92,2;"APIUNA";"Ingestão de Álcool";"Colisão frontal";"Com Vítimas Feridas";"Plena Noite";"Crescente";"Nublado";"Simples";"Reta";"Não";3;0;1;0;2;0;1;2;-26,98736819;-49,37361002;"SPRF-SC";"DEL04-SC";"UOP01-DEL04-SC"
140857;2018-06-17;"domingo";"21:20:00";"CE";116;143,7;"RUSSAS";"Falta de Atenção à Condução";"Queda de ocupante de veículo";"Com Vítimas Feridas";"Plena Noite";"Crescente";"Céu Claro";"Simples";"Reta";"Não";3;0;0;2;0;1;2;2;-4,78579471;-38,05483818;"SPRF-CE";"DEL03-CE";"UOP01-DEL03-CE"
140858;2018-06-17;"domingo";"18:10:00";"RJ";40;21;"TRES RIOS";"Velocidade Incompatível";"Saída de leito carroçável";"Sem Vítimas";"Plena Noite";"Decrescente";"Céu Claro";"Simples";"Retorno Regulamentado";"Sim";2;0;0;0;2;0;0;1;-22,11776745;-43,15762818;"SPRF-RJ";"DEL06-RJ";"UOP02-DEL05-RJ"
140859;2018-06-17;"domingo";"22:00:00";"RS";116;236;"ESTANCIA VELHA";"Velocidade Incompatível";"Saída de leito carroçável";"Com Vítimas Feridas";"Plena Noite";"Crescente";"Nublado";"Múltipla";"Reta";"Sim";3;0;1;0;1;1;1;2;-29,6670751;-51,143854;"SPRF-RS";"DEL01-RS";"UOP02-DEL01-RS"
140861;2018-06-17;"domingo";"19:05:00";"RO";364;571;"ITAPUA DO OESTE";"Falta de Atenção à Condução";"Saída de leito carroçável";"Com Vítimas Feridas";"Plena Noite";"Crescente";"Céu Claro";"Simples";"Reta";"Não";2;0;0;1;0;1;1;2;-9,472481;-63,101765;"SPRF-RO";"DEL03-RO";"UOP04-DEL01-RO"
140862;2018-06-17;"domingo";"22:00:00";"PA";230;117;"MARABA";"Ingestão de Álcool";"Colisão transversal";"Com Vítimas Feridas";"Plena Noite";"Crescente";"Céu Claro";"Dupla";"Interseção de Vias";"Sim";2;0;0;1;1;0;1;2;-5,355693;-49,090485;"SPRF-PA";"DEL03-PA";"UOP01-DEL03-PA"
140863;2018-06-17;"domingo";"22:10:00";"ES";262;129,9;"BREJETUBA";"Velocidade Incompatível";"Colisão lateral";"Sem Vítimas";"Plena Noite";"Decrescente";"Céu Claro";"Simples";"Curva";"Não";2;0;0;0;2;0;0;2;-20,26041562;-41,29438877;"SPRF-ES";"DEL01-ES";"UOP02-DEL01-ES"
140864;2018-06-17;"domingo";"22:10:00";"SC";101;132;"BALNEARIO CAMBORIU";"Não guardar distância de segurança";"Colisão traseira";"Sem Vítimas";"Plena Noite";"Decrescente";"Céu Claro";"Dupla";"Reta";"Sim";2;0;0;0;2;0;0;2;-26,9992;-48,646;"SPRF-SC";"DEL04-SC";"UOP03-DEL04-SC"
140866;2018-06-17;"domingo";"21:30:00";"PI";135;190;"ELISEU MARTINS";"Desobediência às normas de trânsito pelo condutor";"Saída de leito carroçável";"Com Vítimas Feridas";"Plena Noite";"Decrescente";"Céu Claro";"Simples";"Reta";"Sim";1;0;1;0;0;0;1;1;-8,076747;-43,81255;"SPRF-PI";"DEL03-PI";"UOP01-DEL03-PI"
140867;2018-06-17;"domingo";"22:25:00";"PR";163;344,3;"GUAIRA";"Falta de Atenção à Condução";"Colisão com objeto em movimento";"Com Vítimas Fatais";"Plena Noite";"Decrescente";"Céu Claro";"Simples";"Reta";"Não";2;1;0;0;1;0;0;2;-24,12542904;-54,24027443;"SPRF-PR";"DEL06-PR";"UOP01-DEL06-PR"
140868;2018-06-17;"domingo";"20:30:00";"SC";282;343;"CAMPOS NOVOS";"Animais na Pista";"Atropelamento de Animal";"Sem Vítimas";"Plena Noite";"Decrescente";"Céu Claro";"Simples";"Reta";"Não";1;0;0;0;1;0;0;1;-27,36860407;-51,25556588;"SPRF-SC";"DEL07-SC";"UOP06-DEL07-SC"
140871;2018-06-17;"domingo";"22:40:00";"RJ";101;57;"CAMPOS DOS GOYTACAZES";"Falta de Atenção do Pedestre";"Atropelamento de Pedestre";"Com Vítimas Feridas";"Plena Noite";"Crescente";"Céu Claro";"Simples";"Reta";"Não";2;0;1;0;0;1;1;2;-21,696001;-41,310173;"SPRF-RJ";"DEL08-RJ";"UOP01-DEL08-RJ"
140873;2018-06-17;"domingo";"18:50:00";"RO";364;704,2;"PORTO VELHO";"Restrição de Visibilidade";"Colisão com objeto estático";"Com Vítimas Feridas";"Plena Noite";"Crescente";"Céu Claro";"Dupla";"Curva";"Sim";1;0;0;1;0;0;1;1;-8,80084586;-63,82820813;"SPRF-RO";"DEL01-RO";"UOP01-DEL01-RO"
140874;2018-06-17;"domingo";"20:45:00";"MG";262;13,9;"MARTINS SOARES";"Ingestão de Álcool";"Colisão traseira";"Com Vítimas Feridas";"Plena Noite";"Crescente";"Céu Claro";"Simples";"Reta";"Não";4;0;1;0;3;0;1;2;-20,2577;-41,861588;"SPRF-MG";"DEL06-MG";"UOP03-DEL06-MG"
140875;2018-06-17;"domingo";"22:50:00";"MG";40;468;"SETE LAGOAS";"Falta de Atenção à Condução";"Saída de leito carroçável";"Sem Vítimas";"Plena Noite";"Decrescente";"Céu Claro";"Dupla";"Reta";"Não";3;0;0;0;3;0;0;1;-19,4667;-44,296;"SPRF-MG";"DEL02-MG";"UOP01-DEL02-MG"
140876;2018-06-17;"domingo";"23:00:00";"RO";364;344,9;"JI-PARANA";"Desobediência às normas de trânsito pelo condutor";"Colisão lateral";"Com Vítimas Feridas";"Plena Noite";"Crescente";"Céu Claro";"Dupla";"Reta";"Sim";2;0;2;0;0;0;2;2;-10,868851;-61,960064;"SPRF-RO";"DEL02-RO";"UOP01-DEL02-RO"
140877;2018-06-17;"domingo";"19:00:00";"MA";230;403,9;"BALSAS";"Ingestão de Álcool";"Colisão frontal";"Com Vítimas Feridas";"Plena Noite";"Crescente";"Céu Claro";"Simples";"Rotatória";"Sim";4;0;1;0;1;2;1;3;-7,521335;-46,04969;"SPRF-MA";"DEL05-MA";"UOP01-DEL05-MA"
140879;2018-06-18;"segunda-feira";"00:30:00";"PB";230;32;"BAYEUX";"Ingestão de Álcool";"Colisão com objeto estático";"Com Vítimas Feridas";"Plena Noite";"Decrescente";"Céu Claro";"Dupla";"Reta";"Sim";2;0;2;0;0;0;2;1;-7,1430617;-34,9192822;"SPRF-PB";"DEL01-PB";"UOP01-DEL01-PB"
140880;2018-06-18;"segunda-feira";"00:10:00";"DF";70;6,5;"BRASILIA";"Falta de Atenção à Condução";"Colisão traseira";"Com Vítimas Feridas";"Plena Noite";"Crescente";"Ignorado";"Dupla";"Reta";"Sim";2;0;1;0;1;0;1;2;-15,791242;-48,105759;"SPRF-DF";"DEL01-DF";"UOP02-DEL03-DF"
140881;2018-06-17;"domingo";"22:51:00";"MG";40;508,1;"RIBEIRAO DAS NEVES";"Falta de Atenção à Condução";"Colisão lateral";"Com Vítimas Feridas";"Plena Noite";"Crescente";"Ignorado";"Dupla";"Reta";"Sim";2;0;0;1;1;0;1;2;-19,76938924;-44,12781;"SPRF-MG";"DEL02-MG";"UOP01-DEL02-MG"
140882;2018-06-18;"segunda-feira";"00:40:00";"RJ";40;112;"DUQUE DE CAXIAS";"Falta de Atenção à Condução";"Colisão com objeto estático";"Com Vítimas Feridas";"Pleno dia";"Decrescente";"Nublado";"Múltipla";"Reta";"Sim";1;0;1;0;0;0;1;1;-22,70058383;-43,28999519;"SPRF-RJ";"DEL01-RJ";"UOP01-DEL01-RJ"
140883;2018-06-18;"segunda-feira";"00:00:00";"PR";376;616,6;"SAO JOSE DOS PINHAIS";"Falta de Atenção à Condução";"Colisão com objeto estático";"Com Vítimas Feridas";"Plena Noite";"Crescente";"Nublado";"Dupla";"Reta";"Não";1;0;1;0;0;0;1;1;-25,58384649;-49,17636037;"SPRF-PR";"DEL01-PR";"DEL7/1-UOP08/PR"
140884;2018-06-17;"domingo";"23:15:00";"RO";319;60,9;"PORTO VELHO";"Ingestão de Álcool";"Saída de leito carroçável";"Sem Vítimas";"Plena Noite";"Decrescente";"Céu Claro";"Simples";"Rotatória";"Sim";1;0;0;0;1;0;0;1;-8,73986421;-63,8900739;"SPRF-RO";"DEL01-RO";"UOP01-DEL01-RO"
140885;2018-06-17;"domingo";"22:50:00";"RJ";101;480,9;"MANGARATIBA";"Velocidade Incompatível";"Saída de leito carroçável";"Com Vítimas Feridas";"Plena Noite";"Decrescente";"Chuva";"Simples";"Reta";"Não";5;0;3;0;2;0;3;1;-22,937099;-44,010822;"SPRF-RJ";"DEL03-RJ";"UOP03-DEL03-RJ"
140886;2018-06-18;"segunda-feira";"01:30:00";"DF";60;20,2;"BRASILIA";"Falta de Atenção à Condução";"Saída de leito carroçável";"Com Vítimas Feridas";"Plena Noite";"Crescente";"Céu Claro";"Dupla";"Reta";"Não";1;0;1;0;0;0;1;1;-15,97625464;-48,19895267;"SPRF-DF";"DEL01-DF";"UOP01-DEL03-DF"
140887;2018-06-18;"segunda-feira";"00:00:00";"MT";364;201,3;"RONDONOPOLIS";"Falta de Atenção à Condução";"Colisão frontal";"Com Vítimas Feridas";"Plena Noite";"Decrescente";"Céu Claro";"Dupla";"Curva";"Sim";3;0;1;0;1;1;1;3;-16,491405;-54,646378;"SPRF-MT";"DEL02-MT";"UOP01-DEL02-MT"
140888;2018-06-18;"segunda-feira";"00:40:00";"DF";40;5,5;"BRASILIA";"Ingestão de Álcool";"Colisão traseira";"Com Vítimas Feridas";"Plena Noite";"Crescente";"Céu Claro";"Dupla";"Reta";"Não";2;0;1;0;1;0;1;2;-16,02548973;-47,97959626;"SPRF-DF";"DEL01-DF";"UOP01-DEL01-DF"
140890;2018-06-17;"domingo";"23:10:00";"PI";343;194,5;"PIRIPIRI";"Condutor Dormindo";"Saída de leito carroçável";"Com Vítimas Feridas";"Plena Noite";"Decrescente";"Céu Claro";"Simples";"Curva";"Não";5;0;2;0;3;0;2;1;-4,35171746;-41,8110466;"SPRF-PI";"DEL02-PI";"UOP01-DEL02-PI"
140891;2018-06-18;"segunda-feira";"00:30:00";"RN";110;119,6;"AUGUSTO SEVERO";"Animais na Pista";"Atropelamento de Animal";"Com Vítimas Fatais";"Plena Noite";"Crescente";"Céu Claro";"Simples";"Reta";"Não";1;1;0;0;0;0;0;1;-5,791;-37,295;"SPRF-RN";"DEL04-RN";"UOP01-DEL04-RN"
140894;2018-06-18;"segunda-feira";"02:40:00";"RN";406;165;"SAO GONCALO DO AMARANTE";"Falta de Atenção do Pedestre";"Atropelamento de Pedestre";"Com Vítimas Feridas";"Plena Noite";"Crescente";"Chuva";"Dupla";"Viaduto";"Não";2;0;0;1;1;0;1;2;-5,74579403;-35,33387912;"SPRF-RN";"DEL02-RN";"UOP01-DEL02-RN"
140896;2018-06-18;"segunda-feira";"03:30:00";"RN";101;99;"NATAL";"Ingestão de Álcool";"Colisão frontal";"Sem Vítimas";"Plena Noite";"Crescente";"Garoa/Chuvisco";"Múltipla";"Viaduto";"Sim";2;0;0;0;2;0;0;2;-5,87365;-35,220673;"SPRF-RN";"DEL01-RN";"UOP01-DEL01-RN"
140897;2018-06-18;"segunda-feira";"03:40:00";"ES";101;275,6;"SERRA";"Velocidade Incompatível";"Saída de leito carroçável";"Com Vítimas Feridas";"Plena Noite";"Crescente";"Chuva";"Dupla";"Curva";"Não";1;0;1;0;0;0;1;1;-20,0966095;-40,3393069;"SPRF-ES";"DEL02-ES";"UOP01-DEL02-ES"
140898;2018-06-18;"segunda-feira";"04:20:00";"SP";116;272,9;"TABOAO DA SERRA";"Falta de Atenção à Condução";"Tombamento";"Com Vítimas Feridas";"Plena Noite";"Crescente";"Nublado";"Dupla";"Curva";"Sim";2;0;1;0;1;0;1;1;-23,61484961;-46,78778082;"SPRF-SP";"DEL04-SP";"UOP01-DEL04-SP"
140899;2018-06-18;"segunda-feira";"03:45:00";"BA";324;414;"NOVA FATIMA";"Condutor Dormindo";"Capotamento";"Com Vítimas Feridas";"Plena Noite";"Crescente";"Céu Claro";"Simples";"Aclive";"Não";5;0;4;1;0;0;5;1;-11,62163621;-39,61395264;"SPRF-BA";"DEL04-BA";"UOP02-DEL04-BA"
140900;2018-06-18;"segunda-feira";"05:05:00";"PE";424;81,6;"GARANHUNS";"Desobediência às normas de trânsito pelo condutor";"Colisão frontal";"Com Vítimas Feridas";"Amanhecer";"Crescente";"Nublado";"Simples";"Reta;Aclive";"Não";3;0;1;1;0;1;2;2;-8,840841;-36,531898;"SPRF-PE";"DEL03-PE";"UOP01-DEL03-PE"
140901;2018-06-18;"segunda-feira";"05:35:00";"GO";60;405;"RIO VERDE";"Animais na Pista";"Atropelamento de Animal";"Com Vítimas Feridas";"Plena Noite";"Crescente";"Céu Claro";"Dupla";"Reta";"Não";1;0;1;0;0;0;1;1;-17,8151;-51,099;"SPRF-GO";"DEL04-GO";"UOP01-DEL04-GO"
140904;2018-06-18;"segunda-feira";"01:00:00";"MS";60;389,8;"SIDROLANDIA";"Condutor Dormindo";"Saída de leito carroçável";"Com Vítimas Feridas";"Plena Noite";"Decrescente";"Céu Claro";"Simples";"Reta";"Não";1;0;1;0;0;0;1;1;-20,712055;-54,773396;"SPRF-MS";"DEL01-MS";"UOP04-DEL01-MS"
140905;2018-06-18;"segunda-feira";"06:10:00";"RS";290;77,6;"GRAVATAI";"Falta de Atenção à Condução";"Colisão lateral";"Com Vítimas Feridas";"Plena Noite";"Crescente";"Céu Claro";"Dupla";"Reta";"Sim";2;0;1;0;1;0;1;2;-29,954823;-51,03398323;"SPRF-RS";"DEL01-RS";"UOP01-DEL01-RS"
140906;2018-06-18;"segunda-feira";"02:30:00";"SP";116;487;"CAJATI";"Falta de Atenção à Condução";"Saída de leito carroçável";"Com Vítimas Feridas";"Plena Noite";"Decrescente";"Chuva";"Simples";"Rotatória";"Sim";2;0;0;1;1;0;1;1;-24,73186428;-48,1098175;"SPRF-SP";"DEL05-SP";"UAP01-DEL05-SP"
140907;2018-06-18;"segunda-feira";"07:00:00";"SC";280;53,8;"GUARAMIRIM";"Falta de Atenção à Condução";"Colisão transversal";"Com Vítimas Feridas";"Amanhecer";"Decrescente";"Céu Claro";"Simples";"Reta";"Não";2;0;1;0;1;0;1;2;-26,47520209;-48,98187876;"SPRF-SC";"DEL03-SC";"UOP03-DEL03-SC"
140908;2018-06-18;"segunda-feira";"06:55:00";"TO";153;266,8;"BRASILANDIA DO TOCANTINS";"Condutor Dormindo";"Colisão com objeto estático";"Com Vítimas Feridas";"Pleno dia";"Decrescente";"Céu Claro";"Simples";"Declive";"Não";2;0;1;0;1;0;1;2;-8,23831966;-48,46573622;"SPRF-TO";"DEL02-TO";"UOP02-DEL02-TO"
140910;2018-06-18;"segunda-feira";"06:40:00";"MG";40;511;"RIBEIRAO DAS NEVES";"Falta de Atenção à Condução";"Colisão traseira";"Com Vítimas Feridas";"Pleno dia";"Decrescente";"Céu Claro";"Dupla";"Reta";"Sim";2;0;0;1;1;0;1;2;-19,7850384;-44,1147303;"SPRF-MG";"DEL01-MG";"UOP03-DEL01-MG"
140914;2018-06-18;"segunda-feira";"06:45:00";"CE";116;17;"EUSEBIO";"Pista Escorregadia";"Colisão com objeto estático";"Com Vítimas Feridas";"Pleno dia";"Crescente";"Chuva";"Dupla";"Aclive";"Sim";1;0;1;0;0;0;1;1;-3,90001741;-38,50394189;"SPRF-CE";"DEL01-CE";"UOP02-DEL01-CE"
140915;2018-06-18;"segunda-feira";"06:35:00";"RJ";40;113;"DUQUE DE CAXIAS";"Falta de Atenção à Condução";"Colisão traseira";"Com Vítimas Feridas";"Pleno dia";"Crescente";"Nublado";"Múltipla";"Reta";"Sim";3;0;1;0;2;0;1;3;-22,71277728;-43,28999519;"SPRF-RJ";"DEL01-RJ";"UOP01-DEL01-RJ"
140916;2018-06-17;"domingo";"23:45:00";"PR";277;2,5;"PARANAGUA";"Restrição de Visibilidade";"Atropelamento de Animal";"Com Vítimas Feridas";"Plena Noite";"Decrescente";"Céu Claro";"Dupla";"Reta";"Sim";1;0;1;0;0;0;1;1;-25,53885972;-48,53360653;"SPRF-PR";"DEL01-PR";"UOP05-DEL01-PR"
140917;2018-06-18;"segunda-feira";"04:30:00";"MG";40;5,4;"PARACATU";"Agressão Externa";"Saída de leito carroçável";"Sem Vítimas";"Plena Noite";"Crescente";"Céu Claro";"Simples";"Reta";"Não";2;0;0;0;1;1;0;2;-17,061182;-47,122421;"SPRF-MG";"DEL14-MG";"UOP01-DEL14-MG"
140918;2018-06-18;"segunda-feira";"07:00:00";"RN";101;107,6;"PARNAMIRIM";"Desobediência às normas de trânsito pelo condutor";"Colisão lateral";"Com Vítimas Feridas";"Pleno dia";"Crescente";"Chuva";"Múltipla";"Viaduto";"Sim";2;0;1;0;1;0;1;2;-5,92258887;-35,26517987;"SPRF-RN";"DEL01-RN";"UOP01-DEL01-RN"
140919;2018-06-18;"segunda-feira";"06:40:00";"RJ";40;116;"DUQUE DE CAXIAS";"Falta de Atenção à Condução";"Colisão com objeto estático";"Com Vítimas Feridas";"Amanhecer";"Crescente";"Nublado";"Dupla";"Reta";"Não";1;0;1;0;0;0;1;1;-22,73280701;-43,28887939;"SPRF-RJ";"DEL01-RJ";"UOP01-DEL01-RJ"
140920;2018-06-18;"segunda-feira";"07:15:00";"BA";116;426;"FEIRA DE SANTANA";"Não guardar distância de segurança";"Colisão traseira";"Sem Vítimas";"Pleno dia";"Crescente";"Céu Claro";"Simples";"Reta";"Sim";2;0;0;0;2;0;0;2;-12,26419256;-38,98979187;"SPRF-BA";"DEL02-BA";"UOP01-DEL02-BA"
140923;2018-06-18;"segunda-feira";"07:00:00";"RN";304;291,6;"MACAIBA";"Não guardar distância de segurança";"Colisão traseira";"Sem Vítimas";"Pleno dia";"Crescente";"Nublado";"Simples";"Reta";"Não";4;0;0;0;4;0;0;4;-5,864849;-35,349312;"SPRF-RN";"DEL01-RN";"UOP02-DEL01-RN"
140924;2018-05-22;"terça-feira";"18:00:00";"PB";427;37;"POMBAL";"Falta de Atenção do Pedestre";"Atropelamento de Pedestre";"Com Vítimas Feridas";"Plena Noite";"Crescente";"Céu Claro";"Simples";"Reta";"Sim";2;0;1;1;0;0;2;2;-6,764145;-37,789293;"SPRF-PB";"DEL03-PB";"UOP02-DEL03-PB"
140925;2018-06-18;"segunda-feira";"07:10:00";"RS";158;286,4;"JULIO DE CASTILHOS";"Ultrapassagem Indevida";"Colisão lateral";"Com Vítimas Feridas";"Amanhecer";"Decrescente";"Nevoeiro/Neblina";"Simples";"Reta";"Não";2;0;0;1;1;0;1;2;-29,4338792;-53,67634535;"SPRF-RS";"DEL09-RS";"UOP01-DEL09-RS"
140926;2018-06-18;"segunda-feira";"00:40:00";"BA";101;627;"MASCOTE";"Defeito Mecânico no Veículo";"Incêndio";"Sem Vítimas";"Plena Noite";"Crescente";"Nublado";"Simples";"Curva";"Não";1;0;0;0;1;0;0;1;-15,6976;-39,4455;"SPRF-BA";"DEL05-BA";"UOP02-DEL05-BA"
140927;2018-06-14;"quinta-feira";"07:00:00";"MT";163;118,6;"RONDONOPOLIS";"Desobediência às normas de trânsito pelo condutor";"Colisão lateral";"Com Vítimas Feridas";"Pleno dia";"Crescente";"Nevoeiro/Neblina";"Simples";"Reta";"Não";2;0;0;1;1;0;1;2;-16,513552;-54,655167;"SPRF-MT";"DEL02-MT";"UOP01-DEL02-MT"
140929;2018-06-18;"segunda-feira";"06:50:00";"PI";343;160,8;"BRASILEIRA";"Defeito Mecânico no Veículo";"Colisão com objeto em movimento";"Sem Vítimas";"Pleno dia";"Crescente";"Céu Claro";"Simples";"Reta";"Não";2;0;0;0;2;0;0;2;-4,07617565;-41,77546978;"SPRF-PI";"DEL02-PI";"UOP01-DEL02-PI"
140930;2018-06-18;"segunda-feira";"07:50:00";"PR";277;729;"FOZ DO IGUACU";"Falta de Atenção à Condução";"Colisão traseira";"Com Vítimas Feridas";"Pleno dia";"Decrescente";"Céu Claro";"Dupla";"Reta";"Sim";2;0;1;0;1;0;1;2;-25,49358262;-54,58348856;"SPRF-PR";"DEL05-PR";"UOP03-DEL05-PR"
140931;2018-06-18;"segunda-feira";"07:40:00";"SP";116;218,7;"GUARULHOS";"Falta de Atenção à Condução";"Colisão lateral";"Com Vítimas Feridas";"Pleno dia";"Crescente";"Nublado";"Múltipla";"Reta";"Sim";3;0;1;0;2;0;1;2;-23,46120031;-46,48931082;"SPRF-SP";"DEL01-SP";"UOP01-DEL01-SP"
140932;2018-06-18;"segunda-feira";"05:00:00";"MT";364;512;"ROSARIO OESTE";"Defeito Mecânico no Veículo";"Saída de leito carroçável";"Sem Vítimas";"Amanhecer";"Crescente";"Céu Claro";"Simples";"Reta";"Não";1;0;0;0;1;0;0;1;-15,165492;-56,524223;"SPRF-MT";"DEL01-MT";"DEL2/4-UOP02/MT"
140933;2018-06-18;"segunda-feira";"08:18:00";"MG";262;801,7;"UBERABA";"Defeito Mecânico no Veículo";"Tombamento";"Com Vítimas Feridas";"Pleno dia";"Crescente";"Céu Claro";"Dupla";"Reta";"Sim";1;0;1;0;0;0;1;1;-19,77114602;-47,90913463;"SPRF-MG";"DEL13-MG";"UOP01-DEL13-MG"
140934;2018-06-18;"segunda-feira";"07:45:00";"RJ";101;330;"RIO DE JANEIRO";"Falta de Atenção à Condução";"Colisão traseira";"Com Vítimas Feridas";"Pleno dia";"Crescente";"Nublado";"Dupla";"Reta";"Sim";2;0;1;0;1;0;1;2;-22,8676343;-43,19274902;"SPRF-RJ";"DEL02-RJ";"UOP02-DEL02-RJ"
140935;2018-06-18;"segunda-feira";"07:40:00";"SE";235;4;"NOSSA SENHORA DO SOCORRO";"Não guardar distância de segurança";"Colisão traseira";"Com Vítimas Feridas";"Pleno dia";"Decrescente";"Chuva";"Dupla";"Reta";"Não";3;0;1;0;2;0;1;2;-10,9064;-37,1197;"SPRF-SE";"DEL01-SE";"UOP01-DEL01-SE"