"id";"data_inversa";"dia_semana";"horario";"uf";"br";"km";"municipio";"causa_acidente";"tipo_acidente";"classificacao_acidente";"fase_dia";"sentido_via";"condicao_metereologica";"tipo_pista";"tracado_via";"uso_solo";"pessoas";"mortos";"feridos_leves";"feridos_graves";"ilesos";"ignorados";"feridos";"veiculos";"latitude";"longitude";"regional";"delegacia";"uop"
141298;2018-06-20;"quarta-feira";"06:40:00";"PR";476;120,9;"CURITIBA";"Condutor Dormindo";"Colisão traseira";"Com Vítimas Feridas";"Pleno dia";"Decrescente";"Nevoeiro/Neblina";"Múltipla";"Declive";"Sim";2;0;0;1;1;0;1;2;-25,37856226;-49,19693258;"SPRF-PR";"DEL01-PR";"UOP01-DEL01-PR"
141299;2018-06-20;"quarta-feira";"05:30:00";"PB";230;136;"CAMPINA GRANDE";"Falta de Atenção à Condução";"Saída de leito carroçável";"Com Vítimas Feridas";"Pleno dia";"Crescente";"Céu Claro";"Dupla";"Curva";"Não";2;0;2;0;0;0;2;1;-7,27724753;-35,77257335;"SPRF-PB";"DEL02-PB";"UOP01-DEL02-PB"
141301;2018-06-20;"quarta-feira";"06:30:00";"SP";381;24,8;"BRAGANCA PAULISTA";"Falta de Atenção à Condução";"Saída de leito carroçável";"Com Vítimas Feridas";"Amanhecer";"Crescente";"Céu Claro";"Dupla";"Reta";"Não";1;0;1;0;0;0;1;1;-23,013203;-46,523876;"SPRF-SP";"DEL03-SP";"UOP02-DEL03-SP"
141303;2018-06-20;"quarta-feira";"06:15:00";"MS";463;1,8;"DOURADOS";"Falta de Atenção à Condução";"Colisão traseira";"Com Vítimas Feridas";"Amanhecer";"Crescente";"Sol";"Simples";"Reta";"Sim";4;0;1;0;3;0;1;2;-22,259135;-54,820352;"SPRF-MS";"DEL04-MS";"UOP01-DEL04-MS"
141304;2018-06-20;"quarta-feira";"07:10:00";"PE";428;187,9;"PETROLINA";"Falta de Atenção à Condução";"Colisão transversal";"Com Vítimas Feridas";"Pleno dia";"Decrescente";"Céu Claro";"Simples";"Reta";"Sim";2;0;1;0;1;0;1;2;-9,356131;-40,478588;"SPRF-PE";"DEL06-PE";"UOP01-DEL06-PE"
141307;2018-06-20;"quarta-feira";"07:00:00";"SC";101;46;"JOINVILLE";"Defeito Mecânico no Veículo";"Queda de ocupante de veículo";"Com Vítimas Feridas";"Pleno dia";"Crescente";"Nevoeiro/Neblina";"Dupla";"Reta";"Sim";1;0;1;0;0;0;1;1;-26,3667;-48,858;"SPRF-SC";"DEL03-SC";"UOP01-DEL03-SC"
141311;2018-06-20;"quarta-feira";"07:30:00";"MG";381;477;"CONTAGEM";"Defeito Mecânico no Veículo";"Tombamento";"Com Vítimas Feridas";"Pleno dia";"Crescente";"Sol";"Dupla";"Reta;Aclive";"Sim";1;0;1;0;0;0;1;1;-19,9605;-44,0357;"SPRF-MG";"DEL01-MG";"UOP03-DEL01-MG"
141315;2018-06-20;"quarta-feira";"07:50:00";"SC";101;340,6;"TUBARAO";"Falta de Atenção à Condução";"Colisão transversal";"Com Vítimas Feridas";"Pleno dia";"Decrescente";"Sol";"Simples";"Interseção de Vias";"Sim";2;0;1;0;1;0;1;2;-28,50701388;-49,04949188;"SPRF-SC";"DEL02-SC";"UOP01-DEL02-SC"
141316;2018-06-20;"quarta-feira";"07:15:00";"SC";101;135;"BALNEARIO CAMBORIU";"Ingestão de Álcool";"Colisão traseira";"Com Vítimas Feridas";"Amanhecer";"Decrescente";"Céu Claro";"Dupla";"Reta";"Sim";3;0;0;2;1;0;2;3;-27,0081;-48,617;"SPRF-SC";"DEL04-SC";"UOP03-DEL04-SC"
141318;2018-06-20;"quarta-feira";"06:55:00";"RJ";116;143,1;"DUQUE DE CAXIAS";"Não guardar distância de segurança";"Engavetamento";"Com Vítimas Feridas";"Pleno dia";"Crescente";"Sol";"Dupla";"Reta";"Não";3;0;1;0;2;0;1;3;-22,65298734;-43,24012756;"SPRF-RJ";"DEL04-RJ";"UOP02-DEL04-RJ"
141319;2018-06-20;"quarta-feira";"07:45:00";"SP";116;110;"TAUBATE";"Defeito Mecânico no Veículo";"Queda de ocupante de veículo";"Com Vítimas Feridas";"Pleno dia";"Crescente";"Nublado";"Dupla";"Reta";"Sim";2;0;2;0;0;0;2;1;-23,034126;-45,5527;"SPRF-SP";"DEL06-SP";"UOP01-DEL06-SP"
141320;2018-06-20;"quarta-feira";"07:20:00";"RO";364;703,9;"PORTO VELHO";"Não guardar distância de segurança";"Colisão traseira";"Com Vítimas Feridas";"Pleno dia";"Crescente";"Céu Claro";"Dupla";"Reta";"Sim";3;0;0;1;1;1;1;3;-9,674507;-65,44786;"SPRF-RO";"DEL01-RO";"UOP01-DEL01-RO"
141323;2018-06-20;"quarta-feira";"07:45:00";"RS";116;263;"CANOAS";"Velocidade Incompatível";"Colisão com objeto estático";"Com Vítimas Feridas";"Pleno dia";"Crescente";"Sol";"Múltipla";"Reta";"Sim";1;0;0;1;0;0;1;1;-29,90767348;-51,17716491;"SPRF-RS";"DEL01-RS";"UOP01-DEL01-RS"
141324;2018-06-20;"quarta-feira";"08:15:00";"BA";101;717;"EUNAPOLIS";"Falta de Atenção à Condução";"Colisão lateral";"Com Vítimas Feridas";"Pleno dia";"Decrescente";"Nublado";"Simples";"Reta";"Sim";3;0;1;0;1;1;1;3;-16,3638;-39,5811;"SPRF-BA";"DEL09-BA";"UOP01-DEL09-BA"
141325;2018-06-20;"quarta-feira";"08:25:00";"SC";101;209,8;"SAO JOSE";"Falta de Atenção à Condução";"Colisão lateral";"Com Vítimas Feridas";"Pleno dia";"Decrescente";"Sol";"Dupla";"Reta";"Sim";2;0;1;0;1;0;1;2;-27,6176;-48,6463;"SPRF-SC";"DEL01-SC";"UOP01-DEL01-SC"
141329;2018-06-20;"quarta-feira";"09:00:00";"SC";282;259,9;"SAO JOSE DO CERRITO";"Falta de Atenção à Condução";"Colisão transversal";"Com Vítimas Feridas";"Pleno dia";"Decrescente";"Nevoeiro/Neblina";"Simples";"Reta";"Não";2;0;0;1;1;0;1;2;-27,64337085;-50,59489489;"SPRF-SC";"DEL05-SC";"UOP02-DEL05-SC"
141331;2018-06-20;"quarta-feira";"09:08:00";"SC";101;122;"ITAJAI";"Velocidade Incompatível";"Colisão lateral";"Com Vítimas Feridas";"Pleno dia";"Crescente";"Céu Claro";"Simples";"Interseção de Vias";"Não";3;0;1;1;1;0;2;2;-26,93776872;-48,6980691;"SPRF-SC";"DEL04-SC";"UOP04-DEL04-SC"
141332;2018-06-20;"quarta-feira";"09:20:00";"SP";381;25,9;"ATIBAIA";"Falta de Atenção à Condução";"Colisão lateral";"Com Vítimas Feridas";"Pleno dia";"Crescente";"Céu Claro";"Dupla";"Reta";"Sim";1;0;1;0;0;0;1;1;-23,02440834;-46,53370857;"SPRF-SP";"DEL03-SP";"UOP02-DEL03-SP"
141333;2018-06-20;"quarta-feira";"08:45:00";"GO";40;15;"LUZIANIA";"Desobediência às normas de trânsito pelo condutor";"Saída de leito carroçável";"Sem Vítimas";"Pleno dia";"Decrescente";"Céu Claro";"Dupla";"Declive";"Não";1;0;0;0;0;1;0;1;-16,1671;-47,930161;"SPRF-DF";"DEL01-DF";"UOP01-DEL01-DF"
141334;2018-06-20;"quarta-feira";"08:50:00";"PR";476;127;"CURITIBA";"Velocidade Incompatível";"Colisão frontal";"Com Vítimas Feridas";"Pleno dia";"Crescente";"Nublado";"Múltipla";"Reta";"Sim";3;0;1;1;1;0;2;3;-25,425167;-49,227158;"SPRF-PR";"DEL01-PR";"UOP07-DEL01-PR"
141337;2018-06-20;"quarta-feira";"09:45:00";"MG";153;111;"PRATA";"Defeito Mecânico no Veículo";"Queda de ocupante de veículo";"Com Vítimas Feridas";"Pleno dia";"Crescente";"Céu Claro";"Simples";"Reta";"Não";1;0;1;0;0;0;1;1;-19,32446251;-48,9065212;"SPRF-MG";"DEL15-MG";"UOP03-DEL15-MG"
141340;2018-06-20;"quarta-feira";"07:00:00";"PR";376;178,4;"MARINGA";"Desobediência às normas de trânsito pelo condutor";"Colisão transversal";"Com Vítimas Feridas";"Pleno dia";"Decrescente";"Céu Claro";"Dupla";"Interseção de Vias";"Sim";2;0;1;0;1;0;1;2;-23,41745467;-51,91801602;"SPRF-PR";"DEL07-PR";"UOP01-DEL09-PR"
141341;2018-06-20;"quarta-feira";"10:00:00";"SC";101;186;"BIGUACU";"Não guardar distância de segurança";"Queda de ocupante de veículo";"Com Vítimas Feridas";"Pleno dia";"Crescente";"Sol";"Dupla";"Reta";"Não";1;0;0;1;0;0;1;1;-27,4432;-48,6284;"SPRF-SC";"DEL01-SC";"UOP01-DEL01-SC"
141342;2018-06-20;"quarta-feira";"10:00:00";"SP";153;25,7;"NOVA GRANADA";"Falta de Atenção à Condução";"Colisão transversal";"Com Vítimas Feridas";"Pleno dia";"Crescente";"Sol";"Simples";"Curva;Interseção de Vias";"Não";2;0;0;1;1;0;1;2;-20,50148619;-49,320454;"SPRF-SP";"DEL09-SP";"UOP01-DEL09-SP"
141343;2018-06-20;"quarta-feira";"08:25:00";"MG";365;409;"PATOS DE MINAS";"Falta de Atenção à Condução";"Tombamento";"Com Vítimas Feridas";"Pleno dia";"Crescente";"Sol";"Múltipla";"Reta";"Sim";2;0;1;0;1;0;1;1;-18,64437465;-46,49986982;"SPRF-MG";"DEL10-MG";"UOP01-DEL10-MG"
141344;2018-05-08;"terça-feira";"07:00:00";"RS";101;27,1;"TRES CACHOEIRAS";"Falta de Atenção à Condução";"Saída de leito carroçável";"Com Vítimas Feridas";"Pleno dia";"Crescente";"Céu Claro";"Dupla";"Reta";"Sim";1;0;1;0;0;0;1;1;-29,462034;-49,944149;"SPRF-RS";"DEL03-RS";"DEL9/3-UOP03/RS"
141346;2018-06-20;"quarta-feira";"08:10:00";"MG";116;776,4;"LEOPOLDINA";"Não guardar distância de segurança";"Colisão lateral";"Com Vítimas Feridas";"Pleno dia";"Decrescente";"Nublado";"Simples";"Aclive;Curva";"Não";2;0;1;0;1;0;1;2;-21,59176121;-42,68796802;"SPRF-MG";"DEL07-MG";"UOP01-DEL07-MG"
141347;2018-06-20;"quarta-feira";"09:30:00";"RJ";101;586;"PARATY";"Velocidade Incompatível";"Saída de leito carroçável";"Com Vítimas Feridas";"Pleno dia";"Crescente";"Céu Claro";"Simples";"Curva";"Não";1;0;1;0;0;0;1;1;-23,27661408;-44,68968987;"SPRF-RJ";"DEL03-RJ";"UOP04-DEL03-RJ"
141349;2018-06-20;"quarta-feira";"11:00:00";"RS";116;137;"CAXIAS DO SUL";"Falta de Atenção à Condução";"Colisão transversal";"Com Vítimas Feridas";"Pleno dia";"Decrescente";"Céu Claro";"Simples";"Reta";"Não";4;0;1;2;1;0;3;2;-29,089661;-51,112896;"SPRF-RS";"DEL05-RS";"UOP01-DEL05-RS"
141350;2018-05-25;"sexta-feira";"18:20:00";"SP";116;281;"EMBU DAS ARTES";"Falta de Atenção do Pedestre";"Atropelamento de Pedestre";"Com Vítimas Feridas";"Anoitecer";"Crescente";"Céu Claro";"Dupla";"Reta";"Sim";2;0;1;1;0;0;2;2;-23,6539589;-46,84810638;"SPRF-SP";"DEL04-SP";"UOP01-DEL04-SP"
141358;2018-06-02;"sábado";"06:55:00";"SP";116;227;"GUARULHOS";"Falta de Atenção à Condução";"Tombamento";"Com Vítimas Feridas";"Pleno dia";"Crescente";"Nublado";"Múltipla";"Reta";"Sim";2;0;1;0;1;0;1;1;-23,49553488;-46,55499946;"SPRF-SP";"DEL01-SP";"UOP01-DEL01-SP"
141359;2018-06-20;"quarta-feira";"11:55:00";"PB";101;42;"MAMANGUAPE";"Avarias e/ou desgaste excessivo no pneu";"Saída de leito carroçável";"Com Vítimas Feridas";"Pleno dia";"Crescente";"Céu Claro";"Dupla";"Reta";"Não";1;0;1;0;0;0;1;1;-6,8686;-35,1329;"SPRF-PB";"DEL01-PB";"UOP04-DEL01-PB"
141360;2018-06-20;"quarta-feira";"12:10:00";"PR";116;14,2;"COLOMBO";"Falta de Atenção do Pedestre";"Atropelamento de Pedestre";"Com Vítimas Feridas";"Pleno dia";"Decrescente";"Céu Claro";"Dupla";"Reta";"Sim";2;0;1;0;1;0;1;2;-25,3818;-49,1643;"SPRF-PR";"DEL01-PR";"UOP02-DEL01-PR"
141361;2018-06-20;"quarta-feira";"11:30:00";"MS";163;458,2;"CAMPO GRANDE";"Ingestão de Álcool";"Queda de ocupante de veículo";"Com Vítimas Feridas";"Pleno dia";"Decrescente";"Sol";"Simples";"Reta";"Não";1;0;1;0;0;0;1;1;-20,654424;-54,563547;"SPRF-MS";"DEL01-MS";"UOP01-DEL01-MS"
141362;2018-06-20;"quarta-feira";"10:50:00";"PI";316;1;"TERESINA";"Desobediência às normas de trânsito pelo condutor";"Colisão transversal";"Com Vítimas Feridas";"Pleno dia";"Crescente";"Sol";"Simples";"Reta";"Sim";3;0;1;0;2;0;1;2;-5,128619;-42,807068;"SPRF-PI";"DEL01-PI";"UOP02-DEL01-PI"
141363;2018-06-20;"quarta-feira";"12:00:00";"PR";376;176,3;"MARINGA";"Falta de Atenção à Condução";"Colisão lateral";"Com Vítimas Feridas";"Pleno dia";"Decrescente";"Céu Claro";"Dupla";"Interseção de Vias";"Sim";2;0;0;1;1;0;1;2;-23,41112409;-51,93627834;"SPRF-PR";"DEL07-PR";"UOP01-DEL09-PR"
141365;2018-06-20;"quarta-feira";"11:50:00";"RN";406;5;"MACAU";"Desobediência às normas de trânsito pelo condutor";"Colisão frontal";"Com Vítimas Feridas";"Pleno dia";"Decrescente";"Céu Claro";"Simples";"Reta";"Não";5;0;3;1;1;0;4;2;-5,15067957;-36,59567608;"SPRF-RN";"DEL02-RN";"UOP01-DEL02-RN"
141366;2018-06-20;"quarta-feira";"12:35:00";"SC";282;4,8;"SAO JOSE";"Não guardar distância de segurança";"Colisão lateral";"Com Vítimas Feridas";"Pleno dia";"Crescente";"Céu Claro";"Dupla";"Reta";"Sim";2;0;2;0;0;0;2;2;-27,592646;-48,604034;"SPRF-SC";"DEL01-SC";"UOP01-DEL01-SC"
141367;2018-06-09;"sábado";"11:50:00";"PB";101;89;"JOAO PESSOA";"Falta de Atenção do Pedestre";"Atropelamento de Pedestre";"Com Vítimas Feridas";"Pleno dia";"Crescente";"Céu Claro";"Dupla";"Reta";"Sim";2;0;0;2;0;0;2;2;-7,16953646;-34,89742756;"SPRF-PB";"DEL01-PB";"UOP01-DEL01-PB"
141369;2018-06-20;"quarta-feira";"13:00:00";"RJ";40;9;"COMENDADOR LEVY GASPARIAN";"Falta de Atenção à Condução";"Colisão com objeto estático";"Com Vítimas Feridas";"Pleno dia";"Decrescente";"Céu Claro";"Dupla";"Curva";"Não";2;0;1;1;0;0;2;1;-22,0448;-43,2059;"SPRF-RJ";"DEL06-RJ";"UOP02-DEL05-RJ"
141370;2018-06-20;"quarta-feira";"12:03:00";"PE";232;133;"CARUARU";"Não guardar distância de segurança";"Colisão traseira";"Com Vítimas Feridas";"Pleno dia";"Decrescente";"Céu Claro";"Dupla";"Reta";"Sim";2;0;1;0;1;0;1;2;-8,30582698;-36,01408725;"SPRF-PE";"DEL02-PE";"UOP03-DEL02-PE"
141371;2018-06-20;"quarta-feira";"12:10:00";"SP";116;132,5;"CACAPAVA";"Falta de Atenção à Condução";"Colisão traseira";"Com Vítimas Feridas";"Pleno dia";"Crescente";"Sol";"Dupla";"Reta";"Não";1;0;1;0;0;0;1;1;-23,131706;-45,744831;"SPRF-SP";"DEL06-SP";"UOP02-DEL02-SP"
141372;2018-06-01;"sexta-feira";"09:10:00";"PB";101;47,3;"MAMANGUAPE";"Velocidade Incompatível";"Saída de leito carroçável";"Com Vítimas Feridas";"Pleno dia";"Decrescente";"Sol";"Dupla";"Reta";"Não";1;0;0;1;0;0;1;1;-6,9077;-35,1166;"SPRF-PB";"DEL01-PB";"UOP04-DEL01-PB"
141373;2018-06-20;"quarta-feira";"12:20:00";"PE";428;191;"PETROLINA";"Condutor Dormindo";"Colisão traseira";"Sem Vítimas";"Pleno dia";"Decrescente";"Sol";"Simples";"Reta";"Sim";2;0;0;0;2;0;0;2;-9,372067;-40,486843;"SPRF-PE";"DEL06-PE";"UOP01-DEL06-PE"
141374;2018-06-20;"quarta-feira";"12:40:00";"PR";277;729,1;"FOZ DO IGUACU";"Falta de Atenção à Condução";"Colisão traseira";"Com Vítimas Feridas";"Pleno dia";"Decrescente";"Céu Claro";"Dupla";"Reta";"Sim";3;0;0;1;2;0;1;2;-25,50731632;-54,58476663;"SPRF-PR";"DEL05-PR";"UOP03-DEL05-PR"
141375;2018-06-19;"terça-feira";"18:50:00";"PE";316;25;"ARARIPINA";"Falta de Atenção à Condução";"Colisão transversal";"Com Vítimas Feridas";"Plena Noite";"Crescente";"Céu Claro";"Simples";"Reta";"Sim";2;0;1;0;1;0;1;2;-7,59596;-40,493294;"SPRF-PE";"DEL05-PE";"UOP02-DEL05-PE"
141376;2018-06-20;"quarta-feira";"13:40:00";"SP";101;44,9;"UBATUBA";"Falta de Atenção à Condução";"Colisão transversal";"Com Vítimas Feridas";"Pleno dia";"Crescente";"Céu Claro";"Simples";"Reta";"Sim";3;0;0;1;1;1;1;3;-23,410126;-45,064526;"SPRF-SP";"DEL06-SP";"UOP01-DEL06-SP"
141377;2018-06-20;"quarta-feira";"12:00:00";"PE";423;94,5;"GARANHUNS";"Falta de Atenção à Condução";"Colisão frontal";"Com Vítimas Feridas";"Pleno dia";"Crescente";"Sol";"Simples";"Reta;Interseção de Vias";"Sim";2;0;0;1;1;0;1;2;-8,87772573;-36,47562861;"SPRF-PE";"DEL03-PE";"UOP01-DEL03-PE"
141378;2018-06-20;"quarta-feira";"11:00:00";"MG";40;481;"SETE LAGOAS";"Não guardar distância de segurança";"Colisão traseira";"Com Vítimas Feridas";"Pleno dia";"Decrescente";"Céu Claro";"Dupla";"Reta";"Não";1;0;1;0;0;0;1;1;-19,5623;-44,2384;"SPRF-MG";"DEL02-MG";"UOP01-DEL02-MG"
141380;2018-05-31;"quinta-feira";"09:35:00";"RS";290;31,6;"SANTO ANTONIO DA PATRULHA";"Falta de Atenção à Condução";"Saída de leito carroçável";"Com Vítimas Feridas";"Pleno dia";"Decrescente";"Sol";"Dupla";"Reta";"Não";1;0;0;1;0;0;1;1;-29,8848;-50,5727;"SPRF-RS";"DEL03-RS";"UOP02-DEL03-RS"
141383;2018-05-27;"domingo";"01:00:00";"PB";361;56,7;"OLHO DAGUA";"Objeto estático sobre o leito carroçável";"Colisão com objeto estático";"Com Vítimas Fatais";"Plena Noite";"Decrescente";"Céu Claro";"Simples";"Declive";"Não";6;1;0;3;1;1;3;3;-7,182493;-37,708848;"SPRF-PB";"DEL03-PB";"UOP01-DEL03-PB"
141384;2018-06-20;"quarta-feira";"14:05:00";"MG";381;510,3;"IGARAPE";"Falta de Atenção à Condução";"Colisão traseira";"Com Vítimas Feridas";"Pleno dia";"Decrescente";"Céu Claro";"Dupla";"Reta";"Sim";2;0;1;0;1;0;1;2;-20,06022453;-44,29093122;"SPRF-MG";"DEL01-MG";"UOP03-DEL01-MG"
141385;2018-06-20;"quarta-feira";"13:50:00";"SC";280;50,5;"GUARAMIRIM";"Ultrapassagem Indevida";"Colisão frontal";"Com Vítimas Feridas";"Pleno dia";"Decrescente";"Nublado";"Simples";"Reta";"Não";4;0;3;1;0;0;4;2;-26,46357607;-48,95046756;"SPRF-SC";"DEL03-SC";"UOP03-DEL03-SC"
141386;2018-03-25;"domingo";"18:00:00";"AC";364;121,2;"RIO BRANCO";"Falta de Atenção à Condução";"Colisão traseira";"Com Vítimas Feridas";"Anoitecer";"Crescente";"Céu Claro";"Simples";"Reta";"Sim";2;0;1;1;0;0;2;2;-10,01245769;-67,7520317;"SPRF-AC";"DEL01-AC";"UOP01-DEL01-AC"
141387;2018-05-10;"quinta-feira";"18:50:00";"RS";472;577;"URUGUAIANA";"Desobediência às normas de trânsito pelo condutor";"Colisão transversal";"Com Vítimas Feridas";"Plena Noite";"Crescente";"Chuva";"Simples";"Reta";"Sim";4;0;0;1;3;0;1;3;-29,7785156;-57,0614091;"SPRF-RS";"DEL13-RS";"UOP01-DEL13-RS"
141388;2018-06-20;"quarta-feira";"14:00:00";"SC";101;201;"SAO JOSE";"Desobediência às normas de trânsito pelo condutor";"Colisão traseira";"Com Vítimas Feridas";"Pleno dia";"Decrescente";"Céu Claro";"Dupla";"Reta";"Sim";2;0;1;0;1;0;1;2;-27,5572;-48,6188;"SPRF-SC";"DEL01-SC";"UOP01-DEL01-SC"
141389;2018-06-03;"domingo";"21:30:00";"RS";470;11;"BARRACAO";"Falta de Atenção do Pedestre";"Atropelamento de Pedestre";"Com Vítimas Feridas";"Plena Noite";"Decrescente";"Céu Claro";"Simples";"Reta";"Não";3;0;0;1;2;0;1;2;-27,662331;-51,456161;"SPRF-RS";"DEL08-RS";"UOP05-DEL08-RS"
141391;2018-06-20;"quarta-feira";"08:00:00";"MG";381;887,9;"ESTIVA";"Não guardar distância de segurança";"Colisão com objeto estático";"Com Vítimas Feridas";"Pleno dia";"Decrescente";"Céu Claro";"Dupla";"Reta";"Não";3;0;1;1;1;0;2;2;-22,5249;-46,0248;"SPRF-MG";"DEL16-MG";"UOP03-DEL16-MG"
141392;2018-06-20;"quarta-feira";"14:00:00";"RJ";493;10;"ITABORAI";"Defeito Mecânico no Veículo";"Incêndio";"Sem Vítimas";"Pleno dia";"Decrescente";"Céu Claro";"Simples";"Reta";"Não";1;0;0;0;1;0;0;1;-22,696023;-42,956654;"SPRF-RJ";"DEL04-RJ";"UOP02-DEL04-RJ"
141395;2018-06-20;"quarta-feira";"14:20:00";"PE";428;182;"PETROLINA";"Falta de Atenção à Condução";"Colisão lateral";"Com Vítimas Feridas";"Pleno dia";"Decrescente";"Céu Claro";"Simples";"Reta";"Não";2;0;0;1;1;0;1;2;-9,32614409;-40,46311319;"SPRF-PE";"DEL06-PE";"UOP01-DEL06-PE"
141396;2018-06-20;"quarta-feira";"12:25:00";"AC";364;141;"RIO BRANCO";"Falta de Atenção à Condução";"Colisão traseira";"Com Vítimas Feridas";"Pleno dia";"Crescente";"Céu Claro";"Dupla";"Reta";"Sim";2;0;2;0;0;0;2;2;-9,942003;-67,875122;"SPRF-AC";"DEL01-AC";"UOP01-DEL01-AC"
141397;2018-06-20;"quarta-feira";"14:50:00";"PR";277;209,3;"TEIXEIRA SOARES";"Falta de Atenção à Condução";"Saída de leito carroçável";"Com Vítimas Feridas";"Pleno dia";"Decrescente";"Céu Claro";"Simples";"Reta";"Não";3;0;1;1;0;1;2;2;-25,46546836;-50,35341829;"SPRF-PR";"DEL03-PR";"UOP02-DEL08-PR"
141398;2018-06-20;"quarta-feira";"12:05:00";"MG";262;28,9;"REDUTO";"Falta de Atenção à Condução";"Colisão transversal";"Com Vítimas Feridas";"Pleno dia";"Decrescente";"Sol";"Simples";"Reta";"Sim";3;0;1;0;1;1;1;3;-20,244026;-41,973831;"SPRF-MG";"DEL06-MG";"UOP03-DEL06-MG"
141399;2018-06-20;"quarta-feira";"12:40:00";"CE";116;12,1;"FORTALEZA";"Falta de Atenção à Condução";"Colisão lateral";"Com Vítimas Feridas";"Pleno dia";"Crescente";"Céu Claro";"Múltipla";"Reta";"Sim";2;0;1;0;1;0;1;2;-3,85303628;-38,49570751;"SPRF-CE";"DEL01-CE";"UOP02-DEL01-CE"
141401;2018-06-20;"quarta-feira";"15:15:00";"MG";381;641,7;"SANTO ANTONIO DO AMPARO";"Falta de Atenção à Condução";"Saída de leito carroçável";"Com Vítimas Feridas";"Pleno dia";"Crescente";"Céu Claro";"Dupla";"Reta;Em Obras";"Não";1;0;1;0;0;0;1;1;-20,9132;-44,8643;"SPRF-MG";"DEL04-MG";"UOP01-DEL04-MG"
141402;2018-06-20;"quarta-feira";"15:00:00";"PR";277;6,6;"PARANAGUA";"Desobediência às normas de trânsito pelo condutor";"Colisão transversal";"Com Vítimas Feridas";"Pleno dia";"Crescente";"Céu Claro";"Simples";"Rotatória";"Sim";2;0;1;0;1;0;1;2;-25,514624;-48,522304;"SPRF-PR";"DEL01-PR";"UOP05-DEL01-PR"
141403;2018-06-20;"quarta-feira";"14:50:00";"SC";101;283,9;"IMBITUBA";"Falta de Atenção à Condução";"Colisão com objeto estático";"Com Vítimas Feridas";"Pleno dia";"Crescente";"Céu Claro";"Dupla";"Reta";"Não";1;0;1;0;0;0;1;1;-28,23642259;-48,70060086;"SPRF-SC";"DEL02-SC";"UOP03-DEL02-SC"
141404;2018-06-20;"quarta-feira";"15:10:00";"PR";116;18;"CURITIBA";"Mal Súbito";"Colisão com objeto estático";"Com Vítimas Feridas";"Pleno dia";"Crescente";"Sol";"Dupla";"Reta";"Sim";1;0;0;1;0;0;1;1;-25,3891;-49,1966;"SPRF-PR";"DEL01-PR";"UOP02-DEL01-PR"
141406;2018-06-20;"quarta-feira";"15:35:00";"PR";376;174,4;"MARINGA";"Falta de Atenção à Condução";"Tombamento";"Com Vítimas Feridas";"Pleno dia";"Crescente";"Céu Claro";"Dupla";"Reta";"Sim";1;0;1;0;0;0;1;1;-23,41622583;-51,95500731;"SPRF-PR";"DEL07-PR";"UOP01-DEL09-PR"
141410;2018-06-20;"quarta-feira";"16:20:00";"AL";316;33,3;"CANAPI";"Ingestão de Álcool";"Colisão lateral";"Com Vítimas Feridas";"Pleno dia";"Crescente";"Céu Claro";"Simples";"Declive";"Não";3;0;3;0;0;0;3;2;-9,11211828;-37,62401372;"SPRF-AL";"DEL03-AL";"UOP02-DEL03-AL"
141411;2018-06-20;"quarta-feira";"16:25:00";"ES";101;292;"CARIACICA";"Velocidade Incompatível";"Queda de ocupante de veículo";"Com Vítimas Feridas";"Anoitecer";"Crescente";"Céu Claro";"Dupla";"Curva";"Sim";2;0;1;0;1;0;1;1;-20,328528;-40,398571;"SPRF-ES";"DEL01-ES";"UOP01-DEL01-ES"
141412;2018-06-20;"quarta-feira";"16:30:00";"PR";277;103,5;"CAMPO LARGO";"Falta de Atenção à Condução";"Colisão traseira";"Com Vítimas Feridas";"Pleno dia";"Crescente";"Céu Claro";"Dupla";"Declive;Reta";"Não";2;0;1;0;1;0;1;2;-25,43082456;-49,39826304;"SPRF-PR";"DEL01-PR";"UOP06-DEL01-PR"
141413;2018-06-20;"quarta-feira";"16:05:00";"PR";467;84,4;"CASCAVEL";"Falta de Atenção à Condução";"Colisão traseira";"Com Vítimas Feridas";"Pleno dia";"Crescente";"Céu Claro";"Dupla";"Reta";"Não";4;0;2;0;2;0;2;2;-24,821093;-53,653942;"SPRF-PR";"DEL04-PR";"UOP01-DEL04-PR"
141414;2018-06-20;"quarta-feira";"16:50:00";"SC";470;34;"GASPAR";"Falta de Atenção à Condução";"Colisão transversal";"Com Vítimas Feridas";"Pleno dia";"Decrescente";"Nublado";"Simples";"Reta";"Não";2;0;1;0;1;0;1;2;-26,910646;-48,949341;"SPRF-SC";"DEL04-SC";"UOP01-DEL04-SC"
141417;2018-06-20;"quarta-feira";"17:00:00";"BA";324;624,1;"SALVADOR";"Mal Súbito";"Queda de ocupante de veículo";"Com Vítimas Feridas";"Anoitecer";"Decrescente";"Chuva";"Dupla";"Reta";"Sim";2;0;1;0;1;0;1;1;-12,94893802;-38,47011521;"SPRF-BA";"DEL01-BA";"UOP01-DEL01-BA"
141418;2018-06-20;"quarta-feira";"16:30:00";"MG";40;511;"RIBEIRAO DAS NEVES";"Defeito Mecânico no Veículo";"Queda de ocupante de veículo";"Com Vítimas Feridas";"Pleno dia";"Decrescente";"Céu Claro";"Dupla";"Reta";"Não";2;0;1;0;1;0;1;1;-19,7926;-44,1112;"SPRF-MG";"DEL01-MG";"UOP03-DEL01-MG"