"id";"data_inversa";"dia_semana";"horario";"uf";"br";"km";"municipio";"causa_acidente";"tipo_acidente";"classificacao_acidente";"fase_dia";"sentido_via";"condicao_metereologica";"tipo_pista";"tracado_via";"uso_solo";"pessoas";"mortos";"feridos_leves";"feridos_graves";"ilesos";"ignorados";"feridos";"veiculos";"latitude";"longitude";"regional";"delegacia";"uop"
141420;2018-06-20;"quarta-feira";"17:35:00";"SC";280;57,8;"GUARAMIRIM";"Desobediência às normas de trânsito pelo condutor";"Colisão transversal";"Com Vítimas Feridas";"Anoitecer";"Decrescente";"Céu Claro";"Simples";"Reta";"Sim";3;0;2;0;1;0;2;2;-26,47439057;-49,02470291;"SPRF-SC";"DEL03-SC";"UOP03-DEL03-SC"
141421;2018-06-20;"quarta-feira";"17:39:00";"GO";153;357,3;"JARAGUA";"Falta de Atenção à Condução";"Colisão transversal";"Com Vítimas Feridas";"Pleno dia";"Crescente";"Céu Claro";"Simples";"Interseção de Vias";"Sim";6;0;4;0;2;0;4;2;-15,73498928;-49,32343125;"SPRF-GO";"DEL02-GO";"UOP02-DEL02-GO"
141422;2018-06-20;"quarta-feira";"17:30:00";"MG";116;336,9;"CAMPANARIO";"Falta de Atenção à Condução";"Colisão transversal";"Com Vítimas Fatais";"Anoitecer";"Crescente";"Nublado";"Simples";"Reta";"Não";9;1;0;8;0;0;8;2;-18,291271;-41,74847;"SPRF-MG";"DEL11-MG";"UOP01-DEL11-MG"
141424;2018-04-29;"domingo";"21:00:00";"MA";135;38,7;"BACABEIRA";"Pista Escorregadia";"Saída de leito carroçável";"Com Vítimas Feridas";"Plena Noite";"Decrescente";"Nublado";"Simples";"Reta";"Não";6;0;4;2;0;0;6;1;-2,8819468;-44,3749009;"SPRF-MA";"DEL01-MA";"UOP01-DEL01-MA"
141426;2018-06-20;"quarta-feira";"17:33:00";"RS";472;589;"URUGUAIANA";"Velocidade Incompatível";"Saída de leito carroçável";"Sem Vítimas";"Anoitecer";"Decrescente";"Nublado";"Simples";"Curva";"Não";1;0;0;0;1;0;0;1;-29,88709028;-57,11654663;"SPRF-RS";"DEL13-RS";"UOP01-DEL13-RS"
141427;2018-06-20;"quarta-feira";"17:40:00";"BA";242;570;"IBOTIRAMA";"Defeito Mecânico no Veículo";"Saída de leito carroçável";"Com Vítimas Feridas";"Anoitecer";"Decrescente";"Céu Claro";"Simples";"Curva";"Não";1;0;1;0;0;0;1;1;-12,091;-43,144;"SPRF-BA";"DEL10-BA";"UOP03-DEL06-BA"
141428;2018-06-20;"quarta-feira";"17:40:00";"PA";316;4;"ANANINDEUA";"Pista Escorregadia";"Tombamento";"Com Vítimas Feridas";"Pleno dia";"Decrescente";"Céu Claro";"Múltipla";"Retorno Regulamentado";"Sim";1;0;1;0;0;0;1;1;-1,38175674;-48,40036444;"SPRF-PA";"DEL01-PA";"DEL19/1-UOP05/PA"
141429;2018-06-20;"quarta-feira";"17:40:00";"PR";116;99,1;"SAO JOSE DOS PINHAIS";"Falta de Atenção do Pedestre";"Atropelamento de Pedestre";"Com Vítimas Fatais";"Anoitecer";"Decrescente";"Céu Claro";"Dupla";"Reta";"Sim";3;1;0;0;1;1;0;2;-25,526846;-49,140408;"SPRF-PR";"DEL01-PR";"UOP01-DEL01-PR"
141430;2018-06-20;"quarta-feira";"16:50:00";"RJ";116;180;"NOVA IGUACU";"Falta de Atenção à Condução";"Colisão traseira";"Com Vítimas Feridas";"Pleno dia";"Decrescente";"Céu Claro";"Múltipla";"Reta";"Não";2;0;1;0;1;0;1;2;-22,74005024;-43,45972538;"SPRF-RJ";"DEL01-RJ";"UOP02-DEL01-RJ"
141431;2018-06-20;"quarta-feira";"16:00:00";"RJ";116;2;"SAPUCAIA";"Falta de Atenção à Condução";"Colisão traseira";"Sem Vítimas";"Pleno dia";"Decrescente";"Nublado";"Simples";"Reta";"Não";3;0;0;0;3;0;0;2;-21,88117298;-42,68102646;"SPRF-RJ";"DEL04-RJ";"UOP01-DEL04-RJ"
141432;2018-02-08;"quinta-feira";"17:30:00";"RJ";101;432;"MANGARATIBA";"Velocidade Incompatível";"Colisão com objeto estático";"Sem Vítimas";"Pleno dia";"Decrescente";"Sol";"Simples";"Aclive;Curva";"Não";1;0;0;0;1;0;0;1;-22,93375288;-44,03070331;"SPRF-RJ";"DEL03-RJ";"UOP01-DEL03-RJ"
141433;2018-06-20;"quarta-feira";"17:50:00";"SP";116;224;"GUARULHOS";"Não guardar distância de segurança";"Colisão traseira";"Com Vítimas Feridas";"Plena Noite";"Decrescente";"Céu Claro";"Múltipla";"Reta";"Não";4;0;1;0;3;0;1;4;-23,47541015;-46,52427793;"SPRF-SP";"DEL01-SP";"UOP01-DEL01-SP"
141434;2018-06-20;"quarta-feira";"18:30:00";"MG";381;698,8;"LAVRAS";"Defeito Mecânico no Veículo";"Incêndio";"Sem Vítimas";"Plena Noite";"Decrescente";"Céu Claro";"Dupla";"Reta";"Não";1;0;0;0;1;0;0;1;-21,2743;-45,1375;"SPRF-MG";"DEL04-MG";"UOP02-DEL04-MG"
141436;2018-04-03;"terça-feira";"05:40:00";"AM";174;907;"MANAUS";"Desobediência às normas de trânsito pelo condutor";"Colisão lateral";"Com Vítimas Feridas";"Amanhecer";"Decrescente";"Céu Claro";"Simples";"Reta";"Não";2;0;1;1;0;0;2;2;-2,77845142;-60,03753662;"SPRF-AM";"DEL01-AM";"UOP01-DEL01-AM"
141437;2018-06-20;"quarta-feira";"18:40:00";"GO";40;5;"VALPARAISO DE GOIAS";"Falta de Atenção à Condução";"Colisão frontal";"Com Vítimas Feridas";"Plena Noite";"Decrescente";"Céu Claro";"Dupla";"Curva";"Sim";2;0;1;0;1;0;1;2;-16,093428;-47,981715;"SPRF-DF";"DEL01-DF";"UOP01-DEL01-DF"
141438;2018-06-20;"quarta-feira";"18:20:00";"RS";116;258;"ESTEIO";"Falta de Atenção à Condução";"Colisão transversal";"Com Vítimas Feridas";"Plena Noite";"Decrescente";"Céu Claro";"Simples";"Rotatória";"Não";2;0;1;0;1;0;1;2;-29,86113433;-51,18146449;"SPRF-RS";"DEL01-RS";"UOP02-DEL01-RS"
141439;2018-06-20;"quarta-feira";"18:30:00";"DF";70;16,2;"BRASILIA";"Pista Escorregadia";"Tombamento";"Com Vítimas Feridas";"Plena Noite";"Crescente";"Céu Claro";"Dupla";"Rotatória";"Sim";1;0;1;0;0;0;1;1;-15,79539717;-48,19593695;"SPRF-DF";"DEL01-DF";"UOP02-DEL03-DF"
141440;2018-06-20;"quarta-feira";"17:10:00";"MA";222;673;"ACAILANDIA";"Falta de Atenção à Condução";"Colisão lateral";"Com Vítimas Feridas";"Pleno dia";"Crescente";"Céu Claro";"Simples";"Reta";"Sim";2;0;0;2;0;0;2;2;-4,92579;-47,4398;"SPRF-MA";"DEL04-MA";"UOP03-DEL04-MA"
141441;2018-06-20;"quarta-feira";"18:55:00";"SC";280;50,6;"GUARAMIRIM";"Falta de Atenção à Condução";"Colisão transversal";"Com Vítimas Feridas";"Plena Noite";"Decrescente";"Céu Claro";"Simples";"Reta";"Não";2;0;1;0;1;0;1;2;-26,46391722;-48,95141959;"SPRF-SC";"DEL03-SC";"UOP03-DEL03-SC"
141442;2018-06-20;"quarta-feira";"19:05:00";"PA";230;116;"MARABA";"Defeito Mecânico no Veículo";"Tombamento";"Com Vítimas Feridas";"Plena Noite";"Crescente";"Céu Claro";"Dupla";"Reta";"Sim";2;0;2;0;0;0;2;1;-5,359473;-49,083012;"SPRF-PA";"DEL03-PA";"UOP01-DEL03-PA"
141445;2018-06-20;"quarta-feira";"17:23:00";"MG";381;339;"JOAO MONLEVADE";"Velocidade Incompatível";"Saída de leito carroçável";"Com Vítimas Feridas";"Plena Noite";"Decrescente";"Céu Claro";"Simples";"Curva";"Não";3;0;1;0;2;0;1;1;-19,8419665;-43,09867859;"SPRF-MG";"DEL03-MG";"UOP01-DEL03-MG"
141446;2018-06-20;"quarta-feira";"19:00:00";"PR";376;493,3;"PONTA GROSSA";"Falta de Atenção à Condução";"Atropelamento de Pedestre";"Com Vítimas Feridas";"Plena Noite";"Decrescente";"Céu Claro";"Dupla";"Reta";"Sim";2;0;1;0;0;1;1;2;-25,12548975;-50,17966747;"SPRF-PR";"DEL03-PR";"UOP04-DEL03-PR"
141448;2018-06-20;"quarta-feira";"18:15:00";"PR";277;80,1;"CURITIBA";"Falta de Atenção à Condução";"Colisão traseira";"Com Vítimas Feridas";"Plena Noite";"Crescente";"Céu Claro";"Dupla";"Reta";"Sim";2;0;0;1;1;0;1;2;-25,47111538;-49,21144299;"SPRF-PR";"DEL01-PR";"UOP01-DEL01-PR"
141451;2018-06-20;"quarta-feira";"18:20:00";"RO";364;230;"CACOAL";"Ultrapassagem Indevida";"Colisão lateral";"Com Vítimas Feridas";"Plena Noite";"Crescente";"Céu Claro";"Simples";"Reta";"Não";3;0;2;0;1;0;2;2;-11,478927;-61,391262;"SPRF-RO";"DEL02-RO";"UOP02-DEL02-RO"
141452;2018-06-20;"quarta-feira";"18:05:00";"PR";476;278,6;"SAO MATEUS DO SUL";"Falta de Atenção à Condução";"Colisão transversal";"Com Vítimas Feridas";"Plena Noite";"Crescente";"Nevoeiro/Neblina";"Simples";"Reta";"Sim";3;0;1;0;2;0;1;3;-25,868753;-50,396477;"SPRF-PR";"DEL02-PR";"UOP04-DEL02-PR"
141454;2018-06-20;"quarta-feira";"08:05:00";"SP";116;487;"CAJATI";"Falta de Atenção à Condução";"Capotamento";"Com Vítimas Feridas";"Pleno dia";"Decrescente";"Céu Claro";"Dupla";"Reta";"Não";2;0;2;0;0;0;2;1;-24,73810076;-48,12286377;"SPRF-SP";"DEL05-SP";"UAP01-DEL05-SP"
141455;2018-06-20;"quarta-feira";"19:30:00";"CE";116;17;"FORTALEZA";"Falta de Atenção do Pedestre";"Atropelamento de Pedestre";"Com Vítimas Feridas";"Plena Noite";"Crescente";"Céu Claro";"Dupla";"Reta";"Sim";3;0;0;2;1;0;2;2;-3,9088;-38,5058;"SPRF-CE";"DEL01-CE";"UOP02-DEL01-CE"
141456;2018-06-20;"quarta-feira";"20:00:00";"SP";116;219;"GUARULHOS";"Defeito Mecânico no Veículo";"Colisão lateral";"Com Vítimas Feridas";"Plena Noite";"Crescente";"Nublado";"Múltipla";"Reta";"Não";3;0;2;0;1;0;2;2;-23,46532564;-46,50073416;"SPRF-SP";"DEL01-SP";"UOP01-DEL01-SP"
141457;2018-06-20;"quarta-feira";"15:35:00";"MG";40;39,5;"PARACATU";"Não guardar distância de segurança";"Colisão lateral";"Com Vítimas Feridas";"Pleno dia";"Decrescente";"Céu Claro";"Simples";"Interseção de Vias";"Sim";5;0;0;1;3;1;1;3;-17,21083334;-46,88549817;"SPRF-MG";"DEL14-MG";"UOP01-DEL14-MG"
141460;2018-06-20;"quarta-feira";"20:00:00";"PR";476;118,7;"COLOMBO";"Falta de Atenção à Condução";"Queda de ocupante de veículo";"Com Vítimas Feridas";"Plena Noite";"Crescente";"Céu Claro";"Dupla";"Reta";"Sim";1;0;1;0;0;0;1;1;-25,36159432;-49,18388573;"SPRF-PR";"DEL01-PR";"UOP01-DEL01-PR"
141461;2018-06-20;"quarta-feira";"20:10:00";"PE";407;127;"PETROLINA";"Desobediência às normas de trânsito pelo condutor";"Colisão transversal";"Com Vítimas Feridas";"Plena Noite";"Crescente";"Céu Claro";"Simples";"Interseção de Vias";"Sim";2;0;1;0;1;0;1;2;-9,39131469;-40,51895142;"SPRF-PE";"DEL06-PE";"UOP01-DEL06-PE"
141462;2018-06-20;"quarta-feira";"20:50:00";"SC";280;23,5;"ARAQUARI";"Ingestão de Álcool";"Colisão frontal";"Com Vítimas Feridas";"Plena Noite";"Decrescente";"Nublado";"Simples";"Reta";"Sim";6;0;1;1;0;4;2;3;-26,37483359;-48,71659127;"SPRF-SC";"DEL03-SC";"UOP03-DEL03-SC"
141463;2018-06-20;"quarta-feira";"17:30:00";"RJ";101;324;"NITEROI";"Não guardar distância de segurança";"Tombamento";"Com Vítimas Feridas";"Anoitecer";"Decrescente";"Céu Claro";"Dupla";"Reta";"Não";1;0;1;0;0;0;1;1;-22,873808;-43,126438;"SPRF-RJ";"DEL02-RJ";"UOP02-DEL02-RJ"
141464;2018-06-20;"quarta-feira";"21:50:00";"SC";470;52,1;"BLUMENAU";"Ingestão de Álcool";"Colisão frontal";"Com Vítimas Fatais";"Plena Noite";"Crescente";"Nublado";"Simples";"Reta";"Sim";4;2;0;0;1;1;0;3;-26,85975043;-49,0758661;"SPRF-SC";"DEL04-SC";"UOP01-DEL04-SC"
141467;2018-06-20;"quarta-feira";"18:20:00";"MA";222;202;"ITAPECURU MIRIM";"Falta de Atenção à Condução";"Colisão traseira";"Com Vítimas Fatais";"Anoitecer";"Crescente";"Céu Claro";"Simples";"Curva";"Não";2;1;0;0;0;1;0;2;-3,43117486;-44,34082031;"SPRF-MA";"DEL01-MA";"DEL18/1-UOP03/MA"
141468;2018-06-20;"quarta-feira";"21:00:00";"PA";316;63,9;"CASTANHAL";"Ingestão de Álcool";"Colisão traseira";"Com Vítimas Feridas";"Plena Noite";"Crescente";"Garoa/Chuvisco";"Dupla";"Reta";"Sim";3;0;0;1;1;1;1;3;-1,29627612;-47,92030334;"SPRF-PA";"DEL01-PA";"UOP01-DEL01-PA"
141469;2018-06-20;"quarta-feira";"19:45:00";"RS";116;656,9;"JAGUARAO";"Falta de Atenção à Condução";"Colisão transversal";"Com Vítimas Feridas";"Plena Noite";"Crescente";"Céu Claro";"Simples";"Reta";"Sim";2;0;0;1;1;0;1;2;-32,55113605;-53,38133622;"SPRF-RS";"DEL07-RS";"UOP03-DEL07-RS"
141470;2018-06-20;"quarta-feira";"22:30:00";"PR";153;367,7;"RIO AZUL";"Falta de Atenção do Pedestre";"Atropelamento de Pedestre";"Com Vítimas Fatais";"Plena Noite";"Decrescente";"Nevoeiro/Neblina";"Simples";"Curva";"Não";3;1;0;0;2;0;0;2;-25,708061;-50,783958;"SPRF-PR";"DEL03-PR";"UOP02-DEL08-PR"
141472;2018-06-20;"quarta-feira";"23:32:00";"PR";376;229,8;"APUCARANA";"Falta de Atenção à Condução";"Saída de leito carroçável";"Com Vítimas Feridas";"Plena Noite";"Decrescente";"Céu Claro";"Dupla";"Reta";"Não";1;0;1;0;0;0;1;1;-23,563029;-51,53744;"SPRF-PR";"DEL07-PR";"UOP03-DEL07-PR"
141474;2018-06-20;"quarta-feira";"23:04:00";"SC";282;623,1;"IRACEMINHA";"Condutor Dormindo";"Saída de leito carroçável";"Com Vítimas Feridas";"Plena Noite";"Decrescente";"Céu Claro";"Simples";"Reta";"Não";2;0;2;0;0;0;2;1;-26,799004;-53,332302;"SPRF-SC";"DEL07-SC";"UOP02-DEL07-SC"
141475;2018-06-20;"quarta-feira";"23:50:00";"PR";376;3,1;"APUCARANA";"Falta de Atenção à Condução";"Colisão transversal";"Com Vítimas Feridas";"Plena Noite";"Crescente";"Céu Claro";"Simples";"Reta";"Sim";2;0;0;1;1;0;1;2;-23,55728003;-51,44202232;"SPRF-PR";"DEL07-PR";"UOP03-DEL07-PR"
141478;2018-06-21;"quinta-feira";"00:00:00";"GO";40;9,3;"LUZIANIA";"Ingestão de Álcool";"Colisão traseira";"Com Vítimas Feridas";"Plena Noite";"Decrescente";"Céu Claro";"Dupla";"Reta";"Sim";4;0;1;0;3;0;1;2;-16,12895;-47,959125;"SPRF-DF";"DEL01-DF";"UOP01-DEL01-DF"
141479;2018-06-21;"quinta-feira";"00:35:00";"PR";277;75;"SAO JOSE DOS PINHAIS";"Falta de Atenção do Pedestre";"Tombamento";"Sem Vítimas";"Plena Noite";"Crescente";"Céu Claro";"Dupla";"Reta";"Sim";1;0;0;0;1;0;0;1;-25,49236469;-49,17108715;"SPRF-PR";"DEL01-PR";"UOP01-DEL01-PR"
141481;2018-06-20;"quarta-feira";"23:20:00";"MG";40;664,4;"CARANDAI";"Falta de Atenção à Condução";"Colisão com objeto estático";"Com Vítimas Feridas";"Plena Noite";"Decrescente";"Céu Claro";"Simples";"Reta";"Não";1;0;0;1;0;0;1;1;-20,9447;-43,8088;"SPRF-MG";"DEL05-MG";"UOP02-DEL05-MG"
141485;2018-06-03;"domingo";"17:50:00";"RS";470;273,8;"SAO JOSE DO SUL";"Falta de Atenção à Condução";"Colisão transversal";"Com Vítimas Feridas";"Plena Noite";"Decrescente";"Céu Claro";"Simples";"Reta";"Não";3;0;1;1;1;0;2;2;-29,55173603;-51,48016959;"SPRF-RS";"DEL04-RS";"UOP02-DEL04-RS"
141487;2018-06-21;"quinta-feira";"05:00:00";"MG";40;783,8;"JUIZ DE FORA";"Falta de Atenção à Condução";"Colisão frontal";"Com Vítimas Feridas";"Plena Noite";"Decrescente";"Nevoeiro/Neblina";"Dupla";"Reta";"Não";2;0;1;0;1;0;1;2;-21,7283;-43,4373;"SPRF-MG";"DEL05-MG";"UOP01-DEL05-MG"
141489;2018-06-20;"quarta-feira";"16:40:00";"SE";235;64;"ITABAIANA";"Falta de Atenção à Condução";"Colisão transversal";"Com Vítimas Feridas";"Pleno dia";"Decrescente";"Céu Claro";"Simples";"Interseção de Vias";"Sim";3;0;1;1;1;0;2;2;-10,59581;-37,479897;"SPRF-SE";"DEL01-SE";"UOP02-DEL01-SE"
141490;2018-06-21;"quinta-feira";"04:10:00";"RO";364;715,5;"PORTO VELHO";"Ingestão de Álcool";"Capotamento";"Com Vítimas Feridas";"Plena Noite";"Decrescente";"Céu Claro";"Simples";"Em Obras";"Sim";4;0;1;0;3;0;1;1;-8,78427219;-63,89719248;"SPRF-RO";"DEL01-RO";"UOP01-DEL01-RO"
141495;2018-06-21;"quinta-feira";"06:30:00";"MG";365;625;"UBERLANDIA";"Pista Escorregadia";"Queda de ocupante de veículo";"Com Vítimas Feridas";"Pleno dia";"Crescente";"Céu Claro";"Dupla";"Curva";"Sim";1;0;1;0;0;0;1;1;-18,91047045;-48,30369294;"SPRF-MG";"DEL15-MG";"UOP01-DEL15-MG"
141498;2018-06-21;"quinta-feira";"06:30:00";"MG";146;523,9;"GUAXUPE";"Desobediência às normas de trânsito pelo condutor";"Colisão transversal";"Com Vítimas Feridas";"Pleno dia";"Decrescente";"Céu Claro";"Simples";"Interseção de Vias";"Não";2;0;1;0;1;0;1;2;-21,30461851;-46,62690997;"SPRF-MG";"DEL09-MG";"UOP01-DEL09-MG"
141499;2018-06-21;"quinta-feira";"06:45:00";"BA";324;577;"SAO SEBASTIAO DO PASSE";"Velocidade Incompatível";"Colisão traseira";"Com Vítimas Feridas";"Pleno dia";"Decrescente";"Chuva";"Dupla";"Reta";"Não";4;0;1;0;3;0;1;3;-12,58870792;-38,52347946;"SPRF-BA";"DEL01-BA";"UOP01-DEL01-BA"
141500;2018-06-21;"quinta-feira";"07:20:00";"SC";280;52;"GUARAMIRIM";"Falta de Atenção à Condução";"Colisão transversal";"Com Vítimas Feridas";"Pleno dia";"Crescente";"Nublado";"Simples";"Reta";"Sim";2;0;1;0;1;0;1;2;-26,47477472;-48,98081568;"SPRF-SC";"DEL03-SC";"UOP03-DEL03-SC"
141501;2018-06-21;"quinta-feira";"07:00:00";"MG";381;511,5;"IGARAPE";"Falta de Atenção à Condução";"Colisão traseira";"Com Vítimas Feridas";"Pleno dia";"Crescente";"Sol";"Múltipla";"Reta;Declive";"Sim";2;0;1;0;1;0;1;2;-20,06353006;-44,29418206;"SPRF-MG";"DEL01-MG";"UOP03-DEL01-MG"
141502;2018-06-21;"quinta-feira";"07:20:00";"RN";101;100,3;"PARNAMIRIM";"Falta de Atenção à Condução";"Colisão lateral";"Com Vítimas Feridas";"Pleno dia";"Decrescente";"Céu Claro";"Dupla";"Curva";"Sim";2;0;1;0;1;0;1;2;-5,881161;-35,225452;"SPRF-RN";"DEL01-RN";"UOP01-DEL01-RN"
141505;2018-06-21;"quinta-feira";"07:30:00";"RS";116;267,9;"CANOAS";"Falta de Atenção à Condução";"Colisão lateral";"Com Vítimas Feridas";"Pleno dia";"Crescente";"Céu Claro";"Múltipla";"Reta";"Sim";2;0;0;1;1;0;1;2;-29,94580579;-51,17695905;"SPRF-RS";"DEL01-RS";"UOP01-DEL01-RS"
141506;2018-06-21;"quinta-feira";"06:40:00";"ES";262;1,2;"CARIACICA";"Falta de Atenção à Condução";"Colisão traseira";"Com Vítimas Feridas";"Pleno dia";"Decrescente";"Céu Claro";"Múltipla";"Reta";"Não";2;0;2;0;0;0;2;2;-20,3286;-40,355;"SPRF-ES";"DEL01-ES";"UOP01-DEL01-ES"
141507;2018-06-21;"quinta-feira";"08:00:00";"DF";40;3;"BRASILIA";"Falta de Atenção à Condução";"Colisão traseira";"Com Vítimas Feridas";"Pleno dia";"Decrescente";"Céu Claro";"Dupla";"Reta";"Sim";2;0;1;0;1;0;1;2;-16,003145;-47,983944;"SPRF-DF";"DEL01-DF";"UOP01-DEL01-DF"
141511;2018-06-21;"quinta-feira";"07:25:00";"SP";116;208,1;"GUARULHOS";"Não guardar distância de segurança";"Colisão lateral";"Com Vítimas Feridas";"Pleno dia";"Crescente";"Céu Claro";"Dupla";"Reta";"Sim";3;0;1;0;2;0;1;2;-23,42263311;-46,39539242;"SPRF-SP";"DEL01-SP";"UOP01-DEL01-SP"
141514;2018-06-21;"quinta-feira";"08:15:00";"GO";60;46;"APARECIDA DE GOIANIA";"Falta de Atenção à Condução";"Colisão lateral";"Com Vítimas Feridas";"Pleno dia";"Crescente";"Céu Claro";"Dupla";"Reta";"Sim";2;0;1;0;1;0;1;2;-16,8101;-49,2397;"SPRF-GO";"DEL01-GO";"UOP03-DEL01-GO"
141516;2018-06-21;"quinta-feira";"08:30:00";"SC";101;123;"ITAJAI";"Desobediência às normas de trânsito pelo condutor";"Colisão transversal";"Com Vítimas Feridas";"Pleno dia";"Decrescente";"Céu Claro";"Dupla";"Interseção de Vias";"Sim";3;0;1;1;1;0;2;2;-26,9373746;-48,69762897;"SPRF-SC";"DEL04-SC";"UOP04-DEL04-SC"
141519;2018-06-21;"quinta-feira";"08:50:00";"SC";101;19;"JOINVILLE";"Velocidade Incompatível";"Colisão com objeto estático";"Com Vítimas Feridas";"Pleno dia";"Crescente";"Sol";"Dupla";"Curva";"Não";1;0;1;0;0;0;1;1;-26,1409;-48,903;"SPRF-SC";"DEL03-SC";"UOP01-DEL03-SC"
141520;2018-06-21;"quinta-feira";"08:10:00";"GO";153;501,9;"GOIANIA";"Falta de Atenção à Condução";"Colisão com objeto estático";"Com Vítimas Feridas";"Pleno dia";"Crescente";"Sol";"Múltipla";"Reta";"Sim";1;0;1;0;0;0;1;1;-16,7189;-49,2382;"SPRF-GO";"DEL01-GO";"UOP01-DEL01-GO"
141521;2018-06-21;"quinta-feira";"07:20:00";"PI";226;272,9;"TERESINA";"Desobediência às normas de trânsito pelo condutor";"Colisão lateral";"Com Vítimas Feridas";"Pleno dia";"Crescente";"Céu Claro";"Dupla";"Reta";"Sim";1;0;1;0;0;0;1;1;-5,12511873;-42,79940844;"SPRF-PI";"DEL01-PI";"UOP02-DEL01-PI"
141522;2018-02-03;"sábado";"12:30:00";"MG";40;515,2;"RIBEIRAO DAS NEVES";"Não guardar distância de segurança";"Engavetamento";"Com Vítimas Feridas";"Pleno dia";"Decrescente";"Nublado";"Dupla";"Reta";"Sim";8;0;0;2;6;0;2;7;-19,81776066;-44,08811935;"SPRF-MG";"DEL01-MG";"UOP03-DEL01-MG"
141524;2018-06-21;"quinta-feira";"08:20:00";"RO";0;0;"PORTO VELHO";"Falta de Atenção à Condução";"Colisão frontal";"Com Vítimas Feridas";"Pleno dia";"Não Informado";"Céu Claro";"Simples";"Reta";"Sim";2;0;1;0;1;0;1;2;-8,78527233;-63,8597442;"SPRF-RO";"DEL01-RO";"UOP01-DEL01-RO"
141525;2018-06-21;"quinta-feira";"07:00:00";"ES";101;290;"CARIACICA";"Falta de Atenção à Condução";"Colisão transversal";"Com Vítimas Feridas";"Pleno dia";"Decrescente";"Céu Claro";"Dupla";"Reta";"Sim";2;0;2;0;0;0;2;2;-20,29665555;-40,39209366;"SPRF-ES";"DEL01-ES";"UOP01-DEL01-ES"
141526;2018-06-21;"quinta-feira";"06:40:00";"RR";174;691,3;"PACARAIMA";"Velocidade Incompatível";"Saída de leito carroçável";"Com Vítimas Fatais";"Amanhecer";"Crescente";"Nublado";"Simples";"Reta";"Não";1;1;0;0;0;0;0;1;4,3365226;-61,11915;"SPRF-RR";"DEL01-RR";"UOP02-DEL01-RR"
141527;2018-06-21;"quinta-feira";"06:30:00";"PI";407;455,9;"GEMINIANO";"Desobediência às normas de trânsito pelo condutor";"Colisão lateral";"Com Vítimas Feridas";"Pleno dia";"Decrescente";"Sol";"Simples";"Declive";"Não";4;0;4;0;0;0;4;2;-7,269011;-41,215919;"SPRF-PI";"DEL04-PI";"UOP01-DEL04-PI"
141528;2018-05-31;"quinta-feira";"23:35:00";"RS";470;219,6;"BENTO GONCALVES";"Falta de Atenção à Condução";"Colisão lateral";"Com Vítimas Feridas";"Plena Noite";"Crescente";"Céu Claro";"Dupla";"Reta";"Sim";6;0;1;0;5;0;1;2;-29,19291185;-51,52137816;"SPRF-RS";"DEL06-RS";"UOP01-DEL06-RS"
141530;2018-06-21;"quinta-feira";"10:20:00";"SC";101;134;"BALNEARIO CAMBORIU";"Falta de Atenção à Condução";"Colisão lateral";"Com Vítimas Feridas";"Pleno dia";"Crescente";"Céu Claro";"Múltipla";"Reta";"Sim";2;0;1;0;1;0;1;2;-27,0049;-48,6266;"SPRF-SC";"DEL04-SC";"UOP03-DEL04-SC"
141531;2018-06-21;"quinta-feira";"10:40:00";"SC";101;207;"SAO JOSE";"Desobediência às normas de trânsito pelo condutor";"Colisão transversal";"Com Vítimas Feridas";"Pleno dia";"Crescente";"Céu Claro";"Múltipla";"Interseção de Vias";"Sim";3;0;1;0;2;0;1;2;-27,59913427;-48,62214625;"SPRF-SC";"DEL01-SC";"UOP01-DEL01-SC"
141532;2018-06-21;"quinta-feira";"10:35:00";"SC";101;87,7;"BARRA VELHA";"Falta de Atenção à Condução";"Colisão transversal";"Com Vítimas Feridas";"Pleno dia";"Decrescente";"Céu Claro";"Simples";"Reta";"Sim";2;0;1;0;1;0;1;2;-26,6504;-48,6869;"SPRF-SC";"DEL03-SC";"UOP02-DEL03-SC"
141533;2018-06-21;"quinta-feira";"10:20:00";"MG";153;144;"PRATA";"Defeito Mecânico no Veículo";"Queda de ocupante de veículo";"Com Vítimas Feridas";"Pleno dia";"Crescente";"Céu Claro";"Simples";"Declive;Reta";"Não";1;0;1;0;0;0;1;1;-19,629816;-48,84921;"SPRF-MG";"DEL13-MG";"UOP02-DEL13-MG"
141534;2018-06-21;"quinta-feira";"09:40:00";"PA";230;121;"MARABA";"Falta de Atenção à Condução";"Colisão lateral";"Com Vítimas Feridas";"Pleno dia";"Crescente";"Céu Claro";"Dupla";"Reta";"Não";4;0;1;0;2;1;1;3;-5,352974;-49,121437;"SPRF-PA";"DEL03-PA";"UOP01-DEL03-PA"
141535;2018-06-21;"quinta-feira";"11:00:00";"SC";282;215,2;"LAGES";"Falta de Atenção à Condução";"Colisão transversal";"Com Vítimas Feridas";"Pleno dia";"Crescente";"Céu Claro";"Simples";"Rotatória";"Sim";2;0;1;0;1;0;1;2;-27,79476538;-50,2839246;"SPRF-SC";"DEL05-SC";"UOP01-DEL05-SC"
141536;2018-06-21;"quinta-feira";"08:10:00";"AC";364;139;"RIO BRANCO";"Falta de Atenção à Condução";"Colisão traseira";"Com Vítimas Feridas";"Pleno dia";"Crescente";"Céu Claro";"Dupla";"Rotatória";"Sim";1;0;1;0;0;0;1;1;-9,96068906;-67,85658323;"SPRF-AC";"DEL01-AC";"UOP01-DEL01-AC"