"id";"data_inversa";"dia_semana";"horario";"uf";"br";"km";"municipio";"causa_acidente";"tipo_acidente";"classificacao_acidente";"fase_dia";"sentido_via";"condicao_metereologica";"tipo_pista";"tracado_via";"uso_solo";"pessoas";"mortos";"feridos_leves";"feridos_graves";"ilesos";"ignorados";"feridos";"veiculos";"latitude";"longitude";"regional";"delegacia";"uop"
141538;2018-06-21;"quinta-feira";"10:50:00";"RS";392;351,4;"SANTA MARIA";"Falta de Atenção à Condução";"Colisão transversal";"Com Vítimas Feridas";"Pleno dia";"Decrescente";"Céu Claro";"Simples";"Reta;Interseção de Vias";"Sim";4;0;1;0;3;0;1;2;-29,7288683;-53,80292416;"SPRF-RS";"DEL09-RS";"UOP01-DEL09-RS"
141539;2018-06-21;"quinta-feira";"11:00:00";"RS";470;177;"VERANOPOLIS";"Falta de Atenção à Condução";"Colisão transversal";"Com Vítimas Feridas";"Pleno dia";"Crescente";"Céu Claro";"Simples";"Curva";"Não";2;0;1;0;1;0;1;2;-28,92487699;-51,5393436;"SPRF-RS";"DEL06-RS";"UOP02-DEL06-RS"
141540;2018-06-21;"quinta-feira";"10:15:00";"BA";101;873,4;"TEIXEIRA DE FREITAS";"Ultrapassagem Indevida";"Colisão frontal";"Com Vítimas Fatais";"Pleno dia";"Crescente";"Nublado";"Simples";"Curva";"Não";3;2;0;1;0;0;1;2;-17,5048;-39,7034;"SPRF-BA";"DEL09-BA";"UOP02-DEL09-BA"
141543;2018-06-21;"quinta-feira";"11:35:00";"RS";290;96;"PORTO ALEGRE";"Falta de Atenção à Condução";"Colisão com objeto estático";"Com Vítimas Feridas";"Pleno dia";"Decrescente";"Céu Claro";"Dupla";"Curva";"Sim";5;0;4;0;1;0;4;1;-29,997623;-51,205578;"SPRF-RS";"DEL01-RS";"UOP01-DEL01-RS"
141544;2018-06-21;"quinta-feira";"11:30:00";"RJ";101;205,9;"CASIMIRO DE ABREU";"Falta de Atenção à Condução";"Colisão transversal";"Com Vítimas Feridas";"Pleno dia";"Decrescente";"Céu Claro";"Simples";"Retorno Regulamentado";"Sim";3;0;1;0;2;0;1;2;-22,47568218;-42,19410896;"SPRF-RJ";"DEL02-RJ";"UOP04-DEL08-RJ"
141548;2018-06-21;"quinta-feira";"08:55:00";"AC";364;124,5;"RIO BRANCO";"Mal Súbito";"Colisão traseira";"Com Vítimas Feridas";"Pleno dia";"Crescente";"Céu Claro";"Dupla";"Reta";"Não";4;0;1;0;3;0;1;4;-10,01158015;-67,79600859;"SPRF-AC";"DEL01-AC";"UOP01-DEL01-AC"
141549;2018-06-21;"quinta-feira";"10:30:00";"PE";101;84,5;"JABOATAO DOS GUARARAPES";"Ultrapassagem Indevida";"Colisão frontal";"Com Vítimas Feridas";"Pleno dia";"Decrescente";"Céu Claro";"Simples";"Reta";"Sim";2;0;0;1;1;0;1;2;-8,18563792;-34,95271593;"SPRF-PE";"DEL01-PE";"UOP03-DEL01-PE"
141551;2018-06-21;"quinta-feira";"12:45:00";"SC";101;268,9;"IMBITUBA";"Avarias e/ou desgaste excessivo no pneu";"Tombamento";"Com Vítimas Feridas";"Pleno dia";"Crescente";"Céu Claro";"Dupla";"Reta";"Sim";2;0;2;0;0;0;2;1;-28,10062261;-48,7043345;"SPRF-SC";"DEL02-SC";"UOP03-DEL02-SC"
141553;2018-06-02;"sábado";"06:20:00";"SP";381;71;"MAIRIPORA";"Defeito Mecânico no Veículo";"Colisão traseira";"Com Vítimas Feridas";"Pleno dia";"Crescente";"Sol";"Dupla";"Reta";"Não";4;0;1;0;3;0;1;3;-23,35464366;-46,54997808;"SPRF-SP";"DEL03-SP";"DEL6/3-UOP03/SP"
141554;2018-06-21;"quinta-feira";"12:56:00";"SC";101;121;"ITAJAI";"Defeito Mecânico no Veículo";"Tombamento";"Com Vítimas Feridas";"Pleno dia";"Crescente";"Céu Claro";"Dupla";"Reta";"Sim";2;0;2;0;0;0;2;1;-26,9297;-48,7048;"SPRF-SC";"DEL04-SC";"UOP04-DEL04-SC"
141557;2018-05-28;"segunda-feira";"20:00:00";"PB";230;19,1;"JOAO PESSOA";"Não guardar distância de segurança";"Colisão traseira";"Com Vítimas Feridas";"Plena Noite";"Crescente";"Céu Claro";"Dupla";"Reta";"Sim";2;0;1;0;1;0;1;2;-7,131371;-34,852706;"SPRF-PB";"DEL01-PB";"UOP01-DEL01-PB"
141559;2018-05-11;"sexta-feira";"11:00:00";"MS";262;593,3;"MIRANDA";"Pista Escorregadia";"Saída de leito carroçável";"Com Vítimas Feridas";"Pleno dia";"Decrescente";"Chuva";"Simples";"Reta";"Não";2;0;2;0;0;0;2;1;-20,13234586;-56,70038044;"SPRF-MS";"DEL03-MS";"UOP02-DEL03-MS"
141560;2018-06-21;"quinta-feira";"13:45:00";"BA";418;89,1;"CARAVELAS";"Falta de Atenção à Condução";"Colisão lateral";"Com Vítimas Feridas";"Pleno dia";"Crescente";"Céu Claro";"Simples";"Reta";"Sim";2;0;1;0;1;0;1;2;-17,734264;-39,553185;"SPRF-BA";"DEL09-BA";"UOP02-DEL09-BA"
141563;2018-06-21;"quinta-feira";"14:35:00";"SC";101;192,9;"BIGUACU";"Falta de Atenção à Condução";"Colisão com objeto em movimento";"Com Vítimas Feridas";"Pleno dia";"Crescente";"Céu Claro";"Múltipla";"Viaduto";"Sim";2;0;1;0;1;0;1;2;-27,49936419;-48,65608692;"SPRF-SC";"DEL01-SC";"UOP01-DEL01-SC"
141564;2018-06-21;"quinta-feira";"07:30:00";"MT";364;389,1;"SANTO ANTONIO DO LEVERGER";"Defeito na Via";"Tombamento";"Com Vítimas Feridas";"Pleno dia";"Crescente";"Céu Claro";"Simples";"Reta";"Não";1;0;1;0;0;0;1;1;-15,70171365;-55,84625244;"SPRF-MT";"DEL02-MT";"UOP02-DEL01-MT"
141565;2018-06-21;"quinta-feira";"14:30:00";"DF";20;12,3;"BRASILIA";"Mal Súbito";"Colisão com objeto estático";"Com Vítimas Feridas";"Pleno dia";"Decrescente";"Sol";"Dupla";"Reta";"Não";2;0;1;1;0;0;2;1;-15,64964633;-47,75166214;"SPRF-DF";"DEL02-DF";"UOP01-DEL02-DF"
141566;2018-05-07;"segunda-feira";"21:05:00";"RS";116;563,2;"PEDRO OSORIO";"Desobediência às normas de trânsito pelo condutor";"Colisão transversal";"Com Vítimas Feridas";"Plena Noite";"Crescente";"Céu Claro";"Simples";"Interseção de Vias";"Não";2;0;0;1;1;0;1;2;-31,92652373;-52,72614866;"SPRF-RS";"DEL07-RS";"UOP03-DEL07-RS"
141572;2018-06-21;"quinta-feira";"14:20:00";"SP";116;101;"TAUBATE";"Falta de Atenção à Condução";"Capotamento";"Sem Vítimas";"Pleno dia";"Crescente";"Sol";"Dupla";"Reta";"Não";2;0;0;0;2;0;0;2;-22,990749;-45,481167;"SPRF-SP";"DEL06-SP";"UOP01-DEL06-SP"
141573;2018-06-21;"quinta-feira";"14:50:00";"SC";282;6;"SAO JOSE";"Falta de Atenção à Condução";"Colisão lateral";"Com Vítimas Feridas";"Pleno dia";"Crescente";"Céu Claro";"Dupla";"Curva";"Não";1;0;1;0;0;0;1;1;-27,5848348;-48,61658316;"SPRF-SC";"DEL01-SC";"UOP01-DEL01-SC"
141574;2018-06-21;"quinta-feira";"08:00:00";"TO";153;143;"ARAGUAINA";"Avarias e/ou desgaste excessivo no pneu";"Tombamento";"Com Vítimas Feridas";"Pleno dia";"Decrescente";"Céu Claro";"Dupla";"Reta";"Sim";2;0;2;0;0;0;2;1;-7,19314634;-48,23482454;"SPRF-TO";"DEL02-TO";"UOP01-DEL02-TO"
141577;2018-06-21;"quinta-feira";"14:45:00";"MG";116;524,5;"CARATINGA";"Defeito na Via";"Tombamento";"Com Vítimas Feridas";"Pleno dia";"Crescente";"Céu Claro";"Simples";"Interseção de Vias";"Sim";1;0;1;0;0;0;1;1;-19,75089747;-42,13271332;"SPRF-MG";"DEL06-MG";"UOP02-DEL06-MG"
141579;2018-06-21;"quinta-feira";"15:15:00";"SC";101;26,7;"JOINVILLE";"Ingestão de Álcool";"Colisão lateral";"Com Vítimas Feridas";"Pleno dia";"Crescente";"Céu Claro";"Dupla";"Reta";"Não";2;0;1;0;1;0;1;2;-26,2015;-48,9132;"SPRF-SC";"DEL03-SC";"UOP01-DEL03-SC"
141581;2018-06-21;"quinta-feira";"15:10:00";"PA";316;6;"ANANINDEUA";"Falta de Atenção do Pedestre";"Atropelamento de Pedestre";"Com Vítimas Feridas";"Pleno dia";"Decrescente";"Céu Claro";"Dupla";"Reta";"Sim";2;0;0;1;1;0;1;2;-1,366236;-48,367805;"SPRF-PA";"DEL01-PA";"DEL19/1-UOP05/PA"
141582;2018-05-30;"quarta-feira";"14:20:00";"GO";60;94,9;"ANAPOLIS";"Não guardar distância de segurança";"Tombamento";"Com Vítimas Feridas";"Pleno dia";"Decrescente";"Céu Claro";"Dupla";"Reta";"Sim";1;0;1;0;0;0;1;1;-16,35931384;-48,93191088;"SPRF-GO";"DEL02-GO";"UOP01-DEL02-GO"
141583;2018-06-21;"quinta-feira";"06:50:00";"PR";116;6;"CAMPINA GRANDE DO SUL";"Falta de Atenção à Condução";"Colisão traseira";"Com Vítimas Feridas";"Amanhecer";"Crescente";"Céu Claro";"Dupla";"Reta";"Não";2;0;1;0;1;0;1;2;-25,3669;-49,0996;"SPRF-PR";"DEL01-PR";"UOP02-DEL01-PR"
141584;2018-06-21;"quinta-feira";"15:55:00";"PR";476;132;"CURITIBA";"Falta de Atenção à Condução";"Colisão transversal";"Com Vítimas Feridas";"Pleno dia";"Crescente";"Sol";"Múltipla";"Reta";"Sim";5;0;2;0;3;0;2;3;-25,46762843;-49,25350774;"SPRF-PR";"DEL01-PR";"UOP07-DEL01-PR"
141586;2018-06-21;"quinta-feira";"15:30:00";"RN";101;75,9;"SAO GONCALO DO AMARANTE";"Não guardar distância de segurança";"Colisão traseira";"Com Vítimas Feridas";"Pleno dia";"Crescente";"Garoa/Chuvisco";"Dupla";"Declive";"Sim";3;0;2;0;1;0;2;2;-5,721906;-35,276718;"SPRF-RN";"DEL02-RN";"UOP01-DEL02-RN"
141587;2018-06-21;"quinta-feira";"15:57:00";"BA";324;355;"CAPIM GROSSO";"Falta de Atenção à Condução";"Colisão traseira";"Com Vítimas Feridas";"Pleno dia";"Crescente";"Céu Claro";"Simples";"Reta";"Sim";2;0;0;1;0;1;1;2;-11,38714802;-39,99727249;"SPRF-BA";"DEL04-BA";"UOP02-DEL04-BA"
141591;2018-06-21;"quinta-feira";"16:28:00";"SC";101;206;"SAO JOSE";"Falta de Atenção à Condução";"Colisão lateral";"Com Vítimas Feridas";"Pleno dia";"Decrescente";"Céu Claro";"Múltipla";"Reta";"Sim";2;0;1;0;1;0;1;2;-27,6001;-48,6225;"SPRF-SC";"DEL01-SC";"UOP01-DEL01-SC"
141592;2018-06-21;"quinta-feira";"15:50:00";"MG";50;39;"ARAGUARI";"Velocidade Incompatível";"Saída de leito carroçável";"Com Vítimas Feridas";"Pleno dia";"Crescente";"Céu Claro";"Simples";"Curva";"Sim";1;0;1;0;0;0;1;1;-18,6747;-48,1781;"SPRF-MG";"DEL15-MG";"UOP02-DEL15-MG"
141595;2018-06-21;"quinta-feira";"15:20:00";"PB";408;9,9;"MASSARANDUBA";"Velocidade Incompatível";"Saída de leito carroçável";"Com Vítimas Feridas";"Pleno dia";"Decrescente";"Céu Claro";"Dupla";"Curva";"Não";1;0;1;0;0;0;1;1;-7,27093955;-35,78668714;"SPRF-PB";"DEL02-PB";"UOP01-DEL02-PB"
141597;2018-06-21;"quinta-feira";"08:45:00";"SC";101;436,4;"SOMBRIO";"Falta de Atenção à Condução";"Colisão transversal";"Com Vítimas Feridas";"Pleno dia";"Decrescente";"Céu Claro";"Simples";"Reta";"Sim";2;0;1;0;1;0;1;2;-29,1113758;-49,63897705;"SPRF-SC";"DEL02-SC";"UOP02-DEL02-SC"
141600;2018-06-21;"quinta-feira";"16:30:00";"BA";116;11,3;"VITORIA DA CONQUISTA";"Falta de Atenção à Condução";"Colisão transversal";"Com Vítimas Feridas";"Pleno dia";"Crescente";"Céu Claro";"Simples";"Interseção de Vias";"Não";2;0;0;1;1;0;1;2;-14,87323768;-40,87139904;"SPRF-BA";"DEL08-BA";"UOP01-DEL08-BA"
141604;2018-06-21;"quinta-feira";"17:30:00";"SC";470;45,6;"GASPAR";"Falta de Atenção à Condução";"Tombamento";"Com Vítimas Feridas";"Pleno dia";"Decrescente";"Céu Claro";"Simples";"Reta;Em Obras";"Não";1;0;1;0;0;0;1;1;-26,86860201;-49,02764797;"SPRF-SC";"DEL04-SC";"UOP01-DEL04-SC"
141606;2018-06-21;"quinta-feira";"17:55:00";"MG";381;490,5;"BETIM";"Não guardar distância de segurança";"Colisão lateral";"Com Vítimas Feridas";"Plena Noite";"Crescente";"Céu Claro";"Múltipla";"Reta";"Sim";1;0;1;0;0;0;1;1;-19,95674641;-44,14018249;"SPRF-MG";"DEL01-MG";"UOP03-DEL01-MG"
141607;2018-06-21;"quinta-feira";"17:30:00";"MG";40;465,2;"SETE LAGOAS";"Velocidade Incompatível";"Capotamento";"Com Vítimas Feridas";"Anoitecer";"Decrescente";"Céu Claro";"Dupla";"Reta";"Sim";1;0;1;0;0;0;1;1;-19,4495;-44,3176;"SPRF-MG";"DEL02-MG";"UOP01-DEL02-MG"
141608;2018-06-21;"quinta-feira";"17:00:00";"MS";163;477,7;"CAMPO GRANDE";"Desobediência às normas de trânsito pelo condutor";"Tombamento";"Com Vítimas Feridas";"Anoitecer";"Decrescente";"Céu Claro";"Simples";"Curva";"Sim";2;0;2;0;0;0;2;1;-20,50012;-54,558638;"SPRF-MS";"DEL01-MS";"UOP01-DEL01-MS"
141609;2018-06-21;"quinta-feira";"17:15:00";"PB";230;514,1;"BOM JESUS";"Desobediência às normas de trânsito pelo condutor";"Saída de leito carroçável";"Com Vítimas Feridas";"Anoitecer";"Decrescente";"Céu Claro";"Simples";"Reta";"Não";1;0;1;0;0;0;1;1;-6,8847;-38,6229;"SPRF-PB";"DEL03-PB";"UOP03-DEL03-PB"
141610;2018-06-21;"quinta-feira";"17:20:00";"PI";343;331;"TERESINA";"Não guardar distância de segurança";"Colisão traseira";"Com Vítimas Feridas";"Anoitecer";"Decrescente";"Céu Claro";"Simples";"Reta";"Não";2;0;1;0;1;0;1;2;-5,059967;-42,658382;"SPRF-PI";"DEL01-PI";"UOP01-DEL01-PI"
141611;2018-06-21;"quinta-feira";"18:15:00";"MG";381;478,7;"CONTAGEM";"Falta de Atenção à Condução";"Colisão traseira";"Com Vítimas Feridas";"Anoitecer";"Crescente";"Céu Claro";"Dupla";"Reta";"Sim";2;0;1;0;1;0;1;2;-19,9643;-44,044;"SPRF-MG";"DEL01-MG";"UOP03-DEL01-MG"
141612;2018-06-21;"quinta-feira";"08:50:00";"RO";435;86,9;"COLORADO DO OESTE";"Desobediência às normas de trânsito pelo condutor";"Colisão transversal";"Com Vítimas Feridas";"Pleno dia";"Decrescente";"Céu Claro";"Dupla";"Interseção de Vias";"Sim";2;0;1;0;1;0;1;2;-13,1251131;-60,54427279;"SPRF-RO";"DEL04-RO";"UOP02-DEL04-RO"
141613;2018-06-21;"quinta-feira";"16:15:00";"PR";369;149,4;"LONDRINA";"Falta de Atenção do Pedestre";"Atropelamento de Pedestre";"Com Vítimas Feridas";"Pleno dia";"Decrescente";"Céu Claro";"Dupla";"Reta;Interseção de Vias";"Sim";3;0;2;0;0;1;2;2;-23,29297828;-51,1545217;"SPRF-PR";"DEL07-PR";"UOP01-DEL07-PR"
141615;2018-06-21;"quinta-feira";"19:40:00";"GO";40;2,6;"VALPARAISO DE GOIAS";"Falta de Atenção à Condução";"Colisão traseira";"Sem Vítimas";"Plena Noite";"Crescente";"Céu Claro";"Dupla";"Reta";"Sim";2;0;0;0;2;0;0;2;-16,07459927;-47,98544884;"SPRF-DF";"DEL01-DF";"UOP01-DEL01-DF"
141616;2018-06-21;"quinta-feira";"18:20:00";"PI";316;315;"PICOS";"Falta de Atenção à Condução";"Colisão transversal";"Sem Vítimas";"Plena Noite";"Crescente";"Céu Claro";"Simples";"Em Obras";"Sim";2;0;0;0;2;0;0;2;-7,08028049;-41,42910004;"SPRF-PI";"DEL04-PI";"UOP01-DEL04-PI"
141617;2018-06-21;"quinta-feira";"18:30:00";"MG";381;495;"BETIM";"Defeito Mecânico no Veículo";"Colisão lateral";"Com Vítimas Feridas";"Anoitecer";"Crescente";"Céu Claro";"Dupla";"Reta";"Sim";4;0;1;0;3;0;1;2;-19,97149341;-44,18338353;"SPRF-MG";"DEL01-MG";"UOP03-DEL01-MG"
141618;2018-06-21;"quinta-feira";"18:30:00";"RJ";393;235;"VASSOURAS";"Ultrapassagem Indevida";"Queda de ocupante de veículo";"Com Vítimas Feridas";"Plena Noite";"Crescente";"Nublado";"Simples";"Interseção de Vias";"Sim";2;0;0;1;0;1;1;2;-22,41007543;-43,67169768;"SPRF-RJ";"DEL05-RJ";"UOP03-DEL05-RJ"
141619;2018-06-21;"quinta-feira";"18:30:00";"PR";116;13;"COLOMBO";"Não guardar distância de segurança";"Colisão traseira";"Sem Vítimas";"Plena Noite";"Crescente";"Céu Claro";"Dupla";"Reta";"Sim";2;0;0;0;2;0;0;2;-25,37877232;-49,15626526;"SPRF-PR";"DEL01-PR";"UOP02-DEL01-PR"
141620;2018-06-21;"quinta-feira";"18:40:00";"PR";277;519;"GUARANIACU";"Desobediência às normas de trânsito pelo condutor";"Colisão traseira";"Com Vítimas Feridas";"Plena Noite";"Crescente";"Céu Claro";"Simples";"Reta";"Sim";2;0;1;0;1;0;1;2;-25,10703829;-52,86305424;"SPRF-PR";"DEL04-PR";"UOP04-DEL04-PR"
141621;2018-06-21;"quinta-feira";"19:00:00";"SC";101;201;"SAO JOSE";"Não guardar distância de segurança";"Colisão traseira";"Com Vítimas Feridas";"Plena Noite";"Decrescente";"Céu Claro";"Múltipla";"Reta";"Não";3;0;2;0;1;0;2;2;-27,5572;-48,6188;"SPRF-SC";"DEL01-SC";"UOP01-DEL01-SC"
141622;2018-06-21;"quinta-feira";"14:10:00";"MA";222;195;"ITAPECURU MIRIM";"Falta de Atenção à Condução";"Saída de leito carroçável";"Com Vítimas Feridas";"Pleno dia";"Crescente";"Céu Claro";"Simples";"Curva";"Não";2;0;0;1;0;1;1;1;-3,44641379;-44,32731631;"SPRF-MA";"DEL01-MA";"DEL18/1-UOP03/MA"
141624;2018-06-21;"quinta-feira";"18:10:00";"RJ";40;124,6;"RIO DE JANEIRO";"Falta de Atenção do Pedestre";"Atropelamento de Pedestre";"Com Vítimas Feridas";"Anoitecer";"Decrescente";"Céu Claro";"Dupla";"Reta";"Sim";3;0;1;0;2;0;1;2;-22,81291636;-43,28766704;"SPRF-RJ";"DEL01-RJ";"UOP01-DEL01-RJ"
141627;2018-06-21;"quinta-feira";"18:20:00";"RS";116;262,1;"CANOAS";"Desobediência às normas de trânsito pelo condutor";"Colisão transversal";"Com Vítimas Feridas";"Plena Noite";"Decrescente";"Chuva";"Múltipla";"Reta";"Sim";4;0;1;0;3;0;1;4;-29,89395038;-51,17662594;"SPRF-RS";"DEL01-RS";"UOP01-DEL01-RS"
141628;2018-06-21;"quinta-feira";"18:15:00";"SC";470;60,2;"BLUMENAU";"Não guardar distância de segurança";"Colisão traseira";"Com Vítimas Feridas";"Anoitecer";"Crescente";"Nublado";"Simples";"Reta";"Não";2;0;1;0;1;0;1;2;-26,88093785;-49,16687423;"SPRF-SC";"DEL04-SC";"UOP01-DEL04-SC"
141629;2018-06-21;"quinta-feira";"18:45:00";"SP";116;223,3;"GUARULHOS";"Desobediência às normas de trânsito pelo condutor";"Colisão lateral";"Com Vítimas Feridas";"Anoitecer";"Crescente";"Céu Claro";"Múltipla";"Reta";"Sim";3;0;2;0;1;0;2;2;-23,48157036;-46,53433084;"SPRF-SP";"DEL01-SP";"UOP01-DEL01-SP"
141631;2018-06-21;"quinta-feira";"19:30:00";"ES";393;9;"MUQUI";"Velocidade Incompatível";"Queda de ocupante de veículo";"Com Vítimas Feridas";"Plena Noite";"Decrescente";"Céu Claro";"Simples";"Curva";"Não";2;0;0;1;0;1;1;2;-20,8366647;-41,2276243;"SPRF-ES";"DEL03-ES";"UOP02-DEL03-ES"
141632;2018-06-21;"quinta-feira";"18:45:00";"MS";60;91,2;"PARAISO DAS AGUAS";"Animais na Pista";"Atropelamento de Animal";"Com Vítimas Feridas";"Anoitecer";"Crescente";"Céu Claro";"Simples";"Reta";"Não";3;0;1;1;1;0;2;2;-19;-53;"SPRF-MS";"DEL06-MS";"UOP02-DEL06-MS"
141634;2018-06-21;"quinta-feira";"19:00:00";"PI";343;323,5;"ALTOS";"Defeito na Via";"Queda de ocupante de veículo";"Com Vítimas Feridas";"Plena Noite";"Decrescente";"Céu Claro";"Simples";"Reta";"Não";1;0;0;1;0;0;1;1;-5,058037;-42,593838;"SPRF-PI";"DEL01-PI";"UOP01-DEL01-PI"
141635;2018-06-21;"quinta-feira";"17:30:00";"PR";116;26;"CAMPINA GRANDE DO SUL";"Avarias e/ou desgaste excessivo no pneu";"Capotamento";"Com Vítimas Feridas";"Plena Noite";"Decrescente";"Céu Claro";"Dupla";"Curva";"Não";1;0;0;1;0;0;1;1;-25,106836;-48,785343;"SPRF-PR";"DEL01-PR";"UOP02-DEL01-PR"
141636;2018-06-21;"quinta-feira";"19:30:00";"SC";101;207,5;"SAO JOSE";"Falta de Atenção à Condução";"Colisão lateral";"Com Vítimas Feridas";"Plena Noite";"Crescente";"Céu Claro";"Dupla";"Declive";"Não";1;0;1;0;0;0;1;1;-27,60215874;-48,62997284;"SPRF-SC";"DEL01-SC";"UOP01-DEL01-SC"
141637;2018-06-21;"quinta-feira";"18:40:00";"SP";381;89;"GUARULHOS";"Falta de Atenção à Condução";"Colisão traseira";"Com Vítimas Feridas";"Plena Noite";"Crescente";"Céu Claro";"Dupla";"Reta";"Sim";5;0;2;0;3;0;2;4;-23,50323706;-46,55971527;"SPRF-SP";"DEL03-SP";"DEL6/3-UOP03/SP"
141640;2018-06-21;"quinta-feira";"19:40:00";"MG";356;266,2;"MURIAE";"Falta de Atenção à Condução";"Colisão transversal";"Com Vítimas Feridas";"Plena Noite";"Decrescente";"Nublado";"Simples";"Reta";"Sim";2;0;1;0;0;1;1;2;-21,12998106;-42,3639679;"SPRF-MG";"DEL07-MG";"UOP02-DEL07-MG"
141641;2018-06-21;"quinta-feira";"11:00:00";"PI";235;391;"SANTA FILOMENA";"Defeito na Via";"Capotamento";"Com Vítimas Fatais";"Pleno dia";"Crescente";"Céu Claro";"Simples";"Declive";"Não";2;1;1;0;0;0;1;1;-9,28477056;-45,58527946;"SPRF-PI";"DEL03-PI";"UOP02-DEL03-PI"
141642;2018-06-21;"quinta-feira";"20:30:00";"ES";262;3;"CARIACICA";"Falta de Atenção do Pedestre";"Atropelamento de Pedestre";"Com Vítimas Feridas";"Plena Noite";"Crescente";"Céu Claro";"Múltipla";"Reta";"Não";2;0;0;1;1;0;1;2;-20,3332;-40,3685;"SPRF-ES";"DEL01-ES";"UOP01-DEL01-ES"
141645;2018-06-21;"quinta-feira";"19:00:00";"RJ";356;24;"ITAPERUNA";"Falta de Atenção do Pedestre";"Atropelamento de Pedestre";"Com Vítimas Fatais";"Plena Noite";"Decrescente";"Ignorado";"Simples";"Reta";"Não";3;1;0;0;2;0;0;3;-21,179396;-41,954491;"SPRF-RJ";"DEL08-RJ";"UOP03-DEL08-RJ"
141648;2018-06-21;"quinta-feira";"21:00:00";"BA";101;130,1;"ARAMARI";"Desobediência às normas de trânsito pelo condutor";"Colisão frontal";"Com Vítimas Feridas";"Plena Noite";"Decrescente";"Nublado";"Simples";"Reta";"Não";2;0;1;0;1;0;1;2;-12,18055903;-38,5793066;"SPRF-BA";"DEL01-BA";"UOP04-DEL01-BA"
141649;2018-06-21;"quinta-feira";"20:30:00";"PE";101;90;"CABO DE SANTO AGOSTINHO";"Falta de Atenção à Condução";"Colisão frontal";"Com Vítimas Feridas";"Plena Noite";"Crescente";"Ignorado";"Simples";"Reta";"Não";4;0;2;0;2;0;2;4;-8,2228;-34,9923;"SPRF-PE";"DEL01-PE";"UOP03-DEL01-PE"
141650;2018-06-03;"domingo";"10:20:00";"PB";104;142;"QUEIMADAS";"Falta de Atenção à Condução";"Colisão traseira";"Com Vítimas Feridas";"Pleno dia";"Crescente";"Céu Claro";"Simples";"Reta";"Sim";3;0;2;0;1;0;2;2;-7,395849;-35,897442;"SPRF-PB";"DEL02-PB";"UOP03-DEL02-PB"
141651;2018-06-21;"quinta-feira";"20:45:00";"MS";163;476,4;"CAMPO GRANDE";"Ingestão de Álcool";"Colisão transversal";"Com Vítimas Feridas";"Plena Noite";"Decrescente";"Céu Claro";"Simples";"Reta";"Sim";2;0;0;2;0;0;2;2;-20,661893;-54,561917;"SPRF-MS";"DEL01-MS";"UOP01-DEL01-MS"
141652;2018-06-21;"quinta-feira";"18:00:00";"MS";60;636,6;"BELA VISTA";"Animais na Pista";"Atropelamento de Animal";"Com Vítimas Feridas";"Anoitecer";"Crescente";"Céu Claro";"Simples";"Curva";"Não";3;0;2;0;1;0;2;1;-21,79;-56,2506;"SPRF-MS";"DEL05-MS";"UOP01-DEL05-MS"
141653;2018-06-21;"quinta-feira";"19:35:00";"PR";153;84,7;"CONSELHEIRO MAIRINCK";"Animais na Pista";"Atropelamento de Animal";"Com Vítimas Feridas";"Plena Noite";"Crescente";"Nublado";"Simples";"Reta";"Não";1;0;1;0;0;0;1;1;-23,64861265;-50,1520434;"SPRF-PR";"DEL07-PR";"UOP04-DEL07-PR"
141654;2018-06-21;"quinta-feira";"21:35:00";"PE";104;71,8;"CARUARU";"Ingestão de Álcool";"Saída de leito carroçável";"Sem Vítimas";"Plena Noite";"Decrescente";"Céu Claro";"Dupla";"Reta";"Não";1;0;0;0;1;0;0;1;-8,33088644;-35,98228455;"SPRF-PE";"DEL02-PE";"UOP01-DEL02-PE"
141656;2018-06-21;"quinta-feira";"19:20:00";"MS";419;270,7;"ANASTACIO";"Animais na Pista";"Atropelamento de Animal";"Com Vítimas Feridas";"Plena Noite";"Decrescente";"Céu Claro";"Simples";"Reta";"Não";2;0;1;0;1;0;1;1;-20,71309;-55,9086;"SPRF-MS";"DEL03-MS";"UOP01-DEL03-MS"
141657;2018-06-21;"quinta-feira";"08:00:00";"RJ";40;123;"DUQUE DE CAXIAS";"Agressão Externa";"Colisão com objeto estático";"Com Vítimas Feridas";"Plena Noite";"Decrescente";"Nublado";"Múltipla";"Reta";"Sim";2;0;1;0;1;0;1;1;-22,79307642;-43,28698039;"SPRF-RJ";"DEL01-RJ";"UOP01-DEL01-RJ"
141658;2018-06-21;"quinta-feira";"21:55:00";"SC";101;39,2;"JOINVILLE";"Falta de Atenção à Condução";"Colisão com objeto estático";"Com Vítimas Feridas";"Plena Noite";"Crescente";"Céu Claro";"Dupla";"Reta";"Sim";2;0;1;0;1;0;1;1;-26,30607266;-48,88083458;"SPRF-SC";"DEL03-SC";"UOP01-DEL03-SC"
141661;2018-06-21;"quinta-feira";"22:00:00";"MG";381;481;"CONTAGEM";"Desobediência às normas de trânsito pelo condutor";"Danos eventuais";"Com Vítimas Feridas";"Plena Noite";"Crescente";"Céu Claro";"Dupla";"Reta";"Sim";7;0;1;0;5;1;1;4;-19,959;-44,0704;"SPRF-MG";"DEL01-MG";"UOP03-DEL01-MG"