"id";"data_inversa";"dia_semana";"horario";"uf";"br";"km";"municipio";"causa_acidente";"tipo_acidente";"classificacao_acidente";"fase_dia";"sentido_via";"condicao_metereologica";"tipo_pista";"tracado_via";"uso_solo";"pessoas";"mortos";"feridos_leves";"feridos_graves";"ilesos";"ignorados";"feridos";"veiculos";"latitude";"longitude";"regional";"delegacia";"uop"
141662;2018-06-21;"quinta-feira";"21:30:00";"SC";101;161,1;"TIJUCAS";"Velocidade Incompatível";"Colisão traseira";"Com Vítimas Feridas";"Plena Noite";"Decrescente";"Céu Claro";"Dupla";"Reta";"Não";2;0;2;0;0;0;2;2;-27,2237;-48,6271;"SPRF-SC";"DEL04-SC";"UOP03-DEL04-SC"
141664;2018-06-21;"quinta-feira";"20:30:00";"RJ";465;13;"SEROPEDICA";"Desobediência às normas de trânsito pelo condutor";"Atropelamento de Pedestre";"Com Vítimas Feridas";"Plena Noite";"Crescente";"Nublado";"Simples";"Reta";"Sim";2;0;1;0;0;1;1;2;-22,80473357;-43,63918377;"SPRF-RJ";"DEL01-RJ";"UOP03-DEL01-RJ"
141666;2018-06-21;"quinta-feira";"23:01:00";"TO";153;135,6;"ARAGUAINA";"Falta de Atenção à Condução";"Colisão traseira";"Com Vítimas Feridas";"Plena Noite";"Crescente";"Céu Claro";"Simples";"Reta";"Sim";2;0;2;0;0;0;2;1;-7,13385;-48,20038;"SPRF-TO";"DEL02-TO";"UOP01-DEL02-TO"
141668;2018-06-22;"sexta-feira";"00:15:00";"SC";101;195;"BIGUACU";"Ingestão de Álcool";"Colisão traseira";"Sem Vítimas";"Plena Noite";"Decrescente";"Céu Claro";"Dupla";"Reta";"Sim";2;0;0;0;2;0;0;2;-27,50751587;-48,64649525;"SPRF-SC";"DEL01-SC";"UOP01-DEL01-SC"
141669;2018-06-22;"sexta-feira";"00:05:00";"RJ";393;289;"VOLTA REDONDA";"Ingestão de Álcool";"Colisão traseira";"Com Vítimas Feridas";"Plena Noite";"Crescente";"Céu Claro";"Dupla";"Reta";"Sim";3;0;1;0;2;0;1;2;-22,5177626;-44,1081256;"SPRF-RJ";"DEL05-RJ";"UOP04-DEL05-RJ"
141673;2018-06-22;"sexta-feira";"00:30:00";"GO";50;280,6;"CATALAO";"Ingestão de Álcool";"Colisão com objeto estático";"Com Vítimas Feridas";"Plena Noite";"Crescente";"Ignorado";"Simples";"Reta;Interseção de Vias";"Sim";1;0;1;0;0;0;1;1;-18,1815723;-47,94096708;"SPRF-GO";"DEL06-GO";"UOP01-DEL06-GO"
141674;2018-06-22;"sexta-feira";"01:45:00";"RN";304;185,8;"ANGICOS";"Falta de Atenção à Condução";"Saída de leito carroçável";"Com Vítimas Feridas";"Plena Noite";"Crescente";"Ignorado";"Simples";"Reta";"Não";2;0;1;0;1;0;1;1;-5,690252;-36,290295;"SPRF-RN";"DEL01-RN";"UOP03-DEL01-RN"
141675;2018-06-22;"sexta-feira";"01:55:00";"PR";376;191,1;"MARIALVA";"Desobediência às normas de trânsito pelo condutor";"Colisão frontal";"Com Vítimas Fatais";"Plena Noite";"Decrescente";"Céu Claro";"Dupla";"Reta";"Não";4;1;0;0;2;1;0;3;-23,479918;-51,822456;"SPRF-PR";"DEL07-PR";"UOP01-DEL09-PR"
141676;2018-06-22;"sexta-feira";"02:20:00";"RN";226;175,3;"CURRAIS NOVOS";"Ingestão de Álcool";"Queda de ocupante de veículo";"Com Vítimas Feridas";"Plena Noite";"Crescente";"Céu Claro";"Simples";"Curva";"Sim";1;0;1;0;0;0;1;1;-6,25717796;-36,51193667;"SPRF-RN";"DEL03-RN";"UOP02-DEL03-RN"
141677;2018-06-22;"sexta-feira";"00:20:00";"PE";232;278;"SERTANIA";"Animais na Pista";"Atropelamento de Animal";"Sem Vítimas";"Plena Noite";"Crescente";"Céu Claro";"Simples";"Reta";"Não";2;0;0;0;2;0;0;1;-8,359081;-37,274879;"SPRF-PE";"DEL03-PE";"UOP02-DEL03-PE"
141678;2018-06-22;"sexta-feira";"02:50:00";"PR";376;494,9;"PONTA GROSSA";"Ingestão de Álcool";"Saída de leito carroçável";"Sem Vítimas";"Plena Noite";"Crescente";"Nublado";"Dupla";"Reta";"Sim";1;0;0;0;1;0;0;1;-25,1330856;-50,16790599;"SPRF-PR";"DEL03-PR";"UOP04-DEL03-PR"
141679;2018-06-22;"sexta-feira";"03:30:00";"PB";230;76;"SOBRADO";"Falta de Atenção do Pedestre";"Saída de leito carroçável";"Com Vítimas Feridas";"Plena Noite";"Crescente";"Céu Claro";"Dupla";"Reta";"Não";1;0;1;0;0;0;1;1;-7,1889;-35,2782;"SPRF-PB";"DEL01-PB";"UOP03-DEL01-PB"
141680;2018-06-22;"sexta-feira";"03:45:00";"MT";364;209;"RONDONOPOLIS";"Velocidade Incompatível";"Queda de ocupante de veículo";"Com Vítimas Feridas";"Plena Noite";"Decrescente";"Céu Claro";"Dupla";"Rotatória";"Sim";1;0;1;0;0;0;1;1;-16,428949;-54,693382;"SPRF-MT";"DEL02-MT";"UOP01-DEL02-MT"
141681;2018-06-22;"sexta-feira";"03:30:00";"MG";40;546,6;"NOVA LIMA";"Velocidade Incompatível";"Saída de leito carroçável";"Com Vítimas Feridas";"Plena Noite";"Crescente";"Ignorado";"Dupla";"Reta";"Não";1;0;0;1;0;0;1;1;-20,03587432;-43,96859407;"SPRF-MG";"DEL01-MG";"UOP02-DEL01-MG"
141686;2018-06-22;"sexta-feira";"01:50:00";"MG";40;773;"JUIZ DE FORA";"Ingestão de Álcool";"Colisão com objeto estático";"Sem Vítimas";"Plena Noite";"Decrescente";"Nevoeiro/Neblina";"Dupla";"Reta";"Não";1;0;0;0;1;0;0;1;-21,64466417;-43,43513489;"SPRF-MG";"DEL05-MG";"UOP01-DEL05-MG"
141687;2018-06-22;"sexta-feira";"06:20:00";"SC";101;216;"PALHOCA";"Falta de Atenção à Condução";"Colisão transversal";"Com Vítimas Feridas";"Pleno dia";"Decrescente";"Céu Claro";"Dupla";"Reta";"Sim";2;0;1;0;1;0;1;2;-27,659815;-48,677479;"SPRF-SC";"DEL01-SC";"UOP02-DEL01-SC"
141689;2018-06-22;"sexta-feira";"07:45:00";"BA";116;458,9;"SANTO ESTEVAO";"Falta de Atenção à Condução";"Colisão transversal";"Com Vítimas Feridas";"Pleno dia";"Crescente";"Céu Claro";"Simples";"Reta;Aclive";"Sim";2;0;0;1;1;0;1;2;-12,43709;-39,22407;"SPRF-BA";"DEL02-BA";"UOP01-DEL02-BA"
141690;2018-06-22;"sexta-feira";"07:00:00";"MG";354;735,8;"POUSO ALTO";"Falta de Atenção à Condução";"Queda de ocupante de veículo";"Com Vítimas Feridas";"Pleno dia";"Crescente";"Céu Claro";"Simples";"Ponte";"Sim";1;0;0;1;0;0;1;1;-22,19676107;-44,97404158;"SPRF-MG";"DEL05-MG";"UOP01-DEL17-MG"
141691;2018-06-22;"sexta-feira";"06:55:00";"SC";101;208;"SAO JOSE";"Falta de Atenção à Condução";"Colisão lateral";"Com Vítimas Feridas";"Pleno dia";"Crescente";"Céu Claro";"Dupla";"Curva";"Sim";3;0;2;0;1;0;2;2;-27,6101;-48,6388;"SPRF-SC";"DEL01-SC";"UOP01-DEL01-SC"
141692;2018-06-22;"sexta-feira";"07:20:00";"PR";476;158,8;"ARAUCARIA";"Desobediência às normas de trânsito pelo condutor";"Colisão frontal";"Com Vítimas Feridas";"Pleno dia";"Crescente";"Céu Claro";"Simples";"Reta";"Sim";3;0;0;1;1;1;1;3;-25,61376379;-49,42464173;"SPRF-PR";"DEL01-PR";"UOP06-DEL01-PR"
141695;2018-06-22;"sexta-feira";"08:00:00";"MT";70;0;"BARRA DO GARCAS";"Falta de Atenção do Pedestre";"Atropelamento de Pedestre";"Com Vítimas Feridas";"Pleno dia";"Crescente";"Céu Claro";"Simples";"Reta";"Sim";3;0;2;0;0;1;2;2;-15,89451664;-52,25775719;"SPRF-MT";"DEL07-MT";"UOP01-DEL07-MT"
141696;2018-06-22;"sexta-feira";"07:10:00";"SP";153;72,5;"SAO JOSE DO RIO PRETO";"Desobediência às normas de trânsito pelo condutor";"Colisão transversal";"Com Vítimas Feridas";"Pleno dia";"Crescente";"Céu Claro";"Simples";"Em Obras;Reta";"Não";6;0;4;0;2;0;4;2;-20,87511266;-49,41927195;"SPRF-SP";"DEL09-SP";"UOP01-DEL09-SP"
141698;2018-06-22;"sexta-feira";"07:00:00";"MG";381;497;"BETIM";"Falta de Atenção do Pedestre";"Atropelamento de Pedestre";"Com Vítimas Feridas";"Pleno dia";"Decrescente";"Céu Claro";"Dupla";"Curva";"Sim";2;0;1;0;1;0;1;2;-19,97969567;-44,20003653;"SPRF-MG";"DEL01-MG";"UOP03-DEL01-MG"
141700;2018-06-22;"sexta-feira";"03:20:00";"PR";163;29,3;"SANTO ANTONIO DO SUDOESTE";"Ultrapassagem Indevida";"Colisão frontal";"Com Vítimas Feridas";"Plena Noite";"Decrescente";"Céu Claro";"Simples";"Declive;Reta";"Não";3;0;1;0;2;0;1;2;-26,106939;-53,70201;"SPRF-PR";"DEL02-PR";"UOP02-DEL02-PR"
141702;2018-06-22;"sexta-feira";"08:35:00";"MG";381;496;"BETIM";"Falta de Atenção à Condução";"Queda de ocupante de veículo";"Com Vítimas Feridas";"Pleno dia";"Decrescente";"Céu Claro";"Dupla";"Curva";"Sim";1;0;1;0;0;0;1;1;-19,97518868;-44,18948936;"SPRF-MG";"DEL01-MG";"UOP03-DEL01-MG"
141704;2018-06-22;"sexta-feira";"08:35:00";"AL";101;119,1;"PILAR";"Desobediência às normas de trânsito pelo condutor";"Colisão transversal";"Sem Vítimas";"Pleno dia";"Crescente";"Céu Claro";"Simples";"Reta";"Não";2;0;0;0;2;0;0;2;-9,673738;-36,031971;"SPRF-AL";"DEL02-AL";"UOP01-DEL02-AL"
141705;2018-06-22;"sexta-feira";"07:00:00";"MT";364;399,8;"CUIABA";"Falta de Atenção à Condução";"Colisão lateral";"Com Vítimas Feridas";"Pleno dia";"Decrescente";"Céu Claro";"Simples";"Rotatória";"Sim";2;0;0;1;1;0;1;2;-15,679162;-55,930019;"SPRF-MT";"DEL02-MT";"UOP02-DEL01-MT"
141707;2018-06-22;"sexta-feira";"08:30:00";"PR";476;129;"CURITIBA";"Falta de Atenção à Condução";"Colisão lateral";"Com Vítimas Feridas";"Pleno dia";"Crescente";"Céu Claro";"Dupla";"Viaduto";"Sim";2;0;1;0;1;0;1;2;-25,440983;-49,233715;"SPRF-PR";"DEL01-PR";"UOP07-DEL01-PR"
141708;2018-06-17;"domingo";"18:30:00";"MS";163;834;"SONORA";"Falta de Atenção à Condução";"Saída de leito carroçável";"Com Vítimas Feridas";"Plena Noite";"Crescente";"Céu Claro";"Simples";"Declive";"Não";2;0;1;1;0;0;2;1;-17,615897;-54,744268;"SPRF-MS";"DEL06-MS";"UOP01-DEL06-MS"
141710;2018-06-22;"sexta-feira";"09:00:00";"RJ";40;90;"PETROPOLIS";"Defeito na Via";"Tombamento";"Com Vítimas Feridas";"Pleno dia";"Decrescente";"Céu Claro";"Simples";"Curva";"Sim";1;0;1;0;0;0;1;1;-22,55504987;-43,22948456;"SPRF-RJ";"DEL06-RJ";"UOP01-DEL06-RJ"
141711;2018-06-22;"sexta-feira";"08:20:00";"RJ";40;124,9;"RIO DE JANEIRO";"Falta de Atenção à Condução";"Queda de ocupante de veículo";"Com Vítimas Feridas";"Pleno dia";"Crescente";"Céu Claro";"Dupla";"Curva";"Sim";2;0;1;0;1;0;1;1;-22,80565721;-43,28952312;"SPRF-RJ";"DEL01-RJ";"UOP01-DEL01-RJ"
141713;2018-06-22;"sexta-feira";"07:30:00";"RO";319;63,6;"PORTO VELHO";"Desobediência às normas de trânsito pelo condutor";"Colisão lateral";"Com Vítimas Feridas";"Pleno dia";"Crescente";"Céu Claro";"Dupla";"Interseção de Vias";"Sim";2;0;1;0;1;0;1;2;-8,76308486;-63,88518155;"SPRF-RO";"DEL01-RO";"UOP01-DEL01-RO"
141716;2018-06-22;"sexta-feira";"09:00:00";"RJ";116;175;"NOVA IGUACU";"Defeito Mecânico no Veículo";"Incêndio";"Sem Vítimas";"Pleno dia";"Decrescente";"Céu Claro";"Múltipla";"Reta";"Sim";1;0;0;0;1;0;0;1;-22,761507;-43,424167;"SPRF-RJ";"DEL01-RJ";"UOP02-DEL01-RJ"
141717;2018-06-22;"sexta-feira";"09:20:00";"ES";101;287,8;"CARIACICA";"Velocidade Incompatível";"Queda de ocupante de veículo";"Com Vítimas Feridas";"Pleno dia";"Crescente";"Sol";"Dupla";"Curva";"Sim";1;0;0;1;0;0;1;1;-20,2696802;-40,3899774;"SPRF-ES";"DEL01-ES";"UOP01-DEL01-ES"
141718;2018-06-22;"sexta-feira";"09:40:00";"MG";267;280,9;"AIURUOCA";"Velocidade Incompatível";"Colisão com objeto estático";"Com Vítimas Feridas";"Pleno dia";"Crescente";"Nublado";"Simples";"Curva;Aclive";"Não";2;0;1;0;1;0;1;1;-21,924385;-44,734413;"SPRF-MG";"DEL05-MG";"DEL5/4-UOP01/MG"
141719;2018-06-22;"sexta-feira";"09:00:00";"MS";60;667,7;"BELA VISTA";"Falta de Atenção à Condução";"Capotamento";"Com Vítimas Feridas";"Pleno dia";"Crescente";"Sol";"Simples";"Reta";"Não";1;0;0;1;0;0;1;1;-21,980514;-56,46707;"SPRF-MS";"DEL05-MS";"UOP01-DEL05-MS"
141720;2018-06-22;"sexta-feira";"09:30:00";"SC";116;140;"SANTA CECILIA";"Animais na Pista";"Atropelamento de Animal";"Com Vítimas Feridas";"Pleno dia";"Crescente";"Sol";"Simples";"Reta";"Sim";1;0;0;1;0;0;1;1;-26,96694503;-50,40866375;"SPRF-SC";"DEL06-SC";"UOP02-DEL06-SC"
141723;2018-06-22;"sexta-feira";"09:10:00";"SC";101;162;"TIJUCAS";"Desobediência às normas de trânsito pelo condutor";"Colisão com objeto estático";"Com Vítimas Feridas";"Pleno dia";"Decrescente";"Céu Claro";"Simples";"Reta";"Sim";1;0;1;0;0;0;1;1;-27,2325;-48,6299;"SPRF-SC";"DEL04-SC";"UOP03-DEL04-SC"
141724;2018-06-22;"sexta-feira";"11:00:00";"PI";343;468;"ANGICAL DO PIAUI";"Falta de Atenção à Condução";"Colisão traseira";"Com Vítimas Feridas";"Pleno dia";"Crescente";"Céu Claro";"Simples";"Reta";"Não";2;0;1;0;1;0;1;2;-6,05864514;-42,73573279;"SPRF-PI";"DEL01-PI";"UOP02-DEL01-PI"
141726;2018-06-22;"sexta-feira";"11:00:00";"PR";476;132,7;"CURITIBA";"Desobediência às normas de trânsito pelo condutor";"Colisão transversal";"Com Vítimas Feridas";"Pleno dia";"Decrescente";"Sol";"Múltipla";"Reta;Interseção de Vias";"Sim";3;0;1;0;2;0;1;2;-25,46779954;-49,25311161;"SPRF-PR";"DEL01-PR";"UOP07-DEL01-PR"
141727;2018-06-22;"sexta-feira";"11:55:00";"PR";376;173,7;"MARINGA";"Defeito Mecânico no Veículo";"Saída de leito carroçável";"Com Vítimas Feridas";"Pleno dia";"Crescente";"Nublado";"Dupla";"Declive";"Sim";7;0;2;1;4;0;3;6;-23,41836042;-51,97408676;"SPRF-PR";"DEL07-PR";"UOP01-DEL09-PR"
141728;2018-06-22;"sexta-feira";"12:00:00";"MG";365;626;"UBERLANDIA";"Falta de Atenção à Condução";"Colisão traseira";"Com Vítimas Feridas";"Pleno dia";"Decrescente";"Sol";"Dupla";"Viaduto";"Sim";2;0;1;0;1;0;1;2;-18,9066;-48,2971;"SPRF-MG";"DEL15-MG";"UOP01-DEL15-MG"
141734;2018-06-22;"sexta-feira";"12:20:00";"SC";282;5;"SAO JOSE";"Não guardar distância de segurança";"Colisão traseira";"Com Vítimas Feridas";"Pleno dia";"Crescente";"Céu Claro";"Múltipla";"Reta";"Não";2;0;1;0;1;0;1;2;-27,58858462;-48,61231327;"SPRF-SC";"DEL01-SC";"UOP01-DEL01-SC"
141735;2018-06-22;"sexta-feira";"12:30:00";"PE";101;63;"RECIFE";"Defeito Mecânico no Veículo";"Saída de leito carroçável";"Com Vítimas Feridas";"Pleno dia";"Crescente";"Céu Claro";"Dupla";"Reta";"Não";1;0;1;0;0;0;1;1;-8,009473;-34,937492;"SPRF-PE";"DEL01-PE";"UOP02-DEL01-PE"
141736;2018-06-22;"sexta-feira";"11:53:00";"BA";101;272;"SANTO ANTONIO DE JESUS";"Falta de Atenção à Condução";"Colisão traseira";"Sem Vítimas";"Pleno dia";"Decrescente";"Nublado";"Simples";"Reta";"Não";2;0;0;0;2;0;0;2;-13,0432;-39,2861;"SPRF-BA";"DEL01-BA";"UOP02-DEL01-BA"
141740;2018-06-22;"sexta-feira";"12:25:00";"PE";408;98;"SAO LOURENCO DA MATA";"Não guardar distância de segurança";"Colisão traseira";"Sem Vítimas";"Pleno dia";"Decrescente";"Sol";"Dupla";"Reta";"Não";2;0;0;0;2;0;0;2;-8,03593;-35,03239;"SPRF-PE";"DEL01-PE";"UOP01-DEL01-PE"
141741;2018-06-22;"sexta-feira";"11:50:00";"BA";324;518;"FEIRA DE SANTANA";"Falta de Atenção à Condução";"Queda de ocupante de veículo";"Com Vítimas Feridas";"Pleno dia";"Decrescente";"Céu Claro";"Dupla";"Reta";"Não";2;0;1;0;1;0;1;2;-12,274282;-38,9379399;"SPRF-BA";"DEL01-BA";"UOP01-DEL01-BA"
141742;2018-06-22;"sexta-feira";"11:25:00";"MT";163;831;"SINOP";"Falta de Atenção à Condução";"Colisão traseira";"Sem Vítimas";"Pleno dia";"Decrescente";"Céu Claro";"Dupla";"Reta";"Sim";2;0;0;0;2;0;0;2;-11,901909;-55,505927;"SPRF-MT";"DEL06-MT";"UOP01-DEL06-MT"
141743;2018-06-22;"sexta-feira";"13:00:00";"GO";60;365;"RIO VERDE";"Condutor Dormindo";"Saída de leito carroçável";"Com Vítimas Feridas";"Pleno dia";"Crescente";"Céu Claro";"Dupla";"Reta";"Não";2;0;1;0;1;0;1;1;-17,6551;-50,8059;"SPRF-GO";"DEL04-GO";"UOP01-DEL04-GO"
141745;2018-06-22;"sexta-feira";"12:26:00";"SP";153;63,8;"SAO JOSE DO RIO PRETO";"Falta de Atenção do Pedestre";"Atropelamento de Pedestre";"Com Vítimas Feridas";"Pleno dia";"Decrescente";"Céu Claro";"Dupla";"Reta";"Sim";2;0;0;1;1;0;1;2;-20,82155;-49,357655;"SPRF-SP";"DEL09-SP";"UOP01-DEL09-SP"
141747;2018-06-22;"sexta-feira";"12:50:00";"PR";476;128,2;"CURITIBA";"Falta de Atenção do Pedestre";"Atropelamento de Pedestre";"Com Vítimas Feridas";"Pleno dia";"Crescente";"Céu Claro";"Dupla";"Reta";"Sim";2;0;1;0;1;0;1;2;-25,433048;-49,23156;"SPRF-PR";"DEL01-PR";"UOP07-DEL01-PR"
141749;2018-06-22;"sexta-feira";"13:20:00";"PR";277;729,5;"FOZ DO IGUACU";"Falta de Atenção à Condução";"Colisão transversal";"Com Vítimas Feridas";"Pleno dia";"Crescente";"Céu Claro";"Dupla";"Reta";"Sim";3;0;0;1;2;0;1;2;-25,50608866;-54,58790481;"SPRF-PR";"DEL05-PR";"UOP03-DEL05-PR"
141751;2018-06-22;"sexta-feira";"13:35:00";"SE";101;93;"NOSSA SENHORA DO SOCORRO";"Falta de Atenção à Condução";"Colisão transversal";"Com Vítimas Feridas";"Pleno dia";"Decrescente";"Céu Claro";"Dupla";"Retorno Regulamentado";"Sim";5;0;2;0;2;1;2;2;-10,9116;-37,1585;"SPRF-SE";"DEL01-SE";"UOP01-DEL01-SE"
141752;2018-06-22;"sexta-feira";"13:30:00";"GO";153;532,5;"HIDROLANDIA";"Falta de Atenção à Condução";"Queda de ocupante de veículo";"Com Vítimas Feridas";"Pleno dia";"Crescente";"Céu Claro";"Simples";"Reta";"Sim";1;0;1;0;0;0;1;1;-16,9852;-49,2297;"SPRF-GO";"DEL01-GO";"UOP03-DEL01-GO"
141753;2018-06-22;"sexta-feira";"12:24:00";"PE";408;98;"SAO LOURENCO DA MATA";"Falta de Atenção à Condução";"Capotamento";"Com Vítimas Feridas";"Pleno dia";"Decrescente";"Céu Claro";"Dupla";"Declive;Reta";"Não";2;0;2;0;0;0;2;1;-8,03424;-35,0332;"SPRF-PE";"DEL01-PE";"UOP01-DEL01-PE"
141755;2018-06-22;"sexta-feira";"14:20:00";"PA";316;8,4;"ANANINDEUA";"Não guardar distância de segurança";"Colisão lateral";"Com Vítimas Feridas";"Pleno dia";"Decrescente";"Céu Claro";"Dupla";"Reta";"Sim";3;0;2;0;1;0;2;2;-1,36670263;-48,37213755;"SPRF-PA";"DEL01-PA";"DEL19/1-UOP05/PA"
141760;2018-06-22;"sexta-feira";"14:30:00";"PA";230;120,8;"MARABA";"Falta de Atenção à Condução";"Colisão lateral";"Com Vítimas Feridas";"Pleno dia";"Crescente";"Céu Claro";"Dupla";"Reta";"Sim";2;0;2;0;0;0;2;1;-5,36371549;-49,1247379;"SPRF-PA";"DEL03-PA";"UOP01-DEL03-PA"
141762;2018-06-22;"sexta-feira";"14:38:00";"SC";282;2,7;"FLORIANOPOLIS";"Desobediência às normas de trânsito pelo condutor";"Tombamento";"Com Vítimas Feridas";"Pleno dia";"Crescente";"Nublado";"Dupla";"Reta";"Sim";1;0;1;0;0;0;1;1;-27,60198188;-48,5969422;"SPRF-SC";"DEL01-SC";"UOP01-DEL01-SC"
141764;2018-05-31;"quinta-feira";"02:15:00";"RS";290;699;"URUGUAIANA";"Falta de Atenção à Condução";"Saída de leito carroçável";"Com Vítimas Feridas";"Plena Noite";"Crescente";"Chuva";"Simples";"Reta";"Não";2;0;1;0;1;0;1;1;-29,864939;-56,884193;"SPRF-RS";"DEL13-RS";"UOP01-DEL13-RS"
141766;2018-06-20;"quarta-feira";"18:30:00";"SC";101;149;"ITAPEMA";"Objeto estático sobre o leito carroçável";"Queda de ocupante de veículo";"Com Vítimas Feridas";"Plena Noite";"Crescente";"Céu Claro";"Dupla";"Reta";"Sim";1;0;1;0;0;0;1;1;-27,1175;-48,6092;"SPRF-SC";"DEL04-SC";"UOP03-DEL04-SC"
141768;2018-05-30;"quarta-feira";"19:00:00";"SP";381;12;"BRAGANCA PAULISTA";"Velocidade Incompatível";"Capotamento";"Com Vítimas Feridas";"Plena Noite";"Decrescente";"Céu Claro";"Dupla";"Reta";"Não";1;0;1;0;0;0;1;1;-22,928581;-46,461754;"SPRF-SP";"DEL03-SP";"UOP02-DEL03-SP"
141769;2018-06-22;"sexta-feira";"12:10:00";"AC";364;132;"RIO BRANCO";"Desobediência às normas de trânsito pelo condutor";"Colisão transversal";"Com Vítimas Feridas";"Pleno dia";"Decrescente";"Céu Claro";"Simples";"Reta";"Sim";2;0;1;1;0;0;2;2;-10,010051;-67,845528;"SPRF-AC";"DEL01-AC";"UOP01-DEL01-AC"
141770;2018-06-22;"sexta-feira";"15:00:00";"PE";408;75,2;"PAUDALHO";"Falta de Atenção à Condução";"Capotamento";"Com Vítimas Feridas";"Pleno dia";"Decrescente";"Céu Claro";"Dupla";"Declive;Curva";"Sim";1;0;0;1;0;0;1;1;-7,908393;-35,171213;"SPRF-PE";"DEL01-PE";"UOP01-DEL01-PE"
141771;2018-06-22;"sexta-feira";"15:30:00";"MG";381;866,1;"POUSO ALEGRE";"Defeito Mecânico no Veículo";"Incêndio";"Sem Vítimas";"Pleno dia";"Crescente";"Nublado";"Dupla";"Reta";"Não";1;0;0;0;1;0;0;1;-22,36344126;-45,93083826;"SPRF-MG";"DEL16-MG";"UOP01-DEL16-MG"
141774;2018-06-22;"sexta-feira";"15:30:00";"SP";153;54,5;"SAO JOSE DO RIO PRETO";"Falta de Atenção à Condução";"Colisão lateral";"Com Vítimas Feridas";"Pleno dia";"Decrescente";"Céu Claro";"Simples";"Reta;Aclive";"Sim";3;0;0;1;1;1;1;3;-20,744841;-49,338924;"SPRF-SP";"DEL09-SP";"UOP01-DEL09-SP"
141775;2018-06-22;"sexta-feira";"15:27:00";"RJ";101;331,2;"RIO DE JANEIRO";"Falta de Atenção à Condução";"Colisão traseira";"Com Vítimas Feridas";"Pleno dia";"Decrescente";"Céu Claro";"Dupla";"Curva";"Não";3;0;1;1;1;0;2;2;-22,867664;-43,19556;"SPRF-RJ";"DEL02-RJ";"UOP02-DEL02-RJ"
141776;2018-06-22;"sexta-feira";"16:10:00";"MG";262;465,5;"BOM DESPACHO";"Desobediência às normas de trânsito pelo condutor";"Colisão frontal";"Com Vítimas Fatais";"Pleno dia";"Decrescente";"Sol";"Simples";"Reta;Ponte";"Não";2;1;0;1;0;0;1;2;-19,79234702;-45,15501022;"SPRF-MG";"DEL08-MG";"UOP03-DEL08-MG"
141777;2018-06-13;"quarta-feira";"19:00:00";"MG";381;272;"CORONEL FABRICIANO";"Animais na Pista";"Atropelamento de Animal";"Com Vítimas Feridas";"Plena Noite";"Decrescente";"Céu Claro";"Simples";"Curva";"Não";1;0;1;0;0;0;1;1;-19,53166893;-42,6722766;"SPRF-MG";"DEL03-MG";"UOP02-DEL03-MG"
141778;2018-06-22;"sexta-feira";"15:40:00";"SC";282;3,6;"SAO JOSE";"Falta de Atenção à Condução";"Colisão lateral";"Com Vítimas Feridas";"Pleno dia";"Crescente";"Céu Claro";"Dupla";"Reta";"Não";2;0;1;0;0;1;1;2;-27,59931016;-48,60022187;"SPRF-SC";"DEL01-SC";"UOP01-DEL01-SC"
141779;2018-06-22;"sexta-feira";"16:00:00";"PR";376;180;"MARINGA";"Falta de Atenção à Condução";"Queda de ocupante de veículo";"Com Vítimas Feridas";"Pleno dia";"Crescente";"Céu Claro";"Dupla";"Reta";"Sim";1;0;1;0;0;0;1;1;-23,42258389;-51,90321207;"SPRF-PR";"DEL07-PR";"UOP01-DEL09-PR"
141781;2018-06-22;"sexta-feira";"15:50:00";"PR";277;588,4;"CASCAVEL";"Falta de Atenção à Condução";"Colisão transversal";"Com Vítimas Feridas";"Pleno dia";"Decrescente";"Céu Claro";"Simples";"Reta;Interseção de Vias";"Sim";2;0;0;1;1;0;1;2;-24,97551596;-53,44183445;"SPRF-PR";"DEL04-PR";"UOP01-DEL04-PR"
141783;2018-06-22;"sexta-feira";"16:00:00";"BA";324;578;"CANDEIAS";"Não guardar distância de segurança";"Colisão traseira";"Com Vítimas Feridas";"Pleno dia";"Decrescente";"Céu Claro";"Dupla";"Reta";"Não";3;0;0;1;2;0;1;2;-12,58941299;-38,52355957;"SPRF-BA";"DEL01-BA";"UOP01-DEL01-BA"
141784;2018-06-22;"sexta-feira";"16:15:00";"RS";386;176,2;"CARAZINHO";"Desobediência às normas de trânsito pelo condutor";"Colisão transversal";"Com Vítimas Feridas";"Pleno dia";"Decrescente";"Céu Claro";"Simples";"Reta";"Sim";3;0;1;0;2;0;1;2;-28,27663772;-52,76760154;"SPRF-RS";"DEL08-RS";"UOP01-DEL08-RS"
141785;2018-06-22;"sexta-feira";"14:30:00";"PR";476;128;"CURITIBA";"Defeito Mecânico no Veículo";"Queda de ocupante de veículo";"Com Vítimas Feridas";"Pleno dia";"Decrescente";"Sol";"Dupla";"Curva";"Sim";1;0;1;0;0;0;1;1;-25,433048;-49,23156;"SPRF-PR";"DEL01-PR";"UOP07-DEL01-PR"
141786;2018-06-22;"sexta-feira";"14:35:00";"PI";316;10,7;"TERESINA";"Desobediência às normas de trânsito pelo condutor";"Colisão transversal";"Com Vítimas Feridas";"Pleno dia";"Crescente";"Céu Claro";"Dupla";"Reta";"Sim";3;0;2;0;1;0;2;2;-5,182895;-42,763474;"SPRF-PI";"DEL01-PI";"UOP02-DEL01-PI"
141787;2018-05-21;"segunda-feira";"18:30:00";"MG";381;510;"IGARAPE";"Falta de Atenção do Pedestre";"Atropelamento de Pedestre";"Com Vítimas Feridas";"Anoitecer";"Decrescente";"Céu Claro";"Dupla";"Reta";"Sim";2;0;1;0;1;0;1;2;-20,0613;-44,2919;"SPRF-MG";"DEL01-MG";"UOP03-DEL01-MG"