"id";"data_inversa";"dia_semana";"horario";"uf";"br";"km";"municipio";"causa_acidente";"tipo_acidente";"classificacao_acidente";"fase_dia";"sentido_via";"condicao_metereologica";"tipo_pista";"tracado_via";"uso_solo";"pessoas";"mortos";"feridos_leves";"feridos_graves";"ilesos";"ignorados";"feridos";"veiculos";"latitude";"longitude";"regional";"delegacia";"uop"
141789;2018-06-22;"sexta-feira";"17:30:00";"SC";470;22,6;"ILHOTA";"Falta de Atenção à Condução";"Capotamento";"Com Vítimas Feridas";"Anoitecer";"Crescente";"Nublado";"Simples";"Reta";"Não";1;0;1;0;0;0;1;1;-26,8800734;-48,84357333;"SPRF-SC";"DEL04-SC";"UOP04-DEL04-SC"
141790;2018-06-22;"sexta-feira";"17:50:00";"SP";381;72;"SAO PAULO";"Desobediência às normas de trânsito pelo condutor";"Colisão traseira";"Com Vítimas Feridas";"Anoitecer";"Decrescente";"Céu Claro";"Múltipla";"Curva";"Não";2;0;1;0;1;0;1;2;-23,36148306;-46,55058771;"SPRF-SP";"DEL03-SP";"DEL6/3-UOP03/SP"
141791;2018-06-22;"sexta-feira";"16:30:00";"PR";476;138;"CURITIBA";"Falta de Atenção à Condução";"Colisão traseira";"Com Vítimas Feridas";"Pleno dia";"Crescente";"Céu Claro";"Múltipla";"Reta";"Sim";3;0;1;0;2;0;1;3;-25,505564;-49,283417;"SPRF-PR";"DEL01-PR";"UOP07-DEL01-PR"
141794;2018-06-22;"sexta-feira";"17:20:00";"SC";101;335,1;"TUBARAO";"Falta de Atenção à Condução";"Engavetamento";"Sem Vítimas";"Plena Noite";"Crescente";"Nublado";"Dupla";"Reta";"Sim";3;0;0;0;2;1;0;3;-28,46959672;-49,01636124;"SPRF-SC";"DEL02-SC";"UOP01-DEL02-SC"
141795;2018-06-22;"sexta-feira";"17:50:00";"RN";101;109;"PARNAMIRIM";"Não guardar distância de segurança";"Colisão traseira";"Com Vítimas Feridas";"Plena Noite";"Decrescente";"Céu Claro";"Dupla";"Reta";"Não";1;0;0;1;0;0;1;1;-5,94061285;-35,26469707;"SPRF-RN";"DEL01-RN";"UOP01-DEL01-RN"
141796;2018-06-22;"sexta-feira";"18:20:00";"PR";376;217;"JANDAIA DO SUL";"Falta de Atenção à Condução";"Colisão transversal";"Com Vítimas Feridas";"Plena Noite";"Crescente";"Céu Claro";"Simples";"Interseção de Vias";"Não";3;0;2;0;1;0;2;2;-23,59525617;-51,64127827;"SPRF-PR";"DEL07-PR";"UOP03-DEL07-PR"
141797;2018-06-22;"sexta-feira";"18:30:00";"MG";40;514;"RIBEIRAO DAS NEVES";"Desobediência às normas de trânsito pelo condutor";"Atropelamento de Pedestre";"Com Vítimas Feridas";"Anoitecer";"Decrescente";"Céu Claro";"Dupla";"Reta";"Sim";2;0;2;0;0;0;2;2;-19,80046323;-44,10090208;"SPRF-MG";"DEL01-MG";"UOP03-DEL01-MG"
141798;2018-06-22;"sexta-feira";"17:00:00";"PR";376;616;"SAO JOSE DOS PINHAIS";"Ingestão de Álcool";"Saída de leito carroçável";"Sem Vítimas";"Pleno dia";"Crescente";"Sol";"Dupla";"Curva;Aclive";"Sim";1;0;0;0;1;0;0;1;-25,58400528;-49,17664968;"SPRF-PR";"DEL01-PR";"DEL7/1-UOP08/PR"
141799;2018-06-22;"sexta-feira";"18:00:00";"AL";316;154;"PALMEIRA DOS INDIOS";"Falta de Atenção à Condução";"Colisão lateral";"Com Vítimas Feridas";"Plena Noite";"Crescente";"Céu Claro";"Simples";"Reta";"Não";2;0;0;1;1;0;1;2;-9,430553;-36,641014;"SPRF-AL";"DEL03-AL";"UOP01-DEL03-AL"
141800;2018-05-12;"sábado";"20:30:00";"PR";369;131,8;"IBIPORA";"Desobediência às normas de trânsito pelo pedestre";"Atropelamento de Pedestre";"Com Vítimas Feridas";"Plena Noite";"Decrescente";"Céu Claro";"Dupla";"Curva";"Não";3;0;1;2;0;0;3;2;-23,26053371;-50,99877563;"SPRF-PR";"DEL07-PR";"UOP01-DEL07-PR"
141801;2018-06-22;"sexta-feira";"18:30:00";"RN";101;108,8;"PARNAMIRIM";"Falta de Atenção à Condução";"Queda de ocupante de veículo";"Com Vítimas Feridas";"Plena Noite";"Crescente";"Céu Claro";"Dupla";"Aclive";"Sim";2;0;2;0;0;0;2;1;-5,92823;-35,264656;"SPRF-RN";"DEL01-RN";"UOP01-DEL01-RN"
141802;2018-06-22;"sexta-feira";"18:20:00";"AL";423;20,9;"CANAPI";"Condutor Dormindo";"Saída de leito carroçável";"Com Vítimas Feridas";"Plena Noite";"Crescente";"Céu Claro";"Simples";"Reta";"Não";1;0;1;0;0;0;1;1;-9,18441894;-37,48329163;"SPRF-AL";"DEL03-AL";"UOP02-DEL03-AL"
141803;2018-06-22;"sexta-feira";"18:00:00";"ES";101;265,5;"SERRA";"Falta de Atenção do Pedestre";"Atropelamento de Pedestre";"Com Vítimas Feridas";"Plena Noite";"Crescente";"Céu Claro";"Múltipla";"Reta";"Sim";2;0;2;0;0;0;2;2;-20,18002561;-40,26535392;"SPRF-ES";"DEL02-ES";"UOP01-DEL02-ES"
141804;2018-06-22;"sexta-feira";"18:40:00";"SC";101;215;"PALHOCA";"Falta de Atenção à Condução";"Colisão lateral";"Com Vítimas Feridas";"Plena Noite";"Crescente";"Nublado";"Múltipla";"Reta;Aclive";"Sim";2;0;2;0;0;0;2;1;-27,6601;-48,6774;"SPRF-SC";"DEL01-SC";"UOP02-DEL01-SC"
141805;2018-06-22;"sexta-feira";"18:00:00";"GO";40;7;"VALPARAISO DE GOIAS";"Ingestão de Álcool";"Atropelamento de Pedestre";"Com Vítimas Feridas";"Pleno dia";"Decrescente";"Céu Claro";"Dupla";"Reta";"Sim";2;0;1;0;1;0;1;2;-16,1057311;-47,97396898;"SPRF-DF";"DEL01-DF";"UOP01-DEL01-DF"
141807;2018-06-22;"sexta-feira";"19:00:00";"PR";476;129,5;"CURITIBA";"Desobediência às normas de trânsito pelo condutor";"Colisão traseira";"Com Vítimas Feridas";"Plena Noite";"Crescente";"Céu Claro";"Dupla";"Declive;Reta";"Sim";3;0;1;0;2;0;1;3;-25,440983;-49,233715;"SPRF-PR";"DEL01-PR";"UOP07-DEL01-PR"
141808;2018-06-22;"sexta-feira";"18:00:00";"SP";116;221;"GUARULHOS";"Falta de Atenção à Condução";"Colisão lateral";"Com Vítimas Feridas";"Plena Noite";"Crescente";"Céu Claro";"Múltipla";"Reta";"Sim";2;0;1;0;1;0;1;2;-23,46991886;-46,51451468;"SPRF-SP";"DEL01-SP";"UOP01-DEL01-SP"
141809;2018-06-22;"sexta-feira";"18:10:00";"MS";163;218,1;"CAARAPO";"Ultrapassagem Indevida";"Colisão lateral";"Com Vítimas Feridas";"Plena Noite";"Decrescente";"Céu Claro";"Simples";"Reta";"Não";3;0;1;1;1;0;2;3;-22,56226285;-54,82650876;"SPRF-MS";"DEL04-MS";"UOP02-DEL04-MS"
141810;2018-06-22;"sexta-feira";"19:10:00";"SC";101;206;"SAO JOSE";"Ingestão de Álcool";"Colisão traseira";"Com Vítimas Feridas";"Plena Noite";"Decrescente";"Nublado";"Múltipla";"Reta";"Sim";4;0;1;0;3;0;1;4;-27,6001;-48,6225;"SPRF-SC";"DEL01-SC";"UOP01-DEL01-SC"
141812;2018-06-22;"sexta-feira";"16:45:00";"MG";116;128,7;"ITAOBIM";"Desobediência às normas de trânsito pelo condutor";"Colisão transversal";"Com Vítimas Feridas";"Pleno dia";"Crescente";"Céu Claro";"Simples";"Reta";"Não";2;0;1;0;1;0;1;2;-16,675641;-41,501073;"SPRF-MG";"DEL11-MG";"UOP02-DEL11-MG"
141816;2018-06-22;"sexta-feira";"18:15:00";"MA";10;244;"DAVINOPOLIS";"Ultrapassagem Indevida";"Colisão lateral";"Com Vítimas Feridas";"Anoitecer";"Crescente";"Céu Claro";"Simples";"Reta";"Não";3;0;2;1;0;0;3;2;-5,596112;-47,42886;"SPRF-MA";"DEL04-MA";"UOP01-DEL04-MA"
141817;2018-06-22;"sexta-feira";"19:30:00";"TO";153;334;"GUARAI";"Falta de Atenção à Condução";"Colisão transversal";"Com Vítimas Feridas";"Plena Noite";"Crescente";"Céu Claro";"Simples";"Reta";"Sim";2;0;0;1;1;0;1;2;-8,83339934;-48,51223536;"SPRF-TO";"DEL02-TO";"UOP02-DEL02-TO"
141819;2018-06-22;"sexta-feira";"20:00:00";"GO";40;7;"VALPARAISO DE GOIAS";"Falta de Atenção à Condução";"Colisão traseira";"Com Vítimas Feridas";"Plena Noite";"Crescente";"Céu Claro";"Dupla";"Reta";"Sim";2;0;1;0;1;0;1;2;-16,10709172;-47,97338963;"SPRF-DF";"DEL01-DF";"UOP01-DEL01-DF"
141820;2018-06-22;"sexta-feira";"19:50:00";"GO";40;1,6;"VALPARAISO DE GOIAS";"Restrição de Visibilidade";"Atropelamento de Pedestre";"Com Vítimas Feridas";"Pleno dia";"Decrescente";"Céu Claro";"Dupla";"Reta";"Sim";3;0;1;0;2;0;1;2;-16,058245;-47,982825;"SPRF-DF";"DEL01-DF";"UOP01-DEL01-DF"
141821;2018-06-22;"sexta-feira";"17:35:00";"MT";364;408,2;"CUIABA";"Animais na Pista";"Colisão com objeto em movimento";"Com Vítimas Feridas";"Plena Noite";"Decrescente";"Céu Claro";"Dupla";"Reta";"Sim";1;0;1;0;0;0;1;1;-15,647194;-56,006692;"SPRF-MT";"DEL02-MT";"UOP02-DEL01-MT"
141822;2018-06-22;"sexta-feira";"20:00:00";"PR";277;7;"PARANAGUA";"Velocidade Incompatível";"Saída de leito carroçável";"Com Vítimas Feridas";"Plena Noite";"Crescente";"Céu Claro";"Dupla";"Curva";"Não";1;0;0;1;0;0;1;1;-25,5606777;-48,58310938;"SPRF-PR";"DEL01-PR";"UOP05-DEL01-PR"
141825;2018-06-22;"sexta-feira";"19:15:00";"PR";476;119;"COLOMBO";"Desobediência às normas de trânsito pelo condutor";"Colisão transversal";"Com Vítimas Feridas";"Anoitecer";"Crescente";"Céu Claro";"Dupla";"Retorno Regulamentado";"Sim";3;0;1;1;1;0;2;2;-25,364202;-49,185825;"SPRF-PR";"DEL01-PR";"UOP01-DEL01-PR"
141827;2018-06-22;"sexta-feira";"19:50:00";"PR";476;131,7;"CURITIBA";"Falta de Atenção à Condução";"Colisão transversal";"Sem Vítimas";"Plena Noite";"Crescente";"Céu Claro";"Múltipla";"Reta";"Sim";2;0;0;0;2;0;0;2;-25,453636;-49,245155;"SPRF-PR";"DEL01-PR";"UOP07-DEL01-PR"
141830;2018-06-22;"sexta-feira";"20:30:00";"PA";316;14;"MARITUBA";"Falta de Atenção à Condução";"Tombamento";"Com Vítimas Feridas";"Plena Noite";"Crescente";"Ignorado";"Dupla";"Curva";"Sim";3;0;1;0;1;1;1;2;-1,365636;-48,358788;"SPRF-PA";"DEL01-PA";"DEL19/1-UOP05/PA"
141831;2018-06-22;"sexta-feira";"20:00:00";"PA";230;118;"MARABA";"Ingestão de Álcool";"Colisão frontal";"Com Vítimas Fatais";"Anoitecer";"Crescente";"Céu Claro";"Dupla";"Reta";"Sim";3;1;0;0;2;0;0;2;-5,35035457;-49,11411166;"SPRF-PA";"DEL03-PA";"UOP01-DEL03-PA"
141832;2018-06-22;"sexta-feira";"19:10:00";"TO";153;700,3;"CARIRI DO TOCANTINS";"Animais na Pista";"Atropelamento de Animal";"Com Vítimas Feridas";"Plena Noite";"Crescente";"Ignorado";"Simples";"Declive";"Não";4;0;2;0;2;0;2;1;-11,97215793;-49,2036438;"SPRF-TO";"DEL02-TO";"UOP02-DEL01-TO"
141833;2018-06-22;"sexta-feira";"17:50:00";"MA";135;195,8;"ALTO ALEGRE DO MARANHAO";"Ingestão de Álcool";"Colisão com objeto estático";"Com Vítimas Feridas";"Anoitecer";"Crescente";"Ignorado";"Simples";"Reta";"Não";3;0;1;2;0;0;3;2;-4,17864851;-44,46853638;"SPRF-MA";"DEL03-MA";"UOP01-DEL03-MA"
141836;2018-06-22;"sexta-feira";"20:10:00";"GO";414;430,3;"ANAPOLIS";"Ingestão de Álcool";"Atropelamento de Pedestre";"Com Vítimas Feridas";"Plena Noite";"Crescente";"Céu Claro";"Simples";"Reta";"Não";2;0;0;1;1;0;1;2;-16,3202512;-48,8704561;"SPRF-GO";"DEL02-GO";"UOP01-DEL02-GO"
141837;2018-06-22;"sexta-feira";"21:40:00";"RJ";116;164;"RIO DE JANEIRO";"Ingestão de Álcool";"Colisão traseira";"Sem Vítimas";"Plena Noite";"Decrescente";"Nublado";"Múltipla";"Reta";"Sim";2;0;0;0;2;0;0;2;-22,81330423;-43,33038105;"SPRF-RJ";"DEL01-RJ";"UOP01-DEL01-RJ"
141839;2018-06-22;"sexta-feira";"22:00:00";"RS";116;143,9;"CAXIAS DO SUL";"Ingestão de Álcool";"Colisão com objeto estático";"Com Vítimas Feridas";"Plena Noite";"Crescente";"Céu Claro";"Dupla";"Curva";"Sim";2;0;2;0;0;0;2;1;-29,1503045;-51,1452654;"SPRF-RS";"DEL05-RS";"UOP01-DEL05-RS"
141840;2018-06-22;"sexta-feira";"21:30:00";"AL";316;87;"SANTANA DO IPANEMA";"Defeito Mecânico no Veículo";"Colisão frontal";"Com Vítimas Feridas";"Anoitecer";"Crescente";"Céu Claro";"Simples";"Reta";"Sim";13;0;10;2;0;1;12;2;-9,3711602;-37,22528458;"SPRF-AL";"DEL03-AL";"UOP02-DEL03-AL"
141842;2018-06-22;"sexta-feira";"20:00:00";"PR";116;126;"FAZENDA RIO GRANDE";"Desobediência às normas de trânsito pelo condutor";"Colisão transversal";"Com Vítimas Feridas";"Plena Noite";"Crescente";"Nublado";"Múltipla";"Reta";"Sim";5;0;2;0;2;1;2;4;-25,621508;-49,316216;"SPRF-PR";"DEL01-PR";"UOP03-DEL01-PR"
141843;2018-06-22;"sexta-feira";"20:40:00";"CE";116;536,4;"PENAFORTE";"Ingestão de Álcool";"Saída de leito carroçável";"Com Vítimas Fatais";"Plena Noite";"Crescente";"Céu Claro";"Simples";"Curva";"Não";2;1;0;0;0;1;0;2;-7,757684;-39,062632;"SPRF-CE";"DEL05-CE";"UOP03-DEL05-CE"
141844;2018-06-22;"sexta-feira";"20:00:00";"PR";116;110,9;"CURITIBA";"Desobediência às normas de trânsito pelo condutor";"Colisão traseira";"Sem Vítimas";"Plena Noite";"Crescente";"Nevoeiro/Neblina";"Dupla";"Reta";"Sim";3;0;0;0;2;1;0;3;-25,55968078;-49,26532203;"SPRF-PR";"DEL01-PR";"UOP01-DEL01-PR"
141845;2018-06-22;"sexta-feira";"20:10:00";"MA";10;255;"IMPERATRIZ";"Falta de Atenção à Condução";"Colisão traseira";"Com Vítimas Feridas";"Plena Noite";"Crescente";"Céu Claro";"Simples";"Reta";"Sim";2;0;1;0;1;0;1;2;-5,508798;-47,471718;"SPRF-MA";"DEL04-MA";"UOP01-DEL04-MA"
141848;2018-06-22;"sexta-feira";"19:35:00";"RS";386;368,5;"FAZENDA VILANOVA";"Ingestão de álcool e/ou substâncias psicoativas pelo pedestre";"Atropelamento de Pedestre";"Com Vítimas Feridas";"Plena Noite";"Crescente";"Céu Claro";"Simples";"Aclive";"Sim";4;0;0;1;0;3;1;2;-29,5922482;-51,82072509;"SPRF-RS";"DEL04-RS";"UOP02-DEL04-RS"
141850;2018-06-22;"sexta-feira";"22:00:00";"RJ";356;26;"NATIVIDADE";"Ingestão de Álcool";"Colisão com objeto estático";"Com Vítimas Feridas";"Plena Noite";"Crescente";"Céu Claro";"Simples";"Interseção de Vias";"Não";1;0;1;0;0;0;1;1;-21,179396;-41,954491;"SPRF-RJ";"DEL08-RJ";"UOP03-DEL08-RJ"
141855;2018-06-22;"sexta-feira";"16:30:00";"MA";222;384;"SANTA INES";"Ultrapassagem Indevida";"Colisão frontal";"Com Vítimas Feridas";"Pleno dia";"Crescente";"Céu Claro";"Simples";"Aclive";"Não";2;0;1;1;0;0;2;2;-3,90261847;-45,58038712;"SPRF-MA";"DEL02-MA";"UI04-DEL02-MA"
141856;2018-06-22;"sexta-feira";"23:05:00";"PR";369;191,3;"ARAPONGAS";"Falta de Atenção à Condução";"Saída de leito carroçável";"Com Vítimas Feridas";"Plena Noite";"Decrescente";"Céu Claro";"Dupla";"Reta";"Não";2;0;1;0;0;1;1;1;-23,45706558;-51,42330386;"SPRF-PR";"DEL07-PR";"UOP03-DEL07-PR"
141857;2018-06-22;"sexta-feira";"20:00:00";"CE";20;153,8;"PEDRA BRANCA";"Mal Súbito";"Saída de leito carroçável";"Com Vítimas Fatais";"Plena Noite";"Crescente";"Céu Claro";"Simples";"Curva";"Não";1;1;0;0;0;0;0;1;-5,45550488;-40,01214266;"SPRF-CE";"DEL02-CE";"UOP02-DEL02-CE"
141858;2018-06-22;"sexta-feira";"22:30:00";"RJ";101;315;"SAO GONCALO";"Agressão Externa";"Capotamento";"Com Vítimas Feridas";"Plena Noite";"Decrescente";"Céu Claro";"Dupla";"Reta";"Não";1;0;1;0;0;0;1;1;-22,822636;-43,084637;"SPRF-RJ";"DEL02-RJ";"DEL5/2-UOP04/RJ"
141859;2018-06-22;"sexta-feira";"23:00:00";"CE";222;2,9;"FORTALEZA";"Ingestão de Álcool";"Colisão transversal";"Com Vítimas Feridas";"Plena Noite";"Crescente";"Nublado";"Múltipla";"Interseção de Vias";"Sim";4;0;2;0;2;0;2;2;-3,74013697;-38,59460653;"SPRF-CE";"DEL01-CE";"UOP01-DEL01-CE"
141860;2018-06-23;"sábado";"00:15:00";"PB";230;59,5;"CRUZ DO ESPIRITO SANTO";"Ingestão de Álcool";"Colisão frontal";"Com Vítimas Feridas";"Plena Noite";"Decrescente";"Céu Claro";"Dupla";"Reta";"Não";3;0;3;0;0;0;3;2;-7,2043;-35,1305;"SPRF-PB";"DEL01-PB";"UOP03-DEL01-PB"
141861;2018-06-22;"sexta-feira";"23:40:00";"PR";116;106;"SAO JOSE DOS PINHAIS";"Falta de Atenção à Condução";"Saída de leito carroçável";"Com Vítimas Feridas";"Plena Noite";"Crescente";"Céu Claro";"Dupla";"Interseção de Vias";"Sim";3;0;1;0;1;1;1;2;-25,568306;-49,177998;"SPRF-PR";"DEL01-PR";"UOP01-DEL01-PR"
141862;2018-06-22;"sexta-feira";"18:45:00";"RN";110;43,1;"MOSSORO";"Falta de Atenção do Pedestre";"Atropelamento de Pedestre";"Com Vítimas Feridas";"Plena Noite";"Decrescente";"Céu Claro";"Simples";"Curva";"Sim";2;0;1;0;1;0;1;2;-5,197978;-37,318398;"SPRF-RN";"DEL04-RN";"UOP01-DEL04-RN"
141864;2018-06-23;"sábado";"00:10:00";"SP";116;269;"TABOAO DA SERRA";"Desobediência às normas de trânsito pelo condutor";"Colisão transversal";"Com Vítimas Feridas";"Plena Noite";"Decrescente";"Céu Claro";"Dupla";"Reta";"Sim";2;0;1;1;0;0;2;2;-23,60883327;-46,75585449;"SPRF-SP";"DEL04-SP";"UOP01-DEL04-SP"
141865;2018-06-23;"sábado";"00:35:00";"SC";101;207,3;"SAO JOSE";"Velocidade Incompatível";"Colisão com objeto estático";"Com Vítimas Feridas";"Plena Noite";"Decrescente";"Céu Claro";"Dupla";"Curva";"Sim";1;0;1;0;0;0;1;1;-27,60077439;-48,62310464;"SPRF-SC";"DEL01-SC";"UOP01-DEL01-SC"
141867;2018-06-22;"sexta-feira";"23:45:00";"MA";222;588;"ACAILANDIA";"Falta de Atenção à Condução";"Colisão traseira";"Com Vítimas Feridas";"Plena Noite";"Crescente";"Céu Claro";"Simples";"Reta";"Não";3;0;1;0;0;2;1;2;-4,55435088;-46,89411163;"SPRF-MA";"DEL04-MA";"UOP03-DEL04-MA"
141870;2018-06-23;"sábado";"01:45:00";"SC";101;205,5;"SAO JOSE";"Ingestão de Álcool";"Colisão com objeto estático";"Com Vítimas Feridas";"Plena Noite";"Crescente";"Nublado";"Múltipla";"Reta";"Sim";1;0;1;0;0;0;1;1;-27,592;-48,6181;"SPRF-SC";"DEL01-SC";"UOP01-DEL01-SC"
141871;2018-06-23;"sábado";"00:20:00";"SC";101;27,3;"JOINVILLE";"Falta de Atenção à Condução";"Colisão lateral";"Com Vítimas Fatais";"Plena Noite";"Decrescente";"Nublado";"Dupla";"Reta";"Não";2;1;0;1;0;0;1;2;-26,2102;-48,9156;"SPRF-SC";"DEL03-SC";"UOP01-DEL03-SC"
141873;2018-06-23;"sábado";"01:30:00";"CE";222;12;"CAUCAIA";"Falta de Atenção à Condução";"Colisão lateral";"Com Vítimas Feridas";"Plena Noite";"Crescente";"Céu Claro";"Simples";"Reta";"Não";2;0;0;1;1;0;1;2;-3,7648;-38,668972;"SPRF-CE";"DEL01-CE";"UOP01-DEL01-CE"
141874;2018-06-23;"sábado";"00:22:00";"GO";40;7,4;"VALPARAISO DE GOIAS";"Avarias e/ou desgaste excessivo no pneu";"Saída de leito carroçável";"Com Vítimas Feridas";"Plena Noite";"Decrescente";"Céu Claro";"Dupla";"Reta";"Sim";2;0;1;0;1;0;1;1;-16,108482;-47,972524;"SPRF-DF";"DEL01-DF";"UOP01-DEL01-DF"
141877;2018-06-23;"sábado";"00:10:00";"RJ";40;72;"PETROPOLIS";"Falta de Atenção à Condução";"Colisão traseira";"Com Vítimas Feridas";"Plena Noite";"Crescente";"Céu Claro";"Simples";"Reta";"Não";1;0;1;0;0;0;1;1;-22,4669;-43,2221;"SPRF-RJ";"DEL06-RJ";"UOP01-DEL06-RJ"
141882;2018-06-23;"sábado";"02:30:00";"SE";101;152;"ESTANCIA";"Ingestão de Álcool";"Queda de ocupante de veículo";"Com Vítimas Feridas";"Plena Noite";"Decrescente";"Céu Claro";"Simples";"Reta";"Não";2;0;2;0;0;0;2;1;-11,27173777;-37,44567614;"SPRF-SE";"DEL02-SE";"UOP01-DEL02-SE"
141883;2018-06-23;"sábado";"04:20:00";"GO";40;7;"VALPARAISO DE GOIAS";"Ingestão de Álcool";"Tombamento";"Com Vítimas Feridas";"Plena Noite";"Crescente";"Céu Claro";"Dupla";"Reta";"Sim";2;0;1;0;1;0;1;1;-16,108482;-47,972524;"SPRF-DF";"DEL01-DF";"UOP01-DEL01-DF"
141888;2018-06-23;"sábado";"03:00:00";"GO";20;133,3;"FLORES DE GOIAS";"Falta de Atenção à Condução";"Saída de leito carroçável";"Com Vítimas Feridas";"Plena Noite";"Decrescente";"Céu Claro";"Simples";"Reta";"Não";1;0;1;0;0;0;1;1;-14,82514;-46,720798;"SPRF-DF";"DEL02-DF";"UOP03-DEL02-DF"
141889;2018-06-23;"sábado";"02:00:00";"RS";392;5,6;"RIO GRANDE";"Ingestão de Álcool";"Saída de leito carroçável";"Com Vítimas Feridas";"Plena Noite";"Crescente";"Céu Claro";"Simples";"Reta";"Sim";1;0;1;0;0;0;1;1;-32,081646;-52,10498;"SPRF-RS";"DEL07-RS";"UOP02-DEL07-RS"
141892;2018-06-23;"sábado";"03:55:00";"RS";116;249,5;"SAO LEOPOLDO";"Velocidade Incompatível";"Saída de leito carroçável";"Sem Vítimas";"Plena Noite";"Decrescente";"Céu Claro";"Múltipla";"Reta";"Não";1;0;0;0;0;1;0;1;-29,78427338;-51,16194481;"SPRF-RS";"DEL01-RS";"UOP02-DEL01-RS"
141893;2018-06-23;"sábado";"04:40:00";"SP";116;212,8;"GUARULHOS";"Falta de Atenção à Condução";"Colisão com objeto estático";"Com Vítimas Feridas";"Plena Noite";"Decrescente";"Nublado";"Múltipla";"Em Obras;Reta;Desvio Temporário";"Sim";1;0;0;1;0;0;1;1;-23,43993414;-46,43772304;"SPRF-SP";"DEL01-SP";"UOP01-DEL01-SP"
141896;2018-06-23;"sábado";"05:20:00";"MG";381;457;"BELO HORIZONTE";"Desobediência às normas de trânsito pelo condutor";"Colisão lateral";"Com Vítimas Feridas";"Amanhecer";"Crescente";"Céu Claro";"Simples";"Reta";"Não";3;0;2;0;1;0;2;2;-19,84005912;-43,8762188;"SPRF-MG";"DEL01-MG";"UOP01-DEL01-MG"
141898;2018-06-23;"sábado";"04:50:00";"RN";101;99;"PARNAMIRIM";"Velocidade Incompatível";"Colisão com objeto estático";"Sem Vítimas";"Amanhecer";"Decrescente";"Céu Claro";"Dupla";"Curva";"Sim";1;0;0;0;1;0;0;1;-5,8752046;-35,22159524;"SPRF-RN";"DEL01-RN";"UOP01-DEL01-RN"
141901;2018-06-23;"sábado";"05:59:00";"RS";116;238,7;"NOVO HAMBURGO";"Falta de Atenção à Condução";"Colisão com objeto estático";"Com Vítimas Fatais";"Plena Noite";"Crescente";"Céu Claro";"Dupla";"Reta";"Sim";1;1;0;0;0;0;0;1;-29,69161312;-51,14335299;"SPRF-RS";"DEL01-RS";"UOP02-DEL01-RS"
141902;2018-06-23;"sábado";"06:00:00";"SP";116;80;"ROSEIRA";"Objeto estático sobre o leito carroçável";"Colisão com objeto estático";"Com Vítimas Feridas";"Amanhecer";"Decrescente";"Céu Claro";"Dupla";"Reta";"Não";1;0;1;0;0;0;1;1;-22,899584;-45,302456;"SPRF-SP";"DEL06-SP";"UOP01-DEL06-SP"
141903;2018-06-22;"sexta-feira";"11:20:00";"MG";40;143;"JOAO PINHEIRO";"Desobediência às normas de trânsito pelo condutor";"Colisão transversal";"Com Vítimas Feridas";"Pleno dia";"Crescente";"Céu Claro";"Simples";"Rotatória";"Sim";2;0;1;0;1;0;1;2;-17,745806;-46,17841;"SPRF-MG";"DEL14-MG";"UOP01-DEL14-MG"
141905;2018-06-23;"sábado";"04:45:00";"SC";470;244,9;"CURITIBANOS";"Velocidade Incompatível";"Saída de leito carroçável";"Com Vítimas Fatais";"Plena Noite";"Crescente";"Nublado";"Simples";"Reta;Aclive";"Não";2;1;0;0;1;0;0;1;-27,31521;-50,53619;"SPRF-SC";"DEL05-SC";"UOP03-DEL05-SC"
141906;2018-06-23;"sábado";"06:15:00";"SC";101;352,3;"JAGUARUNA";"Falta de Atenção à Condução";"Saída de leito carroçável";"Com Vítimas Feridas";"Plena Noite";"Decrescente";"Céu Claro";"Dupla";"Reta";"Sim";1;0;1;0;0;0;1;1;-28,6095;-49,0592;"SPRF-SC";"DEL02-SC";"UOP01-DEL02-SC"
141908;2018-06-23;"sábado";"05:50:00";"PR";376;641;"TIJUCAS DO SUL";"Falta de Atenção à Condução";"Incêndio";"Sem Vítimas";"Plena Noite";"Crescente";"Céu Claro";"Dupla";"Reta";"Não";1;0;0;0;1;0;0;1;-25,80576394;-49,13492024;"SPRF-PR";"DEL01-PR";"DEL7/1-UOP08/PR"
141909;2018-06-23;"sábado";"06:40:00";"RJ";116;170;"SAO JOAO DE MERITI";"Falta de Atenção à Condução";"Queda de ocupante de veículo";"Com Vítimas Feridas";"Pleno dia";"Decrescente";"Céu Claro";"Dupla";"Curva";"Não";1;0;1;0;0;0;1;1;-22,8111;-43,333729;"SPRF-RJ";"DEL01-RJ";"UOP02-DEL01-RJ"
141910;2018-06-22;"sexta-feira";"21:20:00";"SC";163;74,9;"SAO MIGUEL DO OESTE";"Ingestão de Álcool";"Colisão com objeto estático";"Com Vítimas Feridas";"Plena Noite";"Decrescente";"Céu Claro";"Simples";"Aclive";"Não";1;0;1;0;0;0;1;1;-26,67821688;-53,51561666;"SPRF-SC";"DEL07-SC";"UOP03-DEL07-SC"
141911;2018-06-23;"sábado";"07:10:00";"PR";277;67;"CURITIBA";"Falta de Atenção à Condução";"Saída de leito carroçável";"Com Vítimas Feridas";"Pleno dia";"Crescente";"Céu Claro";"Dupla";"Reta";"Sim";3;0;3;0;0;0;3;1;-25,4289541;-49,267137;"SPRF-PR";"DEL01-PR";"UOP07-DEL01-PR"