"id";"data_inversa";"dia_semana";"horario";"uf";"br";"km";"municipio";"causa_acidente";"tipo_acidente";"classificacao_acidente";"fase_dia";"sentido_via";"condicao_metereologica";"tipo_pista";"tracado_via";"uso_solo";"pessoas";"mortos";"feridos_leves";"feridos_graves";"ilesos";"ignorados";"feridos";"veiculos";"latitude";"longitude";"regional";"delegacia";"uop"
142127;2018-06-24;"domingo";"04:40:00";"PR";376;179,1;"MARINGA";"Ingestão de Álcool";"Colisão traseira";"Com Vítimas Feridas";"Plena Noite";"Crescente";"Céu Claro";"Dupla";"Reta";"Sim";3;0;2;0;1;0;2;3;-23,427254;-51,895123;"SPRF-PR";"DEL07-PR";"UOP01-DEL09-PR"
142129;2018-06-24;"domingo";"04:00:00";"GO";40;12;"LUZIANIA";"Falta de Atenção à Condução";"Colisão com objeto estático";"Sem Vítimas";"Plena Noite";"Crescente";"Céu Claro";"Dupla";"Reta";"Sim";1;0;0;0;0;1;0;1;-16,14751321;-47,94329572;"SPRF-DF";"DEL01-DF";"UOP01-DEL01-DF"
142130;2018-06-24;"domingo";"04:35:00";"MG";381;752,8;"TRES CORACOES";"Velocidade Incompatível";"Colisão traseira";"Com Vítimas Feridas";"Plena Noite";"Crescente";"Nublado";"Dupla";"Curva";"Sim";2;0;1;0;1;0;1;1;-21,65835554;-45,30242443;"SPRF-MG";"DEL16-MG";"UOP02-DEL16-MG"
142132;2018-06-24;"domingo";"04:15:00";"MS";463;2,3;"DOURADOS";"Ingestão de Álcool";"Queda de ocupante de veículo";"Com Vítimas Feridas";"Plena Noite";"Decrescente";"Ignorado";"Simples";"Reta";"Sim";1;0;1;0;0;0;1;1;-22,25929179;-54,82876986;"SPRF-MS";"DEL04-MS";"UOP01-DEL04-MS"
142133;2018-06-23;"sábado";"19:40:00";"PA";316;123,4;"NOVA TIMBOTEUA";"Desobediência às normas de trânsito pelo condutor";"Tombamento";"Com Vítimas Fatais";"Plena Noite";"Decrescente";"Nublado";"Simples";"Reta";"Não";3;1;0;1;0;1;1;3;-1,294187;-47,367889;"SPRF-PA";"DEL01-PA";"UOP02-DEL01-PA"
142134;2018-06-24;"domingo";"04:40:00";"BA";242;732,7;"CRISTOPOLIS";"Condutor Dormindo";"Tombamento";"Com Vítimas Feridas";"Amanhecer";"Crescente";"Céu Claro";"Simples";"Reta";"Não";4;0;3;0;1;0;3;1;-12,1946223;-44,4926421;"SPRF-BA";"DEL10-BA";"UOP01-DEL10-BA"
142135;2018-06-24;"domingo";"05:52:00";"GO";40;5,7;"VALPARAISO DE GOIAS";"Ingestão de Álcool";"Colisão traseira";"Sem Vítimas";"Amanhecer";"Crescente";"Céu Claro";"Dupla";"Reta";"Sim";2;0;0;0;1;1;0;2;-16,093134;-47,982236;"SPRF-DF";"DEL01-DF";"UOP01-DEL01-DF"
142136;2018-06-24;"domingo";"04:50:00";"SC";153;85,6;"CONCORDIA";"Falta de Atenção à Condução";"Saída de leito carroçável";"Com Vítimas Feridas";"Amanhecer";"Crescente";"Céu Claro";"Simples";"Reta";"Não";1;0;1;0;0;0;1;1;-27,142017;-51,913219;"SPRF-SC";"DEL07-SC";"UOP04-DEL07-SC"
142137;2018-06-24;"domingo";"06:10:00";"PR";369;100;"CORNELIO PROCOPIO";"Condutor Dormindo";"Saída de leito carroçável";"Com Vítimas Feridas";"Amanhecer";"Decrescente";"Nublado";"Simples";"Curva";"Não";1;0;0;1;0;0;1;1;-23,24411623;-50,71614146;"SPRF-PR";"DEL07-PR";"UOP05-DEL07-PR"
142138;2018-06-24;"domingo";"04:25:00";"MT";70;517,6;"VARZEA GRANDE";"Falta de Atenção à Condução";"Queda de ocupante de veículo";"Com Vítimas Feridas";"Plena Noite";"Crescente";"Céu Claro";"Simples";"Curva";"Sim";2;0;2;0;0;0;2;1;-15,70501874;-56,14391327;"SPRF-MT";"DEL01-MT";"DEL2/4-UOP02/MT"
142139;2018-06-24;"domingo";"05:45:00";"RJ";40;122;"DUQUE DE CAXIAS";"Velocidade Incompatível";"Colisão com objeto estático";"Com Vítimas Feridas";"Amanhecer";"Decrescente";"Céu Claro";"Múltipla";"Reta";"Sim";1;0;1;0;0;0;1;1;-22,78472814;-43,28458786;"SPRF-RJ";"DEL01-RJ";"UOP01-DEL01-RJ"
142140;2018-06-24;"domingo";"05:40:00";"SC";101;374,1;"ICARA";"Falta de Atenção à Condução";"Saída de leito carroçável";"Com Vítimas Feridas";"Plena Noite";"Decrescente";"Céu Claro";"Dupla";"Reta";"Não";1;0;1;0;0;0;1;1;-28,71361061;-49,2154026;"SPRF-SC";"DEL02-SC";"UOP01-DEL02-SC"
142142;2018-06-24;"domingo";"06:30:00";"DF";20;9,5;"BRASILIA";"Velocidade Incompatível";"Colisão com objeto estático";"Com Vítimas Feridas";"Amanhecer";"Decrescente";"Céu Claro";"Dupla";"Declive;Curva";"Sim";2;0;1;0;1;0;1;1;-15,6521;-47,7789;"SPRF-DF";"DEL02-DF";"UOP01-DEL02-DF"
142145;2018-06-24;"domingo";"01:20:00";"SC";101;62,9;"ARAQUARI";"Ingestão de Álcool";"Colisão lateral";"Sem Vítimas";"Plena Noite";"Decrescente";"Nevoeiro/Neblina";"Dupla";"Reta";"Não";2;0;0;0;2;0;0;2;-26,45837522;-48,75920881;"SPRF-SC";"DEL03-SC";"UOP02-DEL03-SC"
142147;2018-06-24;"domingo";"00:30:00";"RS";290;297,1;"CACHOEIRA DO SUL";"Falta de Atenção à Condução";"Saída de leito carroçável";"Com Vítimas Fatais";"Plena Noite";"Crescente";"Chuva";"Simples";"Ponte";"Não";3;3;0;0;0;0;0;1;-30,31361669;-53,18412781;"SPRF-RS";"DEL09-RS";"UOP02-DEL09-RS"
142148;2018-06-24;"domingo";"04:00:00";"ES";262;109,6;"VENDA NOVA DO IMIGRANTE";"Velocidade Incompatível";"Saída de leito carroçável";"Com Vítimas Feridas";"Plena Noite";"Decrescente";"Céu Claro";"Simples";"Reta";"Sim";1;0;0;1;0;0;1;1;-20,3359;-41,1728;"SPRF-ES";"DEL01-ES";"UOP02-DEL01-ES"
142149;2018-06-24;"domingo";"04:00:00";"PI";343;338;"TERESINA";"Ingestão de Álcool";"Colisão com objeto estático";"Sem Vítimas";"Plena Noite";"Decrescente";"Céu Claro";"Dupla";"Reta";"Não";1;0;0;0;1;0;0;1;-5,063362;-42,722912;"SPRF-PI";"DEL01-PI";"UOP01-DEL01-PI"
142150;2018-06-23;"sábado";"21:50:00";"SC";280;230,2;"CANOINHAS";"Falta de Atenção à Condução";"Colisão transversal";"Com Vítimas Feridas";"Plena Noite";"Crescente";"Nublado";"Simples";"Rotatória";"Sim";4;0;2;0;1;1;2;2;-26,187521;-50,361839;"SPRF-SC";"DEL06-SC";"UOP04-DEL06-SC"
142151;2018-06-24;"domingo";"05:40:00";"PI";230;153,8;"DOM EXPEDITO LOPES";"Falta de Atenção à Condução";"Saída de leito carroçável";"Com Vítimas Fatais";"Amanhecer";"Decrescente";"Céu Claro";"Simples";"Reta";"Não";2;1;1;0;0;0;1;1;-6,93899;-41,76017;"SPRF-PI";"DEL04-PI";"UOP01-DEL04-PI"
142152;2018-06-24;"domingo";"06:15:00";"RS";392;352,7;"SANTA MARIA";"Sinalização da via insuficiente ou inadequada";"Saída de leito carroçável";"Com Vítimas Feridas";"Plena Noite";"Decrescente";"Chuva";"Simples";"Em Obras";"Sim";2;0;0;1;0;1;1;2;-29,720404;-53,807632;"SPRF-RS";"DEL09-RS";"UOP01-DEL09-RS"
142154;2018-06-24;"domingo";"07:10:00";"MG";381;359;"JOAO MONLEVADE";"Desobediência às normas de trânsito pelo condutor";"Colisão traseira";"Com Vítimas Feridas";"Amanhecer";"Crescente";"Céu Claro";"Simples";"Reta";"Não";2;0;1;0;1;0;1;2;-19,84220871;-43,17511082;"SPRF-MG";"DEL03-MG";"UOP01-DEL03-MG"
142156;2018-06-24;"domingo";"07:50:00";"PR";376;300,1;"MAUA DA SERRA";"Desobediência às normas de trânsito pelo condutor";"Capotamento";"Com Vítimas Feridas";"Pleno dia";"Crescente";"Céu Claro";"Dupla";"Curva";"Não";1;0;0;1;0;0;1;1;-23,93709436;-51,16639484;"SPRF-PR";"DEL07-PR";"UOP02-DEL07-PR"
142158;2018-06-24;"domingo";"07:10:00";"SC";101;113;"ITAJAI";"Condutor Dormindo";"Colisão lateral";"Sem Vítimas";"Pleno dia";"Decrescente";"Nublado";"Múltipla";"Reta";"Não";2;0;0;0;2;0;0;2;-26,8622;-48,7286;"SPRF-SC";"DEL04-SC";"UOP04-DEL04-SC"
142159;2018-06-24;"domingo";"08:00:00";"GO";50;219,1;"CAMPO ALEGRE DE GOIAS";"Defeito Mecânico no Veículo";"Saída de leito carroçável";"Com Vítimas Feridas";"Pleno dia";"Crescente";"Céu Claro";"Dupla";"Reta";"Não";5;0;0;2;3;0;2;1;-17,7151;-47,7206;"SPRF-GO";"DEL06-GO";"UOP01-DEL06-GO"
142162;2018-06-24;"domingo";"06:45:00";"RS";290;581,3;"ALEGRETE";"Condutor Dormindo";"Saída de leito carroçável";"Com Vítimas Feridas";"Amanhecer";"Crescente";"Nublado";"Simples";"Curva";"Não";1;0;1;0;0;0;1;1;-29,8072;-55,7906;"SPRF-RS";"DEL13-RS";"UOP02-DEL13-RS"
142167;2018-06-24;"domingo";"03:35:00";"PR";476;335,8;"PAULO FRONTIN";"Velocidade Incompatível";"Colisão com objeto estático";"Sem Vítimas";"Plena Noite";"Crescente";"Nevoeiro/Neblina";"Simples";"Reta";"Não";2;0;0;0;1;1;0;2;-26,131454;-50,855904;"SPRF-PR";"DEL02-PR";"UOP03-DEL02-PR"
142168;2018-06-24;"domingo";"09:45:00";"PR";376;176,3;"MARINGA";"Não guardar distância de segurança";"Colisão traseira";"Com Vítimas Feridas";"Pleno dia";"Decrescente";"Sol";"Dupla";"Interseção de Vias";"Sim";2;0;1;0;1;0;1;2;-23,41105517;-51,93642855;"SPRF-PR";"DEL07-PR";"UOP01-DEL09-PR"
142169;2018-06-23;"sábado";"19:30:00";"PA";10;264,5;"AURORA DO PARA";"Falta de Atenção à Condução";"Colisão lateral";"Com Vítimas Fatais";"Plena Noite";"Crescente";"Céu Claro";"Simples";"Reta";"Não";2;1;0;0;0;1;0;2;-2,118276;-47,560415;"SPRF-PA";"DEL02-PA";"UOP01-DEL02-PA"
142171;2018-06-24;"domingo";"10:15:00";"GO";60;101,4;"ANAPOLIS";"Falta de Atenção à Condução";"Colisão traseira";"Com Vítimas Feridas";"Pleno dia";"Decrescente";"Céu Claro";"Dupla";"Reta";"Sim";2;0;1;0;1;0;1;2;-16,4022;-48,9745;"SPRF-GO";"DEL02-GO";"UOP01-DEL02-GO"
142172;2018-06-24;"domingo";"09:55:00";"SC";280;133;"RIO NEGRINHO";"Falta de Atenção à Condução";"Colisão transversal";"Com Vítimas Feridas";"Pleno dia";"Crescente";"Céu Claro";"Simples";"Rotatória";"Não";4;0;3;0;1;0;3;2;-26,268433;-49,555073;"SPRF-SC";"DEL06-SC";"UOP03-DEL06-SC"
142173;2018-06-24;"domingo";"10:30:00";"PA";230;117,6;"MARABA";"Desobediência às normas de trânsito pelo condutor";"Colisão traseira";"Com Vítimas Feridas";"Pleno dia";"Crescente";"Céu Claro";"Dupla";"Interseção de Vias";"Sim";3;0;1;0;1;1;1;3;-5,355693;-49,090485;"SPRF-PA";"DEL03-PA";"UOP01-DEL03-PA"
142174;2018-06-04;"segunda-feira";"14:40:00";"BA";407;2,5;"JUAZEIRO";"Desobediência às normas de trânsito pelo condutor";"Colisão lateral";"Sem Vítimas";"Pleno dia";"Decrescente";"Céu Claro";"Simples";"Rotatória";"Sim";2;0;0;0;1;1;0;2;-9,42670924;-40,49963951;"SPRF-PE";"DEL06-PE";"UOP01-DEL06-PE"
142175;2018-06-24;"domingo";"10:00:00";"SP";116;121;"CACAPAVA";"Falta de Atenção à Condução";"Colisão lateral";"Com Vítimas Feridas";"Pleno dia";"Decrescente";"Sol";"Dupla";"Reta";"Não";2;0;1;0;0;1;1;2;-23,076336;-45,653408;"SPRF-SP";"DEL06-SP";"UOP02-DEL02-SP"
142176;2018-06-24;"domingo";"10:20:00";"PR";277;143,3;"BALSA NOVA";"Falta de Atenção à Condução";"Colisão traseira";"Com Vítimas Feridas";"Pleno dia";"Crescente";"Céu Claro";"Simples";"Declive;Reta";"Não";3;0;1;0;2;0;1;2;-25,46464501;-49,76252664;"SPRF-PR";"DEL01-PR";"UOP06-DEL01-PR"
142177;2018-06-24;"domingo";"09:40:00";"RO";319;63;"PORTO VELHO";"Falta de Atenção à Condução";"Colisão transversal";"Sem Vítimas";"Pleno dia";"Crescente";"Céu Claro";"Dupla";"Interseção de Vias";"Sim";3;0;0;0;2;1;0;3;-8,75777437;-63,88637245;"SPRF-RO";"DEL01-RO";"UOP01-DEL01-RO"
142178;2018-06-24;"domingo";"09:30:00";"PR";277;719;"FOZ DO IGUACU";"Falta de Atenção à Condução";"Colisão lateral";"Com Vítimas Feridas";"Pleno dia";"Decrescente";"Céu Claro";"Dupla";"Reta";"Sim";4;0;1;0;2;1;1;3;-25,48833595;-54,50471342;"SPRF-PR";"DEL05-PR";"UOP01-DEL05-PR"
142180;2018-06-24;"domingo";"10:30:00";"CE";116;10;"FORTALEZA";"Falta de Atenção à Condução";"Colisão transversal";"Com Vítimas Feridas";"Pleno dia";"Crescente";"Céu Claro";"Dupla";"Reta";"Sim";2;0;0;1;1;0;1;2;-3,8466;-38,4974;"SPRF-CE";"DEL01-CE";"UOP02-DEL01-CE"
142181;2018-06-24;"domingo";"11:20:00";"SP";153;107,8;"JOSE BONIFACIO";"Falta de Atenção à Condução";"Colisão transversal";"Com Vítimas Feridas";"Pleno dia";"Crescente";"Céu Claro";"Simples";"Reta";"Sim";4;0;4;0;0;0;4;2;-21,063889;-49,662552;"SPRF-SP";"DEL09-SP";"UOP01-DEL09-SP"
142182;2018-06-24;"domingo";"01:50:00";"SC";280;80,5;"CORUPA";"Condutor Dormindo";"Saída de leito carroçável";"Com Vítimas Feridas";"Plena Noite";"Crescente";"Céu Claro";"Simples";"Reta";"Sim";1;0;1;0;0;0;1;1;-26,444054;-49,209812;"SPRF-SC";"DEL06-SC";"UOP03-DEL06-SC"
142183;2018-06-24;"domingo";"11:40:00";"ES";101;379,3;"ICONHA";"Falta de Atenção à Condução";"Capotamento";"Com Vítimas Feridas";"Pleno dia";"Crescente";"Céu Claro";"Simples";"Reta";"Não";1;0;0;1;0;0;1;1;-20,79976904;-40,82296371;"SPRF-ES";"DEL03-ES";"UOP01-DEL03-ES"
142186;2018-06-24;"domingo";"11:25:00";"RJ";101;322;"NITEROI";"Falta de Atenção à Condução";"Colisão traseira";"Com Vítimas Feridas";"Pleno dia";"Decrescente";"Céu Claro";"Dupla";"Reta";"Não";2;0;1;0;1;0;1;2;-22,87815218;-43,11046958;"SPRF-RJ";"DEL02-RJ";"UOP02-DEL02-RJ"
142191;2018-06-24;"domingo";"12:10:00";"SC";101;214,3;"PALHOCA";"Desobediência às normas de trânsito pelo condutor";"Colisão transversal";"Sem Vítimas";"Pleno dia";"Decrescente";"Nublado";"Dupla";"Interseção de Vias";"Sim";3;0;0;0;3;0;0;2;-27,652;-48,676;"SPRF-SC";"DEL01-SC";"UOP02-DEL01-SC"
142193;2018-06-24;"domingo";"12:10:00";"SC";282;503,7;"XANXERE";"Velocidade Incompatível";"Saída de leito carroçável";"Sem Vítimas";"Pleno dia";"Crescente";"Chuva";"Dupla";"Declive;Reta";"Não";1;0;0;0;1;0;0;1;-26,8822393;-52,40407705;"SPRF-SC";"DEL07-SC";"UOP01-DEL07-SC"
142194;2018-06-24;"domingo";"12:40:00";"DF";20;30;"BRASILIA";"Velocidade Incompatível";"Colisão traseira";"Com Vítimas Feridas";"Pleno dia";"Crescente";"Céu Claro";"Dupla";"Reta";"Não";2;0;0;1;1;0;1;2;-15,5970594;-47,60951042;"SPRF-DF";"DEL02-DF";"UOP01-DEL02-DF"
142195;2018-06-24;"domingo";"11:37:00";"CE";222;314,2;"TIANGUA";"Falta de Atenção do Pedestre";"Atropelamento de Pedestre";"Com Vítimas Feridas";"Pleno dia";"Decrescente";"Céu Claro";"Simples";"Reta";"Sim";2;0;1;0;1;0;1;2;-3,73868229;-41,00518763;"SPRF-CE";"DEL04-CE";"UOP02-DEL04-CE"
142197;2018-06-24;"domingo";"10:05:00";"MG";365;608;"UBERLANDIA";"Não guardar distância de segurança";"Queda de ocupante de veículo";"Com Vítimas Feridas";"Pleno dia";"Crescente";"Nublado";"Simples";"Curva";"Sim";1;0;1;0;0;0;1;1;-18,91172681;-48,17363262;"SPRF-MG";"DEL15-MG";"UOP01-DEL15-MG"
142199;2018-06-24;"domingo";"13:20:00";"ES";101;143,1;"LINHARES";"Falta de Atenção à Condução";"Saída de leito carroçável";"Com Vítimas Feridas";"Pleno dia";"Crescente";"Céu Claro";"Múltipla";"Reta";"Sim";2;0;0;1;1;0;1;1;-19,51060905;-39,78544235;"SPRF-ES";"DEL04-ES";"UOP01-DEL04-ES"
142201;2018-06-24;"domingo";"11:20:00";"AC";364;135,8;"RIO BRANCO";"Falta de Atenção à Condução";"Colisão lateral";"Com Vítimas Feridas";"Pleno dia";"Crescente";"Céu Claro";"Dupla";"Interseção de Vias";"Sim";4;0;1;0;3;0;1;2;-9,97416377;-67,85056002;"SPRF-AC";"DEL01-AC";"UOP01-DEL01-AC"
142202;2018-06-24;"domingo";"13:30:00";"PR";153;384,9;"MALLET";"Desobediência às normas de trânsito pelo condutor";"Colisão transversal";"Com Vítimas Feridas";"Pleno dia";"Crescente";"Sol";"Simples";"Curva";"Não";6;0;2;1;3;0;3;2;-25,85679059;-50,84236622;"SPRF-PR";"DEL03-PR";"UOP02-DEL08-PR"
142205;2018-06-24;"domingo";"06:10:00";"PR";277;729,8;"FOZ DO IGUACU";"Desobediência às normas de trânsito pelo condutor";"Colisão frontal";"Sem Vítimas";"Amanhecer";"Decrescente";"Céu Claro";"Dupla";"Curva";"Sim";2;0;0;0;2;0;0;2;-25,50608656;-54,58842516;"SPRF-PR";"DEL05-PR";"UOP03-DEL05-PR"
142206;2018-06-24;"domingo";"13:25:00";"SC";470;301,5;"CAMPOS NOVOS";"Velocidade Incompatível";"Colisão com objeto estático";"Com Vítimas Feridas";"Pleno dia";"Decrescente";"Chuva";"Simples";"Curva";"Não";1;0;1;0;0;0;1;1;-27,37206266;-51,0444814;"SPRF-SC";"DEL07-SC";"UOP06-DEL07-SC"
142207;2018-06-24;"domingo";"13:45:00";"SP";153;30,1;"NOVA GRANADA";"Falta de Atenção à Condução";"Colisão transversal";"Com Vítimas Feridas";"Pleno dia";"Crescente";"Sol";"Simples";"Declive;Interseção de Vias";"Sim";5;0;1;1;3;0;2;2;-20,54108554;-49,33056164;"SPRF-SP";"DEL09-SP";"UOP01-DEL09-SP"
142208;2018-06-24;"domingo";"11:45:00";"RO";364;426;"JARU";"Não guardar distância de segurança";"Colisão traseira";"Com Vítimas Feridas";"Pleno dia";"Decrescente";"Céu Claro";"Simples";"Reta";"Sim";2;0;1;0;1;0;1;2;-10,432428;-62,479607;"SPRF-RO";"DEL03-RO";"UOP02-DEL03-RO"
142209;2018-06-24;"domingo";"13:50:00";"MG";381;907,5;"CAMBUI";"Velocidade Incompatível";"Queda de ocupante de veículo";"Com Vítimas Feridas";"Pleno dia";"Crescente";"Nublado";"Dupla";"Curva;Aclive";"Não";1;0;0;1;0;0;1;1;-22,679;-46,0995;"SPRF-MG";"DEL16-MG";"UOP03-DEL16-MG"
142212;2018-06-24;"domingo";"14:21:00";"SC";101;79,2;"ARAQUARI";"Falta de Atenção à Condução";"Colisão com objeto estático";"Com Vítimas Feridas";"Pleno dia";"Crescente";"Nublado";"Múltipla";"Reta";"Não";2;0;1;0;1;0;1;2;-26,5972;-48,7233;"SPRF-SC";"DEL03-SC";"UOP02-DEL03-SC"
142214;2018-05-03;"quinta-feira";"07:30:00";"PB";230;81,8;"CALDAS BRANDAO";"Animais na Pista";"Saída de leito carroçável";"Com Vítimas Feridas";"Pleno dia";"Decrescente";"Céu Claro";"Simples";"Reta";"Sim";2;0;1;0;1;0;1;2;-7,1731;-35,3355;"SPRF-PB";"DEL01-PB";"UOP03-DEL01-PB"
142215;2018-06-24;"domingo";"13:40:00";"SP";116;139,4;"SAO JOSE DOS CAMPOS";"Falta de Atenção à Condução";"Colisão com objeto estático";"Com Vítimas Feridas";"Pleno dia";"Decrescente";"Céu Claro";"Dupla";"Curva";"Não";1;0;1;0;0;0;1;1;-23,16204292;-45,80476999;"SPRF-SP";"DEL06-SP";"UOP02-DEL02-SP"
142216;2018-04-23;"segunda-feira";"10:50:00";"SC";101;133;"BALNEARIO CAMBORIU";"Não guardar distância de segurança";"Colisão traseira";"Com Vítimas Feridas";"Pleno dia";"Decrescente";"Céu Claro";"Dupla";"Reta";"Sim";4;0;1;1;2;0;2;2;-27,0021;-48,6362;"SPRF-SC";"DEL04-SC";"UOP03-DEL04-SC"
142217;2018-06-24;"domingo";"14:15:00";"SC";282;507;"XANXERE";"Pista Escorregadia";"Colisão com objeto estático";"Sem Vítimas";"Pleno dia";"Crescente";"Chuva";"Simples";"Retorno Regulamentado";"Não";2;0;0;0;2;0;0;1;-26,886171;-52,43911;"SPRF-SC";"DEL07-SC";"UOP01-DEL07-SC"
142218;2018-06-24;"domingo";"15:00:00";"SC";470;89;"ASCURRA";"Falta de Atenção à Condução";"Tombamento";"Com Vítimas Feridas";"Pleno dia";"Decrescente";"Nublado";"Simples";"Reta";"Não";1;0;1;0;0;0;1;1;-26,9481536;-49,36564738;"SPRF-SC";"DEL04-SC";"UOP01-DEL04-SC"
142219;2018-06-24;"domingo";"15:00:00";"DF";80;23,7;"BRASILIA";"Falta de Atenção à Condução";"Saída de leito carroçável";"Com Vítimas Feridas";"Pleno dia";"Crescente";"Céu Claro";"Simples";"Reta";"Sim";5;0;1;0;2;2;1;3;-15,63314172;-48,2001248;"SPRF-DF";"DEL01-DF";"UOP02-DEL03-DF"
142220;2018-06-24;"domingo";"15:00:00";"MG";262;358;"BETIM";"Mal Súbito";"Saída de leito carroçável";"Com Vítimas Feridas";"Pleno dia";"Crescente";"Nublado";"Dupla";"Curva";"Não";1;0;1;0;0;0;1;1;-19,976;-44,2595;"SPRF-MG";"DEL01-MG";"UOP03-DEL01-MG"
142221;2018-06-24;"domingo";"07:30:00";"RN";226;243,2;"JUCURUTU";"Ultrapassagem Indevida";"Colisão lateral";"Com Vítimas Feridas";"Pleno dia";"Decrescente";"Céu Claro";"Simples";"Reta";"Não";3;0;0;1;2;0;1;3;-6,04308965;-37,00143814;"SPRF-RN";"DEL03-RN";"UOP01-DEL03-RN"
142226;2018-06-24;"domingo";"15:30:00";"SP";381;82;"SAO PAULO";"Falta de Atenção à Condução";"Colisão lateral";"Sem Vítimas";"Pleno dia";"Decrescente";"Céu Claro";"Dupla";"Reta";"Sim";2;0;0;0;2;0;0;2;-23,42835939;-46,57123786;"SPRF-SP";"DEL03-SP";"DEL6/3-UOP03/SP"
142227;2018-06-24;"domingo";"15:30:00";"RJ";493;19;"GUAPIMIRIM";"Falta de Atenção à Condução";"Colisão traseira";"Com Vítimas Feridas";"Pleno dia";"Decrescente";"Céu Claro";"Simples";"Reta";"Não";2;0;1;0;1;0;1;2;-22,666386;-43,027702;"SPRF-RJ";"DEL04-RJ";"UOP02-DEL04-RJ"
142228;2018-06-24;"domingo";"15:45:00";"SP";116;230;"SAO PAULO";"Ingestão de Álcool";"Saída de leito carroçável";"Com Vítimas Feridas";"Pleno dia";"Crescente";"Céu Claro";"Múltipla";"Interseção de Vias";"Sim";1;0;1;0;0;0;1;1;-23,51929291;-46,5827179;"SPRF-SP";"DEL01-SP";"UOP01-DEL01-SP"
142229;2018-06-24;"domingo";"15:25:00";"MG";262;844,2;"CONCEICAO DAS ALAGOAS";"Falta de Atenção à Condução";"Capotamento";"Com Vítimas Feridas";"Pleno dia";"Crescente";"Céu Claro";"Dupla";"Reta";"Não";1;0;1;0;0;0;1;1;-19,75636423;-48,28250885;"SPRF-MG";"DEL13-MG";"UOP01-DEL13-MG"
142230;2018-06-24;"domingo";"16:10:00";"PR";116;115;"CURITIBA";"Falta de Atenção à Condução";"Colisão traseira";"Sem Vítimas";"Pleno dia";"Decrescente";"Céu Claro";"Dupla";"Reta";"Sim";5;0;0;0;5;0;0;3;-25,54442591;-49,30320203;"SPRF-PR";"DEL01-PR";"UOP01-DEL01-PR"
142232;2018-06-24;"domingo";"16:40:00";"MS";163;253;"DOURADOS";"Falta de Atenção à Condução";"Colisão com objeto estático";"Sem Vítimas";"Anoitecer";"Crescente";"Céu Claro";"Dupla";"Reta";"Não";1;0;0;0;1;0;0;1;-22,28207771;-54,82210726;"SPRF-MS";"DEL04-MS";"UOP01-DEL04-MS"
142233;2018-06-24;"domingo";"15:30:00";"MG";262;393,8;"PARA DE MINAS";"Falta de Atenção à Condução";"Colisão transversal";"Com Vítimas Feridas";"Pleno dia";"Crescente";"Nublado";"Dupla";"Interseção de Vias";"Não";4;0;3;0;1;0;3;2;-19,90138651;-44,54854131;"SPRF-MG";"DEL01-MG";"UOP03-DEL01-MG"
142234;2018-06-24;"domingo";"16:15:00";"GO";60;97;"ANAPOLIS";"Desobediência às normas de trânsito pelo condutor";"Colisão transversal";"Sem Vítimas";"Pleno dia";"Decrescente";"Sol";"Dupla";"Retorno Regulamentado";"Sim";2;0;0;0;2;0;0;2;-16,3774;-48,9483;"SPRF-GO";"DEL02-GO";"UOP01-DEL02-GO"
142236;2018-06-24;"domingo";"15:20:00";"GO";153;493,2;"GOIANIA";"Desobediência às normas de trânsito pelo condutor";"Colisão lateral";"Com Vítimas Feridas";"Pleno dia";"Decrescente";"Céu Claro";"Dupla";"Interseção de Vias";"Sim";2;0;0;1;1;0;1;2;-16,6537;-49,2172;"SPRF-GO";"DEL01-GO";"UOP01-DEL01-GO"
142237;2018-06-24;"domingo";"16:50:00";"PR";476;124;"CURITIBA";"Falta de Atenção à Condução";"Colisão traseira";"Com Vítimas Feridas";"Anoitecer";"Crescente";"Nublado";"Múltipla";"Reta";"Sim";3;0;1;0;2;0;1;3;-25,40536819;-49,21833862;"SPRF-PR";"DEL01-PR";"UOP07-DEL01-PR"
142239;2018-06-24;"domingo";"16:40:00";"ES";262;16;"VIANA";"Ultrapassagem Indevida";"Colisão lateral";"Sem Vítimas";"Pleno dia";"Decrescente";"Céu Claro";"Simples";"Reta";"Não";2;0;0;0;1;1;0;2;-20,3836;-40,4608;"SPRF-ES";"DEL01-ES";"UOP01-DEL01-ES"
142241;2018-06-24;"domingo";"16:50:00";"PA";316;55,5;"CASTANHAL";"Avarias e/ou desgaste excessivo no pneu";"Tombamento";"Com Vítimas Feridas";"Pleno dia";"Crescente";"Nublado";"Dupla";"Reta";"Sim";2;0;2;0;0;0;2;1;-1,30241144;-47,98874259;"SPRF-PA";"DEL01-PA";"UOP01-DEL01-PA"
142243;2018-06-24;"domingo";"17:10:00";"PR";369;133,2;"IBIPORA";"Não guardar distância de segurança";"Colisão traseira";"Com Vítimas Feridas";"Anoitecer";"Decrescente";"Céu Claro";"Simples";"Reta;Declive;Interseção de Vias";"Não";2;0;1;0;0;1;1;2;-23,26090334;-51,01221258;"SPRF-PR";"DEL07-PR";"UOP01-DEL07-PR"
142244;2018-06-24;"domingo";"15:50:00";"SP";116;490;"CAJATI";"Falta de Atenção à Condução";"Tombamento";"Com Vítimas Feridas";"Pleno dia";"Crescente";"Nublado";"Múltipla";"Retorno Regulamentado";"Sim";2;0;2;0;0;0;2;1;-24,73092878;-48,10775757;"SPRF-SP";"DEL05-SP";"UAP01-DEL05-SP"