"id";"data_inversa";"dia_semana";"horario";"uf";"br";"km";"municipio";"causa_acidente";"tipo_acidente";"classificacao_acidente";"fase_dia";"sentido_via";"condicao_metereologica";"tipo_pista";"tracado_via";"uso_solo";"pessoas";"mortos";"feridos_leves";"feridos_graves";"ilesos";"ignorados";"feridos";"veiculos";"latitude";"longitude";"regional";"delegacia";"uop"
142357;2018-06-25;"segunda-feira";"04:55:00";"SC";116;5,5;"MAFRA";"Velocidade Incompatível";"Tombamento";"Com Vítimas Feridas";"Plena Noite";"Decrescente";"Garoa/Chuvisco";"Simples";"Rotatória";"Sim";1;0;1;0;0;0;1;1;-26,140944;-49,815083;"SPRF-SC";"DEL06-SC";"UOP01-DEL06-SC"
142358;2018-06-25;"segunda-feira";"06:00:00";"PR";476;123;"CURITIBA";"Falta de Atenção à Condução";"Queda de ocupante de veículo";"Com Vítimas Feridas";"Amanhecer";"Crescente";"Céu Claro";"Dupla";"Em Obras";"Sim";2;0;2;0;0;0;2;1;-25,40686064;-49,21891093;"SPRF-PR";"DEL01-PR";"UOP07-DEL01-PR"
142361;2018-06-25;"segunda-feira";"05:10:00";"SC";470;68,8;"INDAIAL";"Falta de Atenção à Condução";"Tombamento";"Com Vítimas Feridas";"Plena Noite";"Decrescente";"Nublado";"Simples";"Reta";"Sim";2;0;2;0;0;0;2;1;-26,871719;-49,2304;"SPRF-SC";"DEL04-SC";"UOP01-DEL04-SC"
142364;2018-06-25;"segunda-feira";"06:30:00";"RJ";116;79;"TERESOPOLIS";"Falta de Atenção do Pedestre";"Atropelamento de Pedestre";"Com Vítimas Feridas";"Amanhecer";"Crescente";"Nevoeiro/Neblina";"Simples";"Reta";"Sim";2;0;1;1;0;0;2;2;-22,381704;-42,954777;"SPRF-RJ";"DEL04-RJ";"UOP01-DEL04-RJ"
142365;2018-06-25;"segunda-feira";"05:10:00";"RO";364;668;"CANDEIAS DO JAMARI";"Condutor Dormindo";"Saída de leito carroçável";"Com Vítimas Feridas";"Amanhecer";"Crescente";"Céu Claro";"Simples";"Declive";"Não";1;0;1;0;0;0;1;1;-8,774282;-63,483791;"SPRF-RO";"DEL01-RO";"UOP01-DEL01-RO"
142367;2018-06-25;"segunda-feira";"07:00:00";"MG";116;276,7;"TEOFILO OTONI";"Desobediência às normas de trânsito pelo condutor";"Colisão transversal";"Com Vítimas Feridas";"Pleno dia";"Decrescente";"Nublado";"Dupla";"Rotatória";"Sim";2;0;0;1;1;0;1;2;-17,85216677;-41,51396513;"SPRF-MG";"DEL11-MG";"UOP01-DEL11-MG"
142368;2018-06-25;"segunda-feira";"06:50:00";"MG";40;549;"NOVA LIMA";"Não guardar distância de segurança";"Colisão lateral";"Com Vítimas Feridas";"Pleno dia";"Decrescente";"Céu Claro";"Dupla";"Reta;Declive";"Não";5;0;1;2;2;0;3;3;-20,04138268;-43,96575093;"SPRF-MG";"DEL01-MG";"UOP02-DEL01-MG"
142369;2018-06-25;"segunda-feira";"07:00:00";"DF";70;8;"BRASILIA";"Falta de Atenção à Condução";"Colisão traseira";"Com Vítimas Feridas";"Pleno dia";"Decrescente";"Céu Claro";"Dupla";"Reta";"Sim";3;0;2;0;1;0;2;2;-15,7949651;-48,1991919;"SPRF-DF";"DEL01-DF";"UOP02-DEL03-DF"
142370;2018-06-25;"segunda-feira";"07:00:00";"SC";101;185;"BIGUACU";"Velocidade Incompatível";"Colisão com objeto estático";"Com Vítimas Feridas";"Pleno dia";"Decrescente";"Chuva";"Dupla";"Curva";"Sim";1;0;1;0;0;0;1;1;-27,4343;-48,6256;"SPRF-SC";"DEL01-SC";"UOP01-DEL01-SC"
142371;2018-06-25;"segunda-feira";"07:30:00";"SC";282;16,2;"PALHOCA";"Desobediência às normas de trânsito pelo condutor";"Colisão transversal";"Com Vítimas Feridas";"Pleno dia";"Decrescente";"Garoa/Chuvisco";"Simples";"Reta";"Sim";2;0;0;1;1;0;1;2;-27,66102817;-48,68388349;"SPRF-SC";"DEL01-SC";"UOP02-DEL01-SC"
142372;2018-06-25;"segunda-feira";"06:20:00";"SP";153;99,2;"JOSE BONIFACIO";"Defeito na Via";"Tombamento";"Com Vítimas Feridas";"Amanhecer";"Decrescente";"Céu Claro";"Simples";"Reta";"Não";1;0;1;0;0;0;1;1;-21,0003801;-49,6302351;"SPRF-SP";"DEL09-SP";"UOP01-DEL09-SP"
142373;2018-06-25;"segunda-feira";"06:10:00";"PI";343;312,9;"ALTOS";"Defeito na Via";"Tombamento";"Com Vítimas Feridas";"Pleno dia";"Decrescente";"Sol";"Simples";"Reta";"Não";1;0;1;0;0;0;1;1;-5,03998887;-42,48850822;"SPRF-PI";"DEL01-PI";"UOP01-DEL01-PI"
142374;2018-06-25;"segunda-feira";"07:00:00";"ES";101;108,8;"SOORETAMA";"Não guardar distância de segurança";"Colisão traseira";"Com Vítimas Feridas";"Amanhecer";"Crescente";"Céu Claro";"Simples";"Reta";"Não";2;0;1;0;1;0;1;2;-19,04005064;-40,02319336;"SPRF-ES";"DEL04-ES";"UOP01-DEL04-ES"
142375;2018-06-25;"segunda-feira";"07:30:00";"SE";235;4;"NOSSA SENHORA DO SOCORRO";"Não guardar distância de segurança";"Engavetamento";"Sem Vítimas";"Pleno dia";"Decrescente";"Céu Claro";"Dupla";"Reta";"Sim";3;0;0;0;2;1;0;3;-10,90609105;-37,11216861;"SPRF-SE";"DEL01-SE";"UOP01-DEL01-SE"
142376;2018-06-25;"segunda-feira";"05:45:00";"MS";262;63,2;"TRES LAGOAS";"Defeito na Via";"Tombamento";"Com Vítimas Feridas";"Pleno dia";"Decrescente";"Céu Claro";"Simples";"Reta";"Não";1;0;0;1;0;0;1;1;-20,69568717;-52,19335557;"SPRF-MS";"DEL07-MS";"UOP01-DEL07-MS"
142377;2018-06-24;"domingo";"20:00:00";"MG";381;580;"CARMOPOLIS DE MINAS";"Defeito Mecânico no Veículo";"Queda de ocupante de veículo";"Com Vítimas Feridas";"Plena Noite";"Crescente";"Nublado";"Dupla";"Reta";"Não";1;0;1;0;0;0;1;1;-20,4894;-44,5989;"SPRF-MG";"DEL04-MG";"UOP01-DEL04-MG"
142379;2018-06-24;"domingo";"22:30:00";"PR";277;112,5;"CAMPO LARGO";"Falta de Atenção à Condução";"Saída de leito carroçável";"Sem Vítimas";"Plena Noite";"Crescente";"Nublado";"Dupla";"Reta";"Sim";1;0;0;0;1;0;0;1;-25,44699485;-49,48050845;"SPRF-PR";"DEL01-PR";"UOP06-DEL01-PR"
142381;2018-06-25;"segunda-feira";"07:42:00";"BA";324;587;"SAO SEBASTIAO DO PASSE";"Não guardar distância de segurança";"Colisão lateral";"Com Vítimas Feridas";"Pleno dia";"Crescente";"Céu Claro";"Dupla";"Reta";"Não";3;0;2;0;1;0;2;2;-12,61694994;-38,48495185;"SPRF-BA";"DEL01-BA";"UOP01-DEL01-BA"
142383;2018-06-25;"segunda-feira";"07:50:00";"CE";222;7,7;"CAUCAIA";"Falta de Atenção à Condução";"Colisão traseira";"Com Vítimas Feridas";"Pleno dia";"Decrescente";"Céu Claro";"Dupla";"Interseção de Vias";"Não";2;0;0;1;1;0;1;2;-3,75377763;-38,63900185;"SPRF-CE";"DEL01-CE";"UOP01-DEL01-CE"
142385;2018-06-25;"segunda-feira";"08:00:00";"GO";153;495;"GOIANIA";"Falta de Atenção à Condução";"Colisão traseira";"Com Vítimas Feridas";"Pleno dia";"Crescente";"Sol";"Dupla";"Reta";"Sim";2;0;1;0;1;0;1;2;-16,6681;-49,2263;"SPRF-GO";"DEL01-GO";"UOP01-DEL01-GO"
142386;2018-06-25;"segunda-feira";"07:20:00";"PR";369;522,1;"CASCAVEL";"Não guardar distância de segurança";"Colisão lateral";"Com Vítimas Feridas";"Pleno dia";"Crescente";"Céu Claro";"Simples";"Reta";"Sim";4;0;1;0;3;0;1;2;-24,9408;-53,3978;"SPRF-PR";"DEL04-PR";"UOP01-DEL04-PR"
142387;2018-06-25;"segunda-feira";"08:08:00";"SC";101;202;"SAO JOSE";"Falta de Atenção à Condução";"Colisão traseira";"Com Vítimas Feridas";"Pleno dia";"Crescente";"Nublado";"Múltipla";"Reta";"Sim";2;0;1;0;1;0;1;2;-27,5651;-48,6144;"SPRF-SC";"DEL01-SC";"UOP01-DEL01-SC"
142389;2018-06-25;"segunda-feira";"07:50:00";"PR";277;76,8;"SAO JOSE DOS PINHAIS";"Falta de Atenção à Condução";"Colisão lateral";"Com Vítimas Feridas";"Pleno dia";"Decrescente";"Céu Claro";"Dupla";"Reta";"Sim";2;0;1;0;1;0;1;2;-25,48729001;-49,17961121;"SPRF-PR";"DEL01-PR";"UOP01-DEL01-PR"
142390;2018-06-25;"segunda-feira";"08:10:00";"BA";324;592;"CANDEIAS";"Desobediência às normas de trânsito pelo condutor";"Colisão lateral";"Com Vítimas Feridas";"Pleno dia";"Crescente";"Sol";"Dupla";"Curva";"Não";2;0;1;0;1;0;1;2;-12,706997;-38,462506;"SPRF-BA";"DEL01-BA";"UOP01-DEL01-BA"
142391;2018-06-25;"segunda-feira";"08:15:00";"SC";101;136,8;"BALNEARIO CAMBORIU";"Falta de Atenção à Condução";"Colisão lateral";"Com Vítimas Feridas";"Pleno dia";"Crescente";"Céu Claro";"Dupla";"Reta";"Sim";2;0;2;0;0;0;2;2;-27,0158;-48,6117;"SPRF-SC";"DEL04-SC";"UOP03-DEL04-SC"
142392;2018-06-25;"segunda-feira";"06:00:00";"RN";405;132,9;"SAO FRANCISCO DO OESTE";"Restrição de Visibilidade";"Colisão traseira";"Com Vítimas Fatais";"Amanhecer";"Decrescente";"Sol";"Simples";"Reta";"Não";4;1;1;0;2;0;1;4;-5,968785;-38,139633;"SPRF-RN";"DEL04-RN";"UOP02-DEL04-RN"
142393;2018-06-25;"segunda-feira";"08:10:00";"MG";381;758,4;"TRES CORACOES";"Velocidade Incompatível";"Saída de leito carroçável";"Com Vítimas Feridas";"Pleno dia";"Crescente";"Céu Claro";"Dupla";"Retorno Regulamentado";"Não";3;0;1;0;2;0;1;1;-21,6788;-45,341;"SPRF-MG";"DEL16-MG";"UOP02-DEL16-MG"
142398;2018-06-25;"segunda-feira";"07:45:00";"RS";290;57,6;"GLORINHA";"Velocidade Incompatível";"Saída de leito carroçável";"Com Vítimas Feridas";"Pleno dia";"Decrescente";"Chuva";"Múltipla";"Reta";"Não";2;0;1;0;1;0;1;1;-29,918623;-50,828213;"SPRF-RS";"DEL03-RS";"UOP02-DEL03-RS"
142399;2018-06-25;"segunda-feira";"08:30:00";"BA";116;448,9;"ANTONIO CARDOSO";"Falta de Atenção à Condução";"Colisão transversal";"Com Vítimas Feridas";"Pleno dia";"Crescente";"Sol";"Simples";"Reta";"Não";2;0;1;0;1;0;1;2;-12,4070714;-39,17037964;"SPRF-BA";"DEL02-BA";"UOP01-DEL02-BA"
142402;2018-06-25;"segunda-feira";"09:10:00";"AL";101;48,4;"FLEXEIRAS";"Fenômenos da Natureza";"Colisão com objeto estático";"Com Vítimas Feridas";"Pleno dia";"Decrescente";"Chuva";"Dupla";"Curva";"Não";5;0;4;1;0;0;5;1;-9,228142;-35,775336;"SPRF-AL";"DEL01-AL";"UOP01-DEL01-AL"
142404;2018-02-09;"sexta-feira";"13:10:00";"MG";381;249;"SANTANA DO PARAISO";"Desobediência às normas de trânsito pelo condutor";"Colisão transversal";"Com Vítimas Feridas";"Pleno dia";"Crescente";"Céu Claro";"Simples";"Reta";"Não";1;0;1;0;0;0;1;1;-19,45018401;-42,51737952;"SPRF-MG";"DEL06-MG";"UOP01-DEL06-MG"
142409;2018-06-25;"segunda-feira";"07:00:00";"MS";463;106,3;"PONTA PORA";"Ultrapassagem Indevida";"Colisão frontal";"Com Vítimas Feridas";"Pleno dia";"Crescente";"Nevoeiro/Neblina";"Simples";"Reta";"Sim";2;0;1;0;1;0;1;2;-22,60400751;-55,65600872;"SPRF-MS";"DEL04-MS";"UOP03-DEL04-MS"
142410;2018-04-14;"sábado";"12:08:00";"SC";101;131;"BALNEARIO CAMBORIU";"Falta de Atenção à Condução";"Atropelamento de Pedestre";"Com Vítimas Feridas";"Pleno dia";"Crescente";"Céu Claro";"Dupla";"Reta";"Sim";2;0;1;0;1;0;1;2;-26,9965;-48,6555;"SPRF-SC";"DEL04-SC";"UOP03-DEL04-SC"
142411;2018-06-25;"segunda-feira";"09:40:00";"RJ";116;142;"DUQUE DE CAXIAS";"Desobediência às normas de trânsito pelo condutor";"Colisão lateral";"Com Vítimas Feridas";"Pleno dia";"Decrescente";"Céu Claro";"Simples";"Interseção de Vias";"Sim";2;0;1;0;1;0;1;2;-22,648762;-43,230316;"SPRF-RJ";"DEL04-RJ";"UOP02-DEL04-RJ"
142415;2018-06-25;"segunda-feira";"08:00:00";"MT";163;907;"ITAUBA";"Velocidade Incompatível";"Saída de leito carroçável";"Com Vítimas Feridas";"Pleno dia";"Crescente";"Céu Claro";"Simples";"Reta";"Não";1;0;0;1;0;0;1;1;-11,22794162;-55,30264621;"SPRF-MT";"DEL06-MT";"UOP02-DEL06-MT"
142416;2018-06-25;"segunda-feira";"10:00:00";"MG";365;690,8;"MONTE ALEGRE DE MINAS";"Falta de Atenção à Condução";"Colisão traseira";"Sem Vítimas";"Pleno dia";"Crescente";"Céu Claro";"Dupla";"Reta";"Sim";2;0;0;0;2;0;0;2;-18,8764;-48,8857;"SPRF-MG";"DEL15-MG";"UOP03-DEL15-MG"
142417;2018-06-25;"segunda-feira";"10:05:00";"GO";153;494,9;"GOIANIA";"Desobediência às normas de trânsito pelo condutor";"Colisão com objeto estático";"Com Vítimas Feridas";"Pleno dia";"Crescente";"Sol";"Dupla";"Reta;Aclive";"Sim";3;0;1;0;2;0;1;3;-16,6614;-49,2218;"SPRF-GO";"DEL01-GO";"UOP01-DEL01-GO"
142418;2018-06-25;"segunda-feira";"09:30:00";"PA";316;4;"ANANINDEUA";"Falta de Atenção do Pedestre";"Atropelamento de Pedestre";"Com Vítimas Feridas";"Pleno dia";"Crescente";"Céu Claro";"Dupla";"Reta";"Sim";2;0;1;0;1;0;1;2;-1,396582;-48,422993;"SPRF-PA";"DEL01-PA";"DEL19/1-UOP05/PA"
142419;2018-06-25;"segunda-feira";"07:45:00";"RJ";116;180;"NOVA IGUACU";"Falta de Atenção à Condução";"Colisão lateral";"Com Vítimas Feridas";"Pleno dia";"Decrescente";"Céu Claro";"Dupla";"Reta";"Não";2;0;1;0;1;0;1;2;-22,73819;-43,48292783;"SPRF-RJ";"DEL01-RJ";"UOP02-DEL01-RJ"
142421;2018-06-25;"segunda-feira";"06:50:00";"PI";135;310;"CRISTINO CASTRO";"Falta de Atenção à Condução";"Colisão frontal";"Com Vítimas Feridas";"Pleno dia";"Crescente";"Céu Claro";"Simples";"Declive";"Não";4;0;1;0;3;0;1;2;-8,771895;-44,180386;"SPRF-PI";"DEL03-PI";"UOP02-DEL03-PI"
142422;2018-06-25;"segunda-feira";"09:15:00";"PI";316;308;"PICOS";"Ingestão de Álcool";"Colisão lateral";"Com Vítimas Feridas";"Pleno dia";"Decrescente";"Céu Claro";"Simples";"Reta";"Sim";2;0;1;0;1;0;1;2;-7,07777844;-41,48321629;"SPRF-PI";"DEL04-PI";"UOP01-DEL04-PI"
142423;2018-06-25;"segunda-feira";"09:30:00";"RS";158;324,1;"SANTA MARIA";"Desobediência às normas de trânsito pelo condutor";"Colisão transversal";"Com Vítimas Feridas";"Pleno dia";"Crescente";"Chuva";"Simples";"Declive;Interseção de Vias;Reta;Em Obras";"Sim";5;0;0;1;4;0;1;2;-29,70281536;-53,79369736;"SPRF-RS";"DEL09-RS";"UOP01-DEL09-RS"
142425;2018-06-25;"segunda-feira";"10:10:00";"GO";20;178;"ALVORADA DO NORTE";"Falta de Atenção à Condução";"Colisão transversal";"Com Vítimas Feridas";"Pleno dia";"Crescente";"Céu Claro";"Simples";"Curva";"Sim";2;0;2;0;0;0;2;2;-14,491601;-46,504112;"SPRF-DF";"DEL02-DF";"UOP03-DEL02-DF"
142426;2018-06-25;"segunda-feira";"10:45:00";"MG";381;481,5;"CONTAGEM";"Não guardar distância de segurança";"Colisão traseira";"Com Vítimas Feridas";"Pleno dia";"Decrescente";"Céu Claro";"Dupla";"Reta";"Sim";3;0;2;0;1;0;2;2;-19,9590032;-44,0644138;"SPRF-MG";"DEL01-MG";"UOP03-DEL01-MG"
142427;2018-06-25;"segunda-feira";"10:20:00";"BA";101;173,9;"FEIRA DE SANTANA";"Falta de Atenção à Condução";"Colisão lateral";"Com Vítimas Feridas";"Pleno dia";"Crescente";"Céu Claro";"Simples";"Reta";"Sim";2;0;1;0;1;0;1;2;-12,38044282;-38,88107479;"SPRF-BA";"DEL01-BA";"UOP03-DEL01-BA"
142428;2018-06-25;"segunda-feira";"06:45:00";"MT";163;689;"LUCAS DO RIO VERDE";"Falta de Atenção à Condução";"Queda de ocupante de veículo";"Sem Vítimas";"Pleno dia";"Decrescente";"Céu Claro";"Simples";"Reta";"Sim";1;0;0;0;0;1;0;1;-13,06907865;-55,92663288;"SPRF-MT";"DEL06-MT";"UOP01-DEL06-MT"
142429;2018-06-25;"segunda-feira";"10:15:00";"MT";70;0,5;"BARRA DO GARCAS";"Desobediência às normas de trânsito pelo condutor";"Colisão transversal";"Com Vítimas Feridas";"Pleno dia";"Crescente";"Céu Claro";"Simples";"Aclive";"Sim";2;0;1;0;1;0;1;2;-15,89348477;-52,2590661;"SPRF-MT";"DEL07-MT";"UOP01-DEL07-MT"
142431;2018-06-25;"segunda-feira";"11:00:00";"PR";476;118;"COLOMBO";"Desobediência às normas de trânsito pelo condutor";"Colisão transversal";"Com Vítimas Feridas";"Pleno dia";"Decrescente";"Céu Claro";"Dupla";"Interseção de Vias;Aclive";"Sim";3;0;0;1;0;2;1;3;-25,35634;-49,180828;"SPRF-PR";"DEL01-PR";"UOP01-DEL01-PR"
142433;2018-06-25;"segunda-feira";"10:25:00";"GO";70;36;"COCALZINHO DE GOIAS";"Falta de Atenção à Condução";"Colisão lateral";"Com Vítimas Feridas";"Pleno dia";"Crescente";"Céu Claro";"Simples";"Reta";"Não";3;0;1;0;2;0;1;2;-15,7783;-48,4979;"SPRF-DF";"DEL01-DF";"UOP02-DEL03-DF"
142436;2018-06-25;"segunda-feira";"11:30:00";"PR";467;80;"CASCAVEL";"Mal Súbito";"Colisão com objeto estático";"Com Vítimas Feridas";"Pleno dia";"Decrescente";"Céu Claro";"Dupla";"Curva";"Não";1;0;1;0;0;0;1;1;-24,78335456;-53,67746115;"SPRF-PR";"DEL04-PR";"UOP01-DEL04-PR"
142438;2018-06-25;"segunda-feira";"11:50:00";"PE";101;71,1;"RECIFE";"Falta de Atenção do Pedestre";"Atropelamento de Pedestre";"Com Vítimas Feridas";"Pleno dia";"Decrescente";"Céu Claro";"Dupla";"Reta";"Sim";2;0;1;0;0;1;1;2;-8,08068726;-34,94306803;"SPRF-PE";"DEL01-PE";"UOP01-DEL01-PE"
142442;2018-06-25;"segunda-feira";"11:00:00";"RO";319;62,7;"PORTO VELHO";"Falta de Atenção à Condução";"Colisão transversal";"Com Vítimas Feridas";"Pleno dia";"Decrescente";"Sol";"Dupla";"Reta";"Sim";6;0;3;0;3;0;3;2;-8,75414787;-63,88683915;"SPRF-RO";"DEL01-RO";"UOP01-DEL01-RO"
142443;2018-06-25;"segunda-feira";"12:20:00";"GO";40;0,2;"VALPARAISO DE GOIAS";"Falta de Atenção à Condução";"Colisão com objeto em movimento";"Com Vítimas Feridas";"Pleno dia";"Decrescente";"Céu Claro";"Dupla";"Reta";"Sim";2;0;1;0;1;0;1;2;-16,05414445;-47,98175812;"SPRF-DF";"DEL01-DF";"UOP01-DEL01-DF"
142445;2018-06-25;"segunda-feira";"11:30:00";"MG";267;293,5;"BAEPENDI";"Animais na Pista";"Atropelamento de Animal";"Sem Vítimas";"Pleno dia";"Decrescente";"Céu Claro";"Simples";"Reta";"Não";1;0;0;0;1;0;0;1;-21,93331785;-44,84520435;"SPRF-MG";"DEL05-MG";"DEL5/4-UOP01/MG"
142446;2018-06-25;"segunda-feira";"07:50:00";"SC";282;90,6;"ALFREDO WAGNER";"Falta de Atenção à Condução";"Saída de leito carroçável";"Com Vítimas Feridas";"Pleno dia";"Decrescente";"Chuva";"Simples";"Curva";"Não";1;0;1;0;0;0;1;1;-27,683796;-49,222366;"SPRF-SC";"DEL01-SC";"UOP03-DEL01-SC"
142447;2018-06-25;"segunda-feira";"12:50:00";"RS";290;121,3;"ELDORADO DO SUL";"Pista Escorregadia";"Saída de leito carroçável";"Com Vítimas Feridas";"Pleno dia";"Crescente";"Chuva";"Simples";"Reta";"Não";2;0;2;0;0;0;2;1;-30,051365;-51,418243;"SPRF-RS";"DEL02-RS";"UOP01-DEL02-RS"
142449;2018-06-25;"segunda-feira";"12:05:00";"SP";116;430;"REGISTRO";"Desobediência às normas de trânsito pelo pedestre";"Atropelamento de Pedestre";"Com Vítimas Feridas";"Pleno dia";"Crescente";"Sol";"Dupla";"Reta";"Não";2;0;1;0;1;0;1;2;-24,41001679;-47,74516296;"SPRF-SP";"DEL05-SP";"UOP01-DEL05-SP"
142450;2018-06-25;"segunda-feira";"12:30:00";"ES";101;295;"CARIACICA";"Falta de Atenção à Condução";"Colisão lateral";"Com Vítimas Feridas";"Pleno dia";"Crescente";"Céu Claro";"Múltipla";"Reta";"Sim";2;0;0;1;1;0;1;2;-20,33319887;-40,4014492;"SPRF-ES";"DEL01-ES";"UOP01-DEL01-ES"
142452;2018-06-25;"segunda-feira";"13:10:00";"SC";470;175,1;"POUSO REDONDO";"Desobediência às normas de trânsito pelo condutor";"Colisão transversal";"Com Vítimas Feridas";"Pleno dia";"Decrescente";"Céu Claro";"Simples";"Interseção de Vias";"Sim";2;0;1;0;0;1;1;2;-27,25962723;-49,92242217;"SPRF-SC";"DEL04-SC";"UOP02-DEL04-SC"
142456;2018-06-25;"segunda-feira";"12:00:00";"MG";116;529;"CARATINGA";"Falta de Atenção à Condução";"Colisão traseira";"Com Vítimas Feridas";"Pleno dia";"Crescente";"Céu Claro";"Dupla";"Retorno Regulamentado";"Sim";1;0;1;0;0;0;1;1;-19,79184058;-42,13744998;"SPRF-MG";"DEL06-MG";"UOP02-DEL06-MG"
142457;2018-06-25;"segunda-feira";"10:00:00";"MT";174;284,9;"PONTES E LACERDA";"Falta de Atenção à Condução";"Colisão traseira";"Com Vítimas Feridas";"Pleno dia";"Decrescente";"Céu Claro";"Simples";"Reta";"Não";5;0;2;0;3;0;2;2;-15,28252921;-59,2865181;"SPRF-MT";"DEL04-MT";"UOP01-DEL04-MT"
142459;2018-06-25;"segunda-feira";"13:15:00";"PA";163;1002;"SANTAREM";"Desobediência às normas de trânsito pelo condutor";"Colisão transversal";"Com Vítimas Feridas";"Pleno dia";"Crescente";"Sol";"Simples";"Interseção de Vias";"Sim";8;0;1;5;2;0;6;2;-2,45585072;-54,72860277;"SPRF-PA";"DEL05-PA";"UOP01-DEL05-PA"
142461;2018-06-25;"segunda-feira";"12:25:00";"PR";476;147;"CURITIBA";"Mal Súbito";"Colisão transversal";"Com Vítimas Fatais";"Pleno dia";"Decrescente";"Sol";"Dupla";"Reta";"Não";6;1;2;2;1;0;4;2;-25,5542121;-49,33833361;"SPRF-PR";"DEL01-PR";"UOP06-DEL01-PR"
142463;2018-06-25;"segunda-feira";"13:50:00";"SP";116;282;"EMBU DAS ARTES";"Ingestão de Álcool";"Colisão com objeto estático";"Com Vítimas Feridas";"Pleno dia";"Crescente";"Céu Claro";"Dupla";"Curva";"Não";1;0;1;0;0;0;1;1;-23,6889767;-46,8617755;"SPRF-SP";"DEL04-SP";"UOP01-DEL04-SP"
142465;2018-06-25;"segunda-feira";"14:15:00";"CE";222;1,2;"FORTALEZA";"Falta de Atenção à Condução";"Colisão lateral";"Com Vítimas Feridas";"Pleno dia";"Crescente";"Céu Claro";"Múltipla";"Reta";"Sim";3;0;1;0;2;0;1;3;-3,73783652;-38,57951045;"SPRF-CE";"DEL01-CE";"UOP01-DEL01-CE"
142467;2018-06-25;"segunda-feira";"14:00:00";"PA";316;62,5;"CASTANHAL";"Desobediência às normas de trânsito pelo condutor";"Colisão transversal";"Com Vítimas Feridas";"Pleno dia";"Decrescente";"Céu Claro";"Dupla";"Interseção de Vias";"Sim";3;0;1;1;0;1;2;2;-1,29653355;-47,92585015;"SPRF-PA";"DEL01-PA";"UOP01-DEL01-PA"
142468;2018-06-25;"segunda-feira";"13:46:00";"RO";364;13;"VILHENA";"Não guardar distância de segurança";"Colisão lateral";"Com Vítimas Feridas";"Pleno dia";"Decrescente";"Céu Claro";"Dupla";"Rotatória";"Sim";2;0;2;0;0;0;2;2;-12,74111199;-60,13188601;"SPRF-RO";"DEL04-RO";"UOP01-DEL04-RO"
142469;2018-06-25;"segunda-feira";"12:35:00";"BA";101;674;"ITAGIMIRIM";"Mal Súbito";"Saída de leito carroçável";"Com Vítimas Feridas";"Pleno dia";"Decrescente";"Céu Claro";"Simples";"Curva";"Não";2;0;2;0;0;0;2;1;-16,0255;-39,609;"SPRF-BA";"DEL09-BA";"UOP01-DEL09-BA"
142472;2018-06-25;"segunda-feira";"15:00:00";"PE";232;254,5;"ARCOVERDE";"Ingestão de Álcool";"Colisão frontal";"Com Vítimas Feridas";"Pleno dia";"Decrescente";"Céu Claro";"Simples";"Reta";"Sim";3;0;1;0;2;0;1;3;-8,42478625;-37,07302094;"SPRF-PE";"DEL03-PE";"UOP02-DEL03-PE"
142473;2018-06-25;"segunda-feira";"13:50:00";"MA";10;251;"IMPERATRIZ";"Desobediência às normas de trânsito pelo condutor";"Colisão transversal";"Com Vítimas Feridas";"Pleno dia";"Decrescente";"Céu Claro";"Simples";"Reta";"Sim";3;0;0;1;2;0;1;2;-5,53842049;-47,46814728;"SPRF-MA";"DEL04-MA";"UOP01-DEL04-MA"
142474;2018-06-25;"segunda-feira";"15:10:00";"RN";101;85;"NATAL";"Falta de Atenção à Condução";"Colisão com objeto estático";"Com Vítimas Feridas";"Pleno dia";"Decrescente";"Sol";"Dupla";"Aclive";"Sim";2;0;1;0;1;0;1;2;-5,777664;-35,249371;"SPRF-RN";"DEL02-RN";"UOP01-DEL02-RN"
142475;2018-06-25;"segunda-feira";"15:05:00";"BA";324;598;"CANDEIAS";"Desobediência às normas de trânsito pelo condutor";"Colisão lateral";"Com Vítimas Feridas";"Pleno dia";"Crescente";"Nublado";"Dupla";"Reta";"Não";3;0;2;0;1;0;2;2;-12,7454909;-38,4353792;"SPRF-BA";"DEL01-BA";"UOP01-DEL01-BA"
142476;2018-06-25;"segunda-feira";"15:15:00";"AL";104;91;"RIO LARGO";"Ingestão de Álcool";"Queda de ocupante de veículo";"Com Vítimas Feridas";"Pleno dia";"Crescente";"Céu Claro";"Dupla";"Reta";"Sim";1;0;0;1;0;0;1;1;-9,504678;-35,809657;"SPRF-AL";"DEL01-AL";"UOP01-DEL01-AL"
142477;2018-06-25;"segunda-feira";"14:50:00";"PA";316;1,9;"ANANINDEUA";"Falta de Atenção à Condução";"Colisão lateral";"Com Vítimas Fatais";"Pleno dia";"Decrescente";"Sol";"Dupla";"Reta";"Sim";3;1;0;0;2;0;0;3;-1,39943214;-48,42576027;"SPRF-PA";"DEL01-PA";"DEL19/1-UOP05/PA"
142479;2018-06-25;"segunda-feira";"15:00:00";"PR";476;142,4;"CURITIBA";"Falta de Atenção à Condução";"Colisão transversal";"Com Vítimas Feridas";"Pleno dia";"Decrescente";"Céu Claro";"Dupla";"Reta";"Sim";3;0;1;0;2;0;1;2;-25,54038924;-49,30212915;"SPRF-PR";"DEL01-PR";"UOP07-DEL01-PR"