"id";"data_inversa";"dia_semana";"horario";"uf";"br";"km";"municipio";"causa_acidente";"tipo_acidente";"classificacao_acidente";"fase_dia";"sentido_via";"condicao_metereologica";"tipo_pista";"tracado_via";"uso_solo";"pessoas";"mortos";"feridos_leves";"feridos_graves";"ilesos";"ignorados";"feridos";"veiculos";"latitude";"longitude";"regional";"delegacia";"uop"
142480;2018-06-25;"segunda-feira";"14:30:00";"MS";163;670;"RIO VERDE DE MATO GROSSO";"Velocidade Incompatível";"Saída de leito carroçável";"Com Vítimas Fatais";"Pleno dia";"Decrescente";"Céu Claro";"Simples";"Reta";"Não";3;1;1;1;0;0;2;1;-19,00304898;-54,83276367;"SPRF-MS";"DEL06-MS";"UOP02-DEL06-MS"
142481;2018-06-25;"segunda-feira";"14:35:00";"PB";101;83,1;"BAYEUX";"Não guardar distância de segurança";"Colisão traseira";"Sem Vítimas";"Pleno dia";"Crescente";"Sol";"Dupla";"Reta";"Sim";5;0;0;0;5;0;0;5;-7,13532231;-34,92791891;"SPRF-PB";"DEL01-PB";"UOP01-DEL01-PB"
142482;2018-06-25;"segunda-feira";"16:00:00";"CE";222;2,1;"FORTALEZA";"Não guardar distância de segurança";"Colisão traseira";"Com Vítimas Feridas";"Pleno dia";"Decrescente";"Sol";"Múltipla";"Reta";"Sim";2;0;1;0;1;0;1;2;-3,73943171;-38,58771265;"SPRF-CE";"DEL01-CE";"UOP01-DEL01-CE"
142483;2018-06-25;"segunda-feira";"13:55:00";"SC";158;144,3;"PALMITOS";"Desobediência às normas de trânsito pelo condutor";"Colisão traseira";"Com Vítimas Feridas";"Pleno dia";"Decrescente";"Chuva";"Simples";"Reta";"Não";4;0;1;0;3;0;1;2;-27,15031437;-53,21468353;"SPRF-SC";"DEL07-SC";"UOP02-DEL07-SC"
142484;2018-06-25;"segunda-feira";"14:20:00";"MG";116;530;"CARATINGA";"Ultrapassagem Indevida";"Colisão lateral";"Com Vítimas Feridas";"Pleno dia";"Decrescente";"Nublado";"Simples";"Reta";"Sim";2;0;1;0;1;0;1;2;-19,80902315;-42,13531494;"SPRF-MG";"DEL06-MG";"UOP02-DEL06-MG"
142488;2018-06-25;"segunda-feira";"15:10:00";"MT";364;393;"CUIABA";"Falta de Atenção à Condução";"Queda de ocupante de veículo";"Com Vítimas Feridas";"Pleno dia";"Decrescente";"Céu Claro";"Simples";"Reta";"Não";1;0;1;0;0;0;1;1;-15,701122;-55,881836;"SPRF-MT";"DEL02-MT";"UOP02-DEL01-MT"
142491;2018-06-25;"segunda-feira";"16:00:00";"BA";407;125,4;"SENHOR DO BONFIM";"Ingestão de Álcool";"Atropelamento de Pedestre";"Com Vítimas Feridas";"Pleno dia";"Crescente";"Céu Claro";"Simples";"Aclive";"Sim";2;0;1;0;0;1;1;2;-10,4513466;-40,1833246;"SPRF-BA";"DEL04-BA";"UOP01-DEL04-BA"
142492;2018-06-25;"segunda-feira";"15:00:00";"RJ";101;330;"RIO DE JANEIRO";"Falta de Atenção à Condução";"Tombamento";"Com Vítimas Feridas";"Pleno dia";"Crescente";"Céu Claro";"Dupla";"Reta";"Não";2;0;0;1;1;0;1;2;-22,868481;-43,18568;"SPRF-RJ";"DEL02-RJ";"UOP02-DEL02-RJ"
142493;2018-06-25;"segunda-feira";"15:58:00";"BA";116;417;"FEIRA DE SANTANA";"Mal Súbito";"Colisão frontal";"Com Vítimas Feridas";"Pleno dia";"Decrescente";"Nublado";"Simples";"Reta";"Sim";7;0;4;2;1;0;6;2;-12,18657868;-38,9652282;"SPRF-BA";"DEL02-BA";"UOP01-DEL02-BA"
142494;2018-06-25;"segunda-feira";"16:20:00";"MG";381;479;"CONTAGEM";"Falta de Atenção à Condução";"Colisão traseira";"Com Vítimas Feridas";"Pleno dia";"Decrescente";"Céu Claro";"Dupla";"Reta";"Sim";2;0;0;1;1;0;1;2;-19,961;-44,0517;"SPRF-MG";"DEL01-MG";"UOP03-DEL01-MG"
142496;2018-06-25;"segunda-feira";"11:45:00";"SC";282;363;"ERVAL VELHO";"Avarias e/ou desgaste excessivo no pneu";"Capotamento";"Sem Vítimas";"Pleno dia";"Decrescente";"Chuva";"Simples";"Reta";"Não";4;0;0;0;4;0;0;1;-27,30604508;-51,37968779;"SPRF-SC";"DEL07-SC";"UOP05-DEL07-SC"
142497;2018-06-25;"segunda-feira";"15:00:00";"PE";104;42;"CARUARU";"Defeito Mecânico no Veículo";"Saída de leito carroçável";"Com Vítimas Feridas";"Pleno dia";"Decrescente";"Céu Claro";"Dupla";"Curva";"Não";3;0;2;0;1;0;2;1;-8,20720261;-35,96934345;"SPRF-PE";"DEL02-PE";"UOP01-DEL02-PE"
142500;2018-06-25;"segunda-feira";"16:25:00";"SC";282;22,2;"PALHOCA";"Falta de Atenção à Condução";"Colisão traseira";"Com Vítimas Feridas";"Pleno dia";"Decrescente";"Nublado";"Simples";"Reta";"Não";2;0;1;0;1;0;1;2;-27,688507;-48,72739;"SPRF-SC";"DEL01-SC";"UOP02-DEL01-SC"
142501;2018-06-25;"segunda-feira";"16:45:00";"GO";70;7,7;"AGUAS LINDAS DE GOIAS";"Desobediência às normas de trânsito pelo condutor";"Colisão traseira";"Com Vítimas Feridas";"Pleno dia";"Decrescente";"Céu Claro";"Dupla";"Reta";"Sim";3;0;1;1;1;0;2;2;-15,7423;-48,2696;"SPRF-DF";"DEL01-DF";"UOP02-DEL03-DF"
142503;2018-06-25;"segunda-feira";"16:30:00";"GO";153;612,5;"MORRINHOS";"Condutor Dormindo";"Saída de leito carroçável";"Com Vítimas Feridas";"Pleno dia";"Crescente";"Céu Claro";"Dupla";"Reta";"Não";1;0;1;0;0;0;1;1;-17,6523;-49,1712;"SPRF-GO";"DEL03-GO";"UOP01-DEL03-GO"
142508;2018-06-25;"segunda-feira";"15:40:00";"RN";405;34,6;"GOVERNADOR DIX-SEPT ROSADO";"Falta de Atenção à Condução";"Saída de leito carroçável";"Com Vítimas Feridas";"Pleno dia";"Crescente";"Sol";"Simples";"Reta";"Não";2;0;1;0;1;0;1;1;-5,34301;-37,590172;"SPRF-RN";"DEL04-RN";"UOP02-DEL04-RN"
142510;2018-06-25;"segunda-feira";"16:15:00";"PB";230;158,2;"CAMPINA GRANDE";"Desobediência às normas de trânsito pelo condutor";"Colisão transversal";"Sem Vítimas";"Pleno dia";"Crescente";"Nublado";"Simples";"Interseção de Vias";"Sim";2;0;0;0;2;0;0;2;-7,2495128;-35,921506;"SPRF-PB";"DEL02-PB";"UOP01-DEL02-PB"
142511;2018-06-25;"segunda-feira";"17:10:00";"SP";116;445;"REGISTRO";"Ingestão de Álcool";"Engavetamento";"Sem Vítimas";"Anoitecer";"Crescente";"Céu Claro";"Múltipla";"Declive";"Sim";4;0;0;0;4;0;0;3;-24,49687295;-47,84163952;"SPRF-SP";"DEL05-SP";"UOP01-DEL05-SP"
142513;2018-06-24;"domingo";"02:00:00";"BA";101;234;"SAPEACU";"Ultrapassagem Indevida";"Saída de leito carroçável";"Com Vítimas Feridas";"Plena Noite";"Crescente";"Ignorado";"Simples";"Curva";"Não";2;0;2;0;0;0;2;1;-12,7588;-39,183;"SPRF-BA";"DEL01-BA";"UOP02-DEL01-BA"
142514;2018-06-25;"segunda-feira";"17:40:00";"PR";376;596;"CURITIBA";"Desobediência às normas de trânsito pelo condutor";"Colisão traseira";"Com Vítimas Feridas";"Plena Noite";"Decrescente";"Céu Claro";"Dupla";"Reta";"Sim";2;0;0;1;1;0;1;2;-25,4289541;-49,267137;"SPRF-PR";"DEL01-PR";"UOP06-DEL01-PR"
142515;2018-06-25;"segunda-feira";"17:40:00";"ES";101;264;"SERRA";"Pista Escorregadia";"Queda de ocupante de veículo";"Com Vítimas Feridas";"Anoitecer";"Crescente";"Céu Claro";"Múltipla";"Reta";"Sim";1;0;1;0;0;0;1;1;-20,19833221;-40,26879787;"SPRF-ES";"DEL02-ES";"UOP01-DEL02-ES"
142520;2018-06-25;"segunda-feira";"18:00:00";"PE";101;84,5;"JABOATAO DOS GUARARAPES";"Não guardar distância de segurança";"Colisão traseira";"Com Vítimas Feridas";"Plena Noite";"Crescente";"Céu Claro";"Simples";"Reta";"Sim";2;0;1;0;1;0;1;2;-8,18576217;-34,95279962;"SPRF-PE";"DEL01-PE";"UOP03-DEL01-PE"
142522;2018-06-25;"segunda-feira";"13:00:00";"RO";435;124,2;"CEREJEIRAS";"Falta de Atenção à Condução";"Colisão transversal";"Com Vítimas Feridas";"Pleno dia";"Crescente";"Céu Claro";"Dupla";"Interseção de Vias";"Sim";2;0;1;0;1;0;1;2;-13,18894187;-60,81929862;"SPRF-RO";"DEL04-RO";"UOP02-DEL04-RO"
142524;2018-06-17;"domingo";"17:10:00";"SP";381;62,5;"MAIRIPORA";"Falta de Atenção à Condução";"Tombamento";"Com Vítimas Feridas";"Pleno dia";"Crescente";"Céu Claro";"Dupla";"Reta";"Não";2;0;2;0;0;0;2;1;-23,30127048;-46,57207489;"SPRF-SP";"DEL03-SP";"UOP01-DEL03-SP"
142525;2018-06-25;"segunda-feira";"15:30:00";"SC";280;131,6;"RIO NEGRINHO";"Falta de Atenção à Condução";"Colisão transversal";"Com Vítimas Feridas";"Pleno dia";"Crescente";"Céu Claro";"Simples";"Reta";"Não";2;0;1;0;1;0;1;2;-26,255838;-49,539585;"SPRF-SC";"DEL06-SC";"UOP03-DEL06-SC"
142526;2018-06-25;"segunda-feira";"15:50:00";"PA";316;0;"BELEM";"Não guardar distância de segurança";"Colisão traseira";"Sem Vítimas";"Pleno dia";"Crescente";"Céu Claro";"Dupla";"Reta";"Sim";3;0;0;0;3;0;0;3;-1,3662746;-48,3677966;"SPRF-PA";"DEL01-PA";"DEL19/1-UOP05/PA"
142527;2018-06-25;"segunda-feira";"16:00:00";"SC";470;242,7;"CURITIBANOS";"Não guardar distância de segurança";"Colisão traseira";"Sem Vítimas";"Pleno dia";"Decrescente";"Chuva";"Simples";"Rotatória";"Não";2;0;0;0;2;0;0;2;-27,311794;-50,498703;"SPRF-SC";"DEL05-SC";"UOP03-DEL05-SC"
142528;2018-06-25;"segunda-feira";"17:30:00";"SC";282;0,1;"FLORIANOPOLIS";"Falta de Atenção à Condução";"Colisão traseira";"Com Vítimas Feridas";"Plena Noite";"Crescente";"Céu Claro";"Dupla";"Reta";"Sim";2;0;1;0;1;0;1;2;-27,59845;-48,571995;"SPRF-SC";"DEL01-SC";"UOP01-DEL01-SC"
142529;2018-06-25;"segunda-feira";"17:40:00";"SP";488;3,1;"APARECIDA";"Não guardar distância de segurança";"Colisão lateral";"Com Vítimas Feridas";"Anoitecer";"Crescente";"Nublado";"Dupla";"Curva";"Sim";2;0;0;2;0;0;2;2;-22,855059;-45,243423;"SPRF-SP";"DEL08-SP";"UOP01-DEL08-SP"
142530;2018-06-25;"segunda-feira";"18:20:00";"SC";101;212,5;"PALHOCA";"Falta de Atenção à Condução";"Colisão lateral";"Com Vítimas Feridas";"Plena Noite";"Decrescente";"Nublado";"Dupla";"Reta";"Não";4;0;1;1;1;1;2;3;-27,6446;-48,6705;"SPRF-SC";"DEL01-SC";"UOP02-DEL01-SC"
142533;2018-06-25;"segunda-feira";"17:30:00";"MS";163;682,3;"RIO VERDE DE MATO GROSSO";"Falta de Atenção à Condução";"Colisão transversal";"Com Vítimas Feridas";"Anoitecer";"Crescente";"Céu Claro";"Simples";"Reta";"Sim";2;0;1;0;1;0;1;2;-18,9008257;-54,84225601;"SPRF-MS";"DEL06-MS";"UOP02-DEL06-MS"
142535;2018-06-25;"segunda-feira";"18:10:00";"RS";116;240,9;"NOVO HAMBURGO";"Não guardar distância de segurança";"Colisão traseira";"Com Vítimas Feridas";"Plena Noite";"Decrescente";"Chuva";"Dupla";"Reta";"Sim";2;0;1;0;1;0;1;2;-29,7099955;-51,14728058;"SPRF-RS";"DEL01-RS";"UOP02-DEL01-RS"
142537;2018-06-25;"segunda-feira";"18:15:00";"RJ";101;318;"SAO GONCALO";"Falta de Atenção à Condução";"Colisão lateral";"Com Vítimas Feridas";"Plena Noite";"Decrescente";"Céu Claro";"Dupla";"Reta";"Sim";2;0;1;0;1;0;1;2;-22,845663;-43,098431;"SPRF-RJ";"DEL02-RJ";"DEL5/2-UOP04/RJ"
142538;2018-05-28;"segunda-feira";"11:00:00";"GO";158;12,5;"ARAGARCAS";"Desobediência às normas de trânsito pelo condutor";"Colisão com objeto em movimento";"Com Vítimas Fatais";"Pleno dia";"Crescente";"Céu Claro";"Simples";"Reta";"Não";5;1;1;0;2;1;1;2;-15,972589;-52,2103;"SPRF-GO";"DEL04-GO";"UOP01-DEL04-GO"
142541;2018-06-25;"segunda-feira";"19:05:00";"PR";369;171,3;"ROLANDIA";"Falta de Atenção do Pedestre";"Atropelamento de Pedestre";"Com Vítimas Fatais";"Plena Noite";"Crescente";"Céu Claro";"Simples";"Interseção de Vias";"Sim";3;1;0;0;1;1;0;2;-23,3025761;-51,3542327;"SPRF-PR";"DEL07-PR";"UOP01-DEL07-PR"
142542;2018-06-25;"segunda-feira";"18:50:00";"CE";222;3;"FORTALEZA";"Falta de Atenção à Condução";"Colisão lateral";"Com Vítimas Feridas";"Plena Noite";"Decrescente";"Céu Claro";"Múltipla";"Reta";"Sim";2;0;1;0;1;0;1;2;-3,74046484;-38,59538108;"SPRF-CE";"DEL01-CE";"UOP01-DEL01-CE"
142543;2018-06-25;"segunda-feira";"19:25:00";"PR";277;588;"CASCAVEL";"Falta de Atenção à Condução";"Colisão transversal";"Com Vítimas Feridas";"Plena Noite";"Crescente";"Céu Claro";"Simples";"Reta";"Sim";2;0;1;0;1;0;1;2;-24,9752093;-53,44115283;"SPRF-PR";"DEL04-PR";"UOP01-DEL04-PR"
142544;2018-06-25;"segunda-feira";"18:05:00";"BA";407;215;"CAPIM GROSSO";"Falta de Atenção à Condução";"Danos eventuais";"Com Vítimas Feridas";"Plena Noite";"Decrescente";"Céu Claro";"Simples";"Reta";"Não";2;0;1;1;0;0;2;1;-11,22016322;-40,03091812;"SPRF-BA";"DEL04-BA";"UOP02-DEL04-BA"
142546;2018-06-25;"segunda-feira";"19:20:00";"MG";50;68,9;"UBERLANDIA";"Falta de Atenção à Condução";"Colisão transversal";"Com Vítimas Feridas";"Plena Noite";"Decrescente";"Céu Claro";"Dupla";"Reta";"Não";2;0;1;1;0;0;2;2;-18,88561979;-48,26398015;"SPRF-MG";"DEL15-MG";"UOP01-DEL15-MG"
142547;2018-06-17;"domingo";"21:23:00";"RJ";101;230;"SILVA JARDIM";"Falta de Atenção à Condução";"Colisão com objeto estático";"Com Vítimas Feridas";"Plena Noite";"Decrescente";"Céu Claro";"Dupla";"Reta";"Não";2;0;1;0;1;0;1;2;-22,569546;-42,376488;"SPRF-RJ";"DEL02-RJ";"UOP03-DEL02-RJ"
142548;2018-06-25;"segunda-feira";"13:45:00";"SC";282;638,8;"DESCANSO";"Velocidade Incompatível";"Saída de leito carroçável";"Com Vítimas Feridas";"Pleno dia";"Decrescente";"Chuva";"Simples";"Declive;Curva";"Não";1;0;1;0;0;0;1;1;-26,800833;-53,448235;"SPRF-SC";"DEL07-SC";"UOP03-DEL07-SC"
142551;2018-06-25;"segunda-feira";"16:30:00";"SC";153;17,8;"AGUA DOCE";"Pista Escorregadia";"Colisão lateral";"Com Vítimas Feridas";"Pleno dia";"Crescente";"Chuva";"Simples";"Curva";"Não";2;0;1;0;1;0;1;2;-26,706577;-51,599979;"SPRF-SC";"DEL07-SC";"UOP07-DEL07-SC"
142556;2018-06-25;"segunda-feira";"18:00:00";"SC";163;65,7;"SAO MIGUEL DO OESTE";"Falta de Atenção à Condução";"Colisão transversal";"Com Vítimas Feridas";"Plena Noite";"Crescente";"Garoa/Chuvisco";"Dupla";"Reta";"Sim";2;0;0;2;0;0;2;2;-26,7567104;-53,50060692;"SPRF-SC";"DEL07-SC";"UOP03-DEL07-SC"
142558;2018-06-25;"segunda-feira";"20:50:00";"RJ";116;166,7;"SAO JOAO DE MERITI";"Falta de Atenção do Pedestre";"Atropelamento de Pedestre";"Com Vítimas Feridas";"Plena Noite";"Crescente";"Céu Claro";"Dupla";"Curva";"Sim";2;0;0;2;0;0;2;2;-22,80332313;-43,34742665;"SPRF-RJ";"DEL01-RJ";"UOP02-DEL01-RJ"
142560;2018-06-25;"segunda-feira";"20:35:00";"MG";262;448;"NOVA SERRANA";"Desobediência às normas de trânsito pelo condutor";"Colisão traseira";"Com Vítimas Feridas";"Plena Noite";"Crescente";"Céu Claro";"Simples";"Reta";"Não";2;0;1;1;0;0;2;2;-19,863728;-44,997971;"SPRF-MG";"DEL08-MG";"UOP03-DEL08-MG"
142561;2018-06-25;"segunda-feira";"20:30:00";"PE";424;60,9;"CAETES";"Defeito Mecânico no Veículo";"Colisão traseira";"Com Vítimas Feridas";"Plena Noite";"Decrescente";"Garoa/Chuvisco";"Simples";"Reta";"Não";3;0;0;2;1;0;2;2;-8,7419;-36,701504;"SPRF-PE";"DEL03-PE";"UOP01-DEL03-PE"
142563;2018-06-25;"segunda-feira";"22:10:00";"MG";50;69;"UBERLANDIA";"Falta de Atenção à Condução";"Colisão lateral";"Com Vítimas Feridas";"Plena Noite";"Decrescente";"Céu Claro";"Dupla";"Reta";"Sim";2;0;2;0;0;0;2;1;-18,8907;-48,256;"SPRF-MG";"DEL15-MG";"UOP01-DEL15-MG"
142565;2018-06-25;"segunda-feira";"17:55:00";"RO";364;515,2;"ARIQUEMES";"Falta de Atenção do Pedestre";"Atropelamento de Pedestre";"Com Vítimas Feridas";"Pleno dia";"Decrescente";"Sol";"Simples";"Reta";"Não";3;0;2;0;1;0;2;2;-9,8816313;-63,0571765;"SPRF-RO";"DEL03-RO";"UOP01-DEL03-RO"
142566;2018-06-25;"segunda-feira";"22:00:00";"PE";101;102;"CABO DE SANTO AGOSTINHO";"Restrição de Visibilidade";"Atropelamento de Animal";"Sem Vítimas";"Plena Noite";"Crescente";"Ignorado";"Simples";"Reta";"Não";1;0;0;0;1;0;0;1;-8,285452;-35,058605;"SPRF-PE";"DEL01-PE";"UOP03-DEL01-PE"
142567;2018-06-25;"segunda-feira";"21:55:00";"SC";101;200;"SAO JOSE";"Falta de Atenção à Condução";"Colisão lateral";"Com Vítimas Feridas";"Plena Noite";"Decrescente";"Chuva";"Dupla";"Reta";"Sim";2;0;1;0;1;0;1;2;-27,5485;-48,6196;"SPRF-SC";"DEL01-SC";"UOP01-DEL01-SC"
142568;2018-06-25;"segunda-feira";"16:10:00";"MA";316;261;"SANTA INES";"Desobediência às normas de trânsito pelo condutor";"Colisão com objeto estático";"Sem Vítimas";"Pleno dia";"Decrescente";"Céu Claro";"Simples";"Rotatória";"Sim";3;0;0;0;2;1;0;2;-3,676243;-45,389366;"SPRF-MA";"DEL02-MA";"UI04-DEL02-MA"
142571;2018-06-25;"segunda-feira";"22:30:00";"TO";153;307,5;"PRESIDENTE KENNEDY";"Falta de Atenção à Condução";"Capotamento";"Com Vítimas Feridas";"Plena Noite";"Crescente";"Céu Claro";"Simples";"Reta";"Não";2;0;1;0;1;0;1;1;-8,58920824;-48,48352432;"SPRF-TO";"DEL02-TO";"UOP02-DEL02-TO"
142572;2018-06-25;"segunda-feira";"21:30:00";"SC";470;54,1;"BLUMENAU";"Ingestão de Álcool";"Saída de leito carroçável";"Sem Vítimas";"Plena Noite";"Crescente";"Chuva";"Simples";"Curva";"Não";1;0;0;0;1;0;0;1;-26,87146837;-49,11162257;"SPRF-SC";"DEL04-SC";"UOP01-DEL04-SC"
142574;2018-06-25;"segunda-feira";"21:15:00";"SC";101;208;"SAO JOSE";"Falta de Atenção à Condução";"Colisão lateral";"Com Vítimas Feridas";"Plena Noite";"Crescente";"Chuva";"Dupla";"Interseção de Vias";"Não";2;0;1;0;1;0;1;2;-27,60527151;-48,63462741;"SPRF-SC";"DEL01-SC";"UOP01-DEL01-SC"
142575;2018-06-25;"segunda-feira";"22:05:00";"MS";262;365,2;"CAMPO GRANDE";"Desobediência às normas de trânsito pelo condutor";"Colisão transversal";"Com Vítimas Fatais";"Plena Noite";"Decrescente";"Céu Claro";"Simples";"Reta";"Sim";3;1;0;0;1;1;0;3;-20,489344;-54,74239;"SPRF-MS";"DEL01-MS";"UOP03-DEL01-MS"
142576;2018-06-25;"segunda-feira";"22:45:00";"BA";324;623;"SALVADOR";"Falta de Atenção à Condução";"Colisão traseira";"Com Vítimas Feridas";"Plena Noite";"Crescente";"Nublado";"Dupla";"Reta";"Sim";5;0;3;0;2;0;3;3;-12,941949;-38,4706;"SPRF-BA";"DEL01-BA";"UOP01-DEL01-BA"
142579;2018-06-25;"segunda-feira";"23:30:00";"RJ";116;165,2;"RIO DE JANEIRO";"Velocidade Incompatível";"Colisão com objeto estático";"Com Vítimas Feridas";"Plena Noite";"Decrescente";"Céu Claro";"Múltipla";"Reta";"Sim";1;0;0;1;0;0;1;1;-22,81143291;-43,33413363;"SPRF-RJ";"DEL01-RJ";"UOP02-DEL01-RJ"
142580;2018-06-25;"segunda-feira";"21:10:00";"MT";70;706;"CACERES";"Velocidade Incompatível";"Colisão lateral";"Sem Vítimas";"Plena Noite";"Crescente";"Céu Claro";"Simples";"Curva";"Não";3;0;0;0;3;0;0;2;-16,2348244;-57,56745815;"SPRF-MT";"DEL03-MT";"UOP01-DEL03-MT"
142583;2018-06-26;"terça-feira";"00:30:00";"BA";116;16;"VITORIA DA CONQUISTA";"Falta de Atenção à Condução";"Queda de ocupante de veículo";"Com Vítimas Feridas";"Plena Noite";"Crescente";"Céu Claro";"Simples";"Interseção de Vias";"Não";3;0;1;0;1;1;1;2;-14,902407;-40,84416546;"SPRF-BA";"DEL08-BA";"UOP01-DEL08-BA"
142584;2018-06-26;"terça-feira";"00:35:00";"PR";376;493,8;"PONTA GROSSA";"Velocidade Incompatível";"Colisão com objeto estático";"Com Vítimas Feridas";"Plena Noite";"Crescente";"Nublado";"Dupla";"Aclive";"Sim";1;0;1;0;0;0;1;1;-25,12817069;-50,17567366;"SPRF-PR";"DEL03-PR";"UOP04-DEL03-PR"
142585;2018-03-22;"quinta-feira";"05:55:00";"MG";40;514;"RIBEIRAO DAS NEVES";"Falta de Atenção do Pedestre";"Atropelamento de Pedestre";"Com Vítimas Fatais";"Amanhecer";"Crescente";"Céu Claro";"Dupla";"Reta";"Sim";2;1;0;0;0;1;0;2;-19,8128;-44,093;"SPRF-MG";"DEL01-MG";"UOP03-DEL01-MG"
142586;2018-06-26;"terça-feira";"03:00:00";"MG";381;417,9;"NOVA UNIAO";"Falta de Atenção à Condução";"Colisão com objeto estático";"Com Vítimas Feridas";"Plena Noite";"Decrescente";"Nublado";"Simples";"Em Obras;Declive;Curva";"Não";1;0;1;0;0;0;1;1;-19,73729935;-43,60267639;"SPRF-MG";"DEL01-MG";"UOP01-DEL01-MG"
142588;2018-06-26;"terça-feira";"04:10:00";"BA";324;543;"AMELIA RODRIGUES";"Falta de Atenção à Condução";"Saída de leito carroçável";"Com Vítimas Feridas";"Plena Noite";"Decrescente";"Ignorado";"Dupla";"Curva";"Sim";2;0;1;0;1;0;1;1;-12,40103584;-38,75918627;"SPRF-BA";"DEL01-BA";"UOP01-DEL01-BA"
142591;2018-06-26;"terça-feira";"05:40:00";"PR";369;176;"ROLANDIA";"Animais na Pista";"Atropelamento de Animal";"Com Vítimas Feridas";"Plena Noite";"Decrescente";"Nublado";"Simples";"Reta";"Sim";1;0;1;0;0;0;1;1;-23,33006993;-51,38967097;"SPRF-PR";"DEL07-PR";"UOP01-DEL07-PR"
142592;2018-06-26;"terça-feira";"05:00:00";"PR";163;266;"TOLEDO";"Falta de Atenção à Condução";"Colisão frontal";"Com Vítimas Fatais";"Amanhecer";"Crescente";"Nevoeiro/Neblina";"Simples";"Reta";"Não";9;4;2;2;1;0;4;2;-24,6321;-53,8789;"SPRF-PR";"DEL04-PR";"UOP01-DEL04-PR"
142593;2018-06-26;"terça-feira";"02:10:00";"PI";316;96,5;"BARRO DURO";"Animais na Pista";"Atropelamento de Animal";"Sem Vítimas";"Plena Noite";"Crescente";"Céu Claro";"Simples";"Curva";"Sim";1;0;0;0;0;1;0;1;-5,81688336;-42,5121981;"SPRF-PI";"DEL04-PI";"UOP02-DEL04-PI"
142594;2018-06-25;"segunda-feira";"20:20:00";"SC";282;551,8;"NOVA ITABERABA";"Velocidade Incompatível";"Saída de leito carroçável";"Com Vítimas Feridas";"Plena Noite";"Crescente";"Chuva";"Simples";"Curva";"Não";1;0;0;1;0;0;1;1;-26,951487;-52,778172;"SPRF-SC";"DEL07-SC";"UOP01-DEL07-SC"
142595;2018-06-25;"segunda-feira";"18:00:00";"PB";230;240,7;"JUAZEIRINHO";"Desobediência às normas de trânsito pelo condutor";"Atropelamento de Pedestre";"Com Vítimas Feridas";"Plena Noite";"Crescente";"Céu Claro";"Simples";"Reta";"Sim";2;0;1;1;0;0;2;2;-7,0634;-36,563;"SPRF-PB";"DEL02-PB";"UOP02-DEL02-PB"
142598;2018-06-26;"terça-feira";"03:30:00";"RO";319;60,9;"PORTO VELHO";"Falta de Atenção à Condução";"Colisão com objeto estático";"Sem Vítimas";"Plena Noite";"Decrescente";"Céu Claro";"Dupla";"Interseção de Vias";"Sim";1;0;0;0;0;1;0;1;-8,73966815;-63,89039588;"SPRF-RO";"DEL01-RO";"UOP01-DEL01-RO"
142600;2018-06-26;"terça-feira";"06:35:00";"SP";153;70,1;"SAO JOSE DO RIO PRETO";"Falta de Atenção à Condução";"Colisão transversal";"Com Vítimas Feridas";"Amanhecer";"Crescente";"Céu Claro";"Simples";"Interseção de Vias;Em Obras";"Não";2;0;0;1;1;0;1;2;-20,851978;-49,400703;"SPRF-SP";"DEL09-SP";"UOP01-DEL09-SP"
142601;2018-06-26;"terça-feira";"07:20:00";"GO";153;506,4;"APARECIDA DE GOIANIA";"Não guardar distância de segurança";"Colisão traseira";"Com Vítimas Feridas";"Amanhecer";"Decrescente";"Céu Claro";"Dupla";"Reta";"Sim";3;0;2;0;0;1;2;2;-16,7633;-49,24;"SPRF-GO";"DEL01-GO";"UOP01-DEL01-GO"
142602;2018-06-26;"terça-feira";"07:30:00";"RN";101;72,9;"EXTREMOZ";"Desobediência às normas de trânsito pelo condutor";"Colisão lateral";"Com Vítimas Feridas";"Pleno dia";"Crescente";"Sol";"Simples";"Reta";"Não";2;0;0;1;1;0;1;2;-5,698662;-35,263168;"SPRF-RN";"DEL02-RN";"UOP01-DEL02-RN"
142603;2018-06-26;"terça-feira";"06:30:00";"MG";381;788,3;"SAO GONCALO DO SAPUCAI";"Condutor Dormindo";"Saída de leito carroçável";"Com Vítimas Feridas";"Amanhecer";"Crescente";"Céu Claro";"Dupla";"Reta";"Não";1;0;0;1;0;0;1;1;-21,87855116;-45,54249323;"SPRF-MG";"DEL16-MG";"UOP02-DEL16-MG"
142604;2018-06-26;"terça-feira";"07:10:00";"ES";101;265,5;"SERRA";"Falta de Atenção à Condução";"Colisão lateral";"Com Vítimas Feridas";"Pleno dia";"Crescente";"Céu Claro";"Dupla";"Reta";"Sim";2;0;1;0;1;0;1;2;-20,18679266;-40,26812732;"SPRF-ES";"DEL02-ES";"UOP01-DEL02-ES"
142607;2018-06-26;"terça-feira";"07:35:00";"RJ";393;235;"VASSOURAS";"Falta de Atenção à Condução";"Tombamento";"Com Vítimas Feridas";"Pleno dia";"Crescente";"Céu Claro";"Simples";"Curva";"Sim";1;0;1;0;0;0;1;1;-22,4071224;-43,6692074;"SPRF-RJ";"DEL05-RJ";"UOP03-DEL05-RJ"