"id";"data_inversa";"dia_semana";"horario";"uf";"br";"km";"municipio";"causa_acidente";"tipo_acidente";"classificacao_acidente";"fase_dia";"sentido_via";"condicao_metereologica";"tipo_pista";"tracado_via";"uso_solo";"pessoas";"mortos";"feridos_leves";"feridos_graves";"ilesos";"ignorados";"feridos";"veiculos";"latitude";"longitude";"regional";"delegacia";"uop"
142834;2018-06-26;"terça-feira";"23:50:00";"SC";280;55;"GUARAMIRIM";"Falta de Atenção à Condução";"Colisão transversal";"Com Vítimas Feridas";"Plena Noite";"Crescente";"Chuva";"Simples";"Reta";"Não";2;0;0;1;1;0;1;2;-26,47713241;-48,99656117;"SPRF-SC";"DEL03-SC";"UOP03-DEL03-SC"
142835;2018-06-26;"terça-feira";"23:00:00";"MG";50;30;"ARAGUARI";"Pista Escorregadia";"Tombamento";"Com Vítimas Feridas";"Plena Noite";"Crescente";"Céu Claro";"Dupla";"Curva";"Não";2;0;2;0;0;0;2;1;-18,6416;-48,1246;"SPRF-MG";"DEL15-MG";"UOP02-DEL15-MG"
142838;2018-06-26;"terça-feira";"21:40:00";"RO";319;63;"PORTO VELHO";"Desobediência às normas de trânsito pelo condutor";"Colisão transversal";"Com Vítimas Feridas";"Plena Noite";"Crescente";"Céu Claro";"Dupla";"Interseção de Vias";"Sim";2;0;1;0;1;0;1;2;-8,75772135;-63,88642073;"SPRF-RO";"DEL01-RO";"UOP01-DEL01-RO"
142839;2018-06-26;"terça-feira";"23:55:00";"MG";381;699,7;"LAVRAS";"Falta de Atenção à Condução";"Colisão com objeto estático";"Com Vítimas Fatais";"Plena Noite";"Decrescente";"Nublado";"Dupla";"Declive;Curva";"Não";1;1;0;0;0;0;0;1;-21,27887746;-45,13988072;"SPRF-MG";"DEL04-MG";"UOP02-DEL04-MG"
142842;2018-06-26;"terça-feira";"23:45:00";"RN";110;41,2;"MOSSORO";"Animais na Pista";"Atropelamento de Animal";"Com Vítimas Feridas";"Plena Noite";"Decrescente";"Céu Claro";"Simples";"Reta";"Não";2;0;1;1;0;0;2;1;-5,197978;-37,318398;"SPRF-RN";"DEL04-RN";"UOP01-DEL04-RN"
142848;2018-06-27;"quarta-feira";"04:10:00";"SC";101;119;"ITAJAI";"Falta de Atenção à Condução";"Colisão traseira";"Com Vítimas Feridas";"Plena Noite";"Decrescente";"Chuva";"Dupla";"Reta";"Sim";1;0;1;0;0;0;1;1;-26,9128;-48,7118;"SPRF-SC";"DEL04-SC";"UOP04-DEL04-SC"
142849;2018-06-27;"quarta-feira";"05:20:00";"PR";277;715,4;"SANTA TEREZINHA DE ITAIPU";"Desobediência às normas de trânsito pelo pedestre";"Atropelamento de Pedestre";"Com Vítimas Feridas";"Plena Noite";"Decrescente";"Nevoeiro/Neblina";"Dupla";"Reta";"Não";2;0;1;1;0;0;2;2;-25,47058054;-54,46197225;"SPRF-PR";"DEL05-PR";"UOP01-DEL05-PR"
142850;2018-06-27;"quarta-feira";"05:56:00";"GO";153;508;"APARECIDA DE GOIANIA";"Não guardar distância de segurança";"Colisão traseira";"Sem Vítimas";"Amanhecer";"Decrescente";"Céu Claro";"Dupla";"Aclive";"Não";6;0;0;0;6;0;0;6;-16,7804;-49,2371;"SPRF-GO";"DEL01-GO";"UOP03-DEL01-GO"
142852;2018-06-27;"quarta-feira";"06:10:00";"SC";282;2;"FLORIANOPOLIS";"Falta de Atenção à Condução";"Capotamento";"Sem Vítimas";"Pleno dia";"Decrescente";"Céu Claro";"Dupla";"Reta";"Sim";2;0;0;0;2;0;0;2;-27,603289;-48,590416;"SPRF-SC";"DEL01-SC";"UOP01-DEL01-SC"
142853;2018-06-27;"quarta-feira";"06:50:00";"PR";277;26,2;"MORRETES";"Desobediência às normas de trânsito pelo condutor";"Colisão transversal";"Com Vítimas Feridas";"Amanhecer";"Crescente";"Chuva";"Dupla";"Reta";"Não";2;0;2;0;0;0;2;2;-25,5350068;-48,75989914;"SPRF-PR";"DEL01-PR";"UOP05-DEL01-PR"
142854;2018-06-18;"segunda-feira";"04:10:00";"RJ";356;78;"ITALVA";"Falta de Atenção à Condução";"Colisão transversal";"Com Vítimas Feridas";"Pleno dia";"Decrescente";"Céu Claro";"Simples";"Curva";"Não";2;0;1;1;0;0;2;2;-21,471594;-41,673347;"SPRF-RJ";"DEL08-RJ";"UOP03-DEL08-RJ"
142856;2018-06-27;"quarta-feira";"06:55:00";"AL";101;76,5;"RIO LARGO";"Pista Escorregadia";"Saída de leito carroçável";"Com Vítimas Feridas";"Pleno dia";"Decrescente";"Chuva";"Dupla";"Reta";"Não";2;0;1;0;1;0;1;2;-9,413356;-35,840733;"SPRF-AL";"DEL01-AL";"UOP01-DEL01-AL"
142857;2018-06-27;"quarta-feira";"05:52:00";"MG";381;497;"BETIM";"Falta de Atenção à Condução";"Colisão lateral";"Com Vítimas Feridas";"Amanhecer";"Decrescente";"Céu Claro";"Dupla";"Reta";"Sim";3;0;1;0;1;1;1;3;-19,9874;-44,2038;"SPRF-MG";"DEL01-MG";"UOP03-DEL01-MG"
142859;2018-06-27;"quarta-feira";"07:10:00";"ES";101;294,5;"CARIACICA";"Não guardar distância de segurança";"Colisão traseira";"Com Vítimas Feridas";"Pleno dia";"Decrescente";"Sol";"Dupla";"Aclive";"Sim";2;0;0;1;1;0;1;2;-20,32706408;-40,39716578;"SPRF-ES";"DEL01-ES";"UOP01-DEL01-ES"
142861;2018-06-03;"domingo";"18:20:00";"SE";101;50,5;"JAPARATUBA";"Sinalização da via insuficiente ou inadequada";"Colisão traseira";"Com Vítimas Feridas";"Plena Noite";"Crescente";"Céu Claro";"Dupla";"Reta";"Não";5;0;1;0;4;0;1;2;-10,61563593;-36,97992682;"SPRF-SE";"DEL02-SE";"UOP02-DEL02-SE"
142862;2018-06-27;"quarta-feira";"06:40:00";"MS";163;265;"DOURADOS";"Desobediência às normas de trânsito pelo condutor";"Colisão lateral";"Com Vítimas Feridas";"Pleno dia";"Crescente";"Sol";"Dupla";"Rotatória";"Não";2;0;1;0;1;0;1;2;-22,22364102;-54,73105431;"SPRF-MS";"DEL04-MS";"UOP01-DEL04-MS"
142863;2018-06-27;"quarta-feira";"08:00:00";"RJ";116;108;"GUAPIMIRIM";"Falta de Atenção à Condução";"Colisão traseira";"Com Vítimas Feridas";"Pleno dia";"Crescente";"Céu Claro";"Dupla";"Reta";"Sim";3;0;0;2;1;0;2;2;-22,5665411;-43,0009091;"SPRF-RJ";"DEL04-RJ";"UOP02-DEL04-RJ"
142864;2018-06-27;"quarta-feira";"08:00:00";"GO";153;505,8;"APARECIDA DE GOIANIA";"Não guardar distância de segurança";"Colisão traseira";"Com Vítimas Feridas";"Pleno dia";"Decrescente";"Céu Claro";"Múltipla";"Reta";"Sim";1;0;0;1;0;0;1;1;-16,7537;-49,2411;"SPRF-GO";"DEL01-GO";"UOP01-DEL01-GO"
142866;2018-06-27;"quarta-feira";"07:10:00";"SP";116;516,5;"CAJATI";"Falta de Atenção à Condução";"Atropelamento de Pedestre";"Com Vítimas Fatais";"Pleno dia";"Decrescente";"Nublado";"Dupla";"Curva";"Não";3;2;0;0;1;0;0;2;-24,73659;-48,12319;"SPRF-SP";"DEL05-SP";"UAP01-DEL05-SP"
142867;2018-06-27;"quarta-feira";"08:15:00";"GO";153;499;"GOIANIA";"Desobediência às normas de trânsito pelo condutor";"Colisão traseira";"Com Vítimas Feridas";"Pleno dia";"Crescente";"Céu Claro";"Dupla";"Reta";"Sim";2;0;0;1;1;0;1;2;-16,695744;-49,231711;"SPRF-GO";"DEL01-GO";"UOP01-DEL01-GO"
142869;2018-06-27;"quarta-feira";"11:30:00";"BA";367;23;"PORTO SEGURO";"Falta de Atenção à Condução";"Colisão transversal";"Com Vítimas Feridas";"Pleno dia";"Decrescente";"Céu Claro";"Simples";"Reta";"Sim";2;0;0;1;1;0;1;2;-16,435177;-39,072018;"SPRF-BA";"DEL09-BA";"UOP01-DEL09-BA"
142871;2018-06-27;"quarta-feira";"08:40:00";"DF";40;3;"BRASILIA";"Falta de Atenção à Condução";"Colisão traseira";"Com Vítimas Feridas";"Pleno dia";"Decrescente";"Sol";"Dupla";"Reta";"Sim";2;0;1;0;1;0;1;2;-16,00704604;-47,98313946;"SPRF-DF";"DEL01-DF";"UOP01-DEL01-DF"
142873;2018-06-27;"quarta-feira";"07:15:00";"PR";376;443;"IPIRANGA";"Falta de Atenção à Condução";"Colisão com objeto estático";"Com Vítimas Feridas";"Pleno dia";"Crescente";"Chuva";"Simples";"Reta";"Não";4;0;2;1;1;0;3;2;-24,83472613;-50,47943115;"SPRF-PR";"DEL03-PR";"UOP02-DEL03-PR"
142874;2018-06-27;"quarta-feira";"07:35:00";"PR";116;126;"FAZENDA RIO GRANDE";"Falta de Atenção à Condução";"Colisão traseira";"Com Vítimas Feridas";"Pleno dia";"Decrescente";"Chuva";"Dupla";"Reta";"Sim";3;0;2;0;1;0;2;2;-25,63657408;-49,326666;"SPRF-PR";"DEL01-PR";"UOP03-DEL01-PR"
142876;2018-06-27;"quarta-feira";"06:50:00";"SC";470;161,1;"TROMBUDO CENTRAL";"Falta de Atenção à Condução";"Colisão lateral";"Com Vítimas Feridas";"Pleno dia";"Crescente";"Nublado";"Simples";"Reta";"Sim";2;0;1;0;1;0;1;2;-27,28670985;-49,79563951;"SPRF-SC";"DEL04-SC";"UOP02-DEL04-SC"
142880;2018-06-03;"domingo";"03:00:00";"PB";101;113;"PEDRAS DE FOGO";"Condutor Dormindo";"Saída de leito carroçável";"Sem Vítimas";"Pleno dia";"Decrescente";"Céu Claro";"Dupla";"Reta";"Não";1;0;0;0;1;0;0;1;-7,4003;-34,9551;"SPRF-PB";"DEL01-PB";"UOP01-DEL01-PB"
142881;2018-06-27;"quarta-feira";"08:35:00";"RN";101;95;"NATAL";"Falta de Atenção à Condução";"Colisão transversal";"Com Vítimas Feridas";"Pleno dia";"Decrescente";"Céu Claro";"Múltipla";"Viaduto";"Sim";2;0;1;0;1;0;1;2;-5,83687;-35,211635;"SPRF-RN";"DEL01-RN";"UOP01-DEL01-RN"
142885;2018-06-27;"quarta-feira";"09:15:00";"SC";101;214,5;"PALHOCA";"Falta de Atenção à Condução";"Colisão traseira";"Com Vítimas Feridas";"Pleno dia";"Decrescente";"Nublado";"Múltipla";"Reta";"Sim";3;0;1;0;2;0;1;2;-27,652;-48,676;"SPRF-SC";"DEL01-SC";"UOP02-DEL01-SC"
142886;2018-06-27;"quarta-feira";"08:40:00";"RJ";101;322;"NITEROI";"Falta de Atenção do Pedestre";"Atropelamento de Pedestre";"Com Vítimas Feridas";"Pleno dia";"Crescente";"Céu Claro";"Múltipla";"Reta";"Sim";2;0;1;0;1;0;1;2;-22,8759557;-43,1117034;"SPRF-RJ";"DEL02-RJ";"UOP02-DEL02-RJ"
142888;2018-06-14;"quinta-feira";"10:20:00";"PB";101;19;"MAMANGUAPE";"Velocidade Incompatível";"Saída de leito carroçável";"Com Vítimas Feridas";"Pleno dia";"Decrescente";"Nublado";"Dupla";"Curva";"Não";2;0;2;0;0;0;2;1;-6,66177297;-35,11518538;"SPRF-PB";"DEL01-PB";"UOP04-DEL01-PB"
142890;2018-06-27;"quarta-feira";"09:25:00";"PA";316;52,6;"CASTANHAL";"Avarias e/ou desgaste excessivo no pneu";"Saída de leito carroçável";"Com Vítimas Feridas";"Pleno dia";"Crescente";"Céu Claro";"Dupla";"Reta";"Não";1;0;0;1;0;0;1;1;-1,30613874;-48,01432014;"SPRF-PA";"DEL01-PA";"UOP01-DEL01-PA"
142891;2018-06-14;"quinta-feira";"14:10:00";"PB";230;66;"SOBRADO";"Velocidade Incompatível";"Saída de leito carroçável";"Sem Vítimas";"Pleno dia";"Crescente";"Nublado";"Dupla";"Curva;Aclive";"Não";1;0;0;0;1;0;0;1;-7,185272;-35,198628;"SPRF-PB";"DEL01-PB";"UOP03-DEL01-PB"
142892;2018-06-27;"quarta-feira";"06:10:00";"BA";101;430;"MARAU";"Velocidade Incompatível";"Saída de leito carroçável";"Com Vítimas Feridas";"Pleno dia";"Decrescente";"Garoa/Chuvisco";"Simples";"Curva";"Não";3;0;3;0;0;0;3;1;-14,185;-39,3179;"SPRF-BA";"DEL05-BA";"UOP03-DEL05-BA"
142895;2018-06-27;"quarta-feira";"08:30:00";"RJ";101;145;"MACAE";"Avarias e/ou desgaste excessivo no pneu";"Capotamento";"Com Vítimas Feridas";"Pleno dia";"Crescente";"Nublado";"Dupla";"Viaduto";"Não";1;0;0;1;0;0;1;1;-22,35531498;-41,92760468;"SPRF-RJ";"DEL02-RJ";"UOP04-DEL08-RJ"
142898;2018-06-27;"quarta-feira";"07:10:00";"AC";364;137;"RIO BRANCO";"Desobediência às normas de trânsito pelo condutor";"Colisão transversal";"Com Vítimas Feridas";"Pleno dia";"Crescente";"Céu Claro";"Dupla";"Rotatória";"Sim";3;0;2;0;1;0;2;2;-9,96917818;-67,8526783;"SPRF-AC";"DEL01-AC";"UOP01-DEL01-AC"
142900;2018-06-27;"quarta-feira";"10:25:00";"PB";230;18,5;"JOAO PESSOA";"Não guardar distância de segurança";"Colisão lateral";"Com Vítimas Feridas";"Pleno dia";"Crescente";"Sol";"Dupla";"Reta;Interseção de Vias;Declive";"Sim";5;0;2;1;2;0;3;3;-7,12628398;-34,84550536;"SPRF-PB";"DEL01-PB";"UOP01-DEL01-PB"
142902;2018-06-27;"quarta-feira";"10:25:00";"RJ";101;62;"CAMPOS DOS GOYTACAZES";"Não guardar distância de segurança";"Colisão traseira";"Com Vítimas Feridas";"Pleno dia";"Decrescente";"Céu Claro";"Simples";"Reta";"Sim";2;0;2;0;0;0;2;2;-21,74192297;-41,3302322;"SPRF-RJ";"DEL08-RJ";"UOP01-DEL08-RJ"
142904;2018-06-27;"quarta-feira";"10:30:00";"ES";101;0,6;"SERRA";"Não guardar distância de segurança";"Engavetamento";"Com Vítimas Feridas";"Pleno dia";"Crescente";"Céu Claro";"Dupla";"Declive";"Sim";3;0;1;0;2;0;1;3;-20,23829719;-40,27843786;"SPRF-ES";"DEL02-ES";"UOP01-DEL02-ES"
142905;2018-06-27;"quarta-feira";"07:20:00";"RJ";116;188;"NOVA IGUACU";"Falta de Atenção à Condução";"Colisão lateral";"Com Vítimas Feridas";"Pleno dia";"Decrescente";"Céu Claro";"Dupla";"Reta";"Não";2;0;1;0;0;1;1;2;-22,73740829;-43,53768814;"SPRF-RJ";"DEL01-RJ";"UOP03-DEL01-RJ"
142907;2018-06-27;"quarta-feira";"07:00:00";"PR";476;195,9;"LAPA";"Falta de Atenção à Condução";"Colisão lateral";"Com Vítimas Feridas";"Pleno dia";"Crescente";"Chuva";"Simples";"Rotatória";"Sim";2;0;0;1;1;0;1;2;-25,75232368;-49,72444564;"SPRF-PR";"DEL01-PR";"UOP06-DEL01-PR"
142908;2018-05-31;"quinta-feira";"10:30:00";"MA";135;100,7;"ITAPECURU MIRIM";"Avarias e/ou desgaste excessivo no pneu";"Saída de leito carroçável";"Com Vítimas Feridas";"Pleno dia";"Crescente";"Céu Claro";"Simples";"Reta";"Não";2;0;1;1;0;0;2;1;-3,362013;-44,472363;"SPRF-MA";"DEL01-MA";"UOP02-DEL01-MA"
142911;2018-06-27;"quarta-feira";"11:10:00";"ES";393;0;"CACHOEIRO DE ITAPEMIRIM";"Falta de Atenção à Condução";"Colisão transversal";"Com Vítimas Feridas";"Pleno dia";"Crescente";"Céu Claro";"Simples";"Reta";"Sim";2;0;1;0;0;1;1;2;-20,841324;-41,15929;"SPRF-ES";"DEL03-ES";"UOP02-DEL03-ES"
142912;2018-06-27;"quarta-feira";"11:30:00";"RJ";116;302;"RESENDE";"Não guardar distância de segurança";"Queda de ocupante de veículo";"Com Vítimas Feridas";"Pleno dia";"Crescente";"Céu Claro";"Dupla";"Reta";"Não";1;0;1;0;0;0;1;1;-22,450125;-44,330193;"SPRF-RJ";"DEL07-RJ";"DEL5/7-UOP03/RJ"
142913;2018-06-27;"quarta-feira";"10:50:00";"RN";304;40;"MOSSORO";"Desobediência às normas de trânsito pelo condutor";"Colisão traseira";"Com Vítimas Feridas";"Pleno dia";"Crescente";"Céu Claro";"Dupla";"Reta";"Sim";4;0;1;0;3;0;1;2;-5,196199;-37,378502;"SPRF-RN";"DEL04-RN";"UOP01-DEL04-RN"
142914;2018-06-27;"quarta-feira";"11:30:00";"CE";222;4;"CAUCAIA";"Falta de Atenção à Condução";"Colisão lateral";"Sem Vítimas";"Pleno dia";"Crescente";"Céu Claro";"Dupla";"Reta";"Não";2;0;0;0;2;0;0;2;-3,741342;-38,604228;"SPRF-CE";"DEL01-CE";"UOP01-DEL01-CE"
142915;2018-06-27;"quarta-feira";"12:00:00";"SE";101;68,5;"MARUIM";"Não guardar distância de segurança";"Colisão traseira";"Com Vítimas Feridas";"Pleno dia";"Crescente";"Nublado";"Simples";"Reta";"Sim";3;0;1;0;2;0;1;2;-10,73048328;-37,08280563;"SPRF-SE";"DEL01-SE";"UOP01-DEL01-SE"
142919;2018-06-27;"quarta-feira";"09:50:00";"MG";116;773,7;"LEOPOLDINA";"Velocidade Incompatível";"Saída de leito carroçável";"Com Vítimas Feridas";"Pleno dia";"Crescente";"Céu Claro";"Simples";"Aclive";"Não";1;0;1;0;0;0;1;1;-21,58242338;-42,68045247;"SPRF-MG";"DEL07-MG";"UOP01-DEL07-MG"
142922;2018-06-27;"quarta-feira";"12:45:00";"RJ";493;14,3;"MAGE";"Falta de Atenção à Condução";"Colisão transversal";"Com Vítimas Feridas";"Pleno dia";"Decrescente";"Céu Claro";"Simples";"Reta";"Não";2;0;0;1;1;0;1;2;-22,66182879;-43,04438531;"SPRF-RJ";"DEL04-RJ";"UOP02-DEL04-RJ"
142924;2018-06-27;"quarta-feira";"12:40:00";"GO";153;505;"APARECIDA DE GOIANIA";"Desobediência às normas de trânsito pelo condutor";"Colisão traseira";"Com Vítimas Feridas";"Pleno dia";"Decrescente";"Céu Claro";"Dupla";"Interseção de Vias";"Sim";2;0;1;0;1;0;1;2;-16,746172;-49,240765;"SPRF-GO";"DEL01-GO";"UOP01-DEL01-GO"
142926;2018-06-27;"quarta-feira";"12:40:00";"ES";101;295,2;"CARIACICA";"Falta de Atenção à Condução";"Queda de ocupante de veículo";"Com Vítimas Feridas";"Pleno dia";"Crescente";"Céu Claro";"Dupla";"Viaduto";"Não";2;0;2;0;0;0;2;1;-20,34591456;-40,40908813;"SPRF-ES";"DEL01-ES";"UOP01-DEL01-ES"
142927;2018-06-27;"quarta-feira";"09:05:00";"MG";116;269;"TEOFILO OTONI";"Defeito Mecânico no Veículo";"Incêndio";"Sem Vítimas";"Pleno dia";"Decrescente";"Céu Claro";"Simples";"Reta";"Não";1;0;0;0;1;0;0;1;-17,79870783;-41,49879456;"SPRF-MG";"DEL11-MG";"UOP01-DEL11-MG"
142928;2018-06-27;"quarta-feira";"13:08:00";"DF";20;0,5;"BRASILIA";"Falta de Atenção à Condução";"Colisão traseira";"Com Vítimas Feridas";"Pleno dia";"Decrescente";"Céu Claro";"Dupla";"Reta";"Não";5;0;1;0;4;0;1;3;-15,686917;-47,854255;"SPRF-DF";"DEL02-DF";"UOP01-DEL02-DF"
142929;2018-06-09;"sábado";"20:30:00";"MS";262;516;"AQUIDAUANA";"Ingestão de Álcool";"Tombamento";"Com Vítimas Feridas";"Plena Noite";"Crescente";"Céu Claro";"Simples";"Reta";"Não";1;0;0;1;0;0;1;1;-20,41294637;-56,06486857;"SPRF-MS";"DEL03-MS";"UOP01-DEL03-MS"
142930;2018-06-27;"quarta-feira";"13:05:00";"RJ";101;92,9;"CAMPOS DOS GOYTACAZES";"Defeito na Via";"Colisão com objeto estático";"Sem Vítimas";"Pleno dia";"Decrescente";"Nublado";"Dupla";"Curva";"Não";1;0;0;0;1;0;0;1;-21,859;-41,532;"SPRF-RJ";"DEL08-RJ";"UOP02-DEL08-RJ"
142932;2018-06-01;"sexta-feira";"10:54:00";"RS";448;8;"CANOAS";"Ultrapassagem Indevida";"Colisão com objeto estático";"Com Vítimas Feridas";"Pleno dia";"Crescente";"Nublado";"Dupla";"Reta";"Sim";1;0;1;0;0;0;1;1;-29,889404;-51,240623;"SPRF-RS";"DEL01-RS";"UOP02-DEL01-RS"
142933;2018-06-27;"quarta-feira";"12:10:00";"BA";324;511;"FEIRA DE SANTANA";"Falta de Atenção do Pedestre";"Atropelamento de Pedestre";"Com Vítimas Feridas";"Pleno dia";"Crescente";"Céu Claro";"Simples";"Reta";"Sim";2;0;1;0;0;1;1;2;-12,23112399;-38,96068454;"SPRF-BA";"DEL02-BA";"UOP01-DEL02-BA"
142934;2018-06-27;"quarta-feira";"13:20:00";"SC";101;203,1;"SAO JOSE";"Falta de Atenção à Condução";"Colisão transversal";"Com Vítimas Feridas";"Pleno dia";"Decrescente";"Nublado";"Dupla";"Rotatória";"Sim";3;0;2;0;1;0;2;2;-27,5742;-48,6134;"SPRF-SC";"DEL01-SC";"UOP01-DEL01-SC"
142935;2018-06-27;"quarta-feira";"11:30:00";"MG";116;529,5;"CARATINGA";"Não guardar distância de segurança";"Colisão traseira";"Com Vítimas Feridas";"Pleno dia";"Crescente";"Sol";"Simples";"Reta";"Sim";3;0;1;0;2;0;1;3;-19,793602;-42,137448;"SPRF-MG";"DEL06-MG";"UOP02-DEL06-MG"
142936;2018-06-27;"quarta-feira";"13:38:00";"PR";277;445,6;"LARANJEIRAS DO SUL";"Velocidade Incompatível";"Saída de leito carroçável";"Sem Vítimas";"Pleno dia";"Crescente";"Chuva";"Simples";"Curva";"Não";1;0;0;0;1;0;0;1;-25,37144385;-52,3277092;"SPRF-PR";"DEL04-PR";"UOP02-DEL04-PR"
142937;2018-06-27;"quarta-feira";"14:15:00";"SC";470;52,1;"BLUMENAU";"Desobediência às normas de trânsito pelo condutor";"Colisão transversal";"Com Vítimas Feridas";"Pleno dia";"Decrescente";"Nublado";"Simples";"Reta";"Sim";2;0;1;0;1;0;1;2;-26,85977278;-49,07587677;"SPRF-SC";"DEL04-SC";"UOP01-DEL04-SC"
142938;2018-06-27;"quarta-feira";"11:40:00";"SC";101;131,5;"BALNEARIO CAMBORIU";"Falta de Atenção à Condução";"Colisão transversal";"Com Vítimas Feridas";"Pleno dia";"Decrescente";"Nublado";"Simples";"Reta";"Sim";4;0;2;0;2;0;2;2;-26,9965;-48,6555;"SPRF-SC";"DEL04-SC";"UOP03-DEL04-SC"
142941;2018-06-27;"quarta-feira";"13:10:00";"SC";101;166;"TIJUCAS";"Falta de Atenção à Condução";"Colisão traseira";"Com Vítimas Feridas";"Pleno dia";"Decrescente";"Nublado";"Dupla";"Reta";"Não";2;0;1;0;1;0;1;2;-27,2686;-48,6316;"SPRF-SC";"DEL04-SC";"UOP03-DEL04-SC"
142942;2018-06-27;"quarta-feira";"14:00:00";"SP";116;148,1;"SAO JOSE DOS CAMPOS";"Falta de Atenção à Condução";"Colisão traseira";"Com Vítimas Feridas";"Pleno dia";"Decrescente";"Céu Claro";"Dupla";"Reta";"Sim";4;0;2;0;2;0;2;3;-23,20105942;-45,87963212;"SPRF-SP";"DEL02-SP";"UOP01-DEL02-SP"
142943;2018-06-27;"quarta-feira";"14:23:00";"SC";470;51,9;"BLUMENAU";"Desobediência às normas de trânsito pelo condutor";"Colisão transversal";"Com Vítimas Feridas";"Pleno dia";"Crescente";"Nublado";"Simples";"Curva";"Sim";2;0;1;0;1;0;1;2;-26,86022263;-49,07241312;"SPRF-SC";"DEL04-SC";"UOP01-DEL04-SC"
142946;2018-06-27;"quarta-feira";"14:35:00";"GO";40;12;"LUZIANIA";"Falta de Atenção do Pedestre";"Atropelamento de Pedestre";"Com Vítimas Fatais";"Pleno dia";"Crescente";"Céu Claro";"Dupla";"Reta";"Sim";2;1;0;0;1;0;0;2;-16,139669;-47,9502896;"SPRF-DF";"DEL01-DF";"UOP01-DEL01-DF"
142951;2018-06-27;"quarta-feira";"13:40:00";"MA";135;22,3;"SAO LUIS";"Falta de Atenção à Condução";"Colisão traseira";"Com Vítimas Feridas";"Pleno dia";"Decrescente";"Céu Claro";"Dupla";"Reta";"Sim";4;0;1;0;3;0;1;3;-2,53073;-44,3068;"SPRF-MA";"DEL01-MA";"UOP01-DEL01-MA"
142952;2018-06-27;"quarta-feira";"14:10:00";"SP";116;445,7;"REGISTRO";"Falta de Atenção à Condução";"Queda de ocupante de veículo";"Com Vítimas Feridas";"Pleno dia";"Crescente";"Céu Claro";"Dupla";"Reta";"Sim";1;0;1;0;0;0;1;1;-24,49967004;-47,84444151;"SPRF-SP";"DEL05-SP";"UOP01-DEL05-SP"
142953;2018-06-03;"domingo";"10:50:00";"PR";158;507,7;"PATO BRANCO";"Restrição de Visibilidade";"Saída de leito carroçável";"Com Vítimas Feridas";"Pleno dia";"Crescente";"Sol";"Simples";"Reta;Aclive";"Não";2;0;1;0;1;0;1;2;-26,11379911;-52,639575;"SPRF-PR";"DEL02-PR";"UOP01-DEL02-PR"
142957;2018-06-27;"quarta-feira";"15:20:00";"PR";369;178;"ROLANDIA";"Desobediência às normas de trânsito pelo condutor";"Colisão frontal";"Com Vítimas Feridas";"Pleno dia";"Crescente";"Céu Claro";"Dupla";"Reta";"Sim";3;0;0;3;0;0;3;2;-23,34229524;-51,38747508;"SPRF-PR";"DEL07-PR";"UOP01-DEL07-PR"
142958;2018-06-27;"quarta-feira";"15:30:00";"SC";470;66,5;"INDAIAL";"Desobediência às normas de trânsito pelo condutor";"Colisão lateral";"Com Vítimas Feridas";"Pleno dia";"Crescente";"Nublado";"Simples";"Reta";"Sim";2;0;1;0;0;1;1;2;-26,87022812;-49,21046466;"SPRF-SC";"DEL04-SC";"UOP01-DEL04-SC"
142959;2018-06-27;"quarta-feira";"12:40:00";"SP";459;31;"LORENA";"Falta de Atenção à Condução";"Colisão transversal";"Com Vítimas Feridas";"Pleno dia";"Decrescente";"Céu Claro";"Simples";"Reta";"Sim";2;0;1;0;1;0;1;2;-22,73272993;-45,09879191;"SPRF-SP";"DEL08-SP";"UOP03-DEL08-SP"
142960;2018-06-27;"quarta-feira";"00:00:00";"MG";50;141;"UBERABA";"Condutor Dormindo";"Saída de leito carroçável";"Com Vítimas Fatais";"Amanhecer";"Decrescente";"Céu Claro";"Dupla";"Reta";"Não";1;1;0;0;0;0;0;1;-19,4936;-48,0481;"SPRF-MG";"DEL13-MG";"UOP01-DEL13-MG"
142962;2018-06-27;"quarta-feira";"13:10:00";"SC";280;194,5;"MAFRA";"Falta de Atenção à Condução";"Saída de leito carroçável";"Com Vítimas Feridas";"Pleno dia";"Crescente";"Nublado";"Simples";"Curva";"Não";3;0;3;0;0;0;3;1;-26,180621;-50,020904;"SPRF-SC";"DEL06-SC";"UOP01-DEL06-SC"
142964;2018-06-27;"quarta-feira";"15:10:00";"PI";343;646;"JERUMENHA";"Avarias e/ou desgaste excessivo no pneu";"Saída de leito carroçável";"Com Vítimas Feridas";"Pleno dia";"Crescente";"Céu Claro";"Simples";"Reta";"Não";3;0;2;1;0;0;3;1;-7,043636;-43,420494;"SPRF-PI";"DEL03-PI";"UOP01-DEL03-PI"
142965;2018-06-27;"quarta-feira";"15:48:00";"PE";101;58,3;"RECIFE";"Pista Escorregadia";"Saída de leito carroçável";"Com Vítimas Feridas";"Amanhecer";"Decrescente";"Nublado";"Dupla";"Reta";"Não";1;0;1;0;0;0;1;1;-7,97451;-34,922;"SPRF-PE";"DEL01-PE";"UOP02-DEL01-PE"
142966;2018-06-15;"sexta-feira";"07:05:00";"SC";282;15,9;"PALHOCA";"Desobediência às normas de trânsito pelo condutor";"Colisão transversal";"Com Vítimas Feridas";"Pleno dia";"Crescente";"Nublado";"Simples";"Reta";"Sim";2;0;1;0;1;0;1;2;-27,65753114;-48,68136406;"SPRF-SC";"DEL01-SC";"UOP02-DEL01-SC"