"id";"data_inversa";"dia_semana";"horario";"uf";"br";"km";"municipio";"causa_acidente";"tipo_acidente";"classificacao_acidente";"fase_dia";"sentido_via";"condicao_metereologica";"tipo_pista";"tracado_via";"uso_solo";"pessoas";"mortos";"feridos_leves";"feridos_graves";"ilesos";"ignorados";"feridos";"veiculos";"latitude";"longitude";"regional";"delegacia";"uop"
142969;2018-06-27;"quarta-feira";"15:45:00";"PR";116;47;"CAMPINA GRANDE DO SUL";"Pista Escorregadia";"Colisão com objeto estático";"Sem Vítimas";"Pleno dia";"Decrescente";"Garoa/Chuvisco";"Dupla";"Curva";"Não";3;0;0;0;3;0;0;1;-25,210619;-48,897217;"SPRF-PR";"DEL01-PR";"UOP02-DEL01-PR"
142970;2018-06-27;"quarta-feira";"18:15:00";"CE";222;128,6;"ITAPAJE";"Ultrapassagem Indevida";"Colisão frontal";"Com Vítimas Fatais";"Plena Noite";"Crescente";"Céu Claro";"Simples";"Reta;Declive";"Não";4;1;0;1;1;1;1;2;-3,71215242;-39,63008881;"SPRF-CE";"DEL04-CE";"UOP03-DEL04-CE"
142971;2018-06-27;"quarta-feira";"18:45:00";"GO";60;103,7;"GOIANAPOLIS";"Ingestão de Álcool";"Colisão traseira";"Com Vítimas Feridas";"Plena Noite";"Crescente";"Céu Claro";"Dupla";"Reta;Declive";"Não";3;0;0;1;2;0;1;3;-16,41049123;-48,99531126;"SPRF-GO";"DEL02-GO";"UOP01-DEL02-GO"
142972;2018-06-27;"quarta-feira";"18:00:00";"MG";116;527;"CARATINGA";"Restrição de Visibilidade";"Tombamento";"Com Vítimas Feridas";"Plena Noite";"Decrescente";"Céu Claro";"Simples";"Reta";"Sim";3;0;2;0;1;0;2;2;-19,78253434;-42,13531494;"SPRF-MG";"DEL06-MG";"UOP02-DEL06-MG"
142975;2018-06-27;"quarta-feira";"18:00:00";"SP";116;203;"ARUJA";"Falta de Atenção à Condução";"Queda de ocupante de veículo";"Com Vítimas Feridas";"Plena Noite";"Decrescente";"Céu Claro";"Múltipla";"Reta";"Sim";1;0;1;0;0;0;1;1;-23,4103266;-46,35303497;"SPRF-SP";"DEL01-SP";"UOP02-DEL01-SP"
142977;2018-06-27;"quarta-feira";"17:30:00";"BA";101;874;"TEIXEIRA DE FREITAS";"Falta de Atenção do Pedestre";"Atropelamento de Pedestre";"Com Vítimas Fatais";"Anoitecer";"Crescente";"Nublado";"Simples";"Reta";"Sim";2;1;0;0;1;0;0;2;-17,5136;-39,7052;"SPRF-BA";"DEL09-BA";"UOP02-DEL09-BA"
142979;2018-06-27;"quarta-feira";"20:05:00";"PR";277;77;"SAO JOSE DOS PINHAIS";"Ingestão de Álcool";"Colisão traseira";"Com Vítimas Feridas";"Plena Noite";"Decrescente";"Nublado";"Dupla";"Reta";"Não";3;0;2;0;1;0;2;2;-25,53097949;-49,08639908;"SPRF-PR";"DEL01-PR";"UOP01-DEL01-PR"
142980;2018-06-27;"quarta-feira";"19:40:00";"TO";153;144,1;"ARAGUAINA";"Falta de Atenção à Condução";"Colisão traseira";"Com Vítimas Feridas";"Plena Noite";"Crescente";"Céu Claro";"Dupla";"Reta";"Sim";2;0;0;1;1;0;1;2;-7,19840464;-48,23780514;"SPRF-TO";"DEL02-TO";"UOP01-DEL02-TO"
142981;2018-06-27;"quarta-feira";"17:10:00";"RO";364;343,8;"JI-PARANA";"Ingestão de álcool e/ou substâncias psicoativas pelo pedestre";"Engavetamento";"Sem Vítimas";"Pleno dia";"Decrescente";"Céu Claro";"Múltipla";"Reta";"Sim";3;0;0;0;3;0;0;3;-10,878848;-61,944893;"SPRF-RO";"DEL02-RO";"UOP01-DEL02-RO"
142982;2018-06-27;"quarta-feira";"20:15:00";"CE";222;63,5;"SAO GONCALO DO AMARANTE";"Defeito na Via";"Capotamento";"Com Vítimas Feridas";"Plena Noite";"Decrescente";"Céu Claro";"Múltipla";"Reta";"Sim";1;0;0;1;0;0;1;1;-3,671778;-39,107288;"SPRF-CE";"DEL01-CE";"UOP03-DEL01-CE"
142983;2018-06-27;"quarta-feira";"18:15:00";"PR";158;523;"PATO BRANCO";"Não guardar distância de segurança";"Tombamento";"Com Vítimas Feridas";"Plena Noite";"Crescente";"Céu Claro";"Simples";"Reta";"Sim";1;0;1;0;0;0;1;1;-26,20228;-52,678215;"SPRF-PR";"DEL02-PR";"UOP01-DEL02-PR"
142985;2018-06-27;"quarta-feira";"19:35:00";"DF";70;13,7;"BRASILIA";"Ingestão de Álcool";"Capotamento";"Com Vítimas Feridas";"Plena Noite";"Crescente";"Céu Claro";"Dupla";"Rotatória";"Não";2;0;2;0;0;0;2;1;-15,79585657;-48,1725812;"SPRF-DF";"DEL01-DF";"UOP02-DEL03-DF"
142987;2018-06-27;"quarta-feira";"19:20:00";"MS";163;313,6;"RIO BRILHANTE";"Falta de Atenção à Condução";"Saída de leito carroçável";"Com Vítimas Feridas";"Plena Noite";"Decrescente";"Céu Claro";"Dupla";"Reta";"Não";1;0;1;0;0;0;1;1;-21,862498;-54,529692;"SPRF-MS";"DEL02-MS";"UOP02-DEL02-MS"
142988;2018-06-27;"quarta-feira";"19:00:00";"RJ";101;484;"ANGRA DOS REIS";"Ingestão de Álcool";"Saída de leito carroçável";"Com Vítimas Feridas";"Plena Noite";"Decrescente";"Nublado";"Simples";"Curva";"Não";1;0;1;0;0;0;1;1;-22,993499;-44,302649;"SPRF-RJ";"DEL03-RJ";"UOP03-DEL03-RJ"
142990;2018-06-27;"quarta-feira";"18:50:00";"SC";282;495,7;"XANXERE";"Desobediência às normas de trânsito pelo condutor";"Colisão traseira";"Com Vítimas Feridas";"Plena Noite";"Crescente";"Céu Claro";"Simples";"Reta";"Não";3;0;2;0;1;0;2;2;-26,87767458;-52,33011246;"SPRF-SC";"DEL07-SC";"UOP01-DEL07-SC"
142991;2018-06-27;"quarta-feira";"14:15:00";"PR";376;231,5;"APUCARANA";"Falta de Atenção à Condução";"Colisão transversal";"Com Vítimas Feridas";"Pleno dia";"Crescente";"Chuva";"Dupla";"Interseção de Vias";"Sim";4;0;1;2;1;0;3;2;-23,5668402;-51,5239799;"SPRF-PR";"DEL07-PR";"UOP03-DEL07-PR"
142992;2018-06-15;"sexta-feira";"11:15:00";"MS";163;259,6;"DOURADOS";"Mal Súbito";"Saída de leito carroçável";"Com Vítimas Feridas";"Pleno dia";"Decrescente";"Sol";"Dupla";"Reta";"Sim";2;0;1;1;0;0;2;1;-22,24836912;-54,77417082;"SPRF-MS";"DEL04-MS";"UOP01-DEL04-MS"
142994;2018-06-27;"quarta-feira";"19:35:00";"RS";116;407,6;"CAMAQUA";"Ingestão de Álcool";"Colisão traseira";"Com Vítimas Feridas";"Plena Noite";"Crescente";"Céu Claro";"Simples";"Reta";"Não";2;0;1;0;1;0;1;2;-30,902183;-51,863942;"SPRF-RS";"DEL02-RS";"UOP03-DEL02-RS"
142996;2018-06-27;"quarta-feira";"19:30:00";"MA";316;262;"SANTA INES";"Desobediência às normas de trânsito pelo condutor";"Colisão frontal";"Sem Vítimas";"Plena Noite";"Decrescente";"Céu Claro";"Simples";"Reta";"Sim";2;0;0;0;1;1;0;2;-3,675505;-45,380474;"SPRF-MA";"DEL02-MA";"UI04-DEL02-MA"
142998;2018-06-27;"quarta-feira";"15:55:00";"RJ";116;260;"BARRA MANSA";"Velocidade Incompatível";"Colisão com objeto estático";"Com Vítimas Feridas";"Pleno dia";"Crescente";"Céu Claro";"Dupla";"Curva";"Não";1;0;1;0;0;0;1;1;-22,560883;-44,122238;"SPRF-RJ";"DEL07-RJ";"UOP02-DEL07-RJ"
142999;2018-06-27;"quarta-feira";"20:50:00";"PR";369;186,6;"ARAPONGAS";"Desobediência às normas de trânsito pelo condutor";"Colisão transversal";"Com Vítimas Feridas";"Plena Noite";"Crescente";"Nublado";"Simples";"Reta";"Sim";2;0;0;1;1;0;1;2;-23,4103266;-51,4352417;"SPRF-PR";"DEL07-PR";"UOP03-DEL07-PR"
143000;2018-06-27;"quarta-feira";"20:40:00";"PE";232;294,3;"SERTANIA";"Condutor Dormindo";"Colisão com objeto estático";"Com Vítimas Feridas";"Plena Noite";"Decrescente";"Nublado";"Simples";"Reta";"Não";1;0;0;1;0;0;1;1;-8,283161;-37,38296628;"SPRF-PE";"DEL03-PE";"UOP02-DEL03-PE"
143001;2018-06-27;"quarta-feira";"14:20:00";"MG";381;265;"TIMOTEO";"Falta de Atenção à Condução";"Colisão transversal";"Com Vítimas Feridas";"Pleno dia";"Crescente";"Céu Claro";"Simples";"Reta";"Não";3;0;1;0;2;0;1;2;-19,53015588;-42,61912644;"SPRF-MG";"DEL03-MG";"UOP02-DEL03-MG"
143002;2018-06-27;"quarta-feira";"20:40:00";"SP";116;273;"TABOAO DA SERRA";"Falta de Atenção à Condução";"Colisão lateral";"Com Vítimas Feridas";"Plena Noite";"Decrescente";"Céu Claro";"Dupla";"Reta";"Não";3;0;2;0;0;1;2;2;-23,61723837;-46,79283142;"SPRF-SP";"DEL04-SP";"UOP01-DEL04-SP"
143003;2018-06-27;"quarta-feira";"17:10:00";"BA";242;870;"BARREIRAS";"Falta de Atenção à Condução";"Capotamento";"Com Vítimas Feridas";"Pleno dia";"Crescente";"Céu Claro";"Simples";"Reta";"Não";3;0;3;0;0;0;3;1;-12,075459;-45,67504;"SPRF-BA";"DEL10-BA";"UOP01-DEL10-BA"
143004;2018-06-27;"quarta-feira";"20:45:00";"SC";282;16;"PALHOCA";"Desobediência às normas de trânsito pelo condutor";"Colisão transversal";"Com Vítimas Feridas";"Plena Noite";"Crescente";"Nublado";"Simples";"Reta";"Sim";5;0;1;2;1;1;3;3;-27,658611;-48,681847;"SPRF-SC";"DEL01-SC";"UOP02-DEL01-SC"
143007;2018-06-27;"quarta-feira";"17:13:00";"SP";381;66,7;"MAIRIPORA";"Defeito na Via";"Colisão com objeto em movimento";"Sem Vítimas";"Pleno dia";"Crescente";"Sol";"Dupla";"Reta";"Sim";3;0;0;0;2;1;0;2;-23,330481;-46,577335;"SPRF-SP";"DEL03-SP";"DEL6/3-UOP03/SP"
143009;2018-06-27;"quarta-feira";"21:10:00";"ES";101;235;"FUNDAO";"Deficiência ou não Acionamento do Sistema de Iluminação/Sinalização do Veículo";"Colisão frontal";"Com Vítimas Fatais";"Plena Noite";"Decrescente";"Céu Claro";"Simples";"Reta";"Não";4;2;0;1;1;0;1;2;-19,937367;-40,406474;"SPRF-ES";"DEL02-ES";"UOP01-DEL02-ES"
143010;2018-05-22;"terça-feira";"18:30:00";"RS";285;291;"PASSO FUNDO";"Falta de Atenção do Pedestre";"Atropelamento de Pedestre";"Com Vítimas Feridas";"Plena Noite";"Crescente";"Céu Claro";"Dupla";"Interseção de Vias";"Sim";2;0;1;0;1;0;1;2;-28,23687629;-52,37384319;"SPRF-RS";"DEL08-RS";"UOP03-DEL08-RS"
143011;2018-02-02;"sexta-feira";"06:18:00";"RS";470;194;"BENTO GONCALVES";"Velocidade Incompatível";"Saída de leito carroçável";"Com Vítimas Feridas";"Amanhecer";"Decrescente";"Céu Claro";"Simples";"Curva";"Não";2;0;1;0;1;0;1;1;-29,051527;-51,581119;"SPRF-RS";"DEL06-RS";"UOP01-DEL06-RS"
143012;2018-06-27;"quarta-feira";"20:30:00";"MT";163;643;"LUCAS DO RIO VERDE";"Falta de Atenção à Condução";"Saída de leito carroçável";"Com Vítimas Feridas";"Plena Noite";"Crescente";"Céu Claro";"Simples";"Reta";"Não";1;0;1;0;0;0;1;1;-13,37926566;-56,08486176;"SPRF-MT";"DEL06-MT";"UOP01-DEL06-MT"
143014;2018-06-27;"quarta-feira";"20:25:00";"PB";230;36;"SANTA RITA";"Falta de Atenção à Condução";"Colisão lateral";"Com Vítimas Feridas";"Plena Noite";"Crescente";"Céu Claro";"Dupla";"Interseção de Vias";"Não";2;0;0;1;1;0;1;2;-7,1246;-34,9473;"SPRF-PB";"DEL01-PB";"UOP01-DEL01-PB"
143015;2018-06-27;"quarta-feira";"19:35:00";"PB";230;73,9;"SOBRADO";"Condutor Dormindo";"Saída de leito carroçável";"Sem Vítimas";"Plena Noite";"Decrescente";"Céu Claro";"Dupla";"Reta";"Não";1;0;0;0;1;0;0;1;-7,19074957;-35,26419103;"SPRF-PB";"DEL01-PB";"UOP03-DEL01-PB"
143018;2018-06-27;"quarta-feira";"22:00:00";"PA";316;8;"ANANINDEUA";"Desobediência às normas de trânsito pelo pedestre";"Queda de ocupante de veículo";"Com Vítimas Feridas";"Plena Noite";"Decrescente";"Céu Claro";"Dupla";"Reta";"Não";1;0;1;0;0;0;1;1;-1,366236;-48,367805;"SPRF-PA";"DEL01-PA";"DEL19/1-UOP05/PA"
143020;2018-06-27;"quarta-feira";"20:00:00";"MT";70;370;"CAMPO VERDE";"Falta de Atenção à Condução";"Colisão traseira";"Com Vítimas Feridas";"Plena Noite";"Decrescente";"Céu Claro";"Simples";"Reta";"Não";3;0;2;1;0;0;3;2;-15,481531;-55,03791;"SPRF-MT";"DEL05-MT";"UOP01-DEL05-MT"
143021;2018-06-27;"quarta-feira";"20:00:00";"RO";319;62;"PORTO VELHO";"Falta de Atenção à Condução";"Colisão lateral";"Sem Vítimas";"Plena Noite";"Crescente";"Céu Claro";"Dupla";"Retorno Regulamentado";"Sim";2;0;0;0;2;0;0;2;-8,75415847;-63,887043;"SPRF-RO";"DEL01-RO";"UOP01-DEL01-RO"
143023;2018-06-27;"quarta-feira";"18:30:00";"RO";364;426,8;"JARU";"Ingestão de Álcool";"Queda de ocupante de veículo";"Com Vítimas Feridas";"Anoitecer";"Crescente";"Céu Claro";"Simples";"Rotatória";"Sim";1;0;1;0;0;0;1;1;-10,42689781;-62,48818785;"SPRF-RO";"DEL03-RO";"UOP02-DEL03-RO"
143024;2018-06-27;"quarta-feira";"21:30:00";"RJ";40;118,2;"DUQUE DE CAXIAS";"Desobediência às normas de trânsito pelo pedestre";"Atropelamento de Pedestre";"Com Vítimas Fatais";"Plena Noite";"Crescente";"Céu Claro";"Múltipla";"Reta";"Sim";3;1;0;0;2;0;0;2;-22,6301334;-43,285336;"SPRF-RJ";"DEL01-RJ";"UOP01-DEL01-RJ"
143025;2018-06-27;"quarta-feira";"21:40:00";"ES";262;4;"CARIACICA";"Falta de Atenção à Condução";"Colisão traseira";"Sem Vítimas";"Plena Noite";"Crescente";"Céu Claro";"Dupla";"Reta";"Sim";3;0;0;0;2;1;0;3;-20,33627512;-40,37829113;"SPRF-ES";"DEL01-ES";"UOP01-DEL01-ES"
143026;2018-06-27;"quarta-feira";"20:50:00";"MA";230;2;"BARAO DE GRAJAU";"Animais na Pista";"Atropelamento de Animal";"Com Vítimas Feridas";"Plena Noite";"Crescente";"Céu Claro";"Simples";"Reta";"Não";2;0;1;0;1;0;1;1;-6,753782;-43,027554;"SPRF-PI";"DEL03-PI";"UOP01-DEL03-PI"
143027;2018-06-27;"quarta-feira";"18:30:00";"MS";262;184;"RIBAS DO RIO PARDO";"Defeito Mecânico no Veículo";"Tombamento";"Com Vítimas Feridas";"Plena Noite";"Crescente";"Céu Claro";"Simples";"Reta";"Não";2;0;2;0;0;0;2;1;-20,4385556;-52,8779416;"SPRF-MS";"DEL07-MS";"UOP02-DEL07-MS"
143029;2018-06-27;"quarta-feira";"19:30:00";"MS";267;483;"JARDIM";"Falta de Atenção à Condução";"Colisão transversal";"Com Vítimas Feridas";"Plena Noite";"Crescente";"Céu Claro";"Simples";"Reta";"Sim";3;0;2;0;1;0;2;2;-21,47894879;-56,16303205;"SPRF-MS";"DEL05-MS";"UOP01-DEL05-MS"
143034;2018-06-27;"quarta-feira";"22:29:00";"SP";116;156,4;"SAO JOSE DOS CAMPOS";"Ingestão de Álcool";"Capotamento";"Com Vítimas Feridas";"Plena Noite";"Crescente";"Nublado";"Dupla";"Reta";"Sim";1;0;1;0;0;0;1;1;-23,25104622;-45,93697071;"SPRF-SP";"DEL02-SP";"UOP01-DEL02-SP"
143036;2018-06-27;"quarta-feira";"21:40:00";"PI";343;347;"TERESINA";"Falta de Atenção à Condução";"Colisão traseira";"Com Vítimas Feridas";"Plena Noite";"Decrescente";"Céu Claro";"Dupla";"Reta";"Sim";3;0;3;0;0;0;3;2;-5,114822;-42,778355;"SPRF-PI";"DEL01-PI";"UOP01-DEL01-PI"
143037;2018-06-27;"quarta-feira";"23:30:00";"RS";158;324,4;"SANTA MARIA";"Desobediência às normas de trânsito pelo condutor";"Colisão transversal";"Com Vítimas Feridas";"Plena Noite";"Decrescente";"Nevoeiro/Neblina";"Simples";"Reta";"Sim";4;0;1;1;0;2;2;3;-29,697626;-53,788464;"SPRF-RS";"DEL09-RS";"UOP01-DEL09-RS"
143038;2018-06-27;"quarta-feira";"23:20:00";"RN";101;106,7;"PARNAMIRIM";"Ingestão de Álcool";"Colisão traseira";"Com Vítimas Feridas";"Plena Noite";"Crescente";"Céu Claro";"Dupla";"Interseção de Vias";"Sim";2;0;1;0;1;0;1;2;-5,91502072;-35,26251018;"SPRF-RN";"DEL01-RN";"UOP01-DEL01-RN"
143040;2018-06-27;"quarta-feira";"18:00:00";"MA";135;17;"SAO LUIS";"Falta de Atenção à Condução";"Colisão lateral";"Com Vítimas Feridas";"Plena Noite";"Decrescente";"Céu Claro";"Simples";"Reta";"Não";3;0;1;0;2;0;1;2;-2,56319695;-44,36178178;"SPRF-MA";"DEL01-MA";"UOP01-DEL01-MA"
143044;2018-06-27;"quarta-feira";"17:30:00";"MA";135;48,2;"BACABEIRA";"Falta de Atenção à Condução";"Colisão traseira";"Sem Vítimas";"Anoitecer";"Decrescente";"Nublado";"Dupla";"Reta";"Sim";2;0;0;0;2;0;0;2;-2,938687;-44,330666;"SPRF-MA";"DEL01-MA";"UOP01-DEL01-MA"
143045;2018-06-27;"quarta-feira";"23:40:00";"ES";101;90;"SAO MATEUS";"Falta de Atenção à Condução";"Colisão traseira";"Com Vítimas Feridas";"Plena Noite";"Decrescente";"Céu Claro";"Simples";"Reta";"Sim";4;0;1;0;3;0;1;2;-18,720545;-39,865883;"SPRF-ES";"DEL04-ES";"UOP02-DEL04-ES"
143046;2018-06-28;"quinta-feira";"00:30:00";"RN";304;51;"MOSSORO";"Defeito Mecânico no Veículo";"Incêndio";"Sem Vítimas";"Plena Noite";"Decrescente";"Céu Claro";"Simples";"Reta";"Não";1;0;0;0;1;0;0;1;-5,252;-37,309;"SPRF-RN";"DEL04-RN";"UOP01-DEL04-RN"
143047;2018-06-28;"quinta-feira";"00:40:00";"RN";101;109;"PARNAMIRIM";"Ingestão de Álcool";"Tombamento";"Com Vítimas Feridas";"Plena Noite";"Crescente";"Céu Claro";"Dupla";"Reta";"Sim";1;0;1;0;0;0;1;1;-5,93378323;-35,26491165;"SPRF-RN";"DEL01-RN";"UOP01-DEL01-RN"
143049;2018-06-28;"quinta-feira";"01:00:00";"PR";369;201;"APUCARANA";"Ingestão de Álcool";"Saída de leito carroçável";"Sem Vítimas";"Plena Noite";"Crescente";"Céu Claro";"Simples";"Reta";"Sim";1;0;0;0;1;0;0;1;-23,52873662;-51,47094727;"SPRF-PR";"DEL07-PR";"UOP03-DEL07-PR"
143050;2018-06-27;"quarta-feira";"23:40:00";"RO";435;115;"CEREJEIRAS";"Animais na Pista";"Atropelamento de Animal";"Sem Vítimas";"Plena Noite";"Decrescente";"Céu Claro";"Simples";"Reta";"Não";1;0;0;0;1;0;0;1;-13,188859;-60,73909;"SPRF-RO";"DEL04-RO";"UOP02-DEL04-RO"
143051;2018-06-27;"quarta-feira";"21:40:00";"PR";467;77,2;"TOLEDO";"Falta de Atenção à Condução";"Colisão traseira";"Com Vítimas Feridas";"Plena Noite";"Crescente";"Céu Claro";"Dupla";"Aclive";"Não";2;0;1;0;1;0;1;2;-24,76630229;-53,68866205;"SPRF-PR";"DEL04-PR";"UOP01-DEL04-PR"
143058;2018-06-27;"quarta-feira";"09:50:00";"PR";116;14;"CAMPINA GRANDE DO SUL";"Falta de Atenção à Condução";"Colisão com objeto estático";"Com Vítimas Feridas";"Pleno dia";"Decrescente";"Chuva";"Dupla";"Curva";"Não";1;0;1;0;0;0;1;1;-25,09860906;-48,67382169;"SPRF-PR";"DEL01-PR";"UOP02-DEL01-PR"
143060;2018-06-27;"quarta-feira";"19:55:00";"PR";116;70;"CAMPINA GRANDE DO SUL";"Ingestão de Álcool";"Colisão com objeto estático";"Sem Vítimas";"Plena Noite";"Crescente";"Nevoeiro/Neblina";"Dupla";"Reta";"Não";1;0;0;0;1;0;0;1;-25,338497;-49,03793;"SPRF-PR";"DEL01-PR";"UOP02-DEL01-PR"
143062;2018-06-28;"quinta-feira";"02:30:00";"MG";50;175,5;"UBERABA";"Condutor Dormindo";"Saída de leito carroçável";"Com Vítimas Feridas";"Plena Noite";"Crescente";"Céu Claro";"Dupla";"Reta";"Sim";1;0;1;0;0;0;1;1;-19,7793;-47,9608;"SPRF-MG";"DEL13-MG";"UOP01-DEL13-MG"
143063;2018-06-28;"quinta-feira";"04:20:00";"PE";101;47,3;"ABREU E LIMA";"Falta de Atenção à Condução";"Colisão com objeto estático";"Com Vítimas Feridas";"Amanhecer";"Decrescente";"Nublado";"Dupla";"Reta";"Sim";2;0;2;0;0;0;2;1;-7,8893;-34,9037;"SPRF-PE";"DEL01-PE";"UOP02-DEL01-PE"
143066;2018-06-28;"quinta-feira";"05:45:00";"RS";386;431,1;"NOVA SANTA RITA";"Ingestão de Álcool";"Saída de leito carroçável";"Com Vítimas Feridas";"Plena Noite";"Crescente";"Nevoeiro/Neblina";"Simples";"Reta";"Não";1;0;1;0;0;0;1;1;-29,83414994;-51,31257176;"SPRF-RS";"DEL04-RS";"UOP02-DEL04-RS"
143067;2018-06-28;"quinta-feira";"06:00:00";"PE";101;78;"JABOATAO DOS GUARARAPES";"Pista Escorregadia";"Tombamento";"Com Vítimas Feridas";"Pleno dia";"Crescente";"Nublado";"Dupla";"Reta";"Sim";1;0;1;0;0;0;1;1;-8,13969;-34,947085;"SPRF-PE";"DEL01-PE";"UOP01-DEL01-PE"
143069;2018-06-28;"quinta-feira";"06:00:00";"RJ";40;102;"DUQUE DE CAXIAS";"Falta de Atenção à Condução";"Atropelamento de Pedestre";"Com Vítimas Feridas";"Amanhecer";"Crescente";"Céu Claro";"Dupla";"Reta";"Sim";2;0;1;0;1;0;1;2;-22,60846859;-43,28494459;"SPRF-RJ";"DEL01-RJ";"UOP01-DEL01-RJ"
143070;2018-06-27;"quarta-feira";"07:40:00";"DF";40;6;"BRASILIA";"Não guardar distância de segurança";"Colisão traseira";"Com Vítimas Feridas";"Pleno dia";"Decrescente";"Céu Claro";"Dupla";"Reta";"Sim";4;0;1;0;1;2;1;3;-16,0298333;-47,9789333;"SPRF-DF";"DEL01-DF";"UOP01-DEL01-DF"
143071;2018-06-27;"quarta-feira";"15:00:00";"PR";476;194;"LAPA";"Falta de Atenção à Condução";"Capotamento";"Com Vítimas Feridas";"Pleno dia";"Decrescente";"Nublado";"Simples";"Reta";"Não";2;0;1;0;1;0;1;1;-25,74818774;-49,71971422;"SPRF-PR";"DEL01-PR";"UOP06-DEL01-PR"
143072;2018-06-28;"quinta-feira";"06:10:00";"ES";101;145,2;"LINHARES";"Falta de Atenção à Condução";"Colisão traseira";"Sem Vítimas";"Amanhecer";"Decrescente";"Céu Claro";"Dupla";"Reta";"Sim";2;0;0;0;2;0;0;2;-19,36325584;-40,06463885;"SPRF-ES";"DEL04-ES";"UOP01-DEL04-ES"
143073;2018-06-28;"quinta-feira";"06:15:00";"SP";116;209;"GUARULHOS";"Não guardar distância de segurança";"Colisão traseira";"Com Vítimas Feridas";"Amanhecer";"Crescente";"Céu Claro";"Múltipla";"Reta";"Sim";3;0;1;0;2;0;1;3;-23,42831218;-46,4102827;"SPRF-SP";"DEL01-SP";"UOP01-DEL01-SP"
143076;2018-06-28;"quinta-feira";"07:10:00";"PR";277;728,9;"FOZ DO IGUACU";"Falta de Atenção à Condução";"Atropelamento de Pedestre";"Com Vítimas Feridas";"Amanhecer";"Crescente";"Chuva";"Simples";"Curva";"Sim";2;0;1;0;1;0;1;2;-25,50760682;-54,58283544;"SPRF-PR";"DEL05-PR";"UOP03-DEL05-PR"
143077;2018-06-28;"quinta-feira";"06:50:00";"DF";40;5;"BRASILIA";"Condutor Dormindo";"Saída de leito carroçável";"Com Vítimas Feridas";"Pleno dia";"Crescente";"Céu Claro";"Dupla";"Reta";"Não";1;0;1;0;0;0;1;1;-16,020903;-47,980541;"SPRF-DF";"DEL01-DF";"UOP01-DEL01-DF"
143078;2018-06-28;"quinta-feira";"06:55:00";"PR";158;496;"CORONEL VIVIDA";"Desobediência às normas de trânsito pelo condutor";"Tombamento";"Com Vítimas Feridas";"Amanhecer";"Crescente";"Céu Claro";"Simples";"Curva";"Não";1;0;1;0;0;0;1;1;-25,976639;-52,565098;"SPRF-PR";"DEL02-PR";"UOP01-DEL02-PR"
143079;2018-06-28;"quinta-feira";"07:15:00";"ES";101;328,9;"GUARAPARI";"Velocidade Incompatível";"Saída de leito carroçável";"Com Vítimas Feridas";"Amanhecer";"Decrescente";"Céu Claro";"Simples";"Curva";"Não";3;0;1;0;0;2;1;2;-20,5853614;-40,496959;"SPRF-ES";"DEL03-ES";"UOP01-DEL03-ES"
143080;2018-06-28;"quinta-feira";"06:00:00";"RO";364;15;"VILHENA";"Condutor Dormindo";"Queda de ocupante de veículo";"Com Vítimas Feridas";"Pleno dia";"Crescente";"Céu Claro";"Dupla";"Rotatória";"Sim";1;0;0;1;0;0;1;1;-12,736713;-60,148098;"SPRF-RO";"DEL04-RO";"UOP01-DEL04-RO"
143081;2018-05-19;"sábado";"18:00:00";"SC";282;23;"PALHOCA";"Falta de Atenção à Condução";"Colisão transversal";"Com Vítimas Feridas";"Plena Noite";"Crescente";"Nublado";"Simples";"Reta";"Não";3;0;1;0;2;0;1;2;-27,687958;-48,736794;"SPRF-SC";"DEL01-SC";"UOP02-DEL01-SC"
143082;2018-06-28;"quinta-feira";"05:45:00";"MG";267;290,9;"BAEPENDI";"Falta de Atenção do Pedestre";"Atropelamento de Pedestre";"Com Vítimas Feridas";"Amanhecer";"Decrescente";"Céu Claro";"Simples";"Reta";"Não";2;0;1;0;1;0;1;2;-21,92349926;-44,81703043;"SPRF-MG";"DEL05-MG";"DEL5/4-UOP01/MG"
143085;2018-06-28;"quinta-feira";"08:05:00";"PR";476;122;"CURITIBA";"Velocidade Incompatível";"Colisão traseira";"Com Vítimas Feridas";"Pleno dia";"Crescente";"Céu Claro";"Múltipla";"Reta";"Sim";2;0;1;0;1;0;1;2;-25,385775;-49,203377;"SPRF-PR";"DEL01-PR";"UOP01-DEL01-PR"
143086;2018-06-28;"quinta-feira";"08:10:00";"GO";40;6,2;"VALPARAISO DE GOIAS";"Não guardar distância de segurança";"Colisão lateral";"Com Vítimas Feridas";"Pleno dia";"Decrescente";"Céu Claro";"Dupla";"Reta";"Não";1;0;1;0;0;0;1;1;-16,1023961;-47,9762964;"SPRF-DF";"DEL01-DF";"UOP01-DEL01-DF"
143088;2018-06-28;"quinta-feira";"08:10:00";"MG";50;177,5;"UBERABA";"Pista Escorregadia";"Tombamento";"Com Vítimas Feridas";"Pleno dia";"Crescente";"Céu Claro";"Simples";"Viaduto";"Sim";2;0;1;0;1;0;1;2;-19,779;-47,9413;"SPRF-MG";"DEL13-MG";"UOP01-DEL13-MG"
143090;2018-06-28;"quinta-feira";"07:15:00";"MG";40;517;"RIBEIRAO DAS NEVES";"Falta de Atenção à Condução";"Queda de ocupante de veículo";"Com Vítimas Feridas";"Pleno dia";"Crescente";"Céu Claro";"Dupla";"Reta";"Sim";1;0;1;0;0;0;1;1;-19,8351;-44,08;"SPRF-MG";"DEL01-MG";"UOP03-DEL01-MG"