"id";"data_inversa";"dia_semana";"horario";"uf";"br";"km";"municipio";"causa_acidente";"tipo_acidente";"classificacao_acidente";"fase_dia";"sentido_via";"condicao_metereologica";"tipo_pista";"tracado_via";"uso_solo";"pessoas";"mortos";"feridos_leves";"feridos_graves";"ilesos";"ignorados";"feridos";"veiculos";"latitude";"longitude";"regional";"delegacia";"uop"
143093;2018-06-28;"quinta-feira";"08:12:00";"PR";116;93,8;"SAO JOSE DOS PINHAIS";"Não guardar distância de segurança";"Queda de ocupante de veículo";"Com Vítimas Feridas";"Pleno dia";"Crescente";"Céu Claro";"Dupla";"Reta";"Não";1;0;1;0;0;0;1;1;-25,51982624;-49,13442135;"SPRF-PR";"DEL01-PR";"UOP01-DEL01-PR"
143096;2018-06-28;"quinta-feira";"08:25:00";"RO";364;239,2;"CACOAL";"Desobediência às normas de trânsito pelo condutor";"Colisão transversal";"Com Vítimas Feridas";"Pleno dia";"Crescente";"Céu Claro";"Simples";"Reta";"Sim";2;0;1;0;1;0;1;2;-11,433669;-61,463927;"SPRF-RO";"DEL02-RO";"UOP02-DEL02-RO"
143097;2018-01-27;"sábado";"07:30:00";"MG";50;81,2;"UBERLANDIA";"Ingestão de Álcool";"Saída de leito carroçável";"Com Vítimas Feridas";"Pleno dia";"Decrescente";"Céu Claro";"Dupla";"Viaduto";"Não";2;0;1;0;1;0;1;2;-18,97238612;-48,2144317;"SPRF-MG";"DEL15-MG";"UOP01-DEL15-MG"
143098;2018-06-28;"quinta-feira";"07:40:00";"PR";376;601;"CURITIBA";"Falta de Atenção à Condução";"Colisão lateral";"Com Vítimas Feridas";"Pleno dia";"Decrescente";"Nublado";"Dupla";"Reta";"Sim";2;0;1;0;1;0;1;2;-25,53779485;-49,31410789;"SPRF-PR";"DEL01-PR";"UOP06-DEL01-PR"
143100;2018-06-28;"quinta-feira";"09:15:00";"ES";101;116;"SOORETAMA";"Desobediência às normas de trânsito pelo condutor";"Colisão transversal";"Com Vítimas Feridas";"Pleno dia";"Decrescente";"Nublado";"Simples";"Interseção de Vias";"Não";2;0;1;0;1;0;1;2;-19,11792191;-40,06218195;"SPRF-ES";"DEL04-ES";"UOP01-DEL04-ES"
143101;2018-06-28;"quinta-feira";"08:40:00";"MG";40;532,8;"BELO HORIZONTE";"Defeito Mecânico no Veículo";"Incêndio";"Sem Vítimas";"Pleno dia";"Crescente";"Céu Claro";"Dupla";"Reta";"Sim";1;0;0;0;1;0;0;1;-19,92594915;-44,00998592;"SPRF-MG";"DEL01-MG";"UOP03-DEL01-MG"
143102;2018-06-28;"quinta-feira";"08:00:00";"CE";116;401,9;"UMARI";"Avarias e/ou desgaste excessivo no pneu";"Tombamento";"Com Vítimas Feridas";"Pleno dia";"Crescente";"Céu Claro";"Simples";"Reta";"Sim";2;0;0;2;0;0;2;1;-6,62504965;-38,83083344;"SPRF-CE";"DEL05-CE";"UOP01-DEL05-CE"
143103;2018-06-10;"domingo";"08:20:00";"PE";232;98;"BEZERROS";"Falta de Atenção à Condução";"Colisão lateral";"Com Vítimas Feridas";"Pleno dia";"Crescente";"Sol";"Dupla";"Reta";"Não";2;0;1;0;1;0;1;2;-8,236728;-35,734016;"SPRF-PE";"DEL01-PE";"UOP02-DEL02PE"
143105;2018-06-28;"quinta-feira";"08:45:00";"RO";364;11,8;"VILHENA";"Falta de Atenção à Condução";"Colisão transversal";"Com Vítimas Feridas";"Pleno dia";"Decrescente";"Céu Claro";"Dupla";"Reta";"Sim";2;0;0;1;1;0;1;2;-12,74605;-60,112728;"SPRF-RO";"DEL04-RO";"UOP01-DEL04-RO"
143108;2018-06-28;"quinta-feira";"09:00:00";"SE";235;21,5;"NOSSA SENHORA DO SOCORRO";"Pista Escorregadia";"Saída de leito carroçável";"Com Vítimas Feridas";"Pleno dia";"Crescente";"Nublado";"Simples";"Curva;Declive";"Não";1;0;1;0;0;0;1;1;-10,827477;-37,227757;"SPRF-SE";"DEL01-SE";"UOP01-DEL01-SE"
143109;2018-06-28;"quinta-feira";"10:05:00";"MG";381;456;"SANTA LUZIA";"Falta de Atenção à Condução";"Colisão transversal";"Com Vítimas Feridas";"Pleno dia";"Crescente";"Céu Claro";"Simples";"Reta";"Sim";3;0;0;1;1;1;1;3;-19,8251903;-43,833869;"SPRF-MG";"DEL01-MG";"UOP01-DEL01-MG"
143110;2018-06-28;"quinta-feira";"10:15:00";"DF";70;19,3;"BRASILIA";"Pista Escorregadia";"Tombamento";"Com Vítimas Feridas";"Pleno dia";"Decrescente";"Céu Claro";"Dupla";"Reta";"Não";1;0;1;0;0;0;1;1;-15,78959412;-48,22328355;"SPRF-DF";"DEL01-DF";"UOP02-DEL03-DF"
143111;2018-06-28;"quinta-feira";"10:20:00";"MG";153;245,8;"FRONTEIRA";"Velocidade Incompatível";"Saída de leito carroçável";"Com Vítimas Feridas";"Pleno dia";"Decrescente";"Céu Claro";"Simples";"Reta";"Não";2;0;2;0;0;0;2;1;-20,30349802;-49,20675516;"SPRF-MG";"DEL13-MG";"UOP02-DEL13-MG"
143114;2018-06-28;"quinta-feira";"11:00:00";"DF";20;6,9;"BRASILIA";"Falta de Atenção à Condução";"Colisão transversal";"Com Vítimas Feridas";"Pleno dia";"Crescente";"Céu Claro";"Dupla";"Reta;Retorno Regulamentado";"Sim";4;0;2;0;2;0;2;2;-15,665888;-47,808308;"SPRF-DF";"DEL02-DF";"UOP01-DEL02-DF"
143117;2018-06-28;"quinta-feira";"10:50:00";"ES";101;308,9;"VIANA";"Falta de Atenção à Condução";"Colisão traseira";"Com Vítimas Feridas";"Pleno dia";"Crescente";"Céu Claro";"Simples";"Reta";"Não";2;0;1;0;1;0;1;2;-20,41837557;-40,45975019;"SPRF-ES";"DEL03-ES";"UOP01-DEL03-ES"
143118;2018-06-28;"quinta-feira";"11:40:00";"RJ";116;120;"MAGE";"Falta de Atenção à Condução";"Saída de leito carroçável";"Com Vítimas Feridas";"Pleno dia";"Crescente";"Céu Claro";"Dupla";"Reta";"Não";1;0;1;0;0;0;1;1;-22,6469335;-43,0715538;"SPRF-RJ";"DEL04-RJ";"UOP02-DEL04-RJ"
143122;2018-06-28;"quinta-feira";"12:05:00";"MG";40;41,6;"PARACATU";"Falta de Atenção à Condução";"Colisão transversal";"Com Vítimas Feridas";"Pleno dia";"Decrescente";"Céu Claro";"Simples";"Rotatória";"Sim";5;0;1;0;1;3;1;3;-17,2154531;-46,86916709;"SPRF-MG";"DEL14-MG";"UOP01-DEL14-MG"
143125;2018-06-28;"quinta-feira";"12:25:00";"PR";277;114,3;"CAMPO LARGO";"Desobediência às normas de trânsito pelo condutor";"Colisão traseira";"Com Vítimas Feridas";"Pleno dia";"Decrescente";"Sol";"Múltipla";"Reta";"Sim";2;0;0;1;1;0;1;2;-25,44530913;-49,49797684;"SPRF-PR";"DEL01-PR";"UOP06-DEL01-PR"
143126;2018-06-28;"quinta-feira";"11:30:00";"RO";364;711;"PORTO VELHO";"Falta de Atenção à Condução";"Colisão traseira";"Com Vítimas Feridas";"Pleno dia";"Crescente";"Céu Claro";"Dupla";"Reta";"Não";2;0;1;0;1;0;1;2;-8,78158432;-63,86535197;"SPRF-RO";"DEL01-RO";"UOP01-DEL01-RO"
143128;2018-06-28;"quinta-feira";"08:45:00";"RJ";40;85;"PETROPOLIS";"Falta de Atenção à Condução";"Colisão com objeto estático";"Com Vítimas Feridas";"Pleno dia";"Crescente";"Céu Claro";"Simples";"Túnel";"Não";1;0;1;0;0;0;1;1;-22,53252668;-43,23349714;"SPRF-RJ";"DEL06-RJ";"UOP01-DEL06-RJ"
143129;2018-06-28;"quinta-feira";"12:58:00";"RJ";116;136;"DUQUE DE CAXIAS";"Falta de Atenção à Condução";"Atropelamento de Pedestre";"Com Vítimas Feridas";"Pleno dia";"Decrescente";"Sol";"Dupla";"Reta";"Sim";4;0;0;2;2;0;2;3;-22,6469765;-43,2150712;"SPRF-RJ";"DEL04-RJ";"UOP02-DEL04-RJ"
143130;2018-06-28;"quinta-feira";"12:45:00";"ES";101;379,4;"ICONHA";"Falta de Atenção à Condução";"Colisão traseira";"Com Vítimas Feridas";"Pleno dia";"Decrescente";"Céu Claro";"Simples";"Reta";"Não";2;0;0;1;1;0;1;2;-20,80265753;-40,82725525;"SPRF-ES";"DEL03-ES";"UOP01-DEL03-ES"
143131;2018-06-28;"quinta-feira";"13:00:00";"BA";324;607;"SIMOES FILHO";"Falta de Atenção à Condução";"Colisão traseira";"Sem Vítimas";"Pleno dia";"Decrescente";"Céu Claro";"Dupla";"Reta";"Não";2;0;0;0;2;0;0;2;-12,81558843;-38,40566039;"SPRF-BA";"DEL01-BA";"UOP01-DEL01-BA"
143132;2018-06-28;"quinta-feira";"12:50:00";"PB";230;16,8;"JOAO PESSOA";"Falta de Atenção à Condução";"Engavetamento";"Sem Vítimas";"Pleno dia";"Decrescente";"Sol";"Dupla";"Curva";"Sim";6;0;0;0;6;0;0;6;-7,11336227;-34,84219927;"SPRF-PB";"DEL01-PB";"UOP01-DEL01-PB"
143133;2018-06-28;"quinta-feira";"09:45:00";"SC";282;53,8;"AGUAS MORNAS";"Velocidade Incompatível";"Saída de leito carroçável";"Com Vítimas Feridas";"Pleno dia";"Crescente";"Nublado";"Simples";"Curva";"Não";2;0;1;0;1;0;1;1;-27,68512419;-48,97231752;"SPRF-SC";"DEL01-SC";"UOP03-DEL01-SC"
143135;2018-06-02;"sábado";"13:40:00";"PE";232;260,5;"ARCOVERDE";"Falta de Atenção à Condução";"Colisão frontal";"Com Vítimas Fatais";"Pleno dia";"Decrescente";"Sol";"Simples";"Reta";"Não";2;1;0;0;0;1;0;2;-8,40648;-37,120438;"SPRF-PE";"DEL03-PE";"UOP02-DEL03-PE"
143136;2018-06-28;"quinta-feira";"13:11:00";"MG";146;518,9;"POCOS DE CALDAS";"Condutor Dormindo";"Colisão frontal";"Com Vítimas Fatais";"Pleno dia";"Decrescente";"Céu Claro";"Simples";"Reta";"Sim";7;1;1;5;0;0;6;2;-21,807845;-46,483377;"SPRF-MG";"DEL09-MG";"UOP01-DEL09-MG"
143141;2018-06-28;"quinta-feira";"13:45:00";"SE";235;92,3;"FREI PAULO";"Falta de Atenção à Condução";"Colisão frontal";"Com Vítimas Feridas";"Pleno dia";"Decrescente";"Céu Claro";"Simples";"Reta";"Não";2;0;1;0;1;0;1;2;-10,46276753;-37,67137527;"SPRF-SE";"DEL01-SE";"UOP02-DEL01-SE"
143144;2018-06-28;"quinta-feira";"12:30:00";"MS";60;423,5;"SIDROLANDIA";"Falta de Atenção à Condução";"Colisão traseira";"Com Vítimas Feridas";"Pleno dia";"Decrescente";"Céu Claro";"Simples";"Reta";"Sim";2;0;1;0;1;0;1;2;-20,92091803;-54,95181084;"SPRF-MS";"DEL01-MS";"UOP04-DEL01-MS"
143145;2018-06-28;"quinta-feira";"12:50:00";"RJ";101;61;"CAMPOS DOS GOYTACAZES";"Desobediência às normas de trânsito pelo condutor";"Colisão transversal";"Com Vítimas Feridas";"Pleno dia";"Crescente";"Céu Claro";"Simples";"Interseção de Vias";"Sim";4;0;2;0;2;0;2;2;-21,726534;-41,32132;"SPRF-RJ";"DEL08-RJ";"UOP01-DEL08-RJ"
143146;2018-06-28;"quinta-feira";"14:22:00";"SC";282;3,1;"FLORIANOPOLIS";"Desobediência às normas de trânsito pelo condutor";"Colisão lateral";"Com Vítimas Feridas";"Pleno dia";"Decrescente";"Sol";"Dupla";"Reta";"Sim";3;0;1;0;2;0;1;3;-27,600384;-48,599705;"SPRF-SC";"DEL01-SC";"UOP01-DEL01-SC"
143147;2018-06-28;"quinta-feira";"14:20:00";"GO";60;93;"ANAPOLIS";"Falta de Atenção à Condução";"Colisão traseira";"Com Vítimas Feridas";"Pleno dia";"Decrescente";"Céu Claro";"Dupla";"Reta";"Sim";4;0;2;0;2;0;2;2;-16,3538;-48,9268;"SPRF-GO";"DEL02-GO";"UOP01-DEL02-GO"
143148;2018-06-28;"quinta-feira";"08:20:00";"SC";280;283,2;"IRINEOPOLIS";"Velocidade Incompatível";"Colisão com objeto estático";"Com Vítimas Feridas";"Pleno dia";"Crescente";"Céu Claro";"Simples";"Curva";"Não";1;0;1;0;0;0;1;1;-26,2939;-50,858276;"SPRF-SC";"DEL06-SC";"UOP04-DEL06-SC"
143150;2018-06-28;"quinta-feira";"14:30:00";"SC";101;232;"PALHOCA";"Mal Súbito";"Queda de ocupante de veículo";"Com Vítimas Feridas";"Pleno dia";"Decrescente";"Céu Claro";"Dupla";"Reta";"Não";1;0;0;1;0;0;1;1;-27,8032;-48,6381;"SPRF-SC";"DEL01-SC";"UOP02-DEL01-SC"
143151;2018-06-28;"quinta-feira";"15:00:00";"SC";101;120,7;"ITAJAI";"Velocidade Incompatível";"Saída de leito carroçável";"Com Vítimas Feridas";"Pleno dia";"Crescente";"Sol";"Simples";"Viaduto";"Sim";1;0;1;0;0;0;1;1;-26,91944878;-48,71080399;"SPRF-SC";"DEL04-SC";"UOP04-DEL04-SC"
143153;2018-06-12;"terça-feira";"01:00:00";"PB";104;164,2;"BARRA DE SANTANA";"Animais na Pista";"Saída de leito carroçável";"Com Vítimas Feridas";"Plena Noite";"Decrescente";"Nublado";"Simples";"Reta";"Não";5;0;4;0;1;0;4;2;-7,529933;-35,999794;"SPRF-PB";"DEL02-PB";"UOP03-DEL02-PB"
143156;2018-06-28;"quinta-feira";"15:15:00";"BA";116;416;"FEIRA DE SANTANA";"Falta de Atenção à Condução";"Colisão frontal";"Com Vítimas Feridas";"Pleno dia";"Crescente";"Céu Claro";"Simples";"Declive";"Sim";2;0;1;0;1;0;1;2;-12,09123845;-38,96917893;"SPRF-BA";"DEL02-BA";"UOP01-DEL02-BA"
143157;2018-06-06;"quarta-feira";"19:30:00";"PB";104;129,4;"CAMPINA GRANDE";"Ingestão de Álcool";"Atropelamento de Pedestre";"Com Vítimas Feridas";"Plena Noite";"Decrescente";"Ignorado";"Simples";"Reta";"Sim";2;0;1;0;0;1;1;2;-7,2851365;-35,88953611;"SPRF-PB";"DEL02-PB";"UOP01-DEL02-PB"
143158;2018-06-28;"quinta-feira";"15:00:00";"PR";476;135,3;"CURITIBA";"Desobediência às normas de trânsito pelo condutor";"Colisão lateral";"Com Vítimas Feridas";"Pleno dia";"Decrescente";"Céu Claro";"Múltipla";"Interseção de Vias";"Sim";3;0;2;0;1;0;2;2;-25,48578887;-49,26707268;"SPRF-PR";"DEL01-PR";"UOP07-DEL01-PR"
143159;2018-06-28;"quinta-feira";"15:40:00";"PE";232;69,3;"GRAVATA";"Falta de Atenção à Condução";"Queda de ocupante de veículo";"Com Vítimas Feridas";"Pleno dia";"Crescente";"Nublado";"Simples";"Reta";"Não";1;0;1;0;0;0;1;1;-8,17593686;-35,48566818;"SPRF-PE";"DEL01-PE";"UOP02-DEL02PE"
143161;2018-05-31;"quinta-feira";"16:10:00";"RS";290;101,7;"PORTO ALEGRE";"Avarias e/ou desgaste excessivo no pneu";"Queda de ocupante de veículo";"Com Vítimas Feridas";"Pleno dia";"Crescente";"Garoa/Chuvisco";"Dupla";"Reta";"Sim";2;0;2;0;0;0;2;1;-29,985779;-51,246201;"SPRF-RS";"DEL01-RS";"UOP01-DEL01-RS"
143164;2018-06-28;"quinta-feira";"16:10:00";"PE";110;110,4;"SERTANIA";"Falta de Atenção à Condução";"Colisão transversal";"Com Vítimas Fatais";"Pleno dia";"Decrescente";"Céu Claro";"Simples";"Curva";"Não";4;1;0;0;0;3;0;3;-8,419475;-37,392643;"SPRF-PE";"DEL03-PE";"UOP02-DEL03-PE"
143166;2018-06-28;"quinta-feira";"14:40:00";"RS";158;357,7;"DILERMANDO DE AGUIAR";"Falta de Atenção à Condução";"Saída de leito carroçável";"Com Vítimas Feridas";"Pleno dia";"Decrescente";"Chuva";"Simples";"Reta";"Não";1;0;1;0;0;0;1;1;-29,768925;-54,082909;"SPRF-RS";"DEL09-RS";"UOP01-DEL09-RS"
143167;2018-06-28;"quinta-feira";"16:15:00";"SC";101;359;"SANGAO";"Desobediência às normas de trânsito pelo condutor";"Colisão transversal";"Com Vítimas Feridas";"Pleno dia";"Decrescente";"Garoa/Chuvisco";"Múltipla";"Interseção de Vias";"Sim";2;0;0;1;1;0;1;2;-28,6532;-49,1067;"SPRF-SC";"DEL02-SC";"UOP01-DEL02-SC"
143168;2018-06-28;"quinta-feira";"16:20:00";"MG";381;332;"NOVA ERA";"Falta de Atenção à Condução";"Colisão lateral";"Com Vítimas Feridas";"Pleno dia";"Crescente";"Céu Claro";"Simples";"Reta";"Não";2;0;1;0;1;0;1;2;-19,7784;-43,0437;"SPRF-MG";"DEL03-MG";"UOP01-DEL03-MG"
143175;2018-06-28;"quinta-feira";"16:50:00";"PR";277;471,8;"NOVA LARANJEIRAS";"Desobediência às normas de trânsito pelo condutor";"Colisão transversal";"Com Vítimas Feridas";"Pleno dia";"Crescente";"Garoa/Chuvisco";"Simples";"Interseção de Vias";"Sim";3;0;1;0;2;0;1;2;-25,307102;-52,542969;"SPRF-PR";"DEL04-PR";"UOP02-DEL04-PR"
143176;2018-06-28;"quinta-feira";"16:55:00";"SC";101;134,3;"BALNEARIO CAMBORIU";"Falta de Atenção à Condução";"Colisão lateral";"Com Vítimas Feridas";"Pleno dia";"Crescente";"Nublado";"Simples";"Interseção de Vias";"Sim";2;0;1;0;1;0;1;2;-27,0049;-48,6266;"SPRF-SC";"DEL04-SC";"UOP03-DEL04-SC"
143177;2018-06-28;"quinta-feira";"10:00:00";"PE";428;94,5;"SANTA MARIA DA BOA VISTA";"Falta de Atenção do Pedestre";"Atropelamento de Pedestre";"Com Vítimas Feridas";"Pleno dia";"Crescente";"Sol";"Simples";"Interseção de Vias";"Não";3;0;0;1;2;0;1;2;-8,81247507;-39,91539001;"SPRF-PE";"DEL06-PE";"UOP03-DEL06-PE"
143178;2018-06-28;"quinta-feira";"17:00:00";"SP";116;110,9;"TAUBATE";"Avarias e/ou desgaste excessivo no pneu";"Tombamento";"Com Vítimas Feridas";"Pleno dia";"Crescente";"Céu Claro";"Dupla";"Reta";"Sim";2;0;1;0;1;0;1;1;-23,034126;-45,5527;"SPRF-SP";"DEL06-SP";"UOP01-DEL06-SP"
143179;2018-05-23;"quarta-feira";"10:00:00";"RO";364;709;"PORTO VELHO";"Falta de Atenção à Condução";"Atropelamento de Pedestre";"Com Vítimas Feridas";"Pleno dia";"Decrescente";"Céu Claro";"Dupla";"Reta";"Sim";2;0;0;1;1;0;1;2;-8,77542919;-63,87624074;"SPRF-RO";"DEL01-RO";"UOP01-DEL01-RO"
143180;2018-06-28;"quinta-feira";"17:30:00";"SP";381;69,5;"MAIRIPORA";"Velocidade Incompatível";"Colisão com objeto estático";"Com Vítimas Feridas";"Anoitecer";"Decrescente";"Céu Claro";"Dupla";"Curva";"Não";1;0;1;0;0;0;1;1;-23,34993918;-46,5602347;"SPRF-SP";"DEL03-SP";"DEL6/3-UOP03/SP"
143181;2018-06-28;"quinta-feira";"16:25:00";"RO";174;14,7;"VILHENA";"Ingestão de Álcool";"Atropelamento de Pedestre";"Com Vítimas Feridas";"Pleno dia";"Decrescente";"Céu Claro";"Dupla";"Reta";"Sim";2;0;1;0;1;0;1;2;-12,733067;-60,12981;"SPRF-RO";"DEL04-RO";"UOP01-DEL04-RO"
143182;2018-06-28;"quinta-feira";"17:15:00";"PR";163;7,9;"BARRACAO";"Desobediência às normas de trânsito pelo condutor";"Colisão lateral";"Com Vítimas Feridas";"Pleno dia";"Crescente";"Chuva";"Dupla";"Reta";"Sim";3;0;1;0;1;1;1;2;-26,25711759;-53,62228811;"SPRF-PR";"DEL02-PR";"UOP02-DEL02-PR"
143183;2018-06-28;"quinta-feira";"13:00:00";"PR";153;126,2;"VENTANIA";"Falta de Atenção do Pedestre";"Saída de leito carroçável";"Com Vítimas Feridas";"Pleno dia";"Decrescente";"Céu Claro";"Simples";"Curva";"Não";2;0;2;0;0;0;2;1;-23,97354816;-50,23299649;"SPRF-PR";"DEL07-PR";"UOP04-DEL07-PR"
143187;2018-06-28;"quinta-feira";"13:15:00";"MG";356;265,5;"MURIAE";"Falta de Atenção à Condução";"Colisão transversal";"Com Vítimas Feridas";"Pleno dia";"Crescente";"Sol";"Simples";"Interseção de Vias";"Sim";2;0;1;0;1;0;1;2;-21,12726341;-42,36919072;"SPRF-MG";"DEL07-MG";"UOP02-DEL07-MG"
143188;2018-06-28;"quinta-feira";"17:30:00";"SC";470;67;"INDAIAL";"Desobediência às normas de trânsito pelo condutor";"Colisão transversal";"Com Vítimas Feridas";"Anoitecer";"Decrescente";"Nublado";"Simples";"Reta";"Sim";2;0;1;0;1;0;1;2;-26,872158;-49,23127;"SPRF-SC";"DEL04-SC";"UOP01-DEL04-SC"
143189;2018-06-28;"quinta-feira";"17:00:00";"PB";230;7;"CABEDELO";"Falta de Atenção à Condução";"Colisão traseira";"Com Vítimas Feridas";"Anoitecer";"Decrescente";"Céu Claro";"Dupla";"Reta";"Sim";2;0;1;0;1;0;1;2;-7,0278919;-34,8388916;"SPRF-PB";"DEL01-PB";"UOP01-DEL01-PB"
143190;2018-06-28;"quinta-feira";"17:47:00";"DF";20;9,8;"BRASILIA";"Falta de Atenção à Condução";"Colisão traseira";"Sem Vítimas";"Anoitecer";"Decrescente";"Céu Claro";"Dupla";"Reta";"Sim";2;0;0;0;2;0;0;2;-15,650731;-47,775389;"SPRF-DF";"DEL02-DF";"UOP01-DEL02-DF"
143195;2018-06-28;"quinta-feira";"18:15:00";"GO";60;62,2;"ABADIANIA";"Falta de Atenção do Pedestre";"Atropelamento de Pedestre";"Com Vítimas Feridas";"Anoitecer";"Decrescente";"Céu Claro";"Dupla";"Reta";"Não";2;0;0;1;1;0;1;2;-16,192179;-48,726192;"SPRF-GO";"DEL02-GO";"UOP01-DEL02-GO"
143199;2018-06-28;"quinta-feira";"18:10:00";"SC";101;320,6;"PESCARIA BRAVA";"Desobediência às normas de trânsito pelo condutor";"Colisão frontal";"Com Vítimas Feridas";"Plena Noite";"Decrescente";"Nublado";"Simples";"Reta";"Sim";2;0;1;0;1;0;1;2;-28,42605241;-48,88972141;"SPRF-SC";"DEL02-SC";"UOP01-DEL02-SC"
143201;2018-06-28;"quinta-feira";"14:40:00";"MG";381;216,3;"BELO ORIENTE";"Velocidade Incompatível";"Saída de leito carroçável";"Com Vítimas Feridas";"Pleno dia";"Crescente";"Céu Claro";"Simples";"Reta";"Não";2;0;1;0;0;1;1;2;-19,24118356;-42,33469963;"SPRF-MG";"DEL06-MG";"UOP01-DEL06-MG"
143202;2018-06-28;"quinta-feira";"17:28:00";"RN";101;99,7;"NATAL";"Falta de Atenção à Condução";"Colisão lateral";"Com Vítimas Feridas";"Anoitecer";"Crescente";"Céu Claro";"Múltipla";"Reta";"Sim";2;0;1;0;1;0;1;2;-5,878904;-35,224847;"SPRF-RN";"DEL01-RN";"UOP01-DEL01-RN"
143203;2018-06-28;"quinta-feira";"18:10:00";"ES";101;260,7;"SERRA";"Desobediência às normas de trânsito pelo condutor";"Colisão transversal";"Com Vítimas Feridas";"Plena Noite";"Crescente";"Céu Claro";"Simples";"Curva";"Não";3;0;2;1;0;0;3;2;-20,14765654;-40,28098583;"SPRF-ES";"DEL02-ES";"UOP01-DEL02-ES"
143205;2018-06-28;"quinta-feira";"16:10:00";"MT";174;113;"CACERES";"Ultrapassagem Indevida";"Tombamento";"Com Vítimas Feridas";"Pleno dia";"Decrescente";"Céu Claro";"Simples";"Reta";"Não";1;0;1;0;0;0;1;1;-15,81585679;-57,98630923;"SPRF-MT";"DEL03-MT";"UOP01-DEL03-MT"
143206;2018-06-28;"quinta-feira";"17:50:00";"MA";222;673;"ACAILANDIA";"Falta de Atenção à Condução";"Colisão transversal";"Com Vítimas Feridas";"Pleno dia";"Decrescente";"Céu Claro";"Simples";"Declive";"Sim";3;0;0;1;1;1;1;3;-4,939591;-47,462879;"SPRF-MA";"DEL04-MA";"UOP03-DEL04-MA"
143208;2018-06-28;"quinta-feira";"18:40:00";"SC";101;201,8;"SAO JOSE";"Animais na Pista";"Atropelamento de Animal";"Com Vítimas Feridas";"Plena Noite";"Decrescente";"Céu Claro";"Dupla";"Reta";"Sim";1;0;1;0;0;0;1;1;-27,5572;-48,6188;"SPRF-SC";"DEL01-SC";"UOP01-DEL01-SC"
143209;2018-06-28;"quinta-feira";"19:25:00";"SP";381;85,7;"SAO PAULO";"Falta de Atenção à Condução";"Queda de ocupante de veículo";"Com Vítimas Feridas";"Plena Noite";"Decrescente";"Céu Claro";"Dupla";"Reta";"Sim";1;0;1;0;0;0;1;1;-23,45568409;-46,57121622;"SPRF-SP";"DEL03-SP";"DEL6/3-UOP03/SP"
143211;2018-06-28;"quinta-feira";"18:45:00";"SC";101;146;"ITAPEMA";"Falta de Atenção à Condução";"Colisão traseira";"Sem Vítimas";"Plena Noite";"Crescente";"Nublado";"Simples";"Interseção de Vias";"Sim";2;0;0;0;2;0;0;2;-27,0918;-48,6168;"SPRF-SC";"DEL04-SC";"UOP03-DEL04-SC"
143212;2018-06-28;"quinta-feira";"19:20:00";"TO";153;183,9;"NOVA OLINDA";"Falta de Atenção do Pedestre";"Atropelamento de Pedestre";"Com Vítimas Fatais";"Plena Noite";"Decrescente";"Céu Claro";"Simples";"Reta";"Não";2;1;0;0;1;0;0;2;-7,51244;-48,392116;"SPRF-TO";"DEL02-TO";"UOP01-DEL02-TO"
143214;2018-06-28;"quinta-feira";"18:10:00";"SC";470;54;"BLUMENAU";"Falta de Atenção à Condução";"Colisão transversal";"Com Vítimas Feridas";"Plena Noite";"Crescente";"Nublado";"Simples";"Reta";"Sim";2;0;1;0;1;0;1;2;-26,871065;-49,110374;"SPRF-SC";"DEL04-SC";"UOP01-DEL04-SC"
143217;2018-06-28;"quinta-feira";"18:55:00";"MG";116;523,9;"CARATINGA";"Falta de Atenção à Condução";"Colisão transversal";"Com Vítimas Feridas";"Plena Noite";"Crescente";"Nublado";"Simples";"Reta";"Não";4;0;1;1;1;1;2;3;-19,746672;-42,132798;"SPRF-MG";"DEL06-MG";"UOP02-DEL06-MG"
143218;2018-06-28;"quinta-feira";"19:30:00";"PR";116;133;"FAZENDA RIO GRANDE";"Falta de Atenção à Condução";"Saída de leito carroçável";"Sem Vítimas";"Plena Noite";"Crescente";"Céu Claro";"Dupla";"Reta";"Não";1;0;0;0;1;0;0;1;-25,70372207;-49,31791127;"SPRF-PR";"DEL01-PR";"UOP03-DEL01-PR"
143219;2018-06-28;"quinta-feira";"19:10:00";"GO";153;505,9;"APARECIDA DE GOIANIA";"Ingestão de Álcool";"Colisão transversal";"Com Vítimas Feridas";"Plena Noite";"Crescente";"Céu Claro";"Simples";"Interseção de Vias";"Sim";3;0;2;0;1;0;2;2;-16,7633;-49,24;"SPRF-GO";"DEL01-GO";"UOP01-DEL01-GO"
143220;2018-06-28;"quinta-feira";"19:30:00";"PR";476;117,3;"COLOMBO";"Falta de Atenção à Condução";"Colisão traseira";"Com Vítimas Feridas";"Plena Noite";"Decrescente";"Ignorado";"Dupla";"Reta";"Sim";2;0;1;0;1;0;1;2;-25,35104589;-49,17789459;"SPRF-PR";"DEL01-PR";"UOP01-DEL01-PR"
143223;2018-06-28;"quinta-feira";"20:25:00";"GO";153;505,9;"APARECIDA DE GOIANIA";"Falta de Atenção à Condução";"Colisão traseira";"Com Vítimas Feridas";"Plena Noite";"Crescente";"Céu Claro";"Dupla";"Reta";"Não";1;0;0;1;0;0;1;1;-16,7633;-49,24;"SPRF-GO";"DEL01-GO";"UOP01-DEL01-GO"