"id";"data_inversa";"dia_semana";"horario";"uf";"br";"km";"municipio";"causa_acidente";"tipo_acidente";"classificacao_acidente";"fase_dia";"sentido_via";"condicao_metereologica";"tipo_pista";"tracado_via";"uso_solo";"pessoas";"mortos";"feridos_leves";"feridos_graves";"ilesos";"ignorados";"feridos";"veiculos";"latitude";"longitude";"regional";"delegacia";"uop"
143225;2018-06-28;"quinta-feira";"20:20:00";"GO";60;122,5;"TEREZOPOLIS DE GOIAS";"Defeito Mecânico no Veículo";"Saída de leito carroçável";"Com Vítimas Feridas";"Plena Noite";"Crescente";"Ignorado";"Dupla";"Reta";"Não";1;0;0;1;0;0;1;1;-16,5112;-49,1185;"SPRF-GO";"DEL01-GO";"UOP01-DEL01-GO"
143226;2018-06-28;"quinta-feira";"19:20:00";"MT";70;281,3;"PRIMAVERA DO LESTE";"Falta de Atenção à Condução";"Queda de ocupante de veículo";"Com Vítimas Feridas";"Plena Noite";"Decrescente";"Céu Claro";"Simples";"Reta";"Sim";1;0;1;0;0;0;1;1;-15,567039;-54,305145;"SPRF-MT";"DEL05-MT";"UOP01-DEL05-MT"
143229;2018-06-28;"quinta-feira";"19:10:00";"MA";135;51,1;"BACABEIRA";"Falta de Atenção à Condução";"Colisão transversal";"Com Vítimas Feridas";"Plena Noite";"Crescente";"Céu Claro";"Múltipla";"Reta";"Sim";6;0;1;0;1;4;1;2;-2,97291305;-44,31700766;"SPRF-MA";"DEL01-MA";"UOP02-DEL01-MA"
143231;2018-06-28;"quinta-feira";"20:50:00";"RJ";116;163;"RIO DE JANEIRO";"Deficiência ou não Acionamento do Sistema de Iluminação/Sinalização do Veículo";"Colisão traseira";"Com Vítimas Feridas";"Plena Noite";"Crescente";"Céu Claro";"Múltipla";"Reta";"Sim";4;0;3;0;1;0;3;2;-22,802729;-43,290424;"SPRF-RJ";"DEL01-RJ";"UOP01-DEL01-RJ"
143232;2018-06-28;"quinta-feira";"19:10:00";"MG";262;477;"BOM DESPACHO";"Desobediência às normas de trânsito pelo condutor";"Colisão frontal";"Com Vítimas Feridas";"Plena Noite";"Crescente";"Céu Claro";"Simples";"Reta";"Sim";2;0;1;0;1;0;1;2;-19,78538129;-45,25324345;"SPRF-MG";"DEL08-MG";"UOP03-DEL08-MG"
143233;2018-06-28;"quinta-feira";"19:40:00";"RO";364;515;"ARIQUEMES";"Ingestão de Álcool";"Colisão frontal";"Com Vítimas Feridas";"Plena Noite";"Decrescente";"Céu Claro";"Simples";"Reta";"Sim";2;0;1;0;1;0;1;2;-9,924994;-63,054909;"SPRF-RO";"DEL03-RO";"UOP01-DEL03-RO"
143234;2018-06-28;"quinta-feira";"18:15:00";"PA";316;9;"MARITUBA";"Não guardar distância de segurança";"Colisão traseira";"Com Vítimas Feridas";"Anoitecer";"Crescente";"Garoa/Chuvisco";"Dupla";"Reta";"Sim";3;0;1;0;2;0;1;2;-1,366236;-48,367805;"SPRF-PA";"DEL01-PA";"DEL19/1-UOP05/PA"
143235;2018-06-28;"quinta-feira";"21:25:00";"BA";116;426,5;"FEIRA DE SANTANA";"Animais na Pista";"Atropelamento de Animal";"Com Vítimas Feridas";"Plena Noite";"Crescente";"Céu Claro";"Simples";"Reta";"Sim";2;0;2;0;0;0;2;1;-12,25930697;-38,98956656;"SPRF-BA";"DEL02-BA";"UOP01-DEL02-BA"
143237;2018-06-28;"quinta-feira";"13:10:00";"RJ";495;23;"PETROPOLIS";"Falta de Atenção à Condução";"Tombamento";"Com Vítimas Feridas";"Pleno dia";"Decrescente";"Chuva";"Simples";"Reta";"Sim";2;0;1;0;1;0;1;1;-22,405434;-43,089981;"SPRF-RJ";"DEL06-RJ";"UOP02-DEL05-RJ"
143238;2018-06-12;"terça-feira";"18:20:00";"RS";470;176;"VERANOPOLIS";"Falta de Atenção à Condução";"Colisão transversal";"Com Vítimas Feridas";"Plena Noite";"Crescente";"Céu Claro";"Simples";"Curva";"Sim";2;0;0;1;1;0;1;2;-28,92892554;-51,54284949;"SPRF-RS";"DEL06-RS";"UOP02-DEL06-RS"
143239;2018-06-28;"quinta-feira";"20:15:00";"SP";153;217,8;"MARILIA";"Falta de Atenção à Condução";"Saída de leito carroçável";"Sem Vítimas";"Plena Noite";"Decrescente";"Céu Claro";"Simples";"Reta";"Não";1;0;0;0;1;0;0;1;-21,97052;-49,919357;"SPRF-SP";"DEL07-SP";"UOP02-DEL07-SP"
143240;2018-06-28;"quinta-feira";"20:40:00";"PR";369;502,5;"CORBELIA";"Velocidade Incompatível";"Colisão com objeto estático";"Com Vítimas Feridas";"Plena Noite";"Decrescente";"Céu Claro";"Simples";"Desvio Temporário;Em Obras";"Sim";1;0;1;0;0;0;1;1;-24,801;-53,2905;"SPRF-PR";"DEL04-PR";"UOP03-DEL04-PR"
143243;2018-06-28;"quinta-feira";"20:10:00";"BA";242;394;"SEABRA";"Falta de Atenção à Condução";"Capotamento";"Com Vítimas Feridas";"Plena Noite";"Crescente";"Chuva";"Simples";"Reta";"Não";5;0;3;0;2;0;3;2;-12,42894911;-41,7821002;"SPRF-BA";"DEL10-BA";"UOP03-DEL06-BA"
143247;2018-06-28;"quinta-feira";"21:05:00";"MG";381;853,5;"POUSO ALEGRE";"Velocidade Incompatível";"Colisão traseira";"Com Vítimas Feridas";"Plena Noite";"Decrescente";"Céu Claro";"Dupla";"Reta;Aclive";"Não";3;0;2;0;0;1;2;2;-22,26896261;-45,8919847;"SPRF-MG";"DEL16-MG";"UOP01-DEL16-MG"
143248;2018-06-28;"quinta-feira";"20:15:00";"RJ";101;406;"ITAGUAI";"Falta de Atenção do Pedestre";"Atropelamento de Pedestre";"Com Vítimas Fatais";"Plena Noite";"Decrescente";"Vento";"Dupla";"Reta";"Sim";2;1;1;0;0;0;1;2;-22,873742;-43,811125;"SPRF-RJ";"DEL03-RJ";"UOP01-DEL03-RJ"
143250;2018-06-28;"quinta-feira";"22:00:00";"CE";116;3;"FORTALEZA";"Velocidade Incompatível";"Colisão com objeto estático";"Sem Vítimas";"Plena Noite";"Crescente";"Céu Claro";"Simples";"Viaduto";"Sim";1;0;0;0;1;0;0;1;-3,7874;-38,5109;"SPRF-CE";"DEL01-CE";"UOP02-DEL01-CE"
143258;2018-06-28;"quinta-feira";"19:00:00";"MT";158;380;"RIBEIRAO CASCALHEIRA";"Falta de Atenção à Condução";"Queda de ocupante de veículo";"Com Vítimas Feridas";"Plena Noite";"Crescente";"Céu Claro";"Simples";"Reta";"Não";1;0;1;0;0;0;1;1;-12,54377823;-51,78251266;"SPRF-MT";"DEL07-MT";"UOP02-DEL07-MT"
143259;2018-06-29;"sexta-feira";"00:45:00";"SP";101;51,5;"UBATUBA";"Velocidade Incompatível";"Colisão com objeto estático";"Com Vítimas Feridas";"Plena Noite";"Decrescente";"Nublado";"Simples";"Rotatória";"Sim";2;0;1;0;1;0;1;1;-23,46247687;-45,06422818;"SPRF-SP";"DEL06-SP";"UOP01-DEL06-SP"
143262;2018-06-29;"sexta-feira";"01:20:00";"SP";116;196,9;"ARUJA";"Condutor Dormindo";"Capotamento";"Com Vítimas Feridas";"Plena Noite";"Crescente";"Nublado";"Dupla";"Reta";"Sim";2;0;2;0;0;0;2;1;-23,39608899;-46,29078627;"SPRF-SP";"DEL01-SP";"UOP02-DEL01-SP"
143267;2018-06-29;"sexta-feira";"02:30:00";"SC";101;111;"NAVEGANTES";"Avarias e/ou desgaste excessivo no pneu";"Saída de leito carroçável";"Sem Vítimas";"Plena Noite";"Decrescente";"Nevoeiro/Neblina";"Dupla";"Interseção de Vias";"Sim";1;0;0;0;1;0;0;1;-26,84259392;-48,71695697;"SPRF-SC";"DEL04-SC";"UOP04-DEL04-SC"
143268;2018-06-29;"sexta-feira";"02:15:00";"PE";101;148,2;"RIBEIRAO";"Animais na Pista";"Atropelamento de Animal";"Com Vítimas Feridas";"Plena Noite";"Crescente";"Chuva";"Dupla";"Reta";"Não";1;0;1;0;0;0;1;1;-8,4921;-35,3748;"SPRF-PE";"DEL01-PE";"UOP03-DEL01-PE"
143269;2018-06-29;"sexta-feira";"03:40:00";"PE";104;100,3;"CUPIRA";"Desobediência às normas de trânsito pelo condutor";"Saída de leito carroçável";"Com Vítimas Fatais";"Plena Noite";"Crescente";"Garoa/Chuvisco";"Simples";"Curva";"Não";2;1;1;0;0;0;1;1;-8,563684;-35,947582;"SPRF-PE";"DEL02-PE";"UOP01-DEL02-PE"
143271;2018-06-29;"sexta-feira";"05:00:00";"PR";376;628;"SAO JOSE DOS PINHAIS";"Animais na Pista";"Atropelamento de Animal";"Com Vítimas Feridas";"Plena Noite";"Crescente";"Nublado";"Dupla";"Reta";"Não";1;0;1;0;0;0;1;1;-25,68847855;-49,146394;"SPRF-PR";"DEL01-PR";"DEL7/1-UOP08/PR"
143273;2018-06-29;"sexta-feira";"05:40:00";"ES";393;0,1;"CACHOEIRO DE ITAPEMIRIM";"Ingestão de Álcool";"Colisão frontal";"Com Vítimas Feridas";"Amanhecer";"Crescente";"Céu Claro";"Simples";"Reta";"Sim";6;0;6;0;0;0;6;2;-20,84694092;-41,15289688;"SPRF-ES";"DEL03-ES";"UOP02-DEL03-ES"
143276;2018-06-28;"quinta-feira";"19:50:00";"RJ";116;170;"SAO JOAO DE MERITI";"Objeto estático sobre o leito carroçável";"Queda de ocupante de veículo";"Com Vítimas Feridas";"Plena Noite";"Crescente";"Céu Claro";"Dupla";"Reta";"Sim";1;0;1;0;0;0;1;1;-22,78061316;-43,39118958;"SPRF-RJ";"DEL01-RJ";"UOP02-DEL01-RJ"
143277;2018-06-29;"sexta-feira";"06:35:00";"PE";101;42;"IGARASSU";"Falta de Atenção à Condução";"Colisão lateral";"Com Vítimas Feridas";"Pleno dia";"Decrescente";"Garoa/Chuvisco";"Múltipla";"Aclive;Reta";"Sim";3;0;2;0;1;0;2;2;-7,8457;-34,9102;"SPRF-PE";"DEL01-PE";"UOP02-DEL01-PE"
143278;2018-06-29;"sexta-feira";"06:50:00";"DF";70;4;"BRASILIA";"Falta de Atenção à Condução";"Colisão lateral";"Com Vítimas Feridas";"Pleno dia";"Decrescente";"Céu Claro";"Dupla";"Reta";"Sim";3;0;1;0;2;0;1;2;-15,80042991;-48,0862999;"SPRF-DF";"DEL01-DF";"UOP02-DEL03-DF"
143281;2018-06-29;"sexta-feira";"06:00:00";"PE";232;101,1;"BEZERROS";"Falta de Atenção à Condução";"Colisão frontal";"Com Vítimas Feridas";"Pleno dia";"Crescente";"Nublado";"Simples";"Reta";"Sim";3;0;2;0;1;0;2;2;-8,24305888;-35,75294495;"SPRF-PE";"DEL01-PE";"UOP02-DEL02PE"
143282;2018-06-29;"sexta-feira";"07:00:00";"PA";316;6;"ANANINDEUA";"Falta de Atenção à Condução";"Engavetamento";"Sem Vítimas";"Pleno dia";"Crescente";"Céu Claro";"Dupla";"Reta";"Sim";3;0;0;0;3;0;0;3;-1,366236;-48,367805;"SPRF-PA";"DEL01-PA";"DEL19/1-UOP05/PA"
143283;2018-06-29;"sexta-feira";"07:05:00";"PR";163;196,9;"SANTA TEREZA DO OESTE";"Objeto estático sobre o leito carroçável";"Saída de leito carroçável";"Com Vítimas Feridas";"Amanhecer";"Crescente";"Céu Claro";"Dupla";"Curva";"Não";2;0;1;0;1;0;1;1;-25,02942267;-53,5477066;"SPRF-PR";"DEL04-PR";"UOP05-DEL05-PR"
143284;2018-06-29;"sexta-feira";"07:00:00";"RJ";40;113;"DUQUE DE CAXIAS";"Falta de Atenção à Condução";"Queda de ocupante de veículo";"Com Vítimas Feridas";"Pleno dia";"Crescente";"Céu Claro";"Múltipla";"Reta";"Não";1;0;1;0;0;0;1;1;-22,7192;-43,2896;"SPRF-RJ";"DEL01-RJ";"UOP01-DEL01-RJ"
143285;2018-06-29;"sexta-feira";"07:20:00";"PR";116;127,5;"FAZENDA RIO GRANDE";"Defeito Mecânico no Veículo";"Queda de ocupante de veículo";"Com Vítimas Feridas";"Pleno dia";"Decrescente";"Nevoeiro/Neblina";"Dupla";"Reta";"Sim";1;0;1;0;0;0;1;1;-25,64923491;-49,31237871;"SPRF-PR";"DEL01-PR";"UOP03-DEL01-PR"
143286;2018-06-29;"sexta-feira";"05:00:00";"SC";101;120,9;"ITAJAI";"Velocidade Incompatível";"Saída de leito carroçável";"Sem Vítimas";"Plena Noite";"Decrescente";"Nublado";"Dupla";"Curva";"Sim";1;0;0;0;0;1;0;1;-26,93056872;-48,70428836;"SPRF-SC";"DEL04-SC";"UOP04-DEL04-SC"
143289;2018-06-29;"sexta-feira";"07:45:00";"GO";153;496,5;"GOIANIA";"Não guardar distância de segurança";"Colisão traseira";"Sem Vítimas";"Pleno dia";"Crescente";"Sol";"Dupla";"Reta;Interseção de Vias;Viaduto";"Sim";2;0;0;0;2;0;0;2;-16,6776;-49,2314;"SPRF-GO";"DEL01-GO";"UOP01-DEL01-GO"
143290;2018-06-29;"sexta-feira";"08:00:00";"ES";262;3,7;"CARIACICA";"Falta de Atenção à Condução";"Colisão lateral";"Com Vítimas Feridas";"Pleno dia";"Decrescente";"Nublado";"Dupla";"Reta";"Sim";2;0;0;1;0;1;1;2;-20,33690101;-40,37166595;"SPRF-ES";"DEL01-ES";"UOP01-DEL01-ES"
143291;2018-06-29;"sexta-feira";"06:45:00";"RO";364;533;"ARIQUEMES";"Falta de Atenção à Condução";"Saída de leito carroçável";"Com Vítimas Feridas";"Pleno dia";"Decrescente";"Céu Claro";"Simples";"Curva";"Não";1;0;1;0;0;0;1;1;-9,771717;-63,092724;"SPRF-RO";"DEL03-RO";"UOP01-DEL03-RO"
143293;2018-06-29;"sexta-feira";"06:50:00";"SP";153;256,4;"MARILIA";"Avarias e/ou desgaste excessivo no pneu";"Queda de ocupante de veículo";"Com Vítimas Feridas";"Pleno dia";"Decrescente";"Sol";"Dupla";"Reta";"Sim";1;0;0;1;0;0;1;1;-22,231552;-49,919682;"SPRF-SP";"DEL07-SP";"UOP02-DEL07-SP"
143294;2018-06-29;"sexta-feira";"08:05:00";"GO";153;507,2;"APARECIDA DE GOIANIA";"Falta de Atenção à Condução";"Colisão lateral";"Com Vítimas Feridas";"Pleno dia";"Crescente";"Sol";"Dupla";"Reta";"Sim";2;0;1;0;1;0;1;2;-16,7715;-49,2387;"SPRF-GO";"DEL01-GO";"UOP03-DEL01-GO"
143296;2018-06-29;"sexta-feira";"08:00:00";"PR";476;121;"CURITIBA";"Falta de Atenção à Condução";"Colisão transversal";"Com Vítimas Feridas";"Pleno dia";"Crescente";"Céu Claro";"Múltipla";"Reta;Interseção de Vias;Declive";"Sim";3;0;2;0;1;0;2;2;-25,38579551;-49,20336988;"SPRF-PR";"DEL01-PR";"UOP01-DEL01-PR"
143297;2018-06-29;"sexta-feira";"08:20:00";"RN";101;99,1;"NATAL";"Desobediência às normas de trânsito pelo condutor";"Colisão transversal";"Com Vítimas Feridas";"Pleno dia";"Decrescente";"Céu Claro";"Dupla";"Reta";"Sim";4;0;1;0;3;0;1;2;-5,874027;-35,220756;"SPRF-RN";"DEL01-RN";"UOP01-DEL01-RN"
143298;2018-06-29;"sexta-feira";"08:50:00";"PE";232;5,8;"RECIFE";"Falta de Atenção à Condução";"Colisão traseira";"Com Vítimas Feridas";"Pleno dia";"Decrescente";"Chuva";"Dupla";"Reta";"Sim";2;0;1;0;1;0;1;2;-8,07034;-34,95142;"SPRF-PE";"DEL01-PE";"UOP01-DEL01-PE"
143299;2018-06-29;"sexta-feira";"06:50:00";"MT";364;274;"JACIARA";"Falta de Atenção do Pedestre";"Atropelamento de Pedestre";"Com Vítimas Feridas";"Pleno dia";"Crescente";"Céu Claro";"Dupla";"Reta";"Sim";2;0;1;0;1;0;1;2;-15,955702;-54,975105;"SPRF-MT";"DEL02-MT";"UOP02-DEL05-MT"
143303;2018-06-29;"sexta-feira";"09:00:00";"PB";230;22,2;"JOAO PESSOA";"Não guardar distância de segurança";"Tombamento";"Com Vítimas Feridas";"Pleno dia";"Decrescente";"Sol";"Dupla";"Reta";"Sim";1;0;0;1;0;0;1;1;-7,159503;-34,8592;"SPRF-PB";"DEL01-PB";"UOP01-DEL01-PB"
143304;2018-06-29;"sexta-feira";"08:10:00";"PR";277;725,6;"FOZ DO IGUACU";"Falta de Atenção à Condução";"Colisão lateral";"Com Vítimas Feridas";"Pleno dia";"Crescente";"Céu Claro";"Dupla";"Rotatória";"Sim";2;0;1;0;1;0;1;2;-25,51084092;-54,55038071;"SPRF-PR";"DEL05-PR";"UOP03-DEL05-PR"
143305;2018-06-29;"sexta-feira";"08:00:00";"BA";324;530;"FEIRA DE SANTANA";"Falta de Atenção à Condução";"Colisão com objeto estático";"Com Vítimas Feridas";"Pleno dia";"Crescente";"Chuva";"Dupla";"Curva";"Sim";1;0;0;1;0;0;1;1;-12,33868298;-38,84841746;"SPRF-BA";"DEL01-BA";"UOP01-DEL01-BA"
143306;2018-06-29;"sexta-feira";"09:10:00";"RS";116;149,7;"CAXIAS DO SUL";"Falta de Atenção à Condução";"Colisão lateral";"Com Vítimas Feridas";"Pleno dia";"Decrescente";"Nublado";"Dupla";"Reta";"Sim";2;0;1;0;1;0;1;2;-29,1639853;-51,15839113;"SPRF-RS";"DEL05-RS";"UOP01-DEL05-RS"
143311;2018-06-29;"sexta-feira";"09:00:00";"RJ";40;118;"DUQUE DE CAXIAS";"Falta de Atenção à Condução";"Colisão traseira";"Com Vítimas Feridas";"Pleno dia";"Crescente";"Céu Claro";"Múltipla";"Reta";"Sim";5;0;2;0;3;0;2;3;-22,6301622;-43,2852986;"SPRF-RJ";"DEL01-RJ";"UOP01-DEL01-RJ"
143312;2018-06-29;"sexta-feira";"07:55:00";"RO";364;20;"VILHENA";"Ultrapassagem Indevida";"Colisão transversal";"Com Vítimas Feridas";"Pleno dia";"Decrescente";"Céu Claro";"Simples";"Reta";"Não";2;0;1;0;1;0;1;2;-12,725957;-60,192776;"SPRF-RO";"DEL04-RO";"UOP01-DEL04-RO"
143313;2018-06-29;"sexta-feira";"09:45:00";"SP";101;48,7;"UBATUBA";"Falta de Atenção à Condução";"Colisão transversal";"Com Vítimas Feridas";"Pleno dia";"Decrescente";"Céu Claro";"Simples";"Reta";"Sim";3;0;2;0;1;0;2;2;-23,44567768;-45,0821507;"SPRF-SP";"DEL06-SP";"UOP01-DEL06-SP"
143314;2018-06-29;"sexta-feira";"09:50:00";"PE";232;8;"RECIFE";"Falta de Atenção à Condução";"Colisão com objeto estático";"Com Vítimas Feridas";"Pleno dia";"Crescente";"Chuva";"Simples";"Reta";"Sim";2;0;0;1;1;0;1;2;-8,07631;-34,9729;"SPRF-PE";"DEL01-PE";"UOP01-DEL01-PE"
143315;2018-06-29;"sexta-feira";"09:25:00";"SP";116;208;"GUARULHOS";"Falta de Atenção à Condução";"Colisão lateral";"Com Vítimas Feridas";"Pleno dia";"Decrescente";"Céu Claro";"Múltipla";"Reta";"Não";2;0;1;0;1;0;1;2;-23,4468257;-46,4534533;"SPRF-SP";"DEL01-SP";"UOP01-DEL01-SP"
143316;2018-06-29;"sexta-feira";"09:45:00";"PR";376;216,9;"JANDAIA DO SUL";"Desobediência às normas de trânsito pelo condutor";"Colisão transversal";"Com Vítimas Feridas";"Pleno dia";"Decrescente";"Nublado";"Simples";"Reta;Interseção de Vias;Declive";"Sim";2;0;0;1;1;0;1;2;-23,59519226;-51,64126125;"SPRF-PR";"DEL07-PR";"UOP03-DEL07-PR"
143317;2018-06-29;"sexta-feira";"09:30:00";"CE";222;4,6;"CAUCAIA";"Falta de Atenção à Condução";"Colisão transversal";"Com Vítimas Feridas";"Pleno dia";"Crescente";"Céu Claro";"Múltipla";"Reta";"Sim";2;0;1;0;1;0;1;2;-3,74203326;-38,6096102;"SPRF-CE";"DEL01-CE";"UOP01-DEL01-CE"
143318;2018-04-14;"sábado";"13:35:00";"RJ";393;280,1;"BARRA DO PIRAI";"Falta de Atenção à Condução";"Colisão transversal";"Com Vítimas Feridas";"Pleno dia";"Decrescente";"Céu Claro";"Simples";"Reta";"Sim";2;0;1;0;1;0;1;2;-22,47556;-44,050903;"SPRF-RJ";"DEL05-RJ";"UOP04-DEL05-RJ"
143323;2018-06-29;"sexta-feira";"09:49:00";"PA";163;1005;"SANTAREM";"Falta de Atenção à Condução";"Colisão transversal";"Com Vítimas Feridas";"Pleno dia";"Crescente";"Céu Claro";"Dupla";"Interseção de Vias";"Sim";2;0;1;0;1;0;1;2;-2,42039186;-54,73599494;"SPRF-PA";"DEL05-PA";"UOP01-DEL05-PA"
143324;2018-06-29;"sexta-feira";"09:10:00";"ES";262;38,1;"DOMINGOS MARTINS";"Falta de Atenção à Condução";"Colisão lateral";"Com Vítimas Feridas";"Plena Noite";"Decrescente";"Céu Claro";"Simples";"Reta";"Sim";3;0;0;1;2;0;1;3;-20,3815;-40,6185;"SPRF-ES";"DEL01-ES";"UOP01-DEL01-ES"
143325;2018-06-25;"segunda-feira";"13:30:00";"AM";174;957;"MANAUS";"Falta de Atenção à Condução";"Saída de leito carroçável";"Sem Vítimas";"Pleno dia";"Decrescente";"Chuva";"Simples";"Declive";"Não";1;0;0;0;1;0;0;1;-2,332845;-60,047037;"SPRF-AM";"DEL01-AM";"UOP01-DEL01-AM"
143327;2018-06-29;"sexta-feira";"10:20:00";"PI";316;11,3;"TERESINA";"Desobediência às normas de trânsito pelo condutor";"Colisão transversal";"Com Vítimas Feridas";"Pleno dia";"Crescente";"Céu Claro";"Simples";"Reta";"Sim";1;0;1;0;0;0;1;1;-5,19315248;-42,76033401;"SPRF-PI";"DEL01-PI";"UOP02-DEL01-PI"
143328;2018-06-29;"sexta-feira";"09:45:00";"MG";40;606,1;"CONGONHAS";"Desobediência às normas de trânsito pelo condutor";"Colisão transversal";"Com Vítimas Feridas";"Pleno dia";"Crescente";"Céu Claro";"Simples";"Curva;Declive";"Não";3;0;2;0;1;0;2;2;-20,47145438;-43,84418816;"SPRF-MG";"DEL05-MG";"UOP02-DEL05-MG"
143329;2018-06-29;"sexta-feira";"10:10:00";"ES";101;0,3;"SERRA";"Não guardar distância de segurança";"Engavetamento";"Sem Vítimas";"Pleno dia";"Crescente";"Garoa/Chuvisco";"Dupla";"Declive";"Sim";5;0;0;0;5;0;0;5;-20,23783813;-40,2781266;"SPRF-ES";"DEL02-ES";"UOP01-DEL02-ES"
143332;2018-06-29;"sexta-feira";"09:30:00";"BA";324;529;"FEIRA DE SANTANA";"Falta de Atenção à Condução";"Colisão traseira";"Com Vítimas Feridas";"Pleno dia";"Crescente";"Nublado";"Dupla";"Em Obras";"Sim";2;0;1;0;1;0;1;2;-12,3187875;-38,8742653;"SPRF-BA";"DEL01-BA";"UOP01-DEL01-BA"
143333;2018-01-10;"quarta-feira";"14:50:00";"PR";277;489,6;"NOVA LARANJEIRAS";"Falta de Atenção à Condução";"Colisão com objeto estático";"Com Vítimas Feridas";"Pleno dia";"Decrescente";"Chuva";"Simples";"Reta";"Não";1;0;1;0;0;0;1;1;-25,23614538;-52,64431447;"SPRF-PR";"DEL04-PR";"UOP02-DEL04-PR"
143334;2018-06-29;"sexta-feira";"10:30:00";"SC";101;57;"ARAQUARI";"Defeito Mecânico no Veículo";"Queda de ocupante de veículo";"Com Vítimas Feridas";"Pleno dia";"Decrescente";"Nublado";"Dupla";"Rotatória";"Não";2;0;1;0;1;0;1;1;-26,43799144;-48,80496025;"SPRF-SC";"DEL03-SC";"UOP01-DEL03-SC"
143335;2018-06-29;"sexta-feira";"10:11:00";"SP";116;223;"GUARULHOS";"Falta de Atenção à Condução";"Colisão lateral";"Com Vítimas Feridas";"Pleno dia";"Decrescente";"Céu Claro";"Múltipla";"Curva";"Sim";2;0;1;0;1;0;1;2;-23,47907088;-46,52911663;"SPRF-SP";"DEL01-SP";"UOP01-DEL01-SP"
143336;2018-06-29;"sexta-feira";"09:50:00";"SC";116;67;"PAPANDUVA";"Defeito Mecânico no Veículo";"Tombamento";"Com Vítimas Feridas";"Pleno dia";"Crescente";"Céu Claro";"Simples";"Reta";"Não";2;0;2;0;0;0;2;1;-26,382969;-50,216751;"SPRF-SC";"DEL06-SC";"UOP02-DEL06-SC"
143337;2018-06-29;"sexta-feira";"11:00:00";"PA";163;1002;"SANTAREM";"Desobediência às normas de trânsito pelo condutor";"Colisão transversal";"Com Vítimas Feridas";"Pleno dia";"Crescente";"Céu Claro";"Simples";"Interseção de Vias";"Sim";2;0;1;0;1;0;1;2;-2,45567922;-54,72860813;"SPRF-PA";"DEL05-PA";"UOP01-DEL05-PA"
143338;2018-06-29;"sexta-feira";"10:50:00";"CE";20;429,5;"FORTALEZA";"Não guardar distância de segurança";"Queda de ocupante de veículo";"Com Vítimas Feridas";"Pleno dia";"Crescente";"Céu Claro";"Dupla";"Reta";"Sim";1;0;0;1;0;0;1;1;-3,87067726;-38,50121476;"SPRF-CE";"DEL01-CE";"UOP02-DEL01-CE"
143339;2018-05-25;"sexta-feira";"06:00:00";"GO";153;516;"APARECIDA DE GOIANIA";"Falta de Atenção à Condução";"Tombamento";"Com Vítimas Feridas";"Amanhecer";"Crescente";"Céu Claro";"Dupla";"Reta";"Sim";1;0;0;1;0;0;1;1;-16,8504;-49,2473;"SPRF-GO";"DEL01-GO";"UOP03-DEL01-GO"
143340;2018-05-09;"quarta-feira";"17:00:00";"RO";364;557;"ALTO PARAISO";"Falta de Atenção à Condução";"Saída de leito carroçável";"Com Vítimas Feridas";"Pleno dia";"Crescente";"Céu Claro";"Simples";"Reta";"Não";2;0;2;0;0;0;2;1;-9,588785;-63,073502;"SPRF-RO";"DEL03-RO";"UOP01-DEL03-RO"
143343;2018-06-29;"sexta-feira";"08:15:00";"MT";364;612;"DIAMANTINO";"Falta de Atenção à Condução";"Colisão com objeto estático";"Com Vítimas Feridas";"Pleno dia";"Crescente";"Céu Claro";"Simples";"Reta";"Não";1;0;0;1;0;0;1;1;-14,440617;-56,297287;"SPRF-MT";"DEL01-MT";"UOP01-DEL01-MT"
143344;2018-06-29;"sexta-feira";"09:45:00";"MG";381;764;"CAMPANHA";"Falta de Atenção à Condução";"Colisão traseira";"Com Vítimas Feridas";"Pleno dia";"Decrescente";"Céu Claro";"Dupla";"Reta";"Não";5;0;5;0;0;0;5;2;-21,7319;-45,3825;"SPRF-MG";"DEL16-MG";"UOP02-DEL16-MG"
143348;2018-06-29;"sexta-feira";"11:29:00";"BA";110;169;"RIBEIRA DO POMBAL";"Falta de Atenção à Condução";"Colisão transversal";"Com Vítimas Fatais";"Pleno dia";"Crescente";"Céu Claro";"Simples";"Reta";"Não";5;1;1;0;3;0;1;2;-10,8156;-38,5297;"SPRF-BA";"DEL07-BA";"UOP02-DEL07-BA"
143355;2018-06-29;"sexta-feira";"07:45:00";"MT";158;580,1;"AGUA BOA";"Falta de Atenção à Condução";"Colisão frontal";"Com Vítimas Feridas";"Pleno dia";"Crescente";"Sol";"Simples";"Reta";"Não";3;0;1;0;2;0;1;2;-14,12658766;-52,17681885;"SPRF-MT";"DEL07-MT";"UOP02-DEL07-MT"
143356;2018-06-29;"sexta-feira";"12:14:00";"SP";116;8;"QUELUZ";"Falta de Atenção do Pedestre";"Atropelamento de Pedestre";"Com Vítimas Feridas";"Pleno dia";"Decrescente";"Céu Claro";"Dupla";"Curva";"Sim";2;0;0;1;1;0;1;2;-22,536327;-44,7714;"SPRF-SP";"DEL08-SP";"UOP02-DEL08-SP"
143357;2018-06-29;"sexta-feira";"12:10:00";"GO";60;118;"TEREZOPOLIS DE GOIAS";"Falta de Atenção à Condução";"Colisão lateral";"Com Vítimas Feridas";"Pleno dia";"Decrescente";"Sol";"Dupla";"Interseção de Vias";"Sim";3;0;1;0;2;0;1;2;-16,4848;-49,0935;"SPRF-GO";"DEL01-GO";"UOP01-DEL01-GO"