"id";"data_inversa";"dia_semana";"horario";"uf";"br";"km";"municipio";"causa_acidente";"tipo_acidente";"classificacao_acidente";"fase_dia";"sentido_via";"condicao_metereologica";"tipo_pista";"tracado_via";"uso_solo";"pessoas";"mortos";"feridos_leves";"feridos_graves";"ilesos";"ignorados";"feridos";"veiculos";"latitude";"longitude";"regional";"delegacia";"uop"
143714;2018-06-30;"sábado";"22:30:00";"MS";163;256,5;"DOURADOS";"Objeto estático sobre o leito carroçável";"Colisão com objeto estático";"Sem Vítimas";"Plena Noite";"Crescente";"Nublado";"Dupla";"Reta";"Não";4;0;0;0;4;0;0;1;-22,25271843;-54,77680206;"SPRF-MS";"DEL04-MS";"UOP01-DEL04-MS"
143715;2018-06-30;"sábado";"21:20:00";"BA";242;584;"IBOTIRAMA";"Ingestão de Álcool";"Colisão frontal";"Com Vítimas Feridas";"Plena Noite";"Decrescente";"Céu Claro";"Simples";"Reta";"Sim";2;0;1;0;1;0;1;2;-12,17495875;-43,20882082;"SPRF-BA";"DEL10-BA";"UOP03-DEL06-BA"
143717;2018-06-30;"sábado";"23:55:00";"PR";369;201;"APUCARANA";"Falta de Atenção à Condução";"Colisão traseira";"Com Vítimas Feridas";"Plena Noite";"Crescente";"Nublado";"Simples";"Reta";"Sim";3;0;1;1;1;0;2;2;-23,53680258;-51,45652402;"SPRF-PR";"DEL07-PR";"UOP03-DEL07-PR"
143719;2018-06-30;"sábado";"22:00:00";"MG";365;10,2;"MONTES CLAROS";"Animais na Pista";"Atropelamento de Animal";"Com Vítimas Fatais";"Plena Noite";"Decrescente";"Céu Claro";"Simples";"Reta;Declive";"Não";1;1;0;0;0;0;0;1;-16,834784;-43,952621;"SPRF-MG";"DEL12-MG";"UOP01-DEL12-MG"
143720;2018-07-01;"domingo";"00:20:00";"RS";290;90;"PORTO ALEGRE";"Ingestão de Álcool";"Saída de leito carroçável";"Sem Vítimas";"Plena Noite";"Crescente";"Nublado";"Múltipla";"Reta";"Sim";1;0;0;0;1;0;0;1;-29,96872835;-51,16539001;"SPRF-RS";"DEL01-RS";"UOP01-DEL01-RS"
143723;2018-06-30;"sábado";"23:20:00";"PR";376;170,8;"MARINGA";"Desobediência às normas de trânsito pelo condutor";"Colisão transversal";"Com Vítimas Feridas";"Plena Noite";"Crescente";"Céu Claro";"Dupla";"Interseção de Vias";"Sim";3;0;1;0;2;0;1;2;-23,41024783;-51,98741198;"SPRF-PR";"DEL07-PR";"UOP01-DEL09-PR"
143724;2018-06-30;"sábado";"18:37:00";"RJ";0;0;"RIO BONITO";"Desobediência às normas de trânsito pelo condutor";"Colisão traseira";"Com Vítimas Feridas";"Plena Noite";"Não Informado";"Céu Claro";"Simples";"Curva";"Sim";2;0;1;0;1;0;1;2;-22,71366;-42,685213;"SPRF-RJ";"DEL02-RJ";"UOP03-DEL02-RJ"
143725;2018-06-30;"sábado";"22:00:00";"PR";376;599,1;"CURITIBA";"Desobediência às normas de trânsito pelo condutor";"Colisão lateral";"Sem Vítimas";"Plena Noite";"Decrescente";"Céu Claro";"Dupla";"Interseção de Vias";"Não";2;0;0;0;2;0;0;2;-25,51394906;-49,33732325;"SPRF-PR";"DEL01-PR";"UOP06-DEL01-PR"
143727;2018-06-30;"sábado";"23:25:00";"DF";60;23,9;"BRASILIA";"Falta de Atenção à Condução";"Capotamento";"Com Vítimas Fatais";"Plena Noite";"Crescente";"Vento";"Dupla";"Curva";"Não";2;1;1;0;0;0;1;1;-15,987903;-48,223103;"SPRF-DF";"DEL01-DF";"UOP01-DEL03-DF"
143728;2018-07-01;"domingo";"00:30:00";"PA";316;66;"CASTANHAL";"Ingestão de Álcool";"Colisão transversal";"Com Vítimas Feridas";"Plena Noite";"Crescente";"Céu Claro";"Dupla";"Reta";"Sim";3;0;2;1;0;0;3;2;-1,295804;-47,910839;"SPRF-PA";"DEL01-PA";"UOP01-DEL01-PA"
143729;2018-06-30;"sábado";"23:35:00";"PR";476;121;"CURITIBA";"Falta de Atenção à Condução";"Colisão transversal";"Com Vítimas Feridas";"Plena Noite";"Crescente";"Garoa/Chuvisco";"Dupla";"Reta";"Sim";2;0;0;1;1;0;1;2;-25,38511166;-49,20275331;"SPRF-PR";"DEL01-PR";"UOP01-DEL01-PR"
143730;2018-06-30;"sábado";"22:30:00";"MT";70;1;"BARRA DO GARCAS";"Desobediência às normas de trânsito pelo condutor";"Colisão transversal";"Com Vítimas Feridas";"Plena Noite";"Decrescente";"Céu Claro";"Simples";"Interseção de Vias";"Sim";3;0;2;0;1;0;2;2;-15,891638;-52,262032;"SPRF-MT";"DEL07-MT";"UOP01-DEL07-MT"
143731;2018-06-30;"sábado";"23:30:00";"MT";70;519;"VARZEA GRANDE";"Ingestão de Álcool";"Colisão traseira";"Com Vítimas Feridas";"Plena Noite";"Crescente";"Céu Claro";"Simples";"Reta";"Sim";3;0;2;0;1;0;2;2;-15,69014543;-56,16931915;"SPRF-MT";"DEL01-MT";"DEL2/4-UOP02/MT"
143732;2018-07-01;"domingo";"00:15:00";"RJ";116;164,8;"RIO DE JANEIRO";"Ingestão de Álcool";"Colisão traseira";"Sem Vítimas";"Plena Noite";"Crescente";"Nublado";"Múltipla";"Reta";"Sim";2;0;0;0;2;0;0;2;-22,81117578;-43,33358645;"SPRF-RJ";"DEL01-RJ";"UOP02-DEL01-RJ"
143734;2018-06-30;"sábado";"19:20:00";"AM";174;895;"MANAUS";"Ingestão de álcool e/ou substâncias psicoativas pelo pedestre";"Saída de leito carroçável";"Com Vítimas Feridas";"Plena Noite";"Crescente";"Céu Claro";"Simples";"Declive";"Não";2;0;1;0;1;0;1;2;-2,87583639;-60,03582001;"SPRF-AM";"DEL01-AM";"UOP01-DEL01-AM"
143735;2018-07-01;"domingo";"02:50:00";"SC";101;84;"BARRA VELHA";"Falta de Atenção à Condução";"Colisão traseira";"Com Vítimas Feridas";"Plena Noite";"Decrescente";"Nublado";"Dupla";"Reta";"Não";2;0;1;0;1;0;1;2;-26,6321;-48,703;"SPRF-SC";"DEL03-SC";"UOP02-DEL03-SC"
143736;2018-07-01;"domingo";"02:00:00";"ES";262;163;"IBATIBA";"Ingestão de Álcool";"Colisão traseira";"Com Vítimas Feridas";"Plena Noite";"Crescente";"Nevoeiro/Neblina";"Simples";"Reta";"Não";2;0;1;0;1;0;1;2;-20,23445575;-41,5282774;"SPRF-ES";"DEL01-ES";"UOP02-DEL01-ES"
143737;2018-06-30;"sábado";"22:30:00";"MT";174;382;"CONQUISTA DOESTE";"Ingestão de Álcool";"Colisão traseira";"Com Vítimas Feridas";"Plena Noite";"Decrescente";"Céu Claro";"Simples";"Curva";"Não";3;0;1;1;1;0;2;2;-14,526892;-59,5602;"SPRF-MT";"DEL04-MT";"UOP01-DEL04-MT"
143739;2018-07-01;"domingo";"03:30:00";"SC";470;8,5;"NAVEGANTES";"Ingestão de Álcool";"Saída de leito carroçável";"Com Vítimas Feridas";"Plena Noite";"Decrescente";"Nublado";"Simples";"Curva";"Não";3;0;3;0;0;0;3;1;-26,83688;-48,718853;"SPRF-SC";"DEL04-SC";"UOP04-DEL04-SC"
143740;2018-07-01;"domingo";"00:45:00";"PR";369;143;"IBIPORA";"Não guardar distância de segurança";"Colisão traseira";"Sem Vítimas";"Plena Noite";"Crescente";"Céu Claro";"Dupla";"Reta";"Não";3;0;0;0;3;0;0;2;-23,293141;-51,101836;"SPRF-PR";"DEL07-PR";"UOP01-DEL07-PR"
143741;2018-07-01;"domingo";"03:00:00";"MG";116;546,7;"SANTA BARBARA DO LESTE";"Falta de Atenção à Condução";"Colisão frontal";"Com Vítimas Fatais";"Plena Noite";"Crescente";"Ignorado";"Simples";"Reta";"Não";3;2;0;0;1;0;0;3;-19,93020562;-42,13055134;"SPRF-MG";"DEL06-MG";"UOP02-DEL06-MG"
143743;2018-06-30;"sábado";"20:20:00";"BA";101;470,9;"URUCUCA";"Desobediência às normas de trânsito pelo condutor";"Tombamento";"Com Vítimas Fatais";"Plena Noite";"Decrescente";"Nevoeiro/Neblina";"Simples";"Reta";"Não";1;1;0;0;0;0;0;1;-14,532533;-39,336231;"SPRF-BA";"DEL05-BA";"UOP01-DEL05-BA"
143744;2018-07-01;"domingo";"04:00:00";"GO";60;340;"SANTO ANTONIO DA BARRA";"Condutor Dormindo";"Saída de leito carroçável";"Com Vítimas Feridas";"Plena Noite";"Crescente";"Céu Claro";"Dupla";"Curva";"Não";1;0;1;0;0;0;1;1;-17,556052;-50,613069;"SPRF-GO";"DEL04-GO";"UOP01-DEL04-GO"
143746;2018-07-01;"domingo";"04:30:00";"SC";101;111,3;"NAVEGANTES";"Ingestão de Álcool";"Capotamento";"Sem Vítimas";"Plena Noite";"Crescente";"Céu Claro";"Simples";"Curva";"Não";1;0;0;0;1;0;0;1;-26,84130204;-48,71683408;"SPRF-SC";"DEL04-SC";"UOP04-DEL04-SC"
143747;2018-06-30;"sábado";"20:40:00";"GO";40;6;"VALPARAISO DE GOIAS";"Ingestão de Álcool";"Colisão traseira";"Com Vítimas Feridas";"Plena Noite";"Decrescente";"Céu Claro";"Dupla";"Reta";"Sim";2;0;1;0;1;0;1;2;-16,1021852;-47,97630787;"SPRF-DF";"DEL01-DF";"UOP01-DEL01-DF"
143748;2018-07-01;"domingo";"04:50:00";"AL";423;26;"CANAPI";"Ingestão de Álcool";"Saída de leito carroçável";"Sem Vítimas";"Amanhecer";"Crescente";"Céu Claro";"Simples";"Rotatória";"Não";2;0;0;0;2;0;0;1;-9,193462;-37,514824;"SPRF-AL";"DEL03-AL";"UOP02-DEL03-AL"
143750;2018-07-01;"domingo";"05:00:00";"MA";135;50;"BACABEIRA";"Falta de Atenção do Pedestre";"Atropelamento de Pedestre";"Com Vítimas Fatais";"Plena Noite";"Decrescente";"Céu Claro";"Dupla";"Reta";"Sim";5;1;0;0;4;0;0;2;-2,965192;-44,3200342;"SPRF-MA";"DEL01-MA";"UOP01-DEL01-MA"
143752;2018-07-01;"domingo";"04:50:00";"RO";364;344,7;"JI-PARANA";"Ingestão de Álcool";"Colisão traseira";"Com Vítimas Feridas";"Plena Noite";"Decrescente";"Céu Claro";"Dupla";"Interseção de Vias";"Sim";5;0;1;0;4;0;1;2;-10,873834;-61,952469;"SPRF-RO";"DEL02-RO";"UOP01-DEL02-RO"
143754;2018-07-01;"domingo";"06:30:00";"GO";70;3,3;"AGUAS LINDAS DE GOIAS";"Velocidade Incompatível";"Colisão traseira";"Com Vítimas Feridas";"Amanhecer";"Decrescente";"Céu Claro";"Dupla";"Reta";"Sim";3;0;2;0;1;0;2;2;-15,76133121;-48,24022114;"SPRF-DF";"DEL01-DF";"UOP02-DEL03-DF"
143755;2018-07-01;"domingo";"06:48:00";"PE";428;191;"PETROLINA";"Velocidade Incompatível";"Colisão com objeto estático";"Com Vítimas Fatais";"Pleno dia";"Crescente";"Céu Claro";"Dupla";"Reta";"Sim";1;1;0;0;0;0;0;1;-9,3841123;-40,5190659;"SPRF-PE";"DEL06-PE";"UOP01-DEL06-PE"
143757;2018-07-01;"domingo";"06:45:00";"RS";290;129,8;"ELDORADO DO SUL";"Falta de Atenção à Condução";"Saída de leito carroçável";"Com Vítimas Feridas";"Amanhecer";"Crescente";"Nublado";"Simples";"Curva";"Não";3;0;0;3;0;0;3;1;-30,05878711;-51,51286483;"SPRF-RS";"DEL02-RS";"UOP01-DEL02-RS"
143758;2018-07-01;"domingo";"06:30:00";"RS";116;517,8;"PELOTAS";"Animais na Pista";"Atropelamento de Animal";"Com Vítimas Feridas";"Amanhecer";"Crescente";"Nublado";"Dupla";"Reta";"Sim";1;0;1;0;0;0;1;1;-31,68325911;-52,34564781;"SPRF-RS";"DEL07-RS";"UOP01-DEL07-RS"
143760;2018-06-24;"domingo";"17:45:00";"PB";101;122,5;"CAAPORA";"Velocidade Incompatível";"Colisão lateral";"Com Vítimas Feridas";"Anoitecer";"Crescente";"Chuva";"Dupla";"Curva;Declive";"Não";3;0;2;0;1;0;2;2;-7,4591;-34,9804;"SPRF-PB";"DEL01-PB";"UOP01-DEL01-PB"
143764;2018-06-07;"quinta-feira";"16:30:00";"PB";230;136,9;"CAMPINA GRANDE";"Pista Escorregadia";"Saída de leito carroçável";"Com Vítimas Feridas";"Pleno dia";"Crescente";"Garoa/Chuvisco";"Dupla";"Curva";"Não";4;0;2;2;0;0;4;1;-7,2770202;-35,7733346;"SPRF-PB";"DEL02-PB";"UOP01-DEL02-PB"
143765;2018-07-01;"domingo";"07:10:00";"MS";163;263;"DOURADOS";"Falta de Atenção à Condução";"Colisão transversal";"Com Vítimas Feridas";"Pleno dia";"Crescente";"Céu Claro";"Dupla";"Rotatória";"Sim";2;0;1;1;0;0;2;2;-22,23184943;-54,74768635;"SPRF-MS";"DEL04-MS";"UOP01-DEL04-MS"
143766;2018-07-01;"domingo";"06:45:00";"MG";381;185,8;"PERIQUITO";"Condutor Dormindo";"Saída de leito carroçável";"Com Vítimas Feridas";"Amanhecer";"Decrescente";"Céu Claro";"Simples";"Reta";"Não";2;0;1;0;1;0;1;1;-19,11805369;-42,21196443;"SPRF-MG";"DEL06-MG";"UOP01-DEL06-MG"
143768;2018-07-01;"domingo";"08:20:00";"ES";262;18,6;"VIANA";"Velocidade Incompatível";"Queda de ocupante de veículo";"Com Vítimas Feridas";"Pleno dia";"Crescente";"Sol";"Simples";"Curva";"Sim";1;0;1;0;0;0;1;1;-20,39316169;-40,48598439;"SPRF-ES";"DEL01-ES";"UOP01-DEL01-ES"
143769;2018-06-10;"domingo";"18:50:00";"RS";290;719;"URUGUAIANA";"Restrição de Visibilidade";"Atropelamento de Pedestre";"Com Vítimas Feridas";"Plena Noite";"Crescente";"Nublado";"Simples";"Reta";"Não";2;0;1;0;0;1;1;2;-29,77635373;-57,03608036;"SPRF-RS";"DEL13-RS";"UOP01-DEL13-RS"
143770;2018-07-01;"domingo";"07:10:00";"RS";290;647;"URUGUAIANA";"Defeito na Via";"Saída de leito carroçável";"Sem Vítimas";"Amanhecer";"Decrescente";"Nevoeiro/Neblina";"Simples";"Reta";"Não";2;0;0;0;2;0;0;1;-30,01618;-56,389301;"SPRF-RS";"DEL13-RS";"UOP02-DEL13-RS"
143772;2018-07-01;"domingo";"08:57:00";"PB";230;337;"PATOS";"Desobediência às normas de trânsito pelo condutor";"Colisão transversal";"Com Vítimas Feridas";"Pleno dia";"Decrescente";"Sol";"Simples";"Interseção de Vias;Reta";"Sim";2;0;0;1;1;0;1;2;-7,0083;-37,2832;"SPRF-PB";"DEL03-PB";"UOP01-DEL03-PB"
143773;2018-07-01;"domingo";"09:10:00";"TO";153;568,1;"FATIMA";"Ingestão de Álcool";"Saída de leito carroçável";"Com Vítimas Feridas";"Pleno dia";"Crescente";"Céu Claro";"Simples";"Reta";"Não";1;0;1;0;0;0;1;1;-10,811994;-48,903121;"SPRF-TO";"DEL02-TO";"UOP01-DEL01-TO"
143774;2018-07-01;"domingo";"10:13:00";"PA";316;13;"MARITUBA";"Avarias e/ou desgaste excessivo no pneu";"Queda de ocupante de veículo";"Com Vítimas Feridas";"Pleno dia";"Decrescente";"Céu Claro";"Dupla";"Reta";"Sim";2;0;2;0;0;0;2;1;-1,3662899;-48,3677762;"SPRF-PA";"DEL01-PA";"DEL19/1-UOP05/PA"
143775;2018-07-01;"domingo";"09:45:00";"PR";277;654;"MATELANDIA";"Não guardar distância de segurança";"Colisão traseira";"Sem Vítimas";"Pleno dia";"Decrescente";"Céu Claro";"Simples";"Reta";"Não";2;0;0;0;2;0;0;2;-25,22643326;-53,95135398;"SPRF-PR";"DEL05-PR";"UOP02-DEL05-PR"
143776;2018-05-02;"quarta-feira";"16:15:00";"RS";116;268;"CANOAS";"Desobediência às normas de trânsito pelo condutor";"Colisão traseira";"Com Vítimas Feridas";"Pleno dia";"Crescente";"Nublado";"Simples";"Reta";"Sim";3;0;2;1;0;0;3;3;-29,95277793;-51,17656946;"SPRF-RS";"DEL01-RS";"UOP01-DEL01-RS"
143777;2018-07-01;"domingo";"08:30:00";"RJ";116;177;"NOVA IGUACU";"Falta de Atenção à Condução";"Colisão traseira";"Com Vítimas Feridas";"Pleno dia";"Crescente";"Nublado";"Dupla";"Reta";"Sim";3;0;1;0;1;1;1;3;-22,75342621;-43,43586445;"SPRF-RJ";"DEL01-RJ";"UOP02-DEL01-RJ"
143778;2018-07-01;"domingo";"10:20:00";"SE";235;28;"AREIA BRANCA";"Velocidade Incompatível";"Saída de leito carroçável";"Sem Vítimas";"Pleno dia";"Crescente";"Chuva";"Simples";"Curva";"Não";1;0;0;0;1;0;0;1;-10,79339;-37,278835;"SPRF-SE";"DEL01-SE";"UOP01-DEL01-SE"
143779;2018-07-01;"domingo";"10:55:00";"SE";101;123,4;"ITAPORANGA DAJUDA";"Defeito na Via";"Capotamento";"Com Vítimas Feridas";"Pleno dia";"Decrescente";"Chuva";"Dupla";"Curva";"Não";2;0;2;0;0;0;2;1;-11,03551757;-37,36362219;"SPRF-SE";"DEL02-SE";"UOP01-DEL02-SE"
143781;2018-07-01;"domingo";"10:45:00";"SC";101;356,2;"JAGUARUNA";"Não guardar distância de segurança";"Colisão traseira";"Com Vítimas Feridas";"Pleno dia";"Crescente";"Sol";"Dupla";"Declive";"Não";2;0;1;0;1;0;1;2;-28,6315;-49,0901;"SPRF-SC";"DEL02-SC";"UOP01-DEL02-SC"
143783;2018-07-01;"domingo";"10:45:00";"PA";230;120;"MARABA";"Falta de Atenção à Condução";"Colisão traseira";"Com Vítimas Feridas";"Pleno dia";"Crescente";"Céu Claro";"Múltipla";"Reta";"Sim";2;0;1;0;1;0;1;2;-5,350384;-49,114384;"SPRF-PA";"DEL03-PA";"UOP01-DEL03-PA"
143784;2018-06-08;"sexta-feira";"07:10:00";"MA";10;252;"IMPERATRIZ";"Falta de Atenção à Condução";"Colisão lateral";"Com Vítimas Feridas";"Pleno dia";"Decrescente";"Céu Claro";"Múltipla";"Reta";"Sim";2;0;1;0;1;0;1;2;-5,53562;-47,469585;"SPRF-MA";"DEL04-MA";"UOP01-DEL04-MA"
143785;2018-07-01;"domingo";"11:15:00";"GO";60;92;"ANAPOLIS";"Ingestão de álcool e/ou substâncias psicoativas pelo pedestre";"Atropelamento de Pedestre";"Com Vítimas Feridas";"Pleno dia";"Decrescente";"Sol";"Dupla";"Reta";"Sim";2;0;1;0;1;0;1;2;-16,353;-48,9178;"SPRF-GO";"DEL02-GO";"UOP01-DEL02-GO"
143786;2018-07-01;"domingo";"11:00:00";"MG";364;32,9;"FRUTAL";"Defeito na Via";"Saída de leito carroçável";"Com Vítimas Fatais";"Pleno dia";"Decrescente";"Céu Claro";"Simples";"Reta;Declive";"Não";3;1;2;0;0;0;2;1;-20,00381822;-48,94171;"SPRF-MG";"DEL13-MG";"UOP02-DEL13-MG"
143787;2018-07-01;"domingo";"09:00:00";"RO";364;380;"OURO PRETO DO OESTE";"Falta de Atenção à Condução";"Colisão transversal";"Com Vítimas Feridas";"Pleno dia";"Decrescente";"Céu Claro";"Simples";"Reta";"Não";4;0;2;0;2;0;2;2;-10,73871;-62,226395;"SPRF-RO";"DEL02-RO";"UOP01-DEL02-RO"
143790;2018-07-01;"domingo";"03:00:00";"MG";251;278;"SALINAS";"Condutor Dormindo";"Capotamento";"Com Vítimas Feridas";"Plena Noite";"Decrescente";"Céu Claro";"Simples";"Reta";"Não";2;0;2;0;0;0;2;1;-16,011;-42,0563;"SPRF-MG";"DEL11-MG";"UOP02-DEL11-MG"
143792;2018-07-01;"domingo";"09:37:00";"PA";10;314;"IRITUIA";"Falta de Atenção à Condução";"Colisão frontal";"Com Vítimas Fatais";"Pleno dia";"Decrescente";"Céu Claro";"Simples";"Reta";"Não";3;1;0;0;2;0;0;2;-1,684192;-47,501938;"SPRF-PA";"DEL01-PA";"UOP02-DEL01-PA"
143793;2018-07-01;"domingo";"11:00:00";"RN";304;280;"MACAIBA";"Não guardar distância de segurança";"Colisão traseira";"Sem Vítimas";"Pleno dia";"Crescente";"Céu Claro";"Simples";"Reta";"Não";2;0;0;0;2;0;0;2;-5,88914317;-35,49233615;"SPRF-RN";"DEL01-RN";"UOP02-DEL01-RN"
143794;2018-07-01;"domingo";"10:40:00";"CE";222;8,7;"CAUCAIA";"Não guardar distância de segurança";"Colisão traseira";"Com Vítimas Feridas";"Pleno dia";"Crescente";"Sol";"Dupla";"Reta";"Sim";2;0;0;1;1;0;1;2;-3,7664005;-38,6634075;"SPRF-CE";"DEL01-CE";"UOP01-DEL01-CE"
143796;2018-07-01;"domingo";"06:30:00";"PR";369;136;"IBIPORA";"Falta de Atenção à Condução";"Colisão frontal";"Com Vítimas Feridas";"Pleno dia";"Decrescente";"Céu Claro";"Dupla";"Interseção de Vias";"Sim";2;0;1;0;1;0;1;1;-23,27;-51,039;"SPRF-PR";"DEL07-PR";"UOP01-DEL07-PR"
143797;2018-07-01;"domingo";"12:00:00";"PR";277;122,5;"CAMPO LARGO";"Velocidade Incompatível";"Saída de leito carroçável";"Com Vítimas Feridas";"Pleno dia";"Decrescente";"Sol";"Dupla";"Curva";"Não";2;0;0;1;1;0;1;1;-25,44650867;-49,5726496;"SPRF-PR";"DEL01-PR";"UOP06-DEL01-PR"
143799;2018-06-30;"sábado";"18:25:00";"RS";470;239;"CARLOS BARBOSA";"Ingestão de Álcool";"Colisão traseira";"Sem Vítimas";"Plena Noite";"Decrescente";"Nublado";"Simples";"Reta";"Não";3;0;0;0;3;0;0;2;-29,349172;-51,511849;"SPRF-RS";"DEL06-RS";"UOP01-DEL06-RS"
143800;2018-07-01;"domingo";"11:30:00";"AL";423;33,5;"CANAPI";"Falta de Atenção à Condução";"Colisão com objeto estático";"Com Vítimas Feridas";"Pleno dia";"Crescente";"Céu Claro";"Simples";"Aclive;Reta";"Não";1;0;0;1;0;0;1;1;-9,213208;-37,57515;"SPRF-AL";"DEL03-AL";"UOP02-DEL03-AL"
143801;2018-07-01;"domingo";"12:45:00";"MG";381;482;"BETIM";"Falta de Atenção à Condução";"Colisão traseira";"Com Vítimas Feridas";"Pleno dia";"Decrescente";"Céu Claro";"Dupla";"Reta";"Sim";2;0;1;0;1;0;1;2;-19,9578;-44,0795;"SPRF-MG";"DEL01-MG";"UOP03-DEL01-MG"
143802;2018-07-01;"domingo";"12:56:00";"ES";262;92,1;"DOMINGOS MARTINS";"Falta de Atenção à Condução";"Colisão transversal";"Com Vítimas Feridas";"Pleno dia";"Crescente";"Céu Claro";"Simples";"Curva";"Sim";2;0;0;1;1;0;1;2;-20,37816849;-41,04273441;"SPRF-ES";"DEL01-ES";"UOP02-DEL01-ES"
143803;2018-07-01;"domingo";"12:20:00";"DF";20;9,5;"BRASILIA";"Velocidade Incompatível";"Saída de leito carroçável";"Com Vítimas Fatais";"Pleno dia";"Decrescente";"Céu Claro";"Dupla";"Reta;Declive";"Sim";1;1;0;0;0;0;0;1;-15,65210512;-47,77891246;"SPRF-DF";"DEL02-DF";"UOP01-DEL02-DF"
143804;2018-07-01;"domingo";"12:45:00";"SC";101;199,1;"SAO JOSE";"Desobediência às normas de trânsito pelo condutor";"Colisão transversal";"Com Vítimas Feridas";"Pleno dia";"Crescente";"Céu Claro";"Múltipla";"Interseção de Vias;Reta";"Sim";2;0;1;0;1;0;1;2;-27,53683437;-48,62684011;"SPRF-SC";"DEL01-SC";"UOP01-DEL01-SC"
143805;2018-07-01;"domingo";"13:20:00";"PR";277;698;"SAO MIGUEL DO IGUACU";"Desobediência às normas de trânsito pelo condutor";"Saída de leito carroçável";"Sem Vítimas";"Pleno dia";"Crescente";"Céu Claro";"Dupla";"Reta";"Não";3;0;0;0;3;0;0;1;-25,396423;-54,311722;"SPRF-PR";"DEL05-PR";"UOP01-DEL05-PR"
143806;2018-07-01;"domingo";"13:00:00";"GO";80;137,4;"BARRO ALTO";"Ingestão de Álcool";"Queda de ocupante de veículo";"Com Vítimas Feridas";"Pleno dia";"Decrescente";"Sol";"Simples";"Curva";"Sim";1;0;0;1;0;0;1;1;-14,94478488;-48,9440918;"SPRF-GO";"DEL07-GO";"UOP02-DEL07-GO"
143807;2018-07-01;"domingo";"13:40:00";"ES";101;270;"SERRA";"Falta de Atenção à Condução";"Colisão lateral";"Com Vítimas Feridas";"Pleno dia";"Crescente";"Céu Claro";"Múltipla";"Curva";"Sim";3;0;2;0;1;0;2;2;-20,23163705;-40,27404964;"SPRF-ES";"DEL02-ES";"UOP01-DEL02-ES"
143809;2018-07-01;"domingo";"14:00:00";"SC";101;205;"SAO JOSE";"Falta de Atenção à Condução";"Colisão lateral";"Com Vítimas Feridas";"Pleno dia";"Crescente";"Céu Claro";"Dupla";"Reta";"Sim";2;0;1;0;1;0;1;2;-27,592;-48,6181;"SPRF-SC";"DEL01-SC";"UOP01-DEL01-SC"
143810;2018-07-01;"domingo";"11:50:00";"PR";116;166,5;"QUITANDINHA";"Falta de Atenção à Condução";"Colisão transversal";"Com Vítimas Feridas";"Pleno dia";"Crescente";"Céu Claro";"Simples";"Retorno Regulamentado";"Não";2;0;1;0;1;0;1;2;-25,874659;-49,48101;"SPRF-PR";"DEL01-PR";"UOP03-DEL01-PR"
143812;2018-07-01;"domingo";"14:20:00";"ES";262;3,8;"CARIACICA";"Desobediência às normas de trânsito pelo condutor";"Colisão lateral";"Com Vítimas Feridas";"Pleno dia";"Crescente";"Sol";"Dupla";"Reta";"Sim";2;0;1;0;1;0;1;2;-20,33560829;-40,37733346;"SPRF-ES";"DEL01-ES";"UOP01-DEL01-ES"
143813;2018-07-01;"domingo";"12:42:00";"AM";230;612;"HUMAITA";"Velocidade Incompatível";"Saída de leito carroçável";"Com Vítimas Feridas";"Pleno dia";"Crescente";"Céu Claro";"Dupla";"Rotatória";"Sim";1;0;0;1;0;0;1;1;-7,51681577;-63,03004025;"SPRF-RO";"DEL01-RO";"UOP05-DEL01-AM"
143815;2018-07-01;"domingo";"14:30:00";"PR";376;665;"GUARATUBA";"Velocidade Incompatível";"Saída de leito carroçável";"Com Vítimas Feridas";"Pleno dia";"Crescente";"Céu Claro";"Dupla";"Curva";"Não";1;0;1;0;0;0;1;1;-25,86464928;-48,94942218;"SPRF-PR";"DEL01-PR";"DEL7/1-UOP08/PR"
143818;2018-07-01;"domingo";"15:05:00";"MG";381;476,9;"SABARA";"Falta de Atenção à Condução";"Colisão lateral";"Com Vítimas Feridas";"Pleno dia";"Decrescente";"Céu Claro";"Simples";"Reta";"Não";2;0;0;1;1;0;1;2;-19,82486992;-43,82177884;"SPRF-MG";"N/A";"N/A"
143819;2018-07-01;"domingo";"14:45:00";"RS";101;60,8;"MAQUINE";"Velocidade Incompatível";"Colisão traseira";"Com Vítimas Feridas";"Pleno dia";"Decrescente";"Céu Claro";"Dupla";"Curva";"Não";3;0;3;0;0;0;3;2;-29,678116;-50,146141;"SPRF-RS";"DEL03-RS";"UOP01-DEL03-RS"
143820;2018-07-01;"domingo";"14:45:00";"RO";364;340;"JI-PARANA";"Desobediência às normas de trânsito pelo condutor";"Colisão frontal";"Com Vítimas Feridas";"Pleno dia";"Decrescente";"Céu Claro";"Múltipla";"Reta";"Sim";3;0;2;0;1;0;2;2;-10,898911;-61,930458;"SPRF-RO";"DEL02-RO";"UOP01-DEL02-RO"
143821;2018-05-02;"quarta-feira";"12:20:00";"BA";101;818;"ITAMARAJU";"Falta de Atenção à Condução";"Saída de leito carroçável";"Com Vítimas Feridas";"Pleno dia";"Decrescente";"Céu Claro";"Simples";"Reta";"Não";6;0;1;1;2;2;2;4;-17,0925;-39,5703;"SPRF-BA";"DEL09-BA";"UOP01-DEL09-BA"