"id";"data_inversa";"dia_semana";"horario";"uf";"br";"km";"municipio";"causa_acidente";"tipo_acidente";"classificacao_acidente";"fase_dia";"sentido_via";"condicao_metereologica";"tipo_pista";"tracado_via";"uso_solo";"pessoas";"mortos";"feridos_leves";"feridos_graves";"ilesos";"ignorados";"feridos";"veiculos";"latitude";"longitude";"regional";"delegacia";"uop"
144190;2018-07-03;"terça-feira";"11:20:00";"SP";116;286,5;"ITAPECERICA DA SERRA";"Defeito Mecânico no Veículo";"Colisão com objeto estático";"Com Vítimas Feridas";"Pleno dia";"Decrescente";"Céu Claro";"Dupla";"Reta";"Sim";2;0;2;0;0;0;2;1;-23,69541436;-46,86457515;"SPRF-SP";"DEL04-SP";"UOP01-DEL04-SP"
144191;2018-07-03;"terça-feira";"10:45:00";"PB";101;27,1;"MAMANGUAPE";"Condutor Dormindo";"Colisão traseira";"Com Vítimas Feridas";"Pleno dia";"Decrescente";"Sol";"Dupla";"Reta";"Não";6;0;1;0;5;0;1;2;-6,7267234;-35,1208105;"SPRF-PB";"DEL01-PB";"UOP04-DEL01-PB"
144192;2018-07-03;"terça-feira";"11:35:00";"SE";235;1,6;"ARACAJU";"Desobediência às normas de trânsito pelo condutor";"Colisão transversal";"Com Vítimas Feridas";"Pleno dia";"Decrescente";"Nublado";"Dupla";"Reta";"Sim";3;0;2;0;1;0;2;2;-10,90850357;-37,08661437;"SPRF-SE";"DEL01-SE";"UOP01-DEL01-SE"
144196;2018-07-03;"terça-feira";"11:30:00";"MG";40;552;"NOVA LIMA";"Falta de Atenção do Pedestre";"Atropelamento de Pedestre";"Com Vítimas Feridas";"Pleno dia";"Decrescente";"Sol";"Dupla";"Rotatória";"Sim";3;0;1;0;1;1;1;2;-20,06681537;-43,98029923;"SPRF-MG";"DEL01-MG";"UOP02-DEL01-MG"
144197;2018-07-03;"terça-feira";"12:00:00";"PR";373;240,6;"GUAMIRANGA";"Objeto estático sobre o leito carroçável";"Saída de leito carroçável";"Com Vítimas Feridas";"Pleno dia";"Crescente";"Céu Claro";"Simples";"Reta";"Não";2;0;1;0;0;1;1;2;-25,193495;-50,753729;"SPRF-PR";"DEL03-PR";"UOP01-DEL03-PR"
144198;2018-07-03;"terça-feira";"11:00:00";"PB";101;122;"CAAPORA";"Defeito Mecânico no Veículo";"Incêndio";"Sem Vítimas";"Pleno dia";"Decrescente";"Céu Claro";"Dupla";"Reta";"Não";1;0;0;0;1;0;0;1;-7,45604193;-34,98096228;"SPRF-PB";"DEL01-PB";"UOP01-DEL01-PB"
144199;2018-07-03;"terça-feira";"11:00:00";"RJ";101;471;"ANGRA DOS REIS";"Desobediência às normas de trânsito pelo condutor";"Colisão transversal";"Com Vítimas Feridas";"Pleno dia";"Decrescente";"Sol";"Simples";"Retorno Regulamentado";"Não";2;0;1;0;1;0;1;2;-22,99944415;-44,22741652;"SPRF-RJ";"DEL03-RJ";"UOP03-DEL03-RJ"
144200;2018-06-10;"domingo";"02:20:00";"MG";381;454,8;"SABARA";"Desobediência às normas de trânsito pelo condutor";"Colisão lateral";"Com Vítimas Feridas";"Plena Noite";"Crescente";"Céu Claro";"Simples";"Reta";"Sim";3;0;2;0;1;0;2;2;-19,834471;-43,858878;"SPRF-MG";"DEL01-MG";"UOP01-DEL01-MG"
144201;2018-07-03;"terça-feira";"12:40:00";"PR";376;175,2;"MARINGA";"Falta de Atenção à Condução";"Colisão lateral";"Com Vítimas Feridas";"Pleno dia";"Decrescente";"Sol";"Dupla";"Reta;Retorno Regulamentado;Declive";"Sim";2;0;0;1;1;0;1;2;-23,41367901;-51,94760707;"SPRF-PR";"DEL07-PR";"UOP01-DEL09-PR"
144203;2018-06-13;"quarta-feira";"16:30:00";"PR";376;522;"PONTA GROSSA";"Velocidade Incompatível";"Capotamento";"Com Vítimas Feridas";"Pleno dia";"Crescente";"Céu Claro";"Dupla";"Reta";"Não";1;0;1;0;0;0;1;1;-25,2704675;-49,94487762;"SPRF-PR";"DEL03-PR";"UOP04-DEL03-PR"
144204;2018-07-03;"terça-feira";"12:20:00";"SC";280;52,7;"GUARAMIRIM";"Falta de Atenção à Condução";"Colisão transversal";"Com Vítimas Feridas";"Pleno dia";"Decrescente";"Nublado";"Simples";"Reta";"Não";2;0;1;0;1;0;1;2;-26,47125971;-48,97124648;"SPRF-SC";"DEL03-SC";"UOP03-DEL03-SC"
144205;2018-07-03;"terça-feira";"12:50:00";"PA";316;2;"ANANINDEUA";"Não guardar distância de segurança";"Colisão traseira";"Sem Vítimas";"Pleno dia";"Crescente";"Céu Claro";"Dupla";"Reta";"Sim";2;0;0;0;2;0;0;2;-1,396582;-48,422993;"SPRF-PA";"DEL01-PA";"DEL19/1-UOP05/PA"
144206;2018-07-03;"terça-feira";"12:55:00";"MT";70;1,9;"BARRA DO GARCAS";"Falta de Atenção à Condução";"Colisão lateral";"Com Vítimas Feridas";"Pleno dia";"Crescente";"Sol";"Simples";"Interseção de Vias";"Sim";2;0;1;0;1;0;1;2;-15,88777845;-52,2676599;"SPRF-MT";"DEL07-MT";"UOP01-DEL07-MT"
144207;2018-07-03;"terça-feira";"12:40:00";"RN";406;170;"SAO GONCALO DO AMARANTE";"Pista Escorregadia";"Saída de leito carroçável";"Com Vítimas Feridas";"Pleno dia";"Crescente";"Céu Claro";"Dupla";"Reta";"Não";1;0;1;0;0;0;1;1;-5,74741462;-35,33035755;"SPRF-RN";"DEL02-RN";"UOP01-DEL02-RN"
144208;2018-07-03;"terça-feira";"11:00:00";"PB";101;122,7;"CAAPORA";"Velocidade Incompatível";"Saída de leito carroçável";"Com Vítimas Feridas";"Pleno dia";"Crescente";"Céu Claro";"Dupla";"Curva";"Não";1;0;1;0;0;0;1;1;-7,4681;-34,9768;"SPRF-PB";"DEL01-PB";"UOP01-DEL01-PB"
144209;2018-07-03;"terça-feira";"11:58:00";"RJ";116;275;"BARRA MANSA";"Desobediência às normas de trânsito pelo condutor";"Colisão com objeto estático";"Com Vítimas Feridas";"Pleno dia";"Decrescente";"Céu Claro";"Simples";"Reta";"Não";2;0;0;1;0;1;1;2;-22,56184673;-44,16559696;"SPRF-RJ";"DEL07-RJ";"UOP02-DEL07-RJ"
144210;2018-07-03;"terça-feira";"12:38:00";"RS";116;215;"MORRO REUTER";"Desobediência às normas de trânsito pelo condutor";"Colisão frontal";"Com Vítimas Fatais";"Pleno dia";"Crescente";"Céu Claro";"Simples";"Reta";"Não";3;1;0;0;2;0;0;2;-29,535334;-51,084991;"SPRF-RS";"DEL05-RS";"UOP02-DEL05-RS"
144212;2018-05-24;"quinta-feira";"21:30:00";"MG";262;801,4;"UBERABA";"Desobediência às normas de trânsito pelo pedestre";"Atropelamento de Pedestre";"Com Vítimas Feridas";"Plena Noite";"Decrescente";"Nublado";"Dupla";"Reta";"Não";2;0;0;2;0;0;2;2;-19,775097;-47,972019;"SPRF-MG";"DEL13-MG";"UOP01-DEL13-MG"
144214;2018-07-03;"terça-feira";"13:45:00";"TO";153;619,3;"ALIANCA DO TOCANTINS";"Falta de Atenção à Condução";"Saída de leito carroçável";"Com Vítimas Fatais";"Pleno dia";"Crescente";"Céu Claro";"Simples";"Reta";"Não";3;1;0;2;0;0;2;1;-11,265183;-48,936615;"SPRF-TO";"DEL02-TO";"UOP02-DEL01-TO"
144215;2018-07-03;"terça-feira";"13:50:00";"MG";365;581,1;"INDIANOPOLIS";"Desobediência às normas de trânsito pelo condutor";"Colisão transversal";"Com Vítimas Fatais";"Pleno dia";"Decrescente";"Céu Claro";"Simples";"Interseção de Vias";"Não";8;1;0;1;6;0;1;3;-18,87705606;-47,94550791;"SPRF-MG";"DEL15-MG";"UOP02-DEL15-MG"
144217;2018-07-03;"terça-feira";"14:00:00";"DF";20;21,3;"BRASILIA";"Falta de Atenção à Condução";"Colisão transversal";"Com Vítimas Feridas";"Pleno dia";"Crescente";"Céu Claro";"Dupla";"Retorno Regulamentado;Reta;Aclive";"Sim";3;0;2;0;1;0;2;2;-15,60204538;-47,68231538;"SPRF-DF";"DEL02-DF";"UOP01-DEL02-DF"
144218;2018-07-03;"terça-feira";"13:40:00";"MG";40;524;"CONTAGEM";"Falta de Atenção à Condução";"Colisão traseira";"Com Vítimas Feridas";"Pleno dia";"Decrescente";"Céu Claro";"Dupla";"Reta";"Sim";2;0;1;0;1;0;1;2;-19,8728539;-44,0553783;"SPRF-MG";"DEL01-MG";"UOP03-DEL01-MG"
144220;2018-07-03;"terça-feira";"15:20:00";"CE";222;6;"CAUCAIA";"Desobediência às normas de trânsito pelo condutor";"Colisão lateral";"Com Vítimas Feridas";"Pleno dia";"Decrescente";"Sol";"Dupla";"Reta";"Sim";3;0;2;0;0;1;2;2;-3,74285762;-38,62331629;"SPRF-CE";"DEL01-CE";"UOP01-DEL01-CE"
144221;2018-07-03;"terça-feira";"13:50:00";"ES";101;278;"SERRA";"Velocidade Incompatível";"Colisão lateral";"Com Vítimas Feridas";"Pleno dia";"Crescente";"Sol";"Dupla";"Reta";"Não";3;0;1;0;2;0;1;2;-20,0967064;-40,339257;"SPRF-ES";"DEL02-ES";"UOP01-DEL02-ES"
144227;2018-07-03;"terça-feira";"13:50:00";"RO";364;426,1;"JARU";"Desobediência às normas de trânsito pelo condutor";"Colisão transversal";"Com Vítimas Feridas";"Pleno dia";"Crescente";"Céu Claro";"Dupla";"Interseção de Vias";"Sim";2;0;1;0;1;0;1;2;-10,43211556;-62,48014206;"SPRF-RO";"DEL03-RO";"UOP02-DEL03-RO"
144229;2018-07-03;"terça-feira";"15:35:00";"CE";222;5,8;"CAUCAIA";"Falta de Atenção à Condução";"Colisão traseira";"Com Vítimas Feridas";"Pleno dia";"Decrescente";"Céu Claro";"Dupla";"Reta";"Sim";2;0;1;0;1;0;1;2;-3,74290045;-38,623209;"SPRF-CE";"DEL01-CE";"UOP01-DEL01-CE"
144231;2018-07-03;"terça-feira";"15:45:00";"GO";40;1;"VALPARAISO DE GOIAS";"Falta de Atenção do Pedestre";"Atropelamento de Pedestre";"Com Vítimas Feridas";"Pleno dia";"Crescente";"Céu Claro";"Dupla";"Reta";"Sim";2;0;1;0;1;0;1;2;-16,053358;-47,982163;"SPRF-DF";"DEL01-DF";"UOP01-DEL01-DF"
144232;2018-07-03;"terça-feira";"15:30:00";"BA";324;546;"AMELIA RODRIGUES";"Não guardar distância de segurança";"Colisão traseira";"Sem Vítimas";"Pleno dia";"Decrescente";"Céu Claro";"Dupla";"Reta";"Não";2;0;0;0;2;0;0;2;-12,4211574;-38,7450966;"SPRF-BA";"DEL01-BA";"UOP01-DEL01-BA"
144234;2018-07-03;"terça-feira";"10:30:00";"PE";232;468,4;"MIRANDIBA";"Animais na Pista";"Atropelamento de Animal";"Sem Vítimas";"Pleno dia";"Crescente";"Céu Claro";"Simples";"Reta";"Não";1;0;0;0;1;0;0;1;-8,023419;-38,714649;"SPRF-PE";"DEL05-PE";"UOP01-DEL05-PE"
144235;2018-07-03;"terça-feira";"16:20:00";"PE";407;128,8;"PETROLINA";"Desobediência às normas de trânsito pelo condutor";"Colisão transversal";"Com Vítimas Feridas";"Pleno dia";"Decrescente";"Céu Claro";"Simples";"Reta";"Sim";3;0;1;1;1;0;2;2;-9,3915;-40,5183;"SPRF-PE";"DEL06-PE";"UOP01-DEL06-PE"
144237;2018-07-03;"terça-feira";"16:00:00";"MG";116;498,3;"INHAPIM";"Falta de Atenção à Condução";"Colisão frontal";"Sem Vítimas";"Pleno dia";"Crescente";"Nublado";"Simples";"Curva;Declive";"Não";2;0;0;0;2;0;0;2;-19,53103431;-42,12650132;"SPRF-MG";"DEL06-MG";"UOP02-DEL06-MG"
144238;2018-07-03;"terça-feira";"16:35:00";"TO";153;497;"PARAISO DO TOCANTINS";"Ultrapassagem Indevida";"Colisão frontal";"Com Vítimas Feridas";"Pleno dia";"Decrescente";"Sol";"Simples";"Aclive;Curva";"Não";6;0;2;3;1;0;5;2;-10,201175;-48,874002;"SPRF-TO";"DEL02-TO";"UOP01-DEL01-TO"
144240;2018-06-08;"sexta-feira";"20:05:00";"DF";80;12,7;"BRASILIA";"Ingestão de Álcool";"Colisão transversal";"Sem Vítimas";"Plena Noite";"Crescente";"Céu Claro";"Dupla";"Curva";"Sim";4;0;0;0;4;0;0;2;-15,73021825;-48,19157124;"SPRF-DF";"DEL01-DF";"UOP02-DEL03-DF"
144242;2018-07-03;"terça-feira";"15:00:00";"MT";163;831;"SINOP";"Falta de Atenção à Condução";"Colisão transversal";"Com Vítimas Feridas";"Pleno dia";"Crescente";"Céu Claro";"Dupla";"Retorno Regulamentado";"Sim";3;0;2;0;1;0;2;2;-11,88549348;-55,50138474;"SPRF-MT";"DEL06-MT";"UOP01-DEL06-MT"
144243;2018-07-03;"terça-feira";"16:50:00";"ES";101;23,5;"CONCEICAO DA BARRA";"Defeito Mecânico no Veículo";"Tombamento";"Com Vítimas Feridas";"Anoitecer";"Decrescente";"Céu Claro";"Simples";"Declive";"Não";1;0;1;0;0;0;1;1;-18,351198;-39,956894;"SPRF-ES";"DEL04-ES";"UOP02-DEL04-ES"
144245;2018-07-03;"terça-feira";"15:20:00";"MS";262;611,5;"MIRANDA";"Agressão Externa";"Danos eventuais";"Com Vítimas Feridas";"Pleno dia";"Decrescente";"Céu Claro";"Simples";"Curva";"Não";2;0;1;0;1;0;1;1;-20,00925;-56,81463;"SPRF-MS";"DEL03-MS";"UOP02-DEL03-MS"
144247;2018-07-03;"terça-feira";"17:33:00";"PR";369;187;"ARAPONGAS";"Desobediência às normas de trânsito pelo condutor";"Colisão transversal";"Com Vítimas Feridas";"Anoitecer";"Crescente";"Céu Claro";"Simples";"Reta";"Sim";2;0;1;0;1;0;1;2;-23,42796886;-51,42385304;"SPRF-PR";"DEL07-PR";"UOP03-DEL07-PR"
144248;2018-03-05;"segunda-feira";"20:00:00";"PE";428;62;"SANTA MARIA DA BOA VISTA";"Animais na Pista";"Atropelamento de Animal";"Com Vítimas Feridas";"Plena Noite";"Decrescente";"Ignorado";"Simples";"Reta";"Não";1;0;0;1;0;0;1;1;-8,64037244;-39,7184971;"SPRF-PE";"DEL06-PE";"UOP03-DEL06-PE"
144249;2018-07-03;"terça-feira";"14:30:00";"MG";116;494;"INHAPIM";"Falta de Atenção à Condução";"Saída de leito carroçável";"Com Vítimas Feridas";"Pleno dia";"Crescente";"Céu Claro";"Simples";"Reta";"Não";2;0;2;0;0;0;2;1;-19,49622803;-42,12836534;"SPRF-MG";"DEL06-MG";"UOP02-DEL06-MG"
144250;2018-07-03;"terça-feira";"18:00:00";"RJ";40;98,7;"DUQUE DE CAXIAS";"Falta de Atenção à Condução";"Colisão traseira";"Com Vítimas Feridas";"Plena Noite";"Crescente";"Nublado";"Dupla";"Reta";"Não";3;0;1;0;2;0;1;3;-22,583684;-43,276019;"SPRF-RJ";"DEL06-RJ";"UOP01-DEL06-RJ"
144251;2018-07-03;"terça-feira";"18:10:00";"ES";101;270,4;"SERRA";"Falta de Atenção do Pedestre";"Atropelamento de Pedestre";"Sem Vítimas";"Plena Noite";"Decrescente";"Céu Claro";"Múltipla";"Reta";"Sim";2;0;0;0;0;2;0;2;-20,23034848;-40,27317524;"SPRF-ES";"DEL02-ES";"UOP01-DEL02-ES"
144253;2018-07-03;"terça-feira";"17:50:00";"SC";101;326,1;"CAPIVARI DE BAIXO";"Não guardar distância de segurança";"Colisão traseira";"Com Vítimas Feridas";"Anoitecer";"Decrescente";"Nublado";"Múltipla";"Reta;Declive";"Sim";1;0;0;1;0;0;1;1;-28,4278;-48,9475;"SPRF-SC";"DEL02-SC";"UOP01-DEL02-SC"
144254;2018-07-03;"terça-feira";"18:00:00";"PR";277;81,2;"CURITIBA";"Desobediência às normas de trânsito pelo condutor";"Colisão traseira";"Com Vítimas Feridas";"Anoitecer";"Decrescente";"Nublado";"Dupla";"Reta";"Sim";2;0;1;0;1;0;1;2;-25,4665189;-49,21531531;"SPRF-PR";"DEL01-PR";"UOP01-DEL01-PR"
144256;2018-07-03;"terça-feira";"17:00:00";"RO";364;713;"PORTO VELHO";"Falta de Atenção à Condução";"Colisão transversal";"Com Vítimas Feridas";"Pleno dia";"Decrescente";"Céu Claro";"Simples";"Reta";"Sim";3;0;1;0;2;0;1;2;-8,77200432;-63,88358295;"SPRF-RO";"DEL01-RO";"UOP01-DEL01-RO"
144258;2018-07-03;"terça-feira";"18:05:00";"GO";40;6;"VALPARAISO DE GOIAS";"Defeito Mecânico no Veículo";"Queda de ocupante de veículo";"Com Vítimas Feridas";"Plena Noite";"Crescente";"Céu Claro";"Dupla";"Reta";"Não";1;0;1;0;0;0;1;1;-16,100814;-47,977351;"SPRF-DF";"DEL01-DF";"UOP01-DEL01-DF"
144259;2018-07-03;"terça-feira";"17:57:00";"DF";60;3,9;"BRASILIA";"Falta de Atenção à Condução";"Colisão transversal";"Com Vítimas Feridas";"Anoitecer";"Decrescente";"Céu Claro";"Dupla";"Reta";"Sim";1;0;1;0;0;0;1;1;-15,890521;-48,086864;"SPRF-DF";"DEL01-DF";"UOP01-DEL03-DF"
144260;2018-07-03;"terça-feira";"18:20:00";"SC";101;205;"SAO JOSE";"Não guardar distância de segurança";"Colisão lateral";"Com Vítimas Feridas";"Plena Noite";"Decrescente";"Nublado";"Múltipla";"Reta";"Sim";2;0;1;0;1;0;1;2;-27,592;-48,6181;"SPRF-SC";"DEL01-SC";"UOP01-DEL01-SC"
144261;2018-07-03;"terça-feira";"18:40:00";"SE";101;51;"JAPARATUBA";"Defeito na Via";"Queda de ocupante de veículo";"Com Vítimas Feridas";"Plena Noite";"Crescente";"Céu Claro";"Simples";"Em Obras";"Não";2;0;2;0;0;0;2;1;-10,61577724;-36,97994614;"SPRF-SE";"DEL02-SE";"UOP02-DEL02-SE"
144262;2018-07-03;"terça-feira";"18:25:00";"PA";230;116,1;"MARABA";"Falta de Atenção à Condução";"Colisão traseira";"Com Vítimas Feridas";"Plena Noite";"Crescente";"Céu Claro";"Dupla";"Retorno Regulamentado";"Sim";2;0;1;0;1;0;1;2;-5,35908667;-49,08370614;"SPRF-PA";"DEL03-PA";"UOP01-DEL03-PA"
144263;2018-07-03;"terça-feira";"16:50:00";"PR";277;4;"FOZ DO IGUACU";"Não guardar distância de segurança";"Colisão traseira";"Sem Vítimas";"Pleno dia";"Crescente";"Nublado";"Simples";"Reta";"Sim";2;0;0;0;2;0;0;2;-25,46489686;-54,58366156;"SPRF-PR";"DEL05-PR";"UOP03-DEL05-PR"
144266;2018-07-03;"terça-feira";"18:10:00";"GO";153;499;"GOIANIA";"Falta de Atenção à Condução";"Colisão traseira";"Com Vítimas Feridas";"Anoitecer";"Decrescente";"Céu Claro";"Dupla";"Reta";"Sim";3;0;1;0;1;1;1;3;-16,7033;-49,2311;"SPRF-GO";"DEL01-GO";"UOP01-DEL01-GO"
144267;2018-07-03;"terça-feira";"18:20:00";"ES";101;269,5;"SERRA";"Desobediência às normas de trânsito pelo condutor";"Colisão transversal";"Com Vítimas Feridas";"Anoitecer";"Decrescente";"Ignorado";"Múltipla";"Interseção de Vias";"Sim";2;0;0;1;1;0;1;2;-20;-40,27045059;"SPRF-ES";"DEL02-ES";"UOP01-DEL02-ES"
144268;2018-07-03;"terça-feira";"18:55:00";"PR";277;82,8;"CURITIBA";"Velocidade Incompatível";"Engavetamento";"Com Vítimas Feridas";"Plena Noite";"Decrescente";"Céu Claro";"Dupla";"Reta";"Sim";6;0;3;0;2;1;3;4;-25,45197435;-49,2269879;"SPRF-PR";"DEL01-PR";"UOP01-DEL01-PR"
144269;2018-07-03;"terça-feira";"18:20:00";"MG";40;630,4;"CONSELHEIRO LAFAIETE";"Falta de Atenção à Condução";"Colisão traseira";"Com Vítimas Feridas";"Plena Noite";"Crescente";"Céu Claro";"Simples";"Reta";"Não";2;0;1;0;0;1;1;2;-20,66576929;-43,8034907;"SPRF-MG";"DEL05-MG";"UOP02-DEL05-MG"
144270;2018-07-03;"terça-feira";"18:40:00";"MG";381;481,8;"CONTAGEM";"Desobediência às normas de trânsito pelo condutor";"Colisão lateral";"Com Vítimas Feridas";"Anoitecer";"Crescente";"Céu Claro";"Múltipla";"Reta";"Sim";3;0;2;0;1;0;2;2;-19,959;-44,0704;"SPRF-MG";"DEL01-MG";"UOP03-DEL01-MG"
144272;2018-07-03;"terça-feira";"19:00:00";"RN";101;103,5;"PARNAMIRIM";"Desobediência às normas de trânsito pelo pedestre";"Atropelamento de Pedestre";"Com Vítimas Feridas";"Plena Noite";"Crescente";"Céu Claro";"Dupla";"Reta";"Sim";2;0;1;0;1;0;1;2;-5,89034;-35,248951;"SPRF-RN";"DEL01-RN";"UOP01-DEL01-RN"
144273;2018-07-03;"terça-feira";"16:00:00";"ES";262;152,6;"IBATIBA";"Ingestão de Álcool";"Saída de leito carroçável";"Com Vítimas Feridas";"Pleno dia";"Decrescente";"Céu Claro";"Simples";"Curva";"Não";1;0;1;0;0;0;1;1;-20,21499056;-41,45316213;"SPRF-ES";"DEL01-ES";"UOP02-DEL01-ES"
144274;2018-07-03;"terça-feira";"18:40:00";"MG";50;21,8;"UBERLANDIA";"Velocidade Incompatível";"Colisão transversal";"Com Vítimas Feridas";"Plena Noite";"Decrescente";"Céu Claro";"Simples";"Interseção de Vias";"Sim";2;0;0;1;1;0;1;2;-18,93876338;-48,22145104;"SPRF-MG";"DEL15-MG";"UOP02-DEL15-MG"
144275;2018-07-03;"terça-feira";"19:20:00";"ES";101;393,5;"RIO NOVO DO SUL";"Falta de Atenção à Condução";"Colisão transversal";"Com Vítimas Feridas";"Plena Noite";"Crescente";"Céu Claro";"Simples";"Reta";"Não";3;0;2;0;1;0;2;2;-20,86636093;-40,90764642;"SPRF-ES";"DEL03-ES";"UOP02-DEL03-ES"
144276;2018-07-03;"terça-feira";"19:00:00";"GO";60;92;"ANAPOLIS";"Falta de Atenção à Condução";"Saída de leito carroçável";"Com Vítimas Feridas";"Plena Noite";"Crescente";"Céu Claro";"Dupla";"Reta";"Sim";2;0;2;0;0;0;2;1;-16,35171449;-48,91353071;"SPRF-GO";"DEL02-GO";"UOP01-DEL02-GO"
144277;2018-07-03;"terça-feira";"19:44:00";"DF";40;2;"BRASILIA";"Falta de Atenção à Condução";"Colisão lateral";"Com Vítimas Feridas";"Plena Noite";"Crescente";"Céu Claro";"Dupla";"Reta";"Sim";2;0;1;0;1;0;1;2;-15,99435;-47,985947;"SPRF-DF";"DEL01-DF";"UOP01-DEL01-DF"
144278;2018-07-03;"terça-feira";"19:30:00";"SC";282;1;"FLORIANOPOLIS";"Falta de Atenção à Condução";"Colisão traseira";"Com Vítimas Feridas";"Plena Noite";"Crescente";"Céu Claro";"Dupla";"Reta";"Não";2;0;1;0;1;0;1;2;-27,60362195;-48,58347952;"SPRF-SC";"DEL01-SC";"UOP01-DEL01-SC"
144279;2018-07-03;"terça-feira";"10:00:00";"PR";376;642,1;"TIJUCAS DO SUL";"Falta de Atenção à Condução";"Queda de ocupante de veículo";"Com Vítimas Feridas";"Pleno dia";"Decrescente";"Chuva";"Dupla";"Reta";"Não";1;0;1;0;0;0;1;1;-25,78865196;-49,12411538;"SPRF-PR";"DEL01-PR";"DEL7/1-UOP08/PR"
144280;2018-04-26;"quinta-feira";"19:39:00";"SC";280;67,9;"JARAGUA DO SUL";"Falta de Atenção à Condução";"Colisão transversal";"Com Vítimas Feridas";"Plena Noite";"Crescente";"Ignorado";"Simples";"Reta";"Sim";1;0;1;0;0;0;1;1;-26,47165259;-49,11270529;"SPRF-SC";"DEL03-SC";"UOP03-DEL03-SC"
144281;2018-07-03;"terça-feira";"18:00:00";"RR";401;1;"BOA VISTA";"Falta de Atenção do Pedestre";"Atropelamento de Pedestre";"Com Vítimas Feridas";"Anoitecer";"Decrescente";"Ignorado";"Dupla";"Reta";"Sim";2;0;0;1;1;0;1;2;2,8026484;-60,68494678;"SPRF-RR";"DEL01-RR";"UOP01-DEL01-RR"
144282;2018-07-03;"terça-feira";"18:10:00";"MG";381;483,5;"BETIM";"Falta de Atenção à Condução";"Tombamento";"Com Vítimas Feridas";"Plena Noite";"Crescente";"Céu Claro";"Dupla";"Curva";"Sim";1;0;1;0;0;0;1;1;-19,9595136;-44,0890038;"SPRF-MG";"DEL01-MG";"UOP03-DEL01-MG"
144284;2018-07-03;"terça-feira";"20:15:00";"RS";116;166,6;"CAXIAS DO SUL";"Falta de Atenção à Condução";"Colisão com objeto estático";"Com Vítimas Feridas";"Plena Noite";"Crescente";"Garoa/Chuvisco";"Simples";"Declive";"Não";1;0;1;0;0;0;1;1;-29,26962882;-51,15911365;"SPRF-RS";"DEL05-RS";"UOP02-DEL05-RS"
144285;2018-07-03;"terça-feira";"18:30:00";"RJ";101;321;"NITEROI";"Falta de Atenção à Condução";"Colisão traseira";"Com Vítimas Feridas";"Plena Noite";"Decrescente";"Chuva";"Múltipla";"Reta";"Sim";2;0;1;0;1;0;1;2;-22,869852;-43,110458;"SPRF-RJ";"DEL02-RJ";"UOP02-DEL02-RJ"
144286;2018-07-03;"terça-feira";"20:15:00";"MG";40;507,3;"RIBEIRAO DAS NEVES";"Desobediência às normas de trânsito pelo condutor";"Colisão lateral";"Com Vítimas Feridas";"Plena Noite";"Decrescente";"Céu Claro";"Dupla";"Reta";"Sim";2;0;1;0;1;0;1;2;-19,75470826;-44,14096355;"SPRF-MG";"DEL02-MG";"UOP01-DEL02-MG"
144287;2018-07-03;"terça-feira";"19:20:00";"MG";153;239;"FRONTEIRA";"Falta de Atenção à Condução";"Colisão frontal";"Com Vítimas Feridas";"Plena Noite";"Crescente";"Céu Claro";"Simples";"Reta";"Não";4;0;2;0;2;0;2;2;-20,25229294;-49,17106569;"SPRF-MG";"DEL13-MG";"UOP02-DEL13-MG"
144291;2018-07-03;"terça-feira";"20:29:00";"RS";116;269;"CANOAS";"Desobediência às normas de trânsito pelo condutor";"Colisão traseira";"Com Vítimas Feridas";"Plena Noite";"Crescente";"Céu Claro";"Dupla";"Reta";"Sim";4;0;1;0;0;3;1;3;-29,96360702;-51,17658019;"SPRF-RS";"DEL01-RS";"UOP01-DEL01-RS"
144294;2018-07-03;"terça-feira";"17:30:00";"BA";242;242;"BOA VISTA DO TUPIM";"Defeito na Via";"Colisão lateral";"Com Vítimas Feridas";"Anoitecer";"Crescente";"Céu Claro";"Simples";"Curva";"Não";9;0;2;0;7;0;2;3;-12,457451;-40,584846;"SPRF-BA";"DEL06-BA";"UOP02-DEL06-BA"
144295;2018-07-03;"terça-feira";"21:20:00";"SC";101;349;"JAGUARUNA";"Falta de Atenção à Condução";"Queda de ocupante de veículo";"Com Vítimas Feridas";"Plena Noite";"Crescente";"Céu Claro";"Múltipla";"Reta";"Sim";1;0;1;0;0;0;1;1;-28,5878;-49,0464;"SPRF-SC";"DEL02-SC";"UOP01-DEL02-SC"
144297;2018-07-03;"terça-feira";"17:30:00";"PR";277;67;"SAO JOSE DOS PINHAIS";"Mal Súbito";"Saída de leito carroçável";"Com Vítimas Feridas";"Pleno dia";"Crescente";"Nublado";"Simples";"Reta";"Sim";1;0;1;0;0;0;1;1;-25,52834618;-49,08983231;"SPRF-PR";"DEL01-PR";"UOP07-DEL01-PR"
144299;2018-07-03;"terça-feira";"18:30:00";"MG";262;726,7;"PERDIZES";"Condutor Dormindo";"Saída de leito carroçável";"Com Vítimas Feridas";"Anoitecer";"Crescente";"Céu Claro";"Simples";"Reta";"Não";1;0;1;0;0;0;1;1;-19,6235091;-47,25185394;"SPRF-MG";"DEL08-MG";"UOP01-DEL08-MG"