"id";"data_inversa";"dia_semana";"horario";"uf";"br";"km";"municipio";"causa_acidente";"tipo_acidente";"classificacao_acidente";"fase_dia";"sentido_via";"condicao_metereologica";"tipo_pista";"tracado_via";"uso_solo";"pessoas";"mortos";"feridos_leves";"feridos_graves";"ilesos";"ignorados";"feridos";"veiculos";"latitude";"longitude";"regional";"delegacia";"uop"
144301;2018-07-03;"terça-feira";"20:20:00";"RS";101;82,1;"OSORIO";"Ingestão de Álcool";"Colisão transversal";"Sem Vítimas";"Plena Noite";"Decrescente";"Nublado";"Dupla";"Reta";"Sim";2;0;0;0;2;0;0;2;-29,84924258;-50,24540305;"SPRF-RS";"DEL03-RS";"UOP01-DEL03-RS"
144302;2018-07-03;"terça-feira";"19:00:00";"MG";40;639,9;"CONSELHEIRO LAFAIETE";"Desobediência às normas de trânsito pelo condutor";"Colisão transversal";"Com Vítimas Feridas";"Plena Noite";"Decrescente";"Céu Claro";"Simples";"Reta;Interseção de Vias";"Não";7;0;3;0;4;0;3;2;-20,74266972;-43,8009882;"SPRF-MG";"DEL05-MG";"UOP02-DEL05-MG"
144303;2018-07-03;"terça-feira";"22:15:00";"BA";116;14,3;"VITORIA DA CONQUISTA";"Falta de Atenção à Condução";"Colisão com objeto estático";"Com Vítimas Feridas";"Plena Noite";"Decrescente";"Céu Claro";"Simples";"Curva";"Não";1;0;0;1;0;0;1;1;-14,892775;-40,863166;"SPRF-PE";"DEL05-PE";"UOP03-DEL05-PE"
144304;2018-07-03;"terça-feira";"18:20:00";"RO";364;14,7;"VILHENA";"Falta de Atenção à Condução";"Atropelamento de Pedestre";"Com Vítimas Feridas";"Anoitecer";"Decrescente";"Céu Claro";"Dupla";"Reta";"Sim";2;0;1;0;1;0;1;2;-12,738981;-60,139114;"SPRF-RO";"DEL04-RO";"UOP01-DEL04-RO"
144305;2018-07-03;"terça-feira";"22:30:00";"MG";40;560;"NOVA LIMA";"Defeito Mecânico no Veículo";"Saída de leito carroçável";"Com Vítimas Feridas";"Plena Noite";"Crescente";"Ignorado";"Dupla";"Reta";"Não";2;0;2;0;0;0;2;1;-20,12807472;-43,96522522;"SPRF-MG";"DEL01-MG";"UOP02-DEL01-MG"
144306;2018-07-03;"terça-feira";"20:00:00";"MG";262;493,3;"MOEMA";"Falta de Atenção à Condução";"Colisão traseira";"Com Vítimas Feridas";"Plena Noite";"Crescente";"Vento";"Simples";"Reta";"Não";5;0;2;1;1;1;3;3;-19,7957793;-45,38005829;"SPRF-MG";"DEL08-MG";"UOP03-DEL08-MG"
144307;2018-07-03;"terça-feira";"22:40:00";"SC";470;137,5;"RIO DO SUL";"Falta de Atenção à Condução";"Colisão frontal";"Com Vítimas Feridas";"Plena Noite";"Crescente";"Nublado";"Simples";"Reta";"Sim";2;0;1;0;1;0;1;2;-27,18343157;-49,60258752;"SPRF-SC";"DEL04-SC";"UOP02-DEL04-SC"
144311;2018-07-03;"terça-feira";"22:30:00";"RO";364;711;"PORTO VELHO";"Desobediência às normas de trânsito pelo condutor";"Colisão lateral";"Com Vítimas Feridas";"Pleno dia";"Crescente";"Céu Claro";"Dupla";"Interseção de Vias";"Sim";2;0;1;0;1;0;1;2;-8,78244847;-63,8634181;"SPRF-RO";"DEL01-RO";"UOP01-DEL01-RO"
144312;2018-07-03;"terça-feira";"22:00:00";"MS";262;289,6;"CAMPO GRANDE";"Defeito na Via";"Saída de leito carroçável";"Com Vítimas Feridas";"Plena Noite";"Decrescente";"Céu Claro";"Simples";"Curva";"Não";2;0;1;0;1;0;1;1;-20,49281;-54,200331;"SPRF-MS";"DEL01-MS";"UOP01-DEL01-MS"
144313;2018-07-03;"terça-feira";"23:20:00";"PR";369;129,4;"JATAIZINHO";"Animais na Pista";"Atropelamento de Animal";"Sem Vítimas";"Plena Noite";"Decrescente";"Céu Claro";"Simples";"Reta";"Sim";1;0;0;0;1;0;0;1;-23,26061749;-50,97957102;"SPRF-PR";"DEL07-PR";"UOP01-DEL07-PR"
144317;2018-07-03;"terça-feira";"23:25:00";"ES";101;270;"SERRA";"Falta de Atenção à Condução";"Colisão lateral";"Com Vítimas Feridas";"Plena Noite";"Decrescente";"Céu Claro";"Múltipla";"Reta";"Não";2;0;0;1;1;0;1;2;-20,21444185;-40,26954889;"SPRF-ES";"DEL02-ES";"UOP01-DEL02-ES"
144318;2018-07-04;"quarta-feira";"00:01:00";"SC";101;209;"SAO JOSE";"Falta de Atenção à Condução";"Colisão traseira";"Com Vítimas Feridas";"Plena Noite";"Decrescente";"Garoa/Chuvisco";"Múltipla";"Reta";"Sim";2;0;1;0;1;0;1;2;-27,6176;-48,6463;"SPRF-SC";"DEL01-SC";"UOP01-DEL01-SC"
144319;2018-07-04;"quarta-feira";"00:01:00";"SC";101;214,2;"PALHOCA";"Falta de Atenção à Condução";"Colisão com objeto estático";"Com Vítimas Feridas";"Plena Noite";"Crescente";"Chuva";"Múltipla";"Reta";"Não";2;0;0;1;1;0;1;1;-27,652;-48,676;"SPRF-SC";"DEL01-SC";"UOP02-DEL01-SC"
144323;2018-07-04;"quarta-feira";"00:30:00";"RS";290;85,7;"PORTO ALEGRE";"Falta de Atenção à Condução";"Saída de leito carroçável";"Com Vítimas Feridas";"Plena Noite";"Decrescente";"Ignorado";"Múltipla";"Reta";"Não";2;0;2;0;0;0;2;1;-29,967936;-51,106873;"SPRF-RS";"DEL01-RS";"UOP01-DEL01-RS"
144332;2018-07-04;"quarta-feira";"02:10:00";"GO";153;518;"HIDROLANDIA";"Ingestão de Álcool";"Capotamento";"Com Vítimas Feridas";"Plena Noite";"Crescente";"Céu Claro";"Dupla";"Reta";"Não";1;0;1;0;0;0;1;1;-16,867;-49,2505;"SPRF-GO";"DEL01-GO";"UOP03-DEL01-GO"
144336;2018-07-04;"quarta-feira";"04:10:00";"MG";116;712;"MURIAE";"Pista Escorregadia";"Saída de leito carroçável";"Sem Vítimas";"Plena Noite";"Crescente";"Céu Claro";"Simples";"Curva";"Não";1;0;0;0;1;0;0;1;-21,17944979;-42,373477;"SPRF-MG";"DEL07-MG";"UOP02-DEL07-MG"
144338;2018-07-04;"quarta-feira";"06:10:00";"SC";101;207;"SAO JOSE";"Falta de Atenção à Condução";"Queda de ocupante de veículo";"Com Vítimas Feridas";"Plena Noite";"Decrescente";"Chuva";"Múltipla";"Reta";"Sim";2;0;2;0;0;0;2;1;-27,6034;-48,632;"SPRF-SC";"DEL01-SC";"UOP01-DEL01-SC"
144339;2018-07-04;"quarta-feira";"06:10:00";"SC";101;207;"SAO JOSE";"Desobediência às normas de trânsito pelo condutor";"Queda de ocupante de veículo";"Com Vítimas Feridas";"Amanhecer";"Decrescente";"Chuva";"Simples";"Interseção de Vias";"Não";1;0;1;0;0;0;1;1;-27,604625;-48,63313702;"SPRF-SC";"DEL01-SC";"UOP01-DEL01-SC"
144341;2018-07-04;"quarta-feira";"06:00:00";"MT";158;733;"BARRA DO GARCAS";"Animais na Pista";"Atropelamento de Animal";"Com Vítimas Feridas";"Pleno dia";"Crescente";"Sol";"Simples";"Reta";"Não";5;0;1;0;4;0;1;1;-15,81075311;-52,30865479;"SPRF-MT";"DEL07-MT";"UOP01-DEL07-MT"
144342;2018-07-04;"quarta-feira";"06:20:00";"SC";101;207;"SAO JOSE";"Desobediência às normas de trânsito pelo condutor";"Queda de ocupante de veículo";"Com Vítimas Feridas";"Amanhecer";"Crescente";"Chuva";"Simples";"Interseção de Vias";"Não";1;0;1;0;0;0;1;1;-27,60458222;-48,63308338;"SPRF-SC";"DEL01-SC";"UOP01-DEL01-SC"
144349;2018-07-04;"quarta-feira";"06:00:00";"PE";428;32;"CABROBO";"Condutor Dormindo";"Colisão com objeto estático";"Com Vítimas Feridas";"Pleno dia";"Decrescente";"Céu Claro";"Simples";"Reta";"Não";2;0;0;2;0;0;2;1;-8,523058;-39,495522;"SPRF-PE";"DEL05-PE";"UOP03-DEL05-PE"
144350;2018-07-04;"quarta-feira";"07:45:00";"SP";116;221;"GUARULHOS";"Falta de Atenção à Condução";"Colisão traseira";"Com Vítimas Feridas";"Pleno dia";"Crescente";"Céu Claro";"Múltipla";"Reta";"Sim";3;0;2;0;1;0;2;2;-23,47293024;-46,52100563;"SPRF-SP";"DEL01-SP";"UOP01-DEL01-SP"
144351;2018-07-04;"quarta-feira";"07:05:00";"PR";467;98,2;"CASCAVEL";"Desobediência às normas de trânsito pelo condutor";"Colisão transversal";"Sem Vítimas";"Pleno dia";"Decrescente";"Céu Claro";"Dupla";"Retorno Regulamentado";"Não";3;0;0;0;3;0;0;3;-24,89114698;-53,55078578;"SPRF-PR";"DEL04-PR";"UOP01-DEL04-PR"
144352;2018-07-04;"quarta-feira";"07:30:00";"DF";20;13;"BRASILIA";"Falta de Atenção do Pedestre";"Atropelamento de Pedestre";"Com Vítimas Feridas";"Pleno dia";"Crescente";"Céu Claro";"Dupla";"Reta";"Sim";2;0;2;0;0;0;2;2;-15,638752;-47,749599;"SPRF-DF";"DEL02-DF";"UOP01-DEL02-DF"
144353;2018-07-04;"quarta-feira";"07:20:00";"BA";324;619;"SALVADOR";"Falta de Atenção à Condução";"Queda de ocupante de veículo";"Com Vítimas Feridas";"Pleno dia";"Decrescente";"Céu Claro";"Simples";"Reta";"Não";2;0;1;0;1;0;1;1;-12,86502496;-38,42399597;"SPRF-BA";"DEL01-BA";"UOP01-DEL01-BA"
144354;2018-07-04;"quarta-feira";"06:30:00";"MG";381;845;"SAO SEBASTIAO DA BELA VISTA";"Animais na Pista";"Atropelamento de Animal";"Sem Vítimas";"Amanhecer";"Decrescente";"Nevoeiro/Neblina";"Dupla";"Reta";"Não";2;0;0;0;2;0;0;1;-22,20071646;-45,85780531;"SPRF-MG";"DEL16-MG";"UOP01-DEL16-MG"
144355;2018-07-04;"quarta-feira";"07:30:00";"SC";101;210;"SAO JOSE";"Pista Escorregadia";"Queda de ocupante de veículo";"Com Vítimas Feridas";"Pleno dia";"Decrescente";"Chuva";"Dupla";"Reta";"Sim";1;0;1;0;0;0;1;1;-27,615;-48,644;"SPRF-SC";"DEL01-SC";"UOP01-DEL01-SC"
144356;2018-07-04;"quarta-feira";"07:30:00";"MS";163;278,6;"DOURADOS";"Falta de Atenção à Condução";"Tombamento";"Com Vítimas Feridas";"Pleno dia";"Crescente";"Sol";"Dupla";"Reta";"Não";1;0;1;0;0;0;1;1;-22,14956969;-54,63603973;"SPRF-MS";"DEL04-MS";"UOP01-DEL04-MS"
144358;2018-07-04;"quarta-feira";"08:15:00";"PA";230;114,3;"MARABA";"Falta de Atenção à Condução";"Colisão traseira";"Com Vítimas Feridas";"Pleno dia";"Crescente";"Céu Claro";"Simples";"Reta";"Não";2;0;1;0;1;0;1;2;-5,3619242;-49,07613963;"SPRF-PA";"DEL03-PA";"UOP01-DEL03-PA"
144360;2018-07-04;"quarta-feira";"06:40:00";"SC";101;414,9;"ARARANGUA";"Desobediência às normas de trânsito pelo condutor";"Colisão transversal";"Com Vítimas Feridas";"Pleno dia";"Decrescente";"Nublado";"Simples";"Interseção de Vias";"Sim";2;0;1;0;1;0;1;2;-28,95071977;-49,53153849;"SPRF-SC";"DEL02-SC";"UOP02-DEL02-SC"
144361;2018-07-04;"quarta-feira";"06:30:00";"SP";381;89,5;"SAO PAULO";"Falta de Atenção à Condução";"Colisão traseira";"Com Vítimas Feridas";"Pleno dia";"Crescente";"Céu Claro";"Múltipla";"Reta";"Sim";3;0;2;0;1;0;2;3;-23,49524635;-46,55968671;"SPRF-SP";"DEL03-SP";"DEL6/3-UOP03/SP"
144365;2018-07-04;"quarta-feira";"08:40:00";"PI";343;4,9;"TERESINA";"Não guardar distância de segurança";"Colisão traseira";"Com Vítimas Feridas";"Pleno dia";"Crescente";"Céu Claro";"Dupla";"Reta";"Sim";3;0;1;0;2;0;1;3;-5,08166822;-42,79304624;"SPRF-PI";"DEL05-PI";"UOP01-DEL05-PI"
144366;2018-07-04;"quarta-feira";"08:40:00";"SP";116;150,5;"SAO JOSE DOS CAMPOS";"Falta de Atenção à Condução";"Colisão traseira";"Com Vítimas Feridas";"Pleno dia";"Crescente";"Nublado";"Dupla";"Reta";"Sim";2;0;1;0;1;0;1;2;-23,213354;-45,893059;"SPRF-SP";"DEL02-SP";"UOP01-DEL02-SP"
144367;2018-07-04;"quarta-feira";"09:25:00";"PI";343;4,4;"TERESINA";"Falta de Atenção do Pedestre";"Atropelamento de Pedestre";"Com Vítimas Feridas";"Pleno dia";"Crescente";"Céu Claro";"Múltipla";"Reta";"Não";2;0;0;1;1;0;1;2;-5,08051405;-42,78599001;"SPRF-PI";"DEL05-PI";"UOP01-DEL05-PI"
144368;2018-07-04;"quarta-feira";"08:50:00";"SC";101;215,6;"PALHOCA";"Desobediência às normas de trânsito pelo condutor";"Colisão transversal";"Com Vítimas Feridas";"Pleno dia";"Decrescente";"Chuva";"Múltipla";"Interseção de Vias";"Sim";3;0;2;0;1;0;2;2;-27,6558206;-48,67803812;"SPRF-SC";"DEL01-SC";"UOP02-DEL01-SC"
144369;2018-06-30;"sábado";"19:50:00";"PR";277;97,1;"CURITIBA";"Desobediência às normas de trânsito pelo condutor";"Colisão com objeto estático";"Com Vítimas Feridas";"Plena Noite";"Decrescente";"Céu Claro";"Dupla";"Reta";"Sim";1;0;1;0;0;0;1;1;-25,43048543;-49,34378386;"SPRF-PR";"DEL01-PR";"UOP06-DEL01-PR"
144370;2018-07-04;"quarta-feira";"09:30:00";"ES";101;127,8;"SOORETAMA";"Falta de Atenção à Condução";"Colisão frontal";"Com Vítimas Feridas";"Pleno dia";"Decrescente";"Céu Claro";"Simples";"Reta";"Sim";2;0;1;0;1;0;1;2;-19,20937378;-40,09473324;"SPRF-ES";"DEL04-ES";"UOP01-DEL04-ES"
144371;2018-07-04;"quarta-feira";"09:45:00";"SC";282;307,9;"VARGEM";"Pista Escorregadia";"Saída de leito carroçável";"Sem Vítimas";"Pleno dia";"Decrescente";"Garoa/Chuvisco";"Simples";"Aclive;Curva";"Não";1;0;0;0;1;0;0;1;-27,49096;-50,97233;"SPRF-SC";"DEL07-SC";"UOP06-DEL07-SC"
144374;2018-05-25;"sexta-feira";"18:00:00";"RN";101;73;"EXTREMOZ";"Falta de Atenção à Condução";"Colisão lateral";"Com Vítimas Feridas";"Plena Noite";"Decrescente";"Céu Claro";"Simples";"Interseção de Vias";"Não";2;0;1;0;1;0;1;2;-5,706872;-35,266884;"SPRF-RN";"DEL02-RN";"UOP01-DEL02-RN"
144375;2018-07-04;"quarta-feira";"09:45:00";"SC";101;325,9;"CAPIVARI DE BAIXO";"Desobediência às normas de trânsito pelo condutor";"Colisão transversal";"Sem Vítimas";"Pleno dia";"Decrescente";"Chuva";"Simples";"Interseção de Vias";"Sim";2;0;0;0;2;0;0;2;-28,4245;-48,938;"SPRF-SC";"DEL02-SC";"UOP01-DEL02-SC"
144378;2018-07-01;"domingo";"03:30:00";"RJ";393;181;"PARAIBA DO SUL";"Ultrapassagem Indevida";"Queda de ocupante de veículo";"Com Vítimas Feridas";"Plena Noite";"Decrescente";"Céu Claro";"Simples";"Reta";"Não";1;0;0;1;0;0;1;1;-22,126953;-43,23513;"SPRF-RJ";"DEL05-RJ";"UOP03-DEL05-RJ"
144381;2018-07-04;"quarta-feira";"11:30:00";"GO";40;15;"LUZIANIA";"Falta de Atenção à Condução";"Colisão traseira";"Com Vítimas Feridas";"Pleno dia";"Decrescente";"Céu Claro";"Dupla";"Reta";"Não";3;0;0;1;2;0;1;2;-16,16855715;-47,9298842;"SPRF-DF";"DEL01-DF";"UOP01-DEL01-DF"
144383;2018-07-04;"quarta-feira";"11:00:00";"CE";20;432;"FORTALEZA";"Desobediência às normas de trânsito pelo condutor";"Colisão traseira";"Com Vítimas Feridas";"Pleno dia";"Crescente";"Céu Claro";"Simples";"Reta";"Sim";3;0;1;0;2;0;1;2;-3,76939728;-38,66903186;"SPRF-CE";"DEL01-CE";"UOP02-DEL01-CE"
144384;2018-01-17;"quarta-feira";"07:10:00";"PR";277;2,5;"PARANAGUA";"Desobediência às normas de trânsito pelo condutor";"Colisão com objeto estático";"Com Vítimas Feridas";"Amanhecer";"Crescente";"Garoa/Chuvisco";"Simples";"Reta";"Sim";1;0;1;0;0;0;1;1;-25,53749475;-48,55717242;"SPRF-PR";"DEL01-PR";"UOP05-DEL01-PR"
144385;2018-01-21;"domingo";"02:25:00";"PB";230;12,3;"CABEDELO";"Falta de Atenção do Pedestre";"Atropelamento de Pedestre";"Com Vítimas Fatais";"Pleno dia";"Crescente";"Nublado";"Dupla";"Reta";"Sim";4;1;0;2;0;1;2;2;-7,07592584;-34,8494643;"SPRF-PB";"DEL01-PB";"UOP01-DEL01-PB"
144387;2018-07-04;"quarta-feira";"10:00:00";"RJ";116;168;"SAO JOAO DE MERITI";"Falta de Atenção à Condução";"Colisão lateral";"Com Vítimas Feridas";"Pleno dia";"Decrescente";"Céu Claro";"Dupla";"Reta";"Não";3;0;2;0;1;0;2;2;-22,819967;-43,314999;"SPRF-RJ";"DEL01-RJ";"UOP02-DEL01-RJ"
144389;2018-05-24;"quinta-feira";"09:00:00";"SP";116;223,9;"GUARULHOS";"Não guardar distância de segurança";"Colisão traseira";"Com Vítimas Feridas";"Pleno dia";"Crescente";"Nublado";"Múltipla";"Reta";"Sim";3;0;2;0;1;0;2;2;-23,48236019;-46,53596549;"SPRF-SP";"DEL01-SP";"UOP01-DEL01-SP"
144390;2018-07-04;"quarta-feira";"10:49:00";"SC";101;243,5;"PALHOCA";"Falta de Atenção à Condução";"Saída de leito carroçável";"Com Vítimas Feridas";"Pleno dia";"Crescente";"Chuva";"Dupla";"Reta";"Não";1;0;1;0;0;0;1;1;-27,8961;-48,6484;"SPRF-SC";"DEL01-SC";"UOP02-DEL01-SC"
144391;2018-07-04;"quarta-feira";"10:00:00";"PE";104;26,7;"TAQUARITINGA DO NORTE";"Não guardar distância de segurança";"Engavetamento";"Sem Vítimas";"Pleno dia";"Crescente";"Céu Claro";"Simples";"Reta";"Não";4;0;0;0;4;0;0;4;-7,9993771;-36,09252764;"SPRF-PE";"DEL02-PE";"UOP01-DEL02-PE"
144392;2018-07-04;"quarta-feira";"12:40:00";"SC";101;199,2;"SAO JOSE";"Falta de Atenção à Condução";"Colisão traseira";"Com Vítimas Feridas";"Pleno dia";"Decrescente";"Chuva";"Múltipla";"Reta";"Sim";3;0;1;0;2;0;1;2;-27,54;-48,623;"SPRF-SC";"DEL01-SC";"UOP01-DEL01-SC"
144393;2018-07-04;"quarta-feira";"13:00:00";"PE";232;6;"RECIFE";"Falta de Atenção à Condução";"Colisão lateral";"Com Vítimas Feridas";"Pleno dia";"Crescente";"Sol";"Dupla";"Reta";"Não";2;0;1;0;1;0;1;2;-8,072749;-34,960102;"SPRF-PE";"DEL01-PE";"UOP01-DEL01-PE"
144394;2018-07-04;"quarta-feira";"12:05:00";"SC";282;502,7;"XANXERE";"Desobediência às normas de trânsito pelo condutor";"Colisão transversal";"Com Vítimas Feridas";"Pleno dia";"Crescente";"Nublado";"Simples";"Reta;Declive";"Sim";2;0;1;0;1;0;1;2;-26,88537804;-52,39339113;"SPRF-SC";"DEL07-SC";"UOP01-DEL07-SC"
144395;2018-07-04;"quarta-feira";"12:15:00";"DF";70;10,5;"BRASILIA";"Ingestão de Álcool";"Capotamento";"Com Vítimas Feridas";"Pleno dia";"Crescente";"Céu Claro";"Dupla";"Reta";"Sim";1;0;1;0;0;0;1;1;-15,787066;-48,140709;"SPRF-DF";"DEL01-DF";"UOP02-DEL03-DF"
144396;2018-07-04;"quarta-feira";"10:35:00";"GO";60;185,8;"GUAPO";"Defeito Mecânico no Veículo";"Atropelamento de Pedestre";"Com Vítimas Feridas";"Pleno dia";"Crescente";"Céu Claro";"Dupla";"Curva";"Não";3;0;2;0;1;0;2;2;-16,77693149;-49,4880867;"SPRF-GO";"DEL01-GO";"UOP02-DEL01-GO"
144397;2018-07-04;"quarta-feira";"02:25:00";"SC";101;280;"IMBITUBA";"Ingestão de Álcool";"Saída de leito carroçável";"Sem Vítimas";"Plena Noite";"Decrescente";"Chuva";"Dupla";"Reta";"Não";1;0;0;0;1;0;0;1;-28,2087;-48,6989;"SPRF-SC";"DEL02-SC";"UOP03-DEL02-SC"
144398;2018-04-15;"domingo";"10:40:00";"MS";262;371;"TERENOS";"Não guardar distância de segurança";"Colisão traseira";"Com Vítimas Feridas";"Pleno dia";"Decrescente";"Céu Claro";"Simples";"Reta";"Não";2;0;1;0;0;1;1;2;-20,4833;-54,78931;"SPRF-MS";"DEL01-MS";"UOP03-DEL01-MS"
144399;2018-07-04;"quarta-feira";"11:52:00";"RN";101;94;"NATAL";"Defeito Mecânico no Veículo";"Colisão frontal";"Com Vítimas Fatais";"Pleno dia";"Crescente";"Sol";"Múltipla";"Curva";"Sim";5;1;1;0;2;1;1;5;-5,833016;-35,212355;"SPRF-RN";"DEL01-RN";"UOP01-DEL01-RN"
144401;2018-07-04;"quarta-feira";"12:46:00";"SC";282;6;"SAO JOSE";"Falta de Atenção à Condução";"Colisão lateral";"Com Vítimas Feridas";"Pleno dia";"Decrescente";"Chuva";"Dupla";"Curva";"Sim";2;0;1;0;1;0;1;2;-27,591936;-48,618244;"SPRF-SC";"DEL01-SC";"UOP01-DEL01-SC"
144403;2018-07-04;"quarta-feira";"12:58:00";"DF";40;0,2;"BRASILIA";"Falta de Atenção à Condução";"Colisão traseira";"Com Vítimas Feridas";"Pleno dia";"Decrescente";"Sol";"Dupla";"Reta";"Sim";2;0;1;0;1;0;1;1;-15,976897;-47,990129;"SPRF-DF";"DEL01-DF";"UOP01-DEL01-DF"
144405;2018-07-04;"quarta-feira";"11:30:00";"GO";60;124;"GOIANAPOLIS";"Defeito Mecânico no Veículo";"Saída de leito carroçável";"Com Vítimas Feridas";"Pleno dia";"Decrescente";"Céu Claro";"Dupla";"Aclive";"Não";1;0;1;0;0;0;1;1;-16,5243;-49,1313;"SPRF-GO";"DEL01-GO";"UOP01-DEL01-GO"
144406;2018-07-04;"quarta-feira";"13:40:00";"BA";101;875;"TEIXEIRA DE FREITAS";"Falta de Atenção à Condução";"Colisão transversal";"Com Vítimas Feridas";"Pleno dia";"Crescente";"Sol";"Simples";"Interseção de Vias";"Sim";3;0;2;0;1;0;2;2;-17,5238;-39,7079;"SPRF-BA";"DEL09-BA";"UOP02-DEL09-BA"
144407;2018-07-04;"quarta-feira";"13:20:00";"PR";369;87,7;"CORNELIO PROCOPIO";"Velocidade Incompatível";"Tombamento";"Com Vítimas Feridas";"Pleno dia";"Decrescente";"Céu Claro";"Dupla";"Reta";"Sim";1;0;1;0;0;0;1;1;-23,18280514;-50,63588524;"SPRF-PR";"DEL07-PR";"UOP05-DEL07-PR"
144408;2018-07-04;"quarta-feira";"14:00:00";"GO";20;162,9;"ALVORADA DO NORTE";"Ultrapassagem Indevida";"Saída de leito carroçável";"Com Vítimas Feridas";"Pleno dia";"Crescente";"Céu Claro";"Simples";"Reta";"Não";1;0;0;1;0;0;1;1;-14,60318;-46,599838;"SPRF-DF";"DEL02-DF";"UOP03-DEL02-DF"
144409;2018-07-04;"quarta-feira";"12:50:00";"AP";210;1;"MACAPA";"Falta de Atenção à Condução";"Colisão transversal";"Com Vítimas Feridas";"Pleno dia";"Decrescente";"Céu Claro";"Simples";"Reta";"Sim";2;0;1;0;1;0;1;2;0,0785136;-51,07151806;"SPRF-AP";"DEL01-AP";"UOP01-DEL01-AP"
144410;2018-07-04;"quarta-feira";"14:20:00";"SP";381;58;"MAIRIPORA";"Não guardar distância de segurança";"Colisão traseira";"Com Vítimas Feridas";"Pleno dia";"Decrescente";"Céu Claro";"Dupla";"Reta";"Não";3;0;1;0;2;0;1;2;-23,279869;-46,586456;"SPRF-SP";"DEL03-SP";"UOP01-DEL03-SP"
144411;2018-07-04;"quarta-feira";"13:00:00";"MG";365;640,1;"UBERLANDIA";"Sinalização da via insuficiente ou inadequada";"Colisão transversal";"Com Vítimas Feridas";"Pleno dia";"Decrescente";"Sol";"Dupla";"Reta;Declive";"Não";3;0;1;0;1;1;1;3;-18,89286256;-48,41670245;"SPRF-MG";"DEL15-MG";"UOP01-DEL15-MG"
144413;2018-07-04;"quarta-feira";"09:20:00";"MT";163;520;"NOVA MUTUM";"Condutor Dormindo";"Saída de leito carroçável";"Com Vítimas Feridas";"Pleno dia";"Decrescente";"Céu Claro";"Simples";"Reta";"Não";1;0;1;0;0;0;1;1;-13,64531955;-56,03542328;"SPRF-MT";"DEL01-MT";"UOP01-DEL01-MT"
144416;2018-07-04;"quarta-feira";"14:57:00";"RS";116;231;"IVOTI";"Falta de Atenção à Condução";"Colisão transversal";"Com Vítimas Feridas";"Pleno dia";"Crescente";"Nublado";"Simples";"Reta";"Não";3;0;1;0;2;0;1;2;-29,627432;-51,138584;"SPRF-RS";"DEL01-RS";"UOP02-DEL01-RS"
144418;2018-07-04;"quarta-feira";"15:45:00";"TO";153;713,6;"CARIRI DO TOCANTINS";"Falta de Atenção à Condução";"Colisão transversal";"Com Vítimas Feridas";"Pleno dia";"Decrescente";"Céu Claro";"Simples";"Reta";"Não";5;0;3;1;1;0;4;2;-12,08296727;-49,20089722;"SPRF-TO";"DEL02-TO";"UOP02-DEL01-TO"
144419;2018-05-13;"domingo";"20:40:00";"RN";427;100,5;"CAICO";"Desobediência às normas de trânsito pelo condutor";"Colisão transversal";"Com Vítimas Feridas";"Plena Noite";"Decrescente";"Céu Claro";"Dupla";"Reta";"Sim";2;0;0;1;1;0;1;2;-6,45947914;-37,09728386;"SPRF-RN";"DEL03-RN";"UOP01-DEL03-RN"
144420;2018-07-04;"quarta-feira";"14:50:00";"RJ";116;254,9;"PIRAI";"Falta de Atenção do Pedestre";"Atropelamento de Pedestre";"Sem Vítimas";"Pleno dia";"Decrescente";"Céu Claro";"Dupla";"Reta";"Não";1;0;0;0;1;0;0;1;-22,58416;-44,04701;"SPRF-RJ";"DEL07-RJ";"UOP02-DEL07-RJ"
144422;2018-07-04;"quarta-feira";"15:20:00";"RJ";116;314,8;"RESENDE";"Agressão Externa";"Capotamento";"Com Vítimas Feridas";"Pleno dia";"Crescente";"Céu Claro";"Dupla";"Reta";"Sim";1;0;1;0;0;0;1;1;-22,465601;-44,491028;"SPRF-RJ";"DEL07-RJ";"DEL5/7-UOP03/RJ"
144424;2018-07-04;"quarta-feira";"16:15:00";"SP";153;177;"LINS";"Carga excessiva e/ou mal acondicionada";"Colisão com objeto em movimento";"Sem Vítimas";"Pleno dia";"Decrescente";"Céu Claro";"Simples";"Reta";"Não";3;0;0;0;3;0;0;1;-21,65296092;-49,78895009;"SPRF-SP";"DEL07-SP";"UOP01-DEL07-SP"
144426;2018-07-04;"quarta-feira";"16:27:00";"BA";101;264;"SANTO ANTONIO DE JESUS";"Falta de Atenção à Condução";"Colisão traseira";"Com Vítimas Feridas";"Pleno dia";"Decrescente";"Céu Claro";"Simples";"Reta";"Sim";2;0;1;0;1;0;1;2;-12,9814;-39,2873;"SPRF-BA";"DEL01-BA";"UOP02-DEL01-BA"
144427;2018-07-04;"quarta-feira";"16:45:00";"BA";116;421;"FEIRA DE SANTANA";"Animais na Pista";"Danos eventuais";"Sem Vítimas";"Anoitecer";"Decrescente";"Céu Claro";"Simples";"Reta";"Sim";1;0;0;0;1;0;0;1;-12,22921566;-38,96440744;"SPRF-BA";"DEL02-BA";"UOP01-DEL02-BA"