"id";"data_inversa";"dia_semana";"horario";"uf";"br";"km";"municipio";"causa_acidente";"tipo_acidente";"classificacao_acidente";"fase_dia";"sentido_via";"condicao_metereologica";"tipo_pista";"tracado_via";"uso_solo";"pessoas";"mortos";"feridos_leves";"feridos_graves";"ilesos";"ignorados";"feridos";"veiculos";"latitude";"longitude";"regional";"delegacia";"uop"
144429;2018-07-04;"quarta-feira";"15:45:00";"PR";153;121,5;"IBAITI";"Falta de Atenção à Condução";"Saída de leito carroçável";"Com Vítimas Feridas";"Pleno dia";"Crescente";"Céu Claro";"Simples";"Curva";"Não";1;0;1;0;0;0;1;1;-23,904146;-50,205738;"SPRF-PR";"DEL07-PR";"UOP04-DEL07-PR"
144430;2018-07-04;"quarta-feira";"15:30:00";"SC";282;5,5;"SAO JOSE";"Falta de Atenção à Condução";"Atropelamento de Pedestre";"Com Vítimas Feridas";"Pleno dia";"Decrescente";"Chuva";"Dupla";"Curva";"Não";2;0;2;0;0;0;2;2;-27,58784292;-48,61530125;"SPRF-SC";"DEL01-SC";"UOP01-DEL01-SC"
144431;2018-07-04;"quarta-feira";"16:59:00";"MG";365;627;"UBERLANDIA";"Falta de Atenção à Condução";"Queda de ocupante de veículo";"Com Vítimas Feridas";"Pleno dia";"Decrescente";"Céu Claro";"Dupla";"Reta";"Sim";2;0;1;0;1;0;1;1;-18,9069361;-48,29972863;"SPRF-MG";"DEL15-MG";"UOP01-DEL15-MG"
144432;2018-07-04;"quarta-feira";"16:50:00";"SC";101;213;"PALHOCA";"Desobediência às normas de trânsito pelo condutor";"Colisão transversal";"Com Vítimas Feridas";"Pleno dia";"Decrescente";"Nublado";"Múltipla";"Túnel";"Não";2;0;1;0;1;0;1;2;-27,63956911;-48,66669774;"SPRF-SC";"DEL01-SC";"UOP02-DEL01-SC"
144433;2018-06-06;"quarta-feira";"18:29:00";"BA";242;514;"OLIVEIRA DOS BREJINHOS";"Animais na Pista";"Colisão com objeto em movimento";"Com Vítimas Feridas";"Anoitecer";"Crescente";"Ignorado";"Simples";"Reta";"Não";1;0;1;0;0;0;1;1;-12,05694797;-43,09429049;"SPRF-BA";"DEL10-BA";"UOP03-DEL06-BA"
144434;2018-07-04;"quarta-feira";"15:55:00";"MA";135;74,1;"SANTA RITA";"Desobediência às normas de trânsito pelo condutor";"Saída de leito carroçável";"Com Vítimas Feridas";"Pleno dia";"Decrescente";"Céu Claro";"Simples";"Reta";"Não";2;0;2;0;0;0;2;1;-3,17288629;-44,34188055;"SPRF-MA";"DEL01-MA";"UOP02-DEL01-MA"
144436;2018-07-04;"quarta-feira";"17:20:00";"RN";101;106;"PARNAMIRIM";"Desobediência às normas de trânsito pelo condutor";"Colisão lateral";"Com Vítimas Feridas";"Anoitecer";"Crescente";"Céu Claro";"Dupla";"Reta";"Sim";2;0;1;0;1;0;1;2;-5,91756254;-35,263592;"SPRF-RN";"DEL01-RN";"UOP01-DEL01-RN"
144437;2018-07-04;"quarta-feira";"16:50:00";"CE";222;240,1;"SOBRAL";"Defeito na Via";"Saída de leito carroçável";"Com Vítimas Feridas";"Pleno dia";"Decrescente";"Céu Claro";"Simples";"Reta";"Não";2;0;1;0;1;0;1;1;-3,7353;-40,484587;"SPRF-CE";"DEL04-CE";"UOP01-DEL04-CE"
144438;2018-07-04;"quarta-feira";"17:20:00";"PA";230;113;"MARABA";"Falta de Atenção à Condução";"Colisão transversal";"Com Vítimas Feridas";"Pleno dia";"Crescente";"Céu Claro";"Simples";"Reta";"Não";2;0;0;1;1;0;1;2;-5,366874;-49,057587;"SPRF-PA";"DEL03-PA";"UOP01-DEL03-PA"
144439;2018-07-04;"quarta-feira";"17:08:00";"SP";153;62,9;"SAO JOSE DO RIO PRETO";"Defeito Mecânico no Veículo";"Tombamento";"Com Vítimas Feridas";"Pleno dia";"Decrescente";"Céu Claro";"Dupla";"Declive;Reta";"Sim";2;0;2;0;0;0;2;1;-20,819403;-49,357423;"SPRF-SP";"DEL09-SP";"UOP01-DEL09-SP"
144441;2018-07-04;"quarta-feira";"17:40:00";"DF";40;3;"BRASILIA";"Desobediência às normas de trânsito pelo condutor";"Colisão traseira";"Com Vítimas Feridas";"Pleno dia";"Crescente";"Céu Claro";"Dupla";"Reta";"Sim";2;0;1;0;1;0;1;2;-16,003145;-47,983944;"SPRF-DF";"DEL01-DF";"UOP01-DEL01-DF"
144443;2018-04-23;"segunda-feira";"07:00:00";"SC";116;127;"SANTA CECILIA";"Falta de Atenção à Condução";"Colisão transversal";"Com Vítimas Feridas";"Pleno dia";"Decrescente";"Céu Claro";"Simples";"Declive";"Não";3;0;2;0;1;0;2;2;-26,907774;-50,441204;"SPRF-SC";"DEL06-SC";"UOP02-DEL06-SC"
144444;2018-07-04;"quarta-feira";"18:00:00";"MG";381;337;"NOVA ERA";"Velocidade Incompatível";"Saída de leito carroçável";"Com Vítimas Feridas";"Plena Noite";"Decrescente";"Céu Claro";"Simples";"Curva";"Não";1;0;0;1;0;0;1;1;-19,7784;-43,0437;"SPRF-MG";"DEL03-MG";"UOP01-DEL03-MG"
144446;2018-07-04;"quarta-feira";"17:10:00";"SP";116;227;"SAO PAULO";"Defeito Mecânico no Veículo";"Queda de ocupante de veículo";"Com Vítimas Feridas";"Anoitecer";"Crescente";"Céu Claro";"Múltipla";"Reta";"Sim";1;0;1;0;0;0;1;1;-23,50026984;-46,56265606;"SPRF-SP";"DEL01-SP";"UOP01-DEL01-SP"
144449;2018-07-04;"quarta-feira";"17:30:00";"PR";373;477,8;"CORONEL VIVIDA";"Desobediência às normas de trânsito pelo condutor";"Colisão transversal";"Com Vítimas Feridas";"Anoitecer";"Decrescente";"Céu Claro";"Simples";"Reta";"Sim";2;0;1;0;1;0;1;2;-25,986326;-52,544692;"SPRF-PR";"DEL02-PR";"UOP01-DEL02-PR"
144451;2018-07-04;"quarta-feira";"18:45:00";"MG";365;627,8;"UBERLANDIA";"Não guardar distância de segurança";"Colisão traseira";"Com Vítimas Feridas";"Plena Noite";"Crescente";"Céu Claro";"Dupla";"Reta";"Sim";4;0;1;1;2;0;2;3;-18,90710864;-48,31662923;"SPRF-MG";"DEL15-MG";"UOP01-DEL15-MG"
144452;2018-07-04;"quarta-feira";"18:10:00";"PI";316;1;"TERESINA";"Falta de Atenção à Condução";"Colisão transversal";"Com Vítimas Feridas";"Plena Noite";"Decrescente";"Céu Claro";"Dupla";"Interseção de Vias";"Não";2;0;1;0;1;0;1;2;-5,12501187;-42,79951572;"SPRF-PI";"DEL01-PI";"UOP02-DEL01-PI"
144453;2018-07-04;"quarta-feira";"18:00:00";"SC";101;125;"ITAJAI";"Deficiência ou não Acionamento do Sistema de Iluminação/Sinalização do Veículo";"Tombamento";"Com Vítimas Feridas";"Plena Noite";"Decrescente";"Nublado";"Dupla";"Curva";"Não";1;0;1;0;0;0;1;1;-26,9557;-48,6796;"SPRF-SC";"DEL04-SC";"UOP04-DEL04-SC"
144454;2018-07-04;"quarta-feira";"17:20:00";"MT";163;111;"RONDONOPOLIS";"Falta de Atenção à Condução";"Queda de ocupante de veículo";"Com Vítimas Feridas";"Anoitecer";"Crescente";"Céu Claro";"Simples";"Viaduto";"Não";1;0;1;0;0;0;1;1;-16,569801;-54,683422;"SPRF-MT";"DEL02-MT";"UOP01-DEL02-MT"
144456;2018-07-04;"quarta-feira";"18:00:00";"SC";101;30;"JOINVILLE";"Falta de Atenção à Condução";"Colisão traseira";"Com Vítimas Feridas";"Plena Noite";"Decrescente";"Chuva";"Dupla";"Aclive";"Não";2;0;1;0;1;0;1;2;-26,2367;-48,9146;"SPRF-SC";"DEL03-SC";"UOP01-DEL03-SC"
144457;2018-07-04;"quarta-feira";"17:30:00";"SP";116;227,6;"SAO PAULO";"Falta de Atenção à Condução";"Tombamento";"Com Vítimas Feridas";"Plena Noite";"Decrescente";"Céu Claro";"Múltipla";"Curva";"Sim";1;0;1;0;0;0;1;1;-23,50156938;-46,56360984;"SPRF-SP";"DEL01-SP";"UOP01-DEL01-SP"
144461;2018-07-04;"quarta-feira";"18:15:00";"PR";277;347,9;"GUARAPUAVA";"Velocidade Incompatível";"Colisão traseira";"Com Vítimas Feridas";"Plena Noite";"Decrescente";"Céu Claro";"Simples";"Reta";"Não";2;0;0;1;1;0;1;2;-25,38009062;-51,5083909;"SPRF-PR";"DEL03-PR";"UOP01-DEL08-PR"
144463;2018-07-04;"quarta-feira";"18:30:00";"GO";20;192;"POSSE";"Animais na Pista";"Atropelamento de Animal";"Com Vítimas Feridas";"Plena Noite";"Decrescente";"Céu Claro";"Simples";"Reta";"Não";1;0;1;0;0;0;1;1;-14,381867;-46,446095;"SPRF-DF";"DEL02-DF";"UOP03-DEL02-DF"
144464;2018-07-04;"quarta-feira";"14:40:00";"RJ";116;215;"PARACAMBI";"Carga excessiva e/ou mal acondicionada";"Derramamento de carga";"Sem Vítimas";"Pleno dia";"Crescente";"Céu Claro";"Dupla";"Reta";"Não";2;0;0;0;2;0;0;2;-22,69702061;-43,76712799;"SPRF-RJ";"DEL01-RJ";"UOP03-DEL01-RJ"
144465;2018-07-04;"quarta-feira";"19:35:00";"DF";70;8;"BRASILIA";"Falta de Atenção à Condução";"Engavetamento";"Com Vítimas Feridas";"Plena Noite";"Crescente";"Céu Claro";"Dupla";"Reta";"Sim";4;0;1;0;3;0;1;4;-15,784966;-48,122108;"SPRF-DF";"DEL01-DF";"UOP02-DEL03-DF"
144466;2018-07-04;"quarta-feira";"19:15:00";"RJ";116;294,5;"PORTO REAL";"Defeito Mecânico no Veículo";"Incêndio";"Sem Vítimas";"Plena Noite";"Decrescente";"Nevoeiro/Neblina";"Dupla";"Reta";"Sim";1;0;0;0;1;0;0;1;-22,449371;-44,321712;"SPRF-RJ";"DEL07-RJ";"DEL5/7-UOP03/RJ"
144467;2018-07-04;"quarta-feira";"15:00:00";"MG";116;513,6;"UBAPORANGA";"Defeito Mecânico no Veículo";"Tombamento";"Com Vítimas Feridas";"Pleno dia";"Crescente";"Céu Claro";"Simples";"Reta";"Não";2;0;2;0;0;0;2;1;-19,660963;-42,116991;"SPRF-MG";"DEL06-MG";"UOP02-DEL06-MG"
144468;2018-07-04;"quarta-feira";"19:50:00";"BA";324;618;"SALVADOR";"Falta de Atenção do Pedestre";"Atropelamento de Pedestre";"Com Vítimas Feridas";"Plena Noite";"Crescente";"Céu Claro";"Múltipla";"Reta";"Sim";2;0;1;0;1;0;1;2;-12,89891149;-38,45077515;"SPRF-BA";"DEL01-BA";"UOP01-DEL01-BA"
144469;2018-07-04;"quarta-feira";"19:45:00";"PR";476;122;"CURITIBA";"Falta de Atenção à Condução";"Tombamento";"Com Vítimas Feridas";"Plena Noite";"Crescente";"Nublado";"Dupla";"Reta";"Sim";1;0;1;0;0;0;1;1;-25,38978356;-49,20637563;"SPRF-PR";"DEL01-PR";"UOP01-DEL01-PR"
144470;2018-07-04;"quarta-feira";"18:30:00";"SC";280;54,7;"GUARAMIRIM";"Defeito na Via";"Queda de ocupante de veículo";"Com Vítimas Feridas";"Plena Noite";"Decrescente";"Garoa/Chuvisco";"Simples";"Reta";"Sim";1;0;0;1;0;0;1;1;-26,47660421;-48,99495721;"SPRF-SC";"DEL03-SC";"UOP03-DEL03-SC"
144471;2018-07-04;"quarta-feira";"20:40:00";"DF";60;6;"BRASILIA";"Falta de Atenção à Condução";"Colisão traseira";"Com Vítimas Feridas";"Plena Noite";"Crescente";"Céu Claro";"Dupla";"Reta";"Sim";3;0;1;0;2;0;1;2;-15,897939;-48,113056;"SPRF-DF";"DEL01-DF";"UOP01-DEL03-DF"
144473;2018-07-04;"quarta-feira";"18:20:00";"MS";163;270;"DOURADOS";"Falta de Atenção à Condução";"Colisão lateral";"Com Vítimas Feridas";"Plena Noite";"Crescente";"Céu Claro";"Dupla";"Rotatória";"Não";4;0;1;0;3;0;1;2;-22,1949748;-54,69311178;"SPRF-MS";"DEL04-MS";"UOP01-DEL04-MS"
144475;2018-07-04;"quarta-feira";"19:30:00";"PR";373;173;"PONTA GROSSA";"Desobediência às normas de trânsito pelo condutor";"Colisão transversal";"Com Vítimas Feridas";"Plena Noite";"Decrescente";"Céu Claro";"Dupla";"Reta";"Sim";4;0;1;1;1;1;2;3;-25,08056547;-50,20128608;"SPRF-PR";"DEL03-PR";"UOP01-DEL03-PR"
144479;2018-07-04;"quarta-feira";"21:40:00";"PI";343;12;"PARNAIBA";"Desobediência às normas de trânsito pelo condutor";"Colisão transversal";"Com Vítimas Feridas";"Plena Noite";"Crescente";"Céu Claro";"Simples";"Rotatória";"Sim";2;0;1;0;1;0;1;2;-2,910035;-41,753662;"SPRF-PI";"DEL05-PI";"UOP01-DEL05-PI"
144480;2018-07-04;"quarta-feira";"19:30:00";"PR";153;18,3;"JACAREZINHO";"Falta de Atenção do Pedestre";"Atropelamento de Pedestre";"Com Vítimas Feridas";"Plena Noite";"Decrescente";"Céu Claro";"Simples";"Reta";"Não";2;0;0;1;1;0;1;2;-23,150551;-49,954391;"SPRF-PR";"DEL07-PR";"UOP04-DEL07-PR"
144482;2018-07-04;"quarta-feira";"18:45:00";"SC";153;88;"CONCORDIA";"Defeito Mecânico no Veículo";"Incêndio";"Sem Vítimas";"Anoitecer";"Decrescente";"Céu Claro";"Simples";"Curva";"Não";1;0;0;0;1;0;0;1;-27,165859;-51,912315;"SPRF-SC";"DEL07-SC";"UOP04-DEL07-SC"
144484;2018-07-04;"quarta-feira";"18:05:00";"BA";101;364;"GANDU";"Falta de Atenção à Condução";"Colisão lateral";"Com Vítimas Feridas";"Anoitecer";"Crescente";"Céu Claro";"Simples";"Reta";"Não";2;0;0;1;1;0;1;2;-13,7681894;-39,4916056;"SPRF-BA";"DEL05-BA";"UOP03-DEL05-BA"
144485;2018-07-04;"quarta-feira";"22:30:00";"PR";277;80;"CURITIBA";"Falta de Atenção à Condução";"Atropelamento de Pedestre";"Com Vítimas Feridas";"Plena Noite";"Decrescente";"Céu Claro";"Simples";"Interseção de Vias";"Sim";2;0;1;0;1;0;1;2;-25,46890701;-49,21376109;"SPRF-PR";"DEL01-PR";"UOP01-DEL01-PR"
144486;2018-07-04;"quarta-feira";"21:30:00";"MG";381;491;"BETIM";"Falta de Atenção do Pedestre";"Atropelamento de Pedestre";"Com Vítimas Feridas";"Plena Noite";"Crescente";"Céu Claro";"Dupla";"Reta";"Sim";2;0;1;0;0;1;1;2;-19,9616;-44,1603;"SPRF-MG";"DEL01-MG";"UOP03-DEL01-MG"
144487;2018-07-04;"quarta-feira";"20:15:00";"PR";376;619;"SAO JOSE DOS PINHAIS";"Falta de Atenção à Condução";"Colisão lateral";"Com Vítimas Feridas";"Plena Noite";"Decrescente";"Céu Claro";"Simples";"Declive";"Não";3;0;1;0;2;0;1;2;-25,69041925;-49,14562225;"SPRF-PR";"DEL01-PR";"DEL7/1-UOP08/PR"
144488;2018-07-04;"quarta-feira";"22:30:00";"RS";116;144;"CAXIAS DO SUL";"Pista Escorregadia";"Colisão com objeto estático";"Com Vítimas Feridas";"Plena Noite";"Crescente";"Chuva";"Dupla";"Curva";"Sim";1;0;1;0;0;0;1;1;-29,126745;-51,127689;"SPRF-RS";"DEL05-RS";"UOP01-DEL05-RS"
144489;2018-07-04;"quarta-feira";"18:30:00";"RO";364;16;"VILHENA";"Falta de Atenção do Pedestre";"Tombamento";"Com Vítimas Feridas";"Plena Noite";"Decrescente";"Céu Claro";"Dupla";"Em Obras";"Sim";2;0;2;0;0;0;2;2;-12,734379;-60,156971;"SPRF-RO";"DEL04-RO";"UOP01-DEL04-RO"
144491;2018-07-04;"quarta-feira";"20:10:00";"SP";153;61,2;"SAO JOSE DO RIO PRETO";"Pista Escorregadia";"Tombamento";"Com Vítimas Feridas";"Plena Noite";"Crescente";"Céu Claro";"Dupla";"Reta";"Sim";1;0;0;1;0;0;1;1;-20,805029;-49,355747;"SPRF-SP";"DEL09-SP";"UOP01-DEL09-SP"
144492;2018-07-04;"quarta-feira";"20:00:00";"MG";381;785;"SAO GONCALO DO SAPUCAI";"Falta de Atenção do Pedestre";"Atropelamento de Pedestre";"Com Vítimas Fatais";"Plena Noite";"Crescente";"Céu Claro";"Dupla";"Retorno Regulamentado";"Não";2;1;0;0;0;1;0;2;-21,84060183;-45,51728815;"SPRF-MG";"DEL16-MG";"UOP02-DEL16-MG"
144493;2018-07-04;"quarta-feira";"23:02:00";"SP";116;212;"GUARULHOS";"Não guardar distância de segurança";"Atropelamento de Pedestre";"Com Vítimas Fatais";"Plena Noite";"Decrescente";"Céu Claro";"Múltipla";"Reta";"Sim";2;1;0;0;1;0;0;2;-23,43750901;-46,43177104;"SPRF-SP";"DEL01-SP";"UOP01-DEL01-SP"
144495;2018-07-04;"quarta-feira";"12:53:00";"SC";282;574,8;"PINHALZINHO";"Desobediência às normas de trânsito pelo condutor";"Colisão transversal";"Com Vítimas Feridas";"Pleno dia";"Crescente";"Céu Claro";"Simples";"Reta";"Não";2;0;1;0;1;0;1;2;-26,8642672;-52,9726932;"SPRF-SC";"DEL07-SC";"UOP02-DEL07-SC"
144496;2018-07-04;"quarta-feira";"18:00:00";"BA";116;771;"PLANALTO";"Mal Súbito";"Saída de leito carroçável";"Com Vítimas Fatais";"Plena Noite";"Decrescente";"Céu Claro";"Simples";"Reta";"Não";42;1;7;3;31;0;10;2;-14,62445;-40,44741;"SPRF-BA";"DEL08-BA";"UOP02-DEL08-BA"
144497;2018-07-04;"quarta-feira";"19:00:00";"MT";364;379;"SANTO ANTONIO DO LEVERGER";"Falta de Atenção à Condução";"Saída de leito carroçável";"Com Vítimas Feridas";"Plena Noite";"Crescente";"Céu Claro";"Simples";"Reta";"Não";1;0;0;1;0;0;1;1;-15,703574;-55,755211;"SPRF-MT";"DEL02-MT";"UOP02-DEL01-MT"
144498;2018-07-04;"quarta-feira";"21:45:00";"SC";282;383,9;"JOACABA";"Falta de Atenção à Condução";"Saída de leito carroçável";"Com Vítimas Fatais";"Plena Noite";"Crescente";"Nublado";"Simples";"Ponte";"Não";1;1;0;0;0;0;0;1;-27,20094829;-51,50810876;"SPRF-SC";"DEL07-SC";"UOP05-DEL07-SC"
144499;2018-07-04;"quarta-feira";"08:45:00";"RS";116;299,1;"GUAIBA";"Pista Escorregadia";"Saída de leito carroçável";"Com Vítimas Feridas";"Plena Noite";"Crescente";"Chuva";"Dupla";"Reta";"Não";1;0;1;0;0;0;1;1;-30,11268657;-51,34472787;"SPRF-RS";"DEL02-RS";"UOP01-DEL02-RS"
144502;2018-06-02;"sábado";"16:10:00";"ES";262;4,5;"CARIACICA";"Pista Escorregadia";"Colisão com objeto estático";"Com Vítimas Feridas";"Pleno dia";"Decrescente";"Ignorado";"Múltipla";"Curva";"Sim";1;0;1;0;0;0;1;1;-20,33886774;-40,38291782;"SPRF-ES";"DEL01-ES";"UOP01-DEL01-ES"
144507;2018-07-05;"quinta-feira";"03:40:00";"MG";40;157,6;"JOAO PINHEIRO";"Falta de Atenção à Condução";"Colisão frontal";"Com Vítimas Fatais";"Plena Noite";"Decrescente";"Céu Claro";"Simples";"Reta";"Não";4;1;0;3;0;0;3;2;-17,852057;-46,129463;"SPRF-MG";"DEL14-MG";"UOP02-DEL14-MG"
144509;2018-07-05;"quinta-feira";"03:40:00";"SP";101;48,7;"UBATUBA";"Falta de Atenção à Condução";"Colisão com objeto estático";"Com Vítimas Feridas";"Plena Noite";"Decrescente";"Nublado";"Simples";"Reta";"Sim";1;0;1;0;0;0;1;1;-23,44519537;-45,0826335;"SPRF-SP";"DEL06-SP";"UOP01-DEL06-SP"
144510;2018-07-05;"quinta-feira";"02:20:00";"RO";435;92,3;"COLORADO DO OESTE";"Falta de Atenção à Condução";"Colisão com objeto estático";"Com Vítimas Feridas";"Plena Noite";"Decrescente";"Céu Claro";"Simples";"Reta";"Não";1;0;0;1;0;0;1;1;-13,188104;-60,544846;"SPRF-RO";"DEL04-RO";"UOP02-DEL04-RO"
144511;2018-07-04;"quarta-feira";"20:00:00";"SC";101;251,8;"PAULO LOPES";"Falta de Atenção do Pedestre";"Atropelamento de Pedestre";"Com Vítimas Feridas";"Plena Noite";"Decrescente";"Céu Claro";"Dupla";"Reta";"Não";2;0;0;1;1;0;1;2;-27,9615;-48,6793;"SPRF-SC";"DEL02-SC";"UOP03-DEL02-SC"
144512;2018-07-05;"quinta-feira";"04:00:00";"SP";116;3;"GUARULHOS";"Velocidade Incompatível";"Colisão traseira";"Com Vítimas Feridas";"Plena Noite";"Crescente";"Céu Claro";"Dupla";"Reta";"Sim";2;0;1;0;1;0;1;2;-23,42301636;-46,48549135;"SPRF-SP";"DEL01-SP";"UOP01-DEL01-SP"
144515;2018-07-05;"quinta-feira";"05:20:00";"RS";153;46,4;"ERECHIM";"Pista Escorregadia";"Tombamento";"Com Vítimas Feridas";"Plena Noite";"Decrescente";"Nevoeiro/Neblina";"Múltipla";"Interseção de Vias";"Sim";1;0;1;0;0;0;1;1;-27,64230638;-52,24476457;"SPRF-RS";"DEL08-RS";"UOP04-DEL08-RS"
144516;2018-07-05;"quinta-feira";"06:00:00";"ES";101;312;"VILA VELHA";"Falta de Atenção do Pedestre";"Atropelamento de Pedestre";"Com Vítimas Feridas";"Amanhecer";"Crescente";"Céu Claro";"Simples";"Reta";"Não";2;0;1;0;0;1;1;2;-20,443;-40,46;"SPRF-ES";"DEL03-ES";"UOP01-DEL03-ES"
144519;2018-07-04;"quarta-feira";"18:00:00";"BA";101;581,4;"CAMACAN";"Falta de Atenção à Condução";"Colisão frontal";"Com Vítimas Feridas";"Plena Noite";"Decrescente";"Céu Claro";"Simples";"Reta";"Não";2;0;1;0;1;0;1;2;-15,363447;-39,498543;"SPRF-BA";"DEL05-BA";"UOP02-DEL05-BA"
144520;2018-07-05;"quinta-feira";"04:55:00";"RO";319;63;"PORTO VELHO";"Desobediência às normas de trânsito pelo condutor";"Colisão transversal";"Com Vítimas Feridas";"Amanhecer";"Decrescente";"Céu Claro";"Múltipla";"Interseção de Vias";"Sim";4;0;2;0;2;0;2;2;-8,75554757;-63,88651729;"SPRF-RO";"DEL01-RO";"UOP01-DEL01-RO"
144521;2018-07-05;"quinta-feira";"05:30:00";"MG";381;728,8;"CARMO DA CACHOEIRA";"Condutor Dormindo";"Saída de leito carroçável";"Com Vítimas Feridas";"Amanhecer";"Crescente";"Céu Claro";"Dupla";"Reta;Declive";"Não";1;0;1;0;0;0;1;1;-21,49434291;-45,21023154;"SPRF-MG";"DEL04-MG";"UOP02-DEL04-MG"
144525;2018-07-04;"quarta-feira";"19:36:00";"SC";101;130;"BALNEARIO CAMBORIU";"Desobediência às normas de trânsito pelo condutor";"Colisão frontal";"Sem Vítimas";"Plena Noite";"Crescente";"Nublado";"Simples";"Reta";"Sim";2;0;0;0;2;0;0;2;-26,9907;-48,6629;"SPRF-SC";"DEL04-SC";"UOP03-DEL04-SC"
144527;2018-07-05;"quinta-feira";"07:00:00";"MG";40;552;"NOVA LIMA";"Falta de Atenção à Condução";"Capotamento";"Com Vítimas Feridas";"Pleno dia";"Decrescente";"Céu Claro";"Dupla";"Reta";"Sim";2;0;2;0;0;0;2;1;-20,06861319;-43,98192787;"SPRF-MG";"DEL01-MG";"UOP02-DEL01-MG"
144530;2018-07-05;"quinta-feira";"07:30:00";"GO";60;69,7;"ABADIANIA";"Falta de Atenção à Condução";"Colisão lateral";"Com Vítimas Feridas";"Amanhecer";"Crescente";"Céu Claro";"Dupla";"Reta";"Não";3;0;0;2;1;0;2;2;-16,242447;-48,76144409;"SPRF-GO";"DEL02-GO";"UOP01-DEL02-GO"
144532;2018-07-05;"quinta-feira";"07:25:00";"ES";101;58;"SAO MATEUS";"Condutor Dormindo";"Saída de leito carroçável";"Com Vítimas Feridas";"Pleno dia";"Decrescente";"Nevoeiro/Neblina";"Simples";"Reta";"Não";3;0;2;0;1;0;2;1;-18,65834188;-39,8701036;"SPRF-ES";"DEL04-ES";"UOP02-DEL04-ES"
144533;2018-07-05;"quinta-feira";"07:10:00";"PE";101;17,8;"GOIANA";"Ultrapassagem Indevida";"Colisão com objeto estático";"Sem Vítimas";"Pleno dia";"Decrescente";"Nublado";"Dupla";"Reta";"Não";2;0;0;0;1;1;0;2;-7,64662;-34,95132;"SPRF-PE";"DEL01-PE";"UOP02-DEL01-PE"
144534;2018-07-05;"quinta-feira";"07:45:00";"SC";101;214,7;"PALHOCA";"Falta de Atenção à Condução";"Colisão lateral";"Com Vítimas Feridas";"Pleno dia";"Decrescente";"Nublado";"Dupla";"Reta";"Sim";3;0;2;0;1;0;2;2;-27,65051019;-48,67490902;"SPRF-SC";"DEL01-SC";"UOP02-DEL01-SC"
144535;2018-07-05;"quinta-feira";"06:55:00";"SP";116;90,2;"PINDAMONHANGABA";"Desobediência às normas de trânsito pelo pedestre";"Atropelamento de Pedestre";"Com Vítimas Fatais";"Amanhecer";"Decrescente";"Céu Claro";"Dupla";"Reta";"Sim";2;1;0;0;1;0;0;2;-22,943697;-45,387466;"SPRF-SP";"DEL06-SP";"UOP01-DEL06-SP"
144536;2018-07-05;"quinta-feira";"08:00:00";"GO";40;5;"VALPARAISO DE GOIAS";"Desobediência às normas de trânsito pelo condutor";"Colisão lateral";"Com Vítimas Feridas";"Pleno dia";"Decrescente";"Céu Claro";"Simples";"Reta";"Sim";2;0;1;0;1;0;1;2;-16,093134;-47,982236;"SPRF-DF";"DEL01-DF";"UOP01-DEL01-DF"
144538;2018-07-05;"quinta-feira";"07:30:00";"MG";381;502;"BETIM";"Falta de Atenção à Condução";"Colisão traseira";"Com Vítimas Feridas";"Pleno dia";"Decrescente";"Sol";"Dupla";"Reta";"Sim";2;0;0;1;1;0;1;2;-20,0236;-44,2299;"SPRF-MG";"DEL01-MG";"UOP03-DEL01-MG"
144539;2018-07-05;"quinta-feira";"08:10:00";"SC";282;3;"FLORIANOPOLIS";"Falta de Atenção à Condução";"Colisão lateral";"Com Vítimas Feridas";"Pleno dia";"Decrescente";"Nublado";"Dupla";"Reta";"Sim";3;0;1;0;2;0;1;2;-27,600384;-48,599705;"SPRF-SC";"DEL01-SC";"UOP01-DEL01-SC"
144540;2018-07-05;"quinta-feira";"07:50:00";"PB";230;22,2;"JOAO PESSOA";"Não guardar distância de segurança";"Colisão traseira";"Com Vítimas Feridas";"Pleno dia";"Decrescente";"Sol";"Dupla";"Reta";"Sim";3;0;2;0;1;0;2;2;-7,15332391;-34,85488772;"SPRF-PB";"DEL01-PB";"UOP01-DEL01-PB"
144542;2018-06-05;"terça-feira";"19:45:00";"RS";287;455,2;"SAO BORJA";"Animais na Pista";"Saída de leito carroçável";"Com Vítimas Feridas";"Pleno dia";"Crescente";"Céu Claro";"Simples";"Reta";"Não";2;0;0;2;0;0;2;1;-28,99027375;-55,32647252;"SPRF-RS";"DEL12-RS";"UOP01-DEL12-RS"
144546;2018-06-27;"quarta-feira";"12:00:00";"SC";282;16;"PALHOCA";"Falta de Atenção à Condução";"Colisão traseira";"Com Vítimas Feridas";"Pleno dia";"Decrescente";"Ignorado";"Simples";"Reta";"Não";2;0;0;1;1;0;1;2;-27,658611;-48,681847;"SPRF-SC";"DEL01-SC";"UOP02-DEL01-SC"
144549;2018-07-05;"quinta-feira";"06:30:00";"GO";153;149,3;"CAMPINORTE";"Condutor Dormindo";"Colisão com objeto estático";"Sem Vítimas";"Amanhecer";"Crescente";"Céu Claro";"Simples";"Ponte";"Não";3;0;0;0;3;0;0;1;-14,076102;-49,097489;"SPRF-GO";"DEL07-GO";"UOP02-DEL07-GO"