"id";"data_inversa";"dia_semana";"horario";"uf";"br";"km";"municipio";"causa_acidente";"tipo_acidente";"classificacao_acidente";"fase_dia";"sentido_via";"condicao_metereologica";"tipo_pista";"tracado_via";"uso_solo";"pessoas";"mortos";"feridos_leves";"feridos_graves";"ilesos";"ignorados";"feridos";"veiculos";"latitude";"longitude";"regional";"delegacia";"uop"
144552;2018-07-05;"quinta-feira";"09:15:00";"SE";101;110;"SAO CRISTOVAO";"Pista Escorregadia";"Saída de leito carroçável";"Com Vítimas Feridas";"Pleno dia";"Crescente";"Chuva";"Dupla";"Curva";"Não";1;0;1;0;0;0;1;1;-10,9698;-37,27994;"SPRF-SE";"DEL02-SE";"UOP01-DEL02-SE"
144553;2018-07-05;"quinta-feira";"09:20:00";"CE";116;1,5;"FORTALEZA";"Não guardar distância de segurança";"Colisão lateral";"Com Vítimas Feridas";"Pleno dia";"Decrescente";"Céu Claro";"Múltipla";"Reta";"Sim";2;0;1;0;1;0;1;2;-3,76806141;-38,51759221;"SPRF-CE";"DEL01-CE";"UOP02-DEL01-CE"
144554;2018-07-05;"quinta-feira";"06:30:00";"SC";470;125;"IBIRAMA";"Ingestão de álcool e/ou substâncias psicoativas pelo pedestre";"Colisão lateral";"Sem Vítimas";"Amanhecer";"Crescente";"Nublado";"Simples";"Reta";"Não";1;0;0;0;1;0;0;1;-27,120506;-49,534946;"SPRF-SC";"DEL04-SC";"UOP02-DEL04-SC"
144557;2018-03-17;"sábado";"17:00:00";"GO";60;183;"ABADIA DE GOIAS";"Fenômenos da Natureza";"Colisão traseira";"Com Vítimas Feridas";"Pleno dia";"Crescente";"Chuva";"Dupla";"Retorno Regulamentado";"Não";8;0;5;1;2;0;6;2;-16,7848;-49,4946;"SPRF-GO";"DEL01-GO";"UOP02-DEL01-GO"
144564;2018-07-05;"quinta-feira";"09:20:00";"PR";277;362,2;"GUARAPUAVA";"Falta de Atenção à Condução";"Colisão traseira";"Com Vítimas Feridas";"Pleno dia";"Decrescente";"Sol";"Simples";"Aclive;Reta";"Não";3;0;1;0;2;0;1;2;-25,438814;-51,629999;"SPRF-PR";"DEL03-PR";"UOP01-DEL08-PR"
144566;2018-07-05;"quinta-feira";"08:00:00";"SC";280;255,4;"CANOINHAS";"Velocidade Incompatível";"Colisão com objeto estático";"Sem Vítimas";"Pleno dia";"Crescente";"Nevoeiro/Neblina";"Simples";"Curva";"Não";1;0;0;0;1;0;0;1;-26,265293;-50,58884;"SPRF-SC";"DEL06-SC";"UOP04-DEL06-SC"
144568;2018-07-05;"quinta-feira";"09:05:00";"RS";285;324;"CARAZINHO";"Falta de Atenção à Condução";"Colisão traseira";"Com Vítimas Feridas";"Pleno dia";"Decrescente";"Nublado";"Simples";"Curva";"Não";2;0;1;0;1;0;1;2;-28,270161;-52,6761;"SPRF-RS";"DEL08-RS";"UOP03-DEL08-RS"
144570;2018-07-05;"quinta-feira";"10:40:00";"RS";293;150;"HULHA NEGRA";"Falta de Atenção à Condução";"Capotamento";"Com Vítimas Feridas";"Pleno dia";"Decrescente";"Garoa/Chuvisco";"Simples";"Reta";"Não";2;0;1;0;1;0;1;1;-31,3245842;-53,9813648;"SPRF-RS";"DEL11-RS";"UOP03-DEL11-RS"
144571;2018-07-05;"quinta-feira";"07:30:00";"AC";364;114;"RIO BRANCO";"Falta de Atenção à Condução";"Colisão frontal";"Com Vítimas Fatais";"Pleno dia";"Decrescente";"Céu Claro";"Simples";"Reta";"Não";2;1;1;0;0;0;1;2;-10,01333;-67,701149;"SPRF-AC";"DEL01-AC";"UOP01-DEL01-AC"
144572;2018-07-05;"quinta-feira";"11:06:00";"SC";101;205;"SAO JOSE";"Falta de Atenção à Condução";"Colisão traseira";"Com Vítimas Feridas";"Pleno dia";"Crescente";"Nublado";"Múltipla";"Reta";"Sim";3;0;2;0;1;0;2;2;-27,58960683;-48,61727444;"SPRF-SC";"DEL01-SC";"UOP01-DEL01-SC"
144573;2018-07-05;"quinta-feira";"10:15:00";"MG";153;47;"CANAPOLIS";"Ingestão de Álcool";"Queda de ocupante de veículo";"Com Vítimas Feridas";"Pleno dia";"Crescente";"Céu Claro";"Dupla";"Declive";"Não";1;0;1;0;0;0;1;1;-18,7958;-49,0827;"SPRF-MG";"DEL15-MG";"UOP03-DEL15-MG"
144577;2018-07-05;"quinta-feira";"09:20:00";"RO";364;9;"VILHENA";"Desobediência às normas de trânsito pelo condutor";"Colisão lateral";"Com Vítimas Feridas";"Pleno dia";"Decrescente";"Céu Claro";"Dupla";"Reta";"Sim";3;0;1;0;2;0;1;3;-12,758801;-60,100178;"SPRF-RO";"DEL04-RO";"UOP01-DEL04-RO"
144578;2018-05-21;"segunda-feira";"04:20:00";"AP";156;99;"MACAPA";"Falta de Atenção à Condução";"Saída de leito carroçável";"Com Vítimas Feridas";"Amanhecer";"Decrescente";"Ignorado";"Simples";"Reta";"Não";25;0;9;0;16;0;9;1;0,20283;-51,116314;"SPRF-AP";"DEL01-AP";"UOP01-DEL01-AP"
144580;2018-07-05;"quinta-feira";"08:30:00";"MT";163;1036;"MATUPA";"Não guardar distância de segurança";"Colisão traseira";"Com Vítimas Feridas";"Pleno dia";"Crescente";"Céu Claro";"Simples";"Reta";"Não";4;0;0;1;3;0;1;2;-10,195281;-54,953053;"SPRF-MT";"DEL06-MT";"UOP02-DEL06-MT"
144582;2018-07-05;"quinta-feira";"11:15:00";"TO";153;233,5;"COLINAS DO TOCANTINS";"Velocidade Incompatível";"Capotamento";"Com Vítimas Feridas";"Pleno dia";"Decrescente";"Céu Claro";"Simples";"Reta;Declive";"Não";2;0;0;2;0;0;2;2;-7,93691763;-48,46591861;"SPRF-TO";"DEL02-TO";"UOP01-DEL02-TO"
144583;2018-07-05;"quinta-feira";"10:00:00";"MS";163;751,1;"COXIM";"Velocidade Incompatível";"Colisão traseira";"Sem Vítimas";"Pleno dia";"Decrescente";"Céu Claro";"Simples";"Em Obras";"Não";6;0;0;0;6;0;0;3;-18,4720092;-54,7137577;"SPRF-MS";"DEL06-MS";"UOP01-DEL06-MS"
144584;2018-07-05;"quinta-feira";"11:35:00";"DF";70;18,7;"BRASILIA";"Falta de Atenção à Condução";"Colisão transversal";"Com Vítimas Feridas";"Pleno dia";"Crescente";"Céu Claro";"Dupla";"Reta";"Não";2;0;1;0;1;0;1;2;-15,78940416;-48,21699858;"SPRF-DF";"DEL01-DF";"UOP02-DEL03-DF"
144586;2018-07-05;"quinta-feira";"12:10:00";"SC";101;207,9;"SAO JOSE";"Não guardar distância de segurança";"Colisão lateral";"Com Vítimas Feridas";"Pleno dia";"Decrescente";"Nublado";"Dupla";"Reta";"Sim";3;0;1;0;2;0;1;3;-27,60245726;-48,62986196;"SPRF-SC";"DEL01-SC";"UOP01-DEL01-SC"
144587;2018-07-05;"quinta-feira";"12:30:00";"SC";101;341;"TUBARAO";"Desobediência às normas de trânsito pelo condutor";"Colisão transversal";"Com Vítimas Feridas";"Pleno dia";"Decrescente";"Sol";"Simples";"Interseção de Vias";"Sim";2;0;1;0;1;0;1;2;-28,50731558;-49,04914856;"SPRF-SC";"DEL02-SC";"UOP01-DEL02-SC"
144588;2018-05-31;"quinta-feira";"13:45:00";"SP";116;138,5;"SAO JOSE DOS CAMPOS";"Mal Súbito";"Saída de leito carroçável";"Com Vítimas Feridas";"Pleno dia";"Crescente";"Sol";"Dupla";"Reta";"Não";1;0;1;0;0;0;1;1;-23,15622301;-45,79352617;"SPRF-SP";"DEL06-SP";"UOP02-DEL02-SP"
144589;2018-07-05;"quinta-feira";"13:05:00";"SC";101;340,5;"TUBARAO";"Falta de Atenção à Condução";"Colisão transversal";"Com Vítimas Feridas";"Pleno dia";"Crescente";"Nublado";"Múltipla";"Interseção de Vias";"Sim";2;0;1;0;1;0;1;2;-28,50521311;-49,04918075;"SPRF-SC";"DEL02-SC";"UOP01-DEL02-SC"
144592;2018-07-05;"quinta-feira";"13:30:00";"SC";280;66,3;"JARAGUA DO SUL";"Falta de Atenção à Condução";"Colisão transversal";"Com Vítimas Feridas";"Pleno dia";"Crescente";"Céu Claro";"Simples";"Reta";"Não";2;0;1;0;1;0;1;2;-26,476068;-49,095695;"SPRF-SC";"DEL03-SC";"UOP03-DEL03-SC"
144593;2018-06-20;"quarta-feira";"15:00:00";"RS";386;198,8;"VICTOR GRAEFF";"Condutor Dormindo";"Saída de leito carroçável";"Com Vítimas Feridas";"Pleno dia";"Crescente";"Céu Claro";"Simples";"Curva";"Não";1;0;0;1;0;0;1;1;-28,46287;-52,6618;"SPRF-RS";"DEL04-RS";"NPF/DEL04-RS"
144594;2018-06-18;"segunda-feira";"15:40:00";"PR";376;218;"JANDAIA DO SUL";"Desobediência às normas de trânsito pelo condutor";"Colisão transversal";"Com Vítimas Feridas";"Pleno dia";"Crescente";"Céu Claro";"Simples";"Reta";"Sim";2;0;1;0;1;0;1;2;-23,59671128;-51,6360265;"SPRF-PR";"DEL07-PR";"UOP03-DEL07-PR"
144595;2018-07-05;"quinta-feira";"14:15:00";"RS";386;326,9;"MARQUES DE SOUZA";"Ultrapassagem Indevida";"Colisão frontal";"Com Vítimas Feridas";"Pleno dia";"Decrescente";"Nublado";"Simples";"Curva";"Não";3;0;1;2;0;0;3;2;-29,33714622;-52,08378911;"SPRF-RS";"DEL04-RS";"UOP01-DEL04-RS"
144596;2018-07-05;"quinta-feira";"11:30:00";"RJ";116;220;"PIRAI";"Não guardar distância de segurança";"Queda de ocupante de veículo";"Com Vítimas Feridas";"Pleno dia";"Decrescente";"Céu Claro";"Dupla";"Curva";"Não";1;0;1;0;0;0;1;1;-22,700907;-43,757046;"SPRF-RJ";"DEL07-RJ";"UOP01-DEL07-RJ"
144597;2018-07-05;"quinta-feira";"14:15:00";"SC";101;413,2;"ARARANGUA";"Desobediência às normas de trânsito pelo condutor";"Colisão transversal";"Sem Vítimas";"Pleno dia";"Decrescente";"Nublado";"Simples";"Interseção de Vias";"Sim";2;0;0;0;2;0;0;2;-28,9494993;-49,50716257;"SPRF-SC";"DEL02-SC";"UOP02-DEL02-SC"
144599;2018-07-05;"quinta-feira";"14:25:00";"DF";20;21,3;"BRASILIA";"Falta de Atenção à Condução";"Colisão lateral";"Sem Vítimas";"Pleno dia";"Crescente";"Céu Claro";"Dupla";"Reta";"Sim";2;0;0;0;2;0;0;2;-15,603384;-47,684692;"SPRF-DF";"DEL02-DF";"UOP01-DEL02-DF"
144600;2018-07-05;"quinta-feira";"12:46:00";"PR";376;211,6;"MANDAGUARI";"Falta de Atenção à Condução";"Saída de leito carroçável";"Com Vítimas Feridas";"Pleno dia";"Crescente";"Céu Claro";"Dupla";"Curva";"Não";1;0;1;0;0;0;1;1;-23,56411;-51,657597;"SPRF-PR";"DEL07-PR";"UOP01-DEL09-PR"
144602;2018-07-05;"quinta-feira";"12:20:00";"SP";116;193;"SANTA ISABEL";"Falta de Atenção à Condução";"Colisão com objeto estático";"Com Vítimas Feridas";"Pleno dia";"Crescente";"Céu Claro";"Dupla";"Reta";"Não";1;0;1;0;0;0;1;1;-23,37876254;-46,25615895;"SPRF-SP";"DEL02-SP";"UOP01-DEL02-SP"
144605;2018-07-05;"quinta-feira";"14:50:00";"BA";101;896;"CARAVELAS";"Falta de Atenção à Condução";"Saída de leito carroçável";"Com Vítimas Feridas";"Pleno dia";"Crescente";"Céu Claro";"Simples";"Curva";"Não";1;0;1;0;0;0;1;1;-17,6933;-39,7743;"SPRF-BA";"DEL09-BA";"UOP02-DEL09-BA"
144621;2018-06-18;"segunda-feira";"03:00:00";"RN";226;251,1;"JUCURUTU";"Falta de Atenção à Condução";"Colisão com objeto estático";"Com Vítimas Fatais";"Plena Noite";"Crescente";"Céu Claro";"Simples";"Reta";"Não";1;1;0;0;0;0;0;1;-5,99454255;-37,03536272;"SPRF-RN";"DEL03-RN";"UOP01-DEL03-RN"
144624;2018-07-02;"segunda-feira";"03:00:00";"ES";101;260;"SERRA";"Falta de Atenção à Condução";"Queda de ocupante de veículo";"Com Vítimas Feridas";"Plena Noite";"Crescente";"Céu Claro";"Dupla";"Reta";"Sim";1;0;0;1;0;0;1;1;-20,132048;-40,294439;"SPRF-ES";"DEL02-ES";"UOP01-DEL02-ES"
144625;2018-07-05;"quinta-feira";"16:10:00";"DF";60;17,6;"BRASILIA";"Falta de Atenção à Condução";"Saída de leito carroçável";"Com Vítimas Feridas";"Pleno dia";"Crescente";"Céu Claro";"Dupla";"Reta";"Não";2;0;1;0;1;0;1;1;-15,96505284;-48,18134481;"SPRF-DF";"DEL01-DF";"UOP01-DEL03-DF"
144626;2018-02-15;"quinta-feira";"08:50:00";"RJ";40;5;"COMENDADOR LEVY GASPARIAN";"Falta de Atenção à Condução";"Saída de leito carroçável";"Sem Vítimas";"Pleno dia";"Crescente";"Céu Claro";"Dupla";"Curva";"Não";1;0;0;0;1;0;0;1;-22,0263;-43,2313;"SPRF-RJ";"DEL06-RJ";"UOP02-DEL05-RJ"
144627;2018-07-05;"quinta-feira";"16:45:00";"SC";280;46,1;"GUARAMIRIM";"Falta de Atenção à Condução";"Colisão transversal";"Com Vítimas Feridas";"Pleno dia";"Crescente";"Céu Claro";"Simples";"Reta";"Não";2;0;1;0;1;0;1;2;-26,45313073;-48,91005993;"SPRF-SC";"DEL03-SC";"UOP03-DEL03-SC"
144628;2018-07-05;"quinta-feira";"15:00:00";"SP";116;445;"REGISTRO";"Falta de Atenção à Condução";"Colisão lateral";"Sem Vítimas";"Pleno dia";"Crescente";"Céu Claro";"Dupla";"Interseção de Vias";"Sim";2;0;0;0;2;0;0;2;-24,49699987;-47,84173608;"SPRF-SP";"DEL05-SP";"UOP01-DEL05-SP"
144629;2018-07-05;"quinta-feira";"15:00:00";"RJ";101;325;"NITEROI";"Falta de Atenção à Condução";"Colisão traseira";"Com Vítimas Feridas";"Pleno dia";"Decrescente";"Céu Claro";"Dupla";"Reta";"Sim";7;0;1;0;6;0;1;5;-22,872925;-43,136311;"SPRF-RJ";"DEL02-RJ";"UOP02-DEL02-RJ"
144632;2018-07-05;"quinta-feira";"13:45:00";"PI";343;345,2;"TERESINA";"Desobediência às normas de trânsito pelo condutor";"Colisão transversal";"Com Vítimas Feridas";"Pleno dia";"Crescente";"Céu Claro";"Simples";"Interseção de Vias";"Sim";2;0;1;0;1;0;1;2;-5,10313737;-42,76670066;"SPRF-PI";"DEL01-PI";"UOP01-DEL01-PI"
144634;2018-07-05;"quinta-feira";"16:35:00";"MG";262;62,7;"MANHUACU";"Velocidade Incompatível";"Colisão frontal";"Com Vítimas Feridas";"Pleno dia";"Decrescente";"Céu Claro";"Simples";"Curva";"Não";2;0;1;1;0;0;2;2;-20,29633354;-42,23139703;"SPRF-MG";"DEL06-MG";"UOP03-DEL06-MG"
144635;2018-07-05;"quinta-feira";"17:10:00";"PR";116;138;"MANDIRITUBA";"Desobediência às normas de trânsito pelo condutor";"Colisão frontal";"Com Vítimas Feridas";"Pleno dia";"Crescente";"Céu Claro";"Simples";"Rotatória";"Sim";2;0;1;0;1;0;1;2;-25,7533818;-49,31807388;"SPRF-PR";"DEL01-PR";"UOP03-DEL01-PR"
144636;2018-07-05;"quinta-feira";"16:08:00";"RJ";40;118;"DUQUE DE CAXIAS";"Desobediência às normas de trânsito pelo condutor";"Colisão lateral";"Com Vítimas Feridas";"Pleno dia";"Decrescente";"Céu Claro";"Múltipla";"Reta";"Não";2;0;1;0;1;0;1;2;-22,7646;-43,2866;"SPRF-RJ";"DEL01-RJ";"UOP01-DEL01-RJ"
144637;2018-07-05;"quinta-feira";"17:00:00";"SC";101;133;"BALNEARIO CAMBORIU";"Falta de Atenção à Condução";"Colisão traseira";"Com Vítimas Feridas";"Anoitecer";"Crescente";"Céu Claro";"Simples";"Reta";"Não";2;0;0;1;1;0;1;2;-27,0021;-48,6362;"SPRF-SC";"DEL04-SC";"UOP03-DEL04-SC"
144641;2018-07-05;"quinta-feira";"16:40:00";"ES";101;448,4;"MIMOSO DO SUL";"Velocidade Incompatível";"Saída de leito carroçável";"Com Vítimas Feridas";"Pleno dia";"Crescente";"Céu Claro";"Simples";"Reta";"Não";1;0;1;0;0;0;1;1;-21,13338356;-41,2795642;"SPRF-ES";"DEL03-ES";"UOP02-DEL03-ES"
144643;2018-07-05;"quinta-feira";"17:25:00";"PA";163;982;"SANTAREM";"Falta de Atenção do Pedestre";"Atropelamento de Pedestre";"Com Vítimas Feridas";"Pleno dia";"Decrescente";"Nublado";"Simples";"Declive;Reta";"Sim";5;0;1;0;4;0;1;2;-2,620416;-54,733305;"SPRF-PA";"DEL05-PA";"UOP01-DEL05-PA"
144644;2018-07-05;"quinta-feira";"17:30:00";"GO";364;61;"CACHOEIRA ALTA";"Ingestão de Álcool";"Colisão frontal";"Sem Vítimas";"Anoitecer";"Decrescente";"Céu Claro";"Simples";"Reta";"Não";3;0;0;0;3;0;0;3;-18,724609;-50,952961;"SPRF-GO";"DEL05-GO";"UOP02-DEL05-GO"
144648;2018-07-05;"quinta-feira";"17:20:00";"GO";153;55;"PORANGATU";"Falta de Atenção à Condução";"Tombamento";"Com Vítimas Feridas";"Pleno dia";"Decrescente";"Céu Claro";"Simples";"Reta";"Não";4;0;2;0;2;0;2;1;-13,293171;-49,123833;"SPRF-GO";"DEL07-GO";"UOP01-DEL07-GO"
144649;2018-07-05;"quinta-feira";"14:50:00";"RJ";465;20;"NOVA IGUACU";"Ultrapassagem Indevida";"Colisão transversal";"Com Vítimas Feridas";"Pleno dia";"Crescente";"Céu Claro";"Simples";"Reta";"Sim";2;0;0;1;1;0;1;2;-22,846828;-43,605339;"SPRF-RJ";"DEL01-RJ";"UOP03-DEL01-RJ"
144651;2018-07-05;"quinta-feira";"18:00:00";"RJ";493;22;"MAGE";"Não guardar distância de segurança";"Queda de ocupante de veículo";"Com Vítimas Feridas";"Plena Noite";"Decrescente";"Céu Claro";"Simples";"Reta";"Sim";1;0;1;0;0;0;1;1;-22,659311;-43,053299;"SPRF-RJ";"DEL04-RJ";"UOP02-DEL04-RJ"
144652;2018-07-05;"quinta-feira";"17:20:00";"SC";158;106,5;"CUNHA PORA";"Velocidade Incompatível";"Saída de leito carroçável";"Com Vítimas Feridas";"Pleno dia";"Crescente";"Sol";"Simples";"Curva";"Não";1;0;0;1;0;0;1;1;-26,87393271;-53,16417754;"SPRF-SC";"DEL07-SC";"UOP02-DEL07-SC"
144653;2018-07-05;"quinta-feira";"18:20:00";"GO";40;7;"VALPARAISO DE GOIAS";"Desobediência às normas de trânsito pelo condutor";"Colisão transversal";"Com Vítimas Feridas";"Anoitecer";"Crescente";"Céu Claro";"Dupla";"Reta";"Sim";2;0;0;1;0;1;1;2;-16,1088234;-47,97231674;"SPRF-DF";"DEL01-DF";"UOP01-DEL01-DF"
144654;2018-07-05;"quinta-feira";"18:00:00";"GO";40;0;"VALPARAISO DE GOIAS";"Restrição de Visibilidade";"Atropelamento de Pedestre";"Com Vítimas Feridas";"Pleno dia";"Crescente";"Céu Claro";"Dupla";"Reta";"Sim";2;0;2;0;0;0;2;2;-16,058273;-47,982655;"SPRF-DF";"DEL01-DF";"UOP01-DEL01-DF"
144656;2018-07-05;"quinta-feira";"18:30:00";"SP";116;219;"GUARULHOS";"Restrição de Visibilidade";"Atropelamento de Pedestre";"Com Vítimas Fatais";"Plena Noite";"Crescente";"Céu Claro";"Simples";"Reta";"Sim";2;1;0;0;1;0;0;2;-23,46419113;-46,49448395;"SPRF-SP";"DEL01-SP";"UOP01-DEL01-SP"
144657;2018-07-05;"quinta-feira";"18:30:00";"SC";470;148,3;"RIO DO SUL";"Falta de Atenção à Condução";"Engavetamento";"Com Vítimas Feridas";"Plena Noite";"Crescente";"Nublado";"Simples";"Reta";"Sim";4;0;1;0;3;0;1;4;-27,23936818;-49,68446463;"SPRF-SC";"DEL04-SC";"UOP02-DEL04-SC"
144660;2018-07-05;"quinta-feira";"15:40:00";"MA";10;243;"DAVINOPOLIS";"Ingestão de Álcool";"Colisão traseira";"Sem Vítimas";"Pleno dia";"Decrescente";"Céu Claro";"Simples";"Reta";"Não";2;0;0;0;2;0;0;2;-5,60354;-47,423855;"SPRF-MA";"DEL04-MA";"UOP01-DEL04-MA"
144661;2018-07-05;"quinta-feira";"18:10:00";"SP";116;108,5;"TAUBATE";"Falta de Atenção à Condução";"Colisão traseira";"Com Vítimas Feridas";"Plena Noite";"Crescente";"Céu Claro";"Dupla";"Reta";"Sim";2;0;1;0;1;0;1;2;-23,023352;-45,537693;"SPRF-SP";"DEL06-SP";"UOP01-DEL06-SP"
144662;2018-07-05;"quinta-feira";"18:40:00";"SC";116;129;"SANTA CECILIA";"Ultrapassagem Indevida";"Colisão frontal";"Com Vítimas Feridas";"Plena Noite";"Decrescente";"Céu Claro";"Simples";"Reta;Aclive";"Não";5;0;4;0;1;0;4;2;-26,907774;-50,441204;"SPRF-SC";"DEL06-SC";"UOP02-DEL06-SC"
144663;2018-07-05;"quinta-feira";"17:25:00";"ES";101;262;"SERRA";"Pista Escorregadia";"Tombamento";"Com Vítimas Feridas";"Plena Noite";"Crescente";"Céu Claro";"Simples";"Reta";"Sim";1;0;0;1;0;0;1;1;-20,15394374;-40,27799308;"SPRF-ES";"DEL02-ES";"UOP01-DEL02-ES"
144666;2018-07-05;"quinta-feira";"18:45:00";"PR";153;112,3;"IBAITI";"Não guardar distância de segurança";"Colisão traseira";"Sem Vítimas";"Plena Noite";"Crescente";"Céu Claro";"Simples";"Interseção de Vias";"Não";2;0;0;0;2;0;0;2;-23,873869;-50,20283438;"SPRF-PR";"DEL07-PR";"UOP04-DEL07-PR"
144668;2018-07-05;"quinta-feira";"19:10:00";"PR";277;587;"CASCAVEL";"Ultrapassagem Indevida";"Colisão frontal";"Com Vítimas Feridas";"Plena Noite";"Crescente";"Céu Claro";"Simples";"Reta";"Sim";2;0;1;0;1;0;1;2;-24,96848418;-53,42842877;"SPRF-PR";"DEL04-PR";"UOP01-DEL04-PR"
144669;2018-07-05;"quinta-feira";"18:20:00";"PR";277;115;"CAMPO LARGO";"Falta de Atenção à Condução";"Colisão lateral";"Com Vítimas Feridas";"Plena Noite";"Decrescente";"Céu Claro";"Simples";"Reta";"Sim";2;0;1;0;1;0;1;2;-25,44812833;-49,51282555;"SPRF-PR";"DEL01-PR";"UOP06-DEL01-PR"
144671;2018-07-05;"quinta-feira";"19:30:00";"PR";116;101;"SAO JOSE DOS PINHAIS";"Falta de Atenção à Condução";"Queda de ocupante de veículo";"Com Vítimas Feridas";"Plena Noite";"Crescente";"Céu Claro";"Dupla";"Reta";"Não";1;0;1;0;0;0;1;1;-25,541735;-49,15094;"SPRF-PR";"DEL01-PR";"UOP01-DEL01-PR"
144673;2018-07-05;"quinta-feira";"18:40:00";"MS";163;253,8;"DOURADOS";"Velocidade Incompatível";"Saída de leito carroçável";"Com Vítimas Feridas";"Plena Noite";"Crescente";"Céu Claro";"Dupla";"Rotatória";"Sim";1;0;0;1;0;0;1;1;-22,27275748;-54,8178531;"SPRF-MS";"DEL04-MS";"UOP01-DEL04-MS"
144675;2018-07-05;"quinta-feira";"18:30:00";"BA";367;77,9;"EUNAPOLIS";"Defeito na Via";"Colisão frontal";"Com Vítimas Feridas";"Plena Noite";"Crescente";"Ignorado";"Simples";"Reta";"Não";2;0;0;1;1;0;1;2;-16,366991;-39,518265;"SPRF-BA";"DEL09-BA";"UOP01-DEL09-BA"
144676;2018-07-05;"quinta-feira";"19:00:00";"BA";116;12;"VITORIA DA CONQUISTA";"Restrição de Visibilidade";"Colisão transversal";"Com Vítimas Feridas";"Plena Noite";"Decrescente";"Céu Claro";"Simples";"Reta";"Sim";3;0;2;0;1;0;2;2;-14,851;-40,8485;"SPRF-BA";"DEL08-BA";"UOP01-DEL08-BA"
144677;2018-07-05;"quinta-feira";"17:40:00";"RJ";116;310;"ITATIAIA";"Ultrapassagem Indevida";"Colisão lateral";"Com Vítimas Feridas";"Anoitecer";"Crescente";"Céu Claro";"Dupla";"Retorno Regulamentado";"Não";3;0;2;0;1;0;2;2;-22,459236;-44,434776;"SPRF-RJ";"DEL07-RJ";"DEL5/7-UOP03/RJ"
144678;2018-07-05;"quinta-feira";"20:04:00";"GO";60;43;"ALEXANIA";"Falta de Atenção do Pedestre";"Atropelamento de Pedestre";"Com Vítimas Fatais";"Plena Noite";"Crescente";"Céu Claro";"Dupla";"Reta";"Não";3;1;0;0;2;0;0;2;-16,1104;-48,5742;"SPRF-GO";"DEL02-GO";"UOP01-DEL02-GO"
144679;2018-07-05;"quinta-feira";"19:05:00";"RS";116;326;"PELOTAS";"Pista Escorregadia";"Colisão frontal";"Com Vítimas Feridas";"Plena Noite";"Crescente";"Chuva";"Simples";"Reta";"Não";4;0;3;0;1;0;3;3;-31,6151667;-52,3134635;"SPRF-RS";"DEL02-RS";"UOP01-DEL02-RS"
144680;2018-07-05;"quinta-feira";"18:30:00";"MG";354;745;"POUSO ALTO";"Falta de Atenção à Condução";"Colisão transversal";"Com Vítimas Feridas";"Plena Noite";"Crescente";"Ignorado";"Simples";"Rotatória";"Sim";4;0;2;1;1;0;3;2;-22,25462494;-44,93001939;"SPRF-MG";"DEL05-MG";"UOP01-DEL17-MG"
144682;2018-07-05;"quinta-feira";"18:45:00";"SC";280;168,9;"MAFRA";"Desobediência às normas de trânsito pelo condutor";"Colisão traseira";"Com Vítimas Feridas";"Plena Noite";"Crescente";"Céu Claro";"Dupla";"Reta;Retorno Regulamentado";"Sim";3;0;1;0;2;0;1;2;-26,15343968;-49,81283692;"SPRF-SC";"DEL06-SC";"UOP01-DEL06-SC"
144683;2018-07-05;"quinta-feira";"18:00:00";"AC";364;137;"RIO BRANCO";"Falta de Atenção à Condução";"Colisão traseira";"Com Vítimas Feridas";"Plena Noite";"Decrescente";"Ignorado";"Dupla";"Reta";"Sim";4;0;1;1;2;0;2;3;-9,977584;-67,8489;"SPRF-AC";"DEL01-AC";"UOP01-DEL01-AC"
144684;2018-07-05;"quinta-feira";"19:30:00";"RS";285;372,1;"SALDANHA MARINHO";"Desobediência às normas de trânsito pelo condutor";"Saída de leito carroçável";"Com Vítimas Feridas";"Plena Noite";"Crescente";"Céu Claro";"Simples";"Curva";"Não";1;0;1;0;0;0;1;1;-28,405064;-53,083088;"SPRF-RS";"DEL08-RS";"UOP03-DEL08-RS"
144685;2018-07-05;"quinta-feira";"20:10:00";"RS";116;246;"SAO LEOPOLDO";"Falta de Atenção à Condução";"Colisão com objeto estático";"Com Vítimas Feridas";"Plena Noite";"Decrescente";"Céu Claro";"Dupla";"Reta";"Sim";3;0;2;0;1;0;2;1;-29,76348328;-51,1530304;"SPRF-RS";"DEL01-RS";"UOP02-DEL01-RS"
144686;2018-03-22;"quinta-feira";"23:30:00";"PE";428;132;"LAGOA GRANDE";"Animais na Pista";"Capotamento";"Com Vítimas Feridas";"Plena Noite";"Crescente";"Ignorado";"Simples";"Reta";"Não";1;0;1;0;0;0;1;1;-8,961789;-40,206913;"SPRF-PE";"DEL06-PE";"UOP03-DEL06-PE"
144687;2018-07-05;"quinta-feira";"20:20:00";"SP";116;226;"GUARULHOS";"Falta de Atenção à Condução";"Colisão com objeto em movimento";"Com Vítimas Feridas";"Plena Noite";"Decrescente";"Nublado";"Múltipla";"Reta";"Não";2;0;1;0;1;0;1;2;-23,4981769;-46,4100118;"SPRF-SP";"DEL01-SP";"UOP01-DEL01-SP"