"id";"data_inversa";"dia_semana";"horario";"uf";"br";"km";"municipio";"causa_acidente";"tipo_acidente";"classificacao_acidente";"fase_dia";"sentido_via";"condicao_metereologica";"tipo_pista";"tracado_via";"uso_solo";"pessoas";"mortos";"feridos_leves";"feridos_graves";"ilesos";"ignorados";"feridos";"veiculos";"latitude";"longitude";"regional";"delegacia";"uop"
144814;2018-07-06;"sexta-feira";"12:00:00";"MG";381;486;"BETIM";"Falta de Atenção à Condução";"Colisão lateral";"Com Vítimas Feridas";"Pleno dia";"Decrescente";"Sol";"Múltipla";"Reta";"Sim";1;0;1;0;0;0;1;1;-19,9554;-44,1157;"SPRF-MG";"DEL01-MG";"UOP03-DEL01-MG"
144815;2018-07-06;"sexta-feira";"12:25:00";"MG";381;484,6;"BETIM";"Não guardar distância de segurança";"Colisão traseira";"Com Vítimas Feridas";"Pleno dia";"Decrescente";"Céu Claro";"Dupla";"Reta";"Sim";3;0;2;0;1;0;2;3;-19,95794042;-44,09259796;"SPRF-MG";"DEL01-MG";"UOP03-DEL01-MG"
144816;2018-07-06;"sexta-feira";"12:10:00";"GO";60;167,8;"GOIANIA";"Falta de Atenção à Condução";"Colisão transversal";"Com Vítimas Feridas";"Pleno dia";"Crescente";"Sol";"Múltipla";"Viaduto";"Sim";3;0;2;0;1;0;2;2;-16,72122248;-49,37331766;"SPRF-GO";"DEL01-GO";"UOP02-DEL01-GO"
144817;2018-07-06;"sexta-feira";"12:15:00";"PB";230;21;"JOAO PESSOA";"Não guardar distância de segurança";"Colisão traseira";"Com Vítimas Feridas";"Pleno dia";"Crescente";"Céu Claro";"Dupla";"Reta";"Sim";3;0;1;0;2;0;1;2;-7,1445574;-34,85118091;"SPRF-PB";"DEL01-PB";"UOP01-DEL01-PB"
144818;2018-06-24;"domingo";"22:20:00";"CE";222;5,8;"CAUCAIA";"Falta de Atenção do Pedestre";"Atropelamento de Pedestre";"Com Vítimas Fatais";"Plena Noite";"Decrescente";"Céu Claro";"Múltipla";"Reta";"Não";2;1;0;0;0;1;0;2;-3,766137;-38,6631829;"SPRF-CE";"DEL01-CE";"UOP01-DEL01-CE"
144819;2018-07-06;"sexta-feira";"10:45:00";"MA";316;416;"PERITORO";"Falta de Atenção à Condução";"Colisão traseira";"Sem Vítimas";"Pleno dia";"Decrescente";"Céu Claro";"Simples";"Reta";"Sim";2;0;0;0;2;0;0;2;-4,331532;-44,401314;"SPRF-MA";"DEL03-MA";"UOP01-DEL03-MA"
144820;2018-07-06;"sexta-feira";"11:25:00";"RS";470;228,6;"GARIBALDI";"Desobediência às normas de trânsito pelo condutor";"Colisão traseira";"Com Vítimas Feridas";"Pleno dia";"Decrescente";"Céu Claro";"Simples";"Reta";"Não";4;0;2;0;2;0;2;3;-29,26612846;-51,50023699;"SPRF-RS";"DEL06-RS";"UOP01-DEL06-RS"
144821;2018-07-06;"sexta-feira";"11:00:00";"MG";365;210;"BURITIZEIRO";"Velocidade Incompatível";"Saída de leito carroçável";"Sem Vítimas";"Pleno dia";"Crescente";"Céu Claro";"Simples";"Curva";"Não";2;0;0;0;2;0;0;1;-17,547791;-45,30566;"SPRF-MG";"DEL12-MG";"UOP01-DEL12-MG"
144822;2018-07-06;"sexta-feira";"12:40:00";"GO";40;7,8;"VALPARAISO DE GOIAS";"Falta de Atenção à Condução";"Colisão lateral";"Com Vítimas Feridas";"Pleno dia";"Crescente";"Céu Claro";"Dupla";"Reta";"Sim";3;0;1;0;1;1;1;3;-16,114954;-47,968366;"SPRF-DF";"DEL01-DF";"UOP01-DEL01-DF"
144823;2018-07-06;"sexta-feira";"11:40:00";"PR";476;131;"CURITIBA";"Desobediência às normas de trânsito pelo condutor";"Colisão lateral";"Com Vítimas Feridas";"Pleno dia";"Crescente";"Sol";"Múltipla";"Reta";"Sim";3;0;2;0;1;0;2;2;-25,453636;-49,245155;"SPRF-PR";"DEL01-PR";"UOP07-DEL01-PR"
144824;2018-05-12;"sábado";"02:00:00";"SP";116;152;"SAO JOSE DOS CAMPOS";"Objeto estático sobre o leito carroçável";"Colisão traseira";"Com Vítimas Feridas";"Plena Noite";"Crescente";"Céu Claro";"Dupla";"Reta";"Sim";7;0;0;1;1;5;1;3;-23,22466499;-45,90549231;"SPRF-SP";"DEL02-SP";"UOP01-DEL02-SP"
144827;2018-07-06;"sexta-feira";"12:15:00";"PB";230;21;"JOAO PESSOA";"Falta de Atenção à Condução";"Colisão lateral";"Com Vítimas Feridas";"Pleno dia";"Crescente";"Céu Claro";"Dupla";"Reta";"Sim";1;0;1;0;0;0;1;1;-7,1445574;-34,85118091;"SPRF-PB";"DEL01-PB";"UOP01-DEL01-PB"
144828;2018-07-06;"sexta-feira";"12:15:00";"MG";381;677;"PERDOES";"Falta de Atenção à Condução";"Colisão traseira";"Com Vítimas Feridas";"Pleno dia";"Crescente";"Céu Claro";"Simples";"Reta";"Sim";3;0;1;0;2;0;1;2;-21,1113;-45,0928;"SPRF-MG";"DEL04-MG";"UOP02-DEL04-MG"
144829;2018-07-06;"sexta-feira";"13:15:00";"SP";116;208;"GUARULHOS";"Falta de Atenção à Condução";"Tombamento";"Com Vítimas Feridas";"Pleno dia";"Decrescente";"Céu Claro";"Dupla";"Reta";"Sim";2;0;2;0;0;0;2;1;-23,42437869;-46,39979995;"SPRF-SP";"DEL01-SP";"UOP01-DEL01-SP"
144830;2018-07-06;"sexta-feira";"13:00:00";"GO";153;491;"GOIANIA";"Falta de Atenção à Condução";"Colisão transversal";"Com Vítimas Feridas";"Pleno dia";"Decrescente";"Sol";"Dupla";"Reta";"Sim";2;0;0;1;1;0;1;2;-16,639;-49,2063;"SPRF-GO";"DEL01-GO";"UOP01-DEL01-GO"
144831;2018-07-06;"sexta-feira";"12:10:00";"MG";381;619;"OLIVEIRA";"Objeto estático sobre o leito carroçável";"Saída de leito carroçável";"Com Vítimas Feridas";"Pleno dia";"Decrescente";"Céu Claro";"Dupla";"Reta";"Não";1;0;1;0;0;0;1;1;-20,7551;-44,7751;"SPRF-MG";"DEL04-MG";"UOP01-DEL04-MG"
144832;2018-07-06;"sexta-feira";"13:30:00";"PR";277;595;"CASCAVEL";"Mal Súbito";"Saída de leito carroçável";"Com Vítimas Feridas";"Pleno dia";"Crescente";"Céu Claro";"Simples";"Curva";"Sim";1;0;1;0;0;0;1;1;-24,97905602;-53,49663734;"SPRF-PR";"DEL04-PR";"UOP01-DEL04-PR"
144833;2018-07-06;"sexta-feira";"13:00:00";"SC";101;139;"BALNEARIO CAMBORIU";"Velocidade Incompatível";"Queda de ocupante de veículo";"Com Vítimas Feridas";"Pleno dia";"Crescente";"Nublado";"Simples";"Curva";"Não";2;0;1;1;0;0;2;1;-27,0386;-48,6028;"SPRF-SC";"DEL04-SC";"UOP03-DEL04-SC"
144834;2018-07-06;"sexta-feira";"13:35:00";"RN";226;92,6;"TANGARA";"Pista Escorregadia";"Colisão transversal";"Com Vítimas Feridas";"Pleno dia";"Decrescente";"Chuva";"Simples";"Reta";"Não";4;0;0;4;0;0;4;2;-6,203209;-35,805336;"SPRF-RN";"DEL03-RN";"UOP02-DEL03-RN"
144836;2018-07-06;"sexta-feira";"11:30:00";"PB";104;147,8;"QUEIMADAS";"Falta de Atenção à Condução";"Colisão traseira";"Sem Vítimas";"Pleno dia";"Crescente";"Chuva";"Simples";"Reta";"Não";2;0;0;0;2;0;0;2;-7,43876528;-35,90132475;"SPRF-PB";"DEL02-PB";"UOP03-DEL02-PB"
144837;2018-07-06;"sexta-feira";"13:20:00";"ES";101;214;"IBIRACU";"Desobediência às normas de trânsito pelo condutor";"Colisão traseira";"Sem Vítimas";"Pleno dia";"Crescente";"Céu Claro";"Simples";"Curva";"Não";2;0;0;0;2;0;0;2;-19,83003744;-40,37353814;"SPRF-ES";"DEL02-ES";"UOP01-DEL02-ES"
144838;2018-07-06;"sexta-feira";"14:10:00";"DF";40;2;"BRASILIA";"Falta de Atenção do Pedestre";"Atropelamento de Pedestre";"Com Vítimas Feridas";"Pleno dia";"Crescente";"Céu Claro";"Dupla";"Reta";"Sim";3;0;3;0;0;0;3;2;-15,99435;-47,985947;"SPRF-DF";"DEL01-DF";"UOP01-DEL01-DF"
144839;2018-07-06;"sexta-feira";"13:35:00";"PR";369;160,7;"CAMBE";"Falta de Atenção à Condução";"Colisão traseira";"Com Vítimas Feridas";"Pleno dia";"Crescente";"Sol";"Dupla";"Reta";"Sim";2;0;1;0;1;0;1;2;-23,28491223;-51,25876643;"SPRF-PR";"DEL07-PR";"UOP01-DEL07-PR"
144840;2018-07-06;"sexta-feira";"12:55:00";"ES";262;4;"CARIACICA";"Falta de Atenção à Condução";"Colisão lateral";"Com Vítimas Feridas";"Pleno dia";"Crescente";"Céu Claro";"Múltipla";"Interseção de Vias";"Sim";2;0;1;0;1;0;1;2;-20,3362;-40,3783;"SPRF-ES";"DEL01-ES";"UOP01-DEL01-ES"
144841;2018-07-06;"sexta-feira";"13:25:00";"GO";50;103,6;"CRISTALINA";"Condutor Dormindo";"Saída de leito carroçável";"Com Vítimas Feridas";"Pleno dia";"Decrescente";"Céu Claro";"Dupla";"Reta";"Não";1;0;1;0;0;0;1;1;-16,79558483;-47,64646053;"SPRF-DF";"DEL01-DF";"UOP02-DEL01-DF"
144842;2018-07-06;"sexta-feira";"13:45:00";"SP";116;149;"SAO JOSE DOS CAMPOS";"Falta de Atenção à Condução";"Queda de ocupante de veículo";"Com Vítimas Feridas";"Pleno dia";"Crescente";"Céu Claro";"Múltipla";"Reta";"Sim";1;0;1;0;0;0;1;1;-23,2066002;-45,8865298;"SPRF-SP";"DEL02-SP";"UOP01-DEL02-SP"
144844;2018-07-06;"sexta-feira";"14:22:00";"RJ";40;123;"DUQUE DE CAXIAS";"Falta de Atenção à Condução";"Colisão transversal";"Com Vítimas Feridas";"Pleno dia";"Crescente";"Céu Claro";"Múltipla";"Reta";"Não";3;0;1;0;2;0;1;3;-22,8061;-43,2894;"SPRF-RJ";"DEL01-RJ";"UOP01-DEL01-RJ"
144846;2018-07-06;"sexta-feira";"12:00:00";"SP";116;120;"CACAPAVA";"Avarias e/ou desgaste excessivo no pneu";"Atropelamento de Pedestre";"Com Vítimas Feridas";"Pleno dia";"Crescente";"Sol";"Dupla";"Reta";"Não";2;0;1;0;0;1;1;2;-23,071577;-45,644619;"SPRF-SP";"DEL06-SP";"UOP02-DEL02-SP"
144847;2018-07-06;"sexta-feira";"12:32:00";"RS";290;625;"ALEGRETE";"Ingestão de Álcool";"Saída de leito carroçável";"Com Vítimas Feridas";"Pleno dia";"Crescente";"Céu Claro";"Simples";"Reta";"Não";1;0;1;0;0;0;1;1;-29,990417;-56,175041;"SPRF-RS";"DEL13-RS";"UOP02-DEL13-RS"
144848;2018-07-06;"sexta-feira";"14:23:00";"SP";153;61,8;"SAO JOSE DO RIO PRETO";"Desobediência às normas de trânsito pelo condutor";"Tombamento";"Com Vítimas Feridas";"Pleno dia";"Decrescente";"Sol";"Dupla";"Declive";"Sim";1;0;1;0;0;0;1;1;-20,81152328;-49,35658872;"SPRF-SP";"DEL09-SP";"UOP01-DEL09-SP"
144850;2018-07-06;"sexta-feira";"13:30:00";"AL";101;181,8;"JUNQUEIRO";"Fenômenos da Natureza";"Capotamento";"Sem Vítimas";"Pleno dia";"Crescente";"Chuva";"Dupla";"Reta";"Não";2;0;0;0;2;0;0;1;-9,89796;-36,41769;"SPRF-AL";"DEL02-AL";"UOP02-DEL02-AL"
144851;2018-07-06;"sexta-feira";"14:40:00";"PR";376;180,5;"MARINGA";"Não guardar distância de segurança";"Colisão traseira";"Com Vítimas Feridas";"Pleno dia";"Crescente";"Céu Claro";"Dupla";"Reta";"Sim";2;0;1;0;1;0;1;2;-23,427254;-51,895123;"SPRF-PR";"DEL07-PR";"UOP01-DEL09-PR"
144854;2018-07-06;"sexta-feira";"14:30:00";"RN";101;97;"NATAL";"Falta de Atenção à Condução";"Colisão lateral";"Com Vítimas Feridas";"Pleno dia";"Crescente";"Chuva";"Múltipla";"Reta";"Sim";2;0;1;0;1;0;1;2;-5,857612;-35,212723;"SPRF-RN";"DEL01-RN";"UOP01-DEL01-RN"
144855;2018-07-06;"sexta-feira";"14:10:00";"BA";116;16,5;"VITORIA DA CONQUISTA";"Desobediência às normas de trânsito pelo condutor";"Colisão transversal";"Sem Vítimas";"Pleno dia";"Crescente";"Sol";"Simples";"Reta";"Sim";2;0;0;0;2;0;0;2;-14,90298538;-40,84957123;"SPRF-BA";"DEL08-BA";"UOP01-DEL08-BA"
144856;2018-07-06;"sexta-feira";"14:20:00";"MG";40;516,8;"RIBEIRAO DAS NEVES";"Falta de Atenção à Condução";"Colisão traseira";"Com Vítimas Feridas";"Pleno dia";"Decrescente";"Céu Claro";"Dupla";"Curva";"Sim";2;0;2;0;0;0;2;1;-19,8278;-44,0836;"SPRF-MG";"DEL01-MG";"UOP03-DEL01-MG"
144860;2018-07-06;"sexta-feira";"14:20:00";"SP";116;277,9;"EMBU DAS ARTES";"Falta de Atenção à Condução";"Tombamento";"Com Vítimas Feridas";"Pleno dia";"Decrescente";"Sol";"Dupla";"Reta";"Sim";1;0;1;0;0;0;1;1;-23,63318725;-46,82240009;"SPRF-SP";"DEL04-SP";"UOP01-DEL04-SP"
144862;2018-07-06;"sexta-feira";"12:31:00";"RO";174;12;"VILHENA";"Falta de Atenção à Condução";"Colisão lateral";"Com Vítimas Feridas";"Pleno dia";"Crescente";"Céu Claro";"Dupla";"Rotatória";"Sim";2;0;1;0;1;0;1;2;-12,74300608;-60,12366772;"SPRF-RO";"DEL04-RO";"UOP01-DEL04-RO"
144863;2018-07-06;"sexta-feira";"14:02:00";"RO";364;341;"JI-PARANA";"Defeito Mecânico no Veículo";"Colisão com objeto em movimento";"Com Vítimas Feridas";"Pleno dia";"Decrescente";"Céu Claro";"Dupla";"Reta";"Sim";4;0;2;0;2;0;2;2;-10,889981;-61,931229;"SPRF-RO";"DEL02-RO";"UOP01-DEL02-RO"
144865;2018-07-06;"sexta-feira";"15:25:00";"PR";376;259,8;"CALIFORNIA";"Defeito Mecânico no Veículo";"Saída de leito carroçável";"Com Vítimas Feridas";"Pleno dia";"Decrescente";"Céu Claro";"Simples";"Curva";"Não";1;0;1;0;0;0;1;1;-23,680289;-51,35187;"SPRF-PR";"DEL07-PR";"UOP03-DEL07-PR"
144866;2018-07-06;"sexta-feira";"14:40:00";"MG";381;484;"BETIM";"Não guardar distância de segurança";"Colisão traseira";"Com Vítimas Feridas";"Pleno dia";"Crescente";"Sol";"Dupla";"Reta";"Sim";2;0;1;0;1;0;1;2;-19,9557;-44,0964;"SPRF-MG";"DEL01-MG";"UOP03-DEL01-MG"
144870;2018-07-06;"sexta-feira";"13:40:00";"RS";116;152,2;"CAXIAS DO SUL";"Velocidade Incompatível";"Colisão traseira";"Com Vítimas Feridas";"Pleno dia";"Decrescente";"Céu Claro";"Simples";"Reta";"Sim";4;0;1;0;3;0;1;2;-29,18333926;-51,16975665;"SPRF-RS";"DEL05-RS";"UOP01-DEL05-RS"
144871;2018-05-12;"sábado";"12:55:00";"RS";290;62,7;"GRAVATAI";"Condutor Dormindo";"Capotamento";"Com Vítimas Feridas";"Pleno dia";"Crescente";"Céu Claro";"Dupla";"Reta";"Não";3;0;3;0;0;0;3;1;-29,9354;-50,883;"SPRF-RS";"DEL03-RS";"UOP02-DEL03-RS"
144872;2018-07-06;"sexta-feira";"14:00:00";"MG";116;414;"GOVERNADOR VALADARES";"Ingestão de Álcool";"Colisão traseira";"Sem Vítimas";"Pleno dia";"Decrescente";"Céu Claro";"Dupla";"Retorno Regulamentado";"Sim";2;0;0;0;2;0;0;2;-18,88029477;-41,95971038;"SPRF-MG";"DEL06-MG";"UOP01-DEL06-MG"
144873;2018-07-06;"sexta-feira";"15:10:00";"RN";406;147;"CEARA-MIRIM";"Ultrapassagem Indevida";"Colisão transversal";"Com Vítimas Feridas";"Pleno dia";"Decrescente";"Chuva";"Simples";"Reta";"Não";3;0;2;0;1;0;2;2;-5,64532641;-35,46542287;"SPRF-RN";"DEL02-RN";"UOP01-DEL02-RN"
144874;2018-07-06;"sexta-feira";"15:15:00";"PA";316;46,4;"SANTA IZABEL DO PARA";"Falta de Atenção à Condução";"Colisão traseira";"Com Vítimas Feridas";"Pleno dia";"Crescente";"Céu Claro";"Dupla";"Reta";"Não";3;0;2;0;1;0;2;1;-1,28537;-48,062698;"SPRF-PA";"DEL01-PA";"UOP01-DEL01-PA"
144875;2018-07-06;"sexta-feira";"16:20:00";"PI";402;33,1;"PARNAIBA";"Falta de Atenção à Condução";"Colisão frontal";"Com Vítimas Feridas";"Pleno dia";"Decrescente";"Sol";"Simples";"Reta";"Sim";6;0;3;0;3;0;3;3;-2,93511201;-41,74697399;"SPRF-PI";"DEL05-PI";"UOP01-DEL05-PI"
144879;2018-07-06;"sexta-feira";"15:40:00";"MG";40;507;"RIBEIRAO DAS NEVES";"Falta de Atenção do Pedestre";"Atropelamento de Pedestre";"Com Vítimas Feridas";"Pleno dia";"Crescente";"Céu Claro";"Dupla";"Reta";"Sim";3;0;1;0;2;0;1;2;-19,7628;-44,1322;"SPRF-MG";"DEL02-MG";"UOP01-DEL02-MG"
144884;2018-07-06;"sexta-feira";"16:50:00";"SC";101;173,1;"TIJUCAS";"Defeito Mecânico no Veículo";"Tombamento";"Com Vítimas Feridas";"Pleno dia";"Crescente";"Nublado";"Dupla";"Reta";"Não";2;0;2;0;0;0;2;1;-27,3307;-48,6267;"SPRF-SC";"DEL04-SC";"UOP03-DEL04-SC"
144887;2018-07-06;"sexta-feira";"17:00:00";"PR";373;399,3;"CANDOI";"Desobediência às normas de trânsito pelo condutor";"Colisão lateral";"Com Vítimas Feridas";"Anoitecer";"Crescente";"Céu Claro";"Simples";"Reta";"Não";2;0;1;0;1;0;1;2;-25,5693883;-52,05262184;"SPRF-PR";"DEL03-PR";"UOP01-DEL08-PR"
144890;2018-07-06;"sexta-feira";"18:00:00";"ES";262;46;"MARECHAL FLORIANO";"Ingestão de Álcool";"Colisão traseira";"Com Vítimas Feridas";"Plena Noite";"Decrescente";"Céu Claro";"Simples";"Reta";"Sim";5;0;2;0;3;0;2;4;-20,40888314;-40,6743291;"SPRF-ES";"DEL01-ES";"UOP01-DEL01-ES"
144891;2018-07-06;"sexta-feira";"17:55:00";"SC";101;15,6;"GARUVA";"Não guardar distância de segurança";"Colisão traseira";"Com Vítimas Fatais";"Plena Noite";"Crescente";"Chuva";"Dupla";"Reta";"Não";2;1;0;0;0;1;0;2;-26,1216;-48,8826;"SPRF-SC";"DEL03-SC";"UOP01-DEL03-SC"
144892;2018-06-28;"quinta-feira";"09:00:00";"SP";116;211;"GUARULHOS";"Falta de Atenção à Condução";"Queda de ocupante de veículo";"Com Vítimas Feridas";"Pleno dia";"Crescente";"Sol";"Múltipla";"Reta";"Sim";3;0;1;0;1;1;1;3;-23,43260547;-46,42007947;"SPRF-SP";"DEL01-SP";"UOP01-DEL01-SP"
144894;2018-07-06;"sexta-feira";"18:00:00";"PR";376;105,2;"PARANAVAI";"Restrição de Visibilidade";"Saída de leito carroçável";"Com Vítimas Feridas";"Anoitecer";"Decrescente";"Céu Claro";"Simples";"Desvio Temporário";"Não";3;0;2;0;1;0;2;1;-23,063156;-52,431847;"SPRF-PR";"DEL07-PR";"UOP02-DEL09-PR"
144895;2018-07-06;"sexta-feira";"17:30:00";"CE";116;383;"ICO";"Animais na Pista";"Atropelamento de Animal";"Com Vítimas Feridas";"Anoitecer";"Crescente";"Céu Claro";"Simples";"Reta";"Não";2;0;2;0;0;0;2;1;-6,46205557;-38,85564094;"SPRF-CE";"DEL05-CE";"UOP01-DEL05-CE"
144896;2018-07-06;"sexta-feira";"15:40:00";"PI";230;309;"FLORIANO";"Desobediência às normas de trânsito pelo condutor";"Colisão lateral";"Com Vítimas Feridas";"Pleno dia";"Decrescente";"Céu Claro";"Simples";"Reta";"Sim";2;0;0;1;1;0;1;2;-6,7673564;-43,022846;"SPRF-PI";"DEL03-PI";"UOP01-DEL03-PI"
144898;2018-07-06;"sexta-feira";"18:20:00";"PR";277;597,3;"CASCAVEL";"Falta de Atenção à Condução";"Saída de leito carroçável";"Com Vítimas Fatais";"Plena Noite";"Decrescente";"Nublado";"Dupla";"Reta";"Sim";2;1;0;1;0;0;1;2;-24,99508224;-53,51376057;"SPRF-PR";"DEL04-PR";"UOP01-DEL04-PR"
144903;2018-05-17;"quinta-feira";"19:40:00";"BA";101;264,8;"SANTO ANTONIO DE JESUS";"Restrição de Visibilidade";"Atropelamento de Animal";"Com Vítimas Feridas";"Plena Noite";"Decrescente";"Céu Claro";"Simples";"Declive;Curva";"Sim";1;0;0;1;0;0;1;1;-12,98615861;-39,29140091;"SPRF-BA";"DEL01-BA";"UOP02-DEL01-BA"
144904;2018-05-31;"quinta-feira";"12:20:00";"RS";290;65;"GRAVATAI";"Falta de Atenção à Condução";"Saída de leito carroçável";"Com Vítimas Feridas";"Pleno dia";"Crescente";"Nublado";"Dupla";"Reta";"Não";4;0;2;0;2;0;2;2;-29,943;-50,9055;"SPRF-RS";"DEL03-RS";"UOP02-DEL03-RS"
144905;2018-07-06;"sexta-feira";"18:45:00";"RS";285;291,9;"PASSO FUNDO";"Falta de Atenção do Pedestre";"Atropelamento de Pedestre";"Com Vítimas Feridas";"Plena Noite";"Crescente";"Céu Claro";"Dupla";"Reta";"Sim";3;0;0;1;2;0;1;2;-28,23745287;-52,37241626;"SPRF-RS";"DEL08-RS";"UOP03-DEL08-RS"
144907;2018-07-06;"sexta-feira";"18:10:00";"RJ";40;19;"TRES RIOS";"Animais na Pista";"Atropelamento de Animal";"Sem Vítimas";"Plena Noite";"Crescente";"Céu Claro";"Dupla";"Reta";"Não";5;0;0;0;5;0;0;1;-22,10457735;-43,16890419;"SPRF-RJ";"DEL06-RJ";"UOP02-DEL05-RJ"
144909;2018-07-06;"sexta-feira";"17:00:00";"TO";153;249,5;"COLINAS DO TOCANTINS";"Falta de Atenção à Condução";"Capotamento";"Com Vítimas Feridas";"Anoitecer";"Crescente";"Céu Claro";"Simples";"Reta";"Não";5;0;4;0;1;0;4;1;-8,08398158;-48,46704483;"SPRF-TO";"DEL02-TO";"UOP02-DEL02-TO"
144910;2018-07-06;"sexta-feira";"18:20:00";"RJ";101;244,8;"SILVA JARDIM";"Ingestão de álcool e/ou substâncias psicoativas pelo pedestre";"Atropelamento de Pedestre";"Com Vítimas Fatais";"Plena Noite";"Crescente";"Céu Claro";"Dupla";"Reta";"Sim";3;1;0;0;2;0;0;3;-22,64411562;-42,48039722;"SPRF-RJ";"DEL02-RJ";"UOP03-DEL02-RJ"
144912;2018-07-06;"sexta-feira";"18:30:00";"PR";277;680,1;"MEDIANEIRA";"Falta de Atenção à Condução";"Colisão lateral";"Com Vítimas Feridas";"Plena Noite";"Crescente";"Céu Claro";"Dupla";"Declive";"Não";2;0;0;1;1;0;1;2;-25,322565;-54,165028;"SPRF-PR";"DEL05-PR";"UOP01-DEL05-PR"
144913;2018-07-06;"sexta-feira";"18:25:00";"SC";470;53;"BLUMENAU";"Falta de Atenção à Condução";"Colisão traseira";"Com Vítimas Feridas";"Plena Noite";"Decrescente";"Céu Claro";"Simples";"Rotatória";"Não";3;0;1;0;2;0;1;2;-26,867121;-49,102066;"SPRF-SC";"DEL04-SC";"UOP01-DEL04-SC"
144915;2018-07-06;"sexta-feira";"19:25:00";"PR";369;155;"LONDRINA";"Ingestão de Álcool";"Colisão traseira";"Com Vítimas Feridas";"Plena Noite";"Crescente";"Céu Claro";"Múltipla";"Interseção de Vias;Reta";"Sim";2;0;1;0;1;0;1;2;-23,295408;-51,208571;"SPRF-PR";"DEL07-PR";"UOP01-DEL07-PR"
144916;2018-07-06;"sexta-feira";"19:15:00";"PA";316;8;"ANANINDEUA";"Falta de Atenção à Condução";"Tombamento";"Com Vítimas Feridas";"Plena Noite";"Decrescente";"Céu Claro";"Múltipla";"Curva";"Sim";1;0;1;0;0;0;1;1;-1,36741053;-48,37579608;"SPRF-PA";"DEL01-PA";"DEL19/1-UOP05/PA"
144918;2018-07-06;"sexta-feira";"19:00:00";"MG";262;422;"IGARATINGA";"Objeto estático sobre o leito carroçável";"Colisão com objeto estático";"Com Vítimas Feridas";"Plena Noite";"Crescente";"Céu Claro";"Dupla";"Reta";"Não";1;0;0;1;0;0;1;1;-19,8892;-44,7992;"SPRF-MG";"DEL08-MG";"UOP03-DEL08-MG"
144920;2018-07-06;"sexta-feira";"19:00:00";"SP";116;194,1;"SANTA ISABEL";"Falta de Atenção do Pedestre";"Atropelamento de Pedestre";"Com Vítimas Fatais";"Plena Noite";"Decrescente";"Céu Claro";"Dupla";"Reta";"Sim";2;1;0;0;1;0;0;2;-23,38498732;-46,26677942;"SPRF-SP";"DEL02-SP";"UOP01-DEL02-SP"
144921;2018-07-06;"sexta-feira";"20:00:00";"GO";153;505,7;"APARECIDA DE GOIANIA";"Falta de Atenção à Condução";"Colisão com objeto estático";"Com Vítimas Feridas";"Plena Noite";"Decrescente";"Céu Claro";"Dupla";"Reta";"Não";1;0;1;0;0;0;1;1;-16,7537;-49,2411;"SPRF-GO";"DEL01-GO";"UOP01-DEL01-GO"
144922;2018-07-06;"sexta-feira";"20:10:00";"PR";476;142,5;"CURITIBA";"Ingestão de Álcool";"Colisão lateral";"Sem Vítimas";"Plena Noite";"Decrescente";"Céu Claro";"Dupla";"Reta";"Sim";2;0;0;0;2;0;0;2;-25,537161;-49,301632;"SPRF-PR";"DEL01-PR";"UOP07-DEL01-PR"
144923;2018-07-06;"sexta-feira";"19:17:00";"PR";153;44,3;"SANTO ANTONIO DA PLATINA";"Objeto estático sobre o leito carroçável";"Colisão com objeto estático";"Com Vítimas Feridas";"Plena Noite";"Crescente";"Céu Claro";"Simples";"Reta";"Não";1;0;1;0;0;0;1;1;-23,31687794;-50,0690147;"SPRF-PR";"DEL07-PR";"UOP04-DEL07-PR"
144924;2018-05-16;"quarta-feira";"19:40:00";"RS";285;113;"VACARIA";"Objeto estático sobre o leito carroçável";"Colisão traseira";"Com Vítimas Feridas";"Plena Noite";"Crescente";"Nublado";"Simples";"Reta";"Não";4;0;2;1;1;0;3;2;-28,514271;-50,868092;"SPRF-RS";"DEL05-RS";"UOP03-DEL05-RS"
144926;2018-07-06;"sexta-feira";"20:25:00";"RJ";101;57,5;"CAMPOS DOS GOYTACAZES";"Falta de Atenção à Condução";"Colisão traseira";"Com Vítimas Feridas";"Plena Noite";"Decrescente";"Céu Claro";"Simples";"Reta";"Sim";2;0;1;0;1;0;1;2;-21,696001;-41,310173;"SPRF-RJ";"DEL08-RJ";"UOP01-DEL08-RJ"
144929;2018-07-06;"sexta-feira";"19:10:00";"RO";364;330;"JI-PARANA";"Ingestão de Álcool";"Colisão traseira";"Com Vítimas Feridas";"Plena Noite";"Crescente";"Ignorado";"Simples";"Reta";"Sim";2;0;1;1;0;0;2;2;-10,98475;-61,917099;"SPRF-RO";"DEL02-RO";"UOP01-DEL02-RO"
144930;2018-07-06;"sexta-feira";"20:40:00";"PR";116;16;"ANTONINA";"Velocidade Incompatível";"Saída de leito carroçável";"Com Vítimas Feridas";"Plena Noite";"Crescente";"Céu Claro";"Dupla";"Curva";"Não";2;0;2;0;0;0;2;1;-25,099701;-48,692299;"SPRF-PR";"DEL01-PR";"UOP02-DEL01-PR"
144932;2018-07-06;"sexta-feira";"18:10:00";"MT";364;474;"JANGADA";"Objeto estático sobre o leito carroçável";"Queda de ocupante de veículo";"Com Vítimas Feridas";"Anoitecer";"Crescente";"Céu Claro";"Simples";"Em Obras";"Não";1;0;1;0;0;0;1;1;-15,39774884;-56,38647079;"SPRF-MT";"DEL01-MT";"DEL2/4-UOP02/MT"