"id";"data_inversa";"dia_semana";"horario";"uf";"br";"km";"municipio";"causa_acidente";"tipo_acidente";"classificacao_acidente";"fase_dia";"sentido_via";"condicao_metereologica";"tipo_pista";"tracado_via";"uso_solo";"pessoas";"mortos";"feridos_leves";"feridos_graves";"ilesos";"ignorados";"feridos";"veiculos";"latitude";"longitude";"regional";"delegacia";"uop"
144934;2018-07-06;"sexta-feira";"20:45:00";"SC";101;191,5;"BIGUACU";"Falta de Atenção do Pedestre";"Atropelamento de Pedestre";"Com Vítimas Feridas";"Plena Noite";"Crescente";"Nublado";"Dupla";"Curva";"Não";2;0;0;1;0;1;1;2;-27,47937741;-48,64449978;"SPRF-SC";"DEL01-SC";"UOP01-DEL01-SC"
144936;2018-07-06;"sexta-feira";"19:30:00";"PR";369;80,1;"SANTA MARIANA";"Restrição de Visibilidade";"Saída de leito carroçável";"Com Vítimas Feridas";"Plena Noite";"Decrescente";"Céu Claro";"Simples";"Reta";"Não";3;0;2;0;1;0;2;1;-23,1445035;-50,58619715;"SPRF-PR";"DEL07-PR";"UOP05-DEL07-PR"
144938;2018-07-06;"sexta-feira";"18:45:00";"PR";467;109,5;"CASCAVEL";"Velocidade Incompatível";"Saída de leito carroçável";"Com Vítimas Feridas";"Plena Noite";"Decrescente";"Céu Claro";"Dupla";"Reta";"Sim";2;0;1;0;1;0;1;2;-24,92632284;-53,45885627;"SPRF-PR";"DEL04-PR";"UOP01-DEL04-PR"
144940;2018-07-06;"sexta-feira";"20:40:00";"RS";116;270;"PORTO ALEGRE";"Falta de Atenção à Condução";"Tombamento";"Com Vítimas Feridas";"Plena Noite";"Decrescente";"Chuva";"Dupla";"Reta";"Sim";1;0;1;0;0;0;1;1;-29,968391;-51,176239;"SPRF-RS";"DEL01-RS";"UOP01-DEL01-RS"
144941;2018-07-06;"sexta-feira";"17:40:00";"MT";163;823;"SINOP";"Falta de Atenção à Condução";"Queda de ocupante de veículo";"Com Vítimas Feridas";"Plena Noite";"Crescente";"Céu Claro";"Dupla";"Reta";"Sim";1;0;1;0;0;0;1;1;-11,96779178;-55,5166626;"SPRF-MT";"DEL06-MT";"UOP01-DEL06-MT"
144942;2018-07-06;"sexta-feira";"11:30:00";"PB";427;4,8;"PAULISTA";"Ingestão de Álcool";"Colisão com objeto estático";"Com Vítimas Fatais";"Pleno dia";"Decrescente";"Nublado";"Simples";"Ponte";"Não";1;1;0;0;0;0;0;1;-6,64856951;-37,48513699;"SPRF-PB";"DEL03-PB";"UOP02-DEL03-PB"
144943;2018-07-06;"sexta-feira";"13:30:00";"PA";230;712;"MEDICILANDIA";"Defeito na Via";"Colisão traseira";"Sem Vítimas";"Pleno dia";"Decrescente";"Chuva";"Simples";"Reta";"Não";2;0;0;0;2;0;0;2;-3,3900491;-52,70072937;"SPRF-PA";"DEL04-PA";"UOP01-DEL04-PA"
144944;2018-07-06;"sexta-feira";"20:40:00";"PI";343;601;"FLORIANO";"Ingestão de Álcool";"Atropelamento de Pedestre";"Com Vítimas Feridas";"Plena Noite";"Decrescente";"Céu Claro";"Simples";"Reta";"Sim";3;0;1;0;2;0;1;3;-6,837403;-43,07935;"SPRF-PI";"DEL03-PI";"UOP01-DEL03-PI"
144945;2018-07-06;"sexta-feira";"21:00:00";"PR";277;32;"MORRETES";"Falta de Atenção à Condução";"Saída de leito carroçável";"Sem Vítimas";"Plena Noite";"Crescente";"Garoa/Chuvisco";"Dupla";"Aclive;Curva";"Não";3;0;0;0;3;0;0;1;-25,56063899;-48,81553352;"SPRF-PR";"DEL01-PR";"UOP05-DEL01-PR"
144947;2018-07-06;"sexta-feira";"21:30:00";"PR";476;130,5;"CURITIBA";"Falta de Atenção do Pedestre";"Atropelamento de Pedestre";"Com Vítimas Feridas";"Plena Noite";"Crescente";"Nublado";"Múltipla";"Reta";"Sim";2;0;1;0;0;1;1;2;-25,449564;-49,236427;"SPRF-PR";"DEL01-PR";"UOP07-DEL01-PR"
144948;2018-07-06;"sexta-feira";"20:35:00";"PR";369;155;"LONDRINA";"Desobediência às normas de trânsito pelo condutor";"Colisão transversal";"Com Vítimas Feridas";"Plena Noite";"Crescente";"Céu Claro";"Dupla";"Reta";"Sim";1;0;1;0;0;0;1;1;-23,29551576;-51,20834643;"SPRF-PR";"DEL07-PR";"UOP01-DEL07-PR"
144949;2018-07-06;"sexta-feira";"19:45:00";"AC";364;124;"RIO BRANCO";"Ingestão de Álcool";"Colisão traseira";"Sem Vítimas";"Plena Noite";"Decrescente";"Céu Claro";"Dupla";"Reta";"Sim";2;0;0;0;2;0;0;2;-10,011523;-67,791466;"SPRF-AC";"DEL01-AC";"UOP01-DEL01-AC"
144951;2018-07-06;"sexta-feira";"20:50:00";"PE";232;491,9;"VERDEJANTE";"Velocidade Incompatível";"Saída de leito carroçável";"Com Vítimas Feridas";"Plena Noite";"Decrescente";"Céu Claro";"Simples";"Declive";"Não";3;0;2;0;1;0;2;1;-8,006655;-38,98167;"SPRF-PE";"DEL05-PE";"UOP01-DEL05-PE"
144954;2018-07-06;"sexta-feira";"22:20:00";"SC";470;87;"RODEIO";"Falta de Atenção à Condução";"Colisão transversal";"Com Vítimas Feridas";"Plena Noite";"Crescente";"Nublado";"Simples";"Reta";"Não";3;0;0;2;1;0;2;2;-26,95432;-49,352059;"SPRF-SC";"DEL04-SC";"UOP01-DEL04-SC"
144955;2018-07-06;"sexta-feira";"11:00:00";"RJ";40;51;"PETROPOLIS";"Velocidade Incompatível";"Colisão com objeto estático";"Com Vítimas Feridas";"Pleno dia";"Decrescente";"Céu Claro";"Dupla";"Reta";"Não";1;0;1;0;0;0;1;1;-22,45253097;-43,20583881;"SPRF-RJ";"DEL06-RJ";"UOP01-DEL06-RJ"
144956;2018-07-06;"sexta-feira";"21:48:00";"MG";146;517,5;"POCOS DE CALDAS";"Ingestão de Álcool";"Saída de leito carroçável";"Sem Vítimas";"Plena Noite";"Decrescente";"Céu Claro";"Dupla";"Curva";"Não";2;0;0;0;2;0;0;1;-21,80782882;-46,47127563;"SPRF-MG";"DEL09-MG";"UOP01-DEL09-MG"
144957;2018-07-06;"sexta-feira";"21:40:00";"DF";80;18,3;"BRASILIA";"Ingestão de Álcool";"Colisão frontal";"Com Vítimas Feridas";"Plena Noite";"Crescente";"Céu Claro";"Dupla";"Reta";"Sim";6;0;4;0;2;0;4;2;-15,681931;-48,20525;"SPRF-DF";"DEL01-DF";"UOP02-DEL03-DF"
144959;2018-07-06;"sexta-feira";"20:45:00";"RN";110;99;"UPANEMA";"Desobediência às normas de trânsito pelo condutor";"Colisão frontal";"Com Vítimas Feridas";"Plena Noite";"Crescente";"Céu Claro";"Simples";"Reta";"Sim";4;0;3;1;0;0;4;2;-5,637678;-37,260868;"SPRF-RN";"DEL04-RN";"UOP01-DEL04-RN"
144960;2018-07-06;"sexta-feira";"22:20:00";"GO";153;442,7;"ANAPOLIS";"Ingestão de Álcool";"Colisão com objeto estático";"Sem Vítimas";"Plena Noite";"Crescente";"Céu Claro";"Dupla";"Curva;Declive";"Sim";1;0;0;0;1;0;0;1;-16,34114326;-48,9234066;"SPRF-GO";"DEL02-GO";"UOP01-DEL02-GO"
144961;2018-07-06;"sexta-feira";"21:50:00";"RJ";101;320;"SAO GONCALO";"Defeito Mecânico no Veículo";"Saída de leito carroçável";"Com Vítimas Feridas";"Plena Noite";"Crescente";"Ignorado";"Múltipla";"Curva";"Não";1;0;0;1;0;0;1;1;-22,85751106;-43,10520172;"SPRF-RJ";"DEL02-RJ";"UOP02-DEL02-RJ"
144962;2018-07-06;"sexta-feira";"22:00:00";"RN";304;113,7;"ACU";"Ingestão de Álcool";"Saída de leito carroçável";"Com Vítimas Feridas";"Plena Noite";"Decrescente";"Céu Claro";"Simples";"Reta";"Sim";1;0;0;1;0;0;1;1;-5,60336507;-36,9179678;"SPRF-RN";"DEL04-RN";"UOP01-DEL04-RN"
144963;2018-07-06;"sexta-feira";"21:10:00";"RN";110;48,4;"MOSSORO";"Ingestão de Álcool";"Queda de ocupante de veículo";"Com Vítimas Feridas";"Plena Noite";"Decrescente";"Nublado";"Dupla";"Reta";"Sim";2;0;1;0;0;1;1;2;-5,208813;-37,332851;"SPRF-RN";"DEL04-RN";"UOP01-DEL04-RN"
144964;2018-07-06;"sexta-feira";"22:20:00";"DF";70;17;"BRASILIA";"Ingestão de Álcool";"Saída de leito carroçável";"Com Vítimas Feridas";"Plena Noite";"Decrescente";"Céu Claro";"Dupla";"Reta";"Não";1;0;1;0;0;0;1;1;-15,7949371;-48,1992171;"SPRF-DF";"DEL01-DF";"UOP02-DEL03-DF"
144965;2018-07-06;"sexta-feira";"22:15:00";"RJ";393;292,3;"VOLTA REDONDA";"Falta de Atenção à Condução";"Colisão traseira";"Com Vítimas Feridas";"Plena Noite";"Crescente";"Céu Claro";"Dupla";"Reta";"Não";2;0;0;1;1;0;1;2;-22,517904;-44,1105175;"SPRF-RJ";"DEL05-RJ";"UOP04-DEL05-RJ"
144966;2018-07-06;"sexta-feira";"22:00:00";"PE";423;94,5;"GARANHUNS";"Ingestão de Álcool";"Colisão lateral";"Sem Vítimas";"Plena Noite";"Crescente";"Chuva";"Simples";"Reta";"Sim";2;0;0;0;2;0;0;2;-8,87760912;-36,47546768;"SPRF-PE";"DEL03-PE";"UOP01-DEL03-PE"
144967;2018-07-06;"sexta-feira";"21:45:00";"SC";163;75,7;"SAO MIGUEL DO OESTE";"Ingestão de Álcool";"Saída de leito carroçável";"Sem Vítimas";"Plena Noite";"Crescente";"Céu Claro";"Simples";"Curva;Aclive";"Não";1;0;0;0;1;0;0;1;-26,67236886;-53,51894796;"SPRF-SC";"DEL07-SC";"UOP03-DEL07-SC"
144968;2018-07-06;"sexta-feira";"23:30:00";"PE";232;197,2;"SANHARO";"Ingestão de Álcool";"Colisão transversal";"Com Vítimas Feridas";"Plena Noite";"Crescente";"Chuva";"Simples";"Reta";"Sim";3;0;2;0;1;0;2;2;-8,3688673;-36,57953203;"SPRF-PE";"DEL02-PE";"UOP03-DEL02-PE"
144969;2018-07-06;"sexta-feira";"23:25:00";"MG";50;173,5;"UBERABA";"Falta de Atenção à Condução";"Colisão traseira";"Com Vítimas Feridas";"Plena Noite";"Crescente";"Céu Claro";"Dupla";"Reta";"Sim";3;0;2;0;1;0;2;2;-19,7032151;-47,9855014;"SPRF-MG";"DEL13-MG";"UOP01-DEL13-MG"
144970;2018-07-06;"sexta-feira";"23:30:00";"SP";116;150,5;"SAO JOSE DOS CAMPOS";"Falta de Atenção à Condução";"Colisão traseira";"Com Vítimas Feridas";"Plena Noite";"Decrescente";"Céu Claro";"Múltipla";"Reta";"Sim";2;0;0;1;1;0;1;2;-23,21650113;-45,89615822;"SPRF-SP";"DEL02-SP";"UOP01-DEL02-SP"
144971;2018-07-06;"sexta-feira";"23:20:00";"DF";40;3,7;"BRASILIA";"Desobediência às normas de trânsito pelo condutor";"Colisão lateral";"Com Vítimas Feridas";"Pleno dia";"Crescente";"Céu Claro";"Dupla";"Reta";"Sim";3;0;3;0;0;0;3;3;-16,0090093;-47,98302;"SPRF-DF";"DEL01-DF";"UOP01-DEL01-DF"
144972;2018-07-06;"sexta-feira";"23:00:00";"DF";70;3,2;"BRASILIA";"Desobediência às normas de trânsito pelo condutor";"Saída de leito carroçável";"Com Vítimas Feridas";"Plena Noite";"Crescente";"Céu Claro";"Dupla";"Curva";"Sim";1;0;1;0;0;0;1;1;-15,80208682;-48,08353454;"SPRF-DF";"DEL01-DF";"UOP02-DEL03-DF"
144973;2018-07-06;"sexta-feira";"11:00:00";"RJ";116;170;"SAO JOAO DE MERITI";"Falta de Atenção à Condução";"Colisão com objeto estático";"Com Vítimas Feridas";"Pleno dia";"Decrescente";"Céu Claro";"Múltipla";"Reta";"Sim";1;0;1;0;0;0;1;1;-22,8111;-43,333729;"SPRF-RJ";"DEL01-RJ";"UOP02-DEL01-RJ"
144975;2018-07-06;"sexta-feira";"22:50:00";"RS";116;175;"NOVA PETROPOLIS";"Falta de Atenção à Condução";"Tombamento";"Com Vítimas Feridas";"Plena Noite";"Decrescente";"Nublado";"Simples";"Curva";"Não";1;0;1;0;0;0;1;1;-29,33521483;-51,15926201;"SPRF-RS";"DEL05-RS";"UOP02-DEL05-RS"
144976;2018-07-06;"sexta-feira";"22:50:00";"MS";267;24,3;"BATAGUASSU";"Falta de Atenção à Condução";"Colisão traseira";"Com Vítimas Feridas";"Plena Noite";"Decrescente";"Céu Claro";"Simples";"Declive";"Não";2;0;0;1;1;0;1;2;-21,72616001;-52,37229288;"SPRF-MS";"DEL02-MS";"DEL3/7-UOP01/MS"
144977;2018-07-06;"sexta-feira";"18:25:00";"MT";70;93,9;"GENERAL CARNEIRO";"Defeito na Via";"Saída de leito carroçável";"Sem Vítimas";"Anoitecer";"Decrescente";"Céu Claro";"Simples";"Reta;Declive";"Não";3;0;0;0;2;1;0;3;-15,574498;-52,900586;"SPRF-MT";"DEL07-MT";"UOP01-DEL07-MT"
144978;2018-07-06;"sexta-feira";"23:45:00";"MG";381;770;"CAMPANHA";"Ingestão de Álcool";"Saída de leito carroçável";"Sem Vítimas";"Plena Noite";"Crescente";"Céu Claro";"Dupla";"Reta";"Não";1;0;0;0;1;0;0;1;-21,7672;-45,4183;"SPRF-MG";"DEL16-MG";"UOP02-DEL16-MG"
144979;2018-07-06;"sexta-feira";"23:10:00";"GO";158;272,8;"JATAI";"Desobediência às normas de trânsito pelo condutor";"Colisão transversal";"Sem Vítimas";"Plena Noite";"Decrescente";"Céu Claro";"Simples";"Interseção de Vias";"Sim";3;0;0;0;3;0;0;2;-17,90154635;-51,73179746;"SPRF-GO";"DEL05-GO";"UOP01-DEL05-GO"
144980;2018-07-06;"sexta-feira";"23:05:00";"MS";163;478,9;"CAMPO GRANDE";"Avarias e/ou desgaste excessivo no pneu";"Tombamento";"Com Vítimas Feridas";"Plena Noite";"Decrescente";"Céu Claro";"Simples";"Reta";"Sim";2;0;1;0;1;0;1;1;-20,489517;-54,55926418;"SPRF-MS";"DEL01-MS";"UOP01-DEL01-MS"
144983;2018-07-06;"sexta-feira";"23:15:00";"RS";468;85,4;"BOM PROGRESSO";"Falta de Atenção à Condução";"Colisão transversal";"Com Vítimas Feridas";"Plena Noite";"Crescente";"Céu Claro";"Simples";"Reta";"Não";5;0;4;0;0;1;4;2;-27,591942;-53,872372;"SPRF-RS";"DEL08-RS";"UOP02-DEL08-RS"
144984;2018-07-06;"sexta-feira";"22:30:00";"PB";104;93,7;"ESPERANCA";"Ingestão de Álcool";"Saída de leito carroçável";"Com Vítimas Fatais";"Plena Noite";"Decrescente";"Chuva";"Simples";"Declive";"Não";5;1;4;0;0;0;4;1;-7,004795;-35,850899;"SPRF-PB";"DEL02-PB";"UOP04-DEL02-PB"
144985;2018-07-07;"sábado";"00:00:00";"RJ";116;181,6;"NOVA IGUACU";"Falta de Atenção à Condução";"Colisão lateral";"Sem Vítimas";"Plena Noite";"Decrescente";"Céu Claro";"Múltipla";"Reta";"Sim";2;0;0;0;2;0;0;2;-22,75861175;-43,42775345;"SPRF-RJ";"DEL01-RJ";"UOP02-DEL01-RJ"
144986;2018-07-06;"sexta-feira";"23:40:00";"SC";101;38;"JOINVILLE";"Falta de Atenção à Condução";"Queda de ocupante de veículo";"Com Vítimas Feridas";"Plena Noite";"Crescente";"Garoa/Chuvisco";"Dupla";"Reta";"Sim";1;0;1;0;0;0;1;1;-26,3018;-48,8829;"SPRF-SC";"DEL03-SC";"UOP01-DEL03-SC"
144987;2018-07-07;"sábado";"00:00:00";"PR";277;681;"SAO MIGUEL DO IGUACU";"Ingestão de Álcool";"Saída de leito carroçável";"Sem Vítimas";"Plena Noite";"Crescente";"Céu Claro";"Dupla";"Reta";"Não";1;0;0;0;1;0;0;1;-25,327219;-54,173519;"SPRF-PR";"DEL05-PR";"UOP01-DEL05-PR"
144988;2018-07-06;"sexta-feira";"23:50:00";"PR";476;117;"COLOMBO";"Velocidade Incompatível";"Saída de leito carroçável";"Com Vítimas Fatais";"Plena Noite";"Decrescente";"Nublado";"Simples";"Curva";"Sim";3;1;0;0;0;2;0;2;-25,35634;-49,180828;"SPRF-PR";"DEL01-PR";"UOP01-DEL01-PR"
144991;2018-07-07;"sábado";"00:55:00";"SC";101;211;"PALHOCA";"Velocidade Incompatível";"Colisão com objeto estático";"Com Vítimas Fatais";"Plena Noite";"Crescente";"Nevoeiro/Neblina";"Dupla";"Reta";"Sim";3;1;0;0;2;0;0;3;-27,6301;-48,659;"SPRF-SC";"DEL01-SC";"UOP02-DEL01-SC"
144992;2018-07-06;"sexta-feira";"21:30:00";"RJ";116;170;"SAO JOAO DE MERITI";"Desobediência às normas de trânsito pelo condutor";"Colisão frontal";"Sem Vítimas";"Plena Noite";"Crescente";"Céu Claro";"Múltipla";"Reta";"Sim";2;0;0;0;2;0;0;2;-22,78409507;-43,38329315;"SPRF-RJ";"DEL01-RJ";"UOP02-DEL01-RJ"
144994;2018-07-07;"sábado";"01:20:00";"SC";101;200,7;"SAO JOSE";"Objeto estático sobre o leito carroçável";"Colisão com objeto estático";"Com Vítimas Feridas";"Plena Noite";"Decrescente";"Nublado";"Dupla";"Reta";"Sim";2;0;1;0;1;0;1;1;-27,5485;-48,6196;"SPRF-SC";"DEL01-SC";"UOP01-DEL01-SC"
144995;2018-07-07;"sábado";"01:35:00";"PR";277;587,7;"CASCAVEL";"Falta de Atenção do Pedestre";"Atropelamento de Pedestre";"Com Vítimas Feridas";"Plena Noite";"Crescente";"Céu Claro";"Simples";"Reta";"Sim";2;0;2;0;0;0;2;2;-24,9722384;-53,43450129;"SPRF-PR";"DEL04-PR";"UOP01-DEL04-PR"
144996;2018-07-07;"sábado";"00:30:00";"SC";101;25;"JOINVILLE";"Falta de Atenção à Condução";"Queda de ocupante de veículo";"Com Vítimas Feridas";"Plena Noite";"Decrescente";"Garoa/Chuvisco";"Dupla";"Reta";"Sim";1;0;1;0;0;0;1;1;-26,1925;-48,912;"SPRF-SC";"DEL03-SC";"UOP01-DEL03-SC"
144998;2018-07-07;"sábado";"02:00:00";"SC";101;130;"BALNEARIO CAMBORIU";"Desobediência às normas de trânsito pelo condutor";"Colisão traseira";"Com Vítimas Feridas";"Plena Noite";"Decrescente";"Céu Claro";"Dupla";"Reta";"Não";3;0;2;0;1;0;2;2;-26,9907;-48,6629;"SPRF-SC";"DEL04-SC";"UOP03-DEL04-SC"
144999;2018-07-06;"sexta-feira";"19:30:00";"RO";174;16,5;"VILHENA";"Falta de Atenção à Condução";"Colisão transversal";"Com Vítimas Feridas";"Plena Noite";"Crescente";"Céu Claro";"Simples";"Reta";"Sim";3;0;2;0;1;0;2;2;-12,714524;-60,126217;"SPRF-RO";"DEL04-RO";"UOP01-DEL04-RO"
145000;2018-07-06;"sexta-feira";"23:00:00";"PE";110;226;"PETROLANDIA";"Falta de Atenção à Condução";"Colisão transversal";"Com Vítimas Feridas";"Plena Noite";"Crescente";"Céu Claro";"Simples";"Aclive";"Não";2;0;0;1;1;0;1;2;-9,03081498;-38,25063944;"SPRF-BA";"DEL07-BA";"UOP01-DEL07-BA"
145001;2018-07-07;"sábado";"01:45:00";"GO";60;79;"ANAPOLIS";"Ingestão de álcool e/ou substâncias psicoativas pelo pedestre";"Colisão traseira";"Sem Vítimas";"Plena Noite";"Crescente";"Céu Claro";"Dupla";"Reta";"Não";3;0;0;0;3;0;0;2;-16,3007;-48,8128;"SPRF-GO";"DEL02-GO";"UOP01-DEL02-GO"
145002;2018-07-07;"sábado";"02:00:00";"SP";381;43,6;"ATIBAIA";"Velocidade Incompatível";"Saída de leito carroçável";"Com Vítimas Feridas";"Plena Noite";"Crescente";"Nublado";"Múltipla";"Retorno Regulamentado;Reta";"Não";3;0;3;0;0;0;3;1;-23,15871929;-46,57419319;"SPRF-SP";"DEL03-SP";"UOP01-DEL03-SP"
145003;2018-07-07;"sábado";"01:00:00";"RO";364;15;"VILHENA";"Sinalização da via insuficiente ou inadequada";"Saída de leito carroçável";"Com Vítimas Feridas";"Plena Noite";"Crescente";"Céu Claro";"Dupla";"Rotatória";"Não";1;0;1;0;0;0;1;1;-12,736713;-60,148098;"SPRF-RO";"DEL04-RO";"UOP01-DEL04-RO"
145004;2018-07-07;"sábado";"02:10:00";"SC";101;209,3;"SAO JOSE";"Ingestão de Álcool";"Colisão lateral";"Sem Vítimas";"Plena Noite";"Decrescente";"Nublado";"Dupla";"Reta";"Sim";2;0;0;0;2;0;0;2;-27,61224027;-48,64098961;"SPRF-SC";"DEL01-SC";"UOP01-DEL01-SC"
145005;2018-07-07;"sábado";"01:40:00";"MT";163;854;"SINOP";"Ingestão de Álcool";"Queda de ocupante de veículo";"Com Vítimas Feridas";"Plena Noite";"Crescente";"Céu Claro";"Simples";"Interseção de Vias";"Não";1;0;0;1;0;0;1;1;-11,68585911;-55,45005798;"SPRF-MT";"DEL06-MT";"UOP02-DEL06-MT"
145006;2018-07-07;"sábado";"00:05:00";"MT";364;404;"CUIABA";"Falta de Atenção à Condução";"Colisão transversal";"Com Vítimas Feridas";"Plena Noite";"Decrescente";"Céu Claro";"Dupla";"Rotatória";"Sim";2;0;1;0;1;0;1;2;-15,64169122;-56,02009982;"SPRF-MT";"DEL02-MT";"UOP02-DEL01-MT"
145007;2018-07-07;"sábado";"00:40:00";"SC";116;228;"CORREIA PINTO";"Falta de Atenção à Condução";"Saída de leito carroçável";"Com Vítimas Feridas";"Plena Noite";"Decrescente";"Nublado";"Simples";"Curva";"Não";2;0;2;0;0;0;2;2;-27,65389145;-50,33649087;"SPRF-SC";"DEL05-SC";"UOP03-DEL05-SC"
145008;2018-07-07;"sábado";"02:45:00";"PR";116;18;"CURITIBA";"Ingestão de Álcool";"Colisão traseira";"Sem Vítimas";"Plena Noite";"Decrescente";"Céu Claro";"Dupla";"Reta";"Sim";2;0;0;0;2;0;0;2;-25,38892577;-49,20125127;"SPRF-PR";"DEL01-PR";"UOP02-DEL01-PR"
145009;2018-07-07;"sábado";"02:05:00";"MG";50;59;"UBERLANDIA";"Defeito Mecânico no Veículo";"Saída de leito carroçável";"Com Vítimas Feridas";"Plena Noite";"Decrescente";"Céu Claro";"Dupla";"Curva;Declive";"Não";4;0;4;0;0;0;4;1;-18,81381467;-48,24886657;"SPRF-MG";"DEL15-MG";"UOP02-DEL15-MG"
145011;2018-07-07;"sábado";"03:10:00";"SC";101;150;"ITAPEMA";"Ingestão de Álcool";"Colisão transversal";"Com Vítimas Feridas";"Plena Noite";"Decrescente";"Vento";"Dupla";"Reta";"Sim";2;0;1;0;1;0;1;2;-27,1267;-48,6095;"SPRF-SC";"DEL04-SC";"UOP03-DEL04-SC"
145012;2018-07-07;"sábado";"04:10:00";"DF";70;15;"BRASILIA";"Ingestão de Álcool";"Saída de leito carroçável";"Com Vítimas Feridas";"Plena Noite";"Decrescente";"Céu Claro";"Dupla";"Rotatória";"Não";4;0;1;3;0;0;4;1;-15,7949741;-48,1991442;"SPRF-DF";"DEL01-DF";"UOP02-DEL03-DF"
145013;2018-07-07;"sábado";"04:03:00";"ES";101;270;"SERRA";"Ingestão de Álcool";"Colisão com objeto estático";"Com Vítimas Feridas";"Plena Noite";"Crescente";"Céu Claro";"Múltipla";"Curva";"Sim";1;0;0;1;0;0;1;1;-20,22702966;-40,2711637;"SPRF-ES";"DEL02-ES";"UOP01-DEL02-ES"
145014;2018-07-07;"sábado";"03:10:00";"SP";116;61;"GUARATINGUETA";"Animais na Pista";"Capotamento";"Com Vítimas Feridas";"Plena Noite";"Decrescente";"Céu Claro";"Dupla";"Reta";"Sim";2;0;2;0;0;0;2;1;-22,78994093;-45,15946269;"SPRF-SP";"DEL08-SP";"UOP01-DEL08-SP"
145020;2018-07-07;"sábado";"04:20:00";"DF";40;6;"BRASILIA";"Falta de Atenção do Pedestre";"Atropelamento de Pedestre";"Com Vítimas Feridas";"Plena Noite";"Decrescente";"Céu Claro";"Dupla";"Reta";"Sim";3;0;1;0;1;1;1;2;-16,036117;-47,978989;"SPRF-DF";"DEL01-DF";"UOP01-DEL01-DF"
145021;2018-07-07;"sábado";"04:10:00";"SC";470;160,7;"TROMBUDO CENTRAL";"Desobediência às normas de trânsito pelo condutor";"Saída de leito carroçável";"Com Vítimas Feridas";"Plena Noite";"Crescente";"Nublado";"Simples";"Reta";"Não";2;0;2;0;0;0;2;1;-27,28606147;-49,80016708;"SPRF-SC";"DEL04-SC";"UOP02-DEL04-SC"
145022;2018-07-07;"sábado";"03:30:00";"PR";277;0;"SANTA TEREZA DO OESTE";"Falta de Atenção à Condução";"Queda de ocupante de veículo";"Com Vítimas Feridas";"Plena Noite";"Crescente";"Céu Claro";"Simples";"Reta";"Não";1;0;0;1;0;0;1;1;-25,02817;-53,55983;"SPRF-PR";"DEL01-PR";"UOP05-DEL01-PR"
145023;2018-07-07;"sábado";"04:00:00";"SC";101;358,7;"SANGAO";"Condutor Dormindo";"Capotamento";"Com Vítimas Feridas";"Plena Noite";"Crescente";"Nevoeiro/Neblina";"Múltipla";"Reta";"Sim";1;0;1;0;0;0;1;1;-28,6454;-49,1019;"SPRF-SC";"DEL02-SC";"UOP01-DEL02-SC"
145025;2018-07-07;"sábado";"04:05:00";"PE";232;51,2;"VITORIA DE SANTO ANTAO";"Defeito na Via";"Colisão com objeto estático";"Sem Vítimas";"Plena Noite";"Decrescente";"Chuva";"Dupla";"Reta";"Não";1;0;0;0;1;0;0;1;-8,13887208;-35,3313607;"SPRF-PE";"DEL01-PE";"UOP02-DEL02PE"
145026;2018-07-07;"sábado";"05:30:00";"PR";277;724;"FOZ DO IGUACU";"Desobediência às normas de trânsito pelo condutor";"Colisão transversal";"Com Vítimas Feridas";"Plena Noite";"Decrescente";"Céu Claro";"Dupla";"Interseção de Vias";"Sim";4;0;1;0;2;1;1;3;-25,502592;-54,538235;"SPRF-PR";"DEL05-PR";"UOP01-DEL05-PR"
145027;2018-07-07;"sábado";"04:00:00";"RO";364;225,9;"CACOAL";"Desobediência às normas de trânsito pelo condutor";"Colisão frontal";"Sem Vítimas";"Plena Noite";"Crescente";"Céu Claro";"Simples";"Reta";"Sim";5;0;0;0;5;0;0;2;-11,503911;-61,36689;"SPRF-RO";"DEL02-RO";"UOP02-DEL02-RO"
145028;2018-07-07;"sábado";"06:15:00";"PR";376;226,8;"APUCARANA";"Falta de Atenção à Condução";"Queda de ocupante de veículo";"Com Vítimas Feridas";"Amanhecer";"Crescente";"Céu Claro";"Dupla";"Reta";"Não";1;0;1;0;0;0;1;1;-23,583023;-51,556689;"SPRF-PR";"DEL07-PR";"UOP03-DEL07-PR"
145029;2018-07-07;"sábado";"06:50:00";"RN";101;114;"SAO JOSE DE MIPIBU";"Ingestão de Álcool";"Colisão com objeto estático";"Com Vítimas Feridas";"Pleno dia";"Crescente";"Nublado";"Dupla";"Reta";"Não";1;0;1;0;0;0;1;1;-5,982223;-35,264896;"SPRF-RN";"DEL01-RN";"UOP01-DEL01-RN"
145030;2018-07-07;"sábado";"05:40:00";"RO";319;62;"PORTO VELHO";"Não guardar distância de segurança";"Colisão traseira";"Com Vítimas Feridas";"Amanhecer";"Decrescente";"Céu Claro";"Dupla";"Reta";"Sim";2;0;0;1;0;1;1;2;-8,75283299;-63,88703763;"SPRF-RO";"DEL01-RO";"UOP01-DEL01-RO"
145031;2018-07-07;"sábado";"06:00:00";"BA";116;14;"VITORIA DA CONQUISTA";"Velocidade Incompatível";"Tombamento";"Com Vítimas Fatais";"Pleno dia";"Crescente";"Céu Claro";"Múltipla";"Curva";"Não";1;1;0;0;0;0;0;1;-14,89504338;-40,8630091;"SPRF-BA";"DEL08-BA";"UOP01-DEL08-BA"