"id";"data_inversa";"dia_semana";"horario";"uf";"br";"km";"municipio";"causa_acidente";"tipo_acidente";"classificacao_acidente";"fase_dia";"sentido_via";"condicao_metereologica";"tipo_pista";"tracado_via";"uso_solo";"pessoas";"mortos";"feridos_leves";"feridos_graves";"ilesos";"ignorados";"feridos";"veiculos";"latitude";"longitude";"regional";"delegacia";"uop"
145032;2018-07-07;"sábado";"07:20:00";"SC";470;88;"RODEIO";"Falta de Atenção à Condução";"Colisão transversal";"Com Vítimas Feridas";"Pleno dia";"Crescente";"Céu Claro";"Simples";"Interseção de Vias";"Não";3;0;0;2;1;0;2;2;-26,94951;-49,359386;"SPRF-SC";"DEL04-SC";"UOP01-DEL04-SC"
145033;2018-07-07;"sábado";"07:10:00";"ES";101;2;"VITORIA";"Falta de Atenção à Condução";"Tombamento";"Com Vítimas Feridas";"Pleno dia";"Crescente";"Céu Claro";"Dupla";"Reta";"Não";1;0;1;0;0;0;1;1;-20,25494217;-40,28917408;"SPRF-ES";"DEL02-ES";"UOP01-DEL02-ES"
145034;2018-07-07;"sábado";"07:00:00";"PR";277;588,8;"CASCAVEL";"Falta de Atenção à Condução";"Colisão transversal";"Com Vítimas Feridas";"Amanhecer";"Crescente";"Céu Claro";"Simples";"Aclive;Reta";"Sim";5;0;1;0;4;0;1;2;-24,97715957;-53,4455359;"SPRF-PR";"DEL04-PR";"UOP01-DEL04-PR"
145035;2018-07-07;"sábado";"06:00:00";"SC";101;59;"ARAQUARI";"Falta de Atenção à Condução";"Queda de ocupante de veículo";"Com Vítimas Feridas";"Amanhecer";"Crescente";"Nublado";"Dupla";"Reta";"Não";1;0;1;0;0;0;1;1;-26,451;-48,7852;"SPRF-SC";"DEL03-SC";"UOP02-DEL03-SC"
145036;2018-07-07;"sábado";"03:50:00";"MT";163;586;"NOVA MUTUM";"Ingestão de Álcool";"Colisão com objeto estático";"Sem Vítimas";"Plena Noite";"Decrescente";"Céu Claro";"Múltipla";"Reta";"Não";1;0;0;0;1;0;0;1;-13,9487284;-56,09653473;"SPRF-MT";"DEL01-MT";"UOP01-DEL01-MT"
145037;2018-07-07;"sábado";"01:00:00";"SC";282;406,3;"CATANDUVAS";"Ingestão de Álcool";"Capotamento";"Sem Vítimas";"Plena Noite";"Decrescente";"Nublado";"Simples";"Reta";"Não";1;0;0;0;0;1;0;1;-27,09550316;-51,65513992;"SPRF-SC";"DEL07-SC";"UOP05-DEL07-SC"
145038;2018-07-07;"sábado";"02:30:00";"MT";364;600,7;"DIAMANTINO";"Falta de Atenção à Condução";"Saída de leito carroçável";"Sem Vítimas";"Plena Noite";"Decrescente";"Ignorado";"Simples";"Reta";"Não";1;0;0;0;1;0;0;1;-14,50814723;-56,20193481;"SPRF-MT";"DEL01-MT";"UOP01-DEL01-MT"
145039;2018-05-12;"sábado";"13:50:00";"BA";324;623;"SALVADOR";"Não guardar distância de segurança";"Queda de ocupante de veículo";"Com Vítimas Feridas";"Pleno dia";"Decrescente";"Ignorado";"Dupla";"Reta";"Sim";2;0;1;0;0;1;1;2;-12,93704996;-38,4723115;"SPRF-BA";"DEL01-BA";"UOP01-DEL01-BA"
145041;2018-07-07;"sábado";"07:35:00";"SP";116;446;"REGISTRO";"Condutor Dormindo";"Colisão com objeto estático";"Com Vítimas Feridas";"Pleno dia";"Decrescente";"Nublado";"Dupla";"Viaduto";"Sim";1;0;1;0;0;0;1;1;-24,50854904;-47,84902096;"SPRF-SP";"DEL05-SP";"UOP01-DEL05-SP"
145042;2018-05-28;"segunda-feira";"07:30:00";"RJ";101;391,9;"RIO DE JANEIRO";"Não guardar distância de segurança";"Colisão traseira";"Com Vítimas Feridas";"Pleno dia";"Crescente";"Céu Claro";"Dupla";"Reta";"Não";2;0;1;0;1;0;1;2;-22,8908;-43,69936;"SPRF-RJ";"DEL03-RJ";"UOP01-DEL03-RJ"
145044;2018-07-07;"sábado";"07:00:00";"PR";376;623;"SAO JOSE DOS PINHAIS";"Mal Súbito";"Saída de leito carroçável";"Com Vítimas Feridas";"Pleno dia";"Crescente";"Nublado";"Dupla";"Reta";"Não";4;0;2;2;0;0;4;1;-25,6311416;-49,1643379;"SPRF-PR";"DEL01-PR";"DEL7/1-UOP08/PR"
145045;2018-07-07;"sábado";"07:15:00";"RS";287;254,7;"SANTA MARIA";"Defeito na Via";"Tombamento";"Com Vítimas Feridas";"Amanhecer";"Crescente";"Nevoeiro/Neblina";"Simples";"Em Obras;Reta";"Não";2;0;1;0;0;1;1;2;-29,68584563;-53,91374874;"SPRF-RS";"DEL09-RS";"UOP01-DEL09-RS"
145046;2018-07-07;"sábado";"06:50:00";"GO";60;204,9;"GUAPO";"Velocidade Incompatível";"Colisão traseira";"Com Vítimas Feridas";"Amanhecer";"Crescente";"Céu Claro";"Dupla";"Reta";"Sim";2;0;0;1;1;0;1;2;-16,8995;-49,6387;"SPRF-GO";"DEL01-GO";"UOP02-DEL01-GO"
145048;2018-07-07;"sábado";"07:40:00";"RS";287;312;"MATA";"Falta de Atenção à Condução";"Colisão lateral";"Com Vítimas Feridas";"Pleno dia";"Decrescente";"Nublado";"Simples";"Reta";"Não";3;0;1;0;2;0;1;3;-29,662178;-54,493637;"SPRF-RS";"DEL09-RS";"UOP01-DEL09-RS"
145049;2018-05-16;"quarta-feira";"08:22:00";"CE";116;16;"FORTALEZA";"Falta de Atenção à Condução";"Colisão traseira";"Com Vítimas Feridas";"Pleno dia";"Crescente";"Céu Claro";"Dupla";"Declive;Reta";"Sim";3;0;0;1;2;0;1;2;-3,89555383;-38,50309968;"SPRF-CE";"DEL01-CE";"UOP02-DEL01-CE"
145050;2018-07-07;"sábado";"06:00:00";"PR";467;87,9;"CASCAVEL";"Desobediência às normas de trânsito pelo condutor";"Colisão lateral";"Sem Vítimas";"Amanhecer";"Decrescente";"Céu Claro";"Dupla";"Reta";"Não";2;0;0;0;2;0;0;2;-24,83998382;-53,62812996;"SPRF-PR";"DEL04-PR";"UOP01-DEL04-PR"
145052;2018-07-07;"sábado";"07:04:00";"RJ";101;262;"RIO BONITO";"Ingestão de Álcool";"Saída de leito carroçável";"Com Vítimas Feridas";"Pleno dia";"Crescente";"Nublado";"Dupla";"Curva";"Sim";2;0;0;2;0;0;2;1;-22,713152;-42,62048;"SPRF-RJ";"DEL02-RJ";"UOP03-DEL02-RJ"
145054;2018-07-07;"sábado";"06:20:00";"RS";392;111;"CANGUCU";"Falta de Atenção à Condução";"Colisão com objeto estático";"Sem Vítimas";"Amanhecer";"Crescente";"Chuva";"Simples";"Reta";"Não";1;0;0;0;1;0;0;1;-31,454435;-52,6381;"SPRF-RS";"DEL07-RS";"UOP01-DEL07-RS"
145055;2018-07-07;"sábado";"08:40:00";"GO";40;6,8;"VALPARAISO DE GOIAS";"Falta de Atenção do Pedestre";"Atropelamento de Pedestre";"Com Vítimas Feridas";"Pleno dia";"Crescente";"Sol";"Dupla";"Reta";"Sim";2;0;1;0;1;0;1;2;-16,10687525;-47,97350228;"SPRF-DF";"DEL01-DF";"UOP01-DEL01-DF"
145056;2018-07-07;"sábado";"07:15:00";"SC";470;156,5;"AGRONOMICA";"Ingestão de Álcool";"Colisão frontal";"Com Vítimas Feridas";"Amanhecer";"Decrescente";"Nublado";"Simples";"Reta";"Não";3;0;0;3;0;0;3;2;-27,27957746;-49,75836754;"SPRF-SC";"DEL04-SC";"UOP02-DEL04-SC"
145057;2018-07-07;"sábado";"04:40:00";"PE";101;38;"IGARASSU";"Falta de Atenção à Condução";"Saída de leito carroçável";"Com Vítimas Feridas";"Amanhecer";"Crescente";"Nublado";"Dupla";"Curva";"Não";2;0;0;2;0;0;2;1;-7,8128;-34,9186;"SPRF-PE";"DEL01-PE";"UOP02-DEL01-PE"
145060;2018-07-07;"sábado";"07:40:00";"GO";70;7;"AGUAS LINDAS DE GOIAS";"Ingestão de Álcool";"Colisão traseira";"Sem Vítimas";"Pleno dia";"Crescente";"Céu Claro";"Dupla";"Reta";"Sim";2;0;0;0;2;0;0;2;-15,7423;-48,2696;"SPRF-DF";"DEL01-DF";"UOP02-DEL03-DF"
145061;2018-07-07;"sábado";"09:00:00";"RJ";40;68,4;"PETROPOLIS";"Agressão Externa";"Saída de leito carroçável";"Com Vítimas Feridas";"Pleno dia";"Decrescente";"Sol";"Dupla";"Curva";"Não";1;0;1;0;0;0;1;1;-22,4437161;-43,19000244;"SPRF-RJ";"DEL06-RJ";"UOP01-DEL06-RJ"
145062;2018-07-07;"sábado";"01:00:00";"RJ";116;139;"DUQUE DE CAXIAS";"Mal Súbito";"Tombamento";"Com Vítimas Fatais";"Plena Noite";"Decrescente";"Céu Claro";"Dupla";"Reta";"Sim";1;1;0;0;0;0;0;1;-22,646549;-43,201435;"SPRF-RJ";"DEL04-RJ";"UOP02-DEL04-RJ"
145063;2018-07-07;"sábado";"07:00:00";"PA";10;341;"SANTA MARIA DO PARA";"Falta de Atenção à Condução";"Colisão traseira";"Com Vítimas Fatais";"Pleno dia";"Crescente";"Céu Claro";"Dupla";"Reta";"Não";3;1;0;1;1;0;1;2;-1,45759117;-47,53681183;"SPRF-PA";"DEL01-PA";"UOP02-DEL01-PA"
145064;2018-07-07;"sábado";"09:15:00";"SC";282;17;"PALHOCA";"Falta de Atenção à Condução";"Colisão transversal";"Com Vítimas Feridas";"Pleno dia";"Decrescente";"Céu Claro";"Simples";"Reta";"Não";3;0;2;0;1;0;2;2;-27,665707;-48,688065;"SPRF-SC";"DEL01-SC";"UOP02-DEL01-SC"
145065;2018-07-07;"sábado";"07:50:00";"RO";364;709;"PORTO VELHO";"Falta de Atenção à Condução";"Colisão traseira";"Com Vítimas Feridas";"Pleno dia";"Decrescente";"Céu Claro";"Simples";"Reta";"Sim";2;0;1;0;1;0;1;2;-8,78957684;-63,85158157;"SPRF-RO";"DEL01-RO";"UOP01-DEL01-RO"
145066;2018-07-07;"sábado";"08:10:00";"MS";163;263;"DOURADOS";"Ingestão de Álcool";"Colisão traseira";"Sem Vítimas";"Pleno dia";"Crescente";"Sol";"Dupla";"Rotatória";"Sim";2;0;0;0;2;0;0;2;-22,23222187;-54,74852085;"SPRF-MS";"DEL04-MS";"UOP01-DEL04-MS"
145067;2018-07-07;"sábado";"09:35:00";"PE";428;190,5;"PETROLINA";"Falta de Atenção à Condução";"Colisão transversal";"Sem Vítimas";"Pleno dia";"Decrescente";"Céu Claro";"Dupla";"Retorno Regulamentado";"Sim";2;0;0;0;2;0;0;2;-9,37944337;-40,50825208;"SPRF-PE";"DEL06-PE";"UOP01-DEL06-PE"
145068;2018-07-07;"sábado";"09:20:00";"PR";369;174,7;"ROLANDIA";"Desobediência às normas de trânsito pelo condutor";"Colisão frontal";"Com Vítimas Feridas";"Pleno dia";"Crescente";"Sol";"Simples";"Interseção de Vias";"Sim";2;0;1;1;0;0;2;2;-23,32150858;-51,38275255;"SPRF-PR";"DEL07-PR";"UOP01-DEL07-PR"
145069;2018-07-07;"sábado";"09:00:00";"PI";343;286,4;"ALTOS";"Desobediência às normas de trânsito pelo condutor";"Capotamento";"Com Vítimas Fatais";"Pleno dia";"Crescente";"Chuva";"Simples";"Reta";"Não";3;1;1;0;0;1;1;2;-4,93821257;-42,31285816;"SPRF-PI";"DEL01-PI";"UOP03-DEL01-PI"
145072;2018-07-07;"sábado";"09:30:00";"SC";101;172;"TIJUCAS";"Desobediência às normas de trânsito pelo condutor";"Atropelamento de Pedestre";"Com Vítimas Feridas";"Pleno dia";"Decrescente";"Céu Claro";"Dupla";"Reta";"Não";3;0;1;0;1;1;1;3;-27,3221;-48,6274;"SPRF-SC";"DEL04-SC";"UOP03-DEL04-SC"
145073;2018-07-07;"sábado";"08:15:00";"RN";226;117,6;"SANTA CRUZ";"Velocidade Incompatível";"Colisão com objeto estático";"Sem Vítimas";"Pleno dia";"Decrescente";"Céu Claro";"Simples";"Curva";"Não";1;0;0;0;1;0;0;1;-6,194071;-36,050365;"SPRF-RN";"DEL03-RN";"UOP02-DEL03-RN"
145074;2018-07-07;"sábado";"07:30:00";"MA";402;61,4;"MORROS";"Desobediência às normas de trânsito pelo condutor";"Colisão frontal";"Com Vítimas Feridas";"Pleno dia";"Crescente";"Nublado";"Simples";"Curva";"Não";2;0;0;1;1;0;1;2;-2,845164;-43,836279;"SPRF-MA";"DEL01-MA";"UOP01-DEL01-MA"
145075;2018-07-07;"sábado";"10:30:00";"PE";423;79,6;"JUCATI";"Desobediência às normas de trânsito pelo condutor";"Colisão frontal";"Com Vítimas Feridas";"Pleno dia";"Crescente";"Nublado";"Simples";"Curva";"Não";2;0;1;0;1;0;1;2;-8,76319516;-36,43008258;"SPRF-PE";"DEL03-PE";"UOP01-DEL03-PE"
145076;2018-07-07;"sábado";"05:25:00";"MG";381;923;"CAMANDUCAIA";"Desobediência às normas de trânsito pelo condutor";"Colisão traseira";"Com Vítimas Feridas";"Plena Noite";"Decrescente";"Céu Claro";"Dupla";"Reta";"Não";3;0;1;0;1;1;1;2;-22,77174971;-46,18296146;"SPRF-MG";"DEL16-MG";"UOP03-DEL16-MG"
145077;2018-07-07;"sábado";"09:50:00";"GO";40;5;"VALPARAISO DE GOIAS";"Falta de Atenção à Condução";"Colisão transversal";"Com Vítimas Feridas";"Pleno dia";"Crescente";"Céu Claro";"Dupla";"Reta";"Sim";2;0;0;1;1;0;1;2;-16,093134;-47,982236;"SPRF-DF";"DEL01-DF";"UOP01-DEL01-DF"
145078;2018-07-07;"sábado";"10:05:00";"PA";308;151;"CAPANEMA";"Desobediência às normas de trânsito pelo condutor";"Colisão transversal";"Com Vítimas Feridas";"Pleno dia";"Crescente";"Céu Claro";"Simples";"Reta";"Sim";2;0;0;1;1;0;1;2;-1,20806325;-47,17851162;"SPRF-PA";"DEL01-PA";"UOP03-DEL01-PA"
145079;2018-07-07;"sábado";"03:00:00";"PR";158;510,6;"PATO BRANCO";"Ingestão de Álcool";"Saída de leito carroçável";"Com Vítimas Feridas";"Plena Noite";"Crescente";"Céu Claro";"Simples";"Reta";"Não";1;0;1;0;0;0;1;1;-26,13203419;-52,65515495;"SPRF-PR";"DEL02-PR";"UOP01-DEL02-PR"
145080;2018-06-13;"quarta-feira";"17:30:00";"MG";267;75;"JUIZ DE FORA";"Falta de Atenção à Condução";"Saída de leito carroçável";"Sem Vítimas";"Anoitecer";"Decrescente";"Ignorado";"Simples";"Curva";"Não";1;0;0;0;0;1;0;1;-21,74740744;-43,19607496;"SPRF-MG";"DEL05-MG";"UOP01-DEL05-MG"
145082;2018-06-01;"sexta-feira";"17:15:00";"PB";230;77,4;"RIACHAO DO POCO";"Falta de Atenção à Condução";"Saída de leito carroçável";"Sem Vítimas";"Anoitecer";"Decrescente";"Céu Claro";"Dupla";"Reta";"Não";1;0;0;0;1;0;0;1;-7,17927648;-35,31916201;"SPRF-PB";"DEL01-PB";"UOP03-DEL01-PB"
145083;2018-07-07;"sábado";"11:19:00";"RJ";495;27;"PETROPOLIS";"Desobediência às normas de trânsito pelo condutor";"Colisão frontal";"Com Vítimas Feridas";"Pleno dia";"Decrescente";"Céu Claro";"Simples";"Reta";"Não";2;0;1;0;1;0;1;2;-22,401716;-43,103745;"SPRF-RJ";"DEL06-RJ";"UOP02-DEL05-RJ"
145084;2018-07-07;"sábado";"10:01:00";"SP";116;145,8;"SAO JOSE DOS CAMPOS";"Ingestão de Álcool";"Colisão traseira";"Sem Vítimas";"Pleno dia";"Decrescente";"Céu Claro";"Múltipla";"Reta";"Sim";2;0;0;0;2;0;0;2;-23,19199008;-45,86479774;"SPRF-SP";"DEL02-SP";"UOP01-DEL02-SP"
145087;2018-07-07;"sábado";"05:30:00";"BA";324;596;"CANDEIAS";"Pista Escorregadia";"Queda de ocupante de veículo";"Com Vítimas Feridas";"Amanhecer";"Crescente";"Chuva";"Dupla";"Reta";"Não";1;0;1;0;0;0;1;1;-12,72408054;-38,45006561;"SPRF-BA";"DEL01-BA";"UOP01-DEL01-BA"
145089;2018-07-07;"sábado";"11:50:00";"PR";277;96;"CURITIBA";"Não guardar distância de segurança";"Colisão traseira";"Com Vítimas Feridas";"Pleno dia";"Crescente";"Sol";"Dupla";"Reta";"Sim";2;0;1;0;1;0;1;2;-25,4306986;-49,33701932;"SPRF-PR";"DEL01-PR";"UOP06-DEL01-PR"
145090;2018-07-07;"sábado";"11:34:00";"MG";262;361;"BETIM";"Falta de Atenção à Condução";"Colisão lateral";"Com Vítimas Feridas";"Pleno dia";"Decrescente";"Céu Claro";"Dupla";"Curva";"Não";3;0;2;0;1;0;2;2;-19,9739807;-44,269654;"SPRF-MG";"DEL01-MG";"UOP03-DEL01-MG"
145092;2018-07-07;"sábado";"12:10:00";"SP";153;72;"SAO JOSE DO RIO PRETO";"Falta de Atenção à Condução";"Tombamento";"Com Vítimas Feridas";"Pleno dia";"Crescente";"Céu Claro";"Simples";"Reta";"Não";1;0;1;0;0;0;1;1;-20,867146;-49,413338;"SPRF-SP";"DEL09-SP";"UOP01-DEL09-SP"
145093;2018-07-07;"sábado";"11:30:00";"SC";280;231,6;"CANOINHAS";"Falta de Atenção à Condução";"Queda de ocupante de veículo";"Com Vítimas Feridas";"Pleno dia";"Crescente";"Sol";"Simples";"Rotatória";"Sim";1;0;1;0;0;0;1;1;-26,189304;-50,371712;"SPRF-SC";"DEL06-SC";"UOP04-DEL06-SC"
145094;2018-07-07;"sábado";"09:00:00";"AL";316;86;"SANTANA DO IPANEMA";"Animais na Pista";"Saída de leito carroçável";"Com Vítimas Feridas";"Pleno dia";"Decrescente";"Nublado";"Simples";"Reta";"Sim";1;0;1;0;0;0;1;1;-9,37624127;-37,2278595;"SPRF-AL";"DEL03-AL";"UOP02-DEL03-AL"
145095;2018-06-18;"segunda-feira";"19:50:00";"MA";316;613,4;"TIMON";"Falta de Atenção do Pedestre";"Atropelamento de Pedestre";"Com Vítimas Fatais";"Plena Noite";"Decrescente";"Céu Claro";"Simples";"Reta";"Sim";2;1;0;0;0;1;0;2;-5,075249;-42,850487;"SPRF-MA";"DEL03-MA";"UOP02-DEL03-MA"
145097;2018-07-07;"sábado";"13:10:00";"BA";116;404;"FEIRA DE SANTANA";"Desobediência às normas de trânsito pelo condutor";"Colisão transversal";"Com Vítimas Feridas";"Pleno dia";"Crescente";"Sol";"Simples";"Rotatória";"Não";2;0;1;0;1;0;1;2;-12,06374681;-38,96983624;"SPRF-BA";"DEL02-BA";"UOP01-DEL02-BA"
145098;2018-07-07;"sábado";"11:30:00";"PA";230;123,2;"MARABA";"Falta de Atenção à Condução";"Colisão transversal";"Com Vítimas Feridas";"Pleno dia";"Decrescente";"Céu Claro";"Dupla";"Interseção de Vias";"Sim";3;0;1;0;2;0;1;2;-5,36964863;-49,13040055;"SPRF-PA";"DEL03-PA";"UOP01-DEL03-PA"
145101;2018-07-07;"sábado";"13:10:00";"PR";277;507,7;"GUARANIACU";"Falta de Atenção à Condução";"Tombamento";"Com Vítimas Feridas";"Pleno dia";"Crescente";"Céu Claro";"Simples";"Curva";"Não";1;0;1;0;0;0;1;1;-25,12472343;-52,75684413;"SPRF-PR";"DEL04-PR";"UOP04-DEL04-PR"
145102;2018-07-07;"sábado";"11:15:00";"PR";469;15;"FOZ DO IGUACU";"Falta de Atenção à Condução";"Colisão transversal";"Com Vítimas Feridas";"Pleno dia";"Decrescente";"Céu Claro";"Simples";"Reta";"Sim";2;0;1;0;1;0;1;2;-25,58158105;-54,52975397;"SPRF-PR";"DEL05-PR";"UOP04-DEL05-PR"
145104;2018-07-07;"sábado";"13:20:00";"MG";153;7,8;"ARAPORA";"Ultrapassagem Indevida";"Saída de leito carroçável";"Sem Vítimas";"Pleno dia";"Crescente";"Céu Claro";"Dupla";"Reta";"Não";1;0;0;0;1;0;0;1;-18,4878;-49,1886;"SPRF-MG";"DEL15-MG";"UOP03-DEL15-MG"
145105;2018-07-07;"sábado";"13:25:00";"RS";116;221,6;"DOIS IRMAOS";"Desobediência às normas de trânsito pelo condutor";"Colisão lateral";"Com Vítimas Feridas";"Pleno dia";"Decrescente";"Céu Claro";"Simples";"Aclive";"Sim";2;0;1;0;1;0;1;2;-29,57720808;-51,09548595;"SPRF-RS";"DEL05-RS";"UOP02-DEL05-RS"
145106;2018-07-07;"sábado";"12:45:00";"MT";163;837;"SINOP";"Falta de Atenção à Condução";"Colisão transversal";"Sem Vítimas";"Pleno dia";"Crescente";"Céu Claro";"Dupla";"Reta";"Sim";5;0;0;0;5;0;0;2;-11,83430692;-55,48826069;"SPRF-MT";"DEL06-MT";"UOP02-DEL06-MT"
145107;2018-07-07;"sábado";"05:00:00";"PE";104;77,6;"CARUARU";"Ingestão de Álcool";"Colisão frontal";"Com Vítimas Feridas";"Amanhecer";"Decrescente";"Ignorado";"Simples";"Reta";"Não";2;0;0;1;1;0;1;2;-8,380923;-35,983;"SPRF-PE";"DEL02-PE";"UOP01-DEL02-PE"
145108;2018-07-07;"sábado";"13:30:00";"ES";101;277,9;"SERRA";"Avarias e/ou desgaste excessivo no pneu";"Queda de ocupante de veículo";"Com Vítimas Feridas";"Pleno dia";"Crescente";"Sol";"Dupla";"Reta";"Não";2;0;0;2;0;0;2;1;-20,22532498;-40,36156476;"SPRF-ES";"DEL02-ES";"UOP01-DEL02-ES"
145110;2018-07-06;"sexta-feira";"19:00:00";"RS";293;71,3;"PIRATINI";"Pista Escorregadia";"Saída de leito carroçável";"Com Vítimas Feridas";"Plena Noite";"Crescente";"Chuva";"Simples";"Curva";"Não";1;0;0;1;0;0;1;1;-31,68269305;-53,04794217;"SPRF-RS";"DEL07-RS";"UOP01-DEL07-RS"
145111;2018-07-07;"sábado";"14:25:00";"BA";116;423;"FEIRA DE SANTANA";"Falta de Atenção à Condução";"Colisão transversal";"Com Vítimas Feridas";"Pleno dia";"Decrescente";"Céu Claro";"Simples";"Interseção de Vias";"Sim";3;0;1;1;1;0;2;2;-12,23420665;-38,97530794;"SPRF-BA";"DEL02-BA";"UOP01-DEL02-BA"
145113;2018-07-07;"sábado";"14:30:00";"MG";365;654;"UBERLANDIA";"Avarias e/ou desgaste excessivo no pneu";"Capotamento";"Com Vítimas Feridas";"Pleno dia";"Decrescente";"Céu Claro";"Dupla";"Declive";"Não";2;0;2;0;0;0;2;1;-18,873;-48,5393;"SPRF-MG";"DEL15-MG";"UOP01-DEL15-MG"
145114;2018-07-07;"sábado";"14:30:00";"SC";101;111,2;"NAVEGANTES";"Falta de Atenção do Pedestre";"Atropelamento de Pedestre";"Com Vítimas Fatais";"Pleno dia";"Crescente";"Nublado";"Dupla";"Reta";"Não";2;1;0;0;1;0;0;2;-26,8375507;-48,71451616;"SPRF-SC";"DEL04-SC";"UOP04-DEL04-SC"
145115;2018-07-07;"sábado";"13:20:00";"RO";364;515;"ARIQUEMES";"Falta de Atenção à Condução";"Queda de ocupante de veículo";"Com Vítimas Feridas";"Pleno dia";"Crescente";"Céu Claro";"Simples";"Rotatória";"Sim";1;0;1;0;0;0;1;1;-9,924994;-63,054909;"SPRF-RO";"DEL03-RO";"UOP01-DEL03-RO"
145116;2018-07-07;"sábado";"13:30:00";"RJ";116;269;"BARRA MANSA";"Defeito na Via";"Tombamento";"Com Vítimas Feridas";"Pleno dia";"Decrescente";"Céu Claro";"Dupla";"Viaduto";"Sim";1;0;1;0;0;0;1;1;-22,560883;-44,122238;"SPRF-RJ";"DEL07-RJ";"UOP02-DEL07-RJ"
145117;2018-07-07;"sábado";"14:40:00";"PB";230;156;"CAMPINA GRANDE";"Desobediência às normas de trânsito pelo condutor";"Colisão transversal";"Com Vítimas Feridas";"Pleno dia";"Decrescente";"Céu Claro";"Simples";"Interseção de Vias";"Sim";2;0;1;1;0;0;2;1;-7,26787448;-35,91556728;"SPRF-PB";"DEL02-PB";"UOP01-DEL02-PB"
145119;2018-07-07;"sábado";"15:00:00";"RS";158;226,7;"CRUZ ALTA";"Desobediência às normas de trânsito pelo condutor";"Colisão frontal";"Com Vítimas Feridas";"Pleno dia";"Decrescente";"Nublado";"Simples";"Reta";"Não";4;0;0;2;2;0;2;2;-28,91478707;-53,6364212;"SPRF-RS";"DEL10-RS";"UOP02-DEL10-RS"
145120;2018-07-07;"sábado";"14:30:00";"RJ";116;169;"SAO JOAO DE MERITI";"Ingestão de Álcool";"Colisão traseira";"Sem Vítimas";"Pleno dia";"Crescente";"Sol";"Múltipla";"Reta";"Sim";2;0;0;0;2;0;0;2;-22,79066298;-43,37001622;"SPRF-RJ";"DEL01-RJ";"UOP02-DEL01-RJ"
145123;2018-07-07;"sábado";"15:10:00";"MG";146;560,2;"CABO VERDE";"Falta de Atenção à Condução";"Colisão transversal";"Com Vítimas Feridas";"Pleno dia";"Crescente";"Sol";"Simples";"Reta";"Sim";3;0;1;1;1;0;2;2;-21,4724692;-46,40248954;"SPRF-MG";"DEL09-MG";"UOP01-DEL09-MG"
145124;2018-07-07;"sábado";"15:20:00";"GO";60;71,9;"ABADIANIA";"Avarias e/ou desgaste excessivo no pneu";"Capotamento";"Com Vítimas Feridas";"Pleno dia";"Crescente";"Sol";"Dupla";"Curva";"Não";1;0;0;1;0;0;1;1;-16,25678493;-48,76290321;"SPRF-GO";"DEL02-GO";"UOP01-DEL02-GO"
145127;2018-07-07;"sábado";"15:25:00";"PR";277;132;"BALSA NOVA";"Falta de Atenção à Condução";"Colisão com objeto estático";"Sem Vítimas";"Pleno dia";"Crescente";"Céu Claro";"Dupla";"Reta";"Não";1;0;0;0;1;0;0;1;-25,47427305;-49,72062886;"SPRF-PR";"DEL01-PR";"UOP06-DEL01-PR"
145129;2018-07-07;"sábado";"15:30:00";"RS";116;246;"SAO LEOPOLDO";"Não guardar distância de segurança";"Colisão traseira";"Com Vítimas Feridas";"Pleno dia";"Decrescente";"Céu Claro";"Dupla";"Reta";"Não";5;0;4;0;1;0;4;3;-29,7575939;-51,1517772;"SPRF-RS";"DEL01-RS";"UOP02-DEL01-RS"
145132;2018-07-07;"sábado";"15:30:00";"SC";101;25;"JOINVILLE";"Falta de Atenção à Condução";"Colisão transversal";"Com Vítimas Feridas";"Pleno dia";"Decrescente";"Sol";"Simples";"Reta";"Sim";2;0;0;1;1;0;1;2;-26,1925;-48,912;"SPRF-SC";"DEL03-SC";"UOP01-DEL03-SC"
145133;2018-07-07;"sábado";"15:52:00";"RS";290;92,6;"PORTO ALEGRE";"Avarias e/ou desgaste excessivo no pneu";"Saída de leito carroçável";"Sem Vítimas";"Pleno dia";"Decrescente";"Nublado";"Dupla";"Reta";"Sim";2;0;0;0;2;0;0;1;-29,971916;-51,176838;"SPRF-RS";"DEL01-RS";"UOP01-DEL01-RS"
145134;2018-07-07;"sábado";"12:30:00";"BA";407;146,3;"SENHOR DO BONFIM";"Defeito na Via";"Saída de leito carroçável";"Sem Vítimas";"Pleno dia";"Decrescente";"Céu Claro";"Simples";"Reta";"Não";3;0;0;0;3;0;0;1;-10,62652894;-40,1309967;"SPRF-BA";"DEL04-BA";"UOP01-DEL04-BA"
145135;2018-07-07;"sábado";"16:00:00";"SC";101;134;"BALNEARIO CAMBORIU";"Ingestão de Álcool";"Colisão traseira";"Com Vítimas Feridas";"Pleno dia";"Decrescente";"Céu Claro";"Simples";"Reta";"Sim";4;0;1;1;1;1;2;3;-27,00079038;-48,6399132;"SPRF-SC";"DEL04-SC";"UOP03-DEL04-SC"
145137;2018-07-07;"sábado";"16:30:00";"CE";222;2;"FORTALEZA";"Falta de Atenção à Condução";"Colisão lateral";"Com Vítimas Feridas";"Pleno dia";"Crescente";"Céu Claro";"Múltipla";"Reta";"Sim";2;0;1;0;1;0;1;2;-3,738875;-38,58703136;"SPRF-CE";"DEL01-CE";"UOP01-DEL01-CE"