"id";"data_inversa";"dia_semana";"horario";"uf";"br";"km";"municipio";"causa_acidente";"tipo_acidente";"classificacao_acidente";"fase_dia";"sentido_via";"condicao_metereologica";"tipo_pista";"tracado_via";"uso_solo";"pessoas";"mortos";"feridos_leves";"feridos_graves";"ilesos";"ignorados";"feridos";"veiculos";"latitude";"longitude";"regional";"delegacia";"uop"
145242;2018-07-08;"domingo";"01:55:00";"SP";116;223,6;"GUARULHOS";"Falta de Atenção à Condução";"Colisão traseira";"Com Vítimas Fatais";"Plena Noite";"Crescente";"Nublado";"Múltipla";"Reta";"Sim";2;1;0;0;1;0;0;2;-23,4807;-46,5333;"SPRF-SP";"DEL01-SP";"UOP01-DEL01-SP"
145244;2018-07-08;"domingo";"02:00:00";"SC";470;36,9;"GASPAR";"Ingestão de Álcool";"Tombamento";"Com Vítimas Feridas";"Plena Noite";"Decrescente";"Nevoeiro/Neblina";"Simples";"Reta";"Não";1;0;1;0;0;0;1;1;-26,9131492;-48,97773743;"SPRF-SC";"DEL04-SC";"UOP01-DEL04-SC"
145245;2018-07-08;"domingo";"00:15:00";"MT";364;210,9;"RONDONOPOLIS";"Velocidade Incompatível";"Capotamento";"Com Vítimas Feridas";"Plena Noite";"Crescente";"Céu Claro";"Dupla";"Curva";"Sim";1;0;1;0;0;0;1;1;-16,42043283;-54,70320225;"SPRF-MT";"DEL02-MT";"UOP01-DEL02-MT"
145246;2018-07-08;"domingo";"01:30:00";"MG";267;119,3;"JUIZ DE FORA";"Velocidade Incompatível";"Saída de leito carroçável";"Sem Vítimas";"Plena Noite";"Decrescente";"Céu Claro";"Simples";"Reta";"Sim";1;0;0;0;1;0;0;1;-21,70469014;-43,46556455;"SPRF-MG";"DEL05-MG";"UOP01-DEL05-MG"
145247;2018-07-08;"domingo";"01:30:00";"PR";369;207,3;"APUCARANA";"Falta de Atenção à Condução";"Colisão com objeto estático";"Com Vítimas Feridas";"Anoitecer";"Crescente";"Céu Claro";"Simples";"Reta";"Sim";2;0;2;0;0;0;2;1;-23,56298404;-51,4887464;"SPRF-PR";"DEL07-PR";"UOP03-DEL07-PR"
145248;2018-07-08;"domingo";"01:20:00";"MG";262;835;"UBERABA";"Animais na Pista";"Atropelamento de Animal";"Sem Vítimas";"Plena Noite";"Crescente";"Céu Claro";"Simples";"Curva";"Não";3;0;0;0;2;1;0;2;-19,762056;-48,138805;"SPRF-MG";"DEL13-MG";"UOP01-DEL13-MG"
145250;2018-07-08;"domingo";"02:50:00";"PR";116;116,7;"CURITIBA";"Não guardar distância de segurança";"Colisão traseira";"Com Vítimas Feridas";"Plena Noite";"Crescente";"Céu Claro";"Múltipla";"Reta";"Sim";1;0;1;0;0;0;1;1;-25,55203335;-49,30539571;"SPRF-PR";"DEL01-PR";"UOP07-DEL01-PR"
145252;2018-07-08;"domingo";"03:25:00";"SP";153;63,5;"SAO JOSE DO RIO PRETO";"Falta de Atenção à Condução";"Tombamento";"Com Vítimas Feridas";"Amanhecer";"Decrescente";"Céu Claro";"Dupla";"Reta";"Sim";1;0;1;0;0;0;1;1;-20,82155;-49,357655;"SPRF-SP";"DEL09-SP";"UOP01-DEL09-SP"
145253;2018-07-08;"domingo";"02:30:00";"PI";316;22;"TERESINA";"Animais na Pista";"Atropelamento de Animal";"Com Vítimas Feridas";"Plena Noite";"Decrescente";"Céu Claro";"Simples";"Reta";"Não";1;0;0;1;0;0;1;1;-5,275555;-42,726074;"SPRF-PI";"DEL01-PI";"UOP02-DEL01-PI"
145254;2018-07-08;"domingo";"04:00:00";"RJ";40;60,3;"PETROPOLIS";"Condutor Dormindo";"Saída de leito carroçável";"Com Vítimas Feridas";"Plena Noite";"Crescente";"Nublado";"Dupla";"Reta;Aclive";"Não";3;0;1;0;2;0;1;1;-22,40118901;-43,13678741;"SPRF-RJ";"DEL06-RJ";"UOP01-DEL06-RJ"
145256;2018-07-08;"domingo";"04:30:00";"SP";116;280;"EMBU DAS ARTES";"Defeito Mecânico no Veículo";"Capotamento";"Com Vítimas Feridas";"Plena Noite";"Crescente";"Nublado";"Dupla";"Reta";"Sim";3;0;1;0;2;0;1;1;-23,64925146;-46,84470534;"SPRF-SP";"DEL04-SP";"UOP01-DEL04-SP"
145257;2018-07-08;"domingo";"01:20:00";"PR";153;106,3;"IBAITI";"Falta de Atenção à Condução";"Saída de leito carroçável";"Com Vítimas Feridas";"Plena Noite";"Decrescente";"Céu Claro";"Dupla";"Reta";"Não";1;0;1;0;0;0;1;1;-23,824514;-50,184809;"SPRF-PR";"DEL07-PR";"UOP04-DEL07-PR"
145258;2018-07-08;"domingo";"04:30:00";"MG";153;2;"ARAPORA";"Condutor Dormindo";"Saída de leito carroçável";"Com Vítimas Feridas";"Plena Noite";"Crescente";"Céu Claro";"Dupla";"Curva";"Não";2;0;1;0;1;0;1;1;-18,43466763;-49,19089794;"SPRF-MG";"DEL15-MG";"UOP03-DEL15-MG"
145259;2018-07-08;"domingo";"04:55:00";"GO";60;92,5;"ANAPOLIS";"Ingestão de Álcool";"Colisão com objeto estático";"Sem Vítimas";"Plena Noite";"Crescente";"Céu Claro";"Dupla";"Retorno Regulamentado";"Sim";1;0;0;0;1;0;0;1;-16,35275615;-48,91625047;"SPRF-GO";"DEL02-GO";"UOP01-DEL02-GO"
145260;2018-07-08;"domingo";"04:40:00";"RN";427;63,5;"JARDIM DO SERIDO";"Defeito na Via";"Capotamento";"Com Vítimas Feridas";"Amanhecer";"Crescente";"Céu Claro";"Simples";"Curva";"Não";3;0;3;0;0;0;3;1;-6,576072;-36,834942;"SPRF-RN";"DEL03-RN";"UOP01-DEL03-RN"
145261;2018-07-08;"domingo";"05:46:00";"RJ";40;98;"DUQUE DE CAXIAS";"Animais na Pista";"Queda de ocupante de veículo";"Com Vítimas Feridas";"Pleno dia";"Crescente";"Céu Claro";"Simples";"Reta";"Não";1;0;1;0;0;0;1;1;-22,5278328;-43,2234787;"SPRF-RJ";"DEL06-RJ";"UOP01-DEL06-RJ"
145262;2018-07-08;"domingo";"05:00:00";"MG";116;543,9;"SANTA RITA DE MINAS";"Falta de Atenção à Condução";"Saída de leito carroçável";"Com Vítimas Fatais";"Plena Noite";"Crescente";"Céu Claro";"Simples";"Curva";"Não";2;2;0;0;0;0;0;1;-19,908163;-42,13549;"SPRF-MG";"DEL06-MG";"UOP02-DEL06-MG"
145264;2018-07-08;"domingo";"05:40:00";"PI";407;585;"ACAUA";"Não guardar distância de segurança";"Colisão traseira";"Com Vítimas Fatais";"Amanhecer";"Crescente";"Céu Claro";"Simples";"Reta";"Não";4;1;1;0;2;0;1;2;-8,212053;-41,077805;"SPRF-PI";"DEL04-PI";"UOP01-DEL04-PI"
145265;2018-07-08;"domingo";"04:00:00";"PR";116;206;"RIO NEGRO";"Ingestão de Álcool";"Saída de leito carroçável";"Sem Vítimas";"Plena Noite";"Crescente";"Céu Claro";"Simples";"Interseção de Vias";"Não";1;0;0;0;0;1;0;1;-26,07473775;-49,75517035;"SPRF-SC";"DEL06-SC";"UOP01-DEL06-SC"
145267;2018-07-08;"domingo";"06:38:00";"RS";116;251;"SAO LEOPOLDO";"Ingestão de Álcool";"Saída de leito carroçável";"Com Vítimas Feridas";"Plena Noite";"Decrescente";"Céu Claro";"Múltipla";"Reta";"Sim";1;0;1;0;0;0;1;1;-29,79652216;-51,16467118;"SPRF-RS";"DEL01-RS";"UOP02-DEL01-RS"
145268;2018-07-08;"domingo";"05:00:00";"RS";293;161;"HULHA NEGRA";"Ingestão de Álcool";"Saída de leito carroçável";"Com Vítimas Feridas";"Pleno dia";"Decrescente";"Garoa/Chuvisco";"Simples";"Reta";"Não";1;0;1;0;0;0;1;1;-31,390142;-53,882118;"SPRF-RS";"DEL11-RS";"UOP03-DEL11-RS"
145269;2018-07-08;"domingo";"06:30:00";"SC";101;129,2;"BALNEARIO CAMBORIU";"Falta de Atenção à Condução";"Saída de leito carroçável";"Com Vítimas Feridas";"Amanhecer";"Decrescente";"Céu Claro";"Dupla";"Reta";"Sim";3;0;2;0;1;0;2;1;-26,98274079;-48,67327452;"SPRF-SC";"DEL04-SC";"UOP03-DEL04-SC"
145270;2018-07-08;"domingo";"06:35:00";"SP";116;218,7;"GUARULHOS";"Ingestão de Álcool";"Colisão frontal";"Sem Vítimas";"Amanhecer";"Decrescente";"Céu Claro";"Múltipla";"Reta";"Sim";2;0;0;0;1;1;0;2;-23,45890146;-46,48414135;"SPRF-SP";"DEL01-SP";"UOP01-DEL01-SP"
145271;2018-07-08;"domingo";"04:00:00";"MT";163;1035;"MATUPA";"Condutor Dormindo";"Saída de leito carroçável";"Com Vítimas Feridas";"Amanhecer";"Decrescente";"Ignorado";"Simples";"Reta";"Não";1;0;0;1;0;0;1;1;-10,210501;-54,963592;"SPRF-MT";"DEL06-MT";"UOP02-DEL06-MT"
145272;2018-07-08;"domingo";"06:45:00";"GO";60;58,4;"ABADIANIA";"Ingestão de Álcool";"Saída de leito carroçável";"Com Vítimas Feridas";"Pleno dia";"Decrescente";"Céu Claro";"Dupla";"Curva";"Sim";2;0;2;0;0;0;2;1;-16,18446586;-48,69549897;"SPRF-GO";"DEL02-GO";"UOP01-DEL02-GO"
145273;2018-07-08;"domingo";"08:00:00";"PR";277;84;"CURITIBA";"Falta de Atenção à Condução";"Colisão lateral";"Com Vítimas Feridas";"Pleno dia";"Crescente";"Céu Claro";"Dupla";"Viaduto";"Sim";2;0;1;0;1;0;1;2;-25,44494098;-49,2327404;"SPRF-PR";"DEL01-PR";"UOP01-DEL01-PR"
145276;2018-07-08;"domingo";"07:30:00";"RJ";116;272,7;"BARRA MANSA";"Velocidade Incompatível";"Colisão com objeto estático";"Sem Vítimas";"Pleno dia";"Decrescente";"Sol";"Dupla";"Aclive";"Sim";1;0;0;0;1;0;0;1;-22,5511658;-44,18263435;"SPRF-RJ";"DEL07-RJ";"UOP02-DEL07-RJ"
145277;2018-07-08;"domingo";"05:35:00";"SC";282;489,3;"FAXINAL DOS GUEDES";"Ingestão de Álcool";"Colisão frontal";"Com Vítimas Fatais";"Amanhecer";"Decrescente";"Nublado";"Simples";"Reta";"Não";4;1;0;2;1;0;2;2;-26,8647737;-52,27142572;"SPRF-SC";"DEL07-SC";"UOP01-DEL07-SC"
145280;2018-07-07;"sábado";"23:30:00";"SC";282;504,9;"XANXERE";"Ingestão de Álcool";"Colisão lateral";"Sem Vítimas";"Plena Noite";"Decrescente";"Nublado";"Simples";"Viaduto";"Sim";2;0;0;0;2;0;0;2;-26,884279;-52,408466;"SPRF-SC";"DEL07-SC";"UOP01-DEL07-SC"
145281;2018-07-08;"domingo";"08:45:00";"PR";277;660;"MATELANDIA";"Falta de Atenção à Condução";"Colisão com objeto estático";"Com Vítimas Feridas";"Pleno dia";"Crescente";"Nevoeiro/Neblina";"Dupla";"Curva";"Não";1;0;0;1;0;0;1;1;-25,1791311;-53,8759337;"SPRF-PR";"DEL05-PR";"UOP02-DEL05-PR"
145283;2018-07-08;"domingo";"07:20:00";"PR";476;139,1;"CURITIBA";"Falta de Atenção à Condução";"Queda de ocupante de veículo";"Com Vítimas Feridas";"Pleno dia";"Decrescente";"Céu Claro";"Múltipla";"Reta";"Sim";1;0;1;0;0;0;1;1;-25,5141457;-49,28971119;"SPRF-PR";"DEL01-PR";"UOP07-DEL01-PR"
145284;2018-07-08;"domingo";"08:05:00";"SP";116;4;"GUARULHOS";"Falta de Atenção à Condução";"Colisão traseira";"Com Vítimas Feridas";"Pleno dia";"Decrescente";"Céu Claro";"Múltipla";"Interseção de Vias";"Sim";2;0;1;0;1;0;1;2;-23,42180254;-46,4814055;"SPRF-SP";"DEL08-SP";"UOP02-DEL08-SP"
145286;2018-07-08;"domingo";"10:05:00";"ES";262;91;"DOMINGOS MARTINS";"Desobediência às normas de trânsito pelo condutor";"Colisão transversal";"Sem Vítimas";"Pleno dia";"Crescente";"Céu Claro";"Simples";"Reta";"Sim";6;0;0;0;6;0;0;2;-20,37845352;-41,03353322;"SPRF-ES";"DEL01-ES";"UOP02-DEL01-ES"
145287;2018-07-08;"domingo";"08:50:00";"SC";282;560,9;"NOVA ITABERABA";"Condutor Dormindo";"Colisão frontal";"Sem Vítimas";"Pleno dia";"Decrescente";"Nevoeiro/Neblina";"Simples";"Curva;Declive";"Não";2;0;0;0;2;0;0;2;-26,92771376;-52,85509586;"SPRF-SC";"DEL07-SC";"UOP02-DEL07-SC"
145288;2018-07-08;"domingo";"09:55:00";"PA";316;22,3;"BENEVIDES";"Desobediência às normas de trânsito pelo condutor";"Colisão transversal";"Com Vítimas Feridas";"Pleno dia";"Crescente";"Sol";"Dupla";"Reta";"Sim";3;0;2;0;1;0;2;2;-1,34939115;-48,2539165;"SPRF-PA";"DEL01-PA";"DEL19/1-UOP05/PA"
145289;2018-07-08;"domingo";"09:40:00";"PA";316;22,3;"BENEVIDES";"Falta de Atenção à Condução";"Colisão lateral";"Sem Vítimas";"Pleno dia";"Crescente";"Céu Claro";"Dupla";"Reta";"Não";2;0;0;0;2;0;0;2;-1,3492839;-48,25388432;"SPRF-PA";"DEL01-PA";"DEL19/1-UOP05/PA"
145291;2018-07-08;"domingo";"08:20:00";"MG";40;526,4;"CONTAGEM";"Falta de Atenção à Condução";"Colisão frontal";"Com Vítimas Feridas";"Pleno dia";"Decrescente";"Céu Claro";"Simples";"Curva";"Sim";2;0;0;1;1;0;1;2;-19,90145713;-44,04793197;"SPRF-MG";"DEL01-MG";"UOP03-DEL01-MG"
145292;2018-07-08;"domingo";"07:48:00";"SC";116;12,4;"MAFRA";"Desobediência às normas de trânsito pelo condutor";"Colisão com objeto estático";"Sem Vítimas";"Pleno dia";"Crescente";"Nublado";"Simples";"Interseção de Vias";"Não";1;0;0;0;1;0;0;1;-26,17958806;-49,87079836;"SPRF-SC";"DEL06-SC";"UOP01-DEL06-SC"
145293;2018-07-08;"domingo";"10:20:00";"PR";376;475;"PONTA GROSSA";"Falta de Atenção à Condução";"Capotamento";"Com Vítimas Feridas";"Pleno dia";"Crescente";"Céu Claro";"Dupla";"Reta";"Não";4;0;4;0;0;0;4;1;-25,01534542;-50,34122229;"SPRF-PR";"DEL03-PR";"UOP01-DEL03-PR"
145295;2018-07-08;"domingo";"10:10:00";"SC";470;4,7;"NAVEGANTES";"Desobediência às normas de trânsito pelo condutor";"Colisão transversal";"Com Vítimas Feridas";"Pleno dia";"Decrescente";"Céu Claro";"Simples";"Reta;Desvio Temporário;Em Obras";"Sim";3;0;0;1;2;0;1;3;-26,86456314;-48,67834926;"SPRF-SC";"DEL04-SC";"UOP04-DEL04-SC"
145297;2018-07-08;"domingo";"09:05:00";"PA";316;238;"VISEU";"Desobediência às normas de trânsito pelo condutor";"Colisão frontal";"Com Vítimas Fatais";"Pleno dia";"Decrescente";"Nublado";"Simples";"Reta";"Não";5;2;1;2;0;0;3;2;-1,73282904;-46,59988403;"SPRF-PA";"DEL01-PA";"UOP04-DEL01-PA"
145298;2018-07-08;"domingo";"09:50:00";"PR";476;116;"CURITIBA";"Falta de Atenção à Condução";"Colisão transversal";"Com Vítimas Feridas";"Pleno dia";"Decrescente";"Sol";"Dupla";"Interseção de Vias";"Sim";3;0;2;0;1;0;2;2;-25,34980484;-49,16775919;"SPRF-PR";"DEL01-PR";"UOP01-DEL01-PR"
145299;2018-07-08;"domingo";"09:00:00";"SP";116;125;"CACAPAVA";"Não guardar distância de segurança";"Colisão traseira";"Com Vítimas Feridas";"Pleno dia";"Decrescente";"Céu Claro";"Dupla";"Reta";"Não";9;0;0;2;7;0;2;7;-23,098782;-45,686161;"SPRF-SP";"DEL06-SP";"UOP02-DEL02-SP"
145300;2018-07-08;"domingo";"10:41:00";"CE";222;207,4;"FORQUILHA";"Velocidade Incompatível";"Saída de leito carroçável";"Sem Vítimas";"Pleno dia";"Crescente";"Chuva";"Simples";"Curva";"Não";4;0;0;0;4;0;0;1;-3,793792;-40,252104;"SPRF-CE";"DEL04-CE";"UOP01-DEL04-CE"
145301;2018-07-08;"domingo";"10:56:00";"SC";101;24,7;"JOINVILLE";"Falta de Atenção à Condução";"Colisão transversal";"Com Vítimas Feridas";"Pleno dia";"Decrescente";"Céu Claro";"Simples";"Rotatória";"Não";2;0;1;0;1;0;1;2;-26,18171588;-48,90933037;"SPRF-SC";"DEL03-SC";"UOP01-DEL03-SC"
145302;2018-07-08;"domingo";"09:20:00";"SP";116;124;"CACAPAVA";"Desobediência às normas de trânsito pelo condutor";"Colisão lateral";"Com Vítimas Feridas";"Pleno dia";"Decrescente";"Céu Claro";"Dupla";"Reta";"Sim";3;0;1;0;2;0;1;3;-23,093163;-45,677975;"SPRF-SP";"DEL06-SP";"UOP02-DEL02-SP"
145303;2018-05-09;"quarta-feira";"07:00:00";"BA";101;80;"GANDU";"Pista Escorregadia";"Saída de leito carroçável";"Com Vítimas Feridas";"Pleno dia";"Crescente";"Ignorado";"Simples";"Reta";"Não";1;0;1;0;0;0;1;1;-13,7681894;-39,4916056;"SPRF-BA";"DEL01-BA";"UOP04-DEL01-BA"
145305;2018-07-08;"domingo";"11:50:00";"GO";60;217,9;"VARJAO";"Mal Súbito";"Saída de leito carroçável";"Com Vítimas Feridas";"Pleno dia";"Decrescente";"Céu Claro";"Dupla";"Ponte";"Não";5;0;4;0;1;0;4;1;-16,981129;-49,747479;"SPRF-GO";"DEL01-GO";"UOP02-DEL01-GO"
145306;2018-07-08;"domingo";"11:10:00";"SC";280;58,6;"GUARAMIRIM";"Falta de Atenção à Condução";"Colisão transversal";"Com Vítimas Feridas";"Pleno dia";"Crescente";"Céu Claro";"Simples";"Reta";"Sim";2;0;1;0;1;0;1;2;-26,47541817;-49,03126803;"SPRF-SC";"DEL03-SC";"UOP03-DEL03-SC"
145308;2018-07-08;"domingo";"12:10:00";"ES";101;160;"LINHARES";"Ingestão de Álcool";"Colisão transversal";"Com Vítimas Feridas";"Pleno dia";"Crescente";"Céu Claro";"Simples";"Reta";"Sim";3;0;0;2;1;0;2;2;-19,49089803;-40,12683392;"SPRF-ES";"DEL04-ES";"UOP01-DEL04-ES"
145311;2018-07-08;"domingo";"09:15:00";"SC";116;179,8;"SAO CRISTOVAO DO SUL";"Falta de Atenção à Condução";"Colisão transversal";"Com Vítimas Feridas";"Pleno dia";"Decrescente";"Céu Claro";"Simples";"Interseção de Vias";"Sim";2;0;2;0;0;0;2;2;-27,262749;-50,444603;"SPRF-SC";"DEL05-SC";"UOP03-DEL05-SC"
145312;2018-07-08;"domingo";"13:00:00";"MG";40;789,2;"JUIZ DE FORA";"Desobediência às normas de trânsito pelo condutor";"Colisão transversal";"Com Vítimas Feridas";"Pleno dia";"Crescente";"Céu Claro";"Dupla";"Reta";"Não";9;0;5;3;0;1;8;3;-21,76934421;-43,43777418;"SPRF-MG";"DEL05-MG";"UOP01-DEL05-MG"
145313;2018-07-08;"domingo";"09:40:00";"MT";174;553;"COMODORO";"Falta de Atenção à Condução";"Saída de leito carroçável";"Com Vítimas Feridas";"Pleno dia";"Decrescente";"Sol";"Simples";"Reta";"Não";1;0;0;1;0;0;1;1;-13,10589572;-59,88681793;"SPRF-RO";"DEL04-RO";"UOP01-DEL04-RO"
145316;2018-07-08;"domingo";"12:40:00";"SC";101;133;"BALNEARIO CAMBORIU";"Falta de Atenção à Condução";"Colisão com objeto estático";"Com Vítimas Feridas";"Pleno dia";"Decrescente";"Céu Claro";"Dupla";"Viaduto";"Sim";1;0;1;0;0;0;1;1;-27,0021;-48,6362;"SPRF-SC";"DEL04-SC";"UOP03-DEL04-SC"
145317;2018-07-08;"domingo";"13:30:00";"ES";101;30;"CONCEICAO DA BARRA";"Falta de Atenção à Condução";"Colisão traseira";"Com Vítimas Feridas";"Pleno dia";"Crescente";"Sol";"Simples";"Aclive";"Não";2;0;0;1;0;1;1;2;-18,40685085;-39,93746996;"SPRF-ES";"DEL04-ES";"UOP02-DEL04-ES"
145318;2018-07-08;"domingo";"14:00:00";"RJ";393;266;"BARRA DO PIRAI";"Desobediência às normas de trânsito pelo condutor";"Capotamento";"Com Vítimas Feridas";"Pleno dia";"Crescente";"Sol";"Simples";"Curva;Declive";"Não";1;0;1;0;0;0;1;1;-22,47667357;-43,93396139;"SPRF-RJ";"DEL05-RJ";"UOP04-DEL05-RJ"
145319;2018-07-08;"domingo";"13:00:00";"MA";135;3,2;"SAO LUIS";"Falta de Atenção à Condução";"Capotamento";"Sem Vítimas";"Pleno dia";"Decrescente";"Céu Claro";"Dupla";"Curva";"Não";1;0;0;0;0;1;0;1;-2,60672242;-44,24758673;"SPRF-MA";"DEL01-MA";"UOP01-DEL01-MA"
145320;2018-07-08;"domingo";"14:00:00";"RJ";101;65;"CAMPOS DOS GOYTACAZES";"Não guardar distância de segurança";"Colisão traseira";"Com Vítimas Feridas";"Pleno dia";"Decrescente";"Céu Claro";"Simples";"Reta";"Sim";2;0;1;0;1;0;1;2;-21,753717;-41,34436;"SPRF-RJ";"DEL08-RJ";"UOP02-DEL08-RJ"
145321;2018-07-01;"domingo";"23:30:00";"MG";40;498,6;"ESMERALDAS";"Mal Súbito";"Saída de leito carroçável";"Com Vítimas Fatais";"Plena Noite";"Decrescente";"Céu Claro";"Dupla";"Reta";"Sim";2;1;0;0;0;1;0;2;-19,68876;-44,17956;"SPRF-MG";"DEL02-MG";"UOP01-DEL02-MG"
145323;2018-07-08;"domingo";"13:30:00";"RO";319;63;"PORTO VELHO";"Não guardar distância de segurança";"Colisão traseira";"Sem Vítimas";"Pleno dia";"Crescente";"Sol";"Dupla";"Interseção de Vias";"Sim";1;0;0;0;1;0;0;1;-8,74800041;-63,88856649;"SPRF-RO";"DEL01-RO";"UOP01-DEL01-RO"
145324;2018-07-08;"domingo";"13:40:00";"MG";365;9,6;"MONTES CLAROS";"Falta de Atenção à Condução";"Colisão transversal";"Com Vítimas Feridas";"Pleno dia";"Crescente";"Sol";"Simples";"Reta";"Não";7;0;1;1;1;4;2;3;-16,83452;-43,943565;"SPRF-MG";"DEL12-MG";"UOP01-DEL12-MG"
145325;2018-07-08;"domingo";"14:30:00";"RO";364;15,1;"VILHENA";"Falta de Atenção à Condução";"Colisão transversal";"Com Vítimas Feridas";"Pleno dia";"Crescente";"Sol";"Dupla";"Reta";"Não";2;0;2;0;0;0;2;2;-12,73634006;-60,15026785;"SPRF-RO";"DEL04-RO";"UOP01-DEL04-RO"
145326;2018-07-08;"domingo";"15:00:00";"RJ";101;71;"CAMPOS DOS GOYTACAZES";"Desobediência às normas de trânsito pelo condutor";"Atropelamento de Pedestre";"Com Vítimas Feridas";"Pleno dia";"Crescente";"Sol";"Simples";"Reta";"Não";2;0;1;0;0;1;1;2;-21,785795;-41,381424;"SPRF-RJ";"DEL08-RJ";"UOP02-DEL08-RJ"
145327;2018-07-08;"domingo";"15:15:00";"SC";101;150;"ITAPEMA";"Defeito Mecânico no Veículo";"Tombamento";"Com Vítimas Feridas";"Pleno dia";"Decrescente";"Céu Claro";"Dupla";"Reta";"Sim";2;0;2;0;0;0;2;1;-27,1267;-48,6095;"SPRF-SC";"DEL04-SC";"UOP03-DEL04-SC"
145328;2018-07-08;"domingo";"14:20:00";"GO";153;685;"ITUMBIARA";"Defeito Mecânico no Veículo";"Saída de leito carroçável";"Com Vítimas Feridas";"Pleno dia";"Crescente";"Céu Claro";"Dupla";"Reta";"Não";2;0;2;0;0;0;2;1;-18,2658;-49,247;"SPRF-GO";"DEL03-GO";"UOP02-DEL03-GO"
145329;2018-07-08;"domingo";"15:40:00";"RN";101;81;"NATAL";"Falta de Atenção à Condução";"Colisão transversal";"Com Vítimas Feridas";"Pleno dia";"Crescente";"Céu Claro";"Dupla";"Reta";"Sim";2;0;1;0;1;0;1;2;-5,764695;-35,282959;"SPRF-RN";"DEL02-RN";"UOP01-DEL02-RN"
145331;2018-07-08;"domingo";"15:30:00";"CE";222;3;"FORTALEZA";"Falta de Atenção à Condução";"Colisão traseira";"Com Vítimas Feridas";"Pleno dia";"Decrescente";"Sol";"Múltipla";"Reta";"Sim";6;0;1;0;5;0;1;3;-3,740385;-38,595749;"SPRF-CE";"DEL01-CE";"UOP01-DEL01-CE"
145332;2018-07-08;"domingo";"13:30:00";"ES";101;258,7;"SERRA";"Falta de Atenção à Condução";"Colisão transversal";"Com Vítimas Feridas";"Pleno dia";"Crescente";"Sol";"Múltipla";"Rotatória";"Sim";2;0;1;0;1;0;1;2;-20,1344411;-40,29328108;"SPRF-ES";"DEL02-ES";"UOP01-DEL02-ES"
145333;2018-07-08;"domingo";"15:50:00";"MG";262;435;"NOVA SERRANA";"Desobediência às normas de trânsito pelo condutor";"Colisão lateral";"Com Vítimas Feridas";"Pleno dia";"Decrescente";"Céu Claro";"Dupla";"Reta";"Sim";3;0;1;0;2;0;1;2;-19,8799;-44,9153;"SPRF-MG";"DEL08-MG";"UOP03-DEL08-MG"
145335;2018-07-08;"domingo";"16:20:00";"PR";277;19,3;"MORRETES";"Falta de Atenção à Condução";"Queda de ocupante de veículo";"Com Vítimas Feridas";"Pleno dia";"Crescente";"Céu Claro";"Dupla";"Reta";"Não";2;0;0;1;1;0;1;2;-25,53810463;-48,69672775;"SPRF-PR";"DEL01-PR";"UOP05-DEL01-PR"
145337;2018-07-08;"domingo";"12:50:00";"PE";116;40,2;"SALGUEIRO";"Ultrapassagem Indevida";"Saída de leito carroçável";"Com Vítimas Feridas";"Pleno dia";"Decrescente";"Céu Claro";"Simples";"Reta";"Não";2;0;1;0;1;0;1;1;-8,19099857;-39,10164023;"SPRF-PE";"DEL05-PE";"UOP01-DEL05-PE"
145338;2018-07-08;"domingo";"14:50:00";"PE";232;65,4;"GRAVATA";"Falta de Atenção do Pedestre";"Atropelamento de Pedestre";"Com Vítimas Feridas";"Pleno dia";"Decrescente";"Céu Claro";"Dupla";"Curva";"Não";2;0;0;1;0;1;1;2;-8,16833302;-35,4535675;"SPRF-PE";"DEL01-PE";"UOP02-DEL02PE"
145339;2018-07-08;"domingo";"16:30:00";"RJ";101;316;"SAO GONCALO";"Falta de Atenção à Condução";"Colisão traseira";"Com Vítimas Feridas";"Pleno dia";"Decrescente";"Céu Claro";"Dupla";"Reta";"Sim";4;0;2;0;2;0;2;2;-22,828388;-43,092102;"SPRF-RJ";"DEL02-RJ";"DEL5/2-UOP04/RJ"
145340;2018-06-09;"sábado";"17:00:00";"RS";116;246;"SAO LEOPOLDO";"Falta de Atenção à Condução";"Colisão traseira";"Com Vítimas Feridas";"Anoitecer";"Decrescente";"Céu Claro";"Dupla";"Reta";"Sim";3;0;2;0;1;0;2;2;-29,7575504;-51,15181804;"SPRF-RS";"DEL01-RS";"UOP02-DEL01-RS"
145343;2018-07-08;"domingo";"17:10:00";"ES";101;295;"CARIACICA";"Pista Escorregadia";"Queda de ocupante de veículo";"Com Vítimas Feridas";"Pleno dia";"Decrescente";"Céu Claro";"Dupla";"Rotatória";"Sim";2;0;2;0;0;0;2;1;-20,3439745;-40,4075091;"SPRF-ES";"DEL01-ES";"UOP01-DEL01-ES"
145345;2018-07-08;"domingo";"16:25:00";"MG";40;532,4;"BELO HORIZONTE";"Avarias e/ou desgaste excessivo no pneu";"Tombamento";"Com Vítimas Feridas";"Pleno dia";"Crescente";"Céu Claro";"Dupla";"Aclive;Reta";"Sim";2;0;2;0;0;0;2;1;-19,923502;-44,008458;"SPRF-MG";"DEL01-MG";"UOP03-DEL01-MG"
145347;2018-07-08;"domingo";"16:50:00";"RS";101;72;"OSORIO";"Falta de Atenção à Condução";"Saída de leito carroçável";"Com Vítimas Feridas";"Pleno dia";"Decrescente";"Nublado";"Dupla";"Reta";"Não";1;0;1;0;0;0;1;1;-29,7654389;-50,2165564;"SPRF-RS";"DEL03-RS";"UOP01-DEL03-RS"