"id";"data_inversa";"dia_semana";"horario";"uf";"br";"km";"municipio";"causa_acidente";"tipo_acidente";"classificacao_acidente";"fase_dia";"sentido_via";"condicao_metereologica";"tipo_pista";"tracado_via";"uso_solo";"pessoas";"mortos";"feridos_leves";"feridos_graves";"ilesos";"ignorados";"feridos";"veiculos";"latitude";"longitude";"regional";"delegacia";"uop"
145349;2018-07-08;"domingo";"16:50:00";"SC";101;27;"JOINVILLE";"Velocidade Incompatível";"Colisão com objeto estático";"Com Vítimas Feridas";"Pleno dia";"Crescente";"Sol";"Simples";"Interseção de Vias";"Sim";1;0;1;0;0;0;1;1;-26,2102;-48,9156;"SPRF-SC";"DEL03-SC";"UOP01-DEL03-SC"
145350;2018-07-08;"domingo";"13:30:00";"SC";470;201,1;"PONTE ALTA";"Desobediência às normas de trânsito pelo condutor";"Colisão transversal";"Com Vítimas Feridas";"Pleno dia";"Crescente";"Céu Claro";"Simples";"Interseção de Vias";"Não";3;0;1;0;2;0;1;2;-27,30863811;-50,13439178;"SPRF-SC";"DEL05-SC";"UOP03-DEL05-SC"
145351;2018-07-08;"domingo";"16:40:00";"PI";343;522,5;"AMARANTE";"Defeito na Via";"Saída de leito carroçável";"Sem Vítimas";"Anoitecer";"Decrescente";"Céu Claro";"Simples";"Reta";"Não";5;0;0;0;5;0;0;1;-6,378219;-42,795422;"SPRF-PI";"DEL03-PI";"UOP01-DEL03-PI"
145355;2018-06-14;"quinta-feira";"17:00:00";"RS";116;247;"SAO LEOPOLDO";"Falta de Atenção à Condução";"Colisão traseira";"Sem Vítimas";"Pleno dia";"Decrescente";"Céu Claro";"Dupla";"Reta";"Sim";2;0;0;0;2;0;0;2;-29,77968748;-51,15689278;"SPRF-RS";"DEL01-RS";"UOP02-DEL01-RS"
145357;2018-07-08;"domingo";"17:20:00";"SP";153;304,2;"CAMPOS NOVOS PAULISTA";"Avarias e/ou desgaste excessivo no pneu";"Saída de leito carroçável";"Com Vítimas Feridas";"Pleno dia";"Decrescente";"Sol";"Simples";"Reta";"Não";2;0;2;0;0;0;2;1;-22,616812;-49,889534;"SPRF-SP";"DEL07-SP";"UOP03-DEL07-SP"
145358;2018-07-08;"domingo";"17:00:00";"MG";381;882;"ESTIVA";"Falta de Atenção à Condução";"Capotamento";"Com Vítimas Feridas";"Pleno dia";"Decrescente";"Céu Claro";"Dupla";"Reta";"Não";3;0;2;0;0;1;2;2;-22,4837;-46,0108;"SPRF-MG";"DEL16-MG";"UOP01-DEL16-MG"
145359;2018-07-08;"domingo";"17:30:00";"SP";116;225;"GUARULHOS";"Falta de Atenção à Condução";"Colisão lateral";"Sem Vítimas";"Anoitecer";"Decrescente";"Céu Claro";"Múltipla";"Declive";"Sim";3;0;0;0;3;0;0;3;-23,49058346;-46,54806504;"SPRF-SP";"DEL01-SP";"UOP01-DEL01-SP"
145360;2018-07-08;"domingo";"18:00:00";"PB";230;31,8;"BAYEUX";"Não guardar distância de segurança";"Colisão traseira";"Com Vítimas Feridas";"Plena Noite";"Decrescente";"Nublado";"Dupla";"Reta";"Sim";4;0;1;1;2;0;2;3;-7,14302194;-34,91931133;"SPRF-PB";"DEL01-PB";"UOP01-DEL01-PB"
145362;2018-07-08;"domingo";"18:00:00";"RN";101;113;"SAO JOSE DE MIPIBU";"Desobediência às normas de trânsito pelo condutor";"Queda de ocupante de veículo";"Com Vítimas Feridas";"Plena Noite";"Crescente";"Céu Claro";"Dupla";"Reta";"Não";3;0;1;0;1;1;1;2;-5,974239;-35,264919;"SPRF-RN";"DEL01-RN";"UOP01-DEL01-RN"
145363;2018-07-08;"domingo";"18:00:00";"GO";153;426;"ANAPOLIS";"Defeito Mecânico no Veículo";"Queda de ocupante de veículo";"Com Vítimas Feridas";"Plena Noite";"Crescente";"Céu Claro";"Dupla";"Reta";"Não";2;0;2;0;0;0;2;1;-16,213171;-49,0173;"SPRF-GO";"DEL02-GO";"UOP01-DEL02-GO"
145365;2018-07-08;"domingo";"18:22:00";"ES";101;67;"SAO MATEUS";"Falta de Atenção do Pedestre";"Atropelamento de Pedestre";"Com Vítimas Feridas";"Plena Noite";"Crescente";"Céu Claro";"Múltipla";"Reta";"Sim";2;0;1;1;0;0;2;2;-18,71558128;-39,87572551;"SPRF-ES";"DEL04-ES";"UOP02-DEL04-ES"
145366;2018-07-08;"domingo";"18:00:00";"PI";316;391;"FRANCISCO MACEDO";"Falta de Atenção do Pedestre";"Atropelamento de Pedestre";"Com Vítimas Fatais";"Plena Noite";"Decrescente";"Céu Claro";"Simples";"Reta";"Não";2;1;0;0;1;0;0;2;-7,29489667;-40,81831698;"SPRF-PI";"DEL04-PI";"UOP03-DEL04-PI"
145369;2018-07-08;"domingo";"18:10:00";"ES";101;298;"VIANA";"Desobediência às normas de trânsito pelo condutor";"Colisão lateral";"Com Vítimas Feridas";"Plena Noite";"Decrescente";"Céu Claro";"Dupla";"Reta";"Sim";4;0;1;1;1;1;2;3;-20,35307674;-40,41490853;"SPRF-ES";"DEL01-ES";"UOP01-DEL01-ES"
145370;2018-07-08;"domingo";"13:00:00";"RO";174;57;"VILHENA";"Falta de Atenção à Condução";"Saída de leito carroçável";"Com Vítimas Feridas";"Pleno dia";"Decrescente";"Sol";"Simples";"Curva";"Não";3;0;3;0;0;0;3;1;-12,44958;-59,92815;"SPRF-RO";"DEL04-RO";"UOP01-DEL04-RO"
145371;2018-07-08;"domingo";"17:30:00";"RJ";101;284;"ITABORAI";"Não guardar distância de segurança";"Colisão traseira";"Com Vítimas Feridas";"Pleno dia";"Crescente";"Céu Claro";"Dupla";"Reta";"Sim";9;0;3;0;6;0;3;4;-22,744345;-42,808727;"SPRF-RJ";"DEL02-RJ";"UOP03-DEL02-RJ"
145372;2018-07-08;"domingo";"18:46:00";"AL";316;104;"DOIS RIACHOS";"Ingestão de Álcool";"Colisão frontal";"Com Vítimas Feridas";"Plena Noite";"Crescente";"Céu Claro";"Simples";"Reta";"Sim";2;0;0;1;0;1;1;2;-9,38630949;-37,07820918;"SPRF-AL";"DEL03-AL";"UOP01-DEL03-AL"
145374;2018-07-08;"domingo";"16:30:00";"MA";316;611,8;"TIMON";"Desobediência às normas de trânsito pelo condutor";"Colisão traseira";"Com Vítimas Feridas";"Pleno dia";"Decrescente";"Céu Claro";"Simples";"Reta";"Não";8;0;1;0;5;2;1;6;-5,07476459;-42,86086321;"SPRF-MA";"DEL03-MA";"UOP02-DEL03-MA"
145376;2018-07-08;"domingo";"19:05:00";"PR";369;108,5;"URAI";"Desobediência às normas de trânsito pelo condutor";"Colisão frontal";"Com Vítimas Feridas";"Plena Noite";"Crescente";"Céu Claro";"Simples";"Reta";"Não";13;0;9;0;3;1;9;5;-23,265707;-50,7931;"SPRF-PR";"DEL07-PR";"UOP05-DEL07-PR"
145378;2018-07-08;"domingo";"19:15:00";"PE";232;172,8;"BELO JARDIM";"Falta de Atenção à Condução";"Capotamento";"Com Vítimas Feridas";"Plena Noite";"Decrescente";"Nublado";"Simples";"Reta";"Não";2;0;0;1;0;1;1;2;-8,33897;-36,3642;"SPRF-PE";"DEL02-PE";"UOP03-DEL02-PE"
145379;2018-07-08;"domingo";"19:00:00";"PI";343;4,4;"TERESINA";"Não guardar distância de segurança";"Colisão traseira";"Sem Vítimas";"Plena Noite";"Crescente";"Céu Claro";"Múltipla";"Reta";"Sim";4;0;0;0;3;1;0;2;-5,08011929;-42,78604953;"SPRF-PI";"DEL01-PI";"UOP01-DEL01-PI"
145380;2018-07-08;"domingo";"19:00:00";"PR";277;423,1;"CANTAGALO";"Animais na Pista";"Atropelamento de Animal";"Com Vítimas Feridas";"Plena Noite";"Crescente";"Céu Claro";"Simples";"Curva";"Não";2;0;0;1;1;0;1;2;-25,38371587;-52,14195013;"SPRF-PR";"DEL04-PR";"UOP02-DEL04-PR"
145382;2018-07-08;"domingo";"19:20:00";"MG";40;474;"SETE LAGOAS";"Ingestão de Álcool";"Saída de leito carroçável";"Com Vítimas Feridas";"Plena Noite";"Crescente";"Céu Claro";"Múltipla";"Curva";"Não";1;0;1;0;0;0;1;1;-19,4997;-44,2779;"SPRF-MG";"DEL02-MG";"UOP01-DEL02-MG"
145383;2018-07-08;"domingo";"18:05:00";"PE";232;428,5;"SERRA TALHADA";"Animais na Pista";"Atropelamento de Animal";"Sem Vítimas";"Plena Noite";"Crescente";"Céu Claro";"Simples";"Reta";"Não";1;0;0;0;1;0;0;1;-8,002073;-38,438248;"SPRF-PE";"DEL04-PE";"UOP01-DEL04-PE"
145384;2018-07-08;"domingo";"19:00:00";"RS";290;102;"PORTO ALEGRE";"Velocidade Incompatível";"Colisão traseira";"Com Vítimas Fatais";"Plena Noite";"Crescente";"Ignorado";"Dupla";"Reta";"Sim";4;1;1;1;1;0;2;3;-29,9683071;-51,1742355;"SPRF-RS";"DEL01-RS";"UOP01-DEL01-RS"
145386;2018-07-08;"domingo";"18:55:00";"RJ";116;279;"BARRA MANSA";"Defeito Mecânico no Veículo";"Colisão traseira";"Com Vítimas Feridas";"Plena Noite";"Decrescente";"Nublado";"Dupla";"Aclive;Curva";"Não";4;0;3;0;1;0;3;1;-22,50573784;-44,22432661;"SPRF-RJ";"DEL07-RJ";"UOP02-DEL07-RJ"
145387;2018-07-08;"domingo";"18:50:00";"RJ";116;264,9;"BARRA MANSA";"Não guardar distância de segurança";"Colisão traseira";"Com Vítimas Feridas";"Plena Noite";"Crescente";"Nublado";"Dupla";"Curva";"Não";1;0;1;0;0;0;1;1;-22,560883;-44,122238;"SPRF-RJ";"DEL07-RJ";"UOP02-DEL07-RJ"
145388;2018-07-08;"domingo";"18:15:00";"MS";60;395;"SIDROLANDIA";"Falta de Atenção à Condução";"Colisão lateral";"Com Vítimas Feridas";"Plena Noite";"Crescente";"Céu Claro";"Simples";"Reta";"Não";5;0;1;0;3;1;1;3;-20,75716;-54,78615;"SPRF-MS";"DEL01-MS";"UOP04-DEL01-MS"
145389;2018-07-08;"domingo";"18:20:00";"PR";153;18,4;"JACAREZINHO";"Ingestão de Álcool";"Colisão transversal";"Com Vítimas Feridas";"Plena Noite";"Decrescente";"Céu Claro";"Simples";"Interseção de Vias";"Não";3;0;1;0;2;0;1;2;-23,150551;-49,954391;"SPRF-PR";"DEL07-PR";"UOP04-DEL07-PR"
145390;2018-07-08;"domingo";"19:15:00";"PR";277;729;"FOZ DO IGUACU";"Falta de Atenção à Condução";"Saída de leito carroçável";"Sem Vítimas";"Plena Noite";"Crescente";"Garoa/Chuvisco";"Dupla";"Curva";"Sim";1;0;0;0;0;1;0;1;-25,507555;-54,583755;"SPRF-PR";"DEL05-PR";"UOP03-DEL05-PR"
145392;2018-07-08;"domingo";"19:45:00";"MG";381;422;"SABARA";"Não guardar distância de segurança";"Queda de ocupante de veículo";"Com Vítimas Feridas";"Plena Noite";"Crescente";"Céu Claro";"Dupla";"Curva";"Não";1;0;1;0;0;0;1;1;-19,79868658;-43,75335217;"SPRF-MG";"DEL01-MG";"UOP01-DEL01-MG"
145393;2018-07-08;"domingo";"16:50:00";"SP";116;212,4;"GUARULHOS";"Falta de Atenção à Condução";"Colisão traseira";"Sem Vítimas";"Pleno dia";"Crescente";"Céu Claro";"Múltipla";"Desvio Temporário;Em Obras";"Sim";2;0;0;0;2;0;0;2;-23,43845761;-46,43444085;"SPRF-SP";"DEL01-SP";"UOP01-DEL01-SP"
145394;2018-07-08;"domingo";"19:00:00";"RO";364;713;"PORTO VELHO";"Não guardar distância de segurança";"Colisão traseira";"Com Vítimas Feridas";"Anoitecer";"Decrescente";"Céu Claro";"Dupla";"Reta";"Sim";2;0;1;0;1;0;1;2;-8,77223283;-63,8819975;"SPRF-RO";"DEL01-RO";"UOP01-DEL01-RO"
145395;2018-07-08;"domingo";"19:52:00";"CE";222;5,8;"CAUCAIA";"Ingestão de Álcool";"Colisão traseira";"Com Vítimas Feridas";"Plena Noite";"Decrescente";"Céu Claro";"Dupla";"Reta";"Sim";2;0;1;0;1;0;1;2;-3,74339292;-38,62106323;"SPRF-CE";"DEL01-CE";"UOP01-DEL01-CE"
145396;2018-07-08;"domingo";"19:35:00";"RJ";101;331;"RIO DE JANEIRO";"Avarias e/ou desgaste excessivo no pneu";"Colisão traseira";"Com Vítimas Feridas";"Plena Noite";"Decrescente";"Céu Claro";"Múltipla";"Reta";"Não";3;0;2;0;1;0;2;2;-22,867664;-43,19556;"SPRF-RJ";"DEL02-RJ";"UOP02-DEL02-RJ"
145398;2018-07-08;"domingo";"20:00:00";"MG";381;896,8;"CAMBUI";"Ingestão de Álcool";"Colisão lateral";"Com Vítimas Feridas";"Plena Noite";"Decrescente";"Céu Claro";"Dupla";"Reta";"Sim";4;0;1;0;3;0;1;2;-22,59521682;-46,05627269;"SPRF-MG";"DEL16-MG";"UOP03-DEL16-MG"
145399;2018-07-08;"domingo";"19:08:00";"RN";101;84,8;"NATAL";"Defeito na Via";"Queda de ocupante de veículo";"Com Vítimas Feridas";"Plena Noite";"Crescente";"Céu Claro";"Dupla";"Túnel";"Sim";2;0;0;2;0;0;2;1;-5,774175;-35,257801;"SPRF-RN";"DEL02-RN";"UOP01-DEL02-RN"
145400;2018-07-08;"domingo";"20:00:00";"MG";381;924;"CAMANDUCAIA";"Velocidade Incompatível";"Colisão traseira";"Com Vítimas Feridas";"Plena Noite";"Crescente";"Céu Claro";"Dupla";"Curva";"Não";5;0;1;0;4;0;1;2;-22,7712;-46,1986;"SPRF-MG";"DEL16-MG";"UOP03-DEL16-MG"
145401;2018-07-08;"domingo";"18:10:00";"MT";364;593,5;"NOVA MUTUM";"Falta de Atenção à Condução";"Colisão com objeto estático";"Com Vítimas Fatais";"Plena Noite";"Decrescente";"Céu Claro";"Dupla";"Retorno Regulamentado";"Sim";1;1;0;0;0;0;0;1;-13,857536;-56,085512;"SPRF-MT";"DEL01-MT";"UOP01-DEL01-MT"
145402;2018-07-08;"domingo";"19:45:00";"SP";116;4;"GUARULHOS";"Falta de Atenção à Condução";"Colisão transversal";"Sem Vítimas";"Plena Noite";"Crescente";"Céu Claro";"Múltipla";"Curva";"Sim";3;0;0;0;3;0;0;3;-23,42244516;-46,48246497;"SPRF-SP";"DEL08-SP";"UOP02-DEL08-SP"
145404;2018-07-08;"domingo";"20:15:00";"MS";262;326;"CAMPO GRANDE";"Ingestão de Álcool";"Colisão transversal";"Com Vítimas Feridas";"Plena Noite";"Crescente";"Céu Claro";"Dupla";"Reta";"Sim";4;0;2;0;2;0;2;2;-20,468761;-54,534121;"SPRF-MS";"DEL01-MS";"UOP01-DEL01-MS"
145406;2018-07-08;"domingo";"20:55:00";"GO";40;9,2;"LUZIANIA";"Velocidade Incompatível";"Saída de leito carroçável";"Com Vítimas Feridas";"Plena Noite";"Crescente";"Céu Claro";"Dupla";"Reta";"Sim";2;0;1;1;0;0;2;1;-16,131158;-47,957739;"SPRF-DF";"DEL01-DF";"UOP01-DEL01-DF"
145407;2018-07-08;"domingo";"20:40:00";"PR";476;136;"CURITIBA";"Desobediência às normas de trânsito pelo condutor";"Colisão lateral";"Com Vítimas Feridas";"Plena Noite";"Crescente";"Nublado";"Dupla";"Reta";"Sim";3;0;1;0;2;0;1;2;-25,491221;-49,271719;"SPRF-PR";"DEL01-PR";"UOP07-DEL01-PR"
145409;2018-07-08;"domingo";"20:40:00";"PR";277;2,5;"PARANAGUA";"Velocidade Incompatível";"Saída de leito carroçável";"Com Vítimas Feridas";"Plena Noite";"Crescente";"Céu Claro";"Simples";"Reta";"Sim";1;0;0;1;0;0;1;1;-25,53520041;-48,55448484;"SPRF-PR";"DEL01-PR";"UOP05-DEL01-PR"
145410;2018-07-08;"domingo";"20:15:00";"MG";381;669,5;"PERDOES";"Defeito Mecânico no Veículo";"Colisão transversal";"Com Vítimas Feridas";"Plena Noite";"Crescente";"Céu Claro";"Dupla";"Reta";"Não";2;0;1;0;1;0;1;2;-21,0564;-45,044;"SPRF-MG";"DEL04-MG";"UOP02-DEL04-MG"
145413;2018-07-08;"domingo";"21:46:00";"PR";376;177,2;"MARINGA";"Avarias e/ou desgaste excessivo no pneu";"Colisão com objeto estático";"Com Vítimas Feridas";"Plena Noite";"Decrescente";"Céu Claro";"Dupla";"Reta";"Sim";1;0;0;1;0;0;1;1;-23,41356775;-51,92940545;"SPRF-PR";"DEL07-PR";"UOP01-DEL09-PR"
145414;2018-07-08;"domingo";"21:00:00";"SC";280;29,1;"ARAQUARI";"Falta de Atenção à Condução";"Atropelamento de Pedestre";"Com Vítimas Feridas";"Plena Noite";"Crescente";"Chuva";"Simples";"Reta";"Não";3;0;0;2;1;0;2;2;-26,41143043;-48,75399199;"SPRF-SC";"DEL03-SC";"UOP03-DEL03-SC"
145415;2018-07-08;"domingo";"19:00:00";"PB";104;188,3;"ALCANTIL";"Animais na Pista";"Atropelamento de Animal";"Com Vítimas Feridas";"Plena Noite";"Crescente";"Céu Claro";"Simples";"Reta";"Sim";3;0;0;2;0;1;2;2;-7,70093188;-36,06230557;"SPRF-PB";"DEL02-PB";"UOP03-DEL02-PB"
145417;2018-07-08;"domingo";"20:50:00";"MG";262;92,7;"ABRE CAMPO";"Ingestão de Álcool";"Saída de leito carroçável";"Com Vítimas Feridas";"Plena Noite";"Decrescente";"Céu Claro";"Simples";"Curva";"Não";2;0;0;2;0;0;2;1;-20,31773542;-42,46764064;"SPRF-MG";"DEL03-MG";"UOP03-DEL03-MG"
145418;2018-07-08;"domingo";"21:55:00";"RN";101;84;"NATAL";"Falta de Atenção à Condução";"Colisão traseira";"Com Vítimas Feridas";"Plena Noite";"Decrescente";"Céu Claro";"Dupla";"Reta";"Sim";2;0;1;0;1;0;1;2;-5,774175;-35,257801;"SPRF-RN";"DEL02-RN";"UOP01-DEL02-RN"
145419;2018-07-08;"domingo";"20:10:00";"PR";487;178;"CAMPO MOURAO";"Animais na Pista";"Atropelamento de Animal";"Com Vítimas Feridas";"Plena Noite";"Decrescente";"Céu Claro";"Simples";"Declive";"Sim";2;0;1;0;1;0;1;1;-24,043186;-52,400478;"SPRF-PR";"DEL04-PR";"UOP03-DEL09-PR"
145420;2018-07-08;"domingo";"22:20:00";"AL";316;244;"ATALAIA";"Ingestão de Álcool";"Colisão transversal";"Sem Vítimas";"Plena Noite";"Decrescente";"Céu Claro";"Simples";"Interseção de Vias";"Sim";2;0;0;0;2;0;0;2;-9,51205403;-36,00371552;"SPRF-AL";"DEL01-AL";"UOP01-DEL01-AL"
145422;2018-07-08;"domingo";"20:00:00";"RN";304;46,7;"MOSSORO";"Condutor Dormindo";"Tombamento";"Sem Vítimas";"Plena Noite";"Crescente";"Céu Claro";"Dupla";"Reta";"Sim";1;0;0;0;0;1;0;1;-5,225794;-37,340046;"SPRF-RN";"DEL04-RN";"UOP01-DEL04-RN"
145423;2018-07-08;"domingo";"22:50:00";"RJ";116;67;"TERESOPOLIS";"Ingestão de Álcool";"Colisão traseira";"Com Vítimas Feridas";"Plena Noite";"Crescente";"Céu Claro";"Simples";"Reta";"Sim";4;0;2;0;2;0;2;2;-22,31621307;-42,93782651;"SPRF-RJ";"DEL04-RJ";"UOP01-DEL04-RJ"
145424;2018-07-08;"domingo";"21:00:00";"SP";153;161,7;"PROMISSAO";"Ingestão de Álcool";"Atropelamento de Pedestre";"Com Vítimas Fatais";"Plena Noite";"Decrescente";"Céu Claro";"Simples";"Declive";"Não";2;1;0;0;0;1;0;2;-21,5176007;-49,78099465;"SPRF-SP";"DEL07-SP";"UOP01-DEL07-SP"
145425;2018-07-08;"domingo";"16:30:00";"GO";20;236;"POSSE";"Defeito Mecânico no Veículo";"Saída de leito carroçável";"Sem Vítimas";"Pleno dia";"Crescente";"Céu Claro";"Simples";"Reta";"Não";1;0;0;0;0;1;0;1;-14,062828;-46,282063;"SPRF-DF";"DEL02-DF";"UOP03-DEL02-DF"
145426;2018-07-08;"domingo";"22:30:00";"PI";316;13;"TERESINA";"Ingestão de Álcool";"Queda de ocupante de veículo";"Com Vítimas Feridas";"Plena Noite";"Crescente";"Céu Claro";"Simples";"Reta";"Não";1;0;1;0;0;0;1;1;-5,09094418;-42,80273438;"SPRF-PI";"DEL01-PI";"UOP02-DEL01-PI"
145427;2018-07-08;"domingo";"22:50:00";"PB";101;85;"BAYEUX";"Condutor Dormindo";"Colisão com objeto estático";"Sem Vítimas";"Plena Noite";"Crescente";"Céu Claro";"Dupla";"Reta";"Sim";1;0;0;0;1;0;0;1;-7,14635233;-34,91562797;"SPRF-PB";"DEL01-PB";"UOP01-DEL01-PB"
145429;2018-07-08;"domingo";"22:40:00";"MT";364;405;"CUIABA";"Não guardar distância de segurança";"Colisão lateral";"Com Vítimas Feridas";"Plena Noite";"Decrescente";"Céu Claro";"Dupla";"Reta";"Sim";3;0;1;0;2;0;1;2;-15,658054;-55,979832;"SPRF-MT";"DEL02-MT";"UOP02-DEL01-MT"
145430;2018-07-08;"domingo";"23:30:00";"RJ";116;185;"NOVA IGUACU";"Ingestão de Álcool";"Atropelamento de Pedestre";"Com Vítimas Feridas";"Plena Noite";"Crescente";"Céu Claro";"Dupla";"Reta";"Sim";3;0;1;0;2;0;1;2;-22,74363214;-43,50640118;"SPRF-RJ";"DEL01-RJ";"UOP03-DEL01-RJ"
145432;2018-07-09;"segunda-feira";"00:30:00";"DF";20;7;"BRASILIA";"Ingestão de Álcool";"Capotamento";"Com Vítimas Feridas";"Plena Noite";"Crescente";"Céu Claro";"Dupla";"Reta";"Sim";3;0;1;2;0;0;3;1;-15,662208;-47,799866;"SPRF-DF";"DEL02-DF";"UOP01-DEL02-DF"
145433;2018-07-08;"domingo";"23:00:00";"PR";476;237,7;"LAPA";"Velocidade Incompatível";"Saída de leito carroçável";"Sem Vítimas";"Plena Noite";"Crescente";"Garoa/Chuvisco";"Simples";"Curva";"Não";1;0;0;0;0;1;0;1;-25,874727;-50,045357;"SPRF-PR";"DEL02-PR";"UOP04-DEL02-PR"
145434;2018-07-09;"segunda-feira";"00:30:00";"PI";343;607;"FLORIANO";"Ingestão de Álcool";"Queda de ocupante de veículo";"Com Vítimas Feridas";"Plena Noite";"Decrescente";"Céu Claro";"Simples";"Curva";"Não";2;0;2;0;0;0;2;1;-6,873278;-43,116558;"SPRF-PI";"DEL03-PI";"UOP01-DEL03-PI"
145435;2018-07-09;"segunda-feira";"00:30:00";"SC";101;136;"BALNEARIO CAMBORIU";"Falta de Atenção à Condução";"Saída de leito carroçável";"Com Vítimas Feridas";"Plena Noite";"Crescente";"Nublado";"Dupla";"Reta";"Sim";1;0;1;0;0;0;1;1;-27,0158;-48,6117;"SPRF-SC";"DEL04-SC";"UOP03-DEL04-SC"
145436;2018-07-09;"segunda-feira";"01:10:00";"PR";277;710,6;"SANTA TEREZINHA DE ITAIPU";"Falta de Atenção à Condução";"Saída de leito carroçável";"Com Vítimas Feridas";"Plena Noite";"Decrescente";"Chuva";"Simples";"Reta";"Sim";1;0;1;0;0;0;1;1;-25,45260404;-54,41848576;"SPRF-PR";"DEL05-PR";"UOP01-DEL05-PR"
145438;2018-07-09;"segunda-feira";"02:15:00";"GO";50;196,8;"CAMPO ALEGRE DE GOIAS";"Condutor Dormindo";"Saída de leito carroçável";"Com Vítimas Feridas";"Plena Noite";"Crescente";"Céu Claro";"Dupla";"Reta";"Não";5;0;2;2;1;0;4;1;-17,5457;-47,8303;"SPRF-GO";"DEL06-GO";"UOP01-DEL06-GO"
145440;2018-07-09;"segunda-feira";"01:30:00";"PR";277;97;"CURITIBA";"Ingestão de Álcool";"Colisão com objeto estático";"Sem Vítimas";"Plena Noite";"Decrescente";"Céu Claro";"Simples";"Reta";"Não";1;0;0;0;1;0;0;1;-25,43211322;-49,38011169;"SPRF-PR";"DEL01-PR";"UOP06-DEL01-PR"
145441;2018-07-09;"segunda-feira";"01:00:00";"MT";70;42;"BARRA DO GARCAS";"Condutor Dormindo";"Colisão com objeto estático";"Sem Vítimas";"Plena Noite";"Decrescente";"Céu Claro";"Simples";"Reta";"Não";1;0;0;0;1;0;0;1;-15,71912534;-52,64179802;"SPRF-MT";"DEL07-MT";"UOP01-DEL07-MT"
145442;2018-07-09;"segunda-feira";"03:25:00";"SP";116;211;"GUARULHOS";"Falta de Atenção à Condução";"Tombamento";"Com Vítimas Feridas";"Plena Noite";"Crescente";"Nublado";"Múltipla";"Reta";"Sim";1;0;1;0;0;0;1;1;-23,4322314;-46,41943742;"SPRF-SP";"DEL01-SP";"UOP01-DEL01-SP"
145443;2018-07-09;"segunda-feira";"05:15:00";"SC";101;111,4;"NAVEGANTES";"Ingestão de Álcool";"Saída de leito carroçável";"Com Vítimas Feridas";"Plena Noite";"Decrescente";"Chuva";"Simples";"Curva";"Não";1;0;0;1;0;0;1;1;-26,846;-48,7213;"SPRF-SC";"DEL04-SC";"UOP04-DEL04-SC"
145447;2018-07-09;"segunda-feira";"05:00:00";"MS";158;96,6;"PARANAIBA";"Ingestão de Álcool";"Tombamento";"Sem Vítimas";"Plena Noite";"Decrescente";"Céu Claro";"Dupla";"Reta";"Sim";1;0;0;0;1;0;0;1;-19,6865563;-51,19852066;"SPRF-MS";"DEL08-MS";"UOP01-DEL08-MS"
145448;2018-07-08;"domingo";"19:48:00";"MG";262;446;"NOVA SERRANA";"Ingestão de Álcool";"Capotamento";"Sem Vítimas";"Pleno dia";"Decrescente";"Céu Claro";"Dupla";"Reta";"Não";1;0;0;0;0;1;0;1;-19,880623;-44,912323;"SPRF-MG";"DEL08-MG";"UOP03-DEL08-MG"
145449;2018-07-09;"segunda-feira";"05:50:00";"ES";101;266;"SERRA";"Falta de Atenção à Condução";"Queda de ocupante de veículo";"Com Vítimas Feridas";"Amanhecer";"Decrescente";"Céu Claro";"Múltipla";"Reta";"Sim";1;0;1;0;0;0;1;1;-20,19466703;-40,26851356;"SPRF-ES";"DEL02-ES";"UOP01-DEL02-ES"
145450;2018-07-09;"segunda-feira";"05:30:00";"PI";343;261;"CAMPO MAIOR";"Falta de Atenção à Condução";"Colisão traseira";"Sem Vítimas";"Amanhecer";"Crescente";"Céu Claro";"Simples";"Reta";"Sim";2;0;0;0;2;0;0;2;-4,806726;-42,145878;"SPRF-PI";"DEL01-PI";"UOP03-DEL01-PI"
145455;2018-07-09;"segunda-feira";"05:45:00";"SC";101;402,9;"MARACAJA";"Falta de Atenção à Condução";"Colisão traseira";"Com Vítimas Feridas";"Plena Noite";"Decrescente";"Nublado";"Dupla";"Reta";"Não";4;0;2;0;2;0;2;2;-28,873;-49,4534;"SPRF-SC";"DEL02-SC";"UOP02-DEL02-SC"
145456;2018-07-09;"segunda-feira";"06:20:00";"AL";316;154;"PALMEIRA DOS INDIOS";"Restrição de Visibilidade";"Colisão transversal";"Com Vítimas Feridas";"Pleno dia";"Crescente";"Céu Claro";"Simples";"Reta";"Não";2;0;1;0;1;0;1;2;-9,430553;-36,641014;"SPRF-AL";"DEL03-AL";"UOP01-DEL03-AL"
145457;2018-07-09;"segunda-feira";"07:10:00";"SC";280;37,7;"JOINVILLE";"Não guardar distância de segurança";"Colisão traseira";"Com Vítimas Feridas";"Pleno dia";"Crescente";"Garoa/Chuvisco";"Simples";"Reta";"Não";2;0;1;0;1;0;1;2;-26,44798205;-48,82518226;"SPRF-SC";"DEL03-SC";"UOP03-DEL03-SC"
145460;2018-07-09;"segunda-feira";"07:30:00";"SC";101;339,1;"TUBARAO";"Desobediência às normas de trânsito pelo condutor";"Colisão transversal";"Com Vítimas Feridas";"Pleno dia";"Decrescente";"Céu Claro";"Simples";"Reta";"Não";2;0;0;1;1;0;1;2;-28,49536016;-49,04421329;"SPRF-SC";"DEL02-SC";"UOP01-DEL02-SC"