"id";"data_inversa";"dia_semana";"horario";"uf";"br";"km";"municipio";"causa_acidente";"tipo_acidente";"classificacao_acidente";"fase_dia";"sentido_via";"condicao_metereologica";"tipo_pista";"tracado_via";"uso_solo";"pessoas";"mortos";"feridos_leves";"feridos_graves";"ilesos";"ignorados";"feridos";"veiculos";"latitude";"longitude";"regional";"delegacia";"uop"
145462;2018-07-09;"segunda-feira";"06:50:00";"RS";290;94;"PORTO ALEGRE";"Pista Escorregadia";"Tombamento";"Com Vítimas Feridas";"Amanhecer";"Crescente";"Chuva";"Dupla";"Reta";"Sim";1;0;1;0;0;0;1;1;-29,97636219;-51,19993096;"SPRF-RS";"DEL01-RS";"UOP01-DEL01-RS"
145463;2018-07-09;"segunda-feira";"07:20:00";"ES";101;151;"LINHARES";"Não guardar distância de segurança";"Queda de ocupante de veículo";"Com Vítimas Feridas";"Pleno dia";"Decrescente";"Céu Claro";"Simples";"Ponte";"Sim";2;0;2;0;0;0;2;1;-19,41284962;-40,0661087;"SPRF-ES";"DEL04-ES";"UOP01-DEL04-ES"
145465;2018-07-09;"segunda-feira";"07:30:00";"SC";101;200;"SAO JOSE";"Falta de Atenção à Condução";"Colisão lateral";"Com Vítimas Feridas";"Pleno dia";"Crescente";"Céu Claro";"Dupla";"Reta";"Sim";1;0;1;0;0;0;1;1;-27,5485;-48,6196;"SPRF-SC";"DEL01-SC";"UOP01-DEL01-SC"
145466;2018-07-09;"segunda-feira";"07:40:00";"RS";290;94;"PORTO ALEGRE";"Defeito Mecânico no Veículo";"Incêndio";"Sem Vítimas";"Pleno dia";"Crescente";"Chuva";"Múltipla";"Reta";"Não";1;0;0;0;1;0;0;1;-29,98166528;-51,20141745;"SPRF-RS";"DEL01-RS";"UOP01-DEL01-RS"
145467;2018-07-09;"segunda-feira";"07:10:00";"RN";405;172,3;"JOSE DA PENHA";"Falta de Atenção à Condução";"Colisão lateral";"Com Vítimas Feridas";"Pleno dia";"Crescente";"Céu Claro";"Simples";"Reta";"Não";2;0;1;1;0;0;2;2;-6,285257;-38,265064;"SPRF-RN";"DEL04-RN";"UOP02-DEL04-RN"
145469;2018-07-09;"segunda-feira";"07:25:00";"SC";280;242,5;"CANOINHAS";"Falta de Atenção à Condução";"Colisão transversal";"Com Vítimas Feridas";"Pleno dia";"Crescente";"Céu Claro";"Simples";"Interseção de Vias";"Não";4;0;4;0;0;0;4;2;-26,232462;-50,466469;"SPRF-SC";"DEL06-SC";"UOP04-DEL06-SC"
145470;2018-07-09;"segunda-feira";"07:20:00";"PE";407;124,1;"PETROLINA";"Falta de Atenção à Condução";"Colisão com objeto em movimento";"Com Vítimas Feridas";"Pleno dia";"Crescente";"Sol";"Dupla";"Rotatória";"Sim";2;0;1;1;0;0;2;2;-9,37594885;-40,53778589;"SPRF-PE";"DEL06-PE";"UOP01-DEL06-PE"
145471;2018-07-09;"segunda-feira";"07:45:00";"PA";316;110;"SANTA MARIA DO PARA";"Desobediência às normas de trânsito pelo condutor";"Colisão traseira";"Com Vítimas Feridas";"Pleno dia";"Crescente";"Céu Claro";"Simples";"Curva";"Não";3;0;2;0;1;0;2;2;-1,31755659;-47,51209259;"SPRF-PA";"DEL01-PA";"UOP02-DEL01-PA"
145472;2018-07-09;"segunda-feira";"07:30:00";"PR";369;168,9;"ROLANDIA";"Ultrapassagem Indevida";"Colisão lateral";"Com Vítimas Feridas";"Pleno dia";"Decrescente";"Nublado";"Simples";"Reta";"Sim";3;0;1;1;0;1;2;3;-23,30236293;-51,35369539;"SPRF-PR";"DEL07-PR";"UOP01-DEL07-PR"
145473;2018-07-09;"segunda-feira";"08:00:00";"PR";376;284,5;"MARILANDIA DO SUL";"Restrição de Visibilidade";"Colisão frontal";"Com Vítimas Feridas";"Pleno dia";"Crescente";"Nevoeiro/Neblina";"Simples";"Reta";"Não";2;0;2;0;0;0;2;2;-23,859093;-51,25986814;"SPRF-PR";"DEL07-PR";"UOP02-DEL07-PR"
145474;2018-07-09;"segunda-feira";"06:00:00";"SC";101;134,5;"BALNEARIO CAMBORIU";"Ingestão de Álcool";"Colisão com objeto estático";"Com Vítimas Feridas";"Plena Noite";"Crescente";"Céu Claro";"Simples";"Curva";"Sim";1;0;1;0;0;0;1;1;-27,0049;-48,6266;"SPRF-SC";"DEL04-SC";"UOP03-DEL04-SC"
145475;2018-07-09;"segunda-feira";"08:00:00";"RJ";101;50,7;"CAMPOS DOS GOYTACAZES";"Falta de Atenção do Pedestre";"Atropelamento de Pedestre";"Com Vítimas Fatais";"Pleno dia";"Decrescente";"Céu Claro";"Simples";"Reta";"Sim";4;1;0;0;3;0;0;2;-21,640394;-41,311985;"SPRF-RJ";"DEL08-RJ";"UOP01-DEL08-RJ"
145477;2018-06-03;"domingo";"15:50:00";"PI";316;1,3;"TERESINA";"Desobediência às normas de trânsito pelo condutor";"Colisão transversal";"Com Vítimas Feridas";"Pleno dia";"Crescente";"Céu Claro";"Dupla";"Interseção de Vias";"Sim";4;0;1;0;3;0;1;2;-5,1251401;-42,79942989;"SPRF-PI";"DEL01-PI";"UOP02-DEL01-PI"
145478;2018-07-09;"segunda-feira";"07:40:00";"PE";232;136,4;"CARUARU";"Velocidade Incompatível";"Saída de leito carroçável";"Sem Vítimas";"Pleno dia";"Decrescente";"Sol";"Dupla";"Declive";"Não";1;0;0;0;0;1;0;1;-8,313169;-36,040958;"SPRF-PE";"DEL02-PE";"UOP03-DEL02-PE"
145480;2018-07-09;"segunda-feira";"08:00:00";"AL";316;238,4;"ATALAIA";"Pista Escorregadia";"Saída de leito carroçável";"Com Vítimas Feridas";"Pleno dia";"Decrescente";"Chuva";"Simples";"Curva";"Não";1;0;1;0;0;0;1;1;-9,510221;-36,004715;"SPRF-AL";"DEL01-AL";"UOP01-DEL01-AL"
145482;2018-07-09;"segunda-feira";"09:00:00";"SC";282;2,8;"FLORIANOPOLIS";"Falta de Atenção à Condução";"Colisão lateral";"Sem Vítimas";"Pleno dia";"Decrescente";"Nublado";"Dupla";"Reta";"Sim";2;0;0;0;2;0;0;2;-27,603289;-48,590416;"SPRF-SC";"DEL01-SC";"UOP01-DEL01-SC"
145483;2018-07-09;"segunda-feira";"09:00:00";"RS";468;84,4;"BOM PROGRESSO";"Desobediência às normas de trânsito pelo condutor";"Colisão transversal";"Com Vítimas Feridas";"Pleno dia";"Crescente";"Céu Claro";"Simples";"Interseção de Vias";"Não";3;0;1;0;2;0;1;2;-27,58707269;-53,87055874;"SPRF-RS";"DEL08-RS";"UOP02-DEL08-RS"
145485;2018-07-09;"segunda-feira";"09:00:00";"DF";20;2;"BRASILIA";"Falta de Atenção à Condução";"Colisão lateral";"Com Vítimas Feridas";"Pleno dia";"Decrescente";"Céu Claro";"Dupla";"Reta";"Sim";4;0;1;0;3;0;1;2;-15,682896;-47,840729;"SPRF-DF";"DEL02-DF";"UOP01-DEL02-DF"
145487;2018-07-09;"segunda-feira";"09:02:00";"MG";40;517;"CONTAGEM";"Falta de Atenção à Condução";"Queda de ocupante de veículo";"Com Vítimas Feridas";"Pleno dia";"Crescente";"Céu Claro";"Dupla";"Reta";"Não";1;0;1;0;0;0;1;1;-19,8351;-44,08;"SPRF-MG";"DEL01-MG";"UOP03-DEL01-MG"
145488;2018-07-09;"segunda-feira";"08:50:00";"PE";423;162,6;"AGUAS BELAS";"Ultrapassagem Indevida";"Colisão frontal";"Com Vítimas Feridas";"Pleno dia";"Decrescente";"Céu Claro";"Simples";"Reta";"Sim";2;0;1;0;1;0;1;2;-9,10303;-36,994493;"SPRF-PE";"DEL03-PE";"UOP01-DEL03-PE"
145489;2018-06-06;"quarta-feira";"08:10:00";"PR";369;161;"CAMBE";"Não guardar distância de segurança";"Colisão traseira";"Com Vítimas Feridas";"Pleno dia";"Decrescente";"Céu Claro";"Dupla";"Reta";"Sim";2;0;1;0;1;0;1;2;-23,28409426;-51,2431615;"SPRF-PR";"DEL07-PR";"UOP01-DEL07-PR"
145490;2018-07-09;"segunda-feira";"08:00:00";"MT";163;523,3;"ROSARIO OESTE";"Falta de Atenção à Condução";"Saída de leito carroçável";"Com Vítimas Feridas";"Pleno dia";"Crescente";"Chuva";"Simples";"Reta";"Não";1;0;1;0;0;0;1;1;-15,067201;-56,517517;"SPRF-MT";"DEL01-MT";"UOP01-DEL01-MT"
145491;2018-07-09;"segunda-feira";"09:00:00";"SP";381;35;"ATIBAIA";"Falta de Atenção à Condução";"Tombamento";"Com Vítimas Feridas";"Pleno dia";"Crescente";"Céu Claro";"Dupla";"Reta";"Não";1;0;1;0;0;0;1;1;-23,088732;-46,571857;"SPRF-SP";"DEL03-SP";"UOP02-DEL03-SP"
145492;2018-07-09;"segunda-feira";"09:35:00";"PB";230;72;"SOBRADO";"Defeito Mecânico no Veículo";"Queda de ocupante de veículo";"Com Vítimas Feridas";"Pleno dia";"Decrescente";"Sol";"Dupla";"Reta";"Não";2;0;1;1;0;0;2;1;-7,1911161;-35,22077322;"SPRF-PB";"DEL01-PB";"UOP03-DEL01-PB"
145493;2018-07-09;"segunda-feira";"06:50:00";"RS";116;263;"CANOAS";"Falta de Atenção à Condução";"Colisão transversal";"Com Vítimas Feridas";"Amanhecer";"Crescente";"Garoa/Chuvisco";"Dupla";"Interseção de Vias";"Sim";2;0;1;0;1;0;1;2;-29,90324655;-51,17673576;"SPRF-RS";"DEL01-RS";"UOP01-DEL01-RS"
145494;2018-07-09;"segunda-feira";"08:10:00";"PR";277;509;"SANTA TEREZA DO OESTE";"Restrição de Visibilidade";"Colisão traseira";"Com Vítimas Feridas";"Pleno dia";"Crescente";"Garoa/Chuvisco";"Simples";"Reta";"Não";5;0;3;0;2;0;3;2;-25,02817;-53,55983;"SPRF-PR";"DEL04-PR";"UOP04-DEL04-PR"
145495;2018-07-09;"segunda-feira";"08:30:00";"SC";282;364;"ERVAL VELHO";"Pista Escorregadia";"Queda de ocupante de veículo";"Com Vítimas Feridas";"Pleno dia";"Crescente";"Chuva";"Simples";"Curva";"Não";1;0;1;0;0;0;1;1;-27,30218879;-51,39298526;"SPRF-SC";"DEL07-SC";"UOP05-DEL07-SC"
145496;2018-07-09;"segunda-feira";"09:50:00";"SC";101;195;"BIGUACU";"Não guardar distância de segurança";"Colisão traseira";"Com Vítimas Feridas";"Pleno dia";"Decrescente";"Céu Claro";"Dupla";"Reta";"Sim";2;0;0;1;1;0;1;2;-27,511;-48,643;"SPRF-SC";"DEL01-SC";"UOP01-DEL01-SC"
145497;2018-07-09;"segunda-feira";"08:00:00";"AP";210;1;"MACAPA";"Não guardar distância de segurança";"Colisão lateral";"Com Vítimas Feridas";"Pleno dia";"Crescente";"Céu Claro";"Dupla";"Reta";"Sim";3;0;1;0;1;1;1;3;0,077967;-51,069783;"SPRF-AP";"DEL01-AP";"UOP01-DEL01-AP"
145498;2018-07-09;"segunda-feira";"10:10:00";"PE";232;58,6;"POMBOS";"Desobediência às normas de trânsito pelo condutor";"Colisão transversal";"Com Vítimas Feridas";"Pleno dia";"Crescente";"Céu Claro";"Dupla";"Declive";"Sim";2;0;1;0;1;0;1;2;-8,14641275;-35,39432287;"SPRF-PE";"DEL01-PE";"UOP02-DEL02PE"
145500;2018-07-09;"segunda-feira";"10:15:00";"MG";262;387,8;"FLORESTAL";"Falta de Atenção à Condução";"Colisão traseira";"Com Vítimas Feridas";"Pleno dia";"Crescente";"Céu Claro";"Dupla";"Reta";"Sim";6;0;2;0;4;0;2;2;-19,9163;-44,4964;"SPRF-MG";"DEL01-MG";"UOP03-DEL01-MG"
145502;2018-07-09;"segunda-feira";"11:00:00";"MG";116;705;"MURIAE";"Desobediência às normas de trânsito pelo condutor";"Colisão transversal";"Com Vítimas Feridas";"Pleno dia";"Crescente";"Sol";"Simples";"Reta";"Sim";2;0;2;0;0;0;2;2;-21,128429;-42,384217;"SPRF-MG";"DEL07-MG";"UOP02-DEL07-MG"
145503;2018-07-09;"segunda-feira";"09:00:00";"MG";262;441,8;"NOVA SERRANA";"Velocidade Incompatível";"Colisão com objeto estático";"Com Vítimas Feridas";"Pleno dia";"Crescente";"Sol";"Dupla";"Reta";"Sim";1;0;0;1;0;0;1;1;-19,87269762;-44,96356916;"SPRF-MG";"DEL08-MG";"UOP03-DEL08-MG"
145504;2018-07-09;"segunda-feira";"10:30:00";"BA";324;355,5;"CAPIM GROSSO";"Mal Súbito";"Queda de ocupante de veículo";"Com Vítimas Feridas";"Pleno dia";"Crescente";"Céu Claro";"Simples";"Reta";"Sim";2;0;1;0;1;0;1;1;-11,38445549;-39,99916077;"SPRF-BA";"DEL04-BA";"UOP02-DEL04-BA"
145507;2018-07-09;"segunda-feira";"11:10:00";"ES";101;300;"VIANA";"Defeito na Via";"Queda de ocupante de veículo";"Com Vítimas Feridas";"Pleno dia";"Crescente";"Sol";"Múltipla";"Reta";"Sim";1;0;1;0;0;0;1;1;-20,36146572;-40,43578684;"SPRF-ES";"DEL01-ES";"UOP01-DEL01-ES"
145509;2018-07-09;"segunda-feira";"11:00:00";"RJ";40;57;"PETROPOLIS";"Avarias e/ou desgaste excessivo no pneu";"Engavetamento";"Com Vítimas Feridas";"Pleno dia";"Crescente";"Céu Claro";"Dupla";"Reta;Em Obras";"Não";5;0;2;0;3;0;2;3;-22,3796;-43,1321;"SPRF-RJ";"DEL06-RJ";"UOP01-DEL06-RJ"
145510;2018-07-09;"segunda-feira";"11:30:00";"SP";116;289;"ITAPECERICA DA SERRA";"Falta de Atenção do Pedestre";"Atropelamento de Pedestre";"Com Vítimas Feridas";"Pleno dia";"Crescente";"Céu Claro";"Dupla";"Reta";"Não";2;0;0;1;0;1;1;2;-23,79306118;-46,91489875;"SPRF-SP";"DEL04-SP";"UOP01-DEL04-SP"
145511;2018-07-09;"segunda-feira";"12:00:00";"SC";470;142,4;"RIO DO SUL";"Falta de Atenção à Condução";"Colisão transversal";"Com Vítimas Feridas";"Pleno dia";"Crescente";"Céu Claro";"Simples";"Reta";"Sim";2;0;1;0;1;0;1;2;-27,20539451;-49,6445024;"SPRF-SC";"DEL04-SC";"UOP02-DEL04-SC"
145512;2018-07-09;"segunda-feira";"12:00:00";"BA";135;186;"BARREIRAS";"Falta de Atenção à Condução";"Saída de leito carroçável";"Com Vítimas Feridas";"Pleno dia";"Decrescente";"Sol";"Simples";"Reta";"Não";1;0;1;0;0;0;1;1;-12,203333;-45,015267;"SPRF-BA";"DEL10-BA";"UOP01-DEL10-BA"
145513;2018-07-09;"segunda-feira";"11:10:00";"SP";116;517;"CAJATI";"Pista Escorregadia";"Saída de leito carroçável";"Com Vítimas Feridas";"Pleno dia";"Decrescente";"Garoa/Chuvisco";"Simples";"Curva";"Não";1;0;1;0;0;0;1;1;-24,88012961;-48,22131157;"SPRF-SP";"DEL05-SP";"UAP01-DEL05-SP"
145514;2018-07-09;"segunda-feira";"11:15:00";"RJ";40;72,9;"PETROPOLIS";"Velocidade Incompatível";"Saída de leito carroçável";"Com Vítimas Feridas";"Pleno dia";"Decrescente";"Céu Claro";"Simples";"Reta";"Não";2;0;2;0;0;0;2;1;-22,463625;-43,222316;"SPRF-RJ";"DEL06-RJ";"UOP01-DEL06-RJ"
145515;2018-07-09;"segunda-feira";"10:15:00";"MG";381;803,9;"SAO GONCALO DO SAPUCAI";"Não guardar distância de segurança";"Colisão traseira";"Com Vítimas Feridas";"Pleno dia";"Crescente";"Sol";"Dupla";"Reta";"Não";6;0;2;0;1;3;2;3;-21,9614;-45,626;"SPRF-MG";"DEL16-MG";"UOP02-DEL16-MG"
145516;2018-07-09;"segunda-feira";"11:39:00";"RO";364;341;"JI-PARANA";"Desobediência às normas de trânsito pelo pedestre";"Atropelamento de Pedestre";"Com Vítimas Fatais";"Pleno dia";"Crescente";"Céu Claro";"Dupla";"Reta";"Sim";2;1;0;0;1;0;0;2;-10,88236976;-61,93957619;"SPRF-RO";"DEL02-RO";"UOP01-DEL02-RO"
145517;2018-07-09;"segunda-feira";"12:30:00";"SP";101;44,3;"UBATUBA";"Falta de Atenção à Condução";"Colisão traseira";"Com Vítimas Feridas";"Pleno dia";"Decrescente";"Nublado";"Simples";"Reta";"Sim";2;0;2;0;0;0;2;2;-23,42162402;-45,07181346;"SPRF-SP";"DEL06-SP";"UOP01-DEL06-SP"
145519;2018-05-26;"sábado";"18:30:00";"RJ";116;297,3;"RESENDE";"Velocidade Incompatível";"Colisão traseira";"Com Vítimas Feridas";"Anoitecer";"Crescente";"Céu Claro";"Dupla";"Reta";"Não";4;0;3;0;0;1;3;2;-22,450125;-44,330193;"SPRF-RJ";"DEL07-RJ";"DEL5/7-UOP03/RJ"
145520;2018-07-09;"segunda-feira";"13:20:00";"SC";101;204,8;"SAO JOSE";"Não guardar distância de segurança";"Colisão traseira";"Com Vítimas Feridas";"Pleno dia";"Crescente";"Céu Claro";"Múltipla";"Reta";"Sim";3;0;1;0;2;0;1;3;-27,58042566;-48,61441428;"SPRF-SC";"DEL01-SC";"UOP01-DEL01-SC"
145521;2018-05-20;"domingo";"18:40:00";"GO";414;250;"COCALZINHO DE GOIAS";"Desobediência às normas de trânsito pelo pedestre";"Atropelamento de Pedestre";"Com Vítimas Fatais";"Anoitecer";"Crescente";"Céu Claro";"Simples";"Reta";"Não";3;1;0;0;1;1;0;2;-15,580993;-48,628662;"SPRF-GO";"DEL07-GO";"UOP02-DEL07-GO"
145522;2018-02-04;"domingo";"05:45:00";"PR";376;589,8;"CURITIBA";"Defeito Mecânico no Veículo";"Saída de leito carroçável";"Com Vítimas Feridas";"Plena Noite";"Crescente";"Ignorado";"Dupla";"Reta";"Sim";1;0;0;1;0;0;1;1;-25,45718615;-49,36026335;"SPRF-PR";"DEL01-PR";"UOP06-DEL01-PR"
145524;2018-07-09;"segunda-feira";"13:10:00";"DF";70;3,3;"BRASILIA";"Falta de Atenção à Condução";"Colisão lateral";"Sem Vítimas";"Pleno dia";"Decrescente";"Céu Claro";"Dupla";"Reta";"Sim";2;0;0;0;2;0;0;2;-15,802453;-48,080387;"SPRF-DF";"DEL01-DF";"UOP02-DEL03-DF"
145528;2018-07-09;"segunda-feira";"14:00:00";"SC";470;122,2;"IBIRAMA";"Mal Súbito";"Tombamento";"Com Vítimas Feridas";"Pleno dia";"Decrescente";"Céu Claro";"Simples";"Reta;Declive";"Não";1;0;1;0;0;0;1;1;-27,09248577;-49,52181962;"SPRF-SC";"DEL04-SC";"UOP02-DEL04-SC"
145529;2018-07-09;"segunda-feira";"13:50:00";"BA";324;511,9;"FEIRA DE SANTANA";"Defeito na Via";"Tombamento";"Com Vítimas Feridas";"Pleno dia";"Crescente";"Céu Claro";"Simples";"Reta";"Sim";1;0;1;0;0;0;1;1;-12,2316168;-38,95748198;"SPRF-BA";"DEL02-BA";"UOP01-DEL02-BA"
145530;2018-07-09;"segunda-feira";"14:30:00";"ES";101;263,5;"SERRA";"Velocidade Incompatível";"Engavetamento";"Com Vítimas Feridas";"Pleno dia";"Decrescente";"Céu Claro";"Dupla";"Reta";"Sim";4;0;1;0;3;0;1;3;-20,16955222;-40,26988685;"SPRF-ES";"DEL02-ES";"UOP01-DEL02-ES"
145533;2018-06-15;"sexta-feira";"21:20:00";"SC";280;33;"ARAQUARI";"Falta de Atenção à Condução";"Colisão lateral";"Com Vítimas Feridas";"Plena Noite";"Decrescente";"Nublado";"Simples";"Reta";"Não";2;0;1;0;1;0;1;2;-26,425766;-48,787415;"SPRF-SC";"DEL03-SC";"UOP03-DEL03-SC"
145534;2018-07-09;"segunda-feira";"11:40:00";"SC";282;338;"CAMPOS NOVOS";"Falta de Atenção à Condução";"Colisão transversal";"Com Vítimas Feridas";"Pleno dia";"Decrescente";"Nublado";"Simples";"Curva";"Não";4;0;2;1;1;0;3;2;-27,3924642;-51,17699862;"SPRF-SC";"DEL07-SC";"UOP06-DEL07-SC"
145535;2018-07-08;"domingo";"04:50:00";"PA";316;10;"ANANINDEUA";"Animais na Pista";"Atropelamento de Animal";"Sem Vítimas";"Plena Noite";"Decrescente";"Céu Claro";"Dupla";"Reta";"Sim";1;0;0;0;1;0;0;1;-1,36535118;-48,35203707;"SPRF-PA";"DEL01-PA";"DEL19/1-UOP05/PA"
145536;2018-07-09;"segunda-feira";"12:10:00";"PA";316;8;"ANANINDEUA";"Falta de Atenção à Condução";"Colisão lateral";"Com Vítimas Feridas";"Pleno dia";"Decrescente";"Céu Claro";"Dupla";"Reta";"Não";2;0;1;0;1;0;1;2;-1,366236;-48,367805;"SPRF-PA";"DEL01-PA";"DEL19/1-UOP05/PA"
145538;2018-07-09;"segunda-feira";"07:00:00";"MG";381;248,9;"SANTANA DO PARAISO";"Falta de Atenção à Condução";"Colisão traseira";"Com Vítimas Feridas";"Pleno dia";"Crescente";"Céu Claro";"Simples";"Reta";"Não";3;0;2;0;1;0;2;2;-19,44296063;-42,51294851;"SPRF-MG";"DEL06-MG";"UOP01-DEL06-MG"
145539;2018-07-09;"segunda-feira";"14:45:00";"PA";316;111;"SANTA MARIA DO PARA";"Ingestão de Álcool";"Colisão traseira";"Sem Vítimas";"Pleno dia";"Crescente";"Céu Claro";"Simples";"Interseção de Vias";"Não";2;0;0;0;2;0;0;2;-1,2931441;-47,47158051;"SPRF-PA";"DEL01-PA";"UOP02-DEL01-PA"
145540;2018-07-09;"segunda-feira";"14:30:00";"RN";101;99;"NATAL";"Não guardar distância de segurança";"Engavetamento";"Sem Vítimas";"Pleno dia";"Decrescente";"Céu Claro";"Simples";"Reta";"Sim";3;0;0;0;3;0;0;3;-5,87404918;-35,22078456;"SPRF-RN";"DEL01-RN";"UOP01-DEL01-RN"
145542;2018-07-09;"segunda-feira";"16:05:00";"RN";101;96;"NATAL";"Agressão Externa";"Tombamento";"Com Vítimas Feridas";"Pleno dia";"Decrescente";"Céu Claro";"Múltipla";"Reta";"Sim";1;0;1;0;0;0;1;1;-5,84477;-35,208619;"SPRF-RN";"DEL01-RN";"UOP01-DEL01-RN"
145543;2018-07-09;"segunda-feira";"14:20:00";"MS";267;655;"PORTO MURTINHO";"Defeito na Via";"Capotamento";"Com Vítimas Feridas";"Pleno dia";"Crescente";"Garoa/Chuvisco";"Simples";"Reta";"Não";1;0;1;0;0;0;1;1;-21,73143728;-57,60543823;"SPRF-MS";"DEL05-MS";"UOP01-DEL05-MS"
145545;2018-06-08;"sexta-feira";"16:30:00";"RS";472;175,2;"SANTA ROSA";"Falta de Atenção à Condução";"Colisão frontal";"Com Vítimas Feridas";"Pleno dia";"Crescente";"Sol";"Simples";"Reta";"Sim";2;0;0;1;1;0;1;2;-27,85353349;-54,53282833;"SPRF-RS";"DEL10-RS";"UOP01-DEL10-RS"
145547;2018-07-09;"segunda-feira";"13:15:00";"PI";343;137;"PIRACURUCA";"Falta de Atenção à Condução";"Colisão traseira";"Com Vítimas Feridas";"Pleno dia";"Decrescente";"Céu Claro";"Simples";"Reta";"Não";2;0;0;1;1;0;1;2;-3,894276;-41,70969;"SPRF-PI";"DEL02-PI";"UOP01-DEL02-PI"
145548;2018-07-09;"segunda-feira";"14:50:00";"RS";290;177,5;"BUTIA";"Falta de Atenção à Condução";"Capotamento";"Com Vítimas Feridas";"Pleno dia";"Decrescente";"Chuva";"Simples";"Reta";"Sim";2;0;1;0;1;0;1;2;-30,132814;-51,982243;"SPRF-RS";"DEL02-RS";"UOP02-DEL02-RS"
145550;2018-07-09;"segunda-feira";"16:10:00";"RN";405;0,9;"MOSSORO";"Desobediência às normas de trânsito pelo condutor";"Colisão transversal";"Com Vítimas Feridas";"Pleno dia";"Decrescente";"Céu Claro";"Dupla";"Reta";"Sim";2;0;1;0;1;0;1;2;-5,191416;-37,359137;"SPRF-RN";"DEL04-RN";"UOP02-DEL04-RN"
145552;2018-07-09;"segunda-feira";"16:15:00";"RJ";101;320;"NITEROI";"Mal Súbito";"Tombamento";"Com Vítimas Feridas";"Pleno dia";"Decrescente";"Céu Claro";"Dupla";"Curva";"Sim";1;0;0;1;0;0;1;1;-22,861752;-43,107143;"SPRF-RJ";"DEL02-RJ";"UOP02-DEL02-RJ"
145557;2018-07-09;"segunda-feira";"17:50:00";"RS";287;281,5;"SAO PEDRO DO SUL";"Falta de Atenção à Condução";"Colisão traseira";"Com Vítimas Feridas";"Anoitecer";"Crescente";"Nublado";"Simples";"Ponte";"Sim";5;0;2;0;2;1;2;3;-29,6376503;-54,1823171;"SPRF-RS";"DEL09-RS";"UOP01-DEL09-RS"
145559;2018-07-09;"segunda-feira";"18:00:00";"SC";470;134,5;"RIO DO SUL";"Mal Súbito";"Saída de leito carroçável";"Com Vítimas Feridas";"Plena Noite";"Decrescente";"Céu Claro";"Simples";"Reta";"Não";1;0;1;0;0;0;1;1;-27,171102;-49,57789644;"SPRF-SC";"DEL04-SC";"UOP02-DEL04-SC"
145560;2018-07-09;"segunda-feira";"17:45:00";"BA";101;761,2;"ITABELA";"Falta de Atenção do Pedestre";"Atropelamento de Pedestre";"Com Vítimas Fatais";"Anoitecer";"Crescente";"Ignorado";"Simples";"Reta";"Não";2;1;0;0;1;0;0;2;-16,6799;-39,4904;"SPRF-BA";"DEL09-BA";"UOP01-DEL09-BA"
145561;2018-07-09;"segunda-feira";"18:00:00";"SC";470;146,9;"RIO DO SUL";"Falta de Atenção à Condução";"Colisão transversal";"Com Vítimas Feridas";"Plena Noite";"Crescente";"Nublado";"Simples";"Reta";"Sim";2;0;1;0;1;0;1;2;-27,23305316;-49,67274338;"SPRF-SC";"DEL04-SC";"UOP02-DEL04-SC"
145562;2018-07-09;"segunda-feira";"17:00:00";"MS";163;729;"COXIM";"Falta de Atenção à Condução";"Colisão transversal";"Com Vítimas Feridas";"Plena Noite";"Decrescente";"Céu Claro";"Simples";"Reta";"Sim";3;0;0;1;2;0;1;2;-18,50598223;-54,73457336;"SPRF-MS";"DEL06-MS";"UOP01-DEL06-MS"
145563;2018-07-09;"segunda-feira";"18:10:00";"PR";376;1,4;"APUCARANA";"Falta de Atenção do Pedestre";"Atropelamento de Pedestre";"Com Vítimas Feridas";"Anoitecer";"Decrescente";"Céu Claro";"Simples";"Reta";"Sim";3;0;1;0;1;1;1;2;-23,56911478;-51,43066585;"SPRF-PR";"DEL07-PR";"UOP03-DEL07-PR"
145564;2018-07-09;"segunda-feira";"18:15:00";"GO";153;501;"GOIANIA";"Falta de Atenção à Condução";"Colisão transversal";"Com Vítimas Feridas";"Plena Noite";"Crescente";"Céu Claro";"Dupla";"Interseção de Vias";"Sim";2;0;1;0;1;0;1;2;-16,711672;-49,232366;"SPRF-GO";"DEL01-GO";"UOP01-DEL01-GO"
145565;2018-07-09;"segunda-feira";"16:55:00";"MA";135;4,4;"SAO LUIS";"Falta de Atenção à Condução";"Colisão lateral";"Com Vítimas Feridas";"Pleno dia";"Crescente";"Nublado";"Dupla";"Reta";"Sim";2;0;0;1;0;1;1;2;-2,61783666;-44,25545096;"SPRF-MA";"DEL01-MA";"UOP01-DEL01-MA"
145567;2018-07-09;"segunda-feira";"18:10:00";"PR";116;130;"FAZENDA RIO GRANDE";"Falta de Atenção à Condução";"Atropelamento de Pedestre";"Com Vítimas Feridas";"Anoitecer";"Crescente";"Céu Claro";"Dupla";"Reta";"Não";3;0;1;1;1;0;2;2;-25,630278;-49,313812;"SPRF-PR";"DEL01-PR";"UOP03-DEL01-PR"
145568;2018-07-09;"segunda-feira";"17:30:00";"MS";262;88,1;"TRES LAGOAS";"Mal Súbito";"Queda de ocupante de veículo";"Com Vítimas Feridas";"Pleno dia";"Crescente";"Céu Claro";"Simples";"Reta";"Não";1;0;1;0;0;0;1;1;-20,758873;-52,033009;"SPRF-MS";"DEL07-MS";"UOP02-DEL07-MS"