"id";"data_inversa";"dia_semana";"horario";"uf";"br";"km";"municipio";"causa_acidente";"tipo_acidente";"classificacao_acidente";"fase_dia";"sentido_via";"condicao_metereologica";"tipo_pista";"tracado_via";"uso_solo";"pessoas";"mortos";"feridos_leves";"feridos_graves";"ilesos";"ignorados";"feridos";"veiculos";"latitude";"longitude";"regional";"delegacia";"uop"
145701;2018-05-16;"quarta-feira";"13:15:00";"BA";110;227;"NOVA SOURE";"Falta de Atenção à Condução";"Colisão frontal";"Com Vítimas Feridas";"Pleno dia";"Crescente";"Céu Claro";"Simples";"Reta";"Não";4;0;2;1;1;0;3;2;-11,2847;-38,4304;"SPRF-BA";"DEL07-BA";"UOP02-DEL07-BA"
145703;2018-07-10;"terça-feira";"10:30:00";"CE";20;391,9;"CAUCAIA";"Pista Escorregadia";"Saída de leito carroçável";"Com Vítimas Feridas";"Pleno dia";"Decrescente";"Chuva";"Simples";"Reta";"Não";1;0;1;0;0;0;1;1;-3,84237445;-38,77070904;"SPRF-CE";"DEL01-CE";"UOP01-DEL01-CE"
145704;2018-07-10;"terça-feira";"14:00:00";"RJ";356;152;"CAMPOS DOS GOYTACAZES";"Falta de Atenção do Pedestre";"Atropelamento de Pedestre";"Com Vítimas Feridas";"Pleno dia";"Crescente";"Céu Claro";"Simples";"Reta";"Não";2;0;1;1;0;0;2;2;-21,777777;-41,306713;"SPRF-RJ";"DEL08-RJ";"UOP02-DEL08-RJ"
145706;2018-07-10;"terça-feira";"10:30:00";"SC";101;210;"SAO JOSE";"Falta de Atenção à Condução";"Colisão traseira";"Com Vítimas Feridas";"Pleno dia";"Decrescente";"Céu Claro";"Múltipla";"Reta";"Não";2;0;1;0;1;0;1;2;-27,6235;-48,6524;"SPRF-SC";"DEL01-SC";"UOP01-DEL01-SC"
145707;2018-07-02;"segunda-feira";"07:30:00";"PA";163;967;"BELTERRA";"Falta de Atenção à Condução";"Colisão transversal";"Com Vítimas Feridas";"Amanhecer";"Crescente";"Nevoeiro/Neblina";"Simples";"Curva";"Não";5;0;1;1;3;0;2;3;-2,67793973;-54,84583408;"SPRF-PA";"DEL05-PA";"UOP01-DEL05-PA"
145708;2018-07-10;"terça-feira";"19:20:00";"SC";101;208;"SAO JOSE";"Falta de Atenção à Condução";"Queda de ocupante de veículo";"Com Vítimas Feridas";"Plena Noite";"Decrescente";"Céu Claro";"Dupla";"Reta";"Sim";1;0;1;0;0;0;1;1;-27,603;-48,631;"SPRF-SC";"DEL01-SC";"UOP01-DEL01-SC"
145709;2018-07-10;"terça-feira";"12:30:00";"MG";381;263;"CORONEL FABRICIANO";"Falta de Atenção à Condução";"Colisão frontal";"Com Vítimas Feridas";"Pleno dia";"Crescente";"Céu Claro";"Simples";"Reta";"Não";3;0;3;0;0;0;3;2;-19,533758;-42,597816;"SPRF-MG";"DEL03-MG";"UOP02-DEL03-MG"
145712;2018-07-10;"terça-feira";"14:20:00";"PR";277;34,4;"MORRETES";"Falta de Atenção à Condução";"Colisão com objeto estático";"Com Vítimas Feridas";"Pleno dia";"Crescente";"Sol";"Dupla";"Curva;Aclive";"Não";1;0;1;0;0;0;1;1;-25,572111;-48,820022;"SPRF-PR";"DEL01-PR";"UOP05-DEL01-PR"
145715;2018-07-10;"terça-feira";"10:00:00";"PI";343;348;"TERESINA";"Desobediência às normas de trânsito pelo condutor";"Colisão lateral";"Com Vítimas Feridas";"Pleno dia";"Decrescente";"Sol";"Dupla";"Interseção de Vias";"Sim";3;0;2;0;1;0;2;2;-5,118706;-42,786411;"SPRF-PI";"DEL01-PI";"UOP01-DEL01-PI"
145716;2018-07-10;"terça-feira";"14:40:00";"SC";282;16;"PALHOCA";"Falta de Atenção à Condução";"Colisão lateral";"Com Vítimas Feridas";"Pleno dia";"Crescente";"Céu Claro";"Simples";"Reta";"Não";2;0;1;0;1;0;1;2;-27,658611;-48,681847;"SPRF-SC";"DEL01-SC";"UOP02-DEL01-SC"
145720;2018-07-10;"terça-feira";"14:30:00";"SP";153;333,8;"OURINHOS";"Falta de Atenção à Condução";"Colisão traseira";"Com Vítimas Feridas";"Pleno dia";"Crescente";"Céu Claro";"Simples";"Reta;Em Obras";"Não";4;0;1;0;3;0;1;2;-22,922949;-49,900826;"SPRF-SP";"DEL07-SP";"UOP03-DEL07-SP"
145721;2018-07-10;"terça-feira";"16:10:00";"PR";369;152;"LONDRINA";"Desobediência às normas de trânsito pelo condutor";"Colisão transversal";"Com Vítimas Feridas";"Pleno dia";"Crescente";"Sol";"Dupla";"Interseção de Vias";"Sim";2;0;1;0;1;0;1;2;-23,29384054;-51,18718732;"SPRF-PR";"DEL07-PR";"UOP01-DEL07-PR"
145722;2018-07-10;"terça-feira";"16:00:00";"MG";381;491,6;"BETIM";"Falta de Atenção à Condução";"Colisão traseira";"Com Vítimas Feridas";"Pleno dia";"Crescente";"Sol";"Dupla";"Curva";"Sim";2;0;1;0;1;0;1;2;-19,9616;-44,1603;"SPRF-MG";"DEL01-MG";"UOP03-DEL01-MG"
145724;2018-07-10;"terça-feira";"15:00:00";"SP";153;174,3;"GUAICARA";"Falta de Atenção à Condução";"Colisão transversal";"Com Vítimas Feridas";"Pleno dia";"Crescente";"Sol";"Simples";"Rotatória";"Sim";2;0;2;0;0;0;2;2;-21,633102;-49,787743;"SPRF-SP";"DEL07-SP";"UOP01-DEL07-SP"
145726;2018-07-10;"terça-feira";"16:10:00";"SC";470;48,7;"BLUMENAU";"Falta de Atenção à Condução";"Saída de leito carroçável";"Sem Vítimas";"Pleno dia";"Crescente";"Céu Claro";"Simples";"Curva";"Não";1;0;0;0;1;0;0;1;-26,86380703;-49,04521996;"SPRF-SC";"DEL04-SC";"UOP01-DEL04-SC"
145727;2018-07-10;"terça-feira";"15:30:00";"MG";365;203,5;"BURITIZEIRO";"Velocidade Incompatível";"Saída de leito carroçável";"Com Vítimas Feridas";"Pleno dia";"Decrescente";"Céu Claro";"Simples";"Reta";"Não";3;0;2;1;0;0;3;1;-17,527319;-45,267094;"SPRF-MG";"DEL12-MG";"UOP01-DEL12-MG"
145729;2018-07-10;"terça-feira";"13:30:00";"MG";116;719,7;"MURIAE";"Velocidade Incompatível";"Saída de leito carroçável";"Com Vítimas Feridas";"Pleno dia";"Crescente";"Céu Claro";"Simples";"Curva";"Não";1;0;1;0;0;0;1;1;-21,22760019;-42,3945011;"SPRF-MG";"DEL07-MG";"UOP02-DEL07-MG"
145730;2018-07-10;"terça-feira";"14:30:00";"RJ";101;297;"ITABORAI";"Falta de Atenção à Condução";"Colisão traseira";"Com Vítimas Feridas";"Pleno dia";"Crescente";"Chuva";"Dupla";"Reta";"Sim";3;0;1;0;2;0;1;3;-22,77198713;-42,93032169;"SPRF-RJ";"DEL02-RJ";"DEL5/2-UOP04/RJ"
145731;2018-07-10;"terça-feira";"13:35:00";"MG";40;389,1;"CURVELO";"Falta de Atenção à Condução";"Saída de leito carroçável";"Com Vítimas Feridas";"Pleno dia";"Decrescente";"Céu Claro";"Simples";"Reta";"Não";1;0;1;0;0;0;1;1;-18,943473;-44,685745;"SPRF-MG";"DEL02-MG";"UOP01-DEL02-MG"
145732;2018-07-10;"terça-feira";"09:30:00";"MG";40;462,1;"SETE LAGOAS";"Falta de Atenção à Condução";"Colisão lateral";"Com Vítimas Feridas";"Pleno dia";"Decrescente";"Céu Claro";"Dupla";"Reta";"Não";1;0;1;0;0;0;1;1;-19,428589;-44,336915;"SPRF-MG";"DEL02-MG";"UOP01-DEL02-MG"
145733;2018-07-10;"terça-feira";"16:20:00";"SP";116;224;"GUARULHOS";"Não guardar distância de segurança";"Colisão lateral";"Com Vítimas Feridas";"Pleno dia";"Decrescente";"Nublado";"Múltipla";"Reta";"Sim";3;0;1;0;2;0;1;2;-23,48698135;-46,54252596;"SPRF-SP";"DEL01-SP";"UOP01-DEL01-SP"
145736;2018-07-10;"terça-feira";"16:48:00";"SC";101;206,9;"SAO JOSE";"Falta de Atenção à Condução";"Queda de ocupante de veículo";"Com Vítimas Fatais";"Pleno dia";"Crescente";"Céu Claro";"Múltipla";"Reta";"Sim";1;1;0;0;0;0;0;1;-27,59322963;-48,61872819;"SPRF-SC";"DEL01-SC";"UOP01-DEL01-SC"
145738;2018-07-10;"terça-feira";"16:34:00";"MG";381;563,5;"ITAGUARA";"Velocidade Incompatível";"Queda de ocupante de veículo";"Com Vítimas Feridas";"Pleno dia";"Decrescente";"Nublado";"Simples";"Declive;Curva";"Sim";1;0;0;1;0;0;1;1;-20,38619749;-44,49072361;"SPRF-MG";"DEL04-MG";"UOP03-DEL04-MG"
145740;2018-07-10;"terça-feira";"12:20:00";"ES";259;58,7;"COLATINA";"Falta de Atenção à Condução";"Queda de ocupante de veículo";"Com Vítimas Feridas";"Pleno dia";"Crescente";"Céu Claro";"Simples";"Reta;Declive";"Sim";1;0;1;0;0;0;1;1;-19,5233069;-40,6702013;"SPRF-ES";"DEL02-ES";"UOP01-DEL02-ES"
145741;2018-07-10;"terça-feira";"14:45:00";"RJ";116;107;"GUAPIMIRIM";"Mal Súbito";"Saída de leito carroçável";"Com Vítimas Feridas";"Pleno dia";"Decrescente";"Nublado";"Dupla";"Reta";"Sim";1;0;1;0;0;0;1;1;-22,562628;-42,99825;"SPRF-RJ";"DEL04-RJ";"UOP02-DEL04-RJ"
145742;2018-07-10;"terça-feira";"17:15:00";"RJ";116;128;"MAGE";"Falta de Atenção à Condução";"Colisão frontal";"Com Vítimas Feridas";"Anoitecer";"Decrescente";"Garoa/Chuvisco";"Dupla";"Reta";"Não";2;0;1;0;1;0;1;2;-22,664711;-43,110569;"SPRF-RJ";"DEL04-RJ";"UOP02-DEL04-RJ"
145743;2018-07-10;"terça-feira";"16:15:00";"PR";487;168,5;"CAMPO MOURAO";"Desobediência às normas de trânsito pelo condutor";"Colisão transversal";"Com Vítimas Feridas";"Pleno dia";"Decrescente";"Céu Claro";"Simples";"Aclive";"Não";5;0;0;1;4;0;1;2;-24,030674;-52,426376;"SPRF-PR";"DEL04-PR";"UOP03-DEL09-PR"
145744;2018-07-10;"terça-feira";"12:30:00";"MG";40;773,2;"JUIZ DE FORA";"Falta de Atenção à Condução";"Colisão traseira";"Com Vítimas Feridas";"Pleno dia";"Crescente";"Céu Claro";"Dupla";"Reta";"Não";1;0;1;0;0;0;1;1;-21,6517;-43,4346;"SPRF-MG";"DEL05-MG";"UOP01-DEL05-MG"
145745;2018-06-12;"terça-feira";"21:15:00";"RJ";116;172;"BELFORD ROXO";"Falta de Atenção do Pedestre";"Atropelamento de Pedestre";"Com Vítimas Feridas";"Plena Noite";"Decrescente";"Céu Claro";"Múltipla";"Reta";"Sim";2;0;1;0;1;0;1;2;-22,801882;-43,350437;"SPRF-RJ";"DEL01-RJ";"UOP02-DEL01-RJ"
145746;2018-07-10;"terça-feira";"17:20:00";"PE";101;84;"JABOATAO DOS GUARARAPES";"Falta de Atenção à Condução";"Colisão lateral";"Com Vítimas Feridas";"Anoitecer";"Crescente";"Céu Claro";"Simples";"Reta";"Sim";2;0;1;0;1;0;1;2;-8,1816;-34,9613;"SPRF-PE";"DEL01-PE";"UOP03-DEL01-PE"
145748;2018-07-10;"terça-feira";"16:40:00";"SP";116;192,5;"SANTA ISABEL";"Falta de Atenção à Condução";"Colisão transversal";"Com Vítimas Feridas";"Anoitecer";"Crescente";"Nublado";"Dupla";"Curva";"Não";4;0;2;0;2;0;2;2;-23,36888953;-46,23737074;"SPRF-SP";"DEL02-SP";"UOP01-DEL02-SP"
145749;2018-07-10;"terça-feira";"13:00:00";"SC";282;482,6;"VARGEAO";"Defeito Mecânico no Veículo";"Saída de leito carroçável";"Sem Vítimas";"Pleno dia";"Decrescente";"Nublado";"Simples";"Reta";"Não";1;0;0;0;0;1;0;1;-26,86485027;-52,21342564;"SPRF-SC";"DEL07-SC";"UOP01-DEL07-SC"
145750;2018-07-10;"terça-feira";"17:40:00";"PR";376;601;"CURITIBA";"Falta de Atenção à Condução";"Colisão traseira";"Com Vítimas Feridas";"Anoitecer";"Crescente";"Céu Claro";"Dupla";"Reta";"Sim";2;0;0;1;1;0;1;2;-25,52935304;-49,32693958;"SPRF-PR";"DEL01-PR";"UOP06-DEL01-PR"
145751;2018-07-10;"terça-feira";"17:20:00";"SC";101;134;"BALNEARIO CAMBORIU";"Sinalização da via insuficiente ou inadequada";"Colisão lateral";"Com Vítimas Feridas";"Anoitecer";"Crescente";"Nublado";"Dupla";"Interseção de Vias";"Sim";2;0;1;0;1;0;1;2;-27,0049;-48,6266;"SPRF-SC";"DEL04-SC";"UOP03-DEL04-SC"
145752;2018-07-10;"terça-feira";"17:10:00";"MG";381;729,4;"CARMO DA CACHOEIRA";"Velocidade Incompatível";"Saída de leito carroçável";"Com Vítimas Feridas";"Anoitecer";"Crescente";"Nublado";"Dupla";"Curva";"Não";1;0;1;0;0;0;1;1;-21,503;-45,215;"SPRF-MG";"DEL04-MG";"UOP02-DEL04-MG"
145753;2018-07-10;"terça-feira";"18:10:00";"SC";101;208;"SAO JOSE";"Falta de Atenção à Condução";"Queda de ocupante de veículo";"Com Vítimas Feridas";"Anoitecer";"Decrescente";"Nublado";"Dupla";"Reta";"Não";1;0;0;1;0;0;1;1;-27,6176;-48,6463;"SPRF-SC";"DEL01-SC";"UOP01-DEL01-SC"
145754;2018-03-20;"terça-feira";"18:30:00";"ES";101;167;"LINHARES";"Falta de Atenção à Condução";"Queda de ocupante de veículo";"Com Vítimas Feridas";"Plena Noite";"Crescente";"Céu Claro";"Simples";"Reta";"Sim";2;0;0;1;1;0;1;2;-19,52623119;-40,15174627;"SPRF-ES";"DEL04-ES";"UOP01-DEL04-ES"
145756;2018-07-10;"terça-feira";"18:26:00";"SP";116;228;"SAO PAULO";"Não guardar distância de segurança";"Colisão traseira";"Com Vítimas Feridas";"Anoitecer";"Decrescente";"Nublado";"Múltipla";"Reta";"Sim";1;0;1;0;0;0;1;1;-23,50567704;-46,56864166;"SPRF-SP";"DEL01-SP";"UOP01-DEL01-SP"
145757;2018-07-10;"terça-feira";"18:20:00";"MG";40;779,8;"JUIZ DE FORA";"Animais na Pista";"Atropelamento de Animal";"Com Vítimas Feridas";"Plena Noite";"Crescente";"Céu Claro";"Dupla";"Reta";"Não";2;0;2;0;0;0;2;1;-21,69690976;-43,45058441;"SPRF-MG";"DEL05-MG";"UOP01-DEL05-MG"
145758;2018-07-10;"terça-feira";"16:00:00";"GO";414;332,3;"COCALZINHO DE GOIAS";"Falta de Atenção à Condução";"Tombamento";"Com Vítimas Fatais";"Pleno dia";"Crescente";"Céu Claro";"Simples";"Aclive;Reta";"Não";2;1;0;0;1;0;0;2;-15,483071;-48,616809;"SPRF-GO";"DEL02-GO";"UOP01-DEL02-GO"
145762;2018-07-10;"terça-feira";"18:32:00";"SC";101;117,9;"ITAJAI";"Falta de Atenção à Condução";"Colisão lateral";"Com Vítimas Feridas";"Anoitecer";"Decrescente";"Céu Claro";"Dupla";"Reta";"Sim";2;0;1;0;1;0;1;2;-26,9045;-48,7153;"SPRF-SC";"DEL04-SC";"UOP04-DEL04-SC"
145764;2018-07-10;"terça-feira";"18:00:00";"RJ";101;319;"NITEROI";"Não guardar distância de segurança";"Colisão traseira";"Com Vítimas Feridas";"Plena Noite";"Decrescente";"Chuva";"Múltipla";"Reta";"Sim";2;0;1;0;1;0;1;2;-22,85023452;-43,10005188;"SPRF-RJ";"DEL02-RJ";"DEL5/2-UOP04/RJ"
145766;2018-07-10;"terça-feira";"18:30:00";"MG";40;531;"BELO HORIZONTE";"Falta de Atenção à Condução";"Colisão lateral";"Com Vítimas Feridas";"Plena Noite";"Crescente";"Céu Claro";"Dupla";"Retorno Regulamentado";"Sim";3;0;2;0;1;0;2;2;-19,9243;-44,0151;"SPRF-MG";"DEL01-MG";"UOP03-DEL01-MG"
145767;2018-07-10;"terça-feira";"17:50:00";"PE";101;77,1;"RECIFE";"Defeito Mecânico no Veículo";"Saída de leito carroçável";"Com Vítimas Feridas";"Anoitecer";"Crescente";"Céu Claro";"Dupla";"Reta";"Sim";2;0;2;0;0;0;2;1;-8,12677483;-34,94396389;"SPRF-PE";"DEL01-PE";"UOP01-DEL01-PE"
145768;2018-07-10;"terça-feira";"17:50:00";"PI";402;35,2;"PARNAIBA";"Ultrapassagem Indevida";"Colisão com objeto estático";"Com Vítimas Feridas";"Anoitecer";"Decrescente";"Céu Claro";"Simples";"Reta";"Sim";2;0;1;0;1;0;1;2;-2,94741249;-41,73203945;"SPRF-PI";"DEL05-PI";"UOP01-DEL05-PI"
145769;2018-07-10;"terça-feira";"17:55:00";"RO";364;185,4;"PIMENTA BUENO";"Sinalização da via insuficiente ou inadequada";"Atropelamento de Pedestre";"Com Vítimas Feridas";"Pleno dia";"Crescente";"Céu Claro";"Simples";"Curva;Em Obras";"Não";3;0;0;1;1;1;1;2;-11,74771421;-61,10355377;"SPRF-RO";"DEL02-RO";"UOP02-DEL02-RO"
145770;2018-07-10;"terça-feira";"16:45:00";"MS";163;147,9;"NAVIRAI";"Falta de Atenção à Condução";"Capotamento";"Sem Vítimas";"Pleno dia";"Decrescente";"Céu Claro";"Simples";"Curva";"Não";2;0;0;0;2;0;0;1;-22,97704356;-54,41390991;"SPRF-MS";"DEL09-MS";"UOP01-DEL09-MS"
145771;2018-07-10;"terça-feira";"19:00:00";"SP";116;27;"SILVEIRAS";"Pista Escorregadia";"Colisão lateral";"Com Vítimas Feridas";"Plena Noite";"Crescente";"Chuva";"Dupla";"Curva";"Não";3;0;1;0;2;0;1;2;-22,620018;-44,908443;"SPRF-SP";"DEL08-SP";"UOP02-DEL08-SP"
145773;2018-07-10;"terça-feira";"18:00:00";"PR";369;85,5;"CORNELIO PROCOPIO";"Falta de Atenção à Condução";"Colisão transversal";"Com Vítimas Feridas";"Anoitecer";"Decrescente";"Céu Claro";"Simples";"Reta";"Sim";3;0;1;0;1;1;1;3;-23,17352419;-50,61994487;"SPRF-PR";"DEL07-PR";"UOP05-DEL07-PR"
145775;2018-07-10;"terça-feira";"19:00:00";"TO";153;140;"ARAGUAINA";"Falta de Atenção do Pedestre";"Atropelamento de Pedestre";"Sem Vítimas";"Plena Noite";"Crescente";"Céu Claro";"Dupla";"Reta";"Sim";2;0;0;0;2;0;0;2;-7,169623;-48,213287;"SPRF-TO";"DEL02-TO";"UOP01-DEL02-TO"
145777;2018-07-10;"terça-feira";"16:18:00";"MG";365;625;"UBERLANDIA";"Velocidade Incompatível";"Tombamento";"Com Vítimas Feridas";"Pleno dia";"Crescente";"Nublado";"Múltipla";"Curva;Declive";"Sim";1;0;0;1;0;0;1;1;-18,908672;-48,302804;"SPRF-MG";"DEL15-MG";"UOP01-DEL15-MG"
145778;2018-07-10;"terça-feira";"20:00:00";"RN";304;280;"MACAIBA";"Sinalização da via insuficiente ou inadequada";"Colisão frontal";"Com Vítimas Fatais";"Plena Noite";"Decrescente";"Chuva";"Dupla";"Interseção de Vias;Rotatória";"Não";5;2;0;3;0;0;3;2;-5,88935661;-35,49010992;"SPRF-RN";"DEL01-RN";"UOP02-DEL01-RN"
145781;2018-07-10;"terça-feira";"18:00:00";"PE";101;127;"ESCADA";"Falta de Atenção à Condução";"Colisão frontal";"Sem Vítimas";"Plena Noite";"Decrescente";"Nublado";"Simples";"Curva";"Sim";2;0;0;0;1;1;0;2;-8,3782;-35,2416;"SPRF-PE";"DEL01-PE";"UOP03-DEL01-PE"
145782;2018-07-10;"terça-feira";"19:00:00";"RO";364;193,6;"PIMENTA BUENO";"Ingestão de Álcool";"Saída de leito carroçável";"Sem Vítimas";"Plena Noite";"Decrescente";"Céu Claro";"Simples";"Curva";"Sim";1;0;0;0;1;0;0;1;-11,703047;-61,168854;"SPRF-RO";"DEL02-RO";"UOP02-DEL02-RO"
145783;2018-07-10;"terça-feira";"19:45:00";"RS";116;264;"CANOAS";"Falta de Atenção à Condução";"Colisão transversal";"Com Vítimas Feridas";"Plena Noite";"Decrescente";"Nublado";"Múltipla";"Reta";"Sim";2;0;1;0;1;0;1;2;-29,91452155;-51,17741113;"SPRF-RS";"DEL01-RS";"UOP01-DEL01-RS"
145784;2018-07-10;"terça-feira";"20:10:00";"MG";153;78;"PRATA";"Agressão Externa";"Saída de leito carroçável";"Com Vítimas Feridas";"Plena Noite";"Decrescente";"Céu Claro";"Simples";"Reta";"Não";1;0;1;0;0;0;1;1;-19,04772042;-49,00932312;"SPRF-MG";"DEL15-MG";"UOP03-DEL15-MG"
145785;2018-07-10;"terça-feira";"19:20:00";"SC";163;75;"SAO MIGUEL DO OESTE";"Ingestão de Álcool";"Colisão com objeto estático";"Com Vítimas Feridas";"Plena Noite";"Decrescente";"Nublado";"Dupla";"Curva";"Não";1;0;1;0;0;0;1;1;-26,67840861;-53,51553619;"SPRF-SC";"DEL07-SC";"UOP03-DEL07-SC"
145788;2018-07-10;"terça-feira";"19:50:00";"MG";262;440;"NOVA SERRANA";"Falta de Atenção à Condução";"Colisão traseira";"Sem Vítimas";"Plena Noite";"Decrescente";"Céu Claro";"Dupla";"Reta";"Não";3;0;0;0;3;0;0;3;-19,87460589;-44,95411865;"SPRF-MG";"DEL08-MG";"UOP03-DEL08-MG"
145789;2018-07-10;"terça-feira";"20:30:00";"MG";459;98,4;"POUSO ALEGRE";"Falta de Atenção à Condução";"Saída de leito carroçável";"Sem Vítimas";"Plena Noite";"Decrescente";"Nublado";"Simples";"Interseção de Vias";"Sim";1;0;0;0;1;0;0;1;-22,20411367;-45,94304767;"SPRF-MG";"DEL16-MG";"UOP01-DEL16-MG"
145790;2018-07-10;"terça-feira";"19:18:00";"PR";476;126,6;"CURITIBA";"Falta de Atenção à Condução";"Engavetamento";"Com Vítimas Feridas";"Plena Noite";"Decrescente";"Céu Claro";"Múltipla";"Reta";"Sim";6;0;2;0;4;0;2;5;-25,42150135;-49,22530353;"SPRF-PR";"DEL01-PR";"UOP07-DEL01-PR"
145792;2018-07-10;"terça-feira";"21:20:00";"MG";381;454,8;"SABARA";"Falta de Atenção à Condução";"Colisão transversal";"Com Vítimas Feridas";"Plena Noite";"Crescente";"Céu Claro";"Simples";"Reta";"Sim";2;0;0;1;1;0;1;2;-19,83461943;-43,85828018;"SPRF-MG";"DEL01-MG";"UOP01-DEL01-MG"
145794;2018-07-10;"terça-feira";"21:10:00";"SC";101;208;"SAO JOSE";"Falta de Atenção à Condução";"Colisão com objeto estático";"Com Vítimas Feridas";"Plena Noite";"Decrescente";"Céu Claro";"Múltipla";"Reta";"Sim";1;0;1;0;0;0;1;1;-27,61012973;-48,63874376;"SPRF-SC";"DEL01-SC";"UOP01-DEL01-SC"
145797;2018-05-15;"terça-feira";"09:00:00";"SP";116;218;"GUARULHOS";"Falta de Atenção à Condução";"Capotamento";"Sem Vítimas";"Pleno dia";"Crescente";"Céu Claro";"Múltipla";"Reta";"Sim";1;0;0;0;1;0;0;1;-23,46765535;-46,50547028;"SPRF-SP";"DEL01-SP";"UOP01-DEL01-SP"
145798;2018-07-10;"terça-feira";"21:20:00";"PR";476;133;"CURITIBA";"Desobediência às normas de trânsito pelo condutor";"Colisão transversal";"Com Vítimas Feridas";"Plena Noite";"Crescente";"Céu Claro";"Múltipla";"Interseção de Vias";"Sim";4;0;2;0;2;0;2;2;-25,469219;-49,254143;"SPRF-PR";"DEL01-PR";"UOP07-DEL01-PR"
145800;2018-07-10;"terça-feira";"22:12:00";"PR";158;517,2;"PATO BRANCO";"Falta de Atenção à Condução";"Saída de leito carroçável";"Com Vítimas Feridas";"Plena Noite";"Decrescente";"Céu Claro";"Simples";"Curva";"Não";2;0;2;0;0;0;2;1;-26,18941806;-52,6712358;"SPRF-PR";"DEL02-PR";"UOP01-DEL02-PR"
145801;2018-07-10;"terça-feira";"19:00:00";"RJ";40;124;"RIO DE JANEIRO";"Falta de Atenção do Pedestre";"Atropelamento de Pedestre";"Com Vítimas Feridas";"Plena Noite";"Decrescente";"Garoa/Chuvisco";"Múltipla";"Reta";"Sim";2;0;1;1;0;0;2;2;-22,81194718;-43,28784943;"SPRF-RJ";"DEL01-RJ";"UOP01-DEL01-RJ"
145802;2018-06-30;"sábado";"13:20:00";"PB";230;20;"JOAO PESSOA";"Desobediência às normas de trânsito pelo condutor";"Colisão lateral";"Com Vítimas Feridas";"Pleno dia";"Crescente";"Céu Claro";"Dupla";"Reta";"Não";2;0;1;0;1;0;1;2;-7,13888862;-34,85262394;"SPRF-PB";"DEL01-PB";"UOP01-DEL01-PB"
145803;2018-07-10;"terça-feira";"10:05:00";"SC";101;149,3;"ITAPEMA";"Falta de Atenção à Condução";"Colisão transversal";"Com Vítimas Feridas";"Pleno dia";"Crescente";"Céu Claro";"Simples";"Reta";"Sim";2;0;1;0;1;0;1;2;-27,1175;-48,6092;"SPRF-SC";"DEL04-SC";"UOP03-DEL04-SC"
145804;2018-07-10;"terça-feira";"22:00:00";"RS";116;262;"CANOAS";"Falta de Atenção à Condução";"Tombamento";"Com Vítimas Feridas";"Plena Noite";"Decrescente";"Nublado";"Múltipla";"Curva";"Sim";1;0;1;0;0;0;1;1;-29,896475;-51,17593;"SPRF-RS";"DEL01-RS";"UOP01-DEL01-RS"
145806;2018-07-10;"terça-feira";"17:00:00";"RJ";40;94;"DUQUE DE CAXIAS";"Velocidade Incompatível";"Capotamento";"Com Vítimas Feridas";"Pleno dia";"Crescente";"Chuva";"Simples";"Curva";"Não";2;0;0;1;1;0;1;1;-22,55867622;-43,26623082;"SPRF-RJ";"DEL06-RJ";"UOP01-DEL06-RJ"
145809;2018-07-10;"terça-feira";"17:50:00";"MA";316;438;"PERITORO";"Pista Escorregadia";"Saída de leito carroçável";"Com Vítimas Fatais";"Anoitecer";"Crescente";"Chuva";"Simples";"Curva";"Não";6;1;2;2;1;0;4;1;-4,420809;-44,224987;"SPRF-MA";"DEL03-MA";"UOP01-DEL03-MA"
145810;2018-07-11;"quarta-feira";"01:10:00";"MG";381;889,4;"CAMBUI";"Animais na Pista";"Atropelamento de Animal";"Com Vítimas Feridas";"Plena Noite";"Decrescente";"Céu Claro";"Dupla";"Reta";"Não";1;0;1;0;0;0;1;1;-22,5382;-46,0369;"SPRF-MG";"DEL16-MG";"UOP03-DEL16-MG"
145814;2018-07-10;"terça-feira";"21:00:00";"GO";153;200;"URUACU";"Falta de Atenção à Condução";"Colisão transversal";"Com Vítimas Feridas";"Plena Noite";"Decrescente";"Céu Claro";"Simples";"Interseção de Vias";"Sim";6;0;2;0;4;0;2;2;-14,513057;-49,149277;"SPRF-GO";"DEL07-GO";"UOP02-DEL07-GO"
145816;2018-07-11;"quarta-feira";"03:30:00";"MG";365;482,5;"PATROCINIO";"Animais na Pista";"Atropelamento de Animal";"Com Vítimas Feridas";"Plena Noite";"Crescente";"Céu Claro";"Simples";"Reta";"Não";2;0;2;0;0;0;2;1;-18,89205;-47,07002;"SPRF-MG";"DEL10-MG";"UOP01-DEL10-MG"
145817;2018-07-11;"quarta-feira";"06:00:00";"SC";101;212;"PALHOCA";"Desobediência às normas de trânsito pelo condutor";"Colisão lateral";"Com Vítimas Feridas";"Plena Noite";"Decrescente";"Nublado";"Dupla";"Reta";"Sim";2;0;1;0;1;0;1;2;-27,6372;-48,6651;"SPRF-SC";"DEL01-SC";"UOP02-DEL01-SC"
145818;2018-07-11;"quarta-feira";"04:45:00";"PB";101;116,5;"CAAPORA";"Pista Escorregadia";"Colisão com objeto estático";"Com Vítimas Feridas";"Amanhecer";"Decrescente";"Chuva";"Dupla";"Declive";"Não";1;0;1;0;0;0;1;1;-7,4254;-34,9644;"SPRF-PB";"DEL01-PB";"UOP01-DEL01-PB"