"id";"data_inversa";"dia_semana";"horario";"uf";"br";"km";"municipio";"causa_acidente";"tipo_acidente";"classificacao_acidente";"fase_dia";"sentido_via";"condicao_metereologica";"tipo_pista";"tracado_via";"uso_solo";"pessoas";"mortos";"feridos_leves";"feridos_graves";"ilesos";"ignorados";"feridos";"veiculos";"latitude";"longitude";"regional";"delegacia";"uop"
145820;2018-07-11;"quarta-feira";"06:15:00";"SP";116;214,4;"GUARULHOS";"Não guardar distância de segurança";"Colisão traseira";"Com Vítimas Feridas";"Amanhecer";"Decrescente";"Céu Claro";"Múltipla";"Em Obras";"Sim";2;0;1;0;1;0;1;2;-23,44426027;-46,44787788;"SPRF-SP";"DEL01-SP";"UOP01-DEL01-SP"
145821;2018-07-11;"quarta-feira";"06:15:00";"RS";116;137,9;"CAXIAS DO SUL";"Desobediência às normas de trânsito pelo condutor";"Colisão frontal";"Com Vítimas Feridas";"Amanhecer";"Decrescente";"Nublado";"Simples";"Reta";"Não";4;0;3;0;1;0;3;2;-29,0888884;-51,1122077;"SPRF-RS";"DEL05-RS";"UOP01-DEL05-RS"
145822;2018-07-11;"quarta-feira";"02:56:00";"RJ";101;220,4;"SILVA JARDIM";"Sinalização da via insuficiente ou inadequada";"Saída de leito carroçável";"Com Vítimas Feridas";"Plena Noite";"Decrescente";"Chuva";"Dupla";"Em Obras";"Sim";4;0;3;0;1;0;3;1;-22,51576925;-42,3218387;"SPRF-RJ";"DEL02-RJ";"UOP03-DEL02-RJ"
145825;2018-07-11;"quarta-feira";"03:20:00";"MS";60;389;"SIDROLANDIA";"Condutor Dormindo";"Saída de leito carroçável";"Com Vítimas Feridas";"Plena Noite";"Crescente";"Céu Claro";"Simples";"Reta";"Não";1;0;1;0;0;0;1;1;-20,704445;-54,771851;"SPRF-MS";"DEL01-MS";"UOP04-DEL01-MS"
145828;2018-07-11;"quarta-feira";"08:20:00";"MG";381;335;"NOVA ERA";"Velocidade Incompatível";"Saída de leito carroçável";"Sem Vítimas";"Pleno dia";"Decrescente";"Céu Claro";"Simples";"Curva";"Não";4;0;0;0;4;0;0;1;-19,78205571;-43,04332023;"SPRF-MG";"DEL03-MG";"UOP01-DEL03-MG"
145831;2018-07-11;"quarta-feira";"07:50:00";"PB";230;32,5;"BAYEUX";"Não guardar distância de segurança";"Colisão traseira";"Com Vítimas Feridas";"Pleno dia";"Crescente";"Nublado";"Dupla";"Reta";"Sim";2;0;1;0;1;0;1;1;-7,143;-34,9192;"SPRF-PB";"DEL01-PB";"UOP01-DEL01-PB"
145834;2018-07-11;"quarta-feira";"07:40:00";"ES";101;262;"SERRA";"Falta de Atenção à Condução";"Colisão lateral";"Com Vítimas Feridas";"Pleno dia";"Decrescente";"Céu Claro";"Simples";"Interseção de Vias";"Sim";3;0;2;0;0;1;2;2;-20,15978918;-40,27574721;"SPRF-ES";"DEL02-ES";"UOP01-DEL02-ES"
145835;2018-07-11;"quarta-feira";"08:05:00";"PR";277;600,6;"CASCAVEL";"Não guardar distância de segurança";"Colisão traseira";"Com Vítimas Feridas";"Pleno dia";"Crescente";"Sol";"Dupla";"Reta";"Sim";2;0;1;0;1;0;1;2;-25,01181127;-53,53500366;"SPRF-PR";"DEL04-PR";"UOP01-DEL04-PR"
145836;2018-07-11;"quarta-feira";"07:45:00";"SC";282;18;"PALHOCA";"Desobediência às normas de trânsito pelo condutor";"Colisão transversal";"Com Vítimas Feridas";"Pleno dia";"Decrescente";"Céu Claro";"Simples";"Reta";"Sim";2;0;0;1;1;0;1;2;-27,672798;-48,694286;"SPRF-SC";"DEL01-SC";"UOP02-DEL01-SC"
145837;2018-07-11;"quarta-feira";"08:20:00";"SC";282;51,3;"AGUAS MORNAS";"Não guardar distância de segurança";"Colisão traseira";"Sem Vítimas";"Pleno dia";"Crescente";"Sol";"Simples";"Curva";"Não";3;0;0;0;3;0;0;3;-27,703712;-48,959267;"SPRF-SC";"DEL01-SC";"UOP03-DEL01-SC"
145838;2018-07-11;"quarta-feira";"07:50:00";"PR";277;241,9;"IRATI";"Restrição de Visibilidade";"Saída de leito carroçável";"Com Vítimas Feridas";"Pleno dia";"Decrescente";"Sol";"Simples";"Reta";"Não";3;0;3;0;0;0;3;1;-25,45443497;-50,64886093;"SPRF-PR";"DEL03-PR";"UOP02-DEL08-PR"
145839;2018-07-11;"quarta-feira";"08:20:00";"PR";376;179,9;"MARINGA";"Falta de Atenção à Condução";"Colisão traseira";"Sem Vítimas";"Pleno dia";"Decrescente";"Céu Claro";"Múltipla";"Reta";"Não";2;0;0;0;2;0;0;2;-23,427254;-51,895123;"SPRF-PR";"DEL07-PR";"UOP01-DEL09-PR"
145840;2018-07-11;"quarta-feira";"08:20:00";"SC";101;132;"BALNEARIO CAMBORIU";"Falta de Atenção à Condução";"Colisão lateral";"Com Vítimas Feridas";"Pleno dia";"Crescente";"Céu Claro";"Simples";"Interseção de Vias";"Sim";1;0;1;0;0;0;1;1;-26,99856318;-48,64953947;"SPRF-SC";"DEL04-SC";"UOP03-DEL04-SC"
145843;2018-07-11;"quarta-feira";"08:45:00";"SC";470;66,7;"INDAIAL";"Falta de Atenção à Condução";"Colisão traseira";"Com Vítimas Feridas";"Pleno dia";"Crescente";"Céu Claro";"Simples";"Reta";"Sim";3;0;0;1;1;1;1;2;-26,87147794;-49,23001528;"SPRF-SC";"DEL04-SC";"UOP01-DEL04-SC"
145844;2018-07-11;"quarta-feira";"08:10:00";"PI";316;15,5;"TERESINA";"Falta de Atenção à Condução";"Colisão frontal";"Com Vítimas Feridas";"Pleno dia";"Decrescente";"Sol";"Simples";"Reta";"Não";2;0;0;2;0;0;2;2;-5,226193;-42,750168;"SPRF-PI";"DEL01-PI";"UOP02-DEL01-PI"
145845;2018-07-11;"quarta-feira";"08:18:00";"SP";381;69;"MAIRIPORA";"Falta de Atenção à Condução";"Saída de leito carroçável";"Sem Vítimas";"Pleno dia";"Decrescente";"Garoa/Chuvisco";"Dupla";"Curva";"Não";2;0;0;0;2;0;0;2;-23,314198;-46,58237457;"SPRF-SP";"DEL03-SP";"DEL6/3-UOP03/SP"
145846;2018-07-11;"quarta-feira";"08:30:00";"MG";381;481,7;"CONTAGEM";"Falta de Atenção à Condução";"Engavetamento";"Com Vítimas Feridas";"Pleno dia";"Crescente";"Céu Claro";"Dupla";"Reta";"Sim";3;0;1;0;2;0;1;3;-19,959;-44,0661;"SPRF-MG";"DEL01-MG";"UOP03-DEL01-MG"
145848;2018-07-11;"quarta-feira";"08:30:00";"PI";343;343,5;"TERESINA";"Desobediência às normas de trânsito pelo condutor";"Colisão transversal";"Sem Vítimas";"Pleno dia";"Decrescente";"Sol";"Dupla";"Rotatória";"Sim";2;0;0;0;2;0;0;2;-5,09009994;-42,76024634;"SPRF-PI";"DEL01-PI";"UOP01-DEL01-PI"
145849;2018-07-11;"quarta-feira";"09:00:00";"MG";116;692,9;"MURIAE";"Falta de Atenção à Condução";"Saída de leito carroçável";"Com Vítimas Feridas";"Pleno dia";"Decrescente";"Nublado";"Simples";"Reta";"Não";1;0;1;0;0;0;1;1;-21,02289506;-42,36211404;"SPRF-MG";"DEL07-MG";"UOP02-DEL07-MG"
145850;2018-07-11;"quarta-feira";"08:10:00";"RJ";116;180;"NOVA IGUACU";"Falta de Atenção à Condução";"Engavetamento";"Sem Vítimas";"Pleno dia";"Decrescente";"Céu Claro";"Dupla";"Reta";"Sim";4;0;0;0;4;0;0;4;-22,74008982;-43,46569061;"SPRF-RJ";"DEL01-RJ";"UOP02-DEL01-RJ"
145851;2018-07-11;"quarta-feira";"09:20:00";"GO";60;94;"ANAPOLIS";"Agressão Externa";"Atropelamento de Pedestre";"Com Vítimas Feridas";"Pleno dia";"Decrescente";"Céu Claro";"Simples";"Reta";"Sim";4;0;0;1;3;0;1;2;-16,35682256;-48,9306432;"SPRF-GO";"DEL02-GO";"UOP01-DEL02-GO"
145852;2018-07-11;"quarta-feira";"09:20:00";"ES";101;145;"LINHARES";"Desobediência às normas de trânsito pelo condutor";"Colisão traseira";"Com Vítimas Feridas";"Pleno dia";"Crescente";"Sol";"Múltipla";"Reta";"Sim";2;0;1;0;1;0;1;2;-19,36200442;-40,06507874;"SPRF-ES";"DEL04-ES";"UOP01-DEL04-ES"
145853;2018-07-11;"quarta-feira";"09:15:00";"PB";101;84,2;"BAYEUX";"Não guardar distância de segurança";"Colisão traseira";"Com Vítimas Feridas";"Pleno dia";"Crescente";"Céu Claro";"Dupla";"Reta";"Sim";2;0;1;0;1;0;1;2;-7,14192262;-34,92051601;"SPRF-PB";"DEL01-PB";"UOP01-DEL01-PB"
145854;2018-07-11;"quarta-feira";"06:50:00";"RJ";40;123;"DUQUE DE CAXIAS";"Não guardar distância de segurança";"Colisão lateral";"Com Vítimas Feridas";"Pleno dia";"Crescente";"Garoa/Chuvisco";"Múltipla";"Reta";"Sim";2;0;1;0;1;0;1;2;-22,79359075;-43,28767776;"SPRF-RJ";"DEL01-RJ";"UOP01-DEL01-RJ"
145855;2018-07-07;"sábado";"09:40:00";"RJ";101;294;"ITABORAI";"Pista Escorregadia";"Queda de ocupante de veículo";"Com Vítimas Feridas";"Pleno dia";"Crescente";"Céu Claro";"Simples";"Curva";"Sim";1;0;1;0;0;0;1;1;-22,758444;-42,895023;"SPRF-RJ";"DEL02-RJ";"DEL5/2-UOP04/RJ"
145857;2018-07-11;"quarta-feira";"09:40:00";"PB";230;20;"JOAO PESSOA";"Defeito na Via";"Tombamento";"Com Vítimas Feridas";"Pleno dia";"Crescente";"Céu Claro";"Dupla";"Reta";"Sim";1;0;1;0;0;0;1;1;-7,14;-34,852;"SPRF-PB";"DEL01-PB";"UOP01-DEL01-PB"
145859;2018-07-11;"quarta-feira";"08:05:00";"PR";277;723;"FOZ DO IGUACU";"Falta de Atenção à Condução";"Colisão transversal";"Com Vítimas Feridas";"Pleno dia";"Crescente";"Céu Claro";"Dupla";"Interseção de Vias";"Sim";2;0;0;1;1;0;1;2;-25,50074326;-54,53420015;"SPRF-PR";"DEL05-PR";"UOP01-DEL05-PR"
145860;2018-06-29;"sexta-feira";"20:30:00";"PR";277;109,9;"CAMPO LARGO";"Falta de Atenção do Pedestre";"Atropelamento de Pedestre";"Com Vítimas Feridas";"Plena Noite";"Crescente";"Nublado";"Dupla";"Reta";"Sim";2;0;0;2;0;0;2;2;-25,44279989;-49,45087725;"SPRF-PR";"DEL01-PR";"UOP06-DEL01-PR"
145861;2018-07-11;"quarta-feira";"10:00:00";"SP";101;49,3;"UBATUBA";"Falta de Atenção à Condução";"Colisão frontal";"Com Vítimas Feridas";"Pleno dia";"Crescente";"Céu Claro";"Simples";"Reta";"Sim";7;0;1;0;6;0;1;2;-23,44852228;-45,07913589;"SPRF-SP";"DEL06-SP";"UOP01-DEL06-SP"
145862;2018-01-19;"sexta-feira";"04:10:00";"MT";70;5,2;"BARRA DO GARCAS";"Falta de Atenção à Condução";"Queda de ocupante de veículo";"Com Vítimas Feridas";"Plena Noite";"Decrescente";"Ignorado";"Simples";"Rotatória";"Sim";1;0;1;0;0;0;1;1;-15,87806289;-52,29890227;"SPRF-MT";"DEL07-MT";"UOP01-DEL07-MT"
145863;2018-07-11;"quarta-feira";"09:50:00";"RJ";40;77,9;"PETROPOLIS";"Avarias e/ou desgaste excessivo no pneu";"Colisão com objeto estático";"Com Vítimas Feridas";"Pleno dia";"Crescente";"Garoa/Chuvisco";"Simples";"Curva";"Não";1;0;1;0;0;0;1;1;-22,485153;-43,229353;"SPRF-RJ";"DEL06-RJ";"UOP01-DEL06-RJ"
145864;2018-06-17;"domingo";"21:48:00";"PR";376;1,2;"SAO JOSE DOS PINHAIS";"Desobediência às normas de trânsito pelo condutor";"Colisão transversal";"Com Vítimas Feridas";"Plena Noite";"Crescente";"Ignorado";"Dupla";"Reta";"Sim";2;0;1;0;1;0;1;2;-25,53570382;-49,19306517;"SPRF-PR";"DEL01-PR";"DEL7/1-UOP08/PR"
145865;2018-06-09;"sábado";"17:35:00";"RS";158;332;"SANTA MARIA";"Falta de Atenção à Condução";"Tombamento";"Com Vítimas Feridas";"Anoitecer";"Crescente";"Céu Claro";"Dupla";"Reta";"Sim";2;0;1;0;0;1;1;2;-29,70137958;-53,84178186;"SPRF-RS";"DEL09-RS";"UOP01-DEL09-RS"
145867;2018-07-11;"quarta-feira";"10:40:00";"BA";324;516;"FEIRA DE SANTANA";"Falta de Atenção à Condução";"Colisão lateral";"Com Vítimas Feridas";"Pleno dia";"Decrescente";"Sol";"Simples";"Reta";"Sim";2;0;0;1;1;0;1;2;-12,2597211;-38,93216193;"SPRF-BA";"DEL02-BA";"UOP01-DEL02-BA"
145868;2018-07-11;"quarta-feira";"07:40:00";"PB";230;135,9;"MASSARANDUBA";"Pista Escorregadia";"Saída de leito carroçável";"Com Vítimas Feridas";"Pleno dia";"Crescente";"Nublado";"Dupla";"Curva";"Não";2;0;2;0;0;0;2;1;-7,276919;-35,77304;"SPRF-PB";"DEL02-PB";"UOP01-DEL02-PB"
145869;2018-07-11;"quarta-feira";"10:40:00";"GO";153;404;"PIRENOPOLIS";"Ultrapassagem Indevida";"Colisão frontal";"Com Vítimas Feridas";"Pleno dia";"Crescente";"Sol";"Simples";"Reta";"Não";5;0;3;1;1;0;4;3;-16,05529406;-49,06907737;"SPRF-GO";"DEL02-GO";"UOP01-DEL02-GO"
145870;2018-04-10;"terça-feira";"18:41:00";"AL";101;78;"RIO LARGO";"Falta de Atenção do Pedestre";"Atropelamento de Pedestre";"Com Vítimas Fatais";"Plena Noite";"Crescente";"Céu Claro";"Dupla";"Reta";"Não";4;1;0;0;3;0;0;2;-9,431196;-35,837425;"SPRF-AL";"DEL01-AL";"UOP01-DEL01-AL"
145871;2018-07-10;"terça-feira";"10:30:00";"RS";116;92;"CAMPESTRE DA SERRA";"Velocidade Incompatível";"Saída de leito carroçável";"Com Vítimas Feridas";"Pleno dia";"Crescente";"Garoa/Chuvisco";"Simples";"Curva";"Não";1;0;1;0;0;0;1;1;-28,868458;-51,12574;"SPRF-RS";"DEL05-RS";"UOP03-DEL05-RS"
145872;2018-07-11;"quarta-feira";"10:25:00";"ES";393;2;"CACHOEIRO DE ITAPEMIRIM";"Falta de Atenção à Condução";"Tombamento";"Com Vítimas Feridas";"Pleno dia";"Crescente";"Nublado";"Simples";"Reta";"Sim";1;0;1;0;0;0;1;1;-20,83422683;-41,17150068;"SPRF-ES";"DEL03-ES";"UOP02-DEL03-ES"
145873;2018-07-07;"sábado";"07:50:00";"MT";70;601,5;"POCONE";"Falta de Atenção à Condução";"Colisão lateral";"Com Vítimas Feridas";"Pleno dia";"Decrescente";"Sol";"Simples";"Reta";"Não";2;0;0;1;1;0;1;2;-15,87350678;-56,86660767;"SPRF-MT";"DEL03-MT";"UOP02-DEL03-MT"
145875;2018-07-11;"quarta-feira";"11:20:00";"MG";50;179;"UBERABA";"Falta de Atenção à Condução";"Tombamento";"Com Vítimas Feridas";"Pleno dia";"Crescente";"Nublado";"Simples";"Curva";"Não";1;0;1;0;0;0;1;1;-19,7783;-47,9223;"SPRF-MG";"DEL13-MG";"UOP01-DEL13-MG"
145876;2018-07-11;"quarta-feira";"10:20:00";"RR";174;506;"BOA VISTA";"Falta de Atenção à Condução";"Colisão traseira";"Sem Vítimas";"Pleno dia";"Decrescente";"Nublado";"Simples";"Reta";"Sim";2;0;0;0;2;0;0;2;2,82111193;-60,69524109;"SPRF-RR";"DEL01-RR";"UOP01-DEL01-RR"
145877;2018-07-11;"quarta-feira";"10:10:00";"SC";101;372,2;"ICARA";"Mal Súbito";"Saída de leito carroçável";"Com Vítimas Feridas";"Pleno dia";"Decrescente";"Céu Claro";"Dupla";"Reta";"Não";1;0;1;0;0;0;1;1;-28,712;-49,2145;"SPRF-SC";"DEL02-SC";"UOP01-DEL02-SC"
145881;2018-06-27;"quarta-feira";"14:10:00";"MS";463;104,5;"PONTA PORA";"Desobediência às normas de trânsito pelo condutor";"Saída de leito carroçável";"Com Vítimas Feridas";"Pleno dia";"Crescente";"Nublado";"Simples";"Reta";"Sim";2;0;1;1;0;0;2;1;-22,607824;-55,650143;"SPRF-MS";"DEL04-MS";"UOP03-DEL04-MS"
145883;2018-07-11;"quarta-feira";"12:30:00";"GO";153;514;"APARECIDA DE GOIANIA";"Velocidade Incompatível";"Colisão lateral";"Com Vítimas Feridas";"Pleno dia";"Crescente";"Céu Claro";"Dupla";"Reta";"Sim";3;0;0;1;1;1;1;3;-16,8315;-49,2434;"SPRF-GO";"DEL01-GO";"UOP03-DEL01-GO"
145884;2018-07-11;"quarta-feira";"11:30:00";"SP";116;67,8;"GUARATINGUETA";"Falta de Atenção à Condução";"Colisão lateral";"Com Vítimas Feridas";"Pleno dia";"Decrescente";"Céu Claro";"Dupla";"Reta";"Sim";2;0;1;0;1;0;1;2;-22,828665;-45,20887;"SPRF-SP";"DEL08-SP";"UOP01-DEL08-SP"
145885;2018-07-11;"quarta-feira";"12:30:00";"MA";316;583;"CAXIAS";"Falta de Atenção à Condução";"Colisão frontal";"Com Vítimas Feridas";"Pleno dia";"Crescente";"Céu Claro";"Simples";"Curva";"Não";3;0;2;1;0;0;3;2;-4,977182;-43,098457;"SPRF-MA";"DEL03-MA";"UOP02-DEL03-MA"
145886;2018-06-07;"quinta-feira";"10:07:00";"RJ";116;180,5;"NOVA IGUACU";"Falta de Atenção à Condução";"Colisão traseira";"Com Vítimas Feridas";"Pleno dia";"Decrescente";"Nublado";"Dupla";"Reta";"Sim";5;0;2;0;3;0;2;2;-22,75877004;-43,43101501;"SPRF-RJ";"DEL01-RJ";"UOP02-DEL01-RJ"
145887;2018-07-11;"quarta-feira";"12:40:00";"PI";230;178,9;"ASSUNCAO DO PIAUI";"Defeito Mecânico no Veículo";"Saída de leito carroçável";"Com Vítimas Feridas";"Pleno dia";"Crescente";"Nublado";"Simples";"Reta";"Não";2;0;2;0;0;0;2;1;-6;-41;"SPRF-PI";"DEL04-PI";"UOP01-DEL04-PI"
145888;2018-05-28;"segunda-feira";"18:10:00";"SC";280;129,3;"RIO NEGRINHO";"Ingestão de Álcool";"Colisão transversal";"Com Vítimas Feridas";"Anoitecer";"Decrescente";"Céu Claro";"Simples";"Rotatória";"Sim";2;0;1;0;0;1;1;2;-26,24583626;-49,5219254;"SPRF-SC";"DEL06-SC";"UOP03-DEL06-SC"
145890;2018-07-11;"quarta-feira";"12:00:00";"RO";319;62;"PORTO VELHO";"Desobediência às normas de trânsito pelo condutor";"Colisão lateral";"Com Vítimas Feridas";"Pleno dia";"Decrescente";"Céu Claro";"Dupla";"Reta";"Sim";3;0;2;1;0;0;3;2;-8,75853117;-63,88587363;"SPRF-RO";"DEL01-RO";"UOP01-DEL01-RO"
145891;2018-07-11;"quarta-feira";"12:00:00";"SP";116;301,9;"SAO LOURENCO DA SERRA";"Objeto estático sobre o leito carroçável";"Colisão com objeto em movimento";"Com Vítimas Feridas";"Pleno dia";"Crescente";"Céu Claro";"Dupla";"Reta";"Sim";1;0;1;0;0;0;1;1;-23,81803807;-46,92429721;"SPRF-SP";"DEL04-SP";"UOP01-DEL04-SP"
145895;2018-07-11;"quarta-feira";"13:25:00";"MG";40;733,6;"SANTOS DUMONT";"Falta de Atenção à Condução";"Colisão transversal";"Com Vítimas Feridas";"Pleno dia";"Crescente";"Nublado";"Simples";"Interseção de Vias";"Sim";5;0;1;0;4;0;1;2;-21,37886739;-43,57026994;"SPRF-MG";"DEL05-MG";"UOP01-DEL05-MG"
145896;2018-07-11;"quarta-feira";"12:35:00";"RJ";465;19;"NOVA IGUACU";"Desobediência às normas de trânsito pelo condutor";"Colisão transversal";"Com Vítimas Feridas";"Pleno dia";"Decrescente";"Céu Claro";"Simples";"Reta";"Sim";2;0;1;0;1;0;1;2;-22,839184;-43,610451;"SPRF-RJ";"DEL01-RJ";"UOP03-DEL01-RJ"
145897;2018-07-11;"quarta-feira";"13:30:00";"SC";101;204;"SAO JOSE";"Mal Súbito";"Colisão traseira";"Com Vítimas Feridas";"Pleno dia";"Crescente";"Céu Claro";"Múltipla";"Declive";"Não";3;0;1;0;2;0;1;3;-27,5832;-48,6151;"SPRF-SC";"DEL01-SC";"UOP01-DEL01-SC"
145898;2018-07-11;"quarta-feira";"14:00:00";"GO";40;6;"VALPARAISO DE GOIAS";"Não guardar distância de segurança";"Colisão traseira";"Sem Vítimas";"Pleno dia";"Decrescente";"Céu Claro";"Dupla";"Reta";"Sim";2;0;0;0;2;0;0;2;-16,100814;-47,977351;"SPRF-DF";"DEL01-DF";"UOP01-DEL01-DF"
145900;2018-07-11;"quarta-feira";"12:00:00";"PR";469;13,1;"FOZ DO IGUACU";"Falta de Atenção à Condução";"Colisão lateral";"Com Vítimas Feridas";"Pleno dia";"Crescente";"Sol";"Simples";"Reta";"Sim";3;0;1;0;2;0;1;2;-25,57582406;-54,54762507;"SPRF-PR";"DEL05-PR";"UOP04-DEL05-PR"
145901;2018-07-11;"quarta-feira";"14:20:00";"PA";230;114;"MARABA";"Falta de Atenção à Condução";"Colisão traseira";"Sem Vítimas";"Pleno dia";"Decrescente";"Sol";"Simples";"Rotatória";"Sim";2;0;0;0;2;0;0;2;-5,36184294;-49,07880862;"SPRF-PA";"DEL03-PA";"UOP01-DEL03-PA"
145902;2018-07-11;"quarta-feira";"14:00:00";"SC";101;416,9;"ARARANGUA";"Falta de Atenção à Condução";"Colisão traseira";"Com Vítimas Feridas";"Pleno dia";"Crescente";"Sol";"Dupla";"Aclive";"Não";2;0;1;0;1;0;1;2;-28,9716;-49,5279;"SPRF-SC";"DEL02-SC";"UOP02-DEL02-SC"
145903;2018-07-11;"quarta-feira";"13:40:00";"PR";277;725;"FOZ DO IGUACU";"Falta de Atenção à Condução";"Colisão transversal";"Com Vítimas Feridas";"Pleno dia";"Decrescente";"Céu Claro";"Dupla";"Rotatória";"Sim";3;0;1;0;2;0;1;2;-25,51107331;-54,55123901;"SPRF-PR";"DEL05-PR";"UOP03-DEL05-PR"
145905;2018-07-11;"quarta-feira";"13:30:00";"MG";50;171,9;"UBERABA";"Velocidade Incompatível";"Colisão com objeto estático";"Com Vítimas Feridas";"Pleno dia";"Decrescente";"Céu Claro";"Dupla";"Curva";"Sim";3;0;2;0;0;1;2;2;-19,7539;-47,9807;"SPRF-MG";"DEL13-MG";"UOP01-DEL13-MG"
145906;2018-07-11;"quarta-feira";"14:20:00";"RN";101;125,9;"SAO JOSE DE MIPIBU";"Falta de Atenção do Pedestre";"Atropelamento de Pedestre";"Com Vítimas Feridas";"Pleno dia";"Crescente";"Céu Claro";"Dupla";"Reta";"Sim";2;0;0;1;0;1;1;2;-6,078156;-35,234119;"SPRF-RN";"DEL01-RN";"UOP01-DEL01-RN"
145907;2018-07-11;"quarta-feira";"15:20:00";"SC";101;207;"SAO JOSE";"Não guardar distância de segurança";"Colisão traseira";"Com Vítimas Feridas";"Pleno dia";"Decrescente";"Céu Claro";"Dupla";"Reta";"Não";3;0;1;1;1;0;2;3;-27,60141141;-48,62474615;"SPRF-SC";"DEL01-SC";"UOP01-DEL01-SC"
145908;2018-07-11;"quarta-feira";"13:30:00";"MG";116;416,1;"UBAPORANGA";"Falta de Atenção à Condução";"Saída de leito carroçável";"Com Vítimas Feridas";"Pleno dia";"Crescente";"Céu Claro";"Simples";"Reta";"Não";2;0;1;0;0;1;1;2;-19,68287923;-42,11719126;"SPRF-MG";"DEL06-MG";"UOP01-DEL06-MG"
145911;2018-07-11;"quarta-feira";"15:35:00";"RS";290;115,7;"ELDORADO DO SUL";"Ultrapassagem Indevida";"Saída de leito carroçável";"Sem Vítimas";"Pleno dia";"Decrescente";"Céu Claro";"Simples";"Reta";"Não";1;0;0;0;1;0;0;1;-30,045572;-51,357651;"SPRF-RS";"DEL02-RS";"UOP01-DEL02-RS"
145912;2018-07-11;"quarta-feira";"15:30:00";"MG";365;561,7;"INDIANOPOLIS";"Falta de Atenção à Condução";"Saída de leito carroçável";"Com Vítimas Feridas";"Pleno dia";"Crescente";"Céu Claro";"Simples";"Reta";"Não";4;0;3;1;0;0;4;1;-18,925;-47,777;"SPRF-MG";"DEL10-MG";"UOP01-DEL10-MG"
145913;2018-07-11;"quarta-feira";"15:25:00";"SP";381;48;"ATIBAIA";"Agressão Externa";"Colisão traseira";"Com Vítimas Feridas";"Pleno dia";"Crescente";"Nublado";"Dupla";"Reta";"Sim";3;0;1;0;2;0;1;2;-23,19493549;-46,58645061;"SPRF-SP";"DEL03-SP";"UOP01-DEL03-SP"
145914;2018-06-08;"sexta-feira";"17:40:00";"PB";230;427;"POMBAL";"Ingestão de Álcool";"Saída de leito carroçável";"Com Vítimas Feridas";"Plena Noite";"Crescente";"Céu Claro";"Simples";"Reta";"Não";1;0;1;0;0;0;1;1;-6,736667;-37,926944;"SPRF-PB";"DEL03-PB";"UOP02-DEL03-PB"
145915;2018-06-22;"sexta-feira";"19:05:00";"PR";277;723;"FOZ DO IGUACU";"Animais na Pista";"Atropelamento de Animal";"Com Vítimas Feridas";"Anoitecer";"Decrescente";"Céu Claro";"Dupla";"Reta";"Sim";1;0;1;0;0;0;1;1;-25,49089654;-54,51094003;"SPRF-PR";"DEL05-PR";"UOP01-DEL05-PR"
145917;2018-07-11;"quarta-feira";"16:10:00";"RS";290;24;"SANTO ANTONIO DA PATRULHA";"Falta de Atenção à Condução";"Saída de leito carroçável";"Com Vítimas Feridas";"Pleno dia";"Decrescente";"Nublado";"Dupla";"Reta";"Não";2;0;0;2;0;0;2;1;-29,88143451;-50,49730539;"SPRF-RS";"DEL03-RS";"UOP02-DEL03-RS"
145921;2018-07-11;"quarta-feira";"16:40:00";"PB";104;128,8;"CAMPINA GRANDE";"Ingestão de Álcool";"Capotamento";"Sem Vítimas";"Pleno dia";"Decrescente";"Nublado";"Dupla";"Curva";"Sim";1;0;0;0;1;0;0;1;-7,279025;-35,888626;"SPRF-PB";"DEL02-PB";"UOP01-DEL02-PB"
145922;2018-07-11;"quarta-feira";"17:20:00";"RS";116;42,1;"VACARIA";"Falta de Atenção do Pedestre";"Atropelamento de Pedestre";"Com Vítimas Feridas";"Pleno dia";"Crescente";"Sol";"Simples";"Reta";"Não";3;0;1;0;1;1;1;2;-28,53163709;-50,95474005;"SPRF-RS";"DEL05-RS";"UOP03-DEL05-RS"
145925;2018-07-11;"quarta-feira";"17:30:00";"MG";381;359;"JOAO MONLEVADE";"Falta de Atenção à Condução";"Colisão traseira";"Com Vítimas Feridas";"Pleno dia";"Decrescente";"Céu Claro";"Simples";"Reta";"Não";2;0;1;0;1;0;1;2;-19,84939396;-43,14674377;"SPRF-MG";"DEL03-MG";"UOP01-DEL03-MG"
145927;2018-07-11;"quarta-feira";"17:50:00";"PR";376;176,6;"MARINGA";"Falta de Atenção à Condução";"Colisão lateral";"Com Vítimas Feridas";"Anoitecer";"Decrescente";"Céu Claro";"Dupla";"Declive;Reta;Retorno Regulamentado";"Sim";3;0;1;0;2;0;1;2;-23,41163606;-51,93493632;"SPRF-PR";"DEL07-PR";"UOP01-DEL09-PR"
145928;2018-07-11;"quarta-feira";"14:10:00";"RO";364;736;"PORTO VELHO";"Falta de Atenção à Condução";"Saída de leito carroçável";"Com Vítimas Feridas";"Pleno dia";"Decrescente";"Céu Claro";"Simples";"Curva";"Não";2;0;2;0;0;0;2;1;-8,94680139;-63,9810276;"SPRF-RO";"DEL01-RO";"UOP02-DEL01-RO"
145929;2018-07-11;"quarta-feira";"16:20:00";"MT";174;315;"PONTES E LACERDA";"Falta de Atenção à Condução";"Saída de leito carroçável";"Com Vítimas Feridas";"Pleno dia";"Decrescente";"Céu Claro";"Simples";"Reta";"Não";5;0;1;2;2;0;3;1;-15,007051;-59,287216;"SPRF-MT";"DEL04-MT";"UOP01-DEL04-MT"