"id";"data_inversa";"dia_semana";"horario";"uf";"br";"km";"municipio";"causa_acidente";"tipo_acidente";"classificacao_acidente";"fase_dia";"sentido_via";"condicao_metereologica";"tipo_pista";"tracado_via";"uso_solo";"pessoas";"mortos";"feridos_leves";"feridos_graves";"ilesos";"ignorados";"feridos";"veiculos";"latitude";"longitude";"regional";"delegacia";"uop"
145930;2018-07-11;"quarta-feira";"16:40:00";"RO";319;63,1;"PORTO VELHO";"Falta de Atenção à Condução";"Colisão transversal";"Com Vítimas Feridas";"Pleno dia";"Crescente";"Céu Claro";"Múltipla";"Interseção de Vias";"Sim";2;0;1;0;1;0;1;2;-8,76604646;-63,88458347;"SPRF-RO";"DEL01-RO";"UOP01-DEL01-RO"
145933;2018-07-11;"quarta-feira";"17:40:00";"GO";40;6;"VALPARAISO DE GOIAS";"Falta de Atenção à Condução";"Colisão traseira";"Com Vítimas Feridas";"Anoitecer";"Crescente";"Céu Claro";"Dupla";"Reta";"Sim";2;0;1;0;1;0;1;2;-16,100814;-47,977351;"SPRF-DF";"DEL01-DF";"UOP01-DEL01-DF"
145935;2018-07-11;"quarta-feira";"17:50:00";"PR";476;153;"ARAUCARIA";"Falta de Atenção à Condução";"Colisão traseira";"Com Vítimas Feridas";"Anoitecer";"Crescente";"Céu Claro";"Dupla";"Reta";"Sim";4;0;2;0;2;0;2;2;-25,577307;-49,392338;"SPRF-PR";"DEL01-PR";"UOP06-DEL01-PR"
145936;2018-07-11;"quarta-feira";"17:45:00";"ES";101;180,7;"ARACRUZ";"Desobediência às normas de trânsito pelo condutor";"Colisão frontal";"Com Vítimas Fatais";"Anoitecer";"Crescente";"Céu Claro";"Simples";"Declive";"Não";4;1;1;0;2;0;1;3;-19,62698542;-40,22296429;"SPRF-ES";"DEL04-ES";"UOP01-DEL04-ES"
145937;2018-07-11;"quarta-feira";"17:50:00";"GO";40;1,5;"VALPARAISO DE GOIAS";"Restrição de Visibilidade";"Atropelamento de Pedestre";"Com Vítimas Feridas";"Anoitecer";"Crescente";"Céu Claro";"Dupla";"Reta";"Sim";2;0;1;0;0;1;1;2;-16,058245;-47,982825;"SPRF-DF";"DEL01-DF";"UOP01-DEL01-DF"
145938;2018-07-11;"quarta-feira";"17:40:00";"BA";116;824,9;"VITORIA DA CONQUISTA";"Desobediência às normas de trânsito pelo condutor";"Colisão transversal";"Com Vítimas Feridas";"Anoitecer";"Decrescente";"Céu Claro";"Simples";"Interseção de Vias";"Sim";3;0;0;2;0;1;2;2;-14,870144;-40,850855;"SPRF-BA";"DEL08-BA";"UOP01-DEL08-BA"
145939;2018-07-11;"quarta-feira";"18:30:00";"SP";381;77,6;"SAO PAULO";"Falta de Atenção do Pedestre";"Atropelamento de Pedestre";"Com Vítimas Feridas";"Plena Noite";"Crescente";"Nublado";"Dupla";"Declive;Curva";"Não";3;0;0;2;1;0;2;2;-23,37692587;-46,56417847;"SPRF-SP";"DEL03-SP";"DEL6/3-UOP03/SP"
145940;2018-07-11;"quarta-feira";"18:35:00";"SE";101;170;"SANTA LUZIA DO ITANHY";"Ingestão de Álcool";"Saída de leito carroçável";"Sem Vítimas";"Plena Noite";"Crescente";"Céu Claro";"Simples";"Reta";"Não";1;0;0;0;1;0;0;1;-11,3251026;-37,5648992;"SPRF-SE";"DEL02-SE";"UOP01-DEL02-SE"
145943;2018-07-11;"quarta-feira";"19:00:00";"PE";232;212,5;"PESQUEIRA";"Falta de Atenção à Condução";"Colisão transversal";"Com Vítimas Feridas";"Plena Noite";"Decrescente";"Céu Claro";"Simples";"Interseção de Vias";"Sim";5;0;1;2;2;0;3;2;-8,373281;-36,713772;"SPRF-PE";"DEL02-PE";"UOP03-DEL02-PE"
145944;2018-07-11;"quarta-feira";"18:00:00";"MT";163;568;"NOVA MUTUM";"Defeito na Via";"Saída de leito carroçável";"Com Vítimas Feridas";"Plena Noite";"Crescente";"Céu Claro";"Simples";"Reta";"Não";3;0;3;0;0;0;3;1;-14,07697416;-56,1082077;"SPRF-MT";"DEL01-MT";"UOP01-DEL01-MT"
145945;2018-07-11;"quarta-feira";"18:00:00";"MG";116;411,7;"GOVERNADOR VALADARES";"Falta de Atenção à Condução";"Colisão traseira";"Com Vítimas Feridas";"Plena Noite";"Decrescente";"Céu Claro";"Múltipla";"Reta";"Sim";2;0;1;0;1;0;1;2;-18,863163;-41,974065;"SPRF-MG";"DEL06-MG";"UOP01-DEL06-MG"
145946;2018-07-11;"quarta-feira";"19:15:00";"PR";277;2;"FOZ DO IGUACU";"Falta de Atenção à Condução";"Colisão transversal";"Sem Vítimas";"Plena Noite";"Crescente";"Céu Claro";"Dupla";"Reta";"Sim";2;0;0;0;2;0;0;2;-25,50387878;-54,58415508;"SPRF-PR";"DEL05-PR";"UOP03-DEL05-PR"
145948;2018-07-11;"quarta-feira";"13:55:00";"AP";156;177,2;"MACAPA";"Defeito na Via";"Saída de leito carroçável";"Com Vítimas Feridas";"Pleno dia";"Decrescente";"Céu Claro";"Simples";"Reta";"Não";3;0;2;0;1;0;2;1;0,20283;-51,116314;"SPRF-AP";"DEL01-AP";"UOP01-DEL01-AP"
145949;2018-07-11;"quarta-feira";"19:20:00";"GO";364;311;"MINEIROS";"Condutor Dormindo";"Saída de leito carroçável";"Com Vítimas Fatais";"Plena Noite";"Crescente";"Céu Claro";"Simples";"Reta";"Não";2;1;0;1;0;0;1;1;-17,482414;-52,561501;"SPRF-GO";"DEL05-GO";"UOP01-DEL05-GO"
145951;2018-07-11;"quarta-feira";"18:50:00";"SC";282;3;"FLORIANOPOLIS";"Falta de Atenção à Condução";"Colisão lateral";"Com Vítimas Feridas";"Plena Noite";"Crescente";"Céu Claro";"Dupla";"Curva";"Sim";2;0;1;0;1;0;1;2;-27,600384;-48,599705;"SPRF-SC";"DEL01-SC";"UOP01-DEL01-SC"
145955;2018-07-11;"quarta-feira";"19:30:00";"SP";116;461;"REGISTRO";"Falta de Atenção à Condução";"Queda de ocupante de veículo";"Com Vítimas Feridas";"Plena Noite";"Decrescente";"Céu Claro";"Dupla";"Reta";"Não";1;0;1;0;0;0;1;1;-24,4570692;-47,8142836;"SPRF-SP";"DEL05-SP";"UOP01-DEL05-SP"
145956;2018-07-11;"quarta-feira";"16:10:00";"RO";364;17,2;"VILHENA";"Falta de Atenção à Condução";"Colisão transversal";"Com Vítimas Feridas";"Pleno dia";"Crescente";"Céu Claro";"Simples";"Reta";"Não";3;0;0;1;2;0;1;2;-12,73208;-60,165894;"SPRF-RO";"DEL04-RO";"UOP01-DEL04-RO"
145957;2018-07-11;"quarta-feira";"18:00:00";"RO";364;710,9;"PORTO VELHO";"Desobediência às normas de trânsito pelo condutor";"Colisão transversal";"Com Vítimas Feridas";"Pleno dia";"Decrescente";"Céu Claro";"Dupla";"Reta";"Sim";2;0;0;1;1;0;1;2;-8,78352022;-63,86235124;"SPRF-RO";"DEL01-RO";"UOP01-DEL01-RO"
145958;2018-07-11;"quarta-feira";"18:20:00";"SC";116;220,5;"CORREIA PINTO";"Desobediência às normas de trânsito pelo condutor";"Colisão transversal";"Sem Vítimas";"Plena Noite";"Decrescente";"Céu Claro";"Simples";"Rotatória";"Sim";2;0;0;0;2;0;0;2;-27,577713;-50,36993;"SPRF-SC";"DEL05-SC";"UOP03-DEL05-SC"
145959;2018-07-11;"quarta-feira";"20:00:00";"ES";262;46,8;"MARECHAL FLORIANO";"Falta de Atenção à Condução";"Colisão transversal";"Com Vítimas Feridas";"Plena Noite";"Crescente";"Céu Claro";"Simples";"Retorno Regulamentado";"Sim";3;0;1;1;1;0;2;2;-20,4107644;-40,67722321;"SPRF-ES";"DEL01-ES";"UOP01-DEL01-ES"
145962;2018-03-30;"sexta-feira";"18:38:00";"PE";428;179,9;"PETROLINA";"Falta de Atenção à Condução";"Atropelamento de Pedestre";"Com Vítimas Fatais";"Plena Noite";"Decrescente";"Céu Claro";"Simples";"Reta";"Não";4;1;0;0;2;1;0;3;-9,310799;-40,455204;"SPRF-PE";"DEL06-PE";"UOP01-DEL06-PE"
145963;2018-07-11;"quarta-feira";"20:00:00";"MG";153;96,7;"PRATA";"Ingestão de Álcool";"Atropelamento de Pedestre";"Com Vítimas Fatais";"Plena Noite";"Crescente";"Céu Claro";"Simples";"Reta";"Não";3;1;0;0;0;2;0;2;-19,25767359;-48,92430782;"SPRF-MG";"DEL15-MG";"UOP03-DEL15-MG"
145967;2018-05-31;"quinta-feira";"18:50:00";"PE";407;120,6;"PETROLINA";"Ingestão de Álcool";"Saída de leito carroçável";"Com Vítimas Fatais";"Plena Noite";"Crescente";"Céu Claro";"Simples";"Reta";"Não";1;1;0;0;0;0;0;1;-9,34693938;-40,55457115;"SPRF-PE";"DEL06-PE";"UOP01-DEL06-PE"
145971;2018-07-11;"quarta-feira";"18:20:00";"RS";471;473,1;"RIO GRANDE";"Falta de Atenção à Condução";"Queda de ocupante de veículo";"Com Vítimas Feridas";"Plena Noite";"Decrescente";"Céu Claro";"Simples";"Reta";"Não";2;0;1;0;1;0;1;2;-32,149464;-52,390045;"SPRF-RS";"DEL07-RS";"UOP02-DEL07-RS"
145972;2018-07-11;"quarta-feira";"17:00:00";"MA";135;280,3;"SANTO ANTONIO DOS LOPES";"Restrição de Visibilidade";"Colisão frontal";"Com Vítimas Fatais";"Pleno dia";"Crescente";"Céu Claro";"Simples";"Reta";"Não";3;1;0;1;0;1;1;2;-4,829485;-44,32310969;"SPRF-MA";"DEL03-MA";"UOP01-DEL03-MA"
145975;2018-07-11;"quarta-feira";"21:20:00";"RJ";116;220,8;"PIRAI";"Desobediência às normas de trânsito pelo condutor";"Tombamento";"Com Vítimas Feridas";"Plena Noite";"Crescente";"Nublado";"Simples";"Reta";"Não";2;0;2;0;0;0;2;1;-22,66727397;-43,81792367;"SPRF-RJ";"DEL07-RJ";"UOP01-DEL07-RJ"
145976;2018-07-11;"quarta-feira";"22:45:00";"MG";262;492,2;"MOEMA";"Desobediência às normas de trânsito pelo condutor";"Colisão transversal";"Sem Vítimas";"Plena Noite";"Crescente";"Céu Claro";"Simples";"Rotatória";"Não";2;0;0;0;2;0;0;2;-19,785557;-45,389137;"SPRF-MG";"DEL08-MG";"UOP03-DEL08-MG"
145977;2018-07-11;"quarta-feira";"23:00:00";"GO";153;69,2;"PORANGATU";"Animais na Pista";"Atropelamento de Animal";"Com Vítimas Fatais";"Plena Noite";"Decrescente";"Céu Claro";"Simples";"Reta";"Sim";1;1;0;0;0;0;0;1;-13,4064263;-49,1312987;"SPRF-GO";"DEL07-GO";"UOP01-DEL07-GO"
145978;2018-07-11;"quarta-feira";"20:15:00";"RO";174;14,5;"VILHENA";"Falta de Atenção à Condução";"Colisão lateral";"Com Vítimas Feridas";"Plena Noite";"Crescente";"Céu Claro";"Simples";"Reta";"Sim";2;0;1;1;0;0;2;2;-12,733067;-60,12981;"SPRF-RO";"DEL04-RO";"UOP01-DEL04-RO"
145979;2018-07-11;"quarta-feira";"22:20:00";"PA";316;2;"ANANINDEUA";"Falta de Atenção à Condução";"Colisão lateral";"Com Vítimas Feridas";"Plena Noite";"Crescente";"Céu Claro";"Dupla";"Reta";"Sim";2;0;1;0;1;0;1;2;-1,394153;-48,4212421;"SPRF-PA";"DEL01-PA";"DEL19/1-UOP05/PA"
145981;2018-07-11;"quarta-feira";"23:10:00";"MG";381;802;"SAO GONCALO DO SAPUCAI";"Falta de Atenção do Pedestre";"Atropelamento de Pedestre";"Com Vítimas Fatais";"Plena Noite";"Crescente";"Céu Claro";"Dupla";"Reta";"Não";3;1;0;1;1;0;1;2;-21,9527;-45,624;"SPRF-MG";"DEL16-MG";"UOP02-DEL16-MG"
145982;2018-07-11;"quarta-feira";"23:00:00";"PR";277;2,8;"PARANAGUA";"Desobediência às normas de trânsito pelo condutor";"Colisão transversal";"Com Vítimas Feridas";"Plena Noite";"Decrescente";"Nublado";"Simples";"Reta";"Sim";3;0;0;1;2;0;1;2;-25,56753;-48,62214;"SPRF-PR";"DEL01-PR";"UOP05-DEL01-PR"
145984;2018-07-11;"quarta-feira";"22:50:00";"MS";163;256,9;"DOURADOS";"Ingestão de Álcool";"Colisão lateral";"Com Vítimas Feridas";"Plena Noite";"Crescente";"Céu Claro";"Dupla";"Reta";"Sim";2;0;1;0;1;0;1;2;-22,2562793;-54,8628409;"SPRF-MS";"DEL04-MS";"UOP01-DEL04-MS"
145985;2018-07-11;"quarta-feira";"20:30:00";"RJ";101;476;"MANGARATIBA";"Velocidade Incompatível";"Colisão frontal";"Com Vítimas Feridas";"Plena Noite";"Decrescente";"Céu Claro";"Simples";"Reta";"Sim";5;0;3;0;2;0;3;2;-22,937099;-44,010822;"SPRF-RJ";"DEL03-RJ";"UOP03-DEL03-RJ"
145986;2018-07-11;"quarta-feira";"21:50:00";"PI";230;266,3;"NAZARE DO PIAUI";"Defeito Mecânico no Veículo";"Queda de ocupante de veículo";"Com Vítimas Feridas";"Plena Noite";"Crescente";"Céu Claro";"Simples";"Reta";"Não";1;0;1;0;0;0;1;1;-6,992762;-42,579033;"SPRF-PI";"DEL03-PI";"UOP01-DEL03-PI"
145991;2018-07-11;"quarta-feira";"22:00:00";"MT";70;731;"CACERES";"Falta de Atenção à Condução";"Colisão lateral";"Com Vítimas Feridas";"Plena Noite";"Decrescente";"Céu Claro";"Simples";"Reta";"Sim";2;0;1;0;1;0;1;2;-16,09134096;-57,68783569;"SPRF-MT";"DEL03-MT";"UOP01-DEL03-MT"
145993;2018-07-07;"sábado";"19:45:00";"MG";116;27;"CACHOEIRA DE PAJEU";"Desobediência às normas de trânsito pelo pedestre";"Saída de leito carroçável";"Sem Vítimas";"Plena Noite";"Crescente";"Céu Claro";"Simples";"Reta";"Não";1;0;0;0;1;0;0;1;-15,88011129;-41,42778039;"SPRF-MG";"DEL11-MG";"UOP02-DEL11-MG"
145994;2018-07-12;"quinta-feira";"00:15:00";"PR";277;729;"FOZ DO IGUACU";"Falta de Atenção à Condução";"Capotamento";"Com Vítimas Feridas";"Plena Noite";"Crescente";"Céu Claro";"Dupla";"Reta";"Sim";1;0;0;1;0;0;1;1;-25,47935603;-54,58318587;"SPRF-PR";"DEL05-PR";"UOP03-DEL05-PR"
145998;2018-03-18;"domingo";"08:50:00";"PI";343;283,1;"CAMPO MAIOR";"Velocidade Incompatível";"Colisão com objeto estático";"Com Vítimas Fatais";"Pleno dia";"Crescente";"Céu Claro";"Simples";"Reta";"Não";3;2;0;1;0;0;1;2;-4,927681;-42,286869;"SPRF-PI";"DEL01-PI";"UOP03-DEL01-PI"
145999;2018-07-12;"quinta-feira";"00:10:00";"MS";163;286,3;"DOURADOS";"Defeito Mecânico no Veículo";"Tombamento";"Com Vítimas Feridas";"Plena Noite";"Decrescente";"Céu Claro";"Dupla";"Reta";"Não";2;0;2;0;0;0;2;1;-22,09583463;-54,57674146;"SPRF-MS";"DEL04-MS";"UOP01-DEL04-MS"
146001;2018-07-12;"quinta-feira";"02:30:00";"RS";116;298,7;"GUAIBA";"Ingestão de Álcool";"Saída de leito carroçável";"Com Vítimas Feridas";"Plena Noite";"Crescente";"Céu Claro";"Dupla";"Reta";"Não";2;0;2;0;0;0;2;1;-30,106472;-51,343819;"SPRF-RS";"DEL02-RS";"UOP01-DEL02-RS"
146002;2018-07-11;"quarta-feira";"21:30:00";"MG";381;315;"NOVA ERA";"Falta de Atenção à Condução";"Capotamento";"Com Vítimas Feridas";"Plena Noite";"Decrescente";"Céu Claro";"Simples";"Declive;Curva";"Não";1;0;1;0;0;0;1;1;-19,7609;-43,0306;"SPRF-MG";"DEL03-MG";"UOP02-DEL03-MG"
146004;2018-07-12;"quinta-feira";"01:00:00";"MT";163;74,6;"RONDONOPOLIS";"Ingestão de Álcool";"Colisão com objeto estático";"Sem Vítimas";"Plena Noite";"Decrescente";"Nublado";"Dupla";"Reta";"Não";1;0;0;0;1;0;0;1;-16,868189;-54,71048;"SPRF-MT";"DEL02-MT";"DEL2/2-UOP02/MT"
146007;2018-07-12;"quinta-feira";"03:20:00";"TO";235;166,7;"PEDRO AFONSO";"Falta de Atenção à Condução";"Colisão transversal";"Com Vítimas Feridas";"Plena Noite";"Crescente";"Céu Claro";"Simples";"Aclive";"Não";2;0;0;1;0;1;1;2;-8,98166953;-48,19513321;"SPRF-TO";"DEL02-TO";"UOP02-DEL02-TO"
146008;2018-07-12;"quinta-feira";"01:40:00";"PI";407;534,6;"JACOBINA DO PIAUI";"Condutor Dormindo";"Saída de leito carroçável";"Com Vítimas Fatais";"Plena Noite";"Decrescente";"Céu Claro";"Simples";"Reta";"Não";1;1;0;0;0;0;0;1;-7,793244;-41,21954;"SPRF-PI";"DEL04-PI";"UOP01-DEL04-PI"
146042;2018-07-12;"quinta-feira";"06:10:00";"SC";101;208;"SAO JOSE";"Desobediência às normas de trânsito pelo condutor";"Queda de ocupante de veículo";"Com Vítimas Feridas";"Amanhecer";"Decrescente";"Céu Claro";"Simples";"Interseção de Vias";"Não";1;0;1;0;0;0;1;1;-27,605;-48,633;"SPRF-SC";"DEL01-SC";"UOP01-DEL01-SC"
146084;2018-07-12;"quinta-feira";"07:40:00";"SC";163;66,4;"SAO MIGUEL DO OESTE";"Não guardar distância de segurança";"Colisão traseira";"Com Vítimas Feridas";"Pleno dia";"Crescente";"Céu Claro";"Dupla";"Declive;Reta";"Sim";2;0;1;0;1;0;1;2;-26,75680043;-53,50055337;"SPRF-SC";"DEL07-SC";"UOP03-DEL07-SC"
146085;2018-07-12;"quinta-feira";"07:50:00";"MG";381;483,4;"BETIM";"Falta de Atenção à Condução";"Colisão traseira";"Com Vítimas Feridas";"Pleno dia";"Crescente";"Céu Claro";"Dupla";"Reta";"Sim";2;0;0;1;1;0;1;2;-19,9596;-44,0877;"SPRF-MG";"DEL01-MG";"UOP03-DEL01-MG"
146088;2018-07-12;"quinta-feira";"08:10:00";"RJ";116;141;"DUQUE DE CAXIAS";"Falta de Atenção à Condução";"Saída de leito carroçável";"Com Vítimas Feridas";"Pleno dia";"Decrescente";"Sol";"Dupla";"Reta";"Sim";1;0;1;0;0;0;1;1;-22,647245;-43,220829;"SPRF-RJ";"DEL04-RJ";"UOP02-DEL04-RJ"
146089;2018-07-12;"quinta-feira";"07:05:00";"SC";280;29,4;"ARAQUARI";"Falta de Atenção à Condução";"Colisão transversal";"Com Vítimas Feridas";"Pleno dia";"Decrescente";"Céu Claro";"Simples";"Reta";"Não";2;0;0;1;1;0;1;2;-26,41289099;-48,75678149;"SPRF-SC";"DEL03-SC";"UOP03-DEL03-SC"
146090;2018-06-22;"sexta-feira";"15:10:00";"RS";287;407;"SANTIAGO";"Não guardar distância de segurança";"Colisão traseira";"Com Vítimas Feridas";"Pleno dia";"Crescente";"Céu Claro";"Simples";"Reta";"Não";2;0;0;1;1;0;1;2;-29,110922;-54,91264;"SPRF-RS";"DEL12-RS";"UOP02-DEL12-RS"
146091;2018-07-12;"quinta-feira";"06:35:00";"SC";282;22,4;"SANTO AMARO DA IMPERATRIZ";"Desobediência às normas de trânsito pelo condutor";"Colisão lateral";"Com Vítimas Feridas";"Amanhecer";"Decrescente";"Céu Claro";"Simples";"Reta";"Sim";2;0;1;0;1;0;1;2;-27,68921694;-48,73097849;"SPRF-SC";"DEL01-SC";"UOP02-DEL01-SC"
146092;2018-07-12;"quinta-feira";"07:00:00";"PR";277;1;"PARANAGUA";"Falta de Atenção à Condução";"Colisão lateral";"Com Vítimas Feridas";"Pleno dia";"Decrescente";"Céu Claro";"Dupla";"Reta";"Não";2;0;2;0;0;0;2;2;-25,55484125;-48,55761582;"SPRF-PR";"DEL01-PR";"UOP05-DEL01-PR"
146093;2018-07-12;"quinta-feira";"05:55:00";"SC";101;208;"SAO JOSE";"Desobediência às normas de trânsito pelo condutor";"Queda de ocupante de veículo";"Com Vítimas Feridas";"Amanhecer";"Decrescente";"Céu Claro";"Múltipla";"Reta";"Sim";1;0;1;0;0;0;1;1;-27,605;-48,633;"SPRF-SC";"DEL01-SC";"UOP01-DEL01-SC"
146094;2018-05-21;"segunda-feira";"18:30:00";"CE";222;4;"FORTALEZA";"Falta de Atenção à Condução";"Colisão traseira";"Sem Vítimas";"Plena Noite";"Crescente";"Céu Claro";"Dupla";"Reta";"Sim";4;0;0;0;4;0;0;4;-3,74290045;-38,61304477;"SPRF-CE";"DEL01-CE";"UOP01-DEL01-CE"
146098;2018-07-12;"quinta-feira";"09:00:00";"GO";40;1,7;"VALPARAISO DE GOIAS";"Falta de Atenção à Condução";"Colisão transversal";"Com Vítimas Feridas";"Pleno dia";"Decrescente";"Sol";"Dupla";"Reta";"Sim";2;0;1;0;1;0;1;2;-16,058245;-47,982825;"SPRF-DF";"DEL01-DF";"UOP01-DEL01-DF"
146099;2018-07-12;"quinta-feira";"07:00:00";"MG";116;794,7;"ALEM PARAIBA";"Velocidade Incompatível";"Tombamento";"Com Vítimas Feridas";"Amanhecer";"Decrescente";"Céu Claro";"Simples";"Aclive";"Não";3;0;2;0;1;0;2;1;-21,7856439;-42,72171021;"SPRF-MG";"DEL07-MG";"UOP01-DEL07-MG"
146103;2018-07-12;"quinta-feira";"09:40:00";"SP";116;230,4;"SAO PAULO";"Defeito Mecânico no Veículo";"Colisão lateral";"Com Vítimas Feridas";"Pleno dia";"Crescente";"Sol";"Múltipla";"Reta";"Sim";2;0;0;1;1;0;1;2;-23,5196709;-46,5831063;"SPRF-SP";"DEL01-SP";"UOP01-DEL01-SP"
146105;2018-07-12;"quinta-feira";"08:30:00";"MT";174;277,3;"PONTES E LACERDA";"Avarias e/ou desgaste excessivo no pneu";"Saída de leito carroçável";"Com Vítimas Feridas";"Pleno dia";"Decrescente";"Céu Claro";"Simples";"Reta";"Não";2;0;2;0;0;0;2;1;-15,2587947;-59,30526674;"SPRF-MT";"DEL04-MT";"UOP01-DEL04-MT"
146106;2018-03-02;"sexta-feira";"09:50:00";"PE";101;49,2;"ABREU E LIMA";"Falta de Atenção do Pedestre";"Atropelamento de Pedestre";"Com Vítimas Feridas";"Pleno dia";"Crescente";"Céu Claro";"Múltipla";"Reta";"Sim";3;0;1;1;1;0;2;2;-7,9068;-34,9013;"SPRF-PE";"DEL01-PE";"UOP02-DEL01-PE"
146109;2018-07-12;"quinta-feira";"10:00:00";"SP";153;64;"SAO JOSE DO RIO PRETO";"Pista Escorregadia";"Tombamento";"Com Vítimas Feridas";"Pleno dia";"Decrescente";"Céu Claro";"Simples";"Interseção de Vias;Rotatória";"Não";1;0;1;0;0;0;1;1;-20,829193;-49,360462;"SPRF-SP";"DEL09-SP";"UOP01-DEL09-SP"
146110;2018-06-19;"terça-feira";"08:00:00";"PR";476;285;"SAO MATEUS DO SUL";"Falta de Atenção à Condução";"Colisão transversal";"Com Vítimas Feridas";"Pleno dia";"Decrescente";"Nublado";"Simples";"Reta";"Não";1;0;0;1;0;0;1;1;-25,907349;-50,444057;"SPRF-PR";"DEL02-PR";"UOP04-DEL02-PR"
146111;2018-07-12;"quinta-feira";"09:15:00";"RN";226;60,9;"SENADOR ELOI DE SOUZA";"Falta de Atenção à Condução";"Colisão transversal";"Com Vítimas Feridas";"Pleno dia";"Decrescente";"Nublado";"Simples";"Interseção de Vias";"Não";3;0;1;0;2;0;1;2;-6,04633308;-35,67312241;"SPRF-RN";"DEL01-RN";"UOP02-DEL01-RN"
146114;2018-07-12;"quinta-feira";"07:20:00";"MG";116;606,2;"SAO JOAO DO MANHUACU";"Animais na Pista";"Saída de leito carroçável";"Com Vítimas Feridas";"Pleno dia";"Crescente";"Nublado";"Simples";"Declive";"Não";2;0;1;1;0;0;2;1;-20,37938885;-42,14767456;"SPRF-MG";"DEL06-MG";"UOP03-DEL06-MG"
146116;2018-07-12;"quinta-feira";"07:50:00";"PE";101;48;"IGARASSU";"Falta de Atenção à Condução";"Colisão traseira";"Sem Vítimas";"Pleno dia";"Crescente";"Céu Claro";"Simples";"Reta";"Sim";1;0;0;0;1;0;0;1;-7,898;-34,9025;"SPRF-PE";"DEL01-PE";"UOP02-DEL01-PE"
146117;2018-07-12;"quinta-feira";"11:05:00";"RN";226;44,4;"BOM JESUS";"Animais na Pista";"Colisão transversal";"Com Vítimas Fatais";"Pleno dia";"Crescente";"Céu Claro";"Simples";"Curva";"Não";2;1;0;0;1;0;0;2;-5,956964;-35,562416;"SPRF-RN";"DEL01-RN";"UOP02-DEL01-RN"
146122;2018-07-12;"quinta-feira";"12:20:00";"RS";290;106,5;"ELDORADO DO SUL";"Falta de Atenção à Condução";"Colisão traseira";"Com Vítimas Feridas";"Pleno dia";"Crescente";"Céu Claro";"Simples";"Rotatória";"Sim";3;0;1;0;2;0;1;2;-30,00186655;-51,30669951;"SPRF-RS";"DEL02-RS";"UOP01-DEL02-RS"
146123;2018-07-12;"quinta-feira";"11:30:00";"BA";324;513;"FEIRA DE SANTANA";"Agressão Externa";"Tombamento";"Com Vítimas Feridas";"Pleno dia";"Decrescente";"Céu Claro";"Múltipla";"Reta";"Sim";1;0;0;1;0;0;1;1;-12,23195947;-38,95438915;"SPRF-BA";"DEL02-BA";"UOP01-DEL02-BA"
146128;2018-07-12;"quinta-feira";"12:50:00";"GO";40;0,3;"VALPARAISO DE GOIAS";"Falta de Atenção à Condução";"Colisão lateral";"Com Vítimas Feridas";"Pleno dia";"Decrescente";"Céu Claro";"Dupla";"Reta";"Sim";4;0;1;0;3;0;1;3;-16,05690762;-47,98247695;"SPRF-DF";"DEL01-DF";"UOP01-DEL01-DF"
146130;2018-06-12;"terça-feira";"12:25:00";"PR";277;588,1;"CASCAVEL";"Falta de Atenção à Condução";"Colisão transversal";"Com Vítimas Feridas";"Pleno dia";"Decrescente";"Nublado";"Múltipla";"Reta";"Sim";2;0;1;0;1;0;1;2;-25,02817;-53,55983;"SPRF-PR";"DEL04-PR";"UOP01-DEL04-PR"
146131;2018-07-12;"quinta-feira";"12:45:00";"PA";163;987;"SANTAREM";"Agressão Externa";"Atropelamento de Pedestre";"Com Vítimas Feridas";"Pleno dia";"Decrescente";"Céu Claro";"Simples";"Reta";"Sim";3;0;2;0;1;0;2;2;-2,5815998;-54,72084045;"SPRF-PA";"DEL05-PA";"UOP01-DEL05-PA"
146136;2018-07-12;"quinta-feira";"14:00:00";"DF";40;3;"BRASILIA";"Mal Súbito";"Colisão com objeto estático";"Com Vítimas Fatais";"Pleno dia";"Decrescente";"Céu Claro";"Dupla";"Viaduto";"Sim";2;1;0;0;0;1;0;2;-16,003145;-47,983944;"SPRF-DF";"DEL01-DF";"UOP01-DEL01-DF"
146140;2018-07-12;"quinta-feira";"14:30:00";"MG";381;497;"BETIM";"Velocidade Incompatível";"Tombamento";"Com Vítimas Feridas";"Pleno dia";"Crescente";"Céu Claro";"Dupla";"Curva";"Sim";1;0;1;0;0;0;1;1;-19,98756187;-44,20213616;"SPRF-MG";"DEL01-MG";"UOP03-DEL01-MG"
146141;2018-07-12;"quinta-feira";"13:25:00";"RJ";393;255,3;"BARRA DO PIRAI";"Falta de Atenção à Condução";"Colisão transversal";"Com Vítimas Feridas";"Pleno dia";"Decrescente";"Céu Claro";"Simples";"Interseção de Vias";"Sim";4;0;0;2;1;1;2;3;-22,4565306;-43,83892429;"SPRF-RJ";"DEL05-RJ";"UOP04-DEL05-RJ"
146142;2018-07-12;"quinta-feira";"15:00:00";"PE";424;97,7;"GARANHUNS";"Falta de Atenção à Condução";"Saída de leito carroçável";"Com Vítimas Feridas";"Pleno dia";"Decrescente";"Céu Claro";"Simples";"Aclive";"Não";1;0;0;1;0;0;1;1;-8,934799;-36,504414;"SPRF-PE";"DEL03-PE";"UOP01-DEL03-PE"