"id";"data_inversa";"dia_semana";"horario";"uf";"br";"km";"municipio";"causa_acidente";"tipo_acidente";"classificacao_acidente";"fase_dia";"sentido_via";"condicao_metereologica";"tipo_pista";"tracado_via";"uso_solo";"pessoas";"mortos";"feridos_leves";"feridos_graves";"ilesos";"ignorados";"feridos";"veiculos";"latitude";"longitude";"regional";"delegacia";"uop"
146143;2018-07-12;"quinta-feira";"13:50:00";"RO";319;63,8;"PORTO VELHO";"Desobediência às normas de trânsito pelo condutor";"Colisão lateral";"Com Vítimas Feridas";"Pleno dia";"Decrescente";"Céu Claro";"Dupla";"Interseção de Vias";"Sim";2;0;1;0;1;0;1;2;-8,76597097;-63,88430715;"SPRF-RO";"DEL01-RO";"UOP01-DEL01-RO"
146147;2018-07-12;"quinta-feira";"10:40:00";"RO";364;13;"VILHENA";"Falta de Atenção do Pedestre";"Atropelamento de Pedestre";"Com Vítimas Feridas";"Pleno dia";"Crescente";"Céu Claro";"Dupla";"Rotatória";"Sim";2;0;2;0;0;0;2;2;-12,74078758;-60,13225615;"SPRF-RO";"DEL04-RO";"UOP01-DEL04-RO"
146151;2018-07-12;"quinta-feira";"15:10:00";"RJ";101;264,7;"RIO BONITO";"Defeito Mecânico no Veículo";"Colisão com objeto em movimento";"Com Vítimas Feridas";"Pleno dia";"Crescente";"Céu Claro";"Dupla";"Reta";"Não";3;0;2;0;1;0;2;2;-22,718182;-42,636028;"SPRF-RJ";"DEL02-RJ";"UOP03-DEL02-RJ"
146152;2018-07-12;"quinta-feira";"13:45:00";"PR";163;68,3;"PEROLA DOESTE";"Defeito Mecânico no Veículo";"Colisão com objeto em movimento";"Sem Vítimas";"Pleno dia";"Crescente";"Céu Claro";"Simples";"Aclive;Curva";"Não";1;0;0;0;1;0;0;1;-25,81056;-53,768693;"SPRF-PR";"DEL02-PR";"UOP02-DEL02-PR"
146154;2018-07-12;"quinta-feira";"15:30:00";"SP";116;283;"EMBU DAS ARTES";"Não guardar distância de segurança";"Tombamento";"Com Vítimas Feridas";"Pleno dia";"Decrescente";"Sol";"Dupla";"Reta";"Sim";2;0;2;0;0;0;2;1;-23,66113405;-46,85194016;"SPRF-SP";"DEL04-SP";"UOP01-DEL04-SP"
146155;2018-07-12;"quinta-feira";"15:00:00";"ES";259;50,5;"COLATINA";"Falta de Atenção à Condução";"Colisão traseira";"Sem Vítimas";"Pleno dia";"Decrescente";"Céu Claro";"Simples";"Reta";"Sim";3;0;0;0;3;0;0;2;-19,50436125;-40,61359826;"SPRF-ES";"DEL02-ES";"UOP01-DEL02-ES"
146156;2018-01-28;"domingo";"22:15:00";"AM";174;953;"MANAUS";"Falta de Atenção do Pedestre";"Atropelamento de Pedestre";"Com Vítimas Fatais";"Plena Noite";"Decrescente";"Céu Claro";"Simples";"Reta";"Não";6;1;0;0;5;0;0;2;-2,37122409;-60,04113079;"SPRF-AM";"DEL01-AM";"UOP01-DEL01-AM"
146159;2018-07-12;"quinta-feira";"14:15:00";"MS";267;135;"NOVA ANDRADINA";"Defeito Mecânico no Veículo";"Saída de leito carroçável";"Sem Vítimas";"Pleno dia";"Crescente";"Céu Claro";"Simples";"Reta";"Não";3;0;0;0;3;0;0;1;-21,7275;-53,3141;"SPRF-MS";"DEL02-MS";"DEL3/7-UOP02/MS"
146160;2018-07-12;"quinta-feira";"15:50:00";"RS";116;232;"ESTANCIA VELHA";"Falta de Atenção à Condução";"Colisão lateral";"Com Vítimas Feridas";"Pleno dia";"Decrescente";"Sol";"Dupla";"Reta";"Sim";2;0;1;0;1;0;1;2;-29,62510095;-51,13552094;"SPRF-RS";"DEL01-RS";"UOP02-DEL01-RS"
146161;2018-07-12;"quinta-feira";"16:10:00";"RS";101;73,3;"OSORIO";"Animais na Pista";"Atropelamento de Animal";"Com Vítimas Feridas";"Pleno dia";"Decrescente";"Céu Claro";"Dupla";"Reta";"Não";1;0;1;0;0;0;1;1;-29,76102449;-50,21746114;"SPRF-RS";"DEL03-RS";"UOP01-DEL03-RS"
146162;2018-07-12;"quinta-feira";"15:40:00";"SP";116;281;"EMBU DAS ARTES";"Desobediência às normas de trânsito pelo condutor";"Tombamento";"Com Vítimas Feridas";"Pleno dia";"Decrescente";"Céu Claro";"Dupla";"Reta";"Sim";1;0;1;0;0;0;1;1;-23,66144851;-46,85228348;"SPRF-SP";"DEL04-SP";"UOP01-DEL04-SP"
146163;2018-07-12;"quinta-feira";"15:45:00";"PR";369;143,4;"LONDRINA";"Falta de Atenção à Condução";"Colisão transversal";"Com Vítimas Feridas";"Pleno dia";"Decrescente";"Céu Claro";"Dupla";"Reta";"Não";2;0;1;0;1;0;1;2;-23,292811;-51,096593;"SPRF-PR";"DEL07-PR";"UOP01-DEL07-PR"
146164;2018-07-12;"quinta-feira";"16:15:00";"MA";135;4,7;"SAO LUIS";"Não guardar distância de segurança";"Colisão traseira";"Com Vítimas Feridas";"Pleno dia";"Crescente";"Céu Claro";"Dupla";"Reta";"Sim";3;0;1;0;2;0;1;2;-2,6197881;-44,2560877;"SPRF-MA";"DEL01-MA";"UOP01-DEL01-MA"
146165;2018-07-12;"quinta-feira";"10:25:00";"RO";174;9;"VILHENA";"Desobediência às normas de trânsito pelo condutor";"Colisão traseira";"Com Vítimas Feridas";"Pleno dia";"Crescente";"Céu Claro";"Simples";"Reta";"Sim";2;0;0;1;1;0;1;2;-12,758801;-60,100178;"SPRF-RO";"DEL04-RO";"UOP01-DEL04-RO"
146166;2018-07-12;"quinta-feira";"16:30:00";"SC";101;209;"SAO JOSE";"Falta de Atenção à Condução";"Colisão traseira";"Com Vítimas Feridas";"Pleno dia";"Decrescente";"Céu Claro";"Múltipla";"Reta";"Sim";2;0;1;0;1;0;1;2;-27,6176;-48,6463;"SPRF-SC";"DEL01-SC";"UOP01-DEL01-SC"
146167;2018-07-12;"quinta-feira";"17:00:00";"RN";101;109;"PARNAMIRIM";"Falta de Atenção do Pedestre";"Atropelamento de Pedestre";"Com Vítimas Feridas";"Pleno dia";"Crescente";"Nublado";"Múltipla";"Reta";"Sim";2;0;1;0;1;0;1;2;-5,943668;-35,264919;"SPRF-RN";"DEL01-RN";"UOP01-DEL01-RN"
146170;2018-07-12;"quinta-feira";"16:30:00";"BA";116;16,6;"VITORIA DA CONQUISTA";"Falta de Atenção à Condução";"Colisão transversal";"Com Vítimas Feridas";"Pleno dia";"Decrescente";"Céu Claro";"Simples";"Interseção de Vias;Reta";"Sim";2;0;1;0;1;0;1;2;-14,9024189;-40,8447727;"SPRF-PE";"DEL05-PE";"UOP03-DEL05-PE"
146171;2018-06-17;"domingo";"06:35:00";"RS";290;96;"PORTO ALEGRE";"Desobediência às normas de trânsito pelo condutor";"Colisão frontal";"Com Vítimas Feridas";"Plena Noite";"Decrescente";"Nevoeiro/Neblina";"Dupla";"Reta";"Sim";3;0;0;1;2;0;1;3;-29,99883755;-51,20664239;"SPRF-RS";"DEL01-RS";"UOP01-DEL01-RS"
146172;2018-07-12;"quinta-feira";"17:30:00";"SC";282;2,7;"SAO JOSE";"Falta de Atenção à Condução";"Colisão lateral";"Com Vítimas Feridas";"Anoitecer";"Decrescente";"Nublado";"Dupla";"Reta";"Sim";2;0;1;0;1;0;1;2;-27,603289;-48,590416;"SPRF-SC";"DEL01-SC";"UOP01-DEL01-SC"
146173;2018-07-12;"quinta-feira";"16:20:00";"MG";40;527;"CONTAGEM";"Falta de Atenção à Condução";"Colisão traseira";"Com Vítimas Feridas";"Pleno dia";"Decrescente";"Céu Claro";"Dupla";"Reta";"Sim";3;0;1;0;2;0;1;2;-19,90684409;-44,04613566;"SPRF-MG";"DEL01-MG";"UOP03-DEL01-MG"
146174;2018-07-12;"quinta-feira";"17:15:00";"DF";20;18,4;"BRASILIA";"Falta de Atenção à Condução";"Colisão traseira";"Com Vítimas Feridas";"Pleno dia";"Crescente";"Céu Claro";"Dupla";"Declive";"Sim";2;0;1;0;1;0;1;2;-15,61503936;-47,70561397;"SPRF-DF";"DEL02-DF";"UOP01-DEL02-DF"
146175;2018-07-12;"quinta-feira";"17:35:00";"SP";116;160,9;"JACAREI";"Falta de Atenção à Condução";"Colisão lateral";"Com Vítimas Feridas";"Anoitecer";"Decrescente";"Céu Claro";"Dupla";"Reta";"Sim";2;0;1;0;1;0;1;2;-23,27458381;-45,97336108;"SPRF-SP";"DEL02-SP";"UOP01-DEL02-SP"
146176;2018-07-12;"quinta-feira";"14:25:00";"SC";470;170,4;"POUSO REDONDO";"Ingestão de álcool e/ou substâncias psicoativas pelo pedestre";"Colisão traseira";"Com Vítimas Feridas";"Pleno dia";"Crescente";"Céu Claro";"Simples";"Interseção de Vias";"Não";2;0;1;0;1;0;1;2;-27,265903;-49,892441;"SPRF-SC";"DEL04-SC";"UOP02-DEL04-SC"
146181;2018-07-12;"quinta-feira";"17:45:00";"SC";101;35;"JOINVILLE";"Falta de Atenção à Condução";"Tombamento";"Com Vítimas Feridas";"Amanhecer";"Crescente";"Nublado";"Dupla";"Aclive";"Sim";1;0;1;0;0;0;1;1;-26,2766;-48,8928;"SPRF-SC";"DEL03-SC";"UOP01-DEL03-SC"
146182;2018-07-12;"quinta-feira";"18:00:00";"MG";116;510,4;"UBAPORANGA";"Falta de Atenção à Condução";"Colisão transversal";"Com Vítimas Feridas";"Plena Noite";"Crescente";"Céu Claro";"Simples";"Interseção de Vias";"Sim";3;0;1;0;2;0;1;2;-19,63866906;-42,10628545;"SPRF-MG";"DEL06-MG";"UOP02-DEL06-MG"
146183;2018-07-12;"quinta-feira";"17:55:00";"SP";116;227;"GUARULHOS";"Falta de Atenção à Condução";"Colisão traseira";"Com Vítimas Feridas";"Plena Noite";"Decrescente";"Céu Claro";"Múltipla";"Reta";"Sim";2;0;1;0;1;0;1;2;-23,50004435;-46,56165719;"SPRF-SP";"DEL01-SP";"UOP01-DEL01-SP"
146184;2018-07-12;"quinta-feira";"18:25:00";"SC";101;201;"SAO JOSE";"Fenômenos da Natureza";"Colisão lateral";"Com Vítimas Feridas";"Anoitecer";"Crescente";"Ignorado";"Dupla";"Reta";"Sim";2;0;1;0;1;0;1;2;-27,5572;-48,6188;"SPRF-SC";"DEL01-SC";"UOP01-DEL01-SC"
146185;2018-07-12;"quinta-feira";"18:20:00";"CE";304;53,2;"ARACATI";"Falta de Atenção à Condução";"Colisão transversal";"Com Vítimas Feridas";"Anoitecer";"Crescente";"Céu Claro";"Simples";"Interseção de Vias;Reta";"Não";4;0;1;1;2;0;2;2;-4,574025;-37,736359;"SPRF-CE";"DEL03-CE";"UOP03-DEL03-CE"
146186;2018-07-12;"quinta-feira";"16:00:00";"SC";470;66,5;"INDAIAL";"Não guardar distância de segurança";"Colisão traseira";"Com Vítimas Feridas";"Pleno dia";"Decrescente";"Céu Claro";"Simples";"Reta";"Sim";5;0;2;0;3;0;2;4;-26,86990361;-49,20674259;"SPRF-SC";"DEL04-SC";"UOP01-DEL04-SC"
146187;2018-07-12;"quinta-feira";"18:10:00";"CE";116;240,1;"ALTO SANTO";"Animais na Pista";"Atropelamento de Animal";"Com Vítimas Feridas";"Plena Noite";"Decrescente";"Céu Claro";"Simples";"Reta";"Não";1;0;0;1;0;0;1;1;-5,44534789;-38,33498687;"SPRF-CE";"DEL03-CE";"UOP01-DEL03-CE"
146188;2018-07-12;"quinta-feira";"18:26:00";"ES";101;62;"SAO MATEUS";"Defeito Mecânico no Veículo";"Colisão traseira";"Com Vítimas Feridas";"Plena Noite";"Crescente";"Céu Claro";"Simples";"Curva";"Não";3;0;1;1;1;0;2;2;-18,690258;-39,861557;"SPRF-ES";"DEL04-ES";"UOP02-DEL04-ES"
146189;2018-07-12;"quinta-feira";"18:40:00";"PR";369;94;"CORNELIO PROCOPIO";"Não guardar distância de segurança";"Colisão traseira";"Com Vítimas Feridas";"Plena Noite";"Crescente";"Céu Claro";"Simples";"Reta";"Não";2;0;1;0;1;0;1;2;-23,217928;-50,67037;"SPRF-PR";"DEL07-PR";"UOP05-DEL07-PR"
146190;2018-07-12;"quinta-feira";"18:35:00";"PR";277;615;"SANTA TEREZA DO OESTE";"Agressão Externa";"Colisão lateral";"Com Vítimas Feridas";"Plena Noite";"Decrescente";"Ignorado";"Simples";"Declive";"Não";4;0;2;0;2;0;2;2;-25,071892;-53,664425;"SPRF-PR";"DEL05-PR";"UOP02-DEL05-PR"
146191;2018-07-12;"quinta-feira";"17:00:00";"SC";470;47,5;"BLUMENAU";"Falta de Atenção à Condução";"Colisão transversal";"Com Vítimas Feridas";"Pleno dia";"Crescente";"Céu Claro";"Simples";"Curva";"Não";2;0;1;0;1;0;1;2;-26,86065334;-49,03678089;"SPRF-SC";"DEL04-SC";"UOP01-DEL04-SC"
146192;2018-07-12;"quinta-feira";"17:30:00";"PR";277;727;"FOZ DO IGUACU";"Falta de Atenção à Condução";"Capotamento";"Sem Vítimas";"Anoitecer";"Decrescente";"Céu Claro";"Dupla";"Reta";"Sim";1;0;0;0;0;1;0;1;-25,510118;-54,564636;"SPRF-PR";"DEL05-PR";"UOP03-DEL05-PR"
146193;2018-07-12;"quinta-feira";"19:00:00";"PR";153;405;"MALLET";"Restrição de Visibilidade";"Colisão traseira";"Com Vítimas Fatais";"Plena Noite";"Crescente";"Nublado";"Simples";"Reta";"Não";3;1;0;0;2;0;0;2;-26,040283;-50,827522;"SPRF-PR";"DEL02-PR";"UOP03-DEL02-PR"
146195;2018-07-12;"quinta-feira";"19:10:00";"PR";376;179;"MARINGA";"Falta de Atenção à Condução";"Colisão traseira";"Com Vítimas Feridas";"Plena Noite";"Crescente";"Céu Claro";"Dupla";"Reta";"Sim";3;0;1;0;1;1;1;2;-23,41949986;-51,91270099;"SPRF-PR";"DEL07-PR";"UOP01-DEL09-PR"
146196;2018-07-12;"quinta-feira";"18:30:00";"BA";20;201;"LUIS EDUARDO MAGALHAES";"Falta de Atenção do Pedestre";"Atropelamento de Pedestre";"Com Vítimas Fatais";"Plena Noite";"Crescente";"Céu Claro";"Simples";"Reta";"Não";5;1;1;0;3;0;1;2;-12,20312675;-45,82860947;"SPRF-BA";"DEL10-BA";"UOP01-DEL10-BA"
146197;2018-07-12;"quinta-feira";"19:30:00";"RS";158;327,5;"SANTA MARIA";"Falta de Atenção à Condução";"Colisão frontal";"Com Vítimas Feridas";"Plena Noite";"Crescente";"Céu Claro";"Simples";"Reta";"Sim";8;0;7;1;0;0;8;2;-29,711109;-53,819717;"SPRF-RS";"DEL09-RS";"UOP01-DEL09-RS"
146200;2018-07-12;"quinta-feira";"18:30:00";"PE";101;44,2;"IGARASSU";"Desobediência às normas de trânsito pelo condutor";"Colisão transversal";"Com Vítimas Feridas";"Plena Noite";"Crescente";"Céu Claro";"Múltipla";"Retorno Regulamentado;Reta";"Sim";3;0;1;1;1;0;2;2;-7,864;-34,9073;"SPRF-PE";"DEL01-PE";"UOP02-DEL01-PE"
146202;2018-07-12;"quinta-feira";"17:45:00";"SC";101;296,3;"IMBITUBA";"Desobediência às normas de trânsito pelo condutor";"Colisão transversal";"Com Vítimas Feridas";"Plena Noite";"Crescente";"Céu Claro";"Simples";"Declive";"Sim";2;0;0;1;1;0;1;2;-28,3433;-48,7331;"SPRF-SC";"DEL02-SC";"UOP03-DEL02-SC"
146203;2018-07-12;"quinta-feira";"19:00:00";"PR";116;123,7;"CURITIBA";"Falta de Atenção à Condução";"Colisão lateral";"Com Vítimas Feridas";"Plena Noite";"Crescente";"Céu Claro";"Dupla";"Reta";"Sim";2;0;1;0;1;0;1;2;-25,551222;-49,305038;"SPRF-PR";"DEL01-PR";"UOP03-DEL01-PR"
146206;2018-07-12;"quinta-feira";"14:45:00";"PR";369;172;"ROLANDIA";"Não guardar distância de segurança";"Colisão traseira";"Com Vítimas Feridas";"Pleno dia";"Decrescente";"Sol";"Simples";"Reta;Interseção de Vias";"Sim";2;0;1;0;1;0;1;2;-23,305228;-51,361088;"SPRF-PR";"DEL07-PR";"UOP01-DEL07-PR"
146208;2018-07-12;"quinta-feira";"18:40:00";"RJ";101;304;"SAO GONCALO";"Falta de Atenção à Condução";"Colisão traseira";"Com Vítimas Feridas";"Plena Noite";"Decrescente";"Nublado";"Dupla";"Reta";"Sim";2;0;1;0;1;0;1;2;-22,78492;-42,986286;"SPRF-RJ";"DEL02-RJ";"DEL5/2-UOP04/RJ"
146210;2018-07-12;"quinta-feira";"20:20:00";"SC";101;207,8;"SAO JOSE";"Velocidade Incompatível";"Colisão traseira";"Com Vítimas Feridas";"Plena Noite";"Decrescente";"Céu Claro";"Dupla";"Curva";"Sim";2;0;1;0;1;0;1;2;-27,60263848;-48,63030403;"SPRF-SC";"DEL01-SC";"UOP01-DEL01-SC"
146211;2018-07-12;"quinta-feira";"19:00:00";"RJ";101;309;"SAO GONCALO";"Falta de Atenção à Condução";"Queda de ocupante de veículo";"Com Vítimas Feridas";"Plena Noite";"Crescente";"Céu Claro";"Dupla";"Reta";"Não";1;0;1;0;0;0;1;1;-22,79327424;-43,0226326;"SPRF-RJ";"DEL02-RJ";"DEL5/2-UOP04/RJ"
146212;2018-07-12;"quinta-feira";"19:50:00";"PR";116;48;"CAMPINA GRANDE DO SUL";"Desobediência às normas de trânsito pelo condutor";"Colisão traseira";"Com Vítimas Feridas";"Plena Noite";"Decrescente";"Céu Claro";"Dupla";"Reta";"Sim";5;0;3;0;2;0;3;2;-25,21790948;-48,90388012;"SPRF-PR";"DEL01-PR";"UOP02-DEL01-PR"
146213;2018-07-12;"quinta-feira";"18:36:00";"SC";101;55,8;"JOINVILLE";"Desobediência às normas de trânsito pelo pedestre";"Atropelamento de Pedestre";"Com Vítimas Feridas";"Plena Noite";"Crescente";"Céu Claro";"Dupla";"Curva";"Não";2;0;0;1;1;0;1;2;-26,4338;-48,8193;"SPRF-SC";"DEL03-SC";"UOP01-DEL03-SC"
146214;2018-07-12;"quinta-feira";"20:10:00";"PR";376;146,2;"PRESIDENTE CASTELO BRANCO";"Falta de Atenção à Condução";"Queda de ocupante de veículo";"Com Vítimas Feridas";"Plena Noite";"Crescente";"Céu Claro";"Simples";"Reta";"Não";1;0;1;0;0;0;1;1;-23,27476446;-52,15598336;"SPRF-PR";"DEL07-PR";"UOP02-DEL09-PR"
146215;2018-07-12;"quinta-feira";"18:00:00";"RJ";101;452,8;"MANGARATIBA";"Ultrapassagem Indevida";"Colisão frontal";"Com Vítimas Feridas";"Plena Noite";"Decrescente";"Céu Claro";"Simples";"Reta";"Não";3;0;0;1;1;1;1;3;-22,933918;-43,989998;"SPRF-RJ";"DEL03-RJ";"UOP03-DEL03-RJ"
146218;2018-07-12;"quinta-feira";"18:23:00";"AC";364;126;"RIO BRANCO";"Falta de Atenção à Condução";"Colisão lateral";"Com Vítimas Feridas";"Plena Noite";"Crescente";"Céu Claro";"Simples";"Reta";"Sim";5;0;2;0;3;0;2;2;-10,01289663;-67,80873289;"SPRF-AC";"DEL01-AC";"UOP01-DEL01-AC"
146220;2018-07-12;"quinta-feira";"20:00:00";"RJ";116;264;"BARRA MANSA";"Falta de Atenção à Condução";"Colisão lateral";"Sem Vítimas";"Plena Noite";"Decrescente";"Nublado";"Dupla";"Curva";"Sim";3;0;0;0;3;0;0;2;-22,5587284;-44,13416147;"SPRF-RJ";"DEL07-RJ";"UOP02-DEL07-RJ"
146221;2018-07-12;"quinta-feira";"19:50:00";"SC";280;146,8;"MAFRA";"Desobediência às normas de trânsito pelo condutor";"Capotamento";"Com Vítimas Feridas";"Plena Noite";"Crescente";"Nublado";"Simples";"Reta";"Não";3;0;1;0;2;0;1;2;-26,25522207;-49,66259122;"SPRF-SC";"DEL06-SC";"UOP03-DEL06-SC"
146224;2018-07-12;"quinta-feira";"21:40:00";"RN";405;0,9;"MOSSORO";"Restrição de Visibilidade";"Colisão traseira";"Com Vítimas Feridas";"Plena Noite";"Crescente";"Céu Claro";"Dupla";"Reta";"Sim";3;0;3;0;0;0;3;2;-5,192827;-37,371124;"SPRF-RN";"DEL04-RN";"UOP02-DEL04-RN"
146227;2018-06-02;"sábado";"18:40:00";"RJ";101;469;"ANGRA DOS REIS";"Defeito na Via";"Saída de leito carroçável";"Com Vítimas Feridas";"Plena Noite";"Crescente";"Céu Claro";"Simples";"Curva";"Não";2;0;0;2;0;0;2;1;-23,01212433;-44,23181534;"SPRF-RJ";"DEL03-RJ";"UOP03-DEL03-RJ"
146229;2018-07-12;"quinta-feira";"17:10:00";"RJ";116;67;"TERESOPOLIS";"Animais na Pista";"Tombamento";"Com Vítimas Feridas";"Anoitecer";"Crescente";"Nublado";"Simples";"Reta";"Sim";1;0;1;0;0;0;1;1;-22,293701;-42,93354;"SPRF-RJ";"DEL04-RJ";"UOP01-DEL04-RJ"
146230;2018-07-12;"quinta-feira";"22:05:00";"PB";230;2,5;"CABEDELO";"Animais na Pista";"Atropelamento de Animal";"Com Vítimas Feridas";"Plena Noite";"Crescente";"Céu Claro";"Dupla";"Reta";"Sim";1;0;0;1;0;0;1;1;-6,98975599;-34,82866645;"SPRF-PB";"DEL01-PB";"UOP01-DEL01-PB"
146231;2018-07-12;"quinta-feira";"22:00:00";"GO";60;165;"GOIANIA";"Condutor Dormindo";"Saída de leito carroçável";"Com Vítimas Feridas";"Plena Noite";"Crescente";"Vento";"Dupla";"Reta";"Sim";2;0;2;0;0;0;2;1;-16,70830101;-49,35054302;"SPRF-GO";"DEL01-GO";"UOP02-DEL01-GO"
146232;2018-07-12;"quinta-feira";"19:30:00";"RS";471;193;"PANTANO GRANDE";"Falta de Atenção à Condução";"Colisão traseira";"Com Vítimas Feridas";"Plena Noite";"Decrescente";"Céu Claro";"Simples";"Reta";"Não";2;0;1;0;1;0;1;2;-30,14768783;-52,37266302;"SPRF-RS";"DEL02-RS";"UOP02-DEL02-RS"
146233;2018-07-12;"quinta-feira";"15:30:00";"MG";116;480;"DOM CAVATI";"Falta de Atenção à Condução";"Colisão transversal";"Com Vítimas Feridas";"Pleno dia";"Crescente";"Céu Claro";"Simples";"Interseção de Vias";"Sim";2;0;0;1;1;0;1;2;-19,37890735;-42,11002707;"SPRF-MG";"DEL06-MG";"UOP02-DEL06-MG"
146236;2018-07-12;"quinta-feira";"20:15:00";"SC";101;251,3;"PAULO LOPES";"Falta de Atenção à Condução";"Colisão com objeto estático";"Sem Vítimas";"Plena Noite";"Decrescente";"Céu Claro";"Dupla";"Viaduto";"Não";1;0;0;0;1;0;0;1;-27,9615;-48,6793;"SPRF-SC";"DEL02-SC";"UOP03-DEL02-SC"
146238;2018-06-18;"segunda-feira";"06:20:00";"AC";364;132;"RIO BRANCO";"Falta de Atenção à Condução";"Colisão transversal";"Com Vítimas Fatais";"Amanhecer";"Crescente";"Céu Claro";"Simples";"Aclive;Curva";"Não";2;1;0;0;0;1;0;2;-10,010051;-67,845528;"SPRF-AC";"DEL01-AC";"UOP01-DEL01-AC"
146240;2018-07-12;"quinta-feira";"23:40:00";"RS";290;102,3;"PORTO ALEGRE";"Não guardar distância de segurança";"Tombamento";"Com Vítimas Feridas";"Plena Noite";"Crescente";"Céu Claro";"Dupla";"Reta";"Sim";1;0;1;0;0;0;1;1;-29,98694365;-51,25634909;"SPRF-RS";"DEL01-RS";"UOP01-DEL01-RS"
146241;2018-07-13;"sexta-feira";"00:15:00";"RS";290;87;"PORTO ALEGRE";"Falta de Atenção à Condução";"Colisão lateral";"Sem Vítimas";"Plena Noite";"Decrescente";"Céu Claro";"Dupla";"Reta";"Sim";2;0;0;0;2;0;0;2;-29,96768738;-51,13084584;"SPRF-RS";"DEL01-RS";"UOP01-DEL01-RS"
146245;2018-07-13;"sexta-feira";"03:45:00";"PR";369;177,7;"ROLANDIA";"Animais na Pista";"Atropelamento de Animal";"Com Vítimas Fatais";"Plena Noite";"Crescente";"Céu Claro";"Dupla";"Reta";"Sim";2;1;1;0;0;0;1;1;-23,342191;-51,387266;"SPRF-PR";"DEL07-PR";"UOP01-DEL07-PR"
146248;2018-07-12;"quinta-feira";"23:00:00";"MA";135;73,6;"SANTA RITA";"Falta de Atenção à Condução";"Colisão com objeto estático";"Com Vítimas Feridas";"Plena Noite";"Decrescente";"Céu Claro";"Simples";"Ponte";"Não";2;0;1;1;0;0;2;1;-3,165502;-44,33812;"SPRF-MA";"DEL01-MA";"UOP02-DEL01-MA"
146251;2018-07-13;"sexta-feira";"04:50:00";"GO";60;430;"RIO VERDE";"Condutor Dormindo";"Capotamento";"Com Vítimas Feridas";"Plena Noite";"Crescente";"Céu Claro";"Dupla";"Reta";"Não";4;0;1;0;3;0;1;1;-17,8253;-51,3293;"SPRF-GO";"DEL04-GO";"UOP01-DEL04-GO"
146252;2018-07-13;"sexta-feira";"04:50:00";"MG";262;452,2;"NOVA SERRANA";"Velocidade Incompatível";"Capotamento";"Com Vítimas Feridas";"Plena Noite";"Crescente";"Céu Claro";"Simples";"Reta";"Não";1;0;1;0;0;0;1;1;-19,859983;-45,006966;"SPRF-MG";"DEL08-MG";"UOP03-DEL08-MG"
146253;2018-07-13;"sexta-feira";"03:39:00";"RS";471;473,5;"RIO GRANDE";"Animais na Pista";"Atropelamento de Animal";"Com Vítimas Feridas";"Plena Noite";"Decrescente";"Nublado";"Simples";"Reta";"Não";5;0;1;0;4;0;1;1;-32,077;-52,271;"SPRF-RS";"DEL07-RS";"UOP02-DEL07-RS"
146258;2018-07-13;"sexta-feira";"04:00:00";"SC";101;40,8;"JOINVILLE";"Condutor Dormindo";"Colisão com objeto estático";"Com Vítimas Feridas";"Plena Noite";"Crescente";"Céu Claro";"Dupla";"Curva";"Sim";1;0;1;0;0;0;1;1;-26,3166;-48,8733;"SPRF-SC";"DEL03-SC";"UOP01-DEL03-SC"
146259;2018-07-13;"sexta-feira";"05:40:00";"MS";60;431,1;"SIDROLANDIA";"Ingestão de Álcool";"Saída de leito carroçável";"Com Vítimas Feridas";"Amanhecer";"Crescente";"Céu Claro";"Simples";"Interseção de Vias";"Não";1;0;1;0;0;0;1;1;-20,97891;-54,97232;"SPRF-MS";"DEL01-MS";"UOP04-DEL01-MS"
146262;2018-07-13;"sexta-feira";"06:50:00";"SP";116;214;"GUARULHOS";"Não guardar distância de segurança";"Colisão traseira";"Com Vítimas Feridas";"Pleno dia";"Decrescente";"Nublado";"Múltipla";"Em Obras;Desvio Temporário;Reta";"Sim";3;0;1;0;2;0;1;2;-23,44328087;-46,44542634;"SPRF-SP";"DEL01-SP";"UOP01-DEL01-SP"
146263;2018-07-13;"sexta-feira";"06:30:00";"SP";116;269;"TABOAO DA SERRA";"Desobediência às normas de trânsito pelo condutor";"Colisão transversal";"Com Vítimas Feridas";"Pleno dia";"Crescente";"Sol";"Dupla";"Reta";"Sim";3;0;1;0;1;1;1;2;-23,61275572;-46,77686691;"SPRF-SP";"DEL04-SP";"UOP01-DEL04-SP"
146266;2018-07-13;"sexta-feira";"05:00:00";"SC";470;155,9;"AGRONOMICA";"Velocidade Incompatível";"Colisão frontal";"Com Vítimas Fatais";"Plena Noite";"Decrescente";"Nublado";"Simples";"Reta";"Sim";4;1;0;3;0;0;3;2;-27,277105;-49,751972;"SPRF-SC";"DEL04-SC";"UOP02-DEL04-SC"
146267;2018-07-13;"sexta-feira";"06:20:00";"SP";116;84,3;"PINDAMONHANGABA";"Ingestão de Álcool";"Colisão traseira";"Sem Vítimas";"Amanhecer";"Decrescente";"Céu Claro";"Dupla";"Reta";"Sim";4;0;0;0;2;2;0;3;-22,917799;-45,336021;"SPRF-SP";"DEL06-SP";"UOP01-DEL06-SP"