"id";"data_inversa";"dia_semana";"horario";"uf";"br";"km";"municipio";"causa_acidente";"tipo_acidente";"classificacao_acidente";"fase_dia";"sentido_via";"condicao_metereologica";"tipo_pista";"tracado_via";"uso_solo";"pessoas";"mortos";"feridos_leves";"feridos_graves";"ilesos";"ignorados";"feridos";"veiculos";"latitude";"longitude";"regional";"delegacia";"uop"
146488;2018-07-14;"sábado";"04:20:00";"RJ";101;9;"CAMPOS DOS GOYTACAZES";"Animais na Pista";"Atropelamento de Animal";"Com Vítimas Feridas";"Plena Noite";"Decrescente";"Céu Claro";"Simples";"Reta";"Não";1;0;1;0;0;0;1;1;-21,293003;-41,318638;"SPRF-RJ";"DEL08-RJ";"UOP01-DEL08-RJ"
146490;2018-07-14;"sábado";"02:30:00";"RO";174;15;"VILHENA";"Falta de Atenção à Condução";"Saída de leito carroçável";"Com Vítimas Feridas";"Plena Noite";"Decrescente";"Céu Claro";"Simples";"Reta";"Sim";2;0;2;0;0;0;2;1;-12,723321;-60,12801;"SPRF-RO";"DEL04-RO";"UOP01-DEL04-RO"
146491;2018-07-14;"sábado";"05:35:00";"MT";70;1;"BARRA DO GARCAS";"Falta de Atenção à Condução";"Colisão com objeto estático";"Com Vítimas Feridas";"Plena Noite";"Crescente";"Céu Claro";"Simples";"Reta";"Sim";2;0;1;0;0;1;1;2;-15,8914623;-52,26204872;"SPRF-MT";"DEL07-MT";"UOP01-DEL07-MT"
146493;2018-07-14;"sábado";"04:20:00";"PR";163;17,2;"BOM JESUS DO SUL";"Ingestão de Álcool";"Saída de leito carroçável";"Com Vítimas Feridas";"Plena Noite";"Decrescente";"Céu Claro";"Simples";"Reta";"Não";5;0;0;5;0;0;5;1;-26,1963;-53,6457;"SPRF-PR";"DEL02-PR";"UOP02-DEL02-PR"
146494;2018-07-14;"sábado";"04:50:00";"RN";101;95;"NATAL";"Falta de Atenção à Condução";"Saída de leito carroçável";"Sem Vítimas";"Amanhecer";"Crescente";"Céu Claro";"Múltipla";"Reta";"Sim";1;0;0;0;0;1;0;1;-5,8400638;-35,2107703;"SPRF-RN";"DEL01-RN";"UOP01-DEL01-RN"
146495;2018-07-14;"sábado";"05:40:00";"GO";153;518,1;"APARECIDA DE GOIANIA";"Condutor Dormindo";"Saída de leito carroçável";"Com Vítimas Feridas";"Amanhecer";"Crescente";"Céu Claro";"Dupla";"Reta";"Não";2;0;1;0;0;1;1;1;-16,867;-49,2505;"SPRF-GO";"DEL01-GO";"UOP03-DEL01-GO"
146496;2018-07-14;"sábado";"04:40:00";"MT";163;749,1;"SORRISO";"Desobediência às normas de trânsito pelo condutor";"Queda de ocupante de veículo";"Com Vítimas Fatais";"Amanhecer";"Crescente";"Céu Claro";"Dupla";"Reta";"Sim";4;1;0;0;3;0;0;1;-12,5802728;-55,73246703;"SPRF-MT";"DEL06-MT";"UOP01-DEL06-MT"
146497;2018-07-14;"sábado";"06:15:00";"RJ";116;231,8;"PIRAI";"Condutor Dormindo";"Colisão com objeto estático";"Com Vítimas Feridas";"Amanhecer";"Decrescente";"Nevoeiro/Neblina";"Dupla";"Curva";"Não";4;0;3;0;1;0;3;1;-22,663553;-43,840622;"SPRF-RJ";"DEL07-RJ";"UOP01-DEL07-RJ"
146498;2018-07-14;"sábado";"05:30:00";"MG";381;484;"BETIM";"Velocidade Incompatível";"Colisão traseira";"Com Vítimas Feridas";"Amanhecer";"Decrescente";"Nublado";"Dupla";"Reta";"Não";1;0;0;1;0;0;1;1;-19,9595378;-44,08859825;"SPRF-MG";"DEL01-MG";"UOP03-DEL01-MG"
146500;2018-07-14;"sábado";"05:45:00";"PB";230;12,1;"CABEDELO";"Condutor Dormindo";"Colisão com objeto estático";"Sem Vítimas";"Pleno dia";"Decrescente";"Sol";"Dupla";"Retorno Regulamentado";"Sim";1;0;0;0;0;1;0;1;-7,068;-34,85;"SPRF-PB";"DEL01-PB";"UOP01-DEL01-PB"
146501;2018-07-14;"sábado";"06:15:00";"PR";116;111,8;"CURITIBA";"Falta de Atenção à Condução";"Colisão com objeto estático";"Com Vítimas Feridas";"Amanhecer";"Crescente";"Nublado";"Dupla";"Reta";"Não";2;0;1;0;1;0;1;1;-25,55424311;-49,27490454;"SPRF-PR";"DEL01-PR";"UOP01-DEL01-PR"
146502;2018-07-14;"sábado";"06:45:00";"GO";40;3,3;"VALPARAISO DE GOIAS";"Falta de Atenção à Condução";"Colisão com objeto estático";"Sem Vítimas";"Pleno dia";"Decrescente";"Céu Claro";"Dupla";"Ponte";"Não";1;0;0;0;1;0;0;1;-16,0823765;-47,986466;"SPRF-DF";"DEL01-DF";"UOP01-DEL01-DF"
146503;2018-07-14;"sábado";"04:00:00";"MG";365;514;"MONTE CARMELO";"Falta de Atenção à Condução";"Saída de leito carroçável";"Com Vítimas Feridas";"Plena Noite";"Crescente";"Céu Claro";"Simples";"Reta";"Não";55;0;28;2;25;0;30;1;-18,926;-47,331;"SPRF-MG";"DEL10-MG";"UOP01-DEL10-MG"
146504;2018-07-14;"sábado";"07:10:00";"RN";110;49;"MOSSORO";"Falta de Atenção à Condução";"Colisão lateral";"Com Vítimas Feridas";"Pleno dia";"Decrescente";"Sol";"Dupla";"Reta";"Sim";2;0;1;0;1;0;1;2;-5,21795141;-37,32835114;"SPRF-RN";"DEL04-RN";"UOP01-DEL04-RN"
146505;2018-07-14;"sábado";"06:50:00";"SC";101;109,7;"PENHA";"Falta de Atenção à Condução";"Saída de leito carroçável";"Com Vítimas Feridas";"Amanhecer";"Decrescente";"Céu Claro";"Dupla";"Reta";"Não";2;0;2;0;0;0;2;1;-26,8349276;-48,70450079;"SPRF-SC";"DEL03-SC";"UOP02-DEL03-SC"
146508;2018-07-14;"sábado";"06:40:00";"SE";101;99,4;"SAO CRISTOVAO";"Não guardar distância de segurança";"Colisão traseira";"Com Vítimas Feridas";"Pleno dia";"Crescente";"Céu Claro";"Dupla";"Curva";"Não";3;0;2;0;1;0;2;2;-10,9426;-37,1982;"SPRF-SE";"DEL02-SE";"UOP01-DEL02-SE"
146509;2018-07-14;"sábado";"05:15:00";"ES";101;266,4;"SERRA";"Falta de Atenção à Condução";"Queda de ocupante de veículo";"Com Vítimas Feridas";"Amanhecer";"Crescente";"Céu Claro";"Dupla";"Interseção de Vias";"Sim";1;0;1;0;0;0;1;1;-20,1937792;-40,2688255;"SPRF-ES";"DEL02-ES";"UOP01-DEL02-ES"
146510;2018-07-14;"sábado";"06:00:00";"RJ";101;316;"SAO GONCALO";"Falta de Atenção do Pedestre";"Capotamento";"Com Vítimas Feridas";"Amanhecer";"Decrescente";"Céu Claro";"Simples";"Curva";"Sim";1;0;1;0;0;0;1;1;-22,828388;-43,092102;"SPRF-RJ";"DEL02-RJ";"DEL5/2-UOP04/RJ"
146511;2018-07-14;"sábado";"07:20:00";"PA";10;208,2;"IPIXUNA DO PARA";"Não guardar distância de segurança";"Colisão traseira";"Sem Vítimas";"Pleno dia";"Decrescente";"Céu Claro";"Simples";"Aclive";"Não";2;0;0;0;2;0;0;2;-2,60969;-47,484834;"SPRF-PA";"DEL02-PA";"UOP01-DEL02-PA"
146512;2018-07-13;"sexta-feira";"20:25:00";"RN";101;110;"PARNAMIRIM";"Ingestão de Álcool";"Colisão com objeto estático";"Sem Vítimas";"Plena Noite";"Decrescente";"Céu Claro";"Dupla";"Interseção de Vias";"Sim";1;0;0;0;1;0;0;1;-5,94270441;-35,26463807;"SPRF-RN";"DEL01-RN";"UOP01-DEL01-RN"
146513;2018-07-14;"sábado";"06:10:00";"PR";163;39,1;"SANTO ANTONIO DO SUDOESTE";"Ultrapassagem Indevida";"Colisão lateral";"Com Vítimas Feridas";"Amanhecer";"Crescente";"Céu Claro";"Simples";"Reta";"Não";2;0;0;1;0;1;1;2;-26,03943258;-53,72958183;"SPRF-PR";"DEL02-PR";"UOP02-DEL02-PR"
146516;2018-05-31;"quinta-feira";"22:10:00";"PI";343;1,7;"TERESINA";"Falta de Atenção à Condução";"Colisão traseira";"Com Vítimas Feridas";"Plena Noite";"Crescente";"Céu Claro";"Múltipla";"Reta";"Sim";6;0;1;2;2;1;3;3;-5,080841;-42,76098;"SPRF-PI";"DEL05-PI";"UOP01-DEL05-PI"
146517;2018-07-13;"sexta-feira";"16:00:00";"RJ";116;177,8;"NOVA IGUACU";"Ingestão de Álcool";"Colisão traseira";"Sem Vítimas";"Pleno dia";"Decrescente";"Céu Claro";"Dupla";"Reta";"Não";2;0;0;0;2;0;0;2;-22,74879702;-43,44311714;"SPRF-RJ";"DEL01-RJ";"UOP02-DEL01-RJ"
146520;2018-07-14;"sábado";"07:25:00";"SC";101;288;"IMBITUBA";"Falta de Atenção à Condução";"Colisão transversal";"Com Vítimas Feridas";"Pleno dia";"Crescente";"Céu Claro";"Simples";"Reta";"Sim";2;0;1;0;1;0;1;2;-28,26464175;-48,70290232;"SPRF-SC";"DEL02-SC";"UOP03-DEL02-SC"
146522;2018-07-14;"sábado";"06:50:00";"PE";101;68;"RECIFE";"Não guardar distância de segurança";"Colisão traseira";"Com Vítimas Feridas";"Pleno dia";"Decrescente";"Nublado";"Dupla";"Reta;Em Obras";"Sim";2;0;1;0;1;0;1;2;-8,04737433;-34,94512796;"SPRF-PE";"DEL01-PE";"UOP01-DEL01-PE"
146525;2018-07-14;"sábado";"07:30:00";"GO";60;105;"ANAPOLIS";"Ingestão de Álcool";"Saída de leito carroçável";"Com Vítimas Feridas";"Pleno dia";"Crescente";"Céu Claro";"Dupla";"Aclive";"Não";3;0;1;0;2;0;1;1;-16,4156;-49,0087;"SPRF-GO";"DEL02-GO";"UOP01-DEL02-GO"
146527;2018-07-14;"sábado";"07:55:00";"SP";153;55,9;"SAO JOSE DO RIO PRETO";"Não guardar distância de segurança";"Tombamento";"Com Vítimas Feridas";"Pleno dia";"Crescente";"Sol";"Simples";"Interseção de Vias;Curva";"Sim";2;0;1;0;1;0;1;1;-20,76050805;-49,34589744;"SPRF-SP";"DEL09-SP";"UOP01-DEL09-SP"
146528;2018-07-14;"sábado";"08:00:00";"BA";116;769,3;"POCOES";"Falta de Atenção à Condução";"Saída de leito carroçável";"Com Vítimas Feridas";"Pleno dia";"Decrescente";"Nublado";"Simples";"Reta";"Não";2;0;0;1;1;0;1;1;-14,6202;-40,44571;"SPRF-BA";"DEL08-BA";"UOP02-DEL08-BA"
146529;2018-07-14;"sábado";"07:55:00";"GO";60;129,5;"GOIANIA";"Falta de Atenção à Condução";"Capotamento";"Com Vítimas Feridas";"Pleno dia";"Crescente";"Céu Claro";"Dupla";"Aclive;Curva";"Não";3;0;1;0;2;0;1;1;-16,5587;-49,1534;"SPRF-GO";"DEL01-GO";"UOP01-DEL01-GO"
146530;2018-07-14;"sábado";"07:50:00";"PR";476;137,2;"CURITIBA";"Falta de Atenção à Condução";"Engavetamento";"Sem Vítimas";"Pleno dia";"Decrescente";"Céu Claro";"Múltipla";"Reta";"Sim";5;0;0;0;5;0;0;5;-25,49983106;-49,2785579;"SPRF-PR";"DEL01-PR";"UOP07-DEL01-PR"
146532;2018-07-14;"sábado";"07:40:00";"ES";101;143;"LINHARES";"Falta de Atenção à Condução";"Colisão transversal";"Com Vítimas Feridas";"Pleno dia";"Decrescente";"Céu Claro";"Múltipla";"Interseção de Vias";"Sim";2;0;0;1;1;0;1;2;-19,34290301;-40,06366253;"SPRF-ES";"DEL04-ES";"UOP01-DEL04-ES"
146533;2018-07-14;"sábado";"08:10:00";"SP";153;70,9;"SAO JOSE DO RIO PRETO";"Defeito na Via";"Tombamento";"Com Vítimas Feridas";"Pleno dia";"Decrescente";"Sol";"Simples";"Em Obras";"Sim";1;0;1;0;0;0;1;1;-20,85722271;-49,40615863;"SPRF-SP";"DEL09-SP";"UOP01-DEL09-SP"
146534;2018-07-14;"sábado";"06:00:00";"PI";230;287,8;"NAZARE DO PIAUI";"Defeito Mecânico no Veículo";"Saída de leito carroçável";"Com Vítimas Feridas";"Pleno dia";"Crescente";"Céu Claro";"Simples";"Reta";"Não";2;0;2;0;0;0;2;1;-6,992762;-42,579033;"SPRF-PI";"DEL03-PI";"UOP01-DEL03-PI"
146536;2018-07-14;"sábado";"09:05:00";"PE";408;68,5;"PAUDALHO";"Falta de Atenção à Condução";"Saída de leito carroçável";"Com Vítimas Feridas";"Pleno dia";"Decrescente";"Céu Claro";"Dupla";"Curva";"Não";3;0;3;0;0;0;3;1;-7,9160931;-35,16929626;"SPRF-PE";"DEL01-PE";"UOP01-DEL01-PE"
146537;2018-07-14;"sábado";"08:15:00";"SC";470;53;"BLUMENAU";"Defeito Mecânico no Veículo";"Colisão transversal";"Com Vítimas Feridas";"Pleno dia";"Crescente";"Céu Claro";"Simples";"Interseção de Vias";"Sim";2;0;1;0;1;0;1;2;-26,86236946;-49,08497603;"SPRF-SC";"DEL04-SC";"UOP01-DEL04-SC"
146538;2018-07-14;"sábado";"09:00:00";"BA";101;180;"SAO GONCALO DOS CAMPOS";"Ultrapassagem Indevida";"Saída de leito carroçável";"Com Vítimas Feridas";"Pleno dia";"Crescente";"Céu Claro";"Simples";"Declive;Reta";"Não";2;0;1;0;1;0;1;1;-12,42923409;-38,91198707;"SPRF-BA";"DEL01-BA";"UOP03-DEL01-BA"
146539;2018-07-14;"sábado";"07:50:00";"SC";116;11,2;"MAFRA";"Restrição de Visibilidade";"Colisão traseira";"Com Vítimas Feridas";"Pleno dia";"Decrescente";"Sol";"Simples";"Em Obras";"Não";4;0;1;1;2;0;2;2;-26,176352;-49,85812;"SPRF-SC";"DEL06-SC";"UOP01-DEL06-SC"
146542;2018-07-14;"sábado";"07:30:00";"RR";174;500,5;"BOA VISTA";"Desobediência às normas de trânsito pelo condutor";"Colisão traseira";"Com Vítimas Feridas";"Pleno dia";"Decrescente";"Céu Claro";"Múltipla";"Reta";"Sim";3;0;2;0;1;0;2;2;2,77890487;-60,70633846;"SPRF-RR";"DEL01-RR";"UOP01-DEL01-RR"
146543;2018-07-14;"sábado";"09:30:00";"MT";70;32;"BARRA DO GARCAS";"Falta de Atenção à Condução";"Saída de leito carroçável";"Com Vítimas Feridas";"Pleno dia";"Crescente";"Céu Claro";"Simples";"Reta";"Não";2;0;1;0;1;0;1;1;-15;-52;"SPRF-MT";"DEL07-MT";"UOP01-DEL07-MT"
146547;2018-07-14;"sábado";"10:25:00";"SC";101;266;"PAULO LOPES";"Desobediência às normas de trânsito pelo condutor";"Tombamento";"Com Vítimas Feridas";"Pleno dia";"Crescente";"Céu Claro";"Múltipla";"Reta";"Não";2;0;2;0;0;0;2;1;-28,07705431;-48,71201006;"SPRF-SC";"DEL02-SC";"UOP03-DEL02-SC"
146548;2018-07-14;"sábado";"09:00:00";"BA";324;414;"NOVA FATIMA";"Falta de Atenção à Condução";"Capotamento";"Sem Vítimas";"Pleno dia";"Decrescente";"Céu Claro";"Simples";"Reta";"Não";1;0;0;0;0;1;0;1;-11,68035367;-39,55264807;"SPRF-BA";"DEL04-BA";"UOP02-DEL04-BA"
146549;2018-07-14;"sábado";"10:40:00";"GO";40;12,6;"LUZIANIA";"Falta de Atenção à Condução";"Queda de ocupante de veículo";"Com Vítimas Feridas";"Pleno dia";"Crescente";"Céu Claro";"Dupla";"Reta";"Sim";2;0;0;1;0;1;1;2;-16,15043075;-47,94043232;"SPRF-DF";"DEL01-DF";"UOP01-DEL01-DF"
146550;2018-07-14;"sábado";"11:00:00";"SP";381;72,8;"SAO PAULO";"Defeito na Via";"Queda de ocupante de veículo";"Com Vítimas Feridas";"Pleno dia";"Crescente";"Céu Claro";"Dupla";"Curva";"Não";1;0;1;0;0;0;1;1;-23,36820012;-46,55321175;"SPRF-SP";"DEL03-SP";"DEL6/3-UOP03/SP"
146551;2018-07-14;"sábado";"08:40:00";"RJ";101;71;"CAMPOS DOS GOYTACAZES";"Falta de Atenção à Condução";"Saída de leito carroçável";"Com Vítimas Feridas";"Pleno dia";"Crescente";"Céu Claro";"Simples";"Reta";"Sim";1;0;1;0;0;0;1;1;-21,785795;-41,381424;"SPRF-RJ";"DEL08-RJ";"UOP02-DEL08-RJ"
146553;2018-07-14;"sábado";"09:45:00";"RO";319;63,4;"PORTO VELHO";"Desobediência às normas de trânsito pelo condutor";"Colisão frontal";"Sem Vítimas";"Pleno dia";"Crescente";"Céu Claro";"Dupla";"Reta";"Sim";1;0;0;0;1;0;0;1;-8,76105091;-63,88562143;"SPRF-RO";"DEL01-RO";"UOP01-DEL01-RO"
146554;2018-07-14;"sábado";"10:43:00";"MS";163;492,2;"CAMPO GRANDE";"Falta de Atenção à Condução";"Colisão transversal";"Com Vítimas Fatais";"Pleno dia";"Crescente";"Sol";"Simples";"Reta";"Sim";3;1;1;0;0;1;1;3;-20,385201;-54,54459;"SPRF-MS";"DEL01-MS";"UOP02-DEL01-MS"
146557;2018-07-14;"sábado";"10:10:00";"SC";101;36,9;"JOINVILLE";"Velocidade Incompatível";"Colisão com objeto estático";"Sem Vítimas";"Pleno dia";"Decrescente";"Céu Claro";"Simples";"Reta";"Sim";1;0;0;0;1;0;0;1;-26,2845;-48,8882;"SPRF-SC";"DEL03-SC";"UOP01-DEL03-SC"
146558;2018-07-14;"sábado";"11:45:00";"CE";304;53,2;"ARACATI";"Falta de Atenção à Condução";"Colisão lateral";"Com Vítimas Feridas";"Pleno dia";"Crescente";"Sol";"Simples";"Reta";"Não";2;0;1;0;0;1;1;2;-4,574025;-37,736359;"SPRF-CE";"DEL03-CE";"UOP03-DEL03-CE"
146559;2018-07-14;"sábado";"12:00:00";"SC";101;119;"ITAJAI";"Não guardar distância de segurança";"Colisão traseira";"Com Vítimas Feridas";"Pleno dia";"Crescente";"Céu Claro";"Dupla";"Reta";"Sim";6;0;2;0;4;0;2;6;-26,90817912;-48,71389205;"SPRF-SC";"DEL04-SC";"UOP04-DEL04-SC"
146560;2018-07-14;"sábado";"11:20:00";"MG";40;532;"BELO HORIZONTE";"Não guardar distância de segurança";"Colisão traseira";"Com Vítimas Feridas";"Pleno dia";"Crescente";"Céu Claro";"Dupla";"Reta";"Sim";1;0;1;0;0;0;1;1;-19,9256;-44,0053;"SPRF-MG";"DEL01-MG";"UOP03-DEL01-MG"
146562;2018-07-14;"sábado";"12:00:00";"RJ";393;285,9;"VOLTA REDONDA";"Ingestão de Álcool";"Colisão transversal";"Com Vítimas Feridas";"Pleno dia";"Decrescente";"Céu Claro";"Dupla";"Interseção de Vias";"Sim";2;0;1;0;1;0;1;2;-22,50630281;-44,07705724;"SPRF-RJ";"DEL05-RJ";"UOP04-DEL05-RJ"
146563;2018-06-16;"sábado";"18:15:00";"RS";116;230,8;"IVOTI";"Falta de Atenção à Condução";"Colisão transversal";"Com Vítimas Feridas";"Plena Noite";"Decrescente";"Nublado";"Dupla";"Retorno Regulamentado";"Sim";2;0;1;0;1;0;1;2;-29,62615482;-51,13731265;"SPRF-RS";"DEL01-RS";"UOP02-DEL01-RS"
146564;2018-07-14;"sábado";"12:10:00";"SP";381;90,3;"GUARULHOS";"Falta de Atenção à Condução";"Colisão traseira";"Com Vítimas Feridas";"Pleno dia";"Decrescente";"Sol";"Dupla";"Reta";"Sim";2;0;2;0;0;0;2;2;-23,49878987;-46,55925209;"SPRF-SP";"DEL03-SP";"DEL6/3-UOP03/SP"
146565;2018-07-14;"sábado";"12:10:00";"RN";110;46,7;"MOSSORO";"Falta de Atenção à Condução";"Colisão transversal";"Com Vítimas Feridas";"Pleno dia";"Decrescente";"Céu Claro";"Simples";"Rotatória";"Sim";2;0;1;0;1;0;1;2;-5,20197135;-37,32342874;"SPRF-RN";"DEL04-RN";"UOP01-DEL04-RN"
146566;2018-07-14;"sábado";"12:30:00";"MG";365;517;"MONTE CARMELO";"Desobediência às normas de trânsito pelo condutor";"Colisão transversal";"Com Vítimas Feridas";"Pleno dia";"Crescente";"Sol";"Simples";"Reta";"Não";4;0;2;0;2;0;2;2;-18,9146;-47,356;"SPRF-MG";"DEL10-MG";"UOP01-DEL10-MG"
146567;2018-07-14;"sábado";"12:40:00";"GO";153;611,6;"MORRINHOS";"Ingestão de Álcool";"Saída de leito carroçável";"Com Vítimas Feridas";"Pleno dia";"Crescente";"Céu Claro";"Dupla";"Reta";"Não";2;0;2;0;0;0;2;1;-17,6437;-49,1736;"SPRF-GO";"DEL03-GO";"UOP01-DEL03-GO"
146568;2018-07-14;"sábado";"11:30:00";"MS";163;485,1;"CAMPO GRANDE";"Falta de Atenção à Condução";"Saída de leito carroçável";"Com Vítimas Feridas";"Pleno dia";"Crescente";"Sol";"Simples";"Declive";"Sim";2;0;0;2;0;0;2;1;-20,44055;-54,54244;"SPRF-MS";"DEL01-MS";"UOP02-DEL01-MS"
146569;2018-07-14;"sábado";"12:30:00";"ES";101;376,6;"ICONHA";"Falta de Atenção à Condução";"Colisão transversal";"Com Vítimas Feridas";"Pleno dia";"Crescente";"Céu Claro";"Simples";"Curva";"Sim";2;0;0;1;1;0;1;2;-20,79198;-40,80504;"SPRF-ES";"DEL03-ES";"UOP01-DEL03-ES"
146570;2018-07-14;"sábado";"12:50:00";"BA";101;534,9;"SAO JOSE DA VITORIA";"Velocidade Incompatível";"Colisão com objeto estático";"Com Vítimas Feridas";"Pleno dia";"Decrescente";"Chuva";"Simples";"Curva;Declive";"Não";2;0;1;0;1;0;1;1;-15,03324552;-39,33100037;"SPRF-BA";"DEL05-BA";"UOP01-DEL05-BA"
146571;2018-07-14;"sábado";"11:45:00";"PE";101;68,3;"RECIFE";"Falta de Atenção à Condução";"Colisão com objeto estático";"Com Vítimas Feridas";"Pleno dia";"Decrescente";"Sol";"Múltipla";"Reta";"Sim";1;0;1;0;0;0;1;1;-8,05702006;-34,94617403;"SPRF-PE";"DEL01-PE";"UOP01-DEL01-PE"
146572;2018-07-14;"sábado";"13:07:00";"PR";376;681;"GUARATUBA";"Não guardar distância de segurança";"Colisão traseira";"Com Vítimas Feridas";"Pleno dia";"Decrescente";"Sol";"Dupla";"Reta";"Não";1;0;1;0;0;0;1;1;-25,96915687;-48,89465332;"SPRF-PR";"DEL01-PR";"DEL7/1-UOP08/PR"
146574;2018-07-14;"sábado";"13:00:00";"SC";101;116,3;"ITAJAI";"Velocidade Incompatível";"Engavetamento";"Com Vítimas Feridas";"Pleno dia";"Crescente";"Sol";"Dupla";"Reta";"Sim";10;0;3;2;5;0;5;5;-26,88252639;-48,72448862;"SPRF-SC";"DEL04-SC";"UOP04-DEL04-SC"
146575;2018-07-14;"sábado";"12:50:00";"CE";116;11,4;"FORTALEZA";"Falta de Atenção à Condução";"Colisão lateral";"Com Vítimas Feridas";"Pleno dia";"Crescente";"Sol";"Simples";"Viaduto";"Não";3;0;1;2;0;0;3;2;-3,84996406;-38,49516571;"SPRF-CE";"DEL01-CE";"UOP02-DEL01-CE"
146576;2018-07-14;"sábado";"13:30:00";"TO";153;171;"ARAGUAINA";"Velocidade Incompatível";"Colisão com objeto estático";"Com Vítimas Feridas";"Pleno dia";"Crescente";"Céu Claro";"Simples";"Reta";"Não";2;0;2;0;0;0;2;1;-7,401854;-48,359447;"SPRF-TO";"DEL02-TO";"UOP01-DEL02-TO"
146577;2018-07-14;"sábado";"13:20:00";"SC";280;55,3;"GUARAMIRIM";"Falta de Atenção à Condução";"Colisão traseira";"Com Vítimas Feridas";"Pleno dia";"Crescente";"Céu Claro";"Simples";"Reta";"Não";2;0;1;0;1;0;1;2;-26,47705558;-48,99647534;"SPRF-SC";"DEL03-SC";"UOP03-DEL03-SC"
146578;2018-06-14;"quinta-feira";"19:00:00";"PE";407;70,7;"PETROLINA";"Animais na Pista";"Atropelamento de Animal";"Com Vítimas Feridas";"Plena Noite";"Crescente";"Céu Claro";"Simples";"Reta";"Não";2;0;1;1;0;0;2;1;-8,86064824;-40,77781677;"SPRF-PE";"DEL06-PE";"UOP02-DEL06-PE"
146580;2018-07-14;"sábado";"13:50:00";"PR";376;178;"MARINGA";"Falta de Atenção à Condução";"Colisão lateral";"Com Vítimas Feridas";"Pleno dia";"Crescente";"Sol";"Dupla";"Reta";"Sim";3;0;2;0;1;0;2;2;-23,41640124;-51,92173004;"SPRF-PR";"DEL07-PR";"UOP01-DEL09-PR"
146581;2018-07-14;"sábado";"10:05:00";"MG";116;414,5;"GOVERNADOR VALADARES";"Não guardar distância de segurança";"Colisão traseira";"Com Vítimas Feridas";"Pleno dia";"Crescente";"Céu Claro";"Simples";"Ponte;Reta";"Sim";3;0;1;0;2;0;1;2;-18,88354892;-41,95404053;"SPRF-MG";"DEL06-MG";"UOP01-DEL06-MG"
146582;2018-07-14;"sábado";"11:50:00";"MA";316;260;"SANTA INES";"Desobediência às normas de trânsito pelo condutor";"Queda de ocupante de veículo";"Com Vítimas Feridas";"Pleno dia";"Decrescente";"Céu Claro";"Dupla";"Reta";"Sim";2;0;1;0;1;0;1;2;-3,669811;-45,394978;"SPRF-MA";"DEL02-MA";"UI04-DEL02-MA"
146583;2018-07-14;"sábado";"13:40:00";"GO";153;506,5;"GOIANIA";"Desobediência às normas de trânsito pelo condutor";"Colisão traseira";"Sem Vítimas";"Pleno dia";"Decrescente";"Céu Claro";"Múltipla";"Aclive;Reta";"Sim";2;0;0;0;2;0;0;2;-16,7633;-49,24;"SPRF-GO";"DEL01-GO";"UOP01-DEL01-GO"
146584;2018-07-14;"sábado";"14:25:00";"AL";423;65,4;"AGUA BRANCA";"Desobediência às normas de trânsito pelo condutor";"Colisão frontal";"Com Vítimas Fatais";"Pleno dia";"Crescente";"Céu Claro";"Simples";"Aclive";"Não";5;1;3;1;0;0;4;2;-9,298333;-37,857565;"SPRF-AL";"DEL03-AL";"UOP02-DEL03-AL"
146586;2018-07-14;"sábado";"12:40:00";"RJ";40;123;"DUQUE DE CAXIAS";"Não guardar distância de segurança";"Engavetamento";"Com Vítimas Feridas";"Pleno dia";"Decrescente";"Céu Claro";"Múltipla";"Reta";"Sim";4;0;1;0;2;1;1;4;-22,8061;-43,2894;"SPRF-RJ";"DEL01-RJ";"UOP01-DEL01-RJ"
146587;2018-07-14;"sábado";"14:20:00";"PI";316;23,6;"TERESINA";"Desobediência às normas de trânsito pelo condutor";"Colisão lateral";"Com Vítimas Feridas";"Pleno dia";"Crescente";"Sol";"Simples";"Reta";"Não";2;0;1;1;0;0;2;1;-5,282496;-42,722019;"SPRF-PI";"DEL01-PI";"UOP02-DEL01-PI"
146589;2018-07-14;"sábado";"14:50:00";"RJ";116;140;"DUQUE DE CAXIAS";"Falta de Atenção do Pedestre";"Atropelamento de Pedestre";"Com Vítimas Feridas";"Pleno dia";"Decrescente";"Céu Claro";"Dupla";"Reta";"Sim";2;0;1;0;1;0;1;2;-22,646624;-43,211174;"SPRF-RJ";"DEL04-RJ";"UOP02-DEL04-RJ"
146591;2018-06-16;"sábado";"06:40:00";"RS";290;96;"PORTO ALEGRE";"Falta de Atenção à Condução";"Colisão lateral";"Com Vítimas Feridas";"Pleno dia";"Crescente";"Céu Claro";"Dupla";"Reta";"Sim";3;0;2;0;1;0;2;2;-29,992107;-51,204525;"SPRF-RS";"DEL01-RS";"UOP01-DEL01-RS"
146593;2018-07-14;"sábado";"14:40:00";"SC";101;206,9;"SAO JOSE";"Ultrapassagem Indevida";"Colisão traseira";"Com Vítimas Feridas";"Pleno dia";"Crescente";"Céu Claro";"Dupla";"Reta";"Não";4;0;1;1;2;0;2;3;-27,59945278;-48,62241983;"SPRF-SC";"DEL01-SC";"UOP01-DEL01-SC"
146594;2018-06-19;"terça-feira";"07:00:00";"MG";381;339;"NOVA ERA";"Velocidade Incompatível";"Colisão frontal";"Com Vítimas Feridas";"Pleno dia";"Decrescente";"Garoa/Chuvisco";"Simples";"Curva";"Não";3;0;3;0;0;0;3;2;-19,80337042;-43,06089163;"SPRF-MG";"DEL03-MG";"UOP01-DEL03-MG"