"id";"data_inversa";"dia_semana";"horario";"uf";"br";"km";"municipio";"causa_acidente";"tipo_acidente";"classificacao_acidente";"fase_dia";"sentido_via";"condicao_metereologica";"tipo_pista";"tracado_via";"uso_solo";"pessoas";"mortos";"feridos_leves";"feridos_graves";"ilesos";"ignorados";"feridos";"veiculos";"latitude";"longitude";"regional";"delegacia";"uop"
146715;2018-07-14;"sábado";"19:20:00";"BA";101;581,5;"CAMACAN";"Desobediência às normas de trânsito pelo condutor";"Colisão com objeto estático";"Com Vítimas Fatais";"Plena Noite";"Decrescente";"Céu Claro";"Simples";"Reta";"Sim";2;1;0;1;0;0;1;1;-15,36826;-39,495676;"SPRF-BA";"DEL05-BA";"UOP02-DEL05-BA"
146716;2018-07-14;"sábado";"23:00:00";"BA";101;581,9;"CAMACAN";"Desobediência às normas de trânsito pelo condutor";"Atropelamento de Animal";"Com Vítimas Feridas";"Plena Noite";"Decrescente";"Céu Claro";"Simples";"Reta";"Sim";1;0;0;1;0;0;1;1;-15,370739;-39,493008;"SPRF-BA";"DEL05-BA";"UOP02-DEL05-BA"
146717;2018-07-14;"sábado";"23:10:00";"PR";277;684,5;"SAO MIGUEL DO IGUACU";"Falta de Atenção à Condução";"Saída de leito carroçável";"Com Vítimas Feridas";"Plena Noite";"Crescente";"Céu Claro";"Dupla";"Reta";"Não";2;0;1;1;0;0;2;1;-25,338642;-54,199265;"SPRF-PR";"DEL05-PR";"UOP01-DEL05-PR"
146718;2018-07-14;"sábado";"22:30:00";"RJ";40;68;"PETROPOLIS";"Falta de Atenção à Condução";"Colisão traseira";"Com Vítimas Feridas";"Plena Noite";"Decrescente";"Céu Claro";"Simples";"Reta";"Não";2;0;2;0;0;0;2;2;-22,4447;-43,1935;"SPRF-RJ";"DEL06-RJ";"UOP01-DEL06-RJ"
146720;2018-07-15;"domingo";"00:40:00";"RJ";393;279,6;"BARRA DO PIRAI";"Ingestão de Álcool";"Colisão traseira";"Sem Vítimas";"Plena Noite";"Crescente";"Céu Claro";"Simples";"Reta";"Sim";2;0;0;0;2;0;0;2;-22,4779118;-44,045732;"SPRF-RJ";"DEL05-RJ";"UOP04-DEL05-RJ"
146721;2018-07-15;"domingo";"00:40:00";"PR";116;126;"FAZENDA RIO GRANDE";"Ingestão de Álcool";"Colisão traseira";"Sem Vítimas";"Plena Noite";"Crescente";"Nublado";"Dupla";"Interseção de Vias";"Sim";2;0;0;0;2;0;0;2;-25,621508;-49,316216;"SPRF-PR";"DEL01-PR";"UOP03-DEL01-PR"
146722;2018-07-15;"domingo";"00:20:00";"ES";101;93,1;"SAO MATEUS";"Desobediência às normas de trânsito pelo condutor";"Saída de leito carroçável";"Com Vítimas Feridas";"Plena Noite";"Decrescente";"Céu Claro";"Simples";"Reta";"Não";3;0;3;0;0;0;3;1;-18,720545;-39,865883;"SPRF-ES";"DEL04-ES";"UOP02-DEL04-ES"
146724;2018-07-15;"domingo";"01:20:00";"SC";101;433,6;"SOMBRIO";"Objeto estático sobre o leito carroçável";"Colisão com objeto estático";"Com Vítimas Feridas";"Plena Noite";"Crescente";"Nevoeiro/Neblina";"Múltipla";"Reta";"Sim";1;0;1;0;0;0;1;1;-29,08516409;-49,63065147;"SPRF-SC";"DEL02-SC";"UOP02-DEL02-SC"
146725;2018-07-14;"sábado";"23:30:00";"MG";50;202,8;"DELTA";"Condutor Dormindo";"Saída de leito carroçável";"Com Vítimas Feridas";"Plena Noite";"Crescente";"Céu Claro";"Dupla";"Reta";"Não";3;0;3;0;0;0;3;1;-19,9517;-47,8044;"SPRF-MG";"DEL13-MG";"UOP01-DEL13-MG"
146726;2018-07-14;"sábado";"23:35:00";"SC";158;106;"CUNHA PORA";"Falta de Atenção à Condução";"Saída de leito carroçável";"Com Vítimas Feridas";"Plena Noite";"Decrescente";"Céu Claro";"Simples";"Curva";"Não";1;0;0;1;0;0;1;1;-26,8731994;-53,1640917;"SPRF-SC";"DEL07-SC";"UOP02-DEL07-SC"
146727;2018-07-15;"domingo";"01:00:00";"MG";381;477;"CONTAGEM";"Ingestão de Álcool";"Colisão traseira";"Com Vítimas Feridas";"Plena Noite";"Decrescente";"Céu Claro";"Dupla";"Declive;Reta";"Sim";3;0;3;0;0;0;3;2;-19,9605;-44,0357;"SPRF-MG";"DEL01-MG";"UOP03-DEL01-MG"
146728;2018-07-15;"domingo";"02:20:00";"PR";277;729;"FOZ DO IGUACU";"Ingestão de Álcool";"Saída de leito carroçável";"Com Vítimas Feridas";"Plena Noite";"Crescente";"Céu Claro";"Dupla";"Reta";"Sim";2;0;1;0;1;0;1;1;-25,507555;-54,583755;"SPRF-PR";"DEL05-PR";"UOP03-DEL05-PR"
146730;2018-07-15;"domingo";"02:20:00";"PR";116;101;"SAO JOSE DOS PINHAIS";"Animais na Pista";"Atropelamento de Animal";"Sem Vítimas";"Plena Noite";"Decrescente";"Nublado";"Dupla";"Reta";"Não";1;0;0;0;1;0;0;1;-25,541735;-49,15094;"SPRF-PR";"DEL01-PR";"UOP01-DEL01-PR"
146731;2018-07-14;"sábado";"20:20:00";"RO";364;92;"VILHENA";"Falta de Atenção à Condução";"Colisão traseira";"Com Vítimas Feridas";"Plena Noite";"Decrescente";"Céu Claro";"Simples";"Declive";"Não";3;0;2;0;0;1;2;2;-12,343863;-60,631535;"SPRF-RO";"DEL04-RO";"DEL21/4-UOP03/RO"
146732;2018-07-15;"domingo";"00:05:00";"MS";163;229,5;"CAARAPO";"Animais na Pista";"Atropelamento de Animal";"Sem Vítimas";"Plena Noite";"Crescente";"Céu Claro";"Dupla";"Reta";"Não";1;0;0;0;0;1;0;1;-22,45791631;-54,8434411;"SPRF-MS";"DEL04-MS";"UOP02-DEL04-MS"
146734;2018-07-14;"sábado";"23:00:00";"BA";418;91;"CARAVELAS";"Falta de Atenção à Condução";"Saída de leito carroçável";"Com Vítimas Feridas";"Plena Noite";"Crescente";"Céu Claro";"Simples";"Reta";"Não";1;0;0;1;0;0;1;1;-17,734264;-39,553185;"SPRF-BA";"DEL09-BA";"UOP02-DEL09-BA"
146735;2018-07-14;"sábado";"17:45:00";"PA";10;218,2;"IPIXUNA DO PARA";"Falta de Atenção à Condução";"Saída de leito carroçável";"Com Vítimas Feridas";"Pleno dia";"Decrescente";"Chuva";"Simples";"Curva";"Não";2;0;2;0;0;0;2;1;-2,520263;-47,506191;"SPRF-PA";"DEL02-PA";"UOP01-DEL02-PA"
146736;2018-07-15;"domingo";"02:30:00";"MT";163;831,3;"SINOP";"Falta de Atenção do Pedestre";"Capotamento";"Com Vítimas Feridas";"Plena Noite";"Decrescente";"Céu Claro";"Dupla";"Curva";"Sim";1;0;1;0;0;0;1;1;-11,90094731;-55,50541878;"SPRF-MT";"DEL06-MT";"UOP01-DEL06-MT"
146737;2018-07-15;"domingo";"00:45:00";"MG";262;573,9;"CORREGO DANTA";"Falta de Atenção à Condução";"Saída de leito carroçável";"Com Vítimas Feridas";"Plena Noite";"Decrescente";"Nublado";"Simples";"Reta";"Não";1;0;1;0;0;0;1;1;-19,72961;-46,018539;"SPRF-MG";"N/A";"N/A"
146740;2018-07-15;"domingo";"04:20:00";"CE";222;11;"CAUCAIA";"Falta de Atenção à Condução";"Saída de leito carroçável";"Com Vítimas Feridas";"Plena Noite";"Decrescente";"Céu Claro";"Simples";"Curva";"Não";1;0;0;1;0;0;1;1;-3,7664436;-38,6629778;"SPRF-CE";"DEL01-CE";"UOP01-DEL01-CE"
146741;2018-07-15;"domingo";"04:40:00";"RS";470;227;"GARIBALDI";"Falta de Atenção à Condução";"Saída de leito carroçável";"Sem Vítimas";"Plena Noite";"Decrescente";"Céu Claro";"Simples";"Reta";"Não";1;0;0;0;0;1;0;1;-29,25969505;-51,5083046;"SPRF-RS";"DEL06-RS";"UOP01-DEL06-RS"
146742;2018-07-15;"domingo";"05:00:00";"PR";153;105,2;"IBAITI";"Condutor Dormindo";"Colisão com objeto estático";"Com Vítimas Feridas";"Plena Noite";"Crescente";"Céu Claro";"Simples";"Rotatória";"Sim";2;0;1;1;0;0;2;1;-23,81460766;-50,17930085;"SPRF-PR";"DEL07-PR";"UOP04-DEL07-PR"
146743;2018-07-15;"domingo";"03:45:00";"SP";116;84,3;"PINDAMONHANGABA";"Falta de Atenção à Condução";"Colisão traseira";"Com Vítimas Feridas";"Plena Noite";"Crescente";"Céu Claro";"Dupla";"Reta";"Não";3;0;1;0;1;1;1;2;-22,91853562;-45,33789396;"SPRF-SP";"DEL06-SP";"UOP01-DEL06-SP"
146744;2018-07-15;"domingo";"04:10:00";"ES";101;144,6;"LINHARES";"Falta de Atenção à Condução";"Tombamento";"Com Vítimas Feridas";"Plena Noite";"Decrescente";"Céu Claro";"Múltipla";"Reta";"Sim";1;0;1;0;0;0;1;1;-19,35729575;-40,06401122;"SPRF-ES";"DEL04-ES";"UOP01-DEL04-ES"
146745;2018-07-15;"domingo";"05:20:00";"SC";101;87;"BARRA VELHA";"Falta de Atenção à Condução";"Colisão com objeto estático";"Sem Vítimas";"Plena Noite";"Crescente";"Nevoeiro/Neblina";"Múltipla";"Reta";"Não";1;0;0;0;1;0;0;1;-26,6504;-48,6869;"SPRF-SC";"DEL03-SC";"UOP02-DEL03-SC"
146746;2018-07-15;"domingo";"05:35:00";"SC";101;206;"SAO JOSE";"Falta de Atenção à Condução";"Colisão lateral";"Com Vítimas Feridas";"Plena Noite";"Decrescente";"Céu Claro";"Dupla";"Reta";"Sim";2;0;1;0;1;0;1;2;-27,6001;-48,6225;"SPRF-SC";"DEL01-SC";"UOP01-DEL01-SC"
146747;2018-07-15;"domingo";"05:20:00";"SP";116;53;"LORENA";"Falta de Atenção à Condução";"Colisão com objeto estático";"Com Vítimas Feridas";"Amanhecer";"Crescente";"Céu Claro";"Simples";"Rotatória";"Sim";4;0;3;0;1;0;3;1;-22,752562;-45,107422;"SPRF-SP";"DEL08-SP";"UOP01-DEL08-SP"
146748;2018-07-15;"domingo";"04:10:00";"GO";60;92;"ANAPOLIS";"Agressão Externa";"Incêndio";"Sem Vítimas";"Plena Noite";"Crescente";"Céu Claro";"Dupla";"Reta";"Sim";1;0;0;0;0;1;0;1;-16,353;-48,9178;"SPRF-GO";"DEL02-GO";"UOP01-DEL02-GO"
146749;2018-07-15;"domingo";"04:55:00";"SE";101;119;"ITAPORANGA DAJUDA";"Ingestão de Álcool";"Colisão com objeto estático";"Com Vítimas Feridas";"Amanhecer";"Crescente";"Céu Claro";"Dupla";"Reta;Aclive";"Sim";1;0;1;0;0;0;1;1;-11,02602421;-37,3288813;"SPRF-SE";"DEL02-SE";"UOP01-DEL02-SE"
146751;2018-07-15;"domingo";"04:50:00";"ES";262;3,9;"CARIACICA";"Ingestão de Álcool";"Colisão traseira";"Com Vítimas Feridas";"Amanhecer";"Crescente";"Céu Claro";"Múltipla";"Declive;Reta";"Sim";2;0;1;0;1;0;1;2;-20,33578937;-40,37755877;"SPRF-ES";"DEL01-ES";"UOP01-DEL01-ES"
146753;2018-07-15;"domingo";"05:40:00";"SP";381;68,8;"MAIRIPORA";"Falta de Atenção à Condução";"Colisão com objeto estático";"Com Vítimas Feridas";"Plena Noite";"Decrescente";"Céu Claro";"Dupla";"Curva";"Sim";2;0;1;0;1;0;1;1;-23,34325075;-46,57312003;"SPRF-SP";"DEL03-SP";"DEL6/3-UOP03/SP"
146754;2018-07-15;"domingo";"06:30:00";"MG";381;449;"SANTA LUZIA";"Falta de Atenção à Condução";"Colisão frontal";"Com Vítimas Feridas";"Amanhecer";"Decrescente";"Céu Claro";"Simples";"Declive;Curva";"Não";10;0;0;7;3;0;7;4;-19,82307336;-43,81407738;"SPRF-MG";"DEL01-MG";"UOP01-DEL01-MG"
146755;2018-07-15;"domingo";"06:20:00";"RJ";101;480;"ANGRA DOS REIS";"Ingestão de Álcool";"Colisão frontal";"Com Vítimas Feridas";"Amanhecer";"Decrescente";"Céu Claro";"Simples";"Reta";"Não";6;0;5;0;1;0;5;2;-23,00943043;-44,29210341;"SPRF-RJ";"DEL03-RJ";"UOP03-DEL03-RJ"
146760;2018-06-18;"segunda-feira";"18:40:00";"RS";386;371;"FAZENDA VILANOVA";"Falta de Atenção à Condução";"Saída de leito carroçável";"Com Vítimas Feridas";"Plena Noite";"Decrescente";"Céu Claro";"Dupla";"Reta;Aclive";"Não";2;0;2;0;0;0;2;1;-29,60786439;-51,8063736;"SPRF-RS";"DEL04-RS";"UOP02-DEL04-RS"
146761;2018-07-15;"domingo";"03:49:00";"SC";101;190;"BIGUACU";"Ingestão de Álcool";"Colisão transversal";"Com Vítimas Feridas";"Plena Noite";"Crescente";"Céu Claro";"Dupla";"Reta";"Sim";4;0;2;2;0;0;4;2;-27,47044882;-48,6412989;"SPRF-SC";"DEL01-SC";"UOP01-DEL01-SC"
146762;2018-07-15;"domingo";"07:40:00";"PE";423;53,3;"LAJEDO";"Falta de Atenção à Condução";"Colisão transversal";"Com Vítimas Feridas";"Pleno dia";"Decrescente";"Céu Claro";"Simples";"Aclive";"Não";2;0;0;1;0;1;1;2;-8,60189863;-36,29299164;"SPRF-PE";"DEL03-PE";"UOP01-DEL03-PE"
146763;2018-07-15;"domingo";"07:45:00";"CE";20;203,7;"BOA VIAGEM";"Falta de Atenção à Condução";"Colisão traseira";"Com Vítimas Feridas";"Pleno dia";"Decrescente";"Sol";"Simples";"Reta";"Sim";2;0;0;1;1;0;1;2;-5,1294003;-39,7326367;"SPRF-CE";"DEL02-CE";"UOP02-DEL02-CE"
146764;2018-07-15;"domingo";"06:10:00";"MA";135;20,2;"SAO LUIS";"Falta de Atenção à Condução";"Colisão lateral";"Com Vítimas Feridas";"Pleno dia";"Crescente";"Céu Claro";"Dupla";"Reta";"Sim";3;0;2;0;1;0;2;3;-2,5659515;-44,32794839;"SPRF-MA";"DEL01-MA";"UOP01-DEL01-MA"
146765;2018-06-18;"segunda-feira";"19:45:00";"RS";386;358,1;"ESTRELA";"Animais na Pista";"Atropelamento de Animal";"Com Vítimas Feridas";"Plena Noite";"Decrescente";"Céu Claro";"Dupla";"Reta";"Não";1;0;1;0;0;0;1;1;-29,54642119;-51,90914512;"SPRF-RS";"DEL04-RS";"UOP01-DEL04-RS"
146766;2018-07-15;"domingo";"07:10:00";"PA";316;62;"CASTANHAL";"Falta de Atenção à Condução";"Colisão transversal";"Sem Vítimas";"Amanhecer";"Decrescente";"Céu Claro";"Dupla";"Reta";"Sim";2;0;0;0;2;0;0;2;-1,29655049;-47,92574789;"SPRF-PA";"DEL01-PA";"UOP01-DEL01-PA"
146768;2018-07-15;"domingo";"07:36:00";"MG";381;739,8;"TRES CORACOES";"Falta de Atenção à Condução";"Saída de leito carroçável";"Com Vítimas Feridas";"Pleno dia";"Crescente";"Céu Claro";"Dupla";"Reta";"Não";3;0;2;1;0;0;3;1;-21,5826;-45,2396;"SPRF-MG";"DEL16-MG";"UOP02-DEL16-MG"
146770;2018-02-05;"segunda-feira";"12:00:00";"PR";476;124;"CURITIBA";"Falta de Atenção à Condução";"Queda de ocupante de veículo";"Com Vítimas Feridas";"Pleno dia";"Crescente";"Ignorado";"Dupla";"Reta";"Sim";1;0;0;1;0;0;1;1;-25,40226693;-49,21664715;"SPRF-PR";"DEL01-PR";"UOP07-DEL01-PR"
146771;2018-02-09;"sexta-feira";"18:30:00";"BA";110;371;"POJUCA";"Animais na Pista";"Colisão transversal";"Com Vítimas Feridas";"Anoitecer";"Crescente";"Céu Claro";"Simples";"Rotatória";"Não";3;0;2;0;1;0;2;2;-12,3978305;-38,3729832;"SPRF-BA";"DEL01-BA";"UOP04-DEL01-BA"
146772;2018-07-15;"domingo";"08:50:00";"ES";262;22,2;"VIANA";"Falta de Atenção à Condução";"Tombamento";"Com Vítimas Feridas";"Pleno dia";"Crescente";"Sol";"Simples";"Reta";"Não";1;0;1;0;0;0;1;1;-20,37493341;-40,51590443;"SPRF-ES";"DEL01-ES";"UOP01-DEL01-ES"
146774;2018-07-15;"domingo";"07:30:00";"BA";101;881,4;"TEIXEIRA DE FREITAS";"Sinalização da via insuficiente ou inadequada";"Colisão com objeto estático";"Com Vítimas Feridas";"Pleno dia";"Crescente";"Nublado";"Simples";"Reta";"Não";1;0;0;1;0;0;1;1;-17,57394245;-39,73450989;"SPRF-BA";"DEL09-BA";"UOP02-DEL09-BA"
146775;2018-07-15;"domingo";"07:40:00";"RJ";101;553;"PARATY";"Falta de Atenção à Condução";"Colisão traseira";"Com Vítimas Feridas";"Pleno dia";"Decrescente";"Céu Claro";"Simples";"Reta";"Não";2;0;1;0;1;0;1;2;-23,06798583;-44,69363809;"SPRF-RJ";"DEL03-RJ";"UOP04-DEL03-RJ"
146777;2018-07-15;"domingo";"09:40:00";"DF";60;19;"BRASILIA";"Falta de Atenção à Condução";"Colisão traseira";"Com Vítimas Feridas";"Pleno dia";"Crescente";"Céu Claro";"Dupla";"Curva";"Não";4;0;1;0;1;2;1;3;-15,974583;-48,189411;"SPRF-DF";"DEL01-DF";"UOP01-DEL03-DF"
146778;2018-07-15;"domingo";"09:30:00";"RS";290;85,8;"PORTO ALEGRE";"Falta de Atenção à Condução";"Colisão traseira";"Com Vítimas Feridas";"Pleno dia";"Crescente";"Céu Claro";"Dupla";"Curva";"Não";3;0;1;0;0;2;1;3;-29,96731095;-51,10481232;"SPRF-RS";"DEL01-RS";"UOP01-DEL01-RS"
146783;2018-07-15;"domingo";"10:40:00";"PR";376;431,4;"TIBAGI";"Falta de Atenção à Condução";"Saída de leito carroçável";"Com Vítimas Feridas";"Pleno dia";"Crescente";"Céu Claro";"Simples";"Reta";"Não";3;0;1;2;0;0;3;1;-24,74712361;-50,53674459;"SPRF-PR";"DEL03-PR";"UOP02-DEL03-PR"
146784;2018-07-15;"domingo";"09:30:00";"BA";101;264;"SANTO ANTONIO DE JESUS";"Falta de Atenção à Condução";"Colisão frontal";"Com Vítimas Feridas";"Pleno dia";"Crescente";"Céu Claro";"Simples";"Reta";"Sim";4;0;2;0;2;0;2;3;-12,9832901;-39,2890496;"SPRF-BA";"DEL01-BA";"UOP02-DEL01-BA"
146786;2018-07-15;"domingo";"11:20:00";"SC";101;211,9;"PALHOCA";"Não guardar distância de segurança";"Colisão lateral";"Com Vítimas Feridas";"Pleno dia";"Crescente";"Sol";"Múltipla";"Reta";"Não";5;0;2;0;3;0;2;2;-27,6301;-48,659;"SPRF-SC";"DEL01-SC";"UOP02-DEL01-SC"
146787;2018-07-15;"domingo";"10:30:00";"RS";470;234,6;"CARLOS BARBOSA";"Defeito Mecânico no Veículo";"Colisão com objeto estático";"Com Vítimas Feridas";"Pleno dia";"Crescente";"Céu Claro";"Simples";"Curva";"Não";2;0;2;0;0;0;2;1;-29,31166111;-51,48659527;"SPRF-RS";"DEL06-RS";"UOP01-DEL06-RS"
146788;2018-07-15;"domingo";"11:40:00";"ES";262;74,5;"DOMINGOS MARTINS";"Velocidade Incompatível";"Colisão transversal";"Com Vítimas Feridas";"Pleno dia";"Crescente";"Sol";"Simples";"Curva";"Não";3;0;1;2;0;0;3;2;-20,4099;-40,8906;"SPRF-ES";"DEL01-ES";"UOP02-DEL01-ES"
146789;2018-07-15;"domingo";"11:30:00";"RJ";40;13;"TRES RIOS";"Falta de Atenção à Condução";"Tombamento";"Com Vítimas Feridas";"Pleno dia";"Crescente";"Céu Claro";"Dupla";"Curva";"Não";1;0;1;0;0;0;1;1;-22,07321237;-43,19473922;"SPRF-RJ";"DEL06-RJ";"UOP02-DEL05-RJ"
146790;2018-07-15;"domingo";"11:52:00";"PR";369;81,6;"CORNELIO PROCOPIO";"Falta de Atenção à Condução";"Queda de ocupante de veículo";"Com Vítimas Feridas";"Pleno dia";"Decrescente";"Céu Claro";"Simples";"Reta";"Não";2;0;0;1;1;0;1;1;-23,14831146;-50,59510946;"SPRF-PR";"DEL07-PR";"UOP05-DEL07-PR"
146791;2018-07-15;"domingo";"10:35:00";"PR";277;269;"PRUDENTOPOLIS";"Velocidade Incompatível";"Saída de leito carroçável";"Com Vítimas Feridas";"Pleno dia";"Decrescente";"Céu Claro";"Simples";"Reta";"Não";4;0;1;0;3;0;1;1;-25,37512753;-50,87412357;"SPRF-PR";"DEL03-PR";"UOP02-DEL08-PR"
146793;2018-07-15;"domingo";"12:50:00";"SP";116;36,8;"CACHOEIRA PAULISTA";"Defeito Mecânico no Veículo";"Saída de leito carroçável";"Com Vítimas Feridas";"Pleno dia";"Crescente";"Sol";"Dupla";"Declive;Reta";"Não";5;0;2;0;3;0;2;1;-22,661047;-44,97604;"SPRF-SP";"DEL08-SP";"UOP02-DEL08-SP"
146795;2018-07-15;"domingo";"12:25:00";"RJ";393;237;"VASSOURAS";"Desobediência às normas de trânsito pelo condutor";"Colisão lateral";"Sem Vítimas";"Pleno dia";"Decrescente";"Céu Claro";"Simples";"Reta";"Não";2;0;0;0;0;2;0;2;-22,4274605;-43,6942947;"SPRF-RJ";"DEL05-RJ";"UOP03-DEL05-RJ"
146796;2018-07-15;"domingo";"12:20:00";"PB";101;85,3;"BAYEUX";"Falta de Atenção à Condução";"Tombamento";"Com Vítimas Feridas";"Pleno dia";"Decrescente";"Céu Claro";"Dupla";"Curva";"Sim";1;0;1;0;0;0;1;1;-7,15058805;-34,91023779;"SPRF-PB";"DEL01-PB";"UOP01-DEL01-PB"
146797;2018-07-15;"domingo";"11:40:00";"RJ";101;64,6;"CAMPOS DOS GOYTACAZES";"Desobediência às normas de trânsito pelo pedestre";"Atropelamento de Pedestre";"Com Vítimas Feridas";"Pleno dia";"Crescente";"Céu Claro";"Simples";"Reta";"Sim";2;0;1;0;1;0;1;2;-21,749086;-41,336327;"SPRF-RJ";"DEL08-RJ";"UOP02-DEL08-RJ"
146800;2018-07-15;"domingo";"13:10:00";"PB";104;137,3;"QUEIMADAS";"Ingestão de Álcool";"Colisão traseira";"Sem Vítimas";"Pleno dia";"Crescente";"Céu Claro";"Simples";"Aclive";"Não";3;0;0;0;3;0;0;2;-7,346598;-35,900247;"SPRF-PB";"DEL02-PB";"UOP03-DEL02-PB"
146805;2018-07-15;"domingo";"14:15:00";"SC";101;214;"PALHOCA";"Falta de Atenção à Condução";"Colisão traseira";"Sem Vítimas";"Pleno dia";"Crescente";"Céu Claro";"Dupla";"Reta";"Sim";2;0;0;0;2;0;0;2;-27,652;-48,676;"SPRF-SC";"DEL01-SC";"UOP02-DEL01-SC"
146807;2018-07-15;"domingo";"14:30:00";"PA";155;343;"MARABA";"Não guardar distância de segurança";"Colisão traseira";"Com Vítimas Feridas";"Pleno dia";"Crescente";"Céu Claro";"Simples";"Reta";"Sim";4;0;2;0;2;0;2;2;-5,369574;-49,077969;"SPRF-PA";"DEL03-PA";"UOP01-DEL03-PA"
146808;2018-07-15;"domingo";"14:00:00";"SC";280;130,8;"RIO NEGRINHO";"Falta de Atenção à Condução";"Colisão transversal";"Com Vítimas Feridas";"Pleno dia";"Decrescente";"Céu Claro";"Simples";"Interseção de Vias;Declive;Reta";"Sim";4;0;2;2;0;0;4;2;-26,25312447;-49,53029394;"SPRF-SC";"DEL06-SC";"UOP03-DEL06-SC"
146809;2018-07-15;"domingo";"14:50:00";"ES";101;26,9;"CONCEICAO DA BARRA";"Falta de Atenção à Condução";"Colisão transversal";"Com Vítimas Feridas";"Pleno dia";"Crescente";"Sol";"Simples";"Reta";"Não";3;0;1;1;1;0;2;2;-18,400032;-39,938744;"SPRF-ES";"DEL04-ES";"UOP02-DEL04-ES"
146810;2018-07-15;"domingo";"15:10:00";"RJ";116;143;"DUQUE DE CAXIAS";"Falta de Atenção à Condução";"Colisão traseira";"Sem Vítimas";"Pleno dia";"Decrescente";"Sol";"Dupla";"Reta";"Sim";2;0;0;0;2;0;0;2;-22,652384;-43,239201;"SPRF-RJ";"DEL04-RJ";"UOP02-DEL04-RJ"
146813;2018-07-15;"domingo";"15:20:00";"TO";153;305,5;"PRESIDENTE KENNEDY";"Avarias e/ou desgaste excessivo no pneu";"Saída de leito carroçável";"Com Vítimas Feridas";"Pleno dia";"Decrescente";"Céu Claro";"Simples";"Reta";"Não";3;0;1;1;0;1;2;2;-8,53759524;-48,48320782;"SPRF-TO";"DEL02-TO";"UOP02-DEL02-TO"
146814;2018-07-15;"domingo";"13:40:00";"PI";343;252,5;"CAMPO MAIOR";"Falta de Atenção à Condução";"Capotamento";"Com Vítimas Feridas";"Pleno dia";"Decrescente";"Céu Claro";"Simples";"Reta";"Não";2;0;2;0;0;0;2;1;-4,73622744;-42,1075058;"SPRF-PI";"DEL01-PI";"UOP03-DEL01-PI"
146815;2018-07-15;"domingo";"15:30:00";"RS";116;262;"CANOAS";"Não guardar distância de segurança";"Saída de leito carroçável";"Com Vítimas Feridas";"Pleno dia";"Decrescente";"Nublado";"Dupla";"Curva";"Sim";1;0;1;0;0;0;1;1;-29,896475;-51,17593;"SPRF-RS";"DEL01-RS";"UOP01-DEL01-RS"
146817;2018-07-15;"domingo";"15:19:00";"RS";158;139,9;"CONDOR";"Objeto estático sobre o leito carroçável";"Colisão com objeto estático";"Com Vítimas Feridas";"Pleno dia";"Decrescente";"Céu Claro";"Simples";"Curva";"Não";3;0;3;0;0;0;3;2;-28,193058;-53,477482;"SPRF-RS";"DEL08-RS";"UOP02-DEL08-RS"
146818;2018-07-15;"domingo";"15:30:00";"ES";101;230,1;"FUNDAO";"Objeto estático sobre o leito carroçável";"Queda de ocupante de veículo";"Com Vítimas Feridas";"Pleno dia";"Crescente";"Céu Claro";"Simples";"Reta";"Sim";1;0;1;0;0;0;1;1;-19,9454999;-40,40807438;"SPRF-ES";"DEL02-ES";"UOP01-DEL02-ES"
146822;2018-07-15;"domingo";"15:50:00";"CE";222;2;"FORTALEZA";"Falta de Atenção à Condução";"Colisão transversal";"Com Vítimas Feridas";"Pleno dia";"Crescente";"Céu Claro";"Múltipla";"Reta";"Sim";2;0;0;2;0;0;2;2;-3,73888571;-38,58699381;"SPRF-CE";"DEL01-CE";"UOP01-DEL01-CE"
146823;2018-07-15;"domingo";"15:48:00";"MS";163;245,5;"DOURADOS";"Falta de Atenção à Condução";"Saída de leito carroçável";"Com Vítimas Feridas";"Pleno dia";"Crescente";"Céu Claro";"Simples";"Reta";"Não";2;0;2;0;0;0;2;1;-22,34672294;-54,80889202;"SPRF-MS";"DEL04-MS";"UOP01-DEL04-MS"
146825;2018-07-15;"domingo";"16:45:00";"SC";280;46,2;"GUARAMIRIM";"Falta de Atenção à Condução";"Colisão transversal";"Com Vítimas Feridas";"Pleno dia";"Crescente";"Céu Claro";"Simples";"Interseção de Vias;Reta";"Não";3;0;2;0;1;0;2;2;-26,4530827;-48,91009212;"SPRF-SC";"DEL03-SC";"UOP03-DEL03-SC"
146826;2018-07-15;"domingo";"16:45:00";"RS";116;134,8;"CAXIAS DO SUL";"Ingestão de Álcool";"Colisão transversal";"Com Vítimas Feridas";"Pleno dia";"Decrescente";"Sol";"Simples";"Curva";"Não";3;0;1;0;2;0;1;2;-29,06494765;-51,09736919;"SPRF-RS";"DEL05-RS";"UOP01-DEL05-RS"
146827;2018-07-15;"domingo";"09:30:00";"MG";262;602,3;"CAMPOS ALTOS";"Falta de Atenção à Condução";"Saída de leito carroçável";"Com Vítimas Feridas";"Pleno dia";"Crescente";"Céu Claro";"Simples";"Reta";"Não";3;0;2;0;1;0;2;1;-19,666414;-46,16032;"SPRF-MG";"DEL08-MG";"UOP02-DEL08-MG"
146829;2018-07-15;"domingo";"16:20:00";"MG";40;379;"CURVELO";"Condutor Dormindo";"Colisão traseira";"Com Vítimas Feridas";"Pleno dia";"Crescente";"Céu Claro";"Simples";"Reta";"Não";4;0;1;0;3;0;1;2;-18,870829;-44,729332;"SPRF-MG";"DEL02-MG";"UOP01-DEL02-MG"