"id";"data_inversa";"dia_semana";"horario";"uf";"br";"km";"municipio";"causa_acidente";"tipo_acidente";"classificacao_acidente";"fase_dia";"sentido_via";"condicao_metereologica";"tipo_pista";"tracado_via";"uso_solo";"pessoas";"mortos";"feridos_leves";"feridos_graves";"ilesos";"ignorados";"feridos";"veiculos";"latitude";"longitude";"regional";"delegacia";"uop"
146830;2018-07-15;"domingo";"17:05:00";"RJ";101;65;"CAMPOS DOS GOYTACAZES";"Não guardar distância de segurança";"Colisão traseira";"Com Vítimas Feridas";"Anoitecer";"Decrescente";"Céu Claro";"Simples";"Reta";"Sim";2;0;1;0;1;0;1;2;-21,753717;-41,34436;"SPRF-RJ";"DEL08-RJ";"UOP02-DEL08-RJ"
146831;2018-07-15;"domingo";"17:00:00";"MG";116;273,1;"TEOFILO OTONI";"Falta de Atenção à Condução";"Tombamento";"Com Vítimas Fatais";"Pleno dia";"Crescente";"Nublado";"Simples";"Declive;Reta";"Não";2;1;0;0;0;1;0;2;-17,824758;-41,504951;"SPRF-MG";"DEL11-MG";"UOP01-DEL11-MG"
146832;2018-07-15;"domingo";"17:00:00";"PA";316;11;"MARITUBA";"Falta de Atenção à Condução";"Colisão transversal";"Sem Vítimas";"Pleno dia";"Crescente";"Sol";"Dupla";"Reta";"Sim";2;0;0;0;2;0;0;2;-1,36551207;-48,34712863;"SPRF-PA";"DEL01-PA";"DEL19/1-UOP05/PA"
146833;2018-07-15;"domingo";"17:15:00";"ES";101;309,5;"VIANA";"Ingestão de Álcool";"Colisão transversal";"Com Vítimas Feridas";"Anoitecer";"Crescente";"Céu Claro";"Simples";"Interseção de Vias";"Sim";5;0;3;2;0;0;5;3;-20,42032399;-40,45972612;"SPRF-ES";"DEL03-ES";"UOP01-DEL03-ES"
146834;2018-07-15;"domingo";"17:30:00";"SP";116;199;"ARUJA";"Ingestão de Álcool";"Saída de leito carroçável";"Com Vítimas Feridas";"Anoitecer";"Crescente";"Céu Claro";"Dupla";"Reta";"Sim";2;0;1;0;1;0;1;1;-23,40228244;-46,3163209;"SPRF-SP";"DEL01-SP";"UOP02-DEL01-SP"
146836;2018-07-15;"domingo";"17:30:00";"PR";369;56;"BANDEIRANTES";"Desobediência às normas de trânsito pelo condutor";"Colisão transversal";"Com Vítimas Feridas";"Anoitecer";"Decrescente";"Céu Claro";"Simples";"Aclive;Reta";"Sim";4;0;0;1;2;1;1;3;-23,10881581;-50,36764557;"SPRF-PR";"DEL07-PR";"UOP05-DEL07-PR"
146837;2018-07-15;"domingo";"16:25:00";"RS";290;140,5;"ELDORADO DO SUL";"Falta de Atenção à Condução";"Saída de leito carroçável";"Com Vítimas Feridas";"Pleno dia";"Decrescente";"Céu Claro";"Simples";"Reta";"Não";3;0;1;0;2;0;1;1;-30,082417;-51,609337;"SPRF-RS";"DEL02-RS";"UOP01-DEL02-RS"
146839;2018-07-15;"domingo";"17:40:00";"RS";116;247,9;"SAO LEOPOLDO";"Desobediência às normas de trânsito pelo condutor";"Colisão transversal";"Com Vítimas Feridas";"Anoitecer";"Decrescente";"Céu Claro";"Dupla";"Reta";"Sim";5;0;2;0;3;0;2;2;-29,76738;-51,153519;"SPRF-RS";"DEL01-RS";"UOP02-DEL01-RS"
146842;2018-07-15;"domingo";"17:20:00";"MG";262;803;"UBERABA";"Falta de Atenção à Condução";"Tombamento";"Com Vítimas Feridas";"Pleno dia";"Decrescente";"Céu Claro";"Dupla";"Reta";"Sim";1;0;1;0;0;0;1;1;-19,775097;-47,972019;"SPRF-MG";"DEL13-MG";"UOP01-DEL13-MG"
146843;2018-07-15;"domingo";"18:10:00";"GO";20;160;"ALVORADA DO NORTE";"Falta de Atenção à Condução";"Colisão transversal";"Com Vítimas Feridas";"Plena Noite";"Decrescente";"Vento";"Simples";"Reta";"Não";9;0;7;0;2;0;7;2;-14,61786;-46,61105;"SPRF-DF";"DEL02-DF";"UOP03-DEL02-DF"
146844;2018-07-15;"domingo";"17:00:00";"MS";163;489,8;"CAMPO GRANDE";"Falta de Atenção à Condução";"Colisão com objeto estático";"Com Vítimas Feridas";"Anoitecer";"Decrescente";"Céu Claro";"Simples";"Reta";"Não";1;0;1;0;0;0;1;1;-20,40085464;-54,55512017;"SPRF-MS";"DEL01-MS";"UOP02-DEL01-MS"
146845;2018-07-15;"domingo";"18:15:00";"MG";50;141;"UBERABA";"Falta de Atenção à Condução";"Saída de leito carroçável";"Com Vítimas Feridas";"Anoitecer";"Crescente";"Céu Claro";"Dupla";"Curva";"Não";1;0;1;0;0;0;1;1;-19,4936;-48,0481;"SPRF-MG";"DEL13-MG";"UOP01-DEL13-MG"
146846;2018-07-15;"domingo";"17:40:00";"SC";282;652,9;"SAO MIGUEL DO OESTE";"Falta de Atenção à Condução";"Saída de leito carroçável";"Com Vítimas Feridas";"Pleno dia";"Decrescente";"Céu Claro";"Simples";"Aclive;Curva";"Não";1;0;1;0;0;0;1;1;-26,70931178;-53,51953712;"SPRF-SC";"DEL07-SC";"UOP03-DEL07-SC"
146847;2018-07-15;"domingo";"17:40:00";"SP";116;273,2;"TABOAO DA SERRA";"Falta de Atenção à Condução";"Colisão com objeto estático";"Com Vítimas Feridas";"Anoitecer";"Crescente";"Céu Claro";"Dupla";"Reta";"Sim";2;0;2;0;0;0;2;1;-23,61665839;-46,79114699;"SPRF-SP";"DEL04-SP";"UOP01-DEL04-SP"
146848;2018-07-15;"domingo";"18:30:00";"PR";376;492,5;"PONTA GROSSA";"Falta de Atenção à Condução";"Capotamento";"Com Vítimas Feridas";"Plena Noite";"Decrescente";"Céu Claro";"Dupla";"Reta";"Sim";1;0;0;1;0;0;1;1;-25,12072996;-50,18473148;"SPRF-PR";"DEL03-PR";"UOP04-DEL03-PR"
146849;2018-07-15;"domingo";"18:35:00";"SC";116;207,3;"PONTE ALTA";"Falta de Atenção à Condução";"Colisão transversal";"Com Vítimas Feridas";"Anoitecer";"Decrescente";"Céu Claro";"Simples";"Reta";"Sim";3;0;1;0;2;0;1;2;-27,48411746;-50,37808657;"SPRF-SC";"DEL05-SC";"UOP03-DEL05-SC"
146852;2018-07-15;"domingo";"18:30:00";"SC";101;217;"PALHOCA";"Desobediência às normas de trânsito pelo condutor";"Colisão lateral";"Com Vítimas Feridas";"Anoitecer";"Decrescente";"Céu Claro";"Dupla";"Reta";"Sim";2;0;1;0;1;0;1;2;-27,6771;-48,67;"SPRF-SC";"DEL01-SC";"UOP02-DEL01-SC"
146853;2018-07-15;"domingo";"17:55:00";"ES";262;56,3;"MARECHAL FLORIANO";"Falta de Atenção do Pedestre";"Atropelamento de Pedestre";"Com Vítimas Feridas";"Anoitecer";"Decrescente";"Céu Claro";"Simples";"Interseção de Vias";"Não";3;0;0;1;1;1;1;3;-20,4109;-40,7541;"SPRF-ES";"DEL01-ES";"UOP01-DEL01-ES"
146854;2018-07-15;"domingo";"18:30:00";"PR";116;47;"CAMPINA GRANDE DO SUL";"Falta de Atenção à Condução";"Colisão traseira";"Com Vítimas Feridas";"Plena Noite";"Crescente";"Céu Claro";"Dupla";"Reta";"Não";5;0;1;0;4;0;1;2;-25,210619;-48,897217;"SPRF-PR";"DEL01-PR";"UOP02-DEL01-PR"
146855;2018-07-15;"domingo";"09:40:00";"SC";282;215,3;"LAGES";"Velocidade Incompatível";"Saída de leito carroçável";"Sem Vítimas";"Pleno dia";"Crescente";"Céu Claro";"Simples";"Curva";"Sim";1;0;0;0;1;0;0;1;-27,79426872;-50,28466523;"SPRF-SC";"DEL05-SC";"UOP01-DEL05-SC"
146856;2018-07-15;"domingo";"19:00:00";"SC";101;146;"ITAPEMA";"Ingestão de Álcool";"Colisão traseira";"Com Vítimas Feridas";"Plena Noite";"Decrescente";"Céu Claro";"Dupla";"Reta";"Sim";3;0;1;0;2;0;1;3;-27,0918;-48,6168;"SPRF-SC";"DEL04-SC";"UOP03-DEL04-SC"
146857;2018-07-15;"domingo";"19:15:00";"PR";376;2;"MANDAGUARI";"Falta de Atenção à Condução";"Colisão traseira";"Com Vítimas Feridas";"Plena Noite";"Crescente";"Céu Claro";"Simples";"Reta";"Não";2;0;1;0;1;0;1;2;-23,547966;-51,671265;"SPRF-PR";"DEL07-PR";"UOP01-DEL09-PR"
146858;2018-07-15;"domingo";"19:00:00";"SP";116;464,4;"PARIQUERA-ACU";"Falta de Atenção do Pedestre";"Atropelamento de Pedestre";"Com Vítimas Fatais";"Plena Noite";"Crescente";"Nublado";"Dupla";"Reta";"Não";2;1;1;0;0;0;1;2;-24,63902078;-47,91313648;"SPRF-SP";"DEL05-SP";"UOP01-DEL05-SP"
146859;2018-07-15;"domingo";"19:30:00";"MG";381;756;"TRES CORACOES";"Ingestão de Álcool";"Colisão com objeto estático";"Com Vítimas Feridas";"Plena Noite";"Crescente";"Céu Claro";"Dupla";"Reta";"Não";1;0;1;0;0;0;1;1;-21,6788;-45,341;"SPRF-MG";"DEL16-MG";"UOP02-DEL16-MG"
146860;2018-07-15;"domingo";"18:50:00";"MG";381;160;"GOVERNADOR VALADARES";"Animais na Pista";"Atropelamento de Animal";"Com Vítimas Feridas";"Plena Noite";"Decrescente";"Nublado";"Simples";"Interseção de Vias";"Sim";1;0;1;0;0;0;1;1;-18,8906319;-42,00500697;"SPRF-MG";"DEL06-MG";"UOP01-DEL06-MG"
146861;2018-07-15;"domingo";"19:45:00";"RJ";101;284;"ITABORAI";"Defeito Mecânico no Veículo";"Incêndio";"Sem Vítimas";"Plena Noite";"Crescente";"Céu Claro";"Dupla";"Reta";"Não";1;0;0;0;1;0;0;1;-22,744345;-42,808727;"SPRF-RJ";"DEL02-RJ";"UOP03-DEL02-RJ"
146862;2018-07-15;"domingo";"18:40:00";"MT";174;114,1;"MIRASSOL DOESTE";"Falta de Atenção à Condução";"Saída de leito carroçável";"Com Vítimas Feridas";"Plena Noite";"Decrescente";"Céu Claro";"Simples";"Reta";"Não";4;0;4;0;0;0;4;1;-15,8206738;-57,9953549;"SPRF-MT";"DEL03-MT";"UOP01-DEL03-MT"
146863;2018-07-15;"domingo";"19:20:00";"GO";40;8,5;"VALPARAISO DE GOIAS";"Ingestão de Álcool";"Colisão traseira";"Sem Vítimas";"Plena Noite";"Decrescente";"Céu Claro";"Dupla";"Reta";"Sim";2;0;0;0;2;0;0;2;-16,11987282;-47,96516061;"SPRF-DF";"DEL01-DF";"UOP01-DEL01-DF"
146864;2018-07-15;"domingo";"18:15:00";"RO";364;7;"VILHENA";"Falta de Atenção à Condução";"Queda de ocupante de veículo";"Com Vítimas Feridas";"Plena Noite";"Decrescente";"Céu Claro";"Simples";"Rotatória";"Não";1;0;0;1;0;0;1;1;-12,775282;-60,093433;"SPRF-RO";"DEL04-RO";"UOP01-DEL04-RO"
146867;2018-07-15;"domingo";"20:00:00";"PE";101;95,1;"CABO DE SANTO AGOSTINHO";"Falta de Atenção à Condução";"Saída de leito carroçável";"Com Vítimas Feridas";"Plena Noite";"Decrescente";"Céu Claro";"Dupla";"Reta";"Não";1;0;1;0;0;0;1;1;-8,25164768;-35,01899958;"SPRF-PE";"DEL01-PE";"UOP03-DEL01-PE"
146869;2018-07-15;"domingo";"18:45:00";"SC";282;25,7;"SANTO AMARO DA IMPERATRIZ";"Falta de Atenção à Condução";"Colisão lateral";"Sem Vítimas";"Plena Noite";"Crescente";"Céu Claro";"Simples";"Curva";"Não";2;0;0;0;2;0;0;2;-27,678228;-48,752895;"SPRF-SC";"DEL01-SC";"UOP03-DEL01-SC"
146872;2018-07-15;"domingo";"20:45:00";"SP";116;5,2;"QUELUZ";"Ingestão de Álcool";"Colisão lateral";"Sem Vítimas";"Plena Noite";"Decrescente";"Céu Claro";"Simples";"Curva";"Sim";2;0;0;0;2;0;0;2;-22,529476;-44,744602;"SPRF-SP";"DEL08-SP";"UOP02-DEL08-SP"
146874;2018-07-15;"domingo";"20:39:00";"PA";316;12;"MARITUBA";"Falta de Atenção do Pedestre";"Atropelamento de Pedestre";"Com Vítimas Feridas";"Plena Noite";"Decrescente";"Nublado";"Dupla";"Reta";"Sim";2;0;1;0;1;0;1;2;-1,38574821;-48,40753606;"SPRF-PA";"DEL01-PA";"DEL19/1-UOP05/PA"
146875;2018-07-15;"domingo";"18:30:00";"MT";163;821;"SINOP";"Falta de Atenção à Condução";"Colisão traseira";"Com Vítimas Feridas";"Plena Noite";"Crescente";"Céu Claro";"Simples";"Reta";"Não";2;0;1;0;0;1;1;2;-11,98267991;-55,51736874;"SPRF-MT";"DEL06-MT";"UOP01-DEL06-MT"
146877;2018-07-15;"domingo";"19:50:00";"SC";280;27,5;"ARAQUARI";"Falta de Atenção do Pedestre";"Atropelamento de Pedestre";"Com Vítimas Feridas";"Plena Noite";"Decrescente";"Nublado";"Simples";"Reta";"Sim";3;0;2;0;1;0;2;2;-26,39926481;-48,74175039;"SPRF-SC";"DEL03-SC";"UOP03-DEL03-SC"
146878;2018-07-15;"domingo";"20:50:00";"SC";101;215,9;"PALHOCA";"Falta de Atenção à Condução";"Colisão lateral";"Com Vítimas Feridas";"Plena Noite";"Crescente";"Céu Claro";"Múltipla";"Interseção de Vias";"Não";2;0;1;0;1;0;1;2;-27,6601;-48,6774;"SPRF-SC";"DEL01-SC";"UOP02-DEL01-SC"
146879;2018-07-15;"domingo";"20:30:00";"PR";277;678;"MEDIANEIRA";"Falta de Atenção à Condução";"Saída de leito carroçável";"Com Vítimas Feridas";"Plena Noite";"Crescente";"Céu Claro";"Dupla";"Reta";"Não";3;0;2;0;1;0;2;1;-25,29933757;-54,10766602;"SPRF-PR";"DEL05-PR";"UOP01-DEL05-PR"
146880;2018-07-15;"domingo";"20:00:00";"RN";406;149;"CEARA-MIRIM";"Falta de Atenção do Pedestre";"Atropelamento de Pedestre";"Com Vítimas Feridas";"Plena Noite";"Decrescente";"Céu Claro";"Simples";"Reta";"Sim";2;0;1;0;1;0;1;2;-5,64840132;-35,44281185;"SPRF-RN";"DEL02-RN";"UOP01-DEL02-RN"
146881;2018-07-15;"domingo";"19:45:00";"RJ";116;277;"BARRA MANSA";"Defeito Mecânico no Veículo";"Colisão lateral";"Com Vítimas Feridas";"Plena Noite";"Decrescente";"Céu Claro";"Dupla";"Reta";"Não";4;0;2;0;2;0;2;2;-22,5171557;-44,20795441;"SPRF-RJ";"DEL07-RJ";"UOP02-DEL07-RJ"
146882;2018-07-15;"domingo";"20:30:00";"RJ";116;286,7;"BARRA MANSA";"Restrição de Visibilidade";"Atropelamento de Pedestre";"Com Vítimas Feridas";"Plena Noite";"Crescente";"Nublado";"Dupla";"Reta";"Não";2;0;1;0;0;1;1;2;-22,47485933;-44,26830947;"SPRF-RJ";"DEL07-RJ";"UOP02-DEL07-RJ"
146883;2018-07-15;"domingo";"20:25:00";"RS";392;87,6;"PELOTAS";"Desobediência às normas de trânsito pelo condutor";"Colisão transversal";"Com Vítimas Feridas";"Plena Noite";"Crescente";"Chuva";"Simples";"Reta";"Não";3;0;2;0;1;0;2;2;-31,627687;-52,499878;"SPRF-RS";"DEL07-RS";"UOP01-DEL07-RS"
146884;2018-07-15;"domingo";"21:00:00";"PA";316;67;"CASTANHAL";"Falta de Atenção à Condução";"Colisão transversal";"Sem Vítimas";"Plena Noite";"Decrescente";"Céu Claro";"Simples";"Reta";"Sim";2;0;0;0;1;1;0;2;-1,294879;-47,892807;"SPRF-PA";"DEL01-PA";"UOP01-DEL01-PA"
146886;2018-07-15;"domingo";"20:15:00";"PA";316;4,5;"ANANINDEUA";"Desobediência às normas de trânsito pelo condutor";"Colisão transversal";"Com Vítimas Feridas";"Plena Noite";"Decrescente";"Céu Claro";"Dupla";"Reta";"Não";6;0;5;0;1;0;5;2;-1,38313801;-48,40279486;"SPRF-PA";"DEL01-PA";"DEL19/1-UOP05/PA"
146887;2018-07-15;"domingo";"21:25:00";"PE";101;63;"RECIFE";"Velocidade Incompatível";"Colisão com objeto estático";"Com Vítimas Fatais";"Plena Noite";"Crescente";"Nublado";"Dupla";"Reta";"Sim";3;1;1;0;0;1;1;2;-8,013125;-34,939652;"SPRF-PE";"DEL01-PE";"UOP02-DEL01-PE"
146888;2018-07-15;"domingo";"19:20:00";"MG";262;22,8;"REDUTO";"Velocidade Incompatível";"Saída de leito carroçável";"Com Vítimas Feridas";"Plena Noite";"Crescente";"Nublado";"Simples";"Curva";"Não";2;0;2;0;0;0;2;1;-20,24836732;-41,93214297;"SPRF-MG";"DEL06-MG";"UOP03-DEL06-MG"
146889;2018-07-15;"domingo";"20:40:00";"PI";316;31,9;"DEMERVAL LOBAO";"Falta de Atenção à Condução";"Colisão traseira";"Com Vítimas Feridas";"Plena Noite";"Crescente";"Céu Claro";"Simples";"Reta";"Sim";2;0;0;1;0;1;1;2;-5,339606;-42,693954;"SPRF-PI";"DEL01-PI";"UOP02-DEL01-PI"
146890;2018-07-15;"domingo";"21:15:00";"RJ";393;281,4;"VOLTA REDONDA";"Falta de Atenção à Condução";"Colisão transversal";"Com Vítimas Feridas";"Plena Noite";"Crescente";"Nublado";"Simples";"Reta";"Sim";2;0;1;0;0;1;1;2;-22,4740272;-44,0611152;"SPRF-RJ";"DEL05-RJ";"UOP04-DEL05-RJ"
146892;2018-07-15;"domingo";"21:29:00";"PA";222;245;"MARABA";"Ingestão de Álcool";"Colisão frontal";"Com Vítimas Feridas";"Plena Noite";"Crescente";"Céu Claro";"Simples";"Reta";"Sim";2;0;1;0;1;0;1;2;-5,35662982;-49,07932341;"SPRF-PA";"DEL03-PA";"UOP01-DEL03-PA"
146893;2018-07-15;"domingo";"16:50:00";"AM";230;600;"HUMAITA";"Defeito na Via";"Capotamento";"Sem Vítimas";"Pleno dia";"Crescente";"Céu Claro";"Simples";"Reta";"Não";2;0;0;0;2;0;0;1;-7,4865588;-63,01054001;"SPRF-RO";"DEL01-RO";"UOP05-DEL01-AM"
146895;2018-07-15;"domingo";"19:30:00";"RJ";356;90,8;"CARDOSO MOREIRA";"Falta de Atenção do Pedestre";"Atropelamento de Pedestre";"Com Vítimas Fatais";"Plena Noite";"Decrescente";"Céu Claro";"Simples";"Reta";"Não";2;1;0;0;1;0;0;2;-21,476561;-41,665489;"SPRF-RJ";"DEL08-RJ";"UOP03-DEL08-RJ"
146896;2018-07-15;"domingo";"22:00:00";"AL";316;154,1;"PALMEIRA DOS INDIOS";"Falta de Atenção do Pedestre";"Atropelamento de Pedestre";"Com Vítimas Feridas";"Plena Noite";"Decrescente";"Céu Claro";"Simples";"Reta";"Não";2;0;0;1;1;0;1;2;-9,430553;-36,641014;"SPRF-AL";"DEL03-AL";"UOP01-DEL03-AL"
146898;2018-07-15;"domingo";"22:10:00";"SC";101;193,2;"BIGUACU";"Falta de Atenção do Pedestre";"Atropelamento de Pedestre";"Com Vítimas Fatais";"Plena Noite";"Decrescente";"Céu Claro";"Múltipla";"Reta";"Sim";3;1;0;0;1;1;0;2;-27,4982;-48,6565;"SPRF-SC";"DEL01-SC";"UOP01-DEL01-SC"
146901;2018-07-15;"domingo";"22:20:00";"RS";392;341,2;"SANTA MARIA";"Desobediência às normas de trânsito pelo condutor";"Colisão lateral";"Com Vítimas Feridas";"Plena Noite";"Decrescente";"Céu Claro";"Simples";"Reta";"Não";5;0;1;2;2;0;3;2;-29,813076;-53,771732;"SPRF-RS";"DEL09-RS";"UOP01-DEL09-RS"
146903;2018-07-15;"domingo";"22:00:00";"BA";330;730;"JEQUIE";"Falta de Atenção à Condução";"Colisão frontal";"Com Vítimas Feridas";"Plena Noite";"Crescente";"Ignorado";"Simples";"Curva";"Não";5;0;4;0;1;0;4;2;-13,89884;-40,01912;"SPRF-BA";"DEL03-BA";"UOP01-DEL03-BA"
146904;2018-07-15;"domingo";"18:45:00";"MG";116;415;"GOVERNADOR VALADARES";"Falta de Atenção à Condução";"Tombamento";"Com Vítimas Feridas";"Plena Noite";"Crescente";"Céu Claro";"Simples";"Interseção de Vias";"Não";1;0;1;0;0;0;1;1;-18,88420876;-41,94912136;"SPRF-MG";"DEL06-MG";"UOP01-DEL06-MG"
146905;2018-07-15;"domingo";"19:30:00";"SC";282;214,7;"LAGES";"Ingestão de Álcool";"Colisão traseira";"Com Vítimas Feridas";"Plena Noite";"Decrescente";"Céu Claro";"Simples";"Reta";"Sim";2;0;0;1;1;0;1;2;-27,78880175;-50,2701937;"SPRF-SC";"DEL05-SC";"UOP01-DEL05-SC"
146906;2018-07-15;"domingo";"23:15:00";"TO";153;500;"PARAISO DO TOCANTINS";"Falta de Atenção à Condução";"Saída de leito carroçável";"Sem Vítimas";"Plena Noite";"Decrescente";"Céu Claro";"Simples";"Reta";"Não";1;0;0;0;0;1;0;1;-10,200766;-48,874241;"SPRF-TO";"DEL02-TO";"UOP01-DEL01-TO"
146907;2018-07-15;"domingo";"21:45:00";"RO";364;711;"PORTO VELHO";"Sinalização da via insuficiente ou inadequada";"Tombamento";"Com Vítimas Feridas";"Plena Noite";"Crescente";"Céu Claro";"Múltipla";"Reta";"Sim";1;0;1;0;0;0;1;1;-8,77884498;-63,86951757;"SPRF-RO";"DEL01-RO";"UOP01-DEL01-RO"
146909;2018-07-15;"domingo";"19:30:00";"PR";476;342;"PAULA FREITAS";"Falta de Atenção à Condução";"Colisão traseira";"Com Vítimas Feridas";"Plena Noite";"Crescente";"Nublado";"Simples";"Reta";"Não";3;0;2;0;0;1;2;2;-26,16979;-50,909458;"SPRF-PR";"DEL02-PR";"UOP03-DEL02-PR"
146910;2018-07-15;"domingo";"23:08:00";"RJ";116;181;"NOVA IGUACU";"Ingestão de Álcool";"Colisão traseira";"Sem Vítimas";"Plena Noite";"Crescente";"Nublado";"Dupla";"Reta";"Sim";2;0;0;0;2;0;0;2;-22,73989192;-43,45903873;"SPRF-RJ";"DEL01-RJ";"UOP02-DEL01-RJ"
146911;2018-07-15;"domingo";"23:00:00";"DF";70;19;"BRASILIA";"Falta de Atenção à Condução";"Colisão transversal";"Sem Vítimas";"Plena Noite";"Crescente";"Céu Claro";"Dupla";"Reta";"Não";2;0;0;0;2;0;0;2;-15,788868;-48,220242;"SPRF-DF";"DEL01-DF";"UOP02-DEL03-DF"
146912;2018-07-15;"domingo";"19:20:00";"MA";316;582;"CAXIAS";"Falta de Atenção à Condução";"Colisão traseira";"Com Vítimas Fatais";"Plena Noite";"Crescente";"Céu Claro";"Simples";"Reta";"Não";2;1;0;1;0;0;1;1;-4,973422;-43,106636;"SPRF-MA";"DEL03-MA";"UOP02-DEL03-MA"
146913;2018-07-15;"domingo";"21:15:00";"PA";316;4;"ANANINDEUA";"Ingestão de Álcool";"Colisão transversal";"Sem Vítimas";"Plena Noite";"Crescente";"Céu Claro";"Dupla";"Reta";"Sim";2;0;0;0;2;0;0;2;-1,38693286;-48,40879731;"SPRF-PA";"DEL01-PA";"DEL19/1-UOP05/PA"
146914;2018-07-15;"domingo";"22:35:00";"PE";424;85,8;"GARANHUNS";"Velocidade Incompatível";"Saída de leito carroçável";"Com Vítimas Feridas";"Plena Noite";"Decrescente";"Nublado";"Simples";"Reta";"Não";1;0;0;1;0;0;1;1;-8,8642949;-36,50971413;"SPRF-PE";"DEL03-PE";"UOP01-DEL03-PE"
146915;2018-07-15;"domingo";"23:10:00";"PA";316;17;"MARITUBA";"Falta de Atenção do Pedestre";"Atropelamento de Pedestre";"Com Vítimas Feridas";"Plena Noite";"Crescente";"Céu Claro";"Dupla";"Reta";"Sim";2;0;0;1;1;0;1;2;-1,366493;-48,3678955;"SPRF-PA";"DEL01-PA";"DEL19/1-UOP05/PA"
146916;2018-07-15;"domingo";"20:05:00";"SC";282;579,3;"PINHALZINHO";"Ingestão de Álcool";"Saída de leito carroçável";"Sem Vítimas";"Plena Noite";"Crescente";"Céu Claro";"Simples";"Reta";"Não";1;0;0;0;1;0;0;1;-26,835443;-52,990578;"SPRF-SC";"DEL07-SC";"UOP02-DEL07-SC"
146919;2018-07-15;"domingo";"23:30:00";"PI";343;182;"PIRIPIRI";"Ingestão de Álcool";"Queda de ocupante de veículo";"Com Vítimas Feridas";"Plena Noite";"Crescente";"Céu Claro";"Simples";"Reta";"Sim";1;0;0;1;0;0;1;1;-4,27019503;-41,75964475;"SPRF-PI";"DEL02-PI";"UOP01-DEL02-PI"
146920;2018-07-15;"domingo";"01:00:00";"RO";364;675;"CANDEIAS DO JAMARI";"Velocidade Incompatível";"Saída de leito carroçável";"Com Vítimas Feridas";"Plena Noite";"Crescente";"Céu Claro";"Simples";"Reta";"Não";1;0;1;0;0;0;1;1;-8,78621647;-63,59435773;"SPRF-RO";"DEL01-RO";"UOP01-DEL01-RO"
146921;2018-07-15;"domingo";"18:30:00";"MG";262;46,5;"MANHUACU";"Restrição de Visibilidade";"Colisão com objeto estático";"Com Vítimas Feridas";"Plena Noite";"Decrescente";"Céu Claro";"Simples";"Curva";"Não";1;0;0;1;0;0;1;1;-20,263256;-42,105717;"SPRF-MG";"DEL06-MG";"UOP03-DEL06-MG"
146922;2018-07-16;"segunda-feira";"00:35:00";"ES";262;5,4;"CARIACICA";"Desobediência às normas de trânsito pelo condutor";"Colisão transversal";"Com Vítimas Feridas";"Plena Noite";"Decrescente";"Nublado";"Múltipla";"Declive";"Sim";3;0;1;1;1;0;2;2;-20,33852067;-40,39207757;"SPRF-ES";"DEL01-ES";"UOP01-DEL01-ES"
146923;2018-07-15;"domingo";"22:40:00";"MG";116;589,1;"MANHUACU";"Mal Súbito";"Saída de leito carroçável";"Com Vítimas Feridas";"Plena Noite";"Decrescente";"Céu Claro";"Simples";"Curva";"Não";2;0;2;0;0;0;2;1;-20,18939064;-42,1844101;"SPRF-MG";"DEL06-MG";"UOP03-DEL06-MG"
146924;2018-07-16;"segunda-feira";"00:00:00";"MG";40;611,2;"CONGONHAS";"Falta de Atenção à Condução";"Saída de leito carroçável";"Com Vítimas Feridas";"Plena Noite";"Decrescente";"Nublado";"Simples";"Reta;Interseção de Vias";"Sim";2;0;2;0;0;0;2;1;-20,51554954;-43,83889318;"SPRF-MG";"DEL05-MG";"UOP02-DEL05-MG"
146925;2018-07-16;"segunda-feira";"01:45:00";"PR";277;670;"MEDIANEIRA";"Velocidade Incompatível";"Saída de leito carroçável";"Com Vítimas Feridas";"Plena Noite";"Decrescente";"Céu Claro";"Dupla";"Curva";"Sim";1;0;0;1;0;0;1;1;-25,280552;-54,079082;"SPRF-PR";"DEL05-PR";"UOP02-DEL05-PR"
146927;2018-07-16;"segunda-feira";"00:10:00";"RJ";116;65;"TERESOPOLIS";"Falta de Atenção à Condução";"Atropelamento de Pedestre";"Com Vítimas Feridas";"Plena Noite";"Decrescente";"Céu Claro";"Simples";"Curva";"Não";2;0;1;1;0;0;2;2;-22,31113306;-42,93748856;"SPRF-RJ";"DEL04-RJ";"UOP01-DEL04-RJ"
146928;2018-07-16;"segunda-feira";"02:00:00";"GO";153;506,5;"GOIANIA";"Animais na Pista";"Atropelamento de Animal";"Com Vítimas Feridas";"Plena Noite";"Crescente";"Céu Claro";"Simples";"Declive";"Sim";1;0;1;0;0;0;1;1;-16,7633;-49,24;"SPRF-GO";"DEL01-GO";"UOP01-DEL01-GO"
146930;2018-07-16;"segunda-feira";"02:50:00";"RJ";40;103;"DUQUE DE CAXIAS";"Condutor Dormindo";"Colisão com objeto estático";"Com Vítimas Feridas";"Plena Noite";"Crescente";"Céu Claro";"Dupla";"Reta";"Não";1;0;1;0;0;0;1;1;-22,62256763;-43,28700185;"SPRF-RJ";"DEL01-RJ";"UOP01-DEL01-RJ"
146931;2018-07-16;"segunda-feira";"00:30:00";"MG";262;442,2;"NOVA SERRANA";"Falta de Atenção do Pedestre";"Atropelamento de Pedestre";"Com Vítimas Fatais";"Plena Noite";"Crescente";"Céu Claro";"Dupla";"Reta";"Sim";2;1;0;0;1;0;0;2;-19,87204758;-44,96797442;"SPRF-MG";"DEL08-MG";"UOP03-DEL08-MG"