"id";"data_inversa";"dia_semana";"horario";"uf";"br";"km";"municipio";"causa_acidente";"tipo_acidente";"classificacao_acidente";"fase_dia";"sentido_via";"condicao_metereologica";"tipo_pista";"tracado_via";"uso_solo";"pessoas";"mortos";"feridos_leves";"feridos_graves";"ilesos";"ignorados";"feridos";"veiculos";"latitude";"longitude";"regional";"delegacia";"uop"
147203;2018-07-17;"terça-feira";"14:00:00";"MS";163;660,9;"RIO VERDE DE MATO GROSSO";"Condutor Dormindo";"Saída de leito carroçável";"Com Vítimas Feridas";"Pleno dia";"Crescente";"Céu Claro";"Simples";"Reta";"Não";1;0;1;0;0;0;1;1;-19,072;-54,7919;"SPRF-MS";"DEL06-MS";"UOP02-DEL06-MS"
147204;2018-07-17;"terça-feira";"14:00:00";"SP";116;289;"ITAPECERICA DA SERRA";"Falta de Atenção à Condução";"Queda de ocupante de veículo";"Com Vítimas Feridas";"Pleno dia";"Decrescente";"Céu Claro";"Dupla";"Reta";"Não";1;0;1;0;0;0;1;1;-23,71404;-46,87897;"SPRF-SP";"DEL04-SP";"UOP01-DEL04-SP"
147205;2018-07-17;"terça-feira";"13:55:00";"RS";290;12,8;"SANTO ANTONIO DA PATRULHA";"Velocidade Incompatível";"Saída de leito carroçável";"Sem Vítimas";"Pleno dia";"Decrescente";"Chuva";"Múltipla";"Curva";"Não";1;0;0;0;0;1;0;1;-29,882519;-50,390564;"SPRF-RS";"DEL03-RS";"UOP02-DEL03-RS"
147206;2018-07-16;"segunda-feira";"17:30:00";"MG";262;421;"IGARATINGA";"Desobediência às normas de trânsito pelo condutor";"Capotamento";"Com Vítimas Feridas";"Anoitecer";"Decrescente";"Céu Claro";"Dupla";"Reta";"Não";2;0;2;0;0;0;2;1;-19,8875;-44,7896;"SPRF-MG";"DEL08-MG";"UOP03-DEL08-MG"
147208;2018-07-17;"terça-feira";"15:35:00";"RJ";356;157;"CAMPOS DOS GOYTACAZES";"Falta de Atenção à Condução";"Colisão transversal";"Com Vítimas Feridas";"Pleno dia";"Crescente";"Céu Claro";"Simples";"Reta";"Não";2;0;1;0;1;0;1;2;-21,718328;-41,109524;"SPRF-RJ";"DEL08-RJ";"UOP02-DEL08-RJ"
147210;2018-07-16;"segunda-feira";"19:45:00";"PR";116;116;"CURITIBA";"Falta de Atenção à Condução";"Colisão lateral";"Com Vítimas Feridas";"Plena Noite";"Crescente";"Céu Claro";"Dupla";"Reta";"Não";2;0;1;0;1;0;1;2;-25,544559;-49,30146;"SPRF-PR";"DEL01-PR";"UOP07-DEL01-PR"
147211;2018-07-17;"terça-feira";"15:20:00";"GO";40;138,9;"CRISTALINA";"Defeito Mecânico no Veículo";"Saída de leito carroçável";"Com Vítimas Feridas";"Pleno dia";"Decrescente";"Céu Claro";"Simples";"Reta";"Não";5;0;4;0;1;0;4;1;-16,951895;-47,297707;"SPRF-DF";"DEL01-DF";"UOP02-DEL01-DF"
147214;2018-07-17;"terça-feira";"13:20:00";"PR";376;300;"MAUA DA SERRA";"Falta de Atenção à Condução";"Queda de ocupante de veículo";"Com Vítimas Feridas";"Pleno dia";"Decrescente";"Sol";"Dupla";"Curva";"Não";1;0;0;1;0;0;1;1;-23,93701591;-51,16653616;"SPRF-PR";"DEL07-PR";"UOP02-DEL07-PR"
147215;2018-07-17;"terça-feira";"15:30:00";"BA";415;34,7;"ILHEUS";"Defeito Mecânico no Veículo";"Incêndio";"Com Vítimas Feridas";"Pleno dia";"Crescente";"Céu Claro";"Simples";"Reta";"Não";2;0;1;0;1;0;1;1;-14,78544;-39,226866;"SPRF-BA";"DEL05-BA";"UOP01-DEL05-BA"
147218;2018-07-17;"terça-feira";"15:40:00";"PA";316;5,8;"ANANINDEUA";"Não guardar distância de segurança";"Colisão traseira";"Com Vítimas Feridas";"Pleno dia";"Crescente";"Céu Claro";"Dupla";"Reta";"Sim";3;0;1;0;2;0;1;3;-1,396582;-48,422993;"SPRF-PA";"DEL01-PA";"DEL19/1-UOP05/PA"
147221;2018-07-17;"terça-feira";"16:15:00";"PR";476;133,5;"CURITIBA";"Falta de Atenção do Pedestre";"Atropelamento de Pedestre";"Com Vítimas Feridas";"Pleno dia";"Crescente";"Céu Claro";"Múltipla";"Interseção de Vias";"Sim";2;0;1;0;1;0;1;2;-25,469219;-49,254143;"SPRF-PR";"DEL01-PR";"UOP07-DEL01-PR"
147222;2018-07-17;"terça-feira";"14:30:00";"PB";230;140,7;"MASSARANDUBA";"Não guardar distância de segurança";"Colisão traseira";"Com Vítimas Feridas";"Pleno dia";"Crescente";"Céu Claro";"Dupla";"Retorno Regulamentado";"Não";5;0;0;1;3;1;1;2;-7,259741;-35,808417;"SPRF-PB";"DEL02-PB";"UOP01-DEL02-PB"
147223;2018-06-20;"quarta-feira";"11:10:00";"RS";471;174,3;"RIO PARDO";"Desobediência às normas de trânsito pelo condutor";"Colisão transversal";"Com Vítimas Feridas";"Pleno dia";"Crescente";"Sol";"Simples";"Reta";"Sim";4;0;3;0;1;0;3;2;-29,9843045;-52,36877918;"SPRF-RS";"DEL02-RS";"UOP02-DEL02-RS"
147224;2018-07-11;"quarta-feira";"20:00:00";"PR";277;723;"FOZ DO IGUACU";"Falta de Atenção à Condução";"Colisão traseira";"Com Vítimas Feridas";"Plena Noite";"Decrescente";"Ignorado";"Dupla";"Reta";"Sim";2;0;1;0;1;0;1;2;-25,49984074;-54,53224897;"SPRF-PR";"DEL05-PR";"UOP01-DEL05-PR"
147225;2018-07-17;"terça-feira";"17:15:00";"PA";155;341;"MARABA";"Falta de Atenção à Condução";"Colisão traseira";"Sem Vítimas";"Pleno dia";"Decrescente";"Céu Claro";"Simples";"Reta";"Não";2;0;0;0;2;0;0;2;-5,376868;-49,076842;"SPRF-PA";"DEL03-PA";"UOP01-DEL03-PA"
147230;2018-07-17;"terça-feira";"17:30:00";"RN";304;47,9;"MOSSORO";"Velocidade Incompatível";"Colisão transversal";"Com Vítimas Feridas";"Plena Noite";"Crescente";"Céu Claro";"Dupla";"Curva";"Sim";2;0;0;1;1;0;1;2;-5,22697964;-37,32381821;"SPRF-RN";"DEL04-RN";"UOP01-DEL04-RN"
147233;2018-07-17;"terça-feira";"15:45:00";"MG";381;489,9;"BETIM";"Pista Escorregadia";"Queda de ocupante de veículo";"Com Vítimas Feridas";"Pleno dia";"Decrescente";"Céu Claro";"Dupla";"Reta";"Sim";2;0;2;0;0;0;2;1;-19,9563;-44,1428;"SPRF-MG";"DEL01-MG";"UOP03-DEL01-MG"
147237;2018-07-17;"terça-feira";"17:50:00";"RS";285;455,2;"IJUI";"Desobediência às normas de trânsito pelo condutor";"Colisão transversal";"Com Vítimas Feridas";"Anoitecer";"Decrescente";"Nublado";"Simples";"Reta";"Sim";5;0;2;0;3;0;2;2;-28,38490658;-53,88798237;"SPRF-RS";"DEL10-RS";"UOP01-DEL10-RS"
147240;2018-07-17;"terça-feira";"17:40:00";"SC";101;213;"PALHOCA";"Desobediência às normas de trânsito pelo condutor";"Colisão lateral";"Com Vítimas Feridas";"Anoitecer";"Decrescente";"Nublado";"Dupla";"Reta";"Sim";2;0;1;0;1;0;1;2;-27,64273407;-48,66923511;"SPRF-SC";"DEL01-SC";"UOP02-DEL01-SC"
147241;2018-07-17;"terça-feira";"18:00:00";"ES";101;126;"SOORETAMA";"Objeto estático sobre o leito carroçável";"Colisão com objeto estático";"Com Vítimas Feridas";"Anoitecer";"Decrescente";"Céu Claro";"Múltipla";"Reta";"Sim";1;0;1;0;0;0;1;1;-19,18992019;-40,09529114;"SPRF-ES";"DEL04-ES";"UOP01-DEL04-ES"
147242;2018-07-17;"terça-feira";"17:15:00";"DF";0;0;"BRASILIA";"Pista Escorregadia";"Colisão traseira";"Sem Vítimas";"Pleno dia";"Não Informado";"Céu Claro";"Dupla";"Reta";"Sim";2;0;0;0;2;0;0;2;-15,60244322;-47,65426484;"SPRF-DF";"DEL02-DF";"UOP01-DEL02-DF"
147244;2018-07-17;"terça-feira";"18:10:00";"SC";282;3,5;"FLORIANOPOLIS";"Falta de Atenção à Condução";"Colisão traseira";"Com Vítimas Feridas";"Plena Noite";"Crescente";"Céu Claro";"Múltipla";"Reta";"Sim";2;0;1;0;1;0;1;2;-27,600384;-48,599705;"SPRF-SC";"DEL01-SC";"UOP01-DEL01-SC"
147246;2018-07-17;"terça-feira";"17:07:00";"MS";163;572;"BANDEIRANTES";"Defeito Mecânico no Veículo";"Queda de ocupante de veículo";"Com Vítimas Feridas";"Anoitecer";"Crescente";"Céu Claro";"Simples";"Reta";"Não";2;0;2;0;0;0;2;1;-19,77187296;-54,35073853;"SPRF-MS";"DEL01-MS";"UOP02-DEL01-MS"
147247;2018-07-17;"terça-feira";"18:00:00";"PI";343;344;"TERESINA";"Não guardar distância de segurança";"Colisão traseira";"Com Vítimas Feridas";"Anoitecer";"Crescente";"Céu Claro";"Simples";"Reta";"Sim";2;0;1;0;1;0;1;2;-5,0941234;-42,76250929;"SPRF-PI";"DEL01-PI";"UOP01-DEL01-PI"
147248;2018-07-17;"terça-feira";"18:30:00";"SC";101;219;"PALHOCA";"Defeito Mecânico no Veículo";"Tombamento";"Com Vítimas Feridas";"Plena Noite";"Crescente";"Nublado";"Dupla";"Reta";"Sim";2;0;1;0;1;0;1;1;-27,693;-48,6631;"SPRF-SC";"DEL01-SC";"UOP02-DEL01-SC"
147249;2018-07-17;"terça-feira";"18:10:00";"RS";116;240,7;"NOVO HAMBURGO";"Falta de Atenção à Condução";"Colisão traseira";"Com Vítimas Feridas";"Anoitecer";"Decrescente";"Nublado";"Dupla";"Reta";"Sim";5;0;1;0;4;0;1;4;-29,71144917;-51,14743799;"SPRF-RS";"DEL01-RS";"UOP02-DEL01-RS"
147251;2018-02-10;"sábado";"15:21:00";"RJ";101;279;"TANGUA";"Falta de Atenção à Condução";"Colisão traseira";"Sem Vítimas";"Pleno dia";"Decrescente";"Céu Claro";"Dupla";"Reta";"Não";2;0;0;0;2;0;0;2;-22,738358;-42,767532;"SPRF-RJ";"DEL02-RJ";"UOP03-DEL02-RJ"
147252;2018-07-17;"terça-feira";"18:00:00";"PR";376;1,5;"SAO JOSE DOS PINHAIS";"Desobediência às normas de trânsito pelo condutor";"Atropelamento de Pedestre";"Com Vítimas Feridas";"Anoitecer";"Crescente";"Céu Claro";"Dupla";"Reta";"Sim";2;0;1;0;1;0;1;2;-25,5307;-49,1958;"SPRF-PR";"DEL01-PR";"DEL7/1-UOP08/PR"
147254;2018-07-17;"terça-feira";"18:50:00";"GO";40;0,8;"VALPARAISO DE GOIAS";"Falta de Atenção à Condução";"Colisão transversal";"Com Vítimas Feridas";"Plena Noite";"Crescente";"Céu Claro";"Simples";"Reta";"Sim";2;0;1;0;0;1;1;2;-16,058273;-47,982655;"SPRF-DF";"DEL01-DF";"UOP01-DEL01-DF"
147255;2018-07-17;"terça-feira";"18:50:00";"GO";153;506;"APARECIDA DE GOIANIA";"Falta de Atenção à Condução";"Colisão traseira";"Com Vítimas Feridas";"Plena Noite";"Decrescente";"Céu Claro";"Dupla";"Declive";"Sim";3;0;0;1;2;0;1;2;-16,76312519;-49,23993945;"SPRF-GO";"DEL01-GO";"UOP01-DEL01-GO"
147256;2018-07-17;"terça-feira";"17:40:00";"SC";280;126;"RIO NEGRINHO";"Ultrapassagem Indevida";"Colisão transversal";"Com Vítimas Feridas";"Anoitecer";"Crescente";"Céu Claro";"Simples";"Reta";"Não";2;0;1;0;1;0;1;2;-26,23776651;-49,49427271;"SPRF-SC";"DEL06-SC";"UOP03-DEL06-SC"
147257;2018-07-17;"terça-feira";"17:00:00";"SC";116;0,3;"MAFRA";"Falta de Atenção à Condução";"Colisão com objeto estático";"Com Vítimas Feridas";"Pleno dia";"Crescente";"Céu Claro";"Simples";"Reta";"Não";1;0;1;0;0;0;1;1;-26,1091845;-49,78443677;"SPRF-SC";"DEL06-SC";"UOP01-DEL06-SC"
147259;2018-07-17;"terça-feira";"18:25:00";"SC";280;129,5;"RIO NEGRINHO";"Falta de Atenção à Condução";"Colisão transversal";"Com Vítimas Feridas";"Anoitecer";"Crescente";"Céu Claro";"Simples";"Reta";"Sim";2;0;1;0;1;0;1;2;-26,24626368;-49,52376008;"SPRF-SC";"DEL06-SC";"UOP03-DEL06-SC"
147260;2018-07-17;"terça-feira";"16:10:00";"SC";116;34,2;"ITAIOPOLIS";"Falta de Atenção à Condução";"Colisão transversal";"Com Vítimas Fatais";"Pleno dia";"Crescente";"Céu Claro";"Simples";"Retorno Regulamentado";"Não";2;1;0;0;1;0;0;2;-26,33187421;-49,99784404;"SPRF-SC";"DEL06-SC";"UOP01-DEL06-SC"
147262;2018-07-17;"terça-feira";"19:00:00";"SC";101;89,2;"BARRA VELHA";"Falta de Atenção à Condução";"Colisão transversal";"Com Vítimas Feridas";"Plena Noite";"Crescente";"Nublado";"Simples";"Reta";"Sim";3;0;2;0;1;0;2;2;-26,66738822;-48,68972182;"SPRF-SC";"DEL03-SC";"UOP02-DEL03-SC"
147263;2018-07-17;"terça-feira";"19:00:00";"PE";408;88;"SAO LOURENCO DA MATA";"Falta de Atenção à Condução";"Colisão traseira";"Com Vítimas Feridas";"Plena Noite";"Decrescente";"Garoa/Chuvisco";"Dupla";"Reta";"Sim";2;0;1;0;1;0;1;2;-7,984696;-35,078964;"SPRF-PE";"DEL01-PE";"UOP01-DEL01-PE"
147264;2018-07-17;"terça-feira";"18:55:00";"GO";153;675,2;"PANAMA";"Restrição de Visibilidade";"Colisão transversal";"Com Vítimas Feridas";"Plena Noite";"Crescente";"Céu Claro";"Dupla";"Retorno Regulamentado";"Não";2;0;1;0;1;0;1;2;-18,17919727;-49,29084241;"SPRF-GO";"DEL03-GO";"UOP02-DEL03-GO"
147265;2018-07-17;"terça-feira";"17:45:00";"RJ";116;265;"BARRA MANSA";"Desobediência às normas de trânsito pelo condutor";"Queda de ocupante de veículo";"Com Vítimas Feridas";"Plena Noite";"Crescente";"Céu Claro";"Dupla";"Retorno Regulamentado";"Não";1;0;1;0;0;0;1;1;-22,560883;-44,122238;"SPRF-RJ";"DEL07-RJ";"UOP02-DEL07-RJ"
147266;2018-07-17;"terça-feira";"19:15:00";"PR";376;628,6;"SAO JOSE DOS PINHAIS";"Deficiência ou não Acionamento do Sistema de Iluminação/Sinalização do Veículo";"Colisão traseira";"Com Vítimas Feridas";"Plena Noite";"Crescente";"Céu Claro";"Dupla";"Reta";"Não";3;0;1;1;1;0;2;2;-25,68670657;-49,14733887;"SPRF-PR";"DEL01-PR";"DEL7/1-UOP08/PR"
147267;2018-07-17;"terça-feira";"17:45:00";"RJ";101;512,9;"ANGRA DOS REIS";"Falta de Atenção do Pedestre";"Atropelamento de Pedestre";"Com Vítimas Feridas";"Anoitecer";"Crescente";"Nublado";"Simples";"Reta";"Não";2;0;0;1;1;0;1;2;-22,99016041;-44,44364548;"SPRF-RJ";"DEL03-RJ";"UOP02-DEL03-RJ"
147275;2018-07-17;"terça-feira";"20:20:00";"PR";376;100,2;"PARANAVAI";"Defeito Mecânico no Veículo";"Saída de leito carroçável";"Com Vítimas Feridas";"Plena Noite";"Decrescente";"Céu Claro";"Simples";"Curva";"Não";4;0;4;0;0;0;4;1;-23,027132;-52,485235;"SPRF-PR";"DEL07-PR";"UOP02-DEL09-PR"
147277;2018-06-23;"sábado";"16:10:00";"RS";116;192,3;"PICADA CAFE";"Velocidade Incompatível";"Tombamento";"Com Vítimas Feridas";"Pleno dia";"Decrescente";"Sol";"Simples";"Curva";"Não";1;0;1;0;0;0;1;1;-29,4249553;-51,13497913;"SPRF-RS";"DEL05-RS";"UOP02-DEL05-RS"
147284;2018-07-17;"terça-feira";"20:15:00";"BA";101;230;"SAPEACU";"Falta de Atenção à Condução";"Colisão com objeto estático";"Com Vítimas Feridas";"Plena Noite";"Crescente";"Garoa/Chuvisco";"Simples";"Interseção de Vias;Declive;Curva";"Não";1;0;1;0;0;0;1;1;-12,71673863;-39,17997122;"SPRF-BA";"DEL01-BA";"UOP02-DEL01-BA"
147286;2018-07-17;"terça-feira";"20:40:00";"RJ";116;269;"BARRA MANSA";"Desobediência às normas de trânsito pelo condutor";"Colisão frontal";"Com Vítimas Feridas";"Plena Noite";"Crescente";"Céu Claro";"Simples";"Reta";"Sim";3;0;2;0;0;1;2;2;-22,560883;-44,122238;"SPRF-RJ";"DEL07-RJ";"UOP02-DEL07-RJ"
147288;2018-07-17;"terça-feira";"20:55:00";"RJ";495;30,1;"PETROPOLIS";"Desobediência às normas de trânsito pelo condutor";"Colisão transversal";"Com Vítimas Feridas";"Anoitecer";"Crescente";"Céu Claro";"Dupla";"Reta";"Não";2;0;1;0;1;0;1;2;-22,38613082;-43,13088655;"SPRF-RJ";"DEL06-RJ";"UOP02-DEL05-RJ"
147289;2018-07-17;"terça-feira";"19:30:00";"PR";277;707;"SANTA TEREZINHA DE ITAIPU";"Defeito Mecânico no Veículo";"Saída de leito carroçável";"Com Vítimas Feridas";"Plena Noite";"Decrescente";"Céu Claro";"Dupla";"Reta";"Não";1;0;1;0;0;0;1;1;-25,43906;-54,386517;"SPRF-PR";"DEL05-PR";"UOP01-DEL05-PR"
147290;2018-04-04;"quarta-feira";"07:00:00";"ES";259;57;"COLATINA";"Falta de Atenção à Condução";"Queda de ocupante de veículo";"Com Vítimas Feridas";"Pleno dia";"Decrescente";"Céu Claro";"Simples";"Interseção de Vias";"Sim";2;0;0;1;1;0;1;2;-19,518474;-40,663146;"SPRF-ES";"DEL02-ES";"UOP01-DEL02-ES"
147292;2018-07-17;"terça-feira";"22:10:00";"RN";101;97,1;"NATAL";"Falta de Atenção à Condução";"Colisão traseira";"Com Vítimas Feridas";"Plena Noite";"Decrescente";"Céu Claro";"Dupla";"Reta";"Sim";2;0;0;1;1;0;1;2;-5,85867317;-35,21323085;"SPRF-RN";"DEL01-RN";"UOP01-DEL01-RN"
147295;2018-07-17;"terça-feira";"00:00:00";"PE";232;45,9;"VITORIA DE SANTO ANTAO";"Defeito Mecânico no Veículo";"Colisão com objeto estático";"Sem Vítimas";"Plena Noite";"Decrescente";"Céu Claro";"Dupla";"Reta";"Sim";1;0;0;0;1;0;0;1;-8,13346607;-35,28890133;"SPRF-PE";"DEL01-PE";"UOP02-DEL02PE"
147296;2018-07-17;"terça-feira";"19:00:00";"MG";451;410;"GOVERNADOR VALADARES";"Desobediência às normas de trânsito pelo condutor";"Colisão transversal";"Com Vítimas Feridas";"Plena Noite";"Crescente";"Céu Claro";"Simples";"Reta";"Sim";2;0;1;0;1;0;1;2;-18,79711801;-41,98974609;"SPRF-MG";"DEL06-MG";"UOP01-DEL06-MG"
147300;2018-07-17;"terça-feira";"22:50:00";"SP";153;55,9;"SAO JOSE DO RIO PRETO";"Pista Escorregadia";"Tombamento";"Com Vítimas Feridas";"Plena Noite";"Crescente";"Céu Claro";"Simples";"Rotatória;Interseção de Vias";"Sim";2;0;1;0;1;0;1;2;-20,76104979;-49,34577942;"SPRF-SP";"DEL09-SP";"UOP01-DEL09-SP"
147301;2018-07-17;"terça-feira";"22:35:00";"MG";40;508;"ESMERALDAS";"Animais na Pista";"Tombamento";"Com Vítimas Feridas";"Plena Noite";"Crescente";"Céu Claro";"Dupla";"Reta";"Sim";1;0;0;1;0;0;1;1;-19,7605861;-44,1354215;"SPRF-MG";"DEL02-MG";"UOP01-DEL02-MG"
147302;2018-01-05;"sexta-feira";"15:15:00";"PR";153;451;"UNIAO DA VITORIA";"Velocidade Incompatível";"Saída de leito carroçável";"Com Vítimas Feridas";"Pleno dia";"Decrescente";"Céu Claro";"Simples";"Reta";"Não";1;0;1;0;0;0;1;1;-26,19801502;-51,06963515;"SPRF-PR";"DEL02-PR";"UOP03-DEL02-PR"
147303;2018-07-17;"terça-feira";"21:50:00";"SC";282;574;"PINHALZINHO";"Desobediência às normas de trânsito pelo condutor";"Colisão frontal";"Com Vítimas Feridas";"Plena Noite";"Crescente";"Céu Claro";"Simples";"Curva";"Não";3;0;1;0;2;0;1;2;-26,867399;-52,965149;"SPRF-SC";"DEL07-SC";"UOP02-DEL07-SC"
147306;2018-06-03;"domingo";"22:30:00";"ES";101;214,8;"IBIRACU";"Desobediência às normas de trânsito pelo condutor";"Colisão transversal";"Com Vítimas Feridas";"Plena Noite";"Decrescente";"Céu Claro";"Simples";"Interseção de Vias";"Sim";3;0;0;1;1;1;1;3;-19,83013836;-40,37898302;"SPRF-ES";"DEL02-ES";"UOP01-DEL02-ES"
147309;2018-07-17;"terça-feira";"18:50:00";"MA";402;35;"AXIXA";"Desobediência às normas de trânsito pelo condutor";"Colisão transversal";"Com Vítimas Fatais";"Anoitecer";"Crescente";"Céu Claro";"Simples";"Declive";"Sim";3;1;0;1;0;1;1;2;-2,85133;-44,067204;"SPRF-MA";"DEL01-MA";"UOP01-DEL01-MA"
147310;2018-07-17;"terça-feira";"22:55:00";"MA";222;672,9;"ACAILANDIA";"Velocidade Incompatível";"Colisão traseira";"Com Vítimas Feridas";"Plena Noite";"Crescente";"Céu Claro";"Simples";"Declive;Reta";"Sim";4;0;2;0;0;2;2;3;-4,949629;-47,481047;"SPRF-MA";"DEL04-MA";"UOP03-DEL04-MA"
147313;2018-07-17;"terça-feira";"22:20:00";"RJ";116;66;"TERESOPOLIS";"Falta de Atenção à Condução";"Colisão transversal";"Com Vítimas Feridas";"Plena Noite";"Crescente";"Céu Claro";"Simples";"Reta";"Sim";2;0;1;0;1;0;1;2;-22,30475702;-42,93664098;"SPRF-RJ";"DEL04-RJ";"UOP01-DEL04-RJ"
147314;2018-07-18;"quarta-feira";"02:10:00";"GO";40;95;"CRISTALINA";"Animais na Pista";"Atropelamento de Animal";"Sem Vítimas";"Plena Noite";"Crescente";"Céu Claro";"Dupla";"Reta";"Sim";1;0;0;0;1;0;0;1;-16,7133417;-47,669792;"SPRF-DF";"DEL01-DF";"UOP02-DEL01-DF"
147317;2018-07-18;"quarta-feira";"04:20:00";"MG";381;503;"BETIM";"Não guardar distância de segurança";"Queda de ocupante de veículo";"Com Vítimas Feridas";"Plena Noite";"Decrescente";"Céu Claro";"Dupla";"Reta";"Sim";1;0;0;1;0;0;1;1;-20,0304;-44,236;"SPRF-MG";"DEL01-MG";"UOP03-DEL01-MG"
147319;2018-07-18;"quarta-feira";"04:30:00";"PB";230;8,8;"CABEDELO";"Velocidade Incompatível";"Colisão com objeto estático";"Sem Vítimas";"Plena Noite";"Decrescente";"Chuva";"Dupla";"Desvio Temporário";"Sim";1;0;0;0;0;1;0;1;-7,04073044;-34,84513521;"SPRF-PB";"DEL01-PB";"UOP01-DEL01-PB"
147325;2018-07-17;"terça-feira";"23:30:00";"PR";116;107;"SAO JOSE DOS PINHAIS";"Falta de Atenção à Condução";"Queda de ocupante de veículo";"Com Vítimas Feridas";"Plena Noite";"Crescente";"Céu Claro";"Dupla";"Reta";"Não";1;0;1;0;0;0;1;1;-25,56991092;-49,21981215;"SPRF-PR";"DEL01-PR";"UOP01-DEL01-PR"
147326;2018-07-18;"quarta-feira";"06:20:00";"SE";235;5,4;"NOSSA SENHORA DO SOCORRO";"Não guardar distância de segurança";"Tombamento";"Com Vítimas Feridas";"Pleno dia";"Decrescente";"Sol";"Dupla";"Reta";"Sim";1;0;1;0;0;0;1;1;-10,90566965;-37,12230921;"SPRF-SE";"DEL01-SE";"UOP01-DEL01-SE"
147327;2018-07-18;"quarta-feira";"06:30:00";"ES";101;266,4;"SERRA";"Desobediência às normas de trânsito pelo condutor";"Colisão transversal";"Com Vítimas Feridas";"Amanhecer";"Decrescente";"Garoa/Chuvisco";"Dupla";"Interseção de Vias";"Sim";2;0;1;0;1;0;1;2;-20,193633;-40,2685698;"SPRF-ES";"DEL02-ES";"UOP01-DEL02-ES"
147328;2018-07-18;"quarta-feira";"07:10:00";"RN";101;176,5;"CANGUARETAMA";"Pista Escorregadia";"Saída de leito carroçável";"Com Vítimas Feridas";"Pleno dia";"Decrescente";"Chuva";"Dupla";"Aclive;Reta";"Não";1;0;1;0;0;0;1;1;-6,501665;-35,112003;"SPRF-RN";"DEL01-RN";"UOP01-DEL01-RN"
147330;2018-07-18;"quarta-feira";"07:20:00";"SC";101;116;"ITAJAI";"Desobediência às normas de trânsito pelo condutor";"Colisão lateral";"Com Vítimas Feridas";"Pleno dia";"Crescente";"Nublado";"Múltipla";"Reta";"Não";2;0;0;1;1;0;1;2;-26,8877;-48,7222;"SPRF-SC";"DEL04-SC";"UOP04-DEL04-SC"
147331;2018-07-18;"quarta-feira";"07:20:00";"PE";232;168,4;"BELO JARDIM";"Ultrapassagem Indevida";"Saída de leito carroçável";"Com Vítimas Feridas";"Pleno dia";"Crescente";"Sol";"Simples";"Aclive";"Não";2;0;2;0;0;0;2;1;-8,33957524;-36,37058258;"SPRF-PE";"DEL02-PE";"UOP03-DEL02-PE"
147332;2018-07-18;"quarta-feira";"07:45:00";"ES";101;266,3;"SERRA";"Falta de Atenção à Condução";"Colisão traseira";"Com Vítimas Feridas";"Pleno dia";"Crescente";"Céu Claro";"Dupla";"Reta";"Sim";2;0;1;0;1;0;1;2;-20,19519064;-40,26849747;"SPRF-ES";"DEL02-ES";"UOP01-DEL02-ES"
147333;2018-07-18;"quarta-feira";"07:50:00";"SC";101;281;"IMBITUBA";"Falta de Atenção à Condução";"Capotamento";"Com Vítimas Feridas";"Pleno dia";"Crescente";"Céu Claro";"Dupla";"Reta";"Não";3;0;2;0;1;0;2;1;-28,21945208;-48,70016488;"SPRF-SC";"DEL02-SC";"UOP03-DEL02-SC"
147334;2018-07-18;"quarta-feira";"07:50:00";"MG";381;478;"CONTAGEM";"Falta de Atenção à Condução";"Colisão traseira";"Com Vítimas Feridas";"Pleno dia";"Decrescente";"Céu Claro";"Dupla";"Declive";"Sim";4;0;2;0;2;0;2;3;-19,9623372;-44,03984427;"SPRF-MG";"DEL01-MG";"UOP03-DEL01-MG"
147336;2018-07-18;"quarta-feira";"07:40:00";"PR";476;350;"UNIAO DA VITORIA";"Não guardar distância de segurança";"Queda de ocupante de veículo";"Com Vítimas Feridas";"Amanhecer";"Decrescente";"Nevoeiro/Neblina";"Simples";"Reta";"Não";1;0;1;0;0;0;1;1;-26,190107;-50,976234;"SPRF-PR";"DEL02-PR";"UOP03-DEL02-PR"
147340;2018-07-18;"quarta-feira";"08:58:00";"RS";116;3;"PORTO ALEGRE";"Falta de Atenção à Condução";"Colisão lateral";"Com Vítimas Feridas";"Pleno dia";"Decrescente";"Céu Claro";"Múltipla";"Curva";"Sim";2;0;1;0;1;0;1;2;-29,99513015;-51,18830848;"SPRF-RS";"DEL05-RS";"UOP03-DEL05-RS"
147341;2018-04-21;"sábado";"15:20:00";"MG";50;75;"UBERLANDIA";"Falta de Atenção à Condução";"Queda de ocupante de veículo";"Com Vítimas Feridas";"Pleno dia";"Decrescente";"Sol";"Dupla";"Reta";"Sim";4;0;1;0;3;0;1;2;-18,919655;-48,22233;"SPRF-MG";"DEL15-MG";"UOP01-DEL15-MG"
147342;2018-05-10;"quinta-feira";"07:00:00";"RS";116;143,3;"CAXIAS DO SUL";"Falta de Atenção à Condução";"Colisão traseira";"Com Vítimas Feridas";"Pleno dia";"Decrescente";"Céu Claro";"Dupla";"Reta";"Sim";2;0;1;0;1;0;1;2;-29,12467597;-51,12610638;"SPRF-RS";"DEL05-RS";"UOP01-DEL05-RS"