"id";"data_inversa";"dia_semana";"horario";"uf";"br";"km";"municipio";"causa_acidente";"tipo_acidente";"classificacao_acidente";"fase_dia";"sentido_via";"condicao_metereologica";"tipo_pista";"tracado_via";"uso_solo";"pessoas";"mortos";"feridos_leves";"feridos_graves";"ilesos";"ignorados";"feridos";"veiculos";"latitude";"longitude";"regional";"delegacia";"uop"
147345;2018-07-18;"quarta-feira";"09:00:00";"RN";304;119;"ITAJA";"Falta de Atenção à Condução";"Colisão traseira";"Sem Vítimas";"Pleno dia";"Crescente";"Céu Claro";"Simples";"Reta";"Não";2;0;0;0;2;0;0;2;-5,629953;-36,864231;"SPRF-RN";"DEL04-RN";"UOP01-DEL04-RN"
147346;2018-07-18;"quarta-feira";"08:10:00";"MT";163;1034;"MATUPA";"Desobediência às normas de trânsito pelo condutor";"Colisão transversal";"Com Vítimas Feridas";"Pleno dia";"Crescente";"Céu Claro";"Simples";"Reta";"Não";2;0;1;0;1;0;1;2;-10,202515;-54,958032;"SPRF-MT";"DEL06-MT";"UOP02-DEL06-MT"
147347;2018-07-17;"terça-feira";"19:55:00";"SC";163;74;"SAO MIGUEL DO OESTE";"Falta de Atenção à Condução";"Colisão com objeto estático";"Com Vítimas Feridas";"Plena Noite";"Decrescente";"Céu Claro";"Dupla";"Reta;Aclive";"Não";1;0;1;0;0;0;1;1;-26,702005;-53,513508;"SPRF-SC";"DEL07-SC";"UOP03-DEL07-SC"
147352;2018-07-09;"segunda-feira";"00:20:00";"MS";262;94,1;"TRES LAGOAS";"Falta de Atenção à Condução";"Capotamento";"Com Vítimas Feridas";"Plena Noite";"Crescente";"Céu Claro";"Simples";"Aclive";"Não";3;0;2;0;0;1;2;2;-20,758873;-52,033009;"SPRF-MS";"DEL07-MS";"UOP02-DEL07-MS"
147353;2018-07-18;"quarta-feira";"09:20:00";"RS";386;343;"LAJEADO";"Desobediência às normas de trânsito pelo condutor";"Colisão transversal";"Com Vítimas Feridas";"Pleno dia";"Decrescente";"Céu Claro";"Simples";"Declive";"Não";2;0;0;1;1;0;1;2;-29,43450525;-52,00436354;"SPRF-RS";"DEL04-RS";"UOP01-DEL04-RS"
147354;2018-07-18;"quarta-feira";"09:30:00";"SP";116;33,6;"CACHOEIRA PAULISTA";"Falta de Atenção à Condução";"Colisão traseira";"Sem Vítimas";"Pleno dia";"Decrescente";"Nublado";"Simples";"Retorno Regulamentado";"Não";2;0;0;0;2;0;0;2;-22,65223485;-44,9572134;"SPRF-SP";"DEL08-SP";"UOP02-DEL08-SP"
147356;2018-07-18;"quarta-feira";"08:00:00";"PR";376;488;"PONTA GROSSA";"Falta de Atenção à Condução";"Colisão com objeto estático";"Sem Vítimas";"Pleno dia";"Decrescente";"Céu Claro";"Dupla";"Reta;Aclive";"Sim";1;0;0;0;0;1;0;1;-25,08614304;-50,19274324;"SPRF-PR";"DEL03-PR";"UOP04-DEL03-PR"
147358;2018-07-18;"quarta-feira";"09:45:00";"CE";116;14;"FORTALEZA";"Velocidade Incompatível";"Colisão transversal";"Sem Vítimas";"Pleno dia";"Crescente";"Céu Claro";"Simples";"Reta";"Sim";2;0;0;0;1;1;0;2;-3,86596733;-38,49781204;"SPRF-CE";"DEL01-CE";"UOP02-DEL01-CE"
147361;2018-04-08;"domingo";"17:40:00";"PI";343;245,8;"CAMPO MAIOR";"Defeito na Via";"Queda de ocupante de veículo";"Com Vítimas Feridas";"Pleno dia";"Crescente";"Céu Claro";"Simples";"Reta";"Não";1;0;0;1;0;0;1;1;-4,687044;-42,083023;"SPRF-PI";"DEL01-PI";"UOP03-DEL01-PI"
147363;2018-07-18;"quarta-feira";"11:00:00";"PR";277;609,8;"SANTA TEREZA DO OESTE";"Desobediência às normas de trânsito pelo condutor";"Colisão transversal";"Com Vítimas Feridas";"Pleno dia";"Decrescente";"Sol";"Simples";"Reta";"Sim";2;0;1;0;1;0;1;2;-25,05069588;-53,62036228;"SPRF-PR";"DEL05-PR";"UOP02-DEL05-PR"
147364;2018-07-18;"quarta-feira";"11:10:00";"SC";282;5;"SAO JOSE";"Deficiência ou não Acionamento do Sistema de Iluminação/Sinalização do Veículo";"Colisão traseira";"Sem Vítimas";"Pleno dia";"Decrescente";"Sol";"Múltipla";"Declive";"Sim";2;0;0;0;2;0;0;2;-27,588425;-48,612919;"SPRF-SC";"DEL01-SC";"UOP01-DEL01-SC"
147367;2018-07-18;"quarta-feira";"11:00:00";"SP";116;229,4;"SAO PAULO";"Desobediência às normas de trânsito pelo condutor";"Colisão lateral";"Com Vítimas Feridas";"Pleno dia";"Crescente";"Céu Claro";"Múltipla";"Reta";"Sim";2;0;1;0;1;0;1;2;-23,5120326;-46,57585144;"SPRF-SP";"DEL01-SP";"UOP01-DEL01-SP"
147368;2018-07-18;"quarta-feira";"08:20:00";"AP";210;5;"MACAPA";"Desobediência às normas de trânsito pelo condutor";"Tombamento";"Com Vítimas Feridas";"Pleno dia";"Crescente";"Chuva";"Simples";"Retorno Regulamentado";"Não";2;0;0;1;1;0;1;2;0,09329792;-51,11074537;"SPRF-AP";"DEL01-AP";"UOP01-DEL01-AP"
147369;2018-07-18;"quarta-feira";"10:50:00";"SC";470;70;"INDAIAL";"Não guardar distância de segurança";"Colisão traseira";"Com Vítimas Feridas";"Pleno dia";"Crescente";"Céu Claro";"Simples";"Ponte";"Sim";2;0;1;0;1;0;1;2;-26,87870812;-49,24084067;"SPRF-SC";"DEL04-SC";"UOP01-DEL04-SC"
147370;2018-07-18;"quarta-feira";"11:15:00";"PE";101;81;"JABOATAO DOS GUARARAPES";"Não guardar distância de segurança";"Colisão traseira";"Com Vítimas Feridas";"Pleno dia";"Decrescente";"Céu Claro";"Dupla";"Reta";"Sim";3;0;1;0;2;0;1;2;-8,1711;-34,9379;"SPRF-PE";"DEL01-PE";"UOP03-DEL01-PE"
147373;2018-07-18;"quarta-feira";"11:50:00";"BA";101;723,3;"EUNAPOLIS";"Falta de Atenção à Condução";"Saída de leito carroçável";"Com Vítimas Feridas";"Pleno dia";"Crescente";"Nublado";"Simples";"Curva";"Não";8;0;1;0;7;0;1;2;-16,408;-39,5879;"SPRF-BA";"DEL09-BA";"UOP01-DEL09-BA"
147376;2018-07-18;"quarta-feira";"11:45:00";"PR";476;115;"COLOMBO";"Desobediência às normas de trânsito pelo condutor";"Colisão traseira";"Com Vítimas Feridas";"Pleno dia";"Crescente";"Céu Claro";"Simples";"Reta";"Sim";3;0;1;1;1;0;2;2;-25,346374;-49,161153;"SPRF-PR";"DEL01-PR";"UOP01-DEL01-PR"
147378;2018-07-18;"quarta-feira";"12:50:00";"RS";290;91;"PORTO ALEGRE";"Defeito Mecânico no Veículo";"Tombamento";"Com Vítimas Feridas";"Pleno dia";"Decrescente";"Céu Claro";"Dupla";"Reta";"Sim";2;0;1;0;1;0;1;1;-29,969055;-51,167439;"SPRF-RS";"DEL01-RS";"UOP01-DEL01-RS"
147382;2018-07-18;"quarta-feira";"13:08:00";"SC";101;215,5;"PALHOCA";"Falta de Atenção à Condução";"Queda de ocupante de veículo";"Com Vítimas Feridas";"Pleno dia";"Crescente";"Céu Claro";"Simples";"Rotatória";"Sim";2;0;1;0;1;0;1;2;-27,651848;-48,676048;"SPRF-SC";"DEL01-SC";"UOP02-DEL01-SC"
147384;2018-07-18;"quarta-feira";"13:20:00";"PR";369;107,6;"CORNELIO PROCOPIO";"Falta de Atenção à Condução";"Saída de leito carroçável";"Com Vítimas Feridas";"Pleno dia";"Crescente";"Sol";"Simples";"Reta";"Não";2;0;1;0;1;0;1;1;-23,26405746;-50,78546936;"SPRF-PR";"DEL07-PR";"UOP05-DEL07-PR"
147385;2018-07-18;"quarta-feira";"13:15:00";"MG";381;703,7;"LAVRAS";"Falta de Atenção à Condução";"Saída de leito carroçável";"Com Vítimas Feridas";"Pleno dia";"Decrescente";"Céu Claro";"Dupla";"Reta";"Não";1;0;1;0;0;0;1;1;-21,3094;-45,1615;"SPRF-MG";"DEL04-MG";"UOP02-DEL04-MG"
147386;2018-07-18;"quarta-feira";"11:15:00";"RO";364;224,5;"PIMENTA BUENO";"Falta de Atenção à Condução";"Colisão traseira";"Sem Vítimas";"Pleno dia";"Decrescente";"Céu Claro";"Simples";"Em Obras;Reta";"Sim";2;0;0;0;2;0;0;2;-11,51333166;-61,35795593;"SPRF-RO";"DEL02-RO";"UOP02-DEL02-RO"
147388;2018-07-18;"quarta-feira";"13:40:00";"GO";20;185,3;"SIMOLANDIA";"Velocidade Incompatível";"Saída de leito carroçável";"Com Vítimas Feridas";"Pleno dia";"Crescente";"Céu Claro";"Dupla";"Curva";"Não";2;0;1;0;1;0;1;1;-14,44066486;-46,460495;"SPRF-DF";"DEL02-DF";"UOP03-DEL02-DF"
147389;2018-07-14;"sábado";"09:05:00";"PR";277;724,9;"FOZ DO IGUACU";"Não guardar distância de segurança";"Colisão traseira";"Sem Vítimas";"Plena Noite";"Decrescente";"Céu Claro";"Dupla";"Reta";"Sim";2;0;0;0;2;0;0;2;-25,49916288;-54,53061283;"SPRF-PR";"DEL05-PR";"UOP03-DEL05-PR"
147391;2018-07-18;"quarta-feira";"08:10:00";"ES";101;327,7;"GUARAPARI";"Desobediência às normas de trânsito pelo condutor";"Queda de ocupante de veículo";"Com Vítimas Feridas";"Pleno dia";"Decrescente";"Céu Claro";"Simples";"Reta";"Não";2;0;1;0;0;1;1;2;-20,6944616;-40,46813965;"SPRF-ES";"DEL03-ES";"UOP01-DEL03-ES"
147393;2018-07-18;"quarta-feira";"12:45:00";"MG";381;529,8;"RIO MANSO";"Falta de Atenção à Condução";"Saída de leito carroçável";"Com Vítimas Feridas";"Pleno dia";"Decrescente";"Céu Claro";"Dupla";"Declive;Curva";"Não";2;0;2;0;0;0;2;1;-20,162442;-44,34710741;"SPRF-MG";"DEL04-MG";"UOP03-DEL04-MG"
147394;2018-07-18;"quarta-feira";"14:10:00";"RJ";393;286;"VOLTA REDONDA";"Falta de Atenção à Condução";"Colisão traseira";"Com Vítimas Feridas";"Pleno dia";"Crescente";"Céu Claro";"Dupla";"Reta";"Sim";2;0;1;0;1;0;1;2;-22,510941;-44,084461;"SPRF-RJ";"DEL05-RJ";"UOP04-DEL05-RJ"
147395;2018-07-18;"quarta-feira";"11:55:00";"SC";280;76,1;"JARAGUA DO SUL";"Falta de Atenção à Condução";"Colisão com objeto estático";"Com Vítimas Feridas";"Pleno dia";"Decrescente";"Céu Claro";"Simples";"Rotatória";"Não";1;0;1;0;0;0;1;1;-26,45841364;-49,18024236;"SPRF-SC";"DEL03-SC";"UOP03-DEL03-SC"
147397;2018-07-18;"quarta-feira";"14:20:00";"SC";282;18,3;"PALHOCA";"Desobediência às normas de trânsito pelo condutor";"Colisão lateral";"Com Vítimas Feridas";"Pleno dia";"Crescente";"Céu Claro";"Simples";"Reta";"Sim";2;0;1;0;1;0;1;2;-27,678635;-48,70192;"SPRF-SC";"DEL01-SC";"UOP02-DEL01-SC"
147401;2018-07-18;"quarta-feira";"13:55:00";"RO";364;237,7;"CACOAL";"Falta de Atenção à Condução";"Colisão transversal";"Com Vítimas Feridas";"Pleno dia";"Crescente";"Sol";"Simples";"Retorno Regulamentado";"Sim";2;0;0;1;1;0;1;2;-11,443406;-61,446743;"SPRF-RO";"DEL02-RO";"UOP02-DEL02-RO"
147402;2018-07-18;"quarta-feira";"14:00:00";"MS";262;77;"TRES LAGOAS";"Velocidade Incompatível";"Colisão frontal";"Com Vítimas Fatais";"Pleno dia";"Crescente";"Sol";"Simples";"Reta";"Não";6;1;2;2;1;0;4;2;-20,651658;-52,297371;"SPRF-MS";"DEL07-MS";"UOP02-DEL07-MS"
147407;2018-07-18;"quarta-feira";"14:20:00";"MT";364;268;"JACIARA";"Falta de Atenção à Condução";"Colisão lateral";"Sem Vítimas";"Pleno dia";"Decrescente";"Céu Claro";"Dupla";"Interseção de Vias";"Não";2;0;0;0;2;0;0;2;-15,96882646;-54,94400786;"SPRF-MT";"DEL02-MT";"UOP02-DEL05-MT"
147408;2018-04-07;"sábado";"16:20:00";"GO";153;543,3;"PIRACANJUBA";"Avarias e/ou desgaste excessivo no pneu";"Saída de leito carroçável";"Com Vítimas Feridas";"Pleno dia";"Crescente";"Chuva";"Dupla";"Curva";"Não";4;0;1;2;1;0;3;1;-17,076085;-49,223372;"SPRF-GO";"DEL01-GO";"UOP03-DEL01-GO"
147410;2018-07-18;"quarta-feira";"15:30:00";"MA";10;254,1;"IMPERATRIZ";"Não guardar distância de segurança";"Colisão traseira";"Com Vítimas Feridas";"Pleno dia";"Decrescente";"Céu Claro";"Simples";"Reta";"Sim";3;0;1;0;2;0;1;3;-5,516949;-47,471942;"SPRF-MA";"DEL04-MA";"UOP01-DEL04-MA"
147411;2018-07-18;"quarta-feira";"13:00:00";"SC";101;388,8;"ICARA";"Velocidade Incompatível";"Saída de leito carroçável";"Com Vítimas Feridas";"Pleno dia";"Crescente";"Sol";"Dupla";"Reta";"Não";1;0;1;0;0;0;1;1;-28,7908;-49,3468;"SPRF-SC";"DEL02-SC";"UOP02-DEL02-SC"
147413;2018-07-18;"quarta-feira";"15:40:00";"ES";101;261,3;"SERRA";"Falta de Atenção à Condução";"Queda de ocupante de veículo";"Com Vítimas Feridas";"Pleno dia";"Crescente";"Nublado";"Dupla";"Aclive";"Sim";2;0;2;0;0;0;2;1;-20,1541087;-40,2778858;"SPRF-ES";"DEL02-ES";"UOP01-DEL02-ES"
147415;2018-07-18;"quarta-feira";"14:40:00";"SC";101;44,8;"JOINVILLE";"Falta de Atenção à Condução";"Queda de ocupante de veículo";"Sem Vítimas";"Pleno dia";"Decrescente";"Sol";"Dupla";"Reta;Aclive";"Sim";1;0;0;0;1;0;0;1;-26,35990032;-48,85862589;"SPRF-SC";"DEL03-SC";"UOP01-DEL03-SC"
147416;2018-07-18;"quarta-feira";"15:30:00";"SP";381;71,7;"MAIRIPORA";"Defeito Mecânico no Veículo";"Colisão lateral";"Sem Vítimas";"Pleno dia";"Decrescente";"Céu Claro";"Dupla";"Curva";"Sim";2;0;0;0;2;0;0;2;-23,35181464;-46,55152702;"SPRF-SP";"DEL03-SP";"DEL6/3-UOP03/SP"
147417;2018-07-18;"quarta-feira";"16:00:00";"ES";101;286;"CARIACICA";"Defeito Mecânico no Veículo";"Queda de ocupante de veículo";"Com Vítimas Feridas";"Pleno dia";"Crescente";"Céu Claro";"Dupla";"Declive";"Sim";1;0;1;0;0;0;1;1;-20,25865424;-40,37561417;"SPRF-ES";"DEL01-ES";"UOP01-DEL01-ES"
147418;2018-07-18;"quarta-feira";"16:10:00";"SP";116;21,4;"LAVRINHAS";"Velocidade Incompatível";"Tombamento";"Com Vítimas Feridas";"Pleno dia";"Crescente";"Sol";"Simples";"Curva";"Não";2;0;2;0;0;0;2;1;-22,57860243;-44,87730331;"SPRF-SP";"DEL08-SP";"UOP02-DEL08-SP"
147419;2018-06-27;"quarta-feira";"07:30:00";"MT";70;499;"CUIABA";"Ultrapassagem Indevida";"Colisão frontal";"Com Vítimas Feridas";"Pleno dia";"Decrescente";"Céu Claro";"Simples";"Reta";"Não";2;0;1;0;1;0;1;2;-15,685658;-55,915203;"SPRF-MT";"DEL02-MT";"UOP02-DEL01-MT"
147423;2018-07-18;"quarta-feira";"16:30:00";"SC";470;58;"BLUMENAU";"Falta de Atenção à Condução";"Colisão transversal";"Com Vítimas Feridas";"Pleno dia";"Decrescente";"Sol";"Simples";"Reta";"Sim";2;0;1;0;1;0;1;2;-26,87859328;-49,13034439;"SPRF-SC";"DEL04-SC";"UOP01-DEL04-SC"
147424;2018-07-18;"quarta-feira";"08:25:00";"PR";277;679,3;"SAO MIGUEL DO IGUACU";"Falta de Atenção do Pedestre";"Queda de ocupante de veículo";"Com Vítimas Feridas";"Pleno dia";"Decrescente";"Céu Claro";"Dupla";"Reta";"Não";1;0;1;0;0;0;1;1;-25,317583;-54,156902;"SPRF-PR";"DEL05-PR";"UOP01-DEL05-PR"
147426;2018-07-18;"quarta-feira";"17:03:00";"SP";153;58,9;"SAO JOSE DO RIO PRETO";"Falta de Atenção à Condução";"Colisão transversal";"Com Vítimas Feridas";"Pleno dia";"Decrescente";"Sol";"Simples";"Interseção de Vias";"Sim";2;0;1;0;1;0;1;2;-20,78645916;-49,35375631;"SPRF-SP";"DEL09-SP";"UOP01-DEL09-SP"
147427;2018-07-18;"quarta-feira";"15:05:00";"PR";277;345,6;"GUARAPUAVA";"Falta de Atenção do Pedestre";"Atropelamento de Pedestre";"Com Vítimas Feridas";"Pleno dia";"Decrescente";"Céu Claro";"Simples";"Reta";"Sim";3;0;1;0;1;1;1;2;-25,36742386;-51,49385557;"SPRF-PR";"DEL03-PR";"UOP01-DEL08-PR"
147428;2018-06-22;"sexta-feira";"19:40:00";"PB";230;12,2;"CABEDELO";"Velocidade Incompatível";"Colisão traseira";"Com Vítimas Feridas";"Plena Noite";"Decrescente";"Céu Claro";"Dupla";"Reta";"Sim";2;0;0;1;1;0;1;2;-7,068;-34,85;"SPRF-PB";"DEL01-PB";"UOP01-DEL01-PB"
147429;2018-06-21;"quinta-feira";"10:30:00";"PB";101;84,3;"BAYEUX";"Não guardar distância de segurança";"Colisão traseira";"Sem Vítimas";"Pleno dia";"Decrescente";"Céu Claro";"Dupla";"Reta";"Sim";2;0;0;0;2;0;0;2;-7,143594;-34,918153;"SPRF-PB";"DEL01-PB";"UOP01-DEL01-PB"
147431;2018-07-18;"quarta-feira";"17:20:00";"PR";369;135;"IBIPORA";"Falta de Atenção à Condução";"Colisão transversal";"Com Vítimas Feridas";"Pleno dia";"Crescente";"Céu Claro";"Simples";"Interseção de Vias;Curva";"Sim";2;0;1;0;1;0;1;2;-23,26612731;-51,03773648;"SPRF-PR";"DEL07-PR";"UOP01-DEL07-PR"
147434;2018-05-30;"quarta-feira";"16:00:00";"AL";101;159;"CAMPO ALEGRE";"Não guardar distância de segurança";"Colisão lateral";"Sem Vítimas";"Pleno dia";"Decrescente";"Céu Claro";"Simples";"Reta";"Sim";1;0;0;0;1;0;0;1;-9,899974;-36,273987;"SPRF-AL";"DEL02-AL";"UOP02-DEL02-AL"
147435;2018-07-18;"quarta-feira";"17:40:00";"ES";262;5,7;"CARIACICA";"Desobediência às normas de trânsito pelo condutor";"Atropelamento de Pedestre";"Com Vítimas Feridas";"Anoitecer";"Decrescente";"Céu Claro";"Múltipla";"Interseção de Vias;Reta";"Sim";2;0;1;1;0;0;2;2;-20,33895426;-40,39279781;"SPRF-ES";"DEL01-ES";"UOP01-DEL01-ES"
147437;2018-07-18;"quarta-feira";"17:30:00";"SP";116;227;"SAO PAULO";"Falta de Atenção à Condução";"Colisão lateral";"Com Vítimas Feridas";"Anoitecer";"Decrescente";"Céu Claro";"Múltipla";"Reta";"Sim";2;0;1;0;1;0;1;2;-23,49679252;-46,55691588;"SPRF-SP";"DEL01-SP";"UOP01-DEL01-SP"
147438;2018-07-18;"quarta-feira";"18:00:00";"MG";381;488,1;"BETIM";"Falta de Atenção à Condução";"Colisão traseira";"Com Vítimas Feridas";"Plena Noite";"Crescente";"Céu Claro";"Dupla";"Reta";"Sim";3;0;2;0;1;0;2;2;-19,9562;-44,1335;"SPRF-MG";"DEL01-MG";"UOP03-DEL01-MG"
147439;2018-07-18;"quarta-feira";"17:20:00";"MG";262;412;"IGARATINGA";"Condutor Dormindo";"Colisão traseira";"Com Vítimas Feridas";"Anoitecer";"Crescente";"Céu Claro";"Dupla";"Interseção de Vias";"Não";2;0;1;0;1;0;1;2;-19,89847102;-44,69873428;"SPRF-MG";"DEL08-MG";"UOP03-DEL08-MG"
147440;2018-07-18;"quarta-feira";"18:25:00";"MG";50;67;"UBERLANDIA";"Falta de Atenção à Condução";"Colisão traseira";"Sem Vítimas";"Anoitecer";"Decrescente";"Céu Claro";"Dupla";"Retorno Regulamentado";"Sim";2;0;0;0;2;0;0;2;-18,87504184;-48,25887322;"SPRF-MG";"DEL15-MG";"UOP01-DEL15-MG"
147444;2018-06-17;"domingo";"14:45:00";"RS";293;63;"PIRATINI";"Desobediência às normas de trânsito pelo condutor";"Colisão transversal";"Com Vítimas Feridas";"Pleno dia";"Crescente";"Céu Claro";"Dupla";"Interseção de Vias";"Não";3;0;2;0;1;0;2;2;-31,69961837;-52,96002388;"SPRF-RS";"DEL07-RS";"UOP01-DEL07-RS"
147445;2018-07-18;"quarta-feira";"17:00:00";"PA";316;2;"ANANINDEUA";"Desobediência às normas de trânsito pelo condutor";"Colisão traseira";"Com Vítimas Feridas";"Anoitecer";"Crescente";"Céu Claro";"Dupla";"Reta";"Sim";3;0;1;0;2;0;1;3;-1,403184;-48,428703;"SPRF-PA";"DEL01-PA";"DEL19/1-UOP05/PA"
147446;2018-07-18;"quarta-feira";"18:05:00";"PR";158;524;"PATO BRANCO";"Falta de Atenção à Condução";"Colisão transversal";"Com Vítimas Feridas";"Plena Noite";"Crescente";"Céu Claro";"Simples";"Reta";"Sim";2;0;1;0;1;0;1;2;-26,20228;-52,678215;"SPRF-PR";"DEL02-PR";"UOP01-DEL02-PR"
147447;2018-07-18;"quarta-feira";"18:20:00";"PR";277;109;"CAMPO LARGO";"Desobediência às normas de trânsito pelo condutor";"Colisão transversal";"Com Vítimas Feridas";"Plena Noite";"Crescente";"Céu Claro";"Dupla";"Retorno Regulamentado;Curva";"Sim";3;0;0;2;1;0;2;2;-25,43787813;-49,44581324;"SPRF-PR";"DEL01-PR";"UOP06-DEL01-PR"
147448;2018-07-18;"quarta-feira";"18:05:00";"MG";381;486,2;"BETIM";"Falta de Atenção à Condução";"Colisão traseira";"Sem Vítimas";"Anoitecer";"Crescente";"Céu Claro";"Dupla";"Reta;Aclive";"Sim";2;0;0;0;2;0;0;2;-19,9554;-44,1157;"SPRF-MG";"DEL01-MG";"UOP03-DEL01-MG"
147449;2018-07-18;"quarta-feira";"17:35:00";"GO";70;3;"AGUAS LINDAS DE GOIAS";"Falta de Atenção à Condução";"Colisão traseira";"Com Vítimas Feridas";"Pleno dia";"Crescente";"Céu Claro";"Dupla";"Reta";"Sim";2;0;1;0;1;0;1;2;-15,7481;-48,2635;"SPRF-DF";"DEL01-DF";"UOP02-DEL03-DF"
147452;2018-07-18;"quarta-feira";"17:50:00";"RJ";101;281,7;"TANGUA";"Falta de Atenção do Pedestre";"Atropelamento de Pedestre";"Com Vítimas Feridas";"Plena Noite";"Decrescente";"Céu Claro";"Dupla";"Reta";"Sim";2;0;1;0;1;0;1;2;-22,73751713;-42,79348612;"SPRF-RJ";"DEL02-RJ";"UOP03-DEL02-RJ"
147454;2018-07-18;"quarta-feira";"19:00:00";"RJ";393;292,1;"VOLTA REDONDA";"Desobediência às normas de trânsito pelo condutor";"Colisão transversal";"Com Vítimas Feridas";"Plena Noite";"Crescente";"Céu Claro";"Dupla";"Interseção de Vias";"Não";2;0;1;0;1;0;1;2;-22,5177736;-44,1081564;"SPRF-RJ";"DEL05-RJ";"UOP04-DEL05-RJ"
147455;2018-07-18;"quarta-feira";"18:55:00";"SC";280;54,8;"GUARAMIRIM";"Falta de Atenção à Condução";"Colisão transversal";"Com Vítimas Feridas";"Plena Noite";"Decrescente";"Céu Claro";"Simples";"Reta";"Sim";2;0;1;0;1;0;1;2;-26,47543843;-48,99009734;"SPRF-SC";"DEL03-SC";"UOP03-DEL03-SC"
147457;2018-07-01;"domingo";"17:45:00";"MG";365;400;"PATOS DE MINAS";"Falta de Atenção à Condução";"Colisão frontal";"Com Vítimas Feridas";"Anoitecer";"Crescente";"Céu Claro";"Simples";"Reta";"Não";2;0;1;0;1;0;1;2;-18,62924726;-46,37723923;"SPRF-MG";"DEL10-MG";"UOP01-DEL10-MG"
147458;2018-07-18;"quarta-feira";"17:20:00";"RO";364;534;"ARIQUEMES";"Não guardar distância de segurança";"Colisão traseira";"Com Vítimas Feridas";"Pleno dia";"Crescente";"Sol";"Simples";"Reta";"Não";4;0;0;1;1;2;1;3;-9,762856;-63,094749;"SPRF-RO";"DEL03-RO";"UOP01-DEL03-RO"
147459;2018-07-18;"quarta-feira";"19:15:00";"PR";376;182,8;"SARANDI";"Falta de Atenção à Condução";"Colisão traseira";"Com Vítimas Feridas";"Plena Noite";"Decrescente";"Céu Claro";"Dupla";"Interseção de Vias";"Sim";4;0;1;1;2;0;2;3;-23,43566693;-51,8807888;"SPRF-PR";"DEL07-PR";"UOP01-DEL09-PR"
147460;2018-07-18;"quarta-feira";"18:15:00";"MG";40;513;"RIBEIRAO DAS NEVES";"Avarias e/ou desgaste excessivo no pneu";"Queda de ocupante de veículo";"Com Vítimas Feridas";"Plena Noite";"Decrescente";"Céu Claro";"Dupla";"Reta";"Sim";2;0;2;0;0;0;2;1;-19,8048;-44,0972;"SPRF-MG";"DEL01-MG";"UOP03-DEL01-MG"
147464;2018-07-18;"quarta-feira";"17:50:00";"RO";364;517;"ARIQUEMES";"Falta de Atenção à Condução";"Colisão transversal";"Com Vítimas Feridas";"Pleno dia";"Decrescente";"Céu Claro";"Simples";"Reta";"Não";3;0;1;1;1;0;2;2;-9,90688;-63,055813;"SPRF-RO";"DEL03-RO";"UOP01-DEL03-RO"
147465;2018-07-18;"quarta-feira";"17:40:00";"PR";277;514,8;"GUARANIACU";"Falta de Atenção à Condução";"Saída de leito carroçável";"Com Vítimas Feridas";"Pleno dia";"Decrescente";"Céu Claro";"Simples";"Reta";"Não";1;0;1;0;0;0;1;1;-25,17401868;-52,67051697;"SPRF-PR";"DEL04-PR";"UOP04-DEL04-PR"
147466;2018-07-18;"quarta-feira";"19:40:00";"CE";116;3;"FORTALEZA";"Falta de Atenção à Condução";"Engavetamento";"Com Vítimas Feridas";"Plena Noite";"Decrescente";"Céu Claro";"Múltipla";"Reta";"Sim";4;0;2;0;2;0;2;4;-3,7874;-38,5109;"SPRF-CE";"DEL01-CE";"UOP02-DEL01-CE"
147467;2018-07-18;"quarta-feira";"17:50:00";"RJ";101;257;"RIO BONITO";"Sinalização da via insuficiente ou inadequada";"Colisão lateral";"Com Vítimas Feridas";"Plena Noite";"Decrescente";"Céu Claro";"Dupla";"Reta";"Não";2;0;1;0;1;0;1;2;-22,698232;-42,577788;"SPRF-RJ";"DEL02-RJ";"UOP03-DEL02-RJ"
147468;2018-07-18;"quarta-feira";"19:50:00";"PR";158;519,8;"PATO BRANCO";"Falta de Atenção à Condução";"Queda de ocupante de veículo";"Com Vítimas Feridas";"Plena Noite";"Decrescente";"Céu Claro";"Simples";"Reta";"Sim";1;0;1;0;0;0;1;1;-26,20818038;-52,68055916;"SPRF-PR";"DEL02-PR";"UOP01-DEL02-PR"
147469;2018-07-18;"quarta-feira";"20:00:00";"PR";116;18,4;"CURITIBA";"Ingestão de Álcool";"Colisão lateral";"Sem Vítimas";"Plena Noite";"Crescente";"Céu Claro";"Simples";"Reta";"Sim";3;0;0;0;3;0;0;3;-25,389;-49,1867;"SPRF-PR";"DEL01-PR";"UOP02-DEL01-PR"
147470;2018-07-18;"quarta-feira";"20:25:00";"PB";230;11,4;"CABEDELO";"Velocidade Incompatível";"Colisão traseira";"Com Vítimas Fatais";"Plena Noite";"Decrescente";"Céu Claro";"Dupla";"Reta";"Sim";2;1;0;0;0;1;0;2;-7,0596;-34,8506;"SPRF-PB";"DEL01-PB";"UOP01-DEL01-PB"
147472;2018-07-18;"quarta-feira";"20:40:00";"PR";376;344,9;"ORTIGUEIRA";"Ingestão de Álcool";"Colisão com objeto estático";"Com Vítimas Feridas";"Plena Noite";"Decrescente";"Céu Claro";"Simples";"Curva";"Não";5;0;4;0;1;0;4;1;-24,15915701;-50,97267866;"SPRF-PR";"DEL07-PR";"UOP02-DEL07-PR"