"id";"data_inversa";"dia_semana";"horario";"uf";"br";"km";"municipio";"causa_acidente";"tipo_acidente";"classificacao_acidente";"fase_dia";"sentido_via";"condicao_metereologica";"tipo_pista";"tracado_via";"uso_solo";"pessoas";"mortos";"feridos_leves";"feridos_graves";"ilesos";"ignorados";"feridos";"veiculos";"latitude";"longitude";"regional";"delegacia";"uop"
147473;2018-07-18;"quarta-feira";"18:30:00";"PA";10;239;"IPIXUNA DO PARA";"Animais na Pista";"Atropelamento de Animal";"Sem Vítimas";"Anoitecer";"Decrescente";"Céu Claro";"Simples";"Reta";"Não";1;0;0;0;1;0;0;1;-2,342676;-47,563807;"SPRF-PA";"DEL02-PA";"UOP01-DEL02-PA"
147474;2018-07-18;"quarta-feira";"20:30:00";"CE";116;48,4;"PACAJUS";"Animais na Pista";"Atropelamento de Animal";"Com Vítimas Feridas";"Plena Noite";"Decrescente";"Céu Claro";"Dupla";"Reta";"Não";4;0;3;1;0;0;4;1;-4,1707;-38,493;"SPRF-CE";"DEL01-CE";"UOP02-DEL01-CE"
147475;2018-07-18;"quarta-feira";"19:30:00";"RR";401;3;"CANTA";"Falta de Atenção do Pedestre";"Saída de leito carroçável";"Com Vítimas Feridas";"Plena Noite";"Crescente";"Nublado";"Simples";"Curva";"Não";1;0;1;0;0;0;1;1;2,78635746;-60,65213799;"SPRF-RR";"DEL01-RR";"UOP01-DEL01-RR"
147476;2018-07-18;"quarta-feira";"21:00:00";"MG";381;489;"BETIM";"Falta de Atenção do Pedestre";"Atropelamento de Pedestre";"Com Vítimas Feridas";"Plena Noite";"Decrescente";"Céu Claro";"Múltipla";"Reta";"Sim";2;0;1;0;0;1;1;2;-19,9563;-44,1428;"SPRF-MG";"DEL01-MG";"UOP03-DEL01-MG"
147477;2018-07-18;"quarta-feira";"20:55:00";"RS";116;257;"ESTEIO";"Avarias e/ou desgaste excessivo no pneu";"Tombamento";"Com Vítimas Feridas";"Plena Noite";"Crescente";"Nublado";"Dupla";"Viaduto";"Sim";2;0;2;0;0;0;2;1;-29,852671;-51,179691;"SPRF-RS";"DEL01-RS";"UOP02-DEL01-RS"
147481;2018-07-18;"quarta-feira";"21:40:00";"PR";369;150;"LONDRINA";"Desobediência às normas de trânsito pelo condutor";"Colisão transversal";"Com Vítimas Feridas";"Plena Noite";"Crescente";"Céu Claro";"Dupla";"Reta";"Sim";3;0;2;0;1;0;2;2;-23,29295365;-51,16275961;"SPRF-PR";"DEL07-PR";"UOP01-DEL07-PR"
147482;2018-07-18;"quarta-feira";"21:45:00";"PA";163;1005;"SANTAREM";"Falta de Atenção à Condução";"Saída de leito carroçável";"Com Vítimas Feridas";"Plena Noite";"Crescente";"Garoa/Chuvisco";"Dupla";"Reta";"Sim";1;0;1;0;0;0;1;1;-2,5010787;-54,7253398;"SPRF-PA";"DEL05-PA";"UOP01-DEL05-PA"
147484;2018-07-18;"quarta-feira";"21:30:00";"SP";153;65,3;"SAO JOSE DO RIO PRETO";"Ingestão de Álcool";"Tombamento";"Com Vítimas Feridas";"Plena Noite";"Crescente";"Céu Claro";"Simples";"Reta";"Sim";1;0;1;0;0;0;1;1;-20,835588;-49,3657;"SPRF-SP";"DEL09-SP";"UOP01-DEL09-SP"
147486;2018-07-18;"quarta-feira";"20:30:00";"RO";435;75;"COLORADO DO OESTE";"Falta de Atenção à Condução";"Tombamento";"Com Vítimas Feridas";"Plena Noite";"Crescente";"Céu Claro";"Simples";"Reta";"Não";2;0;2;0;0;0;2;1;-13,105472;-60,444443;"SPRF-RO";"DEL04-RO";"UOP02-DEL04-RO"
147487;2018-07-18;"quarta-feira";"21:10:00";"PR";116;151;"MANDIRITUBA";"Desobediência às normas de trânsito pelo condutor";"Atropelamento de Pedestre";"Com Vítimas Fatais";"Plena Noite";"Crescente";"Céu Claro";"Simples";"Reta";"Não";4;2;0;0;0;2;0;2;-25,781727;-49,325352;"SPRF-PR";"DEL01-PR";"UOP03-DEL01-PR"
147490;2018-07-18;"quarta-feira";"22:00:00";"SC";101;335,9;"TUBARAO";"Ingestão de Álcool";"Colisão traseira";"Com Vítimas Feridas";"Plena Noite";"Crescente";"Céu Claro";"Múltipla";"Reta";"Sim";3;0;1;0;2;0;1;3;-28,4791;-49,0338;"SPRF-SC";"DEL02-SC";"UOP01-DEL02-SC"
147491;2018-07-18;"quarta-feira";"22:26:00";"PI";343;4,5;"TERESINA";"Desobediência às normas de trânsito pelo condutor";"Colisão transversal";"Com Vítimas Feridas";"Plena Noite";"Crescente";"Céu Claro";"Múltipla";"Interseção de Vias";"Sim";2;0;0;1;1;0;1;2;-5,089569;-42,802288;"SPRF-PI";"DEL01-PI";"UOP01-DEL01-PI"
147495;2018-07-18;"quarta-feira";"23:15:00";"PR";277;109;"CAMPO LARGO";"Desobediência às normas de trânsito pelo condutor";"Colisão traseira";"Com Vítimas Feridas";"Plena Noite";"Crescente";"Céu Claro";"Dupla";"Curva";"Sim";2;0;1;0;1;0;1;2;-25,43094341;-49,42156076;"SPRF-PR";"DEL01-PR";"UOP06-DEL01-PR"
147496;2018-07-18;"quarta-feira";"22:15:00";"RS";392;9,1;"RIO GRANDE";"Velocidade Incompatível";"Saída de leito carroçável";"Sem Vítimas";"Plena Noite";"Decrescente";"Garoa/Chuvisco";"Simples";"Reta";"Sim";1;0;0;0;1;0;0;1;-32,11167836;-52,11340602;"SPRF-RS";"DEL07-RS";"UOP02-DEL07-RS"
147498;2018-07-18;"quarta-feira";"21:15:00";"AC";364;121;"RIO BRANCO";"Velocidade Incompatível";"Tombamento";"Com Vítimas Fatais";"Plena Noite";"Crescente";"Céu Claro";"Simples";"Rotatória";"Sim";1;1;0;0;0;0;0;1;-10,01204503;-67,77049541;"SPRF-AC";"DEL01-AC";"UOP01-DEL01-AC"
147500;2018-07-18;"quarta-feira";"23:20:00";"SC";101;95;"BARRA VELHA";"Restrição de Visibilidade";"Atropelamento de Pedestre";"Com Vítimas Feridas";"Plena Noite";"Decrescente";"Nevoeiro/Neblina";"Dupla";"Curva";"Sim";2;0;1;0;1;0;1;2;-26,7228;-48,7022;"SPRF-SC";"DEL03-SC";"UOP02-DEL03-SC"
147501;2018-07-19;"quinta-feira";"00:05:00";"GO";40;7;"VALPARAISO DE GOIAS";"Agressão Externa";"Saída de leito carroçável";"Com Vítimas Feridas";"Plena Noite";"Decrescente";"Céu Claro";"Dupla";"Reta";"Sim";1;0;1;0;0;0;1;1;-16,1140141;-47,9685724;"SPRF-DF";"DEL01-DF";"UOP01-DEL01-DF"
147502;2018-07-18;"quarta-feira";"21:30:00";"PA";10;66;"ULIANOPOLIS";"Condutor Dormindo";"Capotamento";"Com Vítimas Feridas";"Plena Noite";"Crescente";"Céu Claro";"Dupla";"Reta";"Não";1;0;1;0;0;0;1;1;-3,869258;-47,524004;"SPRF-PA";"DEL02-PA";"UOP02-DEL02-PA"
147504;2018-07-18;"quarta-feira";"23:00:00";"RO";364;690;"PORTO VELHO";"Sinalização da via insuficiente ou inadequada";"Saída de leito carroçável";"Com Vítimas Feridas";"Plena Noite";"Decrescente";"Céu Claro";"Dupla";"Rotatória";"Não";1;0;0;1;0;0;1;1;-8,79602011;-63,68432868;"SPRF-RO";"DEL01-RO";"UOP01-DEL01-RO"
147506;2018-07-19;"quinta-feira";"00:30:00";"SC";101;94,2;"BARRA VELHA";"Ingestão de Álcool";"Queda de ocupante de veículo";"Com Vítimas Feridas";"Plena Noite";"Crescente";"Nevoeiro/Neblina";"Dupla";"Reta";"Não";1;0;1;0;0;0;1;1;-26,7055404;-48,70104519;"SPRF-SC";"DEL03-SC";"UOP02-DEL03-SC"
147510;2018-07-18;"quarta-feira";"16:30:00";"RO";364;14;"VILHENA";"Falta de Atenção à Condução";"Colisão lateral";"Com Vítimas Feridas";"Pleno dia";"Crescente";"Céu Claro";"Dupla";"Rotatória";"Sim";3;0;1;0;2;0;1;2;-12,73895626;-60,13956785;"SPRF-RO";"DEL04-RO";"UOP01-DEL04-RO"
147518;2018-07-19;"quinta-feira";"05:45:00";"RN";304;24,6;"MOSSORO";"Pista Escorregadia";"Queda de ocupante de veículo";"Com Vítimas Feridas";"Pleno dia";"Decrescente";"Céu Claro";"Simples";"Reta";"Não";1;0;1;0;0;0;1;1;-5,064882;-37,33287;"SPRF-RN";"DEL04-RN";"UOP02-DEL04-RN"
147520;2018-07-19;"quinta-feira";"06:20:00";"SC";470;4,5;"NAVEGANTES";"Deficiência ou não Acionamento do Sistema de Iluminação/Sinalização do Veículo";"Atropelamento de Pedestre";"Com Vítimas Feridas";"Amanhecer";"Crescente";"Nevoeiro/Neblina";"Simples";"Desvio Temporário";"Sim";3;0;1;0;2;0;1;3;-26,87629652;-48,66743434;"SPRF-SC";"DEL04-SC";"UOP04-DEL04-SC"
147521;2018-07-19;"quinta-feira";"05:40:00";"SC";101;117,3;"ITAJAI";"Defeito na Via";"Tombamento";"Com Vítimas Feridas";"Amanhecer";"Decrescente";"Nevoeiro/Neblina";"Dupla";"Viaduto";"Sim";1;0;1;0;0;0;1;1;-26,8961;-48,7188;"SPRF-SC";"DEL04-SC";"UOP04-DEL04-SC"
147522;2018-07-19;"quinta-feira";"07:30:00";"SP";101;48,9;"UBATUBA";"Falta de Atenção à Condução";"Colisão transversal";"Com Vítimas Feridas";"Pleno dia";"Crescente";"Céu Claro";"Simples";"Reta";"Sim";2;0;1;0;1;0;1;2;-23,436964;-45,087685;"SPRF-SP";"DEL06-SP";"UOP01-DEL06-SP"
147523;2018-06-12;"terça-feira";"17:00:00";"PR";277;590;"CASCAVEL";"Não guardar distância de segurança";"Colisão traseira";"Com Vítimas Feridas";"Pleno dia";"Decrescente";"Sol";"Múltipla";"Reta";"Sim";2;0;1;0;1;0;1;2;-25,02817;-53,55983;"SPRF-PR";"DEL04-PR";"UOP01-DEL04-PR"
147524;2018-07-19;"quinta-feira";"06:15:00";"SP";116;24,4;"LAVRINHAS";"Defeito Mecânico no Veículo";"Incêndio";"Sem Vítimas";"Amanhecer";"Crescente";"Nevoeiro/Neblina";"Dupla";"Aclive";"Não";1;0;0;0;1;0;0;1;-22,60167893;-44,89029919;"SPRF-SP";"DEL08-SP";"UOP02-DEL08-SP"
147527;2018-07-19;"quinta-feira";"06:10:00";"SC";101;107,4;"PENHA";"Pista Escorregadia";"Colisão lateral";"Com Vítimas Feridas";"Amanhecer";"Crescente";"Nevoeiro/Neblina";"Dupla";"Aclive;Reta";"Não";3;0;0;1;2;0;1;2;-26,82229951;-48,68626085;"SPRF-SC";"DEL03-SC";"UOP02-DEL03-SC"
147528;2018-07-19;"quinta-feira";"07:35:00";"PR";476;142;"CURITIBA";"Desobediência às normas de trânsito pelo condutor";"Colisão traseira";"Com Vítimas Feridas";"Pleno dia";"Crescente";"Céu Claro";"Dupla";"Reta";"Sim";2;0;1;0;1;0;1;2;-25,53678806;-49,30142641;"SPRF-PR";"DEL01-PR";"UOP07-DEL01-PR"
147529;2018-07-19;"quinta-feira";"07:55:00";"GO";40;2;"VALPARAISO DE GOIAS";"Falta de Atenção à Condução";"Queda de ocupante de veículo";"Com Vítimas Feridas";"Pleno dia";"Decrescente";"Céu Claro";"Dupla";"Reta";"Sim";1;0;1;0;0;0;1;1;-16,067129;-47,984235;"SPRF-DF";"DEL01-DF";"UOP01-DEL01-DF"
147530;2018-07-19;"quinta-feira";"07:30:00";"ES";101;266,5;"SERRA";"Não guardar distância de segurança";"Colisão traseira";"Com Vítimas Feridas";"Pleno dia";"Crescente";"Sol";"Múltipla";"Reta";"Sim";2;0;1;0;1;0;1;2;-20,0966257;-40,3392783;"SPRF-ES";"DEL02-ES";"UOP01-DEL02-ES"
147532;2018-07-19;"quinta-feira";"07:40:00";"AP";210;1,8;"MACAPA";"Falta de Atenção à Condução";"Colisão transversal";"Com Vítimas Feridas";"Pleno dia";"Crescente";"Céu Claro";"Múltipla";"Reta";"Sim";2;0;1;0;1;0;1;2;0,08309822;-51,07889444;"SPRF-AP";"DEL01-AP";"UOP01-DEL01-AP"
147533;2018-07-19;"quinta-feira";"06:50:00";"PE";232;137;"CARUARU";"Falta de Atenção à Condução";"Colisão traseira";"Com Vítimas Feridas";"Pleno dia";"Decrescente";"Céu Claro";"Dupla";"Retorno Regulamentado";"Não";3;0;0;2;0;1;2;2;-8,31644669;-36,0518196;"SPRF-PE";"DEL02-PE";"UOP03-DEL02-PE"
147534;2018-07-19;"quinta-feira";"07:45:00";"SP";116;24,7;"LAVRINHAS";"Restrição de Visibilidade";"Colisão traseira";"Com Vítimas Feridas";"Pleno dia";"Decrescente";"Sol";"Dupla";"Reta";"Não";9;0;2;0;7;0;2;2;-22,598995;-44,887993;"SPRF-SP";"DEL08-SP";"UOP02-DEL08-SP"
147537;2018-07-19;"quinta-feira";"07:50:00";"BA";324;621;"SALVADOR";"Não guardar distância de segurança";"Colisão traseira";"Com Vítimas Feridas";"Pleno dia";"Crescente";"Céu Claro";"Dupla";"Reta";"Sim";7;0;1;0;6;0;1;4;-12,921398;-38,46729;"SPRF-BA";"DEL01-BA";"UOP01-DEL01-BA"
147540;2018-07-19;"quinta-feira";"08:10:00";"GO";153;629,6;"MORRINHOS";"Condutor Dormindo";"Saída de leito carroçável";"Com Vítimas Feridas";"Pleno dia";"Decrescente";"Céu Claro";"Dupla";"Reta;Declive";"Não";1;0;0;1;0;0;1;1;-17,78687811;-49,19212103;"SPRF-GO";"DEL03-GO";"UOP01-DEL03-GO"
147541;2018-07-19;"quinta-feira";"07:20:00";"MG";116;276,6;"TEOFILO OTONI";"Desobediência às normas de trânsito pelo condutor";"Colisão transversal";"Com Vítimas Feridas";"Pleno dia";"Crescente";"Nublado";"Múltipla";"Reta";"Sim";2;0;1;0;1;0;1;2;-17,851329;-41,51471;"SPRF-MG";"DEL11-MG";"UOP01-DEL11-MG"
147542;2018-07-19;"quinta-feira";"08:40:00";"PE";101;66,9;"RECIFE";"Falta de Atenção à Condução";"Colisão traseira";"Com Vítimas Feridas";"Pleno dia";"Decrescente";"Céu Claro";"Dupla";"Viaduto";"Sim";2;0;1;0;1;0;1;2;-8,05198476;-34,94612575;"SPRF-PE";"DEL01-PE";"UOP01-DEL01-PE"
147543;2018-07-19;"quinta-feira";"08:15:00";"SC";280;1;"SAO FRANCISCO DO SUL";"Falta de Atenção à Condução";"Saída de leito carroçável";"Com Vítimas Feridas";"Amanhecer";"Crescente";"Nevoeiro/Neblina";"Simples";"Curva";"Não";1;0;1;0;0;0;1;1;-26,23528365;-48,62838507;"SPRF-SC";"DEL03-SC";"UOP03-DEL03-SC"
147544;2018-07-19;"quinta-feira";"08:40:00";"MG";267;29;"ARGIRITA";"Falta de Atenção à Condução";"Saída de leito carroçável";"Com Vítimas Feridas";"Pleno dia";"Crescente";"Sol";"Simples";"Aclive;Curva";"Não";2;0;0;2;0;0;2;1;-21,6464;-42,8482;"SPRF-MG";"DEL07-MG";"UOP01-DEL07-MG"
147545;2018-07-19;"quinta-feira";"08:30:00";"PE";101;80;"JABOATAO DOS GUARARAPES";"Desobediência às normas de trânsito pelo condutor";"Colisão lateral";"Com Vítimas Feridas";"Pleno dia";"Crescente";"Céu Claro";"Dupla";"Reta";"Sim";2;0;1;0;1;0;1;2;-8,1623;-34,9394;"SPRF-PE";"DEL01-PE";"UOP01-DEL01-PE"
147547;2018-07-19;"quinta-feira";"09:00:00";"PR";0;0;"CASCAVEL";"Desobediência às normas de trânsito pelo condutor";"Colisão transversal";"Com Vítimas Feridas";"Pleno dia";"Não Informado";"Céu Claro";"Simples";"Interseção de Vias;Viaduto";"Sim";2;0;1;0;1;0;1;2;-24,98300442;-53,47382247;"SPRF-PR";"DEL04-PR";"UOP01-DEL04-PR"
147548;2018-07-19;"quinta-feira";"08:30:00";"TO";153;335;"GUARAI";"Desobediência às normas de trânsito pelo condutor";"Colisão lateral";"Com Vítimas Feridas";"Pleno dia";"Crescente";"Céu Claro";"Dupla";"Reta";"Sim";2;0;1;0;1;0;1;2;-8,844914;-48,510712;"SPRF-TO";"DEL02-TO";"UOP02-DEL02-TO"
147551;2018-07-19;"quinta-feira";"08:40:00";"PA";316;12;"MARITUBA";"Falta de Atenção do Pedestre";"Atropelamento de Pedestre";"Com Vítimas Feridas";"Pleno dia";"Decrescente";"Céu Claro";"Dupla";"Reta";"Sim";2;0;1;0;1;0;1;2;-1,36590892;-48,33119631;"SPRF-PA";"DEL01-PA";"DEL19/1-UOP05/PA"
147555;2018-07-19;"quinta-feira";"08:05:00";"MG";381;454,1;"SABARA";"Desobediência às normas de trânsito pelo condutor";"Colisão transversal";"Com Vítimas Feridas";"Pleno dia";"Crescente";"Céu Claro";"Simples";"Viaduto";"Sim";3;0;1;0;1;1;1;3;-19,86779964;-43,92917633;"SPRF-MG";"DEL01-MG";"UOP01-DEL01-MG"
147556;2018-07-19;"quinta-feira";"07:50:00";"RO";319;60,8;"PORTO VELHO";"Falta de Atenção à Condução";"Colisão traseira";"Sem Vítimas";"Pleno dia";"Decrescente";"Céu Claro";"Dupla";"Reta";"Sim";2;0;0;0;2;0;0;2;-8,74058045;-63,89386377;"SPRF-RO";"DEL01-RO";"UOP01-DEL01-RO"
147557;2018-06-25;"segunda-feira";"15:45:00";"RS";116;226,5;"DOIS IRMAOS";"Desobediência às normas de trânsito pelo condutor";"Colisão lateral";"Com Vítimas Fatais";"Pleno dia";"Crescente";"Chuva";"Simples";"Reta";"Não";5;1;2;1;0;1;3;4;-29,60136727;-51,11841649;"SPRF-RS";"DEL05-RS";"UOP02-DEL05-RS"
147560;2018-07-19;"quinta-feira";"09:55:00";"MG";116;703,9;"MURIAE";"Falta de Atenção à Condução";"Colisão traseira";"Com Vítimas Feridas";"Pleno dia";"Decrescente";"Céu Claro";"Simples";"Reta";"Sim";2;0;1;0;1;0;1;2;-21,11906249;-42,3800692;"SPRF-MG";"DEL07-MG";"UOP02-DEL07-MG"
147562;2018-07-19;"quinta-feira";"08:50:00";"SP";116;21,1;"LAVRINHAS";"Avarias e/ou desgaste excessivo no pneu";"Tombamento";"Com Vítimas Feridas";"Pleno dia";"Crescente";"Sol";"Dupla";"Curva";"Não";2;0;1;0;1;0;1;1;-22,576513;-44,873154;"SPRF-SP";"DEL08-SP";"UOP02-DEL08-SP"
147564;2018-07-19;"quinta-feira";"09:40:00";"PB";101;84,9;"BAYEUX";"Falta de Atenção do Pedestre";"Atropelamento de Pedestre";"Com Vítimas Feridas";"Pleno dia";"Crescente";"Sol";"Dupla";"Reta";"Sim";2;0;1;0;1;0;1;2;-7,146024;-34,915893;"SPRF-PB";"DEL01-PB";"UOP01-DEL01-PB"
147566;2018-07-19;"quinta-feira";"10:15:00";"SC";470;138,9;"RIO DO SUL";"Desobediência às normas de trânsito pelo condutor";"Colisão transversal";"Com Vítimas Feridas";"Pleno dia";"Crescente";"Sol";"Simples";"Reta";"Não";3;0;0;2;0;1;2;3;-27,18856125;-49,61337;"SPRF-SC";"DEL04-SC";"UOP02-DEL04-SC"
147567;2018-07-19;"quinta-feira";"10:40:00";"RS";287;249,1;"SANTA MARIA";"Sinalização da via insuficiente ou inadequada";"Atropelamento de Pedestre";"Com Vítimas Feridas";"Pleno dia";"Decrescente";"Céu Claro";"Simples";"Em Obras;Curva";"Sim";2;0;1;0;1;0;1;2;-29,69512673;-53,85691767;"SPRF-RS";"DEL09-RS";"UOP01-DEL09-RS"
147568;2018-07-19;"quinta-feira";"10:30:00";"PA";316;7,6;"ANANINDEUA";"Desobediência às normas de trânsito pelo condutor";"Colisão transversal";"Com Vítimas Fatais";"Pleno dia";"Decrescente";"Céu Claro";"Dupla";"Reta";"Sim";3;1;0;0;2;0;0;3;-1,36853674;-48,37863922;"SPRF-PA";"DEL01-PA";"DEL19/1-UOP05/PA"
147569;2018-07-19;"quinta-feira";"10:05:00";"RS";116;184;"NOVA PETROPOLIS";"Falta de Atenção à Condução";"Colisão frontal";"Com Vítimas Feridas";"Pleno dia";"Crescente";"Céu Claro";"Simples";"Curva";"Sim";4;0;2;0;2;0;2;2;-29,38254902;-51,11957788;"SPRF-RS";"DEL05-RS";"UOP02-DEL05-RS"
147575;2018-07-19;"quinta-feira";"10:47:00";"PA";163;1002;"SANTAREM";"Falta de Atenção à Condução";"Colisão traseira";"Com Vítimas Feridas";"Pleno dia";"Crescente";"Nublado";"Simples";"Reta";"Sim";2;0;1;0;1;0;1;2;-2,4502554;-54,72986877;"SPRF-PA";"DEL05-PA";"UOP01-DEL05-PA"
147576;2018-07-19;"quinta-feira";"11:00:00";"SP";381;90;"SAO PAULO";"Desobediência às normas de trânsito pelo condutor";"Colisão lateral";"Sem Vítimas";"Pleno dia";"Crescente";"Sol";"Dupla";"Curva";"Sim";2;0;0;0;2;0;0;2;-23,4961268;-46,5609571;"SPRF-SP";"DEL03-SP";"DEL6/3-UOP03/SP"
147577;2018-07-19;"quinta-feira";"11:05:00";"SP";153;78;"BADY BASSITT";"Falta de Atenção à Condução";"Capotamento";"Com Vítimas Feridas";"Pleno dia";"Crescente";"Céu Claro";"Múltipla";"Declive";"Não";1;0;1;0;0;0;1;1;-20,904287;-49,461708;"SPRF-SP";"DEL09-SP";"UOP01-DEL09-SP"
147578;2018-07-19;"quinta-feira";"10:40:00";"MA";135;9;"SAO LUIS";"Falta de Atenção à Condução";"Colisão traseira";"Com Vítimas Feridas";"Pleno dia";"Decrescente";"Céu Claro";"Dupla";"Reta";"Sim";4;0;0;1;3;0;1;2;-2,64854232;-44,27899808;"SPRF-MA";"DEL01-MA";"UOP01-DEL01-MA"
147579;2018-07-19;"quinta-feira";"10:50:00";"RJ";40;113;"DUQUE DE CAXIAS";"Não guardar distância de segurança";"Colisão traseira";"Com Vítimas Feridas";"Pleno dia";"Crescente";"Céu Claro";"Dupla";"Viaduto";"Não";2;0;1;0;1;0;1;2;-22,71036243;-43,29031706;"SPRF-RJ";"DEL01-RJ";"UOP01-DEL01-RJ"
147581;2018-07-19;"quinta-feira";"09:50:00";"RJ";465;19;"NOVA IGUACU";"Falta de Atenção à Condução";"Colisão transversal";"Com Vítimas Feridas";"Pleno dia";"Crescente";"Céu Claro";"Simples";"Reta";"Sim";2;0;1;0;1;0;1;2;-22,856968;-43,601918;"SPRF-RJ";"DEL01-RJ";"UOP03-DEL01-RJ"
147582;2018-07-07;"sábado";"12:00:00";"SP";116;112,7;"TAUBATE";"Falta de Atenção à Condução";"Colisão traseira";"Com Vítimas Feridas";"Pleno dia";"Decrescente";"Céu Claro";"Dupla";"Reta";"Sim";5;0;0;2;2;1;2;3;-23,041592;-45,570652;"SPRF-SP";"DEL06-SP";"UOP02-DEL02-SP"
147583;2018-07-19;"quinta-feira";"11:15:00";"PR";376;349,1;"ORTIGUEIRA";"Desobediência às normas de trânsito pelo condutor";"Colisão transversal";"Com Vítimas Feridas";"Pleno dia";"Decrescente";"Sol";"Simples";"Declive;Reta";"Não";5;0;4;0;1;0;4;2;-24,19912462;-50,95032781;"SPRF-PR";"DEL03-PR";"UOP02-DEL03-PR"
147584;2018-07-19;"quinta-feira";"10:15:00";"RJ";116;260;"BARRA MANSA";"Desobediência às normas de trânsito pelo condutor";"Colisão lateral";"Sem Vítimas";"Pleno dia";"Decrescente";"Céu Claro";"Dupla";"Reta";"Não";2;0;0;0;2;0;0;2;-22,59009;-44,10307;"SPRF-RJ";"DEL07-RJ";"UOP02-DEL07-RJ"
147588;2018-07-19;"quinta-feira";"10:55:00";"ES";101;36;"CONCEICAO DA BARRA";"Falta de Atenção à Condução";"Capotamento";"Com Vítimas Feridas";"Pleno dia";"Decrescente";"Sol";"Simples";"Reta";"Não";1;0;1;0;0;0;1;1;-18,46481307;-39,92916584;"SPRF-ES";"DEL04-ES";"UOP02-DEL04-ES"
147590;2018-05-28;"segunda-feira";"16:40:00";"ES";101;269;"SERRA";"Falta de Atenção à Condução";"Queda de ocupante de veículo";"Com Vítimas Feridas";"Pleno dia";"Crescente";"Céu Claro";"Múltipla";"Curva";"Sim";2;0;1;0;0;1;1;2;-20,23213016;-40,27710748;"SPRF-ES";"DEL02-ES";"UOP01-DEL02-ES"
147591;2018-07-19;"quinta-feira";"07:40:00";"BA";116;827;"VITORIA DA CONQUISTA";"Falta de Atenção à Condução";"Colisão transversal";"Com Vítimas Feridas";"Pleno dia";"Decrescente";"Sol";"Simples";"Reta";"Sim";3;0;1;0;1;1;1;3;-14,89061625;-40,86226558;"SPRF-BA";"DEL08-BA";"UOP01-DEL08-BA"
147593;2018-06-12;"terça-feira";"13:30:00";"PB";104;115,4;"LAGOA SECA";"Falta de Atenção à Condução";"Colisão traseira";"Com Vítimas Feridas";"Pleno dia";"Crescente";"Sol";"Simples";"Curva";"Não";2;0;0;1;0;1;1;2;-7,17555421;-35,86040735;"SPRF-PB";"DEL02-PB";"UOP04-DEL02-PB"
147594;2018-04-14;"sábado";"18:30:00";"PR";376;1,2;"SAO JOSE DOS PINHAIS";"Falta de Atenção à Condução";"Colisão transversal";"Com Vítimas Feridas";"Anoitecer";"Decrescente";"Ignorado";"Dupla";"Interseção de Vias";"Sim";2;0;1;0;1;0;1;1;-25,55870321;-49,18540478;"SPRF-PR";"DEL01-PR";"DEL7/1-UOP08/PR"
147596;2018-07-19;"quinta-feira";"11:25:00";"RJ";116;317;"ITATIAIA";"Falta de Atenção à Condução";"Colisão traseira";"Com Vítimas Feridas";"Pleno dia";"Crescente";"Céu Claro";"Simples";"Curva";"Sim";4;0;2;0;2;0;2;3;-22,496592;-44,563713;"SPRF-RJ";"DEL07-RJ";"DEL5/7-UOP03/RJ"
147597;2018-07-19;"quinta-feira";"11:50:00";"MT";364;191,9;"RONDONOPOLIS";"Ingestão de Substâncias Psicoativas";"Colisão lateral";"Com Vítimas Feridas";"Pleno dia";"Decrescente";"Céu Claro";"Simples";"Curva";"Não";4;0;3;0;1;0;3;2;-16,547836;-54,575493;"SPRF-MT";"DEL02-MT";"UOP01-DEL02-MT"
147598;2018-07-19;"quinta-feira";"11:55:00";"SP";116;110;"TAUBATE";"Falta de Atenção à Condução";"Colisão com objeto estático";"Com Vítimas Feridas";"Pleno dia";"Decrescente";"Céu Claro";"Dupla";"Reta";"Não";2;0;1;0;1;0;1;1;-23,034126;-45,5527;"SPRF-SP";"DEL06-SP";"UOP01-DEL06-SP"
147599;2018-07-19;"quinta-feira";"08:14:00";"ES";393;0,2;"CACHOEIRO DE ITAPEMIRIM";"Falta de Atenção à Condução";"Atropelamento de Pedestre";"Com Vítimas Feridas";"Pleno dia";"Crescente";"Sol";"Simples";"Reta";"Sim";2;0;0;1;1;0;1;2;-20,84060406;-41,16053581;"SPRF-ES";"DEL03-ES";"UOP02-DEL03-ES"
147601;2018-07-19;"quinta-feira";"13:20:00";"SC";101;205;"SAO JOSE";"Falta de Atenção à Condução";"Colisão traseira";"Com Vítimas Feridas";"Pleno dia";"Crescente";"Sol";"Múltipla";"Reta";"Sim";3;0;1;0;2;0;1;2;-27,592;-48,6181;"SPRF-SC";"DEL01-SC";"UOP01-DEL01-SC"
147602;2018-07-19;"quinta-feira";"13:00:00";"SC";470;56;"BLUMENAU";"Falta de Atenção à Condução";"Colisão transversal";"Com Vítimas Feridas";"Pleno dia";"Crescente";"Céu Claro";"Simples";"Reta";"Não";2;0;2;0;0;0;2;2;-26,87764109;-49,13073507;"SPRF-SC";"DEL04-SC";"UOP01-DEL04-SC"
147606;2018-07-19;"quinta-feira";"13:15:00";"PR";277;139,5;"BALSA NOVA";"Falta de Atenção à Condução";"Colisão com objeto estático";"Com Vítimas Feridas";"Pleno dia";"Crescente";"Céu Claro";"Simples";"Curva";"Não";2;0;1;0;1;0;1;1;-25,47923205;-49,71782327;"SPRF-PR";"DEL01-PR";"UOP06-DEL01-PR"