"id";"data_inversa";"dia_semana";"horario";"uf";"br";"km";"municipio";"causa_acidente";"tipo_acidente";"classificacao_acidente";"fase_dia";"sentido_via";"condicao_metereologica";"tipo_pista";"tracado_via";"uso_solo";"pessoas";"mortos";"feridos_leves";"feridos_graves";"ilesos";"ignorados";"feridos";"veiculos";"latitude";"longitude";"regional";"delegacia";"uop"
147728;2018-07-20;"sexta-feira";"05:30:00";"MG";116;812,7;"ALEM PARAIBA";"Falta de Atenção à Condução";"Saída de leito carroçável";"Com Vítimas Feridas";"Amanhecer";"Decrescente";"Céu Claro";"Simples";"Aclive";"Não";2;0;1;0;0;1;1;2;-21,84628319;-42,66922474;"SPRF-MG";"DEL07-MG";"UOP01-DEL07-MG"
147731;2018-07-20;"sexta-feira";"05:00:00";"PE";101;54;"PAULISTA";"Falta de Atenção à Condução";"Colisão lateral";"Com Vítimas Feridas";"Amanhecer";"Crescente";"Céu Claro";"Simples";"Reta";"Não";1;0;1;0;0;0;1;1;-7,9487;-34,907;"SPRF-PE";"DEL01-PE";"UOP02-DEL01-PE"
147732;2018-07-20;"sexta-feira";"06:00:00";"RJ";116;136;"MAGE";"Falta de Atenção à Condução";"Colisão traseira";"Com Vítimas Feridas";"Amanhecer";"Decrescente";"Céu Claro";"Dupla";"Reta";"Sim";2;0;1;0;1;0;1;2;-22,649881;-43,172539;"SPRF-RJ";"DEL04-RJ";"UOP02-DEL04-RJ"
147737;2018-07-20;"sexta-feira";"06:55:00";"BA";242;797;"BARREIRAS";"Falta de Atenção à Condução";"Colisão transversal";"Com Vítimas Feridas";"Pleno dia";"Crescente";"Céu Claro";"Simples";"Retorno Regulamentado";"Não";2;0;1;0;1;0;1;2;-12,12574786;-45,02753522;"SPRF-BA";"DEL10-BA";"UOP01-DEL10-BA"
147742;2018-07-20;"sexta-feira";"07:30:00";"SP";116;280,3;"EMBU DAS ARTES";"Falta de Atenção à Condução";"Colisão traseira";"Com Vítimas Feridas";"Amanhecer";"Decrescente";"Céu Claro";"Dupla";"Reta";"Sim";3;0;2;0;1;0;2;2;-23,64931043;-46,84464902;"SPRF-SP";"DEL04-SP";"UOP01-DEL04-SP"
147744;2018-07-20;"sexta-feira";"07:55:00";"PR";153;452,5;"UNIAO DA VITORIA";"Pista Escorregadia";"Queda de ocupante de veículo";"Com Vítimas Feridas";"Pleno dia";"Crescente";"Nevoeiro/Neblina";"Simples";"Interseção de Vias";"Sim";2;0;2;0;0;0;2;1;-26,199348;-51,064548;"SPRF-PR";"DEL02-PR";"UOP03-DEL02-PR"
147745;2018-07-20;"sexta-feira";"07:30:00";"ES";101;2;"VITORIA";"Falta de Atenção à Condução";"Colisão traseira";"Com Vítimas Feridas";"Pleno dia";"Crescente";"Céu Claro";"Dupla";"Reta";"Sim";2;0;0;1;1;0;1;2;-20,254608;-40,28916121;"SPRF-ES";"DEL04-ES";"UOP02-DEL04-ES"
147746;2018-06-09;"sábado";"09:20:00";"PB";230;10,5;"CABEDELO";"Ultrapassagem Indevida";"Capotamento";"Com Vítimas Feridas";"Pleno dia";"Crescente";"Céu Claro";"Dupla";"Reta";"Sim";3;0;1;0;1;1;1;2;-7,0514;-34,8499;"SPRF-PB";"DEL01-PB";"UOP01-DEL01-PB"
147749;2018-07-20;"sexta-feira";"08:00:00";"SC";470;71;"INDAIAL";"Falta de Atenção à Condução";"Atropelamento de Pedestre";"Com Vítimas Feridas";"Pleno dia";"Decrescente";"Céu Claro";"Simples";"Reta";"Não";2;0;1;0;1;0;1;2;-26,8854833;-49,24943078;"SPRF-SC";"DEL04-SC";"UOP01-DEL04-SC"
147751;2018-07-20;"sexta-feira";"08:00:00";"PE";101;54,1;"PAULISTA";"Falta de Atenção à Condução";"Tombamento";"Com Vítimas Feridas";"Pleno dia";"Decrescente";"Nublado";"Múltipla";"Reta;Aclive";"Não";2;0;1;0;1;0;1;1;-7,9487;-34,907;"SPRF-PE";"DEL01-PE";"UOP02-DEL01-PE"
147752;2018-04-05;"quinta-feira";"06:00:00";"PB";230;32,2;"BAYEUX";"Não guardar distância de segurança";"Colisão lateral";"Com Vítimas Feridas";"Pleno dia";"Crescente";"Céu Claro";"Dupla";"Interseção de Vias";"Sim";2;0;0;1;1;0;1;2;-7,129857;-34,935577;"SPRF-PB";"DEL01-PB";"UOP01-DEL01-PB"
147755;2018-07-20;"sexta-feira";"08:05:00";"BA";116;438;"FEIRA DE SANTANA";"Velocidade Incompatível";"Capotamento";"Com Vítimas Feridas";"Pleno dia";"Decrescente";"Chuva";"Dupla";"Aclive";"Não";3;0;0;1;2;0;1;2;-12,33807333;-39,0772748;"SPRF-BA";"DEL02-BA";"UOP01-DEL02-BA"
147756;2018-07-20;"sexta-feira";"05:02:00";"SC";282;535,2;"CHAPECO";"Ingestão de Álcool";"Saída de leito carroçável";"Sem Vítimas";"Plena Noite";"Decrescente";"Céu Claro";"Simples";"Rotatória";"Não";1;0;0;0;1;0;0;1;-26,99983444;-52,64624834;"SPRF-SC";"DEL07-SC";"UOP01-DEL07-SC"
147757;2018-07-20;"sexta-feira";"07:16:00";"SP";116;207,8;"GUARULHOS";"Falta de Atenção à Condução";"Colisão traseira";"Com Vítimas Feridas";"Pleno dia";"Crescente";"Céu Claro";"Múltipla";"Reta";"Não";3;0;1;0;2;0;1;2;-23,4214222;-46,39184117;"SPRF-SP";"DEL01-SP";"UOP01-DEL01-SP"
147758;2018-07-20;"sexta-feira";"07:00:00";"MS";60;78,7;"PARAISO DAS AGUAS";"Condutor Dormindo";"Saída de leito carroçável";"Com Vítimas Feridas";"Pleno dia";"Crescente";"Céu Claro";"Simples";"Reta";"Não";1;0;0;1;0;0;1;1;-19,234842;-53,137218;"SPRF-MS";"DEL06-MS";"UOP02-DEL06-MS"
147759;2018-06-08;"sexta-feira";"15:30:00";"RS";470;228;"GARIBALDI";"Falta de Atenção à Condução";"Colisão transversal";"Com Vítimas Feridas";"Pleno dia";"Crescente";"Céu Claro";"Simples";"Reta";"Não";7;0;2;0;5;0;2;2;-29,26858059;-51,49921054;"SPRF-RS";"DEL06-RS";"UOP01-DEL06-RS"
147760;2018-07-20;"sexta-feira";"07:50:00";"SC";282;220,5;"LAGES";"Falta de Atenção à Condução";"Queda de ocupante de veículo";"Com Vítimas Feridas";"Pleno dia";"Crescente";"Sol";"Simples";"Curva";"Sim";1;0;1;0;0;0;1;1;-27,794014;-50,33363;"SPRF-SC";"DEL05-SC";"UOP01-DEL05-SC"
147762;2018-07-20;"sexta-feira";"07:50:00";"MG";459;70,9;"SENADOR JOSE BENTO";"Velocidade Incompatível";"Saída de leito carroçável";"Com Vítimas Feridas";"Pleno dia";"Decrescente";"Céu Claro";"Simples";"Curva";"Não";4;0;4;0;0;0;4;1;-22,130839;-46,148354;"SPRF-MG";"DEL09-MG";"UOP01-DEL09-MG"
147765;2018-07-20;"sexta-feira";"08:50:00";"PB";230;185,1;"POCINHOS";"Falta de Atenção à Condução";"Colisão transversal";"Com Vítimas Feridas";"Pleno dia";"Decrescente";"Chuva";"Simples";"Reta";"Não";3;0;1;0;2;0;1;2;-7,151826;-36,108505;"SPRF-PB";"DEL02-PB";"UOP02-DEL02-PB"
147767;2018-07-20;"sexta-feira";"08:15:00";"GO";20;0,3;"FORMOSA";"Falta de Atenção à Condução";"Colisão traseira";"Com Vítimas Feridas";"Pleno dia";"Crescente";"Céu Claro";"Dupla";"Reta";"Não";3;0;1;0;2;0;1;2;-15,581744;-47,343241;"SPRF-DF";"DEL02-DF";"UOP01-DEL02-DF"
147768;2018-07-20;"sexta-feira";"08:30:00";"SC";101;208;"SAO JOSE";"Falta de Atenção à Condução";"Colisão lateral";"Com Vítimas Feridas";"Pleno dia";"Crescente";"Céu Claro";"Dupla";"Reta";"Não";2;0;1;0;1;0;1;2;-27,60629356;-48,63485456;"SPRF-SC";"DEL01-SC";"UOP01-DEL01-SC"
147769;2018-07-20;"sexta-feira";"06:50:00";"PI";316;22,6;"TERESINA";"Falta de Atenção à Condução";"Saída de leito carroçável";"Com Vítimas Feridas";"Pleno dia";"Decrescente";"Céu Claro";"Simples";"Reta";"Não";4;0;3;1;0;0;4;1;-5,275555;-42,726074;"SPRF-PI";"DEL01-PI";"UOP02-DEL01-PI"
147771;2018-07-20;"sexta-feira";"08:50:00";"RS";392;352,4;"SANTA MARIA";"Desobediência às normas de trânsito pelo condutor";"Colisão transversal";"Com Vítimas Feridas";"Pleno dia";"Decrescente";"Garoa/Chuvisco";"Simples";"Reta";"Sim";2;0;1;0;1;0;1;2;-29,72146123;-53,8071835;"SPRF-RS";"DEL09-RS";"UOP01-DEL09-RS"
147772;2018-07-20;"sexta-feira";"07:20:00";"MT";163;117,1;"RONDONOPOLIS";"Falta de Atenção à Condução";"Colisão com objeto estático";"Com Vítimas Feridas";"Pleno dia";"Crescente";"Céu Claro";"Dupla";"Reta";"Sim";1;0;1;0;0;0;1;1;-16,521769;-54,658798;"SPRF-MT";"DEL02-MT";"UOP01-DEL02-MT"
147774;2018-07-20;"sexta-feira";"08:55:00";"SP";153;61,9;"SAO JOSE DO RIO PRETO";"Falta de Atenção à Condução";"Tombamento";"Com Vítimas Feridas";"Pleno dia";"Crescente";"Céu Claro";"Dupla";"Reta";"Sim";1;0;1;0;0;0;1;1;-20,805029;-49,355747;"SPRF-SP";"DEL09-SP";"UOP01-DEL09-SP"
147775;2018-07-20;"sexta-feira";"08:30:00";"RJ";393;238;"VASSOURAS";"Falta de Atenção à Condução";"Colisão lateral";"Com Vítimas Feridas";"Pleno dia";"Crescente";"Céu Claro";"Simples";"Interseção de Vias";"Não";4;0;1;0;3;0;1;2;-22,42975342;-43,69794846;"SPRF-RJ";"DEL05-RJ";"UOP03-DEL05-RJ"
147776;2018-06-30;"sábado";"17:30:00";"RS";392;1,2;"CAPAO DO LEAO";"Desobediência às normas de trânsito pelo condutor";"Colisão traseira";"Com Vítimas Feridas";"Plena Noite";"Decrescente";"Céu Claro";"Simples";"Reta";"Sim";2;0;1;0;0;1;1;2;-31,7602;-52,4381;"SPRF-RS";"DEL07-RS";"UOP01-DEL07-RS"
147778;2018-07-20;"sexta-feira";"07:25:00";"PR";376;177,5;"MARINGA";"Desobediência às normas de trânsito pelo condutor";"Colisão lateral";"Com Vítimas Feridas";"Pleno dia";"Decrescente";"Céu Claro";"Dupla";"Interseção de Vias;Reta";"Sim";3;0;1;0;2;0;1;3;-23,41489918;-51,92560816;"SPRF-PR";"DEL07-PR";"UOP01-DEL09-PR"
147780;2018-07-20;"sexta-feira";"08:20:00";"PR";376;600;"CURITIBA";"Falta de Atenção à Condução";"Colisão lateral";"Com Vítimas Feridas";"Pleno dia";"Decrescente";"Céu Claro";"Dupla";"Reta";"Não";2;0;1;0;1;0;1;2;-25,50142182;-49,34234326;"SPRF-PR";"DEL01-PR";"UOP06-DEL01-PR"
147781;2018-07-20;"sexta-feira";"09:00:00";"ES";101;150;"LINHARES";"Falta de Atenção à Condução";"Tombamento";"Com Vítimas Feridas";"Pleno dia";"Crescente";"Céu Claro";"Simples";"Reta";"Sim";2;0;2;0;0;0;2;1;-19,40205056;-40,06098568;"SPRF-ES";"DEL04-ES";"UOP01-DEL04-ES"
147782;2018-07-20;"sexta-feira";"09:40:00";"RS";285;391,1;"SANTA BARBARA DO SUL";"Falta de Atenção à Condução";"Colisão transversal";"Com Vítimas Feridas";"Pleno dia";"Crescente";"Céu Claro";"Simples";"Reta";"Não";2;0;1;0;1;0;1;2;-28,386761;-53,26305;"SPRF-RS";"DEL10-RS";"UOP01-DEL10-RS"
147783;2018-07-20;"sexta-feira";"09:00:00";"PA";230;115;"MARABA";"Não guardar distância de segurança";"Colisão traseira";"Com Vítimas Feridas";"Pleno dia";"Crescente";"Céu Claro";"Dupla";"Declive";"Sim";2;0;1;0;1;0;1;2;-5,362414;-49,074959;"SPRF-PA";"DEL03-PA";"UOP01-DEL03-PA"
147784;2018-07-20;"sexta-feira";"08:30:00";"SC";158;100;"MARAVILHA";"Condutor Dormindo";"Saída de leito carroçável";"Com Vítimas Feridas";"Pleno dia";"Decrescente";"Sol";"Simples";"Declive";"Não";5;0;2;0;3;0;2;1;-26,760532;-53,174904;"SPRF-SC";"DEL07-SC";"UOP02-DEL07-SC"
147785;2018-07-20;"sexta-feira";"07:30:00";"CE";116;284,8;"JAGUARIBARA";"Falta de Atenção à Condução";"Capotamento";"Com Vítimas Feridas";"Pleno dia";"Crescente";"Céu Claro";"Simples";"Reta";"Não";5;0;1;0;4;0;1;1;-5,73314708;-38,5116452;"SPRF-CE";"DEL05-CE";"UOP02-DEL05-CE"
147786;2018-07-20;"sexta-feira";"09:07:00";"ES";262;6,3;"CARIACICA";"Falta de Atenção à Condução";"Colisão transversal";"Com Vítimas Feridas";"Pleno dia";"Decrescente";"Céu Claro";"Dupla";"Interseção de Vias";"Sim";3;0;1;0;1;1;1;3;-20,34175994;-40,39724082;"SPRF-ES";"DEL01-ES";"UOP01-DEL01-ES"
147787;2018-07-12;"quinta-feira";"16:30:00";"MG";381;481;"CONTAGEM";"Não guardar distância de segurança";"Colisão traseira";"Com Vítimas Feridas";"Pleno dia";"Crescente";"Céu Claro";"Dupla";"Reta";"Sim";2;0;0;1;1;0;1;2;-19,959;-44,0704;"SPRF-MG";"DEL01-MG";"UOP03-DEL01-MG"
147789;2018-07-20;"sexta-feira";"10:00:00";"BA";116;12,8;"VITORIA DA CONQUISTA";"Defeito Mecânico no Veículo";"Colisão traseira";"Com Vítimas Feridas";"Pleno dia";"Decrescente";"Chuva";"Simples";"Reta";"Sim";2;0;1;0;1;0;1;2;-14,8842203;-40,8707004;"SPRF-PE";"DEL05-PE";"UOP03-DEL05-PE"
147790;2018-07-20;"sexta-feira";"10:20:00";"BA";101;731,3;"EUNAPOLIS";"Falta de Atenção à Condução";"Colisão transversal";"Com Vítimas Feridas";"Pleno dia";"Decrescente";"Céu Claro";"Simples";"Curva";"Não";2;0;2;0;0;0;2;2;-16,4634;-39,5763;"SPRF-BA";"DEL09-BA";"UOP01-DEL09-BA"
147792;2018-07-20;"sexta-feira";"07:00:00";"MT";163;835;"SINOP";"Não guardar distância de segurança";"Queda de ocupante de veículo";"Com Vítimas Feridas";"Pleno dia";"Crescente";"Sol";"Dupla";"Reta";"Sim";2;0;1;0;0;1;1;2;-11,86103013;-55,49492598;"SPRF-MT";"DEL06-MT";"UOP01-DEL06-MT"
147793;2018-07-20;"sexta-feira";"06:25:00";"RS";116;235;"NOVO HAMBURGO";"Desobediência às normas de trânsito pelo pedestre";"Atropelamento de Pedestre";"Com Vítimas Fatais";"Amanhecer";"Decrescente";"Céu Claro";"Dupla";"Reta";"Sim";2;1;0;0;1;0;0;2;-29,65855832;-51,14400744;"SPRF-RS";"DEL01-RS";"UOP02-DEL01-RS"
147794;2018-07-20;"sexta-feira";"10:00:00";"PR";116;96;"SAO JOSE DOS PINHAIS";"Agressão Externa";"Colisão com objeto estático";"Sem Vítimas";"Pleno dia";"Crescente";"Céu Claro";"Dupla";"Reta";"Não";2;0;0;0;2;0;0;1;-25,504848;-49,123226;"SPRF-PR";"DEL01-PR";"UOP01-DEL01-PR"
147795;2018-07-20;"sexta-feira";"09:55:00";"ES";101;270;"SERRA";"Falta de Atenção à Condução";"Colisão traseira";"Com Vítimas Feridas";"Pleno dia";"Crescente";"Sol";"Múltipla";"Reta";"Sim";4;0;1;0;3;0;1;3;-20,22600069;-40,27088201;"SPRF-ES";"DEL02-ES";"UOP01-DEL02-ES"
147796;2018-07-20;"sexta-feira";"10:15:00";"SP";116;71;"APARECIDA";"Ultrapassagem Indevida";"Colisão frontal";"Com Vítimas Feridas";"Pleno dia";"Crescente";"Céu Claro";"Simples";"Curva";"Não";5;0;5;0;0;0;5;2;-22,85824383;-45,23356755;"SPRF-SP";"DEL08-SP";"UOP01-DEL08-SP"
147797;2018-06-26;"terça-feira";"17:15:00";"RS";116;257;"ESTEIO";"Não guardar distância de segurança";"Colisão traseira";"Com Vítimas Feridas";"Anoitecer";"Crescente";"Nublado";"Simples";"Interseção de Vias;Rotatória";"Sim";2;0;1;0;0;1;1;2;-29,85061048;-51,1797576;"SPRF-RS";"DEL01-RS";"UOP02-DEL01-RS"
147798;2018-07-20;"sexta-feira";"10:40:00";"GO";40;10;"LUZIANIA";"Velocidade Incompatível";"Queda de ocupante de veículo";"Com Vítimas Feridas";"Pleno dia";"Decrescente";"Sol";"Dupla";"Reta";"Sim";1;0;1;0;0;0;1;1;-16,13133388;-47,9579401;"SPRF-DF";"DEL01-DF";"UOP01-DEL01-DF"
147799;2018-07-20;"sexta-feira";"11:00:00";"MG";40;805,8;"MATIAS BARBOSA";"Falta de Atenção à Condução";"Colisão transversal";"Com Vítimas Feridas";"Pleno dia";"Decrescente";"Céu Claro";"Dupla";"Aclive";"Não";3;0;2;0;1;0;2;2;-21,866641;-43,361384;"SPRF-MG";"DEL05-MG";"UOP01-DEL05-MG"
147800;2018-07-20;"sexta-feira";"11:00:00";"SC";280;21,8;"ARAQUARI";"Falta de Atenção à Condução";"Colisão com objeto estático";"Com Vítimas Feridas";"Pleno dia";"Crescente";"Céu Claro";"Simples";"Reta";"Não";1;0;0;1;0;0;1;1;-26,37102235;-48,70275107;"SPRF-SC";"DEL03-SC";"UOP03-DEL03-SC"
147803;2018-07-20;"sexta-feira";"11:35:00";"SC";101;215;"PALHOCA";"Falta de Atenção à Condução";"Colisão traseira";"Com Vítimas Feridas";"Pleno dia";"Decrescente";"Céu Claro";"Múltipla";"Reta";"Não";2;0;1;0;1;0;1;2;-27,6601;-48,6774;"SPRF-SC";"DEL01-SC";"UOP02-DEL01-SC"
147805;2018-07-20;"sexta-feira";"11:30:00";"PR";376;178,4;"MARINGA";"Desobediência às normas de trânsito pelo condutor";"Colisão traseira";"Sem Vítimas";"Pleno dia";"Crescente";"Céu Claro";"Múltipla";"Reta";"Sim";2;0;0;0;2;0;0;2;-23,412691;-51,931583;"SPRF-PR";"DEL07-PR";"UOP01-DEL09-PR"
147807;2018-07-20;"sexta-feira";"11:20:00";"RN";226;84;"TANGARA";"Falta de Atenção à Condução";"Colisão traseira";"Sem Vítimas";"Pleno dia";"Decrescente";"Céu Claro";"Simples";"Reta";"Sim";2;0;0;0;2;0;0;2;-6,203209;-35,805336;"SPRF-RN";"DEL03-RN";"UOP02-DEL03-RN"
147808;2018-07-20;"sexta-feira";"12:10:00";"ES";101;165,4;"LINHARES";"Falta de Atenção à Condução";"Queda de ocupante de veículo";"Com Vítimas Feridas";"Pleno dia";"Decrescente";"Céu Claro";"Simples";"Reta";"Não";1;0;1;0;0;0;1;1;-19,51750582;-40,14255166;"SPRF-ES";"DEL04-ES";"UOP01-DEL04-ES"
147809;2018-07-20;"sexta-feira";"12:00:00";"PE";101;144,7;"RIBEIRAO";"Pista Escorregadia";"Saída de leito carroçável";"Sem Vítimas";"Pleno dia";"Crescente";"Chuva";"Dupla";"Curva";"Não";1;0;0;0;1;0;0;1;-8,4608377;-35,3657874;"SPRF-PE";"DEL01-PE";"UOP03-DEL01-PE"
147810;2018-07-20;"sexta-feira";"10:40:00";"RN";405;102,3;"ITAU";"Falta de Atenção à Condução";"Colisão transversal";"Com Vítimas Fatais";"Pleno dia";"Crescente";"Sol";"Simples";"Declive";"Não";2;1;0;0;0;1;0;2;-5,803905;-37,937;"SPRF-RN";"DEL04-RN";"UOP02-DEL04-RN"
147811;2018-06-05;"terça-feira";"17:27:00";"MS";262;360;"CAMPO GRANDE";"Desobediência às normas de trânsito pelo condutor";"Tombamento";"Sem Vítimas";"Anoitecer";"Crescente";"Ignorado";"Simples";"Reta";"Não";1;0;0;0;1;0;0;1;-20,51184667;-54,72242832;"SPRF-MS";"DEL01-MS";"UOP03-DEL01-MS"
147812;2018-07-20;"sexta-feira";"11:30:00";"PA";316;7;"ANANINDEUA";"Ingestão de Álcool";"Colisão traseira";"Sem Vítimas";"Pleno dia";"Crescente";"Céu Claro";"Simples";"Reta";"Sim";3;0;0;0;3;0;0;2;-1,36663828;-48,37005615;"SPRF-PA";"DEL01-PA";"DEL19/1-UOP05/PA"
147813;2018-07-20;"sexta-feira";"11:40:00";"RS";470;216;"BENTO GONCALVES";"Desobediência às normas de trânsito pelo condutor";"Colisão transversal";"Com Vítimas Feridas";"Pleno dia";"Decrescente";"Sol";"Dupla";"Curva";"Não";2;0;2;0;0;0;2;2;-29,1711825;-51,5250045;"SPRF-RS";"DEL06-RS";"UOP01-DEL06-RS"
147815;2018-07-20;"sexta-feira";"11:40:00";"MG";50;100;"UBERLANDIA";"Falta de Atenção à Condução";"Saída de leito carroçável";"Com Vítimas Feridas";"Pleno dia";"Crescente";"Céu Claro";"Dupla";"Reta";"Não";2;0;1;0;1;0;1;1;-19,1314848;-48,17233443;"SPRF-MG";"DEL15-MG";"UOP01-DEL15-MG"
147816;2018-07-20;"sexta-feira";"12:30:00";"MG";365;594,5;"ARAGUARI";"Falta de Atenção à Condução";"Saída de leito carroçável";"Sem Vítimas";"Pleno dia";"Crescente";"Céu Claro";"Simples";"Reta";"Não";1;0;0;0;0;1;0;1;-18,881;-48,059;"SPRF-MG";"DEL15-MG";"UOP02-DEL15-MG"
147821;2018-07-20;"sexta-feira";"12:55:00";"SC";280;46,1;"GUARAMIRIM";"Falta de Atenção à Condução";"Colisão transversal";"Com Vítimas Feridas";"Pleno dia";"Crescente";"Céu Claro";"Simples";"Reta";"Não";4;0;2;2;0;0;4;2;-26,45313073;-48,91025213;"SPRF-SC";"DEL03-SC";"UOP03-DEL03-SC"
147824;2018-07-20;"sexta-feira";"13:30:00";"MG";356;264,5;"MURIAE";"Desobediência às normas de trânsito pelo condutor";"Colisão transversal";"Com Vítimas Feridas";"Pleno dia";"Decrescente";"Céu Claro";"Simples";"Reta";"Sim";2;0;1;0;1;0;1;2;-21,124682;-42,38040715;"SPRF-MG";"DEL07-MG";"UOP02-DEL07-MG"
147826;2018-07-20;"sexta-feira";"13:40:00";"SP";153;47,7;"SAO JOSE DO RIO PRETO";"Falta de Atenção à Condução";"Colisão transversal";"Com Vítimas Feridas";"Pleno dia";"Decrescente";"Céu Claro";"Simples";"Reta";"Não";4;0;1;0;3;0;1;2;-20,681963;-49,340157;"SPRF-SP";"DEL09-SP";"UOP01-DEL09-SP"
147827;2018-07-20;"sexta-feira";"12:00:00";"SC";282;523,1;"XAXIM";"Desobediência às normas de trânsito pelo condutor";"Queda de ocupante de veículo";"Com Vítimas Feridas";"Pleno dia";"Crescente";"Sol";"Simples";"Curva";"Não";1;0;1;0;0;0;1;1;-26,9630818;-52,54890025;"SPRF-SC";"DEL07-SC";"UOP01-DEL07-SC"
147830;2018-07-20;"sexta-feira";"13:50:00";"SP";488;2,4;"APARECIDA";"Falta de Atenção à Condução";"Queda de ocupante de veículo";"Com Vítimas Feridas";"Pleno dia";"Crescente";"Sol";"Dupla";"Curva";"Sim";2;0;0;1;1;0;1;2;-22,85156144;-45,23892124;"SPRF-SP";"DEL08-SP";"UOP01-DEL08-SP"
147831;2018-07-20;"sexta-feira";"14:30:00";"MG";262;405;"PARA DE MINAS";"Carga excessiva e/ou mal acondicionada";"Colisão com objeto em movimento";"Com Vítimas Feridas";"Pleno dia";"Decrescente";"Céu Claro";"Dupla";"Reta";"Não";2;0;1;0;1;0;1;2;-19,8935;-44,6529;"SPRF-MG";"DEL08-MG";"UOP03-DEL08-MG"
147833;2018-06-25;"segunda-feira";"21:00:00";"PE";423;174;"AGUAS BELAS";"Animais na Pista";"Atropelamento de Animal";"Com Vítimas Feridas";"Plena Noite";"Crescente";"Céu Claro";"Simples";"Reta";"Não";1;0;1;0;0;0;1;1;-9,12955465;-37,10803986;"SPRF-PE";"DEL03-PE";"UOP01-DEL03-PE"
147834;2018-07-20;"sexta-feira";"14:50:00";"PR";376;116;"ALTO PARANA";"Defeito Mecânico no Veículo";"Queda de ocupante de veículo";"Com Vítimas Feridas";"Pleno dia";"Decrescente";"Céu Claro";"Dupla";"Reta";"Não";2;0;2;0;0;0;2;1;-23,093431;-52,384197;"SPRF-PR";"DEL07-PR";"UOP02-DEL09-PR"
147835;2018-06-20;"quarta-feira";"02:45:00";"RS";285;151;"MUITOS CAPOES";"Velocidade Incompatível";"Colisão com objeto estático";"Com Vítimas Feridas";"Plena Noite";"Decrescente";"Nevoeiro/Neblina";"Simples";"Curva";"Não";1;0;0;1;0;0;1;1;-28,34384;-51,148235;"SPRF-RS";"DEL05-RS";"UOP03-DEL05-RS"
147836;2018-07-20;"sexta-feira";"15:00:00";"ES";101;270,5;"SERRA";"Agressão Externa";"Colisão com objeto em movimento";"Com Vítimas Feridas";"Pleno dia";"Crescente";"Céu Claro";"Dupla";"Reta";"Sim";1;0;0;1;0;0;1;1;-20,23136948;-40,27381373;"SPRF-ES";"DEL02-ES";"UOP01-DEL02-ES"
147839;2018-07-20;"sexta-feira";"14:30:00";"MG";50;206;"UBERABA";"Defeito Mecânico no Veículo";"Incêndio";"Sem Vítimas";"Pleno dia";"Decrescente";"Céu Claro";"Dupla";"Reta;Aclive";"Não";1;0;0;0;1;0;0;1;-19,9623813;-47,7975216;"SPRF-MG";"DEL13-MG";"UOP01-DEL13-MG"
147840;2018-07-20;"sexta-feira";"14:20:00";"MG";40;57,5;"PARACATU";"Falta de Atenção à Condução";"Saída de leito carroçável";"Sem Vítimas";"Pleno dia";"Decrescente";"Céu Claro";"Simples";"Reta";"Não";1;0;0;0;1;0;0;1;-17,293518;-46,773457;"SPRF-MG";"DEL14-MG";"UOP01-DEL14-MG"
147841;2018-06-10;"domingo";"17:31:00";"ES";259;41,3;"COLATINA";"Defeito na Via";"Queda de ocupante de veículo";"Com Vítimas Feridas";"Plena Noite";"Decrescente";"Céu Claro";"Simples";"Reta";"Não";2;0;2;0;0;0;2;1;-19,55473015;-40,5549413;"SPRF-ES";"DEL02-ES";"UOP01-DEL02-ES"
147842;2018-07-20;"sexta-feira";"15:25:00";"MG";40;529;"CONTAGEM";"Agressão Externa";"Saída de leito carroçável";"Com Vítimas Feridas";"Pleno dia";"Decrescente";"Céu Claro";"Dupla";"Reta";"Sim";1;0;0;1;0;0;1;1;-19,919;-44,0308;"SPRF-MG";"DEL01-MG";"UOP03-DEL01-MG"
147843;2018-07-20;"sexta-feira";"15:50:00";"ES";101;141,9;"LINHARES";"Desobediência às normas de trânsito pelo condutor";"Colisão transversal";"Com Vítimas Feridas";"Pleno dia";"Crescente";"Céu Claro";"Simples";"Reta";"Sim";2;0;1;1;0;0;2;2;-19,33655376;-40,06645739;"SPRF-ES";"DEL04-ES";"UOP01-DEL04-ES"
147844;2018-07-20;"sexta-feira";"13:30:00";"AL";0;0;"BRANQUINHA";"Velocidade Incompatível";"Queda de ocupante de veículo";"Com Vítimas Feridas";"Pleno dia";"Não Informado";"Céu Claro";"Simples";"Interseção de Vias";"Sim";3;0;1;0;2;0;1;2;-9,24688975;-36,0155657;"SPRF-AL";"DEL01-AL";"UOP02-DEL01-AL"
147845;2018-07-20;"sexta-feira";"14:40:00";"PI";343;608,9;"FLORIANO";"Defeito na Via";"Saída de leito carroçável";"Sem Vítimas";"Pleno dia";"Crescente";"Céu Claro";"Simples";"Curva";"Não";1;0;0;0;1;0;0;1;-6,879586;-43,122997;"SPRF-PI";"DEL03-PI";"UOP01-DEL03-PI"
147852;2018-07-20;"sexta-feira";"07:30:00";"MT";70;263;"PRIMAVERA DO LESTE";"Defeito Mecânico no Veículo";"Capotamento";"Com Vítimas Feridas";"Pleno dia";"Decrescente";"Céu Claro";"Simples";"Reta";"Não";3;0;1;1;1;0;2;1;-15,55595905;-54,1924453;"SPRF-MT";"DEL05-MT";"UOP01-DEL05-MT"