"id";"data_inversa";"dia_semana";"horario";"uf";"br";"km";"municipio";"causa_acidente";"tipo_acidente";"classificacao_acidente";"fase_dia";"sentido_via";"condicao_metereologica";"tipo_pista";"tracado_via";"uso_solo";"pessoas";"mortos";"feridos_leves";"feridos_graves";"ilesos";"ignorados";"feridos";"veiculos";"latitude";"longitude";"regional";"delegacia";"uop"
147853;2018-07-20;"sexta-feira";"16:50:00";"SC";101;210;"SAO JOSE";"Falta de Atenção à Condução";"Colisão traseira";"Com Vítimas Feridas";"Pleno dia";"Decrescente";"Céu Claro";"Múltipla";"Interseção de Vias";"Sim";3;0;1;0;2;0;1;3;-27,616;-48,644;"SPRF-SC";"DEL01-SC";"UOP01-DEL01-SC"
147854;2018-07-20;"sexta-feira";"16:40:00";"PE";232;407,5;"SERRA TALHADA";"Falta de Atenção à Condução";"Colisão lateral";"Com Vítimas Feridas";"Anoitecer";"Crescente";"Céu Claro";"Simples";"Reta";"Sim";2;0;1;0;1;0;1;2;-7,98487863;-38,27454865;"SPRF-PE";"DEL04-PE";"UOP01-DEL04-PE"
147855;2018-01-05;"sexta-feira";"18:30:00";"MG";50;71;"UBERLANDIA";"Falta de Atenção à Condução";"Engavetamento";"Sem Vítimas";"Pleno dia";"Crescente";"Chuva";"Dupla";"Viaduto";"Sim";3;0;0;0;3;0;0;3;-18,88920777;-48,25815243;"SPRF-MG";"DEL15-MG";"UOP01-DEL15-MG"
147857;2018-07-20;"sexta-feira";"13:45:00";"RJ";116;81;"TERESOPOLIS";"Falta de Atenção à Condução";"Saída de leito carroçável";"Com Vítimas Feridas";"Pleno dia";"Decrescente";"Sol";"Simples";"Curva";"Sim";3;0;1;0;2;0;1;1;-22,3505829;-42,9368226;"SPRF-RJ";"DEL04-RJ";"UOP01-DEL04-RJ"
147858;2018-07-20;"sexta-feira";"12:30:00";"CE";304;92,8;"ARACATI";"Condutor Dormindo";"Colisão lateral";"Com Vítimas Feridas";"Pleno dia";"Crescente";"Céu Claro";"Simples";"Reta";"Não";4;0;2;0;2;0;2;2;-4,813123;-37,490311;"SPRF-CE";"DEL03-CE";"UOP03-DEL03-CE"
147859;2018-07-20;"sexta-feira";"16:40:00";"RN";427;98;"CAICO";"Falta de Atenção à Condução";"Colisão traseira";"Com Vítimas Feridas";"Pleno dia";"Crescente";"Céu Claro";"Simples";"Interseção de Vias";"Sim";2;0;1;0;1;0;1;2;-6,464375;-37,092213;"SPRF-RN";"DEL03-RN";"UOP01-DEL03-RN"
147860;2018-07-20;"sexta-feira";"17:25:00";"SC";101;92,8;"BARRA VELHA";"Falta de Atenção à Condução";"Colisão transversal";"Com Vítimas Feridas";"Pleno dia";"Crescente";"Nublado";"Dupla";"Interseção de Vias";"Não";2;0;1;0;1;0;1;2;-26,7046;-48,7005;"SPRF-SC";"DEL03-SC";"UOP02-DEL03-SC"
147861;2018-07-20;"sexta-feira";"17:00:00";"PE";424;69;"CAETES";"Desobediência às normas de trânsito pelo condutor";"Saída de leito carroçável";"Com Vítimas Fatais";"Anoitecer";"Decrescente";"Céu Claro";"Simples";"Reta";"Não";2;1;0;0;1;0;0;2;-8,78213;-36,61621;"SPRF-PE";"DEL03-PE";"UOP01-DEL03-PE"
147862;2018-07-20;"sexta-feira";"15:30:00";"BA";324;555;"AMELIA RODRIGUES";"Não guardar distância de segurança";"Engavetamento";"Com Vítimas Feridas";"Pleno dia";"Decrescente";"Nublado";"Dupla";"Declive;Reta";"Não";4;0;2;0;1;1;2;3;-12,4587032;-38,69968414;"SPRF-BA";"DEL01-BA";"UOP01-DEL01-BA"
147864;2018-07-20;"sexta-feira";"17:45:00";"TO";242;375,2;"GURUPI";"Defeito na Via";"Colisão traseira";"Com Vítimas Feridas";"Pleno dia";"Crescente";"Sol";"Simples";"Reta";"Não";6;0;0;1;5;0;1;2;-11,80148997;-48,97293091;"SPRF-TO";"DEL02-TO";"UOP02-DEL01-TO"
147865;2018-07-20;"sexta-feira";"17:50:00";"SC";101;208,2;"SAO JOSE";"Desobediência às normas de trânsito pelo condutor";"Tombamento";"Com Vítimas Feridas";"Anoitecer";"Decrescente";"Céu Claro";"Dupla";"Reta";"Sim";2;0;2;0;0;0;2;1;-27,60469631;-48,63328815;"SPRF-SC";"DEL01-SC";"UOP01-DEL01-SC"
147866;2018-07-20;"sexta-feira";"17:55:00";"SP";116;33,8;"CACHOEIRA PAULISTA";"Mal Súbito";"Queda de ocupante de veículo";"Com Vítimas Feridas";"Plena Noite";"Crescente";"Céu Claro";"Simples";"Rotatória";"Não";2;0;0;1;0;1;1;2;-22,647774;-44,954247;"SPRF-SP";"DEL08-SP";"UOP02-DEL08-SP"
147868;2018-07-20;"sexta-feira";"18:03:00";"SC";470;64,2;"BLUMENAU";"Desobediência às normas de trânsito pelo condutor";"Colisão transversal";"Com Vítimas Feridas";"Plena Noite";"Crescente";"Céu Claro";"Simples";"Reta";"Sim";2;0;2;0;0;0;2;2;-26,8744495;-49,18578565;"SPRF-SC";"DEL04-SC";"UOP01-DEL04-SC"
147871;2018-07-20;"sexta-feira";"17:50:00";"GO";50;166,6;"CAMPO ALEGRE DE GOIAS";"Falta de Atenção à Condução";"Tombamento";"Com Vítimas Feridas";"Pleno dia";"Decrescente";"Céu Claro";"Dupla";"Reta";"Não";1;0;1;0;0;0;1;1;-17,3036;-47,7611;"SPRF-GO";"DEL06-GO";"UOP01-DEL06-GO"
147873;2018-07-20;"sexta-feira";"17:50:00";"PE";232;414;"SERRA TALHADA";"Falta de Atenção à Condução";"Colisão transversal";"Com Vítimas Feridas";"Anoitecer";"Decrescente";"Céu Claro";"Dupla";"Interseção de Vias";"Sim";4;0;3;1;0;0;4;2;-7,988571;-38,329723;"SPRF-PE";"DEL04-PE";"UOP01-DEL04-PE"
147874;2018-07-20;"sexta-feira";"17:45:00";"ES";101;176;"ARACRUZ";"Desobediência às normas de trânsito pelo condutor";"Colisão transversal";"Com Vítimas Feridas";"Anoitecer";"Decrescente";"Céu Claro";"Simples";"Reta";"Sim";3;0;3;0;0;0;3;2;-19,58744791;-40,19107819;"SPRF-ES";"DEL04-ES";"UOP01-DEL04-ES"
147875;2018-07-20;"sexta-feira";"18:10:00";"ES";101;247;"SERRA";"Desobediência às normas de trânsito pelo condutor";"Colisão lateral";"Com Vítimas Feridas";"Plena Noite";"Decrescente";"Céu Claro";"Simples";"Interseção de Vias";"Sim";3;0;1;0;2;0;1;2;-20,06821614;-40,36668777;"SPRF-ES";"DEL02-ES";"UOP01-DEL02-ES"
147876;2018-07-20;"sexta-feira";"16:40:00";"ES";259;53,1;"COLATINA";"Desobediência às normas de trânsito pelo condutor";"Colisão transversal";"Com Vítimas Feridas";"Pleno dia";"Crescente";"Céu Claro";"Simples";"Curva";"Não";2;0;1;0;1;0;1;2;-19,49831144;-40,63077807;"SPRF-ES";"DEL02-ES";"UOP01-DEL02-ES"
147879;2018-07-20;"sexta-feira";"18:30:00";"RJ";101;302;"SAO GONCALO";"Falta de Atenção à Condução";"Colisão traseira";"Com Vítimas Feridas";"Plena Noite";"Decrescente";"Céu Claro";"Dupla";"Reta";"Não";2;0;1;0;1;0;1;2;-22,78116711;-42,96946049;"SPRF-RJ";"DEL02-RJ";"DEL5/2-UOP04/RJ"
147880;2018-07-20;"sexta-feira";"18:44:00";"DF";40;4;"BRASILIA";"Falta de Atenção à Condução";"Colisão lateral";"Com Vítimas Feridas";"Pleno dia";"Crescente";"Céu Claro";"Dupla";"Reta";"Sim";2;0;1;0;1;0;1;2;-16,012033;-47,982124;"SPRF-DF";"DEL01-DF";"UOP01-DEL01-DF"
147881;2018-07-20;"sexta-feira";"18:40:00";"PA";316;70;"CASTANHAL";"Desobediência às normas de trânsito pelo condutor";"Colisão com objeto estático";"Com Vítimas Feridas";"Anoitecer";"Decrescente";"Céu Claro";"Simples";"Reta";"Não";2;0;0;1;1;0;1;2;-1,294405;-47,883823;"SPRF-PA";"DEL01-PA";"UOP01-DEL01-PA"
147882;2018-07-20;"sexta-feira";"18:55:00";"PR";376;292,3;"MAUA DA SERRA";"Falta de Atenção do Pedestre";"Atropelamento de Pedestre";"Com Vítimas Fatais";"Plena Noite";"Decrescente";"Céu Claro";"Simples";"Declive;Reta";"Sim";2;1;0;0;0;1;0;2;-23,90372982;-51,21851921;"SPRF-PR";"DEL07-PR";"UOP02-DEL07-PR"
147884;2018-07-20;"sexta-feira";"18:55:00";"PR";376;410;"TIBAGI";"Desobediência às normas de trânsito pelo condutor";"Colisão lateral";"Com Vítimas Feridas";"Plena Noite";"Crescente";"Céu Claro";"Simples";"Reta";"Sim";2;0;0;1;1;0;1;2;-24,62086123;-50,64732134;"SPRF-PR";"DEL03-PR";"UOP02-DEL03-PR"
147885;2018-07-20;"sexta-feira";"15:15:00";"MT";364;9,5;"ALTO ARAGUAIA";"Falta de Atenção à Condução";"Capotamento";"Com Vítimas Feridas";"Pleno dia";"Crescente";"Céu Claro";"Simples";"Reta";"Não";4;0;1;0;3;0;1;1;-17,27314965;-53,28381479;"SPRF-MT";"DEL02-MT";"UOP02-DEL02-MT"
147886;2018-07-20;"sexta-feira";"18:30:00";"PI";316;171,7;"ELESBAO VELOSO";"Animais na Pista";"Atropelamento de Animal";"Com Vítimas Feridas";"Plena Noite";"Crescente";"Céu Claro";"Simples";"Reta";"Não";6;0;1;0;4;1;1;2;-6,22964041;-42,05875397;"SPRF-PI";"DEL04-PI";"UOP02-DEL04-PI"
147887;2018-07-20;"sexta-feira";"17:40:00";"MG";116;293,2;"TEOFILO OTONI";"Falta de Atenção do Pedestre";"Atropelamento de Pedestre";"Com Vítimas Feridas";"Anoitecer";"Decrescente";"Céu Claro";"Simples";"Reta";"Sim";5;0;0;1;4;0;1;2;-17,985713;-41,558856;"SPRF-MG";"DEL11-MG";"UOP01-DEL11-MG"
147888;2018-07-20;"sexta-feira";"18:00:00";"PB";427;37,8;"POMBAL";"Ultrapassagem Indevida";"Colisão lateral";"Com Vítimas Feridas";"Plena Noite";"Decrescente";"Céu Claro";"Simples";"Reta";"Sim";2;0;1;0;0;1;1;2;-6,76981688;-37,79583335;"SPRF-PB";"DEL03-PB";"UOP02-DEL03-PB"
147889;2018-07-20;"sexta-feira";"17:10:00";"RJ";101;300;"ITABORAI";"Desobediência às normas de trânsito pelo pedestre";"Atropelamento de Pedestre";"Com Vítimas Feridas";"Anoitecer";"Decrescente";"Céu Claro";"Dupla";"Reta";"Não";2;0;1;0;1;0;1;2;-22,776459;-42,947842;"SPRF-RJ";"DEL02-RJ";"DEL5/2-UOP04/RJ"
147891;2018-07-20;"sexta-feira";"18:50:00";"PR";116;116,2;"CURITIBA";"Falta de Atenção à Condução";"Colisão lateral";"Com Vítimas Feridas";"Plena Noite";"Crescente";"Céu Claro";"Dupla";"Reta";"Sim";2;0;1;0;1;0;1;2;-25,5543966;-49,30569927;"SPRF-PR";"DEL01-PR";"UOP07-DEL01-PR"
147893;2018-07-20;"sexta-feira";"19:30:00";"RJ";101;67;"CAMPOS DOS GOYTACAZES";"Desobediência às normas de trânsito pelo condutor";"Colisão transversal";"Com Vítimas Feridas";"Plena Noite";"Decrescente";"Céu Claro";"Simples";"Rotatória";"Sim";3;0;2;0;1;0;2;2;-21,767511;-41,348763;"SPRF-RJ";"DEL08-RJ";"UOP02-DEL08-RJ"
147895;2018-07-20;"sexta-feira";"19:30:00";"SP";116;219;"GUARULHOS";"Não guardar distância de segurança";"Colisão traseira";"Com Vítimas Feridas";"Plena Noite";"Decrescente";"Nublado";"Múltipla";"Reta";"Sim";6;0;1;0;4;1;1;2;-23,461289;-46,488422;"SPRF-SP";"DEL01-SP";"UOP01-DEL01-SP"
147896;2018-07-20;"sexta-feira";"19:20:00";"AL";316;271;"SATUBA";"Velocidade Incompatível";"Queda de ocupante de veículo";"Com Vítimas Feridas";"Plena Noite";"Decrescente";"Céu Claro";"Simples";"Curva";"Não";2;0;2;0;0;0;2;1;-9,567017;-35,807751;"SPRF-AL";"DEL02-AL";"UOP01-DEL02-AL"
147897;2018-07-20;"sexta-feira";"19:25:00";"SC";101;204;"SAO JOSE";"Não guardar distância de segurança";"Colisão traseira";"Com Vítimas Feridas";"Plena Noite";"Decrescente";"Céu Claro";"Dupla";"Reta";"Sim";2;0;1;0;1;0;1;2;-27,5832;-48,6151;"SPRF-SC";"DEL01-SC";"UOP01-DEL01-SC"
147898;2018-07-20;"sexta-feira";"19:45:00";"GO";153;440;"ANAPOLIS";"Falta de Atenção à Condução";"Colisão traseira";"Com Vítimas Feridas";"Plena Noite";"Decrescente";"Céu Claro";"Dupla";"Reta";"Sim";4;0;1;0;3;0;1;1;-16,306765;-48,923847;"SPRF-GO";"DEL02-GO";"UOP01-DEL02-GO"
147899;2018-07-20;"sexta-feira";"19:30:00";"SP";116;271;"TABOAO DA SERRA";"Não guardar distância de segurança";"Colisão traseira";"Com Vítimas Feridas";"Plena Noite";"Crescente";"Nublado";"Dupla";"Reta";"Sim";3;0;1;1;1;0;2;2;-23,60956075;-46,77113771;"SPRF-SP";"DEL04-SP";"UOP01-DEL04-SP"
147900;2018-07-20;"sexta-feira";"18:10:00";"MG";40;618;"CONGONHAS";"Falta de Atenção à Condução";"Colisão transversal";"Com Vítimas Feridas";"Plena Noite";"Crescente";"Céu Claro";"Simples";"Reta";"Sim";2;0;1;0;1;0;1;2;-20,55988042;-43,81295018;"SPRF-MG";"DEL05-MG";"UOP02-DEL05-MG"
147901;2018-07-20;"sexta-feira";"18:20:00";"MS";262;138,8;"AGUA CLARA";"Ingestão de Álcool";"Atropelamento de Pedestre";"Com Vítimas Fatais";"Plena Noite";"Decrescente";"Céu Claro";"Simples";"Reta";"Não";5;1;0;0;4;0;0;2;-20,4463;-52,862;"SPRF-MS";"DEL07-MS";"UOP02-DEL07-MS"
147902;2018-07-20;"sexta-feira";"05:00:00";"PR";373;425,4;"CANDOI";"Condutor Dormindo";"Saída de leito carroçável";"Com Vítimas Feridas";"Amanhecer";"Crescente";"Ignorado";"Simples";"Reta";"Sim";1;0;0;1;0;0;1;1;-25,72180715;-52,20753282;"SPRF-PR";"DEL03-PR";"UOP01-DEL08-PR"
147904;2018-07-20;"sexta-feira";"20:10:00";"SC";101;129,3;"BALNEARIO CAMBORIU";"Falta de Atenção do Pedestre";"Atropelamento de Pedestre";"Com Vítimas Feridas";"Plena Noite";"Decrescente";"Nublado";"Dupla";"Reta";"Sim";2;0;1;0;1;0;1;2;-26,98186708;-48,67502046;"SPRF-SC";"DEL04-SC";"UOP03-DEL04-SC"
147906;2018-07-20;"sexta-feira";"17:30:00";"MG";40;533;"BELO HORIZONTE";"Falta de Atenção à Condução";"Colisão lateral";"Com Vítimas Feridas";"Pleno dia";"Crescente";"Céu Claro";"Dupla";"Reta";"Sim";2;0;1;0;1;0;1;2;-19,925726;-44,004353;"SPRF-MG";"DEL01-MG";"UOP03-DEL01-MG"
147907;2018-07-20;"sexta-feira";"19:45:00";"SC";470;244,5;"CURITIBANOS";"Falta de Atenção à Condução";"Saída de leito carroçável";"Com Vítimas Feridas";"Plena Noite";"Crescente";"Céu Claro";"Simples";"Reta";"Não";1;0;1;0;0;0;1;1;-27,314579;-50,515827;"SPRF-SC";"DEL05-SC";"UOP03-DEL05-SC"
147908;2018-07-20;"sexta-feira";"20:00:00";"GO";414;393,8;"CORUMBA DE GOIAS";"Falta de Atenção à Condução";"Colisão lateral";"Com Vítimas Feridas";"Plena Noite";"Crescente";"Céu Claro";"Dupla";"Reta";"Sim";2;0;1;0;1;0;1;2;-15,92959698;-48,80520433;"SPRF-GO";"DEL02-GO";"UOP01-DEL02-GO"
147910;2018-07-20;"sexta-feira";"20:00:00";"SP";116;223,3;"GUARULHOS";"Falta de Atenção à Condução";"Colisão lateral";"Com Vítimas Feridas";"Plena Noite";"Crescente";"Céu Claro";"Múltipla";"Reta";"Sim";2;0;1;0;1;0;1;2;-23,47935056;-46,53132738;"SPRF-SP";"DEL01-SP";"UOP01-DEL01-SP"
147911;2018-07-20;"sexta-feira";"09:50:00";"RO";364;280;"PRESIDENTE MEDICI";"Defeito na Via";"Saída de leito carroçável";"Com Vítimas Feridas";"Pleno dia";"Crescente";"Céu Claro";"Simples";"Reta";"Não";3;0;3;0;0;0;3;1;-11,31628184;-61,88274086;"SPRF-RO";"DEL02-RO";"UOP01-DEL02-RO"
147912;2018-07-20;"sexta-feira";"18:20:00";"RJ";495;3;"PETROPOLIS";"Falta de Atenção à Condução";"Colisão lateral";"Com Vítimas Feridas";"Plena Noite";"Crescente";"Céu Claro";"Dupla";"Curva";"Não";2;0;1;0;1;0;1;2;-22,396009;-42,991104;"SPRF-RJ";"DEL06-RJ";"UOP02-DEL05-RJ"
147913;2018-07-20;"sexta-feira";"15:30:00";"RO";364;395;"OURO PRETO DO OESTE";"Ultrapassagem Indevida";"Capotamento";"Com Vítimas Feridas";"Pleno dia";"Crescente";"Céu Claro";"Simples";"Reta";"Sim";7;0;4;1;2;0;5;1;-10,638373;-62,31432;"SPRF-RO";"DEL03-RO";"UOP02-DEL03-RO"
147914;2018-07-20;"sexta-feira";"20:30:00";"SC";282;228,4;"LAGES";"Animais na Pista";"Atropelamento de Animal";"Com Vítimas Feridas";"Plena Noite";"Crescente";"Céu Claro";"Simples";"Reta";"Não";3;0;1;0;2;0;1;2;-27,79077597;-50,41269779;"SPRF-SC";"DEL05-SC";"UOP02-DEL05-SC"
147916;2018-07-20;"sexta-feira";"20:15:00";"ES";101;143;"LINHARES";"Mal Súbito";"Tombamento";"Com Vítimas Feridas";"Plena Noite";"Crescente";"Céu Claro";"Dupla";"Reta";"Sim";1;0;1;0;0;0;1;1;-19,34067403;-40,06475151;"SPRF-ES";"DEL04-ES";"UOP01-DEL04-ES"
147917;2018-07-20;"sexta-feira";"19:50:00";"SC";280;127,9;"RIO NEGRINHO";"Ingestão de álcool e/ou substâncias psicoativas pelo pedestre";"Colisão traseira";"Com Vítimas Feridas";"Plena Noite";"Crescente";"Nublado";"Simples";"Reta";"Sim";5;0;2;0;3;0;2;2;-26,239437;-49,504192;"SPRF-SC";"DEL06-SC";"UOP03-DEL06-SC"
147918;2018-07-20;"sexta-feira";"21:20:00";"ES";101;149;"LINHARES";"Desobediência às normas de trânsito pelo condutor";"Colisão transversal";"Com Vítimas Feridas";"Plena Noite";"Crescente";"Céu Claro";"Múltipla";"Interseção de Vias";"Sim";3;0;1;0;2;0;1;2;-19,39763011;-40,06404877;"SPRF-ES";"DEL04-ES";"UOP01-DEL04-ES"
147919;2018-07-20;"sexta-feira";"17:50:00";"SC";280;31;"ARAQUARI";"Não guardar distância de segurança";"Colisão traseira";"Sem Vítimas";"Anoitecer";"Decrescente";"Céu Claro";"Simples";"Reta";"Sim";2;0;0;0;2;0;0;2;-26,41667202;-48,772214;"SPRF-SC";"DEL03-SC";"UOP03-DEL03-SC"
147920;2018-07-20;"sexta-feira";"11:30:00";"BA";101;250,1;"CONCEICAO DO ALMEIDA";"Desobediência às normas de trânsito pelo condutor";"Colisão frontal";"Com Vítimas Feridas";"Pleno dia";"Decrescente";"Nublado";"Simples";"Curva";"Não";3;0;0;3;0;0;3;2;-12,8885;-39,2256;"SPRF-BA";"DEL01-BA";"UOP02-DEL01-BA"
147921;2018-07-20;"sexta-feira";"18:55:00";"RO";364;231;"CACOAL";"Não guardar distância de segurança";"Colisão traseira";"Com Vítimas Feridas";"Anoitecer";"Crescente";"Céu Claro";"Simples";"Declive";"Não";1;0;1;0;0;0;1;1;-11,47035;-61,399612;"SPRF-RO";"DEL02-RO";"UOP02-DEL02-RO"
147922;2018-07-20;"sexta-feira";"19:30:00";"SC";470;176,8;"POUSO REDONDO";"Falta de Atenção à Condução";"Colisão frontal";"Com Vítimas Feridas";"Plena Noite";"Crescente";"Céu Claro";"Simples";"Curva";"Sim";3;0;2;0;1;0;2;2;-27,254238;-49,948658;"SPRF-SC";"DEL04-SC";"UOP02-DEL04-SC"
147926;2018-07-20;"sexta-feira";"17:20:00";"MG";381;293;"ANTONIO DIAS";"Falta de Atenção à Condução";"Colisão frontal";"Com Vítimas Feridas";"Anoitecer";"Decrescente";"Céu Claro";"Simples";"Curva";"Não";4;0;0;2;2;0;2;2;-19,63705017;-42,82962084;"SPRF-MG";"DEL03-MG";"UOP02-DEL03-MG"
147927;2018-07-20;"sexta-feira";"18:00:00";"SC";282;460,4;"PONTE SERRADA";"Desobediência às normas de trânsito pelo condutor";"Colisão transversal";"Com Vítimas Feridas";"Plena Noite";"Crescente";"Chuva";"Simples";"Reta";"Sim";2;0;2;0;0;0;2;2;-26,856062;-52,03215;"SPRF-SC";"DEL07-SC";"UOP04-DEL07-SC"
147928;2018-07-20;"sexta-feira";"22:00:00";"SP";116;213,2;"GUARULHOS";"Avarias e/ou desgaste excessivo no pneu";"Colisão com objeto estático";"Com Vítimas Feridas";"Plena Noite";"Decrescente";"Céu Claro";"Múltipla";"Reta";"Sim";1;0;1;0;0;0;1;1;-23,441098;-46,440259;"SPRF-SP";"DEL01-SP";"UOP01-DEL01-SP"
147929;2018-07-20;"sexta-feira";"22:05:00";"BA";324;7;"FEIRA DE SANTANA";"Desobediência às normas de trânsito pelo condutor";"Colisão frontal";"Com Vítimas Fatais";"Plena Noite";"Crescente";"Céu Claro";"Dupla";"Reta";"Não";2;2;0;0;0;0;0;2;-12,2883539;-39,0104374;"SPRF-BA";"DEL02-BA";"UOP01-DEL02-BA"
147931;2018-07-20;"sexta-feira";"17:45:00";"MT";70;273;"PRIMAVERA DO LESTE";"Ingestão de Álcool";"Queda de ocupante de veículo";"Com Vítimas Feridas";"Anoitecer";"Crescente";"Céu Claro";"Simples";"Reta";"Não";3;0;1;1;0;1;2;2;-15,541573;-54,237598;"SPRF-MT";"DEL05-MT";"UOP01-DEL05-MT"
147934;2018-07-20;"sexta-feira";"22:20:00";"RJ";101;211;"CASIMIRO DE ABREU";"Falta de Atenção à Condução";"Colisão traseira";"Com Vítimas Feridas";"Plena Noite";"Decrescente";"Ignorado";"Dupla";"Reta";"Não";4;0;2;0;2;0;2;2;-22,481621;-42,246159;"SPRF-RJ";"DEL02-RJ";"UOP04-DEL08-RJ"
147935;2018-07-20;"sexta-feira";"22:10:00";"RS";101;47,7;"TERRA DE AREIA";"Desobediência às normas de trânsito pelo condutor";"Colisão frontal";"Com Vítimas Feridas";"Plena Noite";"Decrescente";"Chuva";"Dupla";"Reta";"Sim";2;0;0;1;1;0;1;2;-29,584307;-50,068924;"SPRF-RS";"DEL03-RS";"DEL9/3-UOP03/RS"
147937;2018-07-20;"sexta-feira";"23:00:00";"SC";470;71;"INDAIAL";"Falta de Atenção à Condução";"Colisão com objeto estático";"Com Vítimas Feridas";"Plena Noite";"Crescente";"Céu Claro";"Simples";"Rotatória";"Sim";1;0;1;0;0;0;1;1;-26,88330151;-49,24693465;"SPRF-SC";"DEL04-SC";"UOP01-DEL04-SC"
147938;2018-07-20;"sexta-feira";"22:50:00";"PE";423;142,9;"IATI";"Falta de Atenção à Condução";"Saída de leito carroçável";"Com Vítimas Feridas";"Plena Noite";"Crescente";"Céu Claro";"Simples";"Reta";"Não";1;0;1;0;0;0;1;1;-8,99621014;-36,8489948;"SPRF-PE";"DEL03-PE";"UOP01-DEL03-PE"
147939;2018-07-20;"sexta-feira";"18:40:00";"SC";282;618,6;"IRACEMINHA";"Pista Escorregadia";"Saída de leito carroçável";"Com Vítimas Feridas";"Plena Noite";"Crescente";"Chuva";"Simples";"Curva";"Não";1;0;1;0;0;0;1;1;-26,788088;-53,293259;"SPRF-SC";"DEL07-SC";"UOP02-DEL07-SC"
147942;2018-07-21;"sábado";"00:00:00";"PR";476;144;"CURITIBA";"Falta de Atenção à Condução";"Queda de ocupante de veículo";"Com Vítimas Feridas";"Plena Noite";"Crescente";"Nublado";"Dupla";"Reta";"Não";1;0;1;0;0;0;1;1;-25,542501;-49,313011;"SPRF-PR";"DEL01-PR";"UOP06-DEL01-PR"
147943;2018-07-20;"sexta-feira";"23:39:00";"RJ";101;330;"RIO DE JANEIRO";"Agressão Externa";"Colisão traseira";"Com Vítimas Feridas";"Plena Noite";"Decrescente";"Céu Claro";"Múltipla";"Reta";"Não";2;0;1;0;1;0;1;2;-22,86830652;-43,18755627;"SPRF-RJ";"DEL02-RJ";"UOP02-DEL02-RJ"
147945;2018-07-21;"sábado";"00:05:00";"RJ";116;314;"ITATIAIA";"Defeito Mecânico no Veículo";"Danos eventuais";"Sem Vítimas";"Plena Noite";"Decrescente";"Céu Claro";"Dupla";"Reta";"Sim";2;0;0;0;1;1;0;2;-22,465601;-44,491028;"SPRF-RJ";"DEL07-RJ";"DEL5/7-UOP03/RJ"
147946;2018-07-21;"sábado";"00:30:00";"RJ";101;313;"SAO GONCALO";"Falta de Atenção à Condução";"Queda de ocupante de veículo";"Com Vítimas Feridas";"Plena Noite";"Crescente";"Céu Claro";"Simples";"Viaduto";"Sim";1;0;1;0;0;0;1;1;-22,810507;-43,069859;"SPRF-RJ";"DEL02-RJ";"DEL5/2-UOP04/RJ"
147947;2018-07-20;"sexta-feira";"23:00:00";"PE";232;79,3;"GRAVATA";"Falta de Atenção à Condução";"Colisão transversal";"Com Vítimas Feridas";"Plena Noite";"Decrescente";"Garoa/Chuvisco";"Simples";"Interseção de Vias";"Sim";3;0;1;1;1;0;2;2;-8,19551927;-35,56411743;"SPRF-PE";"DEL01-PE";"UOP02-DEL02PE"
147948;2018-07-21;"sábado";"01:45:00";"PR";476;124,6;"CURITIBA";"Ingestão de Álcool";"Capotamento";"Sem Vítimas";"Plena Noite";"Crescente";"Céu Claro";"Múltipla";"Em Obras;Desvio Temporário";"Sim";2;0;0;0;0;2;0;1;-25,40518405;-49,21798825;"SPRF-PR";"DEL01-PR";"UOP07-DEL01-PR"
147949;2018-07-21;"sábado";"00:40:00";"SC";101;39,6;"JOINVILLE";"Falta de Atenção à Condução";"Saída de leito carroçável";"Com Vítimas Feridas";"Plena Noite";"Crescente";"Céu Claro";"Dupla";"Reta";"Sim";5;0;4;1;0;0;5;1;-26,3096;-48,878;"SPRF-SC";"DEL03-SC";"UOP01-DEL03-SC"
147951;2018-07-21;"sábado";"02:35:00";"RS";116;149,5;"CAXIAS DO SUL";"Não guardar distância de segurança";"Colisão lateral";"Com Vítimas Feridas";"Plena Noite";"Crescente";"Chuva";"Dupla";"Declive";"Sim";2;0;1;0;1;0;1;2;-29,16262682;-51,15745604;"SPRF-RS";"DEL05-RS";"UOP01-DEL05-RS"
147953;2018-07-21;"sábado";"02:00:00";"BA";101;490,9;"ITAJUIPE";"Pista Escorregadia";"Saída de leito carroçável";"Com Vítimas Feridas";"Plena Noite";"Crescente";"Nublado";"Simples";"Curva";"Não";1;0;0;1;0;0;1;1;-14,69677836;-39,3652096;"SPRF-BA";"DEL05-BA";"UOP01-DEL05-BA"
147955;2018-07-21;"sábado";"01:50:00";"MG";40;492,4;"ESMERALDAS";"Defeito Mecânico no Veículo";"Incêndio";"Sem Vítimas";"Plena Noite";"Decrescente";"Céu Claro";"Dupla";"Reta";"Não";40;0;0;0;40;0;0;1;-19,63987;-44,20291;"SPRF-MG";"DEL02-MG";"UOP01-DEL02-MG"
147957;2018-07-21;"sábado";"03:15:00";"GO";153;529,1;"HIDROLANDIA";"Ingestão de Álcool";"Colisão traseira";"Sem Vítimas";"Plena Noite";"Crescente";"Céu Claro";"Dupla";"Reta";"Não";5;0;0;0;5;0;0;2;-16,9603;-49,2384;"SPRF-GO";"DEL01-GO";"UOP03-DEL01-GO"