"id";"data_inversa";"dia_semana";"horario";"uf";"br";"km";"municipio";"causa_acidente";"tipo_acidente";"classificacao_acidente";"fase_dia";"sentido_via";"condicao_metereologica";"tipo_pista";"tracado_via";"uso_solo";"pessoas";"mortos";"feridos_leves";"feridos_graves";"ilesos";"ignorados";"feridos";"veiculos";"latitude";"longitude";"regional";"delegacia";"uop"
148100;2018-07-21;"sábado";"18:00:00";"MG";262;50,6;"MANHUACU";"Falta de Atenção à Condução";"Colisão transversal";"Com Vítimas Feridas";"Plena Noite";"Crescente";"Nublado";"Simples";"Interseção de Vias";"Sim";2;0;1;0;1;0;1;2;-20,24609243;-42,1421814;"SPRF-MG";"DEL06-MG";"UOP03-DEL06-MG"
148102;2018-07-21;"sábado";"18:40:00";"GO";153;402;"PIRENOPOLIS";"Falta de Atenção à Condução";"Colisão transversal";"Com Vítimas Feridas";"Plena Noite";"Crescente";"Céu Claro";"Simples";"Aclive";"Não";8;0;1;0;7;0;1;2;-16,040709;-49,079845;"SPRF-GO";"DEL02-GO";"UOP01-DEL02-GO"
148104;2018-07-21;"sábado";"19:00:00";"SP";116;140;"SAO JOSE DOS CAMPOS";"Falta de Atenção à Condução";"Colisão traseira";"Com Vítimas Feridas";"Plena Noite";"Crescente";"Céu Claro";"Dupla";"Reta";"Sim";3;0;1;0;2;0;1;2;-23,165804;-45,812515;"SPRF-SP";"DEL06-SP";"UOP02-DEL02-SP"
148105;2018-07-21;"sábado";"15:35:00";"MG";116;413,3;"GOVERNADOR VALADARES";"Não guardar distância de segurança";"Colisão traseira";"Com Vítimas Feridas";"Pleno dia";"Decrescente";"Céu Claro";"Simples";"Reta";"Sim";2;0;1;0;1;0;1;2;-18,8760418;-41,96430802;"SPRF-MG";"DEL06-MG";"UOP01-DEL06-MG"
148109;2018-07-21;"sábado";"19:30:00";"SE";235;84,4;"FREI PAULO";"Ingestão de Álcool";"Colisão frontal";"Com Vítimas Fatais";"Plena Noite";"Crescente";"Nublado";"Simples";"Interseção de Vias;Declive;Curva";"Não";6;3;3;0;0;0;3;2;-10,553889;-37,636389;"SPRF-SE";"DEL01-SE";"UOP02-DEL01-SE"
148110;2018-07-21;"sábado";"18:38:00";"PR";373;473;"CORONEL VIVIDA";"Defeito Mecânico no Veículo";"Saída de leito carroçável";"Com Vítimas Feridas";"Anoitecer";"Crescente";"Céu Claro";"Simples";"Reta";"Não";1;0;1;0;0;0;1;1;-25,966;-52,48;"SPRF-PR";"DEL02-PR";"UOP01-DEL02-PR"
148112;2018-07-21;"sábado";"19:12:00";"BA";324;513;"FEIRA DE SANTANA";"Desobediência às normas de trânsito pelo condutor";"Colisão transversal";"Com Vítimas Feridas";"Plena Noite";"Crescente";"Céu Claro";"Simples";"Reta";"Sim";3;0;2;0;1;0;2;2;-12,23550681;-38,94352913;"SPRF-BA";"DEL02-BA";"UOP01-DEL02-BA"
148113;2018-07-21;"sábado";"18:00:00";"ES";101;270,5;"SERRA";"Desobediência às normas de trânsito pelo condutor";"Colisão transversal";"Sem Vítimas";"Anoitecer";"Decrescente";"Céu Claro";"Dupla";"Retorno Regulamentado";"Sim";2;0;0;0;2;0;0;2;-20,22654312;-40,2851342;"SPRF-ES";"DEL02-ES";"UOP01-DEL02-ES"
148114;2018-07-21;"sábado";"18:35:00";"ES";101;373,4;"ICONHA";"Falta de Atenção à Condução";"Colisão transversal";"Com Vítimas Feridas";"Plena Noite";"Crescente";"Céu Claro";"Simples";"Reta";"Não";6;0;2;1;3;0;3;2;-20,78138;-40,7808;"SPRF-ES";"DEL03-ES";"UOP01-DEL03-ES"
148115;2018-07-21;"sábado";"19:50:00";"GO";153;513;"APARECIDA DE GOIANIA";"Falta de Atenção à Condução";"Colisão traseira";"Com Vítimas Feridas";"Plena Noite";"Crescente";"Céu Claro";"Dupla";"Reta";"Sim";2;0;1;0;1;0;1;2;-16,8244;-49,2421;"SPRF-GO";"DEL01-GO";"UOP03-DEL01-GO"
148118;2018-07-21;"sábado";"19:45:00";"PR";277;593;"CASCAVEL";"Falta de Atenção à Condução";"Colisão traseira";"Com Vítimas Feridas";"Plena Noite";"Crescente";"Céu Claro";"Simples";"Reta";"Sim";2;0;1;0;1;0;1;2;-25,02817;-53,55983;"SPRF-PR";"DEL04-PR";"UOP01-DEL04-PR"
148119;2018-07-21;"sábado";"18:25:00";"MG";153;12;"ARAPORA";"Defeito Mecânico no Veículo";"Saída de leito carroçável";"Com Vítimas Feridas";"Plena Noite";"Crescente";"Céu Claro";"Dupla";"Reta";"Não";2;0;1;0;1;0;1;1;-18,46963123;-49,18822289;"SPRF-MG";"DEL15-MG";"UOP03-DEL15-MG"
148120;2018-07-21;"sábado";"19:25:00";"DF";70;1,3;"BRASILIA";"Falta de Atenção à Condução";"Colisão traseira";"Com Vítimas Feridas";"Plena Noite";"Decrescente";"Céu Claro";"Dupla";"Reta";"Sim";2;0;1;0;1;0;1;2;-15,79638421;-48,06725515;"SPRF-DF";"DEL01-DF";"UOP02-DEL03-DF"
148122;2018-07-21;"sábado";"19:40:00";"PR";376;512,1;"PONTA GROSSA";"Objeto estático sobre o leito carroçável";"Colisão com objeto estático";"Com Vítimas Feridas";"Plena Noite";"Decrescente";"Céu Claro";"Dupla";"Declive;Reta";"Não";2;0;0;1;0;1;1;2;-25,23180812;-50,04384041;"SPRF-PR";"DEL03-PR";"UOP04-DEL03-PR"
148124;2018-07-21;"sábado";"18:00:00";"GO";153;506,5;"APARECIDA DE GOIANIA";"Não guardar distância de segurança";"Colisão traseira";"Com Vítimas Feridas";"Anoitecer";"Decrescente";"Céu Claro";"Dupla";"Reta";"Sim";3;0;1;0;1;1;1;3;-16,7633;-49,24;"SPRF-GO";"DEL01-GO";"UOP01-DEL01-GO"
148125;2018-07-21;"sábado";"18:00:00";"RS";470;232,8;"CARLOS BARBOSA";"Desobediência às normas de trânsito pelo condutor";"Colisão transversal";"Com Vítimas Feridas";"Anoitecer";"Decrescente";"Céu Claro";"Simples";"Interseção de Vias";"Não";2;0;1;0;1;0;1;2;-29,29862292;-51,48062736;"SPRF-RS";"DEL06-RS";"UOP01-DEL06-RS"
148127;2018-07-21;"sábado";"18:40:00";"PR";373;173,8;"PONTA GROSSA";"Animais na Pista";"Atropelamento de Animal";"Com Vítimas Feridas";"Plena Noite";"Decrescente";"Céu Claro";"Dupla";"Reta";"Sim";1;0;1;0;0;0;1;1;-25,05583259;-50,22700846;"SPRF-PR";"DEL03-PR";"UOP01-DEL03-PR"
148128;2018-07-21;"sábado";"20:20:00";"PE";101;44;"IGARASSU";"Falta de Atenção do Pedestre";"Colisão transversal";"Sem Vítimas";"Plena Noite";"Crescente";"Nublado";"Múltipla";"Reta";"Sim";2;0;0;0;1;1;0;2;-7,864;-34,9073;"SPRF-PE";"DEL01-PE";"UOP02-DEL01-PE"
148129;2018-07-21;"sábado";"17:00:00";"SC";153;73,4;"IRANI";"Defeito Mecânico no Veículo";"Incêndio";"Sem Vítimas";"Pleno dia";"Decrescente";"Céu Claro";"Simples";"Aclive;Curva";"Não";4;0;0;0;4;0;0;1;-27,071501;-51,899914;"SPRF-SC";"DEL07-SC";"UOP04-DEL07-SC"
148131;2018-07-21;"sábado";"19:55:00";"PA";222;240;"MARABA";"Ingestão de Álcool";"Colisão traseira";"Com Vítimas Feridas";"Plena Noite";"Crescente";"Céu Claro";"Simples";"Ponte";"Não";3;0;2;0;1;0;2;2;-5,322347;-49,084007;"SPRF-PA";"DEL03-PA";"UOP01-DEL03-PA"
148132;2018-07-21;"sábado";"16:00:00";"MT";158;753;"BARRA DO GARCAS";"Falta de Atenção à Condução";"Saída de leito carroçável";"Sem Vítimas";"Pleno dia";"Decrescente";"Céu Claro";"Simples";"Reta";"Não";2;0;0;0;2;0;0;1;-15,518014;-52,204011;"SPRF-MT";"DEL07-MT";"UOP01-DEL07-MT"
148133;2018-07-21;"sábado";"19:30:00";"SP";116;228,1;"SAO PAULO";"Falta de Atenção à Condução";"Colisão lateral";"Com Vítimas Feridas";"Plena Noite";"Crescente";"Nublado";"Múltipla";"Curva";"Sim";1;0;1;0;0;0;1;1;-23,50410286;-46,56812215;"SPRF-SP";"DEL01-SP";"UOP01-DEL01-SP"
148134;2018-07-21;"sábado";"20:00:00";"PR";369;185,6;"ARAPONGAS";"Ingestão de Álcool";"Colisão transversal";"Com Vítimas Feridas";"Plena Noite";"Decrescente";"Nublado";"Simples";"Interseção de Vias";"Sim";3;0;1;0;2;0;1;2;-23,42009314;-51,42536044;"SPRF-PR";"DEL07-PR";"UOP03-DEL07-PR"
148136;2018-07-21;"sábado";"19:50:00";"PR";376;640;"TIJUCAS DO SUL";"Ingestão de Álcool";"Colisão traseira";"Com Vítimas Feridas";"Plena Noite";"Decrescente";"Nevoeiro/Neblina";"Dupla";"Reta";"Não";3;0;2;0;1;0;2;2;-25,787903;-49,123651;"SPRF-PR";"DEL01-PR";"DEL7/1-UOP08/PR"
148137;2018-07-21;"sábado";"19:45:00";"MG";40;142,2;"JOAO PINHEIRO";"Falta de Atenção à Condução";"Colisão transversal";"Com Vítimas Feridas";"Plena Noite";"Decrescente";"Céu Claro";"Simples";"Curva";"Sim";2;0;2;0;0;0;2;2;-17,740395;-46,185719;"SPRF-MG";"DEL14-MG";"UOP01-DEL14-MG"
148138;2018-07-21;"sábado";"21:00:00";"GO";60;113;"GOIANAPOLIS";"Defeito Mecânico no Veículo";"Queda de ocupante de veículo";"Com Vítimas Feridas";"Plena Noite";"Crescente";"Céu Claro";"Dupla";"Reta";"Não";1;0;1;0;0;0;1;1;-16,45754979;-49,05761898;"SPRF-GO";"DEL01-GO";"UOP01-DEL01-GO"
148139;2018-07-21;"sábado";"19:50:00";"RS";116;40,2;"VACARIA";"Ingestão de Álcool";"Colisão traseira";"Sem Vítimas";"Plena Noite";"Crescente";"Céu Claro";"Simples";"Reta";"Sim";2;0;0;0;2;0;0;2;-28,51962787;-50,94083548;"SPRF-RS";"DEL05-RS";"UOP03-DEL05-RS"
148140;2018-07-21;"sábado";"20:50:00";"ES";101;33;"CONCEICAO DA BARRA";"Falta de Atenção à Condução";"Colisão transversal";"Sem Vítimas";"Plena Noite";"Decrescente";"Céu Claro";"Simples";"Reta";"Sim";2;0;0;0;2;0;0;2;-18,43173626;-39,93418694;"SPRF-ES";"DEL04-ES";"UOP02-DEL04-ES"
148142;2018-07-21;"sábado";"20:50:00";"BA";324;525;"FEIRA DE SANTANA";"Ingestão de álcool e/ou substâncias psicoativas pelo pedestre";"Atropelamento de Pedestre";"Com Vítimas Feridas";"Plena Noite";"Crescente";"Céu Claro";"Dupla";"Reta";"Sim";2;0;0;1;1;0;1;2;-12,31042428;-38,88696671;"SPRF-BA";"DEL01-BA";"UOP01-DEL01-BA"
148143;2018-07-21;"sábado";"08:05:00";"PR";277;725;"FOZ DO IGUACU";"Falta de Atenção à Condução";"Colisão transversal";"Com Vítimas Feridas";"Plena Noite";"Decrescente";"Céu Claro";"Dupla";"Reta";"Sim";2;0;1;0;1;0;1;2;-25,508245;-54,5462;"SPRF-PR";"DEL05-PR";"UOP03-DEL05-PR"
148144;2018-07-21;"sábado";"18:40:00";"PI";343;142;"PIRACURUCA";"Ingestão de Álcool";"Colisão frontal";"Com Vítimas Feridas";"Plena Noite";"Decrescente";"Céu Claro";"Simples";"Reta";"Sim";2;0;0;1;1;0;1;2;-3,93867933;-41,7194277;"SPRF-PI";"DEL02-PI";"UOP01-DEL02-PI"
148146;2018-07-21;"sábado";"19:40:00";"RJ";116;176;"SAO JOAO DE MERITI";"Desobediência às normas de trânsito pelo condutor";"Colisão traseira";"Com Vítimas Feridas";"Plena Noite";"Crescente";"Céu Claro";"Múltipla";"Reta";"Não";2;0;1;0;1;0;1;2;-22,783915;-43,382023;"SPRF-RJ";"DEL01-RJ";"UOP02-DEL01-RJ"
148147;2018-07-21;"sábado";"21:50:00";"GO";20;93,8;"VILA BOA";"Falta de Atenção à Condução";"Colisão com objeto estático";"Com Vítimas Feridas";"Plena Noite";"Crescente";"Céu Claro";"Simples";"Ponte";"Não";2;0;1;1;0;0;2;1;-14,99197058;-47,02644646;"SPRF-DF";"DEL02-DF";"UOP03-DEL02-DF"
148148;2018-07-21;"sábado";"20:15:00";"SC";101;283;"IMBITUBA";"Falta de Atenção à Condução";"Colisão com objeto estático";"Com Vítimas Feridas";"Plena Noite";"Crescente";"Céu Claro";"Simples";"Reta";"Não";1;0;0;1;0;0;1;1;-28,2356;-48,7009;"SPRF-SC";"DEL02-SC";"UOP03-DEL02-SC"
148151;2018-07-21;"sábado";"22:30:00";"PR";476;138,5;"CURITIBA";"Falta de Atenção do Pedestre";"Colisão com objeto estático";"Sem Vítimas";"Plena Noite";"Decrescente";"Nublado";"Dupla";"Reta";"Sim";2;0;0;0;1;1;0;2;-25,50939168;-49,28637376;"SPRF-PR";"DEL01-PR";"UOP07-DEL01-PR"
148152;2018-07-21;"sábado";"22:15:00";"BA";101;529;"BUERAREMA";"Desobediência às normas de trânsito pelo condutor";"Atropelamento de Pedestre";"Com Vítimas Feridas";"Plena Noite";"Crescente";"Nublado";"Simples";"Curva";"Não";3;0;1;1;0;1;2;2;-15,00448432;-39,33242798;"SPRF-BA";"DEL05-BA";"UOP01-DEL05-BA"
148153;2018-07-21;"sábado";"22:30:00";"PR";116;98;"SAO JOSE DOS PINHAIS";"Velocidade Incompatível";"Saída de leito carroçável";"Com Vítimas Feridas";"Plena Noite";"Crescente";"Nublado";"Dupla";"Reta";"Sim";2;0;1;0;0;1;1;1;-25,53752379;-49,14971698;"SPRF-PR";"DEL01-PR";"UOP01-DEL01-PR"
148154;2018-07-21;"sábado";"21:45:00";"GO";60;97;"ANAPOLIS";"Velocidade Incompatível";"Saída de leito carroçável";"Sem Vítimas";"Plena Noite";"Crescente";"Céu Claro";"Dupla";"Reta";"Sim";1;0;0;0;0;1;0;1;-16,3774;-48,9483;"SPRF-GO";"DEL02-GO";"UOP01-DEL02-GO"
148157;2018-07-21;"sábado";"23:10:00";"MG";50;138;"UBERABA";"Falta de Atenção do Pedestre";"Atropelamento de Pedestre";"Com Vítimas Feridas";"Plena Noite";"Decrescente";"Céu Claro";"Dupla";"Reta";"Não";2;0;1;0;1;0;1;2;-19,4686;-48,0558;"SPRF-MG";"DEL13-MG";"UOP01-DEL13-MG"
148158;2018-07-01;"domingo";"13:00:00";"MG";116;292,5;"TEOFILO OTONI";"Falta de Atenção à Condução";"Colisão transversal";"Com Vítimas Feridas";"Pleno dia";"Crescente";"Sol";"Simples";"Reta";"Não";2;0;0;1;1;0;1;2;-17,8769566;-41,5162663;"SPRF-MG";"DEL11-MG";"UOP01-DEL11-MG"
148160;2018-07-21;"sábado";"21:00:00";"PR";467;95;"CASCAVEL";"Ingestão de Álcool";"Saída de leito carroçável";"Sem Vítimas";"Plena Noite";"Crescente";"Céu Claro";"Dupla";"Reta";"Não";1;0;0;0;0;1;0;1;-24,8675;-53,5694;"SPRF-PR";"DEL04-PR";"UOP01-DEL04-PR"
148162;2018-07-21;"sábado";"22:30:00";"RJ";116;171,7;"RIO DE JANEIRO";"Falta de Atenção do Pedestre";"Atropelamento de Pedestre";"Com Vítimas Fatais";"Plena Noite";"Decrescente";"Céu Claro";"Múltipla";"Reta";"Sim";2;1;0;0;1;0;0;2;-22,806042;-43,342896;"SPRF-RJ";"DEL01-RJ";"UOP02-DEL01-RJ"
148164;2018-07-21;"sábado";"22:15:00";"MT";70;502;"CUIABA";"Não guardar distância de segurança";"Colisão traseira";"Com Vítimas Feridas";"Plena Noite";"Decrescente";"Céu Claro";"Simples";"Reta";"Não";2;0;1;0;1;0;1;2;-15,696366;-56,026652;"SPRF-MT";"DEL02-MT";"UOP02-DEL01-MT"
148165;2018-07-21;"sábado";"23:53:00";"ES";101;22;"VIANA";"Ingestão de Álcool";"Colisão com objeto estático";"Com Vítimas Feridas";"Plena Noite";"Crescente";"Nublado";"Simples";"Reta";"Não";2;0;0;2;0;0;2;1;-20,37415897;-40,51796436;"SPRF-ES";"DEL04-ES";"UOP02-DEL04-ES"
148166;2018-07-14;"sábado";"00:10:00";"ES";101;187;"ARACRUZ";"Falta de Atenção à Condução";"Queda de ocupante de veículo";"Com Vítimas Feridas";"Plena Noite";"Crescente";"Céu Claro";"Simples";"Reta";"Não";1;0;1;0;0;0;1;1;-19,6817074;-40,27047157;"SPRF-ES";"DEL04-ES";"UOP01-DEL04-ES"
148167;2018-07-21;"sábado";"21:40:00";"RO";364;335;"JI-PARANA";"Ingestão de Álcool";"Saída de leito carroçável";"Com Vítimas Feridas";"Plena Noite";"Crescente";"Nublado";"Simples";"Curva";"Não";1;0;1;0;0;0;1;1;-10,943972;-61,929188;"SPRF-RO";"DEL02-RO";"UOP01-DEL02-RO"
148168;2018-07-21;"sábado";"23:00:00";"RJ";101;407,6;"ITAGUAI";"Objeto estático sobre o leito carroçável";"Colisão com objeto estático";"Com Vítimas Feridas";"Plena Noite";"Decrescente";"Céu Claro";"Dupla";"Viaduto";"Sim";3;0;2;0;1;0;2;2;-22,87672;-43,816319;"SPRF-RJ";"DEL03-RJ";"UOP01-DEL03-RJ"
148169;2018-07-21;"sábado";"21:00:00";"MT";70;87;"GENERAL CARNEIRO";"Falta de Atenção à Condução";"Saída de leito carroçável";"Com Vítimas Feridas";"Plena Noite";"Decrescente";"Céu Claro";"Simples";"Curva";"Não";4;0;4;0;0;0;4;1;-15,61840784;-52,86346436;"SPRF-MT";"DEL07-MT";"UOP01-DEL07-MT"
148171;2018-05-20;"domingo";"02:20:00";"ES";101;130;"SOORETAMA";"Ingestão de Álcool";"Capotamento";"Com Vítimas Feridas";"Pleno dia";"Crescente";"Céu Claro";"Simples";"Reta";"Não";2;0;1;1;0;0;2;1;-19,22999282;-40,09237679;"SPRF-ES";"DEL04-ES";"UOP01-DEL04-ES"
148172;2018-07-21;"sábado";"21:40:00";"BA";324;619,8;"SALVADOR";"Ingestão de Álcool";"Colisão traseira";"Sem Vítimas";"Plena Noite";"Crescente";"Céu Claro";"Dupla";"Reta";"Sim";2;0;0;0;1;1;0;2;-12,91244007;-38,45945477;"SPRF-BA";"DEL01-BA";"UOP01-DEL01-BA"
148175;2018-07-21;"sábado";"21:00:00";"SC";116;239;"LAGES";"Falta de Atenção à Condução";"Saída de leito carroçável";"Sem Vítimas";"Plena Noite";"Crescente";"Céu Claro";"Simples";"Curva";"Não";1;0;0;0;0;1;0;1;-27,75382944;-50,3360706;"SPRF-SC";"DEL05-SC";"UOP01-DEL05-SC"
148176;2018-07-21;"sábado";"19:25:00";"PR";376;130,3;"NOVA ESPERANCA";"Desobediência às normas de trânsito pelo condutor";"Tombamento";"Com Vítimas Feridas";"Plena Noite";"Decrescente";"Céu Claro";"Dupla";"Curva";"Não";2;0;1;0;0;1;1;2;-23,16997339;-52,24717227;"SPRF-PR";"DEL07-PR";"UOP02-DEL09-PR"
148177;2018-07-22;"domingo";"00:00:00";"SP";116;271;"TABOAO DA SERRA";"Falta de Atenção à Condução";"Queda de ocupante de veículo";"Com Vítimas Feridas";"Plena Noite";"Decrescente";"Céu Claro";"Dupla";"Reta";"Não";1;0;1;0;0;0;1;1;-23,61511503;-46,78647995;"SPRF-SP";"DEL04-SP";"UOP01-DEL04-SP"
148178;2018-07-22;"domingo";"01:00:00";"ES";262;6,3;"CARIACICA";"Desobediência às normas de trânsito pelo condutor";"Colisão transversal";"Sem Vítimas";"Plena Noite";"Crescente";"Céu Claro";"Dupla";"Interseção de Vias";"Sim";2;0;0;0;2;0;0;2;-20,34179012;-40,39849877;"SPRF-ES";"DEL01-ES";"UOP01-DEL01-ES"
148179;2018-07-22;"domingo";"01:20:00";"BA";116;820;"VITORIA DA CONQUISTA";"Ingestão de Álcool";"Saída de leito carroçável";"Com Vítimas Feridas";"Plena Noite";"Crescente";"Céu Claro";"Simples";"Aclive";"Sim";1;0;0;1;0;0;1;1;-14,829938;-40,83606;"SPRF-BA";"DEL08-BA";"UOP01-DEL08-BA"
148180;2018-07-22;"domingo";"01:50:00";"PR";369;150,1;"LONDRINA";"Ingestão de Álcool";"Colisão traseira";"Sem Vítimas";"Plena Noite";"Decrescente";"Céu Claro";"Dupla";"Interseção de Vias";"Sim";2;0;0;0;2;0;0;2;-23,29292408;-51,16285617;"SPRF-PR";"DEL07-PR";"UOP01-DEL07-PR"
148182;2018-07-21;"sábado";"21:30:00";"MT";364;479,8;"JANGADA";"Ingestão de Álcool";"Queda de ocupante de veículo";"Com Vítimas Feridas";"Plena Noite";"Decrescente";"Nublado";"Simples";"Reta";"Não";1;0;0;1;0;0;1;1;-15,404748;-56,372444;"SPRF-MT";"DEL01-MT";"DEL2/4-UOP02/MT"
148183;2018-07-22;"domingo";"00:40:00";"BA";110;182;"RIBEIRA DO POMBAL";"Ingestão de Álcool";"Queda de ocupante de veículo";"Com Vítimas Feridas";"Plena Noite";"Decrescente";"Nublado";"Simples";"Reta";"Não";1;0;1;0;0;0;1;1;-10,9134;-38,5211;"SPRF-BA";"DEL07-BA";"UOP02-DEL07-BA"
148184;2018-07-22;"domingo";"02:30:00";"RJ";116;144;"DUQUE DE CAXIAS";"Velocidade Incompatível";"Capotamento";"Com Vítimas Feridas";"Plena Noite";"Crescente";"Chuva";"Dupla";"Declive";"Sim";2;0;2;0;0;0;2;1;-22,671442;-43,287137;"SPRF-RJ";"DEL04-RJ";"UOP02-DEL04-RJ"
148185;2018-07-21;"sábado";"23:00:00";"MT";70;94,7;"GENERAL CARNEIRO";"Velocidade Incompatível";"Capotamento";"Sem Vítimas";"Plena Noite";"Decrescente";"Céu Claro";"Simples";"Curva";"Não";1;0;0;0;0;1;0;1;-15,573943;-52,894604;"SPRF-MT";"DEL07-MT";"UOP01-DEL07-MT"
148186;2018-07-21;"sábado";"22:00:00";"MT";163;976;"TERRA NOVA DO NORTE";"Animais na Pista";"Atropelamento de Animal";"Com Vítimas Feridas";"Plena Noite";"Crescente";"Céu Claro";"Simples";"Declive";"Não";1;0;0;1;0;0;1;1;-10,638715;-55,133739;"SPRF-MT";"DEL06-MT";"UOP02-DEL06-MT"
148187;2018-06-16;"sábado";"20:45:00";"RS";472;540;"URUGUAIANA";"Defeito na Via";"Tombamento";"Com Vítimas Feridas";"Plena Noite";"Crescente";"Céu Claro";"Simples";"Reta";"Não";1;0;1;0;0;0;1;1;-29,58719155;-56,86042786;"SPRF-RS";"DEL13-RS";"UOP01-DEL13-RS"
148188;2018-07-22;"domingo";"02:30:00";"MG";40;514;"RIBEIRAO DAS NEVES";"Velocidade Incompatível";"Queda de ocupante de veículo";"Com Vítimas Fatais";"Plena Noite";"Decrescente";"Céu Claro";"Dupla";"Curva";"Não";2;1;0;0;0;1;0;2;-19,8128;-44,093;"SPRF-MG";"DEL01-MG";"UOP03-DEL01-MG"
148189;2018-07-22;"domingo";"01:05:00";"RO";319;60,9;"PORTO VELHO";"Ingestão de Álcool";"Colisão transversal";"Com Vítimas Feridas";"Plena Noite";"Crescente";"Céu Claro";"Dupla";"Rotatória";"Sim";3;0;1;0;2;0;1;2;-8,73981119;-63,88987541;"SPRF-RO";"DEL01-RO";"UOP01-DEL01-RO"
148190;2018-07-22;"domingo";"01:45:00";"SC";470;12;"NAVEGANTES";"Falta de Atenção à Condução";"Colisão transversal";"Com Vítimas Feridas";"Plena Noite";"Crescente";"Nublado";"Simples";"Reta";"Não";2;0;2;0;0;0;2;2;-26,835169;-48,757267;"SPRF-SC";"DEL04-SC";"UOP04-DEL04-SC"
148192;2018-07-22;"domingo";"02:28:00";"PB";230;18;"JOAO PESSOA";"Ingestão de Álcool";"Colisão traseira";"Sem Vítimas";"Plena Noite";"Crescente";"Céu Claro";"Dupla";"Reta";"Não";2;0;0;0;2;0;0;2;-7,1198;-34,8453;"SPRF-PB";"DEL01-PB";"UOP01-DEL01-PB"
148193;2018-07-22;"domingo";"03:30:00";"SC";282;16;"PALHOCA";"Animais na Pista";"Atropelamento de Animal";"Com Vítimas Feridas";"Plena Noite";"Decrescente";"Nublado";"Simples";"Reta";"Sim";2;0;1;0;1;0;1;1;-27,658611;-48,681847;"SPRF-SC";"DEL01-SC";"UOP02-DEL01-SC"
148194;2018-07-22;"domingo";"03:30:00";"PE";232;276;"SERTANIA";"Ingestão de Álcool";"Saída de leito carroçável";"Com Vítimas Fatais";"Plena Noite";"Decrescente";"Céu Claro";"Simples";"Curva";"Não";2;1;0;0;1;0;0;1;-8,38159929;-37,2530508;"SPRF-PE";"DEL03-PE";"UOP02-DEL03-PE"
148195;2018-07-22;"domingo";"02:10:00";"RS";470;246;"BARAO";"Velocidade Incompatível";"Colisão traseira";"Com Vítimas Feridas";"Plena Noite";"Crescente";"Nublado";"Simples";"Reta";"Não";4;0;1;0;1;2;1;3;-29,38070208;-51,49395492;"SPRF-RS";"DEL06-RS";"UOP01-DEL06-RS"
148196;2018-07-22;"domingo";"03:40:00";"SC";101;211,2;"PALHOCA";"Ingestão de Álcool";"Colisão com objeto estático";"Com Vítimas Feridas";"Plena Noite";"Crescente";"Céu Claro";"Múltipla";"Reta";"Sim";2;0;1;0;1;0;1;2;-27,6301;-48,659;"SPRF-SC";"DEL01-SC";"UOP02-DEL01-SC"
148197;2018-07-22;"domingo";"04:30:00";"PR";277;667,8;"MEDIANEIRA";"Velocidade Incompatível";"Colisão com objeto estático";"Com Vítimas Feridas";"Plena Noite";"Decrescente";"Céu Claro";"Dupla";"Reta";"Sim";2;0;1;0;1;0;1;2;-25,265814;-54,054371;"SPRF-PR";"DEL05-PR";"UOP02-DEL05-PR"
148198;2018-07-22;"domingo";"04:50:00";"RJ";493;23;"MAGE";"Pista Escorregadia";"Colisão frontal";"Com Vítimas Feridas";"Plena Noite";"Decrescente";"Chuva";"Simples";"Reta";"Não";3;0;0;1;2;0;1;2;-22,657053;-43,061737;"SPRF-RJ";"DEL04-RJ";"UOP02-DEL04-RJ"
148199;2018-07-22;"domingo";"02:25:00";"RO";319;63,6;"PORTO VELHO";"Ingestão de Álcool";"Colisão traseira";"Com Vítimas Feridas";"Plena Noite";"Crescente";"Céu Claro";"Dupla";"Interseção de Vias";"Sim";4;0;2;0;2;0;2;2;-8,76313982;-63,88518155;"SPRF-RO";"DEL01-RO";"UOP01-DEL01-RO"
148200;2018-07-22;"domingo";"04:30:00";"PI";343;14;"PARNAIBA";"Falta de Atenção à Condução";"Colisão traseira";"Com Vítimas Feridas";"Plena Noite";"Decrescente";"Céu Claro";"Dupla";"Reta";"Sim";3;0;1;0;1;1;1;3;-2,927902;-41,753502;"SPRF-PI";"DEL05-PI";"UOP01-DEL05-PI"
148201;2018-07-22;"domingo";"04:15:00";"PR";476;151,5;"ARAUCARIA";"Velocidade Incompatível";"Queda de ocupante de veículo";"Com Vítimas Feridas";"Plena Noite";"Decrescente";"Nublado";"Simples";"Curva";"Sim";1;0;1;0;0;0;1;1;-25,563601;-49,377041;"SPRF-PR";"DEL01-PR";"UOP06-DEL01-PR"
148202;2018-07-22;"domingo";"05:30:00";"SP";116;445,2;"REGISTRO";"Velocidade Incompatível";"Colisão traseira";"Com Vítimas Feridas";"Amanhecer";"Decrescente";"Nublado";"Dupla";"Declive";"Sim";3;0;3;0;0;0;3;2;-24,50068538;-47,84480989;"SPRF-SP";"DEL05-SP";"UOP01-DEL05-SP"
148203;2018-07-22;"domingo";"05:00:00";"DF";20;28,3;"BRASILIA";"Ingestão de Álcool";"Colisão frontal";"Com Vítimas Feridas";"Amanhecer";"Crescente";"Céu Claro";"Dupla";"Reta";"Não";4;0;1;2;1;0;3;2;-15,598319;-47,621925;"SPRF-DF";"DEL02-DF";"UOP01-DEL02-DF"