"id";"data_inversa";"dia_semana";"horario";"uf";"br";"km";"municipio";"causa_acidente";"tipo_acidente";"classificacao_acidente";"fase_dia";"sentido_via";"condicao_metereologica";"tipo_pista";"tracado_via";"uso_solo";"pessoas";"mortos";"feridos_leves";"feridos_graves";"ilesos";"ignorados";"feridos";"veiculos";"latitude";"longitude";"regional";"delegacia";"uop"
148204;2018-07-22;"domingo";"03:50:00";"PR";277;667,8;"MEDIANEIRA";"Ingestão de Álcool";"Colisão lateral";"Sem Vítimas";"Plena Noite";"Decrescente";"Céu Claro";"Dupla";"Reta";"Sim";2;0;0;0;2;0;0;2;-25,265814;-54,054371;"SPRF-PR";"DEL05-PR";"UOP02-DEL05-PR"
148205;2018-07-22;"domingo";"04:30:00";"ES";101;66,1;"SAO MATEUS";"Desobediência às normas de trânsito pelo condutor";"Colisão lateral";"Com Vítimas Feridas";"Amanhecer";"Decrescente";"Céu Claro";"Múltipla";"Interseção de Vias";"Não";2;0;1;0;0;1;1;2;-18,716522;-39,874359;"SPRF-ES";"DEL04-ES";"UOP02-DEL04-ES"
148207;2018-07-22;"domingo";"05:50:00";"ES";101;270;"SERRA";"Ingestão de Álcool";"Colisão com objeto estático";"Com Vítimas Feridas";"Amanhecer";"Decrescente";"Céu Claro";"Múltipla";"Curva";"Sim";6;0;6;0;0;0;6;1;-20,23227733;-40,27519775;"SPRF-ES";"DEL02-ES";"UOP01-DEL02-ES"
148208;2018-07-22;"domingo";"05:00:00";"PI";316;305;"PICOS";"Animais na Pista";"Saída de leito carroçável";"Com Vítimas Feridas";"Amanhecer";"Crescente";"Céu Claro";"Simples";"Reta";"Sim";3;0;2;1;0;0;3;1;-7,06775943;-41,51132584;"SPRF-PI";"DEL04-PI";"UOP01-DEL04-PI"
148209;2018-07-22;"domingo";"05:10:00";"GO";40;2;"VALPARAISO DE GOIAS";"Falta de Atenção à Condução";"Colisão traseira";"Sem Vítimas";"Plena Noite";"Crescente";"Céu Claro";"Dupla";"Reta";"Sim";3;0;0;0;1;2;0;3;-16,07338276;-47,98529863;"SPRF-DF";"DEL01-DF";"UOP01-DEL01-DF"
148210;2018-07-22;"domingo";"00:30:00";"PR";476;141;"CURITIBA";"Ingestão de Álcool";"Colisão lateral";"Com Vítimas Feridas";"Plena Noite";"Crescente";"Nublado";"Dupla";"Reta";"Sim";3;0;1;0;1;1;1;3;-25,528614;-49,298798;"SPRF-PR";"DEL01-PR";"UOP07-DEL01-PR"
148212;2018-07-22;"domingo";"05:45:00";"MG";381;878;"ESTIVA";"Velocidade Incompatível";"Capotamento";"Com Vítimas Feridas";"Plena Noite";"Decrescente";"Céu Claro";"Dupla";"Reta";"Não";1;0;1;0;0;0;1;1;-22,4522;-46,0019;"SPRF-MG";"DEL16-MG";"UOP01-DEL16-MG"
148214;2018-07-22;"domingo";"06:10:00";"RS";386;147,5;"SARANDI";"Ingestão de Álcool";"Saída de leito carroçável";"Com Vítimas Feridas";"Plena Noite";"Decrescente";"Nublado";"Simples";"Declive;Curva";"Não";3;0;2;1;0;0;3;1;-28,057074;-52,87024498;"SPRF-RS";"DEL08-RS";"UOP01-DEL08-RS"
148216;2018-07-22;"domingo";"00:10:00";"RJ";101;407;"ITAGUAI";"Falta de Atenção à Condução";"Colisão transversal";"Com Vítimas Feridas";"Plena Noite";"Decrescente";"Céu Claro";"Dupla";"Viaduto";"Não";5;0;0;1;4;0;1;3;-22,87672;-43,816319;"SPRF-RJ";"DEL03-RJ";"UOP01-DEL03-RJ"
148217;2018-07-22;"domingo";"05:40:00";"RS";386;433,5;"NOVA SANTA RITA";"Animais na Pista";"Atropelamento de Animal";"Com Vítimas Feridas";"Plena Noite";"Crescente";"Céu Claro";"Simples";"Reta";"Não";2;0;1;0;1;0;1;1;-29,839973;-51,294933;"SPRF-RS";"DEL04-RS";"UOP02-DEL04-RS"
148219;2018-07-22;"domingo";"05:45:00";"PR";277;5;"FOZ DO IGUACU";"Falta de Atenção à Condução";"Colisão com objeto estático";"Com Vítimas Feridas";"Plena Noite";"Crescente";"Céu Claro";"Dupla";"Reta";"Sim";2;0;2;0;0;0;2;1;-25,46325014;-54,58346844;"SPRF-PR";"DEL05-PR";"UOP03-DEL05-PR"
148220;2018-07-22;"domingo";"06:15:00";"PR";277;688;"SAO MIGUEL DO IGUACU";"Ingestão de álcool e/ou substâncias psicoativas pelo pedestre";"Saída de leito carroçável";"Sem Vítimas";"Amanhecer";"Crescente";"Ignorado";"Dupla";"Reta";"Sim";1;0;0;0;0;1;0;1;-25,36171065;-54,25078131;"SPRF-PR";"DEL05-PR";"UOP01-DEL05-PR"
148221;2018-07-22;"domingo";"06:10:00";"SC";101;137,5;"BALNEARIO CAMBORIU";"Falta de Atenção à Condução";"Saída de leito carroçável";"Com Vítimas Feridas";"Plena Noite";"Crescente";"Céu Claro";"Dupla";"Reta";"Não";1;0;0;1;0;0;1;1;-27,024;-48,6074;"SPRF-SC";"DEL04-SC";"UOP03-DEL04-SC"
148223;2018-07-22;"domingo";"06:45:00";"MG";381;584;"CARMOPOLIS DE MINAS";"Falta de Atenção à Condução";"Capotamento";"Com Vítimas Feridas";"Amanhecer";"Decrescente";"Céu Claro";"Dupla";"Curva";"Não";1;0;1;0;0;0;1;1;-20,5177;-44,6187;"SPRF-MG";"DEL04-MG";"UOP01-DEL04-MG"
148224;2018-07-22;"domingo";"06:15:00";"RS";470;155;"NOVA PRATA";"Falta de Atenção à Condução";"Colisão com objeto estático";"Com Vítimas Feridas";"Amanhecer";"Decrescente";"Céu Claro";"Simples";"Reta";"Não";1;0;0;1;0;0;1;1;-28,77280717;-51,61566049;"SPRF-RS";"DEL06-RS";"UOP02-DEL06-RS"
148226;2018-07-22;"domingo";"07:50:00";"TO";153;454,4;"BARROLANDIA";"Não guardar distância de segurança";"Colisão traseira";"Com Vítimas Feridas";"Pleno dia";"Crescente";"Céu Claro";"Simples";"Reta";"Não";6;0;0;2;2;2;2;3;-9,861728;-48,723431;"SPRF-TO";"DEL02-TO";"UOP01-DEL01-TO"
148227;2018-07-21;"sábado";"18:30:00";"TO";153;525,7;"PUGMIL";"Falta de Atenção à Condução";"Saída de leito carroçável";"Sem Vítimas";"Anoitecer";"Decrescente";"Céu Claro";"Simples";"Reta";"Não";1;0;0;0;1;0;0;1;-10,425156;-48,898106;"SPRF-TO";"DEL02-TO";"UOP01-DEL01-TO"
148228;2018-07-22;"domingo";"07:25:00";"DF";70;9,4;"BRASILIA";"Restrição de Visibilidade";"Colisão traseira";"Com Vítimas Feridas";"Amanhecer";"Crescente";"Sol";"Dupla";"Reta";"Não";2;0;1;0;1;0;1;2;-15,784615;-48,132023;"SPRF-DF";"DEL01-DF";"UOP02-DEL03-DF"
148229;2018-07-22;"domingo";"08:00:00";"MG";116;269,1;"TEOFILO OTONI";"Falta de Atenção à Condução";"Colisão traseira";"Com Vítimas Feridas";"Pleno dia";"Decrescente";"Céu Claro";"Simples";"Curva";"Não";2;0;0;1;1;0;1;1;-17,79249681;-41,5017128;"SPRF-MG";"DEL11-MG";"UOP01-DEL11-MG"
148230;2018-07-22;"domingo";"07:15:00";"BA";367;30;"PORTO SEGURO";"Falta de Atenção à Condução";"Capotamento";"Com Vítimas Feridas";"Pleno dia";"Decrescente";"Garoa/Chuvisco";"Simples";"Reta";"Não";1;0;1;0;0;0;1;1;-16,4156;-39,126629;"SPRF-BA";"DEL09-BA";"UOP01-DEL09-BA"
148231;2018-07-22;"domingo";"07:53:00";"SP";116;212;"GUARULHOS";"Condutor Dormindo";"Colisão com objeto estático";"Com Vítimas Feridas";"Amanhecer";"Decrescente";"Nublado";"Múltipla";"Reta";"Sim";1;0;1;0;0;0;1;1;-23,44407325;-46,44666553;"SPRF-SP";"DEL01-SP";"UOP01-DEL01-SP"
148232;2018-07-22;"domingo";"07:30:00";"BA";242;856,7;"BARREIRAS";"Falta de Atenção à Condução";"Saída de leito carroçável";"Com Vítimas Feridas";"Pleno dia";"Decrescente";"Céu Claro";"Simples";"Reta";"Não";5;0;3;1;1;0;4;1;-12,068205;-45,565906;"SPRF-BA";"DEL10-BA";"UOP01-DEL10-BA"
148234;2018-07-22;"domingo";"07:30:00";"MS";163;205,6;"CAARAPO";"Defeito Mecânico no Veículo";"Saída de leito carroçável";"Com Vítimas Feridas";"Pleno dia";"Crescente";"Céu Claro";"Simples";"Reta";"Não";3;0;1;0;2;0;1;1;-22,65837347;-54,80392456;"SPRF-MS";"DEL04-MS";"UOP02-DEL04-MS"
148235;2018-07-22;"domingo";"06:00:00";"RS";116;124,1;"SAO MARCOS";"Velocidade Incompatível";"Colisão com objeto estático";"Com Vítimas Feridas";"Amanhecer";"Decrescente";"Céu Claro";"Simples";"Curva";"Sim";1;0;0;1;0;0;1;1;-29,02621027;-51,08368456;"SPRF-RS";"DEL05-RS";"UOP01-DEL05-RS"
148236;2018-07-22;"domingo";"04:30:00";"MG";262;364;"JUATUBA";"Condutor Dormindo";"Saída de leito carroçável";"Com Vítimas Feridas";"Plena Noite";"Crescente";"Céu Claro";"Dupla";"Declive;Reta";"Sim";2;0;1;0;1;0;1;1;-19,97159424;-44,29732561;"SPRF-MG";"DEL01-MG";"UOP03-DEL01-MG"
148237;2018-07-22;"domingo";"08:00:00";"RJ";101;417;"MANGARATIBA";"Falta de Atenção à Condução";"Colisão transversal";"Com Vítimas Feridas";"Pleno dia";"Crescente";"Nublado";"Dupla";"Aclive;Curva";"Não";3;0;1;0;2;0;1;2;-22,9374186;-44,01222825;"SPRF-RJ";"DEL03-RJ";"UOP01-DEL03-RJ"
148239;2018-07-22;"domingo";"09:25:00";"PE";428;192,2;"PETROLINA";"Desobediência às normas de trânsito pelo condutor";"Colisão lateral";"Com Vítimas Feridas";"Pleno dia";"Crescente";"Céu Claro";"Simples";"Reta";"Não";3;0;3;0;0;0;3;2;-9,38708065;-40,5247879;"SPRF-PE";"DEL06-PE";"UOP01-DEL06-PE"
148241;2018-07-22;"domingo";"08:40:00";"MG";381;821,2;"CAREACU";"Falta de Atenção à Condução";"Colisão traseira";"Com Vítimas Feridas";"Pleno dia";"Decrescente";"Céu Claro";"Dupla";"Retorno Regulamentado";"Não";2;0;1;0;1;0;1;2;-22,08389514;-45,7016927;"SPRF-MG";"DEL16-MG";"UOP02-DEL16-MG"
148243;2018-07-22;"domingo";"09:45:00";"SP";116;541;"BARRA DO TURVO";"Falta de Atenção à Condução";"Colisão com objeto estático";"Com Vítimas Feridas";"Pleno dia";"Crescente";"Garoa/Chuvisco";"Dupla";"Curva";"Não";3;0;1;0;2;0;1;1;-25,07067292;-48,58154297;"SPRF-SP";"DEL05-SP";"UOP02-DEL05-SP"
148244;2018-07-22;"domingo";"09:40:00";"BA";101;537,2;"SAO JOSE DA VITORIA";"Ingestão de Álcool";"Colisão frontal";"Com Vítimas Feridas";"Pleno dia";"Decrescente";"Céu Claro";"Simples";"Curva";"Não";4;0;1;1;1;1;2;2;-15,0457;-39,3338;"SPRF-BA";"DEL05-BA";"UOP02-DEL05-BA"
148246;2018-07-22;"domingo";"10:00:00";"RJ";116;274,1;"BARRA MANSA";"Não guardar distância de segurança";"Colisão traseira";"Com Vítimas Feridas";"Pleno dia";"Decrescente";"Céu Claro";"Dupla";"Reta";"Sim";3;0;1;0;2;0;1;2;-22,54157405;-44,19138908;"SPRF-RJ";"DEL07-RJ";"UOP02-DEL07-RJ"
148247;2018-07-22;"domingo";"10:00:00";"GO";153;538;"HIDROLANDIA";"Falta de Atenção à Condução";"Saída de leito carroçável";"Sem Vítimas";"Pleno dia";"Crescente";"Sol";"Dupla";"Reta";"Não";1;0;0;0;1;0;0;1;-17,0365;-49,2243;"SPRF-GO";"DEL01-GO";"UOP03-DEL01-GO"
148251;2018-07-22;"domingo";"11:45:00";"BA";324;517;"FEIRA DE SANTANA";"Desobediência às normas de trânsito pelo condutor";"Colisão transversal";"Com Vítimas Feridas";"Pleno dia";"Decrescente";"Sol";"Simples";"Reta";"Sim";1;0;1;0;0;0;1;1;-12,26509418;-38,9326973;"SPRF-BA";"DEL02-BA";"UOP01-DEL02-BA"
148254;2018-07-22;"domingo";"11:10:00";"MS";419;249;"ANASTACIO";"Ingestão de Álcool";"Saída de leito carroçável";"Com Vítimas Feridas";"Pleno dia";"Crescente";"Céu Claro";"Simples";"Reta";"Não";3;0;2;0;1;0;2;1;-20,541216;-55,831524;"SPRF-MS";"DEL03-MS";"UOP01-DEL03-MS"
148255;2018-07-22;"domingo";"11:00:00";"SC";101;291,9;"IMBITUBA";"Falta de Atenção à Condução";"Colisão traseira";"Com Vítimas Feridas";"Pleno dia";"Crescente";"Nublado";"Dupla";"Reta";"Sim";2;0;1;1;0;0;2;2;-28,301;-48,7186;"SPRF-SC";"DEL02-SC";"UOP03-DEL02-SC"
148256;2018-07-22;"domingo";"12:10:00";"BA";101;371;"GANDU";"Desobediência às normas de trânsito pelo condutor";"Colisão frontal";"Com Vítimas Feridas";"Pleno dia";"Decrescente";"Céu Claro";"Simples";"Reta";"Sim";5;0;4;1;0;0;5;2;-13,77840121;-39,49516296;"SPRF-BA";"DEL05-BA";"UOP03-DEL05-BA"
148259;2018-07-22;"domingo";"11:10:00";"RS";153;27,5;"TRES ARROIOS";"Desobediência às normas de trânsito pelo condutor";"Colisão transversal";"Com Vítimas Feridas";"Pleno dia";"Crescente";"Céu Claro";"Simples";"Curva";"Não";2;0;1;0;1;0;1;2;-27,51124;-52,143559;"SPRF-RS";"DEL08-RS";"UOP04-DEL08-RS"
148261;2018-07-22;"domingo";"10:50:00";"RN";406;132,5;"TAIPU";"Ultrapassagem Indevida";"Saída de leito carroçável";"Sem Vítimas";"Pleno dia";"Crescente";"Céu Claro";"Simples";"Reta";"Não";2;0;0;0;0;2;0;2;-5,641602;-35,585343;"SPRF-RN";"DEL02-RN";"UOP01-DEL02-RN"
148263;2018-07-22;"domingo";"13:10:00";"PE";116;31,6;"SALGUEIRO";"Ingestão de Álcool";"Saída de leito carroçável";"Com Vítimas Feridas";"Pleno dia";"Decrescente";"Sol";"Simples";"Reta";"Não";1;0;0;1;0;0;1;1;-8,118605;-39,123486;"SPRF-PE";"DEL05-PE";"UOP01-DEL05-PE"
148264;2018-07-22;"domingo";"07:20:00";"PI";316;34;"DEMERVAL LOBAO";"Condutor Dormindo";"Colisão com objeto estático";"Com Vítimas Feridas";"Pleno dia";"Decrescente";"Sol";"Simples";"Reta";"Não";2;0;1;0;0;1;1;2;-5,37000886;-42,67233878;"SPRF-PI";"DEL01-PI";"UOP02-DEL01-PI"
148265;2018-07-22;"domingo";"12:15:00";"PB";230;507,6;"CAJAZEIRAS";"Falta de Atenção à Condução";"Colisão transversal";"Com Vítimas Feridas";"Pleno dia";"Crescente";"Céu Claro";"Simples";"Interseção de Vias";"Não";2;0;1;0;1;0;1;2;-6,90086487;-38,56990814;"SPRF-PB";"DEL03-PB";"UOP03-DEL03-PB"
148267;2018-07-18;"quarta-feira";"08:15:00";"PR";277;726,5;"FOZ DO IGUACU";"Falta de Atenção à Condução";"Danos eventuais";"Sem Vítimas";"Pleno dia";"Decrescente";"Céu Claro";"Dupla";"Rotatória";"Sim";2;0;0;0;2;0;0;2;-25,510686;-54,5594573;"SPRF-PR";"DEL05-PR";"UOP03-DEL05-PR"
148268;2018-07-22;"domingo";"13:50:00";"MG";365;618,6;"UBERLANDIA";"Defeito Mecânico no Veículo";"Danos eventuais";"Com Vítimas Feridas";"Pleno dia";"Decrescente";"Céu Claro";"Múltipla";"Declive;Reta";"Sim";1;0;1;0;0;0;1;1;-18,891572;-48,254792;"SPRF-MG";"DEL15-MG";"UOP01-DEL15-MG"
148269;2018-07-22;"domingo";"13:45:00";"BA";116;827,1;"VITORIA DA CONQUISTA";"Falta de Atenção à Condução";"Colisão traseira";"Com Vítimas Feridas";"Pleno dia";"Decrescente";"Sol";"Simples";"Reta";"Sim";3;0;1;0;2;0;1;2;-14,886429;-40,859636;"SPRF-BA";"DEL08-BA";"UOP01-DEL08-BA"
148270;2018-07-22;"domingo";"13:30:00";"MT";158;521,5;"CANARANA";"Avarias e/ou desgaste excessivo no pneu";"Saída de leito carroçável";"Com Vítimas Feridas";"Pleno dia";"Crescente";"Sol";"Simples";"Reta";"Não";2;0;0;2;0;0;2;1;-13,68611961;-52,01490998;"SPRF-MT";"DEL07-MT";"UOP02-DEL07-MT"
148273;2018-07-22;"domingo";"12:40:00";"AM";174;956;"MANAUS";"Defeito na Via";"Colisão traseira";"Com Vítimas Feridas";"Pleno dia";"Decrescente";"Sol";"Simples";"Reta";"Não";10;0;2;0;8;0;2;2;-2,34175308;-60,04607677;"SPRF-AM";"DEL01-AM";"UOP01-DEL01-AM"
148274;2018-07-22;"domingo";"12:30:00";"RS";285;541;"SAO LUIZ GONZAGA";"Falta de Atenção à Condução";"Colisão traseira";"Sem Vítimas";"Pleno dia";"Decrescente";"Sol";"Simples";"Reta";"Não";2;0;0;0;2;0;0;2;-28,40829371;-54,70220447;"SPRF-RS";"DEL10-RS";"UOP01-DEL10-RS"
148275;2018-07-22;"domingo";"14:40:00";"MG";40;48,8;"PARACATU";"Velocidade Incompatível";"Colisão com objeto estático";"Com Vítimas Feridas";"Pleno dia";"Decrescente";"Céu Claro";"Simples";"Curva";"Não";1;0;1;0;0;0;1;1;-17,23838708;-46,81118846;"SPRF-MG";"DEL14-MG";"UOP01-DEL14-MG"
148278;2018-07-22;"domingo";"14:55:00";"PR";376;4,1;"APUCARANA";"Desobediência às normas de trânsito pelo condutor";"Colisão transversal";"Com Vítimas Feridas";"Pleno dia";"Crescente";"Céu Claro";"Simples";"Interseção de Vias";"Sim";5;0;3;0;2;0;3;2;-23,555105;-51,444619;"SPRF-PR";"DEL07-PR";"UOP03-DEL07-PR"
148281;2018-07-22;"domingo";"14:40:00";"MG";381;485,5;"BETIM";"Não guardar distância de segurança";"Colisão traseira";"Com Vítimas Feridas";"Pleno dia";"Crescente";"Sol";"Múltipla";"Reta";"Sim";3;0;1;1;1;0;2;3;-19,9561;-44,1064;"SPRF-MG";"DEL01-MG";"UOP03-DEL01-MG"
148282;2018-07-22;"domingo";"14:50:00";"SC";470;64;"INDAIAL";"Falta de Atenção à Condução";"Colisão transversal";"Com Vítimas Feridas";"Pleno dia";"Crescente";"Céu Claro";"Simples";"Reta";"Não";2;0;0;1;1;0;1;2;-26,869867;-49,201859;"SPRF-SC";"DEL04-SC";"UOP01-DEL04-SC"
148283;2018-07-22;"domingo";"14:55:00";"ES";101;41,5;"CONCEICAO DA BARRA";"Não guardar distância de segurança";"Colisão traseira";"Com Vítimas Feridas";"Pleno dia";"Crescente";"Sol";"Simples";"Aclive";"Não";2;0;0;1;1;0;1;2;-18,508413;-39,915905;"SPRF-ES";"DEL04-ES";"UOP02-DEL04-ES"
148285;2018-07-22;"domingo";"14:30:00";"RJ";101;319;"SAO GONCALO";"Falta de Atenção do Pedestre";"Atropelamento de Pedestre";"Com Vítimas Feridas";"Pleno dia";"Crescente";"Céu Claro";"Dupla";"Reta";"Sim";2;0;0;1;1;0;1;2;-22,87530531;-43,11030865;"SPRF-RJ";"DEL02-RJ";"DEL5/2-UOP04/RJ"
148286;2018-07-22;"domingo";"14:00:00";"PE";232;411;"SERRA TALHADA";"Ultrapassagem Indevida";"Colisão frontal";"Com Vítimas Feridas";"Pleno dia";"Decrescente";"Sol";"Simples";"Reta";"Sim";5;0;1;3;1;0;4;2;-7,9823692;-38,3024497;"SPRF-PE";"DEL04-PE";"UOP01-DEL04-PE"
148288;2018-07-22;"domingo";"15:45:00";"SC";470;194,1;"POUSO REDONDO";"Falta de Atenção à Condução";"Saída de leito carroçável";"Com Vítimas Feridas";"Pleno dia";"Decrescente";"Nublado";"Simples";"Curva";"Não";1;0;1;0;0;0;1;1;-27,29715968;-50,07512569;"SPRF-SC";"DEL04-SC";"UOP02-DEL04-SC"
148289;2018-07-22;"domingo";"15:40:00";"MG";381;453,9;"BELO HORIZONTE";"Falta de Atenção à Condução";"Colisão transversal";"Com Vítimas Feridas";"Pleno dia";"Crescente";"Céu Claro";"Simples";"Curva";"Sim";3;0;2;0;1;0;2;2;-19,83446805;-43,85014588;"SPRF-MG";"DEL01-MG";"UOP01-DEL01-MG"
148290;2018-07-22;"domingo";"14:55:00";"PE";232;19;"JABOATAO DOS GUARARAPES";"Falta de Atenção à Condução";"Saída de leito carroçável";"Com Vítimas Feridas";"Pleno dia";"Decrescente";"Sol";"Dupla";"Reta";"Sim";1;0;1;0;0;0;1;1;-8,09810748;-35,06186843;"SPRF-PE";"DEL01-PE";"UOP01-DEL01-PE"
148291;2018-07-22;"domingo";"15:15:00";"RS";116;228,5;"DOIS IRMAOS";"Falta de Atenção à Condução";"Colisão transversal";"Com Vítimas Feridas";"Pleno dia";"Crescente";"Céu Claro";"Simples";"Curva";"Não";3;0;2;0;1;0;2;2;-29,61450566;-51,12291187;"SPRF-RS";"DEL05-RS";"UOP02-DEL05-RS"
148292;2018-07-22;"domingo";"15:43:00";"MG";381;485,5;"BETIM";"Ingestão de Álcool";"Colisão transversal";"Sem Vítimas";"Pleno dia";"Crescente";"Céu Claro";"Múltipla";"Reta";"Sim";2;0;0;0;2;0;0;2;-19,95576216;-44,10079479;"SPRF-MG";"DEL01-MG";"UOP03-DEL01-MG"
148293;2018-07-22;"domingo";"14:50:00";"MS";163;484,5;"CAMPO GRANDE";"Falta de Atenção à Condução";"Colisão transversal";"Com Vítimas Feridas";"Pleno dia";"Decrescente";"Sol";"Simples";"Interseção de Vias";"Não";2;0;1;0;1;0;1;2;-20,447271;-54,540949;"SPRF-MS";"DEL01-MS";"UOP02-DEL01-MS"
148294;2018-07-22;"domingo";"14:00:00";"GO";364;290,1;"MINEIROS";"Defeito na Via";"Colisão com objeto estático";"Sem Vítimas";"Pleno dia";"Decrescente";"Sol";"Simples";"Reta";"Não";1;0;0;0;1;0;0;1;-17,59003054;-52,46829987;"SPRF-GO";"DEL05-GO";"UOP01-DEL05-GO"
148296;2018-07-22;"domingo";"14:35:00";"PA";10;355;"SANTA MARIA DO PARA";"Falta de Atenção à Condução";"Colisão traseira";"Com Vítimas Feridas";"Pleno dia";"Crescente";"Céu Claro";"Simples";"Reta";"Sim";4;0;1;0;1;2;1;3;-1,34115368;-47,57972717;"SPRF-PA";"DEL01-PA";"UOP02-DEL01-PA"
148297;2018-07-22;"domingo";"15:00:00";"MT";174;433;"COMODORO";"Animais na Pista";"Atropelamento de Animal";"Com Vítimas Feridas";"Pleno dia";"Crescente";"Céu Claro";"Simples";"Reta";"Não";4;0;1;1;2;0;2;1;-14,11668381;-59,71837047;"SPRF-MT";"DEL04-MT";"UOP01-DEL04-MT"
148298;2018-07-22;"domingo";"12:10:00";"PB";361;34,9;"CATINGUEIRA";"Falta de Atenção à Condução";"Colisão frontal";"Com Vítimas Fatais";"Pleno dia";"Crescente";"Céu Claro";"Simples";"Reta";"Não";5;4;1;0;0;0;1;2;-7,089874;-37,557039;"SPRF-PB";"DEL03-PB";"UOP01-DEL03-PB"
148299;2018-07-22;"domingo";"16:25:00";"PE";428;185,8;"PETROLINA";"Desobediência às normas de trânsito pelo condutor";"Colisão transversal";"Com Vítimas Feridas";"Pleno dia";"Decrescente";"Céu Claro";"Simples";"Interseção de Vias";"Sim";2;0;0;1;1;0;1;2;-9,34643123;-40,47363281;"SPRF-PE";"DEL06-PE";"UOP01-DEL06-PE"
148300;2018-07-22;"domingo";"14:57:00";"MT";163;829;"SINOP";"Falta de Atenção à Condução";"Queda de ocupante de veículo";"Com Vítimas Feridas";"Pleno dia";"Crescente";"Sol";"Dupla";"Rotatória";"Sim";1;0;1;0;0;0;1;1;-11,92984739;-55,51294506;"SPRF-MT";"DEL06-MT";"UOP01-DEL06-MT"
148301;2018-07-22;"domingo";"16:00:00";"TO";153;257;"COLINAS DO TOCANTINS";"Defeito Mecânico no Veículo";"Saída de leito carroçável";"Com Vítimas Feridas";"Pleno dia";"Decrescente";"Céu Claro";"Simples";"Reta";"Não";4;0;4;0;0;0;4;1;-8,1443;-48,468334;"SPRF-TO";"DEL02-TO";"UOP02-DEL02-TO"
148302;2018-07-22;"domingo";"16:30:00";"MG";116;347,8;"CAMPANARIO";"Ultrapassagem Indevida";"Capotamento";"Com Vítimas Feridas";"Pleno dia";"Crescente";"Céu Claro";"Simples";"Reta";"Não";5;0;4;0;1;0;4;1;-18,3242182;-41,76120043;"SPRF-MG";"DEL11-MG";"UOP01-DEL11-MG"
148303;2018-07-22;"domingo";"16:30:00";"PR";476;115;"COLOMBO";"Falta de Atenção à Condução";"Colisão transversal";"Com Vítimas Feridas";"Pleno dia";"Crescente";"Céu Claro";"Dupla";"Reta";"Sim";2;0;0;1;1;0;1;2;-25,344196;-49,159679;"SPRF-PR";"DEL01-PR";"UOP01-DEL01-PR"
148305;2018-07-22;"domingo";"16:00:00";"PB";230;22,8;"JOAO PESSOA";"Falta de Atenção à Condução";"Saída de leito carroçável";"Com Vítimas Feridas";"Pleno dia";"Decrescente";"Nublado";"Dupla";"Reta";"Sim";2;0;1;1;0;0;2;1;-7,15501652;-34,85634685;"SPRF-PB";"DEL01-PB";"UOP01-DEL01-PB"
148306;2018-07-22;"domingo";"16:35:00";"PR";369;128;"JATAIZINHO";"Falta de Atenção à Condução";"Colisão lateral";"Com Vítimas Fatais";"Pleno dia";"Crescente";"Céu Claro";"Dupla";"Retorno Regulamentado;Reta";"Não";10;2;0;3;2;3;3;3;-23,26864066;-50,96833164;"SPRF-PR";"DEL07-PR";"UOP01-DEL07-PR"
148307;2018-07-22;"domingo";"16:30:00";"SP";116;224,4;"GUARULHOS";"Falta de Atenção à Condução";"Saída de leito carroçável";"Com Vítimas Fatais";"Pleno dia";"Decrescente";"Céu Claro";"Múltipla";"Reta";"Sim";4;1;0;0;2;1;0;2;-23,4850538;-46,53926611;"SPRF-SP";"DEL01-SP";"UOP01-DEL01-SP"
148308;2018-07-22;"domingo";"15:30:00";"PI";316;307,3;"PICOS";"Falta de Atenção à Condução";"Saída de leito carroçável";"Com Vítimas Feridas";"Pleno dia";"Crescente";"Céu Claro";"Simples";"Reta";"Sim";3;0;1;2;0;0;3;1;-7,07774;-41,492;"SPRF-PI";"DEL04-PI";"UOP01-DEL04-PI"
148309;2018-07-22;"domingo";"14:00:00";"MG";40;624,2;"CONSELHEIRO LAFAIETE";"Velocidade Incompatível";"Colisão com objeto estático";"Com Vítimas Feridas";"Pleno dia";"Crescente";"Céu Claro";"Simples";"Curva";"Não";3;0;3;0;0;0;3;1;-20,6227;-43,8069;"SPRF-MG";"DEL05-MG";"UOP02-DEL05-MG"
148310;2018-07-22;"domingo";"14:30:00";"MG";40;640,5;"CONSELHEIRO LAFAIETE";"Falta de Atenção à Condução";"Colisão com objeto estático";"Sem Vítimas";"Pleno dia";"Decrescente";"Céu Claro";"Simples";"Reta";"Não";2;0;0;0;2;0;0;1;-20,7642;-43,8056;"SPRF-MG";"DEL05-MG";"UOP02-DEL05-MG"
148311;2018-07-22;"domingo";"11:50:00";"RJ";40;84;"PETROPOLIS";"Velocidade Incompatível";"Colisão com objeto estático";"Sem Vítimas";"Pleno dia";"Crescente";"Nublado";"Simples";"Curva";"Não";1;0;0;0;1;0;0;1;-22,48650773;-43,19171906;"SPRF-RJ";"DEL06-RJ";"UOP01-DEL06-RJ"
148312;2018-07-22;"domingo";"16:15:00";"BA";324;586;"CANDEIAS";"Falta de Atenção à Condução";"Saída de leito carroçável";"Com Vítimas Feridas";"Pleno dia";"Decrescente";"Sol";"Dupla";"Reta";"Não";5;0;3;0;2;0;3;1;-12,6438331;-38,4762857;"SPRF-BA";"DEL01-BA";"UOP01-DEL01-BA"