"id";"data_inversa";"dia_semana";"horario";"uf";"br";"km";"municipio";"causa_acidente";"tipo_acidente";"classificacao_acidente";"fase_dia";"sentido_via";"condicao_metereologica";"tipo_pista";"tracado_via";"uso_solo";"pessoas";"mortos";"feridos_leves";"feridos_graves";"ilesos";"ignorados";"feridos";"veiculos";"latitude";"longitude";"regional";"delegacia";"uop"
148314;2018-07-22;"domingo";"16:50:00";"SP";381;13,6;"BRAGANCA PAULISTA";"Falta de Atenção à Condução";"Colisão traseira";"Com Vítimas Feridas";"Pleno dia";"Crescente";"Céu Claro";"Dupla";"Reta";"Não";3;0;1;0;2;0;1;2;-22,94385067;-46,47342324;"SPRF-SP";"DEL03-SP";"UOP02-DEL03-SP"
148315;2018-07-22;"domingo";"16:30:00";"AL";316;256,2;"PILAR";"Falta de Atenção à Condução";"Colisão transversal";"Com Vítimas Feridas";"Pleno dia";"Crescente";"Chuva";"Simples";"Interseção de Vias";"Não";2;0;1;0;1;0;1;2;-9,5910116;-35,93953874;"SPRF-AL";"DEL02-AL";"UOP01-DEL02-AL"
148316;2018-07-22;"domingo";"15:30:00";"SP";116;277;"EMBU DAS ARTES";"Falta de Atenção à Condução";"Saída de leito carroçável";"Com Vítimas Feridas";"Pleno dia";"Crescente";"Nublado";"Dupla";"Reta";"Sim";2;0;1;0;1;0;1;1;-23,62945675;-46,82020068;"SPRF-SP";"DEL04-SP";"UOP01-DEL04-SP"
148317;2018-07-22;"domingo";"16:30:00";"BA";330;728,5;"JEQUIE";"Falta de Atenção à Condução";"Colisão transversal";"Com Vítimas Feridas";"Pleno dia";"Decrescente";"Céu Claro";"Simples";"Curva";"Não";4;0;2;0;2;0;2;2;-13,88575565;-40,03118634;"SPRF-BA";"DEL03-BA";"UOP01-DEL03-BA"
148318;2018-07-22;"domingo";"17:10:00";"CE";116;55;"PACAJUS";"Não guardar distância de segurança";"Engavetamento";"Com Vítimas Feridas";"Anoitecer";"Decrescente";"Nublado";"Simples";"Reta";"Não";9;0;1;0;7;1;1;4;-4,2217;-38,4761;"SPRF-CE";"DEL03-CE";"UOP02-DEL03-CE"
148319;2018-07-22;"domingo";"16:00:00";"PR";467;109,9;"CASCAVEL";"Desobediência às normas de trânsito pelo condutor";"Atropelamento de Pedestre";"Com Vítimas Feridas";"Pleno dia";"Crescente";"Sol";"Dupla";"Reta";"Sim";3;0;0;1;1;1;1;2;-24,92946231;-53,45287228;"SPRF-PR";"DEL04-PR";"UOP01-DEL04-PR"
148320;2018-07-22;"domingo";"16:50:00";"PI";230;310;"FLORIANO";"Ingestão de Álcool";"Queda de ocupante de veículo";"Com Vítimas Feridas";"Pleno dia";"Decrescente";"Céu Claro";"Simples";"Reta";"Sim";1;0;1;0;0;0;1;1;-6,76451114;-43,00855637;"SPRF-PI";"DEL03-PI";"UOP01-DEL03-PI"
148321;2018-07-22;"domingo";"17:00:00";"MG";381;821,2;"CAREACU";"Desobediência às normas de trânsito pelo condutor";"Colisão traseira";"Com Vítimas Feridas";"Plena Noite";"Decrescente";"Céu Claro";"Dupla";"Reta";"Não";3;0;1;1;1;0;2;2;-22,07874524;-45,70145667;"SPRF-MG";"DEL16-MG";"UOP02-DEL16-MG"
148322;2018-03-24;"sábado";"02:40:00";"MT";163;1038;"MATUPA";"Sinalização da via insuficiente ou inadequada";"Colisão frontal";"Com Vítimas Fatais";"Plena Noite";"Crescente";"Chuva";"Simples";"Reta";"Sim";6;2;1;2;1;0;3;2;-10,187163;-54,947376;"SPRF-MT";"DEL06-MT";"UOP02-DEL06-MT"
148323;2018-07-22;"domingo";"17:00:00";"PI";343;3,3;"PARNAIBA";"Desobediência às normas de trânsito pelo condutor";"Colisão transversal";"Com Vítimas Fatais";"Pleno dia";"Decrescente";"Sol";"Simples";"Reta";"Não";7;1;2;2;2;0;4;2;-2,90124;-41,680931;"SPRF-PI";"DEL05-PI";"UOP01-DEL05-PI"
148324;2018-07-22;"domingo";"17:10:00";"PR";280;292;"FLOR DA SERRA DO SUL";"Falta de Atenção à Condução";"Colisão transversal";"Com Vítimas Feridas";"Pleno dia";"Decrescente";"Céu Claro";"Simples";"Interseção de Vias";"Não";4;0;2;2;0;0;4;2;-26,256123;-53,300601;"SPRF-PR";"DEL02-PR";"UOP01-DEL02-PR"
148325;2018-07-22;"domingo";"17:30:00";"PR";369;179;"ARAPONGAS";"Desobediência às normas de trânsito pelo condutor";"Colisão traseira";"Sem Vítimas";"Anoitecer";"Decrescente";"Céu Claro";"Dupla";"Reta";"Não";4;0;0;0;4;0;0;4;-23,367324;-51,405974;"SPRF-PR";"DEL07-PR";"UOP03-DEL07-PR"
148327;2018-07-22;"domingo";"15:45:00";"RS";116;237,9;"NOVO HAMBURGO";"Velocidade Incompatível";"Colisão com objeto estático";"Com Vítimas Feridas";"Pleno dia";"Decrescente";"Céu Claro";"Dupla";"Reta";"Sim";1;0;1;0;0;0;1;1;-29,68672457;-51,14183754;"SPRF-RS";"DEL01-RS";"UOP02-DEL01-RS"
148328;2018-07-22;"domingo";"16:10:00";"RJ";101;320;"NITEROI";"Não guardar distância de segurança";"Colisão lateral";"Com Vítimas Feridas";"Pleno dia";"Crescente";"Nublado";"Dupla";"Reta";"Sim";2;0;1;0;1;0;1;2;-22,861752;-43,107143;"SPRF-RJ";"DEL02-RJ";"UOP02-DEL02-RJ"
148329;2018-07-22;"domingo";"17:40:00";"ES";101;211,7;"IBIRACU";"Falta de Atenção à Condução";"Colisão traseira";"Com Vítimas Feridas";"Anoitecer";"Crescente";"Céu Claro";"Simples";"Reta";"Não";3;0;1;0;2;0;1;2;-19,81322219;-40,36565781;"SPRF-ES";"DEL02-ES";"UOP01-DEL02-ES"
148330;2018-07-22;"domingo";"15:30:00";"MA";10;265;"IMPERATRIZ";"Falta de Atenção à Condução";"Saída de leito carroçável";"Com Vítimas Feridas";"Pleno dia";"Crescente";"Céu Claro";"Simples";"Reta";"Não";5;0;1;4;0;0;5;1;-5,418198;-47,472858;"SPRF-MA";"DEL04-MA";"UOP01-DEL04-MA"
148331;2018-07-22;"domingo";"17:45:00";"PR";476;114;"COLOMBO";"Falta de Atenção à Condução";"Colisão transversal";"Com Vítimas Feridas";"Anoitecer";"Decrescente";"Nublado";"Simples";"Interseção de Vias";"Sim";3;0;1;0;2;0;1;2;-25,339885;-49,157364;"SPRF-PR";"DEL01-PR";"UOP01-DEL01-PR"
148332;2018-07-22;"domingo";"17:40:00";"RS";116;233,5;"ESTANCIA VELHA";"Falta de Atenção à Condução";"Colisão traseira";"Com Vítimas Feridas";"Anoitecer";"Crescente";"Céu Claro";"Simples";"Reta";"Não";4;0;1;0;3;0;1;3;-29,64188697;-51,14269048;"SPRF-RS";"DEL01-RS";"UOP02-DEL01-RS"
148333;2018-07-22;"domingo";"17:40:00";"CE";20;383,1;"CAUCAIA";"Objeto estático sobre o leito carroçável";"Queda de ocupante de veículo";"Com Vítimas Feridas";"Anoitecer";"Decrescente";"Céu Claro";"Simples";"Reta";"Não";2;0;1;0;1;0;1;2;-3,892135;-38,832269;"SPRF-CE";"DEL01-CE";"UOP01-DEL01-CE"
148336;2018-07-22;"domingo";"17:40:00";"SC";101;213;"PALHOCA";"Falta de Atenção à Condução";"Colisão traseira";"Com Vítimas Feridas";"Anoitecer";"Decrescente";"Céu Claro";"Múltipla";"Reta";"Não";3;0;1;0;2;0;1;2;-27,6446;-48,6705;"SPRF-SC";"DEL01-SC";"UOP02-DEL01-SC"
148337;2018-07-22;"domingo";"18:00:00";"RN";101;96;"NATAL";"Falta de Atenção à Condução";"Colisão traseira";"Com Vítimas Feridas";"Plena Noite";"Decrescente";"Céu Claro";"Múltipla";"Reta";"Sim";3;0;1;0;2;0;1;3;-5,844189;-35,208961;"SPRF-RN";"DEL01-RN";"UOP01-DEL01-RN"
148338;2018-07-22;"domingo";"18:30:00";"PE";424;68;"CAETES";"Ingestão de Álcool";"Colisão frontal";"Com Vítimas Feridas";"Plena Noite";"Decrescente";"Céu Claro";"Simples";"Reta";"Sim";2;0;2;0;0;0;2;2;-8,77292797;-36,62948443;"SPRF-PE";"DEL03-PE";"UOP01-DEL03-PE"
148339;2018-07-22;"domingo";"18:25:00";"DF";70;9;"BRASILIA";"Falta de Atenção à Condução";"Colisão traseira";"Sem Vítimas";"Plena Noite";"Decrescente";"Céu Claro";"Dupla";"Reta";"Sim";2;0;0;0;2;0;0;2;-15,787066;-48,140709;"SPRF-DF";"DEL01-DF";"UOP02-DEL03-DF"
148340;2018-07-22;"domingo";"11:30:00";"AC";317;217,8;"XAPURI";"Defeito na Via";"Saída de leito carroçável";"Com Vítimas Feridas";"Pleno dia";"Crescente";"Céu Claro";"Simples";"Declive";"Não";4;0;2;0;2;0;2;1;-10,66971754;-68,2559967;"SPRF-AC";"DEL01-AC";"UOP02-DEL01-AC"
148341;2018-07-22;"domingo";"18:10:00";"MG";40;509;"RIBEIRAO DAS NEVES";"Falta de Atenção do Pedestre";"Atropelamento de Pedestre";"Com Vítimas Feridas";"Plena Noite";"Crescente";"Céu Claro";"Dupla";"Reta";"Sim";2;0;0;1;1;0;1;2;-19,7774;-44,1209;"SPRF-MG";"DEL01-MG";"UOP03-DEL01-MG"
148342;2018-07-22;"domingo";"18:30:00";"MG";40;613;"CONGONHAS";"Falta de Atenção do Pedestre";"Atropelamento de Pedestre";"Com Vítimas Feridas";"Plena Noite";"Crescente";"Céu Claro";"Simples";"Curva";"Sim";12;0;0;1;11;0;1;2;-20,52586047;-43,82739689;"SPRF-MG";"DEL05-MG";"UOP02-DEL05-MG"
148343;2018-07-22;"domingo";"15:30:00";"PR";369;500,3;"CORBELIA";"Desobediência às normas de trânsito pelo condutor";"Colisão transversal";"Com Vítimas Feridas";"Pleno dia";"Decrescente";"Céu Claro";"Dupla";"Em Obras";"Sim";2;0;1;0;1;0;1;2;-24,7826;-53,2913;"SPRF-PR";"DEL04-PR";"UOP03-DEL04-PR"
148344;2018-07-22;"domingo";"18:25:00";"SC";470;112;"APIUNA";"Falta de Atenção à Condução";"Colisão traseira";"Com Vítimas Feridas";"Plena Noite";"Decrescente";"Nublado";"Simples";"Curva";"Não";3;0;1;1;1;0;2;2;-27,09051725;-49,45841074;"SPRF-SC";"DEL04-SC";"UOP02-DEL04-SC"
148345;2018-07-22;"domingo";"12:40:00";"RS";287;330,4;"SAO VICENTE DO SUL";"Desobediência às normas de trânsito pelo condutor";"Colisão lateral";"Com Vítimas Feridas";"Pleno dia";"Crescente";"Nublado";"Simples";"Reta";"Não";2;0;0;1;1;0;1;2;-29,67844843;-54,66820941;"SPRF-RS";"DEL12-RS";"UOP02-DEL12-RS"
148349;2018-07-22;"domingo";"18:30:00";"GO";153;521,4;"HIDROLANDIA";"Desobediência às normas de trânsito pelo condutor";"Colisão transversal";"Com Vítimas Feridas";"Amanhecer";"Decrescente";"Ignorado";"Dupla";"Reta";"Não";3;0;1;1;1;0;2;2;-16,8937;-49,2557;"SPRF-GO";"DEL01-GO";"UOP03-DEL01-GO"
148350;2018-07-22;"domingo";"18:40:00";"RN";110;126,4;"AUGUSTO SEVERO";"Falta de Atenção à Condução";"Colisão frontal";"Com Vítimas Feridas";"Plena Noite";"Decrescente";"Céu Claro";"Simples";"Reta";"Não";2;0;0;1;1;0;1;2;-5,86808649;-37,3154068;"SPRF-RN";"DEL04-RN";"UOP01-DEL04-RN"
148351;2018-07-22;"domingo";"18:15:00";"SC";101;146;"ITAPEMA";"Falta de Atenção à Condução";"Queda de ocupante de veículo";"Com Vítimas Feridas";"Plena Noite";"Decrescente";"Céu Claro";"Dupla";"Reta";"Sim";1;0;1;0;0;0;1;1;-27,0918;-48,6168;"SPRF-SC";"DEL04-SC";"UOP03-DEL04-SC"
148355;2018-07-22;"domingo";"18:10:00";"SP";153;152,3;"PROMISSAO";"Falta de Atenção à Condução";"Colisão traseira";"Com Vítimas Feridas";"Anoitecer";"Crescente";"Céu Claro";"Simples";"Reta";"Não";2;0;1;0;1;0;1;2;-21,42929118;-49,78609529;"SPRF-SP";"DEL07-SP";"UOP01-DEL07-SP"
148356;2018-07-22;"domingo";"18:00:00";"PE";101;145,5;"RIBEIRAO";"Animais na Pista";"Atropelamento de Animal";"Sem Vítimas";"Plena Noite";"Crescente";"Céu Claro";"Dupla";"Reta";"Não";1;0;0;0;0;1;0;1;-8,459499;-35,364655;"SPRF-PE";"DEL01-PE";"UOP03-DEL01-PE"
148358;2018-07-22;"domingo";"18:40:00";"CE";20;429;"FORTALEZA";"Desobediência às normas de trânsito pelo condutor";"Colisão frontal";"Com Vítimas Feridas";"Plena Noite";"Decrescente";"Céu Claro";"Dupla";"Reta";"Não";3;0;2;1;0;0;3;2;-3,86983027;-38,50385293;"SPRF-CE";"DEL01-CE";"UOP02-DEL01-CE"
148359;2018-07-22;"domingo";"18:00:00";"ES";262;120;"CONCEICAO DO CASTELO";"Falta de Atenção à Condução";"Tombamento";"Com Vítimas Feridas";"Plena Noite";"Crescente";"Nublado";"Simples";"Curva";"Não";1;0;0;1;0;0;1;1;-20,30838818;-41,2409699;"SPRF-ES";"DEL01-ES";"UOP02-DEL01-ES"
148360;2018-07-22;"domingo";"18:30:00";"PI";316;22,2;"TERESINA";"Desobediência às normas de trânsito pelo condutor";"Colisão com objeto estático";"Com Vítimas Feridas";"Plena Noite";"Decrescente";"Céu Claro";"Simples";"Reta";"Não";2;0;0;1;1;0;1;2;-5,275555;-42,726074;"SPRF-PI";"DEL01-PI";"UOP02-DEL01-PI"
148361;2018-07-22;"domingo";"17:40:00";"SC";282;535,2;"CHAPECO";"Ingestão de álcool e/ou substâncias psicoativas pelo pedestre";"Colisão transversal";"Com Vítimas Feridas";"Anoitecer";"Decrescente";"Céu Claro";"Simples";"Rotatória";"Sim";3;0;2;0;1;0;2;2;-26,99964325;-52,64622688;"SPRF-SC";"DEL07-SC";"UOP01-DEL07-SC"
148362;2018-07-22;"domingo";"18:30:00";"ES";262;46,8;"MARECHAL FLORIANO";"Falta de Atenção à Condução";"Colisão transversal";"Com Vítimas Feridas";"Plena Noite";"Crescente";"Céu Claro";"Simples";"Interseção de Vias";"Sim";2;0;0;1;1;0;1;2;-20,41074831;-40,67712155;"SPRF-ES";"DEL01-ES";"UOP01-DEL01-ES"
148363;2018-07-22;"domingo";"19:55:00";"SE";101;64,4;"ROSARIO DO CATETE";"Animais na Pista";"Atropelamento de Animal";"Com Vítimas Feridas";"Plena Noite";"Crescente";"Céu Claro";"Simples";"Reta";"Não";2;0;1;1;0;0;2;1;-10,70146;-37,0496;"SPRF-SE";"DEL02-SE";"UOP02-DEL02-SE"
148364;2018-07-22;"domingo";"19:50:00";"PE";423;41,8;"CACHOEIRINHA";"Ingestão de Álcool";"Colisão frontal";"Com Vítimas Feridas";"Plena Noite";"Decrescente";"Chuva";"Simples";"Reta";"Não";3;0;1;2;0;0;3;2;-8,5072197;-36,25008702;"SPRF-PE";"DEL03-PE";"UOP01-DEL03-PE"
148365;2018-07-22;"domingo";"19:15:00";"SC";470;66;"INDAIAL";"Ingestão de Álcool";"Colisão traseira";"Com Vítimas Feridas";"Plena Noite";"Crescente";"Nublado";"Simples";"Aclive";"Sim";4;0;1;0;3;0;1;3;-26,87199474;-49,19435531;"SPRF-SC";"DEL04-SC";"UOP01-DEL04-SC"
148367;2018-07-22;"domingo";"19:35:00";"GO";40;11,5;"LUZIANIA";"Falta de Atenção à Condução";"Capotamento";"Com Vítimas Feridas";"Plena Noite";"Crescente";"Céu Claro";"Dupla";"Reta";"Sim";4;0;2;0;2;0;2;1;-16,1420332;-47,9482073;"SPRF-DF";"DEL01-DF";"UOP01-DEL01-DF"
148368;2018-07-22;"domingo";"18:40:00";"CE";116;3;"FORTALEZA";"Falta de Atenção à Condução";"Colisão lateral";"Com Vítimas Feridas";"Plena Noite";"Decrescente";"Céu Claro";"Dupla";"Reta";"Sim";2;0;1;0;1;0;1;2;-3,77861477;-38,51373196;"SPRF-CE";"DEL01-CE";"UOP02-DEL01-CE"
148369;2018-07-22;"domingo";"14:20:00";"RN";406;169;"SAO GONCALO DO AMARANTE";"Ingestão de Álcool";"Saída de leito carroçável";"Sem Vítimas";"Pleno dia";"Crescente";"Céu Claro";"Dupla";"Reta";"Sim";3;0;0;0;3;0;0;1;-5,75796467;-35,3015563;"SPRF-RN";"DEL02-RN";"UOP01-DEL02-RN"
148370;2018-07-22;"domingo";"20:15:00";"RS";392;44,6;"RIO GRANDE";"Defeito Mecânico no Veículo";"Incêndio";"Sem Vítimas";"Plena Noite";"Crescente";"Nublado";"Dupla";"Reta";"Não";1;0;0;0;1;0;0;1;-31,930166;-52,312592;"SPRF-RS";"DEL07-RS";"UOP02-DEL07-RS"
148371;2018-07-22;"domingo";"20:15:00";"RS";290;198,5;"RIO PARDO";"Animais na Pista";"Atropelamento de Animal";"Sem Vítimas";"Plena Noite";"Crescente";"Céu Claro";"Simples";"Reta";"Não";1;0;0;0;1;0;0;1;-30,16926;-52,196026;"SPRF-RS";"DEL02-RS";"UOP02-DEL02-RS"
148373;2018-07-22;"domingo";"19:20:00";"PE";232;313;"SERTANIA";"Falta de Atenção à Condução";"Colisão traseira";"Com Vítimas Feridas";"Plena Noite";"Decrescente";"Céu Claro";"Simples";"Reta";"Sim";5;0;2;0;3;0;2;3;-8,13927394;-37,47265144;"SPRF-PE";"DEL03-PE";"UOP02-DEL03-PE"
148375;2018-07-22;"domingo";"20:38:00";"GO";40;5;"VALPARAISO DE GOIAS";"Velocidade Incompatível";"Colisão transversal";"Com Vítimas Feridas";"Plena Noite";"Crescente";"Céu Claro";"Dupla";"Reta";"Sim";2;0;1;0;1;0;1;2;-16,09323772;-47,98217654;"SPRF-DF";"DEL01-DF";"UOP01-DEL01-DF"
148377;2018-07-22;"domingo";"20:45:00";"GO";60;117;"TEREZOPOLIS DE GOIAS";"Ingestão de Álcool";"Colisão transversal";"Com Vítimas Feridas";"Plena Noite";"Decrescente";"Céu Claro";"Múltipla";"Interseção de Vias;Declive;Reta";"Sim";4;0;2;0;2;0;2;2;-16,48381653;-49,09284711;"SPRF-GO";"DEL01-GO";"UOP01-DEL01-GO"
148378;2018-07-22;"domingo";"20:50:00";"SC";101;218;"PALHOCA";"Ingestão de Álcool";"Saída de leito carroçável";"Sem Vítimas";"Plena Noite";"Decrescente";"Céu Claro";"Dupla";"Reta";"Sim";1;0;0;0;1;0;0;1;-27,6854;-48,6664;"SPRF-SC";"DEL01-SC";"UOP02-DEL01-SC"
148379;2018-07-22;"domingo";"20:15:00";"RJ";101;466;"ANGRA DOS REIS";"Pista Escorregadia";"Colisão transversal";"Com Vítimas Feridas";"Plena Noite";"Decrescente";"Garoa/Chuvisco";"Simples";"Curva";"Não";2;0;1;0;1;0;1;2;-23,02512174;-44,21994086;"SPRF-RJ";"DEL03-RJ";"UOP03-DEL03-RJ"
148380;2018-07-22;"domingo";"20:30:00";"SC";470;68;"INDAIAL";"Falta de Atenção à Condução";"Saída de leito carroçável";"Sem Vítimas";"Plena Noite";"Decrescente";"Céu Claro";"Simples";"Reta";"Não";1;0;0;0;1;0;0;1;-26,877615;-49,239231;"SPRF-SC";"DEL04-SC";"UOP01-DEL04-SC"
148382;2018-07-22;"domingo";"21:20:00";"DF";20;10,8;"BRASILIA";"Ingestão de Álcool";"Colisão traseira";"Com Vítimas Feridas";"Plena Noite";"Decrescente";"Céu Claro";"Dupla";"Reta";"Sim";3;0;1;0;2;0;1;2;-15,64715497;-47,76793648;"SPRF-DF";"DEL02-DF";"UOP01-DEL02-DF"
148383;2018-07-22;"domingo";"21:30:00";"ES";262;155;"IBATIBA";"Velocidade Incompatível";"Capotamento";"Com Vítimas Feridas";"Plena Noite";"Decrescente";"Céu Claro";"Simples";"Reta";"Não";1;0;0;1;0;0;1;1;-20,2283;-41,4753;"SPRF-ES";"DEL01-ES";"UOP02-DEL01-ES"
148385;2018-07-22;"domingo";"21:30:00";"BA";324;1;"FEIRA DE SANTANA";"Ingestão de Álcool";"Queda de ocupante de veículo";"Com Vítimas Feridas";"Plena Noite";"Decrescente";"Céu Claro";"Dupla";"Reta";"Sim";1;0;1;0;0;0;1;1;-12,27991807;-38,94108295;"SPRF-BA";"DEL02-BA";"UOP01-DEL02-BA"
148386;2018-07-22;"domingo";"19:00:00";"MA";226;254,6;"TUNTUM";"Desobediência às normas de trânsito pelo condutor";"Colisão lateral";"Com Vítimas Fatais";"Plena Noite";"Decrescente";"Céu Claro";"Simples";"Curva";"Não";23;2;12;2;7;0;14;2;-5,32265;-44,608459;"SPRF-MA";"DEL03-MA";"UOP01-DEL03-MA"
148387;2018-07-22;"domingo";"21:10:00";"RJ";101;237;"NITEROI";"Não guardar distância de segurança";"Colisão lateral";"Com Vítimas Feridas";"Plena Noite";"Decrescente";"Nublado";"Dupla";"Reta";"Sim";4;0;2;0;2;0;2;2;-22,87427726;-43,15738678;"SPRF-RJ";"DEL02-RJ";"UOP03-DEL02-RJ"
148390;2018-07-22;"domingo";"19:30:00";"MG";262;14,1;"MARTINS SOARES";"Falta de Atenção à Condução";"Colisão lateral";"Com Vítimas Feridas";"Plena Noite";"Crescente";"Nublado";"Simples";"Reta";"Não";4;0;0;1;1;2;1;3;-20,263456;-41,867567;"SPRF-MG";"DEL06-MG";"UOP03-DEL06-MG"
148391;2018-07-22;"domingo";"20:30:00";"SC";153;112,9;"CONCORDIA";"Falta de Atenção à Condução";"Saída de leito carroçável";"Com Vítimas Feridas";"Plena Noite";"Decrescente";"Céu Claro";"Simples";"Reta";"Não";2;0;0;1;1;0;1;1;-27,33974974;-51,98215485;"SPRF-SC";"DEL07-SC";"UOP04-DEL07-SC"
148392;2018-07-22;"domingo";"20:40:00";"PB";230;497,7;"CAJAZEIRAS";"Animais na Pista";"Atropelamento de Animal";"Sem Vítimas";"Plena Noite";"Crescente";"Céu Claro";"Simples";"Reta";"Não";1;0;0;0;1;0;0;1;-6,89558189;-38,48961353;"SPRF-PB";"DEL03-PB";"UOP03-DEL03-PB"
148393;2018-07-22;"domingo";"20:50:00";"ES";262;19;"VIANA";"Falta de Atenção à Condução";"Colisão transversal";"Com Vítimas Feridas";"Plena Noite";"Crescente";"Céu Claro";"Simples";"Interseção de Vias;Reta";"Sim";2;0;0;1;1;0;1;2;-20,38826734;-40,4944092;"SPRF-ES";"DEL01-ES";"UOP01-DEL01-ES"
148394;2018-07-22;"domingo";"20:44:00";"RO";319;62,8;"PORTO VELHO";"Ingestão de Álcool";"Colisão traseira";"Sem Vítimas";"Plena Noite";"Crescente";"Céu Claro";"Dupla";"Reta";"Sim";2;0;0;0;2;0;0;2;-8,75549455;-63,88683731;"SPRF-RO";"DEL01-RO";"UOP01-DEL01-RO"
148397;2018-07-22;"domingo";"22:40:00";"SE";101;204,4;"CRISTINAPOLIS";"Ingestão de Álcool";"Queda de ocupante de veículo";"Com Vítimas Feridas";"Plena Noite";"Crescente";"Céu Claro";"Simples";"Reta";"Não";1;0;0;1;0;0;1;1;-11,50122047;-37,78335571;"SPRF-SE";"DEL02-SE";"UOP03-DEL02-SE"
148398;2018-04-16;"segunda-feira";"11:50:00";"CE";20;432;"EUSEBIO";"Falta de Atenção à Condução";"Colisão traseira";"Com Vítimas Feridas";"Pleno dia";"Crescente";"Céu Claro";"Simples";"Reta";"Sim";3;0;0;2;1;0;2;2;-3,86360164;-38,47114921;"SPRF-CE";"DEL01-CE";"UOP02-DEL01-CE"
148399;2018-07-22;"domingo";"20:00:00";"PR";163;68;"PEROLA DOESTE";"Ingestão de Álcool";"Saída de leito carroçável";"Com Vítimas Feridas";"Plena Noite";"Decrescente";"Céu Claro";"Simples";"Aclive;Curva";"Não";1;0;1;0;0;0;1;1;-25,8161;-53,7625;"SPRF-PR";"DEL02-PR";"UOP02-DEL02-PR"
148400;2018-07-22;"domingo";"22:00:00";"SC";470;102;"APIUNA";"Falta de Atenção à Condução";"Colisão frontal";"Com Vítimas Feridas";"Plena Noite";"Decrescente";"Nublado";"Simples";"Curva";"Sim";5;0;3;0;2;0;3;2;-27,04773632;-49,39190604;"SPRF-SC";"DEL04-SC";"UOP02-DEL04-SC"
148401;2018-07-22;"domingo";"17:50:00";"MT";70;795;"CACERES";"Defeito Mecânico no Veículo";"Saída de leito carroçável";"Com Vítimas Feridas";"Anoitecer";"Decrescente";"Céu Claro";"Simples";"Reta";"Não";1;0;1;0;0;0;1;1;-16,245289;-58,121867;"SPRF-MT";"DEL03-MT";"UOP01-DEL03-MT"
148402;2018-07-22;"domingo";"23:45:00";"ES";101;270,1;"SERRA";"Falta de Atenção do Pedestre";"Atropelamento de Pedestre";"Com Vítimas Fatais";"Plena Noite";"Crescente";"Nublado";"Dupla";"Curva";"Sim";2;1;0;0;1;0;0;2;-20,22636191;-40,27076125;"SPRF-ES";"DEL02-ES";"UOP01-DEL02-ES"
148404;2018-07-22;"domingo";"23:30:00";"RN";304;207,5;"LAJES";"Sinalização da via insuficiente ou inadequada";"Colisão lateral";"Com Vítimas Feridas";"Plena Noite";"Crescente";"Nublado";"Simples";"Declive;Reta";"Não";8;0;3;0;5;0;3;4;-5,72223695;-36,17866516;"SPRF-RN";"DEL01-RN";"UOP03-DEL01-RN"
148405;2018-07-23;"segunda-feira";"00:01:00";"GO";153;503,9;"APARECIDA DE GOIANIA";"Ingestão de Álcool";"Colisão com objeto estático";"Com Vítimas Feridas";"Plena Noite";"Decrescente";"Céu Claro";"Dupla";"Aclive";"Sim";1;0;0;1;0;0;1;1;-16,7366;-49,243;"SPRF-GO";"DEL01-GO";"UOP01-DEL01-GO"
148406;2018-07-22;"domingo";"23:30:00";"DF";60;6;"BRASILIA";"Falta de Atenção à Condução";"Saída de leito carroçável";"Com Vítimas Feridas";"Plena Noite";"Decrescente";"Céu Claro";"Dupla";"Reta";"Sim";1;0;1;0;0;0;1;1;-15,897939;-48,113056;"SPRF-DF";"DEL01-DF";"UOP01-DEL03-DF"
148407;2018-07-22;"domingo";"23:40:00";"ES";101;147;"LINHARES";"Falta de Atenção à Condução";"Colisão traseira";"Com Vítimas Feridas";"Plena Noite";"Crescente";"Nublado";"Dupla";"Interseção de Vias";"Sim";2;0;1;0;1;0;1;2;-19,37526376;-40,06645203;"SPRF-ES";"DEL04-ES";"UOP01-DEL04-ES"
148408;2018-07-22;"domingo";"19:00:00";"RR";174;350;"CARACARAI";"Defeito na Via";"Queda de ocupante de veículo";"Com Vítimas Feridas";"Plena Noite";"Crescente";"Chuva";"Simples";"Reta";"Não";2;0;1;0;1;0;1;1;1,700579;-61,11245;"SPRF-RR";"DEL01-RR";"UOP01-DEL01-RR"
148410;2018-07-22;"domingo";"23:20:00";"SE";101;147;"ESTANCIA";"Ingestão de Álcool";"Colisão lateral";"Com Vítimas Feridas";"Plena Noite";"Decrescente";"Céu Claro";"Simples";"Curva";"Não";2;0;1;0;1;0;1;2;-11,2414;-37,4316;"SPRF-SE";"DEL02-SE";"UOP01-DEL02-SE"
148411;2018-07-23;"segunda-feira";"00:00:00";"PR";476;131,7;"CURITIBA";"Falta de Atenção à Condução";"Colisão traseira";"Sem Vítimas";"Plena Noite";"Decrescente";"Céu Claro";"Dupla";"Reta";"Sim";2;0;0;0;2;0;0;2;-25,45851328;-49,24931914;"SPRF-PR";"DEL01-PR";"UOP07-DEL01-PR"