"id";"data_inversa";"dia_semana";"horario";"uf";"br";"km";"municipio";"causa_acidente";"tipo_acidente";"classificacao_acidente";"fase_dia";"sentido_via";"condicao_metereologica";"tipo_pista";"tracado_via";"uso_solo";"pessoas";"mortos";"feridos_leves";"feridos_graves";"ilesos";"ignorados";"feridos";"veiculos";"latitude";"longitude";"regional";"delegacia";"uop"
148412;2018-07-23;"segunda-feira";"01:45:00";"PR";376;374;"ORTIGUEIRA";"Ingestão de Álcool";"Tombamento";"Sem Vítimas";"Plena Noite";"Crescente";"Ignorado";"Dupla";"Curva";"Não";1;0;0;0;1;0;0;1;-24,36476799;-50,80352783;"SPRF-PR";"DEL03-PR";"UOP02-DEL03-PR"
148413;2018-06-21;"quinta-feira";"19:45:00";"RS";116;264;"CANOAS";"Falta de Atenção à Condução";"Colisão traseira";"Com Vítimas Feridas";"Plena Noite";"Decrescente";"Garoa/Chuvisco";"Dupla";"Reta";"Sim";2;0;1;0;1;0;1;2;-29,897236;-51,175995;"SPRF-RS";"DEL01-RS";"UOP01-DEL01-RS"
148414;2018-07-23;"segunda-feira";"03:31:00";"MG";381;423;"CAETE";"Falta de Atenção à Condução";"Saída de leito carroçável";"Com Vítimas Feridas";"Amanhecer";"Crescente";"Céu Claro";"Simples";"Reta";"Sim";5;0;1;4;0;0;5;1;-19,7629425;-43,64116073;"SPRF-MG";"DEL01-MG";"UOP01-DEL01-MG"
148416;2018-07-23;"segunda-feira";"03:50:00";"MG";40;509,1;"RIBEIRAO DAS NEVES";"Falta de Atenção do Pedestre";"Atropelamento de Pedestre";"Com Vítimas Feridas";"Plena Noite";"Crescente";"Céu Claro";"Dupla";"Reta";"Sim";2;0;1;0;1;0;1;2;-19,76708814;-44,12906442;"SPRF-MG";"DEL01-MG";"UOP03-DEL01-MG"
148420;2018-07-23;"segunda-feira";"05:30:00";"TO";153;163;"ARAGUAINA";"Defeito Mecânico no Veículo";"Tombamento";"Sem Vítimas";"Amanhecer";"Crescente";"Céu Claro";"Simples";"Reta";"Não";2;0;0;0;2;0;0;1;-7,343121;-48,321167;"SPRF-TO";"DEL02-TO";"UOP01-DEL02-TO"
148421;2018-07-23;"segunda-feira";"05:50:00";"PR";476;118,7;"COLOMBO";"Falta de Atenção à Condução";"Colisão transversal";"Com Vítimas Feridas";"Amanhecer";"Crescente";"Céu Claro";"Múltipla";"Interseção de Vias";"Sim";2;0;2;0;0;0;2;2;-25,36219539;-49,18451873;"SPRF-PR";"DEL01-PR";"UOP01-DEL01-PR"
148422;2018-07-23;"segunda-feira";"05:30:00";"CE";222;220;"SOBRAL";"Animais na Pista";"Atropelamento de Animal";"Com Vítimas Feridas";"Amanhecer";"Crescente";"Nublado";"Simples";"Reta";"Não";1;0;0;1;0;0;1;1;-3,734836;-40,317974;"SPRF-CE";"DEL04-CE";"UOP01-DEL04-CE"
148425;2018-07-23;"segunda-feira";"05:50:00";"PR";467;83;"CASCAVEL";"Falta de Atenção à Condução";"Saída de leito carroçável";"Com Vítimas Feridas";"Plena Noite";"Crescente";"Céu Claro";"Dupla";"Reta";"Não";1;0;1;0;0;0;1;1;-24,79140986;-53,67664039;"SPRF-PR";"DEL04-PR";"UOP01-DEL04-PR"
148426;2018-07-23;"segunda-feira";"06:00:00";"SC";101;132;"BALNEARIO CAMBORIU";"Falta de Atenção à Condução";"Colisão traseira";"Com Vítimas Feridas";"Amanhecer";"Crescente";"Céu Claro";"Dupla";"Reta";"Sim";2;0;1;0;1;0;1;2;-26,99524998;-48,65825102;"SPRF-SC";"DEL04-SC";"UOP03-DEL04-SC"
148427;2018-07-23;"segunda-feira";"05:55:00";"PE";101;85,8;"JABOATAO DOS GUARARAPES";"Desobediência às normas de trânsito pelo condutor";"Colisão lateral";"Com Vítimas Feridas";"Pleno dia";"Crescente";"Nublado";"Simples";"Reta";"Sim";3;0;2;0;1;0;2;2;-8,1846;-34,9681;"SPRF-PE";"DEL01-PE";"UOP03-DEL01-PE"
148428;2018-07-23;"segunda-feira";"06:10:00";"GO";80;158;"VILA PROPICIO";"Ultrapassagem Indevida";"Colisão frontal";"Com Vítimas Feridas";"Amanhecer";"Crescente";"Céu Claro";"Simples";"Curva";"Não";2;0;0;1;1;0;1;2;-15,208875;-48,697312;"SPRF-GO";"DEL07-GO";"UOP02-DEL07-GO"
148432;2018-07-23;"segunda-feira";"06:40:00";"SP";116;219;"GUARULHOS";"Desobediência às normas de trânsito pelo condutor";"Colisão traseira";"Com Vítimas Feridas";"Amanhecer";"Crescente";"Céu Claro";"Múltipla";"Reta";"Sim";2;0;1;0;1;0;1;2;-23,45643568;-46,47723198;"SPRF-SP";"DEL01-SP";"UOP01-DEL01-SP"
148434;2018-07-23;"segunda-feira";"07:05:00";"RS";293;269;"DOM PEDRITO";"Velocidade Incompatível";"Colisão traseira";"Com Vítimas Fatais";"Amanhecer";"Crescente";"Chuva";"Simples";"Aclive;Reta";"Não";3;1;0;1;1;0;1;2;-30,899002;-54,839802;"SPRF-RS";"DEL11-RS";"UOP01-DEL11-RS"
148435;2018-07-23;"segunda-feira";"06:40:00";"SP";116;221;"GUARULHOS";"Falta de Atenção à Condução";"Colisão traseira";"Com Vítimas Feridas";"Pleno dia";"Crescente";"Céu Claro";"Múltipla";"Reta";"Sim";2;0;1;0;1;0;1;2;-23,47310488;-46,52145253;"SPRF-SP";"DEL01-SP";"UOP01-DEL01-SP"
148437;2018-07-23;"segunda-feira";"07:15:00";"MG";365;589,1;"INDIANOPOLIS";"Restrição de Visibilidade";"Colisão traseira";"Com Vítimas Feridas";"Pleno dia";"Decrescente";"Sol";"Simples";"Curva";"Não";5;0;0;1;4;0;1;3;-18,86760862;-48,02038729;"SPRF-MG";"DEL15-MG";"UOP02-DEL15-MG"
148438;2018-07-23;"segunda-feira";"07:05:00";"GO";60;102,9;"ANAPOLIS";"Restrição de Visibilidade";"Colisão traseira";"Com Vítimas Feridas";"Amanhecer";"Decrescente";"Céu Claro";"Múltipla";"Aclive;Reta";"Não";2;0;0;1;1;0;1;2;-16,406;-48,9831;"SPRF-GO";"DEL02-GO";"UOP01-DEL02-GO"
148441;2018-07-23;"segunda-feira";"07:10:00";"PI";316;406,4;"MARCOLANDIA";"Desobediência às normas de trânsito pelo condutor";"Colisão frontal";"Com Vítimas Fatais";"Pleno dia";"Decrescente";"Céu Claro";"Simples";"Reta";"Não";4;1;0;2;0;1;2;3;-7,39953561;-40,72724045;"SPRF-PI";"DEL04-PI";"UOP03-DEL04-PI"
148442;2018-07-23;"segunda-feira";"06:00:00";"MG";116;134,8;"ITAOBIM";"Falta de Atenção à Condução";"Colisão lateral";"Sem Vítimas";"Pleno dia";"Decrescente";"Céu Claro";"Simples";"Curva";"Não";2;0;0;0;2;0;0;2;-16,575651;-41,495922;"SPRF-MG";"DEL11-MG";"UOP02-DEL11-MG"
148443;2018-07-23;"segunda-feira";"06:20:00";"SP";153;6,1;"ICEM";"Falta de Atenção à Condução";"Colisão traseira";"Com Vítimas Fatais";"Amanhecer";"Crescente";"Céu Claro";"Simples";"Reta";"Não";2;1;0;0;0;1;0;2;-20,356745;-49,216843;"SPRF-SP";"DEL09-SP";"UOP01-DEL09-SP"
148444;2018-07-23;"segunda-feira";"07:50:00";"PI";343;7;"PARNAIBA";"Falta de Atenção à Condução";"Colisão frontal";"Com Vítimas Feridas";"Pleno dia";"Crescente";"Céu Claro";"Dupla";"Reta";"Não";3;0;1;1;0;1;2;3;-2,898051;-41,714767;"SPRF-PI";"DEL05-PI";"UOP01-DEL05-PI"
148446;2018-07-23;"segunda-feira";"07:30:00";"SP";116;281;"EMBU DAS ARTES";"Falta de Atenção à Condução";"Colisão lateral";"Com Vítimas Feridas";"Pleno dia";"Decrescente";"Céu Claro";"Dupla";"Reta";"Não";2;0;1;0;1;0;1;2;-23,6516265;-46,84716225;"SPRF-SP";"DEL04-SP";"UOP01-DEL04-SP"
148447;2018-07-23;"segunda-feira";"07:10:00";"MS";163;269,3;"DOURADOS";"Falta de Atenção à Condução";"Colisão traseira";"Com Vítimas Feridas";"Pleno dia";"Crescente";"Sol";"Dupla";"Reta";"Não";2;0;1;0;1;0;1;2;-22,19888158;-54,69741996;"SPRF-MS";"DEL04-MS";"UOP01-DEL04-MS"
148448;2018-07-23;"segunda-feira";"08:10:00";"DF";80;25;"BRASILIA";"Falta de Atenção à Condução";"Saída de leito carroçável";"Com Vítimas Feridas";"Pleno dia";"Crescente";"Céu Claro";"Dupla";"Reta";"Sim";1;0;1;0;0;0;1;1;-15,62121;-48,198963;"SPRF-DF";"DEL01-DF";"UOP02-DEL03-DF"
148451;2018-07-23;"segunda-feira";"07:15:00";"MG";262;678,3;"ARAXA";"Defeito Mecânico no Veículo";"Saída de leito carroçável";"Com Vítimas Feridas";"Pleno dia";"Crescente";"Céu Claro";"Simples";"Curva";"Não";4;0;4;0;0;0;4;1;-19,555191;-46,887192;"SPRF-MG";"DEL08-MG";"UOP01-DEL08-MG"
148454;2018-07-23;"segunda-feira";"06:20:00";"PR";369;177;"ROLANDIA";"Falta de Atenção à Condução";"Colisão transversal";"Com Vítimas Feridas";"Amanhecer";"Crescente";"Céu Claro";"Simples";"Reta";"Não";2;0;2;0;0;0;2;2;-23,34552624;-51,38643958;"SPRF-PR";"DEL07-PR";"UOP01-DEL07-PR"
148457;2018-07-23;"segunda-feira";"10:20:00";"SP";116;214,7;"GUARULHOS";"Não guardar distância de segurança";"Colisão lateral";"Com Vítimas Feridas";"Pleno dia";"Crescente";"Sol";"Múltipla";"Reta";"Sim";5;0;2;0;3;0;2;4;-23,44690805;-46,45432189;"SPRF-SP";"DEL01-SP";"UOP01-DEL01-SP"
148458;2018-07-23;"segunda-feira";"10:37:00";"GO";40;2,9;"VALPARAISO DE GOIAS";"Falta de Atenção à Condução";"Tombamento";"Com Vítimas Feridas";"Pleno dia";"Crescente";"Céu Claro";"Dupla";"Reta";"Sim";2;0;1;0;1;0;1;2;-16,07533123;-47,98574924;"SPRF-DF";"DEL01-DF";"UOP01-DEL01-DF"
148461;2018-07-15;"domingo";"11:35:00";"MS";163;370;"NOVA ALVORADA DO SUL";"Velocidade Incompatível";"Saída de leito carroçável";"Com Vítimas Fatais";"Pleno dia";"Crescente";"Sol";"Dupla";"Reta";"Não";2;1;1;0;0;0;1;1;-21,4221581;-54,3859459;"SPRF-MS";"DEL02-MS";"UOP01-DEL02-MS"
148462;2018-07-08;"domingo";"14:50:00";"GO";60;390,9;"RIO VERDE";"Não guardar distância de segurança";"Queda de ocupante de veículo";"Com Vítimas Feridas";"Pleno dia";"Decrescente";"Céu Claro";"Simples";"Reta";"Sim";2;0;0;1;1;0;1;2;-17,823;-50,9515;"SPRF-GO";"DEL04-GO";"UOP01-DEL04-GO"
148465;2018-07-23;"segunda-feira";"10:00:00";"MA";135;7,6;"SAO LUIS";"Desobediência às normas de trânsito pelo condutor";"Colisão lateral";"Com Vítimas Feridas";"Pleno dia";"Crescente";"Céu Claro";"Dupla";"Declive";"Sim";2;0;1;0;0;1;1;2;-2,64002197;-44,27133232;"SPRF-MA";"DEL01-MA";"UOP01-DEL01-MA"
148467;2018-07-23;"segunda-feira";"09:55:00";"SC";101;433,4;"SOMBRIO";"Falta de Atenção à Condução";"Capotamento";"Com Vítimas Feridas";"Pleno dia";"Crescente";"Nublado";"Dupla";"Reta";"Não";2;0;2;0;0;0;2;1;-29,0891;-49,6316;"SPRF-SC";"DEL02-SC";"UOP02-DEL02-SC"
148468;2018-07-23;"segunda-feira";"11:40:00";"BA";367;83,6;"EUNAPOLIS";"Falta de Atenção à Condução";"Colisão transversal";"Com Vítimas Feridas";"Pleno dia";"Crescente";"Nublado";"Simples";"Reta";"Sim";2;0;1;0;0;1;1;2;-16,37375645;-39,57600474;"SPRF-BA";"DEL09-BA";"UOP01-DEL09-BA"
148471;2018-07-23;"segunda-feira";"11:55:00";"BA";116;425;"FEIRA DE SANTANA";"Falta de Atenção à Condução";"Colisão transversal";"Com Vítimas Feridas";"Pleno dia";"Crescente";"Céu Claro";"Simples";"Reta";"Sim";4;0;1;0;3;0;1;2;-12,24936778;-38,98806453;"SPRF-BA";"DEL02-BA";"UOP01-DEL02-BA"
148475;2018-07-23;"segunda-feira";"12:05:00";"SC";101;201;"SAO JOSE";"Velocidade Incompatível";"Colisão traseira";"Sem Vítimas";"Pleno dia";"Crescente";"Céu Claro";"Múltipla";"Reta";"Sim";2;0;0;0;2;0;0;2;-27,5572;-48,6188;"SPRF-SC";"DEL01-SC";"UOP01-DEL01-SC"
148477;2018-05-19;"sábado";"21:30:00";"PB";230;20,8;"JOAO PESSOA";"Não guardar distância de segurança";"Colisão lateral";"Com Vítimas Feridas";"Plena Noite";"Crescente";"Nublado";"Dupla";"Reta";"Sim";3;0;0;2;1;0;2;2;-7,142738;-34,8506182;"SPRF-PB";"DEL01-PB";"UOP01-DEL01-PB"
148478;2018-07-23;"segunda-feira";"07:25:00";"ES";262;1,8;"CARIACICA";"Falta de Atenção à Condução";"Colisão lateral";"Com Vítimas Feridas";"Pleno dia";"Crescente";"Nublado";"Dupla";"Reta";"Sim";2;0;1;0;1;0;1;2;-20,33311839;-40,35843194;"SPRF-ES";"DEL01-ES";"UOP01-DEL01-ES"
148480;2018-07-17;"terça-feira";"15:15:00";"PR";369;85,5;"CORNELIO PROCOPIO";"Desobediência às normas de trânsito pelo condutor";"Colisão transversal";"Com Vítimas Feridas";"Pleno dia";"Decrescente";"Céu Claro";"Simples";"Interseção de Vias";"Sim";4;0;2;0;2;0;2;2;-23,17364748;-50,62051979;"SPRF-PR";"DEL07-PR";"UOP05-DEL07-PR"
148481;2018-07-23;"segunda-feira";"13:00:00";"DF";60;10;"BRASILIA";"Falta de Atenção à Condução";"Colisão traseira";"Com Vítimas Feridas";"Pleno dia";"Decrescente";"Céu Claro";"Dupla";"Reta";"Sim";2;0;1;1;0;0;2;2;-15,909476;-48,149597;"SPRF-DF";"DEL01-DF";"UOP01-DEL03-DF"
148482;2018-04-08;"domingo";"20:00:00";"MG";381;480,1;"CONTAGEM";"Falta de Atenção à Condução";"Colisão lateral";"Com Vítimas Feridas";"Pleno dia";"Crescente";"Nublado";"Dupla";"Reta";"Sim";5;0;3;1;1;0;4;1;-19,9586;-44,0608;"SPRF-MG";"DEL01-MG";"UOP03-DEL01-MG"
148483;2018-07-23;"segunda-feira";"13:20:00";"GO";60;397,6;"RIO VERDE";"Falta de Atenção à Condução";"Saída de leito carroçável";"Sem Vítimas";"Pleno dia";"Decrescente";"Céu Claro";"Dupla";"Reta";"Não";1;0;0;0;0;1;0;1;-17,8235;-51,0254;"SPRF-GO";"DEL04-GO";"UOP01-DEL04-GO"
148484;2018-07-23;"segunda-feira";"08:00:00";"RO";364;400,9;"JARU";"Ultrapassagem Indevida";"Saída de leito carroçável";"Sem Vítimas";"Amanhecer";"Crescente";"Céu Claro";"Simples";"Reta";"Não";1;0;0;0;1;0;0;1;-10,59508867;-62,35023946;"SPRF-RO";"DEL03-RO";"UOP02-DEL03-RO"
148486;2018-07-23;"segunda-feira";"13:40:00";"ES";101;67,2;"SAO MATEUS";"Falta de Atenção à Condução";"Colisão traseira";"Com Vítimas Feridas";"Pleno dia";"Crescente";"Nublado";"Múltipla";"Reta";"Sim";2;0;0;1;1;0;1;2;-18,720545;-39,865883;"SPRF-ES";"DEL04-ES";"UOP02-DEL04-ES"
148487;2018-07-23;"segunda-feira";"10:10:00";"GO";153;137;"MARA ROSA";"Não guardar distância de segurança";"Queda de ocupante de veículo";"Com Vítimas Feridas";"Pleno dia";"Crescente";"Céu Claro";"Simples";"Aclive";"Não";1;0;0;1;0;0;1;1;-13,9671;-49,090271;"SPRF-GO";"DEL07-GO";"UOP01-DEL07-GO"
148488;2018-07-23;"segunda-feira";"12:30:00";"RN";226;113,5;"SANTA CRUZ";"Falta de Atenção à Condução";"Capotamento";"Com Vítimas Feridas";"Pleno dia";"Decrescente";"Céu Claro";"Simples";"Curva";"Não";2;0;1;0;1;0;1;2;-6,220038;-36,020126;"SPRF-RN";"DEL03-RN";"UOP02-DEL03-RN"
148489;2018-07-14;"sábado";"14:40:00";"PR";277;714;"SANTA TEREZINHA DE ITAIPU";"Agressão Externa";"Colisão traseira";"Sem Vítimas";"Plena Noite";"Decrescente";"Céu Claro";"Dupla";"Reta";"Não";6;0;0;0;5;1;0;2;-25,46492;-54,448963;"SPRF-PR";"DEL05-PR";"UOP01-DEL05-PR"
148490;2018-03-21;"quarta-feira";"04:30:00";"RS";116;370;"SENTINELA DO SUL";"Deficiência ou não Acionamento do Sistema de Iluminação/Sinalização do Veículo";"Colisão traseira";"Com Vítimas Feridas";"Plena Noite";"Decrescente";"Nublado";"Simples";"Reta";"Não";8;0;7;0;1;0;7;1;-30,64736426;-51,56364441;"SPRF-RS";"DEL02-RS";"UOP03-DEL02-RS"
148491;2018-07-23;"segunda-feira";"13:25:00";"SC";282;48;"AGUAS MORNAS";"Falta de Atenção à Condução";"Queda de ocupante de veículo";"Com Vítimas Feridas";"Pleno dia";"Crescente";"Céu Claro";"Simples";"Curva";"Não";1;0;0;1;0;0;1;1;-27,714352;-48,938072;"SPRF-SC";"DEL01-SC";"UOP03-DEL01-SC"
148492;2018-07-23;"segunda-feira";"13:20:00";"GO";50;280,3;"CATALAO";"Falta de Atenção à Condução";"Colisão transversal";"Com Vítimas Feridas";"Pleno dia";"Decrescente";"Céu Claro";"Simples";"Interseção de Vias;Reta";"Sim";2;0;1;0;1;0;1;2;-18,18059375;-47,93890715;"SPRF-GO";"DEL06-GO";"UOP01-DEL06-GO"
148493;2018-07-23;"segunda-feira";"14:00:00";"SC";280;15,3;"SAO FRANCISCO DO SUL";"Falta de Atenção à Condução";"Colisão frontal";"Com Vítimas Feridas";"Pleno dia";"Crescente";"Céu Claro";"Simples";"Reta";"Não";3;0;3;0;0;0;3;2;-26,3393453;-48,65516055;"SPRF-SC";"DEL03-SC";"UOP03-DEL03-SC"
148495;2018-07-23;"segunda-feira";"14:40:00";"MG";40;471,1;"SETE LAGOAS";"Não guardar distância de segurança";"Colisão traseira";"Sem Vítimas";"Pleno dia";"Decrescente";"Céu Claro";"Simples";"Interseção de Vias";"Não";2;0;0;0;2;0;0;2;-19,4831;-44,2825;"SPRF-MG";"DEL02-MG";"UOP01-DEL02-MG"
148497;2018-07-23;"segunda-feira";"13:50:00";"PR";376;1,9;"MARINGA";"Desobediência às normas de trânsito pelo pedestre";"Atropelamento de Pedestre";"Com Vítimas Feridas";"Pleno dia";"Decrescente";"Sol";"Dupla";"Reta";"Sim";2;0;1;1;0;0;2;2;-23,39751914;-51,97610557;"SPRF-PR";"DEL07-PR";"UOP01-DEL09-PR"
148498;2018-02-22;"quinta-feira";"06:10:00";"MT";163;831;"SINOP";"Não guardar distância de segurança";"Colisão traseira";"Com Vítimas Feridas";"Pleno dia";"Crescente";"Céu Claro";"Simples";"Reta";"Sim";4;0;2;2;0;0;4;2;-11,864589;-55,502926;"SPRF-MT";"DEL06-MT";"UOP01-DEL06-MT"
148499;2018-07-23;"segunda-feira";"14:55:00";"SC";470;69,1;"INDAIAL";"Velocidade Incompatível";"Colisão traseira";"Com Vítimas Feridas";"Pleno dia";"Decrescente";"Sol";"Simples";"Reta";"Não";2;0;1;0;1;0;1;2;-26,88436849;-49,24800754;"SPRF-SC";"DEL04-SC";"UOP01-DEL04-SC"
148501;2018-07-23;"segunda-feira";"14:30:00";"PR";376;176,3;"MARINGA";"Não guardar distância de segurança";"Colisão lateral";"Com Vítimas Feridas";"Pleno dia";"Crescente";"Sol";"Dupla";"Reta";"Sim";2;0;1;0;1;0;1;2;-23,41105517;-51,9373664;"SPRF-PR";"DEL07-PR";"UOP01-DEL09-PR"
148503;2018-07-23;"segunda-feira";"15:15:00";"SC";280;50,4;"GUARAMIRIM";"Desobediência às normas de trânsito pelo condutor";"Colisão frontal";"Com Vítimas Feridas";"Pleno dia";"Decrescente";"Sol";"Simples";"Reta";"Não";2;0;2;0;0;0;2;2;-26,46350422;-48,95023406;"SPRF-SC";"DEL03-SC";"UOP03-DEL03-SC"
148504;2018-07-23;"segunda-feira";"13:40:00";"RO";319;62,8;"PORTO VELHO";"Desobediência às normas de trânsito pelo condutor";"Colisão transversal";"Com Vítimas Feridas";"Pleno dia";"Crescente";"Céu Claro";"Múltipla";"Interseção de Vias";"Sim";3;0;0;1;2;0;1;2;-8,75570452;-63,88682044;"SPRF-RO";"DEL01-RO";"UOP01-DEL01-RO"
148506;2018-07-23;"segunda-feira";"13:50:00";"RO";319;62;"PORTO VELHO";"Falta de Atenção à Condução";"Engavetamento";"Com Vítimas Feridas";"Pleno dia";"Crescente";"Céu Claro";"Múltipla";"Reta";"Sim";4;0;1;0;3;0;1;3;-8,7552439;-63,88684697;"SPRF-RO";"DEL01-RO";"UOP01-DEL01-RO"
148509;2018-07-23;"segunda-feira";"15:50:00";"PR";277;4;"PARANAGUA";"Pista Escorregadia";"Saída de leito carroçável";"Com Vítimas Feridas";"Pleno dia";"Decrescente";"Céu Claro";"Dupla";"Reta";"Sim";1;0;1;0;0;0;1;1;-25,5205;-48,5095;"SPRF-PR";"DEL01-PR";"UOP05-DEL01-PR"
148510;2018-05-31;"quinta-feira";"01:00:00";"CE";20;420,5;"MARACANAU";"Sinalização da via insuficiente ou inadequada";"Colisão com objeto estático";"Com Vítimas Fatais";"Plena Noite";"Decrescente";"Céu Claro";"Simples";"Curva;Em Obras";"Sim";1;1;0;0;0;0;0;1;-3,84581066;-38,57674778;"SPRF-CE";"DEL01-CE";"UOP02-DEL01-CE"
148512;2018-07-23;"segunda-feira";"15:30:00";"PA";163;1004,3;"SANTAREM";"Desobediência às normas de trânsito pelo condutor";"Colisão transversal";"Com Vítimas Feridas";"Pleno dia";"Crescente";"Céu Claro";"Simples";"Reta";"Sim";1;0;1;0;0;0;1;1;-2,435268;-54,73344;"SPRF-PA";"DEL05-PA";"UOP01-DEL05-PA"
148514;2018-07-23;"segunda-feira";"15:00:00";"MG";116;416,8;"GOVERNADOR VALADARES";"Desobediência às normas de trânsito pelo condutor";"Colisão transversal";"Com Vítimas Feridas";"Pleno dia";"Crescente";"Sol";"Simples";"Curva";"Sim";2;0;2;0;0;0;2;2;-18,89564894;-41,94792509;"SPRF-MG";"DEL06-MG";"UOP01-DEL06-MG"
148515;2018-07-23;"segunda-feira";"16:25:00";"GO";153;511,9;"APARECIDA DE GOIANIA";"Falta de Atenção à Condução";"Colisão com objeto estático";"Com Vítimas Fatais";"Pleno dia";"Crescente";"Céu Claro";"Dupla";"Reta";"Sim";1;1;0;0;0;0;0;1;-16,806978;-49,239257;"SPRF-GO";"DEL01-GO";"UOP03-DEL01-GO"
148516;2018-07-23;"segunda-feira";"16:30:00";"MG";365;503;"PATROCINIO";"Falta de Atenção à Condução";"Colisão transversal";"Com Vítimas Feridas";"Pleno dia";"Decrescente";"Céu Claro";"Simples";"Declive;Reta";"Não";5;0;2;1;2;0;3;2;-18,95968733;-47,23834634;"SPRF-MG";"DEL10-MG";"UOP01-DEL10-MG"
148517;2018-07-23;"segunda-feira";"16:50:00";"MG";40;710;"BARBACENA";"Defeito Mecânico no Veículo";"Queda de ocupante de veículo";"Com Vítimas Feridas";"Pleno dia";"Crescente";"Céu Claro";"Dupla";"Reta";"Não";1;0;1;0;0;0;1;1;-21,24243243;-43,69238555;"SPRF-MG";"DEL05-MG";"UOP02-DEL05-MG"
148519;2018-07-23;"segunda-feira";"08:20:00";"SC";101;205;"SAO JOSE";"Velocidade Incompatível";"Capotamento";"Sem Vítimas";"Pleno dia";"Crescente";"Céu Claro";"Múltipla";"Curva";"Sim";1;0;0;0;0;1;0;1;-27,592;-48,6181;"SPRF-SC";"DEL01-SC";"UOP01-DEL01-SC"
148520;2018-07-23;"segunda-feira";"16:15:00";"PR";116;56;"CAMPINA GRANDE DO SUL";"Velocidade Incompatível";"Tombamento";"Com Vítimas Feridas";"Pleno dia";"Decrescente";"Sol";"Dupla";"Reta";"Não";2;0;1;0;1;0;1;1;-25,280983;-48,927372;"SPRF-PR";"DEL01-PR";"UOP02-DEL01-PR"
148524;2018-05-11;"sexta-feira";"06:50:00";"RJ";101;322;"NITEROI";"Falta de Atenção à Condução";"Queda de ocupante de veículo";"Com Vítimas Feridas";"Pleno dia";"Crescente";"Céu Claro";"Dupla";"Reta";"Sim";1;0;1;0;0;0;1;1;-22,87813241;-43,11522245;"SPRF-RJ";"DEL02-RJ";"UOP02-DEL02-RJ"
148525;2018-07-23;"segunda-feira";"16:45:00";"BA";116;465,9;"SANTO ESTEVAO";"Falta de Atenção à Condução";"Colisão transversal";"Com Vítimas Feridas";"Pleno dia";"Crescente";"Sol";"Simples";"Reta";"Sim";4;0;3;0;1;0;3;2;-12,46767066;-39,28414822;"SPRF-BA";"DEL02-BA";"UOP01-DEL02-BA"
148526;2018-07-23;"segunda-feira";"17:50:00";"SC";116;5;"MAFRA";"Desobediência às normas de trânsito pelo condutor";"Colisão frontal";"Com Vítimas Feridas";"Plena Noite";"Decrescente";"Céu Claro";"Simples";"Interseção de Vias";"Não";3;0;2;0;1;0;2;2;-26,140944;-49,815083;"SPRF-SC";"DEL06-SC";"UOP01-DEL06-SC"
148527;2018-07-23;"segunda-feira";"15:00:00";"SC";101;60;"ARAQUARI";"Ingestão de Álcool";"Colisão com objeto estático";"Com Vítimas Feridas";"Pleno dia";"Decrescente";"Céu Claro";"Dupla";"Reta";"Não";2;0;1;0;1;0;1;2;-26,4547;-48,7763;"SPRF-SC";"DEL03-SC";"UOP02-DEL03-SC"
148529;2018-07-23;"segunda-feira";"18:00:00";"PR";369;144;"LONDRINA";"Falta de Atenção à Condução";"Colisão lateral";"Com Vítimas Feridas";"Anoitecer";"Crescente";"Céu Claro";"Dupla";"Aclive";"Não";2;0;2;0;0;0;2;2;-23,29335275;-51,10785034;"SPRF-PR";"DEL07-PR";"UOP01-DEL07-PR"
148530;2018-07-23;"segunda-feira";"17:55:00";"SC";282;3;"FLORIANOPOLIS";"Falta de Atenção à Condução";"Colisão lateral";"Com Vítimas Feridas";"Pleno dia";"Decrescente";"Céu Claro";"Dupla";"Reta";"Não";3;0;2;0;1;0;2;2;-27,59558297;-48,60104615;"SPRF-SC";"DEL01-SC";"UOP01-DEL01-SC"
148531;2018-07-23;"segunda-feira";"12:30:00";"RS";287;367;"JAGUARI";"Desobediência às normas de trânsito pelo condutor";"Colisão frontal";"Com Vítimas Feridas";"Pleno dia";"Decrescente";"Nublado";"Simples";"Curva";"Não";9;0;1;3;4;1;4;3;-29,40938564;-54,73195016;"SPRF-RS";"DEL12-RS";"UOP02-DEL12-RS"
148532;2018-07-23;"segunda-feira";"17:50:00";"PA";163;1001,8;"SANTAREM";"Sinalização da via insuficiente ou inadequada";"Colisão transversal";"Com Vítimas Feridas";"Pleno dia";"Decrescente";"Sol";"Simples";"Reta";"Sim";2;0;1;0;1;0;1;2;-2,46012277;-54,72785037;"SPRF-PA";"DEL05-PA";"UOP01-DEL05-PA"
148534;2018-07-23;"segunda-feira";"18:15:00";"SC";470;91,7;"ASCURRA";"Desobediência às normas de trânsito pelo condutor";"Colisão frontal";"Com Vítimas Feridas";"Anoitecer";"Crescente";"Céu Claro";"Simples";"Reta";"Sim";4;0;2;1;1;0;3;3;-26,968279;-49,3682;"SPRF-SC";"DEL04-SC";"UOP01-DEL04-SC"