"id";"data_inversa";"dia_semana";"horario";"uf";"br";"km";"municipio";"causa_acidente";"tipo_acidente";"classificacao_acidente";"fase_dia";"sentido_via";"condicao_metereologica";"tipo_pista";"tracado_via";"uso_solo";"pessoas";"mortos";"feridos_leves";"feridos_graves";"ilesos";"ignorados";"feridos";"veiculos";"latitude";"longitude";"regional";"delegacia";"uop"
148666;2018-07-24;"terça-feira";"12:00:00";"MG";116;283;"TEOFILO OTONI";"Falta de Atenção à Condução";"Colisão frontal";"Com Vítimas Fatais";"Pleno dia";"Crescente";"Céu Claro";"Simples";"Reta";"Não";3;2;0;0;1;0;0;2;-17,907221;-41,522953;"SPRF-MG";"DEL11-MG";"UOP01-DEL11-MG"
148668;2018-07-24;"terça-feira";"13:00:00";"RS";153;50,3;"ERECHIM";"Velocidade Incompatível";"Colisão com objeto estático";"Com Vítimas Feridas";"Pleno dia";"Decrescente";"Chuva";"Simples";"Reta";"Sim";5;0;2;0;1;2;2;3;-27,65619122;-52,27253079;"SPRF-RS";"DEL08-RS";"UOP04-DEL08-RS"
148671;2018-07-24;"terça-feira";"09:00:00";"PE";101;92;"CABO DE SANTO AGOSTINHO";"Avarias e/ou desgaste excessivo no pneu";"Queda de ocupante de veículo";"Com Vítimas Feridas";"Pleno dia";"Crescente";"Céu Claro";"Dupla";"Declive";"Não";2;0;2;0;0;0;2;1;-8,2379;-35,0024;"SPRF-PE";"DEL01-PE";"UOP03-DEL01-PE"
148675;2018-07-24;"terça-feira";"13:10:00";"RJ";116;171,6;"SAO JOAO DE MERITI";"Falta de Atenção à Condução";"Colisão lateral";"Com Vítimas Feridas";"Pleno dia";"Decrescente";"Céu Claro";"Múltipla";"Reta";"Sim";2;0;1;0;1;0;1;2;-22,78088024;-43,39202374;"SPRF-RJ";"DEL01-RJ";"UOP02-DEL01-RJ"
148677;2018-06-06;"quarta-feira";"08:00:00";"PR";476;130;"CURITIBA";"Falta de Atenção do Pedestre";"Atropelamento de Pedestre";"Com Vítimas Feridas";"Pleno dia";"Crescente";"Nublado";"Múltipla";"Reta";"Sim";3;0;1;0;2;0;1;3;-25,4289541;-49,267137;"SPRF-PR";"DEL01-PR";"UOP07-DEL01-PR"
148681;2018-07-24;"terça-feira";"14:30:00";"SC";470;141;"RIO DO SUL";"Falta de Atenção à Condução";"Colisão transversal";"Com Vítimas Feridas";"Pleno dia";"Decrescente";"Nublado";"Dupla";"Reta";"Sim";3;0;1;0;2;0;1;2;-27,20236013;-49,63373065;"SPRF-SC";"DEL04-SC";"UOP02-DEL04-SC"
148683;2018-07-21;"sábado";"17:25:00";"MT";70;269;"PRIMAVERA DO LESTE";"Defeito Mecânico no Veículo";"Colisão traseira";"Sem Vítimas";"Pleno dia";"Crescente";"Céu Claro";"Simples";"Reta";"Sim";4;0;0;0;3;1;0;4;-15,531341;-54,204807;"SPRF-MT";"DEL05-MT";"UOP01-DEL05-MT"
148684;2018-07-12;"quinta-feira";"19:20:00";"BA";324;610;"SIMOES FILHO";"Falta de Atenção do Pedestre";"Atropelamento de Pedestre";"Com Vítimas Fatais";"Plena Noite";"Crescente";"Nublado";"Múltipla";"Reta";"Não";2;1;0;0;0;1;0;2;-12,76894644;-38,42159271;"SPRF-BA";"DEL01-BA";"UOP01-DEL01-BA"
148685;2018-07-24;"terça-feira";"13:15:00";"RJ";116;203;"SEROPEDICA";"Defeito Mecânico no Veículo";"Incêndio";"Sem Vítimas";"Pleno dia";"Decrescente";"Céu Claro";"Dupla";"Reta";"Sim";1;0;0;0;1;0;0;1;-22,72186722;-43,67867678;"SPRF-RJ";"DEL01-RJ";"UOP03-DEL01-RJ"
148686;2018-07-24;"terça-feira";"11:55:00";"RS";392;2,9;"RIO GRANDE";"Pista Escorregadia";"Tombamento";"Com Vítimas Feridas";"Pleno dia";"Decrescente";"Céu Claro";"Simples";"Reta";"Sim";1;0;1;0;0;0;1;1;-32,06154003;-52,08921808;"SPRF-RS";"DEL07-RS";"UOP02-DEL07-RS"
148687;2018-07-24;"terça-feira";"11:30:00";"MA";10;321;"ACAILANDIA";"Desobediência às normas de trânsito pelo condutor";"Colisão transversal";"Com Vítimas Feridas";"Pleno dia";"Decrescente";"Céu Claro";"Simples";"Reta";"Sim";2;0;1;0;1;0;1;2;-4,943377;-47,503078;"SPRF-MA";"DEL04-MA";"UOP03-DEL04-MA"
148688;2018-07-24;"terça-feira";"09:00:00";"ES";262;0,5;"CARIACICA";"Falta de Atenção à Condução";"Colisão lateral";"Com Vítimas Feridas";"Pleno dia";"Decrescente";"Céu Claro";"Dupla";"Reta";"Sim";2;0;1;0;1;0;1;2;-20,32547237;-40,35482168;"SPRF-ES";"DEL01-ES";"UOP01-DEL01-ES"
148691;2018-07-24;"terça-feira";"13:15:00";"PA";316;120,8;"NOVA TIMBOTEUA";"Pista Escorregadia";"Saída de leito carroçável";"Com Vítimas Feridas";"Pleno dia";"Decrescente";"Chuva";"Simples";"Curva";"Não";3;0;0;3;0;0;3;1;-1,31309457;-47,4156189;"SPRF-PA";"DEL01-PA";"UOP02-DEL01-PA"
148694;2018-07-24;"terça-feira";"14:50:00";"SP";101;47,2;"UBATUBA";"Falta de Atenção à Condução";"Colisão lateral";"Com Vítimas Feridas";"Pleno dia";"Crescente";"Céu Claro";"Simples";"Rotatória";"Sim";2;0;2;0;0;0;2;2;-23,43364713;-45,08614719;"SPRF-SP";"DEL06-SP";"UOP01-DEL06-SP"
148696;2018-07-24;"terça-feira";"14:50:00";"ES";101;442,2;"MIMOSO DO SUL";"Ingestão de Álcool";"Colisão frontal";"Com Vítimas Fatais";"Pleno dia";"Crescente";"Céu Claro";"Simples";"Reta";"Não";2;1;0;0;1;0;0;2;-21,09295375;-41,24945372;"SPRF-ES";"DEL03-ES";"UOP02-DEL03-ES"
148697;2018-07-24;"terça-feira";"14:00:00";"MT";364;203,8;"RONDONOPOLIS";"Falta de Atenção à Condução";"Colisão traseira";"Com Vítimas Feridas";"Pleno dia";"Crescente";"Céu Claro";"Dupla";"Rotatória";"Sim";4;0;1;0;2;1;1;3;-16,46546776;-54,65786722;"SPRF-MT";"DEL02-MT";"UOP01-DEL02-MT"
148704;2018-07-24;"terça-feira";"16:35:00";"SE";101;13,4;"CEDRO DE SAO JOAO";"Falta de Atenção à Condução";"Colisão frontal";"Com Vítimas Feridas";"Pleno dia";"Crescente";"Céu Claro";"Simples";"Reta";"Não";3;0;2;1;0;0;3;2;-10,3068126;-36,88934326;"SPRF-SE";"DEL02-SE";"UOP02-DEL02-SE"
148706;2018-07-24;"terça-feira";"14:20:00";"SP";116;136;"SAO JOSE DOS CAMPOS";"Objeto estático sobre o leito carroçável";"Colisão traseira";"Sem Vítimas";"Pleno dia";"Crescente";"Céu Claro";"Dupla";"Reta";"Sim";2;0;0;0;2;0;0;2;-23,148764;-45,778675;"SPRF-SP";"DEL06-SP";"UOP02-DEL02-SP"
148709;2018-07-24;"terça-feira";"16:20:00";"RS";386;351,1;"ESTRELA";"Falta de Atenção à Condução";"Colisão transversal";"Com Vítimas Feridas";"Pleno dia";"Crescente";"Chuva";"Dupla";"Interseção de Vias";"Não";2;0;1;0;1;0;1;2;-29,49762259;-51,95057988;"SPRF-RS";"DEL04-RS";"UOP01-DEL04-RS"
148711;2018-07-24;"terça-feira";"15:45:00";"PE";101;68,3;"RECIFE";"Não guardar distância de segurança";"Colisão traseira";"Sem Vítimas";"Pleno dia";"Decrescente";"Céu Claro";"Dupla";"Aclive;Viaduto";"Sim";2;0;0;0;2;0;0;2;-8,053517;-34,946276;"SPRF-PE";"DEL01-PE";"UOP01-DEL01-PE"
148712;2018-07-24;"terça-feira";"16:40:00";"SC";470;169;"POUSO REDONDO";"Falta de Atenção à Condução";"Colisão transversal";"Com Vítimas Feridas";"Pleno dia";"Decrescente";"Nublado";"Simples";"Reta";"Sim";2;0;1;0;1;0;1;2;-27,2681151;-49,86756194;"SPRF-SC";"DEL04-SC";"UOP02-DEL04-SC"
148715;2018-07-24;"terça-feira";"15:15:00";"SC";101;386;"ICARA";"Falta de Atenção à Condução";"Colisão lateral";"Sem Vítimas";"Pleno dia";"Crescente";"Chuva";"Múltipla";"Interseção de Vias";"Sim";2;0;0;0;2;0;0;2;-28,7806;-49,328;"SPRF-SC";"DEL02-SC";"UOP02-DEL02-SC"
148717;2018-07-24;"terça-feira";"06:45:00";"MG";381;557,7;"ITAGUARA";"Condutor Dormindo";"Saída de leito carroçável";"Com Vítimas Feridas";"Pleno dia";"Crescente";"Céu Claro";"Dupla";"Reta";"Sim";2;0;2;0;0;0;2;1;-20,3544;-44,4529;"SPRF-MG";"DEL04-MG";"UOP03-DEL04-MG"
148720;2018-07-24;"terça-feira";"17:45:00";"SC";101;195,8;"BIGUACU";"Falta de Atenção à Condução";"Saída de leito carroçável";"Sem Vítimas";"Anoitecer";"Crescente";"Céu Claro";"Dupla";"Reta";"Sim";1;0;0;0;1;0;0;1;-27,50889946;-48,64578355;"SPRF-SC";"DEL01-SC";"UOP01-DEL01-SC"
148721;2018-07-24;"terça-feira";"17:55:00";"PR";369;187;"ARAPONGAS";"Desobediência às normas de trânsito pelo condutor";"Colisão transversal";"Com Vítimas Feridas";"Pleno dia";"Crescente";"Céu Claro";"Simples";"Curva";"Sim";2;0;1;0;1;0;1;2;-23,4014455;-51,42763311;"SPRF-PR";"DEL07-PR";"UOP03-DEL07-PR"
148722;2018-07-24;"terça-feira";"17:45:00";"SC";101;208,6;"SAO JOSE";"Falta de Atenção à Condução";"Colisão lateral";"Com Vítimas Feridas";"Plena Noite";"Decrescente";"Chuva";"Dupla";"Reta";"Sim";3;0;2;0;1;0;2;2;-27,6101;-48,6388;"SPRF-SC";"DEL01-SC";"UOP01-DEL01-SC"
148723;2018-07-24;"terça-feira";"16:50:00";"MG";381;480;"BETIM";"Falta de Atenção à Condução";"Colisão traseira";"Com Vítimas Feridas";"Pleno dia";"Crescente";"Sol";"Dupla";"Reta";"Sim";2;0;0;1;0;1;1;2;-19,9586;-44,0608;"SPRF-MG";"DEL01-MG";"UOP03-DEL01-MG"
148725;2018-07-24;"terça-feira";"18:00:00";"SC";282;304,9;"VARGEM";"Velocidade Incompatível";"Saída de leito carroçável";"Com Vítimas Feridas";"Plena Noite";"Crescente";"Chuva";"Simples";"Curva";"Não";1;0;1;0;0;0;1;1;-27,501;-50,9513;"SPRF-SC";"DEL07-SC";"UOP06-DEL07-SC"
148726;2018-07-24;"terça-feira";"18:00:00";"CE";116;3;"FORTALEZA";"Não guardar distância de segurança";"Colisão lateral";"Com Vítimas Feridas";"Anoitecer";"Decrescente";"Céu Claro";"Dupla";"Viaduto";"Sim";2;0;1;0;1;0;1;1;-3,77855182;-38,51383624;"SPRF-CE";"DEL01-CE";"UOP02-DEL01-CE"
148729;2018-07-24;"terça-feira";"17:30:00";"PA";316;55,5;"CASTANHAL";"Defeito Mecânico no Veículo";"Tombamento";"Com Vítimas Feridas";"Anoitecer";"Crescente";"Chuva";"Dupla";"Reta";"Sim";2;0;2;0;0;0;2;1;-1,30015177;-47,97532585;"SPRF-PA";"DEL01-PA";"UOP01-DEL01-PA"
148733;2018-07-24;"terça-feira";"18:30:00";"CE";20;406,3;"CAUCAIA";"Desobediência às normas de trânsito pelo condutor";"Colisão frontal";"Com Vítimas Feridas";"Plena Noite";"Crescente";"Céu Claro";"Múltipla";"Reta";"Não";2;0;1;1;0;0;2;2;-3,7688287;-38,6677321;"SPRF-CE";"DEL01-CE";"UOP01-DEL01-CE"
148735;2018-07-24;"terça-feira";"18:10:00";"PR";116;146;"MANDIRITUBA";"Falta de Atenção à Condução";"Colisão transversal";"Com Vítimas Feridas";"Anoitecer";"Crescente";"Nublado";"Simples";"Reta";"Não";2;0;0;1;1;0;1;2;-25,781727;-49,325352;"SPRF-PR";"DEL01-PR";"UOP03-DEL01-PR"
148737;2018-07-24;"terça-feira";"18:30:00";"PR";369;185,7;"ARAPONGAS";"Desobediência às normas de trânsito pelo condutor";"Colisão transversal";"Com Vítimas Feridas";"Plena Noite";"Decrescente";"Céu Claro";"Simples";"Reta";"Sim";3;0;0;2;1;0;2;2;-23,41307351;-51,42707705;"SPRF-PR";"DEL07-PR";"UOP03-DEL07-PR"
148738;2018-07-24;"terça-feira";"18:40:00";"PR";277;195,7;"PALMEIRA";"Velocidade Incompatível";"Colisão traseira";"Com Vítimas Fatais";"Plena Noite";"Crescente";"Nublado";"Simples";"Declive";"Não";3;1;0;0;2;0;0;2;-25,46559429;-50,23773193;"SPRF-PR";"DEL03-PR";"UOP02-DEL08-PR"
148739;2018-07-24;"terça-feira";"18:30:00";"PB";230;375,9;"CONDADO";"Desobediência às normas de trânsito pelo condutor";"Colisão transversal";"Com Vítimas Feridas";"Plena Noite";"Decrescente";"Céu Claro";"Simples";"Reta";"Sim";2;0;0;1;1;0;1;2;-6,9088;-37,5918;"SPRF-PB";"DEL03-PB";"UOP02-DEL03-PB"
148742;2018-07-24;"terça-feira";"19:20:00";"PR";116;116;"CURITIBA";"Falta de Atenção à Condução";"Queda de ocupante de veículo";"Com Vítimas Feridas";"Plena Noite";"Crescente";"Nublado";"Múltipla";"Reta";"Sim";2;0;1;0;1;0;1;2;-25,544559;-49,30146;"SPRF-PR";"DEL01-PR";"UOP07-DEL01-PR"
148743;2018-07-24;"terça-feira";"18:00:00";"PR";277;42;"MORRETES";"Defeito Mecânico no Veículo";"Incêndio";"Sem Vítimas";"Anoitecer";"Decrescente";"Garoa/Chuvisco";"Dupla";"Curva";"Não";1;0;0;0;1;0;0;1;-25,58580121;-48,87611389;"SPRF-PR";"DEL01-PR";"UOP07-DEL01-PR"
148744;2018-07-24;"terça-feira";"14:30:00";"RN";101;125;"SAO JOSE DE MIPIBU";"Ingestão de Álcool";"Atropelamento de Pedestre";"Com Vítimas Feridas";"Pleno dia";"Crescente";"Sol";"Dupla";"Curva";"Sim";2;0;0;1;1;0;1;2;-6,07836093;-35,23413062;"SPRF-RN";"DEL01-RN";"UOP01-DEL01-RN"
148745;2018-06-25;"segunda-feira";"00:30:00";"MA";230;404;"BALSAS";"Ingestão de Álcool";"Colisão transversal";"Com Vítimas Feridas";"Plena Noite";"Decrescente";"Céu Claro";"Simples";"Retorno Regulamentado";"Sim";3;0;1;1;0;1;2;2;-7,52116081;-46,05017602;"SPRF-MA";"DEL05-MA";"UOP01-DEL05-MA"
148752;2018-07-24;"terça-feira";"15:00:00";"GO";40;77;"CRISTALINA";"Defeito Mecânico no Veículo";"Saída de leito carroçável";"Com Vítimas Feridas";"Pleno dia";"Crescente";"Céu Claro";"Simples";"Reta";"Não";1;0;1;0;0;0;1;1;-16,652003;-47,734946;"SPRF-DF";"DEL01-DF";"UOP02-DEL01-DF"
148753;2018-07-24;"terça-feira";"19:40:00";"RS";116;234;"NOVO HAMBURGO";"Desobediência às normas de trânsito pelo condutor";"Colisão transversal";"Com Vítimas Feridas";"Plena Noite";"Crescente";"Chuva";"Simples";"Reta";"Sim";2;0;1;0;1;0;1;2;-29,64623689;-51,14347905;"SPRF-RS";"DEL01-RS";"UOP02-DEL01-RS"
148754;2018-07-24;"terça-feira";"18:20:00";"BA";324;624;"SALVADOR";"Defeito Mecânico no Veículo";"Incêndio";"Sem Vítimas";"Plena Noite";"Decrescente";"Nublado";"Múltipla";"Reta;Aclive";"Sim";1;0;0;0;1;0;0;1;-12,96034975;-38,47375325;"SPRF-BA";"DEL01-BA";"UOP01-DEL01-BA"
148755;2018-07-24;"terça-feira";"18:50:00";"MT";163;107;"RONDONOPOLIS";"Agressão Externa";"Saída de leito carroçável";"Com Vítimas Feridas";"Anoitecer";"Decrescente";"Céu Claro";"Dupla";"Declive;Reta";"Não";1;0;1;0;0;0;1;1;-16,60298;-54,69717;"SPRF-MT";"DEL02-MT";"UOP01-DEL02-MT"
148757;2018-07-24;"terça-feira";"18:40:00";"CE";116;44,1;"HORIZONTE";"Desobediência às normas de trânsito pelo condutor";"Colisão lateral";"Com Vítimas Feridas";"Plena Noite";"Crescente";"Céu Claro";"Dupla";"Retorno Regulamentado";"Sim";4;0;2;0;1;1;2;2;-4,13273212;-38,48261833;"SPRF-CE";"DEL01-CE";"UOP02-DEL01-CE"
148759;2018-07-24;"terça-feira";"19:50:00";"SP";116;222,9;"GUARULHOS";"Falta de Atenção à Condução";"Queda de ocupante de veículo";"Com Vítimas Fatais";"Plena Noite";"Decrescente";"Céu Claro";"Múltipla";"Reta";"Sim";2;1;0;0;0;1;0;2;-23,47733894;-46,52729977;"SPRF-SP";"DEL01-SP";"UOP01-DEL01-SP"
148760;2018-07-24;"terça-feira";"19:35:00";"PE";101;48,6;"ABREU E LIMA";"Falta de Atenção do Pedestre";"Atropelamento de Pedestre";"Com Vítimas Feridas";"Plena Noite";"Decrescente";"Céu Claro";"Múltipla";"Reta";"Sim";2;0;0;1;1;0;1;2;-7,898;-34,9025;"SPRF-PE";"DEL01-PE";"UOP02-DEL01-PE"
148761;2018-05-01;"terça-feira";"04:30:00";"PE";101;49,9;"ABREU E LIMA";"Velocidade Incompatível";"Colisão traseira";"Com Vítimas Feridas";"Amanhecer";"Decrescente";"Céu Claro";"Múltipla";"Reta";"Sim";2;0;0;1;1;0;1;2;-7,91583;-34,89772;"SPRF-PE";"DEL01-PE";"UOP02-DEL01-PE"
148762;2018-07-24;"terça-feira";"21:00:00";"SC";101;208,4;"SAO JOSE";"Falta de Atenção à Condução";"Tombamento";"Com Vítimas Feridas";"Plena Noite";"Decrescente";"Chuva";"Múltipla";"Reta";"Sim";1;0;1;0;0;0;1;1;-27,605;-48,633;"SPRF-SC";"DEL01-SC";"UOP01-DEL01-SC"
148764;2018-07-24;"terça-feira";"18:30:00";"PB";104;88,7;"REMIGIO";"Não guardar distância de segurança";"Colisão traseira";"Com Vítimas Feridas";"Plena Noite";"Decrescente";"Céu Claro";"Simples";"Reta";"Sim";2;0;1;0;1;0;1;2;-6,97277569;-35,80695391;"SPRF-PB";"DEL02-PB";"UOP04-DEL02-PB"
148766;2018-07-24;"terça-feira";"19:10:00";"SC";282;210;"LAGES";"Ultrapassagem Indevida";"Colisão frontal";"Com Vítimas Feridas";"Plena Noite";"Decrescente";"Chuva";"Simples";"Reta";"Não";3;0;2;0;1;0;2;2;-27,778582;-50,231815;"SPRF-SC";"DEL05-SC";"UOP01-DEL05-SC"
148767;2018-07-08;"domingo";"16:04:00";"SC";101;215,7;"PALHOCA";"Velocidade Incompatível";"Colisão traseira";"Com Vítimas Feridas";"Pleno dia";"Decrescente";"Céu Claro";"Múltipla";"Reta";"Sim";2;0;1;0;1;0;1;2;-27,6601;-48,6774;"SPRF-SC";"DEL01-SC";"UOP02-DEL01-SC"
148768;2018-07-24;"terça-feira";"22:00:00";"RS";101;38,5;"TRES FORQUILHAS";"Pista Escorregadia";"Saída de leito carroçável";"Com Vítimas Feridas";"Plena Noite";"Decrescente";"Chuva";"Dupla";"Curva";"Não";2;0;1;0;1;0;1;2;-29,53489558;-50,01008751;"SPRF-RS";"DEL03-RS";"DEL9/3-UOP03/RS"
148769;2018-07-24;"terça-feira";"21:20:00";"PR";277;151,8;"PORTO AMAZONAS";"Condutor Dormindo";"Saída de leito carroçável";"Com Vítimas Feridas";"Plena Noite";"Crescente";"Céu Claro";"Simples";"Reta";"Não";2;0;1;1;0;0;2;1;-25,4779996;-49,8813223;"SPRF-PR";"DEL01-PR";"UOP06-DEL01-PR"
148770;2018-07-13;"sexta-feira";"15:20:00";"MT";163;719;"SORRISO";"Falta de Atenção à Condução";"Capotamento";"Com Vítimas Feridas";"Pleno dia";"Crescente";"Céu Claro";"Simples";"Reta";"Não";2;0;2;0;0;0;2;1;-12,7727635;-55,83556224;"SPRF-MT";"DEL06-MT";"UOP01-DEL06-MT"
148771;2018-04-11;"quarta-feira";"17:50:00";"PB";101;40;"MAMANGUAPE";"Desobediência às normas de trânsito pelo pedestre";"Atropelamento de Pedestre";"Com Vítimas Feridas";"Anoitecer";"Crescente";"Céu Claro";"Múltipla";"Declive";"Sim";2;0;2;0;0;0;2;2;-6,8485;-35,1353;"SPRF-PB";"DEL01-PB";"UOP04-DEL01-PB"
148773;2018-07-25;"quarta-feira";"00:30:00";"RJ";101;69;"CAMPOS DOS GOYTACAZES";"Animais na Pista";"Saída de leito carroçável";"Com Vítimas Feridas";"Plena Noite";"Crescente";"Céu Claro";"Simples";"Reta";"Não";3;0;3;0;0;0;3;1;-21,77647804;-41,36496305;"SPRF-RJ";"DEL08-RJ";"UOP02-DEL08-RJ"
148775;2018-07-25;"quarta-feira";"00:20:00";"MS";262;496,2;"ANASTACIO";"Animais na Pista";"Atropelamento de Animal";"Sem Vítimas";"Plena Noite";"Decrescente";"Céu Claro";"Simples";"Reta";"Não";4;0;0;0;2;2;0;2;-20,50135;-55,892541;"SPRF-MS";"DEL03-MS";"UOP01-DEL03-MS"
148776;2018-07-24;"terça-feira";"00:50:00";"MA";135;4;"SAO LUIS";"Falta de Atenção à Condução";"Tombamento";"Sem Vítimas";"Plena Noite";"Decrescente";"Ignorado";"Dupla";"Reta";"Sim";2;0;0;0;2;0;0;1;-2,614323;-44,252632;"SPRF-MA";"DEL01-MA";"UOP01-DEL01-MA"
148778;2018-07-24;"terça-feira";"23:55:00";"RS";471;692;"SANTA VITORIA DO PALMAR";"Ingestão de Álcool";"Saída de leito carroçável";"Sem Vítimas";"Pleno dia";"Decrescente";"Céu Claro";"Simples";"Reta";"Sim";1;0;0;0;1;0;0;1;-33,55341234;-53,36299896;"SPRF-RS";"DEL07-RS";"UOP04-DEL07-RS"
148784;2018-07-25;"quarta-feira";"02:40:00";"PI";222;47;"BRASILEIRA";"Defeito Mecânico no Veículo";"Incêndio";"Com Vítimas Feridas";"Plena Noite";"Crescente";"Céu Claro";"Simples";"Reta";"Não";53;0;1;0;52;0;1;1;-4,113539;-41,584743;"SPRF-PI";"DEL02-PI";"UOP01-DEL02-PI"
148785;2018-02-18;"domingo";"22:25:00";"GO";40;2,2;"VALPARAISO DE GOIAS";"Ingestão de Álcool";"Colisão traseira";"Com Vítimas Feridas";"Plena Noite";"Crescente";"Céu Claro";"Dupla";"Reta";"Sim";5;0;2;0;3;0;2;3;-16,06889678;-47,98457877;"SPRF-DF";"DEL01-DF";"UOP01-DEL01-DF"
148786;2018-07-25;"quarta-feira";"04:20:00";"GO";60;8;"ALEXANIA";"Condutor Dormindo";"Saída de leito carroçável";"Com Vítimas Feridas";"Plena Noite";"Crescente";"Céu Claro";"Dupla";"Reta";"Não";4;0;1;2;1;0;3;1;-16,10090701;-48,4703064;"SPRF-DF";"DEL01-DF";"UOP01-DEL03-DF"
148791;2018-07-25;"quarta-feira";"05:15:00";"ES";101;294;"CARIACICA";"Falta de Atenção do Pedestre";"Atropelamento de Pedestre";"Com Vítimas Feridas";"Amanhecer";"Crescente";"Céu Claro";"Dupla";"Reta";"Sim";2;0;0;1;1;0;1;2;-20,34195108;-40,40560126;"SPRF-ES";"DEL01-ES";"UOP01-DEL01-ES"
148793;2018-07-25;"quarta-feira";"05:50:00";"MG";40;551,1;"NOVA LIMA";"Animais na Pista";"Colisão com objeto estático";"Com Vítimas Feridas";"Plena Noite";"Decrescente";"Nevoeiro/Neblina";"Dupla";"Reta";"Sim";2;0;1;0;1;0;1;1;-20,052396;-43,979281;"SPRF-MG";"DEL01-MG";"UOP02-DEL01-MG"
148795;2018-07-25;"quarta-feira";"05:59:00";"SP";116;227,3;"SAO PAULO";"Falta de Atenção à Condução";"Colisão traseira";"Com Vítimas Feridas";"Amanhecer";"Crescente";"Nublado";"Múltipla";"Reta";"Sim";2;0;2;0;0;0;2;2;-23,50072092;-46,56345277;"SPRF-SP";"DEL01-SP";"UOP01-DEL01-SP"
148796;2018-07-25;"quarta-feira";"05:50:00";"MG";40;551,1;"NOVA LIMA";"Animais na Pista";"Atropelamento de Animal";"Com Vítimas Feridas";"Amanhecer";"Decrescente";"Céu Claro";"Dupla";"Reta";"Sim";2;0;2;0;0;0;2;1;-20,06034546;-43,9767443;"SPRF-MG";"DEL01-MG";"UOP02-DEL01-MG"
148801;2018-07-25;"quarta-feira";"08:05:00";"GO";60;101;"ANAPOLIS";"Falta de Atenção do Pedestre";"Colisão lateral";"Com Vítimas Feridas";"Pleno dia";"Decrescente";"Céu Claro";"Dupla";"Retorno Regulamentado";"Sim";2;0;1;0;1;0;1;2;-16,4022;-48,9745;"SPRF-GO";"DEL02-GO";"UOP01-DEL02-GO"
148802;2018-07-25;"quarta-feira";"08:05:00";"SC";101;205,8;"SAO JOSE";"Falta de Atenção à Condução";"Tombamento";"Com Vítimas Feridas";"Pleno dia";"Crescente";"Chuva";"Múltipla";"Curva";"Sim";2;0;1;0;1;0;1;1;-27,58715828;-48,61684972;"SPRF-SC";"DEL01-SC";"UOP01-DEL01-SC"
148803;2018-07-25;"quarta-feira";"08:00:00";"RJ";116;182;"NOVA IGUACU";"Não guardar distância de segurança";"Colisão traseira";"Sem Vítimas";"Pleno dia";"Crescente";"Nublado";"Dupla";"Reta";"Sim";2;0;0;0;2;0;0;2;-22,73805806;-43,48263502;"SPRF-RJ";"DEL01-RJ";"UOP02-DEL01-RJ"
148804;2018-07-25;"quarta-feira";"08:00:00";"SC";101;216,7;"PALHOCA";"Falta de Atenção à Condução";"Colisão traseira";"Sem Vítimas";"Pleno dia";"Decrescente";"Chuva";"Dupla";"Reta";"Sim";2;0;0;0;2;0;0;2;-27,66551539;-48,67463768;"SPRF-SC";"DEL01-SC";"UOP02-DEL01-SC"
148806;2018-07-25;"quarta-feira";"07:45:00";"MG";40;511;"RIBEIRAO DAS NEVES";"Animais na Pista";"Queda de ocupante de veículo";"Com Vítimas Feridas";"Pleno dia";"Crescente";"Céu Claro";"Dupla";"Reta";"Sim";1;0;1;0;0;0;1;1;-19,7926;-44,1112;"SPRF-MG";"DEL01-MG";"UOP03-DEL01-MG"
148807;2018-07-25;"quarta-feira";"07:45:00";"GO";153;238;"HIDROLINA";"Desobediência às normas de trânsito pelo condutor";"Colisão traseira";"Com Vítimas Feridas";"Pleno dia";"Decrescente";"Céu Claro";"Simples";"Reta";"Não";7;0;2;0;5;0;2;2;-14,824224;-49,299973;"SPRF-GO";"DEL07-GO";"UOP02-DEL07-GO"
148810;2018-07-25;"quarta-feira";"08:22:00";"PR";376;668;"GUARATUBA";"Velocidade Incompatível";"Colisão com objeto estático";"Com Vítimas Feridas";"Pleno dia";"Crescente";"Garoa/Chuvisco";"Dupla";"Curva";"Não";2;0;1;0;1;0;1;1;-25,89968846;-48,92766595;"SPRF-PR";"DEL01-PR";"DEL7/1-UOP08/PR"
148811;2018-07-25;"quarta-feira";"08:55:00";"ES";262;26,2;"VIANA";"Velocidade Incompatível";"Colisão frontal";"Com Vítimas Feridas";"Pleno dia";"Crescente";"Chuva";"Simples";"Curva";"Não";6;0;4;1;1;0;5;2;-20,38197858;-40,54633677;"SPRF-ES";"DEL01-ES";"UOP01-DEL01-ES"
148814;2018-07-25;"quarta-feira";"08:10:00";"BA";407;7;"JUAZEIRO";"Falta de Atenção à Condução";"Colisão transversal";"Com Vítimas Feridas";"Pleno dia";"Decrescente";"Céu Claro";"Dupla";"Reta";"Sim";2;0;0;1;1;0;1;2;-9,464065;-40,482719;"SPRF-PE";"DEL06-PE";"UOP01-DEL06-PE"
148821;2018-07-25;"quarta-feira";"06:35:00";"SP";116;426;"JUQUIA";"Falta de Atenção à Condução";"Colisão lateral";"Com Vítimas Feridas";"Pleno dia";"Crescente";"Céu Claro";"Dupla";"Curva";"Não";1;0;1;0;0;0;1;1;-24,36805178;-47,6947403;"SPRF-SP";"DEL05-SP";"UOP01-DEL05-SP"
148823;2018-07-25;"quarta-feira";"09:10:00";"PR";277;693;"SAO MIGUEL DO IGUACU";"Desobediência às normas de trânsito pelo condutor";"Colisão transversal";"Com Vítimas Feridas";"Pleno dia";"Crescente";"Nevoeiro/Neblina";"Dupla";"Declive;Retorno Regulamentado";"Não";3;0;2;0;1;0;2;2;-25,372623;-54,270252;"SPRF-PR";"DEL05-PR";"UOP01-DEL05-PR"