"id";"data_inversa";"dia_semana";"horario";"uf";"br";"km";"municipio";"causa_acidente";"tipo_acidente";"classificacao_acidente";"fase_dia";"sentido_via";"condicao_metereologica";"tipo_pista";"tracado_via";"uso_solo";"pessoas";"mortos";"feridos_leves";"feridos_graves";"ilesos";"ignorados";"feridos";"veiculos";"latitude";"longitude";"regional";"delegacia";"uop"
148827;2018-07-25;"quarta-feira";"08:10:00";"RO";435;62,9;"VILHENA";"Velocidade Incompatível";"Saída de leito carroçável";"Com Vítimas Feridas";"Pleno dia";"Crescente";"Céu Claro";"Simples";"Curva";"Não";3;0;2;0;1;0;2;1;-13,04971346;-60,40214539;"SPRF-RO";"DEL04-RO";"UOP02-DEL04-RO"
148829;2018-07-13;"sexta-feira";"21:20:00";"SC";101;148;"ITAPEMA";"Falta de Atenção à Condução";"Colisão lateral";"Com Vítimas Feridas";"Plena Noite";"Crescente";"Nublado";"Simples";"Reta";"Sim";2;0;1;0;1;0;1;2;-27,109;-48,6126;"SPRF-SC";"DEL04-SC";"UOP03-DEL04-SC"
148830;2018-07-25;"quarta-feira";"10:40:00";"PI";402;33,2;"PARNAIBA";"Falta de Atenção à Condução";"Colisão traseira";"Sem Vítimas";"Pleno dia";"Crescente";"Céu Claro";"Simples";"Interseção de Vias";"Sim";2;0;0;0;2;0;0;2;-2,93092253;-41,75145864;"SPRF-PI";"DEL05-PI";"UOP01-DEL05-PI"
148832;2018-07-25;"quarta-feira";"11:00:00";"MT";163;820;"SINOP";"Ingestão de Álcool";"Colisão transversal";"Com Vítimas Feridas";"Pleno dia";"Crescente";"Céu Claro";"Simples";"Reta";"Sim";3;0;1;0;2;0;1;2;-11,93151642;-55,51322937;"SPRF-MT";"DEL06-MT";"UOP01-DEL06-MT"
148835;2018-07-25;"quarta-feira";"11:50:00";"RJ";393;237;"VASSOURAS";"Falta de Atenção à Condução";"Colisão com objeto estático";"Com Vítimas Feridas";"Pleno dia";"Decrescente";"Céu Claro";"Simples";"Reta";"Sim";1;0;1;0;0;0;1;1;-22,42356496;-43,68908644;"SPRF-RJ";"DEL05-RJ";"UOP03-DEL05-RJ"
148838;2018-07-25;"quarta-feira";"11:45:00";"PR";376;4,1;"APUCARANA";"Falta de Atenção à Condução";"Colisão lateral";"Com Vítimas Feridas";"Pleno dia";"Crescente";"Céu Claro";"Dupla";"Reta";"Não";1;0;1;0;0;0;1;1;-23,5513;-51,461266;"SPRF-PR";"DEL07-PR";"UOP01-DEL09-PR"
148839;2018-07-25;"quarta-feira";"10:30:00";"MG";262;116,5;"RIO CASCA";"Desobediência às normas de trânsito pelo condutor";"Colisão transversal";"Sem Vítimas";"Pleno dia";"Crescente";"Céu Claro";"Simples";"Reta";"Sim";2;0;0;0;1;1;0;2;-20,23099277;-42,62410998;"SPRF-MG";"DEL03-MG";"UOP03-DEL03-MG"
148840;2018-07-25;"quarta-feira";"12:00:00";"ES";262;120,7;"CONCEICAO DO CASTELO";"Falta de Atenção à Condução";"Tombamento";"Com Vítimas Feridas";"Pleno dia";"Decrescente";"Nublado";"Simples";"Curva";"Não";2;0;1;1;0;0;2;1;-20,29452225;-41,22806311;"SPRF-ES";"DEL01-ES";"UOP02-DEL01-ES"
148842;2018-07-25;"quarta-feira";"12:40:00";"RS";290;5,3;"OSORIO";"Avarias e/ou desgaste excessivo no pneu";"Saída de leito carroçável";"Sem Vítimas";"Pleno dia";"Crescente";"Chuva";"Dupla";"Reta";"Não";1;0;0;0;0;1;0;1;-29,896193;-50,334114;"SPRF-RS";"DEL03-RS";"UOP02-DEL03-RS"
148843;2018-06-15;"sexta-feira";"13:47:00";"RS";392;118;"CANGUCU";"Desobediência às normas de trânsito pelo condutor";"Colisão frontal";"Com Vítimas Feridas";"Pleno dia";"Decrescente";"Céu Claro";"Simples";"Reta";"Sim";2;0;0;1;1;0;1;2;-31,40659743;-52,68204309;"SPRF-RS";"DEL07-RS";"UOP01-DEL07-RS"
148845;2018-07-25;"quarta-feira";"12:15:00";"MG";116;276,5;"TEOFILO OTONI";"Ingestão de álcool e/ou substâncias psicoativas pelo pedestre";"Colisão traseira";"Sem Vítimas";"Pleno dia";"Crescente";"Céu Claro";"Simples";"Interseção de Vias";"Sim";2;0;0;0;2;0;0;2;-17,85206465;-41,51417971;"SPRF-MG";"DEL11-MG";"UOP01-DEL11-MG"
148846;2018-07-25;"quarta-feira";"13:20:00";"SC";101;199;"SAO JOSE";"Pista Escorregadia";"Colisão com objeto estático";"Com Vítimas Feridas";"Pleno dia";"Crescente";"Chuva";"Múltipla";"Reta";"Sim";1;0;1;0;0;0;1;1;-27,5402972;-48,62283289;"SPRF-SC";"DEL01-SC";"UOP01-DEL01-SC"
148850;2018-07-25;"quarta-feira";"14:10:00";"SP";116;401;"MIRACATU";"Não guardar distância de segurança";"Saída de leito carroçável";"Com Vítimas Feridas";"Pleno dia";"Decrescente";"Nublado";"Dupla";"Ponte";"Não";4;0;4;0;0;0;4;1;-24,31233316;-47,51473188;"SPRF-SP";"DEL04-SP";"UOP02-DEL04-SP"
148851;2018-07-25;"quarta-feira";"09:00:00";"PI";222;23;"SAO JOAO DA FRONTEIRA";"Defeito na Via";"Capotamento";"Com Vítimas Feridas";"Pleno dia";"Decrescente";"Céu Claro";"Simples";"Reta";"Não";2;0;1;0;1;0;1;1;-3,9929;-41,414978;"SPRF-PI";"DEL02-PI";"UOP01-DEL02-PI"
148854;2018-07-25;"quarta-feira";"14:30:00";"PE";101;65;"RECIFE";"Falta de Atenção à Condução";"Atropelamento de Pedestre";"Com Vítimas Feridas";"Pleno dia";"Crescente";"Céu Claro";"Dupla";"Reta";"Sim";2;0;1;0;1;0;1;2;-8,0349;-34,9415;"SPRF-PE";"DEL01-PE";"UOP01-DEL01-PE"
148855;2018-07-25;"quarta-feira";"12:10:00";"PI";343;661,2;"JERUMENHA";"Falta de Atenção à Condução";"Colisão traseira";"Sem Vítimas";"Pleno dia";"Crescente";"Céu Claro";"Simples";"Reta";"Não";3;0;0;0;3;0;0;3;-7,118451;-43,522011;"SPRF-PI";"DEL03-PI";"UOP01-DEL03-PI"
148856;2018-07-25;"quarta-feira";"11:40:00";"PI";343;661;"JERUMENHA";"Falta de Atenção à Condução";"Saída de leito carroçável";"Sem Vítimas";"Pleno dia";"Crescente";"Céu Claro";"Simples";"Reta";"Não";3;0;0;0;3;0;0;1;-7,118451;-43,522011;"SPRF-PI";"DEL03-PI";"UOP01-DEL03-PI"
148857;2018-07-25;"quarta-feira";"14:30:00";"PE";104;75,6;"CARUARU";"Não guardar distância de segurança";"Colisão traseira";"Com Vítimas Feridas";"Pleno dia";"Crescente";"Chuva";"Simples";"Curva";"Não";4;0;1;0;3;0;1;3;-8,364267;-35,986231;"SPRF-PE";"DEL02-PE";"UOP01-DEL02-PE"
148858;2018-07-25;"quarta-feira";"14:40:00";"RJ";393;288,5;"VOLTA REDONDA";"Falta de Atenção à Condução";"Colisão traseira";"Com Vítimas Feridas";"Pleno dia";"Decrescente";"Céu Claro";"Dupla";"Reta";"Sim";3;0;1;0;2;0;1;2;-22,51493009;-44,10310446;"SPRF-RJ";"DEL05-RJ";"UOP04-DEL05-RJ"
148859;2018-07-25;"quarta-feira";"15:10:00";"SC";470;72,3;"INDAIAL";"Falta de Atenção à Condução";"Colisão transversal";"Com Vítimas Feridas";"Pleno dia";"Crescente";"Nublado";"Simples";"Reta";"Não";2;0;1;0;1;0;1;2;-26,90568978;-49,27202951;"SPRF-SC";"DEL04-SC";"UOP01-DEL04-SC"
148861;2018-07-25;"quarta-feira";"13:40:00";"RO";319;61;"PORTO VELHO";"Falta de Atenção à Condução";"Colisão traseira";"Sem Vítimas";"Pleno dia";"Decrescente";"Céu Claro";"Dupla";"Reta";"Sim";2;0;0;0;1;1;0;2;-8,74525113;-63,88884544;"SPRF-RO";"DEL01-RO";"UOP01-DEL01-RO"
148864;2018-07-25;"quarta-feira";"15:00:00";"SP";116;201;"ARUJA";"Falta de Atenção à Condução";"Atropelamento de Pedestre";"Com Vítimas Feridas";"Pleno dia";"Crescente";"Nublado";"Múltipla";"Reta";"Sim";2;0;1;0;1;0;1;2;-23,39961407;-46,31835938;"SPRF-SP";"DEL01-SP";"UOP02-DEL01-SP"
148865;2018-07-25;"quarta-feira";"14:20:00";"RS";116;390,3;"CAMAQUA";"Não guardar distância de segurança";"Colisão traseira";"Sem Vítimas";"Pleno dia";"Crescente";"Chuva";"Simples";"Reta";"Sim";2;0;0;0;2;0;0;2;-30,82759165;-51,72184646;"SPRF-RS";"DEL02-RS";"UOP03-DEL02-RS"
148867;2018-07-25;"quarta-feira";"15:50:00";"GO";60;95;"ANAPOLIS";"Falta de Atenção à Condução";"Colisão transversal";"Sem Vítimas";"Pleno dia";"Decrescente";"Céu Claro";"Dupla";"Reta";"Sim";2;0;0;0;2;0;0;2;-16,3679;-48,939;"SPRF-GO";"DEL02-GO";"UOP01-DEL02-GO"
148869;2018-07-25;"quarta-feira";"16:15:00";"GO";40;13;"LUZIANIA";"Falta de Atenção do Pedestre";"Atropelamento de Pedestre";"Com Vítimas Fatais";"Pleno dia";"Crescente";"Céu Claro";"Simples";"Reta";"Sim";3;1;0;0;1;1;0;2;-16,151832;-47,939162;"SPRF-DF";"DEL01-DF";"UOP01-DEL01-DF"
148870;2018-07-25;"quarta-feira";"15:15:00";"PR";153;42,9;"SANTO ANTONIO DA PLATINA";"Desobediência às normas de trânsito pelo condutor";"Colisão transversal";"Com Vítimas Feridas";"Pleno dia";"Crescente";"Céu Claro";"Dupla";"Interseção de Vias";"Sim";3;0;2;0;1;0;2;2;-23,30365507;-50,07027442;"SPRF-PR";"DEL07-PR";"UOP04-DEL07-PR"
148871;2018-07-25;"quarta-feira";"16:20:00";"PE";101;95,2;"CABO DE SANTO AGOSTINHO";"Falta de Atenção à Condução";"Colisão lateral";"Com Vítimas Feridas";"Pleno dia";"Decrescente";"Nublado";"Dupla";"Retorno Regulamentado";"Sim";2;0;1;0;1;0;1;2;-8,26045077;-35,01387835;"SPRF-PE";"DEL01-PE";"UOP03-DEL01-PE"
148875;2018-07-25;"quarta-feira";"15:20:00";"RO";364;210,2;"PIMENTA BUENO";"Defeito Mecânico no Veículo";"Saída de leito carroçável";"Com Vítimas Feridas";"Pleno dia";"Crescente";"Sol";"Simples";"Curva;Declive";"Não";4;0;0;2;0;2;2;2;-11,588793;-61,255637;"SPRF-RO";"DEL02-RO";"UOP02-DEL02-RO"
148876;2018-07-25;"quarta-feira";"16:20:00";"PB";230;84,8;"CALDAS BRANDAO";"Não guardar distância de segurança";"Colisão transversal";"Com Vítimas Feridas";"Pleno dia";"Decrescente";"Céu Claro";"Dupla";"Reta";"Sim";2;0;1;0;1;0;1;2;-7,16819519;-35,35002351;"SPRF-PB";"DEL01-PB";"UOP03-DEL01-PB"
148877;2018-07-25;"quarta-feira";"15:00:00";"MS";60;182,3;"CAMAPUA";"Ultrapassagem Indevida";"Saída de leito carroçável";"Com Vítimas Feridas";"Pleno dia";"Decrescente";"Céu Claro";"Simples";"Reta";"Não";2;0;2;0;0;0;2;1;-19,499378;-54,001038;"SPRF-MS";"DEL06-MS";"UOP02-DEL06-MS"
148878;2018-05-05;"sábado";"06:00:00";"PB";230;14;"CABEDELO";"Ingestão de Álcool";"Colisão transversal";"Com Vítimas Feridas";"Amanhecer";"Decrescente";"Chuva";"Dupla";"Reta";"Sim";2;0;2;0;0;0;2;2;-7,0844;-34,8488;"SPRF-PB";"DEL01-PB";"UOP01-DEL01-PB"
148879;2018-07-25;"quarta-feira";"15:40:00";"PI";343;337,9;"TERESINA";"Falta de Atenção à Condução";"Colisão traseira";"Com Vítimas Feridas";"Pleno dia";"Decrescente";"Céu Claro";"Simples";"Reta";"Não";2;0;1;0;1;0;1;2;-5,05845636;-42,68937886;"SPRF-PI";"DEL01-PI";"UOP01-DEL01-PI"
148884;2018-07-25;"quarta-feira";"17:20:00";"RN";304;31,4;"MOSSORO";"Desobediência às normas de trânsito pelo condutor";"Colisão transversal";"Com Vítimas Feridas";"Pleno dia";"Decrescente";"Céu Claro";"Simples";"Reta";"Sim";2;0;0;1;0;1;1;2;-5,125933;-37,342953;"SPRF-RN";"DEL04-RN";"UOP02-DEL04-RN"
148885;2018-07-25;"quarta-feira";"17:40:00";"DF";20;12;"BRASILIA";"Falta de Atenção à Condução";"Colisão traseira";"Com Vítimas Feridas";"Pleno dia";"Crescente";"Céu Claro";"Dupla";"Reta";"Sim";4;0;1;0;3;0;1;2;-15,6454761;-47,7620454;"SPRF-DF";"DEL02-DF";"UOP01-DEL02-DF"
148887;2018-07-25;"quarta-feira";"14:10:00";"RJ";101;34;"CAMPOS DOS GOYTACAZES";"Falta de Atenção à Condução";"Saída de leito carroçável";"Com Vítimas Feridas";"Pleno dia";"Crescente";"Céu Claro";"Simples";"Reta";"Não";2;0;1;0;1;0;1;1;-21,499462;-41,340199;"SPRF-RJ";"DEL08-RJ";"UOP01-DEL08-RJ"
148888;2018-07-25;"quarta-feira";"17:00:00";"MS";262;365;"CAMPO GRANDE";"Falta de Atenção à Condução";"Queda de ocupante de veículo";"Com Vítimas Feridas";"Anoitecer";"Crescente";"Céu Claro";"Simples";"Rotatória";"Sim";1;0;1;0;0;0;1;1;-20,4911853;-54,73993778;"SPRF-MS";"DEL01-MS";"UOP03-DEL01-MS"
148889;2018-07-25;"quarta-feira";"11:35:00";"RJ";101;207;"CASIMIRO DE ABREU";"Falta de Atenção à Condução";"Colisão transversal";"Com Vítimas Feridas";"Pleno dia";"Decrescente";"Céu Claro";"Simples";"Reta";"Sim";2;0;0;1;1;0;1;2;-22,47785548;-42,21316926;"SPRF-RJ";"DEL02-RJ";"UOP04-DEL08-RJ"
148893;2018-07-25;"quarta-feira";"13:50:00";"SC";282;635,6;"DESCANSO";"Falta de Atenção à Condução";"Colisão traseira";"Com Vítimas Feridas";"Pleno dia";"Crescente";"Nublado";"Simples";"Reta";"Não";3;0;1;0;2;0;1;2;-26,819445;-53,427753;"SPRF-SC";"DEL07-SC";"UOP03-DEL07-SC"
148894;2018-07-25;"quarta-feira";"18:20:00";"PR";277;587,9;"CASCAVEL";"Falta de Atenção à Condução";"Colisão lateral";"Com Vítimas Feridas";"Plena Noite";"Crescente";"Céu Claro";"Simples";"Reta";"Não";2;0;1;0;1;0;1;2;-25,02817;-53,55983;"SPRF-PR";"DEL04-PR";"UOP01-DEL04-PR"
148895;2018-07-25;"quarta-feira";"18:20:00";"SP";116;227;"GUARULHOS";"Falta de Atenção à Condução";"Colisão lateral";"Com Vítimas Feridas";"Plena Noite";"Decrescente";"Céu Claro";"Múltipla";"Reta";"Sim";3;0;2;0;1;0;2;2;-23,50229253;-46,56692505;"SPRF-SP";"DEL01-SP";"UOP01-DEL01-SP"
148896;2018-07-25;"quarta-feira";"17:50:00";"RJ";116;287;"BARRA MANSA";"Objeto estático sobre o leito carroçável";"Tombamento";"Com Vítimas Feridas";"Pleno dia";"Decrescente";"Céu Claro";"Dupla";"Reta";"Não";1;0;1;0;0;0;1;1;-22,547443;-44,183659;"SPRF-RJ";"DEL07-RJ";"UOP02-DEL07-RJ"
148897;2018-07-25;"quarta-feira";"18:00:00";"SP";116;271,8;"TABOAO DA SERRA";"Falta de Atenção à Condução";"Colisão traseira";"Com Vítimas Feridas";"Plena Noite";"Decrescente";"Céu Claro";"Dupla";"Reta";"Não";2;0;1;0;1;0;1;2;-23,60736847;-46,76252246;"SPRF-SP";"DEL04-SP";"UOP01-DEL04-SP"
148898;2018-07-25;"quarta-feira";"18:20:00";"RN";101;95;"NATAL";"Não guardar distância de segurança";"Colisão traseira";"Sem Vítimas";"Plena Noite";"Crescente";"Céu Claro";"Dupla";"Reta";"Sim";4;0;0;0;4;0;0;4;-5,84042772;-35,21063715;"SPRF-RN";"DEL01-RN";"UOP01-DEL01-RN"
148899;2018-07-25;"quarta-feira";"18:45:00";"SC";101;215,5;"PALHOCA";"Falta de Atenção à Condução";"Queda de ocupante de veículo";"Com Vítimas Feridas";"Plena Noite";"Crescente";"Chuva";"Dupla";"Reta";"Sim";1;0;1;0;0;0;1;1;-27,65456618;-48,67842436;"SPRF-SC";"DEL01-SC";"UOP02-DEL01-SC"
148900;2018-07-25;"quarta-feira";"16:40:00";"PR";153;70,5;"CONSELHEIRO MAIRINCK";"Falta de Atenção à Condução";"Saída de leito carroçável";"Com Vítimas Feridas";"Pleno dia";"Decrescente";"Céu Claro";"Simples";"Reta";"Não";1;0;1;0;0;0;1;1;-23,515888;-50,114449;"SPRF-PR";"DEL07-PR";"UOP04-DEL07-PR"
148901;2018-07-25;"quarta-feira";"18:25:00";"GO";60;178,5;"ABADIA DE GOIAS";"Defeito Mecânico no Veículo";"Queda de ocupante de veículo";"Com Vítimas Feridas";"Amanhecer";"Crescente";"Céu Claro";"Dupla";"Declive";"Não";1;0;0;1;0;0;1;1;-16,76439902;-49,46761608;"SPRF-GO";"DEL01-GO";"UOP02-DEL01-GO"
148902;2018-07-25;"quarta-feira";"15:45:00";"BA";101;682,8;"ITAGIMIRIM";"Velocidade Incompatível";"Saída de leito carroçável";"Com Vítimas Feridas";"Pleno dia";"Crescente";"Sol";"Simples";"Reta;Aclive";"Não";3;0;1;1;1;0;2;1;-16,10144303;-39,61322308;"SPRF-BA";"DEL09-BA";"UOP01-DEL09-BA"
148903;2018-07-25;"quarta-feira";"19:00:00";"GO";20;5,5;"FORMOSA";"Restrição de Visibilidade";"Atropelamento de Pedestre";"Com Vítimas Fatais";"Plena Noite";"Decrescente";"Céu Claro";"Simples";"Reta";"Sim";2;2;0;0;0;0;0;2;-15,555275;-47,306908;"SPRF-DF";"DEL02-DF";"UOP01-DEL02-DF"
148904;2018-07-25;"quarta-feira";"18:40:00";"RS";116;260;"CANOAS";"Falta de Atenção à Condução";"Colisão lateral";"Com Vítimas Feridas";"Anoitecer";"Decrescente";"Céu Claro";"Múltipla";"Reta";"Sim";2;0;1;0;1;0;1;2;-29,87585284;-51,17987562;"SPRF-RS";"DEL01-RS";"UOP01-DEL01-RS"
148906;2018-07-25;"quarta-feira";"15:10:00";"SC";282;530,5;"CORDILHEIRA ALTA";"Falta de Atenção à Condução";"Colisão traseira";"Sem Vítimas";"Pleno dia";"Crescente";"Nublado";"Simples";"Curva;Declive;Em Obras";"Sim";3;0;0;0;3;0;0;3;-26,98671807;-52,60996342;"SPRF-SC";"DEL07-SC";"UOP01-DEL07-SC"
148909;2018-07-25;"quarta-feira";"18:00:00";"ES";101;143;"LINHARES";"Não guardar distância de segurança";"Colisão traseira";"Sem Vítimas";"Plena Noite";"Crescente";"Céu Claro";"Simples";"Reta";"Não";2;0;0;0;2;0;0;2;-19,34202228;-40,06433845;"SPRF-ES";"DEL04-ES";"UOP01-DEL04-ES"
148910;2018-07-25;"quarta-feira";"19:40:00";"SC";101;214,3;"PALHOCA";"Falta de Atenção do Pedestre";"Atropelamento de Pedestre";"Com Vítimas Feridas";"Plena Noite";"Decrescente";"Chuva";"Simples";"Reta;Interseção de Vias";"Sim";2;0;0;1;1;0;1;2;-27,652;-48,676;"SPRF-SC";"DEL01-SC";"UOP02-DEL01-SC"
148911;2018-07-05;"quinta-feira";"15:50:00";"BA";116;422;"FEIRA DE SANTANA";"Desobediência às normas de trânsito pelo condutor";"Colisão lateral";"Com Vítimas Feridas";"Pleno dia";"Decrescente";"Céu Claro";"Dupla";"Rotatória";"Não";2;0;1;0;1;0;1;2;-12,2296887;-38,9639618;"SPRF-BA";"DEL02-BA";"UOP01-DEL02-BA"
148918;2018-07-25;"quarta-feira";"19:25:00";"PR";476;126,9;"CURITIBA";"Defeito Mecânico no Veículo";"Incêndio";"Sem Vítimas";"Plena Noite";"Crescente";"Nublado";"Múltipla";"Aclive;Reta";"Sim";1;0;0;0;1;0;0;1;-25,42953588;-49,22866344;"SPRF-PR";"DEL01-PR";"UOP07-DEL01-PR"
148919;2018-06-11;"segunda-feira";"13:05:00";"PB";361;20,8;"SANTA TERESINHA";"Desobediência às normas de trânsito pelo condutor";"Colisão lateral";"Com Vítimas Feridas";"Pleno dia";"Crescente";"Sol";"Simples";"Reta";"Sim";3;0;2;1;0;0;3;2;-7,085181;-37,446227;"SPRF-PB";"DEL03-PB";"UOP01-DEL03-PB"
148921;2018-07-25;"quarta-feira";"17:50:00";"AM";319;0,4;"MANAUS";"Não guardar distância de segurança";"Colisão traseira";"Com Vítimas Feridas";"Anoitecer";"Crescente";"Céu Claro";"Simples";"Reta";"Sim";3;0;1;0;2;0;1;2;-3,133;-59,943;"SPRF-AM";"DEL01-AM";"UOP03/AM"
148922;2018-07-25;"quarta-feira";"20:30:00";"MG";381;478;"CONTAGEM";"Falta de Atenção do Pedestre";"Atropelamento de Pedestre";"Com Vítimas Feridas";"Plena Noite";"Decrescente";"Céu Claro";"Dupla";"Curva";"Sim";3;0;1;0;0;2;1;2;-19,9643;-44,044;"SPRF-MG";"DEL01-MG";"UOP03-DEL01-MG"
148923;2018-07-25;"quarta-feira";"20:40:00";"SP";116;70,1;"APARECIDA";"Falta de Atenção à Condução";"Colisão lateral";"Sem Vítimas";"Plena Noite";"Decrescente";"Céu Claro";"Simples";"Reta";"Sim";2;0;0;0;2;0;0;2;-22,8421198;-45,22236586;"SPRF-SP";"DEL08-SP";"UOP01-DEL08-SP"
148925;2018-07-25;"quarta-feira";"19:30:00";"PR";163;110,3;"CAPANEMA";"Desobediência às normas de trânsito pelo condutor";"Colisão transversal";"Com Vítimas Feridas";"Plena Noite";"Decrescente";"Céu Claro";"Simples";"Reta";"Não";5;0;1;3;0;1;4;2;-25,620447;-53,673209;"SPRF-PR";"DEL02-PR";"UOP02-DEL02-PR"
148927;2018-07-25;"quarta-feira";"19:30:00";"MA";135;0,5;"SAO LUIS";"Falta de Atenção à Condução";"Colisão transversal";"Com Vítimas Feridas";"Plena Noite";"Decrescente";"Céu Claro";"Dupla";"Reta";"Sim";2;0;0;1;1;0;1;2;-2,580456;-44,241947;"SPRF-MA";"DEL01-MA";"UOP01-DEL01-MA"
148928;2018-07-25;"quarta-feira";"20:45:00";"RJ";101;433;"MANGARATIBA";"Falta de Atenção do Pedestre";"Colisão transversal";"Com Vítimas Feridas";"Plena Noite";"Decrescente";"Nublado";"Dupla";"Retorno Regulamentado";"Sim";2;0;0;1;1;0;1;2;-22,93847581;-44,03837979;"SPRF-RJ";"DEL03-RJ";"UOP01-DEL03-RJ"
148929;2018-07-25;"quarta-feira";"21:00:00";"SC";280;7,1;"SAO FRANCISCO DO SUL";"Falta de Atenção à Condução";"Colisão traseira";"Com Vítimas Feridas";"Plena Noite";"Decrescente";"Nublado";"Simples";"Reta";"Não";3;0;1;0;2;0;1;3;-26,271294;-48,641315;"SPRF-SC";"DEL03-SC";"UOP03-DEL03-SC"
148933;2018-07-25;"quarta-feira";"22:00:00";"PR";376;551,3;"PALMEIRA";"Não guardar distância de segurança";"Capotamento";"Com Vítimas Feridas";"Plena Noite";"Crescente";"Céu Claro";"Dupla";"Reta;Declive";"Não";2;0;2;0;0;0;2;1;-25,43738401;-49,7498703;"SPRF-PR";"DEL01-PR";"UOP06-DEL01-PR"
148935;2018-07-25;"quarta-feira";"22:50:00";"PR";163;159;"SANTA LUCIA";"Objeto estático sobre o leito carroçável";"Colisão com objeto estático";"Com Vítimas Feridas";"Plena Noite";"Decrescente";"Nublado";"Simples";"Reta";"Não";3;0;2;0;1;0;2;1;-25,347;-53,5865;"SPRF-PR";"DEL04-PR";"UOP05-DEL05-PR"
148936;2018-07-25;"quarta-feira";"19:30:00";"SC";282;567,1;"NOVA ERECHIM";"Ingestão de Álcool";"Saída de leito carroçável";"Sem Vítimas";"Plena Noite";"Decrescente";"Céu Claro";"Simples";"Reta";"Não";1;0;0;0;1;0;0;1;-26,904472;-52,907639;"SPRF-SC";"DEL07-SC";"UOP02-DEL07-SC"
148938;2018-07-25;"quarta-feira";"23:00:00";"SC";282;45,5;"AGUAS MORNAS";"Pista Escorregadia";"Saída de leito carroçável";"Com Vítimas Feridas";"Plena Noite";"Decrescente";"Garoa/Chuvisco";"Simples";"Curva;Declive";"Não";3;0;2;0;1;0;2;1;-27,71926378;-48,92164707;"SPRF-SC";"DEL01-SC";"UOP03-DEL01-SC"
148940;2018-07-25;"quarta-feira";"20:00:00";"RS";153;692;"ACEGUA";"Animais na Pista";"Atropelamento de Animal";"Com Vítimas Feridas";"Plena Noite";"Decrescente";"Chuva";"Simples";"Reta";"Não";5;0;1;0;3;1;1;3;-31,796473;-54,156574;"SPRF-RS";"DEL11-RS";"UOP03-DEL11-RS"
148941;2018-07-25;"quarta-feira";"23:52:00";"RO";319;64,1;"PORTO VELHO";"Falta de Atenção à Condução";"Engavetamento";"Sem Vítimas";"Plena Noite";"Crescente";"Céu Claro";"Múltipla";"Reta";"Sim";3;0;0;0;3;0;0;3;-8,76721158;-63,88428032;"SPRF-RO";"DEL01-RO";"UOP01-DEL01-RO"
148942;2018-07-26;"quinta-feira";"00:00:00";"MT";364;259;"JACIARA";"Falta de Atenção à Condução";"Colisão traseira";"Com Vítimas Feridas";"Plena Noite";"Crescente";"Céu Claro";"Simples";"Declive";"Sim";2;0;0;1;1;0;1;2;-16,0446;-54,88946;"SPRF-MT";"DEL02-MT";"UOP02-DEL05-MT"
148943;2018-07-25;"quarta-feira";"23:55:00";"MT";364;524;"ROSARIO OESTE";"Defeito na Via";"Saída de leito carroçável";"Com Vítimas Feridas";"Plena Noite";"Crescente";"Céu Claro";"Simples";"Reta";"Não";5;0;1;0;4;0;1;1;-15,058265;-56,516891;"SPRF-MT";"DEL01-MT";"DEL2/4-UOP02/MT"
148944;2018-07-25;"quarta-feira";"13:30:00";"PB";230;149;"CAMPINA GRANDE";"Condutor Dormindo";"Saída de leito carroçável";"Sem Vítimas";"Pleno dia";"Decrescente";"Céu Claro";"Dupla";"Reta";"Sim";1;0;0;0;1;0;0;1;-7,243;-35,8709;"SPRF-PB";"DEL02-PB";"UOP01-DEL02-PB"
148950;2018-07-26;"quinta-feira";"06:00:00";"GO";40;10,1;"LUZIANIA";"Desobediência às normas de trânsito pelo condutor";"Atropelamento de Pedestre";"Com Vítimas Fatais";"Amanhecer";"Decrescente";"Céu Claro";"Dupla";"Reta";"Sim";2;1;0;0;1;0;0;2;-16,13263249;-47,9565078;"SPRF-DF";"DEL01-DF";"UOP01-DEL01-DF"
148952;2018-07-26;"quinta-feira";"06:30:00";"MG";40;277,9;"TRES MARIAS";"Falta de Atenção à Condução";"Colisão transversal";"Com Vítimas Feridas";"Amanhecer";"Crescente";"Céu Claro";"Simples";"Curva";"Sim";8;0;1;1;6;0;2;2;-18,221047;-45,221048;"SPRF-MG";"DEL14-MG";"UOP02-DEL14-MG"
148953;2018-07-26;"quinta-feira";"05:55:00";"GO";60;96,5;"ANAPOLIS";"Falta de Atenção à Condução";"Colisão traseira";"Com Vítimas Feridas";"Amanhecer";"Crescente";"Céu Claro";"Dupla";"Reta";"Sim";4;0;2;0;2;0;2;2;-16,371;-48,9422;"SPRF-GO";"DEL02-GO";"UOP01-DEL02-GO"
148954;2018-07-26;"quinta-feira";"06:40:00";"CE";222;4,1;"CAUCAIA";"Falta de Atenção à Condução";"Engavetamento";"Sem Vítimas";"Pleno dia";"Decrescente";"Céu Claro";"Múltipla";"Reta";"Sim";6;0;0;0;6;0;0;3;-3,741658;-38,604572;"SPRF-CE";"DEL01-CE";"UOP01-DEL01-CE"