"id";"data_inversa";"dia_semana";"horario";"uf";"br";"km";"municipio";"causa_acidente";"tipo_acidente";"classificacao_acidente";"fase_dia";"sentido_via";"condicao_metereologica";"tipo_pista";"tracado_via";"uso_solo";"pessoas";"mortos";"feridos_leves";"feridos_graves";"ilesos";"ignorados";"feridos";"veiculos";"latitude";"longitude";"regional";"delegacia";"uop"
149080;2018-07-26;"quinta-feira";"15:50:00";"BA";330;728,3;"JEQUIE";"Pista Escorregadia";"Capotamento";"Com Vítimas Feridas";"Pleno dia";"Crescente";"Céu Claro";"Simples";"Curva";"Não";2;0;2;0;0;0;2;1;-13,88301642;-40,03242016;"SPRF-BA";"DEL03-BA";"UOP01-DEL03-BA"
149082;2018-07-26;"quinta-feira";"18:10:00";"SC";101;203,1;"SAO JOSE";"Falta de Atenção à Condução";"Colisão lateral";"Com Vítimas Feridas";"Anoitecer";"Decrescente";"Céu Claro";"Dupla";"Reta";"Sim";2;0;1;0;1;0;1;2;-27,5742;-48,6134;"SPRF-SC";"DEL01-SC";"UOP01-DEL01-SC"
149084;2018-07-26;"quinta-feira";"17:14:00";"RJ";101;262;"RIO BONITO";"Falta de Atenção à Condução";"Colisão com objeto estático";"Com Vítimas Feridas";"Anoitecer";"Crescente";"Céu Claro";"Dupla";"Curva";"Não";1;0;1;0;0;0;1;1;-22,713675;-42,620529;"SPRF-RJ";"DEL02-RJ";"UOP03-DEL02-RJ"
149086;2018-07-26;"quinta-feira";"18:15:00";"PR";116;146,3;"MANDIRITUBA";"Defeito Mecânico no Veículo";"Colisão traseira";"Com Vítimas Feridas";"Plena Noite";"Decrescente";"Céu Claro";"Simples";"Reta";"Não";2;0;1;0;1;0;1;2;-25,81365676;-49,32895587;"SPRF-PR";"DEL01-PR";"UOP03-DEL01-PR"
149087;2018-07-26;"quinta-feira";"10:10:00";"ES";262;161;"IBATIBA";"Velocidade Incompatível";"Capotamento";"Com Vítimas Feridas";"Pleno dia";"Decrescente";"Sol";"Simples";"Curva";"Não";2;0;2;0;0;0;2;1;-20,2376368;-41,51999474;"SPRF-ES";"DEL01-ES";"UOP02-DEL01-ES"
149088;2018-07-26;"quinta-feira";"16:30:00";"BA";242;881;"LUIS EDUARDO MAGALHAES";"Falta de Atenção à Condução";"Colisão traseira";"Com Vítimas Feridas";"Pleno dia";"Crescente";"Céu Claro";"Dupla";"Retorno Regulamentado";"Sim";2;0;1;0;1;0;1;2;-12,090305;-45,789777;"SPRF-BA";"DEL10-BA";"UOP01-DEL10-BA"
149089;2018-07-26;"quinta-feira";"17:10:00";"BA";330;728,3;"JEQUIE";"Pista Escorregadia";"Colisão com objeto estático";"Com Vítimas Fatais";"Pleno dia";"Crescente";"Céu Claro";"Simples";"Curva";"Não";1;1;0;0;0;0;0;1;-13,88334971;-40,03233433;"SPRF-BA";"DEL03-BA";"UOP01-DEL03-BA"
149092;2018-07-26;"quinta-feira";"17:57:00";"CE";116;7,5;"FORTALEZA";"Agressão Externa";"Colisão frontal";"Com Vítimas Feridas";"Plena Noite";"Crescente";"Céu Claro";"Dupla";"Curva";"Sim";4;0;2;0;2;0;2;2;-3,81171558;-38,50014389;"SPRF-CE";"DEL01-CE";"UOP02-DEL01-CE"
149093;2018-07-26;"quinta-feira";"18:50:00";"MG";381;873,6;"ESTIVA";"Velocidade Incompatível";"Colisão traseira";"Com Vítimas Fatais";"Plena Noite";"Decrescente";"Céu Claro";"Dupla";"Curva";"Não";1;1;0;0;0;0;0;1;-22,41793164;-45,96430779;"SPRF-MG";"DEL16-MG";"UOP01-DEL16-MG"
149094;2018-07-26;"quinta-feira";"15:45:00";"MG";116;417,9;"GOVERNADOR VALADARES";"Falta de Atenção à Condução";"Colisão transversal";"Com Vítimas Feridas";"Pleno dia";"Decrescente";"Nublado";"Simples";"Curva";"Sim";4;0;0;1;3;0;1;3;-18,90502789;-41,94289327;"SPRF-MG";"DEL06-MG";"UOP01-DEL06-MG"
149095;2018-07-26;"quinta-feira";"18:45:00";"PR";376;554;"BALSA NOVA";"Defeito Mecânico no Veículo";"Colisão traseira";"Com Vítimas Feridas";"Plena Noite";"Crescente";"Céu Claro";"Dupla";"Reta";"Não";3;0;1;0;2;0;1;2;-25,45729133;-49,73367959;"SPRF-PR";"DEL01-PR";"UOP06-DEL01-PR"
149097;2018-07-26;"quinta-feira";"18:15:00";"SP";116;145,7;"SAO JOSE DOS CAMPOS";"Falta de Atenção à Condução";"Colisão lateral";"Com Vítimas Feridas";"Plena Noite";"Crescente";"Céu Claro";"Múltipla";"Reta";"Sim";2;0;1;0;1;0;1;2;-23,2004844;-45,8549846;"SPRF-SP";"DEL02-SP";"UOP01-DEL02-SP"
149101;2018-07-26;"quinta-feira";"18:20:00";"PR";476;349;"PAULA FREITAS";"Ingestão de Álcool";"Colisão frontal";"Com Vítimas Feridas";"Anoitecer";"Crescente";"Nublado";"Simples";"Reta";"Não";2;0;1;0;1;0;1;2;-26,18578847;-50,97158432;"SPRF-PR";"DEL02-PR";"UOP03-DEL02-PR"
149102;2018-07-26;"quinta-feira";"17:00:00";"MA";135;41;"BACABEIRA";"Defeito na Via";"Capotamento";"Sem Vítimas";"Anoitecer";"Decrescente";"Nublado";"Dupla";"Reta";"Não";1;0;0;0;0;1;0;1;-2,87920242;-44,37429428;"SPRF-MA";"DEL01-MA";"UOP01-DEL01-MA"
149103;2018-07-26;"quinta-feira";"19:00:00";"RS";386;411,8;"MONTENEGRO";"Desobediência às normas de trânsito pelo condutor";"Colisão frontal";"Com Vítimas Fatais";"Plena Noite";"Decrescente";"Garoa/Chuvisco";"Dupla";"Reta";"Sim";2;1;0;0;1;0;0;2;-29,80576907;-51,50409177;"SPRF-RS";"DEL04-RS";"UOP02-DEL04-RS"
149106;2018-07-26;"quinta-feira";"19:30:00";"RS";116;265;"CANOAS";"Desobediência às normas de trânsito pelo condutor";"Colisão lateral";"Com Vítimas Feridas";"Plena Noite";"Decrescente";"Céu Claro";"Múltipla";"Reta";"Sim";2;0;1;0;1;0;1;2;-29,923407;-51,177811;"SPRF-RS";"DEL01-RS";"UOP01-DEL01-RS"
149107;2018-07-26;"quinta-feira";"20:00:00";"RN";101;104,6;"PARNAMIRIM";"Ingestão de Álcool";"Colisão traseira";"Com Vítimas Feridas";"Plena Noite";"Crescente";"Céu Claro";"Dupla";"Reta";"Sim";2;0;1;0;1;0;1;2;-5,892745;-35,257225;"SPRF-RN";"DEL01-RN";"UOP01-DEL01-RN"
149114;2018-07-26;"quinta-feira";"19:45:00";"MS";163;536,5;"JARAGUARI";"Avarias e/ou desgaste excessivo no pneu";"Tombamento";"Com Vítimas Feridas";"Plena Noite";"Decrescente";"Céu Claro";"Simples";"Reta";"Não";2;0;2;0;0;0;2;1;-20,01944387;-54,40333128;"SPRF-MS";"DEL01-MS";"UOP02-DEL01-MS"
149118;2018-07-26;"quinta-feira";"20:30:00";"RS";290;721,1;"URUGUAIANA";"Velocidade Incompatível";"Colisão com objeto estático";"Sem Vítimas";"Plena Noite";"Crescente";"Garoa/Chuvisco";"Simples";"Curva";"Sim";1;0;0;0;0;1;0;1;-29,7605;-57,059814;"SPRF-RS";"DEL13-RS";"UOP01-DEL13-RS"
149120;2018-07-26;"quinta-feira";"21:15:00";"MS";163;445,3;"CAMPO GRANDE";"Ingestão de Álcool";"Saída de leito carroçável";"Com Vítimas Feridas";"Plena Noite";"Crescente";"Céu Claro";"Simples";"Reta";"Não";1;0;1;0;0;0;1;1;-20,768336;-54,528152;"SPRF-MS";"DEL01-MS";"UOP01-DEL01-MS"
149121;2018-07-26;"quinta-feira";"21:10:00";"SC";470;65;"INDAIAL";"Falta de Atenção à Condução";"Colisão transversal";"Sem Vítimas";"Plena Noite";"Crescente";"Céu Claro";"Simples";"Reta";"Não";2;0;0;0;2;0;0;2;-26,870411;-49,211864;"SPRF-SC";"DEL04-SC";"UOP01-DEL04-SC"
149125;2018-07-26;"quinta-feira";"22:15:00";"ES";101;259,5;"SERRA";"Falta de Atenção do Pedestre";"Atropelamento de Pedestre";"Com Vítimas Feridas";"Plena Noite";"Decrescente";"Céu Claro";"Múltipla";"Reta";"Sim";2;0;0;2;0;0;2;2;-20,1575976;-40,27675331;"SPRF-ES";"DEL02-ES";"UOP01-DEL02-ES"
149128;2018-07-26;"quinta-feira";"23:25:00";"RS";116;402,1;"CAMAQUA";"Não guardar distância de segurança";"Saída de leito carroçável";"Com Vítimas Feridas";"Plena Noite";"Decrescente";"Nublado";"Simples";"Reta";"Não";2;0;1;0;1;0;1;1;-30,88130679;-51,8251276;"SPRF-RS";"DEL02-RS";"UOP03-DEL02-RS"
149133;2018-07-26;"quinta-feira";"18:30:00";"MT";70;524;"VARZEA GRANDE";"Falta de Atenção à Condução";"Colisão transversal";"Com Vítimas Feridas";"Plena Noite";"Crescente";"Céu Claro";"Simples";"Reta";"Sim";1;0;1;0;0;0;1;1;-15,649207;-56,19486;"SPRF-MT";"DEL01-MT";"DEL2/4-UOP02/MT"
149135;2018-07-27;"sexta-feira";"00:12:00";"RO";364;520,5;"ARIQUEMES";"Objeto estático sobre o leito carroçável";"Colisão com objeto estático";"Com Vítimas Feridas";"Plena Noite";"Decrescente";"Céu Claro";"Simples";"Reta";"Não";1;0;0;1;0;0;1;1;-9,873663;-63,05754;"SPRF-RO";"DEL03-RO";"UOP01-DEL03-RO"
149136;2018-07-27;"sexta-feira";"01:30:00";"DF";20;6,9;"BRASILIA";"Animais na Pista";"Atropelamento de Animal";"Com Vítimas Feridas";"Plena Noite";"Crescente";"Céu Claro";"Dupla";"Reta";"Sim";1;0;1;0;0;0;1;1;-15,66246167;-47,80021548;"SPRF-DF";"DEL02-DF";"UOP01-DEL02-DF"
149138;2018-07-27;"sexta-feira";"02:00:00";"MS";163;575,1;"BANDEIRANTES";"Ingestão de Álcool";"Capotamento";"Com Vítimas Feridas";"Plena Noite";"Decrescente";"Céu Claro";"Simples";"Reta";"Não";1;0;1;0;0;0;1;1;-19,68149525;-54,35055614;"SPRF-MS";"DEL06-MS";"UOP02-DEL06-MS"
149140;2018-07-27;"sexta-feira";"04:30:00";"SP";116;162;"JACAREI";"Ingestão de Álcool";"Saída de leito carroçável";"Sem Vítimas";"Plena Noite";"Crescente";"Nevoeiro/Neblina";"Dupla";"Curva";"Sim";1;0;0;0;1;0;0;1;-23,28030987;-45,98277211;"SPRF-SP";"DEL02-SP";"UOP01-DEL02-SP"
149143;2018-07-27;"sexta-feira";"05:30:00";"AL";101;108;"PILAR";"Velocidade Incompatível";"Queda de ocupante de veículo";"Com Vítimas Feridas";"Amanhecer";"Decrescente";"Garoa/Chuvisco";"Simples";"Curva;Declive";"Não";1;0;0;1;0;0;1;1;-9,586626;-35,9893;"SPRF-AL";"DEL02-AL";"UOP01-DEL02-AL"
149144;2018-07-27;"sexta-feira";"03:30:00";"MG";381;191,1;"PERIQUITO";"Condutor Dormindo";"Colisão com objeto estático";"Com Vítimas Feridas";"Plena Noite";"Decrescente";"Céu Claro";"Simples";"Aclive;Curva";"Não";1;0;1;0;0;0;1;1;-19,083637;-42,18624;"SPRF-MG";"DEL06-MG";"UOP01-DEL06-MG"
149145;2018-07-27;"sexta-feira";"06:00:00";"DF";70;6;"BRASILIA";"Falta de Atenção à Condução";"Colisão transversal";"Com Vítimas Feridas";"Amanhecer";"Decrescente";"Céu Claro";"Dupla";"Reta";"Sim";2;0;1;0;0;1;1;2;-15,784966;-48,122108;"SPRF-DF";"DEL01-DF";"UOP02-DEL03-DF"
149146;2018-07-27;"sexta-feira";"05:40:00";"MG";50;57,4;"UBERLANDIA";"Objeto estático sobre o leito carroçável";"Colisão traseira";"Com Vítimas Feridas";"Amanhecer";"Crescente";"Céu Claro";"Dupla";"Reta;Aclive";"Não";1;0;1;0;0;0;1;1;-18,79598047;-48,23547363;"SPRF-MG";"DEL15-MG";"UOP02-DEL15-MG"
149147;2018-07-27;"sexta-feira";"06:00:00";"TO";153;668;"GURUPI";"Falta de Atenção do Pedestre";"Atropelamento de Pedestre";"Com Vítimas Feridas";"Amanhecer";"Crescente";"Céu Claro";"Simples";"Reta";"Não";2;0;1;1;0;0;2;2;-11,67106562;-49,034729;"SPRF-TO";"DEL02-TO";"UOP02-DEL01-TO"
149152;2018-07-27;"sexta-feira";"07:20:00";"PE";104;87;"AGRESTINA";"Falta de Atenção à Condução";"Colisão frontal";"Com Vítimas Feridas";"Pleno dia";"Crescente";"Céu Claro";"Simples";"Reta";"Sim";3;0;0;1;2;0;1;3;-8,454104;-35,945515;"SPRF-PE";"DEL02-PE";"UOP01-DEL02-PE"
149153;2018-07-27;"sexta-feira";"07:10:00";"MG";153;244,7;"FRONTEIRA";"Falta de Atenção à Condução";"Colisão transversal";"Com Vítimas Feridas";"Pleno dia";"Decrescente";"Céu Claro";"Simples";"Interseção de Vias";"Sim";2;0;0;2;0;0;2;2;-20,28823286;-49,19996917;"SPRF-MG";"DEL13-MG";"UOP02-DEL13-MG"
149154;2018-07-27;"sexta-feira";"06:30:00";"RO";364;242;"CACOAL";"Falta de Atenção à Condução";"Colisão transversal";"Com Vítimas Feridas";"Amanhecer";"Crescente";"Céu Claro";"Simples";"Rotatória";"Sim";2;0;1;0;1;0;1;2;-11,440846;-61,487709;"SPRF-RO";"DEL02-RO";"UOP02-DEL02-RO"
149155;2018-07-27;"sexta-feira";"07:35:00";"PR";116;98;"SAO JOSE DOS PINHAIS";"Não guardar distância de segurança";"Colisão lateral";"Com Vítimas Feridas";"Pleno dia";"Decrescente";"Céu Claro";"Dupla";"Reta";"Não";3;0;2;0;1;0;2;2;-25,55483157;-49,14957047;"SPRF-PR";"DEL01-PR";"UOP01-DEL01-PR"
149157;2018-07-27;"sexta-feira";"07:30:00";"CE";222;1;"FORTALEZA";"Falta de Atenção à Condução";"Colisão traseira";"Com Vítimas Feridas";"Pleno dia";"Crescente";"Céu Claro";"Múltipla";"Reta";"Sim";2;0;1;0;1;0;1;2;-3,7372194;-38,5748131;"SPRF-CE";"DEL01-CE";"UOP01-DEL01-CE"
149158;2018-07-27;"sexta-feira";"07:32:00";"PR";277;82;"CURITIBA";"Falta de Atenção à Condução";"Colisão traseira";"Com Vítimas Feridas";"Pleno dia";"Crescente";"Céu Claro";"Dupla";"Reta";"Não";2;0;1;0;1;0;1;2;-25,45505496;-49,2244792;"SPRF-PR";"DEL01-PR";"UOP01-DEL01-PR"
149159;2018-07-27;"sexta-feira";"08:00:00";"MG";40;468;"SETE LAGOAS";"Defeito Mecânico no Veículo";"Capotamento";"Sem Vítimas";"Pleno dia";"Crescente";"Céu Claro";"Dupla";"Reta";"Não";1;0;0;0;1;0;0;1;-19,4667;-44,296;"SPRF-MG";"DEL02-MG";"UOP01-DEL02-MG"
149160;2018-07-27;"sexta-feira";"08:00:00";"MG";381;483;"BETIM";"Falta de Atenção à Condução";"Tombamento";"Com Vítimas Feridas";"Pleno dia";"Decrescente";"Céu Claro";"Dupla";"Curva";"Sim";1;0;1;0;0;0;1;1;-19,9596;-44,0877;"SPRF-MG";"DEL01-MG";"UOP03-DEL01-MG"
149162;2018-07-27;"sexta-feira";"08:20:00";"SP";116;225;"GUARULHOS";"Desobediência às normas de trânsito pelo condutor";"Colisão traseira";"Com Vítimas Feridas";"Pleno dia";"Crescente";"Céu Claro";"Múltipla";"Reta";"Sim";1;0;1;0;0;0;1;1;-23,48839939;-46,54525615;"SPRF-SP";"DEL01-SP";"UOP01-DEL01-SP"
149164;2018-07-27;"sexta-feira";"07:25:00";"SP";116;272,5;"TABOAO DA SERRA";"Falta de Atenção à Condução";"Colisão frontal";"Com Vítimas Feridas";"Pleno dia";"Crescente";"Céu Claro";"Dupla";"Reta";"Sim";2;0;1;0;1;0;1;2;-23,61346843;-46,78150445;"SPRF-SP";"DEL04-SP";"UOP01-DEL04-SP"
149166;2018-07-27;"sexta-feira";"07:00:00";"SC";101;229;"PALHOCA";"Não guardar distância de segurança";"Colisão traseira";"Com Vítimas Feridas";"Pleno dia";"Decrescente";"Céu Claro";"Dupla";"Reta";"Não";2;0;1;0;1;0;1;2;-27,7768;-48,6346;"SPRF-SC";"DEL01-SC";"UOP02-DEL01-SC"
149167;2018-07-27;"sexta-feira";"07:30:00";"RJ";393;202;"VASSOURAS";"Animais na Pista";"Atropelamento de Animal";"Sem Vítimas";"Pleno dia";"Decrescente";"Sol";"Simples";"Reta";"Não";1;0;0;0;1;0;0;1;-22,23696892;-43,4175396;"SPRF-RJ";"DEL05-RJ";"UOP03-DEL05-RJ"
149168;2018-07-27;"sexta-feira";"08:45:00";"SC";282;6;"SAO JOSE";"Falta de Atenção à Condução";"Colisão lateral";"Com Vítimas Feridas";"Pleno dia";"Decrescente";"Nublado";"Dupla";"Curva";"Sim";2;0;1;0;0;1;1;2;-27,591936;-48,618244;"SPRF-SC";"DEL01-SC";"UOP01-DEL01-SC"
149171;2018-07-19;"quinta-feira";"12:24:00";"SC";101;205,5;"SAO JOSE";"Velocidade Incompatível";"Colisão traseira";"Com Vítimas Feridas";"Pleno dia";"Decrescente";"Nublado";"Múltipla";"Reta";"Sim";3;0;2;0;1;0;2;3;-27,592;-48,6181;"SPRF-SC";"DEL01-SC";"UOP01-DEL01-SC"
149172;2018-07-27;"sexta-feira";"07:50:00";"MG";116;115;"ITAOBIM";"Defeito Mecânico no Veículo";"Atropelamento de Pedestre";"Com Vítimas Feridas";"Pleno dia";"Decrescente";"Céu Claro";"Simples";"Reta";"Sim";2;0;1;0;1;0;1;2;-16,54819765;-41,50212049;"SPRF-MG";"DEL11-MG";"UOP02-DEL11-MG"
149174;2018-07-27;"sexta-feira";"08:50:00";"PA";316;16,1;"MARITUBA";"Falta de Atenção à Condução";"Saída de leito carroçável";"Sem Vítimas";"Pleno dia";"Decrescente";"Céu Claro";"Múltipla";"Reta";"Não";2;0;0;0;0;2;0;2;-1,36470764;-48,30347836;"SPRF-PA";"DEL01-PA";"DEL19/1-UOP05/PA"
149175;2018-07-27;"sexta-feira";"09:15:00";"MA";10;254;"IMPERATRIZ";"Falta de Atenção à Condução";"Engavetamento";"Com Vítimas Feridas";"Pleno dia";"Decrescente";"Céu Claro";"Simples";"Reta";"Não";3;0;1;0;2;0;1;3;-5,45742732;-47,47226715;"SPRF-MA";"DEL04-MA";"UOP01-DEL04-MA"
149176;2018-07-27;"sexta-feira";"07:30:00";"SP";116;270,6;"TABOAO DA SERRA";"Falta de Atenção à Condução";"Colisão traseira";"Com Vítimas Feridas";"Pleno dia";"Decrescente";"Céu Claro";"Dupla";"Reta";"Sim";2;0;1;0;1;0;1;2;-23,6087153;-46,75833285;"SPRF-SP";"DEL04-SP";"UOP01-DEL04-SP"
149179;2018-07-27;"sexta-feira";"09:55:00";"SE";235;11;"NOSSA SENHORA DO SOCORRO";"Falta de Atenção à Condução";"Colisão lateral";"Com Vítimas Feridas";"Pleno dia";"Crescente";"Céu Claro";"Simples";"Aclive;Reta";"Não";6;0;4;0;2;0;4;2;-10,877883;-37,156052;"SPRF-SE";"DEL01-SE";"UOP01-DEL01-SE"
149180;2018-07-27;"sexta-feira";"09:00:00";"PA";230;119,5;"MARABA";"Falta de Atenção à Condução";"Colisão transversal";"Com Vítimas Feridas";"Pleno dia";"Decrescente";"Céu Claro";"Dupla";"Reta";"Sim";3;0;1;0;1;1;1;3;-5,369742;-49,130441;"SPRF-PA";"DEL03-PA";"UOP01-DEL03-PA"
149183;2018-07-27;"sexta-feira";"07:30:00";"SP";116;439,5;"REGISTRO";"Ingestão de Álcool";"Colisão com objeto estático";"Sem Vítimas";"Pleno dia";"Decrescente";"Nublado";"Dupla";"Curva";"Sim";1;0;0;0;1;0;0;1;-24,45835794;-47,81427026;"SPRF-SP";"DEL05-SP";"UOP01-DEL05-SP"
149185;2018-07-27;"sexta-feira";"10:00:00";"SC";282;4;"FLORIANOPOLIS";"Não guardar distância de segurança";"Colisão traseira";"Com Vítimas Feridas";"Pleno dia";"Decrescente";"Céu Claro";"Dupla";"Reta";"Não";2;0;1;0;1;0;1;2;-27,60218154;-48,57915932;"SPRF-SC";"DEL01-SC";"UOP01-DEL01-SC"
149187;2018-07-27;"sexta-feira";"09:10:00";"RN";101;84;"NATAL";"Falta de Atenção à Condução";"Colisão lateral";"Com Vítimas Feridas";"Pleno dia";"Decrescente";"Céu Claro";"Dupla";"Reta";"Sim";2;0;0;1;1;0;1;2;-5,77069393;-35,26724042;"SPRF-RN";"DEL02-RN";"UOP01-DEL02-RN"
149188;2018-07-27;"sexta-feira";"10:20:00";"RS";116;269;"CANOAS";"Falta de Atenção à Condução";"Colisão lateral";"Com Vítimas Feridas";"Pleno dia";"Decrescente";"Nublado";"Dupla";"Reta";"Sim";2;0;1;0;1;0;1;2;-29,959385;-51,176086;"SPRF-RS";"DEL01-RS";"UOP01-DEL01-RS"
149192;2018-07-27;"sexta-feira";"09:45:00";"PE";101;7,3;"GOIANA";"Desobediência às normas de trânsito pelo condutor";"Colisão transversal";"Com Vítimas Feridas";"Pleno dia";"Decrescente";"Chuva";"Dupla";"Curva";"Sim";2;0;1;0;1;0;1;2;-7,5662839;-34,9898709;"SPRF-PE";"DEL01-PE";"UOP02-DEL01-PE"
149193;2018-07-27;"sexta-feira";"11:10:00";"RJ";40;77,4;"PETROPOLIS";"Velocidade Incompatível";"Saída de leito carroçável";"Com Vítimas Feridas";"Pleno dia";"Crescente";"Céu Claro";"Simples";"Curva";"Não";1;0;1;0;0;0;1;1;-22,483217;-43,231254;"SPRF-RJ";"DEL06-RJ";"UOP01-DEL06-RJ"
149196;2018-07-27;"sexta-feira";"11:15:00";"PR";376;3,5;"MANDAGUARI";"Falta de Atenção à Condução";"Colisão lateral";"Com Vítimas Feridas";"Pleno dia";"Crescente";"Sol";"Simples";"Rotatória";"Sim";2;0;1;0;1;0;1;2;-23,51710994;-51,68700919;"SPRF-PR";"DEL07-PR";"UOP01-DEL09-PR"
149198;2018-07-27;"sexta-feira";"12:00:00";"RS";158;327;"SANTA MARIA";"Desobediência às normas de trânsito pelo condutor";"Colisão transversal";"Com Vítimas Feridas";"Pleno dia";"Decrescente";"Nublado";"Simples";"Rotatória";"Sim";2;0;1;0;1;0;1;2;-29,71571223;-53,81017685;"SPRF-RS";"DEL09-RS";"UOP01-DEL09-RS"
149202;2018-07-27;"sexta-feira";"13:00:00";"GO";153;439,3;"ANAPOLIS";"Falta de Atenção à Condução";"Queda de ocupante de veículo";"Com Vítimas Feridas";"Pleno dia";"Crescente";"Céu Claro";"Dupla";"Reta";"Sim";1;0;1;0;0;0;1;1;-16,298529;-48,928207;"SPRF-GO";"DEL02-GO";"UOP01-DEL02-GO"
149203;2018-06-08;"sexta-feira";"17:40:00";"PR";376;236,8;"APUCARANA";"Desobediência às normas de trânsito pelo condutor";"Colisão transversal";"Com Vítimas Feridas";"Pleno dia";"Crescente";"Ignorado";"Simples";"Reta";"Sim";2;0;1;0;1;0;1;2;-23,5852617;-51,47477654;"SPRF-PR";"DEL07-PR";"UOP03-DEL07-PR"
149204;2018-07-27;"sexta-feira";"13:05:00";"BA";415;23;"ILHEUS";"Falta de Atenção à Condução";"Colisão lateral";"Com Vítimas Feridas";"Pleno dia";"Crescente";"Céu Claro";"Simples";"Reta";"Sim";3;0;3;0;0;0;3;2;-14,79846946;-39,17512044;"SPRF-BA";"DEL05-BA";"UOP01-DEL05-BA"
149205;2018-07-27;"sexta-feira";"11:20:00";"RS";158;420,5;"SAO GABRIEL";"Falta de Atenção à Condução";"Saída de leito carroçável";"Com Vítimas Feridas";"Pleno dia";"Decrescente";"Nublado";"Simples";"Curva";"Não";4;0;1;0;1;2;1;1;-30,047743;-54,59758;"SPRF-RS";"DEL11-RS";"UOP02-DEL11-RS"
149207;2018-07-27;"sexta-feira";"13:00:00";"ES";101;336,4;"GUARAPARI";"Mal Súbito";"Tombamento";"Com Vítimas Feridas";"Pleno dia";"Decrescente";"Nublado";"Simples";"Aclive";"Não";1;0;1;0;0;0;1;1;-20,63089659;-40,53837061;"SPRF-ES";"DEL03-ES";"UOP01-DEL03-ES"
149208;2018-07-27;"sexta-feira";"12:55:00";"PR";369;243,4;"BOM SUCESSO";"Falta de Atenção à Condução";"Colisão transversal";"Com Vítimas Feridas";"Pleno dia";"Decrescente";"Céu Claro";"Simples";"Reta";"Não";2;0;1;1;0;0;2;2;-23,70198668;-51,7215085;"SPRF-PR";"DEL07-PR";"UOP03-DEL07-PR"
149211;2018-06-09;"sábado";"15:00:00";"BA";116;105;"CHORROCHO";"Falta de Atenção à Condução";"Saída de leito carroçável";"Com Vítimas Feridas";"Pleno dia";"Decrescente";"Céu Claro";"Simples";"Reta";"Não";3;0;0;1;2;0;1;1;-9,532004;-39,106865;"SPRF-BA";"DEL07-BA";"UOP01-DEL07-BA"
149212;2018-06-11;"segunda-feira";"01:05:00";"GO";364;61;"CACHOEIRA ALTA";"Falta de Atenção do Pedestre";"Atropelamento de Pedestre";"Com Vítimas Fatais";"Plena Noite";"Decrescente";"Céu Claro";"Simples";"Reta";"Não";2;1;0;0;1;0;0;2;-18,7246248;-50,95321655;"SPRF-GO";"DEL05-GO";"UOP02-DEL05-GO"
149215;2018-07-27;"sexta-feira";"14:00:00";"DF";70;7,8;"BRASILIA";"Desobediência às normas de trânsito pelo condutor";"Colisão traseira";"Com Vítimas Feridas";"Pleno dia";"Decrescente";"Sol";"Dupla";"Declive;Retorno Regulamentado;Reta";"Sim";2;0;1;0;1;0;1;2;-15,78567716;-48,12021375;"SPRF-DF";"DEL01-DF";"UOP02-DEL03-DF"
149216;2018-07-27;"sexta-feira";"14:00:00";"ES";101;203,3;"JOAO NEIVA";"Desobediência às normas de trânsito pelo condutor";"Colisão frontal";"Com Vítimas Feridas";"Pleno dia";"Crescente";"Céu Claro";"Simples";"Curva";"Sim";2;0;1;0;1;0;1;2;-19,74444895;-40,37426233;"SPRF-ES";"DEL04-ES";"UOP01-DEL04-ES"
149217;2018-07-27;"sexta-feira";"12:50:00";"MG";381;942;"EXTREMA";"Falta de Atenção à Condução";"Colisão com objeto estático";"Com Vítimas Feridas";"Pleno dia";"Decrescente";"Sol";"Dupla";"Curva";"Não";2;0;1;0;1;0;1;1;-22,8381;-46,3278;"SPRF-MG";"DEL16-MG";"UOP03-DEL16-MG"
149219;2018-07-27;"sexta-feira";"14:20:00";"SC";101;204,1;"SAO JOSE";"Ingestão de Álcool";"Colisão com objeto estático";"Sem Vítimas";"Pleno dia";"Decrescente";"Céu Claro";"Múltipla";"Reta";"Sim";1;0;0;0;1;0;0;1;-27,5832;-48,6151;"SPRF-SC";"DEL01-SC";"UOP01-DEL01-SC"
149220;2018-07-27;"sexta-feira";"14:00:00";"MG";116;637,7;"DIVINO";"Velocidade Incompatível";"Saída de leito carroçável";"Com Vítimas Feridas";"Pleno dia";"Crescente";"Sol";"Simples";"Curva";"Não";2;0;2;0;0;0;2;1;-20,62610706;-42,22181702;"SPRF-MG";"DEL07-MG";"UOP03-DEL07-MG"
149221;2018-07-27;"sexta-feira";"14:20:00";"GO";60;206;"GUAPO";"Defeito Mecânico no Veículo";"Incêndio";"Sem Vítimas";"Pleno dia";"Decrescente";"Céu Claro";"Dupla";"Reta";"Não";1;0;0;0;1;0;0;1;-16,94105075;-49,6718502;"SPRF-GO";"DEL01-GO";"UOP02-DEL01-GO"
149223;2018-07-27;"sexta-feira";"14:30:00";"PA";222;238;"MARABA";"Falta de Atenção à Condução";"Colisão traseira";"Sem Vítimas";"Pleno dia";"Decrescente";"Céu Claro";"Simples";"Reta";"Sim";2;0;0;0;2;0;0;2;-5,29796735;-49,073845;"SPRF-PA";"DEL03-PA";"UOP01-DEL03-PA"
149224;2018-04-12;"quinta-feira";"13:10:00";"PE";232;409,7;"SERRA TALHADA";"Falta de Atenção à Condução";"Colisão traseira";"Sem Vítimas";"Pleno dia";"Crescente";"Céu Claro";"Simples";"Reta";"Sim";2;0;0;0;2;0;0;2;-7,981944;-38,289467;"SPRF-PE";"DEL04-PE";"UOP01-DEL04-PE"