"id";"data_inversa";"dia_semana";"horario";"uf";"br";"km";"municipio";"causa_acidente";"tipo_acidente";"classificacao_acidente";"fase_dia";"sentido_via";"condicao_metereologica";"tipo_pista";"tracado_via";"uso_solo";"pessoas";"mortos";"feridos_leves";"feridos_graves";"ilesos";"ignorados";"feridos";"veiculos";"latitude";"longitude";"regional";"delegacia";"uop"
149353;2018-07-28;"sábado";"01:00:00";"MG";365;670;"MONTE ALEGRE DE MINAS";"Ingestão de Álcool";"Saída de leito carroçável";"Sem Vítimas";"Plena Noite";"Decrescente";"Céu Claro";"Dupla";"Reta";"Não";1;0;0;0;1;0;0;1;-18,8921;-48,6881;"SPRF-MG";"DEL15-MG";"UOP01-DEL15-MG"
149354;2018-07-28;"sábado";"02:26:00";"RJ";393;123,2;"SAPUCAIA";"Falta de Atenção à Condução";"Queda de ocupante de veículo";"Com Vítimas Feridas";"Plena Noite";"Crescente";"Nevoeiro/Neblina";"Simples";"Curva";"Não";2;0;1;0;1;0;1;1;-21,95419088;-42,84255981;"SPRF-RJ";"DEL06-RJ";"UOP01-DEL05-RJ"
149356;2018-07-27;"sexta-feira";"21:00:00";"PB";412;105,9;"SUME";"Animais na Pista";"Atropelamento de Animal";"Com Vítimas Feridas";"Plena Noite";"Crescente";"Céu Claro";"Simples";"Reta";"Não";5;0;1;3;1;0;4;1;-7,647354;-36,867279;"SPRF-PB";"DEL02-PB";"UOP02-DEL02-PB"
149357;2018-07-28;"sábado";"03:55:00";"PR";376;174,7;"MARINGA";"Ingestão de Álcool";"Colisão com objeto estático";"Sem Vítimas";"Plena Noite";"Crescente";"Céu Claro";"Dupla";"Reta";"Sim";1;0;0;0;1;0;0;1;-23,4125752;-51,9437826;"SPRF-PR";"DEL07-PR";"UOP01-DEL09-PR"
149358;2018-06-29;"sexta-feira";"13:20:00";"PB";230;44,2;"SANTA RITA";"Falta de Atenção à Condução";"Colisão lateral";"Com Vítimas Feridas";"Pleno dia";"Decrescente";"Sol";"Dupla";"Reta";"Não";2;0;1;0;1;0;1;2;-7,1531;-35,0102;"SPRF-PB";"DEL01-PB";"UOP03-DEL01-PB"
149359;2018-07-28;"sábado";"03:50:00";"PE";101;46;"IGARASSU";"Ingestão de Álcool";"Colisão com objeto estático";"Com Vítimas Feridas";"Amanhecer";"Decrescente";"Céu Claro";"Dupla";"Reta";"Sim";4;0;1;0;0;3;1;4;-7,85840789;-34,90851045;"SPRF-PE";"DEL01-PE";"UOP02-DEL01-PE"
149360;2018-07-28;"sábado";"03:35:00";"ES";101;265;"SERRA";"Falta de Atenção à Condução";"Queda de ocupante de veículo";"Com Vítimas Feridas";"Plena Noite";"Decrescente";"Céu Claro";"Múltipla";"Reta";"Sim";1;0;1;0;0;0;1;1;-20,18009335;-40,26472481;"SPRF-ES";"DEL02-ES";"UOP01-DEL02-ES"
149361;2018-07-28;"sábado";"04:10:00";"SP";116;271;"TABOAO DA SERRA";"Falta de Atenção à Condução";"Capotamento";"Com Vítimas Feridas";"Plena Noite";"Crescente";"Céu Claro";"Dupla";"Reta";"Sim";3;0;2;0;1;0;2;1;-23,6096099;-46,77139252;"SPRF-SP";"DEL04-SP";"UOP01-DEL04-SP"
149362;2018-07-28;"sábado";"02:20:00";"PR";116;143;"MANDIRITUBA";"Defeito Mecânico no Veículo";"Incêndio";"Sem Vítimas";"Plena Noite";"Crescente";"Céu Claro";"Simples";"Reta";"Sim";1;0;0;0;0;1;0;1;-25,772902;-49,323254;"SPRF-PR";"DEL01-PR";"UOP03-DEL01-PR"
149363;2018-07-27;"sexta-feira";"19:40:00";"RO";364;714;"PORTO VELHO";"Não guardar distância de segurança";"Queda de ocupante de veículo";"Com Vítimas Feridas";"Plena Noite";"Decrescente";"Céu Claro";"Dupla";"Declive";"Sim";1;0;1;0;0;0;1;1;-8,77791959;-63,88977623;"SPRF-RO";"DEL01-RO";"UOP01-DEL01-RO"
149366;2018-07-28;"sábado";"04:45:00";"GO";40;3,1;"VALPARAISO DE GOIAS";"Velocidade Incompatível";"Capotamento";"Sem Vítimas";"Plena Noite";"Crescente";"Céu Claro";"Dupla";"Reta";"Sim";1;0;0;0;0;1;0;1;-16,07672299;-47,98574924;"SPRF-DF";"DEL01-DF";"UOP01-DEL01-DF"
149367;2018-07-28;"sábado";"05:35:00";"SC";470;70,6;"INDAIAL";"Ingestão de Álcool";"Colisão frontal";"Com Vítimas Feridas";"Plena Noite";"Crescente";"Céu Claro";"Simples";"Reta";"Não";3;0;1;1;1;0;2;2;-26,8925921;-49,2587176;"SPRF-SC";"DEL04-SC";"UOP01-DEL04-SC"
149370;2018-07-03;"terça-feira";"09:50:00";"PR";476;150,6;"ARAUCARIA";"Velocidade Incompatível";"Colisão transversal";"Com Vítimas Fatais";"Pleno dia";"Crescente";"Nublado";"Dupla";"Reta";"Sim";3;1;0;2;0;0;2;2;-25,56131862;-49,37401202;"SPRF-PR";"DEL01-PR";"UOP06-DEL01-PR"
149371;2018-07-28;"sábado";"05:45:00";"RJ";493;9;"GUAPIMIRIM";"Animais na Pista";"Atropelamento de Animal";"Sem Vítimas";"Amanhecer";"Crescente";"Nevoeiro/Neblina";"Simples";"Reta";"Não";1;0;0;0;1;0;0;1;-22,704386;-42,955006;"SPRF-RJ";"DEL04-RJ";"UOP02-DEL04-RJ"
149372;2018-07-28;"sábado";"06:30:00";"SC";280;57,4;"GUARAMIRIM";"Falta de Atenção à Condução";"Colisão frontal";"Com Vítimas Feridas";"Amanhecer";"Decrescente";"Nublado";"Simples";"Reta";"Não";3;0;0;2;1;0;2;2;-26,47627769;-49,01594281;"SPRF-SC";"DEL03-SC";"UOP03-DEL03-SC"
149373;2018-07-28;"sábado";"05:41:00";"RJ";116;317;"ITATIAIA";"Falta de Atenção à Condução";"Saída de leito carroçável";"Com Vítimas Feridas";"Amanhecer";"Decrescente";"Nevoeiro/Neblina";"Dupla";"Curva";"Sim";1;0;0;1;0;0;1;1;-22,4892734;-44,5533241;"SPRF-RJ";"DEL07-RJ";"DEL5/7-UOP03/RJ"
149374;2018-07-28;"sábado";"05:30:00";"MS";163;323;"RIO BRILHANTE";"Ingestão de Álcool";"Saída de leito carroçável";"Sem Vítimas";"Amanhecer";"Crescente";"Céu Claro";"Simples";"Reta";"Não";1;0;0;0;1;0;0;1;-21,78490667;-54,52676654;"SPRF-MS";"DEL02-MS";"UOP02-DEL02-MS"
149375;2018-07-28;"sábado";"06:10:00";"MG";50;206;"DELTA";"Falta de Atenção à Condução";"Saída de leito carroçável";"Com Vítimas Feridas";"Amanhecer";"Crescente";"Céu Claro";"Dupla";"Curva";"Não";2;0;1;1;0;0;2;1;-19,9833;-47,7886;"SPRF-MG";"DEL13-MG";"UOP01-DEL13-MG"
149376;2018-07-28;"sábado";"07:20:00";"DF";70;6;"BRASILIA";"Falta de Atenção à Condução";"Colisão lateral";"Com Vítimas Feridas";"Pleno dia";"Decrescente";"Céu Claro";"Dupla";"Reta";"Sim";2;0;1;0;1;0;1;2;-15,791242;-48,105759;"SPRF-DF";"DEL01-DF";"UOP02-DEL03-DF"
149377;2018-07-28;"sábado";"07:00:00";"ES";101;257,5;"SERRA";"Falta de Atenção à Condução";"Tombamento";"Com Vítimas Feridas";"Pleno dia";"Crescente";"Céu Claro";"Simples";"Curva";"Sim";2;0;0;1;1;0;1;2;-20,12857165;-40,29886556;"SPRF-ES";"DEL02-ES";"UOP01-DEL02-ES"
149378;2018-07-28;"sábado";"07:15:00";"SP";381;86,4;"SAO PAULO";"Falta de Atenção à Condução";"Colisão com objeto estático";"Com Vítimas Feridas";"Pleno dia";"Crescente";"Céu Claro";"Múltipla";"Reta";"Sim";8;0;5;1;1;1;6;2;-23,47071599;-46,56680519;"SPRF-SP";"DEL03-SP";"DEL6/3-UOP03/SP"
149379;2018-07-28;"sábado";"07:20:00";"SC";470;4;"NAVEGANTES";"Falta de Atenção à Condução";"Colisão com objeto estático";"Com Vítimas Feridas";"Pleno dia";"Decrescente";"Nublado";"Simples";"Reta";"Não";1;0;0;1;0;0;1;1;-26,858473;-48,690788;"SPRF-SC";"DEL04-SC";"UOP04-DEL04-SC"
149380;2018-07-28;"sábado";"06:05:00";"MG";262;22,8;"REDUTO";"Falta de Atenção à Condução";"Saída de leito carroçável";"Com Vítimas Feridas";"Amanhecer";"Crescente";"Nublado";"Simples";"Curva";"Não";5;0;3;2;0;0;5;1;-20,245754;-41,925026;"SPRF-MG";"DEL06-MG";"UOP03-DEL06-MG"
149382;2018-07-28;"sábado";"08:00:00";"ES";101;327,9;"GUARAPARI";"Condutor Dormindo";"Saída de leito carroçável";"Com Vítimas Feridas";"Pleno dia";"Crescente";"Céu Claro";"Simples";"Reta";"Não";1;0;1;0;0;0;1;1;-20,579;-40,4897;"SPRF-ES";"DEL03-ES";"UOP01-DEL03-ES"
149383;2018-07-28;"sábado";"05:30:00";"RS";470;176;"VERANOPOLIS";"Ingestão de Álcool";"Saída de leito carroçável";"Com Vítimas Feridas";"Plena Noite";"Crescente";"Céu Claro";"Simples";"Reta";"Sim";2;0;2;0;0;0;2;1;-28,93563217;-51,54273415;"SPRF-RS";"DEL06-RS";"UOP02-DEL06-RS"
149384;2018-07-28;"sábado";"08:22:00";"ES";101;73;"SAO MATEUS";"Falta de Atenção à Condução";"Colisão lateral";"Com Vítimas Feridas";"Pleno dia";"Decrescente";"Sol";"Simples";"Reta";"Não";2;0;1;0;0;1;1;2;-18,80996565;-39,89795566;"SPRF-ES";"DEL04-ES";"UOP02-DEL04-ES"
149385;2018-07-28;"sábado";"07:30:00";"AL";101;138,9;"SAO MIGUEL DOS CAMPOS";"Falta de Atenção à Condução";"Colisão transversal";"Com Vítimas Feridas";"Pleno dia";"Crescente";"Nublado";"Simples";"Reta";"Sim";3;0;2;0;1;0;2;2;-9,80531949;-36,11446381;"SPRF-AL";"DEL02-AL";"UOP01-DEL02-AL"
149386;2018-07-28;"sábado";"07:30:00";"RO";364;209,7;"PIMENTA BUENO";"Defeito Mecânico no Veículo";"Tombamento";"Com Vítimas Feridas";"Amanhecer";"Crescente";"Céu Claro";"Simples";"Reta";"Não";1;0;1;0;0;0;1;1;-11,5909328;-61,25137836;"SPRF-RO";"DEL02-RO";"UOP02-DEL02-RO"
149387;2018-07-28;"sábado";"07:20:00";"TO";153;144;"ARAGUAINA";"Velocidade Incompatível";"Colisão traseira";"Com Vítimas Feridas";"Pleno dia";"Decrescente";"Céu Claro";"Múltipla";"Reta";"Não";3;0;1;0;2;0;1;2;-7,196628;-48,23637;"SPRF-TO";"DEL02-TO";"UOP01-DEL02-TO"
149388;2018-07-28;"sábado";"08:28:00";"SC";470;3,1;"NAVEGANTES";"Desobediência às normas de trânsito pelo condutor";"Colisão traseira";"Com Vítimas Feridas";"Pleno dia";"Crescente";"Nublado";"Simples";"Reta";"Sim";2;0;0;1;1;0;1;2;-26,86165354;-48,68201315;"SPRF-SC";"DEL04-SC";"UOP04-DEL04-SC"
149389;2018-07-28;"sábado";"08:00:00";"ES";101;291,2;"CARIACICA";"Falta de Atenção à Condução";"Colisão lateral";"Com Vítimas Feridas";"Pleno dia";"Decrescente";"Céu Claro";"Dupla";"Reta";"Sim";2;0;1;0;1;0;1;2;-20,29993595;-40,39507359;"SPRF-ES";"DEL01-ES";"UOP01-DEL01-ES"
149391;2018-07-28;"sábado";"08:30:00";"SP";116;224,5;"GUARULHOS";"Falta de Atenção à Condução";"Colisão com objeto estático";"Com Vítimas Feridas";"Pleno dia";"Crescente";"Sol";"Múltipla";"Reta";"Sim";1;0;0;1;0;0;1;1;-23,48506856;-46,54027462;"SPRF-SP";"DEL01-SP";"UOP01-DEL01-SP"
149392;2018-07-28;"sábado";"08:15:00";"AM";174;924;"MANAUS";"Avarias e/ou desgaste excessivo no pneu";"Tombamento";"Com Vítimas Feridas";"Pleno dia";"Crescente";"Céu Claro";"Simples";"Reta";"Não";2;0;2;0;0;0;2;1;-2,63887521;-60,03993988;"SPRF-AM";"DEL01-AM";"UOP01-DEL01-AM"
149393;2018-07-28;"sábado";"09:00:00";"ES";262;171;"IBATIBA";"Falta de Atenção à Condução";"Colisão lateral";"Com Vítimas Feridas";"Pleno dia";"Decrescente";"Sol";"Simples";"Reta";"Não";3;0;2;0;0;1;2;2;-20,26477372;-41,57587051;"SPRF-ES";"DEL01-ES";"UOP02-DEL01-ES"
149394;2018-07-28;"sábado";"08:50:00";"SP";116;220,7;"GUARULHOS";"Falta de Atenção à Condução";"Colisão traseira";"Com Vítimas Feridas";"Pleno dia";"Crescente";"Céu Claro";"Múltipla";"Reta";"Sim";3;0;2;0;1;0;2;2;-23,46784144;-46,50789946;"SPRF-SP";"DEL01-SP";"UOP01-DEL01-SP"
149395;2018-07-28;"sábado";"09:15:00";"DF";70;7,8;"BRASILIA";"Não guardar distância de segurança";"Colisão lateral";"Com Vítimas Feridas";"Pleno dia";"Decrescente";"Sol";"Dupla";"Declive;Retorno Regulamentado;Reta";"Sim";3;0;1;0;2;0;1;3;-15,787601;-48,114429;"SPRF-DF";"DEL01-DF";"UOP02-DEL03-DF"
149397;2018-07-28;"sábado";"09:20:00";"SC";282;164,8;"BOCAINA DO SUL";"Falta de Atenção à Condução";"Capotamento";"Com Vítimas Feridas";"Pleno dia";"Crescente";"Céu Claro";"Simples";"Reta";"Não";1;0;1;0;0;0;1;1;-27,73546542;-49,79694843;"SPRF-SC";"DEL05-SC";"UOP01-DEL05-SC"
149399;2018-07-28;"sábado";"08:50:00";"PI";343;19;"PARNAIBA";"Falta de Atenção à Condução";"Colisão traseira";"Com Vítimas Feridas";"Pleno dia";"Crescente";"Céu Claro";"Simples";"Reta";"Não";3;0;1;0;0;2;1;2;-2,972207;-41,760967;"SPRF-PI";"DEL05-PI";"UOP01-DEL05-PI"
149400;2018-07-28;"sábado";"08:00:00";"MG";267;292;"BAEPENDI";"Restrição de Visibilidade";"Saída de leito carroçável";"Com Vítimas Feridas";"Pleno dia";"Decrescente";"Céu Claro";"Simples";"Curva";"Não";3;0;1;0;2;0;1;1;-21,9685726;-44,953832;"SPRF-MG";"DEL05-MG";"DEL5/4-UOP01/MG"
149401;2018-07-28;"sábado";"08:00:00";"RS";470;232,9;"CARLOS BARBOSA";"Velocidade Incompatível";"Saída de leito carroçável";"Sem Vítimas";"Pleno dia";"Decrescente";"Céu Claro";"Simples";"Aclive";"Não";1;0;0;0;0;1;0;1;-29,29886237;-51,48113966;"SPRF-RS";"DEL06-RS";"UOP01-DEL06-RS"
149402;2018-07-28;"sábado";"10:20:00";"SP";381;68,5;"MAIRIPORA";"Falta de Atenção à Condução";"Queda de ocupante de veículo";"Com Vítimas Feridas";"Pleno dia";"Decrescente";"Céu Claro";"Dupla";"Reta";"Não";1;0;0;1;0;0;1;1;-23,34441313;-46,57046372;"SPRF-SP";"DEL03-SP";"DEL6/3-UOP03/SP"
149404;2018-07-23;"segunda-feira";"15:30:00";"RN";406;61;"MACAU";"Falta de Atenção à Condução";"Saída de leito carroçável";"Com Vítimas Feridas";"Pleno dia";"Crescente";"Céu Claro";"Simples";"Reta";"Não";3;0;2;0;1;0;2;1;-5,148984;-36,599861;"SPRF-RN";"DEL02-RN";"UOP01-DEL02-RN"
149405;2018-07-28;"sábado";"10:35:00";"SC";101;25,4;"JOINVILLE";"Desobediência às normas de trânsito pelo condutor";"Colisão transversal";"Com Vítimas Feridas";"Pleno dia";"Crescente";"Céu Claro";"Simples";"Reta";"Sim";4;0;3;0;1;0;3;3;-26,18806059;-48,91185164;"SPRF-SC";"DEL03-SC";"UOP01-DEL03-SC"
149406;2018-07-28;"sábado";"09:30:00";"PI";316;19,5;"TERESINA";"Falta de Atenção à Condução";"Queda de ocupante de veículo";"Com Vítimas Feridas";"Pleno dia";"Decrescente";"Céu Claro";"Simples";"Curva";"Não";1;0;0;1;0;0;1;1;-5,251347;-42,730068;"SPRF-PI";"DEL01-PI";"UOP02-DEL01-PI"
149407;2018-07-28;"sábado";"09:40:00";"PR";116;126;"FAZENDA RIO GRANDE";"Falta de Atenção à Condução";"Colisão traseira";"Sem Vítimas";"Pleno dia";"Decrescente";"Céu Claro";"Dupla";"Reta";"Não";3;0;0;0;3;0;0;3;-25,6524307;-49,3078236;"SPRF-PR";"DEL01-PR";"UOP03-DEL01-PR"
149408;2018-07-28;"sábado";"11:00:00";"GO";153;591,2;"PIRACANJUBA";"Falta de Atenção à Condução";"Saída de leito carroçável";"Com Vítimas Feridas";"Pleno dia";"Crescente";"Céu Claro";"Dupla";"Declive;Curva";"Não";2;0;1;0;1;0;1;1;-17,470096;-49,217662;"SPRF-GO";"DEL03-GO";"UOP01-DEL03-GO"
149411;2018-07-28;"sábado";"09:00:00";"RJ";101;298;"ITABORAI";"Falta de Atenção à Condução";"Colisão lateral";"Sem Vítimas";"Pleno dia";"Decrescente";"Céu Claro";"Dupla";"Reta";"Não";2;0;0;0;1;1;0;2;-22,7714;-42,928959;"SPRF-RJ";"DEL02-RJ";"DEL5/2-UOP04/RJ"
149412;2018-07-28;"sábado";"11:05:00";"GO";20;6;"FORMOSA";"Falta de Atenção à Condução";"Queda de ocupante de veículo";"Com Vítimas Feridas";"Pleno dia";"Decrescente";"Céu Claro";"Simples";"Reta";"Não";1;0;1;0;0;0;1;1;-15,54921;-47,300228;"SPRF-DF";"DEL02-DF";"UOP01-DEL02-DF"
149413;2018-07-28;"sábado";"11:20:00";"PE";232;146,5;"SAO CAITANO";"Falta de Atenção à Condução";"Colisão traseira";"Com Vítimas Feridas";"Pleno dia";"Decrescente";"Nublado";"Simples";"Reta";"Sim";3;0;2;0;1;0;2;2;-8,33200073;-36,12721634;"SPRF-PE";"DEL02-PE";"UOP03-DEL02-PE"
149415;2018-07-28;"sábado";"10:20:00";"SP";116;394,8;"MIRACATU";"Falta de Atenção à Condução";"Colisão lateral";"Com Vítimas Feridas";"Pleno dia";"Crescente";"Céu Claro";"Simples";"Reta";"Sim";4;0;2;0;2;0;2;2;-24,2875745;-47,45874614;"SPRF-SP";"DEL04-SP";"UOP02-DEL04-SP"
149416;2018-07-28;"sábado";"10:50:00";"PB";230;35,8;"SANTA RITA";"Velocidade Incompatível";"Colisão lateral";"Com Vítimas Feridas";"Pleno dia";"Crescente";"Céu Claro";"Dupla";"Aclive;Desvio Temporário;Curva";"Não";3;0;0;1;2;0;1;2;-7,1249;-34,94755805;"SPRF-PB";"DEL01-PB";"UOP01-DEL01-PB"
149417;2018-07-28;"sábado";"11:50:00";"SC";101;111,3;"NAVEGANTES";"Pista Escorregadia";"Queda de ocupante de veículo";"Com Vítimas Feridas";"Pleno dia";"Crescente";"Nublado";"Simples";"Curva";"Não";2;0;2;0;0;0;2;1;-26,84160968;-48,71679068;"SPRF-SC";"DEL04-SC";"UOP04-DEL04-SC"
149418;2018-07-04;"quarta-feira";"07:00:00";"MG";381;485,7;"BETIM";"Velocidade Incompatível";"Colisão traseira";"Com Vítimas Feridas";"Pleno dia";"Decrescente";"Céu Claro";"Dupla";"Reta";"Sim";2;0;1;0;1;0;1;2;-19,95613529;-44,10553694;"SPRF-MG";"DEL01-MG";"UOP03-DEL01-MG"
149420;2018-07-28;"sábado";"11:00:00";"TO";153;232;"COLINAS DO TOCANTINS";"Defeito Mecânico no Veículo";"Incêndio";"Sem Vítimas";"Pleno dia";"Crescente";"Céu Claro";"Simples";"Reta";"Não";1;0;0;0;1;0;0;1;-7,923274;-48,467648;"SPRF-TO";"DEL02-TO";"UOP01-DEL02-TO"
149421;2018-07-28;"sábado";"11:20:00";"MG";381;3,2;"BETIM";"Falta de Atenção à Condução";"Queda de ocupante de veículo";"Com Vítimas Feridas";"Pleno dia";"Crescente";"Sol";"Dupla";"Curva";"Sim";1;0;1;0;0;0;1;1;-19,98593251;-44,16864395;"SPRF-MG";"DEL01-MG";"UOP03-DEL01-MG"
149422;2018-07-28;"sábado";"11:45:00";"PR";369;154,8;"LONDRINA";"Falta de Atenção à Condução";"Queda de ocupante de veículo";"Com Vítimas Feridas";"Pleno dia";"Decrescente";"Céu Claro";"Dupla";"Reta";"Sim";1;0;1;0;0;0;1;1;-23,294961;-51,21017;"SPRF-PR";"DEL07-PR";"UOP01-DEL07-PR"
149423;2018-05-07;"segunda-feira";"04:15:00";"RS";287;490;"SAO BORJA";"Animais na Pista";"Atropelamento de Animal";"Com Vítimas Feridas";"Plena Noite";"Decrescente";"Céu Claro";"Dupla";"Reta";"Não";1;0;1;0;0;0;1;1;-28,905071;-55,638157;"SPRF-RS";"DEL12-RS";"UOP01-DEL12-RS"
149424;2018-07-28;"sábado";"11:30:00";"MG";381;509,6;"SAO JOAQUIM DE BICAS";"Falta de Atenção à Condução";"Colisão lateral";"Com Vítimas Feridas";"Pleno dia";"Crescente";"Céu Claro";"Dupla";"Reta";"Sim";2;0;1;0;1;0;1;2;-20,05259635;-44,28211675;"SPRF-MG";"DEL01-MG";"UOP03-DEL01-MG"
149425;2018-07-28;"sábado";"12:00:00";"SC";470;35;"GASPAR";"Falta de Atenção à Condução";"Colisão lateral";"Com Vítimas Feridas";"Pleno dia";"Crescente";"Céu Claro";"Simples";"Reta";"Não";2;0;1;0;1;0;1;2;-26,90732763;-48,94263083;"SPRF-SC";"DEL04-SC";"UOP01-DEL04-SC"
149428;2018-07-28;"sábado";"12:00:00";"SE";101;115,8;"ITAPORANGA DAJUDA";"Velocidade Incompatível";"Saída de leito carroçável";"Sem Vítimas";"Pleno dia";"Decrescente";"Chuva";"Dupla";"Curva";"Não";1;0;0;0;1;0;0;1;-11,0126;-37,3161;"SPRF-SE";"DEL02-SE";"UOP01-DEL02-SE"
149430;2018-07-28;"sábado";"12:00:00";"PB";427;37,3;"POMBAL";"Desobediência às normas de trânsito pelo condutor";"Colisão frontal";"Com Vítimas Feridas";"Pleno dia";"Crescente";"Céu Claro";"Simples";"Reta";"Sim";2;0;0;1;1;0;1;2;-6,76405;-37,789103;"SPRF-PB";"DEL03-PB";"UOP02-DEL03-PB"
149433;2018-07-28;"sábado";"12:50:00";"MG";262;92;"ABRE CAMPO";"Velocidade Incompatível";"Saída de leito carroçável";"Com Vítimas Feridas";"Pleno dia";"Crescente";"Céu Claro";"Simples";"Curva";"Não";3;0;0;1;0;2;1;2;-20,31653812;-42,46688962;"SPRF-MG";"DEL03-MG";"UOP03-DEL03-MG"
149434;2018-07-28;"sábado";"12:30:00";"PE";423;115,3;"PARANATAMA";"Velocidade Incompatível";"Colisão traseira";"Com Vítimas Feridas";"Pleno dia";"Crescente";"Céu Claro";"Simples";"Reta";"Não";4;0;1;1;2;0;2;2;-8,90283;-36,65452;"SPRF-PE";"DEL03-PE";"UOP01-DEL03-PE"
149435;2018-07-28;"sábado";"12:55:00";"PR";277;681;"MEDIANEIRA";"Falta de Atenção à Condução";"Queda de ocupante de veículo";"Com Vítimas Feridas";"Pleno dia";"Decrescente";"Nublado";"Dupla";"Em Obras";"Não";1;0;0;1;0;0;1;1;-25,32723436;-54,17349309;"SPRF-PR";"DEL05-PR";"UOP01-DEL05-PR"
149436;2018-07-28;"sábado";"11:45:00";"SC";101;338,3;"TUBARAO";"Defeito Mecânico no Veículo";"Tombamento";"Com Vítimas Feridas";"Pleno dia";"Crescente";"Nublado";"Dupla";"Declive;Reta";"Não";2;0;2;0;0;0;2;1;-28,4946;-49,0429;"SPRF-SC";"DEL02-SC";"UOP01-DEL02-SC"
149437;2018-07-28;"sábado";"12:15:00";"PR";376;658;"TIJUCAS DO SUL";"Não guardar distância de segurança";"Queda de ocupante de veículo";"Com Vítimas Feridas";"Pleno dia";"Decrescente";"Sol";"Dupla";"Ponte";"Não";1;0;1;0;0;0;1;1;-25,86200403;-48,94059956;"SPRF-PR";"DEL01-PR";"DEL7/1-UOP08/PR"
149438;2018-07-28;"sábado";"13:00:00";"RJ";116;325;"ITATIAIA";"Defeito Mecânico no Veículo";"Tombamento";"Com Vítimas Feridas";"Pleno dia";"Crescente";"Céu Claro";"Dupla";"Reta";"Não";1;0;1;0;0;0;1;1;-22,495203;-44,570347;"SPRF-RJ";"DEL07-RJ";"DEL5/7-UOP03/RJ"
149439;2018-07-28;"sábado";"13:40:00";"PA";230;137;"MARABA";"Desobediência às normas de trânsito pelo condutor";"Colisão transversal";"Com Vítimas Feridas";"Pleno dia";"Crescente";"Céu Claro";"Simples";"Reta";"Não";3;0;2;1;0;0;3;2;-5,33463;-49,222351;"SPRF-PA";"DEL03-PA";"UOP01-DEL03-PA"
149441;2018-06-22;"sexta-feira";"12:40:00";"RS";116;149,1;"CAXIAS DO SUL";"Falta de Atenção do Pedestre";"Atropelamento de Pedestre";"Com Vítimas Feridas";"Pleno dia";"Crescente";"Céu Claro";"Múltipla";"Reta";"Sim";2;0;0;1;1;0;1;2;-29,159958;-51,156448;"SPRF-RS";"DEL05-RS";"UOP01-DEL05-RS"
149444;2018-07-28;"sábado";"14:20:00";"PE";101;68,3;"RECIFE";"Não guardar distância de segurança";"Colisão traseira";"Com Vítimas Feridas";"Pleno dia";"Decrescente";"Céu Claro";"Dupla";"Aclive";"Sim";4;0;1;1;2;0;2;3;-8,053446;-34,946234;"SPRF-PE";"DEL01-PE";"UOP01-DEL01-PE"
149446;2018-07-28;"sábado";"12:50:00";"RS";293;62,5;"PIRATINI";"Velocidade Incompatível";"Saída de leito carroçável";"Com Vítimas Feridas";"Pleno dia";"Crescente";"Chuva";"Simples";"Curva";"Não";1;0;0;1;0;0;1;1;-31,69940386;-52,94999778;"SPRF-RS";"DEL07-RS";"UOP01-DEL07-RS"
149447;2018-07-28;"sábado";"11:00:00";"RJ";101;390;"RIO DE JANEIRO";"Agressão Externa";"Saída de leito carroçável";"Com Vítimas Feridas";"Pleno dia";"Crescente";"Céu Claro";"Dupla";"Reta";"Não";6;0;4;0;2;0;4;1;-22,89159489;-43,69734764;"SPRF-RJ";"DEL03-RJ";"UOP01-DEL03-RJ"
149449;2018-07-28;"sábado";"15:00:00";"SC";470;243,8;"CURITIBANOS";"Ultrapassagem Indevida";"Colisão frontal";"Com Vítimas Feridas";"Pleno dia";"Decrescente";"Céu Claro";"Simples";"Aclive;Curva";"Não";4;0;2;1;1;0;3;4;-27,31656459;-50,52511454;"SPRF-SC";"DEL05-SC";"UOP03-DEL05-SC"
149451;2018-07-28;"sábado";"15:05:00";"RJ";40;108;"DUQUE DE CAXIAS";"Mal Súbito";"Colisão com objeto estático";"Com Vítimas Feridas";"Pleno dia";"Decrescente";"Céu Claro";"Múltipla";"Reta";"Sim";1;0;0;1;0;0;1;1;-22,66841248;-43,28512967;"SPRF-RJ";"DEL01-RJ";"UOP01-DEL01-RJ"
149452;2018-07-28;"sábado";"15:10:00";"SP";116;71,5;"APARECIDA";"Falta de Atenção à Condução";"Colisão traseira";"Sem Vítimas";"Pleno dia";"Crescente";"Céu Claro";"Simples";"Reta";"Sim";6;0;0;0;6;0;0;2;-22,85905151;-45,23418367;"SPRF-SP";"DEL08-SP";"UOP01-DEL08-SP"
149453;2018-07-28;"sábado";"15:15:00";"SC";101;206,5;"SAO JOSE";"Não guardar distância de segurança";"Engavetamento";"Com Vítimas Feridas";"Pleno dia";"Crescente";"Céu Claro";"Dupla";"Reta";"Sim";6;0;2;0;4;0;2;4;-27,6001;-48,6225;"SPRF-SC";"DEL01-SC";"UOP01-DEL01-SC"
149454;2018-07-28;"sábado";"15:20:00";"SC";101;205;"SAO JOSE";"Ingestão de Álcool";"Tombamento";"Com Vítimas Feridas";"Pleno dia";"Crescente";"Céu Claro";"Dupla";"Curva";"Sim";1;0;1;0;0;0;1;1;-27,58498068;-48,61630071;"SPRF-SC";"DEL01-SC";"UOP01-DEL01-SC"
149455;2018-07-28;"sábado";"13:15:00";"SP";116;328;"JUQUITIBA";"Velocidade Incompatível";"Colisão lateral";"Com Vítimas Feridas";"Pleno dia";"Decrescente";"Sol";"Dupla";"Curva";"Não";3;0;1;0;1;1;1;2;-23,936734;-47,080723;"SPRF-SP";"DEL04-SP";"UOP03-DEL04-SP"