"id";"data_inversa";"dia_semana";"horario";"uf";"br";"km";"municipio";"causa_acidente";"tipo_acidente";"classificacao_acidente";"fase_dia";"sentido_via";"condicao_metereologica";"tipo_pista";"tracado_via";"uso_solo";"pessoas";"mortos";"feridos_leves";"feridos_graves";"ilesos";"ignorados";"feridos";"veiculos";"latitude";"longitude";"regional";"delegacia";"uop"
149458;2018-07-28;"sábado";"15:10:00";"MG";116;374,7;"FREI INOCENCIO";"Ingestão de Álcool";"Colisão frontal";"Sem Vítimas";"Pleno dia";"Crescente";"Céu Claro";"Simples";"Reta";"Sim";2;0;0;0;2;0;0;2;-18,57126684;-41,91054583;"SPRF-MG";"DEL11-MG";"UOP01-DEL11-MG"
149459;2018-07-28;"sábado";"14:55:00";"SP";116;109,5;"TAUBATE";"Não guardar distância de segurança";"Capotamento";"Com Vítimas Feridas";"Pleno dia";"Crescente";"Céu Claro";"Dupla";"Reta";"Sim";1;0;1;0;0;0;1;1;-23,028759;-45,545235;"SPRF-SP";"DEL06-SP";"UOP01-DEL06-SP"
149460;2018-07-28;"sábado";"16:05:00";"ES";262;6;"CARIACICA";"Velocidade Incompatível";"Colisão traseira";"Com Vítimas Feridas";"Pleno dia";"Decrescente";"Céu Claro";"Dupla";"Reta";"Sim";2;0;1;0;1;0;1;2;-20,33997936;-40,3937915;"SPRF-ES";"DEL01-ES";"UOP01-DEL01-ES"
149461;2018-07-28;"sábado";"16:08:00";"MG";50;171;"UBERABA";"Defeito Mecânico no Veículo";"Tombamento";"Com Vítimas Feridas";"Pleno dia";"Crescente";"Céu Claro";"Dupla";"Reta";"Sim";2;0;2;0;0;0;2;1;-19,75143666;-47,98201561;"SPRF-MG";"DEL13-MG";"UOP01-DEL13-MG"
149463;2018-07-28;"sábado";"12:05:00";"RO";364;711;"PORTO VELHO";"Falta de Atenção à Condução";"Colisão lateral";"Com Vítimas Feridas";"Pleno dia";"Crescente";"Céu Claro";"Múltipla";"Interseção de Vias";"Não";3;0;1;0;2;0;1;2;-8,77967046;-63,86905074;"SPRF-RO";"DEL01-RO";"UOP01-DEL01-RO"
149464;2018-07-28;"sábado";"16:00:00";"GO";40;5;"VALPARAISO DE GOIAS";"Desobediência às normas de trânsito pelo condutor";"Colisão transversal";"Com Vítimas Feridas";"Pleno dia";"Crescente";"Céu Claro";"Dupla";"Reta";"Não";3;0;1;0;1;1;1;2;-16,093134;-47,982236;"SPRF-DF";"DEL01-DF";"UOP01-DEL01-DF"
149466;2018-07-28;"sábado";"14:05:00";"SC";470;53,4;"BLUMENAU";"Ingestão de Álcool";"Queda de ocupante de veículo";"Sem Vítimas";"Pleno dia";"Decrescente";"Céu Claro";"Simples";"Reta";"Não";2;0;0;0;2;0;0;1;-26,86299349;-49,08763105;"SPRF-SC";"DEL04-SC";"UOP01-DEL04-SC"
149470;2018-07-28;"sábado";"16:45:00";"PR";369;186,4;"ARAPONGAS";"Desobediência às normas de trânsito pelo condutor";"Colisão lateral";"Com Vítimas Feridas";"Pleno dia";"Crescente";"Céu Claro";"Simples";"Reta";"Sim";2;0;1;0;1;0;1;2;-23,41946306;-51,42553546;"SPRF-PR";"DEL07-PR";"UOP03-DEL07-PR"
149471;2018-07-28;"sábado";"16:20:00";"PR";158;492;"CORONEL VIVIDA";"Ultrapassagem Indevida";"Colisão lateral";"Com Vítimas Feridas";"Pleno dia";"Decrescente";"Céu Claro";"Simples";"Reta";"Sim";3;0;1;0;2;0;1;2;-26,03334008;-52,59155273;"SPRF-PR";"DEL02-PR";"UOP01-DEL02-PR"
149472;2018-07-28;"sábado";"14:20:00";"MG";262;35,8;"MANHUACU";"Pista Escorregadia";"Tombamento";"Com Vítimas Feridas";"Pleno dia";"Decrescente";"Céu Claro";"Simples";"Curva";"Sim";2;0;1;0;0;1;1;2;-20,259268;-42,017025;"SPRF-MG";"DEL06-MG";"UOP03-DEL06-MG"
149473;2018-07-28;"sábado";"15:30:00";"MS";163;348;"RIO BRILHANTE";"Falta de Atenção à Condução";"Saída de leito carroçável";"Com Vítimas Feridas";"Pleno dia";"Crescente";"Céu Claro";"Simples";"Reta";"Não";5;0;2;0;3;0;2;1;-21,77193475;-54,52480316;"SPRF-MS";"DEL02-MS";"UOP02-DEL02-MS"
149474;2018-07-28;"sábado";"16:00:00";"ES";101;258;"SERRA";"Falta de Atenção à Condução";"Colisão lateral";"Com Vítimas Feridas";"Pleno dia";"Decrescente";"Céu Claro";"Múltipla";"Curva";"Sim";3;0;1;0;2;0;1;2;-20,14522743;-40,29006791;"SPRF-ES";"DEL02-ES";"UOP01-DEL02-ES"
149475;2018-07-28;"sábado";"07:20:00";"RO";435;75,2;"COLORADO DO OESTE";"Falta de Atenção à Condução";"Saída de leito carroçável";"Com Vítimas Feridas";"Pleno dia";"Crescente";"Céu Claro";"Simples";"Reta";"Não";1;0;1;0;0;0;1;1;-13,10572853;-60,44591904;"SPRF-RO";"DEL04-RO";"UOP02-DEL04-RO"
149476;2018-07-28;"sábado";"16:10:00";"PE";407;127;"PETROLINA";"Desobediência às normas de trânsito pelo condutor";"Colisão frontal";"Com Vítimas Feridas";"Pleno dia";"Decrescente";"Céu Claro";"Simples";"Interseção de Vias";"Sim";2;0;1;1;0;0;2;2;-9,39135703;-40,51891387;"SPRF-PE";"DEL06-PE";"UOP01-DEL06-PE"
149478;2018-07-28;"sábado";"17:40:00";"BA";116;365;"LAMARAO";"Ingestão de Álcool";"Colisão frontal";"Com Vítimas Feridas";"Anoitecer";"Decrescente";"Céu Claro";"Simples";"Reta";"Não";3;0;1;0;2;0;1;2;-11,71712456;-38,98738861;"SPRF-BA";"DEL02-BA";"DEL10/2-UOP02/BA"
149479;2018-07-28;"sábado";"17:30:00";"MG";267;215,8;"BOM JARDIM DE MINAS";"Falta de Atenção à Condução";"Colisão transversal";"Com Vítimas Feridas";"Anoitecer";"Decrescente";"Céu Claro";"Simples";"Reta";"Não";4;0;1;1;2;0;2;2;-21,93508404;-44,19902802;"SPRF-MG";"DEL05-MG";"DEL5/4-UOP01/MG"
149483;2018-07-28;"sábado";"18:20:00";"BA";116;316;"ARACI";"Ultrapassagem Indevida";"Colisão frontal";"Com Vítimas Feridas";"Plena Noite";"Crescente";"Céu Claro";"Simples";"Reta";"Não";6;0;3;1;1;1;4;2;-11,29356771;-38,93314362;"SPRF-BA";"DEL02-BA";"DEL10/2-UOP02/BA"
149485;2018-07-28;"sábado";"17:02:00";"MS";163;497;"CAMPO GRANDE";"Falta de Atenção à Condução";"Saída de leito carroçável";"Sem Vítimas";"Pleno dia";"Crescente";"Céu Claro";"Simples";"Curva";"Não";2;0;0;0;0;2;0;1;-20,3496;-54,5189;"SPRF-MS";"DEL01-MS";"UOP02-DEL01-MS"
149486;2018-07-28;"sábado";"18:25:00";"PE";101;80;"JABOATAO DOS GUARARAPES";"Falta de Atenção à Condução";"Colisão lateral";"Com Vítimas Feridas";"Anoitecer";"Decrescente";"Garoa/Chuvisco";"Dupla";"Retorno Regulamentado";"Sim";2;0;1;0;1;0;1;2;-8,1623;-34,9394;"SPRF-PE";"DEL01-PE";"UOP01-DEL01-PE"
149488;2018-07-28;"sábado";"18:10:00";"CE";116;455,1;"MILAGRES";"Ingestão de Álcool";"Colisão traseira";"Com Vítimas Feridas";"Plena Noite";"Crescente";"Céu Claro";"Simples";"Reta";"Sim";6;0;1;0;4;1;1;2;-7,178303;-38,78153;"SPRF-CE";"DEL05-CE";"UOP03-DEL05-CE"
149489;2018-07-28;"sábado";"18:30:00";"DF";20;16;"BRASILIA";"Falta de Atenção à Condução";"Capotamento";"Sem Vítimas";"Plena Noite";"Crescente";"Céu Claro";"Dupla";"Aclive";"Sim";1;0;0;0;1;0;0;1;-15,625675;-47,725159;"SPRF-DF";"DEL02-DF";"UOP01-DEL02-DF"
149490;2018-07-28;"sábado";"17:30:00";"CE";116;399,4;"UMARI";"Velocidade Incompatível";"Colisão com objeto estático";"Com Vítimas Feridas";"Anoitecer";"Crescente";"Céu Claro";"Simples";"Reta";"Não";2;0;1;0;1;0;1;1;-6,64487163;-38,82418156;"SPRF-CE";"DEL05-CE";"UOP01-DEL05-CE"
149492;2018-07-28;"sábado";"18:25:00";"BA";242;888;"LUIS EDUARDO MAGALHAES";"Falta de Atenção à Condução";"Colisão lateral";"Com Vítimas Fatais";"Plena Noite";"Crescente";"Céu Claro";"Simples";"Reta";"Não";3;2;0;0;0;1;0;2;-12,097182;-45,839784;"SPRF-BA";"DEL10-BA";"UOP01-DEL10-BA"
149493;2018-07-28;"sábado";"10:15:00";"RN";101;106;"PARNAMIRIM";"Falta de Atenção à Condução";"Colisão transversal";"Com Vítimas Feridas";"Pleno dia";"Decrescente";"Céu Claro";"Dupla";"Reta";"Sim";2;0;1;0;1;0;1;2;-5,91060457;-35,26119947;"SPRF-RN";"DEL01-RN";"UOP01-DEL01-RN"
149495;2018-07-28;"sábado";"18:30:00";"PE";101;202;"XEXEU";"Falta de Atenção à Condução";"Capotamento";"Com Vítimas Feridas";"Plena Noite";"Decrescente";"Céu Claro";"Dupla";"Reta";"Sim";5;0;1;0;4;0;1;1;-8,83870394;-35,64318895;"SPRF-PE";"DEL01-PE";"UOP03-DEL01-PE"
149496;2018-07-28;"sábado";"17:00:00";"SC";280;126;"SAO BENTO DO SUL";"Ingestão de Álcool";"Saída de leito carroçável";"Com Vítimas Feridas";"Pleno dia";"Crescente";"Céu Claro";"Simples";"Reta";"Não";1;0;1;0;0;0;1;1;-26,237795;-49,494263;"SPRF-SC";"DEL06-SC";"UOP03-DEL06-SC"
149498;2018-07-28;"sábado";"18:30:00";"MS";158;327,1;"BRASILANDIA";"Falta de Atenção à Condução";"Colisão com objeto estático";"Com Vítimas Feridas";"Plena Noite";"Crescente";"Céu Claro";"Simples";"Curva";"Não";6;0;4;1;1;0;5;2;-21,164276;-51,977642;"SPRF-MS";"DEL07-MS";"UOP01-DEL07-MS"
149499;2018-07-28;"sábado";"19:30:00";"MG";116;701,7;"MURIAE";"Velocidade Incompatível";"Colisão traseira";"Com Vítimas Feridas";"Plena Noite";"Crescente";"Céu Claro";"Simples";"Reta";"Sim";4;0;2;1;1;0;3;2;-21,10191071;-42,37803889;"SPRF-MG";"DEL07-MG";"UOP02-DEL07-MG"
149502;2018-07-28;"sábado";"19:45:00";"MG";153;236,1;"FRONTEIRA";"Falta de Atenção à Condução";"Colisão traseira";"Com Vítimas Feridas";"Plena Noite";"Crescente";"Céu Claro";"Simples";"Reta";"Não";6;0;6;0;0;0;6;2;-20,23046929;-49,15358841;"SPRF-MG";"DEL13-MG";"UOP02-DEL13-MG"
149504;2018-07-28;"sábado";"19:30:00";"SC";470;62,6;"BLUMENAU";"Falta de Atenção à Condução";"Colisão transversal";"Com Vítimas Feridas";"Plena Noite";"Crescente";"Nublado";"Simples";"Reta";"Não";2;0;0;1;1;0;1;2;-26,87495672;-49,18192059;"SPRF-SC";"DEL04-SC";"UOP01-DEL04-SC"
149505;2018-07-28;"sábado";"16:42:00";"RO";364;715;"PORTO VELHO";"Falta de Atenção à Condução";"Colisão com objeto estático";"Com Vítimas Feridas";"Pleno dia";"Crescente";"Sol";"Dupla";"Curva";"Sim";2;0;1;1;0;0;2;1;-8,78449485;-63,89664531;"SPRF-RO";"DEL01-RO";"UOP01-DEL01-RO"
149506;2018-07-28;"sábado";"18:40:00";"MS";60;396;"SIDROLANDIA";"Falta de Atenção à Condução";"Colisão transversal";"Sem Vítimas";"Plena Noite";"Crescente";"Céu Claro";"Simples";"Reta";"Não";2;0;0;0;2;0;0;2;-20,77473306;-54,7908783;"SPRF-MS";"DEL01-MS";"UOP04-DEL01-MS"
149507;2018-07-28;"sábado";"19:50:00";"MG";365;491;"PATROCINIO";"Deficiência ou não Acionamento do Sistema de Iluminação/Sinalização do Veículo";"Colisão traseira";"Com Vítimas Feridas";"Plena Noite";"Crescente";"Céu Claro";"Simples";"Reta";"Não";3;0;1;0;2;0;1;2;-18,90361;-47,147499;"SPRF-MG";"DEL10-MG";"UOP01-DEL10-MG"
149508;2018-07-28;"sábado";"19:20:00";"PA";316;2;"ANANINDEUA";"Falta de Atenção à Condução";"Colisão lateral";"Sem Vítimas";"Plena Noite";"Decrescente";"Chuva";"Dupla";"Reta";"Sim";4;0;0;0;3;1;0;3;-1,396582;-48,422993;"SPRF-PA";"DEL01-PA";"DEL19/1-UOP05/PA"
149509;2018-07-28;"sábado";"18:30:00";"RJ";101;527;"ANGRA DOS REIS";"Ingestão de Álcool";"Colisão frontal";"Com Vítimas Feridas";"Plena Noite";"Decrescente";"Céu Claro";"Simples";"Reta";"Não";3;0;0;2;1;0;2;2;-23,02515877;-44,5080024;"SPRF-RJ";"DEL03-RJ";"UOP02-DEL03-RJ"
149510;2018-07-28;"sábado";"19:15:00";"PR";163;8;"BARRACAO";"Desobediência às normas de trânsito pelo condutor";"Colisão transversal";"Sem Vítimas";"Plena Noite";"Crescente";"Céu Claro";"Dupla";"Reta";"Sim";3;0;0;0;3;0;0;2;-26,257;-53,6211;"SPRF-PR";"DEL02-PR";"UOP02-DEL02-PR"
149511;2018-07-28;"sábado";"19:00:00";"RJ";101;257;"RIO BONITO";"Falta de Atenção à Condução";"Colisão traseira";"Sem Vítimas";"Plena Noite";"Decrescente";"Céu Claro";"Dupla";"Reta";"Sim";2;0;0;0;2;0;0;2;-22,698215;-42,578129;"SPRF-RJ";"DEL02-RJ";"UOP03-DEL02-RJ"
149513;2018-07-28;"sábado";"20:00:00";"RJ";101;67;"CAMPOS DOS GOYTACAZES";"Não guardar distância de segurança";"Colisão lateral";"Sem Vítimas";"Plena Noite";"Crescente";"Céu Claro";"Dupla";"Rotatória";"Sim";3;0;0;0;3;0;0;2;-21,76575632;-41,34539969;"SPRF-RJ";"DEL08-RJ";"UOP02-DEL08-RJ"
149515;2018-07-28;"sábado";"19:15:00";"SP";153;190,8;"GETULINA";"Animais na Pista";"Atropelamento de Animal";"Com Vítimas Feridas";"Plena Noite";"Decrescente";"Céu Claro";"Simples";"Declive";"Não";7;0;2;3;2;0;5;3;-21,74777117;-49,86270547;"SPRF-SP";"DEL07-SP";"UOP01-DEL07-SP"
149516;2018-07-28;"sábado";"20:50:00";"PR";277;722;"FOZ DO IGUACU";"Desobediência às normas de trânsito pelo condutor";"Colisão transversal";"Com Vítimas Feridas";"Plena Noite";"Crescente";"Céu Claro";"Dupla";"Reta";"Sim";2;0;0;1;1;0;1;2;-25,49545394;-54,52218533;"SPRF-PR";"DEL05-PR";"UOP01-DEL05-PR"
149518;2018-07-28;"sábado";"16:20:00";"MG";116;410;"GOVERNADOR VALADARES";"Desobediência às normas de trânsito pelo condutor";"Colisão transversal";"Com Vítimas Feridas";"Pleno dia";"Decrescente";"Céu Claro";"Simples";"Reta";"Sim";2;0;2;0;0;0;2;2;-18,82513;-41,986519;"SPRF-MG";"DEL06-MG";"UOP01-DEL06-MG"
149519;2018-07-28;"sábado";"19:55:00";"MG";116;412;"GOVERNADOR VALADARES";"Ingestão de Álcool";"Colisão lateral";"Sem Vítimas";"Plena Noite";"Crescente";"Céu Claro";"Simples";"Reta";"Não";2;0;0;0;2;0;0;2;-18,82513;-41,986519;"SPRF-MG";"DEL06-MG";"UOP01-DEL06-MG"
149520;2018-07-28;"sábado";"21:40:00";"BA";116;321;"ARACI";"Ingestão de Álcool";"Atropelamento de Pedestre";"Com Vítimas Feridas";"Plena Noite";"Decrescente";"Céu Claro";"Simples";"Reta";"Sim";2;0;0;1;1;0;1;2;-11,33049436;-38,95370007;"SPRF-BA";"DEL02-BA";"DEL10/2-UOP02/BA"
149521;2018-07-28;"sábado";"19:20:00";"MA";316;277,5;"BELA VISTA DO MARANHAO";"Animais na Pista";"Atropelamento de Animal";"Com Vítimas Feridas";"Plena Noite";"Crescente";"Céu Claro";"Simples";"Reta";"Sim";2;0;0;2;0;0;2;1;-3,733718;-45,26273;"SPRF-MA";"DEL02-MA";"UI04-DEL02-MA"
149524;2018-07-28;"sábado";"19:20:00";"PE";316;61,4;"TRINDADE";"Animais na Pista";"Atropelamento de Animal";"Sem Vítimas";"Plena Noite";"Decrescente";"Céu Claro";"Simples";"Reta";"Sim";1;0;0;0;1;0;0;1;-7,775492;-40,251747;"SPRF-PE";"DEL05-PE";"UOP02-DEL05-PE"
149525;2018-07-28;"sábado";"21:15:00";"GO";153;514,2;"APARECIDA DE GOIANIA";"Ingestão de Álcool";"Colisão transversal";"Com Vítimas Feridas";"Plena Noite";"Crescente";"Céu Claro";"Múltipla";"Reta";"Sim";3;0;0;1;2;0;1;2;-16,8315;-49,2434;"SPRF-GO";"DEL01-GO";"UOP03-DEL01-GO"
149526;2018-07-28;"sábado";"20:00:00";"PB";101;44,9;"MAMANGUAPE";"Ingestão de Álcool";"Colisão traseira";"Com Vítimas Feridas";"Plena Noite";"Crescente";"Céu Claro";"Dupla";"Reta";"Não";2;0;1;0;1;0;1;2;-6,8828748;-35,13088703;"SPRF-PB";"DEL01-PB";"UOP04-DEL01-PB"
149527;2018-07-28;"sábado";"21:15:00";"SP";381;84,8;"SAO PAULO";"Falta de Atenção à Condução";"Colisão com objeto estático";"Com Vítimas Fatais";"Plena Noite";"Decrescente";"Céu Claro";"Dupla";"Reta";"Sim";1;1;0;0;0;0;0;1;-23,454262;-46,570685;"SPRF-SP";"DEL03-SP";"DEL6/3-UOP03/SP"
149528;2018-07-28;"sábado";"21:20:00";"ES";101;66;"SAO MATEUS";"Ingestão de Álcool";"Queda de ocupante de veículo";"Com Vítimas Feridas";"Plena Noite";"Crescente";"Céu Claro";"Simples";"Reta";"Não";2;0;1;0;0;1;1;1;-18,71958487;-39,86861229;"SPRF-ES";"DEL04-ES";"UOP02-DEL04-ES"
149529;2018-07-28;"sábado";"21:30:00";"MG";40;438,3;"PARAOPEBA";"Ingestão de Álcool";"Colisão traseira";"Com Vítimas Feridas";"Plena Noite";"Decrescente";"Céu Claro";"Dupla";"Reta";"Não";2;0;1;0;1;0;1;2;-19,2576;-44,422;"SPRF-MG";"DEL02-MG";"UOP01-DEL02-MG"
149530;2018-07-28;"sábado";"22:00:00";"SP";153;174,3;"GUAICARA";"Desobediência às normas de trânsito pelo condutor";"Colisão transversal";"Com Vítimas Fatais";"Plena Noite";"Crescente";"Céu Claro";"Simples";"Interseção de Vias";"Sim";2;1;0;0;1;0;0;2;-21,6330087;-49,7877574;"SPRF-SP";"DEL07-SP";"UOP01-DEL07-SP"
149531;2018-07-28;"sábado";"21:00:00";"PE";423;47,3;"CACHOEIRINHA";"Animais na Pista";"Atropelamento de Animal";"Sem Vítimas";"Plena Noite";"Crescente";"Chuva";"Simples";"Reta";"Não";1;0;0;0;1;0;0;1;-8,55139;-36,27286;"SPRF-PE";"DEL03-PE";"UOP01-DEL03-PE"
149533;2018-07-28;"sábado";"20:20:00";"ES";101;181;"ARACRUZ";"Velocidade Incompatível";"Colisão traseira";"Com Vítimas Feridas";"Plena Noite";"Crescente";"Céu Claro";"Simples";"Reta";"Não";3;0;1;0;0;2;1;2;-19,63175514;-40,22644043;"SPRF-ES";"DEL04-ES";"UOP01-DEL04-ES"
149535;2018-07-28;"sábado";"22:20:00";"GO";452;2;"RIO VERDE";"Condutor Dormindo";"Saída de leito carroçável";"Com Vítimas Feridas";"Plena Noite";"Decrescente";"Céu Claro";"Dupla";"Curva";"Sim";2;0;1;0;1;0;1;1;-17,797326;-50,882555;"SPRF-GO";"DEL04-GO";"UOP01-DEL04-GO"
149536;2018-07-28;"sábado";"20:30:00";"ES";262;23;"VIANA";"Falta de Atenção à Condução";"Colisão com objeto estático";"Sem Vítimas";"Plena Noite";"Crescente";"Céu Claro";"Simples";"Curva";"Não";1;0;0;0;0;1;0;1;-20,38590584;-40,55351973;"SPRF-ES";"DEL01-ES";"UOP01-DEL01-ES"
149537;2018-07-28;"sábado";"19:45:00";"PI";316;291;"RIBEIRA DO PIAUI";"Falta de Atenção à Condução";"Saída de leito carroçável";"Sem Vítimas";"Plena Noite";"Crescente";"Céu Claro";"Simples";"Reta";"Não";1;0;0;0;1;0;0;1;-7,7183401;-42,7289236;"SPRF-PI";"DEL04-PI";"UOP01-DEL04-PI"
149539;2018-07-28;"sábado";"17:30:00";"MG";116;414,9;"GOVERNADOR VALADARES";"Não guardar distância de segurança";"Colisão traseira";"Com Vítimas Feridas";"Anoitecer";"Decrescente";"Céu Claro";"Simples";"Reta";"Sim";2;0;1;0;1;0;1;2;-18,88381286;-41,94996173;"SPRF-MG";"DEL06-MG";"UOP01-DEL06-MG"
149540;2018-07-28;"sábado";"17:25:00";"PE";232;505;"SALGUEIRO";"Ingestão de Álcool";"Colisão com objeto estático";"Com Vítimas Feridas";"Pleno dia";"Decrescente";"Céu Claro";"Simples";"Curva";"Não";1;0;1;0;0;0;1;1;-8,059892;-39,102103;"SPRF-PE";"DEL05-PE";"UOP01-DEL05-PE"
149541;2018-07-28;"sábado";"21:30:00";"MS";163;257,7;"DOURADOS";"Falta de Atenção à Condução";"Colisão traseira";"Com Vítimas Feridas";"Plena Noite";"Decrescente";"Céu Claro";"Dupla";"Reta";"Sim";3;0;2;0;1;0;2;2;-22,2588411;-54,78647841;"SPRF-MS";"DEL04-MS";"UOP01-DEL04-MS"
149542;2018-07-28;"sábado";"19:45:00";"MT";163;751;"SORRISO";"Ingestão de Álcool";"Colisão com objeto estático";"Com Vítimas Feridas";"Plena Noite";"Decrescente";"Céu Claro";"Dupla";"Retorno Regulamentado";"Sim";1;0;1;0;0;0;1;1;-12,56437589;-55,72215468;"SPRF-MT";"DEL06-MT";"UOP01-DEL06-MT"
149544;2018-07-28;"sábado";"23:30:00";"SC";101;203,3;"SAO JOSE";"Ingestão de Álcool";"Colisão traseira";"Sem Vítimas";"Plena Noite";"Crescente";"Nublado";"Múltipla";"Reta";"Sim";2;0;0;0;2;0;0;2;-27,5742;-48,6134;"SPRF-SC";"DEL01-SC";"UOP01-DEL01-SC"
149546;2018-07-28;"sábado";"21:30:00";"PR";476;316;"PAULO FRONTIN";"Desobediência às normas de trânsito pelo condutor";"Colisão lateral";"Com Vítimas Feridas";"Plena Noite";"Crescente";"Céu Claro";"Simples";"Reta";"Não";2;0;1;0;1;0;1;2;-26,041317;-50,703175;"SPRF-PR";"DEL02-PR";"UOP04-DEL02-PR"
149548;2018-07-29;"domingo";"00:30:00";"SP";116;194;"SANTA ISABEL";"Falta de Atenção à Condução";"Colisão frontal";"Com Vítimas Feridas";"Plena Noite";"Crescente";"Céu Claro";"Dupla";"Retorno Regulamentado";"Não";2;0;1;0;1;0;1;2;-23,38417391;-46,26239777;"SPRF-SP";"DEL02-SP";"UOP01-DEL02-SP"
149550;2018-07-28;"sábado";"21:30:00";"MG";153;88;"PRATA";"Condutor Dormindo";"Saída de leito carroçável";"Com Vítimas Feridas";"Plena Noite";"Decrescente";"Céu Claro";"Simples";"Curva";"Não";1;0;0;1;0;0;1;1;-19,15554655;-48,96057129;"SPRF-MG";"DEL15-MG";"UOP03-DEL15-MG"
149551;2018-07-28;"sábado";"11:00:00";"RJ";116;200;"SEROPEDICA";"Falta de Atenção à Condução";"Colisão traseira";"Com Vítimas Feridas";"Pleno dia";"Crescente";"Nublado";"Dupla";"Reta";"Sim";3;0;1;0;2;0;1;2;-22,72573163;-43,65381807;"SPRF-RJ";"DEL01-RJ";"UOP03-DEL01-RJ"
149552;2018-07-29;"domingo";"01:50:00";"SP";459;16,5;"PIQUETE";"Falta de Atenção à Condução";"Colisão com objeto estático";"Sem Vítimas";"Plena Noite";"Crescente";"Céu Claro";"Simples";"Reta";"Sim";1;0;0;0;0;1;0;1;-22,62287464;-45,16150117;"SPRF-SP";"DEL08-SP";"UOP03-DEL08-SP"
149553;2018-06-25;"segunda-feira";"15:15:00";"AL";104;91;"RIO LARGO";"Falta de Atenção à Condução";"Colisão traseira";"Com Vítimas Feridas";"Pleno dia";"Crescente";"Céu Claro";"Dupla";"Reta";"Sim";4;0;1;0;3;0;1;2;-9,506635;-35,808838;"SPRF-AL";"DEL01-AL";"UOP01-DEL01-AL"
149554;2018-07-29;"domingo";"01:50:00";"ES";101;333,4;"GUARAPARI";"Condutor Dormindo";"Saída de leito carroçável";"Com Vítimas Feridas";"Plena Noite";"Crescente";"Céu Claro";"Simples";"Curva";"Não";1;0;0;1;0;0;1;1;-20,6179;-40,5167;"SPRF-ES";"DEL03-ES";"UOP01-DEL03-ES"
149555;2018-07-28;"sábado";"22:50:00";"AM";174;973;"PRESIDENTE FIGUEIREDO";"Desobediência às normas de trânsito pelo condutor";"Colisão traseira";"Com Vítimas Feridas";"Plena Noite";"Crescente";"Nevoeiro/Neblina";"Simples";"Reta";"Não";6;0;1;1;4;0;2;2;-1,74312398;-60,15083313;"SPRF-AM";"DEL01-AM";"UOP02-DEL01-AM"
149556;2018-07-29;"domingo";"01:50:00";"DF";70;6,5;"BRASILIA";"Velocidade Incompatível";"Saída de leito carroçável";"Com Vítimas Fatais";"Plena Noite";"Crescente";"Céu Claro";"Dupla";"Reta";"Não";1;1;0;0;0;0;0;1;-15,7892493;-48,11045134;"SPRF-DF";"DEL01-DF";"UOP02-DEL03-DF"
149559;2018-07-29;"domingo";"02:10:00";"SC";101;98,5;"BALNEARIO PICARRAS";"Pista Escorregadia";"Tombamento";"Com Vítimas Feridas";"Plena Noite";"Crescente";"Garoa/Chuvisco";"Dupla";"Reta";"Não";1;0;1;0;0;0;1;1;-26,74703794;-48,69665081;"SPRF-SC";"DEL03-SC";"UOP02-DEL03-SC"
149560;2018-07-29;"domingo";"02:55:00";"SP";116;44,3;"CANAS";"Animais na Pista";"Atropelamento de Animal";"Sem Vítimas";"Plena Noite";"Crescente";"Céu Claro";"Dupla";"Reta";"Não";2;0;0;0;2;0;0;1;-22,71095625;-45,04909515;"SPRF-SP";"DEL08-SP";"UOP02-DEL08-SP"
149562;2018-07-29;"domingo";"03:00:00";"PR";153;2;"JACAREZINHO";"Animais na Pista";"Saída de leito carroçável";"Com Vítimas Feridas";"Plena Noite";"Crescente";"Céu Claro";"Simples";"Reta";"Não";1;0;1;0;0;0;1;1;-23,02855542;-49,91494954;"SPRF-PR";"DEL07-PR";"UOP04-DEL07-PR"
149563;2018-07-29;"domingo";"03:10:00";"PR";373;175,2;"PONTA GROSSA";"Ingestão de Álcool";"Colisão com objeto estático";"Sem Vítimas";"Plena Noite";"Crescente";"Céu Claro";"Dupla";"Reta";"Sim";1;0;0;0;1;0;0;1;-25,06508006;-50,21294564;"SPRF-PR";"DEL03-PR";"UOP01-DEL03-PR"
149564;2018-07-29;"domingo";"03:55:00";"MG";40;49,8;"PARACATU";"Condutor Dormindo";"Tombamento";"Com Vítimas Feridas";"Plena Noite";"Decrescente";"Céu Claro";"Simples";"Reta;Aclive";"Não";3;0;2;0;1;0;2;1;-17,251781;-46,788681;"SPRF-MG";"DEL14-MG";"UOP01-DEL14-MG"
149567;2018-06-28;"quinta-feira";"12:15:00";"RS";290;217,3;"PANTANO GRANDE";"Falta de Atenção à Condução";"Colisão transversal";"Com Vítimas Feridas";"Pleno dia";"Decrescente";"Chuva";"Simples";"Reta";"Sim";3;0;2;0;1;0;2;2;-30,19443578;-52,39285469;"SPRF-RS";"DEL02-RS";"UOP02-DEL02-RS"
149568;2018-07-29;"domingo";"03:00:00";"PB";101;93,7;"JOAO PESSOA";"Objeto estático sobre o leito carroçável";"Capotamento";"Com Vítimas Feridas";"Plena Noite";"Decrescente";"Nublado";"Dupla";"Reta";"Não";4;0;2;0;2;0;2;1;-7,2156;-34,912;"SPRF-PB";"DEL01-PB";"UOP01-DEL01-PB"