"id";"data_inversa";"dia_semana";"horario";"uf";"br";"km";"municipio";"causa_acidente";"tipo_acidente";"classificacao_acidente";"fase_dia";"sentido_via";"condicao_metereologica";"tipo_pista";"tracado_via";"uso_solo";"pessoas";"mortos";"feridos_leves";"feridos_graves";"ilesos";"ignorados";"feridos";"veiculos";"latitude";"longitude";"regional";"delegacia";"uop"
149570;2018-07-29;"domingo";"04:20:00";"PA";308;8,6;"ANANINDEUA";"Falta de Atenção à Condução";"Colisão com objeto estático";"Com Vítimas Feridas";"Plena Noite";"Crescente";"Céu Claro";"Dupla";"Reta";"Sim";1;0;0;1;0;0;1;1;-1,36690642;-48,37153673;"SPRF-PA";"DEL01-PA";"DEL19/1-UOP05/PA"
149571;2018-07-29;"domingo";"03:50:00";"CE";304;66;"ARACATI";"Condutor Dormindo";"Saída de leito carroçável";"Com Vítimas Feridas";"Plena Noite";"Decrescente";"Ignorado";"Simples";"Reta";"Não";1;0;1;0;0;0;1;1;-4,632751;-37,63879;"SPRF-CE";"DEL03-CE";"UOP03-DEL03-CE"
149572;2018-07-29;"domingo";"04:30:00";"SP";116;226,1;"GUARULHOS";"Velocidade Incompatível";"Colisão traseira";"Com Vítimas Feridas";"Plena Noite";"Crescente";"Nublado";"Múltipla";"Reta";"Sim";7;0;0;2;4;1;2;5;-23,493234;-46,5526719;"SPRF-SP";"DEL01-SP";"UOP01-DEL01-SP"
149573;2018-07-29;"domingo";"04:08:00";"RO";364;196;"PIMENTA BUENO";"Falta de Atenção à Condução";"Tombamento";"Com Vítimas Feridas";"Plena Noite";"Decrescente";"Céu Claro";"Simples";"Reta";"Sim";1;0;1;0;0;0;1;1;-11,686719;-61,183479;"SPRF-RO";"DEL02-RO";"UOP02-DEL02-RO"
149574;2018-07-29;"domingo";"02:40:00";"PB";361;3,9;"PATOS";"Falta de Atenção do Pedestre";"Atropelamento de Pedestre";"Com Vítimas Feridas";"Plena Noite";"Decrescente";"Céu Claro";"Simples";"Reta";"Sim";3;0;1;1;0;1;2;2;-7,031651;-37,291743;"SPRF-PB";"DEL03-PB";"UOP01-DEL03-PB"
149575;2018-07-29;"domingo";"04:50:00";"CE";116;514,6;"BREJO SANTO";"Condutor Dormindo";"Saída de leito carroçável";"Com Vítimas Feridas";"Amanhecer";"Decrescente";"Céu Claro";"Simples";"Reta";"Não";2;0;0;2;0;0;2;1;-7,589846;-39,024213;"SPRF-CE";"DEL05-CE";"UOP03-DEL05-CE"
149577;2018-07-29;"domingo";"02:00:00";"SC";101;412;"ARARANGUA";"Falta de Atenção à Condução";"Colisão com objeto estático";"Sem Vítimas";"Plena Noite";"Crescente";"Nublado";"Múltipla";"Rotatória";"Não";1;0;0;0;1;0;0;1;-28,9321484;-49,5160675;"SPRF-SC";"DEL02-SC";"UOP02-DEL02-SC"
149578;2018-07-29;"domingo";"05:30:00";"AP";210;2;"MACAPA";"Ingestão de Álcool";"Tombamento";"Com Vítimas Feridas";"Amanhecer";"Crescente";"Céu Claro";"Múltipla";"Reta";"Sim";1;0;1;0;0;0;1;1;0,08428881;-51,07997806;"SPRF-AP";"DEL01-AP";"UOP01-DEL01-AP"
149579;2018-07-29;"domingo";"05:30:00";"RN";226;5;"NATAL";"Agressão Externa";"Saída de leito carroçável";"Com Vítimas Fatais";"Amanhecer";"Decrescente";"Céu Claro";"Simples";"Reta";"Sim";1;1;0;0;0;0;0;1;-5,820955;-35,26841;"SPRF-RN";"DEL01-RN";"UOP02-DEL01-RN"
149580;2018-07-29;"domingo";"04:00:00";"MG";381;658;"SANTO ANTONIO DO AMPARO";"Falta de Atenção à Condução";"Colisão com objeto estático";"Sem Vítimas";"Plena Noite";"Crescente";"Céu Claro";"Dupla";"Reta";"Não";1;0;0;0;1;0;0;1;-21,0047;-44,9719;"SPRF-MG";"DEL04-MG";"UOP02-DEL04-MG"
149581;2018-07-29;"domingo";"05:00:00";"SC";101;134;"BALNEARIO CAMBORIU";"Velocidade Incompatível";"Colisão com objeto estático";"Sem Vítimas";"Plena Noite";"Decrescente";"Nublado";"Simples";"Rotatória";"Sim";1;0;0;0;0;1;0;1;-27,0049;-48,6266;"SPRF-SC";"DEL04-SC";"UOP03-DEL04-SC"
149582;2018-07-29;"domingo";"05:40:00";"SC";282;398,4;"JOACABA";"Velocidade Incompatível";"Saída de leito carroçável";"Com Vítimas Feridas";"Amanhecer";"Crescente";"Nevoeiro/Neblina";"Simples";"Aclive;Reta";"Não";3;0;3;0;0;0;3;1;-27,146529;-51,612662;"SPRF-SC";"DEL07-SC";"UOP05-DEL07-SC"
149583;2018-07-29;"domingo";"03:00:00";"SC";280;32,3;"ARAQUARI";"Velocidade Incompatível";"Capotamento";"Com Vítimas Feridas";"Plena Noite";"Decrescente";"Nevoeiro/Neblina";"Simples";"Reta";"Não";1;0;0;1;0;0;1;1;-26,42139933;-48,78030354;"SPRF-SC";"DEL03-SC";"UOP03-DEL03-SC"
149585;2018-07-29;"domingo";"06:35:00";"PE";101;48,5;"ABREU E LIMA";"Falta de Atenção à Condução";"Saída de leito carroçável";"Com Vítimas Feridas";"Pleno dia";"Decrescente";"Chuva";"Múltipla";"Reta";"Sim";2;0;2;0;0;0;2;2;-7,898;-34,9025;"SPRF-PE";"DEL01-PE";"UOP02-DEL01-PE"
149586;2018-07-29;"domingo";"05:00:00";"SP";116;111,3;"TAUBATE";"Falta de Atenção à Condução";"Colisão lateral";"Com Vítimas Feridas";"Plena Noite";"Decrescente";"Céu Claro";"Dupla";"Reta";"Sim";3;0;1;0;1;1;1;3;-23,038872;-45,560974;"SPRF-SP";"DEL06-SP";"UOP02-DEL02-SP"
149587;2018-07-28;"sábado";"22:45:00";"MG";40;649;"CRISTIANO OTONI";"Falta de Atenção à Condução";"Saída de leito carroçável";"Sem Vítimas";"Plena Noite";"Crescente";"Nublado";"Simples";"Aclive;Reta";"Sim";1;0;0;0;0;1;0;1;-20,8329;-43,8054;"SPRF-MG";"DEL05-MG";"UOP02-DEL05-MG"
149588;2018-07-29;"domingo";"05:20:00";"RJ";116;259;"VOLTA REDONDA";"Desobediência às normas de trânsito pelo condutor";"Capotamento";"Com Vítimas Feridas";"Amanhecer";"Crescente";"Céu Claro";"Dupla";"Reta";"Não";1;0;0;1;0;0;1;1;-22,560883;-44,122238;"SPRF-RJ";"DEL07-RJ";"UOP02-DEL07-RJ"
149590;2018-07-29;"domingo";"04:30:00";"BA";101;509,9;"ITABUNA";"Animais na Pista";"Atropelamento de Animal";"Com Vítimas Feridas";"Amanhecer";"Crescente";"Céu Claro";"Simples";"Declive";"Não";5;0;1;2;1;1;3;1;-14,8337312;-39,28893194;"SPRF-BA";"DEL05-BA";"UOP01-DEL05-BA"
149591;2018-07-29;"domingo";"06:20:00";"PA";316;11;"MARITUBA";"Ingestão de Álcool";"Colisão lateral";"Sem Vítimas";"Pleno dia";"Crescente";"Céu Claro";"Dupla";"Reta";"Sim";2;0;0;0;2;0;0;2;-1,365636;-48,358788;"SPRF-PA";"DEL01-PA";"DEL19/1-UOP05/PA"
149592;2018-07-29;"domingo";"06:50:00";"PB";230;25;"JOAO PESSOA";"Desobediência às normas de trânsito pelo condutor";"Colisão transversal";"Com Vítimas Fatais";"Pleno dia";"Decrescente";"Sol";"Múltipla";"Reta";"Sim";3;1;1;1;0;0;2;2;-7,1708;-34,8685;"SPRF-PB";"DEL01-PB";"UOP01-DEL01-PB"
149593;2018-07-29;"domingo";"07:30:00";"CE";222;4,3;"CAUCAIA";"Falta de Atenção à Condução";"Colisão traseira";"Com Vítimas Feridas";"Pleno dia";"Crescente";"Sol";"Múltipla";"Reta";"Sim";2;0;0;1;0;1;1;2;-3,74202256;-38,60748053;"SPRF-CE";"DEL01-CE";"UOP01-DEL01-CE"
149594;2018-07-29;"domingo";"07:20:00";"RS";116;258;"ESTEIO";"Falta de Atenção à Condução";"Saída de leito carroçável";"Sem Vítimas";"Pleno dia";"Decrescente";"Céu Claro";"Dupla";"Reta";"Sim";1;0;0;0;1;0;0;1;-29,8627561;-51,1806505;"SPRF-RS";"DEL01-RS";"UOP02-DEL01-RS"
149595;2018-07-29;"domingo";"07:45:00";"RJ";116;142;"DUQUE DE CAXIAS";"Falta de Atenção à Condução";"Colisão com objeto estático";"Com Vítimas Feridas";"Pleno dia";"Crescente";"Céu Claro";"Dupla";"Reta";"Não";3;0;1;0;2;0;1;1;-22,66912247;-43,27084959;"SPRF-RJ";"DEL04-RJ";"UOP02-DEL04-RJ"
149596;2018-07-29;"domingo";"05:45:00";"MT";364;449;"VARZEA GRANDE";"Ingestão de Álcool";"Saída de leito carroçável";"Sem Vítimas";"Amanhecer";"Decrescente";"Céu Claro";"Simples";"Reta";"Não";2;0;0;0;2;0;0;1;-15,599074;-56,218063;"SPRF-MT";"DEL01-MT";"DEL2/4-UOP02/MT"
149597;2018-04-09;"segunda-feira";"18:15:00";"RS";285;123,6;"VACARIA";"Não guardar distância de segurança";"Engavetamento";"Sem Vítimas";"Anoitecer";"Decrescente";"Céu Claro";"Simples";"Reta";"Sim";3;0;0;0;2;1;0;3;-28,49603905;-50,95316995;"SPRF-RS";"DEL05-RS";"UOP03-DEL05-RS"
149599;2018-07-29;"domingo";"05:30:00";"MG";40;700,9;"BARBACENA";"Falta de Atenção à Condução";"Saída de leito carroçável";"Sem Vítimas";"Plena Noite";"Decrescente";"Céu Claro";"Dupla";"Reta";"Não";1;0;0;0;1;0;0;1;-21,2189;-43,739;"SPRF-MG";"DEL05-MG";"UOP02-DEL05-MG"
149600;2018-07-29;"domingo";"06:30:00";"PI";316;6,5;"TERESINA";"Ingestão de Álcool";"Colisão traseira";"Com Vítimas Feridas";"Pleno dia";"Decrescente";"Céu Claro";"Simples";"Reta";"Sim";2;0;0;1;1;0;1;2;-5,15582107;-42,77173417;"SPRF-PI";"DEL01-PI";"UOP02-DEL01-PI"
149601;2018-07-29;"domingo";"06:36:00";"RO";364;548,9;"ALTO PARAISO";"Falta de Atenção à Condução";"Saída de leito carroçável";"Com Vítimas Feridas";"Amanhecer";"Crescente";"Céu Claro";"Simples";"Reta";"Não";2;0;2;0;0;0;2;1;-9,662845;-63,090252;"SPRF-RO";"DEL03-RO";"UOP01-DEL03-RO"
149602;2018-07-29;"domingo";"06:30:00";"RJ";40;48;"PETROPOLIS";"Condutor Dormindo";"Queda de ocupante de veículo";"Com Vítimas Feridas";"Amanhecer";"Decrescente";"Nublado";"Simples";"Curva";"Não";1;0;1;0;0;0;1;1;-22,29195542;-43,12717438;"SPRF-RJ";"DEL06-RJ";"UOP01-DEL06-RJ"
149604;2018-07-29;"domingo";"07:45:00";"ES";101;177;"LINHARES";"Velocidade Incompatível";"Tombamento";"Com Vítimas Feridas";"Pleno dia";"Crescente";"Céu Claro";"Simples";"Reta";"Sim";1;0;0;1;0;0;1;1;-19,60347835;-40,20354509;"SPRF-ES";"DEL04-ES";"UOP01-DEL04-ES"
149605;2018-07-29;"domingo";"09:00:00";"PE";408;66,6;"CARPINA";"Ingestão de Álcool";"Colisão traseira";"Com Vítimas Feridas";"Pleno dia";"Crescente";"Céu Claro";"Dupla";"Reta";"Sim";3;0;3;0;0;0;3;2;-7,856911;-35,218637;"SPRF-PE";"DEL01-PE";"UOP01-DEL01-PE"
149606;2018-07-29;"domingo";"08:20:00";"TO";226;12;"PALMEIRAS DO TOCANTINS";"Falta de Atenção à Condução";"Colisão transversal";"Com Vítimas Feridas";"Pleno dia";"Crescente";"Sol";"Simples";"Interseção de Vias";"Sim";2;0;1;1;0;0;2;2;-6,614072;-47,545609;"SPRF-TO";"DEL02-TO";"UOP03-DEL02-TO"
149607;2018-06-23;"sábado";"23:10:00";"PR";277;69;"SAO JOSE DOS PINHAIS";"Não guardar distância de segurança";"Queda de ocupante de veículo";"Com Vítimas Feridas";"Plena Noite";"Crescente";"Ignorado";"Dupla";"Reta";"Sim";1;0;0;1;0;0;1;1;-25,51905167;-49,11043167;"SPRF-PR";"DEL01-PR";"UOP07-DEL01-PR"
149608;2018-07-29;"domingo";"08:40:00";"CE";222;5;"CAUCAIA";"Falta de Atenção à Condução";"Colisão transversal";"Com Vítimas Feridas";"Pleno dia";"Decrescente";"Sol";"Dupla";"Reta";"Sim";2;0;2;0;0;0;2;2;-3,74324304;-38,61722231;"SPRF-CE";"DEL01-CE";"UOP01-DEL01-CE"
149609;2018-07-29;"domingo";"08:15:00";"SC";101;223,5;"PALHOCA";"Desobediência às normas de trânsito pelo condutor";"Colisão traseira";"Sem Vítimas";"Pleno dia";"Crescente";"Céu Claro";"Múltipla";"Reta";"Sim";4;0;0;0;4;0;0;2;-27,7248;-48,6435;"SPRF-SC";"DEL01-SC";"UOP02-DEL01-SC"
149611;2018-07-29;"domingo";"08:20:00";"SP";381;62,6;"MAIRIPORA";"Defeito Mecânico no Veículo";"Colisão com objeto estático";"Com Vítimas Feridas";"Pleno dia";"Crescente";"Nublado";"Dupla";"Declive;Reta";"Sim";1;0;0;1;0;0;1;1;-23,1907936;-46,584947;"SPRF-SP";"DEL03-SP";"UOP01-DEL03-SP"
149612;2018-07-29;"domingo";"09:10:00";"MG";262;511,5;"LUZ";"Ultrapassagem Indevida";"Colisão frontal";"Com Vítimas Feridas";"Pleno dia";"Decrescente";"Céu Claro";"Simples";"Reta";"Não";3;0;2;0;1;0;2;2;-19,77316529;-45,52373886;"SPRF-MG";"DEL08-MG";"UOP03-DEL08-MG"
149614;2018-07-29;"domingo";"09:45:00";"PR";376;300;"MAUA DA SERRA";"Velocidade Incompatível";"Saída de leito carroçável";"Com Vítimas Feridas";"Pleno dia";"Crescente";"Sol";"Dupla";"Curva";"Não";1;0;0;1;0;0;1;1;-23,93725126;-51,16643775;"SPRF-PR";"DEL07-PR";"UOP02-DEL07-PR"
149617;2018-07-29;"domingo";"08:15:00";"MT";364;439;"VARZEA GRANDE";"Avarias e/ou desgaste excessivo no pneu";"Queda de ocupante de veículo";"Com Vítimas Feridas";"Pleno dia";"Decrescente";"Céu Claro";"Dupla";"Reta";"Não";2;0;2;0;0;0;2;1;-15,61344809;-56,2046814;"SPRF-MT";"DEL01-MT";"DEL2/4-UOP02/MT"
149618;2018-07-29;"domingo";"10:00:00";"CE";222;2,8;"FORTALEZA";"Sinalização da via insuficiente ou inadequada";"Colisão transversal";"Com Vítimas Feridas";"Pleno dia";"Crescente";"Sol";"Múltipla";"Interseção de Vias";"Sim";2;0;0;1;1;0;1;2;-3,74007407;-38,59394073;"SPRF-CE";"DEL01-CE";"UOP01-DEL01-CE"
149619;2018-07-29;"domingo";"09:30:00";"PI";316;7,9;"TERESINA";"Agressão Externa";"Queda de ocupante de veículo";"Com Vítimas Feridas";"Pleno dia";"Crescente";"Céu Claro";"Simples";"Reta";"Sim";2;0;1;0;1;0;1;2;-5,155847;-42,771732;"SPRF-PI";"DEL01-PI";"UOP02-DEL01-PI"
149621;2018-07-28;"sábado";"23:00:00";"PR";158;527;"PATO BRANCO";"Pista Escorregadia";"Saída de leito carroçável";"Com Vítimas Feridas";"Plena Noite";"Decrescente";"Chuva";"Simples";"Curva";"Não";1;0;1;0;0;0;1;1;-26,20228;-52,678215;"SPRF-PR";"DEL02-PR";"UOP01-DEL02-PR"
149622;2018-07-29;"domingo";"10:00:00";"GO";60;393;"RIO VERDE";"Falta de Atenção à Condução";"Colisão lateral";"Com Vítimas Feridas";"Pleno dia";"Crescente";"Céu Claro";"Dupla";"Reta";"Não";1;0;1;0;0;0;1;1;-17,8248;-50,9889;"SPRF-GO";"DEL04-GO";"UOP01-DEL04-GO"
149624;2018-07-29;"domingo";"10:30:00";"SC";470;72;"INDAIAL";"Defeito Mecânico no Veículo";"Tombamento";"Com Vítimas Feridas";"Pleno dia";"Decrescente";"Nublado";"Simples";"Interseção de Vias";"Sim";2;0;2;0;0;0;2;1;-26,89000943;-49,25529778;"SPRF-SC";"DEL04-SC";"UOP01-DEL04-SC"
149625;2018-07-29;"domingo";"10:40:00";"SC";101;114;"ITAJAI";"Avarias e/ou desgaste excessivo no pneu";"Queda de ocupante de veículo";"Com Vítimas Feridas";"Pleno dia";"Crescente";"Sol";"Múltipla";"Reta";"Sim";2;0;2;0;0;0;2;1;-26,8708;-48,7293;"SPRF-SC";"DEL04-SC";"UOP04-DEL04-SC"
149630;2018-07-29;"domingo";"11:50:00";"GO";70;302,7;"JUSSARA";"Pista Escorregadia";"Saída de leito carroçável";"Com Vítimas Feridas";"Pleno dia";"Decrescente";"Sol";"Simples";"Em Obras;Declive;Reta";"Não";2;0;1;0;1;0;1;1;-15,8557;-50,7533;"SPRF-GO";"DEL04-GO";"UOP01-DEL04-GO"
149631;2018-07-29;"domingo";"12:00:00";"GO";40;95;"CRISTALINA";"Falta de Atenção à Condução";"Queda de ocupante de veículo";"Com Vítimas Feridas";"Pleno dia";"Crescente";"Céu Claro";"Simples";"Reta";"Sim";1;0;1;0;0;0;1;1;-16,750555;-47,607549;"SPRF-DF";"DEL01-DF";"UOP02-DEL01-DF"
149632;2018-07-29;"domingo";"11:20:00";"PE";428;29,5;"CABROBO";"Defeito Mecânico no Veículo";"Saída de leito carroçável";"Com Vítimas Feridas";"Pleno dia";"Decrescente";"Céu Claro";"Simples";"Reta";"Não";5;0;5;0;0;0;5;1;-8,509559;-39,471493;"SPRF-PE";"DEL05-PE";"UOP03-DEL05-PE"
149633;2018-07-29;"domingo";"11:45:00";"MG";381;484;"BETIM";"Mal Súbito";"Colisão traseira";"Com Vítimas Feridas";"Pleno dia";"Decrescente";"Céu Claro";"Dupla";"Reta";"Sim";4;0;1;3;0;0;4;2;-19,9557;-44,0964;"SPRF-MG";"DEL01-MG";"UOP03-DEL01-MG"
149634;2018-07-29;"domingo";"10:05:00";"BA";324;623;"SALVADOR";"Objeto estático sobre o leito carroçável";"Derramamento de carga";"Com Vítimas Feridas";"Pleno dia";"Crescente";"Sol";"Múltipla";"Curva";"Sim";7;0;1;0;5;1;1;3;-12,93646812;-38,47260666;"SPRF-BA";"DEL01-BA";"UOP01-DEL01-BA"
149635;2018-07-29;"domingo";"12:40:00";"ES";101;266,2;"SERRA";"Falta de Atenção à Condução";"Queda de ocupante de veículo";"Com Vítimas Feridas";"Pleno dia";"Crescente";"Céu Claro";"Dupla";"Curva";"Sim";1;0;1;0;0;0;1;1;-20,19389902;-40,26968313;"SPRF-ES";"DEL02-ES";"UOP01-DEL02-ES"
149637;2018-07-29;"domingo";"12:55:00";"GO";153;496,8;"GOIANIA";"Defeito Mecânico no Veículo";"Queda de ocupante de veículo";"Com Vítimas Feridas";"Pleno dia";"Crescente";"Céu Claro";"Dupla";"Reta";"Sim";2;0;2;0;0;0;2;1;-16,6776;-49,2314;"SPRF-GO";"DEL01-GO";"UOP01-DEL01-GO"
149638;2018-07-28;"sábado";"07:00:00";"PE";101;21;"GOIANA";"Falta de Atenção à Condução";"Colisão com objeto estático";"Sem Vítimas";"Pleno dia";"Crescente";"Céu Claro";"Dupla";"Reta";"Não";1;0;0;0;0;1;0;1;-7,668;-34,9334;"SPRF-PE";"DEL01-PE";"UOP02-DEL01-PE"
149640;2018-07-29;"domingo";"13:05:00";"BA";101;268;"SANTO ANTONIO DE JESUS";"Falta de Atenção à Condução";"Queda de ocupante de veículo";"Com Vítimas Feridas";"Pleno dia";"Decrescente";"Sol";"Simples";"Reta";"Não";1;0;0;1;0;0;1;1;-13,00569;-39,294302;"SPRF-BA";"DEL01-BA";"UOP02-DEL01-BA"
149641;2018-07-29;"domingo";"13:00:00";"AL";101;74;"MESSIAS";"Falta de Atenção à Condução";"Colisão traseira";"Com Vítimas Feridas";"Pleno dia";"Crescente";"Céu Claro";"Dupla";"Reta";"Sim";2;0;0;1;1;0;1;2;-9,39709756;-35,83901716;"SPRF-AL";"DEL01-AL";"UOP01-DEL01-AL"
149642;2018-06-24;"domingo";"00:21:00";"RS";290;37;"SANTO ANTONIO DA PATRULHA";"Desobediência às normas de trânsito pelo condutor";"Saída de leito carroçável";"Com Vítimas Feridas";"Plena Noite";"Decrescente";"Chuva";"Dupla";"Reta";"Não";2;0;2;0;0;0;2;1;-29,885529;-50,62759;"SPRF-RS";"DEL03-RS";"UOP02-DEL03-RS"
149643;2018-07-29;"domingo";"11:15:00";"SC";101;383,7;"ICARA";"Falta de Atenção à Condução";"Saída de leito carroçável";"Com Vítimas Feridas";"Pleno dia";"Decrescente";"Nublado";"Dupla";"Reta";"Não";4;0;2;2;0;0;4;1;-28,7674475;-49,2997849;"SPRF-SC";"DEL02-SC";"UOP02-DEL02-SC"
149644;2018-07-29;"domingo";"11:50:00";"PE";424;88,5;"GARANHUNS";"Velocidade Incompatível";"Colisão lateral";"Sem Vítimas";"Pleno dia";"Decrescente";"Céu Claro";"Simples";"Aclive;Curva";"Sim";3;0;0;0;3;0;0;2;-8,89151646;-36,50559425;"SPRF-PE";"DEL03-PE";"UOP01-DEL03-PE"
149646;2018-07-29;"domingo";"12:30:00";"PE";424;69;"CAETES";"Ingestão de Álcool";"Colisão lateral";"Com Vítimas Feridas";"Pleno dia";"Decrescente";"Céu Claro";"Simples";"Reta";"Sim";2;0;0;1;1;0;1;2;-8,773993;-36,627975;"SPRF-PE";"DEL03-PE";"UOP01-DEL03-PE"
149647;2018-07-29;"domingo";"14:15:00";"CE";116;154,6;"RUSSAS";"Falta de Atenção à Condução";"Colisão traseira";"Com Vítimas Feridas";"Pleno dia";"Decrescente";"Céu Claro";"Simples";"Reta";"Não";2;0;1;0;1;0;1;2;-4,845421;-38,041958;"SPRF-CE";"DEL03-CE";"UOP01-DEL03-CE"
149649;2018-07-29;"domingo";"13:45:00";"MS";163;477,3;"CAMPO GRANDE";"Defeito Mecânico no Veículo";"Capotamento";"Com Vítimas Feridas";"Pleno dia";"Crescente";"Céu Claro";"Simples";"Reta";"Sim";4;0;4;0;0;0;4;1;-20,5021208;-54,55705833;"SPRF-MS";"DEL01-MS";"UOP01-DEL01-MS"
149650;2018-07-29;"domingo";"14:10:00";"SC";282;603,8;"MARAVILHA";"Falta de Atenção à Condução";"Colisão traseira";"Com Vítimas Feridas";"Pleno dia";"Crescente";"Sol";"Simples";"Aclive";"Não";3;0;2;0;1;0;2;2;-26,79488433;-53,19320071;"SPRF-SC";"DEL07-SC";"UOP02-DEL07-SC"
149651;2018-07-29;"domingo";"14:45:00";"MG";365;503;"PATROCINIO";"Falta de Atenção à Condução";"Colisão transversal";"Com Vítimas Feridas";"Pleno dia";"Crescente";"Sol";"Simples";"Reta";"Não";2;0;0;1;1;0;1;2;-18,9599;-47,2384;"SPRF-MG";"DEL10-MG";"UOP01-DEL10-MG"
149652;2018-07-29;"domingo";"10:20:00";"MG";262;875;"CAMPO FLORIDO";"Velocidade Incompatível";"Saída de leito carroçável";"Com Vítimas Feridas";"Pleno dia";"Decrescente";"Céu Claro";"Simples";"Curva";"Não";2;0;1;0;1;0;1;1;-19,766943;-48,580914;"SPRF-MG";"DEL13-MG";"UOP01-DEL13-MG"
149653;2018-07-29;"domingo";"14:30:00";"AL";316;262;"PILAR";"Desobediência às normas de trânsito pelo condutor";"Colisão traseira";"Sem Vítimas";"Pleno dia";"Decrescente";"Céu Claro";"Simples";"Reta";"Não";2;0;0;0;2;0;0;2;-9,5905148;-35,8989547;"SPRF-AL";"DEL02-AL";"UOP01-DEL02-AL"
149654;2018-07-29;"domingo";"12:50:00";"BA";407;214;"CAPIM GROSSO";"Condutor Dormindo";"Capotamento";"Com Vítimas Feridas";"Pleno dia";"Decrescente";"Sol";"Simples";"Ponte";"Não";4;0;2;1;1;0;3;1;-11,22220482;-40,02856851;"SPRF-BA";"DEL04-BA";"UOP02-DEL04-BA"
149656;2018-07-29;"domingo";"12:00:00";"PR";163;247;"TOLEDO";"Falta de Atenção à Condução";"Colisão traseira";"Com Vítimas Feridas";"Pleno dia";"Crescente";"Chuva";"Simples";"Reta";"Não";2;0;1;0;0;1;1;2;-24,7554679;-53,69562568;"SPRF-PR";"DEL04-PR";"UOP01-DEL04-PR"
149657;2018-07-29;"domingo";"15:10:00";"PA";308;113;"SANTA MARIA DO PARA";"Pista Escorregadia";"Colisão transversal";"Com Vítimas Feridas";"Pleno dia";"Decrescente";"Nublado";"Simples";"Reta";"Não";5;0;3;2;0;0;5;2;-1,31709;-47,513165;"SPRF-PA";"DEL01-PA";"UOP02-DEL01-PA"
149659;2018-07-29;"domingo";"15:30:00";"GO";153;367;"JARAGUA";"Desobediência às normas de trânsito pelo condutor";"Colisão traseira";"Com Vítimas Feridas";"Pleno dia";"Crescente";"Céu Claro";"Simples";"Aclive";"Não";6;0;3;0;3;0;3;5;-15,825134;-49,283041;"SPRF-GO";"DEL02-GO";"UOP02-DEL02-GO"
149660;2018-07-29;"domingo";"15:20:00";"SC";101;145;"ITAPEMA";"Falta de Atenção à Condução";"Engavetamento";"Com Vítimas Feridas";"Pleno dia";"Decrescente";"Sol";"Dupla";"Reta";"Não";8;0;2;0;6;0;2;6;-27,0868;-48,6095;"SPRF-SC";"DEL04-SC";"UOP03-DEL04-SC"
149661;2018-07-29;"domingo";"15:20:00";"SP";381;84,9;"SAO PAULO";"Não guardar distância de segurança";"Colisão traseira";"Com Vítimas Feridas";"Pleno dia";"Crescente";"Céu Claro";"Dupla";"Reta";"Sim";3;0;2;0;1;0;2;2;-23,4559342;-46,5713726;"SPRF-SP";"DEL03-SP";"DEL6/3-UOP03/SP"
149662;2018-07-29;"domingo";"15:30:00";"MG";50;180,3;"UBERABA";"Falta de Atenção à Condução";"Colisão transversal";"Com Vítimas Feridas";"Pleno dia";"Decrescente";"Céu Claro";"Dupla";"Curva";"Sim";2;0;1;0;1;0;1;2;-19,7852;-47,9169;"SPRF-MG";"DEL13-MG";"UOP01-DEL13-MG"
149663;2018-07-29;"domingo";"15:25:00";"ES";101;356,1;"ANCHIETA";"Ingestão de Álcool";"Colisão lateral";"Com Vítimas Feridas";"Pleno dia";"Crescente";"Céu Claro";"Simples";"Curva";"Não";2;0;0;1;1;0;1;2;-20,69248141;-40,68447378;"SPRF-ES";"DEL03-ES";"UOP01-DEL03-ES"
149664;2018-07-29;"domingo";"12:21:00";"RO";435;62,9;"VILHENA";"Velocidade Incompatível";"Saída de leito carroçável";"Com Vítimas Feridas";"Pleno dia";"Crescente";"Céu Claro";"Simples";"Curva";"Não";3;0;2;0;0;1;2;2;-13,069663;-60,387283;"SPRF-RO";"DEL04-RO";"UOP02-DEL04-RO"
149665;2018-07-29;"domingo";"15:20:00";"SC";470;21;"ILHOTA";"Desobediência às normas de trânsito pelo condutor";"Colisão frontal";"Com Vítimas Feridas";"Pleno dia";"Decrescente";"Céu Claro";"Simples";"Reta";"Não";2;0;0;1;1;0;1;2;-26,876698;-48,827362;"SPRF-SC";"DEL04-SC";"UOP04-DEL04-SC"
149668;2018-07-29;"domingo";"15:30:00";"PE";232;255,2;"ARCOVERDE";"Ingestão de Álcool";"Saída de leito carroçável";"Com Vítimas Feridas";"Pleno dia";"Decrescente";"Nublado";"Simples";"Reta";"Não";2;0;1;1;0;0;2;1;-8,430858;-37,065361;"SPRF-PE";"DEL03-PE";"UOP02-DEL03-PE"
149670;2018-07-29;"domingo";"15:55:00";"MG";354;744,7;"POUSO ALTO";"Não guardar distância de segurança";"Colisão traseira";"Sem Vítimas";"Pleno dia";"Crescente";"Céu Claro";"Simples";"Reta";"Sim";2;0;0;0;2;0;0;2;-22,24696897;-44,93525315;"SPRF-MG";"DEL05-MG";"UOP01-DEL17-MG"
149671;2018-07-29;"domingo";"15:30:00";"GO";20;158;"ALVORADA DO NORTE";"Velocidade Incompatível";"Colisão com objeto estático";"Com Vítimas Feridas";"Pleno dia";"Decrescente";"Céu Claro";"Simples";"Reta";"Não";3;0;3;0;0;0;3;1;-14,6490292;-46,6355896;"SPRF-DF";"DEL02-DF";"UOP03-DEL02-DF"