"id";"data_inversa";"dia_semana";"horario";"uf";"br";"km";"municipio";"causa_acidente";"tipo_acidente";"classificacao_acidente";"fase_dia";"sentido_via";"condicao_metereologica";"tipo_pista";"tracado_via";"uso_solo";"pessoas";"mortos";"feridos_leves";"feridos_graves";"ilesos";"ignorados";"feridos";"veiculos";"latitude";"longitude";"regional";"delegacia";"uop"
149672;2018-07-29;"domingo";"16:15:00";"RN";304;266,5;"SAO PEDRO";"Defeito Mecânico no Veículo";"Queda de ocupante de veículo";"Com Vítimas Feridas";"Pleno dia";"Crescente";"Nublado";"Simples";"Declive";"Não";2;0;2;0;0;0;2;1;-5,8625128;-35,60674387;"SPRF-RN";"DEL01-RN";"UOP02-DEL01-RN"
149674;2018-07-29;"domingo";"15:41:00";"ES";262;6,5;"CARIACICA";"Desobediência às normas de trânsito pelo condutor";"Colisão lateral";"Sem Vítimas";"Pleno dia";"Crescente";"Céu Claro";"Múltipla";"Interseção de Vias";"Sim";2;0;0;0;2;0;0;2;-20,3419011;-40,3970567;"SPRF-ES";"DEL01-ES";"UOP01-DEL01-ES"
149675;2018-07-29;"domingo";"16:30:00";"MG";459;36,5;"CALDAS";"Ingestão de Álcool";"Saída de leito carroçável";"Com Vítimas Feridas";"Pleno dia";"Crescente";"Céu Claro";"Simples";"Curva";"Não";1;0;1;0;0;0;1;1;-21,978686;-46,330372;"SPRF-MG";"DEL09-MG";"UOP01-DEL09-MG"
149676;2018-07-29;"domingo";"10:55:00";"SP";116;40,4;"CACHOEIRA PAULISTA";"Não guardar distância de segurança";"Engavetamento";"Sem Vítimas";"Pleno dia";"Crescente";"Sol";"Dupla";"Reta";"Não";4;0;0;0;4;0;0;4;-22,680805;-45,006889;"SPRF-SP";"DEL08-SP";"UOP02-DEL08-SP"
149677;2018-07-29;"domingo";"16:50:00";"SC";101;32;"JOINVILLE";"Avarias e/ou desgaste excessivo no pneu";"Saída de leito carroçável";"Com Vítimas Feridas";"Pleno dia";"Crescente";"Nublado";"Dupla";"Reta";"Não";2;0;2;0;0;0;2;1;-26,25302824;-48,90679476;"SPRF-SC";"DEL03-SC";"UOP01-DEL03-SC"
149678;2018-07-29;"domingo";"16:00:00";"RJ";116;57;"TERESOPOLIS";"Defeito Mecânico no Veículo";"Colisão com objeto em movimento";"Sem Vítimas";"Pleno dia";"Crescente";"Céu Claro";"Simples";"Curva";"Não";2;0;0;0;2;0;0;2;-22,212086;-42,900688;"SPRF-RJ";"DEL04-RJ";"UOP01-DEL04-RJ"
149679;2018-07-29;"domingo";"16:40:00";"GO";153;501;"GOIANIA";"Defeito Mecânico no Veículo";"Queda de ocupante de veículo";"Sem Vítimas";"Pleno dia";"Decrescente";"Céu Claro";"Dupla";"Aclive";"Sim";1;0;0;0;0;1;0;1;-16,71284289;-49,233073;"SPRF-GO";"DEL01-GO";"UOP01-DEL01-GO"
149680;2018-07-29;"domingo";"15:50:00";"ES";262;2,3;"CARIACICA";"Desobediência às normas de trânsito pelo condutor";"Colisão transversal";"Com Vítimas Feridas";"Pleno dia";"Crescente";"Céu Claro";"Múltipla";"Reta";"Sim";3;0;1;0;1;1;1;3;-20,33107613;-40,36505163;"SPRF-ES";"DEL01-ES";"UOP01-DEL01-ES"
149684;2018-07-29;"domingo";"17:15:00";"PR";277;584,5;"CASCAVEL";"Falta de Atenção à Condução";"Queda de ocupante de veículo";"Com Vítimas Feridas";"Pleno dia";"Decrescente";"Céu Claro";"Simples";"Rotatória";"Não";1;0;1;0;0;0;1;1;-24,96405871;-53,40741098;"SPRF-PR";"DEL04-PR";"UOP01-DEL04-PR"
149685;2018-07-29;"domingo";"16:00:00";"SC";116;176,8;"SAO CRISTOVAO DO SUL";"Velocidade Incompatível";"Colisão com objeto estático";"Com Vítimas Feridas";"Pleno dia";"Decrescente";"Céu Claro";"Simples";"Reta";"Não";1;0;0;1;0;0;1;1;-27,2447138;-50,45980722;"SPRF-SC";"DEL05-SC";"UOP03-DEL05-SC"
149686;2018-07-29;"domingo";"17:00:00";"BA";101;948;"MUCURI";"Avarias e/ou desgaste excessivo no pneu";"Tombamento";"Com Vítimas Feridas";"Pleno dia";"Decrescente";"Céu Claro";"Simples";"Reta";"Não";2;0;1;1;0;0;2;1;-18,1051;-39,884;"SPRF-BA";"DEL09-BA";"UOP02-DEL09-BA"
149687;2018-07-29;"domingo";"17:00:00";"GO";251;29;"CRISTALINA";"Ingestão de Álcool";"Colisão transversal";"Com Vítimas Feridas";"Pleno dia";"Crescente";"Céu Claro";"Dupla";"Reta";"Sim";4;0;2;1;1;0;3;2;-16,2028;-47,4392;"SPRF-DF";"DEL01-DF";"UOP01-DEL01-DF"
149688;2018-07-29;"domingo";"17:00:00";"CE";116;423,2;"IPAUMIRIM";"Falta de Atenção à Condução";"Saída de leito carroçável";"Com Vítimas Feridas";"Pleno dia";"Crescente";"Céu Claro";"Simples";"Curva";"Não";5;0;5;0;0;0;5;1;-6,807229;-38,755329;"SPRF-CE";"DEL05-CE";"UOP03-DEL05-CE"
149689;2018-07-29;"domingo";"17:10:00";"DF";60;4,3;"BRASILIA";"Falta de Atenção à Condução";"Colisão traseira";"Com Vítimas Feridas";"Pleno dia";"Decrescente";"Céu Claro";"Dupla";"Aclive;Reta";"Sim";4;0;1;0;3;0;1;2;-15,89353637;-48,09852004;"SPRF-DF";"DEL01-DF";"UOP01-DEL03-DF"
149690;2018-07-29;"domingo";"17:25:00";"MG";40;469;"SETE LAGOAS";"Falta de Atenção à Condução";"Colisão traseira";"Com Vítimas Feridas";"Anoitecer";"Crescente";"Céu Claro";"Dupla";"Reta";"Não";4;0;2;0;2;0;2;2;-19,469;-44,295;"SPRF-MG";"DEL02-MG";"UOP01-DEL02-MG"
149692;2018-07-29;"domingo";"17:13:00";"SP";381;63,7;"MAIRIPORA";"Desobediência às normas de trânsito pelo condutor";"Colisão lateral";"Com Vítimas Feridas";"Anoitecer";"Crescente";"Nublado";"Dupla";"Reta";"Não";3;0;0;1;2;0;1;3;-23,3070027;-46,5769492;"SPRF-SP";"DEL03-SP";"UOP01-DEL03-SP"
149693;2018-07-29;"domingo";"17:50:00";"SC";470;74,3;"INDAIAL";"Falta de Atenção à Condução";"Colisão transversal";"Com Vítimas Feridas";"Anoitecer";"Decrescente";"Céu Claro";"Simples";"Interseção de Vias";"Não";2;0;1;0;1;0;1;2;-26,90567247;-49,27205622;"SPRF-SC";"DEL04-SC";"UOP01-DEL04-SC"
149694;2018-07-29;"domingo";"16:50:00";"RS";386;426,5;"MONTENEGRO";"Falta de Atenção à Condução";"Engavetamento";"Sem Vítimas";"Pleno dia";"Crescente";"Céu Claro";"Simples";"Reta";"Não";3;0;0;0;3;0;0;3;-29,82044092;-51,35710001;"SPRF-RS";"DEL04-RS";"UOP02-DEL04-RS"
149695;2018-07-29;"domingo";"17:45:00";"PE";101;59;"RECIFE";"Falta de Atenção à Condução";"Queda de ocupante de veículo";"Com Vítimas Feridas";"Anoitecer";"Decrescente";"Céu Claro";"Dupla";"Reta";"Sim";1;0;1;0;0;0;1;1;-7,9841;-34,9316;"SPRF-PE";"DEL01-PE";"UOP02-DEL01-PE"
149696;2018-07-29;"domingo";"17:40:00";"MG";116;704,5;"MURIAE";"Falta de Atenção à Condução";"Tombamento";"Com Vítimas Feridas";"Anoitecer";"Crescente";"Céu Claro";"Simples";"Interseção de Vias";"Sim";2;0;2;0;0;0;2;1;-21,125048;-42,381514;"SPRF-MG";"DEL07-MG";"UOP02-DEL07-MG"
149698;2018-07-29;"domingo";"07:30:00";"MG";153;23;"CENTRALINA";"Condutor Dormindo";"Saída de leito carroçável";"Com Vítimas Feridas";"Amanhecer";"Crescente";"Céu Claro";"Dupla";"Reta";"Não";2;0;1;0;1;0;1;1;-18,51216795;-49,18885142;"SPRF-MG";"DEL15-MG";"UOP03-DEL15-MG"
149699;2018-07-29;"domingo";"17:50:00";"PB";230;31;"BAYEUX";"Não guardar distância de segurança";"Colisão traseira";"Com Vítimas Feridas";"Plena Noite";"Crescente";"Céu Claro";"Dupla";"Reta";"Não";2;0;0;1;1;0;1;2;-7,14561663;-34,91625667;"SPRF-PB";"DEL01-PB";"UOP01-DEL01-PB"
149700;2018-07-29;"domingo";"17:30:00";"MG";381;504,5;"BETIM";"Velocidade Incompatível";"Engavetamento";"Com Vítimas Feridas";"Anoitecer";"Decrescente";"Céu Claro";"Dupla";"Reta";"Sim";4;0;1;0;3;0;1;3;-20,0354;-44,244;"SPRF-MG";"DEL01-MG";"UOP03-DEL01-MG"
149701;2018-07-29;"domingo";"18:10:00";"BA";116;674,7;"JEQUIE";"Falta de Atenção à Condução";"Queda de ocupante de veículo";"Com Vítimas Feridas";"Anoitecer";"Decrescente";"Céu Claro";"Simples";"Reta";"Sim";2;0;1;0;1;0;1;1;-13,8716523;-40,1166282;"SPRF-BA";"DEL03-BA";"UOP01-DEL03-BA"
149702;2018-07-29;"domingo";"15:40:00";"PA";316;8,9;"ANANINDEUA";"Defeito na Via";"Queda de ocupante de veículo";"Com Vítimas Feridas";"Pleno dia";"Decrescente";"Céu Claro";"Dupla";"Reta";"Não";2;0;0;1;0;1;1;2;-1,36605908;-48,368361;"SPRF-PA";"DEL01-PA";"DEL19/1-UOP05/PA"
149703;2018-07-29;"domingo";"17:00:00";"SC";280;139,6;"RIO NEGRINHO";"Falta de Atenção à Condução";"Colisão traseira";"Com Vítimas Feridas";"Anoitecer";"Crescente";"Nublado";"Simples";"Reta";"Não";3;0;2;0;1;0;2;2;-26,25482;-49,60313;"SPRF-SC";"DEL06-SC";"UOP03-DEL06-SC"
149705;2018-07-29;"domingo";"17:15:00";"RJ";101;304;"SAO GONCALO";"Falta de Atenção à Condução";"Colisão lateral";"Com Vítimas Feridas";"Anoitecer";"Crescente";"Céu Claro";"Dupla";"Reta";"Não";2;0;1;0;1;0;1;2;-22,78492;-42,986286;"SPRF-RJ";"DEL02-RJ";"DEL5/2-UOP04/RJ"
149706;2018-07-29;"domingo";"18:00:00";"RJ";495;25;"PETROPOLIS";"Condutor Dormindo";"Colisão frontal";"Com Vítimas Feridas";"Plena Noite";"Decrescente";"Nublado";"Simples";"Curva";"Sim";3;0;1;0;2;0;1;2;-22,40376798;-43,10389616;"SPRF-RJ";"DEL06-RJ";"UOP02-DEL05-RJ"
149708;2018-07-29;"domingo";"17:20:00";"PA";316;106,7;"SANTA MARIA DO PARA";"Não guardar distância de segurança";"Colisão traseira";"Com Vítimas Feridas";"Pleno dia";"Decrescente";"Nublado";"Simples";"Reta";"Sim";4;0;4;0;0;0;4;1;-1,33247105;-47,53403842;"SPRF-PA";"DEL01-PA";"UOP02-DEL01-PA"
149710;2018-02-03;"sábado";"10:00:00";"PE";232;103,4;"BEZERROS";"Avarias e/ou desgaste excessivo no pneu";"Tombamento";"Com Vítimas Feridas";"Pleno dia";"Decrescente";"Céu Claro";"Dupla";"Reta";"Não";2;0;0;2;0;0;2;1;-8,254522;-35,771376;"SPRF-PE";"DEL02-PE";"UOP03-DEL02-PE"
149711;2018-07-29;"domingo";"18:30:00";"PB";230;64,3;"CRUZ DO ESPIRITO SANTO";"Falta de Atenção à Condução";"Queda de ocupante de veículo";"Com Vítimas Feridas";"Plena Noite";"Decrescente";"Céu Claro";"Dupla";"Reta";"Não";1;0;1;0;0;0;1;1;-7,1944;-35,1754;"SPRF-PB";"DEL01-PB";"UOP03-DEL01-PB"
149712;2018-07-29;"domingo";"18:00:00";"ES";262;118;"CONCEICAO DO CASTELO";"Falta de Atenção à Condução";"Colisão frontal";"Com Vítimas Feridas";"Plena Noite";"Crescente";"Céu Claro";"Simples";"Curva";"Não";2;0;0;1;1;0;1;2;-20,3081;-41,2407;"SPRF-ES";"DEL01-ES";"UOP02-DEL01-ES"
149714;2018-07-29;"domingo";"18:15:00";"MG";40;634,4;"CONSELHEIRO LAFAIETE";"Falta de Atenção à Condução";"Colisão frontal";"Com Vítimas Feridas";"Plena Noite";"Crescente";"Céu Claro";"Simples";"Reta";"Não";3;0;0;3;0;0;3;2;-20,69522438;-43,78994823;"SPRF-MG";"DEL05-MG";"UOP02-DEL05-MG"
149715;2018-07-29;"domingo";"18:00:00";"PI";343;264;"CAMPO MAIOR";"Desobediência às normas de trânsito pelo condutor";"Colisão transversal";"Com Vítimas Feridas";"Anoitecer";"Crescente";"Céu Claro";"Simples";"Reta";"Sim";2;0;1;0;1;0;1;2;-4,827662;-42,162594;"SPRF-PI";"DEL01-PI";"UOP03-DEL01-PI"
149716;2018-07-29;"domingo";"15:50:00";"SC";282;396,3;"JOACABA";"Não guardar distância de segurança";"Colisão traseira";"Com Vítimas Feridas";"Pleno dia";"Decrescente";"Céu Claro";"Simples";"Reta";"Não";6;0;3;0;3;0;3;3;-27,1565768;-51,59821272;"SPRF-SC";"DEL07-SC";"UOP05-DEL07-SC"
149718;2018-07-29;"domingo";"18:20:00";"SC";470;59,6;"BLUMENAU";"Ingestão de Álcool";"Colisão traseira";"Com Vítimas Feridas";"Anoitecer";"Decrescente";"Céu Claro";"Simples";"Reta";"Sim";3;0;1;0;1;1;1;2;-26,88353596;-49,14447159;"SPRF-SC";"DEL04-SC";"UOP01-DEL04-SC"
149719;2018-07-29;"domingo";"13:15:00";"SC";280;149;"MAFRA";"Ultrapassagem Indevida";"Colisão frontal";"Com Vítimas Fatais";"Pleno dia";"Decrescente";"Sol";"Simples";"Curva";"Não";8;2;2;3;0;1;5;3;-26,23856;-49,680511;"SPRF-SC";"DEL06-SC";"UOP03-DEL06-SC"
149722;2018-07-29;"domingo";"18:50:00";"RJ";101;76;"CAMPOS DOS GOYTACAZES";"Ingestão de Álcool";"Queda de ocupante de veículo";"Com Vítimas Feridas";"Plena Noite";"Decrescente";"Céu Claro";"Simples";"Reta";"Sim";1;0;1;0;0;0;1;1;-21,83010991;-41,41049623;"SPRF-RJ";"DEL08-RJ";"UOP02-DEL08-RJ"
149723;2018-07-29;"domingo";"19:00:00";"PR";277;586,3;"SANTA TEREZA DO OESTE";"Desobediência às normas de trânsito pelo condutor";"Colisão transversal";"Com Vítimas Feridas";"Plena Noite";"Decrescente";"Céu Claro";"Simples";"Interseção de Vias";"Sim";2;0;2;0;0;0;2;2;-25,02817;-53,55983;"SPRF-PR";"DEL04-PR";"UOP01-DEL04-PR"
149724;2018-07-29;"domingo";"19:05:00";"SC";101;203;"SAO JOSE";"Falta de Atenção à Condução";"Colisão transversal";"Sem Vítimas";"Plena Noite";"Crescente";"Céu Claro";"Múltipla";"Interseção de Vias;Viaduto;Rotatória";"Sim";2;0;0;0;2;0;0;2;-27,56585119;-48,61467361;"SPRF-SC";"DEL01-SC";"UOP01-DEL01-SC"
149726;2018-07-29;"domingo";"18:45:00";"SE";235;91,9;"FREI PAULO";"Ingestão de Álcool";"Colisão frontal";"Com Vítimas Feridas";"Plena Noite";"Crescente";"Céu Claro";"Simples";"Declive;Reta";"Não";3;0;2;1;0;0;3;2;-10,496448;-37,655396;"SPRF-SE";"DEL01-SE";"UOP02-DEL01-SE"
149727;2018-07-29;"domingo";"16:45:00";"MG";381;934,3;"EXTREMA";"Falta de Atenção à Condução";"Colisão lateral";"Com Vítimas Feridas";"Anoitecer";"Crescente";"Nublado";"Dupla";"Reta";"Não";4;0;1;0;2;1;1;3;-22,8083;-46,266;"SPRF-MG";"DEL16-MG";"UOP03-DEL16-MG"
149730;2018-07-29;"domingo";"19:30:00";"BA";135;171,9;"BARREIRAS";"Restrição de Visibilidade";"Colisão traseira";"Com Vítimas Fatais";"Plena Noite";"Crescente";"Céu Claro";"Simples";"Reta";"Não";2;1;0;0;1;0;0;2;-12,10898404;-44,98369217;"SPRF-BA";"DEL10-BA";"UOP01-DEL10-BA"
149731;2018-07-29;"domingo";"19:00:00";"RJ";393;285,9;"VOLTA REDONDA";"Falta de Atenção à Condução";"Colisão transversal";"Com Vítimas Feridas";"Plena Noite";"Decrescente";"Céu Claro";"Simples";"Interseção de Vias";"Sim";6;0;3;0;1;2;3;3;-22,50640193;-44,07695532;"SPRF-RJ";"DEL05-RJ";"UOP04-DEL05-RJ"
149732;2018-07-29;"domingo";"19:00:00";"MG";40;490,7;"ESMERALDAS";"Falta de Atenção à Condução";"Colisão traseira";"Com Vítimas Feridas";"Plena Noite";"Crescente";"Céu Claro";"Dupla";"Reta";"Sim";2;0;1;0;1;0;1;2;-19,6331;-44,2047;"SPRF-MG";"DEL02-MG";"UOP01-DEL02-MG"
149734;2018-07-29;"domingo";"19:40:00";"PR";376;13;"MARINGA";"Mal Súbito";"Tombamento";"Com Vítimas Feridas";"Anoitecer";"Decrescente";"Céu Claro";"Dupla";"Curva";"Não";1;0;0;1;0;0;1;1;-23,4159226;-51,8807654;"SPRF-PR";"DEL07-PR";"UOP01-DEL09-PR"
149735;2018-07-29;"domingo";"19:45:00";"SC";101;224;"PALHOCA";"Falta de Atenção à Condução";"Colisão traseira";"Com Vítimas Feridas";"Plena Noite";"Decrescente";"Nublado";"Dupla";"Reta";"Não";3;0;1;0;2;0;1;2;-27,7336;-48,6407;"SPRF-SC";"DEL01-SC";"UOP02-DEL01-SC"
149737;2018-07-29;"domingo";"19:00:00";"MS";163;726;"COXIM";"Não guardar distância de segurança";"Colisão traseira";"Com Vítimas Feridas";"Plena Noite";"Crescente";"Céu Claro";"Simples";"Reta";"Sim";4;0;1;0;3;0;1;2;-18,51330739;-54,7366333;"SPRF-MS";"DEL06-MS";"UOP01-DEL06-MS"
149738;2018-07-29;"domingo";"19:20:00";"PR";116;122,2;"CURITIBA";"Velocidade Incompatível";"Colisão traseira";"Sem Vítimas";"Plena Noite";"Decrescente";"Nublado";"Dupla";"Reta";"Sim";2;0;0;0;2;0;0;2;-25,60302461;-49,31791998;"SPRF-PR";"DEL01-PR";"UOP03-DEL01-PR"
149739;2018-07-29;"domingo";"19:45:00";"PA";316;7,7;"ANANINDEUA";"Falta de Atenção à Condução";"Colisão com objeto em movimento";"Com Vítimas Feridas";"Plena Noite";"Decrescente";"Céu Claro";"Múltipla";"Curva";"Sim";5;0;1;0;2;2;1;5;-1,3683198;-48,37808635;"SPRF-PA";"DEL01-PA";"DEL19/1-UOP05/PA"
149740;2018-07-29;"domingo";"17:14:00";"MG";381;585;"CARMOPOLIS DE MINAS";"Falta de Atenção à Condução";"Queda de ocupante de veículo";"Com Vítimas Feridas";"Pleno dia";"Crescente";"Céu Claro";"Dupla";"Curva";"Não";1;0;1;0;0;0;1;1;-20,5219;-44,6269;"SPRF-MG";"DEL04-MG";"UOP01-DEL04-MG"
149741;2018-07-29;"domingo";"19:40:00";"SE";235;34,5;"AREIA BRANCA";"Ingestão de Álcool";"Colisão frontal";"Sem Vítimas";"Plena Noite";"Crescente";"Céu Claro";"Simples";"Reta";"Sim";3;0;0;0;3;0;0;2;-10,76060862;-37,31754184;"SPRF-SE";"DEL01-SE";"UOP02-DEL01-SE"
149742;2018-07-29;"domingo";"16:30:00";"SC";282;40,5;"AGUAS MORNAS";"Falta de Atenção à Condução";"Colisão transversal";"Com Vítimas Feridas";"Pleno dia";"Crescente";"Nublado";"Simples";"Curva";"Sim";5;0;2;0;3;0;2;3;-27,71516075;-48,87467623;"SPRF-SC";"DEL01-SC";"UOP03-DEL01-SC"
149743;2018-07-29;"domingo";"15:57:00";"RJ";101;295;"ITABORAI";"Falta de Atenção à Condução";"Colisão traseira";"Com Vítimas Feridas";"Pleno dia";"Decrescente";"Céu Claro";"Dupla";"Reta";"Sim";2;0;1;0;1;0;1;2;-22,763668;-42,90226;"SPRF-RJ";"DEL02-RJ";"DEL5/2-UOP04/RJ"
149744;2018-07-29;"domingo";"16:15:00";"MG";116;500,9;"INHAPIM";"Falta de Atenção à Condução";"Colisão transversal";"Com Vítimas Fatais";"Pleno dia";"Crescente";"Céu Claro";"Simples";"Curva";"Sim";3;1;0;0;2;0;0;2;-19,55435;-42,12456;"SPRF-MG";"DEL06-MG";"UOP02-DEL06-MG"
149746;2018-07-29;"domingo";"20:00:00";"GO";50;271,5;"CATALAO";"Ingestão de álcool e/ou substâncias psicoativas pelo pedestre";"Queda de ocupante de veículo";"Com Vítimas Feridas";"Plena Noite";"Decrescente";"Céu Claro";"Simples";"Reta";"Não";2;0;0;2;0;0;2;1;-18,1158;-47,8936;"SPRF-GO";"DEL06-GO";"UOP01-DEL06-GO"
149747;2018-07-29;"domingo";"19:10:00";"MG";116;517,3;"UBAPORANGA";"Ingestão de Álcool";"Atropelamento de Pedestre";"Com Vítimas Fatais";"Plena Noite";"Crescente";"Nublado";"Simples";"Curva";"Não";2;2;0;0;0;0;0;2;-19,64212;-42,10656;"SPRF-MG";"DEL06-MG";"UOP02-DEL06-MG"
149749;2018-07-29;"domingo";"20:00:00";"RS";290;106,9;"ELDORADO DO SUL";"Falta de Atenção à Condução";"Colisão traseira";"Com Vítimas Feridas";"Plena Noite";"Decrescente";"Nublado";"Dupla";"Viaduto";"Sim";4;0;2;0;2;0;2;1;-30,00203379;-51,30431771;"SPRF-RS";"DEL02-RS";"UOP01-DEL02-RS"
149750;2018-07-29;"domingo";"20:30:00";"MS";262;365;"TERENOS";"Falta de Atenção à Condução";"Colisão transversal";"Com Vítimas Feridas";"Plena Noite";"Crescente";"Céu Claro";"Simples";"Reta";"Sim";2;0;1;0;0;1;1;2;-20,4896577;-54,74199772;"SPRF-MS";"DEL01-MS";"UOP03-DEL01-MS"
149751;2018-07-29;"domingo";"19:55:00";"SC";282;527,8;"CORDILHEIRA ALTA";"Ingestão de álcool e/ou substâncias psicoativas pelo pedestre";"Saída de leito carroçável";"Sem Vítimas";"Plena Noite";"Decrescente";"Céu Claro";"Simples";"Curva";"Não";1;0;0;0;0;1;0;1;-26,98633564;-52,59527028;"SPRF-SC";"DEL07-SC";"UOP01-DEL07-SC"
149753;2018-07-29;"domingo";"21:30:00";"RS";116;238,8;"NOVO HAMBURGO";"Desobediência às normas de trânsito pelo condutor";"Colisão transversal";"Com Vítimas Feridas";"Plena Noite";"Decrescente";"Nublado";"Múltipla";"Declive;Interseção de Vias";"Sim";3;0;1;0;1;1;1;3;-29,68742;-51,141979;"SPRF-RS";"DEL01-RS";"UOP02-DEL01-RS"
149754;2018-07-29;"domingo";"21:50:00";"DF";80;16,5;"BRASILIA";"Falta de Atenção à Condução";"Colisão frontal";"Com Vítimas Feridas";"Plena Noite";"Decrescente";"Céu Claro";"Simples";"Reta";"Não";2;0;1;0;1;0;1;2;-15,684259;-48,205139;"SPRF-DF";"DEL01-DF";"UOP02-DEL03-DF"
149755;2018-07-29;"domingo";"21:58:00";"PA";163;1001;"SANTAREM";"Ingestão de Álcool";"Colisão traseira";"Com Vítimas Feridas";"Plena Noite";"Decrescente";"Céu Claro";"Simples";"Reta";"Sim";4;0;1;1;2;0;2;2;-2,45292443;-54,72930014;"SPRF-PA";"DEL05-PA";"UOP01-DEL05-PA"
149756;2018-07-29;"domingo";"21:32:00";"PR";373;266;"PRUDENTOPOLIS";"Desobediência às normas de trânsito pelo condutor";"Saída de leito carroçável";"Sem Vítimas";"Plena Noite";"Decrescente";"Céu Claro";"Simples";"Reta";"Sim";2;0;0;0;2;0;0;1;-25,202222;-50,981598;"SPRF-PR";"DEL03-PR";"UOP01-DEL03-PR"
149757;2018-07-29;"domingo";"21:45:00";"MG";40;513;"RIBEIRAO DAS NEVES";"Velocidade Incompatível";"Saída de leito carroçável";"Com Vítimas Fatais";"Plena Noite";"Crescente";"Céu Claro";"Dupla";"Curva";"Sim";3;1;1;1;0;0;2;1;-19,8048;-44,0972;"SPRF-MG";"DEL01-MG";"UOP03-DEL01-MG"
149758;2018-07-29;"domingo";"21:50:00";"MG";40;614;"CONGONHAS";"Falta de Atenção à Condução";"Colisão frontal";"Com Vítimas Feridas";"Plena Noite";"Crescente";"Céu Claro";"Simples";"Curva";"Sim";6;0;1;5;0;0;6;2;-20,539;-43,8208;"SPRF-MG";"DEL05-MG";"UOP02-DEL05-MG"
149759;2018-07-29;"domingo";"20:38:00";"ES";101;301,5;"VIANA";"Ingestão de Álcool";"Colisão traseira";"Com Vítimas Feridas";"Plena Noite";"Decrescente";"Céu Claro";"Múltipla";"Rotatória";"Sim";2;0;0;1;1;0;1;2;-20,36530432;-40,44347405;"SPRF-ES";"DEL01-ES";"UOP01-DEL01-ES"
149761;2018-07-29;"domingo";"22:45:00";"SC";116;283,5;"CAPAO ALTO";"Falta de Atenção à Condução";"Colisão transversal";"Com Vítimas Feridas";"Plena Noite";"Decrescente";"Céu Claro";"Simples";"Reta;Interseção de Vias";"Não";2;0;2;0;0;0;2;2;-28,0682267;-50,5767256;"SPRF-SC";"DEL05-SC";"UOP02-DEL05-SC"
149762;2018-07-29;"domingo";"20:10:00";"MA";10;287,5;"IMPERATRIZ";"Objeto estático sobre o leito carroçável";"Capotamento";"Com Vítimas Feridas";"Plena Noite";"Decrescente";"Céu Claro";"Simples";"Reta";"Não";6;0;5;0;1;0;5;1;-5,224538;-47,513737;"SPRF-MA";"DEL04-MA";"UOP01-DEL04-MA"
149763;2018-07-29;"domingo";"19:58:00";"RO";435;87;"COLORADO DO OESTE";"Ingestão de Álcool";"Colisão traseira";"Com Vítimas Feridas";"Plena Noite";"Decrescente";"Céu Claro";"Simples";"Reta";"Sim";2;0;2;0;0;0;2;1;-13,126949;-60,544136;"SPRF-RO";"DEL04-RO";"UOP02-DEL04-RO"
149764;2018-07-29;"domingo";"23:00:00";"SC";101;113;"ITAJAI";"Ingestão de Álcool";"Queda de ocupante de veículo";"Sem Vítimas";"Plena Noite";"Crescente";"Nublado";"Múltipla";"Reta";"Não";2;0;0;0;1;1;0;2;-26,8622;-48,7286;"SPRF-SC";"DEL04-SC";"UOP04-DEL04-SC"
149765;2018-07-29;"domingo";"22:15:00";"BA";101;492;"ITAJUIPE";"Ingestão de Álcool";"Colisão lateral";"Com Vítimas Feridas";"Plena Noite";"Crescente";"Nublado";"Simples";"Reta";"Não";2;0;1;0;1;0;1;2;-14,7011;-39,3641;"SPRF-BA";"DEL05-BA";"UOP01-DEL05-BA"
149766;2018-07-29;"domingo";"21:30:00";"SC";158;109,4;"CUNHA PORA";"Falta de Atenção à Condução";"Saída de leito carroçável";"Com Vítimas Feridas";"Plena Noite";"Crescente";"Céu Claro";"Simples";"Rotatória";"Sim";1;0;1;0;0;0;1;1;-26,88810523;-53,17766536;"SPRF-SC";"DEL07-SC";"UOP02-DEL07-SC"
149767;2018-07-29;"domingo";"21:55:00";"SP";116;59,9;"GUARATINGUETA";"Velocidade Incompatível";"Saída de leito carroçável";"Com Vítimas Feridas";"Plena Noite";"Decrescente";"Céu Claro";"Dupla";"Reta";"Sim";2;0;1;1;0;0;2;1;-22,79048494;-45,16002059;"SPRF-SP";"DEL08-SP";"UOP01-DEL08-SP"
149768;2018-07-29;"domingo";"22:57:00";"MG";262;367;"JUATUBA";"Falta de Atenção à Condução";"Queda de ocupante de veículo";"Com Vítimas Feridas";"Plena Noite";"Crescente";"Céu Claro";"Dupla";"Reta";"Não";1;0;1;0;0;0;1;1;-19,9619;-44,3358;"SPRF-MG";"DEL01-MG";"UOP03-DEL01-MG"
149769;2018-07-30;"segunda-feira";"00:01:00";"CE";222;2,7;"FORTALEZA";"Condutor Dormindo";"Colisão traseira";"Com Vítimas Feridas";"Plena Noite";"Crescente";"Céu Claro";"Múltipla";"Reta";"Sim";2;0;1;0;1;0;1;2;-3,73956018;-38,59033585;"SPRF-CE";"DEL01-CE";"UOP01-DEL01-CE"
149770;2018-07-29;"domingo";"23:00:00";"SP";381;37;"ATIBAIA";"Animais na Pista";"Colisão com objeto estático";"Com Vítimas Feridas";"Plena Noite";"Crescente";"Céu Claro";"Dupla";"Reta";"Sim";3;0;1;0;2;0;1;1;-23,105062;-46,568817;"SPRF-SP";"DEL03-SP";"UOP01-DEL03-SP"