"id";"data_inversa";"dia_semana";"horario";"uf";"br";"km";"municipio";"causa_acidente";"tipo_acidente";"classificacao_acidente";"fase_dia";"sentido_via";"condicao_metereologica";"tipo_pista";"tracado_via";"uso_solo";"pessoas";"mortos";"feridos_leves";"feridos_graves";"ilesos";"ignorados";"feridos";"veiculos";"latitude";"longitude";"regional";"delegacia";"uop"
149771;2018-07-29;"domingo";"20:45:00";"MG";381;886,2;"CAMBUI";"Defeito Mecânico no Veículo";"Incêndio";"Sem Vítimas";"Plena Noite";"Crescente";"Céu Claro";"Dupla";"Reta";"Não";1;0;0;0;1;0;0;1;-22,5168;-46,0215;"SPRF-MG";"DEL16-MG";"UOP01-DEL16-MG"
149772;2018-07-29;"domingo";"22:00:00";"PB";361;77;"PIANCO";"Animais na Pista";"Atropelamento de Animal";"Sem Vítimas";"Plena Noite";"Crescente";"Céu Claro";"Simples";"Reta";"Não";1;0;0;0;1;0;0;1;-7,18941689;-37,89410949;"SPRF-PB";"DEL03-PB";"UOP01-DEL03-PB"
149775;2018-07-29;"domingo";"19:30:00";"SC";280;29;"ARAQUARI";"Ingestão de Álcool";"Colisão frontal";"Com Vítimas Fatais";"Plena Noite";"Crescente";"Garoa/Chuvisco";"Simples";"Reta";"Não";2;1;0;0;1;0;0;2;-26,410728;-48,75304;"SPRF-SC";"DEL03-SC";"UOP03-DEL03-SC"
149776;2018-07-30;"segunda-feira";"01:20:00";"PA";316;14;"MARITUBA";"Desobediência às normas de trânsito pelo condutor";"Colisão transversal";"Com Vítimas Feridas";"Plena Noite";"Decrescente";"Céu Claro";"Dupla";"Reta";"Sim";2;0;1;0;1;0;1;2;-1,365636;-48,358788;"SPRF-PA";"DEL01-PA";"DEL19/1-UOP05/PA"
149777;2018-07-29;"domingo";"16:08:00";"RO";435;37,8;"VILHENA";"Ingestão de Álcool";"Saída de leito carroçável";"Com Vítimas Feridas";"Pleno dia";"Crescente";"Céu Claro";"Simples";"Reta;Aclive";"Não";5;0;3;1;0;1;4;2;-12,86212;-60,37249;"SPRF-RO";"DEL04-RO";"UOP02-DEL04-RO"
149778;2018-07-29;"domingo";"19:30:00";"SC";280;15;"SAO FRANCISCO DO SUL";"Ingestão de Álcool";"Colisão frontal";"Com Vítimas Feridas";"Plena Noite";"Decrescente";"Chuva";"Simples";"Reta";"Não";2;0;1;0;1;0;1;2;-26,33680211;-48,65425137;"SPRF-SC";"DEL03-SC";"UOP03-DEL03-SC"
149780;2018-07-30;"segunda-feira";"02:00:00";"MT";364;279;"JACIARA";"Falta de Atenção à Condução";"Queda de ocupante de veículo";"Com Vítimas Feridas";"Plena Noite";"Crescente";"Céu Claro";"Dupla";"Reta";"Não";1;0;1;0;0;0;1;1;-15,942506;-55,014496;"SPRF-MT";"DEL02-MT";"UOP02-DEL05-MT"
149781;2018-07-30;"segunda-feira";"02:45:00";"SC";470;64,4;"INDAIAL";"Sinalização da via insuficiente ou inadequada";"Colisão com objeto estático";"Com Vítimas Fatais";"Plena Noite";"Crescente";"Céu Claro";"Simples";"Aclive;Curva;Interseção de Vias";"Não";1;1;0;0;0;0;0;1;-26,87318863;-49,19092476;"SPRF-SC";"DEL04-SC";"UOP01-DEL04-SC"
149782;2018-07-29;"domingo";"20:10:00";"SE";101;105;"SAO CRISTOVAO";"Ingestão de Álcool";"Colisão com objeto estático";"Sem Vítimas";"Plena Noite";"Crescente";"Céu Claro";"Dupla";"Desvio Temporário;Reta";"Sim";2;0;0;0;2;0;0;2;-10,9586;-37,2485;"SPRF-SE";"DEL02-SE";"UOP01-DEL02-SE"
149783;2018-07-30;"segunda-feira";"03:00:00";"PR";277;454;"LARANJEIRAS DO SUL";"Ingestão de Álcool";"Saída de leito carroçável";"Sem Vítimas";"Plena Noite";"Crescente";"Céu Claro";"Simples";"Interseção de Vias";"Sim";1;0;0;0;1;0;0;1;-25,38579986;-52,41080403;"SPRF-PR";"DEL04-PR";"UOP02-DEL04-PR"
149785;2018-07-30;"segunda-feira";"04:45:00";"ES";101;323,9;"GUARAPARI";"Defeito Mecânico no Veículo";"Incêndio";"Sem Vítimas";"Amanhecer";"Decrescente";"Céu Claro";"Simples";"Reta";"Não";1;0;0;0;1;0;0;1;-20,53797086;-40,48238754;"SPRF-ES";"DEL03-ES";"UOP01-DEL03-ES"
149786;2018-07-30;"segunda-feira";"05:00:00";"RO";364;306,8;"PRESIDENTE MEDICI";"Animais na Pista";"Atropelamento de Animal";"Com Vítimas Feridas";"Amanhecer";"Decrescente";"Céu Claro";"Simples";"Reta";"Sim";2;0;2;0;0;0;2;1;-11,17877728;-61,9016397;"SPRF-RO";"DEL02-RO";"UOP01-DEL02-RO"
149787;2018-07-30;"segunda-feira";"06:04:00";"BA";330;728,6;"JEQUIE";"Restrição de Visibilidade";"Colisão frontal";"Com Vítimas Fatais";"Amanhecer";"Decrescente";"Céu Claro";"Simples";"Curva";"Não";2;1;0;0;1;0;0;2;-13,88707222;-40,03019444;"SPRF-BA";"DEL03-BA";"UOP01-DEL03-BA"
149788;2018-07-30;"segunda-feira";"01:30:00";"MG";381;482;"CONTAGEM";"Velocidade Incompatível";"Colisão com objeto estático";"Sem Vítimas";"Plena Noite";"Crescente";"Nevoeiro/Neblina";"Dupla";"Aclive";"Sim";1;0;0;0;0;1;0;1;-19,9578;-44,0795;"SPRF-MG";"DEL01-MG";"UOP03-DEL01-MG"
149789;2018-07-30;"segunda-feira";"06:30:00";"SC";470;40,7;"GASPAR";"Falta de Atenção à Condução";"Colisão lateral";"Com Vítimas Feridas";"Amanhecer";"Crescente";"Céu Claro";"Simples";"Em Obras;Reta";"Não";4;0;1;0;3;0;1;4;-26,89848228;-48,98573846;"SPRF-SC";"DEL04-SC";"UOP01-DEL04-SC"
149790;2018-07-30;"segunda-feira";"06:35:00";"ES";101;66,1;"SAO MATEUS";"Falta de Atenção à Condução";"Colisão lateral";"Com Vítimas Feridas";"Amanhecer";"Crescente";"Céu Claro";"Dupla";"Reta";"Sim";3;0;2;0;1;0;2;2;-18,71691751;-39,87403572;"SPRF-ES";"DEL04-ES";"UOP02-DEL04-ES"
149792;2018-07-30;"segunda-feira";"07:16:00";"MG";381;481;"CONTAGEM";"Mal Súbito";"Colisão traseira";"Com Vítimas Feridas";"Pleno dia";"Crescente";"Céu Claro";"Dupla";"Reta";"Sim";4;0;1;2;1;0;3;2;-19,959;-44,0704;"SPRF-MG";"DEL01-MG";"UOP03-DEL01-MG"
149793;2018-07-30;"segunda-feira";"07:05:00";"BA";116;409,2;"FEIRA DE SANTANA";"Não guardar distância de segurança";"Colisão traseira";"Com Vítimas Feridas";"Pleno dia";"Crescente";"Céu Claro";"Simples";"Reta";"Não";1;0;1;0;0;0;1;1;-12,11287865;-38,96865606;"SPRF-BA";"DEL02-BA";"UOP01-DEL02-BA"
149794;2018-07-30;"segunda-feira";"06:15:00";"RS";116;408,5;"CAMAQUA";"Desobediência às normas de trânsito pelo condutor";"Colisão transversal";"Com Vítimas Feridas";"Amanhecer";"Decrescente";"Céu Claro";"Simples";"Interseção de Vias";"Não";2;0;0;1;1;0;1;2;-30,9122033;-51,88218355;"SPRF-RS";"DEL02-RS";"UOP03-DEL02-RS"
149796;2018-07-30;"segunda-feira";"06:50:00";"PR";116;125;"FAZENDA RIO GRANDE";"Não guardar distância de segurança";"Colisão lateral";"Com Vítimas Feridas";"Pleno dia";"Decrescente";"Nublado";"Dupla";"Reta";"Sim";2;0;1;0;1;0;1;2;-25,621508;-49,316216;"SPRF-PR";"DEL01-PR";"UOP03-DEL01-PR"
149797;2018-07-30;"segunda-feira";"07:10:00";"RS";158;333,9;"SANTA MARIA";"Falta de Atenção à Condução";"Colisão frontal";"Com Vítimas Feridas";"Pleno dia";"Crescente";"Céu Claro";"Simples";"Interseção de Vias";"Sim";3;0;2;0;1;0;2;2;-29,70760358;-53,87385786;"SPRF-RS";"DEL09-RS";"UOP01-DEL09-RS"
149799;2018-07-30;"segunda-feira";"07:30:00";"RN";101;141,4;"ARES";"Falta de Atenção à Condução";"Queda de ocupante de veículo";"Com Vítimas Feridas";"Pleno dia";"Decrescente";"Céu Claro";"Dupla";"Reta";"Não";1;0;0;1;0;0;1;1;-6,219004;-35,21578;"SPRF-RN";"DEL01-RN";"UOP01-DEL01-RN"
149800;2018-07-30;"segunda-feira";"07:40:00";"PR";376;159;"MANDAGUACU";"Falta de Atenção à Condução";"Saída de leito carroçável";"Com Vítimas Feridas";"Pleno dia";"Crescente";"Sol";"Dupla";"Reta";"Não";1;0;1;0;0;0;1;1;-23,35925218;-52,08769977;"SPRF-PR";"DEL07-PR";"UOP01-DEL09-PR"
149801;2018-07-30;"segunda-feira";"07:40:00";"SE";101;92,2;"NOSSA SENHORA DO SOCORRO";"Desobediência às normas de trânsito pelo condutor";"Colisão transversal";"Com Vítimas Feridas";"Pleno dia";"Crescente";"Nublado";"Dupla";"Curva";"Não";2;0;2;0;0;0;2;2;-10,9020561;-37,14495778;"SPRF-SE";"DEL01-SE";"UOP01-DEL01-SE"
149802;2018-07-30;"segunda-feira";"08:10:00";"ES";101;270,5;"SERRA";"Não guardar distância de segurança";"Queda de ocupante de veículo";"Com Vítimas Feridas";"Pleno dia";"Crescente";"Céu Claro";"Dupla";"Interseção de Vias";"Sim";2;0;0;1;1;0;1;2;-20,230706;-40,2733401;"SPRF-ES";"DEL02-ES";"UOP01-DEL02-ES"
149804;2018-07-30;"segunda-feira";"06:30:00";"SP";116;223;"GUARULHOS";"Não guardar distância de segurança";"Colisão lateral";"Com Vítimas Feridas";"Pleno dia";"Decrescente";"Céu Claro";"Múltipla";"Reta";"Sim";3;0;1;0;2;0;1;3;-23,48099352;-46,53317574;"SPRF-SP";"DEL01-SP";"UOP01-DEL01-SP"
149805;2018-07-30;"segunda-feira";"07:38:00";"AP";210;4;"MACAPA";"Falta de Atenção à Condução";"Colisão lateral";"Com Vítimas Feridas";"Pleno dia";"Decrescente";"Céu Claro";"Simples";"Reta";"Sim";3;0;0;1;1;1;1;3;0,088253;-51,094837;"SPRF-AP";"DEL01-AP";"UOP01-DEL01-AP"
149806;2018-07-30;"segunda-feira";"08:00:00";"SC";101;214,5;"PALHOCA";"Desobediência às normas de trânsito pelo condutor";"Queda de ocupante de veículo";"Com Vítimas Feridas";"Pleno dia";"Decrescente";"Céu Claro";"Dupla";"Reta";"Sim";3;0;1;0;2;0;1;3;-27,652;-48,676;"SPRF-SC";"DEL01-SC";"UOP02-DEL01-SC"
149807;2018-07-30;"segunda-feira";"07:00:00";"CE";116;40,3;"HORIZONTE";"Não guardar distância de segurança";"Colisão traseira";"Sem Vítimas";"Pleno dia";"Decrescente";"Sol";"Dupla";"Aclive";"Sim";3;0;0;0;2;1;0;3;-4,09959999;-38,50214481;"SPRF-CE";"DEL01-CE";"UOP02-DEL01-CE"
149808;2018-07-30;"segunda-feira";"08:15:00";"PR";277;32,5;"MORRETES";"Falta de Atenção à Condução";"Saída de leito carroçável";"Com Vítimas Feridas";"Pleno dia";"Decrescente";"Garoa/Chuvisco";"Dupla";"Curva;Declive";"Não";1;0;1;0;0;0;1;1;-25,56334902;-48,81326437;"SPRF-PR";"DEL01-PR";"UOP05-DEL01-PR"
149809;2018-07-30;"segunda-feira";"08:15:00";"SC";101;336,5;"TUBARAO";"Falta de Atenção à Condução";"Colisão transversal";"Com Vítimas Feridas";"Pleno dia";"Decrescente";"Céu Claro";"Múltipla";"Rotatória";"Sim";2;0;1;0;1;0;1;2;-28,4791;-49,0338;"SPRF-SC";"DEL02-SC";"UOP01-DEL02-SC"
149811;2018-07-30;"segunda-feira";"03:20:00";"RJ";116;248;"PIRAI";"Condutor Dormindo";"Capotamento";"Sem Vítimas";"Plena Noite";"Crescente";"Céu Claro";"Dupla";"Reta";"Não";1;0;0;0;1;0;0;1;-22,624538;-43,917652;"SPRF-RJ";"DEL07-RJ";"UOP01-DEL07-RJ"
149812;2018-07-30;"segunda-feira";"07:55:00";"SC";101;209,7;"SAO JOSE";"Não guardar distância de segurança";"Colisão traseira";"Com Vítimas Feridas";"Pleno dia";"Decrescente";"Céu Claro";"Dupla";"Reta";"Sim";2;0;1;0;1;0;1;2;-27,6176;-48,6463;"SPRF-SC";"DEL01-SC";"UOP01-DEL01-SC"
149813;2018-07-30;"segunda-feira";"08:55:00";"SC";470;27;"GASPAR";"Falta de Atenção à Condução";"Colisão lateral";"Com Vítimas Feridas";"Pleno dia";"Crescente";"Nublado";"Simples";"Reta";"Não";2;0;1;0;1;0;1;2;-26,891006;-48,884411;"SPRF-SC";"DEL04-SC";"UOP04-DEL04-SC"
149816;2018-07-30;"segunda-feira";"09:15:00";"PR";376;496,6;"PONTA GROSSA";"Velocidade Incompatível";"Saída de leito carroçável";"Com Vítimas Feridas";"Pleno dia";"Crescente";"Céu Claro";"Dupla";"Reta";"Não";2;0;0;1;0;1;1;2;-25,14437167;-50,15425086;"SPRF-PR";"DEL03-PR";"UOP04-DEL03-PR"
149817;2018-07-30;"segunda-feira";"08:30:00";"CE";116;4;"FORTALEZA";"Falta de Atenção à Condução";"Colisão traseira";"Com Vítimas Feridas";"Pleno dia";"Decrescente";"Sol";"Múltipla";"Reta";"Sim";4;0;2;0;2;0;2;3;-3,78980196;-38,50985348;"SPRF-CE";"DEL01-CE";"UOP02-DEL01-CE"
149818;2018-07-30;"segunda-feira";"06:40:00";"CE";20;432,4;"EUSEBIO";"Falta de Atenção à Condução";"Colisão traseira";"Com Vítimas Feridas";"Amanhecer";"Crescente";"Nublado";"Dupla";"Reta";"Sim";3;0;2;0;1;0;2;2;-3,86556056;-38,47392797;"SPRF-CE";"DEL01-CE";"UOP02-DEL01-CE"
149822;2018-07-30;"segunda-feira";"08:20:00";"SC";101;419,2;"ARARANGUA";"Falta de Atenção do Pedestre";"Colisão frontal";"Com Vítimas Feridas";"Pleno dia";"Decrescente";"Céu Claro";"Dupla";"Aclive;Reta";"Sim";3;0;2;0;1;0;2;2;-28,992;-49,5487;"SPRF-SC";"DEL02-SC";"UOP02-DEL02-SC"
149825;2018-07-30;"segunda-feira";"10:15:00";"PR";277;2;"PARANAGUA";"Falta de Atenção à Condução";"Colisão transversal";"Com Vítimas Feridas";"Pleno dia";"Crescente";"Garoa/Chuvisco";"Simples";"Reta";"Sim";2;0;1;0;1;0;1;2;-25,50864258;-48,52935147;"SPRF-PR";"DEL01-PR";"UOP05-DEL01-PR"
149826;2018-07-30;"segunda-feira";"10:10:00";"CE";116;12;"FORTALEZA";"Falta de Atenção à Condução";"Colisão traseira";"Com Vítimas Feridas";"Pleno dia";"Crescente";"Céu Claro";"Múltipla";"Reta";"Sim";5;0;0;1;4;0;1;2;-3,8643;-38,4976;"SPRF-CE";"DEL01-CE";"UOP02-DEL01-CE"
149828;2018-07-30;"segunda-feira";"10:00:00";"RJ";101;271,4;"RIO BONITO";"Agressão Externa";"Tombamento";"Com Vítimas Feridas";"Pleno dia";"Decrescente";"Céu Claro";"Dupla";"Curva";"Sim";1;0;1;0;0;0;1;1;-22,72719621;-42,69528508;"SPRF-RJ";"DEL02-RJ";"UOP03-DEL02-RJ"
149829;2018-07-30;"segunda-feira";"08:15:00";"RO";364;424;"JARU";"Desobediência às normas de trânsito pelo condutor";"Colisão transversal";"Com Vítimas Feridas";"Pleno dia";"Decrescente";"Céu Claro";"Simples";"Interseção de Vias;Em Obras";"Sim";2;0;1;0;1;0;1;2;-10,444572;-62,465683;"SPRF-RO";"DEL03-RO";"UOP02-DEL03-RO"
149830;2018-07-30;"segunda-feira";"09:25:00";"PE";407;129;"PETROLINA";"Desobediência às normas de trânsito pelo condutor";"Colisão lateral";"Com Vítimas Feridas";"Pleno dia";"Decrescente";"Céu Claro";"Simples";"Rotatória";"Sim";2;0;0;1;1;0;1;2;-9,40300037;-40,51483154;"SPRF-PE";"DEL06-PE";"UOP01-DEL06-PE"
149831;2018-07-30;"segunda-feira";"10:25:00";"PE";428;188,4;"PETROLINA";"Desobediência às normas de trânsito pelo condutor";"Colisão transversal";"Com Vítimas Feridas";"Pleno dia";"Crescente";"Céu Claro";"Simples";"Reta";"Sim";2;0;0;1;1;0;1;2;-9,36777277;-40,4839325;"SPRF-PE";"DEL06-PE";"UOP01-DEL06-PE"
149832;2018-07-30;"segunda-feira";"09:20:00";"SC";470;52;"BLUMENAU";"Desobediência às normas de trânsito pelo condutor";"Colisão transversal";"Com Vítimas Feridas";"Pleno dia";"Crescente";"Céu Claro";"Simples";"Reta";"Não";3;0;1;0;2;0;1;3;-26,85976799;-49,07691294;"SPRF-SC";"DEL04-SC";"UOP01-DEL04-SC"
149833;2018-07-30;"segunda-feira";"10:15:00";"PE";232;78;"GRAVATA";"Falta de Atenção à Condução";"Colisão transversal";"Com Vítimas Feridas";"Pleno dia";"Decrescente";"Sol";"Simples";"Interseção de Vias";"Não";2;0;1;0;1;0;1;2;-8,193437;-35,551865;"SPRF-PE";"DEL01-PE";"UOP02-DEL02PE"
149834;2018-07-13;"sexta-feira";"16:30:00";"MT";70;157;"GENERAL CARNEIRO";"Não guardar distância de segurança";"Saída de leito carroçável";"Com Vítimas Feridas";"Pleno dia";"Crescente";"Ignorado";"Simples";"Reta";"Não";4;0;0;1;3;0;1;1;-15,565825;-53,432594;"SPRF-MT";"DEL05-MT";"UOP01-DEL05-MT"
149835;2018-07-30;"segunda-feira";"10:25:00";"ES";101;270;"SERRA";"Falta de Atenção à Condução";"Colisão lateral";"Com Vítimas Feridas";"Pleno dia";"Crescente";"Céu Claro";"Múltipla";"Reta";"Sim";2;0;1;0;0;1;1;2;-20,22988597;-40,27278376;"SPRF-ES";"DEL02-ES";"UOP01-DEL02-ES"
149836;2018-07-30;"segunda-feira";"10:00:00";"MG";381;335;"NOVA ERA";"Velocidade Incompatível";"Saída de leito carroçável";"Com Vítimas Feridas";"Pleno dia";"Decrescente";"Céu Claro";"Simples";"Declive;Curva";"Não";1;0;0;1;0;0;1;1;-19,785139;-43,04428339;"SPRF-MG";"DEL03-MG";"UOP01-DEL03-MG"
149837;2018-07-30;"segunda-feira";"09:50:00";"MG";381;781,9;"CAMPANHA";"Condutor Dormindo";"Capotamento";"Com Vítimas Feridas";"Pleno dia";"Decrescente";"Sol";"Dupla";"Reta";"Não";1;0;1;0;0;0;1;1;-21,8258;-45,496;"SPRF-MG";"DEL16-MG";"UOP02-DEL16-MG"
149838;2018-07-30;"segunda-feira";"11:00:00";"ES";101;143;"LINHARES";"Desobediência às normas de trânsito pelo condutor";"Saída de leito carroçável";"Com Vítimas Feridas";"Pleno dia";"Decrescente";"Céu Claro";"Dupla";"Reta";"Não";1;0;1;0;0;0;1;1;-19,33285033;-40,06851196;"SPRF-ES";"DEL04-ES";"UOP01-DEL04-ES"
149839;2018-07-30;"segunda-feira";"11:00:00";"PR";277;729,5;"FOZ DO IGUACU";"Sinalização da via insuficiente ou inadequada";"Atropelamento de Pedestre";"Com Vítimas Feridas";"Pleno dia";"Crescente";"Nublado";"Dupla";"Reta";"Sim";2;0;1;0;1;0;1;2;-25,507555;-54,583755;"SPRF-PR";"DEL05-PR";"UOP03-DEL05-PR"
149841;2018-07-30;"segunda-feira";"10:55:00";"PR";116;69,9;"QUATRO BARRAS";"Falta de Atenção à Condução";"Colisão traseira";"Com Vítimas Feridas";"Pleno dia";"Crescente";"Céu Claro";"Dupla";"Reta";"Não";3;0;1;1;1;0;2;2;-25,33797543;-49,03722882;"SPRF-PR";"DEL01-PR";"UOP02-DEL01-PR"
149845;2018-07-30;"segunda-feira";"11:45:00";"PR";376;176;"MARINGA";"Falta de Atenção à Condução";"Colisão lateral";"Com Vítimas Feridas";"Pleno dia";"Crescente";"Sol";"Dupla";"Reta";"Sim";2;0;1;0;1;0;1;2;-23,41115363;-51,93936825;"SPRF-PR";"DEL07-PR";"UOP01-DEL09-PR"
149849;2018-07-30;"segunda-feira";"12:10:00";"PE";232;45;"VITORIA DE SANTO ANTAO";"Defeito Mecânico no Veículo";"Saída de leito carroçável";"Com Vítimas Feridas";"Pleno dia";"Crescente";"Céu Claro";"Dupla";"Reta";"Sim";4;0;3;0;1;0;3;1;-8,128181;-35,281677;"SPRF-PE";"DEL01-PE";"UOP02-DEL02PE"
149850;2018-07-30;"segunda-feira";"12:15:00";"GO";60;245;"INDIARA";"Condutor Dormindo";"Saída de leito carroçável";"Com Vítimas Feridas";"Pleno dia";"Decrescente";"Céu Claro";"Dupla";"Reta";"Não";5;0;1;2;2;0;3;1;-17,1066;-49,9187;"SPRF-GO";"DEL01-GO";"UOP02-DEL01-GO"
149851;2018-07-30;"segunda-feira";"11:00:00";"PR";277;506;"GUARANIACU";"Falta de Atenção à Condução";"Saída de leito carroçável";"Com Vítimas Feridas";"Pleno dia";"Crescente";"Sol";"Simples";"Reta";"Não";2;0;1;0;1;0;1;1;-25,121964;-52,770046;"SPRF-PR";"DEL04-PR";"UOP04-DEL04-PR"
149853;2018-07-30;"segunda-feira";"09:35:00";"MS";163;88;"ITAQUIRAI";"Falta de Atenção à Condução";"Saída de leito carroçável";"Com Vítimas Feridas";"Pleno dia";"Crescente";"Céu Claro";"Simples";"Reta";"Não";2;0;1;0;0;1;1;1;-23,382039;-54,211968;"SPRF-MS";"DEL09-MS";"UOP01-DEL09-MS"
149854;2018-07-30;"segunda-feira";"13:00:00";"ES";262;5,9;"CARIACICA";"Falta de Atenção do Pedestre";"Atropelamento de Pedestre";"Com Vítimas Feridas";"Pleno dia";"Crescente";"Céu Claro";"Múltipla";"Reta";"Sim";2;0;1;1;0;0;2;2;-20,34003066;-40,39467072;"SPRF-ES";"DEL01-ES";"UOP01-DEL01-ES"
149858;2018-07-30;"segunda-feira";"11:50:00";"DF";20;5,9;"BRASILIA";"Não guardar distância de segurança";"Colisão lateral";"Com Vítimas Feridas";"Pleno dia";"Crescente";"Sol";"Dupla";"Reta";"Sim";2;0;1;0;1;0;1;2;-15,66653183;-47,80878246;"SPRF-DF";"DEL02-DF";"UOP01-DEL02-DF"
149859;2018-07-30;"segunda-feira";"12:30:00";"MG";116;250;"TEOFILO OTONI";"Defeito Mecânico no Veículo";"Tombamento";"Com Vítimas Feridas";"Pleno dia";"Crescente";"Sol";"Simples";"Curva";"Não";2;0;2;0;0;0;2;1;-17,64369486;-41,49776459;"SPRF-MG";"DEL11-MG";"UOP01-DEL11-MG"
149860;2018-07-30;"segunda-feira";"11:30:00";"RO";364;236,7;"CACOAL";"Falta de Atenção à Condução";"Colisão transversal";"Com Vítimas Feridas";"Pleno dia";"Crescente";"Sol";"Simples";"Reta;Retorno Regulamentado";"Sim";3;0;1;0;2;0;1;2;-11,44414267;-61,44429088;"SPRF-RO";"DEL02-RO";"UOP02-DEL02-RO"
149861;2018-07-30;"segunda-feira";"11:35:00";"MT";163;751;"SORRISO";"Desobediência às normas de trânsito pelo condutor";"Colisão lateral";"Com Vítimas Feridas";"Pleno dia";"Decrescente";"Sol";"Dupla";"Interseção de Vias";"Sim";2;0;1;0;1;0;1;2;-12,5640722;-55,72204471;"SPRF-MT";"DEL06-MT";"UOP01-DEL06-MT"
149862;2018-07-30;"segunda-feira";"13:15:00";"SP";116;114,1;"TAUBATE";"Objeto estático sobre o leito carroçável";"Colisão com objeto estático";"Com Vítimas Feridas";"Pleno dia";"Decrescente";"Céu Claro";"Dupla";"Reta";"Sim";2;0;2;0;0;0;2;1;-23,046539;-45,590172;"SPRF-SP";"DEL06-SP";"UOP02-DEL02-SP"
149864;2018-07-30;"segunda-feira";"13:40:00";"GO";158;271,8;"JATAI";"Desobediência às normas de trânsito pelo condutor";"Colisão traseira";"Com Vítimas Feridas";"Pleno dia";"Decrescente";"Céu Claro";"Simples";"Reta";"Sim";2;0;0;1;1;0;1;2;-17,9066017;-51,7137459;"SPRF-GO";"DEL05-GO";"UOP01-DEL05-GO"
149865;2018-07-30;"segunda-feira";"13:30:00";"RJ";393;252,3;"BARRA DO PIRAI";"Condutor Dormindo";"Saída de leito carroçável";"Com Vítimas Feridas";"Pleno dia";"Decrescente";"Céu Claro";"Dupla";"Reta";"Sim";1;0;1;0;0;0;1;1;-22,45395914;-43,81076217;"SPRF-RJ";"DEL05-RJ";"UOP04-DEL05-RJ"
149866;2018-06-13;"quarta-feira";"18:39:00";"MG";50;175,6;"UBERABA";"Falta de Atenção à Condução";"Colisão lateral";"Com Vítimas Feridas";"Plena Noite";"Decrescente";"Céu Claro";"Dupla";"Reta";"Sim";2;0;1;0;1;0;1;2;-19,77924163;-47,96545101;"SPRF-MG";"DEL13-MG";"UOP01-DEL13-MG"
149867;2018-07-30;"segunda-feira";"12:15:00";"SC";101;202,8;"SAO JOSE";"Falta de Atenção à Condução";"Colisão traseira";"Sem Vítimas";"Pleno dia";"Crescente";"Sol";"Múltipla";"Reta";"Sim";2;0;0;0;2;0;0;2;-27,5651;-48,6144;"SPRF-SC";"DEL01-SC";"UOP01-DEL01-SC"
149869;2018-07-30;"segunda-feira";"13:30:00";"PA";316;82;"SAO FRANCISCO DO PARA";"Ultrapassagem Indevida";"Saída de leito carroçável";"Com Vítimas Feridas";"Pleno dia";"Decrescente";"Céu Claro";"Dupla";"Reta";"Não";4;0;0;1;3;0;1;1;-1,28906818;-47,8427124;"SPRF-PA";"DEL01-PA";"UOP02-DEL01-PA"
149870;2018-07-30;"segunda-feira";"12:30:00";"MG";40;483,2;"SETE LAGOAS";"Falta de Atenção à Condução";"Colisão lateral";"Sem Vítimas";"Pleno dia";"Decrescente";"Céu Claro";"Dupla";"Curva";"Não";1;0;0;0;1;0;0;1;-19,5774;-44,2292;"SPRF-MG";"DEL02-MG";"UOP01-DEL02-MG"
149871;2018-07-30;"segunda-feira";"10:30:00";"SP";116;513,6;"CAJATI";"Velocidade Incompatível";"Colisão com objeto estático";"Com Vítimas Feridas";"Pleno dia";"Decrescente";"Nublado";"Dupla";"Curva";"Não";1;0;1;0;0;0;1;1;-24,84578649;-48,21247101;"SPRF-SP";"DEL05-SP";"UAP01-DEL05-SP"
149872;2018-07-30;"segunda-feira";"11:30:00";"AL";423;49;"INHAPI";"Desobediência às normas de trânsito pelo condutor";"Colisão transversal";"Sem Vítimas";"Pleno dia";"Crescente";"Sol";"Simples";"Reta";"Não";2;0;0;0;2;0;0;2;-9,258588;-37,71299;"SPRF-AL";"DEL03-AL";"UOP02-DEL03-AL"
149873;2018-07-30;"segunda-feira";"14:10:00";"ES";101;293,5;"CARIACICA";"Não guardar distância de segurança";"Colisão traseira";"Com Vítimas Feridas";"Pleno dia";"Crescente";"Céu Claro";"Múltipla";"Curva";"Sim";3;0;2;0;1;0;2;2;-20,32089966;-40,39609283;"SPRF-ES";"DEL01-ES";"UOP01-DEL01-ES"
149874;2018-07-30;"segunda-feira";"13:50:00";"SP";116;340;"MIRACATU";"Velocidade Incompatível";"Colisão com objeto estático";"Com Vítimas Feridas";"Pleno dia";"Decrescente";"Garoa/Chuvisco";"Dupla";"Curva";"Sim";3;0;1;0;2;0;1;1;-24,05171548;-47,2050333;"SPRF-SP";"DEL04-SP";"UOP03-DEL04-SP"
149875;2018-07-30;"segunda-feira";"14:00:00";"MG";381;502;"BETIM";"Falta de Atenção à Condução";"Colisão traseira";"Com Vítimas Feridas";"Pleno dia";"Decrescente";"Céu Claro";"Dupla";"Reta";"Sim";3;0;1;0;1;1;1;2;-20,0236;-44,2299;"SPRF-MG";"DEL01-MG";"UOP03-DEL01-MG"