"id";"data_inversa";"dia_semana";"horario";"uf";"br";"km";"municipio";"causa_acidente";"tipo_acidente";"classificacao_acidente";"fase_dia";"sentido_via";"condicao_metereologica";"tipo_pista";"tracado_via";"uso_solo";"pessoas";"mortos";"feridos_leves";"feridos_graves";"ilesos";"ignorados";"feridos";"veiculos";"latitude";"longitude";"regional";"delegacia";"uop"
150369;2018-08-02;"quinta-feira";"07:45:00";"SP";153;60,2;"SAO JOSE DO RIO PRETO";"Falta de Atenção à Condução";"Colisão traseira";"Com Vítimas Feridas";"Pleno dia";"Crescente";"Chuva";"Dupla";"Declive";"Sim";2;0;1;0;1;0;1;2;-20,79628;-49,354801;"SPRF-SP";"DEL09-SP";"UOP01-DEL09-SP"
150370;2018-08-02;"quinta-feira";"07:58:00";"SP";116;283,6;"EMBU DAS ARTES";"Falta de Atenção à Condução";"Colisão lateral";"Com Vítimas Feridas";"Pleno dia";"Decrescente";"Nublado";"Dupla";"Reta";"Sim";2;0;1;0;1;0;1;2;-23,67345512;-46,85583115;"SPRF-SP";"DEL04-SP";"UOP01-DEL04-SP"
150371;2018-08-02;"quinta-feira";"07:50:00";"CE";116;2;"FORTALEZA";"Não guardar distância de segurança";"Colisão traseira";"Com Vítimas Feridas";"Pleno dia";"Decrescente";"Céu Claro";"Múltipla";"Reta";"Sim";3;0;1;0;2;0;1;2;-3,77111176;-38,51670933;"SPRF-CE";"DEL01-CE";"UOP02-DEL01-CE"
150373;2018-08-02;"quinta-feira";"07:20:00";"SP";153;73,6;"SAO JOSE DO RIO PRETO";"Pista Escorregadia";"Colisão traseira";"Com Vítimas Feridas";"Pleno dia";"Decrescente";"Nublado";"Simples";"Em Obras";"Não";2;0;1;0;1;0;1;2;-20,876249;-49,420029;"SPRF-SP";"DEL09-SP";"UOP01-DEL09-SP"
150375;2018-08-02;"quinta-feira";"07:00:00";"MS";359;210;"ALCINOPOLIS";"Condutor Dormindo";"Saída de leito carroçável";"Com Vítimas Feridas";"Pleno dia";"Crescente";"Céu Claro";"Simples";"Reta";"Não";3;0;3;0;0;0;3;1;-18;-54;"SPRF-MS";"DEL06-MS";"UOP01-DEL06-MS"
150376;2018-08-02;"quinta-feira";"07:00:00";"PR";476;123,3;"CURITIBA";"Falta de Atenção à Condução";"Queda de ocupante de veículo";"Com Vítimas Feridas";"Pleno dia";"Crescente";"Nublado";"Dupla";"Reta";"Sim";2;0;2;0;0;0;2;1;-25,39463943;-49,21121836;"SPRF-PR";"DEL01-PR";"UOP07-DEL01-PR"
150377;2018-08-02;"quinta-feira";"08:20:00";"AL";104;89;"RIO LARGO";"Desobediência às normas de trânsito pelo condutor";"Colisão lateral";"Com Vítimas Feridas";"Pleno dia";"Crescente";"Céu Claro";"Dupla";"Reta";"Sim";2;0;1;0;1;0;1;2;-9,45718968;-35,8291626;"SPRF-AL";"DEL01-AL";"UOP01-DEL01-AL"
150378;2018-08-02;"quinta-feira";"08:20:00";"BA";116;417,5;"FEIRA DE SANTANA";"Falta de Atenção do Pedestre";"Atropelamento de Pedestre";"Com Vítimas Feridas";"Pleno dia";"Crescente";"Céu Claro";"Simples";"Reta";"Sim";3;0;1;0;1;1;1;2;-12,18571874;-38,96524698;"SPRF-BA";"DEL02-BA";"UOP01-DEL02-BA"
150379;2018-08-02;"quinta-feira";"07:15:00";"RN";427;97,9;"CAICO";"Pista Escorregadia";"Tombamento";"Com Vítimas Feridas";"Pleno dia";"Crescente";"Céu Claro";"Simples";"Declive";"Sim";2;0;2;0;0;0;2;1;-6,46486755;-37,09161401;"SPRF-RN";"DEL03-RN";"UOP01-DEL03-RN"
150381;2018-08-02;"quinta-feira";"08:20:00";"RS";116;245;"SAO LEOPOLDO";"Desobediência às normas de trânsito pelo condutor";"Colisão lateral";"Com Vítimas Feridas";"Pleno dia";"Crescente";"Céu Claro";"Dupla";"Reta";"Sim";2;0;1;0;1;0;1;2;-29,74178046;-51,15069151;"SPRF-RS";"DEL01-RS";"UOP02-DEL01-RS"
150383;2018-08-02;"quinta-feira";"08:45:00";"PB";230;15;"JOAO PESSOA";"Não guardar distância de segurança";"Colisão traseira";"Com Vítimas Feridas";"Pleno dia";"Crescente";"Sol";"Dupla";"Declive;Reta";"Sim";2;0;1;0;1;0;1;2;-7,10837713;-34,84353125;"SPRF-PB";"DEL01-PB";"UOP01-DEL01-PB"
150384;2018-08-02;"quinta-feira";"08:25:00";"AL";104;92,3;"RIO LARGO";"Falta de Atenção à Condução";"Colisão lateral";"Com Vítimas Fatais";"Pleno dia";"Decrescente";"Céu Claro";"Dupla";"Reta";"Sim";3;1;0;1;0;1;1;2;-9,52880247;-35,79802227;"SPRF-AL";"DEL01-AL";"UOP01-DEL01-AL"
150385;2018-08-02;"quinta-feira";"08:30:00";"PA";308;151,8;"CAPANEMA";"Desobediência às normas de trânsito pelo condutor";"Colisão transversal";"Com Vítimas Feridas";"Pleno dia";"Decrescente";"Céu Claro";"Simples";"Túnel";"Sim";2;0;0;1;1;0;1;2;-1,21064;-47,182743;"SPRF-PA";"DEL01-PA";"UOP03-DEL01-PA"
150386;2018-08-02;"quinta-feira";"09:05:00";"CE";116;15;"FORTALEZA";"Falta de Atenção do Pedestre";"Atropelamento de Pedestre";"Com Vítimas Feridas";"Pleno dia";"Decrescente";"Céu Claro";"Dupla";"Reta";"Sim";3;0;0;1;1;1;1;2;-3,8832982;-38,5007636;"SPRF-CE";"DEL01-CE";"UOP02-DEL01-CE"
150387;2018-07-17;"terça-feira";"22:20:00";"PR";153;42,1;"SANTO ANTONIO DA PLATINA";"Desobediência às normas de trânsito pelo condutor";"Colisão transversal";"Com Vítimas Feridas";"Plena Noite";"Crescente";"Céu Claro";"Simples";"Interseção de Vias";"Sim";6;0;0;1;4;1;1;3;-23,29710228;-50,06834323;"SPRF-PR";"DEL07-PR";"UOP04-DEL07-PR"
150388;2018-08-02;"quinta-feira";"09:00:00";"SP";116;272;"TABOAO DA SERRA";"Falta de Atenção à Condução";"Colisão lateral";"Com Vítimas Feridas";"Pleno dia";"Decrescente";"Céu Claro";"Dupla";"Reta";"Não";3;0;2;0;1;0;2;3;-23,60866614;-46,76330566;"SPRF-SP";"DEL04-SP";"UOP01-DEL04-SP"
150390;2018-08-02;"quinta-feira";"07:30:00";"SP";116;448;"REGISTRO";"Falta de Atenção à Condução";"Queda de ocupante de veículo";"Com Vítimas Feridas";"Amanhecer";"Crescente";"Chuva";"Dupla";"Reta";"Não";2;0;1;0;1;0;1;1;-24,56211236;-47,8729248;"SPRF-SP";"DEL05-SP";"UOP01-DEL05-SP"
150391;2018-08-02;"quinta-feira";"08:35:00";"MG";50;146;"UBERABA";"Condutor Dormindo";"Saída de leito carroçável";"Com Vítimas Feridas";"Pleno dia";"Decrescente";"Céu Claro";"Dupla";"Reta";"Não";3;0;1;0;2;0;1;1;-19,5382;-48,0369;"SPRF-MG";"DEL13-MG";"UOP01-DEL13-MG"
150392;2018-08-02;"quinta-feira";"05:40:00";"MT";364;221,8;"RONDONOPOLIS";"Ingestão de Álcool";"Saída de leito carroçável";"Com Vítimas Feridas";"Plena Noite";"Crescente";"Nublado";"Dupla";"Reta";"Não";1;0;1;0;0;0;1;1;-16,4167151;-54,7066496;"SPRF-MT";"DEL02-MT";"UOP01-DEL02-MT"
150395;2018-08-02;"quinta-feira";"09:50:00";"MG";262;451,3;"NOVA SERRANA";"Falta de Atenção à Condução";"Tombamento";"Com Vítimas Feridas";"Pleno dia";"Decrescente";"Chuva";"Simples";"Aclive;Reta";"Não";1;0;1;0;0;0;1;1;-19,863728;-44,997971;"SPRF-MG";"DEL08-MG";"UOP03-DEL08-MG"
150396;2018-08-02;"quinta-feira";"09:45:00";"PE";232;30,3;"MORENO";"Falta de Atenção à Condução";"Colisão lateral";"Com Vítimas Feridas";"Pleno dia";"Decrescente";"Nublado";"Dupla";"Curva";"Não";3;0;0;1;1;1;1;3;-8,11081;-35,155089;"SPRF-PE";"DEL01-PE";"UOP02-DEL02PE"
150397;2018-08-02;"quinta-feira";"08:30:00";"RJ";101;440;"MANGARATIBA";"Velocidade Incompatível";"Saída de leito carroçável";"Com Vítimas Feridas";"Pleno dia";"Decrescente";"Nublado";"Simples";"Curva";"Não";1;0;1;0;0;0;1;1;-22,94890916;-44,0630722;"SPRF-RJ";"DEL03-RJ";"UOP01-DEL03-RJ"
150398;2018-08-02;"quinta-feira";"10:00:00";"SP";116;276;"EMBU DAS ARTES";"Desobediência às normas de trânsito pelo condutor";"Capotamento";"Com Vítimas Feridas";"Pleno dia";"Crescente";"Nublado";"Dupla";"Reta";"Sim";1;0;1;0;0;0;1;1;-23,64704018;-46,84329987;"SPRF-SP";"DEL04-SP";"UOP01-DEL04-SP"
150399;2018-08-02;"quinta-feira";"09:15:00";"RJ";101;466;"MANGARATIBA";"Velocidade Incompatível";"Colisão com objeto estático";"Com Vítimas Feridas";"Pleno dia";"Crescente";"Chuva";"Simples";"Curva";"Não";1;0;1;0;0;0;1;1;-22,937099;-44,010822;"SPRF-RJ";"DEL03-RJ";"UOP03-DEL03-RJ"
150400;2018-08-02;"quinta-feira";"10:00:00";"RJ";101;314;"SAO GONCALO";"Não guardar distância de segurança";"Colisão traseira";"Com Vítimas Feridas";"Pleno dia";"Crescente";"Nublado";"Dupla";"Reta";"Não";1;0;1;0;0;0;1;1;-22,8176435;-43,07498932;"SPRF-RJ";"DEL02-RJ";"DEL5/2-UOP04/RJ"
150401;2018-08-02;"quinta-feira";"05:30:00";"PI";343;226;"COCAL DE TELHA";"Fenômenos da Natureza";"Colisão com objeto estático";"Sem Vítimas";"Plena Noite";"Crescente";"Sol";"Simples";"Reta";"Não";1;0;0;0;0;1;0;1;-4,565175;-41,975414;"SPRF-PI";"DEL01-PI";"UOP03-DEL01-PI"
150402;2018-07-29;"domingo";"21:05:00";"PR";376;168;"MARINGA";"Desobediência às normas de trânsito pelo condutor";"Colisão traseira";"Com Vítimas Feridas";"Plena Noite";"Decrescente";"Céu Claro";"Dupla";"Reta";"Não";3;0;2;0;0;1;2;2;-23,409788;-51,987453;"SPRF-PR";"DEL07-PR";"UOP01-DEL09-PR"
150404;2018-08-02;"quinta-feira";"10:45:00";"MG";381;441;"SABARA";"Pista Escorregadia";"Saída de leito carroçável";"Sem Vítimas";"Pleno dia";"Crescente";"Chuva";"Simples";"Curva";"Não";5;0;0;0;5;0;0;1;-19,79951434;-43,76157045;"SPRF-MG";"DEL01-MG";"UOP01-DEL01-MG"
150405;2018-07-06;"sexta-feira";"06:50:00";"PB";230;25,5;"JOAO PESSOA";"Defeito Mecânico no Veículo";"Colisão com objeto estático";"Com Vítimas Feridas";"Pleno dia";"Crescente";"Chuva";"Múltipla";"Reta";"Sim";1;0;1;0;0;0;1;1;-7,16933484;-34,87406938;"SPRF-PB";"DEL01-PB";"UOP01-DEL01-PB"
150408;2018-08-02;"quinta-feira";"11:05:00";"TO";153;146,5;"ARAGUAINA";"Falta de Atenção à Condução";"Saída de leito carroçável";"Com Vítimas Feridas";"Pleno dia";"Crescente";"Sol";"Dupla";"Reta";"Sim";1;0;1;0;0;0;1;1;-7,21713818;-48,24615955;"SPRF-TO";"DEL02-TO";"UOP01-DEL02-TO"
150409;2018-08-02;"quinta-feira";"11:00:00";"MG";381;532,1;"ITATIAIUCU";"Velocidade Incompatível";"Saída de leito carroçável";"Com Vítimas Feridas";"Pleno dia";"Crescente";"Nublado";"Dupla";"Curva";"Não";2;0;1;0;1;0;1;1;-20,16522167;-44,36742783;"SPRF-MG";"DEL04-MG";"UOP03-DEL04-MG"
150411;2018-04-28;"sábado";"10:08:00";"PR";369;184;"ARAPONGAS";"Pista Escorregadia";"Tombamento";"Com Vítimas Feridas";"Pleno dia";"Decrescente";"Ignorado";"Simples";"Reta";"Sim";1;0;1;0;0;0;1;1;-23,3970191;-51,4276867;"SPRF-PR";"DEL07-PR";"UOP03-DEL07-PR"
150413;2018-08-02;"quinta-feira";"11:30:00";"MG";381;330;"NOVA ERA";"Pista Escorregadia";"Saída de leito carroçável";"Com Vítimas Feridas";"Pleno dia";"Decrescente";"Chuva";"Dupla";"Curva;Declive";"Não";2;0;2;0;0;0;2;1;-19,76279105;-43,0482316;"SPRF-MG";"DEL03-MG";"UOP01-DEL03-MG"
150415;2018-08-02;"quinta-feira";"11:55:00";"SE";101;17,1;"SAO FRANCISCO";"Desobediência às normas de trânsito pelo condutor";"Colisão transversal";"Com Vítimas Feridas";"Pleno dia";"Crescente";"Céu Claro";"Simples";"Reta";"Não";3;0;0;1;2;0;1;2;-10,34312216;-36,89412028;"SPRF-SE";"DEL02-SE";"UOP02-DEL02-SE"
150416;2018-08-02;"quinta-feira";"10:00:00";"GO";414;407;"COCALZINHO DE GOIAS";"Agressão Externa";"Incêndio";"Sem Vítimas";"Pleno dia";"Crescente";"Céu Claro";"Simples";"Curva";"Não";1;0;0;0;0;1;0;1;-15,580993;-48,628662;"SPRF-GO";"DEL02-GO";"UOP01-DEL02-GO"
150420;2018-07-05;"quinta-feira";"06:45:00";"PR";369;153;"LONDRINA";"Deficiência ou não Acionamento do Sistema de Iluminação/Sinalização do Veículo";"Saída de leito carroçável";"Com Vítimas Feridas";"Pleno dia";"Crescente";"Ignorado";"Dupla";"Curva";"Sim";1;0;0;1;0;0;1;1;-23,292852;-51,148416;"SPRF-PR";"DEL07-PR";"UOP01-DEL07-PR"
150422;2018-06-01;"sexta-feira";"17:20:00";"RR";401;3;"CANTA";"Desobediência às normas de trânsito pelo condutor";"Colisão traseira";"Com Vítimas Feridas";"Pleno dia";"Decrescente";"Nublado";"Simples";"Reta";"Não";2;0;1;0;1;0;1;2;2,79280035;-60,66464245;"SPRF-RR";"DEL01-RR";"UOP01-DEL01-RR"
150425;2018-08-02;"quinta-feira";"10:50:00";"ES";101;297,5;"VIANA";"Desobediência às normas de trânsito pelo condutor";"Colisão traseira";"Com Vítimas Feridas";"Pleno dia";"Decrescente";"Nublado";"Múltipla";"Reta";"Sim";2;0;0;1;1;0;1;2;-20,35184954;-40,41366398;"SPRF-ES";"DEL01-ES";"UOP01-DEL01-ES"
150426;2018-08-02;"quinta-feira";"13:20:00";"BA";135;187,9;"BARREIRAS";"Falta de Atenção à Condução";"Colisão frontal";"Com Vítimas Feridas";"Pleno dia";"Decrescente";"Céu Claro";"Simples";"Declive";"Não";3;0;3;0;0;0;3;2;-12,19238845;-45,01373291;"SPRF-BA";"DEL10-BA";"UOP01-DEL10-BA"
150427;2018-05-27;"domingo";"20:00:00";"PR";467;83;"CASCAVEL";"Velocidade Incompatível";"Capotamento";"Com Vítimas Feridas";"Plena Noite";"Decrescente";"Nublado";"Dupla";"Curva";"Não";3;0;2;1;0;0;3;1;-24,8125;-53,6653;"SPRF-PR";"DEL04-PR";"UOP01-DEL04-PR"
150428;2018-07-17;"terça-feira";"09:45:00";"PA";230;117;"MARABA";"Falta de Atenção à Condução";"Colisão traseira";"Com Vítimas Feridas";"Pleno dia";"Crescente";"Céu Claro";"Dupla";"Reta";"Sim";2;0;1;0;1;0;1;2;-5,35038083;-49,10661757;"SPRF-PA";"DEL03-PA";"UOP01-DEL03-PA"
150429;2018-08-02;"quinta-feira";"13:20:00";"SC";101;206,3;"SAO JOSE";"Falta de Atenção à Condução";"Queda de ocupante de veículo";"Com Vítimas Feridas";"Pleno dia";"Decrescente";"Garoa/Chuvisco";"Múltipla";"Reta";"Sim";1;0;1;0;0;0;1;1;-27,6001;-48,6225;"SPRF-SC";"DEL01-SC";"UOP01-DEL01-SC"
150430;2018-08-02;"quinta-feira";"10:20:00";"SC";280;125,2;"RIO NEGRINHO";"Sinalização da via insuficiente ou inadequada";"Colisão traseira";"Com Vítimas Feridas";"Pleno dia";"Decrescente";"Nublado";"Simples";"Em Obras";"Não";2;0;1;0;1;0;1;2;-26,237638;-49,484337;"SPRF-SC";"DEL06-SC";"UOP03-DEL06-SC"
150431;2018-08-02;"quinta-feira";"09:30:00";"MG";116;375,1;"FREI INOCENCIO";"Falta de Atenção à Condução";"Colisão lateral";"Com Vítimas Feridas";"Pleno dia";"Decrescente";"Nublado";"Simples";"Reta";"Sim";2;0;0;1;1;0;1;2;-18,56978199;-41,90975189;"SPRF-MG";"DEL06-MG";"UOP01-DEL06-MG"
150432;2018-08-02;"quinta-feira";"12:00:00";"MT";364;468;"VARZEA GRANDE";"Falta de Atenção à Condução";"Colisão transversal";"Sem Vítimas";"Pleno dia";"Crescente";"Céu Claro";"Simples";"Reta";"Não";3;0;0;0;3;0;0;2;-15,472934;-56,305405;"SPRF-MT";"DEL01-MT";"DEL2/4-UOP02/MT"
150435;2018-06-27;"quarta-feira";"15:00:00";"RS";392;352,3;"SANTA MARIA";"Falta de Atenção à Condução";"Engavetamento";"Com Vítimas Feridas";"Pleno dia";"Crescente";"Nublado";"Simples";"Reta";"Sim";4;0;2;0;2;0;2;3;-29,72429835;-53,80614281;"SPRF-RS";"DEL09-RS";"UOP01-DEL09-RS"
150436;2018-08-02;"quinta-feira";"14:10:00";"SP";116;144;"SAO JOSE DOS CAMPOS";"Defeito Mecânico no Veículo";"Colisão com objeto estático";"Com Vítimas Feridas";"Pleno dia";"Decrescente";"Nublado";"Dupla";"Declive";"Sim";1;0;1;0;0;0;1;1;-23,182779;-45,846405;"SPRF-SP";"DEL02-SP";"UOP01-DEL02-SP"
150440;2018-08-02;"quinta-feira";"13:00:00";"SP";116;277;"EMBU DAS ARTES";"Falta de Atenção à Condução";"Colisão traseira";"Com Vítimas Feridas";"Pleno dia";"Decrescente";"Nublado";"Dupla";"Reta";"Não";2;0;1;0;1;0;1;2;-23,63320166;-46,83609009;"SPRF-SP";"DEL04-SP";"UOP01-DEL04-SP"
150441;2018-08-02;"quinta-feira";"13:30:00";"BA";110;356;"ALAGOINHAS";"Ingestão de Álcool";"Colisão traseira";"Com Vítimas Feridas";"Pleno dia";"Decrescente";"Céu Claro";"Simples";"Em Obras;Reta";"Sim";2;0;1;0;1;0;1;2;-12,2783875;-38,37033033;"SPRF-BA";"DEL01-BA";"UOP04-DEL01-BA"
150442;2018-08-02;"quinta-feira";"07:50:00";"SC";282;503,8;"XANXERE";"Velocidade Incompatível";"Colisão com objeto estático";"Com Vítimas Feridas";"Pleno dia";"Decrescente";"Nublado";"Dupla";"Curva";"Sim";2;0;2;0;0;0;2;1;-26,8825551;-52,40386248;"SPRF-SC";"DEL07-SC";"UOP01-DEL07-SC"
150443;2018-08-02;"quinta-feira";"10:55:00";"SC";282;552,9;"NOVA ITABERABA";"Velocidade Incompatível";"Colisão traseira";"Com Vítimas Feridas";"Pleno dia";"Decrescente";"Céu Claro";"Simples";"Aclive";"Não";2;0;0;1;1;0;1;2;-26,95623478;-52,77446866;"SPRF-SC";"DEL07-SC";"UOP01-DEL07-SC"
150447;2018-08-02;"quinta-feira";"14:30:00";"RS";392;113,5;"CANGUCU";"Mal Súbito";"Saída de leito carroçável";"Com Vítimas Feridas";"Pleno dia";"Crescente";"Céu Claro";"Simples";"Reta";"Não";1;0;1;0;0;0;1;1;-31,439604;-52,649815;"SPRF-RS";"DEL07-RS";"UOP01-DEL07-RS"
150449;2018-08-02;"quinta-feira";"15:10:00";"RS";287;248,5;"SANTA MARIA";"Falta de Atenção à Condução";"Colisão transversal";"Com Vítimas Feridas";"Pleno dia";"Crescente";"Sol";"Simples";"Reta";"Sim";2;0;0;1;1;0;1;2;-29,696018;-53,850956;"SPRF-RS";"DEL09-RS";"UOP01-DEL09-RS"
150450;2018-08-02;"quinta-feira";"13:45:00";"RR";432;215;"CANTA";"Avarias e/ou desgaste excessivo no pneu";"Saída de leito carroçável";"Com Vítimas Feridas";"Pleno dia";"Crescente";"Chuva";"Simples";"Reta";"Não";2;0;1;0;1;0;1;1;2,8197908;-60,6807847;"SPRF-RR";"DEL01-RR";"UOP01-DEL01-RR"
150487;2018-08-02;"quinta-feira";"16:15:00";"CE";20;417;"MARACANAU";"Desobediência às normas de trânsito pelo condutor";"Colisão transversal";"Com Vítimas Feridas";"Pleno dia";"Crescente";"Sol";"Simples";"Em Obras";"Sim";2;0;0;1;1;0;1;2;-3,84079015;-38,59688044;"SPRF-CE";"DEL01-CE";"UOP02-DEL01-CE"
150488;2018-08-02;"quinta-feira";"10:15:00";"RJ";101;415;"MANGARATIBA";"Falta de Atenção à Condução";"Colisão transversal";"Com Vítimas Feridas";"Pleno dia";"Decrescente";"Chuva";"Dupla";"Reta";"Não";2;0;1;0;1;0;1;2;-22,91238894;-43,89550924;"SPRF-RJ";"DEL03-RJ";"UOP01-DEL03-RJ"
150490;2018-08-02;"quinta-feira";"14:00:00";"RS";290;354;"SAO SEPE";"Falta de Atenção à Condução";"Saída de leito carroçável";"Com Vítimas Feridas";"Pleno dia";"Crescente";"Céu Claro";"Simples";"Reta";"Não";3;0;1;2;0;0;3;1;-30,376383;-53,712734;"SPRF-RS";"DEL09-RS";"UOP02-DEL09-RS"
150497;2018-08-02;"quinta-feira";"11:00:00";"MT";364;526;"ROSARIO OESTE";"Defeito na Via";"Saída de leito carroçável";"Sem Vítimas";"Pleno dia";"Decrescente";"Céu Claro";"Simples";"Reta";"Não";1;0;0;0;1;0;0;1;-15,040398;-56,515663;"SPRF-MT";"DEL01-MT";"UOP01-DEL01-MT"
150498;2018-08-02;"quinta-feira";"17:00:00";"SP";116;170,8;"JACAREI";"Falta de Atenção à Condução";"Colisão traseira";"Com Vítimas Feridas";"Pleno dia";"Crescente";"Sol";"Dupla";"Curva";"Não";2;0;1;0;1;0;1;2;-23,30877884;-46,05822433;"SPRF-SP";"DEL02-SP";"UOP01-DEL02-SP"
150499;2018-08-02;"quinta-feira";"17:40:00";"SC";470;139,6;"RIO DO SUL";"Falta de Atenção à Condução";"Tombamento";"Com Vítimas Feridas";"Anoitecer";"Crescente";"Garoa/Chuvisco";"Simples";"Reta";"Sim";1;0;1;0;0;0;1;1;-27,19376227;-49,6235919;"SPRF-SC";"DEL04-SC";"UOP02-DEL04-SC"
150500;2018-08-02;"quinta-feira";"17:50:00";"SP";101;49;"UBATUBA";"Restrição de Visibilidade";"Colisão transversal";"Com Vítimas Feridas";"Anoitecer";"Decrescente";"Chuva";"Simples";"Interseção de Vias;Reta";"Sim";2;0;1;0;1;0;1;2;-23,4465875;-45,08122802;"SPRF-SP";"DEL06-SP";"UOP01-DEL06-SP"
150504;2018-08-02;"quinta-feira";"17:45:00";"BA";324;603;"SIMOES FILHO";"Falta de Atenção do Pedestre";"Atropelamento de Pedestre";"Com Vítimas Feridas";"Anoitecer";"Decrescente";"Céu Claro";"Dupla";"Reta";"Não";2;0;1;0;1;0;1;2;-12,78568749;-38,41197968;"SPRF-BA";"DEL01-BA";"UOP01-DEL01-BA"
150507;2018-08-02;"quinta-feira";"07:40:00";"RJ";356;110,9;"CARDOSO MOREIRA";"Pista Escorregadia";"Saída de leito carroçável";"Sem Vítimas";"Amanhecer";"Crescente";"Chuva";"Simples";"Curva";"Não";2;0;0;0;2;0;0;1;-21,5630039;-41,45021796;"SPRF-RJ";"DEL08-RJ";"UOP03-DEL08-RJ"
150508;2018-08-02;"quinta-feira";"18:19:00";"GO";70;7,2;"AGUAS LINDAS DE GOIAS";"Falta de Atenção do Pedestre";"Atropelamento de Pedestre";"Com Vítimas Feridas";"Plena Noite";"Crescente";"Céu Claro";"Dupla";"Declive";"Sim";3;0;3;0;0;0;3;2;-15,74067926;-48,27093244;"SPRF-DF";"DEL01-DF";"UOP02-DEL03-DF"
150509;2018-08-02;"quinta-feira";"17:55:00";"RJ";101;67;"CAMPOS DOS GOYTACAZES";"Falta de Atenção à Condução";"Colisão transversal";"Com Vítimas Feridas";"Plena Noite";"Decrescente";"Chuva";"Simples";"Reta";"Sim";2;0;1;0;1;0;1;2;-21,768014;-41,349822;"SPRF-RJ";"DEL08-RJ";"UOP02-DEL08-RJ"
150511;2018-08-02;"quinta-feira";"16:30:00";"MG";116;529,9;"CARATINGA";"Falta de Atenção à Condução";"Colisão transversal";"Com Vítimas Feridas";"Pleno dia";"Crescente";"Nublado";"Simples";"Reta";"Sim";2;0;1;0;1;0;1;2;-19,79773768;-42,13814735;"SPRF-MG";"DEL06-MG";"UOP02-DEL06-MG"
150512;2018-08-02;"quinta-feira";"18:40:00";"SC";470;137,3;"RIO DO SUL";"Desobediência às normas de trânsito pelo condutor";"Colisão traseira";"Com Vítimas Feridas";"Anoitecer";"Decrescente";"Nublado";"Simples";"Reta";"Sim";2;0;1;0;1;0;1;2;-27,18990173;-49,61974005;"SPRF-SC";"DEL04-SC";"UOP02-DEL04-SC"
150513;2018-08-02;"quinta-feira";"18:00:00";"BA";116;827;"VITORIA DA CONQUISTA";"Desobediência às normas de trânsito pelo condutor";"Colisão lateral";"Com Vítimas Feridas";"Anoitecer";"Crescente";"Céu Claro";"Simples";"Reta";"Sim";2;0;1;0;1;0;1;2;-14,88996284;-40,86175919;"SPRF-BA";"DEL08-BA";"UOP01-DEL08-BA"
150514;2018-08-02;"quinta-feira";"18:00:00";"MG";40;562;"NOVA LIMA";"Não guardar distância de segurança";"Colisão traseira";"Com Vítimas Feridas";"Plena Noite";"Crescente";"Chuva";"Dupla";"Reta";"Não";2;0;1;0;1;0;1;2;-20,15458614;-43,96247864;"SPRF-MG";"DEL01-MG";"UOP02-DEL01-MG"
150515;2018-08-02;"quinta-feira";"18:30:00";"PR";272;368;"CAMPO MOURAO";"Animais na Pista";"Atropelamento de Animal";"Com Vítimas Feridas";"Plena Noite";"Crescente";"Nublado";"Dupla";"Reta";"Não";1;0;1;0;0;0;1;1;-24,0544783;-52,41025686;"SPRF-PR";"DEL04-PR";"UOP03-DEL09-PR"
150516;2018-08-02;"quinta-feira";"15:20:00";"BA";101;386;"IBIRAPITANGA";"Ultrapassagem Indevida";"Colisão traseira";"Com Vítimas Feridas";"Pleno dia";"Crescente";"Céu Claro";"Simples";"Reta";"Não";2;0;0;1;1;0;1;2;-13,9103;-39,4816;"SPRF-BA";"DEL05-BA";"UOP03-DEL05-BA"
150518;2018-07-29;"domingo";"02:30:00";"ES";262;98;"VENDA NOVA DO IMIGRANTE";"Restrição de Visibilidade";"Colisão lateral";"Com Vítimas Feridas";"Plena Noite";"Crescente";"Nevoeiro/Neblina";"Simples";"Interseção de Vias";"Não";2;0;1;0;1;0;1;2;-20,35521929;-41,08694673;"SPRF-ES";"DEL01-ES";"UOP02-DEL01-ES"
150520;2018-08-02;"quinta-feira";"18:05:00";"PR";277;584;"CASCAVEL";"Falta de Atenção à Condução";"Colisão traseira";"Com Vítimas Feridas";"Plena Noite";"Decrescente";"Céu Claro";"Simples";"Interseção de Vias";"Sim";3;0;1;0;2;0;1;2;-24,96438941;-53,40920269;"SPRF-PR";"DEL04-PR";"UOP01-DEL04-PR"
150522;2018-08-02;"quinta-feira";"18:30:00";"GO";153;497,5;"GOIANIA";"Falta de Atenção à Condução";"Colisão traseira";"Sem Vítimas";"Anoitecer";"Crescente";"Céu Claro";"Dupla";"Reta";"Sim";3;0;0;0;3;0;0;3;-16,6854;-49,2338;"SPRF-GO";"DEL01-GO";"UOP01-DEL01-GO"
150523;2018-08-02;"quinta-feira";"18:45:00";"DF";20;17;"BRASILIA";"Falta de Atenção à Condução";"Tombamento";"Sem Vítimas";"Plena Noite";"Decrescente";"Céu Claro";"Dupla";"Reta";"Sim";1;0;0;0;1;0;0;1;-15,621374;-47,71698;"SPRF-DF";"DEL02-DF";"UOP01-DEL02-DF"