"id";"data_inversa";"dia_semana";"horario";"uf";"br";"km";"municipio";"causa_acidente";"tipo_acidente";"classificacao_acidente";"fase_dia";"sentido_via";"condicao_metereologica";"tipo_pista";"tracado_via";"uso_solo";"pessoas";"mortos";"feridos_leves";"feridos_graves";"ilesos";"ignorados";"feridos";"veiculos";"latitude";"longitude";"regional";"delegacia";"uop"
150525;2018-08-02;"quinta-feira";"17:35:00";"MT";364;306,8;"JACIARA";"Ultrapassagem Indevida";"Saída de leito carroçável";"Com Vítimas Feridas";"Anoitecer";"Decrescente";"Nublado";"Dupla";"Reta";"Não";1;0;1;0;0;0;1;1;-15,823147;-55,203545;"SPRF-MT";"DEL02-MT";"UOP02-DEL05-MT"
150527;2018-08-02;"quinta-feira";"18:00:00";"RJ";40;112;"DUQUE DE CAXIAS";"Não guardar distância de segurança";"Colisão com objeto estático";"Com Vítimas Feridas";"Plena Noite";"Decrescente";"Chuva";"Múltipla";"Reta";"Sim";5;0;1;0;4;0;1;4;-22,7102;-43,2902;"SPRF-RJ";"DEL01-RJ";"UOP01-DEL01-RJ"
150528;2018-08-02;"quinta-feira";"17:18:00";"PR";369;90,5;"CORNELIO PROCOPIO";"Falta de Atenção à Condução";"Colisão lateral";"Com Vítimas Feridas";"Pleno dia";"Decrescente";"Nublado";"Dupla";"Curva";"Sim";3;0;1;0;2;0;1;2;-23,19619777;-50,65382654;"SPRF-PR";"DEL07-PR";"UOP05-DEL07-PR"
150529;2018-08-02;"quinta-feira";"18:30:00";"SC";101;119;"ITAJAI";"Falta de Atenção à Condução";"Colisão traseira";"Com Vítimas Feridas";"Plena Noite";"Crescente";"Chuva";"Múltipla";"Reta";"Não";3;0;1;0;2;0;1;3;-26,9128;-48,7118;"SPRF-SC";"DEL04-SC";"UOP04-DEL04-SC"
150530;2018-08-02;"quinta-feira";"18:15:00";"ES";101;176;"LINHARES";"Falta de Atenção à Condução";"Engavetamento";"Com Vítimas Feridas";"Plena Noite";"Decrescente";"Céu Claro";"Simples";"Reta";"Sim";5;0;2;0;3;0;2;3;-19,50268043;-40,13245583;"SPRF-ES";"DEL04-ES";"UOP01-DEL04-ES"
150532;2018-08-02;"quinta-feira";"18:00:00";"MT";163;840;"SINOP";"Falta de Atenção à Condução";"Colisão transversal";"Com Vítimas Feridas";"Anoitecer";"Crescente";"Céu Claro";"Simples";"Reta";"Sim";1;0;1;0;0;0;1;1;-11,86793886;-55,49597749;"SPRF-MT";"DEL06-MT";"UOP02-DEL06-MT"
150533;2018-08-02;"quinta-feira";"19:10:00";"CE";116;7;"FORTALEZA";"Falta de Atenção à Condução";"Colisão traseira";"Sem Vítimas";"Plena Noite";"Decrescente";"Céu Claro";"Dupla";"Reta";"Sim";2;0;0;0;2;0;0;2;-3,8161386;-38,5012593;"SPRF-CE";"DEL01-CE";"UOP02-DEL01-CE"
150535;2018-06-15;"sexta-feira";"13:35:00";"RS";287;252,9;"SANTA MARIA";"Mal Súbito";"Saída de leito carroçável";"Com Vítimas Feridas";"Pleno dia";"Crescente";"Nublado";"Simples";"Reta";"Não";1;0;1;0;0;0;1;1;-29,68891489;-53,89616847;"SPRF-RS";"DEL09-RS";"UOP01-DEL09-RS"
150539;2018-08-02;"quinta-feira";"19:50:00";"GO";153;511;"APARECIDA DE GOIANIA";"Falta de Atenção à Condução";"Colisão traseira";"Com Vítimas Feridas";"Plena Noite";"Crescente";"Céu Claro";"Dupla";"Reta";"Sim";2;0;0;1;1;0;1;2;-16,8067;-49,2394;"SPRF-GO";"DEL01-GO";"UOP03-DEL01-GO"
150540;2018-08-02;"quinta-feira";"17:20:00";"RJ";101;305;"SAO GONCALO";"Falta de Atenção à Condução";"Saída de leito carroçável";"Com Vítimas Feridas";"Anoitecer";"Crescente";"Chuva";"Dupla";"Reta";"Sim";1;0;1;0;0;0;1;1;-22,878923;-43,110676;"SPRF-RJ";"DEL02-RJ";"DEL5/2-UOP04/RJ"
150543;2018-08-02;"quinta-feira";"16:50:00";"MG";116;794,1;"ALEM PARAIBA";"Falta de Atenção à Condução";"Colisão transversal";"Com Vítimas Feridas";"Anoitecer";"Decrescente";"Chuva";"Simples";"Reta";"Sim";3;0;1;0;2;0;1;2;-21,72186928;-42,72886097;"SPRF-MG";"DEL07-MG";"UOP01-DEL07-MG"
150546;2018-08-02;"quinta-feira";"18:02:00";"PR";158;496;"CORONEL VIVIDA";"Velocidade Incompatível";"Colisão com objeto estático";"Com Vítimas Feridas";"Anoitecer";"Crescente";"Céu Claro";"Simples";"Curva";"Não";2;0;2;0;0;0;2;1;-25,976639;-52,565098;"SPRF-PR";"DEL02-PR";"UOP01-DEL02-PR"
150547;2018-08-02;"quinta-feira";"19:30:00";"SC";470;54,8;"BLUMENAU";"Falta de Atenção à Condução";"Colisão traseira";"Sem Vítimas";"Plena Noite";"Decrescente";"Chuva";"Simples";"Reta";"Sim";3;0;0;0;3;0;0;3;-26,86720948;-49,10239846;"SPRF-SC";"DEL04-SC";"UOP01-DEL04-SC"
150548;2018-08-02;"quinta-feira";"20:10:00";"ES";101;375,9;"ICONHA";"Falta de Atenção à Condução";"Colisão transversal";"Sem Vítimas";"Plena Noite";"Decrescente";"Chuva";"Simples";"Curva";"Sim";2;0;0;0;2;0;0;2;-20,787315;-40,800651;"SPRF-ES";"DEL03-ES";"UOP01-DEL03-ES"
150550;2018-08-02;"quinta-feira";"18:10:00";"ES";262;103;"VENDA NOVA DO IMIGRANTE";"Falta de Atenção à Condução";"Colisão lateral";"Com Vítimas Feridas";"Anoitecer";"Crescente";"Céu Claro";"Simples";"Rotatória";"Sim";3;0;1;0;2;0;1;2;-20,33299766;-41,12937927;"SPRF-ES";"DEL01-ES";"UOP02-DEL01-ES"
150551;2018-08-02;"quinta-feira";"20:00:00";"SC";101;223;"PALHOCA";"Falta de Atenção à Condução";"Colisão traseira";"Com Vítimas Feridas";"Plena Noite";"Crescente";"Chuva";"Dupla";"Reta";"Sim";3;0;1;0;2;0;1;3;-27,7248;-48,6435;"SPRF-SC";"DEL01-SC";"UOP02-DEL01-SC"
150552;2018-08-02;"quinta-feira";"15:30:00";"BA";101;545;"SAO JOSE DA VITORIA";"Condutor Dormindo";"Saída de leito carroçável";"Com Vítimas Feridas";"Pleno dia";"Decrescente";"Céu Claro";"Simples";"Curva";"Não";3;0;3;0;0;0;3;1;-15,1027;-39,3583;"SPRF-BA";"DEL05-BA";"UOP02-DEL05-BA"
150554;2018-08-02;"quinta-feira";"20:00:00";"SC";101;225,5;"PALHOCA";"Falta de Atenção à Condução";"Saída de leito carroçável";"Com Vítimas Feridas";"Plena Noite";"Crescente";"Chuva";"Dupla";"Declive;Reta";"Sim";1;0;0;1;0;0;1;1;-27,7422;-48,638;"SPRF-SC";"DEL01-SC";"UOP02-DEL01-SC"
150556;2018-07-30;"segunda-feira";"08:00:00";"SC";101;211;"SAO JOSE";"Falta de Atenção à Condução";"Colisão lateral";"Com Vítimas Feridas";"Pleno dia";"Decrescente";"Nublado";"Dupla";"Reta";"Sim";2;0;1;0;1;0;1;2;-27,62072958;-48,64935994;"SPRF-SC";"DEL01-SC";"UOP02-DEL01-SC"
150562;2018-08-02;"quinta-feira";"18:00:00";"MG";116;415;"GOVERNADOR VALADARES";"Desobediência às normas de trânsito pelo condutor";"Colisão frontal";"Com Vítimas Feridas";"Plena Noite";"Crescente";"Céu Claro";"Simples";"Reta";"Sim";2;0;1;0;1;0;1;2;-18,88421891;-41,9488585;"SPRF-MG";"DEL06-MG";"UOP01-DEL06-MG"
150563;2018-08-02;"quinta-feira";"21:20:00";"PA";316;3;"ANANINDEUA";"Falta de Atenção do Pedestre";"Atropelamento de Pedestre";"Com Vítimas Feridas";"Plena Noite";"Crescente";"Céu Claro";"Dupla";"Reta";"Sim";2;0;1;0;0;1;1;2;-1,396582;-48,422993;"SPRF-PA";"DEL01-PA";"DEL19/1-UOP05/PA"
150564;2018-08-02;"quinta-feira";"21:25:00";"PR";487;144,9;"TUNEIRAS DO OESTE";"Avarias e/ou desgaste excessivo no pneu";"Saída de leito carroçável";"Com Vítimas Feridas";"Plena Noite";"Decrescente";"Chuva";"Simples";"Declive";"Não";1;0;1;0;0;0;1;1;-23,930675;-52,695964;"SPRF-PR";"DEL04-PR";"UOP03-DEL09-PR"
150566;2018-08-02;"quinta-feira";"22:10:00";"CE";20;204,5;"BOA VIAGEM";"Ingestão de Álcool";"Atropelamento de Pedestre";"Com Vítimas Feridas";"Plena Noite";"Decrescente";"Céu Claro";"Simples";"Reta";"Sim";2;0;1;1;0;0;2;2;-5,12155;-39,732647;"SPRF-CE";"DEL02-CE";"UOP02-DEL02-CE"
150569;2018-08-02;"quinta-feira";"21:25:00";"SC";101;216;"PALHOCA";"Falta de Atenção à Condução";"Colisão traseira";"Com Vítimas Feridas";"Plena Noite";"Crescente";"Chuva";"Dupla";"Reta";"Sim";2;0;1;0;1;0;1;2;-27,66063856;-48,67721016;"SPRF-SC";"DEL01-SC";"UOP02-DEL01-SC"
150570;2018-08-02;"quinta-feira";"21:30:00";"SP";116;116;"TAUBATE";"Falta de Atenção à Condução";"Saída de leito carroçável";"Com Vítimas Feridas";"Plena Noite";"Crescente";"Nublado";"Dupla";"Reta";"Sim";1;0;1;0;0;0;1;1;-23,053757;-45,608791;"SPRF-SP";"DEL06-SP";"UOP02-DEL02-SP"
150571;2018-08-02;"quinta-feira";"22:00:00";"PR";369;131;"IBIPORA";"Velocidade Incompatível";"Colisão traseira";"Com Vítimas Feridas";"Plena Noite";"Decrescente";"Nublado";"Dupla";"Reta";"Não";2;0;1;0;1;0;1;2;-23,262096;-50,99344784;"SPRF-PR";"DEL07-PR";"UOP01-DEL07-PR"
150572;2018-08-02;"quinta-feira";"20:05:00";"SC";280;250,2;"CANOINHAS";"Falta de Atenção à Condução";"Saída de leito carroçável";"Sem Vítimas";"Plena Noite";"Decrescente";"Nublado";"Simples";"Reta";"Não";2;0;0;0;2;0;0;1;-26,2549;-50,542595;"SPRF-SC";"DEL06-SC";"UOP04-DEL06-SC"
150574;2018-08-02;"quinta-feira";"21:30:00";"MG";50;29;"ARAGUARI";"Pista Escorregadia";"Capotamento";"Com Vítimas Feridas";"Plena Noite";"Decrescente";"Nublado";"Dupla";"Curva";"Não";3;0;1;0;2;0;1;1;-18,6416;-48,1246;"SPRF-MG";"DEL15-MG";"UOP02-DEL15-MG"
150576;2018-08-02;"quinta-feira";"22:55:00";"GO";60;96;"ANAPOLIS";"Animais na Pista";"Atropelamento de Animal";"Com Vítimas Feridas";"Plena Noite";"Decrescente";"Céu Claro";"Dupla";"Reta";"Sim";2;0;1;0;1;0;1;2;-16,369706;-48,94145;"SPRF-GO";"DEL02-GO";"UOP01-DEL02-GO"
150577;2018-08-02;"quinta-feira";"21:40:00";"MT";70;0,7;"BARRA DO GARCAS";"Falta de Atenção à Condução";"Atropelamento de Pedestre";"Com Vítimas Feridas";"Plena Noite";"Crescente";"Céu Claro";"Simples";"Reta;Aclive";"Sim";2;0;1;0;0;1;1;2;-15,89288629;-52,25990295;"SPRF-MT";"DEL07-MT";"UOP01-DEL07-MT"
150578;2018-08-02;"quinta-feira";"23:05:00";"DF";70;17,8;"BRASILIA";"Animais na Pista";"Saída de leito carroçável";"Com Vítimas Feridas";"Pleno dia";"Crescente";"Céu Claro";"Dupla";"Reta";"Sim";2;0;2;0;0;0;2;1;-15,794133;-48,202095;"SPRF-DF";"DEL01-DF";"UOP02-DEL03-DF"
150580;2018-08-02;"quinta-feira";"22:10:00";"PR";376;213;"JANDAIA DO SUL";"Pista Escorregadia";"Saída de leito carroçável";"Com Vítimas Feridas";"Plena Noite";"Decrescente";"Chuva";"Dupla";"Curva";"Não";2;0;1;0;1;0;1;1;-23,580833;-51,65144;"SPRF-PR";"DEL07-PR";"UOP01-DEL09-PR"
150581;2018-08-02;"quinta-feira";"22:50:00";"SC";101;105,4;"PENHA";"Falta de Atenção do Pedestre";"Atropelamento de Pedestre";"Com Vítimas Feridas";"Plena Noite";"Crescente";"Chuva";"Simples";"Curva";"Não";2;0;1;0;1;0;1;2;-26,80741015;-48,68114948;"SPRF-SC";"DEL03-SC";"UOP02-DEL03-SC"
150583;2018-08-02;"quinta-feira";"18:30:00";"MT";364;274,8;"JACIARA";"Desobediência às normas de trânsito pelo condutor";"Colisão lateral";"Com Vítimas Feridas";"Pleno dia";"Crescente";"Céu Claro";"Dupla";"Curva";"Sim";2;0;0;1;1;0;1;2;-15,955702;-54,975105;"SPRF-MT";"DEL02-MT";"UOP02-DEL05-MT"
150584;2018-08-02;"quinta-feira";"23:20:00";"SC";101;1;"GARUVA";"Falta de Atenção à Condução";"Colisão com objeto estático";"Com Vítimas Feridas";"Plena Noite";"Crescente";"Chuva";"Múltipla";"Reta";"Não";3;0;2;0;1;0;2;1;-25,9973;-48,8786;"SPRF-SC";"DEL03-SC";"UOP01-DEL03-SC"
150586;2018-08-02;"quinta-feira";"21:30:00";"RJ";40;101;"DUQUE DE CAXIAS";"Falta de Atenção à Condução";"Colisão lateral";"Com Vítimas Feridas";"Plena Noite";"Crescente";"Nublado";"Simples";"Reta";"Sim";2;0;1;0;1;0;1;2;-22,6068006;-43,28705549;"SPRF-RJ";"DEL06-RJ";"UOP01-DEL06-RJ"
150587;2018-08-02;"quinta-feira";"23:45:00";"MG";153;237,7;"FRONTEIRA";"Ingestão de Álcool";"Saída de leito carroçável";"Com Vítimas Feridas";"Plena Noite";"Decrescente";"Céu Claro";"Simples";"Reta";"Não";1;0;1;0;0;0;1;1;-20,24158282;-49,16210175;"SPRF-MG";"DEL13-MG";"UOP02-DEL13-MG"
150588;2018-08-02;"quinta-feira";"23:30:00";"BA";324;610;"SIMOES FILHO";"Avarias e/ou desgaste excessivo no pneu";"Saída de leito carroçável";"Com Vítimas Feridas";"Plena Noite";"Crescente";"Garoa/Chuvisco";"Dupla";"Reta";"Não";2;0;1;1;0;0;2;1;-12,84661554;-38,41781616;"SPRF-BA";"DEL01-BA";"UOP01-DEL01-BA"
150591;2018-08-02;"quinta-feira";"23:45:00";"PR";373;173;"PONTA GROSSA";"Desobediência às normas de trânsito pelo condutor";"Colisão transversal";"Com Vítimas Feridas";"Plena Noite";"Decrescente";"Nublado";"Dupla";"Interseção de Vias";"Sim";2;0;0;1;1;0;1;2;-25,08061406;-50,20130217;"SPRF-PR";"DEL03-PR";"UOP01-DEL03-PR"
150592;2018-08-02;"quinta-feira";"23:50:00";"PR";376;459;"TIBAGI";"Falta de Atenção à Condução";"Saída de leito carroçável";"Sem Vítimas";"Plena Noite";"Crescente";"Garoa/Chuvisco";"Dupla";"Curva";"Não";1;0;0;0;1;0;0;1;-24,94219167;-50,40348172;"SPRF-PR";"DEL03-PR";"UOP01-DEL03-PR"
150593;2018-08-03;"sexta-feira";"00:25:00";"RO";364;238;"CACOAL";"Ultrapassagem Indevida";"Colisão lateral";"Com Vítimas Feridas";"Plena Noite";"Decrescente";"Céu Claro";"Simples";"Interseção de Vias";"Sim";3;0;0;1;2;0;1;2;-11,438724;-61,454862;"SPRF-RO";"DEL02-RO";"UOP02-DEL02-RO"
150595;2018-08-02;"quinta-feira";"23:45:00";"SC";470;119,9;"IBIRAMA";"Velocidade Incompatível";"Saída de leito carroçável";"Sem Vítimas";"Plena Noite";"Crescente";"Céu Claro";"Simples";"Curva";"Não";2;0;0;0;0;2;0;2;-27,07976017;-49,51484169;"SPRF-SC";"DEL04-SC";"UOP02-DEL04-SC"
150598;2018-08-03;"sexta-feira";"03:54:00";"GO";40;9,8;"LUZIANIA";"Ingestão de Álcool";"Saída de leito carroçável";"Sem Vítimas";"Plena Noite";"Crescente";"Céu Claro";"Dupla";"Reta";"Sim";1;0;0;0;1;0;0;1;-16,131158;-47,957739;"SPRF-DF";"DEL01-DF";"UOP01-DEL01-DF"
150600;2018-08-03;"sexta-feira";"04:26:00";"SC";280;58,2;"JARAGUA DO SUL";"Falta de Atenção à Condução";"Colisão transversal";"Com Vítimas Feridas";"Plena Noite";"Crescente";"Chuva";"Simples";"Reta";"Sim";3;0;2;0;1;0;2;2;-26,474155;-49,021248;"SPRF-SC";"DEL03-SC";"UOP03-DEL03-SC"
150604;2018-08-03;"sexta-feira";"05:00:00";"MG";50;206,5;"DELTA";"Falta de Atenção à Condução";"Colisão traseira";"Com Vítimas Feridas";"Plena Noite";"Decrescente";"Céu Claro";"Dupla";"Reta";"Não";4;0;3;0;1;0;3;2;-19,9833;-47,7886;"SPRF-MG";"DEL13-MG";"UOP01-DEL13-MG"
150605;2018-08-03;"sexta-feira";"05:00:00";"SP";116;230;"SAO PAULO";"Desobediência às normas de trânsito pelo pedestre";"Atropelamento de Pedestre";"Com Vítimas Fatais";"Plena Noite";"Decrescente";"Céu Claro";"Múltipla";"Reta";"Sim";2;1;0;0;1;0;0;2;-23,51614486;-46,58203125;"SPRF-SP";"DEL01-SP";"UOP01-DEL01-SP"
150606;2018-08-03;"sexta-feira";"04:40:00";"SP";153;274,2;"OCAUCU";"Falta de Atenção à Condução";"Capotamento";"Sem Vítimas";"Plena Noite";"Decrescente";"Chuva";"Simples";"Curva";"Não";1;0;0;0;1;0;0;1;-22,37026298;-49,8665472;"SPRF-SP";"DEL07-SP";"UOP02-DEL07-SP"
150607;2018-08-03;"sexta-feira";"04:50:00";"ES";262;3;"VILA VELHA";"Velocidade Incompatível";"Colisão com objeto estático";"Sem Vítimas";"Plena Noite";"Decrescente";"Chuva";"Dupla";"Reta";"Sim";1;0;0;0;1;0;0;1;-20,34044211;-40,35355568;"SPRF-ES";"DEL01-ES";"UOP01-DEL01-ES"
150608;2018-08-03;"sexta-feira";"05:35:00";"SP";116;128,8;"CACAPAVA";"Falta de Atenção do Pedestre";"Atropelamento de Pedestre";"Com Vítimas Fatais";"Plena Noite";"Decrescente";"Nublado";"Dupla";"Reta";"Não";2;1;0;0;1;0;0;2;-23,114546;-45,711056;"SPRF-SP";"DEL06-SP";"UOP02-DEL02-SP"
150610;2018-08-03;"sexta-feira";"04:00:00";"MG";40;618,2;"CONGONHAS";"Ingestão de Álcool";"Saída de leito carroçável";"Sem Vítimas";"Plena Noite";"Decrescente";"Céu Claro";"Simples";"Curva";"Não";4;0;0;0;2;2;0;2;-20,56945095;-43,8109982;"SPRF-MG";"DEL05-MG";"UOP02-DEL05-MG"
150613;2018-08-03;"sexta-feira";"06:50:00";"PR";277;592;"CASCAVEL";"Não guardar distância de segurança";"Colisão traseira";"Com Vítimas Feridas";"Pleno dia";"Crescente";"Chuva";"Dupla";"Reta";"Sim";3;0;2;0;1;0;2;2;-25,02817;-53,55983;"SPRF-PR";"DEL04-PR";"UOP01-DEL04-PR"
150614;2018-08-03;"sexta-feira";"07:20:00";"DF";40;4;"BRASILIA";"Falta de Atenção à Condução";"Colisão lateral";"Com Vítimas Feridas";"Pleno dia";"Decrescente";"Céu Claro";"Dupla";"Reta";"Sim";3;0;2;0;0;1;2;2;-16,01940561;-47,98064232;"SPRF-DF";"DEL01-DF";"UOP01-DEL01-DF"
150619;2018-07-15;"domingo";"09:45:00";"CE";222;300,1;"TIANGUA";"Ingestão de Álcool";"Colisão frontal";"Com Vítimas Feridas";"Pleno dia";"Decrescente";"Sol";"Simples";"Declive;Curva";"Não";2;0;0;1;1;0;1;2;-3,65339415;-40,9314537;"SPRF-CE";"DEL04-CE";"UOP02-DEL04-CE"
150620;2018-05-11;"sexta-feira";"07:45:00";"RS";386;446;"CANOAS";"Falta de Atenção à Condução";"Colisão lateral";"Sem Vítimas";"Pleno dia";"Decrescente";"Garoa/Chuvisco";"Dupla";"Curva";"Sim";2;0;0;0;2;0;0;2;-29,89242019;-51,1757021;"SPRF-RS";"DEL01-RS";"UOP01-DEL01-RS"
150621;2018-08-03;"sexta-feira";"07:02:00";"GO";364;196;"JATAI";"Velocidade Incompatível";"Colisão traseira";"Com Vítimas Feridas";"Pleno dia";"Crescente";"Céu Claro";"Dupla";"Reta";"Sim";2;0;1;0;0;1;1;2;-17,917234;-51,720665;"SPRF-GO";"DEL05-GO";"UOP01-DEL05-GO"
150623;2018-08-03;"sexta-feira";"07:50:00";"DF";40;5,9;"BRASILIA";"Falta de Atenção à Condução";"Queda de ocupante de veículo";"Com Vítimas Feridas";"Pleno dia";"Crescente";"Sol";"Dupla";"Reta";"Sim";1;0;1;0;0;0;1;1;-16,02886169;-47,97901154;"SPRF-DF";"DEL01-DF";"UOP01-DEL01-DF"
150624;2018-08-03;"sexta-feira";"07:30:00";"AL";101;78;"RIO LARGO";"Falta de Atenção à Condução";"Colisão lateral";"Com Vítimas Fatais";"Pleno dia";"Crescente";"Céu Claro";"Simples";"Interseção de Vias";"Não";2;1;0;0;1;0;0;2;-9,431196;-35,837425;"SPRF-AL";"DEL01-AL";"UOP01-DEL01-AL"
150625;2018-08-03;"sexta-feira";"07:40:00";"PR";277;109;"CAMPO LARGO";"Defeito Mecânico no Veículo";"Colisão lateral";"Sem Vítimas";"Pleno dia";"Crescente";"Nublado";"Dupla";"Reta";"Não";3;0;0;0;3;0;0;3;-25,43197628;-49,41870689;"SPRF-PR";"DEL01-PR";"UOP06-DEL01-PR"
150626;2018-08-03;"sexta-feira";"08:00:00";"SE";101;152,5;"ESTANCIA";"Falta de Atenção à Condução";"Colisão transversal";"Com Vítimas Feridas";"Pleno dia";"Crescente";"Céu Claro";"Simples";"Interseção de Vias";"Sim";3;0;0;1;2;0;1;2;-11,2414;-37,4316;"SPRF-SE";"DEL02-SE";"UOP01-DEL02-SE"
150629;2018-08-03;"sexta-feira";"07:50:00";"SC";470;18,5;"ILHOTA";"Falta de Atenção à Condução";"Saída de leito carroçável";"Com Vítimas Feridas";"Pleno dia";"Crescente";"Garoa/Chuvisco";"Simples";"Reta";"Não";1;0;0;1;0;0;1;1;-26,876698;-48,827362;"SPRF-SC";"DEL04-SC";"UOP04-DEL04-SC"
150630;2018-08-03;"sexta-feira";"08:00:00";"PE";101;83,9;"JABOATAO DOS GUARARAPES";"Defeito Mecânico no Veículo";"Capotamento";"Sem Vítimas";"Pleno dia";"Decrescente";"Céu Claro";"Dupla";"Curva";"Sim";1;0;0;0;1;0;0;1;-8,1773325;-34,9446329;"SPRF-PE";"DEL01-PE";"UOP03-DEL01-PE"
150632;2018-08-03;"sexta-feira";"06:50:00";"ES";101;284,4;"CARIACICA";"Desobediência às normas de trânsito pelo condutor";"Colisão traseira";"Com Vítimas Feridas";"Pleno dia";"Decrescente";"Chuva";"Dupla";"Curva;Declive";"Sim";2;0;1;0;1;0;1;2;-20,24089256;-40,36950793;"SPRF-ES";"DEL01-ES";"UOP01-DEL01-ES"
150634;2018-08-03;"sexta-feira";"07:54:00";"SP";116;227;"SAO PAULO";"Mal Súbito";"Colisão com objeto estático";"Com Vítimas Feridas";"Amanhecer";"Crescente";"Chuva";"Múltipla";"Viaduto";"Sim";1;0;1;0;0;0;1;1;-23,49835695;-46,56040192;"SPRF-SP";"DEL01-SP";"UOP01-DEL01-SP"
150636;2018-08-03;"sexta-feira";"08:15:00";"PE";101;100;"CABO DE SANTO AGOSTINHO";"Falta de Atenção à Condução";"Colisão traseira";"Com Vítimas Feridas";"Pleno dia";"Crescente";"Céu Claro";"Simples";"Reta";"Sim";3;0;0;1;2;0;1;3;-8,2768;-35,054;"SPRF-PE";"DEL01-PE";"UOP03-DEL01-PE"
150639;2018-08-03;"sexta-feira";"07:50:00";"MG";262;400,6;"PARA DE MINAS";"Não guardar distância de segurança";"Colisão traseira";"Com Vítimas Feridas";"Pleno dia";"Crescente";"Sol";"Dupla";"Reta";"Sim";2;0;1;0;1;0;1;2;-19,88333786;-44,60599422;"SPRF-MG";"DEL08-MG";"UOP03-DEL08-MG"
150640;2018-08-03;"sexta-feira";"08:30:00";"DF";70;3,9;"BRASILIA";"Falta de Atenção à Condução";"Colisão traseira";"Sem Vítimas";"Pleno dia";"Decrescente";"Céu Claro";"Dupla";"Reta";"Sim";4;0;0;0;4;0;0;2;-15,79956274;-48,08783412;"SPRF-DF";"DEL01-DF";"UOP02-DEL03-DF"
150641;2018-08-03;"sexta-feira";"08:40:00";"BA";418;90;"CARAVELAS";"Falta de Atenção à Condução";"Colisão transversal";"Com Vítimas Feridas";"Pleno dia";"Decrescente";"Céu Claro";"Simples";"Reta";"Não";3;0;1;0;1;1;1;3;-17,72318027;-39,52983856;"SPRF-BA";"DEL09-BA";"UOP02-DEL09-BA"
150642;2018-06-20;"quarta-feira";"23:00:00";"PR";376;299,8;"MAUA DA SERRA";"Velocidade Incompatível";"Saída de leito carroçável";"Com Vítimas Feridas";"Plena Noite";"Crescente";"Nublado";"Dupla";"Curva";"Não";1;0;1;0;0;0;1;1;-23,93736893;-51,16599971;"SPRF-PR";"DEL07-PR";"UOP02-DEL07-PR"
150643;2018-08-03;"sexta-feira";"08:35:00";"SC";280;55,8;"GUARAMIRIM";"Falta de Atenção à Condução";"Colisão transversal";"Com Vítimas Feridas";"Pleno dia";"Decrescente";"Garoa/Chuvisco";"Simples";"Reta";"Sim";2;0;1;0;1;0;1;2;-26,47951598;-49,00284076;"SPRF-SC";"DEL03-SC";"UOP03-DEL03-SC"
150644;2018-08-03;"sexta-feira";"08:55:00";"SC";101;194;"BIGUACU";"Desobediência às normas de trânsito pelo condutor";"Colisão transversal";"Com Vítimas Feridas";"Pleno dia";"Crescente";"Chuva";"Dupla";"Reta";"Sim";2;0;1;0;1;0;1;2;-27,5055;-48,6491;"SPRF-SC";"DEL01-SC";"UOP01-DEL01-SC"
150646;2018-08-03;"sexta-feira";"08:40:00";"ES";101;144,3;"LINHARES";"Não guardar distância de segurança";"Colisão traseira";"Com Vítimas Feridas";"Pleno dia";"Crescente";"Nublado";"Simples";"Reta";"Sim";2;0;0;1;1;0;1;2;-19,37236906;-40,06602287;"SPRF-ES";"DEL04-ES";"UOP01-DEL04-ES"
150647;2018-08-03;"sexta-feira";"09:00:00";"ES";101;107;"SOORETAMA";"Falta de Atenção à Condução";"Queda de ocupante de veículo";"Com Vítimas Feridas";"Pleno dia";"Decrescente";"Nublado";"Simples";"Declive";"Não";1;0;0;1;0;0;1;1;-19,04394507;-40,02619743;"SPRF-ES";"DEL04-ES";"UOP01-DEL04-ES"
150650;2018-08-03;"sexta-feira";"09:30:00";"PE";407;129;"PETROLINA";"Falta de Atenção à Condução";"Colisão lateral";"Com Vítimas Feridas";"Pleno dia";"Decrescente";"Céu Claro";"Dupla";"Rotatória";"Sim";2;0;1;0;1;0;1;2;-9,39904168;-40,50455332;"SPRF-PE";"DEL06-PE";"UOP01-DEL06-PE"
150651;2018-08-03;"sexta-feira";"10:00:00";"PR";373;422,9;"CANDOI";"Velocidade Incompatível";"Colisão frontal";"Com Vítimas Feridas";"Pleno dia";"Crescente";"Chuva";"Simples";"Curva";"Não";2;0;2;0;0;0;2;2;-25,71053182;-52,17730813;"SPRF-PR";"DEL03-PR";"UOP01-DEL08-PR"
150655;2018-08-03;"sexta-feira";"10:10:00";"GO";40;24;"LUZIANIA";"Falta de Atenção à Condução";"Colisão transversal";"Com Vítimas Feridas";"Pleno dia";"Crescente";"Céu Claro";"Dupla";"Reta";"Sim";4;0;1;1;2;0;2;2;-16,25383431;-47,8995689;"SPRF-DF";"DEL01-DF";"UOP01-DEL01-DF"
150656;2018-06-09;"sábado";"19:53:00";"PR";369;183;"ARAPONGAS";"Desobediência às normas de trânsito pelo condutor";"Colisão transversal";"Com Vítimas Feridas";"Plena Noite";"Crescente";"Ignorado";"Simples";"Interseção de Vias";"Sim";2;0;0;1;1;0;1;2;-23,39419348;-51,42414716;"SPRF-PR";"DEL07-PR";"UOP03-DEL07-PR"