"id";"data_inversa";"dia_semana";"horario";"uf";"br";"km";"municipio";"causa_acidente";"tipo_acidente";"classificacao_acidente";"fase_dia";"sentido_via";"condicao_metereologica";"tipo_pista";"tracado_via";"uso_solo";"pessoas";"mortos";"feridos_leves";"feridos_graves";"ilesos";"ignorados";"feridos";"veiculos";"latitude";"longitude";"regional";"delegacia";"uop"
150773;2018-08-03;"sexta-feira";"18:00:00";"MT";174;9,2;"PONTES E LACERDA";"Ingestão de Álcool";"Capotamento";"Com Vítimas Feridas";"Plena Noite";"Decrescente";"Céu Claro";"Simples";"Reta";"Não";3;0;1;1;1;0;2;1;-15,20256;-59,37065;"SPRF-MT";"DEL03-MT";"UOP01-DEL03-MT"
150774;2018-08-03;"sexta-feira";"18:00:00";"PR";163;32,6;"SANTO ANTONIO DO SUDOESTE";"Falta de Atenção à Condução";"Saída de leito carroçável";"Com Vítimas Feridas";"Anoitecer";"Crescente";"Garoa/Chuvisco";"Simples";"Reta;Declive";"Não";1;0;1;0;0;0;1;1;-26,0860798;-53,71576309;"SPRF-PR";"DEL02-PR";"UOP02-DEL02-PR"
150775;2018-08-03;"sexta-feira";"17:30:00";"MG";356;267,2;"MURIAE";"Falta de Atenção à Condução";"Colisão transversal";"Com Vítimas Feridas";"Anoitecer";"Crescente";"Nublado";"Simples";"Reta;Interseção de Vias";"Sim";2;0;1;0;1;0;1;2;-21,1258379;-42,35574692;"SPRF-MG";"DEL07-MG";"UOP02-DEL07-MG"
150776;2018-08-03;"sexta-feira";"19:00:00";"SC";101;204;"SAO JOSE";"Falta de Atenção à Condução";"Colisão lateral";"Com Vítimas Feridas";"Plena Noite";"Crescente";"Céu Claro";"Múltipla";"Reta";"Sim";2;0;1;0;1;0;1;2;-27,5832;-48,6151;"SPRF-SC";"DEL01-SC";"UOP01-DEL01-SC"
150778;2018-08-03;"sexta-feira";"18:40:00";"RJ";40;106;"DUQUE DE CAXIAS";"Falta de Atenção à Condução";"Colisão com objeto estático";"Com Vítimas Feridas";"Plena Noite";"Decrescente";"Chuva";"Múltipla";"Reta";"Não";1;0;1;0;0;0;1;1;-22,6565;-43,2837;"SPRF-RJ";"DEL01-RJ";"UOP01-DEL01-RJ"
150779;2018-08-03;"sexta-feira";"19:00:00";"RJ";116;176;"NOVA IGUACU";"Falta de Atenção à Condução";"Colisão lateral";"Com Vítimas Feridas";"Plena Noite";"Crescente";"Chuva";"Dupla";"Reta";"Sim";1;0;1;0;0;0;1;1;-22,7545358;-43,4343637;"SPRF-RJ";"DEL01-RJ";"UOP02-DEL01-RJ"
150781;2018-08-03;"sexta-feira";"18:25:00";"RN";101;164;"CANGUARETAMA";"Ingestão de Álcool";"Queda de ocupante de veículo";"Com Vítimas Feridas";"Plena Noite";"Crescente";"Céu Claro";"Dupla";"Reta";"Não";1;0;0;1;0;0;1;1;-6,401251;-35,135519;"SPRF-RN";"DEL01-RN";"UOP01-DEL01-RN"
150782;2018-08-03;"sexta-feira";"19:15:00";"SC";101;201;"SAO JOSE";"Falta de Atenção à Condução";"Colisão com objeto estático";"Com Vítimas Feridas";"Plena Noite";"Crescente";"Nublado";"Dupla";"Reta";"Sim";1;0;1;0;0;0;1;1;-27,54883964;-48,61964811;"SPRF-SC";"DEL01-SC";"UOP01-DEL01-SC"
150783;2018-08-03;"sexta-feira";"19:50:00";"PR";376;175,8;"MARINGA";"Falta de Atenção à Condução";"Atropelamento de Pedestre";"Com Vítimas Feridas";"Plena Noite";"Crescente";"Chuva";"Múltipla";"Reta";"Sim";3;0;2;0;1;0;2;2;-23,411356;-51,940777;"SPRF-PR";"DEL07-PR";"UOP01-DEL09-PR"
150789;2018-08-03;"sexta-feira";"18:00:00";"PI";230;310;"FLORIANO";"Ingestão de Álcool";"Colisão frontal";"Com Vítimas Feridas";"Plena Noite";"Crescente";"Céu Claro";"Simples";"Reta";"Sim";4;0;1;0;3;0;1;2;-6,76166648;-43,01094353;"SPRF-PI";"DEL03-PI";"UOP01-DEL03-PI"
150790;2018-08-03;"sexta-feira";"20:25:00";"PR";369;130;"JATAIZINHO";"Velocidade Incompatível";"Saída de leito carroçável";"Com Vítimas Feridas";"Plena Noite";"Decrescente";"Chuva";"Dupla";"Curva";"Sim";1;0;1;0;0;0;1;1;-23,25715772;-50,98312855;"SPRF-PR";"DEL07-PR";"UOP01-DEL07-PR"
150791;2018-08-03;"sexta-feira";"20:18:00";"MG";381;495,8;"BETIM";"Falta de Atenção do Pedestre";"Atropelamento de Pedestre";"Com Vítimas Feridas";"Plena Noite";"Crescente";"Chuva";"Dupla";"Reta";"Sim";2;0;1;0;1;0;1;2;-19,97512347;-44,19053078;"SPRF-MG";"DEL01-MG";"UOP03-DEL01-MG"
150792;2018-08-03;"sexta-feira";"20:00:00";"SC";101;135;"BALNEARIO CAMBORIU";"Falta de Atenção à Condução";"Colisão com objeto estático";"Sem Vítimas";"Plena Noite";"Decrescente";"Céu Claro";"Dupla";"Curva";"Sim";1;0;0;0;1;0;0;1;-27,0053138;-48,62458558;"SPRF-SC";"DEL04-SC";"UOP03-DEL04-SC"
150793;2018-08-03;"sexta-feira";"13:10:00";"MG";40;133,6;"JOAO PINHEIRO";"Animais na Pista";"Saída de leito carroçável";"Com Vítimas Feridas";"Pleno dia";"Crescente";"Céu Claro";"Simples";"Reta";"Não";1;0;1;0;0;0;1;1;-17,715776;-46,253035;"SPRF-MG";"DEL14-MG";"UOP01-DEL14-MG"
150794;2018-08-03;"sexta-feira";"19:30:00";"PB";230;83,5;"CALDAS BRANDAO";"Desobediência às normas de trânsito pelo condutor";"Colisão frontal";"Com Vítimas Feridas";"Plena Noite";"Crescente";"Céu Claro";"Dupla";"Curva";"Não";2;0;0;1;1;0;1;2;-7,1669;-35,3355;"SPRF-PB";"DEL01-PB";"UOP03-DEL01-PB"
150796;2018-07-27;"sexta-feira";"15:00:00";"MS";267;81;"BATAGUASSU";"Falta de Atenção à Condução";"Colisão frontal";"Com Vítimas Feridas";"Pleno dia";"Decrescente";"Céu Claro";"Simples";"Reta";"Não";6;0;0;2;4;0;2;2;-21,879114;-52,875072;"SPRF-MS";"DEL02-MS";"DEL3/7-UOP01/MS"
150797;2018-08-03;"sexta-feira";"20:00:00";"MG";116;210;"CATUJI";"Falta de Atenção à Condução";"Atropelamento de Pedestre";"Com Vítimas Feridas";"Plena Noite";"Crescente";"Nublado";"Simples";"Reta";"Sim";2;0;1;1;0;0;2;2;-17,314554;-41,523422;"SPRF-MG";"DEL11-MG";"UOP01-DEL11-MG"
150799;2018-08-03;"sexta-feira";"21:10:00";"DF";40;4,2;"BRASILIA";"Falta de Atenção à Condução";"Colisão lateral";"Com Vítimas Feridas";"Plena Noite";"Crescente";"Céu Claro";"Dupla";"Reta";"Sim";2;0;1;0;1;0;1;2;-16,013878;-47,9819994;"SPRF-DF";"DEL01-DF";"UOP01-DEL01-DF"
150800;2018-08-03;"sexta-feira";"20:50:00";"GO";80;20,7;"PADRE BERNARDO";"Ingestão de Álcool";"Saída de leito carroçável";"Sem Vítimas";"Plena Noite";"Crescente";"Céu Claro";"Simples";"Reta";"Não";1;0;0;0;1;0;0;1;-15,377257;-48,214469;"SPRF-DF";"DEL01-DF";"UOP02-DEL03-DF"
150801;2018-08-03;"sexta-feira";"21:30:00";"MG";364;34;"FRUTAL";"Falta de Atenção à Condução";"Colisão transversal";"Com Vítimas Feridas";"Plena Noite";"Decrescente";"Nublado";"Simples";"Curva";"Não";3;0;2;0;1;0;2;2;-19,99948309;-48,95233154;"SPRF-MG";"DEL13-MG";"UOP02-DEL13-MG"
150802;2018-08-03;"sexta-feira";"19:50:00";"PI";316;303;"PICOS";"Falta de Atenção do Pedestre";"Atropelamento de Pedestre";"Com Vítimas Fatais";"Plena Noite";"Decrescente";"Céu Claro";"Simples";"Aclive";"Sim";3;1;0;0;0;2;0;2;-7,066435;-41,51276;"SPRF-PI";"DEL04-PI";"UOP01-DEL04-PI"
150803;2018-08-03;"sexta-feira";"20:45:00";"RS";287;249;"SANTA MARIA";"Falta de Atenção à Condução";"Colisão traseira";"Sem Vítimas";"Plena Noite";"Crescente";"Céu Claro";"Simples";"Desvio Temporário;Em Obras";"Sim";4;0;0;0;4;0;0;2;-29,69413855;-53,86069787;"SPRF-RS";"DEL09-RS";"UOP01-DEL09-RS"
150804;2018-08-03;"sexta-feira";"21:00:00";"MG";381;362;"JOAO MONLEVADE";"Pista Escorregadia";"Capotamento";"Com Vítimas Feridas";"Plena Noite";"Decrescente";"Chuva";"Simples";"Curva";"Não";2;0;1;0;1;0;1;1;-19,84130043;-43,20009291;"SPRF-MG";"DEL03-MG";"UOP01-DEL03-MG"
150805;2018-08-03;"sexta-feira";"22:01:00";"PR";277;660,5;"MATELANDIA";"Falta de Atenção à Condução";"Capotamento";"Com Vítimas Feridas";"Pleno dia";"Crescente";"Garoa/Chuvisco";"Dupla";"Curva";"Sim";1;0;1;0;0;0;1;1;-25,252762;-53,99942;"SPRF-PR";"DEL05-PR";"UOP02-DEL05-PR"
150806;2018-07-08;"domingo";"10:30:00";"SP";116;107;"TAUBATE";"Não guardar distância de segurança";"Colisão traseira";"Com Vítimas Feridas";"Pleno dia";"Decrescente";"Céu Claro";"Dupla";"Reta";"Não";3;0;1;1;1;0;2;2;-23,01795;-45,530148;"SPRF-SP";"DEL06-SP";"UOP01-DEL06-SP"
150808;2018-08-03;"sexta-feira";"21:40:00";"RJ";101;65,3;"CAMPOS DOS GOYTACAZES";"Falta de Atenção à Condução";"Colisão transversal";"Com Vítimas Feridas";"Plena Noite";"Crescente";"Chuva";"Dupla";"Reta";"Sim";2;0;1;0;1;0;1;2;-21,75437794;-41,34634852;"SPRF-RJ";"DEL08-RJ";"UOP02-DEL08-RJ"
150813;2018-08-03;"sexta-feira";"21:20:00";"PR";116;105;"SAO JOSE DOS PINHAIS";"Velocidade Incompatível";"Colisão com objeto estático";"Sem Vítimas";"Plena Noite";"Decrescente";"Nublado";"Múltipla";"Reta";"Não";5;0;0;0;1;4;0;1;-25,566381;-49,168457;"SPRF-PR";"DEL01-PR";"UOP01-DEL01-PR"
150817;2018-08-03;"sexta-feira";"17:30:00";"RJ";393;242,5;"VASSOURAS";"Desobediência às normas de trânsito pelo condutor";"Colisão com objeto estático";"Sem Vítimas";"Anoitecer";"Crescente";"Chuva";"Simples";"Curva";"Não";3;0;0;0;3;0;0;1;-22,43566393;-43,73108983;"SPRF-RJ";"DEL05-RJ";"UOP03-DEL05-RJ"
150818;2018-08-04;"sábado";"00:26:00";"DF";40;2;"BRASILIA";"Ingestão de Álcool";"Colisão com objeto estático";"Sem Vítimas";"Plena Noite";"Decrescente";"Céu Claro";"Dupla";"Reta";"Sim";1;0;0;0;1;0;0;1;-15,997335;-47,985283;"SPRF-DF";"DEL01-DF";"UOP01-DEL01-DF"
150820;2018-08-03;"sexta-feira";"18:50:00";"MG";354;708,9;"CAXAMBU";"Restrição de Visibilidade";"Colisão frontal";"Com Vítimas Feridas";"Plena Noite";"Decrescente";"Chuva";"Simples";"Aclive";"Não";2;0;1;1;0;0;2;2;-22,01573328;-44,92687309;"SPRF-MG";"DEL05-MG";"DEL5/4-UOP01/MG"
150822;2018-08-03;"sexta-feira";"22:15:00";"RR";174;511;"BOA VISTA";"Defeito na Via";"Queda de ocupante de veículo";"Com Vítimas Feridas";"Plena Noite";"Crescente";"Céu Claro";"Simples";"Reta";"Não";1;0;1;0;0;0;1;1;2,86422092;-60,69726348;"SPRF-RR";"DEL01-RR";"UOP01-DEL01-RR"
150824;2018-08-04;"sábado";"01:00:00";"MG";116;277,7;"TEOFILO OTONI";"Falta de Atenção à Condução";"Colisão lateral";"Com Vítimas Feridas";"Plena Noite";"Decrescente";"Céu Claro";"Dupla";"Interseção de Vias";"Sim";2;0;1;0;1;0;1;2;-17,861112;-41,514925;"SPRF-MG";"DEL11-MG";"UOP01-DEL11-MG"
150825;2018-08-04;"sábado";"01:20:00";"RJ";393;172;"TRES RIOS";"Falta de Atenção à Condução";"Saída de leito carroçável";"Com Vítimas Feridas";"Plena Noite";"Decrescente";"Chuva";"Simples";"Reta";"Não";1;0;1;0;0;0;1;1;-22,119568;-43,160095;"SPRF-RJ";"DEL06-RJ";"UOP01-DEL05-RJ"
150827;2018-08-04;"sábado";"00:00:00";"PR";277;678;"MEDIANEIRA";"Falta de Atenção à Condução";"Queda de ocupante de veículo";"Com Vítimas Feridas";"Plena Noite";"Decrescente";"Garoa/Chuvisco";"Dupla";"Reta";"Não";1;0;1;0;0;0;1;1;-25,312609;-54,148743;"SPRF-PR";"DEL05-PR";"UOP01-DEL05-PR"
150828;2018-08-04;"sábado";"00:44:00";"PR";277;534;"IBEMA";"Restrição de Visibilidade";"Colisão frontal";"Com Vítimas Fatais";"Plena Noite";"Crescente";"Nevoeiro/Neblina";"Simples";"Reta";"Não";2;1;1;0;0;0;1;2;-25,1073044;-52,99459219;"SPRF-PR";"DEL04-PR";"UOP04-DEL04-PR"
150829;2018-08-03;"sexta-feira";"23:50:00";"BA";242;837;"BARREIRAS";"Condutor Dormindo";"Saída de leito carroçável";"Com Vítimas Feridas";"Plena Noite";"Crescente";"Céu Claro";"Simples";"Reta";"Não";1;0;1;0;0;0;1;1;-12,095666;-45,380161;"SPRF-BA";"DEL10-BA";"UOP01-DEL10-BA"
150830;2018-08-04;"sábado";"00:44:00";"SC";282;6;"SAO JOSE";"Ingestão de Álcool";"Saída de leito carroçável";"Com Vítimas Feridas";"Plena Noite";"Decrescente";"Nublado";"Dupla";"Curva";"Sim";2;0;1;1;0;0;2;1;-27,58758618;-48,61550862;"SPRF-SC";"DEL01-SC";"UOP01-DEL01-SC"
150832;2018-08-04;"sábado";"00:55:00";"PR";476;224;"LAPA";"Ingestão de Álcool";"Saída de leito carroçável";"Com Vítimas Feridas";"Amanhecer";"Crescente";"Céu Claro";"Simples";"Curva";"Não";2;0;1;0;1;0;1;1;-25,848568;-49,941429;"SPRF-PR";"DEL02-PR";"UOP04-DEL02-PR"
150834;2018-08-04;"sábado";"01:30:00";"RS";116;397,8;"CAMAQUA";"Falta de Atenção à Condução";"Colisão com objeto estático";"Com Vítimas Feridas";"Plena Noite";"Decrescente";"Nevoeiro/Neblina";"Simples";"Rotatória";"Sim";1;0;1;0;0;0;1;1;-30,85881;-51,787753;"SPRF-RS";"DEL02-RS";"UOP03-DEL02-RS"
150835;2018-08-04;"sábado";"02:00:00";"PR";277;117;"CAMPO LARGO";"Ingestão de Álcool";"Capotamento";"Sem Vítimas";"Plena Noite";"Decrescente";"Nublado";"Dupla";"Curva";"Não";1;0;0;0;1;0;0;1;-25,43524278;-49,52095801;"SPRF-PR";"DEL01-PR";"UOP06-DEL01-PR"
150836;2018-08-04;"sábado";"01:40:00";"MG";381;506,5;"SAO JOAQUIM DE BICAS";"Falta de Atenção à Condução";"Colisão traseira";"Com Vítimas Feridas";"Plena Noite";"Decrescente";"Chuva";"Dupla";"Reta";"Sim";2;0;1;0;0;1;1;2;-20,03980528;-44,25829411;"SPRF-MG";"DEL01-MG";"UOP03-DEL01-MG"
150837;2018-08-03;"sexta-feira";"22:20:00";"PR";376;679;"GUARATUBA";"Ingestão de Álcool";"Saída de leito carroçável";"Sem Vítimas";"Plena Noite";"Crescente";"Nublado";"Dupla";"Curva";"Não";1;0;0;0;1;0;0;1;-25,95310558;-48,90289307;"SPRF-PR";"DEL01-PR";"DEL7/1-UOP08/PR"
150839;2018-08-04;"sábado";"03:55:00";"RS";386;36,9;"FREDERICO WESTPHALEN";"Restrição de Visibilidade";"Colisão frontal";"Com Vítimas Feridas";"Plena Noite";"Decrescente";"Nevoeiro/Neblina";"Simples";"Reta";"Sim";3;0;3;0;0;0;3;2;-27,373381;-53,39772;"SPRF-RS";"DEL08-RS";"UOP02-DEL08-RS"
150841;2018-08-04;"sábado";"04:00:00";"SC";101;229;"PALHOCA";"Ingestão de Álcool";"Colisão traseira";"Sem Vítimas";"Plena Noite";"Crescente";"Ignorado";"Dupla";"Reta";"Não";2;0;0;0;2;0;0;2;-27,7768;-48,6346;"SPRF-SC";"DEL01-SC";"UOP02-DEL01-SC"
150842;2018-08-04;"sábado";"04:00:00";"PR";376;181;"MARINGA";"Desobediência às normas de trânsito pelo condutor";"Capotamento";"Sem Vítimas";"Plena Noite";"Crescente";"Chuva";"Múltipla";"Curva";"Sim";1;0;0;0;0;1;0;1;-23,4324498;-51,8870928;"SPRF-PR";"DEL07-PR";"UOP01-DEL09-PR"
150844;2018-08-04;"sábado";"04:30:00";"MG";381;934,3;"EXTREMA";"Velocidade Incompatível";"Colisão com objeto estático";"Com Vítimas Feridas";"Plena Noite";"Decrescente";"Chuva";"Simples";"Declive;Curva";"Não";4;0;3;0;1;0;3;1;-22,80569183;-46,25978529;"SPRF-MG";"DEL16-MG";"UOP03-DEL16-MG"
150845;2018-08-04;"sábado";"03:40:00";"SP";381;61;"MAIRIPORA";"Velocidade Incompatível";"Capotamento";"Sem Vítimas";"Plena Noite";"Crescente";"Chuva";"Dupla";"Declive;Curva";"Não";1;0;0;0;0;1;0;1;-23,29039148;-46,58026803;"SPRF-SP";"DEL03-SP";"UOP01-DEL03-SP"
150849;2018-08-04;"sábado";"04:30:00";"MG";40;728,3;"OLIVEIRA FORTES";"Restrição de Visibilidade";"Saída de leito carroçável";"Com Vítimas Feridas";"Plena Noite";"Crescente";"Chuva";"Dupla";"Declive;Curva";"Não";5;0;1;0;3;1;1;1;-21,3429;-43,5875;"SPRF-MG";"DEL05-MG";"UOP01-DEL05-MG"
150850;2018-08-04;"sábado";"05:15:00";"SE";101;94;"NOSSA SENHORA DO SOCORRO";"Falta de Atenção à Condução";"Colisão com objeto estático";"Com Vítimas Feridas";"Amanhecer";"Crescente";"Céu Claro";"Dupla";"Retorno Regulamentado";"Sim";1;0;1;0;0;0;1;1;-10,90548002;-37,14990377;"SPRF-SE";"DEL01-SE";"UOP01-DEL01-SE"
150853;2018-08-04;"sábado";"05:15:00";"RJ";40;125;"RIO DE JANEIRO";"Falta de Atenção à Condução";"Colisão frontal";"Com Vítimas Feridas";"Amanhecer";"Decrescente";"Garoa/Chuvisco";"Múltipla";"Curva";"Sim";8;0;6;1;1;0;7;2;-22,81305481;-43,28774214;"SPRF-RJ";"DEL01-RJ";"UOP01-DEL01-RJ"
150855;2018-08-04;"sábado";"05:20:00";"ES";101;140,4;"LINHARES";"Falta de Atenção à Condução";"Saída de leito carroçável";"Com Vítimas Fatais";"Amanhecer";"Decrescente";"Nublado";"Múltipla";"Reta";"Sim";6;1;3;1;1;0;4;1;-19,31924331;-40,07555008;"SPRF-ES";"DEL04-ES";"UOP01-DEL04-ES"
150856;2018-08-04;"sábado";"03:50:00";"RO";364;426;"JARU";"Ingestão de Álcool";"Colisão com objeto estático";"Sem Vítimas";"Plena Noite";"Crescente";"Céu Claro";"Simples";"Interseção de Vias;Reta";"Sim";1;0;0;0;1;0;0;1;-10,432428;-62,479607;"SPRF-RO";"DEL03-RO";"UOP02-DEL03-RO"
150857;2018-08-04;"sábado";"02:40:00";"MT";364;265;"SAO PEDRO DA CIPA";"Ingestão de Álcool";"Engavetamento";"Sem Vítimas";"Plena Noite";"Crescente";"Céu Claro";"Simples";"Declive";"Não";3;0;0;0;3;0;0;3;-16,00683463;-54,91734982;"SPRF-MT";"DEL02-MT";"UOP02-DEL05-MT"
150858;2018-08-04;"sábado";"04:50:00";"MG";116;763,2;"LEOPOLDINA";"Falta de Atenção à Condução";"Colisão transversal";"Sem Vítimas";"Plena Noite";"Decrescente";"Chuva";"Simples";"Interseção de Vias";"Sim";2;0;0;0;2;0;0;2;-21,52624736;-42,6328139;"SPRF-MG";"DEL07-MG";"UOP01-DEL07-MG"
150860;2018-08-04;"sábado";"02:40:00";"SC";163;108,6;"GUARUJA DO SUL";"Falta de Atenção à Condução";"Saída de leito carroçável";"Sem Vítimas";"Plena Noite";"Decrescente";"Céu Claro";"Simples";"Curva";"Não";1;0;0;0;0;1;0;1;-26,421654;-53,525715;"SPRF-SC";"DEL07-SC";"UOP04-DEL07-SC"
150861;2018-08-04;"sábado";"05:30:00";"AP";210;2,2;"MACAPA";"Condutor Dormindo";"Colisão frontal";"Com Vítimas Feridas";"Amanhecer";"Crescente";"Garoa/Chuvisco";"Múltipla";"Aclive";"Sim";2;0;1;1;0;0;2;2;0,08388161;-51,0801251;"SPRF-AP";"DEL01-AP";"UOP01-DEL01-AP"
150862;2018-08-03;"sexta-feira";"19:30:00";"TO";226;9;"PALMEIRAS DO TOCANTINS";"Ingestão de Álcool";"Colisão com objeto estático";"Com Vítimas Feridas";"Pleno dia";"Crescente";"Céu Claro";"Simples";"Reta";"Não";1;0;1;0;0;0;1;1;-6,593669;-47,52792;"SPRF-TO";"DEL02-TO";"UOP03-DEL02-TO"
150863;2018-08-04;"sábado";"04:30:00";"RJ";393;229,9;"VASSOURAS";"Falta de Atenção à Condução";"Saída de leito carroçável";"Com Vítimas Feridas";"Plena Noite";"Crescente";"Chuva";"Simples";"Curva";"Não";2;0;1;0;1;0;1;1;-22,37733333;-43,63583333;"SPRF-RJ";"DEL05-RJ";"UOP03-DEL05-RJ"
150865;2018-08-04;"sábado";"07:00:00";"SC";282;16,5;"PALHOCA";"Falta de Atenção à Condução";"Atropelamento de Pedestre";"Com Vítimas Feridas";"Pleno dia";"Crescente";"Céu Claro";"Simples";"Reta";"Sim";2;0;0;1;1;0;1;2;-27,658611;-48,681847;"SPRF-SC";"DEL01-SC";"UOP02-DEL01-SC"
150866;2018-08-04;"sábado";"07:05:00";"RS";290;99,9;"PORTO ALEGRE";"Falta de Atenção à Condução";"Colisão traseira";"Com Vítimas Feridas";"Amanhecer";"Crescente";"Nublado";"Dupla";"Ponte";"Não";3;0;2;0;1;0;2;2;-29,98883934;-51,23557806;"SPRF-RS";"DEL01-RS";"UOP01-DEL01-RS"
150867;2018-08-04;"sábado";"06:00:00";"SC";163;69;"SAO MIGUEL DO OESTE";"Falta de Atenção à Condução";"Colisão com objeto estático";"Sem Vítimas";"Amanhecer";"Crescente";"Garoa/Chuvisco";"Dupla";"Reta";"Sim";1;0;0;0;1;0;0;1;-26,741289;-53,501209;"SPRF-SC";"DEL07-SC";"UOP03-DEL07-SC"
150868;2018-08-04;"sábado";"07:20:00";"DF";70;9;"BRASILIA";"Falta de Atenção à Condução";"Colisão lateral";"Com Vítimas Feridas";"Pleno dia";"Decrescente";"Céu Claro";"Dupla";"Reta";"Sim";2;0;1;0;1;0;1;2;-15,79027138;-48,15264702;"SPRF-DF";"DEL01-DF";"UOP02-DEL03-DF"
150871;2018-08-04;"sábado";"07:30:00";"RS";116;415,6;"CAMAQUA";"Ultrapassagem Indevida";"Colisão frontal";"Com Vítimas Feridas";"Pleno dia";"Crescente";"Nevoeiro/Neblina";"Simples";"Reta";"Não";4;0;3;1;0;0;4;2;-30,94419405;-51,94464684;"SPRF-RS";"DEL02-RS";"UOP03-DEL02-RS"
150872;2018-08-04;"sábado";"07:55:00";"SC";101;335;"TUBARAO";"Desobediência às normas de trânsito pelo condutor";"Colisão transversal";"Com Vítimas Feridas";"Pleno dia";"Crescente";"Céu Claro";"Simples";"Interseção de Vias";"Sim";2;0;0;1;1;0;1;2;-28,4696188;-49,0150007;"SPRF-SC";"DEL02-SC";"UOP01-DEL02-SC"
150873;2018-08-04;"sábado";"07:05:00";"MS";163;241,5;"DOURADOS";"Condutor Dormindo";"Saída de leito carroçável";"Com Vítimas Feridas";"Pleno dia";"Decrescente";"Nublado";"Simples";"Reta";"Não";3;0;0;3;0;0;3;1;-22,37653328;-54,79374392;"SPRF-MS";"DEL04-MS";"UOP01-DEL04-MS"
150875;2018-08-04;"sábado";"07:30:00";"MG";262;379;"JUATUBA";"Velocidade Incompatível";"Colisão com objeto estático";"Com Vítimas Feridas";"Pleno dia";"Decrescente";"Chuva";"Dupla";"Curva";"Não";1;0;1;0;0;0;1;1;-19,937;-44,4308;"SPRF-MG";"DEL01-MG";"UOP03-DEL01-MG"
150876;2018-08-04;"sábado";"08:00:00";"SC";101;209;"SAO JOSE";"Falta de Atenção à Condução";"Colisão lateral";"Com Vítimas Feridas";"Pleno dia";"Decrescente";"Sol";"Múltipla";"Interseção de Vias;Reta";"Sim";2;0;1;0;1;0;1;2;-27,61682724;-48,64569068;"SPRF-SC";"DEL01-SC";"UOP01-DEL01-SC"
150878;2018-08-04;"sábado";"07:40:00";"DF";70;2,3;"BRASILIA";"Falta de Atenção à Condução";"Engavetamento";"Com Vítimas Feridas";"Amanhecer";"Decrescente";"Céu Claro";"Dupla";"Reta";"Sim";8;0;1;0;7;0;1;3;-15,799483;-48,07550026;"SPRF-DF";"DEL01-DF";"UOP02-DEL03-DF"
150879;2018-08-04;"sábado";"08:10:00";"CE";116;1;"FORTALEZA";"Falta de Atenção à Condução";"Colisão traseira";"Sem Vítimas";"Pleno dia";"Decrescente";"Céu Claro";"Dupla";"Reta";"Não";3;0;0;0;3;0;0;3;-3,7616496;-38,5186851;"SPRF-CE";"DEL01-CE";"UOP02-DEL01-CE"
150880;2018-08-04;"sábado";"07:10:00";"MT";163;829;"SINOP";"Falta de Atenção à Condução";"Queda de ocupante de veículo";"Com Vítimas Feridas";"Pleno dia";"Crescente";"Céu Claro";"Dupla";"Interseção de Vias";"Sim";2;0;1;0;1;0;1;1;-11,912867;-55,508592;"SPRF-MT";"DEL06-MT";"UOP01-DEL06-MT"
150883;2018-08-04;"sábado";"07:40:00";"SC";101;204;"SAO JOSE";"Ingestão de Álcool";"Saída de leito carroçável";"Sem Vítimas";"Pleno dia";"Decrescente";"Céu Claro";"Múltipla";"Declive";"Sim";2;0;0;0;2;0;0;1;-27,57615576;-48,61320376;"SPRF-SC";"DEL01-SC";"UOP01-DEL01-SC"
150884;2018-08-04;"sábado";"08:45:00";"BA";101;895,9;"CARAVELAS";"Falta de Atenção à Condução";"Saída de leito carroçável";"Com Vítimas Feridas";"Pleno dia";"Crescente";"Céu Claro";"Simples";"Curva";"Não";1;0;1;0;0;0;1;1;-17,69276408;-39,77531433;"SPRF-BA";"DEL09-BA";"UOP02-DEL09-BA"
150885;2018-02-07;"quarta-feira";"07:26:00";"RN";304;192,4;"LAJES";"Falta de Atenção à Condução";"Queda de ocupante de veículo";"Com Vítimas Feridas";"Pleno dia";"Crescente";"Ignorado";"Simples";"Reta";"Sim";1;0;1;0;0;0;1;1;-5,705923;-36,233528;"SPRF-RN";"DEL01-RN";"UOP03-DEL01-RN"
150886;2018-08-04;"sábado";"07:45:00";"PI";230;253,8;"OEIRAS";"Desobediência às normas de trânsito pelo condutor";"Colisão transversal";"Com Vítimas Feridas";"Pleno dia";"Crescente";"Céu Claro";"Simples";"Reta";"Não";4;0;1;0;3;0;1;2;-6,99253007;-42,57726789;"SPRF-PI";"DEL03-PI";"UOP01-DEL03-PI"
150887;2018-08-04;"sábado";"09:00:00";"SC";101;372,5;"ICARA";"Condutor Dormindo";"Saída de leito carroçável";"Com Vítimas Feridas";"Pleno dia";"Crescente";"Céu Claro";"Múltipla";"Reta";"Não";1;0;1;0;0;0;1;1;-28,70775301;-49,21148121;"SPRF-SC";"DEL02-SC";"UOP01-DEL02-SC"
150888;2018-08-04;"sábado";"08:00:00";"MT";163;837;"SINOP";"Falta de Atenção à Condução";"Colisão transversal";"Com Vítimas Feridas";"Pleno dia";"Crescente";"Céu Claro";"Simples";"Interseção de Vias";"Sim";3;0;0;1;2;0;1;2;-11,86735091;-55,52490234;"SPRF-MT";"DEL06-MT";"UOP02-DEL06-MT"
150889;2018-08-04;"sábado";"07:00:00";"GO";50;110;"CRISTALINA";"Ingestão de Álcool";"Colisão com objeto estático";"Sem Vítimas";"Pleno dia";"Decrescente";"Céu Claro";"Dupla";"Reta";"Não";1;0;0;0;1;0;0;1;-16,85606;-47,676922;"SPRF-DF";"DEL01-DF";"UOP02-DEL01-DF"