"id";"data_inversa";"dia_semana";"horario";"uf";"br";"km";"municipio";"causa_acidente";"tipo_acidente";"classificacao_acidente";"fase_dia";"sentido_via";"condicao_metereologica";"tipo_pista";"tracado_via";"uso_solo";"pessoas";"mortos";"feridos_leves";"feridos_graves";"ilesos";"ignorados";"feridos";"veiculos";"latitude";"longitude";"regional";"delegacia";"uop"
150890;2018-08-04;"sábado";"08:30:00";"MG";381;521,5;"BRUMADINHO";"Velocidade Incompatível";"Saída de leito carroçável";"Com Vítimas Feridas";"Pleno dia";"Crescente";"Chuva";"Dupla";"Curva";"Não";4;0;2;0;2;0;2;1;-20,1265;-44,3024;"SPRF-MG";"DEL04-MG";"UOP03-DEL04-MG"
150891;2018-08-04;"sábado";"09:30:00";"MG";40;446;"PARAOPEBA";"Pista Escorregadia";"Colisão com objeto estático";"Com Vítimas Feridas";"Pleno dia";"Crescente";"Chuva";"Dupla";"Declive;Curva";"Não";1;0;1;0;0;0;1;1;-19,301;-44,3777;"SPRF-MG";"DEL02-MG";"UOP01-DEL02-MG"
150892;2018-07-15;"domingo";"18:35:00";"SC";282;561,8;"NOVA ERECHIM";"Falta de Atenção à Condução";"Colisão frontal";"Com Vítimas Fatais";"Plena Noite";"Decrescente";"Céu Claro";"Simples";"Reta";"Não";5;1;2;1;0;1;3;4;-26,9205776;-52,86053874;"SPRF-SC";"DEL07-SC";"UOP02-DEL07-SC"
150893;2018-08-04;"sábado";"07:45:00";"PA";316;2;"ANANINDEUA";"Não guardar distância de segurança";"Colisão traseira";"Com Vítimas Feridas";"Pleno dia";"Crescente";"Céu Claro";"Dupla";"Reta";"Sim";3;0;1;0;2;0;1;3;-1,396582;-48,422993;"SPRF-PA";"DEL01-PA";"DEL19/1-UOP05/PA"
150896;2018-08-04;"sábado";"06:45:00";"MG";262;480,1;"BOM DESPACHO";"Ingestão de Álcool";"Saída de leito carroçável";"Com Vítimas Feridas";"Pleno dia";"Decrescente";"Chuva";"Simples";"Declive;Reta";"Não";3;0;1;0;2;0;1;1;-19,78503804;-45,28010845;"SPRF-MG";"DEL08-MG";"UOP03-DEL08-MG"
150899;2018-08-03;"sexta-feira";"21:30:00";"RJ";116;226;"PIRAI";"Velocidade Incompatível";"Colisão com objeto estático";"Com Vítimas Feridas";"Plena Noite";"Crescente";"Chuva";"Dupla";"Curva";"Não";1;0;1;0;0;0;1;1;-22,65924968;-43,83867323;"SPRF-RJ";"DEL07-RJ";"UOP01-DEL07-RJ"
150900;2018-08-04;"sábado";"10:35:00";"CE";222;4,1;"CAUCAIA";"Falta de Atenção à Condução";"Atropelamento de Pedestre";"Com Vítimas Feridas";"Pleno dia";"Crescente";"Sol";"Múltipla";"Reta";"Não";2;0;0;1;0;1;1;2;-3,74161573;-38,60608578;"SPRF-CE";"DEL01-CE";"UOP01-DEL01-CE"
150901;2018-08-04;"sábado";"08:30:00";"SC";280;66,6;"JARAGUA DO SUL";"Ingestão de Substâncias Psicoativas";"Queda de ocupante de veículo";"Com Vítimas Feridas";"Pleno dia";"Decrescente";"Céu Claro";"Simples";"Reta";"Sim";2;0;0;1;1;0;1;1;-26,476068;-49,095695;"SPRF-SC";"DEL03-SC";"UOP03-DEL03-SC"
150902;2018-08-04;"sábado";"08:10:00";"MG";381;712;"CARMO DA CACHOEIRA";"Pista Escorregadia";"Colisão com objeto estático";"Com Vítimas Feridas";"Pleno dia";"Crescente";"Chuva";"Dupla";"Curva";"Não";4;0;2;0;2;0;2;1;-21,3742;-45,1916;"SPRF-MG";"DEL04-MG";"UOP02-DEL04-MG"
150904;2018-08-04;"sábado";"10:25:00";"SP";116;20,8;"LAVRINHAS";"Velocidade Incompatível";"Colisão traseira";"Com Vítimas Feridas";"Pleno dia";"Decrescente";"Sol";"Dupla";"Reta";"Não";2;0;1;0;1;0;1;2;-22,5760487;-44,87085164;"SPRF-SP";"DEL08-SP";"UOP02-DEL08-SP"
150906;2018-08-04;"sábado";"10:35:00";"ES";101;150,7;"LINHARES";"Desobediência às normas de trânsito pelo condutor";"Colisão lateral";"Com Vítimas Feridas";"Pleno dia";"Crescente";"Garoa/Chuvisco";"Múltipla";"Interseção de Vias";"Sim";2;0;1;0;1;0;1;2;-19,40711453;-40,06408644;"SPRF-ES";"DEL04-ES";"UOP01-DEL04-ES"
150907;2018-08-04;"sábado";"10:30:00";"CE";222;8,7;"CAUCAIA";"Falta de Atenção à Condução";"Colisão lateral";"Com Vítimas Feridas";"Pleno dia";"Decrescente";"Sol";"Dupla";"Reta";"Sim";3;0;1;1;1;0;2;2;-3,7664079;-38,6633943;"SPRF-CE";"DEL01-CE";"UOP01-DEL01-CE"
150908;2018-08-04;"sábado";"11:25:00";"MG";381;481,9;"CONTAGEM";"Falta de Atenção do Pedestre";"Atropelamento de Pedestre";"Com Vítimas Feridas";"Pleno dia";"Crescente";"Chuva";"Dupla";"Reta";"Sim";2;0;1;0;1;0;1;2;-19,959;-44,0704;"SPRF-MG";"DEL01-MG";"UOP03-DEL01-MG"
150910;2018-08-04;"sábado";"10:50:00";"PR";163;185;"SANTA TEREZA DO OESTE";"Velocidade Incompatível";"Saída de leito carroçável";"Com Vítimas Feridas";"Pleno dia";"Decrescente";"Garoa/Chuvisco";"Dupla";"Curva";"Não";4;0;3;0;1;0;3;1;-25,1403;-53,5855;"SPRF-PR";"DEL04-PR";"UOP05-DEL05-PR"
150912;2018-08-04;"sábado";"11:40:00";"MG";381;333;"NOVA ERA";"Velocidade Incompatível";"Saída de leito carroçável";"Com Vítimas Feridas";"Pleno dia";"Crescente";"Nublado";"Dupla";"Curva";"Sim";4;0;3;1;0;0;4;1;-19,76204892;-43,04788291;"SPRF-MG";"DEL03-MG";"UOP01-DEL03-MG"
150913;2018-08-04;"sábado";"11:10:00";"ES";101;66;"SAO MATEUS";"Desobediência às normas de trânsito pelo condutor";"Colisão transversal";"Com Vítimas Feridas";"Pleno dia";"Decrescente";"Sol";"Múltipla";"Reta";"Sim";3;0;3;0;0;0;3;3;-18,720545;-39,865883;"SPRF-ES";"DEL04-ES";"UOP02-DEL04-ES"
150914;2018-08-04;"sábado";"11:00:00";"MG";381;441;"SABARA";"Pista Escorregadia";"Capotamento";"Com Vítimas Feridas";"Pleno dia";"Crescente";"Chuva";"Simples";"Curva";"Não";2;0;2;0;0;0;2;1;-19,80070549;-43,75260785;"SPRF-MG";"DEL01-MG";"UOP01-DEL01-MG"
150915;2018-08-04;"sábado";"10:40:00";"MG";262;382;"JUATUBA";"Velocidade Incompatível";"Colisão com objeto estático";"Com Vítimas Feridas";"Pleno dia";"Crescente";"Chuva";"Dupla";"Curva";"Não";1;0;1;0;0;0;1;1;-19,932;-44,4595;"SPRF-MG";"DEL01-MG";"UOP03-DEL01-MG"
150916;2018-08-04;"sábado";"09:10:00";"SC";116;23,4;"ITAIOPOLIS";"Velocidade Incompatível";"Colisão com objeto estático";"Com Vítimas Feridas";"Pleno dia";"Decrescente";"Nublado";"Simples";"Interseção de Vias";"Não";1;0;0;1;0;0;1;1;-26,27042379;-49,91918206;"SPRF-SC";"DEL06-SC";"UOP01-DEL06-SC"
150919;2018-08-04;"sábado";"12:30:00";"PE";104;68;"CARUARU";"Falta de Atenção à Condução";"Colisão transversal";"Com Vítimas Feridas";"Pleno dia";"Crescente";"Céu Claro";"Dupla";"Aclive";"Sim";3;0;1;0;2;0;1;2;-8,30446028;-35,98899867;"SPRF-PE";"DEL02-PE";"UOP01-DEL02-PE"
150920;2018-08-04;"sábado";"12:10:00";"CE";116;44;"HORIZONTE";"Desobediência às normas de trânsito pelo condutor";"Colisão transversal";"Com Vítimas Feridas";"Pleno dia";"Crescente";"Céu Claro";"Dupla";"Reta";"Sim";2;0;1;0;1;0;1;2;-4,1325459;-38,4828315;"SPRF-CE";"DEL01-CE";"UOP02-DEL01-CE"
150921;2018-08-04;"sábado";"10:40:00";"PR";158;380,1;"LARANJEIRAS DO SUL";"Velocidade Incompatível";"Colisão traseira";"Com Vítimas Feridas";"Pleno dia";"Crescente";"Nublado";"Simples";"Reta";"Sim";3;0;1;0;2;0;1;2;-25,29367275;-52,3016113;"SPRF-PR";"DEL04-PR";"UOP02-DEL04-PR"
150922;2018-08-04;"sábado";"11:30:00";"SC";101;126;"ITAJAI";"Falta de Atenção à Condução";"Tombamento";"Com Vítimas Feridas";"Pleno dia";"Crescente";"Céu Claro";"Dupla";"Curva";"Não";1;0;1;0;0;0;1;1;-26,95022894;-48,68442178;"SPRF-SC";"DEL04-SC";"UOP04-DEL04-SC"
150924;2018-07-07;"sábado";"16:00:00";"CE";116;181,5;"LIMOEIRO DO NORTE";"Falta de Atenção à Condução";"Saída de leito carroçável";"Com Vítimas Feridas";"Pleno dia";"Crescente";"Céu Claro";"Simples";"Reta";"Não";1;0;0;1;0;0;1;1;-5,117457;-38,143829;"SPRF-CE";"DEL03-CE";"UOP01-DEL03-CE"
150925;2018-08-04;"sábado";"12:00:00";"BA";101;934,3;"MUCURI";"Falta de Atenção à Condução";"Colisão transversal";"Com Vítimas Feridas";"Pleno dia";"Crescente";"Sol";"Simples";"Interseção de Vias";"Sim";2;0;0;1;1;0;1;2;-17,99824;-39,86076;"SPRF-BA";"DEL09-BA";"UOP02-DEL09-BA"
150927;2018-08-04;"sábado";"11:30:00";"MT";163;838;"SINOP";"Falta de Atenção à Condução";"Colisão transversal";"Com Vítimas Feridas";"Pleno dia";"Decrescente";"Céu Claro";"Simples";"Reta";"Sim";2;0;1;0;1;0;1;2;-11,86063113;-55,4940033;"SPRF-MT";"DEL06-MT";"UOP02-DEL06-MT"
150928;2018-08-04;"sábado";"12:45:00";"PI";343;271;"CAMPO MAIOR";"Não guardar distância de segurança";"Colisão traseira";"Com Vítimas Feridas";"Pleno dia";"Decrescente";"Céu Claro";"Simples";"Reta";"Não";3;0;2;0;1;0;2;2;-4,86135754;-42,20861435;"SPRF-PI";"DEL01-PI";"UOP03-DEL01-PI"
150930;2018-08-04;"sábado";"12:30:00";"PA";316;10;"MARITUBA";"Ingestão de Álcool";"Colisão lateral";"Sem Vítimas";"Pleno dia";"Crescente";"Sol";"Dupla";"Reta";"Sim";2;0;0;0;2;0;0;2;-1,365636;-48,358788;"SPRF-PA";"DEL01-PA";"DEL19/1-UOP05/PA"
150931;2018-08-04;"sábado";"12:50:00";"DF";20;47;"BRASILIA";"Avarias e/ou desgaste excessivo no pneu";"Capotamento";"Com Vítimas Feridas";"Pleno dia";"Decrescente";"Céu Claro";"Dupla";"Reta";"Não";2;0;1;0;1;0;1;1;-15,583345;-47,449738;"SPRF-DF";"DEL02-DF";"UOP01-DEL02-DF"
150932;2018-08-04;"sábado";"13:30:00";"GO";60;92;"ANAPOLIS";"Falta de Atenção à Condução";"Colisão traseira";"Com Vítimas Feridas";"Pleno dia";"Decrescente";"Céu Claro";"Dupla";"Reta";"Sim";2;0;1;0;1;0;1;2;-16,35300546;-48,91991436;"SPRF-GO";"DEL02-GO";"UOP01-DEL02-GO"
150933;2018-08-04;"sábado";"13:20:00";"RS";116;241;"NOVO HAMBURGO";"Falta de Atenção à Condução";"Tombamento";"Com Vítimas Feridas";"Pleno dia";"Decrescente";"Nublado";"Múltipla";"Reta";"Sim";2;0;2;0;0;0;2;1;-29,7363327;-51,1500722;"SPRF-RS";"DEL01-RS";"UOP02-DEL01-RS"
150934;2018-08-04;"sábado";"12:15:00";"RN";101;94;"NATAL";"Desobediência às normas de trânsito pelo condutor";"Colisão traseira";"Com Vítimas Feridas";"Pleno dia";"Decrescente";"Céu Claro";"Dupla";"Reta";"Sim";3;0;1;0;1;1;1;3;-5,831766;-35,211914;"SPRF-RN";"DEL01-RN";"UOP01-DEL01-RN"
150935;2018-08-04;"sábado";"11:55:00";"SC";163;101;"SAO JOSE DO CEDRO";"Falta de Atenção à Condução";"Colisão transversal";"Com Vítimas Feridas";"Pleno dia";"Crescente";"Sol";"Simples";"Reta";"Não";7;0;4;0;3;0;4;2;-26,46438784;-53,50508982;"SPRF-SC";"DEL07-SC";"UOP03-DEL07-SC"
150937;2018-08-04;"sábado";"14:00:00";"PB";101;89;"JOAO PESSOA";"Desobediência às normas de trânsito pelo condutor";"Colisão lateral";"Com Vítimas Feridas";"Pleno dia";"Crescente";"Céu Claro";"Dupla";"Reta";"Sim";2;0;1;0;1;0;1;2;-7,17839297;-34,89972889;"SPRF-PB";"DEL01-PB";"UOP01-DEL01-PB"
150938;2018-08-04;"sábado";"11:40:00";"MG";40;629,6;"CONSELHEIRO LAFAIETE";"Falta de Atenção à Condução";"Colisão lateral";"Com Vítimas Feridas";"Pleno dia";"Crescente";"Chuva";"Simples";"Curva";"Sim";2;0;1;0;1;0;1;2;-20,65743209;-43,80297571;"SPRF-MG";"DEL05-MG";"UOP02-DEL05-MG"
150939;2018-08-04;"sábado";"13:00:00";"PA";230;142,4;"MARABA";"Velocidade Incompatível";"Saída de leito carroçável";"Com Vítimas Fatais";"Pleno dia";"Decrescente";"Sol";"Simples";"Curva";"Não";2;1;0;1;0;0;1;1;-5,29838;-49,278622;"SPRF-PA";"DEL03-PA";"UOP01-DEL03-PA"
150941;2018-08-04;"sábado";"13:40:00";"PR";277;729,6;"FOZ DO IGUACU";"Falta de Atenção à Condução";"Colisão lateral";"Com Vítimas Feridas";"Pleno dia";"Decrescente";"Nublado";"Dupla";"Curva";"Sim";2;0;1;0;1;0;1;2;-25,5062996;-54,59003448;"SPRF-PR";"DEL05-PR";"UOP03-DEL05-PR"
150943;2018-08-04;"sábado";"13:50:00";"RO";364;238,1;"CACOAL";"Falta de Atenção à Condução";"Colisão traseira";"Com Vítimas Feridas";"Pleno dia";"Crescente";"Sol";"Simples";"Interseção de Vias";"Sim";2;0;1;0;1;0;1;2;-11,4384432;-61,45483732;"SPRF-RO";"DEL02-RO";"UOP02-DEL02-RO"
150944;2018-08-04;"sábado";"13:40:00";"PR";376;249;"APUCARANA";"Não guardar distância de segurança";"Colisão traseira";"Com Vítimas Feridas";"Plena Noite";"Decrescente";"Nublado";"Dupla";"Reta";"Não";4;0;2;0;2;0;2;2;-23,6076339;-51,40624073;"SPRF-PR";"DEL07-PR";"UOP03-DEL07-PR"
150945;2018-08-04;"sábado";"13:40:00";"PR";376;407,5;"TIBAGI";"Velocidade Incompatível";"Saída de leito carroçável";"Com Vítimas Feridas";"Pleno dia";"Crescente";"Garoa/Chuvisco";"Simples";"Curva";"Não";2;0;1;0;1;0;1;1;-24,60462074;-50,6626153;"SPRF-PR";"DEL03-PR";"UOP02-DEL03-PR"
150946;2018-08-04;"sábado";"13:10:00";"DF";60;0,6;"BRASILIA";"Desobediência às normas de trânsito pelo condutor";"Colisão frontal";"Com Vítimas Feridas";"Pleno dia";"Crescente";"Céu Claro";"Dupla";"Reta";"Sim";2;0;0;1;1;0;1;2;-15,87524049;-48,04671938;"SPRF-DF";"DEL01-DF";"UOP01-DEL03-DF"
150947;2018-08-04;"sábado";"11:05:00";"MG";381;527,7;"BRUMADINHO";"Velocidade Incompatível";"Capotamento";"Com Vítimas Feridas";"Pleno dia";"Crescente";"Chuva";"Dupla";"Curva";"Não";2;0;1;0;1;0;1;1;-20,167;-44,3321;"SPRF-MG";"DEL04-MG";"UOP03-DEL04-MG"
150948;2018-08-04;"sábado";"11:10:00";"MG";381;559,8;"ITAGUARA";"Velocidade Incompatível";"Capotamento";"Com Vítimas Feridas";"Pleno dia";"Crescente";"Chuva";"Dupla";"Declive";"Não";1;0;1;0;0;0;1;1;-20,3637;-44,4681;"SPRF-MG";"DEL04-MG";"UOP03-DEL04-MG"
150949;2018-08-04;"sábado";"10:00:00";"MG";381;250,5;"SANTANA DO PARAISO";"Falta de Atenção à Condução";"Colisão transversal";"Com Vítimas Feridas";"Pleno dia";"Decrescente";"Céu Claro";"Simples";"Interseção de Vias";"Não";2;0;0;1;1;0;1;2;-19,45496721;-42,52251327;"SPRF-MG";"DEL06-MG";"UOP01-DEL06-MG"
150951;2018-08-04;"sábado";"13:00:00";"RN";101;78;"NATAL";"Falta de Atenção à Condução";"Colisão traseira";"Com Vítimas Feridas";"Pleno dia";"Decrescente";"Céu Claro";"Dupla";"Reta";"Sim";2;0;1;0;1;0;1;2;-5,740798;-35,290199;"SPRF-RN";"DEL02-RN";"UOP01-DEL02-RN"
150952;2018-08-04;"sábado";"15:00:00";"PA";308;9;"ANANINDEUA";"Ingestão de Álcool";"Colisão lateral";"Com Vítimas Feridas";"Pleno dia";"Crescente";"Sol";"Dupla";"Reta";"Sim";2;0;1;0;1;0;1;2;-1,366236;-48,367805;"SPRF-PA";"DEL01-PA";"DEL19/1-UOP05/PA"
150953;2018-08-04;"sábado";"15:05:00";"SC";101;209,5;"SAO JOSE";"Falta de Atenção à Condução";"Colisão transversal";"Com Vítimas Feridas";"Pleno dia";"Crescente";"Céu Claro";"Múltipla";"Reta";"Sim";2;0;1;0;1;0;1;2;-27,6176;-48,6463;"SPRF-SC";"DEL01-SC";"UOP01-DEL01-SC"
150954;2018-08-04;"sábado";"14:20:00";"PB";230;116,6;"INGA";"Condutor Dormindo";"Capotamento";"Com Vítimas Feridas";"Pleno dia";"Crescente";"Céu Claro";"Dupla";"Reta";"Não";4;0;4;0;0;0;4;1;-7,2407243;-35,61868429;"SPRF-PB";"DEL01-PB";"UOP03-DEL01-PB"
150955;2018-08-04;"sábado";"15:10:00";"SC";101;207,4;"SAO JOSE";"Defeito Mecânico no Veículo";"Colisão traseira";"Com Vítimas Feridas";"Pleno dia";"Crescente";"Sol";"Dupla";"Curva";"Sim";3;0;1;0;1;1;1;3;-27,601;-48,626;"SPRF-SC";"DEL01-SC";"UOP01-DEL01-SC"
150956;2018-08-04;"sábado";"12:10:00";"MT";70;577,8;"NOSSA SENHORA DO LIVRAMENTO";"Restrição de Visibilidade";"Atropelamento de Animal";"Sem Vítimas";"Pleno dia";"Crescente";"Céu Claro";"Simples";"Reta";"Não";1;0;0;0;1;0;0;1;-15,78002973;-56,61319256;"SPRF-MT";"DEL03-MT";"UOP02-DEL03-MT"
150959;2018-08-04;"sábado";"14:16:00";"PR";116;0;"CAMPINA GRANDE DO SUL";"Falta de Atenção à Condução";"Colisão com objeto estático";"Com Vítimas Feridas";"Pleno dia";"Decrescente";"Céu Claro";"Dupla";"Retorno Regulamentado";"Não";1;0;1;0;0;0;1;1;-25,0604;-48,562973;"SPRF-PR";"DEL01-PR";"UOP02-DEL01-PR"
150960;2018-08-04;"sábado";"14:25:00";"PR";277;625;"CEU AZUL";"Falta de Atenção à Condução";"Colisão transversal";"Com Vítimas Feridas";"Pleno dia";"Crescente";"Nublado";"Simples";"Reta";"Não";2;0;1;0;1;0;1;2;-25,10778;-53,749336;"SPRF-PR";"DEL05-PR";"UOP02-DEL05-PR"
150961;2018-08-04;"sábado";"16:00:00";"PR";277;210,4;"TEIXEIRA SOARES";"Defeito Mecânico no Veículo";"Incêndio";"Sem Vítimas";"Pleno dia";"Decrescente";"Céu Claro";"Simples";"Reta";"Não";1;0;0;0;1;0;0;1;-25,4654855;-50,3649111;"SPRF-PR";"DEL03-PR";"UOP02-DEL08-PR"
150962;2018-08-04;"sábado";"16:30:00";"PE";407;124;"PETROLINA";"Ingestão de Álcool";"Colisão traseira";"Com Vítimas Feridas";"Pleno dia";"Decrescente";"Sol";"Dupla";"Rotatória";"Sim";3;0;1;0;2;0;1;2;-9,37537855;-40,5377242;"SPRF-PE";"DEL06-PE";"UOP01-DEL06-PE"
150963;2018-08-04;"sábado";"15:20:00";"RJ";116;174;"MESQUITA";"Não guardar distância de segurança";"Colisão traseira";"Com Vítimas Feridas";"Pleno dia";"Decrescente";"Nublado";"Dupla";"Reta";"Sim";2;0;1;0;1;0;1;2;-22,774146;-43,402368;"SPRF-RJ";"DEL01-RJ";"UOP02-DEL01-RJ"
150964;2018-08-04;"sábado";"17:00:00";"PA";163;982;"SANTAREM";"Não guardar distância de segurança";"Colisão lateral";"Com Vítimas Feridas";"Pleno dia";"Crescente";"Céu Claro";"Simples";"Reta";"Não";2;0;1;0;0;1;1;2;-2,61205984;-54,72529292;"SPRF-PA";"DEL05-PA";"UOP01-DEL05-PA"
150965;2018-08-04;"sábado";"17:00:00";"ES";101;294;"CARIACICA";"Falta de Atenção à Condução";"Atropelamento de Pedestre";"Com Vítimas Fatais";"Anoitecer";"Decrescente";"Nublado";"Dupla";"Curva";"Sim";3;1;0;0;1;1;0;2;-20,3138036;-40,39566424;"SPRF-ES";"DEL01-ES";"UOP01-DEL01-ES"
150966;2018-08-04;"sábado";"16:40:00";"RN";226;103,9;"SANTA CRUZ";"Defeito na Via";"Queda de ocupante de veículo";"Com Vítimas Feridas";"Pleno dia";"Crescente";"Céu Claro";"Simples";"Curva";"Não";1;0;1;0;0;0;1;1;-6,244968;-35,986515;"SPRF-RN";"DEL03-RN";"UOP02-DEL03-RN"
150967;2018-08-04;"sábado";"17:12:00";"PE";232;8;"RECIFE";"Falta de Atenção à Condução";"Engavetamento";"Com Vítimas Feridas";"Pleno dia";"Decrescente";"Céu Claro";"Dupla";"Reta";"Sim";7;0;2;0;5;0;2;4;-8,07608;-34,97035;"SPRF-PE";"DEL01-PE";"UOP01-DEL01-PE"
150968;2018-08-04;"sábado";"15:20:00";"RO";364;692;"CANDEIAS DO JAMARI";"Ingestão de Álcool";"Colisão transversal";"Com Vítimas Feridas";"Pleno dia";"Decrescente";"Céu Claro";"Dupla";"Reta";"Sim";4;0;0;1;3;0;1;2;-8,79671459;-63,6915502;"SPRF-RO";"DEL01-RO";"UOP01-DEL01-RO"
150969;2018-08-04;"sábado";"16:10:00";"MT";163;794;"SINOP";"Ingestão de Álcool";"Queda de ocupante de veículo";"Com Vítimas Feridas";"Pleno dia";"Decrescente";"Céu Claro";"Simples";"Reta";"Não";2;0;2;0;0;0;2;1;-12,08699584;-55,5175209;"SPRF-MT";"DEL06-MT";"UOP01-DEL06-MT"
150971;2018-08-04;"sábado";"17:35:00";"TO";153;574;"SANTA RITA DO TOCANTINS";"Avarias e/ou desgaste excessivo no pneu";"Capotamento";"Com Vítimas Feridas";"Pleno dia";"Crescente";"Céu Claro";"Simples";"Reta";"Não";4;0;4;0;0;0;4;1;-10,864343;-48,90554;"SPRF-TO";"DEL02-TO";"UOP01-DEL01-TO"
150972;2018-08-04;"sábado";"14:20:00";"BA";116;673,4;"JEQUIE";"Falta de Atenção à Condução";"Colisão transversal";"Com Vítimas Feridas";"Pleno dia";"Crescente";"Sol";"Simples";"Interseção de Vias";"Sim";2;0;1;0;1;0;1;2;-13,86212;-40,11324;"SPRF-BA";"DEL03-BA";"UOP01-DEL03-BA"
150973;2018-08-04;"sábado";"16:10:00";"RJ";393;268;"BARRA DO PIRAI";"Não guardar distância de segurança";"Colisão traseira";"Sem Vítimas";"Pleno dia";"Decrescente";"Céu Claro";"Simples";"Declive";"Não";5;0;0;0;5;0;0;2;-22,47644555;-43,94281805;"SPRF-RJ";"DEL05-RJ";"UOP04-DEL05-RJ"
150974;2018-08-04;"sábado";"17:30:00";"RJ";116;257;"VOLTA REDONDA";"Não guardar distância de segurança";"Colisão lateral";"Com Vítimas Feridas";"Pleno dia";"Crescente";"Céu Claro";"Dupla";"Aclive";"Não";2;0;0;1;0;1;1;2;-22,59206194;-44,06770706;"SPRF-RJ";"DEL07-RJ";"UOP02-DEL07-RJ"
150977;2018-08-04;"sábado";"13:55:00";"SC";470;66;"INDAIAL";"Falta de Atenção à Condução";"Colisão transversal";"Sem Vítimas";"Pleno dia";"Decrescente";"Sol";"Simples";"Retorno Regulamentado";"Não";2;0;0;0;2;0;0;2;-26,8700663;-49,22488505;"SPRF-SC";"DEL04-SC";"UOP01-DEL04-SC"
150978;2018-08-04;"sábado";"18:00:00";"RS";285;415,4;"PANAMBI";"Ingestão de Álcool";"Colisão traseira";"Sem Vítimas";"Pleno dia";"Decrescente";"Céu Claro";"Simples";"Aclive";"Não";2;0;0;0;2;0;0;2;-28,34986341;-53,50942612;"SPRF-RS";"DEL10-RS";"UOP01-DEL10-RS"
150979;2018-08-04;"sábado";"17:22:00";"PR";376;207,3;"MANDAGUARI";"Desobediência às normas de trânsito pelo condutor";"Colisão lateral";"Com Vítimas Feridas";"Pleno dia";"Crescente";"Céu Claro";"Simples";"Reta";"Sim";4;0;2;0;2;0;2;3;-23,52383778;-51,67827129;"SPRF-PR";"DEL07-PR";"UOP01-DEL09-PR"
150980;2018-08-04;"sábado";"18:20:00";"MG";365;626;"UBERLANDIA";"Velocidade Incompatível";"Tombamento";"Com Vítimas Feridas";"Anoitecer";"Decrescente";"Garoa/Chuvisco";"Dupla";"Reta";"Sim";1;0;1;0;0;0;1;1;-18,9065504;-48,29669237;"SPRF-MG";"DEL15-MG";"UOP01-DEL15-MG"
150982;2018-08-04;"sábado";"19:30:00";"MG";40;765,2;"JUIZ DE FORA";"Ingestão de álcool e/ou substâncias psicoativas pelo pedestre";"Saída de leito carroçável";"Sem Vítimas";"Plena Noite";"Crescente";"Nublado";"Simples";"Reta";"Não";1;0;0;0;1;0;0;1;-21,58625164;-43,46131812;"SPRF-MG";"DEL05-MG";"UOP01-DEL05-MG"
150984;2018-08-04;"sábado";"17:55:00";"BA";101;757;"ITABELA";"Ingestão de Álcool";"Colisão frontal";"Com Vítimas Feridas";"Plena Noite";"Crescente";"Céu Claro";"Simples";"Reta";"Não";2;0;1;1;0;0;2;2;-16,6555;-39,5152;"SPRF-BA";"DEL09-BA";"UOP01-DEL09-BA"
150985;2018-08-04;"sábado";"18:30:00";"SC";282;16;"PALHOCA";"Desobediência às normas de trânsito pelo condutor";"Colisão transversal";"Com Vítimas Feridas";"Plena Noite";"Crescente";"Nublado";"Simples";"Declive";"Sim";3;0;2;0;1;0;2;2;-27,658611;-48,681847;"SPRF-SC";"DEL01-SC";"UOP02-DEL01-SC"
150987;2018-08-04;"sábado";"18:00:00";"SC";470;254,1;"CURITIBANOS";"Velocidade Incompatível";"Saída de leito carroçável";"Sem Vítimas";"Plena Noite";"Decrescente";"Nublado";"Simples";"Curva";"Não";1;0;0;0;1;0;0;1;-27,30934;-50,610031;"SPRF-SC";"DEL05-SC";"UOP03-DEL05-SC"
150989;2018-08-04;"sábado";"18:45:00";"RS";392;94;"PELOTAS";"Falta de Atenção à Condução";"Colisão transversal";"Com Vítimas Feridas";"Plena Noite";"Crescente";"Nublado";"Simples";"Aclive;Curva";"Não";5;0;1;0;3;1;1;3;-31,575714;-52,537376;"SPRF-RS";"DEL07-RS";"UOP01-DEL07-RS"
150991;2018-08-04;"sábado";"18:30:00";"ES";101;32;"CONCEICAO DA BARRA";"Falta de Atenção à Condução";"Colisão transversal";"Sem Vítimas";"Plena Noite";"Crescente";"Céu Claro";"Simples";"Declive";"Não";4;0;0;0;4;0;0;2;-18,425499;-39,934872;"SPRF-ES";"DEL04-ES";"UOP02-DEL04-ES"
150992;2018-08-04;"sábado";"19:00:00";"SP";488;2,4;"APARECIDA";"Falta de Atenção à Condução";"Colisão com objeto estático";"Sem Vítimas";"Plena Noite";"Crescente";"Céu Claro";"Simples";"Reta";"Sim";3;0;0;0;2;1;0;3;-22,849216;-45,236801;"SPRF-SP";"DEL08-SP";"UOP01-DEL08-SP"
150995;2018-08-04;"sábado";"17:40:00";"RJ";116;196;"QUEIMADOS";"Ingestão de Álcool";"Colisão frontal";"Com Vítimas Feridas";"Anoitecer";"Crescente";"Nublado";"Dupla";"Reta";"Não";3;0;0;1;2;0;1;3;-22,73249036;-43,60113144;"SPRF-RJ";"DEL01-RJ";"UOP03-DEL01-RJ"
150996;2018-08-04;"sábado";"19:40:00";"PR";272;367,6;"CAMPO MOURAO";"Velocidade Incompatível";"Colisão transversal";"Com Vítimas Feridas";"Plena Noite";"Decrescente";"Nublado";"Dupla";"Reta";"Sim";2;0;0;1;0;1;1;2;-24,05087291;-52,40211368;"SPRF-PR";"DEL04-PR";"UOP03-DEL09-PR"