"id";"data_inversa";"dia_semana";"horario";"uf";"br";"km";"municipio";"causa_acidente";"tipo_acidente";"classificacao_acidente";"fase_dia";"sentido_via";"condicao_metereologica";"tipo_pista";"tracado_via";"uso_solo";"pessoas";"mortos";"feridos_leves";"feridos_graves";"ilesos";"ignorados";"feridos";"veiculos";"latitude";"longitude";"regional";"delegacia";"uop"
151221;2018-08-05;"domingo";"19:45:00";"AP";210;105,3;"PORTO GRANDE";"Falta de Atenção à Condução";"Colisão frontal";"Com Vítimas Feridas";"Plena Noite";"Decrescente";"Céu Claro";"Simples";"Reta";"Sim";3;0;2;0;1;0;2;2;0,70133723;-51,40377402;"SPRF-AP";"DEL01-AP";"UOP01-DEL01-AP"
151222;2018-08-05;"domingo";"20:40:00";"PI";343;336,3;"TERESINA";"Desobediência às normas de trânsito pelo condutor";"Colisão frontal";"Com Vítimas Fatais";"Plena Noite";"Crescente";"Céu Claro";"Simples";"Reta";"Não";3;1;0;0;1;1;0;3;-5,06203677;-42,70830095;"SPRF-PI";"DEL01-PI";"UOP01-DEL01-PI"
151223;2018-08-05;"domingo";"20:35:00";"SP";101;47,3;"UBATUBA";"Desobediência às normas de trânsito pelo condutor";"Colisão traseira";"Com Vítimas Feridas";"Plena Noite";"Crescente";"Nublado";"Simples";"Reta";"Sim";5;0;1;0;4;0;1;2;-23,4349188;-45,08688211;"SPRF-SP";"DEL06-SP";"UOP01-DEL06-SP"
151224;2018-08-05;"domingo";"17:25:00";"GO";153;123;"ESTRELA DO NORTE";"Velocidade Incompatível";"Saída de leito carroçável";"Com Vítimas Feridas";"Pleno dia";"Crescente";"Céu Claro";"Simples";"Declive";"Não";3;0;3;0;0;0;3;1;-13,849256;-49,047703;"SPRF-GO";"DEL07-GO";"UOP01-DEL07-GO"
151225;2018-08-05;"domingo";"19:10:00";"SC";101;96,5;"BARRA VELHA";"Falta de Atenção à Condução";"Tombamento";"Com Vítimas Feridas";"Plena Noite";"Crescente";"Céu Claro";"Dupla";"Reta";"Não";1;0;1;0;0;0;1;1;-26,71889543;-48,7023049;"SPRF-SC";"DEL03-SC";"UOP02-DEL03-SC"
151226;2018-08-05;"domingo";"21:03:00";"SC";101;212;"PALHOCA";"Mal Súbito";"Queda de ocupante de veículo";"Com Vítimas Feridas";"Plena Noite";"Crescente";"Nublado";"Múltipla";"Reta";"Não";2;0;2;0;0;0;2;1;-27,6372;-48,6651;"SPRF-SC";"DEL01-SC";"UOP02-DEL01-SC"
151228;2018-08-05;"domingo";"20:30:00";"SC";101;115,5;"ITAJAI";"Falta de Atenção à Condução";"Tombamento";"Com Vítimas Feridas";"Plena Noite";"Crescente";"Nublado";"Dupla";"Reta";"Sim";1;0;1;0;0;0;1;1;-26,87954069;-48,72609526;"SPRF-SC";"DEL04-SC";"UOP04-DEL04-SC"
151230;2018-08-05;"domingo";"19:30:00";"SC";101;286;"IMBITUBA";"Falta de Atenção à Condução";"Colisão traseira";"Com Vítimas Feridas";"Plena Noite";"Decrescente";"Céu Claro";"Dupla";"Aclive;Curva";"Não";2;0;0;1;1;0;1;2;-28,2619;-48,7039;"SPRF-SC";"DEL02-SC";"UOP03-DEL02-SC"
151231;2018-08-05;"domingo";"21:00:00";"CE";116;9,8;"FORTALEZA";"Ingestão de Álcool";"Colisão traseira";"Com Vítimas Feridas";"Plena Noite";"Crescente";"Céu Claro";"Dupla";"Reta";"Sim";3;0;1;0;2;0;1;2;-3,84862206;-38,49661839;"SPRF-CE";"DEL01-CE";"UOP02-DEL01-CE"
151233;2018-08-05;"domingo";"21:30:00";"PA";316;4,1;"ANANINDEUA";"Não guardar distância de segurança";"Colisão traseira";"Com Vítimas Feridas";"Plena Noite";"Crescente";"Chuva";"Dupla";"Reta";"Sim";3;0;1;0;2;0;1;2;-1,38533325;-48,40636253;"SPRF-PA";"DEL01-PA";"DEL19/1-UOP05/PA"
151235;2018-08-05;"domingo";"18:30:00";"ES";262;193;"IUNA";"Falta de Atenção à Condução";"Queda de ocupante de veículo";"Com Vítimas Feridas";"Plena Noite";"Decrescente";"Céu Claro";"Simples";"Reta";"Não";1;0;0;1;0;0;1;1;-20,2854;-41,758;"SPRF-ES";"DEL01-ES";"UOP02-DEL01-ES"
151237;2018-08-05;"domingo";"19:00:00";"SP";381;85;"SAO PAULO";"Velocidade Incompatível";"Capotamento";"Com Vítimas Feridas";"Plena Noite";"Decrescente";"Céu Claro";"Múltipla";"Reta";"Sim";5;0;3;0;2;0;3;1;-23,45580838;-46,57134764;"SPRF-SP";"DEL03-SP";"DEL6/3-UOP03/SP"
151239;2018-08-05;"domingo";"20:00:00";"MT";163;119;"RONDONOPOLIS";"Pista Escorregadia";"Queda de ocupante de veículo";"Com Vítimas Feridas";"Plena Noite";"Crescente";"Céu Claro";"Simples";"Reta";"Sim";1;0;1;0;0;0;1;1;-16,49561774;-54,64822769;"SPRF-MT";"DEL02-MT";"UOP01-DEL02-MT"
151240;2018-08-05;"domingo";"19:30:00";"PR";277;131,5;"BALSA NOVA";"Ingestão de Álcool";"Saída de leito carroçável";"Sem Vítimas";"Plena Noite";"Decrescente";"Nublado";"Dupla";"Curva";"Não";1;0;0;0;0;1;0;1;-25,47446676;-49,64963783;"SPRF-PR";"DEL01-PR";"UOP06-DEL01-PR"
151243;2018-08-05;"domingo";"19:50:00";"SC";101;106,6;"PENHA";"Desobediência às normas de trânsito pelo condutor";"Saída de leito carroçável";"Com Vítimas Feridas";"Plena Noite";"Decrescente";"Nublado";"Dupla";"Reta";"Não";1;0;0;1;0;0;1;1;-26,81804834;-48,68322015;"SPRF-SC";"DEL03-SC";"UOP02-DEL03-SC"
151247;2018-08-05;"domingo";"21:45:00";"RJ";116;139;"DUQUE DE CAXIAS";"Falta de Atenção à Condução";"Colisão com objeto estático";"Sem Vítimas";"Plena Noite";"Crescente";"Nublado";"Dupla";"Reta";"Sim";1;0;0;0;0;1;0;1;-22,66642321;-43,26046944;"SPRF-RJ";"DEL04-RJ";"UOP02-DEL04-RJ"
151248;2018-08-05;"domingo";"22:40:00";"GO";60;136;"GOIANIA";"Velocidade Incompatível";"Capotamento";"Com Vítimas Feridas";"Plena Noite";"Crescente";"Céu Claro";"Dupla";"Declive;Curva";"Não";2;0;1;0;0;1;1;1;-16,5959;-49,1965;"SPRF-GO";"DEL01-GO";"UOP01-DEL01-GO"
151249;2018-06-06;"quarta-feira";"18:30:00";"PB";104;108,3;"SAO SEBASTIAO DE LAGOA DE  ROCA";"Ingestão de álcool e/ou substâncias psicoativas pelo pedestre";"Atropelamento de Pedestre";"Com Vítimas Fatais";"Plena Noite";"Crescente";"Céu Claro";"Simples";"Curva";"Não";2;1;1;0;0;0;1;2;-7,11349;-35,866769;"SPRF-PB";"DEL02-PB";"UOP04-DEL02-PB"
151250;2018-08-05;"domingo";"22:20:00";"BA";242;228,8;"ITABERABA";"Ingestão de Álcool";"Queda de ocupante de veículo";"Com Vítimas Feridas";"Plena Noite";"Decrescente";"Céu Claro";"Simples";"Reta";"Sim";1;0;1;0;0;0;1;1;-12,511523;-40,322498;"SPRF-BA";"DEL06-BA";"UOP02-DEL06-BA"
151251;2018-08-05;"domingo";"21:40:00";"RO";364;16;"VILHENA";"Falta de Atenção do Pedestre";"Atropelamento de Pedestre";"Com Vítimas Feridas";"Plena Noite";"Crescente";"Ignorado";"Simples";"Reta";"Sim";2;0;1;0;1;0;1;2;-12,734379;-60,156971;"SPRF-RO";"DEL04-RO";"UOP01-DEL04-RO"
151253;2018-08-05;"domingo";"22:15:00";"PR";476;291,5;"SAO MATEUS DO SUL";"Ultrapassagem Indevida";"Saída de leito carroçável";"Com Vítimas Feridas";"Plena Noite";"Crescente";"Nublado";"Simples";"Reta";"Não";2;0;1;1;0;0;2;1;-25,940685;-50,489079;"SPRF-PR";"DEL02-PR";"UOP04-DEL02-PR"
151254;2018-08-05;"domingo";"23:15:00";"RS";470;213,4;"BENTO GONCALVES";"Falta de Atenção do Pedestre";"Atropelamento de Pedestre";"Com Vítimas Feridas";"Plena Noite";"Decrescente";"Ignorado";"Simples";"Reta";"Não";2;0;1;0;1;0;1;2;-29,14748752;-51,53170037;"SPRF-RS";"DEL06-RS";"UOP01-DEL06-RS"
151255;2018-08-06;"segunda-feira";"00:20:00";"GO";153;440;"ANAPOLIS";"Ingestão de Álcool";"Saída de leito carroçável";"Com Vítimas Feridas";"Plena Noite";"Crescente";"Céu Claro";"Dupla";"Reta";"Sim";1;0;1;0;0;0;1;1;-16,306765;-48,923847;"SPRF-GO";"DEL02-GO";"UOP01-DEL02-GO"
151259;2018-08-05;"domingo";"23:00:00";"MT";70;523;"VARZEA GRANDE";"Falta de Atenção à Condução";"Colisão transversal";"Com Vítimas Fatais";"Plena Noite";"Crescente";"Céu Claro";"Simples";"Reta";"Sim";3;1;0;0;2;0;0;2;-15,66301952;-56,1851871;"SPRF-MT";"DEL01-MT";"DEL2/4-UOP02/MT"
151265;2018-08-06;"segunda-feira";"03:30:00";"PR";116;14;"COLOMBO";"Ingestão de Álcool";"Saída de leito carroçável";"Com Vítimas Feridas";"Plena Noite";"Decrescente";"Nublado";"Múltipla";"Reta";"Sim";2;0;1;0;0;1;1;1;-25,3818;-49,1643;"SPRF-PR";"DEL01-PR";"UOP02-DEL01-PR"
151266;2018-08-06;"segunda-feira";"03:53:00";"GO";40;10,2;"LUZIANIA";"Condutor Dormindo";"Saída de leito carroçável";"Com Vítimas Feridas";"Plena Noite";"Crescente";"Céu Claro";"Dupla";"Reta";"Sim";2;0;0;2;0;0;2;1;-16,131285;-47,957923;"SPRF-DF";"DEL01-DF";"UOP01-DEL01-DF"
151268;2018-08-06;"segunda-feira";"04:50:00";"RN";405;152;"PAU DOS FERROS";"Ingestão de Álcool";"Colisão com objeto estático";"Com Vítimas Fatais";"Plena Noite";"Crescente";"Céu Claro";"Simples";"Reta";"Sim";1;1;0;0;0;0;0;1;-6,1274781;-38,2069046;"SPRF-RN";"DEL04-RN";"UOP02-DEL04-RN"
151271;2018-08-06;"segunda-feira";"05:50:00";"PR";376;148,8;"PRESIDENTE CASTELO BRANCO";"Falta de Atenção à Condução";"Saída de leito carroçável";"Com Vítimas Feridas";"Amanhecer";"Crescente";"Chuva";"Dupla";"Reta";"Não";2;0;1;0;1;0;1;1;-23,29228355;-52,12823868;"SPRF-PR";"DEL07-PR";"UOP02-DEL09-PR"
151272;2018-08-06;"segunda-feira";"05:45:00";"SP";116;124;"CACAPAVA";"Falta de Atenção do Pedestre";"Atropelamento de Pedestre";"Com Vítimas Fatais";"Amanhecer";"Crescente";"Chuva";"Dupla";"Reta";"Sim";6;1;0;0;2;3;0;5;-23,093163;-45,677975;"SPRF-SP";"DEL06-SP";"UOP02-DEL02-SP"
151273;2018-08-06;"segunda-feira";"04:30:00";"AL";101;151;"JEQUIA DA PRAIA";"Velocidade Incompatível";"Saída de leito carroçável";"Com Vítimas Fatais";"Plena Noite";"Crescente";"Céu Claro";"Simples";"Curva";"Não";1;1;0;0;0;0;0;1;-9,899974;-36,273987;"SPRF-AL";"DEL02-AL";"UOP01-DEL02-AL"
151274;2018-08-06;"segunda-feira";"06:35:00";"SC";101;211;"PALHOCA";"Falta de Atenção à Condução";"Colisão traseira";"Com Vítimas Feridas";"Amanhecer";"Decrescente";"Céu Claro";"Dupla";"Reta";"Não";6;0;2;0;4;0;2;4;-27,62407025;-48,65282325;"SPRF-SC";"DEL01-SC";"UOP02-DEL01-SC"
151275;2018-08-06;"segunda-feira";"06:30:00";"SP";116;219;"GUARULHOS";"Falta de Atenção à Condução";"Colisão lateral";"Com Vítimas Feridas";"Pleno dia";"Crescente";"Chuva";"Múltipla";"Reta";"Sim";2;0;1;0;1;0;1;2;-23,46267371;-46,49360239;"SPRF-SP";"DEL01-SP";"UOP01-DEL01-SP"
151276;2018-08-06;"segunda-feira";"06:58:00";"SP";116;222;"GUARULHOS";"Não guardar distância de segurança";"Colisão traseira";"Com Vítimas Feridas";"Pleno dia";"Crescente";"Chuva";"Múltipla";"Reta";"Sim";2;0;1;0;1;0;1;2;-23,47412592;-46,52317017;"SPRF-SP";"DEL01-SP";"UOP01-DEL01-SP"
151279;2018-08-06;"segunda-feira";"06:20:00";"RO";364;380;"OURO PRETO DO OESTE";"Defeito na Via";"Colisão lateral";"Com Vítimas Feridas";"Amanhecer";"Crescente";"Ignorado";"Simples";"Curva";"Não";5;0;0;1;4;0;1;2;-10,73871;-62,226395;"SPRF-RO";"DEL02-RO";"UOP01-DEL02-RO"
151280;2018-08-06;"segunda-feira";"05:15:00";"PI";316;48;"LAGOA DO PIAUI";"Animais na Pista";"Atropelamento de Animal";"Sem Vítimas";"Amanhecer";"Crescente";"Céu Claro";"Simples";"Reta";"Não";2;0;0;0;2;0;0;2;-5,497433;-42,640587;"SPRF-PI";"DEL01-PI";"UOP02-DEL01-PI"
151281;2018-08-06;"segunda-feira";"06:15:00";"PI";316;48;"LAGOA DO PIAUI";"Não guardar distância de segurança";"Colisão traseira";"Sem Vítimas";"Pleno dia";"Decrescente";"Céu Claro";"Simples";"Reta";"Não";9;0;0;0;6;3;0;2;-5,48828697;-42,63940467;"SPRF-PI";"DEL01-PI";"UOP02-DEL01-PI"
151282;2018-08-06;"segunda-feira";"07:15:00";"PB";230;37,2;"SANTA RITA";"Não guardar distância de segurança";"Colisão traseira";"Com Vítimas Feridas";"Pleno dia";"Decrescente";"Sol";"Dupla";"Reta";"Sim";3;0;0;2;0;1;2;2;-7,1327;-34,959;"SPRF-PB";"DEL01-PB";"UOP01-DEL01-PB"
151285;2018-08-06;"segunda-feira";"06:45:00";"RS";116;224;"DOIS IRMAOS";"Falta de Atenção à Condução";"Colisão lateral";"Sem Vítimas";"Pleno dia";"Crescente";"Céu Claro";"Simples";"Rotatória";"Sim";3;0;0;0;2;1;0;3;-29,5877242;-51,1052033;"SPRF-RS";"DEL05-RS";"UOP02-DEL05-RS"
151286;2018-08-06;"segunda-feira";"07:45:00";"GO";153;508,9;"APARECIDA DE GOIANIA";"Não guardar distância de segurança";"Colisão traseira";"Sem Vítimas";"Pleno dia";"Decrescente";"Céu Claro";"Múltipla";"Reta";"Não";5;0;0;0;5;0;0;5;-16,7804;-49,2371;"SPRF-GO";"DEL01-GO";"UOP03-DEL01-GO"
151287;2018-08-05;"domingo";"02:00:00";"GO";153;580;"PIRACANJUBA";"Ingestão de Álcool";"Queda de ocupante de veículo";"Com Vítimas Feridas";"Plena Noite";"Decrescente";"Céu Claro";"Dupla";"Curva";"Não";1;0;0;1;0;0;1;1;-17,3851;-49,2343;"SPRF-GO";"DEL03-GO";"UOP01-DEL03-GO"
151288;2018-08-06;"segunda-feira";"06:50:00";"PR";116;117;"CURITIBA";"Falta de Atenção à Condução";"Colisão traseira";"Com Vítimas Feridas";"Pleno dia";"Decrescente";"Nublado";"Dupla";"Curva";"Sim";2;0;1;0;1;0;1;2;-25,55792889;-49,30599689;"SPRF-PR";"DEL01-PR";"UOP07-DEL01-PR"
151289;2018-08-06;"segunda-feira";"07:40:00";"SC";280;71,8;"JARAGUA DO SUL";"Falta de Atenção à Condução";"Colisão transversal";"Com Vítimas Feridas";"Pleno dia";"Crescente";"Céu Claro";"Simples";"Reta";"Não";2;0;1;0;1;0;1;2;-26,4615;-49,134842;"SPRF-SC";"DEL03-SC";"UOP03-DEL03-SC"
151290;2018-08-06;"segunda-feira";"08:00:00";"PA";155;314;"MARABA";"Desobediência às normas de trânsito pelo condutor";"Colisão traseira";"Sem Vítimas";"Pleno dia";"Crescente";"Céu Claro";"Simples";"Reta";"Sim";1;0;0;0;1;0;0;1;-5,63578305;-49,10347403;"SPRF-PA";"DEL03-PA";"UOP01-DEL03-PA"
151291;2018-08-06;"segunda-feira";"07:30:00";"PE";101;68;"RECIFE";"Falta de Atenção à Condução";"Colisão lateral";"Com Vítimas Feridas";"Pleno dia";"Decrescente";"Céu Claro";"Dupla";"Reta;Declive";"Sim";3;0;2;0;1;0;2;2;-8,05116;-34,945927;"SPRF-PE";"DEL01-PE";"UOP01-DEL01-PE"
151293;2018-08-06;"segunda-feira";"06:35:00";"RO";364;422;"JARU";"Sinalização da via insuficiente ou inadequada";"Colisão com objeto estático";"Com Vítimas Feridas";"Amanhecer";"Decrescente";"Céu Claro";"Simples";"Reta";"Sim";1;0;0;1;0;0;1;1;-10,459743;-62,455811;"SPRF-RO";"DEL03-RO";"UOP02-DEL03-RO"
151295;2018-08-06;"segunda-feira";"08:20:00";"MT";163;1027;"PEIXOTO DE AZEVEDO";"Desobediência às normas de trânsito pelo condutor";"Colisão transversal";"Com Vítimas Feridas";"Pleno dia";"Crescente";"Céu Claro";"Simples";"Interseção de Vias";"Sim";2;0;0;1;1;0;1;2;-10,2299999;-54,97706652;"SPRF-MT";"DEL06-MT";"UOP02-DEL06-MT"
151297;2018-08-06;"segunda-feira";"08:00:00";"RN";101;81;"SAO GONCALO DO AMARANTE";"Falta de Atenção à Condução";"Colisão transversal";"Sem Vítimas";"Pleno dia";"Crescente";"Céu Claro";"Dupla";"Reta";"Sim";2;0;0;0;2;0;0;2;-5,764695;-35,282959;"SPRF-RN";"DEL02-RN";"UOP01-DEL02-RN"
151298;2018-08-06;"segunda-feira";"08:20:00";"PE";101;80;"JABOATAO DOS GUARARAPES";"Falta de Atenção do Pedestre";"Atropelamento de Pedestre";"Com Vítimas Feridas";"Pleno dia";"Crescente";"Nublado";"Múltipla";"Reta";"Sim";2;0;1;0;1;0;1;2;-8,1623;-34,9394;"SPRF-PE";"DEL01-PE";"UOP01-DEL01-PE"
151299;2018-08-06;"segunda-feira";"07:30:00";"PB";104;131,1;"QUEIMADAS";"Velocidade Incompatível";"Atropelamento de Pedestre";"Com Vítimas Feridas";"Pleno dia";"Decrescente";"Sol";"Simples";"Reta";"Sim";2;0;1;1;0;0;2;2;-7,292625;-35,890809;"SPRF-PB";"DEL02-PB";"UOP03-DEL02-PB"
151300;2018-08-06;"segunda-feira";"08:30:00";"MG";116;528,3;"CARATINGA";"Desobediência às normas de trânsito pelo condutor";"Colisão lateral";"Com Vítimas Feridas";"Pleno dia";"Crescente";"Nublado";"Simples";"Reta";"Sim";1;0;0;1;0;0;1;1;-19,78324;-42,13385;"SPRF-MG";"DEL06-MG";"UOP02-DEL06-MG"
151301;2018-08-06;"segunda-feira";"08:35:00";"PR";116;119;"CURITIBA";"Não guardar distância de segurança";"Colisão traseira";"Com Vítimas Feridas";"Pleno dia";"Decrescente";"Céu Claro";"Dupla";"Reta";"Não";2;0;1;0;1;0;1;2;-25,544559;-49,30146;"SPRF-PR";"DEL01-PR";"UOP07-DEL01-PR"
151302;2018-08-06;"segunda-feira";"08:55:00";"AP";210;5,9;"MACAPA";"Falta de Atenção à Condução";"Colisão traseira";"Com Vítimas Feridas";"Pleno dia";"Decrescente";"Nublado";"Dupla";"Reta";"Sim";2;0;0;1;1;0;1;2;0,09330865;-51,11179411;"SPRF-AP";"DEL01-AP";"UOP01-DEL01-AP"
151304;2018-08-06;"segunda-feira";"07:10:00";"MT";364;230;"RONDONOPOLIS";"Falta de Atenção à Condução";"Saída de leito carroçável";"Com Vítimas Feridas";"Pleno dia";"Decrescente";"Céu Claro";"Dupla";"Reta";"Não";3;0;2;0;1;0;2;1;-16,265749;-54,774696;"SPRF-MT";"DEL02-MT";"UOP01-DEL02-MT"
151305;2018-08-06;"segunda-feira";"07:45:00";"MA";135;20,8;"SAO LUIS";"Não guardar distância de segurança";"Colisão traseira";"Sem Vítimas";"Pleno dia";"Crescente";"Céu Claro";"Dupla";"Reta";"Sim";5;0;0;0;5;0;0;5;-2,56639094;-44,32367027;"SPRF-MA";"DEL01-MA";"UOP01-DEL01-MA"
151306;2018-08-06;"segunda-feira";"08:10:00";"MG";40;728,2;"BARBACENA";"Avarias e/ou desgaste excessivo no pneu";"Saída de leito carroçável";"Com Vítimas Feridas";"Pleno dia";"Crescente";"Nevoeiro/Neblina";"Dupla";"Curva";"Não";2;0;2;0;0;0;2;1;-21,3429;-43,5875;"SPRF-MG";"DEL05-MG";"UOP01-DEL05-MG"
151307;2018-08-06;"segunda-feira";"07:20:00";"RO";364;712;"PORTO VELHO";"Falta de Atenção à Condução";"Engavetamento";"Sem Vítimas";"Pleno dia";"Crescente";"Nublado";"Múltipla";"Reta;Viaduto";"Sim";5;0;0;0;4;1;0;5;-8,77817759;-63,87130404;"SPRF-RO";"DEL01-RO";"UOP01-DEL01-RO"
151308;2018-08-06;"segunda-feira";"08:50:00";"SC";101;337;"TUBARAO";"Falta de Atenção à Condução";"Colisão frontal";"Com Vítimas Feridas";"Pleno dia";"Decrescente";"Sol";"Simples";"Reta";"Sim";2;0;1;0;1;0;1;2;-28,47623621;-49,02880669;"SPRF-SC";"DEL02-SC";"UOP01-DEL02-SC"
151309;2018-08-06;"segunda-feira";"08:50:00";"RS";158;474;"ROSARIO DO SUL";"Restrição de Visibilidade";"Saída de leito carroçável";"Sem Vítimas";"Pleno dia";"Decrescente";"Nevoeiro/Neblina";"Simples";"Reta";"Não";1;0;0;0;1;0;0;1;-30,29642502;-54,98897552;"SPRF-RS";"DEL11-RS";"UOP02-DEL11-RS"
151310;2018-08-06;"segunda-feira";"09:00:00";"RS";290;685,1;"URUGUAIANA";"Falta de Atenção à Condução";"Saída de leito carroçável";"Com Vítimas Feridas";"Pleno dia";"Decrescente";"Céu Claro";"Simples";"Reta";"Não";4;0;1;0;3;0;1;1;-29,887831;-56,742466;"SPRF-RS";"DEL13-RS";"UOP01-DEL13-RS"
151312;2018-07-21;"sábado";"17:50:00";"PB";104;115,6;"LAGOA SECA";"Desobediência às normas de trânsito pelo condutor";"Colisão frontal";"Com Vítimas Feridas";"Anoitecer";"Decrescente";"Céu Claro";"Simples";"Curva";"Sim";2;0;0;1;1;0;1;2;-7,17718391;-35,86180261;"SPRF-PB";"DEL02-PB";"UOP04-DEL02-PB"
151313;2018-08-05;"domingo";"21:00:00";"SP";116;503,1;"CAJATI";"Pista Escorregadia";"Colisão com objeto estático";"Sem Vítimas";"Plena Noite";"Crescente";"Garoa/Chuvisco";"Simples";"Curva";"Não";1;0;0;0;1;0;0;1;-24,77878609;-48,21109772;"SPRF-SP";"DEL05-SP";"UAP01-DEL05-SP"
151314;2018-07-15;"domingo";"21:15:00";"RJ";101;303;"SAO GONCALO";"Ingestão de Álcool";"Colisão lateral";"Com Vítimas Feridas";"Plena Noite";"Crescente";"Céu Claro";"Dupla";"Reta";"Sim";2;0;2;0;0;0;2;2;-22,782822;-42,976677;"SPRF-RJ";"DEL02-RJ";"DEL5/2-UOP04/RJ"
151315;2018-08-06;"segunda-feira";"09:30:00";"RS";285;420,4;"PANAMBI";"Falta de Atenção à Condução";"Saída de leito carroçável";"Com Vítimas Fatais";"Pleno dia";"Decrescente";"Céu Claro";"Simples";"Reta";"Não";2;1;0;0;0;1;0;2;-28,34011532;-53,56298836;"SPRF-RS";"DEL10-RS";"UOP01-DEL10-RS"
151316;2018-08-06;"segunda-feira";"09:00:00";"BA";116;382;"SANTA BARBARA";"Velocidade Incompatível";"Capotamento";"Com Vítimas Feridas";"Pleno dia";"Decrescente";"Céu Claro";"Simples";"Aclive";"Não";1;0;1;0;0;0;1;1;-11,94543689;-38,97837103;"SPRF-BA";"DEL02-BA";"DEL10/2-UOP02/BA"
151318;2018-08-06;"segunda-feira";"09:30:00";"SC";101;358,5;"SANGAO";"Falta de Atenção à Condução";"Colisão com objeto estático";"Com Vítimas Feridas";"Pleno dia";"Decrescente";"Céu Claro";"Dupla";"Reta;Ponte";"Não";1;0;1;0;0;0;1;1;-28,64592949;-49,10279274;"SPRF-SC";"DEL02-SC";"UOP01-DEL02-SC"
151321;2018-08-06;"segunda-feira";"09:55:00";"SC";470;49;"BLUMENAU";"Defeito Mecânico no Veículo";"Tombamento";"Com Vítimas Feridas";"Pleno dia";"Decrescente";"Sol";"Simples";"Reta";"Não";2;0;1;0;1;0;1;1;-26,86083672;-49,06557374;"SPRF-SC";"DEL04-SC";"UOP01-DEL04-SC"
151322;2018-07-17;"terça-feira";"10:40:00";"PB";230;22,9;"JOAO PESSOA";"Não guardar distância de segurança";"Engavetamento";"Sem Vítimas";"Pleno dia";"Crescente";"Céu Claro";"Dupla";"Reta";"Sim";3;0;0;0;3;0;0;3;-7,16202106;-34,8608315;"SPRF-PB";"DEL01-PB";"UOP01-DEL01-PB"
151323;2018-08-06;"segunda-feira";"07:45:00";"SP";488;2;"APARECIDA";"Falta de Atenção à Condução";"Colisão com objeto estático";"Com Vítimas Feridas";"Pleno dia";"Decrescente";"Chuva";"Dupla";"Reta";"Sim";1;0;1;0;0;0;1;1;-22,849216;-45,236801;"SPRF-SP";"DEL08-SP";"UOP01-DEL08-SP"
151324;2018-08-06;"segunda-feira";"09:35:00";"SP";381;89;"SAO PAULO";"Desobediência às normas de trânsito pelo condutor";"Colisão lateral";"Com Vítimas Feridas";"Pleno dia";"Crescente";"Chuva";"Dupla";"Reta";"Sim";2;0;1;0;1;0;1;2;-23,45127825;-46,57001495;"SPRF-SP";"DEL03-SP";"DEL6/3-UOP03/SP"
151325;2018-08-06;"segunda-feira";"08:30:00";"RS";290;689;"URUGUAIANA";"Defeito na Via";"Saída de leito carroçável";"Com Vítimas Feridas";"Pleno dia";"Crescente";"Céu Claro";"Simples";"Reta";"Não";1;0;1;0;0;0;1;1;-29,878025;-56,782131;"SPRF-RS";"DEL13-RS";"UOP01-DEL13-RS"
151326;2018-07-12;"quinta-feira";"09:10:00";"PB";230;18,9;"JOAO PESSOA";"Falta de Atenção à Condução";"Engavetamento";"Com Vítimas Feridas";"Pleno dia";"Decrescente";"Chuva";"Dupla";"Reta";"Sim";8;0;1;0;5;2;1;8;-7,12917925;-34,84971703;"SPRF-PB";"DEL01-PB";"UOP01-DEL01-PB"
151327;2018-07-20;"sexta-feira";"20:30:00";"PB";101;46,6;"RIO TINTO";"Objeto estático sobre o leito carroçável";"Colisão com objeto estático";"Sem Vítimas";"Plena Noite";"Decrescente";"Nublado";"Dupla";"Reta";"Não";2;0;0;0;2;0;0;1;-6,90103529;-35,11994362;"SPRF-PB";"DEL01-PB";"UOP04-DEL01-PB"
151329;2018-08-06;"segunda-feira";"11:00:00";"MG";381;900;"CAMBUI";"Velocidade Incompatível";"Colisão traseira";"Com Vítimas Feridas";"Pleno dia";"Decrescente";"Chuva";"Dupla";"Reta";"Não";3;0;1;0;1;1;1;2;-22,62871252;-46,0777384;"SPRF-MG";"DEL16-MG";"UOP03-DEL16-MG"
151330;2018-08-06;"segunda-feira";"11:00:00";"PE";101;72,2;"RECIFE";"Desobediência às normas de trânsito pelo condutor";"Colisão transversal";"Com Vítimas Feridas";"Pleno dia";"Decrescente";"Céu Claro";"Dupla";"Reta";"Sim";2;0;2;0;0;0;2;2;-8,088118;-34,946648;"SPRF-PE";"DEL01-PE";"UOP01-DEL01-PE"
151332;2018-07-26;"quinta-feira";"15:00:00";"MA";316;461;"CODO";"Ultrapassagem Indevida";"Colisão frontal";"Com Vítimas Feridas";"Pleno dia";"Decrescente";"Céu Claro";"Simples";"Reta";"Não";7;0;7;0;0;0;7;2;-4,522758;-44,049385;"SPRF-MA";"DEL03-MA";"UOP01-DEL03-MA"