"id";"data_inversa";"dia_semana";"horario";"uf";"br";"km";"municipio";"causa_acidente";"tipo_acidente";"classificacao_acidente";"fase_dia";"sentido_via";"condicao_metereologica";"tipo_pista";"tracado_via";"uso_solo";"pessoas";"mortos";"feridos_leves";"feridos_graves";"ilesos";"ignorados";"feridos";"veiculos";"latitude";"longitude";"regional";"delegacia";"uop"
151333;2018-08-06;"segunda-feira";"10:50:00";"RS";386;335,3;"MARQUES DE SOUZA";"Não guardar distância de segurança";"Colisão traseira";"Com Vítimas Feridas";"Pleno dia";"Crescente";"Céu Claro";"Simples";"Declive";"Não";2;0;1;0;0;1;1;2;-29,385532;-52,052769;"SPRF-RS";"DEL04-RS";"UOP01-DEL04-RS"
151334;2018-08-06;"segunda-feira";"10:00:00";"RR";210;175;"CARACARAI";"Falta de Atenção à Condução";"Colisão traseira";"Com Vítimas Feridas";"Pleno dia";"Decrescente";"Céu Claro";"Simples";"Reta";"Não";2;0;1;0;0;1;1;1;1,20894;-60,358067;"SPRF-RR";"DEL01-RR";"UOP01-DEL01-RR"
151338;2018-08-06;"segunda-feira";"11:40:00";"RS";285;223,3;"CASEIROS";"Condutor Dormindo";"Saída de leito carroçável";"Com Vítimas Feridas";"Pleno dia";"Decrescente";"Sol";"Simples";"Reta";"Não";1;0;1;0;0;0;1;1;-28,25086448;-51,72586441;"SPRF-RS";"DEL08-RS";"UOP05-DEL08-RS"
151340;2018-08-06;"segunda-feira";"10:30:00";"PR";277;419,8;"CANTAGALO";"Desobediência às normas de trânsito pelo condutor";"Colisão transversal";"Com Vítimas Feridas";"Pleno dia";"Crescente";"Céu Claro";"Simples";"Aclive";"Sim";4;0;0;3;1;0;3;2;-25,3841928;-52,1151274;"SPRF-PR";"DEL04-PR";"UOP02-DEL04-PR"
151341;2018-08-06;"segunda-feira";"12:45:00";"BA";242;838,5;"BARREIRAS";"Ingestão de Álcool";"Queda de ocupante de veículo";"Com Vítimas Fatais";"Pleno dia";"Decrescente";"Céu Claro";"Simples";"Reta";"Não";2;1;1;0;0;0;1;1;-12,094327;-45,390169;"SPRF-BA";"DEL10-BA";"UOP01-DEL10-BA"
151342;2018-08-06;"segunda-feira";"12:00:00";"MG";153;148;"COMENDADOR GOMES";"Falta de Atenção à Condução";"Queda de ocupante de veículo";"Com Vítimas Feridas";"Pleno dia";"Decrescente";"Céu Claro";"Simples";"Reta";"Não";1;0;1;0;0;0;1;1;-19,63191683;-48,85070801;"SPRF-MG";"DEL13-MG";"UOP02-DEL13-MG"
151343;2018-08-06;"segunda-feira";"12:30:00";"RJ";493;22;"MAGE";"Ultrapassagem Indevida";"Colisão transversal";"Com Vítimas Feridas";"Pleno dia";"Crescente";"Nublado";"Simples";"Reta";"Não";2;0;0;1;1;0;1;2;-22,659311;-43,053299;"SPRF-RJ";"DEL04-RJ";"UOP02-DEL04-RJ"
151344;2018-08-06;"segunda-feira";"11:40:00";"RJ";116;258;"VOLTA REDONDA";"Desobediência às normas de trânsito pelo condutor";"Colisão traseira";"Com Vítimas Feridas";"Pleno dia";"Crescente";"Garoa/Chuvisco";"Simples";"Viaduto";"Não";2;0;1;0;0;1;1;2;-22,560883;-44,122238;"SPRF-RJ";"DEL07-RJ";"UOP02-DEL07-RJ"
151346;2018-08-06;"segunda-feira";"12:50:00";"RS";116;236,1;"NOVO HAMBURGO";"Falta de Atenção à Condução";"Colisão traseira";"Com Vítimas Feridas";"Pleno dia";"Decrescente";"Céu Claro";"Múltipla";"Reta";"Sim";2;0;0;1;1;0;1;2;-29,669394;-51,143047;"SPRF-RS";"DEL01-RS";"UOP02-DEL01-RS"
151347;2018-08-06;"segunda-feira";"12:00:00";"RO";319;63;"PORTO VELHO";"Desobediência às normas de trânsito pelo condutor";"Colisão transversal";"Com Vítimas Feridas";"Pleno dia";"Decrescente";"Céu Claro";"Dupla";"Reta";"Sim";2;0;0;1;1;0;1;2;-8,76111453;-63,88532639;"SPRF-RO";"DEL01-RO";"UOP01-DEL01-RO"
151349;2018-08-06;"segunda-feira";"12:40:00";"MG";40;230;"SAO GONCALO DO ABAETE";"Animais na Pista";"Atropelamento de Animal";"Sem Vítimas";"Pleno dia";"Crescente";"Céu Claro";"Simples";"Reta";"Não";1;0;0;0;1;0;0;1;-18,16803524;-45,30006409;"SPRF-MG";"DEL14-MG";"UOP02-DEL14-MG"
151355;2018-08-06;"segunda-feira";"14:10:00";"SC";280;4,7;"SAO FRANCISCO DO SUL";"Falta de Atenção à Condução";"Colisão transversal";"Com Vítimas Feridas";"Pleno dia";"Decrescente";"Céu Claro";"Simples";"Rotatória";"Sim";3;0;2;0;1;0;2;2;-26,253296;-48,61916;"SPRF-SC";"DEL03-SC";"UOP03-DEL03-SC"
151356;2018-08-06;"segunda-feira";"13:30:00";"SC";470;3;"NAVEGANTES";"Falta de Atenção à Condução";"Colisão frontal";"Com Vítimas Feridas";"Pleno dia";"Decrescente";"Céu Claro";"Simples";"Reta";"Não";2;0;0;1;1;0;1;2;-26,861937;-48,681618;"SPRF-SC";"DEL04-SC";"UOP04-DEL04-SC"
151358;2018-08-06;"segunda-feira";"13:50:00";"RS";116;245,9;"SAO LEOPOLDO";"Falta de Atenção à Condução";"Colisão traseira";"Com Vítimas Feridas";"Pleno dia";"Crescente";"Céu Claro";"Múltipla";"Reta";"Sim";3;0;1;0;2;0;1;3;-29,7536993;-51,1517269;"SPRF-RS";"DEL01-RS";"UOP02-DEL01-RS"
151359;2018-08-06;"segunda-feira";"09:30:00";"ES";482;17,1;"CACHOEIRO DE ITAPEMIRIM";"Ultrapassagem Indevida";"Colisão frontal";"Com Vítimas Feridas";"Pleno dia";"Decrescente";"Céu Claro";"Simples";"Interseção de Vias";"Não";2;0;1;0;1;0;1;2;-20,83934;-41,083893;"SPRF-ES";"DEL03-ES";"UOP02-DEL03-ES"
151361;2018-07-23;"segunda-feira";"11:20:00";"PB";104;153;"QUEIMADAS";"Falta de Atenção à Condução";"Tombamento";"Com Vítimas Feridas";"Pleno dia";"Decrescente";"Céu Claro";"Simples";"Reta";"Não";2;0;2;0;0;0;2;1;-7,48953725;-35,94683647;"SPRF-PB";"DEL02-PB";"UOP03-DEL02-PB"
151362;2018-08-06;"segunda-feira";"12:20:00";"MT";163;833;"SINOP";"Falta de Atenção à Condução";"Queda de ocupante de veículo";"Com Vítimas Feridas";"Pleno dia";"Decrescente";"Sol";"Dupla";"Rotatória";"Sim";1;0;1;0;0;0;1;1;-11,8824698;-55,50094485;"SPRF-MT";"DEL06-MT";"UOP01-DEL06-MT"
151365;2018-08-06;"segunda-feira";"12:20:00";"SC";116;186,8;"SAO CRISTOVAO DO SUL";"Velocidade Incompatível";"Colisão com objeto estático";"Com Vítimas Feridas";"Pleno dia";"Crescente";"Sol";"Simples";"Curva";"Não";1;0;1;0;0;0;1;1;-27,31841559;-50,42355501;"SPRF-SC";"DEL05-SC";"UOP03-DEL05-SC"
151367;2018-08-06;"segunda-feira";"14:15:00";"CE";116;6;"FORTALEZA";"Não guardar distância de segurança";"Colisão lateral";"Com Vítimas Feridas";"Pleno dia";"Crescente";"Céu Claro";"Simples";"Viaduto";"Sim";3;0;1;0;2;0;1;3;-3,81050825;-38,50114133;"SPRF-CE";"DEL01-CE";"UOP02-DEL01-CE"
151368;2018-08-06;"segunda-feira";"14:50:00";"PE";101;77,5;"RECIFE";"Falta de Atenção à Condução";"Colisão traseira";"Com Vítimas Feridas";"Pleno dia";"Crescente";"Céu Claro";"Dupla";"Em Obras";"Sim";2;0;1;0;1;0;1;2;-8,132269;-34,946278;"SPRF-PE";"DEL01-PE";"UOP01-DEL01-PE"
151369;2018-08-06;"segunda-feira";"13:20:00";"SC";282;6;"SAO JOSE";"Falta de Atenção à Condução";"Colisão lateral";"Com Vítimas Feridas";"Pleno dia";"Decrescente";"Céu Claro";"Simples";"Curva";"Sim";2;0;1;0;1;0;1;2;-27,591936;-48,618244;"SPRF-SC";"DEL01-SC";"UOP01-DEL01-SC"
151370;2018-08-06;"segunda-feira";"08:00:00";"PR";163;310;"MERCEDES";"Falta de Atenção à Condução";"Saída de leito carroçável";"Com Vítimas Feridas";"Pleno dia";"Crescente";"Nevoeiro/Neblina";"Simples";"Reta";"Não";1;0;1;0;0;0;1;1;-24,38439126;-54,15562391;"SPRF-PR";"DEL06-PR";"UOP02-DEL06-PR"
151372;2018-08-05;"domingo";"17:30:00";"MT";158;370;"RIBEIRAO CASCALHEIRA";"Falta de Atenção à Condução";"Capotamento";"Com Vítimas Feridas";"Pleno dia";"Crescente";"Sol";"Simples";"Reta";"Não";5;0;3;0;2;0;3;1;-12,67551105;-51,78474426;"SPRF-MT";"DEL07-MT";"UOP02-DEL07-MT"
151374;2018-07-22;"domingo";"18:00:00";"MS";463;23,6;"DOURADOS";"Defeito Mecânico no Veículo";"Queda de ocupante de veículo";"Com Vítimas Feridas";"Plena Noite";"Decrescente";"Céu Claro";"Simples";"Reta";"Não";2;0;1;1;0;0;2;1;-22,279266;-55,013973;"SPRF-MS";"DEL04-MS";"UOP01-DEL04-MS"
151376;2018-08-06;"segunda-feira";"16:00:00";"MG";365;0,5;"MONTES CLAROS";"Velocidade Incompatível";"Saída de leito carroçável";"Com Vítimas Feridas";"Pleno dia";"Crescente";"Sol";"Simples";"Curva";"Sim";1;0;0;1;0;0;1;1;-16,77200078;-43,88381481;"SPRF-MG";"DEL12-MG";"UOP01-DEL12-MG"
151378;2018-08-06;"segunda-feira";"15:30:00";"RS";285;564;"SAO LUIZ GONZAGA";"Desobediência às normas de trânsito pelo condutor";"Colisão transversal";"Com Vítimas Feridas";"Pleno dia";"Crescente";"Sol";"Simples";"Interseção de Vias";"Sim";4;0;2;0;2;0;2;2;-28,41699415;-54,93833542;"SPRF-RS";"DEL10-RS";"UOP01-DEL10-RS"
151380;2018-08-06;"segunda-feira";"15:20:00";"PE";101;51;"ABREU E LIMA";"Falta de Atenção à Condução";"Colisão traseira";"Com Vítimas Feridas";"Pleno dia";"Crescente";"Sol";"Múltipla";"Reta";"Sim";2;0;0;1;1;0;1;2;-7,91692197;-34,89728976;"SPRF-PE";"DEL01-PE";"UOP02-DEL01-PE"
151381;2018-08-06;"segunda-feira";"16:10:00";"PR";277;545,8;"CATANDUVAS";"Velocidade Incompatível";"Saída de leito carroçável";"Com Vítimas Fatais";"Pleno dia";"Decrescente";"Céu Claro";"Simples";"Reta";"Não";5;4;0;1;0;0;1;1;-25,10549737;-53,10344696;"SPRF-PR";"DEL04-PR";"UOP04-DEL04-PR"
151383;2018-08-06;"segunda-feira";"16:15:00";"SP";381;68;"MAIRIPORA";"Objeto estático sobre o leito carroçável";"Colisão com objeto estático";"Com Vítimas Feridas";"Pleno dia";"Decrescente";"Chuva";"Dupla";"Curva";"Sim";3;0;3;0;0;0;3;1;-23,34211792;-46,57359654;"SPRF-SP";"DEL03-SP";"DEL6/3-UOP03/SP"
151384;2018-08-06;"segunda-feira";"15:45:00";"RS";287;272,2;"SANTA MARIA";"Falta de Atenção à Condução";"Engavetamento";"Com Vítimas Feridas";"Pleno dia";"Crescente";"Sol";"Simples";"Viaduto";"Não";4;0;0;1;3;0;1;3;-29,66609122;-54,09246325;"SPRF-RS";"DEL09-RS";"UOP01-DEL09-RS"
151386;2018-08-06;"segunda-feira";"16:50:00";"PR";487;171,8;"CAMPO MOURAO";"Falta de Atenção à Condução";"Colisão lateral";"Sem Vítimas";"Pleno dia";"Decrescente";"Nublado";"Simples";"Aclive";"Não";3;0;0;0;3;0;0;2;-24,021196;-52,445581;"SPRF-PR";"DEL04-PR";"UOP03-DEL09-PR"
151387;2018-08-06;"segunda-feira";"17:00:00";"PA";316;2;"ANANINDEUA";"Falta de Atenção à Condução";"Colisão lateral";"Com Vítimas Feridas";"Pleno dia";"Crescente";"Céu Claro";"Dupla";"Reta";"Sim";2;0;1;0;1;0;1;2;-1,396582;-48,422993;"SPRF-PA";"DEL01-PA";"DEL19/1-UOP05/PA"
151389;2018-08-06;"segunda-feira";"11:30:00";"SP";459;14;"PIQUETE";"Falta de Atenção à Condução";"Colisão transversal";"Com Vítimas Feridas";"Pleno dia";"Decrescente";"Chuva";"Simples";"Reta";"Sim";2;0;1;0;1;0;1;2;-22,60914;-45,177574;"SPRF-SP";"DEL08-SP";"UOP03-DEL08-SP"
151390;2018-08-06;"segunda-feira";"17:15:00";"TO";153;140;"ARAGUAINA";"Não guardar distância de segurança";"Colisão lateral";"Com Vítimas Feridas";"Pleno dia";"Decrescente";"Céu Claro";"Dupla";"Reta";"Sim";2;0;1;0;1;0;1;2;-7,17896;-48,22199;"SPRF-TO";"DEL02-TO";"UOP01-DEL02-TO"
151392;2018-08-06;"segunda-feira";"16:40:00";"BA";101;108;"ALAGOINHAS";"Ingestão de Álcool";"Colisão transversal";"Com Vítimas Feridas";"Pleno dia";"Crescente";"Céu Claro";"Simples";"Interseção de Vias";"Sim";2;0;1;0;1;0;1;2;-12,14846595;-38,39515686;"SPRF-BA";"DEL01-BA";"UOP04-DEL01-BA"
151393;2018-08-06;"segunda-feira";"18:00:00";"SC";470;136,5;"RIO DO SUL";"Falta de Atenção à Condução";"Colisão traseira";"Com Vítimas Feridas";"Plena Noite";"Decrescente";"Céu Claro";"Simples";"Reta";"Sim";2;0;1;0;1;0;1;2;-27,17775762;-49,59387839;"SPRF-SC";"DEL04-SC";"UOP02-DEL04-SC"
151395;2018-08-06;"segunda-feira";"18:00:00";"BA";101;60;"ENTRE RIOS";"Falta de Atenção do Pedestre";"Atropelamento de Pedestre";"Com Vítimas Fatais";"Plena Noite";"Crescente";"Céu Claro";"Simples";"Declive;Reta";"Não";2;1;0;0;0;1;0;2;-11,9443707;-38,062706;"SPRF-BA";"DEL01-BA";"UOP04-DEL01-BA"
151396;2018-08-06;"segunda-feira";"18:50:00";"GO";153;444;"ANAPOLIS";"Não guardar distância de segurança";"Colisão traseira";"Com Vítimas Feridas";"Plena Noite";"Crescente";"Céu Claro";"Dupla";"Rotatória";"Sim";4;0;1;0;3;0;1;2;-16,343756;-48,9245;"SPRF-GO";"DEL02-GO";"UOP01-DEL02-GO"
151398;2018-08-06;"segunda-feira";"15:10:00";"SC";282;398,4;"JOACABA";"Desobediência às normas de trânsito pelo condutor";"Colisão transversal";"Com Vítimas Feridas";"Pleno dia";"Decrescente";"Céu Claro";"Simples";"Reta";"Não";2;0;1;0;1;0;1;2;-27,143419;-51,613823;"SPRF-SC";"DEL07-SC";"UOP05-DEL07-SC"
151399;2018-08-06;"segunda-feira";"17:25:00";"SC";470;136;"RIO DO SUL";"Falta de Atenção à Condução";"Colisão transversal";"Com Vítimas Feridas";"Pleno dia";"Crescente";"Céu Claro";"Simples";"Rotatória";"Não";2;0;1;0;1;0;1;2;-27,194323;-49,624554;"SPRF-SC";"DEL04-SC";"UOP02-DEL04-SC"
151400;2018-08-06;"segunda-feira";"18:55:00";"DF";40;5,4;"BRASILIA";"Falta de Atenção à Condução";"Colisão lateral";"Com Vítimas Feridas";"Anoitecer";"Crescente";"Céu Claro";"Dupla";"Reta";"Sim";2;0;1;0;1;0;1;2;-16,02429355;-47,9798162;"SPRF-DF";"DEL01-DF";"UOP01-DEL01-DF"
151401;2018-08-06;"segunda-feira";"18:30:00";"PR";369;149;"LONDRINA";"Falta de Atenção à Condução";"Colisão traseira";"Com Vítimas Feridas";"Anoitecer";"Decrescente";"Garoa/Chuvisco";"Dupla";"Reta";"Sim";3;0;2;0;1;0;2;2;-23,29292408;-51,15568042;"SPRF-PR";"DEL07-PR";"UOP01-DEL07-PR"
151402;2018-08-06;"segunda-feira";"19:30:00";"GO";60;94,4;"ANAPOLIS";"Defeito na Via";"Colisão com objeto estático";"Com Vítimas Feridas";"Plena Noite";"Decrescente";"Céu Claro";"Dupla";"Aclive;Interseção de Vias;Reta";"Sim";1;0;1;0;0;0;1;1;-16,36085801;-48,93268168;"SPRF-GO";"DEL02-GO";"UOP01-DEL02-GO"
151404;2018-08-06;"segunda-feira";"19:40:00";"PR";369;138,7;"IBIPORA";"Desobediência às normas de trânsito pelo condutor";"Colisão transversal";"Com Vítimas Feridas";"Plena Noite";"Crescente";"Nublado";"Dupla";"Interseção de Vias";"Sim";3;0;1;0;2;0;1;2;-23,27357852;-51,05611498;"SPRF-PR";"DEL07-PR";"UOP01-DEL07-PR"
151405;2018-08-06;"segunda-feira";"19:20:00";"RJ";393;279,3;"BARRA DO PIRAI";"Falta de Atenção à Condução";"Colisão frontal";"Com Vítimas Feridas";"Plena Noite";"Decrescente";"Chuva";"Simples";"Reta";"Sim";3;0;0;1;1;1;1;3;-22,47972699;-44,04395342;"SPRF-RJ";"DEL05-RJ";"UOP04-DEL05-RJ"
151406;2018-08-06;"segunda-feira";"18:35:00";"MS";163;280;"DOURADOS";"Falta de Atenção à Condução";"Queda de ocupante de veículo";"Com Vítimas Feridas";"Plena Noite";"Decrescente";"Ignorado";"Dupla";"Reta";"Sim";1;0;1;0;0;0;1;1;-22,13592045;-54,61687803;"SPRF-MS";"DEL04-MS";"UOP01-DEL04-MS"
151407;2018-08-06;"segunda-feira";"19:10:00";"RJ";393;237;"VASSOURAS";"Falta de Atenção à Condução";"Colisão transversal";"Com Vítimas Feridas";"Anoitecer";"Crescente";"Chuva";"Simples";"Interseção de Vias";"Sim";3;0;2;0;1;0;2;2;-22,41856639;-43,68260622;"SPRF-RJ";"DEL05-RJ";"UOP03-DEL05-RJ"
151408;2018-08-06;"segunda-feira";"18:50:00";"SC";101;90;"BARRA VELHA";"Restrição de Visibilidade";"Colisão traseira";"Com Vítimas Feridas";"Plena Noite";"Decrescente";"Nublado";"Dupla";"Reta";"Sim";3;0;0;1;1;1;1;3;-26,678;-48,692;"SPRF-SC";"DEL03-SC";"UOP02-DEL03-SC"
151410;2018-08-06;"segunda-feira";"18:00:00";"RS";158;333,2;"SANTA MARIA";"Falta de Atenção à Condução";"Colisão traseira";"Sem Vítimas";"Pleno dia";"Decrescente";"Sol";"Dupla";"Interseção de Vias";"Sim";2;0;0;0;2;0;0;2;-29,708469;-53,864265;"SPRF-RS";"DEL09-RS";"UOP01-DEL09-RS"
151414;2018-08-06;"segunda-feira";"18:10:00";"PI";343;343,6;"TERESINA";"Ingestão de Álcool";"Colisão traseira";"Sem Vítimas";"Plena Noite";"Decrescente";"Céu Claro";"Simples";"Ponte";"Sim";3;0;0;0;3;0;0;2;-5,087362;-42,757851;"SPRF-PI";"DEL01-PI";"UOP01-DEL01-PI"
151415;2018-08-06;"segunda-feira";"19:00:00";"RN";226;175,7;"CURRAIS NOVOS";"Desobediência às normas de trânsito pelo condutor";"Colisão transversal";"Com Vítimas Feridas";"Plena Noite";"Decrescente";"Céu Claro";"Dupla";"Reta";"Sim";2;0;1;0;1;0;1;2;-6,257745;-36,510166;"SPRF-RN";"DEL03-RN";"UOP02-DEL03-RN"
151416;2018-08-06;"segunda-feira";"19:05:00";"PR";369;50;"BANDEIRANTES";"Falta de Atenção à Condução";"Colisão lateral";"Com Vítimas Feridas";"Plena Noite";"Decrescente";"Nublado";"Simples";"Reta";"Sim";2;0;0;1;1;0;1;2;-23,11099661;-50,36813557;"SPRF-PR";"DEL07-PR";"UOP05-DEL07-PR"
151417;2018-08-06;"segunda-feira";"18:20:00";"PR";277;1,3;"FOZ DO IGUACU";"Falta de Atenção à Condução";"Colisão transversal";"Com Vítimas Feridas";"Anoitecer";"Decrescente";"Céu Claro";"Dupla";"Interseção de Vias;Reta";"Sim";2;0;0;1;1;0;1;2;-25,49470827;-54,58359718;"SPRF-PR";"DEL05-PR";"UOP03-DEL05-PR"
151418;2018-08-06;"segunda-feira";"18:00:00";"RJ";116;141;"DUQUE DE CAXIAS";"Falta de Atenção à Condução";"Tombamento";"Com Vítimas Feridas";"Anoitecer";"Decrescente";"Chuva";"Dupla";"Reta";"Sim";1;0;1;0;0;0;1;1;-22,66090804;-43,25283051;"SPRF-RJ";"DEL04-RJ";"UOP02-DEL04-RJ"
151420;2018-08-06;"segunda-feira";"18:10:00";"RJ";101;70;"CAMPOS DOS GOYTACAZES";"Falta de Atenção do Pedestre";"Atropelamento de Pedestre";"Com Vítimas Feridas";"Plena Noite";"Decrescente";"Céu Claro";"Simples";"Reta";"Não";2;0;2;0;0;0;2;2;-21,78358;-41,378043;"SPRF-RJ";"DEL08-RJ";"UOP02-DEL08-RJ"
151421;2018-08-06;"segunda-feira";"17:30:00";"PI";343;341,6;"TERESINA";"Falta de Atenção à Condução";"Colisão lateral";"Sem Vítimas";"Pleno dia";"Crescente";"Céu Claro";"Dupla";"Rotatória";"Sim";2;0;0;0;2;0;0;2;-5,07853702;-42,74954349;"SPRF-PI";"DEL01-PI";"UOP01-DEL01-PI"
151422;2018-08-06;"segunda-feira";"18:48:00";"PR";277;724,7;"FOZ DO IGUACU";"Falta de Atenção do Pedestre";"Atropelamento de Pedestre";"Com Vítimas Fatais";"Plena Noite";"Decrescente";"Céu Claro";"Dupla";"Reta";"Sim";2;1;0;0;1;0;0;2;-25,506262;-54,543824;"SPRF-PR";"DEL05-PR";"UOP03-DEL05-PR"
151423;2018-08-06;"segunda-feira";"16:40:00";"SC";116;1,1;"MAFRA";"Falta de Atenção à Condução";"Colisão lateral";"Com Vítimas Feridas";"Pleno dia";"Decrescente";"Céu Claro";"Simples";"Rotatória";"Sim";2;0;0;1;1;0;1;2;-26,11841354;-49,78758551;"SPRF-SC";"DEL06-SC";"UOP01-DEL06-SC"
151424;2018-08-06;"segunda-feira";"17:39:00";"SC";280;171;"MAFRA";"Desobediência às normas de trânsito pelo condutor";"Colisão lateral";"Sem Vítimas";"Pleno dia";"Crescente";"Céu Claro";"Simples";"Interseção de Vias";"Sim";2;0;0;0;2;0;0;2;-26,13971558;-49,81267154;"SPRF-SC";"DEL06-SC";"UOP01-DEL06-SC"
151425;2018-08-06;"segunda-feira";"09:30:00";"AC";364;272;"SENA MADUREIRA";"Falta de Atenção à Condução";"Colisão transversal";"Com Vítimas Feridas";"Pleno dia";"Decrescente";"Nublado";"Simples";"Reta";"Sim";2;0;0;1;1;0;1;2;-9,081453;-68,659554;"SPRF-AC";"DEL01-AC";"UOP01-DEL01-AC"
151426;2018-08-06;"segunda-feira";"18:10:00";"SC";101;211,3;"PALHOCA";"Falta de Atenção à Condução";"Saída de leito carroçável";"Com Vítimas Feridas";"Plena Noite";"Decrescente";"Nublado";"Dupla";"Reta";"Sim";2;0;1;0;1;0;1;2;-27,6301;-48,659;"SPRF-SC";"DEL01-SC";"UOP02-DEL01-SC"
151427;2018-08-06;"segunda-feira";"20:15:00";"GO";153;513;"APARECIDA DE GOIANIA";"Falta de Atenção à Condução";"Colisão lateral";"Com Vítimas Feridas";"Plena Noite";"Decrescente";"Céu Claro";"Simples";"Reta";"Sim";3;0;1;0;2;0;1;2;-16,8244;-49,2421;"SPRF-GO";"DEL01-GO";"UOP03-DEL01-GO"
151429;2018-08-06;"segunda-feira";"20:15:00";"RS";116;138,3;"CAXIAS DO SUL";"Falta de Atenção à Condução";"Colisão lateral";"Com Vítimas Feridas";"Plena Noite";"Crescente";"Céu Claro";"Simples";"Reta";"Não";3;0;1;0;1;1;1;3;-29,09194265;-51,11176193;"SPRF-RS";"DEL05-RS";"UOP01-DEL05-RS"
151430;2018-08-06;"segunda-feira";"18:40:00";"RN";406;153,8;"CEARA-MIRIM";"Falta de Atenção à Condução";"Colisão com objeto estático";"Com Vítimas Feridas";"Plena Noite";"Crescente";"Céu Claro";"Simples";"Reta";"Não";2;0;2;0;0;0;2;1;-5,6614268;-35,41408539;"SPRF-RN";"DEL02-RN";"UOP01-DEL02-RN"
151431;2018-08-06;"segunda-feira";"16:10:00";"MG";365;729,5;"MONTE ALEGRE DE MINAS";"Defeito Mecânico no Veículo";"Saída de leito carroçável";"Com Vítimas Feridas";"Pleno dia";"Crescente";"Céu Claro";"Simples";"Curva";"Não";1;0;1;0;0;0;1;1;-18,89663246;-49,25044865;"SPRF-MG";"DEL15-MG";"UOP03-DEL15-MG"
151435;2018-08-06;"segunda-feira";"21:15:00";"MG";40;517;"RIBEIRAO DAS NEVES";"Animais na Pista";"Atropelamento de Animal";"Com Vítimas Feridas";"Plena Noite";"Decrescente";"Céu Claro";"Dupla";"Reta";"Não";1;0;0;1;0;0;1;1;-19,8351;-44,08;"SPRF-MG";"DEL01-MG";"UOP03-DEL01-MG"
151436;2018-08-06;"segunda-feira";"18:10:00";"PR";376;177;"MARINGA";"Não guardar distância de segurança";"Colisão traseira";"Com Vítimas Feridas";"Anoitecer";"Crescente";"Nublado";"Múltipla";"Reta";"Sim";2;0;1;0;1;0;1;2;-23,412691;-51,931583;"SPRF-PR";"DEL07-PR";"UOP01-DEL09-PR"
151437;2018-08-06;"segunda-feira";"21:05:00";"RJ";393;283,3;"VOLTA REDONDA";"Falta de Atenção à Condução";"Colisão transversal";"Sem Vítimas";"Plena Noite";"Crescente";"Chuva";"Simples";"Interseção de Vias";"Sim";2;0;0;0;2;0;0;2;-22,49163601;-44,06530632;"SPRF-RJ";"DEL05-RJ";"UOP04-DEL05-RJ"
151438;2018-08-06;"segunda-feira";"18:00:00";"PE";424;27,9;"VENTUROSA";"Desobediência às normas de trânsito pelo condutor";"Colisão lateral";"Com Vítimas Feridas";"Plena Noite";"Decrescente";"Céu Claro";"Simples";"Reta";"Não";2;0;0;1;1;0;1;2;-8,56692725;-36,8872824;"SPRF-PE";"DEL03-PE";"UOP02-DEL03-PE"
151441;2018-08-06;"segunda-feira";"19:45:00";"MG";40;700,1;"BARBACENA";"Falta de Atenção à Condução";"Queda de ocupante de veículo";"Com Vítimas Feridas";"Plena Noite";"Crescente";"Chuva";"Simples";"Curva;Declive";"Sim";4;0;1;0;0;3;1;2;-21,20799993;-43,74996454;"SPRF-MG";"DEL05-MG";"UOP02-DEL05-MG"
151442;2018-08-06;"segunda-feira";"21:15:00";"PI";135;333;"BOM JESUS";"Defeito na Via";"Capotamento";"Com Vítimas Feridas";"Plena Noite";"Crescente";"Céu Claro";"Simples";"Reta";"Não";2;0;2;0;0;0;2;1;-8,95329;-44,264828;"SPRF-PI";"DEL03-PI";"UOP02-DEL03-PI"
151443;2018-08-06;"segunda-feira";"22:30:00";"MG";459;102,1;"POUSO ALEGRE";"Velocidade Incompatível";"Colisão com objeto estático";"Com Vítimas Feridas";"Plena Noite";"Decrescente";"Garoa/Chuvisco";"Dupla";"Curva";"Sim";2;0;1;0;1;0;1;1;-22,22560751;-45,91200471;"SPRF-MG";"DEL16-MG";"UOP01-DEL16-MG"
151444;2018-08-06;"segunda-feira";"21:40:00";"PI";316;12;"TERESINA";"Ingestão de Álcool";"Colisão com objeto estático";"Com Vítimas Feridas";"Plena Noite";"Decrescente";"Céu Claro";"Múltipla";"Em Obras";"Não";1;0;0;1;0;0;1;1;-5,200803;-42,757977;"SPRF-PI";"DEL01-PI";"UOP02-DEL01-PI"
151445;2018-08-06;"segunda-feira";"20:55:00";"SC";280;79,3;"CORUPA";"Deficiência ou não Acionamento do Sistema de Iluminação/Sinalização do Veículo";"Colisão traseira";"Com Vítimas Feridas";"Plena Noite";"Decrescente";"Nublado";"Simples";"Curva";"Não";2;0;2;0;0;0;2;2;-26,446527;-49,201656;"SPRF-SC";"DEL06-SC";"UOP03-DEL06-SC"
151447;2018-08-06;"segunda-feira";"23:15:00";"BA";101;171;"FEIRA DE SANTANA";"Animais na Pista";"Atropelamento de Animal";"Com Vítimas Feridas";"Plena Noite";"Decrescente";"Ignorado";"Simples";"Reta";"Sim";2;0;1;1;0;0;2;1;-12,362459;-38,865322;"SPRF-BA";"DEL01-BA";"UOP03-DEL01-BA"