"id";"data_inversa";"dia_semana";"horario";"uf";"br";"km";"municipio";"causa_acidente";"tipo_acidente";"classificacao_acidente";"fase_dia";"sentido_via";"condicao_metereologica";"tipo_pista";"tracado_via";"uso_solo";"pessoas";"mortos";"feridos_leves";"feridos_graves";"ilesos";"ignorados";"feridos";"veiculos";"latitude";"longitude";"regional";"delegacia";"uop"
151448;2018-08-06;"segunda-feira";"23:10:00";"AL";101;137;"SAO MIGUEL DOS CAMPOS";"Falta de Atenção à Condução";"Queda de ocupante de veículo";"Com Vítimas Fatais";"Plena Noite";"Decrescente";"Céu Claro";"Simples";"Curva";"Não";1;1;0;0;0;0;0;1;-9,79161775;-36,10691071;"SPRF-AL";"DEL02-AL";"UOP01-DEL02-AL"
151449;2018-08-06;"segunda-feira";"23:40:00";"GO";20;122,6;"FLORES DE GOIAS";"Ultrapassagem Indevida";"Colisão lateral";"Com Vítimas Fatais";"Plena Noite";"Decrescente";"Céu Claro";"Simples";"Reta";"Não";5;1;2;0;0;2;2;3;-14,89966761;-46,89561367;"SPRF-DF";"DEL02-DF";"UOP03-DEL02-DF"
151450;2018-08-06;"segunda-feira";"23:10:00";"GO";20;10,2;"FORMOSA";"Condutor Dormindo";"Colisão com objeto estático";"Sem Vítimas";"Plena Noite";"Decrescente";"Céu Claro";"Simples";"Reta";"Não";1;0;0;0;1;0;0;1;-15,55902764;-47,26491094;"SPRF-DF";"DEL02-DF";"UOP01-DEL02-DF"
151452;2018-08-07;"terça-feira";"02:00:00";"SP";116;230;"SAO PAULO";"Falta de Atenção à Condução";"Colisão com objeto estático";"Sem Vítimas";"Plena Noite";"Crescente";"Céu Claro";"Múltipla";"Reta";"Sim";1;0;0;0;0;1;0;1;-23,52000556;-46,58363467;"SPRF-SP";"DEL01-SP";"UOP01-DEL01-SP"
151453;2018-08-06;"segunda-feira";"23:54:00";"SC";163;69,4;"SAO MIGUEL DO OESTE";"Velocidade Incompatível";"Colisão com objeto estático";"Sem Vítimas";"Plena Noite";"Crescente";"Céu Claro";"Simples";"Reta";"Sim";3;0;0;0;1;2;0;2;-26,741289;-53,501209;"SPRF-SC";"DEL07-SC";"UOP03-DEL07-SC"
151454;2018-08-06;"segunda-feira";"16:50:00";"MA";10;319,8;"ACAILANDIA";"Falta de Atenção à Condução";"Colisão traseira";"Com Vítimas Feridas";"Pleno dia";"Decrescente";"Céu Claro";"Múltipla";"Reta";"Sim";3;0;1;0;2;0;1;3;-4,9547196;-47,48956203;"SPRF-MA";"DEL04-MA";"UOP03-DEL04-MA"
151467;2018-07-20;"sexta-feira";"19:10:00";"PB";230;260;"JUNCO DO SERIDO";"Falta de Atenção à Condução";"Colisão traseira";"Com Vítimas Fatais";"Plena Noite";"Decrescente";"Céu Claro";"Simples";"Reta";"Não";3;1;2;0;0;0;2;2;-7,0177;-36,6742;"SPRF-PB";"DEL03-PB";"UOP01-DEL03-PB"
151468;2018-08-07;"terça-feira";"07:15:00";"DF";70;18,6;"BRASILIA";"Falta de Atenção à Condução";"Colisão traseira";"Com Vítimas Feridas";"Pleno dia";"Decrescente";"Céu Claro";"Dupla";"Reta";"Não";4;0;0;1;3;0;1;4;-15,78961064;-48,2169342;"SPRF-DF";"DEL01-DF";"UOP02-DEL03-DF"
151471;2018-08-07;"terça-feira";"06:40:00";"ES";262;6,9;"CARIACICA";"Falta de Atenção à Condução";"Tombamento";"Com Vítimas Feridas";"Pleno dia";"Decrescente";"Nublado";"Simples";"Reta";"Sim";1;0;1;0;0;0;1;1;-20,34221263;-40,39844513;"SPRF-ES";"DEL01-ES";"UOP01-DEL01-ES"
151473;2018-08-07;"terça-feira";"07:45:00";"PR";277;1;"FOZ DO IGUACU";"Não guardar distância de segurança";"Colisão traseira";"Com Vítimas Feridas";"Pleno dia";"Decrescente";"Céu Claro";"Dupla";"Reta";"Sim";2;0;1;0;1;0;1;2;-25,50167095;-54,58407998;"SPRF-PR";"DEL05-PR";"UOP03-DEL05-PR"
151474;2018-08-07;"terça-feira";"07:50:00";"GO";70;1;"AGUAS LINDAS DE GOIAS";"Não guardar distância de segurança";"Colisão traseira";"Com Vítimas Feridas";"Pleno dia";"Decrescente";"Céu Claro";"Dupla";"Reta";"Sim";4;0;1;0;3;0;1;3;-15,7481;-48,2635;"SPRF-DF";"DEL01-DF";"UOP02-DEL03-DF"
151475;2018-08-07;"terça-feira";"07:30:00";"RJ";40;31;"AREAL";"Velocidade Incompatível";"Colisão com objeto estático";"Com Vítimas Feridas";"Amanhecer";"Crescente";"Garoa/Chuvisco";"Dupla";"Curva";"Não";1;0;1;0;0;0;1;1;-22,1987;-43,1562;"SPRF-RJ";"DEL06-RJ";"UOP02-DEL05-RJ"
151478;2018-08-07;"terça-feira";"07:00:00";"PI";316;31;"DEMERVAL LOBAO";"Falta de Atenção à Condução";"Saída de leito carroçável";"Com Vítimas Feridas";"Pleno dia";"Crescente";"Céu Claro";"Simples";"Reta";"Não";1;0;1;0;0;0;1;1;-5,339606;-42,693954;"SPRF-PI";"DEL01-PI";"UOP02-DEL01-PI"
151479;2018-08-03;"sexta-feira";"20:45:00";"MG";251;460,6;"GRAO MOGOL";"Velocidade Incompatível";"Saída de leito carroçável";"Sem Vítimas";"Plena Noite";"Decrescente";"Céu Claro";"Simples";"Reta";"Não";1;0;0;0;0;1;0;1;-16,4143;-43,3699;"SPRF-MG";"DEL12-MG";"UOP01-DEL12-MG"
151480;2018-08-07;"terça-feira";"08:45:00";"DF";40;4,5;"BRASILIA";"Avarias e/ou desgaste excessivo no pneu";"Queda de ocupante de veículo";"Sem Vítimas";"Pleno dia";"Decrescente";"Céu Claro";"Dupla";"Reta";"Sim";1;0;0;0;1;0;0;1;-16,0165708;-47,981114;"SPRF-DF";"DEL01-DF";"UOP01-DEL01-DF"
151484;2018-08-07;"terça-feira";"09:00:00";"PI";343;13,2;"PARNAIBA";"Falta de Atenção à Condução";"Colisão lateral";"Sem Vítimas";"Pleno dia";"Crescente";"Céu Claro";"Dupla";"Reta";"Sim";2;0;0;0;2;0;0;2;-2,92106487;-41,75432861;"SPRF-PI";"DEL05-PI";"UOP01-DEL05-PI"
151485;2018-08-07;"terça-feira";"08:30:00";"ES";101;270;"SERRA";"Falta de Atenção do Pedestre";"Atropelamento de Pedestre";"Com Vítimas Feridas";"Pleno dia";"Crescente";"Nublado";"Múltipla";"Reta";"Sim";2;0;0;1;1;0;1;2;-20,22835521;-40,27177513;"SPRF-ES";"DEL02-ES";"UOP01-DEL02-ES"
151486;2018-08-07;"terça-feira";"08:40:00";"SC";101;206;"SAO JOSE";"Falta de Atenção à Condução";"Colisão lateral";"Com Vítimas Feridas";"Pleno dia";"Crescente";"Sol";"Múltipla";"Reta";"Sim";2;0;1;0;1;0;1;2;-27,6001;-48,6225;"SPRF-SC";"DEL01-SC";"UOP01-DEL01-SC"
151488;2018-08-07;"terça-feira";"08:30:00";"RN";226;171;"CURRAIS NOVOS";"Avarias e/ou desgaste excessivo no pneu";"Queda de ocupante de veículo";"Com Vítimas Feridas";"Pleno dia";"Crescente";"Céu Claro";"Simples";"Reta";"Não";2;0;2;0;0;0;2;1;-6,24841132;-36,47260308;"SPRF-RN";"DEL03-RN";"UOP02-DEL03-RN"
151489;2018-08-07;"terça-feira";"08:00:00";"MG";40;680,4;"RESSAQUINHA";"Velocidade Incompatível";"Colisão com objeto estático";"Com Vítimas Feridas";"Pleno dia";"Crescente";"Chuva";"Simples";"Curva";"Não";1;0;1;0;0;0;1;1;-21,04381164;-43,76045465;"SPRF-MG";"DEL05-MG";"UOP02-DEL05-MG"
151490;2018-08-07;"terça-feira";"07:45:00";"PI";226;266,6;"TERESINA";"Desobediência às normas de trânsito pelo condutor";"Atropelamento de Pedestre";"Com Vítimas Feridas";"Pleno dia";"Crescente";"Céu Claro";"Múltipla";"Reta";"Sim";2;0;0;1;0;1;1;2;-5,08118732;-42,77652919;"SPRF-PI";"DEL01-PI";"UOP01-DEL01-PI"
151491;2018-07-03;"terça-feira";"04:00:00";"RN";101;27,5;"RIO DO FOGO";"Animais na Pista";"Atropelamento de Animal";"Com Vítimas Fatais";"Amanhecer";"Crescente";"Céu Claro";"Simples";"Reta";"Não";1;1;0;0;0;0;0;1;-5,35044;-35,38952;"SPRF-RN";"DEL02-RN";"UOP01-DEL02-RN"
151492;2018-07-27;"sexta-feira";"14:40:00";"PB";230;26;"JOAO PESSOA";"Velocidade Incompatível";"Capotamento";"Com Vítimas Feridas";"Pleno dia";"Decrescente";"Chuva";"Dupla";"Reta";"Sim";1;0;1;0;0;0;1;1;-7,16539141;-34,88905371;"SPRF-PB";"DEL01-PB";"UOP01-DEL01-PB"
151493;2018-08-07;"terça-feira";"08:00:00";"RO";319;64;"PORTO VELHO";"Não guardar distância de segurança";"Colisão traseira";"Com Vítimas Feridas";"Pleno dia";"Crescente";"Sol";"Dupla";"Interseção de Vias";"Sim";2;0;1;0;1;0;1;2;-8,76741305;-63,88424277;"SPRF-RO";"DEL01-RO";"UOP01-DEL01-RO"
151494;2018-08-07;"terça-feira";"09:00:00";"DF";70;19;"BRASILIA";"Falta de Atenção à Condução";"Colisão lateral";"Com Vítimas Feridas";"Pleno dia";"Decrescente";"Céu Claro";"Dupla";"Reta";"Não";2;0;2;0;0;0;2;1;-15,788868;-48,220242;"SPRF-DF";"DEL01-DF";"UOP02-DEL03-DF"
151496;2018-08-07;"terça-feira";"09:30:00";"CE";116;18;"EUSEBIO";"Carga excessiva e/ou mal acondicionada";"Danos eventuais";"Sem Vítimas";"Pleno dia";"Crescente";"Céu Claro";"Dupla";"Reta";"Sim";2;0;0;0;2;0;0;2;-3,91280858;-38,50673676;"SPRF-CE";"DEL01-CE";"UOP02-DEL01-CE"
151497;2018-08-07;"terça-feira";"08:30:00";"PR";116;118,9;"CURITIBA";"Falta de Atenção à Condução";"Saída de leito carroçável";"Com Vítimas Feridas";"Pleno dia";"Crescente";"Céu Claro";"Dupla";"Curva";"Não";1;0;1;0;0;0;1;1;-25,6028311;-49,31865692;"SPRF-PR";"DEL01-PR";"UOP07-DEL01-PR"
151498;2018-08-07;"terça-feira";"09:50:00";"PE";101;70,6;"RECIFE";"Falta de Atenção à Condução";"Atropelamento de Pedestre";"Sem Vítimas";"Pleno dia";"Crescente";"Céu Claro";"Múltipla";"Reta";"Sim";2;0;0;0;1;1;0;2;-8,071509;-34,942731;"SPRF-PE";"DEL01-PE";"UOP01-DEL01-PE"
151503;2018-08-07;"terça-feira";"10:35:00";"MG";40;547;"BELO HORIZONTE";"Falta de Atenção à Condução";"Saída de leito carroçável";"Com Vítimas Feridas";"Pleno dia";"Decrescente";"Chuva";"Dupla";"Curva";"Sim";2;0;1;0;1;0;1;1;-20,033;-43,9691;"SPRF-MG";"DEL01-MG";"UOP02-DEL01-MG"
151505;2018-08-07;"terça-feira";"07:40:00";"PR";476;145;"CURITIBA";"Falta de Atenção à Condução";"Colisão transversal";"Com Vítimas Feridas";"Pleno dia";"Crescente";"Céu Claro";"Dupla";"Reta";"Sim";2;0;1;0;1;0;1;2;-25,5478139;-49,32165563;"SPRF-PR";"DEL01-PR";"UOP06-DEL01-PR"
151508;2018-08-07;"terça-feira";"10:20:00";"BA";367;23,7;"PORTO SEGURO";"Desobediência às normas de trânsito pelo condutor";"Colisão transversal";"Sem Vítimas";"Pleno dia";"Crescente";"Sol";"Simples";"Reta";"Sim";2;0;0;0;2;0;0;2;-16,4368055;-39,07830477;"SPRF-BA";"DEL09-BA";"UOP01-DEL09-BA"
151509;2018-08-07;"terça-feira";"11:00:00";"SC";470;88,9;"ASCURRA";"Falta de Atenção à Condução";"Colisão transversal";"Com Vítimas Feridas";"Pleno dia";"Decrescente";"Sol";"Simples";"Curva";"Não";2;0;1;0;1;0;1;2;-26,948201;-49,366229;"SPRF-SC";"DEL04-SC";"UOP01-DEL04-SC"
151514;2018-05-06;"domingo";"06:00:00";"RS";290;159;"ARROIO DOS RATOS";"Condutor Dormindo";"Saída de leito carroçável";"Com Vítimas Feridas";"Amanhecer";"Decrescente";"Nublado";"Simples";"Reta";"Não";2;0;2;0;0;0;2;1;-30,108566;-51,798321;"SPRF-RS";"DEL02-RS";"UOP01-DEL02-RS"
151515;2018-08-07;"terça-feira";"06:30:00";"BA";101;226;"CRUZ DAS ALMAS";"Desobediência às normas de trânsito pelo condutor";"Saída de leito carroçável";"Com Vítimas Feridas";"Pleno dia";"Decrescente";"Sol";"Simples";"Reta";"Não";2;0;1;0;1;0;1;2;-12,7062101;-39,1598854;"SPRF-BA";"DEL01-BA";"UOP02-DEL01-BA"
151521;2018-08-07;"terça-feira";"12:20:00";"MG";354;745,5;"POUSO ALTO";"Falta de Atenção à Condução";"Colisão transversal";"Com Vítimas Feridas";"Pleno dia";"Decrescente";"Céu Claro";"Simples";"Interseção de Vias";"Sim";2;0;0;1;1;0;1;2;-22,25167514;-44,93104935;"SPRF-MG";"DEL05-MG";"UOP01-DEL17-MG"
151522;2018-05-07;"segunda-feira";"19:00:00";"BA";242;205;"ITABERABA";"Desobediência às normas de trânsito pelo condutor";"Colisão transversal";"Com Vítimas Feridas";"Plena Noite";"Crescente";"Céu Claro";"Simples";"Reta";"Sim";3;0;1;1;1;0;2;2;-12,51183299;-40,32445908;"SPRF-BA";"DEL06-BA";"UOP02-DEL06-BA"
151526;2018-08-07;"terça-feira";"12:30:00";"CE";222;312;"TIANGUA";"Falta de Atenção do Pedestre";"Atropelamento de Pedestre";"Com Vítimas Feridas";"Pleno dia";"Crescente";"Céu Claro";"Simples";"Reta";"Sim";3;0;1;0;1;1;1;2;-3,72853294;-40,99944234;"SPRF-CE";"DEL04-CE";"UOP02-DEL04-CE"
151527;2018-08-07;"terça-feira";"12:20:00";"PE";101;48,7;"ABREU E LIMA";"Falta de Atenção à Condução";"Colisão traseira";"Sem Vítimas";"Pleno dia";"Crescente";"Sol";"Simples";"Reta";"Sim";2;0;0;0;2;0;0;2;-7,9068;-34,9013;"SPRF-PE";"DEL01-PE";"UOP02-DEL01-PE"
151528;2018-08-07;"terça-feira";"13:20:00";"RS";116;236;"ESTANCIA VELHA";"Desobediência às normas de trânsito pelo condutor";"Colisão transversal";"Com Vítimas Feridas";"Pleno dia";"Crescente";"Céu Claro";"Dupla";"Rotatória";"Sim";2;0;0;1;1;0;1;2;-29,67003458;-51,14326984;"SPRF-RS";"DEL01-RS";"UOP02-DEL01-RS"
151529;2018-08-07;"terça-feira";"13:50:00";"PR";277;82,6;"CURITIBA";"Falta de Atenção à Condução";"Colisão traseira";"Com Vítimas Feridas";"Pleno dia";"Crescente";"Sol";"Múltipla";"Reta";"Sim";2;0;1;0;1;0;1;2;-25,45168373;-49,22723114;"SPRF-PR";"DEL01-PR";"UOP01-DEL01-PR"
151530;2018-08-07;"terça-feira";"14:00:00";"SP";116;216,3;"GUARULHOS";"Falta de Atenção à Condução";"Colisão lateral";"Com Vítimas Feridas";"Pleno dia";"Decrescente";"Céu Claro";"Múltipla";"Reta";"Sim";3;0;1;0;2;0;1;3;-23,45251841;-46,46768332;"SPRF-SP";"DEL01-SP";"UOP01-DEL01-SP"
151532;2018-08-07;"terça-feira";"14:00:00";"RN";427;88,9;"CAICO";"Falta de Atenção à Condução";"Saída de leito carroçável";"Com Vítimas Feridas";"Pleno dia";"Crescente";"Céu Claro";"Simples";"Reta";"Não";2;0;1;0;1;0;1;1;-6,49794;-37,016144;"SPRF-RN";"DEL03-RN";"UOP01-DEL03-RN"
151533;2018-08-07;"terça-feira";"13:40:00";"SP";116;269;"SAO PAULO";"Falta de Atenção à Condução";"Colisão traseira";"Com Vítimas Feridas";"Pleno dia";"Crescente";"Céu Claro";"Dupla";"Reta";"Sim";4;0;1;0;0;3;1;4;-23,60913802;-46,76390648;"SPRF-SP";"DEL04-SP";"UOP01-DEL04-SP"
151539;2018-08-07;"terça-feira";"13:50:00";"RS";293;169;"HULHA NEGRA";"Ultrapassagem Indevida";"Colisão lateral";"Com Vítimas Feridas";"Pleno dia";"Crescente";"Céu Claro";"Simples";"Reta";"Não";5;0;3;0;1;1;3;3;-31,347399;-53,950195;"SPRF-RS";"DEL11-RS";"UOP03-DEL11-RS"
151540;2018-08-07;"terça-feira";"11:30:00";"RO";364;237,2;"CACOAL";"Falta de Atenção à Condução";"Atropelamento de Pedestre";"Com Vítimas Feridas";"Pleno dia";"Crescente";"Céu Claro";"Simples";"Reta";"Sim";3;0;0;1;1;1;1;2;-11,442516;-61,448048;"SPRF-RO";"DEL02-RO";"UOP02-DEL02-RO"
151541;2018-08-07;"terça-feira";"14:40:00";"MG";40;469;"SETE LAGOAS";"Defeito na Via";"Tombamento";"Com Vítimas Feridas";"Pleno dia";"Crescente";"Nublado";"Dupla";"Retorno Regulamentado";"Não";1;0;1;0;0;0;1;1;-19,469;-44,295;"SPRF-MG";"DEL02-MG";"UOP01-DEL02-MG"
151542;2018-08-07;"terça-feira";"13:00:00";"MT";163;792;"VERA";"Objeto estático sobre o leito carroçável";"Colisão com objeto estático";"Com Vítimas Feridas";"Pleno dia";"Crescente";"Céu Claro";"Simples";"Declive";"Não";1;0;1;0;0;0;1;1;-12,239116;-55,547654;"SPRF-MT";"DEL06-MT";"UOP01-DEL06-MT"
151543;2018-07-24;"terça-feira";"16:40:00";"PR";0;0;"GUAIRA";"Agressão Externa";"Saída de leito carroçável";"Sem Vítimas";"Pleno dia";"Não Informado";"Céu Claro";"Simples";"Reta";"Não";1;0;0;0;1;0;0;1;-24,21608762;-54,252913;"SPRF-PR";"DEL06-PR";"UAP01-DEL06-PR"
151547;2018-08-07;"terça-feira";"15:05:00";"SC";101;134;"BALNEARIO CAMBORIU";"Desobediência às normas de trânsito pelo condutor";"Colisão transversal";"Com Vítimas Feridas";"Pleno dia";"Crescente";"Céu Claro";"Simples";"Reta";"Sim";2;0;1;0;1;0;1;2;-27,0049;-48,6266;"SPRF-SC";"DEL04-SC";"UOP03-DEL04-SC"
151548;2018-08-07;"terça-feira";"15:15:00";"SC";101;17,6;"JOINVILLE";"Defeito Mecânico no Veículo";"Colisão com objeto estático";"Com Vítimas Feridas";"Pleno dia";"Crescente";"Céu Claro";"Dupla";"Reta";"Não";2;0;1;0;1;0;1;1;-26,1288;-48,8887;"SPRF-SC";"DEL03-SC";"UOP01-DEL03-SC"
151549;2018-07-28;"sábado";"14:15:00";"PB";230;25,1;"JOAO PESSOA";"Sinalização da via insuficiente ou inadequada";"Colisão com objeto estático";"Com Vítimas Feridas";"Pleno dia";"Decrescente";"Céu Claro";"Múltipla";"Reta";"Sim";1;0;1;0;0;0;1;1;-7,16911066;-34,88097489;"SPRF-PB";"DEL01-PB";"UOP01-DEL01-PB"
151550;2018-08-07;"terça-feira";"14:30:00";"MS";163;483,8;"CAMPO GRANDE";"Avarias e/ou desgaste excessivo no pneu";"Colisão lateral";"Com Vítimas Feridas";"Pleno dia";"Crescente";"Céu Claro";"Simples";"Curva";"Não";1;0;1;0;0;0;1;1;-20,452305;-54,541012;"SPRF-MS";"DEL01-MS";"UOP02-DEL01-MS"
151551;2018-08-07;"terça-feira";"15:30:00";"MG";381;493,8;"BETIM";"Restrição de Visibilidade";"Colisão traseira";"Com Vítimas Feridas";"Pleno dia";"Decrescente";"Nublado";"Múltipla";"Reta";"Sim";3;0;1;0;1;1;1;3;-19,966;-44,1775;"SPRF-MG";"DEL01-MG";"UOP03-DEL01-MG"
151554;2018-08-07;"terça-feira";"16:00:00";"PE";408;86,5;"PAUDALHO";"Falta de Atenção à Condução";"Colisão traseira";"Com Vítimas Feridas";"Pleno dia";"Decrescente";"Céu Claro";"Dupla";"Retorno Regulamentado";"Não";2;0;1;0;1;0;1;2;-7,963172;-35,093048;"SPRF-PE";"DEL01-PE";"UOP01-DEL01-PE"
151556;2018-08-07;"terça-feira";"14:15:00";"MT";163;57,2;"ITIQUIRA";"Condutor Dormindo";"Capotamento";"Com Vítimas Fatais";"Pleno dia";"Decrescente";"Céu Claro";"Dupla";"Reta;Declive";"Não";3;1;2;0;0;0;2;1;-17,030233;-54,764179;"SPRF-MT";"DEL02-MT";"DEL2/2-UOP02/MT"
151557;2018-08-07;"terça-feira";"16:20:00";"RS";285;292,3;"PASSO FUNDO";"Falta de Atenção à Condução";"Colisão transversal";"Com Vítimas Feridas";"Pleno dia";"Crescente";"Céu Claro";"Dupla";"Interseção de Vias";"Sim";4;0;2;0;2;0;2;2;-28,23852095;-52,35873699;"SPRF-RS";"DEL08-RS";"UOP03-DEL08-RS"
151558;2018-08-07;"terça-feira";"16:05:00";"SC";101;216,6;"PALHOCA";"Falta de Atenção à Condução";"Colisão transversal";"Com Vítimas Feridas";"Pleno dia";"Decrescente";"Sol";"Múltipla";"Interseção de Vias";"Sim";2;0;1;0;1;0;1;2;-27,66330402;-48,6757046;"SPRF-SC";"DEL01-SC";"UOP02-DEL01-SC"
151559;2018-08-07;"terça-feira";"16:00:00";"RS";285;457,3;"IJUI";"Falta de Atenção à Condução";"Colisão transversal";"Com Vítimas Feridas";"Pleno dia";"Crescente";"Céu Claro";"Simples";"Reta";"Sim";2;0;1;0;1;0;1;2;-28,39927169;-53,89816403;"SPRF-RS";"DEL10-RS";"UOP01-DEL10-RS"
151560;2018-08-07;"terça-feira";"16:25:00";"PR";376;158,5;"MANDAGUACU";"Desobediência às normas de trânsito pelo condutor";"Colisão traseira";"Com Vítimas Feridas";"Pleno dia";"Crescente";"Céu Claro";"Dupla";"Reta";"Não";2;0;1;0;1;0;1;2;-23,35752969;-52,0888799;"SPRF-PR";"DEL07-PR";"UOP01-DEL09-PR"
151561;2018-08-07;"terça-feira";"16:23:00";"SP";116;224;"GUARULHOS";"Desobediência às normas de trânsito pelo condutor";"Colisão lateral";"Com Vítimas Feridas";"Pleno dia";"Decrescente";"Céu Claro";"Múltipla";"Reta";"Sim";2;0;1;0;1;0;1;2;-23,48245599;-46,53499603;"SPRF-SP";"DEL01-SP";"UOP01-DEL01-SP"
151563;2018-08-07;"terça-feira";"15:30:00";"PR";153;489,1;"GENERAL CARNEIRO";"Desobediência às normas de trânsito pelo condutor";"Colisão frontal";"Com Vítimas Fatais";"Pleno dia";"Crescente";"Céu Claro";"Simples";"Reta";"Não";4;2;2;0;0;0;2;2;-26,4171044;-51,29298806;"SPRF-PR";"DEL02-PR";"UOP03-DEL02-PR"
151566;2018-08-07;"terça-feira";"17:35:00";"PR";153;296,6;"IMBITUVA";"Falta de Atenção à Condução";"Colisão transversal";"Com Vítimas Feridas";"Plena Noite";"Crescente";"Nublado";"Simples";"Reta";"Não";2;0;0;1;1;0;1;2;-25,196197;-50,598685;"SPRF-PR";"DEL03-PR";"UOP02-DEL08-PR"
151568;2018-08-07;"terça-feira";"17:25:00";"SP";153;31,6;"NOVA GRANADA";"Falta de Atenção à Condução";"Colisão transversal";"Com Vítimas Feridas";"Pleno dia";"Decrescente";"Céu Claro";"Simples";"Rotatória";"Não";2;0;1;0;1;0;1;2;-20,55210621;-49,32721317;"SPRF-SP";"DEL09-SP";"UOP01-DEL09-SP"
151569;2018-08-07;"terça-feira";"16:50:00";"CE";20;416;"MARACANAU";"Falta de Atenção à Condução";"Colisão transversal";"Com Vítimas Feridas";"Pleno dia";"Crescente";"Céu Claro";"Simples";"Em Obras";"Sim";2;0;1;0;1;0;1;2;-3,76999;-38,670063;"SPRF-CE";"DEL01-CE";"UOP02-DEL01-CE"
151570;2018-08-07;"terça-feira";"13:45:00";"RS";285;672;"SAO BORJA";"Falta de Atenção à Condução";"Colisão traseira";"Com Vítimas Feridas";"Pleno dia";"Crescente";"Céu Claro";"Simples";"Reta";"Sim";2;0;2;0;0;0;2;2;-28,66794;-55,978237;"SPRF-RS";"DEL12-RS";"UOP01-DEL12-RS"
151571;2018-08-07;"terça-feira";"17:00:00";"PB";104;139,7;"QUEIMADAS";"Desobediência às normas de trânsito pelo condutor";"Colisão transversal";"Com Vítimas Feridas";"Pleno dia";"Crescente";"Céu Claro";"Simples";"Reta";"Sim";2;0;1;0;1;0;1;2;-7,3637571;-35,9023681;"SPRF-PB";"DEL02-PB";"UOP03-DEL02-PB"
151572;2018-08-07;"terça-feira";"16:00:00";"SC";163;71,1;"SAO MIGUEL DO OESTE";"Não guardar distância de segurança";"Colisão traseira";"Com Vítimas Feridas";"Pleno dia";"Crescente";"Céu Claro";"Simples";"Curva";"Sim";2;0;1;0;1;0;1;2;-26,7126949;-53,51555228;"SPRF-SC";"DEL07-SC";"UOP03-DEL07-SC"
151577;2018-08-07;"terça-feira";"16:10:00";"SC";153;75,5;"IRANI";"Falta de Atenção à Condução";"Colisão lateral";"Com Vítimas Feridas";"Pleno dia";"Decrescente";"Sol";"Simples";"Reta";"Não";3;0;1;0;2;0;1;2;-27,09947644;-51,89984322;"SPRF-SC";"DEL07-SC";"UOP04-DEL07-SC"
151579;2018-08-07;"terça-feira";"18:50:00";"AL";101;135,9;"SAO MIGUEL DOS CAMPOS";"Falta de Atenção à Condução";"Colisão transversal";"Com Vítimas Feridas";"Plena Noite";"Crescente";"Céu Claro";"Simples";"Interseção de Vias;Reta";"Sim";2;0;1;0;1;0;1;2;-9,77869785;-36,10622406;"SPRF-AL";"DEL02-AL";"UOP01-DEL02-AL"
151580;2018-08-07;"terça-feira";"18:00:00";"BA";324;563;"SAO SEBASTIAO DO PASSE";"Avarias e/ou desgaste excessivo no pneu";"Tombamento";"Com Vítimas Feridas";"Anoitecer";"Crescente";"Céu Claro";"Dupla";"Reta";"Não";2;0;2;0;0;0;2;1;-12,52071482;-38,6167717;"SPRF-BA";"DEL01-BA";"UOP01-DEL01-BA"
151582;2018-08-07;"terça-feira";"14:55:00";"SC";101;209;"SAO JOSE";"Desobediência às normas de trânsito pelo condutor";"Colisão traseira";"Sem Vítimas";"Pleno dia";"Decrescente";"Céu Claro";"Dupla";"Reta";"Sim";3;0;0;0;2;1;0;2;-27,6176;-48,6463;"SPRF-SC";"DEL01-SC";"UOP01-DEL01-SC"
151583;2018-08-07;"terça-feira";"16:22:00";"SC";470;7,9;"NAVEGANTES";"Falta de Atenção à Condução";"Colisão traseira";"Com Vítimas Feridas";"Pleno dia";"Decrescente";"Céu Claro";"Simples";"Reta";"Não";2;0;0;2;0;0;2;2;-26,83984825;-48,71655464;"SPRF-SC";"DEL04-SC";"UOP04-DEL04-SC"
151585;2018-08-07;"terça-feira";"18:30:00";"RS";153;49;"ERECHIM";"Ingestão de Álcool";"Colisão traseira";"Sem Vítimas";"Plena Noite";"Decrescente";"Céu Claro";"Simples";"Reta";"Não";2;0;0;0;2;0;0;2;-27,655142;-52,265831;"SPRF-RS";"DEL08-RS";"UOP04-DEL08-RS"
151586;2018-08-07;"terça-feira";"16:50:00";"RN";406;162;"CEARA-MIRIM";"Não guardar distância de segurança";"Colisão traseira";"Sem Vítimas";"Anoitecer";"Crescente";"Céu Claro";"Simples";"Reta";"Sim";3;0;0;0;3;0;0;3;-5,72159221;-35,36612692;"SPRF-RN";"DEL02-RN";"UOP01-DEL02-RN"
151587;2018-08-07;"terça-feira";"18:30:00";"PR";476;152;"ARAUCARIA";"Desobediência às normas de trânsito pelo condutor";"Colisão transversal";"Com Vítimas Feridas";"Anoitecer";"Decrescente";"Nublado";"Dupla";"Interseção de Vias";"Sim";3;0;1;0;2;0;1;3;-25,573158;-49,385959;"SPRF-PR";"DEL01-PR";"UOP06-DEL01-PR"