"id";"data_inversa";"dia_semana";"horario";"uf";"br";"km";"municipio";"causa_acidente";"tipo_acidente";"classificacao_acidente";"fase_dia";"sentido_via";"condicao_metereologica";"tipo_pista";"tracado_via";"uso_solo";"pessoas";"mortos";"feridos_leves";"feridos_graves";"ilesos";"ignorados";"feridos";"veiculos";"latitude";"longitude";"regional";"delegacia";"uop"
151588;2018-08-07;"terça-feira";"19:10:00";"SP";381;30,5;"ATIBAIA";"Falta de Atenção à Condução";"Colisão com objeto estático";"Com Vítimas Feridas";"Plena Noite";"Decrescente";"Céu Claro";"Dupla";"Reta";"Sim";1;0;1;0;0;0;1;1;-23,19063409;-46,5845699;"SPRF-SP";"DEL03-SP";"UOP02-DEL03-SP"
151589;2018-07-10;"terça-feira";"11:10:00";"MG";381;568,9;"ITAGUARA";"Falta de Atenção à Condução";"Colisão traseira";"Com Vítimas Feridas";"Pleno dia";"Crescente";"Céu Claro";"Dupla";"Reta";"Não";6;0;1;0;5;0;1;3;-20,4119;-44,5272;"SPRF-MG";"DEL04-MG";"UOP03-DEL04-MG"
151590;2018-08-07;"terça-feira";"18:55:00";"RS";290;103;"PORTO ALEGRE";"Falta de Atenção à Condução";"Colisão traseira";"Com Vítimas Feridas";"Plena Noite";"Crescente";"Céu Claro";"Dupla";"Reta";"Sim";2;0;2;0;0;0;2;2;-29,99018674;-51,26684004;"SPRF-RS";"DEL01-RS";"UOP01-DEL01-RS"
151591;2018-08-07;"terça-feira";"19:00:00";"RJ";116;172,3;"SAO JOAO DE MERITI";"Não guardar distância de segurança";"Queda de ocupante de veículo";"Com Vítimas Feridas";"Plena Noite";"Crescente";"Garoa/Chuvisco";"Múltipla";"Reta";"Sim";1;0;1;0;0;0;1;1;-22,80118681;-43,35273743;"SPRF-RJ";"DEL01-RJ";"UOP02-DEL01-RJ"
151592;2018-08-07;"terça-feira";"17:25:00";"MT";364;195;"RONDONOPOLIS";"Falta de Atenção à Condução";"Capotamento";"Com Vítimas Feridas";"Anoitecer";"Decrescente";"Nublado";"Simples";"Reta";"Não";1;0;1;0;0;0;1;1;-16,52137;-54,599709;"SPRF-MT";"DEL02-MT";"UOP01-DEL02-MT"
151593;2018-08-07;"terça-feira";"19:40:00";"CE";116;15;"EUSEBIO";"Falta de Atenção do Pedestre";"Atropelamento de Pedestre";"Com Vítimas Feridas";"Plena Noite";"Crescente";"Céu Claro";"Dupla";"Reta";"Sim";2;0;0;1;0;1;1;2;-3,891;-38,502;"SPRF-CE";"DEL01-CE";"UOP02-DEL01-CE"
151596;2018-08-07;"terça-feira";"18:25:00";"MT";163;842;"SINOP";"Falta de Atenção à Condução";"Colisão frontal";"Com Vítimas Fatais";"Plena Noite";"Crescente";"Céu Claro";"Simples";"Reta";"Sim";3;2;0;0;1;0;0;2;-11,83190223;-55,48778057;"SPRF-MT";"DEL06-MT";"UOP02-DEL06-MT"
151597;2018-08-07;"terça-feira";"18:00:00";"SC";280;124,3;"RIO NEGRINHO";"Falta de Atenção à Condução";"Colisão transversal";"Com Vítimas Feridas";"Anoitecer";"Decrescente";"Céu Claro";"Simples";"Reta";"Não";3;0;1;1;1;0;2;2;-26,24185639;-49,4737896;"SPRF-SC";"DEL06-SC";"UOP03-DEL06-SC"
151598;2018-08-07;"terça-feira";"19:40:00";"ES";101;219;"IBIRACU";"Falta de Atenção à Condução";"Colisão transversal";"Com Vítimas Feridas";"Plena Noite";"Crescente";"Chuva";"Simples";"Reta";"Não";2;0;0;1;1;0;1;2;-19,86424783;-40,39000154;"SPRF-ES";"DEL02-ES";"UOP01-DEL02-ES"
151599;2018-08-07;"terça-feira";"19:10:00";"BA";116;495;"RAFAEL JAMBEIRO";"Falta de Atenção à Condução";"Colisão com objeto estático";"Com Vítimas Feridas";"Plena Noite";"Decrescente";"Céu Claro";"Simples";"Reta";"Não";1;0;1;0;0;0;1;1;-12,57844486;-39,51438904;"SPRF-BA";"DEL02-BA";"UOP01-DEL02-BA"
151600;2018-08-07;"terça-feira";"19:20:00";"ES";101;183;"ARACRUZ";"Falta de Atenção à Condução";"Queda de ocupante de veículo";"Com Vítimas Feridas";"Plena Noite";"Crescente";"Ignorado";"Simples";"Reta";"Não";1;0;0;1;0;0;1;1;-19,64792262;-40,23283482;"SPRF-ES";"DEL04-ES";"UOP01-DEL04-ES"
151602;2018-08-07;"terça-feira";"19:30:00";"SP";116;269;"TABOAO DA SERRA";"Desobediência às normas de trânsito pelo condutor";"Colisão traseira";"Com Vítimas Feridas";"Plena Noite";"Decrescente";"Nublado";"Dupla";"Reta";"Sim";7;0;2;0;5;0;2;2;-23,60819426;-46,7533654;"SPRF-SP";"DEL04-SP";"UOP01-DEL04-SP"
151606;2018-08-07;"terça-feira";"20:00:00";"SC";101;205;"SAO JOSE";"Desobediência às normas de trânsito pelo condutor";"Colisão transversal";"Com Vítimas Feridas";"Plena Noite";"Decrescente";"Céu Claro";"Dupla";"Interseção de Vias";"Sim";2;0;0;1;1;0;1;2;-27,592;-48,6181;"SPRF-SC";"DEL01-SC";"UOP01-DEL01-SC"
151607;2018-08-07;"terça-feira";"20:00:00";"PR";376;239;"APUCARANA";"Falta de Atenção à Condução";"Colisão com objeto estático";"Com Vítimas Feridas";"Plena Noite";"Crescente";"Céu Claro";"Simples";"Aclive";"Não";1;0;1;0;0;0;1;1;-23,58379;-51,463631;"SPRF-PR";"DEL07-PR";"UOP03-DEL07-PR"
151608;2018-08-07;"terça-feira";"20:20:00";"GO";153;504,1;"APARECIDA DE GOIANIA";"Falta de Atenção à Condução";"Colisão com objeto estático";"Sem Vítimas";"Plena Noite";"Crescente";"Céu Claro";"Múltipla";"Declive;Reta";"Sim";1;0;0;0;0;1;0;1;-16,74027685;-49,24218178;"SPRF-GO";"DEL01-GO";"UOP01-DEL01-GO"
151609;2018-08-07;"terça-feira";"18:50:00";"SE";101;136,7;"ESTANCIA";"Falta de Atenção do Pedestre";"Atropelamento de Pedestre";"Com Vítimas Feridas";"Plena Noite";"Decrescente";"Nublado";"Dupla";"Reta";"Não";2;0;0;1;1;0;1;2;-11,14085573;-37,39564148;"SPRF-SE";"DEL02-SE";"UOP01-DEL02-SE"
151613;2018-08-07;"terça-feira";"16:30:00";"MG";262;876,5;"CAMPO FLORIDO";"Falta de Atenção à Condução";"Colisão lateral";"Com Vítimas Feridas";"Pleno dia";"Crescente";"Céu Claro";"Simples";"Reta";"Sim";2;0;1;0;1;0;1;2;-19,766943;-48,580914;"SPRF-MG";"DEL13-MG";"UOP01-DEL13-MG"
151615;2018-08-07;"terça-feira";"20:45:00";"GO";153;490;"GOIANIA";"Não guardar distância de segurança";"Colisão traseira";"Com Vítimas Feridas";"Plena Noite";"Crescente";"Céu Claro";"Dupla";"Declive";"Sim";2;0;1;0;1;0;1;2;-16,6298;-49,2056;"SPRF-GO";"DEL01-GO";"UOP01-DEL01-GO"
151617;2018-08-07;"terça-feira";"21:25:00";"RJ";116;79;"TERESOPOLIS";"Falta de Atenção à Condução";"Colisão transversal";"Com Vítimas Feridas";"Plena Noite";"Decrescente";"Nublado";"Simples";"Aclive;Curva";"Sim";2;0;1;0;1;0;1;2;-22,40974721;-42,95005739;"SPRF-RJ";"DEL04-RJ";"UOP01-DEL04-RJ"
151618;2018-08-07;"terça-feira";"21:30:00";"DF";20;4,1;"BRASILIA";"Não guardar distância de segurança";"Colisão traseira";"Com Vítimas Feridas";"Plena Noite";"Crescente";"Céu Claro";"Dupla";"Reta";"Sim";3;0;1;0;2;0;1;3;-15,67458928;-47,82215059;"SPRF-DF";"DEL02-DF";"UOP01-DEL02-DF"
151620;2018-08-07;"terça-feira";"16:45:00";"CE";116;371,7;"ICO";"Falta de Atenção à Condução";"Tombamento";"Com Vítimas Feridas";"Pleno dia";"Decrescente";"Céu Claro";"Simples";"Reta";"Sim";2;0;0;1;0;1;1;2;-6,38417;-38,81667;"SPRF-CE";"DEL05-CE";"UOP01-DEL05-CE"
151621;2018-08-07;"terça-feira";"18:30:00";"PI";316;77,6;"OLHO DAGUA DO PIAUI";"Falta de Atenção à Condução";"Atropelamento de Pedestre";"Com Vítimas Feridas";"Anoitecer";"Crescente";"Céu Claro";"Simples";"Aclive";"Não";2;0;0;1;0;1;1;2;-5,7228147;-42,60568557;"SPRF-PI";"DEL01-PI";"UOP02-DEL01-PI"
151623;2018-07-18;"quarta-feira";"06:50:00";"MG";365;622;"UBERLANDIA";"Falta de Atenção à Condução";"Colisão com objeto estático";"Com Vítimas Feridas";"Pleno dia";"Crescente";"Céu Claro";"Dupla";"Curva";"Sim";1;0;1;0;0;0;1;1;-18,8974;-48,2715;"SPRF-MG";"DEL15-MG";"UOP01-DEL15-MG"
151624;2018-08-07;"terça-feira";"15:00:00";"RO";435;22;"VILHENA";"Falta de Atenção à Condução";"Saída de leito carroçável";"Com Vítimas Feridas";"Pleno dia";"Decrescente";"Céu Claro";"Simples";"Reta";"Não";3;0;1;0;1;1;1;2;-12,76788;-60,31131;"SPRF-RO";"DEL04-RO";"UOP02-DEL04-RO"
151626;2018-06-09;"sábado";"08:25:00";"RS";386;35;"FREDERICO WESTPHALEN";"Velocidade Incompatível";"Colisão lateral";"Sem Vítimas";"Pleno dia";"Decrescente";"Céu Claro";"Simples";"Reta";"Sim";5;0;0;0;5;0;0;2;-27,365112;-53,394897;"SPRF-RS";"DEL08-RS";"UOP02-DEL08-RS"
151627;2018-08-07;"terça-feira";"21:00:00";"SC";116;220,9;"CORREIA PINTO";"Velocidade Incompatível";"Colisão com objeto estático";"Sem Vítimas";"Plena Noite";"Decrescente";"Céu Claro";"Simples";"Reta";"Sim";4;0;0;0;2;2;0;4;-27,5922455;-50,36071658;"SPRF-SC";"DEL05-SC";"UOP03-DEL05-SC"
151628;2018-08-07;"terça-feira";"19:55:00";"PB";104;101,2;"SAO SEBASTIAO DE LAGOA DE  ROCA";"Animais na Pista";"Engavetamento";"Com Vítimas Feridas";"Plena Noite";"Decrescente";"Céu Claro";"Simples";"Declive";"Não";5;0;2;0;3;0;2;3;-7,053804;-35,854252;"SPRF-PB";"DEL02-PB";"UOP04-DEL02-PB"
151629;2018-08-07;"terça-feira";"22:20:00";"GO";153;504,5;"APARECIDA DE GOIANIA";"Falta de Atenção à Condução";"Tombamento";"Com Vítimas Feridas";"Plena Noite";"Crescente";"Céu Claro";"Múltipla";"Declive;Reta";"Sim";2;0;1;0;1;0;1;2;-16,7451;-49,2408;"SPRF-GO";"DEL01-GO";"UOP01-DEL01-GO"
151630;2018-08-07;"terça-feira";"21:09:00";"RJ";101;320;"NITEROI";"Falta de Atenção à Condução";"Capotamento";"Sem Vítimas";"Plena Noite";"Decrescente";"Nublado";"Dupla";"Curva";"Não";4;0;0;0;4;0;0;1;-22,86722899;-43,11013699;"SPRF-RJ";"DEL02-RJ";"UOP02-DEL02-RJ"
151633;2018-08-07;"terça-feira";"22:40:00";"MG";365;4,1;"MONTES CLAROS";"Velocidade Incompatível";"Tombamento";"Com Vítimas Feridas";"Plena Noite";"Decrescente";"Céu Claro";"Simples";"Ponte";"Não";2;0;1;1;0;0;2;1;-16,783934;-43,890854;"SPRF-MG";"DEL12-MG";"UOP01-DEL12-MG"
151635;2018-08-07;"terça-feira";"19:40:00";"RJ";101;267;"RIO BONITO";"Ingestão de Álcool";"Colisão com objeto estático";"Sem Vítimas";"Plena Noite";"Decrescente";"Garoa/Chuvisco";"Dupla";"Reta";"Não";1;0;0;0;1;0;0;1;-22,707306;-42,660637;"SPRF-RJ";"DEL02-RJ";"UOP03-DEL02-RJ"
151636;2018-08-07;"terça-feira";"20:30:00";"MT";174;4,7;"PONTES E LACERDA";"Ingestão de Álcool";"Colisão transversal";"Com Vítimas Feridas";"Plena Noite";"Decrescente";"Céu Claro";"Simples";"Reta";"Sim";3;0;2;0;1;0;2;3;-15,234;-59,345;"SPRF-MT";"DEL04-MT";"UOP01-DEL04-MT"
151637;2018-08-08;"quarta-feira";"00:15:00";"SC";101;15,9;"GARUVA";"Falta de Atenção à Condução";"Tombamento";"Com Vítimas Feridas";"Plena Noite";"Crescente";"Céu Claro";"Dupla";"Reta";"Não";1;0;1;0;0;0;1;1;-26,1146;-48,8766;"SPRF-SC";"DEL03-SC";"UOP01-DEL03-SC"
151638;2018-08-08;"quarta-feira";"00:00:00";"RJ";101;300;"ITABORAI";"Não guardar distância de segurança";"Colisão traseira";"Com Vítimas Feridas";"Plena Noite";"Decrescente";"Ignorado";"Múltipla";"Reta";"Sim";2;0;1;0;0;1;1;2;-22,77572646;-42,94465542;"SPRF-RJ";"DEL02-RJ";"DEL5/2-UOP04/RJ"
151641;2018-08-08;"quarta-feira";"01:45:00";"PE";232;133,4;"CARUARU";"Velocidade Incompatível";"Colisão lateral";"Sem Vítimas";"Plena Noite";"Decrescente";"Céu Claro";"Dupla";"Reta";"Sim";3;0;0;0;1;2;0;3;-8,30705895;-36,01894498;"SPRF-PE";"DEL02-PE";"UOP03-DEL02-PE"
151648;2018-08-08;"quarta-feira";"06:30:00";"ES";101;179,2;"LINHARES";"Falta de Atenção à Condução";"Colisão transversal";"Com Vítimas Feridas";"Pleno dia";"Decrescente";"Céu Claro";"Simples";"Reta";"Não";4;0;0;1;3;0;1;2;-19,61793066;-40,21648407;"SPRF-ES";"DEL04-ES";"UOP01-DEL04-ES"
151651;2018-08-08;"quarta-feira";"07:00:00";"TO";153;335;"GUARAI";"Falta de Atenção à Condução";"Colisão transversal";"Com Vítimas Feridas";"Pleno dia";"Crescente";"Céu Claro";"Dupla";"Reta";"Sim";2;0;1;0;1;0;1;2;-8,8341255;-48,51202011;"SPRF-TO";"DEL02-TO";"UOP02-DEL02-TO"
151652;2018-08-08;"quarta-feira";"07:00:00";"SE";101;68,7;"MARUIM";"Não guardar distância de segurança";"Colisão traseira";"Sem Vítimas";"Pleno dia";"Crescente";"Céu Claro";"Simples";"Aclive";"Não";2;0;0;0;2;0;0;2;-10,73067303;-37,08308794;"SPRF-SE";"DEL01-SE";"UOP01-DEL01-SE"
151658;2018-08-08;"quarta-feira";"07:30:00";"PR";476;124,7;"CURITIBA";"Falta de Atenção à Condução";"Colisão traseira";"Sem Vítimas";"Pleno dia";"Crescente";"Nublado";"Múltipla";"Reta";"Sim";2;0;0;0;2;0;0;2;-25,40581399;-49,21848714;"SPRF-PR";"DEL01-PR";"UOP07-DEL01-PR"
151660;2018-08-08;"quarta-feira";"06:45:00";"PR";116;12;"COLOMBO";"Falta de Atenção à Condução";"Colisão traseira";"Com Vítimas Feridas";"Pleno dia";"Crescente";"Nublado";"Dupla";"Reta";"Sim";2;0;1;0;1;0;1;2;-25,37460406;-49,14722621;"SPRF-PR";"DEL01-PR";"UOP02-DEL01-PR"
151661;2018-07-13;"sexta-feira";"12:10:00";"PB";230;180,2;"POCINHOS";"Ultrapassagem Indevida";"Colisão lateral";"Sem Vítimas";"Pleno dia";"Crescente";"Céu Claro";"Simples";"Reta";"Não";2;0;0;0;0;2;0;2;-7,165;-36,067;"SPRF-PB";"DEL02-PB";"UOP02-DEL02-PB"
151662;2018-08-08;"quarta-feira";"07:55:00";"CE";116;18;"EUSEBIO";"Não guardar distância de segurança";"Colisão traseira";"Com Vítimas Feridas";"Pleno dia";"Decrescente";"Céu Claro";"Dupla";"Reta";"Sim";2;0;1;0;1;0;1;2;-3,9110891;-38,5062313;"SPRF-CE";"DEL01-CE";"UOP02-DEL01-CE"
151664;2018-07-20;"sexta-feira";"15:30:00";"PB";230;508,7;"CAJAZEIRAS";"Defeito na Via";"Colisão transversal";"Sem Vítimas";"Pleno dia";"Decrescente";"Céu Claro";"Simples";"Reta";"Não";2;0;0;0;1;1;0;2;-6,89505998;-38,57762218;"SPRF-PB";"DEL03-PB";"UOP03-DEL03-PB"
151665;2018-08-08;"quarta-feira";"07:35:00";"SP";116;227;"GUARULHOS";"Não guardar distância de segurança";"Tombamento";"Com Vítimas Feridas";"Pleno dia";"Crescente";"Nublado";"Múltipla";"Reta;Declive";"Sim";2;0;1;0;0;1;1;2;-23,49588519;-46,55635775;"SPRF-SP";"DEL01-SP";"UOP01-DEL01-SP"
151666;2018-07-10;"terça-feira";"17:40:00";"PB";230;161;"CAMPINA GRANDE";"Falta de Atenção do Pedestre";"Atropelamento de Pedestre";"Com Vítimas Fatais";"Anoitecer";"Crescente";"Chuva";"Simples";"Reta";"Não";2;1;0;0;0;1;0;2;-7,2361;-35,941;"SPRF-PB";"DEL02-PB";"UOP01-DEL02-PB"
151667;2018-08-08;"quarta-feira";"07:45:00";"ES";101;271,3;"SERRA";"Falta de Atenção à Condução";"Colisão lateral";"Com Vítimas Feridas";"Pleno dia";"Crescente";"Garoa/Chuvisco";"Dupla";"Reta;Interseção de Vias";"Sim";4;0;1;0;3;0;1;3;-20,22995587;-40,2809;"SPRF-ES";"DEL02-ES";"UOP01-DEL02-ES"
151669;2018-07-14;"sábado";"08:30:00";"PB";101;18,3;"MAMANGUAPE";"Falta de Atenção à Condução";"Colisão traseira";"Com Vítimas Feridas";"Pleno dia";"Decrescente";"Céu Claro";"Dupla";"Declive";"Não";4;0;1;0;3;0;1;2;-6,6508533;-35,1201734;"SPRF-PB";"DEL01-PB";"UOP04-DEL01-PB"
151674;2018-08-08;"quarta-feira";"08:00:00";"RJ";40;112;"DUQUE DE CAXIAS";"Falta de Atenção à Condução";"Colisão traseira";"Com Vítimas Feridas";"Pleno dia";"Crescente";"Nublado";"Múltipla";"Curva";"Sim";4;0;2;0;2;0;2;2;-22,71307418;-43,29018831;"SPRF-RJ";"DEL01-RJ";"UOP01-DEL01-RJ"
151676;2018-08-08;"quarta-feira";"07:30:00";"PB";230;292,8;"SANTA LUZIA";"Não guardar distância de segurança";"Colisão traseira";"Sem Vítimas";"Pleno dia";"Crescente";"Céu Claro";"Simples";"Reta";"Sim";2;0;0;0;2;0;0;2;-6,8684;-36,9222;"SPRF-PB";"DEL03-PB";"UOP01-DEL03-PB"
151677;2018-08-08;"quarta-feira";"08:45:00";"RS";116;246,6;"SAO LEOPOLDO";"Desobediência às normas de trânsito pelo condutor";"Colisão lateral";"Com Vítimas Feridas";"Pleno dia";"Decrescente";"Nublado";"Dupla";"Reta";"Sim";2;0;1;0;1;0;1;2;-29,76309211;-51,15297675;"SPRF-RS";"DEL01-RS";"UOP02-DEL01-RS"
151680;2018-08-08;"quarta-feira";"08:45:00";"SP";116;277,5;"EMBU DAS ARTES";"Defeito Mecânico no Veículo";"Incêndio";"Sem Vítimas";"Pleno dia";"Decrescente";"Céu Claro";"Dupla";"Reta";"Sim";1;0;0;0;1;0;0;1;-23,63477921;-46,82456464;"SPRF-SP";"DEL04-SP";"UOP01-DEL04-SP"
151683;2018-08-08;"quarta-feira";"07:45:00";"RJ";101;317;"SAO GONCALO";"Não guardar distância de segurança";"Colisão traseira";"Com Vítimas Feridas";"Pleno dia";"Crescente";"Céu Claro";"Dupla";"Reta";"Sim";2;0;0;1;1;0;1;2;-22,837111;-43,094929;"SPRF-RJ";"DEL02-RJ";"DEL5/2-UOP04/RJ"
151686;2018-08-08;"quarta-feira";"10:30:00";"SC";470;68;"INDAIAL";"Desobediência às normas de trânsito pelo pedestre";"Colisão transversal";"Com Vítimas Feridas";"Pleno dia";"Crescente";"Céu Claro";"Simples";"Interseção de Vias";"Sim";2;0;1;0;1;0;1;2;-26,88020099;-49,24277094;"SPRF-SC";"DEL04-SC";"UOP01-DEL04-SC"
151687;2018-08-08;"quarta-feira";"09:30:00";"SC";101;231;"PALHOCA";"Objeto estático sobre o leito carroçável";"Colisão traseira";"Sem Vítimas";"Pleno dia";"Crescente";"Céu Claro";"Dupla";"Reta";"Não";3;0;0;0;3;0;0;3;-27,7937;-48,6383;"SPRF-SC";"DEL01-SC";"UOP02-DEL01-SC"
151688;2018-08-08;"quarta-feira";"10:30:00";"SC";470;56;"BLUMENAU";"Desobediência às normas de trânsito pelo condutor";"Colisão transversal";"Com Vítimas Feridas";"Pleno dia";"Decrescente";"Nublado";"Simples";"Reta";"Sim";2;0;1;0;1;0;1;2;-26,87738749;-49,12987232;"SPRF-SC";"DEL04-SC";"UOP01-DEL04-SC"
151689;2018-08-08;"quarta-feira";"10:30:00";"PR";277;588,7;"CASCAVEL";"Não guardar distância de segurança";"Colisão traseira";"Com Vítimas Feridas";"Pleno dia";"Crescente";"Chuva";"Simples";"Aclive;Reta";"Sim";2;0;1;0;1;0;1;2;-24,97580773;-53,4426713;"SPRF-PR";"DEL04-PR";"UOP01-DEL04-PR"
151690;2018-08-08;"quarta-feira";"08:40:00";"SE";235;94,5;"FREI PAULO";"Velocidade Incompatível";"Saída de leito carroçável";"Com Vítimas Feridas";"Pleno dia";"Decrescente";"Céu Claro";"Simples";"Curva";"Não";1;0;1;0;0;0;1;1;-10,471586;-37,665539;"SPRF-SE";"DEL01-SE";"UOP02-DEL01-SE"
151692;2018-08-08;"quarta-feira";"10:55:00";"GO";158;269,7;"JATAI";"Não guardar distância de segurança";"Colisão lateral";"Sem Vítimas";"Pleno dia";"Crescente";"Céu Claro";"Simples";"Reta";"Sim";2;0;0;0;2;0;0;2;-17,87655195;-51,73115909;"SPRF-GO";"DEL05-GO";"UOP01-DEL05-GO"
151694;2018-07-16;"segunda-feira";"18:40:00";"PR";476;128,4;"CURITIBA";"Falta de Atenção à Condução";"Colisão lateral";"Com Vítimas Feridas";"Plena Noite";"Crescente";"Céu Claro";"Dupla";"Reta";"Sim";2;0;1;0;1;0;1;2;-25,4356711;-49,234039;"SPRF-PR";"DEL01-PR";"UOP07-DEL01-PR"
151696;2018-05-05;"sábado";"19:40:00";"RS";470;215;"BENTO GONCALVES";"Desobediência às normas de trânsito pelo condutor";"Colisão transversal";"Com Vítimas Feridas";"Plena Noite";"Decrescente";"Céu Claro";"Simples";"Reta";"Não";5;0;2;0;3;0;2;2;-29,16019089;-51,52889907;"SPRF-RS";"DEL06-RS";"UOP01-DEL06-RS"
151701;2018-08-08;"quarta-feira";"11:45:00";"SC";101;24,9;"JOINVILLE";"Desobediência às normas de trânsito pelo condutor";"Colisão transversal";"Com Vítimas Feridas";"Pleno dia";"Crescente";"Céu Claro";"Simples";"Viaduto";"Sim";2;0;0;1;1;0;1;2;-26,1925;-48,912;"SPRF-SC";"DEL03-SC";"UOP01-DEL03-SC"
151702;2018-08-08;"quarta-feira";"11:45:00";"SC";280;31,5;"ARAQUARI";"Não guardar distância de segurança";"Colisão traseira";"Sem Vítimas";"Pleno dia";"Decrescente";"Céu Claro";"Simples";"Rotatória";"Não";2;0;0;0;2;0;0;2;-26,41839194;-48,77851811;"SPRF-SC";"DEL03-SC";"UOP03-DEL03-SC"
151704;2018-08-08;"quarta-feira";"11:10:00";"PI";135;364;"BOM JESUS";"Ultrapassagem Indevida";"Colisão frontal";"Com Vítimas Feridas";"Pleno dia";"Crescente";"Céu Claro";"Simples";"Reta";"Não";3;0;2;0;1;0;2;2;-9,155321;-44,417164;"SPRF-PI";"DEL03-PI";"UOP02-DEL03-PI"
151707;2018-08-08;"quarta-feira";"11:50:00";"RO";364;199;"PIMENTA BUENO";"Desobediência às normas de trânsito pelo condutor";"Colisão transversal";"Com Vítimas Feridas";"Pleno dia";"Decrescente";"Céu Claro";"Simples";"Reta";"Não";2;0;0;2;0;0;2;2;-11,66155;-61,191055;"SPRF-RO";"DEL02-RO";"UOP02-DEL02-RO"
151709;2018-08-08;"quarta-feira";"13:00:00";"MG";365;421,4;"PATOS DE MINAS";"Mal Súbito";"Queda de ocupante de veículo";"Com Vítimas Feridas";"Pleno dia";"Crescente";"Nublado";"Simples";"Aclive";"Não";2;0;1;1;0;0;2;1;-18,69938;-46,60008;"SPRF-MG";"DEL10-MG";"UOP01-DEL10-MG"
151710;2018-07-03;"terça-feira";"21:20:00";"PB";101;88;"JOAO PESSOA";"Mal Súbito";"Atropelamento de Pedestre";"Com Vítimas Feridas";"Plena Noite";"Decrescente";"Céu Claro";"Dupla";"Reta";"Sim";2;0;0;1;1;0;1;2;-7,16861415;-34,89702489;"SPRF-PB";"DEL01-PB";"UOP01-DEL01-PB"
151713;2018-08-08;"quarta-feira";"13:00:00";"PB";230;21,1;"JOAO PESSOA";"Não guardar distância de segurança";"Colisão traseira";"Com Vítimas Feridas";"Pleno dia";"Decrescente";"Sol";"Dupla";"Reta";"Sim";2;0;1;0;0;1;1;2;-7,145664;-34,850854;"SPRF-PB";"DEL01-PB";"UOP01-DEL01-PB"
151717;2018-08-08;"quarta-feira";"13:35:00";"PE";232;57;"POMBOS";"Defeito Mecânico no Veículo";"Colisão com objeto estático";"Sem Vítimas";"Pleno dia";"Crescente";"Céu Claro";"Simples";"Reta";"Sim";1;0;0;0;1;0;0;1;-8,144629;-35,390347;"SPRF-PE";"DEL01-PE";"UOP02-DEL02PE"
151718;2018-08-08;"quarta-feira";"12:50:00";"RJ";465;4;"SEROPEDICA";"Falta de Atenção à Condução";"Colisão transversal";"Com Vítimas Feridas";"Pleno dia";"Crescente";"Nublado";"Simples";"Interseção de Vias";"Sim";2;0;0;1;1;0;1;2;-22,74092099;-43,70580196;"SPRF-RJ";"DEL01-RJ";"UOP03-DEL01-RJ"
151720;2018-08-08;"quarta-feira";"14:00:00";"PR";376;176;"MARINGA";"Falta de Atenção do Pedestre";"Atropelamento de Pedestre";"Com Vítimas Feridas";"Pleno dia";"Crescente";"Chuva";"Dupla";"Reta";"Sim";2;0;1;0;1;0;1;2;-23,41128162;-51,93638563;"SPRF-PR";"DEL07-PR";"UOP01-DEL09-PR"
151723;2018-08-08;"quarta-feira";"14:30:00";"SC";101;199,2;"BIGUACU";"Não guardar distância de segurança";"Colisão traseira";"Com Vítimas Feridas";"Pleno dia";"Crescente";"Sol";"Dupla";"Reta";"Sim";2;0;1;0;1;0;1;2;-27,5402;-48,6226;"SPRF-SC";"DEL01-SC";"UOP01-DEL01-SC"
151724;2018-07-26;"quinta-feira";"12:30:00";"RR";401;56;"BONFIM";"Velocidade Incompatível";"Saída de leito carroçável";"Com Vítimas Feridas";"Pleno dia";"Decrescente";"Chuva";"Simples";"Curva";"Não";1;0;0;1;0;0;1;1;3,10829174;-60,3345108;"SPRF-RR";"DEL01-RR";"UOP03/RR"
151725;2018-08-08;"quarta-feira";"15:05:00";"MG";262;358;"BETIM";"Avarias e/ou desgaste excessivo no pneu";"Capotamento";"Com Vítimas Feridas";"Pleno dia";"Crescente";"Céu Claro";"Dupla";"Curva";"Sim";1;0;1;0;0;0;1;1;-19,976;-44,2595;"SPRF-MG";"DEL01-MG";"UOP03-DEL01-MG"
151726;2018-08-08;"quarta-feira";"13:40:00";"SP";116;279,1;"EMBU DAS ARTES";"Ingestão de Álcool";"Tombamento";"Com Vítimas Feridas";"Pleno dia";"Crescente";"Céu Claro";"Dupla";"Reta";"Sim";1;0;1;0;0;0;1;1;-23,64112361;-46,83703959;"SPRF-SP";"DEL04-SP";"UOP01-DEL04-SP"
151727;2018-08-08;"quarta-feira";"14:38:00";"PI";343;3,8;"TERESINA";"Desobediência às normas de trânsito pelo condutor";"Colisão transversal";"Com Vítimas Feridas";"Pleno dia";"Decrescente";"Céu Claro";"Múltipla";"Interseção de Vias";"Sim";2;0;0;1;1;0;1;2;-5,08067699;-42,78356373;"SPRF-PI";"DEL01-PI";"UOP01-DEL01-PI"
151728;2018-08-08;"quarta-feira";"11:59:00";"PR";369;34,3;"CAMBARA";"Avarias e/ou desgaste excessivo no pneu";"Saída de leito carroçável";"Com Vítimas Feridas";"Pleno dia";"Decrescente";"Nublado";"Simples";"Curva";"Não";1;0;1;0;0;0;1;1;-23,0285258;-50,20984769;"SPRF-PR";"DEL07-PR";"UOP05-DEL07-PR"