"id";"data_inversa";"dia_semana";"horario";"uf";"br";"km";"municipio";"causa_acidente";"tipo_acidente";"classificacao_acidente";"fase_dia";"sentido_via";"condicao_metereologica";"tipo_pista";"tracado_via";"uso_solo";"pessoas";"mortos";"feridos_leves";"feridos_graves";"ilesos";"ignorados";"feridos";"veiculos";"latitude";"longitude";"regional";"delegacia";"uop"
151999;2018-08-10;"sexta-feira";"02:00:00";"RR";401;4;"CANTA";"Ingestão de Álcool";"Colisão frontal";"Com Vítimas Fatais";"Plena Noite";"Decrescente";"Céu Claro";"Simples";"Reta";"Não";3;1;0;0;2;0;0;2;2,789631;-60,658718;"SPRF-RR";"DEL01-RR";"UOP01-DEL01-RR"
152000;2018-08-10;"sexta-feira";"02:58:00";"MT";70;265;"PRIMAVERA DO LESTE";"Animais na Pista";"Capotamento";"Com Vítimas Feridas";"Plena Noite";"Crescente";"Céu Claro";"Simples";"Reta";"Não";1;0;1;0;0;0;1;1;-15,561902;-54,191902;"SPRF-MT";"DEL05-MT";"UOP01-DEL05-MT"
152001;2018-08-10;"sexta-feira";"04:45:00";"SC";101;199,1;"SAO JOSE";"Falta de Atenção à Condução";"Colisão traseira";"Sem Vítimas";"Plena Noite";"Crescente";"Nublado";"Dupla";"Reta";"Sim";2;0;0;0;2;0;0;2;-27,5402;-48,6226;"SPRF-SC";"DEL01-SC";"UOP01-DEL01-SC"
152002;2018-08-10;"sexta-feira";"05:00:00";"GO";158;213,5;"JATAI";"Condutor Dormindo";"Saída de leito carroçável";"Com Vítimas Feridas";"Plena Noite";"Crescente";"Nublado";"Simples";"Reta";"Não";1;0;0;1;0;0;1;1;-17,38586282;-51,88550949;"SPRF-GO";"DEL05-GO";"UOP01-DEL05-GO"
152004;2018-08-10;"sexta-feira";"06:20:00";"PE";232;135,1;"CARUARU";"Ingestão de Álcool";"Saída de leito carroçável";"Com Vítimas Feridas";"Pleno dia";"Crescente";"Céu Claro";"Dupla";"Reta";"Não";2;0;1;0;0;1;1;1;-8,31146468;-36,03477001;"SPRF-PE";"DEL02-PE";"UOP03-DEL02-PE"
152005;2018-08-10;"sexta-feira";"06:15:00";"RN";101;110;"PARNAMIRIM";"Falta de Atenção à Condução";"Colisão traseira";"Com Vítimas Feridas";"Pleno dia";"Decrescente";"Céu Claro";"Dupla";"Reta";"Não";1;0;1;0;0;0;1;1;-5,946376;-35,264851;"SPRF-RN";"DEL01-RN";"UOP01-DEL01-RN"
152006;2018-08-09;"quinta-feira";"22:30:00";"RS";285;594;"SANTO ANTONIO DAS MISSOES";"Falta de Atenção à Condução";"Colisão lateral";"Com Vítimas Feridas";"Plena Noite";"Decrescente";"Nublado";"Simples";"Reta";"Não";2;0;0;1;1;0;1;2;-28,48523282;-55,22225797;"SPRF-RS";"DEL12-RS";"UOP01-DEL12-RS"
152007;2018-08-09;"quinta-feira";"18:50:00";"RO";435;85,2;"COLORADO DO OESTE";"Falta de Atenção à Condução";"Colisão traseira";"Com Vítimas Feridas";"Plena Noite";"Crescente";"Ignorado";"Simples";"Reta";"Sim";2;0;1;0;1;0;1;2;-13,118861;-60,531811;"SPRF-RO";"DEL04-RO";"UOP02-DEL04-RO"
152008;2018-08-10;"sexta-feira";"06:30:00";"MG";40;524;"CONTAGEM";"Não guardar distância de segurança";"Colisão traseira";"Com Vítimas Feridas";"Pleno dia";"Crescente";"Céu Claro";"Dupla";"Reta";"Sim";2;0;0;1;1;0;1;2;-19,8881;-44,0502;"SPRF-MG";"DEL01-MG";"UOP03-DEL01-MG"
152010;2018-08-10;"sexta-feira";"06:45:00";"GO";40;5,3;"VALPARAISO DE GOIAS";"Falta de Atenção à Condução";"Queda de ocupante de veículo";"Com Vítimas Feridas";"Pleno dia";"Decrescente";"Céu Claro";"Dupla";"Reta";"Sim";1;0;1;0;0;0;1;1;-16,093134;-47,982236;"SPRF-DF";"DEL01-DF";"UOP01-DEL01-DF"
152012;2018-08-10;"sexta-feira";"07:20:00";"PR";376;191,4;"MARIALVA";"Falta de Atenção à Condução";"Colisão com objeto estático";"Com Vítimas Feridas";"Pleno dia";"Crescente";"Nublado";"Dupla";"Curva";"Não";1;0;1;0;0;0;1;1;-23,48088153;-51,82242393;"SPRF-PR";"DEL07-PR";"UOP01-DEL09-PR"
152015;2018-08-10;"sexta-feira";"07:30:00";"PA";316;9;"ANANINDEUA";"Não guardar distância de segurança";"Colisão traseira";"Com Vítimas Feridas";"Pleno dia";"Crescente";"Céu Claro";"Dupla";"Reta";"Sim";2;0;1;0;1;0;1;2;-1,366236;-48,367805;"SPRF-PA";"DEL01-PA";"DEL19/1-UOP05/PA"
152016;2018-08-10;"sexta-feira";"06:45:00";"SP";153;58,9;"SAO JOSE DO RIO PRETO";"Desobediência às normas de trânsito pelo condutor";"Colisão transversal";"Com Vítimas Feridas";"Pleno dia";"Crescente";"Céu Claro";"Simples";"Interseção de Vias";"Sim";4;0;2;0;2;0;2;2;-20,78651934;-49,35385823;"SPRF-SP";"DEL09-SP";"UOP01-DEL09-SP"
152018;2018-08-10;"sexta-feira";"06:50:00";"MG";40;552;"NOVA LIMA";"Defeito Mecânico no Veículo";"Queda de ocupante de veículo";"Com Vítimas Feridas";"Pleno dia";"Crescente";"Céu Claro";"Dupla";"Reta";"Sim";1;0;1;0;0;0;1;1;-20,07;-43,9828;"SPRF-MG";"DEL01-MG";"UOP02-DEL01-MG"
152019;2018-08-10;"sexta-feira";"07:35:00";"RN";101;112,7;"PARNAMIRIM";"Não guardar distância de segurança";"Colisão traseira";"Com Vítimas Feridas";"Pleno dia";"Crescente";"Nublado";"Dupla";"Retorno Regulamentado";"Sim";3;0;1;1;1;0;2;2;-5,96805854;-35,2649197;"SPRF-RN";"DEL01-RN";"UOP01-DEL01-RN"
152020;2018-08-10;"sexta-feira";"08:00:00";"PR";277;80,8;"CURITIBA";"Desobediência às normas de trânsito pelo condutor";"Colisão traseira";"Com Vítimas Feridas";"Pleno dia";"Decrescente";"Céu Claro";"Dupla";"Reta";"Sim";2;0;1;0;1;0;1;2;-25,46993375;-49,21325684;"SPRF-PR";"DEL01-PR";"UOP01-DEL01-PR"
152021;2018-06-19;"terça-feira";"18:40:00";"MG";381;478,5;"CONTAGEM";"Falta de Atenção à Condução";"Colisão traseira";"Com Vítimas Feridas";"Plena Noite";"Crescente";"Céu Claro";"Dupla";"Reta";"Não";2;0;1;0;1;0;1;2;-19,9643;-44,044;"SPRF-MG";"DEL01-MG";"UOP03-DEL01-MG"
152022;2018-08-10;"sexta-feira";"07:35:00";"RN";101;112,7;"SAO JOSE DE MIPIBU";"Não guardar distância de segurança";"Colisão traseira";"Com Vítimas Feridas";"Pleno dia";"Crescente";"Nublado";"Dupla";"Reta";"Sim";2;0;1;0;1;0;1;2;-5,9672369;-35,26494116;"SPRF-RN";"DEL01-RN";"UOP01-DEL01-RN"
152023;2018-08-10;"sexta-feira";"08:00:00";"SC";101;206,3;"SAO JOSE";"Falta de Atenção à Condução";"Colisão traseira";"Com Vítimas Feridas";"Pleno dia";"Crescente";"Céu Claro";"Dupla";"Reta";"Sim";3;0;2;0;1;0;2;3;-27,6001;-48,6225;"SPRF-SC";"DEL01-SC";"UOP01-DEL01-SC"
152024;2018-08-10;"sexta-feira";"07:20:00";"SC";163;85,9;"GUARACIABA";"Falta de Atenção à Condução";"Saída de leito carroçável";"Com Vítimas Feridas";"Pleno dia";"Decrescente";"Céu Claro";"Simples";"Curva";"Não";1;0;1;0;0;0;1;1;-26,607304;-53,517044;"SPRF-SC";"DEL07-SC";"UOP03-DEL07-SC"
152026;2018-08-10;"sexta-feira";"08:30:00";"DF";20;20;"BRASILIA";"Falta de Atenção à Condução";"Colisão transversal";"Com Vítimas Feridas";"Pleno dia";"Crescente";"Céu Claro";"Dupla";"Reta";"Sim";2;0;1;0;1;0;1;2;-15,6079664;-47,69287884;"SPRF-DF";"DEL02-DF";"UOP01-DEL02-DF"
152027;2018-08-10;"sexta-feira";"07:30:00";"SC";280;24,1;"ARAQUARI";"Falta de Atenção à Condução";"Colisão transversal";"Sem Vítimas";"Pleno dia";"Crescente";"Céu Claro";"Simples";"Reta";"Sim";2;0;0;0;2;0;0;2;-26,37726;-48,719547;"SPRF-SC";"DEL03-SC";"UOP03-DEL03-SC"
152028;2018-08-10;"sexta-feira";"08:35:00";"MG";262;38,8;"MANHUACU";"Falta de Atenção do Pedestre";"Atropelamento de Pedestre";"Com Vítimas Feridas";"Pleno dia";"Crescente";"Céu Claro";"Simples";"Declive";"Sim";2;0;1;0;1;0;1;2;-20,275279;-42,051958;"SPRF-MG";"DEL06-MG";"UOP03-DEL06-MG"
152029;2018-08-10;"sexta-feira";"08:00:00";"PR";116;126,4;"FAZENDA RIO GRANDE";"Falta de Atenção à Condução";"Colisão lateral";"Com Vítimas Feridas";"Pleno dia";"Decrescente";"Nublado";"Dupla";"Reta";"Sim";2;0;1;0;1;0;1;2;-25,64022448;-49,31302857;"SPRF-PR";"DEL01-PR";"UOP03-DEL01-PR"
152031;2018-08-10;"sexta-feira";"08:00:00";"SC";101;210;"SAO JOSE";"Não guardar distância de segurança";"Colisão traseira";"Com Vítimas Feridas";"Pleno dia";"Crescente";"Céu Claro";"Múltipla";"Reta";"Sim";2;0;1;0;1;0;1;2;-27,61362351;-48,64262667;"SPRF-SC";"DEL01-SC";"UOP01-DEL01-SC"
152033;2018-08-10;"sexta-feira";"08:00:00";"PB";230;14,8;"CABEDELO";"Falta de Atenção à Condução";"Colisão traseira";"Com Vítimas Feridas";"Pleno dia";"Decrescente";"Céu Claro";"Dupla";"Interseção de Vias";"Sim";2;0;1;0;0;1;1;2;-7,0957823;-34,84789789;"SPRF-PB";"DEL01-PB";"UOP01-DEL01-PB"
152035;2018-01-07;"domingo";"18:48:00";"MG";50;41;"ARAGUARI";"Velocidade Incompatível";"Saída de leito carroçável";"Com Vítimas Feridas";"Anoitecer";"Crescente";"Chuva";"Dupla";"Reta";"Não";3;0;1;0;2;0;1;1;-18,68681266;-48,17960573;"SPRF-MG";"DEL15-MG";"UOP02-DEL15-MG"
152036;2018-08-10;"sexta-feira";"07:30:00";"PR";476;134;"CURITIBA";"Falta de Atenção à Condução";"Colisão lateral";"Com Vítimas Feridas";"Pleno dia";"Decrescente";"Céu Claro";"Múltipla";"Reta";"Sim";2;0;1;0;1;0;1;2;-25,476524;-49,259937;"SPRF-PR";"DEL01-PR";"UOP07-DEL01-PR"
152038;2018-08-10;"sexta-feira";"08:30:00";"SP";116;143,1;"SAO JOSE DOS CAMPOS";"Falta de Atenção à Condução";"Colisão traseira";"Com Vítimas Feridas";"Pleno dia";"Decrescente";"Céu Claro";"Dupla";"Reta";"Sim";2;0;1;0;1;0;1;2;-23,178532;-45,83794;"SPRF-SP";"DEL06-SP";"UOP02-DEL02-SP"
152042;2018-08-10;"sexta-feira";"09:00:00";"RJ";116;135;"MAGE";"Pista Escorregadia";"Queda de ocupante de veículo";"Com Vítimas Feridas";"Pleno dia";"Crescente";"Céu Claro";"Dupla";"Reta";"Não";1;0;1;0;0;0;1;1;-22,64682506;-43,19389701;"SPRF-RJ";"DEL04-RJ";"UOP02-DEL04-RJ"
152043;2018-08-10;"sexta-feira";"09:20:00";"DF";60;17;"BRASILIA";"Defeito Mecânico no Veículo";"Capotamento";"Com Vítimas Feridas";"Pleno dia";"Crescente";"Céu Claro";"Simples";"Reta";"Não";3;0;1;0;2;0;1;1;-15,960484;-48,178028;"SPRF-DF";"DEL01-DF";"UOP01-DEL03-DF"
152044;2018-07-23;"segunda-feira";"20:40:00";"RR";174;507;"BOA VISTA";"Falta de Atenção à Condução";"Colisão traseira";"Com Vítimas Feridas";"Plena Noite";"Decrescente";"Céu Claro";"Dupla";"Reta";"Sim";2;0;1;0;1;0;1;2;2,822046;-60,694607;"SPRF-RR";"DEL01-RR";"UOP01-DEL01-RR"
152049;2018-08-10;"sexta-feira";"09:35:00";"SC";282;1;"FLORIANOPOLIS";"Não guardar distância de segurança";"Colisão lateral";"Com Vítimas Feridas";"Pleno dia";"Decrescente";"Céu Claro";"Dupla";"Reta";"Sim";3;0;1;1;1;0;2;2;-27,60491023;-48,58334541;"SPRF-SC";"DEL01-SC";"UOP01-DEL01-SC"
152050;2018-08-10;"sexta-feira";"07:50:00";"SC";116;239;"LAGES";"Falta de Atenção à Condução";"Colisão traseira";"Com Vítimas Feridas";"Pleno dia";"Crescente";"Céu Claro";"Simples";"Interseção de Vias";"Sim";2;0;1;0;1;0;1;2;-27,80658737;-50,36664963;"SPRF-SC";"DEL05-SC";"UOP01-DEL05-SC"
152051;2018-08-10;"sexta-feira";"09:35:00";"MG";381;888;"CAMBUI";"Velocidade Incompatível";"Colisão com objeto estático";"Com Vítimas Feridas";"Pleno dia";"Decrescente";"Céu Claro";"Dupla";"Reta";"Não";1;0;1;0;0;0;1;1;-22,5331;-46,0297;"SPRF-MG";"DEL16-MG";"UOP03-DEL16-MG"
152052;2018-08-01;"quarta-feira";"20:30:00";"SP";116;218,5;"GUARULHOS";"Não guardar distância de segurança";"Engavetamento";"Com Vítimas Feridas";"Plena Noite";"Decrescente";"Ignorado";"Dupla";"Reta";"Sim";3;0;1;0;0;2;1;3;-23,45880568;-46,49092862;"SPRF-SP";"DEL01-SP";"UOP01-DEL01-SP"
152055;2018-08-10;"sexta-feira";"08:40:00";"PR";116;106;"SAO JOSE DOS PINHAIS";"Falta de Atenção à Condução";"Queda de ocupante de veículo";"Com Vítimas Feridas";"Pleno dia";"Crescente";"Sol";"Dupla";"Aclive";"Não";3;0;1;0;1;1;1;2;-25,56991092;-49,21939189;"SPRF-PR";"DEL01-PR";"UOP01-DEL01-PR"
152059;2018-08-10;"sexta-feira";"10:35:00";"CE";116;68,9;"CHOROZINHO";"Falta de Atenção à Condução";"Colisão transversal";"Com Vítimas Feridas";"Pleno dia";"Decrescente";"Céu Claro";"Simples";"Reta";"Sim";2;0;2;0;0;0;2;2;-4,306195;-38,501423;"SPRF-CE";"DEL03-CE";"UOP02-DEL03-CE"
152060;2018-08-10;"sexta-feira";"09:40:00";"MS";163;476,6;"CAMPO GRANDE";"Desobediência às normas de trânsito pelo condutor";"Colisão traseira";"Com Vítimas Feridas";"Pleno dia";"Crescente";"Céu Claro";"Simples";"Reta";"Não";2;0;1;0;1;0;1;2;-20,507986;-54,556722;"SPRF-MS";"DEL01-MS";"UOP01-DEL01-MS"
152065;2018-07-28;"sábado";"18:50:00";"MA";402;7;"ROSARIO";"Animais na Pista";"Atropelamento de Animal";"Com Vítimas Fatais";"Plena Noite";"Crescente";"Ignorado";"Simples";"Reta";"Sim";1;1;0;0;0;0;0;1;-2,946087;-44,267559;"SPRF-MA";"DEL01-MA";"UOP01-DEL01-MA"
152067;2018-08-10;"sexta-feira";"12:00:00";"GO";40;2,5;"VALPARAISO DE GOIAS";"Falta de Atenção à Condução";"Queda de ocupante de veículo";"Com Vítimas Feridas";"Pleno dia";"Crescente";"Sol";"Dupla";"Reta";"Sim";1;0;1;0;0;0;1;1;-16,06553937;-47,98401654;"SPRF-DF";"DEL01-DF";"UOP01-DEL01-DF"
152068;2018-08-10;"sexta-feira";"12:00:00";"PA";222;244;"MARABA";"Não guardar distância de segurança";"Colisão traseira";"Com Vítimas Feridas";"Pleno dia";"Crescente";"Céu Claro";"Simples";"Reta";"Não";2;0;1;0;1;0;1;2;-5,347676;-49,080456;"SPRF-PA";"DEL03-PA";"UOP01-DEL03-PA"
152069;2018-08-10;"sexta-feira";"11:20:00";"CE";222;201,9;"FORQUILHA";"Velocidade Incompatível";"Saída de leito carroçável";"Com Vítimas Feridas";"Pleno dia";"Crescente";"Céu Claro";"Simples";"Curva";"Não";4;0;1;0;3;0;1;2;-3,801369;-40,207661;"SPRF-CE";"DEL04-CE";"UOP01-DEL04-CE"
152071;2018-08-10;"sexta-feira";"06:45:00";"SP";116;49,5;"LORENA";"Condutor Dormindo";"Tombamento";"Com Vítimas Feridas";"Pleno dia";"Crescente";"Céu Claro";"Dupla";"Reta";"Não";1;0;1;0;0;0;1;1;-22,730547;-45,07663;"SPRF-SP";"DEL08-SP";"UOP02-DEL08-SP"
152072;2018-08-10;"sexta-feira";"07:00:00";"AM";319;17;"CAREIRO DA VARZEA";"Falta de Atenção à Condução";"Atropelamento de Pedestre";"Com Vítimas Fatais";"Amanhecer";"Decrescente";"Nevoeiro/Neblina";"Simples";"Reta";"Não";2;1;0;0;1;0;0;2;-3,21691643;-59,86814976;"SPRF-AM";"DEL01-AM";"UOP04-DEL01-AM"
152073;2018-07-25;"quarta-feira";"18:10:00";"SC";101;100,1;"BALNEARIO PICARRAS";"Desobediência às normas de trânsito pelo condutor";"Colisão frontal";"Com Vítimas Fatais";"Plena Noite";"Crescente";"Nublado";"Dupla";"Reta";"Sim";2;1;0;0;1;0;0;2;-26,766;-48,6863;"SPRF-SC";"DEL03-SC";"UOP02-DEL03-SC"
152074;2018-08-10;"sexta-feira";"12:20:00";"PE";101;71;"RECIFE";"Falta de Atenção à Condução";"Queda de ocupante de veículo";"Com Vítimas Feridas";"Pleno dia";"Decrescente";"Nublado";"Dupla";"Reta";"Sim";2;0;1;0;1;0;1;2;-8,0857;-34,9457;"SPRF-PE";"DEL01-PE";"UOP01-DEL01-PE"
152075;2018-08-10;"sexta-feira";"12:40:00";"ES";101;376,6;"ICONHA";"Não guardar distância de segurança";"Colisão transversal";"Com Vítimas Feridas";"Pleno dia";"Crescente";"Nublado";"Simples";"Reta";"Sim";2;0;0;1;1;0;1;2;-20,79023058;-40,80341578;"SPRF-ES";"DEL03-ES";"UOP01-DEL03-ES"
152076;2018-08-10;"sexta-feira";"09:15:00";"ES";101;1,1;"VITORIA";"Falta de Atenção à Condução";"Colisão lateral";"Com Vítimas Feridas";"Pleno dia";"Decrescente";"Céu Claro";"Dupla";"Reta";"Não";2;0;1;0;1;0;1;2;-20,24297196;-40,28136671;"SPRF-ES";"DEL04-ES";"UOP02-DEL04-ES"
152079;2018-08-10;"sexta-feira";"13:00:00";"SC";101;210,3;"SAO JOSE";"Desobediência às normas de trânsito pelo condutor";"Colisão lateral";"Com Vítimas Feridas";"Pleno dia";"Crescente";"Céu Claro";"Dupla";"Reta";"Sim";2;0;1;0;1;0;1;2;-27,61829598;-48,64725877;"SPRF-SC";"DEL01-SC";"UOP01-DEL01-SC"
152080;2018-08-10;"sexta-feira";"12:30:00";"MG";40;697;"BARBACENA";"Falta de Atenção à Condução";"Capotamento";"Com Vítimas Feridas";"Pleno dia";"Crescente";"Céu Claro";"Dupla";"Curva";"Sim";1;0;1;0;0;0;1;1;-21,18162067;-43,7552458;"SPRF-MG";"DEL05-MG";"UOP02-DEL05-MG"
152081;2018-05-04;"sexta-feira";"21:10:00";"RS";153;4;"CACHOEIRA DO SUL";"Falta de Atenção à Condução";"Colisão transversal";"Com Vítimas Feridas";"Plena Noite";"Crescente";"Céu Claro";"Simples";"Curva";"Sim";2;0;1;0;1;0;1;2;-30,03964;-52,894356;"SPRF-RS";"DEL02-RS";"UOP02-DEL02-RS"
152082;2018-08-10;"sexta-feira";"14:00:00";"PR";376;164;"MARINGA";"Defeito Mecânico no Veículo";"Queda de ocupante de veículo";"Com Vítimas Feridas";"Pleno dia";"Decrescente";"Céu Claro";"Simples";"Reta";"Não";1;0;1;0;0;0;1;1;-23,37653;-52,04648;"SPRF-PR";"DEL07-PR";"UOP01-DEL09-PR"
152083;2018-08-10;"sexta-feira";"13:40:00";"SC";282;3;"FLORIANOPOLIS";"Não guardar distância de segurança";"Colisão traseira";"Com Vítimas Feridas";"Pleno dia";"Crescente";"Chuva";"Dupla";"Reta";"Sim";2;0;1;0;1;0;1;2;-27,600384;-48,599705;"SPRF-SC";"DEL01-SC";"UOP01-DEL01-SC"
152084;2018-08-10;"sexta-feira";"14:20:00";"BA";116;421;"FEIRA DE SANTANA";"Falta de Atenção à Condução";"Colisão com objeto estático";"Com Vítimas Feridas";"Pleno dia";"Crescente";"Céu Claro";"Dupla";"Reta";"Sim";2;0;1;0;1;0;1;2;-12,21520682;-38,96541595;"SPRF-BA";"DEL02-BA";"UOP01-DEL02-BA"
152085;2018-08-10;"sexta-feira";"14:30:00";"BA";324;514;"FEIRA DE SANTANA";"Não guardar distância de segurança";"Colisão traseira";"Com Vítimas Feridas";"Pleno dia";"Crescente";"Céu Claro";"Simples";"Reta";"Sim";2;0;1;0;1;0;1;2;-12,2430658;-38,936735;"SPRF-BA";"DEL02-BA";"UOP01-DEL02-BA"
152087;2018-08-10;"sexta-feira";"13:40:00";"PR";369;436,5;"UBIRATA";"Objeto estático sobre o leito carroçável";"Colisão com objeto estático";"Com Vítimas Feridas";"Pleno dia";"Crescente";"Céu Claro";"Simples";"Reta";"Não";2;0;2;0;0;0;2;1;-24,4899;-52,8957;"SPRF-PR";"DEL04-PR";"UOP03-DEL04-PR"
152089;2018-08-10;"sexta-feira";"14:15:00";"AL";101;30,5;"JOAQUIM GOMES";"Desobediência às normas de trânsito pelo condutor";"Colisão frontal";"Com Vítimas Fatais";"Pleno dia";"Decrescente";"Céu Claro";"Simples";"Curva";"Não";6;3;0;2;0;1;2;3;-9,092755;-35,749954;"SPRF-AL";"DEL01-AL";"UOP01-DEL01-AL"
152090;2018-08-10;"sexta-feira";"14:00:00";"PB";230;123,6;"RIACHAO DO BACAMARTE";"Defeito Mecânico no Veículo";"Saída de leito carroçável";"Com Vítimas Feridas";"Pleno dia";"Crescente";"Céu Claro";"Simples";"Curva";"Não";2;0;1;1;0;0;2;1;-7,24670706;-35,67768989;"SPRF-PB";"DEL02-PB";"UOP01-DEL02-PB"
152091;2018-07-02;"segunda-feira";"08:20:00";"PB";101;98,7;"ALHANDRA";"Desobediência às normas de trânsito pelo condutor";"Colisão traseira";"Com Vítimas Feridas";"Pleno dia";"Crescente";"Chuva";"Dupla";"Reta";"Não";2;0;1;0;1;0;1;2;-7,25207166;-34,93323505;"SPRF-PB";"DEL01-PB";"UOP01-DEL01-PB"
152092;2018-08-10;"sexta-feira";"14:20:00";"RS";386;214,3;"TIO HUGO";"Desobediência às normas de trânsito pelo condutor";"Colisão frontal";"Com Vítimas Feridas";"Pleno dia";"Decrescente";"Céu Claro";"Simples";"Reta";"Sim";2;0;2;0;0;0;2;2;-28,58557688;-52,6001358;"SPRF-RS";"DEL04-RS";"NPF/DEL04-RS"
152093;2018-08-10;"sexta-feira";"14:30:00";"DF";20;19;"BRASILIA";"Pista Escorregadia";"Colisão lateral";"Com Vítimas Feridas";"Pleno dia";"Crescente";"Chuva";"Dupla";"Reta";"Sim";2;0;2;0;0;0;2;2;-15,612175;-47,700928;"SPRF-DF";"DEL02-DF";"UOP01-DEL02-DF"
152094;2018-08-10;"sexta-feira";"14:50:00";"RS";290;91,2;"PORTO ALEGRE";"Não guardar distância de segurança";"Colisão traseira";"Com Vítimas Feridas";"Pleno dia";"Decrescente";"Nublado";"Simples";"Reta";"Sim";2;0;1;0;1;0;1;2;-29,96941613;-51,16913438;"SPRF-RS";"DEL01-RS";"UOP01-DEL01-RS"
152095;2018-08-10;"sexta-feira";"13:50:00";"RN";101;132,7;"ARES";"Avarias e/ou desgaste excessivo no pneu";"Capotamento";"Com Vítimas Feridas";"Pleno dia";"Crescente";"Céu Claro";"Dupla";"Reta";"Não";1;0;1;0;0;0;1;1;-6,140169;-35,227853;"SPRF-RN";"DEL01-RN";"UOP01-DEL01-RN"
152096;2018-07-17;"terça-feira";"17:45:00";"SP";116;224;"GUARULHOS";"Falta de Atenção à Condução";"Colisão transversal";"Com Vítimas Feridas";"Anoitecer";"Decrescente";"Céu Claro";"Múltipla";"Reta";"Sim";3;0;2;0;1;0;2;2;-23,48524413;-46,53939915;"SPRF-SP";"DEL01-SP";"UOP01-DEL01-SP"
152097;2018-08-10;"sexta-feira";"15:05:00";"RN";101;104;"PARNAMIRIM";"Falta de Atenção à Condução";"Colisão lateral";"Com Vítimas Feridas";"Pleno dia";"Crescente";"Céu Claro";"Dupla";"Curva";"Não";2;0;1;0;1;0;1;2;-5,89211537;-35,25849313;"SPRF-RN";"DEL01-RN";"UOP01-DEL01-RN"
152098;2018-07-19;"quinta-feira";"20:15:00";"PB";230;69,8;"SOBRADO";"Restrição de Visibilidade";"Atropelamento de Pedestre";"Com Vítimas Fatais";"Plena Noite";"Decrescente";"Céu Claro";"Dupla";"Reta";"Não";2;1;0;0;1;0;0;2;-7,19210319;-35,2244854;"SPRF-PB";"DEL01-PB";"UOP03-DEL01-PB"
152099;2018-08-10;"sexta-feira";"14:15:00";"SP";116;221;"GUARULHOS";"Falta de Atenção à Condução";"Colisão lateral";"Com Vítimas Feridas";"Pleno dia";"Crescente";"Céu Claro";"Múltipla";"Reta";"Sim";2;0;1;0;1;0;1;2;-23,46851557;-46,50992543;"SPRF-SP";"DEL01-SP";"UOP01-DEL01-SP"
152100;2018-05-10;"quinta-feira";"09:30:00";"MT";163;679,8;"LUCAS DO RIO VERDE";"Mal Súbito";"Saída de leito carroçável";"Com Vítimas Feridas";"Pleno dia";"Crescente";"Céu Claro";"Simples";"Reta";"Não";1;0;0;1;0;0;1;1;-13,17042261;-55,95748901;"SPRF-MT";"DEL06-MT";"UOP01-DEL06-MT"
152103;2018-08-10;"sexta-feira";"15:20:00";"GO";40;1,7;"VALPARAISO DE GOIAS";"Não guardar distância de segurança";"Colisão traseira";"Sem Vítimas";"Pleno dia";"Crescente";"Céu Claro";"Dupla";"Reta";"Sim";6;0;0;0;6;0;0;2;-16,058245;-47,982825;"SPRF-DF";"DEL01-DF";"UOP01-DEL01-DF"
152105;2018-08-10;"sexta-feira";"14:20:00";"RN";101;98;"NATAL";"Desobediência às normas de trânsito pelo condutor";"Colisão traseira";"Sem Vítimas";"Pleno dia";"Decrescente";"Céu Claro";"Múltipla";"Reta";"Sim";4;0;0;0;2;2;0;3;-5,865723;-35,216537;"SPRF-RN";"DEL01-RN";"UOP01-DEL01-RN"
152108;2018-08-10;"sexta-feira";"15:50:00";"ES";101;225,7;"IBIRACU";"Falta de Atenção à Condução";"Colisão lateral";"Com Vítimas Feridas";"Pleno dia";"Crescente";"Céu Claro";"Simples";"Reta";"Não";3;0;0;1;1;1;1;3;-19,89709901;-40,41116953;"SPRF-ES";"DEL02-ES";"UOP01-DEL02-ES"
152110;2018-08-10;"sexta-feira";"14:30:00";"PA";316;44;"CASTANHAL";"Ingestão de Álcool";"Colisão lateral";"Sem Vítimas";"Pleno dia";"Crescente";"Céu Claro";"Dupla";"Reta";"Não";2;0;0;0;2;0;0;2;-1,28537;-48,062698;"SPRF-PA";"DEL01-PA";"UOP01-DEL01-PA"
152111;2018-08-10;"sexta-feira";"13:30:00";"RS";290;333,1;"SAO SEPE";"Desobediência às normas de trânsito pelo condutor";"Colisão transversal";"Com Vítimas Feridas";"Pleno dia";"Crescente";"Nublado";"Simples";"Interseção de Vias";"Não";3;0;1;0;2;0;1;2;-30,36191507;-53,52092743;"SPRF-RS";"DEL09-RS";"UOP02-DEL09-RS"
152117;2018-08-10;"sexta-feira";"14:30:00";"GO";40;100;"CRISTALINA";"Falta de Atenção à Condução";"Saída de leito carroçável";"Com Vítimas Feridas";"Pleno dia";"Decrescente";"Céu Claro";"Simples";"Reta";"Não";1;0;0;1;0;0;1;1;-16,786355;-47,579207;"SPRF-DF";"DEL01-DF";"UOP02-DEL01-DF"
152118;2018-08-10;"sexta-feira";"16:00:00";"SC";101;204;"SAO JOSE";"Falta de Atenção à Condução";"Colisão traseira";"Com Vítimas Feridas";"Pleno dia";"Crescente";"Céu Claro";"Dupla";"Reta";"Sim";2;0;0;1;1;0;1;2;-27,5832;-48,6151;"SPRF-SC";"DEL01-SC";"UOP01-DEL01-SC"