"id";"data_inversa";"dia_semana";"horario";"uf";"br";"km";"municipio";"causa_acidente";"tipo_acidente";"classificacao_acidente";"fase_dia";"sentido_via";"condicao_metereologica";"tipo_pista";"tracado_via";"uso_solo";"pessoas";"mortos";"feridos_leves";"feridos_graves";"ilesos";"ignorados";"feridos";"veiculos";"latitude";"longitude";"regional";"delegacia";"uop"
152120;2018-08-10;"sexta-feira";"16:00:00";"SP";381;52,8;"MAIRIPORA";"Desobediência às normas de trânsito pelo condutor";"Colisão lateral";"Com Vítimas Fatais";"Pleno dia";"Decrescente";"Céu Claro";"Dupla";"Curva";"Sim";4;1;0;1;0;2;1;2;-23,2368703;-46,5999862;"SPRF-SP";"DEL03-SP";"UOP01-DEL03-SP"
152121;2018-08-10;"sexta-feira";"16:00:00";"BA";101;114;"ALAGOINHAS";"Ultrapassagem Indevida";"Colisão frontal";"Com Vítimas Feridas";"Pleno dia";"Decrescente";"Céu Claro";"Simples";"Reta";"Sim";4;0;1;0;3;0;1;3;-12,1689808;-38,44721317;"SPRF-BA";"DEL01-BA";"UOP04-DEL01-BA"
152122;2018-08-10;"sexta-feira";"13:10:00";"PA";316;6;"ANANINDEUA";"Desobediência às normas de trânsito pelo condutor";"Colisão transversal";"Com Vítimas Feridas";"Pleno dia";"Decrescente";"Céu Claro";"Dupla";"Reta";"Sim";2;0;1;0;1;0;1;2;-1,3711002;-48,38273764;"SPRF-PA";"DEL01-PA";"DEL19/1-UOP05/PA"
152123;2018-08-10;"sexta-feira";"16:00:00";"AL";101;241,9;"PORTO REAL DO COLEGIO";"Defeito na Via";"Colisão traseira";"Sem Vítimas";"Pleno dia";"Decrescente";"Céu Claro";"Dupla";"Reta";"Não";5;0;0;0;5;0;0;2;-10,155781;-36,8117;"SPRF-AL";"DEL02-AL";"UOP02-DEL02-AL"
152124;2018-08-10;"sexta-feira";"16:15:00";"SC";282;4;"SAO JOSE";"Falta de Atenção à Condução";"Colisão lateral";"Com Vítimas Feridas";"Pleno dia";"Decrescente";"Céu Claro";"Dupla";"Curva";"Sim";2;0;1;0;1;0;1;2;-27,59278749;-48,60400731;"SPRF-SC";"DEL01-SC";"UOP01-DEL01-SC"
152125;2018-08-10;"sexta-feira";"16:30:00";"SP";116;146,3;"SAO JOSE DOS CAMPOS";"Falta de Atenção à Condução";"Colisão lateral";"Com Vítimas Feridas";"Pleno dia";"Decrescente";"Céu Claro";"Dupla";"Declive;Reta";"Não";2;0;1;0;1;0;1;2;-23,19031031;-45,86135387;"SPRF-SP";"DEL02-SP";"UOP01-DEL02-SP"
152126;2018-08-10;"sexta-feira";"16:25:00";"SC";101;211,4;"PALHOCA";"Falta de Atenção à Condução";"Colisão traseira";"Com Vítimas Feridas";"Pleno dia";"Decrescente";"Céu Claro";"Dupla";"Reta";"Sim";2;0;1;0;1;0;1;2;-27,6301;-48,659;"SPRF-SC";"DEL01-SC";"UOP02-DEL01-SC"
152127;2018-08-10;"sexta-feira";"16:00:00";"MG";50;177;"UBERABA";"Falta de Atenção à Condução";"Colisão traseira";"Com Vítimas Feridas";"Pleno dia";"Decrescente";"Sol";"Dupla";"Viaduto";"Sim";2;0;1;0;1;0;1;2;-19,779;-47,9413;"SPRF-MG";"DEL13-MG";"UOP01-DEL13-MG"
152128;2018-08-10;"sexta-feira";"15:40:00";"SC";116;5,5;"MAFRA";"Mal Súbito";"Tombamento";"Com Vítimas Feridas";"Pleno dia";"Crescente";"Céu Claro";"Simples";"Reta";"Sim";1;0;1;0;0;0;1;1;-26,14499834;-49,82139945;"SPRF-SC";"DEL06-SC";"UOP01-DEL06-SC"
152129;2018-07-26;"quinta-feira";"15:20:00";"PB";101;84;"BAYEUX";"Falta de Atenção à Condução";"Engavetamento";"Com Vítimas Feridas";"Pleno dia";"Crescente";"Céu Claro";"Dupla";"Reta";"Sim";3;0;1;0;2;0;1;3;-7,1410132;-34,9218378;"SPRF-PB";"DEL01-PB";"UOP01-DEL01-PB"
152132;2018-08-10;"sexta-feira";"16:30:00";"SC";101;211,7;"PALHOCA";"Não guardar distância de segurança";"Colisão traseira";"Com Vítimas Feridas";"Pleno dia";"Crescente";"Céu Claro";"Múltipla";"Reta";"Sim";2;0;1;0;1;0;1;2;-27,6301;-48,659;"SPRF-SC";"DEL01-SC";"UOP02-DEL01-SC"
152134;2018-08-10;"sexta-feira";"16:30:00";"RS";101;64,6;"OSORIO";"Desobediência às normas de trânsito pelo condutor";"Colisão traseira";"Com Vítimas Feridas";"Pleno dia";"Decrescente";"Nublado";"Simples";"Reta";"Sim";2;0;1;0;1;0;1;2;-29,8688;-50,2516;"SPRF-RS";"DEL03-RS";"UOP01-DEL03-RS"
152136;2018-08-10;"sexta-feira";"17:00:00";"SC";470;141,9;"RIO DO SUL";"Falta de Atenção à Condução";"Colisão transversal";"Com Vítimas Feridas";"Pleno dia";"Crescente";"Céu Claro";"Simples";"Interseção de Vias";"Sim";2;0;1;0;1;0;1;2;-27,20462161;-49,63878024;"SPRF-SC";"DEL04-SC";"UOP02-DEL04-SC"
152137;2018-08-10;"sexta-feira";"17:20:00";"MG";146;543,9;"MUZAMBINHO";"Desobediência às normas de trânsito pelo condutor";"Colisão transversal";"Sem Vítimas";"Pleno dia";"Crescente";"Céu Claro";"Simples";"Interseção de Vias;Retorno Regulamentado";"Não";2;0;0;0;2;0;0;2;-21,35863;-46,47358;"SPRF-MG";"DEL09-MG";"UOP01-DEL09-MG"
152138;2018-08-10;"sexta-feira";"16:00:00";"ES";101;384;"ICONHA";"Avarias e/ou desgaste excessivo no pneu";"Saída de leito carroçável";"Com Vítimas Feridas";"Pleno dia";"Crescente";"Sol";"Simples";"Reta";"Não";1;0;1;0;0;0;1;1;-20,83218124;-40,85983336;"SPRF-ES";"DEL03-ES";"UOP01-DEL03-ES"
152139;2018-08-10;"sexta-feira";"18:00:00";"DF";20;6;"BRASILIA";"Falta de Atenção à Condução";"Colisão lateral";"Com Vítimas Feridas";"Anoitecer";"Decrescente";"Nublado";"Dupla";"Reta";"Sim";2;0;1;0;1;0;1;2;-15,6615486;-47,8038643;"SPRF-DF";"DEL02-DF";"UOP01-DEL02-DF"
152140;2018-08-10;"sexta-feira";"08:00:00";"MG";116;548,9;"SANTA BARBARA DO LESTE";"Falta de Atenção à Condução";"Tombamento";"Com Vítimas Feridas";"Pleno dia";"Crescente";"Nublado";"Simples";"Reta";"Não";1;0;1;0;0;0;1;1;-19,95126;-42,13058;"SPRF-MG";"DEL06-MG";"UOP02-DEL06-MG"
152141;2018-08-10;"sexta-feira";"17:40:00";"SP";116;216;"GUARULHOS";"Desobediência às normas de trânsito pelo condutor";"Colisão lateral";"Com Vítimas Feridas";"Plena Noite";"Decrescente";"Céu Claro";"Múltipla";"Reta";"Sim";2;0;1;0;1;0;1;2;-23,45631757;-46,47972107;"SPRF-SP";"DEL01-SP";"UOP01-DEL01-SP"
152143;2018-08-10;"sexta-feira";"17:40:00";"DF";80;8,5;"BRASILIA";"Desobediência às normas de trânsito pelo condutor";"Colisão frontal";"Com Vítimas Feridas";"Anoitecer";"Decrescente";"Garoa/Chuvisco";"Simples";"Declive;Reta";"Não";3;0;2;0;1;0;2;3;-15,731198;-48,148598;"SPRF-DF";"DEL01-DF";"UOP02-DEL03-DF"
152144;2018-08-10;"sexta-feira";"17:40:00";"SC";101;123;"ITAJAI";"Desobediência às normas de trânsito pelo condutor";"Colisão transversal";"Com Vítimas Feridas";"Anoitecer";"Decrescente";"Céu Claro";"Dupla";"Rotatória";"Não";2;0;1;0;1;0;1;2;-26,9434;-48,6917;"SPRF-SC";"DEL04-SC";"UOP04-DEL04-SC"
152146;2018-08-10;"sexta-feira";"17:20:00";"MG";116;694,8;"MURIAE";"Objeto estático sobre o leito carroçável";"Tombamento";"Com Vítimas Feridas";"Anoitecer";"Decrescente";"Nublado";"Simples";"Reta";"Não";1;0;1;0;0;0;1;1;-21,044;-42,368;"SPRF-MG";"DEL07-MG";"UOP02-DEL07-MG"
152147;2018-08-10;"sexta-feira";"15:00:00";"AC";364;147;"RIO BRANCO";"Falta de Atenção à Condução";"Colisão lateral";"Com Vítimas Feridas";"Pleno dia";"Crescente";"Nublado";"Dupla";"Reta";"Não";5;0;1;0;4;0;1;2;-9,894361;-67,895401;"SPRF-AC";"DEL01-AC";"UOP01-DEL01-AC"
152149;2018-08-10;"sexta-feira";"17:10:00";"RO";174;13,1;"VILHENA";"Falta de Atenção à Condução";"Colisão transversal";"Com Vítimas Feridas";"Pleno dia";"Decrescente";"Nublado";"Dupla";"Interseção de Vias";"Sim";2;0;1;0;1;0;1;2;-12,7414;-60,130264;"SPRF-RO";"DEL04-RO";"UOP01-DEL04-RO"
152150;2018-08-10;"sexta-feira";"08:00:00";"BA";101;718;"EUNAPOLIS";"Falta de Atenção à Condução";"Colisão lateral";"Com Vítimas Feridas";"Pleno dia";"Crescente";"Céu Claro";"Simples";"Rotatória";"Sim";2;0;1;0;1;0;1;2;-16,3725;-39,5812;"SPRF-BA";"DEL09-BA";"UOP01-DEL09-BA"
152151;2018-08-10;"sexta-feira";"12:40:00";"BA";101;701,7;"EUNAPOLIS";"Falta de Atenção à Condução";"Colisão frontal";"Com Vítimas Feridas";"Pleno dia";"Crescente";"Céu Claro";"Simples";"Curva";"Não";2;0;0;2;0;0;2;2;-16,2616;-39,5882;"SPRF-BA";"DEL09-BA";"UOP01-DEL09-BA"
152152;2018-08-10;"sexta-feira";"18:40:00";"RN";101;83,3;"NATAL";"Não guardar distância de segurança";"Colisão traseira";"Sem Vítimas";"Plena Noite";"Decrescente";"Garoa/Chuvisco";"Dupla";"Reta";"Sim";2;0;0;0;2;0;0;2;-5,77150843;-35,26502967;"SPRF-RN";"DEL02-RN";"UOP01-DEL02-RN"
152153;2018-08-10;"sexta-feira";"18:55:00";"PR";277;82;"CURITIBA";"Falta de Atenção à Condução";"Colisão lateral";"Com Vítimas Feridas";"Plena Noite";"Crescente";"Céu Claro";"Dupla";"Reta";"Sim";3;0;1;0;2;0;1;3;-25,46032474;-49,22012329;"SPRF-PR";"DEL01-PR";"UOP01-DEL01-PR"
152154;2018-08-10;"sexta-feira";"19:00:00";"SP";116;219;"GUARULHOS";"Falta de Atenção à Condução";"Colisão lateral";"Com Vítimas Feridas";"Plena Noite";"Crescente";"Céu Claro";"Múltipla";"Reta";"Não";2;0;0;1;0;1;1;2;-23,46270011;-46,49338508;"SPRF-SP";"DEL01-SP";"UOP01-DEL01-SP"
152155;2018-08-10;"sexta-feira";"18:25:00";"SP";488;3,8;"APARECIDA";"Desobediência às normas de trânsito pelo condutor";"Colisão lateral";"Com Vítimas Feridas";"Anoitecer";"Crescente";"Céu Claro";"Dupla";"Declive";"Sim";2;0;1;0;1;0;1;2;-22,85809804;-45,24851233;"SPRF-SP";"DEL08-SP";"UOP01-DEL08-SP"
152156;2018-08-10;"sexta-feira";"18:30:00";"SC";101;138;"BALNEARIO CAMBORIU";"Não guardar distância de segurança";"Colisão traseira";"Com Vítimas Feridas";"Anoitecer";"Decrescente";"Céu Claro";"Dupla";"Reta";"Sim";2;0;1;0;1;0;1;2;-27,032;-48,6051;"SPRF-SC";"DEL04-SC";"UOP03-DEL04-SC"
152157;2018-08-10;"sexta-feira";"18:20:00";"MG";116;412,5;"GOVERNADOR VALADARES";"Falta de Atenção à Condução";"Colisão transversal";"Com Vítimas Feridas";"Plena Noite";"Crescente";"Céu Claro";"Múltipla";"Retorno Regulamentado";"Sim";2;0;1;0;1;0;1;2;-18,85114255;-41,9782877;"SPRF-MG";"DEL06-MG";"UOP01-DEL06-MG"
152158;2018-08-10;"sexta-feira";"19:10:00";"GO";40;3,4;"VALPARAISO DE GOIAS";"Falta de Atenção à Condução";"Colisão lateral";"Com Vítimas Feridas";"Plena Noite";"Crescente";"Céu Claro";"Dupla";"Reta";"Sim";3;0;1;0;2;0;1;2;-16,076081;-47,985671;"SPRF-DF";"DEL01-DF";"UOP01-DEL01-DF"
152159;2018-08-10;"sexta-feira";"13:20:00";"RJ";116;308;"RESENDE";"Falta de Atenção à Condução";"Colisão traseira";"Com Vítimas Feridas";"Pleno dia";"Crescente";"Céu Claro";"Simples";"Reta";"Não";2;0;0;1;0;1;1;2;-22,459236;-44,434776;"SPRF-RJ";"DEL07-RJ";"DEL5/7-UOP03/RJ"
152160;2018-08-10;"sexta-feira";"18:50:00";"PE";101;76,9;"JABOATAO DOS GUARARAPES";"Falta de Atenção do Pedestre";"Atropelamento de Pedestre";"Com Vítimas Feridas";"Plena Noite";"Crescente";"Céu Claro";"Dupla";"Reta";"Sim";2;0;1;0;1;0;1;2;-8,1284;-34,9439;"SPRF-PE";"DEL01-PE";"UOP01-DEL01-PE"
152162;2018-08-10;"sexta-feira";"19:15:00";"RS";470;174;"VERANOPOLIS";"Falta de Atenção à Condução";"Colisão frontal";"Com Vítimas Feridas";"Plena Noite";"Decrescente";"Nublado";"Simples";"Reta";"Sim";2;0;1;0;1;0;1;2;-28,93035493;-51,54232085;"SPRF-RS";"DEL06-RS";"UOP02-DEL06-RS"
152164;2018-08-10;"sexta-feira";"18:40:00";"SP";116;149;"SAO JOSE DOS CAMPOS";"Falta de Atenção à Condução";"Colisão traseira";"Com Vítimas Feridas";"Plena Noite";"Decrescente";"Céu Claro";"Múltipla";"Reta";"Sim";2;0;1;0;1;0;1;2;-23,20880022;-45,88789701;"SPRF-SP";"DEL02-SP";"UOP01-DEL02-SP"
152165;2018-08-10;"sexta-feira";"18:42:00";"SC";101;0,8;"GARUVA";"Falta de Atenção à Condução";"Queda de ocupante de veículo";"Com Vítimas Feridas";"Plena Noite";"Crescente";"Céu Claro";"Dupla";"Curva";"Não";2;0;2;0;0;0;2;1;-25,98750126;-48,88461113;"SPRF-SC";"DEL03-SC";"UOP01-DEL03-SC"
152166;2018-08-10;"sexta-feira";"19:40:00";"SC";101;241;"PALHOCA";"Falta de Atenção à Condução";"Saída de leito carroçável";"Com Vítimas Feridas";"Plena Noite";"Crescente";"Nublado";"Dupla";"Curva";"Sim";1;0;1;0;0;0;1;1;-27,8782;-48,647;"SPRF-SC";"DEL01-SC";"UOP02-DEL01-SC"
152167;2018-08-10;"sexta-feira";"19:00:00";"SP";116;215;"GUARULHOS";"Falta de Atenção à Condução";"Colisão lateral";"Com Vítimas Feridas";"Plena Noite";"Crescente";"Céu Claro";"Múltipla";"Reta";"Sim";2;0;1;0;0;1;1;2;-23,44793171;-46,456815;"SPRF-SP";"DEL01-SP";"UOP01-DEL01-SP"
152168;2018-03-28;"quarta-feira";"21:00:00";"RO";429;290;"SAO FRANCISCO DO GUAPORE";"Animais na Pista";"Atropelamento de Animal";"Com Vítimas Feridas";"Plena Noite";"Crescente";"Céu Claro";"Simples";"Reta";"Não";2;0;1;1;0;0;2;1;-12,063416;-63,614349;"SPRF-RO";"DEL02-RO";"UOP03-DEL02-RO"
152170;2018-08-10;"sexta-feira";"15:50:00";"PB";230;147,1;"CAMPINA GRANDE";"Não guardar distância de segurança";"Colisão traseira";"Com Vítimas Feridas";"Pleno dia";"Decrescente";"Céu Claro";"Dupla";"Declive";"Não";2;0;0;1;1;0;1;2;-7,2425;-35,8567;"SPRF-PB";"DEL02-PB";"UOP01-DEL02-PB"
152171;2018-08-10;"sexta-feira";"19:10:00";"RS";285;197,2;"LAGOA VERMELHA";"Desobediência às normas de trânsito pelo condutor";"Colisão transversal";"Com Vítimas Feridas";"Plena Noite";"Crescente";"Nublado";"Simples";"Interseção de Vias";"Sim";1;0;1;0;0;0;1;1;-28,21376342;-51,51020408;"SPRF-RS";"DEL08-RS";"UOP05-DEL08-RS"
152172;2018-08-10;"sexta-feira";"19:40:00";"MG";354;716,2;"POUSO ALTO";"Velocidade Incompatível";"Colisão com objeto estático";"Com Vítimas Feridas";"Plena Noite";"Crescente";"Céu Claro";"Simples";"Curva";"Não";4;0;4;0;0;0;4;1;-22,13030899;-44,96921541;"SPRF-MG";"DEL05-MG";"DEL5/4-UOP01/MG"
152174;2018-07-25;"quarta-feira";"22:10:00";"BA";324;625;"SALVADOR";"Falta de Atenção à Condução";"Queda de ocupante de veículo";"Com Vítimas Feridas";"Plena Noite";"Crescente";"Céu Claro";"Dupla";"Reta";"Sim";1;0;1;0;0;0;1;1;-12,9542769;-38,4713218;"SPRF-BA";"DEL01-BA";"UOP01-DEL01-BA"
152175;2018-08-10;"sexta-feira";"19:30:00";"ES";101;266,7;"SERRA";"Falta de Atenção à Condução";"Colisão transversal";"Com Vítimas Feridas";"Plena Noite";"Crescente";"Céu Claro";"Múltipla";"Reta";"Sim";3;0;1;1;1;0;2;2;-20,1967454;-40,26881129;"SPRF-ES";"DEL02-ES";"UOP01-DEL02-ES"
152176;2018-08-10;"sexta-feira";"20:00:00";"PA";163;1004;"SANTAREM";"Ingestão de Álcool";"Atropelamento de Pedestre";"Com Vítimas Feridas";"Plena Noite";"Decrescente";"Céu Claro";"Dupla";"Reta";"Sim";2;0;1;0;1;0;1;2;-2,43141658;-54,73435611;"SPRF-PA";"DEL05-PA";"UOP01-DEL05-PA"
152177;2018-08-10;"sexta-feira";"20:00:00";"SC";101;123;"ITAJAI";"Não guardar distância de segurança";"Colisão traseira";"Com Vítimas Feridas";"Plena Noite";"Decrescente";"Céu Claro";"Dupla";"Viaduto";"Não";4;0;1;0;3;0;1;4;-26,9434;-48,6917;"SPRF-SC";"DEL04-SC";"UOP04-DEL04-SC"
152179;2018-08-10;"sexta-feira";"19:20:00";"MS";262;551,9;"MIRANDA";"Desobediência às normas de trânsito pelo condutor";"Colisão transversal";"Com Vítimas Fatais";"Plena Noite";"Crescente";"Céu Claro";"Simples";"Reta";"Não";11;1;8;0;1;1;8;3;-20,25980669;-56,34481877;"SPRF-MS";"DEL03-MS";"UOP02-DEL03-MS"
152180;2018-08-10;"sexta-feira";"18:15:00";"RJ";393;106;"SAPUCAIA";"Falta de Atenção à Condução";"Queda de ocupante de veículo";"Com Vítimas Feridas";"Plena Noite";"Decrescente";"Céu Claro";"Simples";"Reta";"Sim";2;0;0;1;1;0;1;1;-21,874243;-42,66758;"SPRF-RJ";"DEL06-RJ";"UOP01-DEL05-RJ"
152183;2018-07-13;"sexta-feira";"21:40:00";"PB";230;49,5;"SANTA RITA";"Falta de Atenção do Pedestre";"Atropelamento de Pedestre";"Com Vítimas Feridas";"Plena Noite";"Crescente";"Céu Claro";"Dupla";"Reta";"Não";3;0;0;2;0;1;2;2;-7,18382637;-35,0532639;"SPRF-PB";"DEL01-PB";"UOP03-DEL01-PB"
152184;2018-08-10;"sexta-feira";"18:35:00";"GO";60;47;"ABADIANIA";"Ingestão de Álcool";"Saída de leito carroçável";"Com Vítimas Feridas";"Plena Noite";"Crescente";"Céu Claro";"Dupla";"Curva";"Não";1;0;1;0;0;0;1;1;-16,1449688;-48,60104263;"SPRF-GO";"DEL02-GO";"UOP01-DEL02-GO"
152187;2018-08-10;"sexta-feira";"17:40:00";"PI";343;322,3;"ALTOS";"Desobediência às normas de trânsito pelo condutor";"Tombamento";"Com Vítimas Feridas";"Plena Noite";"Decrescente";"Céu Claro";"Simples";"Reta";"Não";3;0;2;0;1;0;2;2;-5,05520749;-42,58564711;"SPRF-PI";"DEL01-PI";"UOP01-DEL01-PI"
152190;2018-08-10;"sexta-feira";"20:30:00";"MT";70;7;"BARRA DO GARCAS";"Defeito na Via";"Queda de ocupante de veículo";"Com Vítimas Feridas";"Plena Noite";"Crescente";"Céu Claro";"Simples";"Reta";"Sim";2;0;1;0;1;0;1;1;-15,878143;-52,316788;"SPRF-MT";"DEL07-MT";"UOP01-DEL07-MT"
152191;2018-08-10;"sexta-feira";"20:40:00";"MG";365;612;"UBERLANDIA";"Desobediência às normas de trânsito pelo condutor";"Colisão traseira";"Com Vítimas Feridas";"Plena Noite";"Crescente";"Céu Claro";"Simples";"Interseção de Vias";"Sim";4;0;1;0;3;0;1;3;-18,93032;-48,18996191;"SPRF-MG";"DEL15-MG";"UOP01-DEL15-MG"
152193;2018-08-10;"sexta-feira";"21:20:00";"MG";262;191,8;"BELA VISTA DE MINAS";"Avarias e/ou desgaste excessivo no pneu";"Queda de ocupante de veículo";"Com Vítimas Feridas";"Plena Noite";"Decrescente";"Nublado";"Simples";"Declive;Reta";"Não";2;0;2;0;0;0;2;1;-19,87508463;-43,07564378;"SPRF-MG";"DEL03-MG";"UOP01-DEL03-MG"
152194;2018-08-10;"sexta-feira";"21:30:00";"RS";290;97;"PORTO ALEGRE";"Falta de Atenção do Pedestre";"Atropelamento de Pedestre";"Com Vítimas Fatais";"Plena Noite";"Crescente";"Garoa/Chuvisco";"Dupla";"Reta";"Não";2;1;0;0;1;0;0;2;-29,99526953;-51,21512353;"SPRF-RS";"DEL01-RS";"UOP01-DEL01-RS"
152196;2018-08-10;"sexta-feira";"22:10:00";"GO";50;98;"CRISTALINA";"Desobediência às normas de trânsito pelo condutor";"Colisão transversal";"Com Vítimas Feridas";"Plena Noite";"Decrescente";"Céu Claro";"Simples";"Reta";"Sim";2;0;1;0;1;0;1;2;-16,9309;-47,7117;"SPRF-DF";"DEL01-DF";"UOP02-DEL01-DF"
152197;2018-07-15;"domingo";"08:00:00";"RO";364;755;"PORTO VELHO";"Falta de Atenção à Condução";"Tombamento";"Com Vítimas Feridas";"Pleno dia";"Decrescente";"Ignorado";"Simples";"Reta";"Não";1;0;1;0;0;0;1;1;-9;-64;"SPRF-RO";"DEL01-RO";"UOP02-DEL01-RO"
152199;2018-08-10;"sexta-feira";"22:00:00";"SP";116;220,7;"GUARULHOS";"Desobediência às normas de trânsito pelo pedestre";"Atropelamento de Pedestre";"Com Vítimas Feridas";"Plena Noite";"Decrescente";"Céu Claro";"Múltipla";"Reta";"Sim";2;0;1;0;1;0;1;2;-23,46663184;-46,50555611;"SPRF-SP";"DEL01-SP";"UOP01-DEL01-SP"
152200;2018-08-10;"sexta-feira";"22:40:00";"PR";116;91;"SAO JOSE DOS PINHAIS";"Defeito na Via";"Queda de ocupante de veículo";"Sem Vítimas";"Plena Noite";"Crescente";"Nublado";"Dupla";"Reta";"Não";1;0;0;0;1;0;0;1;-25,50582103;-49,12230849;"SPRF-PR";"DEL01-PR";"UOP01-DEL01-PR"
152202;2018-08-10;"sexta-feira";"18:45:00";"SP";381;87;"GUARULHOS";"Não guardar distância de segurança";"Colisão traseira";"Com Vítimas Feridas";"Plena Noite";"Crescente";"Céu Claro";"Múltipla";"Reta";"Sim";3;0;1;0;2;0;1;2;-23,47419972;-46,56137824;"SPRF-SP";"DEL03-SP";"DEL6/3-UOP03/SP"
152203;2018-08-10;"sexta-feira";"23:00:00";"RJ";40;113;"DUQUE DE CAXIAS";"Não guardar distância de segurança";"Colisão traseira";"Com Vítimas Feridas";"Plena Noite";"Decrescente";"Céu Claro";"Múltipla";"Reta";"Não";3;0;1;1;1;0;2;2;-22,70580973;-43,29023123;"SPRF-RJ";"DEL01-RJ";"UOP01-DEL01-RJ"
152205;2018-08-10;"sexta-feira";"22:55:00";"PR";277;594,3;"CASCAVEL";"Falta de Atenção à Condução";"Colisão traseira";"Com Vítimas Feridas";"Plena Noite";"Crescente";"Céu Claro";"Simples";"Reta";"Sim";2;0;1;0;1;0;1;2;-25,02817;-53,55983;"SPRF-PR";"DEL04-PR";"UOP01-DEL04-PR"
152207;2018-08-10;"sexta-feira";"19:00:00";"AM";174;886;"MANAUS";"Ingestão de Álcool";"Colisão lateral";"Com Vítimas Feridas";"Plena Noite";"Crescente";"Céu Claro";"Simples";"Aclive";"Não";2;0;0;1;1;0;1;2;-2,93412626;-60,03444672;"SPRF-AM";"DEL01-AM";"UOP01-DEL01-AM"
152208;2018-08-10;"sexta-feira";"21:00:00";"RJ";116;79;"TERESOPOLIS";"Falta de Atenção à Condução";"Colisão lateral";"Com Vítimas Feridas";"Plena Noite";"Decrescente";"Ignorado";"Simples";"Reta";"Não";3;0;0;1;2;0;1;2;-22,40684417;-42,95190811;"SPRF-RJ";"DEL04-RJ";"UOP01-DEL04-RJ"
152209;2018-08-10;"sexta-feira";"21:40:00";"MG";381;456,7;"BELO HORIZONTE";"Restrição de Visibilidade";"Atropelamento de Pedestre";"Com Vítimas Feridas";"Plena Noite";"Decrescente";"Céu Claro";"Simples";"Reta";"Sim";2;0;0;1;1;0;1;2;-19,8419665;-43,87218475;"SPRF-MG";"DEL01-MG";"UOP01-DEL01-MG"
152210;2018-08-10;"sexta-feira";"16:45:00";"PR";476;12;"ADRIANOPOLIS";"Desobediência às normas de trânsito pelo condutor";"Queda de ocupante de veículo";"Com Vítimas Feridas";"Pleno dia";"Decrescente";"Céu Claro";"Simples";"Curva";"Não";1;0;0;1;0;0;1;1;-24,656624;-48,994186;"SPRF-PR";"DEL01-PR";"UOP01-DEL01-PR"
152212;2018-08-10;"sexta-feira";"20:30:00";"MG";381;942,3;"EXTREMA";"Falta de Atenção à Condução";"Colisão traseira";"Com Vítimas Feridas";"Plena Noite";"Crescente";"Céu Claro";"Dupla";"Reta";"Não";3;0;0;1;0;2;1;2;-22,8381;-46,3278;"SPRF-MG";"DEL16-MG";"UOP03-DEL16-MG"
152215;2018-08-10;"sexta-feira";"23:15:00";"MG";40;618;"CONGONHAS";"Falta de Atenção à Condução";"Colisão traseira";"Sem Vítimas";"Plena Noite";"Crescente";"Céu Claro";"Simples";"Reta";"Não";1;0;0;0;1;0;0;1;-20,5715;-43,8116;"SPRF-MG";"DEL05-MG";"UOP02-DEL05-MG"
152216;2018-08-10;"sexta-feira";"23:50:00";"SC";470;128;"LONTRAS";"Falta de Atenção à Condução";"Colisão transversal";"Com Vítimas Feridas";"Plena Noite";"Decrescente";"Céu Claro";"Simples";"Reta";"Sim";2;0;1;0;1;0;1;2;-27,13416027;-49,54007864;"SPRF-SC";"DEL04-SC";"UOP02-DEL04-SC"
152217;2018-08-10;"sexta-feira";"22:15:00";"RS";471;171,2;"RIO PARDO";"Agressão Externa";"Saída de leito carroçável";"Sem Vítimas";"Plena Noite";"Decrescente";"Céu Claro";"Simples";"Reta;Declive";"Sim";2;0;0;0;2;0;0;1;-29,95716548;-52,37096786;"SPRF-RS";"DEL02-RS";"UOP02-DEL02-RS"
152218;2018-08-10;"sexta-feira";"23:30:00";"RS";285;534,3;"CAIBATE";"Falta de Atenção à Condução";"Saída de leito carroçável";"Com Vítimas Feridas";"Plena Noite";"Crescente";"Céu Claro";"Simples";"Reta";"Não";1;0;1;0;0;0;1;1;-28,40251;-54,631683;"SPRF-RS";"DEL10-RS";"UOP01-DEL10-RS"
152219;2018-08-10;"sexta-feira";"23:00:00";"SC";101;208;"SAO JOSE";"Ingestão de Álcool";"Colisão com objeto estático";"Sem Vítimas";"Plena Noite";"Crescente";"Céu Claro";"Dupla";"Reta";"Sim";1;0;0;0;1;0;0;1;-27,60327493;-48,63227335;"SPRF-SC";"DEL01-SC";"UOP01-DEL01-SC"
152221;2018-08-11;"sábado";"00:00:00";"GO";20;26;"FORMOSA";"Condutor Dormindo";"Saída de leito carroçável";"Sem Vítimas";"Pleno dia";"Crescente";"Céu Claro";"Simples";"Reta";"Não";1;0;0;0;1;0;0;1;-15,528576;-47,129608;"SPRF-DF";"DEL02-DF";"UOP01-DEL02-DF"
152223;2018-08-11;"sábado";"00:00:00";"MT";163;90;"RONDONOPOLIS";"Condutor Dormindo";"Saída de leito carroçável";"Com Vítimas Feridas";"Plena Noite";"Crescente";"Céu Claro";"Dupla";"Reta";"Não";1;0;1;0;0;0;1;1;-16,740517;-54,645943;"SPRF-MT";"DEL02-MT";"DEL2/2-UOP02/MT"