"id";"data_inversa";"dia_semana";"horario";"uf";"br";"km";"municipio";"causa_acidente";"tipo_acidente";"classificacao_acidente";"fase_dia";"sentido_via";"condicao_metereologica";"tipo_pista";"tracado_via";"uso_solo";"pessoas";"mortos";"feridos_leves";"feridos_graves";"ilesos";"ignorados";"feridos";"veiculos";"latitude";"longitude";"regional";"delegacia";"uop"
152225;2018-08-11;"sábado";"01:20:00";"PE";407;127;"PETROLINA";"Desobediência às normas de trânsito pelo condutor";"Colisão lateral";"Com Vítimas Feridas";"Plena Noite";"Decrescente";"Céu Claro";"Simples";"Interseção de Vias";"Sim";5;0;2;1;2;0;3;2;-9,39131469;-40,51895142;"SPRF-PE";"DEL06-PE";"UOP01-DEL06-PE"
152228;2018-08-11;"sábado";"02:30:00";"MG";381;658,3;"SANTO ANTONIO DO AMPARO";"Defeito Mecânico no Veículo";"Colisão com objeto estático";"Sem Vítimas";"Plena Noite";"Crescente";"Céu Claro";"Múltipla";"Reta";"Não";2;0;0;0;2;0;0;2;-21,00015733;-44,96671731;"SPRF-MG";"DEL04-MG";"UOP02-DEL04-MG"
152229;2018-08-11;"sábado";"02:00:00";"SP";116;218;"GUARULHOS";"Velocidade Incompatível";"Colisão frontal";"Com Vítimas Feridas";"Plena Noite";"Crescente";"Céu Claro";"Simples";"Curva";"Sim";2;0;1;0;1;0;1;2;-23,46049062;-46,48834705;"SPRF-SP";"DEL01-SP";"UOP01-DEL01-SP"
152231;2018-08-11;"sábado";"03:30:00";"ES";101;144;"LINHARES";"Ingestão de Álcool";"Capotamento";"Com Vítimas Feridas";"Plena Noite";"Crescente";"Céu Claro";"Dupla";"Reta";"Sim";2;0;1;0;1;0;1;1;-19,35180108;-40,06344795;"SPRF-ES";"DEL04-ES";"UOP01-DEL04-ES"
152233;2018-08-11;"sábado";"02:20:00";"PR";476;347;"PAULA FREITAS";"Ingestão de Álcool";"Saída de leito carroçável";"Com Vítimas Feridas";"Plena Noite";"Decrescente";"Céu Claro";"Simples";"Curva";"Não";2;0;2;0;0;0;2;1;-26,179875;-50,951;"SPRF-PR";"DEL02-PR";"UOP03-DEL02-PR"
152236;2018-08-11;"sábado";"04:30:00";"SC";101;138;"BALNEARIO CAMBORIU";"Não guardar distância de segurança";"Colisão traseira";"Sem Vítimas";"Plena Noite";"Decrescente";"Céu Claro";"Simples";"Reta";"Sim";2;0;0;0;2;0;0;2;-27,032;-48,6051;"SPRF-SC";"DEL04-SC";"UOP03-DEL04-SC"
152237;2018-08-11;"sábado";"04:00:00";"PR";369;510;"CASCAVEL";"Falta de Atenção à Condução";"Colisão transversal";"Com Vítimas Feridas";"Plena Noite";"Decrescente";"Céu Claro";"Simples";"Interseção de Vias;Reta";"Não";3;0;1;0;2;0;1;2;-24,8631059;-53,3369876;"SPRF-PR";"DEL04-PR";"UOP01-DEL04-PR"
152243;2018-08-11;"sábado";"02:30:00";"PA";316;0,9;"ANANINDEUA";"Ingestão de Álcool";"Colisão traseira";"Sem Vítimas";"Plena Noite";"Crescente";"Céu Claro";"Dupla";"Reta";"Sim";3;0;0;0;3;0;0;3;-1,405913;-48,43406;"SPRF-PA";"DEL01-PA";"DEL19/1-UOP05/PA"
152244;2018-08-11;"sábado";"05:20:00";"PR";163;295;"MARECHAL CANDIDO RONDON";"Falta de Atenção à Condução";"Colisão frontal";"Com Vítimas Fatais";"Amanhecer";"Crescente";"Céu Claro";"Simples";"Curva";"Não";6;4;0;2;0;0;2;2;-24,5141;-54,1161;"SPRF-PR";"DEL06-PR";"UOP02-DEL06-PR"
152246;2018-08-11;"sábado";"05:30:00";"PI";316;3;"TERESINA";"Desobediência às normas de trânsito pelo condutor";"Colisão transversal";"Com Vítimas Feridas";"Amanhecer";"Decrescente";"Céu Claro";"Dupla";"Reta";"Sim";2;0;1;1;0;0;2;2;-5,128264;-42,792923;"SPRF-PI";"DEL01-PI";"UOP02-DEL01-PI"
152247;2018-08-11;"sábado";"06:15:00";"ES";101;327;"GUARAPARI";"Falta de Atenção à Condução";"Saída de leito carroçável";"Com Vítimas Feridas";"Amanhecer";"Crescente";"Nublado";"Simples";"Curva";"Não";1;0;1;0;0;0;1;1;-20,57101479;-40,48413858;"SPRF-ES";"DEL03-ES";"UOP01-DEL03-ES"
152248;2018-08-11;"sábado";"06:00:00";"SC";101;21;"JOINVILLE";"Velocidade Incompatível";"Colisão com objeto estático";"Com Vítimas Feridas";"Amanhecer";"Decrescente";"Céu Claro";"Dupla";"Curva";"Não";1;0;1;0;0;0;1;1;-26,1480321;-48,90905142;"SPRF-SC";"DEL03-SC";"UOP01-DEL03-SC"
152250;2018-08-11;"sábado";"04:40:00";"MT";364;270;"JACIARA";"Falta de Atenção à Condução";"Colisão traseira";"Com Vítimas Feridas";"Plena Noite";"Decrescente";"Céu Claro";"Simples";"Reta";"Não";3;0;1;1;0;1;2;2;-15,968979;-54,94463;"SPRF-MT";"DEL02-MT";"UOP02-DEL05-MT"
152253;2018-08-11;"sábado";"04:23:00";"RJ";116;315;"ITATIAIA";"Falta de Atenção à Condução";"Colisão com objeto estático";"Com Vítimas Feridas";"Plena Noite";"Decrescente";"Céu Claro";"Dupla";"Viaduto";"Não";3;0;2;0;1;0;2;2;-22,47354076;-44,52355385;"SPRF-RJ";"DEL07-RJ";"DEL5/7-UOP03/RJ"
152254;2018-08-11;"sábado";"05:00:00";"PR";116;111,5;"CURITIBA";"Ingestão de Álcool";"Colisão com objeto estático";"Sem Vítimas";"Amanhecer";"Crescente";"Céu Claro";"Dupla";"Reta";"Não";1;0;0;0;1;0;0;1;-25,55651575;-49,2710172;"SPRF-PR";"DEL01-PR";"UOP01-DEL01-PR"
152255;2018-08-11;"sábado";"05:40:00";"MT";163;1036;"MATUPA";"Ingestão de Álcool";"Colisão lateral";"Com Vítimas Fatais";"Amanhecer";"Crescente";"Céu Claro";"Simples";"Reta";"Não";4;1;1;2;0;0;3;2;-10;-54;"SPRF-MT";"DEL06-MT";"UOP02-DEL06-MT"
152256;2018-08-11;"sábado";"06:30:00";"MG";40;508;"RIBEIRAO DAS NEVES";"Falta de Atenção à Condução";"Colisão traseira";"Com Vítimas Feridas";"Pleno dia";"Crescente";"Céu Claro";"Dupla";"Reta";"Sim";2;0;0;1;1;0;1;2;-19,7699;-44,1272;"SPRF-MG";"DEL02-MG";"UOP01-DEL02-MG"
152258;2018-08-11;"sábado";"06:30:00";"SP";101;40,8;"UBATUBA";"Falta de Atenção à Condução";"Colisão traseira";"Com Vítimas Feridas";"Amanhecer";"Crescente";"Nublado";"Simples";"Reta";"Não";3;0;1;0;0;2;1;2;-23,41906926;-45,04368782;"SPRF-SP";"DEL06-SP";"UOP01-DEL06-SP"
152259;2018-08-11;"sábado";"03:35:00";"MG";40;503,9;"ESMERALDAS";"Desobediência às normas de trânsito pelo condutor";"Atropelamento de Pedestre";"Com Vítimas Feridas";"Plena Noite";"Crescente";"Céu Claro";"Dupla";"Reta";"Não";2;0;0;1;0;1;1;2;-19,7353;-44,1505;"SPRF-MG";"DEL02-MG";"UOP01-DEL02-MG"
152260;2018-08-11;"sábado";"06:10:00";"MS";163;677;"RIO VERDE DE MATO GROSSO";"Ultrapassagem Indevida";"Colisão lateral";"Sem Vítimas";"Pleno dia";"Decrescente";"Céu Claro";"Múltipla";"Declive";"Não";4;0;0;0;4;0;0;1;-18,93843865;-54,83070374;"SPRF-MS";"DEL06-MS";"UOP02-DEL06-MS"
152263;2018-08-11;"sábado";"07:15:00";"SC";101;193;"BIGUACU";"Restrição de Visibilidade";"Queda de ocupante de veículo";"Com Vítimas Feridas";"Pleno dia";"Decrescente";"Sol";"Dupla";"Reta";"Sim";1;0;1;0;0;0;1;1;-27,4982;-48,6565;"SPRF-SC";"DEL01-SC";"UOP01-DEL01-SC"
152265;2018-08-11;"sábado";"07:30:00";"DF";70;12;"BRASILIA";"Não guardar distância de segurança";"Colisão lateral";"Com Vítimas Feridas";"Pleno dia";"Decrescente";"Céu Claro";"Dupla";"Reta";"Sim";2;0;1;0;1;0;1;2;-15,792243;-48,158543;"SPRF-DF";"DEL01-DF";"UOP02-DEL03-DF"
152266;2018-08-11;"sábado";"07:20:00";"PR";277;723,7;"FOZ DO IGUACU";"Falta de Atenção à Condução";"Colisão lateral";"Com Vítimas Feridas";"Pleno dia";"Crescente";"Céu Claro";"Dupla";"Reta";"Sim";2;0;1;0;1;0;1;2;-25,50169031;-54,53651369;"SPRF-PR";"DEL05-PR";"UOP01-DEL05-PR"
152268;2018-08-11;"sábado";"05:40:00";"RO";319;63,8;"PORTO VELHO";"Condutor Dormindo";"Colisão lateral";"Com Vítimas Feridas";"Amanhecer";"Decrescente";"Céu Claro";"Dupla";"Reta";"Sim";2;0;1;0;1;0;1;2;-8,76799323;-63,88377607;"SPRF-RO";"DEL01-RO";"UOP01-DEL01-RO"
152271;2018-08-11;"sábado";"07:30:00";"SP";153;64,9;"SAO JOSE DO RIO PRETO";"Defeito na Via";"Tombamento";"Com Vítimas Feridas";"Pleno dia";"Crescente";"Sol";"Simples";"Declive;Reta;Em Obras";"Sim";1;0;1;0;0;0;1;1;-20,83489865;-49,36531479;"SPRF-SP";"DEL09-SP";"UOP01-DEL09-SP"
152272;2018-08-11;"sábado";"07:45:00";"RS";116;301,7;"GUAIBA";"Condutor Dormindo";"Colisão traseira";"Com Vítimas Feridas";"Pleno dia";"Crescente";"Nublado";"Dupla";"Reta";"Sim";2;0;1;0;1;0;1;2;-30,1379318;-51,3567977;"SPRF-RS";"DEL02-RS";"UOP01-DEL02-RS"
152274;2018-08-11;"sábado";"07:15:00";"CE";116;87;"CASCAVEL";"Ultrapassagem Indevida";"Colisão frontal";"Com Vítimas Fatais";"Pleno dia";"Decrescente";"Céu Claro";"Simples";"Reta";"Não";5;2;0;3;0;0;3;2;-4,44859141;-38,38116646;"SPRF-CE";"DEL03-CE";"UOP02-DEL03-CE"
152278;2018-08-11;"sábado";"07:00:00";"RS";285;324,1;"CARAZINHO";"Ultrapassagem Indevida";"Saída de leito carroçável";"Com Vítimas Feridas";"Pleno dia";"Crescente";"Nublado";"Simples";"Curva";"Não";3;0;2;0;1;0;2;1;-28,26968892;-52,65704155;"SPRF-RS";"DEL08-RS";"UOP03-DEL08-RS"
152279;2018-06-28;"quinta-feira";"13:50:00";"PB";230;20,6;"JOAO PESSOA";"Falta de Atenção à Condução";"Colisão traseira";"Com Vítimas Feridas";"Pleno dia";"Decrescente";"Sol";"Dupla";"Reta";"Não";2;0;1;0;1;0;1;2;-7,14492467;-34,85101461;"SPRF-PB";"DEL01-PB";"UOP01-DEL01-PB"
152280;2018-08-11;"sábado";"07:00:00";"MT";163;719,8;"SORRISO";"Avarias e/ou desgaste excessivo no pneu";"Queda de ocupante de veículo";"Com Vítimas Feridas";"Pleno dia";"Crescente";"Céu Claro";"Simples";"Reta";"Não";1;0;1;0;0;0;1;1;-12,6885641;-55,8045164;"SPRF-MT";"DEL06-MT";"UOP01-DEL06-MT"
152281;2018-08-11;"sábado";"08:30:00";"PA";163;990;"SANTAREM";"Falta de Atenção à Condução";"Colisão traseira";"Com Vítimas Feridas";"Pleno dia";"Decrescente";"Céu Claro";"Simples";"Reta";"Sim";2;0;1;0;1;0;1;2;-2,55063213;-54,72275586;"SPRF-PA";"DEL05-PA";"UOP01-DEL05-PA"
152282;2018-08-11;"sábado";"07:45:00";"MT";163;827;"SINOP";"Falta de Atenção à Condução";"Colisão traseira";"Com Vítimas Feridas";"Amanhecer";"Crescente";"Céu Claro";"Dupla";"Retorno Regulamentado";"Sim";1;0;1;0;0;0;1;1;-11,88199525;-55,50058785;"SPRF-MT";"DEL06-MT";"UOP01-DEL06-MT"
152284;2018-08-11;"sábado";"09:10:00";"SC";470;19;"ILHOTA";"Falta de Atenção à Condução";"Colisão frontal";"Com Vítimas Feridas";"Pleno dia";"Crescente";"Sol";"Simples";"Reta";"Não";2;0;1;0;1;0;1;2;-26,86297435;-48,81460011;"SPRF-SC";"DEL04-SC";"UOP04-DEL04-SC"
152285;2018-08-11;"sábado";"09:00:00";"MG";40;614;"CONGONHAS";"Carga excessiva e/ou mal acondicionada";"Colisão com objeto em movimento";"Com Vítimas Feridas";"Pleno dia";"Crescente";"Céu Claro";"Simples";"Reta";"Sim";2;0;1;0;1;0;1;2;-20,539;-43,8208;"SPRF-MG";"DEL05-MG";"UOP02-DEL05-MG"
152287;2018-08-11;"sábado";"06:35:00";"AM";319;0,8;"MANAUS";"Falta de Atenção à Condução";"Tombamento";"Com Vítimas Feridas";"Amanhecer";"Crescente";"Céu Claro";"Dupla";"Declive;Reta";"Sim";2;0;1;0;1;0;1;1;-3,13434556;-59,94038701;"SPRF-AM";"DEL01-AM";"UOP03/AM"
152289;2018-08-11;"sábado";"10:00:00";"PR";376;601;"CURITIBA";"Falta de Atenção à Condução";"Saída de leito carroçável";"Com Vítimas Feridas";"Pleno dia";"Decrescente";"Céu Claro";"Dupla";"Reta";"Sim";1;0;1;0;0;0;1;1;-25,49410785;-49,34234619;"SPRF-PR";"DEL01-PR";"UOP06-DEL01-PR"
152291;2018-08-11;"sábado";"05:00:00";"SP";381;89;"GUARULHOS";"Falta de Atenção à Condução";"Colisão traseira";"Com Vítimas Feridas";"Plena Noite";"Decrescente";"Céu Claro";"Múltipla";"Reta";"Sim";2;0;1;0;1;0;1;2;-23,49158747;-46,55896056;"SPRF-SP";"DEL03-SP";"DEL6/3-UOP03/SP"
152295;2018-08-11;"sábado";"10:00:00";"MG";40;553;"NOVA LIMA";"Falta de Atenção à Condução";"Colisão traseira";"Com Vítimas Feridas";"Pleno dia";"Crescente";"Céu Claro";"Dupla";"Reta";"Sim";2;0;1;1;0;0;2;2;-20,06838745;-43,98204267;"SPRF-MG";"DEL01-MG";"UOP02-DEL01-MG"
152296;2018-08-11;"sábado";"10:20:00";"BA";324;515,2;"FEIRA DE SANTANA";"Falta de Atenção à Condução";"Colisão transversal";"Com Vítimas Feridas";"Pleno dia";"Decrescente";"Sol";"Simples";"Reta";"Sim";2;0;1;0;1;0;1;2;-12,24709837;-38,93465571;"SPRF-BA";"DEL02-BA";"UOP01-DEL02-BA"
152297;2018-08-11;"sábado";"09:13:00";"AP";210;6;"MACAPA";"Desobediência às normas de trânsito pelo condutor";"Colisão traseira";"Com Vítimas Feridas";"Pleno dia";"Decrescente";"Céu Claro";"Dupla";"Reta";"Sim";2;0;1;0;1;0;1;2;0,09349;-51,112221;"SPRF-AP";"DEL01-AP";"UOP01-DEL01-AP"
152298;2018-07-26;"quinta-feira";"16:00:00";"MG";262;558;"CORREGO DANTA";"Desobediência às normas de trânsito pelo condutor";"Colisão frontal";"Com Vítimas Feridas";"Pleno dia";"Crescente";"Céu Claro";"Simples";"Curva";"Não";4;0;0;4;0;0;4;2;-19,740187;-45,860352;"SPRF-MG";"DEL08-MG";"UOP02-DEL08-MG"
152299;2018-08-11;"sábado";"08:50:00";"PR";476;125;"CURITIBA";"Falta de Atenção do Pedestre";"Atropelamento de Pedestre";"Com Vítimas Feridas";"Pleno dia";"Decrescente";"Céu Claro";"Múltipla";"Reta";"Sim";2;0;1;0;1;0;1;2;-25,4083;-49,219658;"SPRF-PR";"DEL01-PR";"UOP07-DEL01-PR"
152300;2018-08-11;"sábado";"11:00:00";"SC";116;55,6;"PAPANDUVA";"Falta de Atenção à Condução";"Colisão transversal";"Com Vítimas Feridas";"Pleno dia";"Decrescente";"Céu Claro";"Simples";"Reta";"Não";2;0;0;1;1;0;1;2;-26,394484;-50,164799;"SPRF-SC";"DEL06-SC";"UOP02-DEL06-SC"
152301;2018-08-11;"sábado";"09:00:00";"MG";116;276;"TEOFILO OTONI";"Falta de Atenção à Condução";"Colisão traseira";"Com Vítimas Feridas";"Pleno dia";"Decrescente";"Sol";"Simples";"Reta";"Sim";1;0;1;0;0;0;1;1;-17,856055;-41,514526;"SPRF-MG";"DEL11-MG";"UOP01-DEL11-MG"
152302;2018-08-11;"sábado";"09:50:00";"SP";116;112,9;"TAUBATE";"Avarias e/ou desgaste excessivo no pneu";"Tombamento";"Com Vítimas Feridas";"Pleno dia";"Crescente";"Sol";"Dupla";"Reta";"Sim";2;0;2;0;0;0;2;1;-23,04410585;-45,58106303;"SPRF-SP";"DEL06-SP";"UOP02-DEL02-SP"
152303;2018-08-11;"sábado";"09:40:00";"MT";158;545,2;"AGUA BOA";"Defeito Mecânico no Veículo";"Tombamento";"Com Vítimas Feridas";"Pleno dia";"Decrescente";"Sol";"Simples";"Curva";"Não";1;0;1;0;0;0;1;1;-13,883976;-52,060824;"SPRF-MT";"DEL07-MT";"UOP02-DEL07-MT"
152304;2018-08-11;"sábado";"10:20:00";"MG";116;421,3;"ALPERCATA";"Não guardar distância de segurança";"Colisão traseira";"Com Vítimas Feridas";"Pleno dia";"Crescente";"Céu Claro";"Simples";"Em Obras";"Não";3;0;1;1;1;0;2;2;-18,932308;-41,943507;"SPRF-MG";"DEL06-MG";"UOP01-DEL06-MG"
152305;2018-08-11;"sábado";"04:50:00";"SC";470;58,2;"BLUMENAU";"Condutor Dormindo";"Saída de leito carroçável";"Com Vítimas Feridas";"Plena Noite";"Decrescente";"Nublado";"Simples";"Reta";"Não";2;0;2;0;0;0;2;1;-26,88408268;-49,1477859;"SPRF-SC";"DEL04-SC";"UOP01-DEL04-SC"
152306;2018-08-11;"sábado";"10:00:00";"RJ";116;281,7;"BARRA MANSA";"Não guardar distância de segurança";"Saída de leito carroçável";"Com Vítimas Feridas";"Pleno dia";"Crescente";"Céu Claro";"Dupla";"Reta";"Não";1;0;1;0;0;0;1;1;-22,50676866;-44,22147274;"SPRF-RJ";"DEL07-RJ";"UOP02-DEL07-RJ"
152307;2018-08-11;"sábado";"12:00:00";"PR";277;108;"CAMPO LARGO";"Desobediência às normas de trânsito pelo condutor";"Colisão transversal";"Com Vítimas Feridas";"Pleno dia";"Crescente";"Céu Claro";"Dupla";"Retorno Regulamentado";"Não";2;0;0;1;1;0;1;2;-25,43596831;-49,44258714;"SPRF-PR";"DEL01-PR";"UOP06-DEL01-PR"
152308;2018-08-11;"sábado";"11:40:00";"ES";101;69,1;"SAO MATEUS";"Falta de Atenção à Condução";"Colisão traseira";"Com Vítimas Feridas";"Pleno dia";"Decrescente";"Céu Claro";"Simples";"Reta";"Sim";5;0;2;0;3;0;2;4;-18,73566943;-39,86072123;"SPRF-ES";"DEL04-ES";"UOP02-DEL04-ES"
152309;2018-08-11;"sábado";"11:55:00";"SC";282;18,5;"PALHOCA";"Desobediência às normas de trânsito pelo pedestre";"Colisão transversal";"Com Vítimas Feridas";"Pleno dia";"Crescente";"Céu Claro";"Simples";"Reta";"Sim";2;0;1;0;1;0;1;2;-27,672798;-48,694286;"SPRF-SC";"DEL01-SC";"UOP02-DEL01-SC"
152310;2018-08-11;"sábado";"12:15:00";"SC";101;148;"ITAPEMA";"Falta de Atenção à Condução";"Colisão transversal";"Com Vítimas Feridas";"Pleno dia";"Crescente";"Sol";"Simples";"Reta";"Sim";2;0;1;0;1;0;1;2;-27,09694731;-48,61885491;"SPRF-SC";"DEL04-SC";"UOP03-DEL04-SC"
152311;2018-08-11;"sábado";"08:20:00";"SP";116;320;"JUQUITIBA";"Condutor Dormindo";"Capotamento";"Com Vítimas Fatais";"Pleno dia";"Decrescente";"Céu Claro";"Dupla";"Reta";"Não";3;1;0;2;0;0;2;1;-23,93470166;-47,01906234;"SPRF-SP";"DEL04-SP";"UOP03-DEL04-SP"
152312;2018-05-30;"quarta-feira";"15:30:00";"BA";101;525;"BUERAREMA";"Não guardar distância de segurança";"Queda de ocupante de veículo";"Com Vítimas Feridas";"Pleno dia";"Decrescente";"Céu Claro";"Simples";"Reta";"Não";1;0;1;0;0;0;1;1;-14,9576;-39,3069;"SPRF-BA";"DEL05-BA";"UOP01-DEL05-BA"
152313;2018-08-11;"sábado";"12:40:00";"PR";376;666;"GUARATUBA";"Velocidade Incompatível";"Queda de ocupante de veículo";"Com Vítimas Feridas";"Pleno dia";"Decrescente";"Sol";"Dupla";"Curva";"Não";1;0;1;0;0;0;1;1;-25,86231297;-48,94031525;"SPRF-PR";"DEL01-PR";"DEL7/1-UOP08/PR"
152314;2018-08-11;"sábado";"07:20:00";"MG";116;650,5;"FERVEDOURO";"Falta de Atenção à Condução";"Colisão transversal";"Com Vítimas Feridas";"Pleno dia";"Decrescente";"Nevoeiro/Neblina";"Simples";"Interseção de Vias";"Não";2;0;0;1;1;0;1;2;-20,70162254;-42,27737814;"SPRF-MG";"DEL07-MG";"UOP03-DEL07-MG"
152315;2018-08-11;"sábado";"09:20:00";"MT";70;702;"CACERES";"Ultrapassagem Indevida";"Saída de leito carroçável";"Com Vítimas Feridas";"Pleno dia";"Crescente";"Céu Claro";"Simples";"Curva";"Não";1;0;1;0;0;0;1;1;-16,16765129;-57,35395919;"SPRF-MT";"DEL03-MT";"UOP01-DEL03-MT"
152316;2018-08-11;"sábado";"13:30:00";"PI";343;26,6;"PARNAIBA";"Falta de Atenção do Pedestre";"Atropelamento de Pedestre";"Com Vítimas Feridas";"Pleno dia";"Crescente";"Sol";"Simples";"Reta";"Não";2;0;0;2;0;0;2;2;-3,034567;-41,77211;"SPRF-PI";"DEL05-PI";"UOP01-DEL05-PI"
152317;2018-08-11;"sábado";"13:30:00";"PR";277;572;"CASCAVEL";"Falta de Atenção à Condução";"Colisão transversal";"Com Vítimas Feridas";"Pleno dia";"Crescente";"Céu Claro";"Simples";"Interseção de Vias";"Não";3;0;0;2;1;0;2;2;-24,99827978;-53,29716147;"SPRF-PR";"DEL04-PR";"UOP01-DEL04-PR"
152318;2018-08-11;"sábado";"11:40:00";"RS";285;456,5;"IJUI";"Falta de Atenção à Condução";"Colisão transversal";"Com Vítimas Feridas";"Pleno dia";"Crescente";"Nublado";"Simples";"Rotatória";"Sim";2;0;0;1;1;0;1;2;-28,38869153;-53,89216661;"SPRF-RS";"DEL10-RS";"UOP01-DEL10-RS"
152319;2018-08-11;"sábado";"13:00:00";"PI";343;347,9;"TERESINA";"Falta de Atenção à Condução";"Colisão transversal";"Com Vítimas Feridas";"Pleno dia";"Decrescente";"Céu Claro";"Simples";"Reta";"Sim";2;0;0;1;1;0;1;2;-5,117766;-42,784419;"SPRF-PI";"DEL01-PI";"UOP01-DEL01-PI"
152320;2018-08-11;"sábado";"10:05:00";"MG";262;405,1;"PARA DE MINAS";"Mal Súbito";"Colisão com objeto estático";"Com Vítimas Feridas";"Pleno dia";"Crescente";"Sol";"Dupla";"Declive;Retorno Regulamentado;Curva";"Não";3;0;0;1;0;2;1;2;-19,8886649;-44,64384556;"SPRF-MG";"DEL08-MG";"UOP03-DEL08-MG"
152321;2018-08-11;"sábado";"10:00:00";"MG";262;404,9;"PARA DE MINAS";"Falta de Atenção à Condução";"Colisão com objeto estático";"Com Vítimas Feridas";"Pleno dia";"Crescente";"Céu Claro";"Dupla";"Curva";"Não";2;0;0;1;0;1;1;2;-19,89556557;-44,63779449;"SPRF-MG";"DEL08-MG";"UOP03-DEL08-MG"
152322;2018-08-11;"sábado";"13:20:00";"MG";262;366;"JUATUBA";"Defeito Mecânico no Veículo";"Saída de leito carroçável";"Com Vítimas Feridas";"Pleno dia";"Crescente";"Céu Claro";"Dupla";"Declive;Reta";"Não";2;0;2;0;0;0;2;1;-19,97388321;-44,31911588;"SPRF-MG";"DEL01-MG";"UOP03-DEL01-MG"
152323;2018-08-11;"sábado";"13:40:00";"MG";381;510,6;"SAO JOAQUIM DE BICAS";"Falta de Atenção à Condução";"Tombamento";"Com Vítimas Feridas";"Pleno dia";"Crescente";"Céu Claro";"Múltipla";"Interseção de Vias";"Sim";1;0;1;0;0;0;1;1;-20,05756393;-44,28775549;"SPRF-MG";"DEL01-MG";"UOP03-DEL01-MG"
152324;2018-08-11;"sábado";"14:05:00";"PE";316;76,6;"OURICURI";"Ingestão de Álcool";"Colisão transversal";"Com Vítimas Feridas";"Pleno dia";"Decrescente";"Sol";"Simples";"Reta";"Não";5;0;2;0;2;1;2;3;-7,842845;-40,132181;"SPRF-PE";"DEL05-PE";"UOP02-DEL05-PE"
152325;2018-08-11;"sábado";"14:00:00";"PR";277;1;"PARANAGUA";"Falta de Atenção à Condução";"Queda de ocupante de veículo";"Sem Vítimas";"Pleno dia";"Crescente";"Sol";"Simples";"Reta";"Sim";1;0;0;0;0;1;0;1;-25,52892706;-48,54803145;"SPRF-PR";"DEL01-PR";"UOP05-DEL01-PR"
152328;2018-08-11;"sábado";"14:00:00";"MG";365;625;"UBERLANDIA";"Animais na Pista";"Atropelamento de Animal";"Com Vítimas Feridas";"Pleno dia";"Crescente";"Céu Claro";"Múltipla";"Reta";"Sim";2;0;1;1;0;0;2;1;-18,909969;-48,303393;"SPRF-MG";"DEL15-MG";"UOP01-DEL15-MG"
152329;2018-08-11;"sábado";"14:10:00";"CE";116;40;"HORIZONTE";"Falta de Atenção à Condução";"Colisão transversal";"Com Vítimas Feridas";"Pleno dia";"Crescente";"Sol";"Dupla";"Reta";"Sim";2;0;1;1;0;0;2;2;-4,10648228;-38,49653363;"SPRF-CE";"DEL01-CE";"UOP02-DEL01-CE"
152330;2018-08-11;"sábado";"14:00:00";"RJ";393;282;"VOLTA REDONDA";"Falta de Atenção do Pedestre";"Atropelamento de Pedestre";"Com Vítimas Feridas";"Pleno dia";"Crescente";"Céu Claro";"Simples";"Reta";"Não";2;0;1;0;1;0;1;2;-22,510941;-44,084461;"SPRF-RJ";"DEL05-RJ";"UOP04-DEL05-RJ"
152331;2018-08-11;"sábado";"14:00:00";"PR";277;111,4;"CAMPO LARGO";"Não guardar distância de segurança";"Colisão traseira";"Com Vítimas Feridas";"Pleno dia";"Decrescente";"Céu Claro";"Dupla";"Reta";"Não";2;0;0;1;0;1;1;2;-25,44575478;-49,46947033;"SPRF-PR";"DEL01-PR";"UOP06-DEL01-PR"
152333;2018-08-11;"sábado";"14:00:00";"GO";70;473,4;"ARAGARCAS";"Falta de Atenção à Condução";"Colisão lateral";"Com Vítimas Feridas";"Pleno dia";"Crescente";"Sol";"Dupla";"Reta";"Sim";4;0;0;1;3;0;1;2;-15,896;-52,2472;"SPRF-GO";"DEL04-GO";"UOP01-DEL04-GO"
152334;2018-08-11;"sábado";"09:30:00";"PE";232;485;"VERDEJANTE";"Falta de Atenção à Condução";"Atropelamento de Pedestre";"Com Vítimas Feridas";"Pleno dia";"Decrescente";"Céu Claro";"Simples";"Reta";"Não";5;0;1;0;0;4;1;2;-8,00653675;-38,97412777;"SPRF-PE";"DEL05-PE";"UOP01-DEL05-PE"
152337;2018-08-11;"sábado";"14:00:00";"MS";163;260;"DOURADOS";"Falta de Atenção à Condução";"Colisão transversal";"Com Vítimas Feridas";"Pleno dia";"Crescente";"Sol";"Dupla";"Reta";"Sim";2;0;1;0;1;0;1;2;-22,2108873;-54,7132258;"SPRF-MS";"DEL04-MS";"UOP01-DEL04-MS"
152338;2018-08-11;"sábado";"14:05:00";"SC";101;293;"IMBITUBA";"Avarias e/ou desgaste excessivo no pneu";"Tombamento";"Sem Vítimas";"Pleno dia";"Crescente";"Sol";"Dupla";"Reta";"Não";3;0;0;0;3;0;0;1;-28,30345052;-48,72037282;"SPRF-SC";"DEL02-SC";"UOP03-DEL02-SC"
152340;2018-08-11;"sábado";"15:15:00";"RN";406;170;"SAO GONCALO DO AMARANTE";"Falta de Atenção à Condução";"Colisão transversal";"Com Vítimas Fatais";"Pleno dia";"Crescente";"Céu Claro";"Dupla";"Declive";"Sim";6;1;2;3;0;0;5;2;-5,75786032;-35,30173285;"SPRF-RN";"DEL02-RN";"UOP01-DEL02-RN"