"id";"data_inversa";"dia_semana";"horario";"uf";"br";"km";"municipio";"causa_acidente";"tipo_acidente";"classificacao_acidente";"fase_dia";"sentido_via";"condicao_metereologica";"tipo_pista";"tracado_via";"uso_solo";"pessoas";"mortos";"feridos_leves";"feridos_graves";"ilesos";"ignorados";"feridos";"veiculos";"latitude";"longitude";"regional";"delegacia";"uop"
152342;2018-08-11;"sábado";"15:20:00";"DF";20;0;"BRASILIA";"Falta de Atenção à Condução";"Colisão lateral";"Com Vítimas Feridas";"Pleno dia";"Crescente";"Céu Claro";"Dupla";"Reta";"Sim";2;0;1;0;1;0;1;2;-15,685814;-47,849838;"SPRF-DF";"DEL02-DF";"UOP01-DEL02-DF"
152343;2018-08-11;"sábado";"14:45:00";"PR";376;420,9;"TIBAGI";"Ultrapassagem Indevida";"Queda de ocupante de veículo";"Com Vítimas Feridas";"Pleno dia";"Crescente";"Céu Claro";"Simples";"Reta";"Não";2;0;1;0;1;0;1;2;-24,68927767;-50,58470249;"SPRF-PR";"DEL03-PR";"UOP02-DEL03-PR"
152346;2018-08-11;"sábado";"14:20:00";"PR";277;493,1;"GUARANIACU";"Falta de Atenção à Condução";"Saída de leito carroçável";"Com Vítimas Feridas";"Pleno dia";"Decrescente";"Céu Claro";"Simples";"Declive";"Não";3;0;2;0;1;0;2;2;-25,1906511;-52,65815735;"SPRF-PR";"DEL04-PR";"UOP04-DEL04-PR"
152347;2018-08-11;"sábado";"14:40:00";"MS";60;562,2;"NIOAQUE";"Avarias e/ou desgaste excessivo no pneu";"Queda de ocupante de veículo";"Com Vítimas Feridas";"Pleno dia";"Crescente";"Céu Claro";"Simples";"Reta";"Não";2;0;2;0;0;0;2;1;-21,33947919;-56,00261986;"SPRF-MS";"DEL05-MS";"UOP01-DEL05-MS"
152348;2018-08-11;"sábado";"14:20:00";"RJ";101;392;"RIO DE JANEIRO";"Condutor Dormindo";"Saída de leito carroçável";"Com Vítimas Feridas";"Pleno dia";"Decrescente";"Céu Claro";"Dupla";"Reta";"Não";2;0;0;1;1;0;1;1;-22,892649;-43,69453;"SPRF-RJ";"DEL03-RJ";"UOP01-DEL03-RJ"
152350;2018-08-11;"sábado";"15:10:00";"PR";277;466;"LARANJEIRAS DO SUL";"Ultrapassagem Indevida";"Queda de ocupante de veículo";"Com Vítimas Feridas";"Pleno dia";"Decrescente";"Céu Claro";"Simples";"Aclive";"Não";1;0;1;0;0;0;1;1;-25,33844087;-52,50675201;"SPRF-PR";"DEL04-PR";"UOP02-DEL04-PR"
152352;2018-07-26;"quinta-feira";"19:10:00";"PB";230;36,7;"SANTA RITA";"Avarias e/ou desgaste excessivo no pneu";"Colisão lateral";"Com Vítimas Feridas";"Plena Noite";"Decrescente";"Nublado";"Dupla";"Reta";"Sim";3;0;3;0;0;0;3;2;-7,12995682;-34,95427874;"SPRF-PB";"DEL01-PB";"UOP01-DEL01-PB"
152354;2018-08-11;"sábado";"16:13:00";"SC";470;124,5;"IBIRAMA";"Pista Escorregadia";"Saída de leito carroçável";"Com Vítimas Feridas";"Pleno dia";"Crescente";"Sol";"Simples";"Curva";"Não";1;0;1;0;0;0;1;1;-27,10633384;-49,52175194;"SPRF-SC";"DEL04-SC";"UOP02-DEL04-SC"
152355;2018-08-11;"sábado";"17:00:00";"PE";423;97,8;"GARANHUNS";"Não guardar distância de segurança";"Colisão traseira";"Sem Vítimas";"Anoitecer";"Crescente";"Céu Claro";"Simples";"Reta";"Não";3;0;0;0;3;0;0;3;-8,87643779;-36,50224954;"SPRF-PE";"DEL03-PE";"UOP01-DEL03-PE"
152357;2018-08-11;"sábado";"17:00:00";"PI";402;10;"BURITI DOS LOPES";"Avarias e/ou desgaste excessivo no pneu";"Saída de leito carroçável";"Com Vítimas Feridas";"Anoitecer";"Crescente";"Céu Claro";"Simples";"Reta";"Não";2;0;2;0;0;0;2;1;-3,13640241;-41,85756683;"SPRF-PI";"DEL05-PI";"UOP01-DEL05-PI"
152359;2018-08-11;"sábado";"17:10:00";"ES";101;127,2;"SOORETAMA";"Falta de Atenção à Condução";"Colisão lateral";"Com Vítimas Feridas";"Anoitecer";"Crescente";"Nublado";"Dupla";"Reta";"Sim";2;0;0;1;1;0;1;2;-19,20379458;-40,09569359;"SPRF-ES";"DEL04-ES";"UOP01-DEL04-ES"
152360;2018-08-11;"sábado";"17:36:00";"RJ";116;101;"GUAPIMIRIM";"Falta de Atenção à Condução";"Colisão lateral";"Com Vítimas Feridas";"Anoitecer";"Crescente";"Céu Claro";"Dupla";"Reta";"Sim";3;0;1;0;2;0;1;2;-22,511881;-43,000706;"SPRF-RJ";"DEL04-RJ";"UOP02-DEL04-RJ"
152361;2018-08-11;"sábado";"17:10:00";"ES";101;330,4;"GUARAPARI";"Falta de Atenção à Condução";"Colisão transversal";"Com Vítimas Feridas";"Pleno dia";"Crescente";"Garoa/Chuvisco";"Simples";"Curva";"Sim";5;0;1;0;4;0;1;2;-20,5956087;-40,5029838;"SPRF-ES";"DEL03-ES";"UOP01-DEL03-ES"
152362;2018-08-11;"sábado";"17:25:00";"SC";116;138,4;"SANTA CECILIA";"Falta de Atenção à Condução";"Colisão transversal";"Com Vítimas Feridas";"Pleno dia";"Decrescente";"Céu Claro";"Simples";"Reta";"Sim";3;0;1;0;2;0;1;2;-26,960075;-50,416271;"SPRF-SC";"DEL06-SC";"UOP02-DEL06-SC"
152363;2018-08-11;"sábado";"17:50:00";"GO";70;5,5;"AGUAS LINDAS DE GOIAS";"Ingestão de Álcool";"Colisão traseira";"Sem Vítimas";"Pleno dia";"Decrescente";"Céu Claro";"Dupla";"Reta";"Sim";5;0;0;0;4;1;0;3;-15,75185223;-48,26028407;"SPRF-DF";"DEL01-DF";"UOP02-DEL03-DF"
152364;2018-08-11;"sábado";"17:15:00";"RJ";116;29;"SAPUCAIA";"Defeito Mecânico no Veículo";"Incêndio";"Sem Vítimas";"Pleno dia";"Crescente";"Céu Claro";"Simples";"Reta";"Não";1;0;0;0;1;0;0;1;-22,064503;-42,795418;"SPRF-RJ";"DEL04-RJ";"UOP01-DEL04-RJ"
152366;2018-08-11;"sábado";"17:00:00";"GO";414;392,3;"CORUMBA DE GOIAS";"Falta de Atenção à Condução";"Colisão transversal";"Com Vítimas Feridas";"Plena Noite";"Crescente";"Céu Claro";"Simples";"Interseção de Vias";"Sim";2;0;1;0;1;0;1;2;-15,91884654;-48,8090533;"SPRF-GO";"DEL02-GO";"UOP01-DEL02-GO"
152367;2018-08-11;"sábado";"18:00:00";"ES";262;6,5;"CARIACICA";"Falta de Atenção à Condução";"Colisão lateral";"Com Vítimas Feridas";"Anoitecer";"Crescente";"Chuva";"Dupla";"Interseção de Vias";"Sim";2;0;1;0;1;0;1;2;-20,34160905;-40,39771557;"SPRF-ES";"DEL01-ES";"UOP01-DEL01-ES"
152368;2018-08-11;"sábado";"18:15:00";"RN";110;1;"SERRA NEGRA DO NORTE";"Falta de Atenção à Condução";"Tombamento";"Com Vítimas Fatais";"Plena Noite";"Crescente";"Céu Claro";"Simples";"Reta";"Sim";3;1;0;1;0;1;1;3;-6,670663;-37,41364;"SPRF-RN";"DEL04-RN";"UOP01-DEL04-RN"
152369;2018-08-11;"sábado";"14:50:00";"SC";282;560,1;"NOVA ITABERABA";"Falta de Atenção à Condução";"Colisão traseira";"Sem Vítimas";"Pleno dia";"Crescente";"Sol";"Simples";"Reta";"Não";3;0;0;0;3;0;0;3;-26,92604934;-52,84925938;"SPRF-SC";"DEL07-SC";"UOP01-DEL07-SC"
152370;2018-08-11;"sábado";"18:25:00";"PR";116;129,8;"FAZENDA RIO GRANDE";"Animais na Pista";"Queda de ocupante de veículo";"Com Vítimas Feridas";"Pleno dia";"Decrescente";"Céu Claro";"Dupla";"Reta";"Sim";1;0;0;1;0;0;1;1;-25,67006577;-49,31493938;"SPRF-PR";"DEL01-PR";"UOP03-DEL01-PR"
152371;2018-08-11;"sábado";"18:40:00";"SC";280;23;"ARAQUARI";"Desobediência às normas de trânsito pelo condutor";"Colisão frontal";"Com Vítimas Feridas";"Plena Noite";"Crescente";"Céu Claro";"Simples";"Reta";"Sim";3;0;1;1;1;0;2;2;-26,37286222;-48,71430427;"SPRF-SC";"DEL03-SC";"UOP03-DEL03-SC"
152372;2018-08-11;"sábado";"18:30:00";"GO";414;434,8;"ANAPOLIS";"Ingestão de Álcool";"Colisão frontal";"Com Vítimas Feridas";"Plena Noite";"Crescente";"Céu Claro";"Simples";"Reta";"Sim";12;0;5;5;1;1;10;4;-16,23840912;-48,93379211;"SPRF-GO";"DEL02-GO";"UOP01-DEL02-GO"
152373;2018-08-11;"sábado";"18:50:00";"DF";70;16;"BRASILIA";"Falta de Atenção à Condução";"Colisão traseira";"Com Vítimas Feridas";"Plena Noite";"Decrescente";"Céu Claro";"Dupla";"Reta";"Sim";3;0;1;0;2;0;1;2;-15,796144;-48,194225;"SPRF-DF";"DEL01-DF";"UOP02-DEL03-DF"
152374;2018-08-11;"sábado";"18:50:00";"PR";376;146,1;"PRESIDENTE CASTELO BRANCO";"Falta de Atenção do Pedestre";"Atropelamento de Pedestre";"Com Vítimas Fatais";"Plena Noite";"Crescente";"Céu Claro";"Dupla";"Reta";"Sim";3;1;0;0;2;0;0;2;-23,28018;-52,15056;"SPRF-PR";"DEL07-PR";"UOP02-DEL09-PR"
152377;2018-08-11;"sábado";"17:00:00";"SC";470;122,9;"IBIRAMA";"Pista Escorregadia";"Tombamento";"Com Vítimas Feridas";"Pleno dia";"Crescente";"Sol";"Simples";"Curva";"Não";1;0;1;0;0;0;1;1;-27,09672572;-49,53151703;"SPRF-SC";"DEL04-SC";"UOP02-DEL04-SC"
152378;2018-08-11;"sábado";"18:00:00";"BA";110;376;"CATU";"Ultrapassagem Indevida";"Colisão frontal";"Com Vítimas Feridas";"Anoitecer";"Decrescente";"Céu Claro";"Simples";"Aclive";"Não";6;0;6;0;0;0;6;2;-12,408338;-38,41436;"SPRF-BA";"DEL01-BA";"UOP01-DEL01-BA"
152379;2018-08-11;"sábado";"16:29:00";"MG";365;561;"INDIANOPOLIS";"Desobediência às normas de trânsito pelo condutor";"Colisão traseira";"Com Vítimas Feridas";"Pleno dia";"Decrescente";"Céu Claro";"Simples";"Reta";"Não";3;0;1;0;2;0;1;2;-18,926173;-47,76233;"SPRF-MG";"DEL10-MG";"UOP01-DEL10-MG"
152380;2018-08-11;"sábado";"18:10:00";"SP";116;57;"GUARATINGUETA";"Animais na Pista";"Atropelamento de Animal";"Com Vítimas Feridas";"Plena Noite";"Crescente";"Céu Claro";"Dupla";"Reta";"Não";1;0;1;0;0;0;1;1;-22,77458;-45,138115;"SPRF-SP";"DEL08-SP";"UOP01-DEL08-SP"
152381;2018-08-11;"sábado";"17:30:00";"PR";467;93,9;"CASCAVEL";"Velocidade Incompatível";"Capotamento";"Com Vítimas Feridas";"Pleno dia";"Crescente";"Céu Claro";"Dupla";"Aclive;Curva";"Não";1;0;1;0;0;0;1;1;-24,8599;-53,5868;"SPRF-PR";"DEL04-PR";"UOP01-DEL04-PR"
152382;2018-08-11;"sábado";"18:45:00";"SC";282;18;"PALHOCA";"Ingestão de Álcool";"Colisão traseira";"Sem Vítimas";"Plena Noite";"Decrescente";"Céu Claro";"Simples";"Reta";"Não";2;0;0;0;2;0;0;2;-27,672798;-48,694286;"SPRF-SC";"DEL01-SC";"UOP02-DEL01-SC"
152383;2018-08-11;"sábado";"19:50:00";"MG";354;754,8;"ITAMONTE";"Ingestão de Álcool";"Colisão com objeto estático";"Com Vítimas Feridas";"Plena Noite";"Crescente";"Céu Claro";"Simples";"Reta";"Sim";3;0;1;0;2;0;1;3;-22,29023851;-44,86645365;"SPRF-MG";"DEL05-MG";"UOP01-DEL17-MG"
152384;2018-08-11;"sábado";"19:00:00";"GO";153;396;"PIRENOPOLIS";"Animais na Pista";"Colisão lateral";"Com Vítimas Feridas";"Plena Noite";"Crescente";"Céu Claro";"Simples";"Reta";"Não";3;0;1;0;2;0;1;2;-16,01330323;-49,11900904;"SPRF-GO";"DEL02-GO";"UOP02-DEL02-GO"
152386;2018-08-11;"sábado";"17:47:00";"BA";101;506;"ITABUNA";"Falta de Atenção do Pedestre";"Atropelamento de Pedestre";"Com Vítimas Feridas";"Anoitecer";"Decrescente";"Céu Claro";"Simples";"Reta";"Sim";3;0;3;0;0;0;3;2;-14,83081239;-39,29157257;"SPRF-BA";"DEL05-BA";"UOP01-DEL05-BA"
152387;2018-08-11;"sábado";"19:30:00";"SP";381;88;"GUARULHOS";"Velocidade Incompatível";"Colisão com objeto estático";"Sem Vítimas";"Plena Noite";"Decrescente";"Céu Claro";"Dupla";"Reta";"Sim";1;0;0;0;1;0;0;1;-23,43407822;-46,56854381;"SPRF-SP";"DEL03-SP";"DEL6/3-UOP03/SP"
152388;2018-08-11;"sábado";"19:20:00";"PR";277;693;"SAO MIGUEL DO IGUACU";"Desobediência às normas de trânsito pelo condutor";"Colisão traseira";"Com Vítimas Feridas";"Anoitecer";"Decrescente";"Céu Claro";"Dupla";"Interseção de Vias";"Não";3;0;1;0;1;1;1;3;-25,372623;-54,270252;"SPRF-PR";"DEL05-PR";"UOP01-DEL05-PR"
152389;2018-08-11;"sábado";"19:30:00";"ES";101;33,6;"CONCEICAO DA BARRA";"Animais na Pista";"Atropelamento de Animal";"Com Vítimas Feridas";"Plena Noite";"Crescente";"Céu Claro";"Simples";"Reta";"Não";6;0;3;0;3;0;3;2;-18,434742;-39,933537;"SPRF-ES";"DEL04-ES";"UOP02-DEL04-ES"
152390;2018-08-11;"sábado";"16:00:00";"MG";381;650,7;"SANTO ANTONIO DO AMPARO";"Condutor Dormindo";"Saída de leito carroçável";"Com Vítimas Feridas";"Pleno dia";"Decrescente";"Céu Claro";"Dupla";"Reta";"Não";1;0;1;0;0;0;1;1;-20,9571;-44,9206;"SPRF-MG";"DEL04-MG";"UOP02-DEL04-MG"
152391;2018-08-11;"sábado";"18:45:00";"MS";163;615,6;"SAO GABRIEL DO OESTE";"Desobediência às normas de trânsito pelo condutor";"Colisão transversal";"Com Vítimas Feridas";"Plena Noite";"Crescente";"Céu Claro";"Simples";"Interseção de Vias";"Sim";3;0;0;1;2;0;1;2;-19,3892102;-54,57156479;"SPRF-MS";"DEL06-MS";"UOP02-DEL06-MS"
152393;2018-08-11;"sábado";"19:27:00";"SP";116;226,5;"GUARULHOS";"Ingestão de Álcool";"Colisão traseira";"Com Vítimas Feridas";"Plena Noite";"Decrescente";"Céu Claro";"Múltipla";"Reta";"Sim";2;0;1;0;1;0;1;2;-23,49819952;-46,55954361;"SPRF-SP";"DEL01-SP";"UOP01-DEL01-SP"
152394;2018-08-11;"sábado";"17:00:00";"MG";365;757;"ITUIUTABA";"Falta de Atenção à Condução";"Queda de ocupante de veículo";"Com Vítimas Feridas";"Pleno dia";"Crescente";"Céu Claro";"Simples";"Aclive";"Não";2;0;2;0;0;0;2;1;-18,92821924;-49,42481808;"SPRF-MG";"DEL15-MG";"UOP03-DEL15-MG"
152395;2018-08-11;"sábado";"17:45:00";"BA";242;175;"ITABERABA";"Ingestão de Álcool";"Saída de leito carroçável";"Com Vítimas Feridas";"Anoitecer";"Decrescente";"Céu Claro";"Simples";"Reta";"Não";1;0;1;0;0;0;1;1;-12,5200445;-40,02862215;"SPRF-BA";"DEL06-BA";"UOP02-DEL06-BA"
152396;2018-08-11;"sábado";"19:30:00";"DF";20;22,1;"BRASILIA";"Falta de Atenção à Condução";"Colisão traseira";"Com Vítimas Feridas";"Plena Noite";"Crescente";"Ignorado";"Dupla";"Interseção de Vias";"Sim";3;0;1;0;2;0;1;2;-15,59834;-47,676186;"SPRF-DF";"DEL02-DF";"UOP01-DEL02-DF"
152398;2018-08-11;"sábado";"19:25:00";"MG";116;276,2;"TEOFILO OTONI";"Não guardar distância de segurança";"Colisão lateral";"Com Vítimas Feridas";"Plena Noite";"Decrescente";"Céu Claro";"Simples";"Reta";"Sim";3;0;1;0;0;2;1;3;-17,84869457;-41,51517212;"SPRF-MG";"DEL11-MG";"UOP01-DEL11-MG"
152399;2018-08-11;"sábado";"19:30:00";"GO";20;98,6;"VILA BOA";"Velocidade Incompatível";"Colisão frontal";"Com Vítimas Feridas";"Plena Noite";"Crescente";"Céu Claro";"Simples";"Curva";"Não";5;0;4;0;1;0;4;2;-15,109809;-47,12231666;"SPRF-DF";"DEL02-DF";"UOP03-DEL02-DF"
152400;2018-08-11;"sábado";"20:00:00";"MG";262;446,5;"NOVA SERRANA";"Desobediência às normas de trânsito pelo condutor";"Colisão lateral";"Com Vítimas Fatais";"Plena Noite";"Crescente";"Céu Claro";"Simples";"Reta";"Sim";2;1;0;0;0;1;0;2;-19,86186646;-45,00244617;"SPRF-MG";"DEL08-MG";"UOP03-DEL08-MG"
152402;2018-08-11;"sábado";"19:20:00";"PA";230;123;"MARABA";"Ingestão de Álcool";"Colisão traseira";"Sem Vítimas";"Plena Noite";"Crescente";"Céu Claro";"Simples";"Curva";"Sim";2;0;0;0;2;0;0;2;-5,37638049;-49,13939953;"SPRF-PA";"DEL03-PA";"UOP01-DEL03-PA"
152403;2018-08-11;"sábado";"20:15:00";"RJ";116;39;"TERESOPOLIS";"Falta de Atenção à Condução";"Colisão lateral";"Com Vítimas Fatais";"Plena Noite";"Decrescente";"Céu Claro";"Simples";"Reta";"Não";2;1;0;1;0;0;1;2;-22,125177;-42,779701;"SPRF-RJ";"DEL04-RJ";"UOP01-DEL04-RJ"
152404;2018-08-11;"sábado";"20:20:00";"SC";470;68;"INDAIAL";"Falta de Atenção à Condução";"Queda de ocupante de veículo";"Com Vítimas Feridas";"Plena Noite";"Crescente";"Céu Claro";"Simples";"Rotatória";"Não";1;0;1;0;0;0;1;1;-26,877615;-49,239231;"SPRF-SC";"DEL04-SC";"UOP01-DEL04-SC"
152405;2018-08-11;"sábado";"20:00:00";"SC";280;128,2;"RIO NEGRINHO";"Ingestão de Álcool";"Colisão transversal";"Com Vítimas Feridas";"Plena Noite";"Crescente";"Céu Claro";"Simples";"Interseção de Vias;Declive";"Sim";2;0;0;1;1;0;1;2;-26,243179;-49,513199;"SPRF-SC";"DEL06-SC";"UOP03-DEL06-SC"
152407;2018-08-11;"sábado";"19:30:00";"PB";230;40;"SANTA RITA";"Velocidade Incompatível";"Saída de leito carroçável";"Com Vítimas Feridas";"Plena Noite";"Crescente";"Céu Claro";"Dupla";"Reta";"Sim";1;0;1;0;0;0;1;1;-7,14157132;-34,97903553;"SPRF-PB";"DEL01-PB";"UOP01-DEL01-PB"
152408;2018-08-11;"sábado";"19:35:00";"BA";101;31,4;"ESPLANADA";"Falta de Atenção à Condução";"Colisão com objeto estático";"Com Vítimas Fatais";"Plena Noite";"Crescente";"Céu Claro";"Dupla";"Interseção de Vias;Em Obras;Curva;Declive";"Não";1;1;0;0;0;0;0;1;-11,739814;-37,936551;"SPRF-SE";"DEL02-SE";"UOP03-DEL02-SE"
152409;2018-08-11;"sábado";"18:00:00";"PR";153;333,6;"IRATI";"Ingestão de Álcool";"Colisão transversal";"Sem Vítimas";"Pleno dia";"Decrescente";"Céu Claro";"Simples";"Interseção de Vias";"Sim";2;0;0;0;2;0;0;2;-25,47748868;-50,63956976;"SPRF-PR";"DEL03-PR";"UOP02-DEL08-PR"
152410;2018-08-11;"sábado";"20:45:00";"DF";251;6,8;"BRASILIA";"Falta de Atenção à Condução";"Colisão transversal";"Com Vítimas Feridas";"Plena Noite";"Decrescente";"Céu Claro";"Simples";"Rotatória";"Não";3;0;2;0;1;0;2;2;-15,998775;-47,563637;"SPRF-DF";"DEL01-DF";"UOP01-DEL01-DF"
152411;2018-08-11;"sábado";"16:38:00";"PE";423;124,2;"SALOA";"Sinalização da via insuficiente ou inadequada";"Queda de ocupante de veículo";"Com Vítimas Fatais";"Pleno dia";"Decrescente";"Céu Claro";"Simples";"Reta";"Não";1;1;0;0;0;0;0;1;-8,93619;-36,7206;"SPRF-PE";"DEL03-PE";"UOP01-DEL03-PE"
152412;2018-08-11;"sábado";"18:30:00";"RO";364;343,5;"JI-PARANA";"Falta de Atenção à Condução";"Colisão transversal";"Com Vítimas Fatais";"Anoitecer";"Crescente";"Céu Claro";"Simples";"Reta";"Sim";2;1;0;0;1;0;0;2;-10,87610677;-61,9487071;"SPRF-RO";"DEL02-RO";"UOP01-DEL02-RO"
152413;2018-08-11;"sábado";"21:05:00";"MG";262;385,1;"MATEUS LEME";"Velocidade Incompatível";"Capotamento";"Com Vítimas Feridas";"Plena Noite";"Crescente";"Céu Claro";"Dupla";"Reta";"Não";1;0;1;0;0;0;1;1;-19,91993746;-44,47780609;"SPRF-MG";"DEL01-MG";"UOP03-DEL01-MG"
152416;2018-08-11;"sábado";"20:30:00";"GO";60;442,5;"JATAI";"Avarias e/ou desgaste excessivo no pneu";"Queda de ocupante de veículo";"Com Vítimas Feridas";"Plena Noite";"Decrescente";"Céu Claro";"Dupla";"Reta";"Não";2;0;2;0;0;0;2;1;-17,8421;-51,4504;"SPRF-GO";"DEL05-GO";"UOP01-DEL05-GO"
152417;2018-08-11;"sábado";"21:15:00";"MG";50;40,3;"ARAGUARI";"Desobediência às normas de trânsito pelo condutor";"Colisão frontal";"Com Vítimas Feridas";"Plena Noite";"Crescente";"Céu Claro";"Dupla";"Reta";"Sim";2;0;0;1;1;0;1;2;-18,67782;-48,178544;"SPRF-MG";"DEL15-MG";"UOP02-DEL15-MG"
152419;2018-08-11;"sábado";"21:00:00";"BA";242;779;"BARREIRAS";"Ingestão de Álcool";"Colisão traseira";"Com Vítimas Feridas";"Plena Noite";"Crescente";"Céu Claro";"Simples";"Curva";"Não";6;0;1;0;5;0;1;2;-12,141478;-44,886258;"SPRF-BA";"DEL10-BA";"UOP01-DEL10-BA"
152420;2018-08-11;"sábado";"21:00:00";"PE";101;96,9;"CABO DE SANTO AGOSTINHO";"Falta de Atenção à Condução";"Saída de leito carroçável";"Com Vítimas Fatais";"Plena Noite";"Crescente";"Céu Claro";"Dupla";"Curva";"Sim";1;1;0;0;0;0;0;1;-8,2658656;-35,0187018;"SPRF-PE";"DEL01-PE";"UOP03-DEL01-PE"
152421;2018-08-11;"sábado";"21:15:00";"RN";405;75,9;"APODI";"Desobediência às normas de trânsito pelo condutor";"Colisão frontal";"Com Vítimas Feridas";"Plena Noite";"Decrescente";"Céu Claro";"Dupla";"Reta";"Não";2;0;0;1;1;0;1;2;-5,643015;-37,799961;"SPRF-RN";"DEL04-RN";"UOP02-DEL04-RN"
152422;2018-08-11;"sábado";"21:20:00";"PE";424;90,4;"GARANHUNS";"Ingestão de Álcool";"Colisão transversal";"Com Vítimas Feridas";"Plena Noite";"Decrescente";"Céu Claro";"Simples";"Declive";"Não";4;0;4;0;0;0;4;2;-8,89983;-36,50265;"SPRF-PE";"DEL03-PE";"UOP01-DEL03-PE"
152424;2018-08-11;"sábado";"21:35:00";"PR";376;111,8;"PARANAVAI";"Desobediência às normas de trânsito pelo condutor";"Colisão transversal";"Com Vítimas Feridas";"Plena Noite";"Crescente";"Céu Claro";"Simples";"Desvio Temporário;Em Obras;Reta";"Não";3;0;2;0;1;0;2;2;-23,08871326;-52,39548141;"SPRF-PR";"DEL07-PR";"UOP02-DEL09-PR"
152426;2018-08-11;"sábado";"21:10:00";"SC";101;212,8;"PALHOCA";"Ingestão de Álcool";"Capotamento";"Com Vítimas Feridas";"Plena Noite";"Crescente";"Nublado";"Dupla";"Declive";"Não";3;0;2;0;1;0;2;1;-27,6372;-48,6651;"SPRF-SC";"DEL01-SC";"UOP02-DEL01-SC"
152427;2018-08-11;"sábado";"19:10:00";"RO";364;713;"PORTO VELHO";"Falta de Atenção à Condução";"Colisão com objeto estático";"Com Vítimas Feridas";"Plena Noite";"Crescente";"Céu Claro";"Dupla";"Reta";"Sim";3;0;1;0;2;0;1;2;-9,674507;-65,44786;"SPRF-RO";"DEL01-RO";"UOP01-DEL01-RO"
152429;2018-08-11;"sábado";"21:30:00";"SP";153;108,8;"JOSE BONIFACIO";"Ingestão de Álcool";"Colisão traseira";"Com Vítimas Feridas";"Plena Noite";"Decrescente";"Céu Claro";"Simples";"Reta";"Não";3;0;2;0;1;0;2;2;-21,07874391;-49,66990024;"SPRF-SP";"DEL09-SP";"UOP01-DEL09-SP"
152431;2018-08-11;"sábado";"21:40:00";"BA";101;694,1;"EUNAPOLIS";"Velocidade Incompatível";"Colisão frontal";"Com Vítimas Fatais";"Plena Noite";"Decrescente";"Céu Claro";"Simples";"Curva";"Não";2;1;0;0;1;0;0;2;-16,2188;-39,5972;"SPRF-BA";"DEL09-BA";"UOP01-DEL09-BA"
152432;2018-08-11;"sábado";"22:05:00";"MA";10;246,7;"IMPERATRIZ";"Ultrapassagem Indevida";"Colisão frontal";"Com Vítimas Feridas";"Plena Noite";"Crescente";"Céu Claro";"Simples";"Reta";"Sim";2;0;0;1;1;0;1;2;-5,57596578;-47,44209766;"SPRF-MA";"DEL04-MA";"UOP01-DEL04-MA"
152433;2018-08-11;"sábado";"20:30:00";"SC";101;415,1;"ARARANGUA";"Ingestão de Álcool";"Colisão com objeto estático";"Com Vítimas Feridas";"Plena Noite";"Decrescente";"Nublado";"Simples";"Rotatória";"Sim";1;0;1;0;0;0;1;1;-28,9651;-49,5212;"SPRF-SC";"DEL02-SC";"UOP02-DEL02-SC"
152434;2018-08-11;"sábado";"20:15:00";"RO";364;674;"CANDEIAS DO JAMARI";"Velocidade Incompatível";"Colisão traseira";"Com Vítimas Fatais";"Plena Noite";"Crescente";"Céu Claro";"Simples";"Reta";"Não";3;1;0;0;1;1;0;3;-8,77977649;-63,53305578;"SPRF-RO";"DEL01-RO";"UOP01-DEL01-RO"
152435;2018-08-11;"sábado";"19:30:00";"MG";116;741;"LEOPOLDINA";"Falta de Atenção à Condução";"Tombamento";"Com Vítimas Feridas";"Plena Noite";"Crescente";"Céu Claro";"Simples";"Reta";"Não";2;0;2;0;0;0;2;1;-21,4007801;-42,49581456;"SPRF-MG";"DEL07-MG";"UOP01-DEL07-MG"
152437;2018-08-11;"sábado";"19:35:00";"MG";381;718,3;"CARMO DA CACHOEIRA";"Ingestão de Álcool";"Colisão com objeto estático";"Sem Vítimas";"Plena Noite";"Decrescente";"Ignorado";"Dupla";"Reta";"Não";1;0;0;0;1;0;0;1;-21,4166;-45,2115;"SPRF-MG";"DEL04-MG";"UOP02-DEL04-MG"
152438;2018-08-11;"sábado";"16:20:00";"SC";280;28,5;"ARAQUARI";"Falta de Atenção à Condução";"Colisão transversal";"Com Vítimas Feridas";"Pleno dia";"Crescente";"Céu Claro";"Simples";"Reta";"Sim";2;0;1;0;1;0;1;2;-26,40866782;-48,75048903;"SPRF-SC";"DEL03-SC";"UOP03-DEL03-SC"
152439;2018-08-11;"sábado";"22:20:00";"DF";20;12;"BRASILIA";"Falta de Atenção à Condução";"Colisão traseira";"Com Vítimas Feridas";"Plena Noite";"Crescente";"Céu Claro";"Dupla";"Reta";"Sim";2;0;1;0;1;0;1;2;-15,642812;-47,757786;"SPRF-DF";"DEL02-DF";"UOP01-DEL02-DF"
152444;2018-08-11;"sábado";"22:20:00";"MG";381;6,9;"BETIM";"Ingestão de Álcool";"Colisão com objeto estático";"Com Vítimas Feridas";"Plena Noite";"Decrescente";"Céu Claro";"Dupla";"Reta";"Não";1;0;1;0;0;0;1;1;-19,98713235;-44,2006588;"SPRF-MG";"DEL01-MG";"UOP03-DEL01-MG"
152447;2018-08-11;"sábado";"22:15:00";"MG";381;359;"NOVA ERA";"Ingestão de Substâncias Psicoativas";"Colisão frontal";"Sem Vítimas";"Plena Noite";"Crescente";"Céu Claro";"Simples";"Curva";"Sim";2;0;0;0;2;0;0;2;-19,83098614;-43,06383133;"SPRF-MG";"DEL03-MG";"UOP01-DEL03-MG"