"id";"data_inversa";"dia_semana";"horario";"uf";"br";"km";"municipio";"causa_acidente";"tipo_acidente";"classificacao_acidente";"fase_dia";"sentido_via";"condicao_metereologica";"tipo_pista";"tracado_via";"uso_solo";"pessoas";"mortos";"feridos_leves";"feridos_graves";"ilesos";"ignorados";"feridos";"veiculos";"latitude";"longitude";"regional";"delegacia";"uop"
152551;2018-08-12;"domingo";"16:30:00";"DF";20;36;"BRASILIA";"Falta de Atenção à Condução";"Colisão traseira";"Com Vítimas Feridas";"Pleno dia";"Crescente";"Céu Claro";"Dupla";"Reta";"Não";8;0;5;0;3;0;5;2;-15,58190438;-47,54756212;"SPRF-DF";"DEL02-DF";"UOP01-DEL02-DF"
152552;2018-08-12;"domingo";"16:25:00";"RS";290;90,8;"PORTO ALEGRE";"Falta de Atenção à Condução";"Colisão traseira";"Com Vítimas Feridas";"Pleno dia";"Decrescente";"Céu Claro";"Dupla";"Reta";"Sim";3;0;1;0;0;2;1;3;-29,96889565;-51,16589159;"SPRF-RS";"DEL01-RS";"UOP01-DEL01-RS"
152553;2018-08-12;"domingo";"16:50:00";"SC";101;146;"ITAPEMA";"Falta de Atenção à Condução";"Colisão lateral";"Com Vítimas Feridas";"Pleno dia";"Decrescente";"Céu Claro";"Dupla";"Reta";"Sim";2;0;1;0;1;0;1;2;-27,0918;-48,6168;"SPRF-SC";"DEL04-SC";"UOP03-DEL04-SC"
152554;2018-08-12;"domingo";"16:50:00";"SC";470;68;"INDAIAL";"Ingestão de Álcool";"Colisão traseira";"Sem Vítimas";"Pleno dia";"Decrescente";"Céu Claro";"Dupla";"Ponte";"Sim";2;0;0;0;2;0;0;2;-26,877615;-49,239231;"SPRF-SC";"DEL04-SC";"UOP01-DEL04-SC"
152555;2018-08-12;"domingo";"14:20:00";"SC";282;332;"CAMPOS NOVOS";"Velocidade Incompatível";"Colisão lateral";"Com Vítimas Feridas";"Pleno dia";"Crescente";"Sol";"Simples";"Curva";"Não";8;0;0;5;2;1;5;3;-27,39221176;-51,15650654;"SPRF-SC";"DEL07-SC";"UOP06-DEL07-SC"
152556;2018-08-12;"domingo";"17:00:00";"PR";277;584,5;"CASCAVEL";"Falta de Atenção à Condução";"Colisão lateral";"Com Vítimas Feridas";"Pleno dia";"Crescente";"Céu Claro";"Dupla";"Interseção de Vias";"Sim";2;0;1;0;1;0;1;2;-24,96449154;-53,40579361;"SPRF-PR";"DEL04-PR";"UOP01-DEL04-PR"
152557;2018-08-12;"domingo";"16:12:00";"MG";381;686;"LAVRAS";"Avarias e/ou desgaste excessivo no pneu";"Queda de ocupante de veículo";"Com Vítimas Feridas";"Pleno dia";"Decrescente";"Céu Claro";"Dupla";"Ponte";"Não";2;0;1;0;0;1;1;2;-21,179;-45,1221;"SPRF-MG";"DEL04-MG";"UOP02-DEL04-MG"
152558;2018-08-12;"domingo";"16:50:00";"CE";116;57,1;"PACAJUS";"Não guardar distância de segurança";"Colisão com objeto em movimento";"Com Vítimas Feridas";"Pleno dia";"Crescente";"Céu Claro";"Simples";"Reta";"Não";2;0;1;0;1;0;1;2;-4,23129229;-38,47875595;"SPRF-CE";"DEL03-CE";"UOP02-DEL03-CE"
152560;2018-08-12;"domingo";"17:30:00";"CE";116;171,3;"RUSSAS";"Falta de Atenção à Condução";"Saída de leito carroçável";"Com Vítimas Feridas";"Pleno dia";"Crescente";"Céu Claro";"Simples";"Curva";"Não";1;0;1;0;0;0;1;1;-5,00570294;-38,04891586;"SPRF-CE";"DEL03-CE";"UOP01-DEL03-CE"
152561;2018-08-12;"domingo";"16:50:00";"PR";277;588,5;"CASCAVEL";"Desobediência às normas de trânsito pelo condutor";"Colisão transversal";"Com Vítimas Feridas";"Pleno dia";"Crescente";"Sol";"Simples";"Reta";"Sim";7;0;5;0;2;0;5;2;-25,02817;-53,55983;"SPRF-PR";"DEL04-PR";"UOP01-DEL04-PR"
152562;2018-08-12;"domingo";"18:10:00";"SC";101;118;"ITAJAI";"Não guardar distância de segurança";"Colisão traseira";"Sem Vítimas";"Plena Noite";"Crescente";"Céu Claro";"Dupla";"Reta";"Sim";3;0;0;0;3;0;0;3;-26,9045;-48,7153;"SPRF-SC";"DEL04-SC";"UOP04-DEL04-SC"
152563;2018-08-12;"domingo";"18:00:00";"PR";116;135,7;"MANDIRITUBA";"Falta de Atenção à Condução";"Colisão transversal";"Com Vítimas Feridas";"Anoitecer";"Crescente";"Céu Claro";"Simples";"Reta";"Sim";2;0;1;0;1;0;1;2;-25,72437716;-49,31808615;"SPRF-PR";"DEL01-PR";"UOP03-DEL01-PR"
152564;2018-08-12;"domingo";"18:15:00";"PE";232;105;"BEZERROS";"Desobediência às normas de trânsito pelo condutor";"Colisão lateral";"Sem Vítimas";"Plena Noite";"Decrescente";"Céu Claro";"Dupla";"Reta";"Não";2;0;0;0;2;0;0;2;-8,26012163;-35,78561962;"SPRF-PE";"DEL02-PE";"UOP03-DEL02-PE"
152565;2018-08-12;"domingo";"17:52:00";"PE";423;108,7;"PARANATAMA";"Falta de Atenção à Condução";"Colisão transversal";"Com Vítimas Feridas";"Anoitecer";"Decrescente";"Céu Claro";"Simples";"Reta";"Não";5;0;1;4;0;0;5;2;-8,887888;-36,596476;"SPRF-PE";"DEL03-PE";"UOP01-DEL03-PE"
152566;2018-08-12;"domingo";"18:25:00";"PR";277;589,7;"CASCAVEL";"Falta de Atenção à Condução";"Saída de leito carroçável";"Com Vítimas Feridas";"Plena Noite";"Crescente";"Céu Claro";"Simples";"Curva";"Sim";2;0;2;0;0;0;2;1;-24,97908519;-53,45106661;"SPRF-PR";"DEL04-PR";"UOP01-DEL04-PR"
152567;2018-08-12;"domingo";"18:50:00";"MG";381;500;"BETIM";"Falta de Atenção à Condução";"Engavetamento";"Sem Vítimas";"Plena Noite";"Decrescente";"Céu Claro";"Múltipla";"Reta";"Sim";6;0;0;0;6;0;0;6;-20,002554;-44,21196;"SPRF-MG";"DEL01-MG";"UOP03-DEL01-MG"
152568;2018-08-12;"domingo";"18:50:00";"PR";277;111;"CAMPO LARGO";"Defeito Mecânico no Veículo";"Tombamento";"Com Vítimas Feridas";"Plena Noite";"Crescente";"Nublado";"Dupla";"Aclive";"Sim";5;0;2;3;0;0;5;1;-25,44720798;-49,47763313;"SPRF-PR";"DEL01-PR";"UOP06-DEL01-PR"
152569;2018-08-12;"domingo";"17:50:00";"PR";376;601,5;"CURITIBA";"Falta de Atenção à Condução";"Colisão traseira";"Com Vítimas Feridas";"Anoitecer";"Decrescente";"Céu Claro";"Dupla";"Reta";"Sim";2;0;0;1;1;0;1;2;-25,53841441;-49,31302428;"SPRF-PR";"DEL01-PR";"UOP06-DEL01-PR"
152571;2018-08-12;"domingo";"18:30:00";"PR";369;242,7;"JANDAIA DO SUL";"Ingestão de Álcool";"Saída de leito carroçável";"Com Vítimas Feridas";"Plena Noite";"Decrescente";"Céu Claro";"Simples";"Reta";"Não";2;0;0;2;0;0;2;1;-23,69814963;-51,71453467;"SPRF-PR";"DEL07-PR";"UOP03-DEL07-PR"
152573;2018-08-12;"domingo";"15:00:00";"RN";427;52,6;"JARDIM DO SERIDO";"Falta de Atenção à Condução";"Colisão com objeto estático";"Com Vítimas Feridas";"Pleno dia";"Crescente";"Céu Claro";"Simples";"Reta";"Não";1;0;1;0;0;0;1;1;-6,57500094;-36,75768703;"SPRF-RN";"DEL03-RN";"UOP01-DEL03-RN"
152575;2018-08-12;"domingo";"17:50:00";"ES";101;135,9;"LINHARES";"Ingestão de Álcool";"Saída de leito carroçável";"Com Vítimas Feridas";"Plena Noite";"Crescente";"Nublado";"Simples";"Reta";"Não";1;0;1;0;0;0;1;1;-19,28331695;-40,08707821;"SPRF-ES";"DEL04-ES";"UOP01-DEL04-ES"
152576;2018-08-12;"domingo";"17:20:00";"MT";70;9;"BARRA DO GARCAS";"Falta de Atenção à Condução";"Queda de ocupante de veículo";"Com Vítimas Feridas";"Amanhecer";"Decrescente";"Céu Claro";"Simples";"Reta";"Sim";1;0;1;0;0;0;1;1;-15,878413;-52,334862;"SPRF-MT";"DEL07-MT";"UOP01-DEL07-MT"
152577;2018-08-12;"domingo";"18:30:00";"ES";101;134;"LINHARES";"Ingestão de Álcool";"Queda de ocupante de veículo";"Com Vítimas Feridas";"Plena Noite";"Decrescente";"Céu Claro";"Simples";"Reta";"Não";1;0;1;0;0;0;1;1;-19,2807951;-40,08737374;"SPRF-ES";"DEL04-ES";"UOP01-DEL04-ES"
152578;2018-08-12;"domingo";"17:15:00";"SC";101;134,6;"BALNEARIO CAMBORIU";"Não guardar distância de segurança";"Colisão traseira";"Sem Vítimas";"Pleno dia";"Decrescente";"Céu Claro";"Dupla";"Viaduto";"Não";2;0;0;0;2;0;0;2;-27,00371552;-48,63031626;"SPRF-SC";"DEL04-SC";"UOP03-DEL04-SC"
152579;2018-08-12;"domingo";"14:00:00";"SC";116;210,1;"PONTE ALTA";"Velocidade Incompatível";"Saída de leito carroçável";"Sem Vítimas";"Pleno dia";"Crescente";"Céu Claro";"Simples";"Declive";"Não";1;0;0;0;1;0;0;1;-27,48974;-50,375561;"SPRF-SC";"DEL05-SC";"UOP03-DEL05-SC"
152580;2018-08-12;"domingo";"17:40:00";"SC";101;65,9;"ARAQUARI";"Falta de Atenção à Condução";"Saída de leito carroçável";"Com Vítimas Feridas";"Anoitecer";"Crescente";"Céu Claro";"Dupla";"Reta";"Não";1;0;1;0;0;0;1;1;-26,47757417;-48,73948753;"SPRF-SC";"DEL03-SC";"UOP02-DEL03-SC"
152582;2018-08-12;"domingo";"15:30:00";"AM";174;924;"MANAUS";"Falta de Atenção à Condução";"Colisão transversal";"Sem Vítimas";"Pleno dia";"Crescente";"Garoa/Chuvisco";"Simples";"Reta";"Sim";2;0;0;0;2;0;0;2;-2,62927233;-60,03925323;"SPRF-AM";"DEL01-AM";"UOP01-DEL01-AM"
152583;2018-08-12;"domingo";"18:30:00";"MT";364;494;"JANGADA";"Falta de Atenção à Condução";"Colisão traseira";"Com Vítimas Feridas";"Anoitecer";"Decrescente";"Céu Claro";"Simples";"Reta";"Sim";1;0;1;0;0;0;1;1;-15,292266;-56,434555;"SPRF-MT";"DEL01-MT";"DEL2/4-UOP02/MT"
152586;2018-08-12;"domingo";"19:05:00";"MG";262;449,9;"NOVA SERRANA";"Falta de Atenção à Condução";"Engavetamento";"Sem Vítimas";"Plena Noite";"Decrescente";"Céu Claro";"Simples";"Reta;Aclive";"Não";5;0;0;0;5;0;0;3;-19,84973707;-45,02986908;"SPRF-MG";"DEL08-MG";"UOP03-DEL08-MG"
152587;2018-08-12;"domingo";"17:25:00";"GO";80;50;"PADRE BERNARDO";"Ingestão de Álcool";"Colisão lateral";"Com Vítimas Feridas";"Anoitecer";"Decrescente";"Ignorado";"Simples";"Declive";"Não";7;0;6;1;0;0;7;2;-15,21628234;-48,59493256;"SPRF-DF";"DEL01-DF";"UOP02-DEL03-DF"
152590;2018-08-12;"domingo";"17:37:00";"PR";376;620;"SAO JOSE DOS PINHAIS";"Falta de Atenção à Condução";"Engavetamento";"Com Vítimas Feridas";"Pleno dia";"Decrescente";"Céu Claro";"Dupla";"Reta";"Não";15;0;3;0;12;0;3;6;-25,6124287;-49,17137146;"SPRF-PR";"DEL01-PR";"DEL7/1-UOP08/PR"
152591;2018-08-12;"domingo";"17:37:00";"PR";376;620,2;"SAO JOSE DOS PINHAIS";"Não guardar distância de segurança";"Engavetamento";"Com Vítimas Feridas";"Anoitecer";"Decrescente";"Céu Claro";"Dupla";"Reta";"Sim";15;0;2;0;13;0;2;3;-25,61366704;-49,17085648;"SPRF-PR";"DEL01-PR";"DEL7/1-UOP08/PR"
152592;2018-08-12;"domingo";"18:30:00";"GO";20;184;"SIMOLANDIA";"Defeito Mecânico no Veículo";"Saída de leito carroçável";"Sem Vítimas";"Plena Noite";"Crescente";"Céu Claro";"Dupla";"Curva";"Não";1;0;0;0;1;0;0;1;-14,450006;-46,468243;"SPRF-DF";"DEL02-DF";"UOP03-DEL02-DF"
152593;2018-08-12;"domingo";"18:20:00";"MG";40;379,7;"CURVELO";"Falta de Atenção à Condução";"Colisão traseira";"Com Vítimas Feridas";"Plena Noite";"Decrescente";"Céu Claro";"Simples";"Reta;Declive";"Não";2;0;1;0;1;0;1;2;-18,870829;-44,729332;"SPRF-MG";"DEL02-MG";"UOP01-DEL02-MG"
152594;2018-08-12;"domingo";"19:12:00";"SC";101;217;"PALHOCA";"Falta de Atenção à Condução";"Colisão traseira";"Com Vítimas Feridas";"Pleno dia";"Decrescente";"Nublado";"Dupla";"Reta";"Não";4;0;0;1;3;0;1;3;-27,6771;-48,67;"SPRF-SC";"DEL01-SC";"UOP02-DEL01-SC"
152595;2018-08-12;"domingo";"18:30:00";"RN";304;297;"MACAIBA";"Falta de Atenção à Condução";"Colisão transversal";"Com Vítimas Feridas";"Plena Noite";"Crescente";"Céu Claro";"Simples";"Reta";"Sim";2;0;1;0;1;0;1;2;-5,86513889;-35,35091937;"SPRF-RN";"DEL01-RN";"UOP02-DEL01-RN"
152596;2018-08-12;"domingo";"19:40:00";"SC";101;140;"BALNEARIO CAMBORIU";"Não guardar distância de segurança";"Colisão traseira";"Com Vítimas Feridas";"Plena Noite";"Decrescente";"Céu Claro";"Dupla";"Reta";"Não";2;0;1;0;1;0;1;2;-27,0478;-48,5981;"SPRF-SC";"DEL04-SC";"UOP03-DEL04-SC"
152597;2018-08-12;"domingo";"18:13:00";"MS";163;274,5;"DOURADOS";"Ultrapassagem Indevida";"Colisão traseira";"Com Vítimas Feridas";"Plena Noite";"Crescente";"Céu Claro";"Dupla";"Reta";"Não";2;0;1;0;0;1;1;2;-22,17193268;-54,66211528;"SPRF-MS";"DEL04-MS";"UOP01-DEL04-MS"
152601;2018-08-12;"domingo";"18:30:00";"MS";163;742;"COXIM";"Ingestão de Álcool";"Colisão com objeto estático";"Sem Vítimas";"Plena Noite";"Crescente";"Céu Claro";"Simples";"Ponte;Reta";"Não";1;0;0;0;1;0;0;1;-18,40757397;-54,67859841;"SPRF-MS";"DEL06-MS";"UOP01-DEL06-MS"
152602;2018-08-12;"domingo";"17:00:00";"MG";365;504;"PATROCINIO";"Não guardar distância de segurança";"Engavetamento";"Sem Vítimas";"Pleno dia";"Decrescente";"Céu Claro";"Simples";"Aclive";"Não";4;0;0;0;4;0;0;4;-18,944;-47,221;"SPRF-MG";"DEL10-MG";"UOP01-DEL10-MG"
152603;2018-07-29;"domingo";"17:30:00";"BA";101;512;"ITABUNA";"Defeito Mecânico no Veículo";"Incêndio";"Sem Vítimas";"Anoitecer";"Crescente";"Céu Claro";"Simples";"Declive";"Não";1;0;0;0;1;0;0;1;-14,8508;-39,2813;"SPRF-BA";"DEL05-BA";"UOP01-DEL05-BA"
152604;2018-08-12;"domingo";"18:00:00";"MG";40;461;"SETE LAGOAS";"Desobediência às normas de trânsito pelo condutor";"Colisão frontal";"Com Vítimas Feridas";"Plena Noite";"Crescente";"Céu Claro";"Simples";"Túnel";"Não";3;0;1;0;1;1;1;2;-19,4208;-44,3389;"SPRF-MG";"DEL02-MG";"UOP01-DEL02-MG"
152605;2018-08-12;"domingo";"19:40:00";"DF";70;8,7;"BRASILIA";"Desobediência às normas de trânsito pelo condutor";"Engavetamento";"Com Vítimas Feridas";"Plena Noite";"Crescente";"Céu Claro";"Dupla";"Reta";"Não";4;0;2;0;2;0;2;3;-15,78393236;-48,12849641;"SPRF-DF";"DEL01-DF";"UOP02-DEL03-DF"
152611;2018-08-12;"domingo";"18:50:00";"GO";153;435;"ANAPOLIS";"Falta de Atenção à Condução";"Engavetamento";"Sem Vítimas";"Anoitecer";"Crescente";"Céu Claro";"Simples";"Declive";"Sim";23;0;0;0;23;0;0;7;-16,28694061;-48,94405425;"SPRF-GO";"DEL02-GO";"UOP01-DEL02-GO"
152614;2018-08-12;"domingo";"19:50:00";"PR";373;423,9;"CANDOI";"Desobediência às normas de trânsito pelo condutor";"Colisão frontal";"Com Vítimas Fatais";"Plena Noite";"Crescente";"Céu Claro";"Simples";"Declive;Curva";"Não";7;1;2;2;1;1;4;3;-25,713907;-52,1941;"SPRF-PR";"DEL03-PR";"UOP01-DEL08-PR"
152615;2018-08-12;"domingo";"18:00:00";"CE";116;63,8;"CHOROZINHO";"Não guardar distância de segurança";"Colisão traseira";"Sem Vítimas";"Plena Noite";"Decrescente";"Céu Claro";"Simples";"Declive";"Não";4;0;0;0;4;0;0;4;-4,28808364;-38,49577188;"SPRF-CE";"DEL03-CE";"UOP02-DEL03-CE"
152617;2018-08-12;"domingo";"18:40:00";"PR";277;107;"CAMPO LARGO";"Falta de Atenção à Condução";"Colisão traseira";"Sem Vítimas";"Plena Noite";"Crescente";"Nublado";"Dupla";"Reta";"Não";2;0;0;0;2;0;0;2;-25,4325783;-49,43229675;"SPRF-PR";"DEL01-PR";"UOP06-DEL01-PR"
152619;2018-08-12;"domingo";"20:10:00";"PA";163;1004;"SANTAREM";"Desobediência às normas de trânsito pelo condutor";"Colisão lateral";"Sem Vítimas";"Plena Noite";"Decrescente";"Céu Claro";"Dupla";"Reta";"Sim";2;0;0;0;2;0;0;2;-2,43423487;-54,73374785;"SPRF-PA";"DEL05-PA";"UOP01-DEL05-PA"
152621;2018-08-12;"domingo";"19:28:00";"RJ";116;97,6;"TERESOPOLIS";"Falta de Atenção à Condução";"Colisão traseira";"Sem Vítimas";"Plena Noite";"Crescente";"Nevoeiro/Neblina";"Simples";"Declive";"Não";2;0;0;0;2;0;0;2;-22,478106;-42,996029;"SPRF-RJ";"DEL04-RJ";"UOP02-DEL04-RJ"
152622;2018-08-12;"domingo";"11:59:00";"RJ";101;59;"CAMPOS DOS GOYTACAZES";"Não guardar distância de segurança";"Engavetamento";"Com Vítimas Feridas";"Pleno dia";"Crescente";"Céu Claro";"Simples";"Reta";"Sim";5;0;1;0;3;1;1;3;-21,71364;-41,308613;"SPRF-RJ";"DEL08-RJ";"UOP01-DEL08-RJ"
152623;2018-08-12;"domingo";"18:42:00";"PA";316;53;"CASTANHAL";"Ingestão de Álcool";"Saída de leito carroçável";"Sem Vítimas";"Plena Noite";"Crescente";"Nublado";"Dupla";"Reta";"Sim";1;0;0;0;1;0;0;1;-1,30597249;-48,0105114;"SPRF-PA";"DEL01-PA";"UOP01-DEL01-PA"
152624;2018-08-12;"domingo";"19:30:00";"BA";101;525;"BUERAREMA";"Falta de Atenção à Condução";"Saída de leito carroçável";"Com Vítimas Feridas";"Plena Noite";"Decrescente";"Céu Claro";"Simples";"Reta";"Não";2;0;1;1;0;0;2;1;-14,9576;-39,3069;"SPRF-BA";"DEL05-BA";"UOP01-DEL05-BA"
152625;2018-08-12;"domingo";"20:20:00";"ES";101;1,8;"SERRA";"Defeito Mecânico no Veículo";"Tombamento";"Com Vítimas Feridas";"Plena Noite";"Decrescente";"Céu Claro";"Dupla";"Reta";"Sim";2;0;2;0;0;0;2;1;-20,2472617;-40,2842396;"SPRF-ES";"DEL02-ES";"UOP01-DEL02-ES"
152627;2018-08-12;"domingo";"18:25:00";"SC";101;90,2;"BARRA VELHA";"Falta de Atenção à Condução";"Colisão transversal";"Com Vítimas Feridas";"Plena Noite";"Crescente";"Céu Claro";"Simples";"Reta";"Sim";3;0;2;1;0;0;3;2;-26,66322714;-48,68911564;"SPRF-SC";"DEL03-SC";"UOP02-DEL03-SC"
152628;2018-08-12;"domingo";"19:40:00";"PR";487;177,2;"CAMPO MOURAO";"Falta de Atenção à Condução";"Colisão transversal";"Com Vítimas Feridas";"Plena Noite";"Crescente";"Céu Claro";"Simples";"Reta;Aclive";"Sim";4;0;0;2;2;0;2;2;-24,034819;-52,417782;"SPRF-PR";"DEL04-PR";"UOP03-DEL09-PR"
152629;2018-08-12;"domingo";"12:15:00";"RJ";101;75;"CAMPOS DOS GOYTACAZES";"Restrição de Visibilidade";"Colisão com objeto estático";"Com Vítimas Feridas";"Pleno dia";"Decrescente";"Sol";"Simples";"Reta";"Sim";1;0;1;0;0;0;1;1;-21,816547;-41,397705;"SPRF-RJ";"DEL08-RJ";"UOP02-DEL08-RJ"
152630;2018-08-12;"domingo";"20:20:00";"ES";262;55;"MARECHAL FLORIANO";"Falta de Atenção à Condução";"Colisão frontal";"Com Vítimas Feridas";"Plena Noite";"Crescente";"Céu Claro";"Simples";"Curva";"Não";2;0;0;1;1;0;1;2;-20,4090022;-40,7470587;"SPRF-ES";"DEL01-ES";"UOP01-DEL01-ES"
152631;2018-08-12;"domingo";"19:00:00";"SC";101;234;"PALHOCA";"Defeito Mecânico no Veículo";"Queda de ocupante de veículo";"Com Vítimas Feridas";"Plena Noite";"Decrescente";"Céu Claro";"Dupla";"Reta";"Não";1;0;1;0;0;0;1;1;-27,8181;-48,6313;"SPRF-SC";"DEL01-SC";"UOP02-DEL01-SC"
152632;2018-08-12;"domingo";"20:20:00";"RN";101;106,1;"PARNAMIRIM";"Ingestão de álcool e/ou substâncias psicoativas pelo pedestre";"Atropelamento de Pedestre";"Com Vítimas Feridas";"Plena Noite";"Crescente";"Céu Claro";"Dupla";"Reta";"Sim";2;0;1;1;0;0;2;2;-5,910553;-35,261307;"SPRF-RN";"DEL01-RN";"UOP01-DEL01-RN"
152633;2018-08-12;"domingo";"18:40:00";"RO";319;54;"PORTO VELHO";"Agressão Externa";"Saída de leito carroçável";"Com Vítimas Feridas";"Plena Noite";"Crescente";"Céu Claro";"Simples";"Reta";"Não";2;0;1;0;1;0;1;1;-8;-63;"SPRF-RO";"DEL01-RO";"UOP01-DEL01-RO"
152634;2018-08-12;"domingo";"16:00:00";"RJ";116;56,7;"TERESOPOLIS";"Desobediência às normas de trânsito pelo condutor";"Colisão traseira";"Com Vítimas Feridas";"Pleno dia";"Crescente";"Nublado";"Simples";"Reta";"Sim";3;0;0;1;1;1;1;3;-22,20968609;-42,89963186;"SPRF-RJ";"DEL04-RJ";"UOP01-DEL04-RJ"
152637;2018-08-12;"domingo";"20:15:00";"PR";376;632,3;"SAO JOSE DOS PINHAIS";"Não guardar distância de segurança";"Engavetamento";"Com Vítimas Feridas";"Plena Noite";"Decrescente";"Céu Claro";"Dupla";"Reta";"Não";10;0;2;1;7;0;3;3;-25,72073513;-49,13738251;"SPRF-PR";"DEL01-PR";"DEL7/1-UOP08/PR"
152638;2018-08-12;"domingo";"16:50:00";"RS";290;116,8;"ELDORADO DO SUL";"Falta de Atenção à Condução";"Engavetamento";"Com Vítimas Feridas";"Pleno dia";"Decrescente";"Sol";"Simples";"Reta";"Não";9;0;2;0;7;0;2;9;-30,046543;-51,367748;"SPRF-RS";"DEL02-RS";"UOP01-DEL02-RS"
152639;2018-08-12;"domingo";"20:00:00";"PE";316;49,2;"TRINDADE";"Deficiência ou não Acionamento do Sistema de Iluminação/Sinalização do Veículo";"Colisão traseira";"Com Vítimas Fatais";"Plena Noite";"Crescente";"Céu Claro";"Simples";"Reta";"Não";3;2;0;0;0;1;0;2;-7,713071;-40,328368;"SPRF-PE";"DEL05-PE";"UOP02-DEL05-PE"
152640;2018-08-12;"domingo";"21:15:00";"MG";262;803;"UBERABA";"Ingestão de Álcool";"Tombamento";"Com Vítimas Feridas";"Plena Noite";"Decrescente";"Céu Claro";"Dupla";"Interseção de Vias";"Sim";1;0;0;1;0;0;1;1;-19,775097;-47,972019;"SPRF-MG";"DEL13-MG";"UOP01-DEL13-MG"
152641;2018-08-08;"quarta-feira";"14:50:00";"GO";60;454,8;"JATAI";"Defeito Mecânico no Veículo";"Incêndio";"Sem Vítimas";"Pleno dia";"Crescente";"Nublado";"Dupla";"Curva";"Não";1;0;0;0;1;0;0;1;-17,8649112;-51,56901956;"SPRF-GO";"DEL05-GO";"UOP01-DEL05-GO"
152642;2018-08-12;"domingo";"12:10:00";"MG";116;582,6;"MANHUACU";"Falta de Atenção à Condução";"Colisão transversal";"Com Vítimas Feridas";"Pleno dia";"Decrescente";"Céu Claro";"Simples";"Reta";"Não";3;0;2;1;0;0;3;2;-20,197955;-42,182965;"SPRF-MG";"DEL06-MG";"UOP03-DEL06-MG"
152643;2018-08-12;"domingo";"21:00:00";"PR";116;103;"SAO JOSE DOS PINHAIS";"Ingestão de Álcool";"Queda de ocupante de veículo";"Com Vítimas Feridas";"Plena Noite";"Decrescente";"Céu Claro";"Dupla";"Curva";"Não";3;0;1;0;2;0;1;1;-25,559525;-49,151039;"SPRF-PR";"DEL01-PR";"UOP01-DEL01-PR"
152644;2018-08-12;"domingo";"18:45:00";"MG";262;32,3;"MANHUACU";"Falta de Atenção à Condução";"Colisão traseira";"Com Vítimas Feridas";"Plena Noite";"Crescente";"Nublado";"Simples";"Curva";"Não";3;0;2;0;1;0;2;2;-20,255568;-41,998169;"SPRF-MG";"DEL06-MG";"UOP03-DEL06-MG"
152645;2018-08-12;"domingo";"18:45:00";"ES";101;396,8;"RIO NOVO DO SUL";"Ingestão de Álcool";"Saída de leito carroçável";"Com Vítimas Feridas";"Plena Noite";"Crescente";"Céu Claro";"Simples";"Reta";"Sim";2;0;2;0;0;0;2;1;-20,86737347;-40,93887806;"SPRF-ES";"DEL03-ES";"UOP02-DEL03-ES"
152646;2018-08-12;"domingo";"21:20:00";"SP";116;216;"GUARULHOS";"Avarias e/ou desgaste excessivo no pneu";"Colisão com objeto estático";"Com Vítimas Feridas";"Plena Noite";"Crescente";"Nublado";"Múltipla";"Reta";"Sim";1;0;1;0;0;0;1;1;-23,45269558;-46,46728903;"SPRF-SP";"DEL01-SP";"UOP01-DEL01-SP"
152648;2018-08-12;"domingo";"10:10:00";"CE";20;411,5;"CAUCAIA";"Falta de Atenção à Condução";"Colisão lateral";"Com Vítimas Feridas";"Pleno dia";"Crescente";"Céu Claro";"Simples";"Reta";"Sim";3;0;2;0;1;0;2;2;-3,808397;-38,63784313;"SPRF-CE";"DEL01-CE";"UOP01-DEL01-CE"
152650;2018-08-12;"domingo";"18:00:00";"BA";110;79;"JEREMOABO";"Ingestão de Álcool";"Capotamento";"Sem Vítimas";"Anoitecer";"Decrescente";"Céu Claro";"Simples";"Curva";"Não";1;0;0;0;1;0;0;1;-10,0908;-38,3214;"SPRF-BA";"DEL07-BA";"UOP01-DEL07-BA"
152651;2018-08-12;"domingo";"21:30:00";"MG";267;148;"LIMA DUARTE";"Ingestão de Álcool";"Colisão com objeto estático";"Com Vítimas Feridas";"Plena Noite";"Crescente";"Céu Claro";"Simples";"Interseção de Vias";"Não";1;0;1;0;0;0;1;1;-21,7953244;-43,67749823;"SPRF-MG";"DEL05-MG";"UOP01-DEL05-MG"
152653;2018-08-12;"domingo";"21:15:00";"CE";116;507,8;"BREJO SANTO";"Falta de Atenção à Condução";"Colisão transversal";"Com Vítimas Feridas";"Plena Noite";"Crescente";"Céu Claro";"Simples";"Interseção de Vias;Reta";"Não";2;0;2;0;0;0;2;2;-7,53401658;-39,00527876;"SPRF-CE";"DEL05-CE";"UOP03-DEL05-CE"
152654;2018-08-12;"domingo";"21:23:00";"PR";163;83;"PLANALTO";"Desobediência às normas de trânsito pelo condutor";"Colisão transversal";"Com Vítimas Feridas";"Plena Noite";"Crescente";"Céu Claro";"Simples";"Interseção de Vias";"Não";6;0;1;0;5;0;1;2;-25,710034;-53,768619;"SPRF-PR";"DEL02-PR";"UOP02-DEL02-PR"
152656;2018-08-12;"domingo";"21:25:00";"RS";290;583,9;"ALEGRETE";"Animais na Pista";"Atropelamento de Animal";"Com Vítimas Feridas";"Plena Noite";"Decrescente";"Céu Claro";"Simples";"Reta";"Sim";1;0;1;0;0;0;1;1;-29,813101;-55,806679;"SPRF-RS";"DEL13-RS";"UOP02-DEL13-RS"