"id";"data_inversa";"dia_semana";"horario";"uf";"br";"km";"municipio";"causa_acidente";"tipo_acidente";"classificacao_acidente";"fase_dia";"sentido_via";"condicao_metereologica";"tipo_pista";"tracado_via";"uso_solo";"pessoas";"mortos";"feridos_leves";"feridos_graves";"ilesos";"ignorados";"feridos";"veiculos";"latitude";"longitude";"regional";"delegacia";"uop"
152885;2018-08-13;"segunda-feira";"19:20:00";"PR";277;601;"CASCAVEL";"Não guardar distância de segurança";"Colisão traseira";"Sem Vítimas";"Plena Noite";"Crescente";"Céu Claro";"Dupla";"Declive";"Não";2;0;0;0;2;0;0;2;-25,02443698;-53,55126919;"SPRF-PR";"DEL04-PR";"UOP01-DEL04-PR"
152889;2018-08-13;"segunda-feira";"21:30:00";"PI";316;0;"TERESINA";"Desobediência às normas de trânsito pelo condutor";"Colisão com objeto estático";"Com Vítimas Feridas";"Plena Noite";"Decrescente";"Céu Claro";"Simples";"Ponte";"Sim";3;0;1;1;0;1;2;1;-5,131168;-42,81564;"SPRF-PI";"DEL01-PI";"UOP02-DEL01-PI"
152890;2018-08-13;"segunda-feira";"21:30:00";"RJ";101;219;"SILVA JARDIM";"Mal Súbito";"Saída de leito carroçável";"Com Vítimas Feridas";"Plena Noite";"Decrescente";"Céu Claro";"Dupla";"Reta";"Não";2;0;1;0;1;0;1;1;-22,51169;-42,309006;"SPRF-RJ";"DEL02-RJ";"UOP03-DEL02-RJ"
152891;2018-08-13;"segunda-feira";"23:20:00";"GO";60;99;"ANAPOLIS";"Defeito Mecânico no Veículo";"Saída de leito carroçável";"Com Vítimas Feridas";"Plena Noite";"Decrescente";"Céu Claro";"Dupla";"Reta";"Sim";2;0;2;0;0;0;2;1;-16,3924;-48,9588;"SPRF-GO";"DEL02-GO";"UOP01-DEL02-GO"
152892;2018-05-13;"domingo";"19:25:00";"RN";304;180;"ANGICOS";"Defeito na Via";"Capotamento";"Com Vítimas Fatais";"Plena Noite";"Decrescente";"Céu Claro";"Simples";"Reta";"Não";2;1;0;0;1;0;0;1;-5,70003174;-36,25938892;"SPRF-RN";"DEL01-RN";"UOP03-DEL01-RN"
152895;2018-08-14;"terça-feira";"03:15:00";"GO";50;283,5;"CATALAO";"Falta de Atenção à Condução";"Colisão com objeto estático";"Com Vítimas Feridas";"Plena Noite";"Crescente";"Céu Claro";"Simples";"Declive";"Não";5;0;3;0;2;0;3;1;-18,1965;-47,9567;"SPRF-GO";"DEL06-GO";"UOP01-DEL06-GO"
152896;2018-08-14;"terça-feira";"01:40:00";"BA";101;185;"CONCEICAO DA FEIRA";"Animais na Pista";"Saída de leito carroçável";"Com Vítimas Feridas";"Plena Noite";"Decrescente";"Nevoeiro/Neblina";"Simples";"Reta";"Não";1;0;1;0;0;0;1;1;-12,4649;-38,9347;"SPRF-BA";"DEL01-BA";"UOP03-DEL01-BA"
152897;2018-08-14;"terça-feira";"03:00:00";"PI";343;12,6;"PARNAIBA";"Falta de Atenção à Condução";"Colisão transversal";"Com Vítimas Feridas";"Plena Noite";"Crescente";"Céu Claro";"Dupla";"Interseção de Vias";"Sim";3;0;0;2;1;0;2;2;-2,910035;-41,753662;"SPRF-PI";"DEL05-PI";"UOP01-DEL05-PI"
152901;2018-08-14;"terça-feira";"04:00:00";"MT";364;595;"DIAMANTINO";"Falta de Atenção à Condução";"Queda de ocupante de veículo";"Com Vítimas Feridas";"Plena Noite";"Decrescente";"Céu Claro";"Simples";"Curva";"Não";2;0;1;1;0;0;2;1;-14,552635;-56,225883;"SPRF-MT";"DEL01-MT";"UOP01-DEL01-MT"
152902;2018-08-14;"terça-feira";"05:00:00";"MS";163;530,6;"JARAGUARI";"Defeito Mecânico no Veículo";"Incêndio";"Sem Vítimas";"Amanhecer";"Crescente";"Céu Claro";"Dupla";"Reta";"Não";2;0;0;0;2;0;0;1;-20,067294;-54,424393;"SPRF-MS";"DEL01-MS";"UOP02-DEL01-MS"
152908;2018-08-14;"terça-feira";"06:25:00";"DF";40;5,5;"BRASILIA";"Desobediência às normas de trânsito pelo condutor";"Colisão frontal";"Com Vítimas Feridas";"Amanhecer";"Crescente";"Céu Claro";"Dupla";"Reta";"Sim";2;0;1;0;1;0;1;2;-16,0250513;-47,9797116;"SPRF-DF";"DEL01-DF";"UOP01-DEL01-DF"
152909;2018-08-14;"terça-feira";"06:35:00";"GO";20;8,1;"FORMOSA";"Condutor Dormindo";"Saída de leito carroçável";"Com Vítimas Feridas";"Amanhecer";"Crescente";"Céu Claro";"Simples";"Aclive";"Não";1;0;1;0;0;0;1;1;-15,551153;-47,283253;"SPRF-DF";"DEL02-DF";"UOP01-DEL02-DF"
152910;2018-08-14;"terça-feira";"07:00:00";"CE";222;224,8;"SOBRAL";"Desobediência às normas de trânsito pelo condutor";"Colisão transversal";"Com Vítimas Feridas";"Pleno dia";"Decrescente";"Céu Claro";"Simples";"Reta";"Não";2;0;0;1;1;0;1;2;-3,71179;-40,34383;"SPRF-CE";"DEL04-CE";"UOP01-DEL04-CE"
152911;2018-08-14;"terça-feira";"06:55:00";"CE";20;335,3;"CARIDADE";"Desobediência às normas de trânsito pelo condutor";"Colisão transversal";"Com Vítimas Feridas";"Pleno dia";"Crescente";"Céu Claro";"Simples";"Interseção de Vias";"Não";2;0;1;0;1;0;1;2;-4,16289749;-39,15081024;"SPRF-CE";"DEL02-CE";"UOP01-DEL02-CE"
152913;2018-08-14;"terça-feira";"06:33:00";"SC";470;53;"BLUMENAU";"Mal Súbito";"Tombamento";"Sem Vítimas";"Pleno dia";"Decrescente";"Nublado";"Simples";"Reta";"Sim";1;0;0;0;1;0;0;1;-26,86250347;-49,09182246;"SPRF-SC";"DEL04-SC";"UOP01-DEL04-SC"
152914;2018-08-13;"segunda-feira";"21:35:00";"DF";20;28;"BRASILIA";"Ingestão de Substâncias Psicoativas";"Saída de leito carroçável";"Sem Vítimas";"Plena Noite";"Decrescente";"Céu Claro";"Dupla";"Reta";"Não";1;0;0;0;1;0;0;1;-15,598319;-47,621925;"SPRF-DF";"DEL02-DF";"UOP01-DEL02-DF"
152916;2018-08-13;"segunda-feira";"11:50:00";"MG";262;486;"BOM DESPACHO";"Defeito Mecânico no Veículo";"Queda de ocupante de veículo";"Com Vítimas Feridas";"Pleno dia";"Decrescente";"Céu Claro";"Simples";"Reta";"Não";1;0;1;0;0;0;1;1;-19,78223;-45,266243;"SPRF-MG";"DEL08-MG";"UOP03-DEL08-MG"
152919;2018-08-14;"terça-feira";"07:45:00";"PA";316;3,9;"ANANINDEUA";"Não guardar distância de segurança";"Colisão com objeto em movimento";"Com Vítimas Feridas";"Pleno dia";"Crescente";"Céu Claro";"Dupla";"Reta";"Sim";2;0;1;0;1;0;1;2;-1,3862342;-48,40796113;"SPRF-PA";"DEL01-PA";"DEL19/1-UOP05/PA"
152920;2018-08-14;"terça-feira";"08:05:00";"SC";101;121,7;"ITAJAI";"Falta de Atenção à Condução";"Colisão traseira";"Com Vítimas Feridas";"Pleno dia";"Crescente";"Sol";"Dupla";"Reta";"Não";2;0;0;1;1;0;1;2;-26,9297;-48,7048;"SPRF-SC";"DEL04-SC";"UOP04-DEL04-SC"
152922;2018-08-02;"quinta-feira";"17:40:00";"PB";230;24;"JOAO PESSOA";"Não guardar distância de segurança";"Colisão traseira";"Com Vítimas Feridas";"Plena Noite";"Crescente";"Céu Claro";"Dupla";"Aclive";"Sim";2;0;1;0;1;0;1;2;-7,165502;-34,8628056;"SPRF-PB";"DEL01-PB";"UOP01-DEL01-PB"
152923;2018-04-25;"quarta-feira";"14:40:00";"GO";50;183,4;"CAMPO ALEGRE DE GOIAS";"Mal Súbito";"Saída de leito carroçável";"Com Vítimas Feridas";"Pleno dia";"Decrescente";"Céu Claro";"Dupla";"Reta;Declive";"Não";2;0;1;0;1;0;1;1;-17,4328;-47,7986;"SPRF-GO";"DEL06-GO";"UOP01-DEL06-GO"
152924;2018-08-14;"terça-feira";"07:15:00";"GO";153;508,5;"APARECIDA DE GOIANIA";"Não guardar distância de segurança";"Colisão traseira";"Com Vítimas Feridas";"Pleno dia";"Decrescente";"Céu Claro";"Dupla";"Reta";"Não";3;0;1;0;2;0;1;3;-16,7804;-49,2371;"SPRF-GO";"DEL01-GO";"UOP03-DEL01-GO"
152926;2018-08-14;"terça-feira";"07:45:00";"RS";392;674;"SALVADOR DAS MISSOES";"Fenômenos da Natureza";"Colisão traseira";"Sem Vítimas";"Pleno dia";"Decrescente";"Sol";"Simples";"Reta";"Não";3;0;0;0;3;0;0;3;-28,1199;-54,846134;"SPRF-RS";"DEL10-RS";"UOP01-DEL10-RS"
152927;2018-08-14;"terça-feira";"08:15:00";"PR";277;586;"CASCAVEL";"Restrição de Visibilidade";"Tombamento";"Com Vítimas Feridas";"Pleno dia";"Decrescente";"Céu Claro";"Simples";"Reta";"Não";1;0;1;0;0;0;1;1;-24,96781307;-53,42563391;"SPRF-PR";"DEL04-PR";"UOP01-DEL04-PR"
152931;2018-08-14;"terça-feira";"07:10:00";"MG";381;477;"CONTAGEM";"Não guardar distância de segurança";"Colisão lateral";"Com Vítimas Feridas";"Amanhecer";"Decrescente";"Céu Claro";"Dupla";"Reta";"Sim";3;0;2;0;1;0;2;2;-19,9605;-44,0357;"SPRF-MG";"DEL01-MG";"UOP03-DEL01-MG"
152932;2018-08-14;"terça-feira";"07:35:00";"BA";324;618;"SALVADOR";"Avarias e/ou desgaste excessivo no pneu";"Saída de leito carroçável";"Com Vítimas Feridas";"Pleno dia";"Crescente";"Nublado";"Múltipla";"Reta";"Sim";2;0;2;0;0;0;2;1;-12,89967537;-38,45114517;"SPRF-BA";"DEL01-BA";"UOP01-DEL01-BA"
152933;2018-08-14;"terça-feira";"08:20:00";"SP";153;72,8;"SAO JOSE DO RIO PRETO";"Falta de Atenção à Condução";"Tombamento";"Com Vítimas Feridas";"Pleno dia";"Decrescente";"Sol";"Simples";"Declive";"Não";1;0;1;0;0;0;1;1;-20,867146;-49,42038774;"SPRF-SP";"DEL09-SP";"UOP01-DEL09-SP"
152934;2018-08-14;"terça-feira";"08:30:00";"SC";101;201,5;"SAO JOSE";"Falta de Atenção à Condução";"Colisão lateral";"Com Vítimas Feridas";"Pleno dia";"Crescente";"Céu Claro";"Dupla";"Reta";"Sim";2;0;1;0;1;0;1;2;-27,5572;-48,6188;"SPRF-SC";"DEL01-SC";"UOP01-DEL01-SC"
152936;2018-08-14;"terça-feira";"05:40:00";"MT";163;102,5;"RONDONOPOLIS";"Falta de Atenção à Condução";"Saída de leito carroçável";"Com Vítimas Feridas";"Amanhecer";"Decrescente";"Céu Claro";"Dupla";"Reta";"Não";3;0;2;1;0;0;3;1;-16,64506;-54,689938;"SPRF-MT";"DEL02-MT";"DEL2/2-UOP02/MT"
152937;2018-08-13;"segunda-feira";"05:30:00";"SC";282;118,1;"ALFREDO WAGNER";"Defeito Mecânico no Veículo";"Incêndio";"Sem Vítimas";"Amanhecer";"Crescente";"Céu Claro";"Simples";"Curva";"Não";1;0;0;0;1;0;0;1;-27,7774516;-49,4119671;"SPRF-SC";"DEL05-SC";"UOP01-DEL05-SC"
152938;2018-08-14;"terça-feira";"08:30:00";"BA";324;564,3;"SAO SEBASTIAO DO PASSE";"Defeito Mecânico no Veículo";"Incêndio";"Sem Vítimas";"Pleno dia";"Crescente";"Nublado";"Dupla";"Reta";"Não";5;0;0;0;5;0;0;1;-12,5229706;-38,6126147;"SPRF-BA";"DEL01-BA";"UOP01-DEL01-BA"
152939;2018-08-14;"terça-feira";"06:00:00";"TO";242;285;"PEIXE";"Defeito Mecânico no Veículo";"Saída de leito carroçável";"Com Vítimas Feridas";"Amanhecer";"Decrescente";"Céu Claro";"Simples";"Curva";"Não";2;0;1;0;1;0;1;1;-12,223852;-48,471446;"SPRF-TO";"DEL02-TO";"UOP02-DEL01-TO"
152942;2018-08-14;"terça-feira";"07:30:00";"MG";116;703,3;"MURIAE";"Desobediência às normas de trânsito pelo condutor";"Tombamento";"Com Vítimas Feridas";"Pleno dia";"Decrescente";"Céu Claro";"Simples";"Curva";"Sim";1;0;1;0;0;0;1;1;-21,11617009;-42,37958908;"SPRF-MG";"DEL07-MG";"UOP02-DEL07-MG"
152948;2018-08-14;"terça-feira";"09:30:00";"RS";116;40,4;"VACARIA";"Falta de Atenção à Condução";"Colisão transversal";"Sem Vítimas";"Pleno dia";"Crescente";"Céu Claro";"Simples";"Rotatória";"Sim";2;0;0;0;2;0;0;2;-28,52062712;-50,94192982;"SPRF-RS";"DEL05-RS";"UOP03-DEL05-RS"
152951;2018-08-14;"terça-feira";"10:30:00";"PA";316;21;"BENEVIDES";"Defeito na Via";"Tombamento";"Com Vítimas Feridas";"Pleno dia";"Crescente";"Sol";"Dupla";"Curva";"Sim";1;0;1;0;0;0;1;1;-1,360972;-48,262413;"SPRF-PA";"DEL01-PA";"DEL19/1-UOP05/PA"
152952;2018-08-14;"terça-feira";"10:15:00";"PA";230;116,1;"MARABA";"Desobediência às normas de trânsito pelo condutor";"Colisão transversal";"Com Vítimas Feridas";"Pleno dia";"Decrescente";"Céu Claro";"Dupla";"Retorno Regulamentado";"Sim";2;0;1;0;1;0;1;2;-5,35935372;-49,08362031;"SPRF-PA";"DEL03-PA";"UOP01-DEL03-PA"
152955;2018-08-14;"terça-feira";"10:15:00";"SC";282;4,1;"SAO JOSE";"Falta de Atenção à Condução";"Colisão transversal";"Com Vítimas Feridas";"Pleno dia";"Decrescente";"Céu Claro";"Dupla";"Interseção de Vias";"Sim";2;0;1;0;1;0;1;2;-27,59235009;-48,60577404;"SPRF-SC";"DEL01-SC";"UOP01-DEL01-SC"
152956;2018-08-14;"terça-feira";"09:30:00";"MT";364;269,8;"JACIARA";"Desobediência às normas de trânsito pelo pedestre";"Colisão frontal";"Com Vítimas Feridas";"Pleno dia";"Crescente";"Sol";"Simples";"Aclive;Curva";"Não";2;0;1;0;1;0;1;1;-15,974228;-54,938;"SPRF-MT";"DEL02-MT";"UOP02-DEL05-MT"
152958;2018-07-11;"quarta-feira";"17:48:00";"PB";230;28;"JOAO PESSOA";"Não guardar distância de segurança";"Colisão traseira";"Com Vítimas Feridas";"Anoitecer";"Decrescente";"Céu Claro";"Dupla";"Viaduto";"Não";3;0;1;0;1;1;1;2;-7,16551265;-34,89659071;"SPRF-PB";"DEL01-PB";"UOP01-DEL01-PB"
152959;2018-08-14;"terça-feira";"11:30:00";"RN";110;47;"MOSSORO";"Não guardar distância de segurança";"Colisão traseira";"Sem Vítimas";"Pleno dia";"Crescente";"Céu Claro";"Simples";"Reta";"Sim";2;0;0;0;2;0;0;2;-5,20331364;-37,32563674;"SPRF-RN";"DEL04-RN";"UOP01-DEL04-RN"
152961;2018-06-24;"domingo";"18:00:00";"BA";101;290;"LAJE";"Ultrapassagem Indevida";"Colisão frontal";"Com Vítimas Feridas";"Anoitecer";"Decrescente";"Céu Claro";"Simples";"Declive;Reta";"Sim";5;0;0;1;0;4;1;3;-13,17381774;-39,32298124;"SPRF-BA";"DEL01-BA";"UOP02-DEL01-BA"
152963;2018-08-14;"terça-feira";"10:45:00";"SP";116;227,6;"SAO PAULO";"Falta de Atenção à Condução";"Colisão traseira";"Sem Vítimas";"Pleno dia";"Crescente";"Céu Claro";"Múltipla";"Reta";"Sim";3;0;0;0;3;0;0;2;-23,50337537;-46,56693533;"SPRF-SP";"DEL01-SP";"UOP01-DEL01-SP"
152964;2018-08-14;"terça-feira";"11:15:00";"PR";277;360,4;"GUARAPUAVA";"Velocidade Incompatível";"Colisão com objeto estático";"Com Vítimas Feridas";"Pleno dia";"Decrescente";"Sol";"Simples";"Reta";"Não";1;0;0;1;0;0;1;1;-25,2664;-51,365;"SPRF-PR";"DEL03-PR";"UOP01-DEL08-PR"
152965;2018-08-14;"terça-feira";"11:55:00";"MG";50;69;"UBERLANDIA";"Falta de Atenção à Condução";"Colisão traseira";"Sem Vítimas";"Pleno dia";"Crescente";"Céu Claro";"Dupla";"Viaduto";"Sim";2;0;0;0;2;0;0;2;-18,8907;-48,256;"SPRF-MG";"DEL15-MG";"UOP01-DEL15-MG"
152967;2018-08-14;"terça-feira";"10:45:00";"SP";116;111,5;"TAUBATE";"Não guardar distância de segurança";"Colisão traseira";"Com Vítimas Feridas";"Pleno dia";"Crescente";"Nublado";"Dupla";"Reta";"Não";7;0;6;0;1;0;6;2;-23,038872;-45,560974;"SPRF-SP";"DEL06-SP";"UOP02-DEL02-SP"
152968;2018-08-14;"terça-feira";"12:05:00";"DF";20;3;"BRASILIA";"Falta de Atenção à Condução";"Colisão lateral";"Com Vítimas Feridas";"Pleno dia";"Crescente";"Céu Claro";"Dupla";"Reta";"Não";2;0;1;0;1;0;1;2;-15,680645;-47,833772;"SPRF-DF";"DEL02-DF";"UOP01-DEL02-DF"
152969;2018-08-14;"terça-feira";"12:00:00";"ES";101;266,4;"SERRA";"Agressão Externa";"Tombamento";"Com Vítimas Feridas";"Pleno dia";"Crescente";"Céu Claro";"Múltipla";"Reta";"Sim";1;0;1;0;0;0;1;1;-20,1945462;-40,26875496;"SPRF-ES";"DEL02-ES";"UOP01-DEL02-ES"
152970;2018-08-14;"terça-feira";"11:25:00";"SP";116;269;"TABOAO DA SERRA";"Não guardar distância de segurança";"Queda de ocupante de veículo";"Com Vítimas Feridas";"Pleno dia";"Crescente";"Céu Claro";"Dupla";"Reta";"Sim";1;0;1;0;0;0;1;1;-23,6085875;-46,75859034;"SPRF-SP";"DEL04-SP";"UOP01-DEL04-SP"
152973;2018-08-14;"terça-feira";"12:30:00";"GO";60;165,9;"GOIANIA";"Falta de Atenção à Condução";"Colisão frontal";"Com Vítimas Feridas";"Pleno dia";"Crescente";"Sol";"Dupla";"Reta";"Sim";3;0;2;0;1;0;2;2;-16,71343887;-49,35893297;"SPRF-GO";"DEL01-GO";"UOP02-DEL01-GO"
152974;2018-08-12;"domingo";"02:00:00";"RS";472;403,3;"SAO BORJA";"Defeito Mecânico no Veículo";"Incêndio";"Sem Vítimas";"Plena Noite";"Crescente";"Céu Claro";"Simples";"Reta";"Não";1;0;0;0;1;0;0;1;-28,672972;-55,966007;"SPRF-RS";"DEL12-RS";"UOP01-DEL12-RS"
152976;2018-08-14;"terça-feira";"12:20:00";"SC";282;444,8;"PONTE SERRADA";"Falta de Atenção à Condução";"Queda de ocupante de veículo";"Com Vítimas Feridas";"Pleno dia";"Crescente";"Céu Claro";"Simples";"Curva";"Não";1;0;1;0;0;0;1;1;-26,91112;-51,90466;"SPRF-SC";"DEL07-SC";"UOP04-DEL07-SC"
152977;2018-08-13;"segunda-feira";"02:30:00";"MA";230;474,3;"RIACHAO";"Deficiência ou não Acionamento do Sistema de Iluminação/Sinalização do Veículo";"Saída de leito carroçável";"Com Vítimas Fatais";"Amanhecer";"Decrescente";"Chuva";"Simples";"Declive;Reta";"Sim";1;1;0;0;0;0;0;1;-7,37540538;-46,63764954;"SPRF-MA";"DEL05-MA";"UOP01-DEL05-MA"
152979;2018-08-14;"terça-feira";"12:25:00";"GO";153;680,6;"PANAMA";"Falta de Atenção à Condução";"Saída de leito carroçável";"Com Vítimas Feridas";"Pleno dia";"Decrescente";"Sol";"Dupla";"Aclive";"Não";1;0;1;0;0;0;1;1;-18,2247;-49,266;"SPRF-GO";"DEL03-GO";"UOP02-DEL03-GO"
152981;2018-08-14;"terça-feira";"13:30:00";"TO";153;425,7;"MIRACEMA DO TOCANTINS";"Pista Escorregadia";"Capotamento";"Com Vítimas Feridas";"Pleno dia";"Decrescente";"Nublado";"Simples";"Reta";"Não";2;0;2;0;0;0;2;1;-9,632001;-48,635714;"SPRF-TO";"DEL02-TO";"UOP01-DEL01-TO"
152985;2018-08-14;"terça-feira";"11:45:00";"MG";262;800;"UBERABA";"Desobediência às normas de trânsito pelo condutor";"Colisão traseira";"Com Vítimas Feridas";"Pleno dia";"Decrescente";"Céu Claro";"Dupla";"Reta";"Sim";2;0;1;0;1;0;1;2;-19,777964;-47,9268;"SPRF-MG";"DEL13-MG";"UOP01-DEL13-MG"
152987;2018-03-03;"sábado";"13:00:00";"RN";406;157,2;"CEARA-MIRIM";"Condutor Dormindo";"Colisão lateral";"Com Vítimas Feridas";"Pleno dia";"Crescente";"Chuva";"Simples";"Reta";"Não";9;0;4;3;2;0;7;4;-5,70319746;-35,38078308;"SPRF-RN";"DEL02-RN";"UOP01-DEL02-RN"
152988;2018-08-14;"terça-feira";"13:15:00";"GO";153;500,3;"GOIANIA";"Avarias e/ou desgaste excessivo no pneu";"Queda de ocupante de veículo";"Com Vítimas Feridas";"Pleno dia";"Decrescente";"Céu Claro";"Dupla";"Reta";"Sim";1;0;1;0;0;0;1;1;-16,7118;-49,2324;"SPRF-GO";"DEL01-GO";"UOP01-DEL01-GO"
152990;2018-08-14;"terça-feira";"13:55:00";"CE";116;458,9;"BARRO";"Falta de Atenção à Condução";"Saída de leito carroçável";"Com Vítimas Feridas";"Pleno dia";"Crescente";"Sol";"Simples";"Curva;Declive";"Não";2;0;1;0;1;0;1;1;-7,20042173;-38,80383968;"SPRF-CE";"DEL05-CE";"UOP03-DEL05-CE"
152991;2018-08-14;"terça-feira";"13:55:00";"PI";316;4,9;"TERESINA";"Não guardar distância de segurança";"Colisão traseira";"Com Vítimas Feridas";"Pleno dia";"Crescente";"Céu Claro";"Simples";"Declive";"Sim";2;0;1;0;1;0;1;2;-5,14376543;-42,77857304;"SPRF-PI";"DEL01-PI";"UOP02-DEL01-PI"
152994;2018-08-14;"terça-feira";"12:30:00";"SP";116;269;"TABOAO DA SERRA";"Falta de Atenção do Pedestre";"Queda de ocupante de veículo";"Com Vítimas Feridas";"Pleno dia";"Decrescente";"Céu Claro";"Múltipla";"Reta";"Sim";2;0;1;0;1;0;1;2;-23,6088431;-46,75802171;"SPRF-SP";"DEL04-SP";"UOP01-DEL04-SP"
152995;2018-08-14;"terça-feira";"11:00:00";"RS";116;262;"CANOAS";"Defeito Mecânico no Veículo";"Incêndio";"Sem Vítimas";"Pleno dia";"Crescente";"Céu Claro";"Simples";"Reta";"Sim";1;0;0;0;1;0;0;1;-29,90461371;-51,17691815;"SPRF-RS";"DEL01-RS";"UOP01-DEL01-RS"
152996;2018-08-14;"terça-feira";"14:10:00";"SC";101;208;"SAO JOSE";"Velocidade Incompatível";"Colisão transversal";"Com Vítimas Feridas";"Pleno dia";"Decrescente";"Céu Claro";"Dupla";"Reta";"Sim";3;0;1;1;1;0;2;2;-27,6101;-48,6388;"SPRF-SC";"DEL01-SC";"UOP01-DEL01-SC"
152997;2018-08-14;"terça-feira";"14:30:00";"RJ";393;277,2;"BARRA DO PIRAI";"Condutor Dormindo";"Capotamento";"Com Vítimas Feridas";"Pleno dia";"Crescente";"Céu Claro";"Simples";"Reta";"Não";1;0;1;0;0;0;1;1;-22,47449251;-43,99131775;"SPRF-RJ";"DEL05-RJ";"UOP04-DEL05-RJ"
152998;2018-08-14;"terça-feira";"14:35:00";"SC";280;52,3;"GUARAMIRIM";"Falta de Atenção à Condução";"Colisão transversal";"Com Vítimas Feridas";"Pleno dia";"Crescente";"Céu Claro";"Simples";"Reta";"Sim";2;0;1;0;1;0;1;2;-26,468904;-48,96492;"SPRF-SC";"DEL03-SC";"UOP03-DEL03-SC"
152999;2018-08-14;"terça-feira";"13:00:00";"PR";369;186,1;"ARAPONGAS";"Desobediência às normas de trânsito pelo condutor";"Queda de ocupante de veículo";"Com Vítimas Feridas";"Pleno dia";"Crescente";"Céu Claro";"Simples";"Rotatória";"Sim";3;0;1;0;0;2;1;3;-23,4341956;-51,42212679;"SPRF-PR";"DEL07-PR";"UOP03-DEL07-PR"
153000;2018-06-15;"sexta-feira";"06:40:00";"RJ";116;179,1;"NOVA IGUACU";"Falta de Atenção à Condução";"Colisão lateral";"Com Vítimas Feridas";"Pleno dia";"Decrescente";"Nublado";"Dupla";"Reta";"Sim";2;0;1;0;1;0;1;2;-22,74331551;-43,45083654;"SPRF-RJ";"DEL01-RJ";"UOP02-DEL01-RJ"
153004;2018-08-14;"terça-feira";"15:15:00";"ES";101;146;"LINHARES";"Falta de Atenção à Condução";"Colisão transversal";"Com Vítimas Feridas";"Pleno dia";"Crescente";"Céu Claro";"Simples";"Interseção de Vias";"Sim";2;0;1;0;1;0;1;2;-19,39461438;-40,06510019;"SPRF-ES";"DEL04-ES";"UOP01-DEL04-ES"
153007;2018-08-14;"terça-feira";"15:40:00";"SE";235;49,5;"ITABAIANA";"Ingestão de Álcool";"Colisão transversal";"Com Vítimas Feridas";"Pleno dia";"Crescente";"Céu Claro";"Simples";"Reta";"Sim";2;0;0;1;1;0;1;2;-10,71239399;-37,42381096;"SPRF-SE";"DEL01-SE";"UOP02-DEL01-SE"
153008;2018-08-14;"terça-feira";"15:20:00";"SP";116;270,3;"TABOAO DA SERRA";"Falta de Atenção à Condução";"Colisão lateral";"Com Vítimas Feridas";"Pleno dia";"Crescente";"Céu Claro";"Múltipla";"Reta";"Não";2;0;1;0;1;0;1;2;-23,6088431;-46,76959276;"SPRF-SP";"DEL04-SP";"UOP01-DEL04-SP"
153010;2018-08-14;"terça-feira";"14:18:00";"RO";364;13;"VILHENA";"Falta de Atenção à Condução";"Colisão transversal";"Com Vítimas Feridas";"Pleno dia";"Decrescente";"Céu Claro";"Dupla";"Rotatória";"Não";2;0;1;0;1;0;1;2;-12,7414;-60,130264;"SPRF-RO";"DEL04-RO";"UOP01-DEL04-RO"
153013;2018-08-14;"terça-feira";"14:30:00";"PE";104;49,1;"CARUARU";"Condutor Dormindo";"Colisão com objeto estático";"Sem Vítimas";"Pleno dia";"Crescente";"Sol";"Dupla";"Reta";"Não";1;0;0;0;1;0;0;1;-8,145208;-35,986621;"SPRF-PE";"DEL02-PE";"UOP01-DEL02-PE"
153014;2018-08-14;"terça-feira";"15:45:00";"TO";153;500;"PARAISO DO TOCANTINS";"Avarias e/ou desgaste excessivo no pneu";"Tombamento";"Com Vítimas Feridas";"Pleno dia";"Decrescente";"Nublado";"Simples";"Reta";"Não";3;0;3;0;0;0;3;1;-10,22350293;-48,87561142;"SPRF-TO";"DEL02-TO";"UOP01-DEL01-TO"
153016;2018-08-14;"terça-feira";"15:50:00";"SP";153;136,6;"UBARANA";"Falta de Atenção à Condução";"Colisão traseira";"Com Vítimas Feridas";"Pleno dia";"Crescente";"Céu Claro";"Simples";"Ponte";"Não";2;0;1;0;1;0;1;2;-21,292103;-49,792702;"SPRF-SP";"DEL07-SP";"UOP01-DEL07-SP"
153017;2018-08-14;"terça-feira";"15:40:00";"MG";365;766,6;"ITUIUTABA";"Objeto estático sobre o leito carroçável";"Capotamento";"Com Vítimas Feridas";"Pleno dia";"Crescente";"Céu Claro";"Simples";"Reta";"Não";5;0;1;0;4;0;1;1;-18,96302432;-49,5972459;"SPRF-MG";"DEL15-MG";"UOP03-DEL15-MG"
153019;2018-08-14;"terça-feira";"12:50:00";"MT";70;2;"BARRA DO GARCAS";"Falta de Atenção à Condução";"Colisão traseira";"Com Vítimas Feridas";"Pleno dia";"Decrescente";"Céu Claro";"Simples";"Reta";"Sim";3;0;2;0;1;0;2;2;-15,8852606;-52,27151155;"SPRF-MT";"DEL07-MT";"UOP01-DEL07-MT"
153020;2018-08-14;"terça-feira";"16:15:00";"SP";116;158,7;"JACAREI";"Avarias e/ou desgaste excessivo no pneu";"Tombamento";"Com Vítimas Feridas";"Pleno dia";"Crescente";"Céu Claro";"Dupla";"Reta;Declive";"Sim";2;0;2;0;0;0;2;1;-23,26258883;-45,9549504;"SPRF-SP";"DEL02-SP";"UOP01-DEL02-SP"
153024;2018-07-11;"quarta-feira";"04:30:00";"RJ";116;190;"QUEIMADOS";"Animais na Pista";"Atropelamento de Animal";"Com Vítimas Feridas";"Plena Noite";"Crescente";"Nublado";"Dupla";"Curva";"Sim";1;0;1;0;0;0;1;1;-22,73122374;-43,55873108;"SPRF-RJ";"DEL01-RJ";"UOP03-DEL01-RJ"