"id";"data_inversa";"dia_semana";"horario";"uf";"br";"km";"municipio";"causa_acidente";"tipo_acidente";"classificacao_acidente";"fase_dia";"sentido_via";"condicao_metereologica";"tipo_pista";"tracado_via";"uso_solo";"pessoas";"mortos";"feridos_leves";"feridos_graves";"ilesos";"ignorados";"feridos";"veiculos";"latitude";"longitude";"regional";"delegacia";"uop"
153150;2018-08-04;"sábado";"07:35:00";"MG";381;724,5;"CARMO DA CACHOEIRA";"Velocidade Incompatível";"Capotamento";"Com Vítimas Feridas";"Pleno dia";"Decrescente";"Chuva";"Dupla";"Curva";"Não";1;0;1;0;0;0;1;1;-21,47847978;-45,20106546;"SPRF-MG";"DEL04-MG";"UOP02-DEL04-MG"
153152;2018-08-15;"quarta-feira";"09:30:00";"MG";40;479;"SETE LAGOAS";"Defeito Mecânico no Veículo";"Tombamento";"Com Vítimas Feridas";"Pleno dia";"Crescente";"Céu Claro";"Dupla";"Declive";"Não";2;0;2;0;0;0;2;1;-19,546;-44,2473;"SPRF-MG";"DEL02-MG";"UOP01-DEL02-MG"
153156;2018-08-15;"quarta-feira";"07:32:00";"MG";262;372;"JUATUBA";"Defeito Mecânico no Veículo";"Tombamento";"Com Vítimas Feridas";"Pleno dia";"Crescente";"Sol";"Dupla";"Reta";"Não";1;0;1;0;0;0;1;1;-19,9499;-44,38;"SPRF-MG";"DEL01-MG";"UOP03-DEL01-MG"
153157;2018-08-15;"quarta-feira";"07:40:00";"SC";101;417,9;"ARARANGUA";"Falta de Atenção à Condução";"Colisão transversal";"Com Vítimas Feridas";"Pleno dia";"Decrescente";"Nublado";"Simples";"Reta";"Sim";2;0;1;0;1;0;1;2;-28,9784;-49,5348;"SPRF-SC";"DEL02-SC";"UOP02-DEL02-SC"
153159;2018-05-07;"segunda-feira";"08:07:00";"RJ";101;314;"SAO GONCALO";"Desobediência às normas de trânsito pelo condutor";"Queda de ocupante de veículo";"Com Vítimas Feridas";"Pleno dia";"Crescente";"Ignorado";"Dupla";"Reta";"Não";1;0;1;0;0;0;1;1;-22,82002678;-43,08173776;"SPRF-RJ";"DEL02-RJ";"DEL5/2-UOP04/RJ"
153160;2018-08-15;"quarta-feira";"08:50:00";"MA";10;255,4;"IMPERATRIZ";"Desobediência às normas de trânsito pelo condutor";"Colisão transversal";"Com Vítimas Feridas";"Pleno dia";"Decrescente";"Nublado";"Simples";"Reta";"Sim";3;0;2;0;1;0;2;2;-5,50651152;-47,47207403;"SPRF-MA";"DEL04-MA";"UOP01-DEL04-MA"
153161;2018-08-15;"quarta-feira";"09:40:00";"MG";40;740,4;"SANTOS DUMONT";"Falta de Atenção à Condução";"Colisão lateral";"Com Vítimas Feridas";"Pleno dia";"Decrescente";"Céu Claro";"Simples";"Aclive;Curva";"Não";2;0;1;0;1;0;1;2;-21,4301;-43,5563;"SPRF-MG";"DEL05-MG";"UOP01-DEL05-MG"
153171;2018-08-15;"quarta-feira";"09:00:00";"PI";316;316;"PICOS";"Falta de Atenção à Condução";"Saída de leito carroçável";"Com Vítimas Feridas";"Pleno dia";"Decrescente";"Céu Claro";"Simples";"Reta";"Sim";1;0;1;0;0;0;1;1;-7,08930908;-41,40386581;"SPRF-PI";"DEL04-PI";"UOP01-DEL04-PI"
153175;2018-08-15;"quarta-feira";"10:20:00";"TO";0;0;"ARAGUAINA";"Velocidade Incompatível";"Colisão lateral";"Com Vítimas Feridas";"Pleno dia";"Não Informado";"Nublado";"Simples";"Reta";"Sim";3;0;1;0;2;0;1;2;-7,20244945;-48,2299161;"SPRF-TO";"DEL02-TO";"UOP01-DEL02-TO"
153178;2018-08-15;"quarta-feira";"10:20:00";"PR";277;30,6;"MORRETES";"Falta de Atenção à Condução";"Colisão lateral";"Com Vítimas Feridas";"Pleno dia";"Decrescente";"Céu Claro";"Dupla";"Em Obras";"Não";2;0;1;0;1;0;1;2;-25,55243109;-48,7994349;"SPRF-PR";"DEL01-PR";"UOP05-DEL01-PR"
153179;2018-08-15;"quarta-feira";"10:45:00";"PA";155;343,7;"MARABA";"Defeito na Via";"Colisão traseira";"Com Vítimas Feridas";"Pleno dia";"Decrescente";"Céu Claro";"Simples";"Reta";"Não";2;0;1;0;1;0;1;2;-5,369574;-49,077969;"SPRF-PA";"DEL03-PA";"UOP01-DEL03-PA"
153181;2018-08-15;"quarta-feira";"11:30:00";"BA";324;562;"SAO SEBASTIAO DO PASSE";"Condutor Dormindo";"Saída de leito carroçável";"Com Vítimas Feridas";"Pleno dia";"Decrescente";"Garoa/Chuvisco";"Dupla";"Declive";"Não";1;0;1;0;0;0;1;1;-12,50201792;-38,63908768;"SPRF-BA";"DEL01-BA";"UOP01-DEL01-BA"
153183;2018-08-15;"quarta-feira";"11:50:00";"BA";101;519;"ITABUNA";"Desobediência às normas de trânsito pelo condutor";"Colisão frontal";"Com Vítimas Feridas";"Pleno dia";"Crescente";"Céu Claro";"Simples";"Reta";"Não";3;0;2;0;1;0;2;3;-14,9081;-39,2887;"SPRF-BA";"DEL05-BA";"UOP01-DEL05-BA"
153184;2018-08-15;"quarta-feira";"11:45:00";"SE";101;86;"NOSSA SENHORA DO SOCORRO";"Defeito na Via";"Queda de ocupante de veículo";"Com Vítimas Feridas";"Pleno dia";"Decrescente";"Céu Claro";"Dupla";"Reta";"Não";1;0;1;0;0;0;1;1;-10,85056612;-37,13582754;"SPRF-SE";"DEL01-SE";"UOP01-DEL01-SE"
153188;2018-08-15;"quarta-feira";"12:15:00";"PR";277;67;"SAO JOSE DOS PINHAIS";"Falta de Atenção do Pedestre";"Atropelamento de Pedestre";"Com Vítimas Feridas";"Pleno dia";"Crescente";"Nublado";"Dupla";"Reta";"Sim";3;0;1;0;1;1;1;2;-25,525089;-49,096996;"SPRF-PR";"DEL01-PR";"UOP07-DEL01-PR"
153192;2018-08-15;"quarta-feira";"13:10:00";"DF";20;10;"BRASILIA";"Falta de Atenção à Condução";"Colisão com objeto estático";"Sem Vítimas";"Pleno dia";"Crescente";"Céu Claro";"Dupla";"Reta";"Sim";1;0;0;0;1;0;0;1;-15,650243;-47,773872;"SPRF-DF";"DEL02-DF";"UOP01-DEL02-DF"
153193;2018-08-15;"quarta-feira";"13:00:00";"RJ";40;64;"PETROPOLIS";"Desobediência às normas de trânsito pelo condutor";"Saída de leito carroçável";"Com Vítimas Fatais";"Pleno dia";"Crescente";"Céu Claro";"Dupla";"Curva";"Não";1;1;0;0;0;0;0;1;-22,42207731;-43,15651942;"SPRF-RJ";"DEL06-RJ";"UOP01-DEL06-RJ"
153195;2018-08-15;"quarta-feira";"13:20:00";"SC";101;148,5;"ITAPEMA";"Falta de Atenção à Condução";"Colisão traseira";"Com Vítimas Feridas";"Pleno dia";"Crescente";"Sol";"Dupla";"Reta";"Sim";2;0;1;0;1;0;1;2;-27,10438363;-48,61658764;"SPRF-SC";"DEL04-SC";"UOP03-DEL04-SC"
153196;2018-08-15;"quarta-feira";"12:30:00";"ES";101;211,5;"IBIRACU";"Desobediência às normas de trânsito pelo condutor";"Colisão transversal";"Com Vítimas Feridas";"Pleno dia";"Decrescente";"Céu Claro";"Simples";"Reta";"Não";2;0;1;0;1;0;1;2;-19,81068865;-40,36618888;"SPRF-ES";"DEL02-ES";"UOP01-DEL02-ES"
153197;2018-08-15;"quarta-feira";"12:00:00";"MT";70;95;"GENERAL CARNEIRO";"Defeito na Via";"Capotamento";"Com Vítimas Fatais";"Pleno dia";"Decrescente";"Sol";"Simples";"Curva";"Não";4;1;1;2;0;0;3;1;-15,574836;-52,904724;"SPRF-MT";"DEL07-MT";"UOP01-DEL07-MT"
153199;2018-08-15;"quarta-feira";"13:10:00";"MG";50;34,5;"ARAGUARI";"Defeito Mecânico no Veículo";"Danos eventuais";"Com Vítimas Feridas";"Pleno dia";"Crescente";"Céu Claro";"Dupla";"Reta";"Não";1;0;1;0;0;0;1;1;-18,650502;-48,138284;"SPRF-MG";"DEL15-MG";"UOP02-DEL15-MG"
153201;2018-08-15;"quarta-feira";"13:16:00";"SP";116;200,3;"ARUJA";"Defeito Mecânico no Veículo";"Colisão com objeto em movimento";"Com Vítimas Feridas";"Pleno dia";"Crescente";"Nublado";"Dupla";"Reta";"Sim";1;0;1;0;0;0;1;1;-23,40268614;-46,32258654;"SPRF-SP";"DEL01-SP";"UOP02-DEL01-SP"
153202;2018-08-03;"sexta-feira";"23:35:00";"PB";101;85;"JOAO PESSOA";"Defeito Mecânico no Veículo";"Colisão lateral";"Com Vítimas Feridas";"Plena Noite";"Crescente";"Céu Claro";"Dupla";"Reta";"Sim";4;0;1;0;3;0;1;4;-7,14308317;-34,91928768;"SPRF-PB";"DEL01-PB";"UOP01-DEL01-PB"
153204;2018-08-15;"quarta-feira";"13:40:00";"PR";369;154,4;"LONDRINA";"Não guardar distância de segurança";"Colisão traseira";"Com Vítimas Feridas";"Pleno dia";"Decrescente";"Nublado";"Dupla";"Reta";"Sim";2;0;1;0;1;0;1;2;-23,29735848;-51,20165164;"SPRF-PR";"DEL07-PR";"UOP01-DEL07-PR"
153205;2018-08-15;"quarta-feira";"14:10:00";"RN";101;78,4;"NATAL";"Falta de Atenção à Condução";"Colisão lateral";"Com Vítimas Feridas";"Pleno dia";"Decrescente";"Céu Claro";"Dupla";"Reta";"Não";2;0;1;0;0;1;1;2;-5,742229;-35,2899;"SPRF-RN";"DEL02-RN";"UOP01-DEL02-RN"
153207;2018-08-07;"terça-feira";"19:00:00";"RJ";40;121;"DUQUE DE CAXIAS";"Falta de Atenção à Condução";"Colisão traseira";"Com Vítimas Feridas";"Plena Noite";"Crescente";"Nublado";"Múltipla";"Reta";"Sim";3;0;1;0;2;0;1;2;-22,7884;-43,2853;"SPRF-RJ";"DEL01-RJ";"UOP01-DEL01-RJ"
153208;2018-08-15;"quarta-feira";"14:30:00";"RN";101;85,3;"SAO GONCALO DO AMARANTE";"Não guardar distância de segurança";"Colisão traseira";"Sem Vítimas";"Pleno dia";"Crescente";"Céu Claro";"Dupla";"Reta";"Sim";2;0;0;0;1;1;0;2;-5,776878;-35,251036;"SPRF-RN";"DEL02-RN";"UOP01-DEL02-RN"
153209;2018-08-15;"quarta-feira";"14:45:00";"PR";376;429,9;"TIBAGI";"Falta de Atenção à Condução";"Queda de ocupante de veículo";"Com Vítimas Feridas";"Pleno dia";"Decrescente";"Nublado";"Simples";"Reta;Declive";"Não";1;0;1;0;0;0;1;1;-24,74079988;-50,5374822;"SPRF-PR";"DEL03-PR";"UOP02-DEL03-PR"
153211;2018-04-29;"domingo";"07:10:00";"AL";101;135;"SAO MIGUEL DOS CAMPOS";"Desobediência às normas de trânsito pelo condutor";"Tombamento";"Com Vítimas Feridas";"Pleno dia";"Crescente";"Chuva";"Simples";"Curva";"Não";11;0;1;2;5;3;3;1;-9,780519;-36,106106;"SPRF-AL";"DEL02-AL";"UOP01-DEL02-AL"
153212;2018-08-15;"quarta-feira";"15:00:00";"ES";262;142;"IBATIBA";"Desobediência às normas de trânsito pelo condutor";"Tombamento";"Com Vítimas Feridas";"Pleno dia";"Decrescente";"Sol";"Simples";"Curva";"Não";1;0;1;0;0;0;1;1;-20,22956326;-41,37807369;"SPRF-ES";"DEL01-ES";"UOP02-DEL01-ES"
153213;2018-08-04;"sábado";"15:00:00";"MA";135;51;"BACABEIRA";"Desobediência às normas de trânsito pelo condutor";"Colisão lateral";"Sem Vítimas";"Pleno dia";"Crescente";"Céu Claro";"Simples";"Declive";"Sim";5;0;0;0;3;2;0;3;-2,97299877;-44,31677699;"SPRF-MA";"DEL01-MA";"UOP02-DEL01-MA"
153214;2018-08-15;"quarta-feira";"15:15:00";"PR";277;346,5;"GUARAPUAVA";"Falta de Atenção à Condução";"Colisão transversal";"Com Vítimas Feridas";"Pleno dia";"Crescente";"Nublado";"Simples";"Reta";"Sim";3;0;3;0;0;0;3;2;-25,37504998;-51,50249004;"SPRF-PR";"DEL03-PR";"UOP01-DEL08-PR"
153216;2018-08-15;"quarta-feira";"15:40:00";"SC";101;214,1;"PALHOCA";"Falta de Atenção à Condução";"Colisão traseira";"Com Vítimas Feridas";"Pleno dia";"Crescente";"Céu Claro";"Dupla";"Reta";"Não";2;0;1;0;1;0;1;2;-27,652;-48,676;"SPRF-SC";"DEL01-SC";"UOP02-DEL01-SC"
153217;2018-08-15;"quarta-feira";"15:45:00";"ES";101;269;"SERRA";"Desobediência às normas de trânsito pelo condutor";"Colisão transversal";"Com Vítimas Feridas";"Pleno dia";"Crescente";"Céu Claro";"Múltipla";"Reta";"Sim";3;0;0;2;1;0;2;2;-20,22185099;-40,27029779;"SPRF-ES";"DEL02-ES";"UOP01-DEL02-ES"
153218;2018-08-15;"quarta-feira";"15:15:00";"PE";407;130;"PETROLINA";"Falta de Atenção do Pedestre";"Atropelamento de Pedestre";"Com Vítimas Feridas";"Pleno dia";"Decrescente";"Céu Claro";"Dupla";"Ponte";"Sim";2;0;0;1;1;0;1;2;-9,40638746;-40,50453186;"SPRF-PE";"DEL06-PE";"UOP01-DEL06-PE"
153221;2018-08-15;"quarta-feira";"15:05:00";"RJ";40;112;"DUQUE DE CAXIAS";"Falta de Atenção à Condução";"Colisão lateral";"Com Vítimas Feridas";"Pleno dia";"Decrescente";"Céu Claro";"Múltipla";"Reta";"Sim";2;0;1;0;1;0;1;2;-22,69369485;-43,28759193;"SPRF-RJ";"DEL01-RJ";"UOP01-DEL01-RJ"
153222;2018-08-15;"quarta-feira";"16:00:00";"SC";470;66;"INDAIAL";"Falta de Atenção à Condução";"Colisão transversal";"Com Vítimas Feridas";"Pleno dia";"Crescente";"Céu Claro";"Simples";"Reta";"Não";2;0;1;0;1;0;1;2;-26,870407;-49,221844;"SPRF-SC";"DEL04-SC";"UOP01-DEL04-SC"
153224;2018-08-15;"quarta-feira";"15:15:00";"PR";369;472,4;"CORBELIA";"Defeito Mecânico no Veículo";"Incêndio";"Sem Vítimas";"Pleno dia";"Decrescente";"Nublado";"Simples";"Reta";"Não";1;0;0;0;1;0;0;1;-24,5822;-53,1842;"SPRF-PR";"DEL04-PR";"UOP03-DEL04-PR"
153225;2018-08-15;"quarta-feira";"16:00:00";"PR";277;638;"CEU AZUL";"Falta de Atenção à Condução";"Colisão transversal";"Sem Vítimas";"Pleno dia";"Crescente";"Céu Claro";"Simples";"Reta";"Sim";5;0;0;0;5;0;0;2;-25,157902;-53,85104;"SPRF-PR";"DEL05-PR";"UOP02-DEL05-PR"
153228;2018-08-15;"quarta-feira";"16:00:00";"TO";153;56,8;"PIRAQUE";"Falta de Atenção à Condução";"Saída de leito carroçável";"Com Vítimas Feridas";"Pleno dia";"Decrescente";"Nublado";"Simples";"Reta";"Não";1;0;0;1;0;0;1;1;-6,758971;-48,234375;"SPRF-TO";"DEL02-TO";"UOP01-DEL02-TO"
153229;2018-08-01;"quarta-feira";"07:00:00";"PB";101;89,8;"JOAO PESSOA";"Falta de Atenção à Condução";"Colisão transversal";"Com Vítimas Feridas";"Pleno dia";"Crescente";"Nublado";"Dupla";"Reta";"Sim";2;0;1;0;0;1;1;2;-7,18121091;-34,90087212;"SPRF-PB";"DEL01-PB";"UOP01-DEL01-PB"
153234;2018-08-15;"quarta-feira";"15:00:00";"RR";174;503,2;"BOA VISTA";"Falta de Atenção à Condução";"Colisão transversal";"Com Vítimas Feridas";"Pleno dia";"Decrescente";"Céu Claro";"Dupla";"Rotatória";"Sim";2;0;1;0;1;0;1;2;2,79620806;-60,69845974;"SPRF-RR";"DEL01-RR";"UOP01-DEL01-RR"
153238;2018-08-15;"quarta-feira";"17:10:00";"MG";381;494;"BETIM";"Falta de Atenção à Condução";"Colisão traseira";"Com Vítimas Feridas";"Pleno dia";"Crescente";"Céu Claro";"Dupla";"Reta";"Sim";2;0;1;0;1;0;1;2;-19,9670747;-44,17973609;"SPRF-MG";"DEL01-MG";"UOP03-DEL01-MG"
153239;2018-08-15;"quarta-feira";"16:50:00";"MG";381;500,3;"BETIM";"Mal Súbito";"Colisão traseira";"Com Vítimas Feridas";"Pleno dia";"Decrescente";"Sol";"Dupla";"Aclive;Reta";"Sim";3;0;2;0;1;0;2;3;-20,002554;-44,21196;"SPRF-MG";"DEL01-MG";"UOP03-DEL01-MG"
153240;2018-08-15;"quarta-feira";"16:50:00";"PB";230;19;"JOAO PESSOA";"Não guardar distância de segurança";"Colisão traseira";"Com Vítimas Feridas";"Pleno dia";"Crescente";"Sol";"Dupla";"Reta";"Sim";3;0;1;0;1;1;1;3;-7,130287;-34,851385;"SPRF-PB";"DEL01-PB";"UOP01-DEL01-PB"
153243;2018-08-15;"quarta-feira";"17:50:00";"BA";116;423,8;"FEIRA DE SANTANA";"Desobediência às normas de trânsito pelo condutor";"Colisão transversal";"Com Vítimas Feridas";"Anoitecer";"Crescente";"Céu Claro";"Simples";"Reta";"Sim";2;0;1;0;1;0;1;2;-12,23820322;-38,9807539;"SPRF-BA";"DEL02-BA";"UOP01-DEL02-BA"
153244;2018-08-15;"quarta-feira";"17:45:00";"SC";101;211,3;"PALHOCA";"Velocidade Incompatível";"Colisão traseira";"Com Vítimas Feridas";"Plena Noite";"Decrescente";"Céu Claro";"Dupla";"Reta";"Sim";2;0;1;0;1;0;1;2;-27,6301;-48,659;"SPRF-SC";"DEL01-SC";"UOP02-DEL01-SC"
153245;2018-08-15;"quarta-feira";"16:00:00";"SC";282;534,6;"CHAPECO";"Não guardar distância de segurança";"Colisão traseira";"Com Vítimas Feridas";"Pleno dia";"Crescente";"Sol";"Simples";"Reta";"Não";2;0;1;0;1;0;1;2;-26,99708127;-52,64135599;"SPRF-SC";"DEL07-SC";"UOP01-DEL07-SC"
153252;2018-08-15;"quarta-feira";"18:00:00";"PR";476;130,3;"CURITIBA";"Falta de Atenção à Condução";"Colisão traseira";"Com Vítimas Feridas";"Plena Noite";"Crescente";"Nublado";"Múltipla";"Reta";"Sim";3;0;1;0;2;0;1;2;-25,45190654;-49,23945129;"SPRF-PR";"DEL01-PR";"UOP07-DEL01-PR"
153253;2018-08-15;"quarta-feira";"18:00:00";"ES";262;2,9;"CARIACICA";"Falta de Atenção do Pedestre";"Atropelamento de Pedestre";"Com Vítimas Feridas";"Plena Noite";"Crescente";"Céu Claro";"Dupla";"Reta";"Sim";3;0;1;0;1;1;1;2;-20,3332;-40,3685;"SPRF-ES";"DEL01-ES";"UOP01-DEL01-ES"
153254;2018-08-15;"quarta-feira";"18:27:00";"RS";116;151,8;"CAXIAS DO SUL";"Falta de Atenção à Condução";"Colisão transversal";"Sem Vítimas";"Plena Noite";"Crescente";"Céu Claro";"Dupla";"Reta";"Sim";2;0;0;0;2;0;0;2;-29,18188737;-51,16620004;"SPRF-RS";"DEL05-RS";"UOP01-DEL05-RS"
153256;2018-08-15;"quarta-feira";"18:20:00";"SP";116;276,1;"EMBU DAS ARTES";"Falta de Atenção à Condução";"Colisão traseira";"Com Vítimas Feridas";"Plena Noite";"Decrescente";"Nublado";"Dupla";"Reta";"Sim";2;0;1;0;1;0;1;2;-23,62246794;-46,81389749;"SPRF-SP";"DEL04-SP";"UOP01-DEL04-SP"
153257;2018-08-15;"quarta-feira";"14:20:00";"TO";153;238;"COLINAS DO TOCANTINS";"Falta de Atenção à Condução";"Colisão traseira";"Com Vítimas Feridas";"Pleno dia";"Crescente";"Nublado";"Simples";"Reta";"Não";3;0;1;0;2;0;1;2;-7,976542;-48,464161;"SPRF-TO";"DEL02-TO";"UOP01-DEL02-TO"
153259;2018-08-15;"quarta-feira";"18:30:00";"RN";406;169,3;"SAO GONCALO DO AMARANTE";"Não guardar distância de segurança";"Colisão traseira";"Com Vítimas Feridas";"Plena Noite";"Crescente";"Céu Claro";"Dupla";"Reta";"Sim";2;0;2;0;0;0;2;2;-5,755391;-35,308302;"SPRF-RN";"DEL02-RN";"UOP01-DEL02-RN"
153262;2018-08-15;"quarta-feira";"18:50:00";"PI";343;334,2;"TERESINA";"Falta de Atenção à Condução";"Colisão com objeto estático";"Com Vítimas Feridas";"Plena Noite";"Decrescente";"Céu Claro";"Simples";"Reta";"Não";2;0;1;0;1;0;1;2;-5,057786;-42,688541;"SPRF-PI";"DEL01-PI";"UOP01-DEL01-PI"
153263;2018-08-15;"quarta-feira";"17:50:00";"AC";364;129;"RIO BRANCO";"Desobediência às normas de trânsito pelo condutor";"Colisão frontal";"Com Vítimas Fatais";"Anoitecer";"Crescente";"Garoa/Chuvisco";"Simples";"Curva";"Não";5;1;1;2;1;0;3;3;-10,028815;-67,829361;"SPRF-AC";"DEL01-AC";"UOP01-DEL01-AC"
153270;2018-08-15;"quarta-feira";"19:30:00";"MG";40;583,6;"ITABIRITO";"Falta de Atenção à Condução";"Saída de leito carroçável";"Com Vítimas Feridas";"Plena Noite";"Decrescente";"Céu Claro";"Simples";"Curva";"Não";1;0;0;1;0;0;1;1;-20,32544218;-43,92759919;"SPRF-MG";"DEL01-MG";"UOP02-DEL01-MG"
153273;2018-08-15;"quarta-feira";"20:30:00";"GO";50;249,8;"CATALAO";"Animais na Pista";"Atropelamento de Animal";"Com Vítimas Feridas";"Plena Noite";"Crescente";"Céu Claro";"Simples";"Reta";"Não";1;0;1;0;0;0;1;1;-17,959;-47,7944;"SPRF-GO";"DEL06-GO";"UOP01-DEL06-GO"
153275;2018-08-15;"quarta-feira";"19:20:00";"SC";101;163;"TIJUCAS";"Pista Escorregadia";"Queda de ocupante de veículo";"Com Vítimas Feridas";"Plena Noite";"Crescente";"Nublado";"Simples";"Reta";"Não";1;0;1;0;0;0;1;1;-27,2414;-48,6306;"SPRF-SC";"DEL04-SC";"UOP03-DEL04-SC"
153276;2018-08-15;"quarta-feira";"21:30:00";"MG";365;579;"INDIANOPOLIS";"Falta de Atenção à Condução";"Colisão traseira";"Com Vítimas Feridas";"Plena Noite";"Crescente";"Céu Claro";"Simples";"Reta";"Não";5;0;1;1;3;0;2;3;-18,880604;-47,933435;"SPRF-MG";"DEL15-MG";"UOP02-DEL15-MG"
153277;2018-08-15;"quarta-feira";"21:33:00";"SC";101;98,9;"BALNEARIO PICARRAS";"Desobediência às normas de trânsito pelo condutor";"Colisão com objeto estático";"Com Vítimas Feridas";"Plena Noite";"Crescente";"Nublado";"Dupla";"Curva";"Sim";1;0;1;0;0;0;1;1;-26,7493;-48,6944;"SPRF-SC";"DEL03-SC";"UOP02-DEL03-SC"
153278;2018-08-15;"quarta-feira";"18:40:00";"RJ";101;213,4;"CASIMIRO DE ABREU";"Falta de Atenção à Condução";"Colisão traseira";"Com Vítimas Feridas";"Amanhecer";"Crescente";"Céu Claro";"Dupla";"Reta";"Não";6;0;5;0;1;0;5;2;-22,491461;-42,262016;"SPRF-RJ";"DEL02-RJ";"UOP04-DEL08-RJ"
153279;2018-08-15;"quarta-feira";"19:50:00";"RJ";40;63;"PETROPOLIS";"Falta de Atenção à Condução";"Colisão traseira";"Com Vítimas Feridas";"Plena Noite";"Decrescente";"Nevoeiro/Neblina";"Simples";"Reta";"Não";2;0;1;0;1;0;1;2;-22,4217;-43,1562;"SPRF-RJ";"DEL06-RJ";"UOP01-DEL06-RJ"
153281;2018-08-15;"quarta-feira";"22:15:00";"SC";470;58,1;"BLUMENAU";"Desobediência às normas de trânsito pelo condutor";"Colisão lateral";"Com Vítimas Feridas";"Plena Noite";"Decrescente";"Céu Claro";"Simples";"Reta";"Não";2;0;0;1;1;0;1;2;-26,87748319;-49,13016904;"SPRF-SC";"DEL04-SC";"UOP01-DEL04-SC"
153283;2018-08-15;"quarta-feira";"21:45:00";"MS";60;597,1;"JARDIM";"Falta de Atenção à Condução";"Colisão traseira";"Com Vítimas Feridas";"Plena Noite";"Decrescente";"Nublado";"Simples";"Reta";"Sim";4;0;1;0;0;3;1;3;-21,483645;-56,145641;"SPRF-MS";"DEL05-MS";"UOP01-DEL05-MS"
153284;2018-08-15;"quarta-feira";"22:30:00";"RN";304;305,2;"PARNAMIRIM";"Ingestão de Álcool";"Saída de leito carroçável";"Com Vítimas Feridas";"Plena Noite";"Decrescente";"Céu Claro";"Dupla";"Aclive";"Sim";2;0;1;0;1;0;1;1;-5,890122;-35,263519;"SPRF-RN";"DEL01-RN";"UOP02-DEL01-RN"
153286;2018-08-15;"quarta-feira";"22:20:00";"SP";116;154,3;"SAO JOSE DOS CAMPOS";"Falta de Atenção do Pedestre";"Atropelamento de Pedestre";"Com Vítimas Feridas";"Plena Noite";"Crescente";"Céu Claro";"Dupla";"Reta";"Não";2;0;1;0;1;0;1;2;-23,2402124;-45,92211127;"SPRF-SP";"DEL02-SP";"UOP01-DEL02-SP"
153287;2018-08-15;"quarta-feira";"22:20:00";"SP";116;154,4;"SAO JOSE DOS CAMPOS";"Falta de Atenção à Condução";"Colisão traseira";"Com Vítimas Feridas";"Plena Noite";"Crescente";"Céu Claro";"Múltipla";"Reta";"Sim";2;0;1;0;1;0;1;2;-23,24032085;-45,92220783;"SPRF-SP";"DEL02-SP";"UOP01-DEL02-SP"
153288;2018-08-15;"quarta-feira";"23:00:00";"RJ";356;136;"CAMPOS DOS GOYTACAZES";"Animais na Pista";"Atropelamento de Animal";"Sem Vítimas";"Plena Noite";"Crescente";"Ignorado";"Simples";"Reta";"Não";1;0;0;0;1;0;0;1;-21,738087;-41,334587;"SPRF-RJ";"DEL08-RJ";"UOP01-DEL08-RJ"
153290;2018-08-15;"quarta-feira";"22:10:00";"SP";116;228,7;"SAO PAULO";"Falta de Atenção à Condução";"Colisão traseira";"Com Vítimas Feridas";"Plena Noite";"Decrescente";"Nublado";"Múltipla";"Reta";"Sim";1;0;1;0;0;0;1;1;-23,50343875;-46,56641543;"SPRF-SP";"DEL01-SP";"UOP01-DEL01-SP"
153291;2018-08-15;"quarta-feira";"23:00:00";"DF";40;7;"BRASILIA";"Pista Escorregadia";"Saída de leito carroçável";"Com Vítimas Feridas";"Plena Noite";"Crescente";"Chuva";"Dupla";"Reta";"Sim";4;0;3;1;0;0;4;1;-16,045397;-47,980617;"SPRF-DF";"DEL01-DF";"UOP01-DEL01-DF"
153294;2018-08-16;"quinta-feira";"00:00:00";"PI";343;341;"TERESINA";"Desobediência às normas de trânsito pelo condutor";"Saída de leito carroçável";"Com Vítimas Feridas";"Plena Noite";"Crescente";"Céu Claro";"Simples";"Reta";"Sim";2;0;1;1;0;0;2;2;-5,077812;-42,744255;"SPRF-PI";"DEL01-PI";"UOP01-DEL01-PI"
153295;2018-08-16;"quinta-feira";"00:40:00";"PE";232;232,7;"PESQUEIRA";"Falta de Atenção à Condução";"Colisão frontal";"Com Vítimas Feridas";"Plena Noite";"Crescente";"Céu Claro";"Simples";"Reta";"Não";5;0;1;0;4;0;1;2;-8,4027529;-36,8902874;"SPRF-PE";"DEL03-PE";"UOP02-DEL03-PE"
153296;2018-08-16;"quinta-feira";"00:42:00";"PR";376;164;"MARINGA";"Falta de Atenção à Condução";"Saída de leito carroçável";"Com Vítimas Fatais";"Plena Noite";"Crescente";"Chuva";"Dupla";"Reta";"Não";1;1;0;0;0;0;0;1;-23,3805;-52,03737;"SPRF-PR";"DEL07-PR";"UOP01-DEL09-PR"
153298;2018-08-16;"quinta-feira";"00:10:00";"SC";282;526,9;"XAXIM";"Velocidade Incompatível";"Colisão frontal";"Com Vítimas Feridas";"Plena Noite";"Crescente";"Céu Claro";"Simples";"Curva";"Não";5;0;3;1;0;1;4;2;-26,9711906;-52,58189678;"SPRF-SC";"DEL07-SC";"UOP01-DEL07-SC"
153300;2018-08-16;"quinta-feira";"05:02:00";"CE";116;3,2;"FORTALEZA";"Falta de Atenção à Condução";"Colisão traseira";"Com Vítimas Feridas";"Amanhecer";"Decrescente";"Céu Claro";"Múltipla";"Reta";"Sim";2;0;1;0;1;0;1;2;-3,78024201;-38,51403236;"SPRF-CE";"DEL01-CE";"UOP02-DEL01-CE"