"id";"data_inversa";"dia_semana";"horario";"uf";"br";"km";"municipio";"causa_acidente";"tipo_acidente";"classificacao_acidente";"fase_dia";"sentido_via";"condicao_metereologica";"tipo_pista";"tracado_via";"uso_solo";"pessoas";"mortos";"feridos_leves";"feridos_graves";"ilesos";"ignorados";"feridos";"veiculos";"latitude";"longitude";"regional";"delegacia";"uop"
153302;2018-08-16;"quinta-feira";"05:00:00";"SP";116;269,5;"TABOAO DA SERRA";"Falta de Atenção à Condução";"Colisão lateral";"Com Vítimas Feridas";"Amanhecer";"Crescente";"Garoa/Chuvisco";"Múltipla";"Interseção de Vias";"Sim";3;0;1;0;2;0;1;3;-23,60867106;-46,75859302;"SPRF-SP";"DEL04-SP";"UOP01-DEL04-SP"
153305;2018-08-16;"quinta-feira";"06:45:00";"PR";163;94,9;"CAPANEMA";"Falta de Atenção à Condução";"Saída de leito carroçável";"Com Vítimas Feridas";"Amanhecer";"Crescente";"Céu Claro";"Simples";"Reta";"Não";1;0;1;0;0;0;1;1;-25,6414;-53,8048;"SPRF-PR";"DEL02-PR";"UOP02-DEL02-PR"
153306;2018-08-16;"quinta-feira";"06:45:00";"DF";70;16;"BRASILIA";"Falta de Atenção à Condução";"Colisão lateral";"Com Vítimas Feridas";"Pleno dia";"Decrescente";"Garoa/Chuvisco";"Dupla";"Reta";"Sim";5;0;1;0;4;0;1;3;-15,796144;-48,194225;"SPRF-DF";"DEL01-DF";"UOP02-DEL03-DF"
153308;2018-08-16;"quinta-feira";"05:40:00";"TO";153;560;"OLIVEIRA DE FATIMA";"Sinalização da via insuficiente ou inadequada";"Colisão com objeto estático";"Com Vítimas Feridas";"Plena Noite";"Crescente";"Céu Claro";"Simples";"Interseção de Vias";"Não";2;0;1;1;0;0;2;1;-10,72823825;-48,90435278;"SPRF-TO";"DEL02-TO";"UOP01-DEL01-TO"
153309;2018-08-16;"quinta-feira";"07:16:00";"PE";232;10;"RECIFE";"Falta de Atenção à Condução";"Colisão traseira";"Sem Vítimas";"Pleno dia";"Decrescente";"Céu Claro";"Dupla";"Reta";"Sim";2;0;0;0;2;0;0;2;-8,07903018;-34,98565782;"SPRF-PE";"DEL01-PE";"UOP01-DEL01-PE"
153310;2018-08-16;"quinta-feira";"06:30:00";"PE";408;103;"RECIFE";"Avarias e/ou desgaste excessivo no pneu";"Saída de leito carroçável";"Com Vítimas Feridas";"Pleno dia";"Decrescente";"Nublado";"Dupla";"Reta";"Não";1;0;1;0;0;0;1;1;-8,06511;-34,99006;"SPRF-PE";"DEL01-PE";"UOP01-DEL01-PE"
153311;2018-08-15;"quarta-feira";"22:30:00";"MG";365;493,5;"PATROCINIO";"Ultrapassagem Indevida";"Colisão lateral";"Com Vítimas Fatais";"Plena Noite";"Decrescente";"Céu Claro";"Simples";"Reta";"Não";2;1;1;0;0;0;1;1;-18,90554;-47,17437;"SPRF-MG";"DEL10-MG";"UOP01-DEL10-MG"
153312;2018-08-16;"quinta-feira";"07:30:00";"PR";376;174,1;"MARINGA";"Falta de Atenção à Condução";"Colisão traseira";"Com Vítimas Feridas";"Pleno dia";"Crescente";"Nublado";"Dupla";"Interseção de Vias";"Sim";2;0;1;0;1;0;1;2;-23,41591882;-51,95511818;"SPRF-PR";"DEL07-PR";"UOP01-DEL09-PR"
153315;2018-08-16;"quinta-feira";"07:20:00";"PE";101;96,3;"CABO DE SANTO AGOSTINHO";"Velocidade Incompatível";"Saída de leito carroçável";"Com Vítimas Feridas";"Pleno dia";"Decrescente";"Chuva";"Dupla";"Curva";"Não";2;0;1;0;1;0;1;1;-8,2541877;-35,0241878;"SPRF-PE";"DEL01-PE";"UOP03-DEL01-PE"
153316;2018-08-16;"quinta-feira";"07:45:00";"RS";116;266;"PORTO ALEGRE";"Não guardar distância de segurança";"Colisão traseira";"Com Vítimas Feridas";"Pleno dia";"Decrescente";"Nublado";"Dupla";"Reta";"Sim";2;0;1;0;1;0;1;2;-29,93256667;-51,17741872;"SPRF-RS";"DEL01-RS";"UOP01-DEL01-RS"
153319;2018-08-01;"quarta-feira";"07:00:00";"SC";470;27,3;"ILHOTA";"Desobediência às normas de trânsito pelo condutor";"Colisão frontal";"Com Vítimas Feridas";"Pleno dia";"Crescente";"Céu Claro";"Simples";"Reta";"Não";2;0;0;1;1;0;1;2;-26,89217674;-48,88764739;"SPRF-SC";"DEL04-SC";"UOP04-DEL04-SC"
153321;2018-08-16;"quinta-feira";"06:30:00";"MA";135;21,8;"SAO LUIS";"Falta de Atenção à Condução";"Colisão transversal";"Com Vítimas Feridas";"Pleno dia";"Decrescente";"Céu Claro";"Dupla";"Declive";"Não";2;0;0;1;1;0;1;2;-2,74504312;-44,3414104;"SPRF-MA";"DEL01-MA";"UOP01-DEL01-MA"
153323;2018-08-16;"quinta-feira";"07:20:00";"RJ";101;334;"RIO DE JANEIRO";"Falta de Atenção à Condução";"Colisão traseira";"Com Vítimas Feridas";"Pleno dia";"Crescente";"Nublado";"Dupla";"Ponte";"Não";2;0;1;0;1;0;1;2;-22,88518;-43,217045;"SPRF-RJ";"DEL02-RJ";"UOP02-DEL02-RJ"
153324;2018-08-07;"terça-feira";"08:30:00";"PB";230;15,2;"CABEDELO";"Falta de Atenção do Pedestre";"Atropelamento de Pedestre";"Com Vítimas Feridas";"Pleno dia";"Crescente";"Céu Claro";"Dupla";"Reta";"Sim";2;0;1;0;0;1;1;2;-7,09470275;-34,84826279;"SPRF-PB";"DEL01-PB";"UOP01-DEL01-PB"
153325;2018-08-16;"quinta-feira";"08:20:00";"PR";476;132,3;"CURITIBA";"Falta de Atenção à Condução";"Colisão lateral";"Com Vítimas Feridas";"Pleno dia";"Decrescente";"Garoa/Chuvisco";"Dupla";"Reta";"Sim";2;0;1;0;1;0;1;2;-25,46330826;-49,25121546;"SPRF-PR";"DEL01-PR";"UOP07-DEL01-PR"
153327;2018-08-16;"quinta-feira";"06:50:00";"RS";285;292,6;"PASSO FUNDO";"Falta de Atenção à Condução";"Saída de leito carroçável";"Sem Vítimas";"Pleno dia";"Decrescente";"Céu Claro";"Simples";"Reta";"Não";1;0;0;0;0;1;0;1;-28,23294;-52,390565;"SPRF-RS";"DEL08-RS";"UOP03-DEL08-RS"
153330;2018-08-16;"quinta-feira";"07:10:00";"RO";364;707;"PORTO VELHO";"Desobediência às normas de trânsito pelo condutor";"Colisão traseira";"Com Vítimas Feridas";"Pleno dia";"Crescente";"Sol";"Dupla";"Retorno Regulamentado";"Sim";4;0;1;0;2;1;1;3;-8,79483261;-63,84204894;"SPRF-RO";"DEL01-RO";"UOP01-DEL01-RO"
153331;2018-08-16;"quinta-feira";"08:00:00";"PR";277;588;"CASCAVEL";"Desobediência às normas de trânsito pelo condutor";"Colisão transversal";"Com Vítimas Feridas";"Pleno dia";"Decrescente";"Céu Claro";"Simples";"Interseção de Vias";"Sim";2;0;1;0;1;0;1;2;-24,97551321;-53,44121039;"SPRF-PR";"DEL04-PR";"UOP01-DEL04-PR"
153332;2018-08-16;"quinta-feira";"08:40:00";"CE";20;339,8;"CARIDADE";"Defeito Mecânico no Veículo";"Saída de leito carroçável";"Com Vítimas Feridas";"Pleno dia";"Decrescente";"Céu Claro";"Simples";"Curva";"Não";2;0;1;0;1;0;1;1;-4,158695;-39,146446;"SPRF-CE";"DEL02-CE";"UOP01-DEL02-CE"
153334;2018-08-16;"quinta-feira";"09:00:00";"PI";316;14,6;"TERESINA";"Falta de Atenção à Condução";"Colisão transversal";"Sem Vítimas";"Pleno dia";"Crescente";"Sol";"Simples";"Reta";"Não";2;0;0;0;2;0;0;2;-5,218378;-42,752575;"SPRF-PI";"DEL01-PI";"UOP02-DEL01-PI"
153335;2018-07-24;"terça-feira";"00:30:00";"SC";101;43;"JOINVILLE";"Falta de Atenção à Condução";"Colisão com objeto estático";"Com Vítimas Feridas";"Plena Noite";"Crescente";"Ignorado";"Dupla";"Reta";"Sim";1;0;1;0;0;0;1;1;-26,3401;-48,8589;"SPRF-SC";"DEL03-SC";"UOP01-DEL03-SC"
153337;2018-08-16;"quinta-feira";"09:50:00";"PA";316;12;"MARITUBA";"Falta de Atenção à Condução";"Colisão lateral";"Com Vítimas Feridas";"Pleno dia";"Decrescente";"Sol";"Dupla";"Reta";"Sim";2;0;1;0;1;0;1;2;-1,3652761;-48,33399653;"SPRF-PA";"DEL01-PA";"DEL19/1-UOP05/PA"
153339;2018-08-14;"terça-feira";"21:50:00";"PR";116;123;"CURITIBA";"Falta de Atenção à Condução";"Colisão lateral";"Com Vítimas Feridas";"Plena Noite";"Decrescente";"Nublado";"Dupla";"Reta";"Sim";2;0;0;1;1;0;1;2;-25,551222;-49,305038;"SPRF-PR";"DEL01-PR";"UOP03-DEL01-PR"
153340;2018-02-01;"quinta-feira";"12:00:00";"MA";135;34;"BACABEIRA";"Pista Escorregadia";"Danos eventuais";"Com Vítimas Feridas";"Pleno dia";"Decrescente";"Céu Claro";"Simples";"Reta";"Não";3;0;0;2;1;0;2;1;-2,82783073;-44,37583923;"SPRF-MA";"DEL01-MA";"UOP01-DEL01-MA"
153341;2018-08-16;"quinta-feira";"08:50:00";"RS";386;162,7;"ALMIRANTE TAMANDARE DO SUL";"Não guardar distância de segurança";"Colisão traseira";"Sem Vítimas";"Pleno dia";"Crescente";"Céu Claro";"Simples";"Reta";"Não";2;0;0;0;1;1;0;2;-28,200328;-52,828184;"SPRF-RS";"DEL08-RS";"UOP01-DEL08-RS"
153346;2018-08-12;"domingo";"17:25:00";"SC";470;69,9;"INDAIAL";"Desobediência às normas de trânsito pelo condutor";"Colisão lateral";"Com Vítimas Feridas";"Pleno dia";"Decrescente";"Céu Claro";"Simples";"Reta";"Sim";3;0;2;0;1;0;2;2;-26,87836361;-49,24026668;"SPRF-SC";"DEL04-SC";"UOP01-DEL04-SC"
153347;2018-07-16;"segunda-feira";"17:40:00";"RN";304;40,7;"MOSSORO";"Falta de Atenção à Condução";"Colisão transversal";"Com Vítimas Feridas";"Anoitecer";"Decrescente";"Céu Claro";"Dupla";"Curva";"Sim";2;0;0;1;1;0;1;2;-5,2025764;-37,37677038;"SPRF-RN";"DEL04-RN";"UOP01-DEL04-RN"
153348;2018-08-16;"quinta-feira";"11:40:00";"MG";262;378,5;"POUSO ALEGRE";"Defeito Mecânico no Veículo";"Saída de leito carroçável";"Com Vítimas Feridas";"Pleno dia";"Decrescente";"Céu Claro";"Dupla";"Curva";"Não";1;0;1;0;0;0;1;1;-22,24128;-45,8801152;"SPRF-MG";"DEL01-MG";"UOP03-DEL01-MG"
153352;2018-08-16;"quinta-feira";"10:45:00";"PE";0;0;"CARPINA";"Velocidade Incompatível";"Colisão com objeto estático";"Com Vítimas Feridas";"Pleno dia";"Não Informado";"Sol";"Simples";"Reta";"Sim";2;0;1;0;1;0;1;2;-7,839701;-35,234454;"SPRF-PE";"DEL01-PE";"N/A"
153354;2018-07-27;"sexta-feira";"20:15:00";"MG";459;31;"CALDAS";"Ingestão de Álcool";"Colisão transversal";"Com Vítimas Feridas";"Plena Noite";"Decrescente";"Céu Claro";"Simples";"Curva";"Não";2;0;0;1;1;0;1;2;-21,924654;-46,368149;"SPRF-MG";"DEL09-MG";"UOP01-DEL09-MG"
153355;2018-08-16;"quinta-feira";"11:10:00";"BA";110;365,3;"CATU";"Defeito Mecânico no Veículo";"Colisão traseira";"Com Vítimas Feridas";"Pleno dia";"Decrescente";"Céu Claro";"Simples";"Rotatória";"Sim";4;0;2;0;2;0;2;3;-12,35589049;-38,39161634;"SPRF-BA";"DEL01-BA";"UOP04-DEL01-BA"
153356;2018-08-16;"quinta-feira";"11:00:00";"RR";401;0;"BOA VISTA";"Desobediência às normas de trânsito pelo condutor";"Colisão lateral";"Sem Vítimas";"Pleno dia";"Decrescente";"Céu Claro";"Dupla";"Rotatória";"Sim";2;0;0;0;2;0;0;2;2,80703124;-60,69016635;"SPRF-RR";"DEL01-RR";"UOP01-DEL01-RR"
153357;2018-08-16;"quinta-feira";"12:20:00";"MG";40;40,3;"PARACATU";"Falta de Atenção do Pedestre";"Colisão traseira";"Com Vítimas Feridas";"Pleno dia";"Crescente";"Nublado";"Simples";"Reta";"Sim";2;0;0;1;1;0;1;2;-17,21015;-46,880947;"SPRF-MG";"DEL14-MG";"UOP01-DEL14-MG"
153358;2018-08-16;"quinta-feira";"12:45:00";"GO";70;58,9;"COCALZINHO DE GOIAS";"Desobediência às normas de trânsito pelo condutor";"Colisão transversal";"Com Vítimas Feridas";"Pleno dia";"Crescente";"Chuva";"Simples";"Curva";"Não";2;0;1;1;0;0;2;2;-15,7618;-48,6958;"SPRF-DF";"DEL01-DF";"UOP02-DEL03-DF"
153360;2018-08-16;"quinta-feira";"13:10:00";"SC";470;142;"RIO DO SUL";"Desobediência às normas de trânsito pelo condutor";"Colisão transversal";"Com Vítimas Feridas";"Pleno dia";"Crescente";"Sol";"Simples";"Reta;Rotatória";"Sim";2;0;1;0;1;0;1;2;-27,205;-49,639;"SPRF-SC";"DEL04-SC";"UOP02-DEL04-SC"
153361;2018-08-16;"quinta-feira";"13:20:00";"GO";40;6;"VALPARAISO DE GOIAS";"Velocidade Incompatível";"Capotamento";"Com Vítimas Feridas";"Pleno dia";"Decrescente";"Nublado";"Dupla";"Interseção de Vias";"Sim";4;0;4;0;0;0;4;1;-16,09826815;-47,97853947;"SPRF-DF";"DEL01-DF";"UOP01-DEL01-DF"
153362;2018-08-16;"quinta-feira";"12:15:00";"MG";40;734,9;"SANTOS DUMONT";"Velocidade Incompatível";"Saída de leito carroçável";"Com Vítimas Feridas";"Pleno dia";"Decrescente";"Garoa/Chuvisco";"Simples";"Curva";"Não";1;0;1;0;0;0;1;1;-21,39074572;-43,5688591;"SPRF-MG";"DEL05-MG";"UOP01-DEL05-MG"
153363;2018-08-16;"quinta-feira";"13:20:00";"SC";101;417;"ARARANGUA";"Falta de Atenção à Condução";"Tombamento";"Com Vítimas Feridas";"Pleno dia";"Decrescente";"Céu Claro";"Dupla";"Reta";"Sim";1;0;1;0;0;0;1;1;-28,96729786;-49,52087402;"SPRF-SC";"DEL02-SC";"UOP02-DEL02-SC"
153364;2018-08-16;"quinta-feira";"13:20:00";"SC";101;213,7;"PALHOCA";"Falta de Atenção à Condução";"Colisão transversal";"Com Vítimas Feridas";"Pleno dia";"Crescente";"Céu Claro";"Dupla";"Interseção de Vias";"Sim";2;0;1;0;1;0;1;2;-27,6446;-48,6705;"SPRF-SC";"DEL01-SC";"UOP02-DEL01-SC"
153367;2018-08-16;"quinta-feira";"13:05:00";"GO";153;201;"URUACU";"Falta de Atenção à Condução";"Colisão transversal";"Sem Vítimas";"Pleno dia";"Crescente";"Chuva";"Simples";"Interseção de Vias";"Sim";2;0;0;0;2;0;0;2;-14,533;-49,161;"SPRF-GO";"DEL07-GO";"UOP02-DEL07-GO"
153368;2018-08-16;"quinta-feira";"14:20:00";"MG";40;299;"TRES MARIAS";"Velocidade Incompatível";"Saída de leito carroçável";"Com Vítimas Feridas";"Pleno dia";"Decrescente";"Céu Claro";"Simples";"Curva";"Não";2;0;2;0;0;0;2;1;-18,350143;-45,093292;"SPRF-MG";"DEL14-MG";"UOP02-DEL14-MG"
153369;2018-08-16;"quinta-feira";"11:00:00";"RO";364;1029,5;"PORTO VELHO";"Desobediência às normas de trânsito pelo condutor";"Colisão traseira";"Com Vítimas Feridas";"Pleno dia";"Decrescente";"Céu Claro";"Simples";"Reta";"Não";2;0;1;0;1;0;1;2;-9,755237;-66,244507;"SPRF-RO";"DEL01-RO";"UOP02-DEL01-RO"
153370;2018-08-16;"quinta-feira";"11:45:00";"SP";116;562,6;"BARRA DO TURVO";"Velocidade Incompatível";"Capotamento";"Com Vítimas Feridas";"Pleno dia";"Decrescente";"Garoa/Chuvisco";"Dupla";"Curva";"Não";2;0;2;0;0;0;2;1;-25,02456016;-48,52491421;"SPRF-SP";"DEL05-SP";"UOP02-DEL05-SP"
153371;2018-08-16;"quinta-feira";"13:50:00";"MG";116;704,5;"MURIAE";"Falta de Atenção à Condução";"Colisão lateral";"Com Vítimas Feridas";"Pleno dia";"Crescente";"Sol";"Simples";"Reta";"Sim";2;0;2;0;0;0;2;2;-21,12392117;-42,38086606;"SPRF-MG";"DEL07-MG";"UOP02-DEL07-MG"
153375;2018-08-16;"quinta-feira";"14:25:00";"RS";116;363;"SENTINELA DO SUL";"Desobediência às normas de trânsito pelo condutor";"Colisão com objeto estático";"Sem Vítimas";"Pleno dia";"Crescente";"Céu Claro";"Simples";"Rotatória";"Sim";1;0;0;0;0;1;0;1;-30,63728431;-51,55314088;"SPRF-RS";"DEL02-RS";"UOP03-DEL02-RS"
153376;2018-08-16;"quinta-feira";"14:20:00";"RN";304;32,8;"MOSSORO";"Defeito Mecânico no Veículo";"Tombamento";"Com Vítimas Feridas";"Pleno dia";"Decrescente";"Céu Claro";"Dupla";"Reta";"Sim";2;0;2;0;0;0;2;1;-5,134711;-37,344864;"SPRF-RN";"DEL04-RN";"UOP02-DEL04-RN"
153378;2018-08-16;"quinta-feira";"15:30:00";"RJ";116;98;"GUAPIMIRIM";"Falta de Atenção à Condução";"Capotamento";"Com Vítimas Feridas";"Pleno dia";"Crescente";"Chuva";"Dupla";"Declive";"Não";1;0;1;0;0;0;1;1;-22,482868;-42,997238;"SPRF-RJ";"DEL04-RJ";"UOP02-DEL04-RJ"
153379;2018-08-16;"quinta-feira";"14:30:00";"RJ";101;322;"NITEROI";"Falta de Atenção à Condução";"Colisão traseira";"Sem Vítimas";"Pleno dia";"Crescente";"Nublado";"Dupla";"Ponte";"Não";3;0;0;0;3;0;0;3;-22,878923;-43,110676;"SPRF-RJ";"DEL02-RJ";"UOP02-DEL02-RJ"
153380;2018-08-16;"quinta-feira";"11:40:00";"BA";135;185;"BARREIRAS";"Velocidade Incompatível";"Saída de leito carroçável";"Sem Vítimas";"Pleno dia";"Decrescente";"Sol";"Simples";"Curva";"Não";1;0;0;0;0;1;0;1;-12,19691872;-45,01356125;"SPRF-BA";"DEL10-BA";"UOP01-DEL10-BA"
153381;2018-08-16;"quinta-feira";"15:20:00";"PR";158;494;"CORONEL VIVIDA";"Desobediência às normas de trânsito pelo condutor";"Colisão transversal";"Com Vítimas Feridas";"Pleno dia";"Crescente";"Céu Claro";"Simples";"Reta";"Não";4;0;2;0;2;0;2;2;-26,01660337;-52,57301331;"SPRF-PR";"DEL02-PR";"UOP01-DEL02-PR"
153384;2018-08-16;"quinta-feira";"16:00:00";"SP";116;340;"MIRACATU";"Pista Escorregadia";"Saída de leito carroçável";"Com Vítimas Feridas";"Pleno dia";"Decrescente";"Chuva";"Dupla";"Reta";"Sim";2;0;1;1;0;0;2;1;-24,00665943;-47,15907097;"SPRF-SP";"DEL04-SP";"UOP03-DEL04-SP"
153387;2018-08-16;"quinta-feira";"15:30:00";"MS";267;127;"NOVA ANDRADINA";"Defeito na Via";"Saída de leito carroçável";"Com Vítimas Feridas";"Pleno dia";"Decrescente";"Céu Claro";"Simples";"Reta";"Não";4;0;4;0;0;0;4;1;-21,7433;-53,2852;"SPRF-MS";"DEL02-MS";"DEL3/7-UOP02/MS"
153393;2018-08-16;"quinta-feira";"17:00:00";"SP";116;127,5;"CACAPAVA";"Não guardar distância de segurança";"Colisão lateral";"Com Vítimas Feridas";"Pleno dia";"Decrescente";"Nublado";"Dupla";"Declive";"Sim";2;0;1;0;1;0;1;2;-23,10981554;-45,70194124;"SPRF-SP";"DEL06-SP";"UOP02-DEL02-SP"
153394;2018-08-16;"quinta-feira";"17:10:00";"SC";280;28,1;"ARAQUARI";"Desobediência às normas de trânsito pelo condutor";"Colisão lateral";"Com Vítimas Feridas";"Anoitecer";"Crescente";"Nublado";"Simples";"Reta";"Sim";2;0;1;0;1;0;1;2;-26,40532;-48,746317;"SPRF-SC";"DEL03-SC";"UOP03-DEL03-SC"
153395;2018-08-16;"quinta-feira";"17:20:00";"ES";101;270;"SERRA";"Falta de Atenção à Condução";"Colisão lateral";"Com Vítimas Feridas";"Anoitecer";"Crescente";"Céu Claro";"Dupla";"Reta";"Sim";3;0;1;0;2;0;1;3;-20,22989098;-40,27203441;"SPRF-ES";"DEL02-ES";"UOP01-DEL02-ES"
153396;2018-04-05;"quinta-feira";"23:10:00";"SP";116;268,9;"TABOAO DA SERRA";"Falta de Atenção à Condução";"Colisão transversal";"Com Vítimas Feridas";"Plena Noite";"Decrescente";"Nublado";"Dupla";"Reta";"Sim";2;0;1;0;1;0;1;2;-23,60752576;-46,7523542;"SPRF-SP";"DEL04-SP";"UOP01-DEL04-SP"
153400;2018-08-16;"quinta-feira";"17:37:00";"GO";60;165,7;"GOIANIA";"Sinalização da via insuficiente ou inadequada";"Colisão lateral";"Com Vítimas Feridas";"Pleno dia";"Crescente";"Nublado";"Dupla";"Interseção de Vias";"Sim";3;0;1;1;1;0;2;2;-16,7084;-49,3503;"SPRF-GO";"DEL01-GO";"UOP02-DEL01-GO"
153402;2018-08-16;"quinta-feira";"15:10:00";"AC";364;140;"RIO BRANCO";"Falta de Atenção à Condução";"Colisão traseira";"Com Vítimas Feridas";"Pleno dia";"Crescente";"Céu Claro";"Dupla";"Reta";"Sim";2;0;2;0;0;0;2;2;-9,94781;-67,868118;"SPRF-AC";"DEL01-AC";"UOP01-DEL01-AC"
153403;2018-08-16;"quinta-feira";"17:20:00";"MG";356;265;"MURIAE";"Falta de Atenção à Condução";"Colisão traseira";"Com Vítimas Feridas";"Anoitecer";"Decrescente";"Nublado";"Simples";"Reta";"Sim";2;0;1;0;1;0;1;2;-21,125526;-42,375477;"SPRF-MG";"DEL07-MG";"UOP02-DEL07-MG"
153404;2018-08-16;"quinta-feira";"17:30:00";"MG";153;87;"PRATA";"Velocidade Incompatível";"Saída de leito carroçável";"Com Vítimas Feridas";"Anoitecer";"Crescente";"Céu Claro";"Simples";"Aclive";"Não";2;0;1;0;1;0;1;1;-19,18311089;-48,94804001;"SPRF-MG";"DEL15-MG";"UOP03-DEL15-MG"
153407;2018-07-31;"terça-feira";"12:10:00";"PA";316;8;"ANANINDEUA";"Pista Escorregadia";"Queda de ocupante de veículo";"Com Vítimas Feridas";"Pleno dia";"Decrescente";"Sol";"Dupla";"Reta";"Sim";2;0;1;1;0;0;2;1;-1,36654174;-48,37051749;"SPRF-PA";"DEL01-PA";"DEL19/1-UOP05/PA"
153408;2018-08-16;"quinta-feira";"17:55:00";"DF";70;13,7;"BRASILIA";"Desobediência às normas de trânsito pelo condutor";"Colisão transversal";"Com Vítimas Feridas";"Anoitecer";"Decrescente";"Céu Claro";"Dupla";"Rotatória";"Não";2;0;1;0;1;0;1;2;-15,79625919;-48,17286015;"SPRF-DF";"DEL01-DF";"UOP02-DEL03-DF"
153409;2018-08-16;"quinta-feira";"18:10:00";"PR";376;4,5;"APUCARANA";"Animais na Pista";"Queda de ocupante de veículo";"Com Vítimas Feridas";"Plena Noite";"Decrescente";"Céu Claro";"Simples";"Declive;Curva";"Sim";1;0;1;0;0;0;1;1;-23,55421157;-51,44556284;"SPRF-PR";"DEL07-PR";"UOP03-DEL07-PR"
153414;2018-08-16;"quinta-feira";"18:25:00";"SC";101;209;"SAO JOSE";"Falta de Atenção à Condução";"Colisão traseira";"Com Vítimas Feridas";"Plena Noite";"Decrescente";"Céu Claro";"Múltipla";"Reta";"Sim";2;0;1;0;1;0;1;2;-27,61346665;-48,64187457;"SPRF-SC";"DEL01-SC";"UOP01-DEL01-SC"
153415;2018-08-16;"quinta-feira";"18:15:00";"DF";40;3;"BRASILIA";"Falta de Atenção à Condução";"Colisão lateral";"Com Vítimas Feridas";"Anoitecer";"Decrescente";"Nublado";"Dupla";"Reta";"Sim";3;0;1;0;2;0;1;2;-16,012033;-47,982124;"SPRF-DF";"DEL01-DF";"UOP01-DEL01-DF"
153416;2018-08-16;"quinta-feira";"19:00:00";"SP";116;183,3;"SANTA ISABEL";"Falta de Atenção do Pedestre";"Atropelamento de Pedestre";"Com Vítimas Fatais";"Plena Noite";"Crescente";"Céu Claro";"Dupla";"Reta";"Não";3;1;0;0;2;0;0;2;-23,3490998;-46,1717384;"SPRF-SP";"DEL02-SP";"UOP01-DEL02-SP"
153417;2018-08-16;"quinta-feira";"18:15:00";"SC";282;17;"PALHOCA";"Falta de Atenção à Condução";"Colisão traseira";"Com Vítimas Feridas";"Plena Noite";"Decrescente";"Céu Claro";"Simples";"Reta";"Não";4;0;1;0;3;0;1;4;-27,665707;-48,688065;"SPRF-SC";"DEL01-SC";"UOP02-DEL01-SC"
153418;2018-08-16;"quinta-feira";"18:00:00";"RJ";465;3;"SEROPEDICA";"Desobediência às normas de trânsito pelo condutor";"Colisão transversal";"Com Vítimas Feridas";"Plena Noite";"Crescente";"Céu Claro";"Simples";"Reta";"Sim";2;0;1;0;1;0;1;2;-22,73427;-43,711994;"SPRF-RJ";"DEL01-RJ";"UOP03-DEL01-RJ"
153420;2018-08-16;"quinta-feira";"13:00:00";"MA";222;617;"ACAILANDIA";"Fenômenos da Natureza";"Saída de leito carroçável";"Com Vítimas Feridas";"Pleno dia";"Crescente";"Céu Claro";"Simples";"Declive";"Não";1;0;0;1;0;0;1;1;-4,76188825;-47,04998016;"SPRF-MA";"DEL04-MA";"UOP03-DEL04-MA"
153421;2018-08-16;"quinta-feira";"17:20:00";"PR";476;278,1;"SAO MATEUS DO SUL";"Desobediência às normas de trânsito pelo condutor";"Colisão transversal";"Com Vítimas Feridas";"Pleno dia";"Decrescente";"Nublado";"Simples";"Reta";"Sim";2;0;1;0;1;0;1;2;-25,86881978;-50,39705515;"SPRF-PR";"DEL02-PR";"UOP04-DEL02-PR"
153422;2018-08-16;"quinta-feira";"18:55:00";"PB";101;89,5;"JOAO PESSOA";"Pista Escorregadia";"Tombamento";"Com Vítimas Feridas";"Plena Noite";"Decrescente";"Céu Claro";"Dupla";"Reta";"Sim";1;0;1;0;0;0;1;1;-7,1807;-34,9005;"SPRF-PB";"DEL01-PB";"UOP01-DEL01-PB"
153423;2018-08-16;"quinta-feira";"17:50:00";"GO";364;9,2;"SAO SIMAO";"Não guardar distância de segurança";"Colisão traseira";"Com Vítimas Feridas";"Pleno dia";"Decrescente";"Nublado";"Simples";"Reta";"Não";2;0;1;0;1;0;1;2;-18,9922147;-50,57127535;"SPRF-GO";"DEL05-GO";"UOP02-DEL05-GO"
153424;2018-08-16;"quinta-feira";"19:25:00";"RS";386;445,4;"CANOAS";"Animais na Pista";"Atropelamento de Animal";"Com Vítimas Fatais";"Plena Noite";"Decrescente";"Ignorado";"Dupla";"Reta";"Sim";3;1;0;0;1;1;0;3;-29,892885;-51,192703;"SPRF-RS";"DEL01-RS";"UOP01-DEL01-RS"
153425;2018-08-16;"quinta-feira";"19:35:00";"SC";470;66,8;"INDAIAL";"Desobediência às normas de trânsito pelo condutor";"Colisão lateral";"Com Vítimas Feridas";"Plena Noite";"Decrescente";"Nublado";"Simples";"Interseção de Vias;Reta";"Sim";2;0;1;0;1;0;1;2;-26,87137658;-49,22989994;"SPRF-SC";"DEL04-SC";"UOP01-DEL04-SC"
153429;2018-08-16;"quinta-feira";"19:30:00";"RS";471;174;"RIO PARDO";"Falta de Atenção à Condução";"Colisão transversal";"Com Vítimas Feridas";"Plena Noite";"Decrescente";"Céu Claro";"Simples";"Rotatória";"Sim";2;0;1;0;1;0;1;2;-29,98199983;-52,36942291;"SPRF-RS";"DEL02-RS";"UOP02-DEL02-RS"