"id";"data_inversa";"dia_semana";"horario";"uf";"br";"km";"municipio";"causa_acidente";"tipo_acidente";"classificacao_acidente";"fase_dia";"sentido_via";"condicao_metereologica";"tipo_pista";"tracado_via";"uso_solo";"pessoas";"mortos";"feridos_leves";"feridos_graves";"ilesos";"ignorados";"feridos";"veiculos";"latitude";"longitude";"regional";"delegacia";"uop"
153430;2018-08-16;"quinta-feira";"19:05:00";"RN";101;98;"NATAL";"Desobediência às normas de trânsito pelo pedestre";"Atropelamento de Pedestre";"Com Vítimas Feridas";"Plena Noite";"Crescente";"Céu Claro";"Dupla";"Reta";"Sim";2;0;0;1;1;0;1;2;-5,865723;-35,216537;"SPRF-RN";"DEL01-RN";"UOP01-DEL01-RN"
153432;2018-08-16;"quinta-feira";"17:40:00";"ES";101;265,1;"SERRA";"Não guardar distância de segurança";"Colisão traseira";"Com Vítimas Feridas";"Plena Noite";"Decrescente";"Nublado";"Múltipla";"Reta";"Sim";4;0;1;0;3;0;1;3;-20,1897811;-40,2685508;"SPRF-ES";"DEL02-ES";"UOP01-DEL02-ES"
153433;2018-08-16;"quinta-feira";"18:35:00";"PB";101;81;"BAYEUX";"Falta de Atenção do Pedestre";"Atropelamento de Pedestre";"Com Vítimas Feridas";"Plena Noite";"Crescente";"Céu Claro";"Dupla";"Reta";"Sim";2;0;0;1;0;1;1;2;-7,127571;-34,940268;"SPRF-PB";"DEL01-PB";"UOP01-DEL01-PB"
153438;2018-08-16;"quinta-feira";"20:50:00";"MG";153;12,8;"ARAPORA";"Não guardar distância de segurança";"Colisão traseira";"Com Vítimas Feridas";"Plena Noite";"Decrescente";"Céu Claro";"Dupla";"Reta";"Não";1;0;0;1;0;0;1;1;-18,5311;-49,1919;"SPRF-MG";"DEL15-MG";"UOP03-DEL15-MG"
153439;2018-08-16;"quinta-feira";"20:20:00";"SC";101;201,7;"SAO JOSE";"Falta de Atenção à Condução";"Colisão com objeto estático";"Com Vítimas Feridas";"Plena Noite";"Crescente";"Céu Claro";"Dupla";"Reta";"Não";3;0;1;0;2;0;1;1;-27,54967672;-48,61968842;"SPRF-SC";"DEL01-SC";"UOP01-DEL01-SC"
153441;2018-08-16;"quinta-feira";"19:45:00";"ES";259;60;"COLATINA";"Falta de Atenção do Pedestre";"Atropelamento de Pedestre";"Com Vítimas Feridas";"Plena Noite";"Crescente";"Céu Claro";"Dupla";"Reta";"Não";2;0;1;1;0;0;2;2;-19,52225855;-40,66799641;"SPRF-ES";"DEL02-ES";"UOP01-DEL02-ES"
153443;2018-08-16;"quinta-feira";"20:50:00";"CE";304;52,5;"ARACATI";"Falta de Atenção à Condução";"Colisão frontal";"Com Vítimas Feridas";"Plena Noite";"Decrescente";"Céu Claro";"Simples";"Reta";"Não";2;0;0;1;1;0;1;2;-4,57179415;-37,74198348;"SPRF-CE";"DEL03-CE";"UOP03-DEL03-CE"
153444;2018-08-16;"quinta-feira";"21:15:00";"MG";40;465;"SETE LAGOAS";"Pista Escorregadia";"Capotamento";"Com Vítimas Feridas";"Plena Noite";"Decrescente";"Chuva";"Dupla";"Reta";"Não";2;0;2;0;0;0;2;1;-19,4495;-44,3176;"SPRF-MG";"DEL02-MG";"UOP01-DEL02-MG"
153446;2018-08-16;"quinta-feira";"20:30:00";"MG";40;129,9;"JOAO PINHEIRO";"Falta de Atenção à Condução";"Atropelamento de Pedestre";"Com Vítimas Feridas";"Plena Noite";"Crescente";"Garoa/Chuvisco";"Simples";"Reta";"Não";2;0;1;0;0;1;1;2;-17,703953;-46,294704;"SPRF-MG";"DEL14-MG";"UOP01-DEL14-MG"
153447;2018-08-16;"quinta-feira";"21:20:00";"PR";277;72;"SAO JOSE DOS PINHAIS";"Falta de Atenção à Condução";"Colisão traseira";"Com Vítimas Feridas";"Plena Noite";"Decrescente";"Céu Claro";"Dupla";"Reta;Declive";"Não";4;0;2;0;2;0;2;2;-25,50553462;-49,14124489;"SPRF-PR";"DEL01-PR";"UOP01-DEL01-PR"
153448;2018-08-16;"quinta-feira";"21:30:00";"RS";116;236;"ESTANCIA VELHA";"Desobediência às normas de trânsito pelo condutor";"Colisão transversal";"Sem Vítimas";"Plena Noite";"Crescente";"Céu Claro";"Dupla";"Interseção de Vias";"Sim";5;0;0;0;5;0;0;2;-29,66978288;-51,14334762;"SPRF-RS";"DEL01-RS";"UOP02-DEL01-RS"
153450;2018-08-16;"quinta-feira";"21:10:00";"RO";364;706;"PORTO VELHO";"Desobediência às normas de trânsito pelo condutor";"Colisão traseira";"Com Vítimas Feridas";"Plena Noite";"Decrescente";"Céu Claro";"Dupla";"Reta";"Sim";4;0;1;0;3;0;1;2;-8,8008376;-63,82682452;"SPRF-RO";"DEL01-RO";"UOP01-DEL01-RO"
153451;2018-08-16;"quinta-feira";"22:27:00";"RJ";116;167;"SAO JOAO DE MERITI";"Falta de Atenção à Condução";"Engavetamento";"Com Vítimas Feridas";"Plena Noite";"Crescente";"Ignorado";"Dupla";"Reta";"Sim";3;0;1;0;2;0;1;3;-22,80126593;-43,35139096;"SPRF-RJ";"DEL01-RJ";"UOP02-DEL01-RJ"
153452;2018-08-16;"quinta-feira";"22:30:00";"SC";101;203;"SAO JOSE";"Falta de Atenção à Condução";"Colisão com objeto estático";"Com Vítimas Feridas";"Pleno dia";"Decrescente";"Céu Claro";"Múltipla";"Curva";"Não";1;0;1;0;0;0;1;1;-27,5742;-48,6134;"SPRF-SC";"DEL01-SC";"UOP01-DEL01-SC"
153454;2018-08-16;"quinta-feira";"22:30:00";"GO";153;172;"CAMPINORTE";"Falta de Atenção à Condução";"Danos eventuais";"Com Vítimas Feridas";"Plena Noite";"Crescente";"Garoa/Chuvisco";"Simples";"Reta";"Não";1;0;1;0;0;0;1;1;-14,28037473;-49,1479826;"SPRF-GO";"DEL07-GO";"UOP02-DEL07-GO"
153459;2018-08-16;"quinta-feira";"20:40:00";"MT";70;274;"PRIMAVERA DO LESTE";"Falta de Atenção à Condução";"Colisão lateral";"Com Vítimas Feridas";"Plena Noite";"Crescente";"Céu Claro";"Simples";"Reta";"Não";1;0;1;0;0;0;1;1;-15,545565;-54,245747;"SPRF-MT";"DEL05-MT";"UOP01-DEL05-MT"
153460;2018-08-16;"quinta-feira";"22:20:00";"MS";163;265;"DOURADOS";"Defeito Mecânico no Veículo";"Colisão com objeto estático";"Com Vítimas Feridas";"Plena Noite";"Decrescente";"Céu Claro";"Dupla";"Rotatória";"Sim";1;0;1;0;0;0;1;1;-22,22362116;-54,73201454;"SPRF-MS";"DEL04-MS";"UOP01-DEL04-MS"
153462;2018-08-17;"sexta-feira";"00:45:00";"AL";101;139,8;"SAO MIGUEL DOS CAMPOS";"Condutor Dormindo";"Saída de leito carroçável";"Com Vítimas Feridas";"Plena Noite";"Decrescente";"Vento";"Simples";"Reta";"Não";1;0;1;0;0;0;1;1;-9,81001347;-36,11727476;"SPRF-AL";"DEL02-AL";"UOP01-DEL02-AL"
153463;2018-08-16;"quinta-feira";"16:30:00";"RN";405;139,8;"SAO FRANCISCO DO OESTE";"Avarias e/ou desgaste excessivo no pneu";"Saída de leito carroçável";"Com Vítimas Fatais";"Pleno dia";"Decrescente";"Sol";"Simples";"Reta";"Não";2;1;0;1;0;0;1;1;-6,01550902;-38,1850487;"SPRF-RN";"DEL04-RN";"UOP02-DEL04-RN"
153464;2018-08-16;"quinta-feira";"23:45:00";"RJ";101;66;"CAMPOS DOS GOYTACAZES";"Pista Escorregadia";"Colisão com objeto estático";"Com Vítimas Feridas";"Plena Noite";"Crescente";"Garoa/Chuvisco";"Dupla";"Curva";"Sim";1;0;1;0;0;0;1;1;-21,760904;-41,347889;"SPRF-RJ";"DEL08-RJ";"UOP02-DEL08-RJ"
153466;2018-08-17;"sexta-feira";"00:00:00";"MG";365;162,2;"PIRAPORA";"Falta de Atenção à Condução";"Colisão traseira";"Com Vítimas Feridas";"Plena Noite";"Decrescente";"Nublado";"Simples";"Reta";"Sim";2;0;1;0;1;0;1;2;-17,366352;-44,937569;"SPRF-MG";"DEL12-MG";"UOP01-DEL12-MG"
153467;2018-08-16;"quinta-feira";"23:50:00";"PR";487;177;"CAMPO MOURAO";"Desobediência às normas de trânsito pelo condutor";"Colisão traseira";"Com Vítimas Feridas";"Plena Noite";"Decrescente";"Céu Claro";"Simples";"Declive";"Não";2;0;0;1;0;1;1;2;-24,034819;-52,417782;"SPRF-PR";"DEL04-PR";"UOP03-DEL09-PR"
153468;2018-08-17;"sexta-feira";"00:25:00";"PR";153;68;"CONSELHEIRO MAIRINCK";"Desobediência às normas de trânsito pelo condutor";"Colisão transversal";"Sem Vítimas";"Plena Noite";"Decrescente";"Céu Claro";"Simples";"Reta";"Não";2;0;0;0;1;1;0;2;-23,507385;-50,111557;"SPRF-PR";"DEL07-PR";"UOP04-DEL07-PR"
153469;2018-08-17;"sexta-feira";"00:50:00";"PI";316;6;"TERESINA";"Condutor Dormindo";"Colisão com objeto estático";"Com Vítimas Feridas";"Plena Noite";"Crescente";"Céu Claro";"Dupla";"Reta";"Sim";1;0;1;0;0;0;1;1;-5,1498066;-42,77388956;"SPRF-PI";"DEL01-PI";"UOP02-DEL01-PI"
153472;2018-08-17;"sexta-feira";"02:10:00";"PR";116;0,2;"CAMPINA GRANDE DO SUL";"Velocidade Incompatível";"Saída de leito carroçável";"Sem Vítimas";"Plena Noite";"Crescente";"Nublado";"Dupla";"Reta";"Não";1;0;0;0;1;0;0;1;-25,0604;-48,562973;"SPRF-PR";"DEL01-PR";"UOP02-DEL01-PR"
153474;2018-08-17;"sexta-feira";"02:25:00";"MT";364;291;"JACIARA";"Falta de Atenção à Condução";"Capotamento";"Sem Vítimas";"Plena Noite";"Decrescente";"Céu Claro";"Dupla";"Reta";"Não";1;0;0;0;1;0;0;1;-15,81950676;-55,22028923;"SPRF-MT";"DEL02-MT";"UOP02-DEL05-MT"
153476;2018-08-17;"sexta-feira";"04:10:00";"SC";101;196;"SAO JOSE";"Falta de Atenção à Condução";"Colisão com objeto em movimento";"Com Vítimas Feridas";"Plena Noite";"Decrescente";"Céu Claro";"Múltipla";"Reta";"Não";2;0;1;0;0;1;1;2;-27,5185;-48,6383;"SPRF-SC";"DEL01-SC";"UOP01-DEL01-SC"
153479;2018-06-22;"sexta-feira";"12:45:00";"AC";364;268;"SENA MADUREIRA";"Agressão Externa";"Saída de leito carroçável";"Com Vítimas Feridas";"Pleno dia";"Crescente";"Sol";"Simples";"Curva";"Não";1;0;0;1;0;0;1;1;-9,091918;-68,625565;"SPRF-AC";"DEL01-AC";"UOP01-DEL01-AC"
153480;2018-08-17;"sexta-feira";"04:30:00";"MG";381;611;"OLIVEIRA";"Objeto estático sobre o leito carroçável";"Colisão com objeto estático";"Sem Vítimas";"Plena Noite";"Decrescente";"Nublado";"Dupla";"Curva";"Não";1;0;0;0;1;0;0;1;-20,6941;-44,747;"SPRF-MG";"DEL04-MG";"UOP01-DEL04-MG"
153482;2018-08-17;"sexta-feira";"03:50:00";"RS";153;604,4;"BAGE";"Animais na Pista";"Atropelamento de Animal";"Com Vítimas Feridas";"Plena Noite";"Crescente";"Céu Claro";"Simples";"Reta";"Não";3;0;1;0;2;0;1;1;-31,212381;-53,861919;"SPRF-RS";"DEL11-RS";"UOP03-DEL11-RS"
153483;2018-08-17;"sexta-feira";"04:40:00";"GO";153;358,7;"JARAGUA";"Animais na Pista";"Atropelamento de Animal";"Sem Vítimas";"Plena Noite";"Decrescente";"Céu Claro";"Simples";"Reta";"Sim";1;0;0;0;1;0;0;1;-15,73967759;-49,32138205;"SPRF-GO";"DEL02-GO";"UOP02-DEL02-GO"
153484;2018-08-17;"sexta-feira";"05:20:00";"ES";101;3,7;"PEDRO CANARIO";"Condutor Dormindo";"Colisão frontal";"Com Vítimas Fatais";"Plena Noite";"Crescente";"Nublado";"Simples";"Declive;Curva";"Não";48;2;44;2;0;0;46;2;-18,20587113;-39,9341011;"SPRF-ES";"DEL04-ES";"UOP02-DEL04-ES"
153485;2018-08-10;"sexta-feira";"06:40:00";"MS";163;12;"MUNDO NOVO";"Falta de Atenção à Condução";"Saída de leito carroçável";"Com Vítimas Feridas";"Amanhecer";"Crescente";"Céu Claro";"Simples";"Reta";"Não";1;0;1;0;0;0;1;1;-23,96159249;-54,32120204;"SPRF-MS";"DEL09-MS";"UOP02-DEL09-MS"
153488;2018-08-17;"sexta-feira";"05:30:00";"PE";428;107,8;"SANTA MARIA DA BOA VISTA";"Condutor Dormindo";"Saída de leito carroçável";"Com Vítimas Feridas";"Amanhecer";"Decrescente";"Céu Claro";"Simples";"Reta";"Não";1;0;1;0;0;0;1;1;-8,872637;-40,017413;"SPRF-PE";"DEL06-PE";"UOP03-DEL06-PE"
153489;2018-08-17;"sexta-feira";"05:30:00";"PI";343;291;"ALTOS";"Animais na Pista";"Atropelamento de Animal";"Com Vítimas Feridas";"Amanhecer";"Crescente";"Céu Claro";"Simples";"Reta";"Não";1;0;1;0;0;0;1;1;-4,952586;-42,353409;"SPRF-PI";"DEL01-PI";"UOP03-DEL01-PI"
153491;2018-08-17;"sexta-feira";"06:25:00";"SC";101;413;"ARARANGUA";"Falta de Atenção à Condução";"Colisão transversal";"Com Vítimas Feridas";"Amanhecer";"Crescente";"Céu Claro";"Simples";"Reta";"Sim";2;0;1;0;1;0;1;2;-28,94726019;-49,50538963;"SPRF-SC";"DEL02-SC";"UOP02-DEL02-SC"
153493;2018-08-17;"sexta-feira";"06:20:00";"BA";324;602;"SIMOES FILHO";"Defeito Mecânico no Veículo";"Queda de ocupante de veículo";"Com Vítimas Feridas";"Pleno dia";"Decrescente";"Céu Claro";"Dupla";"Reta";"Sim";2;0;2;0;0;0;2;1;-12,78722831;-38,40783834;"SPRF-BA";"DEL01-BA";"UOP01-DEL01-BA"
153494;2018-08-17;"sexta-feira";"06:30:00";"PE";232;253;"ARCOVERDE";"Desobediência às normas de trânsito pelo condutor";"Queda de ocupante de veículo";"Com Vítimas Feridas";"Pleno dia";"Crescente";"Céu Claro";"Simples";"Reta";"Sim";2;0;0;1;0;1;1;2;-8,43002906;-37,06185574;"SPRF-PE";"DEL03-PE";"UOP02-DEL03-PE"
153495;2018-08-17;"sexta-feira";"06:15:00";"SP";381;73;"SAO PAULO";"Pista Escorregadia";"Colisão traseira";"Com Vítimas Feridas";"Amanhecer";"Crescente";"Garoa/Chuvisco";"Dupla";"Curva";"Não";3;0;1;0;2;0;1;2;-23,368008;-46,55292;"SPRF-SP";"DEL03-SP";"DEL6/3-UOP03/SP"
153500;2018-08-17;"sexta-feira";"06:40:00";"PR";376;653;"TIJUCAS DO SUL";"Velocidade Incompatível";"Capotamento";"Com Vítimas Feridas";"Pleno dia";"Crescente";"Garoa/Chuvisco";"Dupla";"Curva";"Não";1;0;1;0;0;0;1;1;-25,84315731;-49,05738831;"SPRF-PR";"DEL01-PR";"DEL7/1-UOP08/PR"
153501;2018-08-17;"sexta-feira";"07:10:00";"MG";381;5,2;"BETIM";"Não guardar distância de segurança";"Colisão lateral";"Com Vítimas Feridas";"Pleno dia";"Decrescente";"Céu Claro";"Dupla";"Curva";"Não";3;0;2;0;1;0;2;2;-19,96825;-44,198708;"SPRF-MG";"DEL01-MG";"UOP03-DEL01-MG"
153502;2018-08-17;"sexta-feira";"06:45:00";"SC";101;40;"JOINVILLE";"Condutor Dormindo";"Saída de leito carroçável";"Com Vítimas Feridas";"Pleno dia";"Decrescente";"Céu Claro";"Simples";"Reta";"Sim";1;0;1;0;0;0;1;1;-26,3166;-48,8733;"SPRF-SC";"DEL03-SC";"UOP01-DEL03-SC"
153503;2018-08-17;"sexta-feira";"07:15:00";"PB";230;22,8;"JOAO PESSOA";"Não guardar distância de segurança";"Engavetamento";"Com Vítimas Feridas";"Pleno dia";"Decrescente";"Céu Claro";"Dupla";"Reta";"Sim";6;0;2;0;4;0;2;4;-7,1597;-34,8593;"SPRF-PB";"DEL01-PB";"UOP01-DEL01-PB"
153504;2018-08-17;"sexta-feira";"07:00:00";"SP";116;94;"PINDAMONHANGABA";"Avarias e/ou desgaste excessivo no pneu";"Tombamento";"Com Vítimas Feridas";"Pleno dia";"Crescente";"Céu Claro";"Dupla";"Reta";"Não";2;0;1;0;1;0;1;1;-22,960953;-45,421791;"SPRF-SP";"DEL06-SP";"UOP01-DEL06-SP"
153505;2018-08-16;"quinta-feira";"19:25:00";"SP";116;147;"SAO JOSE DOS CAMPOS";"Não guardar distância de segurança";"Engavetamento";"Com Vítimas Feridas";"Plena Noite";"Decrescente";"Céu Claro";"Múltipla";"Reta";"Sim";1;0;1;0;0;0;1;1;-23,19794794;-45,87579341;"SPRF-SP";"DEL02-SP";"UOP01-DEL02-SP"
153506;2018-08-17;"sexta-feira";"07:28:00";"DF";40;6;"BRASILIA";"Falta de Atenção à Condução";"Colisão lateral";"Com Vítimas Feridas";"Pleno dia";"Decrescente";"Nevoeiro/Neblina";"Dupla";"Reta";"Sim";2;0;1;0;1;0;1;2;-16,029741;-47,978867;"SPRF-DF";"DEL01-DF";"UOP01-DEL01-DF"
153508;2018-08-17;"sexta-feira";"07:05:00";"RJ";493;5;"ITABORAI";"Falta de Atenção à Condução";"Colisão transversal";"Com Vítimas Feridas";"Pleno dia";"Crescente";"Chuva";"Simples";"Reta";"Sim";2;0;1;0;1;0;1;2;-22,722198;-42,951607;"SPRF-RJ";"DEL04-RJ";"UOP02-DEL04-RJ"
153509;2018-07-17;"terça-feira";"22:20:00";"SP";116;284;"EMBU DAS ARTES";"Desobediência às normas de trânsito pelo condutor";"Colisão frontal";"Com Vítimas Feridas";"Plena Noite";"Crescente";"Céu Claro";"Dupla";"Reta";"Sim";3;0;3;0;0;0;3;2;-23,67532204;-46,85698986;"SPRF-SP";"DEL04-SP";"UOP01-DEL04-SP"
153511;2018-08-17;"sexta-feira";"07:35:00";"RS";290;104,4;"ELDORADO DO SUL";"Não guardar distância de segurança";"Colisão traseira";"Com Vítimas Feridas";"Pleno dia";"Decrescente";"Céu Claro";"Dupla";"Reta";"Não";3;0;0;1;2;0;1;2;-29,993122;-51,275398;"SPRF-RS";"DEL02-RS";"UOP01-DEL02-RS"
153512;2018-08-17;"sexta-feira";"07:50:00";"RS";116;244,3;"SAO LEOPOLDO";"Falta de Atenção à Condução";"Colisão traseira";"Com Vítimas Feridas";"Pleno dia";"Crescente";"Sol";"Dupla";"Reta";"Sim";2;0;1;0;1;0;1;2;-29,740892;-51,150398;"SPRF-RS";"DEL01-RS";"UOP02-DEL01-RS"
153513;2018-08-17;"sexta-feira";"07:30:00";"RS";116;244;"SAO LEOPOLDO";"Desobediência às normas de trânsito pelo condutor";"Atropelamento de Pedestre";"Com Vítimas Feridas";"Pleno dia";"Crescente";"Céu Claro";"Dupla";"Reta";"Sim";2;0;0;1;1;0;1;2;-29,740892;-51,150398;"SPRF-RS";"DEL01-RS";"UOP02-DEL01-RS"
153514;2018-08-17;"sexta-feira";"07:00:00";"BA";101;913,2;"NOVA VICOSA";"Avarias e/ou desgaste excessivo no pneu";"Tombamento";"Com Vítimas Feridas";"Pleno dia";"Crescente";"Nublado";"Simples";"Reta";"Não";2;0;1;1;0;0;2;1;-17,83141;-39,79684;"SPRF-BA";"DEL09-BA";"UOP02-DEL09-BA"
153516;2018-08-17;"sexta-feira";"07:50:00";"PR";369;142,7;"IBIPORA";"Falta de Atenção à Condução";"Colisão frontal";"Com Vítimas Feridas";"Pleno dia";"Decrescente";"Céu Claro";"Simples";"Reta;Declive";"Sim";6;0;3;1;0;2;4;3;-23,29231804;-51,08975616;"SPRF-PR";"DEL07-PR";"UOP01-DEL07-PR"
153517;2018-08-17;"sexta-feira";"07:45:00";"MG";381;455;"SABARA";"Desobediência às normas de trânsito pelo condutor";"Atropelamento de Pedestre";"Com Vítimas Feridas";"Pleno dia";"Crescente";"Nublado";"Simples";"Curva";"Sim";3;0;0;2;1;0;2;3;-19,83935268;-43,86091411;"SPRF-MG";"DEL01-MG";"UOP01-DEL01-MG"
153518;2018-08-17;"sexta-feira";"08:20:00";"SC";470;58,1;"BLUMENAU";"Falta de Atenção à Condução";"Colisão transversal";"Com Vítimas Feridas";"Pleno dia";"Crescente";"Nublado";"Simples";"Reta";"Sim";2;0;1;0;1;0;1;2;-26,87735399;-49,12988213;"SPRF-SC";"DEL04-SC";"UOP01-DEL04-SC"
153520;2018-08-17;"sexta-feira";"08:10:00";"SC";470;59,1;"BLUMENAU";"Falta de Atenção à Condução";"Colisão transversal";"Com Vítimas Feridas";"Pleno dia";"Crescente";"Nublado";"Simples";"Reta";"Sim";2;0;1;0;1;0;1;2;-26,88112924;-49,13750941;"SPRF-SC";"DEL04-SC";"UOP01-DEL04-SC"
153521;2018-08-08;"quarta-feira";"19:00:00";"PB";101;82,9;"JOAO PESSOA";"Falta de Atenção à Condução";"Colisão lateral";"Com Vítimas Feridas";"Plena Noite";"Crescente";"Céu Claro";"Dupla";"Reta";"Sim";3;0;2;0;1;0;2;2;-7,1313;-34,9326;"SPRF-PB";"DEL01-PB";"UOP01-DEL01-PB"
153522;2018-05-25;"sexta-feira";"07:20:00";"RN";304;33,7;"MOSSORO";"Falta de Atenção à Condução";"Colisão traseira";"Com Vítimas Feridas";"Pleno dia";"Decrescente";"Sol";"Dupla";"Reta";"Sim";2;0;1;0;1;0;1;2;-5,14982415;-37,34804928;"SPRF-RN";"DEL04-RN";"UOP02-DEL04-RN"
153523;2018-08-17;"sexta-feira";"07:55:00";"GO";50;241,9;"CATALAO";"Falta de Atenção à Condução";"Colisão frontal";"Com Vítimas Feridas";"Pleno dia";"Decrescente";"Nublado";"Simples";"Reta";"Não";2;0;1;1;0;0;2;2;-17,8922;-47,7935;"SPRF-GO";"DEL06-GO";"UOP01-DEL06-GO"
153524;2018-08-17;"sexta-feira";"07:00:00";"SP";381;17;"BRAGANCA PAULISTA";"Falta de Atenção à Condução";"Colisão lateral";"Com Vítimas Feridas";"Pleno dia";"Decrescente";"Céu Claro";"Dupla";"Reta";"Não";2;0;1;0;1;0;1;2;-22,97198612;-46,48687184;"SPRF-SP";"DEL03-SP";"UOP02-DEL03-SP"
153525;2018-08-17;"sexta-feira";"07:50:00";"RS";285;455,4;"IJUI";"Falta de Atenção à Condução";"Colisão transversal";"Com Vítimas Feridas";"Pleno dia";"Decrescente";"Céu Claro";"Simples";"Interseção de Vias";"Não";3;0;2;0;1;0;2;2;-28,38495204;-53,88787329;"SPRF-RS";"DEL10-RS";"UOP01-DEL10-RS"
153526;2018-08-17;"sexta-feira";"07:00:00";"CE";222;298,4;"TIANGUA";"Ultrapassagem Indevida";"Colisão frontal";"Com Vítimas Feridas";"Pleno dia";"Decrescente";"Nublado";"Simples";"Curva";"Não";2;0;1;0;1;0;1;2;-3,66768721;-40,95491409;"SPRF-CE";"DEL04-CE";"UOP02-DEL04-CE"
153530;2018-08-17;"sexta-feira";"08:15:00";"ES";101;16,8;"PEDRO CANARIO";"Não guardar distância de segurança";"Colisão traseira";"Sem Vítimas";"Pleno dia";"Crescente";"Céu Claro";"Simples";"Curva";"Sim";2;0;0;0;2;0;0;2;-18,298746;-39,957325;"SPRF-ES";"DEL04-ES";"UOP02-DEL04-ES"
153531;2018-08-17;"sexta-feira";"08:30:00";"ES";101;265,5;"SERRA";"Desobediência às normas de trânsito pelo condutor";"Colisão lateral";"Com Vítimas Feridas";"Pleno dia";"Crescente";"Nublado";"Múltipla";"Interseção de Vias";"Sim";2;0;1;0;1;0;1;2;-20,1857756;-40,26777864;"SPRF-ES";"DEL02-ES";"UOP01-DEL02-ES"
153532;2018-08-17;"sexta-feira";"08:00:00";"RS";472;648,8;"BARRA DO QUARAI";"Desobediência às normas de trânsito pelo condutor";"Colisão transversal";"Com Vítimas Feridas";"Amanhecer";"Decrescente";"Céu Claro";"Simples";"Curva";"Sim";3;0;2;0;1;0;2;2;-30,20745999;-57,55296363;"SPRF-RS";"DEL13-RS";"UOP01-DEL13-RS"
153533;2018-07-24;"terça-feira";"13:50:00";"SC";280;29,6;"ARAQUARI";"Pista Escorregadia";"Queda de ocupante de veículo";"Com Vítimas Feridas";"Pleno dia";"Decrescente";"Garoa/Chuvisco";"Simples";"Reta";"Não";2;0;0;1;1;0;1;2;-26,4136112;-48,7585091;"SPRF-SC";"DEL03-SC";"UOP03-DEL03-SC"
153535;2018-03-24;"sábado";"03:15:00";"PR";277;113,5;"CAMPO LARGO";"Restrição de Visibilidade";"Atropelamento de Pedestre";"Com Vítimas Feridas";"Plena Noite";"Crescente";"Chuva";"Dupla";"Reta";"Sim";2;0;1;1;0;0;2;2;-25,446307;-49,49055341;"SPRF-PR";"DEL01-PR";"UOP06-DEL01-PR"
153537;2018-08-17;"sexta-feira";"08:38:00";"RO";364;712;"PORTO VELHO";"Falta de Atenção à Condução";"Colisão traseira";"Com Vítimas Feridas";"Pleno dia";"Crescente";"Sol";"Dupla";"Viaduto";"Sim";5;0;1;0;4;0;1;4;-8,77802397;-63,87152374;"SPRF-RO";"DEL01-RO";"UOP01-DEL01-RO"
153538;2018-08-17;"sexta-feira";"06:30:00";"AC";364;135;"RIO BRANCO";"Falta de Atenção à Condução";"Colisão traseira";"Com Vítimas Feridas";"Pleno dia";"Decrescente";"Céu Claro";"Dupla";"Reta";"Sim";2;0;1;0;1;0;1;2;-9,985886;-67,84523;"SPRF-AC";"DEL01-AC";"UOP01-DEL01-AC"
153539;2018-08-09;"quinta-feira";"16:50:00";"CE";304;47,1;"ARACATI";"Falta de Atenção à Condução";"Colisão com objeto estático";"Com Vítimas Feridas";"Anoitecer";"Crescente";"Céu Claro";"Dupla";"Ponte";"Sim";1;0;1;0;0;0;1;1;-4,57642494;-37,78850555;"SPRF-CE";"DEL03-CE";"UOP03-DEL03-CE"
153540;2018-08-15;"quarta-feira";"11:14:00";"PB";230;69;"SOBRADO";"Desobediência às normas de trânsito pelo condutor";"Colisão traseira";"Sem Vítimas";"Pleno dia";"Crescente";"Céu Claro";"Dupla";"Reta";"Não";2;0;0;0;2;0;0;2;-7,191877;-35,226052;"SPRF-PB";"DEL01-PB";"UOP03-DEL01-PB"
153541;2018-08-17;"sexta-feira";"10:15:00";"GO";60;117,9;"TEREZOPOLIS DE GOIAS";"Desobediência às normas de trânsito pelo condutor";"Colisão transversal";"Com Vítimas Feridas";"Pleno dia";"Decrescente";"Céu Claro";"Dupla";"Interseção de Vias";"Sim";4;0;1;0;1;2;1;3;-16,4789;-49,0864;"SPRF-GO";"DEL01-GO";"UOP01-DEL01-GO"
153543;2018-08-17;"sexta-feira";"10:00:00";"PE";101;83,1;"JABOATAO DOS GUARARAPES";"Falta de Atenção à Condução";"Colisão lateral";"Com Vítimas Feridas";"Pleno dia";"Crescente";"Céu Claro";"Dupla";"Reta";"Sim";2;0;1;0;1;0;1;2;-8,1777;-34,9526;"SPRF-PE";"DEL01-PE";"UOP03-DEL01-PE"
153544;2018-08-17;"sexta-feira";"07:20:00";"SC";282;505,7;"XANXERE";"Ultrapassagem Indevida";"Colisão lateral";"Com Vítimas Feridas";"Pleno dia";"Crescente";"Sol";"Dupla";"Reta";"Sim";2;0;1;0;1;0;1;2;-26,885883;-52,418762;"SPRF-SC";"DEL07-SC";"UOP01-DEL07-SC"
153545;2018-08-17;"sexta-feira";"10:00:00";"BA";116;806;"VITORIA DA CONQUISTA";"Defeito Mecânico no Veículo";"Queda de ocupante de veículo";"Com Vítimas Feridas";"Pleno dia";"Crescente";"Garoa/Chuvisco";"Simples";"Reta";"Não";2;0;1;0;1;0;1;1;-14,770773;-40,717436;"SPRF-BA";"DEL08-BA";"UOP01-DEL08-BA"