"id";"data_inversa";"dia_semana";"horario";"uf";"br";"km";"municipio";"causa_acidente";"tipo_acidente";"classificacao_acidente";"fase_dia";"sentido_via";"condicao_metereologica";"tipo_pista";"tracado_via";"uso_solo";"pessoas";"mortos";"feridos_leves";"feridos_graves";"ilesos";"ignorados";"feridos";"veiculos";"latitude";"longitude";"regional";"delegacia";"uop"
153770;2018-08-18;"sábado";"00:30:00";"GO";60;174,2;"ABADIA DE GOIAS";"Defeito Mecânico no Veículo";"Saída de leito carroçável";"Sem Vítimas";"Plena Noite";"Decrescente";"Nublado";"Dupla";"Reta;Retorno Regulamentado";"Não";1;0;0;0;1;0;0;1;-16,74896858;-49,42629397;"SPRF-GO";"DEL01-GO";"UOP02-DEL01-GO"
153771;2018-08-18;"sábado";"06:00:00";"SC";101;208,1;"SAO JOSE";"Não guardar distância de segurança";"Colisão traseira";"Com Vítimas Feridas";"Plena Noite";"Decrescente";"Nublado";"Múltipla";"Reta";"Sim";2;0;1;0;1;0;1;2;-27,60508136;-48,6337691;"SPRF-SC";"DEL01-SC";"UOP01-DEL01-SC"
153772;2018-08-18;"sábado";"04:00:00";"SE";101;91;"NOSSA SENHORA DO SOCORRO";"Avarias e/ou desgaste excessivo no pneu";"Capotamento";"Com Vítimas Feridas";"Amanhecer";"Decrescente";"Céu Claro";"Dupla";"Reta";"Sim";1;0;1;0;0;0;1;1;-10,8961;-37,1323;"SPRF-SE";"DEL01-SE";"UOP01-DEL01-SE"
153774;2018-08-18;"sábado";"06:35:00";"PB";101;84;"BAYEUX";"Falta de Atenção à Condução";"Queda de ocupante de veículo";"Com Vítimas Feridas";"Pleno dia";"Decrescente";"Céu Claro";"Dupla";"Reta";"Sim";1;0;1;0;0;0;1;1;-7,14111356;-34,92141724;"SPRF-PB";"DEL01-PB";"UOP01-DEL01-PB"
153775;2018-08-18;"sábado";"05:10:00";"RS";293;97,3;"PINHEIRO MACHADO";"Falta de Atenção à Condução";"Saída de leito carroçável";"Com Vítimas Feridas";"Amanhecer";"Decrescente";"Céu Claro";"Simples";"Aclive";"Não";2;0;2;0;0;0;2;1;-31,615652;-53,281734;"SPRF-RS";"DEL11-RS";"UOP03-DEL11-RS"
153779;2018-08-18;"sábado";"07:01:00";"MG";116;509;"UBAPORANGA";"Velocidade Incompatível";"Atropelamento de Pedestre";"Com Vítimas Fatais";"Pleno dia";"Crescente";"Nublado";"Simples";"Reta";"Não";2;1;1;0;0;0;1;2;-19,622173;-42,106845;"SPRF-MG";"DEL06-MG";"UOP02-DEL06-MG"
153780;2018-08-18;"sábado";"02:20:00";"MT";364;188;"PEDRA PRETA";"Falta de Atenção à Condução";"Capotamento";"Sem Vítimas";"Plena Noite";"Crescente";"Céu Claro";"Simples";"Curva";"Não";1;0;0;0;0;1;0;1;-16,56156;-54,553219;"SPRF-MT";"DEL02-MT";"UOP01-DEL02-MT"
153781;2018-08-18;"sábado";"07:25:00";"DF";70;11,6;"BRASILIA";"Falta de Atenção à Condução";"Colisão traseira";"Com Vítimas Feridas";"Pleno dia";"Decrescente";"Céu Claro";"Dupla";"Reta";"Sim";2;0;1;0;1;0;1;2;-15,78973453;-48,14836437;"SPRF-DF";"DEL01-DF";"UOP02-DEL03-DF"
153782;2018-08-18;"sábado";"07:00:00";"ES";101;324,3;"GUARAPARI";"Falta de Atenção à Condução";"Saída de leito carroçável";"Com Vítimas Feridas";"Pleno dia";"Decrescente";"Céu Claro";"Simples";"Reta";"Não";2;0;2;0;0;0;2;1;-20,5488;-40,4811;"SPRF-ES";"DEL03-ES";"UOP01-DEL03-ES"
153783;2018-08-17;"sexta-feira";"21:10:00";"MG";40;144,5;"JOAO PINHEIRO";"Falta de Atenção à Condução";"Colisão transversal";"Com Vítimas Feridas";"Plena Noite";"Crescente";"Céu Claro";"Simples";"Aclive";"Não";2;0;1;0;1;0;1;2;-17,749695;-46,169914;"SPRF-MG";"DEL14-MG";"UOP01-DEL14-MG"
153784;2018-08-18;"sábado";"06:00:00";"PR";376;186;"MARIALVA";"Condutor Dormindo";"Saída de leito carroçável";"Sem Vítimas";"Amanhecer";"Crescente";"Céu Claro";"Dupla";"Declive";"Não";1;0;0;0;1;0;0;1;-23,453979;-51,849734;"SPRF-PR";"DEL07-PR";"UOP01-DEL09-PR"
153785;2018-08-18;"sábado";"06:27:00";"MG";40;823,3;"SIMAO PEREIRA";"Velocidade Incompatível";"Colisão com objeto estático";"Com Vítimas Fatais";"Pleno dia";"Crescente";"Nublado";"Dupla";"Curva";"Não";3;1;0;2;0;0;2;1;-21,9825;-43,2818;"SPRF-MG";"DEL05-MG";"UOP01-DEL05-MG"
153787;2018-08-18;"sábado";"06:50:00";"SC";101;436,4;"SOMBRIO";"Desobediência às normas de trânsito pelo condutor";"Colisão transversal";"Com Vítimas Feridas";"Amanhecer";"Decrescente";"Nevoeiro/Neblina";"Dupla";"Rotatória";"Sim";2;0;1;0;1;0;1;2;-29,11128207;-49,63811606;"SPRF-SC";"DEL02-SC";"UOP02-DEL02-SC"
153788;2018-08-18;"sábado";"06:50:00";"MS";262;368,7;"TERENOS";"Falta de Atenção à Condução";"Tombamento";"Com Vítimas Feridas";"Pleno dia";"Decrescente";"Sol";"Simples";"Reta";"Sim";1;0;1;0;0;0;1;1;-20,4797681;-54,76615906;"SPRF-MS";"DEL01-MS";"UOP03-DEL01-MS"
153789;2018-08-18;"sábado";"08:10:00";"RS";285;478,1;"CORONEL BARROS";"Falta de Atenção à Condução";"Colisão frontal";"Com Vítimas Feridas";"Pleno dia";"Crescente";"Sol";"Simples";"Curva";"Não";2;0;1;1;0;0;2;2;-28,382048;-54,081966;"SPRF-RS";"DEL10-RS";"UOP01-DEL10-RS"
153790;2018-08-18;"sábado";"05:30:00";"PB";101;19;"MAMANGUAPE";"Falta de Atenção à Condução";"Colisão traseira";"Sem Vítimas";"Pleno dia";"Crescente";"Céu Claro";"Dupla";"Aclive";"Não";2;0;0;0;1;1;0;2;-6,6364445;-35,1246432;"SPRF-PB";"DEL01-PB";"UOP04-DEL01-PB"
153792;2018-08-18;"sábado";"07:35:00";"MS";262;357,9;"CAMPO GRANDE";"Defeito na Via";"Queda de ocupante de veículo";"Com Vítimas Feridas";"Pleno dia";"Decrescente";"Céu Claro";"Simples";"Reta";"Não";2;0;1;0;1;0;1;1;-20,54113561;-54,69585115;"SPRF-MS";"DEL01-MS";"UOP03-DEL01-MS"
153794;2018-08-18;"sábado";"07:50:00";"RJ";40;79,1;"PETROPOLIS";"Velocidade Incompatível";"Colisão frontal";"Com Vítimas Feridas";"Pleno dia";"Crescente";"Céu Claro";"Simples";"Reta";"Não";4;0;1;0;3;0;1;1;-22,49257443;-43,22193146;"SPRF-RJ";"DEL06-RJ";"UOP01-DEL06-RJ"
153795;2018-08-18;"sábado";"08:55:00";"RN";101;85,8;"NATAL";"Falta de Atenção à Condução";"Colisão traseira";"Com Vítimas Feridas";"Pleno dia";"Crescente";"Céu Claro";"Dupla";"Reta";"Não";2;0;1;0;1;0;1;2;-5,777664;-35,249371;"SPRF-RN";"DEL02-RN";"UOP01-DEL02-RN"
153796;2018-08-18;"sábado";"08:30:00";"BA";135;186;"BARREIRAS";"Falta de Atenção à Condução";"Colisão traseira";"Com Vítimas Feridas";"Pleno dia";"Crescente";"Céu Claro";"Simples";"Reta";"Não";2;0;2;0;0;0;2;2;-12,20765684;-45,01596451;"SPRF-BA";"DEL10-BA";"UOP01-DEL10-BA"
153797;2018-08-18;"sábado";"08:20:00";"RJ";101;87;"CAMPOS DOS GOYTACAZES";"Falta de Atenção à Condução";"Capotamento";"Com Vítimas Feridas";"Pleno dia";"Decrescente";"Chuva";"Dupla";"Reta";"Não";1;0;1;0;0;0;1;1;-21,826284;-41,496429;"SPRF-RJ";"DEL08-RJ";"UOP02-DEL08-RJ"
153799;2018-08-14;"terça-feira";"07:15:00";"PR";116;115;"CURITIBA";"Falta de Atenção à Condução";"Colisão transversal";"Com Vítimas Feridas";"Pleno dia";"Decrescente";"Céu Claro";"Dupla";"Reta";"Sim";2;0;1;0;1;0;1;2;-25,544559;-49,30146;"SPRF-PR";"DEL01-PR";"UOP01-DEL01-PR"
153802;2018-08-18;"sábado";"08:30:00";"AM";174;991;"PRESIDENTE FIGUEIREDO";"Desobediência às normas de trânsito pelo condutor";"Colisão lateral";"Sem Vítimas";"Pleno dia";"Decrescente";"Céu Claro";"Dupla";"Interseção de Vias";"Sim";2;0;0;0;2;0;0;2;-2,04934993;-60,0261265;"SPRF-AM";"DEL01-AM";"UOP02-DEL01-AM"
153803;2018-08-18;"sábado";"08:00:00";"PA";222;244;"MARABA";"Ingestão de Álcool";"Colisão traseira";"Com Vítimas Feridas";"Pleno dia";"Crescente";"Céu Claro";"Simples";"Reta";"Sim";4;0;1;0;2;1;1;3;-5,347676;-49,080456;"SPRF-PA";"DEL03-PA";"UOP01-DEL03-PA"
153805;2018-08-18;"sábado";"09:20:00";"PR";116;104,8;"SAO JOSE DOS PINHAIS";"Não guardar distância de segurança";"Colisão traseira";"Com Vítimas Feridas";"Pleno dia";"Decrescente";"Sol";"Dupla";"Reta";"Não";7;0;1;0;6;0;1;2;-25,57109163;-49,21153653;"SPRF-PR";"DEL01-PR";"UOP01-DEL01-PR"
153807;2018-08-18;"sábado";"09:50:00";"PE";232;5;"RECIFE";"Falta de Atenção do Pedestre";"Colisão traseira";"Com Vítimas Feridas";"Pleno dia";"Decrescente";"Céu Claro";"Dupla";"Viaduto";"Sim";4;0;2;0;2;0;2;3;-8,067958;-34,945354;"SPRF-PE";"DEL01-PE";"UOP01-DEL01-PE"
153808;2018-08-18;"sábado";"10:10:00";"ES";262;0,5;"CARIACICA";"Falta de Atenção à Condução";"Colisão lateral";"Com Vítimas Feridas";"Pleno dia";"Decrescente";"Nublado";"Dupla";"Reta";"Não";2;0;1;0;1;0;1;2;-20,32288672;-40,35411626;"SPRF-ES";"DEL01-ES";"UOP01-DEL01-ES"
153809;2018-08-18;"sábado";"10:20:00";"GO";70;2,8;"AGUAS LINDAS DE GOIAS";"Falta de Atenção à Condução";"Colisão traseira";"Com Vítimas Feridas";"Pleno dia";"Crescente";"Céu Claro";"Dupla";"Curva;Aclive";"Sim";4;0;3;0;1;0;3;2;-15,76218822;-48,2353878;"SPRF-DF";"DEL01-DF";"UOP02-DEL03-DF"
153811;2018-08-18;"sábado";"09:15:00";"RJ";101;304;"SAO GONCALO";"Não guardar distância de segurança";"Colisão lateral";"Sem Vítimas";"Pleno dia";"Crescente";"Céu Claro";"Dupla";"Reta";"Sim";2;0;0;0;2;0;0;2;-22,8759489;-43,1126695;"SPRF-RJ";"DEL02-RJ";"DEL5/2-UOP04/RJ"
153812;2018-08-18;"sábado";"07:30:00";"PR";116;44;"CAMPINA GRANDE DO SUL";"Velocidade Incompatível";"Saída de leito carroçável";"Sem Vítimas";"Pleno dia";"Crescente";"Nublado";"Dupla";"Curva";"Não";1;0;0;0;0;1;0;1;-25,18824;-48,884922;"SPRF-PR";"DEL01-PR";"UOP02-DEL01-PR"
153815;2018-08-18;"sábado";"08:45:00";"RJ";101;262,3;"RIO BONITO";"Pista Escorregadia";"Colisão com objeto estático";"Com Vítimas Feridas";"Pleno dia";"Crescente";"Chuva";"Dupla";"Curva";"Não";2;0;2;0;0;0;2;1;-22,7160234;-42,62214661;"SPRF-RJ";"DEL02-RJ";"UOP03-DEL02-RJ"
153816;2018-08-18;"sábado";"09:40:00";"RO";364;716,1;"PORTO VELHO";"Velocidade Incompatível";"Saída de leito carroçável";"Com Vítimas Feridas";"Pleno dia";"Decrescente";"Sol";"Dupla";"Reta";"Sim";1;0;1;0;0;0;1;1;-8,7909149;-63,90345812;"SPRF-RO";"DEL01-RO";"UOP01-DEL01-RO"
153817;2018-08-18;"sábado";"07:20:00";"CE";402;273;"ITAPIPOCA";"Falta de Atenção à Condução";"Colisão com objeto estático";"Sem Vítimas";"Pleno dia";"Decrescente";"Céu Claro";"Simples";"Reta";"Sim";2;0;0;0;2;0;0;1;-3,54306217;-39,47808266;"SPRF-CE";"DEL01-CE";"UOP03-DEL01-CE"
153818;2018-08-18;"sábado";"10:30:00";"SC";282;82,5;"ALFREDO WAGNER";"Defeito Mecânico no Veículo";"Saída de leito carroçável";"Sem Vítimas";"Pleno dia";"Crescente";"Nublado";"Simples";"Curva;Declive";"Não";1;0;0;0;1;0;0;1;-27,662027;-49,178356;"SPRF-SC";"DEL01-SC";"UOP03-DEL01-SC"
153820;2018-08-17;"sexta-feira";"23:00:00";"RJ";393;246;"BARRA DO PIRAI";"Falta de Atenção à Condução";"Saída de leito carroçável";"Com Vítimas Fatais";"Plena Noite";"Decrescente";"Ignorado";"Simples";"Curva";"Não";1;1;0;0;0;0;0;1;-22,4239691;-43,7637425;"SPRF-RJ";"DEL05-RJ";"UOP04-DEL05-RJ"
153822;2018-08-18;"sábado";"11:50:00";"RS";386;416;"MONTENEGRO";"Ingestão de Álcool";"Colisão transversal";"Com Vítimas Feridas";"Pleno dia";"Crescente";"Céu Claro";"Simples";"Reta";"Sim";2;0;0;1;1;0;1;2;-29,81826898;-51,46794135;"SPRF-RS";"DEL04-RS";"UOP02-DEL04-RS"
153823;2018-07-01;"domingo";"20:35:00";"SP";116;223;"GUARULHOS";"Falta de Atenção à Condução";"Colisão traseira";"Sem Vítimas";"Plena Noite";"Crescente";"Nublado";"Múltipla";"Reta";"Não";6;0;0;0;5;1;0;5;-23,4683488;-46,5145327;"SPRF-SP";"DEL01-SP";"UOP01-DEL01-SP"
153825;2018-08-18;"sábado";"08:20:00";"SC";282;645,2;"SAO MIGUEL DO OESTE";"Falta de Atenção à Condução";"Queda de ocupante de veículo";"Com Vítimas Feridas";"Pleno dia";"Crescente";"Céu Claro";"Simples";"Reta";"Não";2;0;1;0;1;0;1;1;-26,765184;-53,487823;"SPRF-SC";"DEL07-SC";"UOP03-DEL07-SC"
153827;2018-08-18;"sábado";"10:00:00";"SP";381;88;"SAO PAULO";"Desobediência às normas de trânsito pelo condutor";"Colisão lateral";"Com Vítimas Feridas";"Pleno dia";"Decrescente";"Sol";"Dupla";"Reta";"Sim";4;0;1;0;2;1;1;4;-23,4774535;-46,5598919;"SPRF-SP";"DEL03-SP";"DEL6/3-UOP03/SP"
153829;2018-08-18;"sábado";"10:30:00";"MG";262;353;"BETIM";"Avarias e/ou desgaste excessivo no pneu";"Saída de leito carroçável";"Com Vítimas Feridas";"Pleno dia";"Decrescente";"Sol";"Dupla";"Aclive;Curva";"Não";1;0;1;0;0;0;1;1;-19,9797;-44,2151;"SPRF-MG";"DEL01-MG";"UOP03-DEL01-MG"
153830;2018-08-18;"sábado";"12:13:00";"SC";101;186,1;"BIGUACU";"Ingestão de Álcool";"Colisão com objeto estático";"Com Vítimas Feridas";"Pleno dia";"Crescente";"Garoa/Chuvisco";"Dupla";"Curva";"Não";1;0;0;1;0;0;1;1;-27,4432;-48,6284;"SPRF-SC";"DEL01-SC";"UOP01-DEL01-SC"
153833;2018-08-18;"sábado";"12:40:00";"RS";290;3,6;"OSORIO";"Condutor Dormindo";"Saída de leito carroçável";"Com Vítimas Feridas";"Pleno dia";"Decrescente";"Céu Claro";"Dupla";"Reta";"Não";2;0;2;0;0;0;2;1;-29,8983;-50,3103;"SPRF-RS";"DEL03-RS";"UOP02-DEL03-RS"
153834;2018-08-18;"sábado";"12:40:00";"MA";10;253;"IMPERATRIZ";"Defeito Mecânico no Veículo";"Colisão lateral";"Com Vítimas Feridas";"Pleno dia";"Decrescente";"Céu Claro";"Simples";"Reta";"Sim";2;0;2;0;0;0;2;2;-5,526911;-47,471455;"SPRF-MA";"DEL04-MA";"UOP01-DEL04-MA"
153835;2018-08-18;"sábado";"10:40:00";"MG";262;38,5;"MANHUACU";"Ultrapassagem Indevida";"Colisão lateral";"Com Vítimas Feridas";"Pleno dia";"Crescente";"Nublado";"Simples";"Declive";"Sim";3;0;2;0;1;0;2;2;-20,263067;-42,036842;"SPRF-MG";"DEL06-MG";"UOP03-DEL06-MG"
153836;2018-08-18;"sábado";"12:55:00";"MG";262;37,2;"MANHUACU";"Falta de Atenção à Condução";"Colisão transversal";"Com Vítimas Feridas";"Pleno dia";"Crescente";"Céu Claro";"Simples";"Curva";"Sim";3;0;2;0;1;0;2;2;-20,25749;-42,030487;"SPRF-MG";"DEL06-MG";"UOP03-DEL06-MG"
153838;2018-08-18;"sábado";"13:40:00";"GO";60;366,7;"RIO VERDE";"Falta de Atenção à Condução";"Colisão lateral";"Com Vítimas Feridas";"Pleno dia";"Crescente";"Céu Claro";"Dupla";"Retorno Regulamentado";"Não";2;0;1;0;1;0;1;2;-17,66455091;-50,81665993;"SPRF-GO";"DEL04-GO";"UOP01-DEL04-GO"
153840;2018-08-18;"sábado";"14:00:00";"SP";116;504,8;"CAJATI";"Pista Escorregadia";"Capotamento";"Com Vítimas Feridas";"Pleno dia";"Crescente";"Garoa/Chuvisco";"Dupla";"Curva";"Não";4;0;2;0;2;0;2;1;-24,73659;-48,12319;"SPRF-SP";"DEL05-SP";"UAP01-DEL05-SP"
153841;2018-08-18;"sábado";"04:00:00";"RJ";356;64;"ITAPERUNA";"Velocidade Incompatível";"Saída de leito carroçável";"Sem Vítimas";"Plena Noite";"Decrescente";"Céu Claro";"Simples";"Curva";"Não";1;0;0;0;0;1;0;1;-21,349068;-41,713776;"SPRF-RJ";"DEL08-RJ";"UOP03-DEL08-RJ"
153843;2018-08-18;"sábado";"14:30:00";"SP";116;223;"GUARULHOS";"Falta de Atenção à Condução";"Capotamento";"Com Vítimas Feridas";"Pleno dia";"Decrescente";"Céu Claro";"Simples";"Reta";"Sim";2;0;1;0;1;0;1;1;-23,47867726;-46,53087616;"SPRF-SP";"DEL01-SP";"UOP01-DEL01-SP"
153844;2018-08-18;"sábado";"14:50:00";"MG";381;359;"JOAO MONLEVADE";"Não guardar distância de segurança";"Colisão lateral";"Com Vítimas Feridas";"Pleno dia";"Crescente";"Nublado";"Simples";"Curva";"Sim";3;0;2;0;1;0;2;2;-19,83886826;-43,18270147;"SPRF-MG";"DEL03-MG";"UOP01-DEL03-MG"
153845;2018-08-18;"sábado";"12:35:00";"SC";101;238,9;"PALHOCA";"Ingestão de Álcool";"Saída de leito carroçável";"Com Vítimas Feridas";"Pleno dia";"Crescente";"Nublado";"Dupla";"Reta";"Não";1;0;1;0;0;0;1;1;-27,84997624;-48,63922119;"SPRF-SC";"DEL01-SC";"UOP02-DEL01-SC"
153847;2018-08-18;"sábado";"14:30:00";"BA";101;233;"SAPEACU";"Falta de Atenção à Condução";"Colisão traseira";"Com Vítimas Feridas";"Pleno dia";"Crescente";"Sol";"Simples";"Reta;Declive";"Não";2;0;0;2;0;0;2;1;-12,74437694;-39,18415546;"SPRF-BA";"DEL01-BA";"UOP02-DEL01-BA"
153849;2018-08-18;"sábado";"15:20:00";"MG";381;359,9;"JOAO MONLEVADE";"Falta de Atenção à Condução";"Colisão lateral";"Com Vítimas Feridas";"Pleno dia";"Crescente";"Nublado";"Simples";"Curva";"Sim";2;0;1;0;1;0;1;2;-19,83746545;-43,18889737;"SPRF-MG";"DEL03-MG";"UOP01-DEL03-MG"
153850;2018-08-18;"sábado";"15:25:00";"RN";226;102,4;"SANTA CRUZ";"Falta de Atenção à Condução";"Saída de leito carroçável";"Com Vítimas Feridas";"Pleno dia";"Decrescente";"Sol";"Simples";"Reta";"Não";5;0;5;0;0;0;5;1;-6,25182414;-35,93770623;"SPRF-RN";"DEL03-RN";"UOP02-DEL03-RN"
153851;2018-08-18;"sábado";"14:45:00";"RS";285;425,2;"PANAMBI";"Ingestão de Álcool";"Saída de leito carroçável";"Com Vítimas Feridas";"Pleno dia";"Decrescente";"Sol";"Simples";"Reta";"Não";3;0;3;0;0;0;3;1;-28,32160206;-53,60493422;"SPRF-RS";"DEL10-RS";"UOP01-DEL10-RS"
153852;2018-08-18;"sábado";"15:30:00";"ES";262;159,9;"IBATIBA";"Falta de Atenção à Condução";"Colisão transversal";"Com Vítimas Feridas";"Pleno dia";"Decrescente";"Nublado";"Simples";"Reta";"Sim";2;0;0;1;1;0;1;2;-20,23761083;-41,51169123;"SPRF-ES";"DEL01-ES";"UOP02-DEL01-ES"
153853;2018-08-18;"sábado";"11:20:00";"PI";343;448,6;"AGUA BRANCA";"Desobediência às normas de trânsito pelo condutor";"Colisão frontal";"Com Vítimas Fatais";"Pleno dia";"Crescente";"Céu Claro";"Simples";"Reta";"Não";2;1;0;0;1;0;0;2;-5,907616;-42,678721;"SPRF-PI";"DEL01-PI";"UOP02-DEL01-PI"
153858;2018-08-18;"sábado";"16:00:00";"SP";381;47,7;"ATIBAIA";"Defeito Mecânico no Veículo";"Tombamento";"Com Vítimas Feridas";"Pleno dia";"Decrescente";"Céu Claro";"Múltipla";"Reta";"Não";2;0;1;0;1;0;1;1;-23,194195;-46,585967;"SPRF-SP";"DEL03-SP";"UOP01-DEL03-SP"
153859;2018-08-18;"sábado";"15:00:00";"PR";369;197;"APUCARANA";"Não guardar distância de segurança";"Colisão traseira";"Com Vítimas Feridas";"Pleno dia";"Decrescente";"Céu Claro";"Dupla";"Curva";"Sim";9;0;5;0;4;0;5;2;-23,51798451;-51,42816067;"SPRF-PR";"DEL07-PR";"UOP03-DEL07-PR"
153861;2018-08-18;"sábado";"16:10:00";"MG";381;532,1;"ITATIAIUCU";"Velocidade Incompatível";"Capotamento";"Com Vítimas Feridas";"Pleno dia";"Crescente";"Chuva";"Dupla";"Curva;Aclive";"Não";3;0;1;0;2;0;1;1;-20,1709;-44,3729;"SPRF-MG";"DEL04-MG";"UOP03-DEL04-MG"
153863;2018-08-18;"sábado";"16:40:00";"PR";277;0,2;"FOZ DO IGUACU";"Desobediência às normas de trânsito pelo condutor";"Colisão frontal";"Com Vítimas Feridas";"Pleno dia";"Crescente";"Céu Claro";"Dupla";"Declive;Reta";"Sim";2;0;1;0;1;0;1;2;-25,50628991;-54,58440721;"SPRF-PR";"DEL05-PR";"UOP03-DEL05-PR"
153866;2018-08-18;"sábado";"16:10:00";"MS";163;495,1;"CAMPO GRANDE";"Falta de Atenção à Condução";"Colisão transversal";"Com Vítimas Fatais";"Pleno dia";"Crescente";"Céu Claro";"Simples";"Reta";"Não";3;1;0;0;1;1;0;3;-20,37496358;-54,53583241;"SPRF-MS";"DEL01-MS";"UOP02-DEL01-MS"
153867;2018-08-18;"sábado";"17:15:00";"SC";280;28,9;"ARAQUARI";"Falta de Atenção à Condução";"Colisão traseira";"Com Vítimas Feridas";"Anoitecer";"Decrescente";"Céu Claro";"Simples";"Reta";"Sim";2;0;1;0;1;0;1;2;-26,40457;-48,745659;"SPRF-SC";"DEL03-SC";"UOP03-DEL03-SC"
153868;2018-08-18;"sábado";"17:10:00";"BA";101;328;"NAZARE";"Velocidade Incompatível";"Saída de leito carroçável";"Com Vítimas Fatais";"Anoitecer";"Crescente";"Céu Claro";"Simples";"Curva";"Sim";1;1;0;0;0;0;0;1;-13;-39;"SPRF-BA";"DEL05-BA";"UOP03-DEL05-BA"
153869;2018-08-18;"sábado";"15:10:00";"MS";163;364,4;"NOVA ALVORADA DO SUL";"Não guardar distância de segurança";"Saída de leito carroçável";"Com Vítimas Feridas";"Pleno dia";"Crescente";"Céu Claro";"Simples";"Reta";"Não";4;0;4;0;0;0;4;1;-21,46911946;-54,38468993;"SPRF-MS";"DEL02-MS";"UOP01-DEL02-MS"
153870;2018-07-17;"terça-feira";"09:00:00";"RS";116;261;"CANOAS";"Falta de Atenção à Condução";"Colisão lateral";"Com Vítimas Feridas";"Pleno dia";"Crescente";"Chuva";"Dupla";"Reta";"Sim";2;0;1;0;1;0;1;2;-29,87389918;-51,17978979;"SPRF-RS";"DEL01-RS";"UOP01-DEL01-RS"
153871;2018-08-18;"sábado";"17:30:00";"GO";153;512,9;"APARECIDA DE GOIANIA";"Falta de Atenção à Condução";"Colisão lateral";"Com Vítimas Feridas";"Pleno dia";"Decrescente";"Céu Claro";"Simples";"Reta";"Sim";2;0;1;0;1;0;1;2;-16,8244;-49,2421;"SPRF-GO";"DEL01-GO";"UOP03-DEL01-GO"
153872;2018-08-18;"sábado";"16:30:00";"RJ";116;178,5;"NOVA IGUACU";"Desobediência às normas de trânsito pelo condutor";"Colisão traseira";"Com Vítimas Feridas";"Pleno dia";"Crescente";"Sol";"Dupla";"Reta";"Sim";3;0;1;1;1;0;2;2;-22,74597714;-43,44662011;"SPRF-RJ";"DEL01-RJ";"UOP02-DEL01-RJ"
153873;2018-08-18;"sábado";"16:20:00";"MS";262;579,1;"MIRANDA";"Animais na Pista";"Capotamento";"Com Vítimas Feridas";"Pleno dia";"Crescente";"Céu Claro";"Simples";"Reta";"Não";6;0;5;0;1;0;5;2;-20,162463;-56,570048;"SPRF-MS";"DEL03-MS";"UOP02-DEL03-MS"
153874;2018-08-18;"sábado";"17:30:00";"PR";376;37;"NOVA LONDRINA";"Falta de Atenção à Condução";"Saída de leito carroçável";"Com Vítimas Feridas";"Pleno dia";"Crescente";"Céu Claro";"Simples";"Curva";"Não";1;0;1;0;0;0;1;1;-22,81025;-53,01825;"SPRF-PR";"DEL07-PR";"UOP02-DEL09-PR"
153875;2018-08-18;"sábado";"17:30:00";"GO";153;444;"ANAPOLIS";"Falta de Atenção à Condução";"Colisão traseira";"Com Vítimas Feridas";"Pleno dia";"Crescente";"Chuva";"Simples";"Rotatória";"Sim";2;0;1;0;1;0;1;2;-16,35469157;-48,92868519;"SPRF-GO";"DEL02-GO";"UOP01-DEL02-GO"
153876;2018-08-18;"sábado";"13:50:00";"PR";277;454,3;"LARANJEIRAS DO SUL";"Desobediência às normas de trânsito pelo condutor";"Colisão transversal";"Com Vítimas Feridas";"Pleno dia";"Decrescente";"Céu Claro";"Simples";"Rotatória";"Sim";2;0;1;0;1;0;1;2;-25,38590163;-52,41418093;"SPRF-PR";"DEL04-PR";"UOP02-DEL04-PR"
153877;2018-08-18;"sábado";"17:20:00";"ES";101;222,4;"IBIRACU";"Pista Escorregadia";"Colisão transversal";"Com Vítimas Fatais";"Anoitecer";"Decrescente";"Chuva";"Simples";"Reta";"Não";5;1;1;2;1;0;3;2;-19,87190125;-40,41219307;"SPRF-ES";"DEL02-ES";"UOP01-DEL02-ES"
153879;2018-08-18;"sábado";"16:30:00";"CE";222;5;"CAUCAIA";"Desobediência às normas de trânsito pelo condutor";"Colisão transversal";"Sem Vítimas";"Pleno dia";"Decrescente";"Céu Claro";"Múltipla";"Retorno Regulamentado";"Sim";2;0;0;0;2;0;0;2;-3,74277198;-38,61178815;"SPRF-CE";"DEL01-CE";"UOP01-DEL01-CE"
153880;2018-08-18;"sábado";"17:22:00";"SP";381;69;"MAIRIPORA";"Defeito Mecânico no Veículo";"Saída de leito carroçável";"Com Vítimas Feridas";"Anoitecer";"Decrescente";"Céu Claro";"Dupla";"Reta";"Não";2;0;2;0;0;0;2;1;-23,3468026;-46,5640302;"SPRF-SP";"DEL03-SP";"DEL6/3-UOP03/SP"
153883;2018-08-18;"sábado";"15:50:00";"RJ";101;320;"NITEROI";"Falta de Atenção à Condução";"Colisão lateral";"Com Vítimas Feridas";"Pleno dia";"Crescente";"Céu Claro";"Dupla";"Reta";"Sim";3;0;2;0;1;0;2;2;-22,861752;-43,107143;"SPRF-RJ";"DEL02-RJ";"UOP02-DEL02-RJ"
153885;2018-08-02;"quinta-feira";"10:40:00";"MA";316;420;"PERITORO";"Falta de Atenção à Condução";"Capotamento";"Com Vítimas Feridas";"Pleno dia";"Crescente";"Chuva";"Simples";"Reta";"Não";2;0;1;0;1;0;1;1;-4,351473;-44,371437;"SPRF-MA";"DEL03-MA";"UOP01-DEL03-MA"