"id";"data_inversa";"dia_semana";"horario";"uf";"br";"km";"municipio";"causa_acidente";"tipo_acidente";"classificacao_acidente";"fase_dia";"sentido_via";"condicao_metereologica";"tipo_pista";"tracado_via";"uso_solo";"pessoas";"mortos";"feridos_leves";"feridos_graves";"ilesos";"ignorados";"feridos";"veiculos";"latitude";"longitude";"regional";"delegacia";"uop"
153886;2018-08-18;"sábado";"18:25:00";"ES";262;20,6;"VIANA";"Falta de Atenção à Condução";"Engavetamento";"Sem Vítimas";"Plena Noite";"Decrescente";"Nublado";"Simples";"Reta";"Não";3;0;0;0;3;0;0;3;-20,3884;-40,4943;"SPRF-ES";"DEL01-ES";"UOP01-DEL01-ES"
153887;2018-08-18;"sábado";"18:40:00";"PR";376;172,8;"MARINGA";"Defeito Mecânico no Veículo";"Tombamento";"Com Vítimas Feridas";"Plena Noite";"Decrescente";"Céu Claro";"Dupla";"Reta";"Sim";1;0;0;1;0;0;1;1;-23,41891174;-51,96959138;"SPRF-PR";"DEL07-PR";"UOP01-DEL09-PR"
153888;2018-08-18;"sábado";"17:45:00";"MT";163;850;"SINOP";"Condutor Dormindo";"Saída de leito carroçável";"Sem Vítimas";"Plena Noite";"Crescente";"Céu Claro";"Simples";"Reta";"Não";1;0;0;0;1;0;0;1;-11,738474;-55,463276;"SPRF-MT";"DEL06-MT";"UOP02-DEL06-MT"
153890;2018-08-18;"sábado";"18:50:00";"PA";230;114;"MARABA";"Desobediência às normas de trânsito pelo condutor";"Colisão traseira";"Com Vítimas Feridas";"Plena Noite";"Decrescente";"Céu Claro";"Dupla";"Reta";"Sim";2;0;0;1;1;0;1;2;-5,36093464;-49,08031046;"SPRF-PA";"DEL03-PA";"UOP01-DEL03-PA"
153892;2018-08-18;"sábado";"19:05:00";"PB";230;13;"CABEDELO";"Não guardar distância de segurança";"Colisão lateral";"Com Vítimas Feridas";"Plena Noite";"Decrescente";"Céu Claro";"Dupla";"Reta";"Sim";3;0;1;0;2;0;1;2;-7,08182431;-34,8489064;"SPRF-PB";"DEL01-PB";"UOP01-DEL01-PB"
153893;2018-08-18;"sábado";"16:50:00";"SC";282;482,9;"FAXINAL DOS GUEDES";"Mal Súbito";"Saída de leito carroçável";"Com Vítimas Feridas";"Pleno dia";"Decrescente";"Céu Claro";"Simples";"Reta";"Não";1;0;1;0;0;0;1;1;-26,86289778;-52,22581342;"SPRF-SC";"DEL07-SC";"UOP01-DEL07-SC"
153895;2018-08-18;"sábado";"18:20:00";"CE";222;62,8;"SAO GONCALO DO AMARANTE";"Falta de Atenção à Condução";"Colisão transversal";"Com Vítimas Feridas";"Anoitecer";"Crescente";"Céu Claro";"Simples";"Reta";"Sim";3;0;2;0;1;0;2;2;-3,671472;-39,098423;"SPRF-CE";"DEL01-CE";"UOP03-DEL01-CE"
153898;2018-08-18;"sábado";"19:20:00";"GO";70;5,9;"AGUAS LINDAS DE GOIAS";"Animais na Pista";"Atropelamento de Animal";"Com Vítimas Feridas";"Plena Noite";"Crescente";"Chuva";"Dupla";"Reta";"Sim";1;0;1;0;0;0;1;1;-15,7481;-48,2635;"SPRF-DF";"DEL01-DF";"UOP02-DEL03-DF"
153899;2018-08-18;"sábado";"19:30:00";"SC";101;204;"SAO JOSE";"Desobediência às normas de trânsito pelo condutor";"Colisão transversal";"Com Vítimas Feridas";"Plena Noite";"Crescente";"Céu Claro";"Múltipla";"Interseção de Vias";"Sim";2;0;1;0;1;0;1;2;-27,57465317;-48,61358908;"SPRF-SC";"DEL01-SC";"UOP01-DEL01-SC"
153903;2018-08-18;"sábado";"20:00:00";"SC";470;145;"RIO DO SUL";"Ultrapassagem Indevida";"Colisão com objeto estático";"Com Vítimas Feridas";"Plena Noite";"Crescente";"Céu Claro";"Simples";"Reta;Rotatória";"Sim";1;0;1;0;0;0;1;1;-27,22086092;-49,66008067;"SPRF-SC";"DEL04-SC";"UOP02-DEL04-SC"
153904;2018-08-18;"sábado";"18:00:00";"MG";116;418,9;"GOVERNADOR VALADARES";"Falta de Atenção à Condução";"Colisão transversal";"Com Vítimas Fatais";"Plena Noite";"Crescente";"Céu Claro";"Simples";"Reta";"Sim";2;1;0;1;0;0;1;2;-18,91625351;-41,94090843;"SPRF-MG";"DEL06-MG";"UOP01-DEL06-MG"
153905;2018-08-18;"sábado";"18:40:00";"MG";381;482;"BETIM";"Não guardar distância de segurança";"Engavetamento";"Com Vítimas Feridas";"Plena Noite";"Crescente";"Céu Claro";"Dupla";"Reta";"Sim";5;0;2;0;3;0;2;3;-19,9578;-44,0795;"SPRF-MG";"DEL01-MG";"UOP03-DEL01-MG"
153906;2018-08-18;"sábado";"19:35:00";"SC";470;81;"RODEIO";"Desobediência às normas de trânsito pelo condutor";"Colisão transversal";"Com Vítimas Feridas";"Plena Noite";"Crescente";"Chuva";"Simples";"Curva";"Sim";2;0;1;0;1;0;1;2;-26,95138614;-49,30738628;"SPRF-SC";"DEL04-SC";"UOP01-DEL04-SC"
153907;2018-08-18;"sábado";"20:05:00";"PR";376;183;"SARANDI";"Desobediência às normas de trânsito pelo condutor";"Colisão transversal";"Com Vítimas Feridas";"Plena Noite";"Decrescente";"Céu Claro";"Dupla";"Interseção de Vias";"Sim";3;0;0;1;0;2;1;3;-23,436475;-51,879361;"SPRF-PR";"DEL07-PR";"UOP01-DEL09-PR"
153908;2018-08-18;"sábado";"18:30:00";"PR";487;169,8;"CAMPO MOURAO";"Desobediência às normas de trânsito pelo condutor";"Saída de leito carroçável";"Com Vítimas Feridas";"Anoitecer";"Crescente";"Céu Claro";"Dupla";"Reta";"Não";1;0;1;0;0;0;1;1;-24,030674;-52,426376;"SPRF-PR";"DEL04-PR";"UOP03-DEL09-PR"
153909;2018-08-18;"sábado";"20:10:00";"SE";235;2,4;"ARACAJU";"Desobediência às normas de trânsito pelo pedestre";"Atropelamento de Pedestre";"Com Vítimas Feridas";"Plena Noite";"Decrescente";"Céu Claro";"Dupla";"Reta";"Sim";2;0;1;0;1;0;1;2;-10,90604269;-37,1033936;"SPRF-SE";"DEL01-SE";"UOP01-DEL01-SE"
153911;2018-08-18;"sábado";"20:20:00";"MG";116;564,2;"MANHUACU";"Ultrapassagem Indevida";"Colisão frontal";"Com Vítimas Feridas";"Plena Noite";"Crescente";"Nublado";"Simples";"Reta";"Não";2;0;0;1;1;0;1;2;-20,056482;-42,173751;"SPRF-MG";"DEL06-MG";"UOP03-DEL06-MG"
153912;2018-08-18;"sábado";"20:15:00";"PE";101;79;"JABOATAO DOS GUARARAPES";"Defeito na Via";"Colisão com objeto estático";"Com Vítimas Feridas";"Plena Noite";"Decrescente";"Nublado";"Dupla";"Curva";"Não";1;0;1;0;0;0;1;1;-8,14419836;-34,94725764;"SPRF-PE";"DEL01-PE";"UOP01-DEL01-PE"
153915;2018-08-18;"sábado";"20:35:00";"ES";101;154;"LINHARES";"Ingestão de Álcool";"Colisão lateral";"Sem Vítimas";"Plena Noite";"Decrescente";"Céu Claro";"Simples";"Reta";"Não";2;0;0;0;2;0;0;2;-19,45358448;-40,0985527;"SPRF-ES";"DEL04-ES";"UOP01-DEL04-ES"
153916;2018-08-18;"sábado";"20:55:00";"RS";101;84,7;"OSORIO";"Falta de Atenção à Condução";"Saída de leito carroçável";"Com Vítimas Feridas";"Plena Noite";"Decrescente";"Vento";"Dupla";"Rotatória";"Sim";2;0;2;0;0;0;2;1;-29,86945415;-50,25233388;"SPRF-RS";"DEL03-RS";"UOP01-DEL03-RS"
153917;2018-08-18;"sábado";"19:25:00";"MS";463;3,5;"DOURADOS";"Ingestão de Álcool";"Colisão transversal";"Com Vítimas Fatais";"Plena Noite";"Decrescente";"Céu Claro";"Simples";"Reta";"Não";2;1;1;0;0;0;1;2;-22,25929676;-54,83828366;"SPRF-MS";"DEL04-MS";"UOP01-DEL04-MS"
153918;2018-08-18;"sábado";"18:00:00";"PR";277;137;"BALSA NOVA";"Falta de Atenção à Condução";"Saída de leito carroçável";"Com Vítimas Feridas";"Anoitecer";"Crescente";"Céu Claro";"Dupla";"Curva";"Não";1;0;1;0;0;0;1;1;-25,47659761;-49,71466497;"SPRF-PR";"DEL01-PR";"UOP06-DEL01-PR"
153919;2018-08-18;"sábado";"21:00:00";"SC";470;153;"RIO DO SUL";"Ultrapassagem Indevida";"Colisão lateral";"Com Vítimas Feridas";"Plena Noite";"Crescente";"Céu Claro";"Simples";"Reta";"Não";5;0;4;1;0;0;5;2;-27,272911;-49,734741;"SPRF-SC";"DEL04-SC";"UOP02-DEL04-SC"
153920;2018-08-18;"sábado";"19:30:00";"MT";70;531;"VARZEA GRANDE";"Falta de Atenção à Condução";"Queda de ocupante de veículo";"Com Vítimas Feridas";"Plena Noite";"Crescente";"Céu Claro";"Simples";"Reta";"Não";3;0;3;0;0;0;3;1;-15,649207;-56,19486;"SPRF-MT";"DEL01-MT";"DEL2/4-UOP02/MT"
153921;2018-08-18;"sábado";"21:00:00";"PE";408;100;"SAO LOURENCO DA MATA";"Condutor Dormindo";"Capotamento";"Com Vítimas Feridas";"Plena Noite";"Decrescente";"Céu Claro";"Dupla";"Reta";"Sim";1;0;1;0;0;0;1;1;-8,053752;-35,001678;"SPRF-PE";"DEL01-PE";"UOP01-DEL01-PE"
153922;2018-08-18;"sábado";"19:50:00";"SC";101;18;"JOINVILLE";"Velocidade Incompatível";"Colisão traseira";"Com Vítimas Feridas";"Plena Noite";"Crescente";"Céu Claro";"Dupla";"Reta";"Não";4;0;3;0;0;1;3;2;-26,1339;-48,8966;"SPRF-SC";"DEL03-SC";"UOP01-DEL03-SC"
153923;2018-08-18;"sábado";"21:25:00";"SC";101;209;"SAO JOSE";"Não guardar distância de segurança";"Saída de leito carroçável";"Com Vítimas Feridas";"Plena Noite";"Decrescente";"Céu Claro";"Múltipla";"Curva";"Não";1;0;1;0;0;0;1;1;-27,6176;-48,6463;"SPRF-SC";"DEL01-SC";"UOP01-DEL01-SC"
153924;2018-08-18;"sábado";"20:15:00";"MS";262;412;"TERENOS";"Falta de Atenção à Condução";"Colisão traseira";"Com Vítimas Feridas";"Plena Noite";"Crescente";"Céu Claro";"Simples";"Reta";"Não";5;0;1;0;4;0;1;2;-20,43280391;-55,07961273;"SPRF-MS";"DEL01-MS";"UOP03-DEL01-MS"
153925;2018-08-18;"sábado";"21:00:00";"SP";381;87;"SAO PAULO";"Falta de Atenção à Condução";"Colisão com objeto estático";"Com Vítimas Feridas";"Plena Noite";"Decrescente";"Céu Claro";"Dupla";"Curva";"Não";1;0;1;0;0;0;1;1;-23,47101683;-46,56348187;"SPRF-SP";"DEL03-SP";"DEL6/3-UOP03/SP"
153929;2018-08-18;"sábado";"19:10:00";"ES";262;5,4;"CARIACICA";"Desobediência às normas de trânsito pelo condutor";"Colisão lateral";"Com Vítimas Feridas";"Plena Noite";"Crescente";"Nublado";"Múltipla";"Reta";"Sim";3;0;1;0;1;1;1;3;-20,33631753;-40,38909227;"SPRF-ES";"DEL01-ES";"UOP01-DEL01-ES"
153930;2018-08-18;"sábado";"20:20:00";"RJ";116;234,6;"PIRAI";"Falta de Atenção do Pedestre";"Atropelamento de Pedestre";"Com Vítimas Feridas";"Plena Noite";"Decrescente";"Céu Claro";"Simples";"Reta";"Não";2;0;2;0;0;0;2;2;-22,666327;-43,84705;"SPRF-RJ";"DEL07-RJ";"UOP01-DEL07-RJ"
153931;2018-08-18;"sábado";"22:20:00";"PR";376;132;"NOVA ESPERANCA";"Desobediência às normas de trânsito pelo condutor";"Saída de leito carroçável";"Com Vítimas Feridas";"Plena Noite";"Crescente";"Céu Claro";"Dupla";"Reta";"Não";1;0;1;0;0;0;1;1;-23,17892519;-52,22388616;"SPRF-PR";"DEL07-PR";"UOP02-DEL09-PR"
153932;2018-08-18;"sábado";"22:40:00";"SC";470;19;"ILHOTA";"Ingestão de Álcool";"Colisão frontal";"Com Vítimas Fatais";"Plena Noite";"Crescente";"Garoa/Chuvisco";"Simples";"Ponte";"Não";2;1;0;0;1;0;0;2;-26,880066;-48,836224;"SPRF-SC";"DEL04-SC";"UOP04-DEL04-SC"
153934;2018-08-18;"sábado";"22:50:00";"SC";280;50,2;"GUARAMIRIM";"Ingestão de Álcool";"Colisão lateral";"Com Vítimas Feridas";"Pleno dia";"Crescente";"Céu Claro";"Simples";"Reta";"Não";2;0;1;0;1;0;1;2;-26,462004;-48,946327;"SPRF-SC";"DEL03-SC";"UOP03-DEL03-SC"
153935;2018-08-18;"sábado";"22:00:00";"MS";163;412,3;"SIDROLANDIA";"Falta de Atenção à Condução";"Tombamento";"Com Vítimas Feridas";"Plena Noite";"Crescente";"Céu Claro";"Simples";"Reta";"Não";1;0;1;0;0;0;1;1;-21,06271553;-54,4963932;"SPRF-MS";"DEL02-MS";"UOP01-DEL02-MS"
153937;2018-08-18;"sábado";"23:00:00";"MG";50;180;"UBERABA";"Falta de Atenção à Condução";"Queda de ocupante de veículo";"Com Vítimas Feridas";"Plena Noite";"Decrescente";"Nublado";"Dupla";"Rotatória";"Sim";1;0;1;0;0;0;1;1;-19,7852;-47,9169;"SPRF-MG";"DEL13-MG";"UOP01-DEL13-MG"
153939;2018-08-18;"sábado";"23:15:00";"SC";101;33,4;"JOINVILLE";"Ingestão de Álcool";"Saída de leito carroçável";"Com Vítimas Feridas";"Plena Noite";"Decrescente";"Céu Claro";"Dupla";"Retorno Regulamentado";"Sim";1;0;1;0;0;0;1;1;-26,25822409;-48,90397668;"SPRF-SC";"DEL03-SC";"UOP01-DEL03-SC"
153940;2018-08-18;"sábado";"21:55:00";"PE";232;68,9;"GRAVATA";"Desobediência às normas de trânsito pelo condutor";"Queda de ocupante de veículo";"Com Vítimas Feridas";"Plena Noite";"Crescente";"Nublado";"Dupla";"Reta";"Não";2;0;0;1;1;0;1;2;-8,17394033;-35,48242807;"SPRF-PE";"DEL01-PE";"UOP02-DEL02PE"
153943;2018-08-18;"sábado";"23:35:00";"SP";116;159,3;"JACAREI";"Falta de Atenção do Pedestre";"Atropelamento de Pedestre";"Com Vítimas Fatais";"Plena Noite";"Crescente";"Céu Claro";"Dupla";"Reta";"Sim";2;1;0;0;0;1;0;2;-23,26545708;-45,95937252;"SPRF-SP";"DEL02-SP";"UOP01-DEL02-SP"
153944;2018-08-18;"sábado";"22:50:00";"PR";277;632,3;"CEU AZUL";"Ingestão de Álcool";"Colisão frontal";"Com Vítimas Feridas";"Plena Noite";"Crescente";"Céu Claro";"Simples";"Declive";"Não";4;0;3;0;1;0;3;2;-25,119179;-53,800804;"SPRF-PR";"DEL05-PR";"UOP02-DEL05-PR"
153945;2018-08-19;"domingo";"00:00:00";"SC";470;151,7;"AGRONOMICA";"Falta de Atenção à Condução";"Capotamento";"Sem Vítimas";"Plena Noite";"Decrescente";"Céu Claro";"Simples";"Rotatória";"Não";1;0;0;0;1;0;0;1;-27,25726196;-49,71234083;"SPRF-SC";"DEL04-SC";"UOP02-DEL04-SC"
153946;2018-08-18;"sábado";"22:55:00";"RJ";101;414;"ITAGUAI";"Ingestão de Álcool";"Atropelamento de Pedestre";"Com Vítimas Fatais";"Plena Noite";"Crescente";"Nublado";"Dupla";"Reta";"Sim";3;2;1;0;0;0;1;2;-22,90416658;-43,87572527;"SPRF-RJ";"DEL03-RJ";"UOP01-DEL03-RJ"
153948;2018-08-19;"domingo";"00:20:00";"PR";376;175,8;"MARINGA";"Falta de Atenção do Pedestre";"Atropelamento de Pedestre";"Com Vítimas Fatais";"Plena Noite";"Crescente";"Céu Claro";"Múltipla";"Reta";"Sim";2;1;0;0;0;1;0;2;-23,411356;-51,940777;"SPRF-PR";"DEL07-PR";"UOP01-DEL09-PR"
153949;2018-08-19;"domingo";"00:10:00";"PR";116;43;"CAMPINA GRANDE DO SUL";"Falta de Atenção à Condução";"Saída de leito carroçável";"Com Vítimas Feridas";"Plena Noite";"Crescente";"Chuva";"Dupla";"Curva";"Sim";2;0;1;0;1;0;1;1;-25,181011;-48,881966;"SPRF-PR";"DEL01-PR";"UOP02-DEL01-PR"
153950;2018-08-18;"sábado";"23:00:00";"MT";364;201,1;"RONDONOPOLIS";"Ingestão de Álcool";"Queda de ocupante de veículo";"Com Vítimas Feridas";"Plena Noite";"Crescente";"Céu Claro";"Dupla";"Reta";"Sim";1;0;1;0;0;0;1;1;-16,491405;-54,646378;"SPRF-MT";"DEL02-MT";"UOP01-DEL02-MT"
153952;2018-08-18;"sábado";"22:30:00";"MS";267;482,7;"JARDIM";"Desobediência às normas de trânsito pelo condutor";"Colisão frontal";"Com Vítimas Feridas";"Pleno dia";"Decrescente";"Céu Claro";"Simples";"Reta";"Sim";2;0;1;0;1;0;1;2;-21,4808;-56,1563;"SPRF-MS";"DEL05-MS";"UOP01-DEL05-MS"
153953;2018-08-18;"sábado";"19:10:00";"MT";70;732,8;"CACERES";"Falta de Atenção à Condução";"Colisão frontal";"Com Vítimas Feridas";"Plena Noite";"Crescente";"Céu Claro";"Simples";"Interseção de Vias";"Sim";3;0;3;0;0;0;3;2;-16,148928;-57,635056;"SPRF-MT";"DEL03-MT";"UOP01-DEL03-MT"
153954;2018-08-19;"domingo";"00:20:00";"SP";116;44,5;"CANAS";"Ingestão de Álcool";"Colisão com objeto estático";"Com Vítimas Feridas";"Plena Noite";"Decrescente";"Céu Claro";"Dupla";"Reta";"Não";6;0;4;0;2;0;4;4;-22,702892;-45,037895;"SPRF-SP";"DEL08-SP";"UOP02-DEL08-SP"
153955;2018-08-19;"domingo";"01:45:00";"SP";116;290;"ITAPECERICA DA SERRA";"Condutor Dormindo";"Saída de leito carroçável";"Com Vítimas Feridas";"Plena Noite";"Decrescente";"Céu Claro";"Dupla";"Curva;Declive";"Não";2;0;2;0;0;0;2;1;-23,7222098;-46,8878377;"SPRF-SP";"DEL04-SP";"UOP01-DEL04-SP"
153956;2018-08-19;"domingo";"00:45:00";"RJ";116;292;"PORTO REAL";"Velocidade Incompatível";"Engavetamento";"Com Vítimas Feridas";"Plena Noite";"Crescente";"Nublado";"Simples";"Retorno Regulamentado";"Não";3;0;1;0;2;0;1;3;-22,449371;-44,321712;"SPRF-RJ";"DEL07-RJ";"DEL5/7-UOP03/RJ"
153957;2018-08-19;"domingo";"02:00:00";"ES";101;22;"PEDRO CANARIO";"Ingestão de Álcool";"Colisão com objeto estático";"Com Vítimas Feridas";"Plena Noite";"Decrescente";"Nublado";"Simples";"Reta";"Não";2;0;0;2;0;0;2;1;-18,342905;-39,959049;"SPRF-ES";"DEL04-ES";"UOP02-DEL04-ES"
153958;2018-08-19;"domingo";"02:20:00";"SP";116;215;"GUARULHOS";"Não guardar distância de segurança";"Colisão traseira";"Com Vítimas Fatais";"Plena Noite";"Decrescente";"Céu Claro";"Múltipla";"Reta";"Não";3;1;1;0;0;1;1;3;-23,4457;-46,4509;"SPRF-SP";"DEL01-SP";"UOP01-DEL01-SP"
153962;2018-08-19;"domingo";"02:15:00";"RN";226;71,1;"SERRA CAIADA";"Desobediência às normas de trânsito pelo condutor";"Colisão frontal";"Com Vítimas Fatais";"Plena Noite";"Crescente";"Nublado";"Simples";"Curva";"Não";5;1;3;1;0;0;4;2;-6,1235061;-35,7198661;"SPRF-RN";"DEL01-RN";"UOP02-DEL01-RN"
153966;2018-08-18;"sábado";"20:20:00";"MT";70;730,8;"CACERES";"Falta de Atenção à Condução";"Colisão lateral";"Com Vítimas Feridas";"Plena Noite";"Decrescente";"Céu Claro";"Simples";"Reta";"Sim";2;0;0;1;0;1;1;2;-16,09962882;-57,6780349;"SPRF-MT";"DEL03-MT";"UOP01-DEL03-MT"
153967;2018-08-19;"domingo";"02:05:00";"PR";116;117;"CURITIBA";"Velocidade Incompatível";"Colisão com objeto estático";"Com Vítimas Feridas";"Plena Noite";"Crescente";"Céu Claro";"Dupla";"Declive";"Sim";3;0;2;1;0;0;3;1;-25,544559;-49,30146;"SPRF-PR";"DEL01-PR";"UOP07-DEL01-PR"
153969;2018-08-19;"domingo";"04:00:00";"SC";101;355;"JAGUARUNA";"Ingestão de Álcool";"Colisão lateral";"Sem Vítimas";"Plena Noite";"Crescente";"Nublado";"Dupla";"Reta";"Não";2;0;0;0;2;0;0;2;-28,62008986;-49,07140553;"SPRF-SC";"DEL02-SC";"UOP01-DEL02-SC"
153970;2018-08-19;"domingo";"04:46:00";"PE";407;129;"PETROLINA";"Ingestão de Álcool";"Capotamento";"Com Vítimas Feridas";"Amanhecer";"Crescente";"Céu Claro";"Simples";"Curva";"Sim";2;0;1;0;1;0;1;1;-9,4008322;-40,5044348;"SPRF-PE";"DEL06-PE";"UOP01-DEL06-PE"
153971;2018-08-19;"domingo";"04:00:00";"MT";163;746;"SORRISO";"Falta de Atenção à Condução";"Saída de leito carroçável";"Com Vítimas Feridas";"Plena Noite";"Crescente";"Céu Claro";"Dupla";"Rotatória";"Não";1;0;0;1;0;0;1;1;-12,57668008;-55,72986603;"SPRF-MT";"DEL06-MT";"UOP01-DEL06-MT"
153972;2018-08-19;"domingo";"05:20:00";"PR";376;129,2;"ALTO PARANA";"Condutor Dormindo";"Saída de leito carroçável";"Com Vítimas Feridas";"Plena Noite";"Crescente";"Céu Claro";"Dupla";"Reta";"Não";1;0;1;0;0;0;1;1;-23,16609;-52,2525;"SPRF-PR";"DEL07-PR";"UOP02-DEL09-PR"
153973;2018-08-19;"domingo";"05:20:00";"MG";116;784,5;"LEOPOLDINA";"Velocidade Incompatível";"Capotamento";"Sem Vítimas";"Amanhecer";"Decrescente";"Nublado";"Simples";"Curva";"Não";1;0;0;0;1;0;0;1;-21,63841138;-42,70731026;"SPRF-MG";"DEL07-MG";"UOP01-DEL07-MG"
153974;2018-08-19;"domingo";"04:30:00";"SC";101;138;"BALNEARIO CAMBORIU";"Não guardar distância de segurança";"Colisão traseira";"Sem Vítimas";"Plena Noite";"Crescente";"Céu Claro";"Dupla";"Reta";"Sim";2;0;0;0;1;1;0;2;-27,032;-48,6051;"SPRF-SC";"DEL04-SC";"UOP03-DEL04-SC"
153975;2018-08-19;"domingo";"05:00:00";"SC";101;34;"JOINVILLE";"Ingestão de Álcool";"Saída de leito carroçável";"Com Vítimas Feridas";"Amanhecer";"Decrescente";"Céu Claro";"Dupla";"Reta";"Sim";2;0;2;0;0;0;2;1;-26,26758565;-48,89619827;"SPRF-SC";"DEL03-SC";"UOP01-DEL03-SC"
153976;2018-08-19;"domingo";"03:00:00";"RS";290;366,3;"VILA NOVA DO SUL";"Falta de Atenção à Condução";"Saída de leito carroçável";"Com Vítimas Feridas";"Plena Noite";"Crescente";"Céu Claro";"Simples";"Reta";"Não";3;0;0;3;0;0;3;1;-30,354277;-53,82452;"SPRF-RS";"DEL09-RS";"UOP02-DEL09-RS"
153977;2018-08-19;"domingo";"05:45:00";"SC";101;122;"ITAJAI";"Não guardar distância de segurança";"Colisão traseira";"Com Vítimas Feridas";"Plena Noite";"Decrescente";"Nublado";"Dupla";"Reta";"Não";2;0;0;1;1;0;1;2;-26,9366;-48,6987;"SPRF-SC";"DEL04-SC";"UOP04-DEL04-SC"
153979;2018-08-19;"domingo";"06:25:00";"RJ";116;131;"MAGE";"Falta de Atenção à Condução";"Colisão transversal";"Com Vítimas Fatais";"Amanhecer";"Crescente";"Céu Claro";"Dupla";"Reta";"Sim";2;1;0;0;1;0;0;2;-22,656084;-43,12513;"SPRF-RJ";"DEL04-RJ";"UOP02-DEL04-RJ"
153980;2018-08-19;"domingo";"06:00:00";"SC";101;32;"JOINVILLE";"Ingestão de Álcool";"Saída de leito carroçável";"Sem Vítimas";"Pleno dia";"Crescente";"Céu Claro";"Dupla";"Reta";"Não";1;0;0;0;1;0;0;1;-26,25316295;-48,9071846;"SPRF-SC";"DEL03-SC";"UOP01-DEL03-SC"
153981;2018-08-19;"domingo";"06:00:00";"RO";364;345;"JI-PARANA";"Agressão Externa";"Saída de leito carroçável";"Com Vítimas Feridas";"Amanhecer";"Decrescente";"Céu Claro";"Simples";"Interseção de Vias";"Sim";2;0;1;0;0;1;1;2;-10,864916;-61,970329;"SPRF-RO";"DEL02-RO";"UOP01-DEL02-RO"
153983;2018-08-19;"domingo";"00:30:00";"MG";381;447;"SANTA LUZIA";"Falta de Atenção à Condução";"Saída de leito carroçável";"Com Vítimas Feridas";"Plena Noite";"Decrescente";"Ignorado";"Simples";"Curva";"Sim";5;0;3;0;0;2;3;2;-19,81570523;-43,80149245;"SPRF-MG";"DEL01-MG";"UOP01-DEL01-MG"
153984;2018-08-19;"domingo";"05:30:00";"MT";364;186,5;"RONDONOPOLIS";"Animais na Pista";"Atropelamento de Animal";"Com Vítimas Feridas";"Plena Noite";"Crescente";"Céu Claro";"Simples";"Reta;Aclive";"Não";1;0;0;1;0;0;1;1;-16,57953183;-54,52893376;"SPRF-MT";"DEL02-MT";"UOP01-DEL02-MT"
153987;2018-08-19;"domingo";"07:50:00";"GO";60;51;"ABADIANIA";"Velocidade Incompatível";"Saída de leito carroçável";"Com Vítimas Feridas";"Pleno dia";"Crescente";"Céu Claro";"Dupla";"Curva";"Não";1;0;0;1;0;0;1;1;-16,1651;-48,6333;"SPRF-GO";"DEL02-GO";"UOP01-DEL02-GO"
153988;2018-08-19;"domingo";"08:15:00";"BA";116;823,7;"VITORIA DA CONQUISTA";"Velocidade Incompatível";"Colisão lateral";"Com Vítimas Feridas";"Pleno dia";"Crescente";"Nublado";"Dupla";"Reta";"Sim";3;0;1;0;2;0;1;3;-14,85937;-40,84979;"SPRF-BA";"DEL08-BA";"UOP01-DEL08-BA"
153990;2018-08-19;"domingo";"08:20:00";"CE";20;418;"MARACANAU";"Falta de Atenção à Condução";"Colisão transversal";"Com Vítimas Feridas";"Pleno dia";"Crescente";"Céu Claro";"Dupla";"Reta";"Sim";3;0;2;0;1;0;2;2;-3,84209613;-38,59369934;"SPRF-CE";"DEL01-CE";"UOP02-DEL01-CE"
153991;2018-08-19;"domingo";"08:40:00";"BA";101;730,5;"EUNAPOLIS";"Velocidade Incompatível";"Capotamento";"Com Vítimas Feridas";"Pleno dia";"Decrescente";"Sol";"Simples";"Curva;Aclive";"Não";5;0;2;0;3;0;2;1;-16,4634;-39,5763;"SPRF-BA";"DEL09-BA";"UOP01-DEL09-BA"
153992;2018-08-19;"domingo";"06:45:00";"MG";365;469;"PATROCINIO";"Velocidade Incompatível";"Saída de leito carroçável";"Sem Vítimas";"Pleno dia";"Crescente";"Céu Claro";"Simples";"Reta";"Não";1;0;0;0;0;1;0;1;-18,904;-46,962;"SPRF-MG";"DEL10-MG";"UOP01-DEL10-MG"
153993;2018-08-19;"domingo";"08:45:00";"SP";116;141,9;"SAO JOSE DOS CAMPOS";"Falta de Atenção à Condução";"Colisão traseira";"Com Vítimas Feridas";"Pleno dia";"Decrescente";"Sol";"Dupla";"Reta";"Não";3;0;2;0;1;0;2;2;-23,170076;-45,820972;"SPRF-SP";"DEL06-SP";"UOP02-DEL02-SP"
153994;2018-08-19;"domingo";"09:40:00";"PB";230;23,6;"JOAO PESSOA";"Falta de Atenção à Condução";"Colisão lateral";"Com Vítimas Feridas";"Pleno dia";"Crescente";"Céu Claro";"Dupla";"Reta";"Sim";3;0;1;1;1;0;2;2;-7,1562;-34,8574;"SPRF-PB";"DEL01-PB";"UOP01-DEL01-PB"
153997;2018-06-28;"quinta-feira";"15:45:00";"RS";153;545,5;"CACAPAVA DO SUL";"Ultrapassagem Indevida";"Saída de leito carroçável";"Sem Vítimas";"Pleno dia";"Crescente";"Chuva";"Simples";"Curva";"Não";1;0;0;0;1;0;0;1;-30,804049;-53,579563;"SPRF-RS";"DEL09-RS";"UOP02-DEL09-RS"