"id";"data_inversa";"dia_semana";"horario";"uf";"br";"km";"municipio";"causa_acidente";"tipo_acidente";"classificacao_acidente";"fase_dia";"sentido_via";"condicao_metereologica";"tipo_pista";"tracado_via";"uso_solo";"pessoas";"mortos";"feridos_leves";"feridos_graves";"ilesos";"ignorados";"feridos";"veiculos";"latitude";"longitude";"regional";"delegacia";"uop"
153998;2018-08-19;"domingo";"09:30:00";"SC";101;210;"SAO JOSE";"Condutor Dormindo";"Saída de leito carroçável";"Sem Vítimas";"Pleno dia";"Crescente";"Céu Claro";"Múltipla";"Reta";"Sim";1;0;0;0;1;0;0;1;-27,61783017;-48,64658025;"SPRF-SC";"DEL01-SC";"UOP01-DEL01-SC"
153999;2018-08-19;"domingo";"10:20:00";"MG";381;478;"CONTAGEM";"Falta de Atenção do Pedestre";"Queda de ocupante de veículo";"Com Vítimas Feridas";"Pleno dia";"Decrescente";"Céu Claro";"Dupla";"Reta";"Sim";3;0;1;0;2;0;1;1;-19,9643;-44,044;"SPRF-MG";"DEL01-MG";"UOP03-DEL01-MG"
154000;2018-08-19;"domingo";"09:35:00";"MG";365;666;"MONTE ALEGRE DE MINAS";"Falta de Atenção à Condução";"Colisão com objeto estático";"Com Vítimas Feridas";"Pleno dia";"Decrescente";"Céu Claro";"Dupla";"Aclive;Curva";"Não";1;0;0;1;0;0;1;1;-18,890355;-48,673324;"SPRF-MG";"DEL15-MG";"UOP01-DEL15-MG"
154003;2018-08-19;"domingo";"10:25:00";"PR";116;57,6;"CAMPINA GRANDE DO SUL";"Falta de Atenção à Condução";"Queda de ocupante de veículo";"Com Vítimas Feridas";"Pleno dia";"Decrescente";"Sol";"Dupla";"Curva";"Não";1;0;0;1;0;0;1;1;-25,29348844;-48,93489626;"SPRF-PR";"DEL01-PR";"UOP02-DEL01-PR"
154004;2018-08-19;"domingo";"07:50:00";"SC";280;303,2;"PORTO UNIAO";"Condutor Dormindo";"Colisão com objeto estático";"Com Vítimas Feridas";"Pleno dia";"Crescente";"Nublado";"Simples";"Curva";"Sim";2;0;1;0;1;0;1;1;-26,296299;-50,915482;"SPRF-SC";"DEL06-SC";"UOP04-DEL06-SC"
154005;2018-08-19;"domingo";"10:30:00";"MG";381;863,8;"POUSO ALEGRE";"Defeito Mecânico no Veículo";"Incêndio";"Sem Vítimas";"Pleno dia";"Crescente";"Sol";"Dupla";"Aclive;Curva";"Não";2;0;0;0;2;0;0;1;-22,34438862;-45,92669815;"SPRF-MG";"DEL16-MG";"UOP01-DEL16-MG"
154006;2018-08-19;"domingo";"04:45:00";"RS";116;27,4;"VACARIA";"Ingestão de Álcool";"Capotamento";"Sem Vítimas";"Plena Noite";"Crescente";"Nublado";"Simples";"Reta";"Não";1;0;0;0;1;0;0;1;-28,414169;-50,860962;"SPRF-RS";"DEL05-RS";"UOP03-DEL05-RS"
154009;2018-08-19;"domingo";"11:40:00";"DF";70;14;"BRASILIA";"Desobediência às normas de trânsito pelo condutor";"Colisão lateral";"Com Vítimas Feridas";"Pleno dia";"Decrescente";"Céu Claro";"Dupla";"Reta";"Não";2;0;1;0;1;0;1;2;-15,79667214;-48,17170143;"SPRF-DF";"DEL01-DF";"UOP02-DEL03-DF"
154011;2018-08-19;"domingo";"12:48:00";"MG";262;93;"ABRE CAMPO";"Falta de Atenção à Condução";"Queda de ocupante de veículo";"Com Vítimas Feridas";"Pleno dia";"Crescente";"Céu Claro";"Simples";"Reta";"Sim";2;0;1;0;1;0;1;1;-20,31448558;-42,4665463;"SPRF-MG";"DEL03-MG";"UOP03-DEL03-MG"
154012;2018-08-19;"domingo";"12:30:00";"BA";324;293;"SIMOES FILHO";"Fenômenos da Natureza";"Queda de ocupante de veículo";"Com Vítimas Feridas";"Pleno dia";"Crescente";"Chuva";"Dupla";"Curva";"Não";1;0;0;1;0;0;1;1;-12,78346434;-38,39957882;"SPRF-BA";"DEL04-BA";"UOP02-DEL04-BA"
154013;2018-08-19;"domingo";"11:00:00";"RJ";116;265;"BARRA MANSA";"Desobediência às normas de trânsito pelo condutor";"Colisão transversal";"Sem Vítimas";"Pleno dia";"Crescente";"Céu Claro";"Simples";"Retorno Regulamentado";"Sim";2;0;0;0;2;0;0;2;-22,560883;-44,122238;"SPRF-RJ";"DEL07-RJ";"UOP02-DEL07-RJ"
154014;2018-08-19;"domingo";"13:00:00";"RS";470;225,3;"GARIBALDI";"Desobediência às normas de trânsito pelo condutor";"Colisão transversal";"Com Vítimas Feridas";"Pleno dia";"Crescente";"Céu Claro";"Simples";"Retorno Regulamentado";"Não";3;0;1;0;2;0;1;2;-29,24603656;-51,51611298;"SPRF-RS";"DEL06-RS";"UOP01-DEL06-RS"
154015;2018-08-19;"domingo";"12:25:00";"GO";153;542;"PIRACANJUBA";"Falta de Atenção à Condução";"Saída de leito carroçável";"Com Vítimas Feridas";"Pleno dia";"Crescente";"Céu Claro";"Dupla";"Reta";"Não";1;0;1;0;0;0;1;1;-17,0727;-49,2238;"SPRF-GO";"DEL01-GO";"UOP03-DEL01-GO"
154016;2018-08-19;"domingo";"12:50:00";"PR";116;149,7;"MANDIRITUBA";"Defeito Mecânico no Veículo";"Colisão frontal";"Com Vítimas Feridas";"Pleno dia";"Crescente";"Céu Claro";"Simples";"Reta";"Não";2;0;1;1;0;0;2;2;-25,8397584;-49,34406281;"SPRF-PR";"DEL01-PR";"UOP03-DEL01-PR"
154018;2018-08-19;"domingo";"11:40:00";"PI";343;596,8;"FLORIANO";"Falta de Atenção à Condução";"Colisão com objeto estático";"Com Vítimas Feridas";"Pleno dia";"Decrescente";"Céu Claro";"Dupla";"Reta";"Não";1;0;0;1;0;0;1;1;-6,805063;-43,0508;"SPRF-PI";"DEL03-PI";"UOP01-DEL03-PI"
154020;2018-08-19;"domingo";"12:30:00";"BA";101;241;"CONCEICAO DO ALMEIDA";"Condutor Dormindo";"Saída de leito carroçável";"Com Vítimas Feridas";"Pleno dia";"Crescente";"Nublado";"Simples";"Curva";"Não";1;0;1;0;0;0;1;1;-12,81016928;-39,19998586;"SPRF-BA";"DEL01-BA";"UOP02-DEL01-BA"
154021;2018-08-19;"domingo";"12:50:00";"SP";381;53;"MAIRIPORA";"Não guardar distância de segurança";"Colisão traseira";"Com Vítimas Feridas";"Pleno dia";"Crescente";"Céu Claro";"Dupla";"Reta";"Sim";2;0;1;0;1;0;1;2;-23,23590427;-46,60129286;"SPRF-SP";"DEL03-SP";"UOP01-DEL03-SP"
154024;2018-08-19;"domingo";"13:00:00";"BA";110;381;"SAO SEBASTIAO DO PASSE";"Pista Escorregadia";"Capotamento";"Com Vítimas Feridas";"Pleno dia";"Decrescente";"Garoa/Chuvisco";"Simples";"Declive";"Não";2;0;1;0;1;0;1;1;-12,40975382;-38,39412689;"SPRF-BA";"DEL01-BA";"UOP01-DEL01-BA"
154025;2018-08-19;"domingo";"13:40:00";"MG";40;588;"ITABIRITO";"Falta de Atenção à Condução";"Colisão transversal";"Com Vítimas Feridas";"Pleno dia";"Decrescente";"Céu Claro";"Simples";"Curva";"Não";2;0;1;0;1;0;1;2;-20,32056262;-43,93310308;"SPRF-MG";"DEL01-MG";"UOP02-DEL01-MG"
154026;2018-08-19;"domingo";"14:00:00";"ES";101;67,6;"SAO MATEUS";"Falta de Atenção à Condução";"Colisão lateral";"Com Vítimas Feridas";"Pleno dia";"Decrescente";"Céu Claro";"Simples";"Rotatória";"Sim";3;0;1;0;2;0;1;2;-18,72239445;-39,86189872;"SPRF-ES";"DEL04-ES";"UOP02-DEL04-ES"
154027;2018-08-19;"domingo";"12:50:00";"PR";476;130,6;"CURITIBA";"Falta de Atenção à Condução";"Colisão traseira";"Sem Vítimas";"Pleno dia";"Crescente";"Céu Claro";"Dupla";"Reta";"Sim";5;0;0;0;5;0;0;2;-25,45281717;-49,24271638;"SPRF-PR";"DEL01-PR";"UOP07-DEL01-PR"
154028;2018-08-19;"domingo";"14:25:00";"SC";280;46,1;"GUARAMIRIM";"Desobediência às normas de trânsito pelo condutor";"Tombamento";"Com Vítimas Feridas";"Pleno dia";"Crescente";"Sol";"Simples";"Reta";"Não";4;0;0;2;2;0;2;3;-26,453047;-48,909201;"SPRF-SC";"DEL03-SC";"UOP03-DEL03-SC"
154029;2018-08-19;"domingo";"14:05:00";"MG";262;398,1;"PARA DE MINAS";"Velocidade Incompatível";"Capotamento";"Com Vítimas Feridas";"Pleno dia";"Decrescente";"Céu Claro";"Dupla";"Declive";"Não";3;0;3;0;0;0;3;1;-19,8882;-44,5939;"SPRF-MG";"DEL01-MG";"UOP03-DEL01-MG"
154030;2018-08-19;"domingo";"11:50:00";"RJ";101;565;"PARATY";"Falta de Atenção à Condução";"Saída de leito carroçável";"Sem Vítimas";"Pleno dia";"Decrescente";"Sol";"Simples";"Curva";"Não";1;0;0;0;1;0;0;1;-23,14894283;-44,69739318;"SPRF-RJ";"DEL03-RJ";"UOP04-DEL03-RJ"
154031;2018-08-19;"domingo";"14:30:00";"SP";116;161,6;"JACAREI";"Falta de Atenção à Condução";"Tombamento";"Com Vítimas Feridas";"Pleno dia";"Crescente";"Céu Claro";"Dupla";"Reta";"Sim";1;0;1;0;0;0;1;1;-23,27795443;-45,97872734;"SPRF-SP";"DEL02-SP";"UOP01-DEL02-SP"
154032;2018-08-19;"domingo";"14:30:00";"SC";101;202,8;"SAO JOSE";"Não guardar distância de segurança";"Colisão traseira";"Com Vítimas Feridas";"Pleno dia";"Crescente";"Céu Claro";"Dupla";"Reta";"Sim";5;0;1;1;3;0;2;3;-27,5651;-48,6144;"SPRF-SC";"DEL01-SC";"UOP01-DEL01-SC"
154033;2018-08-19;"domingo";"14:00:00";"ES";101;427,5;"ATILIO VIVACQUA";"Ultrapassagem Indevida";"Colisão frontal";"Com Vítimas Feridas";"Pleno dia";"Decrescente";"Céu Claro";"Simples";"Curva";"Não";5;0;2;0;3;0;2;2;-20,968842;-41,10851526;"SPRF-ES";"DEL03-ES";"UOP02-DEL03-ES"
154034;2018-08-19;"domingo";"15:00:00";"SC";470;49,6;"BLUMENAU";"Falta de Atenção à Condução";"Colisão lateral";"Com Vítimas Feridas";"Pleno dia";"Crescente";"Sol";"Simples";"Reta";"Não";2;0;1;0;0;1;1;2;-26,86142383;-49,07056147;"SPRF-SC";"DEL04-SC";"UOP01-DEL04-SC"
154035;2018-08-19;"domingo";"15:00:00";"SC";470;49;"BLUMENAU";"Não guardar distância de segurança";"Colisão traseira";"Com Vítimas Feridas";"Pleno dia";"Crescente";"Sol";"Simples";"Reta";"Sim";3;0;2;0;1;0;2;2;-26,86078734;-49,06592846;"SPRF-SC";"DEL04-SC";"UOP01-DEL04-SC"
154036;2018-08-19;"domingo";"10:30:00";"MT";70;187;"GENERAL CARNEIRO";"Falta de Atenção à Condução";"Saída de leito carroçável";"Com Vítimas Feridas";"Pleno dia";"Crescente";"Céu Claro";"Simples";"Curva";"Não";1;0;1;0;0;0;1;1;-15,718195;-53,633343;"SPRF-MT";"DEL05-MT";"UOP01-DEL05-MT"
154037;2018-08-19;"domingo";"12:30:00";"SC";101;409,6;"ARARANGUA";"Falta de Atenção à Condução";"Saída de leito carroçável";"Com Vítimas Feridas";"Pleno dia";"Crescente";"Sol";"Simples";"Curva";"Sim";1;0;0;1;0;0;1;1;-28,92109851;-49,49257135;"SPRF-SC";"DEL02-SC";"UOP02-DEL02-SC"
154039;2018-08-19;"domingo";"15:40:00";"MG";459;13,2;"CALDAS";"Velocidade Incompatível";"Tombamento";"Com Vítimas Feridas";"Pleno dia";"Decrescente";"Céu Claro";"Simples";"Curva";"Não";2;0;0;2;0;0;2;1;-21,839838;-46,440808;"SPRF-MG";"DEL09-MG";"UOP01-DEL09-MG"
154040;2018-08-19;"domingo";"14:50:00";"CE";116;5;"FORTALEZA";"Defeito Mecânico no Veículo";"Queda de ocupante de veículo";"Com Vítimas Feridas";"Pleno dia";"Decrescente";"Céu Claro";"Múltipla";"Reta";"Sim";2;0;1;0;1;0;1;1;-3,79779884;-38,50587845;"SPRF-CE";"DEL01-CE";"UOP02-DEL01-CE"
154041;2018-08-19;"domingo";"14:20:00";"AL";316;240;"ATALAIA";"Ingestão de Álcool";"Colisão transversal";"Com Vítimas Feridas";"Pleno dia";"Crescente";"Céu Claro";"Simples";"Curva";"Não";4;0;2;0;2;0;2;2;-9,50496698;-36,03148313;"SPRF-AL";"DEL01-AL";"UOP01-DEL01-AL"
154042;2018-08-19;"domingo";"14:50:00";"MS";158;140,3;"APARECIDA DO TABOADO";"Defeito na Via";"Tombamento";"Com Vítimas Feridas";"Pleno dia";"Crescente";"Céu Claro";"Simples";"Reta";"Não";2;0;2;0;0;0;2;1;-20,03762815;-51,1150074;"SPRF-MS";"DEL08-MS";"UOP01-DEL08-MS"
154043;2018-08-19;"domingo";"15:50:00";"GO";20;86,8;"VILA BOA";"Ingestão de Álcool";"Colisão traseira";"Com Vítimas Feridas";"Pleno dia";"Crescente";"Nublado";"Simples";"Reta";"Não";3;0;2;0;1;0;2;2;-15,050089;-47,06752;"SPRF-DF";"DEL02-DF";"UOP03-DEL02-DF"
154044;2018-08-19;"domingo";"12:30:00";"RJ";101;212;"CASIMIRO DE ABREU";"Ingestão de Álcool";"Saída de leito carroçável";"Sem Vítimas";"Pleno dia";"Decrescente";"Céu Claro";"Dupla";"Reta";"Não";1;0;0;0;1;0;0;1;-22,48187823;-42,24671781;"SPRF-RJ";"DEL02-RJ";"UOP04-DEL08-RJ"
154045;2018-08-19;"domingo";"16:00:00";"BA";110;355;"CATU";"Falta de Atenção à Condução";"Colisão frontal";"Com Vítimas Fatais";"Pleno dia";"Crescente";"Nublado";"Simples";"Curva";"Não";8;1;4;2;1;0;6;2;-12,2716;-38,3721;"SPRF-BA";"DEL01-BA";"UOP04-DEL01-BA"
154048;2018-08-19;"domingo";"16:00:00";"MG";459;96;"POUSO ALEGRE";"Desobediência às normas de trânsito pelo condutor";"Colisão transversal";"Com Vítimas Feridas";"Pleno dia";"Crescente";"Céu Claro";"Simples";"Curva";"Não";2;0;0;1;1;0;1;2;-22,196163;-45,978573;"SPRF-MG";"DEL09-MG";"UOP01-DEL09-MG"
154050;2018-08-19;"domingo";"15:40:00";"SC";280;44,3;"GUARAMIRIM";"Não guardar distância de segurança";"Colisão traseira";"Com Vítimas Feridas";"Pleno dia";"Decrescente";"Sol";"Simples";"Reta";"Não";4;0;1;0;3;0;1;4;-26,45205207;-48,89118845;"SPRF-SC";"DEL03-SC";"UOP03-DEL03-SC"
154051;2018-08-19;"domingo";"16:30:00";"SP";101;48,3;"UBATUBA";"Agressão Externa";"Colisão com objeto em movimento";"Com Vítimas Feridas";"Pleno dia";"Decrescente";"Céu Claro";"Simples";"Reta";"Não";1;0;1;0;0;0;1;1;-23,436964;-45,087685;"SPRF-SP";"DEL06-SP";"UOP01-DEL06-SP"
154052;2018-08-19;"domingo";"13:00:00";"PR";476;130;"CURITIBA";"Velocidade Incompatível";"Queda de ocupante de veículo";"Com Vítimas Feridas";"Pleno dia";"Crescente";"Céu Claro";"Dupla";"Declive;Curva";"Sim";1;0;1;0;0;0;1;1;-25,449564;-49,236427;"SPRF-PR";"DEL01-PR";"UOP07-DEL01-PR"
154055;2018-08-19;"domingo";"16:00:00";"MG";40;665;"CARANDAI";"Falta de Atenção à Condução";"Colisão transversal";"Com Vítimas Feridas";"Pleno dia";"Decrescente";"Céu Claro";"Simples";"Aclive";"Sim";2;0;1;0;1;0;1;2;-20,9467;-43,7988;"SPRF-MG";"DEL05-MG";"UOP02-DEL05-MG"
154056;2018-08-19;"domingo";"16:25:00";"SC";101;105;"PENHA";"Avarias e/ou desgaste excessivo no pneu";"Tombamento";"Com Vítimas Feridas";"Pleno dia";"Crescente";"Céu Claro";"Dupla";"Reta";"Não";2;0;2;0;0;0;2;1;-26,8103;-48,6828;"SPRF-SC";"DEL03-SC";"UOP02-DEL03-SC"
154057;2018-08-19;"domingo";"16:40:00";"PR";476;113;"COLOMBO";"Falta de Atenção do Pedestre";"Atropelamento de Pedestre";"Com Vítimas Feridas";"Pleno dia";"Crescente";"Céu Claro";"Simples";"Reta";"Não";2;0;1;0;1;0;1;2;-25,315056;-49,153545;"SPRF-PR";"DEL01-PR";"UOP01-DEL01-PR"
154058;2018-08-19;"domingo";"15:00:00";"SC";116;239;"LAGES";"Falta de Atenção à Condução";"Queda de ocupante de veículo";"Com Vítimas Feridas";"Pleno dia";"Decrescente";"Céu Claro";"Simples";"Rotatória";"Não";1;0;1;0;0;0;1;1;-27,75107598;-50,3349781;"SPRF-SC";"DEL05-SC";"UOP01-DEL05-SC"
154059;2018-08-19;"domingo";"16:45:00";"SC";101;207;"SAO JOSE";"Desobediência às normas de trânsito pelo condutor";"Colisão transversal";"Com Vítimas Feridas";"Pleno dia";"Crescente";"Céu Claro";"Dupla";"Viaduto";"Sim";3;0;1;0;2;0;1;2;-27,6034;-48,632;"SPRF-SC";"DEL01-SC";"UOP01-DEL01-SC"
154060;2018-08-19;"domingo";"16:30:00";"PR";376;491,5;"PONTA GROSSA";"Velocidade Incompatível";"Colisão traseira";"Com Vítimas Feridas";"Pleno dia";"Crescente";"Céu Claro";"Dupla";"Reta";"Sim";2;0;1;0;1;0;1;2;-25,11256988;-50,18876553;"SPRF-PR";"DEL03-PR";"UOP04-DEL03-PR"
154061;2018-08-19;"domingo";"16:30:00";"GO";70;23,8;"COCALZINHO DE GOIAS";"Falta de Atenção à Condução";"Colisão transversal";"Com Vítimas Feridas";"Pleno dia";"Crescente";"Céu Claro";"Simples";"Curva";"Sim";4;0;1;0;3;0;1;2;-15,73812457;-48,40800298;"SPRF-DF";"DEL01-DF";"UOP02-DEL03-DF"
154062;2018-08-19;"domingo";"15:40:00";"RO";364;158,5;"PIMENTA BUENO";"Ingestão de Álcool";"Queda de ocupante de veículo";"Com Vítimas Feridas";"Pleno dia";"Decrescente";"Céu Claro";"Simples";"Curva";"Não";2;0;1;0;1;0;1;1;-11,932425;-60,960316;"SPRF-RO";"DEL02-RO";"UOP02-DEL02-RO"
154063;2018-08-19;"domingo";"09:45:00";"RJ";40;59;"PETROPOLIS";"Velocidade Incompatível";"Colisão com objeto estático";"Com Vítimas Feridas";"Pleno dia";"Decrescente";"Céu Claro";"Dupla";"Curva";"Sim";1;0;1;0;0;0;1;1;-22,35204052;-43,12089264;"SPRF-RJ";"DEL06-RJ";"UOP01-DEL06-RJ"
154064;2018-08-19;"domingo";"09:45:00";"RJ";40;82;"PETROPOLIS";"Falta de Atenção à Condução";"Tombamento";"Com Vítimas Feridas";"Pleno dia";"Decrescente";"Céu Claro";"Simples";"Reta;Em Obras";"Sim";2;0;1;0;1;0;1;2;-22,5399;-43,2241;"SPRF-RJ";"DEL06-RJ";"UOP01-DEL06-RJ"
154065;2018-08-19;"domingo";"16:40:00";"MA";10;260;"IMPERATRIZ";"Ingestão de Álcool";"Colisão traseira";"Sem Vítimas";"Pleno dia";"Decrescente";"Céu Claro";"Simples";"Reta";"Sim";2;0;0;0;2;0;0;2;-5,46357909;-47,47432709;"SPRF-MA";"DEL04-MA";"UOP01-DEL04-MA"
154067;2018-08-19;"domingo";"17:10:00";"RJ";40;118;"DUQUE DE CAXIAS";"Falta de Atenção à Condução";"Colisão com objeto estático";"Com Vítimas Feridas";"Anoitecer";"Decrescente";"Céu Claro";"Múltipla";"Reta";"Sim";2;0;1;0;1;0;1;1;-22,7646;-43,2866;"SPRF-RJ";"DEL01-RJ";"UOP01-DEL01-RJ"
154068;2018-08-19;"domingo";"13:40:00";"RS";290;385,8;"SANTA MARGARIDA DO SUL";"Falta de Atenção à Condução";"Capotamento";"Com Vítimas Feridas";"Pleno dia";"Decrescente";"Nublado";"Simples";"Curva";"Não";1;0;1;0;0;0;1;1;-30,346743;-54,000679;"SPRF-RS";"DEL09-RS";"UOP02-DEL09-RS"
154069;2018-08-19;"domingo";"17:00:00";"CE";116;39;"HORIZONTE";"Falta de Atenção à Condução";"Colisão traseira";"Com Vítimas Feridas";"Pleno dia";"Decrescente";"Céu Claro";"Dupla";"Reta";"Sim";3;0;2;0;1;0;2;3;-4,101;-38,5011;"SPRF-CE";"DEL01-CE";"UOP02-DEL01-CE"
154070;2018-08-19;"domingo";"15:20:00";"PR";277;679,2;"MEDIANEIRA";"Falta de Atenção à Condução";"Queda de ocupante de veículo";"Com Vítimas Feridas";"Pleno dia";"Decrescente";"Céu Claro";"Dupla";"Reta";"Não";1;0;1;0;0;0;1;1;-25,317583;-54,156902;"SPRF-PR";"DEL05-PR";"UOP01-DEL05-PR"
154071;2018-08-19;"domingo";"17:30:00";"ES";262;114;"VENDA NOVA DO IMIGRANTE";"Ultrapassagem Indevida";"Colisão lateral";"Com Vítimas Feridas";"Anoitecer";"Crescente";"Nublado";"Simples";"Declive";"Não";2;0;1;0;1;0;1;2;-20,3254;-41,211;"SPRF-ES";"DEL01-ES";"UOP02-DEL01-ES"
154072;2018-08-19;"domingo";"17:10:00";"PI";343;307;"ALTOS";"Falta de Atenção à Condução";"Engavetamento";"Sem Vítimas";"Pleno dia";"Crescente";"Céu Claro";"Simples";"Reta";"Sim";3;0;0;0;2;1;0;3;-5,03923007;-42,45496804;"SPRF-PI";"DEL01-PI";"UOP01-DEL01-PI"
154073;2018-08-19;"domingo";"14:00:00";"SP";101;47,1;"UBATUBA";"Falta de Atenção à Condução";"Colisão com objeto estático";"Com Vítimas Feridas";"Pleno dia";"Decrescente";"Sol";"Simples";"Interseção de Vias";"Sim";1;0;0;1;0;0;1;1;-23,43741911;-45,08926392;"SPRF-SP";"DEL06-SP";"UOP01-DEL06-SP"
154074;2018-08-19;"domingo";"17:00:00";"PR";369;181,8;"ARAPONGAS";"Falta de Atenção à Condução";"Colisão transversal";"Com Vítimas Feridas";"Anoitecer";"Decrescente";"Céu Claro";"Simples";"Reta";"Sim";2;0;1;0;1;0;1;2;-23,39389808;-51,42393795;"SPRF-PR";"DEL07-PR";"UOP03-DEL07-PR"
154076;2018-08-19;"domingo";"17:00:00";"GO";60;40;"APARECIDA DE GOIANIA";"Ingestão de Álcool";"Colisão traseira";"Sem Vítimas";"Pleno dia";"Decrescente";"Céu Claro";"Dupla";"Reta";"Sim";2;0;0;0;2;0;0;2;-16,8101;-49,2397;"SPRF-GO";"DEL01-GO";"UOP03-DEL01-GO"
154077;2018-08-19;"domingo";"17:00:00";"GO";153;561;"PROFESSOR JAMIL";"Velocidade Incompatível";"Saída de leito carroçável";"Sem Vítimas";"Pleno dia";"Decrescente";"Céu Claro";"Dupla";"Curva";"Não";1;0;0;0;0;1;0;1;-17,2262;-49,2294;"SPRF-GO";"DEL03-GO";"UOP01-DEL03-GO"
154078;2018-08-19;"domingo";"18:00:00";"MG";354;743,6;"ITAMONTE";"Ingestão de Álcool";"Colisão traseira";"Sem Vítimas";"Plena Noite";"Decrescente";"Céu Claro";"Simples";"Reta";"Sim";3;0;0;0;3;0;0;2;-22,27852448;-44,87378765;"SPRF-MG";"DEL05-MG";"UOP01-DEL17-MG"
154079;2018-08-19;"domingo";"16:30:00";"RS";470;222;"GARIBALDI";"Ingestão de Álcool";"Saída de leito carroçável";"Sem Vítimas";"Pleno dia";"Decrescente";"Céu Claro";"Dupla";"Retorno Regulamentado";"Sim";3;0;0;0;3;0;0;1;-29,21613711;-51,51742995;"SPRF-RS";"DEL06-RS";"UOP01-DEL06-RS"
154080;2018-08-19;"domingo";"17:20:00";"SP";116;306;"SAO LOURENCO DA SERRA";"Falta de Atenção à Condução";"Saída de leito carroçável";"Com Vítimas Feridas";"Pleno dia";"Crescente";"Céu Claro";"Dupla";"Reta";"Sim";5;0;5;0;0;0;5;1;-23,85245993;-46,93948388;"SPRF-SP";"DEL04-SP";"UOP01-DEL04-SP"
154081;2018-08-19;"domingo";"16:30:00";"MT";163;707,7;"SORRISO";"Falta de Atenção à Condução";"Colisão traseira";"Sem Vítimas";"Pleno dia";"Decrescente";"Céu Claro";"Simples";"Reta";"Não";6;0;0;0;5;1;0;2;-12,95102922;-55,86685181;"SPRF-MT";"DEL06-MT";"UOP01-DEL06-MT"
154082;2018-08-19;"domingo";"18:00:00";"ES";101;65,8;"SAO MATEUS";"Falta de Atenção do Pedestre";"Atropelamento de Pedestre";"Com Vítimas Feridas";"Plena Noite";"Decrescente";"Céu Claro";"Múltipla";"Curva";"Sim";2;0;0;2;0;0;2;2;-18,70936;-39,877621;"SPRF-ES";"DEL04-ES";"UOP02-DEL04-ES"
154083;2018-08-19;"domingo";"14:15:00";"SP";116;454;"REGISTRO";"Falta de Atenção do Pedestre";"Atropelamento de Pedestre";"Com Vítimas Feridas";"Pleno dia";"Decrescente";"Céu Claro";"Dupla";"Reta";"Não";4;0;3;0;0;1;3;2;-24,5673035;-47,87503839;"SPRF-SP";"DEL05-SP";"UOP01-DEL05-SP"
154085;2018-08-19;"domingo";"17:00:00";"MS";262;309,3;"CAMPO GRANDE";"Falta de Atenção à Condução";"Tombamento";"Com Vítimas Feridas";"Anoitecer";"Crescente";"Céu Claro";"Simples";"Aclive";"Não";1;0;1;0;0;0;1;1;-20,476089;-54,375371;"SPRF-MS";"DEL01-MS";"UOP01-DEL01-MS"
154086;2018-08-19;"domingo";"18:10:00";"ES";262;2;"CARIACICA";"Não guardar distância de segurança";"Colisão lateral";"Com Vítimas Feridas";"Plena Noite";"Crescente";"Nublado";"Múltipla";"Reta";"Sim";2;0;2;0;0;0;2;2;-20,33247452;-40,36209583;"SPRF-ES";"DEL01-ES";"UOP01-DEL01-ES"
154087;2018-08-19;"domingo";"17:00:00";"MT";163;831;"SINOP";"Falta de Atenção à Condução";"Colisão traseira";"Sem Vítimas";"Pleno dia";"Decrescente";"Céu Claro";"Dupla";"Curva";"Não";2;0;0;0;0;2;0;2;-11,88314173;-55,50121307;"SPRF-MT";"DEL06-MT";"UOP01-DEL06-MT"
154089;2018-08-19;"domingo";"18:45:00";"SP";153;66,2;"SAO JOSE DO RIO PRETO";"Falta de Atenção do Pedestre";"Atropelamento de Pedestre";"Com Vítimas Fatais";"Plena Noite";"Crescente";"Céu Claro";"Simples";"Declive;Em Obras";"Sim";6;1;0;0;5;0;0;2;-20,84596835;-49,37381387;"SPRF-SP";"DEL09-SP";"UOP01-DEL09-SP"
154090;2018-08-19;"domingo";"17:55:00";"PR";116;119,6;"CURITIBA";"Falta de Atenção à Condução";"Saída de leito carroçável";"Com Vítimas Feridas";"Plena Noite";"Crescente";"Céu Claro";"Dupla";"Reta";"Sim";2;0;2;0;0;0;2;1;-25,58031436;-49,31322008;"SPRF-PR";"DEL01-PR";"UOP03-DEL01-PR"
154091;2018-08-19;"domingo";"18:45:00";"PR";116;10;"COLOMBO";"Falta de Atenção à Condução";"Saída de leito carroçável";"Com Vítimas Feridas";"Plena Noite";"Crescente";"Céu Claro";"Dupla";"Aclive";"Sim";1;0;1;0;0;0;1;1;-25,37124997;-49,12864555;"SPRF-PR";"DEL01-PR";"UOP02-DEL01-PR"
154092;2018-08-19;"domingo";"18:35:00";"RN";101;123;"SAO JOSE DE MIPIBU";"Ingestão de álcool e/ou substâncias psicoativas pelo pedestre";"Atropelamento de Pedestre";"Com Vítimas Feridas";"Plena Noite";"Decrescente";"Céu Claro";"Simples";"Reta";"Sim";2;0;0;1;1;0;1;2;-6,06890854;-35,23863673;"SPRF-RN";"DEL01-RN";"UOP01-DEL01-RN"
154093;2018-08-19;"domingo";"19:00:00";"SE";101;72;"MARUIM";"Falta de Atenção à Condução";"Colisão com objeto estático";"Com Vítimas Feridas";"Plena Noite";"Crescente";"Ignorado";"Simples";"Reta";"Não";3;0;0;3;0;0;3;2;-10,7853;-37,1421;"SPRF-SE";"DEL01-SE";"UOP01-DEL01-SE"
154094;2018-08-19;"domingo";"18:20:00";"BA";242;407,8;"SEABRA";"Falta de Atenção do Pedestre";"Atropelamento de Pedestre";"Com Vítimas Feridas";"Plena Noite";"Decrescente";"Ignorado";"Dupla";"Reta";"Não";3;0;0;1;2;0;1;2;-12,47392847;-41,74138374;"SPRF-BA";"DEL10-BA";"UOP03-DEL06-BA"