"id";"data_inversa";"dia_semana";"horario";"uf";"br";"km";"municipio";"causa_acidente";"tipo_acidente";"classificacao_acidente";"fase_dia";"sentido_via";"condicao_metereologica";"tipo_pista";"tracado_via";"uso_solo";"pessoas";"mortos";"feridos_leves";"feridos_graves";"ilesos";"ignorados";"feridos";"veiculos";"latitude";"longitude";"regional";"delegacia";"uop"
154096;2018-08-19;"domingo";"18:15:00";"PI";343;340,4;"TERESINA";"Falta de Atenção à Condução";"Colisão traseira";"Com Vítimas Feridas";"Plena Noite";"Crescente";"Céu Claro";"Simples";"Reta";"Não";2;0;1;0;1;0;1;2;-5,083136;-42,7753472;"SPRF-PI";"DEL01-PI";"UOP01-DEL01-PI"
154098;2018-08-19;"domingo";"19:00:00";"MG";40;547;"NOVA LIMA";"Velocidade Incompatível";"Saída de leito carroçável";"Com Vítimas Feridas";"Pleno dia";"Decrescente";"Céu Claro";"Dupla";"Reta;Declive";"Não";2;0;2;0;0;0;2;1;-20,0298769;-43,9696455;"SPRF-MG";"DEL01-MG";"UOP02-DEL01-MG"
154099;2018-08-19;"domingo";"18:00:00";"MS";262;358,3;"CAMPO GRANDE";"Falta de Atenção à Condução";"Tombamento";"Com Vítimas Feridas";"Anoitecer";"Decrescente";"Céu Claro";"Simples";"Reta";"Não";1;0;1;0;0;0;1;1;-20,53778;-54,69906;"SPRF-MS";"DEL01-MS";"UOP03-DEL01-MS"
154100;2018-08-19;"domingo";"18:20:00";"PR";373;181,9;"PONTA GROSSA";"Falta de Atenção do Pedestre";"Atropelamento de Pedestre";"Com Vítimas Feridas";"Plena Noite";"Decrescente";"Nublado";"Simples";"Reta";"Sim";2;0;0;1;1;0;1;2;-25,042686;-50,265403;"SPRF-PR";"DEL03-PR";"UOP01-DEL03-PR"
154101;2018-08-19;"domingo";"18:45:00";"GO";40;27,9;"LUZIANIA";"Falta de Atenção à Condução";"Saída de leito carroçável";"Com Vítimas Fatais";"Plena Noite";"Crescente";"Céu Claro";"Dupla";"Reta";"Não";2;1;0;1;0;0;1;1;-16,26967479;-47,88098216;"SPRF-DF";"DEL01-DF";"UOP01-DEL01-DF"
154102;2018-08-19;"domingo";"19:10:00";"RS";116;493;"BARRA DO RIBEIRO";"Falta de Atenção à Condução";"Colisão traseira";"Sem Vítimas";"Plena Noite";"Crescente";"Chuva";"Simples";"Reta";"Não";2;0;0;0;2;0;0;2;-30,34457;-51,42852;"SPRF-RS";"DEL07-RS";"UOP01-DEL07-RS"
154103;2018-08-19;"domingo";"19:00:00";"PA";316;16;"MARITUBA";"Falta de Atenção à Condução";"Colisão lateral";"Com Vítimas Feridas";"Plena Noite";"Decrescente";"Céu Claro";"Dupla";"Reta";"Não";2;0;1;0;1;0;1;2;-1,360972;-48,262413;"SPRF-PA";"DEL01-PA";"DEL19/1-UOP05/PA"
154104;2018-08-19;"domingo";"19:05:00";"GO";40;8;"LUZIANIA";"Ingestão de Álcool";"Atropelamento de Pedestre";"Com Vítimas Feridas";"Plena Noite";"Crescente";"Céu Claro";"Dupla";"Reta";"Sim";2;0;1;0;1;0;1;2;-16,121107;-47,964317;"SPRF-DF";"DEL01-DF";"UOP01-DEL01-DF"
154106;2018-08-19;"domingo";"19:00:00";"PR";277;298,5;"PRUDENTOPOLIS";"Falta de Atenção à Condução";"Saída de leito carroçável";"Com Vítimas Feridas";"Plena Noite";"Crescente";"Céu Claro";"Simples";"Reta";"Não";2;0;2;0;0;0;2;1;-25,29237086;-51,13085817;"SPRF-PR";"DEL03-PR";"UOP01-DEL08-PR"
154107;2018-08-19;"domingo";"18:00:00";"MS";163;261;"DOURADOS";"Falta de Atenção à Condução";"Queda de ocupante de veículo";"Com Vítimas Feridas";"Plena Noite";"Crescente";"Céu Claro";"Dupla";"Reta";"Não";1;0;1;0;0;0;1;1;-22,2430465;-54,77047741;"SPRF-MS";"DEL04-MS";"UOP01-DEL04-MS"
154108;2018-08-19;"domingo";"19:15:00";"RS";392;688,3;"ROQUE GONZALES";"Ingestão de Álcool";"Colisão traseira";"Com Vítimas Feridas";"Plena Noite";"Crescente";"Chuva";"Simples";"Reta";"Não";4;0;0;1;3;0;1;3;-28,110937;-54,978165;"SPRF-RS";"DEL10-RS";"UOP01-DEL10-RS"
154109;2018-08-19;"domingo";"17:45:00";"MG";116;524,5;"CARATINGA";"Ingestão de Álcool";"Colisão transversal";"Com Vítimas Feridas";"Anoitecer";"Crescente";"Céu Claro";"Simples";"Interseção de Vias";"Sim";2;0;0;1;1;0;1;2;-19,7529614;-42,1332711;"SPRF-MG";"DEL06-MG";"UOP02-DEL06-MG"
154112;2018-08-19;"domingo";"19:30:00";"SC";470;122;"IBIRAMA";"Desobediência às normas de trânsito pelo condutor";"Colisão transversal";"Com Vítimas Feridas";"Plena Noite";"Crescente";"Céu Claro";"Simples";"Curva";"Não";3;0;2;0;1;0;2;2;-27,09580882;-49,52453613;"SPRF-SC";"DEL04-SC";"UOP02-DEL04-SC"
154113;2018-08-19;"domingo";"19:40:00";"PE";101;91;"CABO DE SANTO AGOSTINHO";"Desobediência às normas de trânsito pelo condutor";"Colisão lateral";"Com Vítimas Feridas";"Plena Noite";"Crescente";"Nublado";"Simples";"Reta";"Sim";2;0;1;0;1;0;1;2;-8,2308;-34,9969;"SPRF-PE";"DEL01-PE";"UOP03-DEL01-PE"
154114;2018-08-19;"domingo";"19:30:00";"RN";427;93;"CAICO";"Animais na Pista";"Atropelamento de Animal";"Com Vítimas Feridas";"Plena Noite";"Decrescente";"Céu Claro";"Simples";"Reta";"Não";1;0;1;0;0;0;1;1;-6,47633824;-37,06100464;"SPRF-RN";"DEL03-RN";"UOP01-DEL03-RN"
154115;2018-08-19;"domingo";"19:45:00";"MG";381;502,9;"BETIM";"Falta de Atenção à Condução";"Colisão transversal";"Com Vítimas Feridas";"Plena Noite";"Crescente";"Céu Claro";"Dupla";"Interseção de Vias;Reta";"Sim";2;0;1;0;0;1;1;2;-20,0236;-44,2299;"SPRF-MG";"DEL01-MG";"UOP03-DEL01-MG"
154116;2018-08-19;"domingo";"18:30:00";"MT";163;748,5;"SORRISO";"Falta de Atenção à Condução";"Queda de ocupante de veículo";"Com Vítimas Feridas";"Plena Noite";"Crescente";"Céu Claro";"Dupla";"Reta";"Não";1;0;1;0;0;0;1;1;-12,57668008;-55,72952271;"SPRF-MT";"DEL06-MT";"UOP01-DEL06-MT"
154118;2018-08-19;"domingo";"19:05:00";"PR";116;0,2;"QUATRO BARRAS";"Falta de Atenção à Condução";"Colisão com objeto estático";"Com Vítimas Feridas";"Plena Noite";"Decrescente";"Céu Claro";"Dupla";"Retorno Regulamentado";"Sim";2;0;1;0;1;0;1;1;-25,3478;-49,0493;"SPRF-PR";"DEL01-PR";"UOP02-DEL01-PR"
154119;2018-08-19;"domingo";"19:50:00";"SC";101;61;"ARAQUARI";"Falta de Atenção do Pedestre";"Atropelamento de Pedestre";"Com Vítimas Fatais";"Plena Noite";"Crescente";"Céu Claro";"Dupla";"Reta";"Não";4;1;0;0;2;1;0;3;-26,455;-48,775;"SPRF-SC";"DEL03-SC";"UOP02-DEL03-SC"
154121;2018-08-19;"domingo";"18:40:00";"DF";20;56;"BRASILIA";"Defeito Mecânico no Veículo";"Incêndio";"Sem Vítimas";"Plena Noite";"Decrescente";"Céu Claro";"Dupla";"Reta";"Não";1;0;0;0;0;1;0;1;-15,583027;-47,367081;"SPRF-DF";"DEL02-DF";"UOP01-DEL02-DF"
154122;2018-08-19;"domingo";"19:50:00";"SC";101;432,5;"SOMBRIO";"Falta de Atenção do Pedestre";"Atropelamento de Pedestre";"Com Vítimas Feridas";"Plena Noite";"Decrescente";"Céu Claro";"Simples";"Reta";"Sim";2;0;1;0;1;0;1;2;-29,07931336;-49,62865055;"SPRF-SC";"DEL02-SC";"UOP02-DEL02-SC"
154123;2018-08-19;"domingo";"20:20:00";"PE";104;67,4;"CARUARU";"Desobediência às normas de trânsito pelo condutor";"Colisão frontal";"Com Vítimas Feridas";"Plena Noite";"Crescente";"Céu Claro";"Dupla";"Reta";"Sim";2;0;0;1;1;0;1;2;-8,296813;-35,988315;"SPRF-PE";"DEL02-PE";"UOP01-DEL02-PE"
154124;2018-08-19;"domingo";"19:15:00";"AL";316;239;"ATALAIA";"Animais na Pista";"Saída de leito carroçável";"Com Vítimas Feridas";"Plena Noite";"Crescente";"Céu Claro";"Simples";"Reta";"Não";1;0;1;0;0;0;1;1;-9,510221;-36,004715;"SPRF-AL";"DEL01-AL";"UOP01-DEL01-AL"
154127;2018-08-19;"domingo";"20:50:00";"GO";153;503,1;"GOIANIA";"Ingestão de Álcool";"Colisão lateral";"Com Vítimas Feridas";"Plena Noite";"Crescente";"Céu Claro";"Dupla";"Viaduto";"Sim";4;0;1;0;2;1;1;3;-16,7366;-49,243;"SPRF-GO";"DEL01-GO";"UOP01-DEL01-GO"
154129;2018-08-19;"domingo";"19:40:00";"RJ";101;270,9;"RIO BONITO";"Falta de Atenção à Condução";"Colisão com objeto estático";"Com Vítimas Feridas";"Plena Noite";"Crescente";"Céu Claro";"Dupla";"Curva";"Sim";4;0;3;0;1;0;3;1;-22,723267;-42,693407;"SPRF-RJ";"DEL02-RJ";"UOP03-DEL02-RJ"
154130;2018-08-19;"domingo";"20:35:00";"ES";101;142,1;"LINHARES";"Falta de Atenção à Condução";"Tombamento";"Com Vítimas Feridas";"Plena Noite";"Crescente";"Nublado";"Simples";"Reta";"Sim";1;0;0;1;0;0;1;1;-19,33480422;-40,06770194;"SPRF-ES";"DEL04-ES";"UOP01-DEL04-ES"
154131;2018-08-19;"domingo";"19:30:00";"MG";116;413,4;"GOVERNADOR VALADARES";"Falta de Atenção à Condução";"Colisão traseira";"Com Vítimas Feridas";"Plena Noite";"Decrescente";"Nublado";"Simples";"Interseção de Vias";"Sim";2;0;1;0;1;0;1;2;-18,87613824;-41,96399689;"SPRF-MG";"DEL06-MG";"UOP01-DEL06-MG"
154132;2018-08-19;"domingo";"20:50:00";"RN";304;33,6;"MOSSORO";"Animais na Pista";"Atropelamento de Animal";"Com Vítimas Feridas";"Plena Noite";"Crescente";"Céu Claro";"Dupla";"Reta";"Sim";1;0;1;0;0;0;1;1;-5,14903342;-37,34789371;"SPRF-RN";"DEL04-RN";"UOP02-DEL04-RN"
154133;2018-08-19;"domingo";"20:29:00";"RJ";40;112;"DUQUE DE CAXIAS";"Falta de Atenção à Condução";"Colisão com objeto estático";"Com Vítimas Feridas";"Plena Noite";"Decrescente";"Céu Claro";"Múltipla";"Reta";"Sim";3;0;1;0;2;0;1;1;-22,71293563;-43,28997374;"SPRF-RJ";"DEL01-RJ";"UOP01-DEL01-RJ"
154134;2018-08-19;"domingo";"19:45:00";"RJ";116;207;"SEROPEDICA";"Ingestão de Álcool";"Colisão com objeto estático";"Com Vítimas Feridas";"Plena Noite";"Crescente";"Sol";"Múltipla";"Reta";"Sim";10;0;1;0;9;0;1;5;-22,71628797;-43,71678936;"SPRF-RJ";"DEL01-RJ";"UOP03-DEL01-RJ"
154135;2018-08-19;"domingo";"18:40:00";"SC";158;115,5;"CUNHA PORA";"Desobediência às normas de trânsito pelo condutor";"Colisão lateral";"Sem Vítimas";"Plena Noite";"Crescente";"Céu Claro";"Simples";"Reta";"Não";3;0;0;0;2;1;0;2;-26,93075558;-53,19987774;"SPRF-SC";"DEL07-SC";"UOP02-DEL07-SC"
154136;2018-08-19;"domingo";"20:55:00";"ES";262;51;"MARECHAL FLORIANO";"Desobediência às normas de trânsito pelo condutor";"Queda de ocupante de veículo";"Com Vítimas Feridas";"Plena Noite";"Decrescente";"Céu Claro";"Simples";"Reta";"Não";1;0;0;1;0;0;1;1;-20,4144;-40,7126;"SPRF-ES";"DEL01-ES";"UOP01-DEL01-ES"
154137;2018-08-19;"domingo";"20:00:00";"SC";282;506,9;"XANXERE";"Velocidade Incompatível";"Capotamento";"Sem Vítimas";"Plena Noite";"Crescente";"Céu Claro";"Dupla";"Interseção de Vias";"Não";1;0;0;0;1;0;0;1;-26,88504312;-52,43430018;"SPRF-SC";"DEL07-SC";"UOP01-DEL07-SC"
154139;2018-08-19;"domingo";"20:50:00";"MG";262;361;"JUATUBA";"Ingestão de Álcool";"Colisão com objeto estático";"Com Vítimas Feridas";"Plena Noite";"Decrescente";"Céu Claro";"Dupla";"Ponte;Reta";"Não";1;0;1;0;0;0;1;1;-19,971;-44,2888;"SPRF-MG";"DEL01-MG";"UOP03-DEL01-MG"
154140;2018-07-02;"segunda-feira";"23:00:00";"PB";361;50,4;"OLHO DAGUA";"Velocidade Incompatível";"Capotamento";"Com Vítimas Fatais";"Plena Noite";"Decrescente";"Céu Claro";"Simples";"Reta";"Não";4;1;1;2;0;0;3;1;-7,17818007;-37,70528901;"SPRF-PB";"DEL03-PB";"UOP01-DEL03-PB"
154141;2018-08-19;"domingo";"21:00:00";"GO";153;617,6;"MORRINHOS";"Animais na Pista";"Saída de leito carroçável";"Com Vítimas Feridas";"Plena Noite";"Decrescente";"Céu Claro";"Dupla";"Declive";"Não";2;0;1;1;0;0;2;1;-17,69072491;-49,15721744;"SPRF-GO";"DEL03-GO";"UOP01-DEL03-GO"
154142;2018-08-19;"domingo";"21:25:00";"SE";101;75;"MARUIM";"Animais na Pista";"Atropelamento de Animal";"Com Vítimas Feridas";"Plena Noite";"Crescente";"Ignorado";"Simples";"Curva";"Não";2;0;0;2;0;0;2;1;-10,7853;-37,1421;"SPRF-SE";"DEL01-SE";"UOP01-DEL01-SE"
154143;2018-08-19;"domingo";"21:10:00";"SC";282;16;"PALHOCA";"Falta de Atenção à Condução";"Colisão transversal";"Com Vítimas Feridas";"Plena Noite";"Crescente";"Céu Claro";"Dupla";"Reta";"Não";2;0;0;1;1;0;1;2;-27,658611;-48,681847;"SPRF-SC";"DEL01-SC";"UOP02-DEL01-SC"
154144;2018-08-19;"domingo";"18:15:00";"MG";262;33,1;"MANHUACU";"Falta de Atenção à Condução";"Colisão lateral";"Com Vítimas Feridas";"Anoitecer";"Crescente";"Nublado";"Simples";"Reta";"Sim";3;0;2;1;0;0;3;2;-20,255514;-42,004681;"SPRF-MG";"DEL06-MG";"UOP03-DEL06-MG"
154145;2018-08-19;"domingo";"21:00:00";"SP";381;56;"MAIRIPORA";"Falta de Atenção à Condução";"Colisão com objeto estático";"Com Vítimas Feridas";"Plena Noite";"Decrescente";"Céu Claro";"Dupla";"Aclive";"Não";1;0;1;0;0;0;1;1;-23,25928682;-46,58958066;"SPRF-SP";"DEL03-SP";"UOP01-DEL03-SP"
154147;2018-08-19;"domingo";"21:00:00";"MG";40;352;"FELIXLANDIA";"Animais na Pista";"Atropelamento de Animal";"Com Vítimas Feridas";"Plena Noite";"Decrescente";"Céu Claro";"Simples";"Reta";"Não";1;0;1;0;0;0;1;1;-18,72803;-44,920106;"SPRF-MG";"DEL02-MG";"UOP01-DEL02-MG"
154148;2018-08-19;"domingo";"20:40:00";"RN";304;7,7;"MOSSORO";"Desobediência às normas de trânsito pelo condutor";"Colisão frontal";"Com Vítimas Feridas";"Plena Noite";"Decrescente";"Céu Claro";"Simples";"Reta";"Não";5;0;1;0;3;1;1;2;-4,933502;-37,413124;"SPRF-RN";"DEL04-RN";"UOP02-DEL04-RN"
154149;2018-08-19;"domingo";"21:30:00";"RJ";101;60;"CAMPOS DOS GOYTACAZES";"Ingestão de Álcool";"Colisão traseira";"Com Vítimas Feridas";"Plena Noite";"Decrescente";"Céu Claro";"Simples";"Retorno Regulamentado";"Sim";3;0;1;1;1;0;2;2;-21,720467;-41,314461;"SPRF-RJ";"DEL08-RJ";"UOP01-DEL08-RJ"
154152;2018-08-19;"domingo";"22:00:00";"MG";381;5;"BETIM";"Ingestão de álcool e/ou substâncias psicoativas pelo pedestre";"Atropelamento de Pedestre";"Com Vítimas Fatais";"Plena Noite";"Decrescente";"Céu Claro";"Dupla";"Reta";"Sim";2;1;0;0;1;0;0;2;-19,98848014;-44,18719263;"SPRF-MG";"DEL01-MG";"UOP03-DEL01-MG"
154158;2018-08-19;"domingo";"21:30:00";"RJ";116;182;"NOVA IGUACU";"Falta de Atenção à Condução";"Capotamento";"Com Vítimas Feridas";"Plena Noite";"Decrescente";"Céu Claro";"Dupla";"Reta";"Sim";5;0;0;1;4;0;1;1;-22,756775;-43,431072;"SPRF-RJ";"DEL01-RJ";"UOP02-DEL01-RJ"
154159;2018-08-19;"domingo";"19:40:00";"AM";319;13;"CAREIRO DA VARZEA";"Não guardar distância de segurança";"Atropelamento de Pedestre";"Com Vítimas Feridas";"Plena Noite";"Decrescente";"Céu Claro";"Simples";"Reta";"Sim";2;0;2;0;0;0;2;1;-3,19293214;-59,86890614;"SPRF-AM";"DEL01-AM";"UOP04-DEL01-AM"
154161;2018-08-19;"domingo";"21:00:00";"MG";381;481;"CONTAGEM";"Falta de Atenção à Condução";"Tombamento";"Com Vítimas Feridas";"Plena Noite";"Crescente";"Céu Claro";"Dupla";"Aclive;Reta";"Sim";1;0;0;1;0;0;1;1;-19,959;-44,0704;"SPRF-MG";"DEL01-MG";"UOP03-DEL01-MG"
154163;2018-08-19;"domingo";"20:45:00";"MA";10;296,1;"CIDELANDIA";"Condutor Dormindo";"Saída de leito carroçável";"Com Vítimas Feridas";"Plena Noite";"Decrescente";"Céu Claro";"Simples";"Declive;Reta";"Não";1;0;1;0;0;0;1;1;-5,15314734;-47,5395745;"SPRF-MA";"DEL04-MA";"UOP03-DEL04-MA"
154167;2018-08-19;"domingo";"18:00:00";"AM";317;497;"BOCA DO ACRE";"Defeito na Via";"Saída de leito carroçável";"Com Vítimas Fatais";"Anoitecer";"Crescente";"Céu Claro";"Simples";"Curva";"Não";5;1;1;0;0;3;1;1;-9,40232295;-67,52643585;"SPRF-AC";"DEL01-AC";"UOP01-DEL01-AC"
154168;2018-08-19;"domingo";"22:30:00";"SP";153;113,3;"JOSE BONIFACIO";"Ingestão de Álcool";"Capotamento";"Sem Vítimas";"Plena Noite";"Decrescente";"Céu Claro";"Simples";"Reta";"Não";1;0;0;0;1;0;0;1;-21,113001;-49,686787;"SPRF-SP";"DEL09-SP";"UOP01-DEL09-SP"
154171;2018-08-19;"domingo";"20:10:00";"MT";163;691;"LUCAS DO RIO VERDE";"Falta de Atenção à Condução";"Queda de ocupante de veículo";"Sem Vítimas";"Plena Noite";"Crescente";"Céu Claro";"Simples";"Reta";"Não";1;0;0;0;0;1;0;1;-12,99920541;-55,88470459;"SPRF-MT";"DEL06-MT";"UOP01-DEL06-MT"
154172;2018-08-19;"domingo";"21:00:00";"GO";60;465,5;"JATAI";"Ingestão de Álcool";"Saída de leito carroçável";"Com Vítimas Feridas";"Plena Noite";"Decrescente";"Céu Claro";"Dupla";"Reta";"Não";1;0;1;0;0;0;1;1;-17,9208192;-51,6882432;"SPRF-GO";"DEL05-GO";"UOP01-DEL05-GO"
154173;2018-08-19;"domingo";"22:45:00";"MA";316;386;"ALTO ALEGRE DO MARANHAO";"Animais na Pista";"Atropelamento de Animal";"Com Vítimas Feridas";"Plena Noite";"Crescente";"Céu Claro";"Simples";"Reta";"Não";1;0;1;0;0;0;1;1;-4,20207709;-44,48270324;"SPRF-MA";"DEL02-MA";"DEL18/2-UOP03/MA"
154174;2018-08-19;"domingo";"23:20:00";"RJ";40;123;"DUQUE DE CAXIAS";"Falta de Atenção à Condução";"Colisão lateral";"Com Vítimas Feridas";"Plena Noite";"Decrescente";"Céu Claro";"Múltipla";"Reta";"Não";2;0;1;0;1;0;1;2;-22,8061;-43,2894;"SPRF-RJ";"DEL01-RJ";"UOP01-DEL01-RJ"
154175;2018-08-19;"domingo";"21:55:00";"MA";222;668;"ACAILANDIA";"Defeito na Via";"Queda de ocupante de veículo";"Com Vítimas Feridas";"Plena Noite";"Crescente";"Céu Claro";"Múltipla";"Reta";"Sim";1;0;1;0;0;0;1;1;-4,9510847;-47,4870435;"SPRF-MA";"DEL04-MA";"UOP03-DEL04-MA"
154176;2018-08-19;"domingo";"23:00:00";"PE";232;149;"SAO CAITANO";"Animais na Pista";"Atropelamento de Animal";"Com Vítimas Feridas";"Plena Noite";"Decrescente";"Céu Claro";"Dupla";"Curva";"Não";2;0;1;0;0;1;1;1;-8,3275372;-36,1532861;"SPRF-PE";"DEL02-PE";"UOP03-DEL02-PE"
154178;2018-08-20;"segunda-feira";"00:30:00";"RS";290;90;"PORTO ALEGRE";"Pista Escorregadia";"Tombamento";"Com Vítimas Feridas";"Plena Noite";"Decrescente";"Chuva";"Dupla";"Reta";"Sim";1;0;1;0;0;0;1;1;-29,968319;-51,157398;"SPRF-RS";"DEL01-RS";"UOP01-DEL01-RS"
154179;2018-08-19;"domingo";"19:00:00";"RO";364;419,7;"JARU";"Desobediência às normas de trânsito pelo condutor";"Capotamento";"Com Vítimas Feridas";"Plena Noite";"Crescente";"Céu Claro";"Simples";"Curva";"Não";5;0;4;1;0;0;5;1;-10,482615;-62,441742;"SPRF-RO";"DEL03-RO";"UOP02-DEL03-RO"
154184;2018-08-20;"segunda-feira";"01:10:00";"SP";116;192;"SANTA ISABEL";"Defeito Mecânico no Veículo";"Incêndio";"Com Vítimas Feridas";"Plena Noite";"Decrescente";"Nublado";"Dupla";"Reta";"Não";2;0;1;0;1;0;1;1;-23,3767683;-46,25020981;"SPRF-SP";"DEL02-SP";"UOP01-DEL02-SP"
154185;2018-08-20;"segunda-feira";"01:20:00";"AL";316;263;"SATUBA";"Velocidade Incompatível";"Colisão com objeto estático";"Com Vítimas Feridas";"Plena Noite";"Crescente";"Céu Claro";"Simples";"Curva";"Não";3;0;1;2;0;0;3;1;-9,58805541;-35,85315228;"SPRF-AL";"DEL02-AL";"UOP01-DEL02-AL"
154189;2018-08-20;"segunda-feira";"00:15:00";"RS";470;222;"GARIBALDI";"Velocidade Incompatível";"Capotamento";"Com Vítimas Feridas";"Plena Noite";"Decrescente";"Garoa/Chuvisco";"Simples";"Retorno Regulamentado";"Não";2;0;1;0;1;0;1;1;-29,22139952;-51,51621222;"SPRF-RS";"DEL06-RS";"UOP01-DEL06-RS"
154192;2018-08-19;"domingo";"23:50:00";"MS";163;272;"DOURADOS";"Desobediência às normas de trânsito pelo condutor";"Tombamento";"Com Vítimas Feridas";"Plena Noite";"Decrescente";"Vento";"Dupla";"Reta";"Sim";2;0;1;0;0;1;1;2;-22,17958143;-54,67272431;"SPRF-MS";"DEL04-MS";"UOP01-DEL04-MS"
154193;2018-08-20;"segunda-feira";"02:30:00";"PI";407;427,8;"GEMINIANO";"Desobediência às normas de trânsito pelo condutor";"Saída de leito carroçável";"Com Vítimas Feridas";"Plena Noite";"Decrescente";"Céu Claro";"Simples";"Curva";"Não";2;0;1;1;0;0;2;1;-7,13032773;-41,38921144;"SPRF-PI";"DEL04-PI";"UOP01-DEL04-PI"
154194;2018-08-20;"segunda-feira";"01:00:00";"MS";163;263;"DOURADOS";"Defeito Mecânico no Veículo";"Queda de ocupante de veículo";"Com Vítimas Feridas";"Plena Noite";"Decrescente";"Céu Claro";"Dupla";"Reta";"Não";2;0;2;0;0;0;2;1;-22,2356779;-54,75798905;"SPRF-MS";"DEL04-MS";"UOP01-DEL04-MS"
154195;2018-08-20;"segunda-feira";"00:34:00";"SC";101;88,1;"BARRA VELHA";"Falta de Atenção à Condução";"Colisão transversal";"Com Vítimas Feridas";"Plena Noite";"Crescente";"Nublado";"Dupla";"Reta";"Sim";3;0;1;0;2;0;1;2;-26,65125423;-48,68733823;"SPRF-SC";"DEL03-SC";"UOP02-DEL03-SC"
154196;2018-08-20;"segunda-feira";"02:25:00";"SP";116;150;"SAO JOSE DOS CAMPOS";"Ingestão de Álcool";"Colisão com objeto estático";"Sem Vítimas";"Plena Noite";"Decrescente";"Céu Claro";"Múltipla";"Declive";"Sim";1;0;0;0;1;0;0;1;-23,213557;-45,893028;"SPRF-SP";"DEL02-SP";"UOP01-DEL02-SP"
154198;2018-08-20;"segunda-feira";"01:50:00";"RS";290;405,6;"SANTA MARGARIDA DO SUL";"Desobediência às normas de trânsito pelo condutor";"Colisão com objeto estático";"Com Vítimas Feridas";"Plena Noite";"Decrescente";"Nublado";"Simples";"Ponte;Reta";"Não";1;0;1;0;0;0;1;1;-30,364445;-54,198421;"SPRF-RS";"DEL09-RS";"UOP02-DEL09-RS"
154200;2018-08-20;"segunda-feira";"01:25:00";"SC";101;433;"SOMBRIO";"Condutor Dormindo";"Saída de leito carroçável";"Com Vítimas Feridas";"Plena Noite";"Decrescente";"Céu Claro";"Simples";"Reta";"Sim";1;0;0;1;0;0;1;1;-29,07904058;-49,62861568;"SPRF-SC";"DEL02-SC";"UOP02-DEL02-SC"
154201;2018-01-27;"sábado";"23:00:00";"RJ";116;180;"NOVA IGUACU";"Falta de Atenção à Condução";"Colisão traseira";"Com Vítimas Feridas";"Plena Noite";"Crescente";"Ignorado";"Dupla";"Reta";"Não";4;0;1;0;3;0;1;3;-22,74072309;-43,45607758;"SPRF-RJ";"DEL01-RJ";"UOP02-DEL01-RJ"
154204;2018-08-20;"segunda-feira";"05:25:00";"CE";116;5;"FORTALEZA";"Falta de Atenção à Condução";"Colisão traseira";"Com Vítimas Feridas";"Amanhecer";"Decrescente";"Céu Claro";"Múltipla";"Reta";"Sim";2;0;0;1;1;0;1;2;-3,8038;-38,5032;"SPRF-CE";"DEL01-CE";"UOP02-DEL01-CE"
154206;2018-08-20;"segunda-feira";"05:10:00";"PE";232;79;"GRAVATA";"Ingestão de Álcool";"Colisão com objeto estático";"Sem Vítimas";"Amanhecer";"Decrescente";"Céu Claro";"Simples";"Curva";"Não";1;0;0;0;1;0;0;1;-8,19418124;-35,55408597;"SPRF-PE";"DEL01-PE";"UOP02-DEL02PE"
154207;2018-08-20;"segunda-feira";"00:45:00";"MG";381;838,5;"POUSO ALEGRE";"Condutor Dormindo";"Saída de leito carroçável";"Com Vítimas Feridas";"Plena Noite";"Crescente";"Céu Claro";"Dupla";"Curva";"Não";1;0;1;0;0;0;1;1;-22,1586;-45,8273;"SPRF-MG";"DEL16-MG";"UOP01-DEL16-MG"
154209;2018-08-20;"segunda-feira";"06:40:00";"MG";40;529;"CONTAGEM";"Desobediência às normas de trânsito pelo condutor";"Colisão lateral";"Com Vítimas Feridas";"Pleno dia";"Crescente";"Sol";"Dupla";"Reta";"Sim";3;0;0;1;2;0;1;3;-19,919;-44,0308;"SPRF-MG";"DEL01-MG";"UOP03-DEL01-MG"
154210;2018-08-20;"segunda-feira";"06:35:00";"DF";20;55,3;"BRASILIA";"Condutor Dormindo";"Saída de leito carroçável";"Com Vítimas Feridas";"Pleno dia";"Crescente";"Céu Claro";"Dupla";"Declive;Reta";"Não";6;0;5;0;1;0;5;1;-15,58050921;-47,37442997;"SPRF-DF";"DEL02-DF";"UOP01-DEL02-DF"
154212;2018-08-20;"segunda-feira";"06:00:00";"RJ";116;174;"NOVA IGUACU";"Falta de Atenção à Condução";"Colisão traseira";"Com Vítimas Feridas";"Pleno dia";"Decrescente";"Céu Claro";"Múltipla";"Reta";"Não";2;0;1;0;1;0;1;2;-22,76668462;-43,41590881;"SPRF-RJ";"DEL01-RJ";"UOP02-DEL01-RJ"
154213;2018-07-23;"segunda-feira";"13:30:00";"SP";153;44,4;"SAO JOSE DO RIO PRETO";"Falta de Atenção à Condução";"Colisão transversal";"Com Vítimas Feridas";"Pleno dia";"Crescente";"Céu Claro";"Simples";"Reta";"Não";2;0;1;0;1;0;1;2;-20,654957;-49,341217;"SPRF-SP";"DEL09-SP";"UOP01-DEL09-SP"