"id";"data_inversa";"dia_semana";"horario";"uf";"br";"km";"municipio";"causa_acidente";"tipo_acidente";"classificacao_acidente";"fase_dia";"sentido_via";"condicao_metereologica";"tipo_pista";"tracado_via";"uso_solo";"pessoas";"mortos";"feridos_leves";"feridos_graves";"ilesos";"ignorados";"feridos";"veiculos";"latitude";"longitude";"regional";"delegacia";"uop"
154585;2018-08-22;"quarta-feira";"09:00:00";"SP";116;215;"GUARULHOS";"Defeito Mecânico no Veículo";"Tombamento";"Sem Vítimas";"Pleno dia";"Decrescente";"Céu Claro";"Simples";"Reta";"Sim";1;0;0;0;1;0;0;1;-23,4469095;-46,4554574;"SPRF-SP";"DEL01-SP";"UOP01-DEL01-SP"
154587;2018-08-22;"quarta-feira";"08:15:00";"MT";163;833;"SINOP";"Não guardar distância de segurança";"Colisão traseira";"Com Vítimas Feridas";"Pleno dia";"Crescente";"Céu Claro";"Dupla";"Reta";"Sim";2;0;1;0;1;0;1;2;-11,87782923;-55,49949646;"SPRF-MT";"DEL06-MT";"UOP01-DEL06-MT"
154588;2018-08-22;"quarta-feira";"07:50:00";"RJ";101;333;"RIO DE JANEIRO";"Falta de Atenção à Condução";"Colisão traseira";"Com Vítimas Feridas";"Pleno dia";"Crescente";"Céu Claro";"Dupla";"Reta";"Não";2;0;1;0;1;0;1;2;-22,878471;-43,21072;"SPRF-RJ";"DEL02-RJ";"UOP02-DEL02-RJ"
154589;2018-08-22;"quarta-feira";"08:30:00";"RJ";393;168;"TRES RIOS";"Falta de Atenção à Condução";"Colisão transversal";"Com Vítimas Feridas";"Pleno dia";"Crescente";"Céu Claro";"Simples";"Reta";"Sim";2;0;0;1;1;0;1;2;-22,127502;-43,147022;"SPRF-RJ";"DEL06-RJ";"UOP01-DEL05-RJ"
154590;2018-08-22;"quarta-feira";"08:55:00";"PA";163;1002;"SANTAREM";"Falta de Atenção à Condução";"Colisão transversal";"Com Vítimas Feridas";"Pleno dia";"Crescente";"Sol";"Simples";"Reta";"Sim";2;0;1;0;1;0;1;2;-2,45124155;-54,72961128;"SPRF-PA";"DEL05-PA";"UOP01-DEL05-PA"
154591;2018-08-22;"quarta-feira";"00:30:00";"TO";153;591;"SANTA RITA DO TOCANTINS";"Defeito Mecânico no Veículo";"Incêndio";"Sem Vítimas";"Plena Noite";"Crescente";"Céu Claro";"Simples";"Reta";"Não";1;0;0;0;0;1;0;1;-11,00022582;-48,90864372;"SPRF-TO";"DEL02-TO";"UOP01-DEL01-TO"
154592;2018-08-04;"sábado";"04:50:00";"PB";230;251,8;"JUNCO DO SERIDO";"Falta de Atenção do Pedestre";"Colisão transversal";"Sem Vítimas";"Amanhecer";"Crescente";"Céu Claro";"Simples";"Reta";"Não";5;0;0;0;5;0;0;2;-6,9938371;-36,7123853;"SPRF-PB";"DEL03-PB";"UOP01-DEL03-PB"
154593;2018-08-14;"terça-feira";"08:20:00";"PB";230;225;"SOLEDADE";"Falta de Atenção à Condução";"Saída de leito carroçável";"Com Vítimas Feridas";"Pleno dia";"Crescente";"Céu Claro";"Simples";"Reta";"Não";1;0;1;0;0;0;1;1;-7,0374;-36,4421;"SPRF-PB";"DEL02-PB";"UOP02-DEL02-PB"
154596;2018-08-22;"quarta-feira";"08:15:00";"PE";232;412,5;"SERRA TALHADA";"Não guardar distância de segurança";"Colisão traseira";"Sem Vítimas";"Pleno dia";"Decrescente";"Nublado";"Simples";"Reta";"Não";2;0;0;0;2;0;0;2;-7,983779;-38,320877;"SPRF-PE";"DEL04-PE";"UOP01-DEL04-PE"
154597;2018-08-14;"terça-feira";"17:10:00";"PB";0;0;"MAMANGUAPE";"Defeito na Via";"Danos eventuais";"Sem Vítimas";"Anoitecer";"Não Informado";"Céu Claro";"Simples";"Reta";"Não";3;0;0;0;2;1;0;2;-6,82092156;-35,13881028;"SPRF-PB";"DEL01-PB";"UOP04-DEL01-PB"
154599;2018-08-22;"quarta-feira";"07:15:00";"RO";319;57;"PORTO VELHO";"Desobediência às normas de trânsito pelo condutor";"Colisão transversal";"Com Vítimas Feridas";"Pleno dia";"Decrescente";"Céu Claro";"Simples";"Ponte;Reta;Interseção de Vias";"Sim";2;0;0;1;1;0;1;2;-8,73812316;-63,92537177;"SPRF-RO";"DEL01-RO";"UOP01-DEL01-RO"
154600;2018-07-10;"terça-feira";"12:00:00";"MG";381;907,5;"CAMBUI";"Velocidade Incompatível";"Capotamento";"Com Vítimas Feridas";"Pleno dia";"Crescente";"Chuva";"Múltipla";"Curva";"Não";4;0;2;0;2;0;2;1;-22,679;-46,0995;"SPRF-MG";"DEL16-MG";"UOP03-DEL16-MG"
154602;2018-05-18;"sexta-feira";"08:40:00";"RS";116;235,8;"NOVO HAMBURGO";"Velocidade Incompatível";"Tombamento";"Com Vítimas Feridas";"Pleno dia";"Decrescente";"Garoa/Chuvisco";"Dupla";"Reta";"Sim";1;0;1;0;0;0;1;1;-29,660376;-51,143867;"SPRF-RS";"DEL01-RS";"UOP02-DEL01-RS"
154603;2018-08-22;"quarta-feira";"10:00:00";"PI";343;554;"AMARANTE";"Condutor Dormindo";"Saída de leito carroçável";"Com Vítimas Feridas";"Pleno dia";"Crescente";"Céu Claro";"Simples";"Reta";"Não";2;0;2;0;0;0;2;1;-6,62845994;-42,84599304;"SPRF-PI";"DEL03-PI";"UOP01-DEL03-PI"
154605;2018-08-22;"quarta-feira";"10:20:00";"PR";369;161,2;"CAMBE";"Falta de Atenção à Condução";"Colisão traseira";"Sem Vítimas";"Pleno dia";"Crescente";"Céu Claro";"Dupla";"Reta;Aclive;Interseção de Vias";"Sim";4;0;0;0;4;0;0;4;-23,28827273;-51,26149801;"SPRF-PR";"DEL07-PR";"UOP01-DEL07-PR"
154607;2018-08-22;"quarta-feira";"10:00:00";"RS";158;326,5;"SANTA MARIA";"Desobediência às normas de trânsito pelo condutor";"Colisão lateral";"Com Vítimas Feridas";"Pleno dia";"Crescente";"Garoa/Chuvisco";"Simples";"Curva";"Sim";2;0;0;1;1;0;1;2;-29,709742;-53,80283;"SPRF-RS";"DEL09-RS";"UOP01-DEL09-RS"
154608;2018-08-22;"quarta-feira";"10:35:00";"GO";40;7,1;"VALPARAISO DE GOIAS";"Falta de Atenção à Condução";"Atropelamento de Pedestre";"Com Vítimas Feridas";"Pleno dia";"Crescente";"Céu Claro";"Dupla";"Reta";"Sim";2;0;1;0;0;1;1;2;-16,108482;-47,972524;"SPRF-DF";"DEL01-DF";"UOP01-DEL01-DF"
154609;2018-07-28;"sábado";"07:38:00";"SP";116;130,9;"CACAPAVA";"Falta de Atenção à Condução";"Colisão traseira";"Com Vítimas Feridas";"Pleno dia";"Decrescente";"Céu Claro";"Dupla";"Reta";"Sim";3;0;1;0;2;0;1;2;-23,123142;-45,727932;"SPRF-SP";"DEL06-SP";"UOP02-DEL02-SP"
154611;2018-08-22;"quarta-feira";"10:40:00";"PA";163;1003;"SANTAREM";"Falta de Atenção à Condução";"Colisão lateral";"Com Vítimas Feridas";"Pleno dia";"Decrescente";"Céu Claro";"Dupla";"Reta";"Sim";2;0;1;0;1;0;1;2;-2,43512005;-54,73343074;"SPRF-PA";"DEL05-PA";"UOP01-DEL05-PA"
154613;2018-08-22;"quarta-feira";"08:43:00";"PB";230;126;"RIACHAO DO BACAMARTE";"Falta de Atenção à Condução";"Saída de leito carroçável";"Com Vítimas Feridas";"Pleno dia";"Crescente";"Sol";"Dupla";"Aclive";"Não";1;0;1;0;0;0;1;1;-7,25763905;-35,69211366;"SPRF-PB";"DEL02-PB";"UOP01-DEL02-PB"
154615;2018-08-22;"quarta-feira";"09:45:00";"MT";158;779;"BARRA DO GARCAS";"Falta de Atenção do Pedestre";"Atropelamento de Pedestre";"Com Vítimas Feridas";"Pleno dia";"Crescente";"Céu Claro";"Simples";"Reta";"Não";4;0;0;1;1;2;1;2;-15,74060698;-52,26813197;"SPRF-MT";"DEL07-MT";"UOP01-DEL07-MT"
154616;2018-08-22;"quarta-feira";"10:45:00";"MG";365;612;"UBERLANDIA";"Falta de Atenção à Condução";"Colisão traseira";"Com Vítimas Feridas";"Pleno dia";"Decrescente";"Céu Claro";"Simples";"Reta";"Sim";2;0;1;0;1;0;1;2;-18,91353345;-48,21768522;"SPRF-MG";"DEL15-MG";"UOP01-DEL15-MG"
154618;2018-08-22;"quarta-feira";"10:50:00";"RS";158;204,4;"CRUZ ALTA";"Falta de Atenção à Condução";"Colisão traseira";"Com Vítimas Feridas";"Pleno dia";"Crescente";"Garoa/Chuvisco";"Simples";"Reta";"Não";2;0;1;0;1;0;1;2;-28,7113157;-53,60020101;"SPRF-RS";"DEL10-RS";"UOP02-DEL10-RS"
154620;2018-08-22;"quarta-feira";"08:00:00";"SC";470;57,5;"BLUMENAU";"Desobediência às normas de trânsito pelo condutor";"Atropelamento de Pedestre";"Com Vítimas Feridas";"Pleno dia";"Decrescente";"Garoa/Chuvisco";"Simples";"Interseção de Vias";"Não";3;0;1;0;1;1;1;2;-26,88286132;-49,14182425;"SPRF-SC";"DEL04-SC";"UOP01-DEL04-SC"
154622;2018-06-30;"sábado";"19:30:00";"MA";316;599;"TIMON";"Falta de Atenção à Condução";"Colisão transversal";"Com Vítimas Feridas";"Plena Noite";"Decrescente";"Céu Claro";"Simples";"Reta";"Não";5;0;2;0;2;1;2;3;-5,021561;-42,962944;"SPRF-MA";"DEL03-MA";"UOP02-DEL03-MA"
154623;2018-08-22;"quarta-feira";"08:10:00";"RJ";101;393;"RIO DE JANEIRO";"Falta de Atenção à Condução";"Colisão traseira";"Com Vítimas Feridas";"Pleno dia";"Crescente";"Céu Claro";"Dupla";"Reta";"Não";5;0;1;0;4;0;1;4;-22,889235;-43,703739;"SPRF-RJ";"DEL03-RJ";"UOP01-DEL03-RJ"
154626;2018-08-22;"quarta-feira";"12:35:00";"SC";470;90;"ASCURRA";"Falta de Atenção à Condução";"Colisão frontal";"Com Vítimas Feridas";"Pleno dia";"Crescente";"Nublado";"Simples";"Curva";"Sim";2;0;1;0;1;0;1;2;-26,95867814;-49,37551171;"SPRF-SC";"DEL04-SC";"UOP01-DEL04-SC"
154628;2018-08-22;"quarta-feira";"12:35:00";"GO";60;11,8;"SANTO ANTONIO DO DESCOBERTO";"Mal Súbito";"Saída de leito carroçável";"Com Vítimas Feridas";"Pleno dia";"Decrescente";"Céu Claro";"Dupla";"Reta";"Não";1;0;1;0;0;0;1;1;-16,1142245;-48,3384946;"SPRF-DF";"DEL01-DF";"UOP01-DEL03-DF"
154630;2018-08-22;"quarta-feira";"12:45:00";"PB";230;335,5;"PATOS";"Velocidade Incompatível";"Saída de leito carroçável";"Com Vítimas Feridas";"Pleno dia";"Crescente";"Céu Claro";"Simples";"Reta";"Não";2;0;2;0;0;0;2;1;-7,011396;-37,270037;"SPRF-PB";"DEL03-PB";"UOP01-DEL03-PB"
154631;2018-08-22;"quarta-feira";"11:05:00";"MT";174;99;"CACERES";"Falta de Atenção à Condução";"Colisão lateral";"Com Vítimas Feridas";"Pleno dia";"Decrescente";"Céu Claro";"Simples";"Reta";"Sim";2;0;1;0;1;0;1;2;-15,844366;-57,859524;"SPRF-MT";"DEL03-MT";"UOP01-DEL03-MT"
154632;2018-08-22;"quarta-feira";"11:00:00";"PR";116;39,1;"CAMPINA GRANDE DO SUL";"Falta de Atenção à Condução";"Capotamento";"Com Vítimas Feridas";"Pleno dia";"Crescente";"Nublado";"Dupla";"Curva";"Não";3;0;2;0;1;0;2;1;-25,15724933;-48,86183649;"SPRF-PR";"DEL01-PR";"UOP02-DEL01-PR"
154633;2018-08-22;"quarta-feira";"13:30:00";"GO";153;616;"MORRINHOS";"Falta de Atenção à Condução";"Saída de leito carroçável";"Com Vítimas Feridas";"Pleno dia";"Decrescente";"Céu Claro";"Dupla";"Reta";"Não";1;0;1;0;0;0;1;1;-17,5867578;-49,19471741;"SPRF-GO";"DEL03-GO";"UOP01-DEL03-GO"
154635;2018-08-22;"quarta-feira";"10:00:00";"MS";163;371,2;"NOVA ALVORADA DO SUL";"Pista Escorregadia";"Saída de leito carroçável";"Com Vítimas Feridas";"Pleno dia";"Decrescente";"Chuva";"Dupla";"Reta";"Não";1;0;1;0;0;0;1;1;-21,41599769;-54,39210892;"SPRF-MS";"DEL02-MS";"UOP01-DEL02-MS"
154636;2018-08-22;"quarta-feira";"13:45:00";"PB";101;82,9;"BAYEUX";"Não guardar distância de segurança";"Colisão com objeto estático";"Com Vítimas Feridas";"Pleno dia";"Crescente";"Sol";"Dupla";"Viaduto;Reta;Aclive";"Sim";2;0;1;0;1;0;1;2;-7,13302814;-34,93033826;"SPRF-PB";"DEL01-PB";"UOP01-DEL01-PB"
154637;2018-08-22;"quarta-feira";"14:10:00";"PB";230;33;"BAYEUX";"Não guardar distância de segurança";"Colisão traseira";"Com Vítimas Feridas";"Pleno dia";"Decrescente";"Céu Claro";"Dupla";"Reta";"Não";2;0;1;0;1;0;1;2;-7,1366;-34,9264;"SPRF-PB";"DEL01-PB";"UOP01-DEL01-PB"
154638;2018-08-22;"quarta-feira";"14:20:00";"GO";20;9,1;"FORMOSA";"Falta de Atenção à Condução";"Colisão lateral";"Sem Vítimas";"Pleno dia";"Decrescente";"Céu Claro";"Simples";"Reta";"Não";2;0;0;0;2;0;0;2;-15,55499669;-47,27415919;"SPRF-DF";"DEL02-DF";"UOP01-DEL02-DF"
154642;2018-03-26;"segunda-feira";"19:00:00";"ES";101;0,4;"SERRA";"Falta de Atenção à Condução";"Tombamento";"Com Vítimas Feridas";"Plena Noite";"Crescente";"Nublado";"Múltipla";"Reta";"Sim";1;0;0;1;0;0;1;1;-20,23731483;-40,27775539;"SPRF-ES";"DEL04-ES";"UOP02-DEL04-ES"
154645;2018-08-22;"quarta-feira";"13:50:00";"SC";470;117;"IBIRAMA";"Mal Súbito";"Colisão frontal";"Com Vítimas Feridas";"Pleno dia";"Decrescente";"Nublado";"Simples";"Reta";"Não";3;0;3;0;0;0;3;2;-27,07798656;-49,49135256;"SPRF-SC";"DEL04-SC";"UOP02-DEL04-SC"
154646;2018-08-22;"quarta-feira";"13:25:00";"MT";364;200;"RONDONOPOLIS";"Falta de Atenção à Condução";"Colisão transversal";"Com Vítimas Feridas";"Pleno dia";"Decrescente";"Céu Claro";"Dupla";"Reta";"Sim";2;0;1;0;1;0;1;2;-16,496088;-54,638554;"SPRF-MT";"DEL02-MT";"UOP01-DEL02-MT"
154647;2018-08-18;"sábado";"09:20:00";"RR";401;11;"CANTA";"Ingestão de Álcool";"Colisão traseira";"Com Vítimas Feridas";"Pleno dia";"Crescente";"Céu Claro";"Simples";"Reta";"Não";4;0;1;0;3;0;1;2;2,814184;-60,605979;"SPRF-RR";"DEL01-RR";"UOP01-DEL01-RR"
154648;2018-08-22;"quarta-feira";"12:50:00";"SC";101;20;"JOINVILLE";"Falta de Atenção à Condução";"Colisão com objeto estático";"Com Vítimas Feridas";"Pleno dia";"Decrescente";"Garoa/Chuvisco";"Dupla";"Curva";"Sim";2;0;1;0;1;0;1;1;-26,14796468;-48,90898705;"SPRF-SC";"DEL03-SC";"UOP01-DEL03-SC"
154650;2018-08-22;"quarta-feira";"14:50:00";"SP";381;22;"BRAGANCA PAULISTA";"Condutor Dormindo";"Saída de leito carroçável";"Com Vítimas Feridas";"Pleno dia";"Decrescente";"Céu Claro";"Dupla";"Reta";"Não";2;0;1;1;0;0;2;1;-22,9984409;-46,5178043;"SPRF-SP";"DEL03-SP";"UOP02-DEL03-SP"
154651;2018-08-22;"quarta-feira";"15:10:00";"SP";381;49,9;"ATIBAIA";"Defeito Mecânico no Veículo";"Colisão com objeto estático";"Com Vítimas Feridas";"Pleno dia";"Crescente";"Sol";"Dupla";"Declive;Reta";"Sim";1;0;1;0;0;0;1;1;-23,210459;-46,592588;"SPRF-SP";"DEL03-SP";"UOP01-DEL03-SP"
154655;2018-08-22;"quarta-feira";"14:35:00";"SP";116;82;"ROSEIRA";"Falta de Atenção à Condução";"Tombamento";"Com Vítimas Feridas";"Pleno dia";"Decrescente";"Céu Claro";"Dupla";"Reta";"Sim";1;0;1;0;0;0;1;1;-22,909193;-45,318848;"SPRF-SP";"DEL06-SP";"UOP01-DEL06-SP"
154659;2018-08-22;"quarta-feira";"15:17:00";"PR";376;310,8;"ORTIGUEIRA";"Velocidade Incompatível";"Saída de leito carroçável";"Com Vítimas Feridas";"Pleno dia";"Decrescente";"Chuva";"Simples";"Curva;Declive";"Não";2;0;2;0;0;0;2;1;-23,97832718;-51,09548;"SPRF-PR";"DEL07-PR";"UOP02-DEL07-PR"
154662;2018-08-22;"quarta-feira";"15:50:00";"PR";158;527,8;"PATO BRANCO";"Velocidade Incompatível";"Saída de leito carroçável";"Com Vítimas Feridas";"Pleno dia";"Decrescente";"Nublado";"Simples";"Curva";"Não";1;0;1;0;0;0;1;1;-26,26463198;-52,70733833;"SPRF-PR";"DEL02-PR";"UOP01-DEL02-PR"
154663;2018-08-22;"quarta-feira";"14:20:00";"RO";364;713;"PORTO VELHO";"Falta de Atenção à Condução";"Colisão lateral";"Sem Vítimas";"Pleno dia";"Crescente";"Céu Claro";"Dupla";"Interseção de Vias";"Sim";2;0;0;0;2;0;0;2;-8,7712316;-63,88209906;"SPRF-RO";"DEL01-RO";"UOP01-DEL01-RO"
154666;2018-08-22;"quarta-feira";"16:20:00";"RJ";393;142;"SAPUCAIA";"Falta de Atenção do Pedestre";"Atropelamento de Pedestre";"Com Vítimas Feridas";"Pleno dia";"Crescente";"Céu Claro";"Simples";"Reta";"Não";5;0;1;1;2;1;2;2;-21,994415;-42,913506;"SPRF-RJ";"DEL06-RJ";"UOP01-DEL05-RJ"
154668;2018-08-22;"quarta-feira";"17:00:00";"RJ";40;88,2;"PETROPOLIS";"Pista Escorregadia";"Queda de ocupante de veículo";"Com Vítimas Feridas";"Anoitecer";"Decrescente";"Céu Claro";"Simples";"Curva";"Não";2;0;2;0;0;0;2;1;-22,55379152;-43,22854578;"SPRF-RJ";"DEL06-RJ";"UOP01-DEL06-RJ"
154670;2018-08-22;"quarta-feira";"16:10:00";"MA";222;674,2;"ACAILANDIA";"Desobediência às normas de trânsito pelo condutor";"Colisão lateral";"Com Vítimas Feridas";"Pleno dia";"Crescente";"Céu Claro";"Simples";"Reta";"Sim";4;0;0;2;1;1;2;3;-4,955;-47,49;"SPRF-MA";"DEL04-MA";"UOP03-DEL04-MA"
154671;2018-08-22;"quarta-feira";"16:40:00";"PR";476;118;"COLOMBO";"Desobediência às normas de trânsito pelo condutor";"Colisão transversal";"Sem Vítimas";"Pleno dia";"Decrescente";"Nublado";"Dupla";"Interseção de Vias";"Sim";2;0;0;0;1;1;0;2;-25,35674681;-49,18132782;"SPRF-PR";"DEL01-PR";"UOP01-DEL01-PR"
154672;2018-06-23;"sábado";"06:15:00";"RJ";101;321;"NITEROI";"Objeto estático sobre o leito carroçável";"Colisão com objeto estático";"Com Vítimas Feridas";"Amanhecer";"Decrescente";"Céu Claro";"Simples";"Reta";"Não";1;0;1;0;0;0;1;1;-22,88218513;-43,11378479;"SPRF-RJ";"DEL02-RJ";"UOP02-DEL02-RJ"
154674;2018-08-22;"quarta-feira";"17:20:00";"SC";101;213,5;"PALHOCA";"Não guardar distância de segurança";"Colisão lateral";"Com Vítimas Feridas";"Anoitecer";"Decrescente";"Nublado";"Simples";"Reta";"Sim";4;0;2;0;2;0;2;2;-27,6446;-48,6705;"SPRF-SC";"DEL01-SC";"UOP02-DEL01-SC"
154676;2018-08-22;"quarta-feira";"04:50:00";"AL";316;103,8;"DOIS RIACHOS";"Objeto estático sobre o leito carroçável";"Colisão transversal";"Sem Vítimas";"Amanhecer";"Decrescente";"Nublado";"Simples";"Reta";"Não";2;0;0;0;2;0;0;2;-9,39012917;-37,0905304;"SPRF-AL";"DEL03-AL";"UOP01-DEL03-AL"
154677;2018-08-22;"quarta-feira";"18:10:00";"PR";153;332,4;"IRATI";"Desobediência às normas de trânsito pelo condutor";"Colisão lateral";"Com Vítimas Feridas";"Anoitecer";"Crescente";"Nublado";"Simples";"Reta";"Sim";2;0;1;0;1;0;1;2;-25,47141571;-50,63571543;"SPRF-PR";"DEL03-PR";"UOP02-DEL08-PR"
154678;2018-08-22;"quarta-feira";"17:30:00";"GO";153;499;"GOIANIA";"Não guardar distância de segurança";"Colisão traseira";"Sem Vítimas";"Pleno dia";"Crescente";"Céu Claro";"Dupla";"Reta";"Sim";3;0;0;0;3;0;0;3;-16,7033;-49,2311;"SPRF-GO";"DEL01-GO";"UOP01-DEL01-GO"
154679;2018-08-22;"quarta-feira";"12:00:00";"MG";116;416,5;"GOVERNADOR VALADARES";"Falta de Atenção à Condução";"Colisão transversal";"Com Vítimas Feridas";"Pleno dia";"Decrescente";"Céu Claro";"Simples";"Reta";"Sim";2;0;1;0;1;0;1;2;-18,910999;-42,007622;"SPRF-MG";"DEL06-MG";"UOP01-DEL06-MG"
154680;2018-08-22;"quarta-feira";"18:20:00";"SE";101;128,6;"ESTANCIA";"Mal Súbito";"Saída de leito carroçável";"Com Vítimas Feridas";"Plena Noite";"Crescente";"Céu Claro";"Dupla";"Retorno Regulamentado;Aclive";"Não";2;0;1;0;0;1;1;2;-11,0918;-37,371;"SPRF-SE";"DEL02-SE";"UOP01-DEL02-SE"
154682;2018-08-22;"quarta-feira";"14:50:00";"MA";10;339;"ACAILANDIA";"Defeito Mecânico no Veículo";"Incêndio";"Sem Vítimas";"Pleno dia";"Crescente";"Céu Claro";"Simples";"Reta";"Não";1;0;0;0;1;0;0;1;-4,785646;-47,499203;"SPRF-MA";"DEL04-MA";"UOP03-DEL04-MA"
154683;2018-08-22;"quarta-feira";"18:00:00";"MG";116;704,4;"MURIAE";"Falta de Atenção à Condução";"Colisão transversal";"Com Vítimas Feridas";"Anoitecer";"Crescente";"Nublado";"Simples";"Reta;Interseção de Vias";"Sim";2;0;2;0;0;0;2;2;-21,12458693;-42,38141298;"SPRF-MG";"DEL07-MG";"UOP02-DEL07-MG"
154685;2018-08-22;"quarta-feira";"18:15:00";"ES";101;65,7;"SAO MATEUS";"Ingestão de Álcool";"Colisão transversal";"Sem Vítimas";"Anoitecer";"Crescente";"Nublado";"Múltipla";"Aclive";"Sim";3;0;0;0;3;0;0;2;-18,70936;-39,877621;"SPRF-ES";"DEL04-ES";"UOP02-DEL04-ES"
154686;2018-08-22;"quarta-feira";"18:50:00";"SC";470;50,5;"BLUMENAU";"Falta de Atenção à Condução";"Colisão transversal";"Com Vítimas Feridas";"Plena Noite";"Decrescente";"Nublado";"Simples";"Reta";"Sim";3;0;1;1;1;0;2;2;-26,859567;-49,06196147;"SPRF-SC";"DEL04-SC";"UOP01-DEL04-SC"
154687;2018-08-22;"quarta-feira";"19:00:00";"MT";70;2;"BARRA DO GARCAS";"Falta de Atenção à Condução";"Colisão traseira";"Com Vítimas Feridas";"Plena Noite";"Crescente";"Céu Claro";"Simples";"Reta";"Sim";3;0;2;0;1;0;2;2;-15,887496;-52,268105;"SPRF-MT";"DEL07-MT";"UOP01-DEL07-MT"
154688;2018-08-22;"quarta-feira";"18:42:00";"AP";210;3;"MACAPA";"Falta de Atenção do Pedestre";"Atropelamento de Pedestre";"Com Vítimas Feridas";"Anoitecer";"Decrescente";"Céu Claro";"Simples";"Aclive";"Sim";2;0;1;0;1;0;1;2;0,084722;-51,081357;"SPRF-AP";"DEL01-AP";"UOP01-DEL01-AP"
154689;2018-08-22;"quarta-feira";"18:50:00";"CE";222;3;"CAUCAIA";"Falta de Atenção à Condução";"Colisão lateral";"Com Vítimas Feridas";"Plena Noite";"Crescente";"Céu Claro";"Múltipla";"Reta";"Sim";3;0;1;1;1;0;2;2;-3,74024537;-38,5949707;"SPRF-CE";"DEL01-CE";"UOP01-DEL01-CE"
154690;2018-08-22;"quarta-feira";"18:15:00";"RJ";101;319;"SAO GONCALO";"Falta de Atenção à Condução";"Colisão lateral";"Com Vítimas Feridas";"Plena Noite";"Decrescente";"Céu Claro";"Dupla";"Reta";"Sim";3;0;1;0;2;0;1;3;-22,854151;-43,101822;"SPRF-RJ";"DEL02-RJ";"DEL5/2-UOP04/RJ"
154691;2018-08-22;"quarta-feira";"18:20:00";"MA";222;156;"VARGEM GRANDE";"Falta de Atenção do Pedestre";"Atropelamento de Pedestre";"Com Vítimas Feridas";"Plena Noite";"Decrescente";"Céu Claro";"Simples";"Reta";"Não";2;0;1;1;0;0;2;2;-3,53706549;-43,9377594;"SPRF-MA";"DEL01-MA";"DEL18/1-UOP03/MA"
154692;2018-08-22;"quarta-feira";"18:50:00";"GO";60;92,9;"ANAPOLIS";"Falta de Atenção à Condução";"Colisão traseira";"Com Vítimas Feridas";"Plena Noite";"Crescente";"Céu Claro";"Dupla";"Reta";"Sim";2;0;1;0;1;0;1;2;-16,352451;-48,917403;"SPRF-GO";"DEL02-GO";"UOP01-DEL02-GO"
154693;2018-08-22;"quarta-feira";"18:50:00";"PI";316;6;"TERESINA";"Falta de Atenção do Pedestre";"Atropelamento de Pedestre";"Com Vítimas Feridas";"Plena Noite";"Crescente";"Céu Claro";"Múltipla";"Reta";"Sim";2;0;2;0;0;0;2;2;-5,1475321;-42,77449071;"SPRF-PI";"DEL01-PI";"UOP02-DEL01-PI"
154695;2018-08-22;"quarta-feira";"18:30:00";"SP";116;111,1;"TAUBATE";"Falta de Atenção à Condução";"Colisão traseira";"Com Vítimas Feridas";"Plena Noite";"Decrescente";"Céu Claro";"Múltipla";"Reta";"Sim";4;0;2;0;2;0;2;2;-23,038872;-45,560974;"SPRF-SP";"DEL06-SP";"UOP02-DEL02-SP"
154697;2018-08-22;"quarta-feira";"18:30:00";"ES";101;2,7;"VITORIA";"Não guardar distância de segurança";"Colisão traseira";"Com Vítimas Feridas";"Plena Noite";"Decrescente";"Céu Claro";"Dupla";"Reta";"Sim";3;0;0;2;1;0;2;2;-20,253172;-40,28808;"SPRF-ES";"DEL02-ES";"UOP01-DEL02-ES"
154698;2018-08-22;"quarta-feira";"19:20:00";"PR";376;176;"MARINGA";"Deficiência ou não Acionamento do Sistema de Iluminação/Sinalização do Veículo";"Colisão lateral";"Com Vítimas Feridas";"Plena Noite";"Crescente";"Chuva";"Dupla";"Reta";"Sim";2;0;1;0;1;0;1;2;-23,41170006;-51,94109559;"SPRF-PR";"DEL07-PR";"UOP01-DEL09-PR"
154699;2018-08-22;"quarta-feira";"19:00:00";"RS";386;243,4;"SOLEDADE";"Falta de Atenção à Condução";"Colisão transversal";"Com Vítimas Feridas";"Plena Noite";"Crescente";"Garoa/Chuvisco";"Simples";"Reta";"Sim";2;0;1;0;0;1;1;2;-28,789598;-52,523708;"SPRF-RS";"DEL04-RS";"NPF/DEL04-RS"
154700;2018-08-22;"quarta-feira";"19:00:00";"TO";153;127,2;"WANDERLANDIA";"Falta de Atenção à Condução";"Colisão lateral";"Com Vítimas Feridas";"Plena Noite";"Decrescente";"Céu Claro";"Simples";"Reta";"Não";6;0;3;0;3;0;3;2;-7,081519;-48,146473;"SPRF-TO";"DEL02-TO";"UOP01-DEL02-TO"
154701;2018-08-22;"quarta-feira";"18:20:00";"RO";174;13,5;"VILHENA";"Falta de Atenção à Condução";"Colisão traseira";"Com Vítimas Feridas";"Plena Noite";"Crescente";"Céu Claro";"Dupla";"Reta";"Sim";2;0;1;0;1;0;1;2;-12,73889347;-60,13136566;"SPRF-RO";"DEL04-RO";"UOP01-DEL04-RO"
154707;2018-08-22;"quarta-feira";"21:00:00";"SP";116;270;"TABOAO DA SERRA";"Falta de Atenção à Condução";"Colisão traseira";"Com Vítimas Feridas";"Plena Noite";"Decrescente";"Garoa/Chuvisco";"Múltipla";"Reta";"Não";2;0;1;0;1;0;1;2;-23,60717185;-46,76258683;"SPRF-SP";"DEL04-SP";"UOP01-DEL04-SP"