"id";"data_inversa";"dia_semana";"horario";"uf";"br";"km";"municipio";"causa_acidente";"tipo_acidente";"classificacao_acidente";"fase_dia";"sentido_via";"condicao_metereologica";"tipo_pista";"tracado_via";"uso_solo";"pessoas";"mortos";"feridos_leves";"feridos_graves";"ilesos";"ignorados";"feridos";"veiculos";"latitude";"longitude";"regional";"delegacia";"uop"
154830;2018-08-23;"quinta-feira";"15:00:00";"GO";60;95;"ANAPOLIS";"Objeto estático sobre o leito carroçável";"Saída de leito carroçável";"Com Vítimas Feridas";"Pleno dia";"Decrescente";"Nublado";"Múltipla";"Declive;Reta";"Sim";2;0;2;0;0;0;2;1;-16,3679;-48,939;"SPRF-GO";"DEL02-GO";"UOP01-DEL02-GO"
154832;2018-08-23;"quinta-feira";"15:00:00";"BA";101;91;"ALAGOINHAS";"Não guardar distância de segurança";"Capotamento";"Com Vítimas Feridas";"Pleno dia";"Crescente";"Céu Claro";"Simples";"Reta";"Não";2;0;2;0;0;0;2;1;-12,0434;-38,3039;"SPRF-BA";"DEL01-BA";"UOP04-DEL01-BA"
154835;2018-08-23;"quinta-feira";"15:05:00";"RJ";40;125;"DUQUE DE CAXIAS";"Falta de Atenção à Condução";"Colisão lateral";"Com Vítimas Feridas";"Pleno dia";"Decrescente";"Céu Claro";"Múltipla";"Curva";"Sim";4;0;2;0;2;0;2;2;-22,8147;-43,2881;"SPRF-RJ";"DEL01-RJ";"UOP01-DEL01-RJ"
154839;2018-08-23;"quinta-feira";"15:15:00";"DF";70;14,9;"BRASILIA";"Ingestão de Álcool";"Saída de leito carroçável";"Com Vítimas Feridas";"Pleno dia";"Decrescente";"Nublado";"Dupla";"Curva";"Não";1;0;1;0;0;0;1;1;-15,79918247;-48,18289727;"SPRF-DF";"DEL01-DF";"UOP02-DEL03-DF"
154840;2018-08-23;"quinta-feira";"16:50:00";"RJ";493;17;"MAGE";"Falta de Atenção à Condução";"Colisão com objeto em movimento";"Com Vítimas Feridas";"Pleno dia";"Crescente";"Céu Claro";"Simples";"Reta";"Não";2;0;1;0;1;0;1;2;-22,667933;-43,00909;"SPRF-RJ";"DEL04-RJ";"UOP02-DEL04-RJ"
154842;2018-08-23;"quinta-feira";"16:25:00";"PA";163;1000;"SANTAREM";"Falta de Atenção à Condução";"Colisão transversal";"Com Vítimas Feridas";"Pleno dia";"Decrescente";"Céu Claro";"Simples";"Reta";"Sim";3;0;2;0;1;0;2;2;-2,46781305;-54,72830772;"SPRF-PA";"DEL05-PA";"UOP01-DEL05-PA"
154843;2018-08-23;"quinta-feira";"17:00:00";"BA";367;84;"EUNAPOLIS";"Desobediência às normas de trânsito pelo condutor";"Colisão transversal";"Com Vítimas Feridas";"Pleno dia";"Crescente";"Sol";"Múltipla";"Interseção de Vias;Reta";"Sim";2;0;2;0;0;0;2;2;-16,374649;-39,579426;"SPRF-BA";"DEL09-BA";"UOP01-DEL09-BA"
154845;2018-08-23;"quinta-feira";"14:50:00";"SC";101;120,8;"ITAJAI";"Falta de Atenção à Condução";"Queda de ocupante de veículo";"Com Vítimas Feridas";"Pleno dia";"Decrescente";"Sol";"Dupla";"Reta";"Não";1;0;1;0;0;0;1;1;-26,9211;-48,7084;"SPRF-SC";"DEL04-SC";"UOP04-DEL04-SC"
154846;2018-08-23;"quinta-feira";"17:15:00";"MG";381;487,8;"BETIM";"Falta de Atenção à Condução";"Colisão traseira";"Com Vítimas Feridas";"Anoitecer";"Decrescente";"Céu Claro";"Dupla";"Reta;Declive";"Sim";4;0;1;0;3;0;1;4;-19,95710341;-44,12454844;"SPRF-MG";"DEL01-MG";"UOP03-DEL01-MG"
154848;2018-08-23;"quinta-feira";"17:19:00";"MG";381;451;"SANTA LUZIA";"Falta de Atenção à Condução";"Colisão frontal";"Com Vítimas Feridas";"Anoitecer";"Crescente";"Céu Claro";"Simples";"Curva";"Sim";2;0;1;0;1;0;1;2;-19,82450657;-43,81918062;"SPRF-MG";"DEL01-MG";"UOP01-DEL01-MG"
154849;2018-08-23;"quinta-feira";"17:50:00";"SC";101;201,3;"SAO JOSE";"Não guardar distância de segurança";"Colisão lateral";"Com Vítimas Feridas";"Anoitecer";"Decrescente";"Nublado";"Dupla";"Declive";"Sim";2;0;1;0;1;0;1;2;-27,5572;-48,6188;"SPRF-SC";"DEL01-SC";"UOP01-DEL01-SC"
154850;2018-08-23;"quinta-feira";"17:00:00";"ES";101;292,2;"CARIACICA";"Não guardar distância de segurança";"Colisão traseira";"Com Vítimas Feridas";"Anoitecer";"Crescente";"Céu Claro";"Dupla";"Reta";"Sim";3;0;1;0;2;0;1;2;-20,31112273;-40,39517071;"SPRF-ES";"DEL01-ES";"UOP01-DEL01-ES"
154851;2018-08-23;"quinta-feira";"17:30:00";"BA";367;83,5;"EUNAPOLIS";"Desobediência às normas de trânsito pelo condutor";"Colisão transversal";"Com Vítimas Feridas";"Pleno dia";"Decrescente";"Sol";"Simples";"Interseção de Vias";"Sim";2;0;2;0;0;0;2;2;-16,37322118;-39,57487822;"SPRF-BA";"DEL09-BA";"UOP01-DEL09-BA"
154854;2018-08-23;"quinta-feira";"18:10:00";"RN";101;79,7;"SAO GONCALO DO AMARANTE";"Falta de Atenção à Condução";"Colisão transversal";"Com Vítimas Feridas";"Pleno dia";"Crescente";"Céu Claro";"Dupla";"Reta";"Sim";3;0;0;1;1;1;1;3;-5,753669;-35,288885;"SPRF-RN";"DEL02-RN";"UOP01-DEL02-RN"
154855;2018-08-23;"quinta-feira";"18:00:00";"SC";470;52;"BLUMENAU";"Falta de Atenção à Condução";"Colisão frontal";"Com Vítimas Feridas";"Plena Noite";"Crescente";"Céu Claro";"Simples";"Rotatória";"Não";2;0;0;1;1;0;1;2;-26,862286;-49,093903;"SPRF-SC";"DEL04-SC";"UOP01-DEL04-SC"
154861;2018-08-23;"quinta-feira";"17:40:00";"SC";101;336;"TUBARAO";"Falta de Atenção à Condução";"Colisão transversal";"Sem Vítimas";"Plena Noite";"Decrescente";"Céu Claro";"Simples";"Rotatória";"Não";2;0;0;0;2;0;0;2;-28,4791;-49,0338;"SPRF-SC";"DEL02-SC";"UOP01-DEL02-SC"
154862;2018-08-23;"quinta-feira";"18:45:00";"PR";376;175,3;"MARINGA";"Falta de Atenção à Condução";"Colisão lateral";"Com Vítimas Feridas";"Pleno dia";"Decrescente";"Céu Claro";"Dupla";"Reta";"Sim";2;0;1;0;1;0;1;2;-23,41313751;-51,9460094;"SPRF-PR";"DEL07-PR";"UOP01-DEL09-PR"
154863;2018-08-23;"quinta-feira";"19:15:00";"PR";116;138,1;"MANDIRITUBA";"Falta de Atenção do Pedestre";"Atropelamento de Pedestre";"Com Vítimas Fatais";"Plena Noite";"Crescente";"Nublado";"Dupla";"Reta";"Não";2;1;0;0;1;0;0;2;-25,772902;-49,323254;"SPRF-PR";"DEL01-PR";"UOP03-DEL01-PR"
154864;2018-08-23;"quinta-feira";"18:55:00";"TO";153;488,5;"PARAISO DO TOCANTINS";"Defeito Mecânico no Veículo";"Queda de ocupante de veículo";"Com Vítimas Feridas";"Plena Noite";"Crescente";"Nublado";"Simples";"Reta";"Não";1;0;1;0;0;0;1;1;-10,10963;-48,874447;"SPRF-TO";"DEL02-TO";"UOP01-DEL01-TO"
154867;2018-05-19;"sábado";"08:35:00";"MG";50;28;"ARAGUARI";"Não guardar distância de segurança";"Colisão traseira";"Sem Vítimas";"Pleno dia";"Crescente";"Chuva";"Dupla";"Aclive";"Não";3;0;0;0;3;0;0;2;-18,619402;-48,108183;"SPRF-MG";"DEL15-MG";"UOP02-DEL15-MG"
154869;2018-08-23;"quinta-feira";"19:00:00";"GO";158;95;"PIRANHAS";"Ingestão de Álcool";"Saída de leito carroçável";"Com Vítimas Fatais";"Plena Noite";"Crescente";"Céu Claro";"Simples";"Reta";"Não";1;1;0;0;0;0;0;1;-16,47743;-51,788;"SPRF-GO";"DEL04-GO";"UOP01-DEL04-GO"
154870;2018-08-23;"quinta-feira";"19:35:00";"PB";230;18;"JOAO PESSOA";"Falta de Atenção à Condução";"Colisão traseira";"Com Vítimas Feridas";"Plena Noite";"Decrescente";"Céu Claro";"Dupla";"Curva";"Sim";3;0;1;1;0;1;2;2;-7,12857285;-34,8471415;"SPRF-PB";"DEL01-PB";"UOP01-DEL01-PB"
154871;2018-08-23;"quinta-feira";"17:52:00";"RJ";101;221;"SILVA JARDIM";"Falta de Atenção à Condução";"Capotamento";"Com Vítimas Feridas";"Pleno dia";"Decrescente";"Céu Claro";"Dupla";"Reta";"Não";1;0;1;0;0;0;1;1;-22,517069;-42,327232;"SPRF-RJ";"DEL02-RJ";"UOP03-DEL02-RJ"
154872;2018-08-23;"quinta-feira";"17:45:00";"RJ";101;321;"NITEROI";"Defeito Mecânico no Veículo";"Incêndio";"Sem Vítimas";"Plena Noite";"Crescente";"Céu Claro";"Dupla";"Reta";"Sim";1;0;0;0;1;0;0;1;-22,87009415;-43,1106037;"SPRF-RJ";"DEL02-RJ";"UOP02-DEL02-RJ"
154876;2018-08-23;"quinta-feira";"19:30:00";"RJ";393;175;"TRES RIOS";"Falta de Atenção à Condução";"Queda de ocupante de veículo";"Com Vítimas Feridas";"Plena Noite";"Crescente";"Céu Claro";"Dupla";"Rotatória";"Sim";2;0;1;0;1;0;1;2;-22,12366946;-43,23094904;"SPRF-RJ";"DEL06-RJ";"UOP01-DEL05-RJ"
154878;2018-08-23;"quinta-feira";"20:29:00";"SC";101;59;"ARAQUARI";"Ingestão de Álcool";"Colisão com objeto estático";"Com Vítimas Feridas";"Plena Noite";"Crescente";"Nublado";"Dupla";"Curva";"Não";1;0;1;0;0;0;1;1;-26,451;-48,7852;"SPRF-SC";"DEL03-SC";"UOP02-DEL03-SC"
154879;2018-08-23;"quinta-feira";"20:00:00";"CE";116;46;"PACAJUS";"Falta de Atenção à Condução";"Colisão com objeto estático";"Com Vítimas Feridas";"Plena Noite";"Decrescente";"Céu Claro";"Dupla";"Reta";"Não";5;0;2;0;3;0;2;1;-4,1449525;-38,47756505;"SPRF-CE";"DEL01-CE";"UOP02-DEL01-CE"
154880;2018-08-23;"quinta-feira";"18:30:00";"SE";101;90,4;"NOSSA SENHORA DO SOCORRO";"Animais na Pista";"Atropelamento de Animal";"Sem Vítimas";"Plena Noite";"Crescente";"Nublado";"Múltipla";"Declive";"Sim";1;0;0;0;1;0;0;1;-10,89558741;-37,13221192;"SPRF-SE";"DEL01-SE";"UOP01-DEL01-SE"
154881;2018-08-23;"quinta-feira";"19:30:00";"SC";282;387,5;"JOACABA";"Falta de Atenção à Condução";"Colisão lateral";"Com Vítimas Feridas";"Plena Noite";"Crescente";"Céu Claro";"Simples";"Rotatória";"Sim";2;0;1;0;1;0;1;2;-27,185896;-51,518845;"SPRF-SC";"DEL07-SC";"UOP05-DEL07-SC"
154882;2018-08-23;"quinta-feira";"20:00:00";"ES";101;262;"SERRA";"Desobediência às normas de trânsito pelo condutor";"Colisão transversal";"Com Vítimas Feridas";"Plena Noite";"Crescente";"Céu Claro";"Dupla";"Reta";"Sim";3;0;0;1;1;1;1;2;-20,15849213;-40,27646363;"SPRF-ES";"DEL02-ES";"UOP01-DEL02-ES"
154884;2018-08-23;"quinta-feira";"21:40:00";"BA";101;715,6;"EUNAPOLIS";"Desobediência às normas de trânsito pelo condutor";"Colisão transversal";"Com Vítimas Feridas";"Plena Noite";"Crescente";"Céu Claro";"Simples";"Reta;Interseção de Vias";"Sim";2;0;1;0;1;0;1;2;-16,3467;-39,5804;"SPRF-BA";"DEL09-BA";"UOP01-DEL09-BA"
154886;2018-08-23;"quinta-feira";"19:20:00";"PI";316;85,9;"OLHO DAGUA DO PIAUI";"Falta de Atenção à Condução";"Colisão transversal";"Com Vítimas Feridas";"Plena Noite";"Crescente";"Céu Claro";"Simples";"Reta";"Não";2;0;0;1;1;0;1;2;-5,78191;-42,57976;"SPRF-PI";"DEL04-PI";"UOP02-DEL04-PI"
154888;2018-08-23;"quinta-feira";"21:10:00";"MA";10;249;"IMPERATRIZ";"Desobediência às normas de trânsito pelo condutor";"Colisão frontal";"Com Vítimas Feridas";"Plena Noite";"Crescente";"Céu Claro";"Simples";"Reta";"Sim";2;0;0;1;1;0;1;2;-5,558508;-47,45417;"SPRF-MA";"DEL04-MA";"UOP01-DEL04-MA"
154889;2018-08-23;"quinta-feira";"21:45:00";"ES";101;208;"IBIRACU";"Defeito Mecânico no Veículo";"Tombamento";"Com Vítimas Feridas";"Plena Noite";"Decrescente";"Nublado";"Dupla";"Reta";"Não";2;0;0;2;0;0;2;1;-19,77994983;-40,37178397;"SPRF-ES";"DEL02-ES";"UOP01-DEL02-ES"
154890;2018-08-23;"quinta-feira";"22:25:00";"GO";40;2;"VALPARAISO DE GOIAS";"Ingestão de Álcool";"Atropelamento de Pedestre";"Com Vítimas Feridas";"Plena Noite";"Decrescente";"Céu Claro";"Dupla";"Reta";"Sim";2;0;1;1;0;0;2;2;-16,070988;-47,984461;"SPRF-DF";"DEL01-DF";"UOP01-DEL01-DF"
154891;2018-08-23;"quinta-feira";"22:45:00";"SC";101;215;"PALHOCA";"Ingestão de Álcool";"Queda de ocupante de veículo";"Com Vítimas Feridas";"Plena Noite";"Crescente";"Céu Claro";"Múltipla";"Reta";"Não";2;0;1;0;1;0;1;2;-27,6601;-48,6774;"SPRF-SC";"DEL01-SC";"UOP02-DEL01-SC"
154893;2018-08-23;"quinta-feira";"21:05:00";"RS";116;191,4;"PICADA CAFE";"Falta de Atenção à Condução";"Saída de leito carroçável";"Com Vítimas Feridas";"Plena Noite";"Decrescente";"Céu Claro";"Simples";"Reta";"Não";1;0;0;1;0;0;1;1;-29,430054;-51,134129;"SPRF-RS";"DEL05-RS";"UOP02-DEL05-RS"
154894;2018-08-23;"quinta-feira";"18:30:00";"MG";262;624;"IBIA";"Defeito Mecânico no Veículo";"Incêndio";"Sem Vítimas";"Anoitecer";"Decrescente";"Céu Claro";"Simples";"Reta";"Não";1;0;0;0;1;0;0;1;-19,591888;-46,48101;"SPRF-MG";"DEL08-MG";"UOP01-DEL08-MG"
154895;2018-08-23;"quinta-feira";"23:30:00";"PE";104;85,2;"AGRESTINA";"Animais na Pista";"Atropelamento de Animal";"Com Vítimas Feridas";"Plena Noite";"Crescente";"Céu Claro";"Simples";"Reta";"Não";1;0;1;0;0;0;1;1;-8,438719;-35,955177;"SPRF-PE";"DEL02-PE";"UOP01-DEL02-PE"
154898;2018-07-15;"domingo";"03:05:00";"RN";101;159,4;"CANGUARETAMA";"Animais na Pista";"Atropelamento de Animal";"Com Vítimas Feridas";"Plena Noite";"Decrescente";"Nublado";"Dupla";"Reta";"Sim";3;0;2;0;1;0;2;1;-6,366266;-35,155382;"SPRF-RN";"DEL01-RN";"UOP01-DEL01-RN"
154900;2018-08-24;"sexta-feira";"01:20:00";"MG";365;623;"UBERLANDIA";"Velocidade Incompatível";"Saída de leito carroçável";"Sem Vítimas";"Plena Noite";"Crescente";"Céu Claro";"Dupla";"Reta";"Sim";1;0;0;0;1;0;0;1;-18,904887;-48,288765;"SPRF-MG";"DEL15-MG";"UOP01-DEL15-MG"
154902;2018-08-23;"quinta-feira";"22:50:00";"SC";282;382,2;"JOACABA";"Ingestão de Álcool";"Colisão lateral";"Com Vítimas Feridas";"Plena Noite";"Crescente";"Céu Claro";"Simples";"Reta";"Não";3;0;1;0;2;0;1;3;-27,2026;-51,50155;"SPRF-SC";"DEL07-SC";"UOP05-DEL07-SC"
154904;2018-08-24;"sexta-feira";"03:15:00";"RS";386;173,9;"CARAZINHO";"Velocidade Incompatível";"Saída de leito carroçável";"Com Vítimas Fatais";"Plena Noite";"Decrescente";"Chuva";"Simples";"Curva";"Sim";4;1;0;0;3;0;0;1;-28,258726;-52,794571;"SPRF-RS";"DEL08-RS";"UOP01-DEL08-RS"
154905;2018-08-24;"sexta-feira";"03:40:00";"SP";381;81;"SAO PAULO";"Velocidade Incompatível";"Colisão com objeto estático";"Sem Vítimas";"Plena Noite";"Crescente";"Céu Claro";"Dupla";"Reta";"Não";1;0;0;0;0;1;0;1;-23,40236859;-46,57386661;"SPRF-SP";"DEL03-SP";"DEL6/3-UOP03/SP"
154907;2018-08-23;"quinta-feira";"18:50:00";"BA";101;170;"FEIRA DE SANTANA";"Falta de Atenção à Condução";"Colisão frontal";"Com Vítimas Feridas";"Plena Noite";"Decrescente";"Céu Claro";"Simples";"Reta";"Não";2;0;0;1;0;1;1;2;-12,3543;-38,8583;"SPRF-BA";"DEL01-BA";"UOP03-DEL01-BA"
154908;2018-08-24;"sexta-feira";"04:50:00";"MS";163;265,2;"DOURADOS";"Desobediência às normas de trânsito pelo condutor";"Colisão frontal";"Com Vítimas Feridas";"Plena Noite";"Crescente";"Nublado";"Dupla";"Reta";"Não";2;0;2;0;0;0;2;2;-22,21903257;-54,72376943;"SPRF-MS";"DEL04-MS";"UOP01-DEL04-MS"
154910;2018-08-24;"sexta-feira";"05:40:00";"SP";116;282,4;"EMBU DAS ARTES";"Falta de Atenção à Condução";"Colisão lateral";"Com Vítimas Feridas";"Amanhecer";"Decrescente";"Nublado";"Dupla";"Reta";"Sim";5;0;2;0;2;1;2;4;-23,66345187;-46,8534869;"SPRF-SP";"DEL04-SP";"UOP01-DEL04-SP"
154911;2018-08-24;"sexta-feira";"06:00:00";"RS";392;54;"RIO GRANDE";"Objeto estático sobre o leito carroçável";"Colisão com objeto estático";"Com Vítimas Feridas";"Amanhecer";"Decrescente";"Nublado";"Dupla";"Reta";"Não";1;0;1;0;0;0;1;1;-31,839748;-52,328182;"SPRF-RS";"DEL07-RS";"UOP02-DEL07-RS"
154915;2018-08-24;"sexta-feira";"06:50:00";"PA";316;55,7;"CASTANHAL";"Objeto estático sobre o leito carroçável";"Tombamento";"Com Vítimas Feridas";"Pleno dia";"Crescente";"Céu Claro";"Dupla";"Reta";"Não";2;0;1;0;0;1;1;2;-1,30163916;-47,98641443;"SPRF-PA";"DEL01-PA";"UOP01-DEL01-PA"
154916;2018-08-24;"sexta-feira";"06:50:00";"PR";376;175;"MARINGA";"Não guardar distância de segurança";"Colisão com objeto estático";"Com Vítimas Feridas";"Pleno dia";"Crescente";"Céu Claro";"Dupla";"Reta";"Sim";1;0;1;0;0;0;1;1;-23,411356;-51,940777;"SPRF-PR";"DEL07-PR";"UOP01-DEL09-PR"
154917;2018-08-24;"sexta-feira";"06:30:00";"PR";116;18,4;"CURITIBA";"Falta de Atenção à Condução";"Colisão lateral";"Com Vítimas Feridas";"Pleno dia";"Crescente";"Sol";"Dupla";"Reta";"Sim";2;0;1;0;1;0;1;2;-25,38880946;-49,20051542;"SPRF-PR";"DEL01-PR";"UOP02-DEL01-PR"
154918;2018-08-24;"sexta-feira";"06:30:00";"SP";116;284,5;"EMBU DAS ARTES";"Ingestão de Álcool";"Colisão lateral";"Com Vítimas Feridas";"Pleno dia";"Decrescente";"Nublado";"Dupla";"Reta";"Sim";2;0;1;0;1;0;1;2;-23,68073925;-46,85853481;"SPRF-SP";"DEL04-SP";"UOP01-DEL04-SP"
154919;2018-08-24;"sexta-feira";"07:00:00";"CE";116;10;"FORTALEZA";"Defeito Mecânico no Veículo";"Queda de ocupante de veículo";"Com Vítimas Feridas";"Pleno dia";"Decrescente";"Céu Claro";"Dupla";"Reta";"Sim";2;0;2;0;0;0;2;1;-3,835198;-38,502787;"SPRF-CE";"DEL01-CE";"UOP02-DEL01-CE"
154921;2018-08-24;"sexta-feira";"06:40:00";"RN";226;12,5;"MACAIBA";"Desobediência às normas de trânsito pelo condutor";"Colisão transversal";"Sem Vítimas";"Pleno dia";"Decrescente";"Céu Claro";"Simples";"Reta";"Sim";2;0;0;0;2;0;0;2;-5,847669;-35,312698;"SPRF-RN";"DEL01-RN";"UOP02-DEL01-RN"
154922;2018-08-24;"sexta-feira";"07:30:00";"MG";381;499,6;"BETIM";"Falta de Atenção à Condução";"Colisão traseira";"Com Vítimas Feridas";"Pleno dia";"Decrescente";"Céu Claro";"Dupla";"Reta";"Não";3;0;1;0;2;0;1;2;-20,00055504;-44,21111298;"SPRF-MG";"DEL01-MG";"UOP03-DEL01-MG"
154924;2018-08-24;"sexta-feira";"06:20:00";"SC";282;323;"CAMPOS NOVOS";"Falta de Atenção à Condução";"Saída de leito carroçável";"Com Vítimas Feridas";"Amanhecer";"Decrescente";"Garoa/Chuvisco";"Simples";"Curva";"Não";1;0;1;0;0;0;1;1;-27,394375;-51,0495;"SPRF-SC";"DEL07-SC";"UOP06-DEL07-SC"
154925;2018-08-24;"sexta-feira";"07:00:00";"SC";282;30,8;"SANTO AMARO DA IMPERATRIZ";"Falta de Atenção à Condução";"Saída de leito carroçável";"Com Vítimas Feridas";"Amanhecer";"Decrescente";"Garoa/Chuvisco";"Simples";"Curva";"Não";1;0;1;0;0;0;1;1;-27,69509929;-48,79333556;"SPRF-SC";"DEL01-SC";"UOP03-DEL01-SC"
154930;2018-08-24;"sexta-feira";"06:45:00";"RN";101;109;"PARNAMIRIM";"Carga excessiva e/ou mal acondicionada";"Colisão lateral";"Com Vítimas Feridas";"Pleno dia";"Decrescente";"Céu Claro";"Simples";"Reta";"Sim";3;0;2;0;1;0;2;2;-5,937378;-35,264832;"SPRF-RN";"DEL01-RN";"UOP01-DEL01-RN"
154931;2018-08-24;"sexta-feira";"06:30:00";"MS";262;771;"CORUMBA";"Falta de Atenção à Condução";"Colisão transversal";"Sem Vítimas";"Amanhecer";"Decrescente";"Céu Claro";"Simples";"Reta";"Sim";2;0;0;0;0;2;0;2;-19,04302032;-57,64051616;"SPRF-MS";"DEL03-MS";"UOP03-DEL03-MS"
154932;2018-08-24;"sexta-feira";"08:02:00";"RN";101;95;"NATAL";"Falta de Atenção à Condução";"Colisão traseira";"Com Vítimas Feridas";"Pleno dia";"Decrescente";"Céu Claro";"Dupla";"Reta";"Sim";2;0;1;0;1;0;1;2;-5,83570484;-35,21184146;"SPRF-RN";"DEL01-RN";"UOP01-DEL01-RN"
154933;2018-08-24;"sexta-feira";"07:45:00";"SP";116;210;"GUARULHOS";"Não guardar distância de segurança";"Colisão traseira";"Com Vítimas Feridas";"Pleno dia";"Crescente";"Céu Claro";"Dupla";"Reta";"Sim";2;0;1;0;1;0;1;2;-23,43158691;-46,41808884;"SPRF-SP";"DEL01-SP";"UOP01-DEL01-SP"
154934;2018-08-24;"sexta-feira";"07:40:00";"RS";116;521;"PELOTAS";"Falta de Atenção à Condução";"Colisão traseira";"Com Vítimas Feridas";"Pleno dia";"Crescente";"Chuva";"Dupla";"Rotatória";"Sim";2;0;1;0;1;0;1;2;-31,70684767;-52,36787796;"SPRF-RS";"DEL07-RS";"UOP01-DEL07-RS"
154935;2018-08-24;"sexta-feira";"06:45:00";"RS";392;170;"PIRATINI";"Falta de Atenção à Condução";"Saída de leito carroçável";"Com Vítimas Feridas";"Amanhecer";"Crescente";"Chuva";"Simples";"Curva";"Não";2;0;1;0;1;0;1;1;-31,071232;-52,998783;"SPRF-RS";"DEL07-RS";"UOP01-DEL07-RS"
154937;2018-08-24;"sexta-feira";"06:40:00";"PE";101;52,7;"PAULISTA";"Falta de Atenção do Pedestre";"Atropelamento de Pedestre";"Com Vítimas Feridas";"Pleno dia";"Decrescente";"Céu Claro";"Dupla";"Interseção de Vias";"Sim";3;0;0;1;2;0;1;3;-7,92973743;-34,89909053;"SPRF-PE";"DEL01-PE";"UOP02-DEL01-PE"
154938;2018-08-24;"sexta-feira";"09:20:00";"PA";316;16;"MARITUBA";"Não guardar distância de segurança";"Colisão traseira";"Com Vítimas Feridas";"Pleno dia";"Crescente";"Céu Claro";"Dupla";"Reta";"Sim";2;0;1;0;1;0;1;2;-1,36027371;-48,26113165;"SPRF-PA";"DEL01-PA";"DEL19/1-UOP05/PA"
154942;2018-08-24;"sexta-feira";"08:30:00";"MG";365;469,4;"PATROCINIO";"Falta de Atenção à Condução";"Saída de leito carroçável";"Com Vítimas Fatais";"Pleno dia";"Crescente";"Céu Claro";"Simples";"Declive;Reta";"Não";2;1;0;1;0;0;1;1;-18,911;-46,97;"SPRF-MG";"DEL10-MG";"UOP01-DEL10-MG"
154945;2018-08-24;"sexta-feira";"08:00:00";"MG";116;413;"GOVERNADOR VALADARES";"Falta de Atenção à Condução";"Colisão transversal";"Com Vítimas Feridas";"Pleno dia";"Crescente";"Céu Claro";"Simples";"Interseção de Vias";"Sim";3;0;1;1;1;0;2;2;-18,8756205;-41,96488202;"SPRF-MG";"DEL06-MG";"UOP01-DEL06-MG"
154946;2018-08-24;"sexta-feira";"09:00:00";"RO";364;427,1;"JARU";"Desobediência às normas de trânsito pelo condutor";"Colisão transversal";"Com Vítimas Feridas";"Pleno dia";"Crescente";"Céu Claro";"Simples";"Reta";"Sim";2;0;1;0;1;0;1;2;-10,42658126;-62,48862321;"SPRF-RO";"DEL03-RO";"UOP02-DEL03-RO"
154948;2018-08-24;"sexta-feira";"10:30:00";"PE";232;7,8;"RECIFE";"Defeito na Via";"Tombamento";"Com Vítimas Feridas";"Pleno dia";"Decrescente";"Nublado";"Simples";"Reta";"Sim";2;0;1;0;0;1;1;2;-8,07648081;-34,97117221;"SPRF-PE";"DEL01-PE";"UOP01-DEL01-PE"
154950;2018-08-24;"sexta-feira";"06:00:00";"MG";262;620,5;"IBIA";"Objeto estático sobre o leito carroçável";"Capotamento";"Com Vítimas Feridas";"Amanhecer";"Decrescente";"Nublado";"Simples";"Aclive;Curva";"Não";2;0;1;1;0;0;2;1;-19,591888;-46,48101;"SPRF-MG";"DEL08-MG";"UOP01-DEL08-MG"
154951;2018-08-24;"sexta-feira";"10:35:00";"PR";116;109;"CURITIBA";"Desobediência às normas de trânsito pelo condutor";"Colisão lateral";"Com Vítimas Feridas";"Pleno dia";"Crescente";"Nublado";"Dupla";"Reta";"Sim";6;0;0;1;4;1;1;4;-25,56373616;-49,25330758;"SPRF-PR";"DEL01-PR";"UOP01-DEL01-PR"
154953;2018-08-24;"sexta-feira";"09:35:00";"RJ";465;19;"NOVA IGUACU";"Falta de Atenção à Condução";"Colisão frontal";"Com Vítimas Feridas";"Pleno dia";"Crescente";"Céu Claro";"Simples";"Reta";"Sim";2;0;0;1;1;0;1;2;-22,839184;-43,610451;"SPRF-RJ";"DEL01-RJ";"UOP03-DEL01-RJ"
154955;2018-08-24;"sexta-feira";"11:22:00";"SP";116;219;"GUARULHOS";"Defeito Mecânico no Veículo";"Incêndio";"Sem Vítimas";"Pleno dia";"Crescente";"Céu Claro";"Múltipla";"Reta";"Sim";3;0;0;0;3;0;0;1;-23,46262168;-46,49355333;"SPRF-SP";"DEL01-SP";"UOP01-DEL01-SP"
154956;2018-08-24;"sexta-feira";"09:30:00";"GO";70;102;"PIRENOPOLIS";"Falta de Atenção à Condução";"Colisão lateral";"Com Vítimas Fatais";"Pleno dia";"Decrescente";"Céu Claro";"Simples";"Aclive";"Não";3;1;2;0;0;0;2;2;-15,78564618;-49,06219482;"SPRF-GO";"DEL02-GO";"UOP02-DEL02-GO"
154958;2018-08-24;"sexta-feira";"10:35:00";"RN";427;97,9;"CAICO";"Condutor Dormindo";"Colisão traseira";"Sem Vítimas";"Pleno dia";"Crescente";"Céu Claro";"Simples";"Declive";"Sim";2;0;0;0;2;0;0;2;-6,46427056;-37,09223628;"SPRF-RN";"DEL03-RN";"UOP01-DEL03-RN"
154959;2018-08-24;"sexta-feira";"12:05:00";"DF";70;14,9;"BRASILIA";"Falta de Atenção à Condução";"Saída de leito carroçável";"Com Vítimas Feridas";"Pleno dia";"Crescente";"Céu Claro";"Dupla";"Curva";"Sim";1;0;0;1;0;0;1;1;-15,79896398;-48,18564892;"SPRF-DF";"DEL01-DF";"UOP02-DEL03-DF"