"id";"data_inversa";"dia_semana";"horario";"uf";"br";"km";"municipio";"causa_acidente";"tipo_acidente";"classificacao_acidente";"fase_dia";"sentido_via";"condicao_metereologica";"tipo_pista";"tracado_via";"uso_solo";"pessoas";"mortos";"feridos_leves";"feridos_graves";"ilesos";"ignorados";"feridos";"veiculos";"latitude";"longitude";"regional";"delegacia";"uop"
154960;2018-08-24;"sexta-feira";"07:30:00";"RO";364;308;"PRESIDENTE MEDICI";"Falta de Atenção à Condução";"Colisão transversal";"Com Vítimas Feridas";"Pleno dia";"Crescente";"Céu Claro";"Simples";"Reta";"Sim";1;0;0;1;0;0;1;1;-11,172435;-61,901573;"SPRF-RO";"DEL02-RO";"UOP01-DEL02-RO"
154963;2018-08-24;"sexta-feira";"11:30:00";"MA";135;4,5;"SAO LUIS";"Falta de Atenção à Condução";"Colisão traseira";"Com Vítimas Feridas";"Pleno dia";"Crescente";"Céu Claro";"Dupla";"Reta";"Sim";3;0;2;0;0;1;2;2;-2,614323;-44,252632;"SPRF-MA";"DEL01-MA";"UOP01-DEL01-MA"
154965;2018-08-13;"segunda-feira";"08:00:00";"MG";262;80,3;"MATIPO";"Condutor Dormindo";"Saída de leito carroçável";"Com Vítimas Feridas";"Pleno dia";"Decrescente";"Céu Claro";"Simples";"Reta";"Não";1;0;0;1;0;0;1;1;-20,336153;-42,373962;"SPRF-MG";"DEL03-MG";"UOP03-DEL03-MG"
154967;2018-07-23;"segunda-feira";"23:15:00";"ES";101;147,2;"LINHARES";"Falta de Atenção à Condução";"Colisão lateral";"Com Vítimas Feridas";"Plena Noite";"Crescente";"Ignorado";"Múltipla";"Reta";"Sim";2;0;0;1;1;0;1;2;-19,38123517;-40,06714756;"SPRF-ES";"DEL04-ES";"UOP01-DEL04-ES"
154968;2018-08-24;"sexta-feira";"13:10:00";"DF";20;11,8;"BRASILIA";"Falta de Atenção à Condução";"Saída de leito carroçável";"Com Vítimas Feridas";"Pleno dia";"Crescente";"Céu Claro";"Dupla";"Retorno Regulamentado;Reta";"Sim";3;0;1;0;1;1;1;2;-15,64369553;-47,75977758;"SPRF-DF";"DEL02-DF";"UOP01-DEL02-DF"
154969;2018-08-24;"sexta-feira";"11:45:00";"MG";381;836,4;"SAO SEBASTIAO DA BELA VISTA";"Velocidade Incompatível";"Colisão com objeto estático";"Com Vítimas Feridas";"Pleno dia";"Crescente";"Céu Claro";"Dupla";"Curva";"Não";1;0;1;0;0;0;1;1;-22,24128;-45,8801152;"SPRF-MG";"DEL16-MG";"UOP01-DEL16-MG"
154971;2018-08-15;"quarta-feira";"21:50:00";"MG";262;437;"SAO GONCALO DO PARA";"Velocidade Incompatível";"Colisão lateral";"Com Vítimas Feridas";"Plena Noite";"Crescente";"Céu Claro";"Dupla";"Reta";"Sim";2;0;1;0;1;0;1;2;-19,896221;-44,869728;"SPRF-MG";"DEL08-MG";"UOP03-DEL08-MG"
154975;2018-08-24;"sexta-feira";"13:00:00";"RJ";101;50;"CAMPOS DOS GOYTACAZES";"Falta de Atenção à Condução";"Queda de ocupante de veículo";"Com Vítimas Feridas";"Pleno dia";"Crescente";"Sol";"Simples";"Declive";"Sim";2;0;1;0;0;1;1;2;-21,633902;-41,312931;"SPRF-RJ";"DEL08-RJ";"UOP01-DEL08-RJ"
154976;2018-08-24;"sexta-feira";"11:50:00";"RS";290;209,4;"PANTANO GRANDE";"Pista Escorregadia";"Saída de leito carroçável";"Sem Vítimas";"Pleno dia";"Decrescente";"Chuva";"Simples";"Curva";"Não";1;0;0;0;1;0;0;1;-30,168772;-52,308704;"SPRF-RS";"DEL02-RS";"UOP02-DEL02-RS"
154977;2018-08-24;"sexta-feira";"14:20:00";"CE";20;419;"MARACANAU";"Falta de Atenção à Condução";"Colisão com objeto estático";"Com Vítimas Feridas";"Pleno dia";"Crescente";"Céu Claro";"Simples";"Em Obras";"Sim";2;0;1;0;1;0;1;1;-3,842646;-38,5859372;"SPRF-CE";"DEL01-CE";"UOP02-DEL01-CE"
154978;2018-08-18;"sábado";"18:55:00";"MS";262;766,1;"LADARIO";"Velocidade Incompatível";"Colisão frontal";"Com Vítimas Feridas";"Plena Noite";"Decrescente";"Céu Claro";"Simples";"Declive";"Não";2;0;0;1;0;1;1;2;-19,073546;-57,621961;"SPRF-MS";"DEL03-MS";"UOP03-DEL03-MS"
154980;2018-08-24;"sexta-feira";"14:15:00";"PR";467;81;"CASCAVEL";"Velocidade Incompatível";"Colisão lateral";"Com Vítimas Feridas";"Pleno dia";"Crescente";"Chuva";"Dupla";"Reta";"Não";4;0;3;1;0;0;4;2;-24,78523451;-53,67769182;"SPRF-PR";"DEL04-PR";"UOP01-DEL04-PR"
154982;2018-08-24;"sexta-feira";"13:45:00";"RR";174;212;"RORAINOPOLIS";"Falta de Atenção à Condução";"Colisão lateral";"Com Vítimas Feridas";"Pleno dia";"Crescente";"Céu Claro";"Simples";"Reta";"Sim";3;0;2;0;1;0;2;2;0;-60,42431259;"SPRF-RR";"DEL01-RR";"UOP01-DEL01-RR"
154985;2018-08-24;"sexta-feira";"14:15:00";"RS";386;297,5;"POUSO NOVO";"Desobediência às normas de trânsito pelo condutor";"Colisão transversal";"Com Vítimas Feridas";"Pleno dia";"Decrescente";"Chuva";"Simples";"Curva";"Não";5;0;5;0;0;0;5;2;-29,1606125;-52,22491622;"SPRF-RS";"DEL04-RS";"UOP01-DEL04-RS"
154987;2018-08-24;"sexta-feira";"14:45:00";"SC";282;65,9;"RANCHO QUEIMADO";"Falta de Atenção à Condução";"Colisão traseira";"Com Vítimas Feridas";"Pleno dia";"Decrescente";"Chuva";"Simples";"Curva";"Não";5;0;3;1;1;0;4;2;-27,68322406;-49,10648346;"SPRF-SC";"DEL01-SC";"UOP03-DEL01-SC"
154992;2018-08-24;"sexta-feira";"15:20:00";"PR";373;197,4;"IPIRANGA";"Velocidade Incompatível";"Colisão com objeto estático";"Com Vítimas Feridas";"Pleno dia";"Decrescente";"Nublado";"Simples";"Reta";"Não";1;0;1;0;0;0;1;1;-25,07482836;-50,39218158;"SPRF-PR";"DEL03-PR";"UOP01-DEL03-PR"
154993;2018-04-04;"quarta-feira";"08:15:00";"GO";153;495;"GOIANIA";"Não guardar distância de segurança";"Engavetamento";"Sem Vítimas";"Pleno dia";"Crescente";"Céu Claro";"Dupla";"Reta";"Sim";5;0;0;0;3;2;0;5;-16,6681;-49,2263;"SPRF-GO";"DEL01-GO";"UOP01-DEL01-GO"
154994;2018-08-24;"sexta-feira";"15:05:00";"SC";101;268,9;"IMBITUBA";"Condutor Dormindo";"Saída de leito carroçável";"Com Vítimas Feridas";"Pleno dia";"Decrescente";"Nublado";"Dupla";"Reta";"Sim";3;0;2;0;1;0;2;1;-28,10226936;-48,70373368;"SPRF-SC";"DEL02-SC";"UOP03-DEL02-SC"
154997;2018-08-24;"sexta-feira";"16:00:00";"DF";70;12;"BRASILIA";"Mal Súbito";"Colisão transversal";"Com Vítimas Feridas";"Pleno dia";"Decrescente";"Céu Claro";"Dupla";"Reta";"Sim";3;0;1;0;2;0;1;2;-15,792243;-48,158543;"SPRF-DF";"DEL01-DF";"UOP02-DEL03-DF"
154998;2018-08-24;"sexta-feira";"15:50:00";"SC";101;215,5;"PALHOCA";"Falta de Atenção à Condução";"Colisão traseira";"Com Vítimas Feridas";"Pleno dia";"Crescente";"Nublado";"Dupla";"Aclive";"Sim";2;0;1;0;1;0;1;2;-27,659815;-48,677479;"SPRF-SC";"DEL01-SC";"UOP02-DEL01-SC"
155001;2018-08-24;"sexta-feira";"13:00:00";"ES";262;171,2;"IBATIBA";"Velocidade Incompatível";"Saída de leito carroçável";"Com Vítimas Feridas";"Pleno dia";"Decrescente";"Céu Claro";"Simples";"Curva";"Não";3;0;3;0;0;0;3;1;-20,2638226;-41,59582078;"SPRF-ES";"DEL01-ES";"UOP02-DEL01-ES"
155002;2018-08-24;"sexta-feira";"16:30:00";"MG";40;465,4;"SETE LAGOAS";"Sinalização da via insuficiente ou inadequada";"Colisão traseira";"Com Vítimas Feridas";"Pleno dia";"Decrescente";"Céu Claro";"Dupla";"Em Obras";"Não";3;0;1;0;2;0;1;2;-19,4746233;-44,2917173;"SPRF-MG";"DEL02-MG";"UOP01-DEL02-MG"
155005;2018-08-24;"sexta-feira";"16:50:00";"ES";101;335,8;"GUARAPARI";"Avarias e/ou desgaste excessivo no pneu";"Saída de leito carroçável";"Com Vítimas Feridas";"Pleno dia";"Decrescente";"Céu Claro";"Simples";"Reta";"Não";1;0;0;1;0;0;1;1;-20,62788433;-40,53298473;"SPRF-ES";"DEL03-ES";"UOP01-DEL03-ES"
155006;2018-08-24;"sexta-feira";"16:40:00";"GO";60;35,8;"ALEXANIA";"Falta de Atenção à Condução";"Saída de leito carroçável";"Com Vítimas Feridas";"Pleno dia";"Decrescente";"Céu Claro";"Dupla";"Curva";"Não";2;0;2;0;0;0;2;1;-16,1045;-48,5242;"SPRF-DF";"DEL01-DF";"UOP01-DEL03-DF"
155007;2018-08-24;"sexta-feira";"16:55:00";"GO";40;10;"LUZIANIA";"Falta de Atenção à Condução";"Colisão transversal";"Com Vítimas Feridas";"Pleno dia";"Decrescente";"Céu Claro";"Dupla";"Reta";"Sim";2;0;0;1;1;0;1;2;-16,131285;-47,957923;"SPRF-DF";"DEL01-DF";"UOP01-DEL01-DF"
155008;2018-08-24;"sexta-feira";"16:20:00";"SP";116;227;"GUARULHOS";"Não guardar distância de segurança";"Colisão traseira";"Com Vítimas Feridas";"Anoitecer";"Decrescente";"Nublado";"Múltipla";"Reta";"Sim";2;0;1;0;1;0;1;2;-23,50209576;-46,56452179;"SPRF-SP";"DEL01-SP";"UOP01-DEL01-SP"
155011;2018-08-16;"quinta-feira";"17:50:00";"SC";470;55,7;"BLUMENAU";"Desobediência às normas de trânsito pelo condutor";"Colisão frontal";"Com Vítimas Feridas";"Anoitecer";"Crescente";"Nublado";"Simples";"Reta";"Não";2;0;0;1;0;1;1;2;-26,87642093;-49,12521064;"SPRF-SC";"DEL04-SC";"UOP01-DEL04-SC"
155013;2018-08-24;"sexta-feira";"15:20:00";"PR";153;516;"GENERAL CARNEIRO";"Pista Escorregadia";"Saída de leito carroçável";"Com Vítimas Feridas";"Pleno dia";"Decrescente";"Chuva";"Simples";"Curva";"Não";2;0;2;0;0;0;2;1;-26,570512;-51,446434;"SPRF-PR";"DEL02-PR";"UOP03-DEL02-PR"
155015;2018-08-24;"sexta-feira";"17:30:00";"SP";116;230;"GUARULHOS";"Não guardar distância de segurança";"Colisão traseira";"Com Vítimas Feridas";"Anoitecer";"Crescente";"Nublado";"Múltipla";"Reta";"Sim";2;0;0;1;1;0;1;2;-23,51484627;-46,57851219;"SPRF-SP";"DEL01-SP";"UOP01-DEL01-SP"
155017;2018-08-24;"sexta-feira";"17:35:00";"SC";470;56,3;"BLUMENAU";"Falta de Atenção à Condução";"Colisão transversal";"Com Vítimas Feridas";"Anoitecer";"Decrescente";"Chuva";"Simples";"Reta";"Sim";2;0;1;0;1;0;1;2;-26,87764978;-49,1307655;"SPRF-SC";"DEL04-SC";"UOP01-DEL04-SC"
155022;2018-08-24;"sexta-feira";"17:55:00";"PR";476;136;"CURITIBA";"Falta de Atenção à Condução";"Colisão lateral";"Com Vítimas Feridas";"Anoitecer";"Crescente";"Céu Claro";"Múltipla";"Reta";"Sim";2;0;1;0;1;0;1;2;-25,49089267;-49,27179337;"SPRF-PR";"DEL01-PR";"UOP07-DEL01-PR"
155026;2018-08-24;"sexta-feira";"18:10:00";"PB";101;93,6;"CONDE";"Ingestão de Álcool";"Colisão com objeto estático";"Com Vítimas Feridas";"Plena Noite";"Decrescente";"Nublado";"Dupla";"Reta";"Não";3;0;1;0;2;0;1;1;-7,213517;-34,911318;"SPRF-PB";"DEL01-PB";"UOP01-DEL01-PB"
155027;2018-08-24;"sexta-feira";"18:15:00";"AL";101;174;"TEOTONIO VILELA";"Falta de Atenção do Pedestre";"Atropelamento de Pedestre";"Com Vítimas Feridas";"Plena Noite";"Decrescente";"Céu Claro";"Dupla";"Reta";"Sim";2;0;0;1;1;0;1;2;-9,9031057;-36,35812864;"SPRF-AL";"DEL02-AL";"UOP02-DEL02-AL"
155028;2018-08-24;"sexta-feira";"17:15:00";"SC";101;433,5;"SANTA ROSA DO SUL";"Falta de Atenção à Condução";"Saída de leito carroçável";"Com Vítimas Feridas";"Anoitecer";"Crescente";"Nublado";"Dupla";"Reta";"Não";3;0;1;0;2;0;1;1;-29,12817178;-49,65820313;"SPRF-SC";"DEL02-SC";"UOP02-DEL02-SC"
155034;2018-08-24;"sexta-feira";"18:10:00";"BA";101;260;"SANTO ANTONIO DE JESUS";"Falta de Atenção à Condução";"Colisão transversal";"Com Vítimas Fatais";"Plena Noite";"Crescente";"Céu Claro";"Simples";"Reta";"Não";2;1;0;0;1;0;0;2;-12,95603412;-39,26451844;"SPRF-BA";"DEL01-BA";"UOP02-DEL01-BA"
155035;2018-08-24;"sexta-feira";"17:42:00";"RO";364;239,1;"CACOAL";"Desobediência às normas de trânsito pelo condutor";"Colisão transversal";"Com Vítimas Feridas";"Anoitecer";"Crescente";"Garoa/Chuvisco";"Simples";"Retorno Regulamentado";"Sim";4;0;4;0;0;0;4;2;-11,43376365;-61,46369934;"SPRF-RO";"DEL02-RO";"UOP02-DEL02-RO"
155036;2018-08-24;"sexta-feira";"18:45:00";"PA";10;16;"DOM ELISEU";"Falta de Atenção à Condução";"Colisão frontal";"Com Vítimas Feridas";"Plena Noite";"Decrescente";"Céu Claro";"Simples";"Reta";"Sim";3;0;0;2;1;0;2;2;-4,3009289;-47,5570206;"SPRF-PA";"DEL02-PA";"UOP02-DEL02-PA"
155037;2018-08-24;"sexta-feira";"18:20:00";"RS";116;521;"PELOTAS";"Falta de Atenção à Condução";"Colisão transversal";"Com Vítimas Feridas";"Pleno dia";"Decrescente";"Nublado";"Dupla";"Interseção de Vias";"Sim";2;0;1;0;1;0;1;2;-31,70801598;-52,36753464;"SPRF-RS";"DEL07-RS";"UOP01-DEL07-RS"
155042;2018-03-31;"sábado";"16:55:00";"SP";101;40;"UBATUBA";"Falta de Atenção à Condução";"Colisão transversal";"Sem Vítimas";"Pleno dia";"Crescente";"Céu Claro";"Simples";"Reta";"Não";2;0;0;0;2;0;0;2;-23,414946;-45,035156;"SPRF-SP";"DEL06-SP";"UOP01-DEL06-SP"
155043;2018-08-24;"sexta-feira";"19:05:00";"PR";376;638,9;"TIJUCAS DO SUL";"Falta de Atenção do Pedestre";"Atropelamento de Pedestre";"Com Vítimas Feridas";"Plena Noite";"Crescente";"Chuva";"Dupla";"Curva;Aclive";"Não";2;0;0;1;1;0;1;2;-25,77392392;-49,12158966;"SPRF-PR";"DEL01-PR";"DEL7/1-UOP08/PR"
155045;2018-08-24;"sexta-feira";"17:40:00";"RO";364;687;"CANDEIAS DO JAMARI";"Falta de Atenção à Condução";"Colisão transversal";"Com Vítimas Feridas";"Anoitecer";"Decrescente";"Céu Claro";"Simples";"Reta";"Não";5;0;2;0;3;0;2;2;-8,79363981;-63,66295248;"SPRF-RO";"DEL01-RO";"UOP01-DEL01-RO"
155046;2018-08-24;"sexta-feira";"18:45:00";"GO";60;118;"TEREZOPOLIS DE GOIAS";"Animais na Pista";"Queda de ocupante de veículo";"Com Vítimas Feridas";"Plena Noite";"Decrescente";"Céu Claro";"Dupla";"Reta";"Sim";1;0;1;0;0;0;1;1;-16,4848;-49,0935;"SPRF-GO";"DEL01-GO";"UOP01-DEL01-GO"
155047;2018-08-24;"sexta-feira";"19:20:00";"PE";232;4,8;"RECIFE";"Desobediência às normas de trânsito pelo condutor";"Colisão lateral";"Sem Vítimas";"Plena Noite";"Crescente";"Nublado";"Dupla";"Viaduto;Interseção de Vias";"Sim";2;0;0;0;2;0;0;2;-8,06597;-34,94077;"SPRF-PE";"DEL01-PE";"UOP01-DEL01-PE"
155048;2018-08-24;"sexta-feira";"18:00:00";"SC";101;205;"SAO JOSE";"Falta de Atenção à Condução";"Engavetamento";"Com Vítimas Feridas";"Plena Noite";"Crescente";"Chuva";"Múltipla";"Reta";"Sim";3;0;1;0;2;0;1;3;-27,592;-48,6181;"SPRF-SC";"DEL01-SC";"UOP01-DEL01-SC"
155049;2018-08-24;"sexta-feira";"19:25:00";"DF";20;16;"BRASILIA";"Ingestão de Álcool";"Colisão transversal";"Com Vítimas Feridas";"Plena Noite";"Crescente";"Céu Claro";"Dupla";"Reta";"Sim";3;0;2;0;1;0;2;2;-15,62594023;-47,72501707;"SPRF-DF";"DEL02-DF";"UOP01-DEL02-DF"
155050;2018-08-24;"sexta-feira";"18:48:00";"RN";101;109;"PARNAMIRIM";"Falta de Atenção à Condução";"Queda de ocupante de veículo";"Com Vítimas Feridas";"Plena Noite";"Crescente";"Nublado";"Simples";"Reta";"Não";1;0;1;0;0;0;1;1;-5,937378;-35,264832;"SPRF-RN";"DEL01-RN";"UOP01-DEL01-RN"
155051;2018-08-24;"sexta-feira";"16:10:00";"SC";282;638,2;"DESCANSO";"Velocidade Incompatível";"Saída de leito carroçável";"Com Vítimas Fatais";"Pleno dia";"Crescente";"Chuva";"Simples";"Curva";"Não";2;1;1;0;0;0;1;1;-26,79850432;-53,44943047;"SPRF-SC";"DEL07-SC";"UOP03-DEL07-SC"
155052;2018-08-24;"sexta-feira";"18:50:00";"PR";277;589;"CASCAVEL";"Não guardar distância de segurança";"Engavetamento";"Com Vítimas Feridas";"Plena Noite";"Crescente";"Céu Claro";"Simples";"Reta";"Sim";3;0;1;0;2;0;1;3;-25,02817;-53,55983;"SPRF-PR";"DEL04-PR";"UOP01-DEL04-PR"
155053;2018-08-24;"sexta-feira";"17:40:00";"MA";135;3,5;"SAO LUIS";"Ingestão de Álcool";"Colisão transversal";"Com Vítimas Feridas";"Pleno dia";"Crescente";"Sol";"Dupla";"Reta";"Sim";2;0;1;0;1;0;1;2;-2,61098807;-44,25008118;"SPRF-MA";"DEL01-MA";"UOP01-DEL01-MA"
155054;2018-08-24;"sexta-feira";"19:05:00";"ES";101;295;"CARIACICA";"Falta de Atenção à Condução";"Queda de ocupante de veículo";"Com Vítimas Feridas";"Plena Noite";"Crescente";"Céu Claro";"Dupla";"Reta";"Não";1;0;0;1;0;0;1;1;-20,3085693;-40,38574219;"SPRF-ES";"DEL01-ES";"UOP01-DEL01-ES"
155055;2018-08-24;"sexta-feira";"13:50:00";"PI";316;346,2;"FRANCISCO SANTOS";"Defeito Mecânico no Veículo";"Incêndio";"Sem Vítimas";"Pleno dia";"Crescente";"Sol";"Simples";"Reta";"Sim";1;0;0;0;1;0;0;1;-7,12031156;-41,14345551;"SPRF-PI";"DEL04-PI";"UOP03-DEL04-PI"
155057;2018-08-24;"sexta-feira";"19:20:00";"PR";376;155;"MANDAGUACU";"Desobediência às normas de trânsito pelo condutor";"Colisão lateral";"Com Vítimas Feridas";"Pleno dia";"Crescente";"Céu Claro";"Dupla";"Reta";"Não";2;0;1;0;1;0;1;2;-23,338518;-52,098457;"SPRF-PR";"DEL07-PR";"UOP01-DEL09-PR"
155059;2018-08-24;"sexta-feira";"18:40:00";"RJ";101;294;"ITABORAI";"Desobediência às normas de trânsito pelo condutor";"Colisão lateral";"Sem Vítimas";"Plena Noite";"Decrescente";"Vento";"Dupla";"Reta";"Não";2;0;0;0;1;1;0;2;-22,758444;-42,895023;"SPRF-RJ";"DEL02-RJ";"DEL5/2-UOP04/RJ"
155061;2018-08-24;"sexta-feira";"19:50:00";"RN";101;98;"NATAL";"Ingestão de Álcool";"Colisão traseira";"Sem Vítimas";"Plena Noite";"Crescente";"Garoa/Chuvisco";"Múltipla";"Reta";"Sim";2;0;0;0;2;0;0;2;-5,865723;-35,216537;"SPRF-RN";"DEL01-RN";"UOP01-DEL01-RN"
155063;2018-08-24;"sexta-feira";"17:50:00";"PR";116;46;"CAMPINA GRANDE DO SUL";"Falta de Atenção à Condução";"Saída de leito carroçável";"Com Vítimas Feridas";"Plena Noite";"Decrescente";"Chuva";"Dupla";"Curva";"Não";2;0;2;0;0;0;2;1;-25,201878;-48,896217;"SPRF-PR";"DEL01-PR";"UOP02-DEL01-PR"
155065;2018-08-24;"sexta-feira";"20:15:00";"PR";116;28,2;"CAMPINA GRANDE DO SUL";"Velocidade Incompatível";"Tombamento";"Com Vítimas Fatais";"Plena Noite";"Crescente";"Chuva";"Dupla";"Reta";"Não";1;1;0;0;0;0;0;1;-25,1055168;-48,80558252;"SPRF-PR";"DEL01-PR";"UOP02-DEL01-PR"
155068;2018-08-24;"sexta-feira";"20:25:00";"PR";376;602;"CURITIBA";"Pista Escorregadia";"Colisão com objeto estático";"Com Vítimas Feridas";"Plena Noite";"Crescente";"Chuva";"Dupla";"Interseção de Vias";"Sim";1;0;0;1;0;0;1;1;-25,54366622;-49,30752718;"SPRF-PR";"DEL01-PR";"UOP06-DEL01-PR"
155069;2018-08-24;"sexta-feira";"21:15:00";"CE";116;2,9;"FORTALEZA";"Falta de Atenção à Condução";"Atropelamento de Pedestre";"Com Vítimas Feridas";"Plena Noite";"Crescente";"Céu Claro";"Múltipla";"Reta";"Sim";2;0;0;1;0;1;1;2;-3,7765151;-38,5157777;"SPRF-CE";"DEL01-CE";"UOP02-DEL01-CE"
155070;2018-08-24;"sexta-feira";"18:35:00";"BA";324;357;"CAPIM GROSSO";"Falta de Atenção do Pedestre";"Atropelamento de Pedestre";"Com Vítimas Fatais";"Plena Noite";"Decrescente";"Céu Claro";"Simples";"Declive";"Não";4;1;0;0;3;0;0;2;-11,391309;-39,9785;"SPRF-BA";"DEL04-BA";"UOP02-DEL04-BA"
155071;2018-08-24;"sexta-feira";"21:00:00";"GO";153;33;"PORANGATU";"Falta de Atenção à Condução";"Saída de leito carroçável";"Com Vítimas Feridas";"Plena Noite";"Decrescente";"Céu Claro";"Simples";"Reta";"Não";2;0;2;0;0;0;2;1;-13,111895;-49,202221;"SPRF-GO";"DEL07-GO";"UOP01-DEL07-GO"
155073;2018-08-24;"sexta-feira";"21:30:00";"PE";101;65,8;"RECIFE";"Defeito na Via";"Colisão com objeto estático";"Com Vítimas Feridas";"Plena Noite";"Decrescente";"Chuva";"Dupla";"Curva";"Sim";1;0;1;0;0;0;1;1;-8;-34,941503;"SPRF-PE";"DEL01-PE";"UOP01-DEL01-PE"
155074;2018-08-24;"sexta-feira";"20:40:00";"BA";324;534,7;"CONCEICAO DO JACUIPE";"Falta de Atenção à Condução";"Saída de leito carroçável";"Com Vítimas Fatais";"Plena Noite";"Crescente";"Céu Claro";"Dupla";"Reta";"Não";2;1;1;0;0;0;1;1;-12,364562;-38,819753;"SPRF-BA";"DEL01-BA";"UOP01-DEL01-BA"
155076;2018-08-24;"sexta-feira";"21:00:00";"PR";376;596;"CURITIBA";"Falta de Atenção à Condução";"Colisão lateral";"Com Vítimas Feridas";"Plena Noite";"Crescente";"Chuva";"Dupla";"Reta";"Sim";3;0;2;0;1;0;2;2;-25,50382632;-49,34145355;"SPRF-PR";"DEL01-PR";"UOP06-DEL01-PR"
155078;2018-08-24;"sexta-feira";"21:30:00";"PR";369;177;"ROLANDIA";"Falta de Atenção do Pedestre";"Atropelamento de Pedestre";"Com Vítimas Feridas";"Plena Noite";"Crescente";"Chuva";"Simples";"Reta";"Sim";2;0;0;1;1;0;1;2;-23,33719246;-51,38876254;"SPRF-PR";"DEL07-PR";"UOP01-DEL07-PR"
155079;2018-08-24;"sexta-feira";"17:40:00";"PR";376;230;"APUCARANA";"Velocidade Incompatível";"Saída de leito carroçável";"Com Vítimas Feridas";"Anoitecer";"Crescente";"Céu Claro";"Dupla";"Declive;Interseção de Vias;Curva";"Não";3;0;0;2;0;1;2;2;-23,5619711;-51,535415;"SPRF-PR";"DEL07-PR";"UOP03-DEL07-PR"
155080;2018-08-24;"sexta-feira";"21:10:00";"PE";101;17;"GOIANA";"Pista Escorregadia";"Capotamento";"Com Vítimas Feridas";"Plena Noite";"Decrescente";"Chuva";"Dupla";"Reta";"Não";1;0;1;0;0;0;1;1;-7,6477;-34,9504;"SPRF-PE";"DEL01-PE";"UOP02-DEL01-PE"
155081;2018-08-24;"sexta-feira";"18:15:00";"PB";101;93,5;"CONDE";"Falta de Atenção à Condução";"Colisão traseira";"Com Vítimas Feridas";"Plena Noite";"Decrescente";"Nublado";"Dupla";"Reta";"Não";2;0;0;1;1;0;1;2;-7,2135175;-34,9113184;"SPRF-PB";"DEL01-PB";"UOP01-DEL01-PB"
155082;2018-08-24;"sexta-feira";"21:10:00";"MT";174;331;"PONTES E LACERDA";"Animais na Pista";"Atropelamento de Animal";"Sem Vítimas";"Plena Noite";"Decrescente";"Céu Claro";"Simples";"Reta";"Não";2;0;0;0;2;0;0;1;-14,871277;-59,296124;"SPRF-MT";"DEL04-MT";"UOP01-DEL04-MT"
155083;2018-08-24;"sexta-feira";"21:00:00";"MT";163;832;"SINOP";"Falta de Atenção à Condução";"Colisão traseira";"Com Vítimas Feridas";"Plena Noite";"Crescente";"Céu Claro";"Simples";"Reta";"Sim";2;0;1;0;0;1;1;2;-11,88549348;-55,50104141;"SPRF-MT";"DEL06-MT";"UOP01-DEL06-MT"
155084;2018-08-24;"sexta-feira";"22:05:00";"PE";101;65,9;"RECIFE";"Sinalização da via insuficiente ou inadequada";"Colisão com objeto estático";"Com Vítimas Feridas";"Plena Noite";"Decrescente";"Chuva";"Dupla";"Interseção de Vias;Reta";"Sim";2;0;2;0;0;0;2;1;-8,03558;-34,94137;"SPRF-PE";"DEL01-PE";"UOP01-DEL01-PE"
155085;2018-08-24;"sexta-feira";"21:10:00";"MG";381;929,6;"ITAPEVA";"Falta de Atenção do Pedestre";"Atropelamento de Pedestre";"Com Vítimas Feridas";"Plena Noite";"Decrescente";"Ignorado";"Dupla";"Reta";"Não";1;0;0;1;0;0;1;1;-22,7766;-46,2388;"SPRF-MG";"DEL16-MG";"UOP03-DEL16-MG"
155086;2018-08-24;"sexta-feira";"21:45:00";"PI";343;2,7;"TERESINA";"Falta de Atenção à Condução";"Colisão traseira";"Sem Vítimas";"Plena Noite";"Decrescente";"Céu Claro";"Dupla";"Reta";"Sim";2;0;0;0;2;0;0;2;-5,08155939;-42,77391493;"SPRF-PI";"DEL05-PI";"UOP01-DEL05-PI"
155088;2018-08-24;"sexta-feira";"18:00:00";"MG";262;569;"CORREGO DANTA";"Falta de Atenção à Condução";"Colisão transversal";"Com Vítimas Feridas";"Anoitecer";"Crescente";"Céu Claro";"Simples";"Interseção de Vias";"Não";1;0;1;0;0;0;1;1;-19,737259;-46,013737;"SPRF-MG";"N/A";"N/A"
155090;2018-08-24;"sexta-feira";"21:50:00";"SP";116;147,3;"SAO JOSE DOS CAMPOS";"Ingestão de Álcool";"Colisão com objeto estático";"Sem Vítimas";"Plena Noite";"Crescente";"Céu Claro";"Múltipla";"Reta";"Sim";1;0;0;0;1;0;0;1;-23,19653504;-45,87409826;"SPRF-SP";"DEL02-SP";"UOP01-DEL02-SP"
155091;2018-08-24;"sexta-feira";"23:20:00";"SC";280;59;"GUARAMIRIM";"Falta de Atenção à Condução";"Colisão frontal";"Com Vítimas Feridas";"Plena Noite";"Crescente";"Chuva";"Simples";"Curva";"Não";2;0;2;0;0;0;2;2;-26,47520209;-49,03087735;"SPRF-SC";"DEL03-SC";"UOP03-DEL03-SC"
155093;2018-08-24;"sexta-feira";"08:20:00";"SC";101;221;"PALHOCA";"Falta de Atenção à Condução";"Queda de ocupante de veículo";"Com Vítimas Feridas";"Plena Noite";"Decrescente";"Chuva";"Dupla";"Viaduto";"Não";1;0;1;0;0;0;1;1;-27,7096;-48,6544;"SPRF-SC";"DEL01-SC";"UOP02-DEL01-SC"