"id";"data_inversa";"dia_semana";"horario";"uf";"br";"km";"municipio";"causa_acidente";"tipo_acidente";"classificacao_acidente";"fase_dia";"sentido_via";"condicao_metereologica";"tipo_pista";"tracado_via";"uso_solo";"pessoas";"mortos";"feridos_leves";"feridos_graves";"ilesos";"ignorados";"feridos";"veiculos";"latitude";"longitude";"regional";"delegacia";"uop"
155098;2018-08-24;"sexta-feira";"23:50:00";"RJ";393;287,9;"VOLTA REDONDA";"Ingestão de Álcool";"Colisão traseira";"Com Vítimas Feridas";"Plena Noite";"Crescente";"Céu Claro";"Dupla";"Reta";"Sim";2;0;1;0;1;0;1;2;-22,510941;-44,084461;"SPRF-RJ";"DEL05-RJ";"UOP04-DEL05-RJ"
155100;2018-08-24;"sexta-feira";"23:40:00";"PR";376;647,2;"TIJUCAS DO SUL";"Pista Escorregadia";"Colisão com objeto estático";"Com Vítimas Feridas";"Plena Noite";"Crescente";"Chuva";"Dupla";"Declive;Curva";"Não";9;0;1;0;8;0;1;4;-25,8371319;-49,10792448;"SPRF-PR";"DEL01-PR";"DEL7/1-UOP08/PR"
155101;2018-08-24;"sexta-feira";"23:10:00";"MG";153;104;"PRATA";"Velocidade Incompatível";"Saída de leito carroçável";"Com Vítimas Feridas";"Plena Noite";"Crescente";"Chuva";"Simples";"Declive";"Não";1;0;1;0;0;0;1;1;-19,25410832;-48,93035889;"SPRF-MG";"DEL15-MG";"UOP03-DEL15-MG"
155102;2018-08-25;"sábado";"00:00:00";"SP";381;44;"ATIBAIA";"Velocidade Incompatível";"Saída de leito carroçável";"Com Vítimas Feridas";"Plena Noite";"Crescente";"Nublado";"Dupla";"Reta";"Não";2;0;1;0;1;0;1;1;-23,159923;-46,573738;"SPRF-SP";"DEL03-SP";"UOP01-DEL03-SP"
155105;2018-08-25;"sábado";"00:40:00";"PI";343;197;"PIRIPIRI";"Ingestão de Álcool";"Atropelamento de Animal";"Com Vítimas Feridas";"Plena Noite";"Decrescente";"Céu Claro";"Simples";"Reta";"Não";1;0;1;0;0;0;1;1;-4,41110987;-41,87765121;"SPRF-PI";"DEL02-PI";"UOP01-DEL02-PI"
155108;2018-08-24;"sexta-feira";"23:30:00";"MA";135;20,1;"SAO LUIS";"Desobediência às normas de trânsito pelo condutor";"Colisão traseira";"Sem Vítimas";"Plena Noite";"Decrescente";"Céu Claro";"Dupla";"Reta";"Sim";2;0;0;0;1;1;0;2;-2,5655978;-44,31979984;"SPRF-MA";"DEL01-MA";"UOP01-DEL01-MA"
155109;2018-08-24;"sexta-feira";"22:30:00";"RN";101;95;"NATAL";"Falta de Atenção à Condução";"Capotamento";"Com Vítimas Feridas";"Plena Noite";"Decrescente";"Chuva";"Múltipla";"Reta";"Sim";1;0;1;0;0;0;1;1;-5,83066705;-35,21157324;"SPRF-RN";"DEL01-RN";"UOP01-DEL01-RN"
155111;2018-08-24;"sexta-feira";"23:24:00";"AC";364;138,2;"RIO BRANCO";"Falta de Atenção à Condução";"Queda de ocupante de veículo";"Com Vítimas Feridas";"Plena Noite";"Crescente";"Céu Claro";"Dupla";"Reta";"Não";1;0;1;0;0;0;1;1;-9,95912896;-67,85722733;"SPRF-AC";"DEL01-AC";"UOP01-DEL01-AC"
155112;2018-08-24;"sexta-feira";"23:55:00";"SC";282;581,5;"PINHALZINHO";"Ingestão de Álcool";"Saída de leito carroçável";"Com Vítimas Feridas";"Plena Noite";"Crescente";"Céu Claro";"Simples";"Aclive;Curva";"Sim";1;0;1;0;0;0;1;1;-26,82828343;-52,99899101;"SPRF-SC";"DEL07-SC";"UOP02-DEL07-SC"
155113;2018-08-25;"sábado";"02:00:00";"MG";381;808,5;"CAREACU";"Condutor Dormindo";"Saída de leito carroçável";"Com Vítimas Feridas";"Plena Noite";"Decrescente";"Céu Claro";"Dupla";"Reta";"Não";4;0;2;0;2;0;2;1;-21,9874;-45,6609;"SPRF-MG";"DEL16-MG";"UOP02-DEL16-MG"
155114;2018-08-25;"sábado";"01:40:00";"MG";50;19;"UBERLANDIA";"Condutor Dormindo";"Colisão com objeto estático";"Com Vítimas Feridas";"Plena Noite";"Decrescente";"Céu Claro";"Dupla";"Curva";"Sim";1;0;1;0;0;0;1;1;-18,93515064;-48,2015276;"SPRF-MG";"DEL15-MG";"UOP02-DEL15-MG"
155115;2018-08-25;"sábado";"01:50:00";"CE";116;502,5;"BREJO SANTO";"Ingestão de Álcool";"Colisão transversal";"Com Vítimas Feridas";"Plena Noite";"Crescente";"Céu Claro";"Simples";"Reta";"Sim";2;0;1;0;1;0;1;2;-7,49318051;-38,98432553;"SPRF-CE";"DEL05-CE";"UOP03-DEL05-CE"
155116;2018-08-25;"sábado";"02:20:00";"DF";80;29,8;"BRASILIA";"Falta de Atenção à Condução";"Colisão traseira";"Com Vítimas Feridas";"Plena Noite";"Crescente";"Céu Claro";"Simples";"Reta";"Não";1;0;0;1;0;0;1;1;-15,58610532;-48,18746913;"SPRF-DF";"DEL01-DF";"UOP02-DEL03-DF"
155118;2018-08-25;"sábado";"02:05:00";"TO";153;333;"GUARAI";"Desobediência às normas de trânsito pelo condutor";"Colisão transversal";"Com Vítimas Feridas";"Plena Noite";"Decrescente";"Céu Claro";"Dupla";"Reta";"Sim";1;0;1;0;0;0;1;1;-8,83858432;-48,51211131;"SPRF-TO";"DEL02-TO";"UOP02-DEL02-TO"
155119;2018-08-24;"sexta-feira";"23:50:00";"RN";101;96;"NATAL";"Não guardar distância de segurança";"Queda de ocupante de veículo";"Com Vítimas Feridas";"Plena Noite";"Crescente";"Chuva";"Dupla";"Reta";"Sim";1;0;0;1;0;0;1;1;-5,849496;-35,208908;"SPRF-RN";"DEL01-RN";"UOP01-DEL01-RN"
155120;2018-08-25;"sábado";"02:30:00";"RS";116;118,2;"SAO MARCOS";"Ingestão de álcool e/ou substâncias psicoativas pelo pedestre";"Saída de leito carroçável";"Sem Vítimas";"Plena Noite";"Crescente";"Chuva";"Simples";"Reta";"Não";1;0;0;0;1;0;0;1;-28,99286385;-51,0687232;"SPRF-RS";"DEL05-RS";"UOP01-DEL05-RS"
155121;2018-08-25;"sábado";"03:15:00";"SC";282;3,5;"FLORIANOPOLIS";"Ingestão de Álcool";"Colisão com objeto estático";"Com Vítimas Feridas";"Plena Noite";"Crescente";"Nublado";"Dupla";"Reta";"Sim";1;0;1;0;0;0;1;1;-27,600384;-48,599705;"SPRF-SC";"DEL01-SC";"UOP01-DEL01-SC"
155122;2018-08-25;"sábado";"04:00:00";"CE";222;64;"SAO GONCALO DO AMARANTE";"Falta de Atenção à Condução";"Queda de ocupante de veículo";"Com Vítimas Feridas";"Amanhecer";"Crescente";"Céu Claro";"Simples";"Rotatória";"Não";1;0;1;0;0;0;1;1;-3,672085;-39,116131;"SPRF-CE";"DEL01-CE";"UOP03-DEL01-CE"
155123;2018-08-24;"sexta-feira";"17:15:00";"SC";101;72;"ARAQUARI";"Ingestão de Álcool";"Colisão lateral";"Sem Vítimas";"Anoitecer";"Decrescente";"Chuva";"Dupla";"Reta";"Não";1;0;0;0;1;0;0;1;-26,5373;-48,7127;"SPRF-SC";"DEL03-SC";"UOP02-DEL03-SC"
155125;2018-08-25;"sábado";"04:20:00";"PR";376;157;"MANDAGUACU";"Falta de Atenção à Condução";"Saída de leito carroçável";"Com Vítimas Feridas";"Plena Noite";"Crescente";"Chuva";"Dupla";"Reta";"Não";2;0;1;0;0;1;1;1;-23,352516;-52,09127;"SPRF-PR";"DEL07-PR";"UOP01-DEL09-PR"
155126;2018-08-25;"sábado";"04:45:00";"SC";101;205;"SAO JOSE";"Ingestão de álcool e/ou substâncias psicoativas pelo pedestre";"Colisão com objeto estático";"Com Vítimas Feridas";"Plena Noite";"Crescente";"Nublado";"Múltipla";"Interseção de Vias";"Sim";1;0;1;0;0;0;1;1;-27,592;-48,6181;"SPRF-SC";"DEL01-SC";"UOP01-DEL01-SC"
155128;2018-08-25;"sábado";"05:00:00";"MG";381;341,6;"BELA VISTA DE MINAS";"Desobediência às normas de trânsito pelo condutor";"Colisão frontal";"Com Vítimas Feridas";"Amanhecer";"Crescente";"Nublado";"Simples";"Curva";"Não";2;0;0;1;1;0;1;2;-19,7784;-43,0437;"SPRF-MG";"DEL03-MG";"UOP01-DEL03-MG"
155131;2018-08-25;"sábado";"04:20:00";"MG";116;712,1;"MURIAE";"Ingestão de Álcool";"Saída de leito carroçável";"Com Vítimas Feridas";"Plena Noite";"Decrescente";"Céu Claro";"Simples";"Curva;Declive";"Não";1;0;1;0;0;0;1;1;-21,17813924;-42,3724544;"SPRF-MG";"DEL07-MG";"UOP02-DEL07-MG"
155132;2018-08-25;"sábado";"05:20:00";"SP";116;56,1;"LORENA";"Pista Escorregadia";"Saída de leito carroçável";"Com Vítimas Feridas";"Pleno dia";"Crescente";"Chuva";"Dupla";"Reta";"Não";2;0;1;0;1;0;1;1;-22,769072;-45,130444;"SPRF-SP";"DEL08-SP";"UOP01-DEL08-SP"
155133;2018-08-25;"sábado";"04:30:00";"GO";158;267;"JATAI";"Falta de Atenção à Condução";"Capotamento";"Sem Vítimas";"Plena Noite";"Decrescente";"Nublado";"Dupla";"Reta";"Sim";2;0;0;0;1;1;0;1;-17,9176417;-51,6844053;"SPRF-GO";"DEL05-GO";"UOP01-DEL05-GO"
155134;2018-08-25;"sábado";"04:50:00";"MT";163;116;"RONDONOPOLIS";"Fenômenos da Natureza";"Queda de ocupante de veículo";"Com Vítimas Feridas";"Amanhecer";"Decrescente";"Garoa/Chuvisco";"Dupla";"Declive";"Sim";2;0;2;0;0;0;2;1;-16,52998;-54,662449;"SPRF-MT";"DEL02-MT";"UOP01-DEL02-MT"
155136;2018-08-25;"sábado";"06:00:00";"PR";376;490,7;"PONTA GROSSA";"Falta de Atenção à Condução";"Colisão com objeto estático";"Com Vítimas Feridas";"Amanhecer";"Decrescente";"Nublado";"Dupla";"Aclive";"Sim";1;0;1;0;0;0;1;1;-25,10614344;-50,19333869;"SPRF-PR";"DEL03-PR";"UOP04-DEL03-PR"
155138;2018-08-25;"sábado";"06:05:00";"RJ";101;59;"CAMPOS DOS GOYTACAZES";"Falta de Atenção à Condução";"Colisão frontal";"Sem Vítimas";"Pleno dia";"Crescente";"Céu Claro";"Simples";"Reta";"Sim";3;0;0;0;3;0;0;3;-21,71364;-41,308613;"SPRF-RJ";"DEL08-RJ";"UOP01-DEL08-RJ"
155139;2018-08-25;"sábado";"07:20:00";"SP";381;82;"SAO PAULO";"Falta de Atenção à Condução";"Colisão com objeto estático";"Com Vítimas Feridas";"Pleno dia";"Crescente";"Garoa/Chuvisco";"Dupla";"Reta";"Sim";1;0;1;0;0;0;1;1;-23,44119902;-46,56864166;"SPRF-SP";"DEL03-SP";"DEL6/3-UOP03/SP"
155140;2018-08-24;"sexta-feira";"23:30:00";"SC";280;157,6;"MAFRA";"Velocidade Incompatível";"Saída de leito carroçável";"Com Vítimas Feridas";"Plena Noite";"Decrescente";"Nublado";"Simples";"Curva;Declive";"Não";1;0;1;0;0;0;1;1;-26,20046598;-49,7424244;"SPRF-SC";"DEL06-SC";"UOP03-DEL06-SC"
155142;2018-08-24;"sexta-feira";"23:15:00";"MG";365;563;"UBERLANDIA";"Desobediência às normas de trânsito pelo condutor";"Colisão transversal";"Com Vítimas Feridas";"Plena Noite";"Crescente";"Céu Claro";"Simples";"Reta";"Sim";1;0;0;1;0;0;1;1;-18,8974;-48,2715;"SPRF-MG";"DEL15-MG";"UOP02-DEL15-MG"
155143;2018-08-25;"sábado";"07:00:00";"RJ";116;328;"RESENDE";"Pista Escorregadia";"Saída de leito carroçável";"Com Vítimas Feridas";"Pleno dia";"Crescente";"Chuva";"Dupla";"Reta";"Não";3;0;2;0;1;0;2;2;-22,49257443;-44,65187073;"SPRF-RJ";"DEL07-RJ";"DEL5/7-UOP03/RJ"
155146;2018-08-25;"sábado";"07:20:00";"CE";116;10,1;"FORTALEZA";"Falta de Atenção à Condução";"Colisão traseira";"Com Vítimas Feridas";"Pleno dia";"Decrescente";"Céu Claro";"Dupla";"Reta";"Sim";2;0;1;0;1;0;1;2;-3,84583885;-38,49773526;"SPRF-CE";"DEL01-CE";"UOP02-DEL01-CE"
155147;2018-08-25;"sábado";"07:30:00";"BA";324;5;"FEIRA DE SANTANA";"Defeito Mecânico no Veículo";"Saída de leito carroçável";"Com Vítimas Feridas";"Pleno dia";"Crescente";"Céu Claro";"Dupla";"Reta";"Não";4;0;1;0;3;0;1;1;-12,27511124;-38,98398539;"SPRF-BA";"DEL02-BA";"UOP01-DEL02-BA"
155149;2018-08-25;"sábado";"07:40:00";"MG";381;485,9;"BETIM";"Falta de Atenção à Condução";"Colisão lateral";"Com Vítimas Feridas";"Pleno dia";"Crescente";"Céu Claro";"Dupla";"Reta";"Sim";4;0;3;0;1;0;3;2;-19,9561;-44,1064;"SPRF-MG";"DEL01-MG";"UOP03-DEL01-MG"
155151;2018-08-25;"sábado";"07:30:00";"RJ";116;327,1;"RESENDE";"Avarias e/ou desgaste excessivo no pneu";"Colisão com objeto estático";"Com Vítimas Feridas";"Pleno dia";"Decrescente";"Chuva";"Dupla";"Reta";"Não";1;0;1;0;0;0;1;1;-22,49685664;-44,64440346;"SPRF-RJ";"DEL07-RJ";"DEL5/7-UOP03/RJ"
155152;2018-08-25;"sábado";"08:00:00";"MG";40;818,2;"SIMAO PEREIRA";"Condutor Dormindo";"Saída de leito carroçável";"Com Vítimas Feridas";"Pleno dia";"Decrescente";"Nublado";"Dupla";"Curva";"Não";4;0;2;1;1;0;3;1;-21,94034365;-43,30668122;"SPRF-MG";"DEL05-MG";"UOP01-DEL05-MG"
155153;2018-08-25;"sábado";"08:10:00";"PR";476;148;"ARAUCARIA";"Ingestão de Álcool";"Colisão com objeto estático";"Com Vítimas Feridas";"Pleno dia";"Decrescente";"Céu Claro";"Dupla";"Declive";"Sim";1;0;1;0;0;0;1;1;-25,55705778;-49,3484509;"SPRF-PR";"DEL01-PR";"UOP06-DEL01-PR"
155154;2018-08-25;"sábado";"08:20:00";"RS";290;150,5;"ARROIO DOS RATOS";"Falta de Atenção à Condução";"Colisão com objeto estático";"Sem Vítimas";"Pleno dia";"Decrescente";"Céu Claro";"Simples";"Ponte";"Não";1;0;0;0;1;0;0;1;-30,10556788;-51,71379447;"SPRF-RS";"DEL02-RS";"UOP01-DEL02-RS"
155155;2018-08-25;"sábado";"08:30:00";"PR";116;122;"CURITIBA";"Condutor Dormindo";"Saída de leito carroçável";"Com Vítimas Feridas";"Pleno dia";"Decrescente";"Céu Claro";"Dupla";"Curva";"Sim";5;0;4;0;1;0;4;1;-25,551222;-49,305038;"SPRF-PR";"DEL01-PR";"UOP03-DEL01-PR"
155156;2018-08-25;"sábado";"08:30:00";"SP";116;317,5;"JUQUITIBA";"Falta de Atenção do Pedestre";"Atropelamento de Pedestre";"Com Vítimas Feridas";"Pleno dia";"Decrescente";"Céu Claro";"Dupla";"Reta";"Não";2;0;1;0;1;0;1;2;-23,92083488;-46,9915697;"SPRF-SP";"DEL04-SP";"UOP03-DEL04-SP"
155157;2018-08-25;"sábado";"08:40:00";"RS";116;258;"ESTEIO";"Ingestão de Álcool";"Colisão transversal";"Com Vítimas Feridas";"Pleno dia";"Decrescente";"Céu Claro";"Múltipla";"Rotatória";"Não";5;0;1;0;4;0;1;2;-29,85851045;-51,18116677;"SPRF-RS";"DEL01-RS";"UOP02-DEL01-RS"
155160;2018-08-25;"sábado";"08:40:00";"BA";101;191,8;"SAO GONCALO DOS CAMPOS";"Falta de Atenção à Condução";"Colisão frontal";"Com Vítimas Feridas";"Pleno dia";"Crescente";"Céu Claro";"Simples";"Reta";"Não";4;0;3;0;1;0;3;3;-12,5127615;-38,9681501;"SPRF-BA";"DEL01-BA";"UOP03-DEL01-BA"
155161;2018-08-25;"sábado";"07:30:00";"MG";50;185,5;"UBERABA";"Falta de Atenção à Condução";"Saída de leito carroçável";"Sem Vítimas";"Pleno dia";"Decrescente";"Chuva";"Dupla";"Reta";"Sim";1;0;0;0;0;1;0;1;-19,8219;-47,8925;"SPRF-MG";"DEL13-MG";"UOP01-DEL13-MG"
155165;2018-08-25;"sábado";"09:15:00";"MG";381;704,3;"LAVRAS";"Velocidade Incompatível";"Saída de leito carroçável";"Com Vítimas Feridas";"Pleno dia";"Crescente";"Chuva";"Dupla";"Declive;Curva";"Não";3;0;2;0;1;0;2;1;-21,31129023;-45,16333562;"SPRF-MG";"DEL04-MG";"UOP02-DEL04-MG"
155166;2018-08-25;"sábado";"09:00:00";"SC";101;206,3;"SAO JOSE";"Falta de Atenção à Condução";"Colisão traseira";"Com Vítimas Feridas";"Pleno dia";"Crescente";"Céu Claro";"Múltipla";"Interseção de Vias";"Sim";2;0;1;0;1;0;1;2;-27,59646724;-48,620004;"SPRF-SC";"DEL01-SC";"UOP01-DEL01-SC"
155167;2018-08-25;"sábado";"08:30:00";"MG";40;549,1;"NOVA LIMA";"Falta de Atenção à Condução";"Colisão traseira";"Com Vítimas Feridas";"Pleno dia";"Crescente";"Céu Claro";"Dupla";"Reta";"Sim";2;0;1;0;1;0;1;2;-20,04371599;-43,96456003;"SPRF-MG";"DEL01-MG";"UOP02-DEL01-MG"
155168;2018-08-25;"sábado";"07:40:00";"MG";381;907;"CAMBUI";"Velocidade Incompatível";"Capotamento";"Com Vítimas Feridas";"Pleno dia";"Decrescente";"Chuva";"Dupla";"Curva";"Não";4;0;2;0;2;0;2;1;-22,679;-46,0995;"SPRF-MG";"DEL16-MG";"UOP03-DEL16-MG"
155169;2018-08-25;"sábado";"07:50:00";"MG";381;925;"ITAPEVA";"Velocidade Incompatível";"Saída de leito carroçável";"Com Vítimas Feridas";"Amanhecer";"Crescente";"Chuva";"Dupla";"Reta";"Não";1;0;1;0;0;0;1;1;-22,7686;-46,207;"SPRF-MG";"DEL16-MG";"UOP03-DEL16-MG"
155170;2018-08-25;"sábado";"03:30:00";"PA";222;232;"MARABA";"Velocidade Incompatível";"Capotamento";"Sem Vítimas";"Amanhecer";"Decrescente";"Céu Claro";"Simples";"Reta";"Não";1;0;0;0;0;1;0;1;-5,252821;-49,065536;"SPRF-PA";"DEL03-PA";"UOP01-DEL03-PA"
155171;2018-08-25;"sábado";"09:10:00";"RJ";116;253,6;"PIRAI";"Pista Escorregadia";"Saída de leito carroçável";"Com Vítimas Feridas";"Pleno dia";"Decrescente";"Chuva";"Dupla";"Curva";"Não";4;0;4;0;0;0;4;1;-22,624538;-43,917652;"SPRF-RJ";"DEL07-RJ";"UOP02-DEL07-RJ"
155173;2018-08-25;"sábado";"08:30:00";"MT";70;521;"VARZEA GRANDE";"Desobediência às normas de trânsito pelo condutor";"Colisão transversal";"Com Vítimas Feridas";"Pleno dia";"Decrescente";"Céu Claro";"Simples";"Reta";"Não";2;0;1;0;1;0;1;2;-15,66436247;-56,1845541;"SPRF-MT";"DEL01-MT";"DEL2/4-UOP02/MT"
155176;2018-08-25;"sábado";"09:35:00";"BA";407;146;"SENHOR DO BONFIM";"Desobediência às normas de trânsito pelo condutor";"Colisão frontal";"Com Vítimas Feridas";"Pleno dia";"Decrescente";"Céu Claro";"Simples";"Reta";"Não";3;0;2;0;1;0;2;2;-10,62837;-40,13056;"SPRF-BA";"DEL04-BA";"UOP01-DEL04-BA"
155177;2018-08-25;"sábado";"10:35:00";"ES";101;142;"LINHARES";"Falta de Atenção à Condução";"Colisão transversal";"Com Vítimas Feridas";"Pleno dia";"Crescente";"Céu Claro";"Múltipla";"Reta";"Sim";2;0;1;0;1;0;1;2;-19,33310343;-40,06839663;"SPRF-ES";"DEL04-ES";"UOP01-DEL04-ES"
155178;2018-08-25;"sábado";"09:00:00";"MT";163;721;"SORRISO";"Defeito Mecânico no Veículo";"Incêndio";"Sem Vítimas";"Pleno dia";"Crescente";"Céu Claro";"Simples";"Reta";"Não";1;0;0;0;0;1;0;1;-12,70465051;-55,81329346;"SPRF-MT";"DEL06-MT";"UOP01-DEL06-MT"
155179;2018-08-25;"sábado";"08:40:00";"ES";101;307,6;"VIANA";"Falta de Atenção à Condução";"Tombamento";"Com Vítimas Feridas";"Pleno dia";"Crescente";"Céu Claro";"Simples";"Reta";"Não";1;0;1;0;0;0;1;1;-20,404;-40,456;"SPRF-ES";"DEL03-ES";"UOP01-DEL03-ES"
155181;2018-08-25;"sábado";"11:05:00";"DF";70;12,7;"BRASILIA";"Falta de Atenção à Condução";"Colisão lateral";"Com Vítimas Feridas";"Pleno dia";"Crescente";"Céu Claro";"Dupla";"Reta";"Não";3;0;2;0;1;0;2;2;-15,79380215;-48,16385597;"SPRF-DF";"DEL01-DF";"UOP02-DEL03-DF"
155182;2018-08-25;"sábado";"11:00:00";"MG";40;506;"RIBEIRAO DAS NEVES";"Desobediência às normas de trânsito pelo condutor";"Colisão lateral";"Com Vítimas Feridas";"Pleno dia";"Crescente";"Nublado";"Dupla";"Curva";"Não";5;0;3;0;2;0;3;2;-19,74759;-44,14772;"SPRF-MG";"DEL02-MG";"UOP01-DEL02-MG"
155185;2018-08-25;"sábado";"11:05:00";"ES";101;142;"LINHARES";"Falta de Atenção à Condução";"Colisão transversal";"Com Vítimas Feridas";"Pleno dia";"Crescente";"Céu Claro";"Múltipla";"Reta";"Sim";2;0;1;0;1;0;1;2;-19,33307812;-40,06836444;"SPRF-ES";"DEL04-ES";"UOP01-DEL04-ES"
155186;2018-08-25;"sábado";"11:45:00";"MG";365;626,9;"UBERLANDIA";"Defeito Mecânico no Veículo";"Saída de leito carroçável";"Com Vítimas Feridas";"Pleno dia";"Crescente";"Chuva";"Dupla";"Aclive;Reta";"Sim";1;0;1;0;0;0;1;1;-18,91002166;-48,30652803;"SPRF-MG";"DEL15-MG";"UOP01-DEL15-MG"
155187;2018-08-25;"sábado";"11:15:00";"BA";116;775,3;"PLANALTO";"Ingestão de Álcool";"Colisão transversal";"Com Vítimas Feridas";"Pleno dia";"Decrescente";"Céu Claro";"Simples";"Reta";"Não";2;0;1;0;1;0;1;2;-14,65951;-40,46096;"SPRF-BA";"DEL08-BA";"UOP02-DEL08-BA"
155188;2018-08-25;"sábado";"12:15:00";"RN";304;306,5;"PARNAMIRIM";"Falta de Atenção à Condução";"Colisão lateral";"Com Vítimas Feridas";"Pleno dia";"Crescente";"Céu Claro";"Dupla";"Aclive";"Sim";2;0;1;0;1;0;1;2;-5,8892072;-35,2673471;"SPRF-RN";"DEL01-RN";"UOP02-DEL01-RN"
155189;2018-08-25;"sábado";"12:10:00";"SC";101;133,4;"BALNEARIO CAMBORIU";"Falta de Atenção à Condução";"Colisão traseira";"Com Vítimas Feridas";"Pleno dia";"Crescente";"Céu Claro";"Dupla";"Reta";"Sim";5;0;0;2;3;0;2;4;-27,0021;-48,6362;"SPRF-SC";"DEL04-SC";"UOP03-DEL04-SC"
155190;2018-08-25;"sábado";"11:00:00";"DF";20;6;"BRASILIA";"Falta de Atenção à Condução";"Colisão lateral";"Com Vítimas Feridas";"Pleno dia";"Crescente";"Céu Claro";"Dupla";"Aclive";"Sim";2;0;1;0;1;0;1;2;-15,665888;-47,808308;"SPRF-DF";"DEL02-DF";"UOP01-DEL02-DF"
155191;2018-08-25;"sábado";"12:50:00";"SC";470;72,5;"INDAIAL";"Falta de Atenção à Condução";"Colisão transversal";"Com Vítimas Feridas";"Pleno dia";"Crescente";"Céu Claro";"Simples";"Interseção de Vias";"Sim";5;0;1;4;0;0;5;2;-26,90567823;-49,27210441;"SPRF-SC";"DEL04-SC";"UOP01-DEL04-SC"
155193;2018-08-25;"sábado";"13:15:00";"DF";20;7,7;"BRASILIA";"Falta de Atenção do Pedestre";"Atropelamento de Pedestre";"Com Vítimas Fatais";"Pleno dia";"Crescente";"Céu Claro";"Dupla";"Reta";"Sim";3;1;0;0;1;1;0;2;-15,65971375;-47,79439417;"SPRF-DF";"DEL02-DF";"UOP01-DEL02-DF"
155195;2018-08-25;"sábado";"12:10:00";"SC";280;74,3;"JARAGUA DO SUL";"Falta de Atenção à Condução";"Colisão transversal";"Com Vítimas Feridas";"Pleno dia";"Crescente";"Céu Claro";"Simples";"Reta";"Não";3;0;2;0;1;0;2;2;-26,45906678;-49,17482246;"SPRF-SC";"DEL03-SC";"UOP03-DEL03-SC"
155196;2018-08-25;"sábado";"12:20:00";"PB";361;21;"SANTA TERESINHA";"Desobediência às normas de trânsito pelo condutor";"Colisão frontal";"Com Vítimas Fatais";"Pleno dia";"Crescente";"Céu Claro";"Simples";"Reta";"Não";2;1;0;0;0;1;0;2;-7,08252701;-37,42908955;"SPRF-PB";"DEL03-PB";"UOP01-DEL03-PB"
155197;2018-08-25;"sábado";"13:50:00";"ES";262;21,5;"VIANA";"Condutor Dormindo";"Incêndio";"Sem Vítimas";"Pleno dia";"Decrescente";"Céu Claro";"Simples";"Reta";"Sim";1;0;0;0;1;0;0;1;-20,37941399;-40,50687879;"SPRF-ES";"DEL01-ES";"UOP01-DEL01-ES"
155198;2018-08-25;"sábado";"14:15:00";"SC";470;8;"NAVEGANTES";"Defeito Mecânico no Veículo";"Incêndio";"Sem Vítimas";"Pleno dia";"Crescente";"Céu Claro";"Simples";"Curva";"Não";1;0;0;0;1;0;0;1;-26,83423257;-48,72250056;"SPRF-SC";"DEL04-SC";"UOP04-DEL04-SC"
155199;2018-08-25;"sábado";"06:45:00";"MG";365;568;"UBERLANDIA";"Agressão Externa";"Capotamento";"Com Vítimas Feridas";"Pleno dia";"Crescente";"Nublado";"Simples";"Curva";"Não";2;0;1;0;1;0;1;1;-18,9325312;-48,234496;"SPRF-MG";"DEL15-MG";"UOP02-DEL15-MG"
155200;2018-08-25;"sábado";"14:30:00";"SC";280;3,9;"SAO FRANCISCO DO SUL";"Não guardar distância de segurança";"Colisão traseira";"Com Vítimas Feridas";"Pleno dia";"Crescente";"Céu Claro";"Simples";"Reta";"Sim";2;0;1;0;1;0;1;2;-26,25258562;-48,61847162;"SPRF-SC";"DEL03-SC";"UOP03-DEL03-SC"
155201;2018-08-25;"sábado";"14:00:00";"PR";476;127;"CURITIBA";"Defeito Mecânico no Veículo";"Colisão com objeto estático";"Com Vítimas Feridas";"Pleno dia";"Crescente";"Sol";"Dupla";"Aclive";"Sim";1;0;1;0;0;0;1;1;-25,42620269;-49,22763348;"SPRF-PR";"DEL01-PR";"UOP07-DEL01-PR"
155202;2018-08-25;"sábado";"14:45:00";"PE";423;75,4;"JUPI";"Falta de Atenção à Condução";"Colisão transversal";"Com Vítimas Feridas";"Pleno dia";"Crescente";"Céu Claro";"Simples";"Curva";"Não";2;0;1;1;0;0;2;2;-8,72693;-36,43134;"SPRF-PE";"DEL03-PE";"UOP01-DEL03-PE"
155203;2018-08-25;"sábado";"11:15:00";"MG";381;704,3;"LAVRAS";"Velocidade Incompatível";"Colisão com objeto estático";"Com Vítimas Feridas";"Pleno dia";"Crescente";"Chuva";"Dupla";"Declive;Curva";"Não";2;0;2;0;0;0;2;1;-21,3156;-45,1672;"SPRF-MG";"DEL04-MG";"UOP02-DEL04-MG"
155205;2018-08-25;"sábado";"14:15:00";"MA";230;2;"BARAO DE GRAJAU";"Falta de Atenção à Condução";"Colisão traseira";"Sem Vítimas";"Pleno dia";"Crescente";"Céu Claro";"Simples";"Reta";"Sim";2;0;0;0;2;0;0;2;-6,753782;-43,027554;"SPRF-PI";"DEL03-PI";"UOP01-DEL03-PI"
155206;2018-08-25;"sábado";"13:30:00";"MG";116;414,3;"GOVERNADOR VALADARES";"Desobediência às normas de trânsito pelo condutor";"Colisão transversal";"Com Vítimas Feridas";"Pleno dia";"Crescente";"Sol";"Simples";"Interseção de Vias";"Sim";2;0;2;0;0;0;2;2;-18,881348;-41,958534;"SPRF-MG";"DEL06-MG";"UOP01-DEL06-MG"