"id";"data_inversa";"dia_semana";"horario";"uf";"br";"km";"municipio";"causa_acidente";"tipo_acidente";"classificacao_acidente";"fase_dia";"sentido_via";"condicao_metereologica";"tipo_pista";"tracado_via";"uso_solo";"pessoas";"mortos";"feridos_leves";"feridos_graves";"ilesos";"ignorados";"feridos";"veiculos";"latitude";"longitude";"regional";"delegacia";"uop"
155209;2018-08-25;"sábado";"15:10:00";"PE";101;26,1;"IGARASSU";"Falta de Atenção à Condução";"Colisão com objeto estático";"Com Vítimas Feridas";"Pleno dia";"Crescente";"Sol";"Dupla";"Reta";"Não";1;0;1;0;0;0;1;1;-7,7145;-34,9349;"SPRF-PE";"DEL01-PE";"UOP02-DEL01-PE"
155212;2018-08-25;"sábado";"13:10:00";"MG";262;584;"CAMPOS ALTOS";"Pista Escorregadia";"Saída de leito carroçável";"Com Vítimas Feridas";"Pleno dia";"Decrescente";"Garoa/Chuvisco";"Simples";"Curva";"Não";1;0;1;0;0;0;1;1;-19,648819;-46,071289;"SPRF-MG";"DEL08-MG";"UOP02-DEL08-MG"
155213;2018-08-25;"sábado";"13:30:00";"MG";262;607;"CAMPOS ALTOS";"Pista Escorregadia";"Saída de leito carroçável";"Com Vítimas Feridas";"Pleno dia";"Decrescente";"Chuva";"Simples";"Curva";"Não";1;0;1;0;0;0;1;1;-19,666414;-46,16032;"SPRF-MG";"DEL08-MG";"UOP02-DEL08-MG"
155214;2018-08-25;"sábado";"15:45:00";"SC";282;6,1;"SAO JOSE";"Falta de Atenção à Condução";"Colisão lateral";"Com Vítimas Feridas";"Pleno dia";"Crescente";"Sol";"Dupla";"Curva";"Sim";5;0;0;2;3;0;2;4;-27,591936;-48,618244;"SPRF-SC";"DEL01-SC";"UOP01-DEL01-SC"
155215;2018-08-25;"sábado";"15:58:00";"DF";70;16,2;"BRASILIA";"Desobediência às normas de trânsito pelo condutor";"Colisão transversal";"Com Vítimas Feridas";"Pleno dia";"Crescente";"Céu Claro";"Dupla";"Interseção de Vias";"Não";2;0;1;0;1;0;1;2;-15,79559848;-48,19559455;"SPRF-DF";"DEL01-DF";"UOP02-DEL03-DF"
155216;2018-08-25;"sábado";"16:00:00";"PR";376;180,4;"MARINGA";"Falta de Atenção à Condução";"Colisão traseira";"Com Vítimas Feridas";"Pleno dia";"Decrescente";"Céu Claro";"Dupla";"Reta";"Sim";5;0;1;0;4;0;1;4;-23,4245036;-51,90092951;"SPRF-PR";"DEL07-PR";"UOP01-DEL09-PR"
155218;2018-08-25;"sábado";"16:15:00";"RS";392;299,3;"SAO SEPE";"Falta de Atenção à Condução";"Colisão lateral";"Com Vítimas Feridas";"Pleno dia";"Decrescente";"Céu Claro";"Simples";"Reta";"Não";3;0;0;1;1;1;1;3;-30,149778;-53,594704;"SPRF-RS";"DEL09-RS";"UOP01-DEL09-RS"
155219;2018-08-25;"sábado";"16:30:00";"SP";116;180;"GUARAREMA";"Mal Súbito";"Colisão traseira";"Com Vítimas Feridas";"Pleno dia";"Crescente";"Nublado";"Dupla";"Reta";"Não";7;0;4;0;3;0;4;2;-23,33880804;-46,15005612;"SPRF-SP";"DEL02-SP";"UOP01-DEL02-SP"
155220;2018-08-25;"sábado";"16:50:00";"PE";101;41,2;"ITAPISSUMA";"Velocidade Incompatível";"Colisão traseira";"Com Vítimas Feridas";"Pleno dia";"Decrescente";"Nublado";"Dupla";"Aclive;Curva";"Sim";3;0;1;0;2;0;1;2;-7,835601;-34,912481;"SPRF-PE";"DEL01-PE";"UOP02-DEL01-PE"
155221;2018-08-25;"sábado";"16:50:00";"BA";116;421,6;"FEIRA DE SANTANA";"Agressão Externa";"Queda de ocupante de veículo";"Com Vítimas Feridas";"Anoitecer";"Crescente";"Céu Claro";"Simples";"Reta";"Sim";1;0;1;0;0;0;1;1;-12,23040558;-38,96591803;"SPRF-BA";"DEL02-BA";"UOP01-DEL02-BA"
155222;2018-08-25;"sábado";"17:00:00";"PR";376;623,8;"SAO JOSE DOS PINHAIS";"Falta de Atenção do Pedestre";"Atropelamento de Pedestre";"Com Vítimas Fatais";"Pleno dia";"Decrescente";"Céu Claro";"Dupla";"Reta";"Sim";3;1;0;0;2;0;0;2;-25,63889549;-49,16004181;"SPRF-PR";"DEL01-PR";"DEL7/1-UOP08/PR"
155225;2018-08-25;"sábado";"17:05:00";"GO";40;0,1;"VALPARAISO DE GOIAS";"Velocidade Incompatível";"Colisão lateral";"Com Vítimas Feridas";"Anoitecer";"Decrescente";"Céu Claro";"Dupla";"Reta";"Sim";3;0;0;1;1;1;1;2;-16,058273;-47,982655;"SPRF-DF";"DEL01-DF";"UOP01-DEL01-DF"
155228;2018-08-25;"sábado";"17:00:00";"RS";101;19,8;"TRES CACHOEIRAS";"Velocidade Incompatível";"Colisão lateral";"Sem Vítimas";"Pleno dia";"Decrescente";"Céu Claro";"Dupla";"Reta";"Sim";3;0;0;0;3;0;0;2;-29,42871753;-49,88401687;"SPRF-RS";"DEL03-RS";"DEL9/3-UOP03/RS"
155230;2018-08-25;"sábado";"17:15:00";"PR";476;125;"CURITIBA";"Falta de Atenção à Condução";"Colisão lateral";"Sem Vítimas";"Pleno dia";"Decrescente";"Céu Claro";"Múltipla";"Reta";"Sim";2;0;0;0;2;0;0;2;-25,4083;-49,219658;"SPRF-PR";"DEL01-PR";"UOP07-DEL01-PR"
155231;2018-08-25;"sábado";"16:10:00";"MT";364;408;"CUIABA";"Ingestão de álcool e/ou substâncias psicoativas pelo pedestre";"Colisão transversal";"Sem Vítimas";"Pleno dia";"Crescente";"Céu Claro";"Múltipla";"Reta";"Sim";2;0;0;0;2;0;0;2;-15,647738;-56,005013;"SPRF-MT";"DEL02-MT";"UOP02-DEL01-MT"
155233;2018-08-25;"sábado";"17:50:00";"RN";101;125;"SAO JOSE DE MIPIBU";"Ingestão de Álcool";"Atropelamento de Pedestre";"Com Vítimas Feridas";"Plena Noite";"Decrescente";"Céu Claro";"Dupla";"Reta";"Sim";2;0;0;1;1;0;1;2;-6,074326;-35,233681;"SPRF-RN";"DEL01-RN";"UOP01-DEL01-RN"
155234;2018-08-25;"sábado";"17:00:00";"PR";277;292;"PRUDENTOPOLIS";"Avarias e/ou desgaste excessivo no pneu";"Tombamento";"Com Vítimas Feridas";"Pleno dia";"Crescente";"Céu Claro";"Simples";"Reta";"Não";2;0;2;0;0;0;2;1;-25,31873563;-51,0078907;"SPRF-PR";"DEL03-PR";"UOP02-DEL08-PR"
155235;2018-08-25;"sábado";"18:00:00";"MG";262;800;"UBERABA";"Não guardar distância de segurança";"Colisão traseira";"Com Vítimas Feridas";"Plena Noite";"Crescente";"Nublado";"Dupla";"Aclive";"Sim";3;0;1;0;1;1;1;3;-19,7689423;-47,89460421;"SPRF-MG";"DEL13-MG";"UOP01-DEL13-MG"
155237;2018-08-25;"sábado";"13:00:00";"RJ";101;485;"ANGRA DOS REIS";"Desobediência às normas de trânsito pelo condutor";"Tombamento";"Com Vítimas Feridas";"Pleno dia";"Decrescente";"Nublado";"Simples";"Reta";"Sim";2;0;0;1;1;0;1;2;-22,98936406;-44,30379187;"SPRF-RJ";"DEL03-RJ";"UOP03-DEL03-RJ"
155238;2018-08-25;"sábado";"17:40:00";"CE";20;413,4;"MARACANAU";"Restrição de Visibilidade";"Atropelamento de Pedestre";"Com Vítimas Feridas";"Anoitecer";"Crescente";"Céu Claro";"Simples";"Reta";"Sim";2;0;0;1;1;0;1;2;-3,7664266;-38,6634125;"SPRF-CE";"DEL01-CE";"UOP01-DEL01-CE"
155241;2018-08-25;"sábado";"18:30:00";"ES";101;25,5;"CONCEICAO DA BARRA";"Ingestão de Álcool";"Colisão transversal";"Com Vítimas Feridas";"Plena Noite";"Decrescente";"Céu Claro";"Simples";"Reta";"Não";2;0;0;1;1;0;1;2;-18,367468;-39,950821;"SPRF-ES";"DEL04-ES";"UOP02-DEL04-ES"
155242;2018-08-25;"sábado";"18:30:00";"DF";20;22,4;"BRASILIA";"Falta de Atenção à Condução";"Colisão lateral";"Com Vítimas Feridas";"Plena Noite";"Decrescente";"Garoa/Chuvisco";"Dupla";"Rotatória;Reta";"Sim";4;0;1;0;3;0;1;2;-15,5968172;-47,6733653;"SPRF-DF";"DEL02-DF";"UOP01-DEL02-DF"
155243;2018-08-25;"sábado";"17:45:00";"CE";20;413,4;"MARACANAU";"Desobediência às normas de trânsito pelo condutor";"Colisão transversal";"Sem Vítimas";"Anoitecer";"Decrescente";"Céu Claro";"Simples";"Reta";"Sim";3;0;0;0;3;0;0;3;-3,82011905;-38,63111079;"SPRF-CE";"DEL01-CE";"UOP01-DEL01-CE"
155244;2018-08-25;"sábado";"18:50:00";"PR";376;293,9;"MAUA DA SERRA";"Velocidade Incompatível";"Saída de leito carroçável";"Com Vítimas Feridas";"Plena Noite";"Decrescente";"Céu Claro";"Simples";"Reta";"Não";2;0;1;1;0;0;2;1;-23,905308;-51,203475;"SPRF-PR";"DEL07-PR";"UOP02-DEL07-PR"
155245;2018-08-25;"sábado";"18:55:00";"PA";316;6,2;"ANANINDEUA";"Não guardar distância de segurança";"Colisão lateral";"Com Vítimas Feridas";"Plena Noite";"Crescente";"Nublado";"Dupla";"Reta";"Sim";2;0;1;0;1;0;1;2;-1,37551441;-48,38977005;"SPRF-PA";"DEL01-PA";"DEL19/1-UOP05/PA"
155247;2018-08-25;"sábado";"19:20:00";"SP";116;224,8;"GUARULHOS";"Falta de Atenção à Condução";"Colisão com objeto estático";"Com Vítimas Feridas";"Plena Noite";"Decrescente";"Garoa/Chuvisco";"Múltipla";"Reta";"Sim";2;0;1;0;0;1;1;2;-23,48648061;-46,54142428;"SPRF-SP";"DEL01-SP";"UOP01-DEL01-SP"
155250;2018-08-25;"sábado";"19:10:00";"BA";110;345,8;"ALAGOINHAS";"Mal Súbito";"Colisão frontal";"Com Vítimas Fatais";"Plena Noite";"Crescente";"Céu Claro";"Simples";"Reta";"Não";4;1;1;1;0;1;2;2;-12,20019054;-38,41503739;"SPRF-BA";"DEL01-BA";"UOP04-DEL01-BA"
155251;2018-08-25;"sábado";"18:40:00";"RO";429;98;"ALVORADA DOESTE";"Desobediência às normas de trânsito pelo condutor";"Colisão frontal";"Com Vítimas Fatais";"Plena Noite";"Crescente";"Nublado";"Simples";"Reta";"Não";2;1;0;0;1;0;0;2;-11,386036;-62,324646;"SPRF-RO";"DEL02-RO";"UOP03-DEL02-RO"
155253;2018-08-25;"sábado";"16:25:00";"SC";280;79,6;"CORUPA";"Desobediência às normas de trânsito pelo condutor";"Colisão transversal";"Com Vítimas Feridas";"Pleno dia";"Decrescente";"Céu Claro";"Simples";"Reta";"Não";3;0;1;0;2;0;1;2;-26,446527;-49,201656;"SPRF-SC";"DEL06-SC";"UOP03-DEL06-SC"
155254;2018-08-25;"sábado";"16:35:00";"SC";280;100;"SAO BENTO DO SUL";"Ingestão de álcool e/ou substâncias psicoativas pelo pedestre";"Saída de leito carroçável";"Com Vítimas Feridas";"Pleno dia";"Crescente";"Céu Claro";"Simples";"Aclive";"Não";2;0;1;1;0;0;2;1;-26,371477;-49,330688;"SPRF-SC";"DEL06-SC";"UOP03-DEL06-SC"
155255;2018-08-25;"sábado";"19:30:00";"RJ";393;167,7;"TRES RIOS";"Falta de Atenção à Condução";"Colisão transversal";"Com Vítimas Feridas";"Plena Noite";"Decrescente";"Céu Claro";"Simples";"Reta";"Sim";2;0;1;0;0;1;1;2;-22,121596;-43,165286;"SPRF-RJ";"DEL06-RJ";"UOP01-DEL05-RJ"
155256;2018-08-25;"sábado";"19:40:00";"RS";392;659,8;"CERRO LARGO";"Não guardar distância de segurança";"Colisão traseira";"Com Vítimas Feridas";"Plena Noite";"Crescente";"Céu Claro";"Simples";"Reta";"Não";3;0;2;0;0;1;2;2;-28,12496366;-54,76180136;"SPRF-RS";"DEL10-RS";"UOP01-DEL10-RS"
155257;2018-08-25;"sábado";"19:50:00";"PR";153;108,9;"IBAITI";"Falta de Atenção do Pedestre";"Atropelamento de Pedestre";"Com Vítimas Fatais";"Plena Noite";"Crescente";"Céu Claro";"Simples";"Reta";"Sim";2;1;0;1;0;0;1;2;-23,84925121;-50,1923793;"SPRF-PR";"DEL07-PR";"UOP04-DEL07-PR"
155258;2018-08-25;"sábado";"19:50:00";"RS";470;162,5;"VILA FLORES";"Falta de Atenção à Condução";"Atropelamento de Pedestre";"Com Vítimas Feridas";"Pleno dia";"Decrescente";"Céu Claro";"Simples";"Reta";"Sim";3;0;0;1;1;1;1;2;-28,82367;-51,58555;"SPRF-RS";"DEL06-RS";"UOP02-DEL06-RS"
155259;2018-08-25;"sábado";"19:00:00";"RO";364;196,4;"PIMENTA BUENO";"Falta de Atenção à Condução";"Colisão traseira";"Com Vítimas Feridas";"Plena Noite";"Decrescente";"Garoa/Chuvisco";"Simples";"Reta";"Sim";3;0;2;0;1;0;2;2;-11,68347413;-61,18563205;"SPRF-RO";"DEL02-RO";"UOP02-DEL02-RO"
155262;2018-08-25;"sábado";"20:00:00";"MG";381;947;"EXTREMA";"Objeto estático sobre o leito carroçável";"Colisão com objeto estático";"Com Vítimas Feridas";"Anoitecer";"Crescente";"Nublado";"Dupla";"Declive";"Não";1;0;1;0;0;0;1;1;-22,8702;-46,3576;"SPRF-MG";"DEL16-MG";"UOP03-DEL16-MG"
155263;2018-08-25;"sábado";"20:10:00";"GO";80;164;"VILA PROPICIO";"Velocidade Incompatível";"Colisão traseira";"Com Vítimas Feridas";"Plena Noite";"Crescente";"Céu Claro";"Simples";"Curva";"Não";2;0;1;0;0;1;1;2;-15,208875;-48,697312;"SPRF-GO";"DEL07-GO";"UOP02-DEL07-GO"
155264;2018-08-25;"sábado";"20:15:00";"GO";40;4;"VALPARAISO DE GOIAS";"Falta de Atenção à Condução";"Colisão traseira";"Sem Vítimas";"Anoitecer";"Decrescente";"Céu Claro";"Dupla";"Reta";"Sim";2;0;0;0;2;0;0;2;-16,085241;-47,986752;"SPRF-DF";"DEL01-DF";"UOP01-DEL01-DF"
155266;2018-08-25;"sábado";"20:30:00";"GO";153;508;"APARECIDA DE GOIANIA";"Mal Súbito";"Tombamento";"Com Vítimas Feridas";"Plena Noite";"Decrescente";"Céu Claro";"Dupla";"Aclive;Reta";"Não";2;0;0;1;0;1;1;2;-16,77165665;-49,23840791;"SPRF-GO";"DEL01-GO";"UOP03-DEL01-GO"
155267;2018-08-25;"sábado";"20:30:00";"RJ";116;316;"ITATIAIA";"Falta de Atenção à Condução";"Queda de ocupante de veículo";"Com Vítimas Feridas";"Plena Noite";"Decrescente";"Nublado";"Dupla";"Reta";"Sim";1;0;1;0;0;0;1;1;-22,48428717;-44,54460382;"SPRF-RJ";"DEL07-RJ";"DEL5/7-UOP03/RJ"
155268;2018-08-25;"sábado";"20:30:00";"ES";101;296,9;"CARIACICA";"Falta de Atenção à Condução";"Colisão traseira";"Com Vítimas Feridas";"Plena Noite";"Decrescente";"Céu Claro";"Dupla";"Curva";"Sim";4;0;1;0;3;0;1;3;-20,34427596;-40,40905489;"SPRF-ES";"DEL01-ES";"UOP01-DEL01-ES"
155269;2018-08-25;"sábado";"20:10:00";"BA";116;632;"JAGUAQUARA";"Falta de Atenção à Condução";"Atropelamento de Pedestre";"Com Vítimas Feridas";"Plena Noite";"Crescente";"Ignorado";"Simples";"Reta";"Não";2;0;0;1;1;0;1;2;-13,5147248;-40,05714411;"SPRF-BA";"DEL03-BA";"UOP01-DEL03-BA"
155270;2018-08-25;"sábado";"21:00:00";"PI";135;250;"ALVORADA DO GURGUEIA";"Falta de Atenção à Condução";"Atropelamento de Pedestre";"Com Vítimas Fatais";"Plena Noite";"Crescente";"Céu Claro";"Simples";"Reta";"Não";2;1;0;1;0;0;1;2;-8,373571;-43,839355;"SPRF-PI";"DEL03-PI";"UOP02-DEL03-PI"
155271;2018-08-25;"sábado";"19:00:00";"PA";10;261;"AURORA DO PARA";"Desobediência às normas de trânsito pelo condutor";"Colisão transversal";"Com Vítimas Feridas";"Plena Noite";"Crescente";"Céu Claro";"Simples";"Reta";"Sim";2;0;0;1;1;0;1;2;-2,14286422;-47,56078005;"SPRF-PA";"DEL02-PA";"UOP01-DEL02-PA"
155272;2018-08-25;"sábado";"21:30:00";"SP";381;37;"ATIBAIA";"Falta de Atenção do Pedestre";"Atropelamento de Pedestre";"Com Vítimas Feridas";"Plena Noite";"Crescente";"Céu Claro";"Múltipla";"Curva";"Sim";2;0;0;1;1;0;1;2;-23,10294192;-46,56874208;"SPRF-SP";"DEL03-SP";"UOP01-DEL03-SP"
155273;2018-08-25;"sábado";"21:43:00";"ES";262;46,1;"MARECHAL FLORIANO";"Ingestão de Álcool";"Colisão lateral";"Sem Vítimas";"Plena Noite";"Crescente";"Céu Claro";"Simples";"Reta";"Não";2;0;0;0;2;0;0;2;-20,4060805;-40,6719223;"SPRF-ES";"DEL01-ES";"UOP01-DEL01-ES"
155274;2018-08-25;"sábado";"09:00:00";"PA";230;120;"MARABA";"Ingestão de Álcool";"Colisão traseira";"Com Vítimas Feridas";"Plena Noite";"Decrescente";"Céu Claro";"Dupla";"Interseção de Vias";"Sim";2;0;2;0;0;0;2;2;-5,36381875;-49,1244328;"SPRF-PA";"DEL03-PA";"UOP01-DEL03-PA"
155275;2018-08-25;"sábado";"21:10:00";"RJ";116;187;"NOVA IGUACU";"Ingestão de Álcool";"Colisão com objeto estático";"Com Vítimas Feridas";"Plena Noite";"Crescente";"Céu Claro";"Dupla";"Reta";"Sim";6;0;3;2;1;0;5;1;-22,738836;-43,472469;"SPRF-RJ";"DEL01-RJ";"UOP03-DEL01-RJ"
155276;2018-08-25;"sábado";"21:49:00";"PB";101;96,2;"ALHANDRA";"Restrição de Visibilidade";"Atropelamento de Pedestre";"Com Vítimas Feridas";"Plena Noite";"Decrescente";"Chuva";"Dupla";"Reta";"Não";2;0;2;0;0;0;2;2;-7,2384;-34,9267;"SPRF-PB";"DEL01-PB";"UOP01-DEL01-PB"
155277;2018-08-25;"sábado";"22:00:00";"PB";230;11;"CABEDELO";"Falta de Atenção do Pedestre";"Atropelamento de Pedestre";"Com Vítimas Fatais";"Plena Noite";"Decrescente";"Garoa/Chuvisco";"Múltipla";"Reta";"Sim";2;1;0;0;0;1;0;2;-7,05971;-34,85052;"SPRF-PB";"DEL01-PB";"UOP01-DEL01-PB"
155278;2018-08-25;"sábado";"21:30:00";"PR";376;180;"MARINGA";"Falta de Atenção à Condução";"Queda de ocupante de veículo";"Com Vítimas Feridas";"Plena Noite";"Decrescente";"Céu Claro";"Dupla";"Reta";"Sim";1;0;0;1;0;0;1;1;-23,42225901;-51,90447807;"SPRF-PR";"DEL07-PR";"UOP01-DEL09-PR"
155279;2018-08-25;"sábado";"18:30:00";"PI";407;468;"JAICOS";"Falta de Atenção à Condução";"Colisão transversal";"Com Vítimas Feridas";"Anoitecer";"Decrescente";"Céu Claro";"Simples";"Reta";"Não";2;0;1;0;1;0;1;2;-7,37540538;-41,14946365;"SPRF-PI";"DEL04-PI";"UOP01-DEL04-PI"
155280;2018-08-25;"sábado";"20:00:00";"PI";407;429;"GEMINIANO";"Não guardar distância de segurança";"Colisão traseira";"Com Vítimas Feridas";"Plena Noite";"Decrescente";"Céu Claro";"Simples";"Reta";"Não";2;0;1;0;1;0;1;2;-7,13461969;-41,38532639;"SPRF-PI";"DEL04-PI";"UOP01-DEL04-PI"
155281;2018-08-25;"sábado";"22:00:00";"PE";232;219,8;"PESQUEIRA";"Ingestão de Álcool";"Colisão com objeto estático";"Com Vítimas Fatais";"Plena Noite";"Decrescente";"Céu Claro";"Simples";"Curva";"Não";2;1;0;1;0;0;1;1;-8,39683548;-36,77128744;"SPRF-PE";"DEL03-PE";"UOP02-DEL03-PE"
155282;2018-08-25;"sábado";"22:00:00";"SC";280;31,3;"ARAQUARI";"Falta de Atenção à Condução";"Colisão transversal";"Com Vítimas Feridas";"Plena Noite";"Crescente";"Céu Claro";"Simples";"Reta";"Não";2;0;0;1;1;0;1;2;-26,41708519;-48,77366759;"SPRF-SC";"DEL03-SC";"UOP03-DEL03-SC"
155283;2018-08-25;"sábado";"20:40:00";"MG";381;675,3;"PERDOES";"Pista Escorregadia";"Queda de ocupante de veículo";"Com Vítimas Feridas";"Plena Noite";"Decrescente";"Nublado";"Dupla";"Reta";"Não";2;0;1;0;1;0;1;1;-21,0966;-45,0807;"SPRF-MG";"DEL04-MG";"UOP02-DEL04-MG"
155284;2018-08-25;"sábado";"21:30:00";"GO";40;9;"LUZIANIA";"Velocidade Incompatível";"Colisão traseira";"Com Vítimas Feridas";"Plena Noite";"Crescente";"Céu Claro";"Dupla";"Reta";"Sim";7;0;3;3;1;0;6;2;-16,12363587;-47,96264591;"SPRF-DF";"DEL01-DF";"UOP01-DEL01-DF"
155285;2018-08-25;"sábado";"22:35:00";"AL";101;130,1;"SAO MIGUEL DOS CAMPOS";"Velocidade Incompatível";"Colisão transversal";"Com Vítimas Feridas";"Plena Noite";"Crescente";"Garoa/Chuvisco";"Simples";"Reta";"Não";7;0;2;2;3;0;4;2;-9,76118857;-36,07148409;"SPRF-AL";"DEL02-AL";"UOP01-DEL02-AL"
155287;2018-08-25;"sábado";"23:25:00";"RS";290;481,3;"ROSARIO DO SUL";"Animais na Pista";"Atropelamento de Animal";"Com Vítimas Feridas";"Plena Noite";"Decrescente";"Nublado";"Simples";"Reta";"Sim";3;0;2;0;1;0;2;1;-30,24218111;-54,93338943;"SPRF-RS";"DEL11-RS";"UOP02-DEL11-RS"
155288;2018-08-25;"sábado";"23:20:00";"PB";230;8,9;"CABEDELO";"Falta de Atenção à Condução";"Colisão traseira";"Com Vítimas Feridas";"Plena Noite";"Crescente";"Garoa/Chuvisco";"Dupla";"Reta";"Sim";2;0;0;1;0;1;1;2;-7,042288;-34,846175;"SPRF-PB";"DEL01-PB";"UOP01-DEL01-PB"
155289;2018-08-25;"sábado";"23:34:00";"DF";70;9;"BRASILIA";"Falta de Atenção à Condução";"Colisão traseira";"Com Vítimas Feridas";"Plena Noite";"Crescente";"Céu Claro";"Dupla";"Reta";"Sim";4;0;2;0;2;0;2;2;-15,784615;-48,132023;"SPRF-DF";"DEL01-DF";"UOP02-DEL03-DF"
155290;2018-08-25;"sábado";"23:30:00";"SP";116;288;"ITAPECERICA DA SERRA";"Falta de Atenção à Condução";"Colisão traseira";"Com Vítimas Feridas";"Plena Noite";"Crescente";"Céu Claro";"Dupla";"Reta";"Não";7;0;1;0;6;0;1;2;-23,70836156;-46,87369585;"SPRF-SP";"DEL04-SP";"UOP01-DEL04-SP"
155292;2018-08-25;"sábado";"22:30:00";"SC";101;136;"BALNEARIO CAMBORIU";"Ingestão de Álcool";"Colisão traseira";"Sem Vítimas";"Plena Noite";"Decrescente";"Céu Claro";"Múltipla";"Reta";"Sim";2;0;0;0;2;0;0;2;-27,0158;-48,6117;"SPRF-SC";"DEL04-SC";"UOP03-DEL04-SC"
155293;2018-08-26;"domingo";"00:00:00";"SC";470;69,9;"INDAIAL";"Falta de Atenção à Condução";"Colisão com objeto estático";"Com Vítimas Feridas";"Plena Noite";"Decrescente";"Céu Claro";"Simples";"Rotatória";"Sim";1;0;1;0;0;0;1;1;-26,8838642;-49,24733694;"SPRF-SC";"DEL04-SC";"UOP01-DEL04-SC"
155294;2018-08-25;"sábado";"23:55:00";"MG";365;399,2;"PATOS DE MINAS";"Animais na Pista";"Colisão com objeto em movimento";"Com Vítimas Feridas";"Plena Noite";"Crescente";"Nublado";"Simples";"Reta";"Não";2;0;1;0;1;0;1;1;-18,630893;-46,415774;"SPRF-MG";"DEL10-MG";"UOP01-DEL10-MG"
155295;2018-08-25;"sábado";"23:35:00";"SC";101;38,4;"JOINVILLE";"Falta de Atenção à Condução";"Colisão transversal";"Com Vítimas Feridas";"Plena Noite";"Decrescente";"Céu Claro";"Dupla";"Rotatória";"Sim";2;0;0;1;0;1;1;2;-26,29670459;-48,88382792;"SPRF-SC";"DEL03-SC";"UOP01-DEL03-SC"
155296;2018-08-26;"domingo";"00:05:00";"PR";476;145;"CURITIBA";"Desobediência às normas de trânsito pelo condutor";"Colisão traseira";"Com Vítimas Feridas";"Plena Noite";"Decrescente";"Céu Claro";"Dupla";"Declive";"Não";3;0;2;0;0;1;2;2;-25,547749;-49,32095;"SPRF-PR";"DEL01-PR";"UOP06-DEL01-PR"
155297;2018-08-25;"sábado";"10:27:00";"RS";290;331,5;"CACAPAVA DO SUL";"Desobediência às normas de trânsito pelo condutor";"Saída de leito carroçável";"Com Vítimas Feridas";"Pleno dia";"Crescente";"Céu Claro";"Simples";"Curva";"Não";1;0;1;0;0;0;1;1;-30,4559219;-53,4878148;"SPRF-RS";"DEL09-RS";"UOP02-DEL09-RS"
155298;2018-08-25;"sábado";"21:15:00";"RS";153;496,7;"CACAPAVA DO SUL";"Ingestão de Álcool";"Saída de leito carroçável";"Com Vítimas Feridas";"Plena Noite";"Decrescente";"Céu Claro";"Simples";"Interseção de Vias";"Não";1;0;1;0;0;0;1;1;-30,36652976;-53,36203873;"SPRF-RS";"DEL09-RS";"UOP02-DEL09-RS"
155299;2018-08-26;"domingo";"00:20:00";"TO";153;137,5;"ARAGUAINA";"Não guardar distância de segurança";"Colisão traseira";"Sem Vítimas";"Plena Noite";"Crescente";"Céu Claro";"Dupla";"Declive;Reta";"Não";3;0;0;0;3;0;0;2;-7,146306;-48,202557;"SPRF-TO";"DEL02-TO";"UOP01-DEL02-TO"
155300;2018-08-26;"domingo";"00:45:00";"SP";116;269,7;"TABOAO DA SERRA";"Falta de Atenção à Condução";"Colisão traseira";"Com Vítimas Feridas";"Plena Noite";"Decrescente";"Nublado";"Dupla";"Reta";"Sim";4;0;1;1;2;0;2;2;-23,60866614;-46,75876737;"SPRF-SP";"DEL04-SP";"UOP01-DEL04-SP"
155301;2018-08-26;"domingo";"01:00:00";"PR";116;0,1;"QUATRO BARRAS";"Falta de Atenção à Condução";"Colisão com objeto estático";"Com Vítimas Feridas";"Plena Noite";"Decrescente";"Nublado";"Simples";"Curva";"Sim";1;0;0;1;0;0;1;1;-25,34668277;-49,04635537;"SPRF-PR";"DEL01-PR";"UOP02-DEL01-PR"
155302;2018-08-26;"domingo";"01:00:00";"ES";262;30;"DOMINGOS MARTINS";"Velocidade Incompatível";"Colisão com objeto estático";"Sem Vítimas";"Plena Noite";"Decrescente";"Céu Claro";"Simples";"Curva";"Não";1;0;0;0;1;0;0;1;-20,37360316;-40,56197794;"SPRF-ES";"DEL01-ES";"UOP01-DEL01-ES"
155303;2018-08-26;"domingo";"01:40:00";"MG";40;611,4;"CONGONHAS";"Falta de Atenção à Condução";"Saída de leito carroçável";"Com Vítimas Feridas";"Plena Noite";"Decrescente";"Nevoeiro/Neblina";"Simples";"Curva";"Não";2;0;2;0;0;0;2;1;-20,517;-43,8375;"SPRF-MG";"DEL05-MG";"UOP02-DEL05-MG"
155304;2018-08-26;"domingo";"02:30:00";"ES";101;129;"SOORETAMA";"Falta de Atenção à Condução";"Saída de leito carroçável";"Com Vítimas Feridas";"Plena Noite";"Crescente";"Céu Claro";"Simples";"Reta";"Não";3;0;3;0;0;0;3;1;-19,21131902;-40,09447575;"SPRF-ES";"DEL04-ES";"UOP01-DEL04-ES"
155306;2018-08-26;"domingo";"02:20:00";"PR";373;175,5;"PONTA GROSSA";"Falta de Atenção à Condução";"Atropelamento de Pedestre";"Com Vítimas Feridas";"Plena Noite";"Crescente";"Céu Claro";"Dupla";"Reta";"Sim";3;0;0;1;2;0;1;2;-25,05527859;-50,3405571;"SPRF-PR";"DEL03-PR";"UOP01-DEL03-PR"
155307;2018-08-26;"domingo";"02:40:00";"PB";101;41,5;"MAMANGUAPE";"Ingestão de Álcool";"Saída de leito carroçável";"Com Vítimas Feridas";"Plena Noite";"Crescente";"Chuva";"Simples";"Curva";"Sim";1;0;1;0;0;0;1;1;-6,8593;-35,1338;"SPRF-PB";"DEL01-PB";"UOP04-DEL01-PB"