"id";"data_inversa";"dia_semana";"horario";"uf";"br";"km";"municipio";"causa_acidente";"tipo_acidente";"classificacao_acidente";"fase_dia";"sentido_via";"condicao_metereologica";"tipo_pista";"tracado_via";"uso_solo";"pessoas";"mortos";"feridos_leves";"feridos_graves";"ilesos";"ignorados";"feridos";"veiculos";"latitude";"longitude";"regional";"delegacia";"uop"
155308;2018-08-26;"domingo";"02:00:00";"SP";116;270;"TABOAO DA SERRA";"Velocidade Incompatível";"Capotamento";"Sem Vítimas";"Plena Noite";"Crescente";"Céu Claro";"Dupla";"Reta";"Sim";1;0;0;0;0;1;0;1;-23,60942631;-46,77094042;"SPRF-SP";"DEL04-SP";"UOP01-DEL04-SP"
155310;2018-08-26;"domingo";"02:50:00";"RS";386;344,3;"LAJEADO";"Ingestão de Álcool";"Saída de leito carroçável";"Com Vítimas Feridas";"Plena Noite";"Decrescente";"Céu Claro";"Dupla";"Reta";"Sim";1;0;1;0;0;0;1;1;-29,44616;-51,9757;"SPRF-RS";"DEL04-RS";"UOP01-DEL04-RS"
155311;2018-08-26;"domingo";"01:20:00";"SE";235;51;"ITABAIANA";"Ingestão de Álcool";"Queda de ocupante de veículo";"Com Vítimas Feridas";"Plena Noite";"Decrescente";"Ignorado";"Dupla";"Rotatória";"Sim";1;0;1;0;0;0;1;1;-10,700226;-37,431423;"SPRF-SE";"DEL01-SE";"UOP02-DEL01-SE"
155312;2018-08-26;"domingo";"01:50:00";"CE";20;413;"CAUCAIA";"Falta de Atenção à Condução";"Queda de ocupante de veículo";"Com Vítimas Feridas";"Plena Noite";"Decrescente";"Vento";"Simples";"Reta";"Sim";1;0;1;0;0;0;1;1;-3,76999;-38,670063;"SPRF-CE";"DEL01-CE";"UOP01-DEL01-CE"
155313;2018-08-26;"domingo";"02:00:00";"CE";20;413;"CAUCAIA";"Falta de Atenção à Condução";"Queda de ocupante de veículo";"Com Vítimas Feridas";"Pleno dia";"Decrescente";"Vento";"Simples";"Reta";"Sim";1;0;0;1;0;0;1;1;-3,76999;-38,670063;"SPRF-CE";"DEL01-CE";"UOP01-DEL01-CE"
155314;2018-08-26;"domingo";"03:10:00";"GO";40;1;"VALPARAISO DE GOIAS";"Falta de Atenção à Condução";"Saída de leito carroçável";"Com Vítimas Feridas";"Plena Noite";"Crescente";"Céu Claro";"Dupla";"Reta";"Sim";3;0;2;0;1;0;2;1;-16,058245;-47,982825;"SPRF-DF";"DEL01-DF";"UOP01-DEL01-DF"
155315;2018-08-26;"domingo";"03:40:00";"RJ";116;298;"PORTO REAL";"Animais na Pista";"Atropelamento de Animal";"Sem Vítimas";"Plena Noite";"Crescente";"Nublado";"Dupla";"Reta";"Não";1;0;0;0;1;0;0;1;-22,450125;-44,330193;"SPRF-RJ";"DEL07-RJ";"DEL5/7-UOP03/RJ"
155316;2018-08-26;"domingo";"04:00:00";"PI";230;307;"FLORIANO";"Ingestão de Álcool";"Queda de ocupante de veículo";"Com Vítimas Feridas";"Plena Noite";"Crescente";"Céu Claro";"Simples";"Reta";"Não";1;0;1;0;0;0;1;1;-6,78500929;-42,99613237;"SPRF-PI";"DEL03-PI";"UOP01-DEL03-PI"
155318;2018-08-26;"domingo";"01:20:00";"RS";386;188;"SANTO ANTONIO DO PLANALTO";"Ingestão de Álcool";"Colisão lateral";"Sem Vítimas";"Plena Noite";"Crescente";"Céu Claro";"Simples";"Reta";"Não";2;0;0;0;2;0;0;2;-28,363001;-52,707069;"SPRF-RS";"DEL08-RS";"UOP01-DEL08-RS"
155319;2018-08-26;"domingo";"03:50:00";"PR";277;101,1;"CURITIBA";"Falta de Atenção à Condução";"Saída de leito carroçável";"Com Vítimas Feridas";"Plena Noite";"Crescente";"Céu Claro";"Dupla";"Curva";"Não";4;0;3;1;0;0;4;1;-25,43079549;-49,37712908;"SPRF-PR";"DEL01-PR";"UOP06-DEL01-PR"
155321;2018-08-26;"domingo";"04:30:00";"SP";116;279,9;"EMBU DAS ARTES";"Ingestão de Álcool";"Colisão traseira";"Com Vítimas Feridas";"Plena Noite";"Crescente";"Garoa/Chuvisco";"Dupla";"Reta";"Sim";3;0;2;0;1;0;2;2;-23,64450192;-46,83979511;"SPRF-SP";"DEL04-SP";"UOP01-DEL04-SP"
155322;2018-08-26;"domingo";"03:54:00";"RJ";101;310;"SAO GONCALO";"Falta de Atenção à Condução";"Colisão com objeto estático";"Com Vítimas Feridas";"Amanhecer";"Decrescente";"Chuva";"Dupla";"Reta";"Sim";1;0;1;0;0;0;1;1;-22,797176;-43,044071;"SPRF-RJ";"DEL02-RJ";"DEL5/2-UOP04/RJ"
155323;2018-08-26;"domingo";"03:30:00";"CE";20;412,6;"MARACANAU";"Desobediência às normas de trânsito pelo condutor";"Colisão com objeto estático";"Com Vítimas Feridas";"Plena Noite";"Crescente";"Nublado";"Simples";"Reta";"Sim";2;0;1;1;0;0;2;1;-3,81878092;-38,63191009;"SPRF-CE";"DEL01-CE";"UOP01-DEL01-CE"
155325;2018-08-26;"domingo";"02:00:00";"AC";364;128;"RIO BRANCO";"Falta de Atenção à Condução";"Capotamento";"Com Vítimas Feridas";"Plena Noite";"Decrescente";"Garoa/Chuvisco";"Dupla";"Retorno Regulamentado";"Sim";1;0;1;0;0;0;1;1;-10,026455;-67,820702;"SPRF-AC";"DEL01-AC";"UOP01-DEL01-AC"
155326;2018-08-26;"domingo";"05:25:00";"PB";230;20;"JOAO PESSOA";"Velocidade Incompatível";"Saída de leito carroçável";"Com Vítimas Feridas";"Amanhecer";"Decrescente";"Céu Claro";"Dupla";"Curva";"Sim";1;0;1;0;0;0;1;1;-7,13670625;-34,85399723;"SPRF-PB";"DEL01-PB";"UOP01-DEL01-PB"
155327;2018-08-26;"domingo";"04:30:00";"SC";280;128;"RIO NEGRINHO";"Ingestão de Álcool";"Colisão transversal";"Sem Vítimas";"Plena Noite";"Decrescente";"Nublado";"Simples";"Reta";"Não";2;0;0;0;2;0;0;2;-26,243179;-49,513199;"SPRF-SC";"DEL06-SC";"UOP03-DEL06-SC"
155328;2018-08-26;"domingo";"05:30:00";"MG";262;365,4;"JUATUBA";"Animais na Pista";"Atropelamento de Animal";"Com Vítimas Feridas";"Amanhecer";"Decrescente";"Céu Claro";"Dupla";"Reta";"Não";2;0;2;0;0;0;2;1;-19,9747;-44,3232;"SPRF-MG";"DEL01-MG";"UOP03-DEL01-MG"
155330;2018-08-26;"domingo";"04:00:00";"MG";381;831;"SAO SEBASTIAO DA BELA VISTA";"Ingestão de Álcool";"Saída de leito carroçável";"Sem Vítimas";"Plena Noite";"Decrescente";"Céu Claro";"Dupla";"Reta";"Não";2;0;0;0;1;1;0;2;-22,1213;-45,7816;"SPRF-MG";"DEL16-MG";"UOP01-DEL16-MG"
155331;2018-08-26;"domingo";"06:30:00";"PE";101;69;"RECIFE";"Desobediência às normas de trânsito pelo condutor";"Colisão lateral";"Com Vítimas Feridas";"Pleno dia";"Crescente";"Céu Claro";"Dupla";"Reta";"Sim";4;0;2;0;2;0;2;2;-8,061004;-34,945598;"SPRF-PE";"DEL01-PE";"UOP01-DEL01-PE"
155332;2018-08-26;"domingo";"06:00:00";"SC";101;112;"ITAJAI";"Falta de Atenção à Condução";"Saída de leito carroçável";"Sem Vítimas";"Amanhecer";"Decrescente";"Nublado";"Dupla";"Curva";"Não";1;0;0;0;1;0;0;1;-26,8533;-48,7265;"SPRF-SC";"DEL04-SC";"UOP04-DEL04-SC"
155333;2018-08-26;"domingo";"06:35:00";"PB";230;20;"JOAO PESSOA";"Não guardar distância de segurança";"Colisão traseira";"Com Vítimas Feridas";"Pleno dia";"Decrescente";"Sol";"Dupla";"Declive;Curva";"Sim";3;0;1;0;2;0;1;2;-7,13619526;-34,8543191;"SPRF-PB";"DEL01-PB";"UOP01-DEL01-PB"
155335;2018-08-26;"domingo";"06:30:00";"GO";153;432;"ANAPOLIS";"Ingestão de Álcool";"Colisão traseira";"Com Vítimas Feridas";"Amanhecer";"Crescente";"Céu Claro";"Dupla";"Reta";"Sim";2;0;2;0;0;0;2;2;-16,2734553;-48,9724134;"SPRF-GO";"DEL02-GO";"UOP01-DEL02-GO"
155337;2018-08-26;"domingo";"06:50:00";"PR";376;232,7;"APUCARANA";"Velocidade Incompatível";"Saída de leito carroçável";"Com Vítimas Fatais";"Amanhecer";"Crescente";"Céu Claro";"Dupla";"Curva";"Não";1;1;0;0;0;0;0;1;-23,56887;-51,50858;"SPRF-PR";"DEL07-PR";"UOP03-DEL07-PR"
155338;2018-08-26;"domingo";"06:30:00";"ES";101;396;"RIO NOVO DO SUL";"Velocidade Incompatível";"Tombamento";"Com Vítimas Feridas";"Amanhecer";"Crescente";"Céu Claro";"Simples";"Reta";"Não";1;0;0;1;0;0;1;1;-20,86779453;-40,9412384;"SPRF-ES";"DEL03-ES";"UOP02-DEL03-ES"
155339;2018-08-26;"domingo";"06:40:00";"ES";262;160,5;"IBATIBA";"Condutor Dormindo";"Colisão transversal";"Sem Vítimas";"Pleno dia";"Crescente";"Céu Claro";"Simples";"Curva";"Não";2;0;0;0;2;0;0;2;-20,2374;-41,5202;"SPRF-ES";"DEL01-ES";"UOP02-DEL01-ES"
155340;2018-08-26;"domingo";"03:50:00";"PR";369;144;"LONDRINA";"Falta de Atenção à Condução";"Capotamento";"Sem Vítimas";"Plena Noite";"Decrescente";"Céu Claro";"Dupla";"Reta";"Sim";1;0;0;0;0;1;0;1;-23,2935215;-51,099384;"SPRF-PR";"DEL07-PR";"UOP01-DEL07-PR"
155345;2018-08-26;"domingo";"07:00:00";"PR";116;7,4;"QUATRO BARRAS";"Falta de Atenção à Condução";"Colisão com objeto estático";"Com Vítimas Feridas";"Pleno dia";"Decrescente";"Sol";"Dupla";"Reta";"Sim";2;0;1;0;1;0;1;1;-25,36916573;-49,11149198;"SPRF-PR";"DEL01-PR";"UOP02-DEL01-PR"
155346;2018-08-26;"domingo";"05:00:00";"MG";116;545,6;"SANTA RITA DE MINAS";"Ingestão de Álcool";"Saída de leito carroçável";"Com Vítimas Fatais";"Amanhecer";"Crescente";"Nublado";"Simples";"Curva";"Não";2;1;0;1;0;0;1;1;-19,922326;-42,13146;"SPRF-MG";"DEL06-MG";"UOP02-DEL06-MG"
155347;2018-08-26;"domingo";"06:00:00";"SP";116;271,5;"TABOAO DA SERRA";"Falta de Atenção do Pedestre";"Atropelamento de Pedestre";"Com Vítimas Feridas";"Amanhecer";"Decrescente";"Garoa/Chuvisco";"Dupla";"Reta";"Sim";6;0;0;1;5;0;1;2;-23,61216097;-46,77748382;"SPRF-SP";"DEL04-SP";"UOP01-DEL04-SP"
155348;2018-08-26;"domingo";"07:50:00";"GO";60;45,7;"ALEXANIA";"Falta de Atenção à Condução";"Saída de leito carroçável";"Com Vítimas Feridas";"Pleno dia";"Crescente";"Céu Claro";"Dupla";"Curva";"Não";1;0;1;0;0;0;1;1;-16,1324;-48,5977;"SPRF-GO";"DEL02-GO";"UOP01-DEL02-GO"
155350;2018-08-26;"domingo";"02:30:00";"SC";282;410;"CATANDUVAS";"Falta de Atenção à Condução";"Colisão com objeto estático";"Sem Vítimas";"Plena Noite";"Crescente";"Céu Claro";"Simples";"Reta";"Sim";1;0;0;0;0;1;0;1;-27,061399;-51,671875;"SPRF-SC";"DEL07-SC";"UOP05-DEL07-SC"
155352;2018-08-26;"domingo";"00:30:00";"SC";282;407,7;"CATANDUVAS";"Ingestão de Álcool";"Saída de leito carroçável";"Com Vítimas Feridas";"Plena Noite";"Decrescente";"Céu Claro";"Simples";"Curva";"Não";2;0;2;0;0;0;2;1;-27,083517;-51,662014;"SPRF-SC";"DEL07-SC";"UOP05-DEL07-SC"
155353;2018-08-26;"domingo";"08:20:00";"PE";428;21,2;"CABROBO";"Animais na Pista";"Capotamento";"Com Vítimas Feridas";"Pleno dia";"Decrescente";"Céu Claro";"Simples";"Reta";"Não";2;0;1;1;0;0;2;1;-8,49104851;-39,40864563;"SPRF-PE";"DEL05-PE";"UOP03-DEL05-PE"
155355;2018-08-26;"domingo";"07:45:00";"SP";116;100;"PINDAMONHANGABA";"Falta de Atenção à Condução";"Saída de leito carroçável";"Com Vítimas Feridas";"Pleno dia";"Decrescente";"Chuva";"Dupla";"Reta";"Não";1;0;1;0;0;0;1;1;-22,986555;-45,472767;"SPRF-SP";"DEL06-SP";"UOP01-DEL06-SP"
155356;2018-08-26;"domingo";"07:45:00";"PI";316;305;"PICOS";"Ingestão de Álcool";"Saída de leito carroçável";"Com Vítimas Feridas";"Pleno dia";"Decrescente";"Céu Claro";"Simples";"Reta";"Não";1;0;1;0;0;0;1;1;-7,05458851;-41,52898014;"SPRF-PI";"DEL04-PI";"UOP01-DEL04-PI"
155357;2018-08-26;"domingo";"07:30:00";"RJ";101;297;"ITABORAI";"Falta de Atenção à Condução";"Queda de ocupante de veículo";"Com Vítimas Feridas";"Pleno dia";"Crescente";"Nublado";"Simples";"Retorno Regulamentado";"Sim";1;0;1;0;0;0;1;1;-22,77234326;-42,92291684;"SPRF-RJ";"DEL02-RJ";"DEL5/2-UOP04/RJ"
155359;2018-08-26;"domingo";"09:00:00";"MG";262;360,9;"JUATUBA";"Defeito Mecânico no Veículo";"Capotamento";"Com Vítimas Feridas";"Pleno dia";"Crescente";"Céu Claro";"Dupla";"Curva";"Não";2;0;2;0;0;0;2;1;-19,9738627;-44,26975799;"SPRF-MG";"DEL01-MG";"UOP03-DEL01-MG"
155361;2018-08-26;"domingo";"09:00:00";"ES";262;6,5;"CARIACICA";"Falta de Atenção à Condução";"Colisão traseira";"Sem Vítimas";"Pleno dia";"Crescente";"Nublado";"Múltipla";"Reta";"Sim";3;0;0;0;2;1;0;3;-20,34218748;-40,39814204;"SPRF-ES";"DEL01-ES";"UOP01-DEL01-ES"
155362;2018-08-26;"domingo";"08:20:00";"PI";343;263;"CAMPO MAIOR";"Falta de Atenção à Condução";"Colisão transversal";"Com Vítimas Feridas";"Pleno dia";"Crescente";"Céu Claro";"Simples";"Reta";"Sim";2;0;0;1;1;0;1;2;-4,819326;-42,158821;"SPRF-PI";"DEL01-PI";"UOP03-DEL01-PI"
155363;2018-08-25;"sábado";"19:00:00";"BA";242;158;"RAFAEL JAMBEIRO";"Velocidade Incompatível";"Colisão traseira";"Com Vítimas Fatais";"Plena Noite";"Crescente";"Ignorado";"Simples";"Reta";"Não";2;2;0;0;0;0;0;1;-12,53378564;-39,60451126;"SPRF-BA";"DEL06-BA";"UOP02-DEL06-BA"
155364;2018-08-26;"domingo";"08:00:00";"MT";163;707;"SORRISO";"Falta de Atenção à Condução";"Saída de leito carroçável";"Com Vítimas Feridas";"Pleno dia";"Decrescente";"Sol";"Simples";"Reta";"Não";1;0;1;0;0;0;1;1;-12,6976708;-55,8110555;"SPRF-MT";"DEL06-MT";"UOP01-DEL06-MT"
155367;2018-08-26;"domingo";"10:30:00";"SP";381;60;"MAIRIPORA";"Pista Escorregadia";"Tombamento";"Com Vítimas Feridas";"Pleno dia";"Decrescente";"Garoa/Chuvisco";"Dupla";"Curva";"Não";1;0;0;1;0;0;1;1;-23,28061886;-46,58691126;"SPRF-SP";"DEL03-SP";"UOP01-DEL03-SP"
155368;2018-08-26;"domingo";"11:15:00";"SP";116;213,9;"GUARULHOS";"Falta de Atenção à Condução";"Colisão traseira";"Com Vítimas Feridas";"Pleno dia";"Crescente";"Garoa/Chuvisco";"Simples";"Reta";"Sim";4;0;2;0;2;0;2;2;-23,44344329;-46,44699812;"SPRF-SP";"DEL01-SP";"UOP01-DEL01-SP"
155370;2018-08-26;"domingo";"09:40:00";"SP";381;86,3;"SAO PAULO";"Velocidade Incompatível";"Colisão com objeto estático";"Com Vítimas Feridas";"Pleno dia";"Crescente";"Garoa/Chuvisco";"Dupla";"Curva";"Sim";1;0;1;0;0;0;1;1;-23,4679752;-46,57103956;"SPRF-SP";"DEL03-SP";"DEL6/3-UOP03/SP"
155372;2018-08-26;"domingo";"07:30:00";"MT";174;126;"MIRASSOL DOESTE";"Falta de Atenção à Condução";"Capotamento";"Sem Vítimas";"Pleno dia";"Decrescente";"Céu Claro";"Dupla";"Reta";"Não";2;0;0;0;2;0;0;1;-15,82561758;-58,0749321;"SPRF-MT";"DEL03-MT";"UOP01-DEL03-MT"
155374;2018-08-26;"domingo";"10:40:00";"SP";116;339;"JUQUITIBA";"Pista Escorregadia";"Saída de leito carroçável";"Com Vítimas Feridas";"Pleno dia";"Decrescente";"Chuva";"Dupla";"Curva";"Não";2;0;1;0;1;0;1;2;-24,00177855;-47,15142667;"SPRF-SP";"DEL04-SP";"UOP03-DEL04-SP"
155375;2018-08-26;"domingo";"11:30:00";"BA";116;425;"FEIRA DE SANTANA";"Falta de Atenção à Condução";"Colisão lateral";"Com Vítimas Feridas";"Pleno dia";"Crescente";"Céu Claro";"Simples";"Reta";"Sim";2;0;2;0;0;0;2;1;-12,2883758;-39,0105275;"SPRF-BA";"DEL02-BA";"UOP01-DEL02-BA"
155376;2018-08-26;"domingo";"11:40:00";"SP";381;73,5;"SAO PAULO";"Velocidade Incompatível";"Colisão com objeto estático";"Sem Vítimas";"Pleno dia";"Decrescente";"Chuva";"Dupla";"Aclive;Curva";"Não";2;0;0;0;2;0;0;1;-23,3723678;-46,5582865;"SPRF-SP";"DEL03-SP";"DEL6/3-UOP03/SP"
155377;2018-08-26;"domingo";"11:20:00";"RJ";101;305;"SAO GONCALO";"Falta de Atenção à Condução";"Colisão com objeto estático";"Com Vítimas Feridas";"Pleno dia";"Crescente";"Chuva";"Dupla";"Reta";"Sim";1;0;1;0;0;0;1;1;-22,787031;-42,995907;"SPRF-RJ";"DEL02-RJ";"DEL5/2-UOP04/RJ"
155378;2018-08-26;"domingo";"10:45:00";"PR";476;142,4;"CURITIBA";"Falta de Atenção à Condução";"Colisão lateral";"Sem Vítimas";"Pleno dia";"Crescente";"Céu Claro";"Dupla";"Reta";"Sim";2;0;0;0;2;0;0;2;-25,54054412;-49,30222034;"SPRF-PR";"DEL01-PR";"UOP07-DEL01-PR"
155379;2018-08-26;"domingo";"12:00:00";"ES";101;238,2;"FUNDAO";"Desobediência às normas de trânsito pelo condutor";"Colisão transversal";"Com Vítimas Feridas";"Pleno dia";"Crescente";"Sol";"Simples";"Curva";"Não";4;0;2;0;2;0;2;2;-20,00670668;-40,41129185;"SPRF-ES";"DEL02-ES";"UOP01-DEL02-ES"
155380;2018-08-26;"domingo";"12:15:00";"RN";304;304;"PARNAMIRIM";"Ultrapassagem Indevida";"Colisão lateral";"Com Vítimas Feridas";"Pleno dia";"Decrescente";"Céu Claro";"Dupla";"Reta";"Não";2;0;1;0;1;0;1;1;-5,890122;-35,263519;"SPRF-RN";"DEL01-RN";"UOP02-DEL01-RN"
155381;2018-08-26;"domingo";"10:25:00";"MG";116;408,8;"DIVISA ALEGRE";"Falta de Atenção do Pedestre";"Atropelamento de Pedestre";"Com Vítimas Feridas";"Pleno dia";"Crescente";"Sol";"Simples";"Curva";"Sim";2;0;1;0;1;0;1;2;-15,761115;-41,332664;"SPRF-MG";"DEL06-MG";"UOP01-DEL06-MG"
155382;2018-08-26;"domingo";"12:30:00";"ES";262;42,1;"DOMINGOS MARTINS";"Condutor Dormindo";"Colisão com objeto estático";"Com Vítimas Fatais";"Pleno dia";"Decrescente";"Céu Claro";"Simples";"Curva";"Não";1;1;0;0;0;0;0;1;-20,38534265;-40,65284729;"SPRF-ES";"DEL01-ES";"UOP01-DEL01-ES"
155383;2018-08-26;"domingo";"10:50:00";"MS";60;196,5;"CAMAPUA";"Desobediência às normas de trânsito pelo condutor";"Saída de leito carroçável";"Com Vítimas Feridas";"Pleno dia";"Crescente";"Céu Claro";"Simples";"Curva";"Sim";2;0;1;0;1;0;1;2;-19,52051927;-54,03967738;"SPRF-MS";"DEL06-MS";"UOP02-DEL06-MS"
155384;2018-08-26;"domingo";"12:20:00";"PE";424;82,3;"GARANHUNS";"Falta de Atenção à Condução";"Colisão traseira";"Com Vítimas Feridas";"Pleno dia";"Crescente";"Céu Claro";"Simples";"Declive";"Não";3;0;1;0;2;0;1;2;-8,84235611;-36,52978241;"SPRF-PE";"DEL03-PE";"UOP01-DEL03-PE"
155385;2018-08-26;"domingo";"13:00:00";"GO";153;626,8;"MORRINHOS";"Falta de Atenção à Condução";"Saída de leito carroçável";"Com Vítimas Feridas";"Pleno dia";"Crescente";"Céu Claro";"Dupla";"Reta";"Não";1;0;1;0;0;0;1;1;-17,7719;-49,1732;"SPRF-GO";"DEL03-GO";"UOP01-DEL03-GO"
155388;2018-08-26;"domingo";"12:10:00";"SC";101;277,5;"IMBITUBA";"Não guardar distância de segurança";"Saída de leito carroçável";"Com Vítimas Feridas";"Pleno dia";"Decrescente";"Céu Claro";"Múltipla";"Reta";"Sim";1;0;1;0;0;0;1;1;-28,1819;-48,6957;"SPRF-SC";"DEL02-SC";"UOP03-DEL02-SC"
155390;2018-08-26;"domingo";"10:10:00";"SP";116;124,5;"CACAPAVA";"Falta de Atenção à Condução";"Colisão lateral";"Com Vítimas Feridas";"Pleno dia";"Decrescente";"Chuva";"Dupla";"Reta";"Sim";1;0;1;0;0;0;1;1;-23,093163;-45,677975;"SPRF-SP";"DEL06-SP";"UOP02-DEL02-SP"
155391;2018-08-26;"domingo";"13:00:00";"PE";101;68;"RECIFE";"Falta de Atenção à Condução";"Colisão lateral";"Com Vítimas Feridas";"Pleno dia";"Decrescente";"Céu Claro";"Simples";"Reta";"Sim";2;0;1;0;1;0;1;2;-8,0595;-34,9458;"SPRF-PE";"DEL01-PE";"UOP01-DEL01-PE"
155392;2018-08-26;"domingo";"10:20:00";"MG";116;117;"ITAOBIM";"Falta de Atenção à Condução";"Atropelamento de Pedestre";"Com Vítimas Feridas";"Pleno dia";"Decrescente";"Céu Claro";"Simples";"Reta";"Sim";2;0;1;0;0;1;1;2;-16,56535085;-41,50401532;"SPRF-MG";"DEL11-MG";"UOP02-DEL11-MG"
155394;2018-08-26;"domingo";"12:27:00";"SP";116;135,6;"SAO JOSE DOS CAMPOS";"Avarias e/ou desgaste excessivo no pneu";"Tombamento";"Sem Vítimas";"Pleno dia";"Crescente";"Nublado";"Dupla";"Reta";"Não";1;0;0;0;1;0;0;1;-23,144499;-45,77021;"SPRF-SP";"DEL06-SP";"UOP02-DEL02-SP"
155395;2018-08-26;"domingo";"14:10:00";"SE";101;120,4;"SAO CRISTOVAO";"Animais na Pista";"Colisão lateral";"Com Vítimas Feridas";"Pleno dia";"Decrescente";"Céu Claro";"Dupla";"Curva";"Não";2;0;1;0;1;0;1;2;-11,01062254;-37,30888367;"SPRF-SE";"DEL02-SE";"UOP01-DEL02-SE"
155396;2018-08-26;"domingo";"13:40:00";"PR";469;1;"FOZ DO IGUACU";"Falta de Atenção à Condução";"Colisão transversal";"Com Vítimas Feridas";"Pleno dia";"Crescente";"Céu Claro";"Simples";"Reta";"Sim";3;0;0;2;1;0;2;2;-25,57713052;-54,55475807;"SPRF-PR";"DEL05-PR";"UOP04-DEL05-PR"
155397;2018-08-26;"domingo";"09:45:00";"RO";364;425,3;"JARU";"Desobediência às normas de trânsito pelo condutor";"Colisão transversal";"Com Vítimas Feridas";"Pleno dia";"Crescente";"Céu Claro";"Dupla";"Interseção de Vias";"Sim";3;0;3;0;0;0;3;2;-10,43572943;-62,47417599;"SPRF-RO";"DEL03-RO";"UOP02-DEL03-RO"
155398;2018-08-26;"domingo";"13:45:00";"SC";101;275,1;"IMBITUBA";"Falta de Atenção à Condução";"Saída de leito carroçável";"Com Vítimas Feridas";"Pleno dia";"Crescente";"Céu Claro";"Dupla";"Reta";"Não";2;0;2;0;0;0;2;1;-28,1636;-48,6935;"SPRF-SC";"DEL02-SC";"UOP03-DEL02-SC"
155399;2018-08-26;"domingo";"12:00:00";"MT";70;521;"VARZEA GRANDE";"Falta de Atenção à Condução";"Colisão frontal";"Com Vítimas Fatais";"Pleno dia";"Crescente";"Nublado";"Simples";"Reta;Declive";"Sim";7;1;4;1;0;1;5;3;-15,6742811;-56,1768172;"SPRF-MT";"DEL01-MT";"DEL2/4-UOP02/MT"
155401;2018-08-26;"domingo";"14:50:00";"SC";101;158;"PORTO BELO";"Falta de Atenção à Condução";"Colisão lateral";"Com Vítimas Feridas";"Pleno dia";"Decrescente";"Céu Claro";"Dupla";"Reta";"Sim";3;0;1;1;1;0;2;2;-27,199;-48,6146;"SPRF-SC";"DEL04-SC";"UOP03-DEL04-SC"
155402;2018-08-26;"domingo";"13:02:00";"AC";364;124;"RIO BRANCO";"Desobediência às normas de trânsito pelo condutor";"Colisão transversal";"Com Vítimas Feridas";"Pleno dia";"Crescente";"Nublado";"Dupla";"Interseção de Vias";"Sim";2;0;1;0;1;0;1;2;-10,011523;-67,791466;"SPRF-AC";"DEL01-AC";"UOP01-DEL01-AC"
155403;2018-08-26;"domingo";"14:15:00";"PR";116;99,5;"SAO JOSE DOS PINHAIS";"Falta de Atenção à Condução";"Colisão traseira";"Com Vítimas Feridas";"Pleno dia";"Crescente";"Sol";"Dupla";"Reta";"Sim";3;0;1;0;1;1;1;3;-25,526846;-49,140408;"SPRF-PR";"DEL01-PR";"UOP01-DEL01-PR"
155404;2018-08-26;"domingo";"14:30:00";"RJ";40;124;"RIO DE JANEIRO";"Falta de Atenção do Pedestre";"Colisão com objeto em movimento";"Com Vítimas Feridas";"Pleno dia";"Crescente";"Céu Claro";"Múltipla";"Reta";"Sim";2;0;1;0;1;0;1;2;-22,8147;-43,2881;"SPRF-RJ";"DEL01-RJ";"UOP01-DEL01-RJ"
155405;2018-08-26;"domingo";"11:30:00";"SP";116;316;"JUQUITIBA";"Velocidade Incompatível";"Saída de leito carroçável";"Com Vítimas Feridas";"Pleno dia";"Decrescente";"Nublado";"Dupla";"Curva";"Sim";3;0;2;0;1;0;2;1;-23,91379305;-46,98931396;"SPRF-SP";"DEL04-SP";"UOP03-DEL04-SP"
155406;2018-08-26;"domingo";"14:40:00";"SC";101;420,9;"ARARANGUA";"Desobediência às normas de trânsito pelo condutor";"Colisão frontal";"Com Vítimas Feridas";"Pleno dia";"Crescente";"Céu Claro";"Múltipla";"Reta";"Sim";3;0;1;0;2;0;1;2;-28,99919806;-49,55604851;"SPRF-SC";"DEL02-SC";"UOP02-DEL02-SC"
155407;2018-08-26;"domingo";"15:15:00";"SP";116;229;"SAO PAULO";"Falta de Atenção à Condução";"Colisão traseira";"Com Vítimas Feridas";"Pleno dia";"Decrescente";"Nublado";"Múltipla";"Reta";"Não";3;0;1;0;2;0;1;2;-23,50902938;-46,57279071;"SPRF-SP";"DEL01-SP";"UOP01-DEL01-SP"
155408;2018-08-26;"domingo";"12:25:00";"RO";364;107,4;"CHUPINGUAIA";"Falta de Atenção à Condução";"Colisão transversal";"Com Vítimas Feridas";"Pleno dia";"Decrescente";"Céu Claro";"Simples";"Rotatória;Declive";"Não";2;0;1;0;1;0;1;2;-12,22837682;-60,68649173;"SPRF-RO";"DEL04-RO";"DEL21/4-UOP03/RO"
155411;2018-08-26;"domingo";"14:40:00";"PE";101;91;"CABO DE SANTO AGOSTINHO";"Defeito Mecânico no Veículo";"Saída de leito carroçável";"Com Vítimas Feridas";"Pleno dia";"Crescente";"Nublado";"Dupla";"Reta";"Não";2;0;1;0;0;1;1;2;-8,2308;-34,9969;"SPRF-PE";"DEL01-PE";"UOP03-DEL01-PE"
155412;2018-08-26;"domingo";"14:45:00";"SC";480;129,5;"CHAPECO";"Ingestão de álcool e/ou substâncias psicoativas pelo pedestre";"Colisão traseira";"Com Vítimas Feridas";"Pleno dia";"Crescente";"Sol";"Simples";"Reta";"Sim";2;0;2;0;0;0;2;2;-27,05063635;-52,63557223;"SPRF-SC";"DEL07-SC";"UOP01-DEL07-SC"