"id";"data_inversa";"dia_semana";"horario";"uf";"br";"km";"municipio";"causa_acidente";"tipo_acidente";"classificacao_acidente";"fase_dia";"sentido_via";"condicao_metereologica";"tipo_pista";"tracado_via";"uso_solo";"pessoas";"mortos";"feridos_leves";"feridos_graves";"ilesos";"ignorados";"feridos";"veiculos";"latitude";"longitude";"regional";"delegacia";"uop"
155413;2018-08-26;"domingo";"15:25:00";"SC";101;120;"ITAJAI";"Objeto estático sobre o leito carroçável";"Queda de ocupante de veículo";"Com Vítimas Feridas";"Pleno dia";"Crescente";"Céu Claro";"Simples";"Curva";"Não";1;0;1;0;0;0;1;1;-26,9211;-48,7084;"SPRF-SC";"DEL04-SC";"UOP04-DEL04-SC"
155414;2018-08-26;"domingo";"15:10:00";"PR";272;526;"FRANCISCO ALVES";"Falta de Atenção à Condução";"Capotamento";"Com Vítimas Feridas";"Pleno dia";"Crescente";"Céu Claro";"Simples";"Reta";"Não";1;0;1;0;0;0;1;1;-24,062799;-53,833904;"SPRF-PR";"DEL06-PR";"UAP01-DEL06-PR"
155416;2018-08-26;"domingo";"16:00:00";"MG";381;514,5;"IGARAPE";"Pista Escorregadia";"Capotamento";"Com Vítimas Feridas";"Pleno dia";"Decrescente";"Chuva";"Dupla";"Reta";"Não";2;0;2;0;0;0;2;1;-20,08538244;-44,31012869;"SPRF-MG";"DEL01-MG";"UOP03-DEL01-MG"
155417;2018-08-26;"domingo";"12:00:00";"SC";116;131,8;"SANTA CECILIA";"Velocidade Incompatível";"Capotamento";"Com Vítimas Feridas";"Pleno dia";"Crescente";"Céu Claro";"Simples";"Reta";"Não";1;0;1;0;0;0;1;1;-26,907774;-50,441204;"SPRF-SC";"DEL06-SC";"UOP02-DEL06-SC"
155418;2018-08-26;"domingo";"15:30:00";"MG";381;519;"IGARAPE";"Velocidade Incompatível";"Saída de leito carroçável";"Com Vítimas Feridas";"Pleno dia";"Decrescente";"Nublado";"Dupla";"Curva";"Não";3;0;1;0;2;0;1;2;-20,1127;-44,3091;"SPRF-MG";"DEL01-MG";"UOP03-DEL01-MG"
155419;2018-08-26;"domingo";"14:30:00";"MG";50;95;"UBERLANDIA";"Ultrapassagem Indevida";"Colisão lateral";"Sem Vítimas";"Pleno dia";"Decrescente";"Céu Claro";"Dupla";"Reta";"Não";2;0;0;0;2;0;0;2;-19,1029;-48,1806;"SPRF-MG";"DEL15-MG";"UOP01-DEL15-MG"
155420;2018-08-26;"domingo";"14:30:00";"RN";427;13,9;"ACARI";"Falta de Atenção à Condução";"Saída de leito carroçável";"Com Vítimas Feridas";"Pleno dia";"Crescente";"Sol";"Simples";"Curva";"Não";2;0;2;0;0;0;2;1;-6,346071;-36,578468;"SPRF-RN";"DEL03-RN";"UOP02-DEL03-RN"
155421;2018-08-26;"domingo";"15:10:00";"MS";163;290,4;"DOURADINA";"Defeito Mecânico no Veículo";"Colisão com objeto estático";"Com Vítimas Feridas";"Pleno dia";"Crescente";"Sol";"Simples";"Rotatória";"Não";1;0;1;0;0;0;1;1;-22,06309059;-54,55879748;"SPRF-MS";"DEL04-MS";"UOP01-DEL04-MS"
155422;2018-08-26;"domingo";"15:30:00";"PA";316;28,3;"SANTA IZABEL DO PARA";"Objeto estático sobre o leito carroçável";"Colisão com objeto estático";"Com Vítimas Feridas";"Pleno dia";"Crescente";"Céu Claro";"Dupla";"Curva";"Sim";3;0;2;0;1;0;2;1;-1,30863255;-48,2169342;"SPRF-PA";"DEL01-PA";"DEL19/1-UOP05/PA"
155423;2018-08-26;"domingo";"13:40:00";"SC";282;571,5;"NOVA ERECHIM";"Desobediência às normas de trânsito pelo condutor";"Colisão lateral";"Com Vítimas Feridas";"Pleno dia";"Decrescente";"Sol";"Simples";"Reta";"Sim";3;0;1;0;2;0;1;2;-26,883053;-52,939816;"SPRF-SC";"DEL07-SC";"UOP02-DEL07-SC"
155424;2018-08-26;"domingo";"15:00:00";"MS";262;324,8;"CAMPO GRANDE";"Falta de Atenção à Condução";"Colisão traseira";"Com Vítimas Feridas";"Plena Noite";"Crescente";"Céu Claro";"Simples";"Reta";"Sim";4;0;2;0;2;0;2;3;-20,468374;-54,522;"SPRF-MS";"DEL01-MS";"UOP01-DEL01-MS"
155425;2018-08-26;"domingo";"15:30:00";"MS";158;37,7;"PARANAIBA";"Ultrapassagem Indevida";"Colisão frontal";"Com Vítimas Fatais";"Pleno dia";"Crescente";"Céu Claro";"Simples";"Curva";"Não";6;1;3;0;1;1;3;3;-19,28894742;-51,46802902;"SPRF-MS";"DEL08-MS";"UOP01-DEL08-MS"
155426;2018-08-26;"domingo";"15:08:00";"RJ";40;92;"PETROPOLIS";"Pista Escorregadia";"Saída de leito carroçável";"Com Vítimas Feridas";"Pleno dia";"Crescente";"Chuva";"Simples";"Declive;Curva";"Não";2;0;0;1;1;0;1;1;-22,55275114;-43,25134993;"SPRF-RJ";"DEL06-RJ";"UOP01-DEL06-RJ"
155427;2018-08-26;"domingo";"16:00:00";"RJ";40;74;"PETROPOLIS";"Pista Escorregadia";"Capotamento";"Com Vítimas Feridas";"Pleno dia";"Decrescente";"Chuva";"Simples";"Curva";"Não";3;0;2;1;0;0;3;1;-22,47717467;-43,21886105;"SPRF-RJ";"DEL06-RJ";"UOP01-DEL06-RJ"
155428;2018-08-26;"domingo";"14:30:00";"GO";153;210;"URUACU";"Avarias e/ou desgaste excessivo no pneu";"Saída de leito carroçável";"Com Vítimas Feridas";"Pleno dia";"Crescente";"Céu Claro";"Simples";"Reta";"Não";4;0;4;0;0;0;4;1;-14,605865;-49,166637;"SPRF-GO";"DEL07-GO";"UOP02-DEL07-GO"
155429;2018-08-26;"domingo";"16:20:00";"PR";277;694,2;"SAO MIGUEL DO IGUACU";"Falta de Atenção à Condução";"Saída de leito carroçável";"Com Vítimas Feridas";"Pleno dia";"Crescente";"Céu Claro";"Dupla";"Reta";"Não";1;0;1;0;0;0;1;1;-25,377277;-54,278534;"SPRF-PR";"DEL05-PR";"UOP01-DEL05-PR"
155431;2018-08-26;"domingo";"16:30:00";"PE";423;153,1;"IATI";"Ingestão de Álcool";"Tombamento";"Com Vítimas Feridas";"Pleno dia";"Decrescente";"Céu Claro";"Simples";"Reta";"Não";2;0;1;0;0;1;1;2;-9,051081;-36,924948;"SPRF-PE";"DEL03-PE";"UOP01-DEL03-PE"
155433;2018-08-26;"domingo";"14:32:00";"SC";101;41;"JOINVILLE";"Desobediência às normas de trânsito pelo condutor";"Colisão transversal";"Sem Vítimas";"Pleno dia";"Decrescente";"Sol";"Simples";"Rotatória";"Sim";2;0;0;0;2;0;0;2;-26,31870969;-48,87136102;"SPRF-SC";"DEL03-SC";"UOP01-DEL03-SC"
155435;2018-08-26;"domingo";"16:30:00";"SP";381;54;"ATIBAIA";"Falta de Atenção à Condução";"Tombamento";"Com Vítimas Feridas";"Pleno dia";"Crescente";"Nublado";"Dupla";"Reta";"Não";2;0;1;0;1;0;1;1;-23,138622;-46,575844;"SPRF-SP";"DEL03-SP";"UOP01-DEL03-SP"
155436;2018-08-26;"domingo";"10:45:00";"AP";210;104,6;"PORTO GRANDE";"Falta de Atenção à Condução";"Colisão transversal";"Com Vítimas Feridas";"Pleno dia";"Decrescente";"Céu Claro";"Dupla";"Reta";"Sim";2;0;1;0;1;0;1;2;0,69881614;-51,39756203;"SPRF-AP";"DEL01-AP";"UOP01-DEL01-AP"
155438;2018-08-26;"domingo";"17:00:00";"SC";101;200,5;"SAO JOSE";"Animais na Pista";"Atropelamento de Animal";"Com Vítimas Feridas";"Pleno dia";"Decrescente";"Céu Claro";"Dupla";"Curva";"Sim";2;0;2;0;0;0;2;1;-27,5485;-48,6196;"SPRF-SC";"DEL01-SC";"UOP01-DEL01-SC"
155439;2018-08-26;"domingo";"17:00:00";"BA";324;542,8;"AMELIA RODRIGUES";"Desobediência às normas de trânsito pelo pedestre";"Atropelamento de Pedestre";"Com Vítimas Feridas";"Pleno dia";"Crescente";"Céu Claro";"Dupla";"Reta";"Não";2;0;1;0;1;0;1;2;-12,40076573;-38,75807286;"SPRF-BA";"DEL01-BA";"UOP01-DEL01-BA"
155441;2018-08-26;"domingo";"17:15:00";"PA";316;15,3;"MARITUBA";"Desobediência às normas de trânsito pelo condutor";"Atropelamento de Pedestre";"Com Vítimas Feridas";"Pleno dia";"Decrescente";"Céu Claro";"Dupla";"Reta";"Sim";2;0;1;0;1;0;1;2;-1,36629386;-48,30979229;"SPRF-PA";"DEL01-PA";"DEL19/1-UOP05/PA"
155442;2018-08-26;"domingo";"17:10:00";"SC";101;311,7;"LAGUNA";"Não guardar distância de segurança";"Colisão traseira";"Com Vítimas Feridas";"Pleno dia";"Crescente";"Sol";"Simples";"Rotatória";"Sim";3;0;2;0;1;0;2;2;-28,44092137;-48,81242752;"SPRF-SC";"DEL02-SC";"UOP01-DEL02-SC"
155443;2018-08-26;"domingo";"17:45:00";"RN";101;163,5;"CANGUARETAMA";"Ingestão de álcool e/ou substâncias psicoativas pelo pedestre";"Atropelamento de Pedestre";"Com Vítimas Feridas";"Plena Noite";"Crescente";"Céu Claro";"Dupla";"Declive";"Não";2;0;1;0;1;0;1;2;-6,385122;-35,144827;"SPRF-RN";"DEL01-RN";"UOP01-DEL01-RN"
155445;2018-08-26;"domingo";"17:00:00";"RJ";101;308,1;"SAO GONCALO";"Falta de Atenção à Condução";"Colisão com objeto estático";"Com Vítimas Feridas";"Anoitecer";"Crescente";"Nublado";"Dupla";"Curva";"Sim";3;0;3;0;0;0;3;1;-22,793098;-43,024815;"SPRF-RJ";"DEL02-RJ";"DEL5/2-UOP04/RJ"
155447;2018-08-26;"domingo";"17:40:00";"AL";316;228;"ATALAIA";"Falta de Atenção à Condução";"Colisão transversal";"Com Vítimas Feridas";"Anoitecer";"Crescente";"Nublado";"Simples";"Reta";"Não";3;0;0;2;1;0;2;2;-9,466922;-36,180298;"SPRF-AL";"DEL01-AL";"UOP01-DEL01-AL"
155449;2018-08-26;"domingo";"16:30:00";"RN";406;170;"SAO GONCALO DO AMARANTE";"Falta de Atenção à Condução";"Colisão traseira";"Sem Vítimas";"Pleno dia";"Crescente";"Céu Claro";"Dupla";"Reta";"Sim";3;0;0;0;3;0;0;3;-5,76220415;-35,29289246;"SPRF-RN";"DEL02-RN";"UOP01-DEL02-RN"
155450;2018-08-26;"domingo";"15:30:00";"AC";364;107;"RIO BRANCO";"Defeito na Via";"Queda de ocupante de veículo";"Com Vítimas Feridas";"Pleno dia";"Decrescente";"Nublado";"Simples";"Aclive";"Não";1;0;1;0;0;0;1;1;-10,01377776;-67,68246867;"SPRF-AC";"DEL01-AC";"UOP01-DEL01-AC"
155451;2018-08-26;"domingo";"17:45:00";"SC";470;88;"RODEIO";"Desobediência às normas de trânsito pelo condutor";"Colisão transversal";"Com Vítimas Feridas";"Pleno dia";"Crescente";"Nublado";"Simples";"Interseção de Vias";"Não";3;0;1;0;2;0;1;2;-26,94942977;-49,35928635;"SPRF-SC";"DEL04-SC";"UOP01-DEL04-SC"
155453;2018-04-12;"quinta-feira";"17:30:00";"PI";343;343,2;"TERESINA";"Falta de Atenção à Condução";"Colisão lateral";"Com Vítimas Feridas";"Pleno dia";"Decrescente";"Nublado";"Múltipla";"Reta";"Sim";3;0;1;0;2;0;1;2;-5,08166822;-42,76596263;"SPRF-PI";"DEL01-PI";"UOP01-DEL01-PI"
155455;2018-08-26;"domingo";"18:15:00";"RN";101;101,4;"PARNAMIRIM";"Ingestão de Álcool";"Atropelamento de Pedestre";"Com Vítimas Feridas";"Plena Noite";"Decrescente";"Céu Claro";"Dupla";"Reta";"Sim";2;0;0;1;1;0;1;2;-5,887527;-35,234939;"SPRF-RN";"DEL01-RN";"UOP01-DEL01-RN"
155456;2018-08-26;"domingo";"17:30:00";"SC";101;47;"JOINVILLE";"Ingestão de Álcool";"Queda de ocupante de veículo";"Com Vítimas Feridas";"Pleno dia";"Decrescente";"Céu Claro";"Simples";"Reta";"Não";2;0;1;0;1;0;1;1;-26,3752;-48,8549;"SPRF-SC";"DEL03-SC";"UOP01-DEL03-SC"
155458;2018-08-26;"domingo";"18:30:00";"ES";101;255;"SERRA";"Não guardar distância de segurança";"Colisão traseira";"Com Vítimas Feridas";"Plena Noite";"Crescente";"Nublado";"Simples";"Reta";"Sim";2;0;1;0;1;0;1;2;-20,11741872;-40,31455424;"SPRF-ES";"DEL02-ES";"UOP01-DEL02-ES"
155459;2018-08-26;"domingo";"18:18:00";"PR";116;115;"CURITIBA";"Falta de Atenção à Condução";"Colisão traseira";"Com Vítimas Feridas";"Plena Noite";"Decrescente";"Céu Claro";"Dupla";"Declive";"Sim";3;0;1;0;2;0;1;2;-25,544559;-49,30146;"SPRF-PR";"DEL01-PR";"UOP01-DEL01-PR"
155460;2018-08-26;"domingo";"19:00:00";"MG";381;908,3;"CAMBUI";"Velocidade Incompatível";"Tombamento";"Com Vítimas Feridas";"Plena Noite";"Decrescente";"Céu Claro";"Dupla";"Curva";"Não";3;0;2;0;1;0;2;2;-22,6862;-46,1031;"SPRF-MG";"DEL16-MG";"UOP03-DEL16-MG"
155462;2018-08-26;"domingo";"19:20:00";"CE";222;3,2;"FORTALEZA";"Falta de Atenção do Pedestre";"Atropelamento de Pedestre";"Com Vítimas Fatais";"Plena Noite";"Crescente";"Céu Claro";"Dupla";"Reta";"Sim";4;1;0;0;2;1;0;4;-3,74028819;-38,59650493;"SPRF-CE";"DEL01-CE";"UOP01-DEL01-CE"
155463;2018-08-26;"domingo";"16:45:00";"SP";116;26,2;"SILVEIRAS";"Defeito Mecânico no Veículo";"Colisão com objeto estático";"Com Vítimas Feridas";"Pleno dia";"Crescente";"Garoa/Chuvisco";"Dupla";"Curva";"Não";3;0;3;0;0;0;3;1;-22,6138;-44,8999;"SPRF-SP";"DEL08-SP";"UOP02-DEL08-SP"
155464;2018-08-26;"domingo";"18:10:00";"MG";356;270;"MURIAE";"Pista Escorregadia";"Colisão com objeto estático";"Sem Vítimas";"Plena Noite";"Decrescente";"Chuva";"Simples";"Ponte";"Não";1;0;0;0;1;0;0;1;-21,126239;-42,330722;"SPRF-MG";"DEL07-MG";"UOP02-DEL07-MG"
155466;2018-08-26;"domingo";"19:28:00";"AP";210;1;"MACAPA";"Desobediência às normas de trânsito pelo condutor";"Colisão traseira";"Com Vítimas Feridas";"Plena Noite";"Decrescente";"Céu Claro";"Dupla";"Reta";"Sim";3;0;2;0;1;0;2;2;0,078212;-51,070091;"SPRF-AP";"DEL01-AP";"UOP01-DEL01-AP"
155467;2018-08-26;"domingo";"19:25:00";"SE";101;103,1;"SAO CRISTOVAO";"Desobediência às normas de trânsito pelo condutor";"Colisão traseira";"Com Vítimas Fatais";"Plena Noite";"Decrescente";"Nublado";"Dupla";"Reta";"Não";3;1;0;0;0;2;0;3;-10,9578;-37,2303;"SPRF-SE";"DEL02-SE";"UOP01-DEL02-SE"
155468;2018-08-15;"quarta-feira";"04:15:00";"MS";163;804,2;"SONORA";"Condutor Dormindo";"Saída de leito carroçável";"Com Vítimas Feridas";"Plena Noite";"Crescente";"Céu Claro";"Simples";"Reta";"Não";3;0;2;1;0;0;3;1;-17,875975;-54,69445;"SPRF-MS";"DEL06-MS";"UOP01-DEL06-MS"
155471;2018-08-26;"domingo";"18:55:00";"RJ";101;503;"ANGRA DOS REIS";"Falta de Atenção à Condução";"Colisão com objeto em movimento";"Com Vítimas Feridas";"Plena Noite";"Decrescente";"Nublado";"Simples";"Ponte";"Não";2;0;1;0;0;1;1;2;-22,94037285;-44,41948414;"SPRF-RJ";"DEL03-RJ";"UOP03-DEL03-RJ"
155472;2018-08-26;"domingo";"18:30:00";"RS";101;4,7;"MAQUINE";"Desobediência às normas de trânsito pelo condutor";"Colisão lateral";"Com Vítimas Feridas";"Anoitecer";"Crescente";"Céu Claro";"Simples";"Reta";"Sim";3;0;1;0;2;0;1;2;-29,7203;-50,1987;"SPRF-RS";"DEL03-RS";"UOP01-DEL03-RS"
155473;2018-08-26;"domingo";"19:10:00";"RJ";101;417;"MANGARATIBA";"Velocidade Incompatível";"Saída de leito carroçável";"Com Vítimas Feridas";"Plena Noite";"Decrescente";"Chuva";"Simples";"Curva";"Não";1;0;1;0;0;0;1;1;-22,91570936;-43,9030838;"SPRF-RJ";"DEL03-RJ";"UOP01-DEL03-RJ"
155475;2018-08-26;"domingo";"19:00:00";"SP";116;150,9;"SAO JOSE DOS CAMPOS";"Ingestão de Álcool";"Colisão com objeto estático";"Sem Vítimas";"Plena Noite";"Crescente";"Nublado";"Múltipla";"Reta;Declive";"Sim";2;0;0;0;2;0;0;1;-23,21804126;-45,89821668;"SPRF-SP";"DEL02-SP";"UOP01-DEL02-SP"
155476;2018-08-26;"domingo";"19:00:00";"RS";470;168;"VILA FLORES";"Falta de Atenção à Condução";"Colisão transversal";"Com Vítimas Feridas";"Plena Noite";"Decrescente";"Céu Claro";"Simples";"Interseção de Vias";"Sim";4;0;4;0;0;0;4;2;-28,86126403;-51,55422717;"SPRF-RS";"DEL06-RS";"UOP02-DEL06-RS"
155477;2018-08-26;"domingo";"19:40:00";"PR";277;396,2;"CANDOI";"Falta de Atenção à Condução";"Colisão transversal";"Com Vítimas Feridas";"Plena Noite";"Crescente";"Céu Claro";"Simples";"Aclive;Reta";"Não";4;0;1;0;3;0;1;2;-25,45280748;-51,93692207;"SPRF-PR";"DEL03-PR";"UOP01-DEL08-PR"
155478;2018-08-26;"domingo";"18:50:00";"RO";364;194,7;"PIMENTA BUENO";"Falta de Atenção do Pedestre";"Atropelamento de Pedestre";"Com Vítimas Feridas";"Plena Noite";"Decrescente";"Céu Claro";"Simples";"Reta";"Sim";4;0;3;0;0;1;3;2;-11,694348;-61,17613;"SPRF-RO";"DEL02-RO";"UOP02-DEL02-RO"
155480;2018-08-26;"domingo";"19:50:00";"PR";469;16;"FOZ DO IGUACU";"Falta de Atenção à Condução";"Colisão frontal";"Com Vítimas Feridas";"Plena Noite";"Decrescente";"Céu Claro";"Simples";"Reta";"Sim";2;0;1;0;1;0;1;2;-25,59027179;-54,51751292;"SPRF-PR";"DEL05-PR";"UOP04-DEL05-PR"
155481;2018-08-26;"domingo";"19:30:00";"SP";153;63;"SAO JOSE DO RIO PRETO";"Falta de Atenção à Condução";"Saída de leito carroçável";"Sem Vítimas";"Plena Noite";"Crescente";"Céu Claro";"Dupla";"Reta";"Sim";2;0;0;0;2;0;0;1;-20,82155;-49,357655;"SPRF-SP";"DEL09-SP";"UOP01-DEL09-SP"
155482;2018-08-26;"domingo";"20:00:00";"ES";101;32,5;"CONCEICAO DA BARRA";"Falta de Atenção à Condução";"Colisão traseira";"Com Vítimas Feridas";"Plena Noite";"Decrescente";"Céu Claro";"Simples";"Reta";"Não";2;0;1;0;1;0;1;2;-18,425499;-39,934872;"SPRF-ES";"DEL04-ES";"UOP02-DEL04-ES"
155483;2018-08-26;"domingo";"20:20:00";"ES";101;146,6;"LINHARES";"Ingestão de Álcool";"Queda de ocupante de veículo";"Com Vítimas Feridas";"Plena Noite";"Crescente";"Céu Claro";"Múltipla";"Interseção de Vias";"Sim";1;0;1;0;0;0;1;1;-19,37553944;-40,06640387;"SPRF-ES";"DEL04-ES";"UOP01-DEL04-ES"
155485;2018-08-26;"domingo";"20:00:00";"SC";101;193;"BIGUACU";"Falta de Atenção à Condução";"Saída de leito carroçável";"Sem Vítimas";"Plena Noite";"Crescente";"Vento";"Múltipla";"Interseção de Vias";"Sim";1;0;0;0;1;0;0;1;-27,49;-48,656;"SPRF-SC";"DEL01-SC";"UOP01-DEL01-SC"
155486;2018-08-26;"domingo";"17:45:00";"MT";70;518;"VARZEA GRANDE";"Ingestão de Álcool";"Colisão traseira";"Com Vítimas Feridas";"Plena Noite";"Crescente";"Céu Claro";"Simples";"Reta";"Sim";5;0;0;1;4;0;1;2;-15,69473149;-56,16689444;"SPRF-MT";"DEL01-MT";"DEL2/4-UOP02/MT"
155488;2018-08-26;"domingo";"19:51:00";"RO";364;517;"ARIQUEMES";"Falta de Atenção à Condução";"Saída de leito carroçável";"Com Vítimas Feridas";"Plena Noite";"Crescente";"Céu Claro";"Simples";"Reta";"Sim";1;0;1;0;0;0;1;1;-9,90688;-63,055813;"SPRF-RO";"DEL03-RO";"UOP01-DEL03-RO"
155489;2018-08-26;"domingo";"21:00:00";"PB";101;92,9;"JOAO PESSOA";"Animais na Pista";"Atropelamento de Animal";"Com Vítimas Feridas";"Plena Noite";"Crescente";"Garoa/Chuvisco";"Dupla";"Reta";"Sim";2;0;1;0;1;0;1;2;-7,2045;-34,9085;"SPRF-PB";"DEL01-PB";"UOP01-DEL01-PB"
155491;2018-08-26;"domingo";"20:20:00";"SC";282;67,5;"RANCHO QUEIMADO";"Velocidade Incompatível";"Saída de leito carroçável";"Com Vítimas Feridas";"Plena Noite";"Crescente";"Céu Claro";"Simples";"Curva";"Não";1;0;0;1;0;0;1;1;-27,69196436;-49,07144308;"SPRF-SC";"DEL01-SC";"UOP03-DEL01-SC"
155492;2018-08-26;"domingo";"19:35:00";"MA";135;21,5;"SAO LUIS";"Falta de Atenção à Condução";"Colisão transversal";"Com Vítimas Feridas";"Pleno dia";"Crescente";"Céu Claro";"Dupla";"Reta";"Sim";2;0;1;0;1;0;1;2;-2,56564067;-44,31957722;"SPRF-MA";"DEL01-MA";"UOP01-DEL01-MA"
155495;2018-08-26;"domingo";"21:40:00";"PR";277;594;"CASCAVEL";"Sinalização da via insuficiente ou inadequada";"Colisão lateral";"Com Vítimas Feridas";"Plena Noite";"Decrescente";"Céu Claro";"Simples";"Interseção de Vias";"Sim";2;0;1;0;1;0;1;2;-25,02817;-53,55983;"SPRF-PR";"DEL04-PR";"UOP01-DEL04-PR"
155499;2018-08-26;"domingo";"09:30:00";"GO";20;17;"FORMOSA";"Ingestão de Álcool";"Tombamento";"Com Vítimas Feridas";"Plena Noite";"Crescente";"Céu Claro";"Simples";"Reta";"Não";1;0;1;0;0;0;1;1;-15,558671;-47,202998;"SPRF-DF";"DEL02-DF";"UOP01-DEL02-DF"
155500;2018-08-26;"domingo";"20:10:00";"BA";367;75;"EUNAPOLIS";"Falta de Atenção à Condução";"Colisão lateral";"Com Vítimas Feridas";"Plena Noite";"Crescente";"Ignorado";"Simples";"Reta";"Não";2;0;1;0;1;0;1;2;-16,373955;-39,50264;"SPRF-BA";"DEL09-BA";"UOP01-DEL09-BA"
155501;2018-08-26;"domingo";"07:10:00";"RO";364;341;"JI-PARANA";"Animais na Pista";"Atropelamento de Animal";"Com Vítimas Feridas";"Plena Noite";"Decrescente";"Céu Claro";"Múltipla";"Reta";"Sim";1;0;1;0;0;0;1;1;-10,8830816;-61,93885803;"SPRF-RO";"DEL02-RO";"UOP01-DEL02-RO"
155502;2018-08-26;"domingo";"20:30:00";"PR";153;296;"IMBITUVA";"Animais na Pista";"Capotamento";"Com Vítimas Feridas";"Plena Noite";"Crescente";"Céu Claro";"Simples";"Reta";"Sim";2;0;2;0;0;0;2;1;-25,19045693;-50,59864998;"SPRF-PR";"DEL03-PR";"UOP02-DEL08-PR"
155504;2018-08-26;"domingo";"22:10:00";"CE";116;504,5;"BREJO SANTO";"Falta de Atenção à Condução";"Atropelamento de Pedestre";"Com Vítimas Feridas";"Plena Noite";"Decrescente";"Céu Claro";"Simples";"Reta";"Sim";2;0;1;0;0;1;1;2;-7,508805;-38,988342;"SPRF-CE";"DEL05-CE";"UOP03-DEL05-CE"
155506;2018-08-26;"domingo";"22:00:00";"MG";459;85;"CONGONHAL";"Condutor Dormindo";"Colisão com objeto estático";"Com Vítimas Feridas";"Plena Noite";"Crescente";"Céu Claro";"Simples";"Reta";"Sim";1;0;1;0;0;0;1;1;-22,15025588;-46,03450907;"SPRF-MG";"N/A";"N/A"
155507;2018-08-26;"domingo";"21:45:00";"MG";40;705;"BARBACENA";"Falta de Atenção à Condução";"Colisão com objeto estático";"Sem Vítimas";"Plena Noite";"Decrescente";"Céu Claro";"Simples";"Reta";"Não";1;0;0;0;0;1;0;1;-21,2406;-43,7115;"SPRF-MG";"DEL05-MG";"UOP02-DEL05-MG"
155508;2018-08-26;"domingo";"23:00:00";"PE";101;100,4;"CABO DE SANTO AGOSTINHO";"Falta de Atenção à Condução";"Colisão transversal";"Com Vítimas Feridas";"Plena Noite";"Decrescente";"Céu Claro";"Simples";"Interseção de Vias";"Sim";2;0;1;0;1;0;1;2;-8,28866053;-35,04097939;"SPRF-PE";"DEL01-PE";"UOP03-DEL01-PE"
155509;2018-08-26;"domingo";"21:00:00";"RS";116;320,4;"BARRA DO RIBEIRO";"Falta de Atenção à Condução";"Saída de leito carroçável";"Sem Vítimas";"Plena Noite";"Decrescente";"Céu Claro";"Simples";"Desvio Temporário";"Não";1;0;0;0;0;1;0;1;-30,28252868;-51,41265213;"SPRF-RS";"DEL02-RS";"UOP01-DEL02-RS"
155511;2018-08-26;"domingo";"19:30:00";"MT";364;563;"NOBRES";"Falta de Atenção à Condução";"Colisão transversal";"Com Vítimas Feridas";"Plena Noite";"Decrescente";"Céu Claro";"Dupla";"Reta";"Não";3;0;0;2;1;0;2;2;-14,775276;-56,361839;"SPRF-MT";"DEL01-MT";"UOP01-DEL01-MT"
155513;2018-08-26;"domingo";"23:30:00";"RJ";40;123;"DUQUE DE CAXIAS";"Ingestão de Álcool";"Colisão traseira";"Com Vítimas Feridas";"Plena Noite";"Crescente";"Garoa/Chuvisco";"Múltipla";"Reta";"Sim";2;0;1;0;1;0;1;2;-22,79485679;-43,28733444;"SPRF-RJ";"DEL01-RJ";"UOP01-DEL01-RJ"
155514;2018-08-27;"segunda-feira";"00:05:00";"PR";476;120,5;"COLOMBO";"Ingestão de álcool e/ou substâncias psicoativas pelo pedestre";"Colisão transversal";"Com Vítimas Feridas";"Plena Noite";"Decrescente";"Céu Claro";"Dupla";"Interseção de Vias";"Sim";2;0;1;0;1;0;1;2;-25,37191;-49,19146;"SPRF-PR";"DEL01-PR";"UOP01-DEL01-PR"
155517;2018-08-26;"domingo";"23:50:00";"ES";101;267,7;"SERRA";"Desobediência às normas de trânsito pelo condutor";"Tombamento";"Com Vítimas Feridas";"Plena Noite";"Crescente";"Chuva";"Múltipla";"Interseção de Vias";"Sim";1;0;0;1;0;0;1;1;-20,2058385;-40,26939869;"SPRF-ES";"DEL02-ES";"UOP01-DEL02-ES"
155518;2018-08-26;"domingo";"20:40:00";"PI";343;306;"ALTOS";"Falta de Atenção à Condução";"Colisão lateral";"Com Vítimas Feridas";"Plena Noite";"Crescente";"Céu Claro";"Simples";"Reta";"Sim";2;0;1;0;1;0;1;2;-5,038756;-42,450893;"SPRF-PI";"DEL01-PI";"UOP01-DEL01-PI"
155519;2018-08-27;"segunda-feira";"00:30:00";"SP";116;223;"GUARULHOS";"Falta de Atenção à Condução";"Colisão lateral";"Com Vítimas Feridas";"Plena Noite";"Crescente";"Céu Claro";"Múltipla";"Reta";"Sim";4;0;3;0;1;0;3;2;-23,49331923;-46,55284882;"SPRF-SP";"DEL01-SP";"UOP01-DEL01-SP"
155520;2018-08-26;"domingo";"21:30:00";"AC";364;138;"RIO BRANCO";"Falta de Atenção à Condução";"Colisão lateral";"Com Vítimas Feridas";"Plena Noite";"Decrescente";"Céu Claro";"Dupla";"Retorno Regulamentado";"Sim";3;0;1;0;2;0;1;2;-9,961135;-67,856461;"SPRF-AC";"DEL01-AC";"UOP01-DEL01-AC"
155521;2018-08-26;"domingo";"16:00:00";"MT";70;496;"CUIABA";"Falta de Atenção à Condução";"Capotamento";"Sem Vítimas";"Anoitecer";"Crescente";"Céu Claro";"Simples";"Curva";"Não";1;0;0;0;0;1;0;1;-15,65005441;-56,00093544;"SPRF-MT";"DEL02-MT";"UOP02-DEL01-MT"