"id";"data_inversa";"dia_semana";"horario";"uf";"br";"km";"municipio";"causa_acidente";"tipo_acidente";"classificacao_acidente";"fase_dia";"sentido_via";"condicao_metereologica";"tipo_pista";"tracado_via";"uso_solo";"pessoas";"mortos";"feridos_leves";"feridos_graves";"ilesos";"ignorados";"feridos";"veiculos";"latitude";"longitude";"regional";"delegacia";"uop"
155522;2018-08-27;"segunda-feira";"01:00:00";"ES";101;270;"SERRA";"Ingestão de Álcool";"Colisão com objeto estático";"Com Vítimas Feridas";"Plena Noite";"Crescente";"Céu Claro";"Dupla";"Viaduto";"Sim";2;0;1;1;0;0;2;1;-20,23322509;-40,27569026;"SPRF-ES";"DEL02-ES";"UOP01-DEL02-ES"
155523;2018-08-26;"domingo";"23:00:00";"RJ";116;167;"SAO JOAO DE MERITI";"Ingestão de Álcool";"Queda de ocupante de veículo";"Com Vítimas Feridas";"Plena Noite";"Crescente";"Garoa/Chuvisco";"Múltipla";"Reta";"Sim";2;0;2;0;0;0;2;1;-22,818039;-43,307873;"SPRF-RJ";"DEL01-RJ";"UOP02-DEL01-RJ"
155524;2018-08-26;"domingo";"21:45:00";"MS";163;237,2;"CAARAPO";"Ingestão de Álcool";"Colisão com objeto estático";"Sem Vítimas";"Plena Noite";"Decrescente";"Ignorado";"Simples";"Reta";"Não";1;0;0;0;1;0;0;1;-22,41088966;-54,7985521;"SPRF-MS";"DEL04-MS";"UOP02-DEL04-MS"
155525;2018-08-26;"domingo";"19:00:00";"MS";163;250;"DOURADOS";"Falta de Atenção à Condução";"Colisão traseira";"Com Vítimas Feridas";"Plena Noite";"Crescente";"Céu Claro";"Simples";"Reta";"Não";6;0;4;0;2;0;4;2;-22,28975658;-54,82167006;"SPRF-MS";"DEL04-MS";"UOP01-DEL04-MS"
155526;2018-08-27;"segunda-feira";"01:40:00";"DF";20;6;"BRASILIA";"Falta de Atenção à Condução";"Capotamento";"Sem Vítimas";"Plena Noite";"Crescente";"Céu Claro";"Simples";"Reta";"Sim";1;0;0;0;1;0;0;1;-15,665888;-47,808308;"SPRF-DF";"DEL02-DF";"UOP01-DEL02-DF"
155528;2018-08-26;"domingo";"22:40:00";"PE";232;90;"SAIRE";"Sinalização da via insuficiente ou inadequada";"Saída de leito carroçável";"Com Vítimas Feridas";"Plena Noite";"Crescente";"Céu Claro";"Dupla";"Aclive;Curva";"Não";1;0;1;0;0;0;1;1;-8,21744745;-35,65714985;"SPRF-PE";"DEL01-PE";"UOP02-DEL02PE"
155530;2018-08-27;"segunda-feira";"04:00:00";"PB";230;26;"JOAO PESSOA";"Ingestão de Álcool";"Colisão com objeto estático";"Com Vítimas Feridas";"Plena Noite";"Crescente";"Nublado";"Dupla";"Curva";"Sim";2;0;1;1;0;0;2;1;-7,16907163;-34,87931728;"SPRF-PB";"DEL01-PB";"UOP01-DEL01-PB"
155534;2018-08-27;"segunda-feira";"05:30:00";"GO";40;6;"VALPARAISO DE GOIAS";"Ingestão de Álcool";"Colisão com objeto estático";"Sem Vítimas";"Amanhecer";"Crescente";"Céu Claro";"Dupla";"Reta";"Sim";1;0;0;0;1;0;0;1;-16,100814;-47,977351;"SPRF-DF";"DEL01-DF";"UOP01-DEL01-DF"
155535;2018-08-27;"segunda-feira";"05:50:00";"PR";376;181;"MARINGA";"Falta de Atenção à Condução";"Colisão traseira";"Com Vítimas Feridas";"Amanhecer";"Decrescente";"Céu Claro";"Dupla";"Reta";"Sim";2;0;0;1;0;1;1;2;-23,427254;-51,895123;"SPRF-PR";"DEL07-PR";"UOP01-DEL09-PR"
155536;2018-08-27;"segunda-feira";"05:55:00";"RN";101;175,5;"BAIA FORMOSA";"Defeito Mecânico no Veículo";"Saída de leito carroçável";"Com Vítimas Feridas";"Pleno dia";"Decrescente";"Céu Claro";"Dupla";"Reta";"Não";2;0;0;2;0;0;2;1;-6,486538;-35,112578;"SPRF-RN";"DEL01-RN";"UOP01-DEL01-RN"
155538;2018-08-27;"segunda-feira";"05:30:00";"SC";470;2;"NAVEGANTES";"Sinalização da via insuficiente ou inadequada";"Saída de leito carroçável";"Com Vítimas Fatais";"Amanhecer";"Decrescente";"Céu Claro";"Simples";"Reta";"Sim";2;1;0;1;0;0;1;1;-26,868551;-48,674831;"SPRF-SC";"DEL04-SC";"UOP04-DEL04-SC"
155539;2018-08-27;"segunda-feira";"06:12:00";"CE";222;60,4;"SAO GONCALO DO AMARANTE";"Não guardar distância de segurança";"Colisão traseira";"Com Vítimas Feridas";"Pleno dia";"Decrescente";"Céu Claro";"Simples";"Reta";"Sim";3;0;1;0;0;2;1;3;-3,67083;-39,080704;"SPRF-CE";"DEL01-CE";"UOP03-DEL01-CE"
155540;2018-08-27;"segunda-feira";"06:10:00";"RS";116;251,1;"SAPUCAIA DO SUL";"Falta de Atenção à Condução";"Saída de leito carroçável";"Com Vítimas Feridas";"Amanhecer";"Crescente";"Céu Claro";"Dupla";"Reta";"Sim";1;0;0;1;0;0;1;1;-29,8016707;-51,16602302;"SPRF-RS";"DEL01-RS";"UOP02-DEL01-RS"
155541;2018-08-27;"segunda-feira";"06:15:00";"SC";282;4;"FLORIANOPOLIS";"Falta de Atenção à Condução";"Colisão traseira";"Sem Vítimas";"Amanhecer";"Crescente";"Céu Claro";"Dupla";"Reta";"Sim";2;0;0;0;2;0;0;2;-27,592646;-48,604034;"SPRF-SC";"DEL01-SC";"UOP01-DEL01-SC"
155542;2018-08-27;"segunda-feira";"04:35:00";"RJ";40;93;"DUQUE DE CAXIAS";"Velocidade Incompatível";"Saída de leito carroçável";"Sem Vítimas";"Plena Noite";"Crescente";"Nevoeiro/Neblina";"Simples";"Declive;Curva";"Não";1;0;0;0;0;1;0;1;-22,55677388;-43,26323915;"SPRF-RJ";"DEL06-RJ";"UOP01-DEL06-RJ"
155543;2018-08-27;"segunda-feira";"06:30:00";"ES";101;310,7;"VIANA";"Falta de Atenção à Condução";"Colisão com objeto estático";"Com Vítimas Feridas";"Pleno dia";"Crescente";"Nublado";"Simples";"Ponte";"Não";1;0;1;0;0;0;1;1;-20,4322962;-40,45956999;"SPRF-ES";"DEL03-ES";"UOP01-DEL03-ES"
155545;2018-08-27;"segunda-feira";"06:40:00";"RS";290;123;"ELDORADO DO SUL";"Condutor Dormindo";"Saída de leito carroçável";"Com Vítimas Feridas";"Amanhecer";"Crescente";"Céu Claro";"Simples";"Reta";"Não";2;0;1;0;1;0;1;1;-30,05328;-51,438354;"SPRF-RS";"DEL02-RS";"UOP01-DEL02-RS"
155547;2018-08-27;"segunda-feira";"07:10:00";"DF";20;9;"BRASILIA";"Defeito Mecânico no Veículo";"Incêndio";"Sem Vítimas";"Pleno dia";"Decrescente";"Céu Claro";"Dupla";"Interseção de Vias";"Sim";1;0;0;0;1;0;0;1;-15,65454839;-47,78486252;"SPRF-DF";"DEL02-DF";"UOP01-DEL02-DF"
155548;2018-08-27;"segunda-feira";"06:15:00";"RJ";101;190;"CASIMIRO DE ABREU";"Pista Escorregadia";"Colisão com objeto estático";"Com Vítimas Feridas";"Amanhecer";"Decrescente";"Garoa/Chuvisco";"Dupla";"Curva";"Não";3;0;2;0;1;0;2;1;-22,463408;-42,06588;"SPRF-RJ";"DEL02-RJ";"UOP04-DEL08-RJ"
155549;2018-08-27;"segunda-feira";"07:10:00";"CE";116;3,8;"FORTALEZA";"Não guardar distância de segurança";"Colisão traseira";"Com Vítimas Feridas";"Pleno dia";"Crescente";"Sol";"Dupla";"Reta";"Sim";3;0;2;0;1;0;2;2;-3,78521448;-38,51201534;"SPRF-CE";"DEL01-CE";"UOP02-DEL01-CE"
155552;2018-08-27;"segunda-feira";"07:30:00";"RN";304;119,3;"ITAJA";"Falta de Atenção à Condução";"Colisão transversal";"Com Vítimas Feridas";"Pleno dia";"Decrescente";"Céu Claro";"Simples";"Reta";"Sim";2;0;1;0;1;0;1;2;-5,629953;-36,864231;"SPRF-RN";"DEL04-RN";"UOP01-DEL04-RN"
155553;2018-08-26;"domingo";"22:45:00";"PR";277;112;"CAMPO LARGO";"Pista Escorregadia";"Tombamento";"Com Vítimas Feridas";"Plena Noite";"Crescente";"Nublado";"Dupla";"Declive";"Não";1;0;1;0;0;0;1;1;-25,44289875;-49,45242387;"SPRF-PR";"DEL01-PR";"UOP06-DEL01-PR"
155554;2018-08-26;"domingo";"18:30:00";"MS";262;239,2;"RIBAS DO RIO PARDO";"Falta de Atenção à Condução";"Atropelamento de Pedestre";"Com Vítimas Feridas";"Plena Noite";"Crescente";"Céu Claro";"Simples";"Reta";"Sim";2;0;1;0;0;1;1;2;-20,45635928;-53,75158846;"SPRF-MS";"DEL01-MS";"UOP01-DEL01-MS"
155555;2018-08-27;"segunda-feira";"07:40:00";"PR";277;586;"CASCAVEL";"Fenômenos da Natureza";"Colisão transversal";"Com Vítimas Feridas";"Pleno dia";"Crescente";"Sol";"Simples";"Interseção de Vias";"Sim";2;0;1;0;1;0;1;2;-24,966785;-53,42466;"SPRF-PR";"DEL04-PR";"UOP01-DEL04-PR"
155556;2018-08-27;"segunda-feira";"07:40:00";"PE";407;128;"AFRANIO";"Desobediência às normas de trânsito pelo condutor";"Colisão transversal";"Com Vítimas Feridas";"Pleno dia";"Crescente";"Céu Claro";"Simples";"Reta";"Sim";2;0;1;0;1;0;1;2;-8,509351;-41,008175;"SPRF-PE";"DEL06-PE";"UOP01-DEL06-PE"
155557;2018-08-27;"segunda-feira";"00:50:00";"MG";116;414,5;"GOVERNADOR VALADARES";"Velocidade Incompatível";"Saída de leito carroçável";"Com Vítimas Feridas";"Plena Noite";"Decrescente";"Céu Claro";"Simples";"Curva";"Sim";1;0;1;0;0;0;1;1;-18,88419861;-41,95610046;"SPRF-MG";"DEL06-MG";"UOP01-DEL06-MG"
155559;2018-08-27;"segunda-feira";"06:50:00";"SC";282;2,1;"FLORIANOPOLIS";"Falta de Atenção à Condução";"Colisão lateral";"Com Vítimas Feridas";"Amanhecer";"Decrescente";"Céu Claro";"Dupla";"Reta";"Sim";4;0;0;1;1;2;1;3;-27,603289;-48,590416;"SPRF-SC";"DEL01-SC";"UOP01-DEL01-SC"
155561;2018-08-27;"segunda-feira";"07:00:00";"MG";381;265;"TIMOTEO";"Falta de Atenção à Condução";"Colisão transversal";"Sem Vítimas";"Pleno dia";"Crescente";"Céu Claro";"Simples";"Reta";"Não";2;0;0;0;1;1;0;2;-19,53778992;-42,67158508;"SPRF-MG";"DEL03-MG";"UOP02-DEL03-MG"
155562;2018-08-27;"segunda-feira";"07:44:00";"GO";153;505,7;"APARECIDA DE GOIANIA";"Não guardar distância de segurança";"Colisão traseira";"Com Vítimas Feridas";"Pleno dia";"Decrescente";"Céu Claro";"Dupla";"Reta";"Sim";2;0;1;0;1;0;1;2;-16,7537;-49,2411;"SPRF-GO";"DEL01-GO";"UOP01-DEL01-GO"
155563;2018-08-27;"segunda-feira";"07:30:00";"PB";230;36;"SANTA RITA";"Falta de Atenção à Condução";"Colisão lateral";"Com Vítimas Feridas";"Pleno dia";"Decrescente";"Sol";"Dupla";"Reta";"Sim";3;0;2;0;1;0;2;2;-7,12589877;-34,94884551;"SPRF-PB";"DEL01-PB";"UOP01-DEL01-PB"
155564;2018-08-27;"segunda-feira";"06:50:00";"BA";324;588,3;"CANDEIAS";"Falta de Atenção à Condução";"Colisão lateral";"Com Vítimas Feridas";"Pleno dia";"Crescente";"Céu Claro";"Dupla";"Reta";"Não";6;0;5;0;1;0;5;2;-12,68638641;-38,46622467;"SPRF-BA";"DEL01-BA";"UOP01-DEL01-BA"
155566;2018-08-27;"segunda-feira";"07:20:00";"CE";116;5,1;"FORTALEZA";"Não guardar distância de segurança";"Colisão traseira";"Com Vítimas Feridas";"Pleno dia";"Decrescente";"Céu Claro";"Múltipla";"Reta";"Sim";4;0;2;0;1;1;2;3;-3,8038;-38,5032;"SPRF-CE";"DEL01-CE";"UOP02-DEL01-CE"
155568;2018-08-27;"segunda-feira";"08:00:00";"PE";101;43,6;"IGARASSU";"Falta de Atenção à Condução";"Colisão traseira";"Sem Vítimas";"Pleno dia";"Decrescente";"Céu Claro";"Dupla";"Reta";"Sim";2;0;0;0;1;1;0;2;-7,8543;-34,9087;"SPRF-PE";"DEL01-PE";"UOP02-DEL01-PE"
155569;2018-08-27;"segunda-feira";"08:15:00";"MG";40;484;"SETE LAGOAS";"Fenômenos da Natureza";"Tombamento";"Com Vítimas Feridas";"Pleno dia";"Decrescente";"Céu Claro";"Dupla";"Reta";"Não";2;0;0;2;0;0;2;1;-19,5858;-44,2279;"SPRF-MG";"DEL02-MG";"UOP01-DEL02-MG"
155570;2018-08-27;"segunda-feira";"08:00:00";"RS";290;95;"PORTO ALEGRE";"Falta de Atenção à Condução";"Colisão lateral";"Com Vítimas Feridas";"Pleno dia";"Crescente";"Sol";"Dupla";"Reta";"Sim";2;0;1;0;1;0;1;2;-29,980262;-51,20105803;"SPRF-RS";"DEL01-RS";"UOP01-DEL01-RS"
155571;2018-08-27;"segunda-feira";"06:20:00";"MG";365;91,5;"JEQUITAI";"Velocidade Incompatível";"Colisão traseira";"Com Vítimas Feridas";"Pleno dia";"Crescente";"Céu Claro";"Simples";"Reta";"Não";3;0;2;0;1;0;2;2;-17,212542;-44,444355;"SPRF-MG";"DEL12-MG";"UOP01-DEL12-MG"
155572;2018-08-27;"segunda-feira";"07:20:00";"BA";324;615;"SALVADOR";"Falta de Atenção à Condução";"Colisão traseira";"Com Vítimas Feridas";"Pleno dia";"Decrescente";"Céu Claro";"Dupla";"Reta";"Sim";2;0;1;0;1;0;1;2;-12,88167595;-38,43309402;"SPRF-BA";"DEL01-BA";"UOP01-DEL01-BA"
155574;2018-08-27;"segunda-feira";"07:20:00";"SC";282;502,7;"XANXERE";"Fenômenos da Natureza";"Colisão traseira";"Sem Vítimas";"Pleno dia";"Decrescente";"Sol";"Dupla";"Aclive";"Sim";2;0;0;0;2;0;0;2;-26,88513881;-52,39317471;"SPRF-SC";"DEL07-SC";"UOP01-DEL07-SC"
155575;2018-08-27;"segunda-feira";"07:40:00";"MG";262;810;"UBERABA";"Falta de Atenção à Condução";"Tombamento";"Com Vítimas Feridas";"Pleno dia";"Crescente";"Céu Claro";"Dupla";"Reta;Interseção de Vias;Viaduto";"Sim";1;0;1;0;0;0;1;1;-19,770862;-47,9753;"SPRF-MG";"DEL13-MG";"UOP01-DEL13-MG"
155576;2018-08-27;"segunda-feira";"08:30:00";"RS";290;97;"PORTO ALEGRE";"Falta de Atenção à Condução";"Colisão traseira";"Com Vítimas Feridas";"Pleno dia";"Crescente";"Céu Claro";"Dupla";"Reta";"Sim";2;0;1;0;1;0;1;2;-29,997789;-51,20779;"SPRF-RS";"DEL01-RS";"UOP01-DEL01-RS"
155577;2018-08-27;"segunda-feira";"08:00:00";"RJ";101;65;"CAMPOS DOS GOYTACAZES";"Desobediência às normas de trânsito pelo condutor";"Colisão transversal";"Sem Vítimas";"Pleno dia";"Crescente";"Céu Claro";"Simples";"Interseção de Vias";"Sim";2;0;0;0;2;0;0;2;-21,75443109;-41,34627342;"SPRF-RJ";"DEL08-RJ";"UOP02-DEL08-RJ"
155578;2018-08-27;"segunda-feira";"07:55:00";"RS";472;574,5;"URUGUAIANA";"Desobediência às normas de trânsito pelo condutor";"Colisão transversal";"Com Vítimas Feridas";"Pleno dia";"Decrescente";"Céu Claro";"Simples";"Reta;Interseção de Vias";"Sim";2;0;1;0;1;0;1;2;-29,76353916;-57,05215216;"SPRF-RS";"DEL13-RS";"UOP01-DEL13-RS"
155579;2018-08-27;"segunda-feira";"07:50:00";"PR";476;292,8;"SAO MATEUS DO SUL";"Falta de Atenção à Condução";"Colisão frontal";"Com Vítimas Feridas";"Pleno dia";"Decrescente";"Sol";"Simples";"Reta";"Não";4;0;2;0;2;0;2;2;-25,944748;-50,49596;"SPRF-PR";"DEL02-PR";"UOP04-DEL02-PR"
155580;2018-08-27;"segunda-feira";"08:42:00";"SC";101;217;"PALHOCA";"Desobediência às normas de trânsito pelo condutor";"Colisão transversal";"Com Vítimas Feridas";"Pleno dia";"Crescente";"Céu Claro";"Dupla";"Interseção de Vias";"Sim";2;0;1;0;1;0;1;2;-27,6771;-48,67;"SPRF-SC";"DEL01-SC";"UOP02-DEL01-SC"
155582;2018-08-23;"quinta-feira";"15:15:00";"SC";101;140;"BALNEARIO CAMBORIU";"Falta de Atenção à Condução";"Saída de leito carroçável";"Com Vítimas Feridas";"Pleno dia";"Crescente";"Céu Claro";"Múltipla";"Reta";"Sim";1;0;1;0;0;0;1;1;-27,03596345;-48,60074021;"SPRF-SC";"DEL04-SC";"UOP03-DEL04-SC"
155583;2018-08-27;"segunda-feira";"08:50:00";"ES";101;447,9;"MIMOSO DO SUL";"Velocidade Incompatível";"Capotamento";"Com Vítimas Feridas";"Pleno dia";"Crescente";"Chuva";"Simples";"Curva";"Não";1;0;1;0;0;0;1;1;-21,12837985;-41,27975464;"SPRF-ES";"DEL03-ES";"UOP02-DEL03-ES"
155584;2018-08-27;"segunda-feira";"08:45:00";"PR";476;131;"CURITIBA";"Falta de Atenção à Condução";"Colisão traseira";"Com Vítimas Feridas";"Pleno dia";"Crescente";"Céu Claro";"Múltipla";"Reta";"Sim";3;0;1;0;2;0;1;3;-25,453636;-49,245155;"SPRF-PR";"DEL01-PR";"UOP07-DEL01-PR"
155585;2018-08-27;"segunda-feira";"08:00:00";"ES";101;274,5;"SERRA";"Animais na Pista";"Atropelamento de Animal";"Com Vítimas Feridas";"Pleno dia";"Crescente";"Nublado";"Dupla";"Reta";"Não";5;0;4;0;1;0;4;2;-20,20932;-40,299393;"SPRF-ES";"DEL02-ES";"UOP01-DEL02-ES"
155586;2018-08-27;"segunda-feira";"08:20:00";"RJ";116;178;"NOVA IGUACU";"Desobediência às normas de trânsito pelo condutor";"Colisão lateral";"Com Vítimas Feridas";"Pleno dia";"Crescente";"Sol";"Múltipla";"Reta";"Sim";3;0;1;0;2;0;1;2;-22,74833199;-43,4435302;"SPRF-RJ";"DEL01-RJ";"UOP02-DEL01-RJ"
155587;2018-08-27;"segunda-feira";"08:25:00";"MS";163;258,2;"DOURADOS";"Falta de Atenção à Condução";"Colisão transversal";"Com Vítimas Feridas";"Pleno dia";"Crescente";"Céu Claro";"Dupla";"Rotatória";"Sim";2;0;1;0;1;0;1;2;-22,25813006;-54,78145301;"SPRF-MS";"DEL04-MS";"UOP01-DEL04-MS"
155588;2018-03-17;"sábado";"05:10:00";"PR";376;491,3;"PONTA GROSSA";"Desobediência às normas de trânsito pelo pedestre";"Atropelamento de Pedestre";"Com Vítimas Feridas";"Amanhecer";"Crescente";"Céu Claro";"Dupla";"Reta";"Não";2;0;0;1;1;0;1;2;-25,1131139;-50,18829346;"SPRF-PR";"DEL03-PR";"UOP04-DEL03-PR"
155590;2018-06-23;"sábado";"11:15:00";"SE";235;23,5;"LARANJEIRAS";"Falta de Atenção à Condução";"Colisão traseira";"Com Vítimas Feridas";"Pleno dia";"Crescente";"Sol";"Simples";"Reta";"Não";3;0;1;0;2;0;1;3;-10,81597743;-37,24702111;"SPRF-SE";"DEL01-SE";"UOP01-DEL01-SE"
155594;2018-08-27;"segunda-feira";"08:35:00";"RJ";40;73;"PETROPOLIS";"Pista Escorregadia";"Saída de leito carroçável";"Com Vítimas Feridas";"Pleno dia";"Decrescente";"Chuva";"Simples";"Curva";"Não";1;0;1;0;0;0;1;1;-22,474434;-43,219043;"SPRF-RJ";"DEL06-RJ";"UOP01-DEL06-RJ"
155595;2018-08-27;"segunda-feira";"08:30:00";"RJ";40;74;"PETROPOLIS";"Pista Escorregadia";"Saída de leito carroçável";"Com Vítimas Feridas";"Pleno dia";"Decrescente";"Chuva";"Simples";"Curva";"Não";1;0;1;0;0;0;1;1;-22,48591348;-43,21533889;"SPRF-RJ";"DEL06-RJ";"UOP01-DEL06-RJ"
155597;2018-08-27;"segunda-feira";"09:40:00";"RS";470;217,8;"BENTO GONCALVES";"Falta de Atenção à Condução";"Colisão transversal";"Com Vítimas Feridas";"Pleno dia";"Crescente";"Sol";"Simples";"Curva";"Não";2;0;0;1;1;0;1;2;-29,17871188;-51,51823997;"SPRF-RS";"DEL06-RS";"UOP01-DEL06-RS"
155598;2018-08-27;"segunda-feira";"09:40:00";"RJ";116;226;"PIRAI";"Pista Escorregadia";"Capotamento";"Com Vítimas Feridas";"Pleno dia";"Crescente";"Chuva";"Simples";"Curva";"Não";3;0;1;0;2;0;1;1;-22,672081;-43,817894;"SPRF-RJ";"DEL07-RJ";"UOP01-DEL07-RJ"
155599;2018-08-27;"segunda-feira";"10:00:00";"RJ";40;88;"PETROPOLIS";"Velocidade Incompatível";"Saída de leito carroçável";"Com Vítimas Feridas";"Pleno dia";"Decrescente";"Chuva";"Simples";"Curva";"Não";1;0;1;0;0;0;1;1;-22,551718;-43,229683;"SPRF-RJ";"DEL06-RJ";"UOP01-DEL06-RJ"
155600;2018-08-27;"segunda-feira";"07:35:00";"MT";70;514;"VARZEA GRANDE";"Pista Escorregadia";"Tombamento";"Com Vítimas Feridas";"Pleno dia";"Decrescente";"Céu Claro";"Simples";"Interseção de Vias";"Não";2;0;2;0;0;0;2;1;-15,70621682;-56,13245487;"SPRF-MT";"DEL01-MT";"DEL2/4-UOP02/MT"
155607;2018-08-14;"terça-feira";"04:00:00";"MS";262;544;"MIRANDA";"Condutor Dormindo";"Saída de leito carroçável";"Com Vítimas Feridas";"Plena Noite";"Crescente";"Céu Claro";"Simples";"Declive";"Não";1;0;0;1;0;0;1;1;-20,24093858;-56,30218506;"SPRF-MS";"DEL03-MS";"UOP02-DEL03-MS"
155609;2018-08-27;"segunda-feira";"10:15:00";"SC";101;354,9;"JAGUARUNA";"Falta de Atenção à Condução";"Capotamento";"Com Vítimas Feridas";"Pleno dia";"Crescente";"Sol";"Dupla";"Reta";"Não";1;0;1;0;0;0;1;1;-28,62027822;-49,07337427;"SPRF-SC";"DEL02-SC";"UOP01-DEL02-SC"
155612;2018-08-27;"segunda-feira";"11:45:00";"PR";277;300;"GUARAPUAVA";"Falta de Atenção à Condução";"Colisão lateral";"Com Vítimas Feridas";"Pleno dia";"Crescente";"Céu Claro";"Simples";"Reta";"Não";2;0;1;0;1;0;1;2;-25,29467187;-51,13532245;"SPRF-PR";"DEL03-PR";"UOP01-DEL08-PR"
155613;2018-08-27;"segunda-feira";"10:20:00";"RN";110;105,4;"UPANEMA";"Falta de Atenção à Condução";"Saída de leito carroçável";"Com Vítimas Feridas";"Pleno dia";"Crescente";"Sol";"Simples";"Reta";"Não";2;0;2;0;0;0;2;1;-5,655227;-37,259663;"SPRF-RN";"DEL04-RN";"UOP01-DEL04-RN"
155615;2018-08-27;"segunda-feira";"11:40:00";"SP";381;22;"BRAGANCA PAULISTA";"Condutor Dormindo";"Colisão com objeto estático";"Sem Vítimas";"Pleno dia";"Decrescente";"Céu Claro";"Simples";"Reta";"Sim";1;0;0;0;1;0;0;1;-22,99626405;-46,51438594;"SPRF-SP";"DEL03-SP";"UOP02-DEL03-SP"
155617;2018-08-27;"segunda-feira";"12:40:00";"ES";101;235;"FUNDAO";"Falta de Atenção à Condução";"Queda de ocupante de veículo";"Com Vítimas Feridas";"Pleno dia";"Decrescente";"Nublado";"Simples";"Reta";"Não";1;0;1;0;0;0;1;1;-19,98308784;-40,41352463;"SPRF-ES";"DEL02-ES";"UOP01-DEL02-ES"
155619;2018-07-25;"quarta-feira";"20:15:00";"GO";153;511;"APARECIDA DE GOIANIA";"Falta de Atenção à Condução";"Queda de ocupante de veículo";"Com Vítimas Feridas";"Plena Noite";"Decrescente";"Céu Claro";"Múltipla";"Reta";"Sim";2;0;2;0;0;0;2;2;-16,8067;-49,2394;"SPRF-GO";"DEL01-GO";"UOP03-DEL01-GO"
155620;2018-08-12;"domingo";"19:30:00";"MT";70;342;"DOM AQUINO";"Animais na Pista";"Saída de leito carroçável";"Com Vítimas Feridas";"Plena Noite";"Decrescente";"Céu Claro";"Simples";"Reta";"Não";2;0;2;0;0;0;2;1;-15,534839;-54,812634;"SPRF-MT";"DEL05-MT";"UOP01-DEL05-MT"
155621;2018-08-27;"segunda-feira";"13:20:00";"PR";277;0,7;"PARANAGUA";"Falta de Atenção à Condução";"Colisão transversal";"Com Vítimas Feridas";"Pleno dia";"Crescente";"Céu Claro";"Simples";"Reta";"Sim";3;0;1;0;1;1;1;3;-25,52537801;-48,52713554;"SPRF-PR";"DEL01-PR";"UOP05-DEL01-PR"
155624;2018-08-27;"segunda-feira";"13:39:00";"PE";104;60,5;"CARUARU";"Falta de Atenção à Condução";"Colisão lateral";"Com Vítimas Feridas";"Pleno dia";"Crescente";"Céu Claro";"Dupla";"Curva";"Sim";2;0;0;1;1;0;1;2;-8,2529;-35,9751;"SPRF-PE";"DEL02-PE";"UOP01-DEL02-PE"
155625;2018-08-27;"segunda-feira";"08:30:00";"MG";381;296;"ANTONIO DIAS";"Falta de Atenção à Condução";"Colisão traseira";"Com Vítimas Feridas";"Pleno dia";"Decrescente";"Garoa/Chuvisco";"Simples";"Em Obras;Declive;Desvio Temporário;Reta";"Não";3;0;1;0;2;0;1;2;-19,63038083;-42,83329546;"SPRF-MG";"DEL03-MG";"UOP02-DEL03-MG"
155627;2018-08-27;"segunda-feira";"13:00:00";"PR";277;96;"CURITIBA";"Falta de Atenção do Pedestre";"Atropelamento de Pedestre";"Com Vítimas Feridas";"Pleno dia";"Decrescente";"Céu Claro";"Dupla";"Reta";"Sim";2;0;1;0;1;0;1;2;-25,43095052;-49,33256149;"SPRF-PR";"DEL01-PR";"UOP06-DEL01-PR"
155628;2018-08-27;"segunda-feira";"13:30:00";"MG";40;452,9;"CAETANOPOLIS";"Falta de Atenção do Pedestre";"Atropelamento de Pedestre";"Com Vítimas Feridas";"Pleno dia";"Decrescente";"Céu Claro";"Múltipla";"Reta";"Sim";3;0;0;1;1;1;1;2;-19,348;-44,353;"SPRF-MG";"DEL02-MG";"UOP01-DEL02-MG"
155629;2018-08-27;"segunda-feira";"14:00:00";"PR";369;174,8;"ROLANDIA";"Falta de Atenção à Condução";"Colisão lateral";"Com Vítimas Feridas";"Pleno dia";"Crescente";"Céu Claro";"Simples";"Interseção de Vias";"Sim";3;0;0;1;1;1;1;3;-23,32155784;-51,38284114;"SPRF-PR";"DEL07-PR";"UOP01-DEL07-PR"
155630;2018-08-27;"segunda-feira";"09:15:00";"MG";354;753;"ITAMONTE";"Falta de Atenção à Condução";"Colisão lateral";"Com Vítimas Feridas";"Pleno dia";"Decrescente";"Céu Claro";"Simples";"Reta";"Sim";1;0;1;0;0;0;1;1;-22,28757689;-44,86719132;"SPRF-MG";"DEL05-MG";"UOP01-DEL17-MG"
155631;2018-08-27;"segunda-feira";"12:52:00";"PR";116;118,9;"CURITIBA";"Desobediência às normas de trânsito pelo condutor";"Colisão com objeto estático";"Com Vítimas Fatais";"Pleno dia";"Crescente";"Céu Claro";"Dupla";"Curva";"Não";1;1;0;0;0;0;0;1;-25,57496759;-49,31206849;"SPRF-PR";"DEL01-PR";"UOP07-DEL01-PR"
155632;2018-08-27;"segunda-feira";"14:05:00";"PI";343;13;"PARNAIBA";"Falta de Atenção do Pedestre";"Atropelamento de Pedestre";"Com Vítimas Feridas";"Pleno dia";"Decrescente";"Céu Claro";"Dupla";"Reta";"Sim";3;0;2;0;1;0;2;2;-2,91162501;-41,75369561;"SPRF-PI";"DEL05-PI";"UOP01-DEL05-PI"