"id";"data_inversa";"dia_semana";"horario";"uf";"br";"km";"municipio";"causa_acidente";"tipo_acidente";"classificacao_acidente";"fase_dia";"sentido_via";"condicao_metereologica";"tipo_pista";"tracado_via";"uso_solo";"pessoas";"mortos";"feridos_leves";"feridos_graves";"ilesos";"ignorados";"feridos";"veiculos";"latitude";"longitude";"regional";"delegacia";"uop"
155634;2018-08-27;"segunda-feira";"13:30:00";"PR";277;729,7;"FOZ DO IGUACU";"Desobediência às normas de trânsito pelo condutor";"Colisão traseira";"Com Vítimas Feridas";"Pleno dia";"Decrescente";"Céu Claro";"Dupla";"Reta";"Sim";3;0;1;0;2;0;1;2;-25,50862354;-54,59257185;"SPRF-PR";"DEL05-PR";"UOP03-DEL05-PR"
155636;2018-07-18;"quarta-feira";"06:55:00";"PR";376;182;"MARINGA";"Falta de Atenção à Condução";"Colisão transversal";"Com Vítimas Feridas";"Pleno dia";"Decrescente";"Ignorado";"Dupla";"Interseção de Vias";"Sim";2;0;1;0;1;0;1;2;-23,43138481;-51,88759977;"SPRF-PR";"DEL07-PR";"UOP01-DEL09-PR"
155637;2018-08-27;"segunda-feira";"14:15:00";"RJ";40;119;"DUQUE DE CAXIAS";"Falta de Atenção à Condução";"Colisão lateral";"Com Vítimas Feridas";"Pleno dia";"Decrescente";"Nublado";"Múltipla";"Reta";"Sim";2;0;1;0;1;0;1;2;-22,79968346;-43,28982353;"SPRF-RJ";"DEL01-RJ";"UOP01-DEL01-RJ"
155639;2018-08-27;"segunda-feira";"14:50:00";"MG";381;3,2;"BETIM";"Defeito Mecânico no Veículo";"Tombamento";"Com Vítimas Feridas";"Pleno dia";"Decrescente";"Céu Claro";"Dupla";"Curva";"Não";2;0;2;0;0;0;2;1;-19,98649714;-44,16999578;"SPRF-MG";"DEL01-MG";"UOP03-DEL01-MG"
155640;2018-08-27;"segunda-feira";"14:00:00";"PE";101;88,8;"JABOATAO DOS GUARARAPES";"Falta de Atenção à Condução";"Queda de ocupante de veículo";"Com Vítimas Feridas";"Pleno dia";"Crescente";"Chuva";"Dupla";"Reta";"Sim";1;0;0;1;0;0;1;1;-8,2073;-34,9836;"SPRF-PE";"DEL01-PE";"UOP03-DEL01-PE"
155641;2018-08-27;"segunda-feira";"13:40:00";"PR";277;726,5;"FOZ DO IGUACU";"Falta de Atenção à Condução";"Colisão traseira";"Com Vítimas Feridas";"Pleno dia";"Crescente";"Céu Claro";"Dupla";"Rotatória";"Sim";2;0;1;0;1;0;1;2;-25,510686;-54,55887794;"SPRF-PR";"DEL05-PR";"UOP03-DEL05-PR"
155643;2018-08-27;"segunda-feira";"15:10:00";"RN";101;75,4;"SAO GONCALO DO AMARANTE";"Ingestão de Álcool";"Danos eventuais";"Sem Vítimas";"Pleno dia";"Crescente";"Céu Claro";"Dupla";"Interseção de Vias";"Não";2;0;0;0;1;1;0;2;-5,72356341;-35,2797432;"SPRF-RN";"DEL02-RN";"UOP01-DEL02-RN"
155645;2018-08-14;"terça-feira";"18:00:00";"PR";376;443,8;"TIBAGI";"Falta de Atenção do Pedestre";"Atropelamento de Pedestre";"Com Vítimas Feridas";"Anoitecer";"Crescente";"Céu Claro";"Simples";"Reta";"Não";2;0;0;1;1;0;1;2;-24,83458981;-50,47710299;"SPRF-PR";"DEL03-PR";"UOP02-DEL03-PR"
155646;2018-08-27;"segunda-feira";"15:30:00";"GO";60;3;"SANTO ANTONIO DO DESCOBERTO";"Falta de Atenção à Condução";"Colisão traseira";"Sem Vítimas";"Pleno dia";"Decrescente";"Céu Claro";"Dupla";"Aclive";"Não";2;0;0;0;2;0;0;2;-16,07907348;-48,26950181;"SPRF-DF";"DEL01-DF";"UOP01-DEL03-DF"
155647;2018-08-27;"segunda-feira";"15:03:00";"SP";116;68;"APARECIDA";"Falta de Atenção à Condução";"Colisão traseira";"Com Vítimas Feridas";"Pleno dia";"Crescente";"Nublado";"Dupla";"Em Obras;Reta";"Sim";8;0;3;0;5;0;3;2;-22,833527;-45,217106;"SPRF-SP";"DEL08-SP";"UOP01-DEL08-SP"
155649;2018-08-27;"segunda-feira";"16:00:00";"GO";60;393;"RIO VERDE";"Falta de Atenção à Condução";"Colisão traseira";"Com Vítimas Feridas";"Pleno dia";"Crescente";"Céu Claro";"Dupla";"Reta";"Não";2;0;1;0;1;0;1;2;-17,8248;-50,9889;"SPRF-GO";"DEL04-GO";"UOP01-DEL04-GO"
155654;2018-08-27;"segunda-feira";"14:30:00";"MG";116;774,8;"LEOPOLDINA";"Velocidade Incompatível";"Saída de leito carroçável";"Com Vítimas Feridas";"Pleno dia";"Crescente";"Nublado";"Simples";"Curva;Aclive";"Não";1;0;0;1;0;0;1;1;-21,57875194;-42,68814412;"SPRF-MG";"DEL07-MG";"UOP01-DEL07-MG"
155655;2018-08-27;"segunda-feira";"12:40:00";"SC";282;380,5;"HERVAL DOESTE";"Condutor Dormindo";"Colisão lateral";"Com Vítimas Feridas";"Pleno dia";"Crescente";"Céu Claro";"Simples";"Reta";"Não";3;0;1;0;2;0;1;2;-27,213797;-51,499413;"SPRF-SC";"DEL07-SC";"UOP05-DEL07-SC"
155656;2018-08-27;"segunda-feira";"16:40:00";"SC";101;239;"PALHOCA";"Condutor Dormindo";"Capotamento";"Com Vítimas Feridas";"Pleno dia";"Crescente";"Céu Claro";"Dupla";"Reta";"Não";1;0;1;0;0;0;1;1;-27,8602;-48,6446;"SPRF-SC";"DEL01-SC";"UOP02-DEL01-SC"
155657;2018-08-27;"segunda-feira";"16:40:00";"SP";116;271,5;"TABOAO DA SERRA";"Falta de Atenção à Condução";"Colisão traseira";"Com Vítimas Feridas";"Pleno dia";"Crescente";"Nublado";"Dupla";"Reta";"Sim";2;0;1;0;1;0;1;2;-23,61071095;-46,77378774;"SPRF-SP";"DEL04-SP";"UOP01-DEL04-SP"
155658;2018-08-27;"segunda-feira";"17:10:00";"GO";60;90;"ANAPOLIS";"Falta de Atenção à Condução";"Colisão transversal";"Com Vítimas Feridas";"Pleno dia";"Decrescente";"Céu Claro";"Múltipla";"Declive;Interseção de Vias;Reta";"Sim";2;0;0;1;1;0;1;2;-16,34208312;-48,90097321;"SPRF-GO";"DEL02-GO";"UOP01-DEL02-GO"
155661;2018-08-27;"segunda-feira";"17:35:00";"RS";116;526;"PELOTAS";"Falta de Atenção à Condução";"Tombamento";"Com Vítimas Feridas";"Pleno dia";"Crescente";"Céu Claro";"Simples";"Rotatória";"Sim";1;0;1;0;0;0;1;1;-31,6648756;-52,325577;"SPRF-RS";"DEL07-RS";"UOP01-DEL07-RS"
155662;2018-08-27;"segunda-feira";"16:30:00";"RJ";40;92,1;"PETROPOLIS";"Pista Escorregadia";"Saída de leito carroçável";"Com Vítimas Feridas";"Pleno dia";"Decrescente";"Chuva";"Simples";"Curva";"Não";1;0;1;0;0;0;1;1;-22,56868288;-43,24253082;"SPRF-RJ";"DEL06-RJ";"UOP01-DEL06-RJ"
155663;2018-08-27;"segunda-feira";"17:35:00";"MG";40;434,5;"PARAOPEBA";"Velocidade Incompatível";"Saída de leito carroçável";"Com Vítimas Fatais";"Anoitecer";"Decrescente";"Céu Claro";"Dupla";"Reta";"Não";3;1;1;1;0;0;2;1;-19,2228;-44,4464;"SPRF-MG";"DEL02-MG";"UOP01-DEL02-MG"
155665;2018-08-27;"segunda-feira";"17:05:00";"MG";116;693,4;"MURIAE";"Defeito Mecânico no Veículo";"Incêndio";"Sem Vítimas";"Pleno dia";"Decrescente";"Céu Claro";"Simples";"Reta";"Não";1;0;0;0;0;1;0;1;-21,03184187;-42,36614609;"SPRF-MG";"DEL07-MG";"UOP02-DEL07-MG"
155666;2018-08-27;"segunda-feira";"17:30:00";"SC";101;163;"TIJUCAS";"Falta de Atenção à Condução";"Colisão transversal";"Com Vítimas Feridas";"Pleno dia";"Decrescente";"Céu Claro";"Simples";"Interseção de Vias";"Sim";2;0;1;0;1;0;1;2;-27,2414;-48,6306;"SPRF-SC";"DEL04-SC";"UOP03-DEL04-SC"
155667;2018-06-15;"sexta-feira";"05:00:00";"PI";316;117;"PASSAGEM FRANCA DO PIAUI";"Condutor Dormindo";"Capotamento";"Com Vítimas Feridas";"Amanhecer";"Decrescente";"Céu Claro";"Simples";"Reta";"Não";1;0;0;1;0;0;1;1;-5,9404848;-42,37255096;"SPRF-PI";"DEL04-PI";"UOP02-DEL04-PI"
155668;2018-08-27;"segunda-feira";"17:30:00";"RJ";101;108;"CAMPOS DOS GOYTACAZES";"Pista Escorregadia";"Capotamento";"Com Vítimas Feridas";"Plena Noite";"Crescente";"Chuva";"Dupla";"Reta";"Não";5;0;4;0;1;0;4;1;-21,940668;-41,632195;"SPRF-RJ";"DEL08-RJ";"UOP02-DEL08-RJ"
155669;2018-08-27;"segunda-feira";"17:45:00";"PE";101;44,6;"IGARASSU";"Ingestão de Álcool";"Colisão traseira";"Com Vítimas Feridas";"Plena Noite";"Decrescente";"Céu Claro";"Múltipla";"Reta";"Sim";3;0;1;0;2;0;1;2;-7,8728;-34,9061;"SPRF-PE";"DEL01-PE";"UOP02-DEL01-PE"
155673;2018-08-23;"quinta-feira";"17:20:00";"BA";101;190;"CONCEICAO DA FEIRA";"Não guardar distância de segurança";"Colisão traseira";"Com Vítimas Feridas";"Anoitecer";"Crescente";"Céu Claro";"Simples";"Aclive;Reta";"Não";3;0;1;0;2;0;1;3;-12,52215399;-38,97196323;"SPRF-BA";"DEL01-BA";"UOP03-DEL01-BA"
155674;2018-08-27;"segunda-feira";"17:30:00";"GO";60;128;"GOIANAPOLIS";"Defeito Mecânico no Veículo";"Queda de ocupante de veículo";"Com Vítimas Feridas";"Pleno dia";"Crescente";"Sol";"Dupla";"Reta";"Não";2;0;1;0;1;0;1;1;-16,5498;-49,1518;"SPRF-GO";"DEL01-GO";"UOP01-DEL01-GO"
155675;2018-08-27;"segunda-feira";"17:40:00";"PR";277;80,2;"CURITIBA";"Defeito Mecânico no Veículo";"Queda de ocupante de veículo";"Com Vítimas Feridas";"Pleno dia";"Crescente";"Céu Claro";"Dupla";"Reta";"Sim";2;0;1;0;1;0;1;1;-25,47251022;-49,210639;"SPRF-PR";"DEL01-PR";"UOP01-DEL01-PR"
155676;2018-08-27;"segunda-feira";"18:30:00";"SC";470;48,1;"BLUMENAU";"Falta de Atenção à Condução";"Colisão transversal";"Com Vítimas Feridas";"Anoitecer";"Crescente";"Céu Claro";"Simples";"Reta";"Não";2;0;1;1;0;0;2;2;-26,859664;-49,055879;"SPRF-SC";"DEL04-SC";"UOP01-DEL04-SC"
155677;2018-08-27;"segunda-feira";"17:55:00";"MG";381;513;"IGARAPE";"Desobediência às normas de trânsito pelo condutor";"Colisão transversal";"Com Vítimas Feridas";"Anoitecer";"Crescente";"Céu Claro";"Múltipla";"Interseção de Vias";"Sim";2;0;1;0;1;0;1;2;-20,0831;-44,3086;"SPRF-MG";"DEL01-MG";"UOP03-DEL01-MG"
155678;2018-08-27;"segunda-feira";"18:25:00";"RS";116;245;"SAO LEOPOLDO";"Desobediência às normas de trânsito pelo condutor";"Colisão transversal";"Com Vítimas Feridas";"Plena Noite";"Decrescente";"Céu Claro";"Simples";"Reta";"Sim";2;0;1;0;1;0;1;2;-29,74628907;-51,15126014;"SPRF-RS";"DEL01-RS";"UOP02-DEL01-RS"
155679;2018-08-27;"segunda-feira";"18:20:00";"PR";277;22,8;"MORRETES";"Desobediência às normas de trânsito pelo condutor";"Colisão transversal";"Com Vítimas Feridas";"Anoitecer";"Crescente";"Céu Claro";"Dupla";"Reta;Aclive";"Não";5;0;4;0;1;0;4;2;-25,5288416;-48,7337947;"SPRF-PR";"DEL01-PR";"UOP05-DEL01-PR"
155683;2018-08-27;"segunda-feira";"18:42:00";"SC";101;146,7;"ITAPEMA";"Falta de Atenção à Condução";"Colisão transversal";"Com Vítimas Feridas";"Anoitecer";"Crescente";"Nublado";"Simples";"Viaduto";"Sim";3;0;1;0;2;0;1;3;-27,08995178;-48,61560058;"SPRF-SC";"DEL04-SC";"UOP03-DEL04-SC"
155685;2018-08-27;"segunda-feira";"18:45:00";"MG";381;480;"CONTAGEM";"Defeito Mecânico no Veículo";"Colisão com objeto estático";"Com Vítimas Feridas";"Plena Noite";"Decrescente";"Céu Claro";"Dupla";"Reta";"Sim";2;0;1;0;1;0;1;2;-19,9586;-44,0608;"SPRF-MG";"DEL01-MG";"UOP03-DEL01-MG"
155686;2018-08-27;"segunda-feira";"18:34:00";"SP";116;227;"SAO PAULO";"Não guardar distância de segurança";"Colisão traseira";"Com Vítimas Feridas";"Plena Noite";"Decrescente";"Céu Claro";"Múltipla";"Curva";"Sim";2;0;1;0;1;0;1;2;-23,50155347;-46,56367207;"SPRF-SP";"DEL01-SP";"UOP01-DEL01-SP"
155690;2018-08-16;"quinta-feira";"12:50:00";"MS";359;148;"ALCINOPOLIS";"Falta de Atenção à Condução";"Saída de leito carroçável";"Com Vítimas Feridas";"Pleno dia";"Decrescente";"Céu Claro";"Simples";"Reta";"Não";6;0;1;2;3;0;3;1;-18,265054;-54,0729;"SPRF-MS";"DEL06-MS";"UOP01-DEL06-MS"
155691;2018-08-27;"segunda-feira";"19:00:00";"MA";316;561,3;"CAXIAS";"Desobediência às normas de trânsito pelo condutor";"Colisão frontal";"Com Vítimas Fatais";"Plena Noite";"Decrescente";"Céu Claro";"Simples";"Reta";"Não";3;1;2;0;0;0;2;2;-4,88864918;-43,28422576;"SPRF-MA";"DEL03-MA";"UOP02-DEL03-MA"
155692;2018-08-27;"segunda-feira";"17:00:00";"SC";280;120;"SAO BENTO DO SUL";"Velocidade Incompatível";"Saída de leito carroçável";"Com Vítimas Feridas";"Pleno dia";"Crescente";"Céu Claro";"Simples";"Curva";"Não";2;0;0;1;0;1;1;2;-26,260925;-49,44276;"SPRF-SC";"DEL06-SC";"UOP03-DEL06-SC"
155694;2018-08-27;"segunda-feira";"19:00:00";"CE";20;424,8;"MARACANAU";"Pista Escorregadia";"Queda de ocupante de veículo";"Com Vítimas Feridas";"Plena Noite";"Decrescente";"Céu Claro";"Dupla";"Reta";"Não";1;0;1;0;0;0;1;1;-3,86001565;-38,53830636;"SPRF-CE";"DEL01-CE";"UOP02-DEL01-CE"
155696;2018-08-27;"segunda-feira";"19:35:00";"SP";116;220,9;"GUARULHOS";"Falta de Atenção à Condução";"Colisão traseira";"Com Vítimas Feridas";"Plena Noite";"Decrescente";"Céu Claro";"Múltipla";"Reta";"Sim";3;0;2;0;1;0;2;3;-23,46945632;-46,51166081;"SPRF-SP";"DEL01-SP";"UOP01-DEL01-SP"
155698;2018-02-14;"quarta-feira";"12:35:00";"PE";101;68;"RECIFE";"Restrição de Visibilidade";"Colisão traseira";"Sem Vítimas";"Pleno dia";"Decrescente";"Nublado";"Dupla";"Em Obras;Viaduto";"Sim";2;0;0;0;2;0;0;2;-8,0595;-34,9458;"SPRF-PE";"DEL01-PE";"UOP01-DEL01-PE"
155699;2018-08-27;"segunda-feira";"18:10:00";"SC";116;281,2;"CAPAO ALTO";"Mal Súbito";"Saída de leito carroçável";"Com Vítimas Feridas";"Anoitecer";"Crescente";"Céu Claro";"Simples";"Reta";"Não";1;0;1;0;0;0;1;1;-27,958473;-50,487453;"SPRF-SC";"DEL05-SC";"UOP02-DEL05-SC"
155700;2018-08-27;"segunda-feira";"18:20:00";"RN";110;32,1;"MOSSORO";"Animais na Pista";"Atropelamento de Animal";"Sem Vítimas";"Plena Noite";"Crescente";"Céu Claro";"Simples";"Reta";"Não";1;0;0;0;1;0;0;1;-5,197978;-37,318398;"SPRF-RN";"DEL04-RN";"UOP01-DEL04-RN"
155701;2018-08-27;"segunda-feira";"20:00:00";"BA";324;615;"SALVADOR";"Falta de Atenção do Pedestre";"Atropelamento de Pedestre";"Com Vítimas Feridas";"Plena Noite";"Crescente";"Céu Claro";"Dupla";"Reta";"Não";2;0;0;1;1;0;1;2;-12,881128;-38,433105;"SPRF-BA";"DEL01-BA";"UOP01-DEL01-BA"
155703;2018-08-27;"segunda-feira";"18:50:00";"SC";280;52,3;"GUARAMIRIM";"Falta de Atenção à Condução";"Colisão transversal";"Com Vítimas Feridas";"Plena Noite";"Crescente";"Céu Claro";"Simples";"Reta";"Não";2;0;1;0;1;0;1;2;-26,47135095;-48,97113735;"SPRF-SC";"DEL03-SC";"UOP03-DEL03-SC"
155704;2018-08-27;"segunda-feira";"20:45:00";"AL";101;73,1;"MESSIAS";"Desobediência às normas de trânsito pelo condutor";"Colisão frontal";"Com Vítimas Feridas";"Plena Noite";"Crescente";"Nublado";"Dupla";"Declive";"Não";2;0;0;1;1;0;1;2;-9,40012662;-35,83666205;"SPRF-AL";"DEL01-AL";"UOP01-DEL01-AL"
155705;2018-08-27;"segunda-feira";"20:30:00";"DF";70;14;"BRASILIA";"Falta de Atenção à Condução";"Colisão traseira";"Com Vítimas Feridas";"Plena Noite";"Crescente";"Céu Claro";"Dupla";"Reta";"Não";2;0;1;0;1;0;1;2;-15,797312;-48,176056;"SPRF-DF";"DEL01-DF";"UOP02-DEL03-DF"
155706;2018-08-27;"segunda-feira";"20:20:00";"PR";277;582;"CASCAVEL";"Sinalização da via insuficiente ou inadequada";"Tombamento";"Com Vítimas Feridas";"Plena Noite";"Crescente";"Céu Claro";"Dupla";"Em Obras";"Sim";1;0;1;0;0;0;1;1;-24,97610922;-53,38746071;"SPRF-PR";"DEL04-PR";"UOP01-DEL04-PR"
155707;2018-08-27;"segunda-feira";"20:33:00";"PR";163;179,8;"LINDOESTE";"Falta de Atenção à Condução";"Colisão com objeto estático";"Com Vítimas Feridas";"Plena Noite";"Decrescente";"Céu Claro";"Simples";"Reta";"Não";3;0;2;0;1;0;2;1;-25,18276755;-53,6017361;"SPRF-PR";"DEL04-PR";"UOP05-DEL05-PR"
155708;2018-08-27;"segunda-feira";"16:40:00";"CE";230;56;"LAVRAS DA MANGABEIRA";"Fenômenos da Natureza";"Colisão traseira";"Com Vítimas Feridas";"Pleno dia";"Crescente";"Sol";"Simples";"Reta";"Não";3;0;2;0;1;0;2;2;-6,766578;-39,100136;"SPRF-CE";"DEL05-CE";"UOP01-DEL05-CE"
155710;2018-08-27;"segunda-feira";"21:30:00";"RN";304;299,2;"MACAIBA";"Velocidade Incompatível";"Colisão traseira";"Com Vítimas Feridas";"Plena Noite";"Decrescente";"Céu Claro";"Múltipla";"Reta";"Não";2;0;2;0;0;0;2;2;-5,87047715;-35,32619476;"SPRF-RN";"DEL01-RN";"UOP02-DEL01-RN"
155713;2018-08-27;"segunda-feira";"21:40:00";"ES";101;268,2;"SERRA";"Pista Escorregadia";"Queda de ocupante de veículo";"Com Vítimas Feridas";"Plena Noite";"Decrescente";"Chuva";"Dupla";"Reta";"Sim";1;0;1;0;0;0;1;1;-20,20795792;-40,26938796;"SPRF-ES";"DEL02-ES";"UOP01-DEL02-ES"
155714;2018-08-27;"segunda-feira";"20:30:00";"RS";386;420,6;"MONTENEGRO";"Velocidade Incompatível";"Saída de leito carroçável";"Com Vítimas Feridas";"Plena Noite";"Crescente";"Céu Claro";"Dupla";"Reta";"Não";4;0;2;0;2;0;2;1;-29,81665949;-51,41737638;"SPRF-RS";"DEL04-RS";"UOP02-DEL04-RS"
155715;2018-08-19;"domingo";"21:20:00";"PR";376;174,7;"MARINGA";"Desobediência às normas de trânsito pelo condutor";"Colisão traseira";"Com Vítimas Feridas";"Plena Noite";"Crescente";"Céu Claro";"Múltipla";"Reta";"Sim";3;0;1;0;1;1;1;2;-23,4151714;-51,952554;"SPRF-PR";"DEL07-PR";"UOP01-DEL09-PR"
155717;2018-08-27;"segunda-feira";"22:15:00";"DF";70;8;"BRASILIA";"Falta de Atenção à Condução";"Colisão traseira";"Com Vítimas Feridas";"Plena Noite";"Crescente";"Céu Claro";"Dupla";"Reta";"Sim";2;0;0;1;1;0;1;2;-15,78506803;-48,12140465;"SPRF-DF";"DEL01-DF";"UOP02-DEL03-DF"
155718;2018-08-27;"segunda-feira";"18:20:00";"RJ";101;334;"RIO DE JANEIRO";"Falta de Atenção à Condução";"Queda de ocupante de veículo";"Com Vítimas Feridas";"Plena Noite";"Crescente";"Céu Claro";"Dupla";"Reta";"Não";1;0;1;0;0;0;1;1;-22,87143032;-43,20230305;"SPRF-RJ";"DEL02-RJ";"UOP02-DEL02-RJ"
155719;2018-08-27;"segunda-feira";"21:10:00";"MS";262;77;"TRES LAGOAS";"Ingestão de Álcool";"Saída de leito carroçável";"Sem Vítimas";"Plena Noite";"Decrescente";"Céu Claro";"Simples";"Reta";"Não";3;0;0;0;3;0;0;1;-20,758873;-52,033009;"SPRF-MS";"DEL07-MS";"UOP02-DEL07-MS"
155721;2018-08-27;"segunda-feira";"22:30:00";"MG";40;791,4;"JUIZ DE FORA";"Falta de Atenção à Condução";"Saída de leito carroçável";"Com Vítimas Feridas";"Plena Noite";"Crescente";"Céu Claro";"Dupla";"Curva";"Não";1;0;1;0;0;0;1;1;-21,7831;-43,4162;"SPRF-MG";"DEL05-MG";"UOP01-DEL05-MG"
155728;2018-08-28;"terça-feira";"00:10:00";"ES";262;1;"CARIACICA";"Falta de Atenção à Condução";"Colisão com objeto estático";"Sem Vítimas";"Plena Noite";"Crescente";"Chuva";"Dupla";"Reta;Ponte";"Sim";1;0;0;0;1;0;0;1;-20,33061335;-40,35497189;"SPRF-ES";"DEL01-ES";"UOP01-DEL01-ES"
155731;2018-08-28;"terça-feira";"00:45:00";"MG";116;287;"TEOFILO OTONI";"Pista Escorregadia";"Tombamento";"Com Vítimas Feridas";"Plena Noite";"Crescente";"Chuva";"Simples";"Curva";"Não";1;0;0;1;0;0;1;1;-17,93979689;-41,52805746;"SPRF-MG";"DEL11-MG";"UOP01-DEL11-MG"
155733;2018-08-27;"segunda-feira";"19:55:00";"SC";282;578;"PINHALZINHO";"Ingestão de Álcool";"Colisão transversal";"Com Vítimas Feridas";"Plena Noite";"Crescente";"Céu Claro";"Simples";"Rotatória";"Sim";3;0;1;0;2;0;1;2;-26,85287641;-52,98000097;"SPRF-SC";"DEL07-SC";"UOP02-DEL07-SC"
155734;2018-08-27;"segunda-feira";"22:10:00";"PE";423;89,8;"GARANHUNS";"Velocidade Incompatível";"Colisão transversal";"Com Vítimas Fatais";"Plena Noite";"Crescente";"Céu Claro";"Simples";"Reta;Declive";"Não";4;2;0;0;2;0;0;2;-8,837765;-36,456047;"SPRF-PE";"DEL03-PE";"UOP01-DEL03-PE"
155738;2018-08-28;"terça-feira";"02:44:00";"BA";324;602;"SIMOES FILHO";"Animais na Pista";"Atropelamento de Animal";"Sem Vítimas";"Plena Noite";"Crescente";"Céu Claro";"Dupla";"Reta";"Não";1;0;0;0;1;0;0;1;-12,77564299;-38,41850281;"SPRF-BA";"DEL01-BA";"UOP01-DEL01-BA"
155740;2018-08-28;"terça-feira";"05:35:00";"RN";101;99;"NATAL";"Desobediência às normas de trânsito pelo condutor";"Colisão com objeto estático";"Sem Vítimas";"Pleno dia";"Crescente";"Garoa/Chuvisco";"Múltipla";"Em Obras;Reta;Desvio Temporário";"Sim";2;0;0;0;2;0;0;2;-5,877469;-35,22322;"SPRF-RN";"DEL01-RN";"UOP01-DEL01-RN"
155741;2018-08-28;"terça-feira";"02:15:00";"SC";101;282,6;"IMBITUBA";"Desobediência às normas de trânsito pelo condutor";"Capotamento";"Com Vítimas Feridas";"Plena Noite";"Crescente";"Céu Claro";"Dupla";"Reta";"Sim";5;0;3;0;1;1;3;2;-28,21921202;-48,70033499;"SPRF-SC";"DEL02-SC";"UOP03-DEL02-SC"
155742;2018-08-28;"terça-feira";"05:50:00";"ES";101;402;"ITAPEMIRIM";"Falta de Atenção à Condução";"Queda de ocupante de veículo";"Com Vítimas Feridas";"Amanhecer";"Decrescente";"Chuva";"Simples";"Reta";"Não";1;0;1;0;0;0;1;1;-20,86651131;-40,91720581;"SPRF-ES";"DEL03-ES";"UOP02-DEL03-ES"
155745;2018-08-28;"terça-feira";"05:30:00";"MG";40;679,3;"RESSAQUINHA";"Falta de Atenção à Condução";"Saída de leito carroçável";"Com Vítimas Feridas";"Plena Noite";"Crescente";"Nublado";"Simples";"Reta";"Não";1;0;1;0;0;0;1;1;-21,03944578;-43,76424193;"SPRF-MG";"DEL05-MG";"UOP02-DEL05-MG"
155750;2018-08-28;"terça-feira";"07:00:00";"RN";427;95,7;"CAICO";"Não guardar distância de segurança";"Colisão frontal";"Com Vítimas Feridas";"Pleno dia";"Crescente";"Céu Claro";"Simples";"Reta";"Sim";3;0;0;1;1;1;1;3;-6,47275635;-37,07554221;"SPRF-RN";"DEL03-RN";"UOP01-DEL03-RN"
155751;2018-08-28;"terça-feira";"07:10:00";"ES";262;22,8;"VIANA";"Velocidade Incompatível";"Saída de leito carroçável";"Com Vítimas Feridas";"Pleno dia";"Decrescente";"Chuva";"Simples";"Curva";"Não";1;0;1;0;0;0;1;1;-20,37423943;-40,51792145;"SPRF-ES";"DEL01-ES";"UOP01-DEL01-ES"
155752;2018-08-28;"terça-feira";"07:25:00";"DF";70;1,9;"BRASILIA";"Desobediência às normas de trânsito pelo condutor";"Colisão traseira";"Com Vítimas Feridas";"Pleno dia";"Decrescente";"Céu Claro";"Dupla";"Reta";"Sim";2;0;1;0;0;1;1;2;-15,79798437;-48,07233661;"SPRF-DF";"DEL01-DF";"UOP02-DEL03-DF"
155754;2018-08-28;"terça-feira";"07:50:00";"PE";101;91;"CABO DE SANTO AGOSTINHO";"Falta de Atenção à Condução";"Colisão transversal";"Com Vítimas Feridas";"Pleno dia";"Decrescente";"Céu Claro";"Simples";"Reta";"Não";2;0;1;0;1;0;1;2;-8,2308;-34,9969;"SPRF-PE";"DEL01-PE";"UOP03-DEL01-PE"
155755;2018-08-28;"terça-feira";"06:50:00";"RS";116;224;"DOIS IRMAOS";"Falta de Atenção à Condução";"Colisão transversal";"Com Vítimas Feridas";"Amanhecer";"Crescente";"Céu Claro";"Dupla";"Rotatória;Interseção de Vias";"Sim";2;0;2;0;0;0;2;2;-29,58944002;-51,10761523;"SPRF-RS";"DEL05-RS";"UOP02-DEL05-RS"
155756;2018-08-28;"terça-feira";"06:50:00";"MS";163;288,1;"DOURADOS";"Desobediência às normas de trânsito pelo condutor";"Colisão lateral";"Sem Vítimas";"Pleno dia";"Decrescente";"Sol";"Simples";"Reta";"Sim";7;0;0;0;7;0;0;3;-22,2109009;-54,713244;"SPRF-MS";"DEL04-MS";"UOP01-DEL04-MS"
155759;2018-08-28;"terça-feira";"07:40:00";"PR";376;174,7;"MARINGA";"Falta de Atenção à Condução";"Colisão traseira";"Com Vítimas Feridas";"Pleno dia";"Decrescente";"Céu Claro";"Dupla";"Reta;Aclive";"Sim";2;0;1;0;1;0;1;2;-23,411356;-51,940777;"SPRF-PR";"DEL07-PR";"UOP01-DEL09-PR"
155760;2018-08-28;"terça-feira";"07:45:00";"SP";381;39;"ATIBAIA";"Falta de Atenção à Condução";"Colisão lateral";"Com Vítimas Feridas";"Pleno dia";"Decrescente";"Céu Claro";"Dupla";"Reta";"Sim";1;0;1;0;0;0;1;1;-23,121569;-46,574715;"SPRF-SP";"DEL03-SP";"UOP01-DEL03-SP"
155761;2018-08-28;"terça-feira";"07:05:00";"RS";158;333,4;"SANTA MARIA";"Falta de Atenção à Condução";"Colisão traseira";"Com Vítimas Feridas";"Pleno dia";"Decrescente";"Céu Claro";"Simples";"Reta";"Sim";3;0;1;0;2;0;1;2;-29,708469;-53,864265;"SPRF-RS";"DEL09-RS";"UOP01-DEL09-RS"