"id";"data_inversa";"dia_semana";"horario";"uf";"br";"km";"municipio";"causa_acidente";"tipo_acidente";"classificacao_acidente";"fase_dia";"sentido_via";"condicao_metereologica";"tipo_pista";"tracado_via";"uso_solo";"pessoas";"mortos";"feridos_leves";"feridos_graves";"ilesos";"ignorados";"feridos";"veiculos";"latitude";"longitude";"regional";"delegacia";"uop"
155763;2018-08-28;"terça-feira";"07:50:00";"SP";153;43,8;"ONDA VERDE";"Condutor Dormindo";"Saída de leito carroçável";"Com Vítimas Feridas";"Pleno dia";"Decrescente";"Céu Claro";"Simples";"Reta";"Não";1;0;1;0;0;0;1;1;-20,646023;-49,340565;"SPRF-SP";"DEL09-SP";"UOP01-DEL09-SP"
155764;2018-08-28;"terça-feira";"07:25:00";"SP";101;50,5;"UBATUBA";"Falta de Atenção à Condução";"Colisão transversal";"Com Vítimas Feridas";"Pleno dia";"Crescente";"Céu Claro";"Simples";"Reta";"Sim";4;0;1;1;2;0;2;2;-23,45022;-45,077404;"SPRF-SP";"DEL06-SP";"UOP01-DEL06-SP"
155767;2018-08-28;"terça-feira";"08:50:00";"PR";369;95,8;"CORNELIO PROCOPIO";"Velocidade Incompatível";"Saída de leito carroçável";"Com Vítimas Feridas";"Pleno dia";"Decrescente";"Céu Claro";"Simples";"Reta";"Não";2;0;0;2;0;0;2;1;-23,23251286;-50,67852885;"SPRF-PR";"DEL07-PR";"UOP05-DEL07-PR"
155770;2018-08-28;"terça-feira";"05:15:00";"BA";116;609,3;"IRAJUBA";"Pista Escorregadia";"Saída de leito carroçável";"Com Vítimas Feridas";"Amanhecer";"Decrescente";"Chuva";"Simples";"Curva";"Não";3;0;2;0;1;0;2;1;-13,31299;-40,01909;"SPRF-BA";"DEL03-BA";"UOP01-DEL03-BA"
155771;2018-08-13;"segunda-feira";"10:40:00";"PB";101;85,9;"BAYEUX";"Não guardar distância de segurança";"Colisão traseira";"Com Vítimas Feridas";"Pleno dia";"Decrescente";"Céu Claro";"Dupla";"Reta";"Sim";3;0;2;0;1;0;2;2;-7,150631;-34,910223;"SPRF-PB";"DEL01-PB";"UOP01-DEL01-PB"
155772;2018-08-28;"terça-feira";"07:39:00";"PR";277;81,1;"SAO JOSE DOS PINHAIS";"Não guardar distância de segurança";"Colisão traseira";"Com Vítimas Feridas";"Pleno dia";"Crescente";"Nublado";"Dupla";"Reta";"Sim";2;0;1;0;1;0;1;2;-25,47179346;-49,2111969;"SPRF-PR";"DEL01-PR";"UOP01-DEL01-PR"
155773;2018-08-28;"terça-feira";"08:15:00";"RO";319;63,8;"PORTO VELHO";"Desobediência às normas de trânsito pelo condutor";"Engavetamento";"Com Vítimas Feridas";"Pleno dia";"Decrescente";"Céu Claro";"Múltipla";"Reta";"Sim";5;0;2;0;3;0;2;4;-8,7647511;-63,8845711;"SPRF-RO";"DEL01-RO";"UOP01-DEL01-RO"
155775;2018-08-28;"terça-feira";"09:25:00";"MA";135;6,9;"SAO LUIS";"Falta de Atenção à Condução";"Colisão transversal";"Com Vítimas Feridas";"Pleno dia";"Crescente";"Céu Claro";"Dupla";"Reta";"Não";2;0;2;0;0;0;2;1;-2,64833869;-44,3067348;"SPRF-MA";"DEL01-MA";"UOP01-DEL01-MA"
155777;2018-08-28;"terça-feira";"10:00:00";"PI";343;348,9;"TERESINA";"Desobediência às normas de trânsito pelo condutor";"Colisão transversal";"Com Vítimas Feridas";"Pleno dia";"Decrescente";"Céu Claro";"Simples";"Reta";"Sim";2;0;0;1;1;0;1;2;-5,12150687;-42,79235557;"SPRF-PI";"DEL01-PI";"UOP01-DEL01-PI"
155778;2018-08-28;"terça-feira";"09:45:00";"RJ";101;198;"CASIMIRO DE ABREU";"Pista Escorregadia";"Saída de leito carroçável";"Sem Vítimas";"Pleno dia";"Crescente";"Nublado";"Dupla";"Curva";"Não";1;0;0;0;1;0;0;1;-22,491579;-42,127712;"SPRF-RJ";"DEL02-RJ";"UOP04-DEL08-RJ"
155779;2018-08-28;"terça-feira";"10:00:00";"AL";101;63,4;"FLEXEIRAS";"Avarias e/ou desgaste excessivo no pneu";"Saída de leito carroçável";"Com Vítimas Fatais";"Pleno dia";"Decrescente";"Sol";"Dupla";"Curva";"Não";1;1;0;0;0;0;0;1;-9,309297;-35,824593;"SPRF-AL";"DEL01-AL";"UOP01-DEL01-AL"
155782;2018-08-16;"quinta-feira";"22:20:00";"MS";262;324;"CAMPO GRANDE";"Desobediência às normas de trânsito pelo condutor";"Colisão lateral";"Com Vítimas Feridas";"Plena Noite";"Crescente";"Nublado";"Simples";"Reta";"Sim";5;0;2;1;2;0;3;4;-20,4658299;-54,54653755;"SPRF-MS";"DEL01-MS";"UOP01-DEL01-MS"
155783;2018-08-28;"terça-feira";"10:50:00";"SC";101;198;"SAO JOSE";"Desobediência às normas de trânsito pelo condutor";"Colisão transversal";"Com Vítimas Feridas";"Pleno dia";"Crescente";"Céu Claro";"Dupla";"Reta";"Sim";3;0;2;0;1;0;2;2;-27,5341;-48,6298;"SPRF-SC";"DEL01-SC";"UOP01-DEL01-SC"
155784;2018-08-28;"terça-feira";"11:15:00";"PR";369;174;"ROLANDIA";"Falta de Atenção à Condução";"Queda de ocupante de veículo";"Com Vítimas Feridas";"Pleno dia";"Crescente";"Céu Claro";"Simples";"Reta";"Sim";1;0;1;0;0;0;1;1;-23,31096624;-51,36973813;"SPRF-PR";"DEL07-PR";"UOP01-DEL07-PR"
155786;2018-07-23;"segunda-feira";"18:20:00";"ES";101;257,7;"SERRA";"Falta de Atenção à Condução";"Colisão transversal";"Com Vítimas Feridas";"Plena Noite";"Crescente";"Céu Claro";"Dupla";"Declive;Reta";"Sim";4;0;1;0;3;0;1;2;-20,12849781;-40,2989459;"SPRF-ES";"DEL02-ES";"UOP01-DEL02-ES"
155789;2018-08-08;"quarta-feira";"13:30:00";"GO";452;39;"SANTA HELENA DE GOIAS";"Falta de Atenção à Condução";"Colisão frontal";"Com Vítimas Feridas";"Pleno dia";"Crescente";"Céu Claro";"Simples";"Reta";"Não";2;0;0;1;0;1;1;2;-17,924692;-50,565716;"SPRF-GO";"DEL04-GO";"UOP01-DEL04-GO"
155792;2018-08-28;"terça-feira";"12:14:00";"SC";101;213,6;"PALHOCA";"Falta de Atenção à Condução";"Colisão traseira";"Com Vítimas Feridas";"Pleno dia";"Crescente";"Sol";"Múltipla";"Reta";"Sim";2;0;1;0;1;0;1;2;-27,6446;-48,6705;"SPRF-SC";"DEL01-SC";"UOP02-DEL01-SC"
155793;2018-08-28;"terça-feira";"12:20:00";"DF";70;2,5;"BRASILIA";"Falta de Atenção à Condução";"Saída de leito carroçável";"Com Vítimas Feridas";"Pleno dia";"Decrescente";"Céu Claro";"Dupla";"Reta";"Sim";1;0;1;0;0;0;1;1;-15,80012021;-48,08691144;"SPRF-DF";"DEL01-DF";"UOP02-DEL03-DF"
155796;2018-08-28;"terça-feira";"09:00:00";"RN";226;7;"MACAIBA";"Ingestão de Álcool";"Colisão traseira";"Com Vítimas Feridas";"Pleno dia";"Decrescente";"Céu Claro";"Simples";"Curva";"Sim";3;0;1;0;2;0;1;3;-5,827994;-35,279991;"SPRF-RN";"DEL01-RN";"UOP02-DEL01-RN"
155799;2018-01-18;"quinta-feira";"16:00:00";"MG";40;65,7;"PARACATU";"Falta de Atenção à Condução";"Saída de leito carroçável";"Com Vítimas Feridas";"Pleno dia";"Crescente";"Sol";"Simples";"Reta";"Não";5;0;4;1;0;0;5;1;-17,36661159;-46,74514251;"SPRF-MG";"DEL14-MG";"UOP01-DEL14-MG"
155801;2018-08-28;"terça-feira";"13:00:00";"PR";158;524;"PATO BRANCO";"Não guardar distância de segurança";"Colisão transversal";"Com Vítimas Feridas";"Pleno dia";"Decrescente";"Céu Claro";"Simples";"Reta";"Sim";3;0;1;0;1;1;1;3;-26,20228;-52,678215;"SPRF-PR";"DEL02-PR";"UOP01-DEL02-PR"
155802;2018-08-28;"terça-feira";"13:40:00";"PE";101;70,1;"RECIFE";"Falta de Atenção à Condução";"Colisão transversal";"Com Vítimas Feridas";"Pleno dia";"Decrescente";"Céu Claro";"Dupla";"Reta";"Sim";3;0;2;0;1;0;2;2;-8,07062781;-34,93947831;"SPRF-PE";"DEL01-PE";"UOP01-DEL01-PE"
155803;2018-06-06;"quarta-feira";"14:25:00";"CE";116;140,1;"RUSSAS";"Defeito Mecânico no Veículo";"Saída de leito carroçável";"Sem Vítimas";"Pleno dia";"Crescente";"Céu Claro";"Simples";"Reta";"Não";1;0;0;0;0;1;0;1;-4,76405334;-38,05777696;"SPRF-CE";"DEL03-CE";"UOP01-DEL03-CE"
155808;2018-08-28;"terça-feira";"12:15:00";"MG";116;276,8;"TEOFILO OTONI";"Falta de Atenção do Pedestre";"Atropelamento de Pedestre";"Com Vítimas Feridas";"Pleno dia";"Crescente";"Garoa/Chuvisco";"Dupla";"Reta";"Sim";3;0;1;0;1;1;1;2;-17,852743;-41,514513;"SPRF-MG";"DEL11-MG";"UOP01-DEL11-MG"
155810;2018-08-28;"terça-feira";"15:00:00";"TO";153;345,1;"GUARAI";"Avarias e/ou desgaste excessivo no pneu";"Capotamento";"Com Vítimas Feridas";"Pleno dia";"Crescente";"Céu Claro";"Simples";"Reta";"Não";1;0;1;0;0;0;1;1;-8,93834314;-48,50694323;"SPRF-TO";"DEL02-TO";"UOP02-DEL02-TO"
155811;2018-07-27;"sexta-feira";"17:20:00";"MA";135;3,8;"SAO LUIS";"Falta de Atenção à Condução";"Colisão traseira";"Sem Vítimas";"Anoitecer";"Crescente";"Céu Claro";"Dupla";"Reta";"Sim";2;0;0;0;2;0;0;2;-2,61300299;-44,25157517;"SPRF-MA";"DEL01-MA";"UOP01-DEL01-MA"
155816;2018-08-28;"terça-feira";"15:35:00";"SC";470;49,8;"BLUMENAU";"Desobediência às normas de trânsito pelo condutor";"Colisão transversal";"Com Vítimas Feridas";"Pleno dia";"Crescente";"Nublado";"Simples";"Reta";"Não";3;0;1;1;1;0;2;2;-26,85989721;-49,07296658;"SPRF-SC";"DEL04-SC";"UOP01-DEL04-SC"
155817;2018-08-28;"terça-feira";"15:30:00";"SE";235;4;"NOSSA SENHORA DO SOCORRO";"Falta de Atenção à Condução";"Colisão traseira";"Com Vítimas Feridas";"Pleno dia";"Decrescente";"Céu Claro";"Dupla";"Reta";"Não";2;0;1;0;1;0;1;2;-10,9064;-37,1197;"SPRF-SE";"DEL01-SE";"UOP01-DEL01-SE"
155818;2018-08-28;"terça-feira";"14:05:00";"RN";101;107;"PARNAMIRIM";"Desobediência às normas de trânsito pelo condutor";"Colisão transversal";"Sem Vítimas";"Pleno dia";"Crescente";"Céu Claro";"Dupla";"Interseção de Vias";"Sim";2;0;0;0;2;0;0;2;-5,91541753;-35,26239574;"SPRF-RN";"DEL01-RN";"UOP01-DEL01-RN"
155819;2018-08-28;"terça-feira";"15:05:00";"SP";116;282;"EMBU DAS ARTES";"Falta de Atenção à Condução";"Colisão traseira";"Com Vítimas Feridas";"Pleno dia";"Decrescente";"Céu Claro";"Dupla";"Reta";"Sim";4;0;0;1;3;0;1;4;-23,66111309;-46,85208142;"SPRF-SP";"DEL04-SP";"UOP01-DEL04-SP"
155820;2018-08-28;"terça-feira";"15:20:00";"SP";116;104;"TAUBATE";"Defeito Mecânico no Veículo";"Queda de ocupante de veículo";"Com Vítimas Feridas";"Pleno dia";"Decrescente";"Céu Claro";"Dupla";"Reta";"Não";2;0;2;0;0;0;2;1;-23,00342;-45,506306;"SPRF-SP";"DEL06-SP";"UOP01-DEL06-SP"
155822;2018-08-28;"terça-feira";"16:40:00";"RN";110;1,8;"AREIA BRANCA";"Não guardar distância de segurança";"Colisão traseira";"Com Vítimas Fatais";"Pleno dia";"Decrescente";"Sol";"Simples";"Reta";"Sim";3;1;0;0;2;0;0;3;-4,9436139;-37,11818933;"SPRF-RN";"DEL04-RN";"UOP01-DEL04-RN"
155824;2018-08-28;"terça-feira";"16:35:00";"CE";304;68,2;"ARACATI";"Avarias e/ou desgaste excessivo no pneu";"Capotamento";"Com Vítimas Feridas";"Pleno dia";"Decrescente";"Céu Claro";"Simples";"Reta";"Não";4;0;1;0;3;0;1;1;-4,646055;-37,626686;"SPRF-CE";"DEL03-CE";"UOP03-DEL03-CE"
155826;2018-08-28;"terça-feira";"16:30:00";"SP";153;60,8;"SAO JOSE DO RIO PRETO";"Falta de Atenção à Condução";"Colisão traseira";"Com Vítimas Feridas";"Pleno dia";"Decrescente";"Céu Claro";"Dupla";"Reta";"Sim";2;0;1;0;1;0;1;2;-20,79628;-49,354801;"SPRF-SP";"DEL09-SP";"UOP01-DEL09-SP"
155827;2018-08-28;"terça-feira";"16:50:00";"PR";476;133,5;"CURITIBA";"Não guardar distância de segurança";"Colisão traseira";"Com Vítimas Feridas";"Pleno dia";"Crescente";"Sol";"Múltipla";"Interseção de Vias";"Sim";2;0;1;0;1;0;1;2;-25,47405996;-49,25831795;"SPRF-PR";"DEL01-PR";"UOP07-DEL01-PR"
155829;2018-08-28;"terça-feira";"17:15:00";"RJ";393;281,9;"VOLTA REDONDA";"Falta de Atenção à Condução";"Colisão traseira";"Com Vítimas Feridas";"Pleno dia";"Decrescente";"Nublado";"Simples";"Reta";"Sim";2;0;1;0;1;0;1;2;-22,47654;-44,062632;"SPRF-RJ";"DEL05-RJ";"UOP04-DEL05-RJ"
155831;2018-08-28;"terça-feira";"17:20:00";"SC";280;47;"GUARAMIRIM";"Falta de Atenção à Condução";"Colisão transversal";"Com Vítimas Feridas";"Pleno dia";"Crescente";"Céu Claro";"Simples";"Reta";"Não";2;0;1;0;1;0;1;2;-26,45406158;-48,92247766;"SPRF-SC";"DEL03-SC";"UOP03-DEL03-SC"
155832;2018-08-28;"terça-feira";"17:30:00";"DF";20;45,5;"BRASILIA";"Velocidade Incompatível";"Colisão traseira";"Com Vítimas Feridas";"Pleno dia";"Decrescente";"Sol";"Dupla";"Reta";"Não";2;0;0;1;1;0;1;2;-15,577153;-47,467113;"SPRF-DF";"DEL02-DF";"UOP01-DEL02-DF"
155833;2018-08-28;"terça-feira";"17:45:00";"ES";101;186,3;"ARACRUZ";"Ingestão de Álcool";"Atropelamento de Pedestre";"Com Vítimas Feridas";"Anoitecer";"Decrescente";"Céu Claro";"Simples";"Reta";"Não";2;0;1;0;1;0;1;2;-19,66716485;-40,25305599;"SPRF-ES";"DEL04-ES";"UOP01-DEL04-ES"
155838;2018-08-28;"terça-feira";"15:45:00";"SC";282;551,6;"NOVA ITABERABA";"Falta de Atenção à Condução";"Engavetamento";"Sem Vítimas";"Pleno dia";"Decrescente";"Sol";"Simples";"Curva";"Não";5;0;0;0;5;0;0;5;-26,951487;-52,778172;"SPRF-SC";"DEL07-SC";"UOP01-DEL07-SC"
155839;2018-08-28;"terça-feira";"16:21:00";"PR";376;2;"MANDAGUARI";"Falta de Atenção à Condução";"Colisão lateral";"Com Vítimas Feridas";"Pleno dia";"Crescente";"Céu Claro";"Simples";"Reta";"Sim";2;0;2;0;0;0;2;2;-23,54982511;-51,67282104;"SPRF-PR";"DEL07-PR";"UOP01-DEL09-PR"
155840;2018-08-28;"terça-feira";"17:25:00";"MG";381;895,5;"CAMBUI";"Defeito Mecânico no Veículo";"Queda de ocupante de veículo";"Com Vítimas Feridas";"Plena Noite";"Decrescente";"Céu Claro";"Dupla";"Reta";"Não";2;0;2;0;0;0;2;1;-22,5915;-46,0537;"SPRF-MG";"DEL16-MG";"UOP03-DEL16-MG"
155841;2018-08-28;"terça-feira";"16:15:00";"SC";101;69,8;"ARAQUARI";"Falta de Atenção à Condução";"Colisão com objeto estático";"Com Vítimas Feridas";"Pleno dia";"Crescente";"Céu Claro";"Dupla";"Reta";"Sim";2;0;1;1;0;0;2;1;-26,5151829;-48,7212335;"SPRF-SC";"DEL03-SC";"UOP02-DEL03-SC"
155842;2018-08-28;"terça-feira";"18:40:00";"SC";470;66;"INDAIAL";"Desobediência às normas de trânsito pelo condutor";"Colisão transversal";"Com Vítimas Feridas";"Plena Noite";"Crescente";"Céu Claro";"Simples";"Reta";"Sim";2;0;0;1;1;0;1;2;-26,87012373;-49,22359943;"SPRF-SC";"DEL04-SC";"UOP01-DEL04-SC"
155843;2018-08-28;"terça-feira";"16:40:00";"CE";222;239,9;"SOBRAL";"Ultrapassagem Indevida";"Colisão lateral";"Com Vítimas Feridas";"Pleno dia";"Crescente";"Céu Claro";"Simples";"Reta";"Não";4;0;2;0;2;0;2;2;-3,73376822;-40,48175454;"SPRF-CE";"DEL04-CE";"UOP01-DEL04-CE"
155844;2018-08-28;"terça-feira";"18:35:00";"BA";407;140;"SENHOR DO BONFIM";"Falta de Atenção à Condução";"Colisão traseira";"Com Vítimas Feridas";"Plena Noite";"Crescente";"Nublado";"Simples";"Aclive";"Não";1;0;1;0;0;0;1;1;-10,546952;-40,13728;"SPRF-BA";"DEL04-BA";"UOP01-DEL04-BA"
155845;2018-08-28;"terça-feira";"18:45:00";"RS";116;265,9;"CANOAS";"Não guardar distância de segurança";"Colisão traseira";"Com Vítimas Feridas";"Plena Noite";"Decrescente";"Céu Claro";"Dupla";"Reta";"Sim";3;0;1;0;2;0;1;2;-29,92831751;-51,17762089;"SPRF-RS";"DEL01-RS";"UOP01-DEL01-RS"
155846;2018-08-28;"terça-feira";"17:00:00";"RO";364;548;"ALTO PARAISO";"Falta de Atenção à Condução";"Colisão frontal";"Com Vítimas Feridas";"Anoitecer";"Decrescente";"Céu Claro";"Simples";"Reta";"Não";3;0;3;0;0;0;3;2;-9,662845;-63,090252;"SPRF-RO";"DEL03-RO";"UOP01-DEL03-RO"
155847;2018-08-28;"terça-feira";"18:15:00";"ES";101;146,7;"LINHARES";"Desobediência às normas de trânsito pelo condutor";"Colisão transversal";"Com Vítimas Feridas";"Plena Noite";"Crescente";"Garoa/Chuvisco";"Múltipla";"Reta";"Sim";2;0;2;0;0;0;2;2;-19,37615091;-40,06622148;"SPRF-ES";"DEL04-ES";"UOP01-DEL04-ES"
155848;2018-08-28;"terça-feira";"17:05:00";"SC";116;306,4;"CAPAO ALTO";"Velocidade Incompatível";"Capotamento";"Com Vítimas Feridas";"Anoitecer";"Crescente";"Céu Claro";"Simples";"Reta";"Não";1;0;1;0;0;0;1;1;-28,19754833;-50,73342193;"SPRF-SC";"DEL05-SC";"UOP02-DEL05-SC"
155849;2018-08-28;"terça-feira";"18:10:00";"SE";235;47,6;"ITABAIANA";"Falta de Atenção à Condução";"Colisão lateral";"Com Vítimas Feridas";"Plena Noite";"Crescente";"Céu Claro";"Simples";"Reta";"Não";2;0;1;0;1;0;1;2;-10,75438985;-37,395401;"SPRF-SE";"DEL01-SE";"UOP02-DEL01-SE"
155851;2018-08-28;"terça-feira";"18:30:00";"SP";116;269;"TABOAO DA SERRA";"Falta de Atenção à Condução";"Colisão lateral";"Com Vítimas Feridas";"Anoitecer";"Crescente";"Céu Claro";"Dupla";"Aclive;Reta";"Não";3;0;2;0;1;0;2;3;-23,60813528;-46,75353706;"SPRF-SP";"DEL04-SP";"UOP01-DEL04-SP"
155852;2018-08-28;"terça-feira";"19:05:00";"RS";116;191,6;"PICADA CAFE";"Desobediência às normas de trânsito pelo condutor";"Colisão lateral";"Com Vítimas Feridas";"Plena Noite";"Crescente";"Céu Claro";"Simples";"Reta";"Não";3;0;1;0;1;1;1;3;-29,430054;-51,134129;"SPRF-RS";"DEL05-RS";"UOP02-DEL05-RS"
155853;2018-08-28;"terça-feira";"19:30:00";"GO";153;199;"URUACU";"Desobediência às normas de trânsito pelo condutor";"Colisão lateral";"Com Vítimas Feridas";"Plena Noite";"Crescente";"Céu Claro";"Simples";"Reta";"Não";2;0;1;0;1;0;1;2;-14,50479;-49,148914;"SPRF-GO";"DEL07-GO";"UOP02-DEL07-GO"
155855;2018-08-28;"terça-feira";"18:20:00";"MG";365;408,5;"PATOS DE MINAS";"Desobediência às normas de trânsito pelo condutor";"Colisão transversal";"Com Vítimas Feridas";"Anoitecer";"Crescente";"Céu Claro";"Múltipla";"Reta";"Não";2;0;1;0;1;0;1;2;-18,63964748;-46,49277806;"SPRF-MG";"DEL10-MG";"UOP01-DEL10-MG"
155856;2018-08-28;"terça-feira";"17:20:00";"RO";364;427;"JARU";"Não guardar distância de segurança";"Colisão traseira";"Com Vítimas Feridas";"Pleno dia";"Crescente";"Sol";"Simples";"Reta";"Não";2;0;1;0;1;0;1;2;-10,427292;-62,487484;"SPRF-RO";"DEL03-RO";"UOP02-DEL03-RO"
155858;2018-08-28;"terça-feira";"19:00:00";"MG";365;475,1;"PATROCINIO";"Ultrapassagem Indevida";"Atropelamento de Pedestre";"Com Vítimas Feridas";"Pleno dia";"Crescente";"Céu Claro";"Simples";"Declive";"Sim";3;0;0;1;0;2;1;2;-18,923;-47,015;"SPRF-MG";"DEL10-MG";"UOP01-DEL10-MG"
155859;2018-08-28;"terça-feira";"18:30:00";"PR";277;96,7;"CURITIBA";"Falta de Atenção do Pedestre";"Atropelamento de Pedestre";"Com Vítimas Feridas";"Plena Noite";"Crescente";"Nublado";"Simples";"Reta";"Sim";2;0;1;1;0;0;2;2;-25,43029149;-49,33713949;"SPRF-PR";"DEL01-PR";"UOP06-DEL01-PR"
155860;2018-08-28;"terça-feira";"17:55:00";"RS";386;340;"LAJEADO";"Desobediência às normas de trânsito pelo condutor";"Colisão transversal";"Com Vítimas Feridas";"Pleno dia";"Crescente";"Céu Claro";"Simples";"Retorno Regulamentado";"Não";2;0;1;0;1;0;1;2;-29,42335732;-52,02131325;"SPRF-RS";"DEL04-RS";"UOP01-DEL04-RS"
155861;2018-08-28;"terça-feira";"20:25:00";"PR";272;374,2;"CAMPO MOURAO";"Velocidade Incompatível";"Colisão traseira";"Com Vítimas Feridas";"Plena Noite";"Decrescente";"Céu Claro";"Simples";"Curva";"Não";3;0;0;2;0;1;2;2;-24,06323;-52,47056;"SPRF-PR";"DEL04-PR";"UOP03-DEL09-PR"
155863;2018-08-28;"terça-feira";"18:30:00";"CE";116;45;"PACAJUS";"Velocidade Incompatível";"Colisão traseira";"Com Vítimas Feridas";"Plena Noite";"Decrescente";"Vento";"Dupla";"Retorno Regulamentado";"Não";2;0;1;0;1;0;1;2;-4,148244;-38,477432;"SPRF-CE";"DEL01-CE";"UOP02-DEL01-CE"
155865;2018-08-28;"terça-feira";"20:00:00";"RJ";101;321;"NITEROI";"Falta de Atenção à Condução";"Colisão lateral";"Com Vítimas Feridas";"Plena Noite";"Crescente";"Céu Claro";"Dupla";"Reta";"Sim";2;0;1;0;1;0;1;2;-22,869852;-43,110458;"SPRF-RJ";"DEL02-RJ";"UOP02-DEL02-RJ"
155866;2018-08-28;"terça-feira";"18:00:00";"MS";60;590,7;"JARDIM";"Falta de Atenção à Condução";"Queda de ocupante de veículo";"Com Vítimas Feridas";"Plena Noite";"Decrescente";"Céu Claro";"Simples";"Reta";"Sim";2;0;2;0;0;0;2;1;-21,46808607;-56,130867;"SPRF-MS";"DEL05-MS";"UOP01-DEL05-MS"
155869;2018-08-28;"terça-feira";"19:10:00";"RO";429;170;"SAO MIGUEL DO GUAPORE";"Defeito na Via";"Queda de ocupante de veículo";"Com Vítimas Feridas";"Plena Noite";"Crescente";"Céu Claro";"Simples";"Reta";"Não";2;0;2;0;0;0;2;1;-11,731076;-62,795807;"SPRF-RO";"DEL02-RO";"UOP03-DEL02-RO"
155872;2018-08-28;"terça-feira";"20:00:00";"SC";101;408,7;"ARARANGUA";"Falta de Atenção à Condução";"Colisão lateral";"Com Vítimas Feridas";"Plena Noite";"Decrescente";"Céu Claro";"Dupla";"Reta";"Não";1;0;1;0;0;0;1;1;-28,9174;-49,4882;"SPRF-SC";"DEL02-SC";"UOP02-DEL02-SC"
155874;2018-08-28;"terça-feira";"21:33:00";"SP";116;220;"GUARULHOS";"Não guardar distância de segurança";"Colisão traseira";"Com Vítimas Feridas";"Plena Noite";"Crescente";"Nublado";"Múltipla";"Reta";"Sim";3;0;1;0;2;0;1;3;-23,46450607;-46,49551392;"SPRF-SP";"DEL01-SP";"UOP01-DEL01-SP"
155876;2018-08-28;"terça-feira";"22:35:00";"PR";376;615,9;"SAO JOSE DOS PINHAIS";"Falta de Atenção à Condução";"Colisão lateral";"Com Vítimas Feridas";"Plena Noite";"Crescente";"Chuva";"Dupla";"Declive";"Sim";2;0;1;0;1;0;1;2;-25,57891116;-49,17849541;"SPRF-PR";"DEL01-PR";"DEL7/1-UOP08/PR"
155877;2018-08-28;"terça-feira";"22:30:00";"PE";408;101;"RECIFE";"Animais na Pista";"Atropelamento de Animal";"Com Vítimas Feridas";"Plena Noite";"Decrescente";"Chuva";"Dupla";"Reta";"Não";2;0;2;0;0;0;2;2;-8,05645709;-34,99674917;"SPRF-PE";"DEL01-PE";"UOP01-DEL01-PE"
155878;2018-08-28;"terça-feira";"22:48:00";"SE";101;53;"CARMOPOLIS";"Falta de Atenção à Condução";"Capotamento";"Sem Vítimas";"Plena Noite";"Crescente";"Chuva";"Simples";"Curva";"Não";2;0;0;0;2;0;0;1;-10,62787868;-36,9985199;"SPRF-SE";"DEL02-SE";"UOP02-DEL02-SE"
155879;2018-08-28;"terça-feira";"22:05:00";"RS";290;178;"BUTIA";"Falta de Atenção à Condução";"Colisão transversal";"Com Vítimas Feridas";"Pleno dia";"Crescente";"Céu Claro";"Simples";"Reta;Interseção de Vias;Declive";"Não";3;0;2;0;1;0;2;2;-30,134542;-51,992455;"SPRF-RS";"DEL02-RS";"UOP02-DEL02-RS"
155884;2018-08-28;"terça-feira";"23:00:00";"SC";280;51,5;"GUARAMIRIM";"Falta de Atenção à Condução";"Saída de leito carroçável";"Com Vítimas Feridas";"Plena Noite";"Crescente";"Céu Claro";"Simples";"Interseção de Vias";"Não";1;0;1;0;0;0;1;1;-26,46698105;-48,95987391;"SPRF-SC";"DEL03-SC";"UOP03-DEL03-SC"
155886;2018-08-28;"terça-feira";"23:30:00";"PR";376;179,3;"MARINGA";"Ingestão de Álcool";"Colisão traseira";"Com Vítimas Feridas";"Plena Noite";"Crescente";"Céu Claro";"Dupla";"Reta";"Sim";2;0;1;0;1;0;1;2;-23,42021907;-51,91062444;"SPRF-PR";"DEL07-PR";"UOP01-DEL09-PR"
155890;2018-08-28;"terça-feira";"20:40:00";"MT";70;516;"VARZEA GRANDE";"Falta de Atenção à Condução";"Atropelamento de Pedestre";"Com Vítimas Feridas";"Plena Noite";"Crescente";"Nublado";"Simples";"Reta";"Sim";3;0;2;0;1;0;2;2;-15,70601026;-56,13464355;"SPRF-MT";"DEL01-MT";"DEL2/4-UOP02/MT"
155891;2018-08-28;"terça-feira";"17:30:00";"RN";406;147,2;"CEARA-MIRIM";"Desobediência às normas de trânsito pelo condutor";"Colisão traseira";"Com Vítimas Feridas";"Anoitecer";"Decrescente";"Céu Claro";"Simples";"Reta";"Sim";2;0;1;0;1;0;1;2;-5,646395;-35,457544;"SPRF-RN";"DEL02-RN";"UOP01-DEL02-RN"
155893;2018-08-29;"quarta-feira";"00:25:00";"RS";116;526,5;"PELOTAS";"Falta de Atenção à Condução";"Saída de leito carroçável";"Sem Vítimas";"Plena Noite";"Decrescente";"Céu Claro";"Simples";"Rotatória";"Sim";1;0;0;0;1;0;0;1;-31,74612427;-52,40409851;"SPRF-RS";"DEL07-RS";"UOP01-DEL07-RS"
155894;2018-08-29;"quarta-feira";"01:30:00";"RJ";40;102;"DUQUE DE CAXIAS";"Desobediência às normas de trânsito pelo condutor";"Colisão transversal";"Com Vítimas Feridas";"Plena Noite";"Crescente";"Céu Claro";"Simples";"Reta";"Sim";1;0;0;1;0;0;1;1;-22,60629547;-43,28777432;"SPRF-RJ";"DEL01-RJ";"UOP01-DEL01-RJ"