"id";"data_inversa";"dia_semana";"horario";"uf";"br";"km";"municipio";"causa_acidente";"tipo_acidente";"classificacao_acidente";"fase_dia";"sentido_via";"condicao_metereologica";"tipo_pista";"tracado_via";"uso_solo";"pessoas";"mortos";"feridos_leves";"feridos_graves";"ilesos";"ignorados";"feridos";"veiculos";"latitude";"longitude";"regional";"delegacia";"uop"
156033;2018-08-29;"quarta-feira";"19:50:00";"PI";343;172,5;"PIRIPIRI";"Desobediência às normas de trânsito pelo condutor";"Atropelamento de Pedestre";"Com Vítimas Feridas";"Plena Noite";"Decrescente";"Nublado";"Simples";"Reta";"Sim";3;0;3;0;0;0;3;2;-4,177041;-41,788326;"SPRF-PI";"DEL02-PI";"UOP01-DEL02-PI"
156034;2018-08-29;"quarta-feira";"21:20:00";"GO";153;504,3;"GOIANIA";"Falta de Atenção à Condução";"Colisão com objeto estático";"Com Vítimas Feridas";"Plena Noite";"Crescente";"Nublado";"Simples";"Reta";"Sim";1;0;1;0;0;0;1;1;-16,7451;-49,2408;"SPRF-GO";"DEL01-GO";"UOP01-DEL01-GO"
156035;2018-08-29;"quarta-feira";"21:05:00";"PE";423;91,2;"GARANHUNS";"Falta de Atenção do Pedestre";"Atropelamento de Pedestre";"Com Vítimas Feridas";"Plena Noite";"Decrescente";"Garoa/Chuvisco";"Simples";"Curva";"Sim";2;0;2;0;0;0;2;2;-8,853772;-36,462791;"SPRF-PE";"DEL03-PE";"UOP01-DEL03-PE"
156036;2018-08-29;"quarta-feira";"21:45:00";"RS";116;257,3;"ESTEIO";"Falta de Atenção do Pedestre";"Atropelamento de Pedestre";"Com Vítimas Feridas";"Plena Noite";"Decrescente";"Céu Claro";"Dupla";"Reta";"Sim";2;0;1;0;1;0;1;2;-29,85344859;-51,18015289;"SPRF-RS";"DEL01-RS";"UOP02-DEL01-RS"
156037;2018-08-29;"quarta-feira";"16:40:00";"MG";381;477;"CONTAGEM";"Não guardar distância de segurança";"Colisão traseira";"Com Vítimas Feridas";"Pleno dia";"Decrescente";"Sol";"Dupla";"Reta";"Sim";2;0;1;0;1;0;1;2;-19,9605;-44,0357;"SPRF-MG";"DEL01-MG";"UOP03-DEL01-MG"
156038;2018-08-29;"quarta-feira";"20:00:00";"PR";476;134,6;"CURITIBA";"Falta de Atenção à Condução";"Colisão transversal";"Com Vítimas Feridas";"Plena Noite";"Decrescente";"Céu Claro";"Simples";"Declive";"Sim";2;0;0;1;1;0;1;2;-25,476524;-49,259937;"SPRF-PR";"DEL01-PR";"UOP07-DEL01-PR"
156040;2018-08-09;"quinta-feira";"08:10:00";"BA";420;262,9;"SANTO ANTONIO DE JESUS";"Ultrapassagem Indevida";"Colisão lateral";"Com Vítimas Feridas";"Pleno dia";"Crescente";"Ignorado";"Simples";"Curva;Declive";"Sim";2;0;0;1;1;0;1;2;-12,97624761;-39,27380562;"SPRF-BA";"DEL01-BA";"UOP02-DEL01-BA"
156042;2018-08-29;"quarta-feira";"12:30:00";"RJ";101;119;"CAMPOS DOS GOYTACAZES";"Defeito na Via";"Colisão com objeto em movimento";"Sem Vítimas";"Pleno dia";"Decrescente";"Nublado";"Simples";"Reta";"Sim";2;0;0;0;2;0;0;1;-22,023;-41,689;"SPRF-RJ";"DEL08-RJ";"UOP02-DEL08-RJ"
156043;2018-08-29;"quarta-feira";"22:05:00";"SC";470;57,5;"BLUMENAU";"Falta de Atenção à Condução";"Colisão transversal";"Com Vítimas Feridas";"Plena Noite";"Decrescente";"Céu Claro";"Simples";"Rotatória";"Não";3;0;2;0;1;0;2;2;-26,88282695;-49,14180242;"SPRF-SC";"DEL04-SC";"UOP01-DEL04-SC"
156044;2018-08-29;"quarta-feira";"20:10:00";"MG";116;274,6;"TEOFILO OTONI";"Ingestão de Álcool";"Tombamento";"Com Vítimas Feridas";"Plena Noite";"Crescente";"Céu Claro";"Múltipla";"Reta";"Sim";1;0;1;0;0;0;1;1;-17,83492766;-41,51143312;"SPRF-MG";"DEL11-MG";"UOP01-DEL11-MG"
156045;2018-08-29;"quarta-feira";"21:40:00";"PI";316;13,9;"TERESINA";"Falta de Atenção à Condução";"Colisão com objeto estático";"Com Vítimas Feridas";"Plena Noite";"Decrescente";"Céu Claro";"Simples";"Reta";"Não";1;0;0;1;0;0;1;1;-5,209631;-42,755272;"SPRF-PI";"DEL01-PI";"UOP02-DEL01-PI"
156046;2018-08-29;"quarta-feira";"22:20:00";"RJ";393;218;"VASSOURAS";"Não guardar distância de segurança";"Colisão traseira";"Com Vítimas Feridas";"Plena Noite";"Decrescente";"Céu Claro";"Simples";"Reta";"Não";2;0;1;0;1;0;1;2;-22,32012;-43,529716;"SPRF-RJ";"DEL05-RJ";"UOP03-DEL05-RJ"
156047;2018-08-29;"quarta-feira";"22:00:00";"RS";287;399,1;"SANTIAGO";"Animais na Pista";"Atropelamento de Animal";"Com Vítimas Feridas";"Plena Noite";"Crescente";"Céu Claro";"Simples";"Aclive";"Sim";1;0;1;0;0;0;1;1;-29,16827608;-54,8652935;"SPRF-RS";"DEL12-RS";"UOP02-DEL12-RS"
156049;2018-08-29;"quarta-feira";"22:00:00";"PE";232;145,1;"SAO CAITANO";"Ingestão de Álcool";"Colisão traseira";"Sem Vítimas";"Plena Noite";"Crescente";"Nublado";"Dupla";"Reta";"Não";2;0;0;0;2;0;0;2;-8,32914548;-36,12223953;"SPRF-PE";"DEL02-PE";"UOP03-DEL02-PE"
156052;2018-08-29;"quarta-feira";"21:45:00";"RS";290;374,6;"VILA NOVA DO SUL";"Defeito na Via";"Saída de leito carroçável";"Sem Vítimas";"Plena Noite";"Crescente";"Nublado";"Simples";"Curva;Declive";"Não";5;0;0;0;5;0;0;1;-30,34913906;-53,9137423;"SPRF-RS";"DEL09-RS";"UOP02-DEL09-RS"
156057;2018-08-29;"quarta-feira";"23:10:00";"SP";116;472,7;"JACUPIRANGA";"Avarias e/ou desgaste excessivo no pneu";"Saída de leito carroçável";"Com Vítimas Feridas";"Plena Noite";"Decrescente";"Céu Claro";"Dupla";"Reta";"Não";2;0;2;0;0;0;2;1;-24,68164925;-47,98313141;"SPRF-SP";"DEL05-SP";"UAP01-DEL05-SP"
156058;2018-08-30;"quinta-feira";"00:00:00";"PR";116;103,6;"SAO JOSE DOS PINHAIS";"Desobediência às normas de trânsito pelo condutor";"Saída de leito carroçável";"Com Vítimas Feridas";"Plena Noite";"Crescente";"Nevoeiro/Neblina";"Dupla";"Reta";"Não";1;0;0;1;0;0;1;1;-25,57012383;-49,18977477;"SPRF-PR";"DEL01-PR";"UOP01-DEL01-PR"
156059;2018-08-29;"quarta-feira";"21:40:00";"SC";282;249,1;"SAO JOSE DO CERRITO";"Defeito Mecânico no Veículo";"Saída de leito carroçável";"Com Vítimas Feridas";"Plena Noite";"Decrescente";"Céu Claro";"Simples";"Curva";"Não";1;0;0;1;0;0;1;1;-27,705629;-50,539478;"SPRF-SC";"DEL05-SC";"UOP02-DEL05-SC"
156060;2018-08-29;"quarta-feira";"23:30:00";"MS";262;143,5;"AGUA CLARA";"Ingestão de Álcool";"Colisão com objeto estático";"Com Vítimas Feridas";"Plena Noite";"Decrescente";"Céu Claro";"Dupla";"Reta";"Sim";1;0;1;0;0;0;1;1;-20,444733;-52,876798;"SPRF-MS";"DEL07-MS";"UOP02-DEL07-MS"
156061;2018-08-30;"quinta-feira";"00:55:00";"RS";158;326,9;"SANTA MARIA";"Falta de Atenção do Pedestre";"Atropelamento de Pedestre";"Com Vítimas Feridas";"Plena Noite";"Crescente";"Nublado";"Simples";"Reta";"Sim";2;0;0;1;1;0;1;2;-29,7130193;-53,81644249;"SPRF-RS";"DEL09-RS";"UOP01-DEL09-RS"
156065;2018-08-30;"quinta-feira";"01:30:00";"MS";267;158,1;"NOVA ANDRADINA";"Animais na Pista";"Atropelamento de Animal";"Com Vítimas Feridas";"Plena Noite";"Crescente";"Céu Claro";"Simples";"Declive";"Não";1;0;1;0;0;0;1;1;-21,634402;-53,557664;"SPRF-MS";"DEL02-MS";"DEL3/7-UOP02/MS"
156069;2018-08-30;"quinta-feira";"03:40:00";"SE";235;4;"NOSSA SENHORA DO SOCORRO";"Falta de Atenção à Condução";"Atropelamento de Pedestre";"Com Vítimas Feridas";"Plena Noite";"Decrescente";"Ignorado";"Dupla";"Reta";"Não";2;0;0;2;0;0;2;2;-10,9064;-37,1197;"SPRF-SE";"DEL01-SE";"UOP01-DEL01-SE"
156073;2018-08-30;"quinta-feira";"05:15:00";"PR";369;521,5;"CASCAVEL";"Agressão Externa";"Saída de leito carroçável";"Com Vítimas Feridas";"Plena Noite";"Crescente";"Céu Claro";"Simples";"Reta";"Não";3;0;1;0;1;1;1;2;-24,938392;-53,3968545;"SPRF-PR";"DEL04-PR";"UOP01-DEL04-PR"
156076;2018-08-30;"quinta-feira";"06:00:00";"DF";20;0,7;"BRASILIA";"Defeito na Via";"Capotamento";"Com Vítimas Feridas";"Pleno dia";"Crescente";"Céu Claro";"Dupla";"Reta";"Sim";2;0;2;0;0;0;2;1;-15,688145;-47,858797;"SPRF-DF";"DEL02-DF";"UOP01-DEL02-DF"
156080;2018-08-17;"sexta-feira";"14:00:00";"MA";316;605,6;"TIMON";"Condutor Dormindo";"Saída de leito carroçável";"Com Vítimas Feridas";"Pleno dia";"Decrescente";"Céu Claro";"Simples";"Aclive";"Não";1;0;1;0;0;0;1;1;-5,04986391;-42,91126728;"SPRF-MA";"DEL03-MA";"UOP02-DEL03-MA"
156081;2018-08-16;"quinta-feira";"17:00:00";"PB";101;110,2;"ALHANDRA";"Desobediência às normas de trânsito pelo condutor";"Colisão transversal";"Com Vítimas Feridas";"Anoitecer";"Crescente";"Céu Claro";"Simples";"Interseção de Vias;Reta";"Sim";3;0;2;0;1;0;2;2;-7,35430562;-34,95006323;"SPRF-PB";"DEL01-PB";"UOP01-DEL01-PB"
156083;2018-08-29;"quarta-feira";"15:50:00";"MG";262;493;"MOEMA";"Defeito Mecânico no Veículo";"Queda de ocupante de veículo";"Com Vítimas Feridas";"Pleno dia";"Decrescente";"Céu Claro";"Simples";"Reta";"Não";2;0;0;1;1;0;1;1;-19,785557;-45,389137;"SPRF-MG";"DEL08-MG";"UOP03-DEL08-MG"
156084;2018-08-30;"quinta-feira";"07:00:00";"PE";101;67,5;"RECIFE";"Condutor Dormindo";"Colisão traseira";"Com Vítimas Feridas";"Pleno dia";"Decrescente";"Nublado";"Simples";"Reta";"Sim";2;0;1;0;1;0;1;2;-8,044389;-34,943625;"SPRF-PE";"DEL01-PE";"UOP01-DEL01-PE"
156086;2018-08-30;"quinta-feira";"06:25:00";"RJ";101;330;"RIO DE JANEIRO";"Falta de Atenção à Condução";"Colisão lateral";"Com Vítimas Feridas";"Pleno dia";"Decrescente";"Céu Claro";"Dupla";"Reta";"Não";2;0;1;0;1;0;1;2;-22,868481;-43,18568;"SPRF-RJ";"DEL02-RJ";"UOP02-DEL02-RJ"
156087;2018-08-30;"quinta-feira";"07:30:00";"SC";101;203,9;"SAO JOSE";"Defeito Mecânico no Veículo";"Colisão lateral";"Com Vítimas Feridas";"Pleno dia";"Crescente";"Sol";"Múltipla";"Reta";"Sim";2;0;0;1;1;0;1;2;-27,5742;-48,6134;"SPRF-SC";"DEL01-SC";"UOP01-DEL01-SC"
156088;2018-08-30;"quinta-feira";"06:00:00";"PE";232;123,5;"CARUARU";"Defeito Mecânico no Veículo";"Incêndio";"Sem Vítimas";"Pleno dia";"Decrescente";"Nublado";"Dupla";"Reta";"Não";1;0;0;0;1;0;0;1;-8,301935;-35,980919;"SPRF-PE";"DEL02-PE";"UOP03-DEL02-PE"
156089;2018-08-30;"quinta-feira";"07:40:00";"GO";40;2,5;"VALPARAISO DE GOIAS";"Falta de Atenção à Condução";"Colisão lateral";"Com Vítimas Feridas";"Pleno dia";"Decrescente";"Céu Claro";"Dupla";"Retorno Regulamentado;Reta";"Não";3;0;1;1;1;0;2;2;-16,067129;-47,984235;"SPRF-DF";"DEL01-DF";"UOP01-DEL01-DF"
156090;2018-08-30;"quinta-feira";"07:00:00";"MS";163;615;"SAO GABRIEL DO OESTE";"Desobediência às normas de trânsito pelo condutor";"Colisão transversal";"Com Vítimas Feridas";"Pleno dia";"Decrescente";"Céu Claro";"Simples";"Rotatória";"Sim";2;0;0;1;1;0;1;2;-19,39596033;-54,56746101;"SPRF-MS";"DEL06-MS";"UOP02-DEL06-MS"
156091;2018-08-30;"quinta-feira";"07:40:00";"RS";470;218;"BENTO GONCALVES";"Velocidade Incompatível";"Saída de leito carroçável";"Com Vítimas Feridas";"Pleno dia";"Crescente";"Nublado";"Simples";"Curva";"Sim";1;0;1;0;0;0;1;1;-29,1848567;-51,52137816;"SPRF-RS";"DEL06-RS";"UOP01-DEL06-RS"
156095;2018-08-30;"quinta-feira";"08:06:00";"BA";324;517,5;"FEIRA DE SANTANA";"Desobediência às normas de trânsito pelo condutor";"Colisão transversal";"Com Vítimas Feridas";"Pleno dia";"Crescente";"Nublado";"Simples";"Reta";"Sim";2;0;1;0;1;0;1;2;-12,26559914;-38,93312467;"SPRF-BA";"DEL02-BA";"UOP01-DEL02-BA"
156096;2018-08-30;"quinta-feira";"08:00:00";"PE";232;10;"JABOATAO DOS GUARARAPES";"Ingestão de Álcool";"Colisão com objeto estático";"Com Vítimas Feridas";"Pleno dia";"Decrescente";"Nublado";"Dupla";"Reta";"Sim";2;0;1;0;1;0;1;1;-8,07985;-34,990206;"SPRF-PE";"DEL01-PE";"UOP01-DEL01-PE"
156097;2018-08-30;"quinta-feira";"07:30:00";"ES";101;376;"ICONHA";"Falta de Atenção à Condução";"Colisão transversal";"Com Vítimas Feridas";"Pleno dia";"Crescente";"Céu Claro";"Dupla";"Interseção de Vias";"Sim";2;0;1;0;1;0;1;2;-20,787;-40,8;"SPRF-ES";"DEL03-ES";"UOP01-DEL03-ES"
156098;2018-08-30;"quinta-feira";"08:55:00";"SC";470;149,5;"AGRONOMICA";"Falta de Atenção à Condução";"Colisão lateral";"Sem Vítimas";"Pleno dia";"Crescente";"Céu Claro";"Simples";"Reta";"Não";3;0;0;0;3;0;0;2;-27,252104;-49,702129;"SPRF-SC";"DEL04-SC";"UOP02-DEL04-SC"
156099;2018-08-30;"quinta-feira";"08:09:00";"BA";324;616;"SALVADOR";"Falta de Atenção à Condução";"Colisão traseira";"Com Vítimas Feridas";"Pleno dia";"Crescente";"Nublado";"Dupla";"Reta";"Sim";3;0;1;0;2;0;1;3;-12,93513572;-38,47171783;"SPRF-BA";"DEL01-BA";"UOP01-DEL01-BA"
156101;2018-08-30;"quinta-feira";"08:40:00";"MG";262;46,9;"MANHUACU";"Defeito Mecânico no Veículo";"Tombamento";"Com Vítimas Feridas";"Pleno dia";"Decrescente";"Nublado";"Simples";"Curva";"Não";2;0;0;2;0;0;2;1;-20,263256;-42,105717;"SPRF-MG";"DEL06-MG";"UOP03-DEL06-MG"
156105;2018-08-30;"quinta-feira";"09:00:00";"RJ";40;111;"DUQUE DE CAXIAS";"Não guardar distância de segurança";"Engavetamento";"Com Vítimas Feridas";"Pleno dia";"Crescente";"Céu Claro";"Múltipla";"Reta";"Sim";4;0;1;0;3;0;1;4;-22,6934443;-43,2879294;"SPRF-RJ";"DEL01-RJ";"UOP01-DEL01-RJ"
156106;2018-08-30;"quinta-feira";"06:50:00";"RO";364;422;"JARU";"Falta de Atenção à Condução";"Colisão traseira";"Com Vítimas Feridas";"Pleno dia";"Crescente";"Nevoeiro/Neblina";"Simples";"Reta";"Sim";2;0;2;0;0;0;2;2;-10,459743;-62,455811;"SPRF-RO";"DEL03-RO";"UOP02-DEL03-RO"
156107;2018-08-30;"quinta-feira";"08:30:00";"PA";316;41,5;"SANTA IZABEL DO PARA";"Falta de Atenção à Condução";"Colisão transversal";"Com Vítimas Fatais";"Pleno dia";"Decrescente";"Céu Claro";"Dupla";"Curva";"Não";2;1;0;0;1;0;0;2;-1,27499547;-48,10380936;"SPRF-PA";"DEL01-PA";"UOP01-DEL01-PA"
156109;2018-08-30;"quinta-feira";"08:50:00";"PR";476;131;"CURITIBA";"Não guardar distância de segurança";"Colisão lateral";"Com Vítimas Feridas";"Pleno dia";"Decrescente";"Céu Claro";"Múltipla";"Reta";"Sim";2;0;1;0;1;0;1;2;-25,453636;-49,245155;"SPRF-PR";"DEL01-PR";"UOP07-DEL01-PR"
156110;2018-08-30;"quinta-feira";"09:40:00";"GO";40;0,5;"VALPARAISO DE GOIAS";"Falta de Atenção à Condução";"Colisão traseira";"Sem Vítimas";"Pleno dia";"Crescente";"Céu Claro";"Dupla";"Reta";"Sim";2;0;0;0;2;0;0;2;-16,058273;-47,982655;"SPRF-DF";"DEL01-DF";"UOP01-DEL01-DF"
156111;2018-08-30;"quinta-feira";"08:30:00";"PB";361;89;"PIANCO";"Animais na Pista";"Atropelamento de Animal";"Sem Vítimas";"Pleno dia";"Crescente";"Céu Claro";"Simples";"Declive";"Não";2;0;0;0;2;0;0;1;-7,217727;-37,970913;"SPRF-PB";"DEL03-PB";"UOP01-DEL03-PB"
156112;2018-07-04;"quarta-feira";"07:10:00";"MG";116;706,1;"MURIAE";"Pista Escorregadia";"Tombamento";"Com Vítimas Feridas";"Pleno dia";"Crescente";"Nublado";"Simples";"Curva";"Não";2;0;2;0;0;0;2;1;-21,137902;-42,38618756;"SPRF-MG";"DEL07-MG";"UOP02-DEL07-MG"
156113;2018-05-14;"segunda-feira";"18:45:00";"RS";116;244,8;"SAO LEOPOLDO";"Desobediência às normas de trânsito pelo condutor";"Colisão lateral";"Com Vítimas Feridas";"Plena Noite";"Crescente";"Nublado";"Múltipla";"Reta";"Sim";2;0;1;0;1;0;1;2;-29,7439651;-51,1515859;"SPRF-RS";"DEL01-RS";"UOP02-DEL01-RS"
156114;2018-08-26;"domingo";"22:15:00";"BA";420;278;"UBAIRA";"Velocidade Incompatível";"Colisão com objeto estático";"Com Vítimas Fatais";"Plena Noite";"Decrescente";"Céu Claro";"Simples";"Curva";"Não";4;1;0;2;1;0;2;1;-13,25932816;-39,66457129;"SPRF-BA";"DEL01-BA";"UOP02-DEL01-BA"
156116;2018-08-30;"quinta-feira";"05:00:00";"SC";470;211,4;"SAO CRISTOVAO DO SUL";"Falta de Atenção à Condução";"Saída de leito carroçável";"Com Vítimas Feridas";"Plena Noite";"Decrescente";"Nublado";"Simples";"Curva;Declive";"Não";2;0;2;0;0;0;2;1;-27,30151;-50,21642;"SPRF-SC";"DEL05-SC";"UOP03-DEL05-SC"
156118;2018-05-14;"segunda-feira";"07:10:00";"RS";116;244,9;"SAO LEOPOLDO";"Desobediência às normas de trânsito pelo condutor";"Colisão lateral";"Com Vítimas Feridas";"Pleno dia";"Crescente";"Céu Claro";"Múltipla";"Reta";"Sim";2;0;1;0;1;0;1;2;-29,7449806;-51,1510635;"SPRF-RS";"DEL01-RS";"UOP02-DEL01-RS"
156121;2018-05-10;"quinta-feira";"18:20:00";"RS";116;258;"ESTEIO";"Desobediência às normas de trânsito pelo condutor";"Tombamento";"Com Vítimas Feridas";"Anoitecer";"Decrescente";"Céu Claro";"Múltipla";"Reta";"Sim";2;0;1;0;1;0;1;2;-29,86158;-51,180912;"SPRF-RS";"DEL01-RS";"UOP02-DEL01-RS"
156123;2018-08-30;"quinta-feira";"10:20:00";"RJ";116;98;"GUAPIMIRIM";"Falta de Atenção à Condução";"Queda de ocupante de veículo";"Com Vítimas Feridas";"Pleno dia";"Crescente";"Céu Claro";"Simples";"Reta";"Não";1;0;0;1;0;0;1;1;-22,482868;-42,997238;"SPRF-RJ";"DEL04-RJ";"UOP02-DEL04-RJ"
156125;2018-08-30;"quinta-feira";"06:50:00";"MT";70;517;"VARZEA GRANDE";"Desobediência às normas de trânsito pelo condutor";"Colisão frontal";"Com Vítimas Feridas";"Pleno dia";"Crescente";"Céu Claro";"Simples";"Interseção de Vias";"Sim";3;0;2;0;1;0;2;2;-15,70113526;-56,16004944;"SPRF-MT";"DEL01-MT";"DEL2/4-UOP02/MT"
156127;2018-08-30;"quinta-feira";"10:50:00";"SC";101;200,7;"SAO JOSE";"Não guardar distância de segurança";"Colisão traseira";"Com Vítimas Feridas";"Pleno dia";"Crescente";"Céu Claro";"Dupla";"Reta";"Sim";1;0;1;0;0;0;1;1;-27,5485;-48,6196;"SPRF-SC";"DEL01-SC";"UOP01-DEL01-SC"
156128;2018-08-30;"quinta-feira";"11:00:00";"SC";101;200,3;"SAO JOSE";"Falta de Atenção à Condução";"Colisão lateral";"Com Vítimas Feridas";"Pleno dia";"Crescente";"Céu Claro";"Dupla";"Reta";"Não";2;0;1;0;1;0;1;2;-27,5485;-48,6196;"SPRF-SC";"DEL01-SC";"UOP01-DEL01-SC"
156129;2018-08-30;"quinta-feira";"06:35:00";"ES";393;13,3;"MUQUI";"Avarias e/ou desgaste excessivo no pneu";"Tombamento";"Com Vítimas Feridas";"Amanhecer";"Decrescente";"Nublado";"Simples";"Reta";"Não";1;0;1;0;0;0;1;1;-20,855953;-41,2488335;"SPRF-ES";"DEL03-ES";"UOP02-DEL03-ES"
156130;2018-08-06;"segunda-feira";"18:35:00";"SC";101;336;"TUBARAO";"Falta de Atenção à Condução";"Atropelamento de Pedestre";"Com Vítimas Feridas";"Plena Noite";"Decrescente";"Céu Claro";"Simples";"Reta";"Sim";2;0;0;1;1;0;1;2;-28,47378417;-49,02485847;"SPRF-SC";"DEL02-SC";"UOP01-DEL02-SC"
156131;2018-08-30;"quinta-feira";"10:00:00";"SP";116;279,2;"EMBU DAS ARTES";"Falta de Atenção à Condução";"Colisão lateral";"Com Vítimas Feridas";"Pleno dia";"Decrescente";"Céu Claro";"Dupla";"Reta";"Não";2;0;1;0;1;0;1;2;-23,63904569;-46,83433776;"SPRF-SP";"DEL04-SP";"UOP01-DEL04-SP"
156132;2018-08-30;"quinta-feira";"09:00:00";"MA";230;1;"BARAO DE GRAJAU";"Falta de Atenção à Condução";"Atropelamento de Pedestre";"Com Vítimas Feridas";"Pleno dia";"Crescente";"Céu Claro";"Simples";"Curva";"Sim";2;0;0;1;0;1;1;2;-6,755173;-43,018978;"SPRF-PI";"DEL03-PI";"UOP01-DEL03-PI"
156134;2018-08-30;"quinta-feira";"11:25:00";"MG";381;342,5;"BELA VISTA DE MINAS";"Velocidade Incompatível";"Queda de ocupante de veículo";"Com Vítimas Feridas";"Pleno dia";"Crescente";"Nublado";"Simples";"Curva;Declive";"Não";1;0;0;1;0;0;1;1;-19,82142817;-43,07466745;"SPRF-MG";"DEL03-MG";"UOP01-DEL03-MG"
156135;2018-08-30;"quinta-feira";"12:00:00";"SC";101;140;"BALNEARIO CAMBORIU";"Ingestão de Álcool";"Tombamento";"Com Vítimas Feridas";"Pleno dia";"Crescente";"Céu Claro";"Dupla";"Curva";"Sim";1;0;1;0;0;0;1;1;-27,0478;-48,5981;"SPRF-SC";"DEL04-SC";"UOP03-DEL04-SC"
156138;2018-08-30;"quinta-feira";"08:00:00";"PI";230;221;"OEIRAS";"Objeto estático sobre o leito carroçável";"Saída de leito carroçável";"Com Vítimas Fatais";"Pleno dia";"Decrescente";"Céu Claro";"Simples";"Reta";"Não";3;1;2;0;0;0;2;1;-7,005688;-42,286758;"SPRF-PI";"DEL03-PI";"UOP01-DEL03-PI"
156139;2018-08-30;"quinta-feira";"11:30:00";"GO";60;88,9;"ANAPOLIS";"Objeto estático sobre o leito carroçável";"Saída de leito carroçável";"Com Vítimas Feridas";"Pleno dia";"Decrescente";"Céu Claro";"Dupla";"Reta";"Sim";2;0;2;0;0;0;2;1;-16,34322;-48,902504;"SPRF-GO";"DEL02-GO";"UOP01-DEL02-GO"
156141;2018-08-30;"quinta-feira";"12:00:00";"SP";116;334;"JUQUITIBA";"Falta de Atenção à Condução";"Colisão traseira";"Com Vítimas Feridas";"Pleno dia";"Crescente";"Céu Claro";"Dupla";"Reta";"Não";2;0;2;0;0;0;2;2;-23,96554842;-47,12885857;"SPRF-SP";"DEL04-SP";"UOP03-DEL04-SP"
156142;2018-08-30;"quinta-feira";"12:05:00";"PR";277;2,2;"FOZ DO IGUACU";"Objeto estático sobre o leito carroçável";"Colisão traseira";"Com Vítimas Feridas";"Pleno dia";"Crescente";"Sol";"Dupla";"Reta";"Sim";3;0;1;0;1;1;1;3;-25,48904293;-54,58288372;"SPRF-PR";"DEL05-PR";"UOP03-DEL05-PR"
156144;2018-08-30;"quinta-feira";"07:45:00";"RJ";101;328;"RIO DE JANEIRO";"Falta de Atenção à Condução";"Colisão traseira";"Com Vítimas Feridas";"Pleno dia";"Decrescente";"Céu Claro";"Dupla";"Reta";"Não";2;0;1;0;1;0;1;2;-22,87111399;-43,16047668;"SPRF-RJ";"DEL02-RJ";"UOP02-DEL02-RJ"
156145;2018-05-02;"quarta-feira";"06:40:00";"PR";277;587,9;"CASCAVEL";"Desobediência às normas de trânsito pelo condutor";"Colisão transversal";"Com Vítimas Feridas";"Amanhecer";"Crescente";"Céu Claro";"Simples";"Declive";"Não";2;0;1;1;0;0;2;2;-24,97177156;-53,43458712;"SPRF-PR";"DEL04-PR";"UOP01-DEL04-PR"
156149;2018-08-30;"quinta-feira";"13:30:00";"BA";101;176,9;"SAO GONCALO DOS CAMPOS";"Ultrapassagem Indevida";"Saída de leito carroçável";"Com Vítimas Feridas";"Pleno dia";"Crescente";"Céu Claro";"Simples";"Reta";"Não";2;0;2;0;0;0;2;1;-12,40539487;-38,8958931;"SPRF-BA";"DEL01-BA";"UOP03-DEL01-BA"
156151;2018-08-30;"quinta-feira";"10:30:00";"PR";476;118;"COLOMBO";"Falta de Atenção à Condução";"Colisão lateral";"Com Vítimas Feridas";"Pleno dia";"Crescente";"Sol";"Múltipla";"Reta";"Sim";3;0;1;0;1;1;1;3;-25,35634;-49,180828;"SPRF-PR";"DEL01-PR";"UOP01-DEL01-PR"
156152;2018-08-30;"quinta-feira";"11:40:00";"MG";116;704,5;"MURIAE";"Falta de Atenção à Condução";"Colisão transversal";"Com Vítimas Feridas";"Pleno dia";"Decrescente";"Céu Claro";"Simples";"Interseção de Vias";"Sim";2;0;2;0;0;0;2;2;-21,12474188;-42,3813299;"SPRF-MG";"DEL07-MG";"UOP02-DEL07-MG"
156153;2018-08-30;"quinta-feira";"13:05:00";"MS";163;463,5;"CAMPO GRANDE";"Falta de Atenção à Condução";"Tombamento";"Com Vítimas Feridas";"Pleno dia";"Crescente";"Céu Claro";"Simples";"Reta";"Não";1;0;0;1;0;0;1;1;-20,6071;-54,5775;"SPRF-MS";"DEL01-MS";"UOP01-DEL01-MS"
156154;2018-08-30;"quinta-feira";"13:30:00";"MG";262;801,4;"UBERABA";"Restrição de Visibilidade";"Colisão com objeto estático";"Com Vítimas Feridas";"Pleno dia";"Crescente";"Sol";"Dupla";"Retorno Regulamentado";"Sim";2;0;2;0;0;0;2;1;-19,77027773;-47,9024291;"SPRF-MG";"DEL13-MG";"UOP01-DEL13-MG"
156156;2018-08-30;"quinta-feira";"14:20:00";"RS";285;563,8;"SAO LUIZ GONZAGA";"Desobediência às normas de trânsito pelo condutor";"Colisão transversal";"Com Vítimas Feridas";"Pleno dia";"Crescente";"Sol";"Simples";"Reta";"Não";3;0;1;0;2;0;1;2;-28,417377;-54,926517;"SPRF-RS";"DEL10-RS";"UOP01-DEL10-RS"
156157;2018-08-30;"quinta-feira";"14:10:00";"PR";476;161,4;"ARAUCARIA";"Fenômenos da Natureza";"Colisão traseira";"Com Vítimas Feridas";"Pleno dia";"Crescente";"Céu Claro";"Simples";"Aclive";"Sim";2;0;1;0;1;0;1;2;-25,62481155;-49,45057869;"SPRF-PR";"DEL01-PR";"UOP06-DEL01-PR"