"id";"data_inversa";"dia_semana";"horario";"uf";"br";"km";"municipio";"causa_acidente";"tipo_acidente";"classificacao_acidente";"fase_dia";"sentido_via";"condicao_metereologica";"tipo_pista";"tracado_via";"uso_solo";"pessoas";"mortos";"feridos_leves";"feridos_graves";"ilesos";"ignorados";"feridos";"veiculos";"latitude";"longitude";"regional";"delegacia";"uop"
156158;2018-08-30;"quinta-feira";"14:15:00";"GO";153;306,6;"RIALMA";"Desobediência às normas de trânsito pelo condutor";"Colisão frontal";"Com Vítimas Feridas";"Pleno dia";"Crescente";"Céu Claro";"Simples";"Em Obras;Reta";"Não";2;0;1;0;1;0;1;2;-15,33428037;-49,5702374;"SPRF-GO";"DEL02-GO";"UOP02-DEL02-GO"
156161;2018-08-30;"quinta-feira";"14:35:00";"SC";280;52;"GUARAMIRIM";"Falta de Atenção à Condução";"Colisão transversal";"Com Vítimas Feridas";"Pleno dia";"Decrescente";"Céu Claro";"Simples";"Reta";"Sim";2;0;1;0;1;0;1;2;-26,468904;-48,96492;"SPRF-SC";"DEL03-SC";"UOP03-DEL03-SC"
156162;2018-08-30;"quinta-feira";"14:00:00";"MA";135;51;"BACABEIRA";"Falta de Atenção à Condução";"Colisão transversal";"Com Vítimas Feridas";"Pleno dia";"Crescente";"Céu Claro";"Dupla";"Interseção de Vias";"Sim";3;0;1;1;0;1;2;2;-2,97276305;-44,3169862;"SPRF-MA";"DEL01-MA";"UOP02-DEL01-MA"
156163;2018-08-30;"quinta-feira";"08:40:00";"BA";418;39;"CARAVELAS";"Falta de Atenção do Pedestre";"Atropelamento de Pedestre";"Com Vítimas Feridas";"Pleno dia";"Crescente";"Céu Claro";"Simples";"Reta";"Não";4;0;0;1;0;3;1;2;-17,684921;-39,457676;"SPRF-BA";"DEL09-BA";"UOP02-DEL09-BA"
156164;2018-08-30;"quinta-feira";"13:00:00";"BA";101;943;"MUCURI";"Defeito Mecânico no Veículo";"Queda de ocupante de veículo";"Com Vítimas Feridas";"Pleno dia";"Crescente";"Céu Claro";"Simples";"Reta";"Não";1;0;0;1;0;0;1;1;-18,0716;-39,8827;"SPRF-BA";"DEL09-BA";"UOP02-DEL09-BA"
156166;2018-08-11;"sábado";"06:45:00";"MS";163;658,6;"RIO VERDE DE MATO GROSSO";"Condutor Dormindo";"Saída de leito carroçável";"Com Vítimas Feridas";"Amanhecer";"Crescente";"Céu Claro";"Simples";"Declive";"Não";5;0;3;0;2;0;3;1;-19,089531;-54,775618;"SPRF-MS";"DEL06-MS";"UOP02-DEL06-MS"
156167;2018-08-30;"quinta-feira";"15:10:00";"PB";101;35;"MAMANGUAPE";"Ingestão de Álcool";"Saída de leito carroçável";"Sem Vítimas";"Pleno dia";"Crescente";"Sol";"Dupla";"Reta";"Não";1;0;0;0;1;0;0;1;-6,8061;-35,1402;"SPRF-PB";"DEL01-PB";"UOP04-DEL01-PB"
156168;2018-08-30;"quinta-feira";"14:00:00";"RJ";116;167;"SAO JOAO DE MERITI";"Desobediência às normas de trânsito pelo condutor";"Colisão transversal";"Com Vítimas Feridas";"Pleno dia";"Decrescente";"Sol";"Múltipla";"Reta";"Sim";3;0;2;0;1;0;2;2;-22,818039;-43,307873;"SPRF-RJ";"DEL01-RJ";"UOP02-DEL01-RJ"
156171;2018-08-30;"quinta-feira";"12:05:00";"SC";116;206,2;"PONTE ALTA";"Desobediência às normas de trânsito pelo condutor";"Colisão transversal";"Sem Vítimas";"Pleno dia";"Crescente";"Sol";"Simples";"Rotatória";"Sim";2;0;0;0;2;0;0;2;-27,47268674;-50,38196719;"SPRF-SC";"DEL05-SC";"UOP03-DEL05-SC"
156172;2018-05-27;"domingo";"05:15:00";"RS";116;230,6;"IVOTI";"Condutor Dormindo";"Colisão com objeto estático";"Com Vítimas Feridas";"Plena Noite";"Crescente";"Céu Claro";"Dupla";"Declive";"Não";2;0;0;1;1;0;1;1;-29,62502634;-51,13590717;"SPRF-RS";"DEL01-RS";"UOP02-DEL01-RS"
156175;2018-08-30;"quinta-feira";"16:00:00";"PB";230;24;"JOAO PESSOA";"Falta de Atenção à Condução";"Colisão traseira";"Com Vítimas Feridas";"Pleno dia";"Decrescente";"Céu Claro";"Dupla";"Reta";"Sim";1;0;1;0;0;0;1;1;-7,16672423;-34,86342251;"SPRF-PB";"DEL01-PB";"UOP01-DEL01-PB"
156176;2018-08-30;"quinta-feira";"14:41:00";"SP";116;119,3;"CACAPAVA";"Mal Súbito";"Queda de ocupante de veículo";"Com Vítimas Feridas";"Pleno dia";"Decrescente";"Céu Claro";"Dupla";"Reta";"Não";1;0;0;1;0;0;1;1;-23,067108;-45,635643;"SPRF-SP";"DEL06-SP";"UOP02-DEL02-SP"
156178;2018-08-30;"quinta-feira";"15:15:00";"PE";232;83,3;"GRAVATA";"Desobediência às normas de trânsito pelo condutor";"Colisão transversal";"Com Vítimas Feridas";"Pleno dia";"Crescente";"Nublado";"Dupla";"Reta";"Sim";5;0;3;0;2;0;3;2;-8,204838;-35,59952;"SPRF-PE";"DEL01-PE";"UOP02-DEL02PE"
156179;2018-08-30;"quinta-feira";"16:35:00";"MG";116;289,1;"TEOFILO OTONI";"Falta de Atenção à Condução";"Colisão transversal";"Com Vítimas Feridas";"Pleno dia";"Decrescente";"Céu Claro";"Simples";"Reta";"Sim";5;0;0;1;4;0;1;2;-17,95843427;-41,53637767;"SPRF-MG";"DEL11-MG";"UOP01-DEL11-MG"
156180;2018-08-30;"quinta-feira";"16:30:00";"RS";116;244,6;"SAO LEOPOLDO";"Falta de Atenção à Condução";"Colisão traseira";"Com Vítimas Feridas";"Pleno dia";"Crescente";"Nublado";"Múltipla";"Reta";"Sim";2;0;1;0;1;0;1;2;-29,7424684;-51,1496926;"SPRF-RS";"DEL01-RS";"UOP02-DEL01-RS"
156182;2018-07-22;"domingo";"17:00:00";"MG";381;1;"BETIM";"Falta de Atenção à Condução";"Engavetamento";"Sem Vítimas";"Anoitecer";"Decrescente";"Céu Claro";"Dupla";"Reta";"Não";5;0;0;0;5;0;0;5;-19,96447504;-44,15817261;"SPRF-MG";"DEL01-MG";"UOP03-DEL01-MG"
156183;2018-08-30;"quinta-feira";"17:25:00";"SC";101;206,8;"SAO JOSE";"Falta de Atenção à Condução";"Colisão traseira";"Com Vítimas Feridas";"Anoitecer";"Crescente";"Céu Claro";"Múltipla";"Reta";"Sim";2;0;1;0;1;0;1;2;-27,6001;-48,6225;"SPRF-SC";"DEL01-SC";"UOP01-DEL01-SC"
156184;2018-08-30;"quinta-feira";"17:35:00";"SC";280;55,3;"GUARAMIRIM";"Falta de Atenção à Condução";"Colisão transversal";"Com Vítimas Feridas";"Pleno dia";"Crescente";"Céu Claro";"Simples";"Reta";"Sim";2;0;1;0;1;0;1;2;-26,47690673;-48,99617493;"SPRF-SC";"DEL03-SC";"UOP03-DEL03-SC"
156187;2018-08-30;"quinta-feira";"18:00:00";"MG";365;630;"UBERLANDIA";"Animais na Pista";"Atropelamento de Animal";"Com Vítimas Feridas";"Anoitecer";"Crescente";"Céu Claro";"Dupla";"Retorno Regulamentado";"Sim";1;0;1;0;0;0;1;1;-18,90441888;-48,34078789;"SPRF-MG";"DEL15-MG";"UOP01-DEL15-MG"
156188;2018-08-30;"quinta-feira";"18:10:00";"ES";101;126,7;"SOORETAMA";"Desobediência às normas de trânsito pelo condutor";"Colisão lateral";"Sem Vítimas";"Anoitecer";"Decrescente";"Céu Claro";"Múltipla";"Declive";"Sim";3;0;0;0;3;0;0;2;-19,20161795;-40,09543329;"SPRF-ES";"DEL04-ES";"UOP01-DEL04-ES"
156189;2018-01-15;"segunda-feira";"13:58:00";"MT";70;3;"BARRA DO GARCAS";"Falta de Atenção à Condução";"Tombamento";"Com Vítimas Feridas";"Pleno dia";"Decrescente";"Céu Claro";"Dupla";"Reta";"Sim";2;0;2;0;0;0;2;1;-15,88330325;-52,27474317;"SPRF-MT";"DEL07-MT";"UOP01-DEL07-MT"
156190;2018-08-30;"quinta-feira";"17:45:00";"PR";277;595;"CASCAVEL";"Ingestão de Álcool";"Colisão lateral";"Com Vítimas Feridas";"Anoitecer";"Decrescente";"Céu Claro";"Simples";"Reta";"Sim";3;0;2;0;1;0;2;2;-24,98670954;-53,50650217;"SPRF-PR";"DEL04-PR";"UOP01-DEL04-PR"
156192;2018-08-30;"quinta-feira";"18:00:00";"SC";282;3;"FLORIANOPOLIS";"Falta de Atenção à Condução";"Colisão lateral";"Com Vítimas Feridas";"Anoitecer";"Crescente";"Céu Claro";"Dupla";"Reta";"Sim";3;0;0;2;1;0;2;2;-27,60221006;-48,59598398;"SPRF-SC";"DEL01-SC";"UOP01-DEL01-SC"
156193;2018-08-30;"quinta-feira";"18:15:00";"PR";277;724,6;"FOZ DO IGUACU";"Falta de Atenção do Pedestre";"Atropelamento de Pedestre";"Com Vítimas Feridas";"Pleno dia";"Decrescente";"Céu Claro";"Dupla";"Reta";"Sim";2;0;1;0;1;0;1;2;-25,50548621;-54,54285443;"SPRF-PR";"DEL05-PR";"UOP03-DEL05-PR"
156194;2018-08-30;"quinta-feira";"18:35:00";"PI";343;7;"PARNAIBA";"Desobediência às normas de trânsito pelo condutor";"Colisão transversal";"Com Vítimas Feridas";"Plena Noite";"Decrescente";"Céu Claro";"Simples";"Reta";"Sim";3;0;2;0;1;0;2;2;-2,898051;-41,714767;"SPRF-PI";"DEL05-PI";"UOP01-DEL05-PI"
156196;2018-08-30;"quinta-feira";"16:20:00";"AC";364;134;"RIO BRANCO";"Falta de Atenção à Condução";"Colisão traseira";"Com Vítimas Feridas";"Pleno dia";"Decrescente";"Chuva";"Dupla";"Curva";"Sim";4;0;4;0;0;0;4;3;-9,993503;-67,848679;"SPRF-AC";"DEL01-AC";"UOP01-DEL01-AC"
156197;2018-08-30;"quinta-feira";"16:40:00";"SC";101;462;"PASSO DE TORRES";"Ingestão de Álcool";"Capotamento";"Com Vítimas Feridas";"Pleno dia";"Decrescente";"Sol";"Dupla";"Reta";"Não";2;0;2;0;0;0;2;1;-29,2848;-49,7561;"SPRF-RS";"DEL03-RS";"DEL9/3-UOP03/RS"
156198;2018-08-30;"quinta-feira";"18:30:00";"ES";101;0,2;"SERRA";"Falta de Atenção à Condução";"Tombamento";"Com Vítimas Feridas";"Plena Noite";"Decrescente";"Nublado";"Múltipla";"Reta";"Sim";1;0;1;0;0;0;1;1;-20,23498929;-40,27607471;"SPRF-ES";"DEL04-ES";"UOP02-DEL04-ES"
156199;2018-08-30;"quinta-feira";"18:30:00";"ES";262;5,1;"CARIACICA";"Desobediência às normas de trânsito pelo condutor";"Colisão lateral";"Com Vítimas Feridas";"Plena Noite";"Decrescente";"Nublado";"Múltipla";"Reta";"Sim";2;0;0;1;1;0;1;2;-20,3374845;-40,38627326;"SPRF-ES";"DEL01-ES";"UOP01-DEL01-ES"
156200;2018-08-30;"quinta-feira";"18:15:00";"BA";116;382,7;"SANTA BARBARA";"Velocidade Incompatível";"Colisão traseira";"Com Vítimas Feridas";"Anoitecer";"Crescente";"Chuva";"Simples";"Reta";"Não";2;0;1;1;0;0;2;2;-11,82761723;-38,97453798;"SPRF-BA";"DEL02-BA";"DEL10/2-UOP02/BA"
156202;2018-08-30;"quinta-feira";"19:30:00";"SC";101;135;"BALNEARIO CAMBORIU";"Falta de Atenção à Condução";"Colisão lateral";"Com Vítimas Feridas";"Plena Noite";"Decrescente";"Céu Claro";"Dupla";"Reta";"Sim";2;0;1;0;1;0;1;1;-27,0081;-48,617;"SPRF-SC";"DEL04-SC";"UOP03-DEL04-SC"
156203;2018-08-30;"quinta-feira";"18:40:00";"PB";101;46;"RIO TINTO";"Defeito Mecânico no Veículo";"Queda de ocupante de veículo";"Com Vítimas Feridas";"Plena Noite";"Crescente";"Céu Claro";"Dupla";"Reta";"Não";2;0;2;0;0;0;2;1;-6,9;-35,1209;"SPRF-PB";"DEL01-PB";"UOP04-DEL01-PB"
156205;2018-08-30;"quinta-feira";"19:30:00";"RN";304;43,9;"MOSSORO";"Falta de Atenção à Condução";"Colisão traseira";"Sem Vítimas";"Plena Noite";"Decrescente";"Céu Claro";"Dupla";"Retorno Regulamentado";"Não";2;0;0;0;2;0;0;2;-5,218198;-37,364944;"SPRF-RN";"DEL04-RN";"UOP01-DEL04-RN"
156206;2018-08-30;"quinta-feira";"18:30:00";"PR";476;116;"COLOMBO";"Desobediência às normas de trânsito pelo condutor";"Colisão frontal";"Com Vítimas Feridas";"Anoitecer";"Decrescente";"Céu Claro";"Dupla";"Reta";"Sim";3;0;0;2;1;0;2;2;-25,34996;-49,16642;"SPRF-PR";"DEL01-PR";"UOP01-DEL01-PR"
156209;2018-08-20;"segunda-feira";"18:40:00";"PR";116;9;"CAMPINA GRANDE DO SUL";"Falta de Atenção à Condução";"Queda de ocupante de veículo";"Com Vítimas Feridas";"Plena Noite";"Crescente";"Céu Claro";"Dupla";"Reta;Declive";"Sim";2;0;1;0;1;0;1;2;-25,36822539;-49,12553787;"SPRF-PR";"DEL01-PR";"UOP02-DEL01-PR"
156210;2018-08-17;"sexta-feira";"00:40:00";"PB";230;367;"MALTA";"Falta de Atenção à Condução";"Colisão traseira";"Sem Vítimas";"Plena Noite";"Crescente";"Céu Claro";"Simples";"Reta";"Sim";3;0;0;0;0;3;0;2;-6,90598803;-37,53487587;"SPRF-PB";"DEL03-PB";"UOP02-DEL03-PB"
156212;2018-08-30;"quinta-feira";"18:40:00";"PR";116;114;"CURITIBA";"Falta de Atenção à Condução";"Colisão traseira";"Com Vítimas Feridas";"Plena Noite";"Crescente";"Céu Claro";"Dupla";"Reta";"Sim";2;0;1;0;1;0;1;2;-25,5495979;-49,3058108;"SPRF-PR";"DEL01-PR";"UOP01-DEL01-PR"
156213;2018-08-30;"quinta-feira";"19:30:00";"RS";285;292,1;"PASSO FUNDO";"Defeito na Via";"Tombamento";"Com Vítimas Feridas";"Plena Noite";"Decrescente";"Céu Claro";"Simples";"Reta";"Sim";2;0;1;0;1;0;1;1;-28,23455105;-52,38462567;"SPRF-RS";"DEL08-RS";"UOP03-DEL08-RS"
156217;2018-06-21;"quinta-feira";"19:08:00";"GO";70;185,2;"ITABERAI";"Defeito Mecânico no Veículo";"Colisão com objeto em movimento";"Com Vítimas Fatais";"Plena Noite";"Decrescente";"Céu Claro";"Simples";"Aclive";"Não";3;1;2;0;0;0;2;1;-16,0147;-49,7697;"SPRF-GO";"DEL02-GO";"UOP02-DEL02-GO"
156218;2018-08-30;"quinta-feira";"20:10:00";"PR";373;178;"PONTA GROSSA";"Velocidade Incompatível";"Colisão traseira";"Com Vítimas Feridas";"Plena Noite";"Decrescente";"Céu Claro";"Simples";"Reta";"Sim";2;0;0;1;1;0;1;2;-25,04639488;-50,23644447;"SPRF-PR";"DEL03-PR";"UOP01-DEL03-PR"
156219;2018-08-30;"quinta-feira";"16:10:00";"RO";319;43;"PORTO VELHO";"Desobediência às normas de trânsito pelo condutor";"Saída de leito carroçável";"Com Vítimas Feridas";"Pleno dia";"Decrescente";"Céu Claro";"Simples";"Reta";"Não";2;0;1;1;0;0;2;1;-8,69562487;-63,9934414;"SPRF-RO";"DEL01-RO";"UOP01-DEL01-RO"
156220;2018-08-30;"quinta-feira";"19:30:00";"PR";116;164;"QUITANDINHA";"Falta de Atenção à Condução";"Colisão transversal";"Com Vítimas Feridas";"Plena Noite";"Crescente";"Céu Claro";"Dupla";"Reta";"Sim";2;0;1;0;1;0;1;2;-25,874659;-49,48101;"SPRF-PR";"DEL01-PR";"UOP03-DEL01-PR"
156222;2018-08-30;"quinta-feira";"20:20:00";"PR";476;146,6;"CURITIBA";"Velocidade Incompatível";"Colisão frontal";"Com Vítimas Feridas";"Plena Noite";"Decrescente";"Nublado";"Dupla";"Reta";"Sim";3;0;1;0;1;1;1;2;-25,55336031;-49,33569431;"SPRF-PR";"DEL01-PR";"UOP06-DEL01-PR"
156224;2018-08-30;"quinta-feira";"21:07:00";"SP";381;38;"ATIBAIA";"Velocidade Incompatível";"Saída de leito carroçável";"Com Vítimas Feridas";"Plena Noite";"Decrescente";"Céu Claro";"Simples";"Curva";"Sim";2;0;2;0;0;0;2;1;-23,113317;-46,571747;"SPRF-SP";"DEL03-SP";"UOP01-DEL03-SP"
156225;2018-08-30;"quinta-feira";"21:02:00";"SP";153;86,6;"MIRASSOL";"Falta de Atenção do Pedestre";"Atropelamento de Pedestre";"Com Vítimas Feridas";"Plena Noite";"Crescente";"Céu Claro";"Simples";"Reta";"Não";2;0;0;1;1;0;1;2;-20,94476737;-49,53048706;"SPRF-SP";"DEL09-SP";"UOP01-DEL09-SP"
156228;2018-08-30;"quinta-feira";"21:30:00";"PR";376;3,9;"MANDAGUARI";"Ingestão de Álcool";"Atropelamento de Pedestre";"Com Vítimas Feridas";"Plena Noite";"Crescente";"Céu Claro";"Simples";"Reta";"Sim";3;0;2;0;1;0;2;3;-23,51730571;-51,68477112;"SPRF-PR";"DEL07-PR";"UOP01-DEL09-PR"
156229;2018-08-30;"quinta-feira";"20:05:00";"RJ";393;284,9;"VOLTA REDONDA";"Falta de Atenção à Condução";"Colisão frontal";"Com Vítimas Feridas";"Plena Noite";"Crescente";"Céu Claro";"Simples";"Reta";"Sim";2;0;1;0;1;0;1;2;-22,50391407;-44,07294273;"SPRF-RJ";"DEL05-RJ";"UOP04-DEL05-RJ"
156230;2018-08-30;"quinta-feira";"21:10:00";"SC";101;194;"BIGUACU";"Ingestão de Álcool";"Colisão com objeto estático";"Com Vítimas Feridas";"Plena Noite";"Decrescente";"Nublado";"Dupla";"Reta";"Sim";1;0;1;0;0;0;1;1;-27,5055;-48,6491;"SPRF-SC";"DEL01-SC";"UOP01-DEL01-SC"
156231;2018-08-30;"quinta-feira";"21:45:00";"PR";376;15,3;"MARINGA";"Falta de Atenção à Condução";"Tombamento";"Com Vítimas Feridas";"Plena Noite";"Decrescente";"Céu Claro";"Dupla";"Retorno Regulamentado";"Sim";2;0;2;0;0;0;2;1;-23,41381586;-51,8807644;"SPRF-PR";"DEL07-PR";"UOP01-DEL09-PR"
156232;2018-08-30;"quinta-feira";"21:30:00";"RN";101;103,9;"PARNAMIRIM";"Falta de Atenção à Condução";"Colisão traseira";"Com Vítimas Feridas";"Plena Noite";"Crescente";"Céu Claro";"Dupla";"Aclive";"Sim";2;0;1;0;1;0;1;2;-5,89171516;-35,25596917;"SPRF-RN";"DEL01-RN";"UOP01-DEL01-RN"
156237;2018-08-30;"quinta-feira";"22:00:00";"BA";110;202;"CIPO";"Desobediência às normas de trânsito pelo condutor";"Atropelamento de Pedestre";"Com Vítimas Feridas";"Plena Noite";"Decrescente";"Céu Claro";"Simples";"Reta";"Sim";4;0;1;1;1;1;2;3;-11,09486115;-38,50914001;"SPRF-BA";"DEL07-BA";"UOP02-DEL07-BA"
156238;2018-08-30;"quinta-feira";"22:00:00";"SC";101;148;"ITAPEMA";"Falta de Atenção à Condução";"Tombamento";"Com Vítimas Feridas";"Plena Noite";"Crescente";"Céu Claro";"Simples";"Interseção de Vias";"Não";1;0;1;0;0;0;1;1;-27,109;-48,6126;"SPRF-SC";"DEL04-SC";"UOP03-DEL04-SC"
156239;2018-08-30;"quinta-feira";"20:00:00";"MG";267;72;"BICAS";"Velocidade Incompatível";"Saída de leito carroçável";"Com Vítimas Feridas";"Plena Noite";"Crescente";"Céu Claro";"Simples";"Reta";"Não";1;0;1;0;0;0;1;1;-21,7507;-43,1593;"SPRF-MG";"DEL05-MG";"UOP01-DEL05-MG"
156241;2018-08-30;"quinta-feira";"22:15:00";"ES";101;229;"FUNDAO";"Desobediência às normas de trânsito pelo condutor";"Colisão transversal";"Com Vítimas Feridas";"Plena Noite";"Crescente";"Nublado";"Simples";"Interseção de Vias";"Sim";2;0;0;1;1;0;1;2;-19,93335533;-40,40500259;"SPRF-ES";"DEL02-ES";"UOP01-DEL02-ES"
156242;2018-08-30;"quinta-feira";"22:20:00";"RJ";101;73;"CAMPOS DOS GOYTACAZES";"Defeito Mecânico no Veículo";"Tombamento";"Com Vítimas Feridas";"Plena Noite";"Crescente";"Céu Claro";"Simples";"Reta";"Não";2;0;2;0;0;0;2;1;-21,774622;-41,362454;"SPRF-RJ";"DEL08-RJ";"UOP02-DEL08-RJ"
156246;2018-08-30;"quinta-feira";"18:00:00";"MG";40;614,2;"CONGONHAS";"Falta de Atenção à Condução";"Colisão frontal";"Com Vítimas Feridas";"Anoitecer";"Crescente";"Céu Claro";"Simples";"Curva";"Sim";6;0;5;1;0;0;6;3;-20,5347549;-43,82155806;"SPRF-MG";"DEL05-MG";"UOP02-DEL05-MG"
156251;2018-08-30;"quinta-feira";"22:30:00";"PR";373;212,6;"IMBITUVA";"Falta de Atenção à Condução";"Saída de leito carroçável";"Com Vítimas Feridas";"Plena Noite";"Crescente";"Nublado";"Simples";"Reta";"Não";1;0;1;0;0;0;1;1;-25,13285249;-50,46295166;"SPRF-PR";"DEL03-PR";"UOP01-DEL03-PR"
156252;2018-08-30;"quinta-feira";"22:45:00";"PA";230;117;"MARABA";"Objeto estático sobre o leito carroçável";"Queda de ocupante de veículo";"Com Vítimas Feridas";"Plena Noite";"Crescente";"Céu Claro";"Simples";"Reta";"Sim";1;0;0;1;0;0;1;1;-5,35020992;-49,10884917;"SPRF-PA";"DEL03-PA";"UOP01-DEL03-PA"
156255;2018-08-30;"quinta-feira";"20:20:00";"RS";285;162;"MUITOS CAPOES";"Velocidade Incompatível";"Saída de leito carroçável";"Com Vítimas Feridas";"Plena Noite";"Decrescente";"Céu Claro";"Simples";"Curva";"Não";3;0;2;0;1;0;2;1;-28,318995;-51,246716;"SPRF-RS";"DEL05-RS";"UOP03-DEL05-RS"
156256;2018-08-30;"quinta-feira";"23:00:00";"SC";470;5;"NAVEGANTES";"Ingestão de álcool e/ou substâncias psicoativas pelo pedestre";"Atropelamento de Pedestre";"Com Vítimas Feridas";"Plena Noite";"Crescente";"Nublado";"Simples";"Reta";"Não";2;0;0;1;1;0;1;2;-26,855688;-48,700333;"SPRF-SC";"DEL04-SC";"UOP04-DEL04-SC"
156258;2018-08-30;"quinta-feira";"18:35:00";"RO";364;342,9;"JI-PARANA";"Falta de Atenção à Condução";"Colisão traseira";"Com Vítimas Feridas";"Plena Noite";"Decrescente";"Céu Claro";"Múltipla";"Reta";"Sim";3;0;2;0;1;0;2;3;-10,87950465;-61,9441098;"SPRF-RO";"DEL02-RO";"UOP01-DEL02-RO"
156259;2018-08-30;"quinta-feira";"18:45:00";"RO";364;343;"JI-PARANA";"Falta de Atenção à Condução";"Engavetamento";"Sem Vítimas";"Plena Noite";"Decrescente";"Nublado";"Dupla";"Reta";"Sim";8;0;0;0;8;0;0;4;-10,7509762;-62,05936272;"SPRF-RO";"DEL02-RO";"UOP01-DEL02-RO"
156260;2018-08-30;"quinta-feira";"21:00:00";"RS";285;142,1;"MUITOS CAPOES";"Velocidade Incompatível";"Tombamento";"Com Vítimas Feridas";"Plena Noite";"Crescente";"Nublado";"Simples";"Curva";"Não";1;0;1;0;0;0;1;1;-28,37841238;-51,07749939;"SPRF-RS";"DEL05-RS";"UOP03-DEL05-RS"
156262;2018-08-30;"quinta-feira";"23:10:00";"PR";369;455,1;"UBIRATA";"Falta de Atenção à Condução";"Saída de leito carroçável";"Com Vítimas Feridas";"Plena Noite";"Crescente";"Céu Claro";"Simples";"Curva";"Não";1;0;0;1;0;0;1;1;-24,54776728;-53,04840803;"SPRF-PR";"DEL04-PR";"UOP03-DEL04-PR"
156263;2018-08-30;"quinta-feira";"20:00:00";"RJ";101;226;"SILVA JARDIM";"Desobediência às normas de trânsito pelo pedestre";"Atropelamento de Pedestre";"Com Vítimas Feridas";"Plena Noite";"Decrescente";"Céu Claro";"Dupla";"Reta";"Não";3;0;0;1;2;0;1;2;-22,55797275;-42,35522987;"SPRF-RJ";"DEL02-RJ";"UOP03-DEL02-RJ"
156264;2018-08-30;"quinta-feira";"22:00:00";"MG";116;479,5;"DOM CAVATI";"Ingestão de Álcool";"Atropelamento de Pedestre";"Com Vítimas Feridas";"Plena Noite";"Decrescente";"Nublado";"Simples";"Reta";"Sim";3;0;0;1;1;1;1;2;-19,37734;-42,1086;"SPRF-MG";"DEL06-MG";"UOP02-DEL06-MG"
156266;2018-08-31;"sexta-feira";"01:40:00";"DF";20;7;"BRASILIA";"Falta de Atenção à Condução";"Capotamento";"Sem Vítimas";"Plena Noite";"Crescente";"Céu Claro";"Dupla";"Reta";"Sim";1;0;0;0;1;0;0;1;-15,662208;-47,799866;"SPRF-DF";"DEL02-DF";"UOP01-DEL02-DF"
156268;2018-08-31;"sexta-feira";"00:51:00";"RJ";116;169,6;"SAO JOAO DE MERITI";"Falta de Atenção à Condução";"Colisão traseira";"Com Vítimas Feridas";"Plena Noite";"Crescente";"Céu Claro";"Múltipla";"Reta";"Sim";2;0;1;0;0;1;1;2;-22,79738883;-43,35891724;"SPRF-RJ";"DEL01-RJ";"UOP02-DEL01-RJ"
156270;2018-08-31;"sexta-feira";"03:00:00";"SC";280;55,9;"GUARAMIRIM";"Falta de Atenção à Condução";"Saída de leito carroçável";"Com Vítimas Fatais";"Plena Noite";"Decrescente";"Céu Claro";"Simples";"Interseção de Vias";"Sim";1;1;0;0;0;0;0;1;-26,47928358;-49,00158763;"SPRF-SC";"DEL03-SC";"UOP03-DEL03-SC"
156271;2018-08-31;"sexta-feira";"04:20:00";"GO";153;502;"GOIANIA";"Ingestão de Álcool";"Colisão com objeto estático";"Com Vítimas Feridas";"Amanhecer";"Crescente";"Céu Claro";"Dupla";"Interseção de Vias";"Sim";2;0;1;0;1;0;1;1;-16,7287;-49,2424;"SPRF-GO";"DEL01-GO";"UOP01-DEL01-GO"
156272;2018-08-31;"sexta-feira";"03:30:00";"MG";50;71;"UBERLANDIA";"Desobediência às normas de trânsito pelo condutor";"Colisão frontal";"Com Vítimas Feridas";"Plena Noite";"Decrescente";"Céu Claro";"Dupla";"Reta";"Sim";4;0;1;3;0;0;4;2;-18,9002;-48,2401;"SPRF-MG";"DEL15-MG";"UOP01-DEL15-MG"
156273;2018-08-30;"quinta-feira";"11:39:00";"BA";324;560;"AMELIA RODRIGUES";"Velocidade Incompatível";"Saída de leito carroçável";"Sem Vítimas";"Pleno dia";"Crescente";"Nublado";"Dupla";"Reta";"Não";1;0;0;0;0;1;0;1;-12,50026939;-38,64337921;"SPRF-BA";"DEL01-BA";"UOP01-DEL01-BA"
156274;2018-08-31;"sexta-feira";"00:30:00";"MT";158;530;"AGUA BOA";"Ingestão de Substâncias Psicoativas";"Saída de leito carroçável";"Com Vítimas Feridas";"Plena Noite";"Crescente";"Céu Claro";"Simples";"Reta";"Não";1;0;0;1;0;0;1;1;-14,0868323;-52,1608972;"SPRF-MT";"DEL07-MT";"UOP02-DEL07-MT"
156275;2018-08-31;"sexta-feira";"05:30:00";"MG";40;277,1;"TRES MARIAS";"Ingestão de Álcool";"Saída de leito carroçável";"Com Vítimas Feridas";"Amanhecer";"Decrescente";"Céu Claro";"Simples";"Reta";"Sim";1;0;1;0;0;0;1;1;-18,21453;-45,223075;"SPRF-MG";"DEL14-MG";"UOP02-DEL14-MG"
156276;2018-08-31;"sexta-feira";"04:50:00";"MG";116;773;"LEOPOLDINA";"Falta de Atenção à Condução";"Colisão transversal";"Com Vítimas Feridas";"Amanhecer";"Crescente";"Céu Claro";"Simples";"Interseção de Vias";"Não";4;0;2;0;2;0;2;2;-21,57188768;-42,67978191;"SPRF-MG";"DEL07-MG";"UOP01-DEL07-MG"
156278;2018-08-31;"sexta-feira";"05:10:00";"MS";163;263;"DOURADOS";"Velocidade Incompatível";"Saída de leito carroçável";"Com Vítimas Feridas";"Amanhecer";"Crescente";"Céu Claro";"Dupla";"Rotatória";"Sim";1;0;1;0;0;0;1;1;-22,23160117;-54,74785566;"SPRF-MS";"DEL04-MS";"UOP01-DEL04-MS"