"id";"data_inversa";"dia_semana";"horario";"uf";"br";"km";"municipio";"causa_acidente";"tipo_acidente";"classificacao_acidente";"fase_dia";"sentido_via";"condicao_metereologica";"tipo_pista";"tracado_via";"uso_solo";"pessoas";"mortos";"feridos_leves";"feridos_graves";"ilesos";"ignorados";"feridos";"veiculos";"latitude";"longitude";"regional";"delegacia";"uop"
156279;2018-08-31;"sexta-feira";"06:20:00";"SC";101;210;"PALHOCA";"Não guardar distância de segurança";"Colisão lateral";"Com Vítimas Feridas";"Pleno dia";"Decrescente";"Céu Claro";"Dupla";"Reta";"Não";3;0;0;1;2;0;1;2;-27,6235;-48,6524;"SPRF-SC";"DEL01-SC";"UOP01-DEL01-SC"
156280;2018-08-31;"sexta-feira";"06:50:00";"MG";40;512,9;"RIBEIRAO DAS NEVES";"Falta de Atenção à Condução";"Colisão lateral";"Com Vítimas Feridas";"Pleno dia";"Crescente";"Céu Claro";"Dupla";"Retorno Regulamentado";"Não";2;0;1;0;1;0;1;2;-19,7985;-44,1048;"SPRF-MG";"DEL01-MG";"UOP03-DEL01-MG"
156281;2018-08-31;"sexta-feira";"06:45:00";"RN";101;101,1;"PARNAMIRIM";"Não guardar distância de segurança";"Colisão traseira";"Com Vítimas Feridas";"Pleno dia";"Decrescente";"Céu Claro";"Dupla";"Viaduto";"Sim";2;0;1;0;1;0;1;2;-5,88705141;-35,23233354;"SPRF-RN";"DEL01-RN";"UOP01-DEL01-RN"
156282;2018-08-31;"sexta-feira";"06:30:00";"DF";70;12,1;"BRASILIA";"Falta de Atenção à Condução";"Colisão traseira";"Com Vítimas Feridas";"Amanhecer";"Decrescente";"Céu Claro";"Dupla";"Reta";"Sim";4;0;2;0;2;0;2;3;-15,79324466;-48,15925598;"SPRF-DF";"DEL01-DF";"UOP02-DEL03-DF"
156283;2018-08-31;"sexta-feira";"06:30:00";"BA";242;311;"ITABERABA";"Pista Escorregadia";"Saída de leito carroçável";"Com Vítimas Feridas";"Amanhecer";"Decrescente";"Nublado";"Simples";"Curva";"Não";5;0;4;0;1;0;4;1;-12,501191;-40,427347;"SPRF-BA";"DEL06-BA";"UOP01-DEL06-BA"
156285;2018-08-31;"sexta-feira";"05:40:00";"DF";20;0,5;"BRASILIA";"Ingestão de álcool e/ou substâncias psicoativas pelo pedestre";"Saída de leito carroçável";"Sem Vítimas";"Plena Noite";"Decrescente";"Céu Claro";"Dupla";"Reta";"Sim";1;0;0;0;1;0;0;1;-15,68727394;-47,85452485;"SPRF-DF";"DEL02-DF";"UOP01-DEL02-DF"
156288;2018-08-31;"sexta-feira";"07:30:00";"MG";40;523;"CONTAGEM";"Não guardar distância de segurança";"Colisão lateral";"Com Vítimas Feridas";"Pleno dia";"Crescente";"Sol";"Dupla";"Reta";"Não";2;0;0;1;1;0;1;2;-19,879;-44,051;"SPRF-MG";"DEL01-MG";"UOP03-DEL01-MG"
156289;2018-08-11;"sábado";"17:00:00";"RS";285;580,2;"SAO LUIZ GONZAGA";"Condutor Dormindo";"Saída de leito carroçável";"Com Vítimas Feridas";"Anoitecer";"Crescente";"Céu Claro";"Simples";"Curva";"Não";1;0;1;0;0;0;1;1;-28,433741;-55,095108;"SPRF-RS";"DEL12-RS";"UOP01-DEL12-RS"
156292;2018-08-31;"sexta-feira";"07:35:00";"PR";369;151;"LONDRINA";"Desobediência às normas de trânsito pelo condutor";"Colisão traseira";"Com Vítimas Feridas";"Pleno dia";"Decrescente";"Sol";"Dupla";"Viaduto;Aclive";"Sim";2;0;1;0;1;0;1;2;-23,29283539;-51,17324352;"SPRF-PR";"DEL07-PR";"UOP01-DEL07-PR"
156293;2018-08-31;"sexta-feira";"06:00:00";"RJ";116;168,8;"SAO JOAO DE MERITI";"Não guardar distância de segurança";"Colisão frontal";"Com Vítimas Feridas";"Amanhecer";"Crescente";"Céu Claro";"Múltipla";"Reta";"Sim";2;0;0;1;1;0;1;2;-22,79196862;-43,36772561;"SPRF-RJ";"DEL01-RJ";"UOP02-DEL01-RJ"
156294;2018-08-31;"sexta-feira";"07:10:00";"RJ";116;178;"NOVA IGUACU";"Não guardar distância de segurança";"Colisão traseira";"Com Vítimas Feridas";"Pleno dia";"Decrescente";"Sol";"Dupla";"Reta";"Sim";2;0;1;0;0;1;1;2;-22,774963;-43,400814;"SPRF-RJ";"DEL01-RJ";"UOP02-DEL01-RJ"
156295;2018-07-10;"terça-feira";"18:30:00";"PR";277;588,3;"CASCAVEL";"Desobediência às normas de trânsito pelo condutor";"Colisão transversal";"Com Vítimas Feridas";"Anoitecer";"Crescente";"Céu Claro";"Simples";"Reta";"Sim";3;0;1;1;1;0;2;2;-24,97506478;-53,44093233;"SPRF-PR";"DEL04-PR";"UOP01-DEL04-PR"
156296;2018-08-31;"sexta-feira";"06:50:00";"RS";116;251;"SAO LEOPOLDO";"Falta de Atenção à Condução";"Colisão traseira";"Sem Vítimas";"Pleno dia";"Crescente";"Chuva";"Dupla";"Reta";"Não";2;0;0;0;2;0;0;2;-29,79744786;-51,16515932;"SPRF-RS";"DEL01-RS";"UOP02-DEL01-RS"
156297;2018-08-31;"sexta-feira";"07:50:00";"PI";343;332,6;"TERESINA";"Ingestão de Álcool";"Saída de leito carroçável";"Com Vítimas Feridas";"Pleno dia";"Crescente";"Céu Claro";"Simples";"Reta";"Não";3;0;2;0;1;0;2;2;-5,058209;-42,66679;"SPRF-PI";"DEL01-PI";"UOP01-DEL01-PI"
156299;2018-08-24;"sexta-feira";"23:00:00";"PB";230;20;"JOAO PESSOA";"Ingestão de Álcool";"Queda de ocupante de veículo";"Com Vítimas Feridas";"Plena Noite";"Crescente";"Chuva";"Dupla";"Reta";"Não";1;0;1;0;0;0;1;1;-7,1337;-34,8544;"SPRF-PB";"DEL01-PB";"UOP01-DEL01-PB"
156300;2018-08-31;"sexta-feira";"07:30:00";"ES";262;3;"CARIACICA";"Falta de Atenção à Condução";"Colisão traseira";"Com Vítimas Feridas";"Pleno dia";"Decrescente";"Céu Claro";"Dupla";"Reta";"Sim";2;0;1;0;1;0;1;2;-20,3331536;-40,36804765;"SPRF-ES";"DEL01-ES";"UOP01-DEL01-ES"
156301;2018-08-31;"sexta-feira";"07:30:00";"PI";343;329,6;"TERESINA";"Ingestão de Álcool";"Colisão traseira";"Sem Vítimas";"Pleno dia";"Crescente";"Céu Claro";"Simples";"Reta";"Não";2;0;0;0;2;0;0;2;-5,064808;-42,641769;"SPRF-PI";"DEL01-PI";"UOP01-DEL01-PI"
156304;2018-08-31;"sexta-feira";"07:30:00";"CE";116;13;"FORTALEZA";"Falta de Atenção à Condução";"Colisão traseira";"Com Vítimas Feridas";"Pleno dia";"Decrescente";"Céu Claro";"Simples";"Curva";"Sim";2;0;1;0;1;0;1;2;-3,8731432;-38,4984259;"SPRF-CE";"DEL01-CE";"UOP02-DEL01-CE"
156305;2018-08-31;"sexta-feira";"08:15:00";"RN";101;97;"NATAL";"Não guardar distância de segurança";"Colisão traseira";"Com Vítimas Feridas";"Pleno dia";"Decrescente";"Céu Claro";"Múltipla";"Reta";"Sim";2;0;1;0;1;0;1;2;-5,856143;-35,212055;"SPRF-RN";"DEL01-RN";"UOP01-DEL01-RN"
156306;2018-08-31;"sexta-feira";"07:30:00";"BA";242;615,5;"MUQUEM DE SAO FRANCISCO";"Não guardar distância de segurança";"Colisão traseira";"Com Vítimas Feridas";"Pleno dia";"Crescente";"Céu Claro";"Simples";"Reta";"Não";5;0;3;0;2;0;3;2;-12,222;-43,447;"SPRF-BA";"DEL10-BA";"UOP03-DEL06-BA"
156307;2018-08-31;"sexta-feira";"08:05:00";"DF";80;4,5;"BRASILIA";"Não guardar distância de segurança";"Colisão traseira";"Sem Vítimas";"Pleno dia";"Decrescente";"Céu Claro";"Simples";"Reta";"Não";2;0;0;0;2;0;0;2;-15,73015113;-48,1163916;"SPRF-DF";"DEL01-DF";"UOP02-DEL03-DF"
156308;2018-08-31;"sexta-feira";"08:20:00";"PB";230;486,3;"SAO JOAO DO RIO DO PEIXE";"Defeito Mecânico no Veículo";"Tombamento";"Com Vítimas Feridas";"Pleno dia";"Crescente";"Sol";"Simples";"Reta";"Não";2;0;1;1;0;0;2;1;-6,868512;-38,405354;"SPRF-PB";"DEL03-PB";"UOP03-DEL03-PB"
156312;2018-08-31;"sexta-feira";"06:30:00";"RN";101;82,9;"SAO GONCALO DO AMARANTE";"Falta de Atenção à Condução";"Colisão traseira";"Com Vítimas Feridas";"Pleno dia";"Crescente";"Céu Claro";"Dupla";"Reta";"Sim";2;0;0;1;1;0;1;2;-5,7689398;-35,27243793;"SPRF-RN";"DEL02-RN";"UOP01-DEL02-RN"
156313;2018-07-23;"segunda-feira";"18:04:00";"RS";386;247,2;"SOLEDADE";"Defeito na Via";"Tombamento";"Com Vítimas Feridas";"Anoitecer";"Crescente";"Nevoeiro/Neblina";"Simples";"Reta";"Sim";1;0;1;0;0;0;1;1;-28,82177832;-52,47855663;"SPRF-RS";"DEL04-RS";"NPF/DEL04-RS"
156314;2018-08-31;"sexta-feira";"07:00:00";"SP";116;273;"TABOAO DA SERRA";"Falta de Atenção à Condução";"Colisão lateral";"Com Vítimas Feridas";"Pleno dia";"Decrescente";"Céu Claro";"Dupla";"Reta";"Não";2;0;1;0;1;0;1;2;-23,61715973;-46,78939819;"SPRF-SP";"DEL04-SP";"UOP01-DEL04-SP"
156317;2018-05-31;"quinta-feira";"07:35:00";"RS";116;268;"CANOAS";"Falta de Atenção à Condução";"Colisão lateral";"Com Vítimas Feridas";"Pleno dia";"Decrescente";"Céu Claro";"Dupla";"Reta";"Sim";4;0;0;1;1;2;1;3;-29,95755589;-51,17631733;"SPRF-RS";"DEL01-RS";"UOP01-DEL01-RS"
156319;2018-08-29;"quarta-feira";"05:20:00";"PR";153;41,6;"SANTO ANTONIO DA PLATINA";"Desobediência às normas de trânsito pelo condutor";"Colisão transversal";"Com Vítimas Feridas";"Plena Noite";"Decrescente";"Nublado";"Simples";"Interseção de Vias";"Sim";2;0;1;0;1;0;1;2;-23,29723038;-50,06849343;"SPRF-PR";"DEL07-PR";"UOP04-DEL07-PR"
156323;2018-08-31;"sexta-feira";"09:20:00";"RJ";101;312,6;"SAO GONCALO";"Agressão Externa";"Queda de ocupante de veículo";"Com Vítimas Feridas";"Pleno dia";"Crescente";"Céu Claro";"Dupla";"Reta";"Sim";2;0;2;0;0;0;2;1;-22,80839015;-43,06679249;"SPRF-RJ";"DEL02-RJ";"DEL5/2-UOP04/RJ"
156324;2018-08-31;"sexta-feira";"08:45:00";"AL";101;209;"SAO SEBASTIAO";"Pista Escorregadia";"Colisão lateral";"Com Vítimas Feridas";"Pleno dia";"Decrescente";"Chuva";"Simples";"Curva";"Não";2;0;1;0;1;0;1;2;-9,958604;-36,545883;"SPRF-AL";"DEL02-AL";"UOP02-DEL02-AL"
156326;2018-08-23;"quinta-feira";"20:00:00";"PI";316;154;"ELESBAO VELOSO";"Ingestão de Álcool";"Atropelamento de Pedestre";"Com Vítimas Feridas";"Plena Noite";"Crescente";"Céu Claro";"Simples";"Reta";"Sim";2;0;1;0;1;0;1;2;-6,18561146;-42,12364197;"SPRF-PI";"DEL04-PI";"UOP02-DEL04-PI"
156332;2018-07-30;"segunda-feira";"10:20:00";"CE";116;12;"FORTALEZA";"Defeito Mecânico no Veículo";"Queda de ocupante de veículo";"Com Vítimas Feridas";"Pleno dia";"Decrescente";"Sol";"Dupla";"Reta";"Sim";1;0;1;0;0;0;1;1;-3,85140919;-38,495332;"SPRF-CE";"DEL01-CE";"UOP02-DEL01-CE"
156333;2018-08-31;"sexta-feira";"10:35:00";"RJ";116;170;"SAO JOAO DE MERITI";"Falta de Atenção à Condução";"Colisão traseira";"Com Vítimas Feridas";"Pleno dia";"Decrescente";"Céu Claro";"Múltipla";"Reta";"Sim";2;0;0;1;1;0;1;2;-22,8111;-43,333729;"SPRF-RJ";"DEL01-RJ";"UOP02-DEL01-RJ"
156334;2018-08-31;"sexta-feira";"11:10:00";"RN";304;48,2;"MOSSORO";"Defeito na Via";"Queda de ocupante de veículo";"Com Vítimas Feridas";"Pleno dia";"Decrescente";"Céu Claro";"Dupla";"Reta";"Sim";1;0;1;0;0;0;1;1;-5,22927577;-37,32170194;"SPRF-RN";"DEL04-RN";"UOP01-DEL04-RN"
156335;2018-08-31;"sexta-feira";"11:30:00";"SP";101;48,9;"UBATUBA";"Velocidade Incompatível";"Colisão transversal";"Com Vítimas Feridas";"Pleno dia";"Crescente";"Sol";"Simples";"Reta";"Sim";4;0;1;1;1;1;2;3;-23,44569736;-45,08216143;"SPRF-SP";"DEL06-SP";"UOP01-DEL06-SP"
156338;2018-08-31;"sexta-feira";"11:00:00";"PR";116;143,4;"MANDIRITUBA";"Falta de Atenção à Condução";"Colisão traseira";"Sem Vítimas";"Pleno dia";"Crescente";"Céu Claro";"Simples";"Em Obras;Reta";"Não";3;0;0;0;3;0;0;3;-25,772902;-49,323254;"SPRF-PR";"DEL01-PR";"UOP03-DEL01-PR"
156340;2018-02-22;"quinta-feira";"18:00:00";"MT";364;250,5;"JUSCIMEIRA";"Falta de Atenção à Condução";"Tombamento";"Com Vítimas Feridas";"Anoitecer";"Crescente";"Chuva";"Simples";"Curva";"Sim";1;0;1;0;0;0;1;1;-16,11978658;-54,85410168;"SPRF-MT";"DEL02-MT";"UOP01-DEL02-MT"
156341;2018-08-31;"sexta-feira";"12:40:00";"PE";101;46,5;"IGARASSU";"Ingestão de Álcool";"Colisão lateral";"Com Vítimas Feridas";"Pleno dia";"Decrescente";"Céu Claro";"Múltipla";"Reta";"Sim";4;0;2;0;2;0;2;3;-7,8802;-34,905;"SPRF-PE";"DEL01-PE";"UOP02-DEL01-PE"
156344;2018-07-18;"quarta-feira";"18:40:00";"PA";316;70;"CASTANHAL";"Falta de Atenção à Condução";"Tombamento";"Com Vítimas Feridas";"Plena Noite";"Decrescente";"Céu Claro";"Simples";"Reta";"Não";2;0;2;0;0;0;2;2;-1,30056596;-47,81189383;"SPRF-PA";"DEL01-PA";"UOP01-DEL01-PA"
156346;2018-07-31;"terça-feira";"11:30:00";"SP";116;277,1;"EMBU DAS ARTES";"Falta de Atenção à Condução";"Tombamento";"Com Vítimas Feridas";"Pleno dia";"Crescente";"Nublado";"Dupla";"Reta";"Sim";1;0;0;1;0;0;1;1;-23,63123093;-46,82152033;"SPRF-SP";"DEL04-SP";"UOP01-DEL04-SP"
156347;2018-08-21;"terça-feira";"12:50:00";"ES";101;260;"SERRA";"Velocidade Incompatível";"Colisão frontal";"Com Vítimas Fatais";"Pleno dia";"Decrescente";"Céu Claro";"Dupla";"Curva;Aclive";"Sim";2;1;0;0;1;0;0;2;-20,14638742;-40,28735876;"SPRF-ES";"DEL02-ES";"UOP01-DEL02-ES"
156348;2018-08-31;"sexta-feira";"12:35:00";"PR";116;96;"SAO JOSE DOS PINHAIS";"Defeito Mecânico no Veículo";"Incêndio";"Sem Vítimas";"Pleno dia";"Crescente";"Céu Claro";"Dupla";"Viaduto;Reta";"Sim";1;0;0;0;1;0;0;1;-25,533801;-49,146584;"SPRF-PR";"DEL01-PR";"UOP01-DEL01-PR"
156350;2018-08-31;"sexta-feira";"08:15:00";"PR";277;729;"FOZ DO IGUACU";"Desobediência às normas de trânsito pelo condutor";"Colisão lateral";"Com Vítimas Feridas";"Pleno dia";"Decrescente";"Nublado";"Dupla";"Reta";"Sim";1;0;1;0;0;0;1;1;-25,50728728;-54,58504021;"SPRF-PR";"DEL05-PR";"UOP03-DEL05-PR"
156351;2018-08-31;"sexta-feira";"12:00:00";"SC";470;146,8;"RIO DO SUL";"Falta de Atenção à Condução";"Colisão lateral";"Com Vítimas Feridas";"Pleno dia";"Crescente";"Sol";"Simples";"Reta";"Sim";2;0;1;0;1;0;1;2;-27,240673;-49,685822;"SPRF-SC";"DEL04-SC";"UOP02-DEL04-SC"
156352;2018-08-31;"sexta-feira";"12:45:00";"PE";428;108,7;"SANTA MARIA DA BOA VISTA";"Animais na Pista";"Atropelamento de Animal";"Sem Vítimas";"Pleno dia";"Decrescente";"Céu Claro";"Simples";"Reta";"Não";1;0;0;0;1;0;0;1;-8,873282;-40,018478;"SPRF-PE";"DEL06-PE";"UOP03-DEL06-PE"
156353;2018-08-31;"sexta-feira";"13:45:00";"SC";470;67,9;"INDAIAL";"Falta de Atenção à Condução";"Colisão transversal";"Com Vítimas Feridas";"Pleno dia";"Decrescente";"Sol";"Simples";"Reta";"Não";3;0;1;1;1;0;2;2;-26,878416;-49,240203;"SPRF-SC";"DEL04-SC";"UOP01-DEL04-SC"
156354;2018-08-31;"sexta-feira";"13:30:00";"DF";70;3;"BRASILIA";"Falta de Atenção à Condução";"Colisão lateral";"Com Vítimas Feridas";"Pleno dia";"Crescente";"Céu Claro";"Dupla";"Reta";"Sim";2;0;0;1;1;0;1;2;-15,798048;-48,073235;"SPRF-DF";"DEL01-DF";"UOP02-DEL03-DF"
156356;2018-08-31;"sexta-feira";"10:05:00";"MG";267;73,6;"BICAS";"Falta de Atenção à Condução";"Colisão traseira";"Com Vítimas Feridas";"Pleno dia";"Crescente";"Céu Claro";"Simples";"Curva";"Não";2;0;1;0;1;0;1;2;-21,7522;-43,1917;"SPRF-MG";"DEL05-MG";"UOP01-DEL05-MG"
156357;2018-03-08;"quinta-feira";"11:20:00";"MG";116;733;"LARANJAL";"Falta de Atenção do Pedestre";"Atropelamento de Pedestre";"Com Vítimas Feridas";"Pleno dia";"Crescente";"Céu Claro";"Simples";"Reta";"Sim";2;0;0;1;0;1;1;2;-21,33501713;-42,45732218;"SPRF-MG";"DEL07-MG";"UOP02-DEL07-MG"
156358;2018-03-12;"segunda-feira";"18:29:00";"PR";277;591;"CASCAVEL";"Falta de Atenção à Condução";"Colisão transversal";"Com Vítimas Feridas";"Anoitecer";"Crescente";"Céu Claro";"Simples";"Declive";"Sim";3;0;0;1;2;0;1;3;-24,98558637;-53,47083718;"SPRF-PR";"DEL04-PR";"UOP01-DEL04-PR"
156359;2018-08-31;"sexta-feira";"12:30:00";"MG";262;357;"BETIM";"Velocidade Incompatível";"Saída de leito carroçável";"Sem Vítimas";"Pleno dia";"Crescente";"Sol";"Dupla";"Reta";"Não";4;0;0;0;2;2;0;2;-19,9801;-44,2508;"SPRF-MG";"DEL01-MG";"UOP03-DEL01-MG"
156361;2018-08-31;"sexta-feira";"14:30:00";"TO";153;674;"GURUPI";"Falta de Atenção à Condução";"Saída de leito carroçável";"Com Vítimas Feridas";"Pleno dia";"Crescente";"Céu Claro";"Simples";"Reta";"Não";1;0;1;0;0;0;1;1;-11,76477922;-49,09994531;"SPRF-TO";"DEL02-TO";"UOP02-DEL01-TO"
156362;2018-08-31;"sexta-feira";"10:00:00";"PR";277;725,4;"FOZ DO IGUACU";"Falta de Atenção à Condução";"Colisão transversal";"Com Vítimas Feridas";"Pleno dia";"Decrescente";"Chuva";"Dupla";"Rotatória";"Sim";3;0;2;0;1;0;2;2;-25,51099585;-54,54943657;"SPRF-PR";"DEL05-PR";"UOP03-DEL05-PR"
156364;2018-08-31;"sexta-feira";"14:45:00";"SC";280;67,4;"JARAGUA DO SUL";"Falta de Atenção à Condução";"Colisão transversal";"Com Vítimas Feridas";"Pleno dia";"Crescente";"Sol";"Simples";"Reta";"Sim";2;0;1;0;1;0;1;2;-26,47327173;-49,11029664;"SPRF-SC";"DEL03-SC";"UOP03-DEL03-SC"
156365;2018-08-31;"sexta-feira";"14:35:00";"MG";381;495,7;"BETIM";"Desobediência às normas de trânsito pelo condutor";"Colisão traseira";"Sem Vítimas";"Pleno dia";"Decrescente";"Sol";"Dupla";"Viaduto;Declive;Reta";"Sim";2;0;0;0;2;0;0;2;-19,9754;-44,1937;"SPRF-MG";"DEL01-MG";"UOP03-DEL01-MG"
156366;2018-08-31;"sexta-feira";"13:40:00";"PR";277;99,4;"CURITIBA";"Falta de Atenção à Condução";"Saída de leito carroçável";"Com Vítimas Feridas";"Pleno dia";"Crescente";"Céu Claro";"Dupla";"Reta";"Sim";2;0;1;0;1;0;1;2;-25,43152202;-49,36361825;"SPRF-PR";"DEL01-PR";"UOP06-DEL01-PR"
156367;2018-08-31;"sexta-feira";"14:10:00";"MG";365;642;"UBERLANDIA";"Defeito Mecânico no Veículo";"Saída de leito carroçável";"Com Vítimas Feridas";"Pleno dia";"Crescente";"Sol";"Dupla";"Reta";"Não";1;0;1;0;0;0;1;1;-18,886148;-48,4593;"SPRF-MG";"DEL15-MG";"UOP01-DEL15-MG"
156368;2018-08-31;"sexta-feira";"07:05:00";"PR";376;617,5;"SAO JOSE DOS PINHAIS";"Velocidade Incompatível";"Capotamento";"Sem Vítimas";"Pleno dia";"Crescente";"Céu Claro";"Dupla";"Reta";"Não";1;0;0;0;0;1;0;1;-25,59498411;-49,17327935;"SPRF-PR";"DEL01-PR";"DEL7/1-UOP08/PR"
156369;2018-08-31;"sexta-feira";"14:30:00";"RS";158;77,5;"BOA VISTA DAS MISSOES";"Velocidade Incompatível";"Colisão frontal";"Com Vítimas Fatais";"Pleno dia";"Decrescente";"Chuva";"Simples";"Reta";"Não";8;2;1;4;0;1;5;3;-27,724974;-53,320805;"SPRF-RS";"DEL08-RS";"UOP02-DEL08-RS"
156370;2018-08-12;"domingo";"02:06:00";"BA";242;229,3;"ITABERABA";"Deficiência ou não Acionamento do Sistema de Iluminação/Sinalização do Veículo";"Colisão traseira";"Com Vítimas Feridas";"Plena Noite";"Decrescente";"Céu Claro";"Simples";"Aclive";"Sim";1;0;0;1;0;0;1;1;-12,51267091;-40,31604767;"SPRF-BA";"DEL06-BA";"UOP02-DEL06-BA"
156371;2018-08-31;"sexta-feira";"15:25:00";"MG";262;19,7;"REDUTO";"Ingestão de Álcool";"Colisão frontal";"Com Vítimas Fatais";"Pleno dia";"Crescente";"Céu Claro";"Simples";"Curva";"Não";2;1;1;0;0;0;1;2;-20,249548;-41,905537;"SPRF-MG";"DEL06-MG";"UOP03-DEL06-MG"
156373;2018-08-08;"quarta-feira";"07:00:00";"SP";101;50;"UBATUBA";"Falta de Atenção à Condução";"Colisão transversal";"Com Vítimas Feridas";"Amanhecer";"Crescente";"Sol";"Simples";"Reta";"Sim";2;0;1;0;1;0;1;2;-23,45663252;-45,07175446;"SPRF-SP";"DEL06-SP";"UOP01-DEL06-SP"
156375;2018-08-31;"sexta-feira";"15:40:00";"BA";415;21;"ILHEUS";"Desobediência às normas de trânsito pelo condutor";"Colisão frontal";"Com Vítimas Feridas";"Pleno dia";"Crescente";"Céu Claro";"Simples";"Reta";"Não";3;0;3;0;0;0;3;2;-14,79866;-39,1554;"SPRF-BA";"DEL05-BA";"UOP01-DEL05-BA"
156378;2018-08-31;"sexta-feira";"15:00:00";"ES";101;72,9;"SAO MATEUS";"Falta de Atenção à Condução";"Colisão com objeto estático";"Com Vítimas Feridas";"Pleno dia";"Decrescente";"Céu Claro";"Simples";"Reta";"Não";3;0;2;0;1;0;2;1;-18,76851455;-39,86671329;"SPRF-ES";"DEL04-ES";"UOP02-DEL04-ES"
156381;2018-08-31;"sexta-feira";"15:25:00";"RJ";101;262,1;"RIO BONITO";"Falta de Atenção à Condução";"Tombamento";"Com Vítimas Feridas";"Pleno dia";"Decrescente";"Sol";"Dupla";"Curva";"Sim";2;0;2;0;0;0;2;1;-22,714292;-42,621309;"SPRF-RJ";"DEL02-RJ";"UOP03-DEL02-RJ"
156383;2018-08-31;"sexta-feira";"17:20:00";"DF";40;5,7;"BRASILIA";"Falta de Atenção à Condução";"Colisão traseira";"Com Vítimas Feridas";"Pleno dia";"Crescente";"Céu Claro";"Dupla";"Reta";"Sim";3;0;1;0;0;2;1;3;-16,02437415;-47,97980011;"SPRF-DF";"DEL01-DF";"UOP01-DEL01-DF"
156384;2018-08-31;"sexta-feira";"17:20:00";"SC";280;48;"GUARAMIRIM";"Desobediência às normas de trânsito pelo condutor";"Colisão transversal";"Com Vítimas Feridas";"Pleno dia";"Crescente";"Nublado";"Simples";"Interseção de Vias";"Não";3;0;1;0;1;1;1;3;-26,455114;-48,927788;"SPRF-SC";"DEL03-SC";"UOP03-DEL03-SC"
156386;2018-08-31;"sexta-feira";"17:35:00";"PR";277;635,7;"CEU AZUL";"Desobediência às normas de trânsito pelo condutor";"Colisão transversal";"Com Vítimas Feridas";"Pleno dia";"Crescente";"Céu Claro";"Simples";"Reta";"Sim";2;0;1;0;1;0;1;2;-25,14337617;-53,83458495;"SPRF-PR";"DEL05-PR";"UOP02-DEL05-PR"
156387;2018-08-31;"sexta-feira";"17:30:00";"PB";230;5,9;"CABEDELO";"Desobediência às normas de trânsito pelo condutor";"Colisão traseira";"Com Vítimas Feridas";"Anoitecer";"Crescente";"Céu Claro";"Dupla";"Reta;Em Obras";"Sim";3;0;1;1;1;0;2;2;-7,0204638;-34,8365855;"SPRF-PB";"DEL01-PB";"UOP01-DEL01-PB"
156388;2018-08-31;"sexta-feira";"16:45:00";"RO";364;235,8;"CACOAL";"Falta de Atenção à Condução";"Colisão transversal";"Com Vítimas Feridas";"Pleno dia";"Crescente";"Sol";"Simples";"Interseção de Vias";"Sim";2;0;0;1;1;0;1;2;-11,446101;-61,436123;"SPRF-RO";"DEL02-RO";"UOP02-DEL02-RO"
156393;2018-08-31;"sexta-feira";"18:04:00";"GO";60;5;"SANTO ANTONIO DO DESCOBERTO";"Ingestão de Álcool";"Saída de leito carroçável";"Com Vítimas Feridas";"Anoitecer";"Crescente";"Céu Claro";"Dupla";"Viaduto";"Não";4;0;4;0;0;0;4;1;-16,09280477;-48,28034163;"SPRF-DF";"DEL01-DF";"UOP01-DEL03-DF"
156394;2018-08-31;"sexta-feira";"16:25:00";"RJ";101;313;"SAO GONCALO";"Desobediência às normas de trânsito pelo condutor";"Colisão transversal";"Com Vítimas Feridas";"Pleno dia";"Decrescente";"Céu Claro";"Dupla";"Reta";"Sim";2;0;1;0;1;0;1;2;-22,81004835;-43,06902409;"SPRF-RJ";"DEL02-RJ";"DEL5/2-UOP04/RJ"
156395;2018-08-31;"sexta-feira";"18:05:00";"SP";116;224;"GUARULHOS";"Não guardar distância de segurança";"Colisão lateral";"Com Vítimas Feridas";"Plena Noite";"Crescente";"Céu Claro";"Múltipla";"Reta";"Sim";3;0;2;0;1;0;2;2;-23,48165154;-46,53507998;"SPRF-SP";"DEL01-SP";"UOP01-DEL01-SP"
156396;2018-08-31;"sexta-feira";"16:30:00";"PR";376;2;"SAO JOSE DOS PINHAIS";"Velocidade Incompatível";"Colisão traseira";"Com Vítimas Feridas";"Pleno dia";"Decrescente";"Céu Claro";"Dupla";"Reta";"Sim";4;0;1;0;2;1;1;3;-25,54814301;-49,18919021;"SPRF-PR";"DEL01-PR";"DEL7/1-UOP08/PR"
156398;2018-08-31;"sexta-feira";"17:10:00";"ES";262;19,5;"VIANA";"Não guardar distância de segurança";"Colisão traseira";"Com Vítimas Feridas";"Anoitecer";"Crescente";"Céu Claro";"Simples";"Reta";"Sim";3;0;1;0;2;0;1;3;-20,38832952;-40,49444139;"SPRF-ES";"DEL01-ES";"UOP01-DEL01-ES"
156400;2018-08-31;"sexta-feira";"17:45:00";"SP";116;219;"GUARULHOS";"Não guardar distância de segurança";"Colisão lateral";"Com Vítimas Feridas";"Anoitecer";"Decrescente";"Céu Claro";"Múltipla";"Reta";"Sim";2;0;1;0;1;0;1;2;-23,46056935;-46,48650169;"SPRF-SP";"DEL01-SP";"UOP01-DEL01-SP"
156401;2018-08-31;"sexta-feira";"18:40:00";"PR";277;3,7;"PARANAGUA";"Animais na Pista";"Atropelamento de Animal";"Com Vítimas Feridas";"Plena Noite";"Crescente";"Nublado";"Simples";"Reta";"Sim";1;0;1;0;0;0;1;1;-25,54400966;-48,55959177;"SPRF-PR";"DEL01-PR";"UOP05-DEL01-PR"