"id";"data_inversa";"dia_semana";"horario";"uf";"br";"km";"municipio";"causa_acidente";"tipo_acidente";"classificacao_acidente";"fase_dia";"sentido_via";"condicao_metereologica";"tipo_pista";"tracado_via";"uso_solo";"pessoas";"mortos";"feridos_leves";"feridos_graves";"ilesos";"ignorados";"feridos";"veiculos";"latitude";"longitude";"regional";"delegacia";"uop"
156639;2018-09-01;"sábado";"18:30:00";"DF";20;21,4;"BRASILIA";"Falta de Atenção à Condução";"Tombamento";"Com Vítimas Feridas";"Plena Noite";"Crescente";"Céu Claro";"Dupla";"Reta";"Sim";2;0;1;0;0;1;1;2;-15,60814723;-47,67709136;"SPRF-DF";"DEL02-DF";"UOP01-DEL02-DF"
156641;2018-09-01;"sábado";"18:35:00";"PE";232;507,8;"SALGUEIRO";"Falta de Atenção à Condução";"Colisão transversal";"Sem Vítimas";"Plena Noite";"Decrescente";"Céu Claro";"Simples";"Reta";"Sim";2;0;0;0;0;2;0;2;-8,064491;-39,129845;"SPRF-PE";"DEL05-PE";"UOP01-DEL05-PE"
156642;2018-09-01;"sábado";"18:10:00";"BA";101;163,4;"CONCEICAO DO JACUIPE";"Falta de Atenção à Condução";"Colisão frontal";"Com Vítimas Fatais";"Plena Noite";"Crescente";"Céu Claro";"Simples";"Reta";"Não";3;1;1;0;1;0;1;2;-12,3557764;-38,7959609;"SPRF-BA";"DEL01-BA";"UOP03-DEL01-BA"
156643;2018-09-01;"sábado";"18:25:00";"AL";104;33;"UNIAO DOS PALMARES";"Falta de Atenção à Condução";"Colisão transversal";"Com Vítimas Feridas";"Plena Noite";"Decrescente";"Nublado";"Simples";"Reta";"Não";3;0;0;3;0;0;3;2;-9,1728578;-36,0292817;"SPRF-AL";"DEL01-AL";"UOP02-DEL01-AL"
156644;2018-09-01;"sábado";"16:25:00";"PR";369;207,7;"APUCARANA";"Ingestão de Álcool";"Queda de ocupante de veículo";"Com Vítimas Feridas";"Pleno dia";"Decrescente";"Chuva";"Simples";"Reta";"Sim";1;0;1;0;0;0;1;1;-23,56308238;-51,48928989;"SPRF-PR";"DEL07-PR";"UOP03-DEL07-PR"
156646;2018-09-01;"sábado";"17:15:00";"PR";277;720,3;"FOZ DO IGUACU";"Ingestão de Álcool";"Capotamento";"Com Vítimas Feridas";"Pleno dia";"Decrescente";"Chuva";"Dupla";"Reta";"Sim";2;0;2;0;0;0;2;1;-25,48921725;-54,50685114;"SPRF-PR";"DEL05-PR";"UOP01-DEL05-PR"
156648;2018-09-01;"sábado";"19:15:00";"PR";376;174,4;"MARINGA";"Ingestão de Álcool";"Colisão traseira";"Sem Vítimas";"Plena Noite";"Decrescente";"Nublado";"Dupla";"Interseção de Vias;Reta";"Sim";2;0;0;0;2;0;0;2;-23,41584006;-51,95435015;"SPRF-PR";"DEL07-PR";"UOP01-DEL09-PR"
156649;2018-09-01;"sábado";"18:42:00";"BA";101;882,5;"TEIXEIRA DE FREITAS";"Defeito na Via";"Saída de leito carroçável";"Com Vítimas Fatais";"Plena Noite";"Crescente";"Céu Claro";"Simples";"Declive";"Não";4;1;0;3;0;0;3;1;-17,5784;-39,7371;"SPRF-BA";"DEL09-BA";"UOP02-DEL09-BA"
156650;2018-09-01;"sábado";"17:10:00";"BA";116;782,5;"PLANALTO";"Falta de Atenção à Condução";"Colisão transversal";"Com Vítimas Feridas";"Anoitecer";"Crescente";"Céu Claro";"Simples";"Reta";"Não";3;0;2;0;1;0;2;2;-14,68006;-40,5205;"SPRF-BA";"DEL08-BA";"UOP02-DEL08-BA"
156651;2018-09-01;"sábado";"17:00:00";"BA";116;786;"PLANALTO";"Falta de Atenção à Condução";"Saída de leito carroçável";"Com Vítimas Feridas";"Pleno dia";"Decrescente";"Céu Claro";"Simples";"Reta";"Não";2;0;2;0;0;0;2;1;-14,68574045;-40,55000603;"SPRF-BA";"DEL08-BA";"UOP02-DEL08-BA"
156652;2018-09-01;"sábado";"18:50:00";"AL";316;260,5;"PILAR";"Falta de Atenção do Pedestre";"Atropelamento de Pedestre";"Com Vítimas Feridas";"Plena Noite";"Decrescente";"Céu Claro";"Simples";"Reta";"Não";2;0;0;1;0;1;1;2;-9,588771;-35,887005;"SPRF-AL";"DEL02-AL";"UOP01-DEL02-AL"
156654;2018-09-01;"sábado";"19:35:00";"MA";222;670;"ACAILANDIA";"Restrição de Visibilidade";"Colisão frontal";"Com Vítimas Feridas";"Plena Noite";"Decrescente";"Céu Claro";"Simples";"Reta";"Não";2;0;1;0;0;1;1;2;-4,93611087;-47,45718842;"SPRF-MA";"DEL04-MA";"UOP03-DEL04-MA"
156656;2018-09-01;"sábado";"19:00:00";"PI";316;8;"TERESINA";"Falta de Atenção à Condução";"Colisão traseira";"Com Vítimas Feridas";"Plena Noite";"Decrescente";"Céu Claro";"Simples";"Reta";"Sim";2;0;1;0;1;0;1;2;-5,164865;-42,768986;"SPRF-PI";"DEL01-PI";"UOP02-DEL01-PI"
156658;2018-09-01;"sábado";"19:45:00";"PR";369;189;"ARAPONGAS";"Falta de Atenção à Condução";"Colisão transversal";"Com Vítimas Feridas";"Plena Noite";"Crescente";"Céu Claro";"Dupla";"Reta";"Não";6;0;4;0;2;0;4;2;-23,4480892;-51,42335046;"SPRF-PR";"DEL07-PR";"UOP03-DEL07-PR"
156661;2018-09-01;"sábado";"10:55:00";"MG";40;529,8;"CONTAGEM";"Avarias e/ou desgaste excessivo no pneu";"Queda de ocupante de veículo";"Com Vítimas Feridas";"Pleno dia";"Crescente";"Céu Claro";"Dupla";"Curva";"Sim";1;0;1;0;0;0;1;1;-19,92016946;-44,03850317;"SPRF-MG";"DEL01-MG";"UOP03-DEL01-MG"
156662;2018-09-01;"sábado";"19:50:00";"SC";101;200;"SAO JOSE";"Falta de Atenção à Condução";"Colisão traseira";"Com Vítimas Feridas";"Plena Noite";"Crescente";"Garoa/Chuvisco";"Múltipla";"Aclive";"Sim";2;0;1;0;1;0;1;2;-27,5485;-48,6196;"SPRF-SC";"DEL01-SC";"UOP01-DEL01-SC"
156664;2018-09-01;"sábado";"20:00:00";"DF";60;4,3;"BRASILIA";"Defeito na Via";"Capotamento";"Com Vítimas Feridas";"Plena Noite";"Crescente";"Céu Claro";"Dupla";"Reta";"Sim";7;0;7;0;0;0;7;2;-15,892721;-48,095741;"SPRF-DF";"DEL01-DF";"UOP01-DEL03-DF"
156665;2018-09-01;"sábado";"19:15:00";"PE";101;41,9;"IGARASSU";"Falta de Atenção do Pedestre";"Atropelamento de Pedestre";"Com Vítimas Feridas";"Plena Noite";"Decrescente";"Garoa/Chuvisco";"Múltipla";"Reta";"Sim";2;0;0;1;1;0;1;2;-7,84644;-34,91;"SPRF-PE";"DEL01-PE";"UOP02-DEL01-PE"
156666;2018-09-01;"sábado";"19:50:00";"PI";343;329,8;"TERESINA";"Ultrapassagem Indevida";"Colisão frontal";"Com Vítimas Feridas";"Plena Noite";"Crescente";"Céu Claro";"Simples";"Reta";"Não";2;0;2;0;0;0;2;2;-5,06197105;-42,64832258;"SPRF-PI";"DEL01-PI";"UOP01-DEL01-PI"
156668;2018-09-01;"sábado";"20:00:00";"SC";282;215,2;"LAGES";"Desobediência às normas de trânsito pelo condutor";"Colisão transversal";"Com Vítimas Feridas";"Plena Noite";"Crescente";"Chuva";"Simples";"Rotatória";"Sim";2;0;1;0;1;0;1;2;-27,79444905;-50,2841717;"SPRF-SC";"DEL05-SC";"UOP01-DEL05-SC"
156669;2018-09-01;"sábado";"17:00:00";"PR";153;365;"RIO AZUL";"Velocidade Incompatível";"Saída de leito carroçável";"Com Vítimas Feridas";"Pleno dia";"Crescente";"Chuva";"Simples";"Curva";"Não";4;0;3;1;0;0;4;1;-25,708061;-50,783958;"SPRF-PR";"DEL03-PR";"UOP02-DEL08-PR"
156670;2018-09-01;"sábado";"20:15:00";"PR";116;103;"SAO JOSE DOS PINHAIS";"Falta de Atenção do Pedestre";"Atropelamento de Pedestre";"Com Vítimas Fatais";"Plena Noite";"Decrescente";"Nublado";"Dupla";"Reta";"Não";5;1;0;0;4;0;0;2;-25,559525;-49,151039;"SPRF-PR";"DEL01-PR";"UOP01-DEL01-PR"
156671;2018-09-01;"sábado";"20:00:00";"SP";116;151;"SAO JOSE DOS CAMPOS";"Velocidade Incompatível";"Capotamento";"Com Vítimas Feridas";"Plena Noite";"Decrescente";"Céu Claro";"Dupla";"Reta";"Sim";1;0;0;1;0;0;1;1;-23,22477015;-45,90542793;"SPRF-SP";"DEL02-SP";"UOP01-DEL02-SP"
156673;2018-09-01;"sábado";"19:25:00";"RO";364;703;"PORTO VELHO";"Falta de Atenção à Condução";"Colisão lateral";"Com Vítimas Feridas";"Plena Noite";"Crescente";"Céu Claro";"Dupla";"Retorno Regulamentado";"Não";7;0;1;0;5;1;1;3;-8,80017103;-63,7971434;"SPRF-RO";"DEL01-RO";"UOP01-DEL01-RO"
156674;2018-09-01;"sábado";"18:10:00";"PB";230;314;"SAO MAMEDE";"Falta de Atenção à Condução";"Colisão traseira";"Com Vítimas Feridas";"Plena Noite";"Decrescente";"Céu Claro";"Simples";"Reta";"Não";3;0;1;0;2;0;1;2;-6,93798254;-37,09629178;"SPRF-PB";"DEL03-PB";"UOP01-DEL03-PB"
156675;2018-09-01;"sábado";"21:20:00";"BA";116;424;"FEIRA DE SANTANA";"Ingestão de Álcool";"Tombamento";"Com Vítimas Feridas";"Plena Noite";"Crescente";"Céu Claro";"Simples";"Reta";"Sim";1;0;1;0;0;0;1;1;-12,25038478;-38,9882791;"SPRF-BA";"DEL02-BA";"UOP01-DEL02-BA"
156676;2018-09-01;"sábado";"20:00:00";"MT";364;219,1;"RONDONOPOLIS";"Animais na Pista";"Queda de ocupante de veículo";"Com Vítimas Feridas";"Plena Noite";"Decrescente";"Céu Claro";"Dupla";"Reta";"Não";2;0;2;0;0;0;2;1;-16,354916;-54,733906;"SPRF-MT";"DEL02-MT";"UOP01-DEL02-MT"
156677;2018-09-01;"sábado";"18:00:00";"SC";282;90,5;"ALFREDO WAGNER";"Pista Escorregadia";"Saída de leito carroçável";"Sem Vítimas";"Anoitecer";"Decrescente";"Chuva";"Simples";"Aclive";"Não";1;0;0;0;1;0;0;1;-27,68706228;-49,22567654;"SPRF-SC";"DEL01-SC";"UOP03-DEL01-SC"
156678;2018-09-01;"sábado";"19:50:00";"PR";277;452,6;"LARANJEIRAS DO SUL";"Ingestão de Álcool";"Colisão frontal";"Com Vítimas Fatais";"Plena Noite";"Crescente";"Chuva";"Simples";"Reta";"Sim";5;2;1;1;0;1;2;2;-25,380544;-52,400596;"SPRF-PR";"DEL04-PR";"UOP02-DEL04-PR"
156679;2018-09-01;"sábado";"21:20:00";"PR";277;474,4;"NOVA LARANJEIRAS";"Ingestão de Álcool";"Colisão frontal";"Com Vítimas Feridas";"Plena Noite";"Decrescente";"Chuva";"Simples";"Curva";"Não";6;0;0;6;0;0;6;1;-25,29871678;-52,56185532;"SPRF-PR";"DEL04-PR";"UOP02-DEL04-PR"
156680;2018-09-01;"sábado";"21:10:00";"RN";101;127;"SAO JOSE DE MIPIBU";"Falta de Atenção à Condução";"Atropelamento de Pedestre";"Com Vítimas Feridas";"Plena Noite";"Decrescente";"Céu Claro";"Dupla";"Reta";"Não";2;0;0;1;0;1;1;2;-6,095275;-35,234322;"SPRF-RN";"DEL01-RN";"UOP01-DEL01-RN"
156681;2018-09-01;"sábado";"21:00:00";"SP";116;223;"GUARULHOS";"Falta de Atenção à Condução";"Tombamento";"Sem Vítimas";"Plena Noite";"Decrescente";"Céu Claro";"Múltipla";"Reta";"Sim";2;0;0;0;2;0;0;1;-23,48139323;-46,53393924;"SPRF-SP";"DEL01-SP";"UOP01-DEL01-SP"
156683;2018-09-01;"sábado";"20:00:00";"MG";459;97,5;"POUSO ALEGRE";"Falta de Atenção à Condução";"Colisão transversal";"Sem Vítimas";"Plena Noite";"Crescente";"Ignorado";"Dupla";"Reta";"Não";3;0;0;0;2;1;0;2;-22,199377;-45,969555;"SPRF-MG";"DEL09-MG";"UOP01-DEL09-MG"
156684;2018-09-01;"sábado";"19:25:00";"RJ";101;74;"CAMPOS DOS GOYTACAZES";"Falta de Atenção do Pedestre";"Colisão transversal";"Com Vítimas Feridas";"Plena Noite";"Decrescente";"Céu Claro";"Simples";"Reta";"Sim";2;0;1;0;1;0;1;2;-21,807232;-41,397343;"SPRF-RJ";"DEL08-RJ";"UOP02-DEL08-RJ"
156686;2018-09-01;"sábado";"20:50:00";"RS";290;46,3;"GLORINHA";"Restrição de Visibilidade";"Colisão traseira";"Sem Vítimas";"Plena Noite";"Crescente";"Chuva";"Dupla";"Reta";"Não";3;0;0;0;2;1;0;3;-29,89245739;-50,72356582;"SPRF-RS";"DEL03-RS";"UOP02-DEL03-RS"
156688;2018-09-01;"sábado";"22:05:00";"SC";470;126,8;"LONTRAS";"Falta de Atenção à Condução";"Colisão transversal";"Com Vítimas Feridas";"Plena Noite";"Crescente";"Chuva";"Simples";"Reta";"Sim";3;0;2;0;1;0;2;2;-27,12354235;-49,53668833;"SPRF-SC";"DEL04-SC";"UOP02-DEL04-SC"
156691;2018-09-01;"sábado";"19:00:00";"SC";101;416,1;"ARARANGUA";"Restrição de Visibilidade";"Colisão com objeto estático";"Com Vítimas Feridas";"Plena Noite";"Crescente";"Chuva";"Dupla";"Curva";"Não";2;0;2;0;0;0;2;1;-28,97061316;-49,52734351;"SPRF-SC";"DEL02-SC";"UOP02-DEL02-SC"
156693;2018-09-01;"sábado";"20:40:00";"BA";116;760;"POCOES";"Ingestão de Álcool";"Colisão traseira";"Sem Vítimas";"Pleno dia";"Crescente";"Nublado";"Simples";"Reta";"Não";2;0;0;0;2;0;0;2;-14,54302;-40,39516;"SPRF-BA";"DEL08-BA";"UOP02-DEL08-BA"
156694;2018-09-01;"sábado";"22:30:00";"CE";116;435,7;"BARRO";"Falta de Atenção à Condução";"Colisão frontal";"Sem Vítimas";"Plena Noite";"Crescente";"Céu Claro";"Simples";"Reta";"Sim";2;0;0;0;2;0;0;2;-7,0138521;-38,75789704;"SPRF-CE";"DEL05-CE";"UOP03-DEL05-CE"
156696;2018-09-01;"sábado";"22:05:00";"PI";316;8;"TERESINA";"Falta de Atenção à Condução";"Atropelamento de Pedestre";"Com Vítimas Feridas";"Plena Noite";"Crescente";"Céu Claro";"Simples";"Reta";"Sim";2;0;1;1;0;0;2;2;-5,164865;-42,768986;"SPRF-PI";"DEL01-PI";"UOP02-DEL01-PI"
156699;2018-09-01;"sábado";"23:00:00";"PE";101;42,9;"IGARASSU";"Desobediência às normas de trânsito pelo condutor";"Colisão transversal";"Com Vítimas Feridas";"Plena Noite";"Crescente";"Chuva";"Múltipla";"Reta";"Sim";2;0;0;1;1;0;1;2;-7,84497;-34,91077;"SPRF-PE";"DEL01-PE";"UOP02-DEL01-PE"
156700;2018-09-01;"sábado";"23:00:00";"TO";153;243;"COLINAS DO TOCANTINS";"Ingestão de Álcool";"Tombamento";"Com Vítimas Feridas";"Plena Noite";"Crescente";"Céu Claro";"Dupla";"Reta";"Sim";2;0;1;0;0;1;1;2;-8,03471129;-48,46619725;"SPRF-TO";"DEL02-TO";"UOP01-DEL02-TO"
156703;2018-09-01;"sábado";"18:55:00";"SC";280;80;"SAO BENTO DO SUL";"Ingestão de Álcool";"Colisão lateral";"Sem Vítimas";"Plena Noite";"Decrescente";"Nevoeiro/Neblina";"Simples";"Curva;Declive";"Não";2;0;0;0;2;0;0;2;-26,371477;-49,330688;"SPRF-SC";"DEL06-SC";"UOP03-DEL06-SC"
156704;2018-09-01;"sábado";"23:40:00";"SP";116;282,9;"EMBU DAS ARTES";"Falta de Atenção à Condução";"Capotamento";"Com Vítimas Feridas";"Plena Noite";"Decrescente";"Céu Claro";"Dupla";"Reta";"Sim";5;0;3;0;1;1;3;2;-23,66701402;-46,85492992;"SPRF-SP";"DEL04-SP";"UOP01-DEL04-SP"
156706;2018-09-01;"sábado";"23:50:00";"SC";101;366,9;"SANGAO";"Falta de Atenção à Condução";"Colisão traseira";"Com Vítimas Fatais";"Plena Noite";"Crescente";"Chuva";"Múltipla";"Reta";"Não";2;1;1;0;0;0;1;2;-28,68509113;-49,15144399;"SPRF-SC";"DEL02-SC";"UOP01-DEL02-SC"
156707;2018-09-01;"sábado";"23:00:00";"MG";116;417,9;"GOVERNADOR VALADARES";"Falta de Atenção do Pedestre";"Atropelamento de Pedestre";"Com Vítimas Feridas";"Plena Noite";"Crescente";"Céu Claro";"Simples";"Curva";"Sim";2;0;0;2;0;0;2;2;-18,905542;-41,942726;"SPRF-MG";"DEL06-MG";"UOP01-DEL06-MG"
156708;2018-09-01;"sábado";"23:00:00";"PR";277;412;"CANTAGALO";"Velocidade Incompatível";"Saída de leito carroçável";"Com Vítimas Feridas";"Plena Noite";"Decrescente";"Chuva";"Simples";"Curva";"Não";1;0;1;0;0;0;1;1;-25,42033063;-52,06558228;"SPRF-PR";"DEL04-PR";"UOP02-DEL04-PR"
156709;2018-09-01;"sábado";"23:00:00";"MT";364;380;"SANTO ANTONIO DO LEVERGER";"Agressão Externa";"Capotamento";"Sem Vítimas";"Plena Noite";"Crescente";"Céu Claro";"Simples";"Reta";"Sim";1;0;0;0;1;0;0;1;-15,70291175;-55,76413393;"SPRF-MT";"DEL02-MT";"UOP02-DEL01-MT"
156710;2018-09-01;"sábado";"23:15:00";"PR";476;100;"BOCAIUVA DO SUL";"Desobediência às normas de trânsito pelo condutor";"Colisão com objeto estático";"Sem Vítimas";"Plena Noite";"Decrescente";"Nublado";"Simples";"Declive";"Não";1;0;0;0;0;1;0;1;-25,249336;-49,139526;"SPRF-PR";"DEL01-PR";"UOP01-DEL01-PR"
156711;2018-09-02;"domingo";"00:25:00";"SC";101;197;"BIGUACU";"Ingestão de Álcool";"Capotamento";"Com Vítimas Feridas";"Plena Noite";"Decrescente";"Chuva";"Múltipla";"Reta";"Sim";2;0;2;0;0;0;2;2;-27,5267;-48,6349;"SPRF-SC";"DEL01-SC";"UOP01-DEL01-SC"
156713;2018-09-02;"domingo";"01:00:00";"PR";376;15,2;"MARINGA";"Velocidade Incompatível";"Queda de ocupante de veículo";"Com Vítimas Feridas";"Plena Noite";"Decrescente";"Nublado";"Dupla";"Retorno Regulamentado;Curva";"Sim";1;0;1;0;0;0;1;1;-23,41352837;-51,88062177;"SPRF-PR";"DEL07-PR";"UOP01-DEL09-PR"
156715;2018-09-02;"domingo";"01:11:00";"SP";116;218,7;"GUARULHOS";"Falta de Atenção à Condução";"Colisão com objeto estático";"Sem Vítimas";"Plena Noite";"Crescente";"Nublado";"Múltipla";"Curva";"Sim";1;0;0;0;0;1;0;1;-23,46064809;-46,48796082;"SPRF-SP";"DEL01-SP";"UOP01-DEL01-SP"
156717;2018-09-02;"domingo";"01:30:00";"BA";324;4;"FEIRA DE SANTANA";"Ingestão de Álcool";"Colisão com objeto estático";"Com Vítimas Feridas";"Plena Noite";"Crescente";"Céu Claro";"Dupla";"Curva";"Sim";2;0;1;1;0;0;2;1;-12,28398558;-38,97258282;"SPRF-BA";"DEL02-BA";"UOP01-DEL02-BA"
156718;2018-09-02;"domingo";"00:05:00";"MG";381;159,6;"GOVERNADOR VALADARES";"Velocidade Incompatível";"Saída de leito carroçável";"Sem Vítimas";"Pleno dia";"Crescente";"Céu Claro";"Simples";"Retorno Regulamentado";"Não";1;0;0;0;0;1;0;1;-18,89153;-42,00474;"SPRF-MG";"DEL06-MG";"UOP01-DEL06-MG"
156721;2018-09-02;"domingo";"02:00:00";"GO";153;168;"CAMPINORTE";"Defeito Mecânico no Veículo";"Incêndio";"Sem Vítimas";"Plena Noite";"Decrescente";"Céu Claro";"Simples";"Reta";"Não";1;0;0;0;0;1;0;1;-14,240199;-49,136623;"SPRF-GO";"DEL07-GO";"UOP02-DEL07-GO"
156722;2018-09-02;"domingo";"02:30:00";"GO";40;96;"CRISTALINA";"Ingestão de Álcool";"Saída de leito carroçável";"Com Vítimas Feridas";"Plena Noite";"Crescente";"Céu Claro";"Simples";"Reta";"Não";1;0;1;0;0;0;1;1;-16,75768;-47,601613;"SPRF-DF";"DEL01-DF";"UOP02-DEL01-DF"
156723;2018-09-01;"sábado";"22:10:00";"MG";116;662,5;"SAO FRANCISCO DO GLORIA";"Animais na Pista";"Atropelamento de Animal";"Com Vítimas Feridas";"Plena Noite";"Decrescente";"Céu Claro";"Simples";"Reta";"Não";1;0;1;0;0;0;1;1;-20,79649935;-42,30664641;"SPRF-MG";"DEL07-MG";"UOP03-DEL07-MG"
156724;2018-09-02;"domingo";"01:40:00";"SP";116;116;"TAUBATE";"Falta de Atenção à Condução";"Tombamento";"Com Vítimas Feridas";"Plena Noite";"Crescente";"Céu Claro";"Dupla";"Reta";"Sim";1;0;1;0;0;0;1;1;-23,05575413;-45,61370315;"SPRF-SP";"DEL06-SP";"UOP02-DEL02-SP"
156725;2018-09-01;"sábado";"21:50:00";"MT";70;380;"CAMPO VERDE";"Falta de Atenção à Condução";"Colisão lateral";"Com Vítimas Feridas";"Plena Noite";"Decrescente";"Céu Claro";"Simples";"Reta";"Sim";3;0;2;0;1;0;2;3;-15,514489;-55,118214;"SPRF-MT";"DEL05-MT";"UOP01-DEL05-MT"
156727;2018-09-02;"domingo";"01:50:00";"RN";101;95;"NATAL";"Falta de Atenção à Condução";"Colisão com objeto estático";"Com Vítimas Feridas";"Plena Noite";"Decrescente";"Chuva";"Múltipla";"Reta";"Sim";1;0;1;0;0;0;1;1;-5,837825;-35,211269;"SPRF-RN";"DEL01-RN";"UOP01-DEL01-RN"
156728;2018-09-02;"domingo";"03:40:00";"CE";116;40;"HORIZONTE";"Falta de Atenção à Condução";"Colisão traseira";"Sem Vítimas";"Plena Noite";"Decrescente";"Céu Claro";"Múltipla";"Reta";"Não";2;0;0;0;2;0;0;2;-4,10884435;-38,49392311;"SPRF-CE";"DEL01-CE";"UOP02-DEL01-CE"
156730;2018-09-02;"domingo";"03:30:00";"PR";369;138,4;"IBIPORA";"Falta de Atenção à Condução";"Colisão com objeto estático";"Com Vítimas Feridas";"Plena Noite";"Decrescente";"Céu Claro";"Simples";"Reta";"Sim";1;0;0;1;0;0;1;1;-23,27357852;-51,05330402;"SPRF-PR";"DEL07-PR";"UOP01-DEL07-PR"
156731;2018-09-02;"domingo";"02:00:00";"PI";316;2;"TERESINA";"Falta de Atenção à Condução";"Colisão com objeto estático";"Com Vítimas Feridas";"Plena Noite";"Decrescente";"Céu Claro";"Dupla";"Reta";"Sim";3;0;1;2;0;0;3;1;-5,124775;-42,798485;"SPRF-PI";"DEL01-PI";"UOP02-DEL01-PI"
156733;2018-09-02;"domingo";"03:00:00";"RJ";116;171;"SAO JOAO DE MERITI";"Falta de Atenção à Condução";"Colisão traseira";"Sem Vítimas";"Plena Noite";"Crescente";"Nublado";"Múltipla";"Reta";"Sim";3;0;0;0;3;0;0;2;-22,78201;-43,387623;"SPRF-RJ";"DEL01-RJ";"UOP02-DEL01-RJ"
156734;2018-09-02;"domingo";"03:45:00";"PI";343;598;"FLORIANO";"Ingestão de Álcool";"Queda de ocupante de veículo";"Com Vítimas Feridas";"Plena Noite";"Crescente";"Céu Claro";"Dupla";"Reta";"Sim";1;0;1;0;0;0;1;1;-6,833065;-43,071575;"SPRF-PI";"DEL03-PI";"UOP01-DEL03-PI"
156737;2018-09-02;"domingo";"03:45:00";"PB";101;112,5;"ALHANDRA";"Defeito Mecânico no Veículo";"Incêndio";"Sem Vítimas";"Plena Noite";"Crescente";"Chuva";"Dupla";"Reta";"Não";1;0;0;0;1;0;0;1;-7,3908;-34,9562;"SPRF-PB";"DEL01-PB";"UOP01-DEL01-PB"
156738;2018-09-02;"domingo";"03:40:00";"MT";163;831;"SINOP";"Desobediência às normas de trânsito pelo condutor";"Colisão frontal";"Com Vítimas Feridas";"Plena Noite";"Crescente";"Céu Claro";"Dupla";"Reta";"Sim";3;0;1;2;0;0;3;2;-11,95334939;-55,51391602;"SPRF-MT";"DEL06-MT";"UOP01-DEL06-MT"
156739;2018-09-02;"domingo";"04:45:00";"MG";40;750;"SANTOS DUMONT";"Ingestão de álcool e/ou substâncias psicoativas pelo pedestre";"Capotamento";"Com Vítimas Feridas";"Plena Noite";"Decrescente";"Céu Claro";"Simples";"Curva";"Sim";3;0;3;0;0;0;3;1;-21,49021002;-43,53461266;"SPRF-MG";"DEL05-MG";"UOP01-DEL05-MG"
156740;2018-09-02;"domingo";"00:20:00";"PB";230;116;"INGA";"Falta de Atenção do Pedestre";"Atropelamento de Pedestre";"Com Vítimas Fatais";"Plena Noite";"Crescente";"Chuva";"Dupla";"Reta";"Não";2;1;0;0;1;0;0;2;-7,2372;-35,6043;"SPRF-PB";"DEL01-PB";"UOP03-DEL01-PB"
156741;2018-09-02;"domingo";"03:50:00";"MT";364;202,3;"RONDONOPOLIS";"Ingestão de Álcool";"Colisão frontal";"Com Vítimas Feridas";"Plena Noite";"Decrescente";"Ignorado";"Dupla";"Reta";"Sim";3;0;1;2;0;0;3;2;-16,483458;-54,649712;"SPRF-MT";"DEL02-MT";"UOP01-DEL02-MT"
156743;2018-09-02;"domingo";"04:40:00";"MG";262;508,9;"LUZ";"Velocidade Incompatível";"Colisão traseira";"Com Vítimas Feridas";"Plena Noite";"Decrescente";"Céu Claro";"Simples";"Curva;Declive";"Não";2;0;1;0;1;0;1;2;-19,77284221;-45,52013397;"SPRF-MG";"DEL08-MG";"UOP03-DEL08-MG"
156744;2018-09-02;"domingo";"04:45:00";"PR";272;388,5;"FAROL";"Falta de Atenção à Condução";"Colisão frontal";"Sem Vítimas";"Plena Noite";"Crescente";"Nublado";"Simples";"Reta";"Não";2;0;0;0;2;0;0;2;-24,07930181;-52,59442806;"SPRF-PR";"DEL04-PR";"UOP03-DEL09-PR"
156745;2018-09-02;"domingo";"05:00:00";"RJ";40;114;"DUQUE DE CAXIAS";"Falta de Atenção à Condução";"Capotamento";"Com Vítimas Feridas";"Amanhecer";"Crescente";"Nublado";"Múltipla";"Declive";"Sim";2;0;0;1;1;0;1;1;-22,71869546;-43,28989863;"SPRF-RJ";"DEL01-RJ";"UOP01-DEL01-RJ"
156748;2018-09-02;"domingo";"04:00:00";"SC";101;202;"SAO JOSE";"Falta de Atenção à Condução";"Colisão com objeto estático";"Sem Vítimas";"Plena Noite";"Decrescente";"Chuva";"Múltipla";"Reta";"Sim";1;0;0;0;0;1;0;1;-27,5651;-48,6144;"SPRF-SC";"DEL01-SC";"UOP01-DEL01-SC"
156749;2018-09-02;"domingo";"04:00:00";"ES";101;291,2;"CARIACICA";"Falta de Atenção à Condução";"Queda de ocupante de veículo";"Com Vítimas Feridas";"Pleno dia";"Decrescente";"Céu Claro";"Dupla";"Reta";"Não";2;0;0;1;0;1;1;1;-20,31887234;-40,40222168;"SPRF-ES";"DEL01-ES";"UOP01-DEL01-ES"
156750;2018-09-02;"domingo";"04:30:00";"SC";101;206;"SAO JOSE";"Falta de Atenção à Condução";"Colisão com objeto estático";"Sem Vítimas";"Plena Noite";"Crescente";"Chuva";"Múltipla";"Reta";"Sim";1;0;0;0;0;1;0;1;-27,6001;-48,6225;"SPRF-SC";"DEL01-SC";"UOP01-DEL01-SC"
156752;2018-09-02;"domingo";"05:50:00";"DF";40;2;"BRASILIA";"Ingestão de Álcool";"Atropelamento de Pedestre";"Com Vítimas Feridas";"Pleno dia";"Decrescente";"Céu Claro";"Dupla";"Reta";"Sim";6;0;1;0;3;2;1;4;-15,99288083;-47,98574924;"SPRF-DF";"DEL01-DF";"UOP01-DEL01-DF"