"id";"data_inversa";"dia_semana";"horario";"uf";"br";"km";"municipio";"causa_acidente";"tipo_acidente";"classificacao_acidente";"fase_dia";"sentido_via";"condicao_metereologica";"tipo_pista";"tracado_via";"uso_solo";"pessoas";"mortos";"feridos_leves";"feridos_graves";"ilesos";"ignorados";"feridos";"veiculos";"latitude";"longitude";"regional";"delegacia";"uop"
156865;2018-09-02;"domingo";"07:20:00";"SC";101;232;"PALHOCA";"Condutor Dormindo";"Saída de leito carroçável";"Com Vítimas Feridas";"Pleno dia";"Crescente";"Chuva";"Dupla";"Reta";"Não";1;0;1;0;0;0;1;1;-27,78420432;-48,63561484;"SPRF-SC";"DEL01-SC";"UOP02-DEL01-SC"
156866;2018-09-02;"domingo";"17:30:00";"ES";101;147;"LINHARES";"Ingestão de Álcool";"Atropelamento de Pedestre";"Com Vítimas Feridas";"Pleno dia";"Decrescente";"Sol";"Dupla";"Interseção de Vias";"Sim";2;0;0;1;1;0;1;2;-19,3786717;-40,06626427;"SPRF-ES";"DEL04-ES";"UOP01-DEL04-ES"
156867;2018-08-11;"sábado";"08:20:00";"BA";415;50;"ITABUNA";"Falta de Atenção à Condução";"Atropelamento de Pedestre";"Com Vítimas Feridas";"Pleno dia";"Crescente";"Ignorado";"Simples";"Reta";"Sim";2;0;0;1;1;0;1;2;-14,814651;-39,296741;"SPRF-BA";"DEL05-BA";"UOP01-DEL05-BA"
156868;2018-09-02;"domingo";"16:20:00";"MA";10;317;"ACAILANDIA";"Ingestão de Álcool";"Saída de leito carroçável";"Com Vítimas Feridas";"Pleno dia";"Crescente";"Sol";"Simples";"Reta";"Não";2;0;2;0;0;0;2;1;-4,975136;-47,517284;"SPRF-MA";"DEL04-MA";"UOP03-DEL04-MA"
156869;2018-09-02;"domingo";"14:30:00";"PR";277;208;"TEIXEIRA SOARES";"Pista Escorregadia";"Capotamento";"Com Vítimas Feridas";"Pleno dia";"Decrescente";"Chuva";"Simples";"Curva";"Não";4;0;4;0;0;0;4;1;-25,46466439;-50,34725189;"SPRF-PR";"DEL03-PR";"UOP02-DEL08-PR"
156873;2018-09-02;"domingo";"18:10:00";"PR";116;117;"CURITIBA";"Falta de Atenção à Condução";"Colisão traseira";"Com Vítimas Feridas";"Anoitecer";"Crescente";"Chuva";"Dupla";"Declive";"Não";4;0;0;1;3;0;1;3;-25,544559;-49,30146;"SPRF-PR";"DEL01-PR";"UOP07-DEL01-PR"
156874;2018-09-02;"domingo";"18:20:00";"BA";116;11,8;"VITORIA DA CONQUISTA";"Falta de Atenção à Condução";"Colisão frontal";"Com Vítimas Feridas";"Anoitecer";"Decrescente";"Céu Claro";"Simples";"Reta";"Sim";2;0;1;0;1;0;1;2;-14,87511453;-40,87120056;"SPRF-PE";"DEL05-PE";"UOP03-DEL05-PE"
156876;2018-09-02;"domingo";"17:35:00";"RJ";101;282,5;"ITABORAI";"Ingestão de Álcool";"Colisão transversal";"Com Vítimas Feridas";"Plena Noite";"Decrescente";"Nublado";"Dupla";"Reta";"Não";2;0;1;0;1;0;1;2;-22,7363792;-42,80124307;"SPRF-RJ";"DEL02-RJ";"UOP03-DEL02-RJ"
156877;2018-09-02;"domingo";"17:08:00";"CE";20;21,5;"MARACANAU";"Falta de Atenção à Condução";"Colisão traseira";"Com Vítimas Feridas";"Pleno dia";"Crescente";"Céu Claro";"Simples";"Reta";"Sim";3;0;2;0;1;0;2;2;-3,80476436;-38,63984657;"SPRF-CE";"DEL02-CE";"UOP02-DEL02-CE"
156878;2018-09-02;"domingo";"15:00:00";"BA";101;625;"MASCOTE";"Velocidade Incompatível";"Saída de leito carroçável";"Com Vítimas Feridas";"Pleno dia";"Decrescente";"Céu Claro";"Simples";"Curva";"Não";1;0;0;1;0;0;1;1;-15,682868;-39,435745;"SPRF-BA";"DEL05-BA";"UOP02-DEL05-BA"
156879;2018-09-02;"domingo";"17:47:00";"GO";40;15;"LUZIANIA";"Falta de Atenção à Condução";"Colisão transversal";"Com Vítimas Feridas";"Anoitecer";"Decrescente";"Céu Claro";"Dupla";"Reta";"Não";7;0;1;0;5;1;1;2;-16,1671;-47,930161;"SPRF-DF";"DEL01-DF";"UOP01-DEL01-DF"
156880;2018-09-02;"domingo";"19:00:00";"GO";60;373;"RIO VERDE";"Falta de Atenção à Condução";"Colisão transversal";"Sem Vítimas";"Plena Noite";"Crescente";"Céu Claro";"Dupla";"Reta";"Não";4;0;0;0;4;0;0;2;-17,7116;-50,8524;"SPRF-GO";"DEL04-GO";"UOP01-DEL04-GO"
156881;2018-09-02;"domingo";"18:20:00";"PB";101;79,3;"SANTA RITA";"Velocidade Incompatível";"Colisão com objeto estático";"Sem Vítimas";"Plena Noite";"Decrescente";"Céu Claro";"Dupla";"Reta";"Não";1;0;0;0;0;1;0;1;-7,1164;-34,9511;"SPRF-PB";"DEL01-PB";"UOP01-DEL01-PB"
156882;2018-09-02;"domingo";"18:40:00";"SC";101;214;"PALHOCA";"Falta de Atenção à Condução";"Colisão traseira";"Com Vítimas Feridas";"Plena Noite";"Decrescente";"Chuva";"Múltipla";"Reta";"Sim";3;0;2;0;1;0;2;2;-27,652;-48,676;"SPRF-SC";"DEL01-SC";"UOP02-DEL01-SC"
156883;2018-09-02;"domingo";"19:15:00";"MG";459;17,5;"CALDAS";"Desobediência às normas de trânsito pelo condutor";"Colisão frontal";"Com Vítimas Feridas";"Plena Noite";"Crescente";"Nublado";"Simples";"Reta";"Não";2;0;1;0;1;0;1;2;-21,8671;-46,420956;"SPRF-MG";"DEL09-MG";"UOP01-DEL09-MG"
156884;2018-09-02;"domingo";"18:05:00";"BA";116;618;"JAGUAQUARA";"Velocidade Incompatível";"Saída de leito carroçável";"Com Vítimas Feridas";"Plena Noite";"Crescente";"Céu Claro";"Simples";"Reta";"Não";1;0;1;0;0;0;1;1;-13,394886;-40,022896;"SPRF-BA";"DEL03-BA";"UOP01-DEL03-BA"
156885;2018-09-02;"domingo";"16:25:00";"SC";280;98,1;"CORUPA";"Desobediência às normas de trânsito pelo condutor";"Colisão transversal";"Com Vítimas Feridas";"Pleno dia";"Crescente";"Chuva";"Simples";"Curva";"Não";5;0;1;3;1;0;4;2;-26,383751;-49,322456;"SPRF-SC";"DEL06-SC";"UOP03-DEL06-SC"
156887;2018-09-02;"domingo";"18:30:00";"MG";116;631,7;"DIVINO";"Animais na Pista";"Atropelamento de Animal";"Com Vítimas Feridas";"Plena Noite";"Decrescente";"Céu Claro";"Simples";"Reta";"Não";2;0;2;0;0;0;2;1;-20,58924169;-42,20767021;"SPRF-MG";"DEL07-MG";"UOP03-DEL07-MG"
156888;2018-09-02;"domingo";"19:15:00";"AL";316;244,4;"ATALAIA";"Velocidade Incompatível";"Atropelamento de Pedestre";"Com Vítimas Feridas";"Plena Noite";"Crescente";"Nublado";"Simples";"Reta";"Sim";2;0;1;0;0;1;1;2;-9,5416097;-35,9859851;"SPRF-AL";"DEL01-AL";"UOP01-DEL01-AL"
156889;2018-09-02;"domingo";"18:40:00";"RJ";116;296;"PORTO REAL";"Falta de Atenção do Pedestre";"Atropelamento de Pedestre";"Com Vítimas Fatais";"Plena Noite";"Crescente";"Céu Claro";"Dupla";"Curva";"Sim";3;1;1;1;0;0;2;2;-22,449371;-44,321712;"SPRF-RJ";"DEL07-RJ";"DEL5/7-UOP03/RJ"
156891;2018-09-02;"domingo";"19:20:00";"CE";116;30,5;"AQUIRAZ";"Velocidade Incompatível";"Colisão com objeto estático";"Com Vítimas Feridas";"Plena Noite";"Decrescente";"Céu Claro";"Dupla";"Curva";"Sim";1;0;1;0;0;0;1;1;-4,024;-38,5168;"SPRF-CE";"DEL01-CE";"UOP02-DEL01-CE"
156892;2018-09-02;"domingo";"17:40:00";"RS";290;78;"GRAVATAI";"Falta de Atenção à Condução";"Capotamento";"Com Vítimas Feridas";"Anoitecer";"Crescente";"Chuva";"Múltipla";"Reta";"Sim";2;0;2;0;0;0;2;1;-29,9544841;-51,03555173;"SPRF-RS";"DEL01-RS";"UOP01-DEL01-RS"
156893;2018-09-02;"domingo";"17:55:00";"PE";428;185,8;"PETROLINA";"Ingestão de Álcool";"Queda de ocupante de veículo";"Com Vítimas Feridas";"Plena Noite";"Crescente";"Céu Claro";"Simples";"Interseção de Vias";"Sim";2;0;2;0;0;0;2;1;-9,346545;-40,473541;"SPRF-PE";"DEL06-PE";"UOP01-DEL06-PE"
156896;2018-09-02;"domingo";"18:00:00";"SC";282;24,7;"SANTO AMARO DA IMPERATRIZ";"Falta de Atenção à Condução";"Colisão transversal";"Com Vítimas Feridas";"Anoitecer";"Decrescente";"Chuva";"Simples";"Viaduto";"Sim";3;0;1;2;0;0;3;2;-27,68268;-48,744614;"SPRF-SC";"DEL01-SC";"UOP03-DEL01-SC"
156897;2018-07-16;"segunda-feira";"07:30:00";"SP";381;29;"ATIBAIA";"Falta de Atenção à Condução";"Colisão traseira";"Com Vítimas Feridas";"Pleno dia";"Decrescente";"Céu Claro";"Dupla";"Reta";"Não";2;0;0;1;1;0;1;2;-23,03606428;-46,55056894;"SPRF-SP";"DEL03-SP";"UOP02-DEL03-SP"
156898;2018-09-02;"domingo";"19:10:00";"GO";153;499,7;"GOIANIA";"Ingestão de Álcool";"Colisão com objeto estático";"Sem Vítimas";"Plena Noite";"Crescente";"Céu Claro";"Dupla";"Reta";"Sim";3;0;0;0;3;0;0;1;-16,7033;-49,2311;"SPRF-GO";"DEL01-GO";"UOP01-DEL01-GO"
156899;2018-09-02;"domingo";"19:30:00";"SC";116;189,8;"SAO CRISTOVAO DO SUL";"Defeito Mecânico no Veículo";"Saída de leito carroçável";"Sem Vítimas";"Plena Noite";"Crescente";"Chuva";"Simples";"Reta;Declive";"Não";1;0;0;0;1;0;0;1;-27,304573;-50,420055;"SPRF-SC";"DEL05-SC";"UOP03-DEL05-SC"
156902;2018-09-02;"domingo";"19:30:00";"PR";373;231;"IMBITUVA";"Falta de Atenção à Condução";"Colisão lateral";"Com Vítimas Feridas";"Plena Noite";"Crescente";"Chuva";"Simples";"Reta";"Sim";5;0;1;1;3;0;2;3;-25,18536957;-50,68490982;"SPRF-PR";"DEL03-PR";"UOP01-DEL03-PR"
156903;2018-09-02;"domingo";"14:00:00";"PR";376;214;"CAMPO LARGO";"Falta de Atenção à Condução";"Saída de leito carroçável";"Com Vítimas Feridas";"Pleno dia";"Crescente";"Chuva";"Simples";"Reta";"Não";1;0;1;0;0;0;1;1;-25,445097;-49,50071;"SPRF-PR";"DEL07-PR";"UOP01-DEL09-PR"
156905;2018-09-02;"domingo";"20:30:00";"RJ";101;286;"ITABORAI";"Ingestão de Álcool";"Colisão traseira";"Com Vítimas Feridas";"Plena Noite";"Decrescente";"Céu Claro";"Dupla";"Reta";"Sim";5;0;5;0;0;0;5;2;-22,754093;-42,824917;"SPRF-RJ";"DEL02-RJ";"UOP03-DEL02-RJ"
156906;2018-09-02;"domingo";"16:55:00";"SC";480;129,8;"SAO DOMINGOS";"Ingestão de Álcool";"Colisão traseira";"Sem Vítimas";"Pleno dia";"Crescente";"Chuva";"Dupla";"Reta";"Não";2;0;0;0;2;0;0;2;-26,509361;-52,582638;"SPRF-SC";"DEL07-SC";"UOP01-DEL07-SC"
156908;2018-09-02;"domingo";"20:00:00";"MA";316;266;"SANTA INES";"Falta de Atenção à Condução";"Queda de ocupante de veículo";"Com Vítimas Feridas";"Plena Noite";"Decrescente";"Céu Claro";"Simples";"Reta";"Não";2;0;0;1;0;1;1;1;-3,681815;-45,347157;"SPRF-MA";"DEL02-MA";"UI04-DEL02-MA"
156909;2018-09-02;"domingo";"20:50:00";"PA";308;152,5;"CAPANEMA";"Desobediência às normas de trânsito pelo condutor";"Colisão frontal";"Com Vítimas Feridas";"Plena Noite";"Decrescente";"Céu Claro";"Simples";"Interseção de Vias";"Sim";2;0;0;1;1;0;1;2;-1,21064;-47,182743;"SPRF-PA";"DEL01-PA";"UOP03-DEL01-PA"
156911;2018-09-02;"domingo";"20:15:00";"PR";376;665,8;"GUARATUBA";"Velocidade Incompatível";"Colisão com objeto estático";"Com Vítimas Feridas";"Plena Noite";"Crescente";"Chuva";"Múltipla";"Curva";"Não";2;0;1;0;1;0;1;1;-25,8626219;-48,9516449;"SPRF-PR";"DEL01-PR";"DEL7/1-UOP08/PR"
156912;2018-09-02;"domingo";"19:40:00";"RJ";116;121;"MAGE";"Falta de Atenção à Condução";"Saída de leito carroçável";"Com Vítimas Feridas";"Anoitecer";"Crescente";"Céu Claro";"Dupla";"Reta";"Não";1;0;0;1;0;0;1;1;-22,628839;-43,049252;"SPRF-RJ";"DEL04-RJ";"UOP02-DEL04-RJ"
156913;2018-09-02;"domingo";"19:15:00";"MT";70;749;"CACERES";"Ingestão de Álcool";"Colisão traseira";"Sem Vítimas";"Plena Noite";"Crescente";"Nublado";"Simples";"Reta";"Não";2;0;0;0;2;0;0;2;-16,0607571;-57,7991538;"SPRF-MT";"DEL03-MT";"UOP01-DEL03-MT"
156914;2018-09-02;"domingo";"20:15:00";"PA";316;15,4;"MARITUBA";"Desobediência às normas de trânsito pelo condutor";"Colisão transversal";"Com Vítimas Feridas";"Plena Noite";"Crescente";"Céu Claro";"Dupla";"Reta";"Sim";3;0;2;0;1;0;2;2;-1,36501868;-48,30905199;"SPRF-PA";"DEL01-PA";"DEL19/1-UOP05/PA"
156915;2018-09-02;"domingo";"20:00:00";"GO";40;15,7;"LUZIANIA";"Desobediência às normas de trânsito pelo condutor";"Colisão lateral";"Com Vítimas Feridas";"Plena Noite";"Crescente";"Céu Claro";"Dupla";"Reta";"Não";4;0;1;1;2;0;2;3;-16,17302924;-47,9297635;"SPRF-DF";"DEL01-DF";"UOP01-DEL01-DF"
156917;2018-09-02;"domingo";"20:00:00";"PB";230;401,9;"POMBAL";"Desobediência às normas de trânsito pelo condutor";"Saída de leito carroçável";"Com Vítimas Feridas";"Plena Noite";"Crescente";"Céu Claro";"Simples";"Declive";"Não";1;0;1;0;0;0;1;1;-6,800592;-37,776872;"SPRF-PB";"DEL03-PB";"UOP02-DEL03-PB"
156918;2018-09-02;"domingo";"16:40:00";"RJ";101;596;"MANGARATIBA";"Falta de Atenção à Condução";"Colisão frontal";"Com Vítimas Feridas";"Pleno dia";"Crescente";"Nublado";"Dupla";"Curva";"Não";2;0;0;1;1;0;1;2;-22,937099;-44,010822;"SPRF-RJ";"DEL03-RJ";"UOP04-DEL03-RJ"
156919;2018-09-02;"domingo";"19:40:00";"SC";153;103,3;"CONCORDIA";"Velocidade Incompatível";"Saída de leito carroçável";"Com Vítimas Fatais";"Plena Noite";"Decrescente";"Chuva";"Simples";"Curva";"Não";2;1;0;1;0;0;1;1;-27,266548;-51,960575;"SPRF-SC";"DEL07-SC";"UOP04-DEL07-SC"
156922;2018-09-02;"domingo";"20:40:00";"SC";282;611;"MARAVILHA";"Falta de Atenção à Condução";"Capotamento";"Com Vítimas Feridas";"Plena Noite";"Decrescente";"Chuva";"Simples";"Reta";"Não";2;0;1;0;1;0;1;1;-26,755428;-53,239933;"SPRF-SC";"DEL07-SC";"UOP02-DEL07-SC"
156923;2018-09-02;"domingo";"21:52:00";"GO";60;100,5;"ANAPOLIS";"Ultrapassagem Indevida";"Saída de leito carroçável";"Com Vítimas Feridas";"Plena Noite";"Decrescente";"Céu Claro";"Dupla";"Reta";"Sim";3;0;3;0;0;0;3;1;-16,39844949;-48,96699786;"SPRF-GO";"DEL02-GO";"UOP01-DEL02-GO"
156924;2018-09-02;"domingo";"21:30:00";"SE";101;88,7;"NOSSA SENHORA DO SOCORRO";"Ingestão de Álcool";"Colisão com objeto estático";"Com Vítimas Feridas";"Plena Noite";"Crescente";"Nublado";"Dupla";"Reta";"Não";1;0;1;0;0;0;1;1;-10,8782772;-37,13393927;"SPRF-SE";"DEL01-SE";"UOP01-DEL01-SE"
156925;2018-09-02;"domingo";"20:17:00";"RO";364;713;"PORTO VELHO";"Velocidade Incompatível";"Saída de leito carroçável";"Com Vítimas Feridas";"Plena Noite";"Crescente";"Céu Claro";"Dupla";"Curva";"Sim";1;0;1;0;0;0;1;1;-8,77193876;-63,8811475;"SPRF-RO";"DEL01-RO";"UOP01-DEL01-RO"
156926;2018-09-02;"domingo";"19:50:00";"SC";116;59,4;"PAPANDUVA";"Falta de Atenção à Condução";"Saída de leito carroçável";"Sem Vítimas";"Plena Noite";"Crescente";"Chuva";"Simples";"Reta";"Não";1;0;0;0;1;0;0;1;-26,379332;-50,207748;"SPRF-SC";"DEL06-SC";"UOP02-DEL06-SC"
156927;2018-09-02;"domingo";"20:28:00";"RS";290;692;"URUGUAIANA";"Sinalização da via insuficiente ou inadequada";"Colisão lateral";"Sem Vítimas";"Plena Noite";"Crescente";"Nublado";"Simples";"Reta";"Não";2;0;0;0;2;0;0;2;-29,874731;-56,812939;"SPRF-RS";"DEL13-RS";"UOP01-DEL13-RS"
156928;2018-09-02;"domingo";"19:50:00";"SC";101;262;"GAROPABA";"Falta de Atenção à Condução";"Saída de leito carroçável";"Com Vítimas Fatais";"Plena Noite";"Decrescente";"Chuva";"Dupla";"Reta";"Não";1;1;0;0;0;0;0;1;-28,0489;-48,7154;"SPRF-SC";"DEL02-SC";"UOP03-DEL02-SC"
156931;2018-09-02;"domingo";"21:00:00";"RJ";116;204;"SEROPEDICA";"Falta de Atenção do Pedestre";"Atropelamento de Pedestre";"Com Vítimas Fatais";"Plena Noite";"Decrescente";"Céu Claro";"Dupla";"Reta";"Não";2;1;0;0;1;0;0;2;-22,728951;-43,631889;"SPRF-RJ";"DEL01-RJ";"UOP03-DEL01-RJ"
156932;2018-09-02;"domingo";"21:10:00";"MT";163;807;"SINOP";"Ingestão de álcool e/ou substâncias psicoativas pelo pedestre";"Saída de leito carroçável";"Sem Vítimas";"Plena Noite";"Decrescente";"Céu Claro";"Simples";"Declive";"Não";1;0;0;0;1;0;0;1;-12,09975258;-55,51786423;"SPRF-MT";"DEL06-MT";"UOP01-DEL06-MT"
156933;2018-09-02;"domingo";"21:40:00";"MG";146;549,7;"CABO VERDE";"Velocidade Incompatível";"Colisão traseira";"Com Vítimas Feridas";"Plena Noite";"Decrescente";"Céu Claro";"Simples";"Reta";"Não";3;0;2;0;0;1;2;2;-21,39608016;-46,43923933;"SPRF-MG";"DEL09-MG";"UOP01-DEL09-MG"
156934;2018-09-02;"domingo";"21:40:00";"PB";230;145,1;"CAMPINA GRANDE";"Não guardar distância de segurança";"Colisão traseira";"Com Vítimas Feridas";"Plena Noite";"Decrescente";"Ignorado";"Dupla";"Reta";"Sim";2;0;1;0;1;0;1;2;-7,245808;-35,850479;"SPRF-PB";"DEL02-PB";"UOP01-DEL02-PB"
156937;2018-09-02;"domingo";"21:00:00";"CE";116;404,7;"UMARI";"Animais na Pista";"Saída de leito carroçável";"Com Vítimas Feridas";"Plena Noite";"Decrescente";"Céu Claro";"Simples";"Reta";"Não";4;0;2;0;2;0;2;1;-6,658277;-38,819295;"SPRF-CE";"DEL05-CE";"UOP01-DEL05-CE"
156939;2018-09-02;"domingo";"21:50:00";"SC";282;24,7;"SANTO AMARO DA IMPERATRIZ";"Falta de Atenção à Condução";"Colisão frontal";"Com Vítimas Feridas";"Plena Noite";"Crescente";"Chuva";"Simples";"Reta";"Não";9;0;7;1;1;0;8;3;-27,68268;-48,744614;"SPRF-SC";"DEL01-SC";"UOP03-DEL01-SC"
156941;2018-09-02;"domingo";"22:30:00";"PB";230;407;"POMBAL";"Ingestão de Álcool";"Atropelamento de Pedestre";"Com Vítimas Feridas";"Plena Noite";"Crescente";"Céu Claro";"Simples";"Reta";"Sim";2;0;0;1;0;1;1;2;-6,76932679;-37,79608011;"SPRF-PB";"DEL03-PB";"UOP02-DEL03-PB"
156942;2018-09-02;"domingo";"21:40:00";"PB";230;247,2;"JUAZEIRINHO";"Desobediência às normas de trânsito pelo condutor";"Tombamento";"Com Vítimas Fatais";"Plena Noite";"Decrescente";"Vento";"Simples";"Reta";"Não";3;2;0;0;1;0;0;2;-7,06749786;-36,63943648;"SPRF-PB";"DEL02-PB";"UOP02-DEL02-PB"
156943;2018-07-20;"sexta-feira";"12:00:00";"MT";163;689;"LUCAS DO RIO VERDE";"Desobediência às normas de trânsito pelo condutor";"Colisão traseira";"Com Vítimas Feridas";"Pleno dia";"Crescente";"Céu Claro";"Simples";"Declive";"Sim";2;0;1;0;1;0;1;2;-13,08482887;-55,93002319;"SPRF-MT";"DEL06-MT";"UOP01-DEL06-MT"
156944;2018-09-02;"domingo";"22:45:00";"PR";376;498,5;"PONTA GROSSA";"Ingestão de Álcool";"Saída de leito carroçável";"Sem Vítimas";"Plena Noite";"Crescente";"Garoa/Chuvisco";"Dupla";"Reta";"Sim";1;0;0;0;1;0;0;1;-25,15431383;-50,13945044;"SPRF-PR";"DEL03-PR";"UOP04-DEL03-PR"
156945;2018-09-02;"domingo";"21:15:00";"RJ";116;200,6;"SEROPEDICA";"Defeito Mecânico no Veículo";"Incêndio";"Sem Vítimas";"Plena Noite";"Decrescente";"Céu Claro";"Dupla";"Reta";"Não";1;0;0;0;1;0;0;1;-22,72582069;-43,65422577;"SPRF-RJ";"DEL01-RJ";"UOP03-DEL01-RJ"
156946;2018-09-02;"domingo";"23:30:00";"MG";365;624;"UBERLANDIA";"Mal Súbito";"Colisão com objeto estático";"Com Vítimas Feridas";"Plena Noite";"Crescente";"Céu Claro";"Dupla";"Reta";"Não";1;0;1;0;0;0;1;1;-18,9325312;-48,234496;"SPRF-MG";"DEL15-MG";"UOP01-DEL15-MG"
156947;2018-09-02;"domingo";"23:50:00";"RJ";393;238;"VASSOURAS";"Falta de Atenção à Condução";"Colisão lateral";"Com Vítimas Feridas";"Plena Noite";"Decrescente";"Céu Claro";"Simples";"Reta";"Não";2;0;1;0;1;0;1;2;-22,400957;-43,664425;"SPRF-RJ";"DEL05-RJ";"UOP03-DEL05-RJ"
156948;2018-09-02;"domingo";"21:30:00";"RO";364;725;"PORTO VELHO";"Falta de Atenção do Pedestre";"Atropelamento de Pedestre";"Com Vítimas Fatais";"Plena Noite";"Decrescente";"Nublado";"Simples";"Curva";"Não";2;1;0;0;0;1;0;2;-8,8515189;-63,9402312;"SPRF-RO";"DEL01-RO";"UOP01-DEL01-RO"
156949;2018-09-03;"segunda-feira";"00:30:00";"TO";153;414,4;"MIRANORTE";"Ingestão de Álcool";"Colisão com objeto estático";"Com Vítimas Feridas";"Plena Noite";"Crescente";"Céu Claro";"Dupla";"Curva;Aclive";"Sim";1;0;0;1;0;0;1;1;-9,53572784;-48,59403133;"SPRF-TO";"DEL02-TO";"UOP01-DEL01-TO"
156950;2018-09-03;"segunda-feira";"00:30:00";"SP";116;145,7;"SAO JOSE DOS CAMPOS";"Falta de Atenção à Condução";"Colisão traseira";"Com Vítimas Feridas";"Plena Noite";"Crescente";"Nublado";"Dupla";"Reta";"Sim";3;0;2;0;1;0;2;2;-23,187023;-45,854885;"SPRF-SP";"DEL02-SP";"UOP01-DEL02-SP"
156951;2018-09-02;"domingo";"21:30:00";"PR";116;205;"RIO NEGRO";"Velocidade Incompatível";"Saída de leito carroçável";"Com Vítimas Feridas";"Plena Noite";"Crescente";"Chuva";"Simples";"Curva";"Não";5;0;1;0;4;0;1;1;-26,101749;-49,780796;"SPRF-SC";"DEL06-SC";"UOP01-DEL06-SC"
156953;2018-09-02;"domingo";"23:30:00";"RJ";116;179;"NOVA IGUACU";"Falta de Atenção à Condução";"Colisão com objeto estático";"Com Vítimas Feridas";"Plena Noite";"Crescente";"Céu Claro";"Múltipla";"Reta";"Sim";2;0;1;1;0;0;2;1;-22,74242499;-43,45227957;"SPRF-RJ";"DEL01-RJ";"UOP02-DEL01-RJ"
156955;2018-09-03;"segunda-feira";"00:40:00";"RJ";116;174;"BELFORD ROXO";"Animais na Pista";"Atropelamento de Animal";"Com Vítimas Feridas";"Plena Noite";"Crescente";"Céu Claro";"Múltipla";"Aclive";"Sim";4;0;1;0;3;0;1;2;-22,76611083;-43,41354311;"SPRF-RJ";"DEL01-RJ";"UOP02-DEL01-RJ"
156958;2018-09-03;"segunda-feira";"00:50:00";"RJ";101;309;"SAO GONCALO";"Ingestão de Álcool";"Colisão traseira";"Sem Vítimas";"Plena Noite";"Decrescente";"Nublado";"Dupla";"Reta";"Sim";2;0;0;0;2;0;0;2;-22,794992;-43,034481;"SPRF-RJ";"DEL02-RJ";"DEL5/2-UOP04/RJ"
156959;2018-09-03;"segunda-feira";"02:00:00";"GO";60;98;"ANAPOLIS";"Agressão Externa";"Incêndio";"Sem Vítimas";"Plena Noite";"Crescente";"Céu Claro";"Simples";"Reta";"Sim";1;0;0;0;0;1;0;1;-16,3846;-48,9541;"SPRF-GO";"DEL02-GO";"UOP01-DEL02-GO"
156962;2018-09-03;"segunda-feira";"01:00:00";"RJ";116;175;"NOVA IGUACU";"Falta de Atenção à Condução";"Colisão com objeto estático";"Sem Vítimas";"Plena Noite";"Decrescente";"Céu Claro";"Múltipla";"Reta";"Sim";2;0;0;0;2;0;0;1;-22,76407286;-43,41770053;"SPRF-RJ";"DEL01-RJ";"UOP02-DEL01-RJ"
156963;2018-09-03;"segunda-feira";"03:15:00";"DF";80;15,2;"BRASILIA";"Falta de Atenção à Condução";"Colisão transversal";"Com Vítimas Feridas";"Plena Noite";"Crescente";"Céu Claro";"Simples";"Reta";"Não";8;0;8;0;0;0;8;2;-15,70798294;-48,20006579;"SPRF-DF";"DEL01-DF";"UOP02-DEL03-DF"
156964;2018-09-02;"domingo";"22:30:00";"GO";70;1,8;"AGUAS LINDAS DE GOIAS";"Ingestão de Álcool";"Colisão traseira";"Com Vítimas Feridas";"Plena Noite";"Decrescente";"Céu Claro";"Múltipla";"Declive";"Sim";2;0;0;1;1;0;1;2;-15,76814073;-48,22999924;"SPRF-DF";"DEL01-DF";"UOP02-DEL03-DF"
156966;2018-09-03;"segunda-feira";"02:25:00";"BA";242;228;"ITABERABA";"Ingestão de Álcool";"Queda de ocupante de veículo";"Com Vítimas Feridas";"Plena Noite";"Decrescente";"Garoa/Chuvisco";"Simples";"Reta";"Não";1;0;1;0;0;0;1;1;-12,51043993;-40,31151474;"SPRF-BA";"DEL06-BA";"UOP02-DEL06-BA"
156967;2018-09-03;"segunda-feira";"04:30:00";"PR";376;546;"PALMEIRA";"Ingestão de Álcool";"Capotamento";"Sem Vítimas";"Plena Noite";"Crescente";"Nublado";"Dupla";"Reta";"Não";1;0;0;0;1;0;0;1;-25,39769243;-49,79172617;"SPRF-PR";"DEL01-PR";"UOP06-DEL01-PR"
156968;2018-09-03;"segunda-feira";"05:00:00";"GO";153;505;"APARECIDA DE GOIANIA";"Falta de Atenção à Condução";"Queda de ocupante de veículo";"Com Vítimas Feridas";"Amanhecer";"Crescente";"Céu Claro";"Dupla";"Reta";"Sim";1;0;1;0;0;0;1;1;-16,75757773;-49,24100161;"SPRF-GO";"DEL01-GO";"UOP01-DEL01-GO"
156969;2018-09-03;"segunda-feira";"06:00:00";"DF";40;3;"BRASILIA";"Ingestão de Álcool";"Saída de leito carroçável";"Com Vítimas Feridas";"Amanhecer";"Crescente";"Céu Claro";"Dupla";"Reta";"Sim";1;0;0;1;0;0;1;1;-16,003145;-47,983944;"SPRF-DF";"DEL01-DF";"UOP01-DEL01-DF"
156971;2018-09-02;"domingo";"18:30:00";"RS";471;666,5;"SANTA VITORIA DO PALMAR";"Defeito Mecânico no Veículo";"Colisão frontal";"Com Vítimas Feridas";"Plena Noite";"Decrescente";"Chuva";"Simples";"Reta";"Não";4;0;3;1;0;0;4;2;-33,580353;-53,379459;"SPRF-RS";"DEL07-RS";"UOP04-DEL07-RS"