"id";"data_inversa";"dia_semana";"horario";"uf";"br";"km";"municipio";"causa_acidente";"tipo_acidente";"classificacao_acidente";"fase_dia";"sentido_via";"condicao_metereologica";"tipo_pista";"tracado_via";"uso_solo";"pessoas";"mortos";"feridos_leves";"feridos_graves";"ilesos";"ignorados";"feridos";"veiculos";"latitude";"longitude";"regional";"delegacia";"uop"
157086;2018-08-30;"quinta-feira";"19:10:00";"BA";415;49;"ITABUNA";"Falta de Atenção à Condução";"Colisão lateral";"Sem Vítimas";"Plena Noite";"Crescente";"Céu Claro";"Simples";"Reta";"Sim";2;0;0;0;2;0;0;2;-14,814651;-39,296741;"SPRF-BA";"DEL05-BA";"UOP01-DEL05-BA"
157087;2018-09-03;"segunda-feira";"16:20:00";"ES";101;392,4;"RIO NOVO DO SUL";"Falta de Atenção à Condução";"Colisão transversal";"Com Vítimas Feridas";"Pleno dia";"Decrescente";"Sol";"Simples";"Interseção de Vias";"Não";3;0;0;2;1;0;2;2;-20,86628575;-40,90779662;"SPRF-ES";"DEL03-ES";"UOP02-DEL03-ES"
157089;2018-09-03;"segunda-feira";"16:40:00";"ES";101;268,2;"SERRA";"Falta de Atenção à Condução";"Colisão lateral";"Com Vítimas Feridas";"Pleno dia";"Decrescente";"Céu Claro";"Múltipla";"Reta";"Sim";2;0;1;0;1;0;1;2;-20,20832542;-40,2692458;"SPRF-ES";"DEL02-ES";"UOP01-DEL02-ES"
157090;2018-09-03;"segunda-feira";"07:05:00";"BA";116;389,8;"SANTA BARBARA";"Falta de Atenção à Condução";"Colisão transversal";"Com Vítimas Feridas";"Pleno dia";"Crescente";"Céu Claro";"Simples";"Reta";"Sim";2;0;1;0;0;1;1;2;-11,94348279;-38,97845685;"SPRF-BA";"DEL02-BA";"DEL10/2-UOP02/BA"
157092;2018-09-03;"segunda-feira";"14:50:00";"PR";369;428,8;"JURANDA";"Desobediência às normas de trânsito pelo condutor";"Colisão transversal";"Com Vítimas Feridas";"Pleno dia";"Crescente";"Garoa/Chuvisco";"Simples";"Reta";"Não";3;0;0;2;1;0;2;2;-24,45036287;-52,8468132;"SPRF-PR";"DEL04-PR";"UOP03-DEL04-PR"
157093;2018-09-03;"segunda-feira";"17:00:00";"RS";285;455,9;"IJUI";"Desobediência às normas de trânsito pelo condutor";"Colisão transversal";"Com Vítimas Feridas";"Pleno dia";"Crescente";"Garoa/Chuvisco";"Simples";"Reta";"Sim";4;0;1;0;3;0;1;3;-28,38777598;-53,89145851;"SPRF-RS";"DEL10-RS";"UOP01-DEL10-RS"
157094;2018-09-03;"segunda-feira";"16:00:00";"GO";153;132,4;"ESTRELA DO NORTE";"Objeto estático sobre o leito carroçável";"Saída de leito carroçável";"Com Vítimas Fatais";"Pleno dia";"Decrescente";"Céu Claro";"Simples";"Reta";"Não";2;1;0;1;0;0;1;1;-13,92662;-49,070942;"SPRF-GO";"DEL07-GO";"UOP01-DEL07-GO"
157095;2018-08-03;"sexta-feira";"06:20:00";"MS";463;2;"DOURADOS";"Mal Súbito";"Queda de ocupante de veículo";"Com Vítimas Feridas";"Amanhecer";"Decrescente";"Ignorado";"Simples";"Reta";"Sim";1;0;1;0;0;0;1;1;-22,259187;-54,8287634;"SPRF-MS";"DEL04-MS";"UOP01-DEL04-MS"
157096;2018-09-03;"segunda-feira";"15:40:00";"PR";116;46,6;"CAMPINA GRANDE DO SUL";"Falta de Atenção à Condução";"Saída de leito carroçável";"Com Vítimas Feridas";"Pleno dia";"Decrescente";"Céu Claro";"Dupla";"Curva";"Não";5;0;3;2;0;0;5;1;-25,211392;-48,897278;"SPRF-PR";"DEL01-PR";"UOP02-DEL01-PR"
157099;2018-09-03;"segunda-feira";"17:05:00";"SC";101;99,7;"BALNEARIO PICARRAS";"Avarias e/ou desgaste excessivo no pneu";"Saída de leito carroçável";"Com Vítimas Feridas";"Pleno dia";"Crescente";"Chuva";"Dupla";"Reta";"Não";1;0;1;0;0;0;1;1;-26,75624958;-48,68924439;"SPRF-SC";"DEL03-SC";"UOP02-DEL03-SC"
157100;2018-09-03;"segunda-feira";"17:00:00";"MG";381;769;"CAMPANHA";"Pista Escorregadia";"Saída de leito carroçável";"Com Vítimas Feridas";"Anoitecer";"Crescente";"Chuva";"Dupla";"Reta";"Não";2;0;2;0;0;0;2;1;-21,7619;-45,411;"SPRF-MG";"DEL16-MG";"UOP02-DEL16-MG"
157101;2018-09-03;"segunda-feira";"16:12:00";"RO";319;58;"PORTO VELHO";"Falta de Atenção à Condução";"Colisão traseira";"Com Vítimas Feridas";"Pleno dia";"Crescente";"Céu Claro";"Dupla";"Reta";"Sim";3;0;1;0;2;0;1;2;-8,74078678;-63,89478654;"SPRF-RO";"DEL01-RO";"UOP01-DEL01-RO"
157102;2018-09-03;"segunda-feira";"17:40:00";"PI";316;7;"TERESINA";"Falta de Atenção à Condução";"Colisão traseira";"Com Vítimas Feridas";"Anoitecer";"Decrescente";"Céu Claro";"Simples";"Reta";"Sim";2;0;1;0;1;0;1;2;-5,155847;-42,771732;"SPRF-PI";"DEL01-PI";"UOP02-DEL01-PI"
157103;2018-09-03;"segunda-feira";"17:00:00";"PR";272;564;"GUAIRA";"Defeito Mecânico no Veículo";"Incêndio";"Sem Vítimas";"Pleno dia";"Crescente";"Nublado";"Simples";"Aclive";"Sim";2;0;0;0;2;0;0;1;-24,10577967;-54,26227641;"SPRF-PR";"DEL06-PR";"UAP01-DEL06-PR"
157104;2018-09-03;"segunda-feira";"16:50:00";"MG";50;69;"UBERLANDIA";"Falta de Atenção à Condução";"Colisão traseira";"Com Vítimas Feridas";"Pleno dia";"Decrescente";"Céu Claro";"Dupla";"Reta";"Sim";3;0;1;0;1;1;1;2;-18,88714248;-48,26163054;"SPRF-MG";"DEL15-MG";"UOP01-DEL15-MG"
157105;2018-09-03;"segunda-feira";"16:30:00";"RR";174;501;"BOA VISTA";"Falta de Atenção à Condução";"Colisão transversal";"Com Vítimas Feridas";"Pleno dia";"Crescente";"Céu Claro";"Dupla";"Reta";"Sim";5;0;2;0;2;1;2;3;2,79287536;-60,69871187;"SPRF-RR";"DEL01-RR";"UOP01-DEL01-RR"
157106;2018-09-03;"segunda-feira";"12:30:00";"MS";262;731,6;"CORUMBA";"Falta de Atenção à Condução";"Colisão com objeto estático";"Sem Vítimas";"Pleno dia";"Decrescente";"Céu Claro";"Simples";"Curva";"Não";1;0;0;0;1;0;0;1;-19,34932881;-57,57129483;"SPRF-MS";"DEL03-MS";"UOP03-DEL03-MS"
157108;2018-09-03;"segunda-feira";"14:00:00";"PE";232;353;"FLORES";"Falta de Atenção à Condução";"Colisão lateral";"Sem Vítimas";"Pleno dia";"Decrescente";"Céu Claro";"Simples";"Curva";"Não";4;0;0;0;4;0;0;2;-8,06167288;-37,81003833;"SPRF-PE";"DEL03-PE";"UOP02-DEL03-PE"
157109;2018-09-03;"segunda-feira";"17:30:00";"ES";101;298,7;"VIANA";"Falta de Atenção à Condução";"Colisão lateral";"Com Vítimas Feridas";"Anoitecer";"Decrescente";"Céu Claro";"Múltipla";"Reta";"Sim";2;0;0;2;0;0;2;2;-20,35714052;-40,41888624;"SPRF-ES";"DEL01-ES";"UOP01-DEL01-ES"
157110;2018-09-03;"segunda-feira";"17:15:00";"SC";101;136;"BALNEARIO CAMBORIU";"Defeito Mecânico no Veículo";"Colisão lateral";"Com Vítimas Feridas";"Anoitecer";"Decrescente";"Chuva";"Dupla";"Reta";"Sim";3;0;1;0;2;0;1;2;-27,0158;-48,6117;"SPRF-SC";"DEL04-SC";"UOP03-DEL04-SC"
157111;2018-09-03;"segunda-feira";"18:05:00";"ES";262;6,8;"CARIACICA";"Falta de Atenção à Condução";"Queda de ocupante de veículo";"Com Vítimas Feridas";"Anoitecer";"Decrescente";"Céu Claro";"Múltipla";"Reta;Declive";"Sim";2;0;1;1;0;0;2;2;-20,3424943;-40,40033156;"SPRF-ES";"DEL01-ES";"UOP01-DEL01-ES"
157112;2018-09-03;"segunda-feira";"18:30:00";"SP";116;223;"GUARULHOS";"Não guardar distância de segurança";"Colisão traseira";"Com Vítimas Feridas";"Plena Noite";"Decrescente";"Chuva";"Múltipla";"Reta";"Sim";3;0;2;0;1;0;2;2;-23,48144867;-46,534127;"SPRF-SP";"DEL01-SP";"UOP01-DEL01-SP"
157113;2018-09-03;"segunda-feira";"18:00:00";"BA";101;196;"CONCEICAO DA FEIRA";"Defeito Mecânico no Veículo";"Tombamento";"Sem Vítimas";"Anoitecer";"Crescente";"Céu Claro";"Simples";"Reta";"Não";1;0;0;0;1;0;0;1;-12,5488514;-38,9796985;"SPRF-BA";"DEL01-BA";"UOP03-DEL01-BA"
157114;2018-09-03;"segunda-feira";"18:20:00";"PB";230;24;"JOAO PESSOA";"Não guardar distância de segurança";"Colisão traseira";"Sem Vítimas";"Plena Noite";"Decrescente";"Céu Claro";"Dupla";"Reta";"Sim";2;0;0;0;2;0;0;2;-7,1637;-34,8618;"SPRF-PB";"DEL01-PB";"UOP01-DEL01-PB"
157115;2018-06-07;"quinta-feira";"20:20:00";"RS";116;268;"CANOAS";"Não guardar distância de segurança";"Colisão traseira";"Com Vítimas Feridas";"Plena Noite";"Decrescente";"Céu Claro";"Dupla";"Reta";"Não";2;0;1;0;1;0;1;2;-29,94674474;-51,17668211;"SPRF-RS";"DEL01-RS";"UOP01-DEL01-RS"
157116;2018-09-03;"segunda-feira";"13:55:00";"SP";116;547;"BARRA DO TURVO";"Pista Escorregadia";"Colisão com objeto estático";"Sem Vítimas";"Pleno dia";"Decrescente";"Nublado";"Simples";"Curva;Declive";"Não";4;0;0;0;4;0;0;1;-24,96878569;-48,445158;"SPRF-SP";"DEL05-SP";"UOP02-DEL05-SP"
157123;2018-09-03;"segunda-feira";"19:35:00";"ES";101;266;"SERRA";"Falta de Atenção à Condução";"Colisão transversal";"Com Vítimas Feridas";"Plena Noite";"Crescente";"Céu Claro";"Dupla";"Reta";"Sim";2;0;0;2;0;0;2;2;-20,19411196;-40,26874647;"SPRF-ES";"DEL02-ES";"UOP01-DEL02-ES"
157124;2018-09-03;"segunda-feira";"19:30:00";"PE";104;59,8;"CARUARU";"Ingestão de Álcool";"Colisão transversal";"Com Vítimas Feridas";"Plena Noite";"Decrescente";"Nublado";"Dupla";"Retorno Regulamentado";"Não";2;0;1;0;1;0;1;2;-8,24576646;-35,97509086;"SPRF-PE";"DEL02-PE";"UOP01-DEL02-PE"
157125;2018-09-03;"segunda-feira";"19:30:00";"GO";40;5,5;"VALPARAISO DE GOIAS";"Falta de Atenção à Condução";"Colisão traseira";"Com Vítimas Feridas";"Anoitecer";"Crescente";"Céu Claro";"Dupla";"Reta";"Sim";2;0;1;0;1;0;1;2;-16,093134;-47,982236;"SPRF-DF";"DEL01-DF";"UOP01-DEL01-DF"
157126;2018-09-03;"segunda-feira";"18:05:00";"MG";116;528,2;"CARATINGA";"Falta de Atenção à Condução";"Colisão transversal";"Com Vítimas Feridas";"Plena Noite";"Decrescente";"Céu Claro";"Dupla";"Reta";"Sim";2;0;1;0;1;0;1;2;-19,7704805;-42,1671374;"SPRF-MG";"DEL06-MG";"UOP02-DEL06-MG"
157128;2018-09-03;"segunda-feira";"18:50:00";"SC";280;128,2;"RIO NEGRINHO";"Falta de Atenção do Pedestre";"Atropelamento de Pedestre";"Com Vítimas Feridas";"Plena Noite";"Decrescente";"Garoa/Chuvisco";"Simples";"Reta";"Sim";2;0;1;0;1;0;1;2;-26,243179;-49,513199;"SPRF-SC";"DEL06-SC";"UOP03-DEL06-SC"
157129;2018-09-03;"segunda-feira";"20:00:00";"SP";116;217;"GUARULHOS";"Avarias e/ou desgaste excessivo no pneu";"Queda de ocupante de veículo";"Com Vítimas Feridas";"Plena Noite";"Decrescente";"Nublado";"Simples";"Reta";"Sim";1;0;1;0;0;0;1;1;-23,45505776;-46,47302628;"SPRF-SP";"DEL01-SP";"UOP01-DEL01-SP"
157132;2018-09-03;"segunda-feira";"20:00:00";"SE";235;53;"ITABAIANA";"Falta de Atenção à Condução";"Colisão frontal";"Com Vítimas Feridas";"Plena Noite";"Decrescente";"Ignorado";"Simples";"Reta";"Sim";2;0;2;0;0;0;2;2;-10,684707;-37,440544;"SPRF-SE";"DEL01-SE";"UOP02-DEL01-SE"
157133;2018-09-03;"segunda-feira";"20:10:00";"RJ";101;66;"CAMPOS DOS GOYTACAZES";"Desobediência às normas de trânsito pelo condutor";"Colisão transversal";"Com Vítimas Feridas";"Plena Noite";"Decrescente";"Céu Claro";"Simples";"Reta";"Sim";1;0;1;0;0;0;1;1;-21,762051;-41,347493;"SPRF-RJ";"DEL08-RJ";"UOP02-DEL08-RJ"
157134;2018-09-03;"segunda-feira";"20:20:00";"RN";110;47;"MOSSORO";"Falta de Atenção à Condução";"Colisão frontal";"Com Vítimas Feridas";"Plena Noite";"Crescente";"Céu Claro";"Simples";"Reta";"Sim";3;0;1;0;2;0;1;2;-5,203;-37,326;"SPRF-RN";"DEL04-RN";"UOP01-DEL04-RN"
157135;2018-09-03;"segunda-feira";"20:20:00";"PR";277;673,4;"MEDIANEIRA";"Falta de Atenção à Condução";"Saída de leito carroçável";"Sem Vítimas";"Plena Noite";"Crescente";"Nublado";"Dupla";"Viaduto";"Sim";1;0;0;0;1;0;0;1;-25,29487389;-54,11533646;"SPRF-PR";"DEL05-PR";"UOP01-DEL05-PR"
157143;2018-09-03;"segunda-feira";"16:25:00";"CE";116;159;"RUSSAS";"Falta de Atenção à Condução";"Colisão transversal";"Com Vítimas Feridas";"Pleno dia";"Decrescente";"Céu Claro";"Simples";"Reta";"Não";2;0;2;0;0;0;2;2;-4,921826;-37,994289;"SPRF-CE";"DEL03-CE";"UOP01-DEL03-CE"
157144;2018-09-03;"segunda-feira";"19:30:00";"PR";277;122;"CAMPO LARGO";"Desobediência às normas de trânsito pelo condutor";"Colisão traseira";"Com Vítimas Feridas";"Plena Noite";"Decrescente";"Chuva";"Simples";"Curva;Declive";"Não";2;0;1;0;1;0;1;2;-25,44469685;-49,56496413;"SPRF-PR";"DEL01-PR";"UOP06-DEL01-PR"
157145;2018-09-03;"segunda-feira";"20:20:00";"MG";381;929,2;"ITAPEVA";"Desobediência às normas de trânsito pelo pedestre";"Atropelamento de Pedestre";"Com Vítimas Feridas";"Plena Noite";"Crescente";"Céu Claro";"Dupla";"Curva";"Não";3;0;1;0;2;0;1;2;-22,7766;-46,2388;"SPRF-MG";"DEL16-MG";"UOP03-DEL16-MG"
157147;2018-09-03;"segunda-feira";"21:30:00";"SC";101;105,5;"PENHA";"Mal Súbito";"Colisão com objeto estático";"Com Vítimas Feridas";"Plena Noite";"Crescente";"Chuva";"Dupla";"Curva";"Não";1;0;1;0;0;0;1;1;-26,80722821;-48,68101889;"SPRF-SC";"DEL03-SC";"UOP02-DEL03-SC"
157148;2018-09-03;"segunda-feira";"19:00:00";"RO";364;56;"VILHENA";"Ultrapassagem Indevida";"Colisão frontal";"Com Vítimas Fatais";"Plena Noite";"Crescente";"Céu Claro";"Simples";"Reta";"Não";3;1;0;0;2;0;0;2;-12,522644;-60,399761;"SPRF-RO";"DEL04-RO";"DEL21/4-UOP03/RO"
157149;2018-09-03;"segunda-feira";"21:35:00";"RS";448;20;"PORTO ALEGRE";"Restrição de Visibilidade";"Atropelamento de Pedestre";"Com Vítimas Feridas";"Plena Noite";"Decrescente";"Chuva";"Múltipla";"Reta";"Não";2;0;1;0;1;0;1;2;-29,96921166;-51,18032455;"SPRF-RS";"DEL01-RS";"UOP01-DEL01-RS"
157150;2018-09-03;"segunda-feira";"20:15:00";"RO";364;768;"PORTO VELHO";"Defeito Mecânico no Veículo";"Tombamento";"Com Vítimas Feridas";"Plena Noite";"Crescente";"Céu Claro";"Simples";"Reta";"Não";2;0;2;0;0;0;2;1;-9,17056809;-64,21380043;"SPRF-RO";"DEL01-RO";"UOP02-DEL01-RO"
157152;2018-09-03;"segunda-feira";"20:10:00";"RJ";101;394;"RIO DE JANEIRO";"Defeito Mecânico no Veículo";"Colisão traseira";"Com Vítimas Feridas";"Plena Noite";"Crescente";"Chuva";"Dupla";"Ponte";"Não";2;0;1;0;1;0;1;2;-22,885801;-43,71294;"SPRF-RJ";"DEL03-RJ";"UOP01-DEL03-RJ"
157153;2018-09-03;"segunda-feira";"18:45:00";"AL";316;254;"PILAR";"Deficiência ou não Acionamento do Sistema de Iluminação/Sinalização do Veículo";"Colisão transversal";"Com Vítimas Feridas";"Plena Noite";"Crescente";"Céu Claro";"Simples";"Curva";"Sim";3;0;3;0;0;0;3;2;-9,58830931;-35,95584869;"SPRF-AL";"DEL02-AL";"UOP01-DEL02-AL"
157156;2018-09-03;"segunda-feira";"16:30:00";"SC";282;487,1;"FAXINAL DOS GUEDES";"Falta de Atenção à Condução";"Colisão lateral";"Com Vítimas Feridas";"Pleno dia";"Crescente";"Chuva";"Simples";"Reta";"Sim";2;0;1;0;1;0;1;2;-26,85758;-52,263203;"SPRF-SC";"DEL07-SC";"UOP01-DEL07-SC"
157162;2018-09-03;"segunda-feira";"22:20:00";"SC";470;63,9;"INDAIAL";"Velocidade Incompatível";"Colisão frontal";"Com Vítimas Fatais";"Plena Noite";"Decrescente";"Chuva";"Simples";"Curva";"Não";5;1;0;2;0;2;2;3;-26,86969988;-49,20324687;"SPRF-SC";"DEL04-SC";"UOP01-DEL04-SC"
157163;2018-09-03;"segunda-feira";"17:15:00";"MA";222;285;"VITORIA DO MEARIM";"Pista Escorregadia";"Colisão frontal";"Com Vítimas Feridas";"Pleno dia";"Decrescente";"Garoa/Chuvisco";"Simples";"Reta";"Não";2;0;1;1;0;0;2;2;-3,45533542;-44,80945587;"SPRF-MA";"DEL02-MA";"UI04-DEL02-MA"
157167;2018-09-04;"terça-feira";"05:10:00";"MG";267;65,1;"BICAS";"Não guardar distância de segurança";"Colisão traseira";"Com Vítimas Feridas";"Amanhecer";"Decrescente";"Garoa/Chuvisco";"Simples";"Reta";"Não";3;0;2;0;1;0;2;3;-21,7386;-43,1193;"SPRF-MG";"DEL05-MG";"UOP01-DEL05-MG"
157177;2018-09-04;"terça-feira";"06:30:00";"RN";304;35,3;"MOSSORO";"Falta de Atenção à Condução";"Colisão traseira";"Com Vítimas Feridas";"Pleno dia";"Crescente";"Céu Claro";"Dupla";"Reta";"Sim";3;0;1;0;0;2;1;3;-5,161506;-37,350685;"SPRF-RN";"DEL04-RN";"UOP02-DEL04-RN"
157178;2018-09-04;"terça-feira";"05:30:00";"MT";70;701;"CACERES";"Desobediência às normas de trânsito pelo condutor";"Colisão lateral";"Com Vítimas Feridas";"Amanhecer";"Decrescente";"Céu Claro";"Simples";"Reta";"Não";3;0;2;0;1;0;2;2;-16,2477878;-57,51324803;"SPRF-MT";"DEL03-MT";"UOP01-DEL03-MT"
157179;2018-09-04;"terça-feira";"04:00:00";"MT";174;261;"PONTES E LACERDA";"Animais na Pista";"Atropelamento de Animal";"Com Vítimas Feridas";"Plena Noite";"Crescente";"Céu Claro";"Simples";"Declive";"Não";1;0;1;0;0;0;1;1;-15,1960657;-59,3228571;"SPRF-MT";"DEL04-MT";"UOP01-DEL04-MT"
157180;2018-09-04;"terça-feira";"06:50:00";"MG";262;452,8;"NOVA SERRANA";"Falta de Atenção à Condução";"Saída de leito carroçável";"Com Vítimas Feridas";"Amanhecer";"Decrescente";"Céu Claro";"Simples";"Reta";"Não";3;0;3;0;0;0;3;1;-19,859983;-45,006966;"SPRF-MG";"DEL08-MG";"UOP03-DEL08-MG"
157181;2018-09-04;"terça-feira";"06:30:00";"PR";277;12,1;"PARANAGUA";"Desobediência às normas de trânsito pelo condutor";"Colisão traseira";"Com Vítimas Feridas";"Amanhecer";"Decrescente";"Nublado";"Dupla";"Reta";"Não";2;0;0;1;0;1;1;2;-25,56402652;-48,63370657;"SPRF-PR";"DEL01-PR";"UOP05-DEL01-PR"
157182;2018-09-04;"terça-feira";"07:00:00";"RS";290;92;"PORTO ALEGRE";"Falta de Atenção à Condução";"Colisão traseira";"Com Vítimas Feridas";"Pleno dia";"Crescente";"Nublado";"Dupla";"Reta";"Sim";2;0;1;0;1;0;1;2;-29,96937896;-51,17365658;"SPRF-RS";"DEL01-RS";"UOP01-DEL01-RS"
157184;2018-09-04;"terça-feira";"07:30:00";"DF";20;12;"BRASILIA";"Falta de Atenção à Condução";"Colisão transversal";"Com Vítimas Feridas";"Pleno dia";"Decrescente";"Céu Claro";"Dupla";"Reta";"Sim";3;0;1;0;2;0;1;3;-15,64272954;-47,75830865;"SPRF-DF";"DEL02-DF";"UOP01-DEL02-DF"
157185;2018-09-04;"terça-feira";"07:45:00";"RS";392;351,2;"SANTA MARIA";"Falta de Atenção à Condução";"Colisão transversal";"Com Vítimas Feridas";"Pleno dia";"Crescente";"Sol";"Simples";"Interseção de Vias";"Sim";2;0;1;0;1;0;1;2;-29,72721923;-53,80445302;"SPRF-RS";"DEL09-RS";"UOP01-DEL09-RS"
157188;2018-09-04;"terça-feira";"07:40:00";"MG";381;167;"GOVERNADOR VALADARES";"Ultrapassagem Indevida";"Colisão com objeto estático";"Com Vítimas Feridas";"Pleno dia";"Decrescente";"Céu Claro";"Simples";"Reta";"Não";1;0;1;0;0;0;1;1;-18,95970763;-42,07600594;"SPRF-MG";"DEL06-MG";"UOP01-DEL06-MG"
157190;2018-09-04;"terça-feira";"07:00:00";"BA";324;620;"SALVADOR";"Não guardar distância de segurança";"Engavetamento";"Sem Vítimas";"Pleno dia";"Crescente";"Céu Claro";"Múltipla";"Reta";"Sim";4;0;0;0;4;0;0;4;-12,91332462;-38,46000697;"SPRF-BA";"DEL01-BA";"UOP01-DEL01-BA"
157191;2018-09-04;"terça-feira";"07:30:00";"MG";40;515,8;"RIBEIRAO DAS NEVES";"Não guardar distância de segurança";"Colisão traseira";"Com Vítimas Feridas";"Pleno dia";"Crescente";"Céu Claro";"Dupla";"Reta;Declive";"Não";3;0;1;0;2;0;1;2;-19,81527121;-44,09089208;"SPRF-MG";"DEL01-MG";"UOP03-DEL01-MG"
157192;2018-09-04;"terça-feira";"08:10:00";"SC";470;4,2;"NAVEGANTES";"Desobediência às normas de trânsito pelo condutor";"Colisão lateral";"Com Vítimas Feridas";"Pleno dia";"Crescente";"Céu Claro";"Simples";"Reta";"Sim";2;0;1;0;1;0;1;2;-26,858473;-48,690788;"SPRF-SC";"DEL04-SC";"UOP04-DEL04-SC"
157193;2018-09-04;"terça-feira";"07:50:00";"PR";476;124;"CURITIBA";"Desobediência às normas de trânsito pelo condutor";"Atropelamento de Pedestre";"Com Vítimas Feridas";"Pleno dia";"Crescente";"Céu Claro";"Dupla";"Reta;Declive";"Sim";3;0;0;1;2;0;1;3;-25,399845;-49,215855;"SPRF-PR";"DEL01-PR";"UOP07-DEL01-PR"
157195;2018-09-04;"terça-feira";"08:15:00";"BA";324;622;"SALVADOR";"Falta de Atenção à Condução";"Queda de ocupante de veículo";"Com Vítimas Feridas";"Pleno dia";"Crescente";"Céu Claro";"Dupla";"Reta";"Não";2;0;1;0;1;0;1;2;-12,93536576;-38,47177148;"SPRF-BA";"DEL01-BA";"UOP01-DEL01-BA"
157196;2018-09-04;"terça-feira";"08:20:00";"MG";365;770;"ITUIUTABA";"Desobediência às normas de trânsito pelo condutor";"Colisão lateral";"Com Vítimas Feridas";"Pleno dia";"Crescente";"Céu Claro";"Simples";"Reta";"Não";3;0;1;0;2;0;1;2;-18,961579;-49,610433;"SPRF-MG";"DEL15-MG";"UOP03-DEL15-MG"
157197;2018-09-04;"terça-feira";"05:50:00";"MG";116;780,6;"LEOPOLDINA";"Pista Escorregadia";"Saída de leito carroçável";"Com Vítimas Feridas";"Amanhecer";"Crescente";"Céu Claro";"Simples";"Curva";"Não";1;0;1;0;0;0;1;1;-21,61629008;-42,69293362;"SPRF-MG";"DEL07-MG";"UOP01-DEL07-MG"
157199;2018-09-04;"terça-feira";"01:00:00";"RS";386;275,3;"SAO JOSE DO HERVAL";"Pista Escorregadia";"Saída de leito carroçável";"Com Vítimas Feridas";"Plena Noite";"Decrescente";"Chuva";"Simples";"Curva";"Não";1;0;1;0;0;0;1;1;-29,01424;-52,32533;"SPRF-RS";"DEL04-RS";"NPF/DEL04-RS"
157200;2018-02-09;"sexta-feira";"15:50:00";"MG";153;132,6;"PRATA";"Não guardar distância de segurança";"Colisão traseira";"Com Vítimas Feridas";"Pleno dia";"Decrescente";"Céu Claro";"Simples";"Reta";"Não";3;0;1;0;2;0;1;2;-19,2984;-48,9145;"SPRF-MG";"DEL15-MG";"UOP03-DEL15-MG"
157201;2018-09-04;"terça-feira";"07:10:00";"MG";40;446;"PARAOPEBA";"Pista Escorregadia";"Tombamento";"Com Vítimas Feridas";"Pleno dia";"Crescente";"Céu Claro";"Dupla";"Curva";"Não";1;0;0;1;0;0;1;1;-19,301;-44,3777;"SPRF-MG";"DEL02-MG";"UOP01-DEL02-MG"
157208;2018-08-26;"domingo";"03:40:00";"PB";230;18;"JOAO PESSOA";"Velocidade Incompatível";"Saída de leito carroçável";"Sem Vítimas";"Plena Noite";"Decrescente";"Céu Claro";"Dupla";"Curva";"Sim";1;0;0;0;0;1;0;1;-7,11993894;-34,84529614;"SPRF-PB";"DEL01-PB";"UOP01-DEL01-PB"
157209;2018-09-04;"terça-feira";"08:10:00";"BA";418;88;"CARAVELAS";"Falta de Atenção à Condução";"Colisão frontal";"Com Vítimas Feridas";"Pleno dia";"Crescente";"Céu Claro";"Simples";"Interseção de Vias";"Sim";2;0;1;0;1;0;1;2;-17,734264;-39,553185;"SPRF-BA";"DEL09-BA";"UOP02-DEL09-BA"
157211;2018-09-04;"terça-feira";"08:35:00";"CE";116;62,5;"CHOROZINHO";"Não guardar distância de segurança";"Colisão traseira";"Com Vítimas Feridas";"Pleno dia";"Decrescente";"Céu Claro";"Simples";"Reta;Aclive";"Não";2;0;1;0;1;0;1;2;-4,27622927;-38,49266052;"SPRF-CE";"DEL03-CE";"UOP02-DEL03-CE"
157212;2018-09-04;"terça-feira";"08:39:00";"SP";153;31,8;"NOVA GRANADA";"Mal Súbito";"Saída de leito carroçável";"Com Vítimas Feridas";"Pleno dia";"Crescente";"Céu Claro";"Simples";"Reta";"Não";1;0;1;0;0;0;1;1;-20,55433641;-49,32593107;"SPRF-SP";"DEL09-SP";"UOP01-DEL09-SP"
157213;2018-09-04;"terça-feira";"09:10:00";"SC";282;16,1;"PALHOCA";"Falta de Atenção à Condução";"Colisão transversal";"Com Vítimas Feridas";"Pleno dia";"Crescente";"Céu Claro";"Simples";"Reta";"Sim";2;0;1;0;1;0;1;2;-27,658611;-48,681847;"SPRF-SC";"DEL01-SC";"UOP02-DEL01-SC"
157215;2018-06-27;"quarta-feira";"14:15:00";"PR";376;224;"CAMBIRA";"Avarias e/ou desgaste excessivo no pneu";"Tombamento";"Com Vítimas Feridas";"Pleno dia";"Decrescente";"Ignorado";"Simples";"Reta";"Não";2;0;0;2;0;0;2;1;-23,58530595;-51,56817013;"SPRF-PR";"DEL07-PR";"UOP03-DEL07-PR"
157216;2018-08-26;"domingo";"21:00:00";"PB";101;102,8;"ALHANDRA";"Velocidade Incompatível";"Saída de leito carroçável";"Com Vítimas Feridas";"Plena Noite";"Decrescente";"Garoa/Chuvisco";"Dupla";"Curva";"Não";3;0;1;0;2;0;1;1;-7,281432;-34,939135;"SPRF-PB";"DEL01-PB";"UOP01-DEL01-PB"
157218;2018-09-04;"terça-feira";"08:00:00";"RJ";116;192;"QUEIMADOS";"Falta de Atenção à Condução";"Colisão lateral";"Com Vítimas Feridas";"Pleno dia";"Crescente";"Céu Claro";"Dupla";"Reta";"Sim";5;0;2;0;3;0;2;3;-22,742052;-43,519337;"SPRF-RJ";"DEL01-RJ";"UOP03-DEL01-RJ"