"id";"data_inversa";"dia_semana";"horario";"uf";"br";"km";"municipio";"causa_acidente";"tipo_acidente";"classificacao_acidente";"fase_dia";"sentido_via";"condicao_metereologica";"tipo_pista";"tracado_via";"uso_solo";"pessoas";"mortos";"feridos_leves";"feridos_graves";"ilesos";"ignorados";"feridos";"veiculos";"latitude";"longitude";"regional";"delegacia";"uop"
157348;2018-09-04;"terça-feira";"22:40:00";"SC";101;219,2;"PALHOCA";"Velocidade Incompatível";"Tombamento";"Com Vítimas Feridas";"Plena Noite";"Crescente";"Céu Claro";"Simples";"Interseção de Vias";"Sim";2;0;2;0;0;0;2;1;-27,693;-48,6631;"SPRF-SC";"DEL01-SC";"UOP02-DEL01-SC"
157350;2018-09-04;"terça-feira";"21:50:00";"MG";40;496,1;"PEDRO LEOPOLDO";"Falta de Atenção do Pedestre";"Atropelamento de Pedestre";"Com Vítimas Feridas";"Plena Noite";"Crescente";"Céu Claro";"Dupla";"Reta";"Sim";2;0;0;1;1;0;1;2;-19,6802;-44,1859;"SPRF-MG";"DEL02-MG";"UOP01-DEL02-MG"
157356;2018-08-26;"domingo";"01:00:00";"MT";163;759;"SORRISO";"Velocidade Incompatível";"Saída de leito carroçável";"Com Vítimas Feridas";"Plena Noite";"Decrescente";"Céu Claro";"Dupla";"Rotatória";"Não";2;0;2;0;0;0;2;1;-12,500868;-55,689124;"SPRF-MT";"DEL06-MT";"UOP01-DEL06-MT"
157358;2018-09-02;"domingo";"05:00:00";"AM";174;1038;"PRESIDENTE FIGUEIREDO";"Condutor Dormindo";"Colisão com objeto estático";"Com Vítimas Fatais";"Pleno dia";"Decrescente";"Céu Claro";"Simples";"Reta";"Não";1;1;0;0;0;0;0;1;-1,66762644;-60,17211914;"SPRF-AM";"DEL01-AM";"UOP02-DEL01-AM"
157359;2018-09-05;"quarta-feira";"00:30:00";"PR";277;588,4;"CASCAVEL";"Velocidade Incompatível";"Colisão traseira";"Com Vítimas Fatais";"Plena Noite";"Decrescente";"Céu Claro";"Simples";"Interseção de Vias";"Sim";4;1;1;1;1;0;2;3;-24,975485;-53,441929;"SPRF-PR";"DEL04-PR";"UOP01-DEL04-PR"
157365;2018-09-04;"terça-feira";"23:00:00";"RS";386;159;"ALMIRANTE TAMANDARE DO SUL";"Objeto estático sobre o leito carroçável";"Colisão com objeto estático";"Sem Vítimas";"Plena Noite";"Crescente";"Céu Claro";"Simples";"Curva";"Não";1;0;0;0;1;0;0;1;-28,150818;-52,847565;"SPRF-RS";"DEL08-RS";"UOP01-DEL08-RS"
157367;2018-09-05;"quarta-feira";"01:15:00";"BA";101;878;"TEIXEIRA DE FREITAS";"Ingestão de Álcool";"Queda de ocupante de veículo";"Com Vítimas Feridas";"Plena Noite";"Crescente";"Céu Claro";"Simples";"Rotatória";"Sim";1;0;1;0;0;0;1;1;-17,5466;-39,7192;"SPRF-BA";"DEL09-BA";"UOP02-DEL09-BA"
157369;2018-09-05;"quarta-feira";"01:00:00";"MA";230;473;"RIACHAO";"Animais na Pista";"Atropelamento de Animal";"Com Vítimas Feridas";"Plena Noite";"Crescente";"Ignorado";"Simples";"Reta";"Não";1;0;1;0;0;0;1;1;-7,422111;-46,667156;"SPRF-MA";"DEL05-MA";"UOP01-DEL05-MA"
157370;2018-09-04;"terça-feira";"14:50:00";"PA";316;14;"MARITUBA";"Desobediência às normas de trânsito pelo pedestre";"Queda de ocupante de veículo";"Com Vítimas Feridas";"Pleno dia";"Decrescente";"Céu Claro";"Dupla";"Reta";"Sim";2;0;0;1;1;0;1;2;-1,365636;-48,358788;"SPRF-PA";"DEL01-PA";"DEL19/1-UOP05/PA"
157376;2018-09-05;"quarta-feira";"04:40:00";"MG";381;2,5;"BETIM";"Animais na Pista";"Atropelamento de Animal";"Com Vítimas Feridas";"Plena Noite";"Crescente";"Céu Claro";"Dupla";"Reta";"Sim";4;0;4;0;0;0;4;1;-19,98167772;-44,16310501;"SPRF-MG";"DEL01-MG";"UOP03-DEL01-MG"
157383;2018-09-05;"quarta-feira";"01:45:00";"MG";365;612;"UBERLANDIA";"Velocidade Incompatível";"Saída de leito carroçável";"Com Vítimas Feridas";"Plena Noite";"Crescente";"Céu Claro";"Simples";"Rotatória";"Sim";1;0;1;0;0;0;1;1;-18,92869622;-48,19152832;"SPRF-MG";"DEL15-MG";"UOP01-DEL15-MG"
157384;2018-09-05;"quarta-feira";"07:15:00";"SP";116;227;"GUARULHOS";"Desobediência às normas de trânsito pelo pedestre";"Atropelamento de Pedestre";"Com Vítimas Feridas";"Amanhecer";"Decrescente";"Nublado";"Múltipla";"Reta";"Sim";2;0;0;1;0;1;1;2;-23,50292222;-46,56606674;"SPRF-SP";"DEL01-SP";"UOP01-DEL01-SP"
157385;2018-09-05;"quarta-feira";"03:30:00";"RJ";101;513;"ANGRA DOS REIS";"Velocidade Incompatível";"Capotamento";"Sem Vítimas";"Plena Noite";"Decrescente";"Garoa/Chuvisco";"Simples";"Curva";"Sim";1;0;0;0;0;1;0;1;-22,97879519;-44,43706513;"SPRF-RJ";"DEL03-RJ";"UOP02-DEL03-RJ"
157386;2018-09-05;"quarta-feira";"06:00:00";"SP";116;139;"SAO JOSE DOS CAMPOS";"Falta de Atenção do Pedestre";"Atropelamento de Pedestre";"Com Vítimas Feridas";"Amanhecer";"Decrescente";"Nublado";"Dupla";"Aclive";"Não";2;0;1;0;1;0;1;2;-23,161556;-45,804054;"SPRF-SP";"DEL06-SP";"UOP02-DEL02-SP"
157387;2018-09-05;"quarta-feira";"07:30:00";"CE";20;416;"MARACANAU";"Falta de Atenção à Condução";"Queda de ocupante de veículo";"Com Vítimas Feridas";"Pleno dia";"Crescente";"Céu Claro";"Dupla";"Reta";"Sim";2;0;1;0;1;0;1;2;-3,83464682;-38,61123684;"SPRF-CE";"DEL01-CE";"UOP02-DEL01-CE"
157388;2018-06-22;"sexta-feira";"05:40:00";"RS";448;0,8;"ESTEIO";"Desobediência às normas de trânsito pelo condutor";"Colisão frontal";"Sem Vítimas";"Plena Noite";"Decrescente";"Céu Claro";"Dupla";"Curva";"Não";2;0;0;0;2;0;0;2;-29,83186765;-51,17724538;"SPRF-RS";"DEL01-RS";"UOP02-DEL01-RS"
157389;2018-09-05;"quarta-feira";"06:15:00";"MG";267;26,3;"ARGIRITA";"Condutor Dormindo";"Colisão traseira";"Com Vítimas Feridas";"Pleno dia";"Decrescente";"Céu Claro";"Simples";"Reta";"Não";2;0;2;0;0;0;2;2;-21,6262391;-42,82842994;"SPRF-MG";"DEL07-MG";"UOP01-DEL07-MG"
157391;2018-09-05;"quarta-feira";"07:35:00";"PB";230;20,6;"JOAO PESSOA";"Não guardar distância de segurança";"Engavetamento";"Com Vítimas Feridas";"Pleno dia";"Decrescente";"Sol";"Dupla";"Reta";"Sim";4;0;1;0;3;0;1;3;-7,141424;-34,851612;"SPRF-PB";"DEL01-PB";"UOP01-DEL01-PB"
157392;2018-09-05;"quarta-feira";"07:25:00";"PR";369;195,4;"ARAPONGAS";"Falta de Atenção à Condução";"Queda de ocupante de veículo";"Com Vítimas Feridas";"Pleno dia";"Decrescente";"Nublado";"Dupla";"Reta";"Não";1;0;0;1;0;0;1;1;-23,49623168;-51,42303899;"SPRF-PR";"DEL07-PR";"UOP03-DEL07-PR"
157394;2018-09-05;"quarta-feira";"08:00:00";"SC";282;6;"SAO JOSE";"Falta de Atenção do Pedestre";"Colisão lateral";"Com Vítimas Feridas";"Pleno dia";"Decrescente";"Sol";"Dupla";"Curva";"Sim";3;0;1;0;2;0;1;2;-27,591936;-48,618244;"SPRF-SC";"DEL01-SC";"UOP01-DEL01-SC"
157395;2018-09-05;"quarta-feira";"08:20:00";"PR";376;4,8;"MANDAGUARI";"Desobediência às normas de trânsito pelo condutor";"Colisão transversal";"Com Vítimas Feridas";"Pleno dia";"Crescente";"Sol";"Simples";"Interseção de Vias";"Sim";2;0;1;0;1;0;1;2;-23,52237613;-51,67902231;"SPRF-PR";"DEL07-PR";"UOP01-DEL09-PR"
157396;2018-09-05;"quarta-feira";"08:00:00";"PR";153;491,6;"GENERAL CARNEIRO";"Desobediência às normas de trânsito pelo condutor";"Colisão frontal";"Com Vítimas Feridas";"Pleno dia";"Decrescente";"Céu Claro";"Simples";"Interseção de Vias";"Sim";7;0;7;0;0;0;7;2;-26,42951314;-51,31326556;"SPRF-PR";"DEL02-PR";"UOP03-DEL02-PR"
157397;2018-09-05;"quarta-feira";"07:38:00";"GO";153;441,8;"ANAPOLIS";"Desobediência às normas de trânsito pelo condutor";"Colisão traseira";"Com Vítimas Feridas";"Pleno dia";"Crescente";"Céu Claro";"Dupla";"Reta;Viaduto;Aclive;Retorno Regulamentado";"Sim";1;0;1;0;0;0;1;1;-16,32333135;-48,92223716;"SPRF-GO";"DEL02-GO";"UOP01-DEL02-GO"
157398;2018-09-05;"quarta-feira";"08:10:00";"SC";101;332,8;"TUBARAO";"Desobediência às normas de trânsito pelo condutor";"Colisão transversal";"Com Vítimas Feridas";"Pleno dia";"Crescente";"Céu Claro";"Dupla";"Rotatória";"Não";3;0;2;0;1;0;2;2;-28,46552227;-48,99560798;"SPRF-SC";"DEL02-SC";"UOP01-DEL02-SC"
157399;2018-09-05;"quarta-feira";"08:20:00";"SC";282;5;"SAO JOSE";"Falta de Atenção à Condução";"Colisão traseira";"Com Vítimas Feridas";"Pleno dia";"Decrescente";"Céu Claro";"Simples";"Reta";"Sim";2;0;1;0;1;0;1;2;-27,58929779;-48,61132437;"SPRF-SC";"DEL01-SC";"UOP01-DEL01-SC"
157400;2018-09-05;"quarta-feira";"08:15:00";"RJ";493;1;"ITABORAI";"Falta de Atenção à Condução";"Colisão transversal";"Com Vítimas Feridas";"Pleno dia";"Crescente";"Céu Claro";"Simples";"Reta";"Sim";2;0;1;0;1;0;1;2;-22,763901;-42,927532;"SPRF-RJ";"DEL04-RJ";"UOP02-DEL04-RJ"
157401;2018-09-05;"quarta-feira";"06:40:00";"RS";285;197;"LAGOA VERMELHA";"Desobediência às normas de trânsito pelo condutor";"Colisão transversal";"Com Vítimas Feridas";"Pleno dia";"Decrescente";"Céu Claro";"Simples";"Reta";"Sim";4;0;4;0;0;0;4;2;-28,20909312;-51,51313666;"SPRF-RS";"DEL08-RS";"UOP05-DEL08-RS"
157402;2018-09-05;"quarta-feira";"08:00:00";"RJ";101;303;"SAO GONCALO";"Falta de Atenção à Condução";"Colisão traseira";"Sem Vítimas";"Pleno dia";"Decrescente";"Céu Claro";"Simples";"Rotatória";"Não";2;0;0;0;2;0;0;2;-22,79359075;-43,02400589;"SPRF-RJ";"DEL02-RJ";"DEL5/2-UOP04/RJ"
157404;2018-09-05;"quarta-feira";"08:30:00";"PA";316;12,9;"MARITUBA";"Não guardar distância de segurança";"Colisão traseira";"Com Vítimas Feridas";"Pleno dia";"Crescente";"Céu Claro";"Dupla";"Reta";"Sim";2;0;1;0;1;0;1;2;-1,365636;-48,358788;"SPRF-PA";"DEL01-PA";"DEL19/1-UOP05/PA"
157405;2018-09-05;"quarta-feira";"05:30:00";"ES";259;87,2;"BAIXO GUANDU";"Defeito Mecânico no Veículo";"Saída de leito carroçável";"Com Vítimas Feridas";"Plena Noite";"Crescente";"Nublado";"Simples";"Reta";"Não";1;0;0;1;0;0;1;1;-19,52352901;-40,90038777;"SPRF-ES";"DEL02-ES";"UOP01-DEL02-ES"
157406;2018-09-05;"quarta-feira";"07:20:00";"SP";116;223,8;"GUARULHOS";"Não guardar distância de segurança";"Colisão traseira";"Com Vítimas Feridas";"Pleno dia";"Crescente";"Céu Claro";"Múltipla";"Reta";"Sim";2;0;1;0;1;0;1;2;-23,48165712;-46,5350014;"SPRF-SP";"DEL01-SP";"UOP01-DEL01-SP"
157407;2018-09-05;"quarta-feira";"07:50:00";"SP";116;219;"GUARULHOS";"Não guardar distância de segurança";"Colisão lateral";"Com Vítimas Feridas";"Pleno dia";"Crescente";"Nublado";"Múltipla";"Reta";"Não";2;0;1;0;1;0;1;2;-23,46147481;-46,49010658;"SPRF-SP";"DEL01-SP";"UOP01-DEL01-SP"
157408;2018-09-05;"quarta-feira";"08:30:00";"GO";20;180,8;"ALVORADA DO NORTE";"Falta de Atenção à Condução";"Colisão transversal";"Com Vítimas Feridas";"Pleno dia";"Crescente";"Sol";"Simples";"Reta";"Sim";3;0;1;1;1;0;2;3;-14,477743;-46,492165;"SPRF-DF";"DEL02-DF";"UOP03-DEL02-DF"
157409;2018-09-05;"quarta-feira";"09:10:00";"RS";386;34,9;"FREDERICO WESTPHALEN";"Falta de Atenção à Condução";"Colisão transversal";"Com Vítimas Feridas";"Pleno dia";"Decrescente";"Céu Claro";"Simples";"Interseção de Vias";"Sim";3;0;1;0;2;0;1;3;-27,36623763;-53,39614034;"SPRF-RS";"DEL08-RS";"UOP02-DEL08-RS"
157411;2018-09-05;"quarta-feira";"08:10:00";"SP";116;276,3;"EMBU DAS ARTES";"Falta de Atenção à Condução";"Colisão lateral";"Com Vítimas Feridas";"Amanhecer";"Decrescente";"Nublado";"Simples";"Reta";"Sim";2;0;1;0;1;0;1;2;-23,6261639;-46,81713223;"SPRF-SP";"DEL04-SP";"UOP01-DEL04-SP"
157414;2018-08-25;"sábado";"03:35:00";"MS";262;378,3;"TERENOS";"Falta de Atenção à Condução";"Saída de leito carroçável";"Com Vítimas Feridas";"Plena Noite";"Crescente";"Céu Claro";"Simples";"Curva";"Não";1;0;0;1;0;0;1;1;-20,46975581;-54,84102815;"SPRF-MS";"DEL01-MS";"UOP03-DEL01-MS"
157415;2018-09-05;"quarta-feira";"09:10:00";"SP";116;271;"TABOAO DA SERRA";"Falta de Atenção à Condução";"Colisão traseira";"Sem Vítimas";"Pleno dia";"Crescente";"Nublado";"Dupla";"Reta";"Sim";3;0;0;0;3;0;0;3;-23,60976228;-46,77178681;"SPRF-SP";"DEL04-SP";"UOP01-DEL04-SP"
157416;2018-09-05;"quarta-feira";"08:50:00";"RJ";101;295;"ITABORAI";"Falta de Atenção à Condução";"Queda de ocupante de veículo";"Com Vítimas Feridas";"Pleno dia";"Crescente";"Sol";"Múltipla";"Viaduto";"Sim";2;0;2;0;0;0;2;1;-22,76684291;-42,90800571;"SPRF-RJ";"DEL02-RJ";"DEL5/2-UOP04/RJ"
157418;2018-08-10;"sexta-feira";"19:20:00";"MT";70;8,8;"BARRA DO GARCAS";"Defeito na Via";"Tombamento";"Com Vítimas Feridas";"Plena Noite";"Decrescente";"Céu Claro";"Simples";"Reta";"Sim";1;0;1;0;0;0;1;1;-15,878259;-52,325825;"SPRF-MT";"DEL07-MT";"UOP01-DEL07-MT"
157419;2018-09-05;"quarta-feira";"10:30:00";"SC";282;4,5;"SAO JOSE";"Desobediência às normas de trânsito pelo condutor";"Colisão lateral";"Com Vítimas Feridas";"Pleno dia";"Decrescente";"Sol";"Dupla";"Reta";"Sim";4;0;1;0;1;2;1;3;-27,592646;-48,604034;"SPRF-SC";"DEL01-SC";"UOP01-DEL01-SC"
157423;2018-09-05;"quarta-feira";"10:00:00";"PR";277;16;"PARANAGUA";"Mal Súbito";"Capotamento";"Com Vítimas Feridas";"Pleno dia";"Decrescente";"Céu Claro";"Dupla";"Reta";"Não";1;0;1;0;0;0;1;1;-25,533787;-48,71175885;"SPRF-PR";"DEL01-PR";"UOP05-DEL01-PR"
157426;2018-09-05;"quarta-feira";"11:05:00";"RS";116;267;"CANOAS";"Falta de Atenção à Condução";"Atropelamento de Pedestre";"Com Vítimas Feridas";"Pleno dia";"Decrescente";"Céu Claro";"Múltipla";"Reta";"Sim";2;0;1;0;1;0;1;2;-29,94108305;-51,17696106;"SPRF-RS";"DEL01-RS";"UOP01-DEL01-RS"
157427;2018-09-05;"quarta-feira";"11:30:00";"MG";365;12;"MONTES CLAROS";"Falta de Atenção à Condução";"Colisão lateral";"Com Vítimas Feridas";"Pleno dia";"Crescente";"Céu Claro";"Simples";"Reta";"Não";3;0;1;2;0;0;3;2;-16,84687;-43,965588;"SPRF-MG";"DEL12-MG";"UOP01-DEL12-MG"
157430;2018-09-05;"quarta-feira";"11:35:00";"SE";101;58,1;"ROSARIO DO CATETE";"Desobediência às normas de trânsito pelo condutor";"Colisão transversal";"Com Vítimas Feridas";"Pleno dia";"Decrescente";"Sol";"Simples";"Interseção de Vias";"Não";4;0;0;2;2;0;2;3;-10,65950087;-37,02847296;"SPRF-SE";"DEL02-SE";"UOP02-DEL02-SE"
157431;2018-09-05;"quarta-feira";"09:00:00";"MS";267;151,1;"NOVA ANDRADINA";"Avarias e/ou desgaste excessivo no pneu";"Saída de leito carroçável";"Com Vítimas Feridas";"Pleno dia";"Crescente";"Sol";"Simples";"Interseção de Vias";"Não";1;0;1;0;0;0;1;1;-21,64257994;-53,48904669;"SPRF-MS";"DEL02-MS";"DEL3/7-UOP02/MS"
157432;2018-06-21;"quinta-feira";"16:40:00";"GO";60;401,3;"RIO VERDE";"Defeito Mecânico no Veículo";"Colisão com objeto estático";"Com Vítimas Fatais";"Pleno dia";"Decrescente";"Céu Claro";"Dupla";"Curva";"Não";2;1;1;0;0;0;1;1;-17,8214;-51,0652;"SPRF-GO";"DEL04-GO";"UOP01-DEL04-GO"
157433;2018-09-05;"quarta-feira";"12:00:00";"SP";116;488,5;"CAJATI";"Ingestão de álcool e/ou substâncias psicoativas pelo pedestre";"Colisão frontal";"Com Vítimas Feridas";"Pleno dia";"Crescente";"Céu Claro";"Múltipla";"Reta";"Sim";2;0;1;0;1;0;1;2;-24,72981787;-48,10494661;"SPRF-SP";"DEL05-SP";"UAP01-DEL05-SP"
157434;2018-09-05;"quarta-feira";"11:00:00";"RO";364;519;"ARIQUEMES";"Desobediência às normas de trânsito pelo condutor";"Colisão transversal";"Com Vítimas Feridas";"Pleno dia";"Crescente";"Céu Claro";"Simples";"Curva";"Sim";2;0;2;0;0;0;2;2;-9,888696;-63,056728;"SPRF-RO";"DEL03-RO";"UOP01-DEL03-RO"
157437;2018-08-07;"terça-feira";"05:00:00";"RO";364;570,1;"ALTO PARAISO";"Desobediência às normas de trânsito pelo condutor";"Colisão com objeto estático";"Com Vítimas Fatais";"Amanhecer";"Crescente";"Céu Claro";"Simples";"Ponte";"Não";3;3;0;0;0;0;0;1;-9,4803727;-63,1031857;"SPRF-RO";"DEL03-RO";"UOP04-DEL01-RO"
157438;2018-09-05;"quarta-feira";"12:33:00";"SP";116;221;"GUARULHOS";"Não guardar distância de segurança";"Colisão traseira";"Com Vítimas Feridas";"Pleno dia";"Decrescente";"Nublado";"Múltipla";"Reta";"Sim";2;0;1;0;1;0;1;2;-23,4725366;-46,5186882;"SPRF-SP";"DEL01-SP";"UOP01-DEL01-SP"
157440;2018-08-19;"domingo";"19:40:00";"MG";356;265;"MURIAE";"Falta de Atenção à Condução";"Colisão traseira";"Com Vítimas Feridas";"Plena Noite";"Decrescente";"Céu Claro";"Simples";"Curva";"Sim";2;0;1;0;0;1;1;2;-21,12443061;-42,37785375;"SPRF-MG";"DEL07-MG";"UOP02-DEL07-MG"
157441;2018-08-30;"quinta-feira";"07:35:00";"SC";101;211,5;"PALHOCA";"Não guardar distância de segurança";"Colisão lateral";"Com Vítimas Feridas";"Pleno dia";"Decrescente";"Céu Claro";"Simples";"Reta";"Sim";3;0;1;0;2;0;1;3;-27,6301;-48,659;"SPRF-SC";"DEL01-SC";"UOP02-DEL01-SC"
157443;2018-09-05;"quarta-feira";"12:40:00";"PR";476;118;"COLOMBO";"Desobediência às normas de trânsito pelo pedestre";"Atropelamento de Pedestre";"Com Vítimas Feridas";"Pleno dia";"Decrescente";"Céu Claro";"Dupla";"Reta";"Sim";2;0;0;1;1;0;1;2;-25,36042576;-49,18278694;"SPRF-PR";"DEL01-PR";"UOP01-DEL01-PR"
157445;2018-09-05;"quarta-feira";"13:20:00";"GO";153;508,1;"APARECIDA DE GOIANIA";"Não guardar distância de segurança";"Colisão traseira";"Com Vítimas Feridas";"Pleno dia";"Decrescente";"Céu Claro";"Dupla";"Reta";"Não";2;0;1;0;1;0;1;2;-16,7804;-49,2371;"SPRF-GO";"DEL01-GO";"UOP03-DEL01-GO"
157446;2018-09-05;"quarta-feira";"12:30:00";"CE";116;26,8;"ITAITINGA";"Mal Súbito";"Saída de leito carroçável";"Com Vítimas Feridas";"Pleno dia";"Decrescente";"Céu Claro";"Dupla";"Reta";"Não";1;0;0;1;0;0;1;1;-3,999315;-38,516499;"SPRF-CE";"DEL01-CE";"UOP02-DEL01-CE"
157448;2018-08-26;"domingo";"18:00:00";"MS";163;252,4;"DOURADOS";"Desobediência às normas de trânsito pelo condutor";"Colisão transversal";"Com Vítimas Feridas";"Plena Noite";"Decrescente";"Ignorado";"Simples";"Reta";"Não";2;0;0;1;1;0;1;2;-22,28388454;-54,82214481;"SPRF-MS";"DEL04-MS";"UOP01-DEL04-MS"
157451;2018-09-05;"quarta-feira";"13:55:00";"PR";376;170,8;"MARINGA";"Desobediência às normas de trânsito pelo condutor";"Colisão transversal";"Com Vítimas Feridas";"Pleno dia";"Crescente";"Sol";"Dupla";"Rotatória";"Sim";3;0;1;1;1;0;2;2;-23,41022231;-51,98746651;"SPRF-PR";"DEL07-PR";"UOP01-DEL09-PR"
157452;2018-09-05;"quarta-feira";"14:20:00";"MG";40;319,7;"TRES MARIAS";"Avarias e/ou desgaste excessivo no pneu";"Capotamento";"Com Vítimas Feridas";"Pleno dia";"Crescente";"Céu Claro";"Simples";"Curva";"Não";1;0;1;0;0;0;1;1;-18,503513;-45,079048;"SPRF-MG";"DEL14-MG";"UOP02-DEL14-MG"
157453;2018-09-05;"quarta-feira";"14:15:00";"SP";116;214;"GUARULHOS";"Não guardar distância de segurança";"Colisão traseira";"Sem Vítimas";"Pleno dia";"Decrescente";"Sol";"Múltipla";"Reta";"Sim";2;0;0;0;2;0;0;2;-23,45100265;-46,4637351;"SPRF-SP";"DEL01-SP";"UOP01-DEL01-SP"
157458;2018-09-05;"quarta-feira";"14:15:00";"PB";230;0,7;"CABEDELO";"Falta de Atenção à Condução";"Colisão transversal";"Com Vítimas Feridas";"Pleno dia";"Crescente";"Sol";"Simples";"Reta";"Sim";3;0;1;0;1;1;1;2;-6,97419207;-34,8320514;"SPRF-PB";"DEL01-PB";"UOP01-DEL01-PB"
157460;2018-09-05;"quarta-feira";"14:15:00";"RJ";40;61,1;"PETROPOLIS";"Desobediência às normas de trânsito pelo condutor";"Colisão transversal";"Com Vítimas Feridas";"Pleno dia";"Crescente";"Céu Claro";"Simples";"Reta";"Não";2;0;1;0;1;0;1;2;-22,409841;-43,144968;"SPRF-RJ";"DEL06-RJ";"UOP01-DEL06-RJ"
157462;2018-09-05;"quarta-feira";"13:00:00";"BA";407;38;"JUAZEIRO";"Falta de Atenção do Pedestre";"Colisão transversal";"Com Vítimas Feridas";"Pleno dia";"Crescente";"Céu Claro";"Simples";"Curva";"Sim";2;0;1;0;1;0;1;2;-9,714621;-40,362667;"SPRF-BA";"DEL04-BA";"UOP01-DEL04-BA"
157464;2018-09-05;"quarta-feira";"12:10:00";"SC";280;11,8;"SAO FRANCISCO DO SUL";"Falta de Atenção à Condução";"Colisão transversal";"Com Vítimas Feridas";"Pleno dia";"Crescente";"Céu Claro";"Simples";"Reta;Aclive";"Não";2;0;0;1;1;0;1;2;-26,31196178;-48,64389896;"SPRF-SC";"DEL03-SC";"UOP03-DEL03-SC"
157465;2018-09-05;"quarta-feira";"12:30:00";"BA";418;56;"CARAVELAS";"Desobediência às normas de trânsito pelo condutor";"Colisão transversal";"Com Vítimas Feridas";"Pleno dia";"Decrescente";"Chuva";"Simples";"Reta";"Não";2;0;1;0;1;0;1;2;-17,734264;-39,553185;"SPRF-BA";"DEL09-BA";"UOP02-DEL09-BA"
157468;2018-09-05;"quarta-feira";"13:10:00";"SC";280;27,4;"ARAQUARI";"Falta de Atenção à Condução";"Colisão transversal";"Com Vítimas Feridas";"Pleno dia";"Crescente";"Céu Claro";"Simples";"Reta";"Não";2;0;1;0;1;0;1;2;-26,39970206;-48,74218047;"SPRF-SC";"DEL03-SC";"UOP03-DEL03-SC"
157469;2018-09-05;"quarta-feira";"12:20:00";"MG";40;515,9;"RIBEIRAO DAS NEVES";"Não guardar distância de segurança";"Colisão lateral";"Sem Vítimas";"Pleno dia";"Crescente";"Céu Claro";"Dupla";"Reta";"Sim";1;0;0;0;1;0;0;1;-19,82854372;-44,08369303;"SPRF-MG";"DEL01-MG";"UOP03-DEL01-MG"
157471;2018-09-05;"quarta-feira";"15:46:00";"PR";376;177,3;"MARINGA";"Falta de Atenção à Condução";"Colisão lateral";"Com Vítimas Feridas";"Pleno dia";"Crescente";"Sol";"Dupla";"Reta;Retorno Regulamentado";"Sim";2;0;1;0;1;0;1;2;-23,41392514;-51,92878869;"SPRF-PR";"DEL07-PR";"UOP01-DEL09-PR"
157472;2018-09-05;"quarta-feira";"15:45:00";"ES";101;255;"SERRA";"Falta de Atenção à Condução";"Colisão traseira";"Sem Vítimas";"Pleno dia";"Decrescente";"Céu Claro";"Simples";"Aclive";"Sim";2;0;0;0;2;0;0;2;-20,11939106;-40,31067252;"SPRF-ES";"DEL02-ES";"UOP01-DEL02-ES"
157473;2018-09-01;"sábado";"22:00:00";"PE";428;189;"PETROLINA";"Ingestão de Álcool";"Colisão traseira";"Sem Vítimas";"Plena Noite";"Decrescente";"Céu Claro";"Simples";"Reta";"Sim";4;0;0;0;4;0;0;4;-9,37751153;-40,50075162;"SPRF-PE";"DEL06-PE";"UOP01-DEL06-PE"
157474;2018-09-05;"quarta-feira";"16:00:00";"PB";230;5;"CABEDELO";"Desobediência às normas de trânsito pelo condutor";"Colisão transversal";"Com Vítimas Feridas";"Pleno dia";"Crescente";"Céu Claro";"Dupla";"Reta";"Sim";2;0;1;0;0;1;1;2;-7,01;-34,8312;"SPRF-PB";"DEL01-PB";"UOP01-DEL01-PB"
157476;2018-09-05;"quarta-feira";"13:50:00";"PR";163;153;"SANTA LUCIA";"Desobediência às normas de trânsito pelo condutor";"Colisão traseira";"Com Vítimas Feridas";"Pleno dia";"Decrescente";"Céu Claro";"Simples";"Curva";"Não";3;0;1;0;2;0;1;2;-25,394;-53,5766;"SPRF-PR";"DEL04-PR";"UOP05-DEL05-PR"
157477;2018-09-05;"quarta-feira";"16:00:00";"DF";80;17;"BRASILIA";"Não guardar distância de segurança";"Colisão traseira";"Com Vítimas Feridas";"Pleno dia";"Decrescente";"Céu Claro";"Dupla";"Reta";"Sim";2;0;1;0;1;0;1;2;-15,692071;-48,205139;"SPRF-DF";"DEL01-DF";"UOP02-DEL03-DF"
157479;2018-09-05;"quarta-feira";"16:00:00";"RJ";116;142;"MAGE";"Falta de Atenção do Pedestre";"Atropelamento de Pedestre";"Com Vítimas Feridas";"Pleno dia";"Crescente";"Sol";"Dupla";"Reta";"Sim";2;0;0;1;1;0;1;2;-22,648762;-43,230316;"SPRF-RJ";"DEL04-RJ";"UOP02-DEL04-RJ"
157481;2018-09-05;"quarta-feira";"15:20:00";"MA";135;21,3;"SAO LUIS";"Falta de Atenção à Condução";"Colisão traseira";"Sem Vítimas";"Pleno dia";"Crescente";"Céu Claro";"Dupla";"Reta";"Sim";2;0;0;0;2;0;0;2;-2,56261817;-44,31665897;"SPRF-MA";"DEL01-MA";"UOP01-DEL01-MA"
157482;2018-09-05;"quarta-feira";"13:50:00";"SC";280;52,4;"GUARAMIRIM";"Falta de Atenção à Condução";"Colisão transversal";"Com Vítimas Feridas";"Pleno dia";"Crescente";"Nublado";"Simples";"Reta";"Não";2;0;0;1;1;0;1;2;-26,47026777;-48,96831572;"SPRF-SC";"DEL03-SC";"UOP03-DEL03-SC"