"id";"data_inversa";"dia_semana";"horario";"uf";"br";"km";"municipio";"causa_acidente";"tipo_acidente";"classificacao_acidente";"fase_dia";"sentido_via";"condicao_metereologica";"tipo_pista";"tracado_via";"uso_solo";"pessoas";"mortos";"feridos_leves";"feridos_graves";"ilesos";"ignorados";"feridos";"veiculos";"latitude";"longitude";"regional";"delegacia";"uop"
157484;2018-09-05;"quarta-feira";"16:20:00";"PR";277;80,2;"CURITIBA";"Defeito Mecânico no Veículo";"Colisão com objeto em movimento";"Com Vítimas Feridas";"Pleno dia";"Decrescente";"Céu Claro";"Dupla";"Reta";"Não";2;0;1;0;1;0;1;2;-25,47239399;-49,21078736;"SPRF-PR";"DEL01-PR";"UOP01-DEL01-PR"
157485;2018-08-30;"quinta-feira";"19:15:00";"PB";230;21;"JOAO PESSOA";"Falta de Atenção à Condução";"Engavetamento";"Com Vítimas Feridas";"Plena Noite";"Decrescente";"Céu Claro";"Dupla";"Reta";"Sim";4;0;1;0;3;0;1;4;-7,1503264;-34,8522861;"SPRF-PB";"DEL01-PB";"UOP01-DEL01-PB"
157487;2018-09-05;"quarta-feira";"15:45:00";"RO";364;181,1;"PIMENTA BUENO";"Avarias e/ou desgaste excessivo no pneu";"Tombamento";"Com Vítimas Feridas";"Pleno dia";"Crescente";"Céu Claro";"Simples";"Reta";"Não";2;0;0;2;0;0;2;1;-11,770369;-61,079121;"SPRF-RO";"DEL02-RO";"UOP02-DEL02-RO"
157490;2018-09-05;"quarta-feira";"17:35:00";"PR";376;198,6;"MARIALVA";"Desobediência às normas de trânsito pelo condutor";"Colisão transversal";"Com Vítimas Fatais";"Pleno dia";"Crescente";"Sol";"Dupla";"Retorno Regulamentado";"Não";2;1;0;0;1;0;0;2;-23,50073217;-51,761823;"SPRF-PR";"DEL07-PR";"UOP01-DEL09-PR"
157492;2018-09-05;"quarta-feira";"15:45:00";"AL";101;150;"JEQUIA DA PRAIA";"Ingestão de Álcool";"Queda de ocupante de veículo";"Com Vítimas Feridas";"Pleno dia";"Decrescente";"Céu Claro";"Dupla";"Curva";"Não";1;0;1;0;0;0;1;1;-9,89406326;-36,1430397;"SPRF-AL";"DEL02-AL";"UOP01-DEL02-AL"
157493;2018-09-05;"quarta-feira";"16:31:00";"RJ";101;330;"RIO DE JANEIRO";"Falta de Atenção à Condução";"Colisão traseira";"Com Vítimas Feridas";"Pleno dia";"Decrescente";"Nublado";"Dupla";"Reta";"Não";2;0;1;0;1;0;1;2;-22,868481;-43,18568;"SPRF-RJ";"DEL02-RJ";"UOP02-DEL02-RJ"
157494;2018-09-05;"quarta-feira";"17:40:00";"SC";101;41,2;"JOINVILLE";"Desobediência às normas de trânsito pelo condutor";"Colisão transversal";"Com Vítimas Feridas";"Pleno dia";"Decrescente";"Sol";"Dupla";"Viaduto";"Sim";2;0;0;1;1;0;1;2;-26,324;-48,8672;"SPRF-SC";"DEL03-SC";"UOP01-DEL03-SC"
157495;2018-08-28;"terça-feira";"12:08:00";"PA";316;47;"SANTA IZABEL DO PARA";"Falta de Atenção à Condução";"Saída de leito carroçável";"Com Vítimas Feridas";"Pleno dia";"Crescente";"Céu Claro";"Dupla";"Reta";"Não";1;0;1;0;0;0;1;1;-1,28537;-48,062698;"SPRF-PA";"DEL01-PA";"UOP01-DEL01-PA"
157499;2018-09-05;"quarta-feira";"17:30:00";"SC";101;90,8;"BARRA VELHA";"Falta de Atenção à Condução";"Colisão transversal";"Com Vítimas Feridas";"Pleno dia";"Decrescente";"Céu Claro";"Simples";"Reta";"Sim";2;0;2;0;0;0;2;2;-26,678;-48,692;"SPRF-SC";"DEL03-SC";"UOP02-DEL03-SC"
157502;2018-09-05;"quarta-feira";"17:55:00";"SC";280;29,6;"ARAQUARI";"Falta de Atenção à Condução";"Colisão transversal";"Com Vítimas Feridas";"Anoitecer";"Decrescente";"Céu Claro";"Simples";"Reta";"Não";2;0;0;1;1;0;1;2;-26,41323211;-48,75830054;"SPRF-SC";"DEL03-SC";"UOP03-DEL03-SC"
157504;2018-09-05;"quarta-feira";"17:00:00";"MA";316;265;"SANTA INES";"Falta de Atenção do Pedestre";"Atropelamento de Pedestre";"Com Vítimas Fatais";"Pleno dia";"Crescente";"Céu Claro";"Simples";"Reta";"Sim";2;1;1;0;0;0;1;2;-3,677107;-45,354866;"SPRF-MA";"DEL02-MA";"UI04-DEL02-MA"
157505;2018-09-05;"quarta-feira";"18:10:00";"MG";40;666;"CARANDAI";"Falta de Atenção à Condução";"Colisão transversal";"Com Vítimas Feridas";"Plena Noite";"Crescente";"Céu Claro";"Simples";"Reta";"Não";2;0;1;0;1;0;1;2;-20,962;-43,7882;"SPRF-MG";"DEL05-MG";"UOP02-DEL05-MG"
157506;2018-09-05;"quarta-feira";"17:50:00";"ES";101;269,3;"SERRA";"Desobediência às normas de trânsito pelo condutor";"Colisão lateral";"Com Vítimas Feridas";"Plena Noite";"Crescente";"Nublado";"Dupla";"Reta";"Sim";4;0;1;1;2;0;2;3;-20,225001;-40,270513;"SPRF-ES";"DEL02-ES";"UOP01-DEL02-ES"
157507;2018-08-17;"sexta-feira";"17:00:00";"MG";116;115;"ITAOBIM";"Falta de Atenção do Pedestre";"Atropelamento de Pedestre";"Com Vítimas Feridas";"Pleno dia";"Decrescente";"Céu Claro";"Simples";"Reta";"Sim";2;0;1;0;1;0;1;2;-16,56286272;-41,50388891;"SPRF-MG";"DEL11-MG";"UOP02-DEL11-MG"
157508;2018-09-05;"quarta-feira";"17:45:00";"BA";116;425;"FEIRA DE SANTANA";"Ingestão de Álcool";"Atropelamento de Pedestre";"Com Vítimas Feridas";"Plena Noite";"Decrescente";"Céu Claro";"Simples";"Reta";"Sim";2;0;1;0;1;0;1;2;-12,25004177;-38,98821259;"SPRF-BA";"DEL02-BA";"UOP01-DEL02-BA"
157509;2018-09-05;"quarta-feira";"16:45:00";"MS";60;360;"CAMPO GRANDE";"Ingestão de Álcool";"Tombamento";"Com Vítimas Feridas";"Anoitecer";"Decrescente";"Céu Claro";"Simples";"Aclive";"Não";1;0;1;0;0;0;1;1;-20,442776;-54,744011;"SPRF-MS";"DEL01-MS";"UOP03-DEL01-MS"
157510;2018-09-05;"quarta-feira";"17:30:00";"ES";101;151;"LINHARES";"Ingestão de Álcool";"Colisão transversal";"Com Vítimas Feridas";"Anoitecer";"Decrescente";"Céu Claro";"Simples";"Reta";"Não";2;0;2;0;0;0;2;2;-19,41713997;-40,06812572;"SPRF-ES";"DEL04-ES";"UOP01-DEL04-ES"
157511;2018-09-05;"quarta-feira";"16:55:00";"RS";386;319,8;"MARQUES DE SOUZA";"Defeito Mecânico no Veículo";"Tombamento";"Com Vítimas Feridas";"Pleno dia";"Decrescente";"Sol";"Simples";"Curva";"Não";2;0;2;0;0;0;2;1;-29,28943;-52,11908;"SPRF-RS";"DEL04-RS";"UOP01-DEL04-RS"
157512;2018-09-05;"quarta-feira";"18:15:00";"SC";470;326;"CAMPOS NOVOS";"Falta de Atenção à Condução";"Colisão transversal";"Com Vítimas Feridas";"Anoitecer";"Decrescente";"Céu Claro";"Simples";"Interseção de Vias";"Não";6;0;1;4;1;0;5;3;-27,44765762;-51,24795914;"SPRF-SC";"DEL07-SC";"UOP06-DEL07-SC"
157513;2018-09-05;"quarta-feira";"09:28:00";"BA";101;578;"CAMACAN";"Agressão Externa";"Tombamento";"Com Vítimas Feridas";"Pleno dia";"Decrescente";"Céu Claro";"Simples";"Reta";"Não";3;0;1;1;0;1;2;2;-15,3244;-39,5004;"SPRF-BA";"DEL05-BA";"UOP02-DEL05-BA"
157514;2018-09-05;"quarta-feira";"17:30:00";"RO";319;62;"PORTO VELHO";"Desobediência às normas de trânsito pelo condutor";"Colisão transversal";"Com Vítimas Feridas";"Pleno dia";"Crescente";"Céu Claro";"Múltipla";"Reta";"Sim";3;0;1;0;2;0;1;3;-8,75720667;-63,88649583;"SPRF-RO";"DEL01-RO";"UOP01-DEL01-RO"
157515;2018-09-05;"quarta-feira";"18:15:00";"SP";153;48,2;"SAO JOSE DO RIO PRETO";"Mal Súbito";"Colisão frontal";"Com Vítimas Fatais";"Anoitecer";"Decrescente";"Céu Claro";"Simples";"Declive";"Não";5;1;2;0;2;0;2;4;-20,690966;-49,339806;"SPRF-SP";"DEL09-SP";"UOP01-DEL09-SP"
157516;2018-09-05;"quarta-feira";"19:10:00";"SP";116;227,8;"SAO PAULO";"Não guardar distância de segurança";"Colisão lateral";"Com Vítimas Feridas";"Plena Noite";"Decrescente";"Céu Claro";"Múltipla";"Reta";"Sim";1;0;1;0;0;0;1;1;-23,50231598;-46,5645535;"SPRF-SP";"DEL01-SP";"UOP01-DEL01-SP"
157517;2018-09-05;"quarta-feira";"18:30:00";"BA";110;2;"PAULO AFONSO";"Desobediência às normas de trânsito pelo condutor";"Colisão frontal";"Sem Vítimas";"Plena Noite";"Crescente";"Céu Claro";"Simples";"Reta";"Sim";2;0;0;0;2;0;0;2;-9,43327123;-38,20241332;"SPRF-BA";"DEL07-BA";"UOP01-DEL07-BA"
157518;2018-09-05;"quarta-feira";"19:00:00";"PR";476;164;"ARAUCARIA";"Falta de Atenção à Condução";"Colisão com objeto estático";"Com Vítimas Feridas";"Plena Noite";"Crescente";"Céu Claro";"Simples";"Reta";"Não";1;0;1;0;0;0;1;1;-25,63711575;-49,46776628;"SPRF-PR";"DEL01-PR";"UOP06-DEL01-PR"
157522;2018-09-05;"quarta-feira";"18:45:00";"PR";376;198,5;"MARIALVA";"Falta de Atenção à Condução";"Colisão lateral";"Com Vítimas Feridas";"Plena Noite";"Crescente";"Céu Claro";"Dupla";"Reta;Declive";"Não";2;0;1;0;1;0;1;2;-23,50059533;-51,76287261;"SPRF-PR";"DEL07-PR";"UOP01-DEL09-PR"
157523;2018-09-05;"quarta-feira";"18:40:00";"PA";222;242;"MARABA";"Falta de Atenção à Condução";"Colisão transversal";"Com Vítimas Feridas";"Plena Noite";"Decrescente";"Céu Claro";"Simples";"Reta";"Não";3;0;2;0;0;1;2;2;-5,331903;-49,085217;"SPRF-PA";"DEL03-PA";"UOP01-DEL03-PA"
157524;2018-06-20;"quarta-feira";"18:03:00";"RN";101;77;"NATAL";"Desobediência às normas de trânsito pelo condutor";"Danos eventuais";"Com Vítimas Feridas";"Anoitecer";"Decrescente";"Céu Claro";"Dupla";"Reta";"Sim";2;0;0;1;0;1;1;2;-5,73395954;-35,29102296;"SPRF-RN";"DEL02-RN";"UOP01-DEL02-RN"
157525;2018-09-05;"quarta-feira";"19:05:00";"GO";153;643,1;"MORRINHOS";"Velocidade Incompatível";"Saída de leito carroçável";"Com Vítimas Feridas";"Plena Noite";"Crescente";"Céu Claro";"Dupla";"Curva";"Não";2;0;0;2;0;0;2;1;-17,9057;-49,2375;"SPRF-GO";"DEL03-GO";"UOP01-DEL03-GO"
157526;2018-09-05;"quarta-feira";"18:00:00";"RJ";101;324;"NITEROI";"Não guardar distância de segurança";"Engavetamento";"Com Vítimas Feridas";"Anoitecer";"Decrescente";"Nublado";"Dupla";"Reta";"Não";3;0;1;0;2;0;1;3;-22,873808;-43,126438;"SPRF-RJ";"DEL02-RJ";"UOP02-DEL02-RJ"
157527;2018-08-30;"quinta-feira";"11:00:00";"RS";287;277,4;"SANTA MARIA";"Velocidade Incompatível";"Saída de leito carroçável";"Com Vítimas Feridas";"Pleno dia";"Crescente";"Chuva";"Simples";"Curva";"Não";1;0;1;0;0;0;1;1;-29,65671;-54,144855;"SPRF-RS";"DEL09-RS";"UOP01-DEL09-RS"
157528;2018-09-05;"quarta-feira";"06:00:00";"MA";230;158;"PASTOS BONS";"Falta de Atenção à Condução";"Capotamento";"Com Vítimas Feridas";"Pleno dia";"Decrescente";"Céu Claro";"Simples";"Reta";"Não";3;0;0;3;0;0;3;1;-6,67586052;-44,20761108;"SPRF-MA";"DEL05-MA";"UOP01-DEL05-MA"
157530;2018-09-05;"quarta-feira";"18:50:00";"PA";316;37,9;"SANTA IZABEL DO PARA";"Não guardar distância de segurança";"Colisão traseira";"Com Vítimas Feridas";"Plena Noite";"Crescente";"Céu Claro";"Simples";"Reta;Em Obras";"Não";4;0;1;1;1;1;2;3;-1,285225;-48,148689;"SPRF-PA";"DEL01-PA";"UOP01-DEL01-PA"
157532;2018-09-05;"quarta-feira";"18:55:00";"ES";262;3;"CARIACICA";"Ingestão de Álcool";"Saída de leito carroçável";"Com Vítimas Feridas";"Plena Noite";"Decrescente";"Céu Claro";"Dupla";"Reta";"Sim";1;0;1;0;0;0;1;1;-20,33432562;-40,36857605;"SPRF-ES";"DEL01-ES";"UOP01-DEL01-ES"
157534;2018-09-05;"quarta-feira";"19:00:00";"MG";459;81,8;"CONGONHAL";"Falta de Atenção à Condução";"Colisão traseira";"Com Vítimas Feridas";"Plena Noite";"Decrescente";"Ignorado";"Simples";"Reta";"Não";4;0;1;1;1;1;2;3;-22,157059;-46,091141;"SPRF-MG";"DEL09-MG";"UOP01-DEL09-MG"
157535;2018-09-05;"quarta-feira";"20:00:00";"PR";376;216;"JANDAIA DO SUL";"Falta de Atenção à Condução";"Colisão transversal";"Com Vítimas Feridas";"Plena Noite";"Decrescente";"Céu Claro";"Simples";"Reta";"Não";3;0;2;0;0;1;2;2;-23,59541348;-51,64144255;"SPRF-PR";"DEL07-PR";"UOP03-DEL07-PR"
157536;2018-09-05;"quarta-feira";"19:45:00";"PR";369;161,8;"CAMBE";"Velocidade Incompatível";"Queda de ocupante de veículo";"Com Vítimas Feridas";"Plena Noite";"Crescente";"Céu Claro";"Dupla";"Reta;Declive";"Sim";1;0;1;0;0;0;1;1;-23,29099754;-51,26518873;"SPRF-PR";"DEL07-PR";"UOP01-DEL07-PR"
157537;2018-09-05;"quarta-feira";"19:50:00";"PR";376;182;"MARINGA";"Pista Escorregadia";"Tombamento";"Com Vítimas Feridas";"Plena Noite";"Decrescente";"Céu Claro";"Múltipla";"Interseção de Vias;Rotatória";"Sim";2;0;1;0;1;0;1;2;-23,43187701;-51,8870008;"SPRF-PR";"DEL07-PR";"UOP01-DEL09-PR"
157538;2018-09-04;"terça-feira";"13:30:00";"RO";429;52,4;"PRESIDENTE MEDICI";"Defeito Mecânico no Veículo";"Incêndio";"Sem Vítimas";"Pleno dia";"Crescente";"Céu Claro";"Simples";"Reta";"Não";1;0;0;0;1;0;0;1;-11,20079883;-62,00426102;"SPRF-RO";"DEL02-RO";"UOP03-DEL02-RO"
157539;2018-09-05;"quarta-feira";"20:35:00";"RN";406;160;"CEARA-MIRIM";"Falta de Atenção à Condução";"Colisão transversal";"Com Vítimas Feridas";"Plena Noite";"Crescente";"Céu Claro";"Simples";"Reta";"Sim";2;0;2;0;0;0;2;2;-5,73897569;-35,35297394;"SPRF-RN";"DEL02-RN";"UOP01-DEL02-RN"
157540;2018-09-05;"quarta-feira";"20:00:00";"PI";316;1,8;"TERESINA";"Fenômenos da Natureza";"Colisão com objeto estático";"Sem Vítimas";"Plena Noite";"Decrescente";"Chuva";"Simples";"Interseção de Vias";"Sim";1;0;0;0;1;0;0;1;-5,128619;-42,807068;"SPRF-PI";"DEL01-PI";"UOP02-DEL01-PI"
157541;2018-09-05;"quarta-feira";"19:45:00";"PR";272;367,1;"CAMPO MOURAO";"Falta de Atenção do Pedestre";"Atropelamento de Pedestre";"Com Vítimas Feridas";"Plena Noite";"Decrescente";"Céu Claro";"Dupla";"Reta";"Sim";2;0;0;1;1;0;1;2;-24,051225;-52,402878;"SPRF-PR";"DEL04-PR";"UOP03-DEL09-PR"
157542;2018-09-05;"quarta-feira";"20:30:00";"PI";316;337,8;"FRANCISCO SANTOS";"Animais na Pista";"Atropelamento de Animal";"Com Vítimas Fatais";"Plena Noite";"Decrescente";"Nublado";"Simples";"Reta";"Não";1;1;0;0;0;0;0;1;-7,11281665;-41,22379303;"SPRF-PI";"DEL04-PI";"UOP01-DEL04-PI"
157543;2018-09-05;"quarta-feira";"19:55:00";"RS";116;37,8;"VACARIA";"Desobediência às normas de trânsito pelo condutor";"Colisão transversal";"Com Vítimas Feridas";"Plena Noite";"Decrescente";"Céu Claro";"Simples";"Rotatória";"Sim";2;0;1;0;1;0;1;2;-28,50426085;-50,92378736;"SPRF-RS";"DEL05-RS";"UOP03-DEL05-RS"
157544;2018-09-05;"quarta-feira";"14:50:00";"RO";421;2,5;"ARIQUEMES";"Ingestão de Álcool";"Saída de leito carroçável";"Com Vítimas Feridas";"Pleno dia";"Crescente";"Sol";"Simples";"Reta";"Não";3;0;1;0;2;0;1;1;-9,8973512;-63,0429486;"SPRF-RO";"DEL03-RO";"DEL21/3-UOP04/RO"
157545;2018-09-05;"quarta-feira";"21:30:00";"PE";101;69,9;"RECIFE";"Defeito na Via";"Colisão traseira";"Com Vítimas Feridas";"Plena Noite";"Crescente";"Céu Claro";"Múltipla";"Curva";"Não";2;0;1;0;1;0;1;2;-8,066728;-34,942856;"SPRF-PE";"DEL01-PE";"UOP01-DEL01-PE"
157546;2018-09-05;"quarta-feira";"20:40:00";"BA";407;80;"JAGUARARI";"Condutor Dormindo";"Tombamento";"Sem Vítimas";"Plena Noite";"Decrescente";"Céu Claro";"Simples";"Reta";"Não";2;0;0;0;2;0;0;1;-10;-40;"SPRF-BA";"DEL04-BA";"UOP01-DEL04-BA"
157547;2018-09-05;"quarta-feira";"21:50:00";"PE";428;183,7;"PETROLINA";"Falta de Atenção à Condução";"Colisão transversal";"Com Vítimas Feridas";"Plena Noite";"Decrescente";"Céu Claro";"Simples";"Retorno Regulamentado";"Não";2;0;1;0;1;0;1;2;-9,34206961;-40,47122955;"SPRF-PE";"DEL06-PE";"UOP01-DEL06-PE"
157549;2018-09-05;"quarta-feira";"18:40:00";"PE";232;490;"VERDEJANTE";"Ultrapassagem Indevida";"Colisão frontal";"Sem Vítimas";"Plena Noite";"Decrescente";"Céu Claro";"Simples";"Interseção de Vias";"Não";5;0;0;0;5;0;0;2;-8,00653675;-38,97871971;"SPRF-PE";"DEL05-PE";"UOP01-DEL05-PE"
157550;2018-09-05;"quarta-feira";"21:00:00";"SC";116;180;"SAO CRISTOVAO DO SUL";"Falta de Atenção à Condução";"Colisão transversal";"Sem Vítimas";"Plena Noite";"Crescente";"Céu Claro";"Simples";"Reta";"Sim";2;0;0;0;2;0;0;2;-27,270414;-50,440971;"SPRF-SC";"DEL05-SC";"UOP03-DEL05-SC"
157552;2018-09-05;"quarta-feira";"17:30:00";"PR";376;182;"MARINGA";"Pista Escorregadia";"Queda de ocupante de veículo";"Com Vítimas Feridas";"Pleno dia";"Crescente";"Sol";"Dupla";"Rotatória";"Sim";1;0;1;0;0;0;1;1;-23,4320168;-51,88796706;"SPRF-PR";"DEL07-PR";"UOP01-DEL09-PR"
157554;2018-07-30;"segunda-feira";"11:31:00";"RJ";101;40;"CAMPOS DOS GOYTACAZES";"Defeito Mecânico no Veículo";"Incêndio";"Sem Vítimas";"Pleno dia";"Decrescente";"Céu Claro";"Simples";"Reta";"Não";1;0;0;0;1;0;0;1;-21,549213;-41,335522;"SPRF-RJ";"DEL08-RJ";"UOP01-DEL08-RJ"
157555;2018-09-05;"quarta-feira";"22:10:00";"AL";316;85,8;"SANTANA DO IPANEMA";"Desobediência às normas de trânsito pelo condutor";"Colisão transversal";"Com Vítimas Feridas";"Plena Noite";"Crescente";"Céu Claro";"Simples";"Declive";"Sim";3;0;1;1;1;0;2;2;-9,369829;-37,243473;"SPRF-AL";"DEL03-AL";"UOP02-DEL03-AL"
157557;2018-09-05;"quarta-feira";"21:30:00";"SP";116;335;"JUQUITIBA";"Falta de Atenção à Condução";"Queda de ocupante de veículo";"Com Vítimas Feridas";"Plena Noite";"Decrescente";"Céu Claro";"Dupla";"Reta";"Não";1;0;1;0;0;0;1;1;-23,97809681;-47,14430809;"SPRF-SP";"DEL04-SP";"UOP03-DEL04-SP"
157558;2018-09-05;"quarta-feira";"20:45:00";"MS";163;624;"SAO GABRIEL DO OESTE";"Falta de Atenção à Condução";"Saída de leito carroçável";"Com Vítimas Feridas";"Plena Noite";"Crescente";"Céu Claro";"Dupla";"Reta";"Não";1;0;0;1;0;0;1;1;-19,32396135;-54,61180329;"SPRF-MS";"DEL06-MS";"UOP02-DEL06-MS"
157559;2018-09-05;"quarta-feira";"19:05:00";"SC";470;67,1;"INDAIAL";"Defeito na Via";"Tombamento";"Com Vítimas Feridas";"Plena Noite";"Decrescente";"Céu Claro";"Simples";"Reta";"Não";1;0;0;1;0;0;1;1;-26,8724924;-49,23188746;"SPRF-SC";"DEL04-SC";"UOP01-DEL04-SC"
157562;2018-09-05;"quarta-feira";"22:40:00";"MG";381;514;"IGARAPE";"Falta de Atenção à Condução";"Tombamento";"Com Vítimas Feridas";"Plena Noite";"Decrescente";"Céu Claro";"Dupla";"Reta";"Não";1;0;1;0;0;0;1;1;-20,0906;-44,3137;"SPRF-MG";"DEL01-MG";"UOP03-DEL01-MG"
157564;2018-09-05;"quarta-feira";"17:45:00";"RS";392;3;"RIO GRANDE";"Desobediência às normas de trânsito pelo condutor";"Colisão transversal";"Com Vítimas Feridas";"Anoitecer";"Decrescente";"Céu Claro";"Simples";"Reta";"Não";2;0;1;0;0;1;1;2;-32,062267;-52,089527;"SPRF-RS";"DEL07-RS";"UOP02-DEL07-RS"
157565;2018-09-05;"quarta-feira";"19:15:00";"MG";116;529,9;"CARATINGA";"Ingestão de Álcool";"Colisão com objeto estático";"Sem Vítimas";"Plena Noite";"Decrescente";"Céu Claro";"Dupla";"Reta";"Sim";1;0;0;0;1;0;0;1;-19,797884;-42,138125;"SPRF-MG";"DEL06-MG";"UOP02-DEL06-MG"
157566;2018-09-05;"quarta-feira";"19:45:00";"SP";153;80;"BADY BASSITT";"Falta de Atenção à Condução";"Saída de leito carroçável";"Sem Vítimas";"Plena Noite";"Crescente";"Céu Claro";"Simples";"Aclive";"Não";1;0;0;0;1;0;0;1;-20,909113;-49,480247;"SPRF-SP";"DEL09-SP";"UOP01-DEL09-SP"
157567;2018-09-05;"quarta-feira";"23:15:00";"GO";153;619;"MORRINHOS";"Falta de Atenção à Condução";"Saída de leito carroçável";"Com Vítimas Feridas";"Plena Noite";"Decrescente";"Céu Claro";"Dupla";"Reta;Aclive";"Não";1;0;1;0;0;0;1;1;-17,7129;-49,1549;"SPRF-GO";"DEL03-GO";"UOP01-DEL03-GO"
157568;2018-09-05;"quarta-feira";"22:20:00";"PR";116;146;"MANDIRITUBA";"Ingestão de Álcool";"Saída de leito carroçável";"Sem Vítimas";"Plena Noite";"Decrescente";"Nublado";"Simples";"Reta";"Sim";1;0;0;0;1;0;0;1;-25,81397372;-49,32968616;"SPRF-PR";"DEL01-PR";"UOP03-DEL01-PR"
157571;2018-09-05;"quarta-feira";"19:25:00";"RO";364;563,2;"ALTO PARAISO";"Animais na Pista";"Atropelamento de Animal";"Com Vítimas Fatais";"Plena Noite";"Crescente";"Céu Claro";"Simples";"Reta;Interseção de Vias";"Não";5;1;4;0;0;0;4;1;-9,53050099;-63,07705879;"SPRF-RO";"DEL03-RO";"UOP04-DEL01-RO"
157572;2018-09-05;"quarta-feira";"21:50:00";"MT";364;358;"SANTO ANTONIO DO LEVERGER";"Objeto estático sobre o leito carroçável";"Colisão com objeto estático";"Com Vítimas Feridas";"Plena Noite";"Crescente";"Céu Claro";"Dupla";"Curva";"Não";2;0;2;0;0;0;2;1;-15,777861;-55,614037;"SPRF-MT";"DEL02-MT";"UOP02-DEL01-MT"
157576;2018-09-05;"quarta-feira";"21:30:00";"MG";262;16,4;"MARTINS SOARES";"Avarias e/ou desgaste excessivo no pneu";"Colisão lateral";"Com Vítimas Feridas";"Plena Noite";"Decrescente";"Céu Claro";"Simples";"Curva;Aclive";"Não";2;0;2;0;0;0;2;2;-20,261551;-41,885254;"SPRF-MG";"DEL06-MG";"UOP03-DEL06-MG"
157578;2018-09-06;"quinta-feira";"01:50:00";"PE";423;75,6;"JUPI";"Falta de Atenção à Condução";"Capotamento";"Com Vítimas Feridas";"Plena Noite";"Crescente";"Nublado";"Simples";"Curva";"Não";1;0;0;1;0;0;1;1;-8,7281;-36,43167;"SPRF-PE";"DEL03-PE";"UOP01-DEL03-PE"
157579;2018-09-06;"quinta-feira";"02:20:00";"PR";376;9,1;"MARINGA";"Ingestão de Álcool";"Tombamento";"Com Vítimas Feridas";"Plena Noite";"Decrescente";"Céu Claro";"Dupla";"Reta";"Não";1;0;0;1;0;0;1;1;-23,37743797;-51,91639781;"SPRF-PR";"DEL07-PR";"UOP01-DEL09-PR"
157580;2018-09-05;"quarta-feira";"19:50:00";"RO";364;556,7;"ALTO PARAISO";"Animais na Pista";"Atropelamento de Animal";"Com Vítimas Feridas";"Plena Noite";"Decrescente";"Céu Claro";"Simples";"Reta";"Não";2;0;2;0;0;0;2;1;-9,597798;-63,072948;"SPRF-RO";"DEL03-RO";"UOP01-DEL03-RO"
157581;2018-09-05;"quarta-feira";"19:00:00";"BA";116;817;"VITORIA DA CONQUISTA";"Falta de Atenção à Condução";"Atropelamento de Pedestre";"Com Vítimas Feridas";"Plena Noite";"Decrescente";"Céu Claro";"Simples";"Reta";"Não";2;0;0;1;0;1;1;2;-14,82742091;-40,82590878;"SPRF-BA";"DEL08-BA";"UOP01-DEL08-BA"
157582;2018-09-06;"quinta-feira";"01:40:00";"MG";365;340,6;"VARJAO DE MINAS";"Ingestão de Álcool";"Saída de leito carroçável";"Com Vítimas Fatais";"Plena Noite";"Decrescente";"Céu Claro";"Simples";"Reta";"Não";5;2;0;3;0;0;3;1;-18,35648285;-46,01890616;"SPRF-MG";"DEL10-MG";"UOP01-DEL10-MG"
157583;2018-09-06;"quinta-feira";"03:00:00";"MG";365;407,5;"PATOS DE MINAS";"Ingestão de Álcool";"Queda de ocupante de veículo";"Com Vítimas Feridas";"Plena Noite";"Decrescente";"Céu Claro";"Simples";"Viaduto";"Sim";2;0;0;1;0;1;1;2;-18,637;-46,487;"SPRF-MG";"DEL10-MG";"UOP01-DEL10-MG"
157584;2018-09-06;"quinta-feira";"02:30:00";"SP";459;20,5;"PIQUETE";"Falta de Atenção à Condução";"Saída de leito carroçável";"Com Vítimas Feridas";"Plena Noite";"Decrescente";"Céu Claro";"Simples";"Reta";"Não";1;0;1;0;0;0;1;1;-22,654818;-45,143578;"SPRF-SP";"DEL08-SP";"UOP03-DEL08-SP"
157585;2018-07-17;"terça-feira";"21:00:00";"MG";251;330;"SALINAS";"Pista Escorregadia";"Capotamento";"Com Vítimas Feridas";"Plena Noite";"Crescente";"Garoa/Chuvisco";"Simples";"Curva";"Não";1;0;1;0;0;0;1;1;-16,2497;-42,3884;"SPRF-MG";"DEL12-MG";"UOP01-DEL12-MG"
157586;2018-09-06;"quinta-feira";"02:50:00";"PR";476;133,8;"CURITIBA";"Falta de Atenção à Condução";"Colisão com objeto estático";"Sem Vítimas";"Plena Noite";"Crescente";"Céu Claro";"Múltipla";"Reta";"Sim";1;0;0;0;1;0;0;1;-25,469219;-49,254143;"SPRF-PR";"DEL01-PR";"UOP07-DEL01-PR"
157588;2018-07-31;"terça-feira";"07:15:00";"BA";324;514;"FEIRA DE SANTANA";"Falta de Atenção à Condução";"Colisão lateral";"Com Vítimas Feridas";"Pleno dia";"Crescente";"Céu Claro";"Simples";"Reta";"Sim";3;0;0;1;1;1;1;2;-12,23712151;-38,9419198;"SPRF-BA";"DEL02-BA";"UOP01-DEL02-BA"