"id";"data_inversa";"dia_semana";"horario";"uf";"br";"km";"municipio";"causa_acidente";"tipo_acidente";"classificacao_acidente";"fase_dia";"sentido_via";"condicao_metereologica";"tipo_pista";"tracado_via";"uso_solo";"pessoas";"mortos";"feridos_leves";"feridos_graves";"ilesos";"ignorados";"feridos";"veiculos";"latitude";"longitude";"regional";"delegacia";"uop"
157589;2018-09-06;"quinta-feira";"03:20:00";"RN";101;102,7;"PARNAMIRIM";"Condutor Dormindo";"Colisão com objeto estático";"Sem Vítimas";"Plena Noite";"Crescente";"Céu Claro";"Simples";"Interseção de Vias";"Sim";1;0;0;0;0;1;0;1;-5,88861;-35,24033;"SPRF-RN";"DEL01-RN";"UOP01-DEL01-RN"
157593;2018-09-06;"quinta-feira";"03:58:00";"PR";376;115;"ALTO PARANA";"Ingestão de Álcool";"Saída de leito carroçável";"Com Vítimas Feridas";"Plena Noite";"Decrescente";"Céu Claro";"Dupla";"Reta";"Não";1;0;1;0;0;0;1;1;-23,093431;-52,384197;"SPRF-PR";"DEL07-PR";"UOP02-DEL09-PR"
157594;2018-09-06;"quinta-feira";"05:50:00";"CE";222;229;"SOBRAL";"Falta de Atenção à Condução";"Queda de ocupante de veículo";"Com Vítimas Feridas";"Amanhecer";"Crescente";"Céu Claro";"Simples";"Reta";"Sim";1;0;0;1;0;0;1;1;-3,69591077;-40,38021147;"SPRF-CE";"DEL04-CE";"UOP01-DEL04-CE"
157595;2018-09-06;"quinta-feira";"06:20:00";"SC";282;5,5;"SAO JOSE";"Não guardar distância de segurança";"Colisão traseira";"Com Vítimas Feridas";"Amanhecer";"Decrescente";"Céu Claro";"Dupla";"Reta";"Não";2;0;1;0;1;0;1;2;-27,60205794;-48,59651674;"SPRF-SC";"DEL01-SC";"UOP01-DEL01-SC"
157596;2018-09-06;"quinta-feira";"05:15:00";"MS";163;682;"RIO VERDE DE MATO GROSSO";"Falta de Atenção à Condução";"Colisão traseira";"Com Vítimas Feridas";"Amanhecer";"Decrescente";"Céu Claro";"Simples";"Reta";"Sim";3;0;2;0;1;0;2;1;-18,89897833;-54,84272003;"SPRF-MS";"DEL06-MS";"UOP02-DEL06-MS"
157598;2018-09-06;"quinta-feira";"06:50:00";"PR";373;264,4;"PRUDENTOPOLIS";"Falta de Atenção à Condução";"Colisão frontal";"Com Vítimas Feridas";"Amanhecer";"Decrescente";"Nublado";"Simples";"Reta";"Sim";2;0;0;2;0;0;2;2;-25,198814;-50,968155;"SPRF-PR";"DEL03-PR";"UOP01-DEL03-PR"
157600;2018-09-06;"quinta-feira";"06:00:00";"DF";70;13,7;"BRASILIA";"Desobediência às normas de trânsito pelo condutor";"Colisão lateral";"Com Vítimas Feridas";"Pleno dia";"Decrescente";"Sol";"Dupla";"Rotatória";"Não";3;0;2;0;1;0;2;2;-15,7965689;-48,1723237;"SPRF-DF";"DEL01-DF";"UOP02-DEL03-DF"
157602;2018-09-06;"quinta-feira";"07:14:00";"SP";116;201,3;"ARUJA";"Falta de Atenção à Condução";"Queda de ocupante de veículo";"Com Vítimas Feridas";"Amanhecer";"Crescente";"Nublado";"Dupla";"Curva";"Sim";2;0;0;1;0;1;1;2;-23,40419884;-46,33195996;"SPRF-SP";"DEL01-SP";"UOP02-DEL01-SP"
157603;2018-09-06;"quinta-feira";"07:00:00";"SE";101;92,2;"NOSSA SENHORA DO SOCORRO";"Falta de Atenção do Pedestre";"Atropelamento de Pedestre";"Com Vítimas Feridas";"Pleno dia";"Crescente";"Sol";"Dupla";"Reta";"Sim";2;0;1;0;1;0;1;2;-10,90183486;-37,1352911;"SPRF-SE";"DEL01-SE";"UOP01-DEL01-SE"
157605;2018-09-06;"quinta-feira";"06:30:00";"SC";116;4;"MAFRA";"Desobediência às normas de trânsito pelo condutor";"Colisão com objeto estático";"Com Vítimas Feridas";"Pleno dia";"Decrescente";"Nevoeiro/Neblina";"Simples";"Em Obras;Reta";"Sim";1;0;1;0;0;0;1;1;-26,13555;-49,807266;"SPRF-SC";"DEL06-SC";"UOP01-DEL06-SC"
157606;2018-06-30;"sábado";"09:30:00";"SC";101;203;"SAO JOSE";"Ingestão de Álcool";"Colisão transversal";"Sem Vítimas";"Pleno dia";"Crescente";"Céu Claro";"Dupla";"Interseção de Vias";"Não";2;0;0;0;2;0;0;2;-27,56588448;-48,61410499;"SPRF-SC";"DEL01-SC";"UOP01-DEL01-SC"
157608;2018-09-06;"quinta-feira";"07:28:00";"GO";153;501,6;"GOIANIA";"Não guardar distância de segurança";"Engavetamento";"Com Vítimas Feridas";"Pleno dia";"Crescente";"Sol";"Dupla";"Reta";"Sim";5;0;1;0;4;0;1;5;-16,71775458;-49,21737671;"SPRF-GO";"DEL01-GO";"UOP01-DEL01-GO"
157609;2018-09-06;"quinta-feira";"06:20:00";"GO";60;459;"JATAI";"Defeito Mecânico no Veículo";"Incêndio";"Sem Vítimas";"Amanhecer";"Decrescente";"Céu Claro";"Dupla";"Reta";"Não";1;0;0;0;1;0;0;1;-17,9208192;-51,6882432;"SPRF-GO";"DEL05-GO";"UOP01-DEL05-GO"
157610;2018-09-06;"quinta-feira";"07:20:00";"SC";101;337,1;"TUBARAO";"Velocidade Incompatível";"Colisão com objeto estático";"Com Vítimas Feridas";"Pleno dia";"Decrescente";"Céu Claro";"Múltipla";"Curva";"Sim";1;0;1;0;0;0;1;1;-28,4786599;-49,03301055;"SPRF-SC";"DEL02-SC";"UOP01-DEL02-SC"
157611;2018-07-08;"domingo";"08:00:00";"ES";101;1,8;"VITORIA";"Falta de Atenção à Condução";"Colisão traseira";"Com Vítimas Feridas";"Pleno dia";"Crescente";"Sol";"Simples";"Reta";"Sim";2;0;1;0;1;0;1;2;-20,25422551;-40,28907537;"SPRF-ES";"DEL02-ES";"UOP01-DEL02-ES"
157612;2018-09-06;"quinta-feira";"07:50:00";"SC";101;116,9;"ITAJAI";"Não guardar distância de segurança";"Colisão traseira";"Com Vítimas Feridas";"Pleno dia";"Crescente";"Sol";"Múltipla";"Reta";"Sim";3;0;0;1;1;1;1;2;-26,88668901;-48,72297049;"SPRF-SC";"DEL04-SC";"UOP04-DEL04-SC"
157614;2018-09-06;"quinta-feira";"07:15:00";"RN";101;97,9;"NATAL";"Falta de Atenção à Condução";"Colisão traseira";"Com Vítimas Feridas";"Pleno dia";"Decrescente";"Chuva";"Dupla";"Em Obras";"Sim";3;0;1;0;2;0;1;3;-5,865723;-35,216537;"SPRF-RN";"DEL01-RN";"UOP01-DEL01-RN"
157617;2018-09-06;"quinta-feira";"07:50:00";"SC";470;99;"APIUNA";"Desobediência às normas de trânsito pelo condutor";"Colisão lateral";"Com Vítimas Feridas";"Pleno dia";"Crescente";"Nublado";"Simples";"Reta";"Sim";2;0;1;0;0;1;1;2;-27,037956;-49,393417;"SPRF-SC";"DEL04-SC";"UOP01-DEL04-SC"
157619;2018-09-06;"quinta-feira";"07:50:00";"GO";153;494,3;"GOIANIA";"Falta de Atenção à Condução";"Colisão traseira";"Com Vítimas Feridas";"Pleno dia";"Crescente";"Céu Claro";"Dupla";"Reta";"Sim";7;0;3;0;4;0;3;5;-16,6614;-49,2218;"SPRF-GO";"DEL01-GO";"UOP01-DEL01-GO"
157620;2018-09-06;"quinta-feira";"05:40:00";"MA";316;571,9;"CAXIAS";"Falta de Atenção do Pedestre";"Atropelamento de Pedestre";"Com Vítimas Fatais";"Amanhecer";"Crescente";"Céu Claro";"Simples";"Interseção de Vias";"Não";2;1;0;0;1;0;0;2;-4,92859579;-43,18515837;"SPRF-MA";"DEL03-MA";"UOP02-DEL03-MA"
157622;2018-09-06;"quinta-feira";"06:50:00";"AC";364;134;"RIO BRANCO";"Falta de Atenção à Condução";"Colisão lateral";"Com Vítimas Feridas";"Pleno dia";"Crescente";"Céu Claro";"Dupla";"Reta";"Sim";2;0;1;0;0;1;1;2;-9,993503;-67,848679;"SPRF-AC";"DEL01-AC";"UOP01-DEL01-AC"
157623;2018-09-06;"quinta-feira";"08:45:00";"PR";369;187,4;"ARAPONGAS";"Desobediência às normas de trânsito pelo condutor";"Colisão transversal";"Com Vítimas Feridas";"Pleno dia";"Decrescente";"Céu Claro";"Simples";"Reta";"Sim";3;0;2;0;1;0;2;2;-23,42688598;-51,4232772;"SPRF-PR";"DEL07-PR";"UOP03-DEL07-PR"
157624;2018-09-06;"quinta-feira";"07:00:00";"MG";40;129,8;"JOAO PINHEIRO";"Falta de Atenção à Condução";"Colisão transversal";"Com Vítimas Feridas";"Pleno dia";"Crescente";"Céu Claro";"Simples";"Interseção de Vias";"Não";2;0;2;0;0;0;2;2;-17,703953;-46,294704;"SPRF-MG";"DEL14-MG";"UOP01-DEL14-MG"
157625;2018-09-06;"quinta-feira";"09:00:00";"SC";101;215;"PALHOCA";"Falta de Atenção à Condução";"Colisão lateral";"Com Vítimas Feridas";"Pleno dia";"Decrescente";"Céu Claro";"Múltipla";"Reta";"Sim";3;0;1;0;2;0;1;3;-27,6601;-48,6774;"SPRF-SC";"DEL01-SC";"UOP02-DEL01-SC"
157627;2018-09-06;"quinta-feira";"07:55:00";"RJ";0;0;"SANTA MARIA MADALENA";"Restrição de Visibilidade";"Colisão transversal";"Com Vítimas Feridas";"Pleno dia";"Não Informado";"Céu Claro";"Simples";"Reta";"Sim";2;0;0;1;1;0;1;2;-22;-42;"SPRF-RJ";"DEL02-RJ";"UOP03-DEL02-RJ"
157628;2018-09-06;"quinta-feira";"09:00:00";"CE";116;466,3;"BARRO";"Avarias e/ou desgaste excessivo no pneu";"Tombamento";"Com Vítimas Feridas";"Pleno dia";"Decrescente";"Nublado";"Simples";"Curva";"Não";1;0;1;0;0;0;1;1;-7,23782534;-38,84127925;"SPRF-CE";"DEL05-CE";"UOP03-DEL05-CE"
157629;2018-09-06;"quinta-feira";"09:05:00";"MG";40;511;"RIBEIRAO DAS NEVES";"Pista Escorregadia";"Tombamento";"Com Vítimas Feridas";"Pleno dia";"Crescente";"Céu Claro";"Dupla";"Interseção de Vias";"Sim";1;0;1;0;0;0;1;1;-19,785227;-44,114773;"SPRF-MG";"DEL01-MG";"UOP03-DEL01-MG"
157631;2018-09-06;"quinta-feira";"08:20:00";"MS";60;516,9;"NIOAQUE";"Falta de Atenção à Condução";"Saída de leito carroçável";"Com Vítimas Feridas";"Pleno dia";"Crescente";"Sol";"Simples";"Curva";"Não";4;0;3;1;0;0;4;1;-21,169865;-55,64669;"SPRF-MS";"DEL05-MS";"UOP01-DEL05-MS"
157633;2018-09-06;"quinta-feira";"09:15:00";"SC";101;125,6;"ITAJAI";"Velocidade Incompatível";"Colisão com objeto estático";"Com Vítimas Feridas";"Pleno dia";"Decrescente";"Sol";"Dupla";"Curva";"Não";1;0;1;0;0;0;1;1;-26,9557;-48,6796;"SPRF-SC";"DEL04-SC";"UOP04-DEL04-SC"
157634;2018-09-06;"quinta-feira";"09:05:00";"RJ";40;18,5;"TRES RIOS";"Defeito Mecânico no Veículo";"Queda de ocupante de veículo";"Com Vítimas Feridas";"Pleno dia";"Decrescente";"Céu Claro";"Dupla";"Curva";"Não";1;0;1;0;0;0;1;1;-22,09863749;-43,17222191;"SPRF-RJ";"DEL06-RJ";"UOP02-DEL05-RJ"
157635;2018-09-06;"quinta-feira";"09:26:00";"DF";70;6,5;"BRASILIA";"Falta de Atenção à Condução";"Colisão lateral";"Com Vítimas Feridas";"Pleno dia";"Decrescente";"Céu Claro";"Dupla";"Reta";"Sim";4;0;0;1;3;0;1;2;-15,78956935;-48,11011422;"SPRF-DF";"DEL01-DF";"UOP02-DEL03-DF"
157636;2018-09-06;"quinta-feira";"07:50:00";"SP";116;108,5;"TAUBATE";"Falta de Atenção à Condução";"Colisão traseira";"Com Vítimas Feridas";"Pleno dia";"Crescente";"Céu Claro";"Dupla";"Reta";"Sim";3;0;1;0;2;0;1;2;-23,023352;-45,537693;"SPRF-SP";"DEL06-SP";"UOP01-DEL06-SP"
157637;2018-09-06;"quinta-feira";"10:15:00";"PE";116;47;"SALGUEIRO";"Velocidade Incompatível";"Saída de leito carroçável";"Com Vítimas Feridas";"Pleno dia";"Crescente";"Sol";"Simples";"Reta";"Não";2;0;1;1;0;0;2;1;-8,248612;-39,113926;"SPRF-PE";"DEL05-PE";"UOP01-DEL05-PE"
157640;2018-09-06;"quinta-feira";"11:20:00";"PI";343;332,7;"TERESINA";"Falta de Atenção à Condução";"Colisão traseira";"Sem Vítimas";"Pleno dia";"Crescente";"Céu Claro";"Simples";"Reta";"Não";3;0;0;0;3;0;0;3;-5,083136;-42,7753472;"SPRF-PI";"DEL01-PI";"UOP01-DEL01-PI"
157643;2018-09-06;"quinta-feira";"11:10:00";"GO";60;198,8;"GUAPO";"Velocidade Incompatível";"Saída de leito carroçável";"Com Vítimas Feridas";"Pleno dia";"Decrescente";"Sol";"Dupla";"Reta";"Não";2;0;2;0;0;0;2;1;-16,87870139;-49,61574376;"SPRF-GO";"DEL01-GO";"UOP02-DEL01-GO"
157645;2018-09-06;"quinta-feira";"09:15:00";"RO";364;16;"VILHENA";"Desobediência às normas de trânsito pelo condutor";"Colisão lateral";"Com Vítimas Feridas";"Pleno dia";"Crescente";"Céu Claro";"Dupla";"Reta";"Sim";3;0;1;0;2;0;1;2;-12,734379;-60,156971;"SPRF-RO";"DEL04-RO";"UOP01-DEL04-RO"
157646;2018-09-06;"quinta-feira";"09:30:00";"MA";316;517,2;"CAXIAS";"Pista Escorregadia";"Capotamento";"Sem Vítimas";"Pleno dia";"Crescente";"Chuva";"Simples";"Curva";"Não";1;0;0;0;1;0;0;1;-4,76838883;-43,62190247;"SPRF-MA";"DEL03-MA";"UOP02-DEL03-MA"
157652;2018-09-06;"quinta-feira";"12:50:00";"SP";116;202;"ARUJA";"Mal Súbito";"Colisão com objeto estático";"Com Vítimas Feridas";"Pleno dia";"Decrescente";"Céu Claro";"Dupla";"Reta";"Não";1;0;1;0;0;0;1;1;-23,40796;-46,33827;"SPRF-SP";"DEL01-SP";"UOP02-DEL01-SP"
157653;2018-09-06;"quinta-feira";"13:00:00";"CE";222;8,6;"CAUCAIA";"Falta de Atenção à Condução";"Colisão lateral";"Sem Vítimas";"Pleno dia";"Crescente";"Céu Claro";"Dupla";"Rotatória";"Sim";2;0;0;0;2;0;0;2;-3,7372501;-38,6460606;"SPRF-CE";"DEL01-CE";"UOP01-DEL01-CE"
157654;2018-09-06;"quinta-feira";"12:50:00";"GO";153;500,2;"GOIANIA";"Falta de Atenção à Condução";"Colisão traseira";"Com Vítimas Feridas";"Pleno dia";"Crescente";"Céu Claro";"Dupla";"Reta";"Sim";2;0;1;0;1;0;1;2;-16,7118;-49,2324;"SPRF-GO";"DEL01-GO";"UOP01-DEL01-GO"
157655;2018-09-06;"quinta-feira";"13:04:00";"DF";20;19,4;"BRASILIA";"Falta de Atenção do Pedestre";"Atropelamento de Pedestre";"Com Vítimas Feridas";"Pleno dia";"Decrescente";"Céu Claro";"Dupla";"Reta";"Sim";2;0;1;1;0;0;2;2;-15,60416891;-47,68623233;"SPRF-DF";"DEL02-DF";"UOP01-DEL02-DF"
157659;2018-09-06;"quinta-feira";"13:45:00";"BA";242;595;"MUQUEM DE SAO FRANCISCO";"Desobediência às normas de trânsito pelo condutor";"Colisão traseira";"Sem Vítimas";"Pleno dia";"Crescente";"Céu Claro";"Simples";"Reta";"Não";2;0;0;0;2;0;0;2;-12,157269;-43,300186;"SPRF-BA";"DEL10-BA";"UOP03-DEL06-BA"
157661;2018-09-06;"quinta-feira";"13:15:00";"RS";290;37;"SANTO ANTONIO DA PATRULHA";"Falta de Atenção à Condução";"Colisão lateral";"Sem Vítimas";"Pleno dia";"Crescente";"Céu Claro";"Múltipla";"Reta";"Não";2;0;0;0;2;0;0;2;-29,88597404;-50,62924862;"SPRF-RS";"DEL03-RS";"UOP02-DEL03-RS"
157662;2018-09-06;"quinta-feira";"13:00:00";"MA";222;672,7;"ACAILANDIA";"Não guardar distância de segurança";"Colisão traseira";"Com Vítimas Feridas";"Pleno dia";"Crescente";"Céu Claro";"Simples";"Declive";"Sim";3;0;2;0;1;0;2;2;-4,949;-47,479;"SPRF-MA";"DEL04-MA";"UOP03-DEL04-MA"
157663;2018-09-06;"quinta-feira";"13:30:00";"RJ";101;296;"ITABORAI";"Falta de Atenção à Condução";"Colisão lateral";"Com Vítimas Feridas";"Pleno dia";"Decrescente";"Céu Claro";"Dupla";"Reta";"Sim";2;0;1;0;1;0;1;2;-22,767054;-42,910255;"SPRF-RJ";"DEL02-RJ";"DEL5/2-UOP04/RJ"
157664;2018-09-06;"quinta-feira";"13:05:00";"SC";101;210;"SAO JOSE";"Falta de Atenção à Condução";"Colisão traseira";"Com Vítimas Feridas";"Pleno dia";"Decrescente";"Céu Claro";"Múltipla";"Reta";"Sim";2;0;1;0;1;0;1;2;-27,6235;-48,6524;"SPRF-SC";"DEL01-SC";"UOP01-DEL01-SC"
157665;2018-09-06;"quinta-feira";"11:00:00";"CE";116;514,6;"BREJO SANTO";"Desobediência às normas de trânsito pelo condutor";"Colisão transversal";"Com Vítimas Feridas";"Pleno dia";"Decrescente";"Céu Claro";"Simples";"Reta";"Não";4;0;3;0;0;1;3;2;-7,58881982;-39,02375937;"SPRF-CE";"DEL05-CE";"UOP03-DEL05-CE"
157669;2018-09-06;"quinta-feira";"14:37:00";"PR";376;174,6;"MARINGA";"Desobediência às normas de trânsito pelo condutor";"Colisão transversal";"Com Vítimas Feridas";"Pleno dia";"Crescente";"Céu Claro";"Dupla";"Declive";"Sim";2;0;0;1;1;0;1;2;-23,414711;-51,9502736;"SPRF-PR";"DEL07-PR";"UOP01-DEL09-PR"
157670;2018-09-06;"quinta-feira";"14:10:00";"PB";101;89,9;"JOAO PESSOA";"Defeito na Via";"Colisão com objeto estático";"Com Vítimas Feridas";"Pleno dia";"Crescente";"Nublado";"Dupla";"Reta";"Não";2;0;1;1;0;0;2;1;-7,1903277;-34,9037929;"SPRF-PB";"DEL01-PB";"UOP01-DEL01-PB"
157671;2018-09-06;"quinta-feira";"11:00:00";"SC";282;212,1;"LAGES";"Falta de Atenção à Condução";"Colisão transversal";"Com Vítimas Feridas";"Pleno dia";"Decrescente";"Sol";"Simples";"Reta";"Não";2;0;1;0;1;0;1;2;-27,782257;-50,251381;"SPRF-SC";"DEL05-SC";"UOP01-DEL05-SC"
157672;2018-05-05;"sábado";"17:00:00";"MG";365;607;"UBERLANDIA";"Desobediência às normas de trânsito pelo condutor";"Queda de ocupante de veículo";"Com Vítimas Feridas";"Pleno dia";"Decrescente";"Céu Claro";"Simples";"Reta";"Não";1;0;0;1;0;0;1;1;-18,91132083;-48,1716156;"SPRF-MG";"DEL15-MG";"UOP01-DEL15-MG"
157674;2018-09-06;"quinta-feira";"14:00:00";"MG";381;367;"SAO GONCALO DO RIO ABAIXO";"Pista Escorregadia";"Queda de ocupante de veículo";"Com Vítimas Feridas";"Pleno dia";"Decrescente";"Céu Claro";"Simples";"Curva";"Não";1;0;1;0;0;0;1;1;-19,8563367;-43,22716713;"SPRF-MG";"DEL03-MG";"UOP01-DEL03-MG"
157676;2018-09-06;"quinta-feira";"07:20:00";"PI";343;320,4;"ALTOS";"Defeito na Via";"Tombamento";"Com Vítimas Feridas";"Pleno dia";"Crescente";"Chuva";"Simples";"Reta";"Não";2;0;2;0;0;0;2;1;-5,048756;-42,569283;"SPRF-PI";"DEL01-PI";"UOP01-DEL01-PI"
157677;2018-09-06;"quinta-feira";"15:39:00";"RJ";101;271,6;"RIO BONITO";"Ingestão de Álcool";"Saída de leito carroçável";"Sem Vítimas";"Pleno dia";"Crescente";"Céu Claro";"Dupla";"Aclive";"Não";1;0;0;0;1;0;0;1;-22,724432;-42,69368;"SPRF-RJ";"DEL02-RJ";"UOP03-DEL02-RJ"
157678;2018-09-06;"quinta-feira";"14:30:00";"DF";60;23,5;"BRASILIA";"Falta de Atenção à Condução";"Saída de leito carroçável";"Sem Vítimas";"Pleno dia";"Decrescente";"Céu Claro";"Dupla";"Reta";"Não";1;0;0;0;1;0;0;1;-15,9890132;-48,22708368;"SPRF-DF";"DEL01-DF";"UOP01-DEL03-DF"
157679;2018-09-06;"quinta-feira";"14:00:00";"MS";60;352,7;"CAMPO GRANDE";"Falta de Atenção à Condução";"Saída de leito carroçável";"Sem Vítimas";"Pleno dia";"Crescente";"Céu Claro";"Simples";"Reta";"Não";1;0;0;0;0;1;0;1;-20,453438;-54,749188;"SPRF-MS";"DEL01-MS";"UOP03-DEL01-MS"
157680;2018-09-06;"quinta-feira";"15:25:00";"PR";163;86,5;"CAPANEMA";"Falta de Atenção à Condução";"Colisão transversal";"Com Vítimas Feridas";"Pleno dia";"Decrescente";"Sol";"Simples";"Curva;Aclive";"Não";5;0;1;1;3;0;2;2;-25,686167;-53,788643;"SPRF-PR";"DEL02-PR";"UOP02-DEL02-PR"
157682;2018-09-06;"quinta-feira";"17:20:00";"SC";101;351,8;"JAGUARUNA";"Defeito Mecânico no Veículo";"Tombamento";"Com Vítimas Feridas";"Pleno dia";"Decrescente";"Céu Claro";"Dupla";"Viaduto";"Sim";2;0;2;0;0;0;2;1;-28,60145953;-49,05287683;"SPRF-SC";"DEL02-SC";"UOP01-DEL02-SC"
157683;2018-09-06;"quinta-feira";"14:50:00";"SP";116;225,8;"GUARULHOS";"Falta de Atenção à Condução";"Colisão com objeto estático";"Com Vítimas Feridas";"Pleno dia";"Crescente";"Céu Claro";"Múltipla";"Reta";"Sim";3;0;1;0;2;0;1;1;-23,49176475;-46,55072441;"SPRF-SP";"DEL01-SP";"UOP01-DEL01-SP"
157684;2018-09-06;"quinta-feira";"17:30:00";"ES";259;63;"COLATINA";"Falta de Atenção à Condução";"Colisão transversal";"Com Vítimas Feridas";"Anoitecer";"Crescente";"Nublado";"Simples";"Interseção de Vias";"Sim";2;0;1;0;1;0;1;2;-19,527531;-40,698704;"SPRF-ES";"DEL02-ES";"UOP01-DEL02-ES"
157685;2018-09-06;"quinta-feira";"15:40:00";"SP";116;215;"GUARULHOS";"Falta de Atenção à Condução";"Colisão lateral";"Com Vítimas Feridas";"Pleno dia";"Decrescente";"Céu Claro";"Múltipla";"Reta";"Sim";2;0;1;0;1;0;1;2;-23,45074092;-46,46333545;"SPRF-SP";"DEL01-SP";"UOP01-DEL01-SP"
157687;2018-09-06;"quinta-feira";"16:45:00";"SC";101;73;"ARAQUARI";"Falta de Atenção à Condução";"Engavetamento";"Com Vítimas Feridas";"Pleno dia";"Decrescente";"Céu Claro";"Dupla";"Reta";"Não";6;0;1;0;5;0;1;5;-26,5467;-48,7127;"SPRF-SC";"DEL03-SC";"UOP02-DEL03-SC"
157688;2018-09-06;"quinta-feira";"14:00:00";"MA";316;259,8;"SANTA INES";"Desobediência às normas de trânsito pelo condutor";"Colisão traseira";"Com Vítimas Feridas";"Pleno dia";"Crescente";"Sol";"Simples";"Reta";"Sim";3;0;1;0;2;0;1;2;-3,66837317;-45,39558828;"SPRF-MA";"DEL02-MA";"UI04-DEL02-MA"
157689;2018-09-06;"quinta-feira";"16:30:00";"RJ";101;285;"ITABORAI";"Defeito Mecânico no Veículo";"Incêndio";"Sem Vítimas";"Anoitecer";"Decrescente";"Nublado";"Dupla";"Reta";"Sim";1;0;0;0;0;1;0;1;-22,74992;-42,816509;"SPRF-RJ";"DEL02-RJ";"UOP03-DEL02-RJ"
157690;2018-09-06;"quinta-feira";"17:50:00";"GO";60;47;"APARECIDA DE GOIANIA";"Não guardar distância de segurança";"Colisão traseira";"Com Vítimas Feridas";"Plena Noite";"Decrescente";"Céu Claro";"Dupla";"Reta;Aclive";"Sim";2;0;1;0;1;0;1;2;-16,8101;-49,2397;"SPRF-GO";"DEL01-GO";"UOP03-DEL01-GO"
157691;2018-09-06;"quinta-feira";"16:05:00";"GO";60;25,5;"ALEXANIA";"Mal Súbito";"Saída de leito carroçável";"Com Vítimas Feridas";"Pleno dia";"Crescente";"Céu Claro";"Dupla";"Aclive";"Não";2;0;1;0;1;0;1;1;-16,11014276;-48,44558716;"SPRF-DF";"DEL01-DF";"UOP01-DEL03-DF"
157693;2018-09-06;"quinta-feira";"17:35:00";"SC";280;30;"ARAQUARI";"Desobediência às normas de trânsito pelo condutor";"Colisão frontal";"Com Vítimas Feridas";"Anoitecer";"Crescente";"Céu Claro";"Simples";"Interseção de Vias";"Sim";3;0;2;0;1;0;2;2;-26,41639337;-48,77135754;"SPRF-SC";"DEL03-SC";"UOP03-DEL03-SC"
157695;2018-09-06;"quinta-feira";"17:40:00";"PB";230;38,3;"SANTA RITA";"Não guardar distância de segurança";"Engavetamento";"Sem Vítimas";"Pleno dia";"Decrescente";"Sol";"Dupla";"Reta";"Sim";4;0;0;0;4;0;0;4;-7,133817;-34,961056;"SPRF-PB";"DEL01-PB";"UOP01-DEL01-PB"
157696;2018-09-06;"quinta-feira";"17:40:00";"PA";316;4;"ANANINDEUA";"Falta de Atenção à Condução";"Colisão frontal";"Com Vítimas Feridas";"Pleno dia";"Decrescente";"Nublado";"Dupla";"Reta";"Sim";2;0;0;1;1;0;1;2;-1,396582;-48,422993;"SPRF-PA";"DEL01-PA";"DEL19/1-UOP05/PA"
157697;2018-09-06;"quinta-feira";"18:00:00";"PE";101;93,1;"CABO DE SANTO AGOSTINHO";"Desobediência às normas de trânsito pelo condutor";"Colisão frontal";"Com Vítimas Feridas";"Plena Noite";"Crescente";"Céu Claro";"Simples";"Reta";"Sim";2;0;1;0;1;0;1;2;-8,246546;-34,996988;"SPRF-PE";"DEL01-PE";"UOP03-DEL01-PE"
157699;2018-09-06;"quinta-feira";"17:20:00";"RS";285;119;"VACARIA";"Falta de Atenção à Condução";"Colisão traseira";"Com Vítimas Feridas";"Pleno dia";"Crescente";"Céu Claro";"Simples";"Reta";"Sim";2;0;0;1;1;0;1;2;-28,4813732;-50,9092609;"SPRF-RS";"DEL05-RS";"UOP03-DEL05-RS"
157701;2018-09-06;"quinta-feira";"17:50:00";"PR";277;723,4;"FOZ DO IGUACU";"Ultrapassagem Indevida";"Colisão lateral";"Com Vítimas Feridas";"Pleno dia";"Decrescente";"Céu Claro";"Dupla";"Reta";"Sim";2;0;1;0;1;0;1;2;-25,50032;-54,533068;"SPRF-PR";"DEL05-PR";"UOP01-DEL05-PR"
157702;2018-09-06;"quinta-feira";"15:40:00";"SC";101;203,2;"SAO JOSE";"Não guardar distância de segurança";"Colisão traseira";"Com Vítimas Feridas";"Pleno dia";"Crescente";"Céu Claro";"Múltipla";"Reta";"Sim";3;0;2;0;1;0;2;2;-27,566;-48,614;"SPRF-SC";"DEL01-SC";"UOP01-DEL01-SC"
157703;2018-09-06;"quinta-feira";"16:20:00";"RS";116;249;"SAO LEOPOLDO";"Falta de Atenção à Condução";"Colisão traseira";"Com Vítimas Feridas";"Pleno dia";"Decrescente";"Céu Claro";"Dupla";"Reta";"Sim";2;0;1;0;1;0;1;2;-29,78004133;-51,15750432;"SPRF-RS";"DEL01-RS";"UOP02-DEL01-RS"
157705;2018-09-06;"quinta-feira";"17:00:00";"PR";158;508,7;"PATO BRANCO";"Não guardar distância de segurança";"Colisão traseira";"Com Vítimas Feridas";"Pleno dia";"Decrescente";"Céu Claro";"Simples";"Reta";"Não";3;0;1;0;2;0;1;3;-26,12039412;-52,64222717;"SPRF-PR";"DEL02-PR";"UOP01-DEL02-PR"
157707;2018-09-06;"quinta-feira";"18:00:00";"RN";101;102;"PARNAMIRIM";"Falta de Atenção do Pedestre";"Atropelamento de Pedestre";"Com Vítimas Feridas";"Plena Noite";"Decrescente";"Céu Claro";"Dupla";"Reta";"Sim";2;0;1;1;0;0;2;2;-5,88861;-35,24033;"SPRF-RN";"DEL01-RN";"UOP01-DEL01-RN"