"id";"data_inversa";"dia_semana";"horario";"uf";"br";"km";"municipio";"causa_acidente";"tipo_acidente";"classificacao_acidente";"fase_dia";"sentido_via";"condicao_metereologica";"tipo_pista";"tracado_via";"uso_solo";"pessoas";"mortos";"feridos_leves";"feridos_graves";"ilesos";"ignorados";"feridos";"veiculos";"latitude";"longitude";"regional";"delegacia";"uop"
157911;2018-09-07;"sexta-feira";"15:45:00";"MG";381;853,5;"POUSO ALEGRE";"Não guardar distância de segurança";"Engavetamento";"Com Vítimas Feridas";"Pleno dia";"Decrescente";"Céu Claro";"Dupla";"Reta";"Não";5;0;2;0;3;0;2;4;-22,2713;-45,8926;"SPRF-MG";"DEL16-MG";"UOP01-DEL16-MG"
157912;2018-09-07;"sexta-feira";"14:40:00";"MG";50;72;"UBERLANDIA";"Desobediência às normas de trânsito pelo condutor";"Colisão lateral";"Sem Vítimas";"Pleno dia";"Decrescente";"Céu Claro";"Dupla";"Interseção de Vias";"Não";2;0;0;0;2;0;0;2;-18,92593577;-48,22113991;"SPRF-MG";"DEL15-MG";"UOP01-DEL15-MG"
157913;2018-09-07;"sexta-feira";"14:15:00";"PR";376;342;"ORTIGUEIRA";"Desobediência às normas de trânsito pelo condutor";"Colisão transversal";"Com Vítimas Fatais";"Pleno dia";"Crescente";"Céu Claro";"Simples";"Reta";"Não";7;2;0;5;0;0;5;2;-24,15049335;-50,97746003;"SPRF-PR";"DEL07-PR";"UOP02-DEL07-PR"
157916;2018-09-07;"sexta-feira";"16:20:00";"SC";101;192,5;"BIGUACU";"Não guardar distância de segurança";"Colisão traseira";"Com Vítimas Feridas";"Pleno dia";"Crescente";"Céu Claro";"Dupla";"Reta";"Sim";2;0;1;0;1;0;1;2;-27,4897;-48,6559;"SPRF-SC";"DEL01-SC";"UOP01-DEL01-SC"
157918;2018-09-07;"sexta-feira";"16:00:00";"MG";381;690;"LAVRAS";"Falta de Atenção à Condução";"Queda de ocupante de veículo";"Com Vítimas Feridas";"Pleno dia";"Decrescente";"Sol";"Dupla";"Reta";"Não";1;0;0;1;0;0;1;1;-21,20205742;-45,12011267;"SPRF-MG";"DEL04-MG";"UOP02-DEL04-MG"
157921;2018-09-07;"sexta-feira";"17:00:00";"MG";40;74,1;"PARACATU";"Falta de Atenção à Condução";"Saída de leito carroçável";"Com Vítimas Feridas";"Anoitecer";"Decrescente";"Céu Claro";"Simples";"Reta";"Não";3;0;3;0;0;0;3;1;-17,436056;-46,698597;"SPRF-MG";"DEL14-MG";"UOP01-DEL14-MG"
157922;2018-09-07;"sexta-feira";"14:10:00";"SC";280;130,4;"RIO NEGRINHO";"Falta de Atenção à Condução";"Colisão transversal";"Com Vítimas Feridas";"Pleno dia";"Decrescente";"Sol";"Simples";"Interseção de Vias";"Sim";2;0;1;0;1;0;1;2;-26,253033;-49,529274;"SPRF-SC";"DEL06-SC";"UOP03-DEL06-SC"
157924;2018-09-07;"sexta-feira";"14:00:00";"PR";277;212,6;"TEIXEIRA SOARES";"Ultrapassagem Indevida";"Colisão frontal";"Com Vítimas Feridas";"Pleno dia";"Crescente";"Céu Claro";"Simples";"Reta";"Não";11;0;6;3;2;0;9;2;-25,46388946;-50,38637459;"SPRF-PR";"DEL03-PR";"UOP02-DEL08-PR"
157925;2018-09-07;"sexta-feira";"06:00:00";"SP";381;65;"MAIRIPORA";"Falta de Atenção à Condução";"Capotamento";"Com Vítimas Feridas";"Amanhecer";"Decrescente";"Céu Claro";"Dupla";"Reta";"Sim";1;0;1;0;0;0;1;1;-23,31916126;-46,58254623;"SPRF-SP";"DEL03-SP";"DEL6/3-UOP03/SP"
157926;2018-09-07;"sexta-feira";"12:55:00";"MG";40;510,8;"RIBEIRAO DAS NEVES";"Não guardar distância de segurança";"Engavetamento";"Com Vítimas Feridas";"Pleno dia";"Decrescente";"Céu Claro";"Dupla";"Curva";"Não";5;0;1;1;3;0;2;4;-19,7744576;-44,1236043;"SPRF-MG";"DEL01-MG";"UOP03-DEL01-MG"
157927;2018-09-07;"sexta-feira";"13:20:00";"SC";280;121,2;"SAO BENTO DO SUL";"Ultrapassagem Indevida";"Colisão frontal";"Com Vítimas Feridas";"Pleno dia";"Crescente";"Sol";"Simples";"Reta";"Não";2;0;1;1;0;0;2;2;-26,255314;-49,450603;"SPRF-SC";"DEL06-SC";"UOP03-DEL06-SC"
157928;2018-09-07;"sexta-feira";"16:30:00";"MT";163;801,5;"VERA";"Ingestão de Álcool";"Saída de leito carroçável";"Sem Vítimas";"Pleno dia";"Decrescente";"Céu Claro";"Simples";"Curva";"Não";1;0;0;0;1;0;0;1;-12,16065758;-55,51363412;"SPRF-MT";"DEL06-MT";"UOP01-DEL06-MT"
157929;2018-09-07;"sexta-feira";"16:30:00";"MS";163;486,9;"CAMPO GRANDE";"Ingestão de Álcool";"Queda de ocupante de veículo";"Com Vítimas Feridas";"Pleno dia";"Crescente";"Céu Claro";"Simples";"Reta";"Não";1;0;1;0;0;0;1;1;-20,427535;-54,544;"SPRF-MS";"DEL01-MS";"UOP02-DEL01-MS"
157930;2018-09-07;"sexta-feira";"17:30:00";"SC";470;70;"INDAIAL";"Desobediência às normas de trânsito pelo condutor";"Colisão lateral";"Com Vítimas Feridas";"Pleno dia";"Decrescente";"Sol";"Simples";"Reta";"Não";4;0;1;1;2;0;2;3;-26,89009555;-49,25550163;"SPRF-SC";"DEL04-SC";"UOP01-DEL04-SC"
157932;2018-09-07;"sexta-feira";"16:30:00";"MG";381;441;"SABARA";"Pista Escorregadia";"Queda de ocupante de veículo";"Com Vítimas Feridas";"Pleno dia";"Crescente";"Céu Claro";"Simples";"Curva";"Sim";1;0;1;0;0;0;1;1;-19,79560268;-43,67677837;"SPRF-MG";"DEL01-MG";"UOP01-DEL01-MG"
157933;2018-09-07;"sexta-feira";"15:00:00";"SC";101;13,3;"GARUVA";"Falta de Atenção à Condução";"Colisão transversal";"Com Vítimas Fatais";"Pleno dia";"Crescente";"Sol";"Dupla";"Declive";"Sim";5;1;1;2;1;0;3;2;-26,09236226;-48,86465181;"SPRF-SC";"DEL03-SC";"UOP01-DEL03-SC"
157935;2018-09-07;"sexta-feira";"17:35:00";"MG";381;489,4;"BETIM";"Avarias e/ou desgaste excessivo no pneu";"Tombamento";"Com Vítimas Feridas";"Anoitecer";"Decrescente";"Céu Claro";"Dupla";"Reta";"Sim";2;0;2;0;0;0;2;1;-19,9563;-44,1428;"SPRF-MG";"DEL01-MG";"UOP03-DEL01-MG"
157936;2018-09-07;"sexta-feira";"18:06:00";"SP";153;256,6;"MARILIA";"Falta de Atenção à Condução";"Atropelamento de Pedestre";"Com Vítimas Feridas";"Anoitecer";"Crescente";"Céu Claro";"Dupla";"Reta";"Sim";2;0;0;1;1;0;1;2;-22,23614465;-49,91914803;"SPRF-SP";"DEL07-SP";"UOP02-DEL07-SP"
157937;2018-09-07;"sexta-feira";"17:55:00";"RJ";116;228,8;"PIRAI";"Falta de Atenção à Condução";"Saída de leito carroçável";"Com Vítimas Feridas";"Plena Noite";"Decrescente";"Nublado";"Dupla";"Curva";"Não";1;0;1;0;0;0;1;1;-22,66798941;-43,85122061;"SPRF-RJ";"DEL07-RJ";"UOP01-DEL07-RJ"
157938;2018-09-07;"sexta-feira";"17:15:00";"MG";40;511;"RIBEIRAO DAS NEVES";"Falta de Atenção à Condução";"Colisão transversal";"Com Vítimas Feridas";"Plena Noite";"Decrescente";"Céu Claro";"Dupla";"Retorno Regulamentado";"Sim";5;0;3;0;2;0;3;2;-19,7926;-44,1112;"SPRF-MG";"DEL01-MG";"UOP03-DEL01-MG"
157939;2018-09-07;"sexta-feira";"17:15:00";"GO";80;28,9;"PADRE BERNARDO";"Ingestão de Álcool";"Colisão lateral";"Sem Vítimas";"Anoitecer";"Crescente";"Céu Claro";"Simples";"Reta";"Não";2;0;0;0;2;0;0;2;-15,311127;-48,227449;"SPRF-DF";"DEL01-DF";"UOP02-DEL03-DF"
157942;2018-09-07;"sexta-feira";"17:20:00";"PI";343;343;"TERESINA";"Ingestão de Álcool";"Saída de leito carroçável";"Com Vítimas Feridas";"Anoitecer";"Decrescente";"Céu Claro";"Múltipla";"Reta";"Sim";1;0;1;0;0;0;1;1;-5,08021483;-42,75690079;"SPRF-PI";"DEL01-PI";"UOP01-DEL01-PI"
157945;2018-09-07;"sexta-feira";"18:30:00";"SC";101;85;"BARRA VELHA";"Ingestão de Álcool";"Atropelamento de Pedestre";"Com Vítimas Feridas";"Plena Noite";"Crescente";"Céu Claro";"Simples";"Reta";"Não";2;0;1;0;1;0;1;2;-26,6372;-48,6962;"SPRF-SC";"DEL03-SC";"UOP02-DEL03-SC"
157946;2018-09-07;"sexta-feira";"18:30:00";"BA";116;425;"FEIRA DE SANTANA";"Ingestão de álcool e/ou substâncias psicoativas pelo pedestre";"Atropelamento de Pedestre";"Com Vítimas Feridas";"Anoitecer";"Crescente";"Nublado";"Simples";"Reta";"Não";2;0;0;1;0;1;1;2;-12,24675766;-38,98678958;"SPRF-BA";"DEL02-BA";"UOP01-DEL02-BA"
157950;2018-09-07;"sexta-feira";"19:00:00";"MG";381;563;"ITAGUARA";"Defeito Mecânico no Veículo";"Queda de ocupante de veículo";"Com Vítimas Feridas";"Plena Noite";"Decrescente";"Céu Claro";"Dupla";"Reta";"Sim";2;0;1;0;1;0;1;1;-20,3877;-44,491;"SPRF-MG";"DEL04-MG";"UOP03-DEL04-MG"
157951;2018-09-07;"sexta-feira";"18:15:00";"PR";376;135;"NOVA ESPERANCA";"Falta de Atenção à Condução";"Capotamento";"Com Vítimas Feridas";"Anoitecer";"Crescente";"Céu Claro";"Dupla";"Interseção de Vias";"Sim";2;0;2;0;0;0;2;1;-23,201941;-52,196896;"SPRF-PR";"DEL07-PR";"UOP02-DEL09-PR"
157952;2018-09-07;"sexta-feira";"19:00:00";"SP";381;39;"ATIBAIA";"Falta de Atenção à Condução";"Colisão com objeto estático";"Com Vítimas Feridas";"Plena Noite";"Crescente";"Céu Claro";"Dupla";"Reta";"Não";1;0;1;0;0;0;1;1;-23,121569;-46,574715;"SPRF-SP";"DEL03-SP";"UOP01-DEL03-SP"
157953;2018-09-07;"sexta-feira";"18:45:00";"ES";262;156,5;"IBATIBA";"Falta de Atenção à Condução";"Atropelamento de Pedestre";"Com Vítimas Feridas";"Anoitecer";"Crescente";"Céu Claro";"Simples";"Reta";"Não";2;0;0;1;0;1;1;2;-20,23030821;-41,4827013;"SPRF-ES";"DEL01-ES";"UOP02-DEL01-ES"
157955;2018-09-07;"sexta-feira";"18:40:00";"GO";70;13,8;"AGUAS LINDAS DE GOIAS";"Falta de Atenção do Pedestre";"Atropelamento de Pedestre";"Com Vítimas Fatais";"Plena Noite";"Crescente";"Céu Claro";"Dupla";"Reta";"Sim";3;1;0;0;2;0;0;2;-15,7448;-48,3182;"SPRF-DF";"DEL01-DF";"UOP02-DEL03-DF"
157956;2018-09-07;"sexta-feira";"18:40:00";"BA";101;713;"EUNAPOLIS";"Falta de Atenção à Condução";"Tombamento";"Com Vítimas Feridas";"Plena Noite";"Decrescente";"Céu Claro";"Simples";"Reta;Declive";"Sim";3;0;1;0;2;0;1;2;-16,3237;-39,588;"SPRF-BA";"DEL09-BA";"UOP01-DEL09-BA"
157957;2018-09-07;"sexta-feira";"19:20:00";"SP";153;281,8;"OCAUCU";"Ingestão de Álcool";"Colisão traseira";"Com Vítimas Feridas";"Plena Noite";"Crescente";"Céu Claro";"Simples";"Reta";"Não";6;0;2;1;3;0;3;2;-22,4221;-49,860008;"SPRF-SP";"DEL07-SP";"UOP02-DEL07-SP"
157958;2018-09-07;"sexta-feira";"19:00:00";"PR";469;12,9;"FOZ DO IGUACU";"Ingestão de Álcool";"Colisão traseira";"Com Vítimas Feridas";"Plena Noite";"Decrescente";"Céu Claro";"Simples";"Reta";"Sim";2;0;1;0;1;0;1;2;-25,57607465;-54,54689865;"SPRF-PR";"DEL05-PR";"UOP04-DEL05-PR"
157959;2018-09-07;"sexta-feira";"17:10:00";"MG";146;457,8;"MUZAMBINHO";"Animais na Pista";"Colisão com objeto estático";"Com Vítimas Feridas";"Anoitecer";"Decrescente";"Céu Claro";"Simples";"Reta";"Não";2;0;0;1;0;1;1;2;-21,37536065;-46,45546761;"SPRF-MG";"DEL09-MG";"UOP01-DEL09-MG"
157960;2018-09-07;"sexta-feira";"18:40:00";"MG";40;563;"NOVA LIMA";"Falta de Atenção à Condução";"Colisão traseira";"Com Vítimas Feridas";"Plena Noite";"Decrescente";"Céu Claro";"Dupla";"Curva";"Não";4;0;2;0;2;0;2;2;-20,15845369;-43,96436691;"SPRF-MG";"DEL01-MG";"UOP02-DEL01-MG"
157961;2018-09-07;"sexta-feira";"18:50:00";"MG";116;263,7;"TEOFILO OTONI";"Não guardar distância de segurança";"Colisão traseira";"Com Vítimas Feridas";"Plena Noite";"Crescente";"Nublado";"Simples";"Reta";"Não";3;0;1;0;2;0;1;2;-17,82060812;-41,4994812;"SPRF-MG";"DEL11-MG";"UOP01-DEL11-MG"
157962;2018-09-07;"sexta-feira";"19:15:00";"SC";101;189,7;"BIGUACU";"Defeito Mecânico no Veículo";"Tombamento";"Com Vítimas Feridas";"Plena Noite";"Decrescente";"Céu Claro";"Múltipla";"Curva";"Sim";1;0;0;1;0;0;1;1;-27,45428888;-48,63561538;"SPRF-SC";"DEL01-SC";"UOP01-DEL01-SC"
157964;2018-09-07;"sexta-feira";"18:15:00";"SP";116;456,5;"REGISTRO";"Falta de Atenção à Condução";"Colisão lateral";"Com Vítimas Feridas";"Anoitecer";"Crescente";"Nublado";"Dupla";"Curva";"Não";2;0;0;1;1;0;1;2;-24,58587083;-47,88313866;"SPRF-SP";"DEL05-SP";"UOP01-DEL05-SP"
157966;2018-09-07;"sexta-feira";"18:35:00";"PR";277;339,8;"GUARAPUAVA";"Velocidade Incompatível";"Colisão traseira";"Com Vítimas Feridas";"Anoitecer";"Crescente";"Céu Claro";"Dupla";"Reta;Declive";"Sim";2;0;1;0;1;0;1;2;-25,34446236;-51,44144297;"SPRF-PR";"DEL03-PR";"UOP01-DEL08-PR"
157967;2018-08-30;"quinta-feira";"21:40:00";"ES";101;295,4;"CARIACICA";"Falta de Atenção à Condução";"Queda de ocupante de veículo";"Sem Vítimas";"Plena Noite";"Decrescente";"Nublado";"Múltipla";"Reta";"Sim";1;0;0;0;1;0;0;1;-20,33423507;-40,40107101;"SPRF-ES";"DEL01-ES";"UOP01-DEL01-ES"
157968;2018-09-07;"sexta-feira";"20:00:00";"RS";386;351,7;"ESTRELA";"Falta de Atenção à Condução";"Colisão transversal";"Com Vítimas Feridas";"Plena Noite";"Crescente";"Céu Claro";"Dupla";"Declive";"Não";2;0;1;0;1;0;1;2;-29,50143247;-51,94865942;"SPRF-RS";"DEL04-RS";"UOP01-DEL04-RS"
157970;2018-09-07;"sexta-feira";"19:35:00";"PR";277;588,8;"CASCAVEL";"Falta de Atenção à Condução";"Tombamento";"Com Vítimas Feridas";"Plena Noite";"Crescente";"Céu Claro";"Simples";"Reta";"Sim";1;0;1;0;0;0;1;1;-24,97656088;-53,44472554;"SPRF-PR";"DEL04-PR";"UOP01-DEL04-PR"
157971;2018-09-07;"sexta-feira";"19:10:00";"SP";101;48,8;"UBATUBA";"Falta de Atenção à Condução";"Colisão transversal";"Com Vítimas Feridas";"Plena Noite";"Crescente";"Céu Claro";"Simples";"Reta";"Sim";2;0;0;1;1;0;1;2;-23,44568752;-45,08201122;"SPRF-SP";"DEL06-SP";"UOP01-DEL06-SP"
157972;2018-09-07;"sexta-feira";"19:20:00";"PR";376;645;"TIJUCAS DO SUL";"Desobediência às normas de trânsito pelo pedestre";"Atropelamento de Pedestre";"Com Vítimas Feridas";"Plena Noite";"Decrescente";"Nublado";"Dupla";"Reta";"Não";3;0;1;0;2;0;1;2;-25,80545486;-49,13463593;"SPRF-PR";"DEL01-PR";"DEL7/1-UOP08/PR"
157973;2018-09-07;"sexta-feira";"20:15:00";"TO";153;152;"ARAGUAINA";"Desobediência às normas de trânsito pelo condutor";"Colisão transversal";"Sem Vítimas";"Plena Noite";"Crescente";"Nublado";"Simples";"Retorno Regulamentado";"Sim";3;0;0;0;3;0;0;2;-7,264632;-48,262615;"SPRF-TO";"DEL02-TO";"UOP01-DEL02-TO"
157974;2018-09-07;"sexta-feira";"19:45:00";"BA";407;223;"CAPIM GROSSO";"Ingestão de Álcool";"Queda de ocupante de veículo";"Com Vítimas Feridas";"Plena Noite";"Crescente";"Chuva";"Simples";"Reta";"Não";1;0;1;0;0;0;1;1;-11,34464585;-40,01536131;"SPRF-BA";"DEL04-BA";"UOP02-DEL04-BA"
157975;2018-09-07;"sexta-feira";"20:20:00";"RS";116;598,1;"ARROIO GRANDE";"Animais na Pista";"Saída de leito carroçável";"Com Vítimas Feridas";"Plena Noite";"Crescente";"Céu Claro";"Simples";"Curva";"Não";1;0;1;0;0;0;1;1;-32,15305677;-52,96741513;"SPRF-RS";"DEL07-RS";"UOP03-DEL07-RS"
157976;2018-09-07;"sexta-feira";"18:50:00";"RO";435;23,9;"VILHENA";"Falta de Atenção do Pedestre";"Atropelamento de Pedestre";"Com Vítimas Feridas";"Anoitecer";"Decrescente";"Céu Claro";"Simples";"Reta";"Não";2;0;0;2;0;0;2;2;-12,77062285;-60,31709723;"SPRF-RO";"DEL04-RO";"UOP02-DEL04-RO"
157977;2018-09-07;"sexta-feira";"20:00:00";"AC";364;107;"RIO BRANCO";"Animais na Pista";"Atropelamento de Animal";"Com Vítimas Feridas";"Plena Noite";"Crescente";"Nublado";"Simples";"Reta";"Não";1;0;1;0;0;0;1;1;-10,026392;-67,641853;"SPRF-AC";"DEL01-AC";"UOP01-DEL01-AC"
157978;2018-09-07;"sexta-feira";"19:30:00";"GO";153;534,4;"HIDROLANDIA";"Ingestão de Álcool";"Saída de leito carroçável";"Com Vítimas Feridas";"Anoitecer";"Crescente";"Céu Claro";"Dupla";"Reta";"Não";1;0;1;0;0;0;1;1;-17,02184626;-49,2215395;"SPRF-GO";"DEL01-GO";"UOP03-DEL01-GO"
157981;2018-09-07;"sexta-feira";"17:50:00";"MG";40;517;"CONTAGEM";"Desobediência às normas de trânsito pelo condutor";"Colisão transversal";"Com Vítimas Feridas";"Anoitecer";"Crescente";"Céu Claro";"Simples";"Curva";"Não";2;0;1;0;1;0;1;2;-19,8294071;-44,0841456;"SPRF-MG";"DEL01-MG";"UOP03-DEL01-MG"
157984;2018-09-07;"sexta-feira";"20:44:00";"GO";40;11,3;"LUZIANIA";"Falta de Atenção à Condução";"Colisão traseira";"Com Vítimas Feridas";"Plena Noite";"Decrescente";"Céu Claro";"Dupla";"Reta";"Sim";3;0;1;0;2;0;1;2;-16,138336;-47,951644;"SPRF-DF";"DEL01-DF";"UOP01-DEL01-DF"
157985;2018-09-07;"sexta-feira";"18:40:00";"AL";101;100,3;"PILAR";"Falta de Atenção à Condução";"Colisão lateral";"Com Vítimas Feridas";"Plena Noite";"Decrescente";"Céu Claro";"Simples";"Reta";"Sim";2;0;0;1;0;1;1;2;-9,56416;-35,969166;"SPRF-AL";"DEL01-AL";"UOP01-DEL01-AL"
157986;2018-09-07;"sexta-feira";"19:00:00";"RS";470;145,9;"NOVA PRATA";"Falta de Atenção à Condução";"Colisão com objeto estático";"Sem Vítimas";"Plena Noite";"Decrescente";"Céu Claro";"Simples";"Reta";"Não";1;0;0;0;1;0;0;1;-28,67912369;-51,60939753;"SPRF-RS";"DEL06-RS";"UOP02-DEL06-RS"
157987;2018-09-07;"sexta-feira";"18:30:00";"MT";70;507;"CUIABA";"Ingestão de Álcool";"Colisão traseira";"Com Vítimas Feridas";"Plena Noite";"Crescente";"Céu Claro";"Simples";"Reta";"Não";1;0;1;0;0;0;1;1;-15,657376;-55,981468;"SPRF-MT";"DEL02-MT";"UOP02-DEL01-MT"
157988;2018-09-07;"sexta-feira";"20:50:00";"PR";376;645;"TIJUCAS DO SUL";"Ingestão de Álcool";"Saída de leito carroçável";"Sem Vítimas";"Plena Noite";"Crescente";"Céu Claro";"Dupla";"Reta";"Sim";1;0;0;0;1;0;0;1;-25,82399855;-49,12570953;"SPRF-PR";"DEL01-PR";"DEL7/1-UOP08/PR"
157989;2018-09-07;"sexta-feira";"19:30:00";"BA";101;361;"WENCESLAU GUIMARAES";"Velocidade Incompatível";"Colisão com objeto estático";"Com Vítimas Feridas";"Plena Noite";"Decrescente";"Chuva";"Simples";"Reta";"Não";2;0;2;0;0;0;2;1;-13,70403153;-39,47971344;"SPRF-BA";"DEL05-BA";"UOP03-DEL05-BA"
157990;2018-09-07;"sexta-feira";"19:00:00";"ES";101;25,5;"PINHEIROS";"Falta de Atenção à Condução";"Colisão transversal";"Com Vítimas Feridas";"Plena Noite";"Decrescente";"Nublado";"Simples";"Reta";"Não";3;0;0;1;1;1;1;2;-18,367468;-39,950821;"SPRF-ES";"DEL04-ES";"UOP02-DEL04-ES"
157992;2018-09-07;"sexta-feira";"19:30:00";"ES";101;68;"SAO MATEUS";"Ingestão de Álcool";"Queda de ocupante de veículo";"Com Vítimas Feridas";"Plena Noite";"Crescente";"Nublado";"Dupla";"Aclive";"Sim";2;0;1;0;1;0;1;1;-18,720545;-39,865883;"SPRF-ES";"DEL04-ES";"UOP02-DEL04-ES"
157993;2018-09-07;"sexta-feira";"21:45:00";"SC";282;6;"SAO JOSE";"Falta de Atenção à Condução";"Queda de ocupante de veículo";"Com Vítimas Feridas";"Plena Noite";"Crescente";"Ignorado";"Dupla";"Declive;Curva";"Sim";1;0;1;0;0;0;1;1;-27,585;-48,618;"SPRF-SC";"DEL01-SC";"UOP01-DEL01-SC"
157994;2018-09-07;"sexta-feira";"20:10:00";"SC";282;380;"HERVAL DOESTE";"Velocidade Incompatível";"Saída de leito carroçável";"Com Vítimas Feridas";"Plena Noite";"Crescente";"Céu Claro";"Dupla";"Reta";"Não";1;0;1;0;0;0;1;1;-27,213797;-51,499413;"SPRF-SC";"DEL07-SC";"UOP05-DEL07-SC"
157995;2018-09-07;"sexta-feira";"18:45:00";"PI";343;339;"TERESINA";"Ingestão de Álcool";"Colisão lateral";"Com Vítimas Feridas";"Plena Noite";"Decrescente";"Céu Claro";"Simples";"Reta";"Sim";4;0;0;2;2;0;2;3;-5,06828837;-42,73239428;"SPRF-PI";"DEL01-PI";"UOP01-DEL01-PI"
157996;2018-09-07;"sexta-feira";"21:00:00";"MG";40;282,5;"TRES MARIAS";"Ingestão de Álcool";"Colisão transversal";"Com Vítimas Feridas";"Plena Noite";"Crescente";"Céu Claro";"Simples";"Reta";"Sim";3;0;0;1;1;1;1;3;-18,249315;-45,202118;"SPRF-MG";"DEL14-MG";"UOP02-DEL14-MG"
157997;2018-09-07;"sexta-feira";"19:00:00";"RS";470;218,3;"BENTO GONCALVES";"Falta de Atenção à Condução";"Saída de leito carroçável";"Sem Vítimas";"Plena Noite";"Crescente";"Céu Claro";"Simples";"Reta";"Sim";1;0;0;0;1;0;0;1;-29,183094;-51,52041256;"SPRF-RS";"DEL06-RS";"UOP01-DEL06-RS"
158001;2018-09-07;"sexta-feira";"22:50:00";"PR";163;23,8;"SANTO ANTONIO DO SUDOESTE";"Falta de Atenção à Condução";"Colisão lateral";"Com Vítimas Feridas";"Plena Noite";"Crescente";"Céu Claro";"Simples";"Reta";"Não";5;0;3;1;1;0;4;2;-26,1551;-53,6848;"SPRF-PR";"DEL02-PR";"UOP02-DEL02-PR"
158002;2018-09-07;"sexta-feira";"22:50:00";"PE";232;79,6;"GRAVATA";"Ultrapassagem Indevida";"Colisão frontal";"Com Vítimas Feridas";"Plena Noite";"Decrescente";"Céu Claro";"Simples";"Reta";"Sim";3;0;2;0;1;0;2;2;-8,195794;-35,566714;"SPRF-PE";"DEL01-PE";"UOP02-DEL02PE"
158003;2018-09-07;"sexta-feira";"21:50:00";"PB";230;332;"PATOS";"Animais na Pista";"Atropelamento de Animal";"Com Vítimas Feridas";"Plena Noite";"Decrescente";"Céu Claro";"Simples";"Reta";"Não";1;0;1;0;0;0;1;1;-7,02057745;-37,23702058;"SPRF-PB";"DEL03-PB";"UOP01-DEL03-PB"
158004;2018-09-07;"sexta-feira";"22:55:00";"DF";40;3,9;"BRASILIA";"Falta de Atenção à Condução";"Colisão com objeto estático";"Com Vítimas Feridas";"Plena Noite";"Crescente";"Céu Claro";"Dupla";"Reta";"Sim";1;0;0;1;0;0;1;1;-16,011888;-47,982474;"SPRF-DF";"DEL01-DF";"UOP01-DEL01-DF"
158005;2018-09-07;"sexta-feira";"20:00:00";"PR";153;352,8;"REBOUCAS";"Ingestão de Álcool";"Saída de leito carroçável";"Com Vítimas Feridas";"Plena Noite";"Crescente";"Céu Claro";"Simples";"Reta";"Não";2;0;2;0;0;0;2;1;-25,62632063;-50,72187603;"SPRF-PR";"DEL03-PR";"UOP02-DEL08-PR"
158007;2018-09-07;"sexta-feira";"21:30:00";"PR";116;105,9;"SAO JOSE DOS PINHAIS";"Não guardar distância de segurança";"Saída de leito carroçável";"Com Vítimas Feridas";"Plena Noite";"Crescente";"Céu Claro";"Dupla";"Reta";"Não";4;0;3;0;1;0;3;1;-25,5698722;-49,21869636;"SPRF-PR";"DEL01-PR";"UOP01-DEL01-PR"
158008;2018-09-07;"sexta-feira";"23:40:00";"SC";470;56,5;"BLUMENAU";"Falta de Atenção à Condução";"Tombamento";"Com Vítimas Feridas";"Plena Noite";"Crescente";"Nublado";"Simples";"Interseção de Vias";"Sim";1;0;0;1;0;0;1;1;-26,88289733;-49,14182291;"SPRF-SC";"DEL04-SC";"UOP01-DEL04-SC"
158009;2018-09-07;"sexta-feira";"20:20:00";"RO";319;58,3;"PORTO VELHO";"Ingestão de Álcool";"Colisão transversal";"Com Vítimas Feridas";"Plena Noite";"Crescente";"Céu Claro";"Dupla";"Interseção de Vias";"Sim";7;0;1;0;6;0;1;2;-8,743357;-63,912773;"SPRF-RO";"DEL01-RO";"UOP01-DEL01-RO"
158010;2018-09-07;"sexta-feira";"22:15:00";"PR";116;125,1;"FAZENDA RIO GRANDE";"Desobediência às normas de trânsito pelo condutor";"Colisão transversal";"Sem Vítimas";"Plena Noite";"Crescente";"Céu Claro";"Dupla";"Reta";"Sim";4;0;0;0;4;0;0;2;-25,621508;-49,316216;"SPRF-PR";"DEL01-PR";"UOP03-DEL01-PR"
158011;2018-09-07;"sexta-feira";"22:20:00";"SC";282;70,8;"RANCHO QUEIMADO";"Velocidade Incompatível";"Capotamento";"Com Vítimas Feridas";"Plena Noite";"Crescente";"Céu Claro";"Simples";"Curva";"Não";1;0;0;1;0;0;1;1;-27,692705;-49,091351;"SPRF-SC";"DEL01-SC";"UOP03-DEL01-SC"
158012;2018-09-07;"sexta-feira";"22:55:00";"RJ";116;72;"TERESOPOLIS";"Ingestão de Álcool";"Colisão frontal";"Sem Vítimas";"Pleno dia";"Crescente";"Nevoeiro/Neblina";"Dupla";"Curva";"Não";2;0;0;0;2;0;0;2;-22,3512812;-42,9409794;"SPRF-RJ";"DEL04-RJ";"UOP01-DEL04-RJ"
158013;2018-09-07;"sexta-feira";"17:00:00";"MA";230;216,6;"SAO DOMINGOS DO AZEITAO";"Desobediência às normas de trânsito pelo condutor";"Colisão frontal";"Com Vítimas Feridas";"Pleno dia";"Crescente";"Céu Claro";"Simples";"Reta";"Sim";2;0;0;1;1;0;1;2;-6,82792046;-44,66165543;"SPRF-MA";"DEL05-MA";"UOP01-DEL05-MA"