"id";"data_inversa";"dia_semana";"horario";"uf";"br";"km";"municipio";"causa_acidente";"tipo_acidente";"classificacao_acidente";"fase_dia";"sentido_via";"condicao_metereologica";"tipo_pista";"tracado_via";"uso_solo";"pessoas";"mortos";"feridos_leves";"feridos_graves";"ilesos";"ignorados";"feridos";"veiculos";"latitude";"longitude";"regional";"delegacia";"uop"
158014;2018-09-07;"sexta-feira";"22:30:00";"BA";324;518,9;"FEIRA DE SANTANA";"Falta de Atenção à Condução";"Saída de leito carroçável";"Com Vítimas Feridas";"Plena Noite";"Decrescente";"Chuva";"Dupla";"Reta";"Sim";4;0;4;0;0;0;4;1;-12,2753986;-38,9311545;"SPRF-BA";"DEL01-BA";"UOP01-DEL01-BA"
158015;2018-09-08;"sábado";"00:40:00";"PE";101;83;"JABOATAO DOS GUARARAPES";"Defeito Mecânico no Veículo";"Colisão lateral";"Sem Vítimas";"Plena Noite";"Crescente";"Nublado";"Dupla";"Interseção de Vias";"Sim";2;0;0;0;1;1;0;2;-8,17402529;-34,94218826;"SPRF-PE";"DEL01-PE";"UOP03-DEL01-PE"
158016;2018-09-07;"sexta-feira";"09:00:00";"RJ";116;270;"BARRA MANSA";"Agressão Externa";"Incêndio";"Sem Vítimas";"Pleno dia";"Decrescente";"Sol";"Simples";"Reta";"Não";1;0;0;0;1;0;0;1;-22,560883;-44,122238;"SPRF-RJ";"DEL07-RJ";"UOP02-DEL07-RJ"
158017;2018-09-08;"sábado";"01:10:00";"MG";116;738,1;"LARANJAL";"Velocidade Incompatível";"Capotamento";"Com Vítimas Fatais";"Plena Noite";"Crescente";"Nublado";"Simples";"Curva";"Sim";2;1;1;0;0;0;1;1;-21,36353103;-42,47310698;"SPRF-MG";"DEL07-MG";"UOP01-DEL07-MG"
158018;2018-09-07;"sexta-feira";"22:50:00";"RS";285;146,1;"MUITOS CAPOES";"Velocidade Incompatível";"Saída de leito carroçável";"Com Vítimas Fatais";"Plena Noite";"Decrescente";"Céu Claro";"Simples";"Curva";"Não";6;1;5;0;0;0;5;1;-28,35679366;-51,10732555;"SPRF-RS";"DEL05-RS";"UOP03-DEL05-RS"
158019;2018-09-07;"sexta-feira";"22:02:00";"SC";282;239;"SAO JOSE DO CERRITO";"Velocidade Incompatível";"Capotamento";"Com Vítimas Feridas";"Plena Noite";"Decrescente";"Céu Claro";"Simples";"Reta";"Não";2;0;2;0;0;0;2;1;-27,74428762;-50,50835609;"SPRF-SC";"DEL05-SC";"UOP02-DEL05-SC"
158020;2018-09-08;"sábado";"02:30:00";"PR";369;236,7;"JANDAIA DO SUL";"Falta de Atenção à Condução";"Colisão frontal";"Com Vítimas Feridas";"Plena Noite";"Crescente";"Céu Claro";"Simples";"Curva";"Não";3;0;0;1;2;0;1;2;-23,65720683;-51,68524412;"SPRF-PR";"DEL07-PR";"UOP03-DEL07-PR"
158021;2018-09-08;"sábado";"02:00:00";"SC";282;34,9;"AGUAS MORNAS";"Ingestão de Álcool";"Colisão lateral";"Sem Vítimas";"Plena Noite";"Decrescente";"Céu Claro";"Simples";"Curva";"Não";2;0;0;0;2;0;0;2;-27,704247;-48,817547;"SPRF-SC";"DEL01-SC";"UOP03-DEL01-SC"
158023;2018-09-08;"sábado";"03:30:00";"BA";407;146;"SENHOR DO BONFIM";"Ingestão de Álcool";"Colisão transversal";"Com Vítimas Feridas";"Plena Noite";"Crescente";"Garoa/Chuvisco";"Simples";"Reta";"Não";3;0;2;0;0;1;2;2;-10,61780824;-40,1315707;"SPRF-BA";"DEL04-BA";"UOP01-DEL04-BA"
158026;2018-09-08;"sábado";"04:30:00";"PE";101;0,5;"GOIANA";"Falta de Atenção à Condução";"Colisão com objeto estático";"Com Vítimas Feridas";"Amanhecer";"Crescente";"Chuva";"Dupla";"Curva";"Não";2;0;0;1;1;0;1;1;-7,5042;-34,98611;"SPRF-PE";"DEL01-PE";"UOP02-DEL01-PE"
158027;2018-09-08;"sábado";"03:00:00";"PI";316;35;"DEMERVAL LOBAO";"Falta de Atenção à Condução";"Queda de ocupante de veículo";"Com Vítimas Feridas";"Plena Noite";"Crescente";"Céu Claro";"Simples";"Reta";"Não";2;0;0;1;0;1;1;2;-5,38322204;-42,67088503;"SPRF-PI";"DEL01-PI";"UOP02-DEL01-PI"
158028;2018-09-08;"sábado";"01:20:00";"PR";153;229;"TIBAGI";"Desobediência às normas de trânsito pelo condutor";"Saída de leito carroçável";"Sem Vítimas";"Plena Noite";"Decrescente";"Céu Claro";"Simples";"Reta";"Não";1;0;0;0;1;0;0;1;-24,70192483;-50,44818878;"SPRF-PR";"DEL03-PR";"UOP02-DEL03-PR"
158029;2018-09-08;"sábado";"04:00:00";"GO";158;272;"JATAI";"Ingestão de Álcool";"Colisão transversal";"Com Vítimas Feridas";"Plena Noite";"Crescente";"Céu Claro";"Simples";"Reta";"Sim";2;0;0;1;1;0;1;2;-17,88468981;-51,73421681;"SPRF-GO";"DEL05-GO";"UOP01-DEL05-GO"
158032;2018-09-08;"sábado";"04:40:00";"SC";163;74,8;"SAO MIGUEL DO OESTE";"Ingestão de Álcool";"Saída de leito carroçável";"Com Vítimas Feridas";"Plena Noite";"Crescente";"Céu Claro";"Simples";"Reta";"Não";3;0;1;0;2;0;1;1;-26,67580101;-53,49029258;"SPRF-SC";"DEL07-SC";"UOP03-DEL07-SC"
158033;2018-09-08;"sábado";"04:20:00";"MS";262;40,5;"TRES LAGOAS";"Velocidade Incompatível";"Saída de leito carroçável";"Com Vítimas Feridas";"Plena Noite";"Crescente";"Nevoeiro/Neblina";"Simples";"Reta";"Não";1;0;1;0;0;0;1;1;-20,775837;-51,968502;"SPRF-MS";"DEL07-MS";"UOP01-DEL07-MS"
158035;2018-09-08;"sábado";"05:25:00";"SP";153;49,6;"SAO JOSE DO RIO PRETO";"Condutor Dormindo";"Colisão frontal";"Com Vítimas Fatais";"Plena Noite";"Crescente";"Céu Claro";"Simples";"Reta";"Não";3;1;1;1;0;0;2;2;-20,699968;-49,339458;"SPRF-SP";"DEL09-SP";"UOP01-DEL09-SP"
158036;2018-09-08;"sábado";"05:20:00";"ES";101;270,2;"SERRA";"Falta de Atenção do Pedestre";"Atropelamento de Pedestre";"Com Vítimas Feridas";"Amanhecer";"Crescente";"Nublado";"Múltipla";"Reta";"Sim";2;0;0;1;1;0;1;2;-20,22759875;-40,27156323;"SPRF-ES";"DEL02-ES";"UOP01-DEL02-ES"
158037;2018-09-08;"sábado";"03:00:00";"PI";407;430,3;"GEMINIANO";"Não guardar distância de segurança";"Colisão traseira";"Com Vítimas Feridas";"Plena Noite";"Decrescente";"Céu Claro";"Simples";"Reta";"Não";5;0;3;0;2;0;3;3;-7,128319;-41,393448;"SPRF-PI";"DEL04-PI";"UOP01-DEL04-PI"
158038;2018-09-08;"sábado";"03:05:00";"RO";364;710,6;"PORTO VELHO";"Falta de Atenção à Condução";"Colisão com objeto estático";"Sem Vítimas";"Plena Noite";"Decrescente";"Nublado";"Dupla";"Reta";"Sim";1;0;0;0;1;0;0;1;-9,674507;-65,44786;"SPRF-RO";"DEL01-RO";"UOP01-DEL01-RO"
158039;2018-09-08;"sábado";"05:15:00";"BA";324;619;"SALVADOR";"Ingestão de Álcool";"Queda de ocupante de veículo";"Com Vítimas Feridas";"Amanhecer";"Decrescente";"Nublado";"Dupla";"Reta";"Sim";1;0;1;0;0;0;1;1;-12,90677586;-38,45665455;"SPRF-BA";"DEL01-BA";"UOP01-DEL01-BA"
158042;2018-09-08;"sábado";"05:40:00";"GO";50;271;"CATALAO";"Ingestão de Álcool";"Saída de leito carroçável";"Sem Vítimas";"Amanhecer";"Crescente";"Céu Claro";"Simples";"Declive;Reta";"Não";1;0;0;0;0;1;0;1;-18,1158;-47,8936;"SPRF-GO";"DEL06-GO";"UOP01-DEL06-GO"
158043;2018-09-08;"sábado";"06:45:00";"SC";470;97;"APIUNA";"Desobediência às normas de trânsito pelo condutor";"Colisão frontal";"Com Vítimas Fatais";"Pleno dia";"Decrescente";"Céu Claro";"Simples";"Reta";"Não";5;3;1;1;0;0;2;2;-27,02675548;-49,37848091;"SPRF-SC";"DEL04-SC";"UOP01-DEL04-SC"
158044;2018-09-08;"sábado";"03:46:00";"BA";101;61;"ENTRE RIOS";"Ingestão de Álcool";"Atropelamento de Pedestre";"Com Vítimas Fatais";"Plena Noite";"Decrescente";"Chuva";"Simples";"Reta;Declive";"Sim";3;2;0;0;0;1;0;2;-11,9451;-38,0643;"SPRF-BA";"DEL01-BA";"UOP04-DEL01-BA"
158045;2018-09-08;"sábado";"06:18:00";"PR";277;176,3;"PALMEIRA";"Falta de Atenção à Condução";"Saída de leito carroçável";"Com Vítimas Feridas";"Amanhecer";"Crescente";"Nublado";"Simples";"Reta";"Não";2;0;2;0;0;0;2;1;-25,431;-50,062;"SPRF-PR";"DEL03-PR";"UOP02-DEL08-PR"
158047;2018-09-08;"sábado";"05:30:00";"CE";116;516,5;"BREJO SANTO";"Ingestão de Álcool";"Saída de leito carroçável";"Com Vítimas Fatais";"Amanhecer";"Decrescente";"Céu Claro";"Simples";"Reta";"Não";1;1;0;0;0;0;0;1;-7,604625;-39,031;"SPRF-CE";"DEL05-CE";"UOP03-DEL05-CE"
158048;2018-09-08;"sábado";"06:20:00";"SP";101;51,6;"UBATUBA";"Falta de Atenção à Condução";"Colisão com objeto estático";"Sem Vítimas";"Amanhecer";"Crescente";"Céu Claro";"Simples";"Rotatória";"Sim";1;0;0;0;0;1;0;1;-23,46364;-45,06368637;"SPRF-SP";"DEL06-SP";"UOP01-DEL06-SP"
158051;2018-09-08;"sábado";"06:10:00";"DF";20;2;"BRASILIA";"Falta de Atenção à Condução";"Colisão traseira";"Sem Vítimas";"Pleno dia";"Crescente";"Céu Claro";"Dupla";"Rotatória;Reta";"Sim";2;0;0;0;2;0;0;2;-15,68115895;-47,83708334;"SPRF-DF";"DEL02-DF";"UOP01-DEL02-DF"
158053;2018-09-08;"sábado";"07:15:00";"RS";116;261;"CANOAS";"Falta de Atenção à Condução";"Colisão lateral";"Sem Vítimas";"Pleno dia";"Decrescente";"Céu Claro";"Dupla";"Reta";"Sim";2;0;0;0;2;0;0;2;-29,887983;-51,179008;"SPRF-RS";"DEL01-RS";"UOP01-DEL01-RS"
158055;2018-09-08;"sábado";"06:50:00";"SC";101;31;"JOINVILLE";"Falta de Atenção à Condução";"Saída de leito carroçável";"Sem Vítimas";"Amanhecer";"Crescente";"Céu Claro";"Dupla";"Reta";"Sim";1;0;0;0;1;0;0;1;-26,2448;-48,9103;"SPRF-SC";"DEL03-SC";"UOP01-DEL03-SC"
158056;2018-09-08;"sábado";"08:30:00";"MG";50;171;"UBERABA";"Falta de Atenção à Condução";"Colisão traseira";"Com Vítimas Feridas";"Pleno dia";"Crescente";"Céu Claro";"Dupla";"Declive";"Não";3;0;1;0;2;0;1;2;-19,7539;-47,9807;"SPRF-MG";"DEL13-MG";"UOP01-DEL13-MG"
158057;2018-09-08;"sábado";"08:35:00";"PE";101;65;"RECIFE";"Falta de Atenção à Condução";"Colisão lateral";"Sem Vítimas";"Pleno dia";"Crescente";"Sol";"Múltipla";"Reta";"Sim";2;0;0;0;2;0;0;2;-8,02315274;-34,94278371;"SPRF-PE";"DEL01-PE";"UOP01-DEL01-PE"
158058;2018-09-07;"sexta-feira";"14:30:00";"RJ";116;193;"QUEIMADOS";"Falta de Atenção à Condução";"Saída de leito carroçável";"Sem Vítimas";"Pleno dia";"Decrescente";"Céu Claro";"Múltipla";"Reta";"Sim";1;0;0;0;0;1;0;1;-22,739573;-43,528702;"SPRF-RJ";"DEL01-RJ";"UOP03-DEL01-RJ"
158060;2018-08-15;"quarta-feira";"08:30:00";"PR";476;131;"CURITIBA";"Falta de Atenção à Condução";"Colisão lateral";"Com Vítimas Feridas";"Pleno dia";"Crescente";"Céu Claro";"Múltipla";"Reta";"Sim";2;0;1;0;1;0;1;2;-25,453636;-49,245155;"SPRF-PR";"DEL01-PR";"UOP07-DEL01-PR"
158062;2018-09-08;"sábado";"09:02:00";"SC";280;55;"GUARAMIRIM";"Falta de Atenção à Condução";"Colisão lateral";"Sem Vítimas";"Pleno dia";"Crescente";"Nublado";"Simples";"Reta";"Sim";3;0;0;0;3;0;0;3;-26,47712281;-48,99655212;"SPRF-SC";"DEL03-SC";"UOP03-DEL03-SC"
158064;2018-09-08;"sábado";"09:00:00";"RJ";40;110;"DUQUE DE CAXIAS";"Não guardar distância de segurança";"Colisão traseira";"Com Vítimas Feridas";"Pleno dia";"Crescente";"Céu Claro";"Múltipla";"Reta";"Sim";2;0;1;0;1;0;1;2;-22,6928238;-43,28763485;"SPRF-RJ";"DEL01-RJ";"UOP01-DEL01-RJ"
158065;2018-09-07;"sexta-feira";"23:50:00";"MS";262;97,4;"TRES LAGOAS";"Falta de Atenção à Condução";"Saída de leito carroçável";"Com Vítimas Fatais";"Plena Noite";"Decrescente";"Céu Claro";"Simples";"Curva";"Não";3;1;0;2;0;0;2;1;-20,57556;-52,475538;"SPRF-MS";"DEL07-MS";"UOP02-DEL07-MS"
158066;2018-09-08;"sábado";"09:20:00";"SC";101;82,4;"BARRA VELHA";"Desobediência às normas de trânsito pelo condutor";"Colisão transversal";"Com Vítimas Feridas";"Pleno dia";"Crescente";"Nublado";"Simples";"Curva";"Não";2;0;2;0;0;0;2;2;-26,61713346;-48,71927977;"SPRF-SC";"DEL03-SC";"UOP02-DEL03-SC"
158067;2018-09-08;"sábado";"06:00:00";"SP";116;103,7;"TAUBATE";"Falta de Atenção à Condução";"Colisão lateral";"Sem Vítimas";"Amanhecer";"Decrescente";"Nublado";"Dupla";"Reta";"Não";3;0;0;0;3;0;0;2;-22,999208;-45,497917;"SPRF-SP";"DEL06-SP";"UOP01-DEL06-SP"
158068;2018-09-08;"sábado";"09:50:00";"RN";101;100,6;"PARNAMIRIM";"Falta de Atenção à Condução";"Colisão traseira";"Com Vítimas Feridas";"Pleno dia";"Decrescente";"Céu Claro";"Múltipla";"Reta";"Sim";3;0;2;0;1;0;2;2;-5,88546;-35,228069;"SPRF-RN";"DEL01-RN";"UOP01-DEL01-RN"
158070;2018-09-08;"sábado";"09:30:00";"PA";222;242;"MARABA";"Falta de Atenção à Condução";"Colisão transversal";"Com Vítimas Feridas";"Pleno dia";"Crescente";"Céu Claro";"Simples";"Reta";"Não";2;0;1;0;1;0;1;2;-5,331903;-49,085217;"SPRF-PA";"DEL03-PA";"UOP01-DEL03-PA"
158071;2018-09-08;"sábado";"10:30:00";"SP";101;49,9;"UBATUBA";"Falta de Atenção à Condução";"Colisão lateral";"Com Vítimas Feridas";"Pleno dia";"Decrescente";"Céu Claro";"Simples";"Reta";"Sim";2;0;1;0;0;1;1;2;-23,45298101;-45,0745976;"SPRF-SP";"DEL06-SP";"UOP01-DEL06-SP"
158072;2018-09-08;"sábado";"10:30:00";"SC";470;104;"APIUNA";"Velocidade Incompatível";"Colisão com objeto estático";"Com Vítimas Feridas";"Pleno dia";"Decrescente";"Sol";"Simples";"Curva";"Não";4;0;2;0;2;0;2;1;-27,06340607;-49,40689086;"SPRF-SC";"DEL04-SC";"UOP02-DEL04-SC"
158075;2018-09-08;"sábado";"10:28:00";"BA";101;360;"WENCESLAU GUIMARAES";"Desobediência às normas de trânsito pelo condutor";"Colisão transversal";"Com Vítimas Feridas";"Pleno dia";"Crescente";"Céu Claro";"Simples";"Reta";"Não";3;0;2;1;0;0;3;2;-13,6954;-39,4794;"SPRF-BA";"DEL05-BA";"UOP03-DEL05-BA"
158076;2018-09-08;"sábado";"10:15:00";"GO";50;101,5;"CRISTALINA";"Defeito Mecânico no Veículo";"Saída de leito carroçável";"Com Vítimas Feridas";"Pleno dia";"Crescente";"Céu Claro";"Dupla";"Reta";"Não";4;0;2;2;0;0;4;1;-16,79759797;-47,64888525;"SPRF-DF";"DEL01-DF";"UOP02-DEL01-DF"
158077;2018-09-08;"sábado";"10:35:00";"SC";101;64;"ARAQUARI";"Falta de Atenção à Condução";"Colisão com objeto estático";"Com Vítimas Feridas";"Pleno dia";"Crescente";"Céu Claro";"Dupla";"Reta";"Não";1;0;1;0;0;0;1;1;-26,4722;-48,7437;"SPRF-SC";"DEL03-SC";"UOP02-DEL03-SC"
158079;2018-09-08;"sábado";"11:25:00";"RS";468;102,8;"TRES PASSOS";"Desobediência às normas de trânsito pelo condutor";"Colisão transversal";"Com Vítimas Feridas";"Pleno dia";"Decrescente";"Céu Claro";"Simples";"Reta";"Sim";5;0;4;0;1;0;4;2;-27,464249;-53,932774;"SPRF-RS";"DEL08-RS";"UOP02-DEL08-RS"
158081;2018-09-08;"sábado";"11:30:00";"SC";101;188,9;"BIGUACU";"Falta de Atenção à Condução";"Colisão lateral";"Com Vítimas Feridas";"Pleno dia";"Crescente";"Céu Claro";"Dupla";"Reta";"Sim";2;0;1;0;1;0;1;2;-27,45889292;-48,63858497;"SPRF-SC";"DEL01-SC";"UOP01-DEL01-SC"
158083;2018-09-08;"sábado";"11:30:00";"PR";277;651;"MATELANDIA";"Ingestão de álcool e/ou substâncias psicoativas pelo pedestre";"Colisão transversal";"Sem Vítimas";"Pleno dia";"Crescente";"Céu Claro";"Simples";"Reta";"Sim";2;0;0;0;2;0;0;2;-25,19491305;-53,94132078;"SPRF-PR";"DEL05-PR";"UOP02-DEL05-PR"
158085;2018-08-10;"sexta-feira";"08:45:00";"DF";40;1;"BRASILIA";"Desobediência às normas de trânsito pelo condutor";"Colisão lateral";"Com Vítimas Feridas";"Pleno dia";"Decrescente";"Céu Claro";"Simples";"Reta";"Sim";3;0;1;0;2;0;1;3;-15,985532;-47,987747;"SPRF-DF";"DEL01-DF";"UOP01-DEL01-DF"
158087;2018-09-08;"sábado";"11:00:00";"RO";319;63,4;"PORTO VELHO";"Desobediência às normas de trânsito pelo condutor";"Colisão transversal";"Com Vítimas Feridas";"Pleno dia";"Crescente";"Sol";"Dupla";"Interseção de Vias";"Sim";2;0;1;0;1;0;1;2;-8,7610297;-63,88564825;"SPRF-RO";"DEL01-RO";"UOP01-DEL01-RO"
158088;2018-09-08;"sábado";"11:40:00";"CE";222;7;"CAUCAIA";"Falta de Atenção à Condução";"Colisão lateral";"Com Vítimas Feridas";"Pleno dia";"Decrescente";"Céu Claro";"Dupla";"Reta";"Sim";2;0;1;0;1;0;1;2;-3,749515;-38,629959;"SPRF-CE";"DEL01-CE";"UOP01-DEL01-CE"
158090;2018-09-08;"sábado";"11:35:00";"RJ";40;122;"DUQUE DE CAXIAS";"Falta de Atenção à Condução";"Colisão traseira";"Com Vítimas Feridas";"Pleno dia";"Crescente";"Sol";"Múltipla";"Reta";"Sim";2;0;1;0;1;0;1;2;-22,79010908;-43,28613281;"SPRF-RJ";"DEL01-RJ";"UOP01-DEL01-RJ"
158091;2018-09-08;"sábado";"13:45:00";"MG";116;273;"TEOFILO OTONI";"Falta de Atenção à Condução";"Colisão transversal";"Com Vítimas Feridas";"Pleno dia";"Decrescente";"Céu Claro";"Simples";"Reta";"Não";2;0;0;1;1;0;1;2;-17,83033164;-41,50939465;"SPRF-MG";"DEL11-MG";"UOP01-DEL11-MG"
158093;2018-09-08;"sábado";"11:05:00";"PR";277;7;"PARANAGUA";"Velocidade Incompatível";"Colisão com objeto estático";"Com Vítimas Feridas";"Pleno dia";"Crescente";"Céu Claro";"Dupla";"Curva";"Não";1;0;1;0;0;0;1;1;-25,55999051;-48,58301818;"SPRF-PR";"DEL01-PR";"UOP05-DEL01-PR"
158097;2018-09-08;"sábado";"12:50:00";"CE";20;405;"CAUCAIA";"Desobediência às normas de trânsito pelo condutor";"Colisão transversal";"Sem Vítimas";"Pleno dia";"Crescente";"Céu Claro";"Simples";"Retorno Regulamentado";"Não";2;0;0;0;2;0;0;2;-3,7661801;-38,6632712;"SPRF-CE";"DEL01-CE";"UOP01-DEL01-CE"
158098;2018-09-08;"sábado";"13:40:00";"RJ";116;181;"NOVA IGUACU";"Falta de Atenção à Condução";"Queda de ocupante de veículo";"Com Vítimas Feridas";"Pleno dia";"Crescente";"Sol";"Múltipla";"Reta";"Não";1;0;1;0;0;0;1;1;-22,761312;-43,423492;"SPRF-RJ";"DEL01-RJ";"UOP02-DEL01-RJ"
158101;2018-09-08;"sábado";"13:20:00";"PB";101;78;"SANTA RITA";"Velocidade Incompatível";"Queda de ocupante de veículo";"Com Vítimas Feridas";"Pleno dia";"Decrescente";"Céu Claro";"Dupla";"Curva";"Não";1;0;1;0;0;0;1;1;-7,11389192;-34,9604702;"SPRF-PB";"DEL01-PB";"UOP01-DEL01-PB"
158102;2018-09-08;"sábado";"02:20:00";"RO";425;35,2;"PORTO VELHO";"Falta de Atenção do Pedestre";"Atropelamento de Pedestre";"Com Vítimas Fatais";"Plena Noite";"Crescente";"Nevoeiro/Neblina";"Simples";"Reta";"Não";2;1;0;0;0;1;0;2;-9,87713861;-65,27115405;"SPRF-RO";"DEL01-RO";"UOP02-DEL01-RO"
158103;2018-09-08;"sábado";"14:20:00";"MG";381;490,4;"BETIM";"Falta de Atenção à Condução";"Colisão lateral";"Com Vítimas Feridas";"Pleno dia";"Decrescente";"Sol";"Dupla";"Curva";"Sim";2;0;1;0;1;0;1;2;-19,9585;-44,151;"SPRF-MG";"DEL01-MG";"UOP03-DEL01-MG"
158104;2018-09-08;"sábado";"13:20:00";"MT";163;687;"LUCAS DO RIO VERDE";"Falta de Atenção à Condução";"Colisão frontal";"Com Vítimas Feridas";"Pleno dia";"Crescente";"Céu Claro";"Dupla";"Reta";"Não";3;0;1;0;2;0;1;2;-13,06978002;-55,92719078;"SPRF-MT";"DEL06-MT";"UOP01-DEL06-MT"
158105;2018-09-08;"sábado";"13:35:00";"GO";153;621,1;"MORRINHOS";"Falta de Atenção à Condução";"Saída de leito carroçável";"Com Vítimas Feridas";"Pleno dia";"Crescente";"Céu Claro";"Dupla";"Reta";"Não";1;0;1;0;0;0;1;1;-17,7309;-49,1552;"SPRF-GO";"DEL03-GO";"UOP01-DEL03-GO"
158111;2018-09-08;"sábado";"13:25:00";"GO";60;0,8;"SANTO ANTONIO DO DESCOBERTO";"Falta de Atenção à Condução";"Saída de leito carroçável";"Com Vítimas Fatais";"Pleno dia";"Crescente";"Céu Claro";"Dupla";"Reta";"Não";3;1;0;2;0;0;2;1;-16,06461956;-48,26465607;"SPRF-DF";"DEL01-DF";"UOP01-DEL03-DF"
158112;2018-09-08;"sábado";"13:10:00";"PR";153;36;"SANTO ANTONIO DA PLATINA";"Falta de Atenção à Condução";"Saída de leito carroçável";"Com Vítimas Feridas";"Pleno dia";"Decrescente";"Céu Claro";"Simples";"Declive";"Não";3;0;2;0;0;1;2;2;-23,25718729;-50,05316192;"SPRF-PR";"DEL07-PR";"UOP04-DEL07-PR"
158113;2018-09-08;"sábado";"14:30:00";"RS";158;333,2;"SANTA MARIA";"Falta de Atenção à Condução";"Colisão transversal";"Com Vítimas Feridas";"Pleno dia";"Crescente";"Céu Claro";"Simples";"Rotatória;Curva";"Não";3;0;2;0;1;0;2;2;-29,70682251;-53,85198712;"SPRF-RS";"DEL09-RS";"UOP01-DEL09-RS"
158114;2018-09-08;"sábado";"15:00:00";"ES";101;209,9;"IBIRACU";"Desobediência às normas de trânsito pelo condutor";"Tombamento";"Com Vítimas Feridas";"Pleno dia";"Crescente";"Céu Claro";"Simples";"Reta;Aclive";"Não";2;0;0;2;0;0;2;1;-19,79803043;-40,37011027;"SPRF-ES";"DEL02-ES";"UOP01-DEL02-ES"
158118;2018-09-08;"sábado";"08:30:00";"RN";406;102;"JOAO CAMARA";"Falta de Atenção à Condução";"Colisão traseira";"Com Vítimas Feridas";"Pleno dia";"Crescente";"Céu Claro";"Simples";"Reta";"Sim";3;0;0;2;1;0;2;2;-5,52730283;-35,81846327;"SPRF-RN";"DEL02-RN";"UOP01-DEL02-RN"
158121;2018-09-08;"sábado";"15:00:00";"GO";40;104,1;"CRISTALINA";"Falta de Atenção à Condução";"Saída de leito carroçável";"Com Vítimas Feridas";"Pleno dia";"Crescente";"Céu Claro";"Simples";"Reta";"Não";1;0;1;0;0;0;1;1;-16,815263;-47,557063;"SPRF-DF";"DEL01-DF";"UOP02-DEL01-DF"
158122;2018-09-08;"sábado";"14:30:00";"PR";476;117;"COLOMBO";"Falta de Atenção à Condução";"Colisão com objeto estático";"Sem Vítimas";"Pleno dia";"Crescente";"Céu Claro";"Dupla";"Reta";"Sim";1;0;0;0;1;0;0;1;-25,35003754;-49,17685725;"SPRF-PR";"DEL01-PR";"UOP01-DEL01-PR"
158124;2018-09-08;"sábado";"15:20:00";"SE";235;77;"FREI PAULO";"Ingestão de Álcool";"Colisão lateral";"Com Vítimas Feridas";"Pleno dia";"Decrescente";"Sol";"Simples";"Reta";"Não";4;0;0;3;0;1;3;2;-10,54215862;-37,56053925;"SPRF-SE";"DEL01-SE";"UOP02-DEL01-SE"
158126;2018-09-08;"sábado";"16:00:00";"TO";153;652;"GURUPI";"Defeito Mecânico no Veículo";"Capotamento";"Com Vítimas Feridas";"Pleno dia";"Decrescente";"Céu Claro";"Simples";"Reta";"Não";2;0;1;1;0;0;2;1;-11,552757;-49,024319;"SPRF-TO";"DEL02-TO";"UOP02-DEL01-TO"
158127;2018-09-08;"sábado";"15:30:00";"PA";10;354;"SANTA MARIA DO PARA";"Falta de Atenção do Pedestre";"Atropelamento de Pedestre";"Com Vítimas Feridas";"Pleno dia";"Crescente";"Céu Claro";"Simples";"Reta";"Sim";2;0;1;0;1;0;1;2;-1,34638791;-47,57771015;"SPRF-PA";"DEL01-PA";"UOP02-DEL01-PA"
158129;2018-09-08;"sábado";"16:15:00";"PR";277;72,2;"SAO JOSE DOS PINHAIS";"Falta de Atenção à Condução";"Colisão lateral";"Com Vítimas Feridas";"Pleno dia";"Crescente";"Céu Claro";"Dupla";"Reta";"Sim";2;0;0;2;0;0;2;2;-25,50758745;-49,137353;"SPRF-PR";"DEL01-PR";"UOP01-DEL01-PR"
158130;2018-09-08;"sábado";"14:30:00";"RO";364;610;"ITAPUA DO OESTE";"Desobediência às normas de trânsito pelo condutor";"Saída de leito carroçável";"Com Vítimas Feridas";"Pleno dia";"Crescente";"Céu Claro";"Simples";"Reta";"Não";2;0;1;0;0;1;1;1;-9,153732;-63,226715;"SPRF-RO";"DEL03-RO";"UOP04-DEL01-RO"
158131;2018-09-08;"sábado";"16:40:00";"RJ";40;27;"TRES RIOS";"Condutor Dormindo";"Saída de leito carroçável";"Com Vítimas Feridas";"Pleno dia";"Crescente";"Sol";"Dupla";"Curva";"Não";2;0;2;0;0;0;2;1;-22,16694856;-43,15674305;"SPRF-RJ";"DEL06-RJ";"UOP02-DEL05-RJ"
158132;2018-09-08;"sábado";"16:20:00";"GO";60;101;"ANAPOLIS";"Falta de Atenção à Condução";"Colisão transversal";"Com Vítimas Feridas";"Pleno dia";"Crescente";"Céu Claro";"Dupla";"Reta";"Não";2;0;0;1;1;0;1;2;-16,4022;-48,9745;"SPRF-GO";"DEL02-GO";"UOP01-DEL02-GO"
158133;2018-09-08;"sábado";"16:40:00";"AL";104;28;"UNIAO DOS PALMARES";"Desobediência às normas de trânsito pelo condutor";"Colisão transversal";"Com Vítimas Feridas";"Pleno dia";"Decrescente";"Céu Claro";"Simples";"Curva";"Não";3;0;0;2;1;0;2;2;-9,11129969;-36,04769143;"SPRF-AL";"DEL01-AL";"UOP02-DEL01-AL"
158134;2018-09-08;"sábado";"15:08:00";"BA";116;10;"VITORIA DA CONQUISTA";"Avarias e/ou desgaste excessivo no pneu";"Queda de ocupante de veículo";"Com Vítimas Feridas";"Pleno dia";"Crescente";"Céu Claro";"Simples";"Reta";"Não";1;0;0;1;0;0;1;1;-14,851;-40,8485;"SPRF-BA";"DEL08-BA";"UOP01-DEL08-BA"