"id";"data_inversa";"dia_semana";"horario";"uf";"br";"km";"municipio";"causa_acidente";"tipo_acidente";"classificacao_acidente";"fase_dia";"sentido_via";"condicao_metereologica";"tipo_pista";"tracado_via";"uso_solo";"pessoas";"mortos";"feridos_leves";"feridos_graves";"ilesos";"ignorados";"feridos";"veiculos";"latitude";"longitude";"regional";"delegacia";"uop"
158135;2018-09-08;"sábado";"16:45:00";"PA";10;14,7;"DOM ELISEU";"Ultrapassagem Indevida";"Saída de leito carroçável";"Com Vítimas Fatais";"Pleno dia";"Crescente";"Céu Claro";"Simples";"Reta";"Sim";9;5;4;0;0;0;4;1;-4,321058;-47,550528;"SPRF-PA";"DEL02-PA";"UOP02-DEL02-PA"
158137;2018-09-08;"sábado";"17:00:00";"SP";381;43,7;"ATIBAIA";"Desobediência às normas de trânsito pelo condutor";"Colisão lateral";"Com Vítimas Feridas";"Pleno dia";"Crescente";"Céu Claro";"Dupla";"Reta";"Sim";3;0;1;0;1;1;1;3;-23,16293069;-46,57355178;"SPRF-SP";"DEL03-SP";"UOP01-DEL03-SP"
158138;2018-09-08;"sábado";"17:10:00";"SE";235;58;"ITABAIANA";"Ingestão de Álcool";"Colisão frontal";"Com Vítimas Feridas";"Pleno dia";"Crescente";"Nublado";"Simples";"Reta";"Sim";5;0;1;4;0;0;5;2;-10,64002604;-37,45493799;"SPRF-SE";"DEL01-SE";"UOP02-DEL01-SE"
158139;2018-09-08;"sábado";"17:10:00";"DF";20;43,7;"BRASILIA";"Falta de Atenção à Condução";"Colisão traseira";"Com Vítimas Feridas";"Pleno dia";"Decrescente";"Céu Claro";"Dupla";"Reta";"Não";10;0;6;0;4;0;6;2;-15,57553073;-47,47865332;"SPRF-DF";"DEL02-DF";"UOP01-DEL02-DF"
158141;2018-09-08;"sábado";"17:35:00";"SC";282;3;"FLORIANOPOLIS";"Falta de Atenção à Condução";"Colisão traseira";"Sem Vítimas";"Pleno dia";"Decrescente";"Sol";"Simples";"Reta";"Sim";2;0;0;0;2;0;0;2;-27,600384;-48,599705;"SPRF-SC";"DEL01-SC";"UOP01-DEL01-SC"
158142;2018-09-08;"sábado";"16:45:00";"PA";316;3,2;"ANANINDEUA";"Desobediência às normas de trânsito pelo condutor";"Colisão com objeto em movimento";"Com Vítimas Feridas";"Pleno dia";"Decrescente";"Nublado";"Dupla";"Reta";"Sim";2;0;1;1;0;0;2;2;-1,38932857;-48,41322362;"SPRF-PA";"DEL01-PA";"DEL19/1-UOP05/PA"
158143;2018-09-08;"sábado";"17:20:00";"PR";376;2,7;"MANDAGUARI";"Falta de Atenção à Condução";"Colisão transversal";"Com Vítimas Feridas";"Anoitecer";"Decrescente";"Sol";"Simples";"Reta";"Sim";2;0;2;0;0;0;2;2;-23,51496432;-51,6981411;"SPRF-PR";"DEL07-PR";"UOP01-DEL09-PR"
158144;2018-09-08;"sábado";"10:00:00";"RJ";40;81;"PETROPOLIS";"Desobediência às normas de trânsito pelo condutor";"Colisão transversal";"Com Vítimas Feridas";"Pleno dia";"Decrescente";"Sol";"Simples";"Reta";"Sim";2;0;1;0;1;0;1;2;-22,53011858;-43,22100341;"SPRF-RJ";"DEL06-RJ";"UOP01-DEL06-RJ"
158145;2018-09-08;"sábado";"17:45:00";"PB";230;62,9;"SAO MIGUEL DE TAIPU";"Condutor Dormindo";"Capotamento";"Com Vítimas Feridas";"Anoitecer";"Crescente";"Céu Claro";"Dupla";"Declive";"Não";4;0;0;2;2;0;2;1;-7,19252897;-35,17959595;"SPRF-PB";"DEL01-PB";"UOP03-DEL01-PB"
158146;2018-09-08;"sábado";"18:00:00";"MG";381;431,5;"SABARA";"Objeto estático sobre o leito carroçável";"Tombamento";"Com Vítimas Feridas";"Anoitecer";"Crescente";"Céu Claro";"Dupla";"Reta";"Não";2;0;1;0;0;1;1;2;-19,79042895;-43,68189812;"SPRF-MG";"DEL01-MG";"UOP01-DEL01-MG"
158147;2018-09-08;"sábado";"17:45:00";"PB";101;115;"PEDRAS DE FOGO";"Desobediência às normas de trânsito pelo pedestre";"Atropelamento de Pedestre";"Com Vítimas Fatais";"Anoitecer";"Decrescente";"Céu Claro";"Dupla";"Aclive;Reta";"Sim";3;1;0;0;2;0;0;2;-7,418;-34,9599;"SPRF-PB";"DEL01-PB";"UOP01-DEL01-PB"
158149;2018-09-08;"sábado";"15:50:00";"MT";163;683;"LUCAS DO RIO VERDE";"Falta de Atenção à Condução";"Saída de leito carroçável";"Com Vítimas Feridas";"Pleno dia";"Crescente";"Céu Claro";"Simples";"Reta";"Não";2;0;0;1;1;0;1;1;-13,12762947;-55,9588623;"SPRF-MT";"DEL06-MT";"UOP01-DEL06-MT"
158150;2018-09-08;"sábado";"18:00:00";"DF";20;11;"BRASILIA";"Velocidade Incompatível";"Saída de leito carroçável";"Com Vítimas Feridas";"Plena Noite";"Crescente";"Céu Claro";"Dupla";"Retorno Regulamentado";"Sim";1;0;0;1;0;0;1;1;-15,64497662;-47,76269406;"SPRF-DF";"DEL02-DF";"UOP01-DEL02-DF"
158152;2018-09-08;"sábado";"16:30:00";"MA";135;5;"SAO LUIS";"Pista Escorregadia";"Saída de leito carroçável";"Com Vítimas Feridas";"Pleno dia";"Decrescente";"Céu Claro";"Dupla";"Curva";"Não";1;0;1;0;0;0;1;1;-2,688085;-44,300145;"SPRF-MA";"DEL01-MA";"UOP01-DEL01-MA"
158154;2018-05-25;"sexta-feira";"19:30:00";"BA";110;397;"SAO SEBASTIAO DO PASSE";"Animais na Pista";"Atropelamento de Animal";"Com Vítimas Feridas";"Plena Noite";"Decrescente";"Nublado";"Dupla";"Reta";"Sim";1;0;1;0;0;0;1;1;-12,536;-38,5059;"SPRF-BA";"DEL01-BA";"UOP01-DEL01-BA"
158156;2018-09-08;"sábado";"18:35:00";"PR";116;102;"SAO JOSE DOS PINHAIS";"Desobediência às normas de trânsito pelo condutor";"Colisão traseira";"Com Vítimas Feridas";"Anoitecer";"Crescente";"Nublado";"Dupla";"Viaduto";"Sim";2;0;1;0;1;0;1;2;-25,550711;-49,150246;"SPRF-PR";"DEL01-PR";"UOP01-DEL01-PR"
158157;2018-09-08;"sábado";"18:35:00";"TO";153;137,8;"ARAGUAINA";"Ingestão de Álcool";"Colisão com objeto estático";"Com Vítimas Feridas";"Anoitecer";"Crescente";"Céu Claro";"Múltipla";"Reta";"Sim";2;0;2;0;0;0;2;1;-7,153112;-48,203952;"SPRF-TO";"DEL02-TO";"UOP01-DEL02-TO"
158158;2018-09-08;"sábado";"15:00:00";"SC";280;306,5;"PORTO UNIAO";"Condutor Dormindo";"Colisão com objeto estático";"Sem Vítimas";"Pleno dia";"Crescente";"Ignorado";"Simples";"Reta";"Sim";1;0;0;0;1;0;0;1;-26,296299;-50,915482;"SPRF-SC";"DEL06-SC";"UOP04-DEL06-SC"
158159;2018-09-08;"sábado";"18:55:00";"SC";280;51,5;"GUARAMIRIM";"Falta de Atenção à Condução";"Tombamento";"Com Vítimas Feridas";"Plena Noite";"Crescente";"Nublado";"Simples";"Interseção de Vias";"Sim";1;0;0;1;0;0;1;1;-26,46685139;-48,95945549;"SPRF-SC";"DEL03-SC";"UOP03-DEL03-SC"
158161;2018-09-08;"sábado";"18:50:00";"SC";101;426,3;"ARARANGUA";"Ingestão de Álcool";"Colisão frontal";"Com Vítimas Feridas";"Plena Noite";"Crescente";"Céu Claro";"Múltipla";"Interseção de Vias";"Sim";3;0;1;0;2;0;1;2;-29,02996271;-49,60396886;"SPRF-SC";"DEL02-SC";"UOP02-DEL02-SC"
158162;2018-09-08;"sábado";"18:30:00";"MG";381;492;"BETIM";"Ingestão de Álcool";"Tombamento";"Com Vítimas Feridas";"Plena Noite";"Crescente";"Céu Claro";"Múltipla";"Curva";"Sim";1;0;1;0;0;0;1;1;-19,96235737;-44,16439533;"SPRF-MG";"DEL01-MG";"UOP03-DEL01-MG"
158163;2018-09-08;"sábado";"18:30:00";"RN";226;78;"TANGARA";"Ingestão de Álcool";"Colisão traseira";"Com Vítimas Feridas";"Plena Noite";"Crescente";"Céu Claro";"Simples";"Reta";"Não";3;0;0;2;1;0;2;2;-6,17537164;-35,76530457;"SPRF-RN";"DEL01-RN";"UOP02-DEL01-RN"
158165;2018-09-08;"sábado";"18:10:00";"PA";222;99,1;"RONDON DO PARA";"Avarias e/ou desgaste excessivo no pneu";"Saída de leito carroçável";"Com Vítimas Feridas";"Anoitecer";"Crescente";"Céu Claro";"Simples";"Curva";"Não";7;0;6;1;0;0;7;1;-4,746733;-48,030144;"SPRF-PA";"DEL02-PA";"UOP02-DEL02-PA"
158167;2018-09-08;"sábado";"18:40:00";"BA";116;354;"SERRINHA";"Defeito Mecânico no Veículo";"Colisão transversal";"Sem Vítimas";"Plena Noite";"Crescente";"Céu Claro";"Simples";"Reta";"Não";2;0;0;0;2;0;0;2;-11,6737554;-38,99940491;"SPRF-BA";"DEL02-BA";"DEL10/2-UOP02/BA"
158168;2018-09-08;"sábado";"18:50:00";"ES";101;374,8;"ICONHA";"Mal Súbito";"Saída de leito carroçável";"Com Vítimas Fatais";"Plena Noite";"Crescente";"Nublado";"Simples";"Reta";"Sim";4;1;0;3;0;0;3;1;-20,7881253;-40,7908399;"SPRF-ES";"DEL03-ES";"UOP01-DEL03-ES"
158170;2018-09-08;"sábado";"17:40:00";"RO";364;448;"JARU";"Agressão Externa";"Saída de leito carroçável";"Com Vítimas Feridas";"Anoitecer";"Decrescente";"Céu Claro";"Simples";"Reta";"Não";2;0;1;1;0;0;2;1;-10,310406;-62,639111;"SPRF-RO";"DEL03-RO";"UOP02-DEL03-RO"
158171;2018-09-08;"sábado";"19:30:00";"CE";116;222;"ALTO SANTO";"Mal Súbito";"Colisão frontal";"Com Vítimas Fatais";"Plena Noite";"Crescente";"Céu Claro";"Simples";"Reta";"Não";3;2;1;0;0;0;1;2;-5,389351;-38,225563;"SPRF-CE";"DEL03-CE";"UOP01-DEL03-CE"
158172;2018-09-08;"sábado";"18:50:00";"RJ";101;29,3;"CAMPOS DOS GOYTACAZES";"Velocidade Incompatível";"Saída de leito carroçável";"Com Vítimas Feridas";"Plena Noite";"Decrescente";"Céu Claro";"Simples";"Reta";"Não";2;0;2;0;0;0;2;1;-21,46121659;-41,34138107;"SPRF-RJ";"DEL08-RJ";"UOP01-DEL08-RJ"
158173;2018-09-08;"sábado";"18:15:00";"MG";262;566,2;"CORREGO DANTA";"Ingestão de Álcool";"Saída de leito carroçável";"Com Vítimas Feridas";"Plena Noite";"Decrescente";"Céu Claro";"Simples";"Reta";"Não";3;0;1;0;1;1;1;2;-19,74295443;-46,00464821;"SPRF-MG";"N/A";"N/A"
158174;2018-09-08;"sábado";"18:20:00";"PR";376;165;"MARINGA";"Defeito Mecânico no Veículo";"Tombamento";"Com Vítimas Feridas";"Plena Noite";"Crescente";"Céu Claro";"Dupla";"Reta";"Não";1;0;0;1;0;0;1;1;-23,38376031;-52,03034878;"SPRF-PR";"DEL07-PR";"UOP01-DEL09-PR"
158175;2018-09-08;"sábado";"19:44:00";"SP";116;190,3;"SANTA ISABEL";"Falta de Atenção do Pedestre";"Atropelamento de Pedestre";"Com Vítimas Fatais";"Plena Noite";"Crescente";"Céu Claro";"Dupla";"Aclive";"Sim";2;1;0;0;1;0;0;2;-23,36862361;-46,23468518;"SPRF-SP";"DEL02-SP";"UOP01-DEL02-SP"
158178;2018-09-08;"sábado";"18:30:00";"SC";282;590;"SAUDADES";"Falta de Atenção à Condução";"Tombamento";"Com Vítimas Feridas";"Plena Noite";"Decrescente";"Céu Claro";"Simples";"Reta";"Não";1;0;0;1;0;0;1;1;-26,825788;-53,072556;"SPRF-SC";"DEL07-SC";"UOP02-DEL07-SC"
158179;2018-09-08;"sábado";"20:10:00";"SC";101;3,4;"GARUVA";"Defeito Mecânico no Veículo";"Tombamento";"Com Vítimas Feridas";"Plena Noite";"Decrescente";"Céu Claro";"Dupla";"Reta";"Não";2;0;0;2;0;0;2;1;-26,0093;-48,8642;"SPRF-SC";"DEL03-SC";"UOP01-DEL03-SC"
158180;2018-09-08;"sábado";"20:15:00";"MG";459;87,8;"CONGONHAL";"Desobediência às normas de trânsito pelo condutor";"Colisão transversal";"Com Vítimas Feridas";"Plena Noite";"Decrescente";"Céu Claro";"Simples";"Reta";"Sim";3;0;1;0;2;0;1;2;-22,14992742;-46,02619171;"SPRF-MG";"DEL09-MG";"UOP01-DEL09-MG"
158181;2018-09-08;"sábado";"20:30:00";"PR";277;596;"CASCAVEL";"Falta de Atenção do Pedestre";"Atropelamento de Pedestre";"Com Vítimas Feridas";"Plena Noite";"Decrescente";"Céu Claro";"Dupla";"Reta";"Sim";2;0;0;1;1;0;1;2;-25,02817;-53,55983;"SPRF-PR";"DEL04-PR";"UOP01-DEL04-PR"
158183;2018-09-08;"sábado";"19:45:00";"RO";364;307;"PRESIDENTE MEDICI";"Falta de Atenção à Condução";"Colisão traseira";"Com Vítimas Feridas";"Plena Noite";"Crescente";"Ignorado";"Simples";"Reta";"Não";2;0;0;1;1;0;1;2;-11,262755;-61,90205;"SPRF-RO";"DEL02-RO";"UOP01-DEL02-RO"
158184;2018-09-08;"sábado";"20:50:00";"MG";262;174,4;"SAO DOMINGOS DO PRATA";"Ingestão de Álcool";"Queda de ocupante de veículo";"Com Vítimas Feridas";"Plena Noite";"Crescente";"Céu Claro";"Simples";"Reta";"Não";1;0;0;1;0;0;1;1;-19,940165;-42,950703;"SPRF-MG";"DEL03-MG";"UOP01-DEL03-MG"
158186;2018-09-08;"sábado";"17:13:00";"MG";381;728,9;"CARMO DA CACHOEIRA";"Falta de Atenção à Condução";"Saída de leito carroçável";"Com Vítimas Feridas";"Pleno dia";"Decrescente";"Céu Claro";"Dupla";"Reta";"Não";1;0;1;0;0;0;1;1;-21,4957;-45,2105;"SPRF-MG";"DEL04-MG";"UOP02-DEL04-MG"
158187;2018-09-08;"sábado";"20:50:00";"PE";116;12;"SALGUEIRO";"Falta de Atenção à Condução";"Queda de ocupante de veículo";"Com Vítimas Feridas";"Plena Noite";"Decrescente";"Céu Claro";"Simples";"Reta";"Não";1;0;0;1;0;0;1;1;-7,94936;-39,134144;"SPRF-PE";"DEL05-PE";"UOP01-DEL05-PE"
158188;2018-09-08;"sábado";"21:40:00";"PE";407;128;"PETROLINA";"Desobediência às normas de trânsito pelo condutor";"Colisão lateral";"Com Vítimas Feridas";"Plena Noite";"Decrescente";"Céu Claro";"Simples";"Reta";"Sim";2;0;2;0;0;0;2;2;-9,39331526;-40,51313639;"SPRF-PE";"DEL06-PE";"UOP01-DEL06-PE"
158189;2018-09-08;"sábado";"20:00:00";"PR";376;217,5;"JANDAIA DO SUL";"Desobediência às normas de trânsito pelo condutor";"Colisão frontal";"Sem Vítimas";"Plena Noite";"Crescente";"Céu Claro";"Simples";"Reta";"Sim";2;0;0;0;1;1;0;2;-23,5969964;-51,63540775;"SPRF-PR";"DEL07-PR";"UOP03-DEL07-PR"
158190;2018-09-08;"sábado";"19:00:00";"SP";153;268,2;"MARILIA";"Ingestão de Álcool";"Colisão com objeto estático";"Sem Vítimas";"Plena Noite";"Crescente";"Céu Claro";"Simples";"Reta";"Não";1;0;0;0;1;0;0;1;-22,330513;-49,89864;"SPRF-SP";"DEL07-SP";"UOP02-DEL07-SP"
158191;2018-09-08;"sábado";"20:15:00";"PR";476;123;"CURITIBA";"Falta de Atenção à Condução";"Engavetamento";"Com Vítimas Feridas";"Plena Noite";"Crescente";"Céu Claro";"Dupla";"Reta";"Sim";2;0;1;0;1;0;1;2;-25,392904;-49,209557;"SPRF-PR";"DEL01-PR";"UOP07-DEL01-PR"
158192;2018-09-08;"sábado";"21:30:00";"RJ";465;17;"NOVA IGUACU";"Falta de Atenção à Condução";"Colisão transversal";"Com Vítimas Feridas";"Plena Noite";"Crescente";"Nublado";"Simples";"Interseção de Vias";"Sim";2;0;1;0;1;0;1;2;-22,82365602;-43,61984253;"SPRF-RJ";"DEL01-RJ";"UOP03-DEL01-RJ"
158193;2018-09-08;"sábado";"21:00:00";"MG";40;700;"BARBACENA";"Falta de Atenção do Pedestre";"Atropelamento de Pedestre";"Com Vítimas Feridas";"Plena Noite";"Crescente";"Céu Claro";"Simples";"Reta";"Sim";4;0;0;1;1;2;1;2;-21,2189;-43,739;"SPRF-MG";"DEL05-MG";"UOP02-DEL05-MG"
158194;2018-09-08;"sábado";"22:00:00";"SC";101;117;"ITAJAI";"Falta de Atenção à Condução";"Colisão lateral";"Com Vítimas Feridas";"Plena Noite";"Decrescente";"Nublado";"Dupla";"Interseção de Vias";"Sim";3;0;2;0;1;0;2;2;-26,89028517;-48,72190297;"SPRF-SC";"DEL04-SC";"UOP04-DEL04-SC"
158195;2018-09-08;"sábado";"21:50:00";"SC";101;135,2;"BALNEARIO CAMBORIU";"Falta de Atenção à Condução";"Colisão traseira";"Com Vítimas Feridas";"Plena Noite";"Crescente";"Nublado";"Dupla";"Reta";"Sim";5;0;0;1;4;0;1;2;-27,0081;-48,617;"SPRF-SC";"DEL04-SC";"UOP03-DEL04-SC"
158196;2018-09-08;"sábado";"22:10:00";"PR";369;163,1;"CAMBE";"Velocidade Incompatível";"Colisão traseira";"Com Vítimas Fatais";"Plena Noite";"Crescente";"Céu Claro";"Dupla";"Interseção de Vias";"Sim";4;2;0;1;1;0;1;2;-23,2966687;-51,27506906;"SPRF-PR";"DEL07-PR";"UOP01-DEL07-PR"
158197;2018-09-08;"sábado";"22:25:00";"PR";277;672,5;"MEDIANEIRA";"Ingestão de Álcool";"Colisão com objeto estático";"Com Vítimas Feridas";"Plena Noite";"Crescente";"Céu Claro";"Dupla";"Reta";"Sim";1;0;1;0;0;0;1;1;-25,287436;-54,097012;"SPRF-PR";"DEL05-PR";"UOP01-DEL05-PR"
158198;2018-09-08;"sábado";"22:05:00";"RS";470;174;"VERANOPOLIS";"Desobediência às normas de trânsito pelo condutor";"Atropelamento de Pedestre";"Com Vítimas Fatais";"Plena Noite";"Decrescente";"Céu Claro";"Simples";"Reta";"Não";2;1;0;0;0;1;0;2;-28,8997579;-51,55323744;"SPRF-RS";"DEL06-RS";"UOP02-DEL06-RS"
158199;2018-09-08;"sábado";"22:30:00";"SP";153;75,5;"BADY BASSITT";"Mal Súbito";"Colisão com objeto estático";"Com Vítimas Feridas";"Plena Noite";"Crescente";"Céu Claro";"Dupla";"Aclive";"Sim";2;0;1;0;0;1;1;2;-20,89779659;-49,43854094;"SPRF-SP";"DEL09-SP";"UOP01-DEL09-SP"
158200;2018-09-08;"sábado";"22:30:00";"MG";116;816,5;"ALEM PARAIBA";"Defeito Mecânico no Veículo";"Incêndio";"Sem Vítimas";"Plena Noite";"Crescente";"Céu Claro";"Simples";"Reta;Declive";"Sim";1;0;0;0;1;0;0;1;-21,87009162;-42,66955197;"SPRF-MG";"DEL07-MG";"UOP01-DEL07-MG"
158201;2018-09-08;"sábado";"22:20:00";"RN";101;53,6;"CEARA-MIRIM";"Ingestão de Álcool";"Colisão frontal";"Com Vítimas Fatais";"Pleno dia";"Crescente";"Céu Claro";"Simples";"Reta";"Não";3;1;0;2;0;0;2;2;-5,557614;-35,303343;"SPRF-RN";"DEL02-RN";"UOP01-DEL02-RN"
158202;2018-09-08;"sábado";"22:00:00";"PB";230;36,9;"SANTA RITA";"Velocidade Incompatível";"Saída de leito carroçável";"Com Vítimas Feridas";"Plena Noite";"Decrescente";"Céu Claro";"Dupla";"Reta";"Sim";1;0;1;0;0;0;1;1;-7,13071268;-34,95543569;"SPRF-PB";"DEL01-PB";"UOP01-DEL01-PB"
158205;2018-09-08;"sábado";"22:40:00";"MG";40;823,6;"SIMAO PEREIRA";"Velocidade Incompatível";"Tombamento";"Com Vítimas Feridas";"Plena Noite";"Crescente";"Nublado";"Dupla";"Declive;Curva";"Não";2;0;0;2;0;0;2;1;-21,9825;-43,2818;"SPRF-MG";"DEL05-MG";"UOP01-DEL05-MG"
158206;2018-09-08;"sábado";"22:05:00";"GO";40;10,1;"LUZIANIA";"Falta de Atenção à Condução";"Colisão transversal";"Sem Vítimas";"Plena Noite";"Crescente";"Céu Claro";"Dupla";"Reta";"Sim";3;0;0;0;2;1;0;2;-16,13184;-47,957782;"SPRF-DF";"DEL01-DF";"UOP01-DEL01-DF"
158207;2018-09-08;"sábado";"22:15:00";"MG";262;53,9;"MANHUACU";"Falta de Atenção à Condução";"Saída de leito carroçável";"Com Vítimas Feridas";"Plena Noite";"Decrescente";"Nublado";"Simples";"Reta";"Não";1;0;1;0;0;0;1;1;-20,253708;-42,159878;"SPRF-MG";"DEL06-MG";"UOP03-DEL06-MG"
158208;2018-09-08;"sábado";"22:34:00";"PR";277;453,4;"LARANJEIRAS DO SUL";"Ingestão de Álcool";"Colisão frontal";"Com Vítimas Fatais";"Plena Noite";"Crescente";"Céu Claro";"Simples";"Reta";"Sim";7;1;1;3;2;0;4;3;-25,38324576;-52,40582585;"SPRF-PR";"DEL04-PR";"UOP02-DEL04-PR"
158209;2018-09-08;"sábado";"23:40:00";"SP";101;49;"UBATUBA";"Falta de Atenção do Pedestre";"Colisão transversal";"Com Vítimas Fatais";"Plena Noite";"Crescente";"Nublado";"Simples";"Reta";"Sim";2;1;1;0;0;0;1;2;-23,44653402;-45,08123875;"SPRF-SP";"DEL06-SP";"UOP01-DEL06-SP"
158211;2018-09-08;"sábado";"23:30:00";"PB";230;89;"GURINHEM";"Falta de Atenção à Condução";"Queda de ocupante de veículo";"Com Vítimas Feridas";"Plena Noite";"Crescente";"Céu Claro";"Dupla";"Reta";"Sim";1;0;1;0;0;0;1;1;-7,1708;-35,3831;"SPRF-PB";"DEL01-PB";"UOP03-DEL01-PB"
158212;2018-09-08;"sábado";"19:00:00";"MT";70;385;"CAMPO VERDE";"Ingestão de Álcool";"Colisão frontal";"Com Vítimas Fatais";"Plena Noite";"Decrescente";"Céu Claro";"Simples";"Reta";"Sim";3;2;0;0;0;1;0;3;-15,543212;-55,151974;"SPRF-MT";"DEL02-MT";"UOP02-DEL05-MT"
158213;2018-09-08;"sábado";"23:30:00";"PR";272;367;"CAMPO MOURAO";"Ingestão de Álcool";"Atropelamento de Pedestre";"Com Vítimas Feridas";"Plena Noite";"Decrescente";"Céu Claro";"Dupla";"Reta";"Sim";3;0;1;0;2;0;1;2;-24,050636;-52,401699;"SPRF-PR";"DEL04-PR";"UOP03-DEL09-PR"
158214;2018-09-09;"domingo";"00:30:00";"ES";101;279,4;"SERRA";"Ingestão de Álcool";"Capotamento";"Com Vítimas Feridas";"Plena Noite";"Decrescente";"Céu Claro";"Dupla";"Reta";"Não";1;0;0;1;0;0;1;1;-20,21850927;-40,34546077;"SPRF-ES";"DEL02-ES";"UOP01-DEL02-ES"
158215;2018-09-08;"sábado";"21:32:00";"RJ";101;392;"ITAGUAI";"Condutor Dormindo";"Colisão traseira";"Com Vítimas Feridas";"Plena Noite";"Crescente";"Ignorado";"Dupla";"Reta";"Não";11;0;11;0;0;0;11;2;-22,8588799;-43,7592879;"SPRF-RJ";"DEL03-RJ";"UOP01-DEL03-RJ"
158216;2018-09-08;"sábado";"21:25:00";"RO";364;344;"JI-PARANA";"Desobediência às normas de trânsito pelo condutor";"Colisão transversal";"Com Vítimas Feridas";"Plena Noite";"Decrescente";"Céu Claro";"Dupla";"Interseção de Vias";"Sim";3;0;3;0;0;0;3;2;-10,87389417;-61,95286989;"SPRF-RO";"DEL02-RO";"UOP01-DEL02-RO"
158217;2018-09-09;"domingo";"00:45:00";"SC";101;132,5;"BALNEARIO CAMBORIU";"Falta de Atenção à Condução";"Colisão com objeto estático";"Com Vítimas Feridas";"Plena Noite";"Crescente";"Nublado";"Dupla";"Reta";"Sim";1;0;1;0;0;0;1;1;-26,9992;-48,646;"SPRF-SC";"DEL04-SC";"UOP03-DEL04-SC"
158218;2018-09-08;"sábado";"23:55:00";"MS";163;580,3;"BANDEIRANTES";"Condutor Dormindo";"Saída de leito carroçável";"Com Vítimas Fatais";"Plena Noite";"Crescente";"Céu Claro";"Dupla";"Reta";"Não";4;1;0;3;0;0;3;1;-19,63964204;-54,36681569;"SPRF-MS";"DEL06-MS";"UOP02-DEL06-MS"
158219;2018-09-09;"domingo";"00:30:00";"ES";262;162,5;"IBATIBA";"Velocidade Incompatível";"Tombamento";"Com Vítimas Feridas";"Plena Noite";"Crescente";"Nublado";"Simples";"Reta";"Não";1;0;0;1;0;0;1;1;-20,23642882;-41,52248383;"SPRF-ES";"DEL01-ES";"UOP02-DEL01-ES"
158220;2018-09-09;"domingo";"02:00:00";"DF";20;17;"BRASILIA";"Objeto estático sobre o leito carroçável";"Saída de leito carroçável";"Com Vítimas Feridas";"Plena Noite";"Decrescente";"Céu Claro";"Dupla";"Declive";"Sim";3;0;1;0;2;0;1;1;-15,62431805;-47,72232413;"SPRF-DF";"DEL02-DF";"UOP01-DEL02-DF"
158222;2018-09-09;"domingo";"02:20:00";"MG";356;265,1;"MURIAE";"Desobediência às normas de trânsito pelo condutor";"Colisão frontal";"Com Vítimas Feridas";"Plena Noite";"Crescente";"Céu Claro";"Simples";"Reta";"Sim";6;0;4;0;1;1;4;2;-21,12666854;-42,37365603;"SPRF-MG";"DEL07-MG";"UOP02-DEL07-MG"
158223;2018-09-09;"domingo";"00:30:00";"SP";116;270;"TABOAO DA SERRA";"Condutor Dormindo";"Colisão traseira";"Com Vítimas Feridas";"Plena Noite";"Decrescente";"Céu Claro";"Dupla";"Reta";"Sim";4;0;1;0;3;0;1;2;-23,60782069;-46,76671207;"SPRF-SP";"DEL04-SP";"UOP01-DEL04-SP"
158226;2018-09-09;"domingo";"01:40:00";"SC";101;355,9;"SANGAO";"Falta de Atenção à Condução";"Tombamento";"Com Vítimas Feridas";"Plena Noite";"Crescente";"Céu Claro";"Simples";"Interseção de Vias";"Não";2;0;2;0;0;0;2;1;-28,62471396;-49,08007979;"SPRF-SC";"DEL02-SC";"UOP01-DEL02-SC"
158227;2018-09-09;"domingo";"01:40:00";"GO";153;63;"PORANGATU";"Ingestão de Álcool";"Colisão traseira";"Sem Vítimas";"Plena Noite";"Crescente";"Céu Claro";"Simples";"Reta";"Não";3;0;0;0;3;0;0;2;-13,375279;-49,12653;"SPRF-GO";"DEL07-GO";"UOP01-DEL07-GO"
158229;2018-09-09;"domingo";"02:20:00";"PB";101;18;"MAMANGUAPE";"Ingestão de Álcool";"Colisão lateral";"Sem Vítimas";"Plena Noite";"Crescente";"Céu Claro";"Dupla";"Declive";"Não";2;0;0;0;2;0;0;2;-6,6601;-35,117;"SPRF-PB";"DEL01-PB";"UOP04-DEL01-PB"
158230;2018-09-08;"sábado";"14:45:00";"AC";364;223;"SENA MADUREIRA";"Defeito na Via";"Saída de leito carroçável";"Com Vítimas Feridas";"Pleno dia";"Decrescente";"Céu Claro";"Simples";"Aclive";"Não";2;0;1;1;0;0;2;1;-9,44130637;-68,39969855;"SPRF-AC";"DEL01-AC";"UOP01-DEL01-AC"
158231;2018-09-09;"domingo";"02:20:00";"PR";116;109,3;"CURITIBA";"Velocidade Incompatível";"Capotamento";"Com Vítimas Feridas";"Plena Noite";"Decrescente";"Nublado";"Dupla";"Reta";"Sim";1;0;1;0;0;0;1;1;-25,56296059;-49,25889301;"SPRF-PR";"DEL01-PR";"UOP01-DEL01-PR"
158232;2018-09-08;"sábado";"23:40:00";"AC";317;67;"SENADOR GUIOMARD";"Velocidade Incompatível";"Saída de leito carroçável";"Com Vítimas Feridas";"Plena Noite";"Decrescente";"Céu Claro";"Simples";"Curva";"Não";4;0;0;4;0;0;4;1;-10,051794;-67,556854;"SPRF-AC";"DEL01-AC";"UOP01-DEL01-AC"
158233;2018-09-08;"sábado";"21:50:00";"RO";435;120;"CEREJEIRAS";"Falta de Atenção à Condução";"Saída de leito carroçável";"Com Vítimas Feridas";"Plena Noite";"Crescente";"Céu Claro";"Simples";"Curva";"Não";2;0;1;0;1;0;1;1;-13,185594;-60,783291;"SPRF-RO";"DEL04-RO";"UOP02-DEL04-RO"