"id";"data_inversa";"dia_semana";"horario";"uf";"br";"km";"municipio";"causa_acidente";"tipo_acidente";"classificacao_acidente";"fase_dia";"sentido_via";"condicao_metereologica";"tipo_pista";"tracado_via";"uso_solo";"pessoas";"mortos";"feridos_leves";"feridos_graves";"ilesos";"ignorados";"feridos";"veiculos";"latitude";"longitude";"regional";"delegacia";"uop"
158343;2018-09-09;"domingo";"15:35:00";"PR";376;295,6;"MAUA DA SERRA";"Falta de Atenção do Pedestre";"Atropelamento de Pedestre";"Com Vítimas Feridas";"Pleno dia";"Decrescente";"Céu Claro";"Simples";"Reta";"Não";6;0;0;1;4;1;1;2;-23,90922252;-51,18794018;"SPRF-PR";"DEL07-PR";"UOP02-DEL07-PR"
158344;2018-09-09;"domingo";"15:45:00";"CE";116;167,8;"RUSSAS";"Falta de Atenção à Condução";"Colisão transversal";"Com Vítimas Feridas";"Pleno dia";"Crescente";"Céu Claro";"Simples";"Interseção de Vias";"Sim";2;0;0;1;1;0;1;2;-4,929619;-37,989922;"SPRF-CE";"DEL03-CE";"UOP01-DEL03-CE"
158345;2018-09-09;"domingo";"15:00:00";"SC";101;100,6;"BALNEARIO PICARRAS";"Não guardar distância de segurança";"Saída de leito carroçável";"Com Vítimas Feridas";"Pleno dia";"Decrescente";"Céu Claro";"Dupla";"Reta";"Sim";2;0;2;0;0;0;2;1;-26,77829603;-48,68526936;"SPRF-SC";"DEL03-SC";"UOP02-DEL03-SC"
158348;2018-09-09;"domingo";"14:00:00";"RO";364;753;"PORTO VELHO";"Falta de Atenção à Condução";"Tombamento";"Com Vítimas Feridas";"Pleno dia";"Decrescente";"Céu Claro";"Simples";"Reta";"Não";2;0;1;0;1;0;1;1;-9,07302634;-64,04634476;"SPRF-RO";"DEL01-RO";"UOP02-DEL01-RO"
158349;2018-09-09;"domingo";"12:10:00";"MG";381;949,7;"EXTREMA";"Falta de Atenção à Condução";"Engavetamento";"Com Vítimas Feridas";"Pleno dia";"Crescente";"Céu Claro";"Dupla";"Reta";"Sim";4;0;1;0;3;0;1;3;-22,87900721;-46,3724649;"SPRF-MG";"DEL16-MG";"UOP03-DEL16-MG"
158351;2018-09-09;"domingo";"14:50:00";"MG";40;557;"NOVA LIMA";"Mal Súbito";"Colisão traseira";"Com Vítimas Feridas";"Pleno dia";"Decrescente";"Céu Claro";"Dupla";"Reta";"Sim";4;0;1;0;3;0;1;3;-20,1116;-43,9714;"SPRF-MG";"DEL01-MG";"UOP02-DEL01-MG"
158352;2018-09-09;"domingo";"15:45:00";"MG";40;556;"NOVA LIMA";"Não guardar distância de segurança";"Colisão traseira";"Com Vítimas Feridas";"Pleno dia";"Decrescente";"Céu Claro";"Dupla";"Reta;Declive";"Sim";3;0;2;0;1;0;2;2;-20,10560903;-43,97468805;"SPRF-MG";"DEL01-MG";"UOP02-DEL01-MG"
158354;2018-09-09;"domingo";"16:10:00";"PE";101;78;"RECIFE";"Defeito na Via";"Tombamento";"Com Vítimas Feridas";"Pleno dia";"Decrescente";"Céu Claro";"Dupla";"Reta;Em Obras";"Sim";1;0;0;1;0;0;1;1;-8,13751261;-34,94745612;"SPRF-PE";"DEL01-PE";"UOP01-DEL01-PE"
158358;2018-09-09;"domingo";"16:00:00";"MG";365;14,2;"MONTES CLAROS";"Falta de Atenção à Condução";"Colisão traseira";"Sem Vítimas";"Pleno dia";"Decrescente";"Céu Claro";"Simples";"Reta";"Não";6;0;0;0;6;0;0;2;-16,858665;-43,979149;"SPRF-MG";"DEL12-MG";"UOP01-DEL12-MG"
158359;2018-09-09;"domingo";"16:30:00";"MT";158;661;"NOVA XAVANTINA";"Avarias e/ou desgaste excessivo no pneu";"Capotamento";"Com Vítimas Feridas";"Pleno dia";"Decrescente";"Sol";"Simples";"Reta";"Não";5;0;5;0;0;0;5;1;-14,90763017;-52,290802;"SPRF-MT";"DEL07-MT";"UOP01-DEL07-MT"
158360;2018-09-09;"domingo";"16:45:00";"ES";101;269,2;"SERRA";"Desobediência às normas de trânsito pelo condutor";"Colisão transversal";"Com Vítimas Feridas";"Anoitecer";"Crescente";"Nublado";"Múltipla";"Reta";"Sim";4;0;2;0;1;1;2;2;-20,223199;-40,270044;"SPRF-ES";"DEL02-ES";"UOP01-DEL02-ES"
158362;2018-09-09;"domingo";"16:40:00";"CE";116;21;"ITAITINGA";"Falta de Atenção à Condução";"Queda de ocupante de veículo";"Com Vítimas Feridas";"Pleno dia";"Decrescente";"Céu Claro";"Dupla";"Reta;Aclive";"Sim";1;0;1;0;0;0;1;1;-3,9333778;-38,5078698;"SPRF-CE";"DEL01-CE";"UOP02-DEL01-CE"
158363;2018-09-09;"domingo";"13:40:00";"RS";116;40,9;"VACARIA";"Ingestão de Álcool";"Colisão transversal";"Sem Vítimas";"Pleno dia";"Decrescente";"Céu Claro";"Simples";"Reta;Aclive";"Sim";2;0;0;0;2;0;0;2;-28,52423251;-50,94597448;"SPRF-RS";"DEL05-RS";"UOP03-DEL05-RS"
158364;2018-09-09;"domingo";"16:38:00";"RN";304;287,5;"MACAIBA";"Não guardar distância de segurança";"Colisão traseira";"Sem Vítimas";"Pleno dia";"Crescente";"Sol";"Simples";"Declive";"Não";5;0;0;0;2;3;0;4;-5,8722558;-35,43276596;"SPRF-RN";"DEL01-RN";"UOP02-DEL01-RN"
158366;2018-09-09;"domingo";"17:00:00";"RN";226;54,5;"BOM JESUS";"Não guardar distância de segurança";"Colisão traseira";"Com Vítimas Feridas";"Pleno dia";"Decrescente";"Céu Claro";"Simples";"Reta";"Não";3;0;2;0;1;0;2;2;-6,012376;-35,632958;"SPRF-RN";"DEL01-RN";"UOP02-DEL01-RN"
158368;2018-09-09;"domingo";"16:45:00";"AL";101;208;"SAO SEBASTIAO";"Ultrapassagem Indevida";"Colisão lateral";"Sem Vítimas";"Pleno dia";"Decrescente";"Sol";"Simples";"Reta";"Não";2;0;0;0;2;0;0;2;-9,958604;-36,545883;"SPRF-AL";"DEL02-AL";"UOP02-DEL02-AL"
158369;2018-09-09;"domingo";"16:00:00";"MS";163;498,5;"CAMPO GRANDE";"Mal Súbito";"Saída de leito carroçável";"Com Vítimas Feridas";"Pleno dia";"Decrescente";"Céu Claro";"Simples";"Reta";"Não";2;0;2;0;0;0;2;1;-20,336455;-54,518737;"SPRF-MS";"DEL01-MS";"UOP02-DEL01-MS"
158370;2018-09-09;"domingo";"15:00:00";"RO";364;643;"ITAPUA DO OESTE";"Falta de Atenção à Condução";"Saída de leito carroçável";"Com Vítimas Feridas";"Pleno dia";"Crescente";"Céu Claro";"Simples";"Reta";"Não";4;0;2;0;0;2;2;2;-8,98408;-63,423798;"SPRF-RO";"DEL03-RO";"UOP04-DEL01-RO"
158372;2018-09-09;"domingo";"17:15:00";"PR";116;150,8;"MANDIRITUBA";"Falta de Atenção à Condução";"Colisão transversal";"Com Vítimas Feridas";"Pleno dia";"Crescente";"Céu Claro";"Simples";"Reta";"Não";4;0;4;0;0;0;4;2;-25,84083988;-49,34471995;"SPRF-PR";"DEL01-PR";"UOP03-DEL01-PR"
158373;2018-09-09;"domingo";"17:25:00";"MG";365;497,8;"PATROCINIO";"Desobediência às normas de trânsito pelo condutor";"Capotamento";"Com Vítimas Feridas";"Pleno dia";"Crescente";"Céu Claro";"Simples";"Reta";"Não";4;0;2;0;2;0;2;1;-18,91883144;-47,20520496;"SPRF-MG";"DEL10-MG";"UOP01-DEL10-MG"
158374;2018-09-09;"domingo";"17:25:00";"PR";277;329,1;"GUARAPUAVA";"Velocidade Incompatível";"Saída de leito carroçável";"Com Vítimas Feridas";"Pleno dia";"Crescente";"Céu Claro";"Simples";"Reta";"Não";2;0;1;0;1;0;1;1;-25,3587;-51,35611;"SPRF-PR";"DEL03-PR";"UOP01-DEL08-PR"
158375;2018-06-02;"sábado";"21:00:00";"RS";158;328,9;"SANTA MARIA";"Sinalização da via insuficiente ou inadequada";"Colisão com objeto estático";"Com Vítimas Feridas";"Plena Noite";"Decrescente";"Céu Claro";"Simples";"Reta";"Sim";1;0;1;0;0;0;1;1;-29,70702752;-53,82789552;"SPRF-RS";"DEL09-RS";"UOP01-DEL09-RS"
158376;2018-09-09;"domingo";"17:15:00";"GO";60;203,6;"GUAPO";"Velocidade Incompatível";"Colisão com objeto estático";"Com Vítimas Feridas";"Anoitecer";"Decrescente";"Céu Claro";"Dupla";"Declive";"Não";2;0;2;0;0;0;2;1;-16,90253906;-49,64322567;"SPRF-GO";"DEL01-GO";"UOP02-DEL01-GO"
158377;2018-09-09;"domingo";"17:35:00";"PE";232;10,3;"JABOATAO DOS GUARARAPES";"Falta de Atenção à Condução";"Colisão lateral";"Com Vítimas Feridas";"Anoitecer";"Decrescente";"Nublado";"Dupla";"Reta";"Sim";3;0;2;0;1;0;2;2;-8,08209173;-34,99497201;"SPRF-PE";"DEL01-PE";"UOP01-DEL01-PE"
158378;2018-09-09;"domingo";"17:20:00";"PR";277;97,1;"CURITIBA";"Falta de Atenção à Condução";"Saída de leito carroçável";"Com Vítimas Feridas";"Anoitecer";"Crescente";"Céu Claro";"Dupla";"Interseção de Vias";"Sim";1;0;1;0;0;0;1;1;-25,4302432;-49,34242666;"SPRF-PR";"DEL01-PR";"UOP06-DEL01-PR"
158379;2018-09-09;"domingo";"17:30:00";"MG";50;82;"UBERLANDIA";"Falta de Atenção à Condução";"Colisão lateral";"Sem Vítimas";"Pleno dia";"Decrescente";"Céu Claro";"Dupla";"Aclive;Reta";"Não";2;0;0;0;2;0;0;2;-18,98470739;-48,21227789;"SPRF-MG";"DEL15-MG";"UOP01-DEL15-MG"
158380;2018-09-09;"domingo";"17:30:00";"PR";277;112,5;"CAMPO LARGO";"Não guardar distância de segurança";"Colisão lateral";"Sem Vítimas";"Anoitecer";"Decrescente";"Céu Claro";"Dupla";"Reta";"Sim";2;0;0;0;2;0;0;2;-25,44743565;-49,47645036;"SPRF-PR";"DEL01-PR";"UOP06-DEL01-PR"
158382;2018-09-09;"domingo";"11:40:00";"RN";304;35,9;"MOSSORO";"Falta de Atenção à Condução";"Queda de ocupante de veículo";"Com Vítimas Fatais";"Pleno dia";"Decrescente";"Céu Claro";"Dupla";"Reta";"Sim";1;1;0;0;0;0;0;1;-5,161506;-37,350685;"SPRF-RN";"DEL04-RN";"UOP02-DEL04-RN"
158383;2018-09-09;"domingo";"15:30:00";"PE";101;92;"CABO DE SANTO AGOSTINHO";"Defeito Mecânico no Veículo";"Incêndio";"Sem Vítimas";"Pleno dia";"Decrescente";"Nublado";"Dupla";"Reta";"Não";1;0;0;0;1;0;0;1;-8,2379;-35,0024;"SPRF-PE";"DEL01-PE";"UOP03-DEL01-PE"
158384;2018-09-09;"domingo";"18:00:00";"PE";101;89,6;"CABO DE SANTO AGOSTINHO";"Falta de Atenção à Condução";"Colisão traseira";"Com Vítimas Feridas";"Plena Noite";"Decrescente";"Céu Claro";"Simples";"Reta";"Sim";3;0;2;0;1;0;2;3;-8,2279254;-34,9711595;"SPRF-PE";"DEL01-PE";"UOP03-DEL01-PE"
158385;2018-09-09;"domingo";"18:00:00";"PB";230;38,9;"SANTA RITA";"Velocidade Incompatível";"Colisão traseira";"Sem Vítimas";"Anoitecer";"Decrescente";"Céu Claro";"Dupla";"Reta";"Não";2;0;0;0;2;0;0;2;-7,1341;-34,962;"SPRF-PB";"DEL01-PB";"UOP01-DEL01-PB"
158386;2018-09-09;"domingo";"16:25:00";"DF";60;13,8;"BRASILIA";"Condutor Dormindo";"Saída de leito carroçável";"Sem Vítimas";"Pleno dia";"Decrescente";"Céu Claro";"Dupla";"Reta";"Não";2;0;0;0;2;0;0;1;-15,91341675;-48,15513611;"SPRF-DF";"DEL01-DF";"UOP01-DEL03-DF"
158387;2018-09-09;"domingo";"18:00:00";"CE";116;19;"EUSEBIO";"Avarias e/ou desgaste excessivo no pneu";"Tombamento";"Com Vítimas Feridas";"Anoitecer";"Decrescente";"Céu Claro";"Dupla";"Reta";"Sim";2;0;2;0;0;0;2;1;-3,9185526;-38,5068973;"SPRF-CE";"DEL01-CE";"UOP02-DEL01-CE"
158389;2018-09-09;"domingo";"17:30:00";"SC";101;328;"CAPIVARI DE BAIXO";"Não guardar distância de segurança";"Colisão traseira";"Com Vítimas Feridas";"Pleno dia";"Crescente";"Céu Claro";"Múltipla";"Viaduto;Reta;Declive";"Sim";3;0;2;0;1;0;2;2;-28,4397;-48,9625;"SPRF-SC";"DEL02-SC";"UOP01-DEL02-SC"
158391;2018-09-09;"domingo";"15:10:00";"RO";364;298;"PRESIDENTE MEDICI";"Desobediência às normas de trânsito pelo condutor";"Saída de leito carroçável";"Com Vítimas Fatais";"Pleno dia";"Decrescente";"Sol";"Simples";"Reta";"Não";5;1;1;3;0;0;4;1;-11,26267613;-61,90215468;"SPRF-RO";"DEL02-RO";"UOP01-DEL02-RO"
158392;2018-09-09;"domingo";"18:00:00";"MG";50;59,3;"UBERLANDIA";"Não guardar distância de segurança";"Colisão lateral";"Com Vítimas Feridas";"Anoitecer";"Crescente";"Céu Claro";"Dupla";"Curva;Aclive";"Não";10;0;3;0;7;0;3;2;-18,8114;-48,2469;"SPRF-MG";"DEL15-MG";"UOP02-DEL15-MG"
158393;2018-09-09;"domingo";"17:40:00";"RJ";40;122;"DUQUE DE CAXIAS";"Falta de Atenção à Condução";"Colisão traseira";"Com Vítimas Feridas";"Anoitecer";"Crescente";"Nublado";"Múltipla";"Reta";"Sim";3;0;1;0;2;0;1;2;-22,77723206;-43,28594935;"SPRF-RJ";"DEL01-RJ";"UOP01-DEL01-RJ"
158396;2018-09-09;"domingo";"18:30:00";"PR";376;267;"MARILANDIA DO SUL";"Não guardar distância de segurança";"Engavetamento";"Com Vítimas Feridas";"Anoitecer";"Decrescente";"Céu Claro";"Simples";"Reta";"Não";4;0;1;0;3;0;1;3;-23,72717258;-51,29196513;"SPRF-PR";"DEL07-PR";"UOP03-DEL07-PR"
158398;2018-09-09;"domingo";"18:25:00";"ES";101;345,7;"GUARAPARI";"Não guardar distância de segurança";"Engavetamento";"Com Vítimas Feridas";"Plena Noite";"Decrescente";"Céu Claro";"Simples";"Reta";"Sim";6;0;2;0;4;0;2;4;-20,65844603;-40,61469555;"SPRF-ES";"DEL03-ES";"UOP01-DEL03-ES"
158400;2018-09-09;"domingo";"18:20:00";"SC";470;24,8;"ILHOTA";"Falta de Atenção à Condução";"Colisão traseira";"Com Vítimas Feridas";"Plena Noite";"Crescente";"Nublado";"Dupla";"Reta";"Não";4;0;0;3;1;0;3;2;-26,88226801;-48,86079311;"SPRF-SC";"DEL04-SC";"UOP04-DEL04-SC"
158403;2018-09-09;"domingo";"17:30:00";"MT";163;853;"SINOP";"Ingestão de Álcool";"Saída de leito carroçável";"Com Vítimas Feridas";"Anoitecer";"Crescente";"Céu Claro";"Simples";"Reta";"Não";6;0;5;0;1;0;5;1;-11,72351169;-55,46035767;"SPRF-MT";"DEL06-MT";"UOP02-DEL06-MT"
158404;2018-09-09;"domingo";"18:00:00";"GO";20;14,7;"FORMOSA";"Falta de Atenção à Condução";"Engavetamento";"Com Vítimas Feridas";"Plena Noite";"Decrescente";"Céu Claro";"Simples";"Reta";"Não";8;0;4;1;3;0;5;3;-15,58698374;-47,22115874;"SPRF-DF";"DEL02-DF";"UOP01-DEL02-DF"
158405;2018-09-09;"domingo";"16:50:00";"RO";319;60,9;"PORTO VELHO";"Falta de Atenção à Condução";"Colisão traseira";"Com Vítimas Feridas";"Pleno dia";"Crescente";"Sol";"Dupla";"Reta";"Sim";3;0;1;0;2;0;1;2;-8,7395885;-63,89020801;"SPRF-RO";"DEL01-RO";"UOP01-DEL01-RO"
158406;2018-09-09;"domingo";"18:05:00";"SC";282;513,4;"XAXIM";"Falta de Atenção à Condução";"Colisão transversal";"Com Vítimas Feridas";"Anoitecer";"Crescente";"Céu Claro";"Simples";"Reta";"Não";5;0;2;0;3;0;2;2;-26,91521;-52,48424;"SPRF-SC";"DEL07-SC";"UOP01-DEL07-SC"
158407;2018-09-09;"domingo";"17:35:00";"MG";262;29,9;"REDUTO";"Ingestão de Álcool";"Colisão lateral";"Sem Vítimas";"Plena Noite";"Crescente";"Céu Claro";"Simples";"Curva;Aclive";"Não";2;0;0;0;2;0;0;2;-20,247223;-41,982025;"SPRF-MG";"DEL06-MG";"UOP03-DEL06-MG"
158408;2018-09-09;"domingo";"19:00:00";"ES";101;450,9;"MIMOSO DO SUL";"Não guardar distância de segurança";"Colisão traseira";"Com Vítimas Feridas";"Plena Noite";"Crescente";"Céu Claro";"Simples";"Curva";"Não";7;0;0;1;4;2;1;3;-21,1505985;-41,2718678;"SPRF-ES";"DEL03-ES";"UOP02-DEL03-ES"
158409;2018-09-09;"domingo";"17:00:00";"MG";262;476,9;"BOM DESPACHO";"Falta de Atenção à Condução";"Colisão transversal";"Com Vítimas Feridas";"Pleno dia";"Decrescente";"Céu Claro";"Simples";"Reta";"Sim";3;0;1;0;2;0;1;2;-19,78545196;-45,25337219;"SPRF-MG";"DEL08-MG";"UOP03-DEL08-MG"
158410;2018-09-09;"domingo";"18:00:00";"ES";259;17;"JOAO NEIVA";"Não guardar distância de segurança";"Colisão traseira";"Com Vítimas Feridas";"Anoitecer";"Decrescente";"Céu Claro";"Simples";"Em Obras";"Não";4;0;1;0;3;0;1;3;-19,66350249;-40,44245481;"SPRF-ES";"DEL02-ES";"UOP01-DEL02-ES"
158411;2018-09-09;"domingo";"16:30:00";"SC";282;435,3;"VARGEM BONITA";"Velocidade Incompatível";"Tombamento";"Com Vítimas Feridas";"Pleno dia";"Decrescente";"Sol";"Simples";"Reta";"Não";1;0;1;0;0;0;1;1;-26,973248;-51,841671;"SPRF-SC";"DEL07-SC";"UOP04-DEL07-SC"
158412;2018-09-09;"domingo";"18:30:00";"PI";135;350;"BOM JESUS";"Falta de Atenção à Condução";"Capotamento";"Com Vítimas Feridas";"Anoitecer";"Crescente";"Céu Claro";"Simples";"Reta";"Não";1;0;1;0;0;0;1;1;-9,077715;-44,337261;"SPRF-PI";"DEL03-PI";"UOP02-DEL03-PI"
158413;2018-09-09;"domingo";"18:00:00";"BA";101;680,1;"ITAGIMIRIM";"Falta de Atenção à Condução";"Colisão frontal";"Com Vítimas Feridas";"Plena Noite";"Crescente";"Céu Claro";"Simples";"Interseção de Vias";"Não";3;0;1;0;2;0;1;2;-16,0842;-39,6199;"SPRF-BA";"DEL09-BA";"UOP01-DEL09-BA"
158414;2018-09-09;"domingo";"18:50:00";"MG";262;450;"NOVA SERRANA";"Ingestão de álcool e/ou substâncias psicoativas pelo pedestre";"Danos eventuais";"Com Vítimas Feridas";"Plena Noite";"Decrescente";"Vento";"Simples";"Reta";"Não";1;0;0;1;0;0;1;1;-19,863728;-44,997971;"SPRF-MG";"DEL08-MG";"UOP03-DEL08-MG"
158415;2018-09-09;"domingo";"17:00:00";"PR";369;490,2;"CORBELIA";"Não guardar distância de segurança";"Colisão traseira";"Com Vítimas Feridas";"Pleno dia";"Crescente";"Céu Claro";"Simples";"Reta";"Sim";3;0;1;0;2;0;1;2;-24,72008287;-53,247208;"SPRF-PR";"DEL04-PR";"UOP03-DEL04-PR"
158416;2018-09-09;"domingo";"18:30:00";"SC";101;313,1;"LAGUNA";"Desobediência às normas de trânsito pelo pedestre";"Atropelamento de Pedestre";"Com Vítimas Fatais";"Plena Noite";"Decrescente";"Céu Claro";"Dupla";"Curva";"Sim";2;1;0;0;1;0;0;2;-28,44101571;-48,82231951;"SPRF-SC";"DEL02-SC";"UOP01-DEL02-SC"
158417;2018-09-09;"domingo";"18:55:00";"AP";210;3;"MACAPA";"Falta de Atenção à Condução";"Colisão frontal";"Com Vítimas Feridas";"Anoitecer";"Crescente";"Nublado";"Simples";"Declive";"Não";2;0;0;1;1;0;1;2;0,087255;-51,085796;"SPRF-AP";"DEL01-AP";"UOP01-DEL01-AP"
158418;2018-09-09;"domingo";"17:40:00";"MA";316;163;"ARAGUANA";"Falta de Atenção à Condução";"Tombamento";"Com Vítimas Feridas";"Pleno dia";"Crescente";"Sol";"Simples";"Reta";"Não";2;0;2;0;0;0;2;1;-2,965401;-45,661572;"SPRF-MA";"DEL02-MA";"UOP02-DEL02-MA"
158419;2018-09-09;"domingo";"18:00:00";"RJ";116;60;"TERESOPOLIS";"Falta de Atenção à Condução";"Tombamento";"Com Vítimas Feridas";"Plena Noite";"Crescente";"Nublado";"Simples";"Curva";"Não";1;0;1;0;0;0;1;1;-22,3505829;-42,9368226;"SPRF-RJ";"DEL04-RJ";"UOP01-DEL04-RJ"
158420;2018-09-09;"domingo";"18:50:00";"RS";116;521,3;"PELOTAS";"Defeito Mecânico no Veículo";"Saída de leito carroçável";"Com Vítimas Feridas";"Amanhecer";"Crescente";"Céu Claro";"Múltipla";"Interseção de Vias";"Não";1;0;0;1;0;0;1;1;-31,70757787;-52,36942291;"SPRF-RS";"DEL07-RS";"UOP01-DEL07-RS"
158421;2018-09-09;"domingo";"18:40:00";"PA";316;64;"CASTANHAL";"Ingestão de Álcool";"Colisão traseira";"Sem Vítimas";"Plena Noite";"Decrescente";"Céu Claro";"Dupla";"Reta";"Sim";3;0;0;0;3;0;0;3;-1,29622249;-47,91861892;"SPRF-PA";"DEL01-PA";"UOP01-DEL01-PA"
158423;2018-09-09;"domingo";"19:30:00";"GO";40;10;"LUZIANIA";"Falta de Atenção à Condução";"Queda de ocupante de veículo";"Com Vítimas Feridas";"Plena Noite";"Decrescente";"Céu Claro";"Dupla";"Reta";"Sim";3;0;2;0;0;1;2;2;-16,14143391;-47,94847358;"SPRF-DF";"DEL01-DF";"UOP01-DEL01-DF"
158424;2018-09-09;"domingo";"18:45:00";"SC";280;19;"ARAQUARI";"Ingestão de Álcool";"Colisão traseira";"Sem Vítimas";"Plena Noite";"Crescente";"Céu Claro";"Simples";"Reta";"Não";3;0;0;0;3;0;0;3;-26,36995538;-48,6789142;"SPRF-SC";"DEL03-SC";"UOP03-DEL03-SC"
158425;2018-09-09;"domingo";"16:25:00";"MA";222;368,5;"PINDARE-MIRIM";"Defeito na Via";"Colisão traseira";"Com Vítimas Fatais";"Pleno dia";"Decrescente";"Céu Claro";"Simples";"Reta";"Sim";3;1;0;0;2;0;0;2;-3,732067;-45,429786;"SPRF-MA";"DEL02-MA";"UI04-DEL02-MA"
158426;2018-09-09;"domingo";"17:10:00";"PR";277;241;"IRATI";"Falta de Atenção do Pedestre";"Atropelamento de Pedestre";"Com Vítimas Feridas";"Pleno dia";"Crescente";"Sol";"Simples";"Curva";"Não";3;0;0;1;1;1;1;2;-25,45606243;-50,62654495;"SPRF-PR";"DEL03-PR";"UOP02-DEL08-PR"
158427;2018-09-09;"domingo";"18:25:00";"PR";277;700,5;"SAO MIGUEL DO IGUACU";"Falta de Atenção à Condução";"Colisão traseira";"Sem Vítimas";"Plena Noite";"Decrescente";"Chuva";"Dupla";"Reta";"Não";2;0;0;0;2;0;0;2;-25,406075;-54,328278;"SPRF-PR";"DEL05-PR";"UOP01-DEL05-PR"
158429;2018-09-09;"domingo";"19:40:00";"SP";153;63,7;"SAO JOSE DO RIO PRETO";"Ingestão de Álcool";"Colisão transversal";"Sem Vítimas";"Plena Noite";"Decrescente";"Céu Claro";"Dupla";"Interseção de Vias";"Sim";2;0;0;0;2;0;0;2;-20,82895237;-49,3602258;"SPRF-SP";"DEL09-SP";"UOP01-DEL09-SP"
158430;2018-09-09;"domingo";"19:00:00";"GO";20;90,3;"VILA BOA";"Desobediência às normas de trânsito pelo condutor";"Colisão frontal";"Com Vítimas Feridas";"Plena Noite";"Decrescente";"Ignorado";"Simples";"Reta";"Não";5;0;3;0;2;0;3;3;-15,01783151;-47,0447284;"SPRF-DF";"DEL02-DF";"UOP03-DEL02-DF"
158432;2018-09-09;"domingo";"19:55:00";"AP";210;0;"MACAPA";"Falta de Atenção à Condução";"Colisão traseira";"Com Vítimas Feridas";"Plena Noite";"Decrescente";"Nublado";"Dupla";"Reta";"Sim";3;0;1;0;1;1;1;2;0,0778;-51,06097;"SPRF-AP";"DEL01-AP";"UOP01-DEL01-AP"
158434;2018-09-09;"domingo";"19:30:00";"PR";376;180;"ARAPONGAS";"Falta de Atenção à Condução";"Colisão traseira";"Com Vítimas Feridas";"Plena Noite";"Decrescente";"Céu Claro";"Dupla";"Reta";"Não";4;0;1;0;3;0;1;2;-23,36416205;-51,40235379;"SPRF-PR";"DEL07-PR";"UOP01-DEL09-PR"
158435;2018-09-09;"domingo";"18:55:00";"SC";101;131;"BALNEARIO CAMBORIU";"Falta de Atenção à Condução";"Colisão transversal";"Com Vítimas Feridas";"Plena Noite";"Crescente";"Céu Claro";"Dupla";"Reta";"Sim";2;0;1;0;1;0;1;2;-26,9965;-48,6555;"SPRF-SC";"DEL04-SC";"UOP03-DEL04-SC"
158437;2018-09-09;"domingo";"19:45:00";"RS";290;81;"GRAVATAI";"Desobediência às normas de trânsito pelo condutor";"Saída de leito carroçável";"Com Vítimas Feridas";"Plena Noite";"Crescente";"Ignorado";"Múltipla";"Reta";"Não";5;0;1;2;0;2;3;2;-29,954445;-51,06881;"SPRF-RS";"DEL01-RS";"UOP01-DEL01-RS"
158438;2018-09-09;"domingo";"19:20:00";"PR";116;141;"MANDIRITUBA";"Falta de Atenção à Condução";"Colisão traseira";"Com Vítimas Feridas";"Plena Noite";"Crescente";"Nublado";"Dupla";"Declive";"Sim";2;0;1;0;1;0;1;2;-25,772902;-49,323254;"SPRF-PR";"DEL01-PR";"UOP03-DEL01-PR"
158440;2018-09-09;"domingo";"20:10:00";"SP";153;256,2;"MARILIA";"Ingestão de Álcool";"Colisão com objeto estático";"Com Vítimas Feridas";"Plena Noite";"Crescente";"Céu Claro";"Dupla";"Interseção de Vias";"Sim";1;0;1;0;0;0;1;1;-22,23385058;-49,91908181;"SPRF-SP";"DEL07-SP";"UOP02-DEL07-SP"
158441;2018-09-09;"domingo";"19:00:00";"MG";381;555,5;"ITAGUARA";"Velocidade Incompatível";"Atropelamento de Pedestre";"Com Vítimas Feridas";"Anoitecer";"Crescente";"Céu Claro";"Dupla";"Reta";"Não";2;0;1;0;0;1;1;2;-20,3418;-44,4408;"SPRF-MG";"DEL04-MG";"UOP03-DEL04-MG"
158442;2018-09-09;"domingo";"20:20:00";"RN";226;103,3;"SANTA CRUZ";"Velocidade Incompatível";"Colisão frontal";"Com Vítimas Fatais";"Plena Noite";"Decrescente";"Céu Claro";"Simples";"Curva";"Não";2;1;1;0;0;0;1;2;-6,25209077;-35,86784273;"SPRF-RN";"DEL03-RN";"UOP02-DEL03-RN"
158443;2018-09-09;"domingo";"18:57:00";"PR";376;2;"SAO JOSE DOS PINHAIS";"Falta de Atenção à Condução";"Colisão traseira";"Com Vítimas Feridas";"Plena Noite";"Decrescente";"Nublado";"Dupla";"Reta;Interseção de Vias";"Sim";2;0;1;0;1;0;1;2;-25,53973097;-49,19188499;"SPRF-PR";"DEL01-PR";"DEL7/1-UOP08/PR"
158446;2018-09-09;"domingo";"19:26:00";"DF";20;8,4;"BRASILIA";"Condutor Dormindo";"Colisão lateral";"Com Vítimas Feridas";"Plena Noite";"Decrescente";"Céu Claro";"Dupla";"Declive";"Sim";3;0;2;0;1;0;2;2;-15,65638727;-47,78799534;"SPRF-DF";"DEL02-DF";"UOP01-DEL02-DF"
158448;2018-09-09;"domingo";"18:00:00";"MT";364;479;"JANGADA";"Falta de Atenção à Condução";"Queda de ocupante de veículo";"Com Vítimas Feridas";"Plena Noite";"Decrescente";"Céu Claro";"Simples";"Reta";"Não";1;0;1;0;0;0;1;1;-15,2311897;-56,49753571;"SPRF-MT";"DEL01-MT";"DEL2/4-UOP02/MT"