"id";"data_inversa";"dia_semana";"horario";"uf";"br";"km";"municipio";"causa_acidente";"tipo_acidente";"classificacao_acidente";"fase_dia";"sentido_via";"condicao_metereologica";"tipo_pista";"tracado_via";"uso_solo";"pessoas";"mortos";"feridos_leves";"feridos_graves";"ilesos";"ignorados";"feridos";"veiculos";"latitude";"longitude";"regional";"delegacia";"uop"
158449;2018-09-09;"domingo";"09:50:00";"RJ";101;288;"ITABORAI";"Não guardar distância de segurança";"Colisão lateral";"Com Vítimas Feridas";"Plena Noite";"Crescente";"Céu Claro";"Dupla";"Reta";"Não";4;0;1;0;3;0;1;3;-22,76081798;-42,87754118;"SPRF-RJ";"DEL02-RJ";"UOP03-DEL02-RJ"
158450;2018-09-09;"domingo";"20:15:00";"GO";60;174,6;"ABADIA DE GOIAS";"Ingestão de Álcool";"Colisão traseira";"Com Vítimas Feridas";"Plena Noite";"Decrescente";"Céu Claro";"Dupla";"Declive";"Não";2;0;1;0;1;0;1;2;-16,75010895;-49,4280535;"SPRF-GO";"DEL01-GO";"UOP02-DEL01-GO"
158451;2018-09-09;"domingo";"18:30:00";"RJ";101;503;"ANGRA DOS REIS";"Falta de Atenção à Condução";"Colisão transversal";"Com Vítimas Feridas";"Plena Noite";"Decrescente";"Céu Claro";"Simples";"Reta";"Sim";3;0;2;1;0;0;3;2;-22,92430652;-44,36758339;"SPRF-RJ";"DEL03-RJ";"UOP03-DEL03-RJ"
158452;2018-09-09;"domingo";"19:40:00";"PI";343;598;"FLORIANO";"Falta de Atenção à Condução";"Colisão transversal";"Com Vítimas Feridas";"Plena Noite";"Decrescente";"Céu Claro";"Dupla";"Reta";"Sim";2;0;0;1;0;1;1;2;-6,819801;-43,060368;"SPRF-PI";"DEL03-PI";"UOP01-DEL03-PI"
158453;2018-09-09;"domingo";"17:30:00";"RJ";116;132;"MAGE";"Falta de Atenção à Condução";"Tombamento";"Com Vítimas Feridas";"Pleno dia";"Decrescente";"Sol";"Dupla";"Reta";"Sim";2;0;1;0;1;0;1;1;-22,657026;-43,134602;"SPRF-RJ";"DEL04-RJ";"UOP02-DEL04-RJ"
158454;2018-09-09;"domingo";"15:35:00";"SC";280;225,5;"TRES BARRAS";"Ingestão de Álcool";"Colisão lateral";"Com Vítimas Feridas";"Pleno dia";"Decrescente";"Céu Claro";"Simples";"Reta";"Não";5;0;3;0;2;0;3;3;-26,178743;-50,313049;"SPRF-SC";"DEL06-SC";"UOP04-DEL06-SC"
158455;2018-09-09;"domingo";"20:50:00";"SC";101;152;"ITAPEMA";"Não guardar distância de segurança";"Colisão traseira";"Com Vítimas Feridas";"Plena Noite";"Decrescente";"Nublado";"Dupla";"Reta";"Não";3;0;1;0;2;0;1;2;-27,13507687;-48,6098671;"SPRF-SC";"DEL04-SC";"UOP03-DEL04-SC"
158456;2018-09-09;"domingo";"14:35:00";"MG";116;413;"GOVERNADOR VALADARES";"Falta de Atenção à Condução";"Colisão transversal";"Com Vítimas Feridas";"Pleno dia";"Crescente";"Céu Claro";"Simples";"Reta";"Sim";4;0;3;0;1;0;3;2;-18,87635143;-41,96423829;"SPRF-MG";"DEL06-MG";"UOP01-DEL06-MG"
158457;2018-09-09;"domingo";"18:30:00";"TO";153;148;"ARAGUAINA";"Ingestão de Álcool";"Colisão traseira";"Com Vítimas Feridas";"Anoitecer";"Decrescente";"Céu Claro";"Dupla";"Reta";"Não";3;0;3;0;0;0;3;2;-7,22979376;-48,25157786;"SPRF-TO";"DEL02-TO";"UOP01-DEL02-TO"
158458;2018-09-09;"domingo";"19:30:00";"PI";343;475;"ANGICAL DO PIAUI";"Mal Súbito";"Saída de leito carroçável";"Com Vítimas Fatais";"Plena Noite";"Decrescente";"Céu Claro";"Simples";"Interseção de Vias";"Sim";1;1;0;0;0;0;0;1;-6,167801;-42,708553;"SPRF-PI";"DEL01-PI";"UOP02-DEL01-PI"
158459;2018-09-09;"domingo";"19:40:00";"PA";308;196;"BRAGANCA";"Desobediência às normas de trânsito pelo condutor";"Colisão frontal";"Com Vítimas Fatais";"Plena Noite";"Decrescente";"Céu Claro";"Simples";"Reta";"Não";3;1;0;1;1;0;1;2;-1,0645563;-46,81011491;"SPRF-PA";"DEL01-PA";"UOP03-DEL01-PA"
158460;2018-09-09;"domingo";"20:35:00";"DF";40;8;"BRASILIA";"Ingestão de álcool e/ou substâncias psicoativas pelo pedestre";"Atropelamento de Pedestre";"Com Vítimas Feridas";"Plena Noite";"Crescente";"Céu Claro";"Simples";"Curva";"Não";2;0;0;1;1;0;1;2;-16,0472879;-47,98147917;"SPRF-DF";"DEL01-DF";"UOP01-DEL01-DF"
158461;2018-09-09;"domingo";"21:20:00";"CE";222;55,8;"SAO GONCALO DO AMARANTE";"Falta de Atenção à Condução";"Colisão traseira";"Com Vítimas Feridas";"Plena Noite";"Crescente";"Céu Claro";"Simples";"Reta";"Não";2;0;1;0;1;0;1;2;-3,669402;-39,036377;"SPRF-CE";"DEL01-CE";"UOP03-DEL01-CE"
158462;2018-09-09;"domingo";"21:30:00";"AL";104;1;"UNIAO DOS PALMARES";"Ingestão de Álcool";"Colisão transversal";"Com Vítimas Feridas";"Plena Noite";"Crescente";"Chuva";"Simples";"Reta";"Sim";2;0;0;1;1;0;1;2;-9,15023144;-36,01387024;"SPRF-AL";"DEL01-AL";"UOP02-DEL01-AL"
158463;2018-09-09;"domingo";"21:00:00";"TO";153;413,8;"MIRANORTE";"Falta de Atenção à Condução";"Queda de ocupante de veículo";"Com Vítimas Feridas";"Plena Noite";"Crescente";"Céu Claro";"Simples";"Curva";"Sim";1;0;1;0;0;0;1;1;-9,53008834;-48,59335542;"SPRF-TO";"DEL02-TO";"UOP01-DEL01-TO"
158465;2018-09-09;"domingo";"18:30:00";"GO";60;44,5;"APARECIDA DE GOIANIA";"Não guardar distância de segurança";"Colisão lateral";"Sem Vítimas";"Anoitecer";"Decrescente";"Céu Claro";"Dupla";"Reta";"Sim";2;0;0;0;2;0;0;2;-16,75244105;-49,33944941;"SPRF-GO";"DEL01-GO";"UOP03-DEL01-GO"
158467;2018-09-09;"domingo";"21:00:00";"PR";277;8;"PARANAGUA";"Falta de Atenção à Condução";"Colisão traseira";"Com Vítimas Feridas";"Plena Noite";"Decrescente";"Céu Claro";"Dupla";"Reta";"Não";2;0;1;0;1;0;1;2;-25,56056156;-48,58086705;"SPRF-PR";"DEL01-PR";"UOP05-DEL01-PR"
158469;2018-09-09;"domingo";"21:30:00";"RS";392;117,9;"CANGUCU";"Animais na Pista";"Atropelamento de Animal";"Com Vítimas Feridas";"Plena Noite";"Crescente";"Céu Claro";"Simples";"Reta";"Não";1;0;1;0;0;0;1;1;-31,413721;-52,67617;"SPRF-RS";"DEL07-RS";"UOP01-DEL07-RS"
158470;2018-09-09;"domingo";"19:30:00";"MA";135;17,5;"SAO LUIS";"Falta de Atenção do Pedestre";"Atropelamento de Pedestre";"Com Vítimas Feridas";"Plena Noite";"Crescente";"Céu Claro";"Simples";"Reta";"Sim";2;0;0;1;0;1;1;2;-2,56608011;-44,32629347;"SPRF-MA";"DEL01-MA";"UOP01-DEL01-MA"
158471;2018-09-09;"domingo";"16:55:00";"PB";230;31;"BAYEUX";"Falta de Atenção à Condução";"Tombamento";"Com Vítimas Feridas";"Anoitecer";"Decrescente";"Nublado";"Dupla";"Reta";"Sim";2;0;2;0;0;0;2;1;-7,14353011;-34,91893888;"SPRF-PB";"DEL01-PB";"UOP01-DEL01-PB"
158473;2018-09-09;"domingo";"15:40:00";"MG";116;505,7;"INHAPIM";"Falta de Atenção à Condução";"Saída de leito carroçável";"Com Vítimas Feridas";"Pleno dia";"Crescente";"Céu Claro";"Simples";"Reta";"Não";2;0;2;0;0;0;2;1;-19,59563516;-42,11232841;"SPRF-MG";"DEL06-MG";"UOP02-DEL06-MG"
158474;2018-09-09;"domingo";"17:00:00";"PB";230;20;"JOAO PESSOA";"Não guardar distância de segurança";"Colisão traseira";"Com Vítimas Feridas";"Plena Noite";"Decrescente";"Céu Claro";"Dupla";"Reta";"Sim";3;0;1;1;0;1;2;2;-7,141424;-34,851612;"SPRF-PB";"DEL01-PB";"UOP01-DEL01-PB"
158475;2018-09-09;"domingo";"19:30:00";"MG";262;446,2;"NOVA SERRANA";"Falta de Atenção à Condução";"Colisão traseira";"Com Vítimas Feridas";"Plena Noite";"Crescente";"Céu Claro";"Múltipla";"Reta";"Sim";2;0;1;0;1;0;1;2;-19,880623;-44,912323;"SPRF-MG";"DEL08-MG";"UOP03-DEL08-MG"
158476;2018-09-09;"domingo";"22:00:00";"PR";116;15,5;"CAMPINA GRANDE DO SUL";"Velocidade Incompatível";"Saída de leito carroçável";"Com Vítimas Feridas";"Plena Noite";"Crescente";"Garoa/Chuvisco";"Dupla";"Curva";"Não";5;0;0;1;4;0;1;1;-25,09850218;-48,68720055;"SPRF-PR";"DEL01-PR";"UOP02-DEL01-PR"
158477;2018-09-09;"domingo";"21:20:00";"ES";101;268;"SERRA";"Falta de Atenção à Condução";"Colisão lateral";"Com Vítimas Feridas";"Plena Noite";"Crescente";"Céu Claro";"Dupla";"Reta";"Não";1;0;0;1;0;0;1;1;-20,096763;-40,3393982;"SPRF-ES";"DEL02-ES";"UOP01-DEL02-ES"
158478;2018-09-09;"domingo";"22:00:00";"PR";376;420,1;"TIBAGI";"Falta de Atenção à Condução";"Engavetamento";"Com Vítimas Feridas";"Plena Noite";"Crescente";"Céu Claro";"Simples";"Reta";"Não";3;0;0;1;2;0;1;3;-24,68507586;-50,59199542;"SPRF-PR";"DEL03-PR";"UOP02-DEL03-PR"
158479;2018-09-09;"domingo";"20:15:00";"PR";373;275;"PRUDENTOPOLIS";"Desobediência às normas de trânsito pelo condutor";"Saída de leito carroçável";"Sem Vítimas";"Plena Noite";"Decrescente";"Nublado";"Simples";"Reta";"Sim";1;0;0;0;1;0;0;1;-25,24991;-51,054996;"SPRF-PR";"DEL03-PR";"UOP01-DEL03-PR"
158480;2018-09-09;"domingo";"19:30:00";"MA";10;195,8;"RIBAMAR FIQUENE";"Velocidade Incompatível";"Saída de leito carroçável";"Com Vítimas Feridas";"Plena Noite";"Decrescente";"Céu Claro";"Simples";"Reta";"Não";1;0;1;0;0;0;1;1;-5,99921606;-47,38248825;"SPRF-MA";"DEL04-MA";"UOP01-DEL04-MA"
158481;2018-09-09;"domingo";"22:50:00";"RJ";116;262;"BARRA MANSA";"Falta de Atenção à Condução";"Colisão com objeto estático";"Sem Vítimas";"Plena Noite";"Decrescente";"Nublado";"Dupla";"Curva";"Não";1;0;0;0;0;1;0;1;-22,58095738;-44,1106385;"SPRF-RJ";"DEL07-RJ";"UOP02-DEL07-RJ"
158482;2018-09-09;"domingo";"22:10:00";"MA";316;612;"TIMON";"Desobediência às normas de trânsito pelo condutor";"Colisão frontal";"Com Vítimas Feridas";"Plena Noite";"Decrescente";"Céu Claro";"Simples";"Reta";"Não";4;0;2;1;1;0;3;2;-5,07177926;-42,87132025;"SPRF-MA";"DEL03-MA";"UOP02-DEL03-MA"
158485;2018-09-09;"domingo";"22:00:00";"BA";116;302;"TUCANO";"Falta de Atenção à Condução";"Colisão frontal";"Com Vítimas Feridas";"Plena Noite";"Decrescente";"Céu Claro";"Simples";"Reta";"Não";8;0;7;1;0;0;8;2;-11,1570558;-38,85130405;"SPRF-BA";"DEL02-BA";"DEL10/2-UOP02/BA"
158486;2018-09-09;"domingo";"23:00:00";"SP";116;566;"BARRA DO TURVO";"Defeito Mecânico no Veículo";"Incêndio";"Sem Vítimas";"Plena Noite";"Crescente";"Nublado";"Dupla";"Reta";"Não";3;0;0;0;3;0;0;1;-25,03972681;-48,54858398;"SPRF-SP";"DEL05-SP";"UOP02-DEL05-SP"
158487;2018-09-09;"domingo";"23:05:00";"PA";316;2;"ANANINDEUA";"Falta de Atenção à Condução";"Colisão traseira";"Com Vítimas Feridas";"Plena Noite";"Decrescente";"Céu Claro";"Dupla";"Reta";"Sim";4;0;0;1;3;0;1;2;-1,39147334;-48,41700554;"SPRF-PA";"DEL01-PA";"DEL19/1-UOP05/PA"
158488;2018-09-09;"domingo";"23:35:00";"SC";101;214;"PALHOCA";"Falta de Atenção à Condução";"Saída de leito carroçável";"Com Vítimas Feridas";"Plena Noite";"Crescente";"Céu Claro";"Dupla";"Reta";"Não";2;0;1;1;0;0;2;1;-27,652;-48,676;"SPRF-SC";"DEL01-SC";"UOP02-DEL01-SC"
158489;2018-09-09;"domingo";"23:30:00";"GO";153;213;"URUACU";"Velocidade Incompatível";"Saída de leito carroçável";"Com Vítimas Feridas";"Plena Noite";"Crescente";"Céu Claro";"Dupla";"Curva";"Não";5;0;1;0;4;0;1;1;-14,634578;-49,175987;"SPRF-GO";"DEL07-GO";"UOP02-DEL07-GO"
158490;2018-09-09;"domingo";"19:40:00";"MA";10;217;"GOVERNADOR EDISON LOBAO";"Desobediência às normas de trânsito pelo condutor";"Atropelamento de Pedestre";"Com Vítimas Fatais";"Plena Noite";"Decrescente";"Céu Claro";"Simples";"Reta";"Não";2;1;0;0;0;1;0;2;-5,818006;-47,358353;"SPRF-MA";"DEL04-MA";"UOP01-DEL04-MA"
158493;2018-09-09;"domingo";"19:50:00";"RO";421;12,9;"ARIQUEMES";"Animais na Pista";"Atropelamento de Animal";"Com Vítimas Feridas";"Plena Noite";"Decrescente";"Céu Claro";"Simples";"Reta";"Não";2;0;2;0;0;0;2;1;-9,983749;-63,137119;"SPRF-RO";"DEL03-RO";"DEL21/3-UOP04/RO"
158494;2018-09-09;"domingo";"18:30:00";"PR";272;84,5;"IBAITI";"Desobediência às normas de trânsito pelo condutor";"Colisão lateral";"Com Vítimas Feridas";"Plena Noite";"Decrescente";"Céu Claro";"Simples";"Reta";"Não";2;0;1;1;0;0;2;2;-23,82959483;-50,18742777;"SPRF-PR";"DEL07-PR";"UOP04-DEL07-PR"
158495;2018-09-09;"domingo";"23:30:00";"ES";101;295;"CARIACICA";"Falta de Atenção à Condução";"Tombamento";"Com Vítimas Feridas";"Plena Noite";"Crescente";"Céu Claro";"Múltipla";"Reta";"Sim";2;0;2;0;0;0;2;1;-20,32811159;-40,39800312;"SPRF-ES";"DEL01-ES";"UOP01-DEL01-ES"
158496;2018-09-09;"domingo";"21:20:00";"PR";272;88,6;"IBAITI";"Falta de Atenção do Pedestre";"Atropelamento de Pedestre";"Com Vítimas Feridas";"Plena Noite";"Decrescente";"Céu Claro";"Simples";"Curva";"Sim";2;0;1;0;1;0;1;2;-23,8568166;-50,19725908;"SPRF-PR";"DEL07-PR";"UOP04-DEL07-PR"
158497;2018-09-09;"domingo";"21:45:00";"PE";104;77,8;"CARUARU";"Ingestão de Álcool";"Colisão frontal";"Sem Vítimas";"Plena Noite";"Crescente";"Nublado";"Simples";"Reta";"Não";3;0;0;0;3;0;0;3;-8,38240067;-35,98284245;"SPRF-PE";"DEL02-PE";"UOP01-DEL02-PE"
158498;2018-09-09;"domingo";"17:00:00";"PR";153;23,3;"JACAREZINHO";"Falta de Atenção à Condução";"Colisão transversal";"Com Vítimas Feridas";"Pleno dia";"Crescente";"Céu Claro";"Simples";"Curva";"Não";3;0;0;2;1;0;2;2;-23,183662;-49,982449;"SPRF-PR";"DEL07-PR";"UOP04-DEL07-PR"
158500;2018-09-09;"domingo";"22:20:00";"RR";401;8;"BONFIM";"Condutor Dormindo";"Colisão frontal";"Com Vítimas Feridas";"Plena Noite";"Crescente";"Ignorado";"Simples";"Reta";"Não";2;0;1;0;1;0;1;2;2;-60;"SPRF-RR";"DEL01-RR";"UOP01-DEL01-RR"
158502;2018-09-09;"domingo";"23:15:00";"PR";277;205,8;"PALMEIRA";"Falta de Atenção à Condução";"Colisão transversal";"Sem Vítimas";"Plena Noite";"Decrescente";"Ignorado";"Simples";"Curva";"Não";6;0;0;0;6;0;0;2;-25,46249458;-50,33008575;"SPRF-PR";"DEL03-PR";"UOP02-DEL08-PR"
158504;2018-09-10;"segunda-feira";"01:10:00";"SC";280;227,1;"TRES BARRAS";"Falta de Atenção à Condução";"Capotamento";"Com Vítimas Feridas";"Plena Noite";"Crescente";"Nublado";"Simples";"Reta";"Não";1;0;1;0;0;0;1;1;-26,182701;-50,332443;"SPRF-SC";"DEL06-SC";"UOP04-DEL06-SC"
158505;2018-09-10;"segunda-feira";"02:45:00";"GO";153;500,4;"GOIANIA";"Ingestão de Álcool";"Tombamento";"Com Vítimas Feridas";"Plena Noite";"Decrescente";"Céu Claro";"Dupla";"Viaduto";"Sim";1;0;1;0;0;0;1;1;-16,70842432;-49,23044443;"SPRF-GO";"DEL01-GO";"UOP01-DEL01-GO"
158506;2018-09-09;"domingo";"23:00:00";"PR";116;18;"ANTONINA";"Velocidade Incompatível";"Saída de leito carroçável";"Com Vítimas Feridas";"Plena Noite";"Decrescente";"Chuva";"Dupla";"Curva";"Não";2;0;2;0;0;0;2;1;-25,103985;-48,710857;"SPRF-PR";"DEL01-PR";"UOP02-DEL01-PR"
158507;2018-09-10;"segunda-feira";"00:40:00";"MG";116;586;"MANHUACU";"Velocidade Incompatível";"Saída de leito carroçável";"Com Vítimas Feridas";"Plena Noite";"Decrescente";"Nublado";"Simples";"Reta;Aclive";"Não";2;0;2;0;0;0;2;1;-20,22798776;-42,17480779;"SPRF-MG";"DEL06-MG";"UOP03-DEL06-MG"
158508;2018-09-10;"segunda-feira";"02:45:00";"PE";423;172;"AGUAS BELAS";"Falta de Atenção à Condução";"Colisão traseira";"Com Vítimas Feridas";"Plena Noite";"Crescente";"Céu Claro";"Simples";"Reta";"Não";3;0;1;0;2;0;1;2;-9,1295243;-37,0964714;"SPRF-PE";"DEL03-PE";"UOP01-DEL03-PE"
158510;2018-09-10;"segunda-feira";"02:10:00";"PR";277;671,4;"MEDIANEIRA";"Mal Súbito";"Colisão com objeto estático";"Com Vítimas Feridas";"Plena Noite";"Crescente";"Céu Claro";"Dupla";"Reta";"Sim";1;0;1;0;0;0;1;1;-25,2859207;-54,09139395;"SPRF-PR";"DEL05-PR";"UOP02-DEL05-PR"
158511;2018-09-09;"domingo";"19:00:00";"RS";287;516;"SAO BORJA";"Desobediência às normas de trânsito pelo condutor";"Colisão frontal";"Com Vítimas Feridas";"Plena Noite";"Decrescente";"Céu Claro";"Simples";"Reta";"Não";5;0;0;1;2;2;1;5;-28,73572068;-55,84230155;"SPRF-RS";"DEL12-RS";"UOP01-DEL12-RS"
158512;2018-09-09;"domingo";"12:00:00";"BA";324;545;"AMELIA RODRIGUES";"Desobediência às normas de trânsito pelo condutor";"Colisão transversal";"Com Vítimas Feridas";"Pleno dia";"Crescente";"Céu Claro";"Múltipla";"Reta";"Sim";2;0;1;0;0;1;1;2;-12,41298599;-38,75217464;"SPRF-BA";"DEL01-BA";"UOP01-DEL01-BA"
158513;2018-03-01;"quinta-feira";"18:00:00";"CE";20;432,5;"EUSEBIO";"Desobediência às normas de trânsito pelo condutor";"Colisão transversal";"Com Vítimas Feridas";"Anoitecer";"Crescente";"Céu Claro";"Simples";"Em Obras";"Não";3;0;1;1;1;0;2;2;-3,864458;-38,47257882;"SPRF-CE";"DEL01-CE";"UOP02-DEL01-CE"
158514;2018-09-10;"segunda-feira";"04:30:00";"SC";280;20,6;"ARAQUARI";"Falta de Atenção à Condução";"Tombamento";"Com Vítimas Feridas";"Plena Noite";"Crescente";"Nublado";"Simples";"Interseção de Vias";"Não";2;0;0;1;1;0;1;2;-26,37031296;-48,68845435;"SPRF-SC";"DEL03-SC";"UOP03-DEL03-SC"
158516;2018-09-09;"domingo";"18:50:00";"MA";135;23;"SAO LUIS";"Animais na Pista";"Atropelamento de Animal";"Com Vítimas Feridas";"Plena Noite";"Crescente";"Céu Claro";"Dupla";"Reta";"Sim";1;0;1;0;0;0;1;1;-2,74555987;-44,34201909;"SPRF-MA";"DEL01-MA";"UOP01-DEL01-MA"
158517;2018-09-10;"segunda-feira";"04:40:00";"MG";40;568,6;"NOVA LIMA";"Mal Súbito";"Saída de leito carroçável";"Com Vítimas Fatais";"Amanhecer";"Crescente";"Céu Claro";"Simples";"Reta";"Não";4;1;0;3;0;0;3;1;-20,2041;-43,9741;"SPRF-MG";"DEL01-MG";"UOP02-DEL01-MG"
158519;2018-09-10;"segunda-feira";"05:45:00";"MG";381;698,5;"LAVRAS";"Falta de Atenção à Condução";"Saída de leito carroçável";"Com Vítimas Feridas";"Amanhecer";"Decrescente";"Nublado";"Dupla";"Curva;Aclive";"Não";1;0;1;0;0;0;1;1;-21,27075435;-45,13593343;"SPRF-MG";"DEL04-MG";"UOP02-DEL04-MG"
158523;2018-09-10;"segunda-feira";"06:40:00";"RS";116;292,8;"ELDORADO DO SUL";"Avarias e/ou desgaste excessivo no pneu";"Tombamento";"Com Vítimas Feridas";"Pleno dia";"Crescente";"Nublado";"Dupla";"Reta";"Não";1;0;1;0;0;0;1;1;-30,053658;-51,335743;"SPRF-RS";"DEL02-RS";"UOP01-DEL02-RS"
158524;2018-09-09;"domingo";"19:30:00";"BA";116;653;"JEQUIE";"Falta de Atenção à Condução";"Colisão frontal";"Com Vítimas Feridas";"Plena Noite";"Crescente";"Ignorado";"Simples";"Reta";"Não";3;0;3;0;0;0;3;2;-13,73805109;-40,09958267;"SPRF-BA";"DEL03-BA";"UOP01-DEL03-BA"
158525;2018-09-10;"segunda-feira";"06:00:00";"PB";101;122,8;"CAAPORA";"Pista Escorregadia";"Saída de leito carroçável";"Com Vítimas Feridas";"Pleno dia";"Crescente";"Chuva";"Dupla";"Declive;Curva";"Não";1;0;1;0;0;0;1;1;-7,45683308;-34,98117179;"SPRF-PB";"DEL01-PB";"UOP01-DEL01-PB"
158528;2018-09-10;"segunda-feira";"06:30:00";"MG";50;83,3;"UBERLANDIA";"Condutor Dormindo";"Saída de leito carroçável";"Com Vítimas Feridas";"Amanhecer";"Decrescente";"Céu Claro";"Dupla";"Reta";"Não";3;0;2;0;1;0;2;1;-18,9983;-48,2102;"SPRF-MG";"DEL15-MG";"UOP01-DEL15-MG"
158529;2018-09-10;"segunda-feira";"07:15:00";"PR";476;154;"ARAUCARIA";"Falta de Atenção do Pedestre";"Atropelamento de Pedestre";"Com Vítimas Fatais";"Pleno dia";"Crescente";"Nublado";"Simples";"Reta";"Sim";2;1;0;0;1;0;0;2;-25,58255945;-49,399032;"SPRF-PR";"DEL01-PR";"UOP06-DEL01-PR"
158530;2018-09-09;"domingo";"23:15:00";"MT";364;544;"ROSARIO OESTE";"Falta de Atenção à Condução";"Atropelamento de Pedestre";"Com Vítimas Feridas";"Plena Noite";"Crescente";"Céu Claro";"Dupla";"Reta";"Sim";2;0;0;1;1;0;1;2;-14,896422;-56,465771;"SPRF-MT";"DEL01-MT";"UOP01-DEL01-MT"
158531;2018-09-10;"segunda-feira";"07:20:00";"PR";469;12,7;"FOZ DO IGUACU";"Desobediência às normas de trânsito pelo condutor";"Colisão transversal";"Com Vítimas Feridas";"Pleno dia";"Crescente";"Céu Claro";"Simples";"Interseção de Vias";"Sim";6;0;1;1;4;0;2;2;-25,57496275;-54,55158234;"SPRF-PR";"DEL05-PR";"UOP04-DEL05-PR"
158532;2018-09-10;"segunda-feira";"06:10:00";"MT";70;33,5;"BARRA DO GARCAS";"Falta de Atenção à Condução";"Colisão frontal";"Com Vítimas Feridas";"Pleno dia";"Decrescente";"Céu Claro";"Simples";"Reta";"Não";1;0;1;0;0;0;1;1;-15,77797033;-52,52047634;"SPRF-MT";"DEL07-MT";"UOP01-DEL07-MT"
158533;2018-09-07;"sexta-feira";"00:50:00";"PI";343;347;"TERESINA";"Condutor Dormindo";"Colisão lateral";"Sem Vítimas";"Plena Noite";"Crescente";"Céu Claro";"Simples";"Reta";"Sim";2;0;0;0;2;0;0;2;-5,114822;-42,778355;"SPRF-PI";"DEL01-PI";"UOP01-DEL01-PI"
158537;2018-08-13;"segunda-feira";"07:40:00";"MT";70;5;"BARRA DO GARCAS";"Pista Escorregadia";"Queda de ocupante de veículo";"Com Vítimas Feridas";"Pleno dia";"Crescente";"Céu Claro";"Simples";"Rotatória";"Sim";1;0;1;0;0;0;1;1;-15,87798549;-52,29970694;"SPRF-MT";"DEL07-MT";"UOP01-DEL07-MT"
158539;2018-09-10;"segunda-feira";"07:45:00";"SP";153;187,5;"LINS";"Não guardar distância de segurança";"Colisão traseira";"Com Vítimas Feridas";"Pleno dia";"Crescente";"Céu Claro";"Simples";"Reta";"Não";2;0;1;0;1;0;1;2;-21,728687;-49,83437;"SPRF-SP";"DEL07-SP";"UOP01-DEL07-SP"
158540;2018-09-07;"sexta-feira";"06:20:00";"MG";381;832;"SAO SEBASTIAO DA BELA VISTA";"Condutor Dormindo";"Saída de leito carroçável";"Com Vítimas Feridas";"Pleno dia";"Crescente";"Céu Claro";"Dupla";"Reta";"Não";3;0;1;1;1;0;2;1;-22,12802048;-45,8017745;"SPRF-MG";"DEL16-MG";"UOP01-DEL16-MG"
158541;2018-09-06;"quinta-feira";"08:30:00";"MG";381;772,2;"CAMPANHA";"Desobediência às normas de trânsito pelo condutor";"Colisão traseira";"Com Vítimas Feridas";"Pleno dia";"Decrescente";"Céu Claro";"Dupla";"Reta";"Não";2;0;1;0;1;0;1;2;-21,7793;-45,4312;"SPRF-MG";"DEL16-MG";"UOP02-DEL16-MG"
158543;2018-09-10;"segunda-feira";"07:35:00";"RS";392;352,4;"SANTA MARIA";"Desobediência às normas de trânsito pelo condutor";"Colisão transversal";"Com Vítimas Feridas";"Pleno dia";"Crescente";"Céu Claro";"Simples";"Reta";"Sim";2;0;1;0;1;0;1;2;-29,720404;-53,807632;"SPRF-RS";"DEL09-RS";"UOP01-DEL09-RS"
158544;2018-09-06;"quinta-feira";"21:10:00";"MG";381;799,1;"SAO GONCALO DO SAPUCAI";"Velocidade Incompatível";"Saída de leito carroçável";"Com Vítimas Feridas";"Plena Noite";"Crescente";"Céu Claro";"Dupla";"Curva";"Não";1;0;1;0;0;0;1;1;-21,9283;-45,6113;"SPRF-MG";"DEL16-MG";"UOP02-DEL16-MG"
158546;2018-09-10;"segunda-feira";"08:20:00";"BA";415;50,9;"ITABUNA";"Falta de Atenção à Condução";"Colisão transversal";"Com Vítimas Feridas";"Pleno dia";"Crescente";"Céu Claro";"Simples";"Reta";"Não";2;0;2;0;0;0;2;2;-14,8325;-39,3208;"SPRF-BA";"DEL05-BA";"UOP01-DEL05-BA"
158547;2018-09-10;"segunda-feira";"06:20:00";"RJ";116;92;"GUAPIMIRIM";"Falta de Atenção à Condução";"Tombamento";"Com Vítimas Feridas";"Pleno dia";"Crescente";"Garoa/Chuvisco";"Simples";"Reta";"Não";2;0;2;0;0;0;2;1;-22,47788;-42,997332;"SPRF-RJ";"DEL04-RJ";"UOP02-DEL04-RJ"
158548;2018-09-10;"segunda-feira";"06:00:00";"MS";267;441;"MARACAJU";"Carga excessiva e/ou mal acondicionada";"Queda de ocupante de veículo";"Com Vítimas Feridas";"Amanhecer";"Decrescente";"Céu Claro";"Simples";"Reta";"Não";2;0;0;1;0;1;1;2;-21,4852;-55,8116;"SPRF-MS";"DEL05-MS";"UOP01-DEL05-MS"
158549;2018-09-10;"segunda-feira";"07:20:00";"RJ";116;143;"DUQUE DE CAXIAS";"Avarias e/ou desgaste excessivo no pneu";"Queda de ocupante de veículo";"Com Vítimas Feridas";"Pleno dia";"Crescente";"Sol";"Dupla";"Reta";"Sim";2;0;2;0;0;0;2;1;-22,652384;-43,239201;"SPRF-RJ";"DEL04-RJ";"UOP02-DEL04-RJ"