"id";"data_inversa";"dia_semana";"horario";"uf";"br";"km";"municipio";"causa_acidente";"tipo_acidente";"classificacao_acidente";"fase_dia";"sentido_via";"condicao_metereologica";"tipo_pista";"tracado_via";"uso_solo";"pessoas";"mortos";"feridos_leves";"feridos_graves";"ilesos";"ignorados";"feridos";"veiculos";"latitude";"longitude";"regional";"delegacia";"uop"
158550;2018-09-10;"segunda-feira";"08:10:00";"SE";235;6;"NOSSA SENHORA DO SOCORRO";"Falta de Atenção à Condução";"Colisão com objeto estático";"Com Vítimas Feridas";"Pleno dia";"Decrescente";"Céu Claro";"Dupla";"Reta";"Sim";2;0;0;2;0;0;2;1;-10,903851;-37,128677;"SPRF-SE";"DEL01-SE";"UOP01-DEL01-SE"
158552;2018-09-10;"segunda-feira";"06:50:00";"PE";104;142;"QUIPAPA";"Velocidade Incompatível";"Saída de leito carroçável";"Com Vítimas Fatais";"Pleno dia";"Decrescente";"Nublado";"Simples";"Curva";"Não";1;1;0;0;0;0;0;1;-8,86088;-36,029972;"SPRF-PE";"DEL02-PE";"UOP01-DEL02-PE"
158554;2018-09-10;"segunda-feira";"08:20:00";"MA";135;6,8;"SAO LUIS";"Não guardar distância de segurança";"Colisão traseira";"Sem Vítimas";"Pleno dia";"Decrescente";"Céu Claro";"Dupla";"Reta";"Sim";2;0;0;0;2;0;0;2;-2,63479185;-44,26713467;"SPRF-MA";"DEL01-MA";"UOP01-DEL01-MA"
158555;2018-09-10;"segunda-feira";"07:00:00";"RO";364;490,9;"ARIQUEMES";"Avarias e/ou desgaste excessivo no pneu";"Queda de ocupante de veículo";"Com Vítimas Feridas";"Pleno dia";"Crescente";"Sol";"Simples";"Reta";"Não";1;0;1;0;0;0;1;1;-10,103756;-62,94643;"SPRF-RO";"DEL03-RO";"UOP01-DEL03-RO"
158557;2018-06-22;"sexta-feira";"21:30:00";"RS";290;95;"PORTO ALEGRE";"Falta de Atenção à Condução";"Colisão traseira";"Com Vítimas Feridas";"Plena Noite";"Decrescente";"Céu Claro";"Dupla";"Reta";"Sim";3;0;2;0;1;0;2;2;-29,98444389;-51,20212287;"SPRF-RS";"DEL01-RS";"UOP01-DEL01-RS"
158558;2018-09-10;"segunda-feira";"07:40:00";"RO";364;710;"PORTO VELHO";"Falta de Atenção à Condução";"Colisão lateral";"Com Vítimas Feridas";"Pleno dia";"Crescente";"Nublado";"Dupla";"Retorno Regulamentado";"Sim";3;0;1;0;2;0;1;2;-8,78382686;-63,86082172;"SPRF-RO";"DEL01-RO";"UOP01-DEL01-RO"
158561;2018-09-07;"sexta-feira";"05:15:00";"SC";282;507;"XANXERE";"Ingestão de Álcool";"Colisão com objeto estático";"Com Vítimas Feridas";"Amanhecer";"Crescente";"Céu Claro";"Dupla";"Reta";"Sim";5;0;2;0;3;0;2;1;-26,886171;-52,43911;"SPRF-SC";"DEL07-SC";"UOP01-DEL07-SC"
158562;2018-09-10;"segunda-feira";"09:20:00";"ES";262;1,5;"CARIACICA";"Falta de Atenção à Condução";"Colisão traseira";"Com Vítimas Feridas";"Pleno dia";"Crescente";"Céu Claro";"Múltipla";"Interseção de Vias";"Sim";3;0;1;0;2;0;1;2;-20,33291645;-40,3587785;"SPRF-ES";"DEL01-ES";"UOP01-DEL01-ES"
158563;2018-08-01;"quarta-feira";"18:25:00";"SP";116;159,4;"JACAREI";"Desobediência às normas de trânsito pelo condutor";"Colisão traseira";"Com Vítimas Feridas";"Plena Noite";"Decrescente";"Chuva";"Dupla";"Reta";"Sim";2;0;1;0;1;0;1;2;-23,2683364;-45,9637335;"SPRF-SP";"DEL02-SP";"UOP01-DEL02-SP"
158564;2018-09-10;"segunda-feira";"09:00:00";"ES";262;5,3;"CARIACICA";"Velocidade Incompatível";"Tombamento";"Com Vítimas Feridas";"Pleno dia";"Crescente";"Céu Claro";"Dupla";"Curva";"Sim";1;0;1;0;0;0;1;1;-20,33671097;-40,39022578;"SPRF-ES";"DEL01-ES";"UOP01-DEL01-ES"
158566;2018-09-10;"segunda-feira";"08:45:00";"SC";101;65,5;"ARAQUARI";"Defeito Mecânico no Veículo";"Saída de leito carroçável";"Com Vítimas Feridas";"Pleno dia";"Crescente";"Nublado";"Simples";"Curva";"Não";1;0;1;0;0;0;1;1;-26,47724285;-48,7399104;"SPRF-SC";"DEL03-SC";"UOP02-DEL03-SC"
158569;2018-09-07;"sexta-feira";"02:00:00";"SP";116;213,8;"GUARULHOS";"Ingestão de Álcool";"Tombamento";"Com Vítimas Feridas";"Plena Noite";"Crescente";"Nublado";"Múltipla";"Reta";"Sim";1;0;1;0;0;0;1;1;-23,443517;-46,446293;"SPRF-SP";"DEL01-SP";"UOP01-DEL01-SP"
158570;2018-09-10;"segunda-feira";"07:20:00";"RR";401;5;"CANTA";"Falta de Atenção à Condução";"Colisão transversal";"Com Vítimas Feridas";"Amanhecer";"Crescente";"Céu Claro";"Simples";"Curva";"Não";3;0;2;0;1;0;2;2;2,78599561;-60,65002441;"SPRF-RR";"DEL01-RR";"UOP01-DEL01-RR"
158571;2018-09-10;"segunda-feira";"08:40:00";"PI";343;306,7;"ALTOS";"Desobediência às normas de trânsito pelo condutor";"Colisão traseira";"Com Vítimas Feridas";"Pleno dia";"Crescente";"Céu Claro";"Simples";"Interseção de Vias";"Não";2;0;1;0;1;0;1;2;-5,03879189;-42,46799469;"SPRF-PI";"DEL01-PI";"UOP01-DEL01-PI"
158572;2018-09-10;"segunda-feira";"07:45:00";"RS";290;88;"PORTO ALEGRE";"Falta de Atenção à Condução";"Colisão traseira";"Com Vítimas Feridas";"Pleno dia";"Crescente";"Céu Claro";"Múltipla";"Reta";"Não";2;0;1;0;1;0;1;2;-29,96795995;-51,12169251;"SPRF-RS";"DEL01-RS";"UOP01-DEL01-RS"
158573;2018-09-10;"segunda-feira";"08:30:00";"RO";364;718;"PORTO VELHO";"Falta de Atenção à Condução";"Colisão transversal";"Com Vítimas Feridas";"Pleno dia";"Crescente";"Céu Claro";"Dupla";"Reta";"Não";2;0;1;0;1;0;1;2;-8,80302071;-63,91451807;"SPRF-RO";"DEL01-RO";"UOP01-DEL01-RO"
158577;2018-09-10;"segunda-feira";"11:00:00";"MG";50;28;"ARAGUARI";"Pista Escorregadia";"Tombamento";"Com Vítimas Feridas";"Pleno dia";"Crescente";"Céu Claro";"Dupla";"Curva";"Não";2;0;2;0;0;0;2;1;-18,61908026;-48,11144829;"SPRF-MG";"DEL15-MG";"UOP02-DEL15-MG"
158579;2018-09-10;"segunda-feira";"11:05:00";"SC";282;19;"PALHOCA";"Falta de Atenção à Condução";"Colisão traseira";"Com Vítimas Feridas";"Pleno dia";"Decrescente";"Céu Claro";"Dupla";"Reta";"Não";2;0;1;0;1;0;1;2;-27,678635;-48,70192;"SPRF-SC";"DEL01-SC";"UOP02-DEL01-SC"
158580;2018-09-10;"segunda-feira";"10:00:00";"SP";116;219;"GUARULHOS";"Não guardar distância de segurança";"Engavetamento";"Com Vítimas Feridas";"Pleno dia";"Decrescente";"Céu Claro";"Simples";"Reta";"Sim";3;0;1;0;2;0;1;1;-23,4209087;-46,47636319;"SPRF-SP";"DEL01-SP";"UOP01-DEL01-SP"
158581;2018-09-10;"segunda-feira";"11:40:00";"GO";50;283;"CATALAO";"Falta de Atenção à Condução";"Colisão transversal";"Com Vítimas Feridas";"Pleno dia";"Crescente";"Céu Claro";"Simples";"Reta";"Sim";2;0;0;1;1;0;1;2;-18,196046;-47,95643806;"SPRF-GO";"DEL06-GO";"UOP01-DEL06-GO"
158582;2018-09-10;"segunda-feira";"11:30:00";"PE";101;60,6;"RECIFE";"Falta de Atenção à Condução";"Colisão traseira";"Com Vítimas Feridas";"Pleno dia";"Crescente";"Nublado";"Dupla";"Reta";"Não";2;0;1;0;1;0;1;2;-7,9879037;-34,93416898;"SPRF-PE";"DEL01-PE";"UOP02-DEL01-PE"
158583;2018-09-10;"segunda-feira";"11:50:00";"PE";232;65;"GRAVATA";"Pista Escorregadia";"Colisão lateral";"Sem Vítimas";"Pleno dia";"Decrescente";"Chuva";"Simples";"Curva";"Não";2;0;0;0;2;0;0;2;-8,147123;-35,398911;"SPRF-PE";"DEL01-PE";"UOP02-DEL02PE"
158584;2018-09-10;"segunda-feira";"12:20:00";"BA";101;491,2;"ITABUNA";"Velocidade Incompatível";"Saída de leito carroçável";"Com Vítimas Feridas";"Pleno dia";"Crescente";"Chuva";"Simples";"Curva";"Não";1;0;1;0;0;0;1;1;-14,6988;-39,3678;"SPRF-BA";"DEL05-BA";"UOP01-DEL05-BA"
158586;2018-09-10;"segunda-feira";"10:20:00";"PE";423;56;"LAJEDO";"Falta de Atenção à Condução";"Colisão frontal";"Sem Vítimas";"Pleno dia";"Crescente";"Céu Claro";"Simples";"Reta";"Não";2;0;0;0;1;1;0;2;-8,63338;-36,30541;"SPRF-PE";"DEL03-PE";"UOP01-DEL03-PE"
158587;2018-09-10;"segunda-feira";"10:20:00";"BA";101;835,9;"ITAMARAJU";"Falta de Atenção à Condução";"Colisão lateral";"Com Vítimas Feridas";"Pleno dia";"Crescente";"Céu Claro";"Simples";"Aclive";"Não";2;0;1;0;1;0;1;2;-17,2125;-39,6031;"SPRF-BA";"DEL09-BA";"UOP01-DEL09-BA"
158588;2018-09-10;"segunda-feira";"11:00:00";"RJ";40;110;"DUQUE DE CAXIAS";"Defeito Mecânico no Veículo";"Queda de ocupante de veículo";"Com Vítimas Feridas";"Pleno dia";"Crescente";"Nublado";"Múltipla";"Reta";"Sim";1;0;1;0;0;0;1;1;-22,6924;-43,2875;"SPRF-RJ";"DEL01-RJ";"UOP01-DEL01-RJ"
158589;2018-09-09;"domingo";"04:21:00";"BA";110;369;"CATU";"Ultrapassagem Indevida";"Colisão frontal";"Com Vítimas Feridas";"Amanhecer";"Crescente";"Céu Claro";"Simples";"Reta";"Não";2;0;1;0;1;0;1;2;-12,3934;-38,3765;"SPRF-BA";"DEL01-BA";"UOP04-DEL01-BA"
158592;2018-09-10;"segunda-feira";"13:10:00";"BA";418;110;"CARAVELAS";"Restrição de Visibilidade";"Incêndio";"Com Vítimas Feridas";"Pleno dia";"Crescente";"Sol";"Simples";"Reta";"Não";4;0;1;3;0;0;4;1;-17,734264;-39,553185;"SPRF-BA";"DEL09-BA";"UOP02-DEL09-BA"
158593;2018-09-10;"segunda-feira";"13:25:00";"PE";232;10,3;"RECIFE";"Falta de Atenção à Condução";"Colisão lateral";"Com Vítimas Feridas";"Pleno dia";"Crescente";"Sol";"Dupla";"Reta";"Não";2;0;1;0;1;0;1;2;-8,08184;-34,990852;"SPRF-PE";"DEL01-PE";"UOP01-DEL01-PE"
158594;2018-09-10;"segunda-feira";"13:50:00";"ES";101;365,5;"ANCHIETA";"Velocidade Incompatível";"Saída de leito carroçável";"Com Vítimas Feridas";"Pleno dia";"Crescente";"Sol";"Dupla";"Curva";"Não";2;0;2;0;0;0;2;1;-20,73470801;-40,75363129;"SPRF-ES";"DEL03-ES";"UOP01-DEL03-ES"
158595;2018-09-10;"segunda-feira";"14:00:00";"PE";101;70;"RECIFE";"Falta de Atenção à Condução";"Colisão traseira";"Com Vítimas Feridas";"Pleno dia";"Decrescente";"Nublado";"Dupla";"Reta";"Sim";2;0;1;0;1;0;1;2;-8,06688035;-34,94202521;"SPRF-PE";"DEL01-PE";"UOP01-DEL01-PE"
158596;2018-09-10;"segunda-feira";"13:00:00";"RJ";101;513;"ANGRA DOS REIS";"Falta de Atenção à Condução";"Colisão traseira";"Com Vítimas Feridas";"Pleno dia";"Decrescente";"Céu Claro";"Simples";"Reta";"Sim";7;0;2;0;5;0;2;5;-22,94606378;-44,43317413;"SPRF-RJ";"DEL03-RJ";"UOP02-DEL03-RJ"
158597;2018-09-10;"segunda-feira";"14:00:00";"RS";392;78,8;"PELOTAS";"Falta de Atenção à Condução";"Colisão transversal";"Com Vítimas Feridas";"Pleno dia";"Crescente";"Céu Claro";"Simples";"Reta";"Não";2;0;1;0;1;0;1;2;-31,687145;-52,438118;"SPRF-RS";"DEL07-RS";"UOP01-DEL07-RS"
158598;2018-09-10;"segunda-feira";"11:30:00";"SC";280;98,8;"SAO BENTO DO SUL";"Mal Súbito";"Colisão com objeto estático";"Com Vítimas Feridas";"Pleno dia";"Crescente";"Nublado";"Simples";"Curva";"Não";1;0;1;0;0;0;1;1;-26,38385414;-49,32249784;"SPRF-SC";"DEL06-SC";"UOP03-DEL06-SC"
158599;2018-09-07;"sexta-feira";"05:45:00";"PR";476;123;"CURITIBA";"Falta de Atenção à Condução";"Colisão com objeto estático";"Com Vítimas Feridas";"Amanhecer";"Decrescente";"Céu Claro";"Dupla";"Reta";"Sim";1;0;1;0;0;0;1;1;-25,392904;-49,209557;"SPRF-PR";"DEL01-PR";"UOP07-DEL01-PR"
158600;2018-09-10;"segunda-feira";"11:50:00";"BA";101;329;"PRESIDENTE TANCREDO NEVES";"Falta de Atenção à Condução";"Colisão transversal";"Com Vítimas Feridas";"Pleno dia";"Crescente";"Nublado";"Simples";"Curva";"Sim";2;0;1;0;1;0;1;2;-13,48222338;-39,41627672;"SPRF-BA";"DEL05-BA";"UOP03-DEL05-BA"
158601;2018-09-10;"segunda-feira";"14:10:00";"RS";290;91;"PORTO ALEGRE";"Velocidade Incompatível";"Colisão traseira";"Com Vítimas Feridas";"Pleno dia";"Crescente";"Céu Claro";"Simples";"Curva";"Não";2;0;1;0;0;1;1;2;-29,97021544;-51,18087709;"SPRF-RS";"DEL01-RS";"UOP01-DEL01-RS"
158602;2018-09-10;"segunda-feira";"13:30:00";"PE";110;110,5;"SERTANIA";"Condutor Dormindo";"Saída de leito carroçável";"Com Vítimas Feridas";"Pleno dia";"Decrescente";"Céu Claro";"Simples";"Curva";"Não";1;0;1;0;0;0;1;1;-8,4224252;-37,3964947;"SPRF-PE";"DEL03-PE";"UOP02-DEL03-PE"
158603;2018-09-10;"segunda-feira";"14:00:00";"DF";60;31;"BRASILIA";"Defeito Mecânico no Veículo";"Incêndio";"Sem Vítimas";"Pleno dia";"Decrescente";"Céu Claro";"Simples";"Reta";"Sim";1;0;0;0;1;0;0;1;-16,03854;-48,255955;"SPRF-DF";"DEL01-DF";"UOP01-DEL03-DF"
158606;2018-09-10;"segunda-feira";"14:10:00";"RN";101;96;"NATAL";"Não guardar distância de segurança";"Colisão traseira";"Sem Vítimas";"Pleno dia";"Crescente";"Chuva";"Simples";"Reta";"Sim";2;0;0;0;2;0;0;2;-5,849496;-35,208908;"SPRF-RN";"DEL01-RN";"UOP01-DEL01-RN"
158607;2018-09-10;"segunda-feira";"12:00:00";"RJ";101;295;"ITABORAI";"Falta de Atenção à Condução";"Colisão traseira";"Com Vítimas Feridas";"Pleno dia";"Crescente";"Céu Claro";"Dupla";"Reta";"Sim";7;0;2;0;5;0;2;6;-22,763668;-42,90226;"SPRF-RJ";"DEL02-RJ";"DEL5/2-UOP04/RJ"
158609;2018-09-10;"segunda-feira";"13:45:00";"MG";116;531,9;"CARATINGA";"Falta de Atenção à Condução";"Colisão transversal";"Com Vítimas Feridas";"Pleno dia";"Crescente";"Céu Claro";"Simples";"Interseção de Vias";"Não";2;0;0;1;1;0;1;2;-19,82452676;-42,13909149;"SPRF-MG";"DEL06-MG";"UOP02-DEL06-MG"
158611;2018-09-10;"segunda-feira";"14:00:00";"SC";282;437;"IRANI";"Falta de Atenção à Condução";"Colisão transversal";"Com Vítimas Feridas";"Pleno dia";"Crescente";"Céu Claro";"Simples";"Rotatória";"Não";2;0;1;0;1;0;1;2;-26,96889571;-51,8547821;"SPRF-SC";"DEL07-SC";"UOP04-DEL07-SC"
158612;2018-09-10;"segunda-feira";"15:10:00";"SC";282;252,9;"SAO JOSE DO CERRITO";"Velocidade Incompatível";"Colisão com objeto estático";"Com Vítimas Feridas";"Pleno dia";"Crescente";"Céu Claro";"Simples";"Ponte";"Não";1;0;1;0;0;0;1;1;-27,68588423;-50,56585193;"SPRF-SC";"DEL05-SC";"UOP02-DEL05-SC"
158613;2018-09-10;"segunda-feira";"14:50:00";"PI";316;33,2;"DEMERVAL LOBAO";"Desobediência às normas de trânsito pelo condutor";"Colisão lateral";"Com Vítimas Feridas";"Pleno dia";"Crescente";"Sol";"Simples";"Reta";"Sim";2;0;1;0;1;0;1;2;-5,34218;-42,686275;"SPRF-PI";"DEL01-PI";"UOP02-DEL01-PI"
158614;2018-09-10;"segunda-feira";"14:40:00";"GO";20;158;"ALVORADA DO NORTE";"Defeito na Via";"Saída de leito carroçável";"Com Vítimas Feridas";"Pleno dia";"Decrescente";"Céu Claro";"Simples";"Reta";"Não";1;0;1;0;0;0;1;1;-14,63262;-46,622375;"SPRF-DF";"DEL02-DF";"UOP03-DEL02-DF"
158615;2018-09-10;"segunda-feira";"15:34:00";"MG";262;841;"UBERABA";"Defeito Mecânico no Veículo";"Incêndio";"Sem Vítimas";"Pleno dia";"Crescente";"Céu Claro";"Dupla";"Reta";"Não";2;0;0;0;2;0;0;1;-19,75676812;-48,25942039;"SPRF-MG";"DEL13-MG";"UOP01-DEL13-MG"
158616;2018-09-10;"segunda-feira";"15:10:00";"RJ";101;59;"CAMPOS DOS GOYTACAZES";"Falta de Atenção à Condução";"Colisão lateral";"Com Vítimas Feridas";"Pleno dia";"Crescente";"Céu Claro";"Simples";"Reta";"Sim";3;0;2;0;1;0;2;2;-21,7208893;-41,3153872;"SPRF-RJ";"DEL08-RJ";"UOP01-DEL08-RJ"
158618;2018-09-10;"segunda-feira";"16:10:00";"PB";230;17;"JOAO PESSOA";"Falta de Atenção à Condução";"Colisão lateral";"Com Vítimas Feridas";"Pleno dia";"Crescente";"Garoa/Chuvisco";"Dupla";"Reta";"Sim";2;0;1;0;1;0;1;2;-7,1121;-34,8426;"SPRF-PB";"DEL01-PB";"UOP01-DEL01-PB"
158620;2018-09-10;"segunda-feira";"16:10:00";"BA";407;4;"JUAZEIRO";"Falta de Atenção à Condução";"Colisão transversal";"Com Vítimas Feridas";"Pleno dia";"Decrescente";"Sol";"Simples";"Reta";"Sim";2;0;1;0;1;0;1;2;-9,44145237;-40,49334168;"SPRF-PE";"DEL06-PE";"UOP01-DEL06-PE"
158621;2018-09-10;"segunda-feira";"16:30:00";"ES";101;204,5;"JOAO NEIVA";"Falta de Atenção à Condução";"Colisão transversal";"Com Vítimas Feridas";"Pleno dia";"Decrescente";"Céu Claro";"Simples";"Rotatória";"Sim";3;0;1;0;2;0;1;2;-19,75576849;-40,37996471;"SPRF-ES";"DEL02-ES";"UOP01-DEL02-ES"
158622;2018-09-10;"segunda-feira";"14:00:00";"SC";116;5,9;"MAFRA";"Desobediência às normas de trânsito pelo condutor";"Colisão frontal";"Com Vítimas Feridas";"Pleno dia";"Crescente";"Céu Claro";"Simples";"Interseção de Vias";"Sim";2;0;1;0;1;0;1;2;-26,140944;-49,815083;"SPRF-SC";"DEL06-SC";"UOP01-DEL06-SC"
158623;2018-08-04;"sábado";"09:30:00";"MS";163;308;"RIO BRILHANTE";"Falta de Atenção à Condução";"Colisão lateral";"Com Vítimas Feridas";"Pleno dia";"Decrescente";"Céu Claro";"Simples";"Reta";"Não";5;0;2;0;3;0;2;2;-21,776524;-54,5272958;"SPRF-MS";"DEL02-MS";"UOP02-DEL02-MS"
158624;2018-09-10;"segunda-feira";"15:00:00";"MS";163;312;"RIO BRILHANTE";"Falta de Atenção à Condução";"Colisão lateral";"Com Vítimas Feridas";"Pleno dia";"Decrescente";"Céu Claro";"Dupla";"Reta";"Não";2;0;0;1;1;0;1;2;-21,877279;-54,5245;"SPRF-MS";"DEL02-MS";"UOP02-DEL02-MS"
158625;2018-08-28;"terça-feira";"22:10:00";"MS";60;198;"CAMAPUA";"Falta de Atenção à Condução";"Colisão transversal";"Com Vítimas Feridas";"Plena Noite";"Crescente";"Céu Claro";"Simples";"Interseção de Vias";"Sim";2;0;1;1;0;0;2;2;-19,53427123;-54,04320717;"SPRF-MS";"DEL06-MS";"UOP02-DEL06-MS"
158627;2018-09-10;"segunda-feira";"15:00:00";"PR";116;204,9;"RIO NEGRO";"Falta de Atenção à Condução";"Colisão transversal";"Com Vítimas Feridas";"Pleno dia";"Decrescente";"Céu Claro";"Simples";"Curva";"Não";4;0;2;0;2;0;2;2;-26,07529;-49,74614;"SPRF-SC";"DEL06-SC";"UOP01-DEL06-SC"
158628;2018-09-10;"segunda-feira";"17:00:00";"AL";104;47;"BRANQUINHA";"Desobediência às normas de trânsito pelo condutor";"Colisão traseira";"Com Vítimas Feridas";"Pleno dia";"Decrescente";"Céu Claro";"Simples";"Declive";"Não";2;0;0;1;0;1;1;2;-9,244628;-36,008989;"SPRF-AL";"DEL01-AL";"UOP02-DEL01-AL"
158630;2018-09-10;"segunda-feira";"16:40:00";"PR";277;3;"FOZ DO IGUACU";"Desobediência às normas de trânsito pelo condutor";"Colisão transversal";"Com Vítimas Feridas";"Pleno dia";"Crescente";"Céu Claro";"Dupla";"Interseção de Vias";"Sim";3;0;1;1;1;0;2;2;-25,46311453;-54,58282471;"SPRF-PR";"DEL05-PR";"UOP03-DEL05-PR"
158632;2018-09-10;"segunda-feira";"15:45:00";"RJ";40;90,6;"PETROPOLIS";"Velocidade Incompatível";"Queda de ocupante de veículo";"Com Vítimas Feridas";"Pleno dia";"Crescente";"Céu Claro";"Simples";"Curva";"Não";1;0;1;0;0;0;1;1;-22,54708344;-43,23793888;"SPRF-RJ";"DEL06-RJ";"UOP01-DEL06-RJ"
158636;2018-09-10;"segunda-feira";"15:15:00";"MS";267;477,8;"GUIA LOPES DA LAGUNA";"Falta de Atenção à Condução";"Queda de ocupante de veículo";"Com Vítimas Feridas";"Pleno dia";"Crescente";"Sol";"Simples";"Reta";"Sim";2;0;2;0;0;0;2;1;-21,45812;-56,120147;"SPRF-MS";"DEL05-MS";"UOP01-DEL05-MS"
158638;2018-09-10;"segunda-feira";"17:00:00";"GO";60;69,7;"ABADIANIA";"Defeito Mecânico no Veículo";"Incêndio";"Sem Vítimas";"Plena Noite";"Decrescente";"Céu Claro";"Dupla";"Reta";"Não";2;0;0;0;2;0;0;1;-16,2372;-48,7592;"SPRF-GO";"DEL02-GO";"UOP01-DEL02-GO"
158639;2018-09-10;"segunda-feira";"17:30:00";"PE";407;125;"PETROLINA";"Ingestão de Álcool";"Colisão traseira";"Com Vítimas Feridas";"Pleno dia";"Crescente";"Céu Claro";"Dupla";"Reta";"Sim";3;0;3;0;0;0;3;2;-9,37834778;-40,53536654;"SPRF-PE";"DEL06-PE";"UOP01-DEL06-PE"
158641;2018-09-10;"segunda-feira";"17:50:00";"SP";116;218,4;"GUARULHOS";"Ingestão de Álcool";"Colisão traseira";"Com Vítimas Feridas";"Anoitecer";"Decrescente";"Nublado";"Múltipla";"Reta";"Sim";5;0;1;0;4;0;1;3;-23,46067;-46,487141;"SPRF-SP";"DEL01-SP";"UOP01-DEL01-SP"
158642;2018-09-10;"segunda-feira";"17:50:00";"ES";101;291,9;"CARIACICA";"Desobediência às normas de trânsito pelo condutor";"Colisão com objeto estático";"Com Vítimas Fatais";"Plena Noite";"Decrescente";"Nublado";"Dupla";"Reta";"Sim";1;1;0;0;0;0;0;1;-20,3060535;-40,3950862;"SPRF-ES";"DEL01-ES";"UOP01-DEL01-ES"
158644;2018-09-10;"segunda-feira";"18:00:00";"PE";232;13;"JABOATAO DOS GUARARAPES";"Desobediência às normas de trânsito pelo pedestre";"Atropelamento de Pedestre";"Com Vítimas Feridas";"Plena Noite";"Crescente";"Nublado";"Dupla";"Reta";"Não";2;0;1;1;0;0;2;2;-8,09034283;-35,02421021;"SPRF-PE";"DEL01-PE";"UOP01-DEL01-PE"
158645;2018-09-10;"segunda-feira";"18:23:00";"BA";116;423,3;"FEIRA DE SANTANA";"Desobediência às normas de trânsito pelo condutor";"Colisão transversal";"Com Vítimas Feridas";"Plena Noite";"Crescente";"Céu Claro";"Simples";"Interseção de Vias";"Sim";2;0;1;0;1;0;1;2;-12,23412277;-38,97552788;"SPRF-BA";"DEL02-BA";"UOP01-DEL02-BA"
158646;2018-09-10;"segunda-feira";"18:30:00";"RS";392;352,4;"SANTA MARIA";"Desobediência às normas de trânsito pelo condutor";"Colisão transversal";"Com Vítimas Feridas";"Anoitecer";"Decrescente";"Céu Claro";"Simples";"Reta";"Sim";3;0;1;0;1;1;1;3;-29,71916912;-53,80817056;"SPRF-RS";"DEL09-RS";"UOP01-DEL09-RS"
158647;2018-09-10;"segunda-feira";"17:46:00";"SP";116;161,4;"JACAREI";"Não guardar distância de segurança";"Colisão traseira";"Com Vítimas Feridas";"Anoitecer";"Crescente";"Céu Claro";"Dupla";"Reta";"Não";2;0;1;0;1;0;1;2;-23,270546;-45,96906;"SPRF-SP";"DEL02-SP";"UOP01-DEL02-SP"
158652;2018-09-10;"segunda-feira";"18:45:00";"PR";277;584,5;"CASCAVEL";"Pista Escorregadia";"Queda de ocupante de veículo";"Com Vítimas Feridas";"Plena Noite";"Crescente";"Céu Claro";"Múltipla";"Interseção de Vias";"Sim";2;0;1;0;1;0;1;1;-24,96436023;-53,40615034;"SPRF-PR";"DEL04-PR";"UOP01-DEL04-PR"
158655;2018-09-10;"segunda-feira";"18:30:00";"GO";60;38,5;"GOIANIA";"Falta de Atenção à Condução";"Colisão lateral";"Com Vítimas Feridas";"Plena Noite";"Crescente";"Vento";"Dupla";"Reta";"Sim";2;0;1;0;1;0;1;2;-16,6777;-49,2676;"SPRF-GO";"DEL01-GO";"UOP02-DEL01-GO"
158658;2018-09-10;"segunda-feira";"18:15:00";"MG";116;413;"GOVERNADOR VALADARES";"Desobediência às normas de trânsito pelo condutor";"Colisão transversal";"Com Vítimas Feridas";"Plena Noite";"Crescente";"Céu Claro";"Simples";"Interseção de Vias";"Sim";2;0;1;0;0;1;1;2;-18,87551217;-41,96482362;"SPRF-MG";"DEL06-MG";"UOP01-DEL06-MG"
158659;2018-09-10;"segunda-feira";"18:00:00";"MG";381;480,5;"CONTAGEM";"Não guardar distância de segurança";"Colisão lateral";"Com Vítimas Feridas";"Anoitecer";"Crescente";"Céu Claro";"Dupla";"Reta";"Sim";2;0;1;0;1;0;1;2;-19,9582712;-44,05680066;"SPRF-MG";"DEL01-MG";"UOP03-DEL01-MG"
158661;2018-09-10;"segunda-feira";"18:50:00";"ES";101;249,9;"SERRA";"Falta de Atenção à Condução";"Colisão transversal";"Com Vítimas Feridas";"Plena Noite";"Crescente";"Céu Claro";"Simples";"Curva";"Não";3;0;1;0;2;0;1;2;-20,08128098;-40,35000265;"SPRF-ES";"DEL02-ES";"UOP01-DEL02-ES"
158662;2018-09-10;"segunda-feira";"17:12:00";"AC";364;130,6;"RIO BRANCO";"Falta de Atenção à Condução";"Colisão frontal";"Com Vítimas Feridas";"Anoitecer";"Decrescente";"Nublado";"Simples";"Reta";"Não";2;0;2;0;0;0;2;2;-10,01880865;-67,8402403;"SPRF-AC";"DEL01-AC";"UOP01-DEL01-AC"
158663;2018-09-10;"segunda-feira";"17:50:00";"AL";104;90,8;"RIO LARGO";"Falta de Atenção à Condução";"Colisão transversal";"Com Vítimas Feridas";"Plena Noite";"Decrescente";"Nublado";"Dupla";"Retorno Regulamentado";"Sim";3;0;1;1;0;1;2;2;-9,488187;-35,816045;"SPRF-AL";"DEL01-AL";"UOP01-DEL01-AL"
158664;2018-09-10;"segunda-feira";"19:30:00";"RJ";393;232;"VASSOURAS";"Desobediência às normas de trânsito pelo condutor";"Colisão transversal";"Com Vítimas Feridas";"Plena Noite";"Decrescente";"Céu Claro";"Simples";"Reta";"Não";4;0;3;0;1;0;3;2;-22,400957;-43,664425;"SPRF-RJ";"DEL05-RJ";"UOP03-DEL05-RJ"