"id";"data_inversa";"dia_semana";"horario";"uf";"br";"km";"municipio";"causa_acidente";"tipo_acidente";"classificacao_acidente";"fase_dia";"sentido_via";"condicao_metereologica";"tipo_pista";"tracado_via";"uso_solo";"pessoas";"mortos";"feridos_leves";"feridos_graves";"ilesos";"ignorados";"feridos";"veiculos";"latitude";"longitude";"regional";"delegacia";"uop"
158665;2018-09-10;"segunda-feira";"19:30:00";"RN";101;84;"NATAL";"Falta de Atenção à Condução";"Colisão traseira";"Com Vítimas Feridas";"Plena Noite";"Decrescente";"Garoa/Chuvisco";"Dupla";"Reta";"Sim";2;0;0;1;1;0;1;2;-5,774175;-35,257801;"SPRF-RN";"DEL02-RN";"UOP01-DEL02-RN"
158669;2018-09-10;"segunda-feira";"19:40:00";"PR";116;126;"FAZENDA RIO GRANDE";"Desobediência às normas de trânsito pelo condutor";"Colisão transversal";"Com Vítimas Feridas";"Plena Noite";"Crescente";"Céu Claro";"Dupla";"Reta";"Sim";3;0;2;0;1;0;2;3;-25,621508;-49,316216;"SPRF-PR";"DEL01-PR";"UOP03-DEL01-PR"
158670;2018-09-10;"segunda-feira";"19:50:00";"SC";101;213;"PALHOCA";"Falta de Atenção à Condução";"Colisão transversal";"Com Vítimas Feridas";"Plena Noite";"Decrescente";"Céu Claro";"Dupla";"Reta";"Sim";2;0;1;0;1;0;1;2;-27,64351535;-48,66958361;"SPRF-SC";"DEL01-SC";"UOP02-DEL01-SC"
158671;2018-09-10;"segunda-feira";"19:50:00";"GO";153;496,9;"GOIANIA";"Defeito Mecânico no Veículo";"Tombamento";"Com Vítimas Feridas";"Plena Noite";"Crescente";"Céu Claro";"Dupla";"Reta";"Sim";3;0;3;0;0;0;3;1;-16,67351264;-49,2292428;"SPRF-GO";"DEL01-GO";"UOP01-DEL01-GO"
158672;2018-09-10;"segunda-feira";"19:45:00";"PR";277;723,8;"FOZ DO IGUACU";"Falta de Atenção à Condução";"Colisão traseira";"Com Vítimas Feridas";"Plena Noite";"Decrescente";"Céu Claro";"Dupla";"Reta";"Sim";2;0;1;0;1;0;1;2;-25,501847;-54,536831;"SPRF-PR";"DEL05-PR";"UOP01-DEL05-PR"
158674;2018-09-10;"segunda-feira";"19:10:00";"MT";174;13;"PONTES E LACERDA";"Falta de Atenção à Condução";"Colisão traseira";"Com Vítimas Feridas";"Plena Noite";"Crescente";"Céu Claro";"Simples";"Reta";"Não";3;0;0;2;1;0;2;3;-15,20245067;-59,37432289;"SPRF-MT";"DEL04-MT";"UOP01-DEL04-MT"
158675;2018-09-10;"segunda-feira";"19:00:00";"PR";369;168;"ROLANDIA";"Animais na Pista";"Atropelamento de Animal";"Com Vítimas Feridas";"Plena Noite";"Crescente";"Céu Claro";"Dupla";"Reta";"Sim";2;0;2;0;0;0;2;2;-23,30199966;-51,33247722;"SPRF-PR";"DEL07-PR";"UOP01-DEL07-PR"
158677;2018-09-10;"segunda-feira";"17:15:00";"CE";222;144,4;"IRAUCUBA";"Defeito na Via";"Queda de ocupante de veículo";"Com Vítimas Feridas";"Anoitecer";"Crescente";"Sol";"Dupla";"Reta";"Não";1;0;1;0;0;0;1;1;-3,756;-39,746;"SPRF-CE";"DEL04-CE";"UOP03-DEL04-CE"
158678;2018-09-10;"segunda-feira";"20:05:00";"GO";60;38,1;"GOIANIA";"Falta de Atenção à Condução";"Colisão traseira";"Com Vítimas Feridas";"Plena Noite";"Decrescente";"Céu Claro";"Dupla";"Rotatória";"Sim";2;0;1;0;1;0;1;2;-16,73852509;-49,34612006;"SPRF-GO";"DEL01-GO";"UOP02-DEL01-GO"
158683;2018-09-10;"segunda-feira";"21:00:00";"RJ";116;80;"TERESOPOLIS";"Falta de Atenção à Condução";"Colisão lateral";"Com Vítimas Feridas";"Plena Noite";"Crescente";"Céu Claro";"Simples";"Reta";"Sim";2;0;0;2;0;0;2;2;-22,41316909;-42,94969261;"SPRF-RJ";"DEL04-RJ";"UOP01-DEL04-RJ"
158686;2018-08-30;"quinta-feira";"05:20:00";"BA";116;824;"VITORIA DA CONQUISTA";"Ingestão de Álcool";"Colisão frontal";"Com Vítimas Feridas";"Amanhecer";"Decrescente";"Céu Claro";"Dupla";"Reta";"Sim";2;0;1;1;0;0;2;2;-14,8534972;-40,848797;"SPRF-BA";"DEL08-BA";"UOP01-DEL08-BA"
158687;2018-09-10;"segunda-feira";"20:20:00";"SP";381;82;"SAO PAULO";"Falta de Atenção à Condução";"Colisão com objeto estático";"Com Vítimas Feridas";"Plena Noite";"Decrescente";"Céu Claro";"Dupla";"Reta";"Não";3;0;2;0;1;0;2;1;-23,42710264;-46,57247718;"SPRF-SP";"DEL03-SP";"DEL6/3-UOP03/SP"
158690;2018-09-01;"sábado";"06:30:00";"PA";316;6,2;"ANANINDEUA";"Não guardar distância de segurança";"Colisão traseira";"Sem Vítimas";"Amanhecer";"Crescente";"Céu Claro";"Dupla";"Reta";"Sim";2;0;0;0;2;0;0;2;-1,37521889;-48,39031219;"SPRF-PA";"DEL01-PA";"DEL19/1-UOP05/PA"
158692;2018-09-10;"segunda-feira";"18:40:00";"PI";407;423;"PICOS";"Objeto estático sobre o leito carroçável";"Colisão com objeto estático";"Com Vítimas Feridas";"Plena Noite";"Decrescente";"Céu Claro";"Simples";"Reta";"Sim";1;0;1;0;0;0;1;1;-7,079333;-41,433254;"SPRF-PI";"DEL04-PI";"UOP01-DEL04-PI"
158693;2018-09-10;"segunda-feira";"21:42:00";"PB";101;89,3;"JOAO PESSOA";"Ingestão de Álcool";"Colisão transversal";"Com Vítimas Feridas";"Plena Noite";"Decrescente";"Chuva";"Dupla";"Reta";"Sim";2;0;1;0;1;0;1;2;-7,17798315;-34,89959478;"SPRF-PB";"DEL01-PB";"UOP01-DEL01-PB"
158695;2018-09-10;"segunda-feira";"18:15:00";"SC";470;70;"INDAIAL";"Desobediência às normas de trânsito pelo condutor";"Colisão transversal";"Com Vítimas Feridas";"Anoitecer";"Crescente";"Céu Claro";"Simples";"Reta";"Sim";3;0;3;0;0;0;3;2;-26,89272694;-49,25886956;"SPRF-SC";"DEL04-SC";"UOP01-DEL04-SC"
158698;2018-09-10;"segunda-feira";"19:00:00";"PE";316;25;"ARARIPINA";"Desobediência às normas de trânsito pelo condutor";"Colisão transversal";"Com Vítimas Feridas";"Plena Noite";"Crescente";"Céu Claro";"Simples";"Aclive";"Não";4;0;0;2;2;0;2;2;-7,593073;-40,494509;"SPRF-PE";"DEL05-PE";"UOP02-DEL05-PE"
158699;2018-09-10;"segunda-feira";"20:30:00";"BA";101;680,4;"ITAGIMIRIM";"Falta de Atenção à Condução";"Tombamento";"Com Vítimas Feridas";"Plena Noite";"Decrescente";"Céu Claro";"Simples";"Interseção de Vias";"Sim";1;0;0;1;0;0;1;1;-16,0842;-39,6199;"SPRF-BA";"DEL09-BA";"UOP01-DEL09-BA"
158700;2018-09-10;"segunda-feira";"22:40:00";"SC";101;357,1;"SANGAO";"Falta de Atenção à Condução";"Colisão traseira";"Com Vítimas Fatais";"Plena Noite";"Decrescente";"Nublado";"Dupla";"Reta";"Não";5;1;0;0;0;4;0;3;-28,63425348;-49,09357131;"SPRF-SC";"DEL02-SC";"UOP01-DEL02-SC"
158701;2018-09-10;"segunda-feira";"22:20:00";"RN";110;46,7;"MOSSORO";"Falta de Atenção à Condução";"Colisão transversal";"Com Vítimas Feridas";"Plena Noite";"Decrescente";"Céu Claro";"Simples";"Interseção de Vias";"Sim";3;0;2;0;1;0;2;2;-5,20154534;-37,32343465;"SPRF-RN";"DEL04-RN";"UOP01-DEL04-RN"
158703;2018-09-10;"segunda-feira";"23:14:00";"SC";101;208,2;"SAO JOSE";"Desobediência às normas de trânsito pelo condutor";"Tombamento";"Com Vítimas Feridas";"Plena Noite";"Decrescente";"Céu Claro";"Múltipla";"Declive";"Sim";1;0;1;0;0;0;1;1;-27,6101;-48,6388;"SPRF-SC";"DEL01-SC";"UOP01-DEL01-SC"
158709;2018-09-10;"segunda-feira";"22:45:00";"SP";153;343,7;"OURINHOS";"Falta de Atenção à Condução";"Tombamento";"Com Vítimas Feridas";"Plena Noite";"Decrescente";"Céu Claro";"Dupla";"Curva";"Não";1;0;0;1;0;0;1;1;-22,9613965;-49,90191199;"SPRF-SP";"DEL07-SP";"UOP03-DEL07-SP"
158710;2018-09-10;"segunda-feira";"21:50:00";"AL";316;145,7;"PALMEIRA DOS INDIOS";"Animais na Pista";"Atropelamento de Animal";"Sem Vítimas";"Plena Noite";"Decrescente";"Céu Claro";"Simples";"Reta";"Não";2;0;0;0;2;0;0;1;-9,4283215;-36,654361;"SPRF-AL";"DEL03-AL";"UOP01-DEL03-AL"
158711;2018-09-10;"segunda-feira";"17:30:00";"MA";316;406;"ALTO ALEGRE DO MARANHAO";"Desobediência às normas de trânsito pelo condutor";"Colisão traseira";"Com Vítimas Feridas";"Pleno dia";"Crescente";"Céu Claro";"Simples";"Reta";"Sim";5;0;0;2;3;0;2;2;-4,24808;-44,435707;"SPRF-MA";"DEL03-MA";"UOP01-DEL03-MA"
158712;2018-09-10;"segunda-feira";"17:00:00";"RJ";493;64;"NOVA IGUACU";"Falta de Atenção à Condução";"Colisão com objeto estático";"Com Vítimas Fatais";"Pleno dia";"Decrescente";"Céu Claro";"Dupla";"Reta";"Não";1;1;0;0;0;0;0;1;-22,68149971;-43,45813751;"SPRF-RJ";"DEL01-RJ";"UOP03-DEL01-RJ"
158713;2018-09-11;"terça-feira";"00:23:00";"MG";50;204,9;"DELTA";"Falta de Atenção à Condução";"Colisão com objeto estático";"Com Vítimas Feridas";"Plena Noite";"Crescente";"Nublado";"Dupla";"Reta";"Não";1;0;1;0;0;0;1;1;-19,9665;-47,7942;"SPRF-MG";"DEL13-MG";"UOP01-DEL13-MG"
158714;2018-08-16;"quinta-feira";"19:30:00";"MA";316;467;"CODO";"Ingestão de Álcool";"Colisão traseira";"Com Vítimas Feridas";"Plena Noite";"Crescente";"Céu Claro";"Simples";"Reta";"Sim";3;0;2;0;1;0;2;2;-4,541063;-44,018379;"SPRF-MA";"DEL03-MA";"UOP01-DEL03-MA"
158715;2018-09-11;"terça-feira";"01:00:00";"RN";101;80,2;"NATAL";"Animais na Pista";"Atropelamento de Animal";"Com Vítimas Feridas";"Plena Noite";"Decrescente";"Chuva";"Dupla";"Reta";"Sim";2;0;2;0;0;0;2;1;-5,76120073;-35,28732419;"SPRF-RN";"DEL02-RN";"UOP01-DEL02-RN"
158716;2018-09-10;"segunda-feira";"23:20:00";"SC";101;163;"TIJUCAS";"Desobediência às normas de trânsito pelo condutor";"Colisão transversal";"Com Vítimas Feridas";"Plena Noite";"Decrescente";"Nublado";"Simples";"Interseção de Vias";"Sim";2;0;0;1;1;0;1;2;-27,2414;-48,6306;"SPRF-SC";"DEL04-SC";"UOP03-DEL04-SC"
158717;2018-09-11;"terça-feira";"00:30:00";"MG";50;124,4;"UBERABA";"Velocidade Incompatível";"Saída de leito carroçável";"Com Vítimas Feridas";"Plena Noite";"Crescente";"Céu Claro";"Dupla";"Reta";"Não";1;0;0;1;0;0;1;1;-19,3507;-48,0917;"SPRF-MG";"DEL13-MG";"UOP01-DEL13-MG"
158722;2018-09-11;"terça-feira";"04:00:00";"SC";101;208,2;"SAO JOSE";"Desobediência às normas de trânsito pelo condutor";"Tombamento";"Com Vítimas Feridas";"Plena Noite";"Decrescente";"Chuva";"Dupla";"Reta";"Não";1;0;1;0;0;0;1;1;-27,60475335;-48,63326132;"SPRF-SC";"DEL01-SC";"UOP01-DEL01-SC"
158729;2018-09-11;"terça-feira";"05:30:00";"PA";316;6;"ANANINDEUA";"Falta de Atenção à Condução";"Colisão com objeto estático";"Com Vítimas Feridas";"Amanhecer";"Decrescente";"Céu Claro";"Dupla";"Reta";"Sim";5;0;2;0;3;0;2;1;-1,366236;-48,367805;"SPRF-PA";"DEL01-PA";"DEL19/1-UOP05/PA"
158735;2018-09-11;"terça-feira";"06:20:00";"MG";262;366;"JUATUBA";"Falta de Atenção à Condução";"Colisão lateral";"Com Vítimas Feridas";"Amanhecer";"Crescente";"Sol";"Dupla";"Reta";"Não";1;0;1;0;0;0;1;1;-19,9692;-44,3321;"SPRF-MG";"DEL01-MG";"UOP03-DEL01-MG"
158736;2018-08-29;"quarta-feira";"10:30:00";"GO";40;12,9;"LUZIANIA";"Velocidade Incompatível";"Atropelamento de Pedestre";"Com Vítimas Fatais";"Pleno dia";"Crescente";"Céu Claro";"Dupla";"Reta";"Sim";2;1;0;0;1;0;0;2;-16,151832;-47,939162;"SPRF-DF";"DEL01-DF";"UOP01-DEL01-DF"
158737;2018-09-11;"terça-feira";"07:30:00";"DF";20;9,4;"BRASILIA";"Defeito Mecânico no Veículo";"Incêndio";"Sem Vítimas";"Pleno dia";"Decrescente";"Céu Claro";"Dupla";"Reta";"Sim";2;0;0;0;2;0;0;1;-15,65220327;-47,77907968;"SPRF-DF";"DEL02-DF";"UOP01-DEL02-DF"
158738;2018-09-11;"terça-feira";"07:00:00";"CE";222;6,4;"CAUCAIA";"Não guardar distância de segurança";"Colisão traseira";"Sem Vítimas";"Pleno dia";"Decrescente";"Nublado";"Dupla";"Reta";"Sim";3;0;0;0;2;1;0;3;-3,745392;-38,62188;"SPRF-CE";"DEL01-CE";"UOP01-DEL01-CE"
158739;2018-09-10;"segunda-feira";"19:00:00";"RO";435;125,8;"CEREJEIRAS";"Ingestão de Álcool";"Colisão lateral";"Com Vítimas Feridas";"Plena Noite";"Crescente";"Céu Claro";"Simples";"Reta";"Não";4;0;0;2;0;2;2;3;-13,18901691;-60,83443165;"SPRF-RO";"DEL04-RO";"UOP02-DEL04-RO"
158743;2018-09-11;"terça-feira";"07:50:00";"MG";40;549,9;"NOVA LIMA";"Falta de Atenção à Condução";"Colisão traseira";"Com Vítimas Feridas";"Pleno dia";"Crescente";"Céu Claro";"Dupla";"Reta";"Não";1;0;1;0;0;0;1;1;-20,047255;-43,9722723;"SPRF-MG";"DEL01-MG";"UOP02-DEL01-MG"
158744;2018-09-11;"terça-feira";"07:00:00";"MA";135;0,1;"SAO LUIS";"Falta de Atenção à Condução";"Colisão lateral";"Com Vítimas Feridas";"Pleno dia";"Crescente";"Céu Claro";"Dupla";"Reta";"Sim";2;0;1;0;1;0;1;2;-2,58248939;-44,24246907;"SPRF-MA";"DEL01-MA";"UOP01-DEL01-MA"
158745;2018-09-11;"terça-feira";"08:00:00";"BA";324;623,4;"SALVADOR";"Defeito Mecânico no Veículo";"Tombamento";"Com Vítimas Feridas";"Pleno dia";"Decrescente";"Nublado";"Dupla";"Curva";"Sim";2;0;2;0;0;0;2;1;-12,94032213;-38,47171783;"SPRF-BA";"DEL01-BA";"UOP01-DEL01-BA"
158747;2018-09-11;"terça-feira";"08:00:00";"SP";116;287;"ITAPECERICA DA SERRA";"Falta de Atenção à Condução";"Colisão traseira";"Com Vítimas Feridas";"Pleno dia";"Decrescente";"Nublado";"Dupla";"Reta";"Sim";5;0;1;0;4;0;1;2;-23,7002282;-46,86807811;"SPRF-SP";"DEL04-SP";"UOP01-DEL04-SP"
158748;2018-09-11;"terça-feira";"08:10:00";"PB";230;13,2;"CABEDELO";"Falta de Atenção à Condução";"Colisão lateral";"Com Vítimas Feridas";"Pleno dia";"Crescente";"Nublado";"Dupla";"Reta";"Sim";2;0;1;0;1;0;1;2;-7,08079763;-34,84923363;"SPRF-PB";"DEL01-PB";"UOP01-DEL01-PB"
158749;2018-09-11;"terça-feira";"08:15:00";"PI";407;423;"PICOS";"Ultrapassagem Indevida";"Colisão frontal";"Com Vítimas Feridas";"Pleno dia";"Crescente";"Céu Claro";"Simples";"Interseção de Vias";"Sim";2;0;1;0;1;0;1;2;-7,07938614;-41,43310726;"SPRF-PI";"DEL04-PI";"UOP01-DEL04-PI"
158750;2018-09-09;"domingo";"04:50:00";"RS";285;451,2;"IJUI";"Ingestão de Álcool";"Colisão traseira";"Sem Vítimas";"Plena Noite";"Decrescente";"Céu Claro";"Simples";"Curva";"Não";2;0;0;0;2;0;0;2;-28,37462;-53,840855;"SPRF-RS";"DEL10-RS";"UOP01-DEL10-RS"
158751;2018-09-11;"terça-feira";"08:10:00";"PR";277;2,2;"FOZ DO IGUACU";"Defeito Mecânico no Veículo";"Saída de leito carroçável";"Com Vítimas Feridas";"Pleno dia";"Crescente";"Céu Claro";"Dupla";"Reta";"Sim";2;0;2;0;0;0;2;1;-25,48810352;-54,58282471;"SPRF-PR";"DEL05-PR";"UOP03-DEL05-PR"
158753;2018-09-11;"terça-feira";"09:00:00";"RN";304;38,2;"MOSSORO";"Falta de Atenção à Condução";"Atropelamento de Pedestre";"Com Vítimas Feridas";"Pleno dia";"Decrescente";"Céu Claro";"Dupla";"Reta";"Sim";2;0;0;1;1;0;1;2;-5,18163417;-37,36834288;"SPRF-RN";"DEL04-RN";"UOP02-DEL04-RN"
158754;2018-09-11;"terça-feira";"08:50:00";"PE";101;44;"IGARASSU";"Falta de Atenção à Condução";"Colisão lateral";"Com Vítimas Feridas";"Pleno dia";"Crescente";"Garoa/Chuvisco";"Dupla";"Retorno Regulamentado";"Sim";4;0;3;0;1;0;3;2;-7,864;-34,9073;"SPRF-PE";"DEL01-PE";"UOP02-DEL01-PE"
158755;2018-09-11;"terça-feira";"06:35:00";"BA";242;372,2;"PALMEIRAS";"Pista Escorregadia";"Saída de leito carroçável";"Com Vítimas Feridas";"Pleno dia";"Crescente";"Garoa/Chuvisco";"Simples";"Curva";"Não";7;0;5;2;0;0;7;1;-12,45512;-41,48295;"SPRF-BA";"DEL10-BA";"UOP03-DEL06-BA"
158756;2018-09-11;"terça-feira";"05:00:00";"PE";101;86;"JABOATAO DOS GUARARAPES";"Defeito Mecânico no Veículo";"Incêndio";"Sem Vítimas";"Amanhecer";"Decrescente";"Céu Claro";"Dupla";"Reta";"Sim";1;0;0;0;1;0;0;1;-8,1919;-34,9748;"SPRF-PE";"DEL01-PE";"UOP03-DEL01-PE"
158757;2018-09-02;"domingo";"02:30:00";"TO";230;19,9;"TOCANTINOPOLIS";"Ingestão de Álcool";"Colisão frontal";"Com Vítimas Fatais";"Plena Noite";"Crescente";"Céu Claro";"Simples";"Declive";"Não";2;1;0;0;0;1;0;2;-6,39467323;-47,53149033;"SPRF-TO";"DEL02-TO";"UOP03-DEL02-TO"
158758;2018-08-29;"quarta-feira";"04:15:00";"MS";60;597,9;"JARDIM";"Falta de Atenção à Condução";"Colisão transversal";"Com Vítimas Feridas";"Plena Noite";"Crescente";"Céu Claro";"Simples";"Reta";"Sim";2;0;0;1;1;0;1;2;-21,485424;-56,15041;"SPRF-MS";"DEL05-MS";"UOP01-DEL05-MS"
158759;2018-09-11;"terça-feira";"09:12:00";"SC";101;216,3;"PALHOCA";"Falta de Atenção à Condução";"Colisão lateral";"Com Vítimas Feridas";"Pleno dia";"Decrescente";"Nublado";"Múltipla";"Viaduto";"Sim";2;0;1;0;1;0;1;2;-27,659815;-48,677479;"SPRF-SC";"DEL01-SC";"UOP02-DEL01-SC"
158760;2018-09-11;"terça-feira";"09:20:00";"DF";60;26,5;"BRASILIA";"Defeito Mecânico no Veículo";"Capotamento";"Com Vítimas Feridas";"Pleno dia";"Crescente";"Céu Claro";"Dupla";"Reta";"Não";4;0;1;0;3;0;1;1;-16,003504;-48,245281;"SPRF-DF";"DEL01-DF";"UOP01-DEL03-DF"
158761;2018-07-11;"quarta-feira";"18:37:00";"PB";104;129,6;"CAMPINA GRANDE";"Desobediência às normas de trânsito pelo condutor";"Tombamento";"Com Vítimas Feridas";"Plena Noite";"Crescente";"Nublado";"Simples";"Reta";"Não";1;0;0;1;0;0;1;1;-7,27346183;-35,88853598;"SPRF-PB";"DEL02-PB";"UOP01-DEL02-PB"
158764;2018-09-11;"terça-feira";"09:20:00";"SC";101;212,4;"PALHOCA";"Não guardar distância de segurança";"Colisão traseira";"Sem Vítimas";"Pleno dia";"Decrescente";"Nublado";"Simples";"Reta";"Sim";2;0;0;0;2;0;0;2;-27,6372;-48,6651;"SPRF-SC";"DEL01-SC";"UOP02-DEL01-SC"
158767;2018-09-11;"terça-feira";"08:11:00";"RR";174;506;"BOA VISTA";"Desobediência às normas de trânsito pelo condutor";"Colisão lateral";"Sem Vítimas";"Pleno dia";"Crescente";"Céu Claro";"Simples";"Reta";"Sim";4;0;0;0;4;0;0;1;2,816381;-60,693253;"SPRF-RR";"DEL01-RR";"UOP01-DEL01-RR"
158768;2018-09-11;"terça-feira";"08:55:00";"MG";365;434;"PATOS DE MINAS";"Falta de Atenção à Condução";"Colisão traseira";"Com Vítimas Feridas";"Pleno dia";"Decrescente";"Céu Claro";"Simples";"Reta";"Não";2;0;1;0;0;1;1;2;-18,7771;-46,68746;"SPRF-MG";"DEL10-MG";"UOP01-DEL10-MG"
158769;2018-09-11;"terça-feira";"09:30:00";"DF";60;9;"BRASILIA";"Falta de Atenção à Condução";"Colisão transversal";"Com Vítimas Feridas";"Pleno dia";"Decrescente";"Céu Claro";"Dupla";"Reta";"Sim";2;0;1;0;1;0;1;2;-15,906293;-48,139965;"SPRF-DF";"DEL01-DF";"UOP01-DEL03-DF"
158770;2018-09-11;"terça-feira";"09:00:00";"RJ";116;306,1;"RESENDE";"Mal Súbito";"Colisão com objeto estático";"Com Vítimas Feridas";"Pleno dia";"Decrescente";"Sol";"Dupla";"Reta";"Não";1;0;1;0;0;0;1;1;-22,4598402;-44,45428848;"SPRF-RJ";"DEL07-RJ";"DEL5/7-UOP03/RJ"
158771;2018-09-11;"terça-feira";"10:10:00";"RJ";101;61,6;"CAMPOS DOS GOYTACAZES";"Falta de Atenção à Condução";"Colisão transversal";"Com Vítimas Feridas";"Pleno dia";"Decrescente";"Céu Claro";"Simples";"Reta";"Não";2;0;1;0;1;0;1;2;-21,726534;-41,32132;"SPRF-RJ";"DEL08-RJ";"UOP01-DEL08-RJ"
158774;2018-09-11;"terça-feira";"09:40:00";"TO";153;138,2;"ARAGUAINA";"Desobediência às normas de trânsito pelo condutor";"Colisão traseira";"Com Vítimas Feridas";"Pleno dia";"Decrescente";"Sol";"Dupla";"Reta";"Sim";3;0;1;0;2;0;1;3;-7,155106;-48,204163;"SPRF-TO";"DEL02-TO";"UOP01-DEL02-TO"
158776;2018-09-11;"terça-feira";"09:30:00";"PB";230;48;"SANTA RITA";"Falta de Atenção à Condução";"Tombamento";"Com Vítimas Feridas";"Pleno dia";"Decrescente";"Nublado";"Dupla";"Interseção de Vias";"Sim";1;0;0;1;0;0;1;1;-7,17613628;-35,04160166;"SPRF-PB";"DEL01-PB";"UOP03-DEL01-PB"
158778;2018-09-11;"terça-feira";"09:55:00";"MS";163;327;"CAMPO GRANDE";"Desobediência às normas de trânsito pelo condutor";"Colisão traseira";"Com Vítimas Feridas";"Pleno dia";"Crescente";"Céu Claro";"Dupla";"Reta";"Sim";3;0;1;0;2;0;1;2;-20,4661;-54,5442;"SPRF-MS";"DEL02-MS";"UOP02-DEL02-MS"
158779;2018-09-11;"terça-feira";"11:30:00";"PR";277;690,8;"SAO MIGUEL DO IGUACU";"Falta de Atenção à Condução";"Capotamento";"Com Vítimas Feridas";"Pleno dia";"Crescente";"Céu Claro";"Dupla";"Reta";"Não";2;0;2;0;0;0;2;1;-25,35824;-54,245335;"SPRF-PR";"DEL05-PR";"UOP01-DEL05-PR"
158781;2018-03-23;"sexta-feira";"16:00:00";"GO";70;296;"ITAPIRAPUA";"Falta de Atenção à Condução";"Saída de leito carroçável";"Com Vítimas Feridas";"Pleno dia";"Crescente";"Ignorado";"Simples";"Reta";"Não";3;0;2;1;0;0;3;1;-15,8383;-50,7001;"SPRF-GO";"DEL04-GO";"UOP01-DEL04-GO"
158782;2018-09-11;"terça-feira";"11:30:00";"RN";304;48;"MOSSORO";"Sinalização da via insuficiente ou inadequada";"Colisão frontal";"Com Vítimas Feridas";"Pleno dia";"Decrescente";"Céu Claro";"Dupla";"Interseção de Vias";"Sim";2;0;1;0;1;0;1;2;-5,22779164;-37,32245564;"SPRF-RN";"DEL04-RN";"UOP01-DEL04-RN"
158784;2018-09-11;"terça-feira";"12:20:00";"PE";407;124;"PETROLINA";"Desobediência às normas de trânsito pelo condutor";"Colisão transversal";"Com Vítimas Feridas";"Pleno dia";"Decrescente";"Céu Claro";"Múltipla";"Interseção de Vias";"Sim";2;0;1;0;1;0;1;2;-9,375395;-40,537704;"SPRF-PE";"DEL06-PE";"UOP01-DEL06-PE"
158785;2018-09-11;"terça-feira";"11:20:00";"MS";163;828,2;"SONORA";"Falta de Atenção à Condução";"Tombamento";"Com Vítimas Feridas";"Pleno dia";"Crescente";"Céu Claro";"Dupla";"Reta";"Não";1;0;0;1;0;0;1;1;-17,69505365;-54,74967957;"SPRF-MS";"DEL06-MS";"UOP01-DEL06-MS"
158787;2018-09-11;"terça-feira";"11:30:00";"CE";116;2,8;"FORTALEZA";"Falta de Atenção à Condução";"Queda de ocupante de veículo";"Com Vítimas Feridas";"Pleno dia";"Crescente";"Céu Claro";"Dupla";"Reta";"Sim";2;0;1;1;0;0;2;1;-3,77227708;-38,51703644;"SPRF-CE";"DEL01-CE";"UOP02-DEL01-CE"
158788;2018-09-11;"terça-feira";"12:30:00";"RN";101;35,2;"MAXARANGUAPE";"Desobediência às normas de trânsito pelo condutor";"Colisão transversal";"Com Vítimas Feridas";"Pleno dia";"Crescente";"Nublado";"Simples";"Interseção de Vias";"Não";3;0;1;0;2;0;1;2;-5,409141;-35,35615;"SPRF-RN";"DEL02-RN";"UOP01-DEL02-RN"
158790;2018-06-16;"sábado";"03:15:00";"SC";280;32;"ARAQUARI";"Falta de Atenção à Condução";"Saída de leito carroçável";"Com Vítimas Feridas";"Plena Noite";"Decrescente";"Ignorado";"Simples";"Reta";"Não";1;0;1;0;0;0;1;1;-26,420618;-48,779335;"SPRF-SC";"DEL03-SC";"UOP03-DEL03-SC"
158791;2018-09-11;"terça-feira";"13:00:00";"BA";242;813;"BARREIRAS";"Velocidade Incompatível";"Saída de leito carroçável";"Sem Vítimas";"Pleno dia";"Decrescente";"Sol";"Simples";"Curva;Declive";"Não";1;0;0;0;1;0;0;1;-12,11951592;-45,14945269;"SPRF-BA";"DEL10-BA";"UOP01-DEL10-BA"
158792;2018-09-11;"terça-feira";"12:45:00";"PR";369;182,8;"ARAPONGAS";"Falta de Atenção à Condução";"Colisão traseira";"Com Vítimas Feridas";"Pleno dia";"Decrescente";"Céu Claro";"Simples";"Reta";"Sim";3;0;1;0;1;1;1;2;-23,38693122;-51,4203427;"SPRF-PR";"DEL07-PR";"UOP03-DEL07-PR"
158794;2018-09-11;"terça-feira";"13:00:00";"PE";232;245,7;"ARCOVERDE";"Velocidade Incompatível";"Capotamento";"Com Vítimas Feridas";"Pleno dia";"Crescente";"Céu Claro";"Simples";"Curva";"Não";3;0;1;2;0;0;3;1;-8,418673;-36,998383;"SPRF-PE";"DEL03-PE";"UOP02-DEL03-PE"
158795;2018-09-09;"domingo";"05:00:00";"RS";285;434,8;"BOZANO";"Ingestão de Álcool";"Capotamento";"Sem Vítimas";"Plena Noite";"Decrescente";"Céu Claro";"Simples";"Reta";"Não";1;0;0;0;1;0;0;1;-28,340496;-53,681808;"SPRF-RS";"DEL10-RS";"UOP01-DEL10-RS"
158797;2018-09-11;"terça-feira";"13:25:00";"RS";116;39,3;"VACARIA";"Desobediência às normas de trânsito pelo condutor";"Colisão transversal";"Com Vítimas Feridas";"Pleno dia";"Crescente";"Sol";"Simples";"Interseção de Vias";"Sim";2;0;1;0;1;0;1;2;-28,51439579;-50,93461275;"SPRF-RS";"DEL05-RS";"UOP03-DEL05-RS"