"id";"data_inversa";"dia_semana";"horario";"uf";"br";"km";"municipio";"causa_acidente";"tipo_acidente";"classificacao_acidente";"fase_dia";"sentido_via";"condicao_metereologica";"tipo_pista";"tracado_via";"uso_solo";"pessoas";"mortos";"feridos_leves";"feridos_graves";"ilesos";"ignorados";"feridos";"veiculos";"latitude";"longitude";"regional";"delegacia";"uop"
159063;2018-09-12;"quarta-feira";"18:35:00";"CE";116;11,9;"FORTALEZA";"Falta de Atenção do Pedestre";"Atropelamento de Pedestre";"Com Vítimas Feridas";"Plena Noite";"Decrescente";"Céu Claro";"Dupla";"Curva";"Sim";2;0;1;0;1;0;1;2;-3,8551;-38,4958;"SPRF-CE";"DEL01-CE";"UOP02-DEL01-CE"
159064;2018-08-26;"domingo";"21:03:00";"PB";230;69;"SOBRADO";"Velocidade Incompatível";"Queda de ocupante de veículo";"Com Vítimas Feridas";"Plena Noite";"Crescente";"Céu Claro";"Dupla";"Reta";"Não";1;0;1;0;0;0;1;1;-7,191899;-35,22573531;"SPRF-PB";"DEL01-PB";"UOP03-DEL01-PB"
159065;2018-09-12;"quarta-feira";"19:00:00";"PR";476;138,5;"CURITIBA";"Falta de Atenção à Condução";"Colisão transversal";"Com Vítimas Feridas";"Plena Noite";"Decrescente";"Chuva";"Múltipla";"Reta";"Sim";4;0;2;0;2;0;2;2;-25,51749283;-49,29240254;"SPRF-PR";"DEL01-PR";"UOP07-DEL01-PR"
159067;2018-09-12;"quarta-feira";"19:00:00";"MG";381;743;"TRES CORACOES";"Falta de Atenção à Condução";"Saída de leito carroçável";"Com Vítimas Feridas";"Plena Noite";"Crescente";"Céu Claro";"Dupla";"Retorno Regulamentado";"Não";2;0;2;0;0;0;2;1;-21,60938272;-45,24072289;"SPRF-MG";"DEL16-MG";"UOP02-DEL16-MG"
159070;2018-02-02;"sexta-feira";"18:30:00";"PB";230;300,1;"SANTA LUZIA";"Defeito Mecânico no Veículo";"Tombamento";"Com Vítimas Feridas";"Plena Noite";"Decrescente";"Nublado";"Simples";"Reta";"Não";2;0;1;1;0;0;2;1;-6,90235002;-36,98268007;"SPRF-PB";"DEL03-PB";"UOP01-DEL03-PB"
159071;2018-09-12;"quarta-feira";"19:10:00";"SP";116;198,4;"ARUJA";"Falta de Atenção do Pedestre";"Atropelamento de Pedestre";"Com Vítimas Feridas";"Plena Noite";"Decrescente";"Nublado";"Dupla";"Reta";"Não";2;0;1;1;0;0;2;2;-23,39973043;-46,30152047;"SPRF-SP";"DEL01-SP";"UOP02-DEL01-SP"
159072;2018-09-12;"quarta-feira";"16:20:00";"MT";70;276;"PRIMAVERA DO LESTE";"Desobediência às normas de trânsito pelo condutor";"Colisão transversal";"Sem Vítimas";"Pleno dia";"Decrescente";"Céu Claro";"Simples";"Reta";"Sim";2;0;0;0;2;0;0;2;-15,55357;-54,262028;"SPRF-MT";"DEL05-MT";"UOP01-DEL05-MT"
159074;2018-09-12;"quarta-feira";"18:00:00";"MS";163;680,4;"RIO VERDE DE MATO GROSSO";"Desobediência às normas de trânsito pelo condutor";"Colisão transversal";"Com Vítimas Feridas";"Anoitecer";"Crescente";"Céu Claro";"Simples";"Reta";"Sim";2;0;1;0;1;0;1;2;-18,917302;-54,8379;"SPRF-MS";"DEL06-MS";"UOP02-DEL06-MS"
159076;2018-09-12;"quarta-feira";"19:00:00";"PR";116;191;"CAMPO DO TENENTE";"Falta de Atenção à Condução";"Colisão transversal";"Com Vítimas Feridas";"Anoitecer";"Crescente";"Nublado";"Simples";"Interseção de Vias";"Sim";2;0;0;1;1;0;1;2;-25,99415546;-49,66704184;"SPRF-SC";"DEL06-SC";"UOP01-DEL06-SC"
159078;2018-09-12;"quarta-feira";"18:50:00";"PA";316;0,5;"BELEM";"Desobediência às normas de trânsito pelo condutor";"Colisão transversal";"Sem Vítimas";"Plena Noite";"Crescente";"Ignorado";"Múltipla";"Reta";"Sim";3;0;0;0;2;1;0;3;-1,405913;-48,43406;"SPRF-PA";"DEL01-PA";"DEL19/1-UOP05/PA"
159080;2018-09-07;"sexta-feira";"09:00:00";"PR";277;108;"CAMPO LARGO";"Falta de Atenção à Condução";"Colisão traseira";"Com Vítimas Feridas";"Pleno dia";"Crescente";"Céu Claro";"Dupla";"Reta";"Não";2;0;1;0;1;0;1;2;-25,43645389;-49,4421941;"SPRF-PR";"DEL01-PR";"UOP06-DEL01-PR"
159081;2018-09-12;"quarta-feira";"18:20:00";"PR";277;17,2;"PARANAGUA";"Falta de Atenção à Condução";"Queda de ocupante de veículo";"Com Vítimas Feridas";"Plena Noite";"Decrescente";"Céu Claro";"Dupla";"Reta";"Não";1;0;0;1;0;0;1;1;-25,54925618;-48,67578506;"SPRF-PR";"DEL01-PR";"UOP05-DEL01-PR"
159083;2018-09-12;"quarta-feira";"20:40:00";"PR";369;126;"JATAIZINHO";"Não guardar distância de segurança";"Colisão traseira";"Com Vítimas Feridas";"Plena Noite";"Decrescente";"Céu Claro";"Múltipla";"Reta";"Sim";2;0;2;0;0;0;2;2;-23,27738281;-50,96204236;"SPRF-PR";"DEL07-PR";"UOP05-DEL07-PR"
159085;2018-09-12;"quarta-feira";"17:40:00";"MA";10;177,1;"CAMPESTRE DO MARANHAO";"Falta de Atenção à Condução";"Colisão transversal";"Com Vítimas Feridas";"Anoitecer";"Decrescente";"Céu Claro";"Simples";"Reta";"Sim";3;0;0;1;2;0;1;2;-6,16669431;-47,36595511;"SPRF-MA";"DEL04-MA";"UOP01-DEL04-MA"
159086;2018-09-12;"quarta-feira";"19:50:00";"GO";40;18,9;"LUZIANIA";"Falta de Atenção à Condução";"Colisão traseira";"Com Vítimas Feridas";"Plena Noite";"Crescente";"Céu Claro";"Dupla";"Aclive";"Sim";8;0;4;0;4;0;4;2;-16,2008373;-47,9216;"SPRF-DF";"DEL01-DF";"UOP01-DEL01-DF"
159087;2018-09-12;"quarta-feira";"21:00:00";"SC";116;267,8;"CAPAO ALTO";"Falta de Atenção à Condução";"Colisão traseira";"Com Vítimas Feridas";"Plena Noite";"Crescente";"Céu Claro";"Simples";"Interseção de Vias;Reta";"Não";5;0;1;0;4;0;1;2;-27,95729683;-50,48552513;"SPRF-SC";"DEL05-SC";"UOP02-DEL05-SC"
159090;2018-09-12;"quarta-feira";"19:10:00";"SC";282;502,9;"XANXERE";"Restrição de Visibilidade";"Colisão traseira";"Com Vítimas Feridas";"Plena Noite";"Crescente";"Céu Claro";"Múltipla";"Declive";"Não";3;0;3;0;0;0;3;2;-26,88604788;-52,39688689;"SPRF-SC";"DEL07-SC";"UOP01-DEL07-SC"
159091;2018-09-12;"quarta-feira";"21:00:00";"PE";232;9,7;"JABOATAO DOS GUARARAPES";"Velocidade Incompatível";"Saída de leito carroçável";"Com Vítimas Feridas";"Plena Noite";"Decrescente";"Céu Claro";"Simples";"Reta";"Sim";7;0;0;7;0;0;7;1;-8,07949225;-34,98695791;"SPRF-PE";"DEL01-PE";"UOP01-DEL01-PE"
159092;2018-09-12;"quarta-feira";"21:25:00";"PR";376;3,3;"APUCARANA";"Ingestão de Álcool";"Colisão traseira";"Com Vítimas Feridas";"Plena Noite";"Crescente";"Céu Claro";"Simples";"Interseção de Vias";"Sim";2;0;1;0;1;0;1;2;-23,559062;-51,438511;"SPRF-PR";"DEL07-PR";"UOP03-DEL07-PR"
159093;2018-09-12;"quarta-feira";"20:25:00";"PI";343;322,6;"TERESINA";"Falta de Atenção à Condução";"Colisão transversal";"Com Vítimas Fatais";"Plena Noite";"Decrescente";"Céu Claro";"Simples";"Reta";"Não";3;1;0;1;1;0;1;2;-5,0619617;-42,64848188;"SPRF-PI";"DEL01-PI";"UOP01-DEL01-PI"
159095;2018-09-12;"quarta-feira";"20:00:00";"RJ";40;81;"PETROPOLIS";"Defeito Mecânico no Veículo";"Tombamento";"Sem Vítimas";"Plena Noite";"Decrescente";"Céu Claro";"Simples";"Curva;Aclive";"Sim";1;0;0;0;1;0;0;1;-22,53077263;-43,22038114;"SPRF-RJ";"DEL06-RJ";"UOP01-DEL06-RJ"
159096;2018-09-12;"quarta-feira";"18:30:00";"SC";116;143,2;"SANTA CECILIA";"Falta de Atenção à Condução";"Colisão transversal";"Com Vítimas Fatais";"Plena Noite";"Crescente";"Garoa/Chuvisco";"Simples";"Reta";"Não";3;1;0;0;2;0;0;3;-26,98585761;-50,39370775;"SPRF-SC";"DEL06-SC";"UOP02-DEL06-SC"
159097;2018-09-12;"quarta-feira";"19:00:00";"MG";381;250;"SANTANA DO PARAISO";"Animais na Pista";"Atropelamento de Animal";"Com Vítimas Feridas";"Plena Noite";"Crescente";"Céu Claro";"Simples";"Aclive";"Não";1;0;0;1;0;0;1;1;-19,45012331;-42,51717567;"SPRF-MG";"DEL06-MG";"UOP01-DEL06-MG"
159098;2018-09-12;"quarta-feira";"21:40:00";"BA";116;426,2;"FEIRA DE SANTANA";"Animais na Pista";"Atropelamento de Animal";"Com Vítimas Fatais";"Plena Noite";"Crescente";"Céu Claro";"Simples";"Reta";"Sim";2;1;0;1;0;0;1;1;-12,25737;-38,98946;"SPRF-BA";"DEL02-BA";"UOP01-DEL02-BA"
159099;2018-09-12;"quarta-feira";"17:20:00";"SC";282;46;"AGUAS MORNAS";"Velocidade Incompatível";"Capotamento";"Com Vítimas Feridas";"Plena Noite";"Decrescente";"Chuva";"Simples";"Curva";"Não";1;0;1;0;0;0;1;1;-27,721041;-48,925152;"SPRF-SC";"DEL01-SC";"UOP03-DEL01-SC"
159102;2018-09-12;"quarta-feira";"21:00:00";"PR";116;147,2;"MANDIRITUBA";"Velocidade Incompatível";"Saída de leito carroçável";"Com Vítimas Feridas";"Plena Noite";"Decrescente";"Nublado";"Simples";"Reta";"Não";1;0;1;0;0;0;1;1;-25,82152622;-49,33410645;"SPRF-PR";"DEL01-PR";"UOP03-DEL01-PR"
159104;2018-09-12;"quarta-feira";"22:20:00";"SC";101;201,8;"SAO JOSE";"Ingestão de Álcool";"Capotamento";"Com Vítimas Feridas";"Plena Noite";"Crescente";"Nublado";"Múltipla";"Reta";"Sim";1;0;1;0;0;0;1;1;-27,5572;-48,6188;"SPRF-SC";"DEL01-SC";"UOP01-DEL01-SC"
159107;2018-09-12;"quarta-feira";"17:45:00";"MG";116;561,2;"MANHUACU";"Objeto estático sobre o leito carroçável";"Colisão com objeto estático";"Com Vítimas Feridas";"Anoitecer";"Decrescente";"Nublado";"Simples";"Aclive;Curva";"Não";1;0;1;0;0;0;1;1;-20,0319859;-42,1749624;"SPRF-MG";"DEL06-MG";"UOP03-DEL06-MG"
159110;2018-09-12;"quarta-feira";"22:00:00";"SP";116;269;"TABOAO DA SERRA";"Falta de Atenção do Pedestre";"Atropelamento de Pedestre";"Com Vítimas Feridas";"Plena Noite";"Decrescente";"Nublado";"Dupla";"Reta";"Sim";3;0;1;0;2;0;1;3;-23,60866614;-46,75436854;"SPRF-SP";"DEL04-SP";"UOP01-DEL04-SP"
159113;2018-09-12;"quarta-feira";"22:45:00";"SP";116;212;"GUARULHOS";"Falta de Atenção à Condução";"Colisão com objeto estático";"Com Vítimas Feridas";"Plena Noite";"Decrescente";"Céu Claro";"Múltipla";"Reta";"Sim";1;0;1;0;0;0;1;1;-23,41379223;-46,36161804;"SPRF-SP";"DEL01-SP";"UOP01-DEL01-SP"
159114;2018-09-12;"quarta-feira";"19:50:00";"RO";364;416;"JARU";"Objeto estático sobre o leito carroçável";"Queda de ocupante de veículo";"Com Vítimas Feridas";"Plena Noite";"Decrescente";"Céu Claro";"Simples";"Curva";"Não";2;0;2;0;0;0;2;1;-10,497594;-62,421078;"SPRF-RO";"DEL03-RO";"UOP02-DEL03-RO"
159115;2018-09-12;"quarta-feira";"22:30:00";"RS";448;20;"PORTO ALEGRE";"Falta de Atenção à Condução";"Colisão com objeto estático";"Com Vítimas Feridas";"Plena Noite";"Crescente";"Céu Claro";"Dupla";"Reta";"Não";1;0;1;0;0;0;1;1;-29,958729;-51,202465;"SPRF-RS";"DEL01-RS";"UOP01-DEL01-RS"
159116;2018-09-12;"quarta-feira";"23:10:00";"SC";280;127;"RIO NEGRINHO";"Ingestão de Álcool";"Colisão transversal";"Com Vítimas Feridas";"Plena Noite";"Crescente";"Garoa/Chuvisco";"Simples";"Interseção de Vias";"Sim";2;0;0;1;1;0;1;2;-26,23865274;-49,5010464;"SPRF-SC";"DEL06-SC";"UOP03-DEL06-SC"
159118;2018-09-12;"quarta-feira";"23:50:00";"SC";101;155;"PORTO BELO";"Velocidade Incompatível";"Saída de leito carroçável";"Com Vítimas Feridas";"Plena Noite";"Decrescente";"Garoa/Chuvisco";"Simples";"Reta";"Não";1;0;1;0;0;0;1;1;-27,1719;-48,6115;"SPRF-SC";"DEL04-SC";"UOP03-DEL04-SC"
159119;2018-09-12;"quarta-feira";"19:01:00";"MG";381;250;"SANTANA DO PARAISO";"Animais na Pista";"Atropelamento de Animal";"Com Vítimas Feridas";"Plena Noite";"Crescente";"Céu Claro";"Simples";"Reta";"Não";1;0;1;0;0;0;1;1;-19,44992098;-42,51674652;"SPRF-MG";"DEL06-MG";"UOP01-DEL06-MG"
159122;2018-09-13;"quinta-feira";"00:40:00";"SC";101;161;"TIJUCAS";"Desobediência às normas de trânsito pelo condutor";"Queda de ocupante de veículo";"Com Vítimas Feridas";"Plena Noite";"Decrescente";"Nublado";"Dupla";"Reta";"Não";1;0;0;1;0;0;1;1;-27,2237;-48,6271;"SPRF-SC";"DEL04-SC";"UOP03-DEL04-SC"
159125;2018-09-12;"quarta-feira";"23:45:00";"RS";290;57,4;"GRAVATAI";"Falta de Atenção à Condução";"Capotamento";"Com Vítimas Feridas";"Plena Noite";"Decrescente";"Céu Claro";"Dupla";"Reta";"Não";1;0;1;0;0;0;1;1;-29,92053143;-50,834665;"SPRF-RS";"DEL03-RS";"UOP02-DEL03-RS"
159128;2018-09-12;"quarta-feira";"20:30:00";"MA";316;481,7;"CODO";"Desobediência às normas de trânsito pelo condutor";"Colisão frontal";"Com Vítimas Fatais";"Plena Noite";"Crescente";"Céu Claro";"Simples";"Reta";"Não";1;1;0;0;0;0;0;1;-4,625178;-43,905014;"SPRF-MA";"DEL03-MA";"UOP02-DEL03-MA"
159129;2018-09-13;"quinta-feira";"02:20:00";"SP";116;209,8;"GUARULHOS";"Velocidade Incompatível";"Colisão com objeto estático";"Com Vítimas Feridas";"Plena Noite";"Crescente";"Céu Claro";"Dupla";"Reta";"Sim";2;0;1;1;0;0;2;1;-23,42742742;-46,40862107;"SPRF-SP";"DEL01-SP";"UOP01-DEL01-SP"
159130;2018-09-13;"quinta-feira";"01:30:00";"MS";163;260;"DOURADOS";"Animais na Pista";"Atropelamento de Animal";"Com Vítimas Feridas";"Plena Noite";"Crescente";"Céu Claro";"Dupla";"Reta";"Não";2;0;1;0;1;0;1;1;-22,24237122;-54,77034867;"SPRF-MS";"DEL04-MS";"UOP01-DEL04-MS"
159133;2018-09-13;"quinta-feira";"03:00:00";"RJ";116;303,6;"RESENDE";"Falta de Atenção à Condução";"Colisão traseira";"Com Vítimas Fatais";"Plena Noite";"Decrescente";"Céu Claro";"Dupla";"Reta";"Sim";1;1;0;0;0;0;0;1;-22,4586681;-44,4324261;"SPRF-RJ";"DEL07-RJ";"DEL5/7-UOP03/RJ"
159134;2018-09-13;"quinta-feira";"02:00:00";"SC";280;255;"CANOINHAS";"Falta de Atenção à Condução";"Capotamento";"Com Vítimas Feridas";"Plena Noite";"Crescente";"Céu Claro";"Simples";"Reta";"Não";4;0;1;3;0;0;4;1;-26,265293;-50,58884;"SPRF-SC";"DEL06-SC";"UOP04-DEL06-SC"
159136;2018-09-13;"quinta-feira";"03:50:00";"RS";116;262,5;"CANOAS";"Velocidade Incompatível";"Colisão com objeto estático";"Com Vítimas Feridas";"Plena Noite";"Crescente";"Nublado";"Dupla";"Curva";"Sim";2;0;2;0;0;0;2;1;-29,89546377;-51,1762213;"SPRF-RS";"DEL01-RS";"UOP01-DEL01-RS"
159137;2018-09-13;"quinta-feira";"03:07:00";"RO";364;710,6;"PORTO VELHO";"Falta de Atenção à Condução";"Colisão com objeto estático";"Sem Vítimas";"Plena Noite";"Crescente";"Céu Claro";"Múltipla";"Reta";"Sim";1;0;0;0;0;1;0;1;-8,78509922;-63,85930896;"SPRF-RO";"DEL01-RO";"UOP01-DEL01-RO"
159138;2018-09-13;"quinta-feira";"05:30:00";"RS";471;577;"SANTA VITORIA DO PALMAR";"Falta de Atenção à Condução";"Saída de leito carroçável";"Com Vítimas Feridas";"Amanhecer";"Crescente";"Céu Claro";"Simples";"Reta";"Não";5;0;3;2;0;0;5;1;-32,8529958;-52,7040847;"SPRF-RS";"DEL07-RS";"UOP04-DEL07-RS"
159139;2018-09-13;"quinta-feira";"05:55:00";"DF";70;10;"BRASILIA";"Falta de Atenção do Pedestre";"Atropelamento de Pedestre";"Com Vítimas Feridas";"Pleno dia";"Decrescente";"Céu Claro";"Dupla";"Reta";"Sim";2;0;0;1;1;0;1;2;-15,79109729;-48,15676689;"SPRF-DF";"DEL01-DF";"UOP02-DEL03-DF"
159140;2018-09-13;"quinta-feira";"05:30:00";"ES";101;258,8;"SERRA";"Animais na Pista";"Atropelamento de Animal";"Com Vítimas Feridas";"Amanhecer";"Crescente";"Nublado";"Dupla";"Aclive";"Sim";2;0;0;2;0;0;2;1;-20,13683849;-40,2924335;"SPRF-ES";"DEL02-ES";"UOP01-DEL02-ES"
159142;2018-09-13;"quinta-feira";"05:55:00";"GO";60;42;"ALEXANIA";"Falta de Atenção à Condução";"Colisão lateral";"Com Vítimas Feridas";"Amanhecer";"Crescente";"Céu Claro";"Dupla";"Reta";"Não";2;0;1;0;1;0;1;2;-16,11;-48,5835;"SPRF-GO";"DEL02-GO";"UOP01-DEL02-GO"
159144;2018-09-13;"quinta-feira";"06:00:00";"PA";316;4;"ANANINDEUA";"Falta de Atenção à Condução";"Atropelamento de Pedestre";"Com Vítimas Feridas";"Pleno dia";"Crescente";"Céu Claro";"Dupla";"Reta";"Sim";2;0;0;2;0;0;2;2;-1,396582;-48,422993;"SPRF-PA";"DEL01-PA";"DEL19/1-UOP05/PA"
159146;2018-09-13;"quinta-feira";"06:30:00";"RJ";40;121;"DUQUE DE CAXIAS";"Falta de Atenção à Condução";"Colisão traseira";"Com Vítimas Feridas";"Pleno dia";"Crescente";"Céu Claro";"Múltipla";"Reta";"Sim";2;0;1;0;1;0;1;2;-22,7884;-43,2853;"SPRF-RJ";"DEL01-RJ";"UOP01-DEL01-RJ"
159147;2018-09-13;"quinta-feira";"07:00:00";"PR";376;172;"MARINGA";"Não guardar distância de segurança";"Tombamento";"Com Vítimas Feridas";"Pleno dia";"Crescente";"Céu Claro";"Dupla";"Reta";"Sim";2;0;1;0;0;1;1;2;-23,41472097;-51,98148966;"SPRF-PR";"DEL07-PR";"UOP01-DEL09-PR"
159148;2018-09-13;"quinta-feira";"07:10:00";"SP";116;145;"SAO JOSE DOS CAMPOS";"Não guardar distância de segurança";"Colisão lateral";"Com Vítimas Feridas";"Pleno dia";"Crescente";"Céu Claro";"Múltipla";"Reta";"Sim";2;0;1;0;1;0;1;2;-23,18648381;-45,85448742;"SPRF-SP";"DEL02-SP";"UOP01-DEL02-SP"
159151;2018-09-13;"quinta-feira";"07:49:00";"SP";116;159;"JACAREI";"Falta de Atenção à Condução";"Capotamento";"Com Vítimas Feridas";"Pleno dia";"Decrescente";"Céu Claro";"Dupla";"Reta";"Sim";3;0;0;1;2;0;1;3;-23,26329851;-45,95581055;"SPRF-SP";"DEL02-SP";"UOP01-DEL02-SP"
159152;2018-09-13;"quinta-feira";"07:00:00";"CE";222;12;"CAUCAIA";"Falta de Atenção à Condução";"Colisão frontal";"Com Vítimas Feridas";"Pleno dia";"Crescente";"Céu Claro";"Simples";"Reta";"Sim";4;0;2;0;2;0;2;2;-3,73528848;-38,66512656;"SPRF-CE";"DEL01-CE";"UOP01-DEL01-CE"
159153;2018-09-13;"quinta-feira";"07:50:00";"RS";290;106,9;"ELDORADO DO SUL";"Ultrapassagem Indevida";"Colisão lateral";"Com Vítimas Feridas";"Pleno dia";"Decrescente";"Sol";"Simples";"Curva";"Não";2;0;1;0;1;0;1;2;-29,998999;-51,294563;"SPRF-RS";"DEL02-RS";"UOP01-DEL02-RS"
159155;2018-09-13;"quinta-feira";"07:00:00";"MS";163;144;"NAVIRAI";"Falta de Atenção à Condução";"Saída de leito carroçável";"Com Vítimas Feridas";"Amanhecer";"Decrescente";"Céu Claro";"Simples";"Curva";"Não";1;0;1;0;0;0;1;1;-22,99632331;-54,3926239;"SPRF-MS";"DEL09-MS";"UOP01-DEL09-MS"
159157;2018-09-13;"quinta-feira";"06:30:00";"PR";376;77,8;"GUAIRACA";"Falta de Atenção à Condução";"Capotamento";"Sem Vítimas";"Pleno dia";"Decrescente";"Céu Claro";"Simples";"Curva";"Não";1;0;0;0;1;0;0;1;-22,95602;-52,696873;"SPRF-PR";"DEL07-PR";"UOP02-DEL09-PR"
159159;2018-09-13;"quinta-feira";"07:26:00";"PR";376;158,1;"MARINGA";"Não guardar distância de segurança";"Colisão traseira";"Com Vítimas Feridas";"Pleno dia";"Crescente";"Céu Claro";"Dupla";"Curva";"Não";3;0;2;0;1;0;2;2;-23,35310104;-52,09143785;"SPRF-PR";"DEL07-PR";"UOP01-DEL09-PR"
159160;2018-09-13;"quinta-feira";"08:30:00";"PR";369;156;"LONDRINA";"Restrição de Visibilidade";"Colisão lateral";"Com Vítimas Feridas";"Pleno dia";"Decrescente";"Céu Claro";"Dupla";"Reta";"Sim";2;0;1;0;1;0;1;2;-23,29258026;-51,21514078;"SPRF-PR";"DEL07-PR";"UOP01-DEL07-PR"
159162;2018-07-18;"quarta-feira";"18:40:00";"BA";20;69,6;"SAO DESIDERIO";"Ultrapassagem Indevida";"Colisão frontal";"Com Vítimas Feridas";"Plena Noite";"Crescente";"Céu Claro";"Simples";"Reta";"Não";6;0;3;0;3;0;3;2;-13,334015;-46,064003;"SPRF-BA";"DEL10-BA";"UOP01-DEL10-BA"
159166;2018-09-13;"quinta-feira";"08:25:00";"SP";116;446;"REGISTRO";"Velocidade Incompatível";"Queda de ocupante de veículo";"Com Vítimas Feridas";"Pleno dia";"Decrescente";"Nublado";"Simples";"Rotatória";"Sim";1;0;1;0;0;0;1;1;-24,50272059;-47,84620564;"SPRF-SP";"DEL05-SP";"UOP01-DEL05-SP"
159167;2018-09-13;"quinta-feira";"07:50:00";"ES";262;3,9;"CARIACICA";"Falta de Atenção do Pedestre";"Colisão traseira";"Com Vítimas Feridas";"Pleno dia";"Decrescente";"Céu Claro";"Múltipla";"Reta";"Não";3;0;0;2;1;0;2;3;-20,3332;-40,3685;"SPRF-ES";"DEL01-ES";"UOP01-DEL01-ES"
159168;2018-09-13;"quinta-feira";"05:30:00";"ES";262;1,8;"CARIACICA";"Mal Súbito";"Colisão com objeto estático";"Com Vítimas Feridas";"Amanhecer";"Decrescente";"Nublado";"Dupla";"Curva";"Sim";2;0;2;0;0;0;2;1;-20,33335983;-40,35982132;"SPRF-ES";"DEL01-ES";"UOP01-DEL01-ES"
159169;2018-09-13;"quinta-feira";"08:00:00";"SP";381;89;"SAO PAULO";"Falta de Atenção à Condução";"Colisão lateral";"Com Vítimas Feridas";"Pleno dia";"Crescente";"Céu Claro";"Múltipla";"Reta";"Sim";2;0;1;0;1;0;1;2;-23,48651013;-46,55956507;"SPRF-SP";"DEL03-SP";"DEL6/3-UOP03/SP"
159172;2018-09-13;"quinta-feira";"08:20:00";"SC";101;414,9;"ARARANGUA";"Falta de Atenção do Pedestre";"Atropelamento de Pedestre";"Com Vítimas Fatais";"Pleno dia";"Crescente";"Céu Claro";"Dupla";"Reta";"Não";5;1;0;0;1;3;0;2;-28,94266444;-49,52533722;"SPRF-SC";"DEL02-SC";"UOP02-DEL02-SC"
159174;2018-09-13;"quinta-feira";"08:00:00";"SC";282;33;"AGUAS MORNAS";"Falta de Atenção à Condução";"Capotamento";"Com Vítimas Feridas";"Pleno dia";"Decrescente";"Garoa/Chuvisco";"Simples";"Curva";"Não";1;0;0;1;0;0;1;1;-27,706587;-48,808144;"SPRF-SC";"DEL01-SC";"UOP03-DEL01-SC"
159175;2018-09-13;"quinta-feira";"09:15:00";"DF";40;2,5;"BRASILIA";"Falta de Atenção à Condução";"Colisão lateral";"Com Vítimas Feridas";"Pleno dia";"Decrescente";"Céu Claro";"Dupla";"Reta";"Não";3;0;1;0;2;0;1;2;-15,9987897;-47,9848989;"SPRF-DF";"DEL01-DF";"UOP01-DEL01-DF"
159178;2018-09-13;"quinta-feira";"09:00:00";"RJ";465;3;"SEROPEDICA";"Falta de Atenção à Condução";"Colisão lateral";"Com Vítimas Feridas";"Pleno dia";"Crescente";"Céu Claro";"Simples";"Reta";"Sim";2;0;1;0;1;0;1;2;-22,73470691;-43,71185303;"SPRF-RJ";"DEL01-RJ";"UOP03-DEL01-RJ"
159180;2018-09-13;"quinta-feira";"09:30:00";"GO";153;68;"PORANGATU";"Falta de Atenção à Condução";"Colisão lateral";"Com Vítimas Feridas";"Pleno dia";"Crescente";"Céu Claro";"Simples";"Reta";"Sim";2;0;1;0;1;0;1;2;-13,4211246;-49,1379911;"SPRF-GO";"DEL07-GO";"UOP01-DEL07-GO"
159182;2018-09-13;"quinta-feira";"07:30:00";"BA";101;505;"ITABUNA";"Pista Escorregadia";"Colisão transversal";"Com Vítimas Feridas";"Pleno dia";"Crescente";"Nublado";"Simples";"Reta";"Não";2;0;1;0;1;0;1;2;-14,785007;-39,290264;"SPRF-BA";"DEL05-BA";"UOP01-DEL05-BA"
159183;2018-09-13;"quinta-feira";"07:00:00";"MS";163;252,5;"DOURADOS";"Defeito Mecânico no Veículo";"Saída de leito carroçável";"Com Vítimas Feridas";"Pleno dia";"Crescente";"Nublado";"Simples";"Reta";"Sim";1;0;1;0;0;0;1;1;-22,28320659;-54,82209122;"SPRF-MS";"DEL04-MS";"UOP01-DEL04-MS"
159187;2018-09-03;"segunda-feira";"18:20:00";"PB";101;89;"JOAO PESSOA";"Desobediência às normas de trânsito pelo pedestre";"Atropelamento de Pedestre";"Com Vítimas Feridas";"Plena Noite";"Crescente";"Céu Claro";"Dupla";"Reta";"Sim";2;0;2;0;0;0;2;2;-7,17151;-34,89723;"SPRF-PB";"DEL01-PB";"UOP01-DEL01-PB"
159188;2018-09-13;"quinta-feira";"09:50:00";"AL";101;48;"FLEXEIRAS";"Falta de Atenção à Condução";"Capotamento";"Com Vítimas Feridas";"Pleno dia";"Decrescente";"Céu Claro";"Dupla";"Curva";"Não";1;0;1;0;0;0;1;1;-9,222857;-35,776096;"SPRF-AL";"DEL01-AL";"UOP01-DEL01-AL"
159192;2018-09-13;"quinta-feira";"10:30:00";"GO";60;124;"GOIANIA";"Avarias e/ou desgaste excessivo no pneu";"Tombamento";"Com Vítimas Feridas";"Pleno dia";"Crescente";"Sol";"Dupla";"Reta";"Não";2;0;1;0;1;0;1;1;-16,5243;-49,1313;"SPRF-GO";"DEL01-GO";"UOP01-DEL01-GO"
159193;2018-09-13;"quinta-feira";"07:40:00";"MA";135;10;"SAO LUIS";"Falta de Atenção à Condução";"Colisão lateral";"Com Vítimas Feridas";"Pleno dia";"Decrescente";"Céu Claro";"Dupla";"Reta";"Sim";3;0;2;0;1;0;2;2;-2,65904764;-44,2858186;"SPRF-MA";"DEL01-MA";"UOP01-DEL01-MA"
159195;2018-09-13;"quinta-feira";"10:10:00";"PE";232;58;"POMBOS";"Falta de Atenção à Condução";"Colisão transversal";"Sem Vítimas";"Pleno dia";"Crescente";"Céu Claro";"Dupla";"Curva";"Sim";2;0;0;0;1;1;0;2;-8,144629;-35,390347;"SPRF-PE";"DEL01-PE";"UOP02-DEL02PE"