"id";"data_inversa";"dia_semana";"horario";"uf";"br";"km";"municipio";"causa_acidente";"tipo_acidente";"classificacao_acidente";"fase_dia";"sentido_via";"condicao_metereologica";"tipo_pista";"tracado_via";"uso_solo";"pessoas";"mortos";"feridos_leves";"feridos_graves";"ilesos";"ignorados";"feridos";"veiculos";"latitude";"longitude";"regional";"delegacia";"uop"
159196;2018-09-13;"quinta-feira";"09:10:00";"SC";282;51,9;"AGUAS MORNAS";"Desobediência às normas de trânsito pelo condutor";"Colisão lateral";"Com Vítimas Feridas";"Pleno dia";"Crescente";"Chuva";"Simples";"Curva";"Não";2;0;1;0;1;0;1;2;-27,703712;-48,959267;"SPRF-SC";"DEL01-SC";"UOP03-DEL01-SC"
159198;2018-09-13;"quinta-feira";"08:00:00";"RJ";101;266;"RIO BONITO";"Falta de Atenção à Condução";"Colisão transversal";"Com Vítimas Feridas";"Pleno dia";"Decrescente";"Nublado";"Simples";"Curva";"Sim";2;0;1;0;1;0;1;2;-22,71553847;-42,64214683;"SPRF-RJ";"DEL02-RJ";"UOP03-DEL02-RJ"
159199;2018-09-13;"quinta-feira";"07:40:00";"AC";317;99,9;"SENADOR GUIOMARD";"Falta de Atenção à Condução";"Saída de leito carroçável";"Com Vítimas Feridas";"Pleno dia";"Decrescente";"Sol";"Simples";"Reta";"Não";1;0;1;0;0;0;1;1;-10,22038091;-67,70193784;"SPRF-AC";"DEL01-AC";"UOP01-DEL01-AC"
159200;2018-09-13;"quinta-feira";"07:00:00";"PE";316;1,3;"ARARIPINA";"Falta de Atenção à Condução";"Colisão transversal";"Com Vítimas Feridas";"Pleno dia";"Crescente";"Céu Claro";"Simples";"Reta";"Não";3;0;0;1;0;2;1;3;-7,448495;-40,652737;"SPRF-PE";"DEL05-PE";"UOP02-DEL05-PE"
159201;2018-09-13;"quinta-feira";"08:50:00";"MA";135;1;"SAO LUIS";"Não guardar distância de segurança";"Colisão traseira";"Sem Vítimas";"Pleno dia";"Decrescente";"Céu Claro";"Dupla";"Reta";"Sim";5;0;0;0;5;0;0;5;-2,59348295;-44,24501432;"SPRF-MA";"DEL01-MA";"UOP01-DEL01-MA"
159202;2018-09-13;"quinta-feira";"09:00:00";"PR";476;124,7;"CURITIBA";"Falta de Atenção à Condução";"Colisão com objeto estático";"Com Vítimas Feridas";"Pleno dia";"Decrescente";"Nublado";"Múltipla";"Reta";"Sim";1;0;1;0;0;0;1;1;-25,40731612;-49,21893055;"SPRF-PR";"DEL01-PR";"UOP07-DEL01-PR"
159203;2018-07-15;"domingo";"11:20:00";"SP";381;88;"GUARULHOS";"Falta de Atenção à Condução";"Colisão lateral";"Com Vítimas Feridas";"Pleno dia";"Decrescente";"Céu Claro";"Múltipla";"Reta";"Sim";4;0;3;0;1;0;3;2;-23,48560485;-46,55965626;"SPRF-SP";"DEL03-SP";"DEL6/3-UOP03/SP"
159207;2018-09-13;"quinta-feira";"07:20:00";"SC";282;92,2;"ALFREDO WAGNER";"Velocidade Incompatível";"Saída de leito carroçável";"Com Vítimas Feridas";"Amanhecer";"Decrescente";"Garoa/Chuvisco";"Simples";"Curva";"Não";1;0;1;0;0;0;1;1;-27,69812015;-49,23600197;"SPRF-SC";"DEL01-SC";"UOP03-DEL01-SC"
159208;2018-09-13;"quinta-feira";"10:40:00";"CE";116;502,5;"BREJO SANTO";"Falta de Atenção do Pedestre";"Atropelamento de Pedestre";"Com Vítimas Feridas";"Pleno dia";"Crescente";"Céu Claro";"Simples";"Reta";"Sim";2;0;0;1;0;1;1;2;-7,49375989;-38,98428535;"SPRF-CE";"DEL05-CE";"UOP03-DEL05-CE"
159209;2018-09-13;"quinta-feira";"01:00:00";"BA";101;656,8;"ITAPEBI";"Velocidade Incompatível";"Capotamento";"Com Vítimas Fatais";"Plena Noite";"Crescente";"Ignorado";"Simples";"Curva";"Não";6;1;1;4;0;0;5;1;-15,8971;-39,5478;"SPRF-BA";"DEL05-BA";"UOP02-DEL05-BA"
159210;2018-09-13;"quinta-feira";"11:45:00";"PR";369;173,9;"ROLANDIA";"Falta de Atenção à Condução";"Colisão transversal";"Com Vítimas Feridas";"Pleno dia";"Decrescente";"Céu Claro";"Simples";"Reta;Interseção de Vias";"Sim";3;0;2;0;1;0;2;2;-23,31463152;-51,37477029;"SPRF-PR";"DEL07-PR";"UOP01-DEL07-PR"
159211;2018-09-13;"quinta-feira";"12:30:00";"DF";20;5,8;"BRASILIA";"Pista Escorregadia";"Saída de leito carroçável";"Com Vítimas Feridas";"Pleno dia";"Crescente";"Sol";"Dupla";"Declive";"Sim";1;0;1;0;0;0;1;1;-15,68749085;-47,80068755;"SPRF-DF";"DEL02-DF";"UOP01-DEL02-DF"
159212;2018-09-13;"quinta-feira";"11:30:00";"SP";116;504,3;"CAJATI";"Velocidade Incompatível";"Saída de leito carroçável";"Com Vítimas Feridas";"Pleno dia";"Crescente";"Chuva";"Simples";"Curva";"Não";5;0;3;0;2;0;3;1;-24,78781118;-48,20893764;"SPRF-SP";"DEL05-SP";"UAP01-DEL05-SP"
159214;2018-09-09;"domingo";"06:15:00";"SC";282;561;"NOVA ITABERABA";"Velocidade Incompatível";"Saída de leito carroçável";"Sem Vítimas";"Amanhecer";"Decrescente";"Nevoeiro/Neblina";"Simples";"Declive";"Não";1;0;0;0;1;0;0;1;-26,92398312;-52,85742402;"SPRF-SC";"DEL07-SC";"UOP02-DEL07-SC"
159216;2018-09-13;"quinta-feira";"13:00:00";"TO";153;618;"ALIANCA DO TOCANTINS";"Falta de Atenção à Condução";"Colisão lateral";"Com Vítimas Feridas";"Pleno dia";"Crescente";"Sol";"Simples";"Reta;Aclive";"Não";2;0;1;0;1;0;1;2;-11,2918286;-48,9392957;"SPRF-TO";"DEL02-TO";"UOP02-DEL01-TO"
159217;2018-09-13;"quinta-feira";"11:45:00";"MG";262;483,4;"BOM DESPACHO";"Avarias e/ou desgaste excessivo no pneu";"Saída de leito carroçável";"Com Vítimas Feridas";"Pleno dia";"Crescente";"Sol";"Simples";"Reta";"Não";1;0;1;0;0;0;1;1;-19,78547157;-45,31263901;"SPRF-MG";"DEL08-MG";"UOP03-DEL08-MG"
159218;2018-09-13;"quinta-feira";"13:00:00";"ES";262;17,1;"VIANA";"Falta de Atenção à Condução";"Colisão traseira";"Com Vítimas Feridas";"Pleno dia";"Decrescente";"Céu Claro";"Simples";"Reta";"Sim";2;0;0;1;1;0;1;2;-20,3852;-40,4699;"SPRF-ES";"DEL01-ES";"UOP01-DEL01-ES"
159219;2018-09-13;"quinta-feira";"13:10:00";"RS";285;120,3;"VACARIA";"Falta de Atenção à Condução";"Colisão transversal";"Com Vítimas Feridas";"Pleno dia";"Crescente";"Céu Claro";"Simples";"Reta";"Sim";3;0;1;0;1;1;1;3;-28,50944956;-50,93093014;"SPRF-RS";"DEL05-RS";"UOP03-DEL05-RS"
159220;2018-09-13;"quinta-feira";"12:30:00";"MS";60;185,2;"CAMAPUA";"Velocidade Incompatível";"Capotamento";"Com Vítimas Feridas";"Pleno dia";"Crescente";"Céu Claro";"Simples";"Curva";"Não";1;0;1;0;0;0;1;1;-19,51544289;-53,95054489;"SPRF-MS";"DEL06-MS";"UOP02-DEL06-MS"
159221;2018-09-13;"quinta-feira";"13:25:00";"PA";316;7;"ANANINDEUA";"Falta de Atenção à Condução";"Colisão transversal";"Sem Vítimas";"Pleno dia";"Crescente";"Sol";"Dupla";"Reta";"Sim";2;0;0;0;2;0;0;2;-1,366236;-48,367805;"SPRF-PA";"DEL01-PA";"DEL19/1-UOP05/PA"
159222;2018-09-13;"quinta-feira";"10:30:00";"MG";365;603,2;"UBERLANDIA";"Falta de Atenção à Condução";"Saída de leito carroçável";"Com Vítimas Feridas";"Pleno dia";"Crescente";"Céu Claro";"Simples";"Reta";"Não";1;0;1;0;0;0;1;1;-18,89524292;-48,12973022;"SPRF-MG";"DEL15-MG";"UOP01-DEL15-MG"
159224;2018-09-13;"quinta-feira";"14:13:00";"SC";470;56,2;"BLUMENAU";"Desobediência às normas de trânsito pelo condutor";"Colisão transversal";"Com Vítimas Feridas";"Pleno dia";"Crescente";"Chuva";"Simples";"Reta";"Não";2;0;1;0;1;0;1;2;-26,87736835;-49,12988121;"SPRF-SC";"DEL04-SC";"UOP01-DEL04-SC"
159226;2018-09-13;"quinta-feira";"14:05:00";"SC";101;198;"SAO JOSE";"Desobediência às normas de trânsito pelo condutor";"Colisão lateral";"Com Vítimas Feridas";"Pleno dia";"Decrescente";"Céu Claro";"Dupla";"Reta";"Sim";2;0;2;0;0;0;2;2;-27,5341;-48,6298;"SPRF-SC";"DEL01-SC";"UOP01-DEL01-SC"
159228;2018-09-13;"quinta-feira";"13:50:00";"PR";476;118;"TUNAS DO PARANA";"Falta de Atenção à Condução";"Colisão traseira";"Com Vítimas Feridas";"Pleno dia";"Decrescente";"Nublado";"Dupla";"Em Obras";"Sim";3;0;1;0;2;0;1;3;-25;-49;"SPRF-PR";"DEL01-PR";"UOP01-DEL01-PR"
159229;2018-09-13;"quinta-feira";"11:25:00";"MG";116;581,8;"MANHUACU";"Falta de Atenção à Condução";"Colisão transversal";"Com Vítimas Feridas";"Pleno dia";"Crescente";"Nublado";"Simples";"Curva";"Não";2;0;1;0;1;0;1;2;-20,19066444;-42,18456566;"SPRF-MG";"DEL06-MG";"UOP03-DEL06-MG"
159230;2018-09-13;"quinta-feira";"14:30:00";"CE";222;3;"FORTALEZA";"Falta de Atenção à Condução";"Colisão transversal";"Com Vítimas Feridas";"Pleno dia";"Decrescente";"Sol";"Múltipla";"Reta";"Sim";3;0;1;0;0;2;1;3;-3,740385;-38,595749;"SPRF-CE";"DEL01-CE";"UOP01-DEL01-CE"
159232;2018-09-13;"quinta-feira";"14:20:00";"SP";116;335,5;"JUQUITIBA";"Defeito Mecânico no Veículo";"Queda de ocupante de veículo";"Com Vítimas Feridas";"Pleno dia";"Crescente";"Nublado";"Dupla";"Reta";"Sim";2;0;2;0;0;0;2;1;-23,97505786;-47,14096069;"SPRF-SP";"DEL04-SP";"UOP03-DEL04-SP"
159234;2018-09-13;"quinta-feira";"14:25:00";"SE";235;5,1;"NOSSA SENHORA DO SOCORRO";"Desobediência às normas de trânsito pelo condutor";"Colisão lateral";"Com Vítimas Feridas";"Pleno dia";"Decrescente";"Sol";"Dupla";"Reta";"Não";2;0;1;0;1;0;1;2;-10,9041;-37,1278;"SPRF-SE";"DEL01-SE";"UOP01-DEL01-SE"
159236;2018-09-13;"quinta-feira";"07:15:00";"RJ";101;397;"ITAGUAI";"Condutor Dormindo";"Colisão lateral";"Com Vítimas Feridas";"Pleno dia";"Crescente";"Céu Claro";"Dupla";"Reta";"Não";2;0;0;1;1;0;1;2;-22,87392;-43,74151;"SPRF-RJ";"DEL03-RJ";"UOP01-DEL03-RJ"
159238;2018-09-13;"quinta-feira";"14:50:00";"MG";381;890,5;"CAMBUI";"Falta de Atenção à Condução";"Queda de ocupante de veículo";"Com Vítimas Feridas";"Pleno dia";"Decrescente";"Céu Claro";"Dupla";"Reta";"Não";1;0;0;1;0;0;1;1;-22,5471;-46,0398;"SPRF-MG";"DEL16-MG";"UOP03-DEL16-MG"
159239;2018-09-13;"quinta-feira";"12:50:00";"AC";364;136,2;"RIO BRANCO";"Falta de Atenção à Condução";"Atropelamento de Pedestre";"Com Vítimas Feridas";"Pleno dia";"Decrescente";"Céu Claro";"Dupla";"Reta";"Sim";2;0;1;0;1;0;1;2;-9,97622619;-67,8496635;"SPRF-AC";"DEL01-AC";"UOP01-DEL01-AC"
159241;2018-09-13;"quinta-feira";"14:30:00";"PR";376;290;"MAUA DA SERRA";"Desobediência às normas de trânsito pelo condutor";"Colisão transversal";"Com Vítimas Feridas";"Pleno dia";"Crescente";"Nublado";"Simples";"Reta";"Sim";2;0;1;0;0;1;1;2;-23,89232192;-51,22984702;"SPRF-PR";"DEL07-PR";"UOP02-DEL07-PR"
159242;2018-09-13;"quinta-feira";"15:00:00";"RJ";393;191;"PARAIBA DO SUL";"Falta de Atenção à Condução";"Colisão lateral";"Sem Vítimas";"Pleno dia";"Decrescente";"Céu Claro";"Simples";"Reta";"Não";3;0;0;0;3;0;0;2;-22,18545783;-43,34420264;"SPRF-RJ";"DEL05-RJ";"UOP03-DEL05-RJ"
159243;2018-09-13;"quinta-feira";"14:20:00";"RJ";493;18;"MAGE";"Mal Súbito";"Queda de ocupante de veículo";"Com Vítimas Feridas";"Pleno dia";"Crescente";"Ignorado";"Simples";"Reta";"Não";1;0;1;0;0;0;1;1;-22,66559093;-43,02908599;"SPRF-RJ";"DEL04-RJ";"UOP02-DEL04-RJ"
159244;2018-09-13;"quinta-feira";"13:00:00";"PR";277;40;"MORRETES";"Pista Escorregadia";"Queda de ocupante de veículo";"Com Vítimas Feridas";"Pleno dia";"Crescente";"Garoa/Chuvisco";"Dupla";"Curva";"Não";1;0;1;0;0;0;1;1;-25,57155617;-48,8380909;"SPRF-PR";"DEL01-PR";"UOP05-DEL01-PR"
159248;2018-09-13;"quinta-feira";"16:00:00";"SP";381;61;"MAIRIPORA";"Falta de Atenção à Condução";"Colisão lateral";"Com Vítimas Feridas";"Pleno dia";"Decrescente";"Céu Claro";"Múltipla";"Reta";"Sim";2;0;2;0;0;0;2;2;-23,30442365;-46,57585144;"SPRF-SP";"DEL03-SP";"UOP01-DEL03-SP"
159249;2018-09-13;"quinta-feira";"16:30:00";"MG";381;494;"BETIM";"Velocidade Incompatível";"Colisão com objeto estático";"Com Vítimas Feridas";"Pleno dia";"Decrescente";"Vento";"Dupla";"Retorno Regulamentado";"Sim";1;0;1;0;0;0;1;1;-19,9731;-44,1843;"SPRF-MG";"DEL01-MG";"UOP03-DEL01-MG"
159252;2018-08-04;"sábado";"09:10:00";"RR";401;117;"BONFIM";"Falta de Atenção à Condução";"Saída de leito carroçável";"Com Vítimas Feridas";"Pleno dia";"Decrescente";"Céu Claro";"Simples";"Reta";"Não";3;0;3;0;0;0;3;1;3,36006046;-59,88595963;"SPRF-RR";"DEL01-RR";"UOP03/RR"
159254;2018-02-09;"sexta-feira";"23:49:00";"BA";324;620;"SALVADOR";"Restrição de Visibilidade";"Danos eventuais";"Com Vítimas Feridas";"Plena Noite";"Decrescente";"Ignorado";"Dupla";"Reta";"Não";2;0;1;1;0;0;2;1;-12,91561175;-38,46149828;"SPRF-BA";"DEL01-BA";"UOP01-DEL01-BA"
159257;2018-09-13;"quinta-feira";"17:20:00";"PE";408;55;"NAZARE DA MATA";"Falta de Atenção à Condução";"Colisão transversal";"Com Vítimas Feridas";"Anoitecer";"Decrescente";"Céu Claro";"Simples";"Interseção de Vias";"Sim";4;0;1;1;2;0;2;3;-7,77912373;-35,23874438;"SPRF-PE";"DEL01-PE";"UOP01-DEL01-PE"
159260;2018-09-13;"quinta-feira";"15:35:00";"MA";135;18,8;"SAO LUIS";"Falta de Atenção à Condução";"Colisão transversal";"Com Vítimas Feridas";"Pleno dia";"Crescente";"Céu Claro";"Simples";"Declive";"Não";2;0;0;1;1;0;1;2;-2,56231806;-44,34038043;"SPRF-MA";"DEL01-MA";"UOP01-DEL01-MA"
159262;2018-09-13;"quinta-feira";"17:10:00";"GO";153;634;"MORRINHOS";"Falta de Atenção à Condução";"Capotamento";"Com Vítimas Feridas";"Pleno dia";"Decrescente";"Nublado";"Dupla";"Reta";"Não";1;0;1;0;0;0;1;1;-17,828;-49,2142;"SPRF-GO";"DEL03-GO";"UOP01-DEL03-GO"
159264;2018-09-13;"quinta-feira";"16:10:00";"PA";163;986;"SANTAREM";"Desobediência às normas de trânsito pelo condutor";"Colisão transversal";"Com Vítimas Feridas";"Pleno dia";"Crescente";"Céu Claro";"Simples";"Interseção de Vias";"Não";2;0;2;0;0;0;2;2;-2,59626186;-54,71963882;"SPRF-PA";"DEL05-PA";"UOP01-DEL05-PA"
159266;2018-09-13;"quinta-feira";"16:20:00";"RS";386;421;"MONTENEGRO";"Falta de Atenção à Condução";"Saída de leito carroçável";"Com Vítimas Feridas";"Pleno dia";"Decrescente";"Céu Claro";"Dupla";"Curva";"Não";2;0;2;0;0;0;2;1;-29,81501615;-51,41293198;"SPRF-RS";"DEL04-RS";"UOP02-DEL04-RS"
159267;2018-09-13;"quinta-feira";"17:00:00";"GO";153;18;"PORANGATU";"Mal Súbito";"Saída de leito carroçável";"Com Vítimas Fatais";"Pleno dia";"Crescente";"Céu Claro";"Simples";"Reta";"Não";2;1;0;1;0;0;1;1;-13,4211114;-49,1381096;"SPRF-GO";"DEL07-GO";"UOP01-DEL07-GO"
159268;2018-09-13;"quinta-feira";"17:00:00";"CE";20;419,7;"MARACANAU";"Falta de Atenção à Condução";"Colisão transversal";"Sem Vítimas";"Anoitecer";"Crescente";"Céu Claro";"Dupla";"Reta";"Sim";2;0;0;0;2;0;0;2;-3,84419425;-38,58140945;"SPRF-CE";"DEL01-CE";"UOP02-DEL01-CE"
159269;2018-09-13;"quinta-feira";"17:00:00";"GO";60;393;"RIO VERDE";"Falta de Atenção à Condução";"Saída de leito carroçável";"Sem Vítimas";"Pleno dia";"Crescente";"Céu Claro";"Dupla";"Reta";"Não";1;0;0;0;0;1;0;1;-17,8248;-50,9889;"SPRF-GO";"DEL04-GO";"UOP01-DEL04-GO"
159270;2018-09-13;"quinta-feira";"15:20:00";"MG";116;415,5;"GOVERNADOR VALADARES";"Desobediência às normas de trânsito pelo condutor";"Colisão transversal";"Sem Vítimas";"Pleno dia";"Crescente";"Nublado";"Simples";"Retorno Regulamentado";"Sim";2;0;0;0;2;0;0;2;-18,88418846;-41,94855809;"SPRF-MG";"DEL06-MG";"UOP01-DEL06-MG"
159273;2018-09-13;"quinta-feira";"18:05:00";"RN";101;104;"PARNAMIRIM";"Falta de Atenção à Condução";"Colisão lateral";"Com Vítimas Feridas";"Plena Noite";"Crescente";"Céu Claro";"Simples";"Curva";"Sim";3;0;1;0;2;0;1;2;-5,892745;-35,257225;"SPRF-RN";"DEL01-RN";"UOP01-DEL01-RN"
159277;2018-09-13;"quinta-feira";"13:40:00";"RO";364;794,3;"PORTO VELHO";"Defeito Mecânico no Veículo";"Saída de leito carroçável";"Sem Vítimas";"Pleno dia";"Crescente";"Sol";"Simples";"Reta";"Não";2;0;0;0;2;0;0;1;-9,16006097;-64,19551849;"SPRF-RO";"DEL01-RO";"UOP02-DEL01-RO"
159278;2018-08-08;"quarta-feira";"18:30:00";"RO";435;56;"VILHENA";"Animais na Pista";"Atropelamento de Animal";"Sem Vítimas";"Plena Noite";"Decrescente";"Céu Claro";"Simples";"Reta";"Não";1;0;0;0;1;0;0;1;-13,021322;-60,403084;"SPRF-RO";"DEL04-RO";"UOP02-DEL04-RO"
159279;2018-09-13;"quinta-feira";"17:50:00";"PE";232;410,4;"SERRA TALHADA";"Desobediência às normas de trânsito pelo condutor";"Colisão frontal";"Com Vítimas Feridas";"Anoitecer";"Crescente";"Céu Claro";"Simples";"Interseção de Vias";"Sim";4;0;3;1;0;0;4;2;-7,98269522;-38,30105156;"SPRF-PE";"DEL04-PE";"UOP01-DEL04-PE"
159280;2018-09-13;"quinta-feira";"17:40:00";"MT";364;435;"VARZEA GRANDE";"Falta de Atenção à Condução";"Colisão transversal";"Com Vítimas Feridas";"Plena Noite";"Crescente";"Céu Claro";"Simples";"Reta";"Não";2;0;1;0;1;0;1;2;-15,64485781;-56,19987488;"SPRF-MT";"DEL01-MT";"DEL2/4-UOP02/MT"
159281;2018-09-13;"quinta-feira";"18:30:00";"RJ";116;134;"MAGE";"Defeito Mecânico no Veículo";"Tombamento";"Com Vítimas Feridas";"Plena Noite";"Crescente";"Céu Claro";"Dupla";"Reta";"Sim";2;0;2;0;0;0;2;1;-22,653688;-43,153564;"SPRF-RJ";"DEL04-RJ";"UOP02-DEL04-RJ"
159282;2018-09-13;"quinta-feira";"18:30:00";"CE";20;347,6;"CARIDADE";"Animais na Pista";"Atropelamento de Animal";"Sem Vítimas";"Plena Noite";"Crescente";"Céu Claro";"Simples";"Reta";"Sim";1;0;0;0;1;0;0;1;-4,104716;-39,059413;"SPRF-CE";"DEL02-CE";"UOP01-DEL02-CE"
159283;2018-09-13;"quinta-feira";"19:15:00";"TO";153;197,8;"NOVA OLINDA";"Falta de Atenção à Condução";"Colisão traseira";"Com Vítimas Feridas";"Plena Noite";"Crescente";"Céu Claro";"Simples";"Reta";"Sim";6;0;4;0;2;0;4;2;-7,621234;-48,426697;"SPRF-TO";"DEL02-TO";"UOP01-DEL02-TO"
159284;2018-09-13;"quinta-feira";"18:40:00";"SC";163;74,9;"SAO MIGUEL DO OESTE";"Avarias e/ou desgaste excessivo no pneu";"Saída de leito carroçável";"Sem Vítimas";"Plena Noite";"Decrescente";"Chuva";"Dupla";"Curva";"Não";2;0;0;0;2;0;0;2;-26,67969321;-53,51514995;"SPRF-SC";"DEL07-SC";"UOP03-DEL07-SC"
159285;2018-07-20;"sexta-feira";"03:50:00";"RJ";101;310;"SAO GONCALO";"Falta de Atenção à Condução";"Colisão com objeto estático";"Com Vítimas Feridas";"Plena Noite";"Decrescente";"Ignorado";"Dupla";"Reta";"Sim";1;0;0;1;0;0;1;1;-22,797176;-43,044071;"SPRF-RJ";"DEL02-RJ";"DEL5/2-UOP04/RJ"
159287;2018-09-13;"quinta-feira";"18:30:00";"PE";428;172,7;"PETROLINA";"Ultrapassagem Indevida";"Colisão frontal";"Com Vítimas Feridas";"Plena Noite";"Crescente";"Céu Claro";"Simples";"Reta";"Não";2;0;0;1;0;1;1;2;-9,25368551;-40,42598081;"SPRF-PE";"DEL06-PE";"UOP01-DEL06-PE"
159289;2018-09-13;"quinta-feira";"18:30:00";"MS";158;285;"TRES LAGOAS";"Falta de Atenção à Condução";"Colisão com objeto estático";"Com Vítimas Feridas";"Plena Noite";"Crescente";"Céu Claro";"Dupla";"Reta;Aclive";"Não";1;0;1;0;0;0;1;1;-20,85588757;-51,74128678;"SPRF-MS";"DEL07-MS";"UOP01-DEL07-MS"
159290;2018-09-13;"quinta-feira";"20:10:00";"RJ";493;20;"MAGE";"Desobediência às normas de trânsito pelo condutor";"Colisão transversal";"Com Vítimas Feridas";"Plena Noite";"Decrescente";"Céu Claro";"Simples";"Reta";"Não";4;0;2;0;2;0;2;2;-22,663639;-43,036495;"SPRF-RJ";"DEL04-RJ";"UOP02-DEL04-RJ"
159291;2018-09-13;"quinta-feira";"20:00:00";"MG";40;621,3;"CONSELHEIRO LAFAIETE";"Falta de Atenção do Pedestre";"Atropelamento de Pedestre";"Com Vítimas Fatais";"Plena Noite";"Crescente";"Nublado";"Simples";"Curva";"Não";4;1;1;0;0;2;1;2;-20,59205888;-43,80437583;"SPRF-MG";"DEL05-MG";"UOP02-DEL05-MG"
159292;2018-09-13;"quinta-feira";"20:30:00";"SC";101;208;"SAO JOSE";"Defeito na Via";"Tombamento";"Com Vítimas Feridas";"Plena Noite";"Decrescente";"Garoa/Chuvisco";"Dupla";"Declive";"Sim";2;0;1;1;0;0;2;1;-27,61069064;-48,63923636;"SPRF-SC";"DEL01-SC";"UOP01-DEL01-SC"
159294;2018-09-13;"quinta-feira";"20:30:00";"MG";116;813,5;"ALEM PARAIBA";"Falta de Atenção à Condução";"Saída de leito carroçável";"Com Vítimas Fatais";"Plena Noite";"Crescente";"Nublado";"Simples";"Curva;Declive";"Não";3;1;2;0;0;0;2;1;-21,85140169;-42,66337216;"SPRF-MG";"DEL07-MG";"UOP01-DEL07-MG"
159296;2018-09-13;"quinta-feira";"19:20:00";"SP";381;39;"ATIBAIA";"Falta de Atenção à Condução";"Colisão traseira";"Com Vítimas Feridas";"Plena Noite";"Crescente";"Céu Claro";"Dupla";"Reta";"Sim";2;0;1;0;1;0;1;1;-23,121569;-46,574715;"SPRF-SP";"DEL03-SP";"UOP01-DEL03-SP"
159298;2018-09-13;"quinta-feira";"19:45:00";"PR";376;177,2;"MARINGA";"Falta de Atenção do Pedestre";"Atropelamento de Pedestre";"Sem Vítimas";"Plena Noite";"Decrescente";"Céu Claro";"Dupla";"Reta";"Sim";2;0;0;0;1;1;0;2;-23,41311617;-51,9306457;"SPRF-PR";"DEL07-PR";"UOP01-DEL09-PR"
159300;2018-08-04;"sábado";"18:00:00";"RO";364;711;"PORTO VELHO";"Falta de Atenção à Condução";"Queda de ocupante de veículo";"Com Vítimas Feridas";"Anoitecer";"Crescente";"Céu Claro";"Dupla";"Reta";"Sim";1;0;0;1;0;0;1;1;-8,7808474;-63,86604398;"SPRF-RO";"DEL01-RO";"UOP01-DEL01-RO"
159301;2018-09-13;"quinta-feira";"18:20:00";"RS";392;214;"SANTANA DA BOA VISTA";"Defeito Mecânico no Veículo";"Saída de leito carroçável";"Sem Vítimas";"Anoitecer";"Decrescente";"Garoa/Chuvisco";"Simples";"Reta";"Não";1;0;0;0;1;0;0;1;-30,77487887;-53,18704605;"SPRF-RS";"DEL09-RS";"UOP02-DEL09-RS"
159304;2018-09-13;"quinta-feira";"20:30:00";"RS";158;329,8;"SANTA MARIA";"Defeito Mecânico no Veículo";"Tombamento";"Com Vítimas Feridas";"Plena Noite";"Crescente";"Nublado";"Simples";"Rotatória";"Sim";2;0;1;0;1;0;1;2;-29,70050418;-53,8406682;"SPRF-RS";"DEL09-RS";"UOP01-DEL09-RS"
159305;2018-09-13;"quinta-feira";"21:00:00";"SP";381;45;"ATIBAIA";"Falta de Atenção à Condução";"Capotamento";"Com Vítimas Feridas";"Plena Noite";"Decrescente";"Céu Claro";"Dupla";"Reta";"Sim";1;0;1;0;0;0;1;1;-23,138622;-46,575844;"SPRF-SP";"DEL03-SP";"UOP01-DEL03-SP"
159306;2018-09-13;"quinta-feira";"20:50:00";"GO";60;37,8;"ALEXANIA";"Desobediência às normas de trânsito pelo pedestre";"Atropelamento de Pedestre";"Com Vítimas Fatais";"Plena Noite";"Crescente";"Céu Claro";"Dupla";"Declive";"Não";3;1;1;0;0;1;1;2;-16,1147;-48,5387;"SPRF-DF";"DEL01-DF";"UOP01-DEL03-DF"
159308;2018-09-13;"quinta-feira";"21:45:00";"SC";101;201,5;"SAO JOSE";"Desobediência às normas de trânsito pelo condutor";"Colisão transversal";"Com Vítimas Feridas";"Plena Noite";"Crescente";"Céu Claro";"Dupla";"Reta";"Sim";2;0;1;0;1;0;1;2;-27,5572;-48,6188;"SPRF-SC";"DEL01-SC";"UOP01-DEL01-SC"
159310;2018-09-13;"quinta-feira";"18:00:00";"MG";262;438,4;"NOVA SERRANA";"Falta de Atenção à Condução";"Colisão transversal";"Com Vítimas Feridas";"Plena Noite";"Crescente";"Vento";"Dupla";"Reta";"Não";2;0;1;0;1;0;1;2;-19,896221;-44,869728;"SPRF-MG";"DEL08-MG";"UOP03-DEL08-MG"
159311;2018-09-13;"quinta-feira";"22:15:00";"PR";277;63;"SAO JOSE DOS PINHAIS";"Ingestão de Álcool";"Saída de leito carroçável";"Sem Vítimas";"Plena Noite";"Decrescente";"Garoa/Chuvisco";"Dupla";"Reta";"Não";1;0;0;0;1;0;0;1;-25,54812365;-49,04588163;"SPRF-PR";"DEL01-PR";"UOP07-DEL01-PR"
159314;2018-09-13;"quinta-feira";"22:15:00";"PR";369;153;"LONDRINA";"Falta de Atenção do Pedestre";"Atropelamento de Pedestre";"Com Vítimas Feridas";"Plena Noite";"Decrescente";"Nublado";"Dupla";"Viaduto;Reta";"Sim";2;0;1;0;1;0;1;2;-23,29730921;-51,19268049;"SPRF-PR";"DEL07-PR";"UOP01-DEL07-PR"