"id";"data_inversa";"dia_semana";"horario";"uf";"br";"km";"municipio";"causa_acidente";"tipo_acidente";"classificacao_acidente";"fase_dia";"sentido_via";"condicao_metereologica";"tipo_pista";"tracado_via";"uso_solo";"pessoas";"mortos";"feridos_leves";"feridos_graves";"ilesos";"ignorados";"feridos";"veiculos";"latitude";"longitude";"regional";"delegacia";"uop"
159444;2018-09-14;"sexta-feira";"16:30:00";"SC";101;213;"PALHOCA";"Desobediência às normas de trânsito pelo condutor";"Colisão lateral";"Com Vítimas Feridas";"Pleno dia";"Decrescente";"Nublado";"Múltipla";"Reta";"Não";2;0;2;0;0;0;2;2;-27,6446;-48,6705;"SPRF-SC";"DEL01-SC";"UOP02-DEL01-SC"
159445;2018-09-14;"sexta-feira";"16:40:00";"PE";232;6;"RECIFE";"Falta de Atenção à Condução";"Colisão lateral";"Com Vítimas Feridas";"Pleno dia";"Decrescente";"Céu Claro";"Dupla";"Reta";"Sim";2;0;1;0;1;0;1;2;-8,071347;-34,954713;"SPRF-PE";"DEL01-PE";"UOP01-DEL01-PE"
159446;2018-09-14;"sexta-feira";"13:45:00";"MG";381;907;"CAMBUI";"Velocidade Incompatível";"Saída de leito carroçável";"Com Vítimas Feridas";"Pleno dia";"Crescente";"Chuva";"Dupla";"Curva;Aclive";"Não";3;0;1;2;0;0;3;1;-22,679;-46,0995;"SPRF-MG";"DEL16-MG";"UOP03-DEL16-MG"
159447;2018-09-14;"sexta-feira";"16:00:00";"SC";101;63;"ARAQUARI";"Ingestão de Álcool";"Saída de leito carroçável";"Sem Vítimas";"Pleno dia";"Decrescente";"Nublado";"Dupla";"Curva";"Não";2;0;0;0;1;1;0;2;-26,465;-48,7497;"SPRF-SC";"DEL03-SC";"UOP02-DEL03-SC"
159449;2018-09-14;"sexta-feira";"16:30:00";"MG";40;528,3;"CONTAGEM";"Avarias e/ou desgaste excessivo no pneu";"Tombamento";"Com Vítimas Feridas";"Pleno dia";"Crescente";"Céu Claro";"Dupla";"Reta";"Sim";1;0;1;0;0;0;1;1;-19,91477287;-44,04028416;"SPRF-MG";"DEL01-MG";"UOP03-DEL01-MG"
159450;2018-09-14;"sexta-feira";"17:00:00";"SC";101;211,1;"PALHOCA";"Falta de Atenção à Condução";"Engavetamento";"Com Vítimas Feridas";"Pleno dia";"Decrescente";"Chuva";"Múltipla";"Reta";"Sim";3;0;1;0;2;0;1;3;-27,62366693;-48,65270549;"SPRF-SC";"DEL01-SC";"UOP02-DEL01-SC"
159451;2018-09-14;"sexta-feira";"17:00:00";"SC";101;211,5;"PALHOCA";"Falta de Atenção à Condução";"Queda de ocupante de veículo";"Com Vítimas Feridas";"Pleno dia";"Crescente";"Céu Claro";"Múltipla";"Reta";"Sim";1;0;1;0;0;0;1;1;-27,6301;-48,659;"SPRF-SC";"DEL01-SC";"UOP02-DEL01-SC"
159453;2018-09-14;"sexta-feira";"15:20:00";"PE";101;92;"CABO DE SANTO AGOSTINHO";"Falta de Atenção à Condução";"Colisão lateral";"Com Vítimas Feridas";"Pleno dia";"Decrescente";"Céu Claro";"Dupla";"Reta";"Sim";3;0;2;0;1;0;2;2;-8,2379;-35,0024;"SPRF-PE";"DEL01-PE";"UOP03-DEL01-PE"
159454;2018-09-14;"sexta-feira";"17:15:00";"SP";116;347,5;"MIRACATU";"Falta de Atenção à Condução";"Tombamento";"Com Vítimas Feridas";"Pleno dia";"Decrescente";"Chuva";"Dupla";"Curva";"Não";1;0;0;1;0;0;1;1;-24,05145095;-47,20111459;"SPRF-SP";"DEL04-SP";"UOP03-DEL04-SP"
159456;2018-09-14;"sexta-feira";"17:20:00";"SP";116;316;"JUQUITIBA";"Pista Escorregadia";"Colisão com objeto estático";"Com Vítimas Feridas";"Anoitecer";"Decrescente";"Garoa/Chuvisco";"Dupla";"Curva";"Não";4;0;1;0;3;0;1;1;-23,91272399;-46,99005961;"SPRF-SP";"DEL04-SP";"UOP03-DEL04-SP"
159458;2018-09-14;"sexta-feira";"17:00:00";"SP";116;372;"MIRACATU";"Desobediência às normas de trânsito pelo condutor";"Colisão traseira";"Com Vítimas Feridas";"Pleno dia";"Decrescente";"Garoa/Chuvisco";"Dupla";"Reta";"Não";3;0;1;0;2;0;1;2;-24,16636993;-47,33386552;"SPRF-SP";"DEL04-SP";"UOP02-DEL04-SP"
159459;2018-09-14;"sexta-feira";"17:45:00";"SC";470;68,9;"INDAIAL";"Desobediência às normas de trânsito pelo condutor";"Colisão lateral";"Com Vítimas Feridas";"Pleno dia";"Crescente";"Chuva";"Simples";"Rotatória";"Sim";2;0;1;0;0;1;1;2;-26,88343226;-49,24708989;"SPRF-SC";"DEL04-SC";"UOP01-DEL04-SC"
159460;2018-09-14;"sexta-feira";"14:40:00";"PE";232;80,1;"GRAVATA";"Ingestão de Álcool";"Colisão traseira";"Com Vítimas Feridas";"Pleno dia";"Crescente";"Céu Claro";"Simples";"Reta";"Sim";3;0;1;0;2;0;1;2;-8,193437;-35,551865;"SPRF-PE";"DEL01-PE";"UOP02-DEL02PE"
159461;2018-09-14;"sexta-feira";"17:50:00";"GO";50;279;"CATALAO";"Pista Escorregadia";"Queda de ocupante de veículo";"Com Vítimas Feridas";"Anoitecer";"Crescente";"Chuva";"Simples";"Reta";"Sim";1;0;1;0;0;0;1;1;-18,1739;-47,9289;"SPRF-GO";"DEL06-GO";"UOP01-DEL06-GO"
159463;2018-09-14;"sexta-feira";"16:40:00";"BA";116;822;"VITORIA DA CONQUISTA";"Falta de Atenção do Pedestre";"Atropelamento de Pedestre";"Com Vítimas Feridas";"Pleno dia";"Decrescente";"Céu Claro";"Simples";"Aclive";"Sim";3;0;1;0;2;0;1;2;-14,84278067;-40,8462882;"SPRF-BA";"DEL08-BA";"UOP01-DEL08-BA"
159465;2018-09-14;"sexta-feira";"12:00:00";"MG";381;359;"JOAO MONLEVADE";"Desobediência às normas de trânsito pelo condutor";"Colisão transversal";"Com Vítimas Feridas";"Pleno dia";"Decrescente";"Céu Claro";"Simples";"Reta";"Sim";4;0;1;0;3;0;1;2;-19,83837375;-43,18487942;"SPRF-MG";"DEL03-MG";"UOP01-DEL03-MG"
159466;2018-09-14;"sexta-feira";"16:20:00";"MT";364;435;"VARZEA GRANDE";"Falta de Atenção à Condução";"Colisão transversal";"Com Vítimas Feridas";"Pleno dia";"Decrescente";"Nublado";"Simples";"Reta";"Sim";3;0;3;0;0;0;3;2;-15,639462;-56,122353;"SPRF-MT";"DEL01-MT";"DEL2/4-UOP02/MT"
159467;2018-09-14;"sexta-feira";"18:05:00";"AL";316;144,5;"PALMEIRA DOS INDIOS";"Restrição de Visibilidade";"Colisão traseira";"Com Vítimas Feridas";"Plena Noite";"Crescente";"Céu Claro";"Simples";"Reta";"Não";2;0;0;1;1;0;1;2;-9,4240965;-36,6579544;"SPRF-AL";"DEL03-AL";"UOP01-DEL03-AL"
159468;2018-09-14;"sexta-feira";"17:30:00";"ES";101;270,9;"SERRA";"Falta de Atenção à Condução";"Colisão lateral";"Com Vítimas Feridas";"Anoitecer";"Crescente";"Nublado";"Simples";"Curva";"Sim";2;0;1;0;1;0;1;2;-20,23288866;-40,27560055;"SPRF-ES";"DEL02-ES";"UOP01-DEL02-ES"
159469;2018-09-14;"sexta-feira";"16:30:00";"RJ";356;20;"ITAPERUNA";"Falta de Atenção à Condução";"Colisão transversal";"Com Vítimas Feridas";"Pleno dia";"Crescente";"Céu Claro";"Simples";"Reta";"Sim";2;0;1;0;1;0;1;2;-21,179396;-41,954491;"SPRF-RJ";"DEL08-RJ";"UOP03-DEL08-RJ"
159470;2018-09-14;"sexta-feira";"17:30:00";"RS";158;563,5;"SANTANA DO LIVRAMENTO";"Desobediência às normas de trânsito pelo condutor";"Colisão transversal";"Com Vítimas Feridas";"Pleno dia";"Decrescente";"Nublado";"Simples";"Reta;Interseção de Vias";"Sim";2;0;1;0;1;0;1;2;-30,85821997;-55,5015564;"SPRF-RS";"DEL11-RS";"UOP01-DEL11-RS"
159472;2018-09-14;"sexta-feira";"16:20:00";"GO";40;10;"LUZIANIA";"Falta de Atenção à Condução";"Colisão transversal";"Sem Vítimas";"Pleno dia";"Decrescente";"Céu Claro";"Dupla";"Reta";"Sim";2;0;0;0;2;0;0;2;-16,131285;-47,957923;"SPRF-DF";"DEL01-DF";"UOP01-DEL01-DF"
159473;2018-09-14;"sexta-feira";"18:20:00";"PE";101;66;"RECIFE";"Falta de Atenção do Pedestre";"Atropelamento de Pedestre";"Com Vítimas Feridas";"Plena Noite";"Decrescente";"Céu Claro";"Múltipla";"Reta";"Sim";2;0;0;1;0;1;1;2;-8,03367018;-34,94182348;"SPRF-PE";"DEL01-PE";"UOP01-DEL01-PE"
159474;2018-09-14;"sexta-feira";"17:50:00";"MG";40;525,6;"CONTAGEM";"Não guardar distância de segurança";"Queda de ocupante de veículo";"Com Vítimas Feridas";"Pleno dia";"Decrescente";"Chuva";"Dupla";"Reta";"Sim";1;0;1;0;0;0;1;1;-19,89355593;-44,04993421;"SPRF-MG";"DEL01-MG";"UOP03-DEL01-MG"
159475;2018-09-14;"sexta-feira";"18:10:00";"SC";282;128,2;"BOM RETIRO";"Falta de Atenção à Condução";"Colisão transversal";"Com Vítimas Feridas";"Plena Noite";"Decrescente";"Chuva";"Simples";"Rotatória";"Sim";3;0;1;0;2;0;1;2;-27,80408199;-49,48845148;"SPRF-SC";"DEL05-SC";"UOP01-DEL05-SC"
159479;2018-09-14;"sexta-feira";"17:00:00";"MG";40;603,3;"CONGONHAS";"Desobediência às normas de trânsito pelo condutor";"Colisão transversal";"Com Vítimas Feridas";"Pleno dia";"Crescente";"Céu Claro";"Simples";"Curva;Declive";"Sim";3;0;1;0;2;0;1;2;-20,44778837;-43,83989632;"SPRF-MG";"DEL05-MG";"UOP02-DEL05-MG"
159480;2018-09-14;"sexta-feira";"18:20:00";"RJ";116;204;"SEROPEDICA";"Pista Escorregadia";"Queda de ocupante de veículo";"Com Vítimas Feridas";"Anoitecer";"Crescente";"Chuva";"Dupla";"Reta";"Não";2;0;2;0;0;0;2;1;-22,719835;-43,725739;"SPRF-RJ";"DEL01-RJ";"UOP03-DEL01-RJ"
159481;2018-09-14;"sexta-feira";"18:13:00";"SC";101;7;"GARUVA";"Velocidade Incompatível";"Saída de leito carroçável";"Com Vítimas Feridas";"Plena Noite";"Decrescente";"Chuva";"Dupla";"Interseção de Vias;Declive";"Sim";1;0;0;1;0;0;1;1;-26,03641529;-48,8597846;"SPRF-SC";"DEL03-SC";"UOP01-DEL03-SC"
159482;2018-09-14;"sexta-feira";"16:15:00";"MG";356;265,7;"MURIAE";"Falta de Atenção à Condução";"Colisão lateral";"Com Vítimas Feridas";"Pleno dia";"Decrescente";"Céu Claro";"Simples";"Interseção de Vias";"Sim";2;0;1;0;1;0;1;2;-21,12728902;-42,36905873;"SPRF-MG";"DEL07-MG";"UOP02-DEL07-MG"
159483;2018-09-14;"sexta-feira";"18:40:00";"PR";376;590;"CURITIBA";"Falta de Atenção à Condução";"Colisão traseira";"Sem Vítimas";"Plena Noite";"Decrescente";"Chuva";"Dupla";"Reta";"Sim";3;0;0;0;3;0;0;3;-25,4570438;-49,36032504;"SPRF-PR";"DEL01-PR";"UOP06-DEL01-PR"
159484;2018-09-14;"sexta-feira";"18:30:00";"PR";376;652,1;"TIJUCAS DO SUL";"Velocidade Incompatível";"Saída de leito carroçável";"Sem Vítimas";"Plena Noite";"Crescente";"Garoa/Chuvisco";"Dupla";"Curva";"Não";1;0;0;0;1;0;0;1;-25,84701959;-49,06339645;"SPRF-PR";"DEL01-PR";"DEL7/1-UOP08/PR"
159487;2018-09-14;"sexta-feira";"17:53:00";"RJ";101;295;"ITABORAI";"Falta de Atenção à Condução";"Colisão traseira";"Com Vítimas Feridas";"Plena Noite";"Decrescente";"Chuva";"Dupla";"Reta";"Sim";2;0;1;0;1;0;1;2;-22,763668;-42,90226;"SPRF-RJ";"DEL02-RJ";"DEL5/2-UOP04/RJ"
159488;2018-09-14;"sexta-feira";"18:38:00";"SP";116;216;"GUARULHOS";"Não guardar distância de segurança";"Queda de ocupante de veículo";"Com Vítimas Feridas";"Plena Noite";"Crescente";"Garoa/Chuvisco";"Múltipla";"Reta";"Sim";2;0;1;0;0;1;1;2;-23,45323691;-46,4700445;"SPRF-SP";"DEL01-SP";"UOP01-DEL01-SP"
159490;2018-09-14;"sexta-feira";"18:30:00";"SC";101;201;"SAO JOSE";"Falta de Atenção à Condução";"Colisão traseira";"Sem Vítimas";"Plena Noite";"Decrescente";"Chuva";"Dupla";"Reta";"Não";2;0;0;0;2;0;0;2;-27,55823745;-48,61845016;"SPRF-SC";"DEL01-SC";"UOP01-DEL01-SC"
159493;2018-09-14;"sexta-feira";"19:15:00";"RJ";116;251;"PIRAI";"Falta de Atenção à Condução";"Colisão com objeto estático";"Com Vítimas Feridas";"Plena Noite";"Decrescente";"Chuva";"Dupla";"Reta";"Sim";1;0;1;0;0;0;1;1;-22,58928836;-44,00745392;"SPRF-RJ";"DEL07-RJ";"UOP01-DEL07-RJ"
159494;2018-09-14;"sexta-feira";"19:10:00";"ES";101;268;"SERRA";"Desobediência às normas de trânsito pelo condutor";"Atropelamento de Pedestre";"Com Vítimas Feridas";"Plena Noite";"Crescente";"Céu Claro";"Dupla";"Reta";"Sim";4;0;4;0;0;0;4;2;-20,20779179;-40,27000845;"SPRF-ES";"DEL02-ES";"UOP01-DEL02-ES"
159495;2018-09-14;"sexta-feira";"18:55:00";"SC";101;193;"BIGUACU";"Pista Escorregadia";"Tombamento";"Com Vítimas Feridas";"Plena Noite";"Crescente";"Chuva";"Dupla";"Interseção de Vias";"Sim";1;0;0;1;0;0;1;1;-27,50248561;-48,63816172;"SPRF-SC";"DEL01-SC";"UOP01-DEL01-SC"
159496;2018-09-14;"sexta-feira";"19:00:00";"MG";381;737,5;"TRES CORACOES";"Objeto estático sobre o leito carroçável";"Colisão com objeto estático";"Com Vítimas Feridas";"Plena Noite";"Decrescente";"Chuva";"Dupla";"Curva";"Não";3;0;2;0;1;0;2;1;-21,56442533;-45,24401591;"SPRF-MG";"DEL16-MG";"UOP02-DEL16-MG"
159498;2018-09-14;"sexta-feira";"19:10:00";"MG";381;853,4;"POUSO ALEGRE";"Falta de Atenção à Condução";"Engavetamento";"Com Vítimas Feridas";"Plena Noite";"Decrescente";"Chuva";"Dupla";"Reta";"Não";5;0;1;0;3;1;1;4;-22,2713;-45,8926;"SPRF-MG";"DEL16-MG";"UOP01-DEL16-MG"
159499;2018-09-14;"sexta-feira";"19:15:00";"SC";101;425,7;"ARARANGUA";"Falta de Atenção do Pedestre";"Atropelamento de Pedestre";"Com Vítimas Feridas";"Plena Noite";"Crescente";"Chuva";"Dupla";"Reta";"Não";2;0;1;0;1;0;1;2;-29,0234;-49,5953;"SPRF-SC";"DEL02-SC";"UOP02-DEL02-SC"
159500;2018-09-14;"sexta-feira";"17:45:00";"RO";364;340,3;"JI-PARANA";"Falta de Atenção à Condução";"Colisão transversal";"Com Vítimas Feridas";"Pleno dia";"Crescente";"Céu Claro";"Simples";"Reta";"Sim";1;0;1;0;0;0;1;1;-10,898911;-61,930458;"SPRF-RO";"DEL02-RO";"UOP01-DEL02-RO"
159501;2018-09-14;"sexta-feira";"19:00:00";"ES";101;66;"SAO MATEUS";"Desobediência às normas de trânsito pelo condutor";"Colisão transversal";"Sem Vítimas";"Plena Noite";"Crescente";"Céu Claro";"Múltipla";"Interseção de Vias";"Sim";2;0;0;0;1;1;0;2;-18,716522;-39,874359;"SPRF-ES";"DEL04-ES";"UOP02-DEL04-ES"
159502;2018-09-14;"sexta-feira";"18:30:00";"PE";428;143,8;"PETROLINA";"Ingestão de Álcool";"Colisão traseira";"Sem Vítimas";"Plena Noite";"Crescente";"Céu Claro";"Simples";"Reta";"Não";2;0;0;0;2;0;0;2;-9,029848;-40,287621;"SPRF-PE";"DEL06-PE";"UOP01-DEL06-PE"
159503;2018-09-14;"sexta-feira";"18:20:00";"MG";267;249;"CARVALHOS";"Falta de Atenção à Condução";"Tombamento";"Com Vítimas Feridas";"Anoitecer";"Crescente";"Chuva";"Simples";"Reta";"Não";2;0;2;0;0;0;2;1;-21,94400088;-44,4839859;"SPRF-MG";"DEL05-MG";"DEL5/4-UOP01/MG"
159504;2018-09-14;"sexta-feira";"19:20:00";"BA";324;476,9;"TANQUINHO";"Animais na Pista";"Colisão traseira";"Com Vítimas Feridas";"Plena Noite";"Crescente";"Céu Claro";"Simples";"Ponte";"Não";2;0;1;0;0;1;1;2;-11,98063813;-39,09519196;"SPRF-BA";"DEL02-BA";"UOP01-DEL02-BA"
159505;2018-09-14;"sexta-feira";"19:40:00";"ES";101;308,2;"VIANA";"Desobediência às normas de trânsito pelo condutor";"Colisão transversal";"Com Vítimas Feridas";"Plena Noite";"Crescente";"Ignorado";"Simples";"Reta";"Não";5;0;0;2;3;0;2;2;-20,41011081;-40,45876801;"SPRF-ES";"DEL03-ES";"UOP01-DEL03-ES"
159506;2018-09-14;"sexta-feira";"18:50:00";"PB";230;169,8;"CAMPINA GRANDE";"Restrição de Visibilidade";"Colisão com objeto estático";"Com Vítimas Fatais";"Plena Noite";"Crescente";"Céu Claro";"Simples";"Reta";"Sim";2;1;0;0;1;0;0;1;-7,183839;-35,98164;"SPRF-PB";"DEL02-PB";"UOP02-DEL02-PB"
159508;2018-09-14;"sexta-feira";"17:20:00";"SC";101;307;"LAGUNA";"Velocidade Incompatível";"Colisão com objeto estático";"Sem Vítimas";"Anoitecer";"Crescente";"Chuva";"Dupla";"Reta";"Não";1;0;0;0;1;0;0;1;-28,4008;-48,7864;"SPRF-SC";"DEL02-SC";"UOP03-DEL02-SC"
159509;2018-09-14;"sexta-feira";"18:20:00";"AL";423;96;"DELMIRO GOUVEIA";"Falta de Atenção à Condução";"Saída de leito carroçável";"Sem Vítimas";"Plena Noite";"Decrescente";"Céu Claro";"Simples";"Reta";"Não";1;0;0;0;0;1;0;1;-9,378482;-38,123169;"SPRF-BA";"DEL07-BA";"UOP01-DEL07-BA"
159511;2018-09-06;"quinta-feira";"16:20:00";"MS";158;97;"PARANAIBA";"Pista Escorregadia";"Tombamento";"Com Vítimas Feridas";"Pleno dia";"Decrescente";"Céu Claro";"Simples";"Rotatória";"Sim";2;0;0;1;0;1;1;2;-19,69496072;-51,18073225;"SPRF-MS";"DEL08-MS";"UOP01-DEL08-MS"
159512;2018-09-14;"sexta-feira";"20:25:00";"RN";101;79,7;"NATAL";"Desobediência às normas de trânsito pelo condutor";"Colisão transversal";"Com Vítimas Feridas";"Plena Noite";"Decrescente";"Céu Claro";"Dupla";"Reta";"Sim";1;0;0;1;0;0;1;1;-5,753406;-35,288867;"SPRF-RN";"DEL02-RN";"UOP01-DEL02-RN"
159513;2018-09-14;"sexta-feira";"19:10:00";"RO";364;710;"PORTO VELHO";"Falta de Atenção à Condução";"Colisão transversal";"Com Vítimas Feridas";"Plena Noite";"Decrescente";"Céu Claro";"Dupla";"Interseção de Vias";"Sim";2;0;1;0;1;0;1;2;-8,78243256;-63,86464655;"SPRF-RO";"DEL01-RO";"UOP01-DEL01-RO"
159515;2018-09-14;"sexta-feira";"16:13:00";"MG";116;529,9;"CARATINGA";"Ingestão de Álcool";"Tombamento";"Sem Vítimas";"Pleno dia";"Crescente";"Céu Claro";"Simples";"Interseção de Vias";"Sim";1;0;0;0;1;0;0;1;-19,797841;-42,138245;"SPRF-MG";"DEL06-MG";"UOP02-DEL06-MG"
159516;2018-09-14;"sexta-feira";"21:40:00";"SC";282;16;"PALHOCA";"Falta de Atenção à Condução";"Colisão transversal";"Com Vítimas Feridas";"Plena Noite";"Decrescente";"Chuva";"Simples";"Reta";"Sim";2;0;0;1;1;0;1;2;-27,658611;-48,681847;"SPRF-SC";"DEL01-SC";"UOP02-DEL01-SC"
159518;2018-09-14;"sexta-feira";"21:20:00";"MG";40;528;"CONTAGEM";"Pista Escorregadia";"Queda de ocupante de veículo";"Com Vítimas Feridas";"Plena Noite";"Decrescente";"Chuva";"Dupla";"Curva";"Sim";2;0;1;0;0;1;1;2;-19,9191;-44,0391;"SPRF-MG";"DEL01-MG";"UOP03-DEL01-MG"
159521;2018-09-14;"sexta-feira";"22:00:00";"PA";163;1000;"SANTAREM";"Avarias e/ou desgaste excessivo no pneu";"Capotamento";"Com Vítimas Feridas";"Plena Noite";"Crescente";"Céu Claro";"Simples";"Reta";"Sim";1;0;1;0;0;0;1;1;-2,45880916;-54,72805023;"SPRF-PA";"DEL05-PA";"UOP01-DEL05-PA"
159523;2018-09-14;"sexta-feira";"19:00:00";"RO";364;446;"JARU";"Desobediência às normas de trânsito pelo condutor";"Queda de ocupante de veículo";"Com Vítimas Feridas";"Plena Noite";"Decrescente";"Céu Claro";"Simples";"Reta";"Não";3;0;2;0;0;1;2;2;-10,310406;-62,639111;"SPRF-RO";"DEL03-RO";"UOP02-DEL03-RO"
159525;2018-09-14;"sexta-feira";"21:30:00";"RJ";116;230;"PIRAI";"Velocidade Incompatível";"Capotamento";"Com Vítimas Feridas";"Plena Noite";"Decrescente";"Chuva";"Dupla";"Curva";"Não";1;0;1;0;0;0;1;1;-22,66656;-43,86626;"SPRF-RJ";"DEL07-RJ";"UOP01-DEL07-RJ"
159526;2018-09-14;"sexta-feira";"22:00:00";"RJ";116;239;"PIRAI";"Velocidade Incompatível";"Capotamento";"Sem Vítimas";"Plena Noite";"Decrescente";"Chuva";"Dupla";"Curva";"Não";3;0;0;0;2;1;0;3;-22,58232;-44,03786;"SPRF-RJ";"DEL07-RJ";"UOP01-DEL07-RJ"
159528;2018-09-14;"sexta-feira";"22:00:00";"MG";365;60,7;"JEQUITAI";"Animais na Pista";"Capotamento";"Com Vítimas Feridas";"Plena Noite";"Crescente";"Céu Claro";"Simples";"Reta";"Não";3;0;2;0;1;0;2;1;-16,99634105;-44,38631447;"SPRF-MG";"DEL12-MG";"UOP01-DEL12-MG"
159529;2018-09-14;"sexta-feira";"22:30:00";"RS";448;10;"CANOAS";"Mal Súbito";"Saída de leito carroçável";"Com Vítimas Feridas";"Plena Noite";"Decrescente";"Garoa/Chuvisco";"Simples";"Curva";"Não";1;0;1;0;0;0;1;1;-29,88389848;-51,23437852;"SPRF-RS";"DEL01-RS";"UOP01-DEL01-RS"
159530;2018-09-14;"sexta-feira";"20:50:00";"RJ";116;127,7;"MAGE";"Pista Escorregadia";"Saída de leito carroçável";"Com Vítimas Feridas";"Pleno dia";"Decrescente";"Chuva";"Dupla";"Reta";"Não";1;0;1;0;0;0;1;1;-22,66558103;-43,09775591;"SPRF-RJ";"DEL04-RJ";"UOP02-DEL04-RJ"
159531;2018-09-14;"sexta-feira";"12:29:00";"SP";153;77,9;"BADY BASSITT";"Pista Escorregadia";"Saída de leito carroçável";"Com Vítimas Feridas";"Pleno dia";"Decrescente";"Chuva";"Simples";"Aclive";"Não";1;0;1;0;0;0;1;1;-20,90185;-49,452446;"SPRF-SP";"DEL09-SP";"UOP01-DEL09-SP"
159534;2018-09-14;"sexta-feira";"22:30:00";"PR";116;16,7;"ANTONINA";"Pista Escorregadia";"Saída de leito carroçável";"Com Vítimas Feridas";"Plena Noite";"Decrescente";"Garoa/Chuvisco";"Dupla";"Curva";"Não";2;0;0;1;1;0;1;2;-25,099701;-48,692299;"SPRF-PR";"DEL01-PR";"UOP02-DEL01-PR"
159535;2018-09-08;"sábado";"20:30:00";"MG";116;116;"ITAOBIM";"Falta de Atenção do Pedestre";"Atropelamento de Pedestre";"Com Vítimas Feridas";"Plena Noite";"Decrescente";"Céu Claro";"Simples";"Reta";"Sim";2;0;2;0;0;0;2;2;-16,565027;-41,504377;"SPRF-MG";"DEL11-MG";"UOP02-DEL11-MG"
159537;2018-09-14;"sexta-feira";"22:20:00";"MS";267;474,1;"GUIA LOPES DA LAGUNA";"Ingestão de Álcool";"Queda de ocupante de veículo";"Sem Vítimas";"Plena Noite";"Decrescente";"Nublado";"Simples";"Reta";"Não";1;0;0;0;1;0;0;1;-21,4408858;-56,09156728;"SPRF-MS";"DEL05-MS";"UOP01-DEL05-MS"
159540;2018-09-14;"sexta-feira";"19:35:00";"SC";116;140,9;"SANTA CECILIA";"Falta de Atenção à Condução";"Colisão frontal";"Com Vítimas Feridas";"Plena Noite";"Crescente";"Garoa/Chuvisco";"Simples";"Curva";"Não";2;0;1;0;1;0;1;2;-26,960075;-50,416271;"SPRF-SC";"DEL06-SC";"UOP02-DEL06-SC"
159541;2018-09-14;"sexta-feira";"23:50:00";"DF";20;6,4;"BRASILIA";"Ingestão de Álcool";"Colisão com objeto estático";"Com Vítimas Feridas";"Plena Noite";"Crescente";"Céu Claro";"Dupla";"Reta";"Sim";2;0;1;1;0;0;2;1;-15,66483079;-47,80511856;"SPRF-DF";"DEL02-DF";"UOP01-DEL02-DF"
159543;2018-09-14;"sexta-feira";"21:40:00";"RO";429;94;"ALVORADA DOESTE";"Falta de Atenção do Pedestre";"Atropelamento de Pedestre";"Com Vítimas Feridas";"Plena Noite";"Decrescente";"Céu Claro";"Dupla";"Reta";"Sim";3;0;0;1;2;0;1;2;-11,352278;-62,29171;"SPRF-RO";"DEL02-RO";"UOP03-DEL02-RO"
159544;2018-09-15;"sábado";"00:00:00";"PR";376;600;"CURITIBA";"Mal Súbito";"Saída de leito carroçável";"Com Vítimas Feridas";"Plena Noite";"Decrescente";"Céu Claro";"Dupla";"Reta";"Sim";2;0;1;0;1;0;1;1;-25,53661072;-49,31438464;"SPRF-PR";"DEL01-PR";"UOP06-DEL01-PR"
159545;2018-09-15;"sábado";"00:20:00";"MG";381;628,8;"OLIVEIRA";"Velocidade Incompatível";"Saída de leito carroçável";"Com Vítimas Feridas";"Plena Noite";"Crescente";"Chuva";"Dupla";"Curva";"Não";3;0;1;0;2;0;1;2;-20,82476074;-44,80162382;"SPRF-MG";"DEL04-MG";"UOP01-DEL04-MG"
159546;2018-09-15;"sábado";"00:00:00";"RS";392;347;"SANTA MARIA";"Ingestão de álcool e/ou substâncias psicoativas pelo pedestre";"Saída de leito carroçável";"Com Vítimas Feridas";"Plena Noite";"Crescente";"Chuva";"Simples";"Reta";"Sim";4;0;1;0;3;0;1;1;-29,7664589;-53,78465295;"SPRF-RS";"DEL09-RS";"UOP01-DEL09-RS"
159547;2018-09-14;"sexta-feira";"23:20:00";"SC";282;324,7;"CAMPOS NOVOS";"Ingestão de Álcool";"Colisão com objeto estático";"Com Vítimas Feridas";"Pleno dia";"Decrescente";"Garoa/Chuvisco";"Simples";"Ponte";"Não";2;0;2;0;0;0;2;1;-27,387329;-51,055897;"SPRF-SC";"DEL07-SC";"UOP06-DEL07-SC"
159548;2018-09-15;"sábado";"01:05:00";"MG";381;508,2;"SAO JOAQUIM DE BICAS";"Velocidade Incompatível";"Colisão com objeto estático";"Com Vítimas Feridas";"Plena Noite";"Decrescente";"Céu Claro";"Dupla";"Reta";"Sim";1;0;1;0;0;0;1;1;-20,0494;-44,2767;"SPRF-MG";"DEL01-MG";"UOP03-DEL01-MG"
159551;2018-09-15;"sábado";"00:40:00";"PB";230;17;"JOAO PESSOA";"Desobediência às normas de trânsito pelo condutor";"Colisão lateral";"Sem Vítimas";"Plena Noite";"Decrescente";"Céu Claro";"Simples";"Reta";"Sim";3;0;0;0;3;0;0;3;-7,11446486;-34,84211504;"SPRF-PB";"DEL01-PB";"UOP01-DEL01-PB"
159553;2018-09-15;"sábado";"00:30:00";"PI";343;599;"FLORIANO";"Falta de Atenção à Condução";"Saída de leito carroçável";"Sem Vítimas";"Plena Noite";"Crescente";"Céu Claro";"Dupla";"Rotatória";"Sim";4;0;0;0;4;0;0;1;-6,777731;-43,031559;"SPRF-PI";"DEL03-PI";"UOP01-DEL03-PI"