"id";"data_inversa";"dia_semana";"horario";"uf";"br";"km";"municipio";"causa_acidente";"tipo_acidente";"classificacao_acidente";"fase_dia";"sentido_via";"condicao_metereologica";"tipo_pista";"tracado_via";"uso_solo";"pessoas";"mortos";"feridos_leves";"feridos_graves";"ilesos";"ignorados";"feridos";"veiculos";"latitude";"longitude";"regional";"delegacia";"uop"
159554;2018-09-15;"sábado";"01:00:00";"PR";272;422,9;"GOIOERE";"Velocidade Incompatível";"Colisão frontal";"Com Vítimas Feridas";"Plena Noite";"Decrescente";"Céu Claro";"Simples";"Curva";"Não";2;0;0;2;0;0;2;2;-24,1576778;-52,8982299;"SPRF-PR";"DEL04-PR";"UOP03-DEL09-PR"
159555;2018-09-15;"sábado";"02:35:00";"ES";101;269,3;"SERRA";"Falta de Atenção à Condução";"Atropelamento de Pedestre";"Com Vítimas Feridas";"Plena Noite";"Crescente";"Céu Claro";"Múltipla";"Reta";"Sim";2;0;1;0;0;1;1;2;-20,20421242;-40,26987076;"SPRF-ES";"DEL02-ES";"UOP01-DEL02-ES"
159556;2018-09-15;"sábado";"02:20:00";"MT";70;6;"BARRA DO GARCAS";"Falta de Atenção à Condução";"Colisão traseira";"Com Vítimas Feridas";"Plena Noite";"Decrescente";"Céu Claro";"Múltipla";"Reta";"Sim";3;0;1;0;2;0;1;2;-15,878268;-52,306705;"SPRF-MT";"DEL07-MT";"UOP01-DEL07-MT"
159557;2018-09-15;"sábado";"02:10:00";"ES";101;136;"SOORETAMA";"Defeito Mecânico no Veículo";"Incêndio";"Sem Vítimas";"Plena Noite";"Crescente";"Céu Claro";"Simples";"Retorno Regulamentado";"Não";1;0;0;0;1;0;0;1;-19,23579456;-40,09207249;"SPRF-ES";"DEL04-ES";"UOP01-DEL04-ES"
159560;2018-09-15;"sábado";"02:10:00";"MT";163;683;"LUCAS DO RIO VERDE";"Falta de Atenção à Condução";"Saída de leito carroçável";"Com Vítimas Feridas";"Plena Noite";"Decrescente";"Céu Claro";"Simples";"Aclive";"Não";1;0;1;0;0;0;1;1;-13,11216665;-55,95387175;"SPRF-MT";"DEL06-MT";"UOP01-DEL06-MT"
159561;2018-09-14;"sexta-feira";"21:30:00";"GO";60;334;"SANTO ANTONIO DA BARRA";"Desobediência às normas de trânsito pelo condutor";"Colisão frontal";"Com Vítimas Fatais";"Plena Noite";"Crescente";"Nublado";"Dupla";"Aclive";"Não";3;1;1;0;0;1;1;3;-17,5449;-50,5538;"SPRF-GO";"DEL04-GO";"UOP01-DEL04-GO"
159562;2018-09-15;"sábado";"03:00:00";"GO";40;6;"VALPARAISO DE GOIAS";"Falta de Atenção à Condução";"Colisão traseira";"Com Vítimas Feridas";"Plena Noite";"Decrescente";"Nublado";"Dupla";"Aclive";"Sim";2;0;1;0;0;1;1;2;-16,100814;-47,977351;"SPRF-DF";"DEL01-DF";"UOP01-DEL01-DF"
159564;2018-09-15;"sábado";"04:05:00";"SC";470;86;"RODEIO";"Ultrapassagem Indevida";"Colisão com objeto estático";"Com Vítimas Feridas";"Plena Noite";"Crescente";"Chuva";"Simples";"Ponte";"Não";3;0;2;0;1;0;2;2;-26,94802449;-49,36527371;"SPRF-SC";"DEL04-SC";"UOP01-DEL04-SC"
159567;2018-09-15;"sábado";"04:05:00";"RS";116;238;"NOVO HAMBURGO";"Ingestão de Álcool";"Colisão lateral";"Sem Vítimas";"Plena Noite";"Decrescente";"Chuva";"Dupla";"Declive";"Sim";2;0;0;0;2;0;0;2;-29,68742;-51,141979;"SPRF-RS";"DEL01-RS";"UOP02-DEL01-RS"
159568;2018-09-14;"sexta-feira";"21:25:00";"PE";104;54;"CARUARU";"Falta de Atenção à Condução";"Colisão lateral";"Com Vítimas Feridas";"Plena Noite";"Crescente";"Céu Claro";"Dupla";"Interseção de Vias";"Não";3;0;0;1;2;0;1;2;-8,1928;-35,9662;"SPRF-PE";"DEL02-PE";"UOP01-DEL02-PE"
159569;2018-09-15;"sábado";"03:00:00";"MG";153;209;"FRUTAL";"Condutor Dormindo";"Saída de leito carroçável";"Sem Vítimas";"Plena Noite";"Decrescente";"Chuva";"Simples";"Interseção de Vias";"Não";1;0;0;0;0;1;0;1;-20,01923273;-49,04682577;"SPRF-MG";"DEL13-MG";"UOP02-DEL13-MG"
159571;2018-09-15;"sábado";"04:15:00";"GO";60;169;"GOIANIA";"Falta de Atenção à Condução";"Colisão com objeto estático";"Com Vítimas Feridas";"Amanhecer";"Decrescente";"Nublado";"Dupla";"Aclive";"Sim";1;0;1;0;0;0;1;1;-16,7269;-49,3822;"SPRF-GO";"DEL01-GO";"UOP02-DEL01-GO"
159572;2018-09-15;"sábado";"04:30:00";"PI";316;6,3;"TERESINA";"Falta de Atenção à Condução";"Colisão com objeto estático";"Com Vítimas Feridas";"Plena Noite";"Crescente";"Céu Claro";"Simples";"Reta";"Sim";1;0;1;0;0;0;1;1;-5,15331977;-42,77260274;"SPRF-PI";"DEL01-PI";"UOP02-DEL01-PI"
159574;2018-09-15;"sábado";"03:40:00";"MT";364;221;"RONDONOPOLIS";"Falta de Atenção à Condução";"Saída de leito carroçável";"Com Vítimas Feridas";"Plena Noite";"Decrescente";"Céu Claro";"Dupla";"Declive";"Não";1;0;1;0;0;0;1;1;-16,340666;-54,744896;"SPRF-MT";"DEL02-MT";"UOP01-DEL02-MT"
159575;2018-09-14;"sexta-feira";"20:00:00";"MT";364;375;"SANTO ANTONIO DO LEVERGER";"Falta de Atenção à Condução";"Saída de leito carroçável";"Com Vítimas Feridas";"Plena Noite";"Decrescente";"Chuva";"Simples";"Reta";"Sim";1;0;1;0;0;0;1;1;-15,704568;-55,719036;"SPRF-MT";"DEL02-MT";"UOP02-DEL01-MT"
159577;2018-09-15;"sábado";"04:50:00";"GO";40;24;"LUZIANIA";"Desobediência às normas de trânsito pelo condutor";"Colisão frontal";"Sem Vítimas";"Plena Noite";"Crescente";"Céu Claro";"Dupla";"Retorno Regulamentado";"Sim";2;0;0;0;1;1;0;2;-16,252738;-47,900437;"SPRF-DF";"DEL01-DF";"UOP01-DEL01-DF"
159578;2018-09-15;"sábado";"04:50:00";"RS";386;434;"NOVA SANTA RITA";"Animais na Pista";"Atropelamento de Animal";"Com Vítimas Feridas";"Plena Noite";"Decrescente";"Chuva";"Simples";"Reta";"Sim";1;0;1;0;0;0;1;1;-29,8439411;-51,28424096;"SPRF-RS";"DEL04-RS";"UOP02-DEL04-RS"
159579;2018-06-30;"sábado";"13:50:00";"MG";40;799;"JUIZ DE FORA";"Não guardar distância de segurança";"Colisão com objeto estático";"Com Vítimas Feridas";"Pleno dia";"Crescente";"Ignorado";"Dupla";"Curva";"Não";1;0;1;0;0;0;1;1;-21,8278;-43,374;"SPRF-MG";"DEL05-MG";"UOP01-DEL05-MG"
159580;2018-09-15;"sábado";"05:50:00";"GO";50;291,7;"CATALAO";"Avarias e/ou desgaste excessivo no pneu";"Tombamento";"Sem Vítimas";"Amanhecer";"Crescente";"Garoa/Chuvisco";"Simples";"Declive";"Não";2;0;0;0;2;0;0;1;-18,2561;-47,9985;"SPRF-GO";"DEL06-GO";"UOP01-DEL06-GO"
159581;2018-09-15;"sábado";"04:30:00";"PI";343;308,4;"ALTOS";"Ingestão de Álcool";"Colisão frontal";"Com Vítimas Feridas";"Amanhecer";"Decrescente";"Céu Claro";"Simples";"Interseção de Vias";"Sim";2;0;2;0;0;0;2;2;-5,038669;-42,468166;"SPRF-PI";"DEL01-PI";"UOP01-DEL01-PI"
159582;2018-09-14;"sexta-feira";"21:45:00";"SP";116;517,9;"CAJATI";"Velocidade Incompatível";"Colisão com objeto estático";"Com Vítimas Feridas";"Plena Noite";"Decrescente";"Chuva";"Simples";"Curva";"Não";2;0;1;0;1;0;1;1;-24,88176476;-48,21315765;"SPRF-SP";"DEL05-SP";"UAP01-DEL05-SP"
159583;2018-09-15;"sábado";"05:30:00";"MS";463;108,6;"PONTA PORA";"Ingestão de Álcool";"Colisão com objeto estático";"Com Vítimas Feridas";"Amanhecer";"Decrescente";"Garoa/Chuvisco";"Dupla";"Reta";"Sim";2;0;2;0;0;0;2;1;-22,58389953;-55,68832397;"SPRF-MS";"DEL04-MS";"UOP03-DEL04-MS"
159585;2018-09-15;"sábado";"01:32:00";"MT";364;495;"JANGADA";"Falta de Atenção à Condução";"Saída de leito carroçável";"Com Vítimas Feridas";"Plena Noite";"Decrescente";"Céu Claro";"Simples";"Reta";"Não";1;0;1;0;0;0;1;1;-15,24046487;-56,48620605;"SPRF-MT";"DEL01-MT";"DEL2/4-UOP02/MT"
159586;2018-09-11;"terça-feira";"06:45:00";"BA";324;623;"SALVADOR";"Falta de Atenção à Condução";"Colisão com objeto em movimento";"Com Vítimas Feridas";"Pleno dia";"Crescente";"Sol";"Dupla";"Declive";"Sim";2;0;1;0;1;0;1;2;-12,94270617;-38,4705162;"SPRF-BA";"DEL01-BA";"UOP01-DEL01-BA"
159587;2018-09-15;"sábado";"05:15:00";"PR";277;0,3;"FOZ DO IGUACU";"Desobediência às normas de trânsito pelo condutor";"Colisão transversal";"Com Vítimas Feridas";"Amanhecer";"Crescente";"Céu Claro";"Dupla";"Retorno Regulamentado";"Sim";2;0;0;1;1;0;1;2;-25,5469;-54,5882;"SPRF-PR";"DEL05-PR";"UOP03-DEL05-PR"
159589;2018-09-15;"sábado";"06:50:00";"RS";158;270,5;"JULIO DE CASTILHOS";"Velocidade Incompatível";"Saída de leito carroçável";"Com Vítimas Feridas";"Pleno dia";"Crescente";"Chuva";"Simples";"Curva";"Não";3;0;0;3;0;0;3;1;-29,29178869;-53,66821289;"SPRF-RS";"DEL09-RS";"UOP01-DEL09-RS"
159590;2018-09-15;"sábado";"06:00:00";"MG";40;268;"TRES MARIAS";"Pista Escorregadia";"Tombamento";"Com Vítimas Feridas";"Amanhecer";"Crescente";"Chuva";"Simples";"Curva";"Não";9;0;3;0;6;0;3;1;-18,166212;-45,290535;"SPRF-MG";"DEL14-MG";"UOP02-DEL14-MG"
159592;2018-09-15;"sábado";"06:40:00";"ES";393;9;"CACHOEIRO DE ITAPEMIRIM";"Velocidade Incompatível";"Tombamento";"Com Vítimas Feridas";"Amanhecer";"Crescente";"Céu Claro";"Simples";"Curva";"Não";1;0;0;1;0;0;1;1;-20,827583;-41,182526;"SPRF-ES";"DEL03-ES";"UOP02-DEL03-ES"
159593;2018-09-15;"sábado";"06:30:00";"CE";20;426;"FORTALEZA";"Falta de Atenção à Condução";"Saída de leito carroçável";"Com Vítimas Feridas";"Pleno dia";"Decrescente";"Céu Claro";"Dupla";"Reta";"Sim";1;0;1;0;0;0;1;1;-3,861343;-38,52819443;"SPRF-CE";"DEL01-CE";"UOP02-DEL01-CE"
159594;2018-09-15;"sábado";"07:00:00";"SC";101;463;"PASSO DE TORRES";"Condutor Dormindo";"Saída de leito carroçável";"Sem Vítimas";"Pleno dia";"Decrescente";"Chuva";"Dupla";"Reta";"Não";1;0;0;0;1;0;0;1;-29,28443761;-49,75615114;"SPRF-RS";"DEL03-RS";"DEL9/3-UOP03/RS"
159595;2018-09-15;"sábado";"06:30:00";"MG";40;545,2;"NOVA LIMA";"Ingestão de Álcool";"Saída de leito carroçável";"Com Vítimas Feridas";"Pleno dia";"Crescente";"Chuva";"Dupla";"Reta";"Sim";1;0;0;1;0;0;1;1;-20,01263732;-43,96800882;"SPRF-MG";"DEL01-MG";"UOP02-DEL01-MG"
159597;2018-09-15;"sábado";"07:20:00";"MG";381;443;"SABARA";"Mal Súbito";"Colisão transversal";"Com Vítimas Feridas";"Pleno dia";"Decrescente";"Nublado";"Simples";"Reta";"Não";3;0;1;0;2;0;1;2;-19,80966917;-43,76987457;"SPRF-MG";"DEL01-MG";"UOP01-DEL01-MG"
159599;2018-09-15;"sábado";"06:20:00";"BA";101;203;"GOVERNADOR MANGABEIRA";"Desobediência às normas de trânsito pelo condutor";"Colisão traseira";"Sem Vítimas";"Pleno dia";"Crescente";"Céu Claro";"Simples";"Interseção de Vias";"Não";2;0;0;0;2;0;0;2;-12,60316089;-39,0147686;"SPRF-BA";"DEL01-BA";"UOP03-DEL01-BA"
159600;2018-09-15;"sábado";"08:00:00";"PR";376;182;"MARINGA";"Desobediência às normas de trânsito pelo condutor";"Colisão lateral";"Com Vítimas Feridas";"Pleno dia";"Crescente";"Sol";"Dupla";"Rotatória;Interseção de Vias";"Sim";2;0;2;0;0;0;2;2;-23,43163748;-51,88688278;"SPRF-PR";"DEL07-PR";"UOP01-DEL09-PR"
159601;2018-09-15;"sábado";"06:35:00";"MG";40;43;"PARACATU";"Falta de Atenção à Condução";"Colisão traseira";"Com Vítimas Feridas";"Pleno dia";"Decrescente";"Céu Claro";"Simples";"Reta";"Sim";1;0;1;0;0;0;1;1;-17,225937;-46,861691;"SPRF-MG";"DEL14-MG";"UOP01-DEL14-MG"
159602;2018-09-15;"sábado";"08:10:00";"SC";101;205,1;"SAO JOSE";"Falta de Atenção à Condução";"Colisão lateral";"Com Vítimas Feridas";"Pleno dia";"Decrescente";"Chuva";"Dupla";"Reta";"Sim";2;0;1;0;1;0;1;2;-27,592;-48,6181;"SPRF-SC";"DEL01-SC";"UOP01-DEL01-SC"
159604;2018-09-15;"sábado";"08:20:00";"PA";163;1002;"SANTAREM";"Desobediência às normas de trânsito pelo condutor";"Colisão transversal";"Com Vítimas Feridas";"Pleno dia";"Crescente";"Céu Claro";"Dupla";"Interseção de Vias";"Sim";3;0;2;0;0;1;2;2;-2,45577354;-54,72854483;"SPRF-PA";"DEL05-PA";"UOP01-DEL05-PA"
159605;2018-09-15;"sábado";"00:00:00";"RJ";116;187,8;"NOVA IGUACU";"Falta de Atenção do Pedestre";"Atropelamento de Pedestre";"Com Vítimas Fatais";"Plena Noite";"Crescente";"Chuva";"Dupla";"Reta";"Sim";2;1;0;0;0;1;0;2;-22,73914486;-43,53024065;"SPRF-RJ";"DEL01-RJ";"UOP03-DEL01-RJ"
159607;2018-09-15;"sábado";"08:00:00";"SP";116;229,5;"SAO PAULO";"Falta de Atenção à Condução";"Colisão lateral";"Com Vítimas Feridas";"Pleno dia";"Decrescente";"Nublado";"Múltipla";"Reta";"Sim";2;0;1;0;1;0;1;2;-23,51358701;-46,57681704;"SPRF-SP";"DEL01-SP";"UOP01-DEL01-SP"
159608;2018-09-15;"sábado";"08:40:00";"SC";470;88,4;"ASCURRA";"Falta de Atenção à Condução";"Colisão transversal";"Com Vítimas Feridas";"Pleno dia";"Decrescente";"Nublado";"Simples";"Curva";"Sim";2;0;1;0;1;0;1;2;-26,96051422;-49,37490284;"SPRF-SC";"DEL04-SC";"UOP01-DEL04-SC"
159609;2018-09-15;"sábado";"08:40:00";"PR";369;189,4;"ARAPONGAS";"Falta de Atenção à Condução";"Saída de leito carroçável";"Com Vítimas Feridas";"Pleno dia";"Decrescente";"Céu Claro";"Dupla";"Reta";"Não";1;0;1;0;0;0;1;1;-23,44239006;-51,42272023;"SPRF-PR";"DEL07-PR";"UOP03-DEL07-PR"
159610;2018-09-15;"sábado";"07:30:00";"MG";116;519,5;"UBAPORANGA";"Falta de Atenção à Condução";"Saída de leito carroçável";"Com Vítimas Feridas";"Amanhecer";"Crescente";"Nublado";"Simples";"Curva";"Não";1;0;1;0;0;0;1;1;-19,71017;-42,12318;"SPRF-MG";"DEL06-MG";"UOP02-DEL06-MG"
159611;2018-09-15;"sábado";"07:30:00";"BA";101;939,4;"MUCURI";"Falta de Atenção à Condução";"Colisão transversal";"Com Vítimas Feridas";"Pleno dia";"Crescente";"Nublado";"Simples";"Retorno Regulamentado";"Não";4;0;2;2;0;0;4;2;-18,04274739;-39,86689568;"SPRF-BA";"DEL09-BA";"UOP02-DEL09-BA"
159613;2018-09-15;"sábado";"09:00:00";"SC";101;205;"SAO JOSE";"Falta de Atenção à Condução";"Colisão traseira";"Com Vítimas Feridas";"Pleno dia";"Crescente";"Garoa/Chuvisco";"Múltipla";"Reta";"Sim";2;0;1;0;1;0;1;2;-27,5832;-48,6151;"SPRF-SC";"DEL01-SC";"UOP01-DEL01-SC"
159615;2018-09-15;"sábado";"08:30:00";"SE";235;13,9;"NOSSA SENHORA DO SOCORRO";"Falta de Atenção à Condução";"Saída de leito carroçável";"Com Vítimas Feridas";"Pleno dia";"Decrescente";"Céu Claro";"Simples";"Reta";"Não";1;0;1;0;0;0;1;1;-10,868567;-37,171078;"SPRF-SE";"DEL01-SE";"UOP01-DEL01-SE"
159617;2018-09-15;"sábado";"09:18:00";"PB";230;19,8;"JOAO PESSOA";"Falta de Atenção à Condução";"Colisão traseira";"Com Vítimas Feridas";"Pleno dia";"Decrescente";"Céu Claro";"Dupla";"Curva";"Sim";2;0;1;0;1;0;1;2;-7,1281;-34,8466;"SPRF-PB";"DEL01-PB";"UOP01-DEL01-PB"
159619;2018-09-15;"sábado";"07:00:00";"PR";476;242,6;"LAPA";"Pista Escorregadia";"Saída de leito carroçável";"Sem Vítimas";"Pleno dia";"Decrescente";"Nublado";"Dupla";"Curva";"Não";2;0;0;0;2;0;0;1;-25,858768;-50,08609;"SPRF-PR";"DEL02-PR";"UOP04-DEL02-PR"
159622;2018-09-15;"sábado";"08:20:00";"CE";20;422;"MARACANAU";"Falta de Atenção à Condução";"Saída de leito carroçável";"Sem Vítimas";"Pleno dia";"Decrescente";"Céu Claro";"Dupla";"Reta";"Sim";1;0;0;0;1;0;0;1;-3,862285;-38,52905273;"SPRF-CE";"DEL01-CE";"UOP02-DEL01-CE"
159624;2018-09-15;"sábado";"09:30:00";"PE";408;54,4;"NAZARE DA MATA";"Desobediência às normas de trânsito pelo condutor";"Colisão frontal";"Com Vítimas Feridas";"Pleno dia";"Decrescente";"Céu Claro";"Simples";"Curva;Declive";"Não";2;0;0;1;1;0;1;2;-7,768449;-35,234161;"SPRF-PE";"DEL01-PE";"UOP01-DEL01-PE"
159626;2018-09-15;"sábado";"09:45:00";"PE";408;88;"SAO LOURENCO DA MATA";"Defeito Mecânico no Veículo";"Queda de ocupante de veículo";"Com Vítimas Feridas";"Pleno dia";"Decrescente";"Céu Claro";"Dupla";"Reta";"Sim";2;0;2;0;0;0;2;1;-7,9740636;-35,086155;"SPRF-PE";"DEL01-PE";"UOP01-DEL01-PE"
159628;2018-09-15;"sábado";"09:40:00";"GO";364;176;"JATAI";"Ingestão de Álcool";"Colisão lateral";"Com Vítimas Feridas";"Pleno dia";"Decrescente";"Céu Claro";"Simples";"Curva";"Não";2;0;1;0;1;0;1;2;-17,988262;-51,582535;"SPRF-GO";"DEL05-GO";"UOP01-DEL05-GO"
159629;2018-09-15;"sábado";"08:55:00";"SC";153;110,9;"CONCORDIA";"Avarias e/ou desgaste excessivo no pneu";"Saída de leito carroçável";"Sem Vítimas";"Pleno dia";"Crescente";"Chuva";"Simples";"Curva";"Não";1;0;0;0;1;0;0;1;-27,32588212;-51,98126435;"SPRF-SC";"DEL07-SC";"UOP04-DEL07-SC"
159630;2018-09-15;"sábado";"10:39:00";"RN";304;38,7;"MOSSORO";"Pista Escorregadia";"Tombamento";"Com Vítimas Feridas";"Pleno dia";"Crescente";"Céu Claro";"Dupla";"Reta";"Sim";2;0;2;0;0;0;2;1;-5,186;-37,373;"SPRF-RN";"DEL04-RN";"UOP02-DEL04-RN"
159631;2018-09-15;"sábado";"10:40:00";"SC";101;206,9;"SAO JOSE";"Falta de Atenção à Condução";"Colisão transversal";"Com Vítimas Feridas";"Pleno dia";"Crescente";"Chuva";"Dupla";"Viaduto";"Sim";2;0;0;1;1;0;1;2;-27,6001;-48,6225;"SPRF-SC";"DEL01-SC";"UOP01-DEL01-SC"
159632;2018-09-15;"sábado";"10:40:00";"RS";392;101,8;"MORRO REDONDO";"Pista Escorregadia";"Colisão lateral";"Com Vítimas Feridas";"Pleno dia";"Decrescente";"Garoa/Chuvisco";"Simples";"Reta";"Não";2;0;1;0;1;0;1;2;-31,530113;-52,584564;"SPRF-RS";"DEL07-RS";"UOP01-DEL07-RS"
159633;2018-09-15;"sábado";"07:30:00";"RS";153;26,2;"TRES ARROIOS";"Pista Escorregadia";"Saída de leito carroçável";"Com Vítimas Feridas";"Pleno dia";"Decrescente";"Chuva";"Simples";"Reta";"Não";2;0;2;0;0;0;2;1;-27,50703;-52,134491;"SPRF-RS";"DEL08-RS";"UOP04-DEL08-RS"
159635;2018-09-15;"sábado";"10:20:00";"PR";116;3;"CAMPINA GRANDE DO SUL";"Falta de Atenção à Condução";"Colisão traseira";"Com Vítimas Feridas";"Pleno dia";"Crescente";"Céu Claro";"Dupla";"Reta";"Sim";2;0;2;0;0;0;2;2;-25,3593;-49,0744;"SPRF-PR";"DEL01-PR";"UOP02-DEL01-PR"
159636;2018-09-15;"sábado";"10:35:00";"SC";101;209;"SAO JOSE";"Falta de Atenção à Condução";"Colisão traseira";"Com Vítimas Feridas";"Pleno dia";"Decrescente";"Garoa/Chuvisco";"Múltipla";"Reta";"Sim";3;0;1;0;2;0;1;2;-27,6176;-48,6463;"SPRF-SC";"DEL01-SC";"UOP01-DEL01-SC"
159637;2018-09-12;"quarta-feira";"05:30:00";"PA";316;172,4;"SANTA LUZIA DO PARA";"Animais na Pista";"Atropelamento de Animal";"Com Vítimas Feridas";"Amanhecer";"Crescente";"Céu Claro";"Simples";"Reta";"Não";2;0;0;2;0;0;2;1;-1,36282347;-47,0439613;"SPRF-PA";"DEL01-PA";"UOP03-DEL01-PA"
159638;2018-09-15;"sábado";"11:10:00";"SP";116;541,6;"BARRA DO TURVO";"Velocidade Incompatível";"Colisão com objeto estático";"Com Vítimas Feridas";"Pleno dia";"Crescente";"Nublado";"Dupla";"Curva";"Não";1;0;1;0;0;0;1;1;-24,756866;-48,50514;"SPRF-SP";"DEL05-SP";"UOP02-DEL05-SP"
159639;2018-09-15;"sábado";"11:00:00";"PE";101;77,6;"RECIFE";"Desobediência às normas de trânsito pelo pedestre";"Atropelamento de Pedestre";"Com Vítimas Feridas";"Pleno dia";"Crescente";"Céu Claro";"Dupla";"Reta";"Sim";2;0;0;1;1;0;1;2;-8,133085;-34,946945;"SPRF-PE";"DEL01-PE";"UOP01-DEL01-PE"
159640;2018-09-15;"sábado";"11:45:00";"MG";381;484;"BETIM";"Defeito Mecânico no Veículo";"Colisão com objeto estático";"Com Vítimas Feridas";"Pleno dia";"Decrescente";"Nublado";"Dupla";"Aclive";"Sim";1;0;1;0;0;0;1;1;-19,9557;-44,0964;"SPRF-MG";"DEL01-MG";"UOP03-DEL01-MG"
159643;2018-09-15;"sábado";"10:40:00";"MT";70;521;"VARZEA GRANDE";"Falta de Atenção à Condução";"Colisão transversal";"Com Vítimas Feridas";"Pleno dia";"Crescente";"Céu Claro";"Simples";"Reta";"Sim";2;0;1;0;1;0;1;2;-15,66713099;-56,18234396;"SPRF-MT";"DEL01-MT";"DEL2/4-UOP02/MT"
159644;2018-09-15;"sábado";"11:00:00";"PE";101;108,2;"CABO DE SANTO AGOSTINHO";"Velocidade Incompatível";"Saída de leito carroçável";"Com Vítimas Fatais";"Pleno dia";"Crescente";"Sol";"Dupla";"Curva";"Não";1;1;0;0;0;0;0;1;-8,30546651;-35,09617925;"SPRF-PE";"DEL01-PE";"UOP03-DEL01-PE"
159646;2018-09-15;"sábado";"12:20:00";"AL";316;141,9;"ESTRELA DE ALAGOAS";"Falta de Atenção à Condução";"Colisão lateral";"Com Vítimas Feridas";"Pleno dia";"Decrescente";"Sol";"Simples";"Reta";"Não";3;0;3;0;0;0;3;2;-9,392029;-36,749443;"SPRF-AL";"DEL03-AL";"UOP01-DEL03-AL"
159647;2018-09-15;"sábado";"12:30:00";"SP";116;178,2;"GUARAREMA";"Falta de Atenção à Condução";"Colisão com objeto estático";"Com Vítimas Feridas";"Pleno dia";"Crescente";"Céu Claro";"Dupla";"Reta;Declive";"Não";2;0;2;0;0;0;2;1;-23,32797151;-46,12904722;"SPRF-SP";"DEL02-SP";"UOP01-DEL02-SP"
159648;2018-09-15;"sábado";"12:00:00";"MA";135;12;"SAO LUIS";"Defeito Mecânico no Veículo";"Incêndio";"Sem Vítimas";"Pleno dia";"Crescente";"Céu Claro";"Dupla";"Reta";"Sim";3;0;0;0;3;0;0;1;-2,67458526;-44,29307699;"SPRF-MA";"DEL01-MA";"UOP01-DEL01-MA"
159649;2018-09-15;"sábado";"13:10:00";"SE";101;130;"ESTANCIA";"Falta de Atenção à Condução";"Saída de leito carroçável";"Com Vítimas Feridas";"Pleno dia";"Decrescente";"Sol";"Dupla";"Reta";"Não";1;0;0;1;0;0;1;1;-11,09131477;-37,3709433;"SPRF-SE";"DEL02-SE";"UOP01-DEL02-SE"
159651;2018-09-15;"sábado";"11:00:00";"PR";476;142;"CURITIBA";"Falta de Atenção à Condução";"Colisão traseira";"Com Vítimas Feridas";"Pleno dia";"Decrescente";"Céu Claro";"Dupla";"Reta";"Sim";3;0;1;0;2;0;1;3;-25,537161;-49,301632;"SPRF-PR";"DEL01-PR";"UOP07-DEL01-PR"
159655;2018-09-15;"sábado";"13:10:00";"RJ";101;400,5;"ITAGUAI";"Falta de Atenção à Condução";"Colisão com objeto em movimento";"Com Vítimas Feridas";"Pleno dia";"Crescente";"Sol";"Dupla";"Curva";"Sim";2;0;0;1;1;0;1;2;-22,848372;-43,769524;"SPRF-RJ";"DEL03-RJ";"UOP01-DEL03-RJ"
159656;2018-09-15;"sábado";"13:50:00";"GO";40;11;"LUZIANIA";"Falta de Atenção do Pedestre";"Atropelamento de Pedestre";"Sem Vítimas";"Pleno dia";"Decrescente";"Céu Claro";"Dupla";"Reta";"Sim";2;0;0;0;1;1;0;2;-16,138336;-47,951644;"SPRF-DF";"DEL01-DF";"UOP01-DEL01-DF"
159657;2018-09-11;"terça-feira";"22:53:00";"PR";158;520,8;"PATO BRANCO";"Desobediência às normas de trânsito pelo condutor";"Colisão transversal";"Com Vítimas Feridas";"Plena Noite";"Crescente";"Céu Claro";"Simples";"Interseção de Vias";"Sim";2;0;1;0;1;0;1;2;-26,21096703;-52,68101513;"SPRF-PR";"DEL02-PR";"UOP01-DEL02-PR"
159658;2018-09-15;"sábado";"13:40:00";"GO";364;200;"JATAI";"Falta de Atenção à Condução";"Colisão com objeto estático";"Sem Vítimas";"Pleno dia";"Decrescente";"Céu Claro";"Dupla";"Declive";"Não";1;0;0;0;1;0;0;1;-17,915388;-51,75613;"SPRF-GO";"DEL05-GO";"UOP01-DEL05-GO"
159659;2018-08-30;"quinta-feira";"18:03:00";"RO";364;449,1;"JARU";"Falta de Atenção do Pedestre";"Atropelamento de Pedestre";"Com Vítimas Feridas";"Anoitecer";"Decrescente";"Céu Claro";"Simples";"Reta;Aclive";"Não";2;0;0;1;1;0;1;2;-10,30286474;-62,64954686;"SPRF-RO";"DEL03-RO";"UOP02-DEL03-RO"
159660;2018-08-24;"sexta-feira";"17:15:00";"PE";424;97,2;"GARANHUNS";"Velocidade Incompatível";"Colisão transversal";"Com Vítimas Feridas";"Anoitecer";"Crescente";"Céu Claro";"Simples";"Curva";"Sim";4;0;3;1;0;0;4;2;-8,93611814;-36,50602341;"SPRF-PE";"DEL03-PE";"UOP01-DEL03-PE"
159663;2018-09-15;"sábado";"13:45:00";"SP";116;55,3;"LORENA";"Ingestão de Álcool";"Tombamento";"Com Vítimas Feridas";"Pleno dia";"Decrescente";"Nublado";"Dupla";"Reta";"Não";2;0;2;0;0;0;2;2;-22,76551725;-45,12541473;"SPRF-SP";"DEL08-SP";"UOP01-DEL08-SP"
159664;2018-09-15;"sábado";"14:50:00";"RN";101;79;"NATAL";"Falta de Atenção à Condução";"Colisão lateral";"Com Vítimas Feridas";"Pleno dia";"Decrescente";"Sol";"Dupla";"Reta";"Sim";3;0;2;0;1;0;2;2;-5,75128826;-35,28904349;"SPRF-RN";"DEL02-RN";"UOP01-DEL02-RN"