"id";"data_inversa";"dia_semana";"horario";"uf";"br";"km";"municipio";"causa_acidente";"tipo_acidente";"classificacao_acidente";"fase_dia";"sentido_via";"condicao_metereologica";"tipo_pista";"tracado_via";"uso_solo";"pessoas";"mortos";"feridos_leves";"feridos_graves";"ilesos";"ignorados";"feridos";"veiculos";"latitude";"longitude";"regional";"delegacia";"uop"
159665;2018-09-15;"sábado";"14:30:00";"RJ";40;22;"TRES RIOS";"Falta de Atenção à Condução";"Queda de ocupante de veículo";"Com Vítimas Feridas";"Pleno dia";"Crescente";"Chuva";"Dupla";"Curva";"Não";4;0;0;1;2;1;1;3;-22,1398;-43,1591;"SPRF-RJ";"DEL06-RJ";"UOP02-DEL05-RJ"
159666;2018-09-15;"sábado";"13:55:00";"SP";116;217;"GUARULHOS";"Falta de Atenção à Condução";"Colisão traseira";"Com Vítimas Feridas";"Pleno dia";"Crescente";"Nublado";"Múltipla";"Reta";"Não";2;0;1;0;1;0;1;2;-23,45547062;-46,47461124;"SPRF-SP";"DEL01-SP";"UOP01-DEL01-SP"
159667;2018-09-15;"sábado";"14:30:00";"PR";476;117,9;"COLOMBO";"Falta de Atenção do Pedestre";"Atropelamento de Pedestre";"Com Vítimas Fatais";"Pleno dia";"Crescente";"Garoa/Chuvisco";"Dupla";"Reta";"Sim";2;1;0;0;1;0;0;2;-25,348623;-49,175663;"SPRF-PR";"DEL01-PR";"UOP01-DEL01-PR"
159668;2018-09-15;"sábado";"14:00:00";"PI";316;15;"TERESINA";"Falta de Atenção à Condução";"Tombamento";"Com Vítimas Feridas";"Pleno dia";"Crescente";"Céu Claro";"Dupla";"Reta";"Não";2;0;2;0;0;0;2;1;-5,226193;-42,750168;"SPRF-PI";"DEL01-PI";"UOP02-DEL01-PI"
159672;2018-09-15;"sábado";"10:00:00";"RJ";116;6,3;"SAPUCAIA";"Falta de Atenção à Condução";"Colisão com objeto estático";"Sem Vítimas";"Pleno dia";"Decrescente";"Nublado";"Simples";"Curva";"Não";1;0;0;0;0;1;0;1;-21,91087835;-42,69252777;"SPRF-RJ";"DEL04-RJ";"UOP01-DEL04-RJ"
159673;2018-09-15;"sábado";"14:50:00";"RS";116;181,7;"NOVA PETROPOLIS";"Velocidade Incompatível";"Saída de leito carroçável";"Com Vítimas Feridas";"Pleno dia";"Crescente";"Céu Claro";"Simples";"Curva";"Não";1;0;1;0;0;0;1;1;-29,3728633;-51,13358606;"SPRF-RS";"DEL05-RS";"UOP02-DEL05-RS"
159675;2018-09-15;"sábado";"15:30:00";"SC";470;146,4;"RIO DO SUL";"Desobediência às normas de trânsito pelo condutor";"Colisão traseira";"Sem Vítimas";"Pleno dia";"Decrescente";"Nublado";"Simples";"Reta";"Não";2;0;0;0;1;1;0;2;-27,23509461;-49,67809439;"SPRF-SC";"DEL04-SC";"UOP02-DEL04-SC"
159676;2018-09-15;"sábado";"15:55:00";"PE";232;23,4;"MORENO";"Animais na Pista";"Colisão traseira";"Com Vítimas Feridas";"Pleno dia";"Crescente";"Céu Claro";"Dupla";"Curva";"Não";2;0;1;0;1;0;1;2;-8,10001941;-35,09941936;"SPRF-PE";"DEL01-PE";"UOP02-DEL02PE"
159679;2018-09-15;"sábado";"15:50:00";"RN";101;95,8;"NATAL";"Ingestão de Álcool";"Colisão com objeto estático";"Sem Vítimas";"Pleno dia";"Decrescente";"Sol";"Múltipla";"Aclive";"Sim";1;0;0;0;1;0;0;1;-5,84366701;-35,20926118;"SPRF-RN";"DEL01-RN";"UOP01-DEL01-RN"
159680;2018-09-15;"sábado";"16:10:00";"CE";222;17,3;"CAUCAIA";"Desobediência às normas de trânsito pelo condutor";"Colisão lateral";"Com Vítimas Feridas";"Pleno dia";"Crescente";"Céu Claro";"Simples";"Reta";"Não";2;0;0;1;0;1;1;2;-3,75069;-38,71618;"SPRF-CE";"DEL01-CE";"UOP01-DEL01-CE"
159681;2018-09-15;"sábado";"16:10:00";"MG";262;582,7;"CAMPOS ALTOS";"Velocidade Incompatível";"Saída de leito carroçável";"Com Vítimas Feridas";"Pleno dia";"Crescente";"Chuva";"Simples";"Reta";"Não";3;0;0;1;2;0;1;1;-19,6595057;-46,08816478;"SPRF-MG";"DEL08-MG";"UOP02-DEL08-MG"
159683;2018-09-15;"sábado";"17:00:00";"GO";20;17;"FORMOSA";"Ingestão de álcool e/ou substâncias psicoativas pelo pedestre";"Capotamento";"Sem Vítimas";"Pleno dia";"Decrescente";"Céu Claro";"Simples";"Reta";"Não";1;0;0;0;1;0;0;1;-15,559374;-47,204914;"SPRF-DF";"DEL02-DF";"UOP01-DEL02-DF"
159684;2018-09-15;"sábado";"15:40:00";"PA";308;161,4;"CAPANEMA";"Desobediência às normas de trânsito pelo condutor";"Colisão lateral";"Com Vítimas Feridas";"Pleno dia";"Decrescente";"Sol";"Simples";"Reta";"Sim";2;0;0;1;1;0;1;2;-1,20643283;-47,09130764;"SPRF-PA";"DEL01-PA";"UOP03-DEL01-PA"
159685;2018-09-15;"sábado";"17:10:00";"GO";153;494,5;"GOIANIA";"Não guardar distância de segurança";"Colisão traseira";"Com Vítimas Feridas";"Anoitecer";"Crescente";"Nublado";"Múltipla";"Aclive";"Sim";4;0;1;0;3;0;1;3;-16,6614;-49,2218;"SPRF-GO";"DEL01-GO";"UOP01-DEL01-GO"
159687;2018-09-15;"sábado";"10:50:00";"AM";319;718;"HUMAITA";"Defeito Mecânico no Veículo";"Saída de leito carroçável";"Com Vítimas Feridas";"Pleno dia";"Decrescente";"Céu Claro";"Simples";"Reta";"Não";4;0;0;1;3;0;1;1;-7,84025473;-63,2202673;"SPRF-RO";"DEL01-RO";"UOP05-DEL01-AM"
159688;2018-09-15;"sábado";"15:15:00";"PR";116;115;"CURITIBA";"Desobediência às normas de trânsito pelo pedestre";"Atropelamento de Pedestre";"Com Vítimas Fatais";"Pleno dia";"Decrescente";"Nublado";"Dupla";"Reta";"Sim";6;1;0;0;4;1;0;2;-25,544559;-49,30146;"SPRF-PR";"DEL01-PR";"UOP01-DEL01-PR"
159689;2018-09-15;"sábado";"16:45:00";"RN";101;106;"PARNAMIRIM";"Não guardar distância de segurança";"Colisão lateral";"Sem Vítimas";"Pleno dia";"Crescente";"Sol";"Dupla";"Reta";"Sim";2;0;0;0;1;1;0;2;-5,91052987;-35,2614677;"SPRF-RN";"DEL01-RN";"UOP01-DEL01-RN"
159690;2018-09-15;"sábado";"17:35:00";"ES";101;373,7;"ICONHA";"Ultrapassagem Indevida";"Colisão frontal";"Com Vítimas Feridas";"Anoitecer";"Crescente";"Céu Claro";"Simples";"Reta";"Sim";2;0;1;1;0;0;2;2;-20,7853887;-40,7831586;"SPRF-ES";"DEL03-ES";"UOP01-DEL03-ES"
159692;2018-09-15;"sábado";"08:20:00";"RS";153;364,4;"NOVO CABRAIS";"Falta de Atenção à Condução";"Colisão frontal";"Com Vítimas Feridas";"Pleno dia";"Decrescente";"Chuva";"Simples";"Reta";"Não";2;0;1;0;1;0;1;2;-29,740236;-52,961067;"SPRF-RS";"DEL02-RS";"UOP02-DEL02-RS"
159693;2018-09-15;"sábado";"17:45:00";"ES";262;2;"CARIACICA";"Falta de Atenção à Condução";"Colisão traseira";"Com Vítimas Feridas";"Plena Noite";"Decrescente";"Céu Claro";"Dupla";"Reta";"Sim";2;0;1;0;1;0;1;2;-20,33209836;-40,36243809;"SPRF-ES";"DEL01-ES";"UOP01-DEL01-ES"
159694;2018-09-15;"sábado";"17:30:00";"ES";259;49,6;"COLATINA";"Velocidade Incompatível";"Colisão lateral";"Com Vítimas Feridas";"Anoitecer";"Crescente";"Nublado";"Múltipla";"Curva";"Sim";2;0;0;1;1;0;1;2;-19,51058377;-40,60595959;"SPRF-ES";"DEL02-ES";"UOP01-DEL02-ES"
159695;2018-09-15;"sábado";"15:00:00";"PR";116;1;"CAMPINA GRANDE DO SUL";"Pista Escorregadia";"Saída de leito carroçável";"Com Vítimas Feridas";"Pleno dia";"Crescente";"Garoa/Chuvisco";"Dupla";"Curva";"Não";2;0;0;1;0;1;1;2;-25,06285937;-48,56907237;"SPRF-PR";"DEL01-PR";"UOP02-DEL01-PR"
159696;2018-09-15;"sábado";"16:35:00";"SC";101;174;"TIJUCAS";"Falta de Atenção à Condução";"Capotamento";"Sem Vítimas";"Pleno dia";"Crescente";"Chuva";"Dupla";"Declive";"Não";1;0;0;0;1;0;0;1;-27,3397;-48,627;"SPRF-SC";"DEL01-SC";"UOP01-DEL01-SC"
159699;2018-09-15;"sábado";"12:00:00";"AP";156;229,7;"MACAPA";"Defeito na Via";"Saída de leito carroçável";"Com Vítimas Feridas";"Pleno dia";"Crescente";"Céu Claro";"Dupla";"Reta;Declive";"Não";4;0;1;0;3;0;1;1;0,23121652;-51,15399599;"SPRF-AP";"DEL01-AP";"UOP01-DEL01-AP"
159700;2018-09-15;"sábado";"18:10:00";"GO";0;0;"ALVORADA DO NORTE";"Restrição de Visibilidade";"Colisão com objeto estático";"Sem Vítimas";"Plena Noite";"Não Informado";"Céu Claro";"Simples";"Reta";"Não";1;0;0;0;1;0;0;1;-14,5046863;-46,5149175;"SPRF-DF";"DEL02-DF";"UOP03-DEL02-DF"
159701;2018-09-15;"sábado";"17:40:00";"RJ";40;52;"PETROPOLIS";"Falta de Atenção à Condução";"Colisão com objeto estático";"Com Vítimas Feridas";"Anoitecer";"Decrescente";"Chuva";"Dupla";"Curva";"Não";2;0;1;0;1;0;1;1;-22,3449;-43,1322;"SPRF-RJ";"DEL06-RJ";"UOP01-DEL06-RJ"
159703;2018-09-15;"sábado";"17:40:00";"PR";469;16;"FOZ DO IGUACU";"Não guardar distância de segurança";"Colisão com objeto em movimento";"Com Vítimas Feridas";"Anoitecer";"Decrescente";"Céu Claro";"Simples";"Reta";"Sim";2;0;1;0;1;0;1;2;-25,5844;-54,5245;"SPRF-PR";"DEL05-PR";"UOP04-DEL05-PR"
159705;2018-09-15;"sábado";"18:40:00";"PR";376;631,5;"SAO JOSE DOS PINHAIS";"Desobediência às normas de trânsito pelo pedestre";"Atropelamento de Pedestre";"Com Vítimas Fatais";"Plena Noite";"Decrescente";"Garoa/Chuvisco";"Dupla";"Reta";"Sim";3;1;0;0;2;0;0;2;-25,71592;-49,13842;"SPRF-PR";"DEL01-PR";"DEL7/1-UOP08/PR"
159707;2018-09-15;"sábado";"17:44:00";"RJ";101;326;"NITEROI";"Falta de Atenção à Condução";"Colisão traseira";"Sem Vítimas";"Anoitecer";"Decrescente";"Céu Claro";"Múltipla";"Reta";"Não";2;0;0;0;2;0;0;2;-22,8759557;-43,1117034;"SPRF-RJ";"DEL02-RJ";"UOP02-DEL02-RJ"
159708;2018-09-15;"sábado";"18:00:00";"RS";290;52,6;"GLORINHA";"Falta de Atenção à Condução";"Saída de leito carroçável";"Com Vítimas Feridas";"Anoitecer";"Crescente";"Nublado";"Dupla";"Reta";"Não";3;0;2;0;1;0;2;1;-29,911516;-50,777485;"SPRF-RS";"DEL03-RS";"UOP02-DEL03-RS"
159709;2018-09-15;"sábado";"18:40:00";"SC";470;66,9;"INDAIAL";"Desobediência às normas de trânsito pelo condutor";"Colisão transversal";"Com Vítimas Feridas";"Plena Noite";"Crescente";"Nublado";"Simples";"Reta";"Não";3;0;2;1;0;0;3;2;-26,87164542;-49,23058206;"SPRF-SC";"DEL04-SC";"UOP01-DEL04-SC"
159710;2018-09-15;"sábado";"15:00:00";"SC";163;107,5;"GUARUJA DO SUL";"Velocidade Incompatível";"Saída de leito carroçável";"Com Vítimas Feridas";"Pleno dia";"Decrescente";"Nublado";"Simples";"Curva";"Não";3;0;1;0;2;0;1;3;-26,41167066;-53,52272451;"SPRF-SC";"DEL07-SC";"UOP04-DEL07-SC"
159711;2018-09-15;"sábado";"18:35:00";"ES";262;6,5;"CARIACICA";"Defeito na Via";"Queda de ocupante de veículo";"Com Vítimas Feridas";"Plena Noite";"Crescente";"Nublado";"Múltipla";"Retorno Regulamentado";"Sim";2;0;1;0;1;0;1;1;-20,34159253;-40,39734274;"SPRF-ES";"DEL01-ES";"UOP01-DEL01-ES"
159712;2018-09-15;"sábado";"18:50:00";"RJ";40;62;"PETROPOLIS";"Desobediência às normas de trânsito pelo condutor";"Colisão com objeto em movimento";"Com Vítimas Feridas";"Plena Noite";"Decrescente";"Nublado";"Dupla";"Reta";"Sim";2;0;0;1;1;0;1;2;-22,4146;-43,1503;"SPRF-RJ";"DEL06-RJ";"UOP01-DEL06-RJ"
159713;2018-09-15;"sábado";"19:00:00";"ES";259;66;"COLATINA";"Ingestão de Álcool";"Colisão lateral";"Com Vítimas Feridas";"Plena Noite";"Decrescente";"Céu Claro";"Simples";"Reta";"Não";2;0;0;1;1;0;1;2;-19,515846;-40,724758;"SPRF-ES";"DEL02-ES";"UOP01-DEL02-ES"
159714;2018-09-15;"sábado";"19:05:00";"PR";376;158;"MANDAGUACU";"Falta de Atenção à Condução";"Colisão transversal";"Com Vítimas Feridas";"Plena Noite";"Crescente";"Céu Claro";"Dupla";"Reta";"Sim";2;0;1;0;1;0;1;2;-23,352516;-52,09127;"SPRF-PR";"DEL07-PR";"UOP01-DEL09-PR"
159715;2018-09-15;"sábado";"18:50:00";"GO";153;520;"HIDROLANDIA";"Falta de Atenção à Condução";"Saída de leito carroçável";"Com Vítimas Feridas";"Plena Noite";"Decrescente";"Céu Claro";"Dupla";"Reta";"Não";2;0;2;0;0;0;2;1;-16,8847;-49,254;"SPRF-GO";"DEL01-GO";"UOP03-DEL01-GO"
159716;2018-09-15;"sábado";"21:00:00";"DF";70;19;"BRASILIA";"Defeito Mecânico no Veículo";"Queda de ocupante de veículo";"Com Vítimas Feridas";"Plena Noite";"Crescente";"Céu Claro";"Dupla";"Reta";"Sim";2;0;1;0;1;0;1;1;-15,7889499;-48,22141886;"SPRF-DF";"DEL01-DF";"UOP02-DEL03-DF"
159717;2018-09-15;"sábado";"18:30:00";"PR";277;123;"BALSA NOVA";"Defeito Mecânico no Veículo";"Atropelamento de Pedestre";"Com Vítimas Fatais";"Plena Noite";"Decrescente";"Nublado";"Simples";"Declive";"Não";2;1;0;0;1;0;0;2;-25,462607;-49,586095;"SPRF-PR";"DEL01-PR";"UOP06-DEL01-PR"
159719;2018-09-15;"sábado";"18:20:00";"MS";158;259;"TRES LAGOAS";"Ingestão de Álcool";"Colisão traseira";"Com Vítimas Feridas";"Plena Noite";"Crescente";"Céu Claro";"Simples";"Aclive";"Não";5;0;5;0;0;0;5;2;-20,659103;-51,795643;"SPRF-MS";"DEL07-MS";"UOP01-DEL07-MS"
159721;2018-09-15;"sábado";"19:15:00";"SC";101;136;"BALNEARIO CAMBORIU";"Ingestão de Álcool";"Colisão lateral";"Com Vítimas Feridas";"Plena Noite";"Crescente";"Garoa/Chuvisco";"Simples";"Reta";"Não";3;0;1;0;2;0;1;2;-27,0158;-48,6117;"SPRF-SC";"DEL04-SC";"UOP03-DEL04-SC"
159723;2018-09-15;"sábado";"19:20:00";"PR";116;116,8;"CURITIBA";"Falta de Atenção à Condução";"Colisão traseira";"Com Vítimas Feridas";"Plena Noite";"Crescente";"Chuva";"Dupla";"Declive";"Sim";2;0;1;0;1;0;1;2;-25,5561437;-49,3067865;"SPRF-PR";"DEL01-PR";"UOP07-DEL01-PR"
159724;2018-09-15;"sábado";"19:00:00";"CE";222;3;"CAUCAIA";"Falta de Atenção à Condução";"Colisão traseira";"Com Vítimas Feridas";"Plena Noite";"Crescente";"Céu Claro";"Múltipla";"Ponte";"Sim";2;0;0;1;1;0;1;2;-3,74094126;-38,59997923;"SPRF-CE";"DEL01-CE";"UOP01-DEL01-CE"
159725;2018-09-15;"sábado";"18:00:00";"RJ";40;121;"DUQUE DE CAXIAS";"Agressão Externa";"Colisão com objeto estático";"Com Vítimas Feridas";"Anoitecer";"Decrescente";"Garoa/Chuvisco";"Múltipla";"Reta";"Sim";1;0;1;0;0;0;1;1;-22,79295772;-43,28596115;"SPRF-RJ";"DEL01-RJ";"UOP01-DEL01-RJ"
159728;2018-09-15;"sábado";"19:00:00";"SC";101;336,5;"TUBARAO";"Falta de Atenção à Condução";"Colisão transversal";"Com Vítimas Feridas";"Plena Noite";"Decrescente";"Chuva";"Dupla";"Rotatória";"Sim";3;0;2;0;1;0;2;2;-28,47658515;-49,02969182;"SPRF-SC";"DEL02-SC";"UOP01-DEL02-SC"
159731;2018-09-15;"sábado";"18:50:00";"RS";158;466,8;"ROSARIO DO SUL";"Defeito na Via";"Saída de leito carroçável";"Com Vítimas Feridas";"Plena Noite";"Decrescente";"Nublado";"Simples";"Reta";"Não";1;0;1;0;0;0;1;1;-30,24216257;-54,95095253;"SPRF-RS";"DEL11-RS";"UOP02-DEL11-RS"
159732;2018-09-15;"sábado";"19:15:00";"PR";116;17,5;"CURITIBA";"Falta de Atenção à Condução";"Colisão traseira";"Com Vítimas Feridas";"Plena Noite";"Crescente";"Nublado";"Dupla";"Reta";"Sim";6;0;1;0;5;0;1;5;-25,38888215;-49,19853687;"SPRF-PR";"DEL01-PR";"UOP02-DEL01-PR"
159733;2018-09-15;"sábado";"19:30:00";"SE";235;35;"AREIA BRANCA";"Falta de Atenção à Condução";"Colisão frontal";"Sem Vítimas";"Plena Noite";"Crescente";"Céu Claro";"Simples";"Reta";"Sim";2;0;0;0;2;0;0;2;-10,763301;-37,320831;"SPRF-SE";"DEL01-SE";"UOP02-DEL01-SE"
159736;2018-09-15;"sábado";"19:30:00";"MA";316;270;"BELA VISTA DO MARANHAO";"Animais na Pista";"Atropelamento de Animal";"Sem Vítimas";"Plena Noite";"Decrescente";"Ignorado";"Simples";"Reta";"Não";1;0;0;0;1;0;0;1;-3,700717;-45,316357;"SPRF-MA";"DEL02-MA";"UI04-DEL02-MA"
159737;2018-09-15;"sábado";"20:00:00";"SC";101;413,4;"ARARANGUA";"Deficiência ou não Acionamento do Sistema de Iluminação/Sinalização do Veículo";"Colisão transversal";"Com Vítimas Feridas";"Plena Noite";"Decrescente";"Nublado";"Dupla";"Interseção de Vias";"Não";2;0;1;0;0;1;1;2;-28,9371061;-49,52001572;"SPRF-SC";"DEL02-SC";"UOP02-DEL02-SC"
159739;2018-05-03;"quinta-feira";"11:20:00";"RS";116;563;"PEDRO OSORIO";"Desobediência às normas de trânsito pelo condutor";"Colisão transversal";"Com Vítimas Feridas";"Pleno dia";"Crescente";"Céu Claro";"Dupla";"Reta";"Não";3;0;1;0;2;0;1;2;-31,92666943;-52,72574902;"SPRF-RS";"DEL07-RS";"UOP03-DEL07-RS"
159740;2018-09-15;"sábado";"20:45:00";"MG";364;32,7;"FRUTAL";"Falta de Atenção à Condução";"Colisão com objeto estático";"Sem Vítimas";"Plena Noite";"Crescente";"Céu Claro";"Simples";"Ponte";"Não";1;0;0;0;1;0;0;1;-20,00391903;-48,94168854;"SPRF-MG";"DEL13-MG";"UOP02-DEL13-MG"
159741;2018-09-15;"sábado";"18:10:00";"SC";282;83;"ALFREDO WAGNER";"Velocidade Incompatível";"Saída de leito carroçável";"Com Vítimas Feridas";"Plena Noite";"Decrescente";"Nublado";"Simples";"Curva;Aclive";"Não";2;0;2;0;0;0;2;1;-27,666153;-49,175022;"SPRF-SC";"DEL01-SC";"UOP03-DEL01-SC"
159742;2018-09-15;"sábado";"20:30:00";"PR";376;178,3;"MARINGA";"Ingestão de Álcool";"Colisão traseira";"Com Vítimas Feridas";"Plena Noite";"Decrescente";"Céu Claro";"Dupla";"Reta;Interseção de Vias";"Sim";2;0;1;0;1;0;1;2;-23,41752195;-51,91789985;"SPRF-PR";"DEL07-PR";"UOP01-DEL09-PR"
159743;2018-09-15;"sábado";"21:00:00";"RJ";40;115;"DUQUE DE CAXIAS";"Ingestão de Álcool";"Saída de leito carroçável";"Sem Vítimas";"Pleno dia";"Crescente";"Chuva";"Múltipla";"Reta";"Não";1;0;0;0;1;0;0;1;-22,7374;-43,2883;"SPRF-RJ";"DEL01-RJ";"UOP01-DEL01-RJ"
159744;2018-09-15;"sábado";"20:50:00";"MG";116;278;"TEOFILO OTONI";"Falta de Atenção do Pedestre";"Atropelamento de Pedestre";"Com Vítimas Feridas";"Plena Noite";"Decrescente";"Céu Claro";"Simples";"Reta";"Sim";3;0;2;0;1;0;2;2;-17,86470697;-41,51588559;"SPRF-MG";"DEL11-MG";"UOP01-DEL11-MG"
159745;2018-09-15;"sábado";"21:00:00";"PA";10;266;"AURORA DO PARA";"Ultrapassagem Indevida";"Colisão lateral";"Com Vítimas Feridas";"Plena Noite";"Crescente";"Céu Claro";"Simples";"Reta";"Não";3;0;0;2;1;0;2;2;-2,08488216;-47,5605011;"SPRF-PA";"DEL02-PA";"UOP01-DEL02-PA"
159746;2018-09-15;"sábado";"21:00:00";"SC";101;115;"ITAJAI";"Condutor Dormindo";"Saída de leito carroçável";"Sem Vítimas";"Plena Noite";"Decrescente";"Nublado";"Dupla";"Reta";"Não";1;0;0;0;0;1;0;1;-26,8793;-48,7258;"SPRF-SC";"DEL04-SC";"UOP04-DEL04-SC"
159747;2018-09-15;"sábado";"20:30:00";"MT";364;550;"ROSARIO OESTE";"Defeito Mecânico no Veículo";"Queda de ocupante de veículo";"Com Vítimas Feridas";"Plena Noite";"Decrescente";"Céu Claro";"Dupla";"Reta";"Sim";1;0;1;0;0;0;1;1;-14,846367;-56,447002;"SPRF-MT";"DEL01-MT";"UOP01-DEL01-MT"
159748;2018-09-15;"sábado";"21:15:00";"PE";101;70,8;"RECIFE";"Falta de Atenção à Condução";"Colisão traseira";"Com Vítimas Feridas";"Plena Noite";"Crescente";"Nublado";"Dupla";"Reta;Em Obras";"Sim";2;0;1;0;1;0;1;2;-8,06934248;-34,9425745;"SPRF-PE";"DEL01-PE";"UOP01-DEL01-PE"
159750;2018-09-15;"sábado";"19:25:00";"SC";280;130,2;"RIO NEGRINHO";"Falta de Atenção à Condução";"Colisão frontal";"Com Vítimas Feridas";"Plena Noite";"Decrescente";"Nublado";"Simples";"Curva";"Sim";2;0;0;1;1;0;1;2;-26,253033;-49,529274;"SPRF-SC";"DEL06-SC";"UOP03-DEL06-SC"
159751;2018-09-15;"sábado";"19:50:00";"SC";280;129,7;"RIO NEGRINHO";"Velocidade Incompatível";"Saída de leito carroçável";"Com Vítimas Feridas";"Plena Noite";"Crescente";"Nublado";"Simples";"Reta";"Sim";1;0;1;0;0;0;1;1;-26,245865;-49,522846;"SPRF-SC";"DEL06-SC";"UOP03-DEL06-SC"
159752;2018-09-15;"sábado";"22:00:00";"BA";324;619;"SALVADOR";"Defeito Mecânico no Veículo";"Queda de ocupante de veículo";"Com Vítimas Feridas";"Plena Noite";"Crescente";"Céu Claro";"Múltipla";"Reta";"Não";2;0;2;0;0;0;2;1;-12,91412756;-38,46054107;"SPRF-BA";"DEL01-BA";"UOP01-DEL01-BA"
159753;2018-09-15;"sábado";"22:00:00";"AP";210;3;"MACAPA";"Ingestão de Álcool";"Colisão traseira";"Com Vítimas Feridas";"Plena Noite";"Decrescente";"Céu Claro";"Dupla";"Reta";"Sim";2;0;2;0;0;0;2;2;0,087255;-51,085796;"SPRF-AP";"DEL01-AP";"UOP01-DEL01-AP"
159755;2018-09-15;"sábado";"22:10:00";"RJ";40;124;"DUQUE DE CAXIAS";"Desobediência às normas de trânsito pelo condutor";"Colisão traseira";"Com Vítimas Feridas";"Plena Noite";"Decrescente";"Chuva";"Múltipla";"Reta";"Sim";1;0;1;0;0;0;1;1;-22,8110056;-43,2876196;"SPRF-RJ";"DEL01-RJ";"UOP01-DEL01-RJ"
159757;2018-09-15;"sábado";"22:15:00";"RS";287;248;"SANTA MARIA";"Ingestão de álcool e/ou substâncias psicoativas pelo pedestre";"Colisão lateral";"Sem Vítimas";"Plena Noite";"Crescente";"Nublado";"Simples";"Reta";"Sim";2;0;0;0;2;0;0;2;-29,696018;-53,850956;"SPRF-RS";"DEL09-RS";"UOP01-DEL09-RS"
159758;2018-09-15;"sábado";"22:20:00";"PR";277;655;"MATELANDIA";"Ingestão de Álcool";"Saída de leito carroçável";"Com Vítimas Feridas";"Plena Noite";"Crescente";"Céu Claro";"Simples";"Curva;Declive";"Não";2;0;2;0;0;0;2;1;-25,230791;-53,952805;"SPRF-PR";"DEL05-PR";"UOP02-DEL05-PR"
159759;2018-09-15;"sábado";"22:30:00";"ES";101;265,6;"SERRA";"Falta de Atenção à Condução";"Tombamento";"Com Vítimas Feridas";"Plena Noite";"Decrescente";"Nublado";"Múltipla";"Reta";"Sim";1;0;1;0;0;0;1;1;-20,18796075;-40,26802272;"SPRF-ES";"DEL02-ES";"UOP01-DEL02-ES"
159760;2018-09-15;"sábado";"20:30:00";"MG";381;159,8;"GOVERNADOR VALADARES";"Velocidade Incompatível";"Saída de leito carroçável";"Com Vítimas Feridas";"Plena Noite";"Decrescente";"Céu Claro";"Simples";"Interseção de Vias";"Sim";1;0;1;0;0;0;1;1;-18,924557;-42,019333;"SPRF-MG";"DEL06-MG";"UOP01-DEL06-MG"
159761;2018-09-15;"sábado";"21:00:00";"SP";381;0,5;"VARGEM";"Desobediência às normas de trânsito pelo condutor";"Colisão com objeto estático";"Com Vítimas Fatais";"Plena Noite";"Decrescente";"Chuva";"Dupla";"Reta";"Não";2;1;1;0;0;0;1;1;-22,8813395;-46,3786099;"SPRF-SP";"DEL03-SP";"UOP02-DEL03-SP"
159763;2018-09-15;"sábado";"08:30:00";"MG";50;180;"UBERABA";"Desobediência às normas de trânsito pelo condutor";"Tombamento";"Com Vítimas Feridas";"Pleno dia";"Decrescente";"Nublado";"Dupla";"Reta";"Sim";1;0;1;0;0;0;1;1;-19,7852;-47,9169;"SPRF-MG";"DEL13-MG";"UOP01-DEL13-MG"
159769;2018-09-15;"sábado";"19:15:00";"PI";343;599;"FLORIANO";"Ingestão de Álcool";"Colisão transversal";"Com Vítimas Feridas";"Plena Noite";"Decrescente";"Céu Claro";"Dupla";"Rotatória";"Sim";2;0;1;0;1;0;1;2;-6,827629;-43,064651;"SPRF-PI";"DEL03-PI";"UOP01-DEL03-PI"
159771;2018-09-16;"domingo";"00:15:00";"DF";20;12,8;"BRASILIA";"Condutor Dormindo";"Saída de leito carroçável";"Com Vítimas Feridas";"Plena Noite";"Crescente";"Céu Claro";"Dupla";"Reta";"Sim";1;0;1;0;0;0;1;1;-15,63975406;-47,75090575;"SPRF-DF";"DEL02-DF";"UOP01-DEL02-DF"
159772;2018-09-15;"sábado";"23:10:00";"SC";470;12,5;"NAVEGANTES";"Condutor Dormindo";"Queda de ocupante de veículo";"Com Vítimas Feridas";"Plena Noite";"Crescente";"Nublado";"Simples";"Reta";"Não";1;0;1;0;0;0;1;1;-26,839108;-48,766262;"SPRF-SC";"DEL04-SC";"UOP04-DEL04-SC"
159773;2018-09-15;"sábado";"23:30:00";"RS";290;105,6;"ELDORADO DO SUL";"Defeito Mecânico no Veículo";"Saída de leito carroçável";"Com Vítimas Feridas";"Plena Noite";"Crescente";"Céu Claro";"Dupla";"Reta";"Não";3;0;2;0;0;1;2;2;-29,99608;-51,285023;"SPRF-RS";"DEL02-RS";"UOP01-DEL02-RS"
159774;2018-09-16;"domingo";"00:20:00";"SC";101;216;"PALHOCA";"Condutor Dormindo";"Saída de leito carroçável";"Com Vítimas Feridas";"Plena Noite";"Decrescente";"Chuva";"Dupla";"Reta";"Sim";4;0;4;0;0;0;4;1;-27,659815;-48,677479;"SPRF-SC";"DEL01-SC";"UOP02-DEL01-SC"
159775;2018-09-15;"sábado";"22:25:00";"CE";222;263;"COREAU";"Desobediência às normas de trânsito pelo condutor";"Colisão lateral";"Com Vítimas Feridas";"Plena Noite";"Crescente";"Céu Claro";"Simples";"Reta";"Não";2;0;0;1;1;0;1;2;-3,748538;-40,67572;"SPRF-CE";"DEL04-CE";"UOP01-DEL04-CE"