"id";"data_inversa";"dia_semana";"horario";"uf";"br";"km";"municipio";"causa_acidente";"tipo_acidente";"classificacao_acidente";"fase_dia";"sentido_via";"condicao_metereologica";"tipo_pista";"tracado_via";"uso_solo";"pessoas";"mortos";"feridos_leves";"feridos_graves";"ilesos";"ignorados";"feridos";"veiculos";"latitude";"longitude";"regional";"delegacia";"uop"
159776;2018-09-16;"domingo";"00:45:00";"RS";285;516,9;"VITORIA DAS MISSOES";"Desobediência às normas de trânsito pelo condutor";"Colisão frontal";"Com Vítimas Feridas";"Plena Noite";"Decrescente";"Céu Claro";"Simples";"Aclive;Reta";"Não";2;0;2;0;0;0;2;2;-28,39761064;-54,44159567;"SPRF-RS";"DEL10-RS";"UOP01-DEL10-RS"
159778;2018-09-15;"sábado";"22:30:00";"PR";116;117;"CURITIBA";"Ingestão de Álcool";"Colisão traseira";"Sem Vítimas";"Plena Noite";"Crescente";"Nublado";"Múltipla";"Reta";"Sim";2;0;0;0;2;0;0;2;-25,544559;-49,30146;"SPRF-PR";"DEL01-PR";"UOP07-DEL01-PR"
159779;2018-09-16;"domingo";"00:30:00";"RJ";116;75,2;"TERESOPOLIS";"Falta de Atenção à Condução";"Colisão com objeto estático";"Com Vítimas Feridas";"Plena Noite";"Crescente";"Chuva";"Simples";"Curva";"Não";2;0;1;0;1;0;1;2;-22,3813523;-42,9543705;"SPRF-RJ";"DEL04-RJ";"UOP01-DEL04-RJ"
159780;2018-09-16;"domingo";"00:30:00";"MS";463;104;"PONTA PORA";"Ingestão de Álcool";"Colisão traseira";"Com Vítimas Feridas";"Plena Noite";"Crescente";"Nublado";"Simples";"Reta";"Não";4;0;1;0;3;0;1;2;-22,608138;-55,649385;"SPRF-MS";"DEL04-MS";"UOP03-DEL04-MS"
159781;2018-09-16;"domingo";"01:00:00";"MG";381;719,2;"CARMO DA CACHOEIRA";"Desobediência às normas de trânsito pelo condutor";"Colisão transversal";"Sem Vítimas";"Plena Noite";"Decrescente";"Nublado";"Dupla";"Reta";"Não";2;0;0;0;2;0;0;2;-21,41865449;-45,21207506;"SPRF-MG";"DEL04-MG";"UOP02-DEL04-MG"
159782;2018-09-16;"domingo";"00:50:00";"PR";376;112;"PARANAVAI";"Ingestão de Álcool";"Saída de leito carroçável";"Sem Vítimas";"Plena Noite";"Decrescente";"Céu Claro";"Dupla";"Curva";"Não";1;0;0;0;1;0;0;1;-23,09257;-52,38679;"SPRF-PR";"DEL07-PR";"UOP02-DEL09-PR"
159783;2018-09-16;"domingo";"00:50:00";"SP";116;229;"SAO PAULO";"Falta de Atenção à Condução";"Colisão lateral";"Com Vítimas Fatais";"Plena Noite";"Crescente";"Céu Claro";"Múltipla";"Declive";"Sim";1;1;0;0;0;0;0;1;-23,50670025;-46,57018661;"SPRF-SP";"DEL01-SP";"UOP01-DEL01-SP"
159784;2018-09-16;"domingo";"01:00:00";"PR";116;125;"FAZENDA RIO GRANDE";"Falta de Atenção à Condução";"Colisão traseira";"Com Vítimas Feridas";"Plena Noite";"Decrescente";"Garoa/Chuvisco";"Dupla";"Reta";"Sim";2;0;0;1;1;0;1;2;-25,621508;-49,316216;"SPRF-PR";"DEL01-PR";"UOP03-DEL01-PR"
159785;2018-09-16;"domingo";"01:30:00";"RJ";116;167,1;"SAO JOAO DE MERITI";"Ingestão de Álcool";"Colisão traseira";"Com Vítimas Feridas";"Plena Noite";"Crescente";"Nublado";"Múltipla";"Reta";"Sim";6;0;2;0;4;0;2;2;-22,80087032;-43,35342407;"SPRF-RJ";"DEL01-RJ";"UOP02-DEL01-RJ"
159786;2018-09-16;"domingo";"00:50:00";"RJ";493;115;"ITAGUAI";"Objeto estático sobre o leito carroçável";"Queda de ocupante de veículo";"Com Vítimas Feridas";"Plena Noite";"Decrescente";"Nublado";"Dupla";"Reta";"Não";1;0;0;1;0;0;1;1;-22,85608742;-43,7856245;"SPRF-RJ";"DEL03-RJ";"UOP01-DEL03-RJ"
159787;2018-09-15;"sábado";"23:30:00";"MT";174;148;"MIRASSOL DOESTE";"Objeto estático sobre o leito carroçável";"Colisão com objeto estático";"Sem Vítimas";"Plena Noite";"Crescente";"Nublado";"Simples";"Reta";"Não";1;0;0;0;1;0;0;1;-15,817064;-58,286018;"SPRF-MT";"DEL03-MT";"UOP01-DEL03-MT"
159790;2018-09-16;"domingo";"03:10:00";"SC";101;81,6;"BARRA VELHA";"Falta de Atenção à Condução";"Colisão com objeto estático";"Com Vítimas Feridas";"Plena Noite";"Crescente";"Nublado";"Dupla";"Reta";"Não";1;0;1;0;0;0;1;1;-26,61032308;-48,72225165;"SPRF-SC";"DEL03-SC";"UOP02-DEL03-SC"
159791;2018-09-16;"domingo";"01:30:00";"PE";101;97,3;"CABO DE SANTO AGOSTINHO";"Falta de Atenção à Condução";"Saída de leito carroçável";"Sem Vítimas";"Plena Noite";"Crescente";"Nublado";"Simples";"Reta";"Não";1;0;0;0;0;1;0;1;-8,26853062;-35,02076626;"SPRF-PE";"DEL01-PE";"UOP03-DEL01-PE"
159792;2018-09-16;"domingo";"03:15:00";"RS";116;238,5;"NOVO HAMBURGO";"Não guardar distância de segurança";"Colisão traseira";"Com Vítimas Feridas";"Plena Noite";"Decrescente";"Céu Claro";"Dupla";"Declive";"Sim";2;0;1;0;1;0;1;2;-29,69208379;-51,14328593;"SPRF-RS";"DEL01-RS";"UOP02-DEL01-RS"
159793;2018-09-16;"domingo";"00:15:00";"SC";280;303,4;"PORTO UNIAO";"Ingestão de Álcool";"Colisão com objeto estático";"Com Vítimas Feridas";"Plena Noite";"Decrescente";"Céu Claro";"Simples";"Reta";"Não";2;0;2;0;0;0;2;1;-26,296299;-50,915482;"SPRF-SC";"DEL06-SC";"UOP04-DEL06-SC"
159794;2018-09-16;"domingo";"03:00:00";"PR";369;157;"LONDRINA";"Ingestão de Álcool";"Colisão com objeto estático";"Com Vítimas Feridas";"Plena Noite";"Decrescente";"Céu Claro";"Dupla";"Reta";"Sim";1;0;1;0;0;0;1;1;-23,287;-51,228;"SPRF-PR";"DEL07-PR";"UOP01-DEL07-PR"
159795;2018-09-16;"domingo";"03:40:00";"MG";381;584;"CARMOPOLIS DE MINAS";"Velocidade Incompatível";"Capotamento";"Com Vítimas Feridas";"Plena Noite";"Crescente";"Nublado";"Dupla";"Curva;Declive";"Não";2;0;1;1;0;0;2;1;-20,5177;-44,6187;"SPRF-MG";"DEL04-MG";"UOP01-DEL04-MG"
159796;2018-09-15;"sábado";"19:00:00";"MT";364;265;"SAO PEDRO DA CIPA";"Falta de Atenção à Condução";"Colisão transversal";"Com Vítimas Feridas";"Plena Noite";"Crescente";"Chuva";"Simples";"Ponte";"Sim";2;0;2;0;0;0;2;1;-15,99763534;-54,92116928;"SPRF-MT";"DEL02-MT";"UOP02-DEL05-MT"
159797;2018-09-15;"sábado";"08:45:00";"RS";116;149;"CAXIAS DO SUL";"Restrição de Visibilidade";"Colisão lateral";"Com Vítimas Feridas";"Pleno dia";"Decrescente";"Chuva";"Dupla";"Interseção de Vias";"Sim";3;0;1;0;2;0;1;3;-29,16656166;-51,15845382;"SPRF-RS";"DEL05-RS";"UOP01-DEL05-RS"
159799;2018-09-16;"domingo";"03:00:00";"RS";471;181;"RIO PARDO";"Ingestão de Álcool";"Saída de leito carroçável";"Com Vítimas Feridas";"Plena Noite";"Crescente";"Nublado";"Simples";"Reta";"Não";2;0;1;0;1;0;1;1;-30,085266;-52,3666;"SPRF-RS";"DEL02-RS";"UOP02-DEL02-RS"
159801;2018-09-16;"domingo";"05:00:00";"SP";116;273;"TABOAO DA SERRA";"Falta de Atenção à Condução";"Colisão lateral";"Com Vítimas Fatais";"Amanhecer";"Decrescente";"Nublado";"Dupla";"Reta";"Não";2;1;0;0;0;1;0;2;-23,61287368;-46,77884102;"SPRF-SP";"DEL04-SP";"UOP01-DEL04-SP"
159802;2018-09-16;"domingo";"01:50:00";"PB";230;459,7;"SOUSA";"Falta de Atenção à Condução";"Colisão traseira";"Com Vítimas Fatais";"Plena Noite";"Decrescente";"Céu Claro";"Simples";"Reta";"Sim";2;1;0;0;0;1;0;2;-6,7762;-38,1899;"SPRF-PB";"DEL03-PB";"UOP03-DEL03-PB"
159803;2018-09-16;"domingo";"04:50:00";"RS";158;357,9;"DILERMANDO DE AGUIAR";"Animais na Pista";"Atropelamento de Animal";"Com Vítimas Feridas";"Plena Noite";"Crescente";"Nevoeiro/Neblina";"Simples";"Reta";"Não";1;0;1;0;0;0;1;1;-29,768925;-54,082909;"SPRF-RS";"DEL09-RS";"UOP01-DEL09-RS"
159805;2018-09-16;"domingo";"04:00:00";"MG";262;52,5;"MANHUACU";"Ingestão de Álcool";"Saída de leito carroçável";"Sem Vítimas";"Plena Noite";"Decrescente";"Chuva";"Simples";"Reta";"Não";1;0;0;0;1;0;0;1;-20,246853;-42,154793;"SPRF-MG";"DEL06-MG";"UOP03-DEL06-MG"
159806;2018-09-16;"domingo";"05:30:00";"SC";101;243;"PALHOCA";"Desobediência às normas de trânsito pelo condutor";"Colisão com objeto estático";"Sem Vítimas";"Amanhecer";"Crescente";"Garoa/Chuvisco";"Dupla";"Reta";"Sim";1;0;0;0;1;0;0;1;-27,8961;-48,6484;"SPRF-SC";"DEL01-SC";"UOP02-DEL01-SC"
159807;2018-09-16;"domingo";"03:30:00";"MG";381;163;"GOVERNADOR VALADARES";"Velocidade Incompatível";"Colisão traseira";"Sem Vítimas";"Plena Noite";"Crescente";"Céu Claro";"Simples";"Reta";"Não";2;0;0;0;1;1;0;2;-18,935516;-42,051643;"SPRF-MG";"DEL06-MG";"UOP01-DEL06-MG"
159808;2018-09-16;"domingo";"01:30:00";"MG";116;375,5;"MATHIAS LOBATO";"Falta de Atenção à Condução";"Colisão traseira";"Com Vítimas Feridas";"Plena Noite";"Crescente";"Ignorado";"Simples";"Reta";"Sim";2;0;1;0;1;0;1;2;-18,57550613;-41,91731597;"SPRF-MG";"DEL06-MG";"UOP01-DEL06-MG"
159809;2018-09-16;"domingo";"05:15:00";"RJ";101;295;"ITABORAI";"Velocidade Incompatível";"Capotamento";"Com Vítimas Feridas";"Amanhecer";"Crescente";"Nublado";"Dupla";"Reta";"Sim";1;0;1;0;0;0;1;1;-22,76715948;-42,9142499;"SPRF-RJ";"DEL02-RJ";"DEL5/2-UOP04/RJ"
159812;2018-09-16;"domingo";"06:15:00";"PB";101;33,2;"MAMANGUAPE";"Velocidade Incompatível";"Saída de leito carroçável";"Com Vítimas Feridas";"Amanhecer";"Crescente";"Chuva";"Dupla";"Reta";"Não";2;0;2;0;0;0;2;1;-6,7886;-35,1348;"SPRF-PB";"DEL01-PB";"UOP04-DEL01-PB"
159813;2018-09-16;"domingo";"04:45:00";"BA";324;518;"FEIRA DE SANTANA";"Falta de Atenção à Condução";"Queda de ocupante de veículo";"Com Vítimas Feridas";"Pleno dia";"Crescente";"Nublado";"Dupla";"Reta";"Sim";1;0;1;0;0;0;1;1;-12,26352158;-38,94790649;"SPRF-BA";"DEL01-BA";"UOP01-DEL01-BA"
159814;2018-09-15;"sábado";"12:00:00";"MG";116;145;"PONTO DOS VOLANTES";"Falta de Atenção à Condução";"Tombamento";"Com Vítimas Fatais";"Plena Noite";"Decrescente";"Ignorado";"Simples";"Aclive";"Não";2;1;0;0;0;1;0;2;-16,76706995;-41,48677826;"SPRF-MG";"DEL11-MG";"UOP02-DEL11-MG"
159815;2018-09-16;"domingo";"05:50:00";"RS";290;490,3;"ROSARIO DO SUL";"Ingestão de Álcool";"Saída de leito carroçável";"Com Vítimas Feridas";"Plena Noite";"Decrescente";"Nublado";"Simples";"Reta";"Não";1;0;1;0;0;0;1;1;-30,234781;-55,022316;"SPRF-RS";"DEL11-RS";"UOP02-DEL11-RS"
159816;2018-09-16;"domingo";"06:00:00";"MG";262;368,2;"JUATUBA";"Pista Escorregadia";"Saída de leito carroçável";"Com Vítimas Feridas";"Pleno dia";"Crescente";"Chuva";"Dupla";"Curva;Declive";"Não";2;0;2;0;0;0;2;1;-19,9568;-44,344;"SPRF-MG";"DEL01-MG";"UOP03-DEL01-MG"
159817;2018-09-16;"domingo";"06:50:00";"MG";0;0;"NOVA LIMA";"Velocidade Incompatível";"Colisão com objeto estático";"Sem Vítimas";"Pleno dia";"Não Informado";"Garoa/Chuvisco";"Simples";"Reta";"Sim";1;0;0;0;0;1;0;1;-20,08205;-43,9770377;"SPRF-MG";"DEL01-MG";"UOP02-DEL01-MG"
159818;2018-09-16;"domingo";"06:50:00";"PE";101;52,8;"PAULISTA";"Desobediência às normas de trânsito pelo condutor";"Colisão transversal";"Com Vítimas Fatais";"Pleno dia";"Decrescente";"Nublado";"Múltipla";"Reta";"Sim";2;1;0;0;1;0;0;2;-7,9303764;-34,8999367;"SPRF-PE";"DEL01-PE";"UOP02-DEL01-PE"
159819;2018-09-16;"domingo";"05:00:00";"SP";116;269;"TABOAO DA SERRA";"Falta de Atenção à Condução";"Capotamento";"Sem Vítimas";"Amanhecer";"Decrescente";"Nublado";"Dupla";"Reta";"Sim";1;0;0;0;0;1;0;1;-23,60880378;-46,75513029;"SPRF-SP";"DEL04-SP";"UOP01-DEL04-SP"
159821;2018-09-16;"domingo";"02:45:00";"SC";282;525,9;"XAXIM";"Ingestão de Álcool";"Saída de leito carroçável";"Com Vítimas Feridas";"Plena Noite";"Crescente";"Nublado";"Simples";"Curva";"Não";2;0;2;0;0;0;2;1;-26,96843673;-52,57279873;"SPRF-SC";"DEL07-SC";"UOP01-DEL07-SC"
159822;2018-09-16;"domingo";"07:50:00";"PE";316;314,9;"FLORESTA";"Condutor Dormindo";"Saída de leito carroçável";"Com Vítimas Fatais";"Pleno dia";"Decrescente";"Sol";"Simples";"Reta";"Não";2;1;0;1;0;0;1;1;-8,70728651;-38,51394653;"SPRF-PE";"DEL04-PE";"UOP03-DEL04-PE"
159823;2018-06-29;"sexta-feira";"16:38:00";"AL";101;104;"PILAR";"Não guardar distância de segurança";"Colisão traseira";"Sem Vítimas";"Anoitecer";"Decrescente";"Céu Claro";"Simples";"Reta";"Não";2;0;0;0;2;0;0;2;-9,5869552;-35,98649025;"SPRF-AL";"DEL02-AL";"UOP01-DEL02-AL"
159824;2018-09-16;"domingo";"06:10:00";"SC";101;195,6;"BIGUACU";"Ingestão de Álcool";"Colisão com objeto estático";"Sem Vítimas";"Pleno dia";"Crescente";"Chuva";"Simples";"Reta";"Não";2;0;0;0;2;0;0;2;-27,50901365;-48,64575413;"SPRF-SC";"DEL01-SC";"UOP01-DEL01-SC"
159825;2018-09-16;"domingo";"08:30:00";"MG";40;824,7;"SIMAO PEREIRA";"Velocidade Incompatível";"Queda de ocupante de veículo";"Com Vítimas Feridas";"Pleno dia";"Decrescente";"Céu Claro";"Dupla";"Curva";"Não";1;0;0;1;0;0;1;1;-21,9904;-43,2843;"SPRF-MG";"DEL05-MG";"UOP01-DEL05-MG"
159826;2018-09-16;"domingo";"08:10:00";"ES";101;267,6;"SERRA";"Falta de Atenção à Condução";"Colisão lateral";"Com Vítimas Feridas";"Pleno dia";"Crescente";"Chuva";"Múltipla";"Reta";"Sim";2;0;1;0;1;0;1;2;-20,20544079;-40,26946843;"SPRF-ES";"DEL02-ES";"UOP01-DEL02-ES"
159827;2018-09-16;"domingo";"08:55:00";"MG";381;2,1;"BETIM";"Velocidade Incompatível";"Colisão com objeto estático";"Com Vítimas Feridas";"Pleno dia";"Crescente";"Nublado";"Dupla";"Curva";"Sim";4;0;4;0;0;0;4;1;-19,96825;-44,198708;"SPRF-MG";"DEL01-MG";"UOP03-DEL01-MG"
159828;2018-09-16;"domingo";"08:35:00";"PE";232;407,8;"SERRA TALHADA";"Falta de Atenção à Condução";"Colisão traseira";"Sem Vítimas";"Pleno dia";"Decrescente";"Céu Claro";"Simples";"Reta";"Sim";2;0;0;0;2;0;0;2;-7,987209;-38,262493;"SPRF-PE";"DEL04-PE";"UOP01-DEL04-PE"
159829;2018-09-16;"domingo";"09:00:00";"GO";70;24;"COCALZINHO DE GOIAS";"Defeito na Via";"Capotamento";"Com Vítimas Feridas";"Pleno dia";"Crescente";"Céu Claro";"Simples";"Curva";"Sim";3;0;2;0;1;0;2;1;-15,74285814;-48,41048241;"SPRF-DF";"DEL01-DF";"UOP02-DEL03-DF"
159830;2018-09-16;"domingo";"08:30:00";"AL";104;8,1;"MURICI";"Defeito Mecânico no Veículo";"Saída de leito carroçável";"Com Vítimas Feridas";"Pleno dia";"Crescente";"Céu Claro";"Simples";"Curva";"Não";7;0;5;1;1;0;6;1;-9,30688;-35,940841;"SPRF-AL";"DEL01-AL";"UOP02-DEL01-AL"
159831;2018-09-16;"domingo";"08:10:00";"MG";262;378,7;"JUATUBA";"Defeito Mecânico no Veículo";"Colisão com objeto estático";"Com Vítimas Feridas";"Pleno dia";"Crescente";"Garoa/Chuvisco";"Dupla";"Curva";"Não";2;0;1;0;1;0;1;1;-19,9324;-44,4265;"SPRF-MG";"DEL01-MG";"UOP03-DEL01-MG"
159833;2018-09-16;"domingo";"09:15:00";"DF";40;4,7;"BRASILIA";"Falta de Atenção à Condução";"Colisão lateral";"Com Vítimas Feridas";"Pleno dia";"Crescente";"Sol";"Dupla";"Reta";"Sim";3;0;2;0;1;0;2;2;-16,01815783;-47,98117876;"SPRF-DF";"DEL01-DF";"UOP01-DEL01-DF"
159834;2018-09-16;"domingo";"02:00:00";"RJ";356;132,2;"CAMPOS DOS GOYTACAZES";"Velocidade Incompatível";"Saída de leito carroçável";"Com Vítimas Fatais";"Plena Noite";"Decrescente";"Céu Claro";"Simples";"Curva";"Não";1;1;0;0;0;0;0;1;-21,713819;-41,358891;"SPRF-RJ";"DEL08-RJ";"UOP01-DEL08-RJ"
159835;2018-08-15;"quarta-feira";"17:30:00";"MG";50;174;"UBERABA";"Não guardar distância de segurança";"Queda de ocupante de veículo";"Com Vítimas Feridas";"Pleno dia";"Decrescente";"Céu Claro";"Dupla";"Reta";"Sim";1;0;1;0;0;0;1;1;-19,7787;-47,97;"SPRF-MG";"DEL13-MG";"UOP01-DEL13-MG"
159836;2018-09-16;"domingo";"08:58:00";"RJ";101;295;"ITABORAI";"Falta de Atenção à Condução";"Colisão com objeto estático";"Com Vítimas Feridas";"Pleno dia";"Decrescente";"Nublado";"Dupla";"Reta";"Não";2;0;1;0;1;0;1;1;-22,76598222;-42,90549517;"SPRF-RJ";"DEL02-RJ";"DEL5/2-UOP04/RJ"
159837;2018-09-16;"domingo";"09:25:00";"SC";470;54,6;"BLUMENAU";"Falta de Atenção à Condução";"Colisão transversal";"Com Vítimas Feridas";"Pleno dia";"Crescente";"Garoa/Chuvisco";"Simples";"Interseção de Vias";"Não";3;0;2;0;1;0;2;2;-26,87329151;-49,11429036;"SPRF-SC";"DEL04-SC";"UOP01-DEL04-SC"
159838;2018-09-16;"domingo";"09:50:00";"MG";40;562;"NOVA LIMA";"Velocidade Incompatível";"Saída de leito carroçável";"Com Vítimas Feridas";"Pleno dia";"Decrescente";"Chuva";"Dupla";"Curva";"Não";2;0;1;1;0;0;2;2;-20,14730401;-43,95951748;"SPRF-MG";"DEL01-MG";"UOP02-DEL01-MG"
159840;2018-09-16;"domingo";"10:15:00";"PR";376;300,3;"MAUA DA SERRA";"Objeto estático sobre o leito carroçável";"Queda de ocupante de veículo";"Com Vítimas Feridas";"Pleno dia";"Crescente";"Céu Claro";"Dupla";"Curva";"Não";1;0;0;1;0;0;1;1;-23,93417212;-51,1561203;"SPRF-PR";"DEL07-PR";"UOP02-DEL07-PR"
159841;2018-09-16;"domingo";"07:50:00";"AC";364;120;"RIO BRANCO";"Falta de Atenção à Condução";"Tombamento";"Com Vítimas Feridas";"Pleno dia";"Decrescente";"Nublado";"Dupla";"Rotatória";"Não";1;0;1;0;0;0;1;1;-10,012266;-67,755371;"SPRF-AC";"DEL01-AC";"UOP01-DEL01-AC"
159843;2018-09-16;"domingo";"10:20:00";"DF";60;12;"BRASILIA";"Condutor Dormindo";"Saída de leito carroçável";"Com Vítimas Feridas";"Pleno dia";"Crescente";"Céu Claro";"Dupla";"Curva";"Não";1;0;1;0;0;0;1;1;-15,91412111;-48,1640625;"SPRF-DF";"DEL01-DF";"UOP01-DEL03-DF"
159844;2018-09-16;"domingo";"09:40:00";"SC";470;42,7;"GASPAR";"Falta de Atenção à Condução";"Saída de leito carroçável";"Com Vítimas Feridas";"Pleno dia";"Crescente";"Garoa/Chuvisco";"Simples";"Reta";"Não";3;0;2;0;1;0;2;1;-26,87469832;-49,01019031;"SPRF-SC";"DEL04-SC";"UOP01-DEL04-SC"
159847;2018-09-16;"domingo";"10:40:00";"MG";381;334;"NOVA ERA";"Velocidade Incompatível";"Tombamento";"Com Vítimas Feridas";"Pleno dia";"Crescente";"Chuva";"Simples";"Aclive";"Não";1;0;1;0;0;0;1;1;-19,77133217;-43,04702684;"SPRF-MG";"DEL03-MG";"UOP01-DEL03-MG"
159849;2018-09-16;"domingo";"11:20:00";"SC";101;18;"JOINVILLE";"Pista Escorregadia";"Tombamento";"Com Vítimas Feridas";"Pleno dia";"Decrescente";"Garoa/Chuvisco";"Dupla";"Reta";"Não";2;0;0;2;0;0;2;1;-26,1339;-48,8966;"SPRF-SC";"DEL03-SC";"UOP01-DEL03-SC"
159850;2018-09-16;"domingo";"10:00:00";"MG";381;532;"ITATIAIUCU";"Velocidade Incompatível";"Colisão com objeto estático";"Com Vítimas Feridas";"Pleno dia";"Crescente";"Nublado";"Dupla";"Curva";"Não";2;0;1;0;1;0;1;1;-20,1709;-44,3729;"SPRF-MG";"DEL04-MG";"UOP03-DEL04-MG"
159852;2018-09-16;"domingo";"10:20:00";"RJ";40;30;"TRES RIOS";"Falta de Atenção à Condução";"Tombamento";"Com Vítimas Feridas";"Pleno dia";"Crescente";"Nublado";"Dupla";"Curva";"Não";1;0;1;0;0;0;1;1;-22,1928;-43,1585;"SPRF-RJ";"DEL06-RJ";"UOP02-DEL05-RJ"
159853;2018-09-16;"domingo";"11:35:00";"GO";80;4;"PADRE BERNARDO";"Falta de Atenção à Condução";"Saída de leito carroçável";"Com Vítimas Feridas";"Pleno dia";"Crescente";"Céu Claro";"Simples";"Curva;Aclive";"Não";1;0;1;0;0;0;1;1;-15,49454362;-48,22277069;"SPRF-DF";"DEL01-DF";"UOP02-DEL03-DF"
159854;2018-09-16;"domingo";"11:00:00";"SE";101;23,6;"MURIBECA";"Falta de Atenção à Condução";"Colisão transversal";"Com Vítimas Feridas";"Pleno dia";"Decrescente";"Céu Claro";"Simples";"Interseção de Vias";"Não";2;0;1;0;1;0;1;2;-10,39732536;-36,91818237;"SPRF-SE";"DEL02-SE";"UOP02-DEL02-SE"
159856;2018-09-16;"domingo";"12:00:00";"SP";116;62,1;"GUARATINGUETA";"Avarias e/ou desgaste excessivo no pneu";"Queda de ocupante de veículo";"Com Vítimas Feridas";"Pleno dia";"Crescente";"Nublado";"Dupla";"Reta";"Sim";2;0;2;0;0;0;2;1;-22,80486808;-45,17222007;"SPRF-SP";"DEL08-SP";"UOP01-DEL08-SP"
159857;2018-09-16;"domingo";"11:30:00";"MS";163;487,4;"CAMPO GRANDE";"Falta de Atenção à Condução";"Atropelamento de Pedestre";"Com Vítimas Fatais";"Pleno dia";"Crescente";"Chuva";"Simples";"Aclive";"Sim";2;1;0;0;1;0;0;2;-20,42056795;-54,54632521;"SPRF-MS";"DEL01-MS";"UOP02-DEL01-MS"
159858;2018-09-16;"domingo";"10:50:00";"MG";381;345;"BELA VISTA DE MINAS";"Velocidade Incompatível";"Colisão frontal";"Com Vítimas Feridas";"Plena Noite";"Decrescente";"Chuva";"Simples";"Curva";"Não";4;0;3;0;1;0;3;2;-19,83555676;-43,09644073;"SPRF-MG";"DEL03-MG";"UOP01-DEL03-MG"
159859;2018-09-16;"domingo";"12:00:00";"BA";110;343,1;"ALAGOINHAS";"Falta de Atenção à Condução";"Capotamento";"Com Vítimas Feridas";"Pleno dia";"Crescente";"Céu Claro";"Simples";"Reta";"Não";1;0;1;0;0;0;1;1;-12,18030734;-38,41579914;"SPRF-BA";"DEL01-BA";"UOP04-DEL01-BA"
159860;2018-09-16;"domingo";"12:12:00";"RR";174;504;"BOA VISTA";"Falta de Atenção à Condução";"Colisão traseira";"Com Vítimas Fatais";"Pleno dia";"Crescente";"Céu Claro";"Dupla";"Reta";"Sim";4;1;0;1;2;0;1;2;2,79268247;-60,69876367;"SPRF-RR";"DEL01-RR";"UOP01-DEL01-RR"
159861;2018-09-16;"domingo";"11:45:00";"MT";163;673;"LUCAS DO RIO VERDE";"Falta de Atenção à Condução";"Saída de leito carroçável";"Com Vítimas Feridas";"Pleno dia";"Decrescente";"Céu Claro";"Simples";"Reta";"Não";1;0;1;0;0;0;1;1;-13,20786047;-55,99456787;"SPRF-MT";"DEL06-MT";"UOP01-DEL06-MT"
159863;2018-09-16;"domingo";"12:55:00";"MG";381;708,8;"NEPOMUCENO";"Pista Escorregadia";"Colisão com objeto estático";"Com Vítimas Feridas";"Pleno dia";"Decrescente";"Céu Claro";"Dupla";"Curva";"Não";2;0;1;0;0;1;1;2;-21,3466;-45,1768;"SPRF-MG";"DEL04-MG";"UOP02-DEL04-MG"
159865;2018-09-16;"domingo";"12:50:00";"RJ";116;174;"SAO JOAO DE MERITI";"Falta de Atenção à Condução";"Colisão traseira";"Sem Vítimas";"Pleno dia";"Crescente";"Céu Claro";"Múltipla";"Reta";"Sim";2;0;0;0;2;0;0;2;-22,794237;-43,364037;"SPRF-RJ";"DEL01-RJ";"UOP02-DEL01-RJ"
159866;2018-09-16;"domingo";"13:30:00";"GO";40;113;"CRISTALINA";"Condutor Dormindo";"Saída de leito carroçável";"Com Vítimas Feridas";"Pleno dia";"Crescente";"Céu Claro";"Dupla";"Curva";"Sim";1;0;1;0;0;0;1;1;-16,713332;-47,6697983;"SPRF-DF";"DEL01-DF";"UOP02-DEL01-DF"
159867;2018-09-16;"domingo";"13:20:00";"SP";116;186,5;"SANTA ISABEL";"Ingestão de Álcool";"Colisão traseira";"Com Vítimas Feridas";"Pleno dia";"Decrescente";"Céu Claro";"Dupla";"Reta";"Não";3;0;2;0;1;0;2;2;-23,35502964;-46,20299703;"SPRF-SP";"DEL02-SP";"UOP01-DEL02-SP"
159868;2018-09-16;"domingo";"12:50:00";"PE";428;192,3;"PETROLINA";"Ingestão de Álcool";"Colisão traseira";"Com Vítimas Feridas";"Pleno dia";"Crescente";"Céu Claro";"Simples";"Rotatória";"Sim";2;0;0;1;1;0;1;2;-9,38723943;-40,52518487;"SPRF-PE";"DEL06-PE";"UOP01-DEL06-PE"
159870;2018-09-16;"domingo";"13:00:00";"RJ";116;176;"NOVA IGUACU";"Falta de Atenção à Condução";"Colisão lateral";"Com Vítimas Feridas";"Pleno dia";"Crescente";"Céu Claro";"Múltipla";"Reta";"Sim";3;0;1;0;2;0;1;2;-22,7599759;-43,4257083;"SPRF-RJ";"DEL01-RJ";"UOP02-DEL01-RJ"
159871;2018-09-16;"domingo";"14:00:00";"PR";116;146,3;"MANDIRITUBA";"Condutor Dormindo";"Colisão traseira";"Sem Vítimas";"Plena Noite";"Decrescente";"Céu Claro";"Simples";"Reta";"Não";2;0;0;0;2;0;0;2;-25,81351013;-49,32902986;"SPRF-PR";"DEL01-PR";"UOP03-DEL01-PR"
159874;2018-09-16;"domingo";"12:20:00";"SC";470;144;"RIO DO SUL";"Desobediência às normas de trânsito pelo condutor";"Colisão frontal";"Com Vítimas Feridas";"Pleno dia";"Crescente";"Nublado";"Simples";"Curva";"Sim";3;0;3;0;0;0;3;2;-27,21532722;-49,65239525;"SPRF-SC";"DEL04-SC";"UOP02-DEL04-SC"