"id";"data_inversa";"dia_semana";"horario";"uf";"br";"km";"municipio";"causa_acidente";"tipo_acidente";"classificacao_acidente";"fase_dia";"sentido_via";"condicao_metereologica";"tipo_pista";"tracado_via";"uso_solo";"pessoas";"mortos";"feridos_leves";"feridos_graves";"ilesos";"ignorados";"feridos";"veiculos";"latitude";"longitude";"regional";"delegacia";"uop"
159986;2018-09-17;"segunda-feira";"00:30:00";"RS";392;62;"PELOTAS";"Falta de Atenção à Condução";"Saída de leito carroçável";"Sem Vítimas";"Plena Noite";"Crescente";"Nublado";"Simples";"Interseção de Vias";"Sim";1;0;0;0;1;0;0;1;-31,77948;-52,359173;"SPRF-RS";"DEL07-RS";"UOP01-DEL07-RS"
159987;2018-09-17;"segunda-feira";"00:30:00";"PE";232;201,8;"PESQUEIRA";"Condutor Dormindo";"Colisão transversal";"Com Vítimas Feridas";"Plena Noite";"Crescente";"Céu Claro";"Simples";"Reta";"Não";2;0;1;1;0;0;2;2;-8,3712;-36,62196;"SPRF-PE";"DEL02-PE";"UOP03-DEL02-PE"
159988;2018-09-16;"domingo";"23:45:00";"MG";116;413;"GOVERNADOR VALADARES";"Desobediência às normas de trânsito pelo condutor";"Colisão com objeto estático";"Com Vítimas Feridas";"Plena Noite";"Crescente";"Céu Claro";"Simples";"Reta";"Sim";2;0;2;0;0;0;2;1;-18,88354892;-41,95541382;"SPRF-MG";"DEL06-MG";"UOP01-DEL06-MG"
159990;2018-09-17;"segunda-feira";"00:05:00";"PE";101;86;"CABO DE SANTO AGOSTINHO";"Falta de Atenção à Condução";"Saída de leito carroçável";"Com Vítimas Feridas";"Plena Noite";"Crescente";"Nublado";"Dupla";"Aclive";"Não";5;0;3;2;0;0;5;1;-8,1919;-34,9748;"SPRF-PE";"DEL01-PE";"UOP03-DEL01-PE"
159994;2018-09-16;"domingo";"22:50:00";"MG";364;26,4;"FRUTAL";"Defeito Mecânico no Veículo";"Capotamento";"Com Vítimas Feridas";"Plena Noite";"Decrescente";"Chuva";"Simples";"Reta;Interseção de Vias";"Não";1;0;1;0;0;0;1;1;-20,02787099;-48,88667107;"SPRF-MG";"DEL13-MG";"UOP02-DEL13-MG"
159995;2018-09-17;"segunda-feira";"01:35:00";"RJ";101;215;"SILVA JARDIM";"Condutor Dormindo";"Saída de leito carroçável";"Com Vítimas Fatais";"Plena Noite";"Crescente";"Céu Claro";"Dupla";"Declive";"Não";5;4;0;1;0;0;1;1;-22,505423;-42,273697;"SPRF-RJ";"DEL02-RJ";"UOP03-DEL02-RJ"
159996;2018-09-17;"segunda-feira";"01:44:00";"SP";116;212;"GUARULHOS";"Velocidade Incompatível";"Colisão com objeto estático";"Com Vítimas Feridas";"Plena Noite";"Crescente";"Céu Claro";"Múltipla";"Reta";"Sim";1;0;1;0;0;0;1;1;-23,43901197;-46,4356631;"SPRF-SP";"DEL01-SP";"UOP01-DEL01-SP"
159997;2018-09-17;"segunda-feira";"02:15:00";"MG";381;915,2;"CAMANDUCAIA";"Velocidade Incompatível";"Saída de leito carroçável";"Com Vítimas Feridas";"Plena Noite";"Decrescente";"Céu Claro";"Dupla";"Reta";"Não";1;0;0;1;0;0;1;1;-22,7369;-46,1349;"SPRF-MG";"DEL16-MG";"UOP03-DEL16-MG"
159998;2018-09-16;"domingo";"20:30:00";"SC";282;98,4;"ALFREDO WAGNER";"Desobediência às normas de trânsito pelo condutor";"Colisão frontal";"Com Vítimas Fatais";"Plena Noite";"Crescente";"Nublado";"Simples";"Reta";"Não";4;1;2;1;0;0;3;2;-27,6998;-49,282238;"SPRF-SC";"DEL01-SC";"UOP03-DEL01-SC"
159999;2018-09-17;"segunda-feira";"01:00:00";"PI";316;37,2;"LAGOA DO PIAUI";"Falta de Atenção à Condução";"Saída de leito carroçável";"Com Vítimas Feridas";"Plena Noite";"Crescente";"Céu Claro";"Simples";"Curva";"Não";1;0;1;0;0;0;1;1;-5,39237069;-42,66051644;"SPRF-PI";"DEL01-PI";"UOP02-DEL01-PI"
160001;2018-09-17;"segunda-feira";"03:35:00";"RJ";101;323;"NITEROI";"Condutor Dormindo";"Colisão com objeto estático";"Com Vítimas Feridas";"Plena Noite";"Decrescente";"Céu Claro";"Múltipla";"Reta";"Não";1;0;1;0;0;0;1;1;-22,87353588;-43,13032329;"SPRF-RJ";"DEL02-RJ";"UOP02-DEL02-RJ"
160002;2018-09-17;"segunda-feira";"04:35:00";"DF";70;18;"BRASILIA";"Falta de Atenção à Condução";"Colisão traseira";"Sem Vítimas";"Amanhecer";"Crescente";"Nublado";"Dupla";"Reta";"Não";2;0;0;0;2;0;0;2;-15,791093;-48,21096;"SPRF-DF";"DEL01-DF";"UOP02-DEL03-DF"
160004;2018-09-17;"segunda-feira";"03:40:00";"MS";163;521;"JARAGUARI";"Falta de Atenção à Condução";"Colisão com objeto estático";"Sem Vítimas";"Plena Noite";"Crescente";"Chuva";"Dupla";"Curva";"Não";2;0;0;0;2;0;0;1;-20,14942925;-54,43862915;"SPRF-MS";"DEL01-MS";"UOP02-DEL01-MS"
160005;2018-09-17;"segunda-feira";"05:50:00";"MG";381;908;"CAMBUI";"Velocidade Incompatível";"Saída de leito carroçável";"Com Vítimas Feridas";"Amanhecer";"Crescente";"Nublado";"Dupla";"Curva;Aclive";"Sim";1;0;1;0;0;0;1;1;-22,6862;-46,1031;"SPRF-MG";"DEL16-MG";"UOP03-DEL16-MG"
160006;2018-09-16;"domingo";"19:15:00";"SC";101;252,5;"PAULO LOPES";"Ingestão de Álcool";"Saída de leito carroçável";"Sem Vítimas";"Plena Noite";"Decrescente";"Garoa/Chuvisco";"Dupla";"Reta";"Sim";1;0;0;0;1;0;0;1;-27,96360437;-48,67962139;"SPRF-SC";"DEL02-SC";"UOP03-DEL02-SC"
160007;2018-09-17;"segunda-feira";"06:40:00";"RN";101;101;"PARNAMIRIM";"Defeito Mecânico no Veículo";"Colisão traseira";"Sem Vítimas";"Pleno dia";"Decrescente";"Céu Claro";"Dupla";"Aclive";"Sim";2;0;0;0;2;0;0;2;-5,886837;-35,231552;"SPRF-RN";"DEL01-RN";"UOP01-DEL01-RN"
160008;2018-09-17;"segunda-feira";"06:30:00";"SP";116;224;"GUARULHOS";"Falta de Atenção à Condução";"Colisão com objeto estático";"Sem Vítimas";"Amanhecer";"Decrescente";"Céu Claro";"Múltipla";"Reta";"Sim";1;0;0;0;1;0;0;1;-23,48300704;-46,53611183;"SPRF-SP";"DEL01-SP";"UOP01-DEL01-SP"
160011;2018-09-17;"segunda-feira";"06:00:00";"GO";20;8;"FORMOSA";"Pista Escorregadia";"Colisão frontal";"Com Vítimas Feridas";"Amanhecer";"Crescente";"Garoa/Chuvisco";"Simples";"Declive";"Sim";6;0;2;1;3;0;3;2;-15,551153;-47,283253;"SPRF-DF";"DEL02-DF";"UOP01-DEL02-DF"
160012;2018-09-17;"segunda-feira";"06:25:00";"CE";222;4,8;"CAUCAIA";"Desobediência às normas de trânsito pelo condutor";"Colisão transversal";"Com Vítimas Feridas";"Pleno dia";"Decrescente";"Céu Claro";"Múltipla";"Retorno Regulamentado";"Sim";2;0;1;0;1;0;1;2;-3,74280409;-38,61195445;"SPRF-CE";"DEL01-CE";"UOP01-DEL01-CE"
160013;2018-09-17;"segunda-feira";"06:10:00";"MG";267;163,7;"LIMA DUARTE";"Falta de Atenção à Condução";"Colisão traseira";"Com Vítimas Feridas";"Amanhecer";"Decrescente";"Nublado";"Simples";"Aclive";"Não";3;0;1;0;2;0;1;2;-21,84926161;-43,78996285;"SPRF-MG";"DEL05-MG";"UOP01-DEL05-MG"
160014;2018-09-17;"segunda-feira";"06:55:00";"PR";116;126,9;"FAZENDA RIO GRANDE";"Falta de Atenção à Condução";"Colisão transversal";"Com Vítimas Feridas";"Pleno dia";"Decrescente";"Nublado";"Dupla";"Reta";"Sim";3;0;0;1;2;0;1;2;-25,65173983;-49,31247711;"SPRF-PR";"DEL01-PR";"UOP03-DEL01-PR"
160015;2018-09-17;"segunda-feira";"06:15:00";"MG";262;355,5;"BETIM";"Velocidade Incompatível";"Colisão com objeto estático";"Com Vítimas Feridas";"Pleno dia";"Decrescente";"Nublado";"Dupla";"Curva";"Sim";6;0;6;0;0;0;6;1;-19,9826;-44,2321;"SPRF-MG";"DEL01-MG";"UOP03-DEL01-MG"
160016;2018-09-17;"segunda-feira";"06:00:00";"PR";467;91;"CASCAVEL";"Pista Escorregadia";"Capotamento";"Com Vítimas Feridas";"Amanhecer";"Crescente";"Garoa/Chuvisco";"Dupla";"Curva";"Não";1;0;1;0;0;0;1;1;-24,85385785;-53,60014915;"SPRF-PR";"DEL04-PR";"UOP01-DEL04-PR"
160020;2018-09-17;"segunda-feira";"07:10:00";"RN";101;101;"PARNAMIRIM";"Falta de Atenção à Condução";"Colisão traseira";"Com Vítimas Feridas";"Pleno dia";"Decrescente";"Céu Claro";"Dupla";"Reta";"Sim";2;0;1;0;1;0;1;2;-5,886837;-35,231552;"SPRF-RN";"DEL01-RN";"UOP01-DEL01-RN"
160022;2018-09-17;"segunda-feira";"07:25:00";"SC";101;194,6;"BIGUACU";"Defeito Mecânico no Veículo";"Queda de ocupante de veículo";"Com Vítimas Feridas";"Pleno dia";"Crescente";"Chuva";"Múltipla";"Reta";"Sim";2;0;1;0;1;0;1;1;-27,5055;-48,6491;"SPRF-SC";"DEL01-SC";"UOP01-DEL01-SC"
160023;2018-09-17;"segunda-feira";"07:35:00";"SC";101;201;"SAO JOSE";"Desobediência às normas de trânsito pelo condutor";"Colisão traseira";"Com Vítimas Feridas";"Pleno dia";"Crescente";"Chuva";"Dupla";"Reta";"Sim";2;0;1;0;1;0;1;2;-27,5572;-48,6188;"SPRF-SC";"DEL01-SC";"UOP01-DEL01-SC"
160025;2018-09-17;"segunda-feira";"07:40:00";"DF";70;16,2;"BRASILIA";"Desobediência às normas de trânsito pelo condutor";"Colisão transversal";"Com Vítimas Feridas";"Pleno dia";"Decrescente";"Nublado";"Dupla";"Rotatória";"Sim";3;0;3;0;0;0;3;2;-15,79547459;-48,19573402;"SPRF-DF";"DEL01-DF";"UOP02-DEL03-DF"
160026;2018-09-17;"segunda-feira";"07:30:00";"CE";116;5;"FORTALEZA";"Falta de Atenção à Condução";"Colisão traseira";"Com Vítimas Feridas";"Pleno dia";"Decrescente";"Céu Claro";"Múltipla";"Reta";"Sim";2;0;2;0;0;0;2;2;-3,7960033;-38,5070664;"SPRF-CE";"DEL01-CE";"UOP02-DEL01-CE"
160027;2018-09-17;"segunda-feira";"07:40:00";"PR";277;6;"FOZ DO IGUACU";"Falta de Atenção à Condução";"Colisão transversal";"Com Vítimas Feridas";"Pleno dia";"Crescente";"Nublado";"Dupla";"Interseção de Vias";"Sim";2;0;1;0;1;0;1;2;-25,46241709;-54,58316803;"SPRF-PR";"DEL05-PR";"UOP03-DEL05-PR"
160028;2018-09-17;"segunda-feira";"07:45:00";"MG";381;671,5;"PERDOES";"Pista Escorregadia";"Colisão com objeto estático";"Com Vítimas Feridas";"Pleno dia";"Crescente";"Chuva";"Dupla";"Curva";"Não";1;0;1;0;0;0;1;1;-21,0708;-45,0516;"SPRF-MG";"DEL04-MG";"UOP02-DEL04-MG"
160029;2018-09-17;"segunda-feira";"07:25:00";"ES";101;385,9;"RIO NOVO DO SUL";"Desobediência às normas de trânsito pelo condutor";"Colisão frontal";"Com Vítimas Feridas";"Pleno dia";"Decrescente";"Nublado";"Simples";"Curva";"Não";5;0;1;2;2;0;3;3;-20,84128589;-40,87193549;"SPRF-ES";"DEL03-ES";"UOP01-DEL03-ES"
160030;2018-09-17;"segunda-feira";"08:00:00";"SE";101;91,9;"NOSSA SENHORA DO SOCORRO";"Falta de Atenção do Pedestre";"Atropelamento de Pedestre";"Com Vítimas Feridas";"Pleno dia";"Decrescente";"Céu Claro";"Dupla";"Reta";"Sim";2;0;1;0;1;0;1;2;-10,9010944;-37,0802688;"SPRF-SE";"DEL01-SE";"UOP01-DEL01-SE"
160031;2018-05-02;"quarta-feira";"07:45:00";"PR";277;84;"CURITIBA";"Falta de Atenção à Condução";"Colisão lateral";"Com Vítimas Feridas";"Pleno dia";"Crescente";"Nublado";"Dupla";"Reta";"Sim";3;0;1;1;1;0;2;2;-25,49782651;-49,17480469;"SPRF-PR";"DEL01-PR";"UOP01-DEL01-PR"
160032;2018-09-17;"segunda-feira";"07:15:00";"MG";381;941,5;"EXTREMA";"Pista Escorregadia";"Colisão traseira";"Com Vítimas Feridas";"Pleno dia";"Decrescente";"Chuva";"Dupla";"Curva";"Não";3;0;1;0;2;0;1;2;-22,8354;-46,3196;"SPRF-MG";"DEL16-MG";"UOP03-DEL16-MG"
160033;2018-09-17;"segunda-feira";"07:30:00";"SP";116;274;"TABOAO DA SERRA";"Desobediência às normas de trânsito pelo condutor";"Colisão traseira";"Com Vítimas Feridas";"Pleno dia";"Decrescente";"Céu Claro";"Dupla";"Reta";"Sim";3;0;1;0;2;0;1;2;-23,61086824;-46,81772232;"SPRF-SP";"DEL04-SP";"UOP01-DEL04-SP"
160035;2018-09-17;"segunda-feira";"07:25:00";"RJ";40;120;"DUQUE DE CAXIAS";"Falta de Atenção à Condução";"Colisão com objeto estático";"Com Vítimas Feridas";"Pleno dia";"Decrescente";"Céu Claro";"Múltipla";"Reta";"Sim";1;0;1;0;0;0;1;1;-22,80087032;-43,29059601;"SPRF-RJ";"DEL01-RJ";"UOP01-DEL01-RJ"
160037;2018-09-17;"segunda-feira";"07:30:00";"SP";116;518;"CAJATI";"Velocidade Incompatível";"Capotamento";"Com Vítimas Feridas";"Pleno dia";"Crescente";"Nublado";"Simples";"Curva;Declive";"Não";3;0;2;0;1;0;2;1;-24,8629203;-48,21483135;"SPRF-SP";"DEL05-SP";"UAP01-DEL05-SP"
160038;2018-09-17;"segunda-feira";"06:40:00";"MG";381;459,8;"BELO HORIZONTE";"Falta de Atenção à Condução";"Colisão traseira";"Com Vítimas Feridas";"Amanhecer";"Crescente";"Nublado";"Dupla";"Reta";"Sim";4;0;2;0;2;0;2;3;-19,85431849;-43,89098167;"SPRF-MG";"DEL01-MG";"UOP01-DEL01-MG"
160039;2018-09-17;"segunda-feira";"07:55:00";"PR";376;587;"CURITIBA";"Falta de Atenção do Pedestre";"Atropelamento de Pedestre";"Sem Vítimas";"Pleno dia";"Decrescente";"Nublado";"Dupla";"Reta";"Sim";2;0;0;0;1;1;0;2;-25,43513021;-49,36520867;"SPRF-PR";"DEL01-PR";"UOP06-DEL01-PR"
160040;2018-09-17;"segunda-feira";"06:30:00";"GO";50;98;"CRISTALINA";"Pista Escorregadia";"Tombamento";"Com Vítimas Feridas";"Pleno dia";"Decrescente";"Chuva";"Simples";"Reta";"Não";1;0;0;1;0;0;1;1;-16,76853894;-47,6177448;"SPRF-DF";"DEL01-DF";"UOP02-DEL01-DF"
160041;2018-09-17;"segunda-feira";"04:15:00";"BA";242;170;"ITABERABA";"Ingestão de Álcool";"Saída de leito carroçável";"Com Vítimas Feridas";"Amanhecer";"Crescente";"Céu Claro";"Simples";"Reta";"Não";1;0;0;1;0;0;1;1;-12,52104998;-39,99435425;"SPRF-BA";"DEL06-BA";"UOP02-DEL06-BA"
160042;2018-09-17;"segunda-feira";"08:40:00";"SP";381;68,9;"MAIRIPORA";"Pista Escorregadia";"Colisão lateral";"Com Vítimas Feridas";"Pleno dia";"Decrescente";"Chuva";"Dupla";"Reta";"Sim";3;0;1;0;2;0;1;2;-23,347046;-46,562697;"SPRF-SP";"DEL03-SP";"DEL6/3-UOP03/SP"
160043;2018-09-17;"segunda-feira";"07:10:00";"MS";163;484,5;"CAMPO GRANDE";"Desobediência às normas de trânsito pelo condutor";"Colisão frontal";"Com Vítimas Feridas";"Pleno dia";"Decrescente";"Chuva";"Simples";"Interseção de Vias";"Sim";2;0;1;0;1;0;1;2;-20,44746166;-54,54098225;"SPRF-MS";"DEL01-MS";"UOP02-DEL01-MS"
160045;2018-09-17;"segunda-feira";"08:50:00";"SC";101;397,1;"MARACAJA";"Falta de Atenção à Condução";"Colisão com objeto estático";"Sem Vítimas";"Pleno dia";"Decrescente";"Garoa/Chuvisco";"Dupla";"Declive";"Não";1;0;0;0;1;0;0;1;-28,8375;-49,4222;"SPRF-SC";"DEL02-SC";"UOP02-DEL02-SC"
160046;2018-09-17;"segunda-feira";"07:50:00";"RN";304;37,6;"MOSSORO";"Falta de Atenção à Condução";"Colisão transversal";"Sem Vítimas";"Pleno dia";"Decrescente";"Chuva";"Dupla";"Interseção de Vias";"Sim";5;0;0;0;2;3;0;3;-5,17851112;-37,36594498;"SPRF-RN";"DEL04-RN";"UOP02-DEL04-RN"
160049;2018-09-17;"segunda-feira";"06:00:00";"BA";324;437,2;"RIACHAO DO JACUIPE";"Velocidade Incompatível";"Saída de leito carroçável";"Com Vítimas Feridas";"Amanhecer";"Crescente";"Céu Claro";"Simples";"Reta";"Não";1;0;1;0;0;0;1;1;-11,799265;-39,404053;"SPRF-BA";"DEL04-BA";"UOP02-DEL04-BA"
160050;2018-09-16;"domingo";"18:05:00";"MA";10;239;"IMPERATRIZ";"Não guardar distância de segurança";"Colisão traseira";"Sem Vítimas";"Plena Noite";"Crescente";"Céu Claro";"Múltipla";"Reta";"Não";3;0;0;0;3;0;0;3;-5,633298;-47,403919;"SPRF-MA";"DEL04-MA";"UOP01-DEL04-MA"
160051;2018-09-17;"segunda-feira";"10:40:00";"TO";230;53;"NAZARE";"Falta de Atenção à Condução";"Capotamento";"Com Vítimas Feridas";"Pleno dia";"Crescente";"Céu Claro";"Simples";"Reta";"Não";3;0;2;1;0;0;3;1;-6,291222;-47,754379;"SPRF-TO";"DEL02-TO";"UOP03-DEL02-TO"
160054;2018-09-17;"segunda-feira";"09:50:00";"MG";381;924,3;"ITAPEVA";"Pista Escorregadia";"Colisão com objeto estático";"Com Vítimas Feridas";"Pleno dia";"Crescente";"Garoa/Chuvisco";"Dupla";"Curva";"Não";3;0;2;0;1;0;2;1;-22,77003037;-46,19429574;"SPRF-MG";"DEL16-MG";"UOP03-DEL16-MG"
160057;2018-09-17;"segunda-feira";"07:30:00";"AC";364;135;"RIO BRANCO";"Falta de Atenção à Condução";"Colisão traseira";"Com Vítimas Feridas";"Pleno dia";"Crescente";"Céu Claro";"Dupla";"Reta";"Sim";4;0;1;0;3;0;1;4;-9,977584;-67,8489;"SPRF-AC";"DEL01-AC";"UOP01-DEL01-AC"
160058;2018-09-17;"segunda-feira";"10:35:00";"PE";101;52,5;"PAULISTA";"Desobediência às normas de trânsito pelo condutor";"Colisão transversal";"Com Vítimas Feridas";"Pleno dia";"Decrescente";"Céu Claro";"Dupla";"Reta";"Sim";3;0;1;1;1;0;2;2;-7,9324;-34,9017;"SPRF-PE";"DEL01-PE";"UOP02-DEL01-PE"
160061;2018-09-17;"segunda-feira";"11:00:00";"ES";101;295;"CARIACICA";"Falta de Atenção à Condução";"Colisão lateral";"Com Vítimas Feridas";"Pleno dia";"Decrescente";"Céu Claro";"Múltipla";"Declive";"Sim";3;0;2;0;1;0;2;2;-20,3352958;-40,4015484;"SPRF-ES";"DEL01-ES";"UOP01-DEL01-ES"
160062;2018-09-17;"segunda-feira";"10:35:00";"SC";101;232,4;"PALHOCA";"Velocidade Incompatível";"Colisão com objeto estático";"Com Vítimas Feridas";"Pleno dia";"Decrescente";"Chuva";"Dupla";"Declive";"Não";1;0;1;0;0;0;1;1;-27,8032;-48,6381;"SPRF-SC";"DEL01-SC";"UOP02-DEL01-SC"
160063;2018-07-14;"sábado";"11:15:00";"ES";262;158;"IBATIBA";"Falta de Atenção à Condução";"Queda de ocupante de veículo";"Com Vítimas Feridas";"Pleno dia";"Decrescente";"Céu Claro";"Simples";"Reta";"Sim";2;0;1;0;1;0;1;2;-20,2322;-41,5031;"SPRF-ES";"DEL01-ES";"UOP02-DEL01-ES"
160064;2018-09-17;"segunda-feira";"10:00:00";"MS";158;78,1;"PARANAIBA";"Defeito na Via";"Saída de leito carroçável";"Com Vítimas Feridas";"Pleno dia";"Decrescente";"Chuva";"Simples";"Aclive";"Não";5;0;1;0;4;0;1;1;-19,54963;-51,254708;"SPRF-MS";"DEL08-MS";"UOP01-DEL08-MS"
160065;2018-09-17;"segunda-feira";"10:40:00";"MG";381;550;"ITAGUARA";"Pista Escorregadia";"Saída de leito carroçável";"Com Vítimas Feridas";"Pleno dia";"Crescente";"Garoa/Chuvisco";"Dupla";"Curva";"Não";3;0;3;0;0;0;3;1;-20,3058;-44,4472;"SPRF-MG";"DEL04-MG";"UOP03-DEL04-MG"
160066;2018-09-17;"segunda-feira";"10:30:00";"RO";364;711,6;"PORTO VELHO";"Falta de Atenção à Condução";"Colisão traseira";"Sem Vítimas";"Pleno dia";"Decrescente";"Céu Claro";"Dupla";"Viaduto";"Sim";4;0;0;0;4;0;0;2;-8,7777831;-63,87219965;"SPRF-RO";"DEL01-RO";"UOP01-DEL01-RO"
160067;2018-09-17;"segunda-feira";"08:30:00";"MG";381;636;"SANTO ANTONIO DO AMPARO";"Velocidade Incompatível";"Colisão com objeto estático";"Com Vítimas Feridas";"Pleno dia";"Decrescente";"Chuva";"Dupla";"Curva";"Não";2;0;1;0;1;0;1;1;-20,8753;-44,8443;"SPRF-MG";"DEL04-MG";"UOP01-DEL04-MG"
160068;2018-09-17;"segunda-feira";"09:25:00";"PR";116;14;"COLOMBO";"Falta de Atenção à Condução";"Colisão com objeto estático";"Com Vítimas Feridas";"Pleno dia";"Decrescente";"Nublado";"Dupla";"Reta";"Sim";1;0;1;0;0;0;1;1;-25,3818;-49,1643;"SPRF-PR";"DEL01-PR";"UOP02-DEL01-PR"
160070;2018-04-23;"segunda-feira";"19:30:00";"PA";155;285;"ELDORADO DO CARAJAS";"Ingestão de Álcool";"Colisão traseira";"Com Vítimas Feridas";"Plena Noite";"Crescente";"Céu Claro";"Simples";"Reta";"Sim";2;0;1;0;1;0;1;2;-5,852215;-49,193127;"SPRF-PA";"DEL03-PA";"UOP01-DEL03-PA"
160074;2018-09-17;"segunda-feira";"12:30:00";"SC";470;66;"INDAIAL";"Desobediência às normas de trânsito pelo condutor";"Colisão transversal";"Com Vítimas Feridas";"Pleno dia";"Decrescente";"Chuva";"Simples";"Interseção de Vias";"Sim";2;0;1;0;1;0;1;2;-26,87042998;-49,22165483;"SPRF-SC";"DEL04-SC";"UOP01-DEL04-SC"
160075;2018-09-17;"segunda-feira";"12:30:00";"RS";386;440,3;"CANOAS";"Falta de Atenção à Condução";"Saída de leito carroçável";"Com Vítimas Feridas";"Pleno dia";"Decrescente";"Céu Claro";"Dupla";"Reta;Aclive";"Não";1;0;1;0;0;0;1;1;-29,8799833;-51,24020219;"SPRF-RS";"DEL01-RS";"UOP01-DEL01-RS"
160077;2018-09-17;"segunda-feira";"12:40:00";"PE";232;127,6;"CARUARU";"Falta de Atenção à Condução";"Colisão transversal";"Com Vítimas Feridas";"Pleno dia";"Decrescente";"Céu Claro";"Dupla";"Declive";"Sim";2;0;1;0;1;0;1;2;-8,30367235;-35,9730041;"SPRF-PE";"DEL02-PE";"UOP03-DEL02-PE"
160078;2018-09-17;"segunda-feira";"10:35:00";"RS";116;530;"CAPAO DO LEAO";"Desobediência às normas de trânsito pelo condutor";"Colisão transversal";"Com Vítimas Feridas";"Pleno dia";"Decrescente";"Nublado";"Simples";"Interseção de Vias";"Sim";3;0;0;1;1;1;1;3;-31,75993648;-52,43796408;"SPRF-RS";"DEL07-RS";"UOP01-DEL07-RS"
160080;2018-08-26;"domingo";"20:15:00";"PR";116;182;"CAMPO DO TENENTE";"Falta de Atenção à Condução";"Colisão transversal";"Com Vítimas Fatais";"Plena Noite";"Crescente";"Nublado";"Simples";"Reta";"Sim";2;1;0;0;1;0;0;2;-25,92408425;-49,62112427;"SPRF-PR";"DEL01-PR";"UOP03-DEL01-PR"
160081;2018-09-17;"segunda-feira";"12:40:00";"PE";408;103;"JABOATAO DOS GUARARAPES";"Falta de Atenção do Pedestre";"Atropelamento de Pedestre";"Com Vítimas Feridas";"Pleno dia";"Crescente";"Céu Claro";"Dupla";"Reta";"Sim";2;0;1;0;1;0;1;2;-8,07503616;-34,99244213;"SPRF-PE";"DEL01-PE";"UOP01-DEL01-PE"
160083;2018-09-17;"segunda-feira";"13:00:00";"MG";381;925;"ITAPEVA";"Pista Escorregadia";"Colisão com objeto estático";"Com Vítimas Feridas";"Pleno dia";"Decrescente";"Chuva";"Dupla";"Curva";"Não";2;0;1;0;1;0;1;1;-22,7686;-46,207;"SPRF-MG";"DEL16-MG";"UOP03-DEL16-MG"
160086;2018-09-17;"segunda-feira";"13:20:00";"MG";267;121,9;"JUIZ DE FORA";"Falta de Atenção do Pedestre";"Atropelamento de Pedestre";"Com Vítimas Feridas";"Pleno dia";"Crescente";"Chuva";"Simples";"Reta";"Sim";2;0;1;1;0;0;2;2;-21,70813909;-43,48160952;"SPRF-MG";"DEL05-MG";"UOP01-DEL05-MG"
160089;2018-09-17;"segunda-feira";"12:30:00";"MT";163;591;"NOVA MUTUM";"Pista Escorregadia";"Saída de leito carroçável";"Com Vítimas Feridas";"Pleno dia";"Crescente";"Chuva";"Simples";"Reta";"Não";3;0;1;0;2;0;1;1;-13,875256;-56,087804;"SPRF-MT";"DEL01-MT";"UOP01-DEL01-MT"
160092;2018-09-17;"segunda-feira";"14:00:00";"PE";101;58,8;"PAULISTA";"Mal Súbito";"Colisão lateral";"Com Vítimas Feridas";"Pleno dia";"Crescente";"Céu Claro";"Dupla";"Ponte;Reta;Declive";"Não";2;0;2;0;0;0;2;2;-7,97586;-34,92391;"SPRF-PE";"DEL01-PE";"UOP02-DEL01-PE"
160093;2018-09-17;"segunda-feira";"14:20:00";"ES";101;433,5;"MIMOSO DO SUL";"Fenômenos da Natureza";"Capotamento";"Com Vítimas Feridas";"Pleno dia";"Decrescente";"Chuva";"Simples";"Reta;Aclive";"Não";3;0;3;0;0;0;3;1;-21,05114119;-41,1907053;"SPRF-ES";"DEL03-ES";"UOP02-DEL03-ES"
160094;2018-09-17;"segunda-feira";"14:25:00";"SC";470;67,9;"INDAIAL";"Desobediência às normas de trânsito pelo condutor";"Colisão transversal";"Com Vítimas Feridas";"Pleno dia";"Decrescente";"Chuva";"Simples";"Reta;Interseção de Vias";"Sim";2;0;1;0;1;0;1;2;-26,87840013;-49,24018085;"SPRF-SC";"DEL04-SC";"UOP01-DEL04-SC"
160096;2018-09-17;"segunda-feira";"14:00:00";"RJ";40;77,2;"PETROPOLIS";"Pista Escorregadia";"Colisão com objeto estático";"Com Vítimas Feridas";"Pleno dia";"Crescente";"Chuva";"Dupla";"Curva";"Não";2;0;2;0;0;0;2;1;-22,502457;-43,230368;"SPRF-RJ";"DEL06-RJ";"UOP01-DEL06-RJ"
160097;2018-09-17;"segunda-feira";"14:45:00";"MG";381;333;"NOVA ERA";"Velocidade Incompatível";"Saída de leito carroçável";"Com Vítimas Feridas";"Pleno dia";"Crescente";"Garoa/Chuvisco";"Simples";"Curva";"Não";2;0;2;0;0;0;2;1;-19,7784;-43,0437;"SPRF-MG";"DEL03-MG";"UOP01-DEL03-MG"
160099;2018-09-17;"segunda-feira";"14:00:00";"MG";381;873,7;"ESTIVA";"Velocidade Incompatível";"Colisão com objeto estático";"Sem Vítimas";"Pleno dia";"Crescente";"Chuva";"Dupla";"Curva";"Não";2;0;0;0;2;0;0;1;-22,42089709;-45,96575618;"SPRF-MG";"DEL16-MG";"UOP01-DEL16-MG"