"id";"data_inversa";"dia_semana";"horario";"uf";"br";"km";"municipio";"causa_acidente";"tipo_acidente";"classificacao_acidente";"fase_dia";"sentido_via";"condicao_metereologica";"tipo_pista";"tracado_via";"uso_solo";"pessoas";"mortos";"feridos_leves";"feridos_graves";"ilesos";"ignorados";"feridos";"veiculos";"latitude";"longitude";"regional";"delegacia";"uop"
160102;2018-09-17;"segunda-feira";"15:30:00";"RS";285;146,9;"MUITOS CAPOES";"Velocidade Incompatível";"Colisão com objeto estático";"Com Vítimas Feridas";"Pleno dia";"Crescente";"Chuva";"Simples";"Curva";"Não";1;0;1;0;0;0;1;1;-28,35469764;-51,11535072;"SPRF-RS";"DEL05-RS";"UOP03-DEL05-RS"
160103;2018-09-17;"segunda-feira";"15:20:00";"SE";235;1,9;"ARACAJU";"Falta de Atenção do Pedestre";"Atropelamento de Pedestre";"Com Vítimas Feridas";"Pleno dia";"Crescente";"Céu Claro";"Dupla";"Declive";"Sim";2;0;1;0;1;0;1;2;-10,9010944;-37,0802688;"SPRF-SE";"DEL01-SE";"UOP01-DEL01-SE"
160104;2018-09-17;"segunda-feira";"15:38:00";"GO";40;20,8;"LUZIANIA";"Velocidade Incompatível";"Colisão transversal";"Com Vítimas Feridas";"Pleno dia";"Crescente";"Nublado";"Dupla";"Reta";"Sim";2;0;1;0;1;0;1;2;-16,21849;-47,915478;"SPRF-DF";"DEL01-DF";"UOP01-DEL01-DF"
160105;2018-07-28;"sábado";"04:00:00";"PR";376;1,5;"SAO JOSE DOS PINHAIS";"Ingestão de Álcool";"Colisão transversal";"Com Vítimas Feridas";"Plena Noite";"Decrescente";"Céu Claro";"Dupla";"Interseção de Vias;Reta";"Sim";5;0;2;1;2;0;3;2;-25,5562124;-49,18604832;"SPRF-PR";"DEL01-PR";"DEL7/1-UOP08/PR"
160106;2018-09-17;"segunda-feira";"14:00:00";"SP";381;73;"SAO PAULO";"Velocidade Incompatível";"Capotamento";"Com Vítimas Feridas";"Pleno dia";"Crescente";"Nublado";"Dupla";"Curva";"Não";1;0;1;0;0;0;1;1;-23,370974;-46,555789;"SPRF-SP";"DEL03-SP";"DEL6/3-UOP03/SP"
160107;2018-09-17;"segunda-feira";"16:10:00";"CE";116;3;"FORTALEZA";"Pista Escorregadia";"Queda de ocupante de veículo";"Com Vítimas Feridas";"Pleno dia";"Crescente";"Céu Claro";"Dupla";"Viaduto;Declive";"Sim";1;0;0;1;0;0;1;1;-3,77977097;-38,51587772;"SPRF-CE";"DEL01-CE";"UOP02-DEL01-CE"
160108;2018-09-17;"segunda-feira";"12:30:00";"MA";222;190,5;"ITAPECURU MIRIM";"Defeito Mecânico no Veículo";"Capotamento";"Com Vítimas Fatais";"Pleno dia";"Crescente";"Céu Claro";"Simples";"Reta";"Não";5;1;2;2;0;0;4;1;-3,44111332;-44,3333289;"SPRF-MA";"DEL01-MA";"DEL18/1-UOP03/MA"
160110;2018-09-17;"segunda-feira";"14:45:00";"BA";407;123;"SENHOR DO BONFIM";"Agressão Externa";"Colisão com objeto em movimento";"Com Vítimas Feridas";"Pleno dia";"Crescente";"Céu Claro";"Simples";"Declive";"Não";3;0;0;1;2;0;1;2;-10,432355;-40,186919;"SPRF-BA";"DEL04-BA";"UOP01-DEL04-BA"
160113;2018-09-17;"segunda-feira";"16:00:00";"SC";282;3;"FLORIANOPOLIS";"Desobediência às normas de trânsito pelo condutor";"Colisão traseira";"Sem Vítimas";"Pleno dia";"Decrescente";"Chuva";"Dupla";"Reta";"Sim";2;0;0;0;2;0;0;2;-27,600384;-48,599705;"SPRF-SC";"DEL01-SC";"UOP01-DEL01-SC"
160114;2018-09-17;"segunda-feira";"16:10:00";"MG";267;69,5;"BICAS";"Ultrapassagem Indevida";"Colisão frontal";"Com Vítimas Feridas";"Pleno dia";"Crescente";"Chuva";"Simples";"Reta";"Não";8;0;7;0;1;0;7;2;-21,7507;-43,1593;"SPRF-MG";"DEL05-MG";"UOP01-DEL05-MG"
160115;2018-09-17;"segunda-feira";"14:30:00";"PB";104;106,2;"SAO SEBASTIAO DE LAGOA DE  ROCA";"Falta de Atenção à Condução";"Saída de leito carroçável";"Sem Vítimas";"Pleno dia";"Decrescente";"Sol";"Simples";"Curva";"Não";1;0;0;0;0;1;0;1;-7,095719;-35,861099;"SPRF-PB";"DEL02-PB";"UOP04-DEL02-PB"
160116;2018-09-17;"segunda-feira";"16:30:00";"MG";381;490,5;"BETIM";"Falta de Atenção à Condução";"Queda de ocupante de veículo";"Com Vítimas Feridas";"Pleno dia";"Crescente";"Chuva";"Múltipla";"Curva";"Sim";1;0;1;0;0;0;1;1;-19,95616554;-44,14774418;"SPRF-MG";"DEL01-MG";"UOP03-DEL01-MG"
160118;2018-09-17;"segunda-feira";"16:30:00";"PA";155;298;"MARABA";"Falta de Atenção à Condução";"Capotamento";"Com Vítimas Feridas";"Pleno dia";"Decrescente";"Nublado";"Simples";"Curva";"Não";1;0;0;1;0;0;1;1;-5,75912985;-49,16300297;"SPRF-PA";"DEL03-PA";"UOP01-DEL03-PA"
160119;2018-09-17;"segunda-feira";"15:50:00";"SC";282;98,5;"ALFREDO WAGNER";"Não guardar distância de segurança";"Atropelamento de Pedestre";"Com Vítimas Feridas";"Pleno dia";"Decrescente";"Chuva";"Simples";"Curva";"Não";3;0;1;1;1;0;2;3;-27,702288;-49,279648;"SPRF-SC";"DEL01-SC";"UOP03-DEL01-SC"
160122;2018-09-17;"segunda-feira";"08:20:00";"MG";40;587,2;"ITABIRITO";"Pista Escorregadia";"Colisão com objeto estático";"Com Vítimas Feridas";"Pleno dia";"Crescente";"Chuva";"Simples";"Curva";"Não";1;0;0;1;0;0;1;1;-20,350495;-43,91601;"SPRF-MG";"DEL01-MG";"UOP02-DEL01-MG"
160123;2018-09-17;"segunda-feira";"16:30:00";"SC";101;196,8;"BIGUACU";"Pista Escorregadia";"Tombamento";"Com Vítimas Feridas";"Anoitecer";"Crescente";"Chuva";"Dupla";"Reta;Declive";"Não";1;0;1;0;0;0;1;1;-27,51656419;-48,63937047;"SPRF-SC";"DEL01-SC";"UOP01-DEL01-SC"
160124;2018-09-17;"segunda-feira";"16:55:00";"SC";101;345,5;"TUBARAO";"Avarias e/ou desgaste excessivo no pneu";"Saída de leito carroçável";"Com Vítimas Feridas";"Pleno dia";"Decrescente";"Chuva";"Dupla";"Curva";"Não";1;0;1;0;0;0;1;1;-28,54903579;-49,05345082;"SPRF-SC";"DEL02-SC";"UOP01-DEL02-SC"
160127;2018-09-17;"segunda-feira";"17:30:00";"MG";50;78;"UBERLANDIA";"Avarias e/ou desgaste excessivo no pneu";"Queda de ocupante de veículo";"Com Vítimas Feridas";"Anoitecer";"Crescente";"Nublado";"Dupla";"Reta";"Sim";2;0;1;0;1;0;1;1;-18,9541;-48,217;"SPRF-MG";"DEL15-MG";"UOP01-DEL15-MG"
160129;2018-09-17;"segunda-feira";"17:45:00";"DF";20;49,5;"BRASILIA";"Pista Escorregadia";"Saída de leito carroçável";"Com Vítimas Feridas";"Anoitecer";"Crescente";"Chuva";"Dupla";"Reta;Declive";"Não";1;0;1;0;0;0;1;1;-15,58189405;-47,42631823;"SPRF-DF";"DEL02-DF";"UOP01-DEL02-DF"
160131;2018-09-17;"segunda-feira";"18:00:00";"SC";101;117,8;"ITAJAI";"Falta de Atenção à Condução";"Colisão traseira";"Com Vítimas Feridas";"Anoitecer";"Crescente";"Nublado";"Dupla";"Reta";"Não";2;0;1;0;1;0;1;2;-26,89153086;-48,720585;"SPRF-SC";"DEL04-SC";"UOP04-DEL04-SC"
160133;2018-09-17;"segunda-feira";"17:15:00";"RJ";101;486,1;"ANGRA DOS REIS";"Falta de Atenção à Condução";"Colisão traseira";"Com Vítimas Feridas";"Anoitecer";"Decrescente";"Nublado";"Simples";"Reta";"Sim";4;0;1;0;3;0;1;3;-22,97743866;-44,29661751;"SPRF-RJ";"DEL03-RJ";"UOP03-DEL03-RJ"
160134;2018-09-17;"segunda-feira";"18:15:00";"PE";101;60;"RECIFE";"Falta de Atenção à Condução";"Colisão traseira";"Com Vítimas Feridas";"Plena Noite";"Decrescente";"Céu Claro";"Dupla";"Reta";"Sim";3;0;2;0;1;0;2;2;-7,991557;-34,936242;"SPRF-PE";"DEL01-PE";"UOP02-DEL01-PE"
160135;2018-09-17;"segunda-feira";"18:10:00";"SP";116;216;"GUARULHOS";"Falta de Atenção à Condução";"Colisão lateral";"Com Vítimas Feridas";"Plena Noite";"Decrescente";"Nublado";"Múltipla";"Reta";"Sim";2;0;1;0;1;0;1;2;-23,45125856;-46,46425897;"SPRF-SP";"DEL01-SP";"UOP01-DEL01-SP"
160136;2018-09-17;"segunda-feira";"17:45:00";"SC";282;515,9;"XAXIM";"Não guardar distância de segurança";"Colisão traseira";"Com Vítimas Feridas";"Pleno dia";"Crescente";"Nublado";"Simples";"Reta";"Não";4;0;2;0;2;0;2;2;-26,91652145;-52,49222517;"SPRF-SC";"DEL07-SC";"UOP01-DEL07-SC"
160140;2018-09-17;"segunda-feira";"18:30:00";"PR";376;174,4;"MARINGA";"Falta de Atenção à Condução";"Queda de ocupante de veículo";"Com Vítimas Feridas";"Anoitecer";"Crescente";"Nublado";"Dupla";"Reta";"Sim";1;0;1;0;0;0;1;1;-23,41591759;-51,95492506;"SPRF-PR";"DEL07-PR";"UOP01-DEL09-PR"
160144;2018-09-17;"segunda-feira";"18:20:00";"BA";407;121;"SENHOR DO BONFIM";"Ingestão de Álcool";"Colisão com objeto estático";"Com Vítimas Feridas";"Plena Noite";"Crescente";"Céu Claro";"Simples";"Declive";"Não";1;0;1;0;0;0;1;1;-10,411149;-40,182952;"SPRF-BA";"DEL04-BA";"UOP01-DEL04-BA"
160146;2018-09-17;"segunda-feira";"19:00:00";"RS";158;328;"SANTA MARIA";"Falta de Atenção do Pedestre";"Atropelamento de Pedestre";"Sem Vítimas";"Anoitecer";"Crescente";"Garoa/Chuvisco";"Simples";"Reta";"Sim";2;0;0;0;2;0;0;2;-29,711109;-53,819717;"SPRF-RS";"DEL09-RS";"UOP01-DEL09-RS"
160149;2018-09-17;"segunda-feira";"13:15:00";"SC";282;307,5;"VARGEM";"Velocidade Incompatível";"Colisão frontal";"Com Vítimas Feridas";"Pleno dia";"Decrescente";"Chuva";"Simples";"Curva";"Não";3;0;2;1;0;0;3;2;-27,4927404;-50,9724158;"SPRF-SC";"DEL07-SC";"UOP06-DEL07-SC"
160152;2018-09-17;"segunda-feira";"19:10:00";"MG";262;107;"SANTO ANTONIO DO GRAMA";"Desobediência às normas de trânsito pelo condutor";"Colisão transversal";"Sem Vítimas";"Plena Noite";"Decrescente";"Chuva";"Simples";"Reta";"Não";2;0;0;0;2;0;0;2;-20,27673017;-42,56359935;"SPRF-MG";"DEL03-MG";"UOP03-DEL03-MG"
160154;2018-09-17;"segunda-feira";"19:00:00";"SC";282;216,3;"LAGES";"Falta de Atenção à Condução";"Engavetamento";"Sem Vítimas";"Plena Noite";"Decrescente";"Chuva";"Simples";"Reta";"Sim";3;0;0;0;3;0;0;3;-27,79717293;-50,28914452;"SPRF-SC";"DEL05-SC";"UOP01-DEL05-SC"
160156;2018-09-17;"segunda-feira";"18:20:00";"PA";230;124;"MARABA";"Falta de Atenção à Condução";"Colisão lateral";"Com Vítimas Feridas";"Plena Noite";"Decrescente";"Céu Claro";"Simples";"Reta";"Não";2;0;0;1;1;0;1;2;-5,37647;-49,147114;"SPRF-PA";"DEL03-PA";"UOP01-DEL03-PA"
160162;2018-09-17;"segunda-feira";"19:35:00";"RO";364;343;"JI-PARANA";"Desobediência às normas de trânsito pelo condutor";"Colisão transversal";"Com Vítimas Feridas";"Plena Noite";"Decrescente";"Nublado";"Dupla";"Reta";"Sim";2;0;1;0;1;0;1;2;-10,878848;-61,944893;"SPRF-RO";"DEL02-RO";"UOP01-DEL02-RO"
160165;2018-09-17;"segunda-feira";"20:50:00";"SC";470;36;"GASPAR";"Falta de Atenção à Condução";"Colisão frontal";"Com Vítimas Feridas";"Plena Noite";"Crescente";"Nublado";"Simples";"Desvio Temporário;Em Obras";"Sim";3;0;1;0;2;0;1;2;-26,91420633;-48,97221208;"SPRF-SC";"DEL04-SC";"UOP01-DEL04-SC"
160167;2018-09-17;"segunda-feira";"20:00:00";"BA";101;526;"BUERAREMA";"Desobediência às normas de trânsito pelo condutor";"Colisão frontal";"Com Vítimas Feridas";"Plena Noite";"Crescente";"Nublado";"Simples";"Curva";"Não";5;0;1;0;4;0;1;2;-14,9699;-39,3199;"SPRF-BA";"DEL05-BA";"UOP01-DEL05-BA"
160168;2018-09-17;"segunda-feira";"16:30:00";"MT";364;471;"JANGADA";"Falta de Atenção à Condução";"Saída de leito carroçável";"Com Vítimas Feridas";"Pleno dia";"Decrescente";"Nublado";"Simples";"Reta";"Não";2;0;2;0;0;0;2;1;-15,2735871;-56,44500732;"SPRF-MT";"DEL01-MT";"DEL2/4-UOP02/MT"
160170;2018-09-17;"segunda-feira";"21:05:00";"PR";376;175,9;"MARINGA";"Não guardar distância de segurança";"Colisão traseira";"Com Vítimas Feridas";"Plena Noite";"Decrescente";"Nublado";"Dupla";"Reta";"Sim";3;0;1;0;2;0;1;2;-23,41202004;-51,94267089;"SPRF-PR";"DEL07-PR";"UOP01-DEL09-PR"
160171;2018-09-17;"segunda-feira";"20:40:00";"CE";116;13;"FORTALEZA";"Falta de Atenção à Condução";"Colisão traseira";"Com Vítimas Feridas";"Plena Noite";"Crescente";"Céu Claro";"Múltipla";"Reta";"Não";2;0;0;1;1;0;1;2;-3,86596733;-38,49738121;"SPRF-CE";"DEL01-CE";"UOP02-DEL01-CE"
160172;2018-09-17;"segunda-feira";"21:00:00";"ES";101;331;"GUARAPARI";"Falta de Atenção à Condução";"Colisão transversal";"Com Vítimas Feridas";"Plena Noite";"Crescente";"Chuva";"Simples";"Reta";"Sim";3;0;1;1;1;0;2;2;-20,61586478;-40,5150944;"SPRF-ES";"DEL03-ES";"UOP01-DEL03-ES"
160173;2018-09-17;"segunda-feira";"20:50:00";"SP";116;197;"ARUJA";"Não guardar distância de segurança";"Saída de leito carroçável";"Com Vítimas Feridas";"Plena Noite";"Crescente";"Nublado";"Dupla";"Aclive";"Sim";1;0;1;0;0;0;1;1;-23,41036598;-46,34613231;"SPRF-SP";"DEL01-SP";"UOP02-DEL01-SP"
160174;2018-09-17;"segunda-feira";"20:50:00";"RS";116;257,5;"ESTEIO";"Falta de Atenção à Condução";"Colisão com objeto estático";"Com Vítimas Feridas";"Plena Noite";"Decrescente";"Ignorado";"Dupla";"Reta";"Sim";2;0;2;0;0;0;2;1;-29,852671;-51,179691;"SPRF-RS";"DEL01-RS";"UOP02-DEL01-RS"
160175;2018-09-17;"segunda-feira";"20:20:00";"RJ";40;121;"DUQUE DE CAXIAS";"Desobediência às normas de trânsito pelo condutor";"Colisão transversal";"Sem Vítimas";"Plena Noite";"Crescente";"Chuva";"Múltipla";"Reta";"Sim";2;0;0;0;1;1;0;2;-22,78330374;-43,28585386;"SPRF-RJ";"DEL01-RJ";"UOP01-DEL01-RJ"
160177;2018-09-17;"segunda-feira";"15:10:00";"RO";435;119;"CEREJEIRAS";"Falta de Atenção à Condução";"Capotamento";"Com Vítimas Feridas";"Pleno dia";"Decrescente";"Céu Claro";"Simples";"Reta";"Não";2;0;2;0;0;0;2;1;-13,184876;-60,795326;"SPRF-RO";"DEL04-RO";"UOP02-DEL04-RO"
160179;2018-09-17;"segunda-feira";"21:50:00";"PB";101;77;"SANTA RITA";"Agressão Externa";"Colisão com objeto estático";"Com Vítimas Feridas";"Plena Noite";"Decrescente";"Céu Claro";"Dupla";"Reta";"Não";1;0;0;1;0;0;1;1;-7,1066;-34,9635;"SPRF-PB";"DEL01-PB";"UOP01-DEL01-PB"
160180;2018-09-17;"segunda-feira";"20:30:00";"RJ";116;143;"DUQUE DE CAXIAS";"Não guardar distância de segurança";"Colisão traseira";"Sem Vítimas";"Plena Noite";"Crescente";"Nublado";"Dupla";"Reta";"Sim";2;0;0;0;2;0;0;2;-22,66953177;-43,27255933;"SPRF-RJ";"DEL04-RJ";"UOP02-DEL04-RJ"
160181;2018-09-17;"segunda-feira";"21:40:00";"GO";158;87,5;"PIRANHAS";"Velocidade Incompatível";"Saída de leito carroçável";"Com Vítimas Fatais";"Plena Noite";"Crescente";"Céu Claro";"Simples";"Reta";"Não";1;1;0;0;0;0;0;1;-16,416309;-51,808189;"SPRF-GO";"DEL04-GO";"UOP01-DEL04-GO"
160182;2018-08-22;"quarta-feira";"09:15:00";"PR";376;652,4;"TIJUCAS DO SUL";"Velocidade Incompatível";"Saída de leito carroçável";"Sem Vítimas";"Pleno dia";"Crescente";"Chuva";"Dupla";"Curva;Declive";"Não";1;0;0;0;1;0;0;1;-25,84508846;-49,06090736;"SPRF-PR";"DEL01-PR";"DEL7/1-UOP08/PR"
160183;2018-09-17;"segunda-feira";"22:35:00";"BA";101;878;"TEIXEIRA DE FREITAS";"Ingestão de Álcool";"Colisão transversal";"Com Vítimas Feridas";"Plena Noite";"Decrescente";"Nublado";"Simples";"Reta";"Sim";2;0;1;0;1;0;1;2;-17,5466;-39,7192;"SPRF-BA";"DEL09-BA";"UOP02-DEL09-BA"
160184;2018-09-17;"segunda-feira";"19:45:00";"MT";174;113,8;"MIRASSOL DOESTE";"Animais na Pista";"Atropelamento de Animal";"Com Vítimas Feridas";"Plena Noite";"Crescente";"Céu Claro";"Simples";"Reta";"Não";1;0;1;0;0;0;1;1;-15,816442;-57,987408;"SPRF-MT";"DEL03-MT";"UOP01-DEL03-MT"
160186;2018-09-15;"sábado";"23:30:00";"RO";425;95;"NOVA MAMORE";"Defeito Mecânico no Veículo";"Tombamento";"Com Vítimas Feridas";"Plena Noite";"Crescente";"Céu Claro";"Simples";"Reta";"Não";2;0;1;1;0;0;2;1;-10,37659923;-65,320158;"SPRF-RO";"DEL01-RO";"UOP02-DEL01-RO"
160188;2018-09-17;"segunda-feira";"23:10:00";"SC";101;205;"SAO JOSE";"Falta de Atenção à Condução";"Colisão lateral";"Com Vítimas Feridas";"Plena Noite";"Decrescente";"Chuva";"Múltipla";"Reta";"Sim";2;0;1;0;1;0;1;2;-27,592;-48,6181;"SPRF-SC";"DEL01-SC";"UOP01-DEL01-SC"
160192;2018-09-17;"segunda-feira";"23:30:00";"PR";116;18;"CURITIBA";"Ingestão de Álcool";"Capotamento";"Com Vítimas Feridas";"Plena Noite";"Crescente";"Nublado";"Dupla";"Reta";"Sim";2;0;1;0;1;0;1;1;-25,38877553;-49,20230605;"SPRF-PR";"DEL01-PR";"UOP02-DEL01-PR"
160195;2018-09-17;"segunda-feira";"22:30:00";"GO";251;33;"CRISTALINA";"Restrição de Visibilidade";"Saída de leito carroçável";"Com Vítimas Feridas";"Plena Noite";"Crescente";"Nublado";"Dupla";"Curva";"Não";2;0;2;0;0;0;2;1;-16,2028;-47,4392;"SPRF-DF";"DEL01-DF";"UOP01-DEL01-DF"
160196;2018-09-17;"segunda-feira";"23:30:00";"RR";174;506,1;"BOA VISTA";"Ingestão de Álcool";"Atropelamento de Pedestre";"Com Vítimas Feridas";"Plena Noite";"Decrescente";"Céu Claro";"Dupla";"Reta";"Sim";2;0;0;1;1;0;1;2;2,81137119;-60,69105148;"SPRF-RR";"DEL01-RR";"UOP01-DEL01-RR"
160197;2018-09-18;"terça-feira";"00:11:00";"MG";50;175,1;"UBERABA";"Velocidade Incompatível";"Saída de leito carroçável";"Com Vítimas Feridas";"Plena Noite";"Decrescente";"Chuva";"Dupla";"Curva";"Sim";1;0;1;0;0;0;1;1;-19,77905399;-47,96907663;"SPRF-MG";"DEL13-MG";"UOP01-DEL13-MG"
160198;2018-09-18;"terça-feira";"00:10:00";"MG";116;414;"GOVERNADOR VALADARES";"Ingestão de Álcool";"Saída de leito carroçável";"Com Vítimas Feridas";"Plena Noite";"Crescente";"Céu Claro";"Simples";"Reta";"Sim";1;0;1;0;0;0;1;1;-18,88109469;-41,95931387;"SPRF-MG";"DEL06-MG";"UOP01-DEL06-MG"
160199;2018-09-17;"segunda-feira";"19:30:00";"RO";364;11,1;"VILHENA";"Ingestão de Álcool";"Atropelamento de Pedestre";"Com Vítimas Feridas";"Plena Noite";"Crescente";"Céu Claro";"Dupla";"Reta";"Sim";2;0;1;0;1;0;1;2;-12,74457576;-60,11828989;"SPRF-RO";"DEL04-RO";"UOP01-DEL04-RO"
160201;2018-09-18;"terça-feira";"05:10:00";"MG";381;532;"ITATIAIUCU";"Velocidade Incompatível";"Capotamento";"Com Vítimas Feridas";"Amanhecer";"Crescente";"Nublado";"Dupla";"Curva";"Não";1;0;1;0;0;0;1;1;-20,1709;-44,3729;"SPRF-MG";"DEL04-MG";"UOP03-DEL04-MG"
160206;2018-09-18;"terça-feira";"06:15:00";"MA";222;650;"ACAILANDIA";"Condutor Dormindo";"Saída de leito carroçável";"Com Vítimas Feridas";"Amanhecer";"Crescente";"Céu Claro";"Simples";"Declive";"Não";2;0;1;0;1;0;1;1;-4,84934;-47,30716;"SPRF-MA";"DEL04-MA";"UOP03-DEL04-MA"
160208;2018-09-18;"terça-feira";"06:40:00";"SP";381;83;"SAO PAULO";"Falta de Atenção do Pedestre";"Atropelamento de Pedestre";"Com Vítimas Feridas";"Pleno dia";"Crescente";"Céu Claro";"Dupla";"Reta";"Sim";2;0;0;1;1;0;1;2;-23,438779;-46,568053;"SPRF-SP";"DEL03-SP";"DEL6/3-UOP03/SP"
160210;2018-09-18;"terça-feira";"06:55:00";"ES";101;0,3;"SERRA";"Falta de Atenção à Condução";"Tombamento";"Com Vítimas Feridas";"Pleno dia";"Decrescente";"Chuva";"Múltipla";"Reta";"Sim";1;0;1;0;0;0;1;1;-20,23610668;-40,27682841;"SPRF-ES";"DEL04-ES";"UOP02-DEL04-ES"
160212;2018-09-18;"terça-feira";"05:55:00";"RO";319;60,9;"PORTO VELHO";"Ingestão de Álcool";"Tombamento";"Com Vítimas Feridas";"Amanhecer";"Crescente";"Céu Claro";"Dupla";"Rotatória";"Sim";3;0;1;0;2;0;1;2;-8,74005508;-63,89029384;"SPRF-RO";"DEL01-RO";"UOP01-DEL01-RO"
160217;2018-09-18;"terça-feira";"08:00:00";"GO";153;497;"GOIANIA";"Defeito Mecânico no Veículo";"Queda de ocupante de veículo";"Com Vítimas Feridas";"Pleno dia";"Crescente";"Nublado";"Dupla";"Reta";"Sim";1;0;1;0;0;0;1;1;-16,67385317;-49,22950566;"SPRF-GO";"DEL01-GO";"UOP01-DEL01-GO"
160218;2018-09-18;"terça-feira";"07:50:00";"PE";232;134;"CARUARU";"Falta de Atenção à Condução";"Atropelamento de Pedestre";"Com Vítimas Fatais";"Pleno dia";"Decrescente";"Céu Claro";"Dupla";"Reta";"Não";3;1;0;1;1;0;1;2;-8,308454;-36,023656;"SPRF-PE";"DEL02-PE";"UOP03-DEL02-PE"
160219;2018-09-18;"terça-feira";"07:12:00";"TO";153;335,3;"GUARAI";"Animais na Pista";"Atropelamento de Animal";"Com Vítimas Feridas";"Pleno dia";"Crescente";"Nublado";"Dupla";"Interseção de Vias";"Sim";1;0;0;1;0;0;1;1;-8,872146;-48,508533;"SPRF-TO";"DEL02-TO";"UOP02-DEL02-TO"
160220;2018-09-18;"terça-feira";"07:50:00";"PR";163;277,6;"QUATRO PONTES";"Falta de Atenção à Condução";"Tombamento";"Com Vítimas Feridas";"Amanhecer";"Crescente";"Céu Claro";"Simples";"Reta";"Não";1;0;1;0;0;0;1;1;-24,6006;-53,9802;"SPRF-PR";"DEL06-PR";"UOP02-DEL06-PR"
160221;2018-09-18;"terça-feira";"07:40:00";"RN";101;84,8;"SAO GONCALO DO AMARANTE";"Falta de Atenção à Condução";"Tombamento";"Com Vítimas Feridas";"Pleno dia";"Crescente";"Céu Claro";"Dupla";"Reta";"Sim";2;0;0;1;1;0;1;1;-5,77515135;-35,25580836;"SPRF-RN";"DEL02-RN";"UOP01-DEL02-RN"
160222;2018-09-18;"terça-feira";"08:00:00";"RN";101;73;"EXTREMOZ";"Falta de Atenção à Condução";"Colisão lateral";"Com Vítimas Feridas";"Pleno dia";"Decrescente";"Céu Claro";"Dupla";"Reta";"Sim";3;0;2;0;1;0;2;2;-5,706872;-35,266884;"SPRF-RN";"DEL02-RN";"UOP01-DEL02-RN"
160224;2018-09-18;"terça-feira";"08:00:00";"SC";101;215;"PALHOCA";"Falta de Atenção à Condução";"Colisão traseira";"Com Vítimas Feridas";"Pleno dia";"Decrescente";"Céu Claro";"Múltipla";"Reta";"Sim";2;0;0;1;1;0;1;2;-27,6601;-48,6774;"SPRF-SC";"DEL01-SC";"UOP02-DEL01-SC"
160226;2018-09-18;"terça-feira";"08:00:00";"SC";101;211;"PALHOCA";"Defeito Mecânico no Veículo";"Colisão com objeto em movimento";"Com Vítimas Feridas";"Pleno dia";"Decrescente";"Céu Claro";"Simples";"Reta";"Sim";2;0;1;0;1;0;1;2;-27,6301;-48,659;"SPRF-SC";"DEL01-SC";"UOP02-DEL01-SC"
160230;2018-09-18;"terça-feira";"08:30:00";"RJ";493;80;"JAPERI";"Condutor Dormindo";"Saída de leito carroçável";"Com Vítimas Feridas";"Pleno dia";"Crescente";"Nublado";"Dupla";"Reta";"Não";1;0;1;0;0;0;1;1;-22,68783498;-43,68146896;"SPRF-RJ";"DEL01-RJ";"UOP03-DEL01-RJ"
160231;2018-09-18;"terça-feira";"08:05:00";"PR";277;79,6;"CURITIBA";"Falta de Atenção à Condução";"Colisão lateral";"Com Vítimas Feridas";"Pleno dia";"Decrescente";"Céu Claro";"Dupla";"Reta";"Sim";2;0;0;1;1;0;1;2;-25,47698382;-49,20536041;"SPRF-PR";"DEL01-PR";"UOP01-DEL01-PR"
160233;2018-09-14;"sexta-feira";"20:50:00";"SC";282;18,8;"PALHOCA";"Desobediência às normas de trânsito pelo condutor";"Colisão frontal";"Sem Vítimas";"Plena Noite";"Crescente";"Chuva";"Simples";"Reta";"Não";4;0;0;0;4;0;0;4;-27,672798;-48,694286;"SPRF-SC";"DEL01-SC";"UOP02-DEL01-SC"
160234;2018-09-18;"terça-feira";"07:50:00";"MG";40;716,9;"BARBACENA";"Velocidade Incompatível";"Capotamento";"Com Vítimas Feridas";"Pleno dia";"Decrescente";"Chuva";"Dupla";"Curva";"Não";1;0;0;1;0;0;1;1;-21,2793;-43,6434;"SPRF-MG";"DEL05-MG";"UOP01-DEL05-MG"
160236;2018-09-18;"terça-feira";"08:30:00";"AP";210;12;"MACAPA";"Condutor Dormindo";"Saída de leito carroçável";"Com Vítimas Feridas";"Pleno dia";"Crescente";"Céu Claro";"Simples";"Reta";"Não";1;0;1;0;0;0;1;1;0,13909;-51,14235;"SPRF-AP";"DEL01-AP";"UOP01-DEL01-AP"
160239;2018-09-18;"terça-feira";"08:20:00";"MS";262;53,3;"TRES LAGOAS";"Defeito Mecânico no Veículo";"Incêndio";"Sem Vítimas";"Pleno dia";"Crescente";"Nublado";"Simples";"Reta";"Não";3;0;0;0;3;0;0;1;-20,743341;-52,094296;"SPRF-MS";"DEL07-MS";"UOP01-DEL07-MS"
160241;2018-08-05;"domingo";"18:50:00";"RS";116;246,1;"SAO LEOPOLDO";"Não guardar distância de segurança";"Colisão traseira";"Com Vítimas Feridas";"Plena Noite";"Crescente";"Céu Claro";"Dupla";"Reta";"Sim";4;0;2;0;2;0;2;3;-29,75950633;-51,15206648;"SPRF-RS";"DEL01-RS";"UOP02-DEL01-RS"
160243;2018-09-11;"terça-feira";"03:15:00";"PR";277;77;"SAO JOSE DOS PINHAIS";"Falta de Atenção à Condução";"Atropelamento de Pedestre";"Com Vítimas Fatais";"Plena Noite";"Crescente";"Nublado";"Dupla";"Reta";"Não";4;1;2;0;1;0;2;3;-25,53252847;-49,09240723;"SPRF-PR";"DEL01-PR";"UOP01-DEL01-PR"