"id";"data_inversa";"dia_semana";"horario";"uf";"br";"km";"municipio";"causa_acidente";"tipo_acidente";"classificacao_acidente";"fase_dia";"sentido_via";"condicao_metereologica";"tipo_pista";"tracado_via";"uso_solo";"pessoas";"mortos";"feridos_leves";"feridos_graves";"ilesos";"ignorados";"feridos";"veiculos";"latitude";"longitude";"regional";"delegacia";"uop"
160245;2018-09-18;"terça-feira";"08:45:00";"RS";471;472;"RIO GRANDE";"Pista Escorregadia";"Colisão com objeto estático";"Sem Vítimas";"Pleno dia";"Decrescente";"Chuva";"Simples";"Curva";"Sim";1;0;0;0;1;0;0;1;-32,07143457;-52,26187697;"SPRF-RS";"DEL07-RS";"UOP02-DEL07-RS"
160246;2018-09-18;"terça-feira";"10:45:00";"PA";163;1003;"SANTAREM";"Falta de Atenção à Condução";"Colisão transversal";"Com Vítimas Feridas";"Pleno dia";"Crescente";"Sol";"Simples";"Reta";"Sim";3;0;1;0;2;0;1;3;-2,44776858;-54,73030329;"SPRF-PA";"DEL05-PA";"UOP01-DEL05-PA"
160247;2018-09-18;"terça-feira";"10:00:00";"MG";40;162,7;"JOAO PINHEIRO";"Falta de Atenção à Condução";"Saída de leito carroçável";"Com Vítimas Feridas";"Pleno dia";"Decrescente";"Ignorado";"Dupla";"Reta";"Não";2;0;2;0;0;0;2;1;-17,89658;-46,123093;"SPRF-MG";"DEL14-MG";"UOP02-DEL14-MG"
160248;2018-09-18;"terça-feira";"08:40:00";"PI";222;68,1;"PIRIPIRI";"Falta de Atenção à Condução";"Saída de leito carroçável";"Com Vítimas Feridas";"Pleno dia";"Decrescente";"Céu Claro";"Simples";"Reta";"Não";2;0;2;0;0;0;2;1;-4,246194;-41,712788;"SPRF-PI";"DEL02-PI";"UOP01-DEL02-PI"
160252;2018-09-18;"terça-feira";"11:00:00";"PE";232;97,3;"BEZERROS";"Falta de Atenção à Condução";"Colisão traseira";"Sem Vítimas";"Pleno dia";"Decrescente";"Céu Claro";"Dupla";"Reta";"Não";2;0;0;0;2;0;0;2;-8,236728;-35,734016;"SPRF-PE";"DEL01-PE";"UOP02-DEL02PE"
160253;2018-09-18;"terça-feira";"11:00:00";"RN";304;196,7;"LAJES";"Condutor Dormindo";"Colisão com objeto estático";"Com Vítimas Feridas";"Pleno dia";"Crescente";"Céu Claro";"Simples";"Reta";"Não";3;0;2;1;0;0;3;1;-5,705923;-36,233528;"SPRF-RN";"DEL01-RN";"UOP03-DEL01-RN"
160255;2018-09-18;"terça-feira";"11:15:00";"SC";101;45;"JOINVILLE";"Defeito Mecânico no Veículo";"Queda de ocupante de veículo";"Com Vítimas Feridas";"Pleno dia";"Crescente";"Céu Claro";"Dupla";"Reta";"Sim";1;0;1;0;0;0;1;1;-26,3578;-48,8588;"SPRF-SC";"DEL03-SC";"UOP01-DEL03-SC"
160260;2018-09-18;"terça-feira";"12:15:00";"SC";282;3,3;"FLORIANOPOLIS";"Não guardar distância de segurança";"Colisão traseira";"Com Vítimas Feridas";"Pleno dia";"Crescente";"Sol";"Dupla";"Reta";"Sim";5;0;3;0;2;0;3;5;-27,60232416;-48,59544754;"SPRF-SC";"DEL01-SC";"UOP01-DEL01-SC"
160261;2018-09-18;"terça-feira";"12:40:00";"RS";290;91;"PORTO ALEGRE";"Falta de Atenção à Condução";"Colisão transversal";"Com Vítimas Feridas";"Pleno dia";"Crescente";"Sol";"Múltipla";"Reta";"Sim";2;0;1;0;1;0;1;2;-29,9679744;-51,1737856;"SPRF-RS";"DEL01-RS";"UOP01-DEL01-RS"
160262;2018-09-18;"terça-feira";"12:20:00";"SC";470;67;"INDAIAL";"Falta de Atenção à Condução";"Colisão traseira";"Com Vítimas Feridas";"Pleno dia";"Crescente";"Céu Claro";"Simples";"Reta";"Não";4;0;1;0;3;0;1;3;-26,87233449;-49,23169342;"SPRF-SC";"DEL04-SC";"UOP01-DEL04-SC"
160265;2018-09-18;"terça-feira";"13:00:00";"PE";101;69;"RECIFE";"Ultrapassagem Indevida";"Colisão lateral";"Com Vítimas Feridas";"Pleno dia";"Crescente";"Céu Claro";"Dupla";"Reta";"Sim";2;0;1;0;1;0;1;2;-8,059448;-34,94623;"SPRF-PE";"DEL01-PE";"UOP01-DEL01-PE"
160266;2018-09-18;"terça-feira";"13:55:00";"RS";392;351,6;"SANTA MARIA";"Desobediência às normas de trânsito pelo condutor";"Colisão transversal";"Com Vítimas Feridas";"Pleno dia";"Crescente";"Nublado";"Simples";"Reta";"Não";2;0;0;1;1;0;1;2;-29,72765712;-53,80387902;"SPRF-RS";"DEL09-RS";"UOP01-DEL09-RS"
160269;2018-09-18;"terça-feira";"13:30:00";"MG";381;495,5;"BETIM";"Não guardar distância de segurança";"Colisão traseira";"Com Vítimas Feridas";"Pleno dia";"Crescente";"Nublado";"Dupla";"Reta";"Sim";3;0;2;0;1;0;2;2;-19,9754;-44,1937;"SPRF-MG";"DEL01-MG";"UOP03-DEL01-MG"
160270;2018-09-18;"terça-feira";"14:20:00";"BA";235;351;"JUAZEIRO";"Ingestão de Álcool";"Colisão transversal";"Com Vítimas Feridas";"Pleno dia";"Decrescente";"Céu Claro";"Simples";"Reta";"Sim";2;0;2;0;0;0;2;2;-9,4393783;-40,495612;"SPRF-BA";"DEL07-BA";"UOP01-DEL07-BA"
160271;2018-09-18;"terça-feira";"11:20:00";"SC";280;80,8;"CORUPA";"Desobediência às normas de trânsito pelo condutor";"Colisão traseira";"Com Vítimas Feridas";"Pleno dia";"Decrescente";"Céu Claro";"Simples";"Reta";"Sim";2;0;0;1;1;0;1;2;-26,43753031;-49,23707485;"SPRF-SC";"DEL06-SC";"UOP03-DEL06-SC"
160272;2018-09-18;"terça-feira";"14:25:00";"DF";70;13,7;"BRASILIA";"Pista Escorregadia";"Queda de ocupante de veículo";"Com Vítimas Feridas";"Pleno dia";"Crescente";"Céu Claro";"Dupla";"Rotatória";"Não";2;0;1;0;1;0;1;1;-15,79597013;-48,17259008;"SPRF-DF";"DEL01-DF";"UOP02-DEL03-DF"
160273;2018-09-18;"terça-feira";"13:30:00";"MT";364;203;"RONDONOPOLIS";"Velocidade Incompatível";"Colisão traseira";"Com Vítimas Feridas";"Pleno dia";"Decrescente";"Nublado";"Dupla";"Rotatória";"Sim";3;0;2;0;1;0;2;2;-16,46445857;-54,65833855;"SPRF-MT";"DEL02-MT";"UOP01-DEL02-MT"
160277;2018-09-18;"terça-feira";"08:50:00";"RO";364;388;"OURO PRETO DO OESTE";"Falta de Atenção à Condução";"Colisão transversal";"Com Vítimas Feridas";"Pleno dia";"Decrescente";"Sol";"Simples";"Interseção de Vias";"Sim";3;0;0;2;1;0;2;2;-10,687018;-62,274075;"SPRF-RO";"DEL03-RO";"UOP02-DEL03-RO"
160278;2018-09-18;"terça-feira";"08:30:00";"MT";364;1;"ALTO ARAGUAIA";"Falta de Atenção à Condução";"Colisão traseira";"Com Vítimas Feridas";"Pleno dia";"Decrescente";"Nublado";"Dupla";"Reta";"Sim";2;0;1;0;1;0;1;2;-17,312273;-53,218285;"SPRF-MT";"DEL02-MT";"UOP02-DEL02-MT"
160279;2018-09-18;"terça-feira";"15:28:00";"GO";153;407,5;"PIRENOPOLIS";"Falta de Atenção à Condução";"Tombamento";"Com Vítimas Feridas";"Pleno dia";"Decrescente";"Céu Claro";"Simples";"Aclive;Reta";"Não";3;0;1;0;0;2;1;2;-16,07913534;-49,0491271;"SPRF-GO";"DEL02-GO";"UOP01-DEL02-GO"
160280;2018-09-18;"terça-feira";"15:35:00";"SP";153;55;"SAO JOSE DO RIO PRETO";"Falta de Atenção à Condução";"Colisão lateral";"Com Vítimas Feridas";"Pleno dia";"Crescente";"Nublado";"Dupla";"Curva";"Não";2;0;1;0;1;0;1;2;-20,7622171;-49,34651282;"SPRF-SP";"DEL09-SP";"UOP01-DEL09-SP"
160282;2018-08-03;"sexta-feira";"08:00:00";"AM";317;525;"BOCA DO ACRE";"Mal Súbito";"Saída de leito carroçável";"Com Vítimas Feridas";"Pleno dia";"Decrescente";"Céu Claro";"Simples";"Reta";"Não";4;0;4;0;0;0;4;1;-8,763451;-67,377365;"SPRF-AC";"DEL01-AC";"UOP01-DEL01-AC"
160283;2018-09-18;"terça-feira";"13:40:00";"RN";101;82,9;"NATAL";"Falta de Atenção do Pedestre";"Atropelamento de Pedestre";"Com Vítimas Feridas";"Pleno dia";"Decrescente";"Céu Claro";"Dupla";"Reta";"Sim";2;0;0;1;1;0;1;2;-5,77027411;-35,26821077;"SPRF-RN";"DEL02-RN";"UOP01-DEL02-RN"
160285;2018-09-18;"terça-feira";"15:50:00";"SC";470;36,2;"GASPAR";"Falta de Atenção à Condução";"Colisão com objeto em movimento";"Com Vítimas Feridas";"Pleno dia";"Crescente";"Sol";"Simples";"Em Obras";"Sim";2;0;1;0;1;0;1;2;-26,91447419;-48,97461978;"SPRF-SC";"DEL04-SC";"UOP01-DEL04-SC"
160286;2018-09-18;"terça-feira";"16:05:00";"GO";50;119;"CRISTALINA";"Falta de Atenção à Condução";"Saída de leito carroçável";"Com Vítimas Feridas";"Pleno dia";"Crescente";"Nublado";"Simples";"Curva";"Sim";1;0;1;0;0;0;1;1;-16,92621462;-47,70570785;"SPRF-DF";"DEL01-DF";"UOP02-DEL01-DF"
160287;2018-09-18;"terça-feira";"15:40:00";"PE";104;36,8;"CARUARU";"Falta de Atenção à Condução";"Capotamento";"Com Vítimas Feridas";"Pleno dia";"Decrescente";"Céu Claro";"Dupla";"Reta";"Não";1;0;1;0;0;0;1;1;-8,052739;-36,049232;"SPRF-PE";"DEL02-PE";"UOP01-DEL02-PE"
160289;2018-09-18;"terça-feira";"16:00:00";"PR";476;158,7;"ARAUCARIA";"Falta de Atenção à Condução";"Colisão traseira";"Sem Vítimas";"Pleno dia";"Decrescente";"Céu Claro";"Simples";"Reta";"Não";2;0;0;0;2;0;0;2;-25,61655794;-49,42932233;"SPRF-PR";"DEL01-PR";"UOP06-DEL01-PR"
160290;2018-09-18;"terça-feira";"15:50:00";"PB";230;327,6;"PATOS";"Condutor Dormindo";"Saída de leito carroçável";"Com Vítimas Feridas";"Pleno dia";"Crescente";"Céu Claro";"Simples";"Curva";"Não";1;0;1;0;0;0;1;1;-7,00291277;-37,20758736;"SPRF-PB";"DEL03-PB";"UOP01-DEL03-PB"
160291;2018-09-18;"terça-feira";"16:00:00";"PR";277;7,9;"PARANAGUA";"Desobediência às normas de trânsito pelo condutor";"Colisão transversal";"Com Vítimas Feridas";"Pleno dia";"Decrescente";"Céu Claro";"Dupla";"Em Obras;Rotatória;Interseção de Vias";"Sim";5;0;3;0;2;0;3;2;-25,55614794;-48,56439829;"SPRF-PR";"DEL01-PR";"UOP05-DEL01-PR"
160293;2018-09-18;"terça-feira";"16:25:00";"PR";277;721,1;"FOZ DO IGUACU";"Desobediência às normas de trânsito pelo condutor";"Colisão transversal";"Com Vítimas Feridas";"Pleno dia";"Decrescente";"Céu Claro";"Dupla";"Retorno Regulamentado";"Sim";2;0;1;0;1;0;1;2;-25,49193858;-54,51278687;"SPRF-PR";"DEL05-PR";"UOP01-DEL05-PR"
160294;2018-09-18;"terça-feira";"15:00:00";"SP";101;50;"UBATUBA";"Falta de Atenção à Condução";"Tombamento";"Com Vítimas Feridas";"Pleno dia";"Crescente";"Céu Claro";"Simples";"Reta";"Sim";1;0;1;0;0;0;1;1;-23,45313668;-45,0743562;"SPRF-SP";"DEL06-SP";"UOP01-DEL06-SP"
160295;2018-09-18;"terça-feira";"17:00:00";"MG";381;540;"ITATIAIUCU";"Velocidade Incompatível";"Saída de leito carroçável";"Com Vítimas Feridas";"Pleno dia";"Decrescente";"Chuva";"Dupla";"Curva";"Sim";2;0;2;0;0;0;2;1;-20,23153701;-44,39768813;"SPRF-MG";"DEL04-MG";"UOP03-DEL04-MG"
160296;2018-09-18;"terça-feira";"17:20:00";"SC";101;118,2;"ITAJAI";"Desobediência às normas de trânsito pelo condutor";"Colisão lateral";"Com Vítimas Feridas";"Pleno dia";"Decrescente";"Sol";"Múltipla";"Interseção de Vias";"Sim";2;0;1;0;1;0;1;2;-26,89308098;-48,71987522;"SPRF-SC";"DEL04-SC";"UOP04-DEL04-SC"
160297;2018-09-18;"terça-feira";"17:00:00";"RJ";116;177;"NOVA IGUACU";"Não guardar distância de segurança";"Colisão lateral";"Com Vítimas Feridas";"Pleno dia";"Crescente";"Garoa/Chuvisco";"Dupla";"Reta";"Sim";3;0;1;0;2;0;1;2;-22,75350659;-43,43582958;"SPRF-RJ";"DEL01-RJ";"UOP02-DEL01-RJ"
160298;2018-09-18;"terça-feira";"17:40:00";"DF";70;12;"BRASILIA";"Falta de Atenção à Condução";"Colisão lateral";"Com Vítimas Feridas";"Pleno dia";"Crescente";"Céu Claro";"Dupla";"Reta";"Não";6;0;2;0;4;0;2;2;-15,7913141;-48,15517902;"SPRF-DF";"DEL01-DF";"UOP02-DEL03-DF"
160300;2018-09-18;"terça-feira";"10:30:00";"MG";365;152;"PIRAPORA";"Velocidade Incompatível";"Saída de leito carroçável";"Com Vítimas Feridas";"Pleno dia";"Decrescente";"Ignorado";"Simples";"Reta";"Não";2;0;1;1;0;0;2;1;-17,28082485;-44,86902237;"SPRF-MG";"DEL12-MG";"UOP01-DEL12-MG"
160302;2018-09-18;"terça-feira";"13:45:00";"RR";174;519;"BOA VISTA";"Falta de Atenção à Condução";"Saída de leito carroçável";"Com Vítimas Feridas";"Pleno dia";"Crescente";"Céu Claro";"Simples";"Reta";"Não";1;0;1;0;0;0;1;1;2,93009;-60,714563;"SPRF-RR";"DEL01-RR";"UOP01-DEL01-RR"
160303;2018-09-18;"terça-feira";"17:45:00";"PR";277;726,5;"FOZ DO IGUACU";"Falta de Atenção à Condução";"Colisão transversal";"Com Vítimas Feridas";"Pleno dia";"Crescente";"Sol";"Dupla";"Rotatória";"Sim";2;0;1;0;1;0;1;2;-25,51016312;-54,55856681;"SPRF-PR";"DEL05-PR";"UOP03-DEL05-PR"
160304;2018-09-18;"terça-feira";"18:00:00";"GO";153;505,7;"APARECIDA DE GOIANIA";"Falta de Atenção à Condução";"Tombamento";"Com Vítimas Feridas";"Anoitecer";"Crescente";"Céu Claro";"Dupla";"Curva";"Sim";1;0;1;0;0;0;1;1;-16,7537;-49,2411;"SPRF-GO";"DEL01-GO";"UOP01-DEL01-GO"
160307;2018-09-18;"terça-feira";"17:45:00";"PB";230;41,9;"SANTA RITA";"Ingestão de Álcool";"Colisão traseira";"Com Vítimas Feridas";"Plena Noite";"Crescente";"Céu Claro";"Múltipla";"Reta";"Não";3;0;1;0;2;0;1;2;-7,143052;-34,996277;"SPRF-PB";"DEL01-PB";"UOP01-DEL01-PB"
160309;2018-09-18;"terça-feira";"17:35:00";"PE";101;61,2;"RECIFE";"Objeto estático sobre o leito carroçável";"Danos eventuais";"Com Vítimas Feridas";"Anoitecer";"Crescente";"Nublado";"Dupla";"Reta";"Sim";2;0;1;0;1;0;1;2;-8,0003;-34,9387;"SPRF-PE";"DEL01-PE";"UOP02-DEL01-PE"
160310;2018-09-18;"terça-feira";"17:40:00";"BA";101;715;"EUNAPOLIS";"Falta de Atenção à Condução";"Colisão lateral";"Sem Vítimas";"Anoitecer";"Crescente";"Céu Claro";"Simples";"Interseção de Vias";"Sim";2;0;0;0;1;1;0;2;-16,3467;-39,5804;"SPRF-BA";"DEL09-BA";"UOP01-DEL09-BA"
160311;2018-09-18;"terça-feira";"17:45:00";"PR";376;176,5;"MARINGA";"Falta de Atenção à Condução";"Engavetamento";"Com Vítimas Feridas";"Pleno dia";"Crescente";"Céu Claro";"Dupla";"Interseção de Vias";"Sim";4;0;0;1;3;0;1;4;-23,4110086;-51,93597;"SPRF-PR";"DEL07-PR";"UOP01-DEL09-PR"
160312;2018-09-06;"quinta-feira";"11:20:00";"PE";232;57,1;"POMBOS";"Falta de Atenção à Condução";"Atropelamento de Pedestre";"Com Vítimas Feridas";"Pleno dia";"Decrescente";"Ignorado";"Dupla";"Reta";"Sim";2;0;0;1;1;0;1;2;-8,144629;-35,390347;"SPRF-PE";"DEL01-PE";"UOP02-DEL02PE"
160313;2018-09-18;"terça-feira";"13:30:00";"SC";101;360,6;"SANGAO";"Falta de Atenção à Condução";"Colisão transversal";"Com Vítimas Feridas";"Pleno dia";"Decrescente";"Nublado";"Múltipla";"Reta";"Não";4;0;2;0;1;1;2;3;-28,65345951;-49,10755956;"SPRF-SC";"DEL02-SC";"UOP01-DEL02-SC"
160315;2018-09-18;"terça-feira";"18:15:00";"PR";277;725,5;"FOZ DO IGUACU";"Desobediência às normas de trânsito pelo condutor";"Colisão transversal";"Com Vítimas Feridas";"Pleno dia";"Decrescente";"Sol";"Dupla";"Interseção de Vias";"Sim";2;0;0;1;1;0;1;2;-25,51097648;-54,54980135;"SPRF-PR";"DEL05-PR";"UOP03-DEL05-PR"
160316;2018-09-18;"terça-feira";"19:00:00";"CE";116;14,2;"FORTALEZA";"Falta de Atenção do Pedestre";"Atropelamento de Pedestre";"Com Vítimas Feridas";"Plena Noite";"Crescente";"Céu Claro";"Múltipla";"Reta";"Sim";3;0;0;1;0;2;1;2;-3,882;-38,501;"SPRF-CE";"DEL01-CE";"UOP02-DEL01-CE"
160317;2018-09-18;"terça-feira";"18:50:00";"RN";406;148,9;"CEARA-MIRIM";"Falta de Atenção à Condução";"Colisão frontal";"Com Vítimas Feridas";"Plena Noite";"Decrescente";"Céu Claro";"Simples";"Reta";"Sim";2;0;0;1;1;0;1;2;-5,64673574;-35,4655838;"SPRF-RN";"DEL02-RN";"UOP01-DEL02-RN"
160318;2018-09-18;"terça-feira";"18:35:00";"MG";146;560,2;"CABO VERDE";"Falta de Atenção à Condução";"Colisão transversal";"Com Vítimas Feridas";"Plena Noite";"Crescente";"Nublado";"Simples";"Reta";"Sim";4;0;2;0;2;0;2;2;-21,47218964;-46,40252173;"SPRF-MG";"DEL09-MG";"UOP01-DEL09-MG"
160323;2018-09-18;"terça-feira";"19:10:00";"ES";101;287;"CARIACICA";"Falta de Atenção à Condução";"Colisão transversal";"Com Vítimas Feridas";"Plena Noite";"Crescente";"Garoa/Chuvisco";"Dupla";"Interseção de Vias";"Sim";3;0;0;1;1;1;1;3;-20,2648343;-40,3849704;"SPRF-ES";"DEL01-ES";"UOP01-DEL01-ES"
160324;2018-09-18;"terça-feira";"18:15:00";"SC";470;3,1;"NAVEGANTES";"Desobediência às normas de trânsito pelo condutor";"Colisão transversal";"Com Vítimas Feridas";"Anoitecer";"Decrescente";"Céu Claro";"Simples";"Reta";"Sim";3;0;1;0;1;1;1;3;-26,861937;-48,681618;"SPRF-SC";"DEL04-SC";"UOP04-DEL04-SC"
160325;2018-09-18;"terça-feira";"19:00:00";"GO";153;693,7;"ITUMBIARA";"Falta de Atenção à Condução";"Saída de leito carroçável";"Com Vítimas Feridas";"Plena Noite";"Decrescente";"Nublado";"Dupla";"Reta";"Não";2;0;2;0;0;0;2;1;-18,33023732;-49,22579348;"SPRF-GO";"DEL03-GO";"UOP02-DEL03-GO"
160328;2018-09-18;"terça-feira";"19:30:00";"RN";101;95;"NATAL";"Falta de Atenção à Condução";"Colisão transversal";"Com Vítimas Feridas";"Plena Noite";"Crescente";"Céu Claro";"Dupla";"Interseção de Vias";"Sim";2;0;1;0;1;0;1;2;-5,840768;-35,210358;"SPRF-RN";"DEL01-RN";"UOP01-DEL01-RN"
160330;2018-09-18;"terça-feira";"18:45:00";"RS";290;183,4;"MINAS DO LEAO";"Animais na Pista";"Atropelamento de Animal";"Com Vítimas Feridas";"Anoitecer";"Decrescente";"Céu Claro";"Simples";"Reta";"Não";1;0;1;0;0;0;1;1;-30,14586941;-52,05527186;"SPRF-RS";"DEL02-RS";"UOP02-DEL02-RS"
160331;2018-09-18;"terça-feira";"18:20:00";"MS";163;481,1;"CAMPO GRANDE";"Falta de Atenção do Pedestre";"Atropelamento de Pedestre";"Com Vítimas Feridas";"Plena Noite";"Crescente";"Nublado";"Simples";"Reta";"Sim";2;0;0;1;1;0;1;2;-20,46828;-54,55946;"SPRF-MS";"DEL01-MS";"UOP01-DEL01-MS"
160332;2018-09-18;"terça-feira";"19:34:00";"SC";101;43,7;"JOINVILLE";"Falta de Atenção à Condução";"Queda de ocupante de veículo";"Com Vítimas Feridas";"Plena Noite";"Crescente";"Céu Claro";"Simples";"Interseção de Vias";"Sim";2;0;1;0;1;0;1;2;-26,3380665;-48,85957003;"SPRF-SC";"DEL03-SC";"UOP01-DEL03-SC"
160333;2018-09-18;"terça-feira";"18:30:00";"PR";158;492;"CORONEL VIVIDA";"Falta de Atenção à Condução";"Colisão lateral";"Com Vítimas Feridas";"Anoitecer";"Crescente";"Céu Claro";"Simples";"Reta";"Sim";3;0;2;0;1;0;2;2;-25,98088526;-52,56614685;"SPRF-PR";"DEL02-PR";"UOP01-DEL02-PR"
160334;2018-09-18;"terça-feira";"19:05:00";"RS";386;344,3;"LAJEADO";"Falta de Atenção à Condução";"Colisão traseira";"Com Vítimas Feridas";"Plena Noite";"Decrescente";"Nublado";"Dupla";"Reta";"Sim";2;0;0;1;1;0;1;2;-29,44584444;-51,97679034;"SPRF-RS";"DEL04-RS";"UOP01-DEL04-RS"
160335;2018-09-18;"terça-feira";"20:05:00";"BA";235;350;"JUAZEIRO";"Falta de Atenção à Condução";"Colisão lateral";"Com Vítimas Feridas";"Plena Noite";"Crescente";"Céu Claro";"Simples";"Reta";"Sim";3;0;1;0;2;0;1;2;-9,4400236;-40,49573237;"SPRF-BA";"DEL07-BA";"UOP01-DEL07-BA"
160336;2018-09-18;"terça-feira";"19:50:00";"ES";101;144;"LINHARES";"Falta de Atenção à Condução";"Colisão transversal";"Com Vítimas Feridas";"Plena Noite";"Crescente";"Céu Claro";"Simples";"Reta";"Sim";2;0;0;1;1;0;1;2;-19,35512129;-40,06387711;"SPRF-ES";"DEL04-ES";"UOP01-DEL04-ES"
160338;2018-09-18;"terça-feira";"20:15:00";"PR";376;212,3;"MANDAGUARI";"Falta de Atenção do Pedestre";"Atropelamento de Pedestre";"Com Vítimas Fatais";"Plena Noite";"Decrescente";"Nublado";"Dupla";"Reta";"Não";2;1;0;0;1;0;0;2;-23,57469942;-51,65329456;"SPRF-PR";"DEL07-PR";"UOP01-DEL09-PR"
160340;2018-09-18;"terça-feira";"19:00:00";"MT";163;745;"SORRISO";"Falta de Atenção à Condução";"Colisão traseira";"Com Vítimas Feridas";"Plena Noite";"Decrescente";"Céu Claro";"Simples";"Reta";"Não";2;0;1;0;1;0;1;2;-12,6102869;-55,75741178;"SPRF-MT";"DEL06-MT";"UOP01-DEL06-MT"
160344;2018-09-18;"terça-feira";"20:31:00";"BA";110;342;"ALAGOINHAS";"Deficiência ou não Acionamento do Sistema de Iluminação/Sinalização do Veículo";"Colisão traseira";"Com Vítimas Feridas";"Plena Noite";"Crescente";"Nublado";"Simples";"Reta";"Não";2;0;1;1;0;0;2;2;-12,1631;-38,415;"SPRF-BA";"DEL01-BA";"UOP04-DEL01-BA"
160347;2018-09-18;"terça-feira";"20:20:00";"BA";324;529;"FEIRA DE SANTANA";"Falta de Atenção à Condução";"Queda de ocupante de veículo";"Com Vítimas Feridas";"Plena Noite";"Decrescente";"Céu Claro";"Dupla";"Reta";"Não";1;0;1;0;0;0;1;1;-12,3311571;-38,8651446;"SPRF-BA";"DEL01-BA";"UOP01-DEL01-BA"
160348;2018-09-18;"terça-feira";"18:40:00";"PB";361;10;"PATOS";"Animais na Pista";"Atropelamento de Animal";"Com Vítimas Feridas";"Plena Noite";"Crescente";"Céu Claro";"Simples";"Reta";"Não";2;0;1;0;1;0;1;1;-7,04280146;-37,36003876;"SPRF-PB";"DEL03-PB";"UOP01-DEL03-PB"
160349;2018-09-18;"terça-feira";"19:05:00";"SP";116;480;"JACUPIRANGA";"Animais na Pista";"Atropelamento de Animal";"Sem Vítimas";"Plena Noite";"Decrescente";"Céu Claro";"Dupla";"Reta";"Não";2;0;0;0;2;0;0;2;-24,71970225;-48,03909302;"SPRF-SP";"DEL05-SP";"UAP01-DEL05-SP"
160350;2018-09-18;"terça-feira";"17:44:00";"RO";364;706;"PORTO VELHO";"Falta de Atenção do Pedestre";"Colisão traseira";"Com Vítimas Feridas";"Anoitecer";"Decrescente";"Céu Claro";"Dupla";"Reta";"Sim";3;0;1;1;0;1;2;2;-8,80099732;-63,82729411;"SPRF-RO";"DEL01-RO";"UOP01-DEL01-RO"
160353;2018-09-18;"terça-feira";"20:40:00";"SP";381;54;"MAIRIPORA";"Falta de Atenção à Condução";"Colisão traseira";"Com Vítimas Feridas";"Plena Noite";"Crescente";"Céu Claro";"Dupla";"Reta";"Sim";1;0;1;0;0;0;1;1;-23,25025105;-46,59341455;"SPRF-SP";"DEL03-SP";"UOP01-DEL03-SP"
160355;2018-09-18;"terça-feira";"19:10:00";"RJ";101;330;"RIO DE JANEIRO";"Não guardar distância de segurança";"Colisão lateral";"Com Vítimas Feridas";"Plena Noite";"Decrescente";"Nublado";"Dupla";"Reta";"Não";2;0;1;0;1;0;1;2;-22,86790031;-43,19627296;"SPRF-RJ";"DEL02-RJ";"UOP02-DEL02-RJ"
160358;2018-09-18;"terça-feira";"21:43:00";"RJ";116;286,6;"BARRA MANSA";"Mal Súbito";"Saída de leito carroçável";"Com Vítimas Feridas";"Plena Noite";"Decrescente";"Nublado";"Dupla";"Curva";"Não";1;0;0;1;0;0;1;1;-22,547443;-44,183659;"SPRF-RJ";"DEL07-RJ";"UOP02-DEL07-RJ"
160359;2018-09-18;"terça-feira";"22:15:00";"SP";116;145,9;"SAO JOSE DOS CAMPOS";"Não guardar distância de segurança";"Colisão traseira";"Sem Vítimas";"Plena Noite";"Decrescente";"Céu Claro";"Dupla";"Reta";"Sim";4;0;0;0;4;0;0;4;-23,189147;-45,859914;"SPRF-SP";"DEL02-SP";"UOP01-DEL02-SP"
160362;2018-09-18;"terça-feira";"22:50:00";"PR";277;669,5;"MEDIANEIRA";"Ingestão de Álcool";"Colisão com objeto em movimento";"Com Vítimas Feridas";"Plena Noite";"Crescente";"Céu Claro";"Dupla";"Declive";"Sim";1;0;1;0;0;0;1;1;-25,27947073;-54,07719612;"SPRF-PR";"DEL05-PR";"UOP02-DEL05-PR"
160363;2018-09-18;"terça-feira";"22:25:00";"SE";101;148;"ESTANCIA";"Velocidade Incompatível";"Colisão com objeto estático";"Sem Vítimas";"Plena Noite";"Crescente";"Céu Claro";"Dupla";"Curva";"Sim";1;0;0;0;0;1;0;1;-11,2414;-37,4316;"SPRF-SE";"DEL02-SE";"UOP01-DEL02-SE"
160364;2018-09-18;"terça-feira";"22:30:00";"BA";235;347;"JUAZEIRO";"Falta de Atenção à Condução";"Colisão transversal";"Com Vítimas Feridas";"Plena Noite";"Crescente";"Céu Claro";"Dupla";"Reta";"Sim";2;0;1;0;1;0;1;2;-9,45236379;-40,48324585;"SPRF-BA";"DEL07-BA";"UOP01-DEL07-BA"
160365;2018-09-18;"terça-feira";"19:40:00";"SC";280;95,6;"CORUPA";"Desobediência às normas de trânsito pelo condutor";"Colisão frontal";"Com Vítimas Feridas";"Pleno dia";"Decrescente";"Céu Claro";"Simples";"Curva";"Não";3;0;2;0;1;0;2;2;-26,386093;-49,302475;"SPRF-SC";"DEL06-SC";"UOP03-DEL06-SC"