"id";"data_inversa";"dia_semana";"horario";"uf";"br";"km";"municipio";"causa_acidente";"tipo_acidente";"classificacao_acidente";"fase_dia";"sentido_via";"condicao_metereologica";"tipo_pista";"tracado_via";"uso_solo";"pessoas";"mortos";"feridos_leves";"feridos_graves";"ilesos";"ignorados";"feridos";"veiculos";"latitude";"longitude";"regional";"delegacia";"uop"
160629;2018-09-20;"quinta-feira";"13:10:00";"SP";116;65;"GUARATINGUETA";"Velocidade Incompatível";"Colisão com objeto estático";"Com Vítimas Feridas";"Pleno dia";"Crescente";"Chuva";"Dupla";"Curva";"Sim";2;0;2;0;0;0;2;1;-22,823273;-45,192806;"SPRF-SP";"DEL08-SP";"UOP01-DEL08-SP"
160630;2018-09-20;"quinta-feira";"13:55:00";"SC";101;211;"PALHOCA";"Desobediência às normas de trânsito pelo condutor";"Colisão traseira";"Com Vítimas Feridas";"Pleno dia";"Decrescente";"Nublado";"Dupla";"Reta";"Sim";2;0;1;0;1;0;1;2;-27,6301;-48,659;"SPRF-SC";"DEL01-SC";"UOP02-DEL01-SC"
160633;2018-09-20;"quinta-feira";"14:00:00";"TO";153;251;"COLINAS DO TOCANTINS";"Falta de Atenção à Condução";"Saída de leito carroçável";"Com Vítimas Feridas";"Pleno dia";"Decrescente";"Céu Claro";"Simples";"Reta";"Não";3;0;2;0;0;1;2;2;-8,089269;-48,467525;"SPRF-TO";"DEL02-TO";"UOP02-DEL02-TO"
160635;2018-09-20;"quinta-feira";"14:10:00";"SC";470;72,6;"INDAIAL";"Desobediência às normas de trânsito pelo condutor";"Colisão transversal";"Com Vítimas Feridas";"Pleno dia";"Decrescente";"Nublado";"Simples";"Reta";"Não";5;0;4;0;1;0;4;2;-26,905892;-49,272241;"SPRF-SC";"DEL04-SC";"UOP01-DEL04-SC"
160637;2018-09-20;"quinta-feira";"13:55:00";"PR";476;138,3;"CURITIBA";"Falta de Atenção à Condução";"Colisão traseira";"Sem Vítimas";"Pleno dia";"Crescente";"Chuva";"Dupla";"Interseção de Vias";"Sim";3;0;0;0;2;1;0;3;-25,50746948;-49,28526342;"SPRF-PR";"DEL01-PR";"UOP07-DEL01-PR"
160638;2018-09-20;"quinta-feira";"12:30:00";"RO";319;60,9;"PORTO VELHO";"Falta de Atenção à Condução";"Colisão lateral";"Sem Vítimas";"Pleno dia";"Crescente";"Céu Claro";"Dupla";"Reta";"Sim";4;0;0;0;4;0;0;2;-8,74071255;-63,89005244;"SPRF-RO";"DEL01-RO";"UOP01-DEL01-RO"
160639;2018-09-20;"quinta-feira";"14:10:00";"SP";381;51,9;"ATIBAIA";"Pista Escorregadia";"Saída de leito carroçável";"Com Vítimas Feridas";"Pleno dia";"Crescente";"Chuva";"Dupla";"Reta";"Não";1;0;1;0;0;0;1;1;-23,23032339;-46,59971237;"SPRF-SP";"DEL03-SP";"UOP01-DEL03-SP"
160641;2018-09-20;"quinta-feira";"09:45:00";"RO";364;802;"PORTO VELHO";"Falta de Atenção à Condução";"Colisão transversal";"Com Vítimas Feridas";"Pleno dia";"Decrescente";"Céu Claro";"Simples";"Reta";"Sim";2;0;1;0;1;0;1;2;-9,25762118;-64,41705018;"SPRF-RO";"DEL01-RO";"UOP02-DEL01-RO"
160642;2018-09-20;"quinta-feira";"13:50:00";"RO";364;713;"PORTO VELHO";"Falta de Atenção à Condução";"Colisão lateral";"Com Vítimas Feridas";"Pleno dia";"Crescente";"Céu Claro";"Múltipla";"Curva";"Sim";3;0;1;0;2;0;1;2;-8,77112425;-63,88226867;"SPRF-RO";"DEL01-RO";"UOP01-DEL01-RO"
160643;2018-09-20;"quinta-feira";"12:20:00";"SC";282;38,5;"AGUAS MORNAS";"Falta de Atenção à Condução";"Colisão frontal";"Com Vítimas Fatais";"Pleno dia";"Decrescente";"Céu Claro";"Simples";"Curva";"Não";3;1;0;0;2;0;0;3;-27,71345586;-48,85818601;"SPRF-SC";"DEL01-SC";"UOP03-DEL01-SC"
160644;2018-09-20;"quinta-feira";"15:05:00";"PI";343;329,9;"TERESINA";"Falta de Atenção à Condução";"Capotamento";"Com Vítimas Feridas";"Pleno dia";"Decrescente";"Céu Claro";"Simples";"Reta";"Sim";2;0;1;0;1;0;1;2;-5,064808;-42,641769;"SPRF-PI";"DEL01-PI";"UOP01-DEL01-PI"
160645;2018-09-20;"quinta-feira";"14:40:00";"RN";101;124;"SAO JOSE DE MIPIBU";"Defeito Mecânico no Veículo";"Tombamento";"Com Vítimas Feridas";"Pleno dia";"Crescente";"Céu Claro";"Dupla";"Reta";"Sim";2;0;2;0;0;0;2;1;-6,070544;-35,237865;"SPRF-RN";"DEL01-RN";"UOP01-DEL01-RN"
160646;2018-09-20;"quinta-feira";"14:45:00";"SC";470;69;"INDAIAL";"Falta de Atenção à Condução";"Colisão traseira";"Com Vítimas Feridas";"Pleno dia";"Crescente";"Nublado";"Simples";"Interseção de Vias";"Sim";2;0;1;0;1;0;1;2;-26,88354074;-49,24715459;"SPRF-SC";"DEL04-SC";"UOP01-DEL04-SC"
160648;2018-09-20;"quinta-feira";"15:00:00";"PE";423;45,1;"CACHOEIRINHA";"Ultrapassagem Indevida";"Colisão frontal";"Com Vítimas Feridas";"Pleno dia";"Decrescente";"Céu Claro";"Simples";"Reta";"Não";2;0;0;1;1;0;1;2;-8,532564;-36,264503;"SPRF-PE";"DEL03-PE";"UOP01-DEL03-PE"
160649;2018-09-20;"quinta-feira";"15:20:00";"ES";101;60,5;"SAO MATEUS";"Falta de Atenção à Condução";"Colisão transversal";"Com Vítimas Feridas";"Pleno dia";"Crescente";"Céu Claro";"Simples";"Interseção de Vias";"Sim";3;0;1;0;2;0;1;2;-18,67804043;-39,86474991;"SPRF-ES";"DEL04-ES";"UOP02-DEL04-ES"
160652;2018-09-20;"quinta-feira";"16:05:00";"MG";116;663,7;"MIRADOURO";"Velocidade Incompatível";"Tombamento";"Com Vítimas Feridas";"Pleno dia";"Decrescente";"Chuva";"Simples";"Aclive;Curva";"Não";2;0;2;0;0;0;2;1;-20,80323924;-42,31066167;"SPRF-MG";"DEL07-MG";"UOP03-DEL07-MG"
160654;2018-09-20;"quinta-feira";"07:30:00";"BA";324;518;"FEIRA DE SANTANA";"Falta de Atenção à Condução";"Colisão lateral";"Com Vítimas Feridas";"Pleno dia";"Crescente";"Céu Claro";"Dupla";"Viaduto";"Não";2;0;0;1;1;0;1;2;-12,25614073;-38,93314362;"SPRF-BA";"DEL01-BA";"UOP01-DEL01-BA"
160656;2018-09-20;"quinta-feira";"14:45:00";"PR";116;51,1;"CAMPINA GRANDE DO SUL";"Velocidade Incompatível";"Capotamento";"Com Vítimas Feridas";"Pleno dia";"Decrescente";"Chuva";"Dupla";"Curva";"Não";1;0;1;0;0;0;1;1;-25,24368671;-48,90237808;"SPRF-PR";"DEL01-PR";"UOP02-DEL01-PR"
160657;2018-09-20;"quinta-feira";"16:35:00";"RS";158;226,9;"CRUZ ALTA";"Ingestão de Álcool";"Colisão transversal";"Com Vítimas Feridas";"Pleno dia";"Crescente";"Céu Claro";"Simples";"Reta";"Não";3;0;2;0;1;0;2;2;-28,908867;-53,635471;"SPRF-RS";"DEL10-RS";"UOP02-DEL10-RS"
160659;2018-09-20;"quinta-feira";"15:20:00";"ES";262;164,5;"IBATIBA";"Velocidade Incompatível";"Colisão lateral";"Com Vítimas Feridas";"Pleno dia";"Crescente";"Chuva";"Simples";"Curva;Aclive";"Não";2;0;0;1;1;0;1;2;-20,24823647;-41,54886603;"SPRF-ES";"DEL01-ES";"UOP02-DEL01-ES"
160660;2018-09-20;"quinta-feira";"16:25:00";"SP";116;27,7;"LAVRINHAS";"Falta de Atenção à Condução";"Colisão com objeto estático";"Com Vítimas Feridas";"Pleno dia";"Decrescente";"Chuva";"Dupla";"Curva";"Não";1;0;1;0;0;0;1;1;-22,605968;-44,895092;"SPRF-SP";"DEL08-SP";"UOP02-DEL08-SP"
160661;2018-09-20;"quinta-feira";"12:40:00";"RO";364;343,8;"JI-PARANA";"Desobediência às normas de trânsito pelo condutor";"Colisão lateral";"Com Vítimas Feridas";"Pleno dia";"Decrescente";"Céu Claro";"Múltipla";"Interseção de Vias";"Sim";2;0;1;0;1;0;1;2;-10,878848;-61,944893;"SPRF-RO";"DEL02-RO";"UOP01-DEL02-RO"
160662;2018-03-21;"quarta-feira";"19:20:00";"MG";381;897,8;"CAMBUI";"Falta de Atenção do Pedestre";"Atropelamento de Pedestre";"Com Vítimas Fatais";"Plena Noite";"Decrescente";"Céu Claro";"Dupla";"Reta";"Sim";3;1;0;1;1;0;1;2;-22,6089;-46,0609;"SPRF-MG";"DEL16-MG";"UOP03-DEL16-MG"
160665;2018-09-20;"quinta-feira";"17:50:00";"GO";153;502;"GOIANIA";"Não guardar distância de segurança";"Colisão traseira";"Com Vítimas Feridas";"Anoitecer";"Crescente";"Céu Claro";"Dupla";"Reta";"Sim";3;0;2;0;1;0;2;2;-16,72034395;-49,23868954;"SPRF-GO";"DEL01-GO";"UOP01-DEL01-GO"
160666;2018-09-20;"quinta-feira";"16:30:00";"MG";381;526,8;"BRUMADINHO";"Velocidade Incompatível";"Colisão com objeto estático";"Sem Vítimas";"Pleno dia";"Crescente";"Garoa/Chuvisco";"Dupla";"Curva";"Não";3;0;0;0;3;0;0;1;-20,1586;-44,3295;"SPRF-MG";"DEL04-MG";"UOP03-DEL04-MG"
160667;2018-09-20;"quinta-feira";"15:00:00";"MG";381;532,1;"ITATIAIUCU";"Velocidade Incompatível";"Capotamento";"Com Vítimas Feridas";"Pleno dia";"Crescente";"Chuva";"Dupla";"Aclive;Curva";"Não";1;0;1;0;0;0;1;1;-20,164399;-44,366954;"SPRF-MG";"DEL04-MG";"UOP03-DEL04-MG"
160668;2018-09-20;"quinta-feira";"17:59:00";"AL";104;36,4;"UNIAO DOS PALMARES";"Falta de Atenção do Pedestre";"Atropelamento de Pedestre";"Com Vítimas Feridas";"Plena Noite";"Crescente";"Céu Claro";"Simples";"Reta";"Não";3;0;0;1;1;1;1;2;-9,1648988;-36,0295154;"SPRF-AL";"DEL01-AL";"UOP02-DEL01-AL"
160669;2018-09-20;"quinta-feira";"18:00:00";"RN";406;156,6;"CEARA-MIRIM";"Deficiência ou não Acionamento do Sistema de Iluminação/Sinalização do Veículo";"Colisão traseira";"Com Vítimas Feridas";"Plena Noite";"Decrescente";"Céu Claro";"Simples";"Reta";"Não";2;0;2;0;0;0;2;2;-5,685964;-35,393701;"SPRF-RN";"DEL02-RN";"UOP01-DEL02-RN"
160671;2018-09-20;"quinta-feira";"18:00:00";"PR";376;595,8;"CURITIBA";"Falta de Atenção à Condução";"Queda de ocupante de veículo";"Com Vítimas Feridas";"Plena Noite";"Decrescente";"Chuva";"Dupla";"Reta";"Sim";1;0;1;0;0;0;1;1;-25,49567635;-49,33510852;"SPRF-PR";"DEL01-PR";"UOP06-DEL01-PR"
160674;2018-09-20;"quinta-feira";"18:15:00";"RN";110;96,1;"UPANEMA";"Falta de Atenção à Condução";"Colisão frontal";"Com Vítimas Fatais";"Plena Noite";"Decrescente";"Céu Claro";"Simples";"Reta";"Não";4;3;0;1;0;0;1;2;-5,62914015;-37,26792097;"SPRF-RN";"DEL04-RN";"UOP01-DEL04-RN"
160675;2018-09-20;"quinta-feira";"18:25:00";"SC";282;223,2;"LAGES";"Falta de Atenção à Condução";"Colisão transversal";"Com Vítimas Feridas";"Anoitecer";"Crescente";"Céu Claro";"Simples";"Reta;Interseção de Vias";"Sim";2;0;1;0;1;0;1;2;-27,79836876;-50,36566257;"SPRF-SC";"DEL05-SC";"UOP02-DEL05-SC"
160676;2018-09-20;"quinta-feira";"17:40:00";"RJ";116;107;"GUAPIMIRIM";"Falta de Atenção à Condução";"Colisão lateral";"Sem Vítimas";"Anoitecer";"Decrescente";"Nublado";"Simples";"Reta";"Sim";2;0;0;0;2;0;0;2;-22,551896;-42,989947;"SPRF-RJ";"DEL04-RJ";"UOP02-DEL04-RJ"
160679;2018-09-20;"quinta-feira";"16:20:00";"SC";101;355;"JAGUARUNA";"Condutor Dormindo";"Saída de leito carroçável";"Com Vítimas Feridas";"Pleno dia";"Decrescente";"Garoa/Chuvisco";"Dupla";"Reta";"Não";1;0;0;1;0;0;1;1;-28,62645619;-49,0828371;"SPRF-SC";"DEL02-SC";"UOP01-DEL02-SC"
160680;2018-09-20;"quinta-feira";"18:34:00";"TO";153;333;"GUARAI";"Falta de Atenção à Condução";"Colisão transversal";"Com Vítimas Feridas";"Anoitecer";"Crescente";"Nublado";"Simples";"Rotatória";"Sim";3;0;1;0;2;0;1;2;-8,826486;-48,512161;"SPRF-TO";"DEL02-TO";"UOP02-DEL02-TO"
160681;2018-09-20;"quinta-feira";"18:20:00";"MG";381;502,3;"BETIM";"Não guardar distância de segurança";"Colisão traseira";"Com Vítimas Feridas";"Plena Noite";"Decrescente";"Chuva";"Dupla";"Reta";"Não";6;0;2;0;4;0;2;4;-20,0236;-44,2299;"SPRF-MG";"DEL01-MG";"UOP03-DEL01-MG"
160683;2018-09-20;"quinta-feira";"18:50:00";"DF";20;15,8;"BRASILIA";"Falta de Atenção à Condução";"Colisão traseira";"Com Vítimas Feridas";"Plena Noite";"Crescente";"Nublado";"Dupla";"Reta;Declive";"Sim";2;0;1;0;0;1;1;2;-15,626752;-47,726631;"SPRF-DF";"DEL02-DF";"UOP01-DEL02-DF"
160687;2018-08-06;"segunda-feira";"13:15:00";"MA";135;0,2;"SAO LUIS";"Falta de Atenção à Condução";"Colisão lateral";"Sem Vítimas";"Pleno dia";"Crescente";"Céu Claro";"Dupla";"Reta";"Sim";2;0;0;0;2;0;0;2;-2,580456;-44,241947;"SPRF-MA";"DEL01-MA";"UOP01-DEL01-MA"
160688;2018-09-20;"quinta-feira";"19:25:00";"SP";153;59;"SAO JOSE DO RIO PRETO";"Falta de Atenção do Pedestre";"Atropelamento de Pedestre";"Com Vítimas Feridas";"Plena Noite";"Crescente";"Céu Claro";"Simples";"Reta;Em Obras";"Sim";2;0;1;0;1;0;1;2;-20,787264;-49,353985;"SPRF-SP";"DEL09-SP";"UOP01-DEL09-SP"
160689;2018-09-20;"quinta-feira";"18:05:00";"GO";153;501;"GOIANIA";"Não guardar distância de segurança";"Colisão traseira";"Sem Vítimas";"Pleno dia";"Crescente";"Nublado";"Dupla";"Reta";"Sim";2;0;0;0;2;0;0;2;-16,7189;-49,2382;"SPRF-GO";"DEL01-GO";"UOP01-DEL01-GO"
160690;2018-09-20;"quinta-feira";"19:40:00";"RN";406;148;"CEARA-MIRIM";"Animais na Pista";"Atropelamento de Animal";"Com Vítimas Feridas";"Plena Noite";"Decrescente";"Céu Claro";"Simples";"Reta";"Não";3;0;0;1;2;0;1;2;-5,6473187;-35,4573977;"SPRF-RN";"DEL02-RN";"UOP01-DEL02-RN"
160691;2018-09-20;"quinta-feira";"19:40:00";"PR";369;194,3;"ARAPONGAS";"Falta de Atenção à Condução";"Saída de leito carroçável";"Com Vítimas Feridas";"Plena Noite";"Decrescente";"Nevoeiro/Neblina";"Dupla";"Reta;Retorno Regulamentado";"Não";1;0;0;1;0;0;1;1;-23,490651;-51,423376;"SPRF-PR";"DEL07-PR";"UOP03-DEL07-PR"
160693;2018-09-20;"quinta-feira";"19:30:00";"TO";153;613,6;"CRIXAS DO TOCANTINS";"Mal Súbito";"Colisão frontal";"Com Vítimas Fatais";"Plena Noite";"Decrescente";"Ignorado";"Simples";"Reta";"Não";3;1;1;1;0;0;2;2;-11,211725;-48,931347;"SPRF-TO";"DEL02-TO";"UOP02-DEL01-TO"
160694;2018-09-20;"quinta-feira";"19:30:00";"PR";158;524;"PATO BRANCO";"Falta de Atenção à Condução";"Colisão lateral";"Com Vítimas Feridas";"Plena Noite";"Decrescente";"Céu Claro";"Simples";"Reta";"Sim";3;0;3;0;0;0;3;2;-26,23668869;-52,69163132;"SPRF-PR";"DEL02-PR";"UOP01-DEL02-PR"
160697;2018-09-20;"quinta-feira";"18:35:00";"PR";476;132;"CURITIBA";"Falta de Atenção à Condução";"Colisão traseira";"Com Vítimas Feridas";"Plena Noite";"Crescente";"Céu Claro";"Múltipla";"Reta";"Sim";2;0;0;1;1;0;1;2;-25,460718;-49,250488;"SPRF-PR";"DEL01-PR";"UOP07-DEL01-PR"
160699;2018-09-20;"quinta-feira";"19:30:00";"ES";101;46,4;"CONCEICAO DA BARRA";"Defeito Mecânico no Veículo";"Queda de ocupante de veículo";"Com Vítimas Feridas";"Plena Noite";"Crescente";"Céu Claro";"Simples";"Reta";"Não";2;0;0;1;1;0;1;1;-18,551435;-39,902843;"SPRF-ES";"DEL04-ES";"UOP02-DEL04-ES"
160700;2018-09-15;"sábado";"18:58:00";"MG";40;526;"CONTAGEM";"Velocidade Incompatível";"Queda de ocupante de veículo";"Com Vítimas Feridas";"Plena Noite";"Crescente";"Garoa/Chuvisco";"Dupla";"Curva";"Não";1;0;0;1;0;0;1;1;-19,9054;-44,0476;"SPRF-MG";"DEL01-MG";"UOP03-DEL01-MG"
160702;2018-09-20;"quinta-feira";"20:15:00";"DF";20;22;"BRASILIA";"Fenômenos da Natureza";"Queda de ocupante de veículo";"Com Vítimas Feridas";"Plena Noite";"Crescente";"Chuva";"Dupla";"Reta";"Sim";2;0;1;0;1;0;1;2;-15,59691473;-47,67344356;"SPRF-DF";"DEL02-DF";"UOP01-DEL02-DF"
160703;2018-09-20;"quinta-feira";"19:40:00";"SP";116;161;"JACAREI";"Falta de Atenção à Condução";"Queda de ocupante de veículo";"Com Vítimas Feridas";"Plena Noite";"Crescente";"Chuva";"Simples";"Reta";"Não";2;0;2;0;0;0;2;1;-23,27437317;-45,97401334;"SPRF-SP";"DEL02-SP";"UOP01-DEL02-SP"
160704;2018-09-20;"quinta-feira";"20:11:00";"SC";101;208;"SAO JOSE";"Falta de Atenção à Condução";"Tombamento";"Com Vítimas Feridas";"Plena Noite";"Decrescente";"Nublado";"Dupla";"Reta";"Sim";1;0;1;0;0;0;1;1;-27,60688777;-48,63490015;"SPRF-SC";"DEL01-SC";"UOP01-DEL01-SC"
160705;2018-09-20;"quinta-feira";"20:25:00";"MG";40;513,8;"RIBEIRAO DAS NEVES";"Não guardar distância de segurança";"Colisão traseira";"Com Vítimas Feridas";"Plena Noite";"Crescente";"Chuva";"Dupla";"Reta";"Sim";2;0;1;0;1;0;1;2;-19,8048;-44,0972;"SPRF-MG";"DEL01-MG";"UOP03-DEL01-MG"
160706;2018-09-20;"quinta-feira";"20:05:00";"SE";101;183,3;"UMBAUBA";"Falta de Atenção à Condução";"Colisão transversal";"Com Vítimas Feridas";"Plena Noite";"Crescente";"Nublado";"Simples";"Reta";"Sim";2;0;1;0;1;0;1;2;-11,38066908;-37,66420126;"SPRF-SE";"DEL02-SE";"UOP03-DEL02-SE"
160708;2018-09-20;"quinta-feira";"18:05:00";"SP";116;225;"GUARULHOS";"Velocidade Incompatível";"Colisão traseira";"Com Vítimas Feridas";"Anoitecer";"Decrescente";"Chuva";"Múltipla";"Reta";"Sim";3;0;1;0;1;1;1;2;-23,48640595;-46,54158096;"SPRF-SP";"DEL01-SP";"UOP01-DEL01-SP"
160709;2018-09-20;"quinta-feira";"20:05:00";"AL";316;153,3;"PALMEIRA DOS INDIOS";"Ingestão de Álcool";"Colisão lateral";"Com Vítimas Feridas";"Plena Noite";"Decrescente";"Céu Claro";"Simples";"Curva";"Não";3;0;1;2;0;0;3;2;-9,43178119;-36,64585422;"SPRF-AL";"DEL03-AL";"UOP01-DEL03-AL"
160710;2018-09-03;"segunda-feira";"12:40:00";"PI";343;175;"PIRIPIRI";"Falta de Atenção à Condução";"Colisão transversal";"Com Vítimas Feridas";"Pleno dia";"Decrescente";"Sol";"Simples";"Reta";"Não";4;0;2;0;2;0;2;2;-4,39775983;-41,86185837;"SPRF-PI";"DEL02-PI";"UOP01-DEL02-PI"
160713;2018-09-20;"quinta-feira";"19:00:00";"RO";319;57;"PORTO VELHO";"Restrição de Visibilidade";"Colisão traseira";"Com Vítimas Fatais";"Plena Noite";"Decrescente";"Céu Claro";"Simples";"Reta";"Não";3;1;0;2;0;0;2;2;-8,7398483;-63,9330402;"SPRF-RO";"DEL01-RO";"UOP01-DEL01-RO"
160715;2018-09-20;"quinta-feira";"20:00:00";"RS";386;28,5;"FREDERICO WESTPHALEN";"Animais na Pista";"Atropelamento de Animal";"Com Vítimas Feridas";"Plena Noite";"Crescente";"Céu Claro";"Simples";"Reta";"Sim";2;0;1;0;0;1;1;2;-27,309925;-53,378048;"SPRF-RS";"DEL08-RS";"UOP02-DEL08-RS"
160716;2018-09-20;"quinta-feira";"18:35:00";"RO";429;176;"SAO MIGUEL DO GUAPORE";"Defeito na Via";"Tombamento";"Com Vítimas Feridas";"Plena Noite";"Crescente";"Nublado";"Simples";"Reta";"Não";2;0;1;0;1;0;1;1;-11,758695;-62,836716;"SPRF-RO";"DEL02-RO";"UOP03-DEL02-RO"
160717;2018-09-20;"quinta-feira";"14:15:00";"PR";376;653,1;"TIJUCAS DO SUL";"Falta de Atenção à Condução";"Capotamento";"Com Vítimas Feridas";"Pleno dia";"Crescente";"Nublado";"Dupla";"Curva";"Não";2;0;1;0;1;0;1;1;-25,84439325;-49,05561268;"SPRF-PR";"DEL01-PR";"DEL7/1-UOP08/PR"
160719;2018-09-20;"quinta-feira";"16:30:00";"RO";421;16,5;"ARIQUEMES";"Animais na Pista";"Atropelamento de Animal";"Com Vítimas Feridas";"Pleno dia";"Decrescente";"Sol";"Simples";"Reta";"Não";2;0;1;0;1;0;1;1;-10,01088;-63,161137;"SPRF-RO";"DEL03-RO";"DEL21/3-UOP04/RO"
160720;2018-09-20;"quinta-feira";"20:55:00";"SP";153;220,3;"MARILIA";"Velocidade Incompatível";"Colisão com objeto estático";"Com Vítimas Feridas";"Plena Noite";"Decrescente";"Nublado";"Simples";"Reta";"Não";1;0;1;0;0;0;1;1;-21,996796;-49,912987;"SPRF-SP";"DEL07-SP";"UOP02-DEL07-SP"
160722;2018-09-20;"quinta-feira";"21:15:00";"PE";232;5,2;"RECIFE";"Animais na Pista";"Atropelamento de Animal";"Com Vítimas Fatais";"Plena Noite";"Crescente";"Céu Claro";"Dupla";"Reta";"Sim";1;1;0;0;0;0;0;1;-8,06855873;-34,94683173;"SPRF-PE";"DEL01-PE";"UOP01-DEL01-PE"
160723;2018-08-15;"quarta-feira";"06:20:00";"ES";262;6,3;"CARIACICA";"Falta de Atenção à Condução";"Colisão lateral";"Com Vítimas Feridas";"Pleno dia";"Crescente";"Nublado";"Dupla";"Reta";"Sim";1;0;1;0;0;0;1;1;-20,3404;-40,395;"SPRF-ES";"DEL01-ES";"UOP01-DEL01-ES"
160724;2018-09-20;"quinta-feira";"16:16:00";"SP";116;307;"SAO LOURENCO DA SERRA";"Falta de Atenção à Condução";"Tombamento";"Com Vítimas Feridas";"Pleno dia";"Decrescente";"Céu Claro";"Dupla";"Reta";"Não";1;0;1;0;0;0;1;1;-23,83966382;-46,93095077;"SPRF-SP";"DEL04-SP";"UOP01-DEL04-SP"
160725;2018-09-20;"quinta-feira";"20:25:00";"RS";290;122,5;"ELDORADO DO SUL";"Velocidade Incompatível";"Saída de leito carroçável";"Sem Vítimas";"Plena Noite";"Decrescente";"Céu Claro";"Simples";"Reta";"Não";1;0;0;0;0;1;0;1;-30,052313;-51,428188;"SPRF-RS";"DEL02-RS";"UOP01-DEL02-RS"
160726;2018-09-20;"quinta-feira";"21:00:00";"BA";116;486;"RAFAEL JAMBEIRO";"Falta de Atenção à Condução";"Atropelamento de Pedestre";"Com Vítimas Fatais";"Plena Noite";"Decrescente";"Céu Claro";"Dupla";"Reta";"Não";2;1;0;0;1;0;0;2;-12,55042694;-39,45247293;"SPRF-BA";"DEL02-BA";"UOP01-DEL02-BA"
160728;2018-09-20;"quinta-feira";"18:40:00";"MT";364;387;"SANTO ANTONIO DO LEVERGER";"Restrição de Visibilidade";"Saída de leito carroçável";"Com Vítimas Feridas";"Plena Noite";"Decrescente";"Céu Claro";"Simples";"Reta";"Não";1;0;1;0;0;0;1;1;-15,70138314;-55,87062836;"SPRF-MT";"DEL02-MT";"UOP02-DEL01-MT"
160730;2018-09-20;"quinta-feira";"20:45:00";"MG";381;886,3;"ESTIVA";"Ingestão de Álcool";"Saída de leito carroçável";"Sem Vítimas";"Pleno dia";"Crescente";"Chuva";"Simples";"Rotatória;Declive";"Não";2;0;0;0;2;0;0;1;-22,51509421;-46,01863861;"SPRF-MG";"DEL16-MG";"UOP01-DEL16-MG"
160732;2018-09-20;"quinta-feira";"19:10:00";"RO";364;343;"JI-PARANA";"Falta de Atenção do Pedestre";"Atropelamento de Pedestre";"Com Vítimas Feridas";"Plena Noite";"Decrescente";"Ignorado";"Múltipla";"Reta";"Sim";2;0;2;0;0;0;2;2;-10,878848;-61,944893;"SPRF-RO";"DEL02-RO";"UOP01-DEL02-RO"
160733;2018-09-20;"quinta-feira";"19:20:00";"RO";364;347;"JI-PARANA";"Desobediência às normas de trânsito pelo condutor";"Colisão lateral";"Com Vítimas Feridas";"Plena Noite";"Decrescente";"Céu Claro";"Simples";"Reta";"Sim";3;0;2;0;1;0;2;2;-10,860703;-61,976154;"SPRF-RO";"DEL02-RO";"UOP01-DEL02-RO"
160734;2018-09-20;"quinta-feira";"22:30:00";"GO";60;174,2;"ABADIA DE GOIAS";"Velocidade Incompatível";"Colisão com objeto estático";"Com Vítimas Feridas";"Plena Noite";"Crescente";"Nublado";"Simples";"Interseção de Vias";"Sim";2;0;2;0;0;0;2;1;-16,7474;-49,4238;"SPRF-GO";"DEL01-GO";"UOP02-DEL01-GO"
160736;2018-09-20;"quinta-feira";"22:50:00";"PR";376;218,5;"JANDAIA DO SUL";"Desobediência às normas de trânsito pelo condutor";"Colisão transversal";"Com Vítimas Feridas";"Plena Noite";"Decrescente";"Nublado";"Simples";"Interseção de Vias";"Sim";2;0;1;0;1;0;1;2;-23,598498;-51,627868;"SPRF-PR";"DEL07-PR";"UOP03-DEL07-PR"
160737;2018-09-20;"quinta-feira";"22:45:00";"SC";101;211;"PALHOCA";"Velocidade Incompatível";"Capotamento";"Com Vítimas Feridas";"Plena Noite";"Crescente";"Nublado";"Dupla";"Reta";"Sim";3;0;3;0;0;0;3;1;-27,6301;-48,659;"SPRF-SC";"DEL01-SC";"UOP02-DEL01-SC"
160740;2018-09-20;"quinta-feira";"20:20:00";"PR";277;151;"PORTO AMAZONAS";"Falta de Atenção à Condução";"Saída de leito carroçável";"Com Vítimas Feridas";"Plena Noite";"Decrescente";"Nublado";"Simples";"Reta";"Não";1;0;0;1;0;0;1;1;-25,47561936;-49,84422413;"SPRF-PR";"DEL01-PR";"UOP06-DEL01-PR"
160741;2018-09-20;"quinta-feira";"22:30:00";"MG";381;498;"BETIM";"Velocidade Incompatível";"Colisão com objeto estático";"Sem Vítimas";"Plena Noite";"Crescente";"Chuva";"Dupla";"Curva";"Sim";1;0;0;0;1;0;0;1;-19,9954;-44,208;"SPRF-MG";"DEL01-MG";"UOP03-DEL01-MG"
160742;2018-09-20;"quinta-feira";"22:40:00";"GO";60;104;"ANAPOLIS";"Ingestão de Álcool";"Saída de leito carroçável";"Com Vítimas Feridas";"Plena Noite";"Crescente";"Nublado";"Dupla";"Declive;Reta";"Não";1;0;1;0;0;0;1;1;-16,4118;-49,0004;"SPRF-GO";"DEL02-GO";"UOP01-DEL02-GO"
160743;2018-09-20;"quinta-feira";"23:50:00";"RJ";393;102;"CARMO";"Desobediência às normas de trânsito pelo condutor";"Saída de leito carroçável";"Com Vítimas Fatais";"Plena Noite";"Crescente";"Céu Claro";"Simples";"Reta";"Sim";1;1;0;0;0;0;0;1;-21,87401267;-42,66764224;"SPRF-RJ";"DEL06-RJ";"UOP01-DEL05-RJ"