"id";"data_inversa";"dia_semana";"horario";"uf";"br";"km";"municipio";"causa_acidente";"tipo_acidente";"classificacao_acidente";"fase_dia";"sentido_via";"condicao_metereologica";"tipo_pista";"tracado_via";"uso_solo";"pessoas";"mortos";"feridos_leves";"feridos_graves";"ilesos";"ignorados";"feridos";"veiculos";"latitude";"longitude";"regional";"delegacia";"uop"
160744;2018-08-24;"sexta-feira";"08:13:00";"SC";101;86,5;"BARRA VELHA";"Pista Escorregadia";"Tombamento";"Com Vítimas Feridas";"Amanhecer";"Crescente";"Chuva";"Simples";"Rotatória";"Não";1;0;1;0;0;0;1;1;-26,6423;-48,6895;"SPRF-SC";"DEL03-SC";"UOP02-DEL03-SC"
160746;2018-09-21;"sexta-feira";"00:30:00";"RN";405;1;"MOSSORO";"Desobediência às normas de trânsito pelo condutor";"Colisão transversal";"Com Vítimas Feridas";"Plena Noite";"Crescente";"Céu Claro";"Dupla";"Reta";"Não";2;0;2;0;0;0;2;2;-5,1911586;-37,3568721;"SPRF-RN";"DEL04-RN";"UOP02-DEL04-RN"
160747;2018-09-21;"sexta-feira";"00:25:00";"SC";101;212,7;"PALHOCA";"Velocidade Incompatível";"Colisão traseira";"Com Vítimas Feridas";"Plena Noite";"Crescente";"Céu Claro";"Dupla";"Reta";"Sim";2;0;0;1;1;0;1;2;-27,6372;-48,6651;"SPRF-SC";"DEL01-SC";"UOP02-DEL01-SC"
160748;2018-09-20;"quinta-feira";"23:30:00";"SP";116;131,2;"CACAPAVA";"Falta de Atenção à Condução";"Colisão traseira";"Com Vítimas Feridas";"Plena Noite";"Crescente";"Chuva";"Dupla";"Reta";"Não";2;0;0;1;1;0;1;2;-23,127428;-45,736378;"SPRF-SP";"DEL06-SP";"UOP02-DEL02-SP"
160749;2018-09-20;"quinta-feira";"23:15:00";"MA";402;6,5;"ROSARIO";"Não guardar distância de segurança";"Colisão traseira";"Sem Vítimas";"Plena Noite";"Decrescente";"Céu Claro";"Simples";"Reta";"Não";2;0;0;0;1;1;0;2;-2,94711248;-44,27116871;"SPRF-MA";"DEL01-MA";"UOP01-DEL01-MA"
160750;2018-09-21;"sexta-feira";"00:15:00";"DF";20;23;"BRASILIA";"Ingestão de Álcool";"Colisão com objeto estático";"Sem Vítimas";"Anoitecer";"Crescente";"Chuva";"Dupla";"Aclive";"Sim";1;0;0;0;1;0;0;1;-15,59473429;-47,66026855;"SPRF-DF";"DEL02-DF";"UOP01-DEL02-DF"
160754;2018-09-21;"sexta-feira";"02:25:00";"PR";376;168;"MARINGA";"Falta de Atenção à Condução";"Colisão traseira";"Com Vítimas Feridas";"Plena Noite";"Crescente";"Céu Claro";"Dupla";"Reta";"Não";3;0;1;0;2;0;1;2;-23,38712816;-52,02163696;"SPRF-PR";"DEL07-PR";"UOP01-DEL09-PR"
160755;2018-09-21;"sexta-feira";"02:38:00";"SC";470;139;"RIO DO SUL";"Ingestão de Álcool";"Colisão com objeto estático";"Com Vítimas Feridas";"Plena Noite";"Decrescente";"Céu Claro";"Simples";"Curva";"Sim";1;0;1;0;0;0;1;1;-27,1895203;-49,6182326;"SPRF-SC";"DEL04-SC";"UOP02-DEL04-SC"
160757;2018-09-21;"sexta-feira";"01:40:00";"ES";101;196,7;"ARACRUZ";"Animais na Pista";"Capotamento";"Com Vítimas Feridas";"Plena Noite";"Decrescente";"Nublado";"Simples";"Reta";"Não";2;0;2;0;0;0;2;1;-19,73115933;-40,35930634;"SPRF-ES";"DEL04-ES";"UOP01-DEL04-ES"
160759;2018-09-21;"sexta-feira";"04:20:00";"PR";376;181;"MARINGA";"Velocidade Incompatível";"Colisão com objeto estático";"Com Vítimas Feridas";"Plena Noite";"Crescente";"Céu Claro";"Dupla";"Rotatória";"Sim";2;0;2;0;0;0;2;1;-23,43241844;-51,88731194;"SPRF-PR";"DEL07-PR";"UOP01-DEL09-PR"
160761;2018-09-21;"sexta-feira";"03:35:00";"RO";435;115;"CEREJEIRAS";"Animais na Pista";"Atropelamento de Animal";"Com Vítimas Feridas";"Plena Noite";"Decrescente";"Céu Claro";"Simples";"Reta";"Não";1;0;1;0;0;0;1;1;-13,188859;-60,73909;"SPRF-RO";"DEL04-RO";"UOP02-DEL04-RO"
160762;2018-09-21;"sexta-feira";"04:50:00";"RS";470;222;"GARIBALDI";"Velocidade Incompatível";"Saída de leito carroçável";"Com Vítimas Feridas";"Plena Noite";"Decrescente";"Nevoeiro/Neblina";"Simples";"Interseção de Vias;Reta;Rotatória";"Sim";1;0;1;0;0;0;1;1;-29,22088513;-51,51650989;"SPRF-RS";"DEL06-RS";"UOP01-DEL06-RS"
160763;2018-09-21;"sexta-feira";"05:35:00";"SC";101;212;"PALHOCA";"Defeito Mecânico no Veículo";"Colisão lateral";"Com Vítimas Feridas";"Plena Noite";"Decrescente";"Céu Claro";"Dupla";"Reta";"Sim";2;0;1;0;1;0;1;2;-27,6372;-48,6651;"SPRF-SC";"DEL01-SC";"UOP02-DEL01-SC"
160764;2018-09-21;"sexta-feira";"05:40:00";"PR";376;167;"MARINGA";"Velocidade Incompatível";"Colisão traseira";"Com Vítimas Feridas";"Plena Noite";"Crescente";"Céu Claro";"Dupla";"Reta";"Não";4;0;1;2;1;0;3;2;-23,409788;-51,987453;"SPRF-PR";"DEL07-PR";"UOP01-DEL09-PR"
160766;2018-09-21;"sexta-feira";"06:30:00";"CE";116;1,9;"FORTALEZA";"Não guardar distância de segurança";"Colisão traseira";"Com Vítimas Feridas";"Pleno dia";"Crescente";"Céu Claro";"Múltipla";"Reta";"Sim";3;0;1;0;2;0;1;3;-3,76876564;-38,51783037;"SPRF-CE";"DEL01-CE";"UOP02-DEL01-CE"
160767;2018-09-21;"sexta-feira";"06:30:00";"PA";316;105;"SANTA MARIA DO PARA";"Falta de Atenção do Pedestre";"Atropelamento de Pedestre";"Com Vítimas Feridas";"Pleno dia";"Decrescente";"Céu Claro";"Simples";"Reta";"Sim";2;0;1;0;1;0;1;2;-1,34293418;-47,55942285;"SPRF-PA";"DEL01-PA";"UOP02-DEL01-PA"
160769;2018-09-21;"sexta-feira";"05:30:00";"SP";116;269,5;"TABOAO DA SERRA";"Falta de Atenção à Condução";"Colisão lateral";"Com Vítimas Feridas";"Amanhecer";"Crescente";"Nublado";"Dupla";"Reta";"Sim";2;0;1;0;1;0;1;2;-23,60831223;-46,7534529;"SPRF-SP";"DEL04-SP";"UOP01-DEL04-SP"
160770;2018-09-21;"sexta-feira";"05:50:00";"PR";376;386,4;"IMBAU";"Defeito Mecânico no Veículo";"Incêndio";"Sem Vítimas";"Amanhecer";"Decrescente";"Nevoeiro/Neblina";"Dupla";"Reta";"Não";1;0;0;0;1;0;0;1;-24,45183763;-50,75786591;"SPRF-PR";"DEL03-PR";"UOP02-DEL03-PR"
160773;2018-09-20;"quinta-feira";"17:30:00";"MG";40;517;"RIBEIRAO DAS NEVES";"Falta de Atenção do Pedestre";"Atropelamento de Pedestre";"Com Vítimas Feridas";"Anoitecer";"Crescente";"Chuva";"Dupla";"Reta";"Sim";2;0;0;1;1;0;1;2;-19,8351;-44,08;"SPRF-MG";"DEL01-MG";"UOP03-DEL01-MG"
160774;2018-09-20;"quinta-feira";"20:20:00";"MG";50;128;"UBERABA";"Falta de Atenção à Condução";"Colisão traseira";"Com Vítimas Feridas";"Plena Noite";"Decrescente";"Chuva";"Dupla";"Reta";"Não";1;0;1;0;0;0;1;1;-19,3815;-48,077;"SPRF-MG";"DEL13-MG";"UOP01-DEL13-MG"
160775;2018-09-21;"sexta-feira";"07:40:00";"SC";101;118;"ITAJAI";"Falta de Atenção à Condução";"Tombamento";"Com Vítimas Feridas";"Pleno dia";"Crescente";"Nublado";"Dupla";"Reta";"Não";2;0;2;0;0;0;2;1;-26,89706142;-48,71862531;"SPRF-SC";"DEL04-SC";"UOP04-DEL04-SC"
160778;2018-09-21;"sexta-feira";"07:05:00";"MG";146;464,1;"MUZAMBINHO";"Não guardar distância de segurança";"Colisão lateral";"Com Vítimas Feridas";"Pleno dia";"Decrescente";"Céu Claro";"Simples";"Curva";"Não";2;0;1;0;1;0;1;2;-21,44316267;-46,41855061;"SPRF-MG";"DEL09-MG";"UOP01-DEL09-MG"
160779;2018-09-21;"sexta-feira";"07:10:00";"PB";230;132;"CAMPINA GRANDE";"Pista Escorregadia";"Capotamento";"Com Vítimas Feridas";"Pleno dia";"Crescente";"Chuva";"Múltipla";"Curva";"Não";3;0;3;0;0;0;3;1;-7,272607;-35,751923;"SPRF-PB";"DEL02-PB";"UOP01-DEL02-PB"
160781;2018-09-21;"sexta-feira";"07:30:00";"SC";101;203;"SAO JOSE";"Restrição de Visibilidade";"Colisão transversal";"Com Vítimas Feridas";"Pleno dia";"Decrescente";"Céu Claro";"Múltipla";"Viaduto";"Sim";2;0;1;0;1;0;1;2;-27,5742;-48,6134;"SPRF-SC";"DEL01-SC";"UOP01-DEL01-SC"
160784;2018-09-21;"sexta-feira";"07:25:00";"SC";101;218;"PALHOCA";"Não guardar distância de segurança";"Colisão traseira";"Com Vítimas Feridas";"Pleno dia";"Decrescente";"Céu Claro";"Dupla";"Reta";"Sim";2;0;0;1;1;0;1;2;-27,6854;-48,6664;"SPRF-SC";"DEL01-SC";"UOP02-DEL01-SC"
160785;2018-09-21;"sexta-feira";"07:00:00";"GO";50;245,8;"CATALAO";"Falta de Atenção à Condução";"Colisão traseira";"Com Vítimas Feridas";"Pleno dia";"Decrescente";"Sol";"Simples";"Reta";"Sim";3;0;1;0;2;0;1;2;-17,9259;-47,7874;"SPRF-GO";"DEL06-GO";"UOP01-DEL06-GO"
160788;2018-09-21;"sexta-feira";"08:00:00";"RN";427;99,7;"CAICO";"Desobediência às normas de trânsito pelo condutor";"Colisão frontal";"Com Vítimas Feridas";"Pleno dia";"Crescente";"Sol";"Simples";"Interseção de Vias";"Sim";3;0;0;1;2;0;1;2;-6,46060329;-37,10408092;"SPRF-RN";"DEL03-RN";"UOP01-DEL03-RN"
160789;2018-09-21;"sexta-feira";"08:10:00";"CE";20;425;"FORTALEZA";"Restrição de Visibilidade";"Colisão traseira";"Com Vítimas Feridas";"Pleno dia";"Crescente";"Céu Claro";"Dupla";"Interseção de Vias;Reta";"Sim";2;0;0;1;1;0;1;2;-3,76999;-38,670063;"SPRF-CE";"DEL01-CE";"UOP02-DEL01-CE"
160790;2018-09-21;"sexta-feira";"07:45:00";"MG";381;533,4;"ITATIAIUCU";"Velocidade Incompatível";"Capotamento";"Com Vítimas Feridas";"Pleno dia";"Crescente";"Chuva";"Dupla";"Curva;Aclive";"Não";2;0;1;0;1;0;1;1;-20,174108;-44,37575;"SPRF-MG";"DEL04-MG";"UOP03-DEL04-MG"
160791;2018-09-21;"sexta-feira";"07:50:00";"SC";282;578,1;"PINHALZINHO";"Desobediência às normas de trânsito pelo condutor";"Colisão transversal";"Com Vítimas Feridas";"Pleno dia";"Decrescente";"Céu Claro";"Simples";"Rotatória";"Não";3;0;1;0;2;0;1;2;-26,838364;-52,985279;"SPRF-SC";"DEL07-SC";"UOP02-DEL07-SC"
160792;2018-09-21;"sexta-feira";"06:30:00";"CE";20;419,7;"MARACANAU";"Falta de Atenção à Condução";"Colisão transversal";"Com Vítimas Feridas";"Pleno dia";"Decrescente";"Céu Claro";"Simples";"Reta";"Não";2;0;0;1;1;0;1;2;-3,84433341;-38,58087301;"SPRF-CE";"DEL01-CE";"UOP02-DEL01-CE"
160794;2018-09-21;"sexta-feira";"08:10:00";"GO";60;75,1;"ANAPOLIS";"Falta de Atenção à Condução";"Saída de leito carroçável";"Com Vítimas Feridas";"Pleno dia";"Crescente";"Nublado";"Dupla";"Aclive;Curva";"Não";2;0;2;0;0;0;2;1;-16,27736298;-48,78557324;"SPRF-GO";"DEL02-GO";"UOP01-DEL02-GO"
160798;2018-09-21;"sexta-feira";"09:20:00";"MT";70;3,5;"BARRA DO GARCAS";"Falta de Atenção à Condução";"Colisão traseira";"Com Vítimas Feridas";"Pleno dia";"Crescente";"Nublado";"Dupla";"Declive";"Sim";2;0;1;0;1;0;1;2;-15,88011129;-52,28050232;"SPRF-MT";"DEL07-MT";"UOP01-DEL07-MT"
160800;2018-08-16;"quinta-feira";"12:25:00";"ES";101;266;"SERRA";"Falta de Atenção à Condução";"Colisão lateral";"Com Vítimas Feridas";"Pleno dia";"Crescente";"Céu Claro";"Dupla";"Reta";"Sim";1;0;1;0;0;0;1;1;-20,19703048;-40,26938324;"SPRF-ES";"DEL02-ES";"UOP01-DEL02-ES"
160801;2018-09-21;"sexta-feira";"08:50:00";"MG";262;382;"FLORESTAL";"Velocidade Incompatível";"Saída de leito carroçável";"Com Vítimas Feridas";"Pleno dia";"Crescente";"Nublado";"Dupla";"Curva";"Não";1;0;1;0;0;0;1;1;-19,932;-44,4595;"SPRF-MG";"DEL01-MG";"UOP03-DEL01-MG"
160802;2018-09-21;"sexta-feira";"09:30:00";"CE";20;278;"CANINDE";"Falta de Atenção à Condução";"Queda de ocupante de veículo";"Com Vítimas Feridas";"Pleno dia";"Crescente";"Céu Claro";"Simples";"Reta";"Não";1;0;1;0;0;0;1;1;-4,588733;-39,363049;"SPRF-CE";"DEL02-CE";"UOP01-DEL02-CE"
160803;2018-09-21;"sexta-feira";"09:30:00";"MG";381;345;"BELA VISTA DE MINAS";"Pista Escorregadia";"Saída de leito carroçável";"Sem Vítimas";"Pleno dia";"Decrescente";"Garoa/Chuvisco";"Simples";"Curva";"Não";3;0;0;0;3;0;0;1;-19,7784;-43,0437;"SPRF-MG";"DEL03-MG";"UOP01-DEL03-MG"
160804;2018-09-21;"sexta-feira";"09:00:00";"PR";277;68,1;"SAO JOSE DOS PINHAIS";"Falta de Atenção à Condução";"Colisão lateral";"Com Vítimas Feridas";"Pleno dia";"Decrescente";"Céu Claro";"Dupla";"Reta";"Sim";3;0;1;0;1;1;1;3;-25,52323891;-49,1018055;"SPRF-PR";"DEL01-PR";"UOP07-DEL01-PR"
160805;2018-08-26;"domingo";"08:05:00";"MA";230;88,9;"SAO JOAO DOS PATOS";"Ultrapassagem Indevida";"Colisão lateral";"Com Vítimas Feridas";"Pleno dia";"Decrescente";"Céu Claro";"Simples";"Reta";"Não";5;0;2;3;0;0;5;2;-6,492675;-43,710655;"SPRF-PI";"DEL03-PI";"UOP01-DEL03-PI"
160806;2018-09-21;"sexta-feira";"09:45:00";"PE";104;85,9;"AGRESTINA";"Defeito Mecânico no Veículo";"Saída de leito carroçável";"Com Vítimas Feridas";"Pleno dia";"Crescente";"Céu Claro";"Simples";"Reta";"Sim";4;0;0;1;3;0;1;1;-8,44734896;-35,9507364;"SPRF-PE";"DEL02-PE";"UOP01-DEL02-PE"
160808;2018-09-21;"sexta-feira";"10:00:00";"SC";101;200;"SAO JOSE";"Falta de Atenção à Condução";"Colisão lateral";"Com Vítimas Feridas";"Pleno dia";"Crescente";"Céu Claro";"Múltipla";"Reta";"Sim";2;0;1;0;1;0;1;2;-27,54734143;-48,61983326;"SPRF-SC";"DEL01-SC";"UOP01-DEL01-SC"
160809;2018-09-11;"terça-feira";"17:45:00";"PB";230;290,9;"SANTA LUZIA";"Falta de Atenção à Condução";"Colisão transversal";"Com Vítimas Feridas";"Anoitecer";"Crescente";"Céu Claro";"Simples";"Reta";"Sim";2;0;2;0;0;0;2;2;-6,87030585;-36,91281796;"SPRF-PB";"DEL03-PB";"UOP01-DEL03-PB"
160810;2018-09-21;"sexta-feira";"08:50:00";"RJ";40;111;"DUQUE DE CAXIAS";"Falta de Atenção à Condução";"Queda de ocupante de veículo";"Com Vítimas Feridas";"Pleno dia";"Crescente";"Céu Claro";"Múltipla";"Reta";"Sim";1;0;1;0;0;0;1;1;-22,6998712;-43,29059601;"SPRF-RJ";"DEL01-RJ";"UOP01-DEL01-RJ"
160811;2018-09-21;"sexta-feira";"10:00:00";"RN";104;5;"MACAU";"Falta de Atenção à Condução";"Tombamento";"Com Vítimas Feridas";"Pleno dia";"Crescente";"Céu Claro";"Dupla";"Reta";"Não";1;0;1;0;0;0;1;1;-5,148984;-36,599861;"SPRF-RN";"DEL02-RN";"UOP01-DEL02-RN"
160812;2018-09-21;"sexta-feira";"10:00:00";"MG";381;351;"JOAO MONLEVADE";"Pista Escorregadia";"Tombamento";"Com Vítimas Feridas";"Pleno dia";"Decrescente";"Nublado";"Simples";"Reta";"Não";2;0;2;0;0;0;2;1;-19,85936397;-43,12347293;"SPRF-MG";"DEL03-MG";"UOP01-DEL03-MG"
160814;2018-09-21;"sexta-feira";"10:30:00";"RN";304;38;"MOSSORO";"Objeto estático sobre o leito carroçável";"Colisão com objeto em movimento";"Com Vítimas Feridas";"Pleno dia";"Decrescente";"Céu Claro";"Dupla";"Reta";"Sim";2;0;0;1;1;0;1;2;-5,181406;-37,36834;"SPRF-RN";"DEL04-RN";"UOP02-DEL04-RN"
160816;2018-09-21;"sexta-feira";"11:00:00";"MA";10;156;"PORTO FRANCO";"Pista Escorregadia";"Danos eventuais";"Com Vítimas Feridas";"Pleno dia";"Decrescente";"Céu Claro";"Simples";"Reta";"Não";1;0;1;0;0;0;1;1;-6,3592236;-47,3754666;"SPRF-MA";"DEL04-MA";"UOP02-DEL04-MA"
160817;2018-09-21;"sexta-feira";"11:30:00";"BA";116;421;"FEIRA DE SANTANA";"Falta de Atenção à Condução";"Colisão lateral";"Com Vítimas Feridas";"Pleno dia";"Crescente";"Sol";"Dupla";"Reta";"Sim";2;0;2;0;0;0;2;2;-12,21757663;-38,96582365;"SPRF-BA";"DEL02-BA";"UOP01-DEL02-BA"
160820;2018-09-21;"sexta-feira";"11:30:00";"RS";116;258,2;"ESTEIO";"Condutor Dormindo";"Colisão com objeto estático";"Com Vítimas Feridas";"Pleno dia";"Crescente";"Sol";"Simples";"Reta";"Sim";1;0;1;0;0;0;1;1;-29,86310685;-51,18145108;"SPRF-RS";"DEL01-RS";"UOP02-DEL01-RS"
160821;2018-09-21;"sexta-feira";"12:00:00";"DF";60;16;"BRASILIA";"Falta de Atenção à Condução";"Colisão traseira";"Com Vítimas Feridas";"Pleno dia";"Crescente";"Céu Claro";"Dupla";"Reta";"Não";4;0;1;1;2;0;2;2;-15,948159;-48,173453;"SPRF-DF";"DEL01-DF";"UOP01-DEL03-DF"
160822;2018-09-21;"sexta-feira";"11:30:00";"ES";101;0,9;"SERRA";"Não guardar distância de segurança";"Colisão traseira";"Com Vítimas Feridas";"Pleno dia";"Crescente";"Nublado";"Dupla";"Reta";"Sim";3;0;1;0;2;0;1;3;-20,24456215;-40,28253174;"SPRF-ES";"DEL04-ES";"UOP02-DEL04-ES"
160824;2018-09-21;"sexta-feira";"11:35:00";"SC";470;123;"IBIRAMA";"Falta de Atenção à Condução";"Colisão traseira";"Com Vítimas Feridas";"Pleno dia";"Crescente";"Sol";"Simples";"Reta;Aclive";"Não";4;0;2;1;1;0;3;2;-27,106783;-49,522049;"SPRF-SC";"DEL04-SC";"UOP02-DEL04-SC"
160826;2018-09-21;"sexta-feira";"12:05:00";"PR";277;722,4;"FOZ DO IGUACU";"Pista Escorregadia";"Tombamento";"Com Vítimas Feridas";"Pleno dia";"Crescente";"Sol";"Dupla";"Retorno Regulamentado";"Sim";1;0;1;0;0;0;1;1;-25,49622866;-54,52411115;"SPRF-PR";"DEL05-PR";"UOP01-DEL05-PR"
160828;2018-09-19;"quarta-feira";"17:30:00";"RO";174;14,8;"VILHENA";"Desobediência às normas de trânsito pelo condutor";"Colisão transversal";"Com Vítimas Feridas";"Anoitecer";"Decrescente";"Nublado";"Simples";"Interseção de Vias";"Sim";3;0;2;1;0;0;3;2;-12,723321;-60,12801;"SPRF-RO";"DEL04-RO";"UOP01-DEL04-RO"
160829;2018-09-21;"sexta-feira";"06:50:00";"PB";230;291,5;"SANTA LUZIA";"Desobediência às normas de trânsito pelo condutor";"Colisão transversal";"Com Vítimas Feridas";"Pleno dia";"Decrescente";"Céu Claro";"Simples";"Reta";"Sim";3;0;1;0;2;0;1;3;-6,871304;-36,911655;"SPRF-PB";"DEL03-PB";"UOP01-DEL03-PB"
160830;2018-09-02;"domingo";"04:40:00";"MS";158;127,8;"APARECIDA DO TABOADO";"Animais na Pista";"Atropelamento de Animal";"Com Vítimas Feridas";"Plena Noite";"Crescente";"Céu Claro";"Simples";"Reta";"Não";1;0;1;0;0;0;1;1;-19,92648374;-51,12563968;"SPRF-MS";"DEL08-MS";"UOP01-DEL08-MS"
160831;2018-09-21;"sexta-feira";"13:20:00";"RS";285;417,4;"PANAMBI";"Falta de Atenção à Condução";"Colisão traseira";"Com Vítimas Feridas";"Pleno dia";"Crescente";"Céu Claro";"Simples";"Reta";"Não";3;0;2;0;1;0;2;2;-28,3450384;-53,53127539;"SPRF-RS";"DEL10-RS";"UOP01-DEL10-RS"
160832;2018-09-21;"sexta-feira";"09:20:00";"SC";282;529,1;"CORDILHEIRA ALTA";"Desobediência às normas de trânsito pelo condutor";"Colisão transversal";"Com Vítimas Feridas";"Pleno dia";"Crescente";"Sol";"Simples";"Reta;Interseção de Vias";"Não";2;0;1;0;1;0;1;2;-26,98238704;-52,59787202;"SPRF-SC";"DEL07-SC";"UOP01-DEL07-SC"
160833;2018-09-21;"sexta-feira";"10:10:00";"MT";70;273;"PRIMAVERA DO LESTE";"Falta de Atenção à Condução";"Saída de leito carroçável";"Com Vítimas Feridas";"Pleno dia";"Decrescente";"Céu Claro";"Simples";"Reta";"Não";2;0;1;0;1;0;1;1;-15,541573;-54,237598;"SPRF-MT";"DEL05-MT";"UOP01-DEL05-MT"
160834;2018-09-21;"sexta-feira";"14:00:00";"SC";101;465;"PASSO DE TORRES";"Falta de Atenção à Condução";"Colisão traseira";"Com Vítimas Feridas";"Pleno dia";"Crescente";"Céu Claro";"Dupla";"Reta";"Não";3;0;1;0;2;0;1;2;-29,298918;-49,769753;"SPRF-RS";"DEL03-RS";"DEL9/3-UOP03/RS"
160835;2018-09-21;"sexta-feira";"12:20:00";"AM";319;0,9;"MANAUS";"Falta de Atenção à Condução";"Colisão traseira";"Sem Vítimas";"Pleno dia";"Decrescente";"Céu Claro";"Simples";"Aclive";"Sim";1;0;0;0;1;0;0;1;-3,13542755;-59,93874013;"SPRF-AM";"DEL01-AM";"UOP03/AM"
160836;2018-09-21;"sexta-feira";"14:35:00";"SP";153;256;"MARILIA";"Falta de Atenção à Condução";"Colisão traseira";"Com Vítimas Feridas";"Pleno dia";"Decrescente";"Sol";"Simples";"Interseção de Vias";"Sim";2;0;1;0;1;0;1;2;-22,231552;-49,919682;"SPRF-SP";"DEL07-SP";"UOP02-DEL07-SP"
160837;2018-09-21;"sexta-feira";"13:40:00";"MG";116;724,2;"MURIAE";"Falta de Atenção à Condução";"Colisão transversal";"Sem Vítimas";"Pleno dia";"Crescente";"Sol";"Simples";"Reta";"Não";3;0;0;0;3;0;0;2;-21,26436552;-42,40406156;"SPRF-MG";"DEL07-MG";"UOP02-DEL07-MG"
160838;2018-09-21;"sexta-feira";"13:55:00";"PR";369;481,9;"CORBELIA";"Defeito Mecânico no Veículo";"Queda de ocupante de veículo";"Com Vítimas Feridas";"Pleno dia";"Crescente";"Céu Claro";"Simples";"Reta";"Não";2;0;1;0;1;0;1;1;-24,65693175;-53,2182777;"SPRF-PR";"DEL04-PR";"UOP03-DEL04-PR"
160839;2018-01-14;"domingo";"16:35:00";"RS";116;481,7;"TURUCU";"Falta de Atenção à Condução";"Colisão transversal";"Com Vítimas Feridas";"Pleno dia";"Crescente";"Garoa/Chuvisco";"Simples";"Reta";"Não";3;0;1;0;2;0;1;2;-31,4219;-52,1777;"SPRF-RS";"DEL07-RS";"UOP01-DEL07-RS"
160840;2018-09-21;"sexta-feira";"14:30:00";"RJ";40;84,1;"DUQUE DE CAXIAS";"Pista Escorregadia";"Colisão com objeto estático";"Com Vítimas Feridas";"Pleno dia";"Crescente";"Chuva";"Simples";"Curva";"Não";3;0;1;0;2;0;1;2;-22,523018;-43,237916;"SPRF-RJ";"DEL06-RJ";"UOP01-DEL06-RJ"
160842;2018-09-21;"sexta-feira";"15:00:00";"PE";101;94;"CABO DE SANTO AGOSTINHO";"Falta de Atenção à Condução";"Colisão frontal";"Com Vítimas Feridas";"Pleno dia";"Crescente";"Céu Claro";"Simples";"Reta";"Sim";3;0;0;3;0;0;3;2;-8,2494;-35,0088;"SPRF-PE";"DEL01-PE";"UOP03-DEL01-PE"
160844;2018-09-21;"sexta-feira";"15:00:00";"RJ";116;175;"NOVA IGUACU";"Falta de Atenção à Condução";"Colisão lateral";"Com Vítimas Feridas";"Pleno dia";"Crescente";"Céu Claro";"Dupla";"Reta";"Não";3;0;2;0;1;0;2;2;-22,75940322;-43,42869759;"SPRF-RJ";"DEL01-RJ";"UOP02-DEL01-RJ"
160845;2018-06-20;"quarta-feira";"08:00:00";"PR";369;151,4;"LONDRINA";"Animais na Pista";"Tombamento";"Com Vítimas Feridas";"Pleno dia";"Crescente";"Céu Claro";"Dupla";"Reta;Declive";"Sim";1;0;1;0;0;0;1;1;-23,29273685;-51,17517287;"SPRF-PR";"DEL07-PR";"UOP01-DEL07-PR"
160849;2018-09-21;"sexta-feira";"12:30:00";"MA";316;547,1;"CAXIAS";"Desobediência às normas de trânsito pelo condutor";"Colisão transversal";"Com Vítimas Feridas";"Pleno dia";"Decrescente";"Sol";"Simples";"Aclive";"Não";3;0;1;0;2;0;1;2;-4,879837;-43,387306;"SPRF-MA";"DEL03-MA";"UOP02-DEL03-MA"
160850;2018-09-21;"sexta-feira";"07:30:00";"RJ";116;87;"TERESOPOLIS";"Pista Escorregadia";"Colisão com objeto estático";"Com Vítimas Feridas";"Pleno dia";"Decrescente";"Chuva";"Simples";"Curva";"Não";1;0;1;0;0;0;1;1;-22,46035;-42,965007;"SPRF-RJ";"DEL04-RJ";"UOP01-DEL04-RJ"
160851;2018-09-21;"sexta-feira";"15:45:00";"MG";50;79;"UBERLANDIA";"Defeito Mecânico no Veículo";"Saída de leito carroçável";"Com Vítimas Feridas";"Pleno dia";"Crescente";"Céu Claro";"Dupla";"Reta;Declive";"Sim";1;0;1;0;0;0;1;1;-18,9636;-48,2155;"SPRF-MG";"DEL15-MG";"UOP01-DEL15-MG"
160853;2018-09-21;"sexta-feira";"12:30:00";"BA";242;587;"MUQUEM DE SAO FRANCISCO";"Ultrapassagem Indevida";"Colisão frontal";"Com Vítimas Feridas";"Pleno dia";"Decrescente";"Céu Claro";"Simples";"Ponte";"Não";5;0;0;3;2;0;3;2;-12,177;-43,247;"SPRF-BA";"DEL10-BA";"UOP03-DEL06-BA"
160855;2018-09-21;"sexta-feira";"16:30:00";"SC";101;149;"ITAPEMA";"Falta de Atenção à Condução";"Colisão transversal";"Com Vítimas Feridas";"Pleno dia";"Decrescente";"Céu Claro";"Simples";"Reta";"Sim";3;0;2;0;1;0;2;2;-27,1175;-48,6092;"SPRF-SC";"DEL04-SC";"UOP03-DEL04-SC"
160856;2018-09-21;"sexta-feira";"16:30:00";"ES";101;15;"PEDRO CANARIO";"Falta de Atenção à Condução";"Colisão lateral";"Com Vítimas Feridas";"Pleno dia";"Crescente";"Céu Claro";"Simples";"Rotatória";"Sim";2;0;1;0;1;0;1;2;-18,290127;-39,9548;"SPRF-ES";"DEL04-ES";"UOP02-DEL04-ES"
160859;2018-09-21;"sexta-feira";"16:45:00";"MG";381;481,1;"CONTAGEM";"Ingestão de Álcool";"Atropelamento de Pedestre";"Com Vítimas Feridas";"Pleno dia";"Crescente";"Céu Claro";"Dupla";"Reta";"Sim";2;0;1;0;1;0;1;2;-19,95849709;-44,06083913;"SPRF-MG";"DEL01-MG";"UOP03-DEL01-MG"