"id";"data_inversa";"dia_semana";"horario";"uf";"br";"km";"municipio";"causa_acidente";"tipo_acidente";"classificacao_acidente";"fase_dia";"sentido_via";"condicao_metereologica";"tipo_pista";"tracado_via";"uso_solo";"pessoas";"mortos";"feridos_leves";"feridos_graves";"ilesos";"ignorados";"feridos";"veiculos";"latitude";"longitude";"regional";"delegacia";"uop"
160860;2018-09-21;"sexta-feira";"17:00:00";"RS";290;725;"URUGUAIANA";"Ingestão de Álcool";"Colisão com objeto estático";"Sem Vítimas";"Pleno dia";"Decrescente";"Céu Claro";"Simples";"Curva";"Sim";1;0;0;0;1;0;0;1;-29,74924191;-57,08804011;"SPRF-RS";"DEL13-RS";"UOP01-DEL13-RS"
160861;2018-09-21;"sexta-feira";"17:45:00";"PR";369;141,4;"IBIPORA";"Desobediência às normas de trânsito pelo condutor";"Atropelamento de Pedestre";"Com Vítimas Feridas";"Anoitecer";"Decrescente";"Céu Claro";"Simples";"Declive";"Sim";4;0;1;1;0;2;2;2;-23,2875287;-51,07810641;"SPRF-PR";"DEL07-PR";"UOP01-DEL07-PR"
160863;2018-09-21;"sexta-feira";"16:40:00";"PB";230;21;"JOAO PESSOA";"Falta de Atenção à Condução";"Tombamento";"Com Vítimas Feridas";"Anoitecer";"Crescente";"Céu Claro";"Dupla";"Reta";"Sim";4;0;2;1;0;1;3;3;-7,14129611;-34,85192132;"SPRF-PB";"DEL01-PB";"UOP01-DEL01-PB"
160865;2018-09-21;"sexta-feira";"18:05:00";"MG";381;459;"BELO HORIZONTE";"Desobediência às normas de trânsito pelo condutor";"Colisão transversal";"Com Vítimas Feridas";"Amanhecer";"Crescente";"Céu Claro";"Dupla";"Reta";"Sim";3;0;0;2;1;0;2;2;-19,9605;-44,0357;"SPRF-MG";"DEL01-MG";"UOP01-DEL01-MG"
160866;2018-09-21;"sexta-feira";"18:00:00";"MG";381;488,1;"BETIM";"Velocidade Incompatível";"Colisão com objeto estático";"Com Vítimas Feridas";"Anoitecer";"Crescente";"Céu Claro";"Múltipla";"Reta";"Sim";1;0;1;0;0;0;1;1;-19,9562;-44,1335;"SPRF-MG";"DEL01-MG";"UOP03-DEL01-MG"
160869;2018-09-21;"sexta-feira";"18:05:00";"PR";277;96;"CURITIBA";"Falta de Atenção à Condução";"Colisão traseira";"Com Vítimas Feridas";"Anoitecer";"Decrescente";"Céu Claro";"Dupla";"Reta";"Sim";3;0;1;0;2;0;1;2;-25,43077611;-49,32961106;"SPRF-PR";"DEL01-PR";"UOP06-DEL01-PR"
160870;2018-09-21;"sexta-feira";"15:30:00";"RO";364;519,8;"ARIQUEMES";"Falta de Atenção à Condução";"Engavetamento";"Sem Vítimas";"Pleno dia";"Decrescente";"Sol";"Simples";"Reta";"Não";5;0;0;0;5;0;0;3;-9,888696;-63,056728;"SPRF-RO";"DEL03-RO";"UOP01-DEL03-RO"
160871;2018-09-21;"sexta-feira";"18:30:00";"SC";101;117;"ITAJAI";"Desobediência às normas de trânsito pelo condutor";"Colisão transversal";"Com Vítimas Feridas";"Anoitecer";"Crescente";"Céu Claro";"Simples";"Interseção de Vias";"Sim";3;0;1;0;2;0;1;2;-26,88973194;-48,72200489;"SPRF-SC";"DEL04-SC";"UOP04-DEL04-SC"
160875;2018-09-21;"sexta-feira";"16:40:00";"RJ";40;122;"DUQUE DE CAXIAS";"Desobediência às normas de trânsito pelo condutor";"Colisão traseira";"Sem Vítimas";"Anoitecer";"Crescente";"Nublado";"Múltipla";"Reta";"Sim";3;0;0;0;3;0;0;2;-22,79755203;-43,28969386;"SPRF-RJ";"DEL01-RJ";"UOP01-DEL01-RJ"
160876;2018-09-21;"sexta-feira";"18:00:00";"PA";316;60;"CASTANHAL";"Falta de Atenção à Condução";"Colisão transversal";"Com Vítimas Feridas";"Plena Noite";"Decrescente";"Garoa/Chuvisco";"Dupla";"Reta";"Sim";2;0;1;0;1;0;1;2;-1,29799229;-47,94879913;"SPRF-PA";"DEL01-PA";"UOP01-DEL01-PA"
160878;2018-09-21;"sexta-feira";"19:00:00";"MG";381;486,4;"BETIM";"Falta de Atenção à Condução";"Queda de ocupante de veículo";"Com Vítimas Feridas";"Plena Noite";"Crescente";"Céu Claro";"Dupla";"Reta";"Sim";2;0;2;0;0;0;2;1;-19,95613731;-44,10373302;"SPRF-MG";"DEL01-MG";"UOP03-DEL01-MG"
160879;2018-09-21;"sexta-feira";"18:58:00";"PR";277;715;"SANTA TEREZINHA DE ITAIPU";"Falta de Atenção à Condução";"Colisão traseira";"Com Vítimas Feridas";"Plena Noite";"Decrescente";"Céu Claro";"Dupla";"Reta";"Não";3;0;1;0;2;0;1;3;-25,4669904;-54,4540274;"SPRF-PR";"DEL05-PR";"UOP01-DEL05-PR"
160880;2018-09-21;"sexta-feira";"18:45:00";"SP";116;271;"TABOAO DA SERRA";"Falta de Atenção à Condução";"Colisão traseira";"Com Vítimas Feridas";"Plena Noite";"Crescente";"Céu Claro";"Dupla";"Reta";"Sim";2;0;1;0;1;0;1;2;-23,60733897;-46,76508129;"SPRF-SP";"DEL04-SP";"UOP01-DEL04-SP"
160881;2018-09-21;"sexta-feira";"19:10:00";"SC";470;141;"RIO DO SUL";"Falta de Atenção à Condução";"Colisão transversal";"Com Vítimas Feridas";"Plena Noite";"Crescente";"Nublado";"Múltipla";"Rotatória";"Sim";3;0;2;0;1;0;2;2;-27,20196413;-49,63395059;"SPRF-SC";"DEL04-SC";"UOP02-DEL04-SC"
160882;2018-09-21;"sexta-feira";"18:50:00";"ES";101;264,2;"SERRA";"Desobediência às normas de trânsito pelo condutor";"Colisão transversal";"Com Vítimas Feridas";"Plena Noite";"Decrescente";"Nublado";"Múltipla";"Interseção de Vias;Reta";"Sim";5;0;1;1;3;0;2;4;-20,17662184;-40,26593328;"SPRF-ES";"DEL02-ES";"UOP01-DEL02-ES"
160883;2018-09-21;"sexta-feira";"17:15:00";"CE";116;13;"FORTALEZA";"Defeito na Via";"Queda de ocupante de veículo";"Com Vítimas Feridas";"Anoitecer";"Crescente";"Céu Claro";"Múltipla";"Reta";"Sim";2;0;2;0;0;0;2;1;-3,8654214;-38,49796593;"SPRF-CE";"DEL01-CE";"UOP02-DEL01-CE"
160884;2018-09-21;"sexta-feira";"18:35:00";"RJ";116;173;"BELFORD ROXO";"Falta de Atenção à Condução";"Colisão lateral";"Com Vítimas Feridas";"Plena Noite";"Crescente";"Céu Claro";"Múltipla";"Reta";"Sim";3;0;1;0;2;0;1;2;-22,769868;-43,408029;"SPRF-RJ";"DEL01-RJ";"UOP02-DEL01-RJ"
160885;2018-09-21;"sexta-feira";"16:00:00";"SC";282;89;"ALFREDO WAGNER";"Velocidade Incompatível";"Saída de leito carroçável";"Com Vítimas Feridas";"Pleno dia";"Crescente";"Céu Claro";"Simples";"Curva";"Não";1;0;1;0;0;0;1;1;-27,67791304;-49,21554208;"SPRF-SC";"DEL01-SC";"UOP03-DEL01-SC"
160887;2018-09-21;"sexta-feira";"17:30:00";"MT";364;441;"VARZEA GRANDE";"Velocidade Incompatível";"Saída de leito carroçável";"Com Vítimas Feridas";"Anoitecer";"Crescente";"Garoa/Chuvisco";"Simples";"Curva";"Não";13;0;5;0;8;0;5;1;-15,646822;-56,18903;"SPRF-MT";"DEL01-MT";"DEL2/4-UOP02/MT"
160889;2018-09-21;"sexta-feira";"16:30:00";"BA";101;205;"GOVERNADOR MANGABEIRA";"Desobediência às normas de trânsito pelo condutor";"Colisão transversal";"Com Vítimas Feridas";"Pleno dia";"Crescente";"Céu Claro";"Dupla";"Reta;Interseção de Vias";"Não";2;0;1;0;1;0;1;2;-12,60370768;-39,01638867;"SPRF-BA";"DEL01-BA";"UOP03-DEL01-BA"
160890;2018-09-21;"sexta-feira";"19:20:00";"PA";316;3;"ANANINDEUA";"Falta de Atenção à Condução";"Colisão transversal";"Com Vítimas Feridas";"Plena Noite";"Decrescente";"Céu Claro";"Dupla";"Reta";"Sim";2;0;1;0;1;0;1;2;-1,396582;-48,422993;"SPRF-PA";"DEL01-PA";"DEL19/1-UOP05/PA"
160891;2018-09-15;"sábado";"22:00:00";"MS";60;197,7;"CAMAPUA";"Falta de Atenção à Condução";"Colisão transversal";"Com Vítimas Feridas";"Plena Noite";"Decrescente";"Céu Claro";"Simples";"Interseção de Vias";"Sim";2;0;0;1;1;0;1;2;-19,534306;-54,043;"SPRF-MS";"DEL06-MS";"UOP02-DEL06-MS"
160892;2018-09-21;"sexta-feira";"19:30:00";"RJ";101;303,8;"SAO GONCALO";"Ingestão de Álcool";"Atropelamento de Pedestre";"Com Vítimas Feridas";"Plena Noite";"Crescente";"Nublado";"Dupla";"Reta";"Sim";3;0;1;1;1;0;2;2;-22,7848655;-42,9840569;"SPRF-RJ";"DEL02-RJ";"DEL5/2-UOP04/RJ"
160894;2018-09-21;"sexta-feira";"19:40:00";"SC";101;357;"SANGAO";"Falta de Atenção à Condução";"Saída de leito carroçável";"Com Vítimas Feridas";"Plena Noite";"Crescente";"Céu Claro";"Dupla";"Declive";"Não";2;0;1;0;1;0;1;1;-28,6375;-49,0971;"SPRF-SC";"DEL02-SC";"UOP01-DEL02-SC"
160895;2018-09-21;"sexta-feira";"20:10:00";"PR";376;179,3;"MARINGA";"Ingestão de Álcool";"Colisão traseira";"Sem Vítimas";"Plena Noite";"Decrescente";"Céu Claro";"Dupla";"Reta;Interseção de Vias";"Sim";2;0;0;0;2;0;0;2;-23,42035895;-51,90956262;"SPRF-PR";"DEL07-PR";"UOP01-DEL09-PR"
160896;2018-09-21;"sexta-feira";"20:20:00";"PR";369;152;"LONDRINA";"Falta de Atenção do Pedestre";"Atropelamento de Pedestre";"Com Vítimas Feridas";"Plena Noite";"Decrescente";"Céu Claro";"Dupla";"Reta;Declive";"Sim";3;0;2;0;1;0;2;2;-23,29371243;-51,18747884;"SPRF-PR";"DEL07-PR";"UOP01-DEL07-PR"
160897;2018-09-21;"sexta-feira";"19:10:00";"MG";381;691,6;"LAVRAS";"Falta de Atenção do Pedestre";"Atropelamento de Pedestre";"Com Vítimas Fatais";"Plena Noite";"Crescente";"Ignorado";"Dupla";"Curva";"Não";2;1;0;0;1;0;0;2;-21,2265;-45,1307;"SPRF-MG";"DEL04-MG";"UOP02-DEL04-MG"
160898;2018-09-21;"sexta-feira";"20:00:00";"SC";282;22;"PALHOCA";"Falta de Atenção à Condução";"Colisão transversal";"Com Vítimas Feridas";"Plena Noite";"Crescente";"Nublado";"Simples";"Reta";"Não";2;0;1;0;1;0;1;2;-27,688507;-48,72739;"SPRF-SC";"DEL01-SC";"UOP02-DEL01-SC"
160899;2018-09-21;"sexta-feira";"19:00:00";"RN";304;237,3;"RIACHUELO";"Ultrapassagem Indevida";"Saída de leito carroçável";"Com Vítimas Feridas";"Plena Noite";"Crescente";"Céu Claro";"Simples";"Reta";"Não";2;0;1;0;1;0;1;1;-5,77165;-35,857368;"SPRF-RN";"DEL01-RN";"UOP02-DEL01-RN"
160900;2018-09-21;"sexta-feira";"20:45:00";"RS";116;267;"CANOAS";"Defeito Mecânico no Veículo";"Queda de ocupante de veículo";"Com Vítimas Feridas";"Plena Noite";"Decrescente";"Ignorado";"Dupla";"Reta";"Sim";3;0;1;1;0;1;2;2;-29,94988685;-51,1765217;"SPRF-RS";"DEL01-RS";"UOP01-DEL01-RS"
160902;2018-09-21;"sexta-feira";"18:40:00";"SC";116;215,6;"PONTE ALTA";"Ultrapassagem Indevida";"Colisão lateral";"Sem Vítimas";"Anoitecer";"Crescente";"Céu Claro";"Simples";"Reta";"Não";2;0;0;0;1;1;0;2;-27,54008791;-50,37626266;"SPRF-SC";"DEL05-SC";"UOP03-DEL05-SC"
160904;2018-09-21;"sexta-feira";"20:20:00";"RN";226;0,2;"NATAL";"Condutor Dormindo";"Saída de leito carroçável";"Sem Vítimas";"Plena Noite";"Crescente";"Céu Claro";"Simples";"Curva";"Sim";1;0;0;0;0;1;0;1;-5,800519;-35,238506;"SPRF-RN";"DEL01-RN";"UOP02-DEL01-RN"
160908;2018-09-21;"sexta-feira";"21:25:00";"MG";381;350;"JOAO MONLEVADE";"Desobediência às normas de trânsito pelo condutor";"Colisão transversal";"Com Vítimas Feridas";"Plena Noite";"Crescente";"Céu Claro";"Simples";"Curva;Aclive";"Não";2;0;1;0;1;0;1;2;-19,86420747;-43,12354803;"SPRF-MG";"DEL03-MG";"UOP01-DEL03-MG"
160910;2018-09-21;"sexta-feira";"21:00:00";"MG";365;1,2;"MONTES CLAROS";"Avarias e/ou desgaste excessivo no pneu";"Queda de ocupante de veículo";"Com Vítimas Feridas";"Plena Noite";"Decrescente";"Céu Claro";"Simples";"Reta";"Não";2;0;2;0;0;0;2;1;-16,726326;-43,880257;"SPRF-MG";"DEL12-MG";"UOP01-DEL12-MG"
160911;2018-09-21;"sexta-feira";"20:15:00";"MG";116;375,6;"MATHIAS LOBATO";"Velocidade Incompatível";"Saída de leito carroçável";"Com Vítimas Feridas";"Plena Noite";"Decrescente";"Céu Claro";"Simples";"Curva";"Sim";2;0;0;2;0;0;2;1;-18,575621;-41,918142;"SPRF-MG";"DEL06-MG";"UOP01-DEL06-MG"
160912;2018-09-21;"sexta-feira";"18:50:00";"SC";101;269,8;"IMBITUBA";"Velocidade Incompatível";"Saída de leito carroçável";"Com Vítimas Feridas";"Anoitecer";"Crescente";"Nublado";"Dupla";"Reta";"Não";3;0;2;1;0;0;3;1;-28,1117;-48,7015;"SPRF-SC";"DEL02-SC";"UOP03-DEL02-SC"
160913;2018-09-21;"sexta-feira";"19:50:00";"SC";101;272,9;"IMBITUBA";"Falta de Atenção à Condução";"Colisão transversal";"Sem Vítimas";"Plena Noite";"Decrescente";"Nublado";"Simples";"Interseção de Vias";"Não";2;0;0;0;2;0;0;2;-28,12973605;-48,69240394;"SPRF-SC";"DEL02-SC";"UOP03-DEL02-SC"
160914;2018-09-21;"sexta-feira";"20:15:00";"PA";10;189,6;"IPIXUNA DO PARA";"Falta de Atenção à Condução";"Colisão traseira";"Sem Vítimas";"Plena Noite";"Decrescente";"Céu Claro";"Simples";"Aclive";"Não";1;0;0;0;1;0;0;1;-2,77687;-47,4548;"SPRF-PA";"DEL02-PA";"UOP01-DEL02-PA"
160916;2018-09-21;"sexta-feira";"21:20:00";"PR";277;592;"CASCAVEL";"Falta de Atenção à Condução";"Colisão transversal";"Com Vítimas Feridas";"Plena Noite";"Decrescente";"Céu Claro";"Simples";"Interseção de Vias";"Sim";2;0;1;0;1;0;1;2;-24,9823068;-53,4744284;"SPRF-PR";"DEL04-PR";"UOP01-DEL04-PR"
160917;2018-09-21;"sexta-feira";"20:00:00";"GO";60;33;"ALEXANIA";"Desobediência às normas de trânsito pelo condutor";"Colisão traseira";"Com Vítimas Feridas";"Plena Noite";"Crescente";"Vento";"Dupla";"Curva";"Sim";2;0;1;0;1;0;1;2;-16,0963;-48,5202;"SPRF-DF";"DEL01-DF";"UOP01-DEL03-DF"
160918;2018-09-21;"sexta-feira";"21:20:00";"PR";116;170,5;"QUITANDINHA";"Desobediência às normas de trânsito pelo condutor";"Colisão transversal";"Com Vítimas Feridas";"Plena Noite";"Decrescente";"Céu Claro";"Simples";"Curva";"Não";2;0;0;1;1;0;1;2;-25,89495926;-49,52471126;"SPRF-PR";"DEL01-PR";"UOP03-DEL01-PR"
160919;2018-09-21;"sexta-feira";"22:00:00";"PE";101;136,9;"ESCADA";"Ingestão de Álcool";"Colisão com objeto estático";"Sem Vítimas";"Plena Noite";"Decrescente";"Nublado";"Dupla";"Curva";"Não";1;0;0;0;0;1;0;1;-8,41394268;-35,30893231;"SPRF-PE";"DEL01-PE";"UOP03-DEL01-PE"
160920;2018-09-21;"sexta-feira";"21:30:00";"MT";364;403;"CUIABA";"Falta de Atenção do Pedestre";"Atropelamento de Pedestre";"Com Vítimas Fatais";"Plena Noite";"Crescente";"Céu Claro";"Múltipla";"Reta";"Sim";3;1;0;0;2;0;0;3;-15,66830863;-55,95519841;"SPRF-MT";"DEL02-MT";"UOP02-DEL01-MT"
160923;2018-09-21;"sexta-feira";"19:30:00";"PI";343;212,6;"CAPITAO DE CAMPOS";"Falta de Atenção à Condução";"Atropelamento de Pedestre";"Com Vítimas Feridas";"Plena Noite";"Crescente";"Céu Claro";"Simples";"Reta";"Sim";6;0;3;0;1;2;3;2;-4,44891087;-41,92829132;"SPRF-PI";"DEL01-PI";"UOP03-DEL01-PI"
160925;2018-09-21;"sexta-feira";"22:00:00";"RS";290;178;"MINAS DO LEAO";"Falta de Atenção à Condução";"Queda de ocupante de veículo";"Com Vítimas Feridas";"Plena Noite";"Crescente";"Céu Claro";"Simples";"Aclive";"Não";1;0;0;1;0;0;1;1;-30,134542;-51,992455;"SPRF-RS";"DEL02-RS";"UOP02-DEL02-RS"
160926;2018-09-21;"sexta-feira";"22:45:00";"ES";393;0,2;"CACHOEIRO DE ITAPEMIRIM";"Falta de Atenção à Condução";"Colisão transversal";"Com Vítimas Feridas";"Plena Noite";"Decrescente";"Nublado";"Simples";"Reta";"Sim";2;0;1;0;1;0;1;2;-20,8405439;-41,16021395;"SPRF-ES";"DEL03-ES";"UOP02-DEL03-ES"
160927;2018-09-21;"sexta-feira";"23:09:00";"SP";153;97,7;"JOSE BONIFACIO";"Animais na Pista";"Saída de leito carroçável";"Com Vítimas Feridas";"Plena Noite";"Crescente";"Céu Claro";"Simples";"Reta;Declive";"Não";3;0;3;0;0;0;3;1;-20,98894875;-49,62084976;"SPRF-SP";"DEL09-SP";"UOP01-DEL09-SP"
160929;2018-09-21;"sexta-feira";"19:30:00";"PI";343;106;"COCAL";"Animais na Pista";"Colisão frontal";"Com Vítimas Fatais";"Plena Noite";"Decrescente";"Céu Claro";"Simples";"Reta";"Não";9;2;0;1;5;1;1;3;-3,622775;-41,686401;"SPRF-PI";"DEL05-PI";"UOP01-DEL05-PI"
160934;2018-09-21;"sexta-feira";"20:00:00";"RO";429;221;"SERINGUEIRAS";"Ingestão de Álcool";"Queda de ocupante de veículo";"Com Vítimas Feridas";"Plena Noite";"Crescente";"Nublado";"Simples";"Reta";"Não";2;0;1;1;0;0;2;1;-11,88455;-63,201954;"SPRF-RO";"DEL02-RO";"UOP03-DEL02-RO"
160935;2018-09-21;"sexta-feira";"23:40:00";"SP";116;270,3;"TABOAO DA SERRA";"Falta de Atenção à Condução";"Colisão traseira";"Com Vítimas Feridas";"Plena Noite";"Crescente";"Céu Claro";"Dupla";"Reta";"Sim";5;0;2;0;3;0;2;3;-23,60725211;-46,76293803;"SPRF-SP";"DEL04-SP";"UOP01-DEL04-SP"
160936;2018-09-21;"sexta-feira";"23:50:00";"SP";116;219,6;"GUARULHOS";"Ingestão de Álcool";"Capotamento";"Com Vítimas Feridas";"Plena Noite";"Crescente";"Nublado";"Múltipla";"Reta";"Não";6;0;2;0;4;0;2;5;-23,46533276;-46,4999342;"SPRF-SP";"DEL01-SP";"UOP01-DEL01-SP"
160937;2018-09-21;"sexta-feira";"23:30:00";"SC";280;53,8;"GUARAMIRIM";"Falta de Atenção à Condução";"Tombamento";"Com Vítimas Feridas";"Plena Noite";"Crescente";"Nublado";"Simples";"Curva;Interseção de Vias";"Sim";2;0;1;0;1;0;1;2;-26,47517328;-48,98194313;"SPRF-SC";"DEL03-SC";"UOP03-DEL03-SC"
160938;2018-09-22;"sábado";"00:05:00";"SP";116;145;"SAO JOSE DOS CAMPOS";"Falta de Atenção à Condução";"Colisão traseira";"Com Vítimas Feridas";"Plena Noite";"Crescente";"Nublado";"Dupla";"Reta";"Sim";1;0;1;0;0;0;1;1;-23,1921249;-45,86610273;"SPRF-SP";"DEL02-SP";"UOP01-DEL02-SP"
160940;2018-09-21;"sexta-feira";"23:30:00";"PR";277;725,5;"FOZ DO IGUACU";"Falta de Atenção à Condução";"Colisão frontal";"Com Vítimas Feridas";"Plena Noite";"Decrescente";"Céu Claro";"Dupla";"Curva";"Sim";2;0;0;1;0;1;1;2;-25,508245;-54,5462;"SPRF-PR";"DEL05-PR";"UOP03-DEL05-PR"
160941;2018-09-22;"sábado";"00:40:00";"PA";316;9;"MARITUBA";"Falta de Atenção à Condução";"Colisão lateral";"Com Vítimas Feridas";"Plena Noite";"Crescente";"Céu Claro";"Dupla";"Reta";"Sim";2;0;1;0;1;0;1;2;-1,366236;-48,367805;"SPRF-PA";"DEL01-PA";"DEL19/1-UOP05/PA"
160942;2018-09-22;"sábado";"00:20:00";"SC";101;351;"JAGUARUNA";"Ingestão de Álcool";"Colisão traseira";"Com Vítimas Feridas";"Plena Noite";"Decrescente";"Céu Claro";"Dupla";"Aclive";"Não";2;0;1;1;0;0;2;2;-28,602;-49,0531;"SPRF-SC";"DEL02-SC";"UOP01-DEL02-SC"
160943;2018-09-21;"sexta-feira";"23:10:00";"PR";476;331;"PAULO FRONTIN";"Falta de Atenção à Condução";"Colisão transversal";"Sem Vítimas";"Plena Noite";"Decrescente";"Céu Claro";"Simples";"Reta";"Não";2;0;0;0;2;0;0;2;-26,116962;-50,820679;"SPRF-PR";"DEL02-PR";"UOP03-DEL02-PR"
160945;2018-09-22;"sábado";"01:35:00";"PR";116;93;"SAO JOSE DOS PINHAIS";"Falta de Atenção à Condução";"Colisão com objeto estático";"Com Vítimas Feridas";"Plena Noite";"Crescente";"Nevoeiro/Neblina";"Dupla";"Retorno Regulamentado";"Não";1;0;1;0;0;0;1;1;-25,51267887;-49,12909806;"SPRF-PR";"DEL01-PR";"UOP01-DEL01-PR"
160946;2018-09-22;"sábado";"01:15:00";"MG";262;444;"NOVA SERRANA";"Falta de Atenção à Condução";"Queda de ocupante de veículo";"Com Vítimas Feridas";"Plena Noite";"Crescente";"Céu Claro";"Dupla";"Reta";"Não";1;0;1;0;0;0;1;1;-19,880623;-44,912323;"SPRF-MG";"DEL08-MG";"UOP03-DEL08-MG"
160947;2018-09-22;"sábado";"00:40:00";"SC";101;163,8;"TIJUCAS";"Ingestão de Álcool";"Colisão com objeto estático";"Com Vítimas Feridas";"Plena Noite";"Decrescente";"Nublado";"Dupla";"Reta";"Sim";2;0;0;2;0;0;2;1;-27,23771791;-48,63030016;"SPRF-SC";"DEL04-SC";"UOP03-DEL04-SC"
160948;2018-09-22;"sábado";"01:50:00";"GO";60;388,5;"RIO VERDE";"Condutor Dormindo";"Colisão com objeto estático";"Sem Vítimas";"Plena Noite";"Decrescente";"Céu Claro";"Dupla";"Reta";"Sim";1;0;0;0;1;0;0;1;-17,8151;-50,9343;"SPRF-GO";"DEL04-GO";"UOP01-DEL04-GO"
160950;2018-09-22;"sábado";"03:00:00";"PR";0;0;"CURITIBA";"Falta de Atenção à Condução";"Colisão frontal";"Sem Vítimas";"Plena Noite";"Não Informado";"Nublado";"Múltipla";"Reta";"Sim";1;0;0;0;0;1;0;1;-25,4977506;-49,2767337;"SPRF-PR";"DEL01-PR";"UOP01-DEL01-PR"
160953;2018-09-22;"sábado";"02:30:00";"CE";116;0,1;"FORTALEZA";"Ingestão de Álcool";"Capotamento";"Sem Vítimas";"Plena Noite";"Decrescente";"Céu Claro";"Dupla";"Reta";"Sim";1;0;0;0;1;0;0;1;-3,7614;-38,5188;"SPRF-CE";"DEL01-CE";"UOP02-DEL01-CE"
160956;2018-09-22;"sábado";"03:45:00";"SC";101;138;"BALNEARIO CAMBORIU";"Desobediência às normas de trânsito pelo condutor";"Colisão frontal";"Com Vítimas Feridas";"Plena Noite";"Crescente";"Céu Claro";"Simples";"Reta";"Sim";2;0;0;1;1;0;1;2;-27,032;-48,6051;"SPRF-SC";"DEL04-SC";"UOP03-DEL04-SC"
160957;2018-09-22;"sábado";"04:00:00";"PE";101;70,9;"RECIFE";"Falta de Atenção à Condução";"Queda de ocupante de veículo";"Com Vítimas Feridas";"Amanhecer";"Decrescente";"Céu Claro";"Simples";"Em Obras;Reta";"Não";1;0;0;1;0;0;1;1;-8,0778;-34,9429;"SPRF-PE";"DEL01-PE";"UOP01-DEL01-PE"
160958;2018-09-22;"sábado";"03:50:00";"SC";101;133;"BALNEARIO CAMBORIU";"Ingestão de Álcool";"Tombamento";"Com Vítimas Feridas";"Plena Noite";"Decrescente";"Céu Claro";"Simples";"Reta";"Sim";2;0;2;0;0;0;2;1;-27,0021;-48,6362;"SPRF-SC";"DEL04-SC";"UOP03-DEL04-SC"
160959;2018-09-22;"sábado";"04:20:00";"CE";20;320,7;"CARIDADE";"Condutor Dormindo";"Capotamento";"Com Vítimas Feridas";"Amanhecer";"Decrescente";"Céu Claro";"Simples";"Curva";"Não";1;0;1;0;0;0;1;1;-4,266428;-39,222392;"SPRF-CE";"DEL02-CE";"UOP01-DEL02-CE"
160960;2018-09-22;"sábado";"02:55:00";"MT";174;6;"PONTES E LACERDA";"Ingestão de álcool e/ou substâncias psicoativas pelo pedestre";"Colisão lateral";"Com Vítimas Feridas";"Plena Noite";"Crescente";"Céu Claro";"Simples";"Reta";"Sim";3;0;2;0;1;0;2;2;-15,22257669;-59,35157776;"SPRF-MT";"DEL03-MT";"UOP01-DEL03-MT"
160961;2018-09-22;"sábado";"05:20:00";"ES";101;159,1;"LINHARES";"Falta de Atenção à Condução";"Colisão transversal";"Com Vítimas Feridas";"Amanhecer";"Crescente";"Céu Claro";"Simples";"Interseção de Vias";"Não";2;0;1;0;1;0;1;2;-19,47011792;-40,1110001;"SPRF-ES";"DEL04-ES";"UOP01-DEL04-ES"
160962;2018-09-22;"sábado";"05:00:00";"MG";40;474;"SETE LAGOAS";"Falta de Atenção à Condução";"Capotamento";"Sem Vítimas";"Amanhecer";"Crescente";"Céu Claro";"Dupla";"Reta";"Não";1;0;0;0;0;1;0;1;-19,478866;-44,2905188;"SPRF-MG";"DEL02-MG";"UOP01-DEL02-MG"
160964;2018-09-22;"sábado";"04:30:00";"SP";116;224,3;"GUARULHOS";"Falta de Atenção à Condução";"Colisão com objeto estático";"Sem Vítimas";"Plena Noite";"Decrescente";"Nublado";"Múltipla";"Reta";"Sim";1;0;0;0;0;1;0;1;-23,48481764;-46,53903008;"SPRF-SP";"DEL01-SP";"UOP01-DEL01-SP"
160965;2018-09-22;"sábado";"05:00:00";"SP";381;84;"SAO PAULO";"Falta de Atenção do Pedestre";"Atropelamento de Pedestre";"Com Vítimas Fatais";"Amanhecer";"Crescente";"Céu Claro";"Dupla";"Reta";"Sim";2;1;0;0;0;1;0;2;-23,44907348;-46,56967163;"SPRF-SP";"DEL03-SP";"DEL6/3-UOP03/SP"
160966;2018-09-22;"sábado";"05:35:00";"RS";290;73,8;"GRAVATAI";"Ingestão de Álcool";"Saída de leito carroçável";"Sem Vítimas";"Amanhecer";"Decrescente";"Céu Claro";"Dupla";"Reta";"Sim";2;0;0;0;2;0;0;1;-29,95433033;-51,00080338;"SPRF-RS";"DEL03-RS";"UOP02-DEL03-RS"
160967;2018-09-22;"sábado";"06:15:00";"PR";277;727,6;"FOZ DO IGUACU";"Ingestão de Álcool";"Capotamento";"Com Vítimas Feridas";"Amanhecer";"Crescente";"Céu Claro";"Dupla";"Reta";"Sim";1;0;1;0;0;0;1;1;-25,5105698;-54,57010031;"SPRF-PR";"DEL05-PR";"UOP03-DEL05-PR"
160968;2018-09-22;"sábado";"04:55:00";"SC";163;70,8;"SAO MIGUEL DO OESTE";"Condutor Dormindo";"Saída de leito carroçável";"Sem Vítimas";"Plena Noite";"Crescente";"Céu Claro";"Simples";"Curva";"Sim";1;0;0;0;1;0;0;1;-26,734585;-53,506851;"SPRF-SC";"DEL07-SC";"UOP03-DEL07-SC"
160970;2018-09-22;"sábado";"05:30:00";"RS";285;371,8;"SALDANHA MARINHO";"Falta de Atenção à Condução";"Colisão frontal";"Sem Vítimas";"Amanhecer";"Decrescente";"Céu Claro";"Simples";"Reta";"Não";2;0;0;0;2;0;0;2;-28,412523;-53,096932;"SPRF-RS";"DEL08-RS";"UOP03-DEL08-RS"