"id";"data_inversa";"dia_semana";"horario";"uf";"br";"km";"municipio";"causa_acidente";"tipo_acidente";"classificacao_acidente";"fase_dia";"sentido_via";"condicao_metereologica";"tipo_pista";"tracado_via";"uso_solo";"pessoas";"mortos";"feridos_leves";"feridos_graves";"ilesos";"ignorados";"feridos";"veiculos";"latitude";"longitude";"regional";"delegacia";"uop"
160972;2018-09-22;"sábado";"05:50:00";"MG";381;821,5;"CAREACU";"Velocidade Incompatível";"Saída de leito carroçável";"Com Vítimas Feridas";"Amanhecer";"Decrescente";"Nevoeiro/Neblina";"Dupla";"Curva";"Não";2;0;1;0;1;0;1;1;-22,0854;-45,7026;"SPRF-MG";"DEL16-MG";"UOP02-DEL16-MG"
160974;2018-09-22;"sábado";"00:05:00";"RS";153;371,4;"CACHOEIRA DO SUL";"Falta de Atenção à Condução";"Colisão frontal";"Com Vítimas Fatais";"Plena Noite";"Crescente";"Céu Claro";"Simples";"Reta;Aclive";"Não";8;2;0;5;0;1;5;3;-29,78046968;-52,97195435;"SPRF-RS";"DEL02-RS";"UOP02-DEL02-RS"
160977;2018-09-22;"sábado";"05:45:00";"RS";116;326;"CAMAQUA";"Velocidade Incompatível";"Colisão com objeto estático";"Sem Vítimas";"Amanhecer";"Decrescente";"Nevoeiro/Neblina";"Simples";"Interseção de Vias";"Sim";2;0;0;0;0;2;0;2;-30,8718775;-51,80791855;"SPRF-RS";"DEL02-RS";"UOP01-DEL02-RS"
160978;2018-09-22;"sábado";"05:40:00";"MS";262;771,3;"CORUMBA";"Desobediência às normas de trânsito pelo condutor";"Colisão frontal";"Com Vítimas Fatais";"Pleno dia";"Crescente";"Sol";"Simples";"Curva";"Sim";2;1;1;0;0;0;1;2;-19,03498;-57,65005;"SPRF-MS";"DEL03-MS";"UOP03-DEL03-MS"
160981;2018-09-22;"sábado";"05:00:00";"RJ";116;184;"NOVA IGUACU";"Ingestão de Álcool";"Colisão traseira";"Sem Vítimas";"Amanhecer";"Crescente";"Nublado";"Dupla";"Reta";"Sim";2;0;0;0;1;1;0;2;-22,74035698;-43,49860668;"SPRF-RJ";"DEL01-RJ";"UOP03-DEL01-RJ"
160982;2018-09-22;"sábado";"00:05:00";"PR";158;498,7;"CORONEL VIVIDA";"Velocidade Incompatível";"Colisão com objeto estático";"Sem Vítimas";"Plena Noite";"Decrescente";"Céu Claro";"Simples";"Curva;Aclive";"Não";2;0;0;0;2;0;0;1;-26,04136051;-52,61701584;"SPRF-PR";"DEL02-PR";"UOP01-DEL02-PR"
160983;2018-04-14;"sábado";"06:45:00";"BA";101;479,5;"URUCUCA";"Velocidade Incompatível";"Saída de leito carroçável";"Com Vítimas Fatais";"Pleno dia";"Crescente";"Garoa/Chuvisco";"Dupla";"Curva";"Não";2;1;0;1;0;0;1;1;-14,6103;-39,3301;"SPRF-BA";"DEL05-BA";"UOP01-DEL05-BA"
160985;2018-09-22;"sábado";"06:00:00";"PA";316;49,8;"SANTA IZABEL DO PARA";"Falta de Atenção à Condução";"Saída de leito carroçável";"Com Vítimas Feridas";"Amanhecer";"Decrescente";"Nublado";"Dupla";"Curva";"Não";3;0;2;0;1;0;2;1;-1,30681448;-48,03955436;"SPRF-PA";"DEL01-PA";"UOP01-DEL01-PA"
160986;2018-07-08;"domingo";"20:30:00";"PI";316;13;"TERESINA";"Falta de Atenção à Condução";"Saída de leito carroçável";"Com Vítimas Feridas";"Plena Noite";"Decrescente";"Ignorado";"Simples";"Reta;Em Obras";"Não";1;0;0;1;0;0;1;1;-5,21616712;-42,75335759;"SPRF-PI";"DEL01-PI";"UOP02-DEL01-PI"
160987;2018-09-22;"sábado";"08:05:00";"SC";101;136;"BALNEARIO CAMBORIU";"Velocidade Incompatível";"Colisão traseira";"Com Vítimas Feridas";"Pleno dia";"Decrescente";"Céu Claro";"Dupla";"Reta";"Sim";5;0;1;0;4;0;1;5;-27,0158;-48,6117;"SPRF-SC";"DEL04-SC";"UOP03-DEL04-SC"
160991;2018-09-22;"sábado";"06:40:00";"GO";153;506,3;"APARECIDA DE GOIANIA";"Não guardar distância de segurança";"Tombamento";"Com Vítimas Feridas";"Pleno dia";"Decrescente";"Sol";"Dupla";"Reta";"Sim";1;0;1;0;0;0;1;1;-16,7633;-49,24;"SPRF-GO";"DEL01-GO";"UOP01-DEL01-GO"
160992;2018-09-22;"sábado";"07:50:00";"RJ";40;0,4;"COMENDADOR LEVY GASPARIAN";"Falta de Atenção à Condução";"Colisão com objeto estático";"Com Vítimas Feridas";"Pleno dia";"Crescente";"Nublado";"Dupla";"Curva";"Não";1;0;1;0;0;0;1;1;-22,00918833;-43,26314628;"SPRF-RJ";"DEL06-RJ";"UOP02-DEL05-RJ"
160993;2018-02-10;"sábado";"11:20:00";"ES";447;13,2;"VILA VELHA";"Falta de Atenção à Condução";"Colisão lateral";"Com Vítimas Feridas";"Pleno dia";"Decrescente";"Céu Claro";"Dupla";"Reta";"Sim";2;0;0;1;0;1;1;2;-20,34322329;-40,32907248;"SPRF-ES";"DEL01-ES";"UOP01-DEL01-ES"
160995;2018-09-22;"sábado";"06:30:00";"PR";476;130;"CURITIBA";"Desobediência às normas de trânsito pelo condutor";"Colisão traseira";"Com Vítimas Feridas";"Amanhecer";"Decrescente";"Céu Claro";"Dupla";"Reta";"Sim";3;0;2;0;1;0;2;2;-25,449564;-49,236427;"SPRF-PR";"DEL01-PR";"UOP07-DEL01-PR"
160997;2018-09-22;"sábado";"08:05:00";"RJ";40;104;"DUQUE DE CAXIAS";"Falta de Atenção à Condução";"Colisão traseira";"Com Vítimas Feridas";"Pleno dia";"Crescente";"Nublado";"Dupla";"Reta";"Sim";2;0;1;0;1;0;1;2;-22,63607513;-43,28479171;"SPRF-RJ";"DEL01-RJ";"UOP01-DEL01-RJ"
160998;2018-09-22;"sábado";"07:30:00";"MG";365;621;"UBERLANDIA";"Não guardar distância de segurança";"Colisão traseira";"Com Vítimas Feridas";"Pleno dia";"Decrescente";"Sol";"Múltipla";"Aclive;Reta;Em Obras";"Sim";2;0;1;0;1;0;1;2;-18,89362388;-48,27173257;"SPRF-MG";"DEL15-MG";"UOP01-DEL15-MG"
160999;2018-09-22;"sábado";"07:00:00";"SC";470;22,1;"ILHOTA";"Ingestão de Álcool";"Colisão transversal";"Com Vítimas Fatais";"Amanhecer";"Crescente";"Céu Claro";"Simples";"Reta";"Não";4;2;0;2;0;0;2;2;-26,88087086;-48,84551525;"SPRF-SC";"DEL04-SC";"UOP04-DEL04-SC"
161000;2018-09-22;"sábado";"08:10:00";"MG";381;810,4;"CAREACU";"Falta de Atenção à Condução";"Colisão traseira";"Com Vítimas Feridas";"Pleno dia";"Crescente";"Sol";"Dupla";"Reta";"Não";4;0;3;0;1;0;3;2;-21,9983;-45,6738;"SPRF-MG";"DEL16-MG";"UOP02-DEL16-MG"
161001;2018-09-22;"sábado";"08:50:00";"RS";116;236;"ESTANCIA VELHA";"Desobediência às normas de trânsito pelo condutor";"Colisão traseira";"Sem Vítimas";"Pleno dia";"Crescente";"Sol";"Dupla";"Reta";"Sim";2;0;0;0;2;0;0;2;-29,669394;-51,143047;"SPRF-RS";"DEL01-RS";"UOP02-DEL01-RS"
161002;2018-09-22;"sábado";"08:30:00";"ES";262;20,7;"VIANA";"Ingestão de Álcool";"Colisão traseira";"Sem Vítimas";"Pleno dia";"Crescente";"Céu Claro";"Simples";"Reta";"Sim";2;0;0;0;2;0;0;2;-20,38323572;-40,50072757;"SPRF-ES";"DEL01-ES";"UOP01-DEL01-ES"
161003;2018-09-22;"sábado";"09:00:00";"MG";262;452;"NOVA SERRANA";"Falta de Atenção à Condução";"Saída de leito carroçável";"Com Vítimas Feridas";"Pleno dia";"Decrescente";"Céu Claro";"Simples";"Reta";"Não";2;0;1;0;1;0;1;1;-19,859983;-45,006966;"SPRF-MG";"DEL08-MG";"UOP03-DEL08-MG"
161005;2018-09-22;"sábado";"08:30:00";"AP";210;3;"MACAPA";"Falta de Atenção do Pedestre";"Atropelamento de Pedestre";"Com Vítimas Feridas";"Pleno dia";"Crescente";"Céu Claro";"Simples";"Reta";"Não";2;0;1;0;1;0;1;2;0,087255;-51,085796;"SPRF-AP";"DEL01-AP";"UOP01-DEL01-AP"
161006;2018-09-22;"sábado";"07:00:00";"RO";364;237,9;"CACOAL";"Desobediência às normas de trânsito pelo condutor";"Colisão lateral";"Com Vítimas Feridas";"Pleno dia";"Crescente";"Céu Claro";"Simples";"Reta";"Sim";2;0;1;0;1;0;1;2;-11,443406;-61,446743;"SPRF-RO";"DEL02-RO";"UOP02-DEL02-RO"
161007;2018-09-22;"sábado";"06:30:00";"RJ";101;279;"TANGUA";"Desobediência às normas de trânsito pelo condutor";"Colisão traseira";"Com Vítimas Feridas";"Amanhecer";"Decrescente";"Céu Claro";"Dupla";"Reta";"Sim";4;0;2;0;2;0;2;2;-22,738358;-42,767532;"SPRF-RJ";"DEL02-RJ";"UOP03-DEL02-RJ"
161008;2018-09-22;"sábado";"01:20:00";"PR";476;207,8;"LAPA";"Ingestão de Álcool";"Capotamento";"Com Vítimas Feridas";"Plena Noite";"Decrescente";"Céu Claro";"Simples";"Curva";"Não";1;0;0;1;0;0;1;1;-25,775969;-49,82312;"SPRF-PR";"DEL02-PR";"UOP04-DEL02-PR"
161010;2018-09-22;"sábado";"09:30:00";"PR";376;228,5;"APUCARANA";"Mal Súbito";"Saída de leito carroçável";"Com Vítimas Feridas";"Pleno dia";"Crescente";"Sol";"Dupla";"Reta";"Não";1;0;1;0;0;0;1;1;-23,57676114;-51,55269027;"SPRF-PR";"DEL07-PR";"UOP03-DEL07-PR"
161011;2018-09-22;"sábado";"08:45:00";"PR";376;108;"PARANAVAI";"Falta de Atenção à Condução";"Colisão transversal";"Com Vítimas Feridas";"Pleno dia";"Decrescente";"Céu Claro";"Simples";"Reta;Em Obras";"Não";4;0;2;0;0;2;2;2;-23,07373386;-52,41920462;"SPRF-PR";"DEL07-PR";"UOP02-DEL09-PR"
161013;2018-09-22;"sábado";"10:00:00";"ES";101;263,5;"SERRA";"Falta de Atenção à Condução";"Colisão transversal";"Com Vítimas Feridas";"Pleno dia";"Crescente";"Céu Claro";"Dupla";"Reta";"Não";2;0;1;0;1;0;1;2;-20,17175605;-40,26880682;"SPRF-ES";"DEL02-ES";"UOP01-DEL02-ES"
161014;2018-09-22;"sábado";"10:30:00";"CE";116;20;"EUSEBIO";"Não guardar distância de segurança";"Queda de ocupante de veículo";"Com Vítimas Feridas";"Pleno dia";"Crescente";"Céu Claro";"Dupla";"Reta";"Sim";1;0;1;0;0;0;1;1;-3,92327293;-38,50765228;"SPRF-CE";"DEL01-CE";"UOP02-DEL01-CE"
161015;2018-09-22;"sábado";"10:20:00";"MG";40;35,5;"PARACATU";"Falta de Atenção à Condução";"Saída de leito carroçável";"Sem Vítimas";"Pleno dia";"Decrescente";"Céu Claro";"Simples";"Curva";"Não";1;0;0;0;1;0;0;1;-17,19294676;-46,91239357;"SPRF-MG";"DEL14-MG";"UOP01-DEL14-MG"
161016;2018-09-22;"sábado";"11:00:00";"RS";116;235,9;"NOVO HAMBURGO";"Falta de Atenção do Pedestre";"Atropelamento de Pedestre";"Com Vítimas Feridas";"Pleno dia";"Crescente";"Céu Claro";"Dupla";"Reta";"Sim";2;0;0;1;1;0;1;2;-29,6629366;-51,14377708;"SPRF-RS";"DEL01-RS";"UOP02-DEL01-RS"
161017;2018-09-22;"sábado";"10:15:00";"MG";116;278;"TEOFILO OTONI";"Falta de Atenção à Condução";"Colisão traseira";"Com Vítimas Feridas";"Pleno dia";"Crescente";"Céu Claro";"Múltipla";"Reta";"Sim";2;0;1;0;1;0;1;2;-17,86543442;-41,516369;"SPRF-MG";"DEL11-MG";"UOP01-DEL11-MG"
161018;2018-09-22;"sábado";"10:30:00";"PE";232;408;"SERRA TALHADA";"Falta de Atenção à Condução";"Colisão transversal";"Com Vítimas Feridas";"Pleno dia";"Crescente";"Céu Claro";"Simples";"Reta";"Sim";3;0;1;2;0;0;3;2;-7,981944;-38,289467;"SPRF-PE";"DEL04-PE";"UOP01-DEL04-PE"
161019;2018-09-22;"sábado";"10:20:00";"MG";262;172;"SAO DOMINGOS DO PRATA";"Desobediência às normas de trânsito pelo condutor";"Colisão transversal";"Com Vítimas Feridas";"Pleno dia";"Crescente";"Céu Claro";"Simples";"Reta";"Não";2;0;1;0;1;0;1;2;-19,94426525;-42,9366222;"SPRF-MG";"DEL03-MG";"UOP01-DEL03-MG"
161021;2018-09-22;"sábado";"09:41:00";"TO";153;337;"GUARAI";"Falta de Atenção do Pedestre";"Atropelamento de Pedestre";"Com Vítimas Fatais";"Pleno dia";"Decrescente";"Céu Claro";"Simples";"Reta";"Não";5;1;0;0;4;0;0;2;-8,86170387;-48,50838852;"SPRF-TO";"DEL02-TO";"UOP02-DEL02-TO"
161023;2018-09-22;"sábado";"10:10:00";"RJ";101;295;"ITABORAI";"Falta de Atenção à Condução";"Colisão traseira";"Com Vítimas Feridas";"Pleno dia";"Decrescente";"Céu Claro";"Dupla";"Reta";"Não";3;0;1;0;2;0;1;3;-22,763668;-42,90226;"SPRF-RJ";"DEL02-RJ";"DEL5/2-UOP04/RJ"
161025;2018-09-22;"sábado";"09:45:00";"RO";364;425;"JARU";"Falta de Atenção à Condução";"Colisão com objeto estático";"Com Vítimas Feridas";"Pleno dia";"Decrescente";"Céu Claro";"Simples";"Reta";"Sim";1;0;1;0;0;0;1;1;-10,437518;-62,471706;"SPRF-RO";"DEL03-RO";"UOP02-DEL03-RO"
161027;2018-09-22;"sábado";"05:00:00";"RO";364;387,8;"OURO PRETO DO OESTE";"Falta de Atenção à Condução";"Queda de ocupante de veículo";"Com Vítimas Feridas";"Amanhecer";"Decrescente";"Nublado";"Simples";"Reta";"Não";1;0;0;1;0;0;1;1;-10,68867;-62,272828;"SPRF-RO";"DEL03-RO";"UOP02-DEL03-RO"
161029;2018-09-22;"sábado";"12:10:00";"RS";116;234;"ESTANCIA VELHA";"Desobediência às normas de trânsito pelo condutor";"Colisão traseira";"Com Vítimas Feridas";"Pleno dia";"Crescente";"Sol";"Dupla";"Reta";"Sim";2;0;1;0;1;0;1;2;-29,651213;-51,144444;"SPRF-RS";"DEL01-RS";"UOP02-DEL01-RS"
161030;2018-09-22;"sábado";"12:20:00";"BA";324;621;"SALVADOR";"Avarias e/ou desgaste excessivo no pneu";"Queda de ocupante de veículo";"Com Vítimas Feridas";"Pleno dia";"Crescente";"Nublado";"Múltipla";"Curva";"Sim";2;0;2;0;0;0;2;1;-12,9216889;-38,4661186;"SPRF-BA";"DEL01-BA";"UOP01-DEL01-BA"
161033;2018-09-22;"sábado";"13:00:00";"PR";369;177;"ROLANDIA";"Falta de Atenção à Condução";"Colisão lateral";"Com Vítimas Feridas";"Pleno dia";"Decrescente";"Sol";"Simples";"Interseção de Vias";"Sim";2;0;1;0;0;1;1;2;-23,33701514;-51,38833523;"SPRF-PR";"DEL07-PR";"UOP01-DEL07-PR"
161034;2018-09-22;"sábado";"13:10:00";"BA";324;618;"SALVADOR";"Falta de Atenção à Condução";"Queda de ocupante de veículo";"Com Vítimas Feridas";"Pleno dia";"Crescente";"Céu Claro";"Múltipla";"Reta";"Sim";2;0;1;0;1;0;1;2;-12,9098095;-38,4582388;"SPRF-BA";"DEL01-BA";"UOP01-DEL01-BA"
161035;2018-08-25;"sábado";"17:18:00";"ES";262;5,3;"CARIACICA";"Falta de Atenção à Condução";"Colisão com objeto estático";"Com Vítimas Feridas";"Pleno dia";"Decrescente";"Ignorado";"Múltipla";"Reta";"Sim";1;0;0;1;0;0;1;1;-20,33737622;-40,39054723;"SPRF-ES";"DEL01-ES";"UOP01-DEL01-ES"
161036;2018-09-22;"sábado";"12:50:00";"PR";277;453,9;"LARANJEIRAS DO SUL";"Desobediência às normas de trânsito pelo condutor";"Colisão transversal";"Com Vítimas Feridas";"Pleno dia";"Decrescente";"Céu Claro";"Simples";"Declive;Curva;Rotatória;Interseção de Vias";"Sim";3;0;1;0;2;0;1;2;-25,38564477;-52,41104543;"SPRF-PR";"DEL04-PR";"UOP02-DEL04-PR"
161037;2018-09-22;"sábado";"11:40:00";"AC";364;137,9;"RIO BRANCO";"Falta de Atenção à Condução";"Colisão lateral";"Com Vítimas Feridas";"Pleno dia";"Crescente";"Céu Claro";"Dupla";"Reta";"Sim";2;0;1;0;1;0;1;2;-9,969359;-67,852646;"SPRF-AC";"DEL01-AC";"UOP01-DEL01-AC"
161038;2018-09-22;"sábado";"13:30:00";"DF";70;18,6;"BRASILIA";"Ingestão de Álcool";"Colisão transversal";"Sem Vítimas";"Pleno dia";"Crescente";"Céu Claro";"Dupla";"Retorno Regulamentado";"Não";9;0;0;0;9;0;0;2;-15,78938868;-48,21683848;"SPRF-DF";"DEL01-DF";"UOP02-DEL03-DF"
161039;2018-09-22;"sábado";"13:30:00";"DF";40;3;"BRASILIA";"Falta de Atenção à Condução";"Saída de leito carroçável";"Com Vítimas Feridas";"Pleno dia";"Crescente";"Céu Claro";"Dupla";"Reta";"Sim";1;0;1;0;0;0;1;1;-16,003145;-47,983944;"SPRF-DF";"DEL01-DF";"UOP01-DEL01-DF"
161041;2018-09-22;"sábado";"13:10:00";"CE";116;15;"FORTALEZA";"Carga excessiva e/ou mal acondicionada";"Tombamento";"Com Vítimas Feridas";"Pleno dia";"Crescente";"Céu Claro";"Dupla";"Reta";"Sim";1;0;0;1;0;0;1;1;-3,891;-38,502;"SPRF-CE";"DEL01-CE";"UOP02-DEL01-CE"
161043;2018-09-22;"sábado";"13:15:00";"SC";280;127;"RIO NEGRINHO";"Desobediência às normas de trânsito pelo condutor";"Colisão traseira";"Com Vítimas Feridas";"Pleno dia";"Decrescente";"Céu Claro";"Simples";"Reta";"Sim";2;0;1;0;1;0;1;2;-26,239437;-49,504192;"SPRF-SC";"DEL06-SC";"UOP03-DEL06-SC"
161044;2018-08-25;"sábado";"13:30:00";"GO";60;347;"SANTO ANTONIO DA BARRA";"Velocidade Incompatível";"Saída de leito carroçável";"Com Vítimas Feridas";"Pleno dia";"Crescente";"Chuva";"Dupla";"Reta";"Não";1;0;1;0;0;0;1;1;-17,5685;-50,6677;"SPRF-GO";"DEL04-GO";"UOP01-DEL04-GO"
161046;2018-09-22;"sábado";"14:25:00";"GO";60;114;"TEREZOPOLIS DE GOIAS";"Condutor Dormindo";"Colisão com objeto estático";"Com Vítimas Feridas";"Pleno dia";"Crescente";"Sol";"Dupla";"Reta";"Não";5;0;4;0;1;0;4;1;-16,4633;-49,0636;"SPRF-GO";"DEL01-GO";"UOP01-DEL01-GO"
161047;2018-09-22;"sábado";"14:55:00";"SC";101;206;"SAO JOSE";"Não guardar distância de segurança";"Colisão traseira";"Com Vítimas Feridas";"Pleno dia";"Decrescente";"Céu Claro";"Múltipla";"Reta";"Sim";2;0;1;0;1;0;1;2;-27,6001;-48,6225;"SPRF-SC";"DEL01-SC";"UOP01-DEL01-SC"
161049;2018-09-22;"sábado";"15:00:00";"RS";116;236;"NOVO HAMBURGO";"Não guardar distância de segurança";"Colisão traseira";"Com Vítimas Feridas";"Pleno dia";"Decrescente";"Céu Claro";"Dupla";"Reta";"Sim";2;0;0;1;1;0;1;2;-29,67164731;-51,14281654;"SPRF-RS";"DEL01-RS";"UOP02-DEL01-RS"
161050;2018-09-22;"sábado";"15:55:00";"RS";116;236;"NOVO HAMBURGO";"Não guardar distância de segurança";"Colisão traseira";"Sem Vítimas";"Pleno dia";"Decrescente";"Céu Claro";"Múltipla";"Reta";"Sim";2;0;0;0;2;0;0;2;-29,67209476;-51,14273071;"SPRF-RS";"DEL01-RS";"UOP02-DEL01-RS"
161051;2018-09-22;"sábado";"15:45:00";"RS";471;174,2;"RIO PARDO";"Falta de Atenção do Pedestre";"Atropelamento de Pedestre";"Com Vítimas Feridas";"Pleno dia";"Crescente";"Sol";"Simples";"Reta";"Sim";3;0;3;0;0;0;3;2;-29,98344955;-52,36892402;"SPRF-RS";"DEL02-RS";"UOP02-DEL02-RS"
161054;2018-09-22;"sábado";"16:15:00";"CE";222;7,5;"CAUCAIA";"Falta de Atenção à Condução";"Colisão traseira";"Com Vítimas Feridas";"Pleno dia";"Crescente";"Céu Claro";"Dupla";"Reta";"Não";2;0;1;0;1;0;1;2;-3,73806134;-38,64353478;"SPRF-CE";"DEL01-CE";"UOP01-DEL01-CE"
161055;2018-09-22;"sábado";"15:38:00";"MG";50;132,1;"UBERABA";"Falta de Atenção à Condução";"Colisão com objeto estático";"Com Vítimas Feridas";"Pleno dia";"Crescente";"Céu Claro";"Dupla";"Reta";"Não";2;0;0;2;0;0;2;1;-19,4087;-48,0753;"SPRF-MG";"DEL13-MG";"UOP01-DEL13-MG"
161056;2018-09-22;"sábado";"16:10:00";"RN";101;72,9;"EXTREMOZ";"Desobediência às normas de trânsito pelo condutor";"Colisão transversal";"Com Vítimas Feridas";"Pleno dia";"Decrescente";"Sol";"Simples";"Interseção de Vias";"Não";3;0;1;0;2;0;1;2;-5,70449158;-35,26567562;"SPRF-RN";"DEL02-RN";"UOP01-DEL02-RN"
161059;2018-09-22;"sábado";"16:20:00";"SC";101;121,9;"ITAJAI";"Desobediência às normas de trânsito pelo condutor";"Colisão transversal";"Com Vítimas Feridas";"Pleno dia";"Decrescente";"Sol";"Múltipla";"Interseção de Vias";"Sim";2;0;1;0;1;0;1;2;-26,9370881;-48,69749986;"SPRF-SC";"DEL04-SC";"UOP04-DEL04-SC"
161060;2018-09-22;"sábado";"15:20:00";"BA";101;437,9;"UBAITABA";"Ultrapassagem Indevida";"Colisão frontal";"Com Vítimas Fatais";"Pleno dia";"Crescente";"Céu Claro";"Simples";"Aclive";"Não";4;2;1;0;0;1;1;3;-14,2545;-39,3224;"SPRF-BA";"DEL05-BA";"UOP01-DEL05-BA"
161061;2018-09-22;"sábado";"16:30:00";"SC";282;0,4;"FLORIANOPOLIS";"Não guardar distância de segurança";"Colisão traseira";"Com Vítimas Feridas";"Pleno dia";"Crescente";"Céu Claro";"Dupla";"Reta";"Não";3;0;2;0;1;0;2;2;-27,59940524;-48,5753935;"SPRF-SC";"DEL01-SC";"UOP01-DEL01-SC"
161069;2018-09-22;"sábado";"12:00:00";"AP";156;798,7;"OIAPOQUE";"Velocidade Incompatível";"Colisão lateral";"Com Vítimas Feridas";"Pleno dia";"Crescente";"Sol";"Simples";"Declive";"Não";5;0;1;0;4;0;1;2;3,83136993;-51,79504395;"SPRF-AP";"DEL01-AP";"UOP03-DEL01-AP"
161070;2018-09-22;"sábado";"17:45:00";"SC";101;202;"SAO JOSE";"Ingestão de Álcool";"Colisão traseira";"Sem Vítimas";"Pleno dia";"Decrescente";"Céu Claro";"Múltipla";"Reta";"Sim";2;0;0;0;2;0;0;2;-27,5651;-48,6144;"SPRF-SC";"DEL01-SC";"UOP01-DEL01-SC"
161072;2018-09-22;"sábado";"18:20:00";"PE";104;70,8;"CARUARU";"Ingestão de Álcool";"Saída de leito carroçável";"Com Vítimas Feridas";"Plena Noite";"Decrescente";"Céu Claro";"Simples";"Curva";"Não";1;0;1;0;0;0;1;1;-8,335324;-35,980446;"SPRF-PE";"DEL02-PE";"UOP01-DEL02-PE"
161074;2018-09-22;"sábado";"17:35:00";"SE";101;186,7;"UMBAUBA";"Desobediência às normas de trânsito pelo condutor";"Colisão transversal";"Com Vítimas Fatais";"Anoitecer";"Crescente";"Céu Claro";"Simples";"Curva";"Não";3;2;0;0;0;1;0;2;-11,40302922;-37,68909216;"SPRF-SE";"DEL02-SE";"UOP03-DEL02-SE"
161075;2018-09-22;"sábado";"15:30:00";"RO";421;26;"MONTE NEGRO";"Falta de Atenção à Condução";"Colisão traseira";"Com Vítimas Feridas";"Pleno dia";"Crescente";"Céu Claro";"Simples";"Reta";"Não";3;0;0;1;2;0;1;2;-10,20377205;-63,24022293;"SPRF-RO";"DEL03-RO";"DEL21/3-UOP04/RO"
161076;2018-09-22;"sábado";"18:55:00";"SC";470;71;"INDAIAL";"Falta de Atenção do Pedestre";"Atropelamento de Pedestre";"Com Vítimas Feridas";"Plena Noite";"Decrescente";"Céu Claro";"Simples";"Reta";"Não";2;0;1;0;1;0;1;2;-26,89766246;-49,26476061;"SPRF-SC";"DEL04-SC";"UOP01-DEL04-SC"
161078;2018-09-22;"sábado";"18:55:00";"DF";20;20;"BRASILIA";"Ingestão de Álcool";"Atropelamento de Pedestre";"Com Vítimas Feridas";"Plena Noite";"Crescente";"Céu Claro";"Dupla";"Reta";"Sim";2;0;1;0;1;0;1;2;-15,60192138;-47,68204716;"SPRF-DF";"DEL02-DF";"UOP01-DEL02-DF"
161079;2018-09-22;"sábado";"18:35:00";"RS";116;265;"CANOAS";"Falta de Atenção à Condução";"Colisão traseira";"Com Vítimas Feridas";"Plena Noite";"Decrescente";"Céu Claro";"Múltipla";"Reta";"Sim";2;0;1;0;1;0;1;2;-29,92642997;-51,17759407;"SPRF-RS";"DEL01-RS";"UOP01-DEL01-RS"
161080;2018-09-22;"sábado";"19:00:00";"ES";101;212,8;"IBIRACU";"Falta de Atenção à Condução";"Saída de leito carroçável";"Com Vítimas Feridas";"Plena Noite";"Crescente";"Nublado";"Simples";"Reta";"Sim";1;0;1;0;0;0;1;1;-19,82226591;-40,36994398;"SPRF-ES";"DEL02-ES";"UOP01-DEL02-ES"
161081;2018-09-22;"sábado";"19:00:00";"BA";110;142;"CICERO DANTAS";"Animais na Pista";"Atropelamento de Animal";"Com Vítimas Feridas";"Plena Noite";"Crescente";"Nublado";"Simples";"Reta";"Sim";1;0;1;0;0;0;1;1;-10,6133687;-38,39309692;"SPRF-BA";"DEL07-BA";"UOP02-DEL07-BA"
161082;2018-09-22;"sábado";"15:15:00";"MT";163;790;"VERA";"Ingestão de Álcool";"Saída de leito carroçável";"Sem Vítimas";"Pleno dia";"Crescente";"Chuva";"Simples";"Declive;Reta";"Não";1;0;0;0;1;0;0;1;-12,22074333;-55,54224014;"SPRF-MT";"DEL06-MT";"UOP01-DEL06-MT"
161083;2018-09-22;"sábado";"17:50:00";"RS";153;15,9;"SEVERIANO DE ALMEIDA";"Falta de Atenção à Condução";"Colisão frontal";"Com Vítimas Feridas";"Pleno dia";"Crescente";"Céu Claro";"Simples";"Curva";"Sim";2;0;1;0;1;0;1;2;-27,4374346;-52,0850496;"SPRF-RS";"DEL08-RS";"UOP04-DEL08-RS"
161084;2018-09-22;"sábado";"19:00:00";"ES";101;294,2;"CARIACICA";"Ingestão de Álcool";"Colisão traseira";"Com Vítimas Feridas";"Plena Noite";"Decrescente";"Céu Claro";"Dupla";"Reta";"Sim";2;0;1;0;1;0;1;2;-20,32547237;-40,39609551;"SPRF-ES";"DEL01-ES";"UOP01-DEL01-ES"
161086;2018-09-22;"sábado";"11:45:00";"RS";392;348,3;"SANTA MARIA";"Falta de Atenção à Condução";"Colisão lateral";"Sem Vítimas";"Pleno dia";"Crescente";"Céu Claro";"Simples";"Reta";"Sim";2;0;0;0;2;0;0;2;-29,752571;-53,789837;"SPRF-RS";"DEL09-RS";"UOP01-DEL09-RS"
161090;2018-09-22;"sábado";"17:45:00";"PI";343;348,1;"TERESINA";"Falta de Atenção à Condução";"Colisão transversal";"Sem Vítimas";"Plena Noite";"Decrescente";"Céu Claro";"Simples";"Reta";"Sim";2;0;0;0;2;0;0;2;-5,118706;-42,786411;"SPRF-PI";"DEL01-PI";"UOP01-DEL01-PI"
161091;2018-09-22;"sábado";"17:00:00";"RO";435;85;"COLORADO DO OESTE";"Falta de Atenção à Condução";"Colisão transversal";"Com Vítimas Feridas";"Pleno dia";"Decrescente";"Céu Claro";"Simples";"Reta";"Sim";2;0;1;0;1;0;1;2;-13,118861;-60,531811;"SPRF-RO";"DEL04-RO";"UOP02-DEL04-RO"