"id";"data_inversa";"dia_semana";"horario";"uf";"br";"km";"municipio";"causa_acidente";"tipo_acidente";"classificacao_acidente";"fase_dia";"sentido_via";"condicao_metereologica";"tipo_pista";"tracado_via";"uso_solo";"pessoas";"mortos";"feridos_leves";"feridos_graves";"ilesos";"ignorados";"feridos";"veiculos";"latitude";"longitude";"regional";"delegacia";"uop"
161092;2018-09-22;"sábado";"19:18:00";"RJ";116;45;"TERESOPOLIS";"Falta de Atenção à Condução";"Colisão frontal";"Com Vítimas Feridas";"Plena Noite";"Decrescente";"Céu Claro";"Simples";"Reta";"Sim";2;0;0;1;1;0;1;2;-22,17074053;-42,83067977;"SPRF-RJ";"DEL04-RJ";"UOP01-DEL04-RJ"
161094;2018-09-22;"sábado";"19:30:00";"GO";60;97,5;"ANAPOLIS";"Ultrapassagem Indevida";"Queda de ocupante de veículo";"Com Vítimas Feridas";"Plena Noite";"Crescente";"Céu Claro";"Dupla";"Ponte";"Sim";1;0;0;1;0;0;1;1;-16,3774;-48,9483;"SPRF-GO";"DEL02-GO";"UOP01-DEL02-GO"
161095;2018-09-22;"sábado";"19:45:00";"PR";376;179,6;"MARINGA";"Não guardar distância de segurança";"Colisão traseira";"Com Vítimas Feridas";"Plena Noite";"Crescente";"Céu Claro";"Múltipla";"Reta";"Sim";3;0;2;0;1;0;2;2;-23,42166832;-51,90576553;"SPRF-PR";"DEL07-PR";"UOP01-DEL09-PR"
161097;2018-09-22;"sábado";"11:00:00";"BA";242;389;"SEABRA";"Falta de Atenção à Condução";"Saída de leito carroçável";"Com Vítimas Feridas";"Pleno dia";"Decrescente";"Céu Claro";"Simples";"Reta";"Não";1;0;1;0;0;0;1;1;-12,452377;-41,597534;"SPRF-BA";"DEL10-BA";"UOP03-DEL06-BA"
161098;2018-09-22;"sábado";"19:25:00";"SC";470;139,3;"RIO DO SUL";"Não guardar distância de segurança";"Colisão traseira";"Com Vítimas Feridas";"Plena Noite";"Decrescente";"Céu Claro";"Simples";"Reta";"Sim";2;0;1;0;1;0;1;2;-27,21904819;-49,65706587;"SPRF-SC";"DEL04-SC";"UOP02-DEL04-SC"
161100;2018-09-22;"sábado";"20:00:00";"SC";101;208,2;"SAO JOSE";"Ingestão de Álcool";"Saída de leito carroçável";"Com Vítimas Feridas";"Plena Noite";"Decrescente";"Céu Claro";"Múltipla";"Interseção de Vias";"Sim";4;0;3;0;0;1;3;2;-27,60433502;-48,63278833;"SPRF-SC";"DEL01-SC";"UOP01-DEL01-SC"
161101;2018-09-22;"sábado";"16:27:00";"MS";163;474,1;"CAMPO GRANDE";"Falta de Atenção do Pedestre";"Atropelamento de Pedestre";"Com Vítimas Feridas";"Pleno dia";"Decrescente";"Céu Claro";"Simples";"Declive";"Sim";3;0;0;1;0;2;1;2;-20,5264451;-54,5682362;"SPRF-MS";"DEL01-MS";"UOP01-DEL01-MS"
161102;2018-09-22;"sábado";"20:30:00";"DF";60;6;"BRASILIA";"Ingestão de Álcool";"Colisão traseira";"Sem Vítimas";"Plena Noite";"Crescente";"Céu Claro";"Simples";"Reta";"Sim";2;0;0;0;2;0;0;2;-15,897939;-48,113056;"SPRF-DF";"DEL01-DF";"UOP01-DEL03-DF"
161104;2018-09-10;"segunda-feira";"07:20:00";"PA";155;343;"MARABA";"Desobediência às normas de trânsito pelo condutor";"Colisão transversal";"Com Vítimas Fatais";"Amanhecer";"Crescente";"Céu Claro";"Simples";"Reta";"Não";5;1;0;0;3;1;0;3;-5,36521807;-49,07836854;"SPRF-PA";"DEL03-PA";"UOP01-DEL03-PA"
161108;2018-09-22;"sábado";"19:30:00";"MS";163;251,1;"DOURADOS";"Ingestão de Álcool";"Tombamento";"Com Vítimas Feridas";"Plena Noite";"Crescente";"Nublado";"Simples";"Reta";"Não";2;0;1;0;1;0;1;1;-22,33403954;-54,81456757;"SPRF-MS";"DEL04-MS";"UOP01-DEL04-MS"
161110;2018-09-22;"sábado";"19:15:00";"SC";470;125,2;"IBIRAMA";"Falta de Atenção à Condução";"Saída de leito carroçável";"Sem Vítimas";"Plena Noite";"Crescente";"Céu Claro";"Simples";"Reta";"Sim";1;0;0;0;1;0;0;1;-27,120506;-49,534946;"SPRF-SC";"DEL04-SC";"UOP02-DEL04-SC"
161112;2018-09-22;"sábado";"18:40:00";"SC";280;20;"ARAQUARI";"Falta de Atenção à Condução";"Colisão transversal";"Com Vítimas Feridas";"Pleno dia";"Decrescente";"Céu Claro";"Simples";"Reta";"Não";3;0;2;0;1;0;2;2;-26,369905;-48,682243;"SPRF-SC";"DEL03-SC";"UOP03-DEL03-SC"
161113;2018-09-22;"sábado";"15:00:00";"MG";381;803;"SAO GONCALO DO SAPUCAI";"Falta de Atenção à Condução";"Colisão com objeto estático";"Com Vítimas Feridas";"Pleno dia";"Decrescente";"Céu Claro";"Dupla";"Curva;Aclive";"Não";1;0;1;0;0;0;1;1;-21,9614;-45,626;"SPRF-MG";"DEL16-MG";"UOP02-DEL16-MG"
161114;2018-09-22;"sábado";"20:00:00";"PR";476;146,4;"CURITIBA";"Ingestão de Álcool";"Saída de leito carroçável";"Sem Vítimas";"Plena Noite";"Decrescente";"Céu Claro";"Dupla";"Reta";"Sim";1;0;0;0;1;0;0;1;-25,55239237;-49,33347344;"SPRF-PR";"DEL01-PR";"UOP06-DEL01-PR"
161115;2018-09-22;"sábado";"08:00:00";"MG";262;694;"ARAXA";"Falta de Atenção à Condução";"Colisão traseira";"Sem Vítimas";"Plena Noite";"Crescente";"Céu Claro";"Simples";"Reta;Declive";"Não";2;0;0;0;2;0;0;2;-19,565762;-46,980324;"SPRF-MG";"DEL08-MG";"UOP01-DEL08-MG"
161118;2018-09-22;"sábado";"21:00:00";"RS";468;82;"BOM PROGRESSO";"Falta de Atenção à Condução";"Tombamento";"Com Vítimas Feridas";"Plena Noite";"Crescente";"Céu Claro";"Simples";"Reta";"Não";3;0;1;0;2;0;1;3;-27,617344;-53,862949;"SPRF-RS";"DEL08-RS";"UOP02-DEL08-RS"
161119;2018-09-22;"sábado";"20:00:00";"ES";101;0,3;"SERRA";"Falta de Atenção à Condução";"Atropelamento de Pedestre";"Com Vítimas Feridas";"Plena Noite";"Crescente";"Céu Claro";"Dupla";"Reta";"Sim";2;0;0;1;1;0;1;2;-20,22518907;-40,27103841;"SPRF-ES";"DEL04-ES";"UOP02-DEL04-ES"
161120;2018-09-22;"sábado";"21:00:00";"ES";101;270,5;"SERRA";"Falta de Atenção à Condução";"Colisão lateral";"Com Vítimas Feridas";"Plena Noite";"Decrescente";"Nublado";"Dupla";"Interseção de Vias";"Sim";2;0;1;0;1;0;1;2;-20,22986527;-40,2726227;"SPRF-ES";"DEL02-ES";"UOP01-DEL02-ES"
161121;2018-09-22;"sábado";"21:20:00";"GO";50;99;"CRISTALINA";"Falta de Atenção à Condução";"Saída de leito carroçável";"Com Vítimas Feridas";"Plena Noite";"Decrescente";"Céu Claro";"Simples";"Reta";"Sim";1;0;1;0;0;0;1;1;-16,78449165;-47,63362885;"SPRF-DF";"DEL01-DF";"UOP02-DEL01-DF"
161124;2018-09-22;"sábado";"18:20:00";"SE";101;93,8;"NOSSA SENHORA DO SOCORRO";"Desobediência às normas de trânsito pelo condutor";"Colisão lateral";"Com Vítimas Feridas";"Plena Noite";"Crescente";"Céu Claro";"Dupla";"Rotatória";"Sim";2;0;0;1;1;0;1;2;-10,90466882;-37,14899182;"SPRF-SE";"DEL01-SE";"UOP01-DEL01-SE"
161125;2018-09-22;"sábado";"21:15:00";"AP";210;2;"MACAPA";"Velocidade Incompatível";"Atropelamento de Pedestre";"Com Vítimas Feridas";"Plena Noite";"Decrescente";"Céu Claro";"Dupla";"Reta";"Sim";2;0;0;1;1;0;1;2;0,08276;-51,0774;"SPRF-AP";"DEL01-AP";"UOP01-DEL01-AP"
161126;2018-09-22;"sábado";"19:50:00";"MG";40;272;"TRES MARIAS";"Mal Súbito";"Saída de leito carroçável";"Com Vítimas Feridas";"Plena Noite";"Decrescente";"Céu Claro";"Simples";"Reta";"Não";1;0;0;1;0;0;1;1;-18,19037898;-45,24908066;"SPRF-MG";"DEL14-MG";"UOP02-DEL14-MG"
161131;2018-09-22;"sábado";"21:50:00";"ES";262;5,2;"CARIACICA";"Falta de Atenção do Pedestre";"Atropelamento de Pedestre";"Com Vítimas Feridas";"Plena Noite";"Crescente";"Céu Claro";"Múltipla";"Curva";"Sim";2;0;0;1;1;0;1;2;-20,33649358;-40,38936317;"SPRF-ES";"DEL01-ES";"UOP01-DEL01-ES"
161134;2018-09-22;"sábado";"09:20:00";"MT";174;107,2;"CACERES";"Avarias e/ou desgaste excessivo no pneu";"Saída de leito carroçável";"Sem Vítimas";"Pleno dia";"Crescente";"Céu Claro";"Simples";"Reta";"Não";1;0;0;0;0;1;0;1;-15,82226913;-57,93792754;"SPRF-MT";"DEL03-MT";"UOP01-DEL03-MT"
161135;2018-09-22;"sábado";"22:30:00";"PR";376;3,4;"SAO JOSE DOS PINHAIS";"Falta de Atenção à Condução";"Colisão traseira";"Com Vítimas Feridas";"Plena Noite";"Crescente";"Nublado";"Dupla";"Reta";"Não";2;0;0;1;1;0;1;2;-25,54236403;-49,19078697;"SPRF-PR";"DEL01-PR";"DEL7/1-UOP08/PR"
161138;2018-09-22;"sábado";"23:00:00";"GO";153;497,5;"GOIANIA";"Ingestão de Álcool";"Saída de leito carroçável";"Com Vítimas Feridas";"Plena Noite";"Crescente";"Céu Claro";"Dupla";"Reta";"Sim";1;0;1;0;0;0;1;1;-16,6854;-49,2338;"SPRF-GO";"DEL01-GO";"UOP01-DEL01-GO"
161139;2018-09-22;"sábado";"22:00:00";"MT";70;189;"GENERAL CARNEIRO";"Animais na Pista";"Atropelamento de Animal";"Sem Vítimas";"Plena Noite";"Decrescente";"Céu Claro";"Simples";"Curva";"Não";2;0;0;0;2;0;0;1;-15,720037;-53,651531;"SPRF-MT";"DEL05-MT";"UOP01-DEL05-MT"
161140;2018-09-22;"sábado";"13:50:00";"RJ";101;248;"SILVA JARDIM";"Falta de Atenção à Condução";"Colisão lateral";"Com Vítimas Fatais";"Pleno dia";"Crescente";"Céu Claro";"Dupla";"Reta";"Não";3;2;0;0;1;0;0;2;-22,666396;-42,506534;"SPRF-RJ";"DEL02-RJ";"UOP03-DEL02-RJ"
161141;2018-09-22;"sábado";"17:05:00";"PR";369;142,1;"IBIPORA";"Não guardar distância de segurança";"Colisão traseira";"Com Vítimas Feridas";"Pleno dia";"Crescente";"Sol";"Simples";"Reta;Declive";"Sim";2;0;1;0;1;0;1;2;-23,28692263;-51,07620455;"SPRF-PR";"DEL07-PR";"UOP01-DEL07-PR"
161142;2018-09-22;"sábado";"21:50:00";"SC";282;325,5;"CAMPOS NOVOS";"Ingestão de Álcool";"Saída de leito carroçável";"Com Vítimas Feridas";"Anoitecer";"Decrescente";"Céu Claro";"Simples";"Reta";"Não";1;0;1;0;0;0;1;1;-27,3781697;-51,094172;"SPRF-SC";"DEL07-SC";"UOP06-DEL07-SC"
161143;2018-09-22;"sábado";"18:30:00";"PR";369;138,7;"IBIPORA";"Falta de Atenção à Condução";"Colisão traseira";"Com Vítimas Feridas";"Anoitecer";"Decrescente";"Céu Claro";"Múltipla";"Reta";"Sim";2;0;1;0;1;0;1;2;-23,27383477;-51,05668545;"SPRF-PR";"DEL07-PR";"UOP01-DEL07-PR"
161144;2018-09-22;"sábado";"22:08:00";"GO";153;507,2;"APARECIDA DE GOIANIA";"Ingestão de Álcool";"Colisão traseira";"Com Vítimas Feridas";"Plena Noite";"Decrescente";"Céu Claro";"Dupla";"Reta";"Sim";2;0;1;0;1;0;1;2;-16,76908338;-49,23916698;"SPRF-GO";"DEL01-GO";"UOP03-DEL01-GO"
161145;2018-09-22;"sábado";"23:05:00";"GO";153;498,7;"GOIANIA";"Ingestão de Álcool";"Saída de leito carroçável";"Com Vítimas Feridas";"Plena Noite";"Decrescente";"Céu Claro";"Dupla";"Reta";"Sim";1;0;1;0;0;0;1;1;-16,6939;-49,2321;"SPRF-GO";"DEL01-GO";"UOP01-DEL01-GO"
161147;2018-09-22;"sábado";"18:45:00";"RO";435;71,5;"COLORADO DO OESTE";"Falta de Atenção à Condução";"Saída de leito carroçável";"Com Vítimas Feridas";"Anoitecer";"Decrescente";"Céu Claro";"Simples";"Curva;Declive";"Não";1;0;1;0;0;0;1;1;-13,102177;-60,411053;"SPRF-RO";"DEL04-RO";"UOP02-DEL04-RO"
161149;2018-09-22;"sábado";"19:20:00";"MG";381;456;"SABARA";"Desobediência às normas de trânsito pelo condutor";"Colisão frontal";"Sem Vítimas";"Plena Noite";"Decrescente";"Céu Claro";"Simples";"Reta";"Sim";2;0;0;0;2;0;0;2;-19,84219861;-43,8637197;"SPRF-MG";"DEL01-MG";"UOP01-DEL01-MG"
161150;2018-09-22;"sábado";"23:50:00";"MT";163;746;"SORRISO";"Ingestão de Álcool";"Queda de ocupante de veículo";"Com Vítimas Feridas";"Plena Noite";"Crescente";"Nublado";"Dupla";"Retorno Regulamentado";"Não";1;0;1;0;0;0;1;1;-12,59919511;-55,74809493;"SPRF-MT";"DEL06-MT";"UOP01-DEL06-MT"
161153;2018-09-22;"sábado";"23:00:00";"TO";153;680,8;"GURUPI";"Falta de Atenção à Condução";"Saída de leito carroçável";"Com Vítimas Feridas";"Plena Noite";"Crescente";"Céu Claro";"Simples";"Reta";"Não";1;0;1;0;0;0;1;1;-11,78949;-49,117683;"SPRF-TO";"DEL02-TO";"UOP02-DEL01-TO"
161154;2018-09-22;"sábado";"21:30:00";"MG";40;555;"NOVA LIMA";"Avarias e/ou desgaste excessivo no pneu";"Tombamento";"Com Vítimas Feridas";"Plena Noite";"Decrescente";"Céu Claro";"Dupla";"Reta";"Sim";2;0;2;0;0;0;2;1;-20,0943;-43,9755;"SPRF-MG";"DEL01-MG";"UOP02-DEL01-MG"
161156;2018-09-22;"sábado";"22:40:00";"SC";101;14;"GARUVA";"Ingestão de Álcool";"Colisão traseira";"Sem Vítimas";"Plena Noite";"Decrescente";"Nublado";"Dupla";"Reta";"Não";2;0;0;0;2;0;0;2;-26,1063;-48,8719;"SPRF-SC";"DEL03-SC";"UOP01-DEL03-SC"
161159;2018-09-23;"domingo";"00:30:00";"RN";101;80,6;"SAO GONCALO DO AMARANTE";"Objeto estático sobre o leito carroçável";"Queda de ocupante de veículo";"Com Vítimas Feridas";"Plena Noite";"Crescente";"Céu Claro";"Dupla";"Reta";"Sim";1;0;0;1;0;0;1;1;-5,758523;-35,288063;"SPRF-RN";"DEL02-RN";"UOP01-DEL02-RN"
161160;2018-09-22;"sábado";"19:40:00";"ES";101;333,5;"GUARAPARI";"Velocidade Incompatível";"Colisão frontal";"Com Vítimas Fatais";"Plena Noite";"Crescente";"Céu Claro";"Simples";"Curva";"Não";23;3;19;0;1;0;19;2;-20,618325;-40,51696926;"SPRF-ES";"DEL03-ES";"UOP01-DEL03-ES"
161161;2018-09-23;"domingo";"02:30:00";"RS";290;721;"URUGUAIANA";"Velocidade Incompatível";"Colisão com objeto estático";"Com Vítimas Feridas";"Plena Noite";"Decrescente";"Céu Claro";"Simples";"Curva";"Sim";1;0;1;0;0;0;1;1;-29,76160194;-57,05854654;"SPRF-RS";"DEL13-RS";"UOP01-DEL13-RS"
161162;2018-09-23;"domingo";"02:00:00";"MG";381;929;"ITAPEVA";"Ingestão de Álcool";"Saída de leito carroçável";"Com Vítimas Feridas";"Plena Noite";"Crescente";"Céu Claro";"Dupla";"Curva";"Não";2;0;1;0;0;1;1;2;-22,7766;-46,2388;"SPRF-MG";"DEL16-MG";"UOP03-DEL16-MG"
161166;2018-09-23;"domingo";"02:30:00";"SC";101;118,5;"ITAJAI";"Falta de Atenção do Pedestre";"Atropelamento de Pedestre";"Com Vítimas Feridas";"Plena Noite";"Crescente";"Nublado";"Dupla";"Reta";"Sim";2;0;0;1;1;0;1;2;-26,89987443;-48,71742904;"SPRF-SC";"DEL04-SC";"UOP04-DEL04-SC"
161168;2018-09-22;"sábado";"19:10:00";"SC";280;99,6;"SAO BENTO DO SUL";"Ingestão de Álcool";"Colisão frontal";"Com Vítimas Feridas";"Plena Noite";"Decrescente";"Céu Claro";"Simples";"Curva";"Não";2;0;2;0;0;0;2;2;-26,37145491;-49,32616711;"SPRF-SC";"DEL06-SC";"UOP03-DEL06-SC"
161170;2018-09-22;"sábado";"18:22:00";"MA";135;20,2;"SAO LUIS";"Falta de Atenção à Condução";"Colisão lateral";"Com Vítimas Feridas";"Anoitecer";"Decrescente";"Céu Claro";"Dupla";"Reta";"Sim";3;0;1;0;0;2;1;3;-2,731508;-44,331684;"SPRF-MA";"DEL01-MA";"UOP01-DEL01-MA"
161171;2018-09-23;"domingo";"02:50:00";"ES";101;143;"LINHARES";"Falta de Atenção à Condução";"Saída de leito carroçável";"Com Vítimas Feridas";"Plena Noite";"Decrescente";"Céu Claro";"Dupla";"Declive";"Sim";1;0;0;1;0;0;1;1;-19,34114426;-40,06441355;"SPRF-ES";"DEL04-ES";"UOP01-DEL04-ES"
161172;2018-09-23;"domingo";"03:30:00";"SP";116;282,4;"EMBU DAS ARTES";"Desobediência às normas de trânsito pelo condutor";"Capotamento";"Com Vítimas Feridas";"Plena Noite";"Decrescente";"Céu Claro";"Dupla";"Reta";"Sim";4;0;3;0;1;0;3;1;-23,66482499;-46,85412884;"SPRF-SP";"DEL04-SP";"UOP01-DEL04-SP"
161173;2018-09-22;"sábado";"22:15:00";"SP";153;173,3;"GUAICARA";"Falta de Atenção à Condução";"Colisão transversal";"Com Vítimas Feridas";"Plena Noite";"Decrescente";"Céu Claro";"Simples";"Reta";"Não";9;0;4;0;5;0;4;2;-21,62653332;-49,78731394;"SPRF-SP";"DEL07-SP";"UOP01-DEL07-SP"
161175;2018-09-23;"domingo";"04:15:00";"SC";470;176,3;"POUSO REDONDO";"Velocidade Incompatível";"Colisão frontal";"Com Vítimas Fatais";"Plena Noite";"Crescente";"Céu Claro";"Simples";"Reta";"Sim";3;1;0;2;0;0;2;2;-27,254238;-49,948658;"SPRF-SC";"DEL04-SC";"UOP02-DEL04-SC"
161176;2018-09-23;"domingo";"03:05:00";"PA";316;202;"SANTA LUZIA DO PARA";"Falta de Atenção à Condução";"Colisão traseira";"Com Vítimas Fatais";"Plena Noite";"Crescente";"Céu Claro";"Simples";"Aclive";"Sim";4;1;0;1;2;0;1;2;-1,55277;-46,873356;"SPRF-PA";"DEL01-PA";"UOP03-DEL01-PA"
161177;2018-09-23;"domingo";"03:20:00";"PR";376;597;"CURITIBA";"Falta de Atenção à Condução";"Capotamento";"Com Vítimas Feridas";"Plena Noite";"Crescente";"Céu Claro";"Dupla";"Reta";"Sim";4;0;4;0;0;0;4;1;-25,52225471;-49,33395936;"SPRF-PR";"DEL01-PR";"UOP06-DEL01-PR"
161178;2018-09-23;"domingo";"04:40:00";"MG";40;660,2;"CARANDAI";"Falta de Atenção à Condução";"Colisão com objeto estático";"Sem Vítimas";"Plena Noite";"Crescente";"Nevoeiro/Neblina";"Simples";"Curva";"Não";1;0;0;0;1;0;0;1;-20,9139;-43,8266;"SPRF-MG";"DEL05-MG";"UOP02-DEL05-MG"
161180;2018-09-22;"sábado";"17:00:00";"PB";101;16;"MAMANGUAPE";"Desobediência às normas de trânsito pelo condutor";"Colisão frontal";"Com Vítimas Feridas";"Pleno dia";"Decrescente";"Céu Claro";"Múltipla";"Interseção de Vias";"Não";3;0;2;0;1;0;2;2;-6,6422;-35,1225;"SPRF-PB";"DEL01-PB";"UOP04-DEL01-PB"
161181;2018-09-22;"sábado";"20:00:00";"MG";40;647,4;"CRISTIANO OTONI";"Objeto estático sobre o leito carroçável";"Colisão com objeto estático";"Com Vítimas Feridas";"Plena Noite";"Crescente";"Nublado";"Simples";"Reta";"Não";1;0;1;0;0;0;1;1;-20,80592709;-43,80886316;"SPRF-MG";"DEL05-MG";"UOP02-DEL05-MG"
161182;2018-09-23;"domingo";"04:20:00";"GO";40;2;"VALPARAISO DE GOIAS";"Ingestão de Álcool";"Colisão lateral";"Sem Vítimas";"Plena Noite";"Crescente";"Céu Claro";"Dupla";"Reta";"Sim";3;0;0;0;1;2;0;2;-16,067129;-47,984235;"SPRF-DF";"DEL01-DF";"UOP01-DEL01-DF"
161183;2018-09-23;"domingo";"04:45:00";"SC";101;129,2;"BALNEARIO CAMBORIU";"Velocidade Incompatível";"Colisão traseira";"Com Vítimas Feridas";"Plena Noite";"Decrescente";"Céu Claro";"Dupla";"Reta";"Sim";2;0;1;0;1;0;1;2;-26,984;-48,6695;"SPRF-SC";"DEL04-SC";"UOP03-DEL04-SC"
161184;2018-09-23;"domingo";"03:00:00";"BA";324;621;"SALVADOR";"Falta de Atenção à Condução";"Queda de ocupante de veículo";"Com Vítimas Fatais";"Plena Noite";"Crescente";"Céu Claro";"Múltipla";"Reta";"Sim";3;1;0;1;0;1;1;1;-12,91954588;-38,46541431;"SPRF-BA";"DEL01-BA";"UOP01-DEL01-BA"
161185;2018-09-23;"domingo";"05:30:00";"CE";222;8;"CAUCAIA";"Falta de Atenção à Condução";"Queda de ocupante de veículo";"Com Vítimas Feridas";"Amanhecer";"Crescente";"Céu Claro";"Simples";"Reta";"Não";1;0;1;0;0;0;1;1;-3,753637;-38,638035;"SPRF-CE";"DEL01-CE";"UOP01-DEL01-CE"
161186;2018-09-23;"domingo";"01:00:00";"MG";40;804;"MATIAS BARBOSA";"Não guardar distância de segurança";"Colisão traseira";"Sem Vítimas";"Plena Noite";"Crescente";"Céu Claro";"Dupla";"Reta";"Não";2;0;0;0;2;0;0;2;-21,865;-43,3683;"SPRF-MG";"DEL05-MG";"UOP01-DEL05-MG"
161187;2018-09-23;"domingo";"05:20:00";"SP";488;1;"APARECIDA";"Ingestão de Álcool";"Queda de ocupante de veículo";"Com Vítimas Feridas";"Amanhecer";"Crescente";"Céu Claro";"Dupla";"Reta";"Sim";2;0;1;0;1;0;1;1;-22,8133692;-45,190681;"SPRF-SP";"DEL08-SP";"UOP01-DEL08-SP"
161188;2018-09-23;"domingo";"05:10:00";"SP";116;92,2;"PINDAMONHANGABA";"Ingestão de Álcool";"Colisão com objeto estático";"Sem Vítimas";"Amanhecer";"Decrescente";"Céu Claro";"Dupla";"Reta";"Não";1;0;0;0;1;0;0;1;-22,952322;-45,404633;"SPRF-SP";"DEL06-SP";"UOP01-DEL06-SP"
161189;2018-09-23;"domingo";"06:00:00";"SP";116;198;"ARUJA";"Pista Escorregadia";"Queda de ocupante de veículo";"Com Vítimas Feridas";"Amanhecer";"Crescente";"Céu Claro";"Dupla";"Curva";"Sim";1;0;1;0;0;0;1;1;-23,40307998;-46,31561279;"SPRF-SP";"DEL01-SP";"UOP02-DEL01-SP"
161190;2018-09-23;"domingo";"04:50:00";"SC";101;459,1;"SAO JOAO DO SUL";"Falta de Atenção à Condução";"Capotamento";"Com Vítimas Feridas";"Plena Noite";"Decrescente";"Nublado";"Múltipla";"Curva";"Não";1;0;1;0;0;0;1;1;-29,2581;-49,7563;"SPRF-SC";"DEL02-SC";"UOP02-DEL02-SC"
161191;2018-09-23;"domingo";"05:10:00";"PA";10;271;"MAE DO RIO";"Ingestão de Álcool";"Colisão traseira";"Com Vítimas Feridas";"Plena Noite";"Crescente";"Céu Claro";"Simples";"Reta";"Sim";2;0;1;0;1;0;1;2;-2,0685276;-47,559319;"SPRF-PA";"DEL02-PA";"UOP01-DEL02-PA"
161193;2018-09-23;"domingo";"06:30:00";"PR";376;640,2;"TIJUCAS DO SUL";"Ingestão de Álcool";"Saída de leito carroçável";"Com Vítimas Feridas";"Pleno dia";"Crescente";"Céu Claro";"Dupla";"Reta";"Não";2;0;0;1;1;0;1;1;-25,78683098;-49,12302732;"SPRF-PR";"DEL01-PR";"DEL7/1-UOP08/PR"
161194;2018-09-23;"domingo";"06:10:00";"DF";20;14;"BRASILIA";"Ingestão de Álcool";"Colisão frontal";"Com Vítimas Feridas";"Amanhecer";"Crescente";"Céu Claro";"Dupla";"Reta";"Sim";2;0;1;0;1;0;1;2;-15,634938;-47,741241;"SPRF-DF";"DEL02-DF";"UOP01-DEL02-DF"
161195;2018-09-23;"domingo";"05:30:00";"SP";153;55,8;"SAO JOSE DO RIO PRETO";"Ingestão de Álcool";"Saída de leito carroçável";"Com Vítimas Feridas";"Amanhecer";"Crescente";"Céu Claro";"Simples";"Curva";"Sim";2;0;1;0;1;0;1;1;-20,753166;-49,342579;"SPRF-SP";"DEL09-SP";"UOP01-DEL09-SP"
161196;2018-09-23;"domingo";"05:30:00";"RJ";116;179,7;"NOVA IGUACU";"Condutor Dormindo";"Colisão lateral";"Com Vítimas Feridas";"Pleno dia";"Crescente";"Sol";"Dupla";"Reta";"Sim";2;0;1;0;1;0;1;2;-22,74025638;-43,45719874;"SPRF-RJ";"DEL01-RJ";"UOP02-DEL01-RJ"
161197;2018-09-22;"sábado";"12:40:00";"RO";364;22;"VILHENA";"Condutor Dormindo";"Saída de leito carroçável";"Com Vítimas Feridas";"Pleno dia";"Crescente";"Céu Claro";"Simples";"Aclive";"Não";3;0;3;0;0;0;3;1;-12,72541452;-60,21778107;"SPRF-RO";"DEL04-RO";"UOP01-DEL04-RO"
161199;2018-09-23;"domingo";"05:20:00";"MT";364;587;"DIAMANTINO";"Falta de Atenção à Condução";"Queda de ocupante de veículo";"Com Vítimas Feridas";"Amanhecer";"Crescente";"Céu Claro";"Dupla";"Viaduto";"Sim";1;0;0;1;0;0;1;1;-14,53216001;-56,23002291;"SPRF-MT";"DEL01-MT";"UOP01-DEL01-MT"
161200;2018-09-23;"domingo";"05:15:00";"RS";470;245;"BARAO";"Objeto estático sobre o leito carroçável";"Colisão com objeto estático";"Com Vítimas Feridas";"Amanhecer";"Crescente";"Chuva";"Simples";"Curva";"Sim";2;0;2;0;0;0;2;1;-29,38185722;-51,49236538;"SPRF-RS";"DEL06-RS";"UOP01-DEL06-RS"
161203;2018-09-23;"domingo";"06:35:00";"SP";153;257;"MARILIA";"Falta de Atenção à Condução";"Colisão lateral";"Com Vítimas Feridas";"Amanhecer";"Crescente";"Céu Claro";"Dupla";"Reta";"Sim";3;0;1;0;2;0;1;2;-22,23932496;-49,91967397;"SPRF-SP";"DEL07-SP";"UOP02-DEL07-SP"
161204;2018-09-23;"domingo";"06:45:00";"SP";116;273;"TABOAO DA SERRA";"Falta de Atenção do Pedestre";"Atropelamento de Pedestre";"Com Vítimas Feridas";"Pleno dia";"Decrescente";"Sol";"Dupla";"Reta";"Sim";2;0;1;0;1;0;1;2;-23,61622145;-46,78917792;"SPRF-SP";"DEL04-SP";"UOP01-DEL04-SP"
161205;2018-09-23;"domingo";"06:05:00";"RO";364;704;"PORTO VELHO";"Defeito Mecânico no Veículo";"Queda de ocupante de veículo";"Sem Vítimas";"Amanhecer";"Crescente";"Céu Claro";"Dupla";"Rotatória";"Não";1;0;0;0;1;0;0;1;-8,80029579;-63,7951827;"SPRF-RO";"DEL01-RO";"UOP01-DEL01-RO"
161206;2018-09-23;"domingo";"06:30:00";"GO";251;16;"CRISTALINA";"Ingestão de Álcool";"Colisão traseira";"Com Vítimas Fatais";"Pleno dia";"Crescente";"Céu Claro";"Simples";"Reta";"Não";2;1;1;0;0;0;1;2;-16,2028;-47,4392;"SPRF-DF";"DEL01-DF";"UOP01-DEL01-DF"
161207;2018-09-23;"domingo";"05:30:00";"MA";135;20;"SAO LUIS";"Falta de Atenção à Condução";"Colisão lateral";"Com Vítimas Feridas";"Pleno dia";"Decrescente";"Céu Claro";"Dupla";"Reta";"Sim";3;0;1;0;2;0;1;2;-2,56586575;-44,32909369;"SPRF-MA";"DEL01-MA";"UOP01-DEL01-MA"