"id";"data_inversa";"dia_semana";"horario";"uf";"br";"km";"municipio";"causa_acidente";"tipo_acidente";"classificacao_acidente";"fase_dia";"sentido_via";"condicao_metereologica";"tipo_pista";"tracado_via";"uso_solo";"pessoas";"mortos";"feridos_leves";"feridos_graves";"ilesos";"ignorados";"feridos";"veiculos";"latitude";"longitude";"regional";"delegacia";"uop"
161208;2018-09-23;"domingo";"04:30:00";"SC";101;118,7;"ITAJAI";"Velocidade Incompatível";"Saída de leito carroçável";"Com Vítimas Feridas";"Plena Noite";"Decrescente";"Nublado";"Simples";"Curva";"Sim";1;0;1;0;0;0;1;1;-26,9045;-48,7153;"SPRF-SC";"DEL04-SC";"UOP04-DEL04-SC"
161209;2018-09-23;"domingo";"04:30:00";"PA";316;35;"SANTA IZABEL DO PARA";"Condutor Dormindo";"Saída de leito carroçável";"Com Vítimas Feridas";"Plena Noite";"Crescente";"Ignorado";"Simples";"Reta";"Sim";1;0;1;0;0;0;1;1;-1,289763;-48,156025;"SPRF-PA";"DEL01-PA";"DEL19/1-UOP05/PA"
161211;2018-09-23;"domingo";"07:20:00";"PR";376;2;"SAO JOSE DOS PINHAIS";"Falta de Atenção à Condução";"Engavetamento";"Sem Vítimas";"Pleno dia";"Crescente";"Céu Claro";"Múltipla";"Reta";"Sim";3;0;0;0;3;0;0;3;-25,5307;-49,1958;"SPRF-PR";"DEL01-PR";"DEL7/1-UOP08/PR"
161213;2018-09-23;"domingo";"07:40:00";"SC";101;358,1;"SANGAO";"Falta de Atenção à Condução";"Colisão com objeto estático";"Sem Vítimas";"Pleno dia";"Crescente";"Nublado";"Dupla";"Curva";"Não";1;0;0;0;1;0;0;1;-28,63997865;-49,09858704;"SPRF-SC";"DEL02-SC";"UOP01-DEL02-SC"
161214;2018-09-22;"sábado";"22:55:00";"PR";376;643,5;"TIJUCAS DO SUL";"Defeito Mecânico no Veículo";"Incêndio";"Sem Vítimas";"Plena Noite";"Decrescente";"Nublado";"Dupla";"Reta";"Não";1;0;0;0;1;0;0;1;-25,81256361;-49,13257599;"SPRF-PR";"DEL01-PR";"DEL7/1-UOP08/PR"
161216;2018-09-23;"domingo";"06:00:00";"MT";364;369;"SANTO ANTONIO DO LEVERGER";"Falta de Atenção à Condução";"Saída de leito carroçável";"Com Vítimas Feridas";"Pleno dia";"Decrescente";"Céu Claro";"Simples";"Reta";"Não";1;0;0;1;0;0;1;1;-15,726536;-55,670982;"SPRF-MT";"DEL02-MT";"UOP02-DEL01-MT"
161217;2018-09-23;"domingo";"05:00:00";"MG";251;508,7;"FRANCISCO SA";"Ingestão de Álcool";"Saída de leito carroçável";"Sem Vítimas";"Plena Noite";"Crescente";"Céu Claro";"Simples";"Curva;Declive";"Não";1;0;0;0;0;1;0;1;-16,6222;-43,6917;"SPRF-MG";"DEL12-MG";"UOP01-DEL12-MG"
161218;2018-09-23;"domingo";"05:00:00";"MG";40;700;"BARBACENA";"Ingestão de Álcool";"Colisão com objeto estático";"Com Vítimas Feridas";"Amanhecer";"Crescente";"Céu Claro";"Simples";"Curva";"Sim";2;0;0;1;1;0;1;1;-21,20850896;-43,75017643;"SPRF-MG";"DEL05-MG";"UOP02-DEL05-MG"
161222;2018-09-23;"domingo";"07:40:00";"RO";319;63;"PORTO VELHO";"Desobediência às normas de trânsito pelo condutor";"Colisão transversal";"Com Vítimas Feridas";"Pleno dia";"Crescente";"Sol";"Dupla";"Interseção de Vias";"Sim";2;0;0;1;1;0;1;2;-8,753036;-63,886997;"SPRF-RO";"DEL01-RO";"UOP01-DEL01-RO"
161223;2018-09-23;"domingo";"09:10:00";"GO";50;273;"CATALAO";"Falta de Atenção à Condução";"Colisão transversal";"Com Vítimas Feridas";"Pleno dia";"Decrescente";"Céu Claro";"Simples";"Interseção de Vias";"Não";6;0;0;1;5;0;1;2;-18,1302;-47,9047;"SPRF-GO";"DEL06-GO";"UOP01-DEL06-GO"
161225;2018-09-23;"domingo";"08:50:00";"PR";476;130;"CURITIBA";"Ingestão de Álcool";"Atropelamento de Pedestre";"Com Vítimas Feridas";"Pleno dia";"Crescente";"Céu Claro";"Múltipla";"Reta";"Sim";2;0;0;1;1;0;1;2;-25,449564;-49,236427;"SPRF-PR";"DEL01-PR";"UOP07-DEL01-PR"
161226;2018-09-23;"domingo";"09:30:00";"RS";290;23,6;"SANTO ANTONIO DA PATRULHA";"Falta de Atenção à Condução";"Capotamento";"Com Vítimas Feridas";"Pleno dia";"Decrescente";"Nublado";"Dupla";"Reta";"Não";2;0;2;0;0;0;2;1;-29,8831;-50,4908;"SPRF-RS";"DEL03-RS";"UOP02-DEL03-RS"
161228;2018-09-23;"domingo";"09:00:00";"AP";210;105;"PORTO GRANDE";"Falta de Atenção à Condução";"Colisão transversal";"Com Vítimas Feridas";"Pleno dia";"Crescente";"Céu Claro";"Simples";"Reta";"Sim";2;0;1;0;1;0;1;2;0,690001;-51,371128;"SPRF-AP";"DEL01-AP";"UOP01-DEL01-AP"
161229;2018-09-23;"domingo";"09:45:00";"PR";116;40,6;"CAMPINA GRANDE DO SUL";"Velocidade Incompatível";"Saída de leito carroçável";"Com Vítimas Feridas";"Pleno dia";"Decrescente";"Céu Claro";"Dupla";"Curva";"Não";1;0;0;1;0;0;1;1;-25,16890215;-48,86569619;"SPRF-PR";"DEL01-PR";"UOP02-DEL01-PR"
161230;2018-09-22;"sábado";"18:50:00";"AL";316;30,2;"MATA GRANDE";"Animais na Pista";"Atropelamento de Animal";"Com Vítimas Feridas";"Plena Noite";"Decrescente";"Céu Claro";"Simples";"Reta";"Não";1;0;0;1;0;0;1;1;-9,10120686;-37,66128302;"SPRF-AL";"DEL03-AL";"UOP02-DEL03-AL"
161231;2018-09-23;"domingo";"10:15:00";"MG";381;451,5;"BELO HORIZONTE";"Falta de Atenção à Condução";"Colisão traseira";"Com Vítimas Feridas";"Pleno dia";"Decrescente";"Céu Claro";"Simples";"Reta";"Sim";3;0;0;1;2;0;1;2;-19,9605;-44,0357;"SPRF-MG";"DEL01-MG";"UOP01-DEL01-MG"
161232;2018-09-23;"domingo";"10:30:00";"PR";277;156;"PORTO AMAZONAS";"Defeito Mecânico no Veículo";"Saída de leito carroçável";"Com Vítimas Feridas";"Pleno dia";"Crescente";"Sol";"Simples";"Reta";"Não";2;0;1;0;1;0;1;1;-25,4783815;-49,85835882;"SPRF-PR";"DEL01-PR";"UOP06-DEL01-PR"
161233;2018-09-23;"domingo";"08:25:00";"PB";230;14,9;"CABEDELO";"Defeito Mecânico no Veículo";"Colisão com objeto estático";"Sem Vítimas";"Pleno dia";"Decrescente";"Sol";"Dupla";"Viaduto";"Sim";1;0;0;0;1;0;0;1;-7,09899226;-34,84772623;"SPRF-PB";"DEL01-PB";"UOP01-DEL01-PB"
161234;2018-09-23;"domingo";"09:30:00";"MG";50;79,1;"UBERLANDIA";"Falta de Atenção à Condução";"Capotamento";"Com Vítimas Feridas";"Pleno dia";"Decrescente";"Céu Claro";"Dupla";"Reta";"Sim";1;0;0;1;0;0;1;1;-18,9636;-48,2155;"SPRF-MG";"DEL15-MG";"UOP01-DEL15-MG"
161235;2018-09-23;"domingo";"10:40:00";"PR";376;601,7;"CURITIBA";"Falta de Atenção à Condução";"Saída de leito carroçável";"Com Vítimas Feridas";"Pleno dia";"Decrescente";"Céu Claro";"Dupla";"Curva";"Sim";1;0;1;0;0;0;1;1;-25,54169609;-49,31002825;"SPRF-PR";"DEL01-PR";"UOP06-DEL01-PR"
161236;2018-09-23;"domingo";"11:00:00";"PR";369;499;"CORBELIA";"Avarias e/ou desgaste excessivo no pneu";"Saída de leito carroçável";"Com Vítimas Feridas";"Pleno dia";"Crescente";"Céu Claro";"Simples";"Reta";"Não";1;0;1;0;0;0;1;1;-24,7725;-53,2931;"SPRF-PR";"DEL04-PR";"UOP03-DEL04-PR"
161237;2018-09-23;"domingo";"11:00:00";"MG";381;864;"POUSO ALEGRE";"Não guardar distância de segurança";"Colisão traseira";"Com Vítimas Feridas";"Pleno dia";"Decrescente";"Céu Claro";"Múltipla";"Reta";"Não";2;0;1;0;1;0;1;2;-22,34424303;-45,9265573;"SPRF-MG";"DEL16-MG";"UOP01-DEL16-MG"
161238;2018-09-23;"domingo";"11:10:00";"PI";343;344,5;"TERESINA";"Falta de Atenção à Condução";"Colisão transversal";"Com Vítimas Feridas";"Pleno dia";"Crescente";"Sol";"Simples";"Reta";"Sim";2;0;1;0;1;0;1;2;-5,094729;-42,762775;"SPRF-PI";"DEL01-PI";"UOP01-DEL01-PI"
161240;2018-09-23;"domingo";"11:30:00";"ES";262;60;"MARECHAL FLORIANO";"Falta de Atenção à Condução";"Colisão com objeto estático";"Com Vítimas Feridas";"Pleno dia";"Crescente";"Sol";"Simples";"Curva";"Não";1;0;0;1;0;0;1;1;-20,4279378;-40,79384834;"SPRF-ES";"DEL01-ES";"UOP01-DEL01-ES"
161242;2018-09-23;"domingo";"11:45:00";"ES";101;268;"SERRA";"Desobediência às normas de trânsito pelo condutor";"Colisão transversal";"Com Vítimas Feridas";"Pleno dia";"Crescente";"Céu Claro";"Dupla";"Interseção de Vias";"Sim";3;0;1;0;2;0;1;2;-20,20661058;-40,26940966;"SPRF-ES";"DEL02-ES";"UOP01-DEL02-ES"
161244;2018-09-23;"domingo";"12:10:00";"SP";153;50,8;"SAO JOSE DO RIO PRETO";"Desobediência às normas de trânsito pelo condutor";"Colisão transversal";"Com Vítimas Feridas";"Pleno dia";"Crescente";"Sol";"Simples";"Reta";"Não";3;0;0;1;2;0;1;2;-20,708971;-49,339096;"SPRF-SP";"DEL09-SP";"UOP01-DEL09-SP"
161245;2018-09-23;"domingo";"11:50:00";"PR";116;124;"CURITIBA";"Desobediência às normas de trânsito pelo condutor";"Colisão lateral";"Com Vítimas Feridas";"Pleno dia";"Crescente";"Céu Claro";"Dupla";"Reta";"Sim";3;0;2;0;1;0;2;2;-25,621508;-49,316216;"SPRF-PR";"DEL01-PR";"UOP03-DEL01-PR"
161246;2018-09-23;"domingo";"11:55:00";"PR";469;13;"FOZ DO IGUACU";"Falta de Atenção à Condução";"Saída de leito carroçável";"Com Vítimas Feridas";"Pleno dia";"Decrescente";"Céu Claro";"Simples";"Reta";"Sim";1;0;1;0;0;0;1;1;-25,58224011;-54,52873957;"SPRF-PR";"DEL05-PR";"UOP04-DEL05-PR"
161249;2018-09-23;"domingo";"13:20:00";"PR";467;84,7;"CASCAVEL";"Avarias e/ou desgaste excessivo no pneu";"Danos eventuais";"Com Vítimas Feridas";"Pleno dia";"Crescente";"Sol";"Dupla";"Reta";"Não";2;0;0;2;0;0;2;1;-24,8184;-53,6572;"SPRF-PR";"DEL04-PR";"UOP01-DEL04-PR"
161250;2018-08-30;"quinta-feira";"08:15:00";"DF";20;11,9;"BRASILIA";"Não guardar distância de segurança";"Engavetamento";"Com Vítimas Feridas";"Pleno dia";"Decrescente";"Céu Claro";"Dupla";"Reta";"Sim";4;0;1;0;3;0;1;3;-15,64485781;-47,76314735;"SPRF-DF";"DEL02-DF";"UOP01-DEL02-DF"
161251;2018-09-22;"sábado";"22:00:00";"RO";364;410;"JARU";"Velocidade Incompatível";"Saída de leito carroçável";"Sem Vítimas";"Plena Noite";"Decrescente";"Céu Claro";"Simples";"Curva";"Não";1;0;0;0;0;1;0;1;-10,532772;-62,398327;"SPRF-RO";"DEL03-RO";"UOP02-DEL03-RO"
161253;2018-09-23;"domingo";"13:40:00";"GO";20;21;"FORMOSA";"Falta de Atenção à Condução";"Colisão lateral";"Com Vítimas Feridas";"Pleno dia";"Decrescente";"Céu Claro";"Simples";"Reta";"Não";5;0;1;0;3;1;1;3;-15,548405;-47,169384;"SPRF-DF";"DEL02-DF";"UOP01-DEL02-DF"
161255;2018-09-23;"domingo";"13:00:00";"PB";101;88,9;"JOAO PESSOA";"Velocidade Incompatível";"Colisão traseira";"Com Vítimas Feridas";"Pleno dia";"Decrescente";"Céu Claro";"Dupla";"Reta";"Sim";3;0;1;0;2;0;1;2;-7,17100448;-34,89750534;"SPRF-PB";"DEL01-PB";"UOP01-DEL01-PB"
161256;2018-09-23;"domingo";"14:00:00";"GO";153;572,2;"PROFESSOR JAMIL";"Condutor Dormindo";"Saída de leito carroçável";"Com Vítimas Feridas";"Pleno dia";"Decrescente";"Céu Claro";"Dupla";"Curva";"Não";2;0;1;1;0;0;2;1;-17,31561202;-49,23890948;"SPRF-GO";"DEL03-GO";"UOP01-DEL03-GO"
161257;2018-09-23;"domingo";"08:40:00";"SC";282;92,5;"ALFREDO WAGNER";"Velocidade Incompatível";"Saída de leito carroçável";"Com Vítimas Feridas";"Pleno dia";"Decrescente";"Céu Claro";"Simples";"Curva";"Não";2;0;2;0;0;0;2;1;-27,697363;-49,23542;"SPRF-SC";"DEL01-SC";"UOP03-DEL01-SC"
161260;2018-09-23;"domingo";"13:15:00";"PB";230;26,9;"JOAO PESSOA";"Falta de Atenção à Condução";"Colisão traseira";"Com Vítimas Feridas";"Pleno dia";"Decrescente";"Céu Claro";"Dupla";"Reta";"Sim";3;0;3;0;0;0;3;2;-7,1681;-34,8848;"SPRF-PB";"DEL01-PB";"UOP01-DEL01-PB"
161262;2018-09-23;"domingo";"14:15:00";"PR";376;271,1;"MARILANDIA DO SUL";"Falta de Atenção à Condução";"Colisão frontal";"Com Vítimas Fatais";"Pleno dia";"Crescente";"Céu Claro";"Simples";"Curva";"Não";7;1;4;2;0;0;6;2;-23,749119;-51,271174;"SPRF-PR";"DEL07-PR";"UOP02-DEL07-PR"
161263;2018-09-23;"domingo";"14:05:00";"SC";282;610,2;"MARAVILHA";"Velocidade Incompatível";"Saída de leito carroçável";"Com Vítimas Feridas";"Pleno dia";"Crescente";"Céu Claro";"Simples";"Curva;Declive";"Não";1;0;1;0;0;0;1;1;-26,756321;-53,230247;"SPRF-SC";"DEL07-SC";"UOP02-DEL07-SC"
161264;2018-09-23;"domingo";"14:55:00";"MG";116;411;"GOVERNADOR VALADARES";"Velocidade Incompatível";"Tombamento";"Com Vítimas Feridas";"Pleno dia";"Crescente";"Sol";"Múltipla";"Retorno Regulamentado";"Sim";2;0;2;0;0;0;2;1;-18,863483;-41,9741317;"SPRF-MG";"DEL06-MG";"UOP01-DEL06-MG"
161266;2018-09-23;"domingo";"13:50:00";"PR";476;124;"CURITIBA";"Falta de Atenção à Condução";"Colisão lateral";"Com Vítimas Feridas";"Pleno dia";"Crescente";"Sol";"Dupla";"Reta";"Sim";2;0;1;0;1;0;1;2;-25,40062816;-49,21631446;"SPRF-PR";"DEL01-PR";"UOP07-DEL01-PR"
161267;2018-09-23;"domingo";"15:15:00";"SC";101;148;"ITAPEMA";"Falta de Atenção à Condução";"Colisão lateral";"Com Vítimas Feridas";"Pleno dia";"Crescente";"Sol";"Dupla";"Interseção de Vias";"Sim";2;0;1;0;1;0;1;2;-27,109;-48,6126;"SPRF-SC";"DEL04-SC";"UOP03-DEL04-SC"
161268;2018-09-23;"domingo";"14:55:00";"MG";40;531;"BELO HORIZONTE";"Avarias e/ou desgaste excessivo no pneu";"Queda de ocupante de veículo";"Com Vítimas Feridas";"Pleno dia";"Crescente";"Céu Claro";"Dupla";"Reta";"Sim";1;0;1;0;0;0;1;1;-19,9243;-44,0151;"SPRF-MG";"DEL01-MG";"UOP03-DEL01-MG"
161269;2018-09-23;"domingo";"15:15:00";"CE";20;409,8;"CAUCAIA";"Falta de Atenção à Condução";"Saída de leito carroçável";"Com Vítimas Feridas";"Pleno dia";"Decrescente";"Céu Claro";"Dupla";"Reta";"Não";1;0;0;1;0;0;1;1;-3,77172039;-38,66307735;"SPRF-CE";"DEL01-CE";"UOP01-DEL01-CE"
161270;2018-09-23;"domingo";"13:45:00";"PR";116;191,2;"CAMPO DO TENENTE";"Desobediência às normas de trânsito pelo condutor";"Colisão transversal";"Com Vítimas Feridas";"Pleno dia";"Crescente";"Sol";"Simples";"Interseção de Vias;Rotatória";"Não";2;0;1;0;0;1;1;2;-25,987011;-49,665298;"SPRF-SC";"DEL06-SC";"UOP01-DEL06-SC"
161271;2018-09-22;"sábado";"23:00:00";"ES";101;313,3;"VILA VELHA";"Ingestão de Álcool";"Saída de leito carroçável";"Sem Vítimas";"Plena Noite";"Decrescente";"Céu Claro";"Simples";"Aclive";"Não";2;0;0;0;1;1;0;2;-20,453037;-40,46233559;"SPRF-ES";"DEL03-ES";"UOP01-DEL03-ES"
161272;2018-09-23;"domingo";"15:50:00";"GO";60;100,7;"ANAPOLIS";"Ingestão de álcool e/ou substâncias psicoativas pelo pedestre";"Tombamento";"Com Vítimas Feridas";"Pleno dia";"Decrescente";"Céu Claro";"Dupla";"Reta";"Sim";2;0;2;0;0;0;2;1;-16,40056972;-48,97126257;"SPRF-GO";"DEL02-GO";"UOP01-DEL02-GO"
161274;2018-09-23;"domingo";"15:45:00";"PE";101;47;"IGARASSU";"Ingestão de Álcool";"Colisão traseira";"Com Vítimas Feridas";"Pleno dia";"Crescente";"Nublado";"Múltipla";"Reta";"Sim";5;0;2;0;3;0;2;2;-7,880568;-34,905048;"SPRF-PE";"DEL01-PE";"UOP02-DEL01-PE"
161275;2018-09-23;"domingo";"14:30:00";"RJ";116;303;"RESENDE";"Falta de Atenção à Condução";"Colisão traseira";"Sem Vítimas";"Pleno dia";"Decrescente";"Céu Claro";"Simples";"Reta";"Não";4;0;0;0;4;0;0;4;-22,450125;-44,330193;"SPRF-RJ";"DEL07-RJ";"DEL5/7-UOP03/RJ"
161276;2018-09-23;"domingo";"15:45:00";"GO";40;87;"CRISTALINA";"Condutor Dormindo";"Saída de leito carroçável";"Com Vítimas Feridas";"Pleno dia";"Crescente";"Céu Claro";"Dupla";"Reta";"Sim";2;0;1;0;1;0;1;1;-16,713217;-47,670047;"SPRF-DF";"DEL01-DF";"UOP02-DEL01-DF"
161278;2018-09-23;"domingo";"13:30:00";"ES";101;402;"ITAPEMIRIM";"Falta de Atenção à Condução";"Colisão com objeto estático";"Sem Vítimas";"Pleno dia";"Crescente";"Céu Claro";"Simples";"Curva";"Não";1;0;0;0;0;1;0;1;-20,8893712;-40,9952032;"SPRF-ES";"DEL03-ES";"UOP02-DEL03-ES"
161280;2018-09-23;"domingo";"16:30:00";"CE";222;10,5;"CAUCAIA";"Mal Súbito";"Colisão com objeto estático";"Com Vítimas Fatais";"Pleno dia";"Crescente";"Céu Claro";"Múltipla";"Reta";"Sim";1;1;0;0;0;0;0;1;-3,76601429;-38,66203129;"SPRF-CE";"DEL01-CE";"UOP01-DEL01-CE"
161281;2018-09-23;"domingo";"16:25:00";"SC";101;195,6;"BIGUACU";"Falta de Atenção à Condução";"Colisão lateral";"Com Vítimas Feridas";"Pleno dia";"Crescente";"Céu Claro";"Dupla";"Reta";"Sim";4;0;1;1;2;0;2;3;-27,511;-48,643;"SPRF-SC";"DEL01-SC";"UOP01-DEL01-SC"
161282;2018-09-23;"domingo";"16:40:00";"DF";60;4;"BRASILIA";"Falta de Atenção à Condução";"Colisão traseira";"Com Vítimas Feridas";"Pleno dia";"Decrescente";"Céu Claro";"Dupla";"Reta";"Sim";3;0;2;0;1;0;2;2;-15,892721;-48,095741;"SPRF-DF";"DEL01-DF";"UOP01-DEL03-DF"
161283;2018-09-23;"domingo";"16:30:00";"SP";381;6,6;"VARGEM";"Defeito Mecânico no Veículo";"Tombamento";"Com Vítimas Feridas";"Pleno dia";"Crescente";"Sol";"Dupla";"Reta";"Não";2;0;1;1;0;0;2;1;-22,9018187;-46,4208014;"SPRF-SP";"DEL03-SP";"UOP02-DEL03-SP"
161284;2018-09-23;"domingo";"16:30:00";"GO";40;2,2;"VALPARAISO DE GOIAS";"Falta de Atenção à Condução";"Colisão traseira";"Com Vítimas Feridas";"Pleno dia";"Crescente";"Céu Claro";"Dupla";"Reta";"Sim";2;0;1;0;1;0;1;2;-16,067129;-47,984235;"SPRF-DF";"DEL01-DF";"UOP01-DEL01-DF"
161286;2018-09-23;"domingo";"16:30:00";"MG";40;417;"CURVELO";"Fenômenos da Natureza";"Saída de leito carroçável";"Com Vítimas Feridas";"Pleno dia";"Crescente";"Céu Claro";"Simples";"Reta";"Não";5;0;5;0;0;0;5;1;-19,1648;-44,5195;"SPRF-MG";"DEL02-MG";"UOP01-DEL02-MG"
161287;2018-09-23;"domingo";"16:20:00";"PA";316;21,5;"BENEVIDES";"Ingestão de Álcool";"Colisão traseira";"Sem Vítimas";"Pleno dia";"Decrescente";"Chuva";"Dupla";"Reta";"Sim";2;0;0;0;2;0;0;2;-1,35711814;-48,25993806;"SPRF-PA";"DEL01-PA";"DEL19/1-UOP05/PA"
161288;2018-09-23;"domingo";"15:20:00";"RO";435;92,4;"COLORADO DO OESTE";"Ingestão de Álcool";"Colisão com objeto estático";"Com Vítimas Feridas";"Pleno dia";"Crescente";"Céu Claro";"Simples";"Rotatória";"Não";3;0;1;1;0;1;2;2;-13,19162835;-60,54490328;"SPRF-RO";"DEL04-RO";"UOP02-DEL04-RO"
161290;2018-09-23;"domingo";"16:30:00";"PR";277;589;"CASCAVEL";"Ingestão de Álcool";"Colisão com objeto estático";"Com Vítimas Feridas";"Pleno dia";"Decrescente";"Céu Claro";"Simples";"Reta";"Não";1;0;1;0;0;0;1;1;-25,02817;-53,55983;"SPRF-PR";"DEL04-PR";"UOP01-DEL04-PR"
161293;2018-09-23;"domingo";"17:30:00";"ES";101;282;"CARIACICA";"Mal Súbito";"Tombamento";"Com Vítimas Feridas";"Anoitecer";"Crescente";"Céu Claro";"Dupla";"Curva";"Não";1;0;1;0;0;0;1;1;-20,24649507;-40,36996007;"SPRF-ES";"DEL01-ES";"UOP01-DEL01-ES"
161294;2018-09-23;"domingo";"16:50:00";"SP";381;19,8;"BRAGANCA PAULISTA";"Velocidade Incompatível";"Saída de leito carroçável";"Com Vítimas Feridas";"Anoitecer";"Decrescente";"Céu Claro";"Dupla";"Retorno Regulamentado";"Não";2;0;1;0;1;0;1;1;-22,9016613;-46,4209654;"SPRF-SP";"DEL03-SP";"UOP02-DEL03-SP"
161295;2018-09-23;"domingo";"14:00:00";"BA";407;89;"JAGUARARI";"Velocidade Incompatível";"Saída de leito carroçável";"Com Vítimas Fatais";"Pleno dia";"Decrescente";"Céu Claro";"Simples";"Curva";"Não";4;3;1;0;0;0;1;1;-10,14588;-40,23181;"SPRF-BA";"DEL04-BA";"UOP01-DEL04-BA"
161296;2018-09-23;"domingo";"18:00:00";"DF";70;12;"BRASILIA";"Ingestão de Álcool";"Saída de leito carroçável";"Sem Vítimas";"Pleno dia";"Crescente";"Céu Claro";"Dupla";"Reta";"Sim";1;0;0;0;1;0;0;1;-15,792243;-48,158543;"SPRF-DF";"DEL01-DF";"UOP02-DEL03-DF"
161298;2018-09-23;"domingo";"17:00:00";"RS";116;304,6;"GUAIBA";"Desobediência às normas de trânsito pelo condutor";"Colisão traseira";"Com Vítimas Feridas";"Pleno dia";"Decrescente";"Garoa/Chuvisco";"Dupla";"Reta";"Não";5;0;2;0;3;0;2;3;-30,15993348;-51,37387276;"SPRF-RS";"DEL02-RS";"UOP01-DEL02-RS"
161299;2018-09-23;"domingo";"17:10:00";"CE";222;216,5;"SOBRAL";"Ingestão de Álcool";"Queda de ocupante de veículo";"Com Vítimas Feridas";"Pleno dia";"Decrescente";"Céu Claro";"Simples";"Declive;Reta";"Não";1;0;1;0;0;0;1;1;-3,760283;-40,29459;"SPRF-CE";"DEL04-CE";"UOP01-DEL04-CE"
161300;2018-09-23;"domingo";"14:40:00";"SC";280;161,4;"MAFRA";"Falta de Atenção à Condução";"Colisão transversal";"Com Vítimas Fatais";"Pleno dia";"Crescente";"Sol";"Simples";"Reta";"Não";6;1;5;0;0;0;5;2;-26,204451;-49,7812;"SPRF-SC";"DEL06-SC";"UOP03-DEL06-SC"
161303;2018-09-23;"domingo";"15:45:00";"SP";116;49;"LORENA";"Desobediência às normas de trânsito pelo condutor";"Colisão transversal";"Com Vítimas Feridas";"Pleno dia";"Decrescente";"Sol";"Dupla";"Reta";"Não";7;0;2;2;1;2;4;3;-22,730547;-45,07663;"SPRF-SP";"DEL08-SP";"UOP02-DEL08-SP"
161304;2018-09-23;"domingo";"18:35:00";"TO";153;334;"GUARAI";"Falta de Atenção à Condução";"Colisão transversal";"Com Vítimas Feridas";"Anoitecer";"Crescente";"Nublado";"Dupla";"Interseção de Vias";"Sim";2;0;2;0;0;0;2;2;-8,835769;-48,512123;"SPRF-TO";"DEL02-TO";"UOP02-DEL02-TO"
161305;2018-09-23;"domingo";"18:10:00";"ES";101;256;"SERRA";"Ingestão de Álcool";"Queda de ocupante de veículo";"Com Vítimas Feridas";"Anoitecer";"Crescente";"Céu Claro";"Simples";"Reta";"Sim";1;0;1;0;0;0;1;1;-20,1187772;-40,31235695;"SPRF-ES";"DEL02-ES";"UOP01-DEL02-ES"
161306;2018-09-23;"domingo";"17:30:00";"SC";282;630,6;"DESCANSO";"Desobediência às normas de trânsito pelo condutor";"Colisão lateral";"Com Vítimas Feridas";"Pleno dia";"Decrescente";"Céu Claro";"Simples";"Curva";"Não";1;0;1;0;0;0;1;1;-26,82330483;-53,39097977;"SPRF-SC";"DEL07-SC";"UOP03-DEL07-SC"
161307;2018-09-23;"domingo";"19:00:00";"PB";230;24,1;"JOAO PESSOA";"Não guardar distância de segurança";"Colisão traseira";"Com Vítimas Feridas";"Plena Noite";"Decrescente";"Céu Claro";"Dupla";"Viaduto";"Sim";3;0;1;0;1;1;1;2;-7,1642;-34,862;"SPRF-PB";"DEL01-PB";"UOP01-DEL01-PB"
161309;2018-09-23;"domingo";"12:00:00";"RS";290;234;"RIO PARDO";"Pista Escorregadia";"Saída de leito carroçável";"Sem Vítimas";"Pleno dia";"Decrescente";"Chuva";"Simples";"Reta";"Não";1;0;0;0;1;0;0;1;-30,21489;-52,561035;"SPRF-RS";"DEL02-RS";"UOP02-DEL02-RS"
161310;2018-09-23;"domingo";"19:00:00";"TO";153;357;"FORTALEZA DO TABOCAO";"Não guardar distância de segurança";"Capotamento";"Com Vítimas Feridas";"Plena Noite";"Crescente";"Céu Claro";"Simples";"Reta";"Não";3;0;2;1;0;0;3;1;-9,039451;-48,51012;"SPRF-TO";"DEL02-TO";"UOP02-DEL02-TO"
161311;2018-09-23;"domingo";"17:10:00";"SC";282;516,6;"XAXIM";"Ingestão de Álcool";"Colisão frontal";"Com Vítimas Feridas";"Pleno dia";"Decrescente";"Sol";"Simples";"Curva";"Não";5;0;2;2;0;1;4;3;-26,93374471;-52,49829233;"SPRF-SC";"DEL07-SC";"UOP01-DEL07-SC"
161312;2018-09-23;"domingo";"19:20:00";"PE";232;71,2;"GRAVATA";"Falta de Atenção à Condução";"Colisão transversal";"Com Vítimas Feridas";"Plena Noite";"Decrescente";"Céu Claro";"Dupla";"Interseção de Vias";"Sim";3;0;2;0;1;0;2;2;-8,185419;-35,496302;"SPRF-PE";"DEL01-PE";"UOP02-DEL02PE"
161313;2018-09-23;"domingo";"19:30:00";"SC";470;127,6;"LONTRAS";"Defeito Mecânico no Veículo";"Colisão frontal";"Com Vítimas Feridas";"Plena Noite";"Decrescente";"Céu Claro";"Simples";"Reta";"Não";2;0;1;0;1;0;1;2;-27,14345966;-49,54889238;"SPRF-SC";"DEL04-SC";"UOP02-DEL04-SC"
161314;2018-09-23;"domingo";"19:30:00";"SC";101;417,9;"ARARANGUA";"Falta de Atenção à Condução";"Colisão traseira";"Com Vítimas Feridas";"Plena Noite";"Crescente";"Nublado";"Múltipla";"Reta;Declive";"Sim";3;0;1;0;2;0;1;2;-28,97249792;-49,52902257;"SPRF-SC";"DEL02-SC";"UOP02-DEL02-SC"
161315;2018-09-23;"domingo";"18:20:00";"PB";230;8;"CABEDELO";"Velocidade Incompatível";"Colisão lateral";"Com Vítimas Feridas";"Plena Noite";"Crescente";"Céu Claro";"Dupla";"Reta";"Sim";3;0;0;1;2;0;1;2;-7,0355;-34,8429;"SPRF-PB";"DEL01-PB";"UOP01-DEL01-PB"