"id";"data_inversa";"dia_semana";"horario";"uf";"br";"km";"municipio";"causa_acidente";"tipo_acidente";"classificacao_acidente";"fase_dia";"sentido_via";"condicao_metereologica";"tipo_pista";"tracado_via";"uso_solo";"pessoas";"mortos";"feridos_leves";"feridos_graves";"ilesos";"ignorados";"feridos";"veiculos";"latitude";"longitude";"regional";"delegacia";"uop"
161317;2018-09-23;"domingo";"15:00:00";"MG";262;60,8;"MANHUACU";"Velocidade Incompatível";"Colisão frontal";"Com Vítimas Fatais";"Pleno dia";"Decrescente";"Céu Claro";"Simples";"Curva";"Não";4;1;1;1;1;0;2;3;-20,287067;-42,21154;"SPRF-MG";"DEL06-MG";"UOP03-DEL06-MG"
161319;2018-08-31;"sexta-feira";"14:41:00";"PR";158;524,2;"PATO BRANCO";"Desobediência às normas de trânsito pelo condutor";"Queda de ocupante de veículo";"Com Vítimas Feridas";"Pleno dia";"Crescente";"Céu Claro";"Simples";"Reta";"Sim";2;0;1;0;1;0;1;2;-26,20228;-52,678215;"SPRF-PR";"DEL02-PR";"UOP01-DEL02-PR"
161320;2018-09-23;"domingo";"19:00:00";"MS";163;503,3;"JARAGUARI";"Falta de Atenção do Pedestre";"Atropelamento de Pedestre";"Com Vítimas Fatais";"Plena Noite";"Crescente";"Céu Claro";"Dupla";"Reta";"Não";6;1;0;0;5;0;0;2;-20,297555;-54,502;"SPRF-MS";"DEL01-MS";"UOP02-DEL01-MS"
161321;2018-09-23;"domingo";"20:10:00";"PR";376;645,1;"TIJUCAS DO SUL";"Desobediência às normas de trânsito pelo pedestre";"Atropelamento de Pedestre";"Com Vítimas Feridas";"Plena Noite";"Decrescente";"Céu Claro";"Simples";"Reta";"Não";2;0;0;1;1;0;1;2;-25,82421101;-49,12389636;"SPRF-PR";"DEL01-PR";"DEL7/1-UOP08/PR"
161322;2018-09-23;"domingo";"18:30:00";"PB";230;24;"JOAO PESSOA";"Ingestão de álcool e/ou substâncias psicoativas pelo pedestre";"Colisão lateral";"Com Vítimas Feridas";"Plena Noite";"Decrescente";"Céu Claro";"Dupla";"Curva";"Sim";2;0;1;0;0;1;1;2;-7,1637;-34,8618;"SPRF-PB";"DEL01-PB";"UOP01-DEL01-PB"
161323;2018-09-23;"domingo";"20:10:00";"PI";402;40,4;"LUIS CORREIA";"Ingestão de Álcool";"Colisão traseira";"Com Vítimas Fatais";"Plena Noite";"Decrescente";"Céu Claro";"Simples";"Reta";"Não";3;2;0;1;0;0;1;2;-2,97244698;-41,7072773;"SPRF-PI";"DEL05-PI";"UOP01-DEL05-PI"
161324;2018-09-23;"domingo";"16:30:00";"MT";70;752;"CACERES";"Defeito Mecânico no Veículo";"Capotamento";"Com Vítimas Feridas";"Pleno dia";"Crescente";"Nublado";"Simples";"Reta";"Não";4;0;2;0;2;0;2;1;-16,04416371;-57,76422501;"SPRF-MT";"DEL03-MT";"UOP01-DEL03-MT"
161325;2018-09-23;"domingo";"20:00:00";"SC";101;403;"MARACAJA";"Ingestão de Álcool";"Colisão com objeto estático";"Com Vítimas Feridas";"Plena Noite";"Crescente";"Nublado";"Múltipla";"Reta";"Sim";2;0;1;0;1;0;1;2;-28,87373206;-49,45426404;"SPRF-SC";"DEL02-SC";"UOP02-DEL02-SC"
161327;2018-09-23;"domingo";"20:30:00";"PR";277;660,2;"MATELANDIA";"Falta de Atenção à Condução";"Queda de ocupante de veículo";"Com Vítimas Feridas";"Plena Noite";"Decrescente";"Céu Claro";"Dupla";"Curva";"Não";1;0;1;0;0;0;1;1;-25,251387;-53,990307;"SPRF-PR";"DEL05-PR";"UOP02-DEL05-PR"
161328;2018-09-23;"domingo";"20:00:00";"PR";272;557;"TERRA ROXA";"Defeito Mecânico no Veículo";"Saída de leito carroçável";"Sem Vítimas";"Plena Noite";"Decrescente";"Céu Claro";"Simples";"Reta";"Não";1;0;0;0;0;1;0;1;-24,081318;-54,095905;"SPRF-PR";"DEL06-PR";"UAP01-DEL06-PR"
161329;2018-09-23;"domingo";"19:20:00";"CE";116;482,5;"MILAGRES";"Animais na Pista";"Atropelamento de Animal";"Com Vítimas Feridas";"Plena Noite";"Decrescente";"Céu Claro";"Simples";"Ponte";"Não";1;0;0;1;0;0;1;1;-7,32484089;-38,93764973;"SPRF-CE";"DEL05-CE";"UOP03-DEL05-CE"
161330;2018-09-23;"domingo";"18:10:00";"BA";101;370;"GANDU";"Velocidade Incompatível";"Saída de leito carroçável";"Com Vítimas Feridas";"Plena Noite";"Decrescente";"Céu Claro";"Simples";"Reta";"Não";1;0;1;0;0;0;1;1;-13,7807;-39,4954;"SPRF-BA";"DEL05-BA";"UOP03-DEL05-BA"
161331;2018-09-23;"domingo";"19:50:00";"RS";153;48,6;"ERECHIM";"Desobediência às normas de trânsito pelo condutor";"Colisão transversal";"Com Vítimas Feridas";"Plena Noite";"Decrescente";"Nublado";"Simples";"Reta";"Sim";4;0;4;0;0;0;4;2;-27,65135406;-52,25751042;"SPRF-RS";"DEL08-RS";"UOP04-DEL08-RS"
161332;2018-09-23;"domingo";"20:50:00";"SC";470;33,5;"GASPAR";"Desobediência às normas de trânsito pelo condutor";"Colisão frontal";"Com Vítimas Feridas";"Plena Noite";"Crescente";"Nublado";"Simples";"Reta";"Não";2;0;2;0;0;0;2;2;-26,90837046;-48,94490719;"SPRF-SC";"DEL04-SC";"UOP01-DEL04-SC"
161333;2018-09-23;"domingo";"18:35:00";"SE";101;152,5;"ESTANCIA";"Mal Súbito";"Tombamento";"Com Vítimas Fatais";"Plena Noite";"Crescente";"Céu Claro";"Simples";"Interseção de Vias;Reta";"Sim";1;1;0;0;0;0;0;1;-11,2414;-37,4316;"SPRF-SE";"DEL02-SE";"UOP01-DEL02-SE"
161334;2018-09-23;"domingo";"19:10:00";"MG";365;686;"MONTE ALEGRE DE MINAS";"Agressão Externa";"Saída de leito carroçável";"Com Vítimas Fatais";"Plena Noite";"Crescente";"Céu Claro";"Dupla";"Reta";"Não";1;1;0;0;0;0;0;1;-18,85028966;-48,80526736;"SPRF-MG";"DEL15-MG";"UOP01-DEL15-MG"
161336;2018-09-23;"domingo";"20:00:00";"DF";70;14,3;"BRASILIA";"Falta de Atenção à Condução";"Atropelamento de Pedestre";"Com Vítimas Feridas";"Plena Noite";"Crescente";"Céu Claro";"Dupla";"Reta";"Não";4;0;1;0;2;1;1;3;-15,79843748;-48,1789434;"SPRF-DF";"DEL01-DF";"UOP02-DEL03-DF"
161338;2018-09-23;"domingo";"19:10:00";"PR";476;96;"BOCAIUVA DO SUL";"Falta de Atenção à Condução";"Colisão transversal";"Com Vítimas Feridas";"Anoitecer";"Crescente";"Nublado";"Simples";"Interseção de Vias";"Sim";2;0;0;1;1;0;1;2;-25,231136;-49,120708;"SPRF-PR";"DEL01-PR";"UOP01-DEL01-PR"
161340;2018-09-23;"domingo";"19:15:00";"PA";316;153,5;"CAPANEMA";"Não guardar distância de segurança";"Colisão traseira";"Com Vítimas Feridas";"Plena Noite";"Decrescente";"Céu Claro";"Simples";"Reta";"Não";3;0;1;1;1;0;2;2;-1,23614495;-47,156775;"SPRF-PA";"DEL01-PA";"UOP03-DEL01-PA"
161341;2018-09-23;"domingo";"20:30:00";"PE";232;111;"BEZERROS";"Falta de Atenção à Condução";"Saída de leito carroçável";"Com Vítimas Feridas";"Plena Noite";"Crescente";"Céu Claro";"Dupla";"Curva";"Não";5;0;2;0;3;0;2;1;-8,29651686;-35,82836866;"SPRF-PE";"DEL02-PE";"UOP03-DEL02-PE"
161342;2018-09-23;"domingo";"21:20:00";"SC";101;101;"BALNEARIO PICARRAS";"Falta de Atenção à Condução";"Colisão frontal";"Com Vítimas Feridas";"Plena Noite";"Decrescente";"Céu Claro";"Simples";"Reta";"Não";2;0;1;0;1;0;1;2;-26,7751;-48,6857;"SPRF-SC";"DEL03-SC";"UOP02-DEL03-SC"
161344;2018-09-23;"domingo";"20:25:00";"MG";365;862,6;"MONTE ALEGRE DE MINAS";"Falta de Atenção à Condução";"Queda de ocupante de veículo";"Com Vítimas Feridas";"Plena Noite";"Crescente";"Céu Claro";"Simples";"Reta";"Não";2;0;1;1;0;0;2;1;-18,878855;-49,05484;"SPRF-MG";"N/A";"N/A"
161347;2018-09-23;"domingo";"18:25:00";"SP";116;65,5;"GUARATINGUETA";"Falta de Atenção à Condução";"Colisão lateral";"Com Vítimas Feridas";"Anoitecer";"Crescente";"Céu Claro";"Dupla";"Reta";"Sim";2;0;2;0;0;0;2;1;-22,82169128;-45,19702678;"SPRF-SP";"DEL08-SP";"UOP01-DEL08-SP"
161348;2018-09-23;"domingo";"22:30:00";"RS";116;236,2;"NOVO HAMBURGO";"Condutor Dormindo";"Colisão com objeto estático";"Sem Vítimas";"Plena Noite";"Decrescente";"Nublado";"Dupla";"Aclive";"Sim";1;0;0;0;1;0;0;1;-29,67104513;-51,14294903;"SPRF-RS";"DEL01-RS";"UOP02-DEL01-RS"
161349;2018-09-23;"domingo";"19:45:00";"RO";364;429;"JARU";"Falta de Atenção à Condução";"Queda de ocupante de veículo";"Com Vítimas Feridas";"Plena Noite";"Decrescente";"Céu Claro";"Simples";"Curva";"Não";1;0;1;0;0;0;1;1;-10,41507313;-62,5055445;"SPRF-RO";"DEL03-RO";"UOP02-DEL03-RO"
161350;2018-09-23;"domingo";"22:30:00";"CE";222;14;"CAUCAIA";"Falta de Atenção do Pedestre";"Colisão frontal";"Com Vítimas Feridas";"Plena Noite";"Crescente";"Céu Claro";"Simples";"Curva";"Sim";3;0;0;2;1;0;2;2;-3,73210878;-38,69097233;"SPRF-CE";"DEL01-CE";"UOP01-DEL01-CE"
161352;2018-09-23;"domingo";"19:40:00";"RO";364;422;"JARU";"Velocidade Incompatível";"Colisão traseira";"Com Vítimas Feridas";"Plena Noite";"Crescente";"Céu Claro";"Simples";"Reta";"Sim";2;0;0;1;1;0;1;2;-10,45068959;-62,46169031;"SPRF-RO";"DEL03-RO";"UOP02-DEL03-RO"
161353;2018-09-23;"domingo";"22:15:00";"PE";428;185,9;"PETROLINA";"Ingestão de Álcool";"Saída de leito carroçável";"Com Vítimas Feridas";"Plena Noite";"Crescente";"Céu Claro";"Simples";"Reta";"Sim";2;0;1;0;0;1;1;2;-9,340178;-40,470364;"SPRF-PE";"DEL06-PE";"UOP01-DEL06-PE"
161354;2018-09-23;"domingo";"21:15:00";"RR";174;501;"BOA VISTA";"Ingestão de Álcool";"Colisão com objeto estático";"Com Vítimas Feridas";"Plena Noite";"Decrescente";"Céu Claro";"Dupla";"Aclive";"Sim";2;0;1;0;0;1;1;1;2,782386;-60,703187;"SPRF-RR";"DEL01-RR";"UOP01-DEL01-RR"
161356;2018-09-23;"domingo";"23:40:00";"GO";60;44,9;"APARECIDA DE GOIANIA";"Desobediência às normas de trânsito pelo condutor";"Colisão transversal";"Com Vítimas Feridas";"Plena Noite";"Decrescente";"Céu Claro";"Dupla";"Rotatória";"Sim";2;0;0;1;1;0;1;2;-16,77864693;-49,29106236;"SPRF-GO";"DEL01-GO";"UOP03-DEL01-GO"
161358;2018-09-23;"domingo";"22:10:00";"MS";163;775,8;"COXIM";"Animais na Pista";"Atropelamento de Animal";"Com Vítimas Feridas";"Plena Noite";"Crescente";"Céu Claro";"Dupla";"Curva";"Não";1;0;1;0;0;0;1;1;-18,12835584;-54,69939888;"SPRF-MS";"DEL06-MS";"UOP01-DEL06-MS"
161359;2018-09-23;"domingo";"23:20:00";"CE";222;233,1;"SOBRAL";"Falta de Atenção à Condução";"Colisão traseira";"Sem Vítimas";"Plena Noite";"Decrescente";"Céu Claro";"Simples";"Reta;Declive";"Não";3;0;0;0;3;0;0;2;-3,710532;-40,417721;"SPRF-CE";"DEL04-CE";"UOP01-DEL04-CE"
161360;2018-09-23;"domingo";"19:15:00";"RO";421;20;"MONTE NEGRO";"Animais na Pista";"Colisão com objeto em movimento";"Com Vítimas Feridas";"Plena Noite";"Decrescente";"Céu Claro";"Simples";"Reta";"Não";2;0;1;1;0;0;2;1;-10,037729;-63,184643;"SPRF-RO";"DEL03-RO";"DEL21/3-UOP04/RO"
161361;2018-09-23;"domingo";"23:00:00";"MG";40;135,4;"JOAO PINHEIRO";"Desobediência às normas de trânsito pelo condutor";"Colisão frontal";"Com Vítimas Fatais";"Plena Noite";"Crescente";"Céu Claro";"Simples";"Reta";"Não";5;3;0;2;0;0;2;2;-17,720135;-46,241024;"SPRF-MG";"DEL14-MG";"UOP01-DEL14-MG"
161362;2018-09-23;"domingo";"21:30:00";"RO";364;699;"PORTO VELHO";"Ingestão de Álcool";"Tombamento";"Com Vítimas Feridas";"Plena Noite";"Crescente";"Céu Claro";"Dupla";"Reta";"Não";1;0;1;0;0;0;1;1;-8;-63;"SPRF-RO";"DEL01-RO";"UOP01-DEL01-RO"
161364;2018-09-23;"domingo";"23:15:00";"PR";376;445,8;"TIBAGI";"Desobediência às normas de trânsito pelo condutor";"Colisão traseira";"Com Vítimas Feridas";"Plena Noite";"Crescente";"Céu Claro";"Simples";"Curva";"Não";3;0;1;1;1;0;2;2;-24,70243168;-50,57201028;"SPRF-PR";"DEL03-PR";"UOP02-DEL03-PR"
161365;2018-09-23;"domingo";"23:50:00";"PR";476;153,1;"ARAUCARIA";"Ingestão de álcool e/ou substâncias psicoativas pelo pedestre";"Atropelamento de Pedestre";"Com Vítimas Feridas";"Plena Noite";"Crescente";"Céu Claro";"Dupla";"Reta";"Sim";2;0;2;0;0;0;2;2;-25,57785149;-49,39327329;"SPRF-PR";"DEL01-PR";"UOP06-DEL01-PR"
161367;2018-09-24;"segunda-feira";"00:20:00";"PE";232;312,6;"SERTANIA";"Ingestão de Álcool";"Colisão lateral";"Com Vítimas Feridas";"Plena Noite";"Crescente";"Céu Claro";"Simples";"Reta";"Sim";5;0;1;1;1;2;2;3;-8,14198607;-37,47042829;"SPRF-PE";"DEL03-PE";"UOP02-DEL03-PE"
161368;2018-09-23;"domingo";"23:30:00";"PR";116;76;"PIRAQUARA";"Velocidade Incompatível";"Saída de leito carroçável";"Com Vítimas Feridas";"Plena Noite";"Decrescente";"Céu Claro";"Dupla";"Reta";"Não";1;0;0;1;0;0;1;1;-25,377369;-49,049606;"SPRF-PR";"DEL01-PR";"UOP01-DEL01-PR"
161369;2018-09-23;"domingo";"23:45:00";"MS";262;205,5;"RIBAS DO RIO PARDO";"Animais na Pista";"Atropelamento de Animal";"Com Vítimas Feridas";"Plena Noite";"Crescente";"Céu Claro";"Simples";"Reta";"Não";2;0;2;0;0;0;2;1;-20,46046949;-53,37158203;"SPRF-MS";"DEL07-MS";"UOP02-DEL07-MS"
161370;2018-09-24;"segunda-feira";"00:10:00";"RJ";393;279;"BARRA DO PIRAI";"Não guardar distância de segurança";"Colisão traseira";"Sem Vítimas";"Plena Noite";"Crescente";"Céu Claro";"Simples";"Reta";"Não";2;0;0;0;2;0;0;2;-22,47671322;-44,01347816;"SPRF-RJ";"DEL05-RJ";"UOP04-DEL05-RJ"
161371;2018-09-23;"domingo";"21:00:00";"AP";210;1,5;"MACAPA";"Ingestão de Álcool";"Colisão lateral";"Com Vítimas Feridas";"Plena Noite";"Crescente";"Céu Claro";"Múltipla";"Reta";"Sim";3;0;0;1;2;0;1;2;0,08047697;-51,0738945;"SPRF-AP";"DEL01-AP";"UOP01-DEL01-AP"
161372;2018-09-24;"segunda-feira";"00:05:00";"SP";381;67,2;"MAIRIPORA";"Falta de Atenção à Condução";"Colisão transversal";"Com Vítimas Fatais";"Plena Noite";"Crescente";"Nublado";"Dupla";"Reta";"Sim";4;1;0;0;2;1;0;3;-23,335992;-46,575514;"SPRF-SP";"DEL03-SP";"DEL6/3-UOP03/SP"
161373;2018-09-23;"domingo";"22:40:00";"MT";70;184;"GENERAL CARNEIRO";"Animais na Pista";"Saída de leito carroçável";"Com Vítimas Feridas";"Plena Noite";"Crescente";"Céu Claro";"Simples";"Reta";"Não";2;0;2;0;0;0;2;1;-15,699483;-53,614403;"SPRF-MT";"DEL05-MT";"UOP01-DEL05-MT"
161374;2018-09-24;"segunda-feira";"00:30:00";"CE";222;28;"CAUCAIA";"Animais na Pista";"Atropelamento de Animal";"Sem Vítimas";"Plena Noite";"Decrescente";"Céu Claro";"Simples";"Reta";"Não";1;0;0;0;1;0;0;1;-3,72791199;-38,77573013;"SPRF-CE";"DEL01-CE";"UOP01-DEL01-CE"
161375;2018-09-24;"segunda-feira";"00:20:00";"PB";230;25;"JOAO PESSOA";"Falta de Atenção à Condução";"Colisão traseira";"Com Vítimas Feridas";"Plena Noite";"Decrescente";"Céu Claro";"Dupla";"Curva;Aclive;Viaduto";"Sim";2;0;1;0;0;1;1;2;-7,1689197;-34,876254;"SPRF-PB";"DEL01-PB";"UOP01-DEL01-PB"
161376;2018-09-23;"domingo";"23:30:00";"CE";20;400;"CAUCAIA";"Não guardar distância de segurança";"Colisão traseira";"Com Vítimas Feridas";"Plena Noite";"Crescente";"Céu Claro";"Simples";"Reta";"Não";3;0;0;2;1;0;2;2;-3,81801016;-38,74148369;"SPRF-CE";"DEL01-CE";"UOP01-DEL01-CE"
161378;2018-09-24;"segunda-feira";"00:20:00";"RJ";493;56;"DUQUE DE CAXIAS";"Falta de Atenção à Condução";"Colisão com objeto estático";"Com Vítimas Fatais";"Plena Noite";"Decrescente";"Céu Claro";"Dupla";"Reta";"Não";1;1;0;0;0;0;0;1;-22,672079;-43,285179;"SPRF-RJ";"DEL01-RJ";"UOP01-DEL01-RJ"
161381;2018-09-24;"segunda-feira";"02:00:00";"PI";343;260;"CAMPO MAIOR";"Animais na Pista";"Atropelamento de Animal";"Com Vítimas Feridas";"Plena Noite";"Crescente";"Céu Claro";"Simples";"Reta";"Não";1;0;0;1;0;0;1;1;-4,802398;-42,137829;"SPRF-PI";"DEL01-PI";"UOP03-DEL01-PI"
161382;2018-09-24;"segunda-feira";"02:45:00";"RS";116;240,9;"NOVO HAMBURGO";"Velocidade Incompatível";"Saída de leito carroçável";"Sem Vítimas";"Plena Noite";"Crescente";"Chuva";"Dupla";"Declive";"Sim";1;0;0;0;1;0;0;1;-29,705002;-51,14677;"SPRF-RS";"DEL01-RS";"UOP02-DEL01-RS"
161385;2018-09-24;"segunda-feira";"05:20:00";"RN";304;266,9;"SAO PEDRO";"Falta de Atenção à Condução";"Colisão lateral";"Com Vítimas Fatais";"Amanhecer";"Crescente";"Céu Claro";"Simples";"Aclive;Reta";"Não";3;2;0;0;1;0;0;2;-5,8568161;-35,6344986;"SPRF-RN";"DEL01-RN";"UOP02-DEL01-RN"
161387;2018-09-24;"segunda-feira";"04:30:00";"RJ";101;199;"CASIMIRO DE ABREU";"Animais na Pista";"Atropelamento de Animal";"Com Vítimas Feridas";"Amanhecer";"Decrescente";"Céu Claro";"Dupla";"Reta";"Não";1;0;1;0;0;0;1;1;-22,487713;-42,135609;"SPRF-RJ";"DEL02-RJ";"UOP04-DEL08-RJ"
161388;2018-09-24;"segunda-feira";"04:20:00";"GO";80;37,5;"PADRE BERNARDO";"Defeito na Via";"Colisão frontal";"Com Vítimas Fatais";"Plena Noite";"Crescente";"Céu Claro";"Simples";"Reta;Em Obras";"Não";5;2;1;2;0;0;3;2;-15,246169;-48,270024;"SPRF-DF";"DEL01-DF";"UOP02-DEL03-DF"
161389;2018-09-24;"segunda-feira";"02:35:00";"BA";116;495;"SANTA TERESINHA";"Falta de Atenção à Condução";"Colisão com objeto estático";"Com Vítimas Feridas";"Plena Noite";"Decrescente";"Céu Claro";"Múltipla";"Reta";"Não";1;0;1;0;0;0;1;1;-12,58796;-39,52351;"SPRF-BA";"DEL02-BA";"UOP01-DEL02-BA"
161390;2018-09-24;"segunda-feira";"06:00:00";"GO";60;97,6;"ANAPOLIS";"Falta de Atenção à Condução";"Saída de leito carroçável";"Com Vítimas Feridas";"Pleno dia";"Decrescente";"Céu Claro";"Dupla";"Reta";"Sim";2;0;1;0;1;0;1;1;-16,38200154;-48,95262659;"SPRF-GO";"DEL02-GO";"UOP01-DEL02-GO"
161391;2018-09-24;"segunda-feira";"06:30:00";"BA";116;426;"FEIRA DE SANTANA";"Desobediência às normas de trânsito pelo condutor";"Colisão transversal";"Com Vítimas Feridas";"Pleno dia";"Crescente";"Céu Claro";"Simples";"Curva";"Não";3;0;2;0;1;0;2;2;-12,25276476;-38,98887992;"SPRF-BA";"DEL02-BA";"UOP01-DEL02-BA"
161394;2018-09-24;"segunda-feira";"06:30:00";"PA";222;245;"MARABA";"Falta de Atenção à Condução";"Colisão traseira";"Com Vítimas Feridas";"Pleno dia";"Decrescente";"Céu Claro";"Simples";"Reta";"Sim";3;0;1;0;1;1;1;3;-5,35783688;-49,07930732;"SPRF-PA";"DEL03-PA";"UOP01-DEL03-PA"
161395;2018-09-24;"segunda-feira";"06:40:00";"RJ";101;311;"SAO GONCALO";"Não guardar distância de segurança";"Queda de ocupante de veículo";"Com Vítimas Feridas";"Amanhecer";"Crescente";"Céu Claro";"Dupla";"Reta";"Não";2;0;1;0;1;0;1;2;-22,80625062;-43,06125641;"SPRF-RJ";"DEL02-RJ";"DEL5/2-UOP04/RJ"
161396;2018-09-23;"domingo";"20:50:00";"MG";381;386;"SAO GONCALO DO RIO ABAIXO";"Ultrapassagem Indevida";"Saída de leito carroçável";"Com Vítimas Feridas";"Plena Noite";"Crescente";"Céu Claro";"Simples";"Reta";"Não";7;0;6;0;1;0;6;1;-19,83583051;-43,3719635;"SPRF-MG";"DEL01-MG";"UOP01-DEL01-MG"
161397;2018-09-24;"segunda-feira";"07:05:00";"MG";381;491;"BETIM";"Velocidade Incompatível";"Tombamento";"Com Vítimas Feridas";"Amanhecer";"Decrescente";"Céu Claro";"Dupla";"Reta";"Sim";1;0;1;0;0;0;1;1;-19,96477757;-44,17340755;"SPRF-MG";"DEL01-MG";"UOP03-DEL01-MG"
161399;2018-09-24;"segunda-feira";"06:45:00";"PR";277;725,9;"FOZ DO IGUACU";"Defeito Mecânico no Veículo";"Queda de ocupante de veículo";"Com Vítimas Feridas";"Amanhecer";"Decrescente";"Céu Claro";"Dupla";"Reta";"Sim";1;0;1;0;0;0;1;1;-25,51074409;-54,55364764;"SPRF-PR";"DEL05-PR";"UOP03-DEL05-PR"
161400;2018-09-24;"segunda-feira";"06:45:00";"PR";277;729;"FOZ DO IGUACU";"Defeito Mecânico no Veículo";"Colisão com objeto estático";"Com Vítimas Feridas";"Pleno dia";"Crescente";"Sol";"Dupla";"Viaduto";"Sim";2;0;2;0;0;0;2;1;-25,50657072;-54,58671391;"SPRF-PR";"DEL05-PR";"UOP03-DEL05-PR"
161401;2018-09-23;"domingo";"09:00:00";"SC";280;33;"ARAQUARI";"Falta de Atenção à Condução";"Colisão traseira";"Com Vítimas Feridas";"Pleno dia";"Decrescente";"Céu Claro";"Simples";"Reta";"Não";2;0;1;0;1;0;1;2;-26,425766;-48,787415;"SPRF-SC";"DEL03-SC";"UOP03-DEL03-SC"
161402;2018-09-24;"segunda-feira";"07:15:00";"SP";101;48,9;"UBATUBA";"Falta de Atenção à Condução";"Colisão lateral";"Com Vítimas Feridas";"Pleno dia";"Crescente";"Nublado";"Simples";"Reta";"Sim";2;0;1;0;1;0;1;2;-23,44577611;-45,08198977;"SPRF-SP";"DEL06-SP";"UOP01-DEL06-SP"
161403;2018-09-24;"segunda-feira";"07:10:00";"CE";116;19;"EUSEBIO";"Falta de Atenção à Condução";"Colisão traseira";"Sem Vítimas";"Pleno dia";"Decrescente";"Nublado";"Dupla";"Reta";"Não";3;0;0;0;3;0;0;3;-3,91690814;-38,50674212;"SPRF-CE";"DEL01-CE";"UOP02-DEL01-CE"
161405;2018-09-24;"segunda-feira";"07:25:00";"SC";470;47,9;"BLUMENAU";"Desobediência às normas de trânsito pelo condutor";"Colisão transversal";"Com Vítimas Feridas";"Pleno dia";"Crescente";"Nublado";"Simples";"Reta";"Sim";2;0;1;0;1;0;1;2;-26,86044756;-49,05392557;"SPRF-SC";"DEL04-SC";"UOP01-DEL04-SC"
161406;2018-09-24;"segunda-feira";"06:20:00";"SP";116;222;"GUARULHOS";"Falta de Atenção à Condução";"Colisão lateral";"Com Vítimas Feridas";"Pleno dia";"Crescente";"Sol";"Múltipla";"Reta";"Não";2;0;1;0;1;0;1;2;-23,47773256;-46,54237747;"SPRF-SP";"DEL01-SP";"UOP01-DEL01-SP"
161407;2018-09-24;"segunda-feira";"07:00:00";"PR";476;142;"CURITIBA";"Falta de Atenção à Condução";"Colisão traseira";"Com Vítimas Feridas";"Pleno dia";"Decrescente";"Céu Claro";"Dupla";"Reta";"Sim";2;0;1;0;1;0;1;2;-25,533787;-49,30057255;"SPRF-PR";"DEL01-PR";"UOP07-DEL01-PR"
161408;2018-09-24;"segunda-feira";"07:10:00";"RJ";101;256;"RIO BONITO";"Falta de Atenção à Condução";"Colisão com objeto estático";"Sem Vítimas";"Pleno dia";"Crescente";"Céu Claro";"Dupla";"Reta";"Não";1;0;0;0;1;0;0;1;-22,696228;-42,568623;"SPRF-RJ";"DEL02-RJ";"UOP03-DEL02-RJ"
161410;2018-09-24;"segunda-feira";"07:30:00";"SP";381;43,7;"ATIBAIA";"Falta de Atenção à Condução";"Tombamento";"Com Vítimas Feridas";"Pleno dia";"Crescente";"Sol";"Simples";"Rotatória";"Sim";2;0;2;0;0;0;2;1;-23,16007638;-46,57447193;"SPRF-SP";"DEL03-SP";"UOP01-DEL03-SP"
161413;2018-09-24;"segunda-feira";"08:00:00";"SP";116;2;"GUARULHOS";"Desobediência às normas de trânsito pelo condutor";"Colisão lateral";"Com Vítimas Feridas";"Pleno dia";"Crescente";"Sol";"Dupla";"Reta";"Não";3;0;1;0;2;0;1;3;-23,45427037;-46,4907074;"SPRF-SP";"DEL01-SP";"UOP01-DEL01-SP"
161414;2018-09-24;"segunda-feira";"08:20:00";"AL";316;259;"PILAR";"Falta de Atenção à Condução";"Engavetamento";"Sem Vítimas";"Pleno dia";"Crescente";"Chuva";"Simples";"Reta";"Não";3;0;0;0;3;0;0;3;-9,590915;-35,9394;"SPRF-AL";"DEL02-AL";"UOP01-DEL02-AL"
161415;2018-09-24;"segunda-feira";"08:10:00";"PR";277;723,9;"FOZ DO IGUACU";"Falta de Atenção à Condução";"Colisão transversal";"Com Vítimas Feridas";"Pleno dia";"Decrescente";"Céu Claro";"Dupla";"Reta";"Sim";2;0;1;0;1;0;1;2;-25,50224227;-54,53745246;"SPRF-PR";"DEL05-PR";"UOP01-DEL05-PR"
161417;2018-09-24;"segunda-feira";"08:00:00";"PA";316;0,1;"BELEM";"Falta de Atenção à Condução";"Colisão traseira";"Com Vítimas Feridas";"Pleno dia";"Decrescente";"Sol";"Dupla";"Reta";"Sim";2;0;1;0;1;0;1;2;-1,40727793;-48,43602777;"SPRF-PA";"DEL01-PA";"DEL19/1-UOP05/PA"
161418;2018-09-24;"segunda-feira";"09:35:00";"PE";104;67,8;"CARUARU";"Velocidade Incompatível";"Saída de leito carroçável";"Sem Vítimas";"Pleno dia";"Crescente";"Chuva";"Dupla";"Viaduto";"Sim";1;0;0;0;1;0;0;1;-8,29872509;-35,98923683;"SPRF-PE";"DEL02-PE";"UOP01-DEL02-PE"
161419;2018-09-24;"segunda-feira";"08:20:00";"AL";316;259;"PILAR";"Não guardar distância de segurança";"Colisão lateral";"Sem Vítimas";"Pleno dia";"Crescente";"Chuva";"Simples";"Reta";"Não";3;0;0;0;2;1;0;3;-9,59178977;-35,91221988;"SPRF-AL";"DEL02-AL";"UOP01-DEL02-AL"