"id";"data_inversa";"dia_semana";"horario";"uf";"br";"km";"municipio";"causa_acidente";"tipo_acidente";"classificacao_acidente";"fase_dia";"sentido_via";"condicao_metereologica";"tipo_pista";"tracado_via";"uso_solo";"pessoas";"mortos";"feridos_leves";"feridos_graves";"ilesos";"ignorados";"feridos";"veiculos";"latitude";"longitude";"regional";"delegacia";"uop"
161421;2018-09-24;"segunda-feira";"08:00:00";"SC";282;570;"NOVA ERECHIM";"Falta de Atenção à Condução";"Colisão traseira";"Sem Vítimas";"Pleno dia";"Crescente";"Céu Claro";"Simples";"Reta";"Não";2;0;0;0;2;0;0;2;-26,89368;-52,92601;"SPRF-SC";"DEL07-SC";"UOP02-DEL07-SC"
161422;2018-09-24;"segunda-feira";"07:50:00";"SP";116;136,2;"SAO JOSE DOS CAMPOS";"Não guardar distância de segurança";"Colisão traseira";"Com Vítimas Feridas";"Pleno dia";"Crescente";"Céu Claro";"Dupla";"Reta";"Não";4;0;1;0;3;0;1;4;-23,148764;-45,778675;"SPRF-SP";"DEL06-SP";"UOP02-DEL02-SP"
161425;2018-09-24;"segunda-feira";"09:55:00";"PE";408;70,9;"PAUDALHO";"Falta de Atenção à Condução";"Saída de leito carroçável";"Sem Vítimas";"Pleno dia";"Crescente";"Sol";"Dupla";"Curva";"Sim";1;0;0;0;1;0;0;1;-7,88606124;-35,18083513;"SPRF-PE";"DEL01-PE";"UOP01-DEL01-PE"
161426;2018-09-24;"segunda-feira";"10:00:00";"RS";285;474,4;"CORONEL BARROS";"Velocidade Incompatível";"Saída de leito carroçável";"Com Vítimas Feridas";"Pleno dia";"Decrescente";"Chuva";"Simples";"Reta;Declive";"Não";2;0;1;0;1;0;1;1;-28,38298573;-54,04977322;"SPRF-RS";"DEL10-RS";"UOP01-DEL10-RS"
161429;2018-09-24;"segunda-feira";"10:00:00";"MG";381;888,9;"CAMBUI";"Falta de Atenção à Condução";"Capotamento";"Com Vítimas Feridas";"Pleno dia";"Decrescente";"Céu Claro";"Dupla";"Curva";"Não";1;0;1;0;0;0;1;1;-22,5331;-46,0297;"SPRF-MG";"DEL16-MG";"UOP03-DEL16-MG"
161430;2018-09-24;"segunda-feira";"08:30:00";"CE";116;3,1;"FORTALEZA";"Falta de Atenção à Condução";"Colisão traseira";"Sem Vítimas";"Pleno dia";"Crescente";"Sol";"Dupla";"Viaduto";"Sim";4;0;0;0;4;0;0;4;-3,78044541;-38,51561487;"SPRF-CE";"DEL01-CE";"UOP02-DEL01-CE"
161431;2018-09-22;"sábado";"12:30:00";"BA";324;530;"FEIRA DE SANTANA";"Velocidade Incompatível";"Queda de ocupante de veículo";"Com Vítimas Feridas";"Pleno dia";"Crescente";"Sol";"Dupla";"Curva";"Não";1;0;1;0;0;0;1;1;-12,33734822;-38,84974658;"SPRF-BA";"DEL01-BA";"UOP01-DEL01-BA"
161432;2018-08-21;"terça-feira";"08:30:00";"PR";369;175;"ROLANDIA";"Falta de Atenção à Condução";"Colisão traseira";"Com Vítimas Feridas";"Pleno dia";"Crescente";"Ignorado";"Simples";"Reta";"Sim";3;0;1;0;2;0;1;2;-23,35128865;-51,38783986;"SPRF-PR";"DEL07-PR";"UOP01-DEL07-PR"
161435;2018-09-24;"segunda-feira";"10:40:00";"PI";343;341;"TERESINA";"Falta de Atenção à Condução";"Colisão traseira";"Com Vítimas Feridas";"Pleno dia";"Crescente";"Céu Claro";"Simples";"Reta";"Não";3;0;0;1;2;0;1;2;-5,077812;-42,744255;"SPRF-PI";"DEL01-PI";"UOP01-DEL01-PI"
161436;2018-09-24;"segunda-feira";"06:55:00";"MA";10;252;"IMPERATRIZ";"Desobediência às normas de trânsito pelo pedestre";"Atropelamento de Pedestre";"Com Vítimas Feridas";"Pleno dia";"Decrescente";"Sol";"Simples";"Reta";"Sim";2;0;0;1;1;0;1;2;-5,53600709;-47,46971369;"SPRF-MA";"DEL04-MA";"UOP01-DEL04-MA"
161438;2018-09-24;"segunda-feira";"09:30:00";"MG";365;629,7;"UBERLANDIA";"Falta de Atenção à Condução";"Colisão lateral";"Com Vítimas Feridas";"Pleno dia";"Crescente";"Sol";"Dupla";"Retorno Regulamentado";"Sim";1;0;1;0;0;0;1;1;-18,90523089;-48,33834171;"SPRF-MG";"DEL15-MG";"UOP01-DEL15-MG"
161439;2018-09-24;"segunda-feira";"08:50:00";"PR";476;117;"COLOMBO";"Falta de Atenção do Pedestre";"Atropelamento de Pedestre";"Com Vítimas Feridas";"Pleno dia";"Crescente";"Céu Claro";"Múltipla";"Reta";"Sim";2;0;0;1;1;0;1;2;-25,348623;-49,175663;"SPRF-PR";"DEL01-PR";"UOP01-DEL01-PR"
161440;2018-09-09;"domingo";"20:00:00";"GO";50;271,8;"CATALAO";"Desobediência às normas de trânsito pelo condutor";"Colisão frontal";"Com Vítimas Fatais";"Plena Noite";"Decrescente";"Céu Claro";"Simples";"Declive";"Não";10;3;0;3;4;0;3;3;-18,1158;-47,8936;"SPRF-GO";"DEL06-GO";"UOP01-DEL06-GO"
161448;2018-09-24;"segunda-feira";"11:35:00";"PA";316;8;"ANANINDEUA";"Falta de Atenção do Pedestre";"Atropelamento de Pedestre";"Com Vítimas Feridas";"Pleno dia";"Crescente";"Céu Claro";"Dupla";"Reta";"Sim";2;0;0;2;0;0;2;2;-1,366236;-48,367805;"SPRF-PA";"DEL01-PA";"DEL19/1-UOP05/PA"
161450;2018-09-24;"segunda-feira";"12:00:00";"MG";40;510,5;"RIBEIRAO DAS NEVES";"Falta de Atenção à Condução";"Colisão traseira";"Com Vítimas Feridas";"Pleno dia";"Decrescente";"Céu Claro";"Dupla";"Reta";"Sim";2;0;2;0;0;0;2;1;-19,77877871;-44,11963463;"SPRF-MG";"DEL01-MG";"UOP03-DEL01-MG"
161451;2018-03-15;"quinta-feira";"22:00:00";"PA";230;111;"MARABA";"Restrição de Visibilidade";"Saída de leito carroçável";"Com Vítimas Feridas";"Plena Noite";"Decrescente";"Chuva";"Simples";"Reta";"Não";2;0;2;0;0;0;2;1;-5,39043736;-48,97636414;"SPRF-PA";"DEL03-PA";"UOP01-DEL03-PA"
161452;2018-08-20;"segunda-feira";"22:38:00";"PR";369;171;"ROLANDIA";"Objeto estático sobre o leito carroçável";"Colisão com objeto estático";"Com Vítimas Feridas";"Plena Noite";"Crescente";"Ignorado";"Simples";"Reta";"Sim";4;0;0;1;0;3;1;2;-23,311647;-51,3716832;"SPRF-PR";"DEL07-PR";"UOP01-DEL07-PR"
161454;2018-09-24;"segunda-feira";"12:50:00";"MG";381;3,3;"BETIM";"Velocidade Incompatível";"Saída de leito carroçável";"Com Vítimas Feridas";"Pleno dia";"Decrescente";"Sol";"Dupla";"Curva";"Não";3;0;2;0;1;0;2;1;-19,96825;-44,198708;"SPRF-MG";"DEL01-MG";"UOP03-DEL01-MG"
161455;2018-09-24;"segunda-feira";"13:00:00";"PR";373;230,3;"IMBITUVA";"Desobediência às normas de trânsito pelo condutor";"Colisão lateral";"Com Vítimas Feridas";"Pleno dia";"Crescente";"Céu Claro";"Simples";"Reta";"Não";2;0;1;0;1;0;1;2;-25,17904;-50,658776;"SPRF-PR";"DEL03-PR";"UOP01-DEL03-PR"
161458;2018-09-24;"segunda-feira";"11:45:00";"SC";280;130,2;"RIO NEGRINHO";"Falta de Atenção à Condução";"Colisão lateral";"Com Vítimas Feridas";"Pleno dia";"Crescente";"Céu Claro";"Simples";"Ponte";"Sim";2;0;1;0;1;0;1;2;-26,253033;-49,529274;"SPRF-SC";"DEL06-SC";"UOP03-DEL06-SC"
161459;2018-09-24;"segunda-feira";"12:50:00";"SC";101;188;"BIGUACU";"Falta de Atenção à Condução";"Colisão traseira";"Com Vítimas Feridas";"Pleno dia";"Decrescente";"Céu Claro";"Dupla";"Reta";"Não";2;0;1;0;1;0;1;2;-27,45832075;-48,63841653;"SPRF-SC";"DEL01-SC";"UOP01-DEL01-SC"
161460;2018-09-23;"domingo";"22:00:00";"BA";407;105,4;"JAGUARARI";"Condutor Dormindo";"Saída de leito carroçável";"Com Vítimas Feridas";"Plena Noite";"Decrescente";"Céu Claro";"Simples";"Reta";"Não";1;0;0;1;0;0;1;1;-10,27531278;-40,17531753;"SPRF-BA";"DEL04-BA";"UOP01-DEL04-BA"
161461;2018-09-24;"segunda-feira";"11:30:00";"GO";60;47,5;"ABADIANIA";"Falta de Atenção à Condução";"Colisão transversal";"Com Vítimas Feridas";"Pleno dia";"Crescente";"Céu Claro";"Dupla";"Retorno Regulamentado";"Não";4;0;3;0;1;0;3;2;-16,1464;-48,6047;"SPRF-GO";"DEL02-GO";"UOP01-DEL02-GO"
161462;2018-09-24;"segunda-feira";"13:40:00";"RJ";493;1;"ITABORAI";"Falta de Atenção à Condução";"Colisão transversal";"Com Vítimas Feridas";"Pleno dia";"Crescente";"Céu Claro";"Dupla";"Declive";"Sim";2;0;1;0;1;0;1;2;-22,763901;-42,927532;"SPRF-RJ";"DEL04-RJ";"UOP02-DEL04-RJ"
161463;2018-09-24;"segunda-feira";"13:30:00";"GO";153;492;"GOIANIA";"Defeito Mecânico no Veículo";"Saída de leito carroçável";"Com Vítimas Feridas";"Pleno dia";"Decrescente";"Sol";"Dupla";"Curva";"Não";1;0;1;0;0;0;1;1;-16,6461;-49,2114;"SPRF-GO";"DEL01-GO";"UOP01-DEL01-GO"
161464;2018-09-24;"segunda-feira";"08:00:00";"SC";282;638,7;"DESCANSO";"Falta de Atenção à Condução";"Saída de leito carroçável";"Sem Vítimas";"Pleno dia";"Decrescente";"Céu Claro";"Simples";"Curva";"Não";1;0;0;0;0;1;0;1;-26,800833;-53,448235;"SPRF-SC";"DEL07-SC";"UOP03-DEL07-SC"
161465;2018-06-14;"quinta-feira";"17:45:00";"CE";116;10;"FORTALEZA";"Falta de Atenção do Pedestre";"Atropelamento de Pedestre";"Com Vítimas Feridas";"Anoitecer";"Crescente";"Céu Claro";"Dupla";"Reta";"Sim";4;0;3;0;1;0;3;3;-3,835597;-38,502899;"SPRF-CE";"DEL01-CE";"UOP02-DEL01-CE"
161467;2018-09-24;"segunda-feira";"13:25:00";"GO";153;55,7;"PORANGATU";"Pista Escorregadia";"Saída de leito carroçável";"Com Vítimas Fatais";"Pleno dia";"Crescente";"Chuva";"Simples";"Declive;Reta";"Não";3;2;0;1;0;0;1;1;-13,293171;-49,123833;"SPRF-GO";"DEL07-GO";"UOP01-DEL07-GO"
161468;2018-09-24;"segunda-feira";"13:15:00";"RJ";116;40;"TERESOPOLIS";"Falta de Atenção à Condução";"Colisão transversal";"Com Vítimas Feridas";"Pleno dia";"Crescente";"Céu Claro";"Simples";"Reta";"Sim";3;0;0;1;2;0;1;2;-22,133427;-42,779522;"SPRF-RJ";"DEL04-RJ";"UOP01-DEL04-RJ"
161469;2018-09-24;"segunda-feira";"13:00:00";"MT";163;102,6;"RONDONOPOLIS";"Falta de Atenção à Condução";"Saída de leito carroçável";"Com Vítimas Feridas";"Pleno dia";"Crescente";"Céu Claro";"Dupla";"Curva";"Não";4;0;4;0;0;0;4;1;-16,64506;-54,689938;"SPRF-MT";"DEL02-MT";"DEL2/2-UOP02/MT"
161470;2018-09-24;"segunda-feira";"14:30:00";"PR";277;6,6;"PARANAGUA";"Falta de Atenção à Condução";"Colisão transversal";"Com Vítimas Feridas";"Pleno dia";"Crescente";"Sol";"Simples";"Rotatória";"Sim";2;0;2;0;0;0;2;2;-25,51508192;-48,52282941;"SPRF-PR";"DEL01-PR";"UOP05-DEL01-PR"
161472;2018-09-24;"segunda-feira";"14:30:00";"MG";381;478,5;"CONTAGEM";"Desobediência às normas de trânsito pelo condutor";"Colisão traseira";"Com Vítimas Feridas";"Pleno dia";"Decrescente";"Céu Claro";"Simples";"Reta";"Sim";2;0;1;0;1;0;1;2;-19,9643;-44,044;"SPRF-MG";"DEL01-MG";"UOP03-DEL01-MG"
161474;2018-09-24;"segunda-feira";"12:30:00";"PR";116;17;"CURITIBA";"Defeito Mecânico no Veículo";"Saída de leito carroçável";"Com Vítimas Feridas";"Pleno dia";"Crescente";"Céu Claro";"Dupla";"Reta";"Sim";2;0;2;0;0;0;2;1;-25,389;-49,1867;"SPRF-PR";"DEL01-PR";"UOP02-DEL01-PR"
161475;2018-09-24;"segunda-feira";"14:30:00";"PI";316;275,7;"DOM EXPEDITO LOPES";"Falta de Atenção à Condução";"Saída de leito carroçável";"Com Vítimas Feridas";"Pleno dia";"Decrescente";"Sol";"Simples";"Curva";"Não";2;0;1;1;0;0;2;1;-6,95062424;-41,6963768;"SPRF-PI";"DEL04-PI";"UOP01-DEL04-PI"
161476;2018-09-24;"segunda-feira";"15:00:00";"PE";101;45;"IGARASSU";"Falta de Atenção à Condução";"Colisão traseira";"Sem Vítimas";"Pleno dia";"Crescente";"Sol";"Múltipla";"Reta";"Sim";2;0;0;0;2;0;0;2;-7,8728;-34,9061;"SPRF-PE";"DEL01-PE";"UOP02-DEL01-PE"
161481;2018-09-24;"segunda-feira";"15:20:00";"RS";116;250,9;"SAO LEOPOLDO";"Falta de Atenção à Condução";"Colisão com objeto estático";"Com Vítimas Feridas";"Pleno dia";"Crescente";"Céu Claro";"Múltipla";"Em Obras";"Sim";1;0;1;0;0;0;1;1;-29,79672699;-51,16512448;"SPRF-RS";"DEL01-RS";"UOP02-DEL01-RS"
161482;2018-09-24;"segunda-feira";"14:45:00";"SC";282;350,7;"CAMPOS NOVOS";"Defeito Mecânico no Veículo";"Incêndio";"Sem Vítimas";"Pleno dia";"Decrescente";"Garoa/Chuvisco";"Simples";"Reta";"Não";1;0;0;0;1;0;0;1;-27,358767;-51,29229;"SPRF-SC";"DEL07-SC";"UOP06-DEL07-SC"
161484;2018-09-24;"segunda-feira";"15:20:00";"MT";163;834;"SINOP";"Objeto estático sobre o leito carroçável";"Queda de ocupante de veículo";"Com Vítimas Feridas";"Pleno dia";"Decrescente";"Céu Claro";"Dupla";"Reta";"Sim";1;0;1;0;0;0;1;1;-11,85391119;-55,49331665;"SPRF-MT";"DEL06-MT";"UOP01-DEL06-MT"
161490;2018-09-24;"segunda-feira";"14:40:00";"RO";364;184,3;"PIMENTA BUENO";"Defeito Mecânico no Veículo";"Incêndio";"Sem Vítimas";"Pleno dia";"Decrescente";"Céu Claro";"Simples";"Reta";"Não";1;0;0;0;1;0;0;1;-11,748343;-61,099277;"SPRF-RO";"DEL02-RO";"UOP02-DEL02-RO"
161491;2018-09-24;"segunda-feira";"17:15:00";"MG";381;577;"CARMOPOLIS DE MINAS";"Ingestão de Álcool";"Queda de ocupante de veículo";"Com Vítimas Feridas";"Pleno dia";"Crescente";"Céu Claro";"Dupla";"Reta";"Não";1;0;1;0;0;0;1;1;-20,4846;-44,591;"SPRF-MG";"DEL04-MG";"UOP03-DEL04-MG"
161492;2018-09-24;"segunda-feira";"16:30:00";"RO";364;340,5;"JI-PARANA";"Desobediência às normas de trânsito pelo condutor";"Colisão lateral";"Sem Vítimas";"Pleno dia";"Crescente";"Céu Claro";"Dupla";"Interseção de Vias";"Sim";3;0;0;0;3;0;0;2;-10,89450226;-61,93032861;"SPRF-RO";"DEL02-RO";"UOP01-DEL02-RO"
161493;2018-09-24;"segunda-feira";"17:20:00";"SP";116;288;"ITAPECERICA DA SERRA";"Não guardar distância de segurança";"Tombamento";"Com Vítimas Feridas";"Pleno dia";"Crescente";"Sol";"Simples";"Curva";"Não";1;0;1;0;0;0;1;1;-23,70622069;-46,8746227;"SPRF-SP";"DEL04-SP";"UOP01-DEL04-SP"
161494;2018-09-24;"segunda-feira";"17:00:00";"RJ";116;220;"PIRAI";"Falta de Atenção à Condução";"Capotamento";"Sem Vítimas";"Pleno dia";"Decrescente";"Nevoeiro/Neblina";"Simples";"Curva";"Não";1;0;0;0;1;0;0;1;-22,700907;-43,757046;"SPRF-RJ";"DEL07-RJ";"UOP01-DEL07-RJ"
161496;2018-09-24;"segunda-feira";"16:45:00";"ES";101;72,5;"SAO MATEUS";"Falta de Atenção à Condução";"Queda de ocupante de veículo";"Com Vítimas Feridas";"Pleno dia";"Decrescente";"Céu Claro";"Simples";"Reta";"Não";1;0;1;0;0;0;1;1;-18,76737681;-39,86543655;"SPRF-ES";"DEL04-ES";"UOP02-DEL04-ES"
161497;2018-09-24;"segunda-feira";"17:30:00";"PR";376;177,7;"MARINGA";"Falta de Atenção à Condução";"Colisão traseira";"Com Vítimas Feridas";"Pleno dia";"Crescente";"Céu Claro";"Dupla";"Reta";"Sim";2;0;1;0;1;0;1;2;-23,4157613;-51,92344666;"SPRF-PR";"DEL07-PR";"UOP01-DEL09-PR"
161500;2018-09-24;"segunda-feira";"17:15:00";"RJ";101;274,3;"TANGUA";"Falta de Atenção do Pedestre";"Atropelamento de Pedestre";"Com Vítimas Feridas";"Pleno dia";"Decrescente";"Céu Claro";"Simples";"Reta";"Sim";2;0;1;0;1;0;1;2;-22,735075;-42,719509;"SPRF-RJ";"DEL02-RJ";"UOP03-DEL02-RJ"
161502;2018-09-24;"segunda-feira";"13:50:00";"SC";158;132;"CAIBI";"Falta de Atenção à Condução";"Colisão lateral";"Com Vítimas Fatais";"Pleno dia";"Decrescente";"Chuva";"Simples";"Curva";"Não";2;1;1;0;0;0;1;2;-27,05729132;-53,2277298;"SPRF-SC";"DEL07-SC";"UOP02-DEL07-SC"
161503;2018-09-24;"segunda-feira";"17:50:00";"RS";290;723;"URUGUAIANA";"Falta de Atenção à Condução";"Tombamento";"Com Vítimas Feridas";"Anoitecer";"Crescente";"Céu Claro";"Simples";"Curva";"Sim";2;0;2;0;0;0;2;1;-29,74799201;-57,07836807;"SPRF-RS";"DEL13-RS";"UOP01-DEL13-RS"
161505;2018-09-24;"segunda-feira";"18:20:00";"PI";343;277,6;"CAMPO MAIOR";"Ultrapassagem Indevida";"Colisão lateral";"Com Vítimas Feridas";"Anoitecer";"Decrescente";"Céu Claro";"Simples";"Reta";"Não";1;0;1;0;0;0;1;1;-4,898688;-42,244488;"SPRF-PI";"DEL01-PI";"UOP03-DEL01-PI"
161506;2018-09-24;"segunda-feira";"18:20:00";"PE";408;81;"PAUDALHO";"Falta de Atenção do Pedestre";"Atropelamento de Pedestre";"Com Vítimas Fatais";"Plena Noite";"Decrescente";"Céu Claro";"Dupla";"Reta";"Sim";2;1;0;0;0;1;0;2;-7,93801519;-35,12692273;"SPRF-PE";"DEL01-PE";"UOP01-DEL01-PE"
161507;2018-09-24;"segunda-feira";"18:55:00";"SP";116;156,6;"SAO JOSE DOS CAMPOS";"Ingestão de Álcool";"Atropelamento de Pedestre";"Com Vítimas Feridas";"Plena Noite";"Crescente";"Céu Claro";"Múltipla";"Reta";"Sim";2;0;1;1;0;0;2;2;-23,25211082;-45,93870878;"SPRF-SP";"DEL02-SP";"UOP01-DEL02-SP"
161508;2018-09-24;"segunda-feira";"18:45:00";"PR";369;178;"ROLANDIA";"Desobediência às normas de trânsito pelo condutor";"Colisão transversal";"Com Vítimas Feridas";"Plena Noite";"Decrescente";"Céu Claro";"Simples";"Reta";"Sim";3;0;2;0;1;0;2;2;-23,34258091;-51,38704777;"SPRF-PR";"DEL07-PR";"UOP01-DEL07-PR"
161511;2018-09-24;"segunda-feira";"18:45:00";"ES";101;260,7;"SERRA";"Não guardar distância de segurança";"Colisão frontal";"Com Vítimas Feridas";"Plena Noite";"Decrescente";"Céu Claro";"Dupla";"Aclive;Curva";"Sim";3;0;1;0;2;0;1;2;-20,14742487;-40,28077126;"SPRF-ES";"DEL02-ES";"UOP01-DEL02-ES"
161513;2018-09-24;"segunda-feira";"19:05:00";"SC";470;69;"INDAIAL";"Falta de Atenção à Condução";"Colisão transversal";"Com Vítimas Feridas";"Plena Noite";"Crescente";"Nublado";"Simples";"Rotatória";"Não";2;0;1;0;1;0;1;2;-26,88380868;-49,24697572;"SPRF-SC";"DEL04-SC";"UOP01-DEL04-SC"
161515;2018-08-26;"domingo";"14:30:00";"RJ";40;100;"DUQUE DE CAXIAS";"Pista Escorregadia";"Tombamento";"Sem Vítimas";"Pleno dia";"Decrescente";"Chuva";"Simples";"Curva";"Não";1;0;0;0;1;0;0;1;-22,64332708;-43,28134579;"SPRF-RJ";"DEL06-RJ";"UOP01-DEL06-RJ"
161517;2018-09-24;"segunda-feira";"19:05:00";"SC";282;506,8;"XANXERE";"Falta de Atenção à Condução";"Colisão lateral";"Sem Vítimas";"Plena Noite";"Decrescente";"Chuva";"Dupla";"Retorno Regulamentado";"Sim";2;0;0;0;2;0;0;2;-26,8853302;-52,43426062;"SPRF-SC";"DEL07-SC";"UOP01-DEL07-SC"
161518;2018-09-24;"segunda-feira";"19:10:00";"RJ";116;106;"GUAPIMIRIM";"Não guardar distância de segurança";"Colisão lateral";"Com Vítimas Feridas";"Plena Noite";"Crescente";"Céu Claro";"Dupla";"Reta";"Não";2;0;0;1;0;1;1;2;-22,545827;-42,987431;"SPRF-RJ";"DEL04-RJ";"UOP02-DEL04-RJ"
161519;2018-09-24;"segunda-feira";"19:20:00";"PA";222;102;"RONDON DO PARA";"Desobediência às normas de trânsito pelo condutor";"Colisão traseira";"Com Vítimas Fatais";"Plena Noite";"Crescente";"Céu Claro";"Simples";"Reta";"Não";7;1;4;1;0;1;5;3;-4,752414;-48,041134;"SPRF-PA";"DEL02-PA";"UOP02-DEL02-PA"
161520;2018-09-24;"segunda-feira";"18:25:00";"BA";367;61;"PORTO SEGURO";"Falta de Atenção do Pedestre";"Atropelamento de Pedestre";"Sem Vítimas";"Anoitecer";"Crescente";"Céu Claro";"Simples";"Reta";"Sim";1;0;0;0;1;0;0;1;-16,390738;-39,392445;"SPRF-BA";"DEL09-BA";"UOP01-DEL09-BA"
161521;2018-09-24;"segunda-feira";"19:40:00";"ES";101;148,6;"LINHARES";"Não guardar distância de segurança";"Colisão traseira";"Com Vítimas Feridas";"Plena Noite";"Crescente";"Céu Claro";"Simples";"Reta";"Sim";2;0;0;1;1;0;1;2;-19,39856114;-40,06306171;"SPRF-ES";"DEL04-ES";"UOP01-DEL04-ES"
161523;2018-08-05;"domingo";"08:00:00";"BA";242;388;"PALMEIRAS";"Defeito na Via";"Saída de leito carroçável";"Com Vítimas Feridas";"Pleno dia";"Crescente";"Céu Claro";"Simples";"Curva";"Não";1;0;1;0;0;0;1;1;-12,450456;-41,588406;"SPRF-BA";"DEL10-BA";"UOP03-DEL06-BA"
161524;2018-09-09;"domingo";"18:30:00";"SP";116;270,1;"TABOAO DA SERRA";"Falta de Atenção à Condução";"Colisão lateral";"Com Vítimas Feridas";"Anoitecer";"Crescente";"Céu Claro";"Dupla";"Reta";"Sim";3;0;2;0;1;0;2;2;-23,60758966;-46,7662105;"SPRF-SP";"DEL04-SP";"UOP01-DEL04-SP"
161527;2018-09-24;"segunda-feira";"17:40:00";"MA";10;154;"PORTO FRANCO";"Desobediência às normas de trânsito pelo condutor";"Colisão transversal";"Com Vítimas Feridas";"Pleno dia";"Decrescente";"Céu Claro";"Simples";"Reta;Declive";"Não";2;0;0;1;1;0;1;2;-6,373761;-47,380894;"SPRF-MA";"DEL04-MA";"UOP02-DEL04-MA"
161529;2018-09-24;"segunda-feira";"18:35:00";"ES";101;261;"SERRA";"Falta de Atenção à Condução";"Colisão lateral";"Com Vítimas Feridas";"Plena Noite";"Crescente";"Céu Claro";"Simples";"Reta";"Não";3;0;2;1;0;0;3;2;-20,15282575;-40,27836587;"SPRF-ES";"DEL02-ES";"UOP01-DEL02-ES"
161531;2018-09-24;"segunda-feira";"18:30:00";"BA";116;16,3;"ABARE";"Animais na Pista";"Atropelamento de Animal";"Com Vítimas Feridas";"Plena Noite";"Crescente";"Céu Claro";"Simples";"Reta";"Não";2;0;1;0;1;0;1;1;-8,762793;-39,260801;"SPRF-PE";"DEL05-PE";"UOP03-DEL05-PE"
161533;2018-09-24;"segunda-feira";"13:30:00";"AP";156;820;"OIAPOQUE";"Ingestão de Álcool";"Colisão traseira";"Com Vítimas Feridas";"Pleno dia";"Decrescente";"Sol";"Simples";"Reta";"Sim";2;0;0;1;1;0;1;2;3,84070451;-51,82270825;"SPRF-AP";"DEL01-AP";"UOP03-DEL01-AP"
161534;2018-09-24;"segunda-feira";"17:00:00";"PR";277;0,5;"PARANAGUA";"Desobediência às normas de trânsito pelo condutor";"Colisão transversal";"Com Vítimas Feridas";"Pleno dia";"Decrescente";"Céu Claro";"Dupla";"Reta";"Sim";3;0;2;0;0;1;2;3;-25,55608503;-48,56275946;"SPRF-PR";"DEL01-PR";"UOP05-DEL01-PR"
161535;2018-09-24;"segunda-feira";"19:00:00";"RN";110;37;"MOSSORO";"Falta de Atenção à Condução";"Atropelamento de Pedestre";"Com Vítimas Feridas";"Plena Noite";"Decrescente";"Céu Claro";"Simples";"Reta";"Não";2;0;1;0;1;0;1;2;-5,16877223;-37,24794778;"SPRF-RN";"DEL04-RN";"UOP01-DEL04-RN"
161536;2018-09-24;"segunda-feira";"20:40:00";"SC";101;93,4;"BARRA VELHA";"Defeito na Via";"Colisão com objeto estático";"Com Vítimas Feridas";"Plena Noite";"Crescente";"Garoa/Chuvisco";"Dupla";"Reta";"Não";1;0;0;1;0;0;1;1;-26,7046;-48,7005;"SPRF-SC";"DEL03-SC";"UOP02-DEL03-SC"
161537;2018-09-24;"segunda-feira";"21:00:00";"RJ";40;112;"DUQUE DE CAXIAS";"Falta de Atenção à Condução";"Colisão traseira";"Com Vítimas Feridas";"Plena Noite";"Crescente";"Céu Claro";"Múltipla";"Reta";"Não";3;0;1;0;2;0;1;2;-22,7102;-43,2902;"SPRF-RJ";"DEL01-RJ";"UOP01-DEL01-RJ"
161542;2018-09-24;"segunda-feira";"21:00:00";"MG";40;629,1;"CONSELHEIRO LAFAIETE";"Falta de Atenção à Condução";"Colisão transversal";"Com Vítimas Feridas";"Plena Noite";"Decrescente";"Céu Claro";"Simples";"Reta";"Sim";2;0;2;0;0;0;2;2;-20,65587603;-43,8063848;"SPRF-MG";"DEL05-MG";"UOP02-DEL05-MG"
161543;2018-09-24;"segunda-feira";"19:50:00";"SC";101;134;"BALNEARIO CAMBORIU";"Desobediência às normas de trânsito pelo condutor";"Colisão transversal";"Com Vítimas Feridas";"Plena Noite";"Crescente";"Céu Claro";"Simples";"Interseção de Vias";"Sim";3;0;1;2;0;0;3;2;-27,0049;-48,6266;"SPRF-SC";"DEL04-SC";"UOP03-DEL04-SC"
161544;2018-09-08;"sábado";"05:00:00";"AP";156;474;"TARTARUGALZINHO";"Desobediência às normas de trânsito pelo pedestre";"Atropelamento de Pedestre";"Com Vítimas Fatais";"Amanhecer";"Crescente";"Céu Claro";"Simples";"Reta";"Não";2;1;0;0;0;1;0;2;1,51355541;-50,91693699;"SPRF-AP";"DEL01-AP";"UOP02-DEL01-AP"
161545;2018-09-24;"segunda-feira";"23:00:00";"ES";262;6,5;"CARIACICA";"Desobediência às normas de trânsito pelo condutor";"Colisão transversal";"Com Vítimas Feridas";"Plena Noite";"Decrescente";"Céu Claro";"Múltipla";"Interseção de Vias";"Sim";3;0;0;2;1;0;2;2;-20,34238365;-40,40139556;"SPRF-ES";"DEL01-ES";"UOP01-DEL01-ES"
161547;2018-09-24;"segunda-feira";"20:30:00";"PR";163;128,9;"REALEZA";"Desobediência às normas de trânsito pelo condutor";"Saída de leito carroçável";"Com Vítimas Feridas";"Plena Noite";"Decrescente";"Nublado";"Simples";"Reta;Aclive";"Não";2;0;0;2;0;0;2;1;-25,5935;-53,5609;"SPRF-PR";"DEL02-PR";"UOP02-DEL02-PR"