"id";"data_inversa";"dia_semana";"horario";"uf";"br";"km";"municipio";"causa_acidente";"tipo_acidente";"classificacao_acidente";"fase_dia";"sentido_via";"condicao_metereologica";"tipo_pista";"tracado_via";"uso_solo";"pessoas";"mortos";"feridos_leves";"feridos_graves";"ilesos";"ignorados";"feridos";"veiculos";"latitude";"longitude";"regional";"delegacia";"uop"
161684;2018-09-25;"terça-feira";"18:28:00";"PR";277;11,1;"PARANAGUA";"Falta de Atenção à Condução";"Colisão traseira";"Com Vítimas Feridas";"Plena Noite";"Crescente";"Céu Claro";"Dupla";"Reta";"Não";2;0;1;0;1;0;1;2;-25,56635902;-48,62328082;"SPRF-PR";"DEL01-PR";"UOP05-DEL01-PR"
161686;2018-09-25;"terça-feira";"16:40:00";"BA";116;8;"VITORIA DA CONQUISTA";"Falta de Atenção à Condução";"Colisão traseira";"Com Vítimas Feridas";"Pleno dia";"Decrescente";"Céu Claro";"Dupla";"Interseção de Vias";"Sim";3;0;2;0;1;0;2;2;-14,84417036;-40,88858664;"SPRF-BA";"DEL08-BA";"UOP01-DEL08-BA"
161687;2018-02-17;"sábado";"21:15:00";"SE";235;22,9;"LARANJEIRAS";"Ultrapassagem Indevida";"Colisão frontal";"Com Vítimas Fatais";"Plena Noite";"Crescente";"Chuva";"Simples";"Reta";"Não";3;2;0;1;0;0;1;2;-10,81880755;-37,24238488;"SPRF-SE";"DEL01-SE";"UOP01-DEL01-SE"
161690;2018-09-25;"terça-feira";"18:35:00";"PB";230;36,4;"SANTA RITA";"Defeito na Via";"Queda de ocupante de veículo";"Com Vítimas Feridas";"Plena Noite";"Crescente";"Céu Claro";"Dupla";"Reta";"Sim";2;0;2;0;0;0;2;1;-7,1246;-34,9473;"SPRF-PB";"DEL01-PB";"UOP01-DEL01-PB"
161691;2018-09-25;"terça-feira";"18:40:00";"RO";319;63,8;"PORTO VELHO";"Falta de Atenção à Condução";"Colisão transversal";"Com Vítimas Feridas";"Plena Noite";"Decrescente";"Céu Claro";"Múltipla";"Interseção de Vias";"Sim";4;0;1;1;2;0;2;2;-8,7660558;-63,88425518;"SPRF-RO";"DEL01-RO";"UOP01-DEL01-RO"
161693;2018-09-25;"terça-feira";"19:40:00";"GO";70;4;"AGUAS LINDAS DE GOIAS";"Deficiência ou não Acionamento do Sistema de Iluminação/Sinalização do Veículo";"Atropelamento de Pedestre";"Com Vítimas Feridas";"Plena Noite";"Crescente";"Nublado";"Dupla";"Reta";"Sim";4;0;2;1;1;0;3;2;-15,76190943;-48,23628902;"SPRF-DF";"DEL01-DF";"UOP02-DEL03-DF"
161694;2018-09-25;"terça-feira";"19:25:00";"MG";116;206,5;"CARAI";"Falta de Atenção à Condução";"Saída de leito carroçável";"Com Vítimas Fatais";"Plena Noite";"Crescente";"Céu Claro";"Simples";"Reta";"Sim";4;1;3;0;0;0;3;1;-17,290846;-41,518441;"SPRF-MG";"DEL11-MG";"UOP01-DEL11-MG"
161695;2018-09-25;"terça-feira";"13:30:00";"RO";364;14;"VILHENA";"Falta de Atenção à Condução";"Colisão transversal";"Com Vítimas Feridas";"Pleno dia";"Crescente";"Céu Claro";"Dupla";"Rotatória";"Sim";2;0;1;0;1;0;1;2;-12,738981;-60,139114;"SPRF-RO";"DEL04-RO";"UOP01-DEL04-RO"
161697;2018-09-25;"terça-feira";"19:45:00";"CE";116;13;"FORTALEZA";"Defeito na Via";"Queda de ocupante de veículo";"Com Vítimas Feridas";"Plena Noite";"Decrescente";"Céu Claro";"Múltipla";"Reta";"Sim";1;0;1;0;0;0;1;1;-3,8620343;-38,496851;"SPRF-CE";"DEL01-CE";"UOP02-DEL01-CE"
161698;2018-09-25;"terça-feira";"20:15:00";"PR";277;720,6;"FOZ DO IGUACU";"Animais na Pista";"Atropelamento de Animal";"Com Vítimas Feridas";"Plena Noite";"Crescente";"Céu Claro";"Dupla";"Reta";"Sim";1;0;1;0;0;0;1;1;-25,487492;-54,503212;"SPRF-PR";"DEL05-PR";"UOP01-DEL05-PR"
161700;2018-09-25;"terça-feira";"09:00:00";"RO";364;918;"PORTO VELHO";"Ultrapassagem Indevida";"Saída de leito carroçável";"Com Vítimas Feridas";"Pleno dia";"Decrescente";"Céu Claro";"Simples";"Curva";"Não";3;0;2;0;0;1;2;2;-9,74001972;-65,30015945;"SPRF-RO";"DEL01-RO";"UOP02-DEL01-RO"
161702;2018-09-25;"terça-feira";"18:25:00";"MG";116;533,8;"CARATINGA";"Animais na Pista";"Atropelamento de Animal";"Com Vítimas Feridas";"Plena Noite";"Crescente";"Céu Claro";"Simples";"Curva";"Sim";1;0;1;0;0;0;1;1;-19,830647;-42,138777;"SPRF-MG";"DEL06-MG";"UOP02-DEL06-MG"
161703;2018-09-25;"terça-feira";"18:25:00";"PR";376;174,8;"MARINGA";"Falta de Atenção à Condução";"Tombamento";"Com Vítimas Feridas";"Anoitecer";"Crescente";"Céu Claro";"Múltipla";"Reta;Retorno Regulamentado;Declive";"Sim";2;0;0;1;1;0;1;2;-23,411356;-51,940777;"SPRF-PR";"DEL07-PR";"UOP01-DEL09-PR"
161704;2018-09-25;"terça-feira";"17:30:00";"BA";367;40,1;"PORTO SEGURO";"Defeito Mecânico no Veículo";"Tombamento";"Com Vítimas Feridas";"Anoitecer";"Crescente";"Ignorado";"Simples";"Reta";"Não";2;0;1;1;0;0;2;1;-16,386683;-39,209656;"SPRF-BA";"DEL09-BA";"UOP01-DEL09-BA"
161705;2018-09-25;"terça-feira";"20:04:00";"SP";116;143,6;"SAO JOSE DOS CAMPOS";"Objeto estático sobre o leito carroçável";"Engavetamento";"Com Vítimas Feridas";"Plena Noite";"Decrescente";"Céu Claro";"Múltipla";"Reta";"Sim";7;0;5;0;2;0;5;3;-23,183043;-45,841889;"SPRF-SP";"DEL02-SP";"UOP01-DEL02-SP"
161706;2018-09-25;"terça-feira";"19:20:00";"ES";101;124,6;"SOORETAMA";"Falta de Atenção à Condução";"Colisão transversal";"Com Vítimas Feridas";"Plena Noite";"Crescente";"Céu Claro";"Simples";"Declive;Curva";"Não";3;0;2;0;1;0;2;2;-19,18239725;-40,09394741;"SPRF-ES";"DEL04-ES";"UOP01-DEL04-ES"
161708;2018-09-25;"terça-feira";"20:50:00";"PE";232;331;"CUSTODIA";"Ingestão de Álcool";"Colisão frontal";"Com Vítimas Feridas";"Plena Noite";"Crescente";"Céu Claro";"Simples";"Reta";"Sim";2;0;2;0;0;0;2;2;-8,08868578;-37,62800217;"SPRF-PE";"DEL03-PE";"UOP02-DEL03-PE"
161709;2018-09-25;"terça-feira";"21:00:00";"BA";324;613;"SALVADOR";"Sinalização da via insuficiente ou inadequada";"Colisão frontal";"Com Vítimas Feridas";"Plena Noite";"Decrescente";"Céu Claro";"Múltipla";"Interseção de Vias;Curva";"Sim";4;0;0;1;3;0;1;2;-12,86406268;-38,42364728;"SPRF-BA";"DEL01-BA";"UOP01-DEL01-BA"
161710;2018-09-25;"terça-feira";"20:50:00";"PR";116;125,9;"FAZENDA RIO GRANDE";"Falta de Atenção à Condução";"Colisão transversal";"Com Vítimas Feridas";"Plena Noite";"Crescente";"Nublado";"Múltipla";"Interseção de Vias";"Sim";3;0;1;0;2;0;1;2;-25,63703836;-49,31327105;"SPRF-PR";"DEL01-PR";"UOP03-DEL01-PR"
161711;2018-09-25;"terça-feira";"19:55:00";"MG";116;115;"ITAOBIM";"Animais na Pista";"Atropelamento de Animal";"Com Vítimas Feridas";"Plena Noite";"Crescente";"Céu Claro";"Simples";"Reta";"Sim";1;0;1;0;0;0;1;1;-16,54636701;-41,50354207;"SPRF-MG";"DEL11-MG";"UOP02-DEL11-MG"
161715;2018-09-25;"terça-feira";"20:10:00";"PI";343;306,3;"ALTOS";"Ingestão de Substâncias Psicoativas";"Atropelamento de Pedestre";"Com Vítimas Feridas";"Plena Noite";"Decrescente";"Nublado";"Simples";"Reta";"Sim";2;0;1;0;1;0;1;2;-5,03888804;-42,45140221;"SPRF-PI";"DEL01-PI";"UOP01-DEL01-PI"
161716;2018-09-25;"terça-feira";"21:40:00";"GO";153;513;"APARECIDA DE GOIANIA";"Pista Escorregadia";"Tombamento";"Com Vítimas Feridas";"Plena Noite";"Decrescente";"Nublado";"Dupla";"Reta";"Sim";1;0;1;0;0;0;1;1;-16,8244;-49,2421;"SPRF-GO";"DEL01-GO";"UOP03-DEL01-GO"
161717;2018-09-25;"terça-feira";"15:50:00";"MG";116;415,5;"GOVERNADOR VALADARES";"Desobediência às normas de trânsito pelo condutor";"Colisão transversal";"Com Vítimas Feridas";"Pleno dia";"Decrescente";"Céu Claro";"Simples";"Retorno Regulamentado";"Sim";2;0;1;0;1;0;1;2;-18,88466557;-41,94752812;"SPRF-MG";"DEL06-MG";"UOP01-DEL06-MG"
161718;2018-09-25;"terça-feira";"21:30:00";"PA";316;54;"CASTANHAL";"Sinalização da via insuficiente ou inadequada";"Colisão lateral";"Com Vítimas Feridas";"Plena Noite";"Crescente";"Céu Claro";"Dupla";"Reta";"Sim";2;0;1;0;1;0;1;2;-1,30588668;-48,00922394;"SPRF-PA";"DEL01-PA";"UOP01-DEL01-PA"
161720;2018-09-25;"terça-feira";"20:05:00";"RJ";116;310,9;"ITATIAIA";"Falta de Atenção à Condução";"Colisão com objeto estático";"Com Vítimas Feridas";"Plena Noite";"Crescente";"Céu Claro";"Dupla";"Reta";"Não";2;0;1;1;0;0;2;1;-22,46671973;-44,49900627;"SPRF-RJ";"DEL07-RJ";"DEL5/7-UOP03/RJ"
161721;2018-09-25;"terça-feira";"22:45:00";"SC";470;67,9;"INDAIAL";"Desobediência às normas de trânsito pelo condutor";"Colisão transversal";"Com Vítimas Feridas";"Plena Noite";"Decrescente";"Nublado";"Simples";"Reta";"Sim";2;0;0;1;1;0;1;2;-26,87769372;-49,23932791;"SPRF-SC";"DEL04-SC";"UOP01-DEL04-SC"
161722;2018-09-25;"terça-feira";"22:30:00";"RS";386;436,6;"NOVA SANTA RITA";"Falta de Atenção do Pedestre";"Atropelamento de Pedestre";"Com Vítimas Feridas";"Plena Noite";"Crescente";"Chuva";"Dupla";"Reta";"Não";2;0;0;1;1;0;1;2;-29,85614704;-51,263237;"SPRF-RS";"DEL04-RS";"UOP02-DEL04-RS"
161723;2018-09-25;"terça-feira";"22:20:00";"ES";101;208,9;"JOAO NEIVA";"Desobediência às normas de trânsito pelo condutor";"Colisão frontal";"Com Vítimas Feridas";"Plena Noite";"Crescente";"Céu Claro";"Simples";"Reta";"Não";3;0;0;1;1;1;1;3;-19,81487756;-40,36624789;"SPRF-ES";"DEL02-ES";"UOP01-DEL02-ES"
161724;2018-09-25;"terça-feira";"23:10:00";"SE";101;183,7;"UMBAUBA";"Desobediência às normas de trânsito pelo condutor";"Colisão transversal";"Com Vítimas Feridas";"Plena Noite";"Crescente";"Nublado";"Simples";"Aclive;Reta";"Sim";2;0;1;0;0;1;1;2;-11,38474999;-37,66726971;"SPRF-SE";"DEL02-SE";"UOP03-DEL02-SE"
161725;2018-09-25;"terça-feira";"21:25:00";"PR";116;100,8;"SAO JOSE DOS PINHAIS";"Falta de Atenção à Condução";"Queda de ocupante de veículo";"Com Vítimas Feridas";"Plena Noite";"Decrescente";"Nublado";"Dupla";"Reta";"Não";1;0;1;0;0;0;1;1;-25,533827;-49,146667;"SPRF-PR";"DEL01-PR";"UOP01-DEL01-PR"
161726;2018-09-25;"terça-feira";"23:00:00";"GO";60;448;"JATAI";"Desobediência às normas de trânsito pelo condutor";"Colisão transversal";"Com Vítimas Feridas";"Plena Noite";"Crescente";"Nublado";"Dupla";"Reta";"Não";4;0;4;0;0;0;4;2;-17,8501;-51,5065;"SPRF-GO";"DEL05-GO";"UOP01-DEL05-GO"
161727;2018-09-25;"terça-feira";"20:20:00";"SC";280;123,7;"SAO BENTO DO SUL";"Velocidade Incompatível";"Saída de leito carroçável";"Com Vítimas Fatais";"Plena Noite";"Crescente";"Céu Claro";"Simples";"Reta";"Não";2;1;1;0;0;0;1;2;-26,24318918;-49,46903765;"SPRF-SC";"DEL06-SC";"UOP03-DEL06-SC"
161728;2018-09-25;"terça-feira";"23:44:00";"RJ";116;298;"RESENDE";"Deficiência ou não Acionamento do Sistema de Iluminação/Sinalização do Veículo";"Colisão traseira";"Sem Vítimas";"Plena Noite";"Crescente";"Céu Claro";"Dupla";"Aclive";"Não";1;0;0;0;1;0;0;1;-22,450125;-44,330193;"SPRF-RJ";"DEL07-RJ";"DEL5/7-UOP03/RJ"
161732;2018-09-25;"terça-feira";"22:40:00";"PR";277;662,7;"MATELANDIA";"Desobediência às normas de trânsito pelo condutor";"Saída de leito carroçável";"Com Vítimas Feridas";"Plena Noite";"Crescente";"Céu Claro";"Dupla";"Reta";"Não";1;0;1;0;0;0;1;1;-25,251236;-54,009113;"SPRF-PR";"DEL05-PR";"UOP02-DEL05-PR"
161733;2018-09-26;"quarta-feira";"01:00:00";"PI";343;25,6;"PARNAIBA";"Falta de Atenção à Condução";"Capotamento";"Com Vítimas Feridas";"Plena Noite";"Decrescente";"Céu Claro";"Simples";"Reta";"Não";2;0;1;0;1;0;1;1;-3,03252633;-41,77173615;"SPRF-PI";"DEL05-PI";"UOP01-DEL05-PI"
161734;2018-09-26;"quarta-feira";"01:15:00";"PB";101;44,7;"MAMANGUAPE";"Restrição de Visibilidade";"Saída de leito carroçável";"Com Vítimas Feridas";"Plena Noite";"Decrescente";"Céu Claro";"Dupla";"Curva";"Não";1;0;0;1;0;0;1;1;-6,879179;-35,13184;"SPRF-PB";"DEL01-PB";"UOP04-DEL01-PB"
161736;2018-09-26;"quarta-feira";"00:50:00";"PB";230;22,1;"JOAO PESSOA";"Velocidade Incompatível";"Colisão traseira";"Com Vítimas Fatais";"Pleno dia";"Decrescente";"Céu Claro";"Dupla";"Reta";"Sim";3;1;0;0;0;2;0;3;-7,154006;-34,855484;"SPRF-PB";"DEL01-PB";"UOP01-DEL01-PB"
161737;2018-09-25;"terça-feira";"22:30:00";"PB";230;36,2;"SANTA RITA";"Defeito na Via";"Atropelamento de Pedestre";"Com Vítimas Feridas";"Plena Noite";"Crescente";"Céu Claro";"Dupla";"Reta";"Sim";5;0;4;0;0;1;4;2;-7,1246;-34,9473;"SPRF-PB";"DEL01-PB";"UOP01-DEL01-PB"
161738;2018-09-26;"quarta-feira";"03:00:00";"RS";116;319,5;"BARRA DO RIBEIRO";"Ingestão de Álcool";"Saída de leito carroçável";"Sem Vítimas";"Plena Noite";"Decrescente";"Nublado";"Dupla";"Em Obras;Viaduto;Desvio Temporário";"Não";1;0;0;0;1;0;0;1;-30,27887825;-51,41127348;"SPRF-RS";"DEL02-RS";"UOP01-DEL02-RS"
161743;2018-09-26;"quarta-feira";"04:40:00";"MG";365;336,8;"VARJAO DE MINAS";"Ultrapassagem Indevida";"Saída de leito carroçável";"Com Vítimas Feridas";"Plena Noite";"Crescente";"Céu Claro";"Simples";"Curva;Declive";"Não";2;0;1;0;1;0;1;1;-18,32332194;-46,0082531;"SPRF-MG";"DEL10-MG";"UOP01-DEL10-MG"
161748;2018-09-26;"quarta-feira";"05:40:00";"DF";20;6;"BRASILIA";"Agressão Externa";"Queda de ocupante de veículo";"Com Vítimas Feridas";"Pleno dia";"Decrescente";"Céu Claro";"Dupla";"Reta";"Sim";1;0;1;0;0;0;1;1;-15,665888;-47,808308;"SPRF-DF";"DEL02-DF";"UOP01-DEL02-DF"
161751;2018-05-16;"quarta-feira";"22:30:00";"PE";101;83;"JABOATAO DOS GUARARAPES";"Falta de Atenção à Condução";"Saída de leito carroçável";"Com Vítimas Fatais";"Plena Noite";"Crescente";"Chuva";"Dupla";"Curva";"Não";6;1;0;4;1;0;4;1;-8,1777;-34,9526;"SPRF-PE";"DEL01-PE";"UOP03-DEL01-PE"
161753;2018-09-26;"quarta-feira";"04:05:00";"RJ";101;321;"NITEROI";"Ingestão de Álcool";"Colisão com objeto estático";"Com Vítimas Feridas";"Plena Noite";"Crescente";"Céu Claro";"Simples";"Viaduto";"Sim";2;0;2;0;0;0;2;1;-22,88061112;-43,10730518;"SPRF-RJ";"DEL02-RJ";"UOP02-DEL02-RJ"
161754;2018-09-26;"quarta-feira";"07:15:00";"BA";116;419,2;"FEIRA DE SANTANA";"Defeito Mecânico no Veículo";"Colisão traseira";"Com Vítimas Feridas";"Pleno dia";"Crescente";"Céu Claro";"Dupla";"Reta";"Sim";3;0;1;0;2;0;1;2;-12,20346756;-38,96558493;"SPRF-BA";"DEL02-BA";"UOP01-DEL02-BA"
161755;2018-09-26;"quarta-feira";"07:20:00";"SC";101;210;"SAO JOSE";"Falta de Atenção à Condução";"Tombamento";"Com Vítimas Feridas";"Pleno dia";"Crescente";"Céu Claro";"Múltipla";"Reta";"Sim";1;0;1;0;0;0;1;1;-27,61704114;-48,6461661;"SPRF-SC";"DEL01-SC";"UOP01-DEL01-SC"
161756;2018-09-26;"quarta-feira";"07:30:00";"DF";20;15;"BRASILIA";"Falta de Atenção à Condução";"Colisão traseira";"Com Vítimas Feridas";"Pleno dia";"Decrescente";"Céu Claro";"Dupla";"Reta";"Não";2;0;1;0;1;0;1;2;-15,633439;-47,739048;"SPRF-DF";"DEL02-DF";"UOP01-DEL02-DF"
161757;2018-09-26;"quarta-feira";"07:10:00";"PR";116;116,9;"CURITIBA";"Falta de Atenção à Condução";"Colisão lateral";"Com Vítimas Feridas";"Pleno dia";"Crescente";"Garoa/Chuvisco";"Dupla";"Reta";"Sim";4;0;2;0;2;0;2;3;-25,55285698;-49,27752256;"SPRF-PR";"DEL01-PR";"UOP07-DEL01-PR"
161758;2018-09-26;"quarta-feira";"07:40:00";"SP";116;273;"TABOAO DA SERRA";"Falta de Atenção à Condução";"Colisão lateral";"Com Vítimas Feridas";"Pleno dia";"Decrescente";"Céu Claro";"Dupla";"Reta";"Sim";2;0;1;0;1;0;1;2;-23,61812309;-46,79843724;"SPRF-SP";"DEL04-SP";"UOP01-DEL04-SP"
161760;2018-09-26;"quarta-feira";"07:10:00";"ES";259;54,5;"COLATINA";"Falta de Atenção à Condução";"Colisão transversal";"Com Vítimas Feridas";"Pleno dia";"Crescente";"Céu Claro";"Simples";"Curva";"Não";3;0;1;0;2;0;1;2;-19,497286;-40,645634;"SPRF-ES";"DEL02-ES";"UOP01-DEL02-ES"
161762;2018-09-26;"quarta-feira";"08:10:00";"GO";153;620;"MORRINHOS";"Falta de Atenção à Condução";"Colisão lateral";"Com Vítimas Feridas";"Pleno dia";"Decrescente";"Céu Claro";"Dupla";"Reta";"Não";2;0;1;0;1;0;1;2;-17,7218;-49,1547;"SPRF-GO";"DEL03-GO";"UOP01-DEL03-GO"
161764;2018-09-26;"quarta-feira";"08:20:00";"PI";343;0,2;"TERESINA";"Falta de Atenção à Condução";"Colisão transversal";"Com Vítimas Feridas";"Pleno dia";"Crescente";"Céu Claro";"Dupla";"Interseção de Vias";"Sim";2;0;0;1;1;0;1;2;-5,0788683;-42,75177408;"SPRF-PI";"DEL05-PI";"UOP01-DEL05-PI"
161766;2018-09-26;"quarta-feira";"07:20:00";"MS";163;484;"CAMPO GRANDE";"Falta de Atenção à Condução";"Colisão traseira";"Com Vítimas Feridas";"Pleno dia";"Crescente";"Céu Claro";"Simples";"Reta";"Sim";3;0;1;0;2;0;1;2;-20,443621;-54,541829;"SPRF-MS";"DEL01-MS";"UOP02-DEL01-MS"
161767;2018-09-26;"quarta-feira";"07:20:00";"PI";230;291,1;"FLORIANO";"Defeito Mecânico no Veículo";"Queda de ocupante de veículo";"Com Vítimas Feridas";"Pleno dia";"Crescente";"Céu Claro";"Simples";"Reta";"Não";1;0;1;0;0;0;1;1;-6,77507994;-43,01559448;"SPRF-PI";"DEL03-PI";"UOP01-DEL03-PI"
161773;2018-09-26;"quarta-feira";"08:50:00";"SP";116;445;"REGISTRO";"Falta de Atenção à Condução";"Colisão lateral";"Sem Vítimas";"Pleno dia";"Decrescente";"Céu Claro";"Simples";"Curva";"Sim";2;0;0;0;2;0;0;2;-24,50087298;-47,84600079;"SPRF-SP";"DEL05-SP";"UOP01-DEL05-SP"
161774;2018-09-26;"quarta-feira";"09:50:00";"RJ";101;61;"CAMPOS DOS GOYTACAZES";"Falta de Atenção à Condução";"Colisão traseira";"Sem Vítimas";"Pleno dia";"Decrescente";"Céu Claro";"Simples";"Reta";"Sim";2;0;0;0;2;0;0;2;-21,724718;-41,319681;"SPRF-RJ";"DEL08-RJ";"UOP01-DEL08-RJ"
161777;2018-09-26;"quarta-feira";"09:35:00";"SC";101;321,8;"PESCARIA BRAVA";"Falta de Atenção à Condução";"Colisão traseira";"Com Vítimas Feridas";"Pleno dia";"Crescente";"Garoa/Chuvisco";"Dupla";"Reta";"Sim";2;0;2;0;0;0;2;2;-28,42561367;-48,90493155;"SPRF-SC";"DEL02-SC";"UOP01-DEL02-SC"
161778;2018-09-26;"quarta-feira";"10:15:00";"CE";222;2;"FORTALEZA";"Desobediência às normas de trânsito pelo condutor";"Colisão traseira";"Com Vítimas Feridas";"Pleno dia";"Crescente";"Céu Claro";"Múltipla";"Reta";"Sim";3;0;1;0;2;0;1;3;-3,73893924;-38,58592629;"SPRF-CE";"DEL01-CE";"UOP01-DEL01-CE"
161779;2018-09-26;"quarta-feira";"10:15:00";"MG";267;55,6;"GUARARA";"Falta de Atenção à Condução";"Colisão frontal";"Com Vítimas Feridas";"Pleno dia";"Crescente";"Céu Claro";"Simples";"Interseção de Vias";"Sim";2;0;0;1;1;0;1;2;-21,72925463;-43,05137959;"SPRF-MG";"DEL07-MG";"UOP01-DEL07-MG"
161780;2018-09-26;"quarta-feira";"10:10:00";"ES";101;266,4;"SERRA";"Falta de Atenção à Condução";"Colisão traseira";"Com Vítimas Feridas";"Pleno dia";"Decrescente";"Céu Claro";"Dupla";"Interseção de Vias";"Sim";4;0;2;0;2;0;2;4;-20,19631839;-40,2685672;"SPRF-ES";"DEL02-ES";"UOP01-DEL02-ES"
161782;2018-09-26;"quarta-feira";"10:30:00";"PR";369;164,8;"CAMBE";"Não guardar distância de segurança";"Colisão traseira";"Com Vítimas Feridas";"Pleno dia";"Crescente";"Sol";"Dupla";"Reta";"Não";2;0;1;0;1;0;1;2;-23,29520043;-51,30016381;"SPRF-PR";"DEL07-PR";"UOP01-DEL07-PR"
161783;2018-09-26;"quarta-feira";"10:45:00";"PR";153;42,1;"SANTO ANTONIO DA PLATINA";"Falta de Atenção à Condução";"Colisão transversal";"Com Vítimas Feridas";"Pleno dia";"Crescente";"Nublado";"Simples";"Reta";"Sim";3;0;2;0;1;0;2;2;-23,29709242;-50,06836468;"SPRF-PR";"DEL07-PR";"UOP04-DEL07-PR"
161785;2018-09-26;"quarta-feira";"10:30:00";"CE";222;209;"FORQUILHA";"Falta de Atenção à Condução";"Colisão lateral";"Sem Vítimas";"Pleno dia";"Crescente";"Céu Claro";"Simples";"Reta";"Sim";5;0;0;0;5;0;0;2;-3,797964;-40,25861;"SPRF-CE";"DEL04-CE";"UOP01-DEL04-CE"
161787;2018-09-26;"quarta-feira";"11:00:00";"PA";316;21,7;"BENEVIDES";"Desobediência às normas de trânsito pelo condutor";"Colisão lateral";"Com Vítimas Feridas";"Pleno dia";"Decrescente";"Céu Claro";"Dupla";"Retorno Regulamentado";"Sim";4;0;1;0;3;0;1;2;-1,35294141;-48,25678378;"SPRF-PA";"DEL01-PA";"DEL19/1-UOP05/PA"
161788;2018-09-26;"quarta-feira";"11:30:00";"RS";290;100;"PORTO ALEGRE";"Desobediência às normas de trânsito pelo condutor";"Atropelamento de Pedestre";"Com Vítimas Feridas";"Pleno dia";"Decrescente";"Céu Claro";"Dupla";"Reta";"Sim";2;0;2;0;0;0;2;2;-29,988646;-51,236553;"SPRF-RS";"DEL01-RS";"UOP01-DEL01-RS"
161791;2018-09-26;"quarta-feira";"12:05:00";"PI";316;313,2;"PICOS";"Falta de Atenção à Condução";"Colisão transversal";"Com Vítimas Feridas";"Pleno dia";"Decrescente";"Céu Claro";"Simples";"Reta";"Sim";2;0;1;0;1;0;1;2;-7,07783;-41,44069;"SPRF-PI";"DEL04-PI";"UOP01-DEL04-PI"
161792;2018-05-06;"domingo";"16:30:00";"AC";317;116;"SENADOR GUIOMARD";"Agressão Externa";"Saída de leito carroçável";"Com Vítimas Feridas";"Pleno dia";"Crescente";"Céu Claro";"Simples";"Curva";"Não";1;0;0;1;0;0;1;1;-10,355742;-67,686142;"SPRF-AC";"DEL01-AC";"UOP01-DEL01-AC"
161793;2018-09-26;"quarta-feira";"11:40:00";"MG";50;176,6;"UBERABA";"Carga excessiva e/ou mal acondicionada";"Derramamento de carga";"Com Vítimas Feridas";"Pleno dia";"Decrescente";"Céu Claro";"Dupla";"Reta";"Sim";3;0;1;0;2;0;1;2;-19,77922293;-47,95281172;"SPRF-MG";"DEL13-MG";"UOP01-DEL13-MG"
161794;2018-09-26;"quarta-feira";"07:50:00";"RJ";101;324;"NITEROI";"Falta de Atenção à Condução";"Colisão lateral";"Com Vítimas Feridas";"Pleno dia";"Crescente";"Céu Claro";"Dupla";"Reta";"Não";2;0;1;0;1;0;1;2;-22,87744046;-43,11687469;"SPRF-RJ";"DEL02-RJ";"UOP02-DEL02-RJ"
161795;2018-09-26;"quarta-feira";"12:00:00";"MG";381;864;"POUSO ALEGRE";"Falta de Atenção à Condução";"Colisão traseira";"Com Vítimas Feridas";"Pleno dia";"Crescente";"Céu Claro";"Dupla";"Curva;Aclive";"Não";5;0;1;0;4;0;1;2;-22,34868639;-45,92679692;"SPRF-MG";"DEL16-MG";"UOP01-DEL16-MG"
161796;2018-09-26;"quarta-feira";"13:30:00";"SC";101;164;"TIJUCAS";"Falta de Atenção à Condução";"Saída de leito carroçável";"Com Vítimas Feridas";"Pleno dia";"Decrescente";"Sol";"Dupla";"Reta";"Não";1;0;1;0;0;0;1;1;-27,2505;-48,6311;"SPRF-SC";"DEL04-SC";"UOP03-DEL04-SC"
161799;2018-09-26;"quarta-feira";"14:30:00";"SC";101;205;"SAO JOSE";"Falta de Atenção à Condução";"Colisão lateral";"Com Vítimas Feridas";"Pleno dia";"Decrescente";"Sol";"Múltipla";"Reta";"Sim";2;0;1;0;1;0;1;2;-27,58218493;-48,61507947;"SPRF-SC";"DEL01-SC";"UOP01-DEL01-SC"
161800;2018-09-26;"quarta-feira";"13:35:00";"RO";364;338,4;"JI-PARANA";"Falta de Atenção à Condução";"Colisão transversal";"Com Vítimas Feridas";"Pleno dia";"Decrescente";"Céu Claro";"Simples";"Reta";"Sim";2;0;0;1;1;0;1;2;-10,916935;-61,929855;"SPRF-RO";"DEL02-RO";"UOP01-DEL02-RO"
161801;2018-09-26;"quarta-feira";"14:15:00";"SP";116;213;"GUARULHOS";"Falta de Atenção à Condução";"Colisão traseira";"Com Vítimas Feridas";"Pleno dia";"Crescente";"Nublado";"Múltipla";"Reta";"Não";2;0;1;0;1;0;1;2;-23,43378495;-46,42331421;"SPRF-SP";"DEL01-SP";"UOP01-DEL01-SP"
161803;2018-09-26;"quarta-feira";"15:00:00";"SC";282;5;"SAO JOSE";"Falta de Atenção à Condução";"Colisão traseira";"Com Vítimas Feridas";"Pleno dia";"Decrescente";"Céu Claro";"Múltipla";"Reta";"Não";2;0;0;1;1;0;1;2;-27,58912663;-48,61148715;"SPRF-SC";"DEL01-SC";"UOP01-DEL01-SC"
161804;2018-09-26;"quarta-feira";"14:30:00";"MG";381;887,3;"ESTIVA";"Falta de Atenção à Condução";"Saída de leito carroçável";"Com Vítimas Feridas";"Pleno dia";"Decrescente";"Céu Claro";"Dupla";"Retorno Regulamentado";"Não";1;0;1;0;0;0;1;1;-22,51851457;-46,0221687;"SPRF-MG";"DEL16-MG";"UOP03-DEL16-MG"