"id";"data_inversa";"dia_semana";"horario";"uf";"br";"km";"municipio";"causa_acidente";"tipo_acidente";"classificacao_acidente";"fase_dia";"sentido_via";"condicao_metereologica";"tipo_pista";"tracado_via";"uso_solo";"pessoas";"mortos";"feridos_leves";"feridos_graves";"ilesos";"ignorados";"feridos";"veiculos";"latitude";"longitude";"regional";"delegacia";"uop"
161942;2018-09-15;"sábado";"18:10:00";"MS";163;483;"CAMPO GRANDE";"Desobediência às normas de trânsito pelo condutor";"Atropelamento de Pedestre";"Com Vítimas Feridas";"Plena Noite";"Crescente";"Céu Claro";"Simples";"Reta";"Sim";2;0;0;1;0;1;1;2;-20,4574;-54,5461;"SPRF-MS";"DEL01-MS";"UOP02-DEL01-MS"
161944;2018-09-27;"quinta-feira";"10:35:00";"SC";101;195;"BIGUACU";"Defeito Mecânico no Veículo";"Tombamento";"Com Vítimas Feridas";"Pleno dia";"Crescente";"Nublado";"Múltipla";"Reta";"Sim";2;0;1;0;1;0;1;1;-27,51045053;-48,64366829;"SPRF-SC";"DEL01-SC";"UOP01-DEL01-SC"
161945;2018-09-27;"quinta-feira";"09:50:00";"BA";110;341;"ALAGOINHAS";"Velocidade Incompatível";"Colisão transversal";"Com Vítimas Fatais";"Pleno dia";"Crescente";"Céu Claro";"Simples";"Aclive;Curva";"Sim";3;2;0;0;1;0;0;2;-12,16714543;-38,41100335;"SPRF-BA";"DEL01-BA";"UOP04-DEL01-BA"
161948;2018-09-27;"quinta-feira";"10:15:00";"MG";40;573,6;"ITABIRITO";"Velocidade Incompatível";"Capotamento";"Com Vítimas Feridas";"Pleno dia";"Decrescente";"Céu Claro";"Simples";"Em Obras";"Não";1;0;1;0;0;0;1;1;-20,2552;-43,9615;"SPRF-MG";"DEL01-MG";"UOP02-DEL01-MG"
161949;2018-09-27;"quinta-feira";"11:00:00";"PE";101;64,7;"RECIFE";"Não guardar distância de segurança";"Colisão traseira";"Com Vítimas Feridas";"Pleno dia";"Decrescente";"Céu Claro";"Dupla";"Reta";"Sim";2;0;2;0;0;0;2;2;-8,023548;-34,942691;"SPRF-PE";"DEL01-PE";"UOP01-DEL01-PE"
161950;2018-09-27;"quinta-feira";"11:10:00";"TO";153;425;"MIRACEMA DO TOCANTINS";"Defeito na Via";"Saída de leito carroçável";"Com Vítimas Fatais";"Pleno dia";"Crescente";"Céu Claro";"Simples";"Reta";"Não";3;1;1;1;0;0;2;1;-9,62226605;-48,6327517;"SPRF-TO";"DEL02-TO";"UOP01-DEL01-TO"
161951;2018-09-15;"sábado";"17:30:00";"MS";267;105,8;"NOVA ANDRADINA";"Ingestão de Álcool";"Colisão traseira";"Sem Vítimas";"Anoitecer";"Decrescente";"Céu Claro";"Simples";"Reta";"Não";2;0;0;0;2;0;0;2;-21,8270822;-53,1055069;"SPRF-MS";"DEL02-MS";"DEL3/7-UOP02/MS"
161952;2018-09-27;"quinta-feira";"10:30:00";"PA";230;992;"RUROPOLIS";"Defeito na Via";"Capotamento";"Sem Vítimas";"Pleno dia";"Decrescente";"Céu Claro";"Simples";"Declive";"Não";2;0;0;0;2;0;0;1;-4,085186;-54,8424;"SPRF-PA";"DEL05-PA";"UOP01-DEL05-PA"
161953;2018-09-27;"quinta-feira";"11:40:00";"CE";116;22,6;"ITAITINGA";"Falta de Atenção à Condução";"Tombamento";"Com Vítimas Feridas";"Pleno dia";"Crescente";"Sol";"Dupla";"Curva";"Não";1;0;1;0;0;0;1;1;-3,94526195;-38,51018339;"SPRF-CE";"DEL01-CE";"UOP02-DEL01-CE"
161954;2018-09-09;"domingo";"11:50:00";"PR";116;117,5;"CURITIBA";"Falta de Atenção à Condução";"Colisão traseira";"Com Vítimas Feridas";"Pleno dia";"Crescente";"Céu Claro";"Dupla";"Reta";"Sim";4;0;1;0;3;0;1;3;-25,56327159;-49,30872202;"SPRF-PR";"DEL01-PR";"UOP07-DEL01-PR"
161955;2018-08-30;"quinta-feira";"13:30:00";"SC";470;56,1;"BLUMENAU";"Desobediência às normas de trânsito pelo condutor";"Colisão traseira";"Com Vítimas Feridas";"Pleno dia";"Crescente";"Nublado";"Simples";"Reta";"Não";2;0;1;0;1;0;1;2;-26,87699034;-49,12876189;"SPRF-SC";"DEL04-SC";"UOP01-DEL04-SC"
161956;2018-09-27;"quinta-feira";"11:35:00";"PB";230;29;"JOAO PESSOA";"Não guardar distância de segurança";"Colisão lateral";"Com Vítimas Feridas";"Pleno dia";"Decrescente";"Céu Claro";"Dupla";"Reta";"Não";2;0;1;0;1;0;1;2;-7,1574;-34,9067;"SPRF-PB";"DEL01-PB";"UOP01-DEL01-PB"
161957;2018-09-27;"quinta-feira";"10:10:00";"RJ";101;144;"MACAE";"Mal Súbito";"Tombamento";"Com Vítimas Feridas";"Pleno dia";"Crescente";"Céu Claro";"Dupla";"Curva";"Não";1;0;1;0;0;0;1;1;-22,21328;-41,754265;"SPRF-RJ";"DEL02-RJ";"UOP04-DEL08-RJ"
161958;2018-09-27;"quinta-feira";"11:45:00";"PR";163;184;"SANTA TEREZA DO OESTE";"Condutor Dormindo";"Saída de leito carroçável";"Com Vítimas Feridas";"Pleno dia";"Crescente";"Nublado";"Dupla";"Reta";"Não";1;0;1;0;0;0;1;1;-25,12600457;-53,5877493;"SPRF-PR";"DEL04-PR";"UOP05-DEL05-PR"
161959;2018-09-16;"domingo";"03:50:00";"MG";262;474,3;"BOM DESPACHO";"Velocidade Incompatível";"Saída de leito carroçável";"Com Vítimas Feridas";"Plena Noite";"Crescente";"Nublado";"Simples";"Reta";"Não";2;0;2;0;0;0;2;1;-19,783918;-45,25713;"SPRF-MG";"DEL08-MG";"UOP03-DEL08-MG"
161960;2018-09-27;"quinta-feira";"11:45:00";"SP";116;446,4;"REGISTRO";"Desobediência às normas de trânsito pelo condutor";"Colisão traseira";"Com Vítimas Feridas";"Pleno dia";"Decrescente";"Chuva";"Múltipla";"Reta";"Sim";4;0;1;0;3;0;1;2;-24,4890232;-47,83447266;"SPRF-SP";"DEL05-SP";"UOP01-DEL05-SP"
161961;2018-09-27;"quinta-feira";"11:40:00";"GO";50;223,8;"CAMPO ALEGRE DE GOIAS";"Sinalização da via insuficiente ou inadequada";"Colisão com objeto estático";"Com Vítimas Feridas";"Pleno dia";"Crescente";"Sol";"Simples";"Reta;Em Obras";"Não";3;0;1;0;2;0;1;1;-17,7479;-47,7356;"SPRF-GO";"DEL06-GO";"UOP01-DEL06-GO"
161962;2018-09-03;"segunda-feira";"21:10:00";"SP";381;48,5;"ATIBAIA";"Falta de Atenção do Pedestre";"Atropelamento de Pedestre";"Com Vítimas Feridas";"Plena Noite";"Crescente";"Nublado";"Dupla";"Reta";"Sim";3;0;0;1;2;0;1;2;-23,1888072;-46,5838477;"SPRF-SP";"DEL03-SP";"UOP01-DEL03-SP"
161963;2018-09-27;"quinta-feira";"13:05:00";"SC";101;199,7;"BIGUACU";"Falta de Atenção à Condução";"Colisão transversal";"Com Vítimas Feridas";"Pleno dia";"Crescente";"Céu Claro";"Múltipla";"Interseção de Vias;Viaduto";"Sim";3;0;2;0;1;0;2;2;-27,5402;-48,6226;"SPRF-SC";"DEL01-SC";"UOP01-DEL01-SC"
161964;2018-09-01;"sábado";"03:00:00";"BA";242;378;"PALMEIRAS";"Pista Escorregadia";"Saída de leito carroçável";"Com Vítimas Feridas";"Plena Noite";"Decrescente";"Chuva";"Simples";"Curva";"Não";1;0;0;1;0;0;1;1;-12,4571388;-41,588974;"SPRF-BA";"DEL10-BA";"UOP03-DEL06-BA"
161966;2018-09-27;"quinta-feira";"11:50:00";"MG";40;509,8;"RIBEIRAO DAS NEVES";"Desobediência às normas de trânsito pelo condutor";"Colisão lateral";"Com Vítimas Feridas";"Pleno dia";"Crescente";"Céu Claro";"Dupla";"Reta";"Sim";2;0;1;0;1;0;1;2;-19,7774;-44,1209;"SPRF-MG";"DEL01-MG";"UOP03-DEL01-MG"
161967;2018-09-27;"quinta-feira";"13:30:00";"ES";101;131,5;"LINHARES";"Velocidade Incompatível";"Colisão frontal";"Com Vítimas Feridas";"Pleno dia";"Crescente";"Céu Claro";"Simples";"Reta";"Não";2;0;1;0;1;0;1;2;-19,24242948;-40,09134561;"SPRF-ES";"DEL04-ES";"UOP01-DEL04-ES"
161968;2018-09-27;"quinta-feira";"13:10:00";"PE";232;115,7;"CARUARU";"Falta de Atenção à Condução";"Colisão com objeto estático";"Sem Vítimas";"Pleno dia";"Decrescente";"Nublado";"Dupla";"Reta";"Sim";1;0;0;0;0;1;0;1;-8,29671;-35,86867;"SPRF-PE";"DEL02-PE";"UOP03-DEL02-PE"
161970;2018-01-30;"terça-feira";"16:00:00";"PB";230;20,1;"JOAO PESSOA";"Avarias e/ou desgaste excessivo no pneu";"Tombamento";"Com Vítimas Feridas";"Pleno dia";"Decrescente";"Céu Claro";"Dupla";"Curva";"Sim";2;0;2;0;0;0;2;1;-7,134559;-34,854457;"SPRF-PB";"DEL01-PB";"UOP01-DEL01-PB"
161972;2018-09-27;"quinta-feira";"13:50:00";"RS";116;251,5;"SAPUCAIA DO SUL";"Falta de Atenção à Condução";"Saída de leito carroçável";"Com Vítimas Feridas";"Pleno dia";"Decrescente";"Nublado";"Dupla";"Reta";"Sim";1;0;1;0;0;0;1;1;-29,80492914;-51,16619468;"SPRF-RS";"DEL01-RS";"UOP02-DEL01-RS"
161973;2018-09-20;"quinta-feira";"15:40:00";"RS";116;244;"SAO LEOPOLDO";"Falta de Atenção à Condução";"Colisão transversal";"Sem Vítimas";"Pleno dia";"Crescente";"Nublado";"Múltipla";"Reta";"Sim";3;0;0;0;3;0;0;2;-29,73641457;-51,15001559;"SPRF-RS";"DEL01-RS";"UOP02-DEL01-RS"
161974;2018-09-27;"quinta-feira";"14:30:00";"GO";414;407,8;"ABADIANIA";"Desobediência às normas de trânsito pelo condutor";"Colisão frontal";"Com Vítimas Feridas";"Pleno dia";"Crescente";"Céu Claro";"Simples";"Reta";"Não";3;0;0;2;1;0;2;2;-16,0349249;-48,85139465;"SPRF-GO";"DEL02-GO";"UOP01-DEL02-GO"
161976;2018-09-27;"quinta-feira";"12:55:00";"AL";104;31,2;"UNIAO DOS PALMARES";"Falta de Atenção à Condução";"Colisão transversal";"Com Vítimas Feridas";"Pleno dia";"Crescente";"Céu Claro";"Simples";"Reta";"Sim";3;0;2;0;1;0;2;2;-9,13133426;-36,02863312;"SPRF-AL";"DEL01-AL";"UOP02-DEL01-AL"
161977;2018-09-27;"quinta-feira";"14:30:00";"PI";343;12;"PARNAIBA";"Não guardar distância de segurança";"Colisão traseira";"Sem Vítimas";"Pleno dia";"Decrescente";"Sol";"Dupla";"Reta";"Sim";2;0;0;0;2;0;0;2;-2,910035;-41,753662;"SPRF-PI";"DEL05-PI";"UOP01-DEL05-PI"
161978;2018-09-27;"quinta-feira";"12:30:00";"PB";230;150,6;"CAMPINA GRANDE";"Desobediência às normas de trânsito pelo condutor";"Colisão lateral";"Com Vítimas Feridas";"Pleno dia";"Crescente";"Céu Claro";"Simples";"Reta";"Não";2;0;1;0;1;0;1;2;-7,25899843;-35,87810218;"SPRF-PB";"DEL02-PB";"UOP01-DEL02-PB"
161979;2018-09-19;"quarta-feira";"15:15:00";"RS";290;721;"URUGUAIANA";"Falta de Atenção à Condução";"Queda de ocupante de veículo";"Com Vítimas Feridas";"Pleno dia";"Crescente";"Céu Claro";"Simples";"Reta";"Não";2;0;1;1;0;0;2;1;-29,7991119;-57,0055474;"SPRF-RS";"DEL13-RS";"UOP01-DEL13-RS"
161981;2018-09-27;"quinta-feira";"15:00:00";"DF";70;8;"BRASILIA";"Falta de Atenção à Condução";"Saída de leito carroçável";"Com Vítimas Feridas";"Pleno dia";"Crescente";"Céu Claro";"Dupla";"Reta";"Sim";2;0;2;0;0;0;2;1;-15,784966;-48,122108;"SPRF-DF";"DEL01-DF";"UOP02-DEL03-DF"
161984;2018-09-23;"domingo";"21:30:00";"PA";316;2;"ANANINDEUA";"Ingestão de Álcool";"Colisão transversal";"Com Vítimas Feridas";"Plena Noite";"Crescente";"Céu Claro";"Dupla";"Reta";"Sim";2;0;1;0;1;0;1;2;-1,39792518;-48,42400074;"SPRF-PA";"DEL01-PA";"DEL19/1-UOP05/PA"
161985;2018-09-27;"quinta-feira";"15:25:00";"RN";226;174,7;"CURRAIS NOVOS";"Falta de Atenção à Condução";"Colisão transversal";"Com Vítimas Feridas";"Pleno dia";"Crescente";"Céu Claro";"Simples";"Reta";"Sim";2;0;1;0;1;0;1;2;-6,25798849;-36,50658935;"SPRF-RN";"DEL03-RN";"UOP02-DEL03-RN"
161987;2018-09-27;"quinta-feira";"14:45:00";"PR";116;3;"CAMPINA GRANDE DO SUL";"Pista Escorregadia";"Saída de leito carroçável";"Com Vítimas Feridas";"Pleno dia";"Decrescente";"Garoa/Chuvisco";"Dupla";"Curva";"Não";3;0;2;0;1;0;2;1;-25,07378265;-48,58649164;"SPRF-PR";"DEL01-PR";"UOP02-DEL01-PR"
161989;2018-09-27;"quinta-feira";"15:40:00";"PR";476;128;"CURITIBA";"Falta de Atenção à Condução";"Colisão lateral";"Com Vítimas Feridas";"Pleno dia";"Crescente";"Sol";"Múltipla";"Declive";"Sim";2;0;1;0;1;0;1;2;-25,4464291;-49,2347988;"SPRF-PR";"DEL01-PR";"UOP07-DEL01-PR"
161990;2018-09-27;"quinta-feira";"15:30:00";"MG";381;263;"CORONEL FABRICIANO";"Mal Súbito";"Tombamento";"Com Vítimas Feridas";"Pleno dia";"Decrescente";"Céu Claro";"Simples";"Curva";"Não";2;0;2;0;0;0;2;2;-19,5344084;-42,5959354;"SPRF-MG";"DEL03-MG";"UOP02-DEL03-MG"
161991;2018-09-27;"quinta-feira";"15:05:00";"ES";262;94;"DOMINGOS MARTINS";"Falta de Atenção à Condução";"Colisão transversal";"Com Vítimas Feridas";"Pleno dia";"Decrescente";"Céu Claro";"Simples";"Aclive;Interseção de Vias";"Não";2;0;1;0;1;0;1;2;-20,37372649;-41,05872452;"SPRF-ES";"DEL01-ES";"UOP02-DEL01-ES"
161992;2018-09-27;"quinta-feira";"15:30:00";"MG";381;484,8;"BETIM";"Falta de Atenção à Condução";"Colisão lateral";"Com Vítimas Feridas";"Pleno dia";"Decrescente";"Céu Claro";"Dupla";"Curva";"Sim";2;0;1;0;1;0;1;2;-19,95619912;-44,09500671;"SPRF-MG";"DEL01-MG";"UOP03-DEL01-MG"
161993;2018-09-27;"quinta-feira";"13:25:00";"MT";70;652;"CACERES";"Defeito Mecânico no Veículo";"Incêndio";"Sem Vítimas";"Pleno dia";"Crescente";"Céu Claro";"Simples";"Reta";"Não";1;0;0;0;1;0;0;1;-16,00390575;-57,21199036;"SPRF-MT";"DEL03-MT";"UOP02-DEL03-MT"
161994;2018-09-27;"quinta-feira";"16:00:00";"GO";50;140,5;"IPAMERI";"Avarias e/ou desgaste excessivo no pneu";"Saída de leito carroçável";"Sem Vítimas";"Pleno dia";"Crescente";"Céu Claro";"Dupla";"Reta";"Não";1;0;0;0;1;0;0;1;-17,09144979;-47,72812843;"SPRF-GO";"DEL06-GO";"UOP01-DEL06-GO"
161995;2018-09-27;"quinta-feira";"16:20:00";"SP";153;61,8;"SAO JOSE DO RIO PRETO";"Falta de Atenção à Condução";"Colisão traseira";"Com Vítimas Feridas";"Pleno dia";"Decrescente";"Nublado";"Dupla";"Reta";"Sim";2;0;1;0;1;0;1;2;-20,805029;-49,355747;"SPRF-SP";"DEL09-SP";"UOP01-DEL09-SP"
161996;2018-09-19;"quarta-feira";"22:40:00";"RN";110;46,6;"MOSSORO";"Desobediência às normas de trânsito pelo condutor";"Colisão transversal";"Com Vítimas Feridas";"Plena Noite";"Decrescente";"Céu Claro";"Simples";"Rotatória";"Sim";3;0;2;0;1;0;2;2;-5,201684;-37,323227;"SPRF-RN";"DEL04-RN";"UOP01-DEL04-RN"
161997;2018-09-27;"quinta-feira";"16:20:00";"RJ";101;484;"ANGRA DOS REIS";"Velocidade Incompatível";"Colisão traseira";"Com Vítimas Feridas";"Pleno dia";"Crescente";"Chuva";"Simples";"Curva";"Sim";11;0;9;0;2;0;9;2;-22,98840235;-44,3031621;"SPRF-RJ";"DEL03-RJ";"UOP03-DEL03-RJ"
161998;2018-09-27;"quinta-feira";"16:50:00";"RJ";116;184;"NOVA IGUACU";"Falta de Atenção à Condução";"Colisão lateral";"Com Vítimas Feridas";"Pleno dia";"Crescente";"Nublado";"Dupla";"Reta";"Sim";3;0;3;0;0;0;3;2;-22,74072309;-43,49940062;"SPRF-RJ";"DEL01-RJ";"UOP03-DEL01-RJ"
161999;2018-09-27;"quinta-feira";"15:25:00";"MT";163;835;"SINOP";"Falta de Atenção à Condução";"Colisão traseira";"Com Vítimas Feridas";"Pleno dia";"Crescente";"Céu Claro";"Dupla";"Reta";"Sim";2;0;1;0;1;0;1;2;-11,85122317;-55,50018311;"SPRF-MT";"DEL06-MT";"UOP01-DEL06-MT"
162000;2018-09-27;"quinta-feira";"16:30:00";"RS";158;326,2;"SANTA MARIA";"Falta de Atenção à Condução";"Colisão traseira";"Sem Vítimas";"Pleno dia";"Crescente";"Nublado";"Simples";"Rotatória";"Sim";8;0;0;0;8;0;0;2;-29,71462202;-53,80961895;"SPRF-RS";"DEL09-RS";"UOP01-DEL09-RS"
162001;2018-09-27;"quinta-feira";"16:10:00";"SC";101;339;"TUBARAO";"Não guardar distância de segurança";"Colisão traseira";"Sem Vítimas";"Pleno dia";"Decrescente";"Céu Claro";"Dupla";"Aclive";"Sim";3;0;0;0;3;0;0;3;-28,49331402;-49,04163653;"SPRF-SC";"DEL02-SC";"UOP01-DEL02-SC"
162002;2018-04-22;"domingo";"19:00:00";"PI";316;9;"TERESINA";"Falta de Atenção à Condução";"Tombamento";"Com Vítimas Feridas";"Plena Noite";"Decrescente";"Nublado";"Dupla";"Reta";"Sim";1;0;0;1;0;0;1;1;-5,173879;-42,766232;"SPRF-PI";"DEL01-PI";"UOP02-DEL01-PI"
162004;2018-09-27;"quinta-feira";"16:15:00";"ES";101;264;"SERRA";"Desobediência às normas de trânsito pelo condutor";"Colisão transversal";"Com Vítimas Feridas";"Pleno dia";"Crescente";"Céu Claro";"Dupla";"Interseção de Vias";"Sim";3;0;2;0;1;0;2;2;-20,17322;-40,267548;"SPRF-ES";"DEL02-ES";"UOP01-DEL02-ES"
162005;2018-09-27;"quinta-feira";"15:30:00";"PR";369;156;"LONDRINA";"Falta de Atenção à Condução";"Colisão traseira";"Sem Vítimas";"Pleno dia";"Crescente";"Céu Claro";"Dupla";"Reta";"Sim";3;0;0;0;2;1;0;3;-23,29137694;-51,21748832;"SPRF-PR";"DEL07-PR";"UOP01-DEL07-PR"
162007;2018-09-27;"quinta-feira";"17:00:00";"PE";232;111,7;"BEZERROS";"Falta de Atenção à Condução";"Engavetamento";"Com Vítimas Feridas";"Pleno dia";"Decrescente";"Céu Claro";"Dupla";"Reta";"Não";6;0;6;0;0;0;6;3;-8,29788;-35,83352;"SPRF-PE";"DEL02-PE";"UOP03-DEL02-PE"
162008;2018-09-27;"quinta-feira";"17:40:00";"SC";101;135,8;"BALNEARIO CAMBORIU";"Desobediência às normas de trânsito pelo condutor";"Colisão lateral";"Com Vítimas Feridas";"Pleno dia";"Decrescente";"Sol";"Dupla";"Reta";"Sim";2;0;1;0;1;0;1;2;-27,0386;-48,6028;"SPRF-SC";"DEL04-SC";"UOP03-DEL04-SC"
162009;2018-09-27;"quinta-feira";"17:50:00";"PE";232;414;"SERRA TALHADA";"Desobediência às normas de trânsito pelo condutor";"Colisão frontal";"Com Vítimas Fatais";"Anoitecer";"Decrescente";"Céu Claro";"Simples";"Reta";"Sim";4;1;0;1;2;0;1;2;-7,988571;-38,329723;"SPRF-PE";"DEL04-PE";"UOP01-DEL04-PE"
162011;2018-09-27;"quinta-feira";"17:55:00";"BA";116;425;"FEIRA DE SANTANA";"Falta de Atenção à Condução";"Colisão transversal";"Com Vítimas Feridas";"Anoitecer";"Crescente";"Céu Claro";"Simples";"Reta";"Sim";3;0;2;0;1;0;2;2;-12,26408772;-38,98934126;"SPRF-BA";"DEL02-BA";"UOP01-DEL02-BA"
162012;2018-09-27;"quinta-feira";"15:00:00";"MA";10;196,9;"RIBAMAR FIQUENE";"Falta de Atenção à Condução";"Saída de leito carroçável";"Com Vítimas Feridas";"Pleno dia";"Crescente";"Céu Claro";"Simples";"Reta";"Não";1;0;0;1;0;0;1;1;-5,9924655;-47,3829092;"SPRF-MA";"DEL04-MA";"UOP01-DEL04-MA"
162014;2018-09-27;"quinta-feira";"18:10:00";"PR";376;254;"CALIFORNIA";"Falta de Atenção à Condução";"Queda de ocupante de veículo";"Com Vítimas Feridas";"Plena Noite";"Decrescente";"Nublado";"Dupla";"Reta";"Não";1;0;1;0;0;0;1;1;-23,64884852;-51,37463048;"SPRF-PR";"DEL07-PR";"UOP03-DEL07-PR"
162015;2018-09-27;"quinta-feira";"16:40:00";"SP";116;63,8;"GUARATINGUETA";"Defeito Mecânico no Veículo";"Queda de ocupante de veículo";"Com Vítimas Feridas";"Pleno dia";"Crescente";"Céu Claro";"Dupla";"Reta";"Sim";2;0;2;0;0;0;2;1;-22,81028323;-45,17599899;"SPRF-SP";"DEL08-SP";"UOP01-DEL08-SP"
162016;2018-09-27;"quinta-feira";"18:30:00";"ES";101;258,4;"SERRA";"Ingestão de Álcool";"Atropelamento de Pedestre";"Com Vítimas Feridas";"Plena Noite";"Decrescente";"Céu Claro";"Simples";"Interseção de Vias";"Sim";2;0;1;0;1;0;1;2;-20,13418927;-40,2927044;"SPRF-ES";"DEL02-ES";"UOP01-DEL02-ES"
162018;2018-09-25;"terça-feira";"12:20:00";"PA";316;1;"BELEM";"Falta de Atenção à Condução";"Colisão transversal";"Com Vítimas Feridas";"Pleno dia";"Crescente";"Céu Claro";"Dupla";"Reta";"Sim";2;0;1;0;1;0;1;2;-1,403184;-48,428703;"SPRF-PA";"DEL01-PA";"DEL19/1-UOP05/PA"
162019;2018-09-27;"quinta-feira";"18:50:00";"RN";304;34,1;"MOSSORO";"Animais na Pista";"Colisão traseira";"Com Vítimas Feridas";"Anoitecer";"Decrescente";"Céu Claro";"Dupla";"Reta";"Sim";2;0;1;0;1;0;1;2;-5,152564;-37,34874;"SPRF-RN";"DEL04-RN";"UOP02-DEL04-RN"
162020;2018-09-27;"quinta-feira";"15:13:00";"RO";364;711;"PORTO VELHO";"Defeito Mecânico no Veículo";"Tombamento";"Com Vítimas Feridas";"Pleno dia";"Crescente";"Céu Claro";"Dupla";"Reta";"Sim";2;0;1;1;0;0;2;1;-8,77781296;-63,87185633;"SPRF-RO";"DEL01-RO";"UOP01-DEL01-RO"
162021;2018-09-27;"quinta-feira";"18:30:00";"PR";476;134,4;"CURITIBA";"Desobediência às normas de trânsito pelo condutor";"Colisão lateral";"Com Vítimas Feridas";"Plena Noite";"Crescente";"Nublado";"Dupla";"Reta";"Sim";2;0;1;0;1;0;1;2;-25,48579766;-49,26738828;"SPRF-PR";"DEL01-PR";"UOP07-DEL01-PR"
162023;2018-09-27;"quinta-feira";"19:00:00";"PA";308;208,6;"BRAGANCA";"Desobediência às normas de trânsito pelo condutor";"Colisão transversal";"Com Vítimas Fatais";"Plena Noite";"Crescente";"Céu Claro";"Simples";"Reta";"Não";3;2;0;0;1;0;0;2;-1,05977691;-46,73836112;"SPRF-PA";"DEL01-PA";"UOP03-DEL01-PA"
162027;2018-09-27;"quinta-feira";"19:30:00";"PE";101;61;"RECIFE";"Falta de Atenção à Condução";"Colisão lateral";"Com Vítimas Feridas";"Plena Noite";"Crescente";"Céu Claro";"Dupla";"Reta";"Sim";3;0;1;0;1;1;1;3;-7,991634;-34,936602;"SPRF-PE";"DEL01-PE";"UOP02-DEL01-PE"
162030;2018-09-27;"quinta-feira";"19:10:00";"PR";476;123;"CURITIBA";"Desobediência às normas de trânsito pelo condutor";"Colisão transversal";"Sem Vítimas";"Plena Noite";"Decrescente";"Céu Claro";"Dupla";"Declive";"Sim";2;0;0;0;1;1;0;2;-25,392904;-49,209557;"SPRF-PR";"DEL01-PR";"UOP07-DEL01-PR"
162031;2018-09-27;"quinta-feira";"13:25:00";"BA";324;435;"RIACHAO DO JACUIPE";"Desobediência às normas de trânsito pelo condutor";"Colisão transversal";"Com Vítimas Feridas";"Pleno dia";"Decrescente";"Céu Claro";"Simples";"Reta";"Sim";2;0;1;0;1;0;1;2;-11,804273;-39,39247996;"SPRF-BA";"DEL04-BA";"UOP02-DEL04-BA"
162032;2018-09-27;"quinta-feira";"19:45:00";"MG";116;523,7;"CARATINGA";"Falta de Atenção à Condução";"Colisão transversal";"Com Vítimas Feridas";"Plena Noite";"Decrescente";"Céu Claro";"Simples";"Reta";"Sim";2;0;1;0;1;0;1;2;-19,74515581;-42,1324718;"SPRF-MG";"DEL06-MG";"UOP02-DEL06-MG"
162034;2018-09-27;"quinta-feira";"10:30:00";"MT";70;531;"VARZEA GRANDE";"Falta de Atenção à Condução";"Saída de leito carroçável";"Com Vítimas Feridas";"Pleno dia";"Decrescente";"Céu Claro";"Simples";"Reta";"Não";3;0;2;0;1;0;2;1;-15,66030575;-56,21999949;"SPRF-MT";"DEL01-MT";"DEL2/4-UOP02/MT"
162036;2018-09-27;"quinta-feira";"19:15:00";"MS";163;490,5;"CAMPO GRANDE";"Falta de Atenção à Condução";"Colisão frontal";"Com Vítimas Feridas";"Plena Noite";"Decrescente";"Chuva";"Simples";"Reta";"Sim";2;0;1;0;1;0;1;2;-20,39374999;-54,55849171;"SPRF-MS";"DEL01-MS";"UOP02-DEL01-MS"
162038;2018-09-27;"quinta-feira";"20:10:00";"MG";365;552;"ESTRELA DO SUL";"Falta de Atenção do Pedestre";"Atropelamento de Pedestre";"Com Vítimas Fatais";"Plena Noite";"Crescente";"Céu Claro";"Simples";"Reta";"Não";2;1;0;0;1;0;0;2;-18,9301948;-47,70716932;"SPRF-MG";"DEL10-MG";"UOP01-DEL10-MG"
162040;2018-09-27;"quinta-feira";"20:20:00";"RJ";393;235;"VASSOURAS";"Falta de Atenção à Condução";"Colisão transversal";"Sem Vítimas";"Plena Noite";"Decrescente";"Chuva";"Simples";"Interseção de Vias";"Sim";3;0;0;0;3;0;0;2;-22,41206004;-43,67404461;"SPRF-RJ";"DEL05-RJ";"UOP03-DEL05-RJ"
162042;2018-09-27;"quinta-feira";"21:10:00";"SC";101;255;"PAULO LOPES";"Defeito Mecânico no Veículo";"Saída de leito carroçável";"Com Vítimas Feridas";"Plena Noite";"Decrescente";"Chuva";"Dupla";"Reta";"Não";4;0;0;4;0;0;4;1;-27,9949;-48,6853;"SPRF-SC";"DEL02-SC";"UOP03-DEL02-SC"
162043;2018-09-27;"quinta-feira";"19:00:00";"RJ";493;56;"DUQUE DE CAXIAS";"Velocidade Incompatível";"Saída de leito carroçável";"Com Vítimas Feridas";"Plena Noite";"Decrescente";"Chuva";"Dupla";"Reta";"Não";2;0;2;0;0;0;2;1;-22,66692746;-43,37162018;"SPRF-RJ";"DEL01-RJ";"UOP01-DEL01-RJ"
162045;2018-09-27;"quinta-feira";"20:06:00";"PR";277;116,8;"CAMPO LARGO";"Falta de Atenção à Condução";"Colisão traseira";"Com Vítimas Feridas";"Plena Noite";"Crescente";"Céu Claro";"Dupla";"Curva";"Não";2;0;1;0;1;0;1;2;-25,435589;-49,516415;"SPRF-PR";"DEL01-PR";"UOP06-DEL01-PR"
162048;2018-09-27;"quinta-feira";"22:00:00";"PR";369;194,3;"ARAPONGAS";"Falta de Atenção à Condução";"Tombamento";"Com Vítimas Feridas";"Plena Noite";"Decrescente";"Céu Claro";"Dupla";"Reta";"Sim";1;0;1;0;0;0;1;1;-23,49129138;-51,42335325;"SPRF-PR";"DEL07-PR";"UOP03-DEL07-PR"