"id";"data_inversa";"dia_semana";"horario";"uf";"br";"km";"municipio";"causa_acidente";"tipo_acidente";"classificacao_acidente";"fase_dia";"sentido_via";"condicao_metereologica";"tipo_pista";"tracado_via";"uso_solo";"pessoas";"mortos";"feridos_leves";"feridos_graves";"ilesos";"ignorados";"feridos";"veiculos";"latitude";"longitude";"regional";"delegacia";"uop"
162049;2018-09-27;"quinta-feira";"21:45:00";"RS";472;152;"SANTA ROSA";"Ultrapassagem Indevida";"Colisão frontal";"Com Vítimas Feridas";"Plena Noite";"Decrescente";"Nublado";"Simples";"Reta";"Não";2;0;1;1;0;0;2;2;-27,78836514;-54,38472748;"SPRF-RS";"DEL10-RS";"UOP01-DEL10-RS"
162050;2018-09-27;"quinta-feira";"20:50:00";"SC";280;129,9;"RIO NEGRINHO";"Ultrapassagem Indevida";"Colisão lateral";"Com Vítimas Feridas";"Plena Noite";"Decrescente";"Céu Claro";"Simples";"Reta;Aclive";"Sim";2;0;1;0;1;0;1;2;-26,24992752;-49,5264637;"SPRF-SC";"DEL06-SC";"UOP03-DEL06-SC"
162051;2018-09-27;"quinta-feira";"10:30:00";"RJ";116;182;"NOVA IGUACU";"Não guardar distância de segurança";"Colisão lateral";"Com Vítimas Feridas";"Pleno dia";"Decrescente";"Céu Claro";"Dupla";"Reta";"Sim";2;0;1;0;1;0;1;2;-22,756775;-43,431072;"SPRF-RJ";"DEL01-RJ";"UOP02-DEL01-RJ"
162053;2018-09-27;"quinta-feira";"21:25:00";"PR";277;708,6;"SANTA TEREZINHA DE ITAIPU";"Falta de Atenção à Condução";"Saída de leito carroçável";"Sem Vítimas";"Plena Noite";"Crescente";"Ignorado";"Dupla";"Reta";"Sim";1;0;0;0;1;0;0;1;-25,44505724;-54,40030575;"SPRF-PR";"DEL05-PR";"UOP01-DEL05-PR"
162054;2018-09-27;"quinta-feira";"23:00:00";"RJ";116;142;"DUQUE DE CAXIAS";"Desobediência às normas de trânsito pelo condutor";"Colisão frontal";"Com Vítimas Feridas";"Plena Noite";"Decrescente";"Chuva";"Simples";"Interseção de Vias";"Sim";2;0;1;0;1;0;1;2;-22,66962028;-43,271842;"SPRF-RJ";"DEL04-RJ";"UOP02-DEL04-RJ"
162056;2018-09-27;"quinta-feira";"22:49:00";"PR";376;125,9;"ALTO PARANA";"Desobediência às normas de trânsito pelo condutor";"Saída de leito carroçável";"Com Vítimas Feridas";"Plena Noite";"Crescente";"Céu Claro";"Dupla";"Reta";"Não";3;0;1;0;2;0;1;1;-23,15246;-52,27111;"SPRF-PR";"DEL07-PR";"UOP02-DEL09-PR"
162057;2018-09-27;"quinta-feira";"23:30:00";"PB";101;101,2;"ALHANDRA";"Falta de Atenção à Condução";"Colisão traseira";"Com Vítimas Feridas";"Plena Noite";"Decrescente";"Céu Claro";"Dupla";"Reta";"Não";2;0;0;1;0;1;1;2;-7,27593022;-34,93830717;"SPRF-PB";"DEL01-PB";"UOP01-DEL01-PB"
162059;2018-09-27;"quinta-feira";"23:10:00";"RO";319;59;"PORTO VELHO";"Falta de Atenção à Condução";"Colisão traseira";"Com Vítimas Feridas";"Plena Noite";"Decrescente";"Nublado";"Dupla";"Reta";"Sim";2;0;1;0;1;0;1;2;-8,74264251;-63,90479922;"SPRF-RO";"DEL01-RO";"UOP01-DEL01-RO"
162063;2018-09-28;"sexta-feira";"01:45:00";"MG";116;289,9;"TEOFILO OTONI";"Condutor Dormindo";"Saída de leito carroçável";"Com Vítimas Feridas";"Plena Noite";"Decrescente";"Céu Claro";"Dupla";"Reta";"Sim";1;0;1;0;0;0;1;1;-17,9612879;-41,53774084;"SPRF-MG";"DEL11-MG";"UOP01-DEL11-MG"
162064;2018-09-28;"sexta-feira";"02:25:00";"MG";262;449,5;"NOVA SERRANA";"Não guardar distância de segurança";"Colisão traseira";"Com Vítimas Feridas";"Plena Noite";"Crescente";"Céu Claro";"Simples";"Declive";"Não";4;0;2;0;2;0;2;2;-19,863728;-44,997971;"SPRF-MG";"DEL08-MG";"UOP03-DEL08-MG"
162066;2018-09-27;"quinta-feira";"11:30:00";"BA";324;6;"FEIRA DE SANTANA";"Falta de Atenção à Condução";"Saída de leito carroçável";"Com Vítimas Feridas";"Plena Noite";"Decrescente";"Céu Claro";"Dupla";"Reta";"Sim";1;0;1;0;0;0;1;1;-12,27392152;-38,98464203;"SPRF-BA";"DEL02-BA";"UOP01-DEL02-BA"
162067;2018-09-28;"sexta-feira";"04:25:00";"SC";101;316,8;"PESCARIA BRAVA";"Falta de Atenção à Condução";"Colisão com objeto estático";"Sem Vítimas";"Plena Noite";"Decrescente";"Nublado";"Dupla";"Reta";"Não";1;0;0;0;1;0;0;1;-28,42679779;-48,86305153;"SPRF-SC";"DEL02-SC";"UOP01-DEL02-SC"
162071;2018-09-28;"sexta-feira";"02:10:00";"AM";230;615;"HUMAITA";"Falta de Atenção do Pedestre";"Atropelamento de Pedestre";"Com Vítimas Feridas";"Plena Noite";"Crescente";"Céu Claro";"Simples";"Reta";"Não";3;0;2;0;1;0;2;2;-7,54178456;-63,06552529;"SPRF-RO";"DEL01-RO";"UOP05-DEL01-AM"
162074;2018-09-28;"sexta-feira";"05:51:00";"SP";116;99,7;"PINDAMONHANGABA";"Defeito Mecânico no Veículo";"Queda de ocupante de veículo";"Com Vítimas Feridas";"Amanhecer";"Crescente";"Nublado";"Dupla";"Reta";"Não";2;0;2;0;0;0;2;1;-22,98237;-45,464367;"SPRF-SP";"DEL06-SP";"UOP01-DEL06-SP"
162075;2018-09-28;"sexta-feira";"06:30:00";"AL";423;51,6;"INHAPI";"Falta de Atenção à Condução";"Colisão transversal";"Com Vítimas Feridas";"Pleno dia";"Decrescente";"Céu Claro";"Simples";"Aclive";"Não";2;0;0;1;1;0;1;2;-9,26634648;-37,73597717;"SPRF-AL";"DEL03-AL";"UOP02-DEL03-AL"
162077;2018-09-28;"sexta-feira";"06:40:00";"TO";153;697,3;"CARIRI DO TOCANTINS";"Ultrapassagem Indevida";"Colisão frontal";"Com Vítimas Fatais";"Amanhecer";"Crescente";"Céu Claro";"Simples";"Aclive;Reta";"Não";2;1;1;0;0;0;1;2;-11,9452805;-49,19199228;"SPRF-TO";"DEL02-TO";"UOP02-DEL01-TO"
162078;2018-09-28;"sexta-feira";"06:45:00";"RS";287;275,4;"SANTA MARIA";"Falta de Atenção à Condução";"Saída de leito carroçável";"Com Vítimas Feridas";"Pleno dia";"Crescente";"Céu Claro";"Dupla";"Reta";"Não";3;0;2;0;1;0;2;1;-29,661892;-54,12516;"SPRF-RS";"DEL09-RS";"UOP01-DEL09-RS"
162080;2018-09-28;"sexta-feira";"06:40:00";"ES";101;266;"SERRA";"Falta de Atenção à Condução";"Colisão transversal";"Com Vítimas Feridas";"Pleno dia";"Crescente";"Céu Claro";"Múltipla";"Reta";"Sim";2;0;0;1;1;0;1;2;-20,18734062;-40,26848048;"SPRF-ES";"DEL02-ES";"UOP01-DEL02-ES"
162081;2018-09-28;"sexta-feira";"05:50:00";"PR";467;91,2;"CASCAVEL";"Condutor Dormindo";"Saída de leito carroçável";"Sem Vítimas";"Amanhecer";"Crescente";"Céu Claro";"Dupla";"Curva";"Não";1;0;0;0;0;1;0;1;-24,8515;-53,6035;"SPRF-PR";"DEL04-PR";"UOP01-DEL04-PR"
162084;2018-09-28;"sexta-feira";"07:20:00";"MG";251;519,3;"MONTES CLAROS";"Ultrapassagem Indevida";"Saída de leito carroçável";"Com Vítimas Feridas";"Pleno dia";"Crescente";"Céu Claro";"Simples";"Declive";"Não";1;0;1;0;0;0;1;1;-16,6633;-43,7747;"SPRF-MG";"DEL12-MG";"UOP01-DEL12-MG"
162085;2018-09-28;"sexta-feira";"07:10:00";"SP";116;283;"EMBU DAS ARTES";"Desobediência às normas de trânsito pelo condutor";"Colisão traseira";"Com Vítimas Feridas";"Pleno dia";"Decrescente";"Chuva";"Dupla";"Reta";"Sim";2;0;1;0;1;0;1;2;-23,672781;-46,856336;"SPRF-SP";"DEL04-SP";"UOP01-DEL04-SP"
162086;2018-09-12;"quarta-feira";"07:40:00";"PB";230;9;"CABEDELO";"Desobediência às normas de trânsito pelo pedestre";"Atropelamento de Pedestre";"Com Vítimas Feridas";"Pleno dia";"Decrescente";"Céu Claro";"Dupla";"Reta";"Sim";4;0;1;0;1;2;1;2;-7,06958;-34,8502;"SPRF-PB";"DEL01-PB";"UOP01-DEL01-PB"
162088;2018-09-28;"sexta-feira";"07:45:00";"ES";101;162,8;"LINHARES";"Falta de Atenção à Condução";"Colisão com objeto estático";"Com Vítimas Feridas";"Pleno dia";"Crescente";"Céu Claro";"Simples";"Retorno Regulamentado";"Sim";1;0;0;1;0;0;1;1;-19,49806871;-40,13035297;"SPRF-ES";"DEL04-ES";"UOP01-DEL04-ES"
162089;2018-09-28;"sexta-feira";"07:00:00";"BA";101;878;"TEIXEIRA DE FREITAS";"Falta de Atenção à Condução";"Colisão transversal";"Com Vítimas Feridas";"Pleno dia";"Crescente";"Céu Claro";"Simples";"Reta";"Sim";2;0;0;2;0;0;2;2;-17,5466;-39,7192;"SPRF-BA";"DEL09-BA";"UOP02-DEL09-BA"
162090;2018-09-28;"sexta-feira";"07:40:00";"MG";381;907,5;"CAMBUI";"Pista Escorregadia";"Saída de leito carroçável";"Sem Vítimas";"Pleno dia";"Crescente";"Chuva";"Dupla";"Curva";"Não";2;0;0;0;1;1;0;2;-22,679;-46,0995;"SPRF-MG";"DEL16-MG";"UOP03-DEL16-MG"
162093;2018-09-28;"sexta-feira";"07:15:00";"PR";158;491,5;"CORONEL VIVIDA";"Desobediência às normas de trânsito pelo condutor";"Colisão transversal";"Com Vítimas Feridas";"Pleno dia";"Crescente";"Céu Claro";"Simples";"Rotatória";"Sim";2;0;1;0;1;0;1;2;-26,00441569;-52,56528854;"SPRF-PR";"DEL02-PR";"UOP01-DEL02-PR"
162094;2018-09-28;"sexta-feira";"07:35:00";"CE";116;3,1;"FORTALEZA";"Pista Escorregadia";"Queda de ocupante de veículo";"Com Vítimas Feridas";"Pleno dia";"Decrescente";"Céu Claro";"Simples";"Curva";"Sim";2;0;1;0;1;0;1;1;-3,77818655;-38,51390362;"SPRF-CE";"DEL01-CE";"UOP02-DEL01-CE"
162095;2018-09-28;"sexta-feira";"07:23:00";"SP";116;33,7;"CRUZEIRO";"Velocidade Incompatível";"Colisão com objeto estático";"Com Vítimas Feridas";"Pleno dia";"Decrescente";"Céu Claro";"Dupla";"Curva";"Não";1;0;0;1;0;0;1;1;-22,6509;-44,9577;"SPRF-SP";"DEL08-SP";"UOP02-DEL08-SP"
162097;2018-09-28;"sexta-feira";"08:45:00";"PR";376;447,8;"TIBAGI";"Falta de Atenção do Pedestre";"Atropelamento de Pedestre";"Com Vítimas Feridas";"Pleno dia";"Decrescente";"Céu Claro";"Simples";"Reta";"Não";2;0;0;1;1;0;1;2;-24,85744942;-50,45608521;"SPRF-PR";"DEL03-PR";"UOP02-DEL03-PR"
162098;2018-09-28;"sexta-feira";"06:50:00";"AC";364;110;"RIO BRANCO";"Falta de Atenção à Condução";"Colisão transversal";"Com Vítimas Feridas";"Pleno dia";"Crescente";"Garoa/Chuvisco";"Simples";"Reta";"Não";3;0;1;0;2;0;1;2;-10,014026;-67,66507;"SPRF-AC";"DEL01-AC";"UOP01-DEL01-AC"
162101;2018-09-24;"segunda-feira";"11:35:00";"PR";376;181;"MARINGA";"Falta de Atenção à Condução";"Colisão lateral";"Com Vítimas Feridas";"Pleno dia";"Crescente";"Sol";"Dupla";"Reta";"Sim";2;0;2;0;0;0;2;2;-23,4276685;-51,89641121;"SPRF-PR";"DEL07-PR";"UOP01-DEL09-PR"
162104;2018-09-28;"sexta-feira";"07:10:00";"MT";70;518,6;"VARZEA GRANDE";"Falta de Atenção à Condução";"Tombamento";"Com Vítimas Fatais";"Pleno dia";"Crescente";"Chuva";"Simples";"Reta;Declive";"Não";2;1;0;0;0;1;0;2;-15,70324226;-56,1515522;"SPRF-MT";"DEL01-MT";"DEL2/4-UOP02/MT"
162110;2018-09-14;"sexta-feira";"11:40:00";"PB";230;17;"JOAO PESSOA";"Não guardar distância de segurança";"Colisão traseira";"Com Vítimas Feridas";"Pleno dia";"Crescente";"Céu Claro";"Dupla";"Retorno Regulamentado;Curva";"Sim";3;0;1;0;1;1;1;3;-7,11580629;-34,8420614;"SPRF-PB";"DEL01-PB";"UOP01-DEL01-PB"
162111;2018-09-28;"sexta-feira";"10:00:00";"CE";20;429,2;"FORTALEZA";"Falta de Atenção à Condução";"Colisão traseira";"Com Vítimas Feridas";"Pleno dia";"Decrescente";"Céu Claro";"Dupla";"Viaduto";"Sim";2;0;0;1;1;0;1;2;-3,76999;-38,670063;"SPRF-CE";"DEL01-CE";"UOP02-DEL01-CE"
162113;2018-09-28;"sexta-feira";"10:00:00";"RJ";393;282;"VOLTA REDONDA";"Desobediência às normas de trânsito pelo condutor";"Colisão frontal";"Com Vítimas Feridas";"Pleno dia";"Crescente";"Nublado";"Dupla";"Interseção de Vias";"Sim";2;0;0;1;1;0;1;2;-22,48150152;-44,06312048;"SPRF-RJ";"DEL05-RJ";"UOP04-DEL05-RJ"
162115;2018-09-28;"sexta-feira";"10:45:00";"PE";104;40;"CARUARU";"Falta de Atenção à Condução";"Colisão traseira";"Com Vítimas Feridas";"Pleno dia";"Decrescente";"Sol";"Dupla";"Reta";"Sim";2;0;1;0;1;0;1;2;-8,08069789;-36,04272544;"SPRF-PE";"DEL02-PE";"UOP01-DEL02-PE"
162117;2018-09-28;"sexta-feira";"10:50:00";"SP";116;151;"SAO JOSE DOS CAMPOS";"Defeito na Via";"Capotamento";"Com Vítimas Feridas";"Pleno dia";"Crescente";"Garoa/Chuvisco";"Dupla";"Reta";"Sim";3;0;2;0;1;0;2;1;-23,219809;-45,899918;"SPRF-SP";"DEL02-SP";"UOP01-DEL02-SP"
162118;2018-09-28;"sexta-feira";"09:00:00";"MG";381;908,3;"CAMBUI";"Pista Escorregadia";"Colisão com objeto estático";"Com Vítimas Feridas";"Pleno dia";"Crescente";"Chuva";"Dupla";"Aclive;Curva";"Não";1;0;1;0;0;0;1;1;-22,68116809;-46,10137847;"SPRF-MG";"DEL16-MG";"UOP03-DEL16-MG"
162121;2018-09-04;"terça-feira";"23:00:00";"PR";476;127,7;"CURITIBA";"Falta de Atenção à Condução";"Tombamento";"Com Vítimas Feridas";"Plena Noite";"Crescente";"Nublado";"Dupla";"Reta";"Sim";1;0;1;0;0;0;1;1;-25,425167;-49,227158;"SPRF-PR";"DEL01-PR";"UOP07-DEL01-PR"
162122;2018-09-28;"sexta-feira";"11:20:00";"SC";101;29;"JOINVILLE";"Não guardar distância de segurança";"Colisão traseira";"Com Vítimas Feridas";"Pleno dia";"Crescente";"Garoa/Chuvisco";"Dupla";"Reta";"Não";2;0;1;0;1;0;1;2;-26,2283;-48,9165;"SPRF-SC";"DEL03-SC";"UOP01-DEL03-SC"
162123;2018-09-28;"sexta-feira";"11:30:00";"PE";101;54,6;"PAULISTA";"Falta de Atenção à Condução";"Colisão traseira";"Com Vítimas Feridas";"Pleno dia";"Decrescente";"Sol";"Simples";"Reta";"Sim";2;0;1;0;1;0;1;2;-7,9566;-34,9117;"SPRF-PE";"DEL01-PE";"UOP02-DEL01-PE"
162124;2018-09-28;"sexta-feira";"08:10:00";"RJ";393;109;"SAPUCAIA";"Falta de Atenção à Condução";"Colisão traseira";"Com Vítimas Feridas";"Pleno dia";"Crescente";"Céu Claro";"Simples";"Reta";"Não";2;0;2;0;0;0;2;2;-21,88167;-42,687073;"SPRF-RJ";"DEL06-RJ";"UOP01-DEL05-RJ"
162125;2018-09-28;"sexta-feira";"10:00:00";"MG";381;291;"ANTONIO DIAS";"Defeito Mecânico no Veículo";"Capotamento";"Sem Vítimas";"Pleno dia";"Crescente";"Céu Claro";"Simples";"Curva";"Não";1;0;0;0;1;0;0;1;-19,62803639;-42,80621052;"SPRF-MG";"DEL03-MG";"UOP02-DEL03-MG"
162126;2018-09-28;"sexta-feira";"11:30:00";"BA";116;385,3;"SANTA BARBARA";"Condutor Dormindo";"Saída de leito carroçável";"Com Vítimas Feridas";"Pleno dia";"Crescente";"Sol";"Simples";"Reta";"Não";2;0;1;0;1;0;1;1;-11,91220117;-38,9836942;"SPRF-BA";"DEL02-BA";"DEL10/2-UOP02/BA"
162128;2018-09-28;"sexta-feira";"11:30:00";"MT";163;813;"SINOP";"Falta de Atenção à Condução";"Capotamento";"Com Vítimas Feridas";"Pleno dia";"Crescente";"Céu Claro";"Simples";"Reta";"Não";1;0;1;0;0;0;1;1;-12,05846;-55,51752;"SPRF-MT";"DEL06-MT";"UOP01-DEL06-MT"
162131;2018-04-08;"domingo";"05:00:00";"PE";428;190,8;"PETROLINA";"Ingestão de Álcool";"Atropelamento de Pedestre";"Com Vítimas Feridas";"Amanhecer";"Crescente";"Chuva";"Simples";"Reta";"Sim";3;0;2;0;0;1;2;2;-9,372067;-40,486843;"SPRF-PE";"DEL06-PE";"UOP01-DEL06-PE"
162134;2018-09-28;"sexta-feira";"12:55:00";"SC";101;201;"SAO JOSE";"Defeito Mecânico no Veículo";"Colisão transversal";"Com Vítimas Feridas";"Pleno dia";"Crescente";"Nublado";"Dupla";"Reta";"Sim";2;0;1;0;1;0;1;2;-27,5572;-48,6188;"SPRF-SC";"DEL01-SC";"UOP01-DEL01-SC"
162137;2018-09-28;"sexta-feira";"13:30:00";"MG";381;520,5;"IGARAPE";"Velocidade Incompatível";"Colisão com objeto estático";"Com Vítimas Feridas";"Pleno dia";"Decrescente";"Céu Claro";"Dupla";"Curva";"Não";1;0;1;0;0;0;1;1;-20,1186;-44,302;"SPRF-MG";"DEL01-MG";"UOP03-DEL01-MG"
162139;2018-09-28;"sexta-feira";"13:40:00";"MG";116;706,8;"MURIAE";"Falta de Atenção à Condução";"Colisão transversal";"Com Vítimas Feridas";"Pleno dia";"Crescente";"Sol";"Simples";"Reta";"Sim";4;0;0;2;1;1;2;3;-21,14052857;-42,38132715;"SPRF-MG";"DEL07-MG";"UOP02-DEL07-MG"
162141;2018-09-28;"sexta-feira";"13:00:00";"SC";280;126,9;"RIO NEGRINHO";"Falta de Atenção à Condução";"Colisão lateral";"Com Vítimas Feridas";"Pleno dia";"Decrescente";"Céu Claro";"Simples";"Reta";"Sim";2;0;1;0;1;0;1;2;-26,237795;-49,494263;"SPRF-SC";"DEL06-SC";"UOP03-DEL06-SC"
162142;2018-09-28;"sexta-feira";"13:00:00";"MG";381;929,6;"ITAPEVA";"Pista Escorregadia";"Capotamento";"Com Vítimas Feridas";"Pleno dia";"Decrescente";"Chuva";"Dupla";"Reta";"Não";1;0;1;0;0;0;1;1;-22,7766;-46,2388;"SPRF-MG";"DEL16-MG";"UOP03-DEL16-MG"
162145;2018-09-28;"sexta-feira";"12:45:00";"RJ";101;13;"CAMPOS DOS GOYTACAZES";"Defeito Mecânico no Veículo";"Saída de leito carroçável";"Com Vítimas Feridas";"Pleno dia";"Decrescente";"Céu Claro";"Simples";"Reta";"Não";2;0;1;0;1;0;1;1;-21,324224;-41,330658;"SPRF-RJ";"DEL08-RJ";"UOP01-DEL08-RJ"
162147;2018-09-28;"sexta-feira";"14:10:00";"BA";116;421;"FEIRA DE SANTANA";"Falta de Atenção à Condução";"Colisão lateral";"Com Vítimas Feridas";"Pleno dia";"Decrescente";"Sol";"Dupla";"Reta";"Sim";3;0;2;0;1;0;2;2;-12,21218685;-38,96575928;"SPRF-BA";"DEL02-BA";"UOP01-DEL02-BA"
162148;2018-09-28;"sexta-feira";"12:20:00";"CE";0;0;"ICO";"Desobediência às normas de trânsito pelo condutor";"Saída de leito carroçável";"Com Vítimas Feridas";"Pleno dia";"Não Informado";"Céu Claro";"Simples";"Reta";"Sim";4;0;1;0;0;3;1;2;-6,40316018;-38,88881207;"SPRF-CE";"DEL05-CE";"UOP01-DEL05-CE"
162149;2018-09-28;"sexta-feira";"13:10:00";"RN";110;118;"AUGUSTO SEVERO";"Ingestão de Álcool";"Colisão com objeto estático";"Sem Vítimas";"Pleno dia";"Crescente";"Céu Claro";"Simples";"Reta";"Não";1;0;0;0;1;0;0;1;-5,799626;-37,29681;"SPRF-RN";"DEL04-RN";"UOP01-DEL04-RN"
162150;2018-07-11;"quarta-feira";"14:40:00";"PB";230;16,5;"JOAO PESSOA";"Desobediência às normas de trânsito pelo condutor";"Engavetamento";"Sem Vítimas";"Pleno dia";"Decrescente";"Sol";"Dupla";"Reta";"Sim";3;0;0;0;3;0;0;3;-7,11012313;-34,84298408;"SPRF-PB";"DEL01-PB";"UOP01-DEL01-PB"
162151;2018-09-02;"domingo";"18:50:00";"RN";110;2,8;"AREIA BRANCA";"Desobediência às normas de trânsito pelo condutor";"Colisão frontal";"Com Vítimas Fatais";"Plena Noite";"Crescente";"Céu Claro";"Simples";"Curva";"Não";2;1;0;0;0;1;0;2;-4,94063168;-37,11400509;"SPRF-RN";"DEL04-RN";"UOP01-DEL04-RN"
162152;2018-09-28;"sexta-feira";"13:55:00";"PR";277;595;"CASCAVEL";"Ingestão de Álcool";"Colisão traseira";"Com Vítimas Feridas";"Pleno dia";"Decrescente";"Céu Claro";"Dupla";"Reta";"Sim";3;0;1;0;2;0;1;2;-24,983974;-53,5031088;"SPRF-PR";"DEL04-PR";"UOP01-DEL04-PR"
162154;2018-09-28;"sexta-feira";"11:45:00";"PE";232;31;"MORENO";"Velocidade Incompatível";"Saída de leito carroçável";"Com Vítimas Fatais";"Pleno dia";"Decrescente";"Sol";"Dupla";"Curva";"Não";2;1;1;0;0;0;1;1;-8,10683854;-35,15866399;"SPRF-PE";"DEL01-PE";"UOP02-DEL02PE"
162155;2018-09-28;"sexta-feira";"15:00:00";"MG";40;477,9;"SETE LAGOAS";"Não guardar distância de segurança";"Colisão traseira";"Com Vítimas Feridas";"Pleno dia";"Decrescente";"Céu Claro";"Dupla";"Reta";"Não";6;0;3;0;3;0;3;2;-19,5308;-44,2577;"SPRF-MG";"DEL02-MG";"UOP01-DEL02-MG"
162160;2018-09-28;"sexta-feira";"15:20:00";"SC";101;194;"BIGUACU";"Falta de Atenção à Condução";"Colisão frontal";"Com Vítimas Feridas";"Pleno dia";"Crescente";"Chuva";"Dupla";"Reta";"Sim";2;0;1;0;1;0;1;2;-27,5055;-48,6491;"SPRF-SC";"DEL01-SC";"UOP01-DEL01-SC"
162163;2018-09-28;"sexta-feira";"15:05:00";"PA";316;51;"CASTANHAL";"Avarias e/ou desgaste excessivo no pneu";"Tombamento";"Com Vítimas Feridas";"Pleno dia";"Crescente";"Céu Claro";"Dupla";"Reta";"Não";2;0;2;0;0;0;2;1;-1,306961;-48,034779;"SPRF-PA";"DEL01-PA";"UOP01-DEL01-PA"
162164;2018-09-28;"sexta-feira";"15:50:00";"RN";406;170;"SAO GONCALO DO AMARANTE";"Desobediência às normas de trânsito pelo condutor";"Colisão traseira";"Com Vítimas Feridas";"Pleno dia";"Crescente";"Sol";"Dupla";"Retorno Regulamentado";"Sim";2;0;1;0;1;0;1;2;-5,75762374;-35,30205756;"SPRF-RN";"DEL02-RN";"UOP01-DEL02-RN"
162165;2018-09-28;"sexta-feira";"15:45:00";"ES";101;273,7;"SERRA";"Falta de Atenção à Condução";"Colisão traseira";"Com Vítimas Feridas";"Pleno dia";"Crescente";"Céu Claro";"Dupla";"Reta";"Sim";2;0;1;0;1;0;1;2;-20,2151956;-40,2943211;"SPRF-ES";"DEL02-ES";"UOP01-DEL02-ES"
162166;2018-09-28;"sexta-feira";"15:20:00";"SC";101;204;"SAO JOSE";"Não guardar distância de segurança";"Colisão lateral";"Com Vítimas Feridas";"Pleno dia";"Decrescente";"Nublado";"Múltipla";"Reta";"Sim";3;0;1;0;2;0;1;3;-27,57351385;-48,61354635;"SPRF-SC";"DEL01-SC";"UOP01-DEL01-SC"
162167;2018-09-28;"sexta-feira";"16:05:00";"PR";376;509,4;"PONTA GROSSA";"Ingestão de Álcool";"Colisão traseira";"Com Vítimas Feridas";"Pleno dia";"Crescente";"Sol";"Dupla";"Reta";"Não";4;0;3;0;1;0;3;2;-25,21701865;-50,05975486;"SPRF-PR";"DEL03-PR";"UOP04-DEL03-PR"
162168;2018-09-14;"sexta-feira";"10:45:00";"PB";230;234,8;"JUAZEIRINHO";"Desobediência às normas de trânsito pelo condutor";"Colisão transversal";"Com Vítimas Feridas";"Pleno dia";"Crescente";"Céu Claro";"Simples";"Reta";"Não";2;0;0;1;1;0;1;2;-7,044922;-36,522436;"SPRF-PB";"DEL02-PB";"UOP02-DEL02-PB"
162170;2018-09-28;"sexta-feira";"15:55:00";"MG";40;786,8;"JUIZ DE FORA";"Falta de Atenção à Condução";"Colisão traseira";"Com Vítimas Feridas";"Pleno dia";"Decrescente";"Chuva";"Dupla";"Curva";"Não";2;0;1;0;1;0;1;2;-21,7522;-43,4452;"SPRF-MG";"DEL05-MG";"UOP01-DEL05-MG"
162171;2018-09-28;"sexta-feira";"12:30:00";"ES";262;42,5;"DOMINGOS MARTINS";"Falta de Atenção à Condução";"Queda de ocupante de veículo";"Com Vítimas Feridas";"Pleno dia";"Decrescente";"Céu Claro";"Simples";"Curva";"Não";1;0;0;1;0;0;1;1;-20,3855639;-40,65165639;"SPRF-ES";"DEL01-ES";"UOP01-DEL01-ES"
162172;2018-09-28;"sexta-feira";"15:30:00";"SC";101;281;"IMBITUBA";"Velocidade Incompatível";"Saída de leito carroçável";"Com Vítimas Feridas";"Pleno dia";"Crescente";"Nublado";"Dupla";"Reta";"Não";2;0;1;0;1;0;1;1;-28,2178;-48,7001;"SPRF-SC";"DEL02-SC";"UOP03-DEL02-SC"
162173;2018-09-28;"sexta-feira";"16:20:00";"RS";290;91;"PORTO ALEGRE";"Desobediência às normas de trânsito pelo condutor";"Colisão lateral";"Com Vítimas Feridas";"Pleno dia";"Decrescente";"Céu Claro";"Múltipla";"Retorno Regulamentado";"Sim";2;0;1;0;1;0;1;2;-29,9683071;-51,1742355;"SPRF-RS";"DEL01-RS";"UOP01-DEL01-RS"
162174;2018-09-28;"sexta-feira";"15:40:00";"AP";210;4;"MACAPA";"Falta de Atenção à Condução";"Colisão lateral";"Com Vítimas Feridas";"Pleno dia";"Decrescente";"Céu Claro";"Dupla";"Reta";"Sim";2;0;1;0;1;0;1;2;0,0794624;-51,064832;"SPRF-AP";"DEL01-AP";"UOP01-DEL01-AP"
162175;2018-09-28;"sexta-feira";"16:30:00";"RS";116;149,5;"CAXIAS DO SUL";"Não guardar distância de segurança";"Colisão traseira";"Com Vítimas Feridas";"Pleno dia";"Decrescente";"Céu Claro";"Dupla";"Reta";"Sim";2;0;1;0;1;0;1;2;-29,16145571;-51,15684986;"SPRF-RS";"DEL05-RS";"UOP01-DEL05-RS"
162177;2018-09-28;"sexta-feira";"09:45:00";"PR";116;17;"CAMPINA GRANDE DO SUL";"Desobediência às normas de trânsito pelo condutor";"Saída de leito carroçável";"Com Vítimas Feridas";"Pleno dia";"Decrescente";"Chuva";"Dupla";"Curva";"Não";2;0;1;0;1;0;1;1;-25,103088;-48,701103;"SPRF-PR";"DEL01-PR";"UOP02-DEL01-PR"
162178;2018-09-28;"sexta-feira";"16:30:00";"RS";116;222,1;"DOIS IRMAOS";"Falta de Atenção à Condução";"Colisão transversal";"Com Vítimas Feridas";"Pleno dia";"Crescente";"Sol";"Simples";"Reta";"Sim";7;0;0;5;2;0;5;2;-29,58154217;-51,09585375;"SPRF-RS";"DEL05-RS";"UOP02-DEL05-RS"
162180;2018-09-28;"sexta-feira";"16:05:00";"AP";210;1;"MACAPA";"Falta de Atenção à Condução";"Colisão com objeto em movimento";"Com Vítimas Feridas";"Pleno dia";"Crescente";"Céu Claro";"Simples";"Reta";"Sim";2;0;1;0;1;0;1;2;0,078212;-51,070091;"SPRF-AP";"DEL01-AP";"UOP01-DEL01-AP"