"id";"data_inversa";"dia_semana";"horario";"uf";"br";"km";"municipio";"causa_acidente";"tipo_acidente";"classificacao_acidente";"fase_dia";"sentido_via";"condicao_metereologica";"tipo_pista";"tracado_via";"uso_solo";"pessoas";"mortos";"feridos_leves";"feridos_graves";"ilesos";"ignorados";"feridos";"veiculos";"latitude";"longitude";"regional";"delegacia";"uop"
162182;2018-09-28;"sexta-feira";"17:45:00";"PE";104;57,2;"CARUARU";"Mal Súbito";"Queda de ocupante de veículo";"Com Vítimas Feridas";"Plena Noite";"Crescente";"Céu Claro";"Dupla";"Reta";"Sim";1;0;1;0;0;0;1;1;-8,2181;-35,9747;"SPRF-PE";"DEL02-PE";"UOP01-DEL02-PE"
162186;2018-09-28;"sexta-feira";"14:00:00";"MG";116;741,8;"LEOPOLDINA";"Condutor Dormindo";"Saída de leito carroçável";"Com Vítimas Feridas";"Pleno dia";"Decrescente";"Sol";"Simples";"Reta";"Não";5;0;5;0;0;0;5;1;-21,40423129;-42,49925852;"SPRF-MG";"DEL07-MG";"UOP01-DEL07-MG"
162187;2018-09-28;"sexta-feira";"17:00:00";"MG";40;585;"ITABIRITO";"Falta de Atenção à Condução";"Saída de leito carroçável";"Com Vítimas Feridas";"Pleno dia";"Crescente";"Chuva";"Simples";"Declive;Reta";"Não";1;0;1;0;0;0;1;1;-20,33301778;-43,92374754;"SPRF-MG";"DEL01-MG";"UOP02-DEL01-MG"
162190;2018-09-28;"sexta-feira";"18:00:00";"AL";101;174,5;"TEOTONIO VILELA";"Falta de Atenção do Pedestre";"Atropelamento de Pedestre";"Com Vítimas Fatais";"Plena Noite";"Decrescente";"Nublado";"Dupla";"Reta";"Sim";2;1;0;0;0;1;0;2;-9,899678;-36,283047;"SPRF-AL";"DEL02-AL";"UOP02-DEL02-AL"
162191;2018-09-28;"sexta-feira";"17:40:00";"ES";101;266;"SERRA";"Desobediência às normas de trânsito pelo condutor";"Colisão traseira";"Com Vítimas Feridas";"Anoitecer";"Decrescente";"Céu Claro";"Dupla";"Reta";"Não";2;0;1;0;1;0;1;2;-20,19207135;-40,26843481;"SPRF-ES";"DEL02-ES";"UOP01-DEL02-ES"
162192;2018-09-28;"sexta-feira";"16:50:00";"CE";222;175,1;"IRAUCUBA";"Animais na Pista";"Atropelamento de Animal";"Sem Vítimas";"Pleno dia";"Crescente";"Céu Claro";"Simples";"Reta";"Não";2;0;0;0;2;0;0;1;-3,754176;-40,010476;"SPRF-CE";"DEL04-CE";"UOP03-DEL04-CE"
162193;2018-09-16;"domingo";"19:00:00";"PI";343;190;"PIRIPIRI";"Falta de Atenção à Condução";"Saída de leito carroçável";"Sem Vítimas";"Plena Noite";"Decrescente";"Céu Claro";"Simples";"Reta";"Sim";1;0;0;0;1;0;0;1;-4,320168;-41,782341;"SPRF-PI";"DEL02-PI";"UOP01-DEL02-PI"
162194;2018-09-28;"sexta-feira";"18:15:00";"PE";423;84;"SAO JOAO";"Ingestão de Álcool";"Queda de ocupante de veículo";"Com Vítimas Fatais";"Plena Noite";"Crescente";"Céu Claro";"Simples";"Aclive";"Não";1;1;0;0;0;0;0;1;-8,79828;-36,438;"SPRF-PE";"DEL03-PE";"UOP01-DEL03-PE"
162195;2018-09-28;"sexta-feira";"18:00:00";"MG";116;209,3;"CATUJI";"Ingestão de Álcool";"Colisão lateral";"Com Vítimas Feridas";"Anoitecer";"Crescente";"Céu Claro";"Simples";"Reta";"Sim";2;0;2;0;0;0;2;2;-17,30311562;-41,51630402;"SPRF-MG";"DEL11-MG";"UOP01-DEL11-MG"
162196;2018-09-28;"sexta-feira";"17:00:00";"MG";116;277,1;"TEOFILO OTONI";"Não guardar distância de segurança";"Queda de ocupante de veículo";"Com Vítimas Feridas";"Pleno dia";"Decrescente";"Céu Claro";"Simples";"Reta";"Sim";2;0;0;1;1;0;1;2;-17,85250285;-41,51399793;"SPRF-MG";"DEL11-MG";"UOP01-DEL11-MG"
162197;2018-09-28;"sexta-feira";"18:20:00";"SC";101;139;"BALNEARIO CAMBORIU";"Falta de Atenção à Condução";"Colisão traseira";"Com Vítimas Feridas";"Plena Noite";"Crescente";"Nublado";"Múltipla";"Reta";"Não";2;0;1;0;1;0;1;2;-27,0386;-48,6028;"SPRF-SC";"DEL04-SC";"UOP03-DEL04-SC"
162201;2018-09-28;"sexta-feira";"18:35:00";"PI";343;9,1;"PARNAIBA";"Desobediência às normas de trânsito pelo condutor";"Colisão transversal";"Com Vítimas Feridas";"Plena Noite";"Crescente";"Céu Claro";"Simples";"Reta";"Sim";2;0;1;0;1;0;1;2;-2,900722;-41,732681;"SPRF-PI";"DEL05-PI";"UOP01-DEL05-PI"
162203;2018-09-28;"sexta-feira";"18:30:00";"CE";222;312,9;"TIANGUA";"Falta de Atenção à Condução";"Colisão transversal";"Com Vítimas Feridas";"Plena Noite";"Decrescente";"Céu Claro";"Simples";"Interseção de Vias";"Sim";4;0;3;0;1;0;3;2;-3,7299;-41,0003;"SPRF-CE";"DEL04-CE";"UOP02-DEL04-CE"
162204;2018-09-28;"sexta-feira";"17:35:00";"MT";163;587;"NOVA MUTUM";"Defeito na Via";"Capotamento";"Com Vítimas Feridas";"Plena Noite";"Crescente";"Céu Claro";"Simples";"Reta";"Não";1;0;1;0;0;0;1;1;-13,90207585;-56,08932495;"SPRF-MT";"DEL01-MT";"UOP01-DEL01-MT"
162205;2018-09-28;"sexta-feira";"18:40:00";"PR";163;146;"CAPITAO LEONIDAS MARQUES";"Desobediência às normas de trânsito pelo condutor";"Colisão frontal";"Com Vítimas Feridas";"Anoitecer";"Crescente";"Céu Claro";"Simples";"Reta";"Não";10;0;1;4;5;0;5;2;-25,4505963;-53,5812627;"SPRF-PR";"DEL04-PR";"UOP05-DEL05-PR"
162206;2018-09-28;"sexta-feira";"18:17:00";"SP";116;213;"GUARULHOS";"Não guardar distância de segurança";"Colisão lateral";"Com Vítimas Feridas";"Plena Noite";"Crescente";"Céu Claro";"Múltipla";"Reta";"Sim";3;0;2;0;0;1;2;2;-23,43901968;-46,43632213;"SPRF-SP";"DEL01-SP";"UOP01-DEL01-SP"
162208;2018-09-28;"sexta-feira";"18:09:00";"RJ";101;313;"SAO GONCALO";"Falta de Atenção à Condução";"Colisão lateral";"Com Vítimas Feridas";"Plena Noite";"Decrescente";"Nublado";"Dupla";"Reta";"Não";5;0;2;0;3;0;2;3;-22,81307459;-43,07324052;"SPRF-RJ";"DEL02-RJ";"DEL5/2-UOP04/RJ"
162210;2018-09-28;"sexta-feira";"19:15:00";"PR";277;67,4;"SAO JOSE DOS PINHAIS";"Falta de Atenção à Condução";"Colisão traseira";"Com Vítimas Feridas";"Plena Noite";"Decrescente";"Céu Claro";"Dupla";"Reta";"Sim";2;0;0;1;1;0;1;2;-25,52344729;-49,10140872;"SPRF-PR";"DEL01-PR";"UOP07-DEL01-PR"
162211;2018-09-28;"sexta-feira";"19:00:00";"SC";282;4;"SAO JOSE";"Falta de Atenção do Pedestre";"Atropelamento de Pedestre";"Com Vítimas Feridas";"Plena Noite";"Crescente";"Nublado";"Dupla";"Reta";"Sim";2;0;1;1;0;0;2;2;-27,59076215;-48,60779978;"SPRF-SC";"DEL01-SC";"UOP01-DEL01-SC"
162212;2018-09-28;"sexta-feira";"18:45:00";"PB";101;99,6;"CONDE";"Restrição de Visibilidade";"Saída de leito carroçável";"Com Vítimas Feridas";"Plena Noite";"Decrescente";"Céu Claro";"Dupla";"Retorno Regulamentado";"Não";3;0;1;0;2;0;1;1;-7,257761;-34,9355522;"SPRF-PB";"DEL01-PB";"UOP01-DEL01-PB"
162214;2018-09-28;"sexta-feira";"19:00:00";"SC";101;260;"PAULO LOPES";"Velocidade Incompatível";"Colisão com objeto estático";"Com Vítimas Feridas";"Plena Noite";"Crescente";"Chuva";"Dupla";"Curva";"Não";1;0;1;0;0;0;1;1;-28,0326;-48,707;"SPRF-SC";"DEL02-SC";"UOP03-DEL02-SC"
162215;2018-09-28;"sexta-feira";"19:00:00";"PR";376;102;"PARANAVAI";"Falta de Atenção à Condução";"Colisão com objeto estático";"Com Vítimas Feridas";"Plena Noite";"Decrescente";"Céu Claro";"Dupla";"Reta";"Sim";1;0;0;1;0;0;1;1;-23,0218141;-52,4962792;"SPRF-PR";"DEL07-PR";"UOP02-DEL09-PR"
162216;2018-09-28;"sexta-feira";"19:30:00";"RS";468;104,2;"TRES PASSOS";"Falta de Atenção do Pedestre";"Atropelamento de Pedestre";"Com Vítimas Fatais";"Plena Noite";"Crescente";"Céu Claro";"Simples";"Reta";"Sim";2;1;0;0;1;0;0;2;-27,45401754;-53,94557476;"SPRF-RS";"DEL08-RS";"UOP02-DEL08-RS"
162217;2018-09-28;"sexta-feira";"19:10:00";"MG";381;5,5;"BETIM";"Falta de Atenção à Condução";"Tombamento";"Com Vítimas Feridas";"Plena Noite";"Crescente";"Céu Claro";"Dupla";"Curva";"Não";1;0;1;0;0;0;1;1;-19,96825;-44,198708;"SPRF-MG";"DEL01-MG";"UOP03-DEL01-MG"
162219;2018-09-28;"sexta-feira";"19:30:00";"PR";277;597;"CASCAVEL";"Falta de Atenção à Condução";"Colisão traseira";"Com Vítimas Feridas";"Plena Noite";"Crescente";"Céu Claro";"Dupla";"Reta";"Não";3;0;0;1;1;1;1;3;-24,9950004;-53,5145509;"SPRF-PR";"DEL04-PR";"UOP01-DEL04-PR"
162222;2018-09-02;"domingo";"11:20:00";"PB";101;89,6;"JOAO PESSOA";"Falta de Atenção à Condução";"Colisão lateral";"Com Vítimas Feridas";"Pleno dia";"Crescente";"Céu Claro";"Dupla";"Reta";"Sim";4;0;2;1;1;0;3;2;-7,1807;-34,9005;"SPRF-PB";"DEL01-PB";"UOP01-DEL01-PB"
162223;2018-09-28;"sexta-feira";"19:40:00";"SP";116;148;"SAO JOSE DOS CAMPOS";"Não guardar distância de segurança";"Colisão traseira";"Com Vítimas Feridas";"Plena Noite";"Decrescente";"Garoa/Chuvisco";"Dupla";"Reta";"Sim";4;0;2;0;2;0;2;2;-23,20004919;-45,87921142;"SPRF-SP";"DEL02-SP";"UOP01-DEL02-SP"
162224;2018-09-28;"sexta-feira";"19:50:00";"PE";101;128;"ESCADA";"Falta de Atenção à Condução";"Saída de leito carroçável";"Com Vítimas Fatais";"Plena Noite";"Decrescente";"Céu Claro";"Dupla";"Reta";"Não";1;1;0;0;0;0;0;1;-8,3839;-35,2487;"SPRF-PE";"DEL01-PE";"UOP03-DEL01-PE"
162226;2018-09-28;"sexta-feira";"18:00:00";"ES";101;242;"SERRA";"Falta de Atenção à Condução";"Queda de ocupante de veículo";"Com Vítimas Feridas";"Plena Noite";"Crescente";"Nublado";"Simples";"Curva";"Não";1;0;1;0;0;0;1;1;-20,04020845;-40,39278567;"SPRF-ES";"DEL02-ES";"UOP01-DEL02-ES"
162228;2018-09-28;"sexta-feira";"20:00:00";"RN";110;48,4;"MOSSORO";"Falta de Atenção do Pedestre";"Atropelamento de Pedestre";"Com Vítimas Feridas";"Plena Noite";"Crescente";"Céu Claro";"Dupla";"Reta";"Sim";2;0;1;1;0;0;2;2;-5,208813;-37,332851;"SPRF-RN";"DEL04-RN";"UOP01-DEL04-RN"
162229;2018-09-28;"sexta-feira";"18:05:00";"PR";369;195,8;"ARAPONGAS";"Desobediência às normas de trânsito pelo condutor";"Colisão traseira";"Com Vítimas Feridas";"Anoitecer";"Decrescente";"Céu Claro";"Dupla";"Reta;Retorno Regulamentado";"Não";5;0;2;1;2;0;3;2;-23,50484076;-51,42481327;"SPRF-PR";"DEL07-PR";"UOP03-DEL07-PR"
162230;2018-09-28;"sexta-feira";"18:55:00";"PR";376;661,3;"TIJUCAS DO SUL";"Velocidade Incompatível";"Colisão com objeto estático";"Com Vítimas Feridas";"Anoitecer";"Decrescente";"Garoa/Chuvisco";"Dupla";"Curva";"Não";2;0;2;0;0;0;2;1;-25,85397137;-48,98838043;"SPRF-PR";"DEL01-PR";"DEL7/1-UOP08/PR"
162231;2018-09-28;"sexta-feira";"19:30:00";"RO";364;704;"PORTO VELHO";"Falta de Atenção à Condução";"Colisão traseira";"Com Vítimas Feridas";"Plena Noite";"Crescente";"Céu Claro";"Dupla";"Reta";"Não";3;0;1;0;2;0;1;2;-8,80026115;-63,81836236;"SPRF-RO";"DEL01-RO";"UOP01-DEL01-RO"
162232;2018-09-28;"sexta-feira";"14:58:00";"RJ";101;322;"NITEROI";"Falta de Atenção à Condução";"Colisão lateral";"Com Vítimas Feridas";"Pleno dia";"Decrescente";"Céu Claro";"Dupla";"Reta";"Sim";2;0;1;0;1;0;1;2;-22,8787551;-43,1148878;"SPRF-RJ";"DEL02-RJ";"UOP02-DEL02-RJ"
162235;2018-09-28;"sexta-feira";"20:30:00";"PA";316;100;"SANTA MARIA DO PARA";"Falta de Atenção à Condução";"Colisão transversal";"Com Vítimas Feridas";"Plena Noite";"Decrescente";"Céu Claro";"Simples";"Reta";"Não";2;0;0;1;1;0;1;2;-1,338084;-47,586559;"SPRF-PA";"DEL01-PA";"UOP02-DEL01-PA"
162236;2018-09-28;"sexta-feira";"20:20:00";"BA";418;85,5;"NOVA VICOSA";"Falta de Atenção à Condução";"Colisão transversal";"Com Vítimas Feridas";"Plena Noite";"Decrescente";"Céu Claro";"Simples";"Reta";"Sim";2;0;0;1;1;0;1;2;-17,88868;-39,82589;"SPRF-BA";"DEL09-BA";"UOP02-DEL09-BA"
162237;2018-09-28;"sexta-feira";"18:05:00";"BA";407;117,8;"SENHOR DO BONFIM";"Falta de Atenção à Condução";"Colisão transversal";"Com Vítimas Feridas";"Plena Noite";"Decrescente";"Céu Claro";"Simples";"Reta";"Não";3;0;0;1;2;0;1;2;-10,62871;-40,13056;"SPRF-BA";"DEL04-BA";"UOP01-DEL04-BA"
162240;2018-09-28;"sexta-feira";"19:30:00";"SC";280;186;"MAFRA";"Ultrapassagem Indevida";"Saída de leito carroçável";"Com Vítimas Feridas";"Plena Noite";"Crescente";"Céu Claro";"Simples";"Reta";"Não";1;0;1;0;0;0;1;1;-26,1684573;-49,95687917;"SPRF-SC";"DEL06-SC";"UOP01-DEL06-SC"
162241;2018-09-28;"sexta-feira";"20:00:00";"MA";402;5,1;"ROSARIO";"Desobediência às normas de trânsito pelo condutor";"Colisão frontal";"Com Vítimas Feridas";"Plena Noite";"Decrescente";"Céu Claro";"Simples";"Reta";"Não";2;0;0;1;1;0;1;2;-2,950777;-44,28315;"SPRF-MA";"DEL01-MA";"UOP01-DEL01-MA"
162242;2018-09-28;"sexta-feira";"21:05:00";"SC";101;211;"PALHOCA";"Desobediência às normas de trânsito pelo condutor";"Colisão transversal";"Com Vítimas Feridas";"Plena Noite";"Crescente";"Céu Claro";"Múltipla";"Interseção de Vias";"Sim";2;0;1;0;1;0;1;2;-27,6301;-48,659;"SPRF-SC";"DEL01-SC";"UOP02-DEL01-SC"
162243;2018-09-28;"sexta-feira";"21:20:00";"DF";60;18,3;"BRASILIA";"Velocidade Incompatível";"Saída de leito carroçável";"Com Vítimas Feridas";"Plena Noite";"Crescente";"Céu Claro";"Dupla";"Curva";"Não";2;0;2;0;0;0;2;1;-15,96912723;-48,18484694;"SPRF-DF";"DEL01-DF";"UOP01-DEL03-DF"
162245;2018-09-28;"sexta-feira";"21:15:00";"SC";480;128,6;"CHAPECO";"Falta de Atenção à Condução";"Queda de ocupante de veículo";"Com Vítimas Feridas";"Plena Noite";"Crescente";"Nublado";"Simples";"Interseção de Vias";"Sim";3;0;0;1;0;2;1;2;-27,03984328;-52,63516009;"SPRF-SC";"DEL07-SC";"UOP01-DEL07-SC"
162246;2018-09-28;"sexta-feira";"19:57:00";"SC";101;107,7;"ITAJAI";"Falta de Atenção à Condução";"Queda de ocupante de veículo";"Com Vítimas Feridas";"Plena Noite";"Decrescente";"Céu Claro";"Dupla";"Reta";"Sim";1;0;1;0;0;0;1;1;-26,89200582;-48,72007223;"SPRF-SC";"DEL03-SC";"UOP02-DEL03-SC"
162249;2018-09-28;"sexta-feira";"21:00:00";"RS";287;268,8;"SANTA MARIA";"Defeito Mecânico no Veículo";"Colisão com objeto em movimento";"Sem Vítimas";"Plena Noite";"Crescente";"Céu Claro";"Simples";"Reta";"Não";2;0;0;0;1;1;0;2;-29,66853639;-54,05830767;"SPRF-RS";"DEL09-RS";"UOP01-DEL09-RS"
162250;2018-09-28;"sexta-feira";"18:40:00";"PI";343;9,1;"PARNAIBA";"Falta de Atenção à Condução";"Colisão transversal";"Com Vítimas Feridas";"Plena Noite";"Crescente";"Céu Claro";"Simples";"Reta";"Sim";2;0;2;0;0;0;2;2;-2,90107606;-41,73541903;"SPRF-PI";"DEL05-PI";"UOP01-DEL05-PI"
162251;2018-09-28;"sexta-feira";"19:45:00";"SC";282;82,5;"ALFREDO WAGNER";"Velocidade Incompatível";"Saída de leito carroçável";"Com Vítimas Feridas";"Plena Noite";"Crescente";"Chuva";"Simples";"Curva;Declive";"Não";3;0;2;1;0;0;3;1;-27,66637823;-49,17469722;"SPRF-SC";"DEL01-SC";"UOP03-DEL01-SC"
162252;2018-09-28;"sexta-feira";"21:55:00";"PR";369;502,8;"CORBELIA";"Desobediência às normas de trânsito pelo condutor";"Queda de ocupante de veículo";"Com Vítimas Fatais";"Plena Noite";"Crescente";"Céu Claro";"Simples";"Aclive";"Sim";2;1;0;0;1;0;0;2;-24,81151174;-53,29454899;"SPRF-PR";"DEL04-PR";"UOP03-DEL04-PR"
162253;2018-09-28;"sexta-feira";"20:54:00";"PR";376;659,8;"TIJUCAS DO SUL";"Pista Escorregadia";"Saída de leito carroçável";"Com Vítimas Feridas";"Plena Noite";"Crescente";"Garoa/Chuvisco";"Dupla";"Curva";"Não";2;0;2;0;0;0;2;1;-25,85397137;-49,00348663;"SPRF-PR";"DEL01-PR";"DEL7/1-UOP08/PR"
162255;2018-09-28;"sexta-feira";"16:45:00";"RO";364;16;"VILHENA";"Falta de Atenção à Condução";"Colisão traseira";"Com Vítimas Feridas";"Pleno dia";"Decrescente";"Céu Claro";"Simples";"Reta";"Sim";2;0;1;0;1;0;1;2;-12,734379;-60,156971;"SPRF-RO";"DEL04-RO";"UOP01-DEL04-RO"
162256;2018-09-28;"sexta-feira";"22:20:00";"RJ";40;12,3;"TRES RIOS";"Animais na Pista";"Atropelamento de Animal";"Com Vítimas Feridas";"Plena Noite";"Decrescente";"Céu Claro";"Simples";"Curva";"Não";4;0;3;0;1;0;3;3;-22,06022692;-43,2003665;"SPRF-RJ";"DEL06-RJ";"UOP02-DEL05-RJ"
162259;2018-09-28;"sexta-feira";"17:30:00";"RS";285;569,3;"SAO LUIZ GONZAGA";"Falta de Atenção à Condução";"Colisão transversal";"Com Vítimas Feridas";"Pleno dia";"Crescente";"Sol";"Simples";"Interseção de Vias";"Não";3;0;3;0;0;0;3;2;-28,4135971;-54,98884141;"SPRF-RS";"DEL12-RS";"UOP01-DEL12-RS"
162261;2018-09-28;"sexta-feira";"23:00:00";"RJ";116;65;"TERESOPOLIS";"Velocidade Incompatível";"Saída de leito carroçável";"Com Vítimas Feridas";"Plena Noite";"Crescente";"Chuva";"Simples";"Curva";"Não";1;0;0;1;0;0;1;1;-22,29544968;-42,93422699;"SPRF-RJ";"DEL04-RJ";"UOP01-DEL04-RJ"
162262;2018-09-28;"sexta-feira";"22:50:00";"RJ";116;239;"PIRAI";"Pista Escorregadia";"Queda de ocupante de veículo";"Com Vítimas Feridas";"Plena Noite";"Decrescente";"Nublado";"Dupla";"Reta";"Não";1;0;1;0;0;0;1;1;-22,61813086;-43,92872572;"SPRF-RJ";"DEL07-RJ";"UOP01-DEL07-RJ"
162264;2018-09-28;"sexta-feira";"18:00:00";"SP";116;513;"CAJATI";"Falta de Atenção à Condução";"Colisão com objeto estático";"Com Vítimas Feridas";"Pleno dia";"Decrescente";"Chuva";"Dupla";"Curva";"Não";1;0;1;0;0;0;1;1;-24,83242046;-48,21296239;"SPRF-SP";"DEL05-SP";"UAP01-DEL05-SP"
162268;2018-09-28;"sexta-feira";"23:40:00";"SC";101;198,7;"BIGUACU";"Ingestão de Álcool";"Saída de leito carroçável";"Sem Vítimas";"Plena Noite";"Crescente";"Chuva";"Dupla";"Reta";"Sim";1;0;0;0;1;0;0;1;-27,5341;-48,6298;"SPRF-SC";"DEL01-SC";"UOP01-DEL01-SC"
162269;2018-09-28;"sexta-feira";"22:00:00";"BA";101;856,5;"TEIXEIRA DE FREITAS";"Sinalização da via insuficiente ou inadequada";"Colisão frontal";"Com Vítimas Feridas";"Plena Noite";"Crescente";"Céu Claro";"Simples";"Curva";"Não";3;0;1;0;2;0;1;2;-17,3686;-39,65;"SPRF-BA";"DEL09-BA";"UOP02-DEL09-BA"
162270;2018-09-29;"sábado";"00:20:00";"RS";290;90;"PORTO ALEGRE";"Falta de Atenção do Pedestre";"Atropelamento de Pedestre";"Com Vítimas Feridas";"Plena Noite";"Decrescente";"Céu Claro";"Dupla";"Reta";"Não";2;0;0;1;0;1;1;2;-29,96871906;-51,16443515;"SPRF-RS";"DEL01-RS";"UOP01-DEL01-RS"
162271;2018-09-29;"sábado";"00:27:00";"SC";101;190;"BIGUACU";"Condutor Dormindo";"Colisão com objeto estático";"Com Vítimas Feridas";"Plena Noite";"Decrescente";"Chuva";"Dupla";"Reta";"Sim";1;0;1;0;0;0;1;1;-27,47035934;-48,64137514;"SPRF-SC";"DEL01-SC";"UOP01-DEL01-SC"
162273;2018-09-29;"sábado";"00:45:00";"RS";116;269;"CANOAS";"Pista Escorregadia";"Tombamento";"Com Vítimas Feridas";"Plena Noite";"Decrescente";"Nublado";"Múltipla";"Viaduto";"Sim";1;0;1;0;0;0;1;1;-29,959385;-51,176086;"SPRF-RS";"DEL01-RS";"UOP01-DEL01-RS"
162274;2018-09-20;"quinta-feira";"18:20:00";"RN";101;94,5;"NATAL";"Falta de Atenção à Condução";"Colisão lateral";"Com Vítimas Feridas";"Plena Noite";"Crescente";"Céu Claro";"Múltipla";"Reta";"Sim";2;0;1;0;1;0;1;2;-5,836323;-35,211847;"SPRF-RN";"DEL01-RN";"UOP01-DEL01-RN"
162278;2018-09-29;"sábado";"02:00:00";"GO";50;280,5;"CATALAO";"Falta de Atenção à Condução";"Queda de ocupante de veículo";"Com Vítimas Feridas";"Plena Noite";"Crescente";"Céu Claro";"Dupla";"Interseção de Vias";"Sim";1;0;1;0;0;0;1;1;-18,1784;-47,9362;"SPRF-GO";"DEL06-GO";"UOP01-DEL06-GO"
162279;2018-09-29;"sábado";"02:00:00";"PR";376;494,8;"PONTA GROSSA";"Condutor Dormindo";"Saída de leito carroçável";"Com Vítimas Feridas";"Plena Noite";"Crescente";"Céu Claro";"Dupla";"Aclive;Reta";"Sim";1;0;1;0;0;0;1;1;-25,13331872;-50,16825199;"SPRF-PR";"DEL03-PR";"UOP04-DEL03-PR"
162280;2018-09-28;"sexta-feira";"22:30:00";"MT";174;181;"PORTO ESPERIDIAO";"Mal Súbito";"Saída de leito carroçável";"Com Vítimas Feridas";"Plena Noite";"Decrescente";"Céu Claro";"Simples";"Reta";"Não";2;0;2;0;0;0;2;1;-15,82747;-58,56369;"SPRF-MT";"DEL03-MT";"UOP01-DEL03-MT"
162281;2018-09-29;"sábado";"02:30:00";"PR";369;193,6;"APUCARANA";"Agressão Externa";"Capotamento";"Com Vítimas Feridas";"Plena Noite";"Decrescente";"Céu Claro";"Dupla";"Reta";"Não";1;0;0;1;0;0;1;1;-23,51017942;-51,42609715;"SPRF-PR";"DEL07-PR";"UOP03-DEL07-PR"
162282;2018-09-29;"sábado";"03:05:00";"SP";116;67,8;"APARECIDA";"Ingestão de Álcool";"Saída de leito carroçável";"Sem Vítimas";"Plena Noite";"Decrescente";"Céu Claro";"Dupla";"Reta";"Sim";1;0;0;0;1;0;0;1;-22,83206062;-45,21526416;"SPRF-SP";"DEL08-SP";"UOP01-DEL08-SP"
162283;2018-09-29;"sábado";"03:18:00";"SP";116;64,5;"GUARATINGUETA";"Falta de Atenção à Condução";"Colisão com objeto estático";"Com Vítimas Feridas";"Plena Noite";"Crescente";"Garoa/Chuvisco";"Dupla";"Reta";"Sim";2;0;2;0;0;0;2;1;-22,81946;-45,184345;"SPRF-SP";"DEL08-SP";"UOP01-DEL08-SP"
162284;2018-09-29;"sábado";"01:00:00";"MG";116;307,3;"ITAMBACURI";"Animais na Pista";"Atropelamento de Animal";"Com Vítimas Feridas";"Plena Noite";"Crescente";"Céu Claro";"Simples";"Reta";"Não";1;0;0;1;0;0;1;1;-18,049354;-41,664048;"SPRF-MG";"DEL11-MG";"UOP01-DEL11-MG"
162285;2018-09-29;"sábado";"03:10:00";"PR";376;152,3;"MANDAGUACU";"Condutor Dormindo";"Saída de leito carroçável";"Com Vítimas Feridas";"Plena Noite";"Decrescente";"Céu Claro";"Dupla";"Reta";"Não";1;0;1;0;0;0;1;1;-23,336739;-52,107895;"SPRF-PR";"DEL07-PR";"UOP01-DEL09-PR"
162286;2018-09-28;"sexta-feira";"23:25:00";"MT";364;0,2;"ALTO ARAGUAIA";"Ingestão de Álcool";"Colisão lateral";"Sem Vítimas";"Plena Noite";"Decrescente";"Céu Claro";"Dupla";"Reta";"Sim";2;0;0;0;2;0;0;2;-17,31871;-53,211903;"SPRF-MT";"DEL02-MT";"UOP02-DEL02-MT"
162287;2018-09-29;"sábado";"00:30:00";"MG";381;633,2;"OLIVEIRA";"Condutor Dormindo";"Saída de leito carroçável";"Com Vítimas Feridas";"Plena Noite";"Decrescente";"Nublado";"Dupla";"Reta;Declive";"Não";1;0;1;0;0;0;1;1;-20,845852;-44,830995;"SPRF-MG";"DEL04-MG";"UOP01-DEL04-MG"
162288;2018-09-29;"sábado";"03:45:00";"SC";101;213,5;"PALHOCA";"Velocidade Incompatível";"Colisão com objeto estático";"Com Vítimas Feridas";"Plena Noite";"Crescente";"Nublado";"Dupla";"Reta";"Sim";4;0;1;2;1;0;3;3;-27,6446;-48,6705;"SPRF-SC";"DEL01-SC";"UOP02-DEL01-SC"
162291;2018-09-29;"sábado";"04:30:00";"SC";101;179,7;"BIGUACU";"Falta de Atenção à Condução";"Atropelamento de Pedestre";"Com Vítimas Feridas";"Plena Noite";"Decrescente";"Céu Claro";"Múltipla";"Reta";"Sim";4;0;0;1;0;3;1;3;-27,382;-48,6309;"SPRF-SC";"DEL01-SC";"UOP01-DEL01-SC"
162292;2018-09-29;"sábado";"04:55:00";"PR";376;163,5;"MARINGA";"Ingestão de Álcool";"Colisão traseira";"Com Vítimas Feridas";"Plena Noite";"Decrescente";"Céu Claro";"Dupla";"Reta";"Não";3;0;1;0;2;0;1;2;-23,37731979;-52,04513311;"SPRF-PR";"DEL07-PR";"UOP01-DEL09-PR"
162295;2018-09-29;"sábado";"04:10:00";"SC";282;145;"BOM RETIRO";"Falta de Atenção à Condução";"Colisão transversal";"Sem Vítimas";"Plena Noite";"Crescente";"Garoa/Chuvisco";"Simples";"Reta";"Não";2;0;0;0;0;2;0;2;-27,802912;-49,632038;"SPRF-SC";"DEL05-SC";"UOP01-DEL05-SC"
162297;2018-09-29;"sábado";"05:20:00";"RJ";116;176;"NOVA IGUACU";"Falta de Atenção à Condução";"Colisão traseira";"Com Vítimas Feridas";"Amanhecer";"Crescente";"Chuva";"Dupla";"Reta";"Sim";2;0;1;0;1;0;1;2;-22,783915;-43,382023;"SPRF-RJ";"DEL01-RJ";"UOP02-DEL01-RJ"
162299;2018-09-29;"sábado";"06:00:00";"RJ";116;178;"NOVA IGUACU";"Falta de Atenção à Condução";"Colisão traseira";"Com Vítimas Feridas";"Amanhecer";"Crescente";"Chuva";"Múltipla";"Reta";"Sim";3;0;2;0;1;0;2;2;-22,76225251;-43,42346191;"SPRF-RJ";"DEL01-RJ";"UOP02-DEL01-RJ"