"id";"data_inversa";"dia_semana";"horario";"uf";"br";"km";"municipio";"causa_acidente";"tipo_acidente";"classificacao_acidente";"fase_dia";"sentido_via";"condicao_metereologica";"tipo_pista";"tracado_via";"uso_solo";"pessoas";"mortos";"feridos_leves";"feridos_graves";"ilesos";"ignorados";"feridos";"veiculos";"latitude";"longitude";"regional";"delegacia";"uop"
162413;2018-09-29;"sábado";"19:00:00";"GO";153;543,1;"HIDROLANDIA";"Animais na Pista";"Saída de leito carroçável";"Com Vítimas Feridas";"Anoitecer";"Crescente";"Nublado";"Dupla";"Reta;Declive";"Não";1;0;0;1;0;0;1;1;-17,0814;-49,2246;"SPRF-GO";"DEL01-GO";"UOP03-DEL01-GO"
162415;2018-09-29;"sábado";"18:20:00";"SP";116;34;"CACHOEIRA PAULISTA";"Falta de Atenção à Condução";"Queda de ocupante de veículo";"Com Vítimas Feridas";"Plena Noite";"Decrescente";"Céu Claro";"Dupla";"Curva";"Não";1;0;1;0;0;0;1;1;-22,654509;-44,959438;"SPRF-SP";"DEL08-SP";"UOP02-DEL08-SP"
162416;2018-09-29;"sábado";"17:15:00";"RJ";40;92;"DUQUE DE CAXIAS";"Falta de Atenção à Condução";"Colisão com objeto estático";"Com Vítimas Feridas";"Anoitecer";"Decrescente";"Nublado";"Simples";"Aclive;Curva";"Não";1;0;1;0;0;0;1;1;-22,56859371;-43,2430904;"SPRF-RJ";"DEL06-RJ";"UOP01-DEL06-RJ"
162418;2018-09-29;"sábado";"19:30:00";"PE";232;133;"CARUARU";"Desobediência às normas de trânsito pelo condutor";"Colisão frontal";"Com Vítimas Feridas";"Plena Noite";"Crescente";"Céu Claro";"Dupla";"Reta";"Sim";2;0;1;0;1;0;1;2;-8,30817;-36,023701;"SPRF-PE";"DEL02-PE";"UOP03-DEL02-PE"
162420;2018-09-29;"sábado";"19:05:00";"PE";232;74;"GRAVATA";"Desobediência às normas de trânsito pelo condutor";"Colisão frontal";"Com Vítimas Fatais";"Plena Noite";"Crescente";"Céu Claro";"Dupla";"Declive";"Não";2;1;0;0;1;0;0;2;-8,187141;-35,501026;"SPRF-PE";"DEL01-PE";"UOP02-DEL02PE"
162421;2018-09-29;"sábado";"18:45:00";"SP";153;107,5;"JOSE BONIFACIO";"Falta de Atenção à Condução";"Colisão lateral";"Com Vítimas Feridas";"Plena Noite";"Crescente";"Céu Claro";"Simples";"Rotatória";"Sim";4;0;1;0;3;0;1;2;-21,06944345;-49,66644287;"SPRF-SP";"DEL09-SP";"UOP01-DEL09-SP"
162422;2018-09-29;"sábado";"19:50:00";"MG";381;534;"ITATIAIUCU";"Velocidade Incompatível";"Colisão com objeto estático";"Com Vítimas Feridas";"Plena Noite";"Crescente";"Chuva";"Dupla";"Curva";"Não";2;0;1;0;1;0;1;1;-20,1868;-44,3809;"SPRF-MG";"DEL04-MG";"UOP03-DEL04-MG"
162423;2018-09-29;"sábado";"20:00:00";"MG";40;564,8;"NOVA LIMA";"Pista Escorregadia";"Tombamento";"Com Vítimas Feridas";"Plena Noite";"Crescente";"Chuva";"Simples";"Declive";"Não";1;0;1;0;0;0;1;1;-20,18012631;-43,96668434;"SPRF-MG";"DEL01-MG";"UOP02-DEL01-MG"
162425;2018-09-29;"sábado";"19:05:00";"PR";277;472,6;"NOVA LARANJEIRAS";"Ingestão de Álcool";"Colisão transversal";"Com Vítimas Feridas";"Plena Noite";"Crescente";"Céu Claro";"Simples";"Interseção de Vias;Reta;Declive";"Não";3;0;0;1;2;0;1;2;-25,308361;-52,547763;"SPRF-PR";"DEL04-PR";"UOP02-DEL04-PR"
162426;2018-09-29;"sábado";"18:30:00";"PI";343;7,4;"PARNAIBA";"Desobediência às normas de trânsito pelo condutor";"Colisão transversal";"Com Vítimas Feridas";"Plena Noite";"Crescente";"Céu Claro";"Simples";"Reta";"Sim";2;0;1;0;0;1;1;2;-2,898051;-41,714767;"SPRF-PI";"DEL05-PI";"UOP01-DEL05-PI"
162427;2018-09-29;"sábado";"19:00:00";"PA";10;272,3;"MAE DO RIO";"Desobediência às normas de trânsito pelo condutor";"Colisão lateral";"Com Vítimas Feridas";"Plena Noite";"Crescente";"Céu Claro";"Simples";"Reta";"Sim";2;0;1;0;1;0;1;2;-2,04907652;-47,55112946;"SPRF-PA";"DEL02-PA";"UOP01-DEL02-PA"
162428;2018-09-29;"sábado";"18:50:00";"SC";101;286;"IMBITUBA";"Desobediência às normas de trânsito pelo condutor";"Colisão frontal";"Com Vítimas Feridas";"Plena Noite";"Crescente";"Vento";"Dupla";"Reta";"Sim";2;0;0;2;0;0;2;2;-28,2619;-48,7039;"SPRF-SC";"DEL02-SC";"UOP03-DEL02-SC"
162430;2018-09-29;"sábado";"19:50:00";"PE";316;81;"OURICURI";"Ingestão de Álcool";"Atropelamento de Pedestre";"Com Vítimas Feridas";"Plena Noite";"Decrescente";"Céu Claro";"Simples";"Reta";"Não";2;0;1;0;1;0;1;2;-7,868155;-40,100712;"SPRF-PE";"DEL05-PE";"UOP02-DEL05-PE"
162431;2018-09-29;"sábado";"19:45:00";"PE";316;81;"OURICURI";"Defeito Mecânico no Veículo";"Incêndio";"Sem Vítimas";"Plena Noite";"Crescente";"Céu Claro";"Simples";"Curva";"Não";1;0;0;0;0;1;0;1;-7,868155;-40,100712;"SPRF-PE";"DEL05-PE";"UOP02-DEL05-PE"
162432;2018-09-29;"sábado";"10:12:00";"PR";277;704;"SAO MIGUEL DO IGUACU";"Desobediência às normas de trânsito pelo condutor";"Atropelamento de Pedestre";"Com Vítimas Feridas";"Pleno dia";"Crescente";"Sol";"Múltipla";"Reta";"Sim";2;0;1;0;1;0;1;2;-25,42585387;-54,36191797;"SPRF-PR";"DEL05-PR";"UOP01-DEL05-PR"
162433;2018-09-29;"sábado";"18:20:00";"AC";364;125;"RIO BRANCO";"Falta de Atenção à Condução";"Queda de ocupante de veículo";"Sem Vítimas";"Plena Noite";"Crescente";"Céu Claro";"Simples";"Rotatória";"Sim";1;0;0;0;1;0;0;1;-10,012844;-67,800125;"SPRF-AC";"DEL01-AC";"UOP01-DEL01-AC"
162434;2018-09-29;"sábado";"19:00:00";"RR";432;203;"CANTA";"Falta de Atenção do Pedestre";"Atropelamento de Pedestre";"Com Vítimas Fatais";"Plena Noite";"Decrescente";"Céu Claro";"Simples";"Reta";"Não";4;1;1;0;2;0;1;2;2,682097;-60,598604;"SPRF-RR";"DEL01-RR";"UOP01-DEL01-RR"
162435;2018-09-29;"sábado";"18:30:00";"MG";116;736,7;"LARANJAL";"Não guardar distância de segurança";"Colisão traseira";"Sem Vítimas";"Plena Noite";"Decrescente";"Nublado";"Simples";"Reta";"Sim";2;0;0;0;2;0;0;2;-21,36499979;-42,47386336;"SPRF-MG";"DEL07-MG";"UOP02-DEL07-MG"
162436;2018-09-29;"sábado";"20:00:00";"SC";280;240;"CANOINHAS";"Ingestão de álcool e/ou substâncias psicoativas pelo pedestre";"Atropelamento de Pedestre";"Com Vítimas Feridas";"Plena Noite";"Crescente";"Céu Claro";"Simples";"Reta";"Não";2;0;1;0;1;0;1;2;-26,217442;-50,453964;"SPRF-SC";"DEL06-SC";"UOP04-DEL06-SC"
162437;2018-09-29;"sábado";"16:30:00";"SC";282;376;"ERVAL VELHO";"Falta de Atenção à Condução";"Capotamento";"Com Vítimas Feridas";"Pleno dia";"Crescente";"Céu Claro";"Simples";"Reta";"Não";2;0;2;0;0;0;2;1;-27,220205;-51,461185;"SPRF-SC";"DEL07-SC";"UOP05-DEL07-SC"
162438;2018-09-29;"sábado";"21:30:00";"SP";153;63,2;"SAO JOSE DO RIO PRETO";"Defeito Mecânico no Veículo";"Tombamento";"Com Vítimas Feridas";"Plena Noite";"Decrescente";"Céu Claro";"Dupla";"Reta";"Sim";2;0;2;0;0;0;2;1;-20,82155;-49,357655;"SPRF-SP";"DEL09-SP";"UOP01-DEL09-SP"
162440;2018-09-29;"sábado";"19:50:00";"RN";304;74;"MOSSORO";"Animais na Pista";"Atropelamento de Animal";"Com Vítimas Feridas";"Plena Noite";"Decrescente";"Céu Claro";"Simples";"Reta";"Não";1;0;1;0;0;0;1;1;-5,4273;-37,2058;"SPRF-RN";"DEL04-RN";"UOP01-DEL04-RN"
162441;2018-09-29;"sábado";"21:30:00";"BA";101;711,2;"EUNAPOLIS";"Ultrapassagem Indevida";"Colisão frontal";"Com Vítimas Fatais";"Plena Noite";"Decrescente";"Céu Claro";"Simples";"Reta";"Não";6;2;0;0;4;0;0;2;-16,3143;-39,5977;"SPRF-BA";"DEL09-BA";"UOP01-DEL09-BA"
162442;2018-09-29;"sábado";"20:40:00";"RN";101;94,6;"NATAL";"Ingestão de Álcool";"Colisão traseira";"Sem Vítimas";"Plena Noite";"Decrescente";"Céu Claro";"Dupla";"Reta";"Sim";2;0;0;0;2;0;0;2;-5,831766;-35,211914;"SPRF-RN";"DEL01-RN";"UOP01-DEL01-RN"
162443;2018-09-29;"sábado";"19:15:00";"TO";153;430;"MIRACEMA DO TOCANTINS";"Ingestão de Álcool";"Saída de leito carroçável";"Com Vítimas Feridas";"Plena Noite";"Decrescente";"Céu Claro";"Simples";"Curva";"Não";1;0;0;1;0;0;1;1;-9,67521483;-48,65398407;"SPRF-TO";"DEL02-TO";"UOP01-DEL01-TO"
162445;2018-09-29;"sábado";"18:30:00";"GO";60;389;"RIO VERDE";"Velocidade Incompatível";"Colisão com objeto estático";"Sem Vítimas";"Anoitecer";"Crescente";"Nublado";"Dupla";"Reta";"Sim";1;0;0;0;1;0;0;1;-17,819;-50,943;"SPRF-GO";"DEL04-GO";"UOP01-DEL04-GO"
162446;2018-09-29;"sábado";"21:30:00";"ES";101;261;"SERRA";"Animais na Pista";"Tombamento";"Com Vítimas Feridas";"Plena Noite";"Crescente";"Céu Claro";"Dupla";"Reta";"Não";1;0;0;1;0;0;1;1;-20,14556148;-40,28554827;"SPRF-ES";"DEL02-ES";"UOP01-DEL02-ES"
162447;2018-09-29;"sábado";"21:20:00";"PR";476;280,1;"SAO MATEUS DO SUL";"Ingestão de Álcool";"Saída de leito carroçável";"Sem Vítimas";"Plena Noite";"Crescente";"Céu Claro";"Simples";"Reta";"Sim";2;0;0;0;1;1;0;2;-25,87352;-50,415565;"SPRF-PR";"DEL02-PR";"UOP04-DEL02-PR"
162448;2018-09-29;"sábado";"20:30:00";"SC";116;292,6;"CAPAO ALTO";"Falta de Atenção à Condução";"Saída de leito carroçável";"Sem Vítimas";"Plena Noite";"Crescente";"Nublado";"Simples";"Reta";"Não";1;0;0;0;1;0;0;1;-28,206734;-50,758286;"SPRF-SC";"DEL05-SC";"UOP02-DEL05-SC"
162449;2018-09-29;"sábado";"22:10:00";"GO";40;1,4;"VALPARAISO DE GOIAS";"Ingestão de Álcool";"Colisão traseira";"Com Vítimas Feridas";"Plena Noite";"Decrescente";"Céu Claro";"Dupla";"Reta";"Sim";2;0;1;0;1;0;1;2;-16,05838198;-47,9826808;"SPRF-DF";"DEL01-DF";"UOP01-DEL01-DF"
162450;2018-09-29;"sábado";"20:30:00";"MG";365;166,2;"PIRAPORA";"Velocidade Incompatível";"Saída de leito carroçável";"Com Vítimas Feridas";"Plena Noite";"Decrescente";"Céu Claro";"Simples";"Reta";"Não";2;0;2;0;0;0;2;1;-17,381985;-44,970058;"SPRF-MG";"DEL12-MG";"UOP01-DEL12-MG"
162451;2018-09-29;"sábado";"22:00:00";"MT";163;837;"SINOP";"Falta de Atenção à Condução";"Colisão transversal";"Com Vítimas Feridas";"Plena Noite";"Decrescente";"Nublado";"Simples";"Reta";"Sim";2;0;0;1;1;0;1;2;-11,84314844;-55,49045205;"SPRF-MT";"DEL06-MT";"UOP02-DEL06-MT"
162452;2018-09-29;"sábado";"21:00:00";"MG";381;154;"GOVERNADOR VALADARES";"Ingestão de Álcool";"Colisão transversal";"Com Vítimas Feridas";"Plena Noite";"Crescente";"Céu Claro";"Simples";"Reta";"Sim";3;0;2;0;1;0;2;2;-18,85301075;-41,98367894;"SPRF-MG";"DEL06-MG";"UOP01-DEL06-MG"
162453;2018-09-29;"sábado";"21:45:00";"BA";101;877;"TEIXEIRA DE FREITAS";"Falta de Atenção à Condução";"Colisão transversal";"Sem Vítimas";"Plena Noite";"Crescente";"Nublado";"Simples";"Interseção de Vias";"Não";2;0;0;0;1;1;0;2;-17,539;-39,715;"SPRF-BA";"DEL09-BA";"UOP02-DEL09-BA"
162454;2018-09-29;"sábado";"22:35:00";"PR";277;7;"PARANAGUA";"Falta de Atenção à Condução";"Atropelamento de Pedestre";"Com Vítimas Feridas";"Plena Noite";"Decrescente";"Nublado";"Simples";"Reta";"Sim";2;0;0;1;1;0;1;2;-25,51284494;-48,52110771;"SPRF-PR";"DEL01-PR";"UOP05-DEL01-PR"
162455;2018-09-29;"sábado";"22:40:00";"PR";376;4,2;"MANDAGUARI";"Falta de Atenção à Condução";"Colisão traseira";"Com Vítimas Feridas";"Plena Noite";"Decrescente";"Céu Claro";"Simples";"Interseção de Vias";"Sim";2;0;1;0;1;0;1;2;-23,51891515;-51,68303416;"SPRF-PR";"DEL07-PR";"UOP01-DEL09-PR"
162456;2018-09-29;"sábado";"19:40:00";"PI";222;28;"SAO JOAO DA FRONTEIRA";"Animais na Pista";"Atropelamento de Animal";"Sem Vítimas";"Plena Noite";"Crescente";"Céu Claro";"Simples";"Reta";"Não";1;0;0;0;0;1;0;1;-4,00908;-41,456379;"SPRF-PI";"DEL02-PI";"UOP01-DEL02-PI"
162458;2018-09-29;"sábado";"20:30:00";"RJ";101;271;"TANGUA";"Falta de Atenção à Condução";"Colisão traseira";"Sem Vítimas";"Plena Noite";"Crescente";"Nublado";"Dupla";"Curva";"Sim";2;0;0;0;2;0;0;2;-22,72732486;-42,69615635;"SPRF-RJ";"DEL02-RJ";"UOP03-DEL02-RJ"
162459;2018-09-29;"sábado";"20:20:00";"SC";116;54,8;"PAPANDUVA";"Ingestão de Álcool";"Colisão traseira";"Sem Vítimas";"Plena Noite";"Crescente";"Céu Claro";"Simples";"Reta";"Não";2;0;0;0;1;1;0;2;-26,39309982;-50,17284393;"SPRF-SC";"DEL06-SC";"UOP02-DEL06-SC"
162460;2018-09-29;"sábado";"21:32:00";"MG";50;115,7;"UBERABA";"Velocidade Incompatível";"Saída de leito carroçável";"Com Vítimas Feridas";"Plena Noite";"Crescente";"Céu Claro";"Simples";"Em Obras;Desvio Temporário";"Não";1;0;1;0;0;0;1;1;-19,2757;-48,1243;"SPRF-MG";"DEL13-MG";"UOP01-DEL13-MG"
162461;2018-09-29;"sábado";"23:30:00";"ES";101;283,7;"SAO MATEUS";"Falta de Atenção à Condução";"Capotamento";"Com Vítimas Feridas";"Plena Noite";"Decrescente";"Céu Claro";"Dupla";"Reta";"Sim";2;0;1;0;1;0;1;1;-18,720545;-39,865883;"SPRF-ES";"DEL01-ES";"UOP01-DEL01-ES"
162462;2018-09-29;"sábado";"20:40:00";"PI";343;212;"CAPITAO DE CAMPOS";"Ingestão de álcool e/ou substâncias psicoativas pelo pedestre";"Atropelamento de Pedestre";"Com Vítimas Feridas";"Plena Noite";"Decrescente";"Céu Claro";"Simples";"Reta";"Sim";2;0;1;0;1;0;1;2;-4,450784;-41,929127;"SPRF-PI";"DEL01-PI";"UOP03-DEL01-PI"
162463;2018-09-29;"sábado";"21:45:00";"RJ";101;266;"RIO BONITO";"Falta de Atenção à Condução";"Tombamento";"Com Vítimas Feridas";"Plena Noite";"Crescente";"Nublado";"Dupla";"Reta";"Não";2;0;2;0;0;0;2;1;-22,70739329;-42,66113743;"SPRF-RJ";"DEL02-RJ";"UOP03-DEL02-RJ"
162464;2018-09-29;"sábado";"22:30:00";"SC";282;502,1;"XANXERE";"Desobediência às normas de trânsito pelo pedestre";"Colisão lateral";"Com Vítimas Feridas";"Plena Noite";"Decrescente";"Céu Claro";"Dupla";"Interseção de Vias;Reta;Rotatória";"Sim";2;0;1;0;1;0;1;2;-26,88272735;-52,38137484;"SPRF-SC";"DEL07-SC";"UOP01-DEL07-SC"
162466;2018-09-30;"domingo";"00:15:00";"PI";316;8;"TERESINA";"Falta de Atenção à Condução";"Colisão frontal";"Com Vítimas Fatais";"Plena Noite";"Decrescente";"Céu Claro";"Simples";"Reta";"Sim";2;1;0;1;0;0;1;2;-5,164865;-42,768986;"SPRF-PI";"DEL01-PI";"UOP02-DEL01-PI"
162468;2018-09-29;"sábado";"23:40:00";"PR";376;348,6;"ORTIGUEIRA";"Velocidade Incompatível";"Saída de leito carroçável";"Com Vítimas Fatais";"Plena Noite";"Decrescente";"Céu Claro";"Simples";"Reta";"Não";1;1;0;0;0;0;0;1;-24,19718208;-50,95280701;"SPRF-PR";"DEL03-PR";"UOP02-DEL03-PR"
162470;2018-09-30;"domingo";"00:30:00";"ES";101;271;"SERRA";"Ingestão de Álcool";"Colisão traseira";"Com Vítimas Feridas";"Plena Noite";"Crescente";"Céu Claro";"Múltipla";"Reta";"Sim";2;0;1;0;1;0;1;2;-20,23119411;-40,27372241;"SPRF-ES";"DEL02-ES";"UOP01-DEL02-ES"
162471;2018-09-29;"sábado";"22:30:00";"MG";116;186;"CARAI";"Velocidade Incompatível";"Colisão lateral";"Com Vítimas Feridas";"Plena Noite";"Crescente";"Nublado";"Simples";"Curva";"Não";3;0;0;3;0;0;3;2;-17,124939;-41,502523;"SPRF-MG";"DEL11-MG";"UOP01-DEL11-MG"
162472;2018-09-29;"sábado";"18:30:00";"MA";135;355,5;"PRESIDENTE DUTRA";"Animais na Pista";"Atropelamento de Animal";"Com Vítimas Feridas";"Plena Noite";"Decrescente";"Céu Claro";"Simples";"Reta";"Sim";1;0;0;1;0;0;1;1;-5,4813505;-44,45274353;"SPRF-MA";"DEL03-MA";"UOP01-DEL03-MA"
162473;2018-09-29;"sábado";"23:35:00";"PR";153;51,7;"SANTO ANTONIO DA PLATINA";"Falta de Atenção à Condução";"Colisão traseira";"Com Vítimas Feridas";"Plena Noite";"Decrescente";"Céu Claro";"Simples";"Reta";"Não";1;0;0;1;0;0;1;1;-23,382932;-50,06052;"SPRF-PR";"DEL07-PR";"UOP04-DEL07-PR"
162477;2018-09-30;"domingo";"01:20:00";"PI";343;264;"CAMPO MAIOR";"Ingestão de Álcool";"Colisão frontal";"Com Vítimas Feridas";"Plena Noite";"Decrescente";"Céu Claro";"Simples";"Curva";"Sim";2;0;1;0;1;0;1;2;-4,827662;-42,162594;"SPRF-PI";"DEL01-PI";"UOP03-DEL01-PI"
162478;2018-09-29;"sábado";"23:20:00";"MG";262;401,5;"PARA DE MINAS";"Velocidade Incompatível";"Saída de leito carroçável";"Com Vítimas Feridas";"Plena Noite";"Crescente";"Céu Claro";"Dupla";"Curva";"Não";1;0;1;0;0;0;1;1;-19,88350938;-44,61467385;"SPRF-MG";"DEL08-MG";"UOP03-DEL08-MG"
162479;2018-09-29;"sábado";"22:30:00";"MG";262;443,8;"NOVA SERRANA";"Pista Escorregadia";"Colisão com objeto estático";"Com Vítimas Feridas";"Plena Noite";"Crescente";"Nublado";"Dupla";"Curva";"Sim";1;0;1;0;0;0;1;1;-19,87083677;-44,97705102;"SPRF-MG";"DEL08-MG";"UOP03-DEL08-MG"
162481;2018-09-30;"domingo";"01:35:00";"PR";376;176,3;"MARINGA";"Pista Escorregadia";"Tombamento";"Com Vítimas Feridas";"Plena Noite";"Decrescente";"Céu Claro";"Múltipla";"Declive;Reta;Interseção de Vias";"Sim";2;0;1;0;1;0;1;1;-23,41106502;-51,93665385;"SPRF-PR";"DEL07-PR";"UOP01-DEL09-PR"
162482;2018-09-30;"domingo";"00:40:00";"RJ";393;187;"PARAIBA DO SUL";"Desobediência às normas de trânsito pelo condutor";"Colisão transversal";"Sem Vítimas";"Plena Noite";"Decrescente";"Nublado";"Simples";"Reta";"Não";2;0;0;0;1;1;0;2;-22,16808125;-43,32245529;"SPRF-RJ";"DEL05-RJ";"UOP03-DEL05-RJ"
162483;2018-09-30;"domingo";"00:45:00";"BA";242;799;"BARREIRAS";"Ingestão de Álcool";"Capotamento";"Com Vítimas Feridas";"Plena Noite";"Decrescente";"Céu Claro";"Dupla";"Curva";"Não";5;0;4;0;1;0;4;1;-12,11949494;-45,04212141;"SPRF-BA";"DEL10-BA";"UOP01-DEL10-BA"
162484;2018-09-29;"sábado";"22:40:00";"MG";381;525;"BRUMADINHO";"Falta de Atenção à Condução";"Capotamento";"Com Vítimas Feridas";"Plena Noite";"Crescente";"Céu Claro";"Dupla";"Curva";"Não";1;0;1;0;0;0;1;1;-20,1511;-44,3256;"SPRF-MG";"DEL04-MG";"UOP03-DEL04-MG"
162485;2018-09-30;"domingo";"01:36:00";"PR";376;176,3;"MARINGA";"Pista Escorregadia";"Tombamento";"Com Vítimas Feridas";"Plena Noite";"Decrescente";"Céu Claro";"Múltipla";"Declive;Reta;Interseção de Vias";"Sim";2;0;1;0;1;0;1;1;-23,412691;-51,931583;"SPRF-PR";"DEL07-PR";"UOP01-DEL09-PR"
162486;2018-09-30;"domingo";"01:20:00";"PB";230;154;"CAMPINA GRANDE";"Ultrapassagem Indevida";"Colisão frontal";"Com Vítimas Fatais";"Plena Noite";"Crescente";"Céu Claro";"Simples";"Reta";"Sim";3;1;0;0;2;0;0;2;-7,277798;-35,898492;"SPRF-PB";"DEL02-PB";"UOP01-DEL02-PB"
162488;2018-09-30;"domingo";"02:40:00";"SP";116;209;"GUARULHOS";"Desobediência às normas de trânsito pelo condutor";"Tombamento";"Com Vítimas Feridas";"Plena Noite";"Crescente";"Nublado";"Múltipla";"Reta";"Sim";2;0;1;0;0;1;1;1;-23,42607873;-46,40530586;"SPRF-SP";"DEL01-SP";"UOP01-DEL01-SP"
162489;2018-09-30;"domingo";"03:45:00";"RS";470;226,8;"GARIBALDI";"Desobediência às normas de trânsito pelo condutor";"Colisão frontal";"Sem Vítimas";"Plena Noite";"Decrescente";"Chuva";"Simples";"Reta";"Não";4;0;0;0;3;1;0;2;-29,25299468;-51,51238739;"SPRF-RS";"DEL06-RS";"UOP01-DEL06-RS"
162490;2018-09-30;"domingo";"01:50:00";"RJ";101;492;"ANGRA DOS REIS";"Falta de Atenção à Condução";"Colisão traseira";"Sem Vítimas";"Plena Noite";"Decrescente";"Nevoeiro/Neblina";"Simples";"Curva;Aclive";"Não";2;0;0;0;2;0;0;2;-22,95365132;-44,32434082;"SPRF-RJ";"DEL03-RJ";"UOP03-DEL03-RJ"
162491;2018-09-30;"domingo";"04:00:00";"MG";40;700,2;"BARBACENA";"Falta de Atenção à Condução";"Colisão com objeto estático";"Com Vítimas Feridas";"Plena Noite";"Decrescente";"Ignorado";"Simples";"Curva";"Sim";1;0;1;0;0;0;1;1;-21,2189;-43,739;"SPRF-MG";"DEL05-MG";"UOP02-DEL05-MG"
162492;2018-09-30;"domingo";"03:15:00";"PE";232;106,4;"BEZERROS";"Desobediência às normas de trânsito pelo condutor";"Colisão frontal";"Com Vítimas Fatais";"Amanhecer";"Crescente";"Nublado";"Dupla";"Reta";"Não";3;1;0;0;2;0;0;2;-8,267656;-35,796685;"SPRF-PE";"DEL02-PE";"UOP03-DEL02-PE"
162493;2018-09-30;"domingo";"04:00:00";"SP";153;59;"SAO JOSE DO RIO PRETO";"Falta de Atenção à Condução";"Saída de leito carroçável";"Com Vítimas Feridas";"Plena Noite";"Decrescente";"Nublado";"Simples";"Reta";"Sim";2;0;2;0;0;0;2;1;-20,787264;-49,353985;"SPRF-SP";"DEL09-SP";"UOP01-DEL09-SP"
162494;2018-09-30;"domingo";"03:30:00";"ES";101;267;"SERRA";"Falta de Atenção à Condução";"Colisão traseira";"Sem Vítimas";"Plena Noite";"Crescente";"Céu Claro";"Simples";"Reta";"Sim";2;0;0;0;2;0;0;2;-20,21323368;-40,27152836;"SPRF-ES";"DEL02-ES";"UOP01-DEL02-ES"
162495;2018-09-30;"domingo";"04:00:00";"GO";60;165,5;"GOIANIA";"Sinalização da via insuficiente ou inadequada";"Colisão com objeto estático";"Com Vítimas Feridas";"Plena Noite";"Crescente";"Céu Claro";"Simples";"Reta";"Sim";2;0;0;2;0;0;2;1;-16,71053086;-49,35442686;"SPRF-GO";"DEL01-GO";"UOP02-DEL01-GO"
162498;2018-09-30;"domingo";"04:55:00";"CE";116;3,9;"FORTALEZA";"Condutor Dormindo";"Queda de ocupante de veículo";"Com Vítimas Feridas";"Amanhecer";"Crescente";"Céu Claro";"Múltipla";"Reta";"Sim";1;0;1;0;0;0;1;1;-3,7831326;-38,5105616;"SPRF-CE";"DEL01-CE";"UOP02-DEL01-CE"
162499;2018-09-30;"domingo";"05:00:00";"ES";101;143,6;"LINHARES";"Condutor Dormindo";"Saída de leito carroçável";"Com Vítimas Feridas";"Plena Noite";"Decrescente";"Céu Claro";"Múltipla";"Declive";"Sim";1;0;1;0;0;0;1;1;-19,34915398;-40,06322709;"SPRF-ES";"DEL04-ES";"UOP01-DEL04-ES"
162501;2018-09-30;"domingo";"05:15:00";"AP";210;1,3;"MACAPA";"Condutor Dormindo";"Saída de leito carroçável";"Sem Vítimas";"Plena Noite";"Decrescente";"Céu Claro";"Múltipla";"Curva";"Sim";1;0;0;0;0;1;0;1;0,0793;-51,07222;"SPRF-AP";"DEL01-AP";"UOP01-DEL01-AP"
162502;2018-09-30;"domingo";"05:00:00";"SC";163;67,3;"SAO MIGUEL DO OESTE";"Falta de Atenção à Condução";"Colisão traseira";"Sem Vítimas";"Plena Noite";"Crescente";"Céu Claro";"Dupla";"Reta";"Sim";2;0;0;0;2;0;0;2;-26,759436;-53,500553;"SPRF-SC";"DEL07-SC";"UOP03-DEL07-SC"
162503;2018-09-30;"domingo";"05:25:00";"RS";116;268,9;"CANOAS";"Ingestão de Álcool";"Colisão transversal";"Sem Vítimas";"Amanhecer";"Decrescente";"Chuva";"Múltipla";"Reta";"Sim";3;0;0;0;2;1;0;3;-29,95829124;-51,17604669;"SPRF-RS";"DEL01-RS";"UOP01-DEL01-RS"
162504;2018-09-30;"domingo";"05:40:00";"MG";40;802,9;"MATIAS BARBOSA";"Ingestão de Álcool";"Saída de leito carroçável";"Com Vítimas Feridas";"Amanhecer";"Crescente";"Nublado";"Dupla";"Curva";"Sim";1;0;0;1;0;0;1;1;-21,85244727;-43,38051438;"SPRF-MG";"DEL05-MG";"UOP01-DEL05-MG"
162505;2018-09-30;"domingo";"05:20:00";"SC";116;211,8;"PONTE ALTA";"Falta de Atenção à Condução";"Saída de leito carroçável";"Com Vítimas Feridas";"Plena Noite";"Decrescente";"Nevoeiro/Neblina";"Simples";"Curva";"Não";1;0;1;0;0;0;1;1;-27,51070745;-50,36956787;"SPRF-SC";"DEL05-SC";"UOP03-DEL05-SC"
162506;2018-09-29;"sábado";"14:30:00";"ES";262;115;"CONCEICAO DO CASTELO";"Desobediência às normas de trânsito pelo condutor";"Colisão transversal";"Com Vítimas Feridas";"Pleno dia";"Crescente";"Nublado";"Simples";"Interseção de Vias";"Não";2;0;0;1;1;0;1;2;-20,31846989;-41,22539163;"SPRF-ES";"DEL01-ES";"UOP02-DEL01-ES"
162507;2018-09-30;"domingo";"05:40:00";"SP";116;220,8;"GUARULHOS";"Ingestão de Álcool";"Colisão traseira";"Com Vítimas Feridas";"Amanhecer";"Decrescente";"Céu Claro";"Múltipla";"Reta";"Sim";3;0;2;0;1;0;2;2;-23,46965267;-46,5119798;"SPRF-SP";"DEL01-SP";"UOP01-DEL01-SP"
162509;2018-09-29;"sábado";"23:45:00";"MG";381;896,5;"CAMBUI";"Falta de Atenção à Condução";"Colisão lateral";"Com Vítimas Feridas";"Plena Noite";"Crescente";"Ignorado";"Dupla";"Curva";"Não";3;0;2;0;1;0;2;2;-22,6;-46,0576;"SPRF-MG";"DEL16-MG";"UOP03-DEL16-MG"