"id";"data_inversa";"dia_semana";"horario";"uf";"br";"km";"municipio";"causa_acidente";"tipo_acidente";"classificacao_acidente";"fase_dia";"sentido_via";"condicao_metereologica";"tipo_pista";"tracado_via";"uso_solo";"pessoas";"mortos";"feridos_leves";"feridos_graves";"ilesos";"ignorados";"feridos";"veiculos";"latitude";"longitude";"regional";"delegacia";"uop"
162510;2018-09-30;"domingo";"04:15:00";"RJ";393;290;"VOLTA REDONDA";"Condutor Dormindo";"Colisão com objeto estático";"Com Vítimas Feridas";"Amanhecer";"Crescente";"Céu Claro";"Dupla";"Reta";"Sim";1;0;1;0;0;0;1;1;-22,51923698;-44,11540747;"SPRF-RJ";"DEL05-RJ";"UOP04-DEL05-RJ"
162512;2018-09-30;"domingo";"02:25:00";"PR";277;229;"IRATI";"Falta de Atenção à Condução";"Saída de leito carroçável";"Com Vítimas Feridas";"Plena Noite";"Decrescente";"Céu Claro";"Simples";"Reta";"Sim";2;0;2;0;0;0;2;1;-25,451195;-50,617828;"SPRF-PR";"DEL03-PR";"UOP02-DEL08-PR"
162514;2018-09-30;"domingo";"05:15:00";"RJ";101;406;"ITAGUAI";"Ultrapassagem Indevida";"Colisão traseira";"Com Vítimas Feridas";"Amanhecer";"Crescente";"Nublado";"Dupla";"Reta";"Sim";2;0;1;0;0;1;1;2;-22,87599;-43,8152;"SPRF-RJ";"DEL03-RJ";"UOP01-DEL03-RJ"
162515;2018-09-30;"domingo";"06:25:00";"PA";316;11,1;"MARITUBA";"Não guardar distância de segurança";"Colisão traseira";"Com Vítimas Feridas";"Pleno dia";"Decrescente";"Céu Claro";"Dupla";"Reta";"Sim";2;0;1;0;1;0;1;2;-1,36520102;-48,34766507;"SPRF-PA";"DEL01-PA";"DEL19/1-UOP05/PA"
162516;2018-09-30;"domingo";"05:40:00";"MG";40;523,5;"CONTAGEM";"Mal Súbito";"Saída de leito carroçável";"Com Vítimas Feridas";"Amanhecer";"Crescente";"Céu Claro";"Dupla";"Reta";"Sim";1;0;1;0;0;0;1;1;-19,879;-44,051;"SPRF-MG";"DEL01-MG";"UOP03-DEL01-MG"
162517;2018-09-30;"domingo";"06:00:00";"MT";163;740;"SORRISO";"Falta de Atenção à Condução";"Saída de leito carroçável";"Com Vítimas Feridas";"Amanhecer";"Decrescente";"Céu Claro";"Simples";"Declive";"Não";1;0;1;0;0;0;1;1;-12,59904602;-55,74806213;"SPRF-MT";"DEL06-MT";"UOP01-DEL06-MT"
162518;2018-09-30;"domingo";"06:00:00";"SC";101;215;"PALHOCA";"Falta de Atenção à Condução";"Capotamento";"Sem Vítimas";"Amanhecer";"Crescente";"Céu Claro";"Dupla";"Reta";"Sim";1;0;0;0;1;0;0;1;-27,6601;-48,6774;"SPRF-SC";"DEL01-SC";"UOP02-DEL01-SC"
162519;2018-09-30;"domingo";"03:30:00";"SC";282;507,6;"XANXERE";"Velocidade Incompatível";"Saída de leito carroçável";"Com Vítimas Feridas";"Plena Noite";"Decrescente";"Nublado";"Simples";"Reta";"Não";1;0;0;1;0;0;1;1;-26,88582779;-52,44335532;"SPRF-SC";"DEL07-SC";"UOP01-DEL07-SC"
162521;2018-09-30;"domingo";"04:50:00";"MG";262;862,8;"CAMPO FLORIDO";"Condutor Dormindo";"Saída de leito carroçável";"Com Vítimas Feridas";"Plena Noite";"Crescente";"Céu Claro";"Dupla";"Reta";"Não";2;0;2;0;0;0;2;1;-19,779206;-48,451739;"SPRF-MG";"DEL13-MG";"UOP01-DEL13-MG"
162523;2018-09-30;"domingo";"07:45:00";"MG";381;566;"ITAGUARA";"Ingestão de Álcool";"Saída de leito carroçável";"Sem Vítimas";"Pleno dia";"Decrescente";"Nublado";"Dupla";"Curva";"Não";1;0;0;0;1;0;0;1;-20,4025;-44,5126;"SPRF-MG";"DEL04-MG";"UOP03-DEL04-MG"
162524;2018-09-30;"domingo";"06:35:00";"PR";277;83;"CURITIBA";"Desobediência às normas de trânsito pelo condutor";"Colisão traseira";"Com Vítimas Feridas";"Pleno dia";"Decrescente";"Céu Claro";"Dupla";"Interseção de Vias";"Sim";2;0;1;0;0;1;1;2;-25,44901978;-49,22947874;"SPRF-PR";"DEL01-PR";"UOP01-DEL01-PR"
162525;2018-09-30;"domingo";"03:40:00";"MA";222;673,3;"ACAILANDIA";"Ingestão de Álcool";"Saída de leito carroçável";"Com Vítimas Feridas";"Plena Noite";"Decrescente";"Céu Claro";"Dupla";"Reta";"Sim";1;0;0;1;0;0;1;1;-4,95219936;-47,4851042;"SPRF-MA";"DEL04-MA";"UOP03-DEL04-MA"
162529;2018-09-30;"domingo";"07:50:00";"AL";104;42;"BRANQUINHA";"Ultrapassagem Indevida";"Capotamento";"Com Vítimas Feridas";"Pleno dia";"Crescente";"Céu Claro";"Simples";"Reta";"Não";5;0;4;0;1;0;4;1;-9,21369488;-36,03223801;"SPRF-AL";"DEL01-AL";"UOP02-DEL01-AL"
162530;2018-09-30;"domingo";"06:30:00";"RS";116;247;"SAO LEOPOLDO";"Ingestão de Substâncias Psicoativas";"Colisão com objeto estático";"Com Vítimas Feridas";"Pleno dia";"Crescente";"Céu Claro";"Dupla";"Reta";"Sim";1;0;1;0;0;0;1;1;-29,76338083;-51,15330398;"SPRF-RS";"DEL01-RS";"UOP02-DEL01-RS"
162531;2018-09-30;"domingo";"07:00:00";"BA";235;97,7;"JEREMOABO";"Defeito Mecânico no Veículo";"Saída de leito carroçável";"Com Vítimas Fatais";"Pleno dia";"Crescente";"Céu Claro";"Simples";"Reta";"Não";1;1;0;0;0;0;0;1;-10,091333;-38,32357;"SPRF-BA";"DEL07-BA";"UOP01-DEL07-BA"
162532;2018-09-30;"domingo";"08:20:00";"MG";262;588,2;"CAMPOS ALTOS";"Ultrapassagem Indevida";"Capotamento";"Com Vítimas Feridas";"Pleno dia";"Crescente";"Céu Claro";"Simples";"Reta";"Não";3;0;2;0;1;0;2;1;-19,666414;-46,16032;"SPRF-MG";"DEL08-MG";"UOP02-DEL08-MG"
162533;2018-09-30;"domingo";"07:55:00";"MG";116;277,5;"TEOFILO OTONI";"Falta de Atenção à Condução";"Colisão lateral";"Com Vítimas Feridas";"Pleno dia";"Crescente";"Céu Claro";"Simples";"Reta";"Sim";2;0;1;0;1;0;1;2;-17,85872964;-41,51521089;"SPRF-MG";"DEL11-MG";"UOP01-DEL11-MG"
162535;2018-09-30;"domingo";"09:25:00";"TO";153;685,6;"CARIRI DO TOCANTINS";"Ingestão de Álcool";"Atropelamento de Pedestre";"Com Vítimas Feridas";"Pleno dia";"Decrescente";"Sol";"Simples";"Reta";"Não";6;0;1;1;0;4;2;2;-11,830299;-49,137188;"SPRF-TO";"DEL02-TO";"UOP02-DEL01-TO"
162536;2018-09-30;"domingo";"07:20:00";"BA";101;439,9;"UBAITABA";"Falta de Atenção à Condução";"Colisão lateral";"Com Vítimas Feridas";"Pleno dia";"Crescente";"Céu Claro";"Simples";"Reta";"Não";3;0;1;1;1;0;2;2;-14,2797;-39,3268;"SPRF-BA";"DEL05-BA";"UOP01-DEL05-BA"
162538;2018-09-30;"domingo";"09:45:00";"MG";381;525,2;"BRUMADINHO";"Velocidade Incompatível";"Saída de leito carroçável";"Com Vítimas Feridas";"Pleno dia";"Decrescente";"Garoa/Chuvisco";"Dupla";"Curva";"Não";2;0;1;0;1;0;1;1;-20,15062986;-44,32506448;"SPRF-MG";"DEL04-MG";"UOP03-DEL04-MG"
162539;2018-09-30;"domingo";"10:20:00";"PE";101;61;"RECIFE";"Falta de Atenção à Condução";"Colisão transversal";"Com Vítimas Feridas";"Pleno dia";"Decrescente";"Céu Claro";"Múltipla";"Reta";"Sim";2;0;1;0;1;0;1;2;-8,0003;-34,9387;"SPRF-PE";"DEL01-PE";"UOP02-DEL01-PE"
162540;2018-09-30;"domingo";"10:30:00";"RJ";101;307,8;"SAO GONCALO";"Falta de Atenção à Condução";"Colisão traseira";"Com Vítimas Feridas";"Pleno dia";"Crescente";"Céu Claro";"Dupla";"Reta";"Sim";6;0;5;0;1;0;5;3;-22,791161;-43,01516;"SPRF-RJ";"DEL02-RJ";"DEL5/2-UOP04/RJ"
162541;2018-09-30;"domingo";"07:20:00";"MG";381;584;"CARMOPOLIS DE MINAS";"Falta de Atenção à Condução";"Capotamento";"Com Vítimas Feridas";"Pleno dia";"Crescente";"Céu Claro";"Dupla";"Reta";"Não";1;0;1;0;0;0;1;1;-20,5177;-44,6187;"SPRF-MG";"DEL04-MG";"UOP01-DEL04-MG"
162543;2018-09-30;"domingo";"10:50:00";"PA";316;2,6;"ANANINDEUA";"Defeito Mecânico no Veículo";"Tombamento";"Com Vítimas Feridas";"Pleno dia";"Decrescente";"Céu Claro";"Dupla";"Reta";"Sim";2;0;2;0;0;0;2;1;-1,39229421;-48,41798186;"SPRF-PA";"DEL01-PA";"DEL19/1-UOP05/PA"
162544;2018-09-30;"domingo";"09:50:00";"MS";163;53;"ELDORADO";"Falta de Atenção à Condução";"Colisão traseira";"Sem Vítimas";"Pleno dia";"Decrescente";"Chuva";"Simples";"Reta";"Não";2;0;0;0;2;0;0;2;-23,65097132;-54,25160408;"SPRF-MS";"DEL09-MS";"UOP02-DEL09-MS"
162545;2018-09-30;"domingo";"10:15:00";"MG";381;550;"ITAGUARA";"Velocidade Incompatível";"Saída de leito carroçável";"Com Vítimas Feridas";"Pleno dia";"Crescente";"Chuva";"Dupla";"Curva";"Não";2;0;2;0;0;0;2;1;-20,3058;-44,4472;"SPRF-MG";"DEL04-MG";"UOP03-DEL04-MG"
162547;2018-09-30;"domingo";"09:25:00";"AC";364;138,2;"RIO BRANCO";"Desobediência às normas de trânsito pelo condutor";"Colisão transversal";"Com Vítimas Feridas";"Pleno dia";"Decrescente";"Céu Claro";"Dupla";"Reta";"Sim";3;0;1;0;2;0;1;2;-9,95961505;-67,85739899;"SPRF-AC";"DEL01-AC";"UOP01-DEL01-AC"
162548;2018-09-30;"domingo";"11:00:00";"ES";101;289;"CARIACICA";"Defeito na Via";"Queda de ocupante de veículo";"Com Vítimas Feridas";"Pleno dia";"Crescente";"Céu Claro";"Dupla";"Reta";"Sim";1;0;0;1;0;0;1;1;-20,28071545;-40,39286613;"SPRF-ES";"DEL01-ES";"UOP01-DEL01-ES"
162549;2018-09-30;"domingo";"11:10:00";"MG";50;3,7;"ARAGUARI";"Velocidade Incompatível";"Saída de leito carroçável";"Com Vítimas Feridas";"Pleno dia";"Crescente";"Céu Claro";"Dupla";"Retorno Regulamentado";"Não";1;0;0;1;0;0;1;1;-18,42906949;-48,06286275;"SPRF-MG";"DEL15-MG";"UOP02-DEL15-MG"
162551;2018-09-30;"domingo";"08:50:00";"RN";110;127,4;"AUGUSTO SEVERO";"Ingestão de Álcool";"Colisão com objeto estático";"Com Vítimas Feridas";"Pleno dia";"Decrescente";"Céu Claro";"Dupla";"Aclive";"Sim";1;0;1;0;0;0;1;1;-5,86407891;-37,31249124;"SPRF-RN";"DEL04-RN";"UOP01-DEL04-RN"
162552;2018-09-30;"domingo";"11:30:00";"SC";282;274;"SAO JOSE DO CERRITO";"Velocidade Incompatível";"Saída de leito carroçável";"Com Vítimas Feridas";"Pleno dia";"Crescente";"Chuva";"Simples";"Curva";"Não";2;0;2;0;0;0;2;1;-27,61434127;-50,71434975;"SPRF-SC";"DEL05-SC";"UOP02-DEL05-SC"
162553;2018-09-30;"domingo";"10:15:00";"SC";153;85,1;"CONCORDIA";"Velocidade Incompatível";"Colisão com objeto estático";"Com Vítimas Feridas";"Pleno dia";"Decrescente";"Chuva";"Simples";"Curva";"Não";1;0;1;0;0;0;1;1;-27,142017;-51,913219;"SPRF-SC";"DEL07-SC";"UOP04-DEL07-SC"
162555;2018-09-30;"domingo";"11:40:00";"PE";232;155,2;"SAO CAITANO";"Falta de Atenção à Condução";"Colisão traseira";"Com Vítimas Feridas";"Pleno dia";"Crescente";"Céu Claro";"Simples";"Reta";"Não";3;0;2;0;1;0;2;2;-8,32768582;-36,19535923;"SPRF-PE";"DEL02-PE";"UOP03-DEL02-PE"
162557;2018-09-30;"domingo";"11:40:00";"MG";381;477;"CONTAGEM";"Restrição de Visibilidade";"Colisão traseira";"Com Vítimas Feridas";"Pleno dia";"Decrescente";"Céu Claro";"Dupla";"Reta";"Sim";5;0;1;0;4;0;1;4;-19,9605;-44,0357;"SPRF-MG";"DEL01-MG";"UOP03-DEL01-MG"
162559;2018-09-30;"domingo";"11:45:00";"SC";101;369;"ICARA";"Falta de Atenção à Condução";"Colisão com objeto estático";"Com Vítimas Feridas";"Pleno dia";"Crescente";"Chuva";"Múltipla";"Reta";"Não";5;0;2;0;2;1;2;2;-28,6985;-49,1886;"SPRF-SC";"DEL02-SC";"UOP01-DEL02-SC"
162560;2018-09-30;"domingo";"11:50:00";"SC";101;205,9;"SAO JOSE";"Falta de Atenção à Condução";"Colisão lateral";"Com Vítimas Feridas";"Pleno dia";"Crescente";"Céu Claro";"Múltipla";"Reta";"Sim";2;0;1;0;1;0;1;2;-27,592;-48,6181;"SPRF-SC";"DEL01-SC";"UOP01-DEL01-SC"
162562;2018-09-30;"domingo";"12:30:00";"SP";116;279,6;"EMBU DAS ARTES";"Desobediência às normas de trânsito pelo condutor";"Queda de ocupante de veículo";"Com Vítimas Feridas";"Pleno dia";"Crescente";"Céu Claro";"Dupla";"Reta";"Sim";2;0;1;1;0;0;2;1;-23,64232267;-46,83690548;"SPRF-SP";"DEL04-SP";"UOP01-DEL04-SP"
162563;2018-09-30;"domingo";"12:05:00";"BA";116;545,9;"MILAGRES";"Desobediência às normas de trânsito pelo condutor";"Colisão transversal";"Com Vítimas Feridas";"Pleno dia";"Crescente";"Céu Claro";"Simples";"Reta";"Sim";2;0;2;0;0;0;2;2;-12,869224;-39,85588;"SPRF-BA";"DEL03-BA";"UOP02-DEL03-BA"
162564;2018-09-30;"domingo";"13:20:00";"CE";20;391,1;"CAUCAIA";"Desobediência às normas de trânsito pelo condutor";"Colisão lateral";"Com Vítimas Feridas";"Pleno dia";"Decrescente";"Céu Claro";"Simples";"Reta";"Não";3;0;2;1;0;0;3;2;-3,84627096;-38,77582669;"SPRF-CE";"DEL01-CE";"UOP01-DEL01-CE"
162566;2018-09-30;"domingo";"13:35:00";"PE";101;82;"JABOATAO DOS GUARARAPES";"Falta de Atenção à Condução";"Colisão transversal";"Com Vítimas Feridas";"Pleno dia";"Crescente";"Sol";"Múltipla";"Interseção de Vias";"Sim";2;0;0;1;1;0;1;2;-8,17102;-34,939039;"SPRF-PE";"DEL01-PE";"UOP03-DEL01-PE"
162568;2018-09-30;"domingo";"08:30:00";"MG";251;243,5;"SANTA CRUZ DE SALINAS";"Agressão Externa";"Capotamento";"Com Vítimas Feridas";"Pleno dia";"Decrescente";"Céu Claro";"Simples";"Curva";"Não";2;0;2;0;0;0;2;1;-16,009801;-41,790909;"SPRF-MG";"DEL11-MG";"UOP02-DEL11-MG"
162569;2018-09-30;"domingo";"13:15:00";"SC";101;336;"TUBARAO";"Falta de Atenção à Condução";"Colisão lateral";"Com Vítimas Feridas";"Pleno dia";"Crescente";"Nublado";"Dupla";"Reta";"Sim";3;0;1;1;1;0;2;2;-28,4791;-49,0338;"SPRF-SC";"DEL02-SC";"UOP01-DEL02-SC"
162572;2018-09-30;"domingo";"14:00:00";"MG";381;480,6;"CONTAGEM";"Defeito Mecânico no Veículo";"Incêndio";"Sem Vítimas";"Pleno dia";"Crescente";"Nublado";"Dupla";"Reta";"Sim";1;0;0;0;1;0;0;1;-19,95820262;-44,05985355;"SPRF-MG";"DEL01-MG";"UOP03-DEL01-MG"
162573;2018-09-30;"domingo";"14:40:00";"SP";116;27,5;"CRUZEIRO";"Falta de Atenção à Condução";"Colisão transversal";"Com Vítimas Feridas";"Pleno dia";"Decrescente";"Chuva";"Dupla";"Curva";"Não";3;0;1;0;2;0;1;2;-22,62418618;-44,91058896;"SPRF-SP";"DEL08-SP";"UOP02-DEL08-SP"
162574;2018-09-30;"domingo";"14:30:00";"PA";230;117;"MARABA";"Não guardar distância de segurança";"Colisão traseira";"Com Vítimas Feridas";"Pleno dia";"Decrescente";"Céu Claro";"Simples";"Reta";"Sim";2;0;1;0;1;0;1;2;-5,35574321;-49,09086227;"SPRF-PA";"DEL03-PA";"UOP01-DEL03-PA"
162575;2018-09-30;"domingo";"15:15:00";"PR";373;172,5;"PONTA GROSSA";"Falta de Atenção à Condução";"Colisão traseira";"Sem Vítimas";"Pleno dia";"Crescente";"Ignorado";"Dupla";"Reta";"Sim";2;0;0;0;2;0;0;2;-25,08155662;-50,19515991;"SPRF-PR";"DEL03-PR";"UOP01-DEL03-PR"
162576;2018-09-30;"domingo";"13:30:00";"MG";459;89,7;"CONGONHAL";"Falta de Atenção à Condução";"Colisão transversal";"Com Vítimas Feridas";"Pleno dia";"Decrescente";"Nublado";"Simples";"Declive;Reta";"Não";3;0;0;1;2;0;1;2;-22,17144782;-46,00304103;"SPRF-MG";"DEL09-MG";"UOP01-DEL09-MG"
162578;2018-09-30;"domingo";"14:10:00";"PB";230;26,5;"JOAO PESSOA";"Falta de Atenção à Condução";"Colisão traseira";"Com Vítimas Feridas";"Pleno dia";"Crescente";"Céu Claro";"Dupla";"Reta";"Sim";3;0;1;0;2;0;1;2;-7,1693;-34,8782;"SPRF-PB";"DEL01-PB";"UOP01-DEL01-PB"
162579;2018-09-30;"domingo";"14:00:00";"RR";401;1,2;"BOA VISTA";"Desobediência às normas de trânsito pelo condutor";"Colisão traseira";"Com Vítimas Feridas";"Pleno dia";"Crescente";"Céu Claro";"Dupla";"Reta";"Sim";2;0;0;1;1;0;1;2;2,801334;-60,680462;"SPRF-RR";"DEL01-RR";"UOP01-DEL01-RR"
162581;2018-09-30;"domingo";"10:10:00";"SC";282;404,5;"JOACABA";"Velocidade Incompatível";"Saída de leito carroçável";"Com Vítimas Feridas";"Pleno dia";"Decrescente";"Chuva";"Simples";"Curva";"Não";2;0;2;0;0;0;2;1;-27,10771864;-51,64098859;"SPRF-SC";"DEL07-SC";"UOP05-DEL07-SC"
162582;2018-09-30;"domingo";"14:50:00";"PI";343;11;"PARNAIBA";"Defeito Mecânico no Veículo";"Saída de leito carroçável";"Sem Vítimas";"Pleno dia";"Decrescente";"Céu Claro";"Dupla";"Curva";"Sim";3;0;0;0;0;3;0;2;-2,903314;-41,750664;"SPRF-PI";"DEL05-PI";"UOP01-DEL05-PI"
162584;2018-09-30;"domingo";"13:40:00";"RO";364;340,7;"JI-PARANA";"Falta de Atenção à Condução";"Queda de ocupante de veículo";"Com Vítimas Feridas";"Pleno dia";"Crescente";"Céu Claro";"Simples";"Reta";"Sim";3;0;2;0;1;0;2;2;-10,898911;-61,930458;"SPRF-RO";"DEL02-RO";"UOP01-DEL02-RO"
162585;2018-09-30;"domingo";"13:30:00";"PE";407;123;"PETROLINA";"Ingestão de Álcool";"Colisão traseira";"Sem Vítimas";"Pleno dia";"Crescente";"Céu Claro";"Simples";"Reta";"Não";2;0;0;0;2;0;0;2;-9,3644954;-40,5442199;"SPRF-PE";"DEL06-PE";"UOP01-DEL06-PE"
162586;2018-09-30;"domingo";"16:00:00";"GO";20;10;"FORMOSA";"Falta de Atenção à Condução";"Saída de leito carroçável";"Com Vítimas Feridas";"Pleno dia";"Crescente";"Céu Claro";"Simples";"Reta";"Sim";2;0;2;0;0;0;2;1;-15,558447;-47,26619;"SPRF-DF";"DEL02-DF";"UOP01-DEL02-DF"
162587;2018-09-30;"domingo";"15:58:00";"PR";376;325;"ORTIGUEIRA";"Velocidade Incompatível";"Saída de leito carroçável";"Com Vítimas Feridas";"Pleno dia";"Crescente";"Chuva";"Simples";"Curva";"Não";5;0;1;0;4;0;1;1;-23,97399911;-51,10551054;"SPRF-PR";"DEL07-PR";"UOP02-DEL07-PR"
162588;2018-09-30;"domingo";"16:15:00";"SC";282;272;"SAO JOSE DO CERRITO";"Falta de Atenção à Condução";"Colisão traseira";"Com Vítimas Feridas";"Pleno dia";"Crescente";"Nublado";"Simples";"Reta";"Não";3;0;1;0;2;0;1;2;-27,613758;-50,6968;"SPRF-SC";"DEL05-SC";"UOP02-DEL05-SC"
162589;2018-09-30;"domingo";"16:10:00";"TO";153;524,2;"PUGMIL";"Pista Escorregadia";"Saída de leito carroçável";"Com Vítimas Feridas";"Pleno dia";"Crescente";"Chuva";"Simples";"Reta";"Não";1;0;0;1;0;0;1;1;-10,435409;-48,899354;"SPRF-TO";"DEL02-TO";"UOP01-DEL01-TO"
162590;2018-09-30;"domingo";"16:20:00";"ES";101;107;"SOORETAMA";"Falta de Atenção à Condução";"Queda de ocupante de veículo";"Com Vítimas Feridas";"Pleno dia";"Crescente";"Céu Claro";"Simples";"Declive";"Não";1;0;1;0;0;0;1;1;-19,05270721;-40,03040314;"SPRF-ES";"DEL04-ES";"UOP01-DEL04-ES"
162591;2018-09-30;"domingo";"15:03:00";"MT";163;120;"RONDONOPOLIS";"Falta de Atenção à Condução";"Colisão lateral";"Com Vítimas Feridas";"Pleno dia";"Crescente";"Céu Claro";"Dupla";"Reta";"Sim";2;0;1;0;1;0;1;2;-16,49223075;-54,64690578;"SPRF-MT";"DEL02-MT";"UOP01-DEL02-MT"
162593;2018-09-30;"domingo";"09:30:00";"AP";156;161,8;"MAZAGAO";"Defeito na Via";"Capotamento";"Com Vítimas Feridas";"Pleno dia";"Decrescente";"Céu Claro";"Simples";"Declive";"Não";4;0;3;0;1;0;3;1;0,049354;-51,636372;"SPRF-AP";"DEL01-AP";"UOP01-DEL01-AP"
162594;2018-09-30;"domingo";"15:30:00";"PI";402;62;"LUIS CORREIA";"Falta de Atenção à Condução";"Saída de leito carroçável";"Com Vítimas Fatais";"Pleno dia";"Decrescente";"Céu Claro";"Simples";"Curva";"Não";1;1;0;0;0;0;0;1;-3,079398;-41,553917;"SPRF-PI";"DEL05-PI";"UOP01-DEL05-PI"
162595;2018-09-30;"domingo";"16:45:00";"MG";381;452;"SABARA";"Falta de Atenção à Condução";"Engavetamento";"Com Vítimas Feridas";"Pleno dia";"Crescente";"Céu Claro";"Simples";"Reta";"Não";3;0;1;0;2;0;1;3;-19,82836205;-43,83993387;"SPRF-MG";"DEL01-MG";"UOP01-DEL01-MG"
162596;2018-09-30;"domingo";"16:00:00";"MG";267;289,5;"BAEPENDI";"Velocidade Incompatível";"Saída de leito carroçável";"Com Vítimas Feridas";"Pleno dia";"Crescente";"Chuva";"Simples";"Curva";"Não";2;0;1;0;1;0;1;1;-21,92775906;-44,80670929;"SPRF-MG";"DEL05-MG";"DEL5/4-UOP01/MG"
162597;2018-09-30;"domingo";"16:30:00";"MG";381;783,4;"SAO GONCALO DO SAPUCAI";"Fenômenos da Natureza";"Saída de leito carroçável";"Sem Vítimas";"Pleno dia";"Decrescente";"Chuva";"Dupla";"Curva";"Não";1;0;0;0;1;0;0;1;-21,8369;-45,5096;"SPRF-MG";"DEL16-MG";"UOP02-DEL16-MG"
162598;2018-09-30;"domingo";"16:25:00";"RS";392;119,9;"CANGUCU";"Velocidade Incompatível";"Colisão com objeto estático";"Com Vítimas Feridas";"Pleno dia";"Crescente";"Céu Claro";"Múltipla";"Aclive;Curva";"Não";2;0;2;0;0;0;2;1;-31,398947;-52,684685;"SPRF-RS";"DEL07-RS";"UOP01-DEL07-RS"
162599;2018-09-30;"domingo";"17:28:00";"GO";153;366,1;"JARAGUA";"Ultrapassagem Indevida";"Colisão lateral";"Com Vítimas Fatais";"Pleno dia";"Decrescente";"Céu Claro";"Simples";"Reta";"Não";11;1;4;4;2;0;8;4;-15,80931822;-49,29463238;"SPRF-GO";"DEL02-GO";"UOP02-DEL02-GO"
162600;2018-07-16;"segunda-feira";"16:50:00";"MG";381;509;"SAO JOAQUIM DE BICAS";"Não guardar distância de segurança";"Colisão traseira";"Com Vítimas Feridas";"Pleno dia";"Crescente";"Céu Claro";"Dupla";"Reta";"Sim";1;0;0;1;0;0;1;1;-20,0553;-44,2849;"SPRF-MG";"DEL01-MG";"UOP03-DEL01-MG"
162602;2018-09-30;"domingo";"17:45:00";"MG";365;626,7;"UBERLANDIA";"Velocidade Incompatível";"Colisão traseira";"Com Vítimas Feridas";"Anoitecer";"Decrescente";"Céu Claro";"Dupla";"Reta;Declive";"Sim";3;0;2;0;1;0;2;2;-18,90957507;-48,30837876;"SPRF-MG";"DEL15-MG";"UOP01-DEL15-MG"
162604;2018-09-30;"domingo";"10:00:00";"MG";40;712,4;"BARBACENA";"Falta de Atenção à Condução";"Saída de leito carroçável";"Com Vítimas Feridas";"Pleno dia";"Crescente";"Céu Claro";"Dupla";"Curva";"Sim";1;0;1;0;0;0;1;1;-21,24955717;-43,66908252;"SPRF-MG";"DEL05-MG";"UOP02-DEL05-MG"
162605;2018-09-30;"domingo";"16:58:00";"CE";116;12;"FORTALEZA";"Agressão Externa";"Tombamento";"Com Vítimas Feridas";"Pleno dia";"Crescente";"Céu Claro";"Múltipla";"Reta";"Sim";2;0;2;0;0;0;2;1;-3,85410674;-38,4956646;"SPRF-CE";"DEL01-CE";"UOP02-DEL01-CE"
162606;2018-09-30;"domingo";"17:55:00";"PR";277;2,4;"PARANAGUA";"Velocidade Incompatível";"Tombamento";"Com Vítimas Feridas";"Plena Noite";"Decrescente";"Nublado";"Simples";"Reta";"Não";1;0;1;0;0;0;1;1;-25,53483254;-48,55400205;"SPRF-PR";"DEL01-PR";"UOP05-DEL01-PR"
162607;2018-09-30;"domingo";"17:35:00";"PR";476;115;"COLOMBO";"Falta de Atenção à Condução";"Colisão transversal";"Com Vítimas Feridas";"Anoitecer";"Crescente";"Chuva";"Simples";"Interseção de Vias";"Sim";2;0;0;1;1;0;1;2;-25,344196;-49,159679;"SPRF-PR";"DEL01-PR";"UOP01-DEL01-PR"
162608;2018-09-30;"domingo";"17:15:00";"SC";101;6;"GARUVA";"Ingestão de Álcool";"Colisão traseira";"Com Vítimas Feridas";"Pleno dia";"Decrescente";"Céu Claro";"Dupla";"Reta";"Sim";3;0;2;0;1;0;2;2;-26,0361;-48,8601;"SPRF-SC";"DEL03-SC";"UOP01-DEL03-SC"
162609;2018-09-30;"domingo";"18:00:00";"ES";101;84;"SAO MATEUS";"Falta de Atenção à Condução";"Queda de ocupante de veículo";"Com Vítimas Feridas";"Plena Noite";"Crescente";"Céu Claro";"Simples";"Reta";"Não";1;0;1;0;0;0;1;1;-18,85811775;-39,93412793;"SPRF-ES";"DEL04-ES";"UOP02-DEL04-ES"
162610;2018-09-30;"domingo";"17:00:00";"PB";104;138,8;"QUEIMADAS";"Desobediência às normas de trânsito pelo condutor";"Atropelamento de Pedestre";"Com Vítimas Feridas";"Anoitecer";"Crescente";"Céu Claro";"Simples";"Reta";"Sim";2;0;1;0;0;1;1;2;-7,359726;-35,901871;"SPRF-PB";"DEL02-PB";"UOP03-DEL02-PB"
162611;2018-09-30;"domingo";"18:10:00";"RJ";101;267,3;"RIO BONITO";"Ingestão de Álcool";"Queda de ocupante de veículo";"Com Vítimas Feridas";"Plena Noite";"Crescente";"Céu Claro";"Dupla";"Reta";"Não";2;0;0;1;1;0;1;1;-22,707306;-42,660637;"SPRF-RJ";"DEL02-RJ";"UOP03-DEL02-RJ"
162612;2018-09-30;"domingo";"16:00:00";"PR";476;163,6;"ARAUCARIA";"Condutor Dormindo";"Tombamento";"Com Vítimas Feridas";"Pleno dia";"Decrescente";"Céu Claro";"Simples";"Reta";"Não";2;0;1;0;1;0;1;1;-25,63568419;-49,46430087;"SPRF-PR";"DEL01-PR";"UOP06-DEL01-PR"
162613;2018-05-16;"quarta-feira";"08:00:00";"MT";163;830;"SINOP";"Não guardar distância de segurança";"Colisão traseira";"Com Vítimas Feridas";"Pleno dia";"Crescente";"Céu Claro";"Dupla";"Aclive;Reta;Viaduto";"Sim";2;0;0;1;1;0;1;2;-11,89884241;-55,50505668;"SPRF-MT";"DEL06-MT";"UOP01-DEL06-MT"