"id";"data_inversa";"dia_semana";"horario";"uf";"br";"km";"municipio";"causa_acidente";"tipo_acidente";"classificacao_acidente";"fase_dia";"sentido_via";"condicao_metereologica";"tipo_pista";"tracado_via";"uso_solo";"pessoas";"mortos";"feridos_leves";"feridos_graves";"ilesos";"ignorados";"feridos";"veiculos";"latitude";"longitude";"regional";"delegacia";"uop"
162614;2018-09-30;"domingo";"18:40:00";"PE";428;187;"PETROLINA";"Ingestão de Álcool";"Atropelamento de Pedestre";"Com Vítimas Feridas";"Plena Noite";"Decrescente";"Céu Claro";"Simples";"Reta";"Sim";2;0;0;1;1;0;1;2;-9,37267394;-40,4870224;"SPRF-PE";"DEL06-PE";"UOP01-DEL06-PE"
162615;2018-09-30;"domingo";"17:30:00";"RN";304;305,8;"PARNAMIRIM";"Desobediência às normas de trânsito pelo condutor";"Colisão traseira";"Com Vítimas Feridas";"Anoitecer";"Crescente";"Céu Claro";"Dupla";"Declive";"Não";2;0;2;0;0;0;2;2;-5,890122;-35,263519;"SPRF-RN";"DEL01-RN";"UOP02-DEL01-RN"
162617;2018-09-30;"domingo";"18:50:00";"RS";290;86,3;"PORTO ALEGRE";"Agressão Externa";"Tombamento";"Com Vítimas Feridas";"Plena Noite";"Crescente";"Nublado";"Simples";"Reta";"Sim";1;0;1;0;0;0;1;1;-29,96802198;-51,11972809;"SPRF-RS";"DEL01-RS";"UOP01-DEL01-RS"
162619;2018-09-30;"domingo";"18:50:00";"RN";406;113;"POCO BRANCO";"Deficiência ou não Acionamento do Sistema de Iluminação/Sinalização do Veículo";"Colisão traseira";"Com Vítimas Feridas";"Plena Noite";"Decrescente";"Céu Claro";"Simples";"Reta";"Não";2;0;1;0;1;0;1;2;-5,5666888;-35,72474957;"SPRF-RN";"DEL02-RN";"UOP01-DEL02-RN"
162622;2018-09-30;"domingo";"18:00:00";"ES";101;254,6;"SERRA";"Falta de Atenção à Condução";"Colisão traseira";"Sem Vítimas";"Anoitecer";"Crescente";"Céu Claro";"Simples";"Reta";"Sim";3;0;0;0;3;0;0;3;-20,11338675;-40,32269955;"SPRF-ES";"DEL02-ES";"UOP01-DEL02-ES"
162623;2018-09-30;"domingo";"15:30:00";"SC";101;314,5;"LAGUNA";"Falta de Atenção à Condução";"Colisão traseira";"Com Vítimas Feridas";"Pleno dia";"Decrescente";"Céu Claro";"Dupla";"Ponte";"Não";3;0;1;0;0;2;1;2;-28,43495894;-48,84366989;"SPRF-SC";"DEL02-SC";"UOP01-DEL02-SC"
162624;2018-09-30;"domingo";"19:00:00";"MG";40;711,2;"BARBACENA";"Falta de Atenção à Condução";"Tombamento";"Com Vítimas Feridas";"Plena Noite";"Crescente";"Nublado";"Dupla";"Reta";"Não";1;0;1;0;0;0;1;1;-21,25226698;-43,67275447;"SPRF-MG";"DEL05-MG";"UOP02-DEL05-MG"
162627;2018-09-30;"domingo";"19:00:00";"MG";381;244,3;"SANTANA DO PARAISO";"Animais na Pista";"Atropelamento de Animal";"Com Vítimas Feridas";"Plena Noite";"Crescente";"Ignorado";"Simples";"Reta";"Não";1;0;0;1;0;0;1;1;-19,4096925;-42,48812199;"SPRF-MG";"DEL06-MG";"UOP01-DEL06-MG"
162628;2018-09-30;"domingo";"18:50:00";"MG";365;626;"UBERLANDIA";"Falta de Atenção à Condução";"Colisão traseira";"Com Vítimas Feridas";"Plena Noite";"Decrescente";"Céu Claro";"Dupla";"Reta";"Sim";3;0;1;0;2;0;1;3;-18,9066;-48,2971;"SPRF-MG";"DEL15-MG";"UOP01-DEL15-MG"
162629;2018-09-30;"domingo";"19:15:00";"RJ";116;239;"PIRAI";"Velocidade Incompatível";"Colisão com objeto estático";"Com Vítimas Feridas";"Plena Noite";"Decrescente";"Nublado";"Dupla";"Curva";"Não";3;0;1;0;2;0;1;3;-22,61677;-43,93133;"SPRF-RJ";"DEL07-RJ";"UOP01-DEL07-RJ"
162630;2018-09-30;"domingo";"18:50:00";"PI";316;4,9;"TERESINA";"Ingestão de Álcool";"Colisão traseira";"Sem Vítimas";"Pleno dia";"Crescente";"Sol";"Dupla";"Reta";"Não";3;0;0;0;3;0;0;3;-5,14206641;-42,78172731;"SPRF-PI";"DEL01-PI";"UOP02-DEL01-PI"
162631;2018-09-30;"domingo";"17:10:00";"SC";282;304,7;"VARGEM";"Velocidade Incompatível";"Colisão frontal";"Com Vítimas Feridas";"Pleno dia";"Crescente";"Chuva";"Simples";"Curva";"Não";3;0;1;0;2;0;1;2;-27,5011334;-50,95101982;"SPRF-SC";"DEL07-SC";"UOP06-DEL07-SC"
162632;2018-09-30;"domingo";"18:20:00";"MG";381;402;"BOM JESUS DO AMPARO";"Ingestão de Álcool";"Saída de leito carroçável";"Com Vítimas Feridas";"Anoitecer";"Crescente";"Céu Claro";"Simples";"Reta";"Sim";1;0;0;1;0;0;1;1;-19,75224447;-43,47959518;"SPRF-MG";"DEL01-MG";"UOP01-DEL01-MG"
162633;2018-09-30;"domingo";"18:50:00";"PR";277;108,9;"CAMPO LARGO";"Falta de Atenção à Condução";"Colisão transversal";"Com Vítimas Feridas";"Plena Noite";"Crescente";"Nublado";"Dupla";"Curva";"Não";5;0;1;0;4;0;1;2;-25,43785875;-49,4457829;"SPRF-PR";"DEL01-PR";"UOP06-DEL01-PR"
162635;2018-09-30;"domingo";"20:30:00";"PA";316;6;"ANANINDEUA";"Falta de Atenção à Condução";"Colisão lateral";"Sem Vítimas";"Plena Noite";"Decrescente";"Céu Claro";"Dupla";"Reta";"Sim";2;0;0;0;2;0;0;2;-1,366236;-48,367805;"SPRF-PA";"DEL01-PA";"DEL19/1-UOP05/PA"
162636;2018-09-30;"domingo";"16:20:00";"MT";70;712;"CACERES";"Velocidade Incompatível";"Saída de leito carroçável";"Com Vítimas Feridas";"Pleno dia";"Crescente";"Nublado";"Simples";"Reta";"Não";1;0;1;0;0;0;1;1;-16,247595;-57,529385;"SPRF-MT";"DEL03-MT";"UOP01-DEL03-MT"
162637;2018-09-30;"domingo";"19:45:00";"MS";163;476;"CAMPO GRANDE";"Falta de Atenção do Pedestre";"Atropelamento de Pedestre";"Com Vítimas Feridas";"Plena Noite";"Decrescente";"Nublado";"Simples";"Reta";"Sim";2;0;0;1;0;1;1;2;-20,51189;-54,56067;"SPRF-MS";"DEL01-MS";"UOP01-DEL01-MS"
162639;2018-09-30;"domingo";"20:00:00";"SP";116;223;"GUARULHOS";"Ingestão de Álcool";"Colisão com objeto estático";"Sem Vítimas";"Plena Noite";"Decrescente";"Céu Claro";"Múltipla";"Reta";"Sim";1;0;0;0;1;0;0;1;-23,48173765;-46,5342772;"SPRF-SP";"DEL01-SP";"UOP01-DEL01-SP"
162640;2018-09-30;"domingo";"14:30:00";"SC";282;516;"XAXIM";"Velocidade Incompatível";"Saída de leito carroçável";"Com Vítimas Feridas";"Pleno dia";"Crescente";"Chuva";"Simples";"Curva";"Não";1;0;1;0;0;0;1;1;-26,930862;-52,499157;"SPRF-SC";"DEL07-SC";"UOP01-DEL07-SC"
162641;2018-09-30;"domingo";"20:35:00";"PR";116;97;"SAO JOSE DOS PINHAIS";"Pista Escorregadia";"Saída de leito carroçável";"Com Vítimas Feridas";"Plena Noite";"Crescente";"Chuva";"Múltipla";"Reta";"Não";2;0;2;0;0;0;2;1;-25,52679714;-49,14062932;"SPRF-PR";"DEL01-PR";"UOP01-DEL01-PR"
162642;2018-09-30;"domingo";"08:45:00";"PA";163;1000;"SANTAREM";"Ingestão de Álcool";"Atropelamento de Pedestre";"Com Vítimas Feridas";"Plena Noite";"Decrescente";"Céu Claro";"Simples";"Reta";"Sim";3;0;2;0;1;0;2;2;-2,46694482;-54,72800195;"SPRF-PA";"DEL05-PA";"UOP01-DEL05-PA"
162644;2018-09-30;"domingo";"20:30:00";"PI";343;597;"FLORIANO";"Ingestão de Álcool";"Colisão com objeto estático";"Sem Vítimas";"Plena Noite";"Crescente";"Céu Claro";"Dupla";"Reta";"Sim";2;0;0;0;2;0;0;2;-6,812184;-43,056244;"SPRF-PI";"DEL03-PI";"UOP01-DEL03-PI"
162645;2018-09-30;"domingo";"17:20:00";"MA";135;78,4;"SANTA RITA";"Defeito na Via";"Colisão lateral";"Com Vítimas Feridas";"Pleno dia";"Decrescente";"Céu Claro";"Simples";"Reta";"Sim";2;0;1;0;1;0;1;2;-3,24198204;-44,37652588;"SPRF-MA";"DEL01-MA";"UOP02-DEL01-MA"
162646;2018-09-30;"domingo";"21:00:00";"BA";324;523;"FEIRA DE SANTANA";"Ingestão de Álcool";"Queda de ocupante de veículo";"Com Vítimas Feridas";"Plena Noite";"Decrescente";"Nublado";"Dupla";"Reta";"Não";1;0;1;0;0;0;1;1;-12,3017807;-38,8966381;"SPRF-BA";"DEL01-BA";"UOP01-DEL01-BA"
162647;2018-09-30;"domingo";"20:45:00";"RN";406;171;"NATAL";"Ingestão de Álcool";"Colisão traseira";"Sem Vítimas";"Pleno dia";"Decrescente";"Céu Claro";"Dupla";"Curva";"Sim";2;0;0;0;2;0;0;2;-5,76275923;-35,2881664;"SPRF-RN";"DEL02-RN";"UOP01-DEL02-RN"
162648;2018-09-30;"domingo";"21:25:00";"ES";262;31,7;"DOMINGOS MARTINS";"Condutor Dormindo";"Tombamento";"Sem Vítimas";"Anoitecer";"Crescente";"Céu Claro";"Simples";"Curva";"Não";1;0;0;0;1;0;0;1;-20,38025224;-40,59664169;"SPRF-ES";"DEL01-ES";"UOP01-DEL01-ES"
162649;2018-09-30;"domingo";"21:10:00";"SP";116;228;"SAO PAULO";"Defeito Mecânico no Veículo";"Incêndio";"Sem Vítimas";"Plena Noite";"Crescente";"Nublado";"Múltipla";"Reta";"Não";1;0;0;0;1;0;0;1;-23,46322304;-46,49475217;"SPRF-SP";"DEL01-SP";"UOP01-DEL01-SP"
162650;2018-09-30;"domingo";"20:20:00";"PR";369;178;"ROLANDIA";"Ingestão de Álcool";"Colisão traseira";"Sem Vítimas";"Plena Noite";"Decrescente";"Céu Claro";"Simples";"Reta";"Sim";2;0;0;0;2;0;0;2;-23,33697574;-51,38828494;"SPRF-PR";"DEL07-PR";"UOP01-DEL07-PR"
162651;2018-09-30;"domingo";"21:30:00";"RJ";116;277;"BARRA MANSA";"Pista Escorregadia";"Capotamento";"Sem Vítimas";"Plena Noite";"Decrescente";"Chuva";"Dupla";"Reta";"Não";1;0;0;0;1;0;0;1;-22,559055;-44,17284;"SPRF-RJ";"DEL07-RJ";"UOP02-DEL07-RJ"
162652;2018-09-30;"domingo";"19:00:00";"PE";101;44,6;"IGARASSU";"Desobediência às normas de trânsito pelo condutor";"Queda de ocupante de veículo";"Sem Vítimas";"Plena Noite";"Decrescente";"Nevoeiro/Neblina";"Múltipla";"Reta";"Sim";1;0;0;0;0;1;0;1;-7,864;-34,9073;"SPRF-PE";"DEL01-PE";"UOP02-DEL01-PE"
162653;2018-09-30;"domingo";"22:00:00";"PR";376;177;"MARINGA";"Não guardar distância de segurança";"Colisão traseira";"Com Vítimas Feridas";"Plena Noite";"Crescente";"Céu Claro";"Dupla";"Reta";"Sim";2;0;0;1;1;0;1;2;-23,41381192;-51,92928314;"SPRF-PR";"DEL07-PR";"UOP01-DEL09-PR"
162654;2018-09-30;"domingo";"20:22:00";"SE";235;56,7;"ITABAIANA";"Desobediência às normas de trânsito pelo condutor";"Colisão frontal";"Com Vítimas Feridas";"Plena Noite";"Crescente";"Céu Claro";"Simples";"Reta";"Não";2;0;1;0;0;1;1;2;-10,658644;-37,448425;"SPRF-SE";"DEL01-SE";"UOP02-DEL01-SE"
162655;2018-09-30;"domingo";"20:45:00";"MA";316;173,7;"ARAGUANA";"Falta de Atenção à Condução";"Colisão lateral";"Com Vítimas Fatais";"Plena Noite";"Crescente";"Céu Claro";"Simples";"Reta";"Não";2;1;0;0;0;1;0;2;-3,052614;-45,637413;"SPRF-MA";"DEL02-MA";"UOP02-DEL02-MA"
162656;2018-09-30;"domingo";"22:20:00";"PB";230;71;"SOBRADO";"Ingestão de Álcool";"Colisão traseira";"Sem Vítimas";"Plena Noite";"Decrescente";"Céu Claro";"Dupla";"Interseção de Vias;Reta";"Sim";15;0;0;0;15;0;0;2;-7,19165845;-35,23290541;"SPRF-PB";"DEL01-PB";"UOP03-DEL01-PB"
162657;2018-09-30;"domingo";"22:20:00";"RJ";116;325;"ITATIAIA";"Falta de Atenção à Condução";"Colisão com objeto estático";"Com Vítimas Feridas";"Plena Noite";"Crescente";"Chuva";"Dupla";"Curva";"Sim";3;0;1;0;2;0;1;1;-22,495203;-44,570347;"SPRF-RJ";"DEL07-RJ";"DEL5/7-UOP03/RJ"
162658;2018-09-30;"domingo";"22:00:00";"GO";60;191,6;"GUAPO";"Condutor Dormindo";"Saída de leito carroçável";"Com Vítimas Feridas";"Plena Noite";"Decrescente";"Nublado";"Dupla";"Curva";"Não";2;0;2;0;0;0;2;1;-16,849265;-49,560444;"SPRF-GO";"DEL01-GO";"UOP02-DEL01-GO"
162659;2018-09-30;"domingo";"22:35:00";"PR";369;155;"LONDRINA";"Ingestão de Álcool";"Colisão traseira";"Com Vítimas Feridas";"Plena Noite";"Crescente";"Nublado";"Dupla";"Interseção de Vias";"Sim";2;0;0;1;1;0;1;2;-23,29559459;-51,20825171;"SPRF-PR";"DEL07-PR";"UOP01-DEL07-PR"
162664;2018-09-30;"domingo";"11:00:00";"SP";116;2;"GUARULHOS";"Falta de Atenção à Condução";"Colisão lateral";"Com Vítimas Feridas";"Pleno dia";"Decrescente";"Sol";"Dupla";"Curva";"Sim";2;0;1;0;1;0;1;2;-23,4228497;-46,48444176;"SPRF-SP";"DEL01-SP";"UOP01-DEL01-SP"
162665;2018-09-30;"domingo";"23:30:00";"PA";316;8;"ANANINDEUA";"Falta de Atenção do Pedestre";"Atropelamento de Pedestre";"Com Vítimas Feridas";"Plena Noite";"Crescente";"Céu Claro";"Dupla";"Reta";"Sim";4;0;1;1;0;2;2;3;-1,3752629;-48,3829232;"SPRF-PA";"DEL01-PA";"DEL19/1-UOP05/PA"
162666;2018-09-30;"domingo";"23:20:00";"PE";101;43,5;"IGARASSU";"Velocidade Incompatível";"Colisão com objeto estático";"Com Vítimas Feridas";"Plena Noite";"Crescente";"Céu Claro";"Múltipla";"Reta";"Sim";2;0;1;0;1;0;1;1;-7,8543;-34,9087;"SPRF-PE";"DEL01-PE";"UOP02-DEL01-PE"
162667;2018-10-01;"segunda-feira";"00:04:00";"RN";101;110,4;"PARNAMIRIM";"Animais na Pista";"Atropelamento de Animal";"Com Vítimas Feridas";"Plena Noite";"Crescente";"Céu Claro";"Dupla";"Reta";"Não";1;0;1;0;0;0;1;1;-5,94780521;-35,26476145;"SPRF-RN";"DEL01-RN";"UOP01-DEL01-RN"
162668;2018-10-01;"segunda-feira";"00:20:00";"RN";304;54,8;"MOSSORO";"Animais na Pista";"Atropelamento de Animal";"Com Vítimas Feridas";"Plena Noite";"Decrescente";"Céu Claro";"Simples";"Reta";"Não";2;0;1;0;1;0;1;1;-5,28203301;-37,29227543;"SPRF-RN";"DEL04-RN";"UOP01-DEL04-RN"
162669;2018-10-01;"segunda-feira";"00:05:00";"MG";381;821;"CAREACU";"Velocidade Incompatível";"Saída de leito carroçável";"Com Vítimas Feridas";"Plena Noite";"Crescente";"Chuva";"Dupla";"Reta";"Não";2;0;1;0;1;0;1;1;-22,0854;-45,7026;"SPRF-MG";"DEL16-MG";"UOP02-DEL16-MG"
162670;2018-09-30;"domingo";"22:35:00";"MT";163;717;"SORRISO";"Velocidade Incompatível";"Colisão traseira";"Sem Vítimas";"Plena Noite";"Crescente";"Nublado";"Simples";"Curva";"Não";2;0;0;0;2;0;0;2;-12,83992087;-55,82427979;"SPRF-MT";"DEL06-MT";"UOP01-DEL06-MT"
162671;2018-10-01;"segunda-feira";"00:12:00";"MG";50;178,8;"UBERABA";"Falta de Atenção à Condução";"Saída de leito carroçável";"Com Vítimas Feridas";"Plena Noite";"Decrescente";"Chuva";"Dupla";"Desvio Temporário";"Sim";1;0;0;1;0;0;1;1;-19,7783;-47,9318;"SPRF-MG";"DEL13-MG";"UOP01-DEL13-MG"
162674;2018-10-01;"segunda-feira";"01:30:00";"RJ";116;173,7;"BELFORD ROXO";"Desobediência às normas de trânsito pelo condutor";"Colisão traseira";"Com Vítimas Feridas";"Plena Noite";"Crescente";"Nublado";"Múltipla";"Reta";"Sim";3;0;2;0;1;0;2;2;-22,77008775;-43,40778977;"SPRF-RJ";"DEL01-RJ";"UOP02-DEL01-RJ"
162676;2018-10-01;"segunda-feira";"01:40:00";"RS";101;4;"TORRES";"Condutor Dormindo";"Saída de leito carroçável";"Com Vítimas Feridas";"Plena Noite";"Decrescente";"Céu Claro";"Dupla";"Reta";"Não";4;0;2;0;2;0;2;1;-29,332241;-49,785091;"SPRF-RS";"DEL03-RS";"DEL9/3-UOP03/RS"
162679;2018-10-01;"segunda-feira";"02:20:00";"MG";262;814;"UBERABA";"Pista Escorregadia";"Saída de leito carroçável";"Sem Vítimas";"Plena Noite";"Decrescente";"Chuva";"Dupla";"Retorno Regulamentado;Curva";"Sim";1;0;0;0;0;1;0;1;-19,761967;-48,016506;"SPRF-MG";"DEL13-MG";"UOP01-DEL13-MG"
162680;2018-10-01;"segunda-feira";"03:25:00";"SC";101;345,9;"TUBARAO";"Falta de Atenção à Condução";"Saída de leito carroçável";"Com Vítimas Feridas";"Plena Noite";"Crescente";"Garoa/Chuvisco";"Dupla";"Reta";"Não";4;0;3;0;1;0;3;1;-28,5542;-49,054;"SPRF-SC";"DEL02-SC";"UOP01-DEL02-SC"
162681;2018-09-30;"domingo";"21:20:00";"PI";316;6,8;"TERESINA";"Ingestão de Álcool";"Colisão frontal";"Com Vítimas Feridas";"Plena Noite";"Crescente";"Céu Claro";"Simples";"Reta";"Sim";2;0;1;0;1;0;1;2;-5,15653463;-42,77146686;"SPRF-PI";"DEL01-PI";"UOP02-DEL01-PI"
162682;2018-10-01;"segunda-feira";"03:00:00";"PR";153;305,5;"IMBITUVA";"Animais na Pista";"Atropelamento de Animal";"Com Vítimas Feridas";"Plena Noite";"Crescente";"Nublado";"Simples";"Reta";"Não";2;0;1;0;1;0;1;1;-25,259619;-50,640388;"SPRF-PR";"DEL03-PR";"UOP02-DEL08-PR"
162685;2018-10-01;"segunda-feira";"05:00:00";"PR";163;309;"MERCEDES";"Mal Súbito";"Colisão com objeto estático";"Com Vítimas Fatais";"Pleno dia";"Crescente";"Céu Claro";"Simples";"Reta";"Não";2;1;0;0;1;0;0;1;-24,44214882;-54,16500092;"SPRF-PR";"DEL06-PR";"UOP02-DEL06-PR"
162687;2018-09-30;"domingo";"22:30:00";"BA";101;690;"EUNAPOLIS";"Falta de Atenção à Condução";"Saída de leito carroçável";"Com Vítimas Feridas";"Plena Noite";"Decrescente";"Céu Claro";"Simples";"Reta";"Não";1;0;1;0;0;0;1;1;-16,1442;-39,5982;"SPRF-BA";"DEL09-BA";"UOP01-DEL09-BA"
162688;2018-10-01;"segunda-feira";"06:45:00";"DF";40;5;"BRASILIA";"Falta de Atenção à Condução";"Colisão lateral";"Com Vítimas Feridas";"Amanhecer";"Decrescente";"Céu Claro";"Dupla";"Reta";"Sim";2;0;1;0;1;0;1;2;-16,020903;-47,980541;"SPRF-DF";"DEL01-DF";"UOP01-DEL01-DF"
162690;2018-10-01;"segunda-feira";"07:00:00";"SC";101;50;"JOINVILLE";"Falta de Atenção à Condução";"Tombamento";"Com Vítimas Feridas";"Pleno dia";"Decrescente";"Céu Claro";"Simples";"Reta";"Não";1;0;0;1;0;0;1;1;-26,4036;-48,839;"SPRF-SC";"DEL03-SC";"UOP01-DEL03-SC"
162692;2018-10-01;"segunda-feira";"07:35:00";"ES";101;134,8;"LINHARES";"Avarias e/ou desgaste excessivo no pneu";"Queda de ocupante de veículo";"Com Vítimas Feridas";"Pleno dia";"Crescente";"Céu Claro";"Simples";"Reta";"Não";1;0;1;0;0;0;1;1;-19,24559997;-40,09104252;"SPRF-ES";"DEL04-ES";"UOP01-DEL04-ES"
162693;2018-10-01;"segunda-feira";"07:50:00";"PR";369;147;"LONDRINA";"Falta de Atenção à Condução";"Colisão traseira";"Com Vítimas Feridas";"Pleno dia";"Crescente";"Céu Claro";"Dupla";"Reta";"Sim";2;0;1;0;0;1;1;2;-23,29288467;-51,139242;"SPRF-PR";"DEL07-PR";"UOP01-DEL07-PR"
162694;2018-10-01;"segunda-feira";"07:44:00";"PE";101;45;"IGARASSU";"Falta de Atenção à Condução";"Colisão traseira";"Com Vítimas Feridas";"Pleno dia";"Crescente";"Céu Claro";"Múltipla";"Reta";"Sim";2;0;1;0;1;0;1;2;-7,8728;-34,9061;"SPRF-PE";"DEL01-PE";"UOP02-DEL01-PE"
162695;2018-10-01;"segunda-feira";"07:30:00";"MG";40;526;"CONTAGEM";"Falta de Atenção à Condução";"Colisão traseira";"Com Vítimas Feridas";"Pleno dia";"Decrescente";"Céu Claro";"Simples";"Reta";"Sim";2;0;1;0;1;0;1;2;-19,9054;-44,0476;"SPRF-MG";"DEL01-MG";"UOP03-DEL01-MG"
162696;2018-10-01;"segunda-feira";"08:00:00";"PB";230;23,6;"JOAO PESSOA";"Desobediência às normas de trânsito pelo condutor";"Colisão transversal";"Com Vítimas Feridas";"Pleno dia";"Decrescente";"Sol";"Dupla";"Declive;Viaduto;Interseção de Vias";"Sim";2;0;1;0;1;0;1;2;-7,16342622;-34,86150742;"SPRF-PB";"DEL01-PB";"UOP01-DEL01-PB"
162697;2018-10-01;"segunda-feira";"08:15:00";"MG";116;411;"GOVERNADOR VALADARES";"Desobediência às normas de trânsito pelo condutor";"Colisão lateral";"Com Vítimas Feridas";"Pleno dia";"Decrescente";"Céu Claro";"Dupla";"Reta";"Sim";2;0;1;0;1;0;1;2;-18,8608482;-41,9742647;"SPRF-MG";"DEL06-MG";"UOP01-DEL06-MG"
162698;2018-09-30;"domingo";"17:30:00";"PR";153;367;"RIO AZUL";"Ingestão de Álcool";"Colisão lateral";"Sem Vítimas";"Anoitecer";"Crescente";"Chuva";"Simples";"Reta";"Sim";2;0;0;0;2;0;0;2;-25,708061;-50,783958;"SPRF-PR";"DEL03-PR";"UOP02-DEL08-PR"
162699;2018-10-01;"segunda-feira";"06:50:00";"BA";116;418,2;"FEIRA DE SANTANA";"Desobediência às normas de trânsito pelo condutor";"Colisão lateral";"Com Vítimas Feridas";"Pleno dia";"Decrescente";"Céu Claro";"Simples";"Reta";"Sim";2;0;0;1;1;0;1;2;-12,19599589;-38,96526575;"SPRF-BA";"DEL02-BA";"UOP01-DEL02-BA"
162702;2018-10-01;"segunda-feira";"08:15:00";"RS";116;147;"CAXIAS DO SUL";"Não guardar distância de segurança";"Colisão traseira";"Com Vítimas Feridas";"Pleno dia";"Decrescente";"Céu Claro";"Dupla";"Reta";"Sim";2;0;1;0;1;0;1;2;-29,149075;-51,14299;"SPRF-RS";"DEL05-RS";"UOP01-DEL05-RS"
162703;2018-10-01;"segunda-feira";"07:20:00";"PR";369;194;"ARAPONGAS";"Condutor Dormindo";"Saída de leito carroçável";"Com Vítimas Feridas";"Pleno dia";"Decrescente";"Céu Claro";"Dupla";"Reta";"Não";1;0;1;0;0;0;1;1;-23,488415;-51,423554;"SPRF-PR";"DEL07-PR";"UOP03-DEL07-PR"
162704;2018-10-01;"segunda-feira";"08:00:00";"MG";381;497;"BETIM";"Falta de Atenção à Condução";"Colisão transversal";"Com Vítimas Feridas";"Pleno dia";"Crescente";"Nublado";"Simples";"Reta";"Sim";2;0;1;0;1;0;1;2;-19,9874;-44,2038;"SPRF-MG";"DEL01-MG";"UOP03-DEL01-MG"
162705;2018-10-01;"segunda-feira";"08:30:00";"PR";277;70;"SAO JOSE DOS PINHAIS";"Animais na Pista";"Atropelamento de Animal";"Com Vítimas Feridas";"Pleno dia";"Decrescente";"Céu Claro";"Dupla";"Reta";"Sim";1;0;0;1;0;0;1;1;-25,51537675;-49,11952516;"SPRF-PR";"DEL01-PR";"UOP07-DEL01-PR"
162706;2018-10-01;"segunda-feira";"07:50:00";"MG";381;484,6;"BETIM";"Falta de Atenção à Condução";"Colisão traseira";"Com Vítimas Feridas";"Pleno dia";"Decrescente";"Céu Claro";"Dupla";"Reta;Aclive";"Sim";3;0;2;0;1;0;2;2;-19,9557;-44,0964;"SPRF-MG";"DEL01-MG";"UOP03-DEL01-MG"
162712;2018-10-01;"segunda-feira";"09:50:00";"MG";381;614,3;"OLIVEIRA";"Animais na Pista";"Colisão lateral";"Com Vítimas Feridas";"Pleno dia";"Decrescente";"Nublado";"Dupla";"Curva";"Não";2;0;1;0;1;0;1;2;-20,7148;-44,7633;"SPRF-MG";"DEL04-MG";"UOP01-DEL04-MG"
162713;2018-10-01;"segunda-feira";"09:20:00";"ES";101;174;"ARACRUZ";"Falta de Atenção à Condução";"Colisão transversal";"Com Vítimas Feridas";"Pleno dia";"Decrescente";"Sol";"Simples";"Reta";"Sim";2;0;1;0;0;1;1;2;-19,58696273;-40,19210815;"SPRF-ES";"DEL04-ES";"UOP01-DEL04-ES"
162714;2018-10-01;"segunda-feira";"09:40:00";"PR";376;590;"CURITIBA";"Avarias e/ou desgaste excessivo no pneu";"Tombamento";"Com Vítimas Feridas";"Pleno dia";"Crescente";"Céu Claro";"Dupla";"Reta";"Sim";2;0;2;0;0;0;2;1;-25,45856171;-49,35984492;"SPRF-PR";"DEL01-PR";"UOP06-DEL01-PR"
162715;2018-09-03;"segunda-feira";"23:26:00";"PR";376;489,3;"PONTA GROSSA";"Falta de Atenção do Pedestre";"Atropelamento de Pedestre";"Com Vítimas Fatais";"Plena Noite";"Decrescente";"Garoa/Chuvisco";"Dupla";"Reta";"Sim";3;1;1;0;0;1;1;2;-25,09980782;-50,19730175;"SPRF-PR";"DEL03-PR";"UOP04-DEL03-PR"
162716;2018-10-01;"segunda-feira";"09:30:00";"SP";116;225;"GUARULHOS";"Não guardar distância de segurança";"Colisão traseira";"Com Vítimas Feridas";"Pleno dia";"Crescente";"Nublado";"Múltipla";"Reta";"Sim";2;0;1;0;1;0;1;2;-23,48983018;-46,54748708;"SPRF-SP";"DEL01-SP";"UOP01-DEL01-SP"
162718;2018-10-01;"segunda-feira";"08:20:00";"PI";316;313;"PICOS";"Desobediência às normas de trânsito pelo condutor";"Colisão transversal";"Com Vítimas Feridas";"Pleno dia";"Decrescente";"Sol";"Simples";"Reta";"Sim";2;0;1;0;1;0;1;2;-7,07925838;-41,44894302;"SPRF-PI";"DEL04-PI";"UOP01-DEL04-PI"
162721;2018-09-28;"sexta-feira";"08:00:00";"BA";101;474,8;"URUCUCA";"Falta de Atenção à Condução";"Colisão lateral";"Com Vítimas Feridas";"Pleno dia";"Decrescente";"Céu Claro";"Simples";"Interseção de Vias";"Não";2;0;1;1;0;0;2;2;-14,546;-39,3373;"SPRF-BA";"DEL05-BA";"UOP01-DEL05-BA"
162722;2018-10-01;"segunda-feira";"10:30:00";"ES";101;265,9;"SERRA";"Não guardar distância de segurança";"Colisão traseira";"Com Vítimas Feridas";"Pleno dia";"Crescente";"Céu Claro";"Múltipla";"Reta";"Sim";3;0;1;0;2;0;1;3;-20,19040264;-40,26864767;"SPRF-ES";"DEL02-ES";"UOP01-DEL02-ES"
162723;2018-10-01;"segunda-feira";"10:15:00";"PR";277;6,6;"PARANAGUA";"Desobediência às normas de trânsito pelo condutor";"Colisão transversal";"Com Vítimas Feridas";"Pleno dia";"Crescente";"Sol";"Dupla";"Interseção de Vias";"Sim";2;0;1;0;1;0;1;2;-25,5205;-48,5095;"SPRF-PR";"DEL01-PR";"UOP05-DEL01-PR"