"id";"data_inversa";"dia_semana";"horario";"uf";"br";"km";"municipio";"causa_acidente";"tipo_acidente";"classificacao_acidente";"fase_dia";"sentido_via";"condicao_metereologica";"tipo_pista";"tracado_via";"uso_solo";"pessoas";"mortos";"feridos_leves";"feridos_graves";"ilesos";"ignorados";"feridos";"veiculos";"latitude";"longitude";"regional";"delegacia";"uop"
163120;2018-10-03;"quarta-feira";"15:30:00";"MS";267;172;"NOVA ALVORADA DO SUL";"Pista Escorregadia";"Capotamento";"Com Vítimas Feridas";"Pleno dia";"Decrescente";"Chuva";"Simples";"Reta";"Não";2;0;2;0;0;0;2;1;-21,617751;-53,692297;"SPRF-MS";"DEL02-MS";"DEL3/7-UOP02/MS"
163121;2018-10-03;"quarta-feira";"16:30:00";"SP";116;509;"CAJATI";"Pista Escorregadia";"Atropelamento de Pedestre";"Com Vítimas Feridas";"Pleno dia";"Decrescente";"Chuva";"Simples";"Declive;Curva";"Não";6;0;0;1;5;0;1;2;-24,81958534;-48,21141243;"SPRF-SP";"DEL05-SP";"UAP01-DEL05-SP"
163122;2018-10-03;"quarta-feira";"16:58:00";"SC";101;201;"SAO JOSE";"Desobediência às normas de trânsito pelo condutor";"Colisão transversal";"Com Vítimas Feridas";"Pleno dia";"Crescente";"Céu Claro";"Dupla";"Interseção de Vias";"Sim";2;0;1;0;1;0;1;2;-27,54621419;-48,62018455;"SPRF-SC";"DEL01-SC";"UOP01-DEL01-SC"
163123;2018-10-03;"quarta-feira";"17:15:00";"MG";381;349;"JOAO MONLEVADE";"Velocidade Incompatível";"Colisão frontal";"Com Vítimas Feridas";"Pleno dia";"Crescente";"Sol";"Simples";"Curva";"Não";2;0;0;1;1;0;1;2;-19,85847598;-43,10718119;"SPRF-MG";"DEL03-MG";"UOP01-DEL03-MG"
163125;2018-10-03;"quarta-feira";"16:30:00";"SC";470;139,8;"RIO DO SUL";"Desobediência às normas de trânsito pelo condutor";"Colisão transversal";"Com Vítimas Feridas";"Pleno dia";"Decrescente";"Chuva";"Simples";"Viaduto";"Sim";3;0;1;0;2;0;1;2;-27,22186268;-49,66184288;"SPRF-SC";"DEL04-SC";"UOP02-DEL04-SC"
163129;2018-06-30;"sábado";"17:50:00";"PR";376;87,1;"PARANAVAI";"Velocidade Incompatível";"Colisão com objeto estático";"Com Vítimas Feridas";"Pleno dia";"Crescente";"Céu Claro";"Simples";"Reta;Interseção de Vias";"Não";2;0;0;1;0;1;1;2;-23,01481031;-52,51430511;"SPRF-PR";"DEL07-PR";"UOP02-DEL09-PR"
163130;2018-10-03;"quarta-feira";"16:30:00";"RO";364;307,7;"PRESIDENTE MEDICI";"Falta de Atenção à Condução";"Colisão lateral";"Com Vítimas Feridas";"Pleno dia";"Decrescente";"Céu Claro";"Simples";"Reta";"Sim";2;0;0;1;1;0;1;2;-11,17259185;-61,90181136;"SPRF-RO";"DEL02-RO";"UOP01-DEL02-RO"
163132;2018-10-03;"quarta-feira";"17:30:00";"RJ";101;59;"CAMPOS DOS GOYTACAZES";"Falta de Atenção à Condução";"Colisão com objeto em movimento";"Com Vítimas Feridas";"Anoitecer";"Decrescente";"Céu Claro";"Simples";"Interseção de Vias";"Sim";3;0;2;0;0;1;2;2;-21,71364;-41,308613;"SPRF-RJ";"DEL08-RJ";"UOP01-DEL08-RJ"
163134;2018-10-03;"quarta-feira";"17:40:00";"CE";116;502,9;"BREJO SANTO";"Falta de Atenção do Pedestre";"Atropelamento de Pedestre";"Com Vítimas Feridas";"Anoitecer";"Crescente";"Céu Claro";"Simples";"Reta";"Sim";2;0;0;2;0;0;2;2;-7,49709;-38,98458;"SPRF-CE";"DEL05-CE";"UOP03-DEL05-CE"
163135;2018-10-03;"quarta-feira";"17:20:00";"PB";230;23,1;"JOAO PESSOA";"Falta de Atenção à Condução";"Tombamento";"Com Vítimas Feridas";"Anoitecer";"Crescente";"Céu Claro";"Dupla";"Reta";"Sim";2;0;0;1;1;0;1;2;-7,1562;-34,8574;"SPRF-PB";"DEL01-PB";"UOP01-DEL01-PB"
163136;2018-10-03;"quarta-feira";"15:10:00";"MG";40;44,4;"PARACATU";"Desobediência às normas de trânsito pelo condutor";"Colisão transversal";"Com Vítimas Feridas";"Pleno dia";"Decrescente";"Sol";"Simples";"Reta";"Sim";4;0;2;0;2;0;2;2;-17,23486212;-46,84776306;"SPRF-MG";"DEL14-MG";"UOP01-DEL14-MG"
163139;2018-08-28;"terça-feira";"07:10:00";"PI";343;338,5;"TERESINA";"Falta de Atenção à Condução";"Colisão frontal";"Com Vítimas Feridas";"Pleno dia";"Decrescente";"Céu Claro";"Simples";"Reta";"Não";3;0;1;1;1;0;2;2;-5,06507161;-42,72738039;"SPRF-PI";"DEL01-PI";"UOP01-DEL01-PI"
163140;2018-10-03;"quarta-feira";"15:47:00";"RJ";101;321;"NITEROI";"Defeito Mecânico no Veículo";"Colisão lateral";"Com Vítimas Feridas";"Pleno dia";"Decrescente";"Céu Claro";"Dupla";"Reta";"Não";2;0;1;0;1;0;1;2;-22,869852;-43,110458;"SPRF-RJ";"DEL02-RJ";"UOP02-DEL02-RJ"
163141;2018-10-03;"quarta-feira";"17:40:00";"SP";116;99,4;"PINDAMONHANGABA";"Fenômenos da Natureza";"Tombamento";"Com Vítimas Feridas";"Anoitecer";"Decrescente";"Chuva";"Dupla";"Reta";"Não";2;0;1;0;1;0;1;2;-22,98237;-45,464367;"SPRF-SP";"DEL06-SP";"UOP01-DEL06-SP"
163143;2018-10-03;"quarta-feira";"18:00:00";"RJ";116;267,5;"BARRA MANSA";"Falta de Atenção à Condução";"Saída de leito carroçável";"Com Vítimas Feridas";"Plena Noite";"Decrescente";"Chuva";"Dupla";"Curva";"Não";1;0;1;0;0;0;1;1;-22,560883;-44,122238;"SPRF-RJ";"DEL07-RJ";"UOP02-DEL07-RJ"
163145;2018-10-03;"quarta-feira";"18:20:00";"SC";101;338,2;"TUBARAO";"Falta de Atenção à Condução";"Saída de leito carroçável";"Sem Vítimas";"Anoitecer";"Decrescente";"Chuva";"Dupla";"Declive;Curva";"Sim";3;0;0;0;3;0;0;1;-28,48979684;-49,03847152;"SPRF-SC";"DEL02-SC";"UOP01-DEL02-SC"
163146;2018-08-27;"segunda-feira";"22:20:00";"MG";116;704;"MURIAE";"Falta de Atenção à Condução";"Tombamento";"Com Vítimas Feridas";"Plena Noite";"Crescente";"Chuva";"Simples";"Interseção de Vias";"Sim";1;0;0;1;0;0;1;1;-21,12485503;-42,38136208;"SPRF-MG";"DEL07-MG";"UOP02-DEL07-MG"
163148;2018-10-03;"quarta-feira";"18:30:00";"PR";277;707,8;"SANTA TEREZINHA DE ITAIPU";"Defeito Mecânico no Veículo";"Incêndio";"Sem Vítimas";"Anoitecer";"Crescente";"Céu Claro";"Dupla";"Aclive;Reta";"Sim";1;0;0;0;1;0;0;1;-25,43906;-54,386517;"SPRF-PR";"DEL05-PR";"UOP01-DEL05-PR"
163149;2018-10-03;"quarta-feira";"18:40:00";"PE";424;95;"GARANHUNS";"Animais na Pista";"Atropelamento de Animal";"Com Vítimas Feridas";"Plena Noite";"Crescente";"Nublado";"Simples";"Curva;Declive";"Não";1;0;1;0;0;0;1;1;-8,92513782;-36,48952246;"SPRF-PE";"DEL03-PE";"UOP01-DEL03-PE"
163151;2018-10-03;"quarta-feira";"16:40:00";"PI";316;80,4;"AGRICOLANDIA";"Defeito Mecânico no Veículo";"Colisão traseira";"Com Vítimas Feridas";"Pleno dia";"Decrescente";"Céu Claro";"Simples";"Curva";"Não";2;0;1;0;1;0;1;2;-5,74990685;-42,61819839;"SPRF-PI";"DEL01-PI";"UOP02-DEL01-PI"
163152;2018-10-03;"quarta-feira";"18:45:00";"SP";116;219;"GUARULHOS";"Não guardar distância de segurança";"Colisão traseira";"Com Vítimas Feridas";"Plena Noite";"Crescente";"Garoa/Chuvisco";"Múltipla";"Declive";"Sim";2;0;1;0;1;0;1;2;-23,46198658;-46,48796082;"SPRF-SP";"DEL01-SP";"UOP01-DEL01-SP"
163153;2018-10-03;"quarta-feira";"17:15:00";"PR";376;176;"MARINGA";"Não guardar distância de segurança";"Colisão traseira";"Com Vítimas Feridas";"Pleno dia";"Crescente";"Céu Claro";"Dupla";"Reta";"Sim";2;0;1;0;1;0;1;2;-23,41117529;-51,93614812;"SPRF-PR";"DEL07-PR";"UOP01-DEL09-PR"
163154;2018-10-03;"quarta-feira";"16:35:00";"PR";376;172,8;"MARINGA";"Falta de Atenção à Condução";"Queda de ocupante de veículo";"Com Vítimas Feridas";"Pleno dia";"Decrescente";"Chuva";"Simples";"Rotatória";"Não";1;0;1;0;0;0;1;1;-23,41914802;-51,97254181;"SPRF-PR";"DEL07-PR";"UOP01-DEL09-PR"
163155;2018-10-03;"quarta-feira";"18:10:00";"RJ";356;158;"CAMPOS DOS GOYTACAZES";"Falta de Atenção do Pedestre";"Colisão lateral";"Com Vítimas Fatais";"Plena Noite";"Crescente";"Céu Claro";"Simples";"Reta";"Não";2;1;0;0;1;0;0;2;-21,718328;-41,109524;"SPRF-RJ";"DEL08-RJ";"UOP02-DEL08-RJ"
163159;2018-08-27;"segunda-feira";"10:25:00";"BA";101;263;"SANTO ANTONIO DE JESUS";"Falta de Atenção à Condução";"Colisão transversal";"Com Vítimas Feridas";"Pleno dia";"Crescente";"Céu Claro";"Simples";"Reta";"Sim";1;0;0;1;0;0;1;1;-12,96310593;-39,27167487;"SPRF-BA";"DEL01-BA";"UOP02-DEL01-BA"
163160;2018-10-03;"quarta-feira";"19:46:00";"SC";470;36,2;"GASPAR";"Falta de Atenção à Condução";"Colisão transversal";"Sem Vítimas";"Plena Noite";"Decrescente";"Garoa/Chuvisco";"Simples";"Reta";"Não";2;0;0;0;2;0;0;2;-26,91380974;-48,97292797;"SPRF-SC";"DEL04-SC";"UOP01-DEL04-SC"
163162;2018-10-03;"quarta-feira";"16:30:00";"MT";163;538,7;"DIAMANTINO";"Ultrapassagem Indevida";"Colisão lateral";"Sem Vítimas";"Pleno dia";"Crescente";"Sol";"Simples";"Reta";"Não";2;0;0;0;2;0;0;2;-14,22445102;-56,10168457;"SPRF-MT";"DEL01-MT";"UOP01-DEL01-MT"
163167;2018-10-03;"quarta-feira";"20:45:00";"SC";280;25,7;"ARAQUARI";"Velocidade Incompatível";"Saída de leito carroçável";"Com Vítimas Feridas";"Plena Noite";"Crescente";"Garoa/Chuvisco";"Simples";"Reta";"Sim";2;0;1;0;1;0;1;1;-26,3895631;-48,73388079;"SPRF-SC";"DEL03-SC";"UOP03-DEL03-SC"
163168;2018-10-03;"quarta-feira";"19:40:00";"SP";381;41;"ATIBAIA";"Falta de Atenção à Condução";"Saída de leito carroçável";"Com Vítimas Feridas";"Plena Noite";"Decrescente";"Chuva";"Dupla";"Reta";"Sim";1;0;1;0;0;0;1;1;-23,138622;-46,575844;"SPRF-SP";"DEL03-SP";"UOP01-DEL03-SP"
163169;2018-10-03;"quarta-feira";"18:30:00";"MT";163;829;"SINOP";"Falta de Atenção à Condução";"Colisão transversal";"Com Vítimas Feridas";"Plena Noite";"Decrescente";"Céu Claro";"Simples";"Reta";"Sim";2;0;0;1;1;0;1;2;-11,89895264;-55,50515056;"SPRF-MT";"DEL06-MT";"UOP01-DEL06-MT"
163170;2018-10-03;"quarta-feira";"20:30:00";"CE";116;5,6;"FORTALEZA";"Falta de Atenção à Condução";"Colisão transversal";"Com Vítimas Feridas";"Pleno dia";"Crescente";"Céu Claro";"Múltipla";"Reta";"Sim";2;0;0;1;1;0;1;2;-3,8126;-38,5007;"SPRF-CE";"DEL01-CE";"UOP02-DEL01-CE"
163171;2018-10-03;"quarta-feira";"18:55:00";"PR";376;4,5;"APUCARANA";"Falta de Atenção à Condução";"Colisão transversal";"Com Vítimas Feridas";"Plena Noite";"Decrescente";"Chuva";"Simples";"Interseção de Vias;Reta";"Sim";2;0;1;0;1;0;1;2;-23,55270681;-51,44754767;"SPRF-PR";"DEL07-PR";"UOP03-DEL07-PR"
163173;2018-10-03;"quarta-feira";"21:25:00";"PR";476;154,8;"ARAUCARIA";"Falta de Atenção à Condução";"Colisão traseira";"Com Vítimas Feridas";"Plena Noite";"Crescente";"Céu Claro";"Dupla";"Reta";"Sim";3;0;1;0;2;0;1;2;-25,58552059;-49,40303385;"SPRF-PR";"DEL01-PR";"UOP06-DEL01-PR"
163174;2018-10-03;"quarta-feira";"20:30:00";"PE";232;395,4;"SERRA TALHADA";"Restrição de Visibilidade";"Atropelamento de Animal";"Sem Vítimas";"Plena Noite";"Decrescente";"Nublado";"Simples";"Reta";"Não";3;0;0;0;3;0;0;1;-8,025222;-38,184112;"SPRF-PE";"DEL04-PE";"UOP01-DEL04-PE"
163176;2018-10-03;"quarta-feira";"21:00:00";"BA";101;484;"ITABUNA";"Desobediência às normas de trânsito pelo condutor";"Tombamento";"Com Vítimas Feridas";"Plena Noite";"Crescente";"Céu Claro";"Simples";"Ponte;Reta";"Não";1;0;1;0;0;0;1;1;-14,6848998;-39,36332703;"SPRF-BA";"DEL05-BA";"UOP01-DEL05-BA"
163179;2018-10-03;"quarta-feira";"22:00:00";"PR";277;123;"CAMPO LARGO";"Falta de Atenção à Condução";"Saída de leito carroçável";"Com Vítimas Feridas";"Plena Noite";"Decrescente";"Garoa/Chuvisco";"Dupla";"Reta";"Não";1;0;1;0;0;0;1;1;-25,44752337;-49,47008135;"SPRF-PR";"DEL01-PR";"UOP06-DEL01-PR"
163180;2018-10-03;"quarta-feira";"19:30:00";"RO";319;61,8;"PORTO VELHO";"Falta de Atenção à Condução";"Colisão traseira";"Com Vítimas Feridas";"Plena Noite";"Crescente";"Céu Claro";"Múltipla";"Interseção de Vias";"Sim";3;0;1;0;2;0;1;2;-8,74813544;-63,88854504;"SPRF-RO";"DEL01-RO";"UOP01-DEL01-RO"
163181;2018-10-03;"quarta-feira";"22:30:00";"RJ";116;139;"MAGE";"Ingestão de Álcool";"Atropelamento de Pedestre";"Com Vítimas Feridas";"Plena Noite";"Decrescente";"Nublado";"Dupla";"Reta";"Não";5;0;1;0;2;2;1;2;-22,646549;-43,201435;"SPRF-RJ";"DEL04-RJ";"UOP02-DEL04-RJ"
163182;2018-10-03;"quarta-feira";"22:10:00";"MG";50;178,9;"UBERABA";"Ingestão de Álcool";"Tombamento";"Com Vítimas Feridas";"Plena Noite";"Crescente";"Céu Claro";"Dupla";"Em Obras;Desvio Temporário";"Sim";2;0;1;0;1;0;1;1;-19,7783;-47,9318;"SPRF-MG";"DEL13-MG";"UOP01-DEL13-MG"
163186;2018-10-03;"quarta-feira";"22:00:00";"BA";367;50;"PORTO SEGURO";"Velocidade Incompatível";"Colisão com objeto estático";"Com Vítimas Fatais";"Plena Noite";"Decrescente";"Ignorado";"Simples";"Curva";"Não";1;1;0;0;0;0;0;1;-16,373308;-39,298527;"SPRF-BA";"DEL09-BA";"UOP01-DEL09-BA"
163187;2018-10-03;"quarta-feira";"18:30:00";"PR";153;24,2;"JACAREZINHO";"Desobediência às normas de trânsito pelo condutor";"Colisão frontal";"Com Vítimas Feridas";"Plena Noite";"Decrescente";"Chuva";"Simples";"Curva";"Sim";2;0;0;1;1;0;1;2;-23,17886994;-49,98656183;"SPRF-PR";"DEL07-PR";"UOP04-DEL07-PR"
163188;2018-10-03;"quarta-feira";"23:30:00";"MG";381;487,2;"BETIM";"Velocidade Incompatível";"Colisão com objeto estático";"Com Vítimas Fatais";"Plena Noite";"Decrescente";"Céu Claro";"Dupla";"Curva";"Sim";1;1;0;0;0;0;0;1;-19,9556008;-44,11766052;"SPRF-MG";"DEL01-MG";"UOP03-DEL01-MG"
163189;2018-10-03;"quarta-feira";"22:40:00";"SC";282;3;"FLORIANOPOLIS";"Falta de Atenção à Condução";"Saída de leito carroçável";"Com Vítimas Feridas";"Plena Noite";"Crescente";"Nublado";"Dupla";"Aclive";"Sim";3;0;1;0;0;2;1;2;-27,600384;-48,599705;"SPRF-SC";"DEL01-SC";"UOP01-DEL01-SC"
163190;2018-10-03;"quarta-feira";"22:40:00";"MS";262;365;"CAMPO GRANDE";"Condutor Dormindo";"Saída de leito carroçável";"Com Vítimas Feridas";"Plena Noite";"Crescente";"Céu Claro";"Simples";"Interseção de Vias";"Não";1;0;1;0;0;0;1;1;-20,49153705;-54,74036157;"SPRF-MS";"DEL01-MS";"UOP03-DEL01-MS"
163192;2018-10-04;"quinta-feira";"00:00:00";"MA";10;261,2;"IMPERATRIZ";"Animais na Pista";"Atropelamento de Animal";"Com Vítimas Feridas";"Plena Noite";"Decrescente";"Céu Claro";"Simples";"Interseção de Vias;Reta";"Não";1;0;0;1;0;0;1;1;-5,45265129;-47,47255147;"SPRF-MA";"DEL04-MA";"UOP01-DEL04-MA"
163193;2018-10-04;"quinta-feira";"00:15:00";"ES";101;31,8;"CONCEICAO DA BARRA";"Desobediência às normas de trânsito pelo condutor";"Colisão frontal";"Com Vítimas Fatais";"Plena Noite";"Crescente";"Céu Claro";"Simples";"Aclive";"Sim";2;1;0;0;1;0;0;2;-18,417088;-39,936066;"SPRF-ES";"DEL04-ES";"UOP02-DEL04-ES"
163198;2018-10-04;"quinta-feira";"02:40:00";"RS";287;268;"SAO PEDRO DO SUL";"Defeito Mecânico no Veículo";"Saída de leito carroçável";"Sem Vítimas";"Plena Noite";"Decrescente";"Céu Claro";"Simples";"Reta";"Não";1;0;0;0;1;0;0;1;-29,668884;-54,053379;"SPRF-RS";"DEL09-RS";"UOP01-DEL09-RS"
163200;2018-10-04;"quinta-feira";"04:00:00";"PR";476;135,1;"CURITIBA";"Velocidade Incompatível";"Saída de leito carroçável";"Sem Vítimas";"Plena Noite";"Decrescente";"Garoa/Chuvisco";"Múltipla";"Curva";"Sim";1;0;0;0;1;0;0;1;-25,48756118;-49,26831722;"SPRF-PR";"DEL01-PR";"UOP07-DEL01-PR"
163203;2018-10-04;"quinta-feira";"05:10:00";"PI";343;1,8;"PARNAIBA";"Condutor Dormindo";"Colisão com objeto estático";"Com Vítimas Feridas";"Amanhecer";"Decrescente";"Céu Claro";"Simples";"Ponte";"Sim";1;0;1;0;0;0;1;1;-2,890292;-41,667423;"SPRF-PI";"DEL05-PI";"UOP01-DEL05-PI"
163206;2018-10-04;"quinta-feira";"06:15:00";"SP";116;157,2;"SAO JOSE DOS CAMPOS";"Falta de Atenção à Condução";"Colisão lateral";"Com Vítimas Feridas";"Pleno dia";"Crescente";"Céu Claro";"Dupla";"Reta;Aclive";"Sim";2;0;1;0;1;0;1;2;-23,25528487;-45,94327927;"SPRF-SP";"DEL02-SP";"UOP01-DEL02-SP"
163208;2018-10-04;"quinta-feira";"06:00:00";"RJ";40;99,8;"DUQUE DE CAXIAS";"Falta de Atenção à Condução";"Colisão transversal";"Com Vítimas Feridas";"Amanhecer";"Crescente";"Nublado";"Simples";"Curva";"Sim";2;0;0;1;1;0;1;2;-22,60755;-43,28193;"SPRF-RJ";"DEL06-RJ";"UOP01-DEL06-RJ"
163211;2018-10-03;"quarta-feira";"22:30:00";"MG";153;41,6;"CANAPOLIS";"Falta de Atenção à Condução";"Saída de leito carroçável";"Sem Vítimas";"Plena Noite";"Decrescente";"Céu Claro";"Dupla";"Reta";"Não";1;0;0;0;1;0;0;1;-18,75300018;-49,08073962;"SPRF-MG";"DEL15-MG";"UOP03-DEL15-MG"
163212;2018-08-28;"terça-feira";"06:30:00";"CE";116;6;"FORTALEZA";"Não guardar distância de segurança";"Colisão traseira";"Sem Vítimas";"Pleno dia";"Decrescente";"Céu Claro";"Simples";"Reta";"Sim";3;0;0;0;3;0;0;3;-3,80660923;-38,50178171;"SPRF-CE";"DEL01-CE";"UOP02-DEL01-CE"
163214;2018-10-04;"quinta-feira";"07:20:00";"RN";110;75,3;"GOVERNADOR DIX-SEPT ROSADO";"Falta de Atenção à Condução";"Colisão lateral";"Com Vítimas Feridas";"Pleno dia";"Crescente";"Céu Claro";"Simples";"Reta";"Não";3;0;1;2;0;0;3;2;-5,4461062;-37,32687324;"SPRF-RN";"DEL04-RN";"UOP01-DEL04-RN"
163215;2018-10-04;"quinta-feira";"07:50:00";"PB";101;96,2;"CONDE";"Pista Escorregadia";"Tombamento";"Com Vítimas Feridas";"Pleno dia";"Crescente";"Céu Claro";"Dupla";"Retorno Regulamentado";"Não";1;0;1;0;0;0;1;1;-7,23038956;-34,92041945;"SPRF-PB";"DEL01-PB";"UOP01-DEL01-PB"
163216;2018-10-04;"quinta-feira";"06:19:00";"RJ";101;323;"NITEROI";"Não guardar distância de segurança";"Colisão traseira";"Com Vítimas Feridas";"Amanhecer";"Crescente";"Céu Claro";"Dupla";"Reta";"Sim";5;0;3;0;2;0;3;2;-22,8766991;-43,11712682;"SPRF-RJ";"DEL02-RJ";"UOP02-DEL02-RJ"
163218;2018-10-04;"quinta-feira";"07:20:00";"PI";343;306,4;"ALTOS";"Falta de Atenção à Condução";"Colisão frontal";"Com Vítimas Feridas";"Pleno dia";"Crescente";"Sol";"Simples";"Reta";"Sim";2;0;1;0;1;0;1;2;-5,038756;-42,450893;"SPRF-PI";"DEL01-PI";"UOP01-DEL01-PI"
163219;2018-10-04;"quinta-feira";"07:05:00";"MT";70;514;"VARZEA GRANDE";"Desobediência às normas de trânsito pelo condutor";"Colisão transversal";"Com Vítimas Feridas";"Pleno dia";"Crescente";"Nublado";"Simples";"Reta";"Sim";2;0;2;0;0;0;2;2;-15,705845;-56,12709045;"SPRF-MT";"DEL01-MT";"DEL2/4-UOP02/MT"
163220;2018-10-04;"quinta-feira";"07:35:00";"MG";116;413;"GOVERNADOR VALADARES";"Desobediência às normas de trânsito pelo condutor";"Colisão transversal";"Com Vítimas Feridas";"Pleno dia";"Decrescente";"Céu Claro";"Simples";"Interseção de Vias";"Sim";2;0;1;0;1;0;1;2;-18,87770162;-41,96271479;"SPRF-MG";"DEL06-MG";"UOP01-DEL06-MG"
163221;2018-10-04;"quinta-feira";"07:15:00";"RS";386;91,1;"SAGRADA FAMILIA";"Falta de Atenção à Condução";"Saída de leito carroçável";"Com Vítimas Feridas";"Pleno dia";"Crescente";"Nublado";"Simples";"Reta";"Não";3;0;1;2;0;0;3;1;-27,74372439;-53,1985876;"SPRF-RS";"DEL08-RS";"UOP01-DEL08-RS"
163222;2018-10-04;"quinta-feira";"07:40:00";"RJ";40;118;"DUQUE DE CAXIAS";"Falta de Atenção à Condução";"Colisão lateral";"Com Vítimas Feridas";"Pleno dia";"Crescente";"Nublado";"Múltipla";"Reta";"Sim";2;0;1;0;1;0;1;2;-22,75379352;-43,2872808;"SPRF-RJ";"DEL01-RJ";"UOP01-DEL01-RJ"
163225;2018-10-04;"quinta-feira";"08:50:00";"SP";116;226;"GUARULHOS";"Falta de Atenção à Condução";"Colisão traseira";"Com Vítimas Feridas";"Pleno dia";"Crescente";"Nublado";"Múltipla";"Reta";"Sim";2;0;1;0;1;0;1;2;-23,49267966;-46,55191625;"SPRF-SP";"DEL01-SP";"UOP01-DEL01-SP"
163226;2018-10-04;"quinta-feira";"07:50:00";"PB";101;87,9;"JOAO PESSOA";"Pista Escorregadia";"Tombamento";"Com Vítimas Feridas";"Pleno dia";"Crescente";"Chuva";"Dupla";"Reta";"Não";1;0;1;0;0;0;1;1;-7,163698;-34,900728;"SPRF-PB";"DEL01-PB";"UOP01-DEL01-PB"
163227;2018-09-13;"quinta-feira";"03:30:00";"GO";0;0;"PIRACANJUBA";"Animais na Pista";"Atropelamento de Animal";"Sem Vítimas";"Plena Noite";"Não Informado";"Céu Claro";"Simples";"Reta";"Não";1;0;0;0;1;0;0;1;-17,22246272;-48,99936676;"SPRF-GO";"DEL01-GO";"UOP03-DEL01-GO"
163228;2018-10-04;"quinta-feira";"08:40:00";"DF";20;11,3;"BRASILIA";"Velocidade Incompatível";"Saída de leito carroçável";"Com Vítimas Feridas";"Pleno dia";"Decrescente";"Céu Claro";"Dupla";"Reta";"Sim";1;0;0;1;0;0;1;1;-15,64654;-47,766422;"SPRF-DF";"DEL02-DF";"UOP01-DEL02-DF"
163229;2018-10-04;"quinta-feira";"09:30:00";"GO";40;12;"LUZIANIA";"Desobediência às normas de trânsito pelo condutor";"Colisão transversal";"Com Vítimas Feridas";"Pleno dia";"Decrescente";"Céu Claro";"Dupla";"Retorno Regulamentado";"Sim";2;0;1;0;1;0;1;2;-16,145123;-47,945382;"SPRF-DF";"DEL01-DF";"UOP01-DEL01-DF"
163230;2018-09-10;"segunda-feira";"16:45:00";"MG";381;372;"SAO GONCALO DO RIO ABAIXO";"Defeito Mecânico no Veículo";"Incêndio";"Sem Vítimas";"Pleno dia";"Crescente";"Céu Claro";"Simples";"Curva";"Não";4;0;0;0;4;0;0;1;-19,84810225;-43,30432892;"SPRF-MG";"DEL01-MG";"UOP01-DEL01-MG"
163231;2018-10-04;"quinta-feira";"09:25:00";"SE";101;45,8;"JAPARATUBA";"Restrição de Visibilidade";"Engavetamento";"Com Vítimas Feridas";"Pleno dia";"Decrescente";"Céu Claro";"Dupla";"Curva";"Não";8;0;5;0;3;0;5;3;-10,57458066;-36,96439147;"SPRF-SE";"DEL02-SE";"UOP02-DEL02-SE"
163236;2018-10-04;"quinta-feira";"10:00:00";"RN";110;47;"MOSSORO";"Falta de Atenção à Condução";"Colisão transversal";"Com Vítimas Feridas";"Pleno dia";"Crescente";"Céu Claro";"Simples";"Interseção de Vias";"Sim";2;0;1;0;1;0;1;2;-5,203384;-37,325634;"SPRF-RN";"DEL04-RN";"UOP01-DEL04-RN"
163237;2018-10-04;"quinta-feira";"08:25:00";"RJ";101;322;"NITEROI";"Falta de Atenção à Condução";"Colisão lateral";"Com Vítimas Feridas";"Pleno dia";"Decrescente";"Céu Claro";"Dupla";"Reta";"Sim";2;0;1;0;1;0;1;2;-22,878923;-43,110676;"SPRF-RJ";"DEL02-RJ";"UOP02-DEL02-RJ"
163238;2018-10-04;"quinta-feira";"09:35:00";"MT";364;200;"RONDONOPOLIS";"Restrição de Visibilidade";"Colisão lateral";"Com Vítimas Feridas";"Pleno dia";"Crescente";"Chuva";"Simples";"Interseção de Vias";"Sim";2;0;1;0;1;0;1;2;-16,496088;-54,638554;"SPRF-MT";"DEL02-MT";"UOP01-DEL02-MT"
163239;2018-10-04;"quinta-feira";"08:45:00";"RJ";116;230,4;"PIRAI";"Objeto estático sobre o leito carroçável";"Colisão com objeto estático";"Sem Vítimas";"Pleno dia";"Crescente";"Nublado";"Dupla";"Curva";"Não";1;0;0;0;1;0;0;1;-22,66974448;-43,85245344;"SPRF-RJ";"DEL07-RJ";"UOP01-DEL07-RJ"
163241;2018-10-04;"quinta-feira";"10:15:00";"PR";277;6,5;"PARANAGUA";"Falta de Atenção à Condução";"Saída de leito carroçável";"Com Vítimas Feridas";"Pleno dia";"Decrescente";"Nublado";"Simples";"Curva";"Sim";1;0;1;0;0;0;1;1;-25,55947753;-48,58257294;"SPRF-PR";"DEL01-PR";"UOP05-DEL01-PR"
163242;2018-06-08;"sexta-feira";"06:00:00";"RJ";101;530;"ANGRA DOS REIS";"Objeto estático sobre o leito carroçável";"Colisão frontal";"Com Vítimas Feridas";"Amanhecer";"Crescente";"Chuva";"Simples";"Curva";"Sim";4;0;2;0;2;0;2;3;-23,03274187;-44,16692734;"SPRF-RJ";"DEL03-RJ";"UOP02-DEL03-RJ"
163244;2018-10-04;"quinta-feira";"10:15:00";"PR";277;95;"CURITIBA";"Falta de Atenção à Condução";"Queda de ocupante de veículo";"Com Vítimas Feridas";"Pleno dia";"Decrescente";"Nublado";"Dupla";"Reta";"Sim";1;0;1;0;0;0;1;1;-25,43088269;-49,32288945;"SPRF-PR";"DEL01-PR";"UOP06-DEL01-PR"