"id";"data_inversa";"dia_semana";"horario";"uf";"br";"km";"municipio";"causa_acidente";"tipo_acidente";"classificacao_acidente";"fase_dia";"sentido_via";"condicao_metereologica";"tipo_pista";"tracado_via";"uso_solo";"pessoas";"mortos";"feridos_leves";"feridos_graves";"ilesos";"ignorados";"feridos";"veiculos";"latitude";"longitude";"regional";"delegacia";"uop"
163245;2018-05-26;"sábado";"04:00:00";"GO";20;196,9;"POSSE";"Velocidade Incompatível";"Saída de leito carroçável";"Com Vítimas Fatais";"Pleno dia";"Crescente";"Ignorado";"Simples";"Reta";"Não";1;1;0;0;0;0;0;1;-14,347785;-46,439873;"SPRF-DF";"DEL02-DF";"UOP03-DEL02-DF"
163246;2018-10-04;"quinta-feira";"10:50:00";"RS";153;570,5;"BAGE";"Falta de Atenção à Condução";"Capotamento";"Com Vítimas Feridas";"Pleno dia";"Crescente";"Céu Claro";"Simples";"Curva";"Não";3;0;2;1;0;0;3;1;-30,993593;-53,646812;"SPRF-RS";"DEL11-RS";"UOP03-DEL11-RS"
163247;2018-10-04;"quinta-feira";"11:10:00";"PI";343;3,9;"TERESINA";"Falta de Atenção à Condução";"Colisão lateral";"Com Vítimas Feridas";"Pleno dia";"Crescente";"Céu Claro";"Múltipla";"Reta";"Sim";2;0;1;0;1;0;1;2;-5,08976866;-42,80152202;"SPRF-PI";"DEL01-PI";"UOP01-DEL01-PI"
163248;2018-10-04;"quinta-feira";"11:10:00";"RS";116;529,2;"CAPAO DO LEAO";"Desobediência às normas de trânsito pelo condutor";"Colisão transversal";"Com Vítimas Feridas";"Pleno dia";"Decrescente";"Céu Claro";"Simples";"Reta;Interseção de Vias";"Sim";3;0;2;1;0;0;3;2;-31,75528399;-52,43022323;"SPRF-RS";"DEL07-RS";"UOP01-DEL07-RS"
163249;2018-10-04;"quinta-feira";"11:28:00";"PE";104;63,9;"CARUARU";"Falta de Atenção à Condução";"Colisão lateral";"Com Vítimas Feridas";"Pleno dia";"Crescente";"Céu Claro";"Dupla";"Viaduto";"Sim";2;0;1;0;1;0;1;2;-8,267205;-35,97886;"SPRF-PE";"DEL02-PE";"UOP01-DEL02-PE"
163250;2018-10-04;"quinta-feira";"11:40:00";"RJ";101;109;"CAMPOS DOS GOYTACAZES";"Falta de Atenção à Condução";"Colisão com objeto estático";"Com Vítimas Feridas";"Pleno dia";"Crescente";"Nublado";"Dupla";"Reta";"Não";1;0;0;1;0;0;1;1;-21,91334957;-41,61285214;"SPRF-RJ";"DEL08-RJ";"UOP02-DEL08-RJ"
163252;2018-10-04;"quinta-feira";"12:00:00";"BA";101;718;"EUNAPOLIS";"Falta de Atenção à Condução";"Colisão lateral";"Com Vítimas Feridas";"Pleno dia";"Crescente";"Nublado";"Dupla";"Reta";"Sim";3;0;0;2;0;1;2;3;-16,37254179;-39,5812726;"SPRF-BA";"DEL09-BA";"UOP01-DEL09-BA"
163253;2018-10-04;"quinta-feira";"10:00:00";"PB";230;106,9;"INGA";"Falta de Atenção à Condução";"Saída de leito carroçável";"Com Vítimas Feridas";"Pleno dia";"Crescente";"Nublado";"Dupla";"Reta";"Não";3;0;3;0;0;0;3;1;-7,203153;-35,547691;"SPRF-PB";"DEL01-PB";"UOP03-DEL01-PB"
163256;2018-10-04;"quinta-feira";"12:30:00";"GO";60;375;"RIO VERDE";"Agressão Externa";"Saída de leito carroçável";"Com Vítimas Feridas";"Pleno dia";"Crescente";"Céu Claro";"Dupla";"Reta";"Não";3;0;1;0;2;0;1;1;-17,716231;-50,855349;"SPRF-GO";"DEL04-GO";"UOP01-DEL04-GO"
163257;2018-10-04;"quinta-feira";"10:25:00";"AC";364;137;"RIO BRANCO";"Falta de Atenção à Condução";"Colisão lateral";"Com Vítimas Feridas";"Pleno dia";"Decrescente";"Céu Claro";"Dupla";"Rotatória";"Sim";2;0;2;0;0;0;2;1;-9,969359;-67,852646;"SPRF-AC";"DEL01-AC";"UOP01-DEL01-AC"
163258;2018-09-22;"sábado";"18:30:00";"RJ";116;142;"DUQUE DE CAXIAS";"Falta de Atenção à Condução";"Colisão lateral";"Sem Vítimas";"Anoitecer";"Crescente";"Céu Claro";"Dupla";"Reta";"Sim";2;0;0;0;2;0;0;2;-22,648762;-43,230316;"SPRF-RJ";"DEL04-RJ";"UOP02-DEL04-RJ"
163260;2018-10-04;"quinta-feira";"10:30:00";"PR";163;57;"PEROLA DOESTE";"Falta de Atenção à Condução";"Saída de leito carroçável";"Sem Vítimas";"Pleno dia";"Decrescente";"Céu Claro";"Simples";"Curva";"Não";1;0;0;0;0;1;0;1;-25,89378176;-53,75453711;"SPRF-PR";"DEL02-PR";"UOP02-DEL02-PR"
163261;2018-10-04;"quinta-feira";"11:45:00";"RJ";101;109;"CAMPOS DOS GOYTACAZES";"Não guardar distância de segurança";"Colisão traseira";"Com Vítimas Feridas";"Pleno dia";"Crescente";"Nublado";"Dupla";"Reta";"Não";2;0;2;0;0;0;2;2;-21,91119687;-41,61144733;"SPRF-RJ";"DEL08-RJ";"UOP02-DEL08-RJ"
163263;2018-10-04;"quinta-feira";"12:50:00";"SC";101;200;"SAO JOSE";"Falta de Atenção à Condução";"Tombamento";"Com Vítimas Feridas";"Pleno dia";"Decrescente";"Céu Claro";"Dupla";"Reta";"Sim";1;0;1;0;0;0;1;1;-27,5485;-48,6196;"SPRF-SC";"DEL01-SC";"UOP01-DEL01-SC"
163264;2018-09-06;"quinta-feira";"12:15:00";"MG";381;337;"NOVA ERA";"Desobediência às normas de trânsito pelo condutor";"Queda de ocupante de veículo";"Com Vítimas Feridas";"Pleno dia";"Crescente";"Nublado";"Simples";"Reta";"Não";1;0;1;0;0;0;1;1;-19,79057028;-43,05382669;"SPRF-MG";"DEL03-MG";"UOP01-DEL03-MG"
163266;2018-10-04;"quinta-feira";"11:00:00";"SC";280;48,3;"GUARAMIRIM";"Falta de Atenção à Condução";"Colisão transversal";"Com Vítimas Feridas";"Pleno dia";"Decrescente";"Nublado";"Simples";"Reta";"Sim";2;0;2;0;0;0;2;2;-26,45605077;-48,93018723;"SPRF-SC";"DEL03-SC";"UOP03-DEL03-SC"
163268;2018-08-29;"quarta-feira";"19:00:00";"ES";101;262,3;"SERRA";"Falta de Atenção do Pedestre";"Atropelamento de Pedestre";"Com Vítimas Feridas";"Plena Noite";"Decrescente";"Chuva";"Múltipla";"Aclive";"Sim";2;0;1;1;0;0;2;2;-20,18375155;-40,26577234;"SPRF-ES";"DEL02-ES";"UOP01-DEL02-ES"
163270;2018-10-04;"quinta-feira";"13:15:00";"PR";376;176;"MARINGA";"Falta de Atenção à Condução";"Colisão lateral";"Com Vítimas Feridas";"Pleno dia";"Crescente";"Céu Claro";"Dupla";"Reta";"Sim";2;0;0;1;0;1;1;2;-23,41241167;-51,94407895;"SPRF-PR";"DEL07-PR";"UOP01-DEL09-PR"
163271;2018-10-04;"quinta-feira";"13:40:00";"SC";470;173,2;"POUSO REDONDO";"Falta de Atenção à Condução";"Colisão transversal";"Com Vítimas Feridas";"Pleno dia";"Crescente";"Céu Claro";"Simples";"Reta";"Sim";3;0;1;1;1;0;2;2;-27,259173;-49,924554;"SPRF-SC";"DEL04-SC";"UOP02-DEL04-SC"
163272;2018-10-04;"quinta-feira";"12:20:00";"MG";40;521;"CONTAGEM";"Velocidade Incompatível";"Queda de ocupante de veículo";"Com Vítimas Feridas";"Pleno dia";"Crescente";"Céu Claro";"Dupla";"Curva";"Não";2;0;0;2;0;0;2;1;-19,8665;-44,064;"SPRF-MG";"DEL01-MG";"UOP03-DEL01-MG"
163274;2018-09-15;"sábado";"19:30:00";"MG";116;414;"GOVERNADOR VALADARES";"Falta de Atenção à Condução";"Colisão lateral";"Com Vítimas Feridas";"Plena Noite";"Decrescente";"Ignorado";"Simples";"Reta";"Sim";2;0;0;1;1;0;1;2;-18,87888937;-41,96110547;"SPRF-MG";"DEL06-MG";"UOP01-DEL06-MG"
163275;2018-10-04;"quinta-feira";"11:00:00";"RJ";40;93;"PETROPOLIS";"Velocidade Incompatível";"Saída de leito carroçável";"Com Vítimas Feridas";"Pleno dia";"Decrescente";"Chuva";"Simples";"Curva";"Não";2;0;2;0;0;0;2;1;-22,56804882;-43,25145721;"SPRF-RJ";"DEL06-RJ";"UOP01-DEL06-RJ"
163276;2018-10-04;"quinta-feira";"11:50:00";"RJ";40;94,2;"PETROPOLIS";"Velocidade Incompatível";"Saída de leito carroçável";"Com Vítimas Feridas";"Pleno dia";"Crescente";"Chuva";"Simples";"Curva";"Não";1;0;1;0;0;0;1;1;-22,57343826;-43,25523376;"SPRF-RJ";"DEL06-RJ";"UOP01-DEL06-RJ"
163277;2018-10-04;"quinta-feira";"13:30:00";"PR";277;730,8;"FOZ DO IGUACU";"Não guardar distância de segurança";"Colisão traseira";"Com Vítimas Feridas";"Pleno dia";"Crescente";"Céu Claro";"Simples";"Reta";"Sim";5;0;1;0;4;0;1;3;-25,5094971;-54,59974229;"SPRF-PR";"DEL05-PR";"UOP03-DEL05-PR"
163279;2018-09-29;"sábado";"05:00:00";"MS";163;88,9;"ITAQUIRAI";"Ingestão de Álcool";"Capotamento";"Com Vítimas Feridas";"Amanhecer";"Crescente";"Céu Claro";"Simples";"Reta";"Não";2;0;0;1;1;0;1;1;-23,37968332;-54,21229362;"SPRF-MS";"DEL09-MS";"UOP01-DEL09-MS"
163280;2018-10-04;"quinta-feira";"14:15:00";"PI";343;341,8;"TERESINA";"Falta de Atenção à Condução";"Colisão traseira";"Com Vítimas Feridas";"Pleno dia";"Crescente";"Sol";"Dupla";"Reta";"Não";3;0;1;0;2;0;1;3;-5,077812;-42,744255;"SPRF-PI";"DEL01-PI";"UOP01-DEL01-PI"
163283;2018-10-04;"quinta-feira";"14:15:00";"AL";101;2,4;"NOVO LINO";"Falta de Atenção à Condução";"Colisão traseira";"Sem Vítimas";"Pleno dia";"Decrescente";"Céu Claro";"Dupla";"Retorno Regulamentado";"Não";2;0;0;0;2;0;0;2;-8,895243;-35,634674;"SPRF-AL";"DEL01-AL";"UOP01-DEL01-AL"
163285;2018-10-04;"quinta-feira";"11:00:00";"MT";70;709;"CACERES";"Velocidade Incompatível";"Capotamento";"Sem Vítimas";"Pleno dia";"Crescente";"Nublado";"Simples";"Reta";"Não";2;0;0;0;2;0;0;1;-16,243755;-57,503845;"SPRF-MT";"DEL03-MT";"UOP01-DEL03-MT"
163286;2018-10-04;"quinta-feira";"15:30:00";"PR";376;174,7;"MARINGA";"Velocidade Incompatível";"Colisão com objeto estático";"Sem Vítimas";"Pleno dia";"Decrescente";"Céu Claro";"Dupla";"Aclive";"Sim";1;0;0;0;1;0;0;1;-23,41537218;-51,95310097;"SPRF-PR";"DEL07-PR";"UOP01-DEL09-PR"
163289;2018-09-10;"segunda-feira";"12:00:00";"MG";40;567,1;"NOVA LIMA";"Defeito Mecânico no Veículo";"Danos eventuais";"Com Vítimas Feridas";"Pleno dia";"Decrescente";"Ignorado";"Simples";"Curva";"Sim";1;0;0;1;0;0;1;1;-20,19454771;-43,97315168;"SPRF-MG";"DEL01-MG";"UOP02-DEL01-MG"
163290;2018-10-04;"quinta-feira";"15:30:00";"ES";259;20,2;"JOAO NEIVA";"Falta de Atenção à Condução";"Colisão transversal";"Com Vítimas Feridas";"Pleno dia";"Crescente";"Céu Claro";"Simples";"Reta";"Não";3;0;1;0;2;0;1;2;-19,66846181;-40,40285692;"SPRF-ES";"DEL02-ES";"UOP01-DEL02-ES"
163291;2018-10-04;"quinta-feira";"16:10:00";"ES";262;136;"BREJETUBA";"Falta de Atenção à Condução";"Saída de leito carroçável";"Com Vítimas Feridas";"Pleno dia";"Crescente";"Céu Claro";"Simples";"Reta";"Não";4;0;3;1;0;0;4;1;-20,2381;-41,3395;"SPRF-ES";"DEL01-ES";"UOP02-DEL01-ES"
163293;2018-10-04;"quinta-feira";"13:45:00";"RO";364;341;"JI-PARANA";"Desobediência às normas de trânsito pelo condutor";"Colisão transversal";"Sem Vítimas";"Pleno dia";"Crescente";"Nublado";"Dupla";"Interseção de Vias";"Sim";2;0;0;0;2;0;0;2;-10,889981;-61,931229;"SPRF-RO";"DEL02-RO";"UOP01-DEL02-RO"
163296;2018-10-04;"quinta-feira";"16:10:00";"PE";101;56,2;"PAULISTA";"Desobediência às normas de trânsito pelo condutor";"Colisão frontal";"Com Vítimas Feridas";"Pleno dia";"Decrescente";"Céu Claro";"Dupla";"Retorno Regulamentado";"Sim";2;0;0;1;1;0;1;2;-7,96293248;-34,91446495;"SPRF-PE";"DEL01-PE";"UOP02-DEL01-PE"
163298;2018-10-04;"quinta-feira";"11:00:00";"PI";316;74,3;"MONSENHOR GIL";"Falta de Atenção à Condução";"Saída de leito carroçável";"Sem Vítimas";"Pleno dia";"Crescente";"Céu Claro";"Simples";"Reta";"Não";1;0;0;0;1;0;0;1;-5,61379909;-42,60360718;"SPRF-PI";"DEL01-PI";"UOP02-DEL01-PI"
163299;2018-10-04;"quinta-feira";"14:20:00";"RO";364;196;"PIMENTA BUENO";"Falta de Atenção à Condução";"Colisão transversal";"Com Vítimas Feridas";"Pleno dia";"Decrescente";"Céu Claro";"Simples";"Reta";"Sim";2;0;1;0;1;0;1;2;-11,686188;-61,186504;"SPRF-RO";"DEL02-RO";"UOP02-DEL02-RO"
163302;2018-10-04;"quinta-feira";"12:00:00";"MG";251;474,7;"FRANCISCO SA";"Velocidade Incompatível";"Saída de leito carroçável";"Com Vítimas Feridas";"Pleno dia";"Crescente";"Sol";"Simples";"Reta";"Não";1;0;1;0;0;0;1;1;-16,4663;-43,4385;"SPRF-MG";"DEL12-MG";"UOP01-DEL12-MG"
163303;2018-09-25;"terça-feira";"17:50:00";"MS";163;485,7;"CAMPO GRANDE";"Desobediência às normas de trânsito pelo condutor";"Tombamento";"Com Vítimas Feridas";"Anoitecer";"Crescente";"Céu Claro";"Simples";"Curva";"Sim";1;0;0;1;0;0;1;1;-20,452204;-54,540718;"SPRF-MS";"DEL01-MS";"UOP02-DEL01-MS"
163304;2018-10-04;"quinta-feira";"17:20:00";"SC";470;39,9;"BLUMENAU";"Falta de Atenção à Condução";"Colisão transversal";"Com Vítimas Feridas";"Anoitecer";"Decrescente";"Céu Claro";"Simples";"Reta";"Não";2;0;0;1;1;0;1;2;-26,897341;-48,986881;"SPRF-SC";"DEL04-SC";"UOP01-DEL04-SC"
163307;2018-10-04;"quinta-feira";"17:15:00";"ES";262;54,2;"MARECHAL FLORIANO";"Falta de Atenção à Condução";"Colisão transversal";"Com Vítimas Feridas";"Anoitecer";"Decrescente";"Céu Claro";"Simples";"Reta";"Não";2;0;0;2;0;0;2;1;-20,41462557;-40,74240088;"SPRF-ES";"DEL01-ES";"UOP01-DEL01-ES"
163308;2018-10-04;"quinta-feira";"17:20:00";"SC";470;173,7;"POUSO REDONDO";"Falta de Atenção à Condução";"Colisão transversal";"Com Vítimas Feridas";"Pleno dia";"Crescente";"Céu Claro";"Simples";"Reta";"Sim";2;0;1;0;1;0;1;2;-27,258261;-49,929116;"SPRF-SC";"DEL04-SC";"UOP02-DEL04-SC"
163309;2018-10-04;"quinta-feira";"17:40:00";"PE";101;104,9;"CABO DE SANTO AGOSTINHO";"Desobediência às normas de trânsito pelo condutor";"Colisão transversal";"Com Vítimas Feridas";"Anoitecer";"Crescente";"Céu Claro";"Dupla";"Curva";"Não";3;0;3;0;0;0;3;2;-8,305615;-35,071345;"SPRF-PE";"DEL01-PE";"UOP03-DEL01-PE"
163310;2018-10-04;"quinta-feira";"17:00:00";"RJ";40;104,2;"DUQUE DE CAXIAS";"Falta de Atenção à Condução";"Atropelamento de Pedestre";"Com Vítimas Feridas";"Pleno dia";"Crescente";"Chuva";"Dupla";"Reta";"Sim";2;0;1;0;1;0;1;2;-22,6366267;-43,2846588;"SPRF-RJ";"DEL01-RJ";"UOP01-DEL01-RJ"
163313;2018-10-04;"quinta-feira";"17:25:00";"SC";282;52,1;"AGUAS MORNAS";"Pista Escorregadia";"Colisão com objeto estático";"Sem Vítimas";"Pleno dia";"Crescente";"Chuva";"Simples";"Reta";"Não";1;0;0;0;1;0;0;1;-27,69608726;-48,9646697;"SPRF-SC";"DEL01-SC";"UOP03-DEL01-SC"
163314;2018-10-04;"quinta-feira";"16:00:00";"CE";222;212,7;"FORQUILHA";"Defeito Mecânico no Veículo";"Queda de ocupante de veículo";"Com Vítimas Feridas";"Pleno dia";"Decrescente";"Céu Claro";"Simples";"Reta";"Não";2;0;0;1;1;0;1;1;-3,788331;-40,281929;"SPRF-CE";"DEL04-CE";"UOP01-DEL04-CE"
163315;2018-10-04;"quinta-feira";"09:30:00";"RJ";101;486;"ANGRA DOS REIS";"Não guardar distância de segurança";"Colisão traseira";"Com Vítimas Feridas";"Pleno dia";"Decrescente";"Céu Claro";"Simples";"Reta";"Não";6;0;0;1;5;0;1;2;-22,9772016;-44,29644585;"SPRF-RJ";"DEL03-RJ";"UOP03-DEL03-RJ"
163316;2018-10-04;"quinta-feira";"16:00:00";"RJ";40;77,3;"PETROPOLIS";"Pista Escorregadia";"Saída de leito carroçável";"Com Vítimas Feridas";"Pleno dia";"Crescente";"Chuva";"Simples";"Curva";"Não";3;0;2;0;1;0;2;1;-22,48242347;-43,23223114;"SPRF-RJ";"DEL06-RJ";"UOP01-DEL06-RJ"
163318;2018-10-04;"quinta-feira";"15:00:00";"ES";262;149,8;"IBATIBA";"Defeito Mecânico no Veículo";"Saída de leito carroçável";"Com Vítimas Feridas";"Pleno dia";"Crescente";"Nublado";"Simples";"Reta";"Não";1;0;1;0;0;0;1;1;-20,2189;-41,4348;"SPRF-ES";"DEL01-ES";"UOP02-DEL01-ES"
163319;2018-10-04;"quinta-feira";"18:00:00";"RN";101;118,9;"SAO JOSE DE MIPIBU";"Defeito Mecânico no Veículo";"Saída de leito carroçável";"Com Vítimas Feridas";"Plena Noite";"Decrescente";"Céu Claro";"Dupla";"Reta";"Não";1;0;1;0;0;0;1;1;-6,02053446;-35,25179029;"SPRF-RN";"DEL01-RN";"UOP01-DEL01-RN"
163320;2018-10-04;"quinta-feira";"15:30:00";"PA";316;45;"SANTA IZABEL DO PARA";"Avarias e/ou desgaste excessivo no pneu";"Tombamento";"Com Vítimas Feridas";"Pleno dia";"Decrescente";"Sol";"Dupla";"Reta";"Não";2;0;2;0;0;0;2;1;-1,28537;-48,062698;"SPRF-PA";"DEL01-PA";"UOP01-DEL01-PA"
163321;2018-10-04;"quinta-feira";"17:30:00";"ES";101;301,1;"VIANA";"Falta de Atenção à Condução";"Colisão lateral";"Com Vítimas Feridas";"Anoitecer";"Decrescente";"Nublado";"Dupla";"Curva";"Sim";4;0;1;1;2;0;2;3;-20,36305231;-40,44176133;"SPRF-ES";"DEL01-ES";"UOP01-DEL01-ES"
163324;2018-10-04;"quinta-feira";"18:00:00";"SC";101;335;"TUBARAO";"Falta de Atenção à Condução";"Colisão lateral";"Com Vítimas Feridas";"Anoitecer";"Crescente";"Nublado";"Múltipla";"Reta";"Sim";3;0;1;0;2;0;1;3;-28,46948354;-49,01630759;"SPRF-SC";"DEL02-SC";"UOP01-DEL02-SC"
163325;2018-10-04;"quinta-feira";"17:20:00";"SC";101;296,9;"IMBITUBA";"Velocidade Incompatível";"Capotamento";"Com Vítimas Feridas";"Pleno dia";"Crescente";"Céu Claro";"Dupla";"Viaduto";"Não";1;0;0;1;0;0;1;1;-28,3433;-48,7331;"SPRF-SC";"DEL02-SC";"UOP03-DEL02-SC"
163326;2018-10-04;"quinta-feira";"14:30:00";"RJ";40;111;"DUQUE DE CAXIAS";"Defeito Mecânico no Veículo";"Incêndio";"Sem Vítimas";"Pleno dia";"Decrescente";"Céu Claro";"Múltipla";"Reta";"Sim";1;0;0;0;1;0;0;1;-22,7008713;-43,2900386;"SPRF-RJ";"DEL01-RJ";"UOP01-DEL01-RJ"
163327;2018-10-04;"quinta-feira";"18:00:00";"RJ";116;166,9;"SAO JOAO DE MERITI";"Falta de Atenção à Condução";"Colisão lateral";"Com Vítimas Feridas";"Anoitecer";"Crescente";"Nublado";"Múltipla";"Reta";"Sim";2;0;1;0;1;0;1;2;-22,80083076;-43,35221976;"SPRF-RJ";"DEL01-RJ";"UOP02-DEL01-RJ"
163328;2018-10-04;"quinta-feira";"15:45:00";"PR";476;124,7;"CURITIBA";"Desobediência às normas de trânsito pelo pedestre";"Atropelamento de Pedestre";"Com Vítimas Feridas";"Pleno dia";"Decrescente";"Nublado";"Múltipla";"Reta";"Sim";2;0;1;0;1;0;1;2;-25,40648139;-49,21847105;"SPRF-PR";"DEL01-PR";"UOP07-DEL01-PR"
163330;2018-10-04;"quinta-feira";"18:30:00";"PR";277;714,6;"SANTA TEREZINHA DE ITAIPU";"Falta de Atenção à Condução";"Engavetamento";"Com Vítimas Feridas";"Pleno dia";"Decrescente";"Nublado";"Dupla";"Reta";"Não";8;0;2;0;6;0;2;4;-25,46737711;-54,45471419;"SPRF-PR";"DEL05-PR";"UOP01-DEL05-PR"
163333;2018-10-04;"quinta-feira";"17:50:00";"MG";381;481;"CONTAGEM";"Falta de Atenção à Condução";"Colisão lateral";"Com Vítimas Feridas";"Anoitecer";"Decrescente";"Céu Claro";"Dupla";"Curva";"Sim";2;0;1;0;1;0;1;2;-19,959;-44,0704;"SPRF-MG";"DEL01-MG";"UOP03-DEL01-MG"
163334;2018-10-04;"quinta-feira";"19:00:00";"PR";277;725,6;"FOZ DO IGUACU";"Falta de Atenção à Condução";"Colisão transversal";"Com Vítimas Feridas";"Plena Noite";"Decrescente";"Nublado";"Dupla";"Rotatória";"Sim";7;0;5;1;1;0;6;2;-25,5109668;-54,55118001;"SPRF-PR";"DEL05-PR";"UOP03-DEL05-PR"
163335;2018-10-04;"quinta-feira";"18:45:00";"PR";376;590;"CURITIBA";"Falta de Atenção à Condução";"Colisão lateral";"Com Vítimas Feridas";"Plena Noite";"Decrescente";"Céu Claro";"Dupla";"Reta";"Sim";3;0;1;0;2;0;1;3;-25,45705053;-49,36011314;"SPRF-PR";"DEL01-PR";"UOP06-DEL01-PR"
163336;2018-10-04;"quinta-feira";"18:00:00";"SC";470;138;"RIO DO SUL";"Desobediência às normas de trânsito pelo condutor";"Colisão lateral";"Com Vítimas Feridas";"Pleno dia";"Crescente";"Céu Claro";"Simples";"Reta";"Sim";3;0;2;0;1;0;2;2;-27,2062819;-49,64687347;"SPRF-SC";"DEL04-SC";"UOP02-DEL04-SC"
163337;2018-10-04;"quinta-feira";"19:00:00";"RS";290;79;"GRAVATAI";"Velocidade Incompatível";"Saída de leito carroçável";"Com Vítimas Feridas";"Plena Noite";"Decrescente";"Céu Claro";"Dupla";"Reta";"Não";1;0;1;0;0;0;1;1;-29,95334118;-51,05359798;"SPRF-RS";"DEL01-RS";"UOP01-DEL01-RS"
163340;2018-10-04;"quinta-feira";"19:30:00";"RN";101;82,8;"NATAL";"Falta de Atenção do Pedestre";"Atropelamento de Pedestre";"Com Vítimas Feridas";"Plena Noite";"Crescente";"Céu Claro";"Dupla";"Reta";"Sim";2;0;0;1;1;0;1;2;-5,767915;-35,274563;"SPRF-RN";"DEL02-RN";"UOP01-DEL02-RN"
163342;2018-10-04;"quinta-feira";"19:00:00";"TO";242;355,1;"GURUPI";"Falta de Atenção do Pedestre";"Colisão traseira";"Com Vítimas Fatais";"Anoitecer";"Crescente";"Nublado";"Simples";"Reta";"Não";3;2;1;0;0;0;1;2;-11,85592719;-48,88881683;"SPRF-TO";"DEL02-TO";"UOP02-DEL01-TO"
163343;2018-10-04;"quinta-feira";"19:25:00";"PA";222;240;"MARABA";"Falta de Atenção à Condução";"Colisão lateral";"Com Vítimas Feridas";"Plena Noite";"Crescente";"Céu Claro";"Simples";"Curva";"Não";2;0;1;0;1;0;1;2;-5,322347;-49,084007;"SPRF-PA";"DEL03-PA";"UOP01-DEL03-PA"
163344;2018-10-04;"quinta-feira";"13:50:00";"RO";435;57;"VILHENA";"Ultrapassagem Indevida";"Saída de leito carroçável";"Com Vítimas Feridas";"Pleno dia";"Crescente";"Garoa/Chuvisco";"Simples";"Declive";"Não";1;0;1;0;0;0;1;1;-13,030064;-60,402508;"SPRF-RO";"DEL04-RO";"UOP02-DEL04-RO"
163346;2018-10-04;"quinta-feira";"18:30:00";"MG";381;493;"BETIM";"Não guardar distância de segurança";"Colisão traseira";"Com Vítimas Feridas";"Plena Noite";"Crescente";"Céu Claro";"Dupla";"Reta";"Sim";2;0;2;0;0;0;2;2;-19,966;-44,1775;"SPRF-MG";"DEL01-MG";"UOP03-DEL01-MG"
163347;2018-10-04;"quinta-feira";"16:50:00";"MT";70;518;"VARZEA GRANDE";"Falta de Atenção à Condução";"Colisão transversal";"Com Vítimas Feridas";"Anoitecer";"Crescente";"Nublado";"Simples";"Rotatória";"Sim";2;0;0;1;1;0;1;2;-15,70187891;-56,15914822;"SPRF-MT";"DEL01-MT";"DEL2/4-UOP02/MT"
163352;2018-10-04;"quinta-feira";"20:30:00";"ES";262;44,3;"MARECHAL FLORIANO";"Falta de Atenção à Condução";"Colisão traseira";"Com Vítimas Feridas";"Plena Noite";"Decrescente";"Nublado";"Simples";"Reta";"Não";4;0;0;2;1;1;2;3;-20,39304605;-40,67042649;"SPRF-ES";"DEL01-ES";"UOP01-DEL01-ES"
163355;2018-10-04;"quinta-feira";"16:15:00";"AL";101;47,9;"FLEXEIRAS";"Velocidade Incompatível";"Colisão transversal";"Com Vítimas Feridas";"Pleno dia";"Decrescente";"Céu Claro";"Dupla";"Curva";"Não";2;0;1;0;1;0;1;2;-9,214156;-35,775002;"SPRF-AL";"DEL01-AL";"UOP01-DEL01-AL"
163357;2018-10-04;"quinta-feira";"20:50:00";"GO";50;234,4;"CATALAO";"Falta de Atenção à Condução";"Colisão com objeto estático";"Com Vítimas Feridas";"Plena Noite";"Decrescente";"Céu Claro";"Simples";"Aclive;Reta";"Não";1;0;1;0;0;0;1;1;-17,8361;-47,7727;"SPRF-GO";"DEL06-GO";"UOP01-DEL06-GO"
163358;2018-10-04;"quinta-feira";"20:40:00";"MG";262;64,7;"MANHUACU";"Falta de Atenção à Condução";"Colisão frontal";"Com Vítimas Feridas";"Plena Noite";"Crescente";"Céu Claro";"Simples";"Reta";"Sim";2;0;1;0;1;0;1;2;-20,274252;-42,050463;"SPRF-MG";"DEL06-MG";"UOP03-DEL06-MG"
163360;2018-10-04;"quinta-feira";"19:30:00";"GO";40;18;"LUZIANIA";"Falta de Atenção à Condução";"Saída de leito carroçável";"Sem Vítimas";"Plena Noite";"Decrescente";"Céu Claro";"Dupla";"Reta";"Sim";1;0;0;0;1;0;0;1;-16,19349;-47,925575;"SPRF-DF";"DEL01-DF";"UOP01-DEL01-DF"
163361;2018-10-04;"quinta-feira";"18:00:00";"PR";116;16;"ANTONINA";"Falta de Atenção à Condução";"Saída de leito carroçável";"Com Vítimas Feridas";"Anoitecer";"Crescente";"Chuva";"Dupla";"Curva";"Não";2;0;2;0;0;0;2;1;-25,099701;-48,692299;"SPRF-PR";"DEL01-PR";"UOP02-DEL01-PR"
163362;2018-10-04;"quinta-feira";"15:15:00";"MG";116;411,6;"GOVERNADOR VALADARES";"Falta de Atenção à Condução";"Queda de ocupante de veículo";"Com Vítimas Feridas";"Pleno dia";"Crescente";"Céu Claro";"Dupla";"Reta";"Sim";1;0;1;0;0;0;1;1;-18,861876;-41,97448517;"SPRF-MG";"DEL06-MG";"UOP01-DEL06-MG"
163363;2018-10-04;"quinta-feira";"20:50:00";"AP";210;0,1;"MACAPA";"Falta de Atenção à Condução";"Atropelamento de Pedestre";"Com Vítimas Feridas";"Plena Noite";"Decrescente";"Céu Claro";"Dupla";"Reta";"Sim";3;0;1;0;1;1;1;2;0,07741;-51,06556;"SPRF-AP";"DEL01-AP";"UOP01-DEL01-AP"