"id";"data_inversa";"dia_semana";"horario";"uf";"br";"km";"municipio";"causa_acidente";"tipo_acidente";"classificacao_acidente";"fase_dia";"sentido_via";"condicao_metereologica";"tipo_pista";"tracado_via";"uso_solo";"pessoas";"mortos";"feridos_leves";"feridos_graves";"ilesos";"ignorados";"feridos";"veiculos";"latitude";"longitude";"regional";"delegacia";"uop"
163364;2018-10-04;"quinta-feira";"20:00:00";"SC";101;420;"ARARANGUA";"Falta de Atenção à Condução";"Colisão lateral";"Com Vítimas Feridas";"Plena Noite";"Crescente";"Nublado";"Múltipla";"Reta";"Sim";2;0;1;0;1;0;1;2;-28,9989;-49,5559;"SPRF-SC";"DEL02-SC";"UOP02-DEL02-SC"
163365;2018-10-04;"quinta-feira";"20:30:00";"RJ";101;301,9;"SAO GONCALO";"Defeito Mecânico no Veículo";"Colisão lateral";"Sem Vítimas";"Plena Noite";"Crescente";"Nublado";"Dupla";"Reta";"Sim";2;0;0;0;2;0;0;2;-22,778576;-42,957455;"SPRF-RJ";"DEL02-RJ";"DEL5/2-UOP04/RJ"
163366;2018-10-04;"quinta-feira";"21:20:00";"RS";116;149,2;"CAXIAS DO SUL";"Desobediência às normas de trânsito pelo condutor";"Colisão lateral";"Com Vítimas Feridas";"Plena Noite";"Crescente";"Céu Claro";"Dupla";"Reta";"Sim";2;0;1;0;1;0;1;2;-29,16216775;-51,15717173;"SPRF-RS";"DEL05-RS";"UOP01-DEL05-RS"
163367;2018-10-04;"quinta-feira";"20:00:00";"RR";174;506,7;"BOA VISTA";"Desobediência às normas de trânsito pelo condutor";"Colisão traseira";"Com Vítimas Feridas";"Plena Noite";"Decrescente";"Céu Claro";"Dupla";"Reta";"Sim";6;0;1;0;4;1;1;3;2,82358728;-60,69613695;"SPRF-RR";"DEL01-RR";"UOP01-DEL01-RR"
163368;2018-10-04;"quinta-feira";"21:00:00";"MG";40;428,6;"PARAOPEBA";"Defeito Mecânico no Veículo";"Saída de leito carroçável";"Com Vítimas Feridas";"Plena Noite";"Decrescente";"Garoa/Chuvisco";"Dupla";"Reta;Aclive";"Não";1;0;1;0;0;0;1;1;-19,18524;-44,49498;"SPRF-MG";"DEL02-MG";"UOP01-DEL02-MG"
163370;2018-10-04;"quinta-feira";"19:10:00";"RS";101;22,5;"TRES CACHOEIRAS";"Falta de Atenção do Pedestre";"Atropelamento de Pedestre";"Com Vítimas Feridas";"Anoitecer";"Decrescente";"Nublado";"Dupla";"Reta";"Sim";4;0;0;2;0;2;2;2;-29,44256875;-49,90485907;"SPRF-RS";"DEL03-RS";"DEL9/3-UOP03/RS"
163371;2018-10-04;"quinta-feira";"21:45:00";"BA";415;50,9;"ITABUNA";"Não guardar distância de segurança";"Colisão traseira";"Com Vítimas Feridas";"Plena Noite";"Decrescente";"Céu Claro";"Simples";"Reta";"Não";3;0;2;0;1;0;2;2;-14,814651;-39,296741;"SPRF-BA";"DEL05-BA";"UOP01-DEL05-BA"
163373;2018-10-04;"quinta-feira";"17:50:00";"PR";277;57;"SAO JOSE DOS PINHAIS";"Defeito Mecânico no Veículo";"Incêndio";"Sem Vítimas";"Pleno dia";"Crescente";"Nublado";"Dupla";"Reta";"Não";1;0;0;0;1;0;0;1;-25,57341432;-48,98923874;"SPRF-PR";"DEL01-PR";"UOP07-DEL01-PR"
163374;2018-10-04;"quinta-feira";"18:20:00";"SC";280;81,3;"CORUPA";"Desobediência às normas de trânsito pelo condutor";"Colisão lateral";"Com Vítimas Feridas";"Plena Noite";"Decrescente";"Garoa/Chuvisco";"Simples";"Reta";"Não";3;0;2;0;1;0;2;2;-26,440571;-49,217163;"SPRF-SC";"DEL06-SC";"UOP03-DEL06-SC"
163376;2018-10-04;"quinta-feira";"22:15:00";"SP";153;59,1;"SAO JOSE DO RIO PRETO";"Falta de Atenção à Condução";"Saída de leito carroçável";"Com Vítimas Feridas";"Plena Noite";"Decrescente";"Céu Claro";"Simples";"Em Obras";"Sim";1;0;1;0;0;0;1;1;-20,787264;-49,353985;"SPRF-SP";"DEL09-SP";"UOP01-DEL09-SP"
163378;2018-10-04;"quinta-feira";"21:55:00";"RJ";101;330;"RIO DE JANEIRO";"Objeto estático sobre o leito carroçável";"Incêndio";"Sem Vítimas";"Plena Noite";"Decrescente";"Céu Claro";"Dupla";"Reta";"Não";1;0;0;0;1;0;0;1;-22,868481;-43,18568;"SPRF-RJ";"DEL02-RJ";"UOP02-DEL02-RJ"
163379;2018-10-04;"quinta-feira";"21:15:00";"CE";222;119,9;"ITAPAJE";"Ingestão de Álcool";"Colisão frontal";"Com Vítimas Feridas";"Plena Noite";"Crescente";"Céu Claro";"Simples";"Curva;Declive";"Não";2;0;1;1;0;0;2;2;-3,7106;-39,56712;"SPRF-CE";"DEL04-CE";"UOP03-DEL04-CE"
163384;2018-10-04;"quinta-feira";"23:35:00";"PE";424;70,6;"CAETES";"Animais na Pista";"Saída de leito carroçável";"Com Vítimas Fatais";"Plena Noite";"Crescente";"Céu Claro";"Simples";"Reta";"Não";4;1;2;1;0;0;3;1;-8,78722;-36,60864;"SPRF-PE";"DEL03-PE";"UOP01-DEL03-PE"
163385;2018-10-04;"quinta-feira";"21:40:00";"SC";101;281,1;"IMBITUBA";"Ingestão de Álcool";"Colisão transversal";"Com Vítimas Feridas";"Plena Noite";"Decrescente";"Ignorado";"Simples";"Rotatória";"Sim";3;0;1;0;2;0;1;2;-28,2267;-48,7012;"SPRF-SC";"DEL02-SC";"UOP03-DEL02-SC"
163388;2018-10-05;"sexta-feira";"00:45:00";"RJ";116;176,2;"NOVA IGUACU";"Desobediência às normas de trânsito pelo pedestre";"Atropelamento de Pedestre";"Com Vítimas Feridas";"Plena Noite";"Decrescente";"Chuva";"Múltipla";"Reta";"Sim";2;0;1;0;0;1;1;2;-22,75800824;-43,42967927;"SPRF-RJ";"DEL01-RJ";"UOP02-DEL01-RJ"
163389;2018-10-05;"sexta-feira";"02:00:00";"GO";50;280,3;"CATALAO";"Ingestão de Álcool";"Queda de ocupante de veículo";"Com Vítimas Feridas";"Pleno dia";"Crescente";"Céu Claro";"Simples";"Reta";"Sim";1;0;1;0;0;0;1;1;-18,1784;-47,9362;"SPRF-GO";"DEL06-GO";"UOP01-DEL06-GO"
163391;2018-10-05;"sexta-feira";"01:30:00";"SC";101;415,3;"ARARANGUA";"Falta de Atenção à Condução";"Colisão traseira";"Com Vítimas Feridas";"Plena Noite";"Decrescente";"Nublado";"Simples";"Reta";"Sim";2;0;2;0;0;0;2;2;-28,95895533;-49,51493025;"SPRF-SC";"DEL02-SC";"UOP02-DEL02-SC"
163392;2018-10-04;"quinta-feira";"20:00:00";"RO";364;552,5;"ALTO PARAISO";"Ingestão de Álcool";"Colisão frontal";"Com Vítimas Feridas";"Plena Noite";"Crescente";"Céu Claro";"Simples";"Reta";"Não";3;0;1;0;2;0;1;2;-9,62241414;-63,07250977;"SPRF-RO";"DEL03-RO";"UOP01-DEL03-RO"
163394;2018-10-05;"sexta-feira";"02:15:00";"SC";470;332;"CAMPOS NOVOS";"Condutor Dormindo";"Saída de leito carroçável";"Com Vítimas Feridas";"Plena Noite";"Decrescente";"Céu Claro";"Simples";"Curva";"Não";1;0;0;1;0;0;1;1;-27,482849;-51,31358;"SPRF-SC";"DEL07-SC";"UOP06-DEL07-SC"
163395;2018-10-05;"sexta-feira";"04:15:00";"RN";101;96;"NATAL";"Falta de Atenção à Condução";"Capotamento";"Sem Vítimas";"Amanhecer";"Crescente";"Céu Claro";"Múltipla";"Reta";"Sim";5;0;0;0;4;1;0;1;-5,852606;-35,2103793;"SPRF-RN";"DEL01-RN";"UOP01-DEL01-RN"
163396;2018-10-05;"sexta-feira";"04:06:00";"GO";40;6,4;"VALPARAISO DE GOIAS";"Falta de Atenção à Condução";"Colisão traseira";"Sem Vítimas";"Plena Noite";"Crescente";"Céu Claro";"Dupla";"Reta";"Sim";2;0;0;0;2;0;0;2;-16,100814;-47,977351;"SPRF-DF";"DEL01-DF";"UOP01-DEL01-DF"
163398;2018-10-05;"sexta-feira";"05:30:00";"SC";101;57,8;"JOINVILLE";"Velocidade Incompatível";"Queda de ocupante de veículo";"Com Vítimas Feridas";"Amanhecer";"Decrescente";"Chuva";"Dupla";"Reta";"Não";1;0;0;1;0;0;1;1;-26,4403;-48,801;"SPRF-SC";"DEL03-SC";"UOP01-DEL03-SC"
163399;2018-10-05;"sexta-feira";"05:00:00";"PR";376;652;"TIJUCAS DO SUL";"Velocidade Incompatível";"Saída de leito carroçável";"Com Vítimas Feridas";"Plena Noite";"Crescente";"Garoa/Chuvisco";"Simples";"Curva;Declive";"Não";1;0;1;0;0;0;1;1;-25,84153511;-49,0391922;"SPRF-PR";"DEL01-PR";"DEL7/1-UOP08/PR"
163400;2018-10-05;"sexta-feira";"05:45:00";"MG";116;679,6;"MIRADOURO";"Condutor Dormindo";"Saída de leito carroçável";"Com Vítimas Feridas";"Amanhecer";"Crescente";"Céu Claro";"Simples";"Curva";"Não";3;0;3;0;0;0;3;1;-20,92406476;-42,33690172;"SPRF-MG";"DEL07-MG";"UOP02-DEL07-MG"
163407;2018-10-05;"sexta-feira";"06:50:00";"SC";280;50,9;"GUARAMIRIM";"Falta de Atenção à Condução";"Colisão lateral";"Com Vítimas Feridas";"Pleno dia";"Crescente";"Nublado";"Simples";"Reta";"Sim";2;0;1;0;1;0;1;2;-26,46501214;-48,95436818;"SPRF-SC";"DEL03-SC";"UOP03-DEL03-SC"
163409;2018-09-23;"domingo";"14:00:00";"SC";101;200,4;"SAO JOSE";"Falta de Atenção do Pedestre";"Atropelamento de Pedestre";"Com Vítimas Feridas";"Pleno dia";"Crescente";"Céu Claro";"Múltipla";"Reta";"Sim";4;0;0;1;3;0;1;4;-27,54848292;-48,61977425;"SPRF-SC";"DEL01-SC";"UOP01-DEL01-SC"
163410;2018-10-05;"sexta-feira";"07:25:00";"RS";158;329,8;"SANTA MARIA";"Desobediência às normas de trânsito pelo condutor";"Colisão transversal";"Com Vítimas Feridas";"Pleno dia";"Crescente";"Céu Claro";"Simples";"Rotatória";"Sim";2;0;0;1;1;0;1;2;-29,70039235;-53,84060383;"SPRF-RS";"DEL09-RS";"UOP01-DEL09-RS"
163411;2018-10-05;"sexta-feira";"07:20:00";"ES";101;267,7;"SERRA";"Não guardar distância de segurança";"Colisão traseira";"Com Vítimas Feridas";"Pleno dia";"Decrescente";"Nublado";"Dupla";"Interseção de Vias";"Sim";2;0;1;0;1;0;1;2;-20,20636207;-40,26920289;"SPRF-ES";"DEL02-ES";"UOP01-DEL02-ES"
163412;2018-10-05;"sexta-feira";"06:50:00";"ES";101;37,8;"CONCEICAO DA BARRA";"Condutor Dormindo";"Saída de leito carroçável";"Com Vítimas Feridas";"Pleno dia";"Decrescente";"Céu Claro";"Simples";"Reta";"Não";1;0;0;1;0;0;1;1;-18,47333;-39,926613;"SPRF-ES";"DEL04-ES";"UOP02-DEL04-ES"
163413;2018-10-05;"sexta-feira";"07:35:00";"PR";277;107;"CAMPO LARGO";"Não guardar distância de segurança";"Queda de ocupante de veículo";"Com Vítimas Feridas";"Pleno dia";"Decrescente";"Garoa/Chuvisco";"Dupla";"Reta";"Não";2;0;1;1;0;0;2;1;-25,43522164;-49,44087835;"SPRF-PR";"DEL01-PR";"UOP06-DEL01-PR"
163417;2018-10-05;"sexta-feira";"07:00:00";"PI";316;9;"TERESINA";"Falta de Atenção à Condução";"Colisão traseira";"Com Vítimas Feridas";"Pleno dia";"Crescente";"Céu Claro";"Simples";"Reta";"Sim";3;0;1;0;2;0;1;3;-5,14996306;-42,77378613;"SPRF-PI";"DEL01-PI";"UOP02-DEL01-PI"
163418;2018-10-05;"sexta-feira";"01:40:00";"SP";381;87,5;"GUARULHOS";"Falta de Atenção à Condução";"Capotamento";"Com Vítimas Feridas";"Plena Noite";"Crescente";"Nublado";"Dupla";"Reta";"Sim";2;0;1;0;1;0;1;1;-23,47268618;-46,56312557;"SPRF-SP";"DEL03-SP";"DEL6/3-UOP03/SP"
163419;2018-10-05;"sexta-feira";"07:45:00";"SC";101;215,3;"PALHOCA";"Falta de Atenção à Condução";"Tombamento";"Com Vítimas Feridas";"Pleno dia";"Crescente";"Nublado";"Múltipla";"Reta";"Sim";1;0;1;0;0;0;1;1;-27,6601;-48,6774;"SPRF-SC";"DEL01-SC";"UOP02-DEL01-SC"
163420;2018-10-05;"sexta-feira";"07:30:00";"MG";381;500;"BETIM";"Mal Súbito";"Colisão traseira";"Com Vítimas Feridas";"Pleno dia";"Crescente";"Céu Claro";"Dupla";"Reta";"Sim";4;0;3;0;1;0;3;2;-20,002554;-44,21196;"SPRF-MG";"DEL01-MG";"UOP03-DEL01-MG"
163421;2018-10-05;"sexta-feira";"08:05:00";"SC";101;213;"PALHOCA";"Desobediência às normas de trânsito pelo condutor";"Colisão lateral";"Com Vítimas Feridas";"Pleno dia";"Decrescente";"Nublado";"Dupla";"Reta";"Sim";3;0;1;0;1;1;1;3;-27,6446;-48,6705;"SPRF-SC";"DEL01-SC";"UOP02-DEL01-SC"
163422;2018-10-05;"sexta-feira";"07:00:00";"PI";343;12;"PARNAIBA";"Desobediência às normas de trânsito pelo condutor";"Colisão transversal";"Com Vítimas Feridas";"Pleno dia";"Decrescente";"Céu Claro";"Dupla";"Rotatória";"Sim";2;0;1;0;1;0;1;2;-2,910035;-41,753662;"SPRF-PI";"DEL05-PI";"UOP01-DEL05-PI"
163423;2018-10-05;"sexta-feira";"08:00:00";"MG";40;532,2;"BELO HORIZONTE";"Falta de Atenção à Condução";"Atropelamento de Pedestre";"Com Vítimas Feridas";"Pleno dia";"Crescente";"Céu Claro";"Dupla";"Reta";"Sim";2;0;1;0;1;0;1;2;-19,9256;-44,0053;"SPRF-MG";"DEL01-MG";"UOP03-DEL01-MG"
163425;2018-10-05;"sexta-feira";"07:40:00";"PI";343;597,1;"FLORIANO";"Não guardar distância de segurança";"Colisão traseira";"Com Vítimas Feridas";"Pleno dia";"Crescente";"Céu Claro";"Dupla";"Reta;Aclive";"Sim";3;0;2;0;1;0;2;2;-6,812184;-43,056244;"SPRF-PI";"DEL03-PI";"UOP01-DEL03-PI"
163426;2018-10-05;"sexta-feira";"08:30:00";"MG";262;373,5;"JUATUBA";"Não guardar distância de segurança";"Colisão com objeto estático";"Com Vítimas Feridas";"Pleno dia";"Decrescente";"Céu Claro";"Dupla";"Reta";"Não";1;0;0;1;0;0;1;1;-19,943;-44,3855;"SPRF-MG";"DEL01-MG";"UOP03-DEL01-MG"
163427;2018-09-16;"domingo";"11:20:00";"MA";135;14;"SAO LUIS";"Não guardar distância de segurança";"Colisão transversal";"Com Vítimas Feridas";"Pleno dia";"Crescente";"Céu Claro";"Dupla";"Reta";"Sim";3;0;0;2;1;0;2;2;-2,6877604;-44,2997062;"SPRF-MA";"DEL01-MA";"UOP01-DEL01-MA"
163428;2018-10-05;"sexta-feira";"07:10:00";"MG";262;443,8;"NOVA SERRANA";"Falta de Atenção à Condução";"Colisão traseira";"Com Vítimas Feridas";"Pleno dia";"Crescente";"Sol";"Simples";"Interseção de Vias;Declive";"Sim";2;0;1;0;1;0;1;2;-19,880623;-44,912323;"SPRF-MG";"DEL08-MG";"UOP03-DEL08-MG"
163429;2018-10-05;"sexta-feira";"08:05:00";"PR";116;120,9;"CURITIBA";"Falta de Atenção à Condução";"Colisão lateral";"Com Vítimas Feridas";"Pleno dia";"Decrescente";"Nublado";"Dupla";"Reta";"Sim";2;0;1;0;1;0;1;2;-25,551222;-49,305038;"SPRF-PR";"DEL01-PR";"UOP03-DEL01-PR"
163430;2018-10-05;"sexta-feira";"07:30:00";"SP";381;69,8;"MAIRIPORA";"Pista Escorregadia";"Capotamento";"Com Vítimas Feridas";"Pleno dia";"Decrescente";"Garoa/Chuvisco";"Dupla";"Curva";"Não";2;0;2;0;0;0;2;1;-23,349266;-46,560744;"SPRF-SP";"DEL03-SP";"DEL6/3-UOP03/SP"
163431;2018-10-05;"sexta-feira";"09:30:00";"BA";116;379;"SERRINHA";"Defeito na Via";"Tombamento";"Com Vítimas Feridas";"Pleno dia";"Crescente";"Céu Claro";"Simples";"Reta";"Não";1;0;0;1;0;0;1;1;-11,78502226;-38,98635864;"SPRF-BA";"DEL02-BA";"DEL10/2-UOP02/BA"
163435;2018-10-05;"sexta-feira";"09:40:00";"MG";153;37,9;"CANAPOLIS";"Velocidade Incompatível";"Saída de leito carroçável";"Com Vítimas Fatais";"Pleno dia";"Crescente";"Sol";"Dupla";"Declive;Reta";"Não";3;1;0;2;0;0;2;1;-18,73080027;-49,11004689;"SPRF-MG";"DEL15-MG";"UOP03-DEL15-MG"
163436;2018-10-05;"sexta-feira";"09:40:00";"MG";267;70;"BICAS";"Falta de Atenção à Condução";"Colisão com objeto estático";"Com Vítimas Feridas";"Pleno dia";"Decrescente";"Céu Claro";"Simples";"Curva";"Não";1;0;1;0;0;0;1;1;-21,7569;-43,1648;"SPRF-MG";"DEL05-MG";"UOP01-DEL05-MG"
163438;2018-10-05;"sexta-feira";"09:40:00";"SC";101;205,4;"SAO JOSE";"Falta de Atenção do Pedestre";"Atropelamento de Pedestre";"Com Vítimas Feridas";"Pleno dia";"Crescente";"Nublado";"Dupla";"Reta";"Não";2;0;0;1;1;0;1;2;-27,592;-48,6181;"SPRF-SC";"DEL01-SC";"UOP01-DEL01-SC"
163439;2018-04-15;"domingo";"18:45:00";"PI";343;260;"CAMPO MAIOR";"Desobediência às normas de trânsito pelo condutor";"Colisão traseira";"Com Vítimas Feridas";"Plena Noite";"Crescente";"Chuva";"Simples";"Reta";"Não";3;0;2;1;0;0;3;2;-4,802398;-42,137829;"SPRF-PI";"DEL01-PI";"UOP03-DEL01-PI"
163441;2018-10-05;"sexta-feira";"09:30:00";"RS";392;139;"CANGUCU";"Falta de Atenção à Condução";"Saída de leito carroçável";"Com Vítimas Feridas";"Pleno dia";"Decrescente";"Céu Claro";"Simples";"Reta";"Não";3;0;3;0;0;0;3;1;-31,256683;-52,79509;"SPRF-RS";"DEL07-RS";"UOP01-DEL07-RS"
163445;2018-10-05;"sexta-feira";"10:40:00";"PR";158;524,2;"PATO BRANCO";"Falta de Atenção à Condução";"Colisão lateral";"Com Vítimas Feridas";"Pleno dia";"Crescente";"Nublado";"Simples";"Curva";"Sim";2;0;1;0;1;0;1;2;-26,20228;-52,678215;"SPRF-PR";"DEL02-PR";"UOP01-DEL02-PR"
163449;2018-10-05;"sexta-feira";"11:00:00";"PE";101;45,8;"IGARASSU";"Falta de Atenção do Pedestre";"Atropelamento de Pedestre";"Com Vítimas Feridas";"Pleno dia";"Crescente";"Céu Claro";"Múltipla";"Reta";"Sim";2;0;1;0;1;0;1;2;-7,87296811;-34,90600795;"SPRF-PE";"DEL01-PE";"UOP02-DEL01-PE"
163450;2018-10-05;"sexta-feira";"09:00:00";"CE";304;52,8;"ARACATI";"Falta de Atenção à Condução";"Colisão transversal";"Com Vítimas Feridas";"Pleno dia";"Decrescente";"Céu Claro";"Simples";"Interseção de Vias";"Não";3;0;1;0;2;0;1;3;-4,57345182;-37,73792982;"SPRF-CE";"DEL03-CE";"UOP03-DEL03-CE"
163452;2018-09-17;"segunda-feira";"05:40:00";"PB";230;12;"CABEDELO";"Falta de Atenção à Condução";"Saída de leito carroçável";"Com Vítimas Feridas";"Pleno dia";"Crescente";"Céu Claro";"Dupla";"Reta";"Sim";1;0;0;1;0;0;1;1;-7,074;-34,8497;"SPRF-PB";"DEL01-PB";"UOP01-DEL01-PB"
163453;2018-10-05;"sexta-feira";"12:30:00";"ES";101;297,6;"VIANA";"Falta de Atenção à Condução";"Colisão traseira";"Com Vítimas Feridas";"Pleno dia";"Decrescente";"Céu Claro";"Dupla";"Curva";"Sim";2;0;1;0;0;1;1;2;-20,35637606;-40,41827202;"SPRF-ES";"DEL01-ES";"UOP01-DEL01-ES"
163454;2018-10-05;"sexta-feira";"12:30:00";"MG";262;37,1;"MANHUACU";"Falta de Atenção do Pedestre";"Atropelamento de Pedestre";"Com Vítimas Feridas";"Pleno dia";"Decrescente";"Céu Claro";"Simples";"Reta";"Não";2;0;1;0;1;0;1;2;-20,25749;-42,030487;"SPRF-MG";"DEL06-MG";"UOP03-DEL06-MG"
163456;2018-10-05;"sexta-feira";"12:10:00";"PR";376;218;"JANDAIA DO SUL";"Desobediência às normas de trânsito pelo condutor";"Colisão transversal";"Com Vítimas Feridas";"Pleno dia";"Decrescente";"Céu Claro";"Simples";"Interseção de Vias";"Sim";3;0;1;0;2;0;1;2;-23,59856455;-51,62781266;"SPRF-PR";"DEL07-PR";"UOP03-DEL07-PR"
163458;2018-10-05;"sexta-feira";"12:15:00";"RO";364;202,6;"PIMENTA BUENO";"Falta de Atenção à Condução";"Colisão transversal";"Sem Vítimas";"Pleno dia";"Decrescente";"Sol";"Simples";"Interseção de Vias";"Sim";3;0;0;0;3;0;0;2;-11,632304;-61,203632;"SPRF-RO";"DEL02-RO";"UOP02-DEL02-RO"
163459;2018-10-05;"sexta-feira";"11:10:00";"SC";101;136,3;"BALNEARIO CAMBORIU";"Ingestão de Álcool";"Colisão traseira";"Com Vítimas Feridas";"Pleno dia";"Decrescente";"Nublado";"Dupla";"Curva";"Sim";2;0;1;0;1;0;1;2;-27,0158;-48,6117;"SPRF-SC";"DEL04-SC";"UOP03-DEL04-SC"
163461;2018-10-05;"sexta-feira";"13:00:00";"RJ";101;75;"CAMPOS DOS GOYTACAZES";"Falta de Atenção à Condução";"Saída de leito carroçável";"Com Vítimas Feridas";"Pleno dia";"Decrescente";"Chuva";"Simples";"Curva";"Não";5;0;5;0;0;0;5;1;-21,81991211;-41,39775541;"SPRF-RJ";"DEL08-RJ";"UOP02-DEL08-RJ"
163462;2018-10-05;"sexta-feira";"12:50:00";"MG";381;502;"BETIM";"Falta de Atenção à Condução";"Colisão frontal";"Com Vítimas Feridas";"Pleno dia";"Crescente";"Nublado";"Simples";"Reta";"Sim";2;0;1;0;1;0;1;2;-20,0236;-44,2299;"SPRF-MG";"DEL01-MG";"UOP03-DEL01-MG"
163463;2018-09-05;"quarta-feira";"19:35:00";"PE";423;93,9;"GARANHUNS";"Desobediência às normas de trânsito pelo condutor";"Colisão transversal";"Com Vítimas Feridas";"Plena Noite";"Decrescente";"Ignorado";"Dupla";"Interseção de Vias";"Sim";2;0;0;1;1;0;1;2;-8,875696;-36,472146;"SPRF-PE";"DEL03-PE";"UOP01-DEL03-PE"
163464;2018-10-05;"sexta-feira";"09:50:00";"MT";70;729,3;"CACERES";"Falta de Atenção à Condução";"Colisão lateral";"Com Vítimas Feridas";"Pleno dia";"Crescente";"Sol";"Simples";"Reta";"Sim";3;0;2;0;1;0;2;2;-16,11057302;-57,6719715;"SPRF-MT";"DEL03-MT";"UOP01-DEL03-MT"
163466;2018-10-05;"sexta-feira";"14:15:00";"SC";280;30,7;"ARAQUARI";"Falta de Atenção à Condução";"Colisão transversal";"Com Vítimas Feridas";"Pleno dia";"Crescente";"Céu Claro";"Simples";"Reta";"Sim";3;0;1;1;1;0;2;2;-26,415691;-48,768541;"SPRF-SC";"DEL03-SC";"UOP03-DEL03-SC"
163467;2018-10-05;"sexta-feira";"13:50:00";"CE";116;341,9;"JAGUARIBE";"Desobediência às normas de trânsito pelo condutor";"Colisão com objeto estático";"Com Vítimas Feridas";"Pleno dia";"Decrescente";"Céu Claro";"Simples";"Reta";"Não";4;0;2;2;0;0;4;2;-6,18884336;-38,66519094;"SPRF-CE";"DEL05-CE";"UOP02-DEL05-CE"
163469;2018-04-04;"quarta-feira";"08:14:00";"SC";101;114;"ITAJAI";"Velocidade Incompatível";"Colisão traseira";"Com Vítimas Fatais";"Pleno dia";"Crescente";"Céu Claro";"Múltipla";"Declive";"Sim";3;1;0;0;2;0;0;3;-26,8708;-48,7293;"SPRF-SC";"DEL04-SC";"UOP04-DEL04-SC"
163470;2018-10-05;"sexta-feira";"14:15:00";"GO";153;439,6;"ANAPOLIS";"Defeito na Via";"Saída de leito carroçável";"Com Vítimas Fatais";"Pleno dia";"Decrescente";"Céu Claro";"Dupla";"Curva;Declive";"Sim";3;1;2;0;0;0;2;1;-16,312991;-48,921938;"SPRF-GO";"DEL02-GO";"UOP01-DEL02-GO"
163471;2018-10-05;"sexta-feira";"13:20:00";"MT";70;378;"CAMPO VERDE";"Falta de Atenção à Condução";"Queda de ocupante de veículo";"Com Vítimas Feridas";"Pleno dia";"Decrescente";"Céu Claro";"Simples";"Curva";"Não";2;0;2;0;0;0;2;1;-15,53928555;-55,14194727;"SPRF-MT";"DEL05-MT";"UOP01-DEL05-MT"
163472;2018-10-05;"sexta-feira";"14:30:00";"RJ";101;262;"RIO BONITO";"Pista Escorregadia";"Colisão com objeto estático";"Com Vítimas Feridas";"Pleno dia";"Decrescente";"Chuva";"Dupla";"Curva";"Não";1;0;1;0;0;0;1;1;-22,713675;-42,620529;"SPRF-RJ";"DEL02-RJ";"UOP03-DEL02-RJ"
163473;2018-10-05;"sexta-feira";"15:05:00";"PB";230;23;"JOAO PESSOA";"Velocidade Incompatível";"Colisão traseira";"Com Vítimas Feridas";"Pleno dia";"Decrescente";"Céu Claro";"Dupla";"Viaduto";"Sim";2;0;1;0;1;0;1;2;-7,1644028;-34,8615838;"SPRF-PB";"DEL01-PB";"UOP01-DEL01-PB"
163475;2018-10-05;"sexta-feira";"14:45:00";"PR";277;395;"CANDOI";"Defeito Mecânico no Veículo";"Colisão traseira";"Com Vítimas Feridas";"Pleno dia";"Crescente";"Sol";"Simples";"Reta";"Sim";3;0;1;0;2;0;1;2;-25,449112;-51,922703;"SPRF-PR";"DEL03-PR";"UOP01-DEL08-PR"
163476;2018-09-19;"quarta-feira";"12:30:00";"MS";163;22,4;"MUNDO NOVO";"Não guardar distância de segurança";"Colisão traseira";"Com Vítimas Feridas";"Pleno dia";"Decrescente";"Sol";"Simples";"Reta;Declive";"Não";2;0;0;1;1;0;1;2;-23,89399932;-54,31014061;"SPRF-MS";"DEL09-MS";"UOP02-DEL09-MS"
163477;2018-10-05;"sexta-feira";"12:50:00";"SC";470;274;"BRUNOPOLIS";"Falta de Atenção à Condução";"Colisão transversal";"Com Vítimas Feridas";"Pleno dia";"Crescente";"Céu Claro";"Simples";"Reta";"Não";2;0;0;1;1;0;1;2;-27,328598;-50,803162;"SPRF-SC";"DEL07-SC";"UOP06-DEL07-SC"
163478;2018-10-05;"sexta-feira";"13:30:00";"CE";116;447;"BARRO";"Ingestão de Álcool";"Saída de leito carroçável";"Com Vítimas Feridas";"Pleno dia";"Crescente";"Céu Claro";"Simples";"Reta";"Não";1;0;0;1;0;0;1;1;-7,105878;-38,780621;"SPRF-CE";"DEL05-CE";"UOP03-DEL05-CE"
163479;2018-10-05;"sexta-feira";"15:15:00";"PB";230;31;"BAYEUX";"Não guardar distância de segurança";"Colisão traseira";"Com Vítimas Feridas";"Pleno dia";"Crescente";"Céu Claro";"Dupla";"Curva";"Não";2;0;1;0;1;0;1;2;-7,1484;-34,9129;"SPRF-PB";"DEL01-PB";"UOP01-DEL01-PB"
163484;2018-10-05;"sexta-feira";"15:15:00";"SC";101;202;"SAO JOSE";"Não guardar distância de segurança";"Colisão traseira";"Com Vítimas Feridas";"Pleno dia";"Decrescente";"Nublado";"Dupla";"Reta";"Sim";2;0;0;1;1;0;1;2;-27,5651;-48,6144;"SPRF-SC";"DEL01-SC";"UOP01-DEL01-SC"
163485;2018-10-05;"sexta-feira";"13:20:00";"MT";364;201,4;"RONDONOPOLIS";"Falta de Atenção à Condução";"Queda de ocupante de veículo";"Com Vítimas Feridas";"Pleno dia";"Decrescente";"Nublado";"Dupla";"Reta";"Sim";1;0;1;0;0;0;1;1;-16,491405;-54,646378;"SPRF-MT";"DEL02-MT";"UOP01-DEL02-MT"