"id";"data_inversa";"dia_semana";"horario";"uf";"br";"km";"municipio";"causa_acidente";"tipo_acidente";"classificacao_acidente";"fase_dia";"sentido_via";"condicao_metereologica";"tipo_pista";"tracado_via";"uso_solo";"pessoas";"mortos";"feridos_leves";"feridos_graves";"ilesos";"ignorados";"feridos";"veiculos";"latitude";"longitude";"regional";"delegacia";"uop"
163595;2018-10-05;"sexta-feira";"22:30:00";"SP";116;227,5;"SAO PAULO";"Falta de Atenção à Condução";"Colisão lateral";"Sem Vítimas";"Plena Noite";"Decrescente";"Nublado";"Múltipla";"Reta";"Sim";2;0;0;0;2;0;0;2;-23,50156446;-46,56353474;"SPRF-SP";"DEL01-SP";"UOP01-DEL01-SP"
163596;2018-10-06;"sábado";"00:50:00";"CE";20;412;"CAUCAIA";"Falta de Atenção à Condução";"Saída de leito carroçável";"Com Vítimas Feridas";"Plena Noite";"Decrescente";"Céu Claro";"Dupla";"Em Obras";"Não";2;0;1;1;0;0;2;1;-3,79685677;-38,64616871;"SPRF-CE";"DEL01-CE";"UOP01-DEL01-CE"
163597;2018-10-05;"sexta-feira";"22:20:00";"SP";116;227,5;"SAO PAULO";"Ingestão de Álcool";"Colisão lateral";"Sem Vítimas";"Plena Noite";"Decrescente";"Nublado";"Múltipla";"Reta";"Sim";2;0;0;0;2;0;0;2;-23,50156446;-46,56353474;"SPRF-SP";"DEL01-SP";"UOP01-DEL01-SP"
163598;2018-10-06;"sábado";"01:25:00";"SP";116;545,8;"BARRA DO TURVO";"Velocidade Incompatível";"Saída de leito carroçável";"Com Vítimas Feridas";"Plena Noite";"Crescente";"Garoa/Chuvisco";"Dupla";"Curva";"Não";1;0;1;0;0;0;1;1;-24,756866;-48,50514;"SPRF-SP";"DEL05-SP";"UOP02-DEL05-SP"
163599;2018-10-06;"sábado";"01:30:00";"AP";210;6;"MACAPA";"Condutor Dormindo";"Saída de leito carroçável";"Com Vítimas Feridas";"Plena Noite";"Decrescente";"Céu Claro";"Dupla";"Reta";"Sim";1;0;0;1;0;0;1;1;0,09357687;-51,11267924;"SPRF-AP";"DEL01-AP";"UOP01-DEL01-AP"
163602;2018-10-06;"sábado";"00:05:00";"MS";163;229;"CAARAPO";"Defeito Mecânico no Veículo";"Incêndio";"Sem Vítimas";"Plena Noite";"Crescente";"Céu Claro";"Dupla";"Reta";"Não";1;0;0;0;1;0;0;1;-22,528721;-54,853312;"SPRF-MS";"DEL04-MS";"UOP02-DEL04-MS"
163603;2018-10-06;"sábado";"01:50:00";"PR";277;69,4;"SAO JOSE DOS PINHAIS";"Desobediência às normas de trânsito pelo condutor";"Colisão frontal";"Com Vítimas Feridas";"Plena Noite";"Decrescente";"Nublado";"Dupla";"Reta";"Sim";2;0;0;1;1;0;1;2;-25,51813043;-49,11349333;"SPRF-PR";"DEL01-PR";"UOP07-DEL01-PR"
163604;2018-10-06;"sábado";"01:10:00";"PI";343;3,8;"TERESINA";"Falta de Atenção à Condução";"Colisão traseira";"Com Vítimas Feridas";"Plena Noite";"Decrescente";"Céu Claro";"Múltipla";"Reta";"Sim";3;0;1;0;0;2;1;2;-5,089569;-42,802288;"SPRF-PI";"DEL01-PI";"UOP01-DEL01-PI"
163605;2018-10-06;"sábado";"02:20:00";"TO";153;360,5;"FORTALEZA DO TABOCAO";"Falta de Atenção do Pedestre";"Atropelamento de Pedestre";"Com Vítimas Fatais";"Pleno dia";"Crescente";"Nublado";"Simples";"Reta";"Sim";2;1;0;0;1;0;0;2;-9,064267;-48,520252;"SPRF-TO";"DEL02-TO";"UOP02-DEL02-TO"
163607;2018-10-06;"sábado";"03:00:00";"RS";290;43,8;"GLORINHA";"Condutor Dormindo";"Capotamento";"Com Vítimas Feridas";"Plena Noite";"Crescente";"Céu Claro";"Dupla";"Reta";"Não";2;0;1;1;0;0;2;1;-29,88978;-50,69782;"SPRF-RS";"DEL03-RS";"UOP02-DEL03-RS"
163608;2018-10-06;"sábado";"03:00:00";"MG";381;500;"BETIM";"Avarias e/ou desgaste excessivo no pneu";"Danos eventuais";"Com Vítimas Feridas";"Plena Noite";"Crescente";"Céu Claro";"Dupla";"Reta";"Sim";2;0;2;0;0;0;2;1;-20,002554;-44,21196;"SPRF-MG";"DEL01-MG";"UOP03-DEL01-MG"
163609;2018-10-06;"sábado";"03:00:00";"BA";101;491;"ITAJUIPE";"Falta de Atenção à Condução";"Colisão traseira";"Com Vítimas Feridas";"Plena Noite";"Crescente";"Céu Claro";"Simples";"Reta";"Não";4;0;3;0;1;0;3;2;-14,66641042;-39,35167355;"SPRF-BA";"DEL05-BA";"UOP01-DEL05-BA"
163610;2018-10-06;"sábado";"02:20:00";"SC";101;232,6;"PALHOCA";"Desobediência às normas de trânsito pelo condutor";"Saída de leito carroçável";"Sem Vítimas";"Plena Noite";"Crescente";"Nublado";"Dupla";"Aclive";"Sim";1;0;0;0;1;0;0;1;-27,8032;-48,6381;"SPRF-SC";"DEL01-SC";"UOP02-DEL01-SC"
163611;2018-10-06;"sábado";"03:00:00";"RS";386;437,6;"NOVA SANTA RITA";"Desobediência às normas de trânsito pelo condutor";"Colisão transversal";"Com Vítimas Feridas";"Plena Noite";"Crescente";"Céu Claro";"Simples";"Retorno Regulamentado";"Sim";3;0;1;0;1;1;1;3;-29,86103664;-51,2560299;"SPRF-RS";"DEL04-RS";"UOP02-DEL04-RS"
163612;2018-10-06;"sábado";"03:45:00";"SC";101;86;"BARRA VELHA";"Falta de Atenção à Condução";"Queda de ocupante de veículo";"Com Vítimas Feridas";"Plena Noite";"Decrescente";"Chuva";"Múltipla";"Reta";"Sim";1;0;1;0;0;0;1;1;-26,6504;-48,6869;"SPRF-SC";"DEL03-SC";"UOP02-DEL03-SC"
163614;2018-10-06;"sábado";"03:10:00";"PR";277;122;"CAMPO LARGO";"Ingestão de álcool e/ou substâncias psicoativas pelo pedestre";"Capotamento";"Com Vítimas Feridas";"Plena Noite";"Crescente";"Nublado";"Dupla";"Retorno Regulamentado";"Não";1;0;1;0;0;0;1;1;-25,44466971;-49,5661586;"SPRF-PR";"DEL01-PR";"UOP06-DEL01-PR"
163615;2018-10-06;"sábado";"03:20:00";"RS";386;232;"SOLEDADE";"Condutor Dormindo";"Saída de leito carroçável";"Com Vítimas Feridas";"Plena Noite";"Decrescente";"Céu Claro";"Simples";"Curva";"Não";4;0;4;0;0;0;4;1;-28,73006038;-52,55501032;"SPRF-RS";"DEL04-RS";"NPF/DEL04-RS"
163617;2018-10-06;"sábado";"04:45:00";"MG";262;433,8;"NOVA SERRANA";"Condutor Dormindo";"Saída de leito carroçável";"Com Vítimas Feridas";"Plena Noite";"Crescente";"Nublado";"Dupla";"Reta";"Não";1;0;1;0;0;0;1;1;-19,88527498;-44,89528656;"SPRF-MG";"DEL08-MG";"UOP03-DEL08-MG"
163618;2018-10-06;"sábado";"04:05:00";"GO";60;73;"ABADIANIA";"Objeto estático sobre o leito carroçável";"Saída de leito carroçável";"Com Vítimas Feridas";"Plena Noite";"Decrescente";"Céu Claro";"Dupla";"Curva;Declive";"Não";4;0;1;0;3;0;1;1;-16,275829;-48,777657;"SPRF-GO";"DEL02-GO";"UOP01-DEL02-GO"
163619;2018-10-06;"sábado";"04:45:00";"SC";470;49,2;"BLUMENAU";"Desobediência às normas de trânsito pelo condutor";"Colisão transversal";"Com Vítimas Feridas";"Amanhecer";"Crescente";"Nublado";"Simples";"Curva";"Sim";2;0;1;0;1;0;1;2;-26,86139914;-49,07051516;"SPRF-SC";"DEL04-SC";"UOP01-DEL04-SC"
163620;2018-10-06;"sábado";"04:30:00";"SC";101;135;"BALNEARIO CAMBORIU";"Ingestão de Álcool";"Colisão transversal";"Com Vítimas Feridas";"Plena Noite";"Decrescente";"Céu Claro";"Simples";"Declive";"Sim";2;0;1;0;1;0;1;2;-27,0081;-48,617;"SPRF-SC";"DEL04-SC";"UOP03-DEL04-SC"
163621;2018-10-06;"sábado";"05:30:00";"GO";153;506;"APARECIDA DE GOIANIA";"Avarias e/ou desgaste excessivo no pneu";"Queda de ocupante de veículo";"Com Vítimas Feridas";"Amanhecer";"Crescente";"Céu Claro";"Dupla";"Reta";"Sim";2;0;2;0;0;0;2;1;-16,7633;-49,24;"SPRF-GO";"DEL01-GO";"UOP01-DEL01-GO"
163623;2018-10-06;"sábado";"05:00:00";"RS";116;370,8;"SENTINELA DO SUL";"Falta de Atenção à Condução";"Colisão com objeto estático";"Com Vítimas Feridas";"Plena Noite";"Crescente";"Nublado";"Simples";"Curva";"Não";3;0;3;0;0;0;3;1;-30,6899148;-51,5776218;"SPRF-RS";"DEL02-RS";"UOP03-DEL02-RS"
163624;2018-10-06;"sábado";"05:40:00";"SC";280;129,3;"RIO NEGRINHO";"Velocidade Incompatível";"Saída de leito carroçável";"Sem Vítimas";"Amanhecer";"Decrescente";"Nublado";"Simples";"Rotatória";"Sim";1;0;0;0;1;0;0;1;-26,245865;-49,522846;"SPRF-SC";"DEL06-SC";"UOP03-DEL06-SC"
163625;2018-10-06;"sábado";"05:40:00";"PR";476;151,7;"ARAUCARIA";"Não guardar distância de segurança";"Capotamento";"Com Vítimas Feridas";"Plena Noite";"Crescente";"Nublado";"Dupla";"Reta";"Sim";3;0;2;0;1;0;2;1;-25,563601;-49,377041;"SPRF-PR";"DEL01-PR";"UOP06-DEL01-PR"
163626;2018-10-06;"sábado";"06:00:00";"PA";163;1004;"SANTAREM";"Falta de Atenção à Condução";"Colisão traseira";"Com Vítimas Feridas";"Amanhecer";"Crescente";"Céu Claro";"Dupla";"Reta";"Sim";2;0;1;0;1;0;1;2;-2,43031786;-54,73437488;"SPRF-PA";"DEL05-PA";"UOP01-DEL05-PA"
163627;2018-10-06;"sábado";"05:50:00";"PR";163;143,8;"CAPITAO LEONIDAS MARQUES";"Defeito Mecânico no Veículo";"Incêndio";"Sem Vítimas";"Amanhecer";"Decrescente";"Garoa/Chuvisco";"Simples";"Reta";"Não";1;0;0;0;1;0;0;1;-25,4714932;-53,58638406;"SPRF-PR";"DEL04-PR";"UOP05-DEL05-PR"
163628;2018-10-06;"sábado";"06:00:00";"MG";381;352;"JOAO MONLEVADE";"Pista Escorregadia";"Saída de leito carroçável";"Com Vítimas Feridas";"Amanhecer";"Crescente";"Chuva";"Simples";"Curva";"Não";1;0;1;0;0;0;1;1;-19,84971688;-43,14897537;"SPRF-MG";"DEL03-MG";"UOP01-DEL03-MG"
163632;2018-10-06;"sábado";"01:50:00";"SC";282;587;"SAUDADES";"Ingestão de Álcool";"Colisão com objeto estático";"Com Vítimas Feridas";"Plena Noite";"Crescente";"Nublado";"Simples";"Ponte";"Não";1;0;1;0;0;0;1;1;-26,830677;-53,04443;"SPRF-SC";"DEL07-SC";"UOP02-DEL07-SC"
163633;2018-10-06;"sábado";"06:35:00";"SP";116;145,3;"SAO JOSE DOS CAMPOS";"Velocidade Incompatível";"Saída de leito carroçável";"Com Vítimas Feridas";"Amanhecer";"Decrescente";"Céu Claro";"Dupla";"Reta";"Sim";6;0;4;0;2;0;4;3;-23,18796807;-45,8571589;"SPRF-SP";"DEL02-SP";"UOP01-DEL02-SP"
163634;2018-10-05;"sexta-feira";"22:00:00";"AL";104;14,8;"SAO JOSE DA LAJE";"Condutor Dormindo";"Saída de leito carroçável";"Com Vítimas Feridas";"Plena Noite";"Decrescente";"Céu Claro";"Simples";"Reta";"Não";1;0;1;0;0;0;1;1;-9,0186141;-36,03414983;"SPRF-AL";"DEL01-AL";"UOP02-DEL01-AL"
163635;2018-10-06;"sábado";"07:00:00";"ES";262;29,7;"DOMINGOS MARTINS";"Velocidade Incompatível";"Colisão frontal";"Com Vítimas Fatais";"Pleno dia";"Decrescente";"Nublado";"Simples";"Curva";"Não";3;1;1;0;1;0;1;2;-20,37653255;-40,56514978;"SPRF-ES";"DEL01-ES";"UOP01-DEL01-ES"
163636;2018-10-06;"sábado";"07:00:00";"SP";381;5;"VARGEM";"Condutor Dormindo";"Tombamento";"Com Vítimas Feridas";"Pleno dia";"Crescente";"Céu Claro";"Dupla";"Reta";"Não";1;0;1;0;0;0;1;1;-22,890451;-46,413268;"SPRF-SP";"DEL03-SP";"UOP02-DEL03-SP"
163637;2018-10-06;"sábado";"06:15:00";"MS";163;11,2;"MUNDO NOVO";"Falta de Atenção à Condução";"Capotamento";"Sem Vítimas";"Pleno dia";"Decrescente";"Sol";"Simples";"Reta";"Não";1;0;0;0;1;0;0;1;-23,969204;-54,328645;"SPRF-MS";"DEL09-MS";"UOP02-DEL09-MS"
163639;2018-10-06;"sábado";"07:10:00";"ES";101;155,2;"LINHARES";"Defeito Mecânico no Veículo";"Saída de leito carroçável";"Com Vítimas Feridas";"Amanhecer";"Decrescente";"Nublado";"Simples";"Reta";"Não";1;0;1;0;0;0;1;1;-19,44050285;-40,09022713;"SPRF-ES";"DEL04-ES";"UOP01-DEL04-ES"
163640;2018-10-06;"sábado";"07:35:00";"MG";262;433,6;"NOVA SERRANA";"Falta de Atenção à Condução";"Colisão com objeto estático";"Com Vítimas Fatais";"Pleno dia";"Crescente";"Céu Claro";"Simples";"Reta";"Não";4;1;2;0;0;1;2;3;-19,8868;-44,8934;"SPRF-MG";"DEL08-MG";"UOP03-DEL08-MG"
163641;2018-10-06;"sábado";"06:55:00";"PR";369;143,2;"LONDRINA";"Ingestão de Álcool";"Colisão traseira";"Com Vítimas Feridas";"Pleno dia";"Crescente";"Céu Claro";"Dupla";"Reta";"Sim";2;0;1;0;1;0;1;2;-23,29301277;-51,09736735;"SPRF-PR";"DEL07-PR";"UOP01-DEL07-PR"
163642;2018-10-06;"sábado";"04:20:00";"SP";116;221;"GUARULHOS";"Ingestão de Álcool";"Saída de leito carroçável";"Com Vítimas Feridas";"Amanhecer";"Crescente";"Céu Claro";"Múltipla";"Reta";"Sim";1;0;1;0;0;0;1;1;-23,47336324;-46,5214777;"SPRF-SP";"DEL01-SP";"UOP01-DEL01-SP"
163643;2018-10-06;"sábado";"07:20:00";"DF";251;26,3;"BRASILIA";"Ingestão de Álcool";"Colisão com objeto estático";"Sem Vítimas";"Pleno dia";"Decrescente";"Céu Claro";"Simples";"Declive";"Não";1;0;0;0;1;0;0;1;-15,9475512;-47,6869426;"SPRF-DF";"DEL01-DF";"UOP01-DEL01-DF"
163648;2018-09-15;"sábado";"09:00:00";"PB";101;60,9;"SANTA RITA";"Velocidade Incompatível";"Colisão com objeto estático";"Com Vítimas Feridas";"Pleno dia";"Decrescente";"Céu Claro";"Dupla";"Aclive;Curva";"Não";3;0;3;0;0;0;3;1;-7,0026013;-35,0644532;"SPRF-PB";"DEL01-PB";"UOP04-DEL01-PB"
163649;2018-10-06;"sábado";"06:50:00";"MG";40;749,9;"SANTOS DUMONT";"Velocidade Incompatível";"Saída de leito carroçável";"Com Vítimas Feridas";"Pleno dia";"Decrescente";"Chuva";"Dupla";"Curva";"Não";4;0;2;0;2;0;2;1;-21,4837;-43,538;"SPRF-MG";"DEL05-MG";"UOP01-DEL05-MG"
163650;2018-10-06;"sábado";"05:10:00";"PI";343;4,8;"TERESINA";"Não guardar distância de segurança";"Colisão traseira";"Com Vítimas Feridas";"Plena Noite";"Crescente";"Nublado";"Dupla";"Reta";"Sim";3;0;1;1;0;1;2;2;-5,089569;-42,802288;"SPRF-PI";"DEL01-PI";"UOP01-DEL01-PI"
163651;2018-10-06;"sábado";"07:40:00";"RN";406;133;"TAIPU";"Velocidade Incompatível";"Capotamento";"Com Vítimas Feridas";"Pleno dia";"Crescente";"Céu Claro";"Simples";"Declive";"Não";1;0;1;0;0;0;1;1;-5,646811;-35,583006;"SPRF-RN";"DEL02-RN";"UOP01-DEL02-RN"
163652;2018-10-06;"sábado";"07:30:00";"BA";242;598;"MUQUEM DE SAO FRANCISCO";"Desobediência às normas de trânsito pelo condutor";"Colisão transversal";"Com Vítimas Feridas";"Pleno dia";"Decrescente";"Céu Claro";"Simples";"Interseção de Vias";"Não";6;0;4;0;2;0;4;2;-12,1319;-43,337786;"SPRF-BA";"DEL10-BA";"UOP03-DEL06-BA"
163654;2018-10-06;"sábado";"06:00:00";"MG";365;136,4;"PIRAPORA";"Condutor Dormindo";"Saída de leito carroçável";"Com Vítimas Feridas";"Amanhecer";"Crescente";"Céu Claro";"Simples";"Reta";"Não";2;0;2;0;0;0;2;1;-17,18923;-44,811272;"SPRF-MG";"DEL12-MG";"UOP01-DEL12-MG"
163656;2018-10-06;"sábado";"05:50:00";"MG";381;483;"BETIM";"Condutor Dormindo";"Colisão com objeto estático";"Sem Vítimas";"Amanhecer";"Crescente";"Nublado";"Dupla";"Curva";"Sim";1;0;0;0;1;0;0;1;-19,9596;-44,0877;"SPRF-MG";"DEL01-MG";"UOP03-DEL01-MG"
163661;2018-10-06;"sábado";"09:00:00";"SP";101;43;"UBATUBA";"Falta de Atenção à Condução";"Colisão frontal";"Com Vítimas Feridas";"Pleno dia";"Decrescente";"Nublado";"Simples";"Interseção de Vias";"Sim";2;0;1;0;1;0;1;2;-23,412197;-45,057377;"SPRF-SP";"DEL06-SP";"UOP01-DEL06-SP"
163662;2018-10-06;"sábado";"08:30:00";"MG";381;346;"BELA VISTA DE MINAS";"Pista Escorregadia";"Saída de leito carroçável";"Com Vítimas Feridas";"Pleno dia";"Decrescente";"Garoa/Chuvisco";"Simples";"Curva";"Não";3;0;2;0;1;0;2;1;-19,7784;-43,0437;"SPRF-MG";"DEL03-MG";"UOP01-DEL03-MG"
163663;2018-10-06;"sábado";"08:50:00";"AP";210;1;"MACAPA";"Sinalização da via insuficiente ou inadequada";"Colisão transversal";"Com Vítimas Feridas";"Pleno dia";"Crescente";"Céu Claro";"Simples";"Interseção de Vias";"Sim";2;0;1;0;1;0;1;2;0,19775351;-51,33155823;"SPRF-AP";"DEL01-AP";"UOP01-DEL01-AP"
163664;2018-10-06;"sábado";"08:40:00";"RS";468;0,1;"PALMEIRA DAS MISSOES";"Falta de Atenção à Condução";"Capotamento";"Com Vítimas Feridas";"Pleno dia";"Decrescente";"Céu Claro";"Simples";"Rotatória";"Sim";3;0;3;0;0;0;3;1;-27,882782;-53,304043;"SPRF-RS";"DEL08-RS";"UOP01-DEL08-RS"
163665;2018-10-06;"sábado";"09:15:00";"MG";262;356,7;"BETIM";"Animais na Pista";"Colisão traseira";"Com Vítimas Feridas";"Pleno dia";"Decrescente";"Nublado";"Dupla";"Declive;Reta";"Não";4;0;3;0;1;0;3;2;-19,9843;-44,2418;"SPRF-MG";"DEL01-MG";"UOP03-DEL01-MG"
163666;2018-10-06;"sábado";"06:20:00";"SP";116;122,1;"CACAPAVA";"Falta de Atenção à Condução";"Colisão traseira";"Com Vítimas Feridas";"Amanhecer";"Crescente";"Nublado";"Dupla";"Reta";"Não";1;0;1;0;0;0;1;1;-23,081955;-45,661594;"SPRF-SP";"DEL06-SP";"UOP02-DEL02-SP"
163667;2018-10-06;"sábado";"07:10:00";"PI";135;377;"BOM JESUS";"Falta de Atenção à Condução";"Colisão traseira";"Sem Vítimas";"Pleno dia";"Crescente";"Céu Claro";"Simples";"Reta";"Não";2;0;0;0;2;0;0;2;-9,253311;-44,473774;"SPRF-PI";"DEL03-PI";"UOP02-DEL03-PI"
163668;2018-10-06;"sábado";"07:50:00";"MT";364;399;"CUIABA";"Falta de Atenção à Condução";"Colisão lateral";"Com Vítimas Feridas";"Pleno dia";"Decrescente";"Céu Claro";"Simples";"Reta";"Não";3;0;2;0;1;0;2;2;-15,679162;-55,930019;"SPRF-MT";"DEL02-MT";"UOP02-DEL01-MT"
163670;2018-09-02;"domingo";"01:00:00";"MS";267;394,2;"MARACAJU";"Animais na Pista";"Atropelamento de Animal";"Com Vítimas Feridas";"Plena Noite";"Crescente";"Nublado";"Simples";"Reta";"Não";2;0;2;0;0;0;2;1;-21,61594098;-55,4019928;"SPRF-MS";"DEL05-MS";"UOP01-DEL05-MS"
163671;2018-10-06;"sábado";"09:55:00";"RN";101;99,1;"NATAL";"Sinalização da via insuficiente ou inadequada";"Colisão lateral";"Com Vítimas Feridas";"Pleno dia";"Crescente";"Sol";"Múltipla";"Interseção de Vias";"Sim";2;0;1;0;1;0;1;2;-5,87199266;-35,21982908;"SPRF-RN";"DEL01-RN";"UOP01-DEL01-RN"
163672;2018-10-06;"sábado";"10:10:00";"RJ";40;118;"DUQUE DE CAXIAS";"Falta de Atenção à Condução";"Colisão lateral";"Com Vítimas Feridas";"Pleno dia";"Crescente";"Céu Claro";"Múltipla";"Reta";"Não";2;0;1;0;1;0;1;2;-22,7646;-43,2866;"SPRF-RJ";"DEL01-RJ";"UOP01-DEL01-RJ"
163673;2018-10-06;"sábado";"08:00:00";"RS";472;177,6;"SANTA ROSA";"Falta de Atenção à Condução";"Colisão transversal";"Com Vítimas Feridas";"Pleno dia";"Crescente";"Céu Claro";"Simples";"Reta";"Sim";2;0;0;2;0;0;2;2;-27,85288845;-54,53920662;"SPRF-RS";"DEL10-RS";"UOP01-DEL10-RS"
163674;2018-10-06;"sábado";"10:00:00";"SP";116;227,2;"SAO PAULO";"Desobediência às normas de trânsito pelo pedestre";"Tombamento";"Com Vítimas Feridas";"Pleno dia";"Crescente";"Nublado";"Múltipla";"Reta";"Sim";1;0;0;1;0;0;1;1;-23,49986233;-46,5621829;"SPRF-SP";"DEL01-SP";"UOP01-DEL01-SP"
163682;2018-10-06;"sábado";"10:00:00";"BA";324;560;"SAO SEBASTIAO DO PASSE";"Falta de Atenção à Condução";"Queda de ocupante de veículo";"Com Vítimas Feridas";"Pleno dia";"Decrescente";"Céu Claro";"Dupla";"Declive";"Não";2;0;1;0;1;0;1;2;-12,4821688;-38,68148804;"SPRF-BA";"DEL01-BA";"UOP01-DEL01-BA"
163683;2018-10-06;"sábado";"08:00:00";"AC";364;136;"RIO BRANCO";"Falta de Atenção à Condução";"Colisão lateral";"Com Vítimas Feridas";"Pleno dia";"Crescente";"Sol";"Dupla";"Rotatória";"Sim";3;0;1;0;2;0;1;2;-9,97716662;-67,84887845;"SPRF-AC";"DEL01-AC";"UOP01-DEL01-AC"
163684;2018-10-06;"sábado";"10:20:00";"MG";116;423;"ALPERCATA";"Falta de Atenção à Condução";"Colisão lateral";"Com Vítimas Feridas";"Pleno dia";"Crescente";"Céu Claro";"Simples";"Interseção de Vias";"Sim";5;0;2;0;2;1;2;3;-18,9163435;-41,9412789;"SPRF-MG";"DEL06-MG";"UOP01-DEL06-MG"
163686;2018-10-06;"sábado";"11:05:00";"SC";101;417;"ARARANGUA";"Falta de Atenção à Condução";"Colisão traseira";"Sem Vítimas";"Pleno dia";"Decrescente";"Nublado";"Dupla";"Interseção de Vias";"Sim";2;0;0;0;2;0;0;2;-28,97191598;-49,52783519;"SPRF-SC";"DEL02-SC";"UOP02-DEL02-SC"
163687;2018-10-06;"sábado";"10:30:00";"CE";116;2;"FORTALEZA";"Mal Súbito";"Colisão com objeto estático";"Sem Vítimas";"Pleno dia";"Crescente";"Sol";"Múltipla";"Reta";"Sim";1;0;0;0;1;0;0;1;-3,76892623;-38,51748168;"SPRF-CE";"DEL01-CE";"UOP02-DEL01-CE"
163689;2018-10-05;"sexta-feira";"22:45:00";"MA";222;664;"ACAILANDIA";"Ingestão de Álcool";"Colisão frontal";"Com Vítimas Feridas";"Plena Noite";"Crescente";"Céu Claro";"Múltipla";"Reta";"Sim";3;0;0;1;0;2;1;2;-4,9126837;-47,4151055;"SPRF-MA";"DEL04-MA";"UOP03-DEL04-MA"
163690;2018-10-06;"sábado";"11:16:00";"PR";116;117;"CURITIBA";"Desobediência às normas de trânsito pelo condutor";"Colisão traseira";"Com Vítimas Feridas";"Pleno dia";"Crescente";"Nublado";"Dupla";"Reta";"Sim";3;0;1;1;1;0;2;2;-25,56181012;-49,30819446;"SPRF-PR";"DEL01-PR";"UOP07-DEL01-PR"
163692;2018-10-06;"sábado";"11:45:00";"RS";101;38;"TRES FORQUILHAS";"Objeto estático sobre o leito carroçável";"Colisão com objeto estático";"Com Vítimas Feridas";"Pleno dia";"Decrescente";"Nublado";"Dupla";"Reta";"Sim";2;0;2;0;0;0;2;1;-29,53164499;-49,99259949;"SPRF-RS";"DEL03-RS";"DEL9/3-UOP03/RS"
163693;2018-10-06;"sábado";"10:05:00";"RJ";101;174,5;"MACAE";"Falta de Atenção à Condução";"Saída de leito carroçável";"Sem Vítimas";"Pleno dia";"Crescente";"Nublado";"Simples";"Reta";"Não";1;0;0;0;1;0;0;1;-22,375032;-41,960388;"SPRF-RJ";"DEL02-RJ";"UOP04-DEL08-RJ"
163694;2018-10-06;"sábado";"09:47:00";"RR";174;405;"IRACEMA";"Falta de Atenção à Condução";"Capotamento";"Com Vítimas Feridas";"Pleno dia";"Decrescente";"Céu Claro";"Simples";"Curva";"Não";1;0;1;0;0;0;1;1;2;-61;"SPRF-RR";"DEL01-RR";"UOP01-DEL01-RR"
163695;2018-10-06;"sábado";"11:55:00";"SP";116;230,5;"SAO PAULO";"Defeito Mecânico no Veículo";"Queda de ocupante de veículo";"Com Vítimas Feridas";"Pleno dia";"Decrescente";"Céu Claro";"Múltipla";"Reta";"Sim";2;0;0;2;0;0;2;1;-23,5212418;-46,5840295;"SPRF-SP";"DEL01-SP";"UOP01-DEL01-SP"
163696;2018-10-06;"sábado";"11:50:00";"PR";116;94,8;"SAO JOSE DOS PINHAIS";"Ingestão de Álcool";"Queda de ocupante de veículo";"Com Vítimas Feridas";"Pleno dia";"Decrescente";"Nublado";"Dupla";"Declive;Reta";"Não";1;0;0;1;0;0;1;1;-25,489584;-49,112045;"SPRF-PR";"DEL01-PR";"UOP01-DEL01-PR"
163697;2018-10-06;"sábado";"10:40:00";"PR";369;370;"CAMPO MOURAO";"Falta de Atenção à Condução";"Saída de leito carroçável";"Com Vítimas Feridas";"Pleno dia";"Decrescente";"Céu Claro";"Simples";"Curva";"Não";3;0;1;2;0;0;3;1;-24,1418;-52,4522;"SPRF-PR";"DEL04-PR";"UOP03-DEL09-PR"
163699;2018-10-06;"sábado";"12:30:00";"PR";376;651;"TIJUCAS DO SUL";"Velocidade Incompatível";"Saída de leito carroçável";"Com Vítimas Feridas";"Pleno dia";"Decrescente";"Chuva";"Dupla";"Curva";"Não";1;0;1;0;0;0;1;1;-25,84624714;-49,07524109;"SPRF-PR";"DEL01-PR";"DEL7/1-UOP08/PR"
163702;2018-10-06;"sábado";"11:40:00";"CE";116;23,3;"ITAITINGA";"Defeito Mecânico no Veículo";"Saída de leito carroçável";"Sem Vítimas";"Pleno dia";"Decrescente";"Céu Claro";"Dupla";"Reta";"Sim";2;0;0;0;2;0;0;1;-3,9618;-38,5152;"SPRF-CE";"DEL01-CE";"UOP02-DEL01-CE"
163703;2018-10-06;"sábado";"13:30:00";"ES";101;262,2;"SERRA";"Falta de Atenção à Condução";"Atropelamento de Pedestre";"Com Vítimas Feridas";"Pleno dia";"Crescente";"Nublado";"Dupla";"Reta";"Sim";2;0;1;1;0;0;2;2;-20,1589494;-40,27624428;"SPRF-ES";"DEL02-ES";"UOP01-DEL02-ES"
163704;2018-10-06;"sábado";"12:30:00";"MA";230;404;"BALSAS";"Desobediência às normas de trânsito pelo condutor";"Colisão transversal";"Com Vítimas Feridas";"Pleno dia";"Decrescente";"Céu Claro";"Simples";"Curva";"Não";2;0;1;0;1;0;1;2;-7,52384121;-46,04214013;"SPRF-MA";"DEL05-MA";"UOP01-DEL05-MA"
163705;2018-10-06;"sábado";"13:00:00";"RJ";116;165;"RIO DE JANEIRO";"Falta de Atenção à Condução";"Colisão traseira";"Com Vítimas Feridas";"Pleno dia";"Crescente";"Nublado";"Múltipla";"Reta";"Sim";2;0;1;0;1;0;1;2;-22,815485;-43,290874;"SPRF-RJ";"DEL01-RJ";"UOP02-DEL01-RJ"