"id";"data_inversa";"dia_semana";"horario";"uf";"br";"km";"municipio";"causa_acidente";"tipo_acidente";"classificacao_acidente";"fase_dia";"sentido_via";"condicao_metereologica";"tipo_pista";"tracado_via";"uso_solo";"pessoas";"mortos";"feridos_leves";"feridos_graves";"ilesos";"ignorados";"feridos";"veiculos";"latitude";"longitude";"regional";"delegacia";"uop"
163706;2018-10-06;"sábado";"14:10:00";"BA";324;517;"FEIRA DE SANTANA";"Desobediência às normas de trânsito pelo condutor";"Colisão frontal";"Com Vítimas Feridas";"Pleno dia";"Crescente";"Sol";"Simples";"Interseção de Vias";"Sim";3;0;2;0;1;0;2;2;-12,25697948;-38,93191516;"SPRF-BA";"DEL02-BA";"UOP01-DEL02-BA"
163707;2018-10-06;"sábado";"14:00:00";"GO";60;179;"ABADIA DE GOIAS";"Falta de Atenção à Condução";"Colisão com objeto estático";"Com Vítimas Feridas";"Pleno dia";"Decrescente";"Sol";"Dupla";"Curva";"Não";2;0;2;0;0;0;2;1;-16,7638;-49,466;"SPRF-GO";"DEL01-GO";"UOP02-DEL01-GO"
163708;2018-05-28;"segunda-feira";"22:05:00";"SP";153;212,2;"GUAIMBE";"Animais na Pista";"Atropelamento de Animal";"Sem Vítimas";"Plena Noite";"Crescente";"Céu Claro";"Simples";"Reta";"Não";1;0;0;0;1;0;0;1;-21,926348;-49,917645;"SPRF-SP";"DEL07-SP";"UOP02-DEL07-SP"
163709;2018-10-06;"sábado";"13:45:00";"GO";20;162;"ALVORADA DO NORTE";"Defeito Mecânico no Veículo";"Saída de leito carroçável";"Com Vítimas Feridas";"Pleno dia";"Crescente";"Céu Claro";"Simples";"Reta";"Não";3;0;1;0;2;0;1;1;-14,60318;-46,599838;"SPRF-DF";"DEL02-DF";"UOP03-DEL02-DF"
163711;2018-10-06;"sábado";"12:50:00";"PR";476;164,2;"ARAUCARIA";"Falta de Atenção à Condução";"Colisão lateral";"Com Vítimas Feridas";"Pleno dia";"Crescente";"Chuva";"Simples";"Reta";"Não";2;0;0;1;1;0;1;2;-25,637207;-49,46769;"SPRF-PR";"DEL01-PR";"UOP06-DEL01-PR"
163712;2018-10-06;"sábado";"12:15:00";"MG";381;449,1;"SANTA LUZIA";"Não guardar distância de segurança";"Colisão lateral";"Com Vítimas Feridas";"Pleno dia";"Decrescente";"Sol";"Simples";"Reta";"Não";3;0;2;0;1;0;2;2;-19,8238808;-43,81690979;"SPRF-MG";"DEL01-MG";"UOP01-DEL01-MG"
163713;2018-10-06;"sábado";"13:45:00";"SC";101;132,5;"BALNEARIO CAMBORIU";"Falta de Atenção do Pedestre";"Atropelamento de Pedestre";"Com Vítimas Feridas";"Pleno dia";"Decrescente";"Sol";"Dupla";"Reta";"Sim";2;0;0;1;1;0;1;2;-26,99736998;-48,65176749;"SPRF-SC";"DEL04-SC";"UOP03-DEL04-SC"
163714;2018-10-06;"sábado";"10:40:00";"SC";116;168,3;"PONTE ALTA DO NORTE";"Velocidade Incompatível";"Saída de leito carroçável";"Com Vítimas Feridas";"Pleno dia";"Crescente";"Nublado";"Simples";"Curva";"Não";1;0;0;1;0;0;1;1;-27,17738539;-50,46363831;"SPRF-SC";"DEL05-SC";"UOP03-DEL05-SC"
163715;2018-10-06;"sábado";"14:30:00";"GO";153;557,8;"PROFESSOR JAMIL";"Defeito Mecânico no Veículo";"Saída de leito carroçável";"Com Vítimas Feridas";"Pleno dia";"Crescente";"Garoa/Chuvisco";"Dupla";"Reta";"Não";2;0;0;2;0;0;2;1;-17,2013;-49,2083;"SPRF-GO";"DEL03-GO";"UOP01-DEL03-GO"
163717;2018-10-06;"sábado";"14:40:00";"RS";158;331,8;"SANTA MARIA";"Desobediência às normas de trânsito pelo condutor";"Colisão transversal";"Com Vítimas Feridas";"Pleno dia";"Crescente";"Sol";"Simples";"Interseção de Vias";"Sim";2;0;1;0;1;0;1;2;-29,70707719;-53,85229256;"SPRF-RS";"DEL09-RS";"UOP01-DEL09-RS"
163719;2018-10-06;"sábado";"14:50:00";"MG";116;706,1;"MURIAE";"Falta de Atenção à Condução";"Colisão lateral";"Com Vítimas Feridas";"Pleno dia";"Decrescente";"Céu Claro";"Simples";"Reta;Interseção de Vias";"Sim";2;0;1;0;1;0;1;2;-21,13850474;-42,38502598;"SPRF-MG";"DEL07-MG";"UOP02-DEL07-MG"
163722;2018-10-06;"sábado";"14:40:00";"GO";153;502;"GOIANIA";"Não guardar distância de segurança";"Colisão traseira";"Com Vítimas Feridas";"Pleno dia";"Crescente";"Céu Claro";"Dupla";"Reta";"Sim";2;0;0;1;1;0;1;2;-16,7287;-49,2424;"SPRF-GO";"DEL01-GO";"UOP01-DEL01-GO"
163724;2018-10-06;"sábado";"14:00:00";"MT";364;323;"CAMPO VERDE";"Pista Escorregadia";"Saída de leito carroçável";"Com Vítimas Feridas";"Pleno dia";"Crescente";"Chuva";"Dupla";"Reta";"Não";2;0;2;0;0;0;2;1;-15,81563;-55,350422;"SPRF-MT";"DEL02-MT";"UOP02-DEL05-MT"
163725;2018-10-06;"sábado";"14:22:00";"BA";110;2;"PAULO AFONSO";"Desobediência às normas de trânsito pelo condutor";"Colisão transversal";"Com Vítimas Feridas";"Pleno dia";"Crescente";"Céu Claro";"Simples";"Interseção de Vias";"Não";4;0;0;1;3;0;1;2;-9,4377;-38,2044;"SPRF-BA";"DEL07-BA";"UOP01-DEL07-BA"
163728;2018-10-06;"sábado";"14:30:00";"RJ";465;32;"NOVA IGUACU";"Não guardar distância de segurança";"Colisão traseira";"Com Vítimas Feridas";"Pleno dia";"Crescente";"Nublado";"Simples";"Reta";"Sim";3;0;1;0;2;0;1;2;-22,85228982;-43,60209006;"SPRF-RJ";"DEL03-RJ";"UOP01-DEL03-RJ"
163729;2018-10-06;"sábado";"12:40:00";"MA";222;664;"ACAILANDIA";"Ultrapassagem Indevida";"Colisão transversal";"Com Vítimas Feridas";"Pleno dia";"Crescente";"Céu Claro";"Simples";"Interseção de Vias";"Sim";3;0;2;0;1;0;2;2;-4,912791;-47,41704;"SPRF-MA";"DEL04-MA";"UOP03-DEL04-MA"
163730;2018-10-06;"sábado";"15:09:00";"SC";101;203;"SAO JOSE";"Desobediência às normas de trânsito pelo condutor";"Colisão transversal";"Com Vítimas Feridas";"Pleno dia";"Crescente";"Nublado";"Múltipla";"Interseção de Vias";"Não";4;0;3;0;1;0;3;3;-27,56322139;-48,61481577;"SPRF-SC";"DEL01-SC";"UOP01-DEL01-SC"
163733;2018-10-06;"sábado";"15:00:00";"RJ";40;122;"DUQUE DE CAXIAS";"Defeito Mecânico no Veículo";"Queda de ocupante de veículo";"Com Vítimas Feridas";"Pleno dia";"Decrescente";"Céu Claro";"Múltipla";"Reta";"Não";2;0;1;0;1;0;1;1;-22,7968;-43,2889;"SPRF-RJ";"DEL01-RJ";"UOP01-DEL01-RJ"
163735;2018-10-06;"sábado";"15:40:00";"RJ";393;217,8;"VASSOURAS";"Velocidade Incompatível";"Colisão transversal";"Com Vítimas Feridas";"Pleno dia";"Crescente";"Nublado";"Simples";"Declive";"Não";3;0;0;1;2;0;1;3;-22,32545501;-43,53536904;"SPRF-RJ";"DEL05-RJ";"UOP03-DEL05-RJ"
163736;2018-10-06;"sábado";"16:00:00";"SC";101;339;"TUBARAO";"Falta de Atenção à Condução";"Capotamento";"Com Vítimas Feridas";"Pleno dia";"Crescente";"Céu Claro";"Múltipla";"Reta";"Sim";2;0;1;0;0;1;1;2;-28,5026;-49,0474;"SPRF-SC";"DEL02-SC";"UOP01-DEL02-SC"
163737;2018-10-06;"sábado";"15:45:00";"MG";116;178;"PADRE PARAISO";"Falta de Atenção à Condução";"Colisão traseira";"Com Vítimas Feridas";"Pleno dia";"Decrescente";"Céu Claro";"Simples";"Reta";"Sim";2;0;1;0;1;0;1;2;-17,07450773;-41,48643494;"SPRF-MG";"DEL11-MG";"UOP02-DEL11-MG"
163739;2018-10-06;"sábado";"16:30:00";"PB";230;66,8;"SAO MIGUEL DE TAIPU";"Velocidade Incompatível";"Saída de leito carroçável";"Com Vítimas Feridas";"Pleno dia";"Crescente";"Céu Claro";"Dupla";"Curva;Aclive";"Não";3;0;1;2;0;0;3;1;-7,18484665;-35,19744766;"SPRF-PB";"DEL01-PB";"UOP03-DEL01-PB"
163740;2018-10-06;"sábado";"16:15:00";"SP";116;215;"GUARULHOS";"Ingestão de Álcool";"Atropelamento de Pedestre";"Com Vítimas Feridas";"Pleno dia";"Crescente";"Chuva";"Múltipla";"Reta";"Sim";2;0;0;1;0;1;1;2;-23,45132565;-46,46525323;"SPRF-SP";"DEL01-SP";"UOP01-DEL01-SP"
163741;2018-10-06;"sábado";"16:00:00";"SP";381;54,4;"MAIRIPORA";"Velocidade Incompatível";"Atropelamento de Pedestre";"Com Vítimas Fatais";"Pleno dia";"Decrescente";"Chuva";"Dupla";"Declive;Curva";"Não";4;1;2;1;0;0;3;2;-23,24908161;-46,59262524;"SPRF-SP";"DEL03-SP";"UOP01-DEL03-SP"
163744;2018-10-06;"sábado";"16:50:00";"RJ";493;26;"MAGE";"Falta de Atenção à Condução";"Colisão traseira";"Sem Vítimas";"Pleno dia";"Crescente";"Garoa/Chuvisco";"Dupla";"Reta";"Não";3;0;0;0;3;0;0;2;-22,65667;-43,088413;"SPRF-RJ";"DEL04-RJ";"UOP02-DEL04-RJ"
163745;2018-10-06;"sábado";"16:50:00";"PR";376;162;"MARINGA";"Desobediência às normas de trânsito pelo condutor";"Queda de ocupante de veículo";"Com Vítimas Feridas";"Pleno dia";"Crescente";"Céu Claro";"Dupla";"Reta";"Sim";2;0;1;0;1;0;1;1;-23,352516;-52,09127;"SPRF-PR";"DEL07-PR";"UOP01-DEL09-PR"
163746;2018-10-06;"sábado";"17:05:00";"PE";232;5,5;"RECIFE";"Falta de Atenção à Condução";"Colisão traseira";"Com Vítimas Feridas";"Pleno dia";"Decrescente";"Sol";"Dupla";"Reta";"Sim";5;0;2;0;3;0;2;3;-8,07094881;-34,95346215;"SPRF-PE";"DEL01-PE";"UOP01-DEL01-PE"
163747;2018-10-06;"sábado";"16:15:00";"BA";242;798;"BARREIRAS";"Ingestão de Álcool";"Colisão traseira";"Com Vítimas Feridas";"Pleno dia";"Decrescente";"Sol";"Simples";"Reta";"Não";7;0;1;0;3;3;1;2;-12,11873;-45,056718;"SPRF-BA";"DEL10-BA";"UOP01-DEL10-BA"
163749;2018-10-06;"sábado";"17:00:00";"SC";470;171;"POUSO REDONDO";"Ingestão de Álcool";"Capotamento";"Com Vítimas Feridas";"Pleno dia";"Crescente";"Nublado";"Simples";"Reta";"Não";1;0;1;0;0;0;1;1;-27,2633568;-49,8964482;"SPRF-SC";"DEL04-SC";"UOP02-DEL04-SC"
163750;2018-10-06;"sábado";"16:55:00";"SC";470;58,5;"BLUMENAU";"Falta de Atenção à Condução";"Colisão traseira";"Com Vítimas Feridas";"Pleno dia";"Crescente";"Céu Claro";"Simples";"Reta";"Não";3;0;2;0;1;0;2;2;-26,884089;-49,150121;"SPRF-SC";"DEL04-SC";"UOP01-DEL04-SC"
163751;2018-10-06;"sábado";"17:20:00";"RJ";116;191;"QUEIMADOS";"Defeito Mecânico no Veículo";"Queda de ocupante de veículo";"Com Vítimas Feridas";"Pleno dia";"Decrescente";"Nublado";"Múltipla";"Reta";"Não";2;0;1;0;0;1;1;2;-22,73103111;-43,55987585;"SPRF-RJ";"DEL01-RJ";"UOP03-DEL01-RJ"
163753;2018-10-06;"sábado";"11:30:00";"MG";40;656,3;"CRISTIANO OTONI";"Velocidade Incompatível";"Colisão com objeto estático";"Com Vítimas Feridas";"Pleno dia";"Decrescente";"Nublado";"Dupla";"Curva;Declive";"Não";4;0;3;1;0;0;4;1;-20,87939811;-43,80068511;"SPRF-MG";"DEL05-MG";"UOP02-DEL05-MG"
163755;2018-10-06;"sábado";"17:50:00";"MG";381;803;"SAO GONCALO DO SAPUCAI";"Velocidade Incompatível";"Saída de leito carroçável";"Com Vítimas Feridas";"Anoitecer";"Crescente";"Chuva";"Dupla";"Curva";"Não";3;0;1;0;2;0;1;1;-21,95385753;-45,62375844;"SPRF-MG";"DEL16-MG";"UOP02-DEL16-MG"
163756;2018-10-06;"sábado";"18:13:00";"SP";116;191,6;"SANTA ISABEL";"Pista Escorregadia";"Atropelamento de Pedestre";"Com Vítimas Feridas";"Plena Noite";"Decrescente";"Chuva";"Dupla";"Curva";"Não";3;0;2;0;1;0;2;2;-23,39331218;-46,28560759;"SPRF-SP";"DEL02-SP";"UOP01-DEL02-SP"
163757;2018-10-06;"sábado";"17:00:00";"MT";163;1062;"GUARANTA DO NORTE";"Ingestão de Álcool";"Colisão traseira";"Com Vítimas Feridas";"Plena Noite";"Decrescente";"Chuva";"Simples";"Reta";"Não";3;0;2;0;1;0;2;2;-9,97924823;-54,90587667;"SPRF-MT";"DEL06-MT";"UOP02-DEL06-MT"
163759;2018-10-06;"sábado";"18:13:00";"TO";153;665,4;"GURUPI";"Falta de Atenção à Condução";"Colisão transversal";"Com Vítimas Feridas";"Anoitecer";"Decrescente";"Céu Claro";"Simples";"Interseção de Vias";"Não";2;0;1;0;1;0;1;2;-11,68864856;-49,06974792;"SPRF-TO";"DEL02-TO";"UOP02-DEL01-TO"
163760;2018-10-06;"sábado";"18:00:00";"RJ";101;62;"CAMPOS DOS GOYTACAZES";"Ingestão de Álcool";"Colisão traseira";"Sem Vítimas";"Anoitecer";"Decrescente";"Céu Claro";"Dupla";"Reta";"Sim";2;0;0;0;2;0;0;2;-21,734707;-41,325024;"SPRF-RJ";"DEL08-RJ";"UOP01-DEL08-RJ"
163761;2018-10-06;"sábado";"18:25:00";"CE";222;5,4;"CAUCAIA";"Falta de Atenção do Pedestre";"Atropelamento de Pedestre";"Com Vítimas Feridas";"Plena Noite";"Crescente";"Céu Claro";"Dupla";"Reta";"Sim";2;0;0;1;1;0;1;2;-3,74332868;-38,61707211;"SPRF-CE";"DEL01-CE";"UOP01-DEL01-CE"
163762;2018-10-06;"sábado";"17:50:00";"RJ";116;194;"QUEIMADOS";"Avarias e/ou desgaste excessivo no pneu";"Queda de ocupante de veículo";"Com Vítimas Feridas";"Anoitecer";"Crescente";"Nublado";"Múltipla";"Reta";"Sim";2;0;0;2;0;0;2;1;-22,72972192;-43,57416666;"SPRF-RJ";"DEL01-RJ";"UOP03-DEL01-RJ"
163763;2018-10-06;"sábado";"12:45:00";"MG";262;706,1;"ARAXA";"Falta de Atenção à Condução";"Saída de leito carroçável";"Com Vítimas Feridas";"Pleno dia";"Crescente";"Nublado";"Simples";"Reta";"Não";1;0;0;1;0;0;1;1;-19,565762;-46,980324;"SPRF-MG";"DEL08-MG";"UOP01-DEL08-MG"
163764;2018-10-06;"sábado";"16:00:00";"MG";262;708,4;"ARAXA";"Avarias e/ou desgaste excessivo no pneu";"Saída de leito carroçável";"Com Vítimas Feridas";"Pleno dia";"Decrescente";"Nublado";"Simples";"Reta";"Não";3;0;3;0;0;0;3;1;-19,565762;-46,980324;"SPRF-MG";"DEL08-MG";"UOP01-DEL08-MG"
163765;2018-10-06;"sábado";"17:00:00";"SP";116;541;"BARRA DO TURVO";"Pista Escorregadia";"Colisão com objeto estático";"Com Vítimas Feridas";"Anoitecer";"Decrescente";"Chuva";"Dupla";"Curva";"Não";1;0;1;0;0;0;1;1;-24,9688998;-48,45771787;"SPRF-SP";"DEL05-SP";"UOP02-DEL05-SP"
163766;2018-10-06;"sábado";"17:15:00";"CE";20;418;"MARACANAU";"Falta de Atenção à Condução";"Colisão frontal";"Com Vítimas Feridas";"Anoitecer";"Crescente";"Céu Claro";"Simples";"Reta";"Sim";2;0;1;0;1;0;1;2;-3,76999;-38,670063;"SPRF-CE";"DEL01-CE";"UOP02-DEL01-CE"
163767;2018-10-06;"sábado";"18:20:00";"GO";60;64,5;"ABADIANIA";"Falta de Atenção à Condução";"Saída de leito carroçável";"Com Vítimas Feridas";"Anoitecer";"Decrescente";"Nublado";"Dupla";"Curva";"Não";3;0;0;3;0;0;3;1;-16,1993;-48,7348;"SPRF-GO";"DEL02-GO";"UOP01-DEL02-GO"
163769;2018-10-06;"sábado";"18:30:00";"RS";116;249;"SAO LEOPOLDO";"Falta de Atenção à Condução";"Colisão com objeto estático";"Com Vítimas Feridas";"Anoitecer";"Decrescente";"Céu Claro";"Múltipla";"Reta";"Sim";3;0;1;1;1;0;2;2;-29,78172679;-51,1593014;"SPRF-RS";"DEL01-RS";"UOP02-DEL01-RS"
163770;2018-10-06;"sábado";"18:25:00";"GO";20;178;"ALVORADA DO NORTE";"Falta de Atenção à Condução";"Colisão transversal";"Com Vítimas Feridas";"Plena Noite";"Crescente";"Céu Claro";"Simples";"Reta";"Sim";2;0;1;0;1;0;1;2;-14,491601;-46,504112;"SPRF-DF";"DEL02-DF";"UOP03-DEL02-DF"
163773;2018-10-06;"sábado";"18:30:00";"MS";163;260,5;"DOURADOS";"Falta de Atenção à Condução";"Capotamento";"Com Vítimas Feridas";"Plena Noite";"Crescente";"Céu Claro";"Dupla";"Curva";"Sim";1;0;0;1;0;0;1;1;-22,241026;-54,769227;"SPRF-MS";"DEL04-MS";"UOP01-DEL04-MS"
163775;2018-10-06;"sábado";"19:00:00";"RS";290;89;"PORTO ALEGRE";"Ingestão de Substâncias Psicoativas";"Saída de leito carroçável";"Sem Vítimas";"Plena Noite";"Crescente";"Céu Claro";"Dupla";"Reta";"Não";1;0;0;0;1;0;0;1;-29,9676502;-51,14869838;"SPRF-RS";"DEL01-RS";"UOP01-DEL01-RS"
163776;2018-10-06;"sábado";"07:10:00";"MG";381;128;"BELO ORIENTE";"Falta de Atenção à Condução";"Atropelamento de Pedestre";"Com Vítimas Feridas";"Pleno dia";"Decrescente";"Sol";"Simples";"Reta";"Não";2;0;0;1;1;0;1;2;-19,24912238;-42,33870173;"SPRF-MG";"N/A";"N/A"
163777;2018-10-06;"sábado";"18:00:00";"BA";324;614;"SALVADOR";"Falta de Atenção do Pedestre";"Atropelamento de Pedestre";"Com Vítimas Fatais";"Plena Noite";"Decrescente";"Céu Claro";"Dupla";"Reta";"Sim";2;1;0;1;0;0;1;2;-12,87238835;-38,42725754;"SPRF-BA";"DEL01-BA";"UOP01-DEL01-BA"
163778;2018-10-06;"sábado";"17:00:00";"MG";262;585;"CAMPOS ALTOS";"Velocidade Incompatível";"Saída de leito carroçável";"Sem Vítimas";"Pleno dia";"Crescente";"Chuva";"Simples";"Reta;Aclive";"Não";1;0;0;0;1;0;0;1;-19,66295692;-46,10824585;"SPRF-MG";"DEL08-MG";"UOP02-DEL08-MG"
163779;2018-10-06;"sábado";"14:50:00";"RS";472;475,7;"ITAQUI";"Defeito Mecânico no Veículo";"Saída de leito carroçável";"Com Vítimas Feridas";"Pleno dia";"Crescente";"Céu Claro";"Simples";"Reta";"Não";2;0;1;0;1;0;1;1;-29,16700198;-56,45359039;"SPRF-RS";"DEL12-RS";"UOP01-DEL12-RS"
163780;2018-10-06;"sábado";"18:25:00";"PE";232;331;"CUSTODIA";"Falta de Atenção à Condução";"Colisão transversal";"Com Vítimas Fatais";"Plena Noite";"Crescente";"Vento";"Simples";"Reta";"Sim";2;1;0;0;1;0;0;2;-8,088689;-37,627972;"SPRF-PE";"DEL03-PE";"UOP02-DEL03-PE"
163781;2018-10-06;"sábado";"19:40:00";"GO";40;4;"VALPARAISO DE GOIAS";"Falta de Atenção do Pedestre";"Atropelamento de Pedestre";"Com Vítimas Feridas";"Plena Noite";"Decrescente";"Nublado";"Dupla";"Reta";"Sim";4;0;1;0;3;0;1;2;-16,082585;-47,986514;"SPRF-DF";"DEL01-DF";"UOP01-DEL01-DF"
163782;2018-10-06;"sábado";"19:00:00";"SC";282;225,4;"LAGES";"Falta de Atenção à Condução";"Colisão transversal";"Com Vítimas Feridas";"Plena Noite";"Crescente";"Nublado";"Simples";"Reta";"Não";6;0;1;0;5;0;1;2;-27,794176;-50,379559;"SPRF-SC";"DEL05-SC";"UOP02-DEL05-SC"
163785;2018-10-06;"sábado";"19:27:00";"PR";369;189,3;"ARAPONGAS";"Falta de Atenção à Condução";"Saída de leito carroçável";"Com Vítimas Feridas";"Plena Noite";"Crescente";"Nublado";"Dupla";"Reta";"Não";4;0;3;0;1;0;3;1;-23,4455158;-51,42324449;"SPRF-PR";"DEL07-PR";"UOP03-DEL07-PR"
163788;2018-10-06;"sábado";"20:00:00";"BA";324;618;"SALVADOR";"Falta de Atenção à Condução";"Colisão com objeto estático";"Com Vítimas Feridas";"Plena Noite";"Decrescente";"Céu Claro";"Múltipla";"Reta";"Não";3;0;1;0;2;0;1;1;-12,892385;-38,4464;"SPRF-BA";"DEL01-BA";"UOP01-DEL01-BA"
163791;2018-10-06;"sábado";"16:45:00";"RJ";101;429;"MANGARATIBA";"Pista Escorregadia";"Capotamento";"Com Vítimas Feridas";"Pleno dia";"Decrescente";"Chuva";"Simples";"Curva";"Não";2;0;0;1;1;0;1;1;-22,9342074;-43,98569584;"SPRF-RJ";"DEL03-RJ";"UOP01-DEL03-RJ"
163794;2018-10-06;"sábado";"19:50:00";"SC";101;300;"LAGUNA";"Desobediência às normas de trânsito pelo condutor";"Colisão transversal";"Com Vítimas Feridas";"Plena Noite";"Crescente";"Nublado";"Simples";"Interseção de Vias";"Sim";3;0;1;0;2;0;1;2;-28,36024542;-48,74876809;"SPRF-SC";"DEL02-SC";"UOP03-DEL02-SC"
163795;2018-10-06;"sábado";"19:10:00";"MG";40;280,9;"TRES MARIAS";"Falta de Atenção à Condução";"Colisão traseira";"Sem Vítimas";"Plena Noite";"Crescente";"Nublado";"Simples";"Reta";"Sim";2;0;0;0;2;0;0;2;-18,23509;-45,213764;"SPRF-MG";"DEL14-MG";"UOP02-DEL14-MG"
163797;2018-10-06;"sábado";"19:05:00";"SC";470;38,7;"GASPAR";"Falta de Atenção à Condução";"Saída de leito carroçável";"Com Vítimas Feridas";"Plena Noite";"Decrescente";"Céu Claro";"Simples";"Em Obras";"Não";1;0;0;1;0;0;1;1;-26,899496;-48,984722;"SPRF-SC";"DEL04-SC";"UOP01-DEL04-SC"
163798;2018-10-06;"sábado";"20:40:00";"MG";381;933,2;"EXTREMA";"Pista Escorregadia";"Saída de leito carroçável";"Com Vítimas Feridas";"Plena Noite";"Crescente";"Garoa/Chuvisco";"Dupla";"Curva";"Não";3;0;2;0;1;0;2;1;-22,8021;-46,2602;"SPRF-MG";"DEL16-MG";"UOP03-DEL16-MG"
163799;2018-10-06;"sábado";"19:55:00";"RO";364;237,2;"CACOAL";"Falta de Atenção à Condução";"Colisão com objeto estático";"Com Vítimas Feridas";"Plena Noite";"Decrescente";"Céu Claro";"Simples";"Reta";"Sim";1;0;0;1;0;0;1;1;-11,443406;-61,446743;"SPRF-RO";"DEL02-RO";"UOP02-DEL02-RO"
163800;2018-10-06;"sábado";"20:30:00";"DF";60;14;"BRASILIA";"Ingestão de Álcool";"Atropelamento de Pedestre";"Com Vítimas Fatais";"Plena Noite";"Decrescente";"Nublado";"Dupla";"Reta";"Sim";2;1;0;0;1;0;0;2;-15,93749859;-48,16998969;"SPRF-DF";"DEL01-DF";"UOP01-DEL03-DF"
163801;2018-10-06;"sábado";"19:40:00";"PI";316;0,8;"TERESINA";"Falta de Atenção à Condução";"Colisão transversal";"Com Vítimas Feridas";"Plena Noite";"Crescente";"Céu Claro";"Simples";"Interseção de Vias";"Sim";2;0;1;0;1;0;1;2;-5,131168;-42,81564;"SPRF-PI";"DEL01-PI";"UOP02-DEL01-PI"
163802;2018-10-06;"sábado";"14:30:00";"BA";101;107;"ALAGOINHAS";"Desobediência às normas de trânsito pelo condutor";"Colisão transversal";"Com Vítimas Feridas";"Pleno dia";"Crescente";"Céu Claro";"Simples";"Interseção de Vias";"Sim";2;0;2;0;0;0;2;2;-12,1438;-38,3922;"SPRF-BA";"DEL01-BA";"UOP04-DEL01-BA"
163803;2018-10-06;"sábado";"20:10:00";"PB";230;158;"CAMPINA GRANDE";"Deficiência ou não Acionamento do Sistema de Iluminação/Sinalização do Veículo";"Colisão frontal";"Com Vítimas Feridas";"Plena Noite";"Decrescente";"Céu Claro";"Simples";"Reta";"Não";3;0;0;3;0;0;3;2;-7,267004;-35,916538;"SPRF-PB";"DEL02-PB";"UOP01-DEL02-PB"
163804;2018-10-06;"sábado";"15:30:00";"RO";319;60;"PORTO VELHO";"Falta de Atenção à Condução";"Colisão traseira";"Com Vítimas Feridas";"Pleno dia";"Decrescente";"Céu Claro";"Dupla";"Retorno Regulamentado";"Sim";2;0;1;0;1;0;1;2;-8,74079738;-63,89445662;"SPRF-RO";"DEL01-RO";"UOP01-DEL01-RO"
163805;2018-10-06;"sábado";"21:20:00";"RJ";356;173,6;"SAO JOAO DA BARRA";"Desobediência às normas de trânsito pelo condutor";"Colisão transversal";"Com Vítimas Feridas";"Plena Noite";"Crescente";"Garoa/Chuvisco";"Simples";"Reta";"Não";2;0;1;0;1;0;1;2;-21,71837;-41,06856;"SPRF-RJ";"DEL08-RJ";"UOP02-DEL08-RJ"
163806;2018-10-06;"sábado";"20:40:00";"CE";116;15,1;"ITAITINGA";"Falta de Atenção à Condução";"Colisão traseira";"Com Vítimas Feridas";"Plena Noite";"Crescente";"Céu Claro";"Dupla";"Reta";"Sim";2;0;1;0;0;1;1;2;-3,89028742;-38,50227356;"SPRF-CE";"DEL01-CE";"UOP02-DEL01-CE"
163809;2018-10-06;"sábado";"21:30:00";"SC";101;199,9;"SAO JOSE";"Desobediência às normas de trânsito pelo condutor";"Colisão transversal";"Sem Vítimas";"Plena Noite";"Decrescente";"Nublado";"Múltipla";"Interseção de Vias";"Sim";2;0;0;0;2;0;0;2;-27,539;-48,623;"SPRF-SC";"DEL01-SC";"UOP01-DEL01-SC"
163810;2018-10-06;"sábado";"20:45:00";"BA";407;3,3;"JUAZEIRO";"Desobediência às normas de trânsito pelo condutor";"Colisão frontal";"Com Vítimas Feridas";"Plena Noite";"Crescente";"Céu Claro";"Simples";"Reta";"Sim";2;0;0;1;1;0;1;2;-9,431397;-40,498207;"SPRF-PE";"DEL06-PE";"UOP01-DEL06-PE"
163814;2018-10-06;"sábado";"19:30:00";"RO";364;684;"CANDEIAS DO JAMARI";"Falta de Atenção à Condução";"Colisão traseira";"Com Vítimas Feridas";"Plena Noite";"Crescente";"Céu Claro";"Simples";"Reta";"Não";6;0;1;0;5;0;1;2;-8,790665;-63,635042;"SPRF-RO";"DEL01-RO";"UOP01-DEL01-RO"
163815;2018-10-06;"sábado";"19:50:00";"RO";364;709;"PORTO VELHO";"Falta de Atenção à Condução";"Queda de ocupante de veículo";"Com Vítimas Feridas";"Plena Noite";"Crescente";"Nublado";"Dupla";"Reta";"Não";1;0;0;1;0;0;1;1;-8,78953123;-63,85122478;"SPRF-RO";"DEL01-RO";"UOP01-DEL01-RO"
163816;2018-10-06;"sábado";"22:00:00";"SE";235;3,1;"ARACAJU";"Desobediência às normas de trânsito pelo condutor";"Colisão transversal";"Com Vítimas Feridas";"Plena Noite";"Crescente";"Céu Claro";"Dupla";"Interseção de Vias";"Sim";3;0;1;0;1;1;1;2;-10,90544841;-37,11025536;"SPRF-SE";"DEL01-SE";"UOP01-DEL01-SE"
163818;2018-10-06;"sábado";"20:50:00";"RJ";40;101;"DUQUE DE CAXIAS";"Pista Escorregadia";"Colisão frontal";"Com Vítimas Feridas";"Plena Noite";"Decrescente";"Chuva";"Simples";"Reta";"Sim";3;0;1;0;2;0;1;2;-22,60462993;-43,29021099;"SPRF-RJ";"DEL06-RJ";"UOP01-DEL06-RJ"