"id";"data_inversa";"dia_semana";"horario";"uf";"br";"km";"municipio";"causa_acidente";"tipo_acidente";"classificacao_acidente";"fase_dia";"sentido_via";"condicao_metereologica";"tipo_pista";"tracado_via";"uso_solo";"pessoas";"mortos";"feridos_leves";"feridos_graves";"ilesos";"ignorados";"feridos";"veiculos";"latitude";"longitude";"regional";"delegacia";"uop"
163819;2018-10-06;"sábado";"19:30:00";"SC";470;220;"SAO CRISTOVAO DO SUL";"Ultrapassagem Indevida";"Saída de leito carroçável";"Com Vítimas Fatais";"Plena Noite";"Crescente";"Garoa/Chuvisco";"Simples";"Reta";"Não";2;1;0;1;0;0;1;1;-27,30943889;-50,3095293;"SPRF-SC";"DEL05-SC";"UOP03-DEL05-SC"
163820;2018-10-06;"sábado";"19:30:00";"RJ";101;448;"MANGARATIBA";"Pista Escorregadia";"Colisão lateral";"Com Vítimas Feridas";"Plena Noite";"Decrescente";"Chuva";"Simples";"Reta";"Não";2;0;1;0;1;0;1;2;-22,97072173;-44,08547401;"SPRF-RJ";"DEL03-RJ";"UOP03-DEL03-RJ"
163821;2018-10-06;"sábado";"22:30:00";"RS";116;252,5;"SAPUCAIA DO SUL";"Falta de Atenção à Condução";"Colisão transversal";"Com Vítimas Feridas";"Plena Noite";"Decrescente";"Céu Claro";"Múltipla";"Reta";"Sim";2;0;1;0;1;0;1;2;-29,81327024;-51,16851747;"SPRF-RS";"DEL01-RS";"UOP02-DEL01-RS"
163822;2018-10-06;"sábado";"18:30:00";"RS";287;444;"UNISTALDA";"Falta de Atenção à Condução";"Colisão transversal";"Com Vítimas Feridas";"Anoitecer";"Decrescente";"Nublado";"Simples";"Reta";"Não";2;0;0;1;1;0;1;2;-29,0407127;-55,24784088;"SPRF-RS";"DEL12-RS";"UOP02-DEL12-RS"
163823;2018-10-06;"sábado";"22:55:00";"RN";101;108;"PARNAMIRIM";"Animais na Pista";"Atropelamento de Animal";"Com Vítimas Feridas";"Plena Noite";"Crescente";"Ignorado";"Múltipla";"Reta";"Sim";1;0;1;0;0;0;1;1;-5,92823;-35,264656;"SPRF-RN";"DEL01-RN";"UOP01-DEL01-RN"
163825;2018-10-06;"sábado";"23:00:00";"PB";230;9;"CABEDELO";"Ingestão de Álcool";"Colisão traseira";"Sem Vítimas";"Plena Noite";"Crescente";"Céu Claro";"Dupla";"Retorno Regulamentado";"Sim";3;0;0;0;3;0;0;2;-7,0433;-34,8466;"SPRF-PB";"DEL01-PB";"UOP01-DEL01-PB"
163826;2018-10-06;"sábado";"22:30:00";"RJ";493;19;"MAGE";"Ingestão de Álcool";"Colisão traseira";"Com Vítimas Feridas";"Plena Noite";"Crescente";"Garoa/Chuvisco";"Simples";"Ponte";"Sim";3;0;2;0;1;0;2;2;-22,666194;-43,027874;"SPRF-RJ";"DEL04-RJ";"UOP02-DEL04-RJ"
163827;2018-10-06;"sábado";"22:20:00";"MG";116;712,4;"MURIAE";"Falta de Atenção à Condução";"Saída de leito carroçável";"Com Vítimas Feridas";"Plena Noite";"Crescente";"Garoa/Chuvisco";"Simples";"Curva;Aclive";"Não";2;0;2;0;0;0;2;1;-21,18011842;-42,37325382;"SPRF-MG";"DEL07-MG";"UOP02-DEL07-MG"
163828;2018-10-06;"sábado";"23:10:00";"ES";101;284,2;"CARIACICA";"Pista Escorregadia";"Saída de leito carroçável";"Com Vítimas Feridas";"Pleno dia";"Decrescente";"Chuva";"Dupla";"Reta";"Não";1;0;1;0;0;0;1;1;-20,26416983;-40,38314581;"SPRF-ES";"DEL01-ES";"UOP01-DEL01-ES"
163829;2018-10-06;"sábado";"21:40:00";"RO";319;61;"PORTO VELHO";"Falta de Atenção à Condução";"Colisão transversal";"Com Vítimas Feridas";"Plena Noite";"Crescente";"Céu Claro";"Múltipla";"Reta";"Sim";2;0;0;1;1;0;1;2;-8,74652362;-63,88888836;"SPRF-RO";"DEL01-RO";"UOP01-DEL01-RO"
163830;2018-10-06;"sábado";"22:40:00";"SP";116;53,7;"LORENA";"Falta de Atenção à Condução";"Colisão com objeto estático";"Com Vítimas Feridas";"Plena Noite";"Crescente";"Nublado";"Dupla";"Reta";"Não";2;0;1;0;1;0;1;2;-22,752562;-45,107422;"SPRF-SP";"DEL08-SP";"UOP01-DEL08-SP"
163832;2018-10-06;"sábado";"22:20:00";"SC";101;413,6;"ARARANGUA";"Desobediência às normas de trânsito pelo condutor";"Colisão traseira";"Sem Vítimas";"Plena Noite";"Decrescente";"Nublado";"Dupla";"Reta";"Não";2;0;0;0;2;0;0;2;-28,94009187;-49,52335054;"SPRF-SC";"DEL02-SC";"UOP02-DEL02-SC"
163834;2018-10-06;"sábado";"22:50:00";"RJ";101;74;"CAMPOS DOS GOYTACAZES";"Falta de Atenção do Pedestre";"Atropelamento de Pedestre";"Com Vítimas Feridas";"Plena Noite";"Decrescente";"Chuva";"Simples";"Reta";"Não";2;0;1;0;0;1;1;2;-21,807232;-41,397343;"SPRF-RJ";"DEL08-RJ";"UOP02-DEL08-RJ"
163835;2018-10-06;"sábado";"22:30:00";"MG";153;4;"ARAPORA";"Ingestão de Álcool";"Queda de ocupante de veículo";"Com Vítimas Feridas";"Plena Noite";"Crescente";"Céu Claro";"Dupla";"Reta";"Não";1;0;1;0;0;0;1;1;-18,4625;-49,188;"SPRF-MG";"DEL15-MG";"UOP03-DEL15-MG"
163838;2018-10-06;"sábado";"18:20:00";"RJ";101;406;"ITAGUAI";"Falta de Atenção à Condução";"Colisão transversal";"Com Vítimas Feridas";"Plena Noite";"Crescente";"Chuva";"Simples";"Reta";"Sim";2;0;2;0;0;0;2;2;-22,91792294;-43,81622314;"SPRF-RJ";"DEL03-RJ";"UOP01-DEL03-RJ"
163839;2018-10-06;"sábado";"21:20:00";"PI";343;443,1;"AGUA BRANCA";"Falta de Atenção à Condução";"Colisão transversal";"Com Vítimas Feridas";"Plena Noite";"Decrescente";"Nublado";"Simples";"Reta";"Sim";3;0;1;0;2;0;1;2;-5,88630435;-42,64154971;"SPRF-PI";"DEL01-PI";"UOP02-DEL01-PI"
163841;2018-10-07;"domingo";"00:10:00";"PB";230;36;"SANTA RITA";"Avarias e/ou desgaste excessivo no pneu";"Saída de leito carroçável";"Com Vítimas Feridas";"Plena Noite";"Decrescente";"Chuva";"Dupla";"Declive";"Sim";2;0;1;0;1;0;1;1;-7,125296;-34,946218;"SPRF-PB";"DEL01-PB";"UOP01-DEL01-PB"
163842;2018-10-07;"domingo";"00:50:00";"SC";470;140;"RIO DO SUL";"Falta de Atenção à Condução";"Colisão transversal";"Com Vítimas Feridas";"Plena Noite";"Crescente";"Nublado";"Simples";"Interseção de Vias";"Não";3;0;1;0;2;0;1;2;-27,1937739;-49,62388661;"SPRF-SC";"DEL04-SC";"UOP02-DEL04-SC"
163843;2018-10-06;"sábado";"22:24:00";"MA";222;672;"ACAILANDIA";"Desobediência às normas de trânsito pelo condutor";"Colisão traseira";"Com Vítimas Feridas";"Plena Noite";"Decrescente";"Céu Claro";"Simples";"Reta";"Sim";3;0;1;0;2;0;1;2;-4,94888352;-47,47913361;"SPRF-MA";"DEL04-MA";"UOP03-DEL04-MA"
163844;2018-10-06;"sábado";"23:40:00";"PR";476;278;"SAO MATEUS DO SUL";"Falta de Atenção à Condução";"Colisão lateral";"Sem Vítimas";"Plena Noite";"Decrescente";"Garoa/Chuvisco";"Simples";"Reta";"Sim";2;0;0;0;2;0;0;2;-25,8941678;-50,3759565;"SPRF-PR";"DEL02-PR";"UOP04-DEL02-PR"
163845;2018-10-06;"sábado";"22:43:00";"GO";153;382,6;"SAO FRANCISCO DE GOIAS";"Falta de Atenção à Condução";"Capotamento";"Com Vítimas Feridas";"Plena Noite";"Crescente";"Chuva";"Simples";"Curva";"Não";3;0;3;0;0;0;3;1;-15,920871;-49,215954;"SPRF-GO";"DEL02-GO";"UOP02-DEL02-GO"
163846;2018-10-06;"sábado";"19:15:00";"SC";282;597,3;"CUNHA PORA";"Ingestão de álcool e/ou substâncias psicoativas pelo pedestre";"Colisão traseira";"Com Vítimas Feridas";"Plena Noite";"Crescente";"Chuva";"Simples";"Reta";"Não";3;0;0;1;1;1;1;3;-26,82843;-53,14134;"SPRF-SC";"DEL07-SC";"UOP02-DEL07-SC"
163847;2018-08-03;"sexta-feira";"11:40:00";"MA";135;248;"CAPINZAL DO NORTE";"Falta de Atenção à Condução";"Saída de leito carroçável";"Sem Vítimas";"Pleno dia";"Crescente";"Céu Claro";"Simples";"Reta";"Não";16;0;0;0;16;0;0;1;-4,55817;-44,347373;"SPRF-MA";"DEL03-MA";"UOP01-DEL03-MA"
163848;2018-10-07;"domingo";"01:10:00";"RS";392;351,7;"SANTA MARIA";"Desobediência às normas de trânsito pelo condutor";"Colisão traseira";"Com Vítimas Feridas";"Plena Noite";"Decrescente";"Céu Claro";"Simples";"Reta";"Sim";2;0;1;0;0;1;1;2;-29,728384;-53,803284;"SPRF-RS";"DEL09-RS";"UOP01-DEL09-RS"
163850;2018-10-07;"domingo";"00:50:00";"PI";230;308,4;"FLORIANO";"Ingestão de Álcool";"Colisão frontal";"Com Vítimas Fatais";"Plena Noite";"Decrescente";"Céu Claro";"Simples";"Reta";"Sim";2;1;0;0;1;0;0;2;-6,815137;-42,94023514;"SPRF-PI";"DEL03-PI";"UOP01-DEL03-PI"
163851;2018-10-06;"sábado";"22:50:00";"PR";467;82;"CASCAVEL";"Animais na Pista";"Colisão traseira";"Com Vítimas Feridas";"Pleno dia";"Decrescente";"Céu Claro";"Dupla";"Curva";"Não";2;0;1;0;1;0;1;2;-24,77853282;-53,67935479;"SPRF-PR";"DEL04-PR";"UOP01-DEL04-PR"
163854;2018-10-07;"domingo";"01:15:00";"PB";230;506;"CAJAZEIRAS";"Condutor Dormindo";"Tombamento";"Com Vítimas Feridas";"Plena Noite";"Decrescente";"Céu Claro";"Simples";"Reta";"Sim";1;0;1;0;0;0;1;1;-6,90086487;-38,55445862;"SPRF-PB";"DEL03-PB";"UOP03-DEL03-PB"
163857;2018-10-07;"domingo";"00:10:00";"MG";153;7;"ARAPORA";"Fenômenos da Natureza";"Saída de leito carroçável";"Sem Vítimas";"Plena Noite";"Crescente";"Chuva";"Dupla";"Reta";"Não";1;0;0;0;1;0;0;1;-18,4733;-49,188419;"SPRF-MG";"DEL15-MG";"UOP03-DEL15-MG"
163858;2018-10-07;"domingo";"00:05:00";"MS";163;258,3;"DOURADOS";"Velocidade Incompatível";"Tombamento";"Com Vítimas Feridas";"Plena Noite";"Decrescente";"Ignorado";"Múltipla";"Interseção de Vias";"Sim";4;0;0;1;3;0;1;2;-22,25772295;-54,78191435;"SPRF-MS";"DEL04-MS";"UOP01-DEL04-MS"
163859;2018-10-07;"domingo";"01:50:00";"SP";116;226;"GUARULHOS";"Condutor Dormindo";"Queda de ocupante de veículo";"Com Vítimas Feridas";"Plena Noite";"Decrescente";"Céu Claro";"Múltipla";"Reta";"Sim";1;0;0;1;0;0;1;1;-23,49391581;-46,55274676;"SPRF-SP";"DEL01-SP";"UOP01-DEL01-SP"
163860;2018-10-07;"domingo";"01:00:00";"MT";70;520;"CUIABA";"Ingestão de Álcool";"Colisão com objeto estático";"Sem Vítimas";"Plena Noite";"Crescente";"Nublado";"Dupla";"Interseção de Vias;Reta";"Sim";1;0;0;0;1;0;0;1;-15,650426;-55,998444;"SPRF-MT";"DEL01-MT";"DEL2/4-UOP02/MT"
163861;2018-10-07;"domingo";"02:30:00";"SC";101;151,9;"ITAPEMA";"Falta de Atenção à Condução";"Saída de leito carroçável";"Sem Vítimas";"Plena Noite";"Decrescente";"Chuva";"Dupla";"Reta";"Sim";1;0;0;0;0;1;0;1;-27,13571659;-48,6097759;"SPRF-SC";"DEL04-SC";"UOP03-DEL04-SC"
163863;2018-10-07;"domingo";"02:45:00";"GO";40;125,2;"CRISTALINA";"Defeito Mecânico no Veículo";"Incêndio";"Sem Vítimas";"Plena Noite";"Decrescente";"Nublado";"Dupla";"Reta";"Não";1;0;0;0;1;0;0;1;-16,88176083;-47,37184525;"SPRF-DF";"DEL01-DF";"UOP02-DEL01-DF"
163864;2018-10-07;"domingo";"02:50:00";"PR";277;723;"FOZ DO IGUACU";"Ingestão de Álcool";"Saída de leito carroçável";"Com Vítimas Feridas";"Plena Noite";"Decrescente";"Ignorado";"Dupla";"Reta";"Não";1;0;1;0;0;0;1;1;-25,498783;-54,529865;"SPRF-PR";"DEL05-PR";"UOP01-DEL05-PR"
163866;2018-10-07;"domingo";"02:45:00";"ES";101;267,9;"SERRA";"Desobediência às normas de trânsito pelo condutor";"Colisão transversal";"Com Vítimas Feridas";"Plena Noite";"Decrescente";"Chuva";"Dupla";"Interseção de Vias;Reta";"Sim";2;0;0;1;0;1;1;2;-20,20590395;-40,26932359;"SPRF-ES";"DEL02-ES";"UOP01-DEL02-ES"
163868;2018-10-07;"domingo";"03:05:00";"SC";101;199,1;"SAO JOSE";"Ingestão de Álcool";"Saída de leito carroçável";"Sem Vítimas";"Plena Noite";"Decrescente";"Garoa/Chuvisco";"Múltipla";"Reta";"Sim";1;0;0;0;1;0;0;1;-27,53452085;-48,62945616;"SPRF-SC";"DEL01-SC";"UOP01-DEL01-SC"
163869;2018-10-07;"domingo";"03:10:00";"PR";376;177,5;"MARINGA";"Pista Escorregadia";"Queda de ocupante de veículo";"Com Vítimas Feridas";"Plena Noite";"Decrescente";"Céu Claro";"Dupla";"Interseção de Vias;Reta";"Sim";1;0;1;0;0;0;1;1;-23,41488;-51,925755;"SPRF-PR";"DEL07-PR";"UOP01-DEL09-PR"
163870;2018-10-07;"domingo";"00:00:00";"RO";319;61;"PORTO VELHO";"Ingestão de Álcool";"Colisão transversal";"Com Vítimas Feridas";"Pleno dia";"Decrescente";"Céu Claro";"Dupla";"Interseção de Vias";"Sim";5;0;3;0;0;2;3;3;-8,744495;-63,889212;"SPRF-RO";"DEL01-RO";"UOP01-DEL01-RO"
163872;2018-10-07;"domingo";"03:55:00";"PE";232;14,2;"JABOATAO DOS GUARARAPES";"Carga excessiva e/ou mal acondicionada";"Capotamento";"Com Vítimas Feridas";"Amanhecer";"Crescente";"Céu Claro";"Dupla";"Reta";"Sim";1;0;1;0;0;0;1;1;-8,09037702;-35,02200868;"SPRF-PE";"DEL01-PE";"UOP01-DEL01-PE"
163873;2018-10-07;"domingo";"03:40:00";"DF";80;23;"BRASILIA";"Falta de Atenção à Condução";"Colisão lateral";"Com Vítimas Feridas";"Plena Noite";"Crescente";"Chuva";"Simples";"Reta";"Não";4;0;2;0;1;1;2;2;-15,63047606;-48,19993973;"SPRF-DF";"DEL01-DF";"UOP02-DEL03-DF"
163874;2018-10-07;"domingo";"03:45:00";"ES";101;0,3;"SERRA";"Falta de Atenção à Condução";"Colisão traseira";"Com Vítimas Feridas";"Plena Noite";"Crescente";"Chuva";"Múltipla";"Reta";"Sim";3;0;2;0;1;0;2;2;-20,23668377;-40,27735829;"SPRF-ES";"DEL02-ES";"UOP01-DEL02-ES"
163875;2018-10-07;"domingo";"02:45:00";"SP";116;299,5;"SAO LOURENCO DA SERRA";"Condutor Dormindo";"Saída de leito carroçável";"Com Vítimas Feridas";"Plena Noite";"Decrescente";"Garoa/Chuvisco";"Dupla";"Curva";"Não";1;0;1;0;0;0;1;1;-23,79695846;-46,91443473;"SPRF-SP";"DEL04-SP";"UOP01-DEL04-SP"
163878;2018-10-07;"domingo";"03:30:00";"MT";163;803;"SINOP";"Falta de Atenção à Condução";"Saída de leito carroçável";"Sem Vítimas";"Plena Noite";"Decrescente";"Nublado";"Simples";"Reta";"Não";2;0;0;0;0;2;0;1;-12,143019;-55,514257;"SPRF-MT";"DEL06-MT";"UOP01-DEL06-MT"
163879;2018-10-07;"domingo";"04:40:00";"RN";405;3,8;"MOSSORO";"Ingestão de Álcool";"Saída de leito carroçável";"Com Vítimas Feridas";"Amanhecer";"Crescente";"Céu Claro";"Simples";"Reta";"Sim";2;0;1;1;0;0;2;1;-5,193866;-37,380531;"SPRF-RN";"DEL04-RN";"UOP02-DEL04-RN"
163881;2018-10-07;"domingo";"04:40:00";"MG";381;500,5;"BETIM";"Ingestão de Álcool";"Colisão com objeto estático";"Com Vítimas Feridas";"Plena Noite";"Crescente";"Chuva";"Dupla";"Reta";"Sim";2;0;1;0;1;0;1;1;-20,00628818;-44,21500325;"SPRF-MG";"DEL01-MG";"UOP03-DEL01-MG"
163882;2018-10-07;"domingo";"04:40:00";"GO";153;504;"APARECIDA DE GOIANIA";"Ingestão de Álcool";"Colisão com objeto estático";"Com Vítimas Feridas";"Plena Noite";"Decrescente";"Ignorado";"Dupla";"Reta";"Sim";2;0;2;0;0;0;2;1;-16,7451;-49,2408;"SPRF-GO";"DEL01-GO";"UOP01-DEL01-GO"
163883;2018-10-07;"domingo";"04:40:00";"MG";50;53;"ARAGUARI";"Pista Escorregadia";"Saída de leito carroçável";"Sem Vítimas";"Plena Noite";"Decrescente";"Chuva";"Dupla";"Curva";"Não";1;0;0;0;1;0;0;1;-18,79826131;-48,23656368;"SPRF-MG";"DEL15-MG";"UOP02-DEL15-MG"
163884;2018-10-07;"domingo";"04:55:00";"SC";470;142;"RIO DO SUL";"Falta de Atenção à Condução";"Colisão transversal";"Sem Vítimas";"Amanhecer";"Decrescente";"Ignorado";"Simples";"Curva";"Sim";2;0;0;0;0;2;0;2;-27,229801;-49,6693;"SPRF-SC";"DEL04-SC";"UOP02-DEL04-SC"
163885;2018-10-07;"domingo";"04:30:00";"ES";101;202;"JOAO NEIVA";"Falta de Atenção à Condução";"Saída de leito carroçável";"Sem Vítimas";"Amanhecer";"Crescente";"Chuva";"Simples";"Ponte";"Não";1;0;0;0;0;1;0;1;-19,73859196;-40,36411285;"SPRF-ES";"DEL04-ES";"UOP01-DEL04-ES"
163886;2018-10-07;"domingo";"03:55:00";"SP";116;107,2;"TAUBATE";"Falta de Atenção à Condução";"Colisão com objeto estático";"Com Vítimas Feridas";"Plena Noite";"Decrescente";"Céu Claro";"Dupla";"Reta";"Sim";1;0;0;1;0;0;1;1;-23,01795;-45,530148;"SPRF-SP";"DEL06-SP";"UOP01-DEL06-SP"
163887;2018-10-07;"domingo";"04:55:00";"RS";470;224;"GARIBALDI";"Falta de Atenção à Condução";"Saída de leito carroçável";"Com Vítimas Feridas";"Plena Noite";"Crescente";"Céu Claro";"Simples";"Reta;Aclive";"Não";6;0;5;0;1;0;5;1;-29,236061;-51,517209;"SPRF-RS";"DEL06-RS";"UOP01-DEL06-RS"
163888;2018-10-07;"domingo";"05:30:00";"GO";60;91;"ANAPOLIS";"Ingestão de Álcool";"Tombamento";"Com Vítimas Feridas";"Amanhecer";"Crescente";"Chuva";"Dupla";"Reta";"Sim";1;0;0;1;0;0;1;1;-16,3491;-48,9095;"SPRF-GO";"DEL02-GO";"UOP01-DEL02-GO"
163889;2018-10-07;"domingo";"05:15:00";"RS";116;253,9;"SAPUCAIA DO SUL";"Falta de Atenção à Condução";"Capotamento";"Sem Vítimas";"Amanhecer";"Crescente";"Céu Claro";"Múltipla";"Reta";"Sim";1;0;0;0;1;0;0;1;-29,82536174;-51,17234766;"SPRF-RS";"DEL01-RS";"UOP02-DEL01-RS"
163890;2018-10-07;"domingo";"05:00:00";"SP";116;275,5;"EMBU DAS ARTES";"Falta de Atenção à Condução";"Colisão com objeto estático";"Com Vítimas Feridas";"Plena Noite";"Crescente";"Nublado";"Dupla";"Curva";"Sim";1;0;1;0;0;0;1;1;-23,61977454;-46,81069493;"SPRF-SP";"DEL04-SP";"UOP01-DEL04-SP"
163891;2018-10-07;"domingo";"05:45:00";"MG";40;276,2;"TRES MARIAS";"Ingestão de Álcool";"Saída de leito carroçável";"Com Vítimas Feridas";"Pleno dia";"Decrescente";"Céu Claro";"Simples";"Reta";"Sim";4;0;2;2;0;0;4;1;-18,206104;-45,231159;"SPRF-MG";"DEL14-MG";"UOP02-DEL14-MG"
163892;2018-10-07;"domingo";"04:40:00";"SP";116;102,5;"PINDAMONHANGABA";"Avarias e/ou desgaste excessivo no pneu";"Tombamento";"Com Vítimas Feridas";"Plena Noite";"Crescente";"Nublado";"Dupla";"Reta";"Não";2;0;1;0;1;0;1;1;-22,994991;-45,489536;"SPRF-SP";"DEL06-SP";"UOP01-DEL06-SP"
163893;2018-10-07;"domingo";"05:00:00";"MT";174;13,2;"PONTES E LACERDA";"Ingestão de Álcool";"Saída de leito carroçável";"Com Vítimas Fatais";"Amanhecer";"Crescente";"Céu Claro";"Simples";"Curva;Declive";"Não";7;1;0;6;0;0;6;1;-15,20137392;-59,40753937;"SPRF-MT";"DEL04-MT";"UOP01-DEL04-MT"
163894;2018-10-07;"domingo";"05:50:00";"PR";153;339;"REBOUCAS";"Velocidade Incompatível";"Saída de leito carroçável";"Com Vítimas Feridas";"Amanhecer";"Decrescente";"Nublado";"Simples";"Curva";"Sim";2;0;2;0;0;0;2;1;-25,62649298;-50,72225153;"SPRF-PR";"DEL03-PR";"UOP02-DEL08-PR"
163895;2018-10-07;"domingo";"06:05:00";"MG";262;355,4;"BETIM";"Ingestão de Álcool";"Saída de leito carroçável";"Com Vítimas Feridas";"Pleno dia";"Crescente";"Chuva";"Dupla";"Curva";"Sim";3;0;3;0;0;0;3;1;-19,9826;-44,2321;"SPRF-MG";"DEL01-MG";"UOP03-DEL01-MG"
163896;2018-10-07;"domingo";"05:16:00";"MG";365;758;"ITUIUTABA";"Animais na Pista";"Capotamento";"Com Vítimas Feridas";"Amanhecer";"Decrescente";"Céu Claro";"Simples";"Reta";"Não";4;0;3;0;0;1;3;2;-18,96603909;-49,53117371;"SPRF-MG";"DEL15-MG";"UOP03-DEL15-MG"
163897;2018-10-07;"domingo";"02:00:00";"CE";222;311,9;"TIANGUA";"Desobediência às normas de trânsito pelo condutor";"Colisão transversal";"Com Vítimas Feridas";"Plena Noite";"Crescente";"Céu Claro";"Simples";"Interseção de Vias";"Sim";3;0;1;1;0;1;2;2;-3,71621885;-40,99052131;"SPRF-CE";"DEL04-CE";"UOP02-DEL04-CE"
163898;2018-10-07;"domingo";"05:20:00";"RJ";101;316;"SAO GONCALO";"Não guardar distância de segurança";"Colisão traseira";"Com Vítimas Feridas";"Amanhecer";"Decrescente";"Céu Claro";"Dupla";"Reta";"Sim";7;0;2;0;5;0;2;4;-22,828388;-43,092102;"SPRF-RJ";"DEL02-RJ";"DEL5/2-UOP04/RJ"
163900;2018-10-07;"domingo";"06:40:00";"GO";153;73,5;"PORANGATU";"Defeito na Via";"Saída de leito carroçável";"Com Vítimas Feridas";"Pleno dia";"Crescente";"Chuva";"Simples";"Reta;Interseção de Vias";"Sim";4;0;4;0;0;0;4;1;-13,475327;-49,136101;"SPRF-GO";"DEL07-GO";"UOP01-DEL07-GO"
163901;2018-10-07;"domingo";"06:30:00";"SP";116;84,1;"PINDAMONHANGABA";"Falta de Atenção à Condução";"Atropelamento de Pedestre";"Com Vítimas Feridas";"Pleno dia";"Crescente";"Céu Claro";"Dupla";"Reta";"Não";2;0;0;1;1;0;1;2;-22,917799;-45,336021;"SPRF-SP";"DEL06-SP";"UOP01-DEL06-SP"
163902;2018-10-07;"domingo";"06:50:00";"MG";381;500,5;"BETIM";"Ingestão de Álcool";"Saída de leito carroçável";"Sem Vítimas";"Pleno dia";"Decrescente";"Garoa/Chuvisco";"Dupla";"Reta";"Não";1;0;0;0;1;0;0;1;-20,00430213;-44,21299696;"SPRF-MG";"DEL01-MG";"UOP03-DEL01-MG"
163903;2018-10-07;"domingo";"05:30:00";"RJ";356;91;"CARDOSO MOREIRA";"Ingestão de Álcool";"Saída de leito carroçável";"Com Vítimas Feridas";"Amanhecer";"Crescente";"Nublado";"Simples";"Reta";"Não";1;0;1;0;0;0;1;1;-21,517906;-41,548496;"SPRF-RJ";"DEL08-RJ";"UOP03-DEL08-RJ"
163904;2018-10-07;"domingo";"06:15:00";"PR";277;698,3;"SAO MIGUEL DO IGUACU";"Pista Escorregadia";"Queda de ocupante de veículo";"Com Vítimas Feridas";"Pleno dia";"Decrescente";"Céu Claro";"Dupla";"Declive";"Não";1;0;0;1;0;0;1;1;-25,396423;-54,311722;"SPRF-PR";"DEL05-PR";"UOP01-DEL05-PR"
163906;2018-10-07;"domingo";"06:30:00";"RS";386;444;"CANOAS";"Ingestão de Álcool";"Saída de leito carroçável";"Sem Vítimas";"Amanhecer";"Decrescente";"Céu Claro";"Dupla";"Reta";"Não";1;0;0;0;1;0;0;1;-29,89107611;-51,20255202;"SPRF-RS";"DEL01-RS";"UOP01-DEL01-RS"
163908;2018-10-07;"domingo";"06:50:00";"MG";50;30,7;"ARAGUARI";"Ingestão de Álcool";"Saída de leito carroçável";"Sem Vítimas";"Pleno dia";"Decrescente";"Chuva";"Dupla";"Reta";"Não";2;0;0;0;2;0;0;1;-18,622129;-48,117219;"SPRF-MG";"DEL15-MG";"UOP02-DEL15-MG"
163909;2018-10-07;"domingo";"07:00:00";"CE";116;5;"FORTALEZA";"Velocidade Incompatível";"Colisão com objeto estático";"Sem Vítimas";"Pleno dia";"Crescente";"Garoa/Chuvisco";"Dupla";"Curva;Declive;Viaduto";"Sim";1;0;0;0;1;0;0;1;-3,7992527;-38,5071998;"SPRF-CE";"DEL01-CE";"UOP02-DEL01-CE"
163910;2018-10-07;"domingo";"07:35:00";"PR";476;122;"CURITIBA";"Condutor Dormindo";"Colisão com objeto estático";"Com Vítimas Feridas";"Pleno dia";"Decrescente";"Chuva";"Dupla";"Reta";"Sim";2;0;2;0;0;0;2;2;-25,39504078;-49,21141111;"SPRF-PR";"DEL01-PR";"UOP01-DEL01-PR"
163911;2018-10-07;"domingo";"07:25:00";"MG";40;764,3;"JUIZ DE FORA";"Avarias e/ou desgaste excessivo no pneu";"Saída de leito carroçável";"Sem Vítimas";"Pleno dia";"Crescente";"Chuva";"Simples";"Reta";"Não";1;0;0;0;1;0;0;1;-21,5815;-43,4664;"SPRF-MG";"DEL05-MG";"UOP01-DEL05-MG"
163912;2018-10-07;"domingo";"07:00:00";"MG";262;356;"BETIM";"Velocidade Incompatível";"Saída de leito carroçável";"Com Vítimas Feridas";"Pleno dia";"Crescente";"Garoa/Chuvisco";"Dupla";"Curva";"Não";1;0;1;0;0;0;1;1;-19,9843;-44,2418;"SPRF-MG";"DEL01-MG";"UOP03-DEL01-MG"
163916;2018-10-07;"domingo";"07:50:00";"RJ";116;141;"MAGE";"Não guardar distância de segurança";"Colisão transversal";"Com Vítimas Feridas";"Pleno dia";"Decrescente";"Céu Claro";"Dupla";"Reta";"Sim";3;0;1;1;0;1;2;2;-22,6919069;-43,2547184;"SPRF-RJ";"DEL04-RJ";"UOP02-DEL04-RJ"
163917;2018-10-07;"domingo";"06:30:00";"SC";470;168;"TROMBUDO CENTRAL";"Falta de Atenção à Condução";"Capotamento";"Com Vítimas Feridas";"Amanhecer";"Decrescente";"Céu Claro";"Simples";"Reta";"Não";2;0;1;0;0;1;1;1;-27,26715905;-49,8723051;"SPRF-SC";"DEL04-SC";"UOP02-DEL04-SC"
163918;2018-10-07;"domingo";"06:35:00";"SC";470;183;"POUSO REDONDO";"Pista Escorregadia";"Saída de leito carroçável";"Com Vítimas Feridas";"Amanhecer";"Decrescente";"Chuva";"Simples";"Reta";"Não";8;0;5;2;1;0;7;1;-27,25218789;-50,01371384;"SPRF-SC";"DEL04-SC";"UOP02-DEL04-SC"
163919;2018-10-07;"domingo";"07:40:00";"PI";230;182,2;"OEIRAS";"Desobediência às normas de trânsito pelo condutor";"Colisão frontal";"Com Vítimas Feridas";"Pleno dia";"Decrescente";"Sol";"Simples";"Reta";"Não";4;0;1;3;0;0;4;2;-6,97754664;-42,04364777;"SPRF-PI";"DEL04-PI";"UOP01-DEL04-PI"